timestamp,timestamp_sample,q[0],q[1],q[2],q[3],delta_q_reset[0],delta_q_reset[1],delta_q_reset[2],delta_q_reset[3],quat_reset_counter,time_sec
290856000,290856000,0.9653351,0.1808496,-0.17751898,0.06259208,0.0,0.0,0.0,0.0,0,0.0
290876000,290876000,0.9682381,0.17211555,-0.17002226,0.06318815,0.0,0.0,0.0,0.0,0,0.02
290896000,290896000,0.9711348,0.16308676,-0.16208558,0.06353979,0.0,0.0,0.0,0.0,0,0.04
290916000,290916000,0.9739945,0.15381375,-0.15373449,0.06364673,0.0,0.0,0.0,0.0,0,0.06
290936000,290936000,0.9767875,0.14433832,-0.14501262,0.0635066,0.0,0.0,0.0,0.0,0,0.08
290956000,290956000,0.9794891,0.13469554,-0.1359529,0.06311984,0.0,0.0,0.0,0.0,0,0.1
290976000,290976000,0.9820723,0.12493547,-0.12660682,0.06248941,0.0,0.0,0.0,0.0,0,0.12
290996000,290996000,0.9845181,0.11507864,-0.1170186,0.06161753,0.0,0.0,0.0,0.0,0,0.14
291016000,291016000,0.9868082,0.10516531,-0.10722522,0.0605124,0.0,0.0,0.0,0.0,0,0.16
291036000,291036000,0.9889257,0.09522026,-0.09729348,0.059178982,0.0,0.0,0.0,0.0,0,0.18
291056000,291056000,0.99085957,0.08527751,-0.08725266,0.05762939,0.0,0.0,0.0,0.0,0,0.2
291076000,291076000,0.9925977,0.075374186,-0.07717345,0.055873644,0.0,0.0,0.0,0.0,0,0.22
291096000,291096000,0.9941362,0.06552693,-0.06708631,0.05392568,0.0,0.0,0.0,0.0,0,0.24
291116000,291116000,0.9954688,0.055788226,-0.057054847,0.05180099,0.0,0.0,0.0,0.0,0,0.26
291136000,291136000,0.9965975,0.046163917,-0.04711193,0.049515523,0.0,0.0,0.0,0.0,0,0.28
291156000,291156000,0.99752337,0.03670368,-0.03730764,0.047087934,0.0,0.0,0.0,0.0,0,0.3
291176000,291176000,0.9982523,0.02741175,-0.02768787,0.044535786,0.0,0.0,0.0,0.0,0,0.32
291196000,291196000,0.9987919,0.018329596,-0.018277572,0.041879494,0.0,0.0,0.0,0.0,0,0.34
291216000,291216000,0.9991518,0.009464814,-0.009129794,0.039138045,0.0,0.0,0.0,0.0,0,0.36
291236000,291236000,0.99934393,0.0008487099,-0.00024480198,0.036331818,0.0,0.0,0.0,0.0,0,0.38
291256000,291256000,0.99938095,-0.0075140926,0.008331072,0.033480246,0.0,0.0,0.0,0.0,0,0.4
291276000,291276000,0.9992764,-0.015609283,0.016599784,0.03060302,0.0,0.0,0.0,0.0,0,0.42
291296000,291296000,0.9990448,-0.023435155,0.024517577,0.02771933,0.0,0.0,0.0,0.0,0,0.44
291316000,291316000,0.9987001,-0.030982504,0.03209265,0.024847573,0.0,0.0,0.0,0.0,0,0.46
291336000,291336000,0.9982577,-0.03823918,0.039296433,0.022006106,0.0,0.0,0.0,0.0,0,0.48
291356000,291356000,0.99773043,-0.045206837,0.046155512,0.019210484,0.0,0.0,0.0,0.0,0,0.5
291376000,291376000,0.99713314,-0.051885124,0.052640248,0.016477346,0.0,0.0,0.0,0.0,0,0.52
291396000,291396000,0.9964766,-0.05828315,0.05878435,0.013819861,0.0,0.0,0.0,0.0,0,0.54
291416000,291416000,0.995775,-0.064392164,0.06456257,0.011252494,0.0,0.0,0.0,0.0,0,0.56
291436000,291436000,0.9950377,-0.07021893,0.07000875,0.008785867,0.0,0.0,0.0,0.0,0,0.58
291456000,291456000,0.9942781,-0.07575289,0.07510258,0.0064316476,0.0,0.0,0.0,0.0,0,0.6
291476000,291476000,0.9935037,-0.080998816,0.07988193,0.004197057,0.0,0.0,0.0,0.0,0,0.62
291496000,291496000,0.99272686,-0.085954405,0.084320486,0.0020926131,0.0,0.0,0.0,0.0,0,0.64
291516000,291516000,0.9919523,-0.09062935,0.08846489,0.00012267208,0.0,0.0,0.0,0.0,0,0.66
291536000,291536000,0.9911881,-0.09503735,0.0923054,-0.0017042456,0.0,0.0,0.0,0.0,0,0.68
291556000,291556000,0.9904401,-0.09917011,0.09587182,-0.0033864044,0.0,0.0,0.0,0.0,0,0.7
291576000,291576000,0.9897156,-0.103039935,0.099150054,-0.0049174726,0.0,0.0,0.0,0.0,0,0.72
291596000,291596000,0.9890179,-0.10664281,0.10217804,-0.006298886,0.0,0.0,0.0,0.0,0,0.74
291616000,291616000,0.98835075,-0.110002466,0.10495104,-0.0075262277,0.0,0.0,0.0,0.0,0,0.76
291636000,291636000,0.98771757,-0.113103874,0.10750151,-0.008604415,0.0,0.0,0.0,0.0,0,0.78
291656000,291656000,0.9871216,-0.11596732,0.109822005,-0.009530662,0.0,0.0,0.0,0.0,0,0.8
291676000,291676000,0.98656553,-0.11858851,0.11192897,-0.010308467,0.0,0.0,0.0,0.0,0,0.82
291696000,291696000,0.98604953,-0.121000625,0.113818765,-0.010935711,0.0,0.0,0.0,0.0,0,0.84
291716000,291716000,0.98557675,-0.12319235,0.11550278,-0.01141841,0.0,0.0,0.0,0.0,0,0.86
291736000,291736000,0.9851462,-0.12517793,0.11699646,-0.011760879,0.0,0.0,0.0,0.0,0,0.88
291756000,291756000,0.98475987,-0.126951,0.118309885,-0.011969705,0.0,0.0,0.0,0.0,0,0.9
291776000,291776000,0.9844167,-0.12852696,0.11945084,-0.0120489625,0.0,0.0,0.0,0.0,0,0.92
291796000,291796000,0.98411804,-0.12989958,0.12042726,-0.012006294,0.0,0.0,0.0,0.0,0,0.94
291816000,291816000,0.98386145,-0.13108605,0.1212513,-0.011847311,0.0,0.0,0.0,0.0,0,0.96
291836000,291836000,0.9836474,-0.1320887,0.12192373,-0.01157844,0.0,0.0,0.0,0.0,0,0.98
291856000,291856000,0.98347366,-0.1329209,0.122454375,-0.011206175,0.0,0.0,0.0,0.0,0,1.0
291876000,291876000,0.9833404,-0.13357699,0.122851945,-0.01073994,0.0,0.0,0.0,0.0,0,1.02
291896000,291896000,0.9832454,-0.13406686,0.12312577,-0.010187264,0.0,0.0,0.0,0.0,0,1.04
291916000,291916000,0.98318803,-0.13439783,0.12327323,-0.009554545,0.0,0.0,0.0,0.0,0,1.06
291936000,291936000,0.98316854,-0.13456859,0.12329533,-0.008850269,0.0,0.0,0.0,0.0,0,1.08
291956000,291956000,0.98318577,-0.13458401,0.123193726,-0.008082105,0.0,0.0,0.0,0.0,0,1.1
291976000,291976000,0.9832374,-0.1344543,0.12297433,-0.007257828,0.0,0.0,0.0,0.0,0,1.12
291996000,291996000,0.98332053,-0.1341848,0.122651815,-0.0063870787,0.0,0.0,0.0,0.0,0,1.14
292016000,292016000,0.9834355,-0.13377146,0.122224584,-0.0054783775,0.0,0.0,0.0,0.0,0,1.16
292036000,292036000,0.98358196,-0.133219,0.12168705,-0.0045382567,0.0,0.0,0.0,0.0,0,1.18
292056000,292056000,0.9837586,-0.13253435,0.12103685,-0.003573136,0.0,0.0,0.0,0.0,0,1.2
292076000,292076000,0.9839623,-0.1317238,0.120288685,-0.0025917834,0.0,0.0,0.0,0.0,0,1.22
292096000,292096000,0.98419094,-0.13079797,0.1194429,-0.0016006125,0.0,0.0,0.0,0.0,0,1.24
292116000,292116000,0.98444134,-0.12977003,0.11850628,-0.0006061962,0.0,0.0,0.0,0.0,0,1.26
292136000,292136000,0.98471236,-0.12864381,0.117478766,0.00038497514,0.0,0.0,0.0,0.0,0,1.28
292156000,292156000,0.985002,-0.12742278,0.11636909,0.0013658238,0.0,0.0,0.0,0.0,0,1.3
292176000,292176000,0.98530966,-0.12610681,0.11517634,0.0023299702,0.0,0.0,0.0,0.0,0,1.32
292196000,292196000,0.98563266,-0.124709204,0.113904744,0.0032728573,0.0,0.0,0.0,0.0,0,1.34
292216000,292216000,0.98597115,-0.12322603,0.11255122,0.004188728,0.0,0.0,0.0,0.0,0,1.36
292236000,292236000,0.9863229,-0.12166557,0.11112151,0.005072798,0.0,0.0,0.0,0.0,0,1.38
292256000,292256000,0.9866875,-0.12002544,0.10961638,0.005919721,0.0,0.0,0.0,0.0,0,1.4
292276000,292276000,0.98706174,-0.118317045,0.10804642,0.0067253676,0.0,0.0,0.0,0.0,0,1.42
292296000,292296000,0.9874453,-0.11653929,0.106411606,0.0074856053,0.0,0.0,0.0,0.0,0,1.44
292316000,292316000,0.98783636,-0.11469998,0.1047148,0.008197528,0.0,0.0,0.0,0.0,0,1.46
292336000,292336000,0.9882357,-0.11280252,0.10293879,0.008860726,0.0,0.0,0.0,0.0,0,1.48
292356000,292356000,0.9886394,-0.11085482,0.10110738,0.009470266,0.0,0.0,0.0,0.0,0,1.5
292376000,292376000,0.9890472,-0.10885103,0.09922514,0.010022899,0.0,0.0,0.0,0.0,0,1.52
292396000,292396000,0.9894563,-0.10680278,0.09730325,0.010516901,0.0,0.0,0.0,0.0,0,1.54
292416000,292416000,0.9898658,-0.10470919,0.09534625,0.010950422,0.0,0.0,0.0,0.0,0,1.56
292436000,292436000,0.99027365,-0.10258364,0.09335749,0.011323463,0.0,0.0,0.0,0.0,0,1.58
292456000,292456000,0.9906802,-0.100424804,0.09133049,0.011636077,0.0,0.0,0.0,0.0,0,1.6
292476000,292476000,0.9910838,-0.09824655,0.08926537,0.01188913,0.0,0.0,0.0,0.0,0,1.62
292496000,292496000,0.9914845,-0.096043296,0.08716199,0.012082132,0.0,0.0,0.0,0.0,0,1.64
292516000,292516000,0.9918796,-0.093830675,0.08503293,0.012215448,0.0,0.0,0.0,0.0,0,1.66
292536000,292536000,0.9922689,-0.0915977,0.08288751,0.012288102,0.0,0.0,0.0,0.0,0,1.68
292556000,292556000,0.9926511,-0.089357816,0.08072603,0.0123020215,0.0,0.0,0.0,0.0,0,1.7
292576000,292576000,0.9930257,-0.087109335,0.078553945,0.012257942,0.0,0.0,0.0,0.0,0,1.72
292596000,292596000,0.9933913,-0.08486596,0.076373145,0.012158606,0.0,0.0,0.0,0.0,0,1.74
292616000,292616000,0.99374795,-0.082620144,0.074188516,0.012004951,0.0,0.0,0.0,0.0,0,1.76
292636000,292636000,0.9940955,-0.08038224,0.071990944,0.01180046,0.0,0.0,0.0,0.0,0,1.78
292656000,292656000,0.99443364,-0.07814491,0.06979201,0.011546001,0.0,0.0,0.0,0.0,0,1.8
292676000,292676000,0.99476045,-0.07592324,0.06760191,0.011244093,0.0,0.0,0.0,0.0,0,1.82
292696000,292696000,0.99507624,-0.073706806,0.065428704,0.010896204,0.0,0.0,0.0,0.0,0,1.84
292716000,292716000,0.9953815,-0.071501225,0.06326108,0.010506847,0.0,0.0,0.0,0.0,0,1.86
292736000,292736000,0.99567586,-0.06930735,0.061103392,0.010079183,0.0,0.0,0.0,0.0,0,1.88
292756000,292756000,0.9959578,-0.06714076,0.058964822,0.009616816,0.0,0.0,0.0,0.0,0,1.9
292776000,292776000,0.9962265,-0.0650055,0.056859355,0.009122246,0.0,0.0,0.0,0.0,0,1.92
292796000,292796000,0.9964804,-0.062923394,0.05479579,0.008599677,0.0,0.0,0.0,0.0,0,1.94
292816000,292816000,0.9967195,-0.060896453,0.052784603,0.00805194,0.0,0.0,0.0,0.0,0,1.96
292836000,292836000,0.9969428,-0.058940765,0.050833803,0.0074828574,0.0,0.0,0.0,0.0,0,1.98
292856000,292856000,0.99715185,-0.057048574,0.048941366,0.0068949927,0.0,0.0,0.0,0.0,0,2.0
292876000,292876000,0.9973462,-0.055228405,0.04711602,0.006291109,0.0,0.0,0.0,0.0,0,2.02
292896000,292896000,0.9975268,-0.053485036,0.045348424,0.0056749443,0.0,0.0,0.0,0.0,0,2.04
292916000,292916000,0.9976941,-0.051817216,0.043647382,0.0050488007,0.0,0.0,0.0,0.0,0,2.06
292936000,292936000,0.99784905,-0.050225616,0.04200391,0.0044159247,0.0,0.0,0.0,0.0,0,2.08
292956000,292956000,0.9979927,-0.04870234,0.040416848,0.0037786316,0.0,0.0,0.0,0.0,0,2.1
292976000,292976000,0.9981253,-0.04725385,0.038886808,0.0031393983,0.0,0.0,0.0,0.0,0,2.12
292996000,292996000,0.99824816,-0.045869198,0.03741018,0.002500509,0.0,0.0,0.0,0.0,0,2.14
293016000,293016000,0.998362,-0.04454361,0.035984017,0.0018644534,0.0,0.0,0.0,0.0,0,2.16
293036000,293036000,0.99846804,-0.04326951,0.034596186,0.0012336181,0.0,0.0,0.0,0.0,0,2.18
293056000,293056000,0.99856687,-0.042038415,0.03325322,0.0006098616,0.0,0.0,0.0,0.0,0,2.2
293076000,293076000,0.99865884,-0.040849037,0.031953204,-4.5027696e-06,0.0,0.0,0.0,0.0,0,2.22
293096000,293096000,0.99874485,-0.03969463,0.03068805,-0.0006073071,0.0,0.0,0.0,0.0,0,2.24
293116000,293116000,0.998825,-0.038583398,0.029454263,-0.0011960728,0.0,0.0,0.0,0.0,0,2.26
293136000,293136000,0.99889964,-0.03751268,0.028253656,-0.0017695526,0.0,0.0,0.0,0.0,0,2.28
293156000,293156000,0.9989692,-0.036478966,0.027083764,-0.0023258221,0.0,0.0,0.0,0.0,0,2.3
293176000,293176000,0.99903417,-0.035481237,0.025936823,-0.0028635494,0.0,0.0,0.0,0.0,0,2.32
293196000,293196000,0.99909467,-0.03451789,0.024819363,-0.0033814576,0.0,0.0,0.0,0.0,0,2.34
293216000,293216000,0.9991509,-0.033589877,0.023734264,-0.003878638,0.0,0.0,0.0,0.0,0,2.36
293236000,293236000,0.99920297,-0.03269645,0.022683334,-0.004354359,0.0,0.0,0.0,0.0,0,2.38
293256000,293256000,0.99925154,-0.031828705,0.021663334,-0.0048078927,0.0,0.0,0.0,0.0,0,2.4
293276000,293276000,0.999297,-0.030983763,0.02066821,-0.0052381507,0.0,0.0,0.0,0.0,0,2.42
293296000,293296000,0.9993396,-0.03015936,0.019699948,-0.0056443303,0.0,0.0,0.0,0.0,0,2.44
293316000,293316000,0.9993795,-0.029358989,0.018745821,-0.0060252417,0.0,0.0,0.0,0.0,0,2.46
293336000,293336000,0.9994169,-0.028582513,0.017814785,-0.006380785,0.0,0.0,0.0,0.0,0,2.48
293356000,293356000,0.9994516,-0.027825583,0.016921706,-0.006710935,0.0,0.0,0.0,0.0,0,2.5
293376000,293376000,0.99948376,-0.027090125,0.016070664,-0.007015156,0.0,0.0,0.0,0.0,0,2.52
293396000,293396000,0.9995135,-0.0263822,0.015250754,-0.007293045,0.0,0.0,0.0,0.0,0,2.54
293416000,293416000,0.9995416,-0.025692178,0.014448039,-0.007543981,0.0,0.0,0.0,0.0,0,2.56
293436000,293436000,0.9995677,-0.025026843,0.0136672305,-0.0077684633,0.0,0.0,0.0,0.0,0,2.58
293456000,293456000,0.99959224,-0.024379877,0.012906119,-0.0079668285,0.0,0.0,0.0,0.0,0,2.6
293476000,293476000,0.9996154,-0.023746133,0.012168647,-0.008138963,0.0,0.0,0.0,0.0,0,2.62
293496000,293496000,0.99963695,-0.023133473,0.011457396,-0.0082857255,0.0,0.0,0.0,0.0,0,2.64
293516000,293516000,0.99965715,-0.022537524,0.010774874,-0.008407437,0.0,0.0,0.0,0.0,0,2.66
293536000,293536000,0.9996761,-0.021956703,0.01011549,-0.008504624,0.0,0.0,0.0,0.0,0,2.68
293556000,293556000,0.99969393,-0.021392042,0.009483543,-0.008578016,0.0,0.0,0.0,0.0,0,2.7
293576000,293576000,0.99971074,-0.02084207,0.008870671,-0.008628066,0.0,0.0,0.0,0.0,0,2.72
293596000,293596000,0.99972665,-0.020304713,0.008276512,-0.0086554615,0.0,0.0,0.0,0.0,0,2.74
293616000,293616000,0.9997415,-0.019790515,0.0077082547,-0.0086609665,0.0,0.0,0.0,0.0,0,2.76
293636000,293636000,0.99975526,-0.019300502,0.007157559,-0.008645092,0.0,0.0,0.0,0.0,0,2.78
293656000,293656000,0.99976826,-0.0188291,0.006624887,-0.008608721,0.0,0.0,0.0,0.0,0,2.8
293676000,293676000,0.99978036,-0.018377455,0.006116894,-0.0085531585,0.0,0.0,0.0,0.0,0,2.82
293696000,293696000,0.99979174,-0.017945046,0.005630482,-0.008479267,0.0,0.0,0.0,0.0,0,2.84
293716000,293716000,0.99980235,-0.017531296,0.0051616095,-0.0083881235,0.0,0.0,0.0,0.0,0,2.86
293736000,293736000,0.9998124,-0.017131398,0.00471279,-0.008281165,0.0,0.0,0.0,0.0,0,2.88
293756000,293756000,0.99982184,-0.01674908,0.004279682,-0.008159046,0.0,0.0,0.0,0.0,0,2.9
293776000,293776000,0.99983054,-0.01639133,0.0038691992,-0.008023028,0.0,0.0,0.0,0.0,0,2.92
293796000,293796000,0.99983877,-0.01604406,0.0034852014,-0.007874286,0.0,0.0,0.0,0.0,0,2.94
293816000,293816000,0.9998466,-0.015704488,0.0031212703,-0.007713618,0.0,0.0,0.0,0.0,0,2.96
293836000,293836000,0.999854,-0.015377138,0.0027757399,-0.0075424616,0.0,0.0,0.0,0.0,0,2.98
293856000,293856000,0.999861,-0.015063567,0.0024465057,-0.007361754,0.0,0.0,0.0,0.0,0,3.0
293876000,293876000,0.99986756,-0.014762521,0.0021399497,-0.007172719,0.0,0.0,0.0,0.0,0,3.02
293896000,293896000,0.99987376,-0.014471634,0.0018569792,-0.006976173,0.0,0.0,0.0,0.0,0,3.04
293916000,293916000,0.99987966,-0.014190835,0.001590462,-0.0067735696,0.0,0.0,0.0,0.0,0,3.06
293936000,293936000,0.9998852,-0.013918833,0.001338524,-0.0065656137,0.0,0.0,0.0,0.0,0,3.08
293956000,293956000,0.99989045,-0.013660523,0.0011074712,-0.006353086,0.0,0.0,0.0,0.0,0,3.1
293976000,293976000,0.9998954,-0.013411781,0.0008936795,-0.006137201,0.0,0.0,0.0,0.0,0,3.12
293996000,293996000,0.99990016,-0.013160462,0.00069449085,-0.0059189564,0.0,0.0,0.0,0.0,0,3.14
294016000,294016000,0.9999048,-0.0129116615,0.0005120904,-0.005699521,0.0,0.0,0.0,0.0,0,3.16
294036000,294036000,0.9999092,-0.012670852,0.00035781023,-0.005480042,0.0,0.0,0.0,0.0,0,3.18
294056000,294056000,0.9999133,-0.012442937,0.00022501464,-0.005261416,0.0,0.0,0.0,0.0,0,3.2
294076000,294076000,0.9999172,-0.012214161,0.000101837046,-0.005044248,0.0,0.0,0.0,0.0,0,3.22
294096000,294096000,0.9999212,-0.011974027,-6.73318e-06,-0.004829398,0.0,0.0,0.0,0.0,0,3.24
294116000,294116000,0.999925,-0.011734015,-0.00010002095,-0.0046174247,0.0,0.0,0.0,0.0,0,3.26
294136000,294136000,0.9999287,-0.011499485,-0.00017796796,-0.0044090976,0.0,0.0,0.0,0.0,0,3.28
294156000,294156000,0.9999322,-0.0112668965,-0.00023773285,-0.004205689,0.0,0.0,0.0,0.0,0,3.3
294176000,294176000,0.9999357,-0.011028469,-0.0002835767,-0.004007411,0.0,0.0,0.0,0.0,0,3.32
294196000,294196000,0.9999391,-0.0107858,-0.00031407914,-0.0038149478,0.0,0.0,0.0,0.0,0,3.34
294216000,294216000,0.9999423,-0.010544523,-0.000325029,-0.0036289524,0.0,0.0,0.0,0.0,0,3.36
294236000,294236000,0.9999454,-0.010311353,-0.00031268835,-0.0034493878,0.0,0.0,0.0,0.0,0,3.38
294256000,294256000,0.9999483,-0.010082352,-0.0002829718,-0.0032769488,0.0,0.0,0.0,0.0,0,3.4
294276000,294276000,0.9999512,-0.009849274,-0.00024474168,-0.0031119431,0.0,0.0,0.0,0.0,0,3.42
294296000,294296000,0.9999539,-0.0096143745,-0.0001965502,-0.0029546886,0.0,0.0,0.0,0.0,0,3.44
294316000,294316000,0.9999566,-0.009380989,-0.00013473743,-0.0028061832,0.0,0.0,0.0,0.0,0,3.46
294336000,294336000,0.99995923,-0.009139817,-6.157842e-05,-0.0026664857,0.0,0.0,0.0,0.0,0,3.48
294356000,294356000,0.99996173,-0.00889688,2.1782253e-05,-0.0025358715,0.0,0.0,0.0,0.0,0,3.5
294376000,294376000,0.9999642,-0.008652953,0.00011783113,-0.002415094,0.0,0.0,0.0,0.0,0,3.52
294396000,294396000,0.99996644,-0.0084145665,0.00022876811,-0.0023038965,0.0,0.0,0.0,0.0,0,3.54
294416000,294416000,0.9999686,-0.008179484,0.00035684663,-0.0022027425,0.0,0.0,0.0,0.0,0,3.56
294436000,294436000,0.9999706,-0.007946874,0.00048786018,-0.0021112724,0.0,0.0,0.0,0.0,0,3.58
294456000,294456000,0.9999725,-0.007717164,0.000610204,-0.00202964,0.0,0.0,0.0,0.0,0,3.6
294476000,294476000,0.9999743,-0.007492994,0.00073603465,-0.0019578617,0.0,0.0,0.0,0.0,0,3.62
294496000,294496000,0.999976,-0.0072692567,0.0008674314,-0.0018956773,0.0,0.0,0.0,0.0,0,3.64
294516000,294516000,0.9999775,-0.0070421845,0.0010120485,-0.0018432047,0.0,0.0,0.0,0.0,0,3.66
294536000,294536000,0.999979,-0.006818078,0.0011632198,-0.0018006392,0.0,0.0,0.0,0.0,0,3.68
294556000,294556000,0.99998033,-0.006603078,0.0013072973,-0.0017677348,0.0,0.0,0.0,0.0,0,3.7
294576000,294576000,0.9999816,-0.0063898214,0.0014521352,-0.0017442277,0.0,0.0,0.0,0.0,0,3.72
294596000,294596000,0.99998266,-0.006180418,0.0016015993,-0.0017298742,0.0,0.0,0.0,0.0,0,3.74
294616000,294616000,0.9999837,-0.005966271,0.0017460793,-0.0017241646,0.0,0.0,0.0,0.0,0,3.76
294636000,294636000,0.99998474,-0.005749826,0.0018767931,-0.0017271024,0.0,0.0,0.0,0.0,0,3.78
294656000,294656000,0.99998564,-0.0055479947,0.0019949994,-0.0017382675,0.0,0.0,0.0,0.0,0,3.8
294676000,294676000,0.99998647,-0.0053521604,0.002109217,-0.0017571377,0.0,0.0,0.0,0.0,0,3.82
294696000,294696000,0.9999872,-0.005158173,0.0022140818,-0.0017829518,0.0,0.0,0.0,0.0,0,3.84
294716000,294716000,0.9999879,-0.0049686744,0.0023180342,-0.001815908,0.0,0.0,0.0,0.0,0,3.86
294736000,294736000,0.9999885,-0.0047768997,0.0024231577,-0.0018556849,0.0,0.0,0.0,0.0,0,3.88
294756000,294756000,0.9999891,-0.00457618,0.0025257287,-0.0019012869,0.0,0.0,0.0,0.0,0,3.9
294776000,294776000,0.9999896,-0.0043750103,0.002630483,-0.0019525976,0.0,0.0,0.0,0.0,0,3.92
294796000,294796000,0.99999005,-0.0041857907,0.0027331407,-0.0020089867,0.0,0.0,0.0,0.0,0,3.94
294816000,294816000,0.99999034,-0.0040120417,0.0028318902,-0.0020699927,0.0,0.0,0.0,0.0,0,3.96
294836000,294836000,0.9999906,-0.0038433545,0.002932121,-0.002135982,0.0,0.0,0.0,0.0,0,3.98
294856000,294856000,0.9999908,-0.0036694484,0.0030315479,-0.002205905,0.0,0.0,0.0,0.0,0,4.0
294876000,294876000,0.99999094,-0.003498846,0.0031283,-0.0022795543,0.0,0.0,0.0,0.0,0,4.02
294896000,294896000,0.99999106,-0.0033313795,0.0032166638,-0.0023560692,0.0,0.0,0.0,0.0,0,4.04
294916000,294916000,0.9999911,-0.0031725108,0.003304359,-0.0024352178,0.0,0.0,0.0,0.0,0,4.06
294936000,294936000,0.99999106,-0.0030128364,0.0034054439,-0.0025170634,0.0,0.0,0.0,0.0,0,4.08
294956000,294956000,0.9999909,-0.0028581296,0.003521251,-0.0026006075,0.0,0.0,0.0,0.0,0,4.1
294976000,294976000,0.9999907,-0.0027058383,0.0036336957,-0.0026852088,0.0,0.0,0.0,0.0,0,4.12
294996000,294996000,0.9999905,-0.0025491766,0.0037319318,-0.0027702078,0.0,0.0,0.0,0.0,0,4.14
295016000,295016000,0.9999903,-0.0023978683,0.0038222915,-0.0028555356,0.0,0.0,0.0,0.0,0,4.16
295036000,295036000,0.99999005,-0.0022457398,0.0039160927,-0.0029416617,0.0,0.0,0.0,0.0,0,4.18
295056000,295056000,0.9999897,-0.0021016016,0.0040134,-0.003027763,0.0,0.0,0.0,0.0,0,4.2
295076000,295076000,0.99998933,-0.0019564852,0.0041108946,-0.0031137548,0.0,0.0,0.0,0.0,0,4.22
295096000,295096000,0.9999889,-0.0018069926,0.0042091114,-0.0031993876,0.0,0.0,0.0,0.0,0,4.24
295116000,295116000,0.9999885,-0.0016643812,0.004301182,-0.0032844695,0.0,0.0,0.0,0.0,0,4.26
295136000,295136000,0.99998814,-0.0015249744,0.0043833624,-0.0033684443,0.0,0.0,0.0,0.0,0,4.28
295156000,295156000,0.99998766,-0.0013880668,0.004463066,-0.0034515113,0.0,0.0,0.0,0.0,0,4.3
295176000,295176000,0.9999872,-0.001257128,0.0045438274,-0.0035329673,0.0,0.0,0.0,0.0,0,4.32
295196000,295196000,0.9999867,-0.0011275957,0.004626943,-0.003612228,0.0,0.0,0.0,0.0,0,4.34
295216000,295216000,0.9999862,-0.0010015056,0.004709642,-0.0036896106,0.0,0.0,0.0,0.0,0,4.36
295236000,295236000,0.99998564,-0.0008840783,0.0047838064,-0.0037651174,0.0,0.0,0.0,0.0,0,4.38
295256000,295256000,0.9999852,-0.0007711112,0.0048356093,-0.0038380846,0.0,0.0,0.0,0.0,0,4.4
295276000,295276000,0.9999848,-0.0006664625,0.00487105,-0.003908327,0.0,0.0,0.0,0.0,0,4.42
295296000,295296000,0.9999845,-0.00057157077,0.004898333,-0.0039755735,0.0,0.0,0.0,0.0,0,4.44
295316000,295316000,0.99998415,-0.00048186947,0.0049208947,-0.004040244,0.0,0.0,0.0,0.0,0,4.46
295336000,295336000,0.9999838,-0.0003951731,0.0049487134,-0.0041021598,0.0,0.0,0.0,0.0,0,4.48
295356000,295356000,0.99998343,-0.00031621888,0.0049784426,-0.0041616685,0.0,0.0,0.0,0.0,0,4.5
295376000,295376000,0.99998313,-0.00024379199,0.0050033308,-0.004218414,0.0,0.0,0.0,0.0,0,4.52
295396000,295396000,0.9999828,-0.0001745509,0.0050244187,-0.0042717624,0.0,0.0,0.0,0.0,0,4.54
295416000,295416000,0.99998254,-0.00011724825,0.0050335336,-0.004321851,0.0,0.0,0.0,0.0,0,4.56
295436000,295436000,0.99998236,-7.422687e-05,0.0050272336,-0.004368571,0.0,0.0,0.0,0.0,0,4.58
295456000,295456000,0.99998224,-3.945321e-05,0.0050110044,-0.0044114874,0.0,0.0,0.0,0.0,0,4.6
295476000,295476000,0.9999822,-9.244028e-06,0.004988166,-0.0044508455,0.0,0.0,0.0,0.0,0,4.62
295496000,295496000,0.99998224,1.2417803e-05,0.004954535,-0.004486855,0.0,0.0,0.0,0.0,0,4.64
295516000,295516000,0.9999823,2.4088198e-05,0.0049083186,-0.004519847,0.0,0.0,0.0,0.0,0,4.66
295536000,295536000,0.99998236,3.771851e-05,0.004866768,-0.004549799,0.0,0.0,0.0,0.0,0,4.68
295556000,295556000,0.9999824,4.4694418e-05,0.004835241,-0.0045767487,0.0,0.0,0.0,0.0,0,4.7
295576000,295576000,0.9999824,4.6330715e-05,0.0048019886,-0.0046001356,0.0,0.0,0.0,0.0,0,4.72
295596000,295596000,0.9999826,5.13817e-05,0.0047532837,-0.004620274,0.0,0.0,0.0,0.0,0,4.74
295616000,295616000,0.9999827,5.252328e-05,0.004708446,-0.0046371953,0.0,0.0,0.0,0.0,0,4.76
295636000,295636000,0.99998283,4.6026467e-05,0.0046657785,-0.00465106,0.0,0.0,0.0,0.0,0,4.78
295656000,295656000,0.999983,3.224746e-05,0.004615198,-0.004661791,0.0,0.0,0.0,0.0,0,4.8
295676000,295676000,0.9999833,1.6727738e-05,0.004553853,-0.00466941,0.0,0.0,0.0,0.0,0,4.82
295696000,295696000,0.99998355,-6.6105777e-06,0.0044925157,-0.0046740645,0.0,0.0,0.0,0.0,0,4.84
295716000,295716000,0.9999838,-3.6555914e-05,0.004433036,-0.0046756724,0.0,0.0,0.0,0.0,0,4.86
295736000,295736000,0.9999841,-7.4450385e-05,0.004363478,-0.004674589,0.0,0.0,0.0,0.0,0,4.88
295756000,295756000,0.99998444,-0.000111004636,0.0042924504,-0.0046710973,0.0,0.0,0.0,0.0,0,4.9
295776000,295776000,0.99998474,-0.0001372779,0.004227247,-0.004665561,0.0,0.0,0.0,0.0,0,4.92
295796000,295796000,0.99998504,-0.00015738598,0.0041622003,-0.0046581756,0.0,0.0,0.0,0.0,0,4.94
295816000,295816000,0.99998534,-0.00017260529,0.0040956503,-0.00464896,0.0,0.0,0.0,0.0,0,4.96
295836000,295836000,0.99998564,-0.00018513526,0.0040288223,-0.004638168,0.0,0.0,0.0,0.0,0,4.98
295856000,295856000,0.999986,-0.00019686567,0.003963575,-0.004625645,0.0,0.0,0.0,0.0,0,5.0
295876000,295876000,0.9999863,-0.00020499103,0.003896689,-0.0046113306,0.0,0.0,0.0,0.0,0,5.02
295896000,295896000,0.99998665,-0.00020880354,0.003827094,-0.004595306,0.0,0.0,0.0,0.0,0,5.04
295916000,295916000,0.999987,-0.00021144089,0.0037512619,-0.0045778817,0.0,0.0,0.0,0.0,0,5.06
295936000,295936000,0.99998736,-0.00021040752,0.0036780562,-0.0045593334,0.0,0.0,0.0,0.0,0,5.08
295956000,295956000,0.99998766,-0.00021249417,0.003617901,-0.0045401943,0.0,0.0,0.0,0.0,0,5.1
295976000,295976000,0.99998796,-0.00021870164,0.0035597475,-0.004520812,0.0,0.0,0.0,0.0,0,5.12
295996000,295996000,0.99998826,-0.000224516,0.003500135,-0.0045014652,0.0,0.0,0.0,0.0,0,5.14
296016000,296016000,0.99998856,-0.00022708092,0.0034379985,-0.00448222,0.0,0.0,0.0,0.0,0,5.16
296036000,296036000,0.99998885,-0.00022552926,0.0033726122,-0.0044631003,0.0,0.0,0.0,0.0,0,5.18
296056000,296056000,0.9999892,-0.00022006119,0.0033042065,-0.0044439128,0.0,0.0,0.0,0.0,0,5.2
296076000,296076000,0.9999895,-0.00022093009,0.0032364342,-0.0044248137,0.0,0.0,0.0,0.0,0,5.22
296096000,296096000,0.9999898,-0.00022996089,0.0031680614,-0.0044060647,0.0,0.0,0.0,0.0,0,5.24
296116000,296116000,0.9999901,-0.00023717567,0.0031008637,-0.0043875063,0.0,0.0,0.0,0.0,0,5.26
296136000,296136000,0.9999904,-0.00024511263,0.003019968,-0.00436909,0.0,0.0,0.0,0.0,0,5.28
296156000,296156000,0.9999907,-0.00025469618,0.0029441852,-0.0043511027,0.0,0.0,0.0,0.0,0,5.3
296176000,296176000,0.999991,-0.0002639227,0.002870887,-0.0043337047,0.0,0.0,0.0,0.0,0,5.32
296196000,296196000,0.9999913,-0.00026754427,0.0027926653,-0.0043166685,0.0,0.0,0.0,0.0,0,5.34
296216000,296216000,0.9999916,-0.00026756467,0.0027109683,-0.0042998386,0.0,0.0,0.0,0.0,0,5.36
296236000,296236000,0.9999919,-0.00026302907,0.0026247697,-0.00428314,0.0,0.0,0.0,0.0,0,5.38
296256000,296256000,0.9999922,-0.0002525733,0.0025339974,-0.004266747,0.0,0.0,0.0,0.0,0,5.4
296276000,296276000,0.9999925,-0.00023078363,0.0024448936,-0.004251097,0.0,0.0,0.0,0.0,0,5.42
296296000,296296000,0.9999928,-0.00020073898,0.0023615153,-0.0042368094,0.0,0.0,0.0,0.0,0,5.44
296316000,296316000,0.999993,-0.00016973549,0.0022718855,-0.0042238184,0.0,0.0,0.0,0.0,0,5.46
296336000,296336000,0.99999326,-0.00012623149,0.0021842534,-0.004212122,0.0,0.0,0.0,0.0,0,5.48
296356000,296356000,0.9999935,-7.692829e-05,0.0020930385,-0.0042019193,0.0,0.0,0.0,0.0,0,5.5
296376000,296376000,0.99999374,-3.3332803e-05,0.0020054488,-0.0041928585,0.0,0.0,0.0,0.0,0,5.52
296396000,296396000,0.9999939,3.3207955e-06,0.0019241293,-0.0041852756,0.0,0.0,0.0,0.0,0,5.54
296416000,296416000,0.9999941,3.6463145e-05,0.0018454023,-0.004179195,0.0,0.0,0.0,0.0,0,5.56
296436000,296436000,0.9999943,6.525783e-05,0.0017704315,-0.004173649,0.0,0.0,0.0,0.0,0,5.58
296456000,296456000,0.99999446,9.6107055e-05,0.0016927922,-0.004168304,0.0,0.0,0.0,0.0,0,5.6
296476000,296476000,0.9999946,0.00013855737,0.0016188863,-0.0041638943,0.0,0.0,0.0,0.0,0,5.62
296496000,296496000,0.9999947,0.00019269531,0.0015465934,-0.0041606743,0.0,0.0,0.0,0.0,0,5.64
296516000,296516000,0.9999948,0.00024024327,0.0014651942,-0.0041584857,0.0,0.0,0.0,0.0,0,5.66
296536000,296536000,0.9999949,0.00027436958,0.0013935791,-0.0041574608,0.0,0.0,0.0,0.0,0,5.68
296556000,296556000,0.999995,0.00030137767,0.0013291617,-0.0041576596,0.0,0.0,0.0,0.0,0,5.7
296576000,296576000,0.99999505,0.00031739564,0.0012746818,-0.004158767,0.0,0.0,0.0,0.0,0,5.72
296596000,296596000,0.9999951,0.00033198402,0.0012204676,-0.0041603833,0.0,0.0,0.0,0.0,0,5.74
296616000,296616000,0.9999952,0.00034635447,0.001165009,-0.0041625723,0.0,0.0,0.0,0.0,0,5.76
296636000,296636000,0.9999952,0.00035774408,0.0011112128,-0.0041649686,0.0,0.0,0.0,0.0,0,5.78
296656000,296656000,0.99999523,0.0003716647,0.0010532801,-0.004167493,0.0,0.0,0.0,0.0,0,5.8
296676000,296676000,0.9999953,0.0003835098,0.0009959762,-0.0041706236,0.0,0.0,0.0,0.0,0,5.82
296696000,296696000,0.9999953,0.00038680388,0.0009456124,-0.004174534,0.0,0.0,0.0,0.0,0,5.84
296716000,296716000,0.99999535,0.0003794838,0.00090435677,-0.0041791,0.0,0.0,0.0,0.0,0,5.86
296736000,296736000,0.99999535,0.0003694989,0.00086401944,-0.0041837175,0.0,0.0,0.0,0.0,0,5.88
296756000,296756000,0.99999535,0.00036102257,0.00082046713,-0.004188652,0.0,0.0,0.0,0.0,0,5.9
296776000,296776000,0.9999954,0.00034770064,0.00077993097,-0.0041941246,0.0,0.0,0.0,0.0,0,5.92
296796000,296796000,0.9999954,0.0003294266,0.0007425962,-0.004200139,0.0,0.0,0.0,0.0,0,5.94
296816000,296816000,0.9999954,0.0003021769,0.0007121325,-0.0042067776,0.0,0.0,0.0,0.0,0,5.96
296836000,296836000,0.9999954,0.00026575947,0.00067888014,-0.0042130426,0.0,0.0,0.0,0.0,0,5.98
296856000,296856000,0.9999954,0.00022083636,0.00063654,-0.004219533,0.0,0.0,0.0,0.0,0,6.0
296876000,296876000,0.9999954,0.00016548835,0.0005953783,-0.0042266604,0.0,0.0,0.0,0.0,0,6.02
296896000,296896000,0.9999954,0.00010217834,0.0005551968,-0.0042345016,0.0,0.0,0.0,0.0,0,6.04
296916000,296916000,0.9999954,3.606409e-05,0.0005046454,-0.0042425594,0.0,0.0,0.0,0.0,0,6.06
296936000,296936000,0.9999954,-3.2417553e-05,0.00045381754,-0.004250696,0.0,0.0,0.0,0.0,0,6.08
296956000,296956000,0.9999954,-9.9030694e-05,0.00040230755,-0.004258837,0.0,0.0,0.0,0.0,0,6.1
296976000,296976000,0.99999535,-0.00016217535,0.0003464966,-0.004266951,0.0,0.0,0.0,0.0,0,6.12
296996000,296996000,0.99999535,-0.00022080528,0.00028481073,-0.004275021,0.0,0.0,0.0,0.0,0,6.14
297016000,297016000,0.9999953,-0.0002747961,0.00021654555,-0.004283042,0.0,0.0,0.0,0.0,0,6.16
297036000,297036000,0.9999953,-0.0003237415,0.00014133993,-0.00429101,0.0,0.0,0.0,0.0,0,6.18
297056000,297056000,0.99999523,-0.00036781258,5.915008e-05,-0.00429889,0.0,0.0,0.0,0.0,0,6.2
297076000,297076000,0.9999952,-0.00040930466,-2.760797e-05,-0.0043065157,0.0,0.0,0.0,0.0,0,6.22
297096000,297096000,0.9999951,-0.00044832035,-0.00011889406,-0.0043140226,0.0,0.0,0.0,0.0,0,6.24
297116000,297116000,0.99999505,-0.00048586645,-0.00021363523,-0.004321468,0.0,0.0,0.0,0.0,0,6.26
297136000,297136000,0.999995,-0.00052428147,-0.00030943795,-0.004328771,0.0,0.0,0.0,0.0,0,6.28
297156000,297156000,0.99999493,-0.0005596124,-0.00041005743,-0.0043359217,0.0,0.0,0.0,0.0,0,6.3
297176000,297176000,0.9999948,-0.0005873645,-0.0005099743,-0.0043425714,0.0,0.0,0.0,0.0,0,6.32
297196000,297196000,0.99999475,-0.0006099296,-0.0006014234,-0.0043489668,0.0,0.0,0.0,0.0,0,6.34
297216000,297216000,0.99999464,-0.0006269435,-0.00069270923,-0.0043550665,0.0,0.0,0.0,0.0,0,6.36
297236000,297236000,0.9999945,-0.0006380236,-0.000784599,-0.0043608295,0.0,0.0,0.0,0.0,0,6.38
297256000,297256000,0.99999446,-0.0006438316,-0.00087358675,-0.0043662493,0.0,0.0,0.0,0.0,0,6.4
297276000,297276000,0.99999434,-0.0006440148,-0.00096505706,-0.0043714917,0.0,0.0,0.0,0.0,0,6.42
297296000,297296000,0.9999942,-0.0006395629,-0.0010535128,-0.004376629,0.0,0.0,0.0,0.0,0,6.44
297316000,297316000,0.9999941,-0.0006231627,-0.0011255846,-0.0043819486,0.0,0.0,0.0,0.0,0,6.46
297336000,297336000,0.99999404,-0.0005968346,-0.0011929637,-0.0043873154,0.0,0.0,0.0,0.0,0,6.48
297356000,297356000,0.9999939,-0.00056354376,-0.0012623739,-0.0043926784,0.0,0.0,0.0,0.0,0,6.5
297376000,297376000,0.99999386,-0.00052423566,-0.0013361797,-0.0043979813,0.0,0.0,0.0,0.0,0,6.52
297396000,297396000,0.99999374,-0.00048186872,-0.0014096046,-0.004403078,0.0,0.0,0.0,0.0,0,6.54
297416000,297416000,0.9999936,-0.00043620323,-0.0014809964,-0.0044080527,0.0,0.0,0.0,0.0,0,6.56
297436000,297436000,0.99999356,-0.00039114,-0.0015501038,-0.004412486,0.0,0.0,0.0,0.0,0,6.58
297456000,297456000,0.99999344,-0.00034821985,-0.0016132834,-0.0044166576,0.0,0.0,0.0,0.0,0,6.6
297476000,297476000,0.9999933,-0.00030496327,-0.0016668867,-0.0044206195,0.0,0.0,0.0,0.0,0,6.62
297496000,297496000,0.9999932,-0.00026042454,-0.0017356228,-0.004424499,0.0,0.0,0.0,0.0,0,6.64
297516000,297516000,0.9999931,-0.00021609172,-0.0018060743,-0.004428344,0.0,0.0,0.0,0.0,0,6.66
297536000,297536000,0.99999297,-0.00016960691,-0.001861734,-0.0044320654,0.0,0.0,0.0,0.0,0,6.68
297556000,297556000,0.99999285,-0.00012529161,-0.0019169007,-0.004436089,0.0,0.0,0.0,0.0,0,6.7
297576000,297576000,0.9999927,-7.877573e-05,-0.0019878072,-0.004439927,0.0,0.0,0.0,0.0,0,6.72
297596000,297596000,0.99999255,-2.8544016e-05,-0.0020536303,-0.004443563,0.0,0.0,0.0,0.0,0,6.74
297616000,297616000,0.99999243,1.9674815e-05,-0.0021177563,-0.004446953,0.0,0.0,0.0,0.0,0,6.76
297636000,297636000,0.99999225,6.233482e-05,-0.002177496,-0.0044501456,0.0,0.0,0.0,0.0,0,6.78
297656000,297656000,0.99998343,-0.0013308473,-0.0045163454,-0.0044805566,0.0,0.0,0.0,0.0,0,6.8
297676000,297676000,0.9998875,-0.0067579555,-0.012928733,-0.0046030553,0.0,0.0,0.0,0.0,0,6.82
297696000,297696000,0.9994998,-0.016371658,-0.02678736,-0.004862567,0.0,0.0,0.0,0.0,0,6.84
297716000,297716000,0.99859816,-0.029306488,-0.04386415,-0.0052856808,0.0,0.0,0.0,0.0,0,6.86
297736000,297736000,0.9970575,-0.04456021,-0.062169198,-0.0058990982,0.0,0.0,0.0,0.0,0,6.88
297756000,297756000,0.9948461,-0.061258268,-0.08057593,-0.0067246323,0.0,0.0,0.0,0.0,0,6.9
297776000,297776000,0.9919917,-0.07868021,-0.098542124,-0.0077731484,0.0,0.0,0.0,0.0,0,6.92
297796000,297796000,0.9885814,-0.096278526,-0.11560384,-0.009058832,0.0,0.0,0.0,0.0,0,6.94
297816000,297816000,0.98473144,-0.113589354,-0.13152424,-0.010578133,0.0,0.0,0.0,0.0,0,6.96
297836000,297836000,0.9805857,-0.13022815,-0.14611483,-0.012322842,0.0,0.0,0.0,0.0,0,6.98
297856000,297856000,0.9762719,-0.1459532,-0.15936163,-0.014275083,0.0,0.0,0.0,0.0,0,7.0
297876000,297876000,0.9719142,-0.16056989,-0.17128897,-0.016410692,0.0,0.0,0.0,0.0,0,7.02
297896000,297896000,0.96761537,-0.17396738,-0.1819757,-0.018702,0.0,0.0,0.0,0.0,0,7.04
297916000,297916000,0.9634524,-0.18611091,-0.19153352,-0.021123031,0.0,0.0,0.0,0.0,0,7.06
297936000,297936000,0.9594922,-0.19698487,-0.20005383,-0.02364938,0.0,0.0,0.0,0.0,0,7.08
297956000,297956000,0.9557747,-0.20662773,-0.20765176,-0.02625875,0.0,0.0,0.0,0.0,0,7.1
297976000,297976000,0.9523311,-0.21507598,-0.21442972,-0.028927432,0.0,0.0,0.0,0.0,0,7.12
297996000,297996000,0.94916886,-0.22241087,-0.22049955,-0.031636998,0.0,0.0,0.0,0.0,0,7.14
298016000,298016000,0.9462915,-0.2287073,-0.22594914,-0.034371518,0.0,0.0,0.0,0.0,0,7.16
298036000,298036000,0.9436887,-0.23405983,-0.23086596,-0.03711735,0.0,0.0,0.0,0.0,0,7.18
298056000,298056000,0.94135636,-0.23854311,-0.23529832,-0.039865233,0.0,0.0,0.0,0.0,0,7.2
298076000,298076000,0.93927497,-0.2422479,-0.23931687,-0.04260378,0.0,0.0,0.0,0.0,0,7.22
298096000,298096000,0.9374276,-0.2452497,-0.24297565,-0.045322243,0.0,0.0,0.0,0.0,0,7.24
298116000,298116000,0.93579555,-0.24762103,-0.24632227,-0.0480101,0.0,0.0,0.0,0.0,0,7.26
298136000,298136000,0.93435866,-0.24944857,-0.249382,-0.05066619,0.0,0.0,0.0,0.0,0,7.28
298156000,298156000,0.9330923,-0.2508079,-0.25219896,-0.053281218,0.0,0.0,0.0,0.0,0,7.3
298176000,298176000,0.9319821,-0.2517633,-0.2547826,-0.05585314,0.0,0.0,0.0,0.0,0,7.32
298196000,298196000,0.9310083,-0.2523628,-0.25717497,-0.058367234,0.0,0.0,0.0,0.0,0,7.34
298216000,298216000,0.93015444,-0.25266737,-0.25938743,-0.06082087,0.0,0.0,0.0,0.0,0,7.36
298236000,298236000,0.9294082,-0.25272232,-0.2614299,-0.06320856,0.0,0.0,0.0,0.0,0,7.38
298256000,298256000,0.92875534,-0.2525723,-0.263318,-0.06552449,0.0,0.0,0.0,0.0,0,7.4
298276000,298276000,0.9281832,-0.25225395,-0.2650688,-0.06776115,0.0,0.0,0.0,0.0,0,7.42
298296000,298296000,0.92767894,-0.25179577,-0.2667072,-0.06990729,0.0,0.0,0.0,0.0,0,7.44
298316000,298316000,0.92723626,-0.25123048,-0.26822877,-0.07196244,0.0,0.0,0.0,0.0,0,7.46
298336000,298336000,0.92684954,-0.25057656,-0.2696407,-0.07392066,0.0,0.0,0.0,0.0,0,7.48
298356000,298356000,0.9265141,-0.24985263,-0.27094662,-0.07577812,0.0,0.0,0.0,0.0,0,7.5
298376000,298376000,0.9262489,-0.24904619,-0.27209473,-0.07754066,0.0,0.0,0.0,0.0,0,7.52
298396000,298396000,0.9261599,-0.24802652,-0.27283922,-0.07923703,0.0,0.0,0.0,0.0,0,7.54
298416000,298416000,0.9263696,-0.24662153,-0.2729169,-0.08088656,0.0,0.0,0.0,0.0,0,7.56
298436000,298436000,0.92694145,-0.24470836,-0.27222115,-0.08247492,0.0,0.0,0.0,0.0,0,7.58
298456000,298456000,0.92788607,-0.2422247,-0.270764,-0.08396797,0.0,0.0,0.0,0.0,0,7.6
298476000,298476000,0.9291933,-0.23914802,-0.26857984,-0.08533444,0.0,0.0,0.0,0.0,0,7.62
298496000,298496000,0.9308406,-0.23548779,-0.26570535,-0.08655051,0.0,0.0,0.0,0.0,0,7.64
298516000,298516000,0.9328,-0.23127256,-0.26216897,-0.08759972,0.0,0.0,0.0,0.0,0,7.66
298536000,298536000,0.93505096,-0.22651747,-0.25797647,-0.08846893,0.0,0.0,0.0,0.0,0,7.68
298556000,298556000,0.9375664,-0.22124375,-0.25314596,-0.08914415,0.0,0.0,0.0,0.0,0,7.7
298576000,298576000,0.9403296,-0.21545126,-0.24766798,-0.089614,0.0,0.0,0.0,0.0,0,7.72
298596000,298596000,0.943306,-0.20917074,-0.24156633,-0.08986728,0.0,0.0,0.0,0.0,0,7.74
298616000,298616000,0.9464738,-0.202401,-0.23483948,-0.08989323,0.0,0.0,0.0,0.0,0,7.76
298636000,298636000,0.94979155,-0.19518566,-0.22751735,-0.08968575,0.0,0.0,0.0,0.0,0,7.78
298656000,298656000,0.95323706,-0.18751483,-0.21959805,-0.089235924,0.0,0.0,0.0,0.0,0,7.8
298676000,298676000,0.956768,-0.1794397,-0.21110524,-0.088544615,0.0,0.0,0.0,0.0,0,7.82
298696000,298696000,0.9603603,-0.17094421,-0.20204134,-0.087604925,0.0,0.0,0.0,0.0,0,7.84
298716000,298716000,0.9639635,-0.16209927,-0.19245452,-0.086420834,0.0,0.0,0.0,0.0,0,7.86
298736000,298736000,0.96753913,-0.15290645,-0.18241377,-0.08498189,0.0,0.0,0.0,0.0,0,7.88
298756000,298756000,0.9710486,-0.14343119,-0.1719363,-0.08330169,0.0,0.0,0.0,0.0,0,7.9
298776000,298776000,0.9744618,-0.13367909,-0.16105945,-0.08138228,0.0,0.0,0.0,0.0,0,7.92
298796000,298796000,0.97774124,-0.123705275,-0.14983334,-0.07923449,0.0,0.0,0.0,0.0,0,7.94
298816000,298816000,0.9808585,-0.113515764,-0.13831834,-0.07686302,0.0,0.0,0.0,0.0,0,7.96
298836000,298836000,0.9837822,-0.10317399,-0.12656505,-0.07428427,0.0,0.0,0.0,0.0,0,7.98
298856000,298856000,0.9864883,-0.09270499,-0.11463892,-0.0715102,0.0,0.0,0.0,0.0,0,8.0
298876000,298876000,0.9889545,-0.08216664,-0.10259816,-0.06855933,0.0,0.0,0.0,0.0,0,8.02
298896000,298896000,0.9911673,-0.07157098,-0.09050272,-0.06544741,0.0,0.0,0.0,0.0,0,8.04
298916000,298916000,0.99311215,-0.060997568,-0.078410015,-0.062197864,0.0,0.0,0.0,0.0,0,8.06
298936000,298936000,0.9947847,-0.050448183,-0.0663818,-0.058829803,0.0,0.0,0.0,0.0,0,8.08
298956000,298956000,0.99617994,-0.040011514,-0.054479975,-0.055368733,0.0,0.0,0.0,0.0,0,8.1
298976000,298976000,0.9973021,-0.029687252,-0.042770855,-0.05183557,0.0,0.0,0.0,0.0,0,8.12
298996000,298996000,0.998158,-0.01953987,-0.03129388,-0.048256353,0.0,0.0,0.0,0.0,0,8.14
299016000,299016000,0.99875903,-0.009566251,-0.020099808,-0.044653565,0.0,0.0,0.0,0.0,0,8.16
299036000,299036000,0.999119,0.00016544164,-0.009222444,-0.041052334,0.0,0.0,0.0,0.0,0,8.18
299056000,299056000,0.9992545,0.009663745,0.0012814414,-0.037475783,0.0,0.0,0.0,0.0,0,8.2
299076000,299076000,0.99918455,0.01888869,0.011409536,-0.033946496,0.0,0.0,0.0,0.0,0,8.22
299096000,299096000,0.99892914,0.027833294,0.021109112,-0.030486774,0.0,0.0,0.0,0.0,0,8.24
299116000,299116000,0.99850863,0.036472287,0.030398449,-0.027115794,0.0,0.0,0.0,0.0,0,8.26
299136000,299136000,0.9979445,0.044798095,0.039243914,-0.023853183,0.0,0.0,0.0,0.0,0,8.28
299156000,299156000,0.9972562,0.052794505,0.04767433,-0.020714583,0.0,0.0,0.0,0.0,0,8.3
299176000,299176000,0.99646544,0.060459312,0.055646032,-0.017717907,0.0,0.0,0.0,0.0,0,8.32
299196000,299196000,0.9955881,0.06779519,0.06321397,-0.0148739,0.0,0.0,0.0,0.0,0,8.34
299216000,299216000,0.99464446,0.074803255,0.07033614,-0.012198205,0.0,0.0,0.0,0.0,0,8.36
299236000,299236000,0.9936487,0.08147833,0.07706249,-0.009698031,0.0,0.0,0.0,0.0,0,8.38
299256000,299256000,0.99261653,0.08784113,0.083372355,-0.007385992,0.0,0.0,0.0,0.0,0,8.4
299276000,299276000,0.99156076,0.09387342,0.08931092,-0.0052644797,0.0,0.0,0.0,0.0,0,8.42
299296000,299296000,0.9904942,0.09959827,0.094865195,-0.0033431537,0.0,0.0,0.0,0.0,0,8.44
299316000,299316000,0.9894273,0.10500429,0.100070566,-0.0016219856,0.0,0.0,0.0,0.0,0,8.46
299336000,299336000,0.9883703,0.110112965,0.10492076,-0.00010727888,0.0,0.0,0.0,0.0,0,8.48
299356000,299356000,0.9873317,0.11491819,0.10944204,0.0012023475,0.0,0.0,0.0,0.0,0,8.5
299376000,299376000,0.98631793,0.1194328,0.1136507,0.0023069833,0.0,0.0,0.0,0.0,0,8.52
299396000,299396000,0.98533714,0.12365154,0.117557876,0.0032092643,0.0,0.0,0.0,0.0,0,8.54
299416000,299416000,0.9843931,0.12759446,0.12117621,0.0039101895,0.0,0.0,0.0,0.0,0,8.56
299436000,299436000,0.98349124,0.13126105,0.12451949,0.004414604,0.0,0.0,0.0,0.0,0,8.58
299456000,299456000,0.98263496,0.13465658,0.12760441,0.0047285296,0.0,0.0,0.0,0.0,0,8.6
299476000,299476000,0.98182565,0.13778867,0.13045387,0.004859762,0.0,0.0,0.0,0.0,0,8.62
299496000,299496000,0.98106605,0.14066705,0.13307188,0.0048135836,0.0,0.0,0.0,0.0,0,8.64
299516000,299516000,0.98035747,0.14329986,0.13547103,0.0045978418,0.0,0.0,0.0,0.0,0,8.66
299536000,299536000,0.97970194,0.14569014,0.13765803,0.0042209523,0.0,0.0,0.0,0.0,0,8.68
299556000,299556000,0.97909844,0.14784706,0.13965292,0.0036929136,0.0,0.0,0.0,0.0,0,8.7
299576000,299576000,0.9785478,0.14977743,0.14145967,0.0030226144,0.0,0.0,0.0,0.0,0,8.72
299596000,299596000,0.97805107,0.15148754,0.1430798,0.0022190553,0.0,0.0,0.0,0.0,0,8.74
299616000,299616000,0.9776092,0.15298535,0.14450982,0.0012907186,0.0,0.0,0.0,0.0,0,8.76
299636000,299636000,0.9772215,0.15426907,0.14576782,0.0002510337,0.0,0.0,0.0,0.0,0,8.78
299656000,299656000,0.976886,0.15535313,0.14685875,-0.0008904571,0.0,0.0,0.0,0.0,0,8.8
299676000,299676000,0.97660273,0.15623891,0.14778735,-0.0021221666,0.0,0.0,0.0,0.0,0,8.82
299696000,299696000,0.97637,0.15693885,0.148557,-0.0034342273,0.0,0.0,0.0,0.0,0,8.84
299716000,299716000,0.97618616,0.15745345,0.14918086,-0.0048131384,0.0,0.0,0.0,0.0,0,8.86
299736000,299736000,0.9760507,0.1577904,0.14965755,-0.0062491205,0.0,0.0,0.0,0.0,0,8.88
299756000,299756000,0.9759606,0.15796009,0.14999619,-0.0077312104,0.0,0.0,0.0,0.0,0,8.9
299776000,299776000,0.97591347,0.15797055,0.15020598,-0.009248203,0.0,0.0,0.0,0.0,0,8.92
299796000,299796000,0.9759093,0.15782829,0.1502793,-0.01079193,0.0,0.0,0.0,0.0,0,8.94
299816000,299816000,0.97594666,0.15754208,0.15021685,-0.012352742,0.0,0.0,0.0,0.0,0,8.96
299836000,299836000,0.97602344,0.15712088,0.15002213,-0.013921204,0.0,0.0,0.0,0.0,0,8.98
299856000,299856000,0.97613806,0.15656653,0.14970201,-0.0154865235,0.0,0.0,0.0,0.0,0,9.0
299876000,299876000,0.9762904,0.15587445,0.14926146,-0.017037489,0.0,0.0,0.0,0.0,0,9.02
299896000,299896000,0.97647965,0.15505031,0.1486987,-0.018565798,0.0,0.0,0.0,0.0,0,9.04
299916000,299916000,0.9767061,0.15410142,0.14800146,-0.020065822,0.0,0.0,0.0,0.0,0,9.06
299936000,299936000,0.97696775,0.15302636,0.14718214,-0.021527147,0.0,0.0,0.0,0.0,0,9.08
299956000,299956000,0.977262,0.15183106,0.14625007,-0.022941621,0.0,0.0,0.0,0.0,0,9.1
299976000,299976000,0.97758627,0.15052713,0.14520738,-0.024303174,0.0,0.0,0.0,0.0,0,9.12
299996000,299996000,0.9779391,0.14912765,0.14404629,-0.025608374,0.0,0.0,0.0,0.0,0,9.14
300016000,300016000,0.97831845,0.14762963,0.14278224,-0.026848683,0.0,0.0,0.0,0.0,0,9.16
300036000,300036000,0.97872317,0.1460415,0.14140996,-0.028020626,0.0,0.0,0.0,0.0,0,9.18
300056000,300056000,0.9791493,0.14436834,0.1399491,-0.029117065,0.0,0.0,0.0,0.0,0,9.2
300076000,300076000,0.97959805,0.14260812,0.13838944,-0.030135019,0.0,0.0,0.0,0.0,0,9.22
300096000,300096000,0.98006785,0.14076686,0.13673109,-0.031071372,0.0,0.0,0.0,0.0,0,9.24
300116000,300116000,0.980558,0.13884284,0.13497671,-0.031922583,0.0,0.0,0.0,0.0,0,9.26
300136000,300136000,0.9810643,0.13684481,0.13314328,-0.03268486,0.0,0.0,0.0,0.0,0,9.28
300156000,300156000,0.9815868,0.13476638,0.1312321,-0.033355188,0.0,0.0,0.0,0.0,0,9.3
300176000,300176000,0.98212314,0.13262668,0.12923546,-0.033935435,0.0,0.0,0.0,0.0,0,9.32
300196000,300196000,0.98267156,0.13042898,0.12715723,-0.03442434,0.0,0.0,0.0,0.0,0,9.34
300216000,300216000,0.98322767,0.12818919,0.12500994,-0.034821685,0.0,0.0,0.0,0.0,0,9.36
300236000,300236000,0.9837917,0.12589727,0.12279673,-0.035125885,0.0,0.0,0.0,0.0,0,9.38
300256000,300256000,0.9843616,0.12356494,0.12051636,-0.035338894,0.0,0.0,0.0,0.0,0,9.4
300276000,300276000,0.9849356,0.12118711,0.11818322,-0.035459317,0.0,0.0,0.0,0.0,0,9.42
300296000,300296000,0.98551154,0.11877439,0.11579815,-0.035489574,0.0,0.0,0.0,0.0,0,9.44
300316000,300316000,0.9860888,0.11632113,0.113366954,-0.03542993,0.0,0.0,0.0,0.0,0,9.46
300336000,300336000,0.98666584,0.11383811,0.11088487,-0.03528451,0.0,0.0,0.0,0.0,0,9.48
300356000,300356000,0.98724043,0.111323334,0.10836866,-0.035053734,0.0,0.0,0.0,0.0,0,9.5
300376000,300376000,0.98780996,0.10878716,0.10582524,-0.034741186,0.0,0.0,0.0,0.0,0,9.52
300396000,300396000,0.98837173,0.10623534,0.103269495,-0.03434902,0.0,0.0,0.0,0.0,0,9.54
300416000,300416000,0.9889261,0.10366601,0.10069597,-0.033881087,0.0,0.0,0.0,0.0,0,9.56
300436000,300436000,0.9894724,0.10107414,0.09811226,-0.03333991,0.0,0.0,0.0,0.0,0,9.58
300456000,300456000,0.9900099,0.09846512,0.09551324,-0.032731056,0.0,0.0,0.0,0.0,0,9.6
300476000,300476000,0.9905372,0.095845535,0.09290281,-0.032059003,0.0,0.0,0.0,0.0,0,9.62
300496000,300496000,0.99105245,0.0932216,0.090291046,-0.031327512,0.0,0.0,0.0,0.0,0,9.64
300516000,300516000,0.99155414,0.09059896,0.08768476,-0.03054064,0.0,0.0,0.0,0.0,0,9.66
300536000,300536000,0.99204284,0.0879734,0.085079245,-0.029703423,0.0,0.0,0.0,0.0,0,9.68
300556000,300556000,0.9925172,0.08535424,0.08247889,-0.02882091,0.0,0.0,0.0,0.0,0,9.7
300576000,300576000,0.9929762,0.082746305,0.07988829,-0.02789787,0.0,0.0,0.0,0.0,0,9.72
300596000,300596000,0.99341816,0.08015517,0.07732377,-0.026938243,0.0,0.0,0.0,0.0,0,9.74
300616000,300616000,0.9938438,0.07757388,0.07478439,-0.025946354,0.0,0.0,0.0,0.0,0,9.76
300636000,300636000,0.994253,0.07500798,0.072267435,-0.024927685,0.0,0.0,0.0,0.0,0,9.78
300656000,300656000,0.9946451,0.072460055,0.06977922,-0.023886925,0.0,0.0,0.0,0.0,0,9.8
300676000,300676000,0.9950194,0.069935955,0.06733023,-0.022828264,0.0,0.0,0.0,0.0,0,9.82
300696000,300696000,0.9953756,0.06743762,0.064926274,-0.021755869,0.0,0.0,0.0,0.0,0,9.84
300716000,300716000,0.9957144,0.06497196,0.0625546,-0.020675682,0.0,0.0,0.0,0.0,0,9.86
300736000,300736000,0.99603677,0.062535256,0.06021045,-0.01959206,0.0,0.0,0.0,0.0,0,9.88
300756000,300756000,0.9963416,0.060136005,0.05791098,-0.018508665,0.0,0.0,0.0,0.0,0,9.9
300776000,300776000,0.996629,0.05777017,0.055665374,-0.017428441,0.0,0.0,0.0,0.0,0,9.92
300796000,300796000,0.99690026,0.05543353,0.053466227,-0.01635543,0.0,0.0,0.0,0.0,0,9.94
300816000,300816000,0.9971562,0.05312466,0.051307876,-0.015293474,0.0,0.0,0.0,0.0,0,9.96
300836000,300836000,0.99739635,0.05085648,0.049196012,-0.014246419,0.0,0.0,0.0,0.0,0,9.98
300856000,300856000,0.9976209,0.04863349,0.047135074,-0.013217613,0.0,0.0,0.0,0.0,0,10.0
300876000,300876000,0.9978296,0.046464376,0.045134045,-0.012210151,0.0,0.0,0.0,0.0,0,10.02
300896000,300896000,0.9980242,0.04433611,0.043186046,-0.01122682,0.0,0.0,0.0,0.0,0,10.04
300916000,300916000,0.9982052,0.042251002,0.041290324,-0.010270436,0.0,0.0,0.0,0.0,0,10.06
300936000,300936000,0.99837327,0.040210724,0.03944297,-0.009343729,0.0,0.0,0.0,0.0,0,10.08
300956000,300956000,0.9985286,0.03822287,0.037648063,-0.008448977,0.0,0.0,0.0,0.0,0,10.1
300976000,300976000,0.9986721,0.0362856,0.035900827,-0.007588254,0.0,0.0,0.0,0.0,0,10.12
300996000,300996000,0.99880445,0.034398198,0.034202944,-0.0067629963,0.0,0.0,0.0,0.0,0,10.14
301016000,301016000,0.99892634,0.032558586,0.032550458,-0.0059747566,0.0,0.0,0.0,0.0,0,10.16
301036000,301036000,0.9990378,0.030775782,0.03095426,-0.005224918,0.0,0.0,0.0,0.0,0,10.18
301056000,301056000,0.9991395,0.029050082,0.029412687,-0.0045147357,0.0,0.0,0.0,0.0,0,10.2
301076000,301076000,0.9992323,0.02737829,0.027920645,-0.0038449552,0.0,0.0,0.0,0.0,0,10.22
301096000,301096000,0.99931675,0.025767872,0.02647165,-0.0032163383,0.0,0.0,0.0,0.0,0,10.24
301116000,301116000,0.9993933,0.024220884,0.025072875,-0.0026292615,0.0,0.0,0.0,0.0,0,10.26
301136000,301136000,0.99946237,0.022739653,0.023719812,-0.0020843216,0.0,0.0,0.0,0.0,0,10.28
301156000,301156000,0.9995246,0.021319512,0.022420974,-0.0015812378,0.0,0.0,0.0,0.0,0,10.3
301176000,301176000,0.9995807,0.019957857,0.02116545,-0.0011199121,0.0,0.0,0.0,0.0,0,10.32
301196000,301196000,0.9996311,0.018650386,0.019962,-0.0007001712,0.0,0.0,0.0,0.0,0,10.34
301216000,301216000,0.9996763,0.017398585,0.01880329,-0.00032218508,0.0,0.0,0.0,0.0,0,10.36
301236000,301236000,0.9997168,0.016204178,0.01768686,1.483599e-05,0.0,0.0,0.0,0.0,0,10.38
301256000,301256000,0.999753,0.01507231,0.016607868,0.0003114539,0.0,0.0,0.0,0.0,0,10.4
301276000,301276000,0.99978495,0.014004417,0.015578542,0.0005686692,0.0,0.0,0.0,0.0,0,10.42
301296000,301296000,0.9998132,0.013002699,0.014595668,0.00078742846,0.0,0.0,0.0,0.0,0,10.44
301316000,301316000,0.99983805,0.012060141,0.013657713,0.00096875685,0.0,0.0,0.0,0.0,0,10.46
301336000,301336000,0.9998601,0.011176218,0.012754388,0.0011138928,0.0,0.0,0.0,0.0,0,10.48
301356000,301356000,0.9998796,0.0103348745,0.011899709,0.0012245587,0.0,0.0,0.0,0.0,0,10.5
301376000,301376000,0.9998968,0.009538427,0.011080486,0.001301684,0.0,0.0,0.0,0.0,0,10.52
301396000,301396000,0.999912,0.008780683,0.010301263,0.0013469447,0.0,0.0,0.0,0.0,0,10.54
301416000,301416000,0.9999254,0.008062364,0.0095623555,0.0013617416,0.0,0.0,0.0,0.0,0,10.56
301436000,301436000,0.9999371,0.007384258,0.008858195,0.0013473328,0.0,0.0,0.0,0.0,0,10.58
301456000,301456000,0.9999473,0.0067573935,0.008189786,0.0013052606,0.0,0.0,0.0,0.0,0,10.6
301476000,301476000,0.9999561,0.0061775846,0.0075657745,0.0012377391,0.0,0.0,0.0,0.0,0,10.62
301496000,301496000,0.99996364,0.005637272,0.006983191,0.0011461482,0.0,0.0,0.0,0.0,0,10.64
301516000,301516000,0.99997014,0.0051363492,0.0064307945,0.0010323378,0.0,0.0,0.0,0.0,0,10.66
301536000,301536000,0.99997574,0.004672257,0.0059106234,0.00089819514,0.0,0.0,0.0,0.0,0,10.68
301556000,301556000,0.99998057,0.004235842,0.005426086,0.000744975,0.0,0.0,0.0,0.0,0,10.7
301576000,301576000,0.9999847,0.0038300431,0.004979831,0.0005744607,0.0,0.0,0.0,0.0,0,10.72
301596000,301596000,0.9999881,0.0034521003,0.0045661456,0.0003886086,0.0,0.0,0.0,0.0,0,10.74
301616000,301616000,0.99999094,0.003103124,0.0041859117,0.00018890174,0.0,0.0,0.0,0.0,0,10.76
301636000,301636000,0.9999933,0.0027719736,0.0038423943,-2.2862716e-05,0.0,0.0,0.0,0.0,0,10.78
301656000,301656000,0.99999523,0.0024655913,0.0035343384,-0.0002447667,0.0,0.0,0.0,0.0,0,10.8
301676000,301676000,0.9999968,0.0021796452,0.0032537037,-0.00047555627,0.0,0.0,0.0,0.0,0,10.82
301696000,301696000,0.99999803,0.0019183289,0.002984284,-0.0007133177,0.0,0.0,0.0,0.0,0,10.84
301716000,301716000,0.9999989,0.0016794276,0.002730792,-0.0009563504,0.0,0.0,0.0,0.0,0,10.86
301736000,301736000,0.99999964,0.0014639975,0.0025035397,-0.0012034862,0.0,0.0,0.0,0.0,0,10.88
301756000,301756000,1.0,0.0012697439,0.0022999374,-0.0014535729,0.0,0.0,0.0,0.0,0,10.9
301776000,301776000,1.0000002,0.0010926928,0.00211221,-0.0017047103,0.0,0.0,0.0,0.0,0,10.92
301796000,301796000,1.0000004,0.0009287546,0.0019476367,-0.0019555097,0.0,0.0,0.0,0.0,0,10.94
301816000,301816000,1.0000001,0.0007865973,0.0018111238,-0.002204934,0.0,0.0,0.0,0.0,0,10.96
301836000,301836000,0.9999999,0.0006631985,0.0016957462,-0.0024520827,0.0,0.0,0.0,0.0,0,10.98
301856000,301856000,0.9999995,0.0005630707,0.0015862328,-0.002695403,0.0,0.0,0.0,0.0,0,11.0
301876000,301876000,0.99999905,0.00047226434,0.0014831522,-0.0029337804,0.0,0.0,0.0,0.0,0,11.02
301896000,301896000,0.9999985,0.00038777906,0.0013906218,-0.0031664507,0.0,0.0,0.0,0.0,0,11.04
301916000,301916000,0.99999785,0.00031504256,0.0013149898,-0.0033929267,0.0,0.0,0.0,0.0,0,11.06
301936000,301936000,0.9999972,0.0002519351,0.0012540387,-0.0036124901,0.0,0.0,0.0,0.0,0,11.08
301956000,301956000,0.9999965,0.00019693295,0.0012058793,-0.003824662,0.0,0.0,0.0,0.0,0,11.1
301976000,301976000,0.99999577,0.0001511217,0.0011627377,-0.0040285694,0.0,0.0,0.0,0.0,0,11.12
301996000,301996000,0.999995,0.00011388331,0.0011287882,-0.0042232075,0.0,0.0,0.0,0.0,0,11.14
302016000,302016000,0.9999942,8.080977e-05,0.0011056947,-0.0044078515,0.0,0.0,0.0,0.0,0,11.16
302036000,302036000,0.99999344,5.4134347e-05,0.0010850723,-0.0045819734,0.0,0.0,0.0,0.0,0,11.18
302056000,302056000,0.9999927,3.0470119e-05,0.0010698005,-0.004745301,0.0,0.0,0.0,0.0,0,11.2
302076000,302076000,0.999992,1.5237379e-05,0.0010643867,-0.004897549,0.0,0.0,0.0,0.0,0,11.22
302096000,302096000,0.9999913,1.1862019e-05,0.0010741801,-0.0050383736,0.0,0.0,0.0,0.0,0,11.24
302116000,302116000,0.9999906,1.1324864e-05,0.0010866793,-0.0051679597,0.0,0.0,0.0,0.0,0,11.26
302136000,302136000,0.99999,1.1085914e-05,0.0010932733,-0.0052860114,0.0,0.0,0.0,0.0,0,11.28
302156000,302156000,0.9999894,1.3959932e-05,0.0010961208,-0.005392104,0.0,0.0,0.0,0.0,0,11.3
302176000,302176000,0.9999889,1.6887254e-05,0.0011006608,-0.005486118,0.0,0.0,0.0,0.0,0,11.32
302196000,302196000,0.99998844,2.0427868e-05,0.001107368,-0.0055682943,0.0,0.0,0.0,0.0,0,11.34
302216000,302216000,0.999988,3.1204872e-05,0.0011099642,-0.0056390115,0.0,0.0,0.0,0.0,0,11.36
302236000,302236000,0.9999877,4.8970873e-05,0.0011088661,-0.005698318,0.0,0.0,0.0,0.0,0,11.38
302256000,302256000,0.9999874,6.547063e-05,0.0011124776,-0.0057465048,0.0,0.0,0.0,0.0,0,11.4
302276000,302276000,0.9999872,7.564447e-05,0.0011173066,-0.005784467,0.0,0.0,0.0,0.0,0,11.42
302296000,302296000,0.999987,9.2211245e-05,0.0011247754,-0.005812864,0.0,0.0,0.0,0.0,0,11.44
302316000,302316000,0.9999869,0.000105573905,0.001145969,-0.005831811,0.0,0.0,0.0,0.0,0,11.46
302336000,302336000,0.9999868,0.00010892847,0.0011625709,-0.0058415667,0.0,0.0,0.0,0.0,0,11.48
302356000,302356000,0.99998677,0.000110153414,0.0011755561,-0.0058427844,0.0,0.0,0.0,0.0,0,11.5
302376000,302376000,0.9999868,0.000119285585,0.0011975578,-0.0058359387,0.0,0.0,0.0,0.0,0,11.52
302396000,302396000,0.9999868,0.00013077281,0.0012243778,-0.0058213663,0.0,0.0,0.0,0.0,0,11.54
302416000,302416000,0.99998695,0.00014168247,0.0012534923,-0.005799211,0.0,0.0,0.0,0.0,0,11.56
302436000,302436000,0.99998707,0.00015221282,0.0012856519,-0.0057696206,0.0,0.0,0.0,0.0,0,11.58
302456000,302456000,0.99998724,0.00015877125,0.00132465,-0.0057329596,0.0,0.0,0.0,0.0,0,11.6
302476000,302476000,0.9999874,0.00016281095,0.0013800946,-0.005690072,0.0,0.0,0.0,0.0,0,11.62
302496000,302496000,0.9999876,0.00017132737,0.0014465301,-0.005641355,0.0,0.0,0.0,0.0,0,11.64
302516000,302516000,0.9999878,0.00018247993,0.0015010961,-0.0055879042,0.0,0.0,0.0,0.0,0,11.66
302536000,302536000,0.999988,0.00019662266,0.0015565825,-0.005529961,0.0,0.0,0.0,0.0,0,11.68
302556000,302556000,0.99998826,0.00020921761,0.0016240455,-0.0054680705,0.0,0.0,0.0,0.0,0,11.7
302576000,302576000,0.9999885,0.00022001151,0.001697679,-0.00540261,0.0,0.0,0.0,0.0,0,11.72
302596000,302596000,0.99998873,0.00022957365,0.001775379,-0.005333703,0.0,0.0,0.0,0.0,0,11.74
302616000,302616000,0.999989,0.00023880816,0.0018561496,-0.0052615167,0.0,0.0,0.0,0.0,0,11.76
302636000,302636000,0.99998915,0.00025697495,0.0019448878,-0.005187041,0.0,0.0,0.0,0.0,0,11.78
302656000,302656000,0.9999894,0.0002836021,0.0020305535,-0.005110854,0.0,0.0,0.0,0.0,0,11.8
302676000,302676000,0.9999896,0.000312646,0.0020988875,-0.005033564,0.0,0.0,0.0,0.0,0,11.82
302696000,302696000,0.99998987,0.00035103652,0.0021514755,-0.0049560606,0.0,0.0,0.0,0.0,0,11.84
302716000,302716000,0.99999017,0.0003939949,0.0021995113,-0.0048784968,0.0,0.0,0.0,0.0,0,11.86
302736000,302736000,0.9999904,0.00043201586,0.002253985,-0.004800938,0.0,0.0,0.0,0.0,0,11.88
302756000,302756000,0.99999064,0.00046838782,0.0023115783,-0.004723489,0.0,0.0,0.0,0.0,0,11.9
302776000,302776000,0.9999908,0.0005084795,0.0023669594,-0.0046462403,0.0,0.0,0.0,0.0,0,11.92
302796000,302796000,0.99999106,0.00055119244,0.00242096,-0.004569382,0.0,0.0,0.0,0.0,0,11.94
302816000,302816000,0.99999124,0.00059944246,0.0024638304,-0.0044933246,0.0,0.0,0.0,0.0,0,11.96
302832000,302832000,0.9999914,0.0006419102,0.0024863007,-0.0044335076,0.0,0.0,0.0,0.0,0,11.976
302852000,302852000,0.99999166,0.0007043727,0.002516142,-0.00436056,0.0,0.0,0.0,0.0,0,11.996
302872000,302872000,0.99999183,0.00077280187,0.0025450205,-0.0042901672,0.0,0.0,0.0,0.0,0,12.016
302892000,302892000,0.99999195,0.00084545807,0.002568656,-0.004222305,0.0,0.0,0.0,0.0,0,12.036
302912000,302912000,0.99999213,0.00092459854,0.0025854292,-0.0041571856,0.0,0.0,0.0,0.0,0,12.056
302932000,302932000,0.9999923,0.001007511,0.0025987022,-0.0040945755,0.0,0.0,0.0,0.0,0,12.076
302952000,302952000,0.99999243,0.0010980765,0.002604485,-0.004034959,0.0,0.0,0.0,0.0,0,12.096
302972000,302972000,0.99999255,0.0011993848,0.0025995504,-0.0039781155,0.0,0.0,0.0,0.0,0,12.116
302992000,302992000,0.99999267,0.0013076074,0.0025876407,-0.003923869,0.0,0.0,0.0,0.0,0,12.136
303012000,303012000,0.9999927,0.0014204128,0.0025708303,-0.0038722157,0.0,0.0,0.0,0.0,0,12.156
303032000,303032000,0.9999928,0.0015427733,0.0025441064,-0.003823485,0.0,0.0,0.0,0.0,0,12.176
303052000,303052000,0.99999285,0.0016734658,0.002508277,-0.0037773522,0.0,0.0,0.0,0.0,0,12.196
303072000,303072000,0.9999929,0.0018067686,0.0024692498,-0.0037338054,0.0,0.0,0.0,0.0,0,12.216
303092000,303092000,0.9999929,0.0019433885,0.002425715,-0.0036929278,0.0,0.0,0.0,0.0,0,12.236
303112000,303112000,0.9999929,0.0020815693,0.0023740807,-0.003655075,0.0,0.0,0.0,0.0,0,12.256
303132000,303132000,0.99999285,0.0022139335,0.0023152619,-0.0036200767,0.0,0.0,0.0,0.0,0,12.276
303152000,303152000,0.99999285,0.002335047,0.0022608142,-0.0035881363,0.0,0.0,0.0,0.0,0,12.296
303172000,303172000,0.9999928,0.0024514028,0.0021964095,-0.003559437,0.0,0.0,0.0,0.0,0,12.316
303192000,303192000,0.9999928,0.0025631273,0.002125657,-0.0035336665,0.0,0.0,0.0,0.0,0,12.336
303212000,303212000,0.9999927,0.0026602317,0.002062926,-0.003510823,0.0,0.0,0.0,0.0,0,12.356
303232000,303232000,0.99999267,0.0027492351,0.0020043764,-0.00349098,0.0,0.0,0.0,0.0,0,12.376
303252000,303252000,0.9999926,0.0028396312,0.0019406803,-0.0034744402,0.0,0.0,0.0,0.0,0,12.396
303272000,303272000,0.9999925,0.0029256064,0.0018785221,-0.0034610466,0.0,0.0,0.0,0.0,0,12.416
303292000,303292000,0.99999243,0.0030049586,0.0018195156,-0.0034508477,0.0,0.0,0.0,0.0,0,12.436
303312000,303312000,0.9999923,0.003086228,0.0017554956,-0.003443571,0.0,0.0,0.0,0.0,0,12.456
303332000,303332000,0.99999225,0.003154362,0.001690694,-0.0034395335,0.0,0.0,0.0,0.0,0,12.476
303352000,303352000,0.9999922,0.0031989722,0.0016309811,-0.003438436,0.0,0.0,0.0,0.0,0,12.496
303372000,303372000,0.9999922,0.0032309566,0.001572672,-0.0034403924,0.0,0.0,0.0,0.0,0,12.516
303392000,303392000,0.9999922,0.0032540236,0.001514684,-0.0034453042,0.0,0.0,0.0,0.0,0,12.536
303412000,303412000,0.9999922,0.0032682803,0.0014611597,-0.0034529504,0.0,0.0,0.0,0.0,0,12.556
303432000,303432000,0.9999922,0.0032787018,0.0014019037,-0.0034633784,0.0,0.0,0.0,0.0,0,12.576
303452000,303452000,0.99999225,0.003278394,0.001347067,-0.0034763557,0.0,0.0,0.0,0.0,0,12.596
303472000,303472000,0.9999923,0.0032625163,0.0012876748,-0.0034919512,0.0,0.0,0.0,0.0,0,12.616
303492000,303492000,0.9999924,0.00323879,0.0012345221,-0.0035097841,0.0,0.0,0.0,0.0,0,12.636
303512000,303512000,0.9999925,0.0032079248,0.0011938175,-0.0035292802,0.0,0.0,0.0,0.0,0,12.656
303532000,303532000,0.99999255,0.0031682828,0.0011593098,-0.0035506226,0.0,0.0,0.0,0.0,0,12.676
303552000,303552000,0.99999267,0.0031254871,0.0011059754,-0.0035732377,0.0,0.0,0.0,0.0,0,12.696
303572000,303572000,0.9999928,0.0030741466,0.0010464195,-0.0035966493,0.0,0.0,0.0,0.0,0,12.716
303592000,303592000,0.99999297,0.0030054038,0.000995131,-0.003620872,0.0,0.0,0.0,0.0,0,12.736
303612000,303612000,0.99999315,0.0029255366,0.00095332164,-0.0036455048,0.0,0.0,0.0,0.0,0,12.756
303632000,303632000,0.9999933,0.002846631,0.0009064011,-0.0036705632,0.0,0.0,0.0,0.0,0,12.776
303652000,303652000,0.9999935,0.0027676332,0.00085410173,-0.0036959248,0.0,0.0,0.0,0.0,0,12.796
303672000,303672000,0.99999374,0.0026806502,0.0008031414,-0.0037214295,0.0,0.0,0.0,0.0,0,12.816
303692000,303692000,0.9999939,0.0025853016,0.00075382716,-0.0037469636,0.0,0.0,0.0,0.0,0,12.836
303712000,303712000,0.9999941,0.0024829535,0.00070619193,-0.0037722632,0.0,0.0,0.0,0.0,0,12.856
303732000,303732000,0.9999943,0.002386714,0.0006618467,-0.0037970901,0.0,0.0,0.0,0.0,0,12.876
303752000,303752000,0.9999944,0.0022969698,0.00062155176,-0.003821613,0.0,0.0,0.0,0.0,0,12.896
303772000,303772000,0.9999946,0.0022059996,0.00058393227,-0.0038459483,0.0,0.0,0.0,0.0,0,12.916
303792000,303792000,0.9999947,0.0021117218,0.000544357,-0.0038700206,0.0,0.0,0.0,0.0,0,12.936
303812000,303812000,0.9999948,0.0020157464,0.00050482404,-0.0038938916,0.0,0.0,0.0,0.0,0,12.956
303832000,303832000,0.99999493,0.0019134366,0.0004681665,-0.003917732,0.0,0.0,0.0,0.0,0,12.976
303852000,303852000,0.99999505,0.0018061235,0.00043096632,-0.0039413203,0.0,0.0,0.0,0.0,0,12.996
303872000,303872000,0.9999952,0.0016975139,0.0003938917,-0.0039645256,0.0,0.0,0.0,0.0,0,13.016
303892000,303892000,0.9999953,0.0015870677,0.00035607186,-0.0039874166,0.0,0.0,0.0,0.0,0,13.036
303912000,303912000,0.99999535,0.0014765715,0.00031896392,-0.0040099532,0.0,0.0,0.0,0.0,0,13.056
303932000,303932000,0.99999547,0.0013634954,0.00028188727,-0.004032202,0.0,0.0,0.0,0.0,0,13.076
303952000,303952000,0.9999955,0.0012529376,0.00026384904,-0.004054082,0.0,0.0,0.0,0.0,0,13.096
303972000,303972000,0.9999955,0.0011445759,0.0002565663,-0.0040754927,0.0,0.0,0.0,0.0,0,13.116
303992000,303992000,0.9999956,0.0010437863,0.0002410372,-0.0040960847,0.0,0.0,0.0,0.0,0,13.136
304012000,304012000,0.9999956,0.0009440816,0.00021874877,-0.0041155224,0.0,0.0,0.0,0.0,0,13.156
304032000,304032000,0.99999565,0.0008349089,0.00020677333,-0.004133964,0.0,0.0,0.0,0.0,0,13.176
304052000,304052000,0.99999565,0.000723013,0.00019893238,-0.004150948,0.0,0.0,0.0,0.0,0,13.196
304072000,304072000,0.99999565,0.00061231985,0.00018569444,-0.00416609,0.0,0.0,0.0,0.0,0,13.216
304092000,304092000,0.9999957,0.0004983959,0.00016858915,-0.00417926,0.0,0.0,0.0,0.0,0,13.236
304112000,304112000,0.9999957,0.00038203303,0.0001495631,-0.004190658,0.0,0.0,0.0,0.0,0,13.256
304132000,304132000,0.9999957,0.00026676248,0.00013278211,-0.00420064,0.0,0.0,0.0,0.0,0,13.276
304152000,304152000,0.99999565,0.0001599806,0.00012528664,-0.0042093005,0.0,0.0,0.0,0.0,0,13.296
304172000,304172000,0.99999565,5.648407e-05,0.0001192571,-0.004216836,0.0,0.0,0.0,0.0,0,13.316
304192000,304192000,0.99999565,-5.009484e-05,0.00010653155,-0.004222857,0.0,0.0,0.0,0.0,0,13.336
304212000,304212000,0.9999956,-0.00015596901,9.4711686e-05,-0.004227659,0.0,0.0,0.0,0.0,0,13.356
304232000,304232000,0.9999956,-0.00025666133,8.871117e-05,-0.0042316457,0.0,0.0,0.0,0.0,0,13.376
304252000,304252000,0.9999955,-0.00036460007,7.663145e-05,-0.004234978,0.0,0.0,0.0,0.0,0,13.396
304272000,304272000,0.99999547,-0.00047578017,6.2172134e-05,-0.0042376867,0.0,0.0,0.0,0.0,0,13.416
304292000,304292000,0.9999954,-0.00058197754,4.8177168e-05,-0.004239772,0.0,0.0,0.0,0.0,0,13.436
304312000,304312000,0.99999535,-0.0006807013,2.39765e-05,-0.0042412053,0.0,0.0,0.0,0.0,0,13.456
304332000,304332000,0.99999523,-0.0007732249,-1.2425952e-05,-0.004241982,0.0,0.0,0.0,0.0,0,13.476
304352000,304352000,0.9999952,-0.0008570282,-5.331214e-05,-0.0042416696,0.0,0.0,0.0,0.0,0,13.496
304372000,304372000,0.9999951,-0.0009368411,-8.878166e-05,-0.0042404663,0.0,0.0,0.0,0.0,0,13.516
304392000,304392000,0.99999505,-0.001006349,-0.00013569521,-0.004238412,0.0,0.0,0.0,0.0,0,13.536
304412000,304412000,0.999995,-0.0010656104,-0.00017906282,-0.0042359508,0.0,0.0,0.0,0.0,0,13.556
304432000,304432000,0.99999493,-0.001114162,-0.00020640323,-0.004232862,0.0,0.0,0.0,0.0,0,13.576
304452000,304452000,0.99999493,-0.001149023,-0.00022408721,-0.0042287186,0.0,0.0,0.0,0.0,0,13.596
304472000,304472000,0.99999493,-0.0011748391,-0.00023553528,-0.0042236736,0.0,0.0,0.0,0.0,0,13.616
304492000,304492000,0.99999493,-0.0011996024,-0.00024842029,-0.004217954,0.0,0.0,0.0,0.0,0,13.636
304512000,304512000,0.99999493,-0.0012188602,-0.00025606898,-0.0042119115,0.0,0.0,0.0,0.0,0,13.656
304532000,304532000,0.99999493,-0.0012380494,-0.00026315075,-0.0042056623,0.0,0.0,0.0,0.0,0,13.676
304552000,304552000,0.99999493,-0.0012555039,-0.00026794782,-0.0041990224,0.0,0.0,0.0,0.0,0,13.696
304572000,304572000,0.99999493,-0.0012748118,-0.00027398643,-0.0041920617,0.0,0.0,0.0,0.0,0,13.716
304592000,304592000,0.99999493,-0.0012913884,-0.00027677385,-0.00418472,0.0,0.0,0.0,0.0,0,13.736
304612000,304612000,0.99999493,-0.0013054749,-0.00027657242,-0.0041771624,0.0,0.0,0.0,0.0,0,13.756
304632000,304632000,0.99999493,-0.00131947,-0.00027640676,-0.004169604,0.0,0.0,0.0,0.0,0,13.776
304652000,304652000,0.999995,-0.0013313222,-0.00027625528,-0.004161789,0.0,0.0,0.0,0.0,0,13.796
304672000,304672000,0.999995,-0.0013371208,-0.00027252274,-0.00415364,0.0,0.0,0.0,0.0,0,13.816
304692000,304692000,0.99999505,-0.0013266861,-0.00026420027,-0.0041449885,0.0,0.0,0.0,0.0,0,13.836
304712000,304712000,0.9999951,-0.0013019044,-0.00024367984,-0.004135746,0.0,0.0,0.0,0.0,0,13.856
304732000,304732000,0.99999523,-0.0012718631,-0.00021703073,-0.004126438,0.0,0.0,0.0,0.0,0,13.876
304752000,304752000,0.9999953,-0.0012436691,-0.00020834402,-0.0041172993,0.0,0.0,0.0,0.0,0,13.896
304772000,304772000,0.99999535,-0.0012155181,-0.00020973683,-0.0041088755,0.0,0.0,0.0,0.0,0,13.916
304792000,304792000,0.9999954,-0.0011805943,-0.00020883475,-0.004100962,0.0,0.0,0.0,0.0,0,13.936
304812000,304812000,0.99999547,-0.0011436938,-0.00020782331,-0.0040932666,0.0,0.0,0.0,0.0,0,13.956
304832000,304832000,0.9999956,-0.001107757,-0.0002085613,-0.004085696,0.0,0.0,0.0,0.0,0,13.976
304852000,304852000,0.99999565,-0.0010738645,-0.00021156477,-0.004078278,0.0,0.0,0.0,0.0,0,13.996
304872000,304872000,0.9999957,-0.0010397462,-0.0002144521,-0.0040711025,0.0,0.0,0.0,0.0,0,14.016
304892000,304892000,0.99999577,-0.0010065625,-0.00021822235,-0.0040640193,0.0,0.0,0.0,0.0,0,14.036
304912000,304912000,0.9999958,-0.0009726245,-0.00022125467,-0.0040567135,0.0,0.0,0.0,0.0,0,14.056
304932000,304932000,0.9999959,-0.00093526475,-0.00021997961,-0.004049327,0.0,0.0,0.0,0.0,0,14.076
304952000,304952000,0.99999595,-0.00089101313,-0.00022268298,-0.004042654,0.0,0.0,0.0,0.0,0,14.096
304972000,304972000,0.999996,-0.00083881133,-0.0002303084,-0.0040369933,0.0,0.0,0.0,0.0,0,14.116
304992000,304992000,0.99999607,-0.00077522243,-0.0002314735,-0.0040321825,0.0,0.0,0.0,0.0,0,14.136
305012000,305012000,0.9999962,-0.0007055549,-0.00022304968,-0.0040279804,0.0,0.0,0.0,0.0,0,14.156
305032000,305032000,0.99999624,-0.00063627865,-0.00021290875,-0.0040240358,0.0,0.0,0.0,0.0,0,14.176
305052000,305052000,0.9999963,-0.0005688536,-0.00020355024,-0.00402022,0.0,0.0,0.0,0.0,0,14.196
305072000,305072000,0.99999636,-0.0005036903,-0.00019614969,-0.0040164758,0.0,0.0,0.0,0.0,0,14.216
305092000,305092000,0.99999636,-0.00044119914,-0.00019117397,-0.0040127765,0.0,0.0,0.0,0.0,0,14.236
305112000,305112000,0.9999964,-0.0003793905,-0.00019099576,-0.004009394,0.0,0.0,0.0,0.0,0,14.256
305132000,305132000,0.9999965,-0.00031707968,-0.00020077523,-0.0040064943,0.0,0.0,0.0,0.0,0,14.276
305152000,305152000,0.9999965,-0.00026799965,-0.00020912629,-0.0040041306,0.0,0.0,0.0,0.0,0,14.296
305172000,305172000,0.9999965,-0.00023559603,-0.00021690203,-0.004002434,0.0,0.0,0.0,0.0,0,14.316
305192000,305192000,0.9999965,-0.00021502907,-0.00023862175,-0.0040010368,0.0,0.0,0.0,0.0,0,14.336
305212000,305212000,0.9999965,-0.00020175036,-0.00027049423,-0.003999771,0.0,0.0,0.0,0.0,0,14.356
305232000,305232000,0.9999965,-0.00019317462,-0.0003083008,-0.0039985697,0.0,0.0,0.0,0.0,0,14.376
305252000,305252000,0.9999965,-0.00018814109,-0.00035033026,-0.0039974013,0.0,0.0,0.0,0.0,0,14.396
305272000,305272000,0.9999965,-0.00018535893,-0.00039637598,-0.003996446,0.0,0.0,0.0,0.0,0,14.416
305292000,305292000,0.9999964,-0.00018594031,-0.00044479233,-0.0039959936,0.0,0.0,0.0,0.0,0,14.436
305312000,305312000,0.9999964,-0.00018713274,-0.000497935,-0.00399635,0.0,0.0,0.0,0.0,0,14.456
305332000,305332000,0.99999636,-0.00019542397,-0.0005473593,-0.003997389,0.0,0.0,0.0,0.0,0,14.476
305352000,305352000,0.99999636,-0.00020714624,-0.00059222215,-0.0039990842,0.0,0.0,0.0,0.0,0,14.496
305372000,305372000,0.9999963,-0.00020991988,-0.00064365484,-0.004001403,0.0,0.0,0.0,0.0,0,14.516
305392000,305392000,0.99999624,-0.00021173959,-0.0006930446,-0.004004495,0.0,0.0,0.0,0.0,0,14.536
305412000,305412000,0.99999624,-0.00021740865,-0.0007409149,-0.0040088687,0.0,0.0,0.0,0.0,0,14.556
305432000,305432000,0.9999961,-0.00021997067,-0.0007969945,-0.0040143467,0.0,0.0,0.0,0.0,0,14.576
305452000,305452000,0.99999607,-0.00022395595,-0.0008551521,-0.0040210024,0.0,0.0,0.0,0.0,0,14.596
305472000,305472000,0.999996,-0.00023588685,-0.0009073933,-0.004028452,0.0,0.0,0.0,0.0,0,14.616
305492000,305492000,0.9999959,-0.00024479025,-0.00096372014,-0.0040360815,0.0,0.0,0.0,0.0,0,14.636
305512000,305512000,0.9999958,-0.00025982893,-0.0010212195,-0.004043787,0.0,0.0,0.0,0.0,0,14.656
305532000,305532000,0.9999957,-0.00029007526,-0.0010772089,-0.0040516173,0.0,0.0,0.0,0.0,0,14.676
305552000,305552000,0.9999956,-0.0003258061,-0.0011436079,-0.004059059,0.0,0.0,0.0,0.0,0,14.696
305572000,305572000,0.99999547,-0.00035546423,-0.0012069208,-0.0040659187,0.0,0.0,0.0,0.0,0,14.716
305592000,305592000,0.9999942,0.0016322461,-0.0011730052,-0.0040713465,0.0,0.0,0.0,0.0,0,14.736
305612000,305612000,0.99995285,0.009272314,-0.0008939438,-0.004074312,0.0,0.0,0.0,0.0,0,14.756
305632000,305632000,0.9997364,0.022789741,-0.00038307146,-0.0040765125,0.0,0.0,0.0,0.0,0,14.776
305652000,305652000,0.99915594,0.040985715,0.00024279638,-0.0040816045,0.0,0.0,0.0,0.0,0,14.796
305672000,305672000,0.9980491,0.062367238,0.00087234186,-0.0040932465,0.0,0.0,0.0,0.0,0,14.816
305692000,305692000,0.9963217,0.0856327,0.001533301,-0.0041103684,0.0,0.0,0.0,0.0,0,14.836
305712000,305712000,0.9939445,0.10982585,0.0021207954,-0.004141928,0.0,0.0,0.0,0.0,0,14.856
305732000,305732000,0.9909381,0.13426098,0.002676367,-0.004184198,0.0,0.0,0.0,0.0,0,14.876
305752000,305752000,0.9873955,0.1582122,0.0031871493,-0.0042390204,0.0,0.0,0.0,0.0,0,14.896
305772000,305772000,0.9834264,0.1812458,0.0036037343,-0.0043138936,0.0,0.0,0.0,0.0,0,14.916
305792000,305792000,0.979174,0.20295802,0.004008391,-0.0043953243,0.0,0.0,0.0,0.0,0,14.936
305812000,305812000,0.974773,0.22313191,0.0043202997,-0.0044992734,0.0,0.0,0.0,0.0,0,14.956
305832000,305832000,0.9703514,0.24162929,0.0046144137,-0.0046091806,0.0,0.0,0.0,0.0,0,14.976
305852000,305852000,0.9660199,0.25839633,0.0048444746,-0.004736177,0.0,0.0,0.0,0.0,0,14.996
305872000,305872000,0.9618634,0.2734568,0.0050576525,-0.0048683556,0.0,0.0,0.0,0.0,0,15.016
305892000,305892000,0.9579535,0.2868479,0.005225365,-0.005013626,0.0,0.0,0.0,0.0,0,15.036
305912000,305912000,0.95433486,0.2986615,0.00535837,-0.0051684864,0.0,0.0,0.0,0.0,0,15.056
305932000,305932000,0.95102894,0.30902222,0.005469106,-0.0053294874,0.0,0.0,0.0,0.0,0,15.076
305952000,305952000,0.94804615,0.3180512,0.0055585136,-0.0054957094,0.0,0.0,0.0,0.0,0,15.096
305972000,305972000,0.9453876,0.3258643,0.005630165,-0.005665761,0.0,0.0,0.0,0.0,0,15.116
305992000,305992000,0.943046,0.33257625,0.005682951,-0.0058394163,0.0,0.0,0.0,0.0,0,15.136
306012000,306012000,0.9410017,0.33831334,0.005724264,-0.006014231,0.0,0.0,0.0,0.0,0,15.156
306032000,306032000,0.9392323,0.34319156,0.0057531167,-0.006189944,0.0,0.0,0.0,0.0,0,15.176
306052000,306052000,0.9377096,0.34732676,0.0057720523,-0.0063652233,0.0,0.0,0.0,0.0,0,15.196
306072000,306072000,0.936416,0.3507964,0.0057784035,-0.006539852,0.0,0.0,0.0,0.0,0,15.216
306092000,306092000,0.9353211,0.3537021,0.005764986,-0.006715792,0.0,0.0,0.0,0.0,0,15.236
306112000,306112000,0.93441,0.35609925,0.0057457434,-0.006887381,0.0,0.0,0.0,0.0,0,15.256
306132000,306132000,0.93371207,0.35792238,0.005709368,-0.007058264,0.0,0.0,0.0,0.0,0,15.276
306152000,306152000,0.9332845,0.35903332,0.00565239,-0.007228491,0.0,0.0,0.0,0.0,0,15.296
306172000,306172000,0.9331722,0.35932282,0.0055730897,-0.0073976624,0.0,0.0,0.0,0.0,0,15.316
306192000,306192000,0.9333976,0.35873505,0.0054854127,-0.007559699,0.0,0.0,0.0,0.0,0,15.336
306212000,306212000,0.93395835,0.3572707,0.005388111,-0.0077144643,0.0,0.0,0.0,0.0,0,15.356
306232000,306232000,0.9348466,0.3549385,0.0052723573,-0.007864199,0.0,0.0,0.0,0.0,0,15.376
306252000,306252000,0.93604255,0.3517711,0.0051441155,-0.008005857,0.0,0.0,0.0,0.0,0,15.396
306272000,306272000,0.9375225,0.34780663,0.004999661,-0.008140302,0.0,0.0,0.0,0.0,0,15.416
306292000,306292000,0.93926,0.34308594,0.0048469957,-0.008264186,0.0,0.0,0.0,0.0,0,15.436
306312000,306312000,0.9412318,0.3376385,0.00467728,-0.008380514,0.0,0.0,0.0,0.0,0,15.456
306332000,306332000,0.94341093,0.33150062,0.004504212,-0.008483777,0.0,0.0,0.0,0.0,0,15.476
306352000,306352000,0.94577444,0.32469612,0.0043172655,-0.00857773,0.0,0.0,0.0,0.0,0,15.496
306372000,306372000,0.948294,0.31726262,0.004127341,-0.00865824,0.0,0.0,0.0,0.0,0,15.516
306392000,306392000,0.950949,0.30921435,0.003920054,-0.0087300455,0.0,0.0,0.0,0.0,0,15.536
306412000,306412000,0.9537101,0.30059132,0.0037073349,-0.008789387,0.0,0.0,0.0,0.0,0,15.556
306432000,306432000,0.95655745,0.29140463,0.0034797767,-0.008839283,0.0,0.0,0.0,0.0,0,15.576
306452000,306452000,0.9594592,0.2817052,0.0032584842,-0.0088735325,0.0,0.0,0.0,0.0,0,15.596
306472000,306472000,0.9623969,0.27150127,0.0030320166,-0.0088962205,0.0,0.0,0.0,0.0,0,15.616
306492000,306492000,0.96534055,0.26084387,0.0028068025,-0.008905949,0.0,0.0,0.0,0.0,0,15.636
306512000,306512000,0.96827185,0.24974555,0.0025739183,-0.008905814,0.0,0.0,0.0,0.0,0,15.656
306532000,306532000,0.97116256,0.23825982,0.0023583306,-0.008889736,0.0,0.0,0.0,0.0,0,15.676
306552000,306552000,0.9739979,0.22639367,0.0021414936,-0.0088632,0.0,0.0,0.0,0.0,0,15.696
306572000,306572000,0.9767515,0.21420553,0.0019368241,-0.008823782,0.0,0.0,0.0,0.0,0,15.716
306592000,306592000,0.97941047,0.20170328,0.0017316525,-0.008775171,0.0,0.0,0.0,0.0,0,15.736
306612000,306612000,0.98194975,0.18895887,0.001543756,-0.008714364,0.0,0.0,0.0,0.0,0,15.756
306632000,306632000,0.98435736,0.17599191,0.0013512383,-0.008646541,0.0,0.0,0.0,0.0,0,15.776
306652000,306652000,0.9866156,0.16286191,0.0011659794,-0.008570102,0.0,0.0,0.0,0.0,0,15.796
306672000,306672000,0.9887156,0.14959157,0.0009807745,-0.0084871985,0.0,0.0,0.0,0.0,0,15.816
306692000,306692000,0.9906437,0.13624611,0.0008103164,-0.008396295,0.0,0.0,0.0,0.0,0,15.836
306712000,306712000,0.9923947,0.12285186,0.0006467693,-0.008299639,0.0,0.0,0.0,0.0,0,15.856
306732000,306732000,0.9939625,0.109454185,0.00049963995,-0.008196248,0.0,0.0,0.0,0.0,0,15.876
306752000,306752000,0.99534625,0.09606972,0.00035954922,-0.008087741,0.0,0.0,0.0,0.0,0,15.896
306772000,306772000,0.99654317,0.08274781,0.00023836509,-0.007973758,0.0,0.0,0.0,0.0,0,15.916
306792000,306792000,0.9975549,0.06950957,0.00014353743,-0.007854813,0.0,0.0,0.0,0.0,0,15.936
306812000,306812000,0.99838215,0.056412365,4.505239e-05,-0.0077338973,0.0,0.0,0.0,0.0,0,15.956
306832000,306832000,0.99902976,0.04348208,-1.8449631e-05,-0.007609584,0.0,0.0,0.0,0.0,0,15.976
306852000,306852000,0.99950254,0.030786484,-7.947195e-05,-0.0074838726,0.0,0.0,0.0,0.0,0,15.996
306872000,306872000,0.9998091,0.018350277,-0.00010238754,-0.0073564528,0.0,0.0,0.0,0.0,0,16.016
306892000,306892000,0.999959,0.0062290537,-0.0001375309,-0.007229297,0.0,0.0,0.0,0.0,0,16.036
306912000,306912000,0.9999639,-0.0055521224,-0.0001350156,-0.0071024545,0.0,0.0,0.0,0.0,0,16.056
306932000,306932000,0.9998366,-0.016945565,-0.00013203156,-0.0069766347,0.0,0.0,0.0,0.0,0,16.076
306952000,306952000,0.9995906,-0.02794287,-9.04947e-05,-0.006853119,0.0,0.0,0.0,0.0,0,16.096
306972000,306972000,0.9992403,-0.038505863,-5.3792013e-05,-0.006730867,0.0,0.0,0.0,0.0,0,16.116
306992000,306992000,0.99879944,-0.048632387,3.210311e-08,-0.0066105835,0.0,0.0,0.0,0.0,0,16.136
307012000,307012000,0.9982828,-0.058295477,6.238991e-05,-0.0064926413,0.0,0.0,0.0,0.0,0,16.156
307032000,307032000,0.997704,-0.06749167,0.00012856325,-0.0063768765,0.0,0.0,0.0,0.0,0,16.176
307052000,307052000,0.9970773,-0.07620201,0.00019722889,-0.0062633795,0.0,0.0,0.0,0.0,0,16.196
307072000,307072000,0.9964147,-0.08443298,0.00025859094,-0.0061516706,0.0,0.0,0.0,0.0,0,16.216
307092000,307092000,0.99572784,-0.09218758,0.0003373938,-0.0060445606,0.0,0.0,0.0,0.0,0,16.236
307112000,307112000,0.9950269,-0.099474244,0.00041610203,-0.0059405374,0.0,0.0,0.0,0.0,0,16.256
307132000,307132000,0.9943206,-0.10630782,0.00051021826,-0.005841109,0.0,0.0,0.0,0.0,0,16.276
307152000,307152000,0.9936167,-0.11270131,0.0005871793,-0.0057426947,0.0,0.0,0.0,0.0,0,16.296
307172000,307172000,0.99292195,-0.118670665,0.0006713626,-0.0056479974,0.0,0.0,0.0,0.0,0,16.316
307192000,307192000,0.99224377,-0.12421754,0.0007472503,-0.005555297,0.0,0.0,0.0,0.0,0,16.336
307212000,307212000,0.9915861,-0.12936594,0.0008298337,-0.005466443,0.0,0.0,0.0,0.0,0,16.356
307232000,307232000,0.9909546,-0.13412067,0.0009054442,-0.0053798277,0.0,0.0,0.0,0.0,0,16.376
307252000,307252000,0.9903522,-0.13850118,0.0009847592,-0.0052970164,0.0,0.0,0.0,0.0,0,16.396
307272000,307272000,0.98978364,-0.14251003,0.0010611027,-0.0052170157,0.0,0.0,0.0,0.0,0,16.416
307292000,307292000,0.9892496,-0.14617346,0.0011359885,-0.0051398925,0.0,0.0,0.0,0.0,0,16.436
307312000,307312000,0.9887525,-0.14950106,0.0012016544,-0.0050641717,0.0,0.0,0.0,0.0,0,16.456
307332000,307332000,0.9882925,-0.152514,0.0012595177,-0.004989991,0.0,0.0,0.0,0.0,0,16.476
307352000,307352000,0.98787254,-0.15521273,0.0013133609,-0.0049180826,0.0,0.0,0.0,0.0,0,16.496
307372000,307372000,0.9874924,-0.15761498,0.0013619233,-0.00484803,0.0,0.0,0.0,0.0,0,16.516
307392000,307392000,0.9871527,-0.15973058,0.0014076951,-0.0047802688,0.0,0.0,0.0,0.0,0,16.536
307412000,307412000,0.9868514,-0.16158314,0.0014415424,-0.004713037,0.0,0.0,0.0,0.0,0,16.556
307432000,307432000,0.98658866,-0.16318129,0.0014711397,-0.0046475045,0.0,0.0,0.0,0.0,0,16.576
307452000,307452000,0.98636377,-0.16453683,0.0014930152,-0.0045829876,0.0,0.0,0.0,0.0,0,16.596
307472000,307472000,0.9861766,-0.16565648,0.0015082017,-0.0045197196,0.0,0.0,0.0,0.0,0,16.616
307492000,307492000,0.9860274,-0.16654384,0.0015097734,-0.0044562733,0.0,0.0,0.0,0.0,0,16.636
307512000,307512000,0.9859147,-0.16721155,0.001502734,-0.0043935035,0.0,0.0,0.0,0.0,0,16.656
307532000,307532000,0.9858382,-0.16766387,0.0014914053,-0.004332288,0.0,0.0,0.0,0.0,0,16.676
307552000,307552000,0.98579574,-0.16791488,0.001476203,-0.004272727,0.0,0.0,0.0,0.0,0,16.696
307572000,307572000,0.9857862,-0.1679726,0.0014632095,-0.0042158733,0.0,0.0,0.0,0.0,0,16.716
307592000,307592000,0.9858082,-0.1678447,0.0014483767,-0.0041610245,0.0,0.0,0.0,0.0,0,16.736
307612000,307612000,0.9858599,-0.1675426,0.0014236972,-0.0041069575,0.0,0.0,0.0,0.0,0,16.756
307632000,307632000,0.9859394,-0.16707551,0.0013927646,-0.00405419,0.0,0.0,0.0,0.0,0,16.776
307652000,307652000,0.9860461,-0.16644636,0.001352662,-0.0040024184,0.0,0.0,0.0,0.0,0,16.796
307672000,307672000,0.9861783,-0.1656628,0.0013025389,-0.0039514597,0.0,0.0,0.0,0.0,0,16.816
307692000,307692000,0.9863345,-0.16473193,0.0012457264,-0.0039018665,0.0,0.0,0.0,0.0,0,16.836
307712000,307712000,0.98651296,-0.16366136,0.001185467,-0.0038544002,0.0,0.0,0.0,0.0,0,16.856
307732000,307732000,0.98671144,-0.16246203,0.0011155363,-0.0038078213,0.0,0.0,0.0,0.0,0,16.876
307752000,307752000,0.98692846,-0.1611401,0.0010331456,-0.0037613257,0.0,0.0,0.0,0.0,0,16.896
307772000,307772000,0.98716193,-0.159705,0.00093948166,-0.0037152313,0.0,0.0,0.0,0.0,0,16.916
307792000,307792000,0.98741174,-0.15815476,0.0008421413,-0.0036710291,0.0,0.0,0.0,0.0,0,16.936
307812000,307812000,0.98767537,-0.15650174,0.0007351604,-0.0036278134,0.0,0.0,0.0,0.0,0,16.956
307832000,307832000,0.9879516,-0.15475003,0.0006169127,-0.0035853707,0.0,0.0,0.0,0.0,0,16.976
307852000,307852000,0.988239,-0.1529053,0.00048314652,-0.0035430305,0.0,0.0,0.0,0.0,0,16.996
307872000,307872000,0.9885371,-0.15096734,0.00033797882,-0.0035013808,0.0,0.0,0.0,0.0,0,17.016
307892000,307892000,0.9888444,-0.1489423,0.00018468368,-0.0034610275,0.0,0.0,0.0,0.0,0,17.036
307912000,307912000,0.9891604,-0.14683013,2.8902543e-05,-0.0034229145,0.0,0.0,0.0,0.0,0,17.056
307932000,307932000,0.98948246,-0.14464475,-0.00013608573,-0.003385956,0.0,0.0,0.0,0.0,0,17.076
307952000,307952000,0.9898092,-0.14239192,-0.00030195675,-0.003351221,0.0,0.0,0.0,0.0,0,17.096
307972000,307972000,0.9901396,-0.14007638,-0.00047601262,-0.0033176667,0.0,0.0,0.0,0.0,0,17.116
307992000,307992000,0.99047357,-0.13769531,-0.00065811287,-0.0032853207,0.0,0.0,0.0,0.0,0,17.136
308012000,308012000,0.9908095,-0.13525647,-0.00083791796,-0.0032557354,0.0,0.0,0.0,0.0,0,17.156
308032000,308032000,0.9911472,-0.13275851,-0.0010169862,-0.0032285943,0.0,0.0,0.0,0.0,0,17.176
308052000,308052000,0.991484,-0.13021865,-0.0011981969,-0.0032031608,0.0,0.0,0.0,0.0,0,17.196
308072000,308072000,0.99182,-0.12763335,-0.0013821437,-0.0031793225,0.0,0.0,0.0,0.0,0,17.216
308092000,308092000,0.9921538,-0.12500998,-0.0015725774,-0.003156689,0.0,0.0,0.0,0.0,0,17.236
308112000,308112000,0.99248475,-0.122352466,-0.0017668376,-0.0031354837,0.0,0.0,0.0,0.0,0,17.256
308132000,308132000,0.9928112,-0.11967234,-0.0019622762,-0.003115704,0.0,0.0,0.0,0.0,0,17.276
308152000,308152000,0.99313337,-0.11696589,-0.0021589794,-0.0030970874,0.0,0.0,0.0,0.0,0,17.296
308172000,308172000,0.99345034,-0.114238575,-0.0023548175,-0.003079787,0.0,0.0,0.0,0.0,0,17.316
308192000,308192000,0.9937622,-0.111489505,-0.002549979,-0.0030636773,0.0,0.0,0.0,0.0,0,17.336
308212000,308212000,0.99406755,-0.108729154,-0.0027408185,-0.0030489664,0.0,0.0,0.0,0.0,0,17.356
308232000,308232000,0.9943665,-0.105955206,-0.002926192,-0.003035733,0.0,0.0,0.0,0.0,0,17.376
308252000,308252000,0.994658,-0.10317834,-0.003105567,-0.0030237753,0.0,0.0,0.0,0.0,0,17.396
308272000,308272000,0.99494183,-0.10039925,-0.0032817684,-0.003012834,0.0,0.0,0.0,0.0,0,17.416
308292000,308292000,0.99521714,-0.09762682,-0.00344445,-0.0030036673,0.0,0.0,0.0,0.0,0,17.436
308312000,308312000,0.9954843,-0.09485866,-0.0036036843,-0.0029950247,0.0,0.0,0.0,0.0,0,17.456
308332000,308332000,0.9957426,-0.09210165,-0.0037538793,-0.0029873755,0.0,0.0,0.0,0.0,0,17.476
308352000,308352000,0.99599224,-0.08935625,-0.003897804,-0.0029803996,0.0,0.0,0.0,0.0,0,17.496
308372000,308372000,0.99623245,-0.08663088,-0.0040316563,-0.0029739984,0.0,0.0,0.0,0.0,0,17.516
308392000,308392000,0.9964633,-0.08392772,-0.0041610464,-0.0029674415,0.0,0.0,0.0,0.0,0,17.536
308412000,308412000,0.9966843,-0.08125504,-0.0042793094,-0.0029612633,0.0,0.0,0.0,0.0,0,17.556
308432000,308432000,0.99689615,-0.07860774,-0.004384019,-0.0029556064,0.0,0.0,0.0,0.0,0,17.576
308452000,308452000,0.99709845,-0.07599437,-0.0044723833,-0.0029504285,0.0,0.0,0.0,0.0,0,17.596
308472000,308472000,0.99729156,-0.07341131,-0.004553922,-0.0029449852,0.0,0.0,0.0,0.0,0,17.616
308488000,308488000,0.99743927,-0.071372844,-0.0046110004,-0.0029406003,0.0,0.0,0.0,0.0,0,17.632
308508000,308508000,0.99761605,-0.0688543,-0.004672833,-0.0029348815,0.0,0.0,0.0,0.0,0,17.652
308528000,308528000,0.9977841,-0.066371255,-0.0047180266,-0.0029287857,0.0,0.0,0.0,0.0,0,17.672
308544000,308544000,0.99791247,-0.06441034,-0.004747498,-0.002923352,0.0,0.0,0.0,0.0,0,17.688
308564000,308564000,0.9980649,-0.062001925,-0.0047788005,-0.002915484,0.0,0.0,0.0,0.0,0,17.708
308584000,308584000,0.9982086,-0.059642773,-0.0047984137,-0.0029068524,0.0,0.0,0.0,0.0,0,17.728
308604000,308604000,0.9983439,-0.05733356,-0.004804072,-0.0028975548,0.0,0.0,0.0,0.0,0,17.748
308624000,308624000,0.99847126,-0.055071514,-0.0047938824,-0.0028874122,0.0,0.0,0.0,0.0,0,17.768
308644000,308644000,0.9985907,-0.052864335,-0.004774626,-0.0028761255,0.0,0.0,0.0,0.0,0,17.788
308664000,308664000,0.9987027,-0.050708592,-0.004744044,-0.002863903,0.0,0.0,0.0,0.0,0,17.808
308684000,308684000,0.99880743,-0.04860588,-0.0047067236,-0.00285057,0.0,0.0,0.0,0.0,0,17.828
308704000,308704000,0.9989053,-0.046557494,-0.0046566105,-0.0028365,0.0,0.0,0.0,0.0,0,17.848
308724000,308724000,0.9989967,-0.04456185,-0.0045919395,-0.0028217013,0.0,0.0,0.0,0.0,0,17.868
308744000,308744000,0.99908185,-0.042617578,-0.004515943,-0.0028063804,0.0,0.0,0.0,0.0,0,17.888
308764000,308764000,0.9991608,-0.040734217,-0.0044302223,-0.0027904203,0.0,0.0,0.0,0.0,0,17.908
308784000,308784000,0.9992338,-0.03891675,-0.0043305727,-0.002774134,0.0,0.0,0.0,0.0,0,17.928
308804000,308804000,0.9993011,-0.037161794,-0.0042194636,-0.002757538,0.0,0.0,0.0,0.0,0,17.948
308824000,308824000,0.9993633,-0.03546451,-0.004098396,-0.0027406963,0.0,0.0,0.0,0.0,0,17.968
308844000,308844000,0.99942064,-0.033827502,-0.0039710854,-0.0027235523,0.0,0.0,0.0,0.0,0,17.988
308864000,308864000,0.9994736,-0.032244347,-0.0038337526,-0.0027060676,0.0,0.0,0.0,0.0,0,18.008
308884000,308884000,0.9995222,-0.03071794,-0.0036950707,-0.00268811,0.0,0.0,0.0,0.0,0,18.028
308904000,308904000,0.9995668,-0.029249523,-0.0035535812,-0.0026697852,0.0,0.0,0.0,0.0,0,18.048
308924000,308924000,0.9996078,-0.027832763,-0.003407528,-0.00265115,0.0,0.0,0.0,0.0,0,18.068
308944000,308944000,0.9996456,-0.026462745,-0.0032555892,-0.002632539,0.0,0.0,0.0,0.0,0,18.088
308964000,308964000,0.9996802,-0.025143182,-0.003096635,-0.0026144371,0.0,0.0,0.0,0.0,0,18.108
308984000,308984000,0.99971175,-0.023877703,-0.002935411,-0.002596752,0.0,0.0,0.0,0.0,0,18.128
309004000,309004000,0.9997405,-0.02266512,-0.0027783713,-0.0025793456,0.0,0.0,0.0,0.0,0,18.148
309024000,309024000,0.9997668,-0.021491999,-0.0026262584,-0.0025621378,0.0,0.0,0.0,0.0,0,18.168
309044000,309044000,0.99979097,-0.020360276,-0.002481754,-0.0025449533,0.0,0.0,0.0,0.0,0,18.188
309064000,309064000,0.9998128,-0.019277357,-0.0023410635,-0.0025279766,0.0,0.0,0.0,0.0,0,18.208
309084000,309084000,0.9998326,-0.018242767,-0.0022100762,-0.0025115632,0.0,0.0,0.0,0.0,0,18.228
309104000,309104000,0.99985045,-0.017249286,-0.0020914946,-0.0024959012,0.0,0.0,0.0,0.0,0,18.248
309124000,309124000,0.9998667,-0.01629596,-0.0019774598,-0.002481148,0.0,0.0,0.0,0.0,0,18.268
309144000,309144000,0.9998814,-0.015388188,-0.0018655986,-0.0024670966,0.0,0.0,0.0,0.0,0,18.288
309164000,309164000,0.9998945,-0.01452242,-0.0017650378,-0.0024537737,0.0,0.0,0.0,0.0,0,18.308
309184000,309184000,0.99990636,-0.013698958,-0.001673667,-0.0024409008,0.0,0.0,0.0,0.0,0,18.328
309204000,309204000,0.999917,-0.012912464,-0.0015920434,-0.0024285035,0.0,0.0,0.0,0.0,0,18.348
309224000,309224000,0.9999266,-0.012156443,-0.0015079975,-0.002416946,0.0,0.0,0.0,0.0,0,18.368
309244000,309244000,0.99993527,-0.01143571,-0.0014186268,-0.002406008,0.0,0.0,0.0,0.0,0,18.388
309264000,309264000,0.99994296,-0.010754996,-0.0013237322,-0.0023956317,0.0,0.0,0.0,0.0,0,18.408
309284000,309284000,0.9999498,-0.010112361,-0.0012341982,-0.002386006,0.0,0.0,0.0,0.0,0,18.428
309304000,309304000,0.99995595,-0.00950066,-0.0011539976,-0.0023769722,0.0,0.0,0.0,0.0,0,18.448
309320000,309320000,0.99996036,-0.009028844,-0.0010933499,-0.0023702008,0.0,0.0,0.0,0.0,0,18.464
309340000,309340000,0.9999654,-0.008462408,-0.0010131309,-0.0023622725,0.0,0.0,0.0,0.0,0,18.484
309360000,309360000,0.99996996,-0.007925178,-0.0009331652,-0.0023548736,0.0,0.0,0.0,0.0,0,18.504
309380000,309380000,0.9999739,-0.0074196775,-0.000859199,-0.002348145,0.0,0.0,0.0,0.0,0,18.524
309400000,309400000,0.99997735,-0.0069450866,-0.0007970074,-0.002342177,0.0,0.0,0.0,0.0,0,18.544
309420000,309420000,0.99998045,-0.006499217,-0.00074902206,-0.0023369382,0.0,0.0,0.0,0.0,0,18.564
309440000,309440000,0.99998313,-0.00607512,-0.0007128707,-0.0023322138,0.0,0.0,0.0,0.0,0,18.584
309460000,309460000,0.9999855,-0.0056761694,-0.00067807914,-0.0023280296,0.0,0.0,0.0,0.0,0,18.604
309480000,309480000,0.9999876,-0.0052974145,-0.00063982635,-0.0023241611,0.0,0.0,0.0,0.0,0,18.624
309500000,309500000,0.9999895,-0.004936575,-0.00060731854,-0.002320261,0.0,0.0,0.0,0.0,0,18.644
309520000,309520000,0.9999911,-0.0046039494,-0.00058108155,-0.0023163096,0.0,0.0,0.0,0.0,0,18.664
309540000,309540000,0.99999243,-0.004307229,-0.00055814756,-0.0023126816,0.0,0.0,0.0,0.0,0,18.684
309560000,309560000,0.99999356,-0.004041374,-0.00054551754,-0.0023097333,0.0,0.0,0.0,0.0,0,18.704
309580000,309580000,0.9999945,-0.003799842,-0.0005436982,-0.0023071845,0.0,0.0,0.0,0.0,0,18.724
309600000,309600000,0.99999535,-0.0035724423,-0.00054685434,-0.0023047943,0.0,0.0,0.0,0.0,0,18.744
309620000,309620000,0.9999961,-0.0033576526,-0.0005545162,-0.0023029628,0.0,0.0,0.0,0.0,0,18.764
309640000,309640000,0.9999967,-0.003161073,-0.00057339936,-0.0023017009,0.0,0.0,0.0,0.0,0,18.784
309660000,309660000,0.99999726,-0.002982429,-0.0005929102,-0.002300602,0.0,0.0,0.0,0.0,0,18.804
309680000,309680000,0.99999774,-0.0028165774,-0.0006115145,-0.002299345,0.0,0.0,0.0,0.0,0,18.824
309700000,309700000,0.99999815,-0.0026666587,-0.0006360845,-0.002297717,0.0,0.0,0.0,0.0,0,18.844
309720000,309720000,0.9999985,-0.00253632,-0.00065947126,-0.0022964072,0.0,0.0,0.0,0.0,0,18.864
309740000,309740000,0.99999875,-0.0024315594,-0.00067638844,-0.0022952864,0.0,0.0,0.0,0.0,0,18.884
309760000,309760000,0.9999989,-0.0023517339,-0.0006966734,-0.002293891,0.0,0.0,0.0,0.0,0,18.904
309780000,309780000,0.99999905,-0.002292076,-0.00072828174,-0.0022922275,0.0,0.0,0.0,0.0,0,18.924
309800000,309800000,0.9999991,-0.0022412247,-0.00075401075,-0.0022903695,0.0,0.0,0.0,0.0,0,18.944
309820000,309820000,0.9999992,-0.0022006105,-0.0007708663,-0.0022885231,0.0,0.0,0.0,0.0,0,18.964
309840000,309840000,0.9999993,-0.0021681176,-0.0007932526,-0.0022866589,0.0,0.0,0.0,0.0,0,18.984
309860000,309860000,0.99999934,-0.0021411257,-0.0008177577,-0.002284799,0.0,0.0,0.0,0.0,0,19.004
309880000,309880000,0.99999934,-0.0021184147,-0.0008420026,-0.0022829517,0.0,0.0,0.0,0.0,0,19.024
309900000,309900000,0.99999934,-0.0020993864,-0.0008649729,-0.0022811207,0.0,0.0,0.0,0.0,0,19.044
309920000,309920000,0.9999994,-0.0020842934,-0.0008866686,-0.0022792127,0.0,0.0,0.0,0.0,0,19.064
309940000,309940000,0.9999994,-0.0020758368,-0.0009097799,-0.002277096,0.0,0.0,0.0,0.0,0,19.084
309960000,309960000,0.9999994,-0.0020704349,-0.00093089574,-0.002274727,0.0,0.0,0.0,0.0,0,19.104
309980000,309980000,0.9999994,-0.0020616106,-0.00095235877,-0.0022721072,0.0,0.0,0.0,0.0,0,19.124
310000000,310000000,0.9999994,-0.002055613,-0.0009861876,-0.0022689959,0.0,0.0,0.0,0.0,0,19.144
310020000,310020000,0.99999934,-0.0020562096,-0.0010217654,-0.0022655174,0.0,0.0,0.0,0.0,0,19.164
310040000,310040000,0.99999934,-0.0020569244,-0.001043084,-0.0022623076,0.0,0.0,0.0,0.0,0,19.184
310060000,310060000,0.99999934,-0.0020571956,-0.001054614,-0.0022591813,0.0,0.0,0.0,0.0,0,19.204
310080000,310080000,0.99999934,-0.0020579842,-0.0010608425,-0.0022559941,0.0,0.0,0.0,0.0,0,19.224
310100000,310100000,0.99999934,-0.0020573277,-0.0010660684,-0.002252689,0.0,0.0,0.0,0.0,0,19.244
310120000,310120000,0.99999934,-0.0020568673,-0.0010696247,-0.002249367,0.0,0.0,0.0,0.0,0,19.264
310140000,310140000,0.99999934,-0.0020576178,-0.0010708317,-0.0022460544,0.0,0.0,0.0,0.0,0,19.284
310160000,310160000,0.99999934,-0.0020599917,-0.0010693525,-0.0022427628,0.0,0.0,0.0,0.0,0,19.304
310180000,310180000,0.99999934,-0.0020641242,-0.0010649937,-0.0022394974,0.0,0.0,0.0,0.0,0,19.324
310200000,310200000,0.99999934,-0.002070013,-0.0010576467,-0.0022362608,0.0,0.0,0.0,0.0,0,19.344
310220000,310220000,0.99999934,-0.0020776303,-0.001047212,-0.0022330538,0.0,0.0,0.0,0.0,0,19.364
310240000,310240000,0.99999934,-0.0020860082,-0.0010327707,-0.002229783,0.0,0.0,0.0,0.0,0,19.384
310260000,310260000,0.99999934,-0.0020950057,-0.0010141453,-0.0022265373,0.0,0.0,0.0,0.0,0,19.404
310280000,310280000,0.9999994,-0.002101866,-0.0009886846,-0.0022236046,0.0,0.0,0.0,0.0,0,19.424
310300000,310300000,0.9999994,-0.0021032407,-0.00095301756,-0.0022208623,0.0,0.0,0.0,0.0,0,19.444
310320000,310320000,0.99999946,-0.0021029233,-0.0009110277,-0.0022182202,0.0,0.0,0.0,0.0,0,19.464
310340000,310340000,0.9999995,-0.0021026111,-0.00086437986,-0.0022156702,0.0,0.0,0.0,0.0,0,19.484
310360000,310360000,0.9999996,-0.002097354,-0.00080825,-0.0022137573,0.0,0.0,0.0,0.0,0,19.504
310380000,310380000,0.99999964,-0.0020839917,-0.0007379237,-0.002212016,0.0,0.0,0.0,0.0,0,19.524
310400000,310400000,0.99999976,-0.0020745585,-0.00065279286,-0.002210009,0.0,0.0,0.0,0.0,0,19.544
310420000,310420000,0.9999998,-0.002073544,-0.0005692128,-0.002208197,0.0,0.0,0.0,0.0,0,19.564
310440000,310440000,0.9999999,-0.0020732924,-0.00047502812,-0.002206875,0.0,0.0,0.0,0.0,0,19.584
310460000,310460000,0.99999994,-0.0020634853,-0.00037353524,-0.002205855,0.0,0.0,0.0,0.0,0,19.604
310480000,310480000,1.0,-0.0020545707,-0.00027390372,-0.0022053367,0.0,0.0,0.0,0.0,0,19.624
310500000,310500000,1.0,-0.0020560243,-0.00018158213,-0.002205046,0.0,0.0,0.0,0.0,0,19.644
310520000,310520000,1.0,-0.0020633924,-7.555964e-05,-0.002205395,0.0,0.0,0.0,0.0,0,19.664
310540000,310540000,1.0,-0.002064006,4.3283053e-05,-0.0022062755,0.0,0.0,0.0,0.0,0,19.684
310560000,310560000,1.0,-0.002059687,0.00014759786,-0.0022074087,0.0,0.0,0.0,0.0,0,19.704
310580000,310580000,1.0,-0.0020521693,0.0002471583,-0.002208892,0.0,0.0,0.0,0.0,0,19.724
310600000,310600000,0.99999994,-0.0020428333,0.00035001434,-0.0022107605,0.0,0.0,0.0,0.0,0,19.744
310620000,310620000,0.99999994,-0.0020380926,0.0004413308,-0.0022130804,0.0,0.0,0.0,0.0,0,19.764
310640000,310640000,0.9999999,-0.0020351547,0.0005324669,-0.0022159028,0.0,0.0,0.0,0.0,0,19.784
310660000,310660000,0.9999998,-0.0020323982,0.0006299874,-0.0022192087,0.0,0.0,0.0,0.0,0,19.804
310680000,310680000,0.99999976,-0.0020376176,0.0007243679,-0.0022233382,0.0,0.0,0.0,0.0,0,19.824
310700000,310700000,0.99999964,-0.0020579197,0.0008075115,-0.0022282433,0.0,0.0,0.0,0.0,0,19.844
310720000,310720000,0.99999946,-0.0020887821,0.00088352873,-0.0022334333,0.0,0.0,0.0,0.0,0,19.864
310740000,310740000,0.99999934,-0.0021240031,0.00095822546,-0.0022387288,0.0,0.0,0.0,0.0,0,19.884
310760000,310760000,0.99999917,-0.0021606106,0.0010344306,-0.0022440886,0.0,0.0,0.0,0.0,0,19.904
310780000,310780000,0.999999,-0.0021995066,0.0011073278,-0.0022494954,0.0,0.0,0.0,0.0,0,19.924
310800000,310800000,0.99999887,-0.0022327402,0.0011641646,-0.0022543753,0.0,0.0,0.0,0.0,0,19.944
310820000,310820000,0.99999875,-0.002256991,0.0012113297,-0.002259352,0.0,0.0,0.0,0.0,0,19.964
310840000,310840000,0.9999986,-0.0022703693,0.0012616591,-0.0022648703,0.0,0.0,0.0,0.0,0,19.984
310860000,310860000,0.9999985,-0.0022809906,0.0012972113,-0.002270563,0.0,0.0,0.0,0.0,0,20.004
310880000,310880000,0.99999845,-0.002291248,0.0013101253,-0.0022761377,0.0,0.0,0.0,0.0,0,20.024
310900000,310900000,0.9999984,-0.002303084,0.001332203,-0.002281757,0.0,0.0,0.0,0.0,0,20.044
310920000,310920000,0.99999833,-0.0023142323,0.0013697512,-0.0022873832,0.0,0.0,0.0,0.0,0,20.064
310940000,310940000,0.9999983,-0.0023229818,0.0013952268,-0.0022930861,0.0,0.0,0.0,0.0,0,20.084
310960000,310960000,0.9999982,-0.0023221471,0.0014081221,-0.002299021,0.0,0.0,0.0,0.0,0,20.104
310980000,310980000,0.9999982,-0.002314387,0.0014172887,-0.0023050213,0.0,0.0,0.0,0.0,0,20.124
311000000,311000000,0.9999982,-0.0023039475,0.0014179164,-0.0023108635,0.0,0.0,0.0,0.0,0,20.144
311020000,311020000,0.9999982,-0.0022921625,0.0014161656,-0.0023166183,0.0,0.0,0.0,0.0,0,20.164
311040000,311040000,0.9999983,-0.002279349,0.001414903,-0.0023223269,0.0,0.0,0.0,0.0,0,20.184
311060000,311060000,0.9999983,-0.0022582118,0.0014096146,-0.002328153,0.0,0.0,0.0,0.0,0,20.204
311080000,311080000,0.9999984,-0.002227451,0.0013982261,-0.0023339272,0.0,0.0,0.0,0.0,0,20.224
311100000,311100000,0.99999845,-0.0021915168,0.0013820778,-0.0023396371,0.0,0.0,0.0,0.0,0,20.244
311120000,311120000,0.99999857,-0.0021519437,0.0013664516,-0.002345277,0.0,0.0,0.0,0.0,0,20.264
311140000,311140000,0.9999986,-0.002118095,0.0013441253,-0.0023508798,0.0,0.0,0.0,0.0,0,20.284
311160000,311160000,0.99999875,-0.0020943412,0.0013110326,-0.0023565583,0.0,0.0,0.0,0.0,0,20.304
311180000,311180000,0.9999988,-0.0020729087,0.0012751025,-0.002362285,0.0,0.0,0.0,0.0,0,20.324
311200000,311200000,0.99999887,-0.0020501756,0.0012397161,-0.0023680208,0.0,0.0,0.0,0.0,0,20.344
311220000,311220000,0.999999,-0.0020249109,0.0012061247,-0.0023737452,0.0,0.0,0.0,0.0,0,20.364
311240000,311240000,0.99999905,-0.0019964178,0.0011747436,-0.0023794482,0.0,0.0,0.0,0.0,0,20.384
311260000,311260000,0.9999991,-0.001964493,0.0011457918,-0.002385125,0.0,0.0,0.0,0.0,0,20.404
311280000,311280000,0.9999992,-0.0019288481,0.001119263,-0.0023907744,0.0,0.0,0.0,0.0,0,20.424
311300000,311300000,0.9999993,-0.0018894515,0.0010952214,-0.0023963947,0.0,0.0,0.0,0.0,0,20.444
311320000,311320000,0.9999994,-0.001847008,0.0010726609,-0.0024018462,0.0,0.0,0.0,0.0,0,20.464
311340000,311340000,0.99999946,-0.0018048409,0.0010483302,-0.0024071478,0.0,0.0,0.0,0.0,0,20.484
311360000,311360000,0.9999996,-0.001767877,0.0010222079,-0.0024120156,0.0,0.0,0.0,0.0,0,20.504
311380000,311380000,0.99999964,-0.0017311224,0.0009920261,-0.0024165243,0.0,0.0,0.0,0.0,0,20.524
311400000,311400000,0.99999976,-0.0016938003,0.0009529691,-0.0024209819,0.0,0.0,0.0,0.0,0,20.544
311420000,311420000,0.9999998,-0.0016626818,0.00091525796,-0.0024249689,0.0,0.0,0.0,0.0,0,20.564
311440000,311440000,0.9999999,-0.0016388152,0.00087921694,-0.0024290157,0.0,0.0,0.0,0.0,0,20.584
311460000,311460000,0.99999994,-0.0016229412,0.00083797774,-0.0024334204,0.0,0.0,0.0,0.0,0,20.604
311480000,311480000,0.99999994,-0.0016116769,0.000791978,-0.0024379415,0.0,0.0,0.0,0.0,0,20.624
311500000,311500000,1.0,-0.0016035094,0.0007480858,-0.0024420468,0.0,0.0,0.0,0.0,0,20.644
311520000,311520000,1.0,-0.0015975963,0.000699989,-0.002445903,0.0,0.0,0.0,0.0,0,20.664
311540000,311540000,1.0000001,-0.0015938106,0.0006512425,-0.0024495192,0.0,0.0,0.0,0.0,0,20.684
311560000,311560000,1.0000001,-0.0015939765,0.00060431333,-0.002453007,0.0,0.0,0.0,0.0,0,20.704
311580000,311580000,1.0000001,-0.0015983115,0.0005585699,-0.0024561742,0.0,0.0,0.0,0.0,0,20.724
311600000,311600000,1.0000001,-0.001601005,0.0005099865,-0.0024586986,0.0,0.0,0.0,0.0,0,20.744
311620000,311620000,1.0000001,-0.0015951425,0.00045614896,-0.0024602686,0.0,0.0,0.0,0.0,0,20.764
311640000,311640000,1.0000001,-0.0015904224,0.0004084252,-0.0024613026,0.0,0.0,0.0,0.0,0,20.784
311660000,311660000,1.0000002,-0.0015931498,0.0003564591,-0.0024623463,0.0,0.0,0.0,0.0,0,20.804
311680000,311680000,1.0000002,-0.0016058291,0.00029424464,-0.0024635072,0.0,0.0,0.0,0.0,0,20.824
311700000,311700000,1.0000001,-0.0016201817,0.0002282682,-0.0024647345,0.0,0.0,0.0,0.0,0,20.844
311720000,311720000,1.0000001,-0.0016351785,0.00016537747,-0.002465556,0.0,0.0,0.0,0.0,0,20.864
311740000,311740000,1.0000001,-0.001654291,0.00011134696,-0.0024661478,0.0,0.0,0.0,0.0,0,20.884
311760000,311760000,1.0000001,-0.0016813908,5.405215e-05,-0.0024667124,0.0,0.0,0.0,0.0,0,20.904
311780000,311780000,1.0,-0.0017115744,-6.316522e-06,-0.0024673184,0.0,0.0,0.0,0.0,0,20.924
311800000,311800000,1.0,-0.0017393967,-6.6254914e-05,-0.0024679478,0.0,0.0,0.0,0.0,0,20.944
311820000,311820000,0.99999994,-0.0017627622,-0.00012478649,-0.0024685876,0.0,0.0,0.0,0.0,0,20.964
311840000,311840000,0.9999999,-0.0017817703,-0.00018232102,-0.0024691347,0.0,0.0,0.0,0.0,0,20.984
311860000,311860000,0.9999999,-0.0017969852,-0.00023978871,-0.0024695327,0.0,0.0,0.0,0.0,0,21.004
311880000,311880000,0.9999998,-0.0018097316,-0.0002984934,-0.002469755,0.0,0.0,0.0,0.0,0,21.024
311900000,311900000,0.99999976,-0.0018278573,-0.0003664665,-0.0024698828,0.0,0.0,0.0,0.0,0,21.044
311920000,311920000,0.9999997,-0.0018506364,-0.00044167458,-0.0024699578,0.0,0.0,0.0,0.0,0,21.064
311940000,311940000,0.99999964,-0.0018737183,-0.00051476265,-0.0024699364,0.0,0.0,0.0,0.0,0,21.084
311960000,311960000,0.9999995,-0.0018945176,-0.00058586587,-0.0024697988,0.0,0.0,0.0,0.0,0,21.104
311980000,311980000,0.99999946,-0.0019132594,-0.00065716234,-0.002469445,0.0,0.0,0.0,0.0,0,21.124
312000000,312000000,0.99999934,-0.0019341746,-0.0007263956,-0.0024692498,0.0,0.0,0.0,0.0,0,21.144
312020000,312020000,0.9999993,-0.001955874,-0.00079525576,-0.0024686211,0.0,0.0,0.0,0.0,0,21.164
312040000,312040000,0.99999917,-0.0019845958,-0.00086983456,-0.0024676207,0.0,0.0,0.0,0.0,0,21.184
312060000,312060000,0.99999905,-0.0020151879,-0.0009326969,-0.002466456,0.0,0.0,0.0,0.0,0,21.204
312080000,312080000,0.9999989,-0.0020443413,-0.0009802941,-0.002464888,0.0,0.0,0.0,0.0,0,21.224
312100000,312100000,0.9999988,-0.002075573,-0.0010338874,-0.0024626083,0.0,0.0,0.0,0.0,0,21.244
312120000,312120000,0.9999987,-0.0021129053,-0.0010857156,-0.0024594115,0.0,0.0,0.0,0.0,0,21.264
312140000,312140000,0.99999857,-0.0021571903,-0.0011269859,-0.0024554797,0.0,0.0,0.0,0.0,0,21.284
312160000,312160000,0.99999845,-0.0021956,-0.0011672594,-0.0024507872,0.0,0.0,0.0,0.0,0,21.304
312180000,312180000,0.9999984,-0.002220147,-0.0012126993,-0.0024455774,0.0,0.0,0.0,0.0,0,21.324
312200000,312200000,0.9999983,-0.0022337446,-0.0012597317,-0.0024401927,0.0,0.0,0.0,0.0,0,21.344
312220000,312220000,0.9999982,-0.002238363,-0.0013057617,-0.0024347485,0.0,0.0,0.0,0.0,0,21.364
312240000,312240000,0.9999982,-0.0022350082,-0.0013496466,-0.0024292963,0.0,0.0,0.0,0.0,0,21.384
312260000,312260000,0.99999815,-0.0022228798,-0.0013897439,-0.0024236534,0.0,0.0,0.0,0.0,0,21.404
312280000,312280000,0.9999982,-0.002197528,-0.0014210949,-0.002417747,0.0,0.0,0.0,0.0,0,21.424
312300000,312300000,0.9999983,-0.0021635802,-0.0014484628,-0.0024118514,0.0,0.0,0.0,0.0,0,21.444
312320000,312320000,0.99999833,-0.0021158266,-0.0014751048,-0.0024060903,0.0,0.0,0.0,0.0,0,21.464
312340000,312340000,0.99999845,-0.002051231,-0.0015001366,-0.0024001678,0.0,0.0,0.0,0.0,0,21.484
312360000,312360000,0.99999857,-0.0019752602,-0.0015211857,-0.0023939833,0.0,0.0,0.0,0.0,0,21.504
312380000,312380000,0.9999987,-0.001896926,-0.0015447623,-0.0023874121,0.0,0.0,0.0,0.0,0,21.524
312400000,312400000,0.99999887,-0.0018109183,-0.0015684493,-0.002380749,0.0,0.0,0.0,0.0,0,21.544
312420000,312420000,0.999999,-0.0017095751,-0.0015934104,-0.002374011,0.0,0.0,0.0,0.0,0,21.564
312440000,312440000,0.99999917,-0.0015826862,-0.0016200739,-0.0023672965,0.0,0.0,0.0,0.0,0,21.584
312460000,312460000,0.99999934,-0.001448477,-0.0016564535,-0.0023603532,0.0,0.0,0.0,0.0,0,21.604
312480000,312480000,0.9999995,-0.0013186776,-0.0016845381,-0.0023536442,0.0,0.0,0.0,0.0,0,21.624
312500000,312500000,0.99999964,-0.0011968465,-0.0017056017,-0.002347073,0.0,0.0,0.0,0.0,0,21.644
312520000,312520000,0.99999976,-0.0010692872,-0.0017276253,-0.0023406274,0.0,0.0,0.0,0.0,0,21.664
312540000,312540000,0.9999999,-0.00093326246,-0.0017427353,-0.002334353,0.0,0.0,0.0,0.0,0,21.684
312560000,312560000,1.0,-0.0007925111,-0.001750605,-0.0023282776,0.0,0.0,0.0,0.0,0,21.704
312580000,312580000,1.0000001,-0.0006441713,-0.0017673217,-0.0023225022,0.0,0.0,0.0,0.0,0,21.724
312600000,312600000,1.0000001,-0.0004936919,-0.0017788953,-0.0023173133,0.0,0.0,0.0,0.0,0,21.744
312620000,312620000,1.0000002,-0.00034165717,-0.0017804264,-0.0023122677,0.0,0.0,0.0,0.0,0,21.764
312640000,312640000,1.0000002,-0.00018487625,-0.0017768212,-0.0023072362,0.0,0.0,0.0,0.0,0,21.784
312660000,312660000,1.0000004,-2.2399116e-05,-0.0017676417,-0.0023022706,0.0,0.0,0.0,0.0,0,21.804
312680000,312680000,1.0000004,0.00014189127,-0.0017586518,-0.0022976059,0.0,0.0,0.0,0.0,0,21.824
312700000,312700000,1.0000004,0.00029683948,-0.001761876,-0.002293597,0.0,0.0,0.0,0.0,0,21.844
312720000,312720000,1.0000002,0.0004473435,-0.0017681278,-0.0022901783,0.0,0.0,0.0,0.0,0,21.864
312740000,312740000,1.0000002,0.000591135,-0.0017692867,-0.0022875883,0.0,0.0,0.0,0.0,0,21.884
312760000,312760000,1.0000001,0.000728239,-0.0017743991,-0.002285649,0.0,0.0,0.0,0.0,0,21.904
312780000,312780000,1.0,0.00086285564,-0.001781007,-0.0022840586,0.0,0.0,0.0,0.0,0,21.924
312800000,312800000,0.9999999,0.0009901056,-0.0017796442,-0.0022831582,0.0,0.0,0.0,0.0,0,21.944
312820000,312820000,0.99999976,0.001105452,-0.0017816586,-0.0022829634,0.0,0.0,0.0,0.0,0,21.964
312840000,312840000,0.99999964,0.0012101819,-0.0017728918,-0.0022828265,0.0,0.0,0.0,0.0,0,21.984
312860000,312860000,0.9999996,0.0013004688,-0.001756141,-0.0022833338,0.0,0.0,0.0,0.0,0,22.004
312880000,312880000,0.99999946,0.0013776374,-0.0017427352,-0.0022845273,0.0,0.0,0.0,0.0,0,22.024
312900000,312900000,0.9999994,0.0014461173,-0.0017344438,-0.0022863615,0.0,0.0,0.0,0.0,0,22.044
312920000,312920000,0.9999993,0.0015187449,-0.0017196434,-0.0022886742,0.0,0.0,0.0,0.0,0,22.064
312940000,312940000,0.9999992,0.0015899746,-0.0016909615,-0.0022912323,0.0,0.0,0.0,0.0,0,22.084
312960000,312960000,0.99999917,0.0016532312,-0.0016664704,-0.002294203,0.0,0.0,0.0,0.0,0,22.104
312980000,312980000,0.99999905,0.0017134845,-0.0016571853,-0.0022975546,0.0,0.0,0.0,0.0,0,22.124
313000000,313000000,0.999999,0.0017729572,-0.0016443722,-0.0023010974,0.0,0.0,0.0,0.0,0,22.144
313020000,313020000,0.9999989,0.0018342584,-0.0016101483,-0.0023047936,0.0,0.0,0.0,0.0,0,22.164
313040000,313040000,0.99999887,0.0018961556,-0.0015801463,-0.0023086464,0.0,0.0,0.0,0.0,0,22.184
313060000,313060000,0.99999875,0.0019553076,-0.0015558405,-0.0023126004,0.0,0.0,0.0,0.0,0,22.204
313080000,313080000,0.9999987,0.0020051892,-0.0015265949,-0.0023164535,0.0,0.0,0.0,0.0,0,22.224
313100000,313100000,0.9999986,0.002050731,-0.0015057053,-0.0023203075,0.0,0.0,0.0,0.0,0,22.244
313120000,313120000,0.9999985,0.0021035732,-0.0014896116,-0.0023247662,0.0,0.0,0.0,0.0,0,22.264
313140000,313140000,0.9999984,0.0021718147,-0.0014630468,-0.0023299572,0.0,0.0,0.0,0.0,0,22.284
313160000,313160000,0.9999983,0.0022376976,-0.0014350002,-0.0023359936,0.0,0.0,0.0,0.0,0,22.304
313180000,313180000,0.99999815,0.0022952452,-0.0014115681,-0.0023427033,0.0,0.0,0.0,0.0,0,22.324
313200000,313200000,0.9999981,0.002350419,-0.0013868999,-0.0023499522,0.0,0.0,0.0,0.0,0,22.344
313220000,313220000,0.999998,0.0024014264,-0.0013470697,-0.0023573753,0.0,0.0,0.0,0.0,0,22.364
313240000,313240000,0.9999979,0.0024519137,-0.0013074208,-0.002364842,0.0,0.0,0.0,0.0,0,22.384
313260000,313260000,0.9999978,0.0025040964,-0.001283305,-0.0023719869,0.0,0.0,0.0,0.0,0,22.404
313280000,313280000,0.9999977,0.0025484744,-0.0012545871,-0.002378234,0.0,0.0,0.0,0.0,0,22.424
313300000,313300000,0.9999976,0.0025859824,-0.001215804,-0.0023836496,0.0,0.0,0.0,0.0,0,22.444
313320000,313320000,0.99999756,0.0026247655,-0.0011901772,-0.002388813,0.0,0.0,0.0,0.0,0,22.464
313340000,313340000,0.99999744,0.0026699186,-0.0011730044,-0.0023939274,0.0,0.0,0.0,0.0,0,22.484
313360000,313360000,0.9999973,0.0027196857,-0.001133603,-0.0023988653,0.0,0.0,0.0,0.0,0,22.504
313380000,313380000,0.99999726,0.0027590573,-0.0010788646,-0.0024039191,0.0,0.0,0.0,0.0,0,22.524
313400000,313400000,0.9999972,0.0027927791,-0.0010330665,-0.0024087536,0.0,0.0,0.0,0.0,0,22.544
313420000,313420000,0.99999714,0.0028308039,-0.0009967305,-0.0024131197,0.0,0.0,0.0,0.0,0,22.564
313440000,313440000,0.9999971,0.002868613,-0.0009514195,-0.0024169772,0.0,0.0,0.0,0.0,0,22.584
313460000,313460000,0.999997,0.0029015418,-0.0008915376,-0.002420317,0.0,0.0,0.0,0.0,0,22.604
313480000,313480000,0.99999696,0.0029287993,-0.000822248,-0.0024235968,0.0,0.0,0.0,0.0,0,22.624
313500000,313500000,0.99999696,0.0029572763,-0.000748648,-0.0024264331,0.0,0.0,0.0,0.0,0,22.644
313520000,313520000,0.9999969,0.0029955464,-0.0006779011,-0.0024288313,0.0,0.0,0.0,0.0,0,22.664
313540000,313540000,0.9999975,0.0028233523,-0.0004525714,-0.002430189,0.0,0.0,0.0,0.0,0,22.684
313560000,313560000,0.99999976,-0.00025416157,0.0019290749,-0.002415302,0.0,0.0,0.0,0.0,0,22.704
313580000,313580000,0.9999557,-0.0070999856,0.0064542824,-0.0023743566,0.0,0.0,0.0,0.0,0,22.724
313600000,313600000,0.99981403,-0.01588663,0.011105451,-0.0023019116,0.0,0.0,0.0,0.0,0,22.744
313620000,313620000,0.99955964,-0.025339976,0.01557653,-0.0022000985,0.0,0.0,0.0,0.0,0,22.764
313640000,313640000,0.9991841,-0.03505413,0.020179372,-0.0020734891,0.0,0.0,0.0,0.0,0,22.784
313660000,313660000,0.9986945,-0.04476058,0.024722634,-0.0019174353,0.0,0.0,0.0,0.0,0,22.804
313680000,313680000,0.99811274,-0.054209314,0.028956128,-0.0017265972,0.0,0.0,0.0,0.0,0,22.824
313700000,313700000,0.9974657,-0.06318422,0.032813337,-0.0015028097,0.0,0.0,0.0,0.0,0,22.844
313720000,313720000,0.9967799,-0.07153911,0.036325444,-0.0012521395,0.0,0.0,0.0,0.0,0,22.864
313740000,313740000,0.9960792,-0.07918991,0.039538044,-0.0009808722,0.0,0.0,0.0,0.0,0,22.884
313760000,313760000,0.99538416,-0.08612376,0.042445842,-0.00069017726,0.0,0.0,0.0,0.0,0,22.904
313780000,313780000,0.99470866,-0.09238,0.045050498,-0.00038042953,0.0,0.0,0.0,0.0,0,22.924
313800000,313800000,0.99406224,-0.09798867,0.04740805,-5.696559e-05,0.0,0.0,0.0,0.0,0,22.944
313820000,313820000,0.993452,-0.10299417,0.049541708,0.00027734955,0.0,0.0,0.0,0.0,0,22.964
313840000,313840000,0.99288386,-0.107436225,0.05145696,0.00062155526,0.0,0.0,0.0,0.0,0,22.984
313860000,313860000,0.99233997,-0.111491695,0.053283174,0.0009721427,0.0,0.0,0.0,0.0,0,23.004
313880000,313880000,0.9916843,-0.116048984,0.055697847,0.0013032109,0.0,0.0,0.0,0.0,0,23.024
313900000,313900000,0.99072593,-0.12222242,0.059416734,0.0015992704,0.0,0.0,0.0,0.0,0,23.044
313920000,313920000,0.98934466,-0.13055174,0.06448939,0.0019013105,0.0,0.0,0.0,0.0,0,23.064
313940000,313940000,0.98760116,-0.1404793,0.07009553,0.002297249,0.0,0.0,0.0,0.0,0,23.084
313960000,313960000,0.9856381,-0.15103,0.07555524,0.002822446,0.0,0.0,0.0,0.0,0,23.104
313980000,313980000,0.9835955,-0.16139017,0.080561936,0.0034690483,0.0,0.0,0.0,0.0,0,23.124
314000000,314000000,0.98158586,-0.17103495,0.08501534,0.0042135958,0.0,0.0,0.0,0.0,0,23.144
314020000,314020000,0.9796861,-0.17971063,0.08889924,0.005035524,0.0,0.0,0.0,0.0,0,23.164
314040000,314040000,0.97795135,-0.18730165,0.09221343,0.0059197973,0.0,0.0,0.0,0.0,0,23.184
314060000,314060000,0.97641647,-0.19377896,0.09498826,0.006851559,0.0,0.0,0.0,0.0,0,23.204
314080000,314080000,0.9751069,-0.1991409,0.097249135,0.007818707,0.0,0.0,0.0,0.0,0,23.224
314100000,314100000,0.9740351,-0.20341782,0.09903707,0.008808162,0.0,0.0,0.0,0.0,0,23.244
314120000,314120000,0.97320855,-0.20664215,0.10038445,0.00980875,0.0,0.0,0.0,0.0,0,23.264
314140000,314140000,0.9726258,-0.20886599,0.10132298,0.010810915,0.0,0.0,0.0,0.0,0,23.284
314160000,314160000,0.97228295,-0.2101332,0.10188082,0.011805015,0.0,0.0,0.0,0.0,0,23.304
314180000,314180000,0.9721703,-0.2104978,0.10208453,0.012782922,0.0,0.0,0.0,0.0,0,23.324
314200000,314200000,0.9722748,-0.21001618,0.10195755,0.013737404,0.0,0.0,0.0,0.0,0,23.344
314220000,314220000,0.9725799,-0.20874871,0.10152076,0.014661854,0.0,0.0,0.0,0.0,0,23.364
314240000,314240000,0.97306895,-0.20675534,0.100778066,0.01555302,0.0,0.0,0.0,0.0,0,23.384
314260000,314260000,0.97372484,-0.20408008,0.09975626,0.016401628,0.0,0.0,0.0,0.0,0,23.404
314280000,314280000,0.9745289,-0.20077044,0.09847802,0.017200116,0.0,0.0,0.0,0.0,0,23.424
314300000,314300000,0.97545975,-0.19688874,0.096954405,0.017945128,0.0,0.0,0.0,0.0,0,23.444
314320000,314320000,0.97649795,-0.19247997,0.09521166,0.018628784,0.0,0.0,0.0,0.0,0,23.464
314340000,314340000,0.97762614,-0.18759263,0.09324523,0.019250685,0.0,0.0,0.0,0.0,0,23.484
314360000,314360000,0.9788241,-0.18227153,0.09109038,0.019803146,0.0,0.0,0.0,0.0,0,23.504
314380000,314380000,0.9800793,-0.1765484,0.08872835,0.02028777,0.0,0.0,0.0,0.0,0,23.524
314400000,314400000,0.9813725,-0.17047244,0.08618495,0.020699663,0.0,0.0,0.0,0.0,0,23.544
314420000,314420000,0.98269147,-0.16406119,0.083475284,0.021034297,0.0,0.0,0.0,0.0,0,23.564
314440000,314440000,0.98402,-0.15736541,0.08060099,0.021292752,0.0,0.0,0.0,0.0,0,23.584
314460000,314460000,0.9853434,-0.15041642,0.07759823,0.021469066,0.0,0.0,0.0,0.0,0,23.604
314480000,314480000,0.98665446,-0.14323454,0.07443594,0.02156812,0.0,0.0,0.0,0.0,0,23.624
314500000,314500000,0.98793614,-0.13587217,0.071163,0.021585204,0.0,0.0,0.0,0.0,0,23.644
314520000,314520000,0.9891838,-0.12833516,0.067759395,0.021523027,0.0,0.0,0.0,0.0,0,23.664
314540000,314540000,0.99038315,-0.12068086,0.06425926,0.021380918,0.0,0.0,0.0,0.0,0,23.684
314560000,314560000,0.9915297,-0.11290569,0.06068508,0.021156872,0.0,0.0,0.0,0.0,0,23.704
314580000,314580000,0.99261355,-0.10506857,0.05703528,0.020856027,0.0,0.0,0.0,0.0,0,23.724
314600000,314600000,0.99362993,-0.09717828,0.053345345,0.020476973,0.0,0.0,0.0,0.0,0,23.744
314620000,314620000,0.9945754,-0.08926412,0.04959659,0.020025508,0.0,0.0,0.0,0.0,0,23.764
314640000,314640000,0.99544424,-0.08135739,0.045831025,0.01950235,0.0,0.0,0.0,0.0,0,23.784
314660000,314660000,0.99623626,-0.073464006,0.04204528,0.018911662,0.0,0.0,0.0,0.0,0,23.804
314680000,314680000,0.99694735,-0.0656304,0.038267612,0.018257234,0.0,0.0,0.0,0.0,0,23.824
314700000,314700000,0.9975798,-0.05784712,0.034489255,0.017543253,0.0,0.0,0.0,0.0,0,23.844
314720000,314720000,0.9981318,-0.05016391,0.030727902,0.016775373,0.0,0.0,0.0,0.0,0,23.864
314740000,314740000,0.99860543,-0.04256573,0.027016766,0.015956225,0.0,0.0,0.0,0.0,0,23.884
314760000,314760000,0.9990016,-0.035102107,0.02334377,0.015093063,0.0,0.0,0.0,0.0,0,23.904
314780000,314780000,0.9993235,-0.02776799,0.019728443,0.014190692,0.0,0.0,0.0,0.0,0,23.924
314800000,314800000,0.9995739,-0.020594615,0.016165815,0.013255511,0.0,0.0,0.0,0.0,0,23.944
314820000,314820000,0.99975604,-0.013586993,0.012700237,0.012292278,0.0,0.0,0.0,0.0,0,23.964
314840000,314840000,0.9998745,-0.0067623747,0.009304054,0.011307303,0.0,0.0,0.0,0.0,0,23.984
314860000,314860000,0.9999334,-0.00012456652,0.006001381,0.010306172,0.0,0.0,0.0,0.0,0,24.004
314880000,314880000,0.99993753,0.0063222484,0.0027717517,0.009294213,0.0,0.0,0.0,0.0,0,24.024
314900000,314900000,0.99989134,0.012559368,-0.00035254387,0.008277467,0.0,0.0,0.0,0.0,0,24.044
314920000,314920000,0.99979967,0.018588921,-0.0033789868,0.007261277,0.0,0.0,0.0,0.0,0,24.064
314940000,314940000,0.9996677,0.024391783,-0.006293449,0.006250862,0.0,0.0,0.0,0.0,0,24.084
314960000,314960000,0.9995,0.029975552,-0.009100854,0.0052516237,0.0,0.0,0.0,0.0,0,24.104
314980000,314980000,0.9993017,0.03532571,-0.011794993,0.004268795,0.0,0.0,0.0,0.0,0,24.124
315000000,315000000,0.999077,0.040450417,-0.01439016,0.0033062687,0.0,0.0,0.0,0.0,0,24.144
315020000,315020000,0.99883103,0.045335263,-0.0168743,0.0023689703,0.0,0.0,0.0,0.0,0,24.164
315040000,315040000,0.9985677,0.049989063,-0.019251756,0.0014608111,0.0,0.0,0.0,0.0,0,24.184
315060000,315060000,0.99829113,0.05440905,-0.02152344,0.0005855594,0.0,0.0,0.0,0.0,0,24.204
315080000,315080000,0.9980054,0.058594793,-0.023682922,-0.00025290303,0.0,0.0,0.0,0.0,0,24.224
315100000,315100000,0.99771374,0.062550165,-0.025744013,-0.0010524215,0.0,0.0,0.0,0.0,0,24.244
315120000,315120000,0.9974193,0.0662842,-0.027694121,-0.0018089807,0.0,0.0,0.0,0.0,0,24.264
315140000,315140000,0.99712485,0.06979792,-0.02954623,-0.0025211792,0.0,0.0,0.0,0.0,0,24.284
315160000,315160000,0.99683315,0.07309105,-0.031310655,-0.0031876157,0.0,0.0,0.0,0.0,0,24.304
315180000,315180000,0.99654657,0.07616845,-0.032984097,-0.00380627,0.0,0.0,0.0,0.0,0,24.324
315200000,315200000,0.9962673,0.079039566,-0.03455558,-0.004374398,0.0,0.0,0.0,0.0,0,24.344
315220000,315220000,0.9959973,0.081709646,-0.03602897,-0.0048909853,0.0,0.0,0.0,0.0,0,24.364
315240000,315240000,0.99573857,0.08417642,-0.037409503,-0.0053561493,0.0,0.0,0.0,0.0,0,24.384
315260000,315260000,0.995493,0.08643493,-0.038709827,-0.0057707685,0.0,0.0,0.0,0.0,0,24.404
315280000,315280000,0.995263,0.088485,-0.03991917,-0.006133628,0.0,0.0,0.0,0.0,0,24.424
315300000,315300000,0.99504834,0.090346314,-0.04103491,-0.006443878,0.0,0.0,0.0,0.0,0,24.444
315320000,315320000,0.9948492,0.092033,-0.042062104,-0.0067018694,0.0,0.0,0.0,0.0,0,24.464
315340000,315340000,0.99466556,0.09354806,-0.04301854,-0.006909912,0.0,0.0,0.0,0.0,0,24.484
315360000,315360000,0.99449825,0.09489765,-0.043895364,-0.0070682624,0.0,0.0,0.0,0.0,0,24.504
315380000,315380000,0.9943477,0.0960867,-0.04469442,-0.007177655,0.0,0.0,0.0,0.0,0,24.524
315400000,315400000,0.99421424,0.09711522,-0.04542461,-0.0072404356,0.0,0.0,0.0,0.0,0,24.544
315420000,315420000,0.9940986,0.09798438,-0.046081528,-0.0072576376,0.0,0.0,0.0,0.0,0,24.564
315440000,315440000,0.99400103,0.0986985,-0.046662465,-0.007230647,0.0,0.0,0.0,0.0,0,24.584
315460000,315460000,0.99392104,0.09926177,-0.0471793,-0.007162365,0.0,0.0,0.0,0.0,0,24.604
315480000,315480000,0.993857,0.099692546,-0.04763401,-0.007054442,0.0,0.0,0.0,0.0,0,24.624
315500000,315500000,0.99380916,0.09999532,-0.048017785,-0.006908472,0.0,0.0,0.0,0.0,0,24.644
315520000,315520000,0.9937785,0.100163944,-0.048324592,-0.006726061,0.0,0.0,0.0,0.0,0,24.664
315540000,315540000,0.99376416,0.10020338,-0.048567526,-0.0065107266,0.0,0.0,0.0,0.0,0,24.684
315560000,315560000,0.9937647,0.10011965,-0.048761185,-0.0062666805,0.0,0.0,0.0,0.0,0,24.704
315580000,315580000,0.9937796,0.09992056,-0.048899453,-0.005995738,0.0,0.0,0.0,0.0,0,24.724
315600000,315600000,0.99380785,0.09961712,-0.048979063,-0.0056996793,0.0,0.0,0.0,0.0,0,24.744
315620000,315620000,0.99384844,0.099212945,-0.049011845,-0.0053821374,0.0,0.0,0.0,0.0,0,24.764
315640000,315640000,0.9939006,0.09871408,-0.04899753,-0.005045397,0.0,0.0,0.0,0.0,0,24.784
315660000,315660000,0.99396366,0.098129526,-0.048928495,-0.004691076,0.0,0.0,0.0,0.0,0,24.804
315680000,315680000,0.99403685,0.09745901,-0.04881465,-0.0043228837,0.0,0.0,0.0,0.0,0,24.824
315700000,315700000,0.9941192,0.09670977,-0.048659228,-0.003943397,0.0,0.0,0.0,0.0,0,24.844
315720000,315720000,0.9942106,0.09588149,-0.048461016,-0.0035553868,0.0,0.0,0.0,0.0,0,24.864
315740000,315740000,0.99431026,0.09497853,-0.04822103,-0.0031613144,0.0,0.0,0.0,0.0,0,24.884
315760000,315760000,0.994418,0.094006136,-0.04792804,-0.0027625356,0.0,0.0,0.0,0.0,0,24.904
315780000,315780000,0.9945325,0.092968695,-0.047596037,-0.0023625398,0.0,0.0,0.0,0.0,0,24.924
315800000,315800000,0.99465317,0.09186928,-0.04722688,-0.0019633167,0.0,0.0,0.0,0.0,0,24.944
315820000,315820000,0.99477893,0.09071796,-0.046816863,-0.0015663463,0.0,0.0,0.0,0.0,0,24.964
315840000,315840000,0.99490994,0.08951002,-0.04636715,-0.0011743401,0.0,0.0,0.0,0.0,0,24.984
315860000,315860000,0.99504507,0.08825191,-0.045884173,-0.0007894903,0.0,0.0,0.0,0.0,0,25.004
315880000,315880000,0.9951833,0.08695307,-0.045369335,-0.000413495,0.0,0.0,0.0,0.0,0,25.024
315900000,315900000,0.9953231,0.08562296,-0.04483018,-4.8201488e-05,0.0,0.0,0.0,0.0,0,25.044
315920000,315920000,0.9954652,0.08426071,-0.04425025,0.0003061682,0.0,0.0,0.0,0.0,0,25.064
315940000,315940000,0.99560875,0.08287006,-0.043640736,0.0006475348,0.0,0.0,0.0,0.0,0,25.084
315960000,315960000,0.995753,0.081455335,-0.043002542,0.0009744669,0.0,0.0,0.0,0.0,0,25.104
315980000,315980000,0.9958974,0.08001669,-0.042345613,0.0012847087,0.0,0.0,0.0,0.0,0,25.124
316000000,316000000,0.9960421,0.07855352,-0.041667435,0.0015774376,0.0,0.0,0.0,0.0,0,25.144
316020000,316020000,0.9961861,0.077074744,-0.040968332,0.001851978,0.0,0.0,0.0,0.0,0,25.164
316040000,316040000,0.99633,0.07556994,-0.040252704,0.002106656,0.0,0.0,0.0,0.0,0,25.184
316060000,316060000,0.99647266,0.07405164,-0.039525636,0.0023408276,0.0,0.0,0.0,0.0,0,25.204
316080000,316080000,0.9966141,0.072519645,-0.038778473,0.002554749,0.0,0.0,0.0,0.0,0,25.224
316100000,316100000,0.99675417,0.07097638,-0.038014323,0.0027485192,0.0,0.0,0.0,0.0,0,25.244
316120000,316120000,0.9968917,0.069431856,-0.03723861,0.0029214707,0.0,0.0,0.0,0.0,0,25.264
316140000,316140000,0.9970259,0.06790155,-0.036447477,0.003074004,0.0,0.0,0.0,0.0,0,25.284
316160000,316160000,0.99715674,0.0663867,-0.03563731,0.003206459,0.0,0.0,0.0,0.0,0,25.304
316180000,316180000,0.9972851,0.06487301,-0.034812722,0.0033178236,0.0,0.0,0.0,0.0,0,25.324
316200000,316200000,0.997411,0.06335546,-0.033982754,0.0034074371,0.0,0.0,0.0,0.0,0,25.344
316220000,316220000,0.9975343,0.061839607,-0.033139456,0.003476356,0.0,0.0,0.0,0.0,0,25.364
316240000,316240000,0.9976547,0.060322244,-0.032295626,0.0035241542,0.0,0.0,0.0,0.0,0,25.384
316260000,316260000,0.99777204,0.058807254,-0.031450737,0.0035514045,0.0,0.0,0.0,0.0,0,25.404
316280000,316280000,0.99788564,0.057305373,-0.030605791,0.0035589838,0.0,0.0,0.0,0.0,0,25.424
316300000,316300000,0.99799603,0.055807833,-0.029764693,0.0035469746,0.0,0.0,0.0,0.0,0,25.444
316320000,316320000,0.9981029,0.054322522,-0.028921114,0.0035165548,0.0,0.0,0.0,0.0,0,25.464
316340000,316340000,0.99820644,0.052846663,-0.028075976,0.0034685142,0.0,0.0,0.0,0.0,0,25.484
316360000,316360000,0.9983059,0.051389366,-0.027239116,0.003403413,0.0,0.0,0.0,0.0,0,25.504
316380000,316380000,0.99840146,0.04994921,-0.026412323,0.003321506,0.0,0.0,0.0,0.0,0,25.524
316400000,316400000,0.99849343,0.04852502,-0.025591256,0.0032241638,0.0,0.0,0.0,0.0,0,25.544
316420000,316420000,0.9985826,0.047107056,-0.024760537,0.0031132663,0.0,0.0,0.0,0.0,0,25.564
316440000,316440000,0.9986681,0.045708485,-0.02393666,0.0029893161,0.0,0.0,0.0,0.0,0,25.584
316460000,316460000,0.99874985,0.04432655,-0.023126235,0.0028526078,0.0,0.0,0.0,0.0,0,25.604
316480000,316480000,0.9988278,0.042967472,-0.022327999,0.0027043633,0.0,0.0,0.0,0.0,0,25.624
316500000,316500000,0.9989021,0.04163197,-0.021540323,0.002545828,0.0,0.0,0.0,0.0,0,25.644
316520000,316520000,0.9989725,0.040323023,-0.020771347,0.002377729,0.0,0.0,0.0,0.0,0,25.664
316540000,316540000,0.99904007,0.039023746,-0.020008998,0.002201499,0.0,0.0,0.0,0.0,0,25.684
316560000,316560000,0.9991044,0.037743587,-0.019257411,0.0020184696,0.0,0.0,0.0,0.0,0,25.704
316580000,316580000,0.99916553,0.03648257,-0.018519303,0.0018292419,0.0,0.0,0.0,0.0,0,25.724
316600000,316600000,0.99922335,0.035244156,-0.017802166,0.001634412,0.0,0.0,0.0,0.0,0,25.744
316620000,316620000,0.9992786,0.034016453,-0.017095167,0.0014354164,0.0,0.0,0.0,0.0,0,25.764
316640000,316640000,0.9993312,0.03280587,-0.016389083,0.0012336835,0.0,0.0,0.0,0.0,0,25.784
316660000,316660000,0.9993808,0.03161589,-0.015696662,0.0010298066,0.0,0.0,0.0,0.0,0,25.804
316680000,316680000,0.9994276,0.030449377,-0.015023038,0.00082483806,0.0,0.0,0.0,0.0,0,25.824
316700000,316700000,0.9994715,0.029309358,-0.014367563,0.0006197165,0.0,0.0,0.0,0.0,0,25.844
316720000,316720000,0.9995127,0.028196402,-0.013722114,0.0004155941,0.0,0.0,0.0,0.0,0,25.864
316740000,316740000,0.99955165,0.027101222,-0.013079823,0.0002130075,0.0,0.0,0.0,0.0,0,25.884
316760000,316760000,0.99958813,0.026031464,-0.012452616,1.2626052e-05,0.0,0.0,0.0,0.0,0,25.904
316780000,316780000,0.9996221,0.024987306,-0.0118445745,-0.00018460004,0.0,0.0,0.0,0.0,0,25.924
316800000,316800000,0.9996537,0.023973834,-0.0112542985,-0.00037799042,0.0,0.0,0.0,0.0,0,25.944
316820000,316820000,0.99968314,0.0229854,-0.01067772,-0.0005671073,0.0,0.0,0.0,0.0,0,25.964
316840000,316840000,0.9997107,0.022020046,-0.0101106465,-0.00075145153,0.0,0.0,0.0,0.0,0,25.984
316860000,316860000,0.9997365,0.021072308,-0.009550218,-0.0009308694,0.0,0.0,0.0,0.0,0,26.004
316880000,316880000,0.99976045,0.020147191,-0.008999579,-0.0011043862,0.0,0.0,0.0,0.0,0,26.024
316900000,316900000,0.9997826,0.019248445,-0.008464167,-0.0012716299,0.0,0.0,0.0,0.0,0,26.044
316920000,316920000,0.99980307,0.018374907,-0.007949144,-0.001432643,0.0,0.0,0.0,0.0,0,26.064
316940000,316940000,0.99982184,0.017533304,-0.007445473,-0.0015870907,0.0,0.0,0.0,0.0,0,26.084
316960000,316960000,0.9998392,0.016712766,-0.006957434,-0.0017344892,0.0,0.0,0.0,0.0,0,26.104
316980000,316980000,0.99985534,0.015906807,-0.006472134,-0.0018740541,0.0,0.0,0.0,0.0,0,26.124
317000000,317000000,0.99987006,0.015128964,-0.0060031232,-0.0020057876,0.0,0.0,0.0,0.0,0,26.144
317020000,317020000,0.9998835,0.014374159,-0.00556663,-0.0021297922,0.0,0.0,0.0,0.0,0,26.164
317040000,317040000,0.99989563,0.013647874,-0.0051447786,-0.002245615,0.0,0.0,0.0,0.0,0,26.184
317060000,317060000,0.99990666,0.012954515,-0.004729341,-0.0023531553,0.0,0.0,0.0,0.0,0,26.204
317080000,317080000,0.9999168,0.01227792,-0.00433412,-0.0024528196,0.0,0.0,0.0,0.0,0,26.224
317100000,317100000,0.99992603,0.011616977,-0.003956726,-0.0025444585,0.0,0.0,0.0,0.0,0,26.244
317120000,317120000,0.99993443,0.010978971,-0.003581337,-0.0026277786,0.0,0.0,0.0,0.0,0,26.264
317140000,317140000,0.99994195,0.010367097,-0.0032205866,-0.0027027947,0.0,0.0,0.0,0.0,0,26.284
317160000,317160000,0.99994886,0.009771626,-0.002871544,-0.0027697044,0.0,0.0,0.0,0.0,0,26.304
317180000,317180000,0.99995506,0.009194518,-0.0025314074,-0.002828649,0.0,0.0,0.0,0.0,0,26.324
317200000,317200000,0.99996066,0.008639734,-0.0022105945,-0.0028800317,0.0,0.0,0.0,0.0,0,26.344
317220000,317220000,0.99996567,0.008100863,-0.0019043883,-0.002923809,0.0,0.0,0.0,0.0,0,26.364
317240000,317240000,0.9999702,0.0075727864,-0.0016073161,-0.0029602782,0.0,0.0,0.0,0.0,0,26.384
317260000,317260000,0.9999743,0.007058831,-0.0013237271,-0.0029897694,0.0,0.0,0.0,0.0,0,26.404
317280000,317280000,0.99997795,0.0065580257,-0.0010547696,-0.0030123556,0.0,0.0,0.0,0.0,0,26.424
317300000,317300000,0.99998116,0.0060760938,-0.0007984082,-0.0030278836,0.0,0.0,0.0,0.0,0,26.444
317320000,317320000,0.999984,0.005611401,-0.0005569359,-0.0030368802,0.0,0.0,0.0,0.0,0,26.464
317340000,317340000,0.9999865,0.0051675723,-0.00033728432,-0.0030395861,0.0,0.0,0.0,0.0,0,26.484
317360000,317360000,0.9999887,0.004741812,-0.00013866957,-0.0030359037,0.0,0.0,0.0,0.0,0,26.504
317380000,317380000,0.9999906,0.004334981,3.8405917e-05,-0.0030259106,0.0,0.0,0.0,0.0,0,26.524
317400000,317400000,0.9999922,0.003948824,0.00019161613,-0.003010099,0.0,0.0,0.0,0.0,0,26.544
317420000,317420000,0.99999356,0.0035913624,0.00031886535,-0.0029891452,0.0,0.0,0.0,0.0,0,26.564
317440000,317440000,0.99999475,0.003254985,0.0004252856,-0.0029634042,0.0,0.0,0.0,0.0,0,26.584
317460000,317460000,0.9999958,0.0029388098,0.00051535625,-0.0029334559,0.0,0.0,0.0,0.0,0,26.604
317480000,317480000,0.99999666,0.0026487506,0.0006003122,-0.0028997157,0.0,0.0,0.0,0.0,0,26.624
317500000,317500000,0.9999974,0.0023811138,0.0006762405,-0.0028623568,0.0,0.0,0.0,0.0,0,26.644
317520000,317520000,0.99999803,0.002119199,0.0007289187,-0.002821789,0.0,0.0,0.0,0.0,0,26.664
317540000,317540000,0.9999986,0.0018712687,0.0007694194,-0.002778345,0.0,0.0,0.0,0.0,0,26.684
317560000,317560000,0.99999917,0.001635602,0.00080920954,-0.0027325442,0.0,0.0,0.0,0.0,0,26.704
317580000,317580000,0.9999996,0.001404149,0.00084431533,-0.002684888,0.0,0.0,0.0,0.0,0,26.724
317600000,317600000,1.0,0.0011739982,0.0008740881,-0.002635276,0.0,0.0,0.0,0.0,0,26.744
317620000,317620000,1.0000004,0.00095598074,0.0008866885,-0.0025838069,0.0,0.0,0.0,0.0,0,26.764
317640000,317640000,1.0000007,0.0007422379,0.0008932953,-0.002530926,0.0,0.0,0.0,0.0,0,26.784
317660000,317660000,1.000001,0.00053654186,0.0008984554,-0.0024772042,0.0,0.0,0.0,0.0,0,26.804
317680000,317680000,1.0000012,0.00034267257,0.0008961977,-0.002423107,0.0,0.0,0.0,0.0,0,26.824
317700000,317700000,1.0000013,0.00017042615,0.00089351076,-0.0023691629,0.0,0.0,0.0,0.0,0,26.844
317720000,317720000,1.0000014,1.3785388e-05,0.00088802073,-0.0023155075,0.0,0.0,0.0,0.0,0,26.864
317740000,317740000,1.0000015,-0.00012554078,0.00087831216,-0.0022624796,0.0,0.0,0.0,0.0,0,26.884
317760000,317760000,1.0000017,-0.00025825866,0.00086296664,-0.0022107288,0.0,0.0,0.0,0.0,0,26.904
317780000,317780000,1.0000018,-0.00039366586,0.0008438704,-0.0021604896,0.0,0.0,0.0,0.0,0,26.924
317800000,317800000,1.0000018,-0.00052377034,0.0008344911,-0.0021118373,0.0,0.0,0.0,0.0,0,26.944
317820000,317820000,1.0000019,-0.000652895,0.0008272621,-0.0020650148,0.0,0.0,0.0,0.0,0,26.964
317840000,317840000,1.0000019,-0.00077786564,0.0008061175,-0.0020203162,0.0,0.0,0.0,0.0,0,26.984
317860000,317860000,1.0000019,-0.0008944949,0.00078357034,-0.0019775052,0.0,0.0,0.0,0.0,0,27.004
317880000,317880000,1.0000019,-0.0009999675,0.0007546868,-0.001936928,0.0,0.0,0.0,0.0,0,27.024
317900000,317900000,1.0000019,-0.0011001731,0.00070735073,-0.0018983863,0.0,0.0,0.0,0.0,0,27.044
317920000,317920000,1.0000019,-0.0011912978,0.00066173455,-0.0018623022,0.0,0.0,0.0,0.0,0,27.064
317940000,317940000,1.0000019,-0.0012741368,0.00062274537,-0.0018287374,0.0,0.0,0.0,0.0,0,27.084
317960000,317960000,1.0000019,-0.0013477836,0.00057415996,-0.0017974111,0.0,0.0,0.0,0.0,0,27.104
317980000,317980000,1.0000019,-0.0014058307,0.00052820257,-0.0017689521,0.0,0.0,0.0,0.0,0,27.124
318000000,318000000,1.0000018,-0.0014618352,0.00048248412,-0.0017436282,0.0,0.0,0.0,0.0,0,27.144
318020000,318020000,1.0000018,-0.001526088,0.000432004,-0.0017213664,0.0,0.0,0.0,0.0,0,27.164
318040000,318040000,1.0000018,-0.0015815801,0.0003859892,-0.0017017463,0.0,0.0,0.0,0.0,0,27.184
318060000,318060000,1.0000018,-0.0016175569,0.0003460893,-0.0016846806,0.0,0.0,0.0,0.0,0,27.204
318080000,318080000,1.0000018,-0.0016390848,0.0003040842,-0.0016706708,0.0,0.0,0.0,0.0,0,27.224
318100000,318100000,1.0000018,-0.0016512994,0.00025545116,-0.001659272,0.0,0.0,0.0,0.0,0,27.244
318120000,318120000,1.0000018,-0.0016628745,0.0002164759,-0.0016502985,0.0,0.0,0.0,0.0,0,27.264
318140000,318140000,1.0000018,-0.0016654504,0.00017719051,-0.0016435812,0.0,0.0,0.0,0.0,0,27.284
318160000,318160000,1.0000018,-0.0016586384,0.00012691092,-0.0016389381,0.0,0.0,0.0,0.0,0,27.304
318180000,318180000,1.0000019,-0.0016452475,7.727362e-05,-0.0016358335,0.0,0.0,0.0,0.0,0,27.324
318200000,318200000,1.0000019,-0.0016249083,4.2212305e-05,-0.0016342313,0.0,0.0,0.0,0.0,0,27.344
318220000,318220000,1.0000019,-0.0016003163,1.3011778e-05,-0.0016345385,0.0,0.0,0.0,0.0,0,27.364
318240000,318240000,1.000002,-0.0015759281,-1.1422107e-05,-0.0016365885,0.0,0.0,0.0,0.0,0,27.384
318260000,318260000,1.000002,-0.0015544646,-3.3468812e-05,-0.0016406407,0.0,0.0,0.0,0.0,0,27.404
318280000,318280000,1.000002,-0.0015304695,-5.7231577e-05,-0.001646578,0.0,0.0,0.0,0.0,0,27.424
318300000,318300000,1.000002,-0.0014982418,-7.2560375e-05,-0.0016537271,0.0,0.0,0.0,0.0,0,27.444
318320000,318320000,1.0000021,-0.0014604911,-7.712878e-05,-0.001662498,0.0,0.0,0.0,0.0,0,27.464
318340000,318340000,1.0000021,-0.0014241643,-8.273984e-05,-0.0016724963,0.0,0.0,0.0,0.0,0,27.484
318360000,318360000,1.0000021,-0.0013831621,-8.867905e-05,-0.0016835986,0.0,0.0,0.0,0.0,0,27.504
318380000,318380000,1.0000023,-0.0013332086,-8.531118e-05,-0.0016958939,0.0,0.0,0.0,0.0,0,27.524
318400000,318400000,1.0000023,-0.0012764146,-8.681511e-05,-0.001708859,0.0,0.0,0.0,0.0,0,27.544
318420000,318420000,1.0000024,-0.0012150872,-0.00010926294,-0.0017222503,0.0,0.0,0.0,0.0,0,27.564
318440000,318440000,1.0000024,-0.0011454994,-0.0001335946,-0.001736221,0.0,0.0,0.0,0.0,0,27.584
318460000,318460000,1.0000024,-0.0010680191,-0.00014155415,-0.0017507563,0.0,0.0,0.0,0.0,0,27.604
318480000,318480000,1.0000025,-0.000978413,-0.00014433196,-0.0017657798,0.0,0.0,0.0,0.0,0,27.624
318500000,318500000,1.0000026,-0.00088183105,-0.0001604395,-0.0017813783,0.0,0.0,0.0,0.0,0,27.644
318520000,318520000,1.0000026,-0.0007885088,-0.00017312015,-0.0017971583,0.0,0.0,0.0,0.0,0,27.664
318540000,318540000,1.0000026,-0.00070238026,-0.00017264561,-0.0018130472,0.0,0.0,0.0,0.0,0,27.684
318560000,318560000,1.0000026,-0.00062017515,-0.00017875781,-0.0018289536,0.0,0.0,0.0,0.0,0,27.704
318580000,318580000,1.0000027,-0.00054046593,-0.00018768098,-0.001844864,0.0,0.0,0.0,0.0,0,27.724
318600000,318600000,1.0000027,-0.0004638307,-0.00019672472,-0.0018606754,0.0,0.0,0.0,0.0,0,27.744
318620000,318620000,1.0000027,-0.00039109183,-0.00020463395,-0.0018763824,0.0,0.0,0.0,0.0,0,27.764
318640000,318640000,1.0000027,-0.00032228886,-0.00021121612,-0.0018919015,0.0,0.0,0.0,0.0,0,27.784
318660000,318660000,1.0000026,-0.00024956677,-0.00022605152,-0.0019068813,0.0,0.0,0.0,0.0,0,27.804
318680000,318680000,1.0000026,-0.00017364355,-0.00024857634,-0.0019215698,0.0,0.0,0.0,0.0,0,27.824
318700000,318700000,1.0000026,-9.651989e-05,-0.0002708858,-0.0019358953,0.0,0.0,0.0,0.0,0,27.844
318720000,318720000,1.0000026,-2.015604e-05,-0.0002914328,-0.0019499783,0.0,0.0,0.0,0.0,0,27.864
318740000,318740000,1.0000026,6.06258e-05,-0.00031796662,-0.0019632613,0.0,0.0,0.0,0.0,0,27.884
318760000,318760000,1.0000025,0.00014901973,-0.00034910455,-0.001976038,0.0,0.0,0.0,0.0,0,27.904
318780000,318780000,1.0000025,0.00023692271,-0.0003795881,-0.001988268,0.0,0.0,0.0,0.0,0,27.924
318800000,318800000,1.0000024,0.00031323973,-0.0004003277,-0.0019993598,0.0,0.0,0.0,0.0,0,27.944
318820000,318820000,1.0000024,0.00039017326,-0.000424029,-0.0020092393,0.0,0.0,0.0,0.0,0,27.964
318840000,318840000,1.0000023,0.00047190982,-0.00045494313,-0.0020178566,0.0,0.0,0.0,0.0,0,27.984
318860000,318860000,1.0000023,0.0005478588,-0.00048250047,-0.0020251807,0.0,0.0,0.0,0.0,0,28.004
318880000,318880000,1.0000021,0.0006259034,-0.0005145657,-0.00203124,0.0,0.0,0.0,0.0,0,28.024
318900000,318900000,1.0000021,0.0006974228,-0.0005425537,-0.002036016,0.0,0.0,0.0,0.0,0,28.044
318920000,318920000,1.000002,0.00077099056,-0.0005750127,-0.0020395804,0.0,0.0,0.0,0.0,0,28.064
318940000,318940000,1.0000019,0.0008447615,-0.00061246194,-0.0020420607,0.0,0.0,0.0,0.0,0,28.084
318960000,318960000,1.0000019,0.0009021575,-0.0006456686,-0.002043875,0.0,0.0,0.0,0.0,0,28.104
318980000,318980000,1.0000018,0.0009458854,-0.00069016183,-0.0020450582,0.0,0.0,0.0,0.0,0,28.124
319000000,319000000,1.0000017,0.00097606226,-0.0007372734,-0.0020452836,0.0,0.0,0.0,0.0,0,28.144
319020000,319020000,1.0000017,0.0009966656,-0.0007835709,-0.0020445355,0.0,0.0,0.0,0.0,0,28.164
319040000,319040000,1.0000015,0.0010179636,-0.000835768,-0.0020429757,0.0,0.0,0.0,0.0,0,28.184
319060000,319060000,1.0000015,0.0010351782,-0.0008913416,-0.0020409497,0.0,0.0,0.0,0.0,0,28.204
319080000,319080000,1.0000015,0.0010359766,-0.000943902,-0.0020385254,0.0,0.0,0.0,0.0,0,28.224
319100000,319100000,1.0000014,0.0010205361,-0.0009933247,-0.0020355496,0.0,0.0,0.0,0.0,0,28.244
319120000,319120000,1.0000014,0.0009960954,-0.0010520018,-0.0020324232,0.0,0.0,0.0,0.0,0,28.264
319140000,319140000,1.0000014,0.00096342625,-0.0011191241,-0.0020291035,0.0,0.0,0.0,0.0,0,28.284
319160000,319160000,1.0000014,0.0009244356,-0.0011714837,-0.0020253141,0.0,0.0,0.0,0.0,0,28.304
319180000,319180000,1.0000013,0.00088940817,-0.0012218236,-0.0020207404,0.0,0.0,0.0,0.0,0,28.324
319200000,319200000,1.0000013,0.0008582012,-0.0012744969,-0.0020157853,0.0,0.0,0.0,0.0,0,28.344
319220000,319220000,1.0000013,0.0008185142,-0.0013196303,-0.0020099883,0.0,0.0,0.0,0.0,0,28.364
319240000,319240000,1.0000013,0.0007630721,-0.001351782,-0.0020033899,0.0,0.0,0.0,0.0,0,28.384
319260000,319260000,1.0000013,0.00070472114,-0.0013897724,-0.0019959377,0.0,0.0,0.0,0.0,0,28.404
319280000,319280000,1.0000013,0.0006491854,-0.0014251807,-0.0019881402,0.0,0.0,0.0,0.0,0,28.424
319300000,319300000,1.0000014,0.0005933295,-0.0014354852,-0.0019804437,0.0,0.0,0.0,0.0,0,28.444
319320000,319320000,1.0000014,0.0005334085,-0.0014423146,-0.0019730567,0.0,0.0,0.0,0.0,0,28.464
319340000,319340000,1.0000014,0.00047029194,-0.0014478822,-0.0019661689,0.0,0.0,0.0,0.0,0,28.484
319360000,319360000,1.0000015,0.00040983132,-0.0014347145,-0.0019599586,0.0,0.0,0.0,0.0,0,28.504
319380000,319380000,1.0000015,0.000353268,-0.0014058502,-0.0019545879,0.0,0.0,0.0,0.0,0,28.524
319400000,319400000,1.0000017,0.0002934244,-0.0013851953,-0.0019499135,0.0,0.0,0.0,0.0,0,28.544
319420000,319420000,1.0000017,0.0002290544,-0.0013661617,-0.0019461329,0.0,0.0,0.0,0.0,0,28.564
319440000,319440000,1.0000018,0.00016912984,-0.0013343616,-0.0019433113,0.0,0.0,0.0,0.0,0,28.584
319460000,319460000,1.0000018,0.00010576103,-0.0012981471,-0.0019416062,0.0,0.0,0.0,0.0,0,28.604
319480000,319480000,1.0000019,3.5163135e-05,-0.0012555381,-0.0019407443,0.0,0.0,0.0,0.0,0,28.624
319500000,319500000,1.0000019,-3.4832832e-05,-0.0011969998,-0.001940545,0.0,0.0,0.0,0.0,0,28.644
319520000,319520000,1.000002,-0.00010265316,-0.0011433327,-0.0019408462,0.0,0.0,0.0,0.0,0,28.664
319540000,319540000,1.000002,-0.00016451075,-0.0010810604,-0.001941707,0.0,0.0,0.0,0.0,0,28.684
319560000,319560000,1.0000021,-0.0002214598,-0.0010059685,-0.0019429968,0.0,0.0,0.0,0.0,0,28.704
319580000,319580000,1.0000021,-0.00028016823,-0.0009385169,-0.0019444432,0.0,0.0,0.0,0.0,0,28.724
319600000,319600000,1.0000023,-0.00034523022,-0.0008719847,-0.0019461494,0.0,0.0,0.0,0.0,0,28.744
319620000,319620000,1.0000023,-0.0004153,-0.00082031044,-0.0019478872,0.0,0.0,0.0,0.0,0,28.764
319640000,319640000,1.0000023,-0.0004904111,-0.00075709005,-0.0019496286,0.0,0.0,0.0,0.0,0,28.784
319660000,319660000,1.0000023,-0.00056218076,-0.00067229907,-0.0019512522,0.0,0.0,0.0,0.0,0,28.804
319680000,319680000,1.0000023,-0.0006250074,-0.0005872179,-0.0019533571,0.0,0.0,0.0,0.0,0,28.824
319700000,319700000,1.0000023,-0.0006807509,-0.00051172316,-0.001956261,0.0,0.0,0.0,0.0,0,28.844
319720000,319720000,1.0000023,-0.0007320853,-0.0004354048,-0.001959304,0.0,0.0,0.0,0.0,0,28.864
319740000,319740000,1.0000023,-0.00078115193,-0.00034901823,-0.0019624147,0.0,0.0,0.0,0.0,0,28.884
319760000,319760000,1.0000023,-0.00082230417,-0.00025233938,-0.0019654026,0.0,0.0,0.0,0.0,0,28.904
319780000,319780000,1.0000023,-0.0008572644,-0.0001609968,-0.0019684536,0.0,0.0,0.0,0.0,0,28.924
319800000,319800000,1.0000023,-0.00089116127,-6.7031004e-05,-0.0019716986,0.0,0.0,0.0,0.0,0,28.944
319820000,319820000,1.0000021,-0.0009256818,3.4988843e-05,-0.0019751026,0.0,0.0,0.0,0.0,0,28.964
319840000,319840000,1.0000021,-0.00095561787,0.00013012296,-0.0019787317,0.0,0.0,0.0,0.0,0,28.984
319860000,319860000,1.0000021,-0.0009698892,0.00022545444,-0.001982219,0.0,0.0,0.0,0.0,0,29.004
319880000,319880000,1.000002,-0.0009865582,0.0003306525,-0.0019857734,0.0,0.0,0.0,0.0,0,29.024
319900000,319900000,1.000002,-0.0010053659,0.00043885075,-0.0019892752,0.0,0.0,0.0,0.0,0,29.044
319920000,319920000,1.0000019,-0.0010227559,0.0005321029,-0.001992963,0.0,0.0,0.0,0.0,0,29.064
319940000,319940000,1.0000018,-0.0010279492,0.0006239683,-0.0019962366,0.0,0.0,0.0,0.0,0,29.084
319960000,319960000,1.0000018,-0.0010246725,0.0007329154,-0.00199921,0.0,0.0,0.0,0.0,0,29.104
319980000,319980000,1.0000017,-0.0010300041,0.00085329695,-0.0020020688,0.0,0.0,0.0,0.0,0,29.124
320000000,320000000,1.0000015,-0.0010397952,0.0009645791,-0.0020049985,0.0,0.0,0.0,0.0,0,29.144
320020000,320020000,1.0000014,-0.0010384632,0.0010734666,-0.0020077792,0.0,0.0,0.0,0.0,0,29.164
320040000,320040000,1.0000013,-0.0010393882,0.001186391,-0.0020103357,0.0,0.0,0.0,0.0,0,29.184
320060000,320060000,1.0000012,-0.0010452892,0.0012941682,-0.0020126265,0.0,0.0,0.0,0.0,0,29.204
320080000,320080000,1.000001,-0.0010466601,0.0014025178,-0.0020150647,0.0,0.0,0.0,0.0,0,29.224
320100000,320100000,1.0000008,-0.0010448192,0.0015037515,-0.0020176095,0.0,0.0,0.0,0.0,0,29.244
320120000,320120000,1.0000007,-0.0010439798,0.0016000788,-0.0020201285,0.0,0.0,0.0,0.0,0,29.264
320140000,320140000,1.0000005,-0.0010470215,0.0017002999,-0.0020226229,0.0,0.0,0.0,0.0,0,29.284
320160000,320160000,1.0000004,-0.0010527805,0.001798224,-0.002025146,0.0,0.0,0.0,0.0,0,29.304
320180000,320180000,1.0000001,-0.0010594397,0.0018883593,-0.0020276788,0.0,0.0,0.0,0.0,0,29.324
320200000,320200000,1.0,-0.0010637833,0.001974715,-0.002030578,0.0,0.0,0.0,0.0,0,29.344
320220000,320220000,0.9999998,-0.0010658536,0.002057549,-0.0020335682,0.0,0.0,0.0,0.0,0,29.364
320240000,320240000,0.99999964,-0.001069355,0.0021411714,-0.0020366025,0.0,0.0,0.0,0.0,0,29.384
320260000,320260000,0.9999994,-0.0010745409,0.0022254018,-0.0020396607,0.0,0.0,0.0,0.0,0,29.404
320280000,320280000,0.9999992,-0.0010819123,0.002311177,-0.0020427543,0.0,0.0,0.0,0.0,0,29.424
320300000,320300000,0.999999,-0.0010854483,0.0023920054,-0.0020456922,0.0,0.0,0.0,0.0,0,29.444
320320000,320320000,0.99999887,-0.0010751599,0.0024582234,-0.002048383,0.0,0.0,0.0,0.0,0,29.464
320340000,320340000,0.9999987,-0.0010604572,0.0025189149,-0.002050925,0.0,0.0,0.0,0.0,0,29.484
320360000,320360000,0.99999857,-0.0010455882,0.0025786136,-0.0020533856,0.0,0.0,0.0,0.0,0,29.504
320380000,320380000,0.99999845,-0.0010322651,0.0026387298,-0.0020557647,0.0,0.0,0.0,0.0,0,29.524
320400000,320400000,0.9999983,-0.0010139034,0.002692877,-0.002057644,0.0,0.0,0.0,0.0,0,29.544
320420000,320420000,0.9999982,-0.0009800143,0.00273027,-0.002058659,0.0,0.0,0.0,0.0,0,29.564
320440000,320440000,0.9999982,-0.0009331404,0.0027535728,-0.0020591817,0.0,0.0,0.0,0.0,0,29.584
320460000,320460000,0.9999982,-0.000881138,0.0027705138,-0.0020595132,0.0,0.0,0.0,0.0,0,29.604
320480000,320480000,0.9999982,-0.0008281147,0.0027852613,-0.0020597563,0.0,0.0,0.0,0.0,0,29.624
320500000,320500000,0.9999982,-0.0007768667,0.0027968676,-0.0020599654,0.0,0.0,0.0,0.0,0,29.644
320520000,320520000,0.9999983,-0.00071990554,0.0027956164,-0.0020594539,0.0,0.0,0.0,0.0,0,29.664
320540000,320540000,0.99999833,-0.0006543943,0.0027817872,-0.0020586152,0.0,0.0,0.0,0.0,0,29.684
320560000,320560000,0.99999845,-0.0005856974,0.002762158,-0.0020575875,0.0,0.0,0.0,0.0,0,29.704
320580000,320580000,0.99999857,-0.00051388564,0.002737377,-0.0020563472,0.0,0.0,0.0,0.0,0,29.724
320600000,320600000,0.9999987,-0.00044105432,0.0027097836,-0.0020550392,0.0,0.0,0.0,0.0,0,29.744
320620000,320620000,0.9999988,-0.00037218412,0.002677571,-0.0020542098,0.0,0.0,0.0,0.0,0,29.764
320640000,320640000,0.9999989,-0.00031667025,0.0026327649,-0.0020538906,0.0,0.0,0.0,0.0,0,29.784
320660000,320660000,0.9999991,-0.00026929576,0.0025798844,-0.002053621,0.0,0.0,0.0,0.0,0,29.804
320680000,320680000,0.9999992,-0.00022354854,0.002520332,-0.0020532797,0.0,0.0,0.0,0.0,0,29.824
320700000,320700000,0.9999994,-0.00017911295,0.0024572564,-0.0020528948,0.0,0.0,0.0,0.0,0,29.844
320720000,320720000,0.9999996,-0.00013536299,0.002388068,-0.0020525188,0.0,0.0,0.0,0.0,0,29.864
320740000,320740000,0.99999976,-9.362857e-05,0.0023124835,-0.00205215,0.0,0.0,0.0,0.0,0,29.884
320760000,320760000,0.99999994,-5.5401015e-05,0.0022323036,-0.002051935,0.0,0.0,0.0,0.0,0,29.904
320780000,320780000,1.0000001,-3.275443e-05,0.002152537,-0.0020511209,0.0,0.0,0.0,0.0,0,29.924
320800000,320800000,1.0000002,-2.3461393e-05,0.0020774112,-0.0020491094,0.0,0.0,0.0,0.0,0,29.944
320820000,320820000,1.0000005,-9.510626e-06,0.0019922184,-0.0020460465,0.0,0.0,0.0,0.0,0,29.964
320840000,320840000,1.0000007,8.783656e-06,0.0018906782,-0.0020424197,0.0,0.0,0.0,0.0,0,29.984
320860000,320860000,1.0000008,2.365806e-05,0.001795572,-0.0020386414,0.0,0.0,0.0,0.0,0,30.004
320880000,320880000,1.0000011,3.7892434e-05,0.0017087446,-0.0020345524,0.0,0.0,0.0,0.0,0,30.024
320900000,320900000,1.0000012,4.470771e-05,0.001621439,-0.0020303666,0.0,0.0,0.0,0.0,0,30.044
320920000,320920000,1.0000013,5.2276286e-05,0.001546919,-0.002025922,0.0,0.0,0.0,0.0,0,30.064
320940000,320940000,1.0000014,6.3279884e-05,0.0014641648,-0.0020214198,0.0,0.0,0.0,0.0,0,30.084
320960000,320960000,1.0000015,7.26857e-05,0.0013801747,-0.0020168878,0.0,0.0,0.0,0.0,0,30.104
320980000,320980000,1.0000017,7.892002e-05,0.0013139197,-0.0020125855,0.0,0.0,0.0,0.0,0,30.124
321000000,321000000,1.0000018,8.4303734e-05,0.0012461583,-0.0020084027,0.0,0.0,0.0,0.0,0,30.144
321020000,321020000,1.0000019,9.110803e-05,0.0011702444,-0.0020042812,0.0,0.0,0.0,0.0,0,30.164
321040000,321040000,1.0000019,9.9917124e-05,0.0010977086,-0.0020001188,0.0,0.0,0.0,0.0,0,30.184
321060000,321060000,1.000002,0.00010412928,0.0010387363,-0.001995633,0.0,0.0,0.0,0.0,0,30.204
321080000,321080000,1.0000021,0.00010327064,0.00096969586,-0.0019910738,0.0,0.0,0.0,0.0,0,30.224
321100000,321100000,1.0000021,0.00010031777,0.0009064602,-0.0019866405,0.0,0.0,0.0,0.0,0,30.244
321120000,321120000,1.0000023,9.654846e-05,0.0008551052,-0.0019829036,0.0,0.0,0.0,0.0,0,30.264
321140000,321140000,1.0000023,8.249904e-05,0.00079550064,-0.0019798835,0.0,0.0,0.0,0.0,0,30.284
321160000,321160000,1.0000024,6.648968e-05,0.00073361106,-0.001977585,0.0,0.0,0.0,0.0,0,30.304
321180000,321180000,1.0000024,5.43155e-05,0.0006783783,-0.0019753745,0.0,0.0,0.0,0.0,0,30.324
321200000,321200000,1.0000024,4.7393583e-05,0.0006162577,-0.0019731065,0.0,0.0,0.0,0.0,0,30.344
321220000,321220000,1.0000025,4.3947184e-05,0.0005677426,-0.0019710525,0.0,0.0,0.0,0.0,0,30.364
321240000,321240000,1.0000025,4.4181015e-05,0.0005306393,-0.0019692197,0.0,0.0,0.0,0.0,0,30.384
321260000,321260000,1.0000025,3.9381277e-05,0.00049151375,-0.0019679458,0.0,0.0,0.0,0.0,0,30.404
321280000,321280000,1.0000025,3.312511e-05,0.00045174986,-0.0019675374,0.0,0.0,0.0,0.0,0,30.424
321300000,321300000,1.0000025,3.4986573e-05,0.00042636602,-0.001967701,0.0,0.0,0.0,0.0,0,30.444
321320000,321320000,1.0000025,3.3881493e-05,0.00041990436,-0.0019682571,0.0,0.0,0.0,0.0,0,30.464
321340000,321340000,1.0000025,2.6498405e-05,0.000405324,-0.001969026,0.0,0.0,0.0,0.0,0,30.484
321360000,321360000,1.0000025,2.5500063e-05,0.0003846512,-0.0019697712,0.0,0.0,0.0,0.0,0,30.504
321380000,321380000,1.0000025,3.1537245e-05,0.00036749538,-0.0019706623,0.0,0.0,0.0,0.0,0,30.524
321400000,321400000,1.0000025,4.0015726e-05,0.0003460017,-0.0019716022,0.0,0.0,0.0,0.0,0,30.544
321420000,321420000,1.0000025,4.5314322e-05,0.0003243991,-0.00197269,0.0,0.0,0.0,0.0,0,30.564
321440000,321440000,1.0000025,4.834162e-05,0.0003017884,-0.0019737792,0.0,0.0,0.0,0.0,0,30.584
321460000,321460000,1.0000025,4.999122e-05,0.00027718837,-0.0019748625,0.0,0.0,0.0,0.0,0,30.604
321480000,321480000,1.0000026,5.0502364e-05,0.00025042307,-0.001975939,0.0,0.0,0.0,0.0,0,30.624
321500000,321500000,1.0000024,0.00013484589,0.0006656528,-0.0019815355,0.0,0.0,0.0,0.0,0,30.644
321520000,321520000,0.9999762,0.0013614569,0.007123721,-0.0020167427,0.0,0.0,0.0,0.0,0,30.664
321540000,321540000,0.99974287,0.004305776,0.02236761,-0.0021060302,0.0,0.0,0.0,0.0,0,30.684
321560000,321560000,0.999001,0.008729522,0.043871716,-0.0022663923,0.0,0.0,0.0,0.0,0,30.704
321580000,321580000,0.9975631,0.014204989,0.06832839,-0.0025124655,0.0,0.0,0.0,0.0,0,30.724
321600000,321600000,0.99539965,0.02021258,0.0936586,-0.002849723,0.0,0.0,0.0,0.0,0,30.744
321620000,321620000,0.9925762,0.026560863,0.11868122,-0.0032965476,0.0,0.0,0.0,0.0,0,30.764
321640000,321640000,0.9891958,0.03301434,0.1428141,-0.0038572785,0.0,0.0,0.0,0.0,0,30.784
321660000,321660000,0.98539835,0.039297957,0.16563328,-0.004520561,0.0,0.0,0.0,0.0,0,30.804
321680000,321680000,0.9813368,0.04543941,0.18680008,-0.0053131054,0.0,0.0,0.0,0.0,0,30.824
321700000,321700000,0.97716063,0.05119697,0.20617132,-0.0062055117,0.0,0.0,0.0,0.0,0,30.844
321720000,321720000,0.97297686,0.056610037,0.22375974,-0.0072095697,0.0,0.0,0.0,0.0,0,30.864
321740000,321740000,0.9688912,0.061590664,0.23957579,-0.008307891,0.0,0.0,0.0,0.0,0,30.884
321760000,321760000,0.9649665,0.06614108,0.2537401,-0.009494315,0.0,0.0,0.0,0.0,0,30.904
321780000,321780000,0.9612635,0.07026699,0.2663236,-0.01076437,0.0,0.0,0.0,0.0,0,30.924
321800000,321800000,0.95783406,0.07393395,0.27739933,-0.012100532,0.0,0.0,0.0,0.0,0,30.944
321820000,321820000,0.95475066,0.077152245,0.28692403,-0.013503918,0.0,0.0,0.0,0.0,0,30.964
321840000,321840000,0.9520665,0.07988917,0.29491097,-0.014957505,0.0,0.0,0.0,0.0,0,30.984
321860000,321860000,0.94979364,0.082177036,0.30145875,-0.016454883,0.0,0.0,0.0,0.0,0,31.004
321880000,321880000,0.9479432,0.0840055,0.3066474,-0.017977072,0.0,0.0,0.0,0.0,0,31.024
321900000,321900000,0.94650316,0.08541701,0.31058633,-0.019517506,0.0,0.0,0.0,0.0,0,31.044
321920000,321920000,0.94546103,0.08643308,0.31336597,-0.021063799,0.0,0.0,0.0,0.0,0,31.064
321940000,321940000,0.9447971,0.08708406,0.31507605,-0.022606064,0.0,0.0,0.0,0.0,0,31.084
321960000,321960000,0.9444922,0.087383255,0.3157934,-0.024130031,0.0,0.0,0.0,0.0,0,31.104
321980000,321980000,0.9445233,0.08736543,0.31558722,-0.0256291,0.0,0.0,0.0,0.0,0,31.124
322000000,322000000,0.9448674,0.08705886,0.31451765,-0.027095145,0.0,0.0,0.0,0.0,0,31.144
322020000,322020000,0.94549483,0.08648237,0.31266,-0.028515743,0.0,0.0,0.0,0.0,0,31.164
322040000,322040000,0.94638515,0.08566964,0.31005126,-0.029886993,0.0,0.0,0.0,0.0,0,31.184
322060000,322060000,0.9475149,0.08463176,0.30673906,-0.031197213,0.0,0.0,0.0,0.0,0,31.204
322080000,322080000,0.9488592,0.08339447,0.30276775,-0.032440674,0.0,0.0,0.0,0.0,0,31.224
322100000,322100000,0.9503918,0.08196978,0.29818794,-0.033606596,0.0,0.0,0.0,0.0,0,31.244
322120000,322120000,0.9520958,0.08038987,0.29301256,-0.03469514,0.0,0.0,0.0,0.0,0,31.264
322140000,322140000,0.95394695,0.078647576,0.28728914,-0.03569131,0.0,0.0,0.0,0.0,0,31.284
322160000,322160000,0.955925,0.07677312,0.28103966,-0.036594294,0.0,0.0,0.0,0.0,0,31.304
322180000,322180000,0.9580034,0.074770786,0.27431676,-0.037393674,0.0,0.0,0.0,0.0,0,31.324
322200000,322200000,0.9601653,0.07266402,0.2671345,-0.038088985,0.0,0.0,0.0,0.0,0,31.344
322220000,322220000,0.96239144,0.07045452,0.25952348,-0.038672876,0.0,0.0,0.0,0.0,0,31.364
322240000,322240000,0.9646681,0.06815782,0.2514892,-0.03914462,0.0,0.0,0.0,0.0,0,31.384
322260000,322260000,0.96696854,0.06577251,0.24309468,-0.039495546,0.0,0.0,0.0,0.0,0,31.404
322280000,322280000,0.96928304,0.06331342,0.23433457,-0.03972702,0.0,0.0,0.0,0.0,0,31.424
322300000,322300000,0.97158754,0.060787436,0.2252661,-0.039835066,0.0,0.0,0.0,0.0,0,31.444
322320000,322320000,0.97387546,0.05819715,0.21587744,-0.039820462,0.0,0.0,0.0,0.0,0,31.464
322340000,322340000,0.97612375,0.055554986,0.2062292,-0.039681956,0.0,0.0,0.0,0.0,0,31.484
322360000,322360000,0.97832334,0.05285688,0.19632818,-0.03941983,0.0,0.0,0.0,0.0,0,31.504
322380000,322380000,0.9804555,0.050115187,0.1862277,-0.039035115,0.0,0.0,0.0,0.0,0,31.524
322400000,322400000,0.982515,0.04731715,0.17592627,-0.038528454,0.0,0.0,0.0,0.0,0,31.544
322420000,322420000,0.98448235,0.044492558,0.16549072,-0.037905496,0.0,0.0,0.0,0.0,0,31.564
322440000,322440000,0.9863552,0.04161205,0.15491804,-0.0371663,0.0,0.0,0.0,0.0,0,31.584
322460000,322460000,0.9881189,0.038713504,0.14426467,-0.036319174,0.0,0.0,0.0,0.0,0,31.604
322480000,322480000,0.9897709,0.035771944,0.1335377,-0.035366368,0.0,0.0,0.0,0.0,0,31.624
322500000,322500000,0.9913008,0.032820534,0.12278839,-0.03431674,0.0,0.0,0.0,0.0,0,31.644
322520000,322520000,0.99270713,0.02983536,0.11203134,-0.033173878,0.0,0.0,0.0,0.0,0,31.664
322540000,322540000,0.9939827,0.026853433,0.10132028,-0.031947885,0.0,0.0,0.0,0.0,0,31.684
322560000,322560000,0.9951273,0.023851352,0.090679765,-0.030643838,0.0,0.0,0.0,0.0,0,31.704
322580000,322580000,0.99613935,0.020869322,0.08014388,-0.029272784,0.0,0.0,0.0,0.0,0,31.724
322600000,322600000,0.9970222,0.017874507,0.069722585,-0.027840247,0.0,0.0,0.0,0.0,0,31.744
322620000,322620000,0.9977759,0.014912198,0.05945762,-0.026357312,0.0,0.0,0.0,0.0,0,31.764
322640000,322640000,0.99840534,0.011958759,0.049358364,-0.024830995,0.0,0.0,0.0,0.0,0,31.784
322660000,322660000,0.998914,0.009049219,0.039451826,-0.023271993,0.0,0.0,0.0,0.0,0,31.804
322680000,322680000,0.9993075,0.0061547663,0.029755915,-0.021687793,0.0,0.0,0.0,0.0,0,31.824
322700000,322700000,0.9995913,0.0033130066,0.020293731,-0.020088151,0.0,0.0,0.0,0.0,0,31.844
322720000,322720000,0.9997724,0.00049854175,0.011065095,-0.018480944,0.0,0.0,0.0,0.0,0,31.864
322740000,322740000,0.9998574,-0.002249322,0.002108098,-0.016875053,0.0,0.0,0.0,0.0,0,31.884
322760000,322760000,0.9998539,-0.0049588177,-0.006580247,-0.015278474,0.0,0.0,0.0,0.0,0,31.904
322780000,322780000,0.9997696,-0.00759071,-0.014982484,-0.013698867,0.0,0.0,0.0,0.0,0,31.924
322800000,322800000,0.999612,-0.010168825,-0.023110518,-0.012143745,0.0,0.0,0.0,0.0,0,31.944
322816000,322816000,0.99943864,-0.012167257,-0.0293971,-0.010921593,0.0,0.0,0.0,0.0,0,31.96
322836000,322836000,0.9991687,-0.014611481,-0.036995783,-0.009427933,0.0,0.0,0.0,0.0,0,31.98
322856000,322856000,0.9988482,-0.016973834,-0.04426744,-0.007977504,0.0,0.0,0.0,0.0,0,32.0
322876000,322876000,0.9984828,-0.019264868,-0.051251657,-0.006576004,0.0,0.0,0.0,0.0,0,32.02
322896000,322896000,0.9980812,-0.021462785,-0.057922486,-0.0052281083,0.0,0.0,0.0,0.0,0,32.04
322916000,322916000,0.99764884,-0.023571482,-0.06430188,-0.0039383275,0.0,0.0,0.0,0.0,0,32.06
322936000,322936000,0.9971944,-0.025579104,-0.070361905,-0.0027109093,0.0,0.0,0.0,0.0,0,32.08
322956000,322956000,0.99672186,-0.027496632,-0.07613262,-0.0015495258,0.0,0.0,0.0,0.0,0,32.1
322976000,322976000,0.9962389,-0.029316016,-0.08159378,-0.00045757857,0.0,0.0,0.0,0.0,0,32.12
322996000,322996000,0.99574876,-0.031042306,-0.0867733,0.00056253193,0.0,0.0,0.0,0.0,0,32.14
323016000,323016000,0.995258,-0.032671154,-0.09165674,0.0015086211,0.0,0.0,0.0,0.0,0,32.16
323036000,323036000,0.99476904,-0.03419866,-0.09627257,0.0023803255,0.0,0.0,0.0,0.0,0,32.18
323056000,323056000,0.994288,-0.03562713,-0.10060314,0.003175133,0.0,0.0,0.0,0.0,0,32.2
323076000,323076000,0.99381727,-0.03695556,-0.10466822,0.003893142,0.0,0.0,0.0,0.0,0,32.22
323096000,323096000,0.9933619,-0.038190275,-0.10845389,0.0045332424,0.0,0.0,0.0,0.0,0,32.24
323116000,323116000,0.9929215,-0.039320916,-0.1119996,0.0050982675,0.0,0.0,0.0,0.0,0,32.26
323136000,323136000,0.9925014,-0.04037839,-0.11527502,0.0055982242,0.0,0.0,0.0,0.0,0,32.28
323156000,323156000,0.99212885,-0.042082187,-0.11782991,0.005891524,0.0,0.0,0.0,0.0,0,32.3
323176000,323176000,0.9918133,-0.045224275,-0.11932098,0.0057262573,0.0,0.0,0.0,0.0,0,32.32
323196000,323196000,0.99152285,-0.04974084,-0.11996843,0.004993913,0.0,0.0,0.0,0.0,0,32.34
323216000,323216000,0.99122685,-0.055240218,-0.120056294,0.0036582302,0.0,0.0,0.0,0.0,0,32.36
323236000,323236000,0.99091345,-0.061280265,-0.1197556,0.0017149317,0.0,0.0,0.0,0.0,0,32.38
323256000,323256000,0.9905747,-0.067508295,-0.119217485,-0.0008238785,0.0,0.0,0.0,0.0,0,32.4
323276000,323276000,0.9902097,-0.073665135,-0.118540294,-0.0039365496,0.0,0.0,0.0,0.0,0,32.42
323296000,323296000,0.98982173,-0.079525396,-0.11781419,-0.0075874752,0.0,0.0,0.0,0.0,0,32.44
323316000,323316000,0.98941606,-0.08490051,-0.117129184,-0.011728921,0.0,0.0,0.0,0.0,0,32.46
323336000,323336000,0.9890056,-0.08959182,-0.11655311,-0.016299678,0.0,0.0,0.0,0.0,0,32.48
323356000,323356000,0.98860365,-0.09345897,-0.11613092,-0.021234943,0.0,0.0,0.0,0.0,0,32.5
323376000,323376000,0.98822653,-0.09640911,-0.11585292,-0.026471727,0.0,0.0,0.0,0.0,0,32.52
323396000,323396000,0.98788416,-0.09836908,-0.11574694,-0.031939205,0.0,0.0,0.0,0.0,0,32.54
323416000,323416000,0.9875836,-0.09931032,-0.11581798,-0.03756867,0.0,0.0,0.0,0.0,0,32.56
323436000,323436000,0.98732775,-0.099221885,-0.11607799,-0.04328936,0.0,0.0,0.0,0.0,0,32.58
323456000,323456000,0.98711514,-0.09813162,-0.11652752,-0.04903402,0.0,0.0,0.0,0.0,0,32.6
323476000,323476000,0.98694265,-0.096086875,-0.117150374,-0.054739088,0.0,0.0,0.0,0.0,0,32.62
323496000,323496000,0.9868061,-0.09314149,-0.11792528,-0.060341883,0.0,0.0,0.0,0.0,0,32.64
323516000,323516000,0.98669505,-0.08937837,-0.11885357,-0.065782495,0.0,0.0,0.0,0.0,0,32.66
323536000,323536000,0.98660445,-0.08488572,-0.11988668,-0.07100921,0.0,0.0,0.0,0.0,0,32.68
323556000,323556000,0.9865252,-0.07977303,-0.121002056,-0.07597358,0.0,0.0,0.0,0.0,0,32.7
323576000,323576000,0.9864535,-0.074127086,-0.12215793,-0.08063023,0.0,0.0,0.0,0.0,0,32.72
323596000,323596000,0.9863825,-0.06806989,-0.12332961,-0.084941395,0.0,0.0,0.0,0.0,0,32.74
323616000,323616000,0.98631215,-0.061683618,-0.1244769,-0.08887118,0.0,0.0,0.0,0.0,0,32.76
323636000,323636000,0.9862419,-0.05509414,-0.12555434,-0.09239478,0.0,0.0,0.0,0.0,0,32.78
323656000,323656000,0.986173,-0.04837058,-0.12655134,-0.095483206,0.0,0.0,0.0,0.0,0,32.8
323676000,323676000,0.9861093,-0.041619457,-0.1274276,-0.09812031,0.0,0.0,0.0,0.0,0,32.82
323696000,323696000,0.9860534,-0.034919776,-0.12817997,-0.10029101,0.0,0.0,0.0,0.0,0,32.84
323716000,323716000,0.98601437,-0.02833716,-0.12876548,-0.10198619,0.0,0.0,0.0,0.0,0,32.86
323736000,323736000,0.98599434,-0.021963488,-0.12919365,-0.10320325,0.0,0.0,0.0,0.0,0,32.88
323756000,323756000,0.98600173,-0.015843045,-0.12944087,-0.10394132,0.0,0.0,0.0,0.0,0,32.9
323776000,323776000,0.9860441,-0.010057587,-0.1294816,-0.10420902,0.0,0.0,0.0,0.0,0,32.92
323796000,323796000,0.9861226,-0.004630585,-0.12935084,-0.10401052,0.0,0.0,0.0,0.0,0,32.94
323816000,323816000,0.9862435,0.00040130122,-0.12903515,-0.103356875,0.0,0.0,0.0,0.0,0,32.96
323836000,323836000,0.98640853,0.0049861465,-0.12854624,-0.102265686,0.0,0.0,0.0,0.0,0,32.98
323856000,323856000,0.9866218,0.009106824,-0.12787531,-0.100754514,0.0,0.0,0.0,0.0,0,33.0
323876000,323876000,0.9868861,0.012731302,-0.12701306,-0.098846205,0.0,0.0,0.0,0.0,0,33.02
323896000,323896000,0.9871995,0.015864555,-0.12597784,-0.09656198,0.0,0.0,0.0,0.0,0,33.04
323916000,323916000,0.98756135,0.018505465,-0.12476789,-0.09392675,0.0,0.0,0.0,0.0,0,33.06
323936000,323936000,0.98796785,0.020651571,-0.123397104,-0.09096841,0.0,0.0,0.0,0.0,0,33.08
323956000,323956000,0.98841476,0.022316327,-0.12187433,-0.087715104,0.0,0.0,0.0,0.0,0,33.1
323976000,323976000,0.98889685,0.023504984,-0.12020996,-0.08419714,0.0,0.0,0.0,0.0,0,33.12
323996000,323996000,0.989407,0.024252404,-0.1184219,-0.08044248,0.0,0.0,0.0,0.0,0,33.14
324016000,324016000,0.98993903,0.024584532,-0.11651618,-0.076481625,0.0,0.0,0.0,0.0,0,33.16
324036000,324036000,0.9904846,0.024521798,-0.11451619,-0.07234686,0.0,0.0,0.0,0.0,0,33.18
324056000,324056000,0.9910378,0.02410648,-0.11242286,-0.068067715,0.0,0.0,0.0,0.0,0,33.2
324076000,324076000,0.9915912,0.023370463,-0.11025098,-0.063674964,0.0,0.0,0.0,0.0,0,33.22
324096000,324096000,0.99213773,0.02234955,-0.10801719,-0.059199374,0.0,0.0,0.0,0.0,0,33.24
324116000,324116000,0.99267244,0.021074444,-0.10572213,-0.054674175,0.0,0.0,0.0,0.0,0,33.26
324136000,324136000,0.9931894,0.019586982,-0.10337878,-0.050130837,0.0,0.0,0.0,0.0,0,33.28
324156000,324156000,0.99368614,0.017920498,-0.10097778,-0.045599144,0.0,0.0,0.0,0.0,0,33.3
324176000,324176000,0.99415874,0.016115231,-0.09852964,-0.04110622,0.0,0.0,0.0,0.0,0,33.32
324196000,324196000,0.9946062,0.014196324,-0.09602489,-0.036678694,0.0,0.0,0.0,0.0,0,33.34
324216000,324216000,0.99502736,0.01220071,-0.0934608,-0.03234086,0.0,0.0,0.0,0.0,0,33.36
324236000,324236000,0.99542254,0.010156419,-0.09082591,-0.028116422,0.0,0.0,0.0,0.0,0,33.38
324256000,324256000,0.9957905,0.00808997,-0.08813421,-0.024027584,0.0,0.0,0.0,0.0,0,33.4
324276000,324276000,0.9961321,0.006028964,-0.08538046,-0.020094376,0.0,0.0,0.0,0.0,0,33.42
324296000,324296000,0.9964468,0.004009546,-0.0825837,-0.016333748,0.0,0.0,0.0,0.0,0,33.44
324316000,324316000,0.99673563,0.0020493201,-0.079749934,-0.012762676,0.0,0.0,0.0,0.0,0,33.46
324336000,324336000,0.99699974,0.00017821112,-0.07689131,-0.009394958,0.0,0.0,0.0,0.0,0,33.48
324356000,324356000,0.9972402,-0.0015917672,-0.07402471,-0.006243058,0.0,0.0,0.0,0.0,0,33.5
324376000,324376000,0.9974598,-0.0032398335,-0.07114398,-0.0033163945,0.0,0.0,0.0,0.0,0,33.52
324396000,324396000,0.99766,-0.004765174,-0.06826855,-0.0006238079,0.0,0.0,0.0,0.0,0,33.54
324416000,324416000,0.9978423,-0.006152406,-0.06541131,0.0018289828,0.0,0.0,0.0,0.0,0,33.56
324436000,324436000,0.99800915,-0.007380933,-0.0625788,0.004038693,0.0,0.0,0.0,0.0,0,33.58
324456000,324456000,0.99816346,-0.008445462,-0.059761684,0.0060029663,0.0,0.0,0.0,0.0,0,33.6
324476000,324476000,0.9983064,-0.009338776,-0.056979556,0.0077216355,0.0,0.0,0.0,0.0,0,33.62
324496000,324496000,0.9984392,-0.01006879,-0.054243017,0.0091951415,0.0,0.0,0.0,0.0,0,33.64
324516000,324516000,0.9985638,-0.010637793,-0.051551245,0.010425978,0.0,0.0,0.0,0.0,0,33.66
324536000,324536000,0.9986814,-0.011045033,-0.04890899,0.011418286,0.0,0.0,0.0,0.0,0,33.68
324556000,324556000,0.99879307,-0.011293582,-0.04632196,0.012177974,0.0,0.0,0.0,0.0,0,33.7
324576000,324576000,0.99889904,-0.011396588,-0.043798976,0.012711601,0.0,0.0,0.0,0.0,0,33.72
324596000,324596000,0.9989999,-0.0113637885,-0.041345842,0.013027126,0.0,0.0,0.0,0.0,0,33.74
324616000,324616000,0.9990961,-0.01119897,-0.038964044,0.013134037,0.0,0.0,0.0,0.0,0,33.76
324636000,324636000,0.99918777,-0.010918178,-0.03665556,0.013042045,0.0,0.0,0.0,0.0,0,33.78
324656000,324656000,0.99927527,-0.010522747,-0.03441593,0.012762695,0.0,0.0,0.0,0.0,0,33.8
324676000,324676000,0.99935836,-0.010027019,-0.032248165,0.012307536,0.0,0.0,0.0,0.0,0,33.82
324696000,324696000,0.99943715,-0.009442264,-0.030143889,0.011688621,0.0,0.0,0.0,0.0,0,33.84
324716000,324716000,0.99951124,-0.008779863,-0.028109092,0.010918705,0.0,0.0,0.0,0.0,0,33.86
324736000,324736000,0.99958014,-0.0080514625,-0.026144592,0.010010743,0.0,0.0,0.0,0.0,0,33.88
324756000,324756000,0.9996436,-0.007263381,-0.024255237,0.008978315,0.0,0.0,0.0,0.0,0,33.9
324776000,324776000,0.9997016,-0.006428919,-0.022430142,0.00783476,0.0,0.0,0.0,0.0,0,33.92
324796000,324796000,0.99975365,-0.0055509317,-0.020675573,0.006593418,0.0,0.0,0.0,0.0,0,33.94
324816000,324816000,0.99979967,-0.004648451,-0.018982489,0.005267172,0.0,0.0,0.0,0.0,0,33.96
324836000,324836000,0.99983966,-0.0037291688,-0.017345097,0.0038689952,0.0,0.0,0.0,0.0,0,33.98
324856000,324856000,0.9998732,-0.002806519,-0.015776545,0.002412007,0.0,0.0,0.0,0.0,0,34.0
324876000,324876000,0.9999004,-0.0018788296,-0.014281243,0.0009087619,0.0,0.0,0.0,0.0,0,34.02
324896000,324896000,0.9999213,-0.0009619432,-0.012851939,-0.0006289308,0.0,0.0,0.0,0.0,0,34.04
324916000,324916000,0.9999363,-5.9314698e-05,-0.011476425,-0.0021894004,0.0,0.0,0.0,0.0,0,34.06
324936000,324936000,0.99994546,0.0008271015,-0.01016432,-0.0037615548,0.0,0.0,0.0,0.0,0,34.08
324956000,324956000,0.9999493,0.0016920122,-0.008902923,-0.005334624,0.0,0.0,0.0,0.0,0,34.1
324976000,324976000,0.99994785,0.0025357667,-0.0077030812,-0.0068986616,0.0,0.0,0.0,0.0,0,34.12
324996000,324996000,0.9999417,0.0033545604,-0.0065663317,-0.008444502,0.0,0.0,0.0,0.0,0,34.14
325016000,325016000,0.9999313,0.0041358657,-0.005490063,-0.009963194,0.0,0.0,0.0,0.0,0,34.16
325036000,325036000,0.99991715,0.0048753875,-0.004470671,-0.011446778,0.0,0.0,0.0,0.0,0,34.18
325056000,325056000,0.99989986,0.0055679334,-0.0035081485,-0.012887695,0.0,0.0,0.0,0.0,0,34.2
325076000,325076000,0.9998799,0.006216193,-0.002600137,-0.014279088,0.0,0.0,0.0,0.0,0,34.22
325096000,325096000,0.99985784,0.006817411,-0.0017519746,-0.015614697,0.0,0.0,0.0,0.0,0,34.24
325116000,325116000,0.9998343,0.0073657753,-0.00095950294,-0.016889272,0.0,0.0,0.0,0.0,0,34.26
325136000,325136000,0.99980986,0.007857458,-0.0002227261,-0.01809808,0.0,0.0,0.0,0.0,0,34.28
325156000,325156000,0.99978495,0.008300124,0.00046133692,-0.01923708,0.0,0.0,0.0,0.0,0,34.3
325176000,325176000,0.9997601,0.008683819,0.0010955456,-0.020302637,0.0,0.0,0.0,0.0,0,34.32
325196000,325196000,0.99973583,0.009014272,0.0016750054,-0.021291759,0.0,0.0,0.0,0.0,0,34.34
325216000,325216000,0.99971247,0.009293452,0.0022016384,-0.022201825,0.0,0.0,0.0,0.0,0,34.36
325236000,325236000,0.99969035,0.009518934,0.0026892964,-0.023031276,0.0,0.0,0.0,0.0,0,34.38
325256000,325256000,0.99966985,0.009694987,0.0031310192,-0.023779705,0.0,0.0,0.0,0.0,0,34.4
325276000,325276000,0.99965125,0.009819218,0.0035299137,-0.024446547,0.0,0.0,0.0,0.0,0,34.42
325296000,325296000,0.9996347,0.009891701,0.0038908795,-0.025031658,0.0,0.0,0.0,0.0,0,34.44
325316000,325316000,0.9996204,0.009918658,0.004210239,-0.025535364,0.0,0.0,0.0,0.0,0,34.46
325336000,325336000,0.99960846,0.009901362,0.004491322,-0.02595839,0.0,0.0,0.0,0.0,0,34.48
325356000,325356000,0.9995989,0.009844201,0.004733449,-0.026302103,0.0,0.0,0.0,0.0,0,34.5
325376000,325376000,0.9995918,0.009747153,0.004942043,-0.026568215,0.0,0.0,0.0,0.0,0,34.52
325396000,325396000,0.9995872,0.0096093565,0.005118036,-0.026758939,0.0,0.0,0.0,0.0,0,34.54
325416000,325416000,0.999585,0.009431653,0.0052643893,-0.02687695,0.0,0.0,0.0,0.0,0,34.56
325436000,325436000,0.9995849,0.009228256,0.005386423,-0.0269252,0.0,0.0,0.0,0.0,0,34.58
325456000,325456000,0.9995869,0.009006155,0.0054843416,-0.026906569,0.0,0.0,0.0,0.0,0,34.6
325476000,325476000,0.9995908,0.008768069,0.0055584386,-0.026824202,0.0,0.0,0.0,0.0,0,34.62
325496000,325496000,0.9995965,0.008517421,0.0056118127,-0.026682217,0.0,0.0,0.0,0.0,0,34.64
325516000,325516000,0.99960387,0.008247549,0.005642755,-0.02648372,0.0,0.0,0.0,0.0,0,34.66
325536000,325536000,0.99961275,0.007956017,0.0056524877,-0.02623288,0.0,0.0,0.0,0.0,0,34.68
325556000,325556000,0.9996231,0.0076428186,0.005642421,-0.025933156,0.0,0.0,0.0,0.0,0,34.7
325576000,325576000,0.99963456,0.007319637,0.005616094,-0.025588743,0.0,0.0,0.0,0.0,0,34.72
325596000,325596000,0.99964696,0.006983463,0.005573898,-0.025203714,0.0,0.0,0.0,0.0,0,34.74
325616000,325616000,0.99966013,0.006637337,0.005519423,-0.024782462,0.0,0.0,0.0,0.0,0,34.76
325636000,325636000,0.99967396,0.006284222,0.005453828,-0.024328778,0.0,0.0,0.0,0.0,0,34.78
325656000,325656000,0.99968815,0.0059228847,0.005377259,-0.023846652,0.0,0.0,0.0,0.0,0,34.8
325676000,325676000,0.9997027,0.0055524,0.005292259,-0.0233402,0.0,0.0,0.0,0.0,0,34.82
325696000,325696000,0.99971735,0.00518117,0.0051992615,-0.022813471,0.0,0.0,0.0,0.0,0,34.84
325716000,325716000,0.99973196,0.004809379,0.005099309,-0.02227008,0.0,0.0,0.0,0.0,0,34.86
325736000,325736000,0.99974644,0.0044417335,0.0050001936,-0.021713482,0.0,0.0,0.0,0.0,0,34.88
325756000,325756000,0.9997606,0.0040751086,0.004897261,-0.021147208,0.0,0.0,0.0,0.0,0,34.9
325776000,325776000,0.9997746,0.003705179,0.004776378,-0.020575028,0.0,0.0,0.0,0.0,0,34.92
325796000,325796000,0.9997881,0.0033417586,0.004654102,-0.020000048,0.0,0.0,0.0,0.0,0,34.94
325816000,325816000,0.9998011,0.0029900726,0.0045310007,-0.019425284,0.0,0.0,0.0,0.0,0,34.96
325836000,325836000,0.9998136,0.0026441535,0.0044045085,-0.018853754,0.0,0.0,0.0,0.0,0,34.98
325856000,325856000,0.9998255,0.002305248,0.00427654,-0.01828847,0.0,0.0,0.0,0.0,0,35.0
325876000,325876000,0.99983674,0.0019768653,0.0041501634,-0.017732123,0.0,0.0,0.0,0.0,0,35.02
325896000,325896000,0.99984735,0.0016564789,0.0040225037,-0.01718701,0.0,0.0,0.0,0.0,0,35.04
325916000,325916000,0.99985737,0.0013408444,0.0038925293,-0.016655331,0.0,0.0,0.0,0.0,0,35.06
325936000,325936000,0.99986666,0.0010392028,0.0037664108,-0.016139178,0.0,0.0,0.0,0.0,0,35.08
325956000,325956000,0.99987537,0.0007462338,0.0036341592,-0.015640415,0.0,0.0,0.0,0.0,0,35.1
325976000,325976000,0.9998834,0.0004653756,0.0034862666,-0.01516085,0.0,0.0,0.0,0.0,0,35.12
325996000,325996000,0.99989086,0.00020105232,0.003337881,-0.014701877,0.0,0.0,0.0,0.0,0,35.14
326016000,326016000,0.99989766,-5.270893e-05,0.0032007447,-0.0142644225,0.0,0.0,0.0,0.0,0,35.16
326036000,326036000,0.9999039,-0.00029897786,0.0030688506,-0.0138494205,0.0,0.0,0.0,0.0,0,35.18
326056000,326056000,0.9999095,-0.0005330611,0.0029387681,-0.0134580145,0.0,0.0,0.0,0.0,0,35.2
326076000,326076000,0.99991465,-0.00075667264,0.0028075068,-0.013091112,0.0,0.0,0.0,0.0,0,35.22
326096000,326096000,0.9999192,-0.0009639736,0.0026888722,-0.012749659,0.0,0.0,0.0,0.0,0,35.24
326116000,326116000,0.9999232,-0.0011648705,0.0025717514,-0.012434341,0.0,0.0,0.0,0.0,0,35.26
326136000,326136000,0.99992687,-0.0013512648,0.0024545472,-0.01214567,0.0,0.0,0.0,0.0,0,35.28
326156000,326156000,0.99993,-0.0015185137,0.0023427124,-0.011883699,0.0,0.0,0.0,0.0,0,35.3
326176000,326176000,0.9999328,-0.0016690164,0.002239804,-0.011648374,0.0,0.0,0.0,0.0,0,35.32
326196000,326196000,0.9999352,-0.0018077844,0.0021288984,-0.011439116,0.0,0.0,0.0,0.0,0,35.34
326216000,326216000,0.9999373,-0.0019330916,0.0020229635,-0.011256221,0.0,0.0,0.0,0.0,0,35.36
326236000,326236000,0.999939,-0.0020445224,0.001929408,-0.01109927,0.0,0.0,0.0,0.0,0,35.38
326256000,326256000,0.99994045,-0.002140342,0.0018295497,-0.010967556,0.0,0.0,0.0,0.0,0,35.4
326276000,326276000,0.9999416,-0.0022242195,0.001734651,-0.010860734,0.0,0.0,0.0,0.0,0,35.42
326296000,326296000,0.9999425,-0.0022976438,0.0016509012,-0.01077849,0.0,0.0,0.0,0.0,0,35.44
326316000,326316000,0.9999431,-0.0023612974,0.0015744374,-0.010719755,0.0,0.0,0.0,0.0,0,35.46
326336000,326336000,0.99994344,-0.0024141849,0.0014908272,-0.010683565,0.0,0.0,0.0,0.0,0,35.48
326356000,326356000,0.9999437,-0.0024520895,0.0014031719,-0.010669189,0.0,0.0,0.0,0.0,0,35.5
326376000,326376000,0.9999436,-0.002478575,0.0013210628,-0.010675837,0.0,0.0,0.0,0.0,0,35.52
326396000,326396000,0.9999434,-0.0024968996,0.0012375267,-0.0107025085,0.0,0.0,0.0,0.0,0,35.54
326416000,326416000,0.99994296,-0.0025106918,0.0011588557,-0.010747852,0.0,0.0,0.0,0.0,0,35.56
326436000,326436000,0.9999423,-0.0025239908,0.0010917065,-0.0108109545,0.0,0.0,0.0,0.0,0,35.58
326456000,326456000,0.99994147,-0.0025431307,0.0010305216,-0.010890952,0.0,0.0,0.0,0.0,0,35.6
326476000,326476000,0.99994045,-0.002557362,0.0009680223,-0.010986521,0.0,0.0,0.0,0.0,0,35.62
326496000,326496000,0.99993926,-0.0025645008,0.000915285,-0.011096634,0.0,0.0,0.0,0.0,0,35.64
326516000,326516000,0.99993795,-0.0025673022,0.0008736983,-0.011219807,0.0,0.0,0.0,0.0,0,35.66
326536000,326536000,0.9999364,-0.002569684,0.00083733996,-0.011355109,0.0,0.0,0.0,0.0,0,35.68
326556000,326556000,0.9999348,-0.0025788792,0.0008026192,-0.011501284,0.0,0.0,0.0,0.0,0,35.7
326576000,326576000,0.99993294,-0.0025898363,0.00077646,-0.01165721,0.0,0.0,0.0,0.0,0,35.72
326596000,326596000,0.99993104,-0.0025945425,0.00074878597,-0.011821429,0.0,0.0,0.0,0.0,0,35.74
326616000,326616000,0.999929,-0.0025915708,0.00071146927,-0.011993078,0.0,0.0,0.0,0.0,0,35.76
326636000,326636000,0.9999269,-0.002590216,0.0006784508,-0.012170719,0.0,0.0,0.0,0.0,0,35.78
326656000,326656000,0.99992466,-0.0025991823,0.0006524658,-0.01235336,0.0,0.0,0.0,0.0,0,35.8
326676000,326676000,0.9999223,-0.0026174136,0.0006304612,-0.012540389,0.0,0.0,0.0,0.0,0,35.82
326696000,326696000,0.99991983,-0.0026371325,0.00060781155,-0.0127300965,0.0,0.0,0.0,0.0,0,35.84
326716000,326716000,0.9999174,-0.002653553,0.00057566847,-0.0129212,0.0,0.0,0.0,0.0,0,35.86
326736000,326736000,0.9999148,-0.002674387,0.00054269476,-0.013112892,0.0,0.0,0.0,0.0,0,35.88
326756000,326756000,0.99991226,-0.0026984443,0.0005162484,-0.01330474,0.0,0.0,0.0,0.0,0,35.9
326776000,326776000,0.99990964,-0.0027277318,0.0004939477,-0.01349604,0.0,0.0,0.0,0.0,0,35.92
326796000,326796000,0.999907,-0.002757735,0.0004617494,-0.01368548,0.0,0.0,0.0,0.0,0,35.94
326816000,326816000,0.99990433,-0.0027938804,0.0004257005,-0.013872452,0.0,0.0,0.0,0.0,0,35.96
326836000,326836000,0.99990165,-0.002841271,0.00039376412,-0.014056187,0.0,0.0,0.0,0.0,0,35.98
326856000,326856000,0.99989897,-0.002897887,0.00036390565,-0.014236044,0.0,0.0,0.0,0.0,0,36.0
326876000,326876000,0.9998963,-0.0029608093,0.00032351093,-0.014410958,0.0,0.0,0.0,0.0,0,36.02
326896000,326896000,0.99989367,-0.0030159373,0.00027791635,-0.014580954,0.0,0.0,0.0,0.0,0,36.04
326916000,326916000,0.9998911,-0.0030592799,0.00022345946,-0.014745213,0.0,0.0,0.0,0.0,0,36.06
326936000,326936000,0.99988866,-0.0031048101,0.00016810557,-0.014903088,0.0,0.0,0.0,0.0,0,36.08
326956000,326956000,0.9998863,-0.0031516864,0.00011859713,-0.015053775,0.0,0.0,0.0,0.0,0,36.1
326976000,326976000,0.99988395,-0.003198459,7.583513e-05,-0.015197194,0.0,0.0,0.0,0.0,0,36.12
326996000,326996000,0.99988174,-0.0032412282,3.7776652e-05,-0.015333243,0.0,0.0,0.0,0.0,0,36.14
327016000,327016000,0.99987966,-0.003277231,-4.60229e-06,-0.0154614635,0.0,0.0,0.0,0.0,0,36.16
327036000,327036000,0.99987763,-0.0033147049,-4.821322e-05,-0.015581317,0.0,0.0,0.0,0.0,0,36.18
327056000,327056000,0.9998758,-0.0033585085,-9.063496e-05,-0.015692767,0.0,0.0,0.0,0.0,0,36.2
327076000,327076000,0.999874,-0.0034067729,-0.0001345386,-0.015795965,0.0,0.0,0.0,0.0,0,36.22
327096000,327096000,0.9998723,-0.003447945,-0.00019148292,-0.015890764,0.0,0.0,0.0,0.0,0,36.24
327116000,327116000,0.99987084,-0.00348417,-0.0002512953,-0.015977073,0.0,0.0,0.0,0.0,0,36.26
327136000,327136000,0.9998694,-0.0035187176,-0.00031157877,-0.016054943,0.0,0.0,0.0,0.0,0,36.28
327156000,327156000,0.99986815,-0.003552851,-0.00036700908,-0.016124325,0.0,0.0,0.0,0.0,0,36.3
327176000,327176000,0.9998671,-0.0035803218,-0.00041445604,-0.016185157,0.0,0.0,0.0,0.0,0,36.32
327196000,327196000,0.9998661,-0.0035953403,-0.00045312275,-0.016237808,0.0,0.0,0.0,0.0,0,36.34
327216000,327216000,0.99986535,-0.0036002758,-0.00049675006,-0.016283134,0.0,0.0,0.0,0.0,0,36.36
327236000,327236000,0.99986476,-0.0035941352,-0.00055069535,-0.016320903,0.0,0.0,0.0,0.0,0,36.38
327256000,327256000,0.9998643,-0.0035818708,-0.000592629,-0.016351078,0.0,0.0,0.0,0.0,0,36.4
327276000,327276000,0.9998639,-0.0035685936,-0.00061639445,-0.016374413,0.0,0.0,0.0,0.0,0,36.42
327296000,327296000,0.9998637,-0.0035485672,-0.0006418868,-0.016390868,0.0,0.0,0.0,0.0,0,36.44
327316000,327316000,0.9998636,-0.003523046,-0.00067121326,-0.016400876,0.0,0.0,0.0,0.0,0,36.46
327336000,327336000,0.9998637,-0.0034911188,-0.0006945802,-0.016404381,0.0,0.0,0.0,0.0,0,36.48
327356000,327356000,0.9998638,-0.0034557786,-0.0007108395,-0.016401952,0.0,0.0,0.0,0.0,0,36.5
327376000,327376000,0.99986404,-0.0034236584,-0.0007216942,-0.016393788,0.0,0.0,0.0,0.0,0,36.52
327396000,327396000,0.9998644,-0.0033895294,-0.00072628434,-0.016380103,0.0,0.0,0.0,0.0,0,36.54
327416000,327416000,0.9998648,-0.003345429,-0.0007351895,-0.016361495,0.0,0.0,0.0,0.0,0,36.56
327436000,327436000,0.99986535,-0.0032995532,-0.0007425252,-0.01633785,0.0,0.0,0.0,0.0,0,36.58
327456000,327456000,0.99986595,-0.0032596695,-0.0007379797,-0.016309282,0.0,0.0,0.0,0.0,0,36.6
327476000,327476000,0.9998666,-0.003221666,-0.00073137804,-0.016276153,0.0,0.0,0.0,0.0,0,36.62
327496000,327496000,0.9998674,-0.0031823176,-0.0007190559,-0.016239146,0.0,0.0,0.0,0.0,0,36.64
327516000,327516000,0.99986815,-0.0031452174,-0.0007033217,-0.016198387,0.0,0.0,0.0,0.0,0,36.66
327536000,327536000,0.999869,-0.003106835,-0.00068452617,-0.01615426,0.0,0.0,0.0,0.0,0,36.68
327556000,327556000,0.9998699,-0.003063526,-0.00067455956,-0.016106999,0.0,0.0,0.0,0.0,0,36.7
327576000,327576000,0.99987084,-0.0030211718,-0.0006719172,-0.01605671,0.0,0.0,0.0,0.0,0,36.72
327596000,327596000,0.99987185,-0.0029775067,-0.0006558236,-0.016003579,0.0,0.0,0.0,0.0,0,36.74
327616000,327616000,0.99987286,-0.0029289233,-0.0006346786,-0.015947983,0.0,0.0,0.0,0.0,0,36.76
327636000,327636000,0.99987394,-0.002876293,-0.00061617454,-0.015890473,0.0,0.0,0.0,0.0,0,36.78
327656000,327656000,0.99987507,-0.0028243063,-0.0005983555,-0.015831212,0.0,0.0,0.0,0.0,0,36.8
327676000,327676000,0.9998762,-0.00277539,-0.00058029976,-0.015770292,0.0,0.0,0.0,0.0,0,36.82
327696000,327696000,0.9998773,-0.002729839,-0.0005651054,-0.015708005,0.0,0.0,0.0,0.0,0,36.84
327716000,327716000,0.9998784,-0.0026798835,-0.00056046183,-0.015644675,0.0,0.0,0.0,0.0,0,36.86
327736000,327736000,0.99987954,-0.0026257643,-0.0005654244,-0.015580129,0.0,0.0,0.0,0.0,0,36.88
327756000,327756000,0.99988073,-0.0025749293,-0.0005678448,-0.015514266,0.0,0.0,0.0,0.0,0,36.9
327776000,327776000,0.99988186,-0.0025252723,-0.0005722433,-0.015447645,0.0,0.0,0.0,0.0,0,36.92
327796000,327796000,0.99988306,-0.0024741262,-0.0005911587,-0.015380515,0.0,0.0,0.0,0.0,0,36.94
327816000,327816000,0.9998842,-0.002426681,-0.0006187983,-0.01531289,0.0,0.0,0.0,0.0,0,36.96
327836000,327836000,0.9998853,-0.0023767755,-0.0006317169,-0.015245306,0.0,0.0,0.0,0.0,0,36.98
327856000,327856000,0.99988645,-0.0023189906,-0.0006378883,-0.015177923,0.0,0.0,0.0,0.0,0,37.0
327876000,327876000,0.9998876,-0.002262742,-0.00065713614,-0.015110906,0.0,0.0,0.0,0.0,0,37.02
327896000,327896000,0.9998887,-0.0022132248,-0.0006708343,-0.015044874,0.0,0.0,0.0,0.0,0,37.04
327916000,327916000,0.9998898,-0.0021700347,-0.0006750049,-0.014980148,0.0,0.0,0.0,0.0,0,37.06
327936000,327936000,0.9998908,-0.0021216888,-0.00068561756,-0.014916498,0.0,0.0,0.0,0.0,0,37.08
327956000,327956000,0.9998918,-0.0020736754,-0.0006985389,-0.0148544265,0.0,0.0,0.0,0.0,0,37.1
327976000,327976000,0.99989283,-0.0020269451,-0.00070918835,-0.014794225,0.0,0.0,0.0,0.0,0,37.12
327996000,327996000,0.9998938,-0.0019743764,-0.00072378345,-0.014735775,0.0,0.0,0.0,0.0,0,37.14
328016000,328016000,0.9998947,-0.0019197076,-0.0007383667,-0.014679103,0.0,0.0,0.0,0.0,0,37.16
328036000,328036000,0.9998956,-0.0018743416,-0.00074081344,-0.014623959,0.0,0.0,0.0,0.0,0,37.18
328056000,328056000,0.99989647,-0.0018330741,-0.00073655706,-0.014570363,0.0,0.0,0.0,0.0,0,37.2
328076000,328076000,0.9998973,-0.0017860519,-0.00073541707,-0.014518335,0.0,0.0,0.0,0.0,0,37.22
328096000,328096000,0.99989814,-0.0017294812,-0.00074138003,-0.0144676715,0.0,0.0,0.0,0.0,0,37.24
328116000,328116000,0.9998989,-0.0016695308,-0.00073566556,-0.014418627,0.0,0.0,0.0,0.0,0,37.26
328136000,328136000,0.99989974,-0.001604563,-0.0007149747,-0.014370971,0.0,0.0,0.0,0.0,0,37.28
328156000,328156000,0.9999005,-0.0015294701,-0.0006939494,-0.014324581,0.0,0.0,0.0,0.0,0,37.3
328176000,328176000,0.9999013,-0.0014568476,-0.0006640363,-0.014279293,0.0,0.0,0.0,0.0,0,37.32
328196000,328196000,0.99990207,-0.0013842619,-0.00062911963,-0.014235258,0.0,0.0,0.0,0.0,0,37.34
328216000,328216000,0.9999028,-0.0013099556,-0.00059201545,-0.014192453,0.0,0.0,0.0,0.0,0,37.36
328236000,328236000,0.9999035,-0.0012268191,-0.0005599952,-0.01415084,0.0,0.0,0.0,0.0,0,37.38
328256000,328256000,0.9999042,-0.0011455249,-0.00052247575,-0.0141108,0.0,0.0,0.0,0.0,0,37.4
328276000,328276000,0.9999049,-0.001065302,-0.00047422166,-0.014072663,0.0,0.0,0.0,0.0,0,37.42
328296000,328296000,0.99990547,-0.0009803999,-0.00041556262,-0.014036282,0.0,0.0,0.0,0.0,0,37.44
328316000,328316000,0.99990606,-0.00089143874,-0.000351711,-0.014001914,0.0,0.0,0.0,0.0,0,37.46
328336000,328336000,0.9999066,-0.00080078,-0.0002834072,-0.013969531,0.0,0.0,0.0,0.0,0,37.48
328356000,328356000,0.99990714,-0.00070179225,-0.0002185197,-0.013938482,0.0,0.0,0.0,0.0,0,37.5
328376000,328376000,0.9999076,-0.0005966637,-0.0001503636,-0.013908713,0.0,0.0,0.0,0.0,0,37.52
328396000,328396000,0.9999081,-0.0004965347,-6.93112e-05,-0.0138802035,0.0,0.0,0.0,0.0,0,37.54
328416000,328416000,0.9999085,-0.00039915842,4.776971e-06,-0.013853255,0.0,0.0,0.0,0.0,0,37.56
328436000,328436000,0.99990886,-0.0002992358,7.006583e-05,-0.013828012,0.0,0.0,0.0,0.0,0,37.58
328456000,328456000,0.9999092,-0.00019627952,0.00013159389,-0.013804651,0.0,0.0,0.0,0.0,0,37.6
328476000,328476000,0.9999095,-8.979084e-05,0.00019521812,-0.013783492,0.0,0.0,0.0,0.0,0,37.62
328496000,328496000,0.99990976,2.0179477e-05,0.00026422096,-0.013764431,0.0,0.0,0.0,0.0,0,37.64
328516000,328516000,0.99991,0.0001311871,0.00033845622,-0.0137472525,0.0,0.0,0.0,0.0,0,37.66
328536000,328536000,0.9999102,0.0002363886,0.00042243686,-0.013731913,0.0,0.0,0.0,0.0,0,37.68
328556000,328556000,0.99991024,0.0003351925,0.00051082915,-0.013718641,0.0,0.0,0.0,0.0,0,37.7
328576000,328576000,0.99991035,0.00043028823,0.000602911,-0.013707416,0.0,0.0,0.0,0.0,0,37.72
328596000,328596000,0.99991035,0.0005149292,0.000689858,-0.013698255,0.0,0.0,0.0,0.0,0,37.74
328616000,328616000,0.99991035,0.0005910824,0.0007732214,-0.013691011,0.0,0.0,0.0,0.0,0,37.76
328636000,328636000,0.9999103,0.0006612314,0.0008546497,-0.0136855645,0.0,0.0,0.0,0.0,0,37.78
328656000,328656000,0.99991024,0.0007222243,0.00093122,-0.013681445,0.0,0.0,0.0,0.0,0,37.8
328676000,328676000,0.9999102,0.0007715545,0.001000109,-0.013678896,0.0,0.0,0.0,0.0,0,37.82
328696000,328696000,0.9999101,0.00081308145,0.001065218,-0.013677772,0.0,0.0,0.0,0.0,0,37.84
328716000,328716000,0.99991,0.00084173,0.001121396,-0.013677693,0.0,0.0,0.0,0.0,0,37.86
328736000,328736000,0.99990994,0.0008569332,0.0011681382,-0.013678278,0.0,0.0,0.0,0.0,0,37.88
328756000,328756000,0.9999099,0.000864532,0.0012110408,-0.013679113,0.0,0.0,0.0,0.0,0,37.9
328776000,328776000,0.9999098,0.0008688826,0.001254298,-0.013680155,0.0,0.0,0.0,0.0,0,37.92
328796000,328796000,0.9999097,0.00087608356,0.0013038075,-0.013681792,0.0,0.0,0.0,0.0,0,37.94
328816000,328816000,0.99990964,0.0008764768,0.0013500891,-0.0136843305,0.0,0.0,0.0,0.0,0,37.96
328836000,328836000,0.9999095,0.000866414,0.0013896023,-0.013687245,0.0,0.0,0.0,0.0,0,37.98
328856000,328856000,0.99990946,0.0008553989,0.0014231988,-0.0136899315,0.0,0.0,0.0,0.0,0,38.0
328876000,328876000,0.9999094,0.00084345083,0.0014560312,-0.013692047,0.0,0.0,0.0,0.0,0,38.02
328896000,328896000,0.99990934,0.0008254571,0.0014957223,-0.0136931855,0.0,0.0,0.0,0.0,0,38.04
328916000,328916000,0.9999093,0.0008140622,0.0015268484,-0.013693459,0.0,0.0,0.0,0.0,0,38.06
328936000,328936000,0.9999093,0.00080133963,0.0015492584,-0.013692526,0.0,0.0,0.0,0.0,0,38.08
328956000,328956000,0.9999093,0.0007826035,0.0015736634,-0.013689973,0.0,0.0,0.0,0.0,0,38.1
328976000,328976000,0.99990934,0.00075978035,0.0016015221,-0.013685741,0.0,0.0,0.0,0.0,0,38.12
328996000,328996000,0.9999094,0.0007360424,0.0016310745,-0.013679656,0.0,0.0,0.0,0.0,0,38.14
329016000,329016000,0.99990946,0.00071164686,0.0016626298,-0.013671709,0.0,0.0,0.0,0.0,0,38.16
329036000,329036000,0.9999095,0.000686447,0.001696169,-0.013662006,0.0,0.0,0.0,0.0,0,38.18
329056000,329056000,0.9999097,0.00065393513,0.0017251396,-0.013650971,0.0,0.0,0.0,0.0,0,38.2
329076000,329076000,0.9999098,0.0006142794,0.0017497804,-0.013638266,0.0,0.0,0.0,0.0,0,38.22
329096000,329096000,0.99991,0.0005711489,0.0017734359,-0.013623809,0.0,0.0,0.0,0.0,0,38.24
329116000,329116000,0.99991024,0.00052620674,0.001797766,-0.013607572,0.0,0.0,0.0,0.0,0,38.26
329136000,329136000,0.9999104,0.00048015706,0.0018232439,-0.013589547,0.0,0.0,0.0,0.0,0,38.28
329156000,329156000,0.99991065,0.00043337067,0.0018502572,-0.013569739,0.0,0.0,0.0,0.0,0,38.3
329176000,329176000,0.99991095,0.00038594738,0.0018786897,-0.013548155,0.0,0.0,0.0,0.0,0,38.32
329196000,329196000,0.9999112,0.00033677733,0.0019074782,-0.013524865,0.0,0.0,0.0,0.0,0,38.34
329216000,329216000,0.99991155,0.0002784132,0.0019258823,-0.013499641,0.0,0.0,0.0,0.0,0,38.36
329236000,329236000,0.9999119,0.0002200335,0.0019342325,-0.013472516,0.0,0.0,0.0,0.0,0,38.38
329256000,329256000,0.99991226,0.0001621485,0.0019386306,-0.0134436255,0.0,0.0,0.0,0.0,0,38.4
329276000,329276000,0.9999127,0.000104451516,0.0019420179,-0.013413002,0.0,0.0,0.0,0.0,0,38.42
329296000,329296000,0.99991316,4.7056084e-05,0.0019448625,-0.013380744,0.0,0.0,0.0,0.0,0,38.44
329316000,329316000,0.9999136,-8.9514115e-06,0.0019466381,-0.013346922,0.0,0.0,0.0,0.0,0,38.46
329336000,329336000,0.99991405,-6.1188046e-05,0.0019389299,-0.013311765,0.0,0.0,0.0,0.0,0,38.48
329356000,329356000,0.9999146,-0.00010641548,0.0019179117,-0.013275251,0.0,0.0,0.0,0.0,0,38.5
329376000,329376000,0.9999151,-0.00014937294,0.0018933838,-0.013237097,0.0,0.0,0.0,0.0,0,38.52
329396000,329396000,0.9999157,-0.00019235109,0.0018682758,-0.01319724,0.0,0.0,0.0,0.0,0,38.54
329416000,329416000,0.9999163,-0.00023650001,0.0018418083,-0.013155795,0.0,0.0,0.0,0.0,0,38.56
329436000,329436000,0.9999169,-0.00027844447,0.0018125082,-0.013112837,0.0,0.0,0.0,0.0,0,38.58
329456000,329456000,0.99991804,-0.0007279083,0.0012553554,-0.013071826,0.0,0.0,0.0,0.0,0,38.6
329476000,329476000,0.9999078,-0.0040018153,-0.0027366925,-0.013040235,0.0,0.0,0.0,0.0,0,38.62
329496000,329496000,0.9998255,-0.010221806,-0.0091588255,-0.013028094,0.0,0.0,0.0,0.0,0,38.64
329516000,329516000,0.99964094,-0.017802011,-0.015487947,-0.013051085,0.0,0.0,0.0,0.0,0,38.66
329536000,329536000,0.99934953,-0.025852881,-0.021668524,-0.013105085,0.0,0.0,0.0,0.0,0,38.68
329556000,329556000,0.99894357,-0.03408721,-0.028019646,-0.013185548,0.0,0.0,0.0,0.0,0,38.7
329576000,329576000,0.9984374,-0.042244993,-0.034210544,-0.013299713,0.0,0.0,0.0,0.0,0,38.72
329596000,329596000,0.99785733,-0.050144486,-0.039929613,-0.013455792,0.0,0.0,0.0,0.0,0,38.74
329616000,329616000,0.99722993,-0.05761447,-0.045119744,-0.013651255,0.0,0.0,0.0,0.0,0,38.76
329636000,329636000,0.99657434,-0.06455145,-0.0498915,-0.013877142,0.0,0.0,0.0,0.0,0,38.78
329656000,329656000,0.99584806,-0.07135309,-0.05481842,-0.014120087,0.0,0.0,0.0,0.0,0,38.8
329676000,329676000,0.9949224,-0.078870736,-0.060924545,-0.014355844,0.0,0.0,0.0,0.0,0,38.82
329696000,329696000,0.99366397,-0.0877677,-0.068738855,-0.0145893805,0.0,0.0,0.0,0.0,0,38.84
329716000,329716000,0.992003,-0.09817819,-0.07796753,-0.014873182,0.0,0.0,0.0,0.0,0,38.86
329736000,329736000,0.9900009,-0.10953456,-0.08761249,-0.015282034,0.0,0.0,0.0,0.0,0,38.88
329756000,329756000,0.9877706,-0.12113395,-0.09692068,-0.015849464,0.0,0.0,0.0,0.0,0,38.9
329776000,329776000,0.9854383,-0.13235277,-0.105491824,-0.016575098,0.0,0.0,0.0,0.0,0,38.92
329796000,329796000,0.9831143,-0.14277393,-0.113167346,-0.017440787,0.0,0.0,0.0,0.0,0,38.94
329816000,329816000,0.9808872,-0.15217711,-0.11988309,-0.018430062,0.0,0.0,0.0,0.0,0,38.96
329836000,329836000,0.9788209,-0.16044825,-0.12567464,-0.019519145,0.0,0.0,0.0,0.0,0,38.98
329856000,329856000,0.9769592,-0.16757463,-0.13057694,-0.02069325,0.0,0.0,0.0,0.0,0,39.0
329876000,329876000,0.97533226,-0.1735491,-0.13466965,-0.02192909,0.0,0.0,0.0,0.0,0,39.02
329896000,329896000,0.97395796,-0.17841154,-0.13800552,-0.023213057,0.0,0.0,0.0,0.0,0,39.04
329916000,329916000,0.9728463,-0.18219358,-0.14065228,-0.024526885,0.0,0.0,0.0,0.0,0,39.06
329936000,329936000,0.97199965,-0.1849527,-0.1426518,-0.025859855,0.0,0.0,0.0,0.0,0,39.08
329956000,329956000,0.9714106,-0.18674818,-0.14406961,-0.027196988,0.0,0.0,0.0,0.0,0,39.1
329976000,329976000,0.9710699,-0.18764439,-0.14494139,-0.028529625,0.0,0.0,0.0,0.0,0,39.12
329996000,329996000,0.97096187,-0.18771006,-0.14531414,-0.029846922,0.0,0.0,0.0,0.0,0,39.14
330016000,330016000,0.97107166,-0.18700819,-0.14521396,-0.031140935,0.0,0.0,0.0,0.0,0,39.16
330036000,330036000,0.97138256,-0.18560122,-0.14466202,-0.032405,0.0,0.0,0.0,0.0,0,39.18
330056000,330056000,0.97187585,-0.18354271,-0.14369285,-0.03362907,0.0,0.0,0.0,0.0,0,39.2
330076000,330076000,0.9725316,-0.18088529,-0.14233951,-0.034803804,0.0,0.0,0.0,0.0,0,39.22
330096000,330096000,0.9733294,-0.17769104,-0.1406208,-0.035924453,0.0,0.0,0.0,0.0,0,39.24
330116000,330116000,0.97425216,-0.17400272,-0.13855326,-0.036984492,0.0,0.0,0.0,0.0,0,39.26
330136000,330136000,0.97528195,-0.16987142,-0.13614449,-0.037980776,0.0,0.0,0.0,0.0,0,39.28
330156000,330156000,0.9763964,-0.16534895,-0.13343684,-0.038904443,0.0,0.0,0.0,0.0,0,39.3
330176000,330176000,0.97758174,-0.16046666,-0.13043535,-0.039751347,0.0,0.0,0.0,0.0,0,39.32
330196000,330196000,0.9788167,-0.15528497,-0.12716869,-0.04051757,0.0,0.0,0.0,0.0,0,39.34
330216000,330216000,0.9800927,-0.14981475,-0.12363491,-0.04119885,0.0,0.0,0.0,0.0,0,39.36
330236000,330236000,0.98138845,-0.14411438,-0.1198767,-0.041790694,0.0,0.0,0.0,0.0,0,39.38
330256000,330256000,0.98269415,-0.13819696,-0.11590747,-0.042288486,0.0,0.0,0.0,0.0,0,39.4
330276000,330276000,0.98399633,-0.13210891,-0.11173548,-0.042692974,0.0,0.0,0.0,0.0,0,39.42
330296000,330296000,0.98528415,-0.1258681,-0.107389726,-0.042999648,0.0,0.0,0.0,0.0,0,39.44
330316000,330316000,0.9865478,-0.119508505,-0.102874376,-0.043209855,0.0,0.0,0.0,0.0,0,39.46
330336000,330336000,0.9877763,-0.11305875,-0.09822503,-0.04332094,0.0,0.0,0.0,0.0,0,39.48
330356000,330356000,0.9889644,-0.10652983,-0.093446225,-0.043333314,0.0,0.0,0.0,0.0,0,39.5
330376000,330376000,0.9901024,-0.09996103,-0.08856493,-0.0432483,0.0,0.0,0.0,0.0,0,39.52
330396000,330396000,0.991187,-0.093345314,-0.083603576,-0.043065023,0.0,0.0,0.0,0.0,0,39.54
330416000,330416000,0.99221075,-0.08673952,-0.078563035,-0.0427904,0.0,0.0,0.0,0.0,0,39.56
330436000,330436000,0.9931723,-0.080126755,-0.07347065,-0.04242297,0.0,0.0,0.0,0.0,0,39.58
330456000,330456000,0.99406606,-0.0735603,-0.06833147,-0.041969556,0.0,0.0,0.0,0.0,0,39.6
330476000,330476000,0.9948895,-0.06702882,-0.06320409,-0.041428715,0.0,0.0,0.0,0.0,0,39.62
330496000,330496000,0.9956422,-0.06056337,-0.058073644,-0.040808152,0.0,0.0,0.0,0.0,0,39.64
330516000,330516000,0.9963227,-0.05417324,-0.052976623,-0.040111184,0.0,0.0,0.0,0.0,0,39.66
330536000,330536000,0.9969332,-0.04787475,-0.047887094,-0.03934557,0.0,0.0,0.0,0.0,0,39.68
330556000,330556000,0.9974723,-0.04167917,-0.04286825,-0.038513973,0.0,0.0,0.0,0.0,0,39.7
330576000,330576000,0.9979432,-0.035585362,-0.037903026,-0.037622713,0.0,0.0,0.0,0.0,0,39.72
330596000,330596000,0.99834675,-0.029614655,-0.033024803,-0.03667742,0.0,0.0,0.0,0.0,0,39.74
330616000,330616000,0.99868613,-0.0237633,-0.02823179,-0.035684317,0.0,0.0,0.0,0.0,0,39.76
330636000,330636000,0.9989638,-0.018048318,-0.023540271,-0.034649696,0.0,0.0,0.0,0.0,0,39.78
330656000,330656000,0.9991828,-0.012473592,-0.018961584,-0.033580016,0.0,0.0,0.0,0.0,0,39.8
330676000,330676000,0.99934673,-0.007059185,-0.014500171,-0.03248206,0.0,0.0,0.0,0.0,0,39.82
330696000,330696000,0.9994593,-0.0017919403,-0.0101694735,-0.031361848,0.0,0.0,0.0,0.0,0,39.84
330716000,330716000,0.99952435,0.0033104594,-0.005964798,-0.030225797,0.0,0.0,0.0,0.0,0,39.86
330736000,330736000,0.99954575,0.008254979,-0.0019047888,-0.029080201,0.0,0.0,0.0,0.0,0,39.88
330756000,330756000,0.9995274,0.01303156,0.002026529,-0.027931098,0.0,0.0,0.0,0.0,0,39.9
330776000,330776000,0.9994731,0.017650153,0.0058088535,-0.026784256,0.0,0.0,0.0,0.0,0,39.92
330796000,330796000,0.9993867,0.022096898,0.009455028,-0.025644885,0.0,0.0,0.0,0.0,0,39.94
330816000,330816000,0.999272,0.026379416,0.012942012,-0.024518743,0.0,0.0,0.0,0.0,0,39.96
330836000,330836000,0.9991321,0.030502915,0.016299414,-0.02341031,0.0,0.0,0.0,0.0,0,39.98
330856000,330856000,0.9989709,0.034460776,0.019499438,-0.022324625,0.0,0.0,0.0,0.0,0,40.0
330876000,330876000,0.9987915,0.038250435,0.02256882,-0.021264976,0.0,0.0,0.0,0.0,0,40.02
330896000,330896000,0.99859715,0.041876383,0.025489131,-0.020236112,0.0,0.0,0.0,0.0,0,40.04
330916000,330916000,0.9983902,0.045342114,0.02828476,-0.019240625,0.0,0.0,0.0,0.0,0,40.06
330936000,330936000,0.99817413,0.048644617,0.030934542,-0.018282862,0.0,0.0,0.0,0.0,0,40.08
330956000,330956000,0.99795073,0.051790435,0.033460367,-0.017364964,0.0,0.0,0.0,0.0,0,40.1
330976000,330976000,0.9977234,0.0547756,0.03584521,-0.01649016,0.0,0.0,0.0,0.0,0,40.12
330996000,330996000,0.9974937,0.05760102,0.038109142,-0.015659874,0.0,0.0,0.0,0.0,0,40.14
331016000,331016000,0.997264,0.06027002,0.040245973,-0.014876661,0.0,0.0,0.0,0.0,0,40.16
331036000,331036000,0.997036,0.0627831,0.04226911,-0.01414156,0.0,0.0,0.0,0.0,0,40.18
331056000,331056000,0.9968125,0.06513545,0.044161238,-0.0134568,0.0,0.0,0.0,0.0,0,40.2
331076000,331076000,0.9965942,0.06733598,0.04594057,-0.012822525,0.0,0.0,0.0,0.0,0,40.22
331096000,331096000,0.9963825,0.069391385,0.047602884,-0.012240404,0.0,0.0,0.0,0.0,0,40.24
331116000,331116000,0.9961781,0.07130585,0.049159486,-0.011710431,0.0,0.0,0.0,0.0,0,40.26
331136000,331136000,0.99598163,0.07309167,0.050607137,-0.0112326415,0.0,0.0,0.0,0.0,0,40.28
331156000,331156000,0.99579406,0.07474843,0.051954422,-0.010805522,0.0,0.0,0.0,0.0,0,40.3
331176000,331176000,0.9956172,0.07627103,0.0531923,-0.010430041,0.0,0.0,0.0,0.0,0,40.32
331196000,331196000,0.99545157,0.07766085,0.05433224,-0.010104911,0.0,0.0,0.0,0.0,0,40.34
331216000,331216000,0.99529713,0.07892234,0.0553843,-0.009828051,0.0,0.0,0.0,0.0,0,40.36
331236000,331236000,0.99515426,0.08006169,0.056347623,-0.00959908,0.0,0.0,0.0,0.0,0,40.38
331256000,331256000,0.9950232,0.08107984,0.057230577,-0.0094159115,0.0,0.0,0.0,0.0,0,40.4
331276000,331276000,0.99490446,0.08198327,0.05802446,-0.0092786355,0.0,0.0,0.0,0.0,0,40.42
331296000,331296000,0.9947986,0.08277954,0.058719516,-0.009187007,0.0,0.0,0.0,0.0,0,40.44
331316000,331316000,0.9947059,0.08346223,0.059327807,-0.009137805,0.0,0.0,0.0,0.0,0,40.46
331336000,331336000,0.99462634,0.084031545,0.059857525,-0.00912856,0.0,0.0,0.0,0.0,0,40.48
331356000,331356000,0.9945601,0.08448515,0.060313098,-0.009157146,0.0,0.0,0.0,0.0,0,40.5
331376000,331376000,0.9945069,0.08482934,0.060696784,-0.009221801,0.0,0.0,0.0,0.0,0,40.52
331396000,331396000,0.9944659,0.085075356,0.061007947,-0.009320735,0.0,0.0,0.0,0.0,0,40.54
331416000,331416000,0.99443716,0.08522188,0.06125199,-0.009451145,0.0,0.0,0.0,0.0,0,40.56
331436000,331436000,0.9944211,0.08526793,0.06142299,-0.009611473,0.0,0.0,0.0,0.0,0,40.58
331456000,331456000,0.9944172,0.08522172,0.06152021,-0.009799782,0.0,0.0,0.0,0.0,0,40.6
331476000,331476000,0.99442464,0.0850828,0.061557774,-0.0100128595,0.0,0.0,0.0,0.0,0,40.62
331496000,331496000,0.9944426,0.08485694,0.06154088,-0.010248337,0.0,0.0,0.0,0.0,0,40.64
331516000,331516000,0.99447095,0.08454607,0.061467584,-0.010503749,0.0,0.0,0.0,0.0,0,40.66
331536000,331536000,0.9945095,0.08415446,0.06133325,-0.010777454,0.0,0.0,0.0,0.0,0,40.68
331556000,331556000,0.99455774,0.083682425,0.06114595,-0.011066746,0.0,0.0,0.0,0.0,0,40.7
331576000,331576000,0.9946144,0.08313625,0.060912695,-0.011369006,0.0,0.0,0.0,0.0,0,40.72
331596000,331596000,0.9946793,0.08251893,0.06063319,-0.01168217,0.0,0.0,0.0,0.0,0,40.74
331616000,331616000,0.994752,0.081838965,0.060297895,-0.0120050935,0.0,0.0,0.0,0.0,0,40.76
331636000,331636000,0.99483204,0.08109723,0.059911095,-0.012335378,0.0,0.0,0.0,0.0,0,40.78
331656000,331656000,0.99491894,0.08028932,0.05948529,-0.012669787,0.0,0.0,0.0,0.0,0,40.8
331676000,331676000,0.9950127,0.07941644,0.059014197,-0.013007187,0.0,0.0,0.0,0.0,0,40.82
331696000,331696000,0.9951126,0.078483075,0.058500547,-0.013345452,0.0,0.0,0.0,0.0,0,40.84
331716000,331716000,0.9952181,0.07749126,0.057947185,-0.013682854,0.0,0.0,0.0,0.0,0,40.86
331736000,331736000,0.99532783,0.076452285,0.05735957,-0.014017509,0.0,0.0,0.0,0.0,0,40.88
331756000,331756000,0.9954417,0.07536303,0.056740567,-0.014347124,0.0,0.0,0.0,0.0,0,40.9
331776000,331776000,0.9955591,0.07422991,0.056087863,-0.014670974,0.0,0.0,0.0,0.0,0,40.92
331796000,331796000,0.99567944,0.07305374,0.055407964,-0.014987077,0.0,0.0,0.0,0.0,0,40.94
331816000,331816000,0.9958026,0.071832664,0.054704018,-0.015293461,0.0,0.0,0.0,0.0,0,40.96
331836000,331836000,0.99592817,0.07057147,0.05397013,-0.015589295,0.0,0.0,0.0,0.0,0,40.98
331856000,331856000,0.9960555,0.0692777,0.053209648,-0.015872966,0.0,0.0,0.0,0.0,0,41.0
331876000,331876000,0.9961837,0.067957796,0.052423365,-0.016143925,0.0,0.0,0.0,0.0,0,41.02
331896000,331896000,0.99631274,0.066613086,0.051611632,-0.016401362,0.0,0.0,0.0,0.0,0,41.04
331916000,331916000,0.9964426,0.0652398,0.050773848,-0.016643314,0.0,0.0,0.0,0.0,0,41.06
331936000,331936000,0.99657273,0.063844495,0.049912065,-0.016868815,0.0,0.0,0.0,0.0,0,41.08
331956000,331956000,0.9967025,0.062431622,0.049029585,-0.017077442,0.0,0.0,0.0,0.0,0,41.1
331976000,331976000,0.99683124,0.061006095,0.048131008,-0.017268652,0.0,0.0,0.0,0.0,0,41.12
331996000,331996000,0.9969589,0.059560295,0.04722763,-0.017440336,0.0,0.0,0.0,0.0,0,41.14
332016000,332016000,0.9970851,0.058091428,0.046328995,-0.017591214,0.0,0.0,0.0,0.0,0,41.16
332036000,332036000,0.9972099,0.05660527,0.04542318,-0.017721545,0.0,0.0,0.0,0.0,0,41.18
332056000,332056000,0.9973331,0.055116016,0.04449667,-0.017832818,0.0,0.0,0.0,0.0,0,41.2
332076000,332076000,0.9974546,0.0536204,0.04355541,-0.017924316,0.0,0.0,0.0,0.0,0,41.22
332096000,332096000,0.99757344,0.05212165,0.042612832,-0.01799525,0.0,0.0,0.0,0.0,0,41.24
332116000,332116000,0.99768955,0.050623097,0.041669097,-0.018045526,0.0,0.0,0.0,0.0,0,41.26
332136000,332136000,0.9978032,0.04912321,0.040719774,-0.018075002,0.0,0.0,0.0,0.0,0,41.28
332156000,332156000,0.9979146,0.047618505,0.039762113,-0.018084275,0.0,0.0,0.0,0.0,0,41.3
332176000,332176000,0.9980234,0.046105232,0.038807776,-0.018072994,0.0,0.0,0.0,0.0,0,41.32
332196000,332196000,0.99812984,0.044578083,0.037857696,-0.018040953,0.0,0.0,0.0,0.0,0,41.34
332216000,332216000,0.99823326,0.043048576,0.036913924,-0.017989026,0.0,0.0,0.0,0.0,0,41.36
332236000,332236000,0.9983332,0.04153058,0.035972632,-0.017918414,0.0,0.0,0.0,0.0,0,41.38
332256000,332256000,0.9984293,0.040031128,0.03503793,-0.01782939,0.0,0.0,0.0,0.0,0,41.4
332276000,332276000,0.9985218,0.03854868,0.03410568,-0.017722348,0.0,0.0,0.0,0.0,0,41.42
332296000,332296000,0.99861073,0.037079036,0.033184502,-0.017597565,0.0,0.0,0.0,0.0,0,41.44
332316000,332316000,0.998696,0.035618715,0.032279942,-0.017455522,0.0,0.0,0.0,0.0,0,41.46
332336000,332336000,0.9987774,0.034177028,0.031393006,-0.017297346,0.0,0.0,0.0,0.0,0,41.48
332356000,332356000,0.99885523,0.032756392,0.030515082,-0.017123774,0.0,0.0,0.0,0.0,0,41.5
332376000,332376000,0.99892914,0.031364016,0.029650204,-0.016935432,0.0,0.0,0.0,0.0,0,41.52
332396000,332396000,0.9989995,0.029995926,0.028799638,-0.016732944,0.0,0.0,0.0,0.0,0,41.54
332416000,332416000,0.9990665,0.028647032,0.02796076,-0.016517634,0.0,0.0,0.0,0.0,0,41.56
332436000,332436000,0.99913055,0.027316354,0.027124098,-0.016290572,0.0,0.0,0.0,0.0,0,41.58
332456000,332456000,0.99919105,0.026015114,0.026304793,-0.016052624,0.0,0.0,0.0,0.0,0,41.6
332476000,332476000,0.99924827,0.024735723,0.025502924,-0.01580449,0.0,0.0,0.0,0.0,0,41.62
332496000,332496000,0.99930245,0.023476698,0.024714489,-0.015547262,0.0,0.0,0.0,0.0,0,41.64
332516000,332516000,0.9993536,0.022247018,0.023938067,-0.015282169,0.0,0.0,0.0,0.0,0,41.66
332536000,332536000,0.9994014,0.02105499,0.023181621,-0.015009918,0.0,0.0,0.0,0.0,0,41.68
332556000,332556000,0.99944633,0.019895673,0.022433428,-0.014731769,0.0,0.0,0.0,0.0,0,41.7
332576000,332576000,0.99948865,0.018760804,0.021699203,-0.014448394,0.0,0.0,0.0,0.0,0,41.72
332596000,332596000,0.99952805,0.017654957,0.020989312,-0.014160901,0.0,0.0,0.0,0.0,0,41.74
332616000,332616000,0.9995647,0.016579846,0.020303952,-0.0138698695,0.0,0.0,0.0,0.0,0,41.76
332636000,332636000,0.99959886,0.015531327,0.019638248,-0.013576555,0.0,0.0,0.0,0.0,0,41.78
332656000,332656000,0.99963087,0.014508102,0.018983351,-0.013282453,0.0,0.0,0.0,0.0,0,41.8
332676000,332676000,0.99966055,0.013520501,0.018340789,-0.012988514,0.0,0.0,0.0,0.0,0,41.82
332696000,332696000,0.999688,0.012570017,0.017713737,-0.012695521,0.0,0.0,0.0,0.0,0,41.84
332716000,332716000,0.99971354,0.011647827,0.01709977,-0.0124041885,0.0,0.0,0.0,0.0,0,41.86
332736000,332736000,0.99973696,0.010755821,0.016510412,-0.012115237,0.0,0.0,0.0,0.0,0,41.88
332756000,332756000,0.9997586,0.009897171,0.015937552,-0.011829539,0.0,0.0,0.0,0.0,0,41.9
332776000,332776000,0.99977857,0.009074189,0.015371533,-0.011547777,0.0,0.0,0.0,0.0,0,41.92
332796000,332796000,0.999797,0.008286079,0.014811296,-0.011270321,0.0,0.0,0.0,0.0,0,41.94
332816000,332816000,0.99981415,0.007524658,0.014256257,-0.010997804,0.0,0.0,0.0,0.0,0,41.96
332836000,332836000,0.9998299,0.0067907907,0.013710165,-0.01073141,0.0,0.0,0.0,0.0,0,41.98
332856000,332856000,0.9998444,0.0060796696,0.013180831,-0.010471658,0.0,0.0,0.0,0.0,0,42.0
332876000,332876000,0.9998576,0.005394316,0.012663194,-0.010219177,0.0,0.0,0.0,0.0,0,42.02
332896000,332896000,0.99986976,0.004739184,0.012151738,-0.00997442,0.0,0.0,0.0,0.0,0,42.04
332916000,332916000,0.99988073,0.004124789,0.011655174,-0.0097380765,0.0,0.0,0.0,0.0,0,42.06
332936000,332936000,0.9998906,0.003550705,0.01117123,-0.009510735,0.0,0.0,0.0,0.0,0,42.08
332956000,332956000,0.9998996,0.0030135233,0.010693753,-0.009292982,0.0,0.0,0.0,0.0,0,42.1
332976000,332976000,0.9999079,0.0025034412,0.010223086,-0.009085041,0.0,0.0,0.0,0.0,0,42.12
332996000,332996000,0.9999154,0.002020596,0.009758896,-0.008886866,0.0,0.0,0.0,0.0,0,42.14
333016000,333016000,0.9999222,0.0015653138,0.009304158,-0.008698752,0.0,0.0,0.0,0.0,0,42.16
333036000,333036000,0.9999283,0.0011347834,0.00886632,-0.0085209785,0.0,0.0,0.0,0.0,0,42.18
333056000,333056000,0.99993366,0.0007312207,0.008452492,-0.008353916,0.0,0.0,0.0,0.0,0,42.2
333076000,333076000,0.9999385,0.00035031876,0.008050092,-0.008198284,0.0,0.0,0.0,0.0,0,42.22
333096000,333096000,0.99994284,-1.3131553e-05,0.0076531735,-0.008053996,0.0,0.0,0.0,0.0,0,42.24
333116000,333116000,0.99994665,-0.00035437752,0.007274798,-0.00792093,0.0,0.0,0.0,0.0,0,42.26
333136000,333136000,0.99995,-0.0006753353,0.00691541,-0.0077992775,0.0,0.0,0.0,0.0,0,42.28
333156000,333156000,0.9999529,-0.0009793157,0.006571541,-0.0076890234,0.0,0.0,0.0,0.0,0,42.3
333176000,333176000,0.99995553,-0.0012606556,0.006234458,-0.007589756,0.0,0.0,0.0,0.0,0,42.32
333196000,333196000,0.99995786,-0.0015155422,0.005903287,-0.007501491,0.0,0.0,0.0,0.0,0,42.34
333216000,333216000,0.9999599,-0.0017472662,0.0055854246,-0.007424088,0.0,0.0,0.0,0.0,0,42.36
333236000,333236000,0.9999616,-0.00195879,0.0052817557,-0.0073577627,0.0,0.0,0.0,0.0,0,42.38
333256000,333256000,0.9999631,-0.0021528439,0.004989627,-0.007302254,0.0,0.0,0.0,0.0,0,42.4
333276000,333276000,0.9999645,-0.0023212647,0.0047008884,-0.0072570583,0.0,0.0,0.0,0.0,0,42.42
333296000,333296000,0.9999656,-0.0024681785,0.004425447,-0.0072215493,0.0,0.0,0.0,0.0,0,42.44
333316000,333316000,0.99996656,-0.002595659,0.0041744485,-0.007195645,0.0,0.0,0.0,0.0,0,42.46
333336000,333336000,0.9999674,-0.0027047612,0.003925551,-0.0071787685,0.0,0.0,0.0,0.0,0,42.48
333356000,333356000,0.9999681,-0.002800277,0.0036868462,-0.007170126,0.0,0.0,0.0,0.0,0,42.5
333376000,333376000,0.9999687,-0.0028873624,0.0034529117,-0.007168935,0.0,0.0,0.0,0.0,0,42.52
333396000,333396000,0.9999692,-0.0029628885,0.0032279466,-0.0071748225,0.0,0.0,0.0,0.0,0,42.54
333416000,333416000,0.9999696,-0.0030241245,0.0030131477,-0.0071875313,0.0,0.0,0.0,0.0,0,42.56
333436000,333436000,0.9999699,-0.0030690385,0.0028090982,-0.0072069536,0.0,0.0,0.0,0.0,0,42.58
333456000,333456000,0.9999702,-0.0030972399,0.0026156574,-0.007232956,0.0,0.0,0.0,0.0,0,42.6
333476000,333476000,0.9999704,-0.003113577,0.0024313838,-0.007264888,0.0,0.0,0.0,0.0,0,42.62
333496000,333496000,0.99997044,-0.0031308897,0.0022641008,-0.0073019,0.0,0.0,0.0,0.0,0,42.64
333516000,333516000,0.99997044,-0.003147314,0.0020997138,-0.0073433663,0.0,0.0,0.0,0.0,0,42.66
333536000,333536000,0.99997044,-0.003157509,0.001927146,-0.00738886,0.0,0.0,0.0,0.0,0,42.68
333556000,333556000,0.9999703,-0.0031695217,0.0017575092,-0.007437936,0.0,0.0,0.0,0.0,0,42.7
333576000,333576000,0.9999702,-0.0031777113,0.0015952905,-0.007490164,0.0,0.0,0.0,0.0,0,42.72
333596000,333596000,0.99997,-0.0031753797,0.0014439935,-0.0075451164,0.0,0.0,0.0,0.0,0,42.74
333616000,333616000,0.99996984,-0.0031570436,0.0013023941,-0.00760263,0.0,0.0,0.0,0.0,0,42.76
333636000,333636000,0.9999696,-0.0031262808,0.0011755893,-0.007662066,0.0,0.0,0.0,0.0,0,42.78
333656000,333656000,0.99996936,-0.0030914175,0.0010600156,-0.007723083,0.0,0.0,0.0,0.0,0,42.8
333676000,333676000,0.9999691,-0.003059534,0.00095001905,-0.0077852625,0.0,0.0,0.0,0.0,0,42.82
333696000,333696000,0.99996877,-0.003035385,0.00084849016,-0.007847863,0.0,0.0,0.0,0.0,0,42.84
333716000,333716000,0.9999684,-0.0030148926,0.00076512026,-0.007910605,0.0,0.0,0.0,0.0,0,42.86
333736000,333736000,0.9999681,-0.0029800718,0.0006892513,-0.007973023,0.0,0.0,0.0,0.0,0,42.88
333756000,333756000,0.99996775,-0.0029390994,0.0006151588,-0.00803455,0.0,0.0,0.0,0.0,0,42.9
333776000,333776000,0.9999674,-0.0029033138,0.00055323954,-0.008095339,0.0,0.0,0.0,0.0,0,42.92
333796000,333796000,0.99996704,-0.002868122,0.00050668593,-0.008155065,0.0,0.0,0.0,0.0,0,42.94
333816000,333816000,0.99996674,-0.0028227668,0.0004574754,-0.008213348,0.0,0.0,0.0,0.0,0,42.96
333836000,333836000,0.9999664,-0.002778628,0.0004093424,-0.008270013,0.0,0.0,0.0,0.0,0,42.98
333856000,333856000,0.9999661,-0.0027357163,0.00036743932,-0.008324415,0.0,0.0,0.0,0.0,0,43.0
333876000,333876000,0.9999658,-0.0026839369,0.0003229092,-0.008376543,0.0,0.0,0.0,0.0,0,43.02
333896000,333896000,0.9999656,-0.0026197273,0.00027851976,-0.008426213,0.0,0.0,0.0,0.0,0,43.04
333916000,333916000,0.99996537,-0.0025481556,0.00024962958,-0.0084735695,0.0,0.0,0.0,0.0,0,43.06
333936000,333936000,0.9999652,-0.002467748,0.0002321222,-0.008518493,0.0,0.0,0.0,0.0,0,43.08
333956000,333956000,0.9999651,-0.0023799355,0.00020235786,-0.008560631,0.0,0.0,0.0,0.0,0,43.1
333976000,333976000,0.99996495,-0.0022894142,0.0001780042,-0.008600159,0.0,0.0,0.0,0.0,0,43.12
333996000,333996000,0.99996483,-0.002199472,0.00016117869,-0.008636168,0.0,0.0,0.0,0.0,0,43.14
334016000,334016000,0.9999648,-0.0021058586,0.00014045149,-0.008668401,0.0,0.0,0.0,0.0,0,43.16
334036000,334036000,0.9999647,-0.0020127445,0.00011872251,-0.008697323,0.0,0.0,0.0,0.0,0,43.18
334056000,334056000,0.99996465,-0.001914818,0.00010313369,-0.008722846,0.0,0.0,0.0,0.0,0,43.2
334076000,334076000,0.99996465,-0.0018076503,8.920668e-05,-0.008744884,0.0,0.0,0.0,0.0,0,43.22
334096000,334096000,0.9999647,-0.0016931527,7.794803e-05,-0.008763611,0.0,0.0,0.0,0.0,0,43.24
334116000,334116000,0.9999648,-0.0015764097,7.218368e-05,-0.00877948,0.0,0.0,0.0,0.0,0,43.26
334136000,334136000,0.99996483,-0.0014696507,5.9201684e-05,-0.008792848,0.0,0.0,0.0,0.0,0,43.28
334156000,334156000,0.9999649,-0.0013617232,4.352162e-05,-0.008803526,0.0,0.0,0.0,0.0,0,43.3
334176000,334176000,0.99996495,-0.0012429799,3.612829e-05,-0.0088119935,0.0,0.0,0.0,0.0,0,43.32
334196000,334196000,0.999965,-0.0011250961,3.5005996e-05,-0.008818571,0.0,0.0,0.0,0.0,0,43.34
334216000,334216000,0.99996513,-0.0010093963,2.7218111e-05,-0.008823105,0.0,0.0,0.0,0.0,0,43.36
334236000,334236000,0.9999652,-0.0009001682,1.976198e-05,-0.008825589,0.0,0.0,0.0,0.0,0,43.38
334256000,334256000,0.9999653,-0.00079573155,1.2169108e-05,-0.008826033,0.0,0.0,0.0,0.0,0,43.4
334276000,334276000,0.99996537,-0.0006911443,-1.734219e-07,-0.008824495,0.0,0.0,0.0,0.0,0,43.42
334296000,334296000,0.9999655,-0.00059165544,-1.1885746e-05,-0.008820721,0.0,0.0,0.0,0.0,0,43.44
334316000,334316000,0.99996555,-0.00049867335,-2.1417232e-05,-0.00881485,0.0,0.0,0.0,0.0,0,43.46
334336000,334336000,0.99996567,-0.00040647842,-3.4575256e-05,-0.008807019,0.0,0.0,0.0,0.0,0,43.48
334356000,334356000,0.9999658,-0.00030961202,-5.0253213e-05,-0.008797736,0.0,0.0,0.0,0.0,0,43.5
334376000,334376000,0.9999659,-0.00020385919,-5.9702386e-05,-0.008786667,0.0,0.0,0.0,0.0,0,43.52
334396000,334396000,0.999966,-9.661093e-05,-5.371024e-05,-0.008774427,0.0,0.0,0.0,0.0,0,43.54
334416000,334416000,0.99996614,2.0678324e-06,-5.2307696e-05,-0.008761514,0.0,0.0,0.0,0.0,0,43.56
334436000,334436000,0.99996626,9.5741474e-05,-5.972041e-05,-0.008748532,0.0,0.0,0.0,0.0,0,43.58
334456000,334456000,0.9999664,0.00018835942,-7.2338145e-05,-0.008735385,0.0,0.0,0.0,0.0,0,43.6
334476000,334476000,0.99996644,0.0002803539,-8.902218e-05,-0.0087222345,0.0,0.0,0.0,0.0,0,43.62
334496000,334496000,0.99996656,0.0003707446,-0.000108367625,-0.008708678,0.0,0.0,0.0,0.0,0,43.64
334516000,334516000,0.9999666,0.00045164308,-0.00012237107,-0.008694505,0.0,0.0,0.0,0.0,0,43.66
334536000,334536000,0.99996674,0.0005287831,-0.00013676517,-0.008679695,0.0,0.0,0.0,0.0,0,43.68
334556000,334556000,0.9999668,0.00061239843,-0.00016206979,-0.008664568,0.0,0.0,0.0,0.0,0,43.7
334576000,334576000,0.99996686,0.0006993959,-0.00019503225,-0.008649132,0.0,0.0,0.0,0.0,0,43.72
334596000,334596000,0.999967,0.0007828777,-0.00022721516,-0.008633369,0.0,0.0,0.0,0.0,0,43.74
334616000,334616000,0.99996704,0.0008670366,-0.00024617443,-0.008617717,0.0,0.0,0.0,0.0,0,43.76
334636000,334636000,0.9999671,0.0009430492,-0.00026209187,-0.008602515,0.0,0.0,0.0,0.0,0,43.78
334656000,334656000,0.9999671,0.0010127386,-0.00030014795,-0.0085876705,0.0,0.0,0.0,0.0,0,43.8
334676000,334676000,0.99996716,0.0010872179,-0.00034766956,-0.008573089,0.0,0.0,0.0,0.0,0,43.82
334696000,334696000,0.99996716,0.0011655348,-0.000378681,-0.008558636,0.0,0.0,0.0,0.0,0,43.84
334716000,334716000,0.9999672,0.0012400094,-0.00039202414,-0.008544599,0.0,0.0,0.0,0.0,0,43.86
334736000,334736000,0.9999672,0.0013037603,-0.00041359826,-0.008531134,0.0,0.0,0.0,0.0,0,43.88
334756000,334756000,0.9999673,0.001355614,-0.00044856398,-0.008518378,0.0,0.0,0.0,0.0,0,43.9
334776000,334776000,0.9999673,0.0014014903,-0.0004726453,-0.008506072,0.0,0.0,0.0,0.0,0,43.92
334796000,334796000,0.99996734,0.0014407008,-0.0004919726,-0.00849473,0.0,0.0,0.0,0.0,0,43.94
334816000,334816000,0.99996734,0.0014672466,-0.0005235527,-0.008484514,0.0,0.0,0.0,0.0,0,43.96
334836000,334836000,0.9999674,0.0014927376,-0.0005576581,-0.008475213,0.0,0.0,0.0,0.0,0,43.98
334856000,334856000,0.9999674,0.00152111,-0.0005800659,-0.008466738,0.0,0.0,0.0,0.0,0,44.0
334876000,334876000,0.9999674,0.0015425563,-0.000608322,-0.008459371,0.0,0.0,0.0,0.0,0,44.02
334896000,334896000,0.9999674,0.0015535156,-0.0006459151,-0.008452651,0.0,0.0,0.0,0.0,0,44.04
334916000,334916000,0.99996746,0.0015585396,-0.00068537385,-0.0084465165,0.0,0.0,0.0,0.0,0,44.06
334936000,334936000,0.99996746,0.0015645203,-0.0007242024,-0.008440748,0.0,0.0,0.0,0.0,0,44.08
334956000,334956000,0.99996746,0.001563031,-0.00075569615,-0.0084348675,0.0,0.0,0.0,0.0,0,44.1
334976000,334976000,0.9999675,0.001553281,-0.00078997447,-0.0084293485,0.0,0.0,0.0,0.0,0,44.12
334996000,334996000,0.9999675,0.001537827,-0.0008324646,-0.008424003,0.0,0.0,0.0,0.0,0,44.14
335016000,335016000,0.9999676,0.0015146167,-0.0008763091,-0.008418755,0.0,0.0,0.0,0.0,0,44.16
335036000,335036000,0.99996763,0.0014810074,-0.00091653364,-0.008413496,0.0,0.0,0.0,0.0,0,44.18
335056000,335056000,0.9999677,0.0014440697,-0.0009590916,-0.0084084505,0.0,0.0,0.0,0.0,0,44.2
335076000,335076000,0.99996775,0.0014077923,-0.0009972022,-0.008403997,0.0,0.0,0.0,0.0,0,44.22
335096000,335096000,0.9999678,0.0013708019,-0.001031531,-0.008400139,0.0,0.0,0.0,0.0,0,44.24
335116000,335116000,0.9999679,0.0013245743,-0.00105796,-0.008397062,0.0,0.0,0.0,0.0,0,44.26
335136000,335136000,0.99996793,0.0012697728,-0.0010794193,-0.008394294,0.0,0.0,0.0,0.0,0,44.28
335156000,335156000,0.999968,0.0012110871,-0.0011015038,-0.008391927,0.0,0.0,0.0,0.0,0,44.3
335176000,335176000,0.99996805,0.0011435373,-0.0011190703,-0.008390228,0.0,0.0,0.0,0.0,0,44.32
335196000,335196000,0.9999682,0.0010684482,-0.0011253948,-0.008389418,0.0,0.0,0.0,0.0,0,44.34
335216000,335216000,0.99996823,0.0009860026,-0.0011241593,-0.008389342,0.0,0.0,0.0,0.0,0,44.36
335236000,335236000,0.9999683,0.00090987,-0.0011223296,-0.008389594,0.0,0.0,0.0,0.0,0,44.38
335256000,335256000,0.9999684,0.00084087055,-0.0011069005,-0.008390311,0.0,0.0,0.0,0.0,0,44.4
335276000,335276000,0.99996847,0.00078297796,-0.0010786349,-0.008392084,0.0,0.0,0.0,0.0,0,44.42
335296000,335296000,0.99996847,0.0007337822,-0.0010445992,-0.008395079,0.0,0.0,0.0,0.0,0,44.44
335316000,335316000,0.9999685,0.00069706293,-0.0010029315,-0.0083989585,0.0,0.0,0.0,0.0,0,44.46
335336000,335336000,0.9999685,0.00066167116,-0.00096553256,-0.008403734,0.0,0.0,0.0,0.0,0,44.48
335356000,335356000,0.9999686,0.00062433915,-0.00093585206,-0.008409193,0.0,0.0,0.0,0.0,0,44.5
335376000,335376000,0.9999685,0.00059320347,-0.0009060532,-0.008415358,0.0,0.0,0.0,0.0,0,44.52
335396000,335396000,0.9999685,0.000570159,-0.00087243324,-0.00842207,0.0,0.0,0.0,0.0,0,44.54
335416000,335416000,0.9999685,0.00053454976,-0.0008277205,-0.008429021,0.0,0.0,0.0,0.0,0,44.56
335436000,335436000,0.9999685,0.00048807194,-0.0007680965,-0.008436572,0.0,0.0,0.0,0.0,0,44.58
335456000,335456000,0.9999685,0.00043717315,-0.0007058232,-0.008444983,0.0,0.0,0.0,0.0,0,44.6
335476000,335476000,0.9999685,0.00037919305,-0.00065087026,-0.008454353,0.0,0.0,0.0,0.0,0,44.62
335496000,335496000,0.9999685,0.0003253813,-0.0005897473,-0.008464252,0.0,0.0,0.0,0.0,0,44.64
335516000,335516000,0.99996847,0.00026502158,-0.0005282545,-0.008474783,0.0,0.0,0.0,0.0,0,44.66
335536000,335536000,0.9999684,0.00019852752,-0.00046725202,-0.00848586,0.0,0.0,0.0,0.0,0,44.68
335556000,335556000,0.99996835,0.0001332445,-0.00040309996,-0.008497136,0.0,0.0,0.0,0.0,0,44.7
335576000,335576000,0.9999683,7.0606955e-05,-0.00033288432,-0.008508801,0.0,0.0,0.0,0.0,0,44.72
335596000,335596000,0.99996823,8.3011355e-06,-0.00026824937,-0.00852107,0.0,0.0,0.0,0.0,0,44.74
335616000,335616000,0.9999681,-5.7120626e-05,-0.00020678967,-0.008533494,0.0,0.0,0.0,0.0,0,44.76
335636000,335636000,0.999968,-0.00012995226,-0.00014917331,-0.008546383,0.0,0.0,0.0,0.0,0,44.78
335656000,335656000,0.9999679,-0.00020920672,-9.000325e-05,-0.008559487,0.0,0.0,0.0,0.0,0,44.8
335676000,335676000,0.99996775,-0.00028540037,-3.2613516e-05,-0.008572143,0.0,0.0,0.0,0.0,0,44.82
335696000,335696000,0.99996763,-0.0003629758,1.8629315e-05,-0.00858427,0.0,0.0,0.0,0.0,0,44.84
335716000,335716000,0.9999675,-0.0004382365,5.2650677e-05,-0.008595946,0.0,0.0,0.0,0.0,0,44.86
335736000,335736000,0.9999674,-0.00051674625,8.085637e-05,-0.0086068865,0.0,0.0,0.0,0.0,0,44.88
335756000,335756000,0.9999672,-0.00060120644,0.0001185822,-0.008617299,0.0,0.0,0.0,0.0,0,44.9
335776000,335776000,0.9999671,-0.00067949534,0.00015275061,-0.008626851,0.0,0.0,0.0,0.0,0,44.92
335796000,335796000,0.999967,-0.0007539942,0.00018147523,-0.008635404,0.0,0.0,0.0,0.0,0,44.94
335816000,335816000,0.99996686,-0.0008300529,0.00020849369,-0.008642968,0.0,0.0,0.0,0.0,0,44.96
335836000,335836000,0.99996674,-0.00089884095,0.00022389152,-0.008649506,0.0,0.0,0.0,0.0,0,44.98
335856000,335856000,0.9999666,-0.0009627334,0.00023355248,-0.008655358,0.0,0.0,0.0,0.0,0,45.0
335876000,335876000,0.9999665,-0.0010198032,0.00025096073,-0.0086611165,0.0,0.0,0.0,0.0,0,45.02
335896000,335896000,0.9999664,-0.0010763985,0.0002699421,-0.008666927,0.0,0.0,0.0,0.0,0,45.04
335916000,335916000,0.99996626,-0.0011273841,0.00028524385,-0.0086724805,0.0,0.0,0.0,0.0,0,45.06
335936000,335936000,0.9999662,-0.0011695494,0.00027941482,-0.008677866,0.0,0.0,0.0,0.0,0,45.08
335956000,335956000,0.9999661,-0.0012079241,0.0002611613,-0.008683156,0.0,0.0,0.0,0.0,0,45.1
335976000,335976000,0.999966,-0.0012427296,0.00024624166,-0.008688149,0.0,0.0,0.0,0.0,0,45.12
335996000,335996000,0.99996597,-0.0012713263,0.00022642527,-0.008692726,0.0,0.0,0.0,0.0,0,45.14
336016000,336016000,0.9999659,-0.0012944791,0.00019944142,-0.008696572,0.0,0.0,0.0,0.0,0,45.16
336036000,336036000,0.99996585,-0.0013110976,0.00016272679,-0.008699897,0.0,0.0,0.0,0.0,0,45.18
336056000,336056000,0.9999658,-0.0013304907,0.00013212592,-0.008702749,0.0,0.0,0.0,0.0,0,45.2
336076000,336076000,0.9999657,-0.0013436358,0.000115150055,-0.008705088,0.0,0.0,0.0,0.0,0,45.22
336096000,336096000,0.9999657,-0.0013434043,8.768669e-05,-0.0087071555,0.0,0.0,0.0,0.0,0,45.24
336116000,336116000,0.9999657,-0.0013268946,6.0601466e-05,-0.008709131,0.0,0.0,0.0,0.0,0,45.26
336136000,336136000,0.9999657,-0.0013065166,4.780937e-05,-0.008711213,0.0,0.0,0.0,0.0,0,45.28
336156000,336156000,0.9999658,-0.001286153,2.4239911e-05,-0.008713328,0.0,0.0,0.0,0.0,0,45.3
336176000,336176000,0.9999658,-0.0012568556,-3.4320843e-07,-0.00871536,0.0,0.0,0.0,0.0,0,45.32
336196000,336196000,0.99996585,-0.0012116454,-1.8508406e-05,-0.008717482,0.0,0.0,0.0,0.0,0,45.34
336216000,336216000,0.99996585,-0.0011603073,-4.4555392e-05,-0.00871981,0.0,0.0,0.0,0.0,0,45.36
336236000,336236000,0.9999659,-0.0011122322,-6.999942e-05,-0.008722339,0.0,0.0,0.0,0.0,0,45.38
336256000,336256000,0.9999659,-0.001055307,-9.58318e-05,-0.008725059,0.0,0.0,0.0,0.0,0,45.4
336276000,336276000,0.99996597,-0.000991848,-0.00012179496,-0.008727845,0.0,0.0,0.0,0.0,0,45.42
336296000,336296000,0.999966,-0.0009301591,-0.00014002837,-0.008730483,0.0,0.0,0.0,0.0,0,45.44
336316000,336316000,0.999966,-0.00087294803,-0.00016965883,-0.008732951,0.0,0.0,0.0,0.0,0,45.46
336336000,336336000,0.999966,-0.00081593957,-0.00019582611,-0.0087354025,0.0,0.0,0.0,0.0,0,45.48
336356000,336356000,0.9999661,-0.0007565116,-0.0002156708,-0.008738009,0.0,0.0,0.0,0.0,0,45.5
336376000,336376000,0.9999661,-0.0006918643,-0.0002461162,-0.008740865,0.0,0.0,0.0,0.0,0,45.52
336396000,336396000,0.9999661,-0.000626084,-0.00027402327,-0.0087439185,0.0,0.0,0.0,0.0,0,45.54
336416000,336416000,0.9999661,-0.00056202785,-0.00028556405,-0.008747217,0.0,0.0,0.0,0.0,0,45.56
336436000,336436000,0.9999661,-0.0004977552,-0.00029210336,-0.008750627,0.0,0.0,0.0,0.0,0,45.58
336456000,336456000,0.9999661,-0.00043098544,-0.00030608336,-0.008754111,0.0,0.0,0.0,0.0,0,45.6
336476000,336476000,0.9999661,-0.00036791372,-0.0003257022,-0.008757961,0.0,0.0,0.0,0.0,0,45.62
336496000,336496000,0.9999661,-0.00030973507,-0.00033920008,-0.00876212,0.0,0.0,0.0,0.0,0,45.64
336516000,336516000,0.999966,-0.00024677234,-0.00035874054,-0.008766604,0.0,0.0,0.0,0.0,0,45.66
336536000,336536000,0.99996597,-0.00018150848,-0.0003828715,-0.008771361,0.0,0.0,0.0,0.0,0,45.68
336556000,336556000,0.99996597,-0.00012248714,-0.0004037927,-0.0087763965,0.0,0.0,0.0,0.0,0,45.7
336576000,336576000,0.9999659,-7.0494665e-05,-0.00042323797,-0.008781305,0.0,0.0,0.0,0.0,0,45.72
336596000,336596000,0.99996585,-2.1477272e-05,-0.00045651878,-0.008786167,0.0,0.0,0.0,0.0,0,45.74
336616000,336616000,0.9999658,2.394779e-05,-0.0004856221,-0.008791442,0.0,0.0,0.0,0.0,0,45.76
336636000,336636000,0.9999657,6.479145e-05,-0.0005110481,-0.0087968055,0.0,0.0,0.0,0.0,0,45.78
336656000,336656000,0.99996567,0.000105409876,-0.000538332,-0.008802243,0.0,0.0,0.0,0.0,0,45.8
336676000,336676000,0.9999656,0.00014283413,-0.00056475005,-0.008807973,0.0,0.0,0.0,0.0,0,45.82
336696000,336696000,0.99996555,0.00017661315,-0.0005898018,-0.008813916,0.0,0.0,0.0,0.0,0,45.84
336716000,336716000,0.9999654,0.00020873967,-0.0006155651,-0.008819882,0.0,0.0,0.0,0.0,0,45.86
336736000,336736000,0.99996537,0.00023845822,-0.00064120145,-0.008826176,0.0,0.0,0.0,0.0,0,45.88
336756000,336756000,0.9999653,0.00026464803,-0.0006655962,-0.008832553,0.0,0.0,0.0,0.0,0,45.9
336776000,336776000,0.9999652,0.00028822361,-0.00068962795,-0.008839189,0.0,0.0,0.0,0.0,0,45.92
336796000,336796000,0.99996513,0.00030933786,-0.0007134613,-0.008845955,0.0,0.0,0.0,0.0,0,45.94
336816000,336816000,0.999965,0.00032433524,-0.0007333424,-0.008853229,0.0,0.0,0.0,0.0,0,45.96
336836000,336836000,0.99996495,0.00033393668,-0.0007499932,-0.0088605825,0.0,0.0,0.0,0.0,0,45.98
336856000,336856000,0.9999649,0.00034342625,-0.00076877954,-0.008867898,0.0,0.0,0.0,0.0,0,46.0
336876000,336876000,0.9999648,0.0003535217,-0.00079041,-0.008875242,0.0,0.0,0.0,0.0,0,46.02
336896000,336896000,0.9999647,0.0003632352,-0.00081387674,-0.008882643,0.0,0.0,0.0,0.0,0,46.04
336916000,336916000,0.9999646,0.00037290918,-0.0008394934,-0.008890022,0.0,0.0,0.0,0.0,0,46.06
336936000,336936000,0.99996454,0.00038361998,-0.000868366,-0.008897371,0.0,0.0,0.0,0.0,0,46.08
336956000,336956000,0.9999644,0.00039240374,-0.00089742825,-0.008905024,0.0,0.0,0.0,0.0,0,46.1
336976000,336976000,0.9999643,0.00039757323,-0.0009249865,-0.008912732,0.0,0.0,0.0,0.0,0,46.12
336996000,336996000,0.99996424,0.00040199337,-0.00095389236,-0.008920339,0.0,0.0,0.0,0.0,0,46.14
337016000,337016000,0.9999641,0.00040235897,-0.0009808155,-0.008927686,0.0,0.0,0.0,0.0,0,46.16
337036000,337036000,0.99996406,0.00039880132,-0.0010058127,-0.00893477,0.0,0.0,0.0,0.0,0,46.18
337056000,337056000,0.999964,0.00038875616,-0.0010263118,-0.008941182,0.0,0.0,0.0,0.0,0,46.2
337076000,337076000,0.99996394,0.00036955607,-0.0010395147,-0.00894721,0.0,0.0,0.0,0.0,0,46.22
337096000,337096000,0.9999639,0.00034654723,-0.0010508931,-0.008953068,0.0,0.0,0.0,0.0,0,46.24
337116000,337116000,0.9999638,0.0003230488,-0.0010625467,-0.008958942,0.0,0.0,0.0,0.0,0,46.26
337136000,337136000,0.99996376,0.00030291095,-0.0010731105,-0.008964896,0.0,0.0,0.0,0.0,0,46.28
337156000,337156000,0.9999637,0.00028580223,-0.001083894,-0.008970954,0.0,0.0,0.0,0.0,0,46.3
337176000,337176000,0.99996364,0.0002735134,-0.0010935819,-0.008977128,0.0,0.0,0.0,0.0,0,46.32
337196000,337196000,0.9999636,0.00026407384,-0.0011038092,-0.00898321,0.0,0.0,0.0,0.0,0,46.34
337216000,337216000,0.9999635,0.00024987964,-0.0011091734,-0.008988759,0.0,0.0,0.0,0.0,0,46.36
337236000,337236000,0.99996346,0.00023077887,-0.0011101045,-0.008994182,0.0,0.0,0.0,0.0,0,46.38
337256000,337256000,0.9999634,0.00021296088,-0.001107657,-0.008999672,0.0,0.0,0.0,0.0,0,46.4
337276000,337276000,0.9999634,0.00019694727,-0.0011044263,-0.009005144,0.0,0.0,0.0,0.0,0,46.42
337296000,337296000,0.99996334,0.00018224258,-0.0011022955,-0.009010589,0.0,0.0,0.0,0.0,0,46.44
337316000,337316000,0.9999633,0.00016858538,-0.0011020665,-0.009016001,0.0,0.0,0.0,0.0,0,46.46
337336000,337336000,0.9999632,0.00015586884,-0.0011040784,-0.009021377,0.0,0.0,0.0,0.0,0,46.48
337356000,337356000,0.99996316,0.00014401365,-0.0011084403,-0.009026716,0.0,0.0,0.0,0.0,0,46.5
337376000,337376000,0.9999631,0.00013298984,-0.0011151816,-0.00903202,0.0,0.0,0.0,0.0,0,46.52
337396000,337396000,0.9999631,0.000121109224,-0.0011225919,-0.009037027,0.0,0.0,0.0,0.0,0,46.54
337416000,337416000,0.999963,0.00014074775,-0.001192694,-0.009040902,0.0,0.0,0.0,0.0,0,46.56
337436000,337436000,0.99995494,0.0016316903,-0.0038750363,-0.009031799,0.0,0.0,0.0,0.0,0,46.58
337456000,337456000,0.9998932,0.0057550967,-0.010423558,-0.008995895,0.0,0.0,0.0,0.0,0,46.6
337476000,337476000,0.9997411,0.011524386,-0.017733352,-0.008919391,0.0,0.0,0.0,0.0,0,46.62
337496000,337496000,0.9995013,0.017874224,-0.024683231,-0.0088024,0.0,0.0,0.0,0.0,0,46.64
337516000,337516000,0.99916226,0.024434928,-0.031811293,-0.008653548,0.0,0.0,0.0,0.0,0,46.66
337536000,337536000,0.9987284,0.031018926,-0.038945492,-0.008469048,0.0,0.0,0.0,0.0,0,46.68
337556000,337556000,0.99822533,0.03744128,-0.045667086,-0.008242769,0.0,0.0,0.0,0.0,0,46.7
337576000,337576000,0.99767846,0.0435658,-0.051819112,-0.007974678,0.0,0.0,0.0,0.0,0,46.72
337596000,337596000,0.99710816,0.049281467,-0.057419177,-0.0076707373,0.0,0.0,0.0,0.0,0,46.74
337616000,337616000,0.99652916,0.054528743,-0.062541954,-0.007338027,0.0,0.0,0.0,0.0,0,46.76
337636000,337636000,0.9959566,0.05929738,-0.06719144,-0.006978726,0.0,0.0,0.0,0.0,0,46.78
337656000,337656000,0.9954027,0.06359986,-0.07137353,-0.0065943277,0.0,0.0,0.0,0.0,0,46.8
337676000,337676000,0.9948735,0.06745252,-0.07515094,-0.0061898543,0.0,0.0,0.0,0.0,0,46.82
337696000,337696000,0.99437547,0.070880264,-0.07854444,-0.005767669,0.0,0.0,0.0,0.0,0,46.84
337716000,337716000,0.99391127,0.07391498,-0.08159431,-0.0053314096,0.0,0.0,0.0,0.0,0,46.86
337736000,337736000,0.99348235,0.0765897,-0.08433288,-0.004884247,0.0,0.0,0.0,0.0,0,46.88
337756000,337756000,0.9930899,0.07893733,-0.086780325,-0.0044282256,0.0,0.0,0.0,0.0,0,46.9
337776000,337776000,0.9927322,0.080985285,-0.088980086,-0.0039675087,0.0,0.0,0.0,0.0,0,46.92
337796000,337796000,0.9924089,0.082764216,-0.09094797,-0.0035041715,0.0,0.0,0.0,0.0,0,46.94
337816000,337816000,0.99211854,0.08429841,-0.092706524,-0.0030409493,0.0,0.0,0.0,0.0,0,46.96
337836000,337836000,0.9918423,0.085679315,-0.09439442,-0.00258184,0.0,0.0,0.0,0.0,0,46.98
337856000,337856000,0.9914556,0.087407626,-0.096851155,-0.0021494767,0.0,0.0,0.0,0.0,0,47.0
337876000,337876000,0.9907882,0.09015271,-0.10107991,-0.0017602851,0.0,0.0,0.0,0.0,0,47.02
337896000,337896000,0.9897442,0.09431342,-0.107324556,-0.001383553,0.0,0.0,0.0,0.0,0,47.04
337916000,337916000,0.98832095,0.09990418,-0.11510463,-0.00095202745,0.0,0.0,0.0,0.0,0,47.06
337936000,337936000,0.98654026,0.106703945,-0.123941556,-0.00042203467,0.0,0.0,0.0,0.0,0,47.08
337956000,337956000,0.9843739,0.11456798,-0.13375784,0.0002191993,0.0,0.0,0.0,0.0,0,47.1
337976000,337976000,0.9818059,0.123303294,-0.14443518,0.0009862849,0.0,0.0,0.0,0.0,0,47.12
337996000,337996000,0.9788462,0.13268697,-0.15575548,0.0019007504,0.0,0.0,0.0,0.0,0,47.14
338016000,338016000,0.9755859,0.14238875,-0.16720542,0.0030058029,0.0,0.0,0.0,0.0,0,47.16
338036000,338036000,0.97216755,0.1520271,-0.1782368,0.0043305154,0.0,0.0,0.0,0.0,0,47.18
338052000,338052000,0.969388,0.1595247,-0.18659317,0.0055498546,0.0,0.0,0.0,0.0,0,47.196
338072000,338072000,0.96594644,0.1684452,-0.19629058,0.007267819,0.0,0.0,0.0,0.0,0,47.216
338092000,338092000,0.9626516,0.17663226,-0.20500685,0.0091774715,0.0,0.0,0.0,0.0,0,47.236
338112000,338112000,0.95963055,0.18389687,-0.21254021,0.011266677,0.0,0.0,0.0,0.0,0,47.256
338132000,338132000,0.95696783,0.19009627,-0.21886742,0.013495188,0.0,0.0,0.0,0.0,0,47.276
338152000,338152000,0.9546998,0.19521427,-0.22404958,0.015830012,0.0,0.0,0.0,0.0,0,47.296
338172000,338172000,0.95284665,0.19923688,-0.22817682,0.018230584,0.0,0.0,0.0,0.0,0,47.316
338192000,338192000,0.9514102,0.20220438,-0.23133105,0.020668026,0.0,0.0,0.0,0.0,0,47.336
338212000,338212000,0.95039403,0.20413725,-0.23356806,0.023113254,0.0,0.0,0.0,0.0,0,47.356
338232000,338232000,0.94979143,0.20508292,-0.23493391,0.02554291,0.0,0.0,0.0,0.0,0,47.376
338252000,338252000,0.94958735,0.20509203,-0.23547825,0.027932933,0.0,0.0,0.0,0.0,0,47.396
338272000,338272000,0.94976574,0.20421626,-0.23523162,0.030264277,0.0,0.0,0.0,0.0,0,47.416
338292000,338292000,0.9503061,0.20250483,-0.23422585,0.032517396,0.0,0.0,0.0,0.0,0,47.436
338312000,338312000,0.9511813,0.20001316,-0.23249881,0.034673758,0.0,0.0,0.0,0.0,0,47.456
338332000,338332000,0.952362,0.19680119,-0.23007989,0.036718193,0.0,0.0,0.0,0.0,0,47.476
338352000,338352000,0.9538199,0.1929175,-0.22699566,0.03863454,0.0,0.0,0.0,0.0,0,47.496
338372000,338372000,0.9555234,0.18842745,-0.22326225,0.040413734,0.0,0.0,0.0,0.0,0,47.516
338392000,338392000,0.9574412,0.18337956,-0.21890593,0.042041834,0.0,0.0,0.0,0.0,0,47.536
338412000,338412000,0.9595435,0.17782204,-0.213943,0.04350853,0.0,0.0,0.0,0.0,0,47.556
338432000,338432000,0.96179926,0.1717948,-0.20840035,0.04480109,0.0,0.0,0.0,0.0,0,47.576
338452000,338452000,0.9641765,0.16534674,-0.20230038,0.045910712,0.0,0.0,0.0,0.0,0,47.596
338472000,338472000,0.9666444,0.15852468,-0.19566435,0.046830036,0.0,0.0,0.0,0.0,0,47.616
338492000,338492000,0.96917135,0.1513707,-0.18852548,0.04755059,0.0,0.0,0.0,0.0,0,47.636
338512000,338512000,0.97172666,0.14393511,-0.18091017,0.048068337,0.0,0.0,0.0,0.0,0,47.656
338532000,338532000,0.97427976,0.13626796,-0.17285396,0.048379857,0.0,0.0,0.0,0.0,0,47.676
338552000,338552000,0.97680295,0.12840648,-0.16439721,0.04848081,0.0,0.0,0.0,0.0,0,47.696
338572000,338572000,0.97927177,0.12039129,-0.15557031,0.048370324,0.0,0.0,0.0,0.0,0,47.716
338592000,338592000,0.9816631,0.11226057,-0.14640865,0.048049044,0.0,0.0,0.0,0.0,0,47.736
338612000,338612000,0.98395395,0.10405556,-0.13696045,0.047518913,0.0,0.0,0.0,0.0,0,47.756
338632000,338632000,0.9861261,0.095807,-0.12726632,0.046783306,0.0,0.0,0.0,0.0,0,47.776
338652000,338652000,0.98816454,0.08754848,-0.11735903,0.04584805,0.0,0.0,0.0,0.0,0,47.796
338672000,338672000,0.99005514,0.079315886,-0.10728017,0.044720303,0.0,0.0,0.0,0.0,0,47.816
338692000,338692000,0.99178505,0.07114112,-0.09708918,0.043406885,0.0,0.0,0.0,0.0,0,47.836
338712000,338712000,0.99334687,0.063044,-0.08683095,0.041916303,0.0,0.0,0.0,0.0,0,47.856
338732000,338732000,0.99473554,0.055044238,-0.07654805,0.040259205,0.0,0.0,0.0,0.0,0,47.876
338752000,338752000,0.99594736,0.04717177,-0.066291474,0.038447753,0.0,0.0,0.0,0.0,0,47.896
338772000,338772000,0.9969823,0.03944488,-0.056103654,0.036495194,0.0,0.0,0.0,0.0,0,47.916
338792000,338792000,0.9978437,0.031877253,-0.04600525,0.034416046,0.0,0.0,0.0,0.0,0,47.936
338812000,338812000,0.998534,0.024503099,-0.03605564,0.03222554,0.0,0.0,0.0,0.0,0,47.956
338832000,338832000,0.99906087,0.017314699,-0.026274566,0.02993909,0.0,0.0,0.0,0.0,0,47.976
338852000,338852000,0.99943113,0.01033553,-0.016715297,0.027572868,0.0,0.0,0.0,0.0,0,47.996
338872000,338872000,0.9996547,0.003559047,-0.0073938915,0.025143374,0.0,0.0,0.0,0.0,0,48.016
338892000,338892000,0.9997418,-0.002990785,0.0016626563,0.02266546,0.0,0.0,0.0,0.0,0,48.036
338912000,338912000,0.99970335,-0.009332329,0.010444863,0.02015397,0.0,0.0,0.0,0.0,0,48.056
338932000,338932000,0.9995506,-0.015442832,0.018937225,0.017625283,0.0,0.0,0.0,0.0,0,48.076
338952000,338952000,0.9992947,-0.021342112,0.02712691,0.015095139,0.0,0.0,0.0,0.0,0,48.096
338972000,338972000,0.9989479,-0.02700121,0.034998845,0.01257775,0.0,0.0,0.0,0.0,0,48.116
338992000,338992000,0.9985212,-0.03244945,0.042541742,0.010088416,0.0,0.0,0.0,0.0,0,48.136
339012000,339012000,0.99802506,-0.03767164,0.049775522,0.007638896,0.0,0.0,0.0,0.0,0,48.156
339032000,339032000,0.9974701,-0.042691913,0.056679007,0.0052429917,0.0,0.0,0.0,0.0,0,48.176
339052000,339052000,0.9968657,-0.04749653,0.063273415,0.0029101456,0.0,0.0,0.0,0.0,0,48.196
339072000,339072000,0.9962215,-0.05210466,0.069545366,0.0006524242,0.0,0.0,0.0,0.0,0,48.216
339092000,339092000,0.9955433,-0.05652893,0.07553043,-0.0015217029,0.0,0.0,0.0,0.0,0,48.236
339112000,339112000,0.99484056,-0.060769483,0.08121272,-0.0036026556,0.0,0.0,0.0,0.0,0,48.256
339132000,339132000,0.9941173,-0.06484521,0.08662424,-0.0055827103,0.0,0.0,0.0,0.0,0,48.276
339152000,339152000,0.9933815,-0.06874507,0.091765,-0.0074553303,0.0,0.0,0.0,0.0,0,48.296
339172000,339172000,0.99263763,-0.072491325,0.09664259,-0.009212062,0.0,0.0,0.0,0.0,0,48.316
339192000,339192000,0.9918921,-0.076070964,0.101265624,-0.010848579,0.0,0.0,0.0,0.0,0,48.336
339212000,339212000,0.99114907,-0.07950592,0.105634876,-0.012357398,0.0,0.0,0.0,0.0,0,48.356
339232000,339232000,0.9904126,-0.08279005,0.10976858,-0.013735832,0.0,0.0,0.0,0.0,0,48.376
339252000,339252000,0.9896879,-0.08593331,0.11365781,-0.014978321,0.0,0.0,0.0,0.0,0,48.396
339272000,339272000,0.9889776,-0.0889302,0.11732478,-0.016084699,0.0,0.0,0.0,0.0,0,48.416
339292000,339292000,0.9882866,-0.09178341,0.12076317,-0.017052123,0.0,0.0,0.0,0.0,0,48.436
339312000,339312000,0.9876159,-0.09449896,0.12399278,-0.017880673,0.0,0.0,0.0,0.0,0,48.456
339332000,339332000,0.9869717,-0.09706337,0.1270035,-0.018570645,0.0,0.0,0.0,0.0,0,48.476
339352000,339352000,0.98635405,-0.09949214,0.12980945,-0.019121528,0.0,0.0,0.0,0.0,0,48.496
339372000,339372000,0.98576486,-0.10177873,0.13242394,-0.01953646,0.0,0.0,0.0,0.0,0,48.516
339392000,339392000,0.9852046,-0.10393593,0.1348542,-0.019816352,0.0,0.0,0.0,0.0,0,48.536
339412000,339412000,0.98467666,-0.105956525,0.13709737,-0.01996385,0.0,0.0,0.0,0.0,0,48.556
339432000,339432000,0.9841832,-0.10784084,0.13915326,-0.019981781,0.0,0.0,0.0,0.0,0,48.576
339452000,339452000,0.9837236,-0.10958135,0.14104532,-0.019877382,0.0,0.0,0.0,0.0,0,48.596
339472000,339472000,0.9832991,-0.111185536,0.14277098,-0.019653209,0.0,0.0,0.0,0.0,0,48.616
339492000,339492000,0.98291,-0.11265271,0.1443379,-0.019314272,0.0,0.0,0.0,0.0,0,48.636
339512000,339512000,0.98255837,-0.113982044,0.14574061,-0.018865325,0.0,0.0,0.0,0.0,0,48.656
339532000,339532000,0.9822439,-0.11517683,0.14698635,-0.018311653,0.0,0.0,0.0,0.0,0,48.676
339552000,339552000,0.9819666,-0.11624249,0.14807622,-0.01765851,0.0,0.0,0.0,0.0,0,48.696
339572000,339572000,0.9817271,-0.11717756,0.14901105,-0.01691244,0.0,0.0,0.0,0.0,0,48.716
339592000,339592000,0.98152614,-0.117975585,0.14979535,-0.016081216,0.0,0.0,0.0,0.0,0,48.736
339612000,339612000,0.9813619,-0.118645854,0.15043564,-0.0151711665,0.0,0.0,0.0,0.0,0,48.756
339632000,339632000,0.9812331,-0.119193554,0.15093772,-0.014189041,0.0,0.0,0.0,0.0,0,48.776
339652000,339652000,0.98113674,-0.11962691,0.15131575,-0.013142511,0.0,0.0,0.0,0.0,0,48.796
339672000,339672000,0.9810738,-0.11994673,0.15156242,-0.012037952,0.0,0.0,0.0,0.0,0,48.816
339692000,339692000,0.9810459,-0.1201474,0.1516713,-0.010882946,0.0,0.0,0.0,0.0,0,48.836
339712000,339712000,0.98105216,-0.1202297,0.15164675,-0.009685173,0.0,0.0,0.0,0.0,0,48.856
339732000,339732000,0.98109174,-0.120195955,0.15149122,-0.0084526455,0.0,0.0,0.0,0.0,0,48.876
339752000,339752000,0.9811624,-0.12005787,0.15120763,-0.0071909805,0.0,0.0,0.0,0.0,0,48.896
339772000,339772000,0.9812613,-0.11982257,0.15080774,-0.0059083207,0.0,0.0,0.0,0.0,0,48.916
339792000,339792000,0.98138785,-0.11948778,0.15029418,-0.0046125124,0.0,0.0,0.0,0.0,0,48.936
339812000,339812000,0.9815407,-0.119058825,0.14966989,-0.003310383,0.0,0.0,0.0,0.0,0,48.956
339832000,339832000,0.9817192,-0.11853787,0.14893366,-0.0020083026,0.0,0.0,0.0,0.0,0,48.976
339852000,339852000,0.98192245,-0.11792937,0.14808623,-0.0007126771,0.0,0.0,0.0,0.0,0,48.996
339872000,339872000,0.982149,-0.11723261,0.14713477,0.00056874246,0.0,0.0,0.0,0.0,0,49.016
339892000,339892000,0.9823981,-0.11645806,0.14607295,0.001831835,0.0,0.0,0.0,0.0,0,49.036
339912000,339912000,0.9826668,-0.11560625,0.14491667,0.0030688604,0.0,0.0,0.0,0.0,0,49.056
339932000,339932000,0.9829546,-0.114680335,0.14366429,0.004274342,0.0,0.0,0.0,0.0,0,49.076
339952000,339952000,0.9832622,-0.11368075,0.14230841,0.005443759,0.0,0.0,0.0,0.0,0,49.096
339972000,339972000,0.9835889,-0.112607226,0.14084888,0.006571819,0.0,0.0,0.0,0.0,0,49.116
339992000,339992000,0.98393196,-0.1114686,0.13929519,0.0076542264,0.0,0.0,0.0,0.0,0,49.136
340012000,340012000,0.9842908,-0.11026287,0.13764958,0.00868648,0.0,0.0,0.0,0.0,0,49.156
340032000,340032000,0.98466355,-0.108996496,0.13591614,0.009664781,0.0,0.0,0.0,0.0,0,49.176
340052000,340052000,0.9850498,-0.10767217,0.1340921,0.010586598,0.0,0.0,0.0,0.0,0,49.196
340072000,340072000,0.9854466,-0.10629934,0.13218737,0.011449274,0.0,0.0,0.0,0.0,0,49.216
340092000,340092000,0.9858545,-0.104878835,0.13019335,0.012251245,0.0,0.0,0.0,0.0,0,49.236
340112000,340112000,0.98627234,-0.10341359,0.12811252,0.012990575,0.0,0.0,0.0,0.0,0,49.256
340132000,340132000,0.9866973,-0.101904854,0.12596102,0.013663872,0.0,0.0,0.0,0.0,0,49.276
340152000,340152000,0.9871272,-0.100364186,0.12374305,0.014270742,0.0,0.0,0.0,0.0,0,49.296
340172000,340172000,0.9875616,-0.0987883,0.12146075,0.014810034,0.0,0.0,0.0,0.0,0,49.316
340192000,340192000,0.98800015,-0.0971815,0.119109,0.015282553,0.0,0.0,0.0,0.0,0,49.336
340212000,340212000,0.9884413,-0.095542945,0.116697915,0.01568727,0.0,0.0,0.0,0.0,0,49.356
340232000,340232000,0.9888837,-0.09387786,0.11422905,0.016025195,0.0,0.0,0.0,0.0,0,49.376
340252000,340252000,0.98932636,-0.09217701,0.11171568,0.01629456,0.0,0.0,0.0,0.0,0,49.396
340272000,340272000,0.989768,-0.090450615,0.10915517,0.016497428,0.0,0.0,0.0,0.0,0,49.416
340292000,340292000,0.99020666,-0.08870517,0.106557414,0.016635297,0.0,0.0,0.0,0.0,0,49.436
340312000,340312000,0.9906436,-0.08693651,0.103909284,0.01671084,0.0,0.0,0.0,0.0,0,49.456
340332000,340332000,0.9910752,-0.085155465,0.10123132,0.01672542,0.0,0.0,0.0,0.0,0,49.476
340352000,340352000,0.99150246,-0.08335737,0.09851504,0.016681641,0.0,0.0,0.0,0.0,0,49.496
340372000,340372000,0.99192315,-0.08154567,0.09577561,0.016580738,0.0,0.0,0.0,0.0,0,49.516
340392000,340392000,0.99233776,-0.07971542,0.093008004,0.016425407,0.0,0.0,0.0,0.0,0,49.536
340412000,340412000,0.99274325,-0.07788065,0.090230465,0.0162183,0.0,0.0,0.0,0.0,0,49.556
340432000,340432000,0.9931406,-0.07603216,0.08743701,0.015961977,0.0,0.0,0.0,0.0,0,49.576
340452000,340452000,0.9935272,-0.07418484,0.08464155,0.01565983,0.0,0.0,0.0,0.0,0,49.596
340472000,340472000,0.9939035,-0.07233019,0.081845745,0.015314483,0.0,0.0,0.0,0.0,0,49.616
340492000,340492000,0.994268,-0.07047681,0.079059444,0.014929355,0.0,0.0,0.0,0.0,0,49.636
340512000,340512000,0.9946222,-0.0686127,0.07627362,0.014507637,0.0,0.0,0.0,0.0,0,49.656
340532000,340532000,0.99496406,-0.06675268,0.0734997,0.014053317,0.0,0.0,0.0,0.0,0,49.676
340552000,340552000,0.9952938,-0.064890124,0.07074226,0.013569192,0.0,0.0,0.0,0.0,0,49.696
340572000,340572000,0.99561054,-0.06303963,0.068001494,0.01306001,0.0,0.0,0.0,0.0,0,49.716
340592000,340592000,0.99591434,-0.061194047,0.06528475,0.012528278,0.0,0.0,0.0,0.0,0,49.736
340612000,340612000,0.9962044,-0.059363313,0.062597364,0.011977905,0.0,0.0,0.0,0.0,0,49.756
340632000,340632000,0.9964813,-0.05754103,0.059940767,0.01141201,0.0,0.0,0.0,0.0,0,49.776
340652000,340652000,0.99674505,-0.055737328,0.05730925,0.010834992,0.0,0.0,0.0,0.0,0,49.796
340672000,340672000,0.9969959,-0.053945813,0.05470805,0.010249742,0.0,0.0,0.0,0.0,0,49.816
340692000,340692000,0.9972335,-0.052174333,0.05214392,0.009659713,0.0,0.0,0.0,0.0,0,49.836
340712000,340712000,0.99745744,-0.0504211,0.04963119,0.009067075,0.0,0.0,0.0,0.0,0,49.856
340732000,340732000,0.9976683,-0.04868884,0.047165476,0.008475204,0.0,0.0,0.0,0.0,0,49.876
340752000,340752000,0.9978663,-0.04698052,0.04475089,0.007887136,0.0,0.0,0.0,0.0,0,49.896
340772000,340772000,0.99805224,-0.04529534,0.042376585,0.0073064063,0.0,0.0,0.0,0.0,0,49.916
340792000,340792000,0.9982261,-0.04363449,0.04005466,0.006735213,0.0,0.0,0.0,0.0,0,49.936
340812000,340812000,0.9983885,-0.041998163,0.037782405,0.0061760293,0.0,0.0,0.0,0.0,0,49.956
340832000,340832000,0.9985394,-0.040391978,0.035566017,0.0056310073,0.0,0.0,0.0,0.0,0,49.976
340852000,340852000,0.9986795,-0.03881808,0.033397797,0.005102775,0.0,0.0,0.0,0.0,0,49.996
340872000,340872000,0.9988089,-0.03728372,0.031284522,0.004593415,0.0,0.0,0.0,0.0,0,50.016
340892000,340892000,0.99892825,-0.035786837,0.02922161,0.0041049244,0.0,0.0,0.0,0.0,0,50.036
340912000,340912000,0.9990381,-0.03432381,0.027213302,0.00363899,0.0,0.0,0.0,0.0,0,50.056
340932000,340932000,0.99913925,-0.032892212,0.025252473,0.003196986,0.0,0.0,0.0,0.0,0,50.076
340952000,340952000,0.99923176,-0.031500116,0.023344291,0.0027805648,0.0,0.0,0.0,0.0,0,50.096
340972000,340972000,0.99931633,-0.030144332,0.021485306,0.0023907744,0.0,0.0,0.0,0.0,0,50.116
340992000,340992000,0.999393,-0.02882907,0.019685006,0.0020284147,0.0,0.0,0.0,0.0,0,50.136
341012000,341012000,0.99946284,-0.02754244,0.01793627,0.0016943108,0.0,0.0,0.0,0.0,0,50.156
341032000,341032000,0.99952596,-0.02629243,0.016237998,0.0013890284,0.0,0.0,0.0,0.0,0,50.176
341052000,341052000,0.9995828,-0.02508083,0.014592633,0.0011130848,0.0,0.0,0.0,0.0,0,50.196
341072000,341072000,0.9996335,-0.02391733,0.013008256,0.0008665338,0.0,0.0,0.0,0.0,0,50.216
341092000,341092000,0.99967873,-0.022793382,0.01147221,0.0006495388,0.0,0.0,0.0,0.0,0,50.236
341112000,341112000,0.9997189,-0.021705393,0.009994915,0.00046243487,0.0,0.0,0.0,0.0,0,50.256
341132000,341132000,0.9997545,-0.02065127,0.008570651,0.00030487363,0.0,0.0,0.0,0.0,0,50.276
341152000,341152000,0.9997858,-0.019638877,0.007195108,0.00017684315,0.0,0.0,0.0,0.0,0,50.296
341172000,341172000,0.9998133,-0.01865423,0.005868922,7.788382e-05,0.0,0.0,0.0,0.0,0,50.316
341192000,341192000,0.99983734,-0.017699033,0.0045955926,7.5529283e-06,0.0,0.0,0.0,0.0,0,50.336
341212000,341212000,0.9998581,-0.016778413,0.0033697898,-3.5041554e-05,0.0,0.0,0.0,0.0,0,50.356
341232000,341232000,0.99987584,-0.015893405,0.0022017602,-5.114684e-05,0.0,0.0,0.0,0.0,0,50.376
341252000,341252000,0.99989086,-0.015038132,0.001091969,-4.168218e-05,0.0,0.0,0.0,0.0,0,50.396
341272000,341272000,0.9999036,-0.014209563,3.5116584e-05,-7.2083244e-06,0.0,0.0,0.0,0.0,0,50.416
341292000,341292000,0.9999142,-0.013405973,-0.00096971105,5.1640523e-05,0.0,0.0,0.0,0.0,0,50.436
341312000,341312000,0.9999228,-0.012638211,-0.0019248425,0.0001331014,0.0,0.0,0.0,0.0,0,50.456
341332000,341332000,0.9999297,-0.011898823,-0.002827162,0.00023584098,0.0,0.0,0.0,0.0,0,50.476
341348000,341348000,0.9999342,-0.011323397,-0.0035128738,0.00033294858,0.0,0.0,0.0,0.0,0,50.492
341368000,341368000,0.9999386,-0.010625973,-0.0043306085,0.00047184626,0.0,0.0,0.0,0.0,0,50.512
341388000,341388000,0.99994165,-0.009965333,-0.00510516,0.00062884385,0.0,0.0,0.0,0.0,0,50.532
341408000,341408000,0.99994373,-0.0093315225,-0.0058274367,0.00080271286,0.0,0.0,0.0,0.0,0,50.552
341428000,341428000,0.99994487,-0.0087198485,-0.006503651,0.0009923659,0.0,0.0,0.0,0.0,0,50.572
341448000,341448000,0.9999452,-0.0081331525,-0.007145147,0.0011965419,0.0,0.0,0.0,0.0,0,50.592
341468000,341468000,0.9999449,-0.007570947,-0.0077411537,0.0014136251,0.0,0.0,0.0,0.0,0,50.612
341488000,341488000,0.99994415,-0.0070272284,-0.0082876375,0.0016418145,0.0,0.0,0.0,0.0,0,50.632
341508000,341508000,0.999943,-0.0065057906,-0.008784881,0.0018794625,0.0,0.0,0.0,0.0,0,50.652
341528000,341528000,0.99994147,-0.0060161194,-0.009243912,0.0021250956,0.0,0.0,0.0,0.0,0,50.672
341548000,341548000,0.99993956,-0.0055538155,-0.009668847,0.0023778272,0.0,0.0,0.0,0.0,0,50.692
341568000,341568000,0.99993753,-0.0051087025,-0.010048327,0.0026364417,0.0,0.0,0.0,0.0,0,50.712
341588000,341588000,0.9999354,-0.0046839155,-0.010391454,0.002899311,0.0,0.0,0.0,0.0,0,50.732
341608000,341608000,0.9999332,-0.0042776023,-0.010695011,0.0031651696,0.0,0.0,0.0,0.0,0,50.752
341628000,341628000,0.99993104,-0.003889129,-0.010961477,0.0034327847,0.0,0.0,0.0,0.0,0,50.772
341648000,341648000,0.99992883,-0.0035132035,-0.011197037,0.0037006873,0.0,0.0,0.0,0.0,0,50.792
341668000,341668000,0.99992675,-0.003146632,-0.011398613,0.003967335,0.0,0.0,0.0,0.0,0,50.812
341688000,341688000,0.99992496,-0.0027891267,-0.011555634,0.0042313943,0.0,0.0,0.0,0.0,0,50.832
341708000,341708000,0.99992335,-0.0024455672,-0.011671955,0.0044918926,0.0,0.0,0.0,0.0,0,50.852
341728000,341728000,0.9999219,-0.0021219621,-0.011753991,0.004748051,0.0,0.0,0.0,0.0,0,50.872
341748000,341748000,0.99992085,-0.0018086403,-0.011798099,0.0049986574,0.0,0.0,0.0,0.0,0,50.892
341768000,341768000,0.9999199,-0.0015045437,-0.01181523,0.005242865,0.0,0.0,0.0,0.0,0,50.912
341788000,341788000,0.9999191,-0.0012068821,-0.011805331,0.005479728,0.0,0.0,0.0,0.0,0,50.932
341808000,341808000,0.99991876,-0.0009170325,-0.0117554255,0.005708043,0.0,0.0,0.0,0.0,0,50.952
341828000,341828000,0.99991864,-0.0006467181,-0.011670807,0.0059272894,0.0,0.0,0.0,0.0,0,50.972
341848000,341848000,0.9999189,-0.00039391237,-0.011554086,0.006136675,0.0,0.0,0.0,0.0,0,50.992
341868000,341868000,0.99991935,-0.0001577913,-0.011409615,0.0063355546,0.0,0.0,0.0,0.0,0,51.012
341888000,341888000,0.9999201,6.5998946e-05,-0.011239142,0.0065240287,0.0,0.0,0.0,0.0,0,51.032
341908000,341908000,0.999921,0.00028335614,-0.011046261,0.006701254,0.0,0.0,0.0,0.0,0,51.052
341928000,341928000,0.99992216,0.0004871883,-0.010833396,0.006866697,0.0,0.0,0.0,0.0,0,51.072
341948000,341948000,0.99992347,0.00068008114,-0.010600496,0.0070205135,0.0,0.0,0.0,0.0,0,51.092
341968000,341968000,0.999925,0.00086633896,-0.0103437165,0.0071623554,0.0,0.0,0.0,0.0,0,51.112
341988000,341988000,0.99992675,0.0010462288,-0.010064793,0.0072915917,0.0,0.0,0.0,0.0,0,51.132
342008000,342008000,0.9999286,0.0012166508,-0.009777965,0.0074074264,0.0,0.0,0.0,0.0,0,51.152
342028000,342028000,0.9999305,0.0013785996,-0.009475076,0.007510103,0.0,0.0,0.0,0.0,0,51.172
342048000,342048000,0.99993265,0.0015304906,-0.009150993,0.007599742,0.0,0.0,0.0,0.0,0,51.192
342068000,342068000,0.99993485,0.001677465,-0.008810498,0.007677003,0.0,0.0,0.0,0.0,0,51.212
342088000,342088000,0.99993706,0.0018218168,-0.008469979,0.0077416855,0.0,0.0,0.0,0.0,0,51.232
342108000,342108000,0.99993914,0.0019645276,-0.008133962,0.0077941194,0.0,0.0,0.0,0.0,0,51.252
342128000,342128000,0.99994123,0.0021076773,-0.0078001223,0.007834107,0.0,0.0,0.0,0.0,0,51.272
342148000,342148000,0.9999433,0.002261029,-0.0074521657,0.007861856,0.0,0.0,0.0,0.0,0,51.292
342168000,342168000,0.9999455,0.0024059447,-0.007090003,0.007877438,0.0,0.0,0.0,0.0,0,51.312
342188000,342188000,0.99994767,0.0025331294,-0.0067232344,0.007881067,0.0,0.0,0.0,0.0,0,51.332
342208000,342208000,0.9999498,0.0026515923,-0.00636443,0.007872959,0.0,0.0,0.0,0.0,0,51.352
342228000,342228000,0.99995184,0.0027763909,-0.0060001123,0.007853394,0.0,0.0,0.0,0.0,0,51.372
342248000,342248000,0.999954,0.0028979112,-0.005620853,0.007822918,0.0,0.0,0.0,0.0,0,51.392
342268000,342268000,0.999956,0.0030118022,-0.0052434597,0.0077819917,0.0,0.0,0.0,0.0,0,51.412
342288000,342288000,0.9999579,0.0031159918,-0.004873491,0.0077309674,0.0,0.0,0.0,0.0,0,51.432
342308000,342308000,0.9999598,0.003217649,-0.0045053437,0.0076705087,0.0,0.0,0.0,0.0,0,51.452
342328000,342328000,0.9999616,0.003317016,-0.0041319253,0.007601005,0.0,0.0,0.0,0.0,0,51.472
342348000,342348000,0.9999634,0.0034029167,-0.003760754,0.007523126,0.0,0.0,0.0,0.0,0,51.492
342368000,342368000,0.9999651,0.0034785804,-0.0033906726,0.007437693,0.0,0.0,0.0,0.0,0,51.512
342388000,342388000,0.99996674,0.0035494124,-0.0030176847,0.007345498,0.0,0.0,0.0,0.0,0,51.532
342408000,342408000,0.9999683,0.003610688,-0.0026492928,0.0072469995,0.0,0.0,0.0,0.0,0,51.552
342428000,342428000,0.9999697,0.003660984,-0.0022890593,0.0071423636,0.0,0.0,0.0,0.0,0,51.572
342448000,342448000,0.9999711,0.0036976875,-0.0019386208,0.0070316843,0.0,0.0,0.0,0.0,0,51.592
342468000,342468000,0.99997246,0.0037202789,-0.001599669,0.0069152974,0.0,0.0,0.0,0.0,0,51.612
342488000,342488000,0.9999737,0.0037302452,-0.0012752081,0.006793789,0.0,0.0,0.0,0.0,0,51.632
342508000,342508000,0.99997485,0.0037391733,-0.0009614172,0.0066685136,0.0,0.0,0.0,0.0,0,51.652
342528000,342528000,0.9999759,0.003742027,-0.00066033454,0.0065408014,0.0,0.0,0.0,0.0,0,51.672
342548000,342548000,0.999977,0.0037330212,-0.00036940983,0.0064109256,0.0,0.0,0.0,0.0,0,51.692
342568000,342568000,0.99997795,0.0037092967,-8.8765446e-05,0.006278986,0.0,0.0,0.0,0.0,0,51.712
342588000,342588000,0.9999789,0.0036730669,0.00018013996,0.006145359,0.0,0.0,0.0,0.0,0,51.732
342608000,342608000,0.9999798,0.0036332863,0.0004397115,0.0060107904,0.0,0.0,0.0,0.0,0,51.752
342628000,342628000,0.99998057,0.0036020644,0.00069168065,0.0058760257,0.0,0.0,0.0,0.0,0,51.772
342648000,342648000,0.9999813,0.0035686796,0.00093848386,0.005741706,0.0,0.0,0.0,0.0,0,51.792
342668000,342668000,0.99998194,0.0035152356,0.0011666685,0.0056079864,0.0,0.0,0.0,0.0,0,51.812
342688000,342688000,0.99998266,0.0034480875,0.0013830317,0.005475167,0.0,0.0,0.0,0.0,0,51.832
342708000,342708000,0.9999833,0.0033706282,0.0015932586,0.005343908,0.0,0.0,0.0,0.0,0,51.852
342728000,342728000,0.99998397,0.003286238,0.0017874351,0.005215264,0.0,0.0,0.0,0.0,0,51.872
342748000,342748000,0.99998456,0.003192704,0.0019655353,0.0050900322,0.0,0.0,0.0,0.0,0,51.892
342768000,342768000,0.99998516,0.0030917248,0.002139228,0.004967715,0.0,0.0,0.0,0.0,0,51.912
342788000,342788000,0.99998564,0.002986802,0.0023140495,0.004848615,0.0,0.0,0.0,0.0,0,51.932
342808000,342808000,0.9999862,0.0028744156,0.0024803227,0.0047334363,0.0,0.0,0.0,0.0,0,51.952
342828000,342828000,0.9999866,0.0027587055,0.0026268198,0.0046224394,0.0,0.0,0.0,0.0,0,51.972
342848000,342848000,0.99998707,0.002645204,0.0027588187,0.0045154584,0.0,0.0,0.0,0.0,0,51.992
342868000,342868000,0.9999874,0.002534935,0.0028898863,0.004412908,0.0,0.0,0.0,0.0,0,52.012
342888000,342888000,0.9999878,0.002426904,0.0030125987,0.0043148105,0.0,0.0,0.0,0.0,0,52.032
342908000,342908000,0.999988,0.0023207762,0.0031352115,0.0042213374,0.0,0.0,0.0,0.0,0,52.052
342928000,342928000,0.99998826,0.0022174008,0.0032528914,0.004132534,0.0,0.0,0.0,0.0,0,52.072
342948000,342948000,0.99998844,0.0021138971,0.003370627,0.004048442,0.0,0.0,0.0,0.0,0,52.092
342968000,342968000,0.99998856,0.0020121906,0.003482098,0.0039697755,0.0,0.0,0.0,0.0,0,52.112
342988000,342988000,0.99998873,0.0019214588,0.0035781297,0.0038963617,0.0,0.0,0.0,0.0,0,52.132
343008000,343008000,0.9999888,0.0018451088,0.0036618172,0.003827831,0.0,0.0,0.0,0.0,0,52.152
343028000,343028000,0.999989,0.0017741533,0.003722212,0.0037641365,0.0,0.0,0.0,0.0,0,52.172
343048000,343048000,0.9999891,0.0016983186,0.0037753794,0.0037058052,0.0,0.0,0.0,0.0,0,52.192
343068000,343068000,0.9999893,0.0016137126,0.003825343,0.0036523463,0.0,0.0,0.0,0.0,0,52.212
343088000,343088000,0.99998945,0.0015279959,0.0038565884,0.0036036924,0.0,0.0,0.0,0.0,0,52.232
343108000,343108000,0.9999897,0.0014504495,0.003872181,0.0035603056,0.0,0.0,0.0,0.0,0,52.252
343128000,343128000,0.99998987,0.0013734906,0.0038810482,0.003522466,0.0,0.0,0.0,0.0,0,52.272
343148000,343148000,0.9999901,0.0012926207,0.0038854815,0.0034901844,0.0,0.0,0.0,0.0,0,52.292
343168000,343168000,0.9999903,0.0012188023,0.0038827343,0.0034628578,0.0,0.0,0.0,0.0,0,52.312
343188000,343188000,0.99999046,0.0011580398,0.0038737606,0.003440134,0.0,0.0,0.0,0.0,0,52.332
343208000,343208000,0.99999064,0.0010966026,0.0038615512,0.0034218114,0.0,0.0,0.0,0.0,0,52.352
343228000,343228000,0.9999908,0.0010389639,0.0038462833,0.0034073207,0.0,0.0,0.0,0.0,0,52.372
343248000,343248000,0.999991,0.0009921876,0.0038233455,0.0033958408,0.0,0.0,0.0,0.0,0,52.392
343268000,343268000,0.9999912,0.0009531861,0.0037946666,0.0033870463,0.0,0.0,0.0,0.0,0,52.412
343288000,343288000,0.99999136,0.0009191946,0.0037642762,0.0033804823,0.0,0.0,0.0,0.0,0,52.432
343308000,343308000,0.99999154,0.0008827584,0.0037296442,0.003376413,0.0,0.0,0.0,0.0,0,52.452
343328000,343328000,0.9999917,0.00084161275,0.0036906223,0.003374442,0.0,0.0,0.0,0.0,0,52.472
343348000,343348000,0.9999919,0.00079983694,0.00365218,0.0033744185,0.0,0.0,0.0,0.0,0,52.492
343368000,343368000,0.999992,0.00075818214,0.0036153356,0.0033763605,0.0,0.0,0.0,0.0,0,52.512
343388000,343388000,0.9999922,0.000721172,0.0035737045,0.00338085,0.0,0.0,0.0,0.0,0,52.532
343408000,343408000,0.9999924,0.0006935021,0.0035232916,0.0033875117,0.0,0.0,0.0,0.0,0,52.552
343428000,343428000,0.99999255,0.0006704583,0.0034693277,0.003396196,0.0,0.0,0.0,0.0,0,52.572
343448000,343448000,0.9999927,0.00064841454,0.00341328,0.0034068213,0.0,0.0,0.0,0.0,0,52.592
343468000,343468000,0.99999285,0.00062727055,0.003357187,0.003419303,0.0,0.0,0.0,0.0,0,52.612
343488000,343488000,0.999993,0.00060870685,0.0032996018,0.0034332857,0.0,0.0,0.0,0.0,0,52.632
343508000,343508000,0.9999932,0.0005987805,0.003232943,0.0034484875,0.0,0.0,0.0,0.0,0,52.652
343528000,343528000,0.9999934,0.000588345,0.0031657647,0.003464595,0.0,0.0,0.0,0.0,0,52.672
343548000,343548000,0.9999935,0.0005752151,0.0031018038,0.0034810754,0.0,0.0,0.0,0.0,0,52.692
343568000,343568000,0.9999937,0.0005678294,0.0030313705,0.0034983256,0.0,0.0,0.0,0.0,0,52.712
343588000,343588000,0.9999939,0.0005615628,0.0029391483,0.00351605,0.0,0.0,0.0,0.0,0,52.732
343608000,343608000,0.9999941,0.0005463909,0.0028414296,0.0035344844,0.0,0.0,0.0,0.0,0,52.752
343628000,343628000,0.99999434,0.00052162446,0.0027485508,0.0035534133,0.0,0.0,0.0,0.0,0,52.772
343648000,343648000,0.9999945,0.00050213304,0.0026485147,0.0035731518,0.0,0.0,0.0,0.0,0,52.792
343668000,343668000,0.99999475,0.00049013726,0.0025468036,0.003593353,0.0,0.0,0.0,0.0,0,52.812
343688000,343688000,0.9999949,0.0004763329,0.002451483,0.0036139116,0.0,0.0,0.0,0.0,0,52.832
343708000,343708000,0.9999951,0.0004564714,0.0023404104,0.0036347846,0.0,0.0,0.0,0.0,0,52.852
343728000,343728000,0.9999953,0.00043684267,0.0022254558,0.0036559172,0.0,0.0,0.0,0.0,0,52.872
343748000,343748000,0.99999547,0.00041813613,0.002118291,0.0036768168,0.0,0.0,0.0,0.0,0,52.892
343768000,343768000,0.9999956,0.00040063408,0.0020115613,0.0036973911,0.0,0.0,0.0,0.0,0,52.912
343788000,343788000,0.99999577,0.000385521,0.0019022415,0.0037177838,0.0,0.0,0.0,0.0,0,52.932
343808000,343808000,0.9999959,0.00037121685,0.0017914305,0.0037380322,0.0,0.0,0.0,0.0,0,52.952
343828000,343828000,0.999996,0.00035886103,0.0016811334,0.0037578766,0.0,0.0,0.0,0.0,0,52.972
343848000,343848000,0.9999961,0.00035352813,0.0015762369,0.0037771687,0.0,0.0,0.0,0.0,0,52.992
343868000,343868000,0.9999962,0.00035736276,0.001479136,0.0037958112,0.0,0.0,0.0,0.0,0,53.012
343888000,343888000,0.99999624,0.00036978468,0.0013888937,0.0038136805,0.0,0.0,0.0,0.0,0,53.032
343908000,343908000,0.9999963,0.00037824508,0.0012930903,0.0038304066,0.0,0.0,0.0,0.0,0,53.052
343928000,343928000,0.99999636,0.00038933082,0.0011979972,0.0038458002,0.0,0.0,0.0,0.0,0,53.072
343948000,343948000,0.9999964,0.000411158,0.0011120581,0.003859836,0.0,0.0,0.0,0.0,0,53.092
343968000,343968000,0.9999964,0.00044272564,0.0010338959,0.0038722234,0.0,0.0,0.0,0.0,0,53.112
343988000,343988000,0.9999964,0.00047174067,0.0009514014,0.0038830366,0.0,0.0,0.0,0.0,0,53.132
344008000,344008000,0.9999965,0.0005030812,0.0008691177,0.0038922692,0.0,0.0,0.0,0.0,0,53.152
344028000,344028000,0.9999965,0.0005403845,0.00079102995,0.0038999186,0.0,0.0,0.0,0.0,0,53.172
344048000,344048000,0.9999965,0.0005819829,0.00071884383,0.0039057638,0.0,0.0,0.0,0.0,0,53.192
344068000,344068000,0.9999965,0.0006175168,0.00064740813,0.0039100586,0.0,0.0,0.0,0.0,0,53.212
344088000,344088000,0.9999965,0.00065287185,0.00058698363,0.003912658,0.0,0.0,0.0,0.0,0,53.232
344108000,344108000,0.99999654,0.0006820003,0.00052618404,0.0039139017,0.0,0.0,0.0,0.0,0,53.252
344128000,344128000,0.99999654,0.0007036212,0.00046526248,0.0039137285,0.0,0.0,0.0,0.0,0,53.272
344148000,344148000,0.99999654,0.0007228096,0.00042072294,0.0039117495,0.0,0.0,0.0,0.0,0,53.292
344168000,344168000,0.99999654,0.0007398334,0.0003959804,0.003908512,0.0,0.0,0.0,0.0,0,53.312
344188000,344188000,0.9999966,0.0007472295,0.0003673512,0.0039042016,0.0,0.0,0.0,0.0,0,53.332
344208000,344208000,0.9999966,0.00074503286,0.00033898756,0.0038986288,0.0,0.0,0.0,0.0,0,53.352
344228000,344228000,0.99999666,0.0007311479,0.0003224174,0.0038921172,0.0,0.0,0.0,0.0,0,53.372
344248000,344248000,0.9999967,0.0007088773,0.00031309432,0.0038853786,0.0,0.0,0.0,0.0,0,53.392
344268000,344268000,0.9999967,0.0006846161,0.00030393503,0.0038785557,0.0,0.0,0.0,0.0,0,53.412
344288000,344288000,0.9999968,0.0006553779,0.00029768652,0.0038713792,0.0,0.0,0.0,0.0,0,53.432
344308000,344308000,0.99999684,0.0006207317,0.00029225927,0.0038640096,0.0,0.0,0.0,0.0,0,53.452
344328000,344328000,0.9999969,0.0005783717,0.0002859314,0.0038561488,0.0,0.0,0.0,0.0,0,53.472
344348000,344348000,0.99999696,0.00052599993,0.00028405475,0.0038479806,0.0,0.0,0.0,0.0,0,53.492
344368000,344368000,0.999997,0.00046946167,0.00028257194,0.0038398278,0.0,0.0,0.0,0.0,0,53.512
344388000,344388000,0.9999971,0.0004117604,0.0002791151,0.0038317167,0.0,0.0,0.0,0.0,0,53.532
344408000,344408000,0.99999714,0.0003534282,0.0002735595,0.0038235986,0.0,0.0,0.0,0.0,0,53.552
344428000,344428000,0.9999972,0.00028969263,0.00027067898,0.003815037,0.0,0.0,0.0,0.0,0,53.572
344448000,344448000,0.99999726,0.00021783148,0.00027329876,0.003806332,0.0,0.0,0.0,0.0,0,53.592
344468000,344468000,0.9999973,0.0001436131,0.0002756527,0.003797672,0.0,0.0,0.0,0.0,0,53.612
344488000,344488000,0.9999973,6.8660884e-05,0.0002761654,0.0037890677,0.0,0.0,0.0,0.0,0,53.632
344508000,344508000,0.9999974,-6.6063885e-06,0.00027439633,0.0037805215,0.0,0.0,0.0,0.0,0,53.652
344528000,344528000,0.9999974,-8.15998e-05,0.00027095512,0.0037719184,0.0,0.0,0.0,0.0,0,53.672
344548000,344548000,0.99999744,-0.00015207379,0.00026993253,0.0037629781,0.0,0.0,0.0,0.0,0,53.692
344568000,344568000,0.99999744,-0.00021552344,0.00027396178,0.0037538172,0.0,0.0,0.0,0.0,0,53.712
344588000,344588000,0.99999744,-0.0002750686,0.00027890282,0.003744523,0.0,0.0,0.0,0.0,0,53.732
344608000,344608000,0.9999975,-0.00033044413,0.0002803824,0.0037351341,0.0,0.0,0.0,0.0,0,53.752
344628000,344628000,0.9999975,-0.00038432615,0.00027931805,0.0037257834,0.0,0.0,0.0,0.0,0,53.772
344648000,344648000,0.9999975,-0.00043851702,0.00027543152,0.0037163727,0.0,0.0,0.0,0.0,0,53.792
344668000,344668000,0.9999975,-0.00049587816,0.0002660695,0.0037068736,0.0,0.0,0.0,0.0,0,53.812
344688000,344688000,0.99999756,-0.00055515073,0.00025258708,0.0036973923,0.0,0.0,0.0,0.0,0,53.832
344708000,344708000,0.99999756,-0.00061528315,0.00023597982,0.003687955,0.0,0.0,0.0,0.0,0,53.852
344728000,344728000,0.99999756,-0.00067771476,0.00021482074,0.0036782592,0.0,0.0,0.0,0.0,0,53.872
344748000,344748000,0.99999756,-0.0007451918,0.00018626556,0.0036677525,0.0,0.0,0.0,0.0,0,53.892
344768000,344768000,0.99999756,-0.0008068468,0.00015608936,0.0036563466,0.0,0.0,0.0,0.0,0,53.912
344788000,344788000,0.99999756,-0.0008648108,0.00012228801,0.0036438606,0.0,0.0,0.0,0.0,0,53.932
344808000,344808000,0.99999756,-0.0009203411,8.635839e-05,0.0036302654,0.0,0.0,0.0,0.0,0,53.952
344828000,344828000,0.99999756,-0.0009659163,5.3391606e-05,0.0036158285,0.0,0.0,0.0,0.0,0,53.972
344848000,344848000,0.99999756,-0.000998864,5.355166e-06,0.0036010412,0.0,0.0,0.0,0.0,0,53.992
344868000,344868000,0.9999976,-0.0010215334,-5.4234228e-05,0.0035858832,0.0,0.0,0.0,0.0,0,54.012
344888000,344888000,0.9999976,-0.0010321612,-0.00010450616,0.0035700735,0.0,0.0,0.0,0.0,0,54.032
344908000,344908000,0.9999977,-0.0010294624,-0.00014392172,0.0035535889,0.0,0.0,0.0,0.0,0,54.052
344928000,344928000,0.99999774,-0.0010284942,-0.00018752977,0.0035361564,0.0,0.0,0.0,0.0,0,54.072
344948000,344948000,0.9999978,-0.0010330785,-0.00024054707,0.0035178508,0.0,0.0,0.0,0.0,0,54.092
344968000,344968000,0.99999785,-0.0010296529,-0.00029549032,0.0034988392,0.0,0.0,0.0,0.0,0,54.112
344988000,344988000,0.9999979,-0.0010110928,-0.00034746173,0.0034791888,0.0,0.0,0.0,0.0,0,54.132
345008000,345008000,0.99999803,-0.000985914,-0.00040019595,0.0034589013,0.0,0.0,0.0,0.0,0,54.152
345028000,345028000,0.9999981,-0.0009482717,-0.00045345785,0.0034386453,0.0,0.0,0.0,0.0,0,54.172
345048000,345048000,0.99999815,-0.0009060346,-0.0005096981,0.0034185618,0.0,0.0,0.0,0.0,0,54.192
345068000,345068000,0.9999983,-0.00086686044,-0.0005596022,0.003399165,0.0,0.0,0.0,0.0,0,54.212
345088000,345088000,0.99999833,-0.0008265723,-0.0006096984,0.0033813308,0.0,0.0,0.0,0.0,0,54.232
345108000,345108000,0.9999984,-0.0007918494,-0.0006591731,0.003364339,0.0,0.0,0.0,0.0,0,54.252
345128000,345128000,0.9999984,-0.0007510298,-0.00070057536,0.0033479354,0.0,0.0,0.0,0.0,0,54.272
345148000,345148000,0.9999985,-0.0006924114,-0.00073756464,0.003332053,0.0,0.0,0.0,0.0,0,54.292
345168000,345168000,0.99999857,-0.000641373,-0.0007775581,0.0033167494,0.0,0.0,0.0,0.0,0,54.312
345188000,345188000,0.99999857,-0.000596701,-0.00082304835,0.003302204,0.0,0.0,0.0,0.0,0,54.332
345208000,345208000,0.9999986,-0.00054090255,-0.0008633356,0.0032883685,0.0,0.0,0.0,0.0,0,54.352
345228000,345228000,0.9999987,-0.00047539268,-0.0009045802,0.0032753893,0.0,0.0,0.0,0.0,0,54.372
345248000,345248000,0.9999987,-0.0004030997,-0.0009420324,0.0032634847,0.0,0.0,0.0,0.0,0,54.392
345268000,345268000,0.99999875,-0.00032942166,-0.0009737401,0.0032525293,0.0,0.0,0.0,0.0,0,54.412
345288000,345288000,0.99999875,-0.00025860567,-0.0010087943,0.0032422491,0.0,0.0,0.0,0.0,0,54.432
345308000,345308000,0.99999875,-0.0001781881,-0.0010360206,0.00323269,0.0,0.0,0.0,0.0,0,54.452
345328000,345328000,0.9999988,-9.534713e-05,-0.0010574765,0.0032236278,0.0,0.0,0.0,0.0,0,54.472
345348000,345348000,0.9999988,-2.077959e-05,-0.0010867042,0.0032151437,0.0,0.0,0.0,0.0,0,54.492
345368000,345368000,0.99999934,-0.0002809019,-0.00011520495,0.0032182739,0.0,0.0,0.0,0.0,0,54.512
345388000,345388000,0.99996537,-0.0028360568,0.007723683,0.0032718491,0.0,0.0,0.0,0.0,0,54.532
345408000,345408000,0.99968624,-0.008311618,0.0235751,0.0034114425,0.0,0.0,0.0,0.0,0,54.552
345428000,345428000,0.99886876,-0.01613369,0.044683527,0.0036595948,0.0,0.0,0.0,0.0,0,54.572
345448000,345448000,0.9973439,-0.025511893,0.06817022,0.0040333113,0.0,0.0,0.0,0.0,0,54.592
345468000,345468000,0.995099,-0.03591581,0.092066735,0.0045626406,0.0,0.0,0.0,0.0,0,54.612
345488000,345488000,0.99218935,-0.04674033,0.1155733,0.005246657,0.0,0.0,0.0,0.0,0,54.632
345508000,345508000,0.98871726,-0.05761643,0.13816859,0.0060903425,0.0,0.0,0.0,0.0,0,54.652
345528000,345528000,0.98482066,-0.068373956,0.1594105,0.0071130674,0.0,0.0,0.0,0.0,0,54.672
345548000,345548000,0.9806578,-0.078629844,0.1790755,0.008286026,0.0,0.0,0.0,0.0,0,54.692
345568000,345568000,0.9763607,-0.08836524,0.1970479,0.009624476,0.0,0.0,0.0,0.0,0,54.712
345588000,345588000,0.9720614,-0.09738452,0.2133045,0.011100057,0.0,0.0,0.0,0.0,0,54.732
345608000,345608000,0.9678471,-0.1056765,0.22793,0.012705218,0.0,0.0,0.0,0.0,0,54.752
345628000,345628000,0.9637924,-0.11319629,0.24102291,0.014419554,0.0,0.0,0.0,0.0,0,54.772
345648000,345648000,0.95994973,-0.11994147,0.25269812,0.016226768,0.0,0.0,0.0,0.0,0,54.792
345668000,345668000,0.9563472,-0.12594742,0.26309365,0.018113712,0.0,0.0,0.0,0.0,0,54.812
345688000,345688000,0.953015,-0.13121772,0.2723066,0.020062318,0.0,0.0,0.0,0.0,0,54.832
345708000,345708000,0.94994533,-0.13582839,0.28049394,0.022064095,0.0,0.0,0.0,0.0,0,54.852
345728000,345728000,0.94714093,-0.1398159,0.2877562,0.024105871,0.0,0.0,0.0,0.0,0,54.872
345748000,345748000,0.9445898,-0.14323422,0.2942075,0.026175778,0.0,0.0,0.0,0.0,0,54.892
345768000,345768000,0.9422821,-0.14612459,0.29993752,0.028261844,0.0,0.0,0.0,0.0,0,54.912
345788000,345788000,0.94019276,-0.14855391,0.30505225,0.030357132,0.0,0.0,0.0,0.0,0,54.932
345808000,345808000,0.9383113,-0.15056571,0.30960903,0.032454576,0.0,0.0,0.0,0.0,0,54.952
345828000,345828000,0.9366238,-0.15221195,0.31366014,0.03455054,0.0,0.0,0.0,0.0,0,54.972
345848000,345848000,0.9351115,-0.15352632,0.31727475,0.036632735,0.0,0.0,0.0,0.0,0,54.992
345868000,345868000,0.9337571,-0.15455538,0.32050264,0.03869679,0.0,0.0,0.0,0.0,0,55.012
345888000,345888000,0.9325482,-0.15532431,0.3233855,0.040732577,0.0,0.0,0.0,0.0,0,55.032
345908000,345908000,0.93146557,-0.15587372,0.32597277,0.04273405,0.0,0.0,0.0,0.0,0,55.052
345928000,345928000,0.93049395,-0.15623905,0.32830128,0.044696197,0.0,0.0,0.0,0.0,0,55.072
345948000,345948000,0.9296254,-0.15645373,0.3303857,0.046617784,0.0,0.0,0.0,0.0,0,55.092
345968000,345968000,0.92884856,-0.15653388,0.33225802,0.048489045,0.0,0.0,0.0,0.0,0,55.112
345988000,345988000,0.9281584,-0.15649764,0.33392957,0.05030509,0.0,0.0,0.0,0.0,0,55.132
346008000,346008000,0.92754453,-0.15636271,0.3354264,0.052059017,0.0,0.0,0.0,0.0,0,55.152
346028000,346028000,0.92699623,-0.15614863,0.33677307,0.053745594,0.0,0.0,0.0,0.0,0,55.172
346048000,346048000,0.9265098,-0.15587251,0.33797544,0.05536292,0.0,0.0,0.0,0.0,0,55.192
346068000,346068000,0.9260765,-0.15554453,0.33905643,0.056904487,0.0,0.0,0.0,0.0,0,55.212
346088000,346088000,0.92569155,-0.15517567,0.3400266,0.0583672,0.0,0.0,0.0,0.0,0,55.232
346108000,346108000,0.9253529,-0.15478438,0.34088495,0.059752923,0.0,0.0,0.0,0.0,0,55.252
346128000,346128000,0.92505383,-0.1543805,0.34164748,0.06105855,0.0,0.0,0.0,0.0,0,55.272
346148000,346148000,0.92479,-0.15395933,0.3423314,0.062275983,0.0,0.0,0.0,0.0,0,55.292
346168000,346168000,0.9245606,-0.15352583,0.3429381,0.063403904,0.0,0.0,0.0,0.0,0,55.312
346188000,346188000,0.9243634,-0.15308772,0.34347174,0.064442515,0.0,0.0,0.0,0.0,0,55.332
346208000,346208000,0.9241952,-0.1526488,0.34394017,0.065390505,0.0,0.0,0.0,0.0,0,55.352
346228000,346228000,0.9240525,-0.1522112,0.3443535,0.06624647,0.0,0.0,0.0,0.0,0,55.372
346248000,346248000,0.92393583,-0.15177625,0.34471014,0.06701173,0.0,0.0,0.0,0.0,0,55.392
346268000,346268000,0.9238394,-0.15134661,0.3450259,0.06768509,0.0,0.0,0.0,0.0,0,55.412
346288000,346288000,0.9237685,-0.15092258,0.34528595,0.0682703,0.0,0.0,0.0,0.0,0,55.432
346308000,346308000,0.92379403,-0.15046066,0.3453173,0.06878441,0.0,0.0,0.0,0.0,0,55.452
346328000,346328000,0.9240596,-0.14985827,0.3447742,0.06925452,0.0,0.0,0.0,0.0,0,55.472
346348000,346348000,0.92467344,-0.14901528,0.3434033,0.069690384,0.0,0.0,0.0,0.0,0,55.492
346368000,346368000,0.92567414,-0.14786549,0.34111714,0.07008092,0.0,0.0,0.0,0.0,0,55.512
346388000,346388000,0.9270544,-0.14637946,0.3379275,0.070408046,0.0,0.0,0.0,0.0,0,55.532
346408000,346408000,0.92879385,-0.14455284,0.33386058,0.07065878,0.0,0.0,0.0,0.0,0,55.552
346428000,346428000,0.9308714,-0.14237669,0.3289393,0.07081869,0.0,0.0,0.0,0.0,0,55.572
346448000,346448000,0.93326056,-0.13985872,0.3231866,0.0708787,0.0,0.0,0.0,0.0,0,55.592
346468000,346468000,0.9359318,-0.13699457,0.3166343,0.070823096,0.0,0.0,0.0,0.0,0,55.612
346488000,346488000,0.9388596,-0.13380182,0.3092862,0.07064598,0.0,0.0,0.0,0.0,0,55.632
346508000,346508000,0.9420154,-0.1302766,0.30115983,0.07033355,0.0,0.0,0.0,0.0,0,55.652
346528000,346528000,0.9453726,-0.1264332,0.29225114,0.069883555,0.0,0.0,0.0,0.0,0,55.672
346548000,346548000,0.94890773,-0.12225452,0.2825537,0.06928508,0.0,0.0,0.0,0.0,0,55.692
346568000,346568000,0.9525974,-0.11773317,0.2720467,0.068533815,0.0,0.0,0.0,0.0,0,55.712
346588000,346588000,0.9563928,-0.11286469,0.26079023,0.06761563,0.0,0.0,0.0,0.0,0,55.732
346608000,346608000,0.96026915,-0.10765285,0.24874945,0.06653428,0.0,0.0,0.0,0.0,0,55.752
346628000,346628000,0.96417624,-0.10209674,0.23598287,0.06528144,0.0,0.0,0.0,0.0,0,55.772
346648000,346648000,0.96807677,-0.09620648,0.22249176,0.063860774,0.0,0.0,0.0,0.0,0,55.792
346668000,346668000,0.9719061,-0.09001311,0.20839334,0.06226905,0.0,0.0,0.0,0.0,0,55.812
346688000,346688000,0.97563064,-0.08351369,0.19369537,0.06051084,0.0,0.0,0.0,0.0,0,55.832
346708000,346708000,0.97918916,-0.076760925,0.17852879,0.058591235,0.0,0.0,0.0,0.0,0,55.852
346728000,346728000,0.9825501,-0.06975857,0.16292259,0.056518584,0.0,0.0,0.0,0.0,0,55.872
346748000,346748000,0.985666,-0.062562704,0.14699867,0.054304294,0.0,0.0,0.0,0.0,0,55.892
346768000,346768000,0.98850924,-0.055185407,0.13081795,0.05195985,0.0,0.0,0.0,0.0,0,55.912
346788000,346788000,0.99104875,-0.047672056,0.11449284,0.049499873,0.0,0.0,0.0,0.0,0,55.932
346808000,346808000,0.9932647,-0.04007412,0.098106235,0.046942748,0.0,0.0,0.0,0.0,0,55.952
346828000,346828000,0.9951433,-0.03240716,0.08176786,0.0443031,0.0,0.0,0.0,0.0,0,55.972
346848000,346848000,0.99667794,-0.024752209,0.06556435,0.04160327,0.0,0.0,0.0,0.0,0,55.992
346868000,346868000,0.99787205,-0.01709297,0.04958086,0.03885949,0.0,0.0,0.0,0.0,0,56.012
346888000,346888000,0.998732,-0.009524346,0.03391142,0.03609551,0.0,0.0,0.0,0.0,0,56.032
346908000,346908000,0.9992737,-0.0020091722,0.018610276,0.033328813,0.0,0.0,0.0,0.0,0,56.052
346928000,346928000,0.9995156,0.0053345854,0.0037336694,0.030581784,0.0,0.0,0.0,0.0,0,56.072
346948000,346948000,0.9994804,0.012539834,-0.010671539,0.027873019,0.0,0.0,0.0,0.0,0,56.092
346968000,346968000,0.9991944,0.019528493,-0.024539474,0.025221348,0.0,0.0,0.0,0.0,0,56.112
346988000,346988000,0.9986845,0.026317555,-0.0378534,0.022644753,0.0,0.0,0.0,0.0,0,56.132
347008000,347008000,0.9979791,0.032874,-0.05059359,0.020159354,0.0,0.0,0.0,0.0,0,56.152
347028000,347028000,0.99710375,0.03918745,-0.06278162,0.017778339,0.0,0.0,0.0,0.0,0,56.172
347048000,347048000,0.99608475,0.045248505,-0.0744055,0.015514996,0.0,0.0,0.0,0.0,0,56.192
347068000,347068000,0.9949506,0.051019933,-0.085442245,0.013380432,0.0,0.0,0.0,0.0,0,56.212
347088000,347088000,0.9937213,0.056531966,-0.095924705,0.011386339,0.0,0.0,0.0,0.0,0,56.232
347108000,347108000,0.9924252,0.061742723,-0.105821036,0.009539883,0.0,0.0,0.0,0.0,0,56.252
347128000,347128000,0.99107736,0.06668014,-0.11518184,0.00784912,0.0,0.0,0.0,0.0,0,56.272
347148000,347148000,0.9897008,0.07132448,-0.123993464,0.0063192653,0.0,0.0,0.0,0.0,0,56.292
347168000,347168000,0.98830736,0.07568945,-0.13230357,0.0049537127,0.0,0.0,0.0,0.0,0,56.312
347188000,347188000,0.9869179,0.0797596,-0.14009443,0.0037559324,0.0,0.0,0.0,0.0,0,56.332
347208000,347208000,0.9855383,0.08355348,-0.14742717,0.0027263497,0.0,0.0,0.0,0.0,0,56.352
347228000,347228000,0.98418623,0.08705712,-0.15428588,0.0018655427,0.0,0.0,0.0,0.0,0,56.372
347248000,347248000,0.98286843,0.09028756,-0.16070318,0.0011733674,0.0,0.0,0.0,0.0,0,56.392
347268000,347268000,0.98159605,0.09324381,-0.1666839,0.00064845546,0.0,0.0,0.0,0.0,0,56.412
347288000,347288000,0.9803686,0.09595028,-0.17227872,0.0002876932,0.0,0.0,0.0,0.0,0,56.432
347308000,347308000,0.97919625,0.09839404,-0.17748907,8.521804e-05,0.0,0.0,0.0,0.0,0,56.452
347328000,347328000,0.9780824,0.10059213,-0.18233229,3.7846617e-05,0.0,0.0,0.0,0.0,0,56.472
347348000,347348000,0.9770366,0.10253956,-0.18680003,0.00013994376,0.0,0.0,0.0,0.0,0,56.492
347368000,347368000,0.976057,0.10425448,-0.19092591,0.00038502525,0.0,0.0,0.0,0.0,0,56.512
347388000,347388000,0.9751475,0.10573569,-0.19471997,0.00076486793,0.0,0.0,0.0,0.0,0,56.532
347408000,347408000,0.9743064,0.106999405,-0.19820604,0.0012720656,0.0,0.0,0.0,0.0,0,56.552
347428000,347428000,0.9735374,0.108053,-0.20138277,0.0018998762,0.0,0.0,0.0,0.0,0,56.572
347448000,347448000,0.9728392,0.108907096,-0.20426777,0.00263938,0.0,0.0,0.0,0.0,0,56.592
347468000,347468000,0.9722141,0.10956503,-0.20686272,0.0034816882,0.0,0.0,0.0,0.0,0,56.612
347488000,347488000,0.97166085,0.11003237,-0.20918337,0.004416606,0.0,0.0,0.0,0.0,0,56.632
347508000,347508000,0.9711784,0.11031763,-0.21123947,0.0054345587,0.0,0.0,0.0,0.0,0,56.652
347528000,347528000,0.9707648,0.11042959,-0.21304353,0.0065254094,0.0,0.0,0.0,0.0,0,56.672
347548000,347548000,0.9704189,0.11037922,-0.21460137,0.007680599,0.0,0.0,0.0,0.0,0,56.692
347568000,347568000,0.9701384,0.110181786,-0.21592012,0.008891901,0.0,0.0,0.0,0.0,0,56.712
347588000,347588000,0.9699231,0.10984736,-0.21699971,0.010151049,0.0,0.0,0.0,0.0,0,56.732
347608000,347608000,0.969771,0.10937804,-0.21785001,0.011446648,0.0,0.0,0.0,0.0,0,56.752
347628000,347628000,0.9696773,0.10878465,-0.21848994,0.012768202,0.0,0.0,0.0,0.0,0,56.772
347648000,347648000,0.96963954,0.10807898,-0.21892516,0.0141069265,0.0,0.0,0.0,0.0,0,56.792
347668000,347668000,0.9696576,0.10727179,-0.219151,0.015455847,0.0,0.0,0.0,0.0,0,56.812
347688000,347688000,0.9697304,0.10636755,-0.21917011,0.016806297,0.0,0.0,0.0,0.0,0,56.832
347708000,347708000,0.9698545,0.105378695,-0.21899149,0.018150426,0.0,0.0,0.0,0.0,0,56.852
347728000,347728000,0.9700275,0.10431293,-0.21862087,0.019480506,0.0,0.0,0.0,0.0,0,56.872
347748000,347748000,0.97024816,0.1031843,-0.21805581,0.020791305,0.0,0.0,0.0,0.0,0,56.892
347768000,347768000,0.9705141,0.10198647,-0.21730869,0.022071807,0.0,0.0,0.0,0.0,0,56.912
347788000,347788000,0.9708231,0.10073491,-0.21638006,0.023317726,0.0,0.0,0.0,0.0,0,56.932
347808000,347808000,0.9711707,0.099431224,-0.21528764,0.024520097,0.0,0.0,0.0,0.0,0,56.952
347828000,347828000,0.9715556,0.098089784,-0.21402802,0.025676288,0.0,0.0,0.0,0.0,0,56.972
347848000,347848000,0.97197586,0.09671585,-0.21260479,0.026781026,0.0,0.0,0.0,0.0,0,56.992
347868000,347868000,0.9724283,0.09531256,-0.21102935,0.027828082,0.0,0.0,0.0,0.0,0,57.012
347888000,347888000,0.9729104,0.093901545,-0.20930001,0.02881716,0.0,0.0,0.0,0.0,0,57.032
347908000,347908000,0.9734181,0.092485525,-0.20743215,0.029743046,0.0,0.0,0.0,0.0,0,57.052
347928000,347928000,0.9739511,0.09106501,-0.20542407,0.030602377,0.0,0.0,0.0,0.0,0,57.072
347948000,347948000,0.9745091,0.08964146,-0.2032732,0.0313921,0.0,0.0,0.0,0.0,0,57.092
347968000,347968000,0.97509205,0.088222295,-0.20097333,0.032111283,0.0,0.0,0.0,0.0,0,57.112
347988000,347988000,0.9756946,0.08680374,-0.19854838,0.032754477,0.0,0.0,0.0,0.0,0,57.132
348008000,348008000,0.97631276,0.08539541,-0.19601001,0.03332054,0.0,0.0,0.0,0.0,0,57.152
348028000,348028000,0.9769444,0.08399549,-0.19336654,0.03380705,0.0,0.0,0.0,0.0,0,57.172
348048000,348048000,0.97759104,0.08260599,-0.1906055,0.034214675,0.0,0.0,0.0,0.0,0,57.192
348068000,348068000,0.9782474,0.08122576,-0.18775095,0.03454043,0.0,0.0,0.0,0.0,0,57.212
348088000,348088000,0.978915,0.07985729,-0.18478987,0.034786113,0.0,0.0,0.0,0.0,0,57.232
348108000,348108000,0.9795872,0.07850461,-0.18175107,0.034950603,0.0,0.0,0.0,0.0,0,57.252
348128000,348128000,0.9802659,0.07716394,-0.17862268,0.035035297,0.0,0.0,0.0,0.0,0,57.272
348148000,348148000,0.9809452,0.07584032,-0.175431,0.035040148,0.0,0.0,0.0,0.0,0,57.292
348168000,348168000,0.9816278,0.07452878,-0.17215882,0.034967534,0.0,0.0,0.0,0.0,0,57.312
348188000,348188000,0.9823103,0.073234744,-0.1688191,0.03481945,0.0,0.0,0.0,0.0,0,57.332
348208000,348208000,0.98299354,0.07194386,-0.16540858,0.034596056,0.0,0.0,0.0,0.0,0,57.352
348228000,348228000,0.98367316,0.070665024,-0.16194503,0.03430021,0.0,0.0,0.0,0.0,0,57.372
348248000,348248000,0.9843496,0.06938884,-0.15842557,0.03393344,0.0,0.0,0.0,0.0,0,57.392
348268000,348268000,0.9850203,0.06812317,-0.1548585,0.033499554,0.0,0.0,0.0,0.0,0,57.412
348288000,348288000,0.98568475,0.06686062,-0.1512458,0.033001043,0.0,0.0,0.0,0.0,0,57.432
348308000,348308000,0.98634046,0.065607116,-0.14759706,0.032441713,0.0,0.0,0.0,0.0,0,57.452
348328000,348328000,0.98698515,0.064357154,-0.14392644,0.031823732,0.0,0.0,0.0,0.0,0,57.472
348348000,348348000,0.9876169,0.06311931,-0.14024098,0.031151902,0.0,0.0,0.0,0.0,0,57.492
348368000,348368000,0.9882354,0.061885968,-0.13654317,0.030429222,0.0,0.0,0.0,0.0,0,57.512
348388000,348388000,0.9888399,0.060658827,-0.13283654,0.029660208,0.0,0.0,0.0,0.0,0,57.532
348408000,348408000,0.98942894,0.05943133,-0.1291325,0.028847532,0.0,0.0,0.0,0.0,0,57.552
348428000,348428000,0.99000305,0.0581969,-0.12542911,0.027994802,0.0,0.0,0.0,0.0,0,57.572
348448000,348448000,0.99055994,0.056961723,-0.121740565,0.027106663,0.0,0.0,0.0,0.0,0,57.592
348468000,348468000,0.99110013,0.055726737,-0.11806067,0.02618833,0.0,0.0,0.0,0.0,0,57.612
348488000,348488000,0.9916224,0.05449935,-0.11439688,0.025244744,0.0,0.0,0.0,0.0,0,57.632
348508000,348508000,0.9921269,0.05327313,-0.110751055,0.024279207,0.0,0.0,0.0,0.0,0,57.652
348528000,348528000,0.9926121,0.052054394,-0.10713521,0.023296116,0.0,0.0,0.0,0.0,0,57.672
348548000,348548000,0.9930786,0.050830547,-0.10355221,0.022298092,0.0,0.0,0.0,0.0,0,57.692
348568000,348568000,0.99352485,0.049604557,-0.100018166,0.021288581,0.0,0.0,0.0,0.0,0,57.712
348588000,348588000,0.99395204,0.04837208,-0.096527725,0.02027179,0.0,0.0,0.0,0.0,0,57.732
348608000,348608000,0.9943588,0.047149397,-0.09309109,0.019252555,0.0,0.0,0.0,0.0,0,57.752
348628000,348628000,0.9947463,0.045928113,-0.08970523,0.018233921,0.0,0.0,0.0,0.0,0,57.772
348648000,348648000,0.9951143,0.044714402,-0.08637522,0.017219856,0.0,0.0,0.0,0.0,0,57.792
348668000,348668000,0.9954642,0.04349438,-0.08309903,0.016212886,0.0,0.0,0.0,0.0,0,57.812
348688000,348688000,0.995795,0.042279705,-0.07988936,0.015217075,0.0,0.0,0.0,0.0,0,57.832
348708000,348708000,0.99610746,0.041061502,-0.07674871,0.014234707,0.0,0.0,0.0,0.0,0,57.852
348728000,348728000,0.9964018,0.03984681,-0.07367976,0.013269159,0.0,0.0,0.0,0.0,0,57.872
348748000,348748000,0.99667954,0.038627576,-0.07067585,0.012322828,0.0,0.0,0.0,0.0,0,57.892
348768000,348768000,0.99693984,0.03741695,-0.067750275,0.011398578,0.0,0.0,0.0,0.0,0,57.912
348788000,348788000,0.99718416,0.036202528,-0.0649004,0.010497823,0.0,0.0,0.0,0.0,0,57.932
348808000,348808000,0.9974128,0.034989085,-0.062128287,0.0096231215,0.0,0.0,0.0,0.0,0,57.952
348828000,348828000,0.9976269,0.033776548,-0.059429094,0.008776466,0.0,0.0,0.0,0.0,0,57.972
348848000,348848000,0.9978263,0.03257444,-0.056809694,0.007959788,0.0,0.0,0.0,0.0,0,57.992
348868000,348868000,0.99801254,0.031376433,-0.05425984,0.0071746456,0.0,0.0,0.0,0.0,0,58.012
348888000,348888000,0.9981855,0.030191638,-0.051788066,0.0064226203,0.0,0.0,0.0,0.0,0,58.032
348908000,348908000,0.9983464,0.029014407,-0.04938871,0.0057048993,0.0,0.0,0.0,0.0,0,58.052
348928000,348928000,0.99849534,0.027849687,-0.04706669,0.0050225304,0.0,0.0,0.0,0.0,0,58.072
348948000,348948000,0.99863344,0.02669471,-0.044817295,0.00437604,0.0,0.0,0.0,0.0,0,58.092
348968000,348968000,0.99876064,0.025555518,-0.042649824,0.003766065,0.0,0.0,0.0,0.0,0,58.112
348988000,348988000,0.9988781,0.024429107,-0.04055453,0.0031930173,0.0,0.0,0.0,0.0,0,58.132
349008000,349008000,0.998986,0.023319675,-0.038537715,0.0026570186,0.0,0.0,0.0,0.0,0,58.152
349028000,349028000,0.9990855,0.022227043,-0.036586717,0.0021587037,0.0,0.0,0.0,0.0,0,58.172
349048000,349048000,0.9991768,0.021156473,-0.03470374,0.0016982495,0.0,0.0,0.0,0.0,0,58.192
349068000,349068000,0.99926066,0.020107472,-0.03288277,0.0012755223,0.0,0.0,0.0,0.0,0,58.212
349088000,349088000,0.9993372,0.01908401,-0.031133274,0.0008904559,0.0,0.0,0.0,0.0,0,58.232
349108000,349108000,0.99940675,0.018090364,-0.029455587,0.00054273487,0.0,0.0,0.0,0.0,0,58.252
349128000,349128000,0.99947,0.01712489,-0.02784847,0.00023110727,0.0,0.0,0.0,0.0,0,58.272
349148000,349148000,0.99952763,0.016186437,-0.026298031,-4.4851757e-05,0.0,0.0,0.0,0.0,0,58.292
349168000,349168000,0.9995801,0.015280457,-0.024801996,-0.00028574216,0.0,0.0,0.0,0.0,0,58.312
349188000,349188000,0.99962765,0.014402478,-0.023366487,-0.00049292954,0.0,0.0,0.0,0.0,0,58.332
349208000,349208000,0.9996705,0.013546576,-0.022001512,-0.00066771574,0.0,0.0,0.0,0.0,0,58.352
349228000,349228000,0.9997093,0.012710667,-0.020692397,-0.0008111061,0.0,0.0,0.0,0.0,0,58.372
349248000,349248000,0.9997444,0.011901627,-0.01943323,-0.00092384213,0.0,0.0,0.0,0.0,0,58.392
349268000,349268000,0.9997759,0.011122954,-0.018234298,-0.001007213,0.0,0.0,0.0,0.0,0,58.412
349288000,349288000,0.99980396,0.0103742,-0.01709902,-0.0010626859,0.0,0.0,0.0,0.0,0,58.432
349308000,349308000,0.9998291,0.009659271,-0.016012881,-0.001091611,0.0,0.0,0.0,0.0,0,58.452
349328000,349328000,0.9998516,0.00897603,-0.0149722155,-0.0010953434,0.0,0.0,0.0,0.0,0,58.472
349348000,349348000,0.9998715,0.00831862,-0.01399136,-0.001075571,0.0,0.0,0.0,0.0,0,58.492
349368000,349368000,0.9998891,0.0076851007,-0.013068849,-0.0010339572,0.0,0.0,0.0,0.0,0,58.512
349388000,349388000,0.9999046,0.007080238,-0.012202933,-0.0009717491,0.0,0.0,0.0,0.0,0,58.532
349408000,349408000,0.99991816,0.0064973338,-0.011390095,-0.0008903377,0.0,0.0,0.0,0.0,0,58.552
349428000,349428000,0.9999302,0.0059402464,-0.010620286,-0.00079158804,0.0,0.0,0.0,0.0,0,58.572
349448000,349448000,0.9999408,0.005412076,-0.009885548,-0.0006769693,0.0,0.0,0.0,0.0,0,58.592
349468000,349468000,0.99995005,0.004911615,-0.009196741,-0.0005472811,0.0,0.0,0.0,0.0,0,58.612
349488000,349488000,0.99995804,0.0044386997,-0.008553901,-0.00040424935,0.0,0.0,0.0,0.0,0,58.632
349508000,349508000,0.9999649,0.0039921924,-0.007956335,-0.00024967294,0.0,0.0,0.0,0.0,0,58.652
349528000,349528000,0.9999708,0.0035603342,-0.0074085686,-8.505536e-05,0.0,0.0,0.0,0.0,0,58.672
349548000,349548000,0.99997574,0.0031425366,-0.0069069285,8.804013e-05,0.0,0.0,0.0,0.0,0,58.692
349568000,349568000,0.9999801,0.0027405894,-0.0064336024,0.0002683356,0.0,0.0,0.0,0.0,0,58.712
349588000,349588000,0.9999838,0.0023554743,-0.005983653,0.00045462427,0.0,0.0,0.0,0.0,0,58.732
349608000,349608000,0.9999869,0.001989251,-0.005568698,0.0006453645,0.0,0.0,0.0,0.0,0,58.752
349628000,349628000,0.99998933,0.001644316,-0.0051991562,0.0008389275,0.0,0.0,0.0,0.0,0,58.772
349648000,349648000,0.9999913,0.0013225293,-0.0048612454,0.0010344418,0.0,0.0,0.0,0.0,0,58.792
349668000,349668000,0.99999297,0.001018305,-0.00454606,0.0012310653,0.0,0.0,0.0,0.0,0,58.812
349688000,349688000,0.9999942,0.00072831986,-0.004249665,0.0014276814,0.0,0.0,0.0,0.0,0,58.832
349708000,349708000,0.9999952,0.00045517416,-0.003983316,0.001622851,0.0,0.0,0.0,0.0,0,58.852
349728000,349728000,0.9999959,0.00020675868,-0.0037458106,0.0018158623,0.0,0.0,0.0,0.0,0,58.872
349748000,349748000,0.99999624,-1.7501528e-05,-0.0035475513,0.002005965,0.0,0.0,0.0,0.0,0,58.892
349768000,349768000,0.9999964,-0.00022179847,-0.0033723302,0.002191966,0.0,0.0,0.0,0.0,0,58.912
349788000,349788000,0.9999965,-0.0004145861,-0.0032104217,0.0023734274,0.0,0.0,0.0,0.0,0,58.932
349808000,349808000,0.9999964,-0.0005953859,-0.0030641677,0.0025496848,0.0,0.0,0.0,0.0,0,58.952
349828000,349828000,0.9999963,-0.0007542698,-0.0029272917,0.002719719,0.0,0.0,0.0,0.0,0,58.972
349848000,349848000,0.99999607,-0.0008897031,-0.0028012553,0.0028828997,0.0,0.0,0.0,0.0,0,58.992
349868000,349868000,0.99999577,-0.0010107004,-0.0026989789,0.003038706,0.0,0.0,0.0,0.0,0,59.012
349888000,349888000,0.9999954,-0.001115254,-0.002618263,0.003186783,0.0,0.0,0.0,0.0,0,59.032
349908000,349908000,0.99999505,-0.0012080171,-0.0025520113,0.0033266114,0.0,0.0,0.0,0.0,0,59.052
349928000,349928000,0.99999464,-0.0012917237,-0.0024961235,0.0034576128,0.0,0.0,0.0,0.0,0,59.072
349948000,349948000,0.9999942,-0.0013614025,-0.002455776,0.0035794608,0.0,0.0,0.0,0.0,0,59.092
349968000,349968000,0.9999938,-0.0014139978,-0.0024333477,0.0036920768,0.0,0.0,0.0,0.0,0,59.112
349988000,349988000,0.9999933,-0.001448293,-0.0024302027,0.0037954617,0.0,0.0,0.0,0.0,0,59.132
350008000,350008000,0.9999929,-0.0014638762,-0.0024445578,0.003889563,0.0,0.0,0.0,0.0,0,59.152
350028000,350028000,0.99999255,-0.0014663285,-0.0024541146,0.0039742333,0.0,0.0,0.0,0.0,0,59.172
350048000,350048000,0.99999225,-0.0014556089,-0.0024650258,0.004049773,0.0,0.0,0.0,0.0,0,59.192
350068000,350068000,0.99999195,-0.0014273068,-0.0024883847,0.004116263,0.0,0.0,0.0,0.0,0,59.212
350088000,350088000,0.9999917,-0.001389679,-0.002518916,0.0041737133,0.0,0.0,0.0,0.0,0,59.232
350108000,350108000,0.9999915,-0.0013479067,-0.0025523668,0.004222245,0.0,0.0,0.0,0.0,0,59.252
350128000,350128000,0.99999124,-0.0012976651,-0.002593666,0.004262112,0.0,0.0,0.0,0.0,0,59.272
350148000,350148000,0.9999911,-0.0012527803,-0.0026289246,0.0042933384,0.0,0.0,0.0,0.0,0,59.292
350168000,350168000,0.99999094,-0.0012055075,-0.0026660182,0.004316019,0.0,0.0,0.0,0.0,0,59.312
350188000,350188000,0.9999908,-0.001147914,-0.0027124453,0.0043305876,0.0,0.0,0.0,0.0,0,59.332
350208000,350208000,0.99999076,-0.001085565,-0.0027607277,0.004337579,0.0,0.0,0.0,0.0,0,59.352
350228000,350228000,0.9999907,-0.0010148827,-0.0028002586,0.0043374165,0.0,0.0,0.0,0.0,0,59.372
350248000,350248000,0.9999907,-0.0009356013,-0.002843845,0.0043300954,0.0,0.0,0.0,0.0,0,59.392
350268000,350268000,0.9999907,-0.00085131393,-0.0028954498,0.004316638,0.0,0.0,0.0,0.0,0,59.412
350288000,350288000,0.9999907,-0.00076595956,-0.00294881,0.0042973813,0.0,0.0,0.0,0.0,0,59.432
350308000,350308000,0.9999907,-0.0006800596,-0.0030018443,0.0042724586,0.0,0.0,0.0,0.0,0,59.452
350328000,350328000,0.9999907,-0.0005931722,-0.0030534563,0.0042420286,0.0,0.0,0.0,0.0,0,59.472
350348000,350348000,0.99999076,-0.00050429296,-0.0031024283,0.004206162,0.0,0.0,0.0,0.0,0,59.492
350368000,350368000,0.9999908,-0.00041228437,-0.0031473641,0.0041650953,0.0,0.0,0.0,0.0,0,59.512
350388000,350388000,0.9999909,-0.00032489354,-0.0031960127,0.004119218,0.0,0.0,0.0,0.0,0,59.532
350408000,350408000,0.999991,-0.00024017043,-0.0032461206,0.0040686936,0.0,0.0,0.0,0.0,0,59.552
350428000,350428000,0.99999106,-0.00014814084,-0.0032876045,0.0040140734,0.0,0.0,0.0,0.0,0,59.572
350448000,350448000,0.9999912,-5.186789e-05,-0.003323197,0.0039557707,0.0,0.0,0.0,0.0,0,59.592
350468000,350468000,0.99999136,4.868597e-05,-0.0033569457,0.0038945097,0.0,0.0,0.0,0.0,0,59.612
350488000,350488000,0.9999915,0.00014760002,-0.0033847126,0.0038310585,0.0,0.0,0.0,0.0,0,59.632
350508000,350508000,0.99999166,0.00024311902,-0.0034057768,0.0037657747,0.0,0.0,0.0,0.0,0,59.652
350528000,350528000,0.9999918,0.00033750865,-0.0034255642,0.003699066,0.0,0.0,0.0,0.0,0,59.672
350548000,350548000,0.99999195,0.00043333534,-0.003434391,0.0036312868,0.0,0.0,0.0,0.0,0,59.692
350568000,350568000,0.99999213,0.0005235196,-0.0034427068,0.0035629563,0.0,0.0,0.0,0.0,0,59.712
350588000,350588000,0.9999923,0.00060872885,-0.0034525718,0.0034946988,0.0,0.0,0.0,0.0,0,59.732
350608000,350608000,0.99999243,0.0006918674,-0.0034611921,0.0034267334,0.0,0.0,0.0,0.0,0,59.752
350628000,350628000,0.9999926,0.00077348953,-0.003466911,0.0033592687,0.0,0.0,0.0,0.0,0,59.772
350648000,350648000,0.9999928,0.0008514924,-0.0034661859,0.003292376,0.0,0.0,0.0,0.0,0,59.792
350668000,350668000,0.9999929,0.000927198,-0.003460096,0.0032260679,0.0,0.0,0.0,0.0,0,59.812
350688000,350688000,0.99999315,0.0009967441,-0.0034441727,0.0031605633,0.0,0.0,0.0,0.0,0,59.832
350708000,350708000,0.9999934,0.0010584422,-0.0034169343,0.003096013,0.0,0.0,0.0,0.0,0,59.852
350728000,350728000,0.9999936,0.0011102069,-0.003379884,0.0030328708,0.0,0.0,0.0,0.0,0,59.872
350748000,350748000,0.99999386,0.0011577443,-0.0033546707,0.0029717444,0.0,0.0,0.0,0.0,0,59.892
350768000,350768000,0.99999404,0.0011935509,-0.0033318587,0.0029125193,0.0,0.0,0.0,0.0,0,59.912
350788000,350788000,0.9999942,0.0012204972,-0.0033134206,0.00285522,0.0,0.0,0.0,0.0,0,59.932
350808000,350808000,0.99999446,0.0012381816,-0.0032950358,0.0028000656,0.0,0.0,0.0,0.0,0,59.952
350828000,350828000,0.9999946,0.0012480296,-0.0032902274,0.0027474568,0.0,0.0,0.0,0.0,0,59.972
350848000,350848000,0.9999947,0.0012452826,-0.0033011544,0.0026974187,0.0,0.0,0.0,0.0,0,59.992
350868000,350868000,0.9999948,0.0012274662,-0.0033106946,0.0026499215,0.0,0.0,0.0,0.0,0,60.012
350888000,350888000,0.99999493,0.0012078235,-0.003314037,0.0026052566,0.0,0.0,0.0,0.0,0,60.032
350908000,350908000,0.99999505,0.0011846665,-0.0033143733,0.0025633161,0.0,0.0,0.0,0.0,0,60.052
350928000,350928000,0.99999523,0.0011569996,-0.0033147407,0.002523871,0.0,0.0,0.0,0.0,0,60.072
350948000,350948000,0.9999953,0.0011264343,-0.003322934,0.0024869943,0.0,0.0,0.0,0.0,0,60.092
350968000,350968000,0.9999954,0.0010987662,-0.0033258905,0.00245287,0.0,0.0,0.0,0.0,0,60.112
350988000,350988000,0.9999955,0.0010682364,-0.0033308747,0.0024211607,0.0,0.0,0.0,0.0,0,60.132
351008000,351008000,0.9999956,0.0010344124,-0.0033345465,0.0023915886,0.0,0.0,0.0,0.0,0,60.152
351028000,351028000,0.9999957,0.0009987585,-0.0033329616,0.0023641298,0.0,0.0,0.0,0.0,0,60.172
351048000,351048000,0.9999958,0.0009648296,-0.0033287625,0.00233927,0.0,0.0,0.0,0.0,0,60.192
351068000,351068000,0.9999959,0.0009403087,-0.003329156,0.002317083,0.0,0.0,0.0,0.0,0,60.212
351088000,351088000,0.99999595,0.0009248018,-0.0033342084,0.0022974222,0.0,0.0,0.0,0.0,0,60.232
351108000,351108000,0.99999595,0.00091047416,-0.003348976,0.002279789,0.0,0.0,0.0,0.0,0,60.252
351128000,351128000,0.99999595,0.00088999025,-0.0033621767,0.0022642731,0.0,0.0,0.0,0.0,0,60.272
351148000,351148000,0.999996,0.00087417924,-0.0033556472,0.0022509173,0.0,0.0,0.0,0.0,0,60.292
351168000,351168000,0.9999961,0.0008679142,-0.0033357535,0.002239495,0.0,0.0,0.0,0.0,0,60.312
351188000,351188000,0.9999962,0.0008625846,-0.0033261762,0.0022301439,0.0,0.0,0.0,0.0,0,60.332
351208000,351208000,0.99999624,0.000847802,-0.003316808,0.0022224693,0.0,0.0,0.0,0.0,0,60.352
351228000,351228000,0.9999963,0.00082622445,-0.0032988233,0.0022166409,0.0,0.0,0.0,0.0,0,60.372
351248000,351248000,0.9999964,0.0008046273,-0.0032762666,0.0022124527,0.0,0.0,0.0,0.0,0,60.392
351268000,351268000,0.99999654,0.00078289554,-0.0032483223,0.002209786,0.0,0.0,0.0,0.0,0,60.412
351288000,351288000,0.9999967,0.0007536935,-0.0032046225,0.002208573,0.0,0.0,0.0,0.0,0,60.432
351308000,351308000,0.99999684,0.0007291462,-0.0031554827,0.0022086224,0.0,0.0,0.0,0.0,0,60.452
351328000,351328000,0.999997,0.0007144918,-0.0031097282,0.002209753,0.0,0.0,0.0,0.0,0,60.472
351348000,351348000,0.9999972,0.00069572584,-0.0030540498,0.002212004,0.0,0.0,0.0,0.0,0,60.492
351368000,351368000,0.99999744,0.0006655998,-0.002981449,0.0022150266,0.0,0.0,0.0,0.0,0,60.512
351388000,351388000,0.9999977,0.00063586043,-0.002903447,0.002218873,0.0,0.0,0.0,0.0,0,60.532
351408000,351408000,0.9999979,0.0006127114,-0.0028263167,0.002223336,0.0,0.0,0.0,0.0,0,60.552
351428000,351428000,0.99999815,0.00059267535,-0.00274641,0.0022280102,0.0,0.0,0.0,0.0,0,60.572
351448000,351448000,0.99999833,0.00057246385,-0.002660311,0.002232816,0.0,0.0,0.0,0.0,0,60.592
351468000,351468000,0.9999986,0.0005533619,-0.0025648947,0.0022378552,0.0,0.0,0.0,0.0,0,60.612
351488000,351488000,0.99999887,0.0005381671,-0.0024579507,0.0022432609,0.0,0.0,0.0,0.0,0,60.632
351508000,351508000,0.9999991,0.00052933785,-0.0023518389,0.0022487734,0.0,0.0,0.0,0.0,0,60.652
351528000,351528000,0.99999934,0.00053058844,-0.0022504616,0.0022541173,0.0,0.0,0.0,0.0,0,60.672
351548000,351548000,0.9999995,0.0005387364,-0.0021528995,0.0022596295,0.0,0.0,0.0,0.0,0,60.692
351568000,351568000,0.9999997,0.0005547504,-0.002055411,0.002265109,0.0,0.0,0.0,0.0,0,60.712
351588000,351588000,0.9999999,0.0005730136,-0.001957608,0.002270553,0.0,0.0,0.0,0.0,0,60.732
351608000,351608000,1.0,0.000590889,-0.0018648375,0.0022761498,0.0,0.0,0.0,0.0,0,60.752
351628000,351628000,1.0000002,0.00060828216,-0.0017798237,0.002281824,0.0,0.0,0.0,0.0,0,60.772
351648000,351648000,1.0000004,0.0006262674,-0.0016942675,0.0022878053,0.0,0.0,0.0,0.0,0,60.792
351668000,351668000,1.0000005,0.0006427228,-0.0015963245,0.002293466,0.0,0.0,0.0,0.0,0,60.812
351688000,351688000,1.0000006,0.0006505897,-0.001503728,0.002298822,0.0,0.0,0.0,0.0,0,60.832
351708000,351708000,1.0000007,0.00065085775,-0.0014259922,0.002304124,0.0,0.0,0.0,0.0,0,60.852
351728000,351728000,1.0000007,0.0006423387,-0.001349149,0.0023094316,0.0,0.0,0.0,0.0,0,60.872
351748000,351748000,1.0000008,0.00062800845,-0.0012673474,0.0023147117,0.0,0.0,0.0,0.0,0,60.892
351768000,351768000,1.000001,0.0006089234,-0.0011777666,0.0023199609,0.0,0.0,0.0,0.0,0,60.912
351788000,351788000,1.0000011,0.00058526086,-0.0010824073,0.0023249981,0.0,0.0,0.0,0.0,0,60.932
351808000,351808000,1.0000012,0.0005495151,-0.0009919556,0.0023294364,0.0,0.0,0.0,0.0,0,60.952
351828000,351828000,1.0000013,0.000503325,-0.00090196595,0.0023336536,0.0,0.0,0.0,0.0,0,60.972
351848000,351848000,1.0000014,0.0004557021,-0.0008118563,0.0023379512,0.0,0.0,0.0,0.0,0,60.992
351868000,351868000,1.0000014,0.0004190385,-0.00072995655,0.0023424334,0.0,0.0,0.0,0.0,0,61.012
351888000,351888000,1.0000015,0.00038490957,-0.0006462341,0.0023469056,0.0,0.0,0.0,0.0,0,61.032
351908000,351908000,1.0000015,0.00034446295,-0.00056128623,0.0023510498,0.0,0.0,0.0,0.0,0,61.052
351928000,351928000,1.0000017,0.00029705392,-0.00047186017,0.0023550596,0.0,0.0,0.0,0.0,0,61.072
351948000,351948000,1.0000017,0.0002497765,-0.00037834048,0.0023586329,0.0,0.0,0.0,0.0,0,61.092
351968000,351968000,1.0000017,0.00021102981,-0.00030337318,0.002361587,0.0,0.0,0.0,0.0,0,61.112
351988000,351988000,1.0000017,0.00017602321,-0.00024014957,0.0023636152,0.0,0.0,0.0,0.0,0,61.132
352008000,352008000,1.0000018,0.00014664161,-0.00017188012,0.0023648615,0.0,0.0,0.0,0.0,0,61.152
352028000,352028000,1.0000018,0.00011608693,-0.00010183456,0.0023653328,0.0,0.0,0.0,0.0,0,61.172
352048000,352048000,1.0000018,8.441772e-05,-4.3655065e-05,0.0023651905,0.0,0.0,0.0,0.0,0,61.192
352068000,352068000,1.0000018,5.3762597e-05,9.645368e-06,0.002364166,0.0,0.0,0.0,0.0,0,61.212
352088000,352088000,1.0000018,2.717168e-05,7.199259e-05,0.002362122,0.0,0.0,0.0,0.0,0,61.232
352108000,352108000,1.0000018,1.4023811e-06,0.00012586467,0.0023588696,0.0,0.0,0.0,0.0,0,61.252
352128000,352128000,1.0000018,-2.2676812e-05,0.00016849785,0.002354917,0.0,0.0,0.0,0.0,0,61.272
352148000,352148000,1.0000018,-4.493112e-05,0.00021425198,0.0023502295,0.0,0.0,0.0,0.0,0,61.292
352168000,352168000,1.0000018,-5.8274632e-05,0.0002759103,0.002344829,0.0,0.0,0.0,0.0,0,61.312
352188000,352188000,1.0000018,-6.13275e-05,0.0003255302,0.0023386262,0.0,0.0,0.0,0.0,0,61.332
352208000,352208000,1.0000018,-5.6833414e-05,0.000354668,0.0023318925,0.0,0.0,0.0,0.0,0,61.352
352228000,352228000,1.0000018,-5.0509247e-05,0.00038288304,0.002325002,0.0,0.0,0.0,0.0,0,61.372
352248000,352248000,1.0000018,-4.382191e-05,0.00041459163,0.0023177261,0.0,0.0,0.0,0.0,0,61.392
352268000,352268000,1.0000018,-3.3812667e-05,0.000442957,0.0023098453,0.0,0.0,0.0,0.0,0,61.412
352288000,352288000,1.0000018,-2.5455252e-05,0.00047364045,0.0023018941,0.0,0.0,0.0,0.0,0,61.432
352308000,352308000,1.0000018,-1.8052597e-05,0.00050874194,0.002293651,0.0,0.0,0.0,0.0,0,61.452
352328000,352328000,1.0000018,-7.4992095e-06,0.00054391124,0.0022847855,0.0,0.0,0.0,0.0,0,61.472
352348000,352348000,1.0000018,6.194498e-06,0.0005629737,0.0022747787,0.0,0.0,0.0,0.0,0,61.492
352368000,352368000,1.0000018,2.1855996e-05,0.00057039317,0.0022644354,0.0,0.0,0.0,0.0,0,61.512
352388000,352388000,1.0000018,3.4329234e-05,0.0005797404,0.0022540775,0.0,0.0,0.0,0.0,0,61.532
352408000,352408000,1.0000019,4.377337e-05,0.0005946537,0.0022435496,0.0,0.0,0.0,0.0,0,61.552
352428000,352428000,1.0000019,5.6413068e-05,0.000610579,0.0022326824,0.0,0.0,0.0,0.0,0,61.572
352448000,352448000,1.0000019,7.119535e-05,0.0006293276,0.0022215047,0.0,0.0,0.0,0.0,0,61.592
352468000,352468000,1.0000019,9.0967e-05,0.0006483208,0.0022100878,0.0,0.0,0.0,0.0,0,61.612
352488000,352488000,1.0000019,0.00011013633,0.0006732999,0.0021987278,0.0,0.0,0.0,0.0,0,61.632
352508000,352508000,1.0000019,0.00012741753,0.0007054836,0.002187234,0.0,0.0,0.0,0.0,0,61.652
352528000,352528000,1.0000019,0.00014932286,0.000738472,0.002175308,0.0,0.0,0.0,0.0,0,61.672
352548000,352548000,1.0000019,0.00017306625,0.0007748841,0.0021633985,0.0,0.0,0.0,0.0,0,61.692
352568000,352568000,1.0000019,0.00019363142,0.0008180213,0.0021514194,0.0,0.0,0.0,0.0,0,61.712
352588000,352588000,1.0000019,0.00019722138,0.00085586886,0.002139079,0.0,0.0,0.0,0.0,0,61.732
352608000,352608000,1.0000019,0.00018637234,0.0008888347,0.0021267335,0.0,0.0,0.0,0.0,0,61.752
352628000,352628000,1.0000019,0.00017332607,0.00091920653,0.002114889,0.0,0.0,0.0,0.0,0,61.772
352648000,352648000,1.0000019,0.0001640145,0.00094673334,0.0021033878,0.0,0.0,0.0,0.0,0,61.792
352668000,352668000,1.0000019,0.0001548246,0.0009773285,0.0020920602,0.0,0.0,0.0,0.0,0,61.812
352688000,352688000,1.0000019,0.00014657994,0.0010111406,0.0020811905,0.0,0.0,0.0,0.0,0,61.832
352708000,352708000,1.0000019,0.0001410682,0.0010467735,0.0020705827,0.0,0.0,0.0,0.0,0,61.852
352728000,352728000,1.0000018,0.00013125692,0.0010836927,0.0020601314,0.0,0.0,0.0,0.0,0,61.872
352748000,352748000,1.0000018,0.00010369652,0.0011117794,0.002049702,0.0,0.0,0.0,0.0,0,61.892
352768000,352768000,1.0000018,6.691517e-05,0.001139018,0.0020391669,0.0,0.0,0.0,0.0,0,61.912
352788000,352788000,1.0000018,2.6468966e-05,0.0011660082,0.0020285319,0.0,0.0,0.0,0.0,0,61.932
352808000,352808000,1.0000018,-1.4785393e-05,0.0011855152,0.0020177201,0.0,0.0,0.0,0.0,0,61.952
352828000,352828000,1.0000018,-5.9277987e-05,0.0011978095,0.0020072719,0.0,0.0,0.0,0.0,0,61.972
352848000,352848000,1.0000018,-0.00011030479,0.0012030865,0.0019970331,0.0,0.0,0.0,0.0,0,61.992
352868000,352868000,1.0000018,-0.00015571715,0.0012018654,0.0019868896,0.0,0.0,0.0,0.0,0,62.012
352888000,352888000,1.0000019,-0.00019680861,0.0012056907,0.0019773236,0.0,0.0,0.0,0.0,0,62.032
352908000,352908000,1.0000019,-0.00022714121,0.0012123903,0.0019684338,0.0,0.0,0.0,0.0,0,62.052
352928000,352928000,1.0000019,-0.0002545683,0.0012189971,0.0019599856,0.0,0.0,0.0,0.0,0,62.072
352948000,352948000,1.0000018,-0.00030004515,0.0012345455,0.0019523102,0.0,0.0,0.0,0.0,0,62.092
352968000,352968000,1.0000018,-0.00035126053,0.0012564464,0.0019453862,0.0,0.0,0.0,0.0,0,62.112
352988000,352988000,1.0000018,-0.00039655867,0.0012748033,0.0019388446,0.0,0.0,0.0,0.0,0,62.132
353008000,353008000,1.0000018,-0.00044818668,0.0012886714,0.0019326144,0.0,0.0,0.0,0.0,0,62.152
353028000,353028000,1.0000017,-0.0004913258,0.0013106822,0.0019265998,0.0,0.0,0.0,0.0,0,62.172
353048000,353048000,1.0000017,-0.0005321478,0.0013337762,0.0019206211,0.0,0.0,0.0,0.0,0,62.192
353068000,353068000,1.0000017,-0.0005736729,0.0013594966,0.0019148261,0.0,0.0,0.0,0.0,0,62.212
353088000,353088000,1.0000015,-0.00061717763,0.001391588,0.0019094313,0.0,0.0,0.0,0.0,0,62.232
353108000,353108000,1.0000015,-0.00066638057,0.0014251929,0.0019042847,0.0,0.0,0.0,0.0,0,62.252
353128000,353128000,1.0000014,-0.00071570615,0.001465129,0.0018988642,0.0,0.0,0.0,0.0,0,62.272
353148000,353148000,1.0000013,-0.0007580873,0.0015030171,0.0018929306,0.0,0.0,0.0,0.0,0,62.292
353168000,353168000,1.0000013,-0.00079724356,0.0015417297,0.0018869644,0.0,0.0,0.0,0.0,0,62.312
353188000,353188000,1.0000012,-0.0008377169,0.0015858148,0.0018810284,0.0,0.0,0.0,0.0,0,62.332
353208000,353208000,1.0000011,-0.00088025705,0.0016358027,0.0018752299,0.0,0.0,0.0,0.0,0,62.352
353228000,353228000,1.000001,-0.0009155723,0.001682571,0.0018700602,0.0,0.0,0.0,0.0,0,62.372
353248000,353248000,1.000001,-0.0009352654,0.0017176053,0.0018656637,0.0,0.0,0.0,0.0,0,62.392
353268000,353268000,1.0000008,-0.0009440062,0.001740002,0.0018618422,0.0,0.0,0.0,0.0,0,62.412
353288000,353288000,1.0000008,-0.0009533616,0.0017494634,0.0018585615,0.0,0.0,0.0,0.0,0,62.432
353308000,353308000,1.0000008,-0.0009653801,0.001752466,0.0018555571,0.0,0.0,0.0,0.0,0,62.452
353328000,353328000,1.000001,-0.0009825812,0.0016414592,0.0018514551,0.0,0.0,0.0,0.0,0,62.472
353348000,353348000,0.9999967,-0.0013354057,-0.0032310614,0.0018437419,0.0,0.0,0.0,0.0,0,62.492
353368000,353368000,0.9998523,-0.0023073829,-0.017200459,0.0018306625,0.0,0.0,0.0,0.0,0,62.512
353388000,353388000,0.9992624,-0.0038760733,-0.038281243,0.0018039405,0.0,0.0,0.0,0.0,0,62.532
353408000,353408000,0.9980004,-0.00582462,-0.06298693,0.0017576336,0.0,0.0,0.0,0.0,0,62.552
353428000,353428000,0.996011,-0.008052732,-0.0889012,0.0016820129,0.0,0.0,0.0,0.0,0,62.572
353448000,353448000,0.99335563,-0.010434937,-0.11464005,0.0015728364,0.0,0.0,0.0,0.0,0,62.592
353468000,353468000,0.990133,-0.0128298905,-0.13956763,0.0014341791,0.0,0.0,0.0,0.0,0,62.612
353488000,353488000,0.9864688,-0.015231317,-0.16326319,0.0012584756,0.0,0.0,0.0,0.0,0,62.632
353508000,353508000,0.9825324,-0.017543988,-0.18528445,0.001050708,0.0,0.0,0.0,0.0,0,62.652
353528000,353528000,0.97845477,-0.019733777,-0.20553653,0.0008131859,0.0,0.0,0.0,0.0,0,62.672
353548000,353548000,0.9743739,-0.021792904,-0.22389609,0.00054406177,0.0,0.0,0.0,0.0,0,62.692
353568000,353568000,0.9703691,-0.023658741,-0.24048527,0.0002586046,0.0,0.0,0.0,0.0,0,62.712
353588000,353588000,0.9665165,-0.025394365,-0.2553627,-5.6759094e-05,0.0,0.0,0.0,0.0,0,62.732
353608000,353608000,0.96287024,-0.02692178,-0.26863563,-0.00037894366,0.0,0.0,0.0,0.0,0,62.752
353628000,353628000,0.95946044,-0.028303215,-0.28043395,-0.00072050694,0.0,0.0,0.0,0.0,0,62.772
353648000,353648000,0.9563058,-0.029497966,-0.29089004,-0.0010648713,0.0,0.0,0.0,0.0,0,62.792
353668000,353668000,0.95340925,-0.03056543,-0.30013937,-0.0014239915,0.0,0.0,0.0,0.0,0,62.812
353688000,353688000,0.95076936,-0.031461913,-0.30830783,-0.0017787633,0.0,0.0,0.0,0.0,0,62.832
353708000,353708000,0.94837385,-0.032233797,-0.31551948,-0.0021387155,0.0,0.0,0.0,0.0,0,62.852
353728000,353728000,0.94621366,-0.032865588,-0.3218733,-0.0024932167,0.0,0.0,0.0,0.0,0,62.872
353748000,353748000,0.9442728,-0.033402905,-0.32746622,-0.0028521942,0.0,0.0,0.0,0.0,0,62.892
353768000,353768000,0.9425317,-0.03382038,-0.33239895,-0.003201509,0.0,0.0,0.0,0.0,0,62.912
353788000,353788000,0.9409726,-0.034146864,-0.33675066,-0.0035463583,0.0,0.0,0.0,0.0,0,62.932
353808000,353808000,0.93958503,-0.034380235,-0.34057602,-0.003881389,0.0,0.0,0.0,0.0,0,62.952
353828000,353828000,0.93835324,-0.034552597,-0.34393406,-0.004214395,0.0,0.0,0.0,0.0,0,62.972
353848000,353848000,0.937254,-0.034657992,-0.34690374,-0.004538248,0.0,0.0,0.0,0.0,0,62.992
353868000,353868000,0.93628055,-0.03471377,-0.34951276,-0.0048565986,0.0,0.0,0.0,0.0,0,63.012
353888000,353888000,0.93541974,-0.03471125,-0.35180607,-0.0051628025,0.0,0.0,0.0,0.0,0,63.032
353908000,353908000,0.93465734,-0.03466941,-0.35382625,-0.0054604225,0.0,0.0,0.0,0.0,0,63.052
353928000,353928000,0.9339817,-0.034594495,-0.35560852,-0.005748645,0.0,0.0,0.0,0.0,0,63.072
353948000,353948000,0.93338734,-0.034488965,-0.35717127,-0.0060263406,0.0,0.0,0.0,0.0,0,63.092
353968000,353968000,0.93286395,-0.034357246,-0.35854423,-0.0062927096,0.0,0.0,0.0,0.0,0,63.112
353988000,353988000,0.9324048,-0.034201197,-0.3597468,-0.0065471125,0.0,0.0,0.0,0.0,0,63.132
354008000,354008000,0.93200237,-0.034032136,-0.36079967,-0.006791134,0.0,0.0,0.0,0.0,0,63.152
354028000,354028000,0.93165016,-0.033839587,-0.3617218,-0.0070189512,0.0,0.0,0.0,0.0,0,63.172
354048000,354048000,0.93134224,-0.033629917,-0.36252928,-0.0072319284,0.0,0.0,0.0,0.0,0,63.192
354068000,354068000,0.93107545,-0.033419657,-0.36322924,-0.007434981,0.0,0.0,0.0,0.0,0,63.212
354088000,354088000,0.9308434,-0.03320786,-0.36383882,-0.0076268264,0.0,0.0,0.0,0.0,0,63.232
354108000,354108000,0.9306455,-0.03297903,-0.36436176,-0.0078011607,0.0,0.0,0.0,0.0,0,63.252
354128000,354128000,0.93047756,-0.032745525,-0.36480805,-0.007962452,0.0,0.0,0.0,0.0,0,63.272
354148000,354148000,0.9303471,-0.032515097,-0.36515802,-0.00811377,0.0,0.0,0.0,0.0,0,63.292
354168000,354168000,0.930327,-0.032274358,-0.36522734,-0.008256457,0.0,0.0,0.0,0.0,0,63.312
354188000,354188000,0.9305607,-0.032004114,-0.36465207,-0.008396151,0.0,0.0,0.0,0.0,0,63.332
354208000,354208000,0.93113184,-0.031693563,-0.36321512,-0.0085360985,0.0,0.0,0.0,0.0,0,63.352
354228000,354228000,0.9320532,-0.03133044,-0.3608727,-0.008672021,0.0,0.0,0.0,0.0,0,63.372
354248000,354248000,0.9333073,-0.030923972,-0.3576489,-0.008805101,0.0,0.0,0.0,0.0,0,63.392
354268000,354268000,0.93487036,-0.030457275,-0.35358056,-0.008926477,0.0,0.0,0.0,0.0,0,63.412
354288000,354288000,0.93672276,-0.029950956,-0.34868434,-0.009041857,0.0,0.0,0.0,0.0,0,63.432
354308000,354308000,0.93883723,-0.029385757,-0.34299663,-0.009141431,0.0,0.0,0.0,0.0,0,63.452
354328000,354328000,0.9411971,-0.028780736,-0.33651683,-0.009230558,0.0,0.0,0.0,0.0,0,63.472
354348000,354348000,0.94377905,-0.028109888,-0.32926223,-0.009297961,0.0,0.0,0.0,0.0,0,63.492
354368000,354368000,0.946555,-0.027399652,-0.32125467,-0.009351075,0.0,0.0,0.0,0.0,0,63.512
354388000,354388000,0.94948775,-0.026624683,-0.31254643,-0.009378579,0.0,0.0,0.0,0.0,0,63.532
354408000,354408000,0.95255643,-0.025812415,-0.30313522,-0.009388841,0.0,0.0,0.0,0.0,0,63.552
354428000,354428000,0.95572823,-0.024935221,-0.29305807,-0.00937094,0.0,0.0,0.0,0.0,0,63.572
354448000,354448000,0.9589819,-0.024026597,-0.2823092,-0.009334953,0.0,0.0,0.0,0.0,0,63.592
354468000,354468000,0.9622788,-0.023059651,-0.2709446,-0.009271,0.0,0.0,0.0,0.0,0,63.612
354488000,354488000,0.96559423,-0.022077598,-0.258969,-0.009191622,0.0,0.0,0.0,0.0,0,63.632
354508000,354508000,0.96888816,-0.021039844,-0.24645405,-0.00908396,0.0,0.0,0.0,0.0,0,63.652
354528000,354528000,0.9721402,-0.019982487,-0.23339464,-0.008958203,0.0,0.0,0.0,0.0,0,63.672
354548000,354548000,0.9753109,-0.01886441,-0.2198736,-0.008802958,0.0,0.0,0.0,0.0,0,63.692
354568000,354568000,0.9783847,-0.017734503,-0.20587263,-0.008631279,0.0,0.0,0.0,0.0,0,63.712
354588000,354588000,0.9813227,-0.01655288,-0.1914934,-0.008433631,0.0,0.0,0.0,0.0,0,63.732
354608000,354608000,0.9841085,-0.015371845,-0.17673622,-0.008222436,0.0,0.0,0.0,0.0,0,63.752
354628000,354628000,0.9867097,-0.01414273,-0.16170701,-0.007989005,0.0,0.0,0.0,0.0,0,63.772
354648000,354648000,0.98911196,-0.012916992,-0.14642341,-0.0077442485,0.0,0.0,0.0,0.0,0,63.792
354668000,354668000,0.99128675,-0.011656474,-0.13102604,-0.007482171,0.0,0.0,0.0,0.0,0,63.812
354688000,354688000,0.9932309,-0.010406357,-0.115504004,-0.0072113276,0.0,0.0,0.0,0.0,0,63.832
354708000,354708000,0.994929,-0.009126787,-0.09997037,-0.006927992,0.0,0.0,0.0,0.0,0,63.852
354728000,354728000,0.99638075,-0.007869551,-0.08443012,-0.006639901,0.0,0.0,0.0,0.0,0,63.872
354748000,354748000,0.9975784,-0.0065982677,-0.069012105,-0.0063455305,0.0,0.0,0.0,0.0,0,63.892
354768000,354768000,0.9985282,-0.005339579,-0.053715967,-0.0060500773,0.0,0.0,0.0,0.0,0,63.912
354788000,354788000,0.9992327,-0.004074048,-0.038644947,-0.0057539605,0.0,0.0,0.0,0.0,0,63.932
354808000,354808000,0.9997021,-0.0028329124,-0.023810225,-0.0054617566,0.0,0.0,0.0,0.0,0,63.952
354828000,354828000,0.99994653,-0.0016009382,-0.009310534,-0.005175166,0.0,0.0,0.0,0.0,0,63.972
354848000,354848000,0.9999807,-0.00039612825,0.0048595923,-0.004896999,0.0,0.0,0.0,0.0,0,63.992
354868000,354868000,0.99982005,0.00080201554,0.018626424,-0.0046298737,0.0,0.0,0.0,0.0,0,64.012
354888000,354888000,0.9994813,0.0019812568,0.031986754,-0.0043761865,0.0,0.0,0.0,0.0,0,64.032
354908000,354908000,0.99898285,0.0031460968,0.044893317,-0.004138487,0.0,0.0,0.0,0.0,0,64.052
354928000,354928000,0.9983419,0.0042833015,0.057348136,-0.003917958,0.0,0.0,0.0,0.0,0,64.072
354948000,354948000,0.99757737,0.0053926352,0.069322824,-0.0037164497,0.0,0.0,0.0,0.0,0,64.092
354968000,354968000,0.996707,0.006466693,0.08080809,-0.0035352595,0.0,0.0,0.0,0.0,0,64.112
354988000,354988000,0.9957494,0.0075094607,0.091784835,-0.00337628,0.0,0.0,0.0,0.0,0,64.132
355008000,355008000,0.99472016,0.008524453,0.102263264,-0.0032407667,0.0,0.0,0.0,0.0,0,64.152
355028000,355028000,0.99363554,0.009507298,0.11223815,-0.0031293132,0.0,0.0,0.0,0.0,0,64.172
355048000,355048000,0.9925095,0.010463368,0.121718034,-0.0030430006,0.0,0.0,0.0,0.0,0,64.192
355068000,355068000,0.99135613,0.011379536,0.1307046,-0.0029808523,0.0,0.0,0.0,0.0,0,64.212
355088000,355088000,0.99018794,0.012260743,0.1392046,-0.002943771,0.0,0.0,0.0,0.0,0,64.232
355108000,355108000,0.98901635,0.013104765,0.14722557,-0.0029312263,0.0,0.0,0.0,0.0,0,64.252
355128000,355128000,0.98785007,0.013918718,0.15478675,-0.0029441358,0.0,0.0,0.0,0.0,0,64.272
355148000,355148000,0.9866992,0.014691852,0.16189182,-0.0029803347,0.0,0.0,0.0,0.0,0,64.292
355168000,355168000,0.98557293,0.01542913,0.16854613,-0.003039835,0.0,0.0,0.0,0.0,0,64.312
355188000,355188000,0.9844764,0.016125722,0.17477301,-0.00312088,0.0,0.0,0.0,0.0,0,64.332
355208000,355208000,0.98341364,0.016783204,0.18059522,-0.0032226194,0.0,0.0,0.0,0.0,0,64.352
355228000,355228000,0.9823937,0.017397808,0.18600494,-0.0033438145,0.0,0.0,0.0,0.0,0,64.372
355248000,355248000,0.98142,0.017964145,0.19102114,-0.0034821143,0.0,0.0,0.0,0.0,0,64.392
355268000,355268000,0.9804949,0.018488545,0.19566238,-0.0036375015,0.0,0.0,0.0,0.0,0,64.412
355288000,355288000,0.97962314,0.018973991,0.19993272,-0.0038093382,0.0,0.0,0.0,0.0,0,64.432
355308000,355308000,0.97880787,0.019430395,0.20383997,-0.00399843,0.0,0.0,0.0,0.0,0,64.452
355328000,355328000,0.9780475,0.019848315,0.20741396,-0.0042008874,0.0,0.0,0.0,0.0,0,64.472
355348000,355348000,0.977345,0.020224819,0.21065918,-0.0044141575,0.0,0.0,0.0,0.0,0,64.492
355368000,355368000,0.9767022,0.020556647,0.21358337,-0.0046361657,0.0,0.0,0.0,0.0,0,64.512
355388000,355388000,0.9761187,0.020859089,0.21620043,-0.0048678424,0.0,0.0,0.0,0.0,0,64.532
355408000,355408000,0.9755949,0.021120172,0.2185215,-0.005104552,0.0,0.0,0.0,0.0,0,64.552
355428000,355428000,0.9751307,0.02134628,0.22055605,-0.005346411,0.0,0.0,0.0,0.0,0,64.572
355448000,355448000,0.9747252,0.021537721,0.22231692,-0.0055911797,0.0,0.0,0.0,0.0,0,64.592
355468000,355468000,0.9743788,0.021702796,0.22380781,-0.0058393744,0.0,0.0,0.0,0.0,0,64.612
355488000,355488000,0.97408855,0.021836177,0.2250482,-0.0060878214,0.0,0.0,0.0,0.0,0,64.632
355508000,355508000,0.97385454,0.0219423,0.22604154,-0.00633578,0.0,0.0,0.0,0.0,0,64.652
355528000,355528000,0.97367615,0.022020703,0.22679423,-0.0065812985,0.0,0.0,0.0,0.0,0,64.672
355548000,355548000,0.97355336,0.0220801,0.22730787,-0.0068253526,0.0,0.0,0.0,0.0,0,64.692
355568000,355568000,0.9734839,0.022111556,0.22759455,-0.0070641926,0.0,0.0,0.0,0.0,0,64.712
355588000,355588000,0.9734648,0.022117298,0.22766855,-0.0072965715,0.0,0.0,0.0,0.0,0,64.732
355608000,355608000,0.9734958,0.022100309,0.22753046,-0.00752159,0.0,0.0,0.0,0.0,0,64.752
355628000,355628000,0.9735745,0.022055797,0.22719032,-0.007736779,0.0,0.0,0.0,0.0,0,64.772
355648000,355648000,0.97370076,0.021986352,0.22664824,-0.007941588,0.0,0.0,0.0,0.0,0,64.792
355668000,355668000,0.9738711,0.021890488,0.22591762,-0.008133712,0.0,0.0,0.0,0.0,0,64.812
355688000,355688000,0.9740816,0.021774871,0.22501308,-0.008313312,0.0,0.0,0.0,0.0,0,64.832
355708000,355708000,0.9743319,0.021636385,0.22393382,-0.008478703,0.0,0.0,0.0,0.0,0,64.852
355728000,355728000,0.9746215,0.021479828,0.22267976,-0.0086301835,0.0,0.0,0.0,0.0,0,64.872
355748000,355748000,0.974944,0.021296747,0.22127569,-0.00876459,0.0,0.0,0.0,0.0,0,64.892
355768000,355768000,0.9752986,0.021098731,0.2197219,-0.008884127,0.0,0.0,0.0,0.0,0,64.912
355788000,355788000,0.975684,0.020891381,0.21801963,-0.008989203,0.0,0.0,0.0,0.0,0,64.932
355808000,355808000,0.97609836,0.020675894,0.2161739,-0.009079349,0.0,0.0,0.0,0.0,0,64.952
355828000,355828000,0.9765378,0.020448059,0.21419863,-0.009152796,0.0,0.0,0.0,0.0,0,64.972
355848000,355848000,0.9770012,0.020210462,0.21209545,-0.009209822,0.0,0.0,0.0,0.0,0,64.992
355868000,355868000,0.97748625,0.019958775,0.20987086,-0.009248944,0.0,0.0,0.0,0.0,0,65.012
355888000,355888000,0.9779912,0.019694801,0.20752928,-0.009270143,0.0,0.0,0.0,0.0,0,65.032
355908000,355908000,0.97851366,0.019417984,0.2050782,-0.009272808,0.0,0.0,0.0,0.0,0,65.052
355928000,355928000,0.9790527,0.019126067,0.20251772,-0.009256342,0.0,0.0,0.0,0.0,0,65.072
355948000,355948000,0.97960764,0.01882064,0.19984663,-0.009221411,0.0,0.0,0.0,0.0,0,65.092
355968000,355968000,0.9801759,0.01849875,0.19707365,-0.00916727,0.0,0.0,0.0,0.0,0,65.112
355988000,355988000,0.9807538,0.018163895,0.19421262,-0.009094777,0.0,0.0,0.0,0.0,0,65.132
356008000,356008000,0.9813389,0.017815225,0.19127107,-0.009003951,0.0,0.0,0.0,0.0,0,65.152
356028000,356028000,0.98193103,0.017461233,0.18824586,-0.008896864,0.0,0.0,0.0,0.0,0,65.172
356048000,356048000,0.9825279,0.017100897,0.18514463,-0.008773588,0.0,0.0,0.0,0.0,0,65.192
356068000,356068000,0.9831277,0.016739279,0.18197304,-0.008635425,0.0,0.0,0.0,0.0,0,65.212
356088000,356088000,0.9837283,0.016370086,0.1787395,-0.008481516,0.0,0.0,0.0,0.0,0,65.232
356108000,356108000,0.98432875,0.015997322,0.17544523,-0.008313064,0.0,0.0,0.0,0.0,0,65.252
356128000,356128000,0.98492616,0.0156115955,0.17210379,-0.008128926,0.0,0.0,0.0,0.0,0,65.272
356148000,356148000,0.98552144,0.015220625,0.16870679,-0.007931093,0.0,0.0,0.0,0.0,0,65.292
356168000,356168000,0.9861127,0.014820232,0.16526228,-0.007719372,0.0,0.0,0.0,0.0,0,65.312
356188000,356188000,0.9866999,0.014412113,0.16176708,-0.007494937,0.0,0.0,0.0,0.0,0,65.332
356208000,356208000,0.98728,0.013991507,0.15823676,-0.0072576827,0.0,0.0,0.0,0.0,0,65.352
356228000,356228000,0.987853,0.013565637,0.15466867,-0.007009425,0.0,0.0,0.0,0.0,0,65.372
356248000,356248000,0.9884158,0.013123937,0.15108141,-0.006749057,0.0,0.0,0.0,0.0,0,65.392
356268000,356268000,0.98896927,0.012677513,0.14746599,-0.0064793555,0.0,0.0,0.0,0.0,0,65.412
356288000,356288000,0.98951155,0.01221936,0.14383404,-0.006200041,0.0,0.0,0.0,0.0,0,65.432
356308000,356308000,0.99004334,0.011764177,0.14017804,-0.0059145275,0.0,0.0,0.0,0.0,0,65.452
356328000,356328000,0.99056095,0.011306944,0.13652341,-0.0056226263,0.0,0.0,0.0,0.0,0,65.472
356348000,356348000,0.9910651,0.0108528035,0.1328644,-0.0053259567,0.0,0.0,0.0,0.0,0,65.492
356368000,356368000,0.991554,0.010396408,0.12921438,-0.0050246883,0.0,0.0,0.0,0.0,0,65.512
356388000,356388000,0.99202853,0.009947848,0.1255678,-0.004721169,0.0,0.0,0.0,0.0,0,65.532
356408000,356408000,0.99248624,0.009497051,0.121944666,-0.0044149566,0.0,0.0,0.0,0.0,0,65.552
356428000,356428000,0.99292946,0.009063656,0.118326664,-0.0041095465,0.0,0.0,0.0,0.0,0,65.572
356448000,356448000,0.9933569,0.008638494,0.114726394,-0.0038045987,0.0,0.0,0.0,0.0,0,65.592
356468000,356468000,0.99377084,0.0082164295,0.111125395,-0.0035004413,0.0,0.0,0.0,0.0,0,65.612
356488000,356488000,0.99417055,0.0077898134,0.10753209,-0.0031973156,0.0,0.0,0.0,0.0,0,65.632
356508000,356508000,0.99455744,0.0073774327,0.10393159,-0.0028983403,0.0,0.0,0.0,0.0,0,65.652
356528000,356528000,0.99493074,0.006973737,0.100331776,-0.0026039677,0.0,0.0,0.0,0.0,0,65.672
356548000,356548000,0.99529207,0.0065911068,0.09671636,-0.0023158574,0.0,0.0,0.0,0.0,0,65.692
356568000,356568000,0.9956395,0.006211668,0.093103975,-0.0020326278,0.0,0.0,0.0,0.0,0,65.712
356588000,356588000,0.9959731,0.0058460846,0.0894953,-0.0017559831,0.0,0.0,0.0,0.0,0,65.732
356608000,356608000,0.9962914,0.005480993,0.08590868,-0.0014852914,0.0,0.0,0.0,0.0,0,65.752
356628000,356628000,0.9965961,0.005132205,0.08232557,-0.0012224684,0.0,0.0,0.0,0.0,0,65.772
356648000,356648000,0.99688494,0.0047965026,0.07877556,-0.0009679482,0.0,0.0,0.0,0.0,0,65.792
356668000,356668000,0.99715847,0.0044661867,0.07525692,-0.00072142214,0.0,0.0,0.0,0.0,0,65.812
356688000,356688000,0.99741584,0.0041379128,0.07178692,-0.00048292556,0.0,0.0,0.0,0.0,0,65.832
356708000,356708000,0.9976577,0.003826877,0.06836246,-0.00025414655,0.0,0.0,0.0,0.0,0,65.852
356728000,356728000,0.9978839,0.0035327338,0.06499452,-3.540769e-05,0.0,0.0,0.0,0.0,0,65.872
356748000,356748000,0.99809456,0.0032526723,0.06169105,0.00017323894,0.0,0.0,0.0,0.0,0,65.892
356768000,356768000,0.9982903,0.0029871268,0.058451068,0.0003714301,0.0,0.0,0.0,0.0,0,65.912
356788000,356788000,0.9984714,0.002733304,0.055282954,0.0005591433,0.0,0.0,0.0,0.0,0,65.932
356808000,356808000,0.99863845,0.0024946372,0.052187715,0.0007361258,0.0,0.0,0.0,0.0,0,65.952
356828000,356828000,0.9987915,0.0022649423,0.04918005,0.00090233213,0.0,0.0,0.0,0.0,0,65.972
356848000,356848000,0.9989319,0.0020535777,0.04624762,0.0010571071,0.0,0.0,0.0,0.0,0,65.992
356868000,356868000,0.9990597,0.0018504496,0.043405306,0.0012009048,0.0,0.0,0.0,0.0,0,66.012
356888000,356888000,0.9991758,0.0016633262,0.040647916,0.0013333636,0.0,0.0,0.0,0.0,0,66.032
356908000,356908000,0.9992805,0.0014865628,0.037989773,0.0014546438,0.0,0.0,0.0,0.0,0,66.052
356928000,356928000,0.99937505,0.0013285804,0.035417903,0.0015647662,0.0,0.0,0.0,0.0,0,66.072
356948000,356948000,0.99946,0.0011807665,0.03293427,0.0016640794,0.0,0.0,0.0,0.0,0,66.092
356968000,356968000,0.99953634,0.001046996,0.03052939,0.0017526157,0.0,0.0,0.0,0.0,0,66.112
356988000,356988000,0.9996043,0.00091976364,0.028216595,0.0018307663,0.0,0.0,0.0,0.0,0,66.132
357008000,357008000,0.99966466,0.00080770574,0.025989216,0.001898432,0.0,0.0,0.0,0.0,0,66.152
357028000,357028000,0.9997179,0.0007029834,0.02385238,0.0019559555,0.0,0.0,0.0,0.0,0,66.172
357048000,357048000,0.99976486,0.0006076695,0.021792224,0.0020036795,0.0,0.0,0.0,0.0,0,66.192
357068000,357068000,0.999806,0.0005170709,0.01981631,0.0020421394,0.0,0.0,0.0,0.0,0,66.212
357088000,357088000,0.99984175,0.00044031822,0.01792045,0.0020713378,0.0,0.0,0.0,0.0,0,66.232
357108000,357108000,0.9998725,0.0003702905,0.016112773,0.002091679,0.0,0.0,0.0,0.0,0,66.252
357128000,357128000,0.9998988,0.00031003574,0.014387079,0.0021036067,0.0,0.0,0.0,0.0,0,66.272
357148000,357148000,0.99992114,0.000254141,0.012738026,0.0021074999,0.0,0.0,0.0,0.0,0,66.292
357168000,357168000,0.9999401,0.00020613427,0.011157662,0.0021036635,0.0,0.0,0.0,0.0,0,66.312
357188000,357188000,0.9999557,0.00016696921,0.009657725,0.002092742,0.0,0.0,0.0,0.0,0,66.332
357208000,357208000,0.99996847,0.00013508782,0.008234242,0.002075133,0.0,0.0,0.0,0.0,0,66.352
357228000,357228000,0.9999788,0.00010979815,0.0068801735,0.002051159,0.0,0.0,0.0,0.0,0,66.372
357248000,357248000,0.9999868,9.152672e-05,0.005602924,0.0020212291,0.0,0.0,0.0,0.0,0,66.392
357268000,357268000,0.9999929,7.741269e-05,0.004399193,0.001985922,0.0,0.0,0.0,0.0,0,66.412
357288000,357288000,0.9999973,7.0198126e-05,0.003262453,0.0019457143,0.0,0.0,0.0,0.0,0,66.432
357308000,357308000,1.0000004,6.824148e-05,0.0021868232,0.0019008904,0.0,0.0,0.0,0.0,0,66.452
357328000,357328000,1.0000021,7.394521e-05,0.0011699494,0.001851969,0.0,0.0,0.0,0.0,0,66.472
357348000,357348000,1.0000029,8.963521e-05,0.00021020697,0.0017997421,0.0,0.0,0.0,0.0,0,66.492
357368000,357368000,1.0000027,0.00011460183,-0.00068933447,0.0017444188,0.0,0.0,0.0,0.0,0,66.512
357388000,357388000,1.0000019,0.00014233304,-0.001532347,0.0016863494,0.0,0.0,0.0,0.0,0,66.532
357408000,357408000,1.0000005,0.00016684676,-0.0023181033,0.0016260837,0.0,0.0,0.0,0.0,0,66.552
357428000,357428000,0.9999987,0.00019117595,-0.0030475496,0.0015639134,0.0,0.0,0.0,0.0,0,66.572
357448000,357448000,0.9999965,0.00021468826,-0.0037140064,0.0015000806,0.0,0.0,0.0,0.0,0,66.592
357468000,357468000,0.99999416,0.00023973295,-0.0043216464,0.0014348087,0.0,0.0,0.0,0.0,0,66.612
357488000,357488000,0.99999166,0.00026858895,-0.004884977,0.0013682764,0.0,0.0,0.0,0.0,0,66.632
357508000,357508000,0.9999891,0.00029996684,-0.005402791,0.0013010018,0.0,0.0,0.0,0.0,0,66.652
357528000,357528000,0.9999865,0.00033158873,-0.0058703576,0.0012333957,0.0,0.0,0.0,0.0,0,66.672
357548000,357548000,0.999984,0.00036402178,-0.006292163,0.0011655453,0.0,0.0,0.0,0.0,0,66.692
357568000,357568000,0.9999816,0.0003918794,-0.006674518,0.0010976254,0.0,0.0,0.0,0.0,0,66.712
357588000,357588000,0.9999793,0.000415528,-0.0070194365,0.001029684,0.0,0.0,0.0,0.0,0,66.732
357608000,357608000,0.9999772,0.00043644357,-0.007323997,0.0009621399,0.0,0.0,0.0,0.0,0,66.752
357628000,357628000,0.99997526,0.00045708174,-0.007586114,0.0008952108,0.0,0.0,0.0,0.0,0,66.772
357648000,357648000,0.9999736,0.00047923293,-0.0078098057,0.00082940137,0.0,0.0,0.0,0.0,0,66.792
357668000,357668000,0.99997216,0.00050344114,-0.007997932,0.00076443626,0.0,0.0,0.0,0.0,0,66.812
357688000,357688000,0.9999709,0.0005268504,-0.008153606,0.0007010396,0.0,0.0,0.0,0.0,0,66.832
357708000,357708000,0.99996996,0.00055159227,-0.008276317,0.0006393339,0.0,0.0,0.0,0.0,0,66.852
357728000,357728000,0.9999691,0.0005820654,-0.008374545,0.00057933247,0.0,0.0,0.0,0.0,0,66.872
357748000,357748000,0.9999685,0.00061317487,-0.008448211,0.0005213421,0.0,0.0,0.0,0.0,0,66.892
357768000,357768000,0.9999682,0.0006451947,-0.0084903715,0.0004654895,0.0,0.0,0.0,0.0,0,66.912
357788000,357788000,0.99996805,0.0006765463,-0.008505679,0.0004116601,0.0,0.0,0.0,0.0,0,66.932
357808000,357808000,0.9999681,0.0007043804,-0.008497574,0.00035977768,0.0,0.0,0.0,0.0,0,66.952
357828000,357828000,0.9999684,0.00073280267,-0.008462287,0.00030998504,0.0,0.0,0.0,0.0,0,66.972
357848000,357848000,0.99996895,0.00076072186,-0.008400884,0.00026229958,0.0,0.0,0.0,0.0,0,66.992
357868000,357868000,0.9999696,0.00078559713,-0.008319831,0.0002165208,0.0,0.0,0.0,0.0,0,67.012
357888000,357888000,0.9999705,0.0008080941,-0.008212203,0.00017273941,0.0,0.0,0.0,0.0,0,67.032
357908000,357908000,0.99997157,0.00083364104,-0.008081171,0.000130998,0.0,0.0,0.0,0.0,0,67.052
357928000,357928000,0.9999727,0.0008616847,-0.007937759,9.136593e-05,0.0,0.0,0.0,0.0,0,67.072
357948000,357948000,0.9999739,0.0008919971,-0.0077782427,5.402849e-05,0.0,0.0,0.0,0.0,0,67.092
357968000,357968000,0.99997526,0.0009227037,-0.0075952653,1.914168e-05,0.0,0.0,0.0,0.0,0,67.112
357988000,357988000,0.99997675,0.00095237914,-0.0073974817,-1.34969705e-05,0.0,0.0,0.0,0.0,0,67.132
358008000,358008000,0.99997824,0.0009807022,-0.007188143,-4.4070617e-05,0.0,0.0,0.0,0.0,0,67.152
358028000,358028000,0.9999798,0.0010154545,-0.006964517,-7.2247996e-05,0.0,0.0,0.0,0.0,0,67.172
358048000,358048000,0.99998134,0.0010520874,-0.0067263492,-9.800472e-05,0.0,0.0,0.0,0.0,0,67.192
358068000,358068000,0.99998295,0.0010892382,-0.0064791907,-0.000121570956,0.0,0.0,0.0,0.0,0,67.212
358088000,358088000,0.99998456,0.0011248633,-0.0062237354,-0.00014298256,0.0,0.0,0.0,0.0,0,67.232
358108000,358108000,0.9999862,0.0011582993,-0.0059537767,-0.0001623198,0.0,0.0,0.0,0.0,0,67.252
358128000,358128000,0.9999877,0.0011917448,-0.0056733666,-0.00017958399,0.0,0.0,0.0,0.0,0,67.272
358148000,358148000,0.9999893,0.0012254608,-0.005386097,-0.0001947895,0.0,0.0,0.0,0.0,0,67.292
358168000,358168000,0.99999076,0.0012601834,-0.005092993,-0.00020790721,0.0,0.0,0.0,0.0,0,67.312
358188000,358188000,0.9999922,0.0012961759,-0.0048003686,-0.00021938943,0.0,0.0,0.0,0.0,0,67.332
358208000,358208000,0.9999935,0.0013318263,-0.0045085712,-0.00022972985,0.0,0.0,0.0,0.0,0,67.352
358228000,358228000,0.99999475,0.0013762029,-0.0042059273,-0.00023872855,0.0,0.0,0.0,0.0,0,67.372
358248000,358248000,0.9999959,0.0014197965,-0.0039001673,-0.00024645904,0.0,0.0,0.0,0.0,0,67.392
358268000,358268000,0.99999696,0.0014616303,-0.0035954572,-0.00025278906,0.0,0.0,0.0,0.0,0,67.412
358288000,358288000,0.99999803,0.0014981285,-0.0032840488,-0.00025802656,0.0,0.0,0.0,0.0,0,67.432
358308000,358308000,0.9999989,0.0015319551,-0.0029666729,-0.00026273524,0.0,0.0,0.0,0.0,0,67.452
358328000,358328000,0.9999998,0.0015622863,-0.0026457876,-0.00026688672,0.0,0.0,0.0,0.0,0,67.472
358348000,358348000,1.0000006,0.0015817855,-0.0023299342,-0.00027023186,0.0,0.0,0.0,0.0,0,67.492
358368000,358368000,1.0000012,0.0015901282,-0.0020188598,-0.00027290653,0.0,0.0,0.0,0.0,0,67.512
358388000,358388000,1.0000018,0.0015971601,-0.001713659,-0.0002753542,0.0,0.0,0.0,0.0,0,67.532
358408000,358408000,1.0000023,0.0016025522,-0.0014274062,-0.00027756157,0.0,0.0,0.0,0.0,0,67.552
358428000,358428000,1.0000026,0.0016014877,-0.0011467073,-0.0002790741,0.0,0.0,0.0,0.0,0,67.572
358448000,358448000,1.0000029,0.0015915628,-0.00085995736,-0.00028029032,0.0,0.0,0.0,0.0,0,67.592
358468000,358468000,1.0000031,0.0015773912,-0.00056783966,-0.0002813709,0.0,0.0,0.0,0.0,0,67.612
358488000,358488000,1.0000032,0.0015612053,-0.00027089217,-0.0002823093,0.0,0.0,0.0,0.0,0,67.632
358508000,358508000,1.0000033,0.0015444729,1.9970003e-05,-0.00028267322,0.0,0.0,0.0,0.0,0,67.652
358528000,358528000,1.0000033,0.0015188142,0.00029956718,-0.00028265239,0.0,0.0,0.0,0.0,0,67.672
358548000,358548000,1.0000032,0.0014880544,0.0005633268,-0.00028244016,0.0,0.0,0.0,0.0,0,67.692
358568000,358568000,1.0000031,0.0014495756,0.00081184984,-0.00028208183,0.0,0.0,0.0,0.0,0,67.712
358588000,358588000,1.000003,0.0014022401,0.0010466587,-0.000281144,0.0,0.0,0.0,0.0,0,67.732
358608000,358608000,1.0000027,0.0013441138,0.0012831572,-0.00027972716,0.0,0.0,0.0,0.0,0,67.752
358628000,358628000,1.0000025,0.0012826286,0.0015205703,-0.00027808442,0.0,0.0,0.0,0.0,0,67.772
358648000,358648000,1.0000023,0.0012184307,0.0017616436,-0.00027629273,0.0,0.0,0.0,0.0,0,67.792
358668000,358668000,1.0000019,0.0011504424,0.0020021026,-0.00027438518,0.0,0.0,0.0,0.0,0,67.812
358688000,358688000,1.0000014,0.001080178,0.0022304633,-0.00027242786,0.0,0.0,0.0,0.0,0,67.832
358708000,358708000,1.0000011,0.0009992066,0.00244359,-0.00027027685,0.0,0.0,0.0,0.0,0,67.852
358728000,358728000,1.0000006,0.000911574,0.002645138,-0.0002684772,0.0,0.0,0.0,0.0,0,67.872
358748000,358748000,1.0000001,0.00082424213,0.0028316395,-0.00026709857,0.0,0.0,0.0,0.0,0,67.892
358768000,358768000,0.9999997,0.00073747017,0.0030137452,-0.00026644656,0.0,0.0,0.0,0.0,0,67.912
358788000,358788000,0.9999992,0.0006415243,0.0031866196,-0.0002663646,0.0,0.0,0.0,0.0,0,67.932
358808000,358808000,0.99999875,0.00053883466,0.0033566067,-0.0002664733,0.0,0.0,0.0,0.0,0,67.952
358828000,358828000,0.9999982,0.00043237835,0.0035265472,-0.0002666612,0.0,0.0,0.0,0.0,0,67.972
358848000,358848000,0.9999976,0.0003253101,0.0036971099,-0.00026720663,0.0,0.0,0.0,0.0,0,67.992
358868000,358868000,0.999997,0.00022414257,0.0038583006,-0.00026834582,0.0,0.0,0.0,0.0,0,68.012
358888000,358888000,0.9999965,0.00012111924,0.0040108794,-0.0002703824,0.0,0.0,0.0,0.0,0,68.032
358908000,358908000,0.9999959,1.2027651e-05,0.004154872,-0.00027326922,0.0,0.0,0.0,0.0,0,68.052
358928000,358928000,0.99999535,-0.00010072645,0.004283275,-0.00027696815,0.0,0.0,0.0,0.0,0,68.072
358948000,358948000,0.9999948,-0.00021193936,0.0044054063,-0.00028164077,0.0,0.0,0.0,0.0,0,68.092
358968000,358968000,0.9999943,-0.00032953208,0.0045154262,-0.0002871474,0.0,0.0,0.0,0.0,0,68.112
358988000,358988000,0.99999374,-0.00045479537,0.0046162456,-0.00029331315,0.0,0.0,0.0,0.0,0,68.132
359008000,359008000,0.9999932,-0.0005760304,0.0047204033,-0.00030020956,0.0,0.0,0.0,0.0,0,68.152
359028000,359028000,0.99999267,-0.0006870755,0.0048192376,-0.00030797435,0.0,0.0,0.0,0.0,0,68.172
359048000,359048000,0.99999213,-0.00078503054,0.0049079973,-0.00031646917,0.0,0.0,0.0,0.0,0,68.192
359068000,359068000,0.9999917,-0.00087064976,0.0049823844,-0.00032555414,0.0,0.0,0.0,0.0,0,68.212
359088000,359088000,0.99999136,-0.0009481374,0.0050385226,-0.00033495013,0.0,0.0,0.0,0.0,0,68.232
359108000,359108000,0.9999911,-0.0010205572,0.00507346,-0.00034444363,0.0,0.0,0.0,0.0,0,68.252
359128000,359128000,0.999991,-0.0010908289,0.0050811144,-0.0003540217,0.0,0.0,0.0,0.0,0,68.272
359148000,359148000,0.99999094,-0.0011590061,0.005076716,-0.00036390152,0.0,0.0,0.0,0.0,0,68.292
359168000,359168000,0.9999908,-0.0012255086,0.005076849,-0.00037414115,0.0,0.0,0.0,0.0,0,68.312
359188000,359188000,0.9999908,-0.0012913457,0.0050609955,-0.00038460596,0.0,0.0,0.0,0.0,0,68.332
359208000,359208000,0.99999094,-0.0013569001,0.0050195386,-0.00039513665,0.0,0.0,0.0,0.0,0,68.352
359228000,359228000,0.9999912,-0.0014155852,0.0049621374,-0.0004058662,0.0,0.0,0.0,0.0,0,68.372
359248000,359248000,0.99999136,-0.0014706787,0.0049072634,-0.00041657969,0.0,0.0,0.0,0.0,0,68.392
359268000,359268000,0.99999154,-0.0015222247,0.004855826,-0.00042701664,0.0,0.0,0.0,0.0,0,68.412
359288000,359288000,0.9999918,-0.0015710046,0.0047881957,-0.00043741375,0.0,0.0,0.0,0.0,0,68.432
359308000,359308000,0.9999921,-0.0016247472,0.004705558,-0.00044749264,0.0,0.0,0.0,0.0,0,68.452
359328000,359328000,0.9999923,-0.0016808712,0.004632177,-0.00045755217,0.0,0.0,0.0,0.0,0,68.472
359348000,359348000,0.9999926,-0.0017299117,0.004551392,-0.0004670202,0.0,0.0,0.0,0.0,0,68.492
359368000,359368000,0.9999929,-0.0017695851,0.0044601494,-0.00047606468,0.0,0.0,0.0,0.0,0,68.512
359388000,359388000,0.99999326,-0.001807646,0.0043724785,-0.00048499124,0.0,0.0,0.0,0.0,0,68.532
359408000,359408000,0.9999936,-0.001845277,0.0042716735,-0.0004937934,0.0,0.0,0.0,0.0,0,68.552
359428000,359428000,0.999994,-0.0018744566,0.0041646664,-0.0005029932,0.0,0.0,0.0,0.0,0,68.572
359448000,359448000,0.9999944,-0.001895741,0.0040567103,-0.00051226607,0.0,0.0,0.0,0.0,0,68.592
359468000,359468000,0.99999475,-0.0019174943,0.0039515747,-0.00052093464,0.0,0.0,0.0,0.0,0,68.612
359488000,359488000,0.9999952,-0.0019364436,0.0038443033,-0.0005287353,0.0,0.0,0.0,0.0,0,68.632
359508000,359508000,0.9999955,-0.001947368,0.003741575,-0.0005362257,0.0,0.0,0.0,0.0,0,68.652
359528000,359528000,0.9999958,-0.0019534077,0.0036457358,-0.0005435661,0.0,0.0,0.0,0.0,0,68.672
359548000,359548000,0.9999962,-0.001956128,0.0035510263,-0.00055081124,0.0,0.0,0.0,0.0,0,68.692
359568000,359568000,0.9999965,-0.001955183,0.0034560203,-0.00055814977,0.0,0.0,0.0,0.0,0,68.712
359588000,359588000,0.99999684,-0.0019487214,0.0033613285,-0.0005655589,0.0,0.0,0.0,0.0,0,68.732
359608000,359608000,0.9999972,-0.0019361151,0.0032688063,-0.00057322625,0.0,0.0,0.0,0.0,0,68.752
359628000,359628000,0.99999744,-0.0019184891,0.0031957466,-0.0005808737,0.0,0.0,0.0,0.0,0,68.772
359648000,359648000,0.9999977,-0.0018979844,0.003131664,-0.0005884323,0.0,0.0,0.0,0.0,0,68.792
359668000,359668000,0.999998,-0.0018704924,0.0030511806,-0.000595463,0.0,0.0,0.0,0.0,0,68.812
359688000,359688000,0.9999983,-0.0018383611,0.0029738953,-0.0006021793,0.0,0.0,0.0,0.0,0,68.832
359708000,359708000,0.9999985,-0.0017972993,0.0029051735,-0.0006084079,0.0,0.0,0.0,0.0,0,68.852
359728000,359728000,0.9999988,-0.0017478805,0.0028367364,-0.0006140818,0.0,0.0,0.0,0.0,0,68.872
359748000,359748000,0.9999991,-0.0016982486,0.0027708693,-0.00061924534,0.0,0.0,0.0,0.0,0,68.892
359768000,359768000,0.99999934,-0.0016542216,0.002705574,-0.00062439713,0.0,0.0,0.0,0.0,0,68.912
359788000,359788000,0.9999996,-0.0016152847,0.002641428,-0.00062959944,0.0,0.0,0.0,0.0,0,68.932
359808000,359808000,0.99999976,-0.0015748186,0.002579324,-0.0006344628,0.0,0.0,0.0,0.0,0,68.952
359828000,359828000,1.0,-0.001523663,0.0025054622,-0.0006385145,0.0,0.0,0.0,0.0,0,68.972
359848000,359848000,1.0000004,-0.0014779657,0.0024277447,-0.0006423851,0.0,0.0,0.0,0.0,0,68.992
359868000,359868000,1.0000005,-0.0014321193,0.0023657575,-0.00064649776,0.0,0.0,0.0,0.0,0,69.012
359888000,359888000,1.0000007,-0.0013812855,0.0023074977,-0.0006506535,0.0,0.0,0.0,0.0,0,69.032
359908000,359908000,1.000001,-0.0013276881,0.0022319376,-0.00065462757,0.0,0.0,0.0,0.0,0,69.052
359928000,359928000,1.0000012,-0.0012743277,0.0021619983,-0.000658486,0.0,0.0,0.0,0.0,0,69.072
359948000,359948000,1.0000014,-0.0012217105,0.0020872958,-0.00066234724,0.0,0.0,0.0,0.0,0,69.092
359968000,359968000,1.0000017,-0.0011553218,0.0020075117,-0.0006664237,0.0,0.0,0.0,0.0,0,69.112
359988000,359988000,1.0000019,-0.001095649,0.0019251598,-0.0006703939,0.0,0.0,0.0,0.0,0,69.132
360008000,360008000,1.000002,-0.0010530037,0.001845123,-0.00067449384,0.0,0.0,0.0,0.0,0,69.152
360028000,360028000,1.0000023,-0.0010129649,0.0017736707,-0.00067875424,0.0,0.0,0.0,0.0,0,69.172
360048000,360048000,1.0000024,-0.00096892245,0.0016890464,-0.00068302004,0.0,0.0,0.0,0.0,0,69.192
360068000,360068000,1.0000026,-0.000917291,0.0016065413,-0.0006872396,0.0,0.0,0.0,0.0,0,69.212
360088000,360088000,1.0000027,-0.00086385827,0.0015297714,-0.00069141935,0.0,0.0,0.0,0.0,0,69.232
360108000,360108000,1.000003,-0.00080538564,0.0014402817,-0.0006955748,0.0,0.0,0.0,0.0,0,69.252
360128000,360128000,1.0000031,-0.00074048544,0.0013590032,-0.0006996665,0.0,0.0,0.0,0.0,0,69.272
360148000,360148000,1.0000032,-0.00067064876,0.0012813468,-0.0007035137,0.0,0.0,0.0,0.0,0,69.292
360168000,360168000,1.0000035,-0.00059759826,0.0011916556,-0.00070739654,0.0,0.0,0.0,0.0,0,69.312
360188000,360188000,1.0000036,-0.00052484643,0.0010989961,-0.00071092875,0.0,0.0,0.0,0.0,0,69.332
360208000,360208000,1.0000037,-0.00045570315,0.0010212387,-0.00071399217,0.0,0.0,0.0,0.0,0,69.352
360228000,360228000,1.0000038,-0.00039012384,0.0009542062,-0.0007167751,0.0,0.0,0.0,0.0,0,69.372
360248000,360248000,1.0000038,-0.00032329652,0.0008885096,-0.0007193278,0.0,0.0,0.0,0.0,0,69.392
360268000,360268000,1.0000039,-0.0002504923,0.00081669167,-0.0007216391,0.0,0.0,0.0,0.0,0,69.412
360288000,360288000,1.000004,-0.00017539425,0.00074518047,-0.0007236299,0.0,0.0,0.0,0.0,0,69.432
360308000,360308000,1.000004,-9.668567e-05,0.00068033306,-0.000725608,0.0,0.0,0.0,0.0,0,69.452
360328000,360328000,1.000004,-1.3475194e-05,0.0006157503,-0.00072755443,0.0,0.0,0.0,0.0,0,69.472
360348000,360348000,1.0000042,7.419333e-05,0.00054751546,-0.0007294809,0.0,0.0,0.0,0.0,0,69.492
360368000,360368000,1.0000042,0.0001649677,0.00047624126,-0.00073120394,0.0,0.0,0.0,0.0,0,69.512
360388000,360388000,1.0000042,0.00025731232,0.00040796807,-0.000732845,0.0,0.0,0.0,0.0,0,69.532
360408000,360408000,1.0000042,0.00035340927,0.000339101,-0.000734519,0.0,0.0,0.0,0.0,0,69.552
360428000,360428000,1.0000042,0.00045624588,0.00026931253,-0.0007362759,0.0,0.0,0.0,0.0,0,69.572
360448000,360448000,1.000004,0.00056241394,0.00019940222,-0.0007378948,0.0,0.0,0.0,0.0,0,69.592
360468000,360468000,1.000004,0.0006714986,0.0001266839,-0.0007394029,0.0,0.0,0.0,0.0,0,69.612
360488000,360488000,1.0000039,0.0007814523,5.2196257e-05,-0.00074071373,0.0,0.0,0.0,0.0,0,69.632
360508000,360508000,1.0000039,0.00089339376,-2.5997506e-05,-0.000741958,0.0,0.0,0.0,0.0,0,69.652
360528000,360528000,1.0000038,0.0010080042,-0.00010870141,-0.00074326474,0.0,0.0,0.0,0.0,0,69.672
360548000,360548000,1.0000036,0.0011227379,-0.00019364736,-0.00074484013,0.0,0.0,0.0,0.0,0,69.692
360568000,360568000,1.0000035,0.0012336373,-0.00027690767,-0.0007469851,0.0,0.0,0.0,0.0,0,69.712
360588000,360588000,1.0000033,0.0013347713,-0.00035261377,-0.0007499191,0.0,0.0,0.0,0.0,0,69.732
360608000,360608000,1.0000032,0.0014231226,-0.00041786768,-0.0007537011,0.0,0.0,0.0,0.0,0,69.752
360628000,360628000,1.000003,0.001506239,-0.00047993107,-0.00075803645,0.0,0.0,0.0,0.0,0,69.772
360648000,360648000,1.0000029,0.0015892006,-0.0005556553,-0.000762897,0.0,0.0,0.0,0.0,0,69.792
360668000,360668000,1.0000026,0.0016608156,-0.0006374703,-0.000767897,0.0,0.0,0.0,0.0,0,69.812
360688000,360688000,1.0000025,0.0017228309,-0.00071708637,-0.0007727255,0.0,0.0,0.0,0.0,0,69.832
360708000,360708000,1.0000024,0.0017765341,-0.0007939815,-0.00077735726,0.0,0.0,0.0,0.0,0,69.852
360728000,360728000,1.0000021,0.0018280841,-0.0008728727,-0.0007819103,0.0,0.0,0.0,0.0,0,69.872
360748000,360748000,1.000002,0.0018804646,-0.0009558377,-0.00078641594,0.0,0.0,0.0,0.0,0,69.892
360768000,360768000,1.0000018,0.0019350012,-0.0010441496,-0.0007908888,0.0,0.0,0.0,0.0,0,69.912
360788000,360788000,1.0000015,0.0019921656,-0.0011379323,-0.0007953528,0.0,0.0,0.0,0.0,0,69.932
360808000,360808000,1.0000014,0.0020454915,-0.0012309948,-0.0007997495,0.0,0.0,0.0,0.0,0,69.952
360828000,360828000,1.0000012,0.0020866492,-0.0013147137,-0.0008040066,0.0,0.0,0.0,0.0,0,69.972
360848000,360848000,1.000001,0.002124587,-0.0013983867,-0.0008081826,0.0,0.0,0.0,0.0,0,69.992
360868000,360868000,1.0000008,0.0021604877,-0.0014829882,-0.0008125729,0.0,0.0,0.0,0.0,0,70.012
360888000,360888000,1.0000006,0.0021887152,-0.0015631838,-0.0008175838,0.0,0.0,0.0,0.0,0,70.032
360908000,360908000,1.0000005,0.0022044163,-0.0016380039,-0.0008229025,0.0,0.0,0.0,0.0,0,70.052
360928000,360928000,1.0000004,0.0022021134,-0.0017086643,-0.00082844385,0.0,0.0,0.0,0.0,0,70.072
360948000,360948000,1.0000002,0.0021944344,-0.0017669654,-0.0008338286,0.0,0.0,0.0,0.0,0,70.092
360968000,360968000,1.0000001,0.0021814045,-0.0018272451,-0.0008391446,0.0,0.0,0.0,0.0,0,70.112
360988000,360988000,1.0000001,0.0021585303,-0.0018813232,-0.0008444184,0.0,0.0,0.0,0.0,0,70.132
361008000,361008000,1.0000001,0.0021347434,-0.0019236471,-0.00084946136,0.0,0.0,0.0,0.0,0,70.152
361028000,361028000,1.0,0.0021175025,-0.0019687952,-0.00085411256,0.0,0.0,0.0,0.0,0,70.172
361048000,361048000,0.99999994,0.0021015103,-0.0020111054,-0.00085858745,0.0,0.0,0.0,0.0,0,70.192
361068000,361068000,0.99999994,0.002083133,-0.0020482566,-0.0008634527,0.0,0.0,0.0,0.0,0,70.212
361088000,361088000,0.9999999,0.002057439,-0.002092434,-0.00086880615,0.0,0.0,0.0,0.0,0,70.232
361108000,361108000,0.9999998,0.0020238694,-0.0021348558,-0.00087394175,0.0,0.0,0.0,0.0,0,70.252
361128000,361128000,0.9999998,0.0019904717,-0.002169501,-0.0008794477,0.0,0.0,0.0,0.0,0,70.272
361148000,361148000,0.9999998,0.0019608445,-0.0021998372,-0.0008850321,0.0,0.0,0.0,0.0,0,70.292
361168000,361168000,0.9999998,0.0019326473,-0.002228401,-0.0008905122,0.0,0.0,0.0,0.0,0,70.312
361188000,361188000,0.9999998,0.0019089337,-0.002252098,-0.000895626,0.0,0.0,0.0,0.0,0,70.332
361208000,361208000,0.99999976,0.00188386,-0.002284767,-0.0009008064,0.0,0.0,0.0,0.0,0,70.352
361228000,361228000,0.9999997,0.0018567641,-0.00231788,-0.0009059845,0.0,0.0,0.0,0.0,0,70.372
361248000,361248000,0.99999976,0.0018303394,-0.0023311959,-0.0009112608,0.0,0.0,0.0,0.0,0,70.392
361268000,361268000,0.99999976,0.0018029168,-0.002342662,-0.00091705966,0.0,0.0,0.0,0.0,0,70.412
361288000,361288000,1.000002,0.0020026052,0.00030480875,-0.0009239813,0.0,0.0,0.0,0.0,0,70.432
361308000,361308000,0.99995995,0.0028797546,0.008948561,-0.00092969986,0.0,0.0,0.0,0.0,0,70.452
361328000,361328000,0.9998022,0.0042452137,0.019641845,-0.0009486185,0.0,0.0,0.0,0.0,0,70.472
361348000,361348000,0.9995425,0.0058198036,0.02981784,-0.0009889511,0.0,0.0,0.0,0.0,0,70.492
361368000,361368000,0.9991741,0.007457088,0.040043194,-0.0010470984,0.0,0.0,0.0,0.0,0,70.512
361388000,361388000,0.9986925,0.009078875,0.050385404,-0.0011222672,0.0,0.0,0.0,0.0,0,70.532
361408000,361408000,0.99813175,0.010661234,0.060224093,-0.0012197172,0.0,0.0,0.0,0.0,0,70.552
361428000,361428000,0.99752873,0.012152844,0.06925326,-0.001340144,0.0,0.0,0.0,0.0,0,70.572
361448000,361448000,0.99690443,0.013546844,0.07749178,-0.0014824162,0.0,0.0,0.0,0.0,0,70.592
361468000,361468000,0.9962721,0.014836747,0.085018754,-0.0016444598,0.0,0.0,0.0,0.0,0,70.612
361488000,361488000,0.9956477,0.015998155,0.09184451,-0.001823181,0.0,0.0,0.0,0.0,0,70.632
361508000,361508000,0.99504405,0.017054874,0.097987026,-0.0020190189,0.0,0.0,0.0,0.0,0,70.652
361528000,361528000,0.99446696,0.018011862,0.10351431,-0.002230493,0.0,0.0,0.0,0.0,0,70.672
361548000,361548000,0.9939207,0.018868577,0.108483635,-0.0024549554,0.0,0.0,0.0,0.0,0,70.692
361568000,361568000,0.99340844,0.019642955,0.112940885,-0.0026921001,0.0,0.0,0.0,0.0,0,70.712
361588000,361588000,0.99293137,0.020332225,0.116937205,-0.002939082,0.0,0.0,0.0,0.0,0,70.732
361608000,361608000,0.99249095,0.020941982,0.12050729,-0.0031938846,0.0,0.0,0.0,0.0,0,70.752
361628000,361628000,0.9920878,0.021492627,0.123681135,-0.0034563306,0.0,0.0,0.0,0.0,0,70.772
361648000,361648000,0.99171877,0.021978613,0.12651497,-0.0037232086,0.0,0.0,0.0,0.0,0,70.792
361668000,361668000,0.9913816,0.022421839,0.12904616,-0.0039949976,0.0,0.0,0.0,0.0,0,70.812
361688000,361688000,0.99106246,0.022833819,0.13139504,-0.0042694686,0.0,0.0,0.0,0.0,0,70.832
361708000,361708000,0.9906185,0.023362398,0.13460155,-0.004542429,0.0,0.0,0.0,0.0,0,70.852
361728000,361728000,0.98984,0.02424587,0.14005303,-0.004814747,0.0,0.0,0.0,0.0,0,70.872
361748000,361748000,0.9886358,0.025603136,0.14807735,-0.00509937,0.0,0.0,0.0,0.0,0,70.892
361768000,361768000,0.9870443,0.027408121,0.15802594,-0.0054163244,0.0,0.0,0.0,0.0,0,70.912
361788000,361788000,0.9850854,0.029624512,0.1694249,-0.0057809083,0.0,0.0,0.0,0.0,0,70.932
361808000,361808000,0.98271924,0.032162912,0.18220663,-0.0061896215,0.0,0.0,0.0,0.0,0,70.952
361828000,361828000,0.97993165,0.034984816,0.1961502,-0.006652224,0.0,0.0,0.0,0.0,0,70.972
361848000,361848000,0.9767508,0.038026858,0.21087758,-0.007180821,0.0,0.0,0.0,0.0,0,70.992
361868000,361868000,0.9732973,0.04114639,0.22571653,-0.007779129,0.0,0.0,0.0,0.0,0,71.012
361888000,361888000,0.96973675,0.044286635,0.23997238,-0.008468965,0.0,0.0,0.0,0.0,0,71.032
361908000,361908000,0.9662001,0.047306843,0.25326496,-0.009238232,0.0,0.0,0.0,0.0,0,71.052
361928000,361928000,0.96276337,0.050153777,0.26547837,-0.010080704,0.0,0.0,0.0,0.0,0,71.072
361948000,361948000,0.95948225,0.052794803,0.27657712,-0.010989289,0.0,0.0,0.0,0.0,0,71.092
361968000,361968000,0.95645386,0.055164438,0.28638986,-0.01195267,0.0,0.0,0.0,0.0,0,71.112
361988000,361988000,0.9537733,0.05726431,0.2947507,-0.012977611,0.0,0.0,0.0,0.0,0,71.132
362008000,362008000,0.9515054,0.059032783,0.30160317,-0.014043918,0.0,0.0,0.0,0.0,0,71.152
362028000,362028000,0.9496643,0.060505427,0.30701187,-0.015152448,0.0,0.0,0.0,0.0,0,71.172
362048000,362048000,0.9482553,0.061667286,0.3110512,-0.016286643,0.0,0.0,0.0,0.0,0,71.192
362068000,362068000,0.94726545,0.06255214,0.31381568,-0.017443383,0.0,0.0,0.0,0.0,0,71.212
362088000,362088000,0.94668776,0.06315985,0.3153663,-0.018610148,0.0,0.0,0.0,0.0,0,71.232
362108000,362108000,0.94650763,0.063508116,0.3157655,-0.019779716,0.0,0.0,0.0,0.0,0,71.252
362128000,362128000,0.946708,0.063607074,0.31506914,-0.020941857,0.0,0.0,0.0,0.0,0,71.272
362148000,362148000,0.94726396,0.06346403,0.3133443,-0.022084396,0.0,0.0,0.0,0.0,0,71.292
362168000,362168000,0.9481551,0.06311358,0.31062704,-0.023206519,0.0,0.0,0.0,0.0,0,71.312
362188000,362188000,0.9493579,0.06255405,0.30696145,-0.024294961,0.0,0.0,0.0,0.0,0,71.332
362208000,362208000,0.950844,0.06181962,0.3023914,-0.025348514,0.0,0.0,0.0,0.0,0,71.352
362228000,362228000,0.952592,0.060898904,0.29694167,-0.02635316,0.0,0.0,0.0,0.0,0,71.372
362248000,362248000,0.95456463,0.059826687,0.29067257,-0.02730708,0.0,0.0,0.0,0.0,0,71.392
362268000,362268000,0.9567279,0.05858924,0.2836427,-0.028193757,0.0,0.0,0.0,0.0,0,71.412
362288000,362288000,0.9590522,0.05722862,0.27588215,-0.029016182,0.0,0.0,0.0,0.0,0,71.432
362308000,362308000,0.9615114,0.055723757,0.26742133,-0.029759774,0.0,0.0,0.0,0.0,0,71.452
362328000,362328000,0.96407384,0.054111328,0.25829616,-0.030426761,0.0,0.0,0.0,0.0,0,71.472
362348000,362348000,0.96670645,0.052371714,0.24856344,-0.031002706,0.0,0.0,0.0,0.0,0,71.492
362368000,362368000,0.96937805,0.050545774,0.23826185,-0.031490963,0.0,0.0,0.0,0.0,0,71.512
362388000,362388000,0.97206146,0.04861934,0.22743216,-0.03188162,0.0,0.0,0.0,0.0,0,71.532
362408000,362408000,0.9747288,0.046614908,0.21611264,-0.0321753,0.0,0.0,0.0,0.0,0,71.552
362428000,362428000,0.97735274,0.04451974,0.20435588,-0.032364342,0.0,0.0,0.0,0.0,0,71.572
362448000,362448000,0.97990894,0.042359866,0.19219813,-0.032451596,0.0,0.0,0.0,0.0,0,71.592
362468000,362468000,0.9823732,0.040116,0.17969705,-0.03243055,0.0,0.0,0.0,0.0,0,71.612
362488000,362488000,0.98472476,0.037811607,0.16689202,-0.032304455,0.0,0.0,0.0,0.0,0,71.632
362508000,362508000,0.98694074,0.035439607,0.15385915,-0.032070667,0.0,0.0,0.0,0.0,0,71.652
362528000,362528000,0.98900586,0.033017945,0.140639,-0.031733457,0.0,0.0,0.0,0.0,0,71.672
362548000,362548000,0.99090505,0.03053977,0.12729649,-0.03129309,0.0,0.0,0.0,0.0,0,71.692
362568000,362568000,0.9926279,0.028029844,0.11387446,-0.030755712,0.0,0.0,0.0,0.0,0,71.712
362588000,362588000,0.9941661,0.0254895,0.10042731,-0.030124752,0.0,0.0,0.0,0.0,0,71.732
362608000,362608000,0.9955141,0.02293418,0.08700649,-0.029406153,0.0,0.0,0.0,0.0,0,71.752
362628000,362628000,0.9966678,0.020358637,0.073687114,-0.028603973,0.0,0.0,0.0,0.0,0,71.772
362648000,362648000,0.99762934,0.017773204,0.06050023,-0.027725147,0.0,0.0,0.0,0.0,0,71.792
362668000,362668000,0.998401,0.015184059,0.047509175,-0.026775878,0.0,0.0,0.0,0.0,0,71.812
362688000,362688000,0.9989894,0.012598434,0.03473883,-0.025763726,0.0,0.0,0.0,0.0,0,71.832
362708000,362708000,0.99940175,0.010027198,0.022243988,-0.02469653,0.0,0.0,0.0,0.0,0,71.852
362728000,362728000,0.9996481,0.007474621,0.01004069,-0.023582056,0.0,0.0,0.0,0.0,0,71.872
362748000,362748000,0.9997391,0.004952973,-0.0018194636,-0.022428371,0.0,0.0,0.0,0.0,0,71.892
362768000,362768000,0.999687,0.0024625633,-0.013326199,-0.02124367,0.0,0.0,0.0,0.0,0,71.912
362788000,362788000,0.99950504,1.5178028e-05,-0.024441492,-0.020035692,0.0,0.0,0.0,0.0,0,71.932
362808000,362808000,0.99920624,-0.0023985305,-0.035161376,-0.018812485,0.0,0.0,0.0,0.0,0,71.952
362828000,362828000,0.99880457,-0.004762258,-0.045461506,-0.017581237,0.0,0.0,0.0,0.0,0,71.972
362848000,362848000,0.99831235,-0.007080257,-0.055354115,-0.01634994,0.0,0.0,0.0,0.0,0,71.992
362868000,362868000,0.997744,-0.009332995,-0.064808376,-0.015124873,0.0,0.0,0.0,0.0,0,72.012
362888000,362888000,0.9971117,-0.011525498,-0.073830485,-0.013912989,0.0,0.0,0.0,0.0,0,72.032
362908000,362908000,0.9964286,-0.013648109,-0.08240759,-0.01272032,0.0,0.0,0.0,0.0,0,72.052
362928000,362928000,0.99570477,-0.01570768,-0.090558745,-0.0115533415,0.0,0.0,0.0,0.0,0,72.072
362948000,362948000,0.99495256,-0.017691601,-0.09827019,-0.010416083,0.0,0.0,0.0,0.0,0,72.092
362968000,362968000,0.99418044,-0.019607285,-0.105561316,-0.009313581,0.0,0.0,0.0,0.0,0,72.112
362988000,362988000,0.99339783,-0.021442393,-0.11243672,-0.0082486905,0.0,0.0,0.0,0.0,0,72.132
363008000,363008000,0.992611,-0.023197174,-0.118921004,-0.007224586,0.0,0.0,0.0,0.0,0,72.152
363028000,363028000,0.99182504,-0.02486698,-0.12503919,-0.006243353,0.0,0.0,0.0,0.0,0,72.172
363048000,363048000,0.991044,-0.026459714,-0.13081522,-0.005308183,0.0,0.0,0.0,0.0,0,72.192
363068000,363068000,0.99027,-0.027978726,-0.13627923,-0.0044210884,0.0,0.0,0.0,0.0,0,72.212
363088000,363088000,0.9895075,-0.029424665,-0.14144032,-0.0035836715,0.0,0.0,0.0,0.0,0,72.232
363108000,363108000,0.9887546,-0.030794252,-0.14634675,-0.0027955044,0.0,0.0,0.0,0.0,0,72.252
363128000,363128000,0.988016,-0.03208414,-0.1509963,-0.0020577328,0.0,0.0,0.0,0.0,0,72.272
363148000,363148000,0.9872917,-0.033298947,-0.15541396,-0.0013714414,0.0,0.0,0.0,0.0,0,72.292
363168000,363168000,0.98658735,-0.03443602,-0.1595874,-0.000737777,0.0,0.0,0.0,0.0,0,72.312
363188000,363188000,0.9859037,-0.03549759,-0.16353254,-0.00015703475,0.0,0.0,0.0,0.0,0,72.332
363208000,363208000,0.98524356,-0.036481798,-0.16725194,0.00037067966,0.0,0.0,0.0,0.0,0,72.352
363228000,363228000,0.9846096,-0.037397172,-0.17074488,0.0008434979,0.0,0.0,0.0,0.0,0,72.372
363248000,363248000,0.984004,-0.03824562,-0.17401393,0.0012610679,0.0,0.0,0.0,0.0,0,72.392
363268000,363268000,0.98342806,-0.03903138,-0.17706577,0.0016229796,0.0,0.0,0.0,0.0,0,72.412
363288000,363288000,0.9828817,-0.039750397,-0.17991337,0.0019310039,0.0,0.0,0.0,0.0,0,72.432
363308000,363308000,0.9823677,-0.040399503,-0.18255378,0.002186429,0.0,0.0,0.0,0.0,0,72.452
363328000,363328000,0.9818869,-0.040979188,-0.18499233,0.0023902142,0.0,0.0,0.0,0.0,0,72.472
363348000,363348000,0.9814419,-0.041494645,-0.18722329,0.0025425584,0.0,0.0,0.0,0.0,0,72.492
363368000,363368000,0.9810335,-0.041946158,-0.18925078,0.0026444325,0.0,0.0,0.0,0.0,0,72.512
363388000,363388000,0.9806619,-0.042332232,-0.19108105,0.002698207,0.0,0.0,0.0,0.0,0,72.532
363408000,363408000,0.980329,-0.04265279,-0.19271134,0.002706218,0.0,0.0,0.0,0.0,0,72.552
363428000,363428000,0.98003525,-0.042916384,-0.19414191,0.002668171,0.0,0.0,0.0,0.0,0,72.572
363448000,363448000,0.9797791,-0.04312026,-0.1953865,0.0025874418,0.0,0.0,0.0,0.0,0,72.592
363468000,363468000,0.9795622,-0.043254413,-0.19644304,0.002468115,0.0,0.0,0.0,0.0,0,72.612
363488000,363488000,0.9793846,-0.043328095,-0.19731253,0.0023108087,0.0,0.0,0.0,0.0,0,72.632
363508000,363508000,0.9792445,-0.043344535,-0.19800526,0.0021181346,0.0,0.0,0.0,0.0,0,72.652
363528000,363528000,0.9791423,-0.043296114,-0.19852284,0.0018947743,0.0,0.0,0.0,0.0,0,72.672
363548000,363548000,0.9790773,-0.043183807,-0.19887002,0.0016437542,0.0,0.0,0.0,0.0,0,72.692
363568000,363568000,0.9790495,-0.043023113,-0.19904342,0.0013643983,0.0,0.0,0.0,0.0,0,72.712
363588000,363588000,0.9790566,-0.04281875,-0.19905443,0.0010587713,0.0,0.0,0.0,0.0,0,72.732
363608000,363608000,0.9790992,-0.042575303,-0.19889846,0.00072891876,0.0,0.0,0.0,0.0,0,72.752
363628000,363628000,0.9791761,-0.04228962,-0.1985817,0.0003787972,0.0,0.0,0.0,0.0,0,72.772
363648000,363648000,0.97928447,-0.04196141,-0.19811676,1.2273496e-05,0.0,0.0,0.0,0.0,0,72.792
363668000,363668000,0.9794233,-0.041593987,-0.19750667,-0.00036808508,0.0,0.0,0.0,0.0,0,72.812
363688000,363688000,0.9795915,-0.041191585,-0.19675443,-0.00076012977,0.0,0.0,0.0,0.0,0,72.832
363708000,363708000,0.97978634,-0.04076046,-0.19587,-0.0011620104,0.0,0.0,0.0,0.0,0,72.852
363728000,363728000,0.9800083,-0.0402992,-0.19484966,-0.0015711564,0.0,0.0,0.0,0.0,0,72.872
363748000,363748000,0.98025686,-0.039812632,-0.19369203,-0.0019854298,0.0,0.0,0.0,0.0,0,72.892
363768000,363768000,0.98052967,-0.039302483,-0.1924063,-0.0024017685,0.0,0.0,0.0,0.0,0,72.912
363788000,363788000,0.98082435,-0.038775418,-0.1910006,-0.0028189835,0.0,0.0,0.0,0.0,0,72.932
363808000,363808000,0.98114127,-0.03823154,-0.18946984,-0.003234373,0.0,0.0,0.0,0.0,0,72.952
363828000,363828000,0.98147875,-0.03767731,-0.18781811,-0.0036465926,0.0,0.0,0.0,0.0,0,72.972
363848000,363848000,0.9818358,-0.037108842,-0.18604855,-0.00405225,0.0,0.0,0.0,0.0,0,72.992
363868000,363868000,0.9822097,-0.036526375,-0.18417172,-0.0044488385,0.0,0.0,0.0,0.0,0,73.012
363888000,363888000,0.9826001,-0.03593241,-0.18218562,-0.004834629,0.0,0.0,0.0,0.0,0,73.032
363908000,363908000,0.98300517,-0.03533492,-0.18009508,-0.005209199,0.0,0.0,0.0,0.0,0,73.052
363928000,363928000,0.98342246,-0.03474098,-0.1779084,-0.005571955,0.0,0.0,0.0,0.0,0,73.072
363948000,363948000,0.98385054,-0.034138087,-0.17563261,-0.005918438,0.0,0.0,0.0,0.0,0,73.092
363968000,363968000,0.98428905,-0.033537302,-0.1732639,-0.006249445,0.0,0.0,0.0,0.0,0,73.112
363988000,363988000,0.98473483,-0.03292956,-0.17081866,-0.0065614544,0.0,0.0,0.0,0.0,0,73.132
364008000,364008000,0.98518825,-0.032325212,-0.16828944,-0.0068553234,0.0,0.0,0.0,0.0,0,73.152
364028000,364028000,0.9856478,-0.03171537,-0.16568288,-0.0071281004,0.0,0.0,0.0,0.0,0,73.172
364048000,364048000,0.9861129,-0.0311121,-0.16299696,-0.0073809572,0.0,0.0,0.0,0.0,0,73.192
364068000,364068000,0.98658174,-0.030510467,-0.16023946,-0.0076123793,0.0,0.0,0.0,0.0,0,73.212
364088000,364088000,0.98705447,-0.029917147,-0.15740484,-0.0078232745,0.0,0.0,0.0,0.0,0,73.232
364108000,364108000,0.9875286,-0.029320506,-0.1545072,-0.008010934,0.0,0.0,0.0,0.0,0,73.252
364128000,364128000,0.9880026,-0.02873461,-0.15155005,-0.008176863,0.0,0.0,0.0,0.0,0,73.272
364148000,364148000,0.98847485,-0.028153205,-0.14854218,-0.008319485,0.0,0.0,0.0,0.0,0,73.292
364168000,364168000,0.9889452,-0.027583513,-0.14547987,-0.008440456,0.0,0.0,0.0,0.0,0,73.312
364188000,364188000,0.9894116,-0.027019363,-0.14237562,-0.008538613,0.0,0.0,0.0,0.0,0,73.332
364208000,364208000,0.98987406,-0.026470186,-0.13922498,-0.008615574,0.0,0.0,0.0,0.0,0,73.352
364228000,364228000,0.99033034,-0.025927855,-0.13604213,-0.008670171,0.0,0.0,0.0,0.0,0,73.372
364248000,364248000,0.9907797,-0.025400817,-0.13282976,-0.008703997,0.0,0.0,0.0,0.0,0,73.392
364268000,364268000,0.9912206,-0.024884643,-0.12959793,-0.008716503,0.0,0.0,0.0,0.0,0,73.412
364288000,364288000,0.9916536,-0.024379086,-0.1263407,-0.00870841,0.0,0.0,0.0,0.0,0,73.432
364308000,364308000,0.99207765,-0.02388225,-0.12306648,-0.00868001,0.0,0.0,0.0,0.0,0,73.452
364328000,364328000,0.9924917,-0.023393793,-0.11978131,-0.008632046,0.0,0.0,0.0,0.0,0,73.472
364348000,364348000,0.99289584,-0.022909528,-0.116485074,-0.008565098,0.0,0.0,0.0,0.0,0,73.492
364368000,364368000,0.9932892,-0.022437258,-0.113182865,-0.008480934,0.0,0.0,0.0,0.0,0,73.512
364388000,364388000,0.99367154,-0.021975907,-0.109876186,-0.008380322,0.0,0.0,0.0,0.0,0,73.532
364408000,364408000,0.99404246,-0.02152363,-0.10656997,-0.008264027,0.0,0.0,0.0,0.0,0,73.552
364428000,364428000,0.99440116,-0.021083381,-0.10327047,-0.008133329,0.0,0.0,0.0,0.0,0,73.572
364448000,364448000,0.9947462,-0.020652583,-0.09999372,-0.007988711,0.0,0.0,0.0,0.0,0,73.592
364468000,364468000,0.99507916,-0.020231413,-0.09672595,-0.007831754,0.0,0.0,0.0,0.0,0,73.612
364488000,364488000,0.9953987,-0.019815141,-0.093483604,-0.0076627466,0.0,0.0,0.0,0.0,0,73.632
364508000,364508000,0.9957061,-0.019408217,-0.09025394,-0.0074834507,0.0,0.0,0.0,0.0,0,73.652
364528000,364528000,0.99600023,-0.019006303,-0.087053075,-0.00729461,0.0,0.0,0.0,0.0,0,73.672
364548000,364548000,0.99628145,-0.01861336,-0.08387834,-0.007097725,0.0,0.0,0.0,0.0,0,73.692
364568000,364568000,0.9965494,-0.018218236,-0.08073951,-0.006892868,0.0,0.0,0.0,0.0,0,73.712
364588000,364588000,0.9968054,-0.017828276,-0.07762468,-0.006682303,0.0,0.0,0.0,0.0,0,73.732
364608000,364608000,0.99704796,-0.017438542,-0.074555345,-0.006466562,0.0,0.0,0.0,0.0,0,73.752
364628000,364628000,0.99727863,-0.017056191,-0.07151538,-0.0062477603,0.0,0.0,0.0,0.0,0,73.772
364648000,364648000,0.99749666,-0.01667451,-0.068521224,-0.006026327,0.0,0.0,0.0,0.0,0,73.792
364668000,364668000,0.99770296,-0.01629519,-0.06556475,-0.0058033797,0.0,0.0,0.0,0.0,0,73.812
364688000,364688000,0.99789673,-0.015912248,-0.06266492,-0.005579346,0.0,0.0,0.0,0.0,0,73.832
364708000,364708000,0.998079,-0.015528381,-0.059813444,-0.005355626,0.0,0.0,0.0,0.0,0,73.852
364728000,364728000,0.9982494,-0.015137372,-0.057024293,-0.005132652,0.0,0.0,0.0,0.0,0,73.872
364748000,364748000,0.9984093,-0.014742096,-0.05428235,-0.004911925,0.0,0.0,0.0,0.0,0,73.892
364768000,364768000,0.9985585,-0.014342739,-0.05159632,-0.0046941126,0.0,0.0,0.0,0.0,0,73.912
364788000,364788000,0.9986978,-0.013941552,-0.0489623,-0.00448074,0.0,0.0,0.0,0.0,0,73.932
364808000,364808000,0.9988269,-0.013530642,-0.046395425,-0.0042717396,0.0,0.0,0.0,0.0,0,73.952
364828000,364828000,0.9989467,-0.013113926,-0.04388588,-0.0040681097,0.0,0.0,0.0,0.0,0,73.972
364848000,364848000,0.99905765,-0.0126886675,-0.041435696,-0.0038708306,0.0,0.0,0.0,0.0,0,73.992
364868000,364868000,0.99915993,-0.012261955,-0.039045814,-0.00368081,0.0,0.0,0.0,0.0,0,74.012
364888000,364888000,0.99925375,-0.011835876,-0.036724348,-0.0034984264,0.0,0.0,0.0,0.0,0,74.032
364908000,364908000,0.9993398,-0.011406372,-0.034465674,-0.0033242248,0.0,0.0,0.0,0.0,0,74.052
364928000,364928000,0.99941874,-0.010969298,-0.03226505,-0.0031584816,0.0,0.0,0.0,0.0,0,74.072
364948000,364948000,0.9994909,-0.010525312,-0.030119468,-0.00300161,0.0,0.0,0.0,0.0,0,74.092
364968000,364968000,0.99955666,-0.010080598,-0.028032849,-0.0028540744,0.0,0.0,0.0,0.0,0,74.112
364988000,364988000,0.999616,-0.009641668,-0.026011288,-0.002716427,0.0,0.0,0.0,0.0,0,74.132
365008000,365008000,0.9996696,-0.0092074135,-0.0240471,-0.0025886002,0.0,0.0,0.0,0.0,0,74.152
365028000,365028000,0.9997178,-0.008779713,-0.02214344,-0.0024707885,0.0,0.0,0.0,0.0,0,74.172
365048000,365048000,0.99976087,-0.008360707,-0.020292353,-0.0023630613,0.0,0.0,0.0,0.0,0,74.192
365068000,365068000,0.99979913,-0.007950775,-0.018505689,-0.0022654976,0.0,0.0,0.0,0.0,0,74.212
365088000,365088000,0.9998328,-0.007555695,-0.01678003,-0.0021781204,0.0,0.0,0.0,0.0,0,74.232
365108000,365108000,0.9998623,-0.0071710213,-0.015119463,-0.0021011399,0.0,0.0,0.0,0.0,0,74.252
365128000,365128000,0.99988794,-0.006802164,-0.013521257,-0.0020346942,0.0,0.0,0.0,0.0,0,74.272
365148000,365148000,0.99991,-0.0064435164,-0.011987094,-0.0019788998,0.0,0.0,0.0,0.0,0,74.292
365168000,365168000,0.999929,-0.006095396,-0.01049955,-0.0019334796,0.0,0.0,0.0,0.0,0,74.312
365188000,365188000,0.999945,-0.0057511283,-0.009081217,-0.0018974253,0.0,0.0,0.0,0.0,0,74.332
365208000,365208000,0.9999583,-0.005414685,-0.007726312,-0.0018706147,0.0,0.0,0.0,0.0,0,74.352
365228000,365228000,0.9999693,-0.005078872,-0.006427491,-0.0018530765,0.0,0.0,0.0,0.0,0,74.372
365248000,365248000,0.9999781,-0.0047499915,-0.0051799477,-0.0018445462,0.0,0.0,0.0,0.0,0,74.392
365268000,365268000,0.9999851,-0.0044253413,-0.0039830147,-0.0018450819,0.0,0.0,0.0,0.0,0,74.412
365288000,365288000,0.9999904,-0.004108652,-0.0028330744,-0.0018540933,0.0,0.0,0.0,0.0,0,74.432
365308000,365308000,0.9999941,-0.003795444,-0.0017493012,-0.0018707652,0.0,0.0,0.0,0.0,0,74.452
365328000,365328000,0.9999964,-0.003492209,-0.0007123496,-0.0018952771,0.0,0.0,0.0,0.0,0,74.472
365348000,365348000,0.99999756,-0.003196783,0.00027477974,-0.0019271863,0.0,0.0,0.0,0.0,0,74.492
365368000,365368000,0.9999976,-0.0029112163,0.0012166881,-0.0019659454,0.0,0.0,0.0,0.0,0,74.512
365388000,365388000,0.99999684,-0.0026421659,0.0021097616,-0.0020111576,0.0,0.0,0.0,0.0,0,74.532
365408000,365408000,0.99999523,-0.002387877,0.0029504865,-0.0020622953,0.0,0.0,0.0,0.0,0,74.552
365428000,365428000,0.999993,-0.0021406217,0.0037418455,-0.0021187854,0.0,0.0,0.0,0.0,0,74.572
365448000,365448000,0.9999903,-0.0019022541,0.0044883247,-0.002180078,0.0,0.0,0.0,0.0,0,74.592
365468000,365468000,0.9999872,-0.0016853444,0.0051840907,-0.0022460427,0.0,0.0,0.0,0.0,0,74.612
365488000,365488000,0.9999837,-0.0014912138,0.0058403783,-0.0023162672,0.0,0.0,0.0,0.0,0,74.632
365508000,365508000,0.99998,-0.0013147858,0.0064616934,-0.0023903237,0.0,0.0,0.0,0.0,0,74.652
365528000,365528000,0.9999761,-0.001144743,0.007039593,-0.0024675522,0.0,0.0,0.0,0.0,0,74.672
365548000,365548000,0.9999721,-0.00098265,0.007577276,-0.0025471994,0.0,0.0,0.0,0.0,0,74.692
365568000,365568000,0.9999681,-0.00083566265,0.008081991,-0.0026289977,0.0,0.0,0.0,0.0,0,74.712
365588000,365588000,0.99996406,-0.0007005392,0.00854926,-0.002712488,0.0,0.0,0.0,0.0,0,74.732
365608000,365608000,0.9999603,-0.0005723951,0.008963614,-0.0027975577,0.0,0.0,0.0,0.0,0,74.752
365628000,365628000,0.9999568,-0.00044977522,0.009328025,-0.002883543,0.0,0.0,0.0,0.0,0,74.772
365648000,365648000,0.9999535,-0.0003372595,0.0096506495,-0.0029700617,0.0,0.0,0.0,0.0,0,74.792
365668000,365668000,0.99995047,-0.00023945575,0.009938088,-0.0030569348,0.0,0.0,0.0,0.0,0,74.812
365688000,365688000,0.9999476,-0.00014753622,0.010194808,-0.00314413,0.0,0.0,0.0,0.0,0,74.832
365708000,365708000,0.99994516,-5.146423e-05,0.01041074,-0.003231012,0.0,0.0,0.0,0.0,0,74.852
365728000,365728000,0.99994296,4.7249556e-05,0.010593497,-0.0033173317,0.0,0.0,0.0,0.0,0,74.872
365748000,365748000,0.99994093,0.00014208858,0.010751407,-0.0034026771,0.0,0.0,0.0,0.0,0,74.892
365768000,365768000,0.9999392,0.00023467657,0.010886646,-0.0034869672,0.0,0.0,0.0,0.0,0,74.912
365788000,365788000,0.9999377,0.0003246056,0.010989404,-0.0035697643,0.0,0.0,0.0,0.0,0,74.932
365808000,365808000,0.9999366,0.00041596915,0.011064604,-0.0036518637,0.0,0.0,0.0,0.0,0,74.952
365828000,365828000,0.9999357,0.0005141069,0.011115648,-0.0037328992,0.0,0.0,0.0,0.0,0,74.972
365848000,365848000,0.99993515,0.00062077714,0.011132857,-0.003811707,0.0,0.0,0.0,0.0,0,74.992
365868000,365868000,0.9999349,0.00072135194,0.011121329,-0.0038879325,0.0,0.0,0.0,0.0,0,75.012
365888000,365888000,0.9999349,0.00082113256,0.011088799,-0.0039617913,0.0,0.0,0.0,0.0,0,75.032
365908000,365908000,0.9999351,0.00092342234,0.01103594,-0.004033319,0.0,0.0,0.0,0.0,0,75.052
365928000,365928000,0.9999355,0.0010288326,0.010962017,-0.0041024233,0.0,0.0,0.0,0.0,0,75.072
365948000,365948000,0.9999363,0.0011317433,0.010858478,-0.0041686594,0.0,0.0,0.0,0.0,0,75.092
365968000,365968000,0.99993724,0.0012292461,0.010735227,-0.0042318916,0.0,0.0,0.0,0.0,0,75.112
365988000,365988000,0.9999383,0.0013214361,0.010596216,-0.004291845,0.0,0.0,0.0,0.0,0,75.132
366008000,366008000,0.9999395,0.0014033816,0.010448136,-0.004348453,0.0,0.0,0.0,0.0,0,75.152
366028000,366028000,0.9999409,0.0014826736,0.010282885,-0.00440147,0.0,0.0,0.0,0.0,0,75.172
366048000,366048000,0.9999424,0.0015585663,0.010101436,-0.0044507026,0.0,0.0,0.0,0.0,0,75.192
366068000,366068000,0.9999441,0.0016348361,0.009899135,-0.0044959304,0.0,0.0,0.0,0.0,0,75.212
366088000,366088000,0.999946,0.0017119029,0.009675509,-0.004537341,0.0,0.0,0.0,0.0,0,75.232
366108000,366108000,0.999948,0.0017894461,0.009430044,-0.0045748847,0.0,0.0,0.0,0.0,0,75.252
366128000,366128000,0.9999502,0.0018613676,0.009168724,-0.0046084,0.0,0.0,0.0,0.0,0,75.272
366148000,366148000,0.9999524,0.0019192303,0.0088997865,-0.004637677,0.0,0.0,0.0,0.0,0,75.292
366168000,366168000,0.9999545,0.0019796772,0.008621767,-0.004663354,0.0,0.0,0.0,0.0,0,75.312
366188000,366188000,0.99995667,0.0020466668,0.008347222,-0.0046852054,0.0,0.0,0.0,0.0,0,75.332
366208000,366208000,0.99995863,0.0021191414,0.008079166,-0.0047035166,0.0,0.0,0.0,0.0,0,75.352
366228000,366228000,0.99996054,0.0021886816,0.0078071337,-0.004718888,0.0,0.0,0.0,0.0,0,75.372
366248000,366248000,0.9999625,0.0022459605,0.00752644,-0.0047312384,0.0,0.0,0.0,0.0,0,75.392
366268000,366268000,0.9999645,0.0022906389,0.007238028,-0.0047405856,0.0,0.0,0.0,0.0,0,75.412
366288000,366288000,0.9999663,0.002338708,0.006957259,-0.0047472618,0.0,0.0,0.0,0.0,0,75.432
366308000,366308000,0.9999681,0.002395342,0.0066776816,-0.004751012,0.0,0.0,0.0,0.0,0,75.452
366328000,366328000,0.9999698,0.0024609119,0.0063916473,-0.00475234,0.0,0.0,0.0,0.0,0,75.472
366348000,366348000,0.99997145,0.0025373606,0.0061026085,-0.004751334,0.0,0.0,0.0,0.0,0,75.492
366368000,366368000,0.99997294,0.00262071,0.0058166715,-0.0047479095,0.0,0.0,0.0,0.0,0,75.512
366388000,366388000,0.9999743,0.0027027768,0.0055392613,-0.0047419146,0.0,0.0,0.0,0.0,0,75.532
366408000,366408000,0.9999757,0.0027785976,0.005257679,-0.0047333324,0.0,0.0,0.0,0.0,0,75.552
366428000,366428000,0.99997693,0.0028458713,0.0049787536,-0.0047219605,0.0,0.0,0.0,0.0,0,75.572
366448000,366448000,0.99997824,0.0029034026,0.0046959994,-0.004708222,0.0,0.0,0.0,0.0,0,75.592
366468000,366468000,0.9999794,0.0029631825,0.0044243885,-0.0046925936,0.0,0.0,0.0,0.0,0,75.612
366488000,366488000,0.9999804,0.0030262354,0.0041537853,-0.0046753595,0.0,0.0,0.0,0.0,0,75.632
366508000,366508000,0.9999814,0.0030868866,0.0038870627,-0.00465678,0.0,0.0,0.0,0.0,0,75.652
366528000,366528000,0.9999823,0.0031523847,0.0036215968,-0.0046369736,0.0,0.0,0.0,0.0,0,75.672
366548000,366548000,0.9999831,0.003212498,0.003369436,-0.0046159667,0.0,0.0,0.0,0.0,0,75.692
366568000,366568000,0.9999838,0.0032726207,0.003124259,-0.0045934287,0.0,0.0,0.0,0.0,0,75.712
366588000,366588000,0.9999844,0.003332539,0.0028867745,-0.0045694676,0.0,0.0,0.0,0.0,0,75.732
366608000,366608000,0.999985,0.0033863531,0.0026508851,-0.004544396,0.0,0.0,0.0,0.0,0,75.752
366628000,366628000,0.9999855,0.0034321246,0.0024126477,-0.0045185243,0.0,0.0,0.0,0.0,0,75.772
366648000,366648000,0.99998605,0.0034706378,0.0021842138,-0.004492555,0.0,0.0,0.0,0.0,0,75.792
366668000,366668000,0.99998647,0.0035088833,0.001968171,-0.004466448,0.0,0.0,0.0,0.0,0,75.812
366688000,366688000,0.9999869,0.0035447313,0.0017529095,-0.004440367,0.0,0.0,0.0,0.0,0,75.832
366708000,366708000,0.99998724,0.0035749227,0.0015465515,-0.004414416,0.0,0.0,0.0,0.0,0,75.852
366728000,366728000,0.99998754,0.003596175,0.0013535365,-0.0043885047,0.0,0.0,0.0,0.0,0,75.872
366748000,366748000,0.99998784,0.0036150618,0.00116772,-0.0043626814,0.0,0.0,0.0,0.0,0,75.892
366768000,366768000,0.9999881,0.003634118,0.000986013,-0.004337026,0.0,0.0,0.0,0.0,0,75.912
366788000,366788000,0.99998826,0.0036498297,0.0008053996,-0.0043119085,0.0,0.0,0.0,0.0,0,75.932
366808000,366808000,0.9999885,0.003645064,0.00063509715,-0.0042872694,0.0,0.0,0.0,0.0,0,75.952
366828000,366828000,0.99998873,0.003628437,0.0004900895,-0.004263493,0.0,0.0,0.0,0.0,0,75.972
366848000,366848000,0.99998903,0.0036039192,0.0003522696,-0.0042408747,0.0,0.0,0.0,0.0,0,75.992
366868000,366868000,0.9999893,0.003567233,0.00020981838,-0.004219896,0.0,0.0,0.0,0.0,0,76.012
366888000,366888000,0.9999895,0.0035261388,7.113895e-05,-0.0042004343,0.0,0.0,0.0,0.0,0,76.032
366908000,366908000,0.99998975,0.0034727626,-4.9181213e-05,-0.004182037,0.0,0.0,0.0,0.0,0,76.052
366928000,366928000,0.99999005,0.0034040208,-0.00015062281,-0.0041649896,0.0,0.0,0.0,0.0,0,76.072
366948000,366948000,0.9999904,0.0033267306,-0.00024101592,-0.004149697,0.0,0.0,0.0,0.0,0,76.092
366968000,366968000,0.9999907,0.0032455896,-0.00032523638,-0.00413629,0.0,0.0,0.0,0.0,0,76.112
366988000,366988000,0.99999094,0.0031624096,-0.00040548336,-0.0041247862,0.0,0.0,0.0,0.0,0,76.132
367008000,367008000,0.99999124,0.0030731487,-0.00047814698,-0.00411469,0.0,0.0,0.0,0.0,0,76.152
367028000,367028000,0.99999154,0.0029766667,-0.00054473017,-0.0041059675,0.0,0.0,0.0,0.0,0,76.172
367048000,367048000,0.99999183,0.0028742352,-0.0005960389,-0.0040983255,0.0,0.0,0.0,0.0,0,76.192
367068000,367068000,0.99999213,0.0027745038,-0.00064599625,-0.004091612,0.0,0.0,0.0,0.0,0,76.212
367088000,367088000,0.99999243,0.0026637628,-0.00069739355,-0.004085956,0.0,0.0,0.0,0.0,0,76.232
367108000,367108000,0.9999927,0.002544057,-0.00073887873,-0.004081534,0.0,0.0,0.0,0.0,0,76.252
367128000,367128000,0.999993,0.0024233437,-0.00077739777,-0.004078516,0.0,0.0,0.0,0.0,0,76.272
367148000,367148000,0.99999326,0.0023086546,-0.0008160513,-0.004076675,0.0,0.0,0.0,0.0,0,76.292
367168000,367168000,0.99999344,0.002198936,-0.00085078075,-0.0040760743,0.0,0.0,0.0,0.0,0,76.312
367188000,367188000,0.9999937,0.0020849388,-0.0008789234,-0.004076377,0.0,0.0,0.0,0.0,0,76.332
367208000,367208000,0.99999386,0.0019709,-0.00090708106,-0.0040779603,0.0,0.0,0.0,0.0,0,76.352
367228000,367228000,0.9999941,0.0018475957,-0.00094426324,-0.0040805186,0.0,0.0,0.0,0.0,0,76.372
367248000,367248000,0.9999942,0.0017270395,-0.0009765108,-0.0040844493,0.0,0.0,0.0,0.0,0,76.392
367268000,367268000,0.9999944,0.0016180107,-0.0009939249,-0.0040896754,0.0,0.0,0.0,0.0,0,76.412
367288000,367288000,0.9999945,0.0015080601,-0.0009996666,-0.004096033,0.0,0.0,0.0,0.0,0,76.432
367308000,367308000,0.99999464,0.0013858515,-0.001011263,-0.0041034115,0.0,0.0,0.0,0.0,0,76.452
367328000,367328000,0.99999475,0.0012594928,-0.00102192,-0.0041119,0.0,0.0,0.0,0.0,0,76.472
367348000,367348000,0.9999949,0.0011419357,-0.0010192833,-0.004121577,0.0,0.0,0.0,0.0,0,76.492
367368000,367368000,0.999995,0.0010291465,-0.0010108398,-0.004133066,0.0,0.0,0.0,0.0,0,76.512
367388000,367388000,0.99999505,0.0009139359,-0.001008035,-0.004146145,0.0,0.0,0.0,0.0,0,76.532
367408000,367408000,0.99999505,0.0007944037,-0.001009222,-0.0041606887,0.0,0.0,0.0,0.0,0,76.552
367428000,367428000,0.9999951,0.0006756278,-0.0010062625,-0.004176876,0.0,0.0,0.0,0.0,0,76.572
367448000,367448000,0.9999951,0.0005591155,-0.0009977939,-0.004194263,0.0,0.0,0.0,0.0,0,76.592
367468000,367468000,0.9999951,0.00044800667,-0.0009947361,-0.004212835,0.0,0.0,0.0,0.0,0,76.612
367488000,367488000,0.99999505,0.00034212947,-0.0009983866,-0.0042325254,0.0,0.0,0.0,0.0,0,76.632
367508000,367508000,0.999995,0.0002423031,-0.0010129211,-0.004253118,0.0,0.0,0.0,0.0,0,76.652
367528000,367528000,0.9999949,0.00013572972,-0.001020413,-0.0042743776,0.0,0.0,0.0,0.0,0,76.672
367548000,367548000,0.9999948,2.4326728e-05,-0.0010199166,-0.004296275,0.0,0.0,0.0,0.0,0,76.692
367568000,367568000,0.9999947,-8.013153e-05,-0.0010259341,-0.0043187514,0.0,0.0,0.0,0.0,0,76.712
367588000,367588000,0.9999946,-0.00018587067,-0.0010302393,-0.0043415823,0.0,0.0,0.0,0.0,0,76.732
367608000,367608000,0.99999446,-0.0002949739,-0.0010313393,-0.0043648304,0.0,0.0,0.0,0.0,0,76.752
367628000,367628000,0.9999943,-0.00039883718,-0.0010373767,-0.00438824,0.0,0.0,0.0,0.0,0,76.772
367648000,367648000,0.99999416,-0.00050276896,-0.0010434331,-0.004411514,0.0,0.0,0.0,0.0,0,76.792
367668000,367668000,0.999994,-0.00060869387,-0.0010470458,-0.0044346377,0.0,0.0,0.0,0.0,0,76.812
367688000,367688000,0.9999938,-0.0007173092,-0.0010478923,-0.004457611,0.0,0.0,0.0,0.0,0,76.832
367708000,367708000,0.9999936,-0.0008284258,-0.0010456523,-0.0044804337,0.0,0.0,0.0,0.0,0,76.852
367728000,367728000,0.99999344,-0.00094226294,-0.0010404448,-0.0045031067,0.0,0.0,0.0,0.0,0,76.872
367748000,367748000,0.9999932,-0.0010585745,-0.0010320309,-0.0045255995,0.0,0.0,0.0,0.0,0,76.892
367768000,367768000,0.999993,-0.0011789515,-0.0010190887,-0.0045475564,0.0,0.0,0.0,0.0,0,76.912
367788000,367788000,0.9999928,-0.0012989928,-0.001005611,-0.004568502,0.0,0.0,0.0,0.0,0,76.932
367808000,367808000,0.99999255,-0.0014246439,-0.0009880938,-0.004588234,0.0,0.0,0.0,0.0,0,76.952
367828000,367828000,0.99999225,-0.0015499879,-0.00096931757,-0.0046066963,0.0,0.0,0.0,0.0,0,76.972
367848000,367848000,0.999992,-0.0016648315,-0.0009358587,-0.0046240008,0.0,0.0,0.0,0.0,0,76.992
367868000,367868000,0.99999183,-0.0017766663,-0.0008942241,-0.0046403673,0.0,0.0,0.0,0.0,0,77.012
367888000,367888000,0.99999154,-0.0018963829,-0.0008646737,-0.004656231,0.0,0.0,0.0,0.0,0,77.032
367908000,367908000,0.99999124,-0.0020196505,-0.0008446933,-0.0046713846,0.0,0.0,0.0,0.0,0,77.052
367928000,367928000,0.99999094,-0.002134901,-0.00081400113,-0.004685776,0.0,0.0,0.0,0.0,0,77.072
367948000,367948000,0.9999907,-0.0022438713,-0.0007789684,-0.004699983,0.0,0.0,0.0,0.0,0,77.092
367968000,367968000,0.9999904,-0.002344243,-0.0007498517,-0.004713956,0.0,0.0,0.0,0.0,0,77.112
367988000,367988000,0.99999017,-0.002433936,-0.0007134826,-0.0047274884,0.0,0.0,0.0,0.0,0,77.132
368008000,368008000,0.9999899,-0.0025243305,-0.00067602075,-0.004740724,0.0,0.0,0.0,0.0,0,77.152
368028000,368028000,0.9999896,-0.002613695,-0.0006345429,-0.004753525,0.0,0.0,0.0,0.0,0,77.172
368048000,368048000,0.9999894,-0.0026949856,-0.0005872113,-0.0047664186,0.0,0.0,0.0,0.0,0,77.192
368068000,368068000,0.99998915,-0.0027636986,-0.00053945725,-0.004779253,0.0,0.0,0.0,0.0,0,77.212
368088000,368088000,0.999989,-0.0028215218,-0.00048925105,-0.0047922004,0.0,0.0,0.0,0.0,0,77.232
368108000,368108000,0.9999888,-0.002870602,-0.00044940933,-0.0048052836,0.0,0.0,0.0,0.0,0,77.252
368128000,368128000,0.9999886,-0.0029084433,-0.00040669646,-0.0048177256,0.0,0.0,0.0,0.0,0,77.272
368148000,368148000,0.99998856,-0.0029324768,-0.00035139677,-0.0048297555,0.0,0.0,0.0,0.0,0,77.292
368168000,368168000,0.99998844,-0.0029524753,-0.00029694178,-0.004841523,0.0,0.0,0.0,0.0,0,77.312
368188000,368188000,0.9999883,-0.002972941,-0.0002549379,-0.0048530228,0.0,0.0,0.0,0.0,0,77.332
368208000,368208000,0.99998826,-0.0029884544,-0.00020908947,-0.004864091,0.0,0.0,0.0,0.0,0,77.352
368228000,368228000,0.99998814,-0.0029997306,-0.0001558317,-0.004874992,0.0,0.0,0.0,0.0,0,77.372
368248000,368248000,0.9999881,-0.0030085696,-9.8211174e-05,-0.004885662,0.0,0.0,0.0,0.0,0,77.392
368268000,368268000,0.999988,-0.0030117997,-4.1514446e-05,-0.004895967,0.0,0.0,0.0,0.0,0,77.412
368288000,368288000,0.999988,-0.0030038466,8.48196e-06,-0.004905562,0.0,0.0,0.0,0.0,0,77.432
368308000,368308000,0.999988,-0.002983264,5.333759e-05,-0.0049145515,0.0,0.0,0.0,0.0,0,77.452
368328000,368328000,0.9999881,-0.002954833,9.981579e-05,-0.004923259,0.0,0.0,0.0,0.0,0,77.472
368348000,368348000,0.99998814,-0.0029189282,0.00015236967,-0.0049314913,0.0,0.0,0.0,0.0,0,77.492
368368000,368368000,0.9999882,-0.0028721574,0.00020424418,-0.0049390187,0.0,0.0,0.0,0.0,0,77.512
368388000,368388000,0.9999883,-0.0028123825,0.0002493376,-0.0049460283,0.0,0.0,0.0,0.0,0,77.532
368408000,368408000,0.9999885,-0.0027456833,0.00029284795,-0.004952828,0.0,0.0,0.0,0.0,0,77.552
368428000,368428000,0.9999886,-0.0026750236,0.00033800578,-0.004959516,0.0,0.0,0.0,0.0,0,77.572
368448000,368448000,0.99998873,-0.0026021043,0.0003863245,-0.0049661365,0.0,0.0,0.0,0.0,0,77.592
368468000,368468000,0.9999889,-0.002527251,0.00043833206,-0.0049726726,0.0,0.0,0.0,0.0,0,77.612
368488000,368488000,0.99998903,-0.002454208,0.0004896133,-0.004978716,0.0,0.0,0.0,0.0,0,77.632
368508000,368508000,0.99998915,-0.0023837364,0.0005290862,-0.004984234,0.0,0.0,0.0,0.0,0,77.652
368528000,368528000,0.9999893,-0.0023149005,0.00056242547,-0.0049894876,0.0,0.0,0.0,0.0,0,77.672
368548000,368548000,0.9999894,-0.0022470588,0.0005939315,-0.0049944716,0.0,0.0,0.0,0.0,0,77.692
368568000,368568000,0.9999895,-0.0021797004,0.0006260278,-0.004999276,0.0,0.0,0.0,0.0,0,77.712
368588000,368588000,0.99998957,-0.0021175027,0.0006545668,-0.0050034095,0.0,0.0,0.0,0.0,0,77.732
368608000,368608000,0.9999896,-0.0020668795,0.000673618,-0.005006767,0.0,0.0,0.0,0.0,0,77.752
368628000,368628000,0.99998975,-0.002021167,0.00068578665,-0.0050097257,0.0,0.0,0.0,0.0,0,77.772
368648000,368648000,0.9999898,-0.0019694616,0.0006899075,-0.005012215,0.0,0.0,0.0,0.0,0,77.792
368668000,368668000,0.9999899,-0.0019170911,0.00068421214,-0.0050143334,0.0,0.0,0.0,0.0,0,77.812
368688000,368688000,0.99999,-0.0018574916,0.0006819177,-0.0050160154,0.0,0.0,0.0,0.0,0,77.832
368708000,368708000,0.9999901,-0.0017889052,0.000677649,-0.0050173616,0.0,0.0,0.0,0.0,0,77.852
368728000,368728000,0.9999903,-0.001723697,0.0006647365,-0.005017568,0.0,0.0,0.0,0.0,0,77.872
368748000,368748000,0.9999904,-0.0016585927,0.00064753985,-0.005016488,0.0,0.0,0.0,0.0,0,77.892
368768000,368768000,0.9999905,-0.00158363,0.0006207199,-0.0050145467,0.0,0.0,0.0,0.0,0,77.912
368788000,368788000,0.9999907,-0.0014994598,0.00057443004,-0.0050119944,0.0,0.0,0.0,0.0,0,77.932
368808000,368808000,0.9999909,-0.001406881,0.0005251611,-0.0050088186,0.0,0.0,0.0,0.0,0,77.952
368828000,368828000,0.99999106,-0.0013122879,0.00049381715,-0.0050050556,0.0,0.0,0.0,0.0,0,77.972
368848000,368848000,0.99999124,-0.0012068996,0.000468101,-0.0050003934,0.0,0.0,0.0,0.0,0,77.992
368868000,368868000,0.9999914,-0.0010867022,0.00043890078,-0.0049951705,0.0,0.0,0.0,0.0,0,78.012
368888000,368888000,0.99999154,-0.00096028886,0.00041214965,-0.0049897167,0.0,0.0,0.0,0.0,0,78.032
368908000,368908000,0.9999917,-0.0008366477,0.00038284127,-0.004984672,0.0,0.0,0.0,0.0,0,78.052
368928000,368928000,0.99999183,-0.0007158883,0.00035106315,-0.0049797674,0.0,0.0,0.0,0.0,0,78.072
368948000,368948000,0.99999195,-0.000594656,0.0003203397,-0.0049749464,0.0,0.0,0.0,0.0,0,78.092
368968000,368968000,0.9999921,-0.00047136415,0.00029217004,-0.004970158,0.0,0.0,0.0,0.0,0,78.112
368988000,368988000,0.99999213,-0.00035057246,0.00026212816,-0.004965456,0.0,0.0,0.0,0.0,0,78.132
369008000,369008000,0.9999922,-0.00023119888,0.00023297714,-0.0049609663,0.0,0.0,0.0,0.0,0,78.152
369028000,369028000,0.99999225,-0.00011604741,0.00020567451,-0.0049563153,0.0,0.0,0.0,0.0,0,78.172
369048000,369048000,0.99999225,-7.493285e-06,0.00018132463,-0.004951907,0.0,0.0,0.0,0.0,0,78.192
369068000,369068000,0.9999923,9.6645126e-05,0.00016566741,-0.00494791,0.0,0.0,0.0,0.0,0,78.212
369088000,369088000,0.9999923,0.00019518836,0.00015661874,-0.0049437513,0.0,0.0,0.0,0.0,0,78.232
369108000,369108000,0.9999923,0.00028987418,0.00014402503,-0.0049393354,0.0,0.0,0.0,0.0,0,78.252
369128000,369128000,0.9999923,0.00037800233,0.00012670603,-0.0049349293,0.0,0.0,0.0,0.0,0,78.272
369148000,369148000,0.9999923,0.00045564864,0.00011593344,-0.0049309605,0.0,0.0,0.0,0.0,0,78.292
369168000,369168000,0.99999225,0.0005320087,0.000109361725,-0.004927252,0.0,0.0,0.0,0.0,0,78.312
369188000,369188000,0.99999225,0.0006103036,0.00010520969,-0.004923916,0.0,0.0,0.0,0.0,0,78.332
369208000,369208000,0.9999922,0.00068635115,0.000110036766,-0.0049208356,0.0,0.0,0.0,0.0,0,78.352
369228000,369228000,0.99999213,0.0007639787,0.000118234995,-0.004918168,0.0,0.0,0.0,0.0,0,78.372
369248000,369248000,0.99999213,0.00083925156,0.00013372311,-0.0049160966,0.0,0.0,0.0,0.0,0,78.392
369268000,369268000,0.9999921,0.0009052471,0.000147425,-0.0049144714,0.0,0.0,0.0,0.0,0,78.412
369288000,369288000,0.999992,0.00095373596,0.00011028409,-0.0049139014,0.0,0.0,0.0,0.0,0,78.432
369308000,369308000,0.999992,0.0009112715,-0.0002382838,-0.0049152174,0.0,0.0,0.0,0.0,0,78.452
369328000,369328000,0.9999917,0.00076456455,-0.0009235222,-0.0049177352,0.0,0.0,0.0,0.0,0,78.472
369348000,369348000,0.9999907,0.00055044534,-0.0017789456,-0.0049208347,0.0,0.0,0.0,0.0,0,78.492
369368000,369368000,0.99998885,0.00030466396,-0.0026513508,-0.0049240543,0.0,0.0,0.0,0.0,0,78.512
369388000,369388000,0.9999864,5.7013225e-05,-0.0034723307,-0.0049271006,0.0,0.0,0.0,0.0,0,78.532
369408000,369408000,0.99998343,-0.00018767313,-0.004224289,-0.004930076,0.0,0.0,0.0,0.0,0,78.552
369428000,369428000,0.9999803,-0.00041192453,-0.0049041426,-0.004932856,0.0,0.0,0.0,0.0,0,78.572
369448000,369448000,0.999977,-0.0006103541,-0.0055087903,-0.004935311,0.0,0.0,0.0,0.0,0,78.592
369468000,369468000,0.99997383,-0.0007811183,-0.006034814,-0.0049374877,0.0,0.0,0.0,0.0,0,78.612
369488000,369488000,0.9999709,-0.000918561,-0.0064838966,-0.0049394206,0.0,0.0,0.0,0.0,0,78.632
369508000,369508000,0.9999683,-0.0010184796,-0.006860347,-0.0049409536,0.0,0.0,0.0,0.0,0,78.652
369528000,369528000,0.9999661,-0.0010851218,-0.0071687037,-0.004942112,0.0,0.0,0.0,0.0,0,78.672
369548000,369548000,0.99996424,-0.0011222654,-0.0074131917,-0.004942808,0.0,0.0,0.0,0.0,0,78.692
369568000,369568000,0.99996287,-0.0011305801,-0.007593352,-0.004942912,0.0,0.0,0.0,0.0,0,78.712
369588000,369588000,0.999962,-0.001111038,-0.0077164806,-0.004942611,0.0,0.0,0.0,0.0,0,78.732
369608000,369608000,0.9999614,-0.0010697828,-0.007794795,-0.0049421247,0.0,0.0,0.0,0.0,0,78.752
369628000,369628000,0.99996114,-0.0010132202,-0.007831501,-0.004941627,0.0,0.0,0.0,0.0,0,78.772
369648000,369648000,0.99996126,-0.00093098986,-0.007828294,-0.00494118,0.0,0.0,0.0,0.0,0,78.792
369668000,369668000,0.9999617,-0.0008242453,-0.007789497,-0.004940929,0.0,0.0,0.0,0.0,0,78.812
369688000,369688000,0.99996233,-0.0006977035,-0.007715848,-0.0049408916,0.0,0.0,0.0,0.0,0,78.832
369708000,369708000,0.9999632,-0.00055644754,-0.007611779,-0.0049411654,0.0,0.0,0.0,0.0,0,78.852
369728000,369728000,0.99996424,-0.00040554488,-0.007485586,-0.0049414895,0.0,0.0,0.0,0.0,0,78.872
369748000,369748000,0.99996537,-0.0002486314,-0.00734127,-0.0049420088,0.0,0.0,0.0,0.0,0,78.892
369768000,369768000,0.99996656,-8.158808e-05,-0.0071804207,-0.004942882,0.0,0.0,0.0,0.0,0,78.912
369788000,369788000,0.9999678,9.183348e-05,-0.0070040682,-0.004943949,0.0,0.0,0.0,0.0,0,78.932
369808000,369808000,0.999969,0.00026853938,-0.00681948,-0.004945245,0.0,0.0,0.0,0.0,0,78.952
369828000,369828000,0.99997026,0.0004484717,-0.0066310605,-0.004946598,0.0,0.0,0.0,0.0,0,78.972
369848000,369848000,0.9999714,0.0006378802,-0.006439789,-0.004948016,0.0,0.0,0.0,0.0,0,78.992
369868000,369868000,0.99997246,0.00083496247,-0.0062439353,-0.0049495865,0.0,0.0,0.0,0.0,0,79.012
369888000,369888000,0.99997354,0.0010379271,-0.0060333787,-0.0049515404,0.0,0.0,0.0,0.0,0,79.032
369908000,369908000,0.9999746,0.0012446993,-0.005811236,-0.00495388,0.0,0.0,0.0,0.0,0,79.052
369928000,369928000,0.99997556,0.0014544688,-0.005590155,-0.004956746,0.0,0.0,0.0,0.0,0,79.072
369948000,369948000,0.9999764,0.0016689573,-0.005378438,-0.0049601556,0.0,0.0,0.0,0.0,0,79.092
369968000,369968000,0.9999771,0.001889016,-0.0051668556,-0.0049641067,0.0,0.0,0.0,0.0,0,79.112
369988000,369988000,0.9999777,0.0021059674,-0.004952525,-0.0049687717,0.0,0.0,0.0,0.0,0,79.132
370008000,370008000,0.99997824,0.0023126516,-0.0047426443,-0.0049743047,0.0,0.0,0.0,0.0,0,79.152
370028000,370028000,0.99997866,0.0025220392,-0.0045354436,-0.0049807834,0.0,0.0,0.0,0.0,0,79.172
370048000,370048000,0.9999791,0.0027302336,-0.0043186084,-0.0049880734,0.0,0.0,0.0,0.0,0,79.192
370068000,370068000,0.9999794,0.002934458,-0.0040972666,-0.004996236,0.0,0.0,0.0,0.0,0,79.212
370088000,370088000,0.9999796,0.0031276604,-0.0038788517,-0.005005312,0.0,0.0,0.0,0.0,0,79.232
370108000,370108000,0.9999798,0.0033199964,-0.003652231,-0.0050151153,0.0,0.0,0.0,0.0,0,79.252
370128000,370128000,0.9999799,0.0035122244,-0.00342218,-0.005025887,0.0,0.0,0.0,0.0,0,79.272
370148000,370148000,0.99998,0.003692818,-0.0031888804,-0.005037659,0.0,0.0,0.0,0.0,0,79.292
370168000,370168000,0.99998003,0.0038566883,-0.0029483472,-0.005050187,0.0,0.0,0.0,0.0,0,79.312
370188000,370188000,0.9999801,0.0040057595,-0.002696174,-0.005063284,0.0,0.0,0.0,0.0,0,79.332
370208000,370208000,0.9999801,0.0041370234,-0.0024447006,-0.005077134,0.0,0.0,0.0,0.0,0,79.352
370228000,370228000,0.99998015,0.0042536976,-0.0021881238,-0.0050913882,0.0,0.0,0.0,0.0,0,79.372
370248000,370248000,0.9999802,0.0043585394,-0.00191614,-0.005105886,0.0,0.0,0.0,0.0,0,79.392
370268000,370268000,0.99998015,0.0044549713,-0.0016436792,-0.0051205,0.0,0.0,0.0,0.0,0,79.412
370288000,370288000,0.9999801,0.004539552,-0.0013766114,-0.005135656,0.0,0.0,0.0,0.0,0,79.432
370308000,370308000,0.99998003,0.004608668,-0.0011051252,-0.00515106,0.0,0.0,0.0,0.0,0,79.452
370328000,370328000,0.99998,0.0046721264,-0.0008304181,-0.0051666433,0.0,0.0,0.0,0.0,0,79.472
370348000,370348000,0.9999798,0.0047256886,-0.0005585882,-0.005182736,0.0,0.0,0.0,0.0,0,79.492
370368000,370368000,0.9999796,0.0047691427,-0.00028253224,-0.005198828,0.0,0.0,0.0,0.0,0,79.512
370388000,370388000,0.99997944,0.0048016678,-3.048745e-06,-0.005215439,0.0,0.0,0.0,0.0,0,79.532
370408000,370408000,0.9999792,0.0048177056,0.00026805812,-0.0052320906,0.0,0.0,0.0,0.0,0,79.552
370428000,370428000,0.999979,0.0048209573,0.0005273859,-0.0052486425,0.0,0.0,0.0,0.0,0,79.572
370448000,370448000,0.99997884,0.004808296,0.00079542643,-0.005265076,0.0,0.0,0.0,0.0,0,79.592
370468000,370468000,0.99997854,0.0047915117,0.001068614,-0.0052816174,0.0,0.0,0.0,0.0,0,79.612
370488000,370488000,0.9999783,0.0047621145,0.0013306651,-0.0052982257,0.0,0.0,0.0,0.0,0,79.632
370508000,370508000,0.99997807,0.004717865,0.0015762497,-0.0053148167,0.0,0.0,0.0,0.0,0,79.652
370528000,370528000,0.9999779,0.004646589,0.0018103804,-0.0053315363,0.0,0.0,0.0,0.0,0,79.672
370548000,370548000,0.99997807,0.0045284918,0.001971608,-0.0053486302,0.0,0.0,0.0,0.0,0,79.692
370568000,370568000,0.99997854,0.0043625697,0.002061026,-0.005365519,0.0,0.0,0.0,0.0,0,79.712
370588000,370588000,0.99997914,0.0041604564,0.0021217894,-0.0053820317,0.0,0.0,0.0,0.0,0,79.732
370608000,370608000,0.99997985,0.003937491,0.002180348,-0.0053984825,0.0,0.0,0.0,0.0,0,79.752
370628000,370628000,0.99998057,0.003696869,0.0022329965,-0.0054151295,0.0,0.0,0.0,0.0,0,79.772
370648000,370648000,0.9999813,0.0034432667,0.0022783268,-0.005431722,0.0,0.0,0.0,0.0,0,79.792
370668000,370668000,0.999982,0.003177415,0.0023123012,-0.0054480485,0.0,0.0,0.0,0.0,0,79.812
370688000,370688000,0.99998266,0.0029094352,0.0023439801,-0.005463962,0.0,0.0,0.0,0.0,0,79.832
370708000,370708000,0.99998325,0.0026446893,0.0023742686,-0.0054793814,0.0,0.0,0.0,0.0,0,79.852
370728000,370728000,0.9999837,0.0023905723,0.002405799,-0.0054944544,0.0,0.0,0.0,0.0,0,79.872
370748000,370748000,0.9999841,0.0021495707,0.0024449357,-0.00550898,0.0,0.0,0.0,0.0,0,79.892
370768000,370768000,0.9999844,0.0019212597,0.0024885584,-0.005522741,0.0,0.0,0.0,0.0,0,79.912
370788000,370788000,0.99998456,0.0016985865,0.0025276707,-0.005535839,0.0,0.0,0.0,0.0,0,79.932
370808000,370808000,0.9999848,0.0014822696,0.002560937,-0.005548171,0.0,0.0,0.0,0.0,0,79.952
370828000,370828000,0.9999849,0.0012735027,0.0025917036,-0.005559924,0.0,0.0,0.0,0.0,0,79.972
370848000,370848000,0.999985,0.0010748017,0.0026282726,-0.0055713453,0.0,0.0,0.0,0.0,0,79.992
370868000,370868000,0.99998504,0.0008820672,0.002666082,-0.0055825976,0.0,0.0,0.0,0.0,0,80.012
370888000,370888000,0.99998504,0.000697625,0.0026958154,-0.0055932365,0.0,0.0,0.0,0.0,0,80.032
370908000,370908000,0.99998504,0.0005199464,0.0027191404,-0.0056034056,0.0,0.0,0.0,0.0,0,80.052
370928000,370928000,0.999985,0.00035372193,0.002746861,-0.0056132367,0.0,0.0,0.0,0.0,0,80.072
370948000,370948000,0.99998486,0.00020372946,0.0027790447,-0.0056228256,0.0,0.0,0.0,0.0,0,80.092
370968000,370968000,0.9999848,6.266608e-05,0.0027991643,-0.0056317574,0.0,0.0,0.0,0.0,0,80.112
370988000,370988000,0.9999847,-6.7506066e-05,0.002805827,-0.005639888,0.0,0.0,0.0,0.0,0,80.132
371008000,371008000,0.9999846,-0.00019128087,0.0028065094,-0.0056477226,0.0,0.0,0.0,0.0,0,80.152
371028000,371028000,0.99998456,-0.0003157469,0.0028085841,-0.0056555043,0.0,0.0,0.0,0.0,0,80.172
371048000,371048000,0.99998444,-0.00043522325,0.0028104954,-0.0056635323,0.0,0.0,0.0,0.0,0,80.192
371068000,371068000,0.9999844,-0.000548621,0.0028155532,-0.0056714085,0.0,0.0,0.0,0.0,0,80.212
371088000,371088000,0.9999842,-0.0006491766,0.0028273223,-0.0056793536,0.0,0.0,0.0,0.0,0,80.232
371108000,371108000,0.9999841,-0.0007417253,0.0028412796,-0.005687392,0.0,0.0,0.0,0.0,0,80.252
371128000,371128000,0.99998397,-0.0008259337,0.002842317,-0.005695478,0.0,0.0,0.0,0.0,0,80.272
371148000,371148000,0.99998385,-0.0009093139,0.0028357166,-0.005703531,0.0,0.0,0.0,0.0,0,80.292
371168000,371168000,0.9999837,-0.000989582,0.0028283263,-0.0057117026,0.0,0.0,0.0,0.0,0,80.312
371188000,371188000,0.99998367,-0.0010662015,0.0028228564,-0.0057198983,0.0,0.0,0.0,0.0,0,80.332
371208000,371208000,0.99998355,-0.0011339582,0.0028230962,-0.005727854,0.0,0.0,0.0,0.0,0,80.352
371228000,371228000,0.9999834,-0.0011963369,0.0028298656,-0.005735933,0.0,0.0,0.0,0.0,0,80.372
371248000,371248000,0.99998325,-0.0012507555,0.002832579,-0.0057444545,0.0,0.0,0.0,0.0,0,80.392
371268000,371268000,0.9999832,-0.0012946689,0.002826572,-0.0057527632,0.0,0.0,0.0,0.0,0,80.412
371288000,371288000,0.9999831,-0.0013345194,0.002817566,-0.005760986,0.0,0.0,0.0,0.0,0,80.432
371308000,371308000,0.999983,-0.0013743258,0.002809465,-0.0057689603,0.0,0.0,0.0,0.0,0,80.452
371328000,371328000,0.99998295,-0.0014121593,0.0028001461,-0.0057765245,0.0,0.0,0.0,0.0,0,80.472
371348000,371348000,0.9999829,-0.0014419978,0.0027835786,-0.0057833274,0.0,0.0,0.0,0.0,0,80.492
371368000,371368000,0.9999829,-0.0014668992,0.0027608785,-0.0057896427,0.0,0.0,0.0,0.0,0,80.512
371388000,371388000,0.9999829,-0.001498015,0.0027407345,-0.0057951226,0.0,0.0,0.0,0.0,0,80.532
371408000,371408000,0.9999829,-0.0015251467,0.0027219893,-0.005799921,0.0,0.0,0.0,0.0,0,80.552
371428000,371428000,0.99998283,-0.0015502281,0.0027036401,-0.005804604,0.0,0.0,0.0,0.0,0,80.572
371448000,371448000,0.99998283,-0.0015769377,0.0026881113,-0.0058092303,0.0,0.0,0.0,0.0,0,80.592
371468000,371468000,0.9999828,-0.0016059342,0.0026758579,-0.005813809,0.0,0.0,0.0,0.0,0,80.612
371488000,371488000,0.9999827,-0.0016374909,0.0026669526,-0.005818352,0.0,0.0,0.0,0.0,0,80.632
371508000,371508000,0.99998266,-0.0016720216,0.0026619239,-0.005822786,0.0,0.0,0.0,0.0,0,80.652
371528000,371528000,0.9999826,-0.0017120279,0.0026609064,-0.0058271377,0.0,0.0,0.0,0.0,0,80.672
371548000,371548000,0.9999825,-0.0017620086,0.0026525427,-0.005831193,0.0,0.0,0.0,0.0,0,80.692
371568000,371568000,0.99998236,-0.0018230935,0.0026533122,-0.005835074,0.0,0.0,0.0,0.0,0,80.712
371588000,371588000,0.9999821,-0.0018955884,0.002669239,-0.0058390517,0.0,0.0,0.0,0.0,0,80.732
371608000,371608000,0.99998194,-0.0019757366,0.0026860407,-0.0058428263,0.0,0.0,0.0,0.0,0,80.752
371628000,371628000,0.9999817,-0.0020601677,0.0027001202,-0.0058465325,0.0,0.0,0.0,0.0,0,80.772
371648000,371648000,0.99998146,-0.0021470063,0.002715101,-0.0058502024,0.0,0.0,0.0,0.0,0,80.792
371668000,371668000,0.99998116,-0.0022338463,0.002733595,-0.005854029,0.0,0.0,0.0,0.0,0,80.812
371688000,371688000,0.9999809,-0.0023195418,0.0027584904,-0.005857918,0.0,0.0,0.0,0.0,0,80.832
371708000,371708000,0.9999806,-0.002400463,0.0027886373,-0.0058617797,0.0,0.0,0.0,0.0,0,80.852
371728000,371728000,0.99998033,-0.0024789418,0.0028104298,-0.0058655106,0.0,0.0,0.0,0.0,0,80.872
371748000,371748000,0.99998003,-0.0025503042,0.0028399462,-0.0058689914,0.0,0.0,0.0,0.0,0,80.892
371768000,371768000,0.9999798,-0.0026060073,0.0028739385,-0.0058728196,0.0,0.0,0.0,0.0,0,80.912
371788000,371788000,0.9999795,-0.0026525047,0.002912671,-0.0058768457,0.0,0.0,0.0,0.0,0,80.932
371808000,371808000,0.9999792,-0.0027045747,0.00295848,-0.0058809547,0.0,0.0,0.0,0.0,0,80.952
371828000,371828000,0.9999789,-0.0027571467,0.0030069351,-0.005885037,0.0,0.0,0.0,0.0,0,80.972
371848000,371848000,0.9999786,-0.002797652,0.003055108,-0.005889121,0.0,0.0,0.0,0.0,0,80.992
371868000,371868000,0.99997836,-0.0028295156,0.0031052087,-0.0058931983,0.0,0.0,0.0,0.0,0,81.012
371888000,371888000,0.9999781,-0.0028585414,0.0031482645,-0.0058972337,0.0,0.0,0.0,0.0,0,81.032
371908000,371908000,0.9999779,-0.0028862339,0.0031838214,-0.005901187,0.0,0.0,0.0,0.0,0,81.052
371928000,371928000,0.9999777,-0.0029080778,0.0032224641,-0.0059048557,0.0,0.0,0.0,0.0,0,81.072
371948000,371948000,0.99997747,-0.0029228444,0.0032669296,-0.0059085195,0.0,0.0,0.0,0.0,0,81.092
371968000,371968000,0.9999773,-0.0029327485,0.0033116825,-0.005912373,0.0,0.0,0.0,0.0,0,81.112
371988000,371988000,0.9999771,-0.002938183,0.0033547769,-0.00591622,0.0,0.0,0.0,0.0,0,81.132
372008000,372008000,0.99997693,-0.0029369718,0.003401656,-0.005919711,0.0,0.0,0.0,0.0,0,81.152
372028000,372028000,0.99997675,-0.0029285213,0.003451741,-0.005923005,0.0,0.0,0.0,0.0,0,81.172
372048000,372048000,0.99997663,-0.0029163116,0.003497684,-0.005926286,0.0,0.0,0.0,0.0,0,81.192
372068000,372068000,0.9999765,-0.0029006216,0.0035389988,-0.005929538,0.0,0.0,0.0,0.0,0,81.212
372088000,372088000,0.9999764,-0.0028823104,0.0035786836,-0.005932773,0.0,0.0,0.0,0.0,0,81.232
372108000,372108000,0.9999763,-0.0028614765,0.0036174147,-0.005935993,0.0,0.0,0.0,0.0,0,81.252
372128000,372128000,0.9999762,-0.0028381103,0.0036553922,-0.0059392,0.0,0.0,0.0,0.0,0,81.272
372148000,372148000,0.9999761,-0.0028120165,0.0036924793,-0.0059423936,0.0,0.0,0.0,0.0,0,81.292
372168000,372168000,0.99997604,-0.0027821981,0.0037276675,-0.005945426,0.0,0.0,0.0,0.0,0,81.312
372188000,372188000,0.99997604,-0.002745986,0.0037552912,-0.0059483103,0.0,0.0,0.0,0.0,0,81.332
372208000,372208000,0.99997604,-0.0027054574,0.0037734604,-0.005951152,0.0,0.0,0.0,0.0,0,81.352
372228000,372228000,0.99997616,-0.0026619185,0.0037703658,-0.005954001,0.0,0.0,0.0,0.0,0,81.372
372248000,372248000,0.99997634,-0.0026160092,0.0037558505,-0.0059569273,0.0,0.0,0.0,0.0,0,81.392
372268000,372268000,0.9999765,-0.0025599622,0.0037471564,-0.005960071,0.0,0.0,0.0,0.0,0,81.412
372288000,372288000,0.9999767,-0.0024995967,0.0037313947,-0.005963556,0.0,0.0,0.0,0.0,0,81.432
372308000,372308000,0.99997693,-0.002445785,0.0036985723,-0.0059670783,0.0,0.0,0.0,0.0,0,81.452
372328000,372328000,0.9999772,-0.0023868403,0.0036574842,-0.0059708683,0.0,0.0,0.0,0.0,0,81.472
372348000,372348000,0.99997747,-0.002321011,0.0036240774,-0.0059745484,0.0,0.0,0.0,0.0,0,81.492
372368000,372368000,0.99997777,-0.0022490136,0.0035812021,-0.0059782374,0.0,0.0,0.0,0.0,0,81.512
372388000,372388000,0.99997807,-0.002182659,0.0035269158,-0.005981994,0.0,0.0,0.0,0.0,0,81.532
372408000,372408000,0.99997836,-0.0021215046,0.0034758137,-0.0059858486,0.0,0.0,0.0,0.0,0,81.552
372428000,372428000,0.99997866,-0.0020495986,0.003428989,-0.0059895087,0.0,0.0,0.0,0.0,0,81.572
372448000,372448000,0.99997896,-0.0019739093,0.0033680298,-0.005993358,0.0,0.0,0.0,0.0,0,81.592
372468000,372468000,0.9999793,-0.0019001919,0.003291604,-0.005997221,0.0,0.0,0.0,0.0,0,81.612
372488000,372488000,0.9999797,-0.0018200921,0.0032205125,-0.0060010445,0.0,0.0,0.0,0.0,0,81.632
372508000,372508000,0.99998003,-0.0017371748,0.003152889,-0.006004636,0.0,0.0,0.0,0.0,0,81.652
372528000,372528000,0.9999804,-0.0016469066,0.0030784549,-0.006007802,0.0,0.0,0.0,0.0,0,81.672
372548000,372548000,0.9999808,-0.0015465954,0.0029999986,-0.0060106153,0.0,0.0,0.0,0.0,0,81.692
372568000,372568000,0.99998116,-0.0014496612,0.0029216765,-0.006013296,0.0,0.0,0.0,0.0,0,81.712
372588000,372588000,0.9999815,-0.0013495963,0.0028400917,-0.0060161697,0.0,0.0,0.0,0.0,0,81.732
372608000,372608000,0.9999818,-0.0012467558,0.0027620364,-0.006019137,0.0,0.0,0.0,0.0,0,81.752
372628000,372628000,0.9999821,-0.0011400179,0.0026924442,-0.0060220426,0.0,0.0,0.0,0.0,0,81.772
372648000,372648000,0.9999824,-0.0010295112,0.0026229364,-0.0060249097,0.0,0.0,0.0,0.0,0,81.792
372668000,372668000,0.9999827,-0.00091417704,0.0025508248,-0.00602776,0.0,0.0,0.0,0.0,0,81.812
372688000,372688000,0.999983,-0.00079383596,0.002474795,-0.006030599,0.0,0.0,0.0,0.0,0,81.832
372708000,372708000,0.99998325,-0.00067015376,0.0023956555,-0.006033464,0.0,0.0,0.0,0.0,0,81.852
372728000,372728000,0.9999835,-0.0005591266,0.0023175974,-0.0060363375,0.0,0.0,0.0,0.0,0,81.872
372748000,372748000,0.99998367,-0.00046649532,0.0022409104,-0.0060393466,0.0,0.0,0.0,0.0,0,81.892
372768000,372768000,0.9999839,-0.0003761221,0.0021628966,-0.0060424604,0.0,0.0,0.0,0.0,0,81.912
372788000,372788000,0.9999841,-0.0002735364,0.0020844024,-0.0060457853,0.0,0.0,0.0,0.0,0,81.932
372808000,372808000,0.9999842,-0.0001596052,0.0020085596,-0.0060493876,0.0,0.0,0.0,0.0,0,81.952
372828000,372828000,0.9999844,-4.1940446e-05,0.0019325383,-0.006053377,0.0,0.0,0.0,0.0,0,81.972
372848000,372848000,0.9999845,7.271052e-05,0.0018462688,-0.006057728,0.0,0.0,0.0,0.0,0,81.992
372868000,372868000,0.9999846,0.00018732104,0.0017573554,-0.0060624857,0.0,0.0,0.0,0.0,0,82.012
372888000,372888000,0.9999847,0.00030389032,0.001666973,-0.0060673617,0.0,0.0,0.0,0.0,0,82.032
372908000,372908000,0.9999848,0.00042464436,0.0015836776,-0.006072146,0.0,0.0,0.0,0.0,0,82.052
372928000,372928000,0.9999848,0.00054645236,0.0015142435,-0.006077133,0.0,0.0,0.0,0.0,0,82.072
372948000,372948000,0.9999848,0.000664165,0.0014450245,-0.00608229,0.0,0.0,0.0,0.0,0,82.092
372968000,372968000,0.9999848,0.0007749883,0.0013655932,-0.006087953,0.0,0.0,0.0,0.0,0,82.112
372988000,372988000,0.9999848,0.0008778952,0.0012781156,-0.0060937363,0.0,0.0,0.0,0.0,0,82.132
373008000,373008000,0.99998474,0.0009788629,0.0011843994,-0.006099723,0.0,0.0,0.0,0.0,0,82.152
373028000,373028000,0.99998474,0.0010798986,0.0010876118,-0.006106069,0.0,0.0,0.0,0.0,0,82.172
373048000,373048000,0.9999847,0.0011751752,0.0009908222,-0.0061126743,0.0,0.0,0.0,0.0,0,82.192
373068000,373068000,0.9999846,0.001264575,0.0008885053,-0.00611957,0.0,0.0,0.0,0.0,0,82.212
373088000,373088000,0.99998456,0.0013472263,0.00078478135,-0.0061267824,0.0,0.0,0.0,0.0,0,82.232
373108000,373108000,0.9999845,0.0014257658,0.0006818225,-0.00613435,0.0,0.0,0.0,0.0,0,82.252
373128000,373128000,0.9999844,0.0014956889,0.0005799517,-0.0061422405,0.0,0.0,0.0,0.0,0,82.272
373148000,373148000,0.9999843,0.0015577204,0.00046743045,-0.0061503905,0.0,0.0,0.0,0.0,0,82.292
373168000,373168000,0.9999842,0.0016126079,0.00035155826,-0.0061586876,0.0,0.0,0.0,0.0,0,82.312
373188000,373188000,0.9999841,0.0016700283,0.0002427851,-0.0061667752,0.0,0.0,0.0,0.0,0,82.332
373208000,373208000,0.99998397,0.0017294403,0.00013604367,-0.0061748507,0.0,0.0,0.0,0.0,0,82.352
373228000,373228000,0.99998385,0.0017834296,2.8696863e-05,-0.006183034,0.0,0.0,0.0,0.0,0,82.372
373248000,373248000,0.99998367,0.0018359915,-8.0616126e-05,-0.0061912704,0.0,0.0,0.0,0.0,0,82.392
373268000,373268000,0.99998355,0.0018884358,-0.0001921784,-0.006199448,0.0,0.0,0.0,0.0,0,82.412
373288000,373288000,0.9999834,0.0019362177,-0.0003009371,-0.006207055,0.0,0.0,0.0,0.0,0,82.432
373308000,373308000,0.9999832,0.0019800274,-0.0004076996,-0.0062143584,0.0,0.0,0.0,0.0,0,82.452
373328000,373328000,0.999983,0.0020177192,-0.0005064939,-0.0062212064,0.0,0.0,0.0,0.0,0,82.472
373348000,373348000,0.9999829,0.0020441967,-0.0005902425,-0.006227692,0.0,0.0,0.0,0.0,0,82.492
373368000,373368000,0.9999828,0.0020618548,-0.0006663257,-0.006233876,0.0,0.0,0.0,0.0,0,82.512
373388000,373388000,0.99998266,0.002070266,-0.00073048746,-0.0062397285,0.0,0.0,0.0,0.0,0,82.532
373408000,373408000,0.9999826,0.0020636702,-0.0007859723,-0.0062455493,0.0,0.0,0.0,0.0,0,82.552
373428000,373428000,0.9999826,0.0020448815,-0.00083020097,-0.0062511954,0.0,0.0,0.0,0.0,0,82.572
373448000,373448000,0.99998254,0.0020350039,-0.0008703456,-0.00625703,0.0,0.0,0.0,0.0,0,82.592
373468000,373468000,0.9999825,0.0020315596,-0.000908483,-0.0062628523,0.0,0.0,0.0,0.0,0,82.612
373488000,373488000,0.9999824,0.0020112707,-0.0009458541,-0.0062688724,0.0,0.0,0.0,0.0,0,82.632
373508000,373508000,0.9999824,0.001981067,-0.0009803823,-0.006275103,0.0,0.0,0.0,0.0,0,82.652
373528000,373528000,0.9999824,0.001952282,-0.0009985969,-0.006281422,0.0,0.0,0.0,0.0,0,82.672
373548000,373548000,0.9999824,0.0019259757,-0.0010059946,-0.0062877606,0.0,0.0,0.0,0.0,0,82.692
373568000,373568000,0.9999824,0.0018973356,-0.0010170612,-0.0062944638,0.0,0.0,0.0,0.0,0,82.712
373588000,373588000,0.9999824,0.001865054,-0.0010351741,-0.0063012294,0.0,0.0,0.0,0.0,0,82.732
373608000,373608000,0.9999824,0.0018328015,-0.0010453257,-0.006307996,0.0,0.0,0.0,0.0,0,82.752
373628000,373628000,0.9999824,0.0018020276,-0.0010476053,-0.0063147563,0.0,0.0,0.0,0.0,0,82.772
373648000,373648000,0.9999824,0.0017768127,-0.001046047,-0.0063218498,0.0,0.0,0.0,0.0,0,82.792
373668000,373668000,0.9999824,0.0017579333,-0.0010425297,-0.006329007,0.0,0.0,0.0,0.0,0,82.812
373688000,373688000,0.9999824,0.0017418632,-0.0010412573,-0.0063361377,0.0,0.0,0.0,0.0,0,82.832
373708000,373708000,0.9999824,0.0017274338,-0.001043555,-0.006343237,0.0,0.0,0.0,0.0,0,82.852
373728000,373728000,0.99998236,0.0017140332,-0.001049955,-0.0063503524,0.0,0.0,0.0,0.0,0,82.872
373748000,373748000,0.99998236,0.0016992623,-0.0010611943,-0.006357674,0.0,0.0,0.0,0.0,0,82.892
373768000,373768000,0.9999823,0.0016807233,-0.0010661741,-0.0063650385,0.0,0.0,0.0,0.0,0,82.912
373788000,373788000,0.9999823,0.001658103,-0.0010705647,-0.006372502,0.0,0.0,0.0,0.0,0,82.932
373808000,373808000,0.9999823,0.001638022,-0.0010739687,-0.0063805436,0.0,0.0,0.0,0.0,0,82.952
373828000,373828000,0.99998224,0.0016207205,-0.0010781656,-0.006389137,0.0,0.0,0.0,0.0,0,82.972
373848000,373848000,0.9999822,0.0016044033,-0.0010854212,-0.0063985684,0.0,0.0,0.0,0.0,0,82.992
373868000,373868000,0.9999822,0.0015948738,-0.0010901442,-0.0064085755,0.0,0.0,0.0,0.0,0,83.012
373888000,373888000,0.9999821,0.0015809173,-0.0011030652,-0.006419203,0.0,0.0,0.0,0.0,0,83.032
373908000,373908000,0.99998206,0.0015632367,-0.0011135658,-0.006430141,0.0,0.0,0.0,0.0,0,83.052
373928000,373928000,0.999982,0.0015494787,-0.0011107593,-0.0064413366,0.0,0.0,0.0,0.0,0,83.072
373948000,373948000,0.99998194,0.0015404279,-0.0011020673,-0.0064528342,0.0,0.0,0.0,0.0,0,83.092
373968000,373968000,0.9999819,0.0015407125,-0.0010861619,-0.006464793,0.0,0.0,0.0,0.0,0,83.112
373988000,373988000,0.9999818,0.0015401474,-0.0010709661,-0.0064770696,0.0,0.0,0.0,0.0,0,83.132
374008000,374008000,0.99998176,0.0015285522,-0.0010630153,-0.006489723,0.0,0.0,0.0,0.0,0,83.152
374028000,374028000,0.9999817,0.001510869,-0.0010452779,-0.0065023806,0.0,0.0,0.0,0.0,0,83.172
374048000,374048000,0.9999817,0.0014840261,-0.001009855,-0.0065149344,0.0,0.0,0.0,0.0,0,83.192
374068000,374068000,0.9999817,0.001447186,-0.00096831936,-0.006527852,0.0,0.0,0.0,0.0,0,83.212
374088000,374088000,0.99998176,0.0014132395,-0.0009207469,-0.0065409597,0.0,0.0,0.0,0.0,0,83.232
374108000,374108000,0.99998176,0.0013802563,-0.0008729912,-0.0065541496,0.0,0.0,0.0,0.0,0,83.252
374128000,374128000,0.99998176,0.001345996,-0.0008287214,-0.006567307,0.0,0.0,0.0,0.0,0,83.272
374148000,374148000,0.99998176,0.0013108216,-0.00078584487,-0.0065803956,0.0,0.0,0.0,0.0,0,83.292
374168000,374168000,0.9999817,0.0012754423,-0.00074470934,-0.0065933126,0.0,0.0,0.0,0.0,0,83.312
374188000,374188000,0.9999817,0.0012430793,-0.0007052483,-0.0066063693,0.0,0.0,0.0,0.0,0,83.332
374208000,374208000,0.9999817,0.0012125866,-0.0006518518,-0.0066190353,0.0,0.0,0.0,0.0,0,83.352
374228000,374228000,0.9999817,0.0011748665,-0.000587068,-0.0066310847,0.0,0.0,0.0,0.0,0,83.372
374248000,374248000,0.9999817,0.0011378957,-0.000528546,-0.0066427784,0.0,0.0,0.0,0.0,0,83.392
374268000,374268000,0.9999817,0.0011014777,-0.0004751992,-0.0066543063,0.0,0.0,0.0,0.0,0,83.412
374288000,374288000,0.9999817,0.0010645427,-0.00042587335,-0.0066657425,0.0,0.0,0.0,0.0,0,83.432
374308000,374308000,0.99998164,0.0010261673,-0.000377439,-0.0066770175,0.0,0.0,0.0,0.0,0,83.452
374328000,374328000,0.99998164,0.0009855551,-0.00032887078,-0.006688182,0.0,0.0,0.0,0.0,0,83.472
374348000,374348000,0.99998164,0.00094191445,-0.00028076302,-0.0066990796,0.0,0.0,0.0,0.0,0,83.492
374368000,374368000,0.99998164,0.000894627,-0.00023322807,-0.0067098555,0.0,0.0,0.0,0.0,0,83.512
374388000,374388000,0.9999816,0.0008443527,-0.00018886491,-0.0067206477,0.0,0.0,0.0,0.0,0,83.532
374408000,374408000,0.9999816,0.000791384,-0.0001486807,-0.0067313816,0.0,0.0,0.0,0.0,0,83.552
374428000,374428000,0.9999815,0.0007367367,-0.00011192443,-0.0067420513,0.0,0.0,0.0,0.0,0,83.572
374448000,374448000,0.9999815,0.0006806614,-7.8559104e-05,-0.006752652,0.0,0.0,0.0,0.0,0,83.592
374468000,374468000,0.99998146,0.0006233013,-4.8377682e-05,-0.0067631495,0.0,0.0,0.0,0.0,0,83.612
374488000,374488000,0.99998146,0.0005623097,-2.762208e-05,-0.006773445,0.0,0.0,0.0,0.0,0,83.632
374508000,374508000,0.9999814,0.00049932505,-1.9339268e-05,-0.006783781,0.0,0.0,0.0,0.0,0,83.652
374528000,374528000,0.9999814,0.00042465486,-1.471313e-05,-0.006794178,0.0,0.0,0.0,0.0,0,83.672
374548000,374548000,0.99998134,0.00034286213,-8.864178e-06,-0.006804825,0.0,0.0,0.0,0.0,0,83.692
374568000,374568000,0.9999813,0.00026550677,-9.658626e-06,-0.0068159243,0.0,0.0,0.0,0.0,0,83.712
374588000,374588000,0.9999812,0.00019466864,-6.8669037e-06,-0.0068273144,0.0,0.0,0.0,0.0,0,83.732
374608000,374608000,0.99998116,0.00011478017,-8.017595e-06,-0.0068390835,0.0,0.0,0.0,0.0,0,83.752
374628000,374628000,0.9999811,2.2808645e-05,-1.1630186e-05,-0.0068508754,0.0,0.0,0.0,0.0,0,83.772
374648000,374648000,0.999981,-6.719587e-05,-1.2248876e-06,-0.006862974,0.0,0.0,0.0,0.0,0,83.792
374668000,374668000,0.9999809,-0.00014812431,1.31596635e-05,-0.006875137,0.0,0.0,0.0,0.0,0,83.812
374688000,374688000,0.9999808,-0.00023041684,1.2245517e-05,-0.0068877176,0.0,0.0,0.0,0.0,0,83.832
374708000,374708000,0.9999807,-0.00032357388,7.576969e-06,-0.0069002905,0.0,0.0,0.0,0.0,0,83.852
374728000,374728000,0.99998057,-0.00042006644,1.8613757e-05,-0.006912996,0.0,0.0,0.0,0.0,0,83.872
374748000,374748000,0.99998045,-0.00051814946,3.7140773e-05,-0.006925428,0.0,0.0,0.0,0.0,0,83.892
374768000,374768000,0.9999803,-0.00062108686,4.4701224e-05,-0.0069372845,0.0,0.0,0.0,0.0,0,83.912
374788000,374788000,0.99998015,-0.00072513893,4.6409663e-05,-0.0069485554,0.0,0.0,0.0,0.0,0,83.932
374808000,374808000,0.99998,-0.00083112146,5.3331663e-05,-0.006959191,0.0,0.0,0.0,0.0,0,83.952
374828000,374828000,0.9999798,-0.0009438461,6.754645e-05,-0.0069693862,0.0,0.0,0.0,0.0,0,83.972
374848000,374848000,0.9999797,-0.0010478937,8.676567e-05,-0.0069789793,0.0,0.0,0.0,0.0,0,83.992
374868000,374868000,0.9999795,-0.0011473912,0.000106427186,-0.0069879615,0.0,0.0,0.0,0.0,0,84.012
374888000,374888000,0.99997926,-0.0012529427,0.000122572,-0.0069963792,0.0,0.0,0.0,0.0,0,84.032
374908000,374908000,0.9999791,-0.0013583078,0.00013588378,-0.0070045018,0.0,0.0,0.0,0.0,0,84.052
374928000,374928000,0.9999789,-0.00146438,0.00015504088,-0.007012452,0.0,0.0,0.0,0.0,0,84.072
374948000,374948000,0.99997866,-0.0015727936,0.00017588085,-0.007020023,0.0,0.0,0.0,0.0,0,84.092
374968000,374968000,0.9999784,-0.0016733082,0.00019271868,-0.0070273424,0.0,0.0,0.0,0.0,0,84.112
374988000,374988000,0.99997824,-0.0017703223,0.0001995838,-0.0070342585,0.0,0.0,0.0,0.0,0,84.132
375008000,375008000,0.999978,-0.001868215,0.00020373345,-0.00704063,0.0,0.0,0.0,0.0,0,84.152
375028000,375028000,0.99997777,-0.0019671838,0.00020720235,-0.0070467265,0.0,0.0,0.0,0.0,0,84.172
375048000,375048000,0.9999775,-0.0020660944,0.0002161351,-0.0070527005,0.0,0.0,0.0,0.0,0,84.192
375068000,375068000,0.9999773,-0.0021590565,0.00021633727,-0.007058518,0.0,0.0,0.0,0.0,0,84.212
375088000,375088000,0.99997705,-0.0022397456,0.000211243,-0.0070641874,0.0,0.0,0.0,0.0,0,84.232
375108000,375108000,0.9999769,-0.00231577,0.00020109129,-0.0070697344,0.0,0.0,0.0,0.0,0,84.252
375128000,375128000,0.9999767,-0.0023804796,0.00019000025,-0.007075423,0.0,0.0,0.0,0.0,0,84.272
375148000,375148000,0.9999765,-0.0024347298,0.00017462518,-0.00708107,0.0,0.0,0.0,0.0,0,84.292
375168000,375168000,0.99997634,-0.0024793162,0.00014551378,-0.0070864805,0.0,0.0,0.0,0.0,0,84.312
375188000,375188000,0.9999762,-0.002516425,0.00010781298,-0.007091783,0.0,0.0,0.0,0.0,0,84.332
375208000,375208000,0.9999761,-0.0025436913,8.048501e-05,-0.007097363,0.0,0.0,0.0,0.0,0,84.352
375228000,375228000,0.99997604,-0.002558532,5.4393888e-05,-0.007102943,0.0,0.0,0.0,0.0,0,84.372
375248000,375248000,0.999976,-0.0025678272,1.5897798e-05,-0.0071084625,0.0,0.0,0.0,0.0,0,84.392
375268000,375268000,0.9999759,-0.0025735158,-2.9410327e-05,-0.007113896,0.0,0.0,0.0,0.0,0,84.412
375288000,375288000,0.9999759,-0.0025713344,-7.326169e-05,-0.0071192468,0.0,0.0,0.0,0.0,0,84.432
375308000,375308000,0.99997586,-0.0025598954,-0.00011636123,-0.0071244137,0.0,0.0,0.0,0.0,0,84.452
375328000,375328000,0.9999759,-0.0025320617,-0.00016232142,-0.007129322,0.0,0.0,0.0,0.0,0,84.472
375348000,375348000,0.999976,-0.0024903866,-0.000205278,-0.007134023,0.0,0.0,0.0,0.0,0,84.492
375368000,375368000,0.99997604,-0.0024393103,-0.00024047747,-0.007138511,0.0,0.0,0.0,0.0,0,84.512
375388000,375388000,0.99997616,-0.002381609,-0.0002722993,-0.0071428153,0.0,0.0,0.0,0.0,0,84.532
375408000,375408000,0.9999763,-0.002320174,-0.00030422077,-0.007146812,0.0,0.0,0.0,0.0,0,84.552
375428000,375428000,0.9999764,-0.0022583357,-0.00033370155,-0.0071508326,0.0,0.0,0.0,0.0,0,84.572
375448000,375448000,0.9999765,-0.0021925308,-0.00036117292,-0.0071549127,0.0,0.0,0.0,0.0,0,84.592
375468000,375468000,0.9999766,-0.0021233235,-0.00038971205,-0.00715898,0.0,0.0,0.0,0.0,0,84.612
375488000,375488000,0.9999767,-0.0020520603,-0.00043032668,-0.007162908,0.0,0.0,0.0,0.0,0,84.632
375508000,375508000,0.9999768,-0.0019797317,-0.00047785774,-0.007166738,0.0,0.0,0.0,0.0,0,84.652
375528000,375528000,0.9999769,-0.0019056275,-0.00051981764,-0.0071704816,0.0,0.0,0.0,0.0,0,84.672
375548000,375548000,0.999977,-0.0018307825,-0.0005608489,-0.0071741864,0.0,0.0,0.0,0.0,0,84.692
375568000,375568000,0.99997705,-0.0017562306,-0.0006052292,-0.0071779233,0.0,0.0,0.0,0.0,0,84.712
375588000,375588000,0.9999772,-0.0016787698,-0.00065072294,-0.0071815853,0.0,0.0,0.0,0.0,0,84.732
375608000,375608000,0.99997723,-0.0015986814,-0.0006992908,-0.0071852724,0.0,0.0,0.0,0.0,0,84.752
375628000,375628000,0.9999773,-0.001516326,-0.00075337937,-0.0071888925,0.0,0.0,0.0,0.0,0,84.772
375648000,375648000,0.99997735,-0.0014306069,-0.0008098997,-0.007192474,0.0,0.0,0.0,0.0,0,84.792
375668000,375668000,0.9999774,-0.0013416348,-0.0008679525,-0.0071960543,0.0,0.0,0.0,0.0,0,84.812
375688000,375688000,0.9999774,-0.0012454684,-0.0009318888,-0.0071999826,0.0,0.0,0.0,0.0,0,84.832
375708000,375708000,0.99997747,-0.0011426377,-0.0009999151,-0.0072040004,0.0,0.0,0.0,0.0,0,84.852
375728000,375728000,0.99997747,-0.0010423039,-0.0010642282,-0.0072084013,0.0,0.0,0.0,0.0,0,84.872
375748000,375748000,0.99997747,-0.00094578566,-0.0011226918,-0.0072127306,0.0,0.0,0.0,0.0,0,84.892
375768000,375768000,0.99997747,-0.0008504589,-0.0011866988,-0.0072170026,0.0,0.0,0.0,0.0,0,84.912
375788000,375788000,0.9999774,-0.0007532835,-0.0012538749,-0.0072212424,0.0,0.0,0.0,0.0,0,84.932
375808000,375808000,0.99997735,-0.0006527302,-0.0013087582,-0.0072255437,0.0,0.0,0.0,0.0,0,84.952
375828000,375828000,0.99997735,-0.000546246,-0.0013507879,-0.0072297547,0.0,0.0,0.0,0.0,0,84.972
375848000,375848000,0.99997735,-0.00043684454,-0.0013891319,-0.0072339275,0.0,0.0,0.0,0.0,0,84.992
375868000,375868000,0.9999773,-0.00033077298,-0.001426369,-0.007238034,0.0,0.0,0.0,0.0,0,85.012
375888000,375888000,0.99997723,-0.00023089015,-0.001455189,-0.0072423737,0.0,0.0,0.0,0.0,0,85.032
375908000,375908000,0.99997723,-0.00013438024,-0.0014686726,-0.007246675,0.0,0.0,0.0,0.0,0,85.052
375928000,375928000,0.9999772,-3.576583e-05,-0.0014748141,-0.0072509167,0.0,0.0,0.0,0.0,0,85.072
375948000,375948000,0.9999772,6.568461e-05,-0.0014757364,-0.0072550857,0.0,0.0,0.0,0.0,0,85.092
375968000,375968000,0.9999771,0.00016291582,-0.001472956,-0.007258906,0.0,0.0,0.0,0.0,0,85.112
375988000,375988000,0.99997705,0.0002537386,-0.0014656113,-0.007262351,0.0,0.0,0.0,0.0,0,85.132
376008000,376008000,0.99997705,0.00034601922,-0.0014457523,-0.0072655496,0.0,0.0,0.0,0.0,0,85.152
376028000,376028000,0.99997705,0.00044193972,-0.0014098213,-0.0072680926,0.0,0.0,0.0,0.0,0,85.172
376048000,376048000,0.99997705,0.0005430168,-0.0013728734,-0.0072703324,0.0,0.0,0.0,0.0,0,85.192
376068000,376068000,0.999977,0.0006489774,-0.0013320167,-0.0072724177,0.0,0.0,0.0,0.0,0,85.212
376088000,376088000,0.999977,0.00075577066,-0.0012816541,-0.007274327,0.0,0.0,0.0,0.0,0,85.232
376108000,376108000,0.99997693,0.0008583261,-0.0012288988,-0.007276152,0.0,0.0,0.0,0.0,0,85.252
376128000,376128000,0.99997693,0.00095721596,-0.0011778737,-0.007277833,0.0,0.0,0.0,0.0,0,85.272
376148000,376148000,0.9999769,0.0010540973,-0.0011319168,-0.007279422,0.0,0.0,0.0,0.0,0,85.292
376168000,376168000,0.9999768,0.001152431,-0.0010895139,-0.007280858,0.0,0.0,0.0,0.0,0,85.312
376188000,376188000,0.9999767,0.0012509368,-0.0010451734,-0.0072823293,0.0,0.0,0.0,0.0,0,85.332
376208000,376208000,0.99997663,0.0013433382,-0.000992555,-0.007283876,0.0,0.0,0.0,0.0,0,85.352
376228000,376228000,0.9999766,0.0014303322,-0.0009307546,-0.007285446,0.0,0.0,0.0,0.0,0,85.372
376248000,376248000,0.99997646,0.001516918,-0.00085632707,-0.0072869523,0.0,0.0,0.0,0.0,0,85.392
376268000,376268000,0.9999764,0.0016051613,-0.0007851158,-0.0072882073,0.0,0.0,0.0,0.0,0,85.412
376288000,376288000,0.9999763,0.0016902222,-0.000726133,-0.0072891964,0.0,0.0,0.0,0.0,0,85.432
376308000,376308000,0.99997616,0.0017730179,-0.0006636199,-0.0072900504,0.0,0.0,0.0,0.0,0,85.452
376328000,376328000,0.9999761,0.0018560528,-0.000593453,-0.00729083,0.0,0.0,0.0,0.0,0,85.472
376348000,376348000,0.999976,0.0019388992,-0.0005252822,-0.0072913435,0.0,0.0,0.0,0.0,0,85.492
376368000,376368000,0.9999758,0.002021139,-0.00046452586,-0.0072917338,0.0,0.0,0.0,0.0,0,85.512
376388000,376388000,0.9999757,0.0021044866,-0.0004055056,-0.007292201,0.0,0.0,0.0,0.0,0,85.532
376408000,376408000,0.9999755,0.0021808955,-0.00035011917,-0.0072923955,0.0,0.0,0.0,0.0,0,85.552
376428000,376428000,0.9999754,0.0022472404,-0.00029488184,-0.0072929547,0.0,0.0,0.0,0.0,0,85.572
376448000,376448000,0.99997526,0.0023043565,-0.00023646638,-0.007293759,0.0,0.0,0.0,0.0,0,85.592
376468000,376468000,0.99997514,0.0023579756,-0.00017653176,-0.007294733,0.0,0.0,0.0,0.0,0,85.612
376488000,376488000,0.999975,0.002408157,-0.000118452874,-0.0072958334,0.0,0.0,0.0,0.0,0,85.632
376508000,376508000,0.9999749,0.0024520599,-6.539528e-05,-0.0072974856,0.0,0.0,0.0,0.0,0,85.652
376528000,376528000,0.99997485,0.0024862783,-2.1853835e-05,-0.0072994633,0.0,0.0,0.0,0.0,0,85.672
376548000,376548000,0.9999747,0.0025163197,1.756733e-05,-0.007301538,0.0,0.0,0.0,0.0,0,85.692
376568000,376568000,0.99997467,0.0025436587,4.7882793e-05,-0.0073036943,0.0,0.0,0.0,0.0,0,85.712
376588000,376588000,0.99997455,0.0025644053,7.403549e-05,-0.007306026,0.0,0.0,0.0,0.0,0,85.732
376608000,376608000,0.9999745,0.0025834418,0.000108944194,-0.007308489,0.0,0.0,0.0,0.0,0,85.752
376628000,376628000,0.9999744,0.002604049,0.00015258015,-0.007311258,0.0,0.0,0.0,0.0,0,85.772
376648000,376648000,0.99997437,0.0026160248,0.00018383905,-0.007314677,0.0,0.0,0.0,0.0,0,85.792
376668000,376668000,0.9999743,0.00262011,0.00020058181,-0.007318324,0.0,0.0,0.0,0.0,0,85.812
376688000,376688000,0.9999743,0.0026136376,0.00021532713,-0.007322218,0.0,0.0,0.0,0.0,0,85.832
376708000,376708000,0.9999743,0.0025935965,0.00023260002,-0.007326363,0.0,0.0,0.0,0.0,0,85.852
376728000,376728000,0.99997437,0.0025712245,0.00024734865,-0.0073310095,0.0,0.0,0.0,0.0,0,85.872
376748000,376748000,0.99997437,0.0025488222,0.0002521492,-0.0073358994,0.0,0.0,0.0,0.0,0,85.892
376768000,376768000,0.9999744,0.0025154112,0.00025373427,-0.007341287,0.0,0.0,0.0,0.0,0,85.912
376788000,376788000,0.9999745,0.0024697764,0.000259083,-0.0073469863,0.0,0.0,0.0,0.0,0,85.932
376808000,376808000,0.99997455,0.0024266858,0.00026224527,-0.007353319,0.0,0.0,0.0,0.0,0,85.952
376828000,376828000,0.9999746,0.0023892736,0.00025755193,-0.0073600337,0.0,0.0,0.0,0.0,0,85.972
376848000,376848000,0.99997467,0.0023427873,0.0002500912,-0.0073670186,0.0,0.0,0.0,0.0,0,85.992
376868000,376868000,0.9999747,0.0022887813,0.00024226554,-0.0073741926,0.0,0.0,0.0,0.0,0,86.012
376888000,376888000,0.9999748,0.0022263562,0.00023894227,-0.0073815957,0.0,0.0,0.0,0.0,0,86.032
376908000,376908000,0.9999749,0.002157573,0.00023661618,-0.0073891543,0.0,0.0,0.0,0.0,0,86.052
376928000,376928000,0.999975,0.0020835157,0.00022279029,-0.0073967515,0.0,0.0,0.0,0.0,0,86.072
376948000,376948000,0.9999751,0.0020096984,0.000205914,-0.007404783,0.0,0.0,0.0,0.0,0,86.092
376968000,376968000,0.99997514,0.0019421584,0.00019510968,-0.007413057,0.0,0.0,0.0,0.0,0,86.112
376988000,376988000,0.99997526,0.0018756374,0.00018607157,-0.007421538,0.0,0.0,0.0,0.0,0,86.132
377008000,377008000,0.9999753,0.0018047799,0.00017040837,-0.007430435,0.0,0.0,0.0,0.0,0,86.152
377028000,377028000,0.9999754,0.0017341853,0.00015053118,-0.0074397177,0.0,0.0,0.0,0.0,0,86.172
377048000,377048000,0.9999754,0.0016685855,0.00014352881,-0.0074492274,0.0,0.0,0.0,0.0,0,86.192
377068000,377068000,0.99997544,0.001602723,0.00014653799,-0.0074588754,0.0,0.0,0.0,0.0,0,86.212
377088000,377088000,0.9999755,0.0015365018,0.00013907132,-0.0074684694,0.0,0.0,0.0,0.0,0,86.232
377108000,377108000,0.9999755,0.0014732846,0.00012255383,-0.007478392,0.0,0.0,0.0,0.0,0,86.252
377128000,377128000,0.9999755,0.0014082313,0.00011953582,-0.007488698,0.0,0.0,0.0,0.0,0,86.272
377148000,377148000,0.9999755,0.0013380112,0.00012545477,-0.0074990033,0.0,0.0,0.0,0.0,0,86.292
377168000,377168000,0.99997556,0.0012701361,0.00012955695,-0.007509217,0.0,0.0,0.0,0.0,0,86.312
377188000,377188000,0.99997556,0.0012065998,0.00013300509,-0.0075191534,0.0,0.0,0.0,0.0,0,86.332
377208000,377208000,0.99997556,0.0011497391,0.00013837147,-0.00752838,0.0,0.0,0.0,0.0,0,86.352
377228000,377228000,0.9999755,0.0010999952,0.00014983653,-0.007537325,0.0,0.0,0.0,0.0,0,86.372
377248000,377248000,0.9999755,0.0010532277,0.00016993153,-0.0075462773,0.0,0.0,0.0,0.0,0,86.392
377268000,377268000,0.9999755,0.0010083755,0.00020228681,-0.00755513,0.0,0.0,0.0,0.0,0,86.412
377288000,377288000,0.99997544,0.0009619384,0.0002272126,-0.00756389,0.0,0.0,0.0,0.0,0,86.432
377308000,377308000,0.99997544,0.00091150065,0.00023465742,-0.007572531,0.0,0.0,0.0,0.0,0,86.452
377328000,377328000,0.99997544,0.00085778465,0.0002454205,-0.0075810626,0.0,0.0,0.0,0.0,0,86.472
377348000,377348000,0.9999754,0.00080422504,0.00027063288,-0.00758933,0.0,0.0,0.0,0.0,0,86.492
377368000,377368000,0.9999754,0.00074858894,0.00029799552,-0.0075973924,0.0,0.0,0.0,0.0,0,86.512
377388000,377388000,0.9999753,0.0006862649,0.00032267664,-0.007605034,0.0,0.0,0.0,0.0,0,86.532
377408000,377408000,0.9999753,0.0006159001,0.0003395546,-0.007612492,0.0,0.0,0.0,0.0,0,86.552
377428000,377428000,0.9999753,0.0005440036,0.00035277606,-0.007619825,0.0,0.0,0.0,0.0,0,86.572
377448000,377448000,0.99997526,0.00048663424,0.0003680874,-0.007626719,0.0,0.0,0.0,0.0,0,86.592
377468000,377468000,0.99997526,0.00043784129,0.00038692224,-0.007633427,0.0,0.0,0.0,0.0,0,86.612
377488000,377488000,0.9999752,0.00039113406,0.00040672385,-0.0076400843,0.0,0.0,0.0,0.0,0,86.632
