# sionna2 mesh — typhoonh480__body.obj
# group=body  verts=5360  tris=10708
v -0.059141 -0.014374 -0.118337
v -0.066649 -0.020419 -0.111692
v -0.068295 -0.016605 -0.111692
v -0.053648 -0.023687 -0.118337
v -0.059284 -0.030598 -0.111692
v -0.061949 -0.027359 -0.111692
v -0.057715 -0.017676 -0.118337
v -0.055787 -0.020750 -0.118337
v -0.064421 -0.023968 -0.111692
v -0.059933 -0.010835 -0.118337
v -0.069209 -0.012518 -0.111692
v -0.060452 -0.007237 -0.118337
v -0.069810 -0.008364 -0.111692
v -0.060775 -0.003620 -0.118337
v -0.070183 -0.004186 -0.111692
v -0.060893 0.000010 -0.118337
v -0.070319 0.000005 -0.111692
v -0.082355 -0.004917 -0.098403
v -0.085967 -0.010305 -0.091758
v -0.086427 -0.005161 -0.091758
v -0.086595 0.000001 -0.091758
v -0.082514 0.000001 -0.098403
v -0.061876 -0.036879 -0.105047
v -0.065107 -0.033607 -0.105047
v -0.056342 -0.033577 -0.111692
v -0.058282 -0.039757 -0.105047
v -0.068034 -0.030050 -0.105047
v -0.069562 -0.035907 -0.098403
v -0.066110 -0.039403 -0.098403
v -0.054485 -0.042364 -0.105047
v -0.058213 -0.045264 -0.098403
v -0.062270 -0.042478 -0.098403
v -0.072689 -0.032108 -0.098403
v -0.073001 -0.037683 -0.091758
v -0.076284 -0.033696 -0.091758
v -0.065349 -0.044579 -0.091758
v -0.069378 -0.041352 -0.091758
v -0.061091 -0.047503 -0.091758
v -0.056636 -0.050112 -0.091758
v -0.073197 -0.022429 -0.105047
v -0.075005 -0.018240 -0.105047
v -0.070750 -0.026326 -0.105047
v -0.075591 -0.028129 -0.098403
v -0.078207 -0.023965 -0.098403
v -0.076009 -0.013752 -0.105047
v -0.080138 -0.019489 -0.098403
v -0.076669 -0.009189 -0.105047
v -0.077079 -0.004601 -0.105047
v -0.077229 0.000002 -0.105047
v -0.081210 -0.014694 -0.098403
v -0.081916 -0.009819 -0.098403
v -0.079329 -0.029521 -0.091758
v -0.082075 -0.025151 -0.091758
v -0.084101 -0.020453 -0.091758
v -0.085226 -0.015421 -0.091758
v -0.022947 -0.062268 -0.098403
v -0.019372 -0.067457 -0.091758
v -0.024081 -0.065347 -0.091758
v -0.018460 -0.064278 -0.098403
v -0.013737 -0.065614 -0.098403
v -0.014416 -0.068859 -0.091758
v -0.008320 -0.062197 -0.105047
v -0.003988 -0.066917 -0.098403
v -0.008888 -0.066454 -0.098403
v -0.003734 -0.062631 -0.105047
v 0.000926 -0.066943 -0.098403
v -0.009327 -0.069741 -0.091758
v -0.004185 -0.070226 -0.091758
v 0.000972 -0.070254 -0.091758
v -0.053070 -0.036197 -0.111692
v -0.048792 -0.029071 -0.118337
v -0.045960 -0.031341 -0.118337
v -0.049613 -0.038572 -0.111692
v -0.042967 -0.033398 -0.118337
v -0.039834 -0.035233 -0.118337
v -0.045995 -0.040691 -0.111692
v -0.042260 -0.042599 -0.111692
v -0.030077 -0.026619 -0.125203
v -0.036600 -0.036886 -0.118337
v -0.027634 -0.027868 -0.125203
v -0.033334 -0.038474 -0.118337
v -0.025167 -0.029067 -0.125203
v -0.029967 -0.039832 -0.118337
v -0.038488 -0.044432 -0.111692
v -0.034600 -0.046002 -0.111692
v -0.026513 -0.040944 -0.118337
v -0.030612 -0.047286 -0.111692
v -0.043588 -0.013365 -0.125203
v -0.042130 -0.015686 -0.125203
v -0.051340 -0.026492 -0.118337
v -0.040515 -0.017905 -0.125203
v -0.038772 -0.020023 -0.125203
v -0.045271 -0.008201 -0.125203
v -0.044671 -0.010873 -0.125203
v -0.045663 -0.005483 -0.125203
v -0.045908 -0.002751 -0.125203
v -0.045998 -0.000010 -0.125203
v -0.036845 -0.021969 -0.125203
v -0.034704 -0.023682 -0.125203
v -0.032444 -0.025235 -0.125203
v -0.020969 -0.010892 -0.131227
v -0.018756 -0.012866 -0.131227
v -0.019920 -0.011942 -0.131227
v -0.024187 -0.005943 -0.131227
v -0.023587 -0.007289 -0.131227
v -0.022792 -0.008544 -0.131227
v -0.021916 -0.009745 -0.131227
v -0.024917 -0.000056 -0.131227
v -0.024866 -0.001541 -0.131227
v -0.024520 -0.004497 -0.131227
v -0.024731 -0.003022 -0.131227
v -0.022623 -0.030090 -0.125203
v -0.020013 -0.030927 -0.125203
v -0.017497 -0.031914 -0.125203
v -0.023177 -0.042243 -0.118337
v -0.015180 -0.033369 -0.125203
v -0.020108 -0.044162 -0.118337
v -0.012786 -0.034713 -0.125203
v -0.016942 -0.045947 -0.118337
v -0.010284 -0.035831 -0.125203
v -0.013630 -0.047431 -0.118337
v -0.007651 -0.036572 -0.125203
v -0.010146 -0.048416 -0.118337
v -0.004949 -0.037041 -0.125203
v -0.006568 -0.049039 -0.118337
v -0.002218 -0.037300 -0.125203
v -0.002952 -0.049382 -0.118337
v 0.000521 -0.037312 -0.125203
v 0.000674 -0.049401 -0.118337
v -0.015735 -0.054776 -0.111692
v -0.019559 -0.053063 -0.111692
v -0.023214 -0.050999 -0.111692
v -0.026758 -0.048782 -0.111692
v -0.011711 -0.055915 -0.111692
v -0.007578 -0.056632 -0.111692
v -0.003403 -0.057027 -0.111692
v 0.000785 -0.057049 -0.111692
v -0.017529 -0.013705 -0.131227
v -0.016243 -0.014450 -0.131227
v -0.014919 -0.015127 -0.131227
v -0.013582 -0.015776 -0.131227
v -0.012199 -0.016322 -0.131227
v -0.010782 -0.016767 -0.131227
v 0.000288 0.000000 -0.132290
v -0.006874 -0.018841 -0.131227
v -0.005515 -0.019439 -0.131227
v -0.009427 -0.017319 -0.131227
v -0.008173 -0.018115 -0.131227
v -0.004085 -0.019833 -0.131227
v -0.002620 -0.020084 -0.131227
v -0.001139 -0.020222 -0.131227
v 0.000346 -0.020221 -0.131227
v -0.046409 -0.046786 -0.105047
v -0.042267 -0.048800 -0.105047
v -0.045158 -0.052140 -0.098403
v -0.050512 -0.044691 -0.105047
v -0.053968 -0.047750 -0.098403
v -0.049585 -0.049989 -0.098403
v -0.033617 -0.051935 -0.105047
v -0.037997 -0.050523 -0.105047
v -0.029383 -0.053576 -0.105047
v -0.040597 -0.053982 -0.098403
v -0.035916 -0.055490 -0.098403
v -0.031393 -0.057242 -0.098403
v -0.052036 -0.052461 -0.091758
v -0.047391 -0.054718 -0.091758
v -0.042604 -0.056652 -0.091758
v -0.027234 -0.059843 -0.098403
v -0.037692 -0.058234 -0.091758
v -0.032945 -0.060072 -0.091758
v -0.028580 -0.062802 -0.091758
v -0.025491 -0.056010 -0.105047
v -0.021478 -0.058279 -0.105047
v -0.017278 -0.060160 -0.105047
v -0.012858 -0.061410 -0.105047
v 0.000866 -0.062655 -0.105047
v -0.087143 -0.021193 -0.085114
v -0.085044 -0.026061 -0.085114
v -0.088309 -0.015979 -0.085114
v -0.087278 -0.026746 -0.078469
v -0.089432 -0.021750 -0.078469
v -0.089077 -0.010678 -0.085114
v -0.089554 -0.005348 -0.085114
v -0.089728 0.000000 -0.085114
v -0.090628 -0.016399 -0.078469
v -0.091417 -0.010959 -0.078469
v -0.091906 -0.005488 -0.078469
v -0.084359 -0.031393 -0.078469
v -0.088895 -0.027241 -0.071825
v -0.085922 -0.031975 -0.071825
v -0.091089 -0.022153 -0.071825
v -0.092307 -0.016702 -0.071825
v -0.092085 0.000000 -0.078469
v -0.093111 -0.011162 -0.071825
v -0.093609 -0.005590 -0.071825
v -0.093791 0.000000 -0.071825
v -0.079043 -0.034915 -0.085114
v -0.071888 -0.042849 -0.085114
v -0.075642 -0.039047 -0.085114
v -0.082199 -0.030589 -0.085114
v -0.081119 -0.035833 -0.078469
v -0.073777 -0.043974 -0.078469
v -0.077629 -0.040073 -0.078469
v -0.058685 -0.051925 -0.085114
v -0.063301 -0.049221 -0.085114
v -0.067713 -0.046192 -0.085114
v -0.064964 -0.050515 -0.078469
v -0.060226 -0.053289 -0.078469
v -0.069492 -0.047406 -0.078469
v -0.082622 -0.036497 -0.071825
v -0.079067 -0.040815 -0.071825
v -0.075144 -0.044789 -0.071825
v -0.070780 -0.048285 -0.071825
v -0.055335 -0.055787 -0.078469
v -0.066168 -0.051451 -0.071825
v -0.061342 -0.054277 -0.071825
v -0.056360 -0.056820 -0.071825
v -0.083639 -0.036946 -0.065180
v -0.086979 -0.032368 -0.065180
v -0.084245 -0.037213 -0.058535
v -0.087609 -0.032603 -0.058535
v -0.084519 -0.037334 -0.051891
v -0.087895 -0.032709 -0.051891
v -0.092210 -0.022426 -0.065180
v -0.093443 -0.016908 -0.065180
v -0.089989 -0.027577 -0.065180
v -0.092878 -0.022588 -0.058535
v -0.090642 -0.027776 -0.058535
v -0.094256 -0.011299 -0.065180
v -0.094761 -0.005659 -0.065180
v -0.094945 0.000000 -0.065180
v -0.094120 -0.017030 -0.058535
v -0.094939 -0.011381 -0.058535
v -0.095448 -0.005700 -0.058535
v -0.090937 -0.027867 -0.051891
v -0.093180 -0.022662 -0.051891
v -0.094426 -0.017086 -0.051891
v -0.095633 0.000000 -0.058535
v -0.095248 -0.011418 -0.051891
v -0.095758 -0.005718 -0.051891
v -0.095944 0.000000 -0.051891
v -0.076068 -0.045340 -0.065180
v -0.080040 -0.041317 -0.065180
v -0.071651 -0.048879 -0.065180
v -0.080620 -0.041617 -0.058535
v -0.076619 -0.045669 -0.058535
v -0.072170 -0.049233 -0.058535
v -0.066982 -0.052084 -0.065180
v -0.062097 -0.054945 -0.065180
v -0.057053 -0.057520 -0.065180
v -0.067467 -0.052461 -0.058535
v -0.062547 -0.055343 -0.058535
v -0.057467 -0.057936 -0.058535
v -0.067687 -0.052632 -0.051891
v -0.072405 -0.049393 -0.051891
v -0.076869 -0.045817 -0.051891
v -0.080882 -0.041752 -0.051891
v -0.062751 -0.055523 -0.051891
v -0.057654 -0.058125 -0.051891
v -0.034136 -0.062245 -0.085114
v -0.029614 -0.065074 -0.085114
v -0.030391 -0.066783 -0.078469
v -0.025608 -0.069490 -0.078469
v -0.035032 -0.063880 -0.078469
v -0.030954 -0.068020 -0.071825
v -0.035681 -0.065064 -0.071825
v -0.026082 -0.070777 -0.071825
v -0.024952 -0.067711 -0.085114
v -0.020073 -0.069897 -0.085114
v -0.014938 -0.071350 -0.085114
v -0.020600 -0.071733 -0.078469
v -0.015330 -0.073225 -0.078469
v -0.009665 -0.072264 -0.085114
v -0.004336 -0.072767 -0.085114
v 0.001008 -0.072795 -0.085114
v -0.009918 -0.074162 -0.078469
v -0.004450 -0.074679 -0.078469
v 0.001034 -0.074708 -0.078469
v -0.020982 -0.073063 -0.071825
v -0.015614 -0.074582 -0.071825
v -0.010102 -0.075536 -0.071825
v -0.004532 -0.076062 -0.071825
v 0.001054 -0.076092 -0.071825
v -0.040824 -0.063075 -0.071825
v -0.036120 -0.065864 -0.065180
v -0.031335 -0.068856 -0.065180
v -0.026403 -0.071648 -0.065180
v -0.041327 -0.063851 -0.065180
v -0.036382 -0.066341 -0.058535
v -0.031562 -0.069355 -0.058535
v -0.041626 -0.064314 -0.058535
v -0.026594 -0.072167 -0.058535
v -0.036500 -0.066557 -0.051891
v -0.041762 -0.064523 -0.051891
v -0.031664 -0.069581 -0.051891
v -0.026681 -0.072402 -0.051891
v -0.021240 -0.073962 -0.065180
v -0.015806 -0.075499 -0.065180
v -0.021394 -0.074498 -0.058535
v -0.015921 -0.076046 -0.058535
v -0.010226 -0.076466 -0.065180
v -0.004588 -0.076998 -0.065180
v 0.001067 -0.077028 -0.065180
v -0.010301 -0.077020 -0.058535
v -0.004621 -0.077556 -0.058535
v 0.001074 -0.077586 -0.058535
v -0.021463 -0.074740 -0.051891
v -0.015973 -0.076294 -0.051891
v -0.010334 -0.077270 -0.051891
v -0.004636 -0.077808 -0.051891
v 0.001078 -0.077839 -0.051891
v -0.053918 -0.054359 -0.085114
v -0.049105 -0.056698 -0.085114
v -0.044145 -0.058702 -0.085114
v -0.050395 -0.058187 -0.078469
v -0.045305 -0.060244 -0.078469
v -0.039056 -0.060342 -0.085114
v -0.040082 -0.061927 -0.078469
v -0.051329 -0.059265 -0.071825
v -0.046144 -0.061360 -0.071825
v -0.051960 -0.059994 -0.065180
v -0.046712 -0.062115 -0.065180
v -0.052337 -0.060429 -0.058535
v -0.047050 -0.062565 -0.058535
v -0.052507 -0.060625 -0.051891
v -0.047204 -0.062769 -0.051891
v -0.084581 -0.037363 -0.045246
v -0.087959 -0.032734 -0.045246
v -0.084527 -0.037342 -0.038602
v -0.087211 -0.033681 -0.039820
v -0.087917 -0.032720 -0.040236
v -0.085143 -0.036498 -0.038602
v -0.084694 -0.037056 -0.038254
v -0.087282 -0.032490 -0.031957
v -0.087585 -0.032600 -0.035199
v -0.086716 -0.033590 -0.033958
v -0.086134 -0.034332 -0.033623
v -0.084292 -0.036685 -0.032563
v -0.083929 -0.037083 -0.031957
v -0.091003 -0.027888 -0.045246
v -0.093248 -0.022679 -0.045246
v -0.094495 -0.017099 -0.045246
v -0.093190 -0.022668 -0.038602
v -0.088755 -0.031389 -0.040428
v -0.089911 -0.029554 -0.040693
v -0.090946 -0.027873 -0.038602
v -0.095318 -0.011427 -0.045246
v -0.095829 -0.005724 -0.045246
v -0.096014 -0.000001 -0.045246
v -0.095259 -0.011423 -0.038602
v -0.094437 -0.017091 -0.038602
v -0.095770 -0.005723 -0.038602
v -0.092532 -0.022513 -0.031957
v -0.089408 -0.030322 -0.038602
v -0.089073 -0.030656 -0.037515
v -0.088766 -0.031057 -0.037037
v -0.090303 -0.027682 -0.031957
v -0.093771 -0.016976 -0.031957
v -0.094589 -0.011348 -0.031957
v -0.095956 -0.000003 -0.038602
v -0.095096 -0.005688 -0.031957
v -0.095281 -0.000009 -0.031957
v -0.067736 -0.052671 -0.045246
v -0.072457 -0.049430 -0.045246
v -0.076925 -0.045852 -0.045246
v -0.080941 -0.041783 -0.045246
v -0.076875 -0.045825 -0.038602
v -0.080890 -0.041760 -0.038602
v -0.072411 -0.049401 -0.038602
v -0.062796 -0.055564 -0.045246
v -0.057695 -0.058168 -0.045246
v -0.067692 -0.052640 -0.038602
v -0.062755 -0.055532 -0.038602
v -0.057657 -0.058134 -0.038602
v -0.080473 -0.041548 -0.033765
v -0.082682 -0.039219 -0.036148
v -0.076331 -0.045506 -0.031957
v -0.084481 -0.037322 -0.038088
v -0.083599 -0.038252 -0.037136
v -0.071897 -0.049057 -0.031957
v -0.080309 -0.041683 -0.033528
v -0.079284 -0.042527 -0.032045
v -0.080317 -0.041469 -0.031957
v -0.080448 -0.041319 -0.032017
v -0.080356 -0.041431 -0.032019
v -0.080322 -0.041472 -0.032019
v -0.080267 -0.041528 -0.032021
v -0.083967 -0.037099 -0.032376
v -0.083752 -0.037343 -0.032262
v -0.083231 -0.037971 -0.032224
v -0.067211 -0.052272 -0.031957
v -0.062309 -0.055144 -0.031957
v -0.057247 -0.057727 -0.031957
v -0.089379 -0.021730 -0.025313
v -0.087230 -0.026724 -0.025313
v -0.084313 -0.031369 -0.025313
v -0.090573 -0.016381 -0.025313
v -0.080443 -0.024740 -0.018446
v -0.082437 -0.020138 -0.018446
v -0.091363 -0.010945 -0.025313
v -0.091852 -0.005479 -0.025313
v -0.092030 0.000007 -0.025313
v -0.083554 -0.015209 -0.018446
v -0.084292 -0.010197 -0.018446
v -0.084749 -0.005154 -0.018446
v -0.084919 -0.000093 -0.018446
v -0.081075 -0.035806 -0.025313
v -0.077586 -0.040043 -0.025313
v -0.073738 -0.043943 -0.025313
v -0.069456 -0.047374 -0.025313
v -0.074751 -0.033110 -0.018446
v -0.067969 -0.040604 -0.018446
v -0.071526 -0.037013 -0.018446
v -0.064931 -0.050481 -0.025313
v -0.060197 -0.053255 -0.025313
v -0.055308 -0.055750 -0.025313
v -0.055465 -0.049178 -0.018446
v -0.064014 -0.043763 -0.018446
v -0.059835 -0.046623 -0.018446
v -0.063136 -0.032459 -0.012422
v -0.060018 -0.035643 -0.012422
v -0.056548 -0.038444 -0.012422
v -0.052872 -0.040976 -0.012422
v -0.077744 -0.029021 -0.018446
v -0.070958 -0.021618 -0.012422
v -0.072669 -0.017543 -0.012422
v -0.068600 -0.025402 -0.012422
v -0.065968 -0.029011 -0.012422
v -0.073628 -0.013191 -0.012422
v -0.074662 -0.004328 -0.012422
v -0.074271 -0.008774 -0.012422
v -0.074798 0.000132 -0.012422
v -0.036526 -0.066606 -0.045246
v -0.041791 -0.064571 -0.045246
v -0.031687 -0.069632 -0.045246
v -0.026700 -0.072456 -0.045246
v -0.036502 -0.066567 -0.038602
v -0.031665 -0.069591 -0.038602
v -0.026681 -0.072412 -0.038602
v -0.041764 -0.064533 -0.038602
v -0.036241 -0.066102 -0.031957
v -0.031437 -0.069104 -0.031957
v -0.026488 -0.071905 -0.031957
v -0.041466 -0.064083 -0.031957
v -0.021478 -0.074795 -0.045246
v -0.015984 -0.076350 -0.045246
v -0.021462 -0.074750 -0.038602
v -0.015971 -0.076304 -0.038602
v -0.010341 -0.077327 -0.045246
v -0.004639 -0.077866 -0.045246
v 0.001079 -0.077896 -0.045246
v -0.010332 -0.077280 -0.038602
v -0.004633 -0.077818 -0.038602
v 0.001081 -0.077848 -0.038602
v -0.021306 -0.074225 -0.031957
v -0.015853 -0.075768 -0.031957
v -0.010254 -0.076737 -0.031957
v -0.004595 -0.077270 -0.031957
v 0.001079 -0.077300 -0.031957
v -0.035017 -0.063840 -0.025313
v -0.030377 -0.066737 -0.025313
v -0.025598 -0.069444 -0.025313
v -0.020594 -0.071688 -0.025313
v -0.015328 -0.073180 -0.025313
v -0.023542 -0.064107 -0.018446
v -0.018921 -0.066165 -0.018446
v -0.014060 -0.067532 -0.018446
v -0.009919 -0.074117 -0.025313
v -0.004454 -0.074633 -0.025313
v 0.001027 -0.074663 -0.025313
v -0.009069 -0.068388 -0.018446
v 0.001029 -0.068872 -0.018446
v -0.004027 -0.068854 -0.018446
v -0.008161 -0.060246 -0.012422
v -0.003718 -0.060671 -0.012422
v 0.000738 -0.060711 -0.012422
v -0.052545 -0.060670 -0.045246
v -0.047237 -0.062816 -0.045246
v -0.052510 -0.060634 -0.038602
v -0.047206 -0.062778 -0.038602
v -0.052136 -0.060210 -0.031957
v -0.046869 -0.062339 -0.031957
v -0.050371 -0.058149 -0.025313
v -0.045285 -0.060207 -0.025313
v -0.040066 -0.061893 -0.025313
v -0.050953 -0.051477 -0.018446
v -0.046396 -0.053684 -0.018446
v -0.041702 -0.055579 -0.018446
v -0.036890 -0.057140 -0.018446
v -0.032237 -0.058946 -0.018446
v -0.027955 -0.061617 -0.018446
v -0.045055 -0.045274 -0.012422
v -0.041040 -0.047224 -0.012422
v -0.049029 -0.043243 -0.012422
v -0.036913 -0.048916 -0.012422
v -0.032676 -0.050306 -0.012422
v -0.024769 -0.054181 -0.012422
v -0.028555 -0.051858 -0.012422
v 0.001010 -0.000000 -0.011359
v -0.020894 -0.056401 -0.012422
v -0.016831 -0.058238 -0.012422
v -0.012557 -0.059475 -0.012422
v -0.060774 0.003639 -0.118337
v -0.070183 0.004196 -0.111692
v -0.060450 0.007256 -0.118337
v -0.069809 0.008374 -0.111692
v -0.059924 0.010852 -0.118337
v -0.069203 0.012527 -0.111692
v -0.059132 0.014390 -0.118337
v -0.068290 0.016613 -0.111692
v -0.057711 0.017695 -0.118337
v -0.066648 0.020429 -0.111692
v -0.055780 0.020768 -0.118337
v -0.064418 0.023977 -0.111692
v -0.053635 0.023702 -0.118337
v -0.061942 0.027367 -0.111692
v -0.051325 0.026504 -0.118337
v -0.059276 0.030604 -0.111692
v -0.082355 0.004919 -0.098403
v -0.086427 0.005162 -0.091758
v -0.077079 0.004605 -0.105047
v -0.076669 0.009193 -0.105047
v -0.076005 0.013755 -0.105047
v -0.081916 0.009821 -0.098403
v -0.081207 0.014695 -0.098403
v -0.075002 0.018243 -0.105047
v -0.073198 0.022433 -0.105047
v -0.080136 0.019490 -0.098403
v -0.078208 0.023968 -0.098403
v -0.070749 0.026331 -0.105047
v -0.075592 0.028132 -0.098403
v -0.068031 0.030053 -0.105047
v -0.065103 0.033609 -0.105047
v -0.072688 0.032109 -0.098403
v -0.085967 0.010306 -0.091758
v -0.085224 0.015421 -0.091758
v -0.084099 0.020454 -0.091758
v -0.082075 0.025152 -0.091758
v -0.079330 0.029522 -0.091758
v -0.076283 0.033697 -0.091758
v -0.056335 0.033584 -0.111692
v -0.061873 0.036882 -0.105047
v -0.053063 0.036204 -0.111692
v -0.058280 0.039760 -0.105047
v -0.069559 0.035908 -0.098403
v -0.066108 0.039405 -0.098403
v -0.062269 0.042480 -0.098403
v -0.054482 0.042366 -0.105047
v -0.073000 0.037684 -0.091758
v -0.058211 0.045265 -0.098403
v -0.069378 0.041353 -0.091758
v -0.065349 0.044581 -0.091758
v -0.061090 0.047504 -0.091758
v -0.053966 0.047752 -0.098403
v -0.056635 0.050113 -0.091758
v -0.045909 0.002732 -0.125203
v -0.045665 0.005464 -0.125203
v -0.045267 0.008179 -0.125203
v -0.044672 0.010852 -0.125203
v -0.043604 0.013350 -0.125203
v -0.042147 0.015672 -0.125203
v -0.040526 0.017888 -0.125203
v -0.038783 0.020005 -0.125203
v -0.024873 0.001430 -0.131227
v -0.024743 0.002911 -0.131227
v -0.024530 0.004383 -0.131227
v -0.024215 0.005834 -0.131227
v -0.023650 0.007194 -0.131227
v -0.022862 0.008454 -0.131227
v -0.021983 0.009656 -0.131227
v -0.036861 0.021957 -0.125203
v -0.048779 0.029085 -0.118337
v -0.034722 0.023672 -0.125203
v -0.045946 0.031354 -0.118337
v -0.032460 0.025224 -0.125203
v -0.021040 0.010805 -0.131227
v -0.020004 0.011868 -0.131227
v -0.018848 0.012802 -0.131227
v -0.017623 0.013645 -0.131227
v -0.042950 0.033409 -0.118337
v -0.030095 0.026613 -0.125203
v -0.039818 0.035244 -0.118337
v -0.027651 0.027858 -0.125203
v -0.036582 0.036894 -0.118337
v -0.025184 0.029056 -0.125203
v -0.049605 0.038577 -0.111692
v -0.045987 0.040697 -0.111692
v -0.033315 0.038480 -0.118337
v -0.029951 0.039843 -0.118337
v -0.022644 0.030089 -0.125203
v -0.042251 0.042603 -0.111692
v -0.038478 0.044435 -0.111692
v -0.034592 0.046008 -0.111692
v -0.026499 0.040962 -0.118337
v -0.030605 0.047297 -0.111692
v -0.016343 0.014401 -0.131227
v -0.015019 0.015077 -0.131227
v -0.013681 0.015726 -0.131227
v -0.012308 0.016293 -0.131227
v -0.010895 0.016754 -0.131227
v -0.020038 0.030937 -0.125203
v -0.009519 0.017262 -0.131227
v -0.017510 0.031900 -0.125203
v -0.008258 0.018035 -0.131227
v -0.006972 0.018784 -0.131227
v -0.005620 0.019400 -0.131227
v -0.004196 0.019815 -0.131227
v -0.002731 0.020070 -0.131227
v -0.001251 0.020212 -0.131227
v 0.000234 0.020228 -0.131227
v -0.015189 0.033343 -0.125203
v -0.012803 0.034700 -0.125203
v -0.010303 0.035823 -0.125203
v -0.007672 0.036572 -0.125203
v -0.004969 0.037039 -0.125203
v -0.002238 0.037296 -0.125203
v 0.000501 0.037313 -0.125203
v -0.023157 0.042248 -0.118337
v -0.020085 0.044161 -0.118337
v -0.016923 0.045953 -0.118337
v -0.013612 0.047436 -0.118337
v -0.010128 0.048424 -0.118337
v -0.006549 0.049042 -0.118337
v -0.002933 0.049381 -0.118337
v -0.026747 0.048784 -0.111692
v -0.023201 0.050996 -0.111692
v -0.019550 0.053065 -0.111692
v -0.015726 0.054779 -0.111692
v 0.000694 0.049400 -0.118337
v -0.011702 0.055919 -0.111692
v -0.007569 0.056633 -0.111692
v -0.003393 0.057026 -0.111692
v 0.000795 0.057049 -0.111692
v -0.050509 0.044694 -0.105047
v -0.046406 0.046788 -0.105047
v -0.049583 0.049989 -0.098403
v -0.042263 0.048800 -0.105047
v -0.037994 0.050527 -0.105047
v -0.033615 0.051942 -0.105047
v -0.029378 0.053575 -0.105047
v -0.045156 0.052140 -0.098403
v -0.040595 0.053984 -0.098403
v -0.035916 0.055495 -0.098403
v -0.031390 0.057241 -0.098403
v -0.025485 0.056007 -0.105047
v -0.052035 0.052461 -0.091758
v -0.047389 0.054718 -0.091758
v -0.042603 0.056654 -0.091758
v -0.037692 0.058238 -0.091758
v -0.032943 0.060072 -0.091758
v -0.027230 0.059840 -0.098403
v -0.028577 0.062799 -0.091758
v -0.021474 0.058279 -0.105047
v -0.017274 0.060161 -0.105047
v -0.022945 0.062267 -0.098403
v -0.018458 0.064278 -0.098403
v -0.012855 0.061413 -0.105047
v -0.008316 0.062198 -0.105047
v -0.003730 0.062630 -0.105047
v 0.000870 0.062655 -0.105047
v -0.013736 0.065615 -0.098403
v -0.008886 0.066455 -0.098403
v -0.003986 0.066917 -0.098403
v -0.024080 0.065347 -0.091758
v -0.019371 0.067457 -0.091758
v -0.014415 0.068860 -0.091758
v 0.000928 0.066943 -0.098403
v -0.009326 0.069741 -0.091758
v -0.004184 0.070226 -0.091758
v 0.000974 0.070254 -0.091758
v -0.089554 0.005349 -0.085114
v -0.089077 0.010679 -0.085114
v -0.088307 0.015979 -0.085114
v -0.091906 0.005489 -0.078469
v -0.091417 0.010959 -0.078469
v -0.087142 0.021194 -0.085114
v -0.090627 0.016399 -0.078469
v -0.089431 0.021751 -0.078469
v -0.085045 0.026062 -0.085114
v -0.087279 0.026747 -0.078469
v -0.082200 0.030590 -0.085114
v -0.093609 0.005591 -0.071825
v -0.093111 0.011162 -0.071825
v -0.092307 0.016703 -0.071825
v -0.091088 0.022154 -0.071825
v -0.088896 0.027242 -0.071825
v -0.084359 0.031394 -0.078469
v -0.085922 0.031975 -0.071825
v -0.079042 0.034916 -0.085114
v -0.075641 0.039047 -0.085114
v -0.071888 0.042849 -0.085114
v -0.081119 0.035833 -0.078469
v -0.077628 0.040073 -0.078469
v -0.073776 0.043975 -0.078469
v -0.067713 0.046193 -0.085114
v -0.063300 0.049222 -0.085114
v -0.069492 0.047407 -0.078469
v -0.058684 0.051926 -0.085114
v -0.064963 0.050515 -0.078469
v -0.060226 0.053290 -0.078469
v -0.053918 0.054359 -0.085114
v -0.082622 0.036497 -0.071825
v -0.079067 0.040815 -0.071825
v -0.075143 0.044790 -0.071825
v -0.070779 0.048285 -0.071825
v -0.066167 0.051451 -0.071825
v -0.061342 0.054277 -0.071825
v -0.055334 0.055787 -0.078469
v -0.056359 0.056821 -0.071825
v -0.094761 0.005660 -0.065180
v -0.094256 0.011300 -0.065180
v -0.093442 0.016908 -0.065180
v -0.095448 0.005701 -0.058535
v -0.094939 0.011381 -0.058535
v -0.092209 0.022426 -0.065180
v -0.089990 0.027577 -0.065180
v -0.086979 0.032369 -0.065180
v -0.094120 0.017031 -0.058535
v -0.092878 0.022589 -0.058535
v -0.090641 0.027777 -0.058535
v -0.095758 0.005719 -0.051891
v -0.095248 0.011419 -0.051891
v -0.094426 0.017086 -0.051891
v -0.087609 0.032603 -0.058535
v -0.093180 0.022662 -0.051891
v -0.090936 0.027868 -0.051891
v -0.087894 0.032709 -0.051891
v -0.083639 0.036946 -0.065180
v -0.084245 0.037214 -0.058535
v -0.084519 0.037335 -0.051891
v -0.080039 0.041318 -0.065180
v -0.076068 0.045341 -0.065180
v -0.071650 0.048879 -0.065180
v -0.080619 0.041617 -0.058535
v -0.076619 0.045669 -0.058535
v -0.066981 0.052084 -0.065180
v -0.062097 0.054945 -0.065180
v -0.057053 0.057520 -0.065180
v -0.072169 0.049233 -0.058535
v -0.067467 0.052461 -0.058535
v -0.062547 0.055343 -0.058535
v -0.080882 0.041752 -0.051891
v -0.076868 0.045818 -0.051891
v -0.072404 0.049393 -0.051891
v -0.057466 0.057937 -0.058535
v -0.067686 0.052632 -0.051891
v -0.062750 0.055523 -0.051891
v -0.057653 0.058125 -0.051891
v -0.049104 0.056697 -0.085114
v -0.044145 0.058703 -0.085114
v -0.050394 0.058187 -0.078469
v -0.045304 0.060245 -0.078469
v -0.039056 0.060345 -0.085114
v -0.034135 0.062245 -0.085114
v -0.029612 0.065072 -0.085114
v -0.040082 0.061929 -0.078469
v -0.035031 0.063880 -0.078469
v -0.051328 0.059265 -0.071825
v -0.046144 0.061361 -0.071825
v -0.040824 0.063076 -0.071825
v -0.035681 0.065064 -0.071825
v -0.051960 0.059994 -0.065180
v -0.046711 0.062116 -0.065180
v -0.041326 0.063852 -0.065180
v -0.052336 0.060429 -0.058535
v -0.047050 0.062566 -0.058535
v -0.041626 0.064315 -0.058535
v -0.052506 0.060626 -0.051891
v -0.047203 0.062769 -0.051891
v -0.041761 0.064524 -0.051891
v -0.030390 0.066781 -0.078469
v -0.024951 0.067711 -0.085114
v -0.030953 0.068019 -0.071825
v -0.025607 0.069490 -0.078469
v -0.020072 0.069897 -0.085114
v -0.014937 0.071351 -0.085114
v -0.020599 0.071734 -0.078469
v -0.009664 0.072264 -0.085114
v -0.004335 0.072767 -0.085114
v 0.001009 0.072795 -0.085114
v -0.015330 0.073225 -0.078469
v -0.009918 0.074162 -0.078469
v -0.004449 0.074678 -0.078469
v -0.026081 0.070777 -0.071825
v -0.020981 0.073063 -0.071825
v -0.015614 0.074582 -0.071825
v 0.001035 0.074708 -0.078469
v -0.010102 0.075537 -0.071825
v -0.004532 0.076062 -0.071825
v 0.001054 0.076092 -0.071825
v -0.036120 0.065864 -0.065180
v -0.031334 0.068856 -0.065180
v -0.036381 0.066341 -0.058535
v -0.031561 0.069355 -0.058535
v -0.026402 0.071648 -0.065180
v -0.036500 0.066557 -0.051891
v -0.031664 0.069581 -0.051891
v -0.026594 0.072167 -0.058535
v -0.026680 0.072402 -0.051891
v -0.021239 0.073962 -0.065180
v -0.015806 0.075500 -0.065180
v -0.021393 0.074498 -0.058535
v -0.010226 0.076466 -0.065180
v -0.004587 0.076998 -0.065180
v 0.001067 0.077028 -0.065180
v -0.015920 0.076047 -0.058535
v -0.010300 0.077020 -0.058535
v -0.004621 0.077556 -0.058535
v -0.021463 0.074740 -0.051891
v -0.015972 0.076294 -0.051891
v 0.001075 0.077586 -0.058535
v -0.010333 0.077271 -0.051891
v -0.004635 0.077808 -0.051891
v 0.001078 0.077839 -0.051891
v -0.095829 0.005722 -0.045246
v -0.095318 0.011426 -0.045246
v -0.094496 0.017098 -0.045246
v -0.095770 0.005716 -0.038602
v -0.095260 0.011416 -0.038602
v -0.093249 0.022678 -0.045246
v -0.091004 0.027887 -0.045246
v -0.087959 0.032732 -0.045246
v -0.094438 0.017085 -0.038602
v -0.093192 0.022662 -0.038602
v -0.090949 0.027867 -0.038602
v -0.089998 0.029414 -0.040712
v -0.088246 0.032198 -0.040311
v -0.095097 0.005671 -0.031957
v -0.094591 0.011331 -0.031957
v -0.093775 0.016959 -0.031957
v -0.092538 0.022497 -0.031957
v -0.089731 0.029815 -0.039175
v -0.089672 0.029903 -0.038836
v -0.089565 0.030070 -0.038602
v -0.088581 0.031295 -0.036737
v -0.090311 0.027666 -0.031957
v -0.087933 0.032102 -0.035508
v -0.087565 0.032561 -0.034809
v -0.087555 0.032576 -0.034800
v -0.087291 0.032475 -0.031957
v -0.084582 0.037362 -0.045246
v -0.087278 0.033590 -0.039859
v -0.087920 0.032716 -0.040237
v -0.085370 0.036189 -0.038736
v -0.085142 0.036499 -0.038602
v -0.084531 0.037337 -0.038602
v -0.084680 0.037074 -0.038243
v -0.086466 0.033929 -0.033944
v -0.085258 0.035431 -0.032993
v -0.084696 0.036129 -0.032551
v -0.083940 0.037070 -0.031957
v -0.080942 0.041782 -0.045246
v -0.076925 0.045851 -0.045246
v -0.072458 0.049429 -0.045246
v -0.080894 0.041755 -0.038602
v -0.076880 0.045821 -0.038602
v -0.072416 0.049397 -0.038602
v -0.067737 0.052670 -0.045246
v -0.062797 0.055564 -0.045246
v -0.057696 0.058167 -0.045246
v -0.067697 0.052636 -0.038602
v -0.062761 0.055528 -0.038602
v -0.084486 0.037316 -0.038093
v -0.083302 0.038566 -0.036816
v -0.082238 0.039688 -0.035670
v -0.081114 0.040874 -0.034459
v -0.080484 0.041539 -0.033781
v -0.076343 0.045495 -0.031957
v -0.083981 0.037088 -0.032418
v -0.083747 0.037367 -0.032379
v -0.081827 0.039652 -0.032060
v -0.081457 0.040092 -0.031999
v -0.080329 0.041457 -0.031957
v -0.079855 0.042057 -0.032871
v -0.079284 0.042527 -0.032045
v -0.080334 0.041460 -0.032019
v -0.080296 0.041498 -0.032020
v -0.071911 0.049046 -0.031957
v -0.067226 0.052263 -0.031957
v -0.062324 0.055135 -0.031957
v -0.057664 0.058131 -0.038602
v -0.057263 0.057719 -0.031957
v -0.091851 0.005492 -0.025313
v -0.091362 0.010959 -0.025313
v -0.090573 0.016396 -0.025313
v -0.084760 0.004968 -0.018446
v -0.084314 0.010011 -0.018446
v -0.089376 0.021744 -0.025313
v -0.087221 0.026736 -0.025313
v -0.084304 0.031380 -0.025313
v -0.083593 0.015028 -0.018446
v -0.082497 0.019964 -0.018446
v -0.080523 0.024575 -0.018446
v -0.077845 0.028865 -0.018446
v -0.081067 0.035817 -0.025313
v -0.074645 0.004593 -0.012422
v -0.074241 0.009037 -0.012422
v -0.073598 0.013459 -0.012422
v -0.072600 0.017799 -0.012422
v -0.070817 0.021845 -0.012422
v -0.068439 0.025616 -0.012422
v -0.074866 0.032963 -0.018446
v -0.065808 0.029223 -0.012422
v -0.077578 0.040054 -0.025313
v -0.073727 0.043953 -0.025313
v -0.069445 0.047382 -0.025313
v -0.071653 0.036877 -0.018446
v -0.068106 0.040479 -0.018446
v -0.064162 0.043650 -0.018446
v -0.064919 0.050488 -0.025313
v -0.060184 0.053261 -0.025313
v -0.055295 0.055757 -0.025313
v -0.059992 0.046523 -0.018446
v -0.055627 0.049086 -0.018446
v -0.062964 0.032663 -0.012422
v -0.059819 0.035818 -0.012422
v -0.056330 0.038597 -0.012422
v -0.052546 0.060670 -0.045246
v -0.047238 0.062815 -0.045246
v -0.041793 0.064571 -0.045246
v -0.052516 0.060632 -0.038602
v -0.047212 0.062776 -0.038602
v -0.052152 0.060203 -0.031957
v -0.041770 0.064530 -0.038602
v -0.046885 0.062332 -0.031957
v -0.041481 0.064075 -0.031957
v -0.052648 0.041118 -0.012422
v -0.048792 0.043362 -0.012422
v -0.044818 0.045393 -0.012422
v -0.050359 0.058156 -0.025313
v -0.045271 0.060210 -0.025313
v -0.051120 0.051394 -0.018446
v -0.046567 0.053610 -0.018446
v -0.041875 0.055510 -0.018446
v -0.040051 0.061892 -0.025313
v -0.036256 0.066095 -0.031957
v -0.035006 0.063847 -0.025313
v -0.037061 0.057067 -0.018446
v -0.032405 0.058868 -0.018446
v -0.030368 0.066749 -0.025313
v -0.040802 0.047340 -0.012422
v -0.036657 0.048992 -0.012422
v -0.032412 0.050353 -0.012422
v -0.028120 0.061533 -0.018446
v -0.028331 0.051989 -0.012422
v -0.024560 0.054356 -0.012422
v -0.020660 0.056530 -0.012422
v -0.023709 0.064027 -0.018446
v -0.019095 0.066102 -0.018446
v -0.016582 0.058332 -0.012422
v -0.014240 0.067488 -0.018446
v -0.012294 0.059524 -0.012422
v -0.007896 0.060279 -0.012422
v -0.003452 0.060692 -0.012422
v 0.001004 0.060695 -0.012422
v -0.009253 0.068363 -0.018446
v -0.004212 0.068847 -0.018446
v 0.000844 0.068882 -0.018446
v -0.036527 0.066606 -0.045246
v -0.031688 0.069632 -0.045246
v -0.026701 0.072455 -0.045246
v -0.036508 0.066564 -0.038602
v -0.031671 0.069588 -0.038602
v -0.026687 0.072409 -0.038602
v -0.031453 0.069097 -0.031957
v -0.021479 0.074795 -0.045246
v -0.015985 0.076350 -0.045246
v -0.021469 0.074748 -0.038602
v -0.010342 0.077327 -0.045246
v -0.004640 0.077865 -0.045246
v 0.001078 0.077896 -0.045246
v -0.015978 0.076302 -0.038602
v -0.010338 0.077279 -0.038602
v -0.004640 0.077818 -0.038602
v -0.026504 0.071898 -0.031957
v -0.021322 0.074220 -0.031957
v -0.015870 0.075764 -0.031957
v -0.010271 0.076735 -0.031957
v 0.001075 0.077848 -0.038602
v -0.004613 0.077270 -0.031957
v 0.001062 0.077301 -0.031957
v -0.025586 0.069452 -0.025313
v -0.020581 0.071693 -0.025313
v -0.015314 0.073182 -0.025313
v -0.009905 0.074119 -0.025313
v -0.004440 0.074634 -0.025313
v 0.001041 0.074662 -0.025313
v 0.005811 -0.066366 -0.098403
v 0.006099 -0.069648 -0.091758
v 0.010633 -0.065379 -0.098403
v 0.011159 -0.068612 -0.091758
v 0.015371 -0.064054 -0.098403
v 0.016132 -0.067221 -0.091758
v 0.021001 -0.065499 -0.091758
v 0.003244 -0.036988 -0.125203
v 0.004279 -0.048976 -0.118337
v 0.005931 -0.036438 -0.125203
v 0.007838 -0.048249 -0.118337
v 0.008572 -0.035699 -0.125203
v 0.011335 -0.047272 -0.118337
v 0.011158 -0.034784 -0.125203
v 0.014759 -0.046061 -0.118337
v 0.013666 -0.033675 -0.125203
v 0.018081 -0.044596 -0.118337
v 0.016079 -0.032371 -0.125203
v 0.021278 -0.042875 -0.118337
v 0.018501 -0.031142 -0.125203
v 0.024481 -0.041240 -0.118337
v 0.021140 -0.030425 -0.125203
v 0.027972 -0.040282 -0.118337
v 0.023743 -0.029562 -0.125203
v 0.031421 -0.039148 -0.118337
v 0.004948 -0.056558 -0.111692
v 0.009057 -0.055717 -0.111692
v 0.013096 -0.054588 -0.111692
v 0.017049 -0.053190 -0.111692
v 0.020886 -0.051497 -0.111692
v 0.024578 -0.049510 -0.111692
v 0.028275 -0.047619 -0.111692
v 0.032306 -0.046513 -0.111692
v 0.001821 -0.020039 -0.131227
v 0.003276 -0.019738 -0.131227
v 0.004707 -0.019334 -0.131227
v 0.006107 -0.018835 -0.131227
v 0.007464 -0.018228 -0.131227
v 0.008766 -0.017509 -0.131227
v 0.010085 -0.016861 -0.131227
v 0.011519 -0.016479 -0.131227
v 0.012927 -0.016004 -0.131227
v 0.014298 -0.015430 -0.131227
v 0.015657 -0.014829 -0.131227
v 0.017015 -0.014225 -0.131227
v 0.018326 -0.013525 -0.131227
v 0.019595 -0.012746 -0.131227
v 0.020779 -0.011852 -0.131227
v 0.026276 -0.028511 -0.125203
v 0.028781 -0.027396 -0.125203
v 0.031288 -0.026284 -0.125203
v 0.033710 -0.024998 -0.125203
v 0.036048 -0.023560 -0.125203
v 0.021795 -0.010768 -0.131227
v 0.022738 -0.009619 -0.131227
v 0.023617 -0.008418 -0.131227
v 0.024398 -0.007154 -0.131227
v 0.024967 -0.005791 -0.131227
v 0.025351 -0.004356 -0.131227
v 0.025640 -0.002897 -0.131227
v 0.025862 -0.001425 -0.131227
v 0.025966 0.000056 -0.131227
v 0.038246 -0.021927 -0.125203
v 0.040131 -0.019939 -0.125203
v 0.034775 -0.037758 -0.118337
v 0.038091 -0.036280 -0.118337
v 0.041411 -0.034808 -0.118337
v 0.036292 -0.045207 -0.111692
v 0.040165 -0.043601 -0.111692
v 0.043993 -0.041893 -0.111692
v 0.047826 -0.040193 -0.111692
v 0.044619 -0.033109 -0.118337
v 0.051532 -0.038231 -0.111692
v 0.047713 -0.031204 -0.118337
v 0.055104 -0.036030 -0.111692
v 0.058469 -0.033540 -0.111692
v 0.041873 -0.017819 -0.125203
v 0.050626 -0.029046 -0.118337
v 0.043494 -0.015604 -0.125203
v 0.044943 -0.013278 -0.125203
v 0.046013 -0.010772 -0.125203
v 0.046731 -0.008127 -0.125203
v 0.047269 -0.005437 -0.125203
v 0.047674 -0.002722 -0.125203
v 0.047886 0.000010 -0.125203
v 0.053125 -0.026417 -0.118337
v 0.055432 -0.023610 -0.118337
v 0.057578 -0.020678 -0.118337
v 0.059499 -0.017600 -0.118337
v 0.060920 -0.014285 -0.118337
v 0.061874 -0.010783 -0.118337
v 0.062586 -0.007221 -0.118337
v 0.063121 -0.003626 -0.118337
v 0.063406 -0.000010 -0.118337
v 0.061355 -0.030504 -0.111692
v 0.005438 -0.062115 -0.105047
v 0.009951 -0.061191 -0.105047
v 0.014386 -0.059951 -0.105047
v 0.018728 -0.058415 -0.105047
v 0.022942 -0.056556 -0.105047
v 0.026997 -0.054375 -0.105047
v 0.031056 -0.052295 -0.105047
v 0.020011 -0.062413 -0.098403
v 0.024513 -0.060427 -0.098403
v 0.028846 -0.058096 -0.098403
v 0.025725 -0.063415 -0.091758
v 0.030273 -0.060970 -0.091758
v 0.035483 -0.051080 -0.105047
v 0.039861 -0.049649 -0.105047
v 0.033183 -0.055873 -0.098403
v 0.037912 -0.054575 -0.098403
v 0.042590 -0.053046 -0.098403
v 0.044114 -0.047884 -0.105047
v 0.047135 -0.051161 -0.098403
v 0.048319 -0.046008 -0.105047
v 0.052529 -0.044141 -0.105047
v 0.056598 -0.041987 -0.105047
v 0.060522 -0.039569 -0.105047
v 0.051627 -0.049156 -0.098403
v 0.056125 -0.047161 -0.098403
v 0.034824 -0.058636 -0.091758
v 0.039787 -0.057273 -0.091758
v 0.044697 -0.055670 -0.091758
v 0.049466 -0.053691 -0.091758
v 0.054180 -0.051587 -0.091758
v 0.058900 -0.049493 -0.091758
v 0.060473 -0.044860 -0.098403
v 0.064017 -0.027261 -0.111692
v 0.066494 -0.023873 -0.111692
v 0.068713 -0.020319 -0.111692
v 0.070355 -0.016491 -0.111692
v 0.071455 -0.012447 -0.111692
v 0.072276 -0.008333 -0.111692
v 0.072892 -0.004182 -0.111692
v 0.073222 -0.000005 -0.111692
v 0.064217 -0.036834 -0.105047
v 0.067386 -0.033499 -0.105047
v 0.064664 -0.042276 -0.098403
v 0.068612 -0.039354 -0.098403
v 0.071999 -0.035792 -0.098403
v 0.063463 -0.047078 -0.091758
v 0.067862 -0.044366 -0.091758
v 0.072006 -0.041300 -0.091758
v 0.075122 -0.031985 -0.098403
v 0.075560 -0.037562 -0.091758
v 0.078837 -0.033566 -0.091758
v 0.070310 -0.029937 -0.105047
v 0.073030 -0.026216 -0.105047
v 0.075466 -0.022313 -0.105047
v 0.077270 -0.018109 -0.105047
v 0.078028 -0.028010 -0.098403
v 0.080631 -0.023839 -0.098403
v 0.082559 -0.019347 -0.098403
v 0.078478 -0.013667 -0.105047
v 0.079379 -0.009148 -0.105047
v 0.080055 -0.004589 -0.105047
v 0.080417 -0.000002 -0.105047
v 0.083849 -0.014602 -0.098403
v 0.084812 -0.009773 -0.098403
v 0.085534 -0.004902 -0.098403
v 0.085921 -0.000001 -0.098403
v 0.081887 -0.029394 -0.091758
v 0.084619 -0.025017 -0.091758
v 0.086643 -0.020304 -0.091758
v 0.087996 -0.015323 -0.091758
v 0.089006 -0.010256 -0.091758
v 0.089763 -0.005144 -0.091758
v 0.090170 -0.000001 -0.091758
v 0.006319 -0.072168 -0.085114
v 0.011563 -0.071094 -0.085114
v 0.016716 -0.069653 -0.085114
v 0.006486 -0.074064 -0.078469
v 0.011867 -0.072962 -0.078469
v 0.021761 -0.067869 -0.085114
v 0.026656 -0.065709 -0.085114
v 0.017155 -0.071482 -0.078469
v 0.022332 -0.069651 -0.078469
v 0.027357 -0.067435 -0.078469
v 0.006606 -0.075437 -0.071825
v 0.012087 -0.074314 -0.071825
v 0.017473 -0.072807 -0.071825
v 0.022746 -0.070942 -0.071825
v 0.027864 -0.068685 -0.071825
v 0.032193 -0.064835 -0.078469
v 0.032790 -0.066037 -0.071825
v 0.037718 -0.063507 -0.071825
v 0.006687 -0.076365 -0.065180
v 0.012235 -0.075228 -0.065180
v 0.017688 -0.073703 -0.065180
v 0.006736 -0.076918 -0.058535
v 0.012324 -0.075773 -0.058535
v 0.023026 -0.071815 -0.065180
v 0.028207 -0.069530 -0.065180
v 0.017816 -0.074237 -0.058535
v 0.023193 -0.072335 -0.058535
v 0.028411 -0.070034 -0.058535
v 0.006757 -0.077168 -0.051891
v 0.012364 -0.076020 -0.051891
v 0.017874 -0.074478 -0.051891
v 0.023268 -0.072570 -0.051891
v 0.028503 -0.070262 -0.051891
v 0.033193 -0.066850 -0.065180
v 0.038182 -0.064289 -0.065180
v 0.033434 -0.067334 -0.058535
v 0.038459 -0.064754 -0.058535
v 0.033542 -0.067553 -0.051891
v 0.038584 -0.064965 -0.051891
v 0.031369 -0.063176 -0.085114
v 0.036084 -0.060756 -0.085114
v 0.041227 -0.059344 -0.085114
v 0.037032 -0.062352 -0.078469
v 0.042310 -0.060903 -0.078469
v 0.046314 -0.057683 -0.085114
v 0.051256 -0.055634 -0.085114
v 0.056141 -0.053453 -0.085114
v 0.047531 -0.059199 -0.078469
v 0.052602 -0.057095 -0.078469
v 0.057615 -0.054857 -0.078469
v 0.043093 -0.062031 -0.071825
v 0.048411 -0.060296 -0.071825
v 0.053577 -0.058153 -0.071825
v 0.058683 -0.055873 -0.071825
v 0.043624 -0.062794 -0.065180
v 0.043940 -0.063248 -0.058535
v 0.049007 -0.061038 -0.065180
v 0.054236 -0.058869 -0.065180
v 0.059405 -0.056561 -0.065180
v 0.049362 -0.061480 -0.058535
v 0.054629 -0.059295 -0.058535
v 0.044082 -0.063454 -0.051891
v 0.059835 -0.056970 -0.058535
v 0.049523 -0.061680 -0.051891
v 0.054807 -0.059488 -0.051891
v 0.060030 -0.057156 -0.051891
v 0.061031 -0.051284 -0.085114
v 0.065760 -0.048781 -0.085114
v 0.062635 -0.052631 -0.078469
v 0.067487 -0.050062 -0.078469
v 0.070317 -0.045971 -0.085114
v 0.072165 -0.047179 -0.078469
v 0.074611 -0.042794 -0.085114
v 0.078294 -0.038921 -0.085114
v 0.081690 -0.034780 -0.085114
v 0.084849 -0.030458 -0.085114
v 0.076571 -0.043918 -0.078469
v 0.080351 -0.039943 -0.078469
v 0.083836 -0.035694 -0.078469
v 0.063795 -0.053606 -0.071825
v 0.068738 -0.050990 -0.071825
v 0.073502 -0.048053 -0.071825
v 0.087078 -0.031258 -0.078469
v 0.077990 -0.044732 -0.071825
v 0.081840 -0.040683 -0.071825
v 0.085389 -0.036355 -0.071825
v 0.087680 -0.025922 -0.085114
v 0.088692 -0.031837 -0.071825
v 0.089777 -0.021038 -0.085114
v 0.091180 -0.015877 -0.085114
v 0.089984 -0.026603 -0.078469
v 0.092136 -0.021591 -0.078469
v 0.093575 -0.016294 -0.078469
v 0.092226 -0.010627 -0.085114
v 0.093010 -0.005330 -0.085114
v 0.093432 -0.000000 -0.085114
v 0.094649 -0.010906 -0.078469
v 0.095454 -0.005470 -0.078469
v 0.095887 -0.000000 -0.078469
v 0.091651 -0.027096 -0.071825
v 0.093843 -0.021991 -0.071825
v 0.095309 -0.016596 -0.071825
v 0.096402 -0.011108 -0.071825
v 0.097222 -0.005571 -0.071825
v 0.097664 -0.000000 -0.071825
v 0.064580 -0.054265 -0.065180
v 0.069583 -0.051617 -0.065180
v 0.065048 -0.054658 -0.058535
v 0.070088 -0.051991 -0.058535
v 0.074406 -0.048644 -0.065180
v 0.074945 -0.048996 -0.058535
v 0.078950 -0.045282 -0.065180
v 0.082847 -0.041184 -0.065180
v 0.086440 -0.036802 -0.065180
v 0.079522 -0.045611 -0.058535
v 0.083447 -0.041482 -0.058535
v 0.065259 -0.054836 -0.051891
v 0.070315 -0.052161 -0.051891
v 0.075189 -0.049156 -0.051891
v 0.087066 -0.037069 -0.058535
v 0.079780 -0.045759 -0.051891
v 0.083719 -0.041617 -0.051891
v 0.089783 -0.032228 -0.065180
v 0.090433 -0.032462 -0.058535
v 0.087349 -0.037190 -0.051891
v 0.090728 -0.032567 -0.051891
v 0.092778 -0.027429 -0.065180
v 0.094998 -0.022261 -0.065180
v 0.096482 -0.016801 -0.065180
v 0.093451 -0.027628 -0.058535
v 0.095686 -0.022423 -0.058535
v 0.097181 -0.016922 -0.058535
v 0.097588 -0.011244 -0.065180
v 0.098418 -0.005640 -0.065180
v 0.098865 -0.000000 -0.065180
v 0.098296 -0.011326 -0.058535
v 0.099131 -0.005680 -0.058535
v 0.099582 -0.000000 -0.058535
v 0.093755 -0.027718 -0.051891
v 0.095998 -0.022496 -0.051891
v 0.097497 -0.016978 -0.051891
v 0.098615 -0.011363 -0.051891
v 0.099454 -0.005699 -0.051891
v 0.099906 -0.000000 -0.051891
v 0.006763 -0.077225 -0.045246
v 0.012374 -0.076075 -0.045246
v 0.006762 -0.077177 -0.038602
v 0.012369 -0.076028 -0.038602
v 0.017888 -0.074533 -0.045246
v 0.023286 -0.072623 -0.045246
v 0.028525 -0.070313 -0.045246
v 0.017880 -0.074486 -0.038602
v 0.023275 -0.072578 -0.038602
v 0.028510 -0.070269 -0.038602
v 0.006720 -0.076633 -0.031957
v 0.012287 -0.075492 -0.031957
v 0.017759 -0.073961 -0.031957
v 0.023116 -0.072065 -0.031957
v 0.028314 -0.069772 -0.031957
v 0.033568 -0.067603 -0.045246
v 0.038613 -0.065012 -0.045246
v 0.033550 -0.067561 -0.038602
v 0.038592 -0.064972 -0.038602
v 0.033320 -0.067085 -0.031957
v 0.038326 -0.064514 -0.031957
v 0.006475 -0.074021 -0.025313
v 0.011853 -0.072920 -0.025313
v 0.017138 -0.071442 -0.025313
v 0.006054 -0.068271 -0.018446
v 0.011015 -0.067248 -0.018446
v 0.022313 -0.069612 -0.025313
v 0.027335 -0.067399 -0.025313
v 0.015888 -0.065877 -0.018446
v 0.020660 -0.064182 -0.018446
v 0.025290 -0.062135 -0.018446
v 0.005169 -0.060208 -0.012422
v 0.009544 -0.059320 -0.012422
v 0.032170 -0.064805 -0.025313
v 0.037004 -0.062318 -0.025313
v 0.044116 -0.063500 -0.045246
v 0.044091 -0.063460 -0.038602
v 0.049560 -0.061725 -0.045246
v 0.054848 -0.059532 -0.045246
v 0.049532 -0.061686 -0.038602
v 0.054817 -0.059494 -0.038602
v 0.043786 -0.063012 -0.031957
v 0.049189 -0.061251 -0.031957
v 0.054437 -0.059074 -0.031957
v 0.059624 -0.056757 -0.031957
v 0.013844 -0.058126 -0.012422
v 0.018054 -0.056646 -0.012422
v 0.022143 -0.054860 -0.012422
v 0.029752 -0.059746 -0.018446
v 0.026086 -0.052774 -0.012422
v 0.030007 -0.050724 -0.012422
v 0.034278 -0.049506 -0.012422
v 0.038532 -0.048154 -0.012422
v 0.042659 -0.046455 -0.012422
v 0.042277 -0.060865 -0.025313
v 0.034217 -0.057463 -0.018446
v 0.039081 -0.056120 -0.018446
v 0.047496 -0.059166 -0.025313
v 0.052566 -0.057065 -0.025313
v 0.057575 -0.054826 -0.025313
v 0.043895 -0.054548 -0.018446
v 0.048571 -0.052607 -0.018446
v 0.053191 -0.050540 -0.018446
v 0.057816 -0.048482 -0.018446
v 0.046730 -0.044630 -0.012422
v 0.050808 -0.042819 -0.012422
v 0.054757 -0.040746 -0.012422
v 0.058556 -0.038402 -0.012422
v 0.062150 -0.035770 -0.012422
v 0.065243 -0.032563 -0.012422
v 0.068075 -0.029108 -0.012422
v 0.070710 -0.025506 -0.012422
v 0.073080 -0.021729 -0.012422
v 0.074859 -0.017670 -0.012422
v 0.076046 -0.013372 -0.012422
v 0.076921 -0.008992 -0.012422
v 0.077572 -0.004576 -0.012422
v 0.077943 -0.000132 -0.012422
v 0.060075 -0.057197 -0.045246
v 0.065308 -0.054876 -0.045246
v 0.070368 -0.052199 -0.045246
v 0.060041 -0.057161 -0.038602
v 0.065271 -0.054841 -0.038602
v 0.070327 -0.052165 -0.038602
v 0.075245 -0.049191 -0.045246
v 0.075201 -0.049159 -0.038602
v 0.079840 -0.045792 -0.045246
v 0.083781 -0.041647 -0.045246
v 0.083764 -0.041638 -0.042982
v 0.085272 -0.039815 -0.044238
v 0.084618 -0.040606 -0.043693
v 0.083934 -0.041433 -0.043123
v 0.079793 -0.045762 -0.038602
v 0.081634 -0.043850 -0.040630
v 0.082186 -0.043276 -0.041240
v 0.082837 -0.042601 -0.041958
v 0.064817 -0.054453 -0.031957
v 0.069837 -0.051795 -0.031957
v 0.074676 -0.048810 -0.031957
v 0.076378 -0.047560 -0.032045
v 0.077673 -0.046878 -0.034530
v 0.079797 -0.045758 -0.038602
v 0.079794 -0.045760 -0.038598
v 0.079792 -0.045762 -0.038595
v 0.078925 -0.045665 -0.031957
v 0.079231 -0.045434 -0.031947
v 0.086751 -0.036925 -0.031957
v 0.083156 -0.041240 -0.031860
v 0.083786 -0.040543 -0.031957
v 0.087407 -0.037213 -0.045981
v 0.089734 -0.034007 -0.047292
v 0.090768 -0.032581 -0.047875
v 0.087129 -0.037556 -0.045760
v 0.087201 -0.037466 -0.045818
v 0.086483 -0.038352 -0.045246
v 0.090105 -0.032334 -0.031957
v 0.090266 -0.032866 -0.036483
v 0.090592 -0.032514 -0.037052
v 0.089165 -0.034055 -0.034567
v 0.089061 -0.034183 -0.034486
v 0.086822 -0.036956 -0.032729
v 0.087875 -0.035651 -0.033555
v 0.086505 -0.037307 -0.032498
v 0.084680 -0.039475 -0.032106
v 0.086350 -0.037480 -0.032384
v 0.092425 -0.029921 -0.048207
v 0.093824 -0.027737 -0.045246
v 0.096069 -0.022511 -0.045246
v 0.097569 -0.016989 -0.045246
v 0.092307 -0.030167 -0.045246
v 0.092266 -0.030221 -0.044464
v 0.092215 -0.030286 -0.043519
v 0.093768 -0.027718 -0.038602
v 0.092034 -0.030559 -0.042476
v 0.096011 -0.022495 -0.038602
v 0.097510 -0.016976 -0.038602
v 0.098688 -0.011370 -0.045246
v 0.098628 -0.011360 -0.038602
v 0.099527 -0.005702 -0.045246
v 0.099979 0.000001 -0.045246
v 0.099466 -0.005696 -0.038602
v 0.099918 0.000003 -0.038602
v 0.091651 -0.031137 -0.040263
v 0.091363 -0.031570 -0.038602
v 0.093110 -0.027518 -0.031957
v 0.091324 -0.031603 -0.038439
v 0.095337 -0.022331 -0.031957
v 0.096826 -0.016851 -0.031957
v 0.091011 -0.031993 -0.037845
v 0.097935 -0.011275 -0.031957
v 0.098767 -0.005651 -0.031957
v 0.099214 0.000009 -0.031957
v 0.062591 -0.052601 -0.025313
v 0.067441 -0.050036 -0.025313
v 0.072115 -0.047152 -0.025313
v 0.062288 -0.046109 -0.018446
v 0.066593 -0.043441 -0.018446
v 0.076520 -0.043896 -0.025313
v 0.079237 -0.045427 -0.031947
v 0.080300 -0.039925 -0.025313
v 0.079592 -0.045049 -0.031938
v 0.080609 -0.043963 -0.031915
v 0.083103 -0.041302 -0.031857
v 0.083133 -0.041265 -0.031856
v 0.083782 -0.035677 -0.025313
v 0.070649 -0.040427 -0.018446
v 0.074130 -0.036758 -0.018446
v 0.077337 -0.032835 -0.018446
v 0.080318 -0.028740 -0.018446
v 0.087022 -0.031244 -0.025313
v 0.082985 -0.024442 -0.018446
v 0.084961 -0.019818 -0.018446
v 0.086282 -0.014933 -0.018446
v 0.087265 -0.009963 -0.018446
v 0.087998 -0.004950 -0.018446
v 0.088387 0.000093 -0.018446
v 0.089925 -0.026592 -0.025313
v 0.092079 -0.021584 -0.025313
v 0.093519 -0.016291 -0.025313
v 0.094591 -0.010906 -0.025313
v 0.095394 -0.005473 -0.025313
v 0.095829 -0.000007 -0.025313
v 0.001710 0.020062 -0.131227
v 0.003168 0.019765 -0.131227
v 0.004601 0.019368 -0.131227
v 0.007366 0.018281 -0.131227
v 0.008680 0.017586 -0.131227
v 0.009982 0.016894 -0.131227
v 0.006003 0.018875 -0.131227
v 0.011403 0.016486 -0.131227
v 0.012824 0.016047 -0.131227
v 0.014199 0.015480 -0.131227
v 0.015554 0.014870 -0.131227
v 0.016913 0.014268 -0.131227
v 0.018230 0.013581 -0.131227
v 0.019495 0.012800 -0.131227
v 0.020696 0.011927 -0.131227
v 0.003224 0.036995 -0.125203
v 0.005912 0.036444 -0.125203
v 0.008553 0.035705 -0.125203
v 0.011139 0.034791 -0.125203
v 0.013650 0.033687 -0.125203
v 0.016070 0.032398 -0.125203
v 0.018482 0.031145 -0.125203
v 0.025838 0.001536 -0.131227
v 0.025622 0.003007 -0.131227
v 0.025332 0.004467 -0.131227
v 0.024937 0.005900 -0.131227
v 0.021728 0.010860 -0.131227
v 0.022669 0.009706 -0.131227
v 0.023548 0.008507 -0.131227
v 0.024340 0.007250 -0.131227
v 0.036027 0.023565 -0.125203
v 0.040122 0.019959 -0.125203
v 0.038231 0.021941 -0.125203
v 0.021115 0.030413 -0.125203
v 0.023726 0.029572 -0.125203
v 0.026260 0.028523 -0.125203
v 0.028762 0.027401 -0.125203
v 0.031269 0.026289 -0.125203
v 0.033693 0.025009 -0.125203
v 0.004298 0.048975 -0.118337
v 0.007857 0.048245 -0.118337
v 0.011353 0.047266 -0.118337
v 0.014777 0.046054 -0.118337
v 0.018100 0.044590 -0.118337
v 0.021301 0.042878 -0.118337
v 0.024499 0.041229 -0.118337
v 0.027986 0.040264 -0.118337
v 0.031440 0.039143 -0.118337
v 0.004958 0.056558 -0.111692
v 0.009067 0.055715 -0.111692
v 0.013105 0.054585 -0.111692
v 0.017058 0.053186 -0.111692
v 0.020896 0.051495 -0.111692
v 0.024591 0.049514 -0.111692
v 0.028284 0.047613 -0.111692
v 0.047664 0.002742 -0.125203
v 0.047266 0.005456 -0.125203
v 0.046731 0.008149 -0.125203
v 0.046011 0.010794 -0.125203
v 0.041861 0.017835 -0.125203
v 0.044930 0.013294 -0.125203
v 0.043478 0.015618 -0.125203
v 0.034795 0.037753 -0.118337
v 0.038109 0.036270 -0.118337
v 0.044636 0.033099 -0.118337
v 0.041427 0.034797 -0.118337
v 0.047726 0.031189 -0.118337
v 0.063118 0.003607 -0.118337
v 0.062590 0.007202 -0.118337
v 0.061882 0.010766 -0.118337
v 0.060930 0.014268 -0.118337
v 0.059505 0.017581 -0.118337
v 0.050641 0.029034 -0.118337
v 0.053142 0.026407 -0.118337
v 0.055444 0.023595 -0.118337
v 0.057585 0.020660 -0.118337
v 0.055110 0.036022 -0.111692
v 0.058476 0.033533 -0.111692
v 0.032313 0.046501 -0.111692
v 0.036301 0.045205 -0.111692
v 0.040175 0.043599 -0.111692
v 0.044002 0.041888 -0.111692
v 0.047835 0.040187 -0.111692
v 0.051540 0.038227 -0.111692
v 0.005441 0.062116 -0.105047
v 0.009955 0.061191 -0.105047
v 0.014390 0.059950 -0.105047
v 0.005813 0.066367 -0.098403
v 0.010635 0.065379 -0.098403
v 0.018732 0.058414 -0.105047
v 0.022946 0.056556 -0.105047
v 0.027003 0.054379 -0.105047
v 0.015373 0.064053 -0.098403
v 0.020013 0.062412 -0.098403
v 0.024515 0.060427 -0.098403
v 0.028850 0.058100 -0.098403
v 0.016133 0.067221 -0.091758
v 0.021002 0.065498 -0.091758
v 0.025727 0.063415 -0.091758
v 0.035485 0.051073 -0.105047
v 0.039865 0.049648 -0.105047
v 0.044119 0.047884 -0.105047
v 0.031060 0.052292 -0.105047
v 0.033185 0.055871 -0.098403
v 0.037913 0.054570 -0.098403
v 0.042592 0.053046 -0.098403
v 0.048323 0.046005 -0.105047
v 0.056602 0.041985 -0.105047
v 0.052532 0.044138 -0.105047
v 0.047137 0.051162 -0.098403
v 0.051629 0.049154 -0.098403
v 0.056126 0.047159 -0.098403
v 0.034825 0.058634 -0.091758
v 0.030276 0.060973 -0.091758
v 0.039787 0.057269 -0.091758
v 0.044698 0.055670 -0.091758
v 0.049468 0.053692 -0.091758
v 0.054181 0.051586 -0.091758
v 0.058901 0.049492 -0.091758
v 0.006100 0.069649 -0.091758
v 0.011160 0.068612 -0.091758
v 0.072890 0.004172 -0.111692
v 0.072278 0.008323 -0.111692
v 0.071460 0.012438 -0.111692
v 0.070361 0.016483 -0.111692
v 0.064023 0.027253 -0.111692
v 0.068715 0.020309 -0.111692
v 0.066497 0.023864 -0.111692
v 0.061364 0.030499 -0.111692
v 0.073030 0.026212 -0.105047
v 0.070312 0.029933 -0.105047
v 0.067391 0.033499 -0.105047
v 0.080053 0.004585 -0.105047
v 0.079380 0.009144 -0.105047
v 0.078481 0.013664 -0.105047
v 0.077273 0.018106 -0.105047
v 0.085532 0.004900 -0.098403
v 0.084812 0.009771 -0.098403
v 0.083851 0.014600 -0.098403
v 0.075467 0.022309 -0.105047
v 0.075124 0.031983 -0.098403
v 0.078028 0.028007 -0.098403
v 0.082561 0.019346 -0.098403
v 0.080631 0.023836 -0.098403
v 0.078838 0.033565 -0.091758
v 0.086644 0.020303 -0.091758
v 0.084619 0.025016 -0.091758
v 0.081887 0.029393 -0.091758
v 0.060523 0.039565 -0.105047
v 0.064220 0.036831 -0.105047
v 0.064665 0.042273 -0.098403
v 0.060474 0.044859 -0.098403
v 0.068614 0.039353 -0.098403
v 0.072002 0.035792 -0.098403
v 0.063465 0.047077 -0.091758
v 0.067862 0.044364 -0.091758
v 0.072007 0.041299 -0.091758
v 0.075562 0.037562 -0.091758
v 0.089762 0.005143 -0.091758
v 0.089006 0.010254 -0.091758
v 0.087998 0.015322 -0.091758
v 0.026657 0.065709 -0.085114
v 0.031371 0.063178 -0.085114
v 0.036085 0.060755 -0.085114
v 0.041226 0.059341 -0.085114
v 0.032195 0.064837 -0.078469
v 0.037032 0.062351 -0.078469
v 0.046315 0.057684 -0.085114
v 0.051257 0.055634 -0.085114
v 0.056141 0.053452 -0.085114
v 0.042309 0.060900 -0.078469
v 0.047531 0.059199 -0.078469
v 0.052603 0.057095 -0.078469
v 0.032791 0.066038 -0.071825
v 0.037718 0.063507 -0.071825
v 0.043093 0.062029 -0.071825
v 0.057616 0.054856 -0.078469
v 0.048412 0.060296 -0.071825
v 0.053578 0.058153 -0.071825
v 0.038182 0.064288 -0.065180
v 0.043624 0.062793 -0.065180
v 0.038459 0.064754 -0.058535
v 0.049008 0.061038 -0.065180
v 0.058683 0.055873 -0.071825
v 0.054237 0.058869 -0.065180
v 0.043940 0.063248 -0.058535
v 0.049363 0.061480 -0.058535
v 0.059405 0.056560 -0.065180
v 0.054630 0.059295 -0.058535
v 0.038584 0.064965 -0.051891
v 0.044083 0.063454 -0.051891
v 0.049523 0.061680 -0.051891
v 0.054808 0.059488 -0.051891
v 0.059836 0.056970 -0.058535
v 0.006320 0.072169 -0.085114
v 0.011564 0.071094 -0.085114
v 0.006486 0.074064 -0.078469
v 0.011867 0.072962 -0.078469
v 0.016717 0.069652 -0.085114
v 0.021761 0.067868 -0.085114
v 0.017156 0.071482 -0.078469
v 0.022333 0.069651 -0.078469
v 0.006606 0.075437 -0.071825
v 0.012087 0.074314 -0.071825
v 0.027358 0.067435 -0.078469
v 0.017473 0.072807 -0.071825
v 0.022747 0.070942 -0.071825
v 0.027864 0.068685 -0.071825
v 0.006688 0.076365 -0.065180
v 0.012236 0.075228 -0.065180
v 0.006736 0.076918 -0.058535
v 0.012325 0.075773 -0.058535
v 0.017688 0.073703 -0.065180
v 0.023027 0.071815 -0.065180
v 0.028207 0.069530 -0.065180
v 0.017817 0.074237 -0.058535
v 0.023194 0.072335 -0.058535
v 0.006758 0.077168 -0.051891
v 0.012365 0.076020 -0.051891
v 0.028412 0.070034 -0.058535
v 0.017875 0.074478 -0.051891
v 0.023269 0.072570 -0.051891
v 0.028504 0.070261 -0.051891
v 0.033194 0.066850 -0.065180
v 0.033435 0.067335 -0.058535
v 0.033543 0.067553 -0.051891
v 0.084849 0.030456 -0.085114
v 0.081690 0.034779 -0.085114
v 0.065760 0.048781 -0.085114
v 0.070317 0.045970 -0.085114
v 0.067488 0.050062 -0.078469
v 0.061032 0.051282 -0.085114
v 0.062635 0.052630 -0.078469
v 0.078295 0.038921 -0.085114
v 0.074612 0.042794 -0.085114
v 0.072164 0.047178 -0.078469
v 0.076572 0.043918 -0.078469
v 0.080352 0.039943 -0.078469
v 0.083836 0.035693 -0.078469
v 0.063796 0.053605 -0.071825
v 0.068738 0.050990 -0.071825
v 0.073502 0.048052 -0.071825
v 0.077990 0.044732 -0.071825
v 0.081841 0.040683 -0.071825
v 0.085389 0.036355 -0.071825
v 0.093009 0.005329 -0.085114
v 0.092226 0.010626 -0.085114
v 0.091181 0.015877 -0.085114
v 0.095453 0.005469 -0.078469
v 0.094649 0.010905 -0.078469
v 0.093576 0.016294 -0.078469
v 0.089778 0.021038 -0.085114
v 0.087680 0.025921 -0.085114
v 0.092137 0.021590 -0.078469
v 0.087078 0.031257 -0.078469
v 0.089983 0.026602 -0.078469
v 0.097222 0.005570 -0.071825
v 0.096402 0.011107 -0.071825
v 0.095310 0.016596 -0.071825
v 0.091651 0.027095 -0.071825
v 0.088692 0.031836 -0.071825
v 0.093844 0.021990 -0.071825
v 0.064581 0.054265 -0.065180
v 0.069584 0.051617 -0.065180
v 0.065049 0.054658 -0.058535
v 0.074406 0.048643 -0.065180
v 0.078950 0.045282 -0.065180
v 0.082848 0.041184 -0.065180
v 0.074945 0.048996 -0.058535
v 0.083448 0.041482 -0.058535
v 0.086440 0.036802 -0.065180
v 0.079522 0.045610 -0.058535
v 0.070088 0.051991 -0.058535
v 0.060031 0.057155 -0.051891
v 0.065260 0.054836 -0.051891
v 0.070316 0.052160 -0.051891
v 0.075189 0.049155 -0.051891
v 0.083719 0.041617 -0.051891
v 0.087066 0.037069 -0.058535
v 0.079781 0.045758 -0.051891
v 0.098418 0.005639 -0.065180
v 0.097589 0.011244 -0.065180
v 0.096482 0.016800 -0.065180
v 0.099131 0.005680 -0.058535
v 0.098296 0.011325 -0.058535
v 0.097181 0.016922 -0.058535
v 0.089783 0.032228 -0.065180
v 0.092779 0.027429 -0.065180
v 0.094998 0.022261 -0.065180
v 0.090434 0.032461 -0.058535
v 0.095687 0.022422 -0.058535
v 0.093451 0.027627 -0.058535
v 0.098615 0.011362 -0.051891
v 0.097498 0.016977 -0.051891
v 0.090728 0.032567 -0.051891
v 0.093755 0.027717 -0.051891
v 0.095998 0.022495 -0.051891
v 0.099454 0.005698 -0.051891
v 0.087350 0.037189 -0.051891
v 0.038612 0.065013 -0.045246
v 0.044115 0.063501 -0.045246
v 0.038586 0.064974 -0.038602
v 0.049559 0.061726 -0.045246
v 0.054847 0.059532 -0.045246
v 0.044085 0.063463 -0.038602
v 0.049526 0.061689 -0.038602
v 0.038310 0.064521 -0.031957
v 0.043771 0.063019 -0.031957
v 0.054811 0.059497 -0.038602
v 0.049173 0.061256 -0.031957
v 0.060035 0.057164 -0.038602
v 0.054421 0.059080 -0.031957
v 0.042897 0.046339 -0.012422
v 0.038778 0.048054 -0.012422
v 0.005432 0.060157 -0.012422
v 0.009802 0.059256 -0.012422
v 0.014097 0.058046 -0.012422
v 0.018301 0.056549 -0.012422
v 0.022378 0.054735 -0.012422
v 0.010833 0.067291 -0.018446
v 0.015711 0.065934 -0.018446
v 0.005871 0.068298 -0.018446
v 0.026300 0.052608 -0.012422
v 0.030252 0.050641 -0.012422
v 0.034548 0.049473 -0.012422
v 0.020486 0.064251 -0.018446
v 0.025121 0.062214 -0.018446
v 0.027347 0.067392 -0.025313
v 0.029582 0.059821 -0.018446
v 0.046974 0.044529 -0.012422
v 0.051050 0.042713 -0.012422
v 0.054987 0.040612 -0.012422
v 0.058788 0.038267 -0.012422
v 0.062348 0.035593 -0.012422
v 0.073213 0.021499 -0.012422
v 0.070871 0.025291 -0.012422
v 0.077620 0.004313 -0.012422
v 0.076965 0.008731 -0.012422
v 0.076095 0.013109 -0.012422
v 0.074934 0.017414 -0.012422
v 0.065406 0.032350 -0.012422
v 0.068238 0.028899 -0.012422
v 0.037017 0.062314 -0.025313
v 0.032180 0.064793 -0.025313
v 0.042293 0.060867 -0.025313
v 0.034045 0.057533 -0.018446
v 0.047509 0.059161 -0.025313
v 0.059608 0.056764 -0.031957
v 0.052578 0.057058 -0.025313
v 0.038907 0.056186 -0.018446
v 0.043719 0.054612 -0.018446
v 0.048398 0.052678 -0.018446
v 0.057588 0.054822 -0.025313
v 0.057650 0.048566 -0.018446
v 0.053021 0.050618 -0.018446
v 0.062126 0.046202 -0.018446
v 0.006762 0.077225 -0.045246
v 0.012373 0.076076 -0.045246
v 0.006755 0.077178 -0.038602
v 0.017887 0.074533 -0.045246
v 0.023285 0.072624 -0.045246
v 0.028524 0.070313 -0.045246
v 0.012363 0.076030 -0.038602
v 0.017873 0.074488 -0.038602
v 0.023268 0.072580 -0.038602
v 0.006702 0.076636 -0.031957
v 0.012270 0.075496 -0.031957
v 0.017742 0.073966 -0.031957
v 0.028504 0.070271 -0.038602
v 0.023100 0.072072 -0.031957
v 0.028299 0.069779 -0.031957
v 0.033567 0.067603 -0.045246
v 0.033544 0.067563 -0.038602
v 0.033303 0.067090 -0.031957
v 0.006489 0.074018 -0.025313
v 0.011867 0.072916 -0.025313
v 0.017152 0.071438 -0.025313
v 0.022326 0.069607 -0.025313
v 0.060074 0.057198 -0.045246
v 0.065307 0.054877 -0.045246
v 0.070367 0.052199 -0.045246
v 0.065265 0.054844 -0.038602
v 0.075244 0.049192 -0.045246
v 0.079839 0.045793 -0.045246
v 0.083780 0.041648 -0.045246
v 0.075195 0.049163 -0.038602
v 0.083762 0.041640 -0.042979
v 0.084826 0.040354 -0.043866
v 0.079788 0.045766 -0.038602
v 0.083590 0.041819 -0.042789
v 0.082497 0.042953 -0.041583
v 0.081194 0.044306 -0.040144
v 0.070322 0.052168 -0.038602
v 0.064801 0.054461 -0.031957
v 0.069822 0.051804 -0.031957
v 0.074662 0.048820 -0.031957
v 0.079798 0.045755 -0.038602
v 0.079786 0.045766 -0.038585
v 0.076377 0.047562 -0.032045
v 0.077822 0.046487 -0.031995
v 0.078311 0.046124 -0.031978
v 0.078924 0.045668 -0.031957
v 0.079212 0.045450 -0.031947
v 0.086740 0.036939 -0.031957
v 0.083960 0.040335 -0.032003
v 0.083340 0.041085 -0.031957
v 0.083128 0.041332 -0.031942
v 0.097569 0.016990 -0.045246
v 0.098688 0.011371 -0.045246
v 0.097509 0.016982 -0.038602
v 0.090768 0.032582 -0.047875
v 0.092083 0.030470 -0.048139
v 0.096068 0.022513 -0.045246
v 0.093823 0.027738 -0.045246
v 0.092425 0.029921 -0.048207
v 0.092390 0.029993 -0.047344
v 0.092370 0.030032 -0.047041
v 0.096008 0.022501 -0.038602
v 0.092246 0.030266 -0.045246
v 0.091971 0.030652 -0.041927
v 0.093765 0.027724 -0.038602
v 0.091640 0.031160 -0.040545
v 0.099527 0.005703 -0.045246
v 0.099466 0.005703 -0.038602
v 0.098627 0.011367 -0.038602
v 0.097932 0.011292 -0.031957
v 0.096821 0.016868 -0.031957
v 0.098765 0.005668 -0.031957
v 0.095330 0.022347 -0.031957
v 0.091542 0.031309 -0.040138
v 0.091174 0.031874 -0.038602
v 0.093102 0.027533 -0.031957
v 0.090730 0.032315 -0.037166
v 0.090096 0.032349 -0.031957
v 0.087926 0.036498 -0.046273
v 0.090239 0.033311 -0.047577
v 0.086494 0.038338 -0.045255
v 0.087406 0.037214 -0.045981
v 0.086483 0.038352 -0.045246
v 0.090575 0.032517 -0.036925
v 0.089499 0.033736 -0.035393
v 0.088340 0.035048 -0.033744
v 0.087538 0.036068 -0.033284
v 0.086826 0.036975 -0.032875
v 0.086820 0.036982 -0.032871
v 0.085384 0.038616 -0.032110
v 0.077223 0.032982 -0.018446
v 0.087982 0.005135 -0.018446
v 0.087233 0.010146 -0.018446
v 0.086236 0.015113 -0.018446
v 0.080218 0.028896 -0.018446
v 0.084897 0.019991 -0.018446
v 0.082902 0.024608 -0.018446
v 0.089933 0.026580 -0.025313
v 0.087031 0.031233 -0.025313
v 0.067453 0.050029 -0.025313
v 0.072128 0.047146 -0.025313
v 0.062604 0.052596 -0.025313
v 0.076531 0.043887 -0.025313
v 0.080307 0.039913 -0.025313
v 0.083790 0.035667 -0.025313
v 0.080997 0.043548 -0.031906
v 0.079218 0.045445 -0.031947
v 0.082072 0.042402 -0.031881
v 0.083119 0.041341 -0.031942
v 0.066443 0.043549 -0.018446
v 0.070510 0.040549 -0.018446
v 0.074003 0.036893 -0.018446
v 0.095398 0.005459 -0.025313
v 0.094594 0.010892 -0.025313
v 0.093521 0.016277 -0.025313
v 0.092082 0.021570 -0.025313
v 0.131172 0.068804 -0.030912
v 0.119833 0.062300 -0.034924
v 0.119913 0.062304 -0.035152
v 0.120136 0.062653 -0.036322
v 0.119691 0.062294 -0.034523
v 0.130535 0.068776 -0.029113
v 0.119320 0.062277 -0.033475
v 0.119277 0.062276 -0.033353
v 0.118973 0.062445 -0.032785
v 0.115923 0.071769 -0.039217
v 0.127690 0.077794 -0.035623
v 0.116432 0.071294 -0.039863
v 0.115772 0.071910 -0.039026
v 0.126676 0.078741 -0.034335
v 0.115418 0.072241 -0.038575
v 0.115170 0.072379 -0.038111
v 0.114853 0.072555 -0.037520
v 0.131217 0.071686 -0.035623
v 0.119561 0.066212 -0.040401
v 0.119417 0.066585 -0.040596
v 0.119347 0.066764 -0.040690
v 0.128751 0.076476 -0.036450
v 0.117845 0.069429 -0.040790
v 0.117661 0.069715 -0.040738
v 0.117493 0.069976 -0.040690
v 0.116803 0.070833 -0.040152
v 0.130605 0.073264 -0.036450
v 0.118629 0.068160 -0.040931
v 0.118498 0.068415 -0.040975
v 0.118795 0.067837 -0.040875
v 0.129756 0.074915 -0.036735
v 0.119928 0.065263 -0.039904
v 0.131530 0.070334 -0.034335
v 0.120190 0.064188 -0.038912
v 0.120068 0.064713 -0.039412
v 0.119958 0.065186 -0.039863
v 0.120272 0.063834 -0.038575
v 0.120266 0.063486 -0.038007
v 0.131514 0.069341 -0.032712
v 0.120264 0.063315 -0.037727
v 0.116745 0.070905 -0.040107
v 0.125808 0.079224 -0.032712
v 0.114550 0.072724 -0.036952
v 0.114507 0.072723 -0.036830
v 0.114136 0.072706 -0.035782
v 0.125172 0.079196 -0.030912
v 0.113994 0.072700 -0.035380
v 0.113913 0.072696 -0.035152
v 0.113691 0.072347 -0.033983
v 0.113678 0.072327 -0.033915
v 0.113571 0.072159 -0.033353
v 0.113563 0.071685 -0.032578
v 0.124829 0.078659 -0.029113
v 0.113561 0.071514 -0.032298
v 0.120256 0.062841 -0.036952
v 0.120149 0.062673 -0.036390
v 0.146072 0.086476 -0.029927
v 0.148537 0.081686 -0.029100
v 0.147076 0.084915 -0.030212
v 0.147926 0.083264 -0.029927
v 0.148850 0.080334 -0.027811
v 0.148835 0.079341 -0.026188
v 0.145010 0.087794 -0.029100
v 0.143996 0.088741 -0.027811
v 0.125127 0.076314 -0.026202
v 0.113899 0.069737 -0.030401
v 0.114266 0.068788 -0.029904
v 0.113759 0.070287 -0.030893
v 0.113868 0.069814 -0.030442
v 0.126588 0.073085 -0.025090
v 0.115982 0.065571 -0.029515
v 0.116166 0.065285 -0.029567
v 0.115329 0.066585 -0.029330
v 0.116334 0.065024 -0.029615
v 0.125738 0.074736 -0.025375
v 0.114410 0.068415 -0.029709
v 0.114480 0.068236 -0.029615
v 0.115032 0.067163 -0.029430
v 0.115198 0.066840 -0.029374
v 0.124814 0.077666 -0.027490
v 0.113555 0.071166 -0.031730
v 0.113637 0.070812 -0.031393
v 0.129668 0.069259 -0.027490
v 0.118657 0.062621 -0.032194
v 0.118409 0.062759 -0.031730
v 0.118054 0.063090 -0.031279
v 0.128654 0.070206 -0.026202
v 0.117903 0.063231 -0.031087
v 0.117395 0.063706 -0.030442
v 0.127592 0.071524 -0.025375
v 0.117024 0.064167 -0.030152
v 0.117082 0.064095 -0.030198
v 0.148492 0.078804 -0.024389
v 0.147856 0.078776 -0.022590
v 0.142134 0.087666 -0.020967
v 0.142447 0.086314 -0.019679
v 0.144913 0.081524 -0.018851
v 0.143908 0.083085 -0.018567
v 0.143059 0.084736 -0.018851
v 0.146988 0.079259 -0.020967
v 0.145974 0.080206 -0.019679
v 0.143129 0.089224 -0.026188
v 0.142150 0.088659 -0.022590
v 0.142492 0.089196 -0.024389
v 0.166171 0.090334 -0.021288
v 0.164397 0.094915 -0.023688
v 0.165246 0.093264 -0.023403
v 0.165858 0.091686 -0.022576
v 0.163392 0.096476 -0.023403
v 0.162331 0.097794 -0.022576
v 0.159813 0.099196 -0.017866
v 0.166155 0.089341 -0.019665
v 0.165813 0.088804 -0.017866
v 0.165176 0.088776 -0.016067
v 0.161317 0.098741 -0.021288
v 0.160449 0.099224 -0.019665
v 0.159470 0.098659 -0.016067
v 0.159455 0.097666 -0.014443
v 0.164309 0.089259 -0.014443
v 0.162233 0.091524 -0.012328
v 0.161229 0.093085 -0.012043
v 0.160379 0.094736 -0.012328
v 0.163295 0.090206 -0.013155
v 0.159768 0.096314 -0.013155
v 0.180615 0.100206 -0.006632
v 0.180713 0.106476 -0.016880
v 0.179652 0.107794 -0.016053
v 0.178637 0.108741 -0.014765
v 0.177770 0.109224 -0.013142
v 0.177133 0.109196 -0.011343
v 0.176775 0.107666 -0.007920
v 0.176791 0.108659 -0.009543
v 0.183178 0.101686 -0.016053
v 0.183491 0.100334 -0.014765
v 0.183133 0.098804 -0.011343
v 0.183476 0.099341 -0.013142
v 0.182497 0.098776 -0.009543
v 0.181629 0.099259 -0.007920
v 0.181717 0.104915 -0.017165
v 0.182567 0.103264 -0.016880
v 0.192645 0.115658 -0.010765
v 0.191470 0.116393 -0.009451
v 0.191121 0.116933 -0.008113
v 0.196276 0.109703 -0.011261
v 0.196443 0.109344 -0.011057
v 0.196501 0.107511 -0.009313
v 0.195671 0.111327 -0.011937
v 0.194761 0.112945 -0.012098
v 0.193745 0.114450 -0.011686
v 0.194985 0.112575 -0.012168
v 0.194608 0.113197 -0.012050
v 0.194025 0.114161 -0.011867
v 0.192916 0.115452 -0.011057
v 0.192998 0.115335 -0.011131
v 0.193288 0.114923 -0.011390
v 0.195879 0.110950 -0.011867
v 0.195977 0.110605 -0.011706
v 0.196171 0.109931 -0.011390
v 0.196623 0.107916 -0.009819
v 0.191769 0.116323 -0.009819
v 0.178549 0.103085 -0.005520
v 0.179554 0.101524 -0.005805
v 0.177088 0.106314 -0.006632
v 0.177700 0.104736 -0.005805
v 0.190856 0.117050 -0.005781
v 0.190780 0.116547 -0.003962
v 0.191086 0.114012 -0.001242
v 0.191726 0.112406 -0.000529
v 0.192319 0.111035 -0.000334
v 0.190849 0.115499 -0.002396
v 0.196867 0.106805 -0.006577
v 0.196556 0.106826 -0.004647
v 0.195822 0.107266 -0.002946
v 0.196828 0.107049 -0.008113
v 0.196878 0.106739 -0.006166
v 0.196478 0.106847 -0.004278
v 0.194749 0.108067 -0.001635
v 0.193432 0.109537 -0.000578
v 0.195645 0.107381 -0.002608
v 0.190814 0.115771 -0.002633
v 0.191000 0.114346 -0.001393
v 0.191578 0.112749 -0.000578
v 0.191037 0.114138 -0.001308
v 0.191815 0.112200 -0.000500
v 0.192546 0.110730 -0.000384
v 0.194526 0.108238 -0.001393
v 0.194365 0.108374 -0.001308
v 0.193643 0.109275 -0.000743
v 0.193552 0.109389 -0.000671
v 0.195668 0.107364 -0.002633
v 0.191358 0.116419 -0.009313
v 0.191067 0.116978 -0.007677
v 0.191012 0.117022 -0.007242
v 0.190878 0.117131 -0.006166
v 0.190772 0.116731 -0.004278
v 0.190805 0.115962 -0.002960
v 0.081734 0.058391 -0.064048
v 0.078837 0.062315 -0.062307
v 0.086730 0.060282 -0.060778
v 0.084434 0.053905 -0.064353
v 0.087067 0.049345 -0.064353
v 0.082272 0.047500 -0.048199
v 0.076047 0.064920 -0.058761
v 0.084090 0.063859 -0.059192
v 0.073872 0.065730 -0.054056
v 0.089700 0.044784 -0.064353
v 0.093990 0.047882 -0.061057
v 0.096211 0.043688 -0.060502
v 0.092137 0.040182 -0.063745
v 0.091591 0.052038 -0.061057
v 0.089191 0.056194 -0.061057
v 0.093815 0.035829 -0.061444
v 0.097741 0.039721 -0.058406
v 0.098217 0.036620 -0.054785
v 0.094339 0.032426 -0.057470
v 0.100285 0.047194 -0.057260
v 0.101666 0.043613 -0.055368
v 0.093602 0.030600 -0.052533
v 0.097546 0.034956 -0.050285
v 0.091727 0.062174 -0.057509
v 0.093948 0.058483 -0.057760
v 0.089343 0.065402 -0.056078
v 0.098280 0.050980 -0.057760
v 0.096114 0.054732 -0.057760
v 0.098705 0.060773 -0.054464
v 0.100638 0.057425 -0.054464
v 0.096723 0.064065 -0.054240
v 0.102096 0.040814 -0.052099
v 0.101490 0.039312 -0.048037
v 0.105591 0.047505 -0.052330
v 0.104359 0.050700 -0.054018
v 0.105975 0.045007 -0.049413
v 0.102571 0.054078 -0.054464
v 0.106861 0.057176 -0.051168
v 0.108433 0.054206 -0.050776
v 0.105161 0.060119 -0.051168
v 0.103462 0.063062 -0.051168
v 0.101720 0.065957 -0.050971
v 0.109516 0.051397 -0.049291
v 0.081547 0.066232 -0.055961
v 0.072334 0.065202 -0.048975
v 0.079565 0.066971 -0.051673
v 0.087048 0.067545 -0.053161
v 0.085259 0.068211 -0.049289
v 0.094597 0.066946 -0.052963
v 0.092549 0.068857 -0.050360
v 0.070943 0.064400 -0.043865
v 0.070206 0.062574 -0.038927
v 0.076897 0.065758 -0.042386
v 0.074845 0.050216 -0.032045
v 0.082851 0.048676 -0.031614
v 0.085251 0.044520 -0.031614
v 0.070729 0.059171 -0.034953
v 0.072408 0.054818 -0.032653
v 0.076225 0.064094 -0.037886
v 0.076702 0.060993 -0.034264
v 0.082243 0.065615 -0.036844
v 0.080452 0.052832 -0.031614
v 0.078231 0.057027 -0.032168
v 0.084055 0.059235 -0.031683
v 0.086059 0.055448 -0.031182
v 0.082674 0.062815 -0.033575
v 0.096279 0.034225 -0.045628
v 0.094877 0.033744 -0.040998
v 0.100346 0.038651 -0.043833
v 0.099081 0.038217 -0.039653
v 0.105434 0.043667 -0.045789
v 0.109854 0.049201 -0.046727
v 0.109378 0.048023 -0.043541
v 0.104414 0.043078 -0.042038
v 0.103284 0.042691 -0.038309
v 0.108481 0.047505 -0.040243
v 0.112507 0.057712 -0.047534
v 0.113733 0.053395 -0.044041
v 0.113441 0.055289 -0.046253
v 0.111151 0.060274 -0.047872
v 0.109685 0.062813 -0.047872
v 0.108219 0.065351 -0.047872
v 0.114209 0.065506 -0.044576
v 0.115441 0.063372 -0.044576
v 0.113322 0.052379 -0.041292
v 0.092895 0.034482 -0.036709
v 0.097291 0.038884 -0.035782
v 0.090352 0.036856 -0.033478
v 0.087712 0.040432 -0.031892
v 0.090391 0.047945 -0.031182
v 0.088225 0.051697 -0.031182
v 0.092613 0.044255 -0.031433
v 0.094996 0.041026 -0.032865
v 0.099640 0.045197 -0.032252
v 0.095532 0.051370 -0.030751
v 0.097514 0.048078 -0.030975
v 0.089878 0.061443 -0.031197
v 0.088646 0.064638 -0.032886
v 0.094618 0.066460 -0.032196
v 0.095702 0.063651 -0.030712
v 0.101688 0.043286 -0.034855
v 0.107488 0.047164 -0.036964
v 0.106085 0.047687 -0.033928
v 0.104285 0.049368 -0.031640
v 0.102415 0.051901 -0.030516
v 0.112548 0.051932 -0.038448
v 0.111692 0.051638 -0.035620
v 0.110482 0.052089 -0.033000
v 0.108929 0.053539 -0.031027
v 0.114878 0.056491 -0.032073
v 0.113573 0.057710 -0.030414
v 0.093599 0.054717 -0.030751
v 0.091667 0.058065 -0.030751
v 0.100672 0.054795 -0.030319
v 0.098973 0.057738 -0.030319
v 0.097274 0.060681 -0.030319
v 0.101525 0.065859 -0.030227
v 0.107316 0.055723 -0.030058
v 0.105813 0.058220 -0.029888
v 0.102881 0.063297 -0.029888
v 0.104347 0.060759 -0.029888
v 0.108489 0.065914 -0.029457
v 0.112217 0.059546 -0.029599
v 0.110953 0.061645 -0.029457
v 0.109721 0.063780 -0.029457
v 0.115095 0.066800 -0.029025
v 0.078164 0.066490 -0.047043
v 0.083994 0.067777 -0.045110
v 0.082850 0.067117 -0.040906
v 0.088803 0.068476 -0.039427
v 0.088262 0.067136 -0.035802
v 0.090953 0.069452 -0.046906
v 0.099850 0.068489 -0.049848
v 0.098050 0.070170 -0.047560
v 0.096646 0.070693 -0.044523
v 0.089824 0.069065 -0.043177
v 0.095654 0.070352 -0.041245
v 0.102340 0.071933 -0.042140
v 0.106716 0.067848 -0.047702
v 0.105103 0.070033 -0.046733
v 0.103550 0.071482 -0.044760
v 0.112976 0.067640 -0.044576
v 0.111713 0.069740 -0.044433
v 0.109051 0.072795 -0.041959
v 0.110357 0.071576 -0.043619
v 0.108033 0.073174 -0.039757
v 0.116709 0.071631 -0.041164
v 0.115610 0.073120 -0.040504
v 0.094756 0.069834 -0.037947
v 0.101484 0.071640 -0.039312
v 0.094281 0.068656 -0.034761
v 0.100710 0.071193 -0.036468
v 0.100299 0.070177 -0.033719
v 0.100591 0.068282 -0.031507
v 0.107314 0.072927 -0.037380
v 0.106663 0.072552 -0.034988
v 0.114552 0.074107 -0.039159
v 0.113727 0.074415 -0.037374
v 0.113144 0.074215 -0.035447
v 0.106318 0.071697 -0.032677
v 0.106563 0.070105 -0.030818
v 0.112337 0.073218 -0.031636
v 0.112535 0.071927 -0.030128
v 0.112616 0.073910 -0.033509
v 0.107348 0.068068 -0.029741
v 0.114096 0.068530 -0.029025
v 0.113172 0.070276 -0.029256
v 0.116581 0.061218 -0.044291
v 0.117611 0.057589 -0.041355
v 0.117267 0.056734 -0.039044
v 0.117367 0.059181 -0.043215
v 0.120655 0.064724 -0.041049
v 0.121292 0.063073 -0.040177
v 0.116616 0.056359 -0.036653
v 0.115896 0.056112 -0.034275
v 0.121490 0.061782 -0.038669
v 0.121211 0.061090 -0.036796
v 0.120683 0.060785 -0.034858
v 0.120100 0.060585 -0.032931
v 0.119275 0.060893 -0.031146
v 0.118217 0.061880 -0.029801
v 0.117118 0.063369 -0.029141
v 0.116093 0.065070 -0.029025
v 0.119731 0.066470 -0.041280
v 0.118732 0.068200 -0.041280
v 0.117733 0.069930 -0.041280
v 0.198233 0.114450 -0.017106
v 0.199454 0.112762 -0.017106
v 0.197344 0.106741 -0.009313
v 0.197382 0.116351 -0.017106
v 0.196933 0.118392 -0.017106
v 0.191113 0.117535 -0.009313
v 0.196903 0.120495 -0.017106
v 0.191067 0.120759 -0.009313
v 0.197294 0.122579 -0.017106
v 0.191666 0.123954 -0.009313
v 0.198090 0.124564 -0.017106
v 0.192887 0.126998 -0.009313
v 0.199262 0.126373 -0.017106
v 0.194683 0.129772 -0.009313
v 0.207846 0.120000 -0.019054
v 0.206921 0.109269 -0.017106
v 0.204803 0.109572 -0.017106
v 0.209073 0.109379 -0.017106
v 0.211179 0.109897 -0.017106
v 0.200997 0.111353 -0.017106
v 0.202803 0.110276 -0.017106
v 0.200114 0.105089 -0.009313
v 0.203181 0.104011 -0.009313
v 0.206427 0.103546 -0.009313
v 0.209728 0.103714 -0.009313
v 0.212956 0.104508 -0.009313
v 0.200763 0.127938 -0.017106
v 0.202536 0.129197 -0.017106
v 0.213156 0.110803 -0.017106
v 0.204514 0.130103 -0.017106
v 0.206619 0.130621 -0.017106
v 0.208772 0.130731 -0.017106
v 0.210889 0.130428 -0.017106
v 0.212889 0.129724 -0.017106
v 0.214695 0.128647 -0.017106
v 0.215988 0.105898 -0.009313
v 0.214929 0.112062 -0.017106
v 0.218707 0.107829 -0.009313
v 0.216431 0.113627 -0.017106
v 0.221009 0.110228 -0.009313
v 0.222805 0.113002 -0.009313
v 0.217602 0.115436 -0.017106
v 0.218398 0.117421 -0.017106
v 0.218789 0.119505 -0.017106
v 0.218759 0.121608 -0.017106
v 0.217459 0.125550 -0.017106
v 0.218310 0.123649 -0.017106
v 0.216238 0.127238 -0.017106
v 0.220714 0.131098 -0.009313
v 0.224026 0.116046 -0.009313
v 0.224625 0.119241 -0.009313
v 0.224580 0.122465 -0.009313
v 0.223891 0.125595 -0.009313
v 0.222586 0.128510 -0.009313
v 0.196431 0.105588 0.005298
v 0.189657 0.117320 0.005298
v 0.189608 0.120825 0.005298
v 0.190259 0.124298 0.005298
v 0.191587 0.127606 0.005298
v 0.193859 0.107937 0.005298
v 0.190406 0.113918 0.005298
v 0.191825 0.110750 0.005298
v 0.199442 0.103793 0.005298
v 0.192786 0.111305 0.016014
v 0.194698 0.108661 0.016014
v 0.197116 0.106453 0.016014
v 0.191452 0.114283 0.016014
v 0.190749 0.117481 0.016014
v 0.190702 0.120776 0.016014
v 0.191315 0.124040 0.016014
v 0.192562 0.127150 0.016014
v 0.193539 0.130622 0.005298
v 0.202775 0.102620 0.005298
v 0.206304 0.102116 0.005298
v 0.209891 0.102298 0.005298
v 0.213400 0.103161 0.005298
v 0.216696 0.104671 0.005298
v 0.219652 0.106770 0.005298
v 0.222154 0.109378 0.005298
v 0.224106 0.112394 0.005298
v 0.225433 0.115702 0.005298
v 0.226084 0.119175 0.005298
v 0.226035 0.122680 0.005298
v 0.225286 0.126082 0.005298
v 0.223868 0.129250 0.005298
v 0.199946 0.104765 0.016014
v 0.203079 0.103663 0.016014
v 0.206396 0.103189 0.016014
v 0.209769 0.103360 0.016014
v 0.213067 0.104172 0.016014
v 0.216165 0.105591 0.016014
v 0.218943 0.107564 0.016014
v 0.221295 0.110015 0.016014
v 0.223130 0.112850 0.016014
v 0.224378 0.115960 0.016014
v 0.224990 0.119224 0.016014
v 0.224943 0.122519 0.016014
v 0.224240 0.125717 0.016014
v 0.222906 0.128695 0.016014
v 0.196311 0.113340 0.024780
v 0.199627 0.109623 0.024780
v 0.197775 0.111315 0.024780
v 0.195289 0.115621 0.024780
v 0.194750 0.118070 0.024780
v 0.194715 0.120594 0.024780
v 0.195184 0.123095 0.024780
v 0.196139 0.125477 0.024780
v 0.194397 0.129985 0.016014
v 0.197545 0.127648 0.024780
v 0.201438 0.116300 0.028677
v 0.200870 0.117567 0.028677
v 0.200571 0.118928 0.028677
v 0.200551 0.120330 0.028677
v 0.200811 0.121719 0.028677
v 0.201795 0.108331 0.024780
v 0.204195 0.107487 0.024780
v 0.206735 0.107123 0.024780
v 0.209319 0.107255 0.024780
v 0.211845 0.107876 0.024780
v 0.214218 0.108963 0.024780
v 0.216346 0.110475 0.024780
v 0.218147 0.112352 0.024780
v 0.219553 0.114523 0.024780
v 0.220509 0.116905 0.024780
v 0.220978 0.119406 0.024780
v 0.219382 0.126660 0.024780
v 0.220942 0.121930 0.024780
v 0.220403 0.124379 0.024780
v 0.203280 0.114235 0.028677
v 0.204484 0.113517 0.028677
v 0.205818 0.113048 0.028677
v 0.207229 0.112846 0.028677
v 0.208664 0.112919 0.028677
v 0.210068 0.113265 0.028677
v 0.211386 0.113869 0.028677
v 0.202251 0.115175 0.028677
v 0.207846 0.120000 0.029651
v 0.201342 0.123043 0.028677
v 0.202123 0.124249 0.028677
v 0.199346 0.129525 0.024780
v 0.203124 0.125292 0.028677
v 0.201474 0.131037 0.024780
v 0.204306 0.126131 0.028677
v 0.205624 0.126735 0.028677
v 0.203847 0.132124 0.024780
v 0.212568 0.114708 0.028677
v 0.213569 0.115751 0.028677
v 0.214350 0.116957 0.028677
v 0.207028 0.127081 0.028677
v 0.208463 0.127154 0.028677
v 0.206374 0.132745 0.024780
v 0.208957 0.132877 0.024780
v 0.209874 0.126952 0.028677
v 0.211208 0.126483 0.028677
v 0.214255 0.123700 0.028677
v 0.213441 0.124825 0.028677
v 0.212412 0.125765 0.028677
v 0.211497 0.132513 0.024780
v 0.213897 0.131669 0.024780
v 0.217917 0.128685 0.024780
v 0.214881 0.118281 0.028677
v 0.215141 0.119670 0.028677
v 0.215122 0.121072 0.028677
v 0.214822 0.122433 0.028677
v 0.216065 0.130377 0.024780
v 0.196985 0.132171 -0.009313
v 0.199704 0.134102 -0.009313
v 0.202736 0.135492 -0.009313
v 0.205965 0.136286 -0.009313
v 0.209265 0.136454 -0.009313
v 0.212511 0.135989 -0.009313
v 0.215578 0.134911 -0.009313
v 0.218348 0.133259 -0.009313
v 0.196041 0.133230 0.005298
v 0.196749 0.132436 0.016014
v 0.198996 0.135329 0.005298
v 0.202292 0.136839 0.005298
v 0.205801 0.137702 0.005298
v 0.209389 0.137884 0.005298
v 0.212917 0.137380 0.005298
v 0.216251 0.136207 0.005298
v 0.219261 0.134412 0.005298
v 0.221833 0.132063 0.005298
v 0.199527 0.134409 0.016014
v 0.202625 0.135828 0.016014
v 0.205924 0.136640 0.016014
v 0.209296 0.136811 0.016014
v 0.212613 0.136337 0.016014
v 0.215746 0.135235 0.016014
v 0.220994 0.131339 0.016014
v 0.218576 0.133547 0.016014
v -0.001854 0.149740 -0.036450
v -0.001854 0.136740 -0.040690
v -0.002941 0.136571 -0.040152
v 0.000000 0.136829 -0.040975
v -0.001544 0.136755 -0.040738
v -0.003527 0.149480 -0.035623
v -0.003527 0.136480 -0.039863
v -0.004192 0.136277 -0.039217
v -0.004854 0.136075 -0.038575
v -0.004854 0.149075 -0.034335
v -0.005098 0.135929 -0.038111
v -0.003033 0.136557 -0.040107
v -0.005706 0.148565 -0.032712
v -0.005706 0.135565 -0.036952
v -0.005726 0.135527 -0.036830
v -0.005963 0.135072 -0.035380
v -0.006000 0.148000 -0.030912
v -0.006000 0.135000 -0.035152
v -0.005798 0.134611 -0.033915
v -0.005706 0.147435 -0.029113
v -0.005706 0.134435 -0.033353
v -0.005299 0.134191 -0.032578
v 0.000000 0.149829 -0.036735
v -0.001854 0.169740 -0.029927
v 0.000000 0.169829 -0.030212
v -0.003527 0.169480 -0.029100
v -0.004854 0.169075 -0.027811
v -0.004854 0.146925 -0.027490
v -0.004854 0.133925 -0.031730
v -0.004507 0.133819 -0.031393
v -0.003527 0.133520 -0.030442
v -0.003527 0.146520 -0.026202
v -0.003444 0.133507 -0.030401
v -0.001854 0.146260 -0.025375
v -0.002044 0.133290 -0.029709
v -0.001854 0.133260 -0.029615
v -0.000649 0.133202 -0.029430
v 0.000000 0.146171 -0.025090
v 0.000000 0.133171 -0.029330
v -0.005706 0.168565 -0.026188
v -0.006000 0.168000 -0.024389
v -0.005706 0.167435 -0.022590
v -0.004854 0.166925 -0.020967
v -0.003527 0.166520 -0.019679
v -0.001854 0.166260 -0.018851
v 0.000000 0.166171 -0.018567
v -0.003527 0.189480 -0.022576
v -0.001854 0.189740 -0.023403
v 0.000000 0.189829 -0.023688
v -0.004854 0.189075 -0.021288
v -0.005706 0.188565 -0.019665
v -0.006000 0.188000 -0.017866
v -0.005706 0.187435 -0.016067
v -0.004854 0.186925 -0.014443
v -0.003527 0.186520 -0.013155
v -0.001854 0.186260 -0.012328
v 0.000000 0.186171 -0.012043
v -0.004854 0.206925 -0.007920
v 0.000000 0.209829 -0.017165
v -0.003527 0.209480 -0.016053
v -0.004854 0.209075 -0.014765
v -0.001854 0.209740 -0.016880
v -0.005706 0.208565 -0.013142
v -0.006000 0.208000 -0.011343
v -0.005706 0.207435 -0.009543
v -0.003840 0.224665 -0.010765
v -0.002882 0.224854 -0.011390
v -0.000728 0.225134 -0.012050
v -0.005143 0.223930 -0.009313
v -0.005706 0.223983 -0.008113
v -0.001854 0.225111 -0.011867
v 0.000000 0.225149 -0.012168
v -0.003527 0.224796 -0.011057
v -0.004854 0.224239 -0.009819
v -0.003384 0.224809 -0.011131
v -0.003527 0.206520 -0.006632
v -0.001854 0.206260 -0.005805
v 0.000000 0.206171 -0.005520
v -0.005940 0.223811 -0.005781
v -0.005023 0.223223 -0.002960
v -0.005838 0.223933 -0.007242
v -0.006000 0.223871 -0.006166
v -0.005706 0.223579 -0.004278
v -0.004601 0.223030 -0.002396
v -0.004854 0.223135 -0.002633
v -0.003527 0.222584 -0.001393
v -0.003194 0.222491 -0.001242
v -0.001483 0.222243 -0.000529
v -0.003328 0.222512 -0.001308
v -0.001854 0.222286 -0.000578
v -0.001261 0.222217 -0.000500
v 0.000000 0.222071 -0.000334
v 0.001854 0.149740 -0.036450
v 0.001854 0.136740 -0.040690
v 0.003527 0.149480 -0.035623
v 0.002044 0.136710 -0.040596
v 0.002440 0.136649 -0.040401
v 0.003527 0.136480 -0.039863
v 0.003444 0.136493 -0.039904
v 0.004854 0.149075 -0.034335
v 0.004507 0.136181 -0.038912
v 0.005299 0.135809 -0.037727
v 0.004854 0.136075 -0.038575
v 0.005706 0.148565 -0.032712
v 0.005706 0.135565 -0.036952
v 0.005798 0.135389 -0.036390
v 0.006000 0.148000 -0.030912
v 0.005963 0.134928 -0.034924
v 0.006000 0.135000 -0.035152
v 0.005706 0.147435 -0.029113
v 0.005726 0.134473 -0.033475
v 0.005706 0.134435 -0.033353
v 0.005098 0.134071 -0.032194
v 0.001854 0.169740 -0.029927
v 0.003527 0.169480 -0.029100
v 0.004854 0.169075 -0.027811
v 0.005706 0.168565 -0.026188
v 0.001854 0.146260 -0.025375
v 0.003033 0.133443 -0.030198
v 0.003527 0.133520 -0.030442
v 0.004854 0.146925 -0.027490
v 0.004854 0.133925 -0.031730
v 0.003527 0.146520 -0.026202
v 0.004192 0.133723 -0.031087
v 0.001205 0.133229 -0.029515
v 0.001544 0.133245 -0.029567
v 0.001854 0.133260 -0.029615
v 0.006000 0.168000 -0.024389
v 0.005706 0.167435 -0.022590
v 0.003527 0.166520 -0.019679
v 0.001854 0.166260 -0.018851
v 0.004854 0.166925 -0.020967
v 0.001854 0.189740 -0.023403
v 0.003527 0.189480 -0.022576
v 0.004854 0.189075 -0.021288
v 0.005706 0.188565 -0.019665
v 0.006000 0.188000 -0.017866
v 0.005706 0.187435 -0.016067
v 0.004854 0.186925 -0.014443
v 0.001854 0.186260 -0.012328
v 0.003527 0.186520 -0.013155
v 0.004854 0.206925 -0.007920
v 0.003527 0.206520 -0.006632
v 0.001854 0.209740 -0.016880
v 0.003527 0.209480 -0.016053
v 0.004854 0.209075 -0.014765
v 0.005706 0.208565 -0.013142
v 0.006000 0.208000 -0.011343
v 0.005706 0.207435 -0.009543
v 0.002882 0.224854 -0.011390
v 0.004536 0.224372 -0.010116
v 0.005143 0.223930 -0.009313
v 0.005706 0.223983 -0.008113
v 0.001854 0.225111 -0.011867
v 0.002202 0.225024 -0.011706
v 0.003527 0.224796 -0.011057
v 0.004854 0.224239 -0.009819
v 0.001854 0.206260 -0.005805
v 0.005764 0.223636 -0.004647
v 0.005706 0.223579 -0.004278
v 0.006000 0.223871 -0.006166
v 0.000378 0.222114 -0.000384
v 0.001854 0.222286 -0.000578
v 0.003786 0.222691 -0.001635
v 0.004854 0.223135 -0.002633
v 0.004827 0.223124 -0.002608
v 0.002187 0.222337 -0.000743
v 0.002042 0.222315 -0.000671
v 0.003527 0.222584 -0.001393
v 0.003328 0.222512 -0.001308
v -0.019988 0.096840 -0.054056
v -0.018199 0.098318 -0.058761
v 0.000000 0.095000 -0.048199
v -0.014548 0.099432 -0.062307
v -0.008841 0.105252 -0.060778
v -0.009701 0.099979 -0.064048
v -0.004070 0.105339 -0.061057
v -0.004466 0.100075 -0.064353
v 0.000729 0.105339 -0.061057
v 0.000800 0.100075 -0.064353
v -0.013258 0.104753 -0.059192
v -0.016585 0.103738 -0.055961
v -0.018216 0.102391 -0.051673
v -0.020300 0.095244 -0.048975
v -0.014971 0.109158 -0.053161
v -0.011968 0.110075 -0.056078
v -0.016443 0.107942 -0.049289
v -0.007981 0.110525 -0.057509
v -0.003674 0.110603 -0.057760
v 0.000658 0.110603 -0.057760
v -0.003278 0.115868 -0.054464
v 0.000587 0.115868 -0.054464
v -0.010678 0.115396 -0.052963
v -0.007120 0.115797 -0.054240
v -0.013358 0.114578 -0.050360
v -0.006260 0.121070 -0.050971
v -0.002882 0.121132 -0.051168
v 0.000516 0.121132 -0.051168
v -0.020300 0.093638 -0.043865
v -0.018500 0.100937 -0.047043
v -0.019088 0.092087 -0.038927
v -0.018500 0.099473 -0.042386
v -0.017395 0.098060 -0.037886
v -0.015879 0.090839 -0.034953
v -0.014471 0.096922 -0.034264
v -0.011270 0.090116 -0.032653
v -0.006066 0.089925 -0.032045
v -0.000800 0.089925 -0.032045
v -0.010271 0.096264 -0.032168
v -0.005528 0.096089 -0.031614
v -0.000729 0.096089 -0.031614
v -0.014671 0.113493 -0.046906
v -0.016700 0.106629 -0.045110
v -0.016700 0.105309 -0.040906
v -0.014900 0.112322 -0.043177
v -0.012899 0.119044 -0.044523
v -0.014900 0.111144 -0.039427
v -0.013100 0.118015 -0.041245
v -0.009388 0.120717 -0.049848
v -0.011744 0.119998 -0.047560
v -0.008098 0.126039 -0.046733
v -0.005400 0.126343 -0.047702
v -0.010130 0.125419 -0.044760
v -0.002486 0.126396 -0.047872
v 0.000445 0.126396 -0.047872
v -0.004540 0.131616 -0.044433
v -0.002090 0.131661 -0.044576
v 0.000374 0.131661 -0.044576
v -0.011126 0.124596 -0.042140
v -0.006808 0.131360 -0.043619
v -0.008517 0.130839 -0.041959
v -0.009354 0.130147 -0.039757
v -0.015703 0.104032 -0.036844
v -0.014010 0.110005 -0.035802
v -0.013063 0.103005 -0.033575
v -0.013100 0.116979 -0.037947
v -0.009271 0.102411 -0.031683
v -0.011655 0.109089 -0.032886
v -0.004990 0.102254 -0.031182
v -0.008272 0.108558 -0.031197
v -0.012318 0.115978 -0.034761
v -0.010247 0.115172 -0.032196
v -0.007273 0.114706 -0.030712
v -0.000658 0.102254 -0.031182
v -0.011300 0.123707 -0.039312
v -0.011300 0.122814 -0.036468
v -0.009500 0.129400 -0.037380
v -0.009500 0.128649 -0.034988
v -0.010625 0.121950 -0.033719
v -0.008839 0.121255 -0.031507
v -0.008933 0.127923 -0.032677
v -0.007431 0.127338 -0.030818
v -0.004452 0.108418 -0.030751
v -0.003914 0.114582 -0.030319
v -0.000587 0.108418 -0.030751
v -0.000516 0.114582 -0.030319
v -0.006273 0.120853 -0.030227
v -0.003377 0.120747 -0.029888
v -0.000445 0.120747 -0.029888
v -0.005274 0.127000 -0.029741
v -0.002839 0.126911 -0.029457
v -0.004275 0.133148 -0.029256
v -0.000374 0.126911 -0.029457
v -0.002301 0.133075 -0.029025
v -0.003680 0.136889 -0.041164
v -0.005518 0.136681 -0.040504
v -0.001694 0.136925 -0.041280
v 0.000303 0.136925 -0.041280
v -0.006903 0.136259 -0.039159
v -0.007582 0.135698 -0.037374
v -0.007700 0.135092 -0.035447
v -0.007700 0.134484 -0.033509
v -0.007240 0.133895 -0.031636
v -0.006023 0.133422 -0.030128
v -0.000303 0.133075 -0.029025
v 0.019088 0.097913 -0.057470
v 0.020300 0.096362 -0.052533
v 0.005528 0.105339 -0.061057
v 0.006066 0.100075 -0.064353
v 0.010271 0.105165 -0.060502
v 0.011270 0.099884 -0.063745
v 0.004990 0.110603 -0.057760
v 0.004452 0.115868 -0.054464
v 0.009271 0.110446 -0.057260
v 0.014471 0.104506 -0.058406
v 0.015879 0.099161 -0.061444
v 0.013063 0.109852 -0.055368
v 0.008272 0.115727 -0.054018
v 0.011655 0.115197 -0.052330
v 0.003914 0.121132 -0.051168
v 0.007273 0.121009 -0.050776
v 0.010247 0.120542 -0.049291
v 0.014010 0.114281 -0.049413
v 0.017395 0.103369 -0.054785
v 0.018500 0.101955 -0.050285
v 0.015703 0.108825 -0.052099
v 0.016700 0.107549 -0.048037
v 0.020300 0.094756 -0.047423
v 0.019988 0.093160 -0.042342
v 0.018199 0.091682 -0.037637
v 0.018216 0.099038 -0.040998
v 0.004466 0.089925 -0.032045
v 0.009701 0.090021 -0.032350
v 0.014548 0.090568 -0.034091
v 0.004070 0.096089 -0.031614
v 0.008841 0.096177 -0.031892
v 0.013258 0.096675 -0.033478
v 0.016585 0.097690 -0.036709
v 0.003377 0.126396 -0.047872
v 0.006273 0.126290 -0.047534
v 0.002839 0.131661 -0.044576
v 0.005274 0.131571 -0.044291
v 0.012318 0.119737 -0.046727
v 0.013100 0.118736 -0.043541
v 0.008839 0.125888 -0.046253
v 0.010625 0.125193 -0.044041
v 0.014900 0.113142 -0.045789
v 0.011300 0.124329 -0.041292
v 0.013100 0.117700 -0.040243
v 0.007431 0.131233 -0.043215
v 0.008933 0.130649 -0.041355
v 0.009500 0.129923 -0.039044
v 0.018500 0.100492 -0.045628
v 0.016700 0.106228 -0.043833
v 0.016443 0.104915 -0.039653
v 0.014900 0.111964 -0.042038
v 0.014671 0.110792 -0.038309
v 0.003674 0.102254 -0.031182
v 0.007981 0.102333 -0.031433
v 0.003278 0.108418 -0.030751
v 0.011968 0.102782 -0.032865
v 0.007120 0.108488 -0.030975
v 0.014971 0.103699 -0.035782
v 0.010678 0.108890 -0.032252
v 0.013358 0.109707 -0.034855
v 0.011744 0.115716 -0.033928
v 0.006260 0.114644 -0.030516
v 0.009388 0.114997 -0.031640
v 0.012899 0.116670 -0.036964
v 0.011300 0.123436 -0.038448
v 0.011126 0.122547 -0.035620
v 0.009500 0.129172 -0.036653
v 0.009354 0.128425 -0.034275
v 0.010130 0.121724 -0.033000
v 0.008098 0.121104 -0.031027
v 0.008517 0.127733 -0.032073
v 0.006808 0.127212 -0.030414
v 0.002882 0.114582 -0.030319
v 0.002486 0.120747 -0.029888
v 0.005400 0.120800 -0.030058
v 0.002090 0.126911 -0.029457
v 0.004540 0.126956 -0.029599
v 0.001694 0.133075 -0.029025
v 0.003680 0.133111 -0.029141
v 0.002301 0.136925 -0.041280
v 0.004275 0.136852 -0.041049
v 0.006023 0.136578 -0.040177
v 0.007240 0.136105 -0.038669
v 0.007700 0.135516 -0.036796
v 0.007700 0.134907 -0.034858
v 0.007582 0.134302 -0.032931
v 0.006903 0.133741 -0.031146
v 0.005518 0.133319 -0.029801
v -0.006232 0.224276 -0.009313
v -0.004064 0.229745 -0.017106
v -0.010620 0.240000 -0.017106
v -0.015971 0.236680 -0.009313
v -0.016284 0.240000 -0.009313
v -0.010416 0.242166 -0.017106
v -0.015971 0.243320 -0.009313
v -0.005900 0.230771 -0.017106
v 0.000000 0.240000 -0.019054
v -0.002072 0.229113 -0.017106
v 0.000000 0.228900 -0.017106
v -0.007509 0.232151 -0.017106
v -0.008830 0.233833 -0.017106
v -0.009812 0.235752 -0.017106
v -0.010416 0.237834 -0.017106
v -0.009812 0.244248 -0.017106
v -0.013540 0.230544 -0.009313
v -0.009047 0.225848 -0.009313
v -0.011515 0.227965 -0.009313
v -0.015044 0.233487 -0.009313
v -0.008830 0.246167 -0.017106
v -0.007509 0.247849 -0.017106
v -0.005900 0.249229 -0.017106
v -0.004064 0.250255 -0.017106
v -0.002072 0.250887 -0.017106
v 0.000000 0.251100 -0.017106
v -0.015044 0.246513 -0.009313
v -0.013540 0.249456 -0.009313
v -0.011515 0.252035 -0.009313
v -0.009047 0.254152 -0.009313
v -0.006232 0.255724 -0.009313
v -0.003177 0.256693 -0.009313
v 0.000000 0.257020 -0.009313
v -0.009834 0.224618 0.005298
v -0.006773 0.222908 0.005298
v -0.003453 0.221855 0.005298
v 0.000000 0.221500 0.005298
v -0.009244 0.225541 0.016014
v -0.012516 0.226919 0.005298
v -0.006367 0.223934 0.016014
v -0.003246 0.222944 0.016014
v 0.000000 0.222610 0.016014
v -0.014717 0.229722 0.005298
v -0.017360 0.236391 0.005298
v -0.016353 0.232920 0.005298
v -0.017700 0.240000 0.005298
v -0.017360 0.243609 0.005298
v -0.016353 0.247080 0.005298
v -0.014717 0.250278 0.005298
v -0.012516 0.253081 0.005298
v -0.009834 0.255382 0.005298
v -0.006773 0.257092 0.005298
v -0.003453 0.258145 0.005298
v -0.015372 0.233345 0.016014
v -0.013834 0.230339 0.016014
v -0.016318 0.236607 0.016014
v -0.016638 0.240000 0.016014
v -0.016318 0.243393 0.016014
v -0.015372 0.246655 0.016014
v -0.011765 0.227703 0.016014
v 0.000000 0.258500 0.005298
v -0.013834 0.249661 0.016014
v -0.011765 0.252297 0.016014
v -0.009244 0.254459 0.016014
v -0.006367 0.256066 0.016014
v -0.003246 0.257056 0.016014
v -0.004877 0.227694 0.024780
v -0.002486 0.226936 0.024780
v 0.000000 0.226680 0.024780
v -0.011774 0.234903 0.024780
v -0.012499 0.237401 0.024780
v -0.012744 0.240000 0.024780
v -0.012499 0.242599 0.024780
v -0.009011 0.230581 0.024780
v -0.010596 0.232600 0.024780
v -0.007080 0.228925 0.024780
v 0.000000 0.257390 0.016014
v -0.011774 0.245097 0.024780
v -0.010596 0.247400 0.024780
v -0.009011 0.249419 0.024780
v -0.007080 0.251075 0.024780
v -0.004877 0.252306 0.024780
v -0.002486 0.253064 0.024780
v -0.005006 0.234767 0.028677
v -0.006944 0.238556 0.028677
v -0.007080 0.240000 0.028677
v -0.005887 0.235889 0.028677
v -0.006541 0.237168 0.028677
v -0.006944 0.241444 0.028677
v -0.002709 0.233163 0.028677
v -0.003933 0.233847 0.028677
v -0.001381 0.232742 0.028677
v 0.000000 0.232600 0.028677
v 0.000000 0.240000 0.029651
v -0.006541 0.242832 0.028677
v -0.005887 0.244111 0.028677
v 0.000000 0.253320 0.024780
v -0.005006 0.245233 0.028677
v -0.003933 0.246153 0.028677
v -0.002709 0.246837 0.028677
v -0.001381 0.247258 0.028677
v 0.000000 0.247400 0.028677
v 0.002072 0.229113 -0.017106
v 0.006232 0.224276 -0.009313
v 0.004064 0.229745 -0.017106
v 0.005900 0.230771 -0.017106
v 0.007509 0.232151 -0.017106
v 0.008830 0.233833 -0.017106
v 0.009812 0.235752 -0.017106
v 0.010416 0.237834 -0.017106
v 0.010620 0.240000 -0.017106
v 0.010416 0.242166 -0.017106
v 0.009812 0.244248 -0.017106
v 0.009047 0.225848 -0.009313
v 0.011515 0.227965 -0.009313
v 0.013540 0.230544 -0.009313
v 0.015044 0.233487 -0.009313
v 0.015971 0.236680 -0.009313
v 0.015971 0.243320 -0.009313
v 0.016284 0.240000 -0.009313
v 0.002072 0.250887 -0.017106
v 0.004064 0.250255 -0.017106
v 0.005900 0.249229 -0.017106
v 0.007509 0.247849 -0.017106
v 0.008830 0.246167 -0.017106
v 0.003177 0.256693 -0.009313
v 0.006232 0.255724 -0.009313
v 0.009047 0.254152 -0.009313
v 0.011515 0.252035 -0.009313
v 0.015044 0.246513 -0.009313
v 0.013540 0.249456 -0.009313
v 0.006773 0.222908 0.005298
v 0.009834 0.224618 0.005298
v 0.003453 0.221855 0.005298
v 0.012516 0.226919 0.005298
v 0.003246 0.222944 0.016014
v 0.006367 0.223934 0.016014
v 0.009244 0.225541 0.016014
v 0.014717 0.229722 0.005298
v 0.003453 0.258145 0.005298
v 0.009834 0.255382 0.005298
v 0.006773 0.257092 0.005298
v 0.012516 0.253081 0.005298
v 0.016353 0.232920 0.005298
v 0.017360 0.236391 0.005298
v 0.017700 0.240000 0.005298
v 0.017360 0.243609 0.005298
v 0.016353 0.247080 0.005298
v 0.014717 0.250278 0.005298
v 0.011765 0.227703 0.016014
v 0.013834 0.230339 0.016014
v 0.003246 0.257056 0.016014
v 0.009244 0.254459 0.016014
v 0.006367 0.256066 0.016014
v 0.011765 0.252297 0.016014
v 0.015372 0.233345 0.016014
v 0.016318 0.236607 0.016014
v 0.016638 0.240000 0.016014
v 0.016318 0.243393 0.016014
v 0.015372 0.246655 0.016014
v 0.013834 0.249661 0.016014
v 0.002486 0.226936 0.024780
v 0.004877 0.227694 0.024780
v 0.007080 0.228925 0.024780
v 0.009011 0.230581 0.024780
v 0.010596 0.232600 0.024780
v 0.011774 0.234903 0.024780
v 0.004877 0.252306 0.024780
v 0.002486 0.253064 0.024780
v 0.010596 0.247400 0.024780
v 0.007080 0.251075 0.024780
v 0.009011 0.249419 0.024780
v 0.012499 0.237401 0.024780
v 0.012744 0.240000 0.024780
v 0.012499 0.242599 0.024780
v 0.011774 0.245097 0.024780
v 0.001381 0.232742 0.028677
v 0.002709 0.233163 0.028677
v 0.003933 0.233847 0.028677
v 0.005006 0.234767 0.028677
v 0.005887 0.235889 0.028677
v 0.006541 0.237168 0.028677
v 0.006944 0.238556 0.028677
v 0.007080 0.240000 0.028677
v 0.006541 0.242832 0.028677
v 0.005887 0.244111 0.028677
v 0.006944 0.241444 0.028677
v 0.002709 0.246837 0.028677
v 0.003933 0.246153 0.028677
v 0.001381 0.247258 0.028677
v 0.005006 0.245233 0.028677
v -0.183178 0.101686 -0.016053
v -0.165858 0.091686 -0.022576
v -0.166171 0.090334 -0.021288
v -0.182567 0.103264 -0.016880
v -0.165246 0.093264 -0.023403
v -0.166155 0.089341 -0.019665
v -0.183491 0.100334 -0.014765
v -0.165813 0.088804 -0.017866
v -0.183476 0.099341 -0.013142
v -0.183133 0.098804 -0.011343
v -0.165176 0.088776 -0.016067
v -0.182497 0.098776 -0.009543
v -0.164309 0.089259 -0.014443
v -0.181629 0.099259 -0.007920
v -0.163295 0.090206 -0.013155
v -0.181717 0.104915 -0.017165
v -0.164397 0.094915 -0.023688
v -0.195990 0.110563 -0.011686
v -0.195879 0.110950 -0.011867
v -0.195336 0.111937 -0.012050
v -0.195193 0.112195 -0.012098
v -0.196382 0.109474 -0.011131
v -0.196171 0.109931 -0.011390
v -0.196443 0.109344 -0.011057
v -0.196623 0.107916 -0.009819
v -0.196501 0.107511 -0.009313
v -0.196828 0.107049 -0.008113
v -0.194985 0.112575 -0.012168
v -0.194247 0.113793 -0.011937
v -0.180713 0.106476 -0.016880
v -0.194025 0.114161 -0.011867
v -0.193776 0.114419 -0.011706
v -0.193144 0.115129 -0.011261
v -0.179652 0.107794 -0.016053
v -0.193288 0.114923 -0.011390
v -0.192916 0.115452 -0.011057
v -0.192044 0.116114 -0.010116
v -0.178637 0.108741 -0.014765
v -0.191769 0.116323 -0.009819
v -0.191358 0.116419 -0.009313
v -0.191206 0.116750 -0.008542
v -0.163392 0.096476 -0.023403
v -0.162331 0.097794 -0.022576
v -0.161317 0.098741 -0.021288
v -0.177770 0.109224 -0.013142
v -0.159470 0.098659 -0.016067
v -0.176791 0.108659 -0.009543
v -0.176775 0.107666 -0.007920
v -0.160449 0.099224 -0.019665
v -0.177133 0.109196 -0.011343
v -0.159813 0.099196 -0.017866
v -0.131172 0.068804 -0.030912
v -0.119913 0.062304 -0.035152
v -0.119500 0.062285 -0.033983
v -0.130535 0.068776 -0.029113
v -0.119476 0.062284 -0.033915
v -0.119277 0.062276 -0.033353
v -0.118863 0.062506 -0.032578
v -0.118713 0.062590 -0.032298
v -0.130605 0.073264 -0.036450
v -0.147926 0.083264 -0.029927
v -0.147076 0.084915 -0.030212
v -0.131217 0.071686 -0.035623
v -0.148537 0.081686 -0.029100
v -0.119744 0.065738 -0.040152
v -0.120162 0.064307 -0.039026
v -0.131530 0.070334 -0.034335
v -0.129756 0.074915 -0.036735
v -0.146072 0.086476 -0.029927
v -0.128751 0.076476 -0.036450
v -0.131514 0.069341 -0.032712
v -0.148850 0.080334 -0.027811
v -0.120262 0.063188 -0.037520
v -0.145010 0.087794 -0.029100
v -0.127690 0.077794 -0.035623
v -0.143996 0.088741 -0.027811
v -0.126676 0.078741 -0.034335
v -0.143129 0.089224 -0.026188
v -0.125808 0.079224 -0.032712
v -0.119347 0.066764 -0.040690
v -0.119050 0.067342 -0.040790
v -0.119205 0.067040 -0.040738
v -0.118498 0.068415 -0.040975
v -0.118343 0.068655 -0.040931
v -0.118146 0.068961 -0.040875
v -0.117493 0.069976 -0.040690
v -0.117372 0.070125 -0.040596
v -0.119778 0.065652 -0.040107
v -0.119958 0.065186 -0.039863
v -0.120115 0.064508 -0.039217
v -0.120272 0.063834 -0.038575
v -0.120267 0.063550 -0.038111
v -0.117122 0.070437 -0.040401
v -0.116484 0.071229 -0.039904
v -0.116432 0.071294 -0.039863
v -0.116077 0.071626 -0.039412
v -0.115683 0.071994 -0.038912
v -0.115418 0.072241 -0.038575
v -0.115114 0.072410 -0.038007
v -0.114964 0.072494 -0.037727
v -0.120256 0.062841 -0.036952
v -0.120233 0.062805 -0.036830
v -0.120033 0.062492 -0.035782
v -0.119957 0.062372 -0.035380
v -0.125172 0.079196 -0.030912
v -0.114327 0.072715 -0.036322
v -0.124829 0.078659 -0.029113
v -0.113793 0.072508 -0.034523
v -0.114550 0.072724 -0.036952
v -0.114351 0.072716 -0.036390
v -0.113913 0.072696 -0.035152
v -0.113870 0.072628 -0.034924
v -0.113594 0.072195 -0.033475
v -0.113565 0.071812 -0.032785
v -0.113571 0.072159 -0.033353
v -0.148835 0.079341 -0.026188
v -0.148492 0.078804 -0.024389
v -0.147856 0.078776 -0.022590
v -0.129668 0.069259 -0.027490
v -0.146988 0.079259 -0.020967
v -0.142492 0.089196 -0.024389
v -0.142150 0.088659 -0.022590
v -0.145974 0.080206 -0.019679
v -0.144913 0.081524 -0.018851
v -0.162233 0.091524 -0.012328
v -0.143908 0.083085 -0.018567
v -0.161229 0.093085 -0.012043
v -0.160379 0.094736 -0.012328
v -0.143059 0.084736 -0.018851
v -0.142447 0.086314 -0.019679
v -0.159455 0.097666 -0.014443
v -0.159768 0.096314 -0.013155
v -0.142134 0.087666 -0.020967
v -0.177088 0.106314 -0.006632
v -0.128654 0.070206 -0.026202
v -0.127592 0.071524 -0.025375
v -0.125127 0.076314 -0.026202
v -0.124814 0.077666 -0.027490
v -0.126588 0.073085 -0.025090
v -0.125738 0.074736 -0.025375
v -0.118409 0.062759 -0.031730
v -0.118144 0.063006 -0.031393
v -0.117750 0.063374 -0.030893
v -0.117395 0.063706 -0.030442
v -0.117343 0.063771 -0.030401
v -0.116705 0.064563 -0.029904
v -0.116454 0.064875 -0.029709
v -0.116334 0.065024 -0.029615
v -0.115681 0.066039 -0.029430
v -0.114480 0.068236 -0.029615
v -0.113868 0.069814 -0.030442
v -0.113665 0.070693 -0.031279
v -0.113712 0.070492 -0.031087
v -0.114082 0.069262 -0.030152
v -0.114049 0.069348 -0.030198
v -0.115484 0.066344 -0.029374
v -0.115329 0.066585 -0.029330
v -0.114777 0.067658 -0.029515
v -0.114622 0.067960 -0.029567
v -0.113560 0.071450 -0.032194
v -0.113555 0.071166 -0.031730
v -0.180615 0.100206 -0.006632
v -0.196839 0.106980 -0.007677
v -0.196850 0.106911 -0.007242
v -0.196878 0.106739 -0.006166
v -0.196796 0.106761 -0.005781
v -0.196478 0.106847 -0.004278
v -0.196322 0.106947 -0.003962
v -0.195829 0.107261 -0.002960
v -0.195668 0.107364 -0.002633
v -0.195450 0.107531 -0.002396
v -0.179554 0.101524 -0.005805
v -0.194280 0.108479 -0.001242
v -0.178549 0.103085 -0.005520
v -0.193210 0.109837 -0.000529
v -0.194526 0.108238 -0.001393
v -0.190817 0.115743 -0.002608
v -0.190814 0.115771 -0.002633
v -0.190963 0.114625 -0.001635
v -0.194365 0.108374 -0.001308
v -0.193432 0.109537 -0.000578
v -0.193076 0.110017 -0.000500
v -0.192319 0.111035 -0.000334
v -0.192168 0.111384 -0.000384
v -0.191456 0.113062 -0.000743
v -0.191509 0.112926 -0.000671
v -0.191578 0.112749 -0.000578
v -0.177700 0.104736 -0.005805
v -0.191000 0.114346 -0.001393
v -0.191037 0.114138 -0.001308
v -0.191121 0.116933 -0.008113
v -0.190929 0.117090 -0.006577
v -0.190878 0.117131 -0.006166
v -0.190792 0.116809 -0.004647
v -0.190772 0.116731 -0.004278
v -0.190806 0.115954 -0.002946
v -0.093860 0.031110 -0.054056
v -0.092634 0.030042 -0.048975
v -0.097781 0.035420 -0.051673
v -0.093385 0.037117 -0.062307
v -0.095571 0.044970 -0.060778
v -0.091435 0.041588 -0.064048
v -0.093261 0.049145 -0.061057
v -0.088900 0.046170 -0.064353
v -0.090862 0.053301 -0.061057
v -0.086267 0.050730 -0.064353
v -0.088462 0.057457 -0.061057
v -0.083634 0.055291 -0.064353
v -0.085940 0.061477 -0.060502
v -0.097348 0.040895 -0.059192
v -0.098133 0.037506 -0.055961
v -0.101312 0.044672 -0.056078
v -0.099707 0.048351 -0.057509
v -0.102020 0.041614 -0.053161
v -0.101702 0.039731 -0.049289
v -0.105275 0.048450 -0.052963
v -0.103844 0.051732 -0.054240
v -0.105907 0.045721 -0.050360
v -0.101983 0.055095 -0.054464
v -0.097622 0.052120 -0.057760
v -0.107980 0.055114 -0.050971
v -0.106344 0.058070 -0.051168
v -0.100051 0.058442 -0.054464
v -0.104645 0.061013 -0.051168
v -0.102946 0.063956 -0.051168
v -0.098118 0.061790 -0.054464
v -0.101160 0.066803 -0.050776
v -0.094245 0.033399 -0.058761
v -0.082272 0.047500 -0.048199
v -0.095456 0.055872 -0.057760
v -0.093290 0.059623 -0.057760
v -0.091014 0.063252 -0.057260
v -0.088603 0.066239 -0.055368
v -0.083270 0.064785 -0.058406
v -0.096087 0.065028 -0.054018
v -0.080867 0.059702 -0.063745
v -0.077937 0.063332 -0.061444
v -0.075251 0.065487 -0.057470
v -0.073302 0.065761 -0.052533
v -0.093936 0.067692 -0.052330
v -0.099269 0.069145 -0.049291
v -0.086394 0.068011 -0.052099
v -0.091965 0.069273 -0.049413
v -0.080822 0.066749 -0.054785
v -0.079046 0.066999 -0.050285
v -0.084790 0.068237 -0.048037
v -0.113202 0.056006 -0.046733
v -0.116253 0.061876 -0.044433
v -0.112116 0.058495 -0.047702
v -0.113681 0.053936 -0.044760
v -0.113466 0.052662 -0.042140
v -0.117568 0.058044 -0.041959
v -0.117387 0.056973 -0.039757
v -0.117165 0.059784 -0.043619
v -0.115066 0.064020 -0.044576
v -0.113834 0.066155 -0.044576
v -0.110705 0.061045 -0.047872
v -0.121129 0.063562 -0.040504
v -0.120389 0.065258 -0.041164
v -0.119427 0.066995 -0.041280
v -0.121455 0.062151 -0.039159
v -0.121309 0.061283 -0.037374
v -0.120844 0.060878 -0.035447
v -0.112784 0.052068 -0.039312
v -0.116814 0.056473 -0.037380
v -0.112010 0.051621 -0.036468
v -0.116163 0.056097 -0.034988
v -0.120316 0.060573 -0.033509
v -0.110924 0.051773 -0.033719
v -0.115251 0.056225 -0.032677
v -0.119577 0.060677 -0.031636
v -0.118558 0.061495 -0.030128
v -0.113994 0.057234 -0.030818
v -0.117447 0.062872 -0.029256
v -0.116397 0.064545 -0.029025
v -0.112623 0.058933 -0.029741
v -0.111327 0.060997 -0.029457
v -0.118429 0.068725 -0.041280
v -0.117430 0.070455 -0.041280
v -0.112602 0.068289 -0.044576
v -0.116380 0.072128 -0.041049
v -0.111307 0.070353 -0.044291
v -0.115269 0.073505 -0.040177
v -0.114250 0.074323 -0.038669
v -0.109936 0.072052 -0.043215
v -0.113511 0.074427 -0.036796
v -0.112518 0.073717 -0.032931
v -0.112372 0.072849 -0.031146
v -0.112983 0.074122 -0.034858
v -0.115398 0.066275 -0.029025
v -0.114399 0.068005 -0.029025
v -0.110095 0.063131 -0.029457
v -0.113438 0.069742 -0.029141
v -0.112698 0.071438 -0.029801
v -0.091243 0.029239 -0.043865
v -0.096664 0.034447 -0.047043
v -0.095397 0.033715 -0.042386
v -0.093620 0.033965 -0.037886
v -0.105624 0.044041 -0.046906
v -0.109794 0.049829 -0.047560
v -0.109545 0.048352 -0.044523
v -0.100694 0.038852 -0.045110
v -0.104724 0.043257 -0.043177
v -0.108754 0.047662 -0.041245
v -0.099550 0.038192 -0.040906
v -0.103703 0.042668 -0.039427
v -0.109238 0.052228 -0.049848
v -0.109240 0.063584 -0.047872
v -0.107774 0.066122 -0.047872
v -0.107856 0.047144 -0.037947
v -0.097946 0.038417 -0.036844
v -0.102272 0.042869 -0.035802
v -0.106598 0.047321 -0.034761
v -0.100301 0.044451 -0.032886
v -0.095737 0.040190 -0.033575
v -0.104865 0.048712 -0.032196
v -0.098150 0.047115 -0.031197
v -0.109429 0.052973 -0.031507
v -0.102974 0.051054 -0.030712
v -0.091172 0.035929 -0.034264
v -0.093326 0.043176 -0.031683
v -0.088502 0.039237 -0.032168
v -0.091049 0.046805 -0.031182
v -0.085980 0.043257 -0.031614
v -0.083580 0.047413 -0.031614
v -0.088883 0.050557 -0.031182
v -0.088962 0.063693 -0.032252
v -0.094896 0.065629 -0.031640
v -0.096155 0.062744 -0.030516
v -0.081181 0.051569 -0.031614
v -0.086717 0.054309 -0.031182
v -0.092254 0.057048 -0.030751
v -0.084632 0.058078 -0.031433
v -0.090393 0.060411 -0.030975
v -0.083028 0.061756 -0.032865
v -0.071911 0.064958 -0.047423
v -0.070685 0.063890 -0.042342
v -0.070299 0.061601 -0.037637
v -0.078277 0.044270 -0.032045
v -0.075645 0.048830 -0.032045
v -0.076661 0.065294 -0.040998
v -0.082320 0.064815 -0.035782
v -0.076310 0.063208 -0.036709
v -0.071160 0.057883 -0.034091
v -0.073110 0.053412 -0.032350
v -0.078871 0.055745 -0.031892
v -0.077094 0.059820 -0.033478
v -0.107798 0.054993 -0.030227
v -0.106258 0.057449 -0.029888
v -0.104792 0.059988 -0.029888
v -0.103327 0.062526 -0.029888
v -0.108863 0.065265 -0.029457
v -0.101188 0.053901 -0.030319
v -0.096119 0.050353 -0.030751
v -0.099489 0.056844 -0.030319
v -0.101916 0.065077 -0.030058
v -0.097790 0.059787 -0.030319
v -0.094186 0.053701 -0.030751
v -0.106234 0.068578 -0.047534
v -0.104603 0.070599 -0.046253
v -0.103108 0.071798 -0.044041
v -0.097536 0.070536 -0.046727
v -0.108679 0.073060 -0.041355
v -0.107767 0.073189 -0.039044
v -0.102022 0.071951 -0.041292
v -0.096278 0.070713 -0.043541
v -0.090534 0.069475 -0.045789
v -0.095381 0.070195 -0.040243
v -0.089514 0.068886 -0.042038
v -0.083646 0.067577 -0.043833
v -0.088614 0.068102 -0.038309
v -0.107116 0.072813 -0.036653
v -0.101248 0.071504 -0.038448
v -0.106542 0.072313 -0.034275
v -0.100566 0.070909 -0.035620
v -0.106362 0.071242 -0.032073
v -0.106764 0.069502 -0.030414
v -0.100351 0.069635 -0.033000
v -0.100830 0.067566 -0.031027
v -0.094590 0.069505 -0.036964
v -0.094341 0.068029 -0.033928
v -0.082637 0.066698 -0.039653
v -0.088330 0.066422 -0.034855
v -0.077779 0.066267 -0.045628
v -0.107677 0.067409 -0.029599
v -0.217602 0.115436 -0.017106
v -0.221009 0.110228 -0.009313
v -0.222805 0.113002 -0.009313
v -0.214929 0.112062 -0.017106
v -0.218707 0.107829 -0.009313
v -0.216431 0.113627 -0.017106
v -0.213156 0.110803 -0.017106
v -0.211179 0.109897 -0.017106
v -0.212956 0.104508 -0.009313
v -0.215988 0.105898 -0.009313
v -0.207846 0.120000 -0.019054
v -0.218398 0.117421 -0.017106
v -0.218789 0.119505 -0.017106
v -0.218759 0.121608 -0.017106
v -0.218310 0.123649 -0.017106
v -0.217459 0.125550 -0.017106
v -0.216238 0.127238 -0.017106
v -0.214695 0.128647 -0.017106
v -0.224026 0.116046 -0.009313
v -0.224625 0.119241 -0.009313
v -0.224580 0.122465 -0.009313
v -0.223891 0.125595 -0.009313
v -0.222586 0.128510 -0.009313
v -0.220714 0.131098 -0.009313
v -0.209073 0.109379 -0.017106
v -0.206921 0.109269 -0.017106
v -0.204803 0.109572 -0.017106
v -0.209728 0.103714 -0.009313
v -0.206427 0.103546 -0.009313
v -0.203181 0.104011 -0.009313
v -0.202803 0.110276 -0.017106
v -0.200114 0.105089 -0.009313
v -0.200997 0.111353 -0.017106
v -0.199454 0.112762 -0.017106
v -0.197344 0.106741 -0.009313
v -0.212889 0.129724 -0.017106
v -0.210889 0.130428 -0.017106
v -0.208772 0.130731 -0.017106
v -0.206619 0.130621 -0.017106
v -0.204514 0.130103 -0.017106
v -0.202536 0.129197 -0.017106
v -0.198233 0.114450 -0.017106
v -0.197382 0.116351 -0.017106
v -0.196933 0.118392 -0.017106
v -0.196903 0.120495 -0.017106
v -0.197294 0.122579 -0.017106
v -0.200763 0.127938 -0.017106
v -0.199262 0.126373 -0.017106
v -0.198090 0.124564 -0.017106
v -0.196985 0.132171 -0.009313
v -0.191113 0.117535 -0.009313
v -0.191067 0.120759 -0.009313
v -0.192887 0.126998 -0.009313
v -0.191666 0.123954 -0.009313
v -0.194683 0.129772 -0.009313
v -0.219652 0.106770 0.005298
v -0.222154 0.109378 0.005298
v -0.213400 0.103161 0.005298
v -0.216696 0.104671 0.005298
v -0.225433 0.115702 0.005298
v -0.224106 0.112394 0.005298
v -0.226084 0.119175 0.005298
v -0.226035 0.122680 0.005298
v -0.225286 0.126082 0.005298
v -0.209891 0.102298 0.005298
v -0.206304 0.102116 0.005298
v -0.202775 0.102620 0.005298
v -0.199442 0.103793 0.005298
v -0.196431 0.105588 0.005298
v -0.218943 0.107564 0.016014
v -0.221295 0.110015 0.016014
v -0.213067 0.104172 0.016014
v -0.216165 0.105591 0.016014
v -0.223868 0.129250 0.005298
v -0.224378 0.115960 0.016014
v -0.223130 0.112850 0.016014
v -0.224990 0.119224 0.016014
v -0.224943 0.122519 0.016014
v -0.224240 0.125717 0.016014
v -0.209769 0.103360 0.016014
v -0.206396 0.103189 0.016014
v -0.203079 0.103663 0.016014
v -0.199946 0.104765 0.016014
v -0.190259 0.124298 0.005298
v -0.193539 0.130622 0.005298
v -0.191587 0.127606 0.005298
v -0.189657 0.117320 0.005298
v -0.189608 0.120825 0.005298
v -0.193859 0.107937 0.005298
v -0.191825 0.110750 0.005298
v -0.190406 0.113918 0.005298
v -0.197116 0.106453 0.016014
v -0.194698 0.108661 0.016014
v -0.192786 0.111305 0.016014
v -0.191452 0.114283 0.016014
v -0.192562 0.127150 0.016014
v -0.190749 0.117481 0.016014
v -0.190702 0.120776 0.016014
v -0.191315 0.124040 0.016014
v -0.218147 0.112352 0.024780
v -0.214218 0.108963 0.024780
v -0.216346 0.110475 0.024780
v -0.211845 0.107876 0.024780
v -0.222906 0.128695 0.016014
v -0.220509 0.116905 0.024780
v -0.220978 0.119406 0.024780
v -0.219553 0.114523 0.024780
v -0.220942 0.121930 0.024780
v -0.220403 0.124379 0.024780
v -0.219382 0.126660 0.024780
v -0.220994 0.131339 0.016014
v -0.209319 0.107255 0.024780
v -0.206735 0.107123 0.024780
v -0.204195 0.107487 0.024780
v -0.201795 0.108331 0.024780
v -0.199627 0.109623 0.024780
v -0.212568 0.114708 0.028677
v -0.211386 0.113869 0.028677
v -0.210068 0.113265 0.028677
v -0.217917 0.128685 0.024780
v -0.215141 0.119670 0.028677
v -0.214350 0.116957 0.028677
v -0.213569 0.115751 0.028677
v -0.214881 0.118281 0.028677
v -0.215122 0.121072 0.028677
v -0.207846 0.120000 0.029651
v -0.214822 0.122433 0.028677
v -0.214255 0.123700 0.028677
v -0.213441 0.124825 0.028677
v -0.216065 0.130377 0.024780
v -0.212412 0.125765 0.028677
v -0.211208 0.126483 0.028677
v -0.213897 0.131669 0.024780
v -0.197775 0.111315 0.024780
v -0.208664 0.112919 0.028677
v -0.207229 0.112846 0.028677
v -0.205818 0.113048 0.028677
v -0.204484 0.113517 0.028677
v -0.203280 0.114235 0.028677
v -0.202251 0.115175 0.028677
v -0.209874 0.126952 0.028677
v -0.208463 0.127154 0.028677
v -0.211497 0.132513 0.024780
v -0.208957 0.132877 0.024780
v -0.207028 0.127081 0.028677
v -0.205624 0.126735 0.028677
v -0.204306 0.126131 0.028677
v -0.203124 0.125292 0.028677
v -0.206374 0.132745 0.024780
v -0.203847 0.132124 0.024780
v -0.201438 0.116300 0.028677
v -0.196311 0.113340 0.024780
v -0.200870 0.117567 0.028677
v -0.200571 0.118928 0.028677
v -0.200551 0.120330 0.028677
v -0.200811 0.121719 0.028677
v -0.195289 0.115621 0.024780
v -0.194750 0.118070 0.024780
v -0.194715 0.120594 0.024780
v -0.199346 0.129525 0.024780
v -0.201474 0.131037 0.024780
v -0.197545 0.127648 0.024780
v -0.202123 0.124249 0.028677
v -0.196139 0.125477 0.024780
v -0.201342 0.123043 0.028677
v -0.195184 0.123095 0.024780
v -0.194397 0.129985 0.016014
v -0.218348 0.133259 -0.009313
v -0.215578 0.134911 -0.009313
v -0.212511 0.135989 -0.009313
v -0.209265 0.136454 -0.009313
v -0.205965 0.136286 -0.009313
v -0.202736 0.135492 -0.009313
v -0.199704 0.134102 -0.009313
v -0.221833 0.132063 0.005298
v -0.219261 0.134412 0.005298
v -0.216251 0.136207 0.005298
v -0.212917 0.137380 0.005298
v -0.209389 0.137884 0.005298
v -0.205801 0.137702 0.005298
v -0.202292 0.136839 0.005298
v -0.198996 0.135329 0.005298
v -0.218576 0.133547 0.016014
v -0.215746 0.135235 0.016014
v -0.212613 0.136337 0.016014
v -0.209296 0.136811 0.016014
v -0.205924 0.136640 0.016014
v -0.202625 0.135828 0.016014
v -0.199527 0.134409 0.016014
v -0.196041 0.133230 0.005298
v -0.196749 0.132436 0.016014
v -0.182567 -0.103264 -0.016880
v -0.165246 -0.093264 -0.023403
v -0.164397 -0.094915 -0.023688
v -0.181717 -0.104915 -0.017165
v -0.163392 -0.096476 -0.023403
v -0.178637 -0.108741 -0.014765
v -0.191769 -0.116323 -0.009819
v -0.192645 -0.115658 -0.010765
v -0.191470 -0.116393 -0.009451
v -0.194985 -0.112575 -0.012168
v -0.195671 -0.111327 -0.011937
v -0.195879 -0.110950 -0.011867
v -0.195977 -0.110605 -0.011706
v -0.196171 -0.109931 -0.011390
v -0.196276 -0.109703 -0.011261
v -0.183178 -0.101686 -0.016053
v -0.196443 -0.109344 -0.011057
v -0.183491 -0.100334 -0.014765
v -0.196623 -0.107916 -0.009819
v -0.196501 -0.107511 -0.009313
v -0.180713 -0.106476 -0.016880
v -0.193745 -0.114450 -0.011686
v -0.194025 -0.114161 -0.011867
v -0.194608 -0.113197 -0.012050
v -0.194761 -0.112945 -0.012098
v -0.179652 -0.107794 -0.016053
v -0.192998 -0.115335 -0.011131
v -0.193288 -0.114923 -0.011390
v -0.192916 -0.115452 -0.011057
v -0.183476 -0.099341 -0.013142
v -0.165858 -0.091686 -0.022576
v -0.161317 -0.098741 -0.021288
v -0.162331 -0.097794 -0.022576
v -0.177770 -0.109224 -0.013142
v -0.177133 -0.109196 -0.011343
v -0.191121 -0.116933 -0.008113
v -0.160449 -0.099224 -0.019665
v -0.159813 -0.099196 -0.017866
v -0.159470 -0.098659 -0.016067
v -0.176791 -0.108659 -0.009543
v -0.166171 -0.090334 -0.021288
v -0.166155 -0.089341 -0.019665
v -0.183133 -0.098804 -0.011343
v -0.165813 -0.088804 -0.017866
v -0.182497 -0.098776 -0.009543
v -0.165176 -0.088776 -0.016067
v -0.181629 -0.099259 -0.007920
v -0.164309 -0.089259 -0.014443
v -0.129756 -0.074915 -0.036735
v -0.147076 -0.084915 -0.030212
v -0.147926 -0.083264 -0.029927
v -0.130605 -0.073264 -0.036450
v -0.148537 -0.081686 -0.029100
v -0.127690 -0.077794 -0.035623
v -0.145010 -0.087794 -0.029100
v -0.146072 -0.086476 -0.029927
v -0.128751 -0.076476 -0.036450
v -0.126676 -0.078741 -0.034335
v -0.125808 -0.079224 -0.032712
v -0.143996 -0.088741 -0.027811
v -0.131217 -0.071686 -0.035623
v -0.131530 -0.070334 -0.034335
v -0.120068 -0.064713 -0.039412
v -0.148850 -0.080334 -0.027811
v -0.148835 -0.079341 -0.026188
v -0.131514 -0.069341 -0.032712
v -0.120266 -0.063486 -0.038007
v -0.131172 -0.068804 -0.030912
v -0.120136 -0.062653 -0.036322
v -0.117845 -0.069429 -0.040790
v -0.116803 -0.070833 -0.040152
v -0.116745 -0.070905 -0.040107
v -0.116432 -0.071294 -0.039863
v -0.115772 -0.071910 -0.039026
v -0.118498 -0.068415 -0.040975
v -0.119347 -0.066764 -0.040690
v -0.118795 -0.067837 -0.040875
v -0.118629 -0.068160 -0.040931
v -0.117661 -0.069715 -0.040738
v -0.117493 -0.069976 -0.040690
v -0.119561 -0.066212 -0.040401
v -0.119417 -0.066585 -0.040596
v -0.119958 -0.065186 -0.039863
v -0.119928 -0.065263 -0.039904
v -0.120190 -0.064188 -0.038912
v -0.120272 -0.063834 -0.038575
v -0.120264 -0.063315 -0.037727
v -0.115923 -0.071769 -0.039217
v -0.115418 -0.072241 -0.038575
v -0.115170 -0.072379 -0.038111
v -0.114853 -0.072555 -0.037520
v -0.114136 -0.072706 -0.035782
v -0.125172 -0.079196 -0.030912
v -0.113571 -0.072159 -0.033353
v -0.124829 -0.078659 -0.029113
v -0.120256 -0.062841 -0.036952
v -0.120149 -0.062673 -0.036390
v -0.130535 -0.068776 -0.029113
v -0.119691 -0.062294 -0.034523
v -0.114550 -0.072724 -0.036952
v -0.114507 -0.072723 -0.036830
v -0.113994 -0.072700 -0.035380
v -0.113913 -0.072696 -0.035152
v -0.113691 -0.072347 -0.033983
v -0.113678 -0.072327 -0.033915
v -0.113563 -0.071685 -0.032578
v -0.113561 -0.071514 -0.032298
v -0.159455 -0.097666 -0.014443
v -0.176775 -0.107666 -0.007920
v -0.159768 -0.096314 -0.013155
v -0.143129 -0.089224 -0.026188
v -0.142492 -0.089196 -0.024389
v -0.148492 -0.078804 -0.024389
v -0.147856 -0.078776 -0.022590
v -0.142150 -0.088659 -0.022590
v -0.146988 -0.079259 -0.020967
v -0.163295 -0.090206 -0.013155
v -0.180615 -0.100206 -0.006632
v -0.162233 -0.091524 -0.012328
v -0.145974 -0.080206 -0.019679
v -0.161229 -0.093085 -0.012043
v -0.144913 -0.081524 -0.018851
v -0.142134 -0.087666 -0.020967
v -0.142447 -0.086314 -0.019679
v -0.143059 -0.084736 -0.018851
v -0.160379 -0.094736 -0.012328
v -0.143908 -0.083085 -0.018567
v -0.124814 -0.077666 -0.027490
v -0.125127 -0.076314 -0.026202
v -0.125738 -0.074736 -0.025375
v -0.129668 -0.069259 -0.027490
v -0.128654 -0.070206 -0.026202
v -0.126588 -0.073085 -0.025090
v -0.127592 -0.071524 -0.025375
v -0.113759 -0.070287 -0.030893
v -0.114266 -0.068788 -0.029904
v -0.118973 -0.062445 -0.032785
v -0.118657 -0.062621 -0.032194
v -0.118409 -0.062759 -0.031730
v -0.118054 -0.063090 -0.031279
v -0.117395 -0.063706 -0.030442
v -0.117903 -0.063231 -0.031087
v -0.117024 -0.064167 -0.030152
v -0.117082 -0.064095 -0.030198
v -0.115032 -0.067163 -0.029430
v -0.116334 -0.065024 -0.029615
v -0.113555 -0.071166 -0.031730
v -0.113637 -0.070812 -0.031393
v -0.113868 -0.069814 -0.030442
v -0.113899 -0.069737 -0.030401
v -0.114480 -0.068236 -0.029615
v -0.115198 -0.066840 -0.029374
v -0.115329 -0.066585 -0.029330
v -0.114410 -0.068415 -0.029709
v -0.116166 -0.065285 -0.029567
v -0.115982 -0.065571 -0.029515
v -0.119913 -0.062304 -0.035152
v -0.119833 -0.062300 -0.034924
v -0.119320 -0.062277 -0.033475
v -0.119277 -0.062276 -0.033353
v -0.191358 -0.116419 -0.009313
v -0.191067 -0.116978 -0.007677
v -0.191012 -0.117022 -0.007242
v -0.190878 -0.117131 -0.006166
v -0.190856 -0.117050 -0.005781
v -0.190772 -0.116731 -0.004278
v -0.190780 -0.116547 -0.003962
v -0.190805 -0.115962 -0.002960
v -0.190814 -0.115771 -0.002633
v -0.196828 -0.107049 -0.008113
v -0.196867 -0.106805 -0.006577
v -0.196878 -0.106739 -0.006166
v -0.196556 -0.106826 -0.004647
v -0.196478 -0.106847 -0.004278
v -0.195822 -0.107266 -0.002946
v -0.195668 -0.107364 -0.002633
v -0.195645 -0.107381 -0.002608
v -0.190849 -0.115499 -0.002396
v -0.177088 -0.106314 -0.006632
v -0.191000 -0.114346 -0.001393
v -0.178549 -0.103085 -0.005520
v -0.191815 -0.112200 -0.000500
v -0.191726 -0.112406 -0.000529
v -0.194749 -0.108067 -0.001635
v -0.194526 -0.108238 -0.001393
v -0.193643 -0.109275 -0.000743
v -0.193552 -0.109389 -0.000671
v -0.193432 -0.109537 -0.000578
v -0.194365 -0.108374 -0.001308
v -0.179554 -0.101524 -0.005805
v -0.192546 -0.110730 -0.000384
v -0.192319 -0.111035 -0.000334
v -0.191037 -0.114138 -0.001308
v -0.191086 -0.114012 -0.001242
v -0.177700 -0.104736 -0.005805
v -0.191578 -0.112749 -0.000578
v -0.089343 -0.065402 -0.056078
v -0.084090 -0.063859 -0.059192
v -0.081547 -0.066232 -0.055961
v -0.094597 -0.066946 -0.052963
v -0.096723 -0.064065 -0.054240
v -0.101720 -0.065957 -0.050971
v -0.087048 -0.067545 -0.053161
v -0.092549 -0.068857 -0.050360
v -0.076047 -0.064920 -0.058761
v -0.073872 -0.065730 -0.054056
v -0.079565 -0.066971 -0.051673
v -0.085259 -0.068211 -0.049289
v -0.072334 -0.065202 -0.048975
v -0.086730 -0.060282 -0.060778
v -0.089191 -0.056194 -0.061057
v -0.081734 -0.058391 -0.064048
v -0.091591 -0.052038 -0.061057
v -0.084434 -0.053905 -0.064353
v -0.087067 -0.049345 -0.064353
v -0.093990 -0.047882 -0.061057
v -0.089700 -0.044784 -0.064353
v -0.096211 -0.043688 -0.060502
v -0.092137 -0.040182 -0.063745
v -0.102571 -0.054078 -0.054464
v -0.098280 -0.050980 -0.057760
v -0.096114 -0.054732 -0.057760
v -0.104359 -0.050700 -0.054018
v -0.108433 -0.054206 -0.050776
v -0.109516 -0.051397 -0.049291
v -0.105591 -0.047505 -0.052330
v -0.100638 -0.057425 -0.054464
v -0.105161 -0.060119 -0.051168
v -0.106861 -0.057176 -0.051168
v -0.098705 -0.060773 -0.054464
v -0.103462 -0.063062 -0.051168
v -0.100285 -0.047194 -0.057260
v -0.101666 -0.043613 -0.055368
v -0.102096 -0.040814 -0.052099
v -0.097741 -0.039721 -0.058406
v -0.105975 -0.045007 -0.049413
v -0.098217 -0.036620 -0.054785
v -0.101490 -0.039312 -0.048037
v -0.093948 -0.058483 -0.057760
v -0.091727 -0.062174 -0.057509
v -0.093815 -0.035829 -0.061444
v -0.094339 -0.032426 -0.057470
v -0.082272 -0.047500 -0.048199
v -0.097546 -0.034956 -0.050285
v -0.093602 -0.030600 -0.052533
v -0.078837 -0.062315 -0.062307
v -0.120655 -0.064724 -0.041049
v -0.115441 -0.063372 -0.044576
v -0.119731 -0.066470 -0.041280
v -0.114209 -0.065506 -0.044576
v -0.118732 -0.068200 -0.041280
v -0.117733 -0.069930 -0.041280
v -0.112976 -0.067640 -0.044576
v -0.111713 -0.069740 -0.044433
v -0.116709 -0.071631 -0.041164
v -0.110357 -0.071576 -0.043619
v -0.115610 -0.073120 -0.040504
v -0.109051 -0.072795 -0.041959
v -0.114552 -0.074107 -0.039159
v -0.113727 -0.074415 -0.037374
v -0.113144 -0.074215 -0.035447
v -0.112616 -0.073910 -0.033509
v -0.112337 -0.073218 -0.031636
v -0.112535 -0.071927 -0.030128
v -0.113172 -0.070276 -0.029256
v -0.114096 -0.068530 -0.029025
v -0.115095 -0.066800 -0.029025
v -0.116093 -0.065070 -0.029025
v -0.116581 -0.061218 -0.044291
v -0.112507 -0.057712 -0.047534
v -0.111151 -0.060274 -0.047872
v -0.109685 -0.062813 -0.047872
v -0.117367 -0.059181 -0.043215
v -0.113441 -0.055289 -0.046253
v -0.121292 -0.063073 -0.040177
v -0.117611 -0.057589 -0.041355
v -0.113733 -0.053395 -0.044041
v -0.117267 -0.056734 -0.039044
v -0.113322 -0.052379 -0.041292
v -0.121490 -0.061782 -0.038669
v -0.121211 -0.061090 -0.036796
v -0.120683 -0.060785 -0.034858
v -0.116616 -0.056359 -0.036653
v -0.112548 -0.051932 -0.038448
v -0.115896 -0.056112 -0.034275
v -0.120100 -0.060585 -0.032931
v -0.119275 -0.060893 -0.031146
v -0.114878 -0.056491 -0.032073
v -0.111692 -0.051638 -0.035620
v -0.118217 -0.061880 -0.029801
v -0.117118 -0.063369 -0.029141
v -0.112217 -0.059546 -0.029599
v -0.113573 -0.057710 -0.030414
v -0.110953 -0.061645 -0.029457
v -0.106716 -0.067848 -0.047702
v -0.105103 -0.070033 -0.046733
v -0.108219 -0.065351 -0.047872
v -0.099850 -0.068489 -0.049848
v -0.098050 -0.070170 -0.047560
v -0.103550 -0.071482 -0.044760
v -0.102340 -0.071933 -0.042140
v -0.108033 -0.073174 -0.039757
v -0.096646 -0.070693 -0.044523
v -0.090953 -0.069452 -0.046906
v -0.083994 -0.067777 -0.045110
v -0.089824 -0.069065 -0.043177
v -0.095654 -0.070352 -0.041245
v -0.088803 -0.068476 -0.039427
v -0.082850 -0.067117 -0.040906
v -0.107314 -0.072927 -0.037380
v -0.101484 -0.071640 -0.039312
v -0.100710 -0.071193 -0.036468
v -0.106663 -0.072552 -0.034988
v -0.094756 -0.069834 -0.037947
v -0.106318 -0.071697 -0.032677
v -0.106563 -0.070105 -0.030818
v -0.100299 -0.070177 -0.033719
v -0.100591 -0.068282 -0.031507
v -0.094281 -0.068656 -0.034761
v -0.088262 -0.067136 -0.035802
v -0.082243 -0.065615 -0.036844
v -0.094618 -0.066460 -0.032196
v -0.095702 -0.063651 -0.030712
v -0.088646 -0.064638 -0.032886
v -0.082674 -0.062815 -0.033575
v -0.078164 -0.066490 -0.047043
v -0.070943 -0.064400 -0.043865
v -0.076897 -0.065758 -0.042386
v -0.076225 -0.064094 -0.037886
v -0.107348 -0.068068 -0.029741
v -0.108489 -0.065914 -0.029457
v -0.109721 -0.063780 -0.029457
v -0.102881 -0.063297 -0.029888
v -0.101525 -0.065859 -0.030227
v -0.109854 -0.049201 -0.046727
v -0.109378 -0.048023 -0.043541
v -0.105434 -0.043667 -0.045789
v -0.100346 -0.038651 -0.043833
v -0.108481 -0.047505 -0.040243
v -0.104414 -0.043078 -0.042038
v -0.103284 -0.042691 -0.038309
v -0.096279 -0.034225 -0.045628
v -0.092211 -0.029798 -0.047423
v -0.094877 -0.033744 -0.040998
v -0.099081 -0.038217 -0.039653
v -0.090673 -0.029270 -0.042342
v -0.107488 -0.047164 -0.036964
v -0.110482 -0.052089 -0.033000
v -0.106085 -0.047687 -0.033928
v -0.108929 -0.053539 -0.031027
v -0.104285 -0.049368 -0.031640
v -0.102415 -0.051901 -0.030516
v -0.099640 -0.045197 -0.032252
v -0.101688 -0.043286 -0.034855
v -0.097291 -0.038884 -0.035782
v -0.097514 -0.048078 -0.030975
v -0.089878 -0.061443 -0.031197
v -0.084055 -0.059235 -0.031683
v -0.086059 -0.055448 -0.031182
v -0.082851 -0.048676 -0.031614
v -0.088225 -0.051697 -0.031182
v -0.092895 -0.034482 -0.036709
v -0.094996 -0.041026 -0.032865
v -0.092613 -0.044255 -0.031433
v -0.095532 -0.051370 -0.030751
v -0.090391 -0.047945 -0.031182
v -0.090352 -0.036856 -0.033478
v -0.087712 -0.040432 -0.031892
v -0.085251 -0.044520 -0.031614
v -0.070206 -0.062574 -0.038927
v -0.076702 -0.060993 -0.034264
v -0.070729 -0.059171 -0.034953
v -0.072408 -0.054818 -0.032653
v -0.074845 -0.050216 -0.032045
v -0.078231 -0.057027 -0.032168
v -0.080452 -0.052832 -0.031614
v -0.077478 -0.045655 -0.032045
v -0.107316 -0.055723 -0.030058
v -0.105813 -0.058220 -0.029888
v -0.104347 -0.060759 -0.029888
v -0.100672 -0.054795 -0.030319
v -0.098973 -0.057738 -0.030319
v -0.097274 -0.060681 -0.030319
v -0.093599 -0.054717 -0.030751
v -0.091667 -0.058065 -0.030751
v -0.218348 -0.133259 -0.009313
v -0.216238 -0.127238 -0.017106
v -0.214695 -0.128647 -0.017106
v -0.212889 -0.129724 -0.017106
v -0.215578 -0.134911 -0.009313
v -0.210889 -0.130428 -0.017106
v -0.212511 -0.135989 -0.009313
v -0.220714 -0.131098 -0.009313
v -0.208772 -0.130731 -0.017106
v -0.209265 -0.136454 -0.009313
v -0.206619 -0.130621 -0.017106
v -0.205965 -0.136286 -0.009313
v -0.202736 -0.135492 -0.009313
v -0.204514 -0.130103 -0.017106
v -0.202536 -0.129197 -0.017106
v -0.199704 -0.134102 -0.009313
v -0.196985 -0.132171 -0.009313
v -0.200763 -0.127938 -0.017106
v -0.194683 -0.129772 -0.009313
v -0.221833 -0.132063 0.005298
v -0.222586 -0.128510 -0.009313
v -0.219261 -0.134412 0.005298
v -0.216251 -0.136207 0.005298
v -0.212917 -0.137380 0.005298
v -0.209389 -0.137884 0.005298
v -0.205801 -0.137702 0.005298
v -0.202292 -0.136839 0.005298
v -0.198996 -0.135329 0.005298
v -0.223868 -0.129250 0.005298
v -0.218576 -0.133547 0.016014
v -0.220994 -0.131339 0.016014
v -0.215746 -0.135235 0.016014
v -0.212613 -0.136337 0.016014
v -0.196041 -0.133230 0.005298
v -0.209296 -0.136811 0.016014
v -0.205924 -0.136640 0.016014
v -0.202625 -0.135828 0.016014
v -0.199527 -0.134409 0.016014
v -0.193539 -0.130622 0.005298
v -0.191587 -0.127606 0.005298
v -0.196749 -0.132436 0.016014
v -0.194397 -0.129985 0.016014
v -0.222906 -0.128695 0.016014
v -0.217917 -0.128685 0.024780
v -0.213897 -0.131669 0.024780
v -0.216065 -0.130377 0.024780
v -0.211497 -0.132513 0.024780
v -0.208957 -0.132877 0.024780
v -0.206374 -0.132745 0.024780
v -0.203847 -0.132124 0.024780
v -0.201474 -0.131037 0.024780
v -0.199346 -0.129525 0.024780
v -0.211208 -0.126483 0.028677
v -0.197545 -0.127648 0.024780
v -0.209874 -0.126952 0.028677
v -0.208463 -0.127154 0.028677
v -0.207028 -0.127081 0.028677
v -0.205624 -0.126735 0.028677
v -0.204306 -0.126131 0.028677
v -0.192562 -0.127150 0.016014
v -0.207846 -0.120000 -0.019054
v -0.217459 -0.125550 -0.017106
v -0.218310 -0.123649 -0.017106
v -0.218759 -0.121608 -0.017106
v -0.218789 -0.119505 -0.017106
v -0.218398 -0.117421 -0.017106
v -0.217602 -0.115436 -0.017106
v -0.216431 -0.113627 -0.017106
v -0.214929 -0.112062 -0.017106
v -0.213156 -0.110803 -0.017106
v -0.223891 -0.125595 -0.009313
v -0.224580 -0.122465 -0.009313
v -0.224625 -0.119241 -0.009313
v -0.224026 -0.116046 -0.009313
v -0.222805 -0.113002 -0.009313
v -0.221009 -0.110228 -0.009313
v -0.218707 -0.107829 -0.009313
v -0.215988 -0.105898 -0.009313
v -0.211179 -0.109897 -0.017106
v -0.212956 -0.104508 -0.009313
v -0.204803 -0.109572 -0.017106
v -0.202803 -0.110276 -0.017106
v -0.199262 -0.126373 -0.017106
v -0.198090 -0.124564 -0.017106
v -0.197294 -0.122579 -0.017106
v -0.200997 -0.111353 -0.017106
v -0.199454 -0.112762 -0.017106
v -0.198233 -0.114450 -0.017106
v -0.196903 -0.120495 -0.017106
v -0.196933 -0.118392 -0.017106
v -0.197382 -0.116351 -0.017106
v -0.209073 -0.109379 -0.017106
v -0.206921 -0.109269 -0.017106
v -0.209728 -0.103714 -0.009313
v -0.206427 -0.103546 -0.009313
v -0.203181 -0.104011 -0.009313
v -0.197344 -0.106741 -0.009313
v -0.200114 -0.105089 -0.009313
v -0.192887 -0.126998 -0.009313
v -0.191666 -0.123954 -0.009313
v -0.191067 -0.120759 -0.009313
v -0.191113 -0.117535 -0.009313
v -0.225286 -0.126082 0.005298
v -0.226035 -0.122680 0.005298
v -0.226084 -0.119175 0.005298
v -0.225433 -0.115702 0.005298
v -0.224106 -0.112394 0.005298
v -0.222154 -0.109378 0.005298
v -0.219652 -0.106770 0.005298
v -0.216696 -0.104671 0.005298
v -0.213400 -0.103161 0.005298
v -0.209891 -0.102298 0.005298
v -0.206304 -0.102116 0.005298
v -0.199442 -0.103793 0.005298
v -0.202775 -0.102620 0.005298
v -0.224240 -0.125717 0.016014
v -0.224943 -0.122519 0.016014
v -0.224990 -0.119224 0.016014
v -0.224378 -0.115960 0.016014
v -0.223130 -0.112850 0.016014
v -0.221295 -0.110015 0.016014
v -0.218943 -0.107564 0.016014
v -0.216165 -0.105591 0.016014
v -0.213067 -0.104172 0.016014
v -0.209769 -0.103360 0.016014
v -0.206396 -0.103189 0.016014
v -0.203079 -0.103663 0.016014
v -0.199946 -0.104765 0.016014
v -0.196431 -0.105588 0.005298
v -0.190259 -0.124298 0.005298
v -0.189608 -0.120825 0.005298
v -0.189657 -0.117320 0.005298
v -0.190406 -0.113918 0.005298
v -0.191315 -0.124040 0.016014
v -0.190702 -0.120776 0.016014
v -0.190749 -0.117481 0.016014
v -0.191452 -0.114283 0.016014
v -0.193859 -0.107937 0.005298
v -0.191825 -0.110750 0.005298
v -0.197116 -0.106453 0.016014
v -0.194698 -0.108661 0.016014
v -0.192786 -0.111305 0.016014
v -0.220403 -0.124379 0.024780
v -0.220942 -0.121930 0.024780
v -0.219382 -0.126660 0.024780
v -0.220978 -0.119406 0.024780
v -0.220509 -0.116905 0.024780
v -0.219553 -0.114523 0.024780
v -0.218147 -0.112352 0.024780
v -0.216346 -0.110475 0.024780
v -0.214218 -0.108963 0.024780
v -0.211845 -0.107876 0.024780
v -0.209319 -0.107255 0.024780
v -0.206735 -0.107123 0.024780
v -0.204195 -0.107487 0.024780
v -0.201795 -0.108331 0.024780
v -0.213441 -0.124825 0.028677
v -0.214255 -0.123700 0.028677
v -0.214822 -0.122433 0.028677
v -0.212412 -0.125765 0.028677
v -0.215122 -0.121072 0.028677
v -0.207846 -0.120000 0.029651
v -0.215141 -0.119670 0.028677
v -0.214881 -0.118281 0.028677
v -0.214350 -0.116957 0.028677
v -0.213569 -0.115751 0.028677
v -0.212568 -0.114708 0.028677
v -0.211386 -0.113869 0.028677
v -0.203124 -0.125292 0.028677
v -0.210068 -0.113265 0.028677
v -0.208664 -0.112919 0.028677
v -0.207229 -0.112846 0.028677
v -0.205818 -0.113048 0.028677
v -0.204484 -0.113517 0.028677
v -0.203280 -0.114235 0.028677
v -0.202123 -0.124249 0.028677
v -0.201342 -0.123043 0.028677
v -0.196139 -0.125477 0.024780
v -0.200811 -0.121719 0.028677
v -0.195184 -0.123095 0.024780
v -0.200551 -0.120330 0.028677
v -0.202251 -0.115175 0.028677
v -0.196311 -0.113340 0.024780
v -0.197775 -0.111315 0.024780
v -0.201438 -0.116300 0.028677
v -0.200870 -0.117567 0.028677
v -0.200571 -0.118928 0.028677
v -0.194715 -0.120594 0.024780
v -0.194750 -0.118070 0.024780
v -0.195289 -0.115621 0.024780
v -0.199627 -0.109623 0.024780
v -0.001854 -0.209740 -0.016880
v -0.001854 -0.189740 -0.023403
v -0.000000 -0.189829 -0.023688
v -0.001854 -0.225111 -0.011867
v -0.002202 -0.225024 -0.011706
v -0.000000 -0.225149 -0.012168
v -0.003527 -0.209480 -0.016053
v -0.003527 -0.224796 -0.011057
v -0.004536 -0.224372 -0.010116
v -0.004854 -0.209075 -0.014765
v -0.004854 -0.224239 -0.009819
v -0.005143 -0.223930 -0.009313
v -0.002882 -0.224854 -0.011390
v -0.000000 -0.209829 -0.017165
v -0.005706 -0.208565 -0.013142
v -0.005706 -0.223983 -0.008113
v -0.006000 -0.208000 -0.011343
v -0.003527 -0.189480 -0.022576
v -0.004854 -0.189075 -0.021288
v -0.005706 -0.188565 -0.019665
v -0.006000 -0.188000 -0.017866
v -0.005706 -0.207435 -0.009543
v -0.005706 -0.187435 -0.016067
v -0.004854 -0.206925 -0.007920
v -0.001854 -0.149740 -0.036450
v -0.001854 -0.169740 -0.029927
v -0.003527 -0.169480 -0.029100
v -0.000000 -0.149829 -0.036735
v -0.000000 -0.169829 -0.030212
v -0.000000 -0.136829 -0.040975
v -0.003527 -0.149480 -0.035623
v -0.004854 -0.169075 -0.027811
v -0.004854 -0.149075 -0.034335
v -0.005706 -0.168565 -0.026188
v -0.005706 -0.148565 -0.032712
v -0.002440 -0.136649 -0.040401
v -0.002044 -0.136710 -0.040596
v -0.001854 -0.136740 -0.040690
v -0.003527 -0.136480 -0.039863
v -0.004507 -0.136181 -0.038912
v -0.004854 -0.136075 -0.038575
v -0.005299 -0.135809 -0.037727
v -0.003444 -0.136493 -0.039904
v -0.005706 -0.135565 -0.036952
v -0.005798 -0.135389 -0.036390
v -0.006000 -0.148000 -0.030912
v -0.006000 -0.135000 -0.035152
v -0.005963 -0.134928 -0.034924
v -0.005706 -0.147435 -0.029113
v -0.005726 -0.134473 -0.033475
v -0.005706 -0.134435 -0.033353
v -0.005098 -0.134071 -0.032194
v -0.006000 -0.168000 -0.024389
v -0.005706 -0.167435 -0.022590
v -0.004854 -0.186925 -0.014443
v -0.003527 -0.186520 -0.013155
v -0.004854 -0.166925 -0.020967
v -0.003527 -0.206520 -0.006632
v -0.001854 -0.186260 -0.012328
v -0.003527 -0.166520 -0.019679
v -0.000000 -0.186171 -0.012043
v -0.001854 -0.166260 -0.018851
v -0.000000 -0.166171 -0.018567
v -0.004854 -0.146925 -0.027490
v -0.003527 -0.146520 -0.026202
v -0.001854 -0.146260 -0.025375
v -0.000000 -0.146171 -0.025090
v -0.004854 -0.133925 -0.031730
v -0.004192 -0.133723 -0.031087
v -0.003527 -0.133520 -0.030442
v -0.003033 -0.133443 -0.030198
v -0.001854 -0.133260 -0.029615
v -0.001544 -0.133245 -0.029567
v -0.001205 -0.133229 -0.029515
v -0.000000 -0.133171 -0.029330
v -0.006000 -0.223871 -0.006166
v -0.005764 -0.223636 -0.004647
v -0.005706 -0.223579 -0.004278
v -0.004854 -0.223135 -0.002633
v -0.004827 -0.223124 -0.002608
v -0.003786 -0.222691 -0.001635
v -0.001854 -0.222286 -0.000578
v -0.001854 -0.206260 -0.005805
v -0.000378 -0.222114 -0.000384
v -0.000000 -0.206171 -0.005520
v -0.003527 -0.222584 -0.001393
v -0.003328 -0.222512 -0.001308
v -0.002187 -0.222337 -0.000743
v -0.002042 -0.222315 -0.000671
v -0.000000 -0.222071 -0.000334
v 0.001854 -0.189740 -0.023403
v 0.000728 -0.225134 -0.012050
v 0.001854 -0.209740 -0.016880
v 0.001854 -0.225111 -0.011867
v 0.002882 -0.224854 -0.011390
v 0.003527 -0.209480 -0.016053
v 0.003384 -0.224809 -0.011131
v 0.003527 -0.224796 -0.011057
v 0.003840 -0.224665 -0.010765
v 0.004854 -0.209075 -0.014765
v 0.004854 -0.224239 -0.009819
v 0.005143 -0.223930 -0.009313
v 0.005706 -0.208565 -0.013142
v 0.006000 -0.208000 -0.011343
v 0.005706 -0.223983 -0.008113
v 0.003527 -0.189480 -0.022576
v 0.004854 -0.189075 -0.021288
v 0.005706 -0.188565 -0.019665
v 0.006000 -0.188000 -0.017866
v 0.005706 -0.187435 -0.016067
v 0.005706 -0.207435 -0.009543
v 0.004854 -0.186925 -0.014443
v 0.001854 -0.149740 -0.036450
v 0.001854 -0.169740 -0.029927
v 0.003527 -0.149480 -0.035623
v 0.003527 -0.169480 -0.029100
v 0.004854 -0.149075 -0.034335
v 0.005706 -0.148565 -0.032712
v 0.004854 -0.169075 -0.027811
v 0.001544 -0.136755 -0.040738
v 0.001854 -0.136740 -0.040690
v 0.002941 -0.136571 -0.040152
v 0.003033 -0.136557 -0.040107
v 0.003527 -0.136480 -0.039863
v 0.004854 -0.136075 -0.038575
v 0.004192 -0.136277 -0.039217
v 0.005098 -0.135929 -0.038111
v 0.005706 -0.135565 -0.036952
v 0.005726 -0.135527 -0.036830
v 0.005963 -0.135072 -0.035380
v 0.006000 -0.148000 -0.030912
v 0.006000 -0.135000 -0.035152
v 0.005798 -0.134611 -0.033915
v 0.005706 -0.147435 -0.029113
v 0.005706 -0.134435 -0.033353
v 0.005299 -0.134191 -0.032578
v 0.005706 -0.168565 -0.026188
v 0.006000 -0.168000 -0.024389
v 0.005706 -0.167435 -0.022590
v 0.004854 -0.166925 -0.020967
v 0.004854 -0.206925 -0.007920
v 0.003527 -0.186520 -0.013155
v 0.001854 -0.186260 -0.012328
v 0.001854 -0.166260 -0.018851
v 0.003527 -0.166520 -0.019679
v 0.004854 -0.146925 -0.027490
v 0.001854 -0.146260 -0.025375
v 0.003527 -0.146520 -0.026202
v 0.003527 -0.133520 -0.030442
v 0.003444 -0.133507 -0.030401
v 0.004854 -0.133925 -0.031730
v 0.004507 -0.133819 -0.031393
v 0.000649 -0.133202 -0.029430
v 0.001854 -0.133260 -0.029615
v 0.002044 -0.133290 -0.029709
v 0.005838 -0.223933 -0.007242
v 0.006000 -0.223871 -0.006166
v 0.005940 -0.223811 -0.005781
v 0.005706 -0.223579 -0.004278
v 0.005023 -0.223223 -0.002960
v 0.001854 -0.206260 -0.005805
v 0.003194 -0.222491 -0.001242
v 0.003527 -0.206520 -0.006632
v 0.001483 -0.222243 -0.000529
v 0.004601 -0.223030 -0.002396
v 0.004854 -0.223135 -0.002633
v 0.003527 -0.222584 -0.001393
v 0.001261 -0.222217 -0.000500
v 0.001854 -0.222286 -0.000578
v 0.003328 -0.222512 -0.001308
v -0.011270 -0.099884 -0.063745
v -0.006066 -0.100075 -0.064353
v -0.010271 -0.105165 -0.060502
v -0.005528 -0.105339 -0.061057
v -0.000800 -0.100075 -0.064353
v -0.000729 -0.105339 -0.061057
v -0.015879 -0.099161 -0.061444
v -0.014471 -0.104506 -0.058406
v -0.017395 -0.103369 -0.054785
v -0.019088 -0.097913 -0.057470
v -0.013063 -0.109852 -0.055368
v -0.015703 -0.108825 -0.052099
v -0.014010 -0.114281 -0.049413
v -0.016700 -0.107549 -0.048037
v -0.018500 -0.101955 -0.050285
v -0.020300 -0.096362 -0.052533
v -0.008272 -0.115727 -0.054018
v -0.011655 -0.115197 -0.052330
v -0.009271 -0.110446 -0.057260
v -0.010247 -0.120542 -0.049291
v -0.007273 -0.121009 -0.050776
v -0.004990 -0.110603 -0.057760
v -0.004452 -0.115868 -0.054464
v -0.000658 -0.110603 -0.057760
v -0.000587 -0.115868 -0.054464
v -0.003914 -0.121132 -0.051168
v -0.000516 -0.121132 -0.051168
v -0.000000 -0.095000 -0.048199
v -0.007431 -0.131233 -0.043215
v -0.008933 -0.130649 -0.041355
v -0.008839 -0.125888 -0.046253
v -0.005274 -0.131571 -0.044291
v -0.006273 -0.126290 -0.047534
v -0.003377 -0.126396 -0.047872
v -0.002839 -0.131661 -0.044576
v -0.000445 -0.126396 -0.047872
v -0.000374 -0.131661 -0.044576
v -0.004275 -0.136852 -0.041049
v -0.006023 -0.136578 -0.040177
v -0.002301 -0.136925 -0.041280
v -0.000303 -0.136925 -0.041280
v -0.007240 -0.136105 -0.038669
v -0.007700 -0.135516 -0.036796
v -0.009500 -0.129923 -0.039044
v -0.007700 -0.134907 -0.034858
v -0.009500 -0.129172 -0.036653
v -0.007582 -0.134302 -0.032931
v -0.009354 -0.128425 -0.034275
v -0.006903 -0.133741 -0.031146
v -0.008517 -0.127733 -0.032073
v -0.005518 -0.133319 -0.029801
v -0.003680 -0.133111 -0.029141
v -0.006808 -0.127212 -0.030414
v -0.001694 -0.133075 -0.029025
v -0.004540 -0.126956 -0.029599
v 0.000303 -0.133075 -0.029025
v -0.002090 -0.126911 -0.029457
v -0.014900 -0.113142 -0.045789
v -0.013100 -0.117700 -0.040243
v -0.014900 -0.111964 -0.042038
v -0.016700 -0.106228 -0.043833
v -0.018500 -0.100492 -0.045628
v -0.020300 -0.094756 -0.047423
v -0.014671 -0.110792 -0.038309
v -0.018216 -0.099038 -0.040998
v -0.016443 -0.104915 -0.039653
v -0.010625 -0.125193 -0.044041
v -0.012318 -0.119737 -0.046727
v -0.013100 -0.118736 -0.043541
v -0.011300 -0.124329 -0.041292
v -0.012899 -0.116670 -0.036964
v -0.013358 -0.109707 -0.034855
v -0.014971 -0.103699 -0.035782
v -0.016585 -0.097690 -0.036709
v -0.011968 -0.102782 -0.032865
v -0.011300 -0.123436 -0.038448
v -0.011126 -0.122547 -0.035620
v -0.011744 -0.115716 -0.033928
v -0.010130 -0.121724 -0.033000
v -0.008098 -0.121104 -0.031027
v -0.009388 -0.114997 -0.031640
v -0.010678 -0.108890 -0.032252
v -0.006260 -0.114644 -0.030516
v -0.007120 -0.108488 -0.030975
v -0.013258 -0.096675 -0.033478
v -0.007981 -0.102333 -0.031433
v -0.008841 -0.096177 -0.031892
v -0.003278 -0.108418 -0.030751
v -0.003674 -0.102254 -0.031182
v -0.004070 -0.096089 -0.031614
v 0.000658 -0.102254 -0.031182
v 0.000729 -0.096089 -0.031614
v -0.019988 -0.093160 -0.042342
v -0.018199 -0.091682 -0.037637
v -0.014548 -0.090568 -0.034091
v -0.009701 -0.090021 -0.032350
v -0.004466 -0.089925 -0.032045
v 0.000800 -0.089925 -0.032045
v -0.005400 -0.120800 -0.030058
v 0.000374 -0.126911 -0.029457
v -0.002486 -0.120747 -0.029888
v 0.000445 -0.120747 -0.029888
v -0.002882 -0.114582 -0.030319
v 0.000516 -0.114582 -0.030319
v 0.000587 -0.108418 -0.030751
v 0.004466 -0.100075 -0.064353
v 0.004070 -0.105339 -0.061057
v 0.009701 -0.099979 -0.064048
v 0.008841 -0.105252 -0.060778
v 0.014548 -0.099432 -0.062307
v 0.003674 -0.110603 -0.057760
v 0.003278 -0.115868 -0.054464
v 0.007981 -0.110525 -0.057509
v 0.007120 -0.115797 -0.054240
v 0.002882 -0.121132 -0.051168
v 0.006260 -0.121070 -0.050971
v 0.011968 -0.110075 -0.056078
v 0.010678 -0.115396 -0.052963
v 0.013258 -0.104753 -0.059192
v 0.016585 -0.103738 -0.055961
v 0.018199 -0.098318 -0.058761
v 0.014971 -0.109158 -0.053161
v 0.013358 -0.114578 -0.050360
v 0.018216 -0.102391 -0.051673
v 0.016443 -0.107942 -0.049289
v 0.019988 -0.096840 -0.054056
v 0.020300 -0.095244 -0.048975
v 0.002486 -0.126396 -0.047872
v 0.002090 -0.131661 -0.044576
v 0.005400 -0.126343 -0.047702
v 0.004540 -0.131616 -0.044433
v 0.008098 -0.126039 -0.046733
v 0.006808 -0.131360 -0.043619
v 0.001694 -0.136925 -0.041280
v 0.003680 -0.136889 -0.041164
v 0.005518 -0.136681 -0.040504
v 0.008517 -0.130839 -0.041959
v 0.006903 -0.136259 -0.039159
v 0.007582 -0.135698 -0.037374
v 0.009354 -0.130147 -0.039757
v 0.009500 -0.129400 -0.037380
v 0.007700 -0.135092 -0.035447
v 0.007700 -0.134484 -0.033509
v 0.007240 -0.133895 -0.031636
v 0.006023 -0.133422 -0.030128
v 0.009500 -0.128649 -0.034988
v 0.008933 -0.127923 -0.032677
v 0.007431 -0.127338 -0.030818
v 0.002301 -0.133075 -0.029025
v 0.004275 -0.133148 -0.029256
v 0.002839 -0.126911 -0.029457
v 0.005274 -0.127000 -0.029741
v 0.009388 -0.120717 -0.049848
v 0.011744 -0.119998 -0.047560
v 0.010130 -0.125419 -0.044760
v 0.014671 -0.113493 -0.046906
v 0.012899 -0.119044 -0.044523
v 0.011126 -0.124596 -0.042140
v 0.013100 -0.118015 -0.041245
v 0.014900 -0.112322 -0.043177
v 0.014900 -0.111144 -0.039427
v 0.016700 -0.106629 -0.045110
v 0.018500 -0.100937 -0.047043
v 0.016700 -0.105309 -0.040906
v 0.018500 -0.099473 -0.042386
v 0.020300 -0.093638 -0.043865
v 0.011300 -0.123707 -0.039312
v 0.011300 -0.122814 -0.036468
v 0.013100 -0.116979 -0.037947
v 0.012318 -0.115978 -0.034761
v 0.014010 -0.110005 -0.035802
v 0.010625 -0.121950 -0.033719
v 0.008839 -0.121255 -0.031507
v 0.010247 -0.115172 -0.032196
v 0.007273 -0.114706 -0.030712
v 0.011655 -0.109089 -0.032886
v 0.004990 -0.102254 -0.031182
v 0.005528 -0.096089 -0.031614
v 0.009271 -0.102411 -0.031683
v 0.013063 -0.103005 -0.033575
v 0.008272 -0.108558 -0.031197
v 0.010271 -0.096264 -0.032168
v 0.014471 -0.096922 -0.034264
v 0.015703 -0.104032 -0.036844
v 0.017395 -0.098060 -0.037886
v 0.019088 -0.092087 -0.038927
v 0.006066 -0.089925 -0.032045
v 0.011270 -0.090116 -0.032653
v 0.015879 -0.090839 -0.034953
v 0.003377 -0.120747 -0.029888
v 0.006273 -0.120853 -0.030227
v 0.003914 -0.114582 -0.030319
v 0.004452 -0.108418 -0.030751
v -0.010620 -0.240000 -0.017106
v -0.015971 -0.243320 -0.009313
v -0.016284 -0.240000 -0.009313
v -0.010416 -0.237834 -0.017106
v -0.015971 -0.236680 -0.009313
v -0.000000 -0.240000 -0.019054
v -0.007509 -0.247849 -0.017106
v -0.008830 -0.246167 -0.017106
v -0.009812 -0.244248 -0.017106
v -0.005900 -0.249229 -0.017106
v -0.004064 -0.250255 -0.017106
v -0.002072 -0.250887 -0.017106
v -0.000000 -0.251100 -0.017106
v -0.009047 -0.254152 -0.009313
v -0.011515 -0.252035 -0.009313
v -0.013540 -0.249456 -0.009313
v -0.015044 -0.246513 -0.009313
v -0.010416 -0.242166 -0.017106
v -0.006232 -0.255724 -0.009313
v -0.003177 -0.256693 -0.009313
v -0.000000 -0.257020 -0.009313
v -0.009812 -0.235752 -0.017106
v -0.008830 -0.233833 -0.017106
v -0.007509 -0.232151 -0.017106
v -0.005900 -0.230771 -0.017106
v -0.004064 -0.229745 -0.017106
v -0.002072 -0.229113 -0.017106
v -0.000000 -0.228900 -0.017106
v -0.015044 -0.233487 -0.009313
v -0.013540 -0.230544 -0.009313
v -0.011515 -0.227965 -0.009313
v -0.009047 -0.225848 -0.009313
v -0.006232 -0.224276 -0.009313
v -0.014717 -0.250278 0.005298
v -0.016353 -0.247080 0.005298
v -0.017360 -0.243609 0.005298
v -0.017700 -0.240000 0.005298
v -0.017360 -0.236391 0.005298
v -0.016353 -0.232920 0.005298
v -0.012516 -0.253081 0.005298
v -0.006773 -0.257092 0.005298
v -0.009834 -0.255382 0.005298
v -0.003453 -0.258145 0.005298
v -0.000000 -0.258500 0.005298
v -0.014717 -0.229722 0.005298
v -0.012516 -0.226919 0.005298
v -0.013834 -0.249661 0.016014
v -0.015372 -0.246655 0.016014
v -0.016318 -0.243393 0.016014
v -0.016638 -0.240000 0.016014
v -0.016318 -0.236607 0.016014
v -0.015372 -0.233345 0.016014
v -0.011765 -0.252297 0.016014
v -0.006367 -0.256066 0.016014
v -0.009244 -0.254459 0.016014
v -0.003246 -0.257056 0.016014
v -0.000000 -0.257390 0.016014
v -0.013834 -0.230339 0.016014
v -0.011765 -0.227703 0.016014
v -0.009834 -0.224618 0.005298
v -0.006773 -0.222908 0.005298
v -0.003453 -0.221855 0.005298
v -0.000000 -0.221500 0.005298
v -0.009244 -0.225541 0.016014
v -0.006367 -0.223934 0.016014
v -0.003246 -0.222944 0.016014
v -0.011774 -0.245097 0.024780
v -0.012499 -0.242599 0.024780
v -0.012744 -0.240000 0.024780
v -0.012499 -0.237401 0.024780
v -0.009011 -0.249419 0.024780
v -0.007080 -0.251075 0.024780
v -0.010596 -0.247400 0.024780
v -0.002486 -0.253064 0.024780
v -0.004877 -0.252306 0.024780
v -0.000000 -0.253320 0.024780
v -0.011774 -0.234903 0.024780
v -0.010596 -0.232600 0.024780
v -0.009011 -0.230581 0.024780
v -0.005006 -0.245233 0.028677
v -0.005887 -0.244111 0.028677
v -0.006541 -0.242832 0.028677
v -0.001381 -0.247258 0.028677
v -0.000000 -0.247400 0.028677
v -0.003933 -0.246153 0.028677
v -0.002709 -0.246837 0.028677
v -0.000000 -0.240000 0.029651
v -0.007080 -0.228925 0.024780
v -0.004877 -0.227694 0.024780
v -0.006944 -0.241444 0.028677
v -0.007080 -0.240000 0.028677
v -0.006944 -0.238556 0.028677
v -0.006541 -0.237168 0.028677
v -0.005887 -0.235889 0.028677
v -0.005006 -0.234767 0.028677
v -0.003933 -0.233847 0.028677
v -0.002709 -0.233163 0.028677
v -0.001381 -0.232742 0.028677
v -0.000000 -0.232600 0.028677
v -0.002486 -0.226936 0.024780
v -0.000000 -0.226680 0.024780
v -0.000000 -0.222610 0.016014
v 0.002072 -0.250887 -0.017106
v 0.004064 -0.250255 -0.017106
v 0.005900 -0.249229 -0.017106
v 0.007509 -0.247849 -0.017106
v 0.008830 -0.246167 -0.017106
v 0.009812 -0.244248 -0.017106
v 0.003177 -0.256693 -0.009313
v 0.006232 -0.255724 -0.009313
v 0.009047 -0.254152 -0.009313
v 0.011515 -0.252035 -0.009313
v 0.013540 -0.249456 -0.009313
v 0.015044 -0.246513 -0.009313
v 0.010416 -0.242166 -0.017106
v 0.015971 -0.243320 -0.009313
v 0.010620 -0.240000 -0.017106
v 0.010416 -0.237834 -0.017106
v 0.005900 -0.230771 -0.017106
v 0.007509 -0.232151 -0.017106
v 0.009812 -0.235752 -0.017106
v 0.008830 -0.233833 -0.017106
v 0.002072 -0.229113 -0.017106
v 0.004064 -0.229745 -0.017106
v 0.006232 -0.224276 -0.009313
v 0.009047 -0.225848 -0.009313
v 0.016284 -0.240000 -0.009313
v 0.015971 -0.236680 -0.009313
v 0.015044 -0.233487 -0.009313
v 0.011515 -0.227965 -0.009313
v 0.013540 -0.230544 -0.009313
v 0.003453 -0.258145 0.005298
v 0.006773 -0.257092 0.005298
v 0.009834 -0.255382 0.005298
v 0.012516 -0.253081 0.005298
v 0.014717 -0.250278 0.005298
v 0.012516 -0.226919 0.005298
v 0.016353 -0.247080 0.005298
v 0.017360 -0.243609 0.005298
v 0.017700 -0.240000 0.005298
v 0.016353 -0.232920 0.005298
v 0.017360 -0.236391 0.005298
v 0.014717 -0.229722 0.005298
v 0.003246 -0.257056 0.016014
v 0.006367 -0.256066 0.016014
v 0.009244 -0.254459 0.016014
v 0.011765 -0.252297 0.016014
v 0.013834 -0.249661 0.016014
v 0.009834 -0.224618 0.005298
v 0.011765 -0.227703 0.016014
v 0.015372 -0.246655 0.016014
v 0.016318 -0.243393 0.016014
v 0.016638 -0.240000 0.016014
v 0.016318 -0.236607 0.016014
v 0.013834 -0.230339 0.016014
v 0.015372 -0.233345 0.016014
v 0.006773 -0.222908 0.005298
v 0.003453 -0.221855 0.005298
v 0.003246 -0.222944 0.016014
v 0.006367 -0.223934 0.016014
v 0.009244 -0.225541 0.016014
v 0.002486 -0.253064 0.024780
v 0.004877 -0.252306 0.024780
v 0.007080 -0.251075 0.024780
v 0.009011 -0.249419 0.024780
v 0.010596 -0.247400 0.024780
v 0.011774 -0.245097 0.024780
v 0.007080 -0.228925 0.024780
v 0.010596 -0.232600 0.024780
v 0.009011 -0.230581 0.024780
v 0.012499 -0.242599 0.024780
v 0.012744 -0.240000 0.024780
v 0.012499 -0.237401 0.024780
v 0.011774 -0.234903 0.024780
v 0.001381 -0.247258 0.028677
v 0.002709 -0.246837 0.028677
v 0.003933 -0.246153 0.028677
v 0.005006 -0.245233 0.028677
v 0.005887 -0.244111 0.028677
v 0.006541 -0.242832 0.028677
v 0.006944 -0.241444 0.028677
v 0.002486 -0.226936 0.024780
v 0.004877 -0.227694 0.024780
v 0.001381 -0.232742 0.028677
v 0.002709 -0.233163 0.028677
v 0.003933 -0.233847 0.028677
v 0.005006 -0.234767 0.028677
v 0.007080 -0.240000 0.028677
v 0.006944 -0.238556 0.028677
v 0.006541 -0.237168 0.028677
v 0.005887 -0.235889 0.028677
v 0.127690 -0.077794 -0.035623
v 0.116077 -0.071626 -0.039412
v 0.116432 -0.071294 -0.039863
v 0.126676 -0.078741 -0.034335
v 0.115683 -0.071994 -0.038912
v 0.115114 -0.072410 -0.038007
v 0.115418 -0.072241 -0.038575
v 0.125808 -0.079224 -0.032712
v 0.114964 -0.072494 -0.037727
v 0.117122 -0.070437 -0.040401
v 0.117372 -0.070125 -0.040596
v 0.116484 -0.071229 -0.039904
v 0.117493 -0.069976 -0.040690
v 0.128751 -0.076476 -0.036450
v 0.129756 -0.074915 -0.036735
v 0.118498 -0.068415 -0.040975
v 0.118146 -0.068961 -0.040875
v 0.118343 -0.068655 -0.040931
v 0.119050 -0.067342 -0.040790
v 0.130605 -0.073264 -0.036450
v 0.119205 -0.067040 -0.040738
v 0.119347 -0.066764 -0.040690
v 0.119744 -0.065738 -0.040152
v 0.131217 -0.071686 -0.035623
v 0.119778 -0.065652 -0.040107
v 0.119958 -0.065186 -0.039863
v 0.120115 -0.064508 -0.039217
v 0.120162 -0.064307 -0.039026
v 0.131530 -0.070334 -0.034335
v 0.120272 -0.063834 -0.038575
v 0.120267 -0.063550 -0.038111
v 0.120262 -0.063188 -0.037520
v 0.114351 -0.072716 -0.036390
v 0.114550 -0.072724 -0.036952
v 0.114327 -0.072715 -0.036322
v 0.125172 -0.079196 -0.030912
v 0.113913 -0.072696 -0.035152
v 0.113870 -0.072628 -0.034924
v 0.113793 -0.072508 -0.034523
v 0.124829 -0.078659 -0.029113
v 0.113594 -0.072195 -0.033475
v 0.113571 -0.072159 -0.033353
v 0.113565 -0.071812 -0.032785
v 0.131514 -0.069341 -0.032712
v 0.120256 -0.062841 -0.036952
v 0.120233 -0.062805 -0.036830
v 0.120033 -0.062492 -0.035782
v 0.119957 -0.062372 -0.035380
v 0.119913 -0.062304 -0.035152
v 0.131172 -0.068804 -0.030912
v 0.119500 -0.062285 -0.033983
v 0.130535 -0.068776 -0.029113
v 0.143996 -0.088741 -0.027811
v 0.143129 -0.089224 -0.026188
v 0.146072 -0.086476 -0.029927
v 0.145010 -0.087794 -0.029100
v 0.147076 -0.084915 -0.030212
v 0.147926 -0.083264 -0.029927
v 0.148537 -0.081686 -0.029100
v 0.148850 -0.080334 -0.027811
v 0.124814 -0.077666 -0.027490
v 0.113560 -0.071450 -0.032194
v 0.113555 -0.071166 -0.031730
v 0.113665 -0.070693 -0.031279
v 0.125127 -0.076314 -0.026202
v 0.113712 -0.070492 -0.031087
v 0.113868 -0.069814 -0.030442
v 0.125738 -0.074736 -0.025375
v 0.114049 -0.069348 -0.030198
v 0.114082 -0.069262 -0.030152
v 0.114480 -0.068236 -0.029615
v 0.126588 -0.073085 -0.025090
v 0.114622 -0.067960 -0.029567
v 0.114777 -0.067658 -0.029515
v 0.115329 -0.066585 -0.029330
v 0.115484 -0.066344 -0.029374
v 0.115681 -0.066039 -0.029430
v 0.127592 -0.071524 -0.025375
v 0.116334 -0.065024 -0.029615
v 0.129668 -0.069259 -0.027490
v 0.118144 -0.063006 -0.031393
v 0.117750 -0.063374 -0.030893
v 0.118713 -0.062590 -0.032298
v 0.118409 -0.062759 -0.031730
v 0.128654 -0.070206 -0.026202
v 0.117343 -0.063771 -0.030401
v 0.116705 -0.064563 -0.029904
v 0.117395 -0.063706 -0.030442
v 0.116454 -0.064875 -0.029709
v 0.142492 -0.089196 -0.024389
v 0.142150 -0.088659 -0.022590
v 0.142134 -0.087666 -0.020967
v 0.142447 -0.086314 -0.019679
v 0.143059 -0.084736 -0.018851
v 0.148835 -0.079341 -0.026188
v 0.148492 -0.078804 -0.024389
v 0.147856 -0.078776 -0.022590
v 0.145974 -0.080206 -0.019679
v 0.143908 -0.083085 -0.018567
v 0.144913 -0.081524 -0.018851
v 0.146988 -0.079259 -0.020967
v 0.163392 -0.096476 -0.023403
v 0.164397 -0.094915 -0.023688
v 0.180713 -0.106476 -0.016880
v 0.162331 -0.097794 -0.022576
v 0.178637 -0.108741 -0.014765
v 0.161317 -0.098741 -0.021288
v 0.179652 -0.107794 -0.016053
v 0.159813 -0.099196 -0.017866
v 0.160449 -0.099224 -0.019665
v 0.177133 -0.109196 -0.011343
v 0.177770 -0.109224 -0.013142
v 0.176791 -0.108659 -0.009543
v 0.159470 -0.098659 -0.016067
v 0.176775 -0.107666 -0.007920
v 0.159455 -0.097666 -0.014443
v 0.177088 -0.106314 -0.006632
v 0.159768 -0.096314 -0.013155
v 0.165246 -0.093264 -0.023403
v 0.165858 -0.091686 -0.022576
v 0.166171 -0.090334 -0.021288
v 0.166155 -0.089341 -0.019665
v 0.165813 -0.088804 -0.017866
v 0.165176 -0.088776 -0.016067
v 0.160379 -0.094736 -0.012328
v 0.161229 -0.093085 -0.012043
v 0.162233 -0.091524 -0.012328
v 0.163295 -0.090206 -0.013155
v 0.164309 -0.089259 -0.014443
v 0.119476 -0.062284 -0.033915
v 0.119277 -0.062276 -0.033353
v 0.118863 -0.062506 -0.032578
v 0.181717 -0.104915 -0.017165
v 0.182567 -0.103264 -0.016880
v 0.183178 -0.101686 -0.016053
v 0.183491 -0.100334 -0.014765
v 0.192044 -0.116114 -0.010116
v 0.191206 -0.116750 -0.008542
v 0.191358 -0.116419 -0.009313
v 0.192916 -0.115452 -0.011057
v 0.191769 -0.116323 -0.009819
v 0.193144 -0.115129 -0.011261
v 0.194247 -0.113793 -0.011937
v 0.195193 -0.112195 -0.012098
v 0.194025 -0.114161 -0.011867
v 0.193776 -0.114419 -0.011706
v 0.194985 -0.112575 -0.012168
v 0.195990 -0.110563 -0.011686
v 0.193288 -0.114923 -0.011390
v 0.196623 -0.107916 -0.009819
v 0.183476 -0.099341 -0.013142
v 0.196501 -0.107511 -0.009313
v 0.183133 -0.098804 -0.011343
v 0.196828 -0.107049 -0.008113
v 0.195336 -0.111937 -0.012050
v 0.195879 -0.110950 -0.011867
v 0.196171 -0.109931 -0.011390
v 0.196382 -0.109474 -0.011131
v 0.196443 -0.109344 -0.011057
v 0.181629 -0.099259 -0.007920
v 0.182497 -0.098776 -0.009543
v 0.177700 -0.104736 -0.005805
v 0.178549 -0.103085 -0.005520
v 0.179554 -0.101524 -0.005805
v 0.180615 -0.100206 -0.006632
v 0.190929 -0.117090 -0.006577
v 0.190792 -0.116809 -0.004647
v 0.190806 -0.115954 -0.002946
v 0.190963 -0.114625 -0.001635
v 0.191578 -0.112749 -0.000578
v 0.192168 -0.111384 -0.000384
v 0.191121 -0.116933 -0.008113
v 0.190878 -0.117131 -0.006166
v 0.190772 -0.116731 -0.004278
v 0.190814 -0.115771 -0.002633
v 0.196796 -0.106761 -0.005781
v 0.196322 -0.106947 -0.003962
v 0.196839 -0.106980 -0.007677
v 0.196850 -0.106911 -0.007242
v 0.196878 -0.106739 -0.006166
v 0.196478 -0.106847 -0.004278
v 0.190817 -0.115743 -0.002608
v 0.194526 -0.108238 -0.001393
v 0.195450 -0.107531 -0.002396
v 0.191000 -0.114346 -0.001393
v 0.191037 -0.114138 -0.001308
v 0.191456 -0.113062 -0.000743
v 0.191509 -0.112926 -0.000671
v 0.192319 -0.111035 -0.000334
v 0.193076 -0.110017 -0.000500
v 0.193210 -0.109837 -0.000529
v 0.193432 -0.109537 -0.000578
v 0.194365 -0.108374 -0.001308
v 0.194280 -0.108479 -0.001242
v 0.195829 -0.107261 -0.002960
v 0.195668 -0.107364 -0.002633
v 0.075251 -0.065487 -0.057470
v 0.077937 -0.063332 -0.061444
v 0.080822 -0.066749 -0.054785
v 0.083270 -0.064785 -0.058406
v 0.079046 -0.066999 -0.050285
v 0.073302 -0.065761 -0.052533
v 0.086394 -0.068011 -0.052099
v 0.084790 -0.068237 -0.048037
v 0.088603 -0.066239 -0.055368
v 0.091014 -0.063252 -0.057260
v 0.093936 -0.067692 -0.052330
v 0.091965 -0.069273 -0.049413
v 0.096087 -0.065028 -0.054018
v 0.099269 -0.069145 -0.049291
v 0.101160 -0.066803 -0.050776
v 0.080867 -0.059702 -0.063745
v 0.083634 -0.055291 -0.064353
v 0.085940 -0.061477 -0.060502
v 0.082272 -0.047500 -0.048199
v 0.086267 -0.050730 -0.064353
v 0.088462 -0.057457 -0.061057
v 0.090862 -0.053301 -0.061057
v 0.088900 -0.046170 -0.064353
v 0.093261 -0.049145 -0.061057
v 0.091435 -0.041588 -0.064048
v 0.095571 -0.044970 -0.060778
v 0.093385 -0.037117 -0.062307
v 0.093290 -0.059623 -0.057760
v 0.095456 -0.055872 -0.057760
v 0.098118 -0.061790 -0.054464
v 0.097622 -0.052120 -0.057760
v 0.100051 -0.058442 -0.054464
v 0.099707 -0.048351 -0.057509
v 0.094245 -0.033399 -0.058761
v 0.097348 -0.040895 -0.059192
v 0.098133 -0.037506 -0.055961
v 0.093860 -0.031110 -0.054056
v 0.097781 -0.035420 -0.051673
v 0.101983 -0.055095 -0.054464
v 0.102946 -0.063956 -0.051168
v 0.104645 -0.061013 -0.051168
v 0.106344 -0.058070 -0.051168
v 0.103844 -0.051732 -0.054240
v 0.105275 -0.048450 -0.052963
v 0.107980 -0.055114 -0.050971
v 0.101312 -0.044672 -0.056078
v 0.102020 -0.041614 -0.053161
v 0.105907 -0.045721 -0.050360
v 0.101702 -0.039731 -0.049289
v 0.092634 -0.030042 -0.048975
v 0.077779 -0.066267 -0.045628
v 0.071911 -0.064958 -0.047423
v 0.083646 -0.067577 -0.043833
v 0.076661 -0.065294 -0.040998
v 0.070685 -0.063890 -0.042342
v 0.082637 -0.066698 -0.039653
v 0.082320 -0.064815 -0.035782
v 0.088330 -0.066422 -0.034855
v 0.090534 -0.069475 -0.045789
v 0.097536 -0.070536 -0.046727
v 0.096278 -0.070713 -0.043541
v 0.089514 -0.068886 -0.042038
v 0.088614 -0.068102 -0.038309
v 0.095381 -0.070195 -0.040243
v 0.102022 -0.071951 -0.041292
v 0.106234 -0.068578 -0.047534
v 0.107774 -0.066122 -0.047872
v 0.104603 -0.070599 -0.046253
v 0.103108 -0.071798 -0.044041
v 0.111307 -0.070353 -0.044291
v 0.109240 -0.063584 -0.047872
v 0.112602 -0.068289 -0.044576
v 0.108679 -0.073060 -0.041355
v 0.107767 -0.073189 -0.039044
v 0.109936 -0.072052 -0.043215
v 0.113834 -0.066155 -0.044576
v 0.115269 -0.073505 -0.040177
v 0.094590 -0.069505 -0.036964
v 0.101248 -0.071504 -0.038448
v 0.094341 -0.068029 -0.033928
v 0.100566 -0.070909 -0.035620
v 0.088962 -0.063693 -0.032252
v 0.094896 -0.065629 -0.031640
v 0.100351 -0.069635 -0.033000
v 0.100830 -0.067566 -0.031027
v 0.107116 -0.072813 -0.036653
v 0.106542 -0.072313 -0.034275
v 0.114250 -0.074323 -0.038669
v 0.113511 -0.074427 -0.036796
v 0.112983 -0.074122 -0.034858
v 0.106362 -0.071242 -0.032073
v 0.106764 -0.069502 -0.030414
v 0.112518 -0.073717 -0.032931
v 0.112372 -0.072849 -0.031146
v 0.101916 -0.065077 -0.030058
v 0.107677 -0.067409 -0.029599
v 0.112698 -0.071438 -0.029801
v 0.113438 -0.069742 -0.029141
v 0.108863 -0.065265 -0.029457
v 0.114399 -0.068005 -0.029025
v 0.115398 -0.066275 -0.029025
v 0.110095 -0.063131 -0.029457
v 0.070299 -0.061601 -0.037637
v 0.076310 -0.063208 -0.036709
v 0.071160 -0.057883 -0.034091
v 0.073110 -0.053412 -0.032350
v 0.075645 -0.048830 -0.032045
v 0.077094 -0.059820 -0.033478
v 0.078871 -0.055745 -0.031892
v 0.081181 -0.051569 -0.031614
v 0.083028 -0.061756 -0.032865
v 0.084632 -0.058078 -0.031433
v 0.083580 -0.047413 -0.031614
v 0.086717 -0.054309 -0.031182
v 0.088883 -0.050557 -0.031182
v 0.085980 -0.043257 -0.031614
v 0.096664 -0.034447 -0.047043
v 0.095397 -0.033715 -0.042386
v 0.100694 -0.038852 -0.045110
v 0.099550 -0.038192 -0.040906
v 0.110705 -0.061045 -0.047872
v 0.112116 -0.058495 -0.047702
v 0.115066 -0.064020 -0.044576
v 0.109238 -0.052228 -0.049848
v 0.109794 -0.049829 -0.047560
v 0.113202 -0.056006 -0.046733
v 0.113681 -0.053936 -0.044760
v 0.109545 -0.048352 -0.044523
v 0.113466 -0.052662 -0.042140
v 0.108754 -0.047662 -0.041245
v 0.105624 -0.044041 -0.046906
v 0.104724 -0.043257 -0.043177
v 0.103703 -0.042668 -0.039427
v 0.090393 -0.060411 -0.030975
v 0.096155 -0.062744 -0.030516
v 0.092254 -0.057048 -0.030751
v 0.093620 -0.033965 -0.037886
v 0.091172 -0.035929 -0.034264
v 0.097946 -0.038417 -0.036844
v 0.091049 -0.046805 -0.031182
v 0.088502 -0.039237 -0.032168
v 0.093326 -0.043176 -0.031683
v 0.095737 -0.040190 -0.033575
v 0.102272 -0.042869 -0.035802
v 0.098150 -0.047115 -0.031197
v 0.100301 -0.044451 -0.032886
v 0.112784 -0.052068 -0.039312
v 0.107856 -0.047144 -0.037947
v 0.112010 -0.051621 -0.036468
v 0.106598 -0.047321 -0.034761
v 0.102974 -0.051054 -0.030712
v 0.104865 -0.048712 -0.032196
v 0.109429 -0.052973 -0.031507
v 0.110924 -0.051773 -0.033719
v 0.116163 -0.056097 -0.034988
v 0.115251 -0.056225 -0.032677
v 0.113994 -0.057234 -0.030818
v 0.094186 -0.053701 -0.030751
v 0.097790 -0.059787 -0.030319
v 0.099489 -0.056844 -0.030319
v 0.096119 -0.050353 -0.030751
v 0.101188 -0.053901 -0.030319
v 0.103327 -0.062526 -0.029888
v 0.104792 -0.059988 -0.029888
v 0.106258 -0.057449 -0.029888
v 0.107798 -0.054993 -0.030227
v 0.111327 -0.060997 -0.029457
v 0.112623 -0.058933 -0.029741
v 0.116397 -0.064545 -0.029025
v 0.116380 -0.072128 -0.041049
v 0.117430 -0.070455 -0.041280
v 0.118429 -0.068725 -0.041280
v 0.119427 -0.066995 -0.041280
v 0.116253 -0.061876 -0.044433
v 0.120389 -0.065258 -0.041164
v 0.121129 -0.063562 -0.040504
v 0.117165 -0.059784 -0.043619
v 0.117568 -0.058044 -0.041959
v 0.117387 -0.056973 -0.039757
v 0.121455 -0.062151 -0.039159
v 0.121309 -0.061283 -0.037374
v 0.116814 -0.056473 -0.037380
v 0.120844 -0.060878 -0.035447
v 0.120316 -0.060573 -0.033509
v 0.119577 -0.060677 -0.031636
v 0.118558 -0.061495 -0.030128
v 0.117447 -0.062872 -0.029256
v 0.194683 -0.129772 -0.009313
v 0.199262 -0.126373 -0.017106
v 0.196985 -0.132171 -0.009313
v 0.199704 -0.134102 -0.009313
v 0.200763 -0.127938 -0.017106
v 0.202536 -0.129197 -0.017106
v 0.204514 -0.130103 -0.017106
v 0.202736 -0.135492 -0.009313
v 0.205965 -0.136286 -0.009313
v 0.206619 -0.130621 -0.017106
v 0.208772 -0.130731 -0.017106
v 0.209265 -0.136454 -0.009313
v 0.210889 -0.130428 -0.017106
v 0.212511 -0.135989 -0.009313
v 0.212889 -0.129724 -0.017106
v 0.215578 -0.134911 -0.009313
v 0.214695 -0.128647 -0.017106
v 0.218348 -0.133259 -0.009313
v 0.220714 -0.131098 -0.009313
v 0.196041 -0.133230 0.005298
v 0.198996 -0.135329 0.005298
v 0.193539 -0.130622 0.005298
v 0.194397 -0.129985 0.016014
v 0.191587 -0.127606 0.005298
v 0.196749 -0.132436 0.016014
v 0.202292 -0.136839 0.005298
v 0.205801 -0.137702 0.005298
v 0.209389 -0.137884 0.005298
v 0.212917 -0.137380 0.005298
v 0.216251 -0.136207 0.005298
v 0.219261 -0.134412 0.005298
v 0.221833 -0.132063 0.005298
v 0.222586 -0.128510 -0.009313
v 0.223868 -0.129250 0.005298
v 0.199527 -0.134409 0.016014
v 0.202625 -0.135828 0.016014
v 0.205924 -0.136640 0.016014
v 0.209296 -0.136811 0.016014
v 0.212613 -0.136337 0.016014
v 0.215746 -0.135235 0.016014
v 0.218576 -0.133547 0.016014
v 0.220994 -0.131339 0.016014
v 0.222906 -0.128695 0.016014
v 0.199346 -0.129525 0.024780
v 0.201474 -0.131037 0.024780
v 0.203847 -0.132124 0.024780
v 0.206374 -0.132745 0.024780
v 0.208957 -0.132877 0.024780
v 0.211497 -0.132513 0.024780
v 0.213897 -0.131669 0.024780
v 0.216065 -0.130377 0.024780
v 0.217917 -0.128685 0.024780
v 0.205624 -0.126735 0.028677
v 0.207028 -0.127081 0.028677
v 0.208463 -0.127154 0.028677
v 0.209874 -0.126952 0.028677
v 0.211208 -0.126483 0.028677
v 0.212412 -0.125765 0.028677
v 0.198090 -0.124564 -0.017106
v 0.197294 -0.122579 -0.017106
v 0.191666 -0.123954 -0.009313
v 0.196903 -0.120495 -0.017106
v 0.192887 -0.126998 -0.009313
v 0.191067 -0.120759 -0.009313
v 0.196933 -0.118392 -0.017106
v 0.191113 -0.117535 -0.009313
v 0.197382 -0.116351 -0.017106
v 0.198233 -0.114450 -0.017106
v 0.199454 -0.112762 -0.017106
v 0.207846 -0.120000 -0.019054
v 0.200997 -0.111353 -0.017106
v 0.202803 -0.110276 -0.017106
v 0.204803 -0.109572 -0.017106
v 0.211179 -0.109897 -0.017106
v 0.213156 -0.110803 -0.017106
v 0.206921 -0.109269 -0.017106
v 0.209073 -0.109379 -0.017106
v 0.197344 -0.106741 -0.009313
v 0.200114 -0.105089 -0.009313
v 0.203181 -0.104011 -0.009313
v 0.206427 -0.103546 -0.009313
v 0.209728 -0.103714 -0.009313
v 0.212956 -0.104508 -0.009313
v 0.216238 -0.127238 -0.017106
v 0.217459 -0.125550 -0.017106
v 0.218310 -0.123649 -0.017106
v 0.218759 -0.121608 -0.017106
v 0.218789 -0.119505 -0.017106
v 0.218398 -0.117421 -0.017106
v 0.217602 -0.115436 -0.017106
v 0.214929 -0.112062 -0.017106
v 0.216431 -0.113627 -0.017106
v 0.221009 -0.110228 -0.009313
v 0.223891 -0.125595 -0.009313
v 0.224580 -0.122465 -0.009313
v 0.224625 -0.119241 -0.009313
v 0.224026 -0.116046 -0.009313
v 0.222805 -0.113002 -0.009313
v 0.215988 -0.105898 -0.009313
v 0.218707 -0.107829 -0.009313
v 0.189608 -0.120825 0.005298
v 0.189657 -0.117320 0.005298
v 0.190259 -0.124298 0.005298
v 0.196431 -0.105588 0.005298
v 0.190406 -0.113918 0.005298
v 0.191315 -0.124040 0.016014
v 0.190702 -0.120776 0.016014
v 0.190749 -0.117481 0.016014
v 0.192562 -0.127150 0.016014
v 0.191825 -0.110750 0.005298
v 0.193859 -0.107937 0.005298
v 0.191452 -0.114283 0.016014
v 0.192786 -0.111305 0.016014
v 0.194698 -0.108661 0.016014
v 0.197116 -0.106453 0.016014
v 0.199442 -0.103793 0.005298
v 0.202775 -0.102620 0.005298
v 0.206304 -0.102116 0.005298
v 0.209891 -0.102298 0.005298
v 0.225286 -0.126082 0.005298
v 0.226035 -0.122680 0.005298
v 0.226084 -0.119175 0.005298
v 0.224106 -0.112394 0.005298
v 0.225433 -0.115702 0.005298
v 0.216696 -0.104671 0.005298
v 0.213400 -0.103161 0.005298
v 0.222154 -0.109378 0.005298
v 0.219652 -0.106770 0.005298
v 0.199946 -0.104765 0.016014
v 0.203079 -0.103663 0.016014
v 0.206396 -0.103189 0.016014
v 0.209769 -0.103360 0.016014
v 0.224240 -0.125717 0.016014
v 0.224943 -0.122519 0.016014
v 0.224990 -0.119224 0.016014
v 0.223130 -0.112850 0.016014
v 0.224378 -0.115960 0.016014
v 0.216165 -0.105591 0.016014
v 0.213067 -0.104172 0.016014
v 0.221295 -0.110015 0.016014
v 0.218943 -0.107564 0.016014
v 0.196139 -0.125477 0.024780
v 0.195184 -0.123095 0.024780
v 0.197545 -0.127648 0.024780
v 0.194715 -0.120594 0.024780
v 0.194750 -0.118070 0.024780
v 0.195289 -0.115621 0.024780
v 0.196311 -0.113340 0.024780
v 0.197775 -0.111315 0.024780
v 0.201342 -0.123043 0.028677
v 0.200811 -0.121719 0.028677
v 0.200551 -0.120330 0.028677
v 0.200571 -0.118928 0.028677
v 0.200870 -0.117567 0.028677
v 0.199627 -0.109623 0.024780
v 0.201795 -0.108331 0.024780
v 0.204195 -0.107487 0.024780
v 0.206735 -0.107123 0.024780
v 0.209319 -0.107255 0.024780
v 0.219382 -0.126660 0.024780
v 0.220403 -0.124379 0.024780
v 0.220942 -0.121930 0.024780
v 0.219553 -0.114523 0.024780
v 0.220978 -0.119406 0.024780
v 0.220509 -0.116905 0.024780
v 0.211845 -0.107876 0.024780
v 0.216346 -0.110475 0.024780
v 0.214218 -0.108963 0.024780
v 0.218147 -0.112352 0.024780
v 0.202123 -0.124249 0.028677
v 0.203124 -0.125292 0.028677
v 0.204306 -0.126131 0.028677
v 0.207846 -0.120000 0.029651
v 0.201438 -0.116300 0.028677
v 0.202251 -0.115175 0.028677
v 0.203280 -0.114235 0.028677
v 0.213441 -0.124825 0.028677
v 0.214255 -0.123700 0.028677
v 0.204484 -0.113517 0.028677
v 0.205818 -0.113048 0.028677
v 0.207229 -0.112846 0.028677
v 0.208664 -0.112919 0.028677
v 0.214350 -0.116957 0.028677
v 0.213569 -0.115751 0.028677
v 0.210068 -0.113265 0.028677
v 0.211386 -0.113869 0.028677
v 0.212568 -0.114708 0.028677
v 0.214822 -0.122433 0.028677
v 0.215122 -0.121072 0.028677
v 0.214881 -0.118281 0.028677
v 0.215141 -0.119670 0.028677
f 1 2 3
f 4 5 6
f 1 7 2
f 7 8 9
f 4 6 8
f 7 9 2
f 8 6 9
f 10 3 11
f 12 11 13
f 12 13 14
f 14 15 16
f 15 17 16
f 14 13 15
f 1 3 10
f 10 11 12
f 18 19 20
f 20 21 22
f 5 23 24
f 25 26 23
f 5 25 23
f 27 24 28
f 24 23 29
f 26 30 31
f 23 26 32
f 33 28 34
f 35 33 34
f 27 28 33
f 24 29 28
f 26 31 32
f 23 32 29
f 36 29 32
f 36 37 29
f 28 29 37
f 28 37 34
f 31 38 32
f 36 32 38
f 31 39 38
f 3 40 41
f 40 42 43
f 40 44 41
f 45 41 46
f 3 41 11
f 45 11 41
f 45 13 11
f 45 47 13
f 47 48 15
f 48 49 17
f 47 15 13
f 48 17 15
f 45 50 47
f 47 51 48
f 48 18 49
f 27 42 9
f 27 6 24
f 27 9 6
f 9 42 2
f 2 42 40
f 2 40 3
f 5 24 6
f 27 33 42
f 41 44 46
f 40 43 44
f 42 33 43
f 52 53 44
f 46 54 50
f 44 53 46
f 46 53 54
f 50 54 55
f 35 43 33
f 52 44 43
f 52 43 35
f 45 46 50
f 47 50 51
f 48 51 18
f 18 22 49
f 50 55 51
f 51 19 18
f 55 19 51
f 18 20 22
f 56 57 58
f 56 59 57
f 60 61 59
f 59 61 57
f 62 63 64
f 65 66 63
f 60 64 67
f 60 67 61
f 64 68 67
f 64 63 68
f 63 66 69
f 63 69 68
f 70 25 71
f 70 72 73
f 72 74 73
f 74 75 76
f 74 76 73
f 75 77 76
f 75 78 79
f 79 80 81
f 82 83 81
f 79 84 77
f 81 85 84
f 75 79 77
f 79 81 84
f 81 83 85
f 83 86 87
f 83 87 85
f 8 88 89
f 90 91 92
f 4 89 91
f 1 93 94
f 10 95 93
f 12 96 95
f 14 97 96
f 7 94 88
f 72 98 99
f 74 99 100
f 71 92 98
f 75 100 78
f 79 78 80
f 82 81 80
f 92 101 98
f 99 102 100
f 98 103 99
f 88 104 105
f 89 105 106
f 91 106 107
f 96 108 109
f 94 110 104
f 93 111 110
f 95 109 111
f 94 104 88
f 89 88 105
f 96 97 108
f 94 93 110
f 93 95 111
f 95 96 109
f 92 91 107
f 89 106 91
f 7 88 8
f 4 8 89
f 90 92 71
f 71 98 72
f 4 91 90
f 4 90 5
f 90 71 25
f 90 25 5
f 70 71 72
f 1 94 7
f 1 10 93
f 10 12 95
f 12 14 96
f 14 16 97
f 72 99 74
f 74 100 75
f 82 112 83
f 86 112 113
f 113 114 115
f 114 116 117
f 116 118 119
f 118 120 121
f 122 123 120
f 122 124 125
f 124 126 127
f 126 128 129
f 119 121 130
f 117 131 132
f 119 130 131
f 83 112 86
f 86 113 115
f 116 119 117
f 118 121 119
f 114 117 115
f 86 115 133
f 117 132 115
f 86 133 87
f 115 132 133
f 117 119 131
f 121 123 134
f 123 125 135
f 121 134 130
f 123 135 134
f 125 127 136
f 127 129 137
f 125 136 135
f 127 137 136
f 120 123 121
f 122 125 123
f 124 127 125
f 126 129 127
f 99 103 102
f 78 138 139
f 100 102 138
f 80 139 140
f 82 140 141
f 112 141 142
f 113 142 143
f 100 138 78
f 78 139 80
f 82 80 140
f 82 141 112
f 112 142 113
f 113 143 114
f 92 107 101
f 98 101 103
f 106 144 107
f 101 107 144
f 105 144 106
f 105 104 144
f 104 110 144
f 110 111 144
f 111 109 144
f 109 108 144
f 120 145 146
f 114 143 147
f 116 147 148
f 118 148 145
f 122 146 149
f 124 149 150
f 126 150 151
f 151 152 128
f 116 148 118
f 114 147 116
f 118 145 120
f 122 120 146
f 122 149 124
f 124 150 126
f 126 151 128
f 103 144 102
f 102 144 138
f 139 138 144
f 140 144 141
f 139 144 140
f 141 144 142
f 142 144 143
f 101 144 103
f 148 144 145
f 145 144 146
f 143 144 147
f 147 144 148
f 146 144 149
f 149 144 150
f 150 144 151
f 151 144 152
f 153 154 155
f 156 30 73
f 70 26 25
f 70 30 26
f 70 73 30
f 156 73 76
f 156 76 153
f 77 154 153
f 76 77 153
f 156 157 30
f 156 153 158
f 85 159 160
f 87 133 161
f 87 161 159
f 160 162 154
f 160 159 163
f 159 161 164
f 84 154 77
f 84 160 154
f 84 85 160
f 85 87 159
f 153 155 158
f 154 162 155
f 157 158 165
f 157 165 39
f 165 158 166
f 155 166 158
f 155 162 167
f 155 167 166
f 30 157 31
f 156 158 157
f 31 157 39
f 160 163 162
f 161 168 164
f 159 164 163
f 169 163 170
f 169 162 163
f 169 167 162
f 170 163 164
f 168 171 164
f 170 164 171
f 133 172 161
f 133 132 172
f 173 132 131
f 173 172 132
f 173 131 174
f 174 130 175
f 174 131 130
f 173 56 172
f 161 172 168
f 173 174 59
f 174 175 60
f 175 130 134
f 175 134 62
f 62 134 135
f 65 135 136
f 62 135 65
f 65 136 176
f 136 137 176
f 175 62 64
f 62 65 63
f 65 176 66
f 172 56 168
f 173 59 56
f 174 60 59
f 168 56 58
f 168 58 171
f 175 64 60
f 55 54 177
f 54 178 177
f 55 177 179
f 178 180 177
f 179 177 181
f 55 179 19
f 19 182 20
f 19 179 182
f 20 183 21
f 20 182 183
f 183 184 21
f 179 185 182
f 182 186 183
f 183 187 184
f 178 188 180
f 179 181 185
f 177 180 181
f 181 180 189
f 188 190 180
f 190 189 180
f 181 191 185
f 181 189 191
f 185 191 192
f 182 185 186
f 183 186 187
f 187 193 184
f 186 194 187
f 186 192 194
f 187 195 193
f 187 194 195
f 195 196 193
f 185 192 186
f 52 35 197
f 34 37 198
f 35 34 199
f 35 199 197
f 199 34 198
f 200 197 201
f 199 198 202
f 199 203 197
f 38 39 204
f 38 204 205
f 206 205 207
f 205 204 208
f 36 206 37
f 37 206 198
f 36 205 206
f 36 38 205
f 206 209 198
f 200 201 188
f 197 203 201
f 199 202 203
f 198 209 202
f 188 201 210
f 203 211 201
f 188 210 190
f 201 211 210
f 203 202 212
f 202 209 213
f 203 212 211
f 202 213 212
f 205 208 207
f 204 214 208
f 209 207 215
f 209 215 213
f 207 216 215
f 207 208 216
f 208 214 217
f 208 217 216
f 206 207 209
f 52 200 53
f 200 178 53
f 52 197 200
f 53 178 54
f 200 188 178
f 190 218 219
f 218 220 219
f 219 220 221
f 220 222 221
f 221 222 223
f 191 224 192
f 192 224 225
f 191 189 226
f 190 219 189
f 189 219 226
f 191 226 224
f 224 227 225
f 224 226 228
f 219 221 226
f 192 225 194
f 194 229 195
f 194 225 229
f 195 230 196
f 195 229 230
f 230 231 196
f 225 232 229
f 229 233 230
f 230 234 231
f 224 228 227
f 225 227 232
f 221 228 226
f 227 235 236
f 227 236 232
f 232 236 237
f 221 223 228
f 223 235 228
f 227 228 235
f 232 233 229
f 230 233 234
f 234 238 231
f 232 237 233
f 233 237 239
f 233 239 234
f 234 239 240
f 234 240 238
f 240 241 238
f 211 242 243
f 210 218 190
f 210 211 243
f 210 243 218
f 211 212 242
f 212 213 244
f 212 244 242
f 218 243 245
f 242 246 243
f 242 244 247
f 213 215 248
f 213 248 244
f 215 249 248
f 215 216 249
f 216 217 250
f 216 250 249
f 244 248 251
f 248 249 252
f 250 253 249
f 247 254 255
f 246 245 243
f 218 245 220
f 242 247 246
f 246 256 245
f 245 256 257
f 220 245 257
f 220 257 222
f 246 255 256
f 246 247 255
f 244 251 247
f 248 252 251
f 253 252 249
f 247 251 254
f 251 252 258
f 251 258 254
f 253 259 252
f 259 258 252
f 260 261 262
f 261 263 262
f 264 262 265
f 264 265 266
f 262 267 265
f 171 58 268
f 171 268 261
f 58 269 268
f 58 57 269
f 57 61 270
f 57 270 269
f 261 268 263
f 268 269 271
f 269 270 272
f 61 67 273
f 61 273 270
f 67 274 273
f 67 68 274
f 68 69 275
f 68 275 274
f 270 273 276
f 273 274 277
f 274 275 278
f 268 271 263
f 269 272 271
f 262 263 267
f 263 271 279
f 263 279 267
f 272 280 271
f 271 280 279
f 270 276 272
f 273 277 276
f 274 278 277
f 272 276 281
f 272 281 280
f 276 282 281
f 276 277 282
f 277 278 283
f 277 283 282
f 284 266 285
f 266 265 286
f 266 286 285
f 265 287 286
f 288 285 289
f 285 286 290
f 288 289 291
f 285 290 289
f 292 290 286
f 291 293 294
f 291 289 293
f 289 290 295
f 289 295 293
f 292 296 290
f 290 296 295
f 265 267 287
f 267 279 297
f 267 297 287
f 279 280 298
f 279 298 297
f 287 297 299
f 292 286 287
f 297 298 300
f 280 281 301
f 280 301 298
f 281 302 301
f 281 282 302
f 282 283 303
f 282 303 302
f 298 301 304
f 301 302 305
f 302 303 306
f 292 287 299
f 297 300 299
f 292 307 296
f 292 299 307
f 299 300 308
f 299 308 307
f 298 304 300
f 301 305 304
f 302 306 305
f 300 304 309
f 300 309 308
f 304 310 309
f 304 305 310
f 305 306 311
f 305 311 310
f 39 165 312
f 165 166 313
f 39 312 204
f 165 313 312
f 314 166 167
f 314 313 166
f 204 312 214
f 315 312 313
f 314 316 313
f 169 317 167
f 314 167 317
f 169 260 317
f 169 170 260
f 170 171 261
f 170 261 260
f 314 317 318
f 317 260 264
f 315 214 312
f 315 313 316
f 314 318 316
f 315 319 214
f 319 217 214
f 315 316 320
f 315 320 319
f 316 284 320
f 317 264 318
f 260 262 264
f 316 318 284
f 318 264 266
f 318 266 284
f 319 321 217
f 217 321 250
f 319 322 321
f 319 320 322
f 320 284 288
f 320 288 322
f 250 321 323
f 321 322 324
f 322 288 291
f 284 285 288
f 250 323 253
f 321 324 323
f 322 291 324
f 253 323 325
f 253 325 259
f 323 326 325
f 323 324 326
f 324 291 294
f 324 294 326
f 223 222 327
f 223 327 328
f 328 327 329
f 328 330 331
f 328 332 330
f 328 329 332
f 329 333 332
f 334 335 336
f 334 336 337
f 334 337 338
f 339 334 338
f 236 340 341
f 237 236 341
f 237 341 342
f 223 328 235
f 236 235 340
f 235 328 340
f 342 341 343
f 328 344 340
f 340 345 346
f 340 344 345
f 340 346 341
f 328 331 344
f 239 347 240
f 237 342 239
f 239 342 347
f 240 348 241
f 240 347 348
f 348 349 241
f 347 350 348
f 342 351 347
f 348 352 349
f 341 346 343
f 342 343 351
f 351 343 353
f 346 345 354
f 346 354 355
f 346 355 356
f 343 346 357
f 343 357 353
f 351 353 358
f 346 356 334
f 346 334 357
f 334 356 335
f 347 351 350
f 351 358 350
f 350 359 352
f 348 350 352
f 349 352 360
f 352 361 360
f 350 358 359
f 360 361 362
f 352 359 361
f 255 363 364
f 256 365 257
f 257 365 366
f 222 257 366
f 222 366 327
f 256 255 364
f 256 364 365
f 365 367 366
f 327 366 368
f 365 364 369
f 255 254 363
f 254 258 370
f 254 370 363
f 259 371 258
f 371 370 258
f 364 363 372
f 363 370 373
f 371 374 370
f 364 372 369
f 366 367 368
f 368 375 376
f 367 377 368
f 327 368 329
f 329 378 333
f 329 379 378
f 329 368 379
f 368 376 379
f 365 369 367
f 367 369 380
f 368 377 375
f 377 381 375
f 377 382 381
f 383 384 385
f 383 385 386
f 383 386 387
f 383 387 382
f 377 383 382
f 339 338 388
f 339 388 389
f 339 389 383
f 383 389 390
f 383 390 384
f 367 380 377
f 363 373 372
f 369 372 391
f 372 373 392
f 374 393 373
f 374 373 370
f 369 391 380
f 372 392 391
f 373 393 392
f 353 394 358
f 353 357 395
f 334 396 357
f 396 395 357
f 353 395 394
f 358 394 397
f 394 395 398
f 394 399 397
f 358 397 359
f 359 400 361
f 397 400 359
f 361 401 362
f 361 400 401
f 362 401 402
f 397 403 400
f 400 404 401
f 401 405 402
f 397 399 403
f 400 403 404
f 401 404 405
f 405 406 402
f 339 407 334
f 339 383 408
f 334 407 396
f 339 408 407
f 377 409 383
f 377 380 410
f 383 409 408
f 377 410 409
f 396 407 411
f 408 409 412
f 408 413 407
f 380 391 414
f 380 414 410
f 391 415 414
f 391 392 415
f 393 416 392
f 392 416 415
f 414 415 417
f 409 410 418
f 410 414 419
f 407 413 411
f 408 412 413
f 414 417 419
f 409 418 412
f 410 419 418
f 413 420 411
f 413 412 421
f 418 422 412
f 418 419 423
f 413 421 420
f 418 423 422
f 412 422 421
f 396 424 395
f 424 398 395
f 396 411 424
f 394 398 399
f 399 398 425
f 399 426 403
f 424 427 398
f 424 411 428
f 424 428 427
f 399 425 426
f 398 427 425
f 403 429 404
f 405 430 406
f 404 431 405
f 405 431 430
f 406 430 432
f 403 426 429
f 404 429 431
f 411 420 428
f 294 293 433
f 294 433 434
f 293 295 435
f 296 436 295
f 293 435 433
f 295 436 435
f 434 433 437
f 433 435 438
f 436 439 435
f 434 437 440
f 440 437 441
f 433 438 437
f 435 439 438
f 437 438 442
f 439 443 438
f 440 441 444
f 437 442 441
f 438 443 442
f 296 307 445
f 296 445 436
f 307 308 446
f 307 446 445
f 436 445 447
f 445 446 448
f 308 309 449
f 308 449 446
f 309 450 449
f 309 310 450
f 310 311 451
f 310 451 450
f 446 449 452
f 449 450 453
f 450 451 454
f 436 447 439
f 439 447 455
f 445 448 447
f 447 448 456
f 439 455 443
f 447 456 455
f 446 452 448
f 449 453 452
f 448 452 457
f 450 454 453
f 452 453 458
f 453 454 459
f 448 457 456
f 452 458 457
f 453 459 458
f 444 441 460
f 441 442 461
f 441 461 460
f 442 462 461
f 443 462 442
f 443 455 463
f 443 463 462
f 455 456 464
f 455 464 463
f 461 462 465
f 462 463 466
f 464 467 463
f 456 457 468
f 456 468 464
f 457 469 468
f 457 458 469
f 458 459 470
f 458 470 469
f 464 468 471
f 469 470 472
f 468 469 473
f 462 466 465
f 463 467 466
f 464 471 467
f 468 473 471
f 467 471 474
f 469 472 473
f 471 473 475
f 473 472 476
f 259 325 477
f 259 477 371
f 325 478 477
f 325 326 478
f 326 294 434
f 326 434 478
f 371 477 479
f 477 478 480
f 478 434 440
f 371 479 374
f 477 480 479
f 374 479 481
f 478 440 480
f 479 480 482
f 480 440 444
f 374 481 393
f 479 482 481
f 480 444 482
f 393 481 483
f 393 483 416
f 481 482 484
f 482 444 485
f 481 484 483
f 482 485 484
f 415 416 486
f 483 487 416
f 483 484 488
f 444 460 485
f 484 485 489
f 485 460 490
f 460 461 491
f 415 486 417
f 416 487 486
f 486 492 417
f 483 488 487
f 486 487 493
f 419 417 494
f 419 494 423
f 417 492 494
f 486 493 492
f 484 489 488
f 485 490 489
f 487 488 495
f 488 489 496
f 460 491 490
f 490 491 497
f 490 498 489
f 487 495 493
f 488 496 495
f 489 498 496
f 490 497 498
f 428 420 499
f 428 499 427
f 430 499 432
f 425 427 499
f 425 499 426
f 426 499 429
f 429 499 431
f 431 499 430
f 422 499 421
f 422 423 499
f 420 421 499
f 423 494 499
f 494 492 499
f 492 493 499
f 461 465 491
f 491 465 500
f 466 501 465
f 466 467 502
f 491 500 497
f 465 501 500
f 466 502 501
f 496 499 495
f 496 498 499
f 497 500 499
f 498 497 499
f 467 474 502
f 471 475 474
f 473 476 475
f 501 499 500
f 501 502 499
f 475 476 499
f 502 474 499
f 474 475 499
f 493 495 499
f 16 17 503
f 503 504 505
f 503 17 504
f 505 504 506
f 507 506 508
f 509 508 510
f 505 506 507
f 507 508 509
f 511 510 512
f 509 510 511
f 511 512 513
f 513 514 515
f 513 512 514
f 515 514 516
f 517 516 518
f 519 21 520
f 49 521 504
f 521 522 506
f 49 504 17
f 521 506 504
f 522 508 506
f 522 523 508
f 523 510 508
f 49 22 521
f 521 519 522
f 522 524 523
f 523 525 526
f 523 526 510
f 512 526 527
f 526 528 527
f 527 529 530
f 530 531 532
f 510 526 512
f 512 527 514
f 514 527 530
f 514 530 516
f 516 530 532
f 518 532 533
f 516 532 518
f 532 534 533
f 521 22 519
f 522 519 524
f 523 524 525
f 22 21 519
f 519 520 524
f 524 535 525
f 524 520 535
f 535 536 525
f 526 525 528
f 527 528 529
f 530 529 531
f 532 531 534
f 525 536 528
f 528 537 529
f 528 536 537
f 529 537 538
f 529 538 531
f 531 538 539
f 531 539 534
f 539 540 534
f 518 533 541
f 541 533 542
f 541 542 543
f 543 542 544
f 533 545 542
f 542 546 544
f 544 547 548
f 540 545 534
f 540 549 545
f 533 534 545
f 542 545 546
f 544 546 547
f 548 547 550
f 545 549 546
f 546 549 551
f 546 551 547
f 551 552 547
f 552 550 547
f 550 553 554
f 552 553 550
f 554 553 555
f 97 16 556
f 503 557 556
f 505 558 557
f 507 559 558
f 509 560 559
f 511 561 560
f 513 562 561
f 515 563 562
f 97 564 108
f 556 565 564
f 557 566 565
f 558 567 566
f 559 568 567
f 560 569 568
f 561 570 569
f 97 556 564
f 556 557 565
f 557 558 566
f 558 559 567
f 559 560 568
f 560 561 569
f 561 562 570
f 517 571 563
f 571 572 573
f 573 574 575
f 562 563 576
f 563 571 577
f 571 573 578
f 573 575 579
f 575 580 581
f 581 582 583
f 583 584 585
f 16 503 556
f 503 505 557
f 505 507 558
f 507 509 559
f 509 511 560
f 511 513 561
f 513 515 562
f 515 517 563
f 517 572 571
f 573 572 574
f 515 516 517
f 517 518 572
f 541 574 572
f 518 541 572
f 575 574 580
f 581 580 582
f 541 543 574
f 543 580 574
f 580 586 582
f 543 586 580
f 582 586 587
f 583 582 584
f 585 584 588
f 588 589 590
f 582 587 584
f 584 591 588
f 584 587 591
f 588 591 592
f 588 592 589
f 589 593 594
f 589 592 593
f 594 593 595
f 562 576 570
f 563 577 576
f 571 578 577
f 108 564 144
f 564 565 144
f 565 566 144
f 566 567 144
f 567 568 144
f 568 569 144
f 569 570 144
f 570 576 144
f 573 579 578
f 575 596 579
f 581 597 596
f 583 598 597
f 585 599 598
f 599 590 600
f 575 581 596
f 581 583 597
f 583 585 598
f 585 590 599
f 600 590 601
f 602 601 603
f 576 577 144
f 577 578 144
f 578 579 144
f 579 596 144
f 596 597 144
f 597 598 144
f 598 599 144
f 599 600 144
f 600 602 144
f 602 604 144
f 604 605 144
f 605 606 144
f 606 607 144
f 607 608 144
f 608 609 144
f 609 610 144
f 600 601 602
f 602 603 604
f 604 611 605
f 605 612 606
f 606 613 607
f 607 614 608
f 608 615 609
f 609 616 610
f 604 603 611
f 605 611 612
f 606 612 613
f 607 613 614
f 608 614 615
f 609 615 616
f 616 617 610
f 585 588 590
f 589 601 590
f 594 603 601
f 603 618 611
f 611 619 612
f 612 620 613
f 613 621 614
f 614 622 615
f 615 623 616
f 616 624 617
f 589 594 601
f 594 618 603
f 611 618 619
f 612 619 620
f 594 595 618
f 618 625 619
f 618 595 625
f 619 625 626
f 619 626 620
f 620 627 621
f 620 626 627
f 621 627 628
f 613 620 621
f 614 621 622
f 615 622 623
f 616 623 624
f 624 629 617
f 621 628 622
f 622 630 623
f 622 628 630
f 623 630 631
f 623 631 624
f 624 632 629
f 624 631 632
f 632 633 629
f 543 544 586
f 544 548 586
f 548 587 586
f 548 634 587
f 634 591 587
f 634 635 591
f 548 550 634
f 634 554 635
f 635 636 637
f 591 635 592
f 592 635 637
f 592 637 593
f 593 637 638
f 593 638 595
f 595 638 639
f 595 639 625
f 625 639 640
f 637 641 638
f 638 642 639
f 639 643 640
f 640 644 645
f 634 550 554
f 635 554 636
f 637 636 641
f 554 555 636
f 555 646 636
f 646 641 636
f 641 647 642
f 646 647 641
f 642 647 648
f 638 641 642
f 639 642 643
f 640 643 644
f 642 648 643
f 648 649 643
f 643 649 644
f 644 650 651
f 644 649 650
f 651 650 652
f 625 640 626
f 640 645 626
f 645 627 626
f 645 653 627
f 627 653 628
f 628 653 654
f 628 654 630
f 645 651 653
f 653 655 654
f 654 656 657
f 630 657 631
f 630 654 657
f 631 657 658
f 631 658 632
f 632 658 659
f 632 659 633
f 659 660 633
f 657 661 658
f 658 662 659
f 659 663 660
f 645 644 651
f 653 651 655
f 654 655 656
f 657 656 661
f 651 652 655
f 655 664 656
f 652 664 655
f 656 665 661
f 656 664 665
f 661 665 666
f 658 661 662
f 659 662 663
f 663 667 660
f 661 666 662
f 662 668 663
f 666 668 662
f 663 669 667
f 663 668 669
f 669 670 667
f 21 184 520
f 520 671 535
f 520 184 671
f 535 672 536
f 535 671 672
f 536 672 673
f 184 193 671
f 671 674 672
f 672 675 673
f 536 673 537
f 537 673 676
f 673 677 676
f 676 678 679
f 679 680 681
f 671 193 674
f 672 674 675
f 673 675 677
f 193 196 674
f 674 682 675
f 674 196 682
f 675 682 683
f 677 683 684
f 675 683 677
f 676 677 678
f 679 678 680
f 677 684 678
f 678 685 680
f 678 684 685
f 680 686 687
f 680 685 686
f 686 688 687
f 537 676 538
f 538 676 679
f 538 679 539
f 539 681 540
f 679 681 539
f 681 687 689
f 681 680 687
f 540 681 689
f 540 689 549
f 690 551 549
f 689 690 549
f 690 691 551
f 689 692 690
f 690 693 691
f 691 694 695
f 551 691 552
f 552 695 553
f 552 691 695
f 553 695 696
f 695 697 696
f 553 696 555
f 555 696 698
f 696 699 698
f 698 700 701
f 689 687 692
f 690 692 693
f 691 693 694
f 687 688 692
f 692 702 693
f 692 688 702
f 693 702 703
f 693 703 694
f 694 704 697
f 703 704 694
f 697 704 705
f 695 694 697
f 696 697 699
f 698 699 700
f 697 705 699
f 699 706 700
f 699 705 706
f 700 707 708
f 700 706 707
f 708 707 709
f 196 231 682
f 682 710 683
f 682 231 710
f 683 711 684
f 683 710 711
f 684 711 712
f 231 238 710
f 710 713 711
f 711 714 712
f 684 712 685
f 685 712 715
f 685 715 686
f 686 716 688
f 686 715 716
f 688 716 717
f 712 718 715
f 715 719 716
f 716 720 717
f 710 238 713
f 711 713 714
f 714 718 712
f 238 241 713
f 713 241 721
f 713 721 714
f 714 721 722
f 714 722 718
f 718 722 723
f 715 718 719
f 716 719 720
f 720 724 717
f 718 723 719
f 719 723 725
f 719 725 720
f 720 725 726
f 720 726 724
f 726 727 724
f 688 717 702
f 717 724 728
f 728 724 729
f 724 727 729
f 729 727 730
f 702 728 703
f 702 717 728
f 703 728 731
f 703 731 704
f 704 732 705
f 704 731 732
f 705 732 733
f 728 729 731
f 731 734 732
f 732 735 733
f 705 733 706
f 706 736 707
f 706 733 736
f 707 737 709
f 707 736 737
f 709 737 738
f 733 739 736
f 736 740 737
f 737 741 738
f 731 729 734
f 734 735 732
f 735 739 733
f 729 730 734
f 734 730 742
f 734 742 735
f 735 742 743
f 735 743 739
f 743 744 739
f 739 744 740
f 736 739 740
f 740 741 737
f 741 745 738
f 740 744 746
f 740 746 741
f 741 746 747
f 741 747 745
f 747 748 745
f 555 698 646
f 646 701 647
f 646 698 701
f 701 749 647
f 647 749 648
f 648 749 750
f 701 708 749
f 751 750 749
f 750 752 753
f 648 750 649
f 649 753 650
f 649 750 753
f 650 753 754
f 650 754 652
f 652 754 755
f 753 756 754
f 754 757 755
f 701 700 708
f 708 751 749
f 751 752 750
f 708 709 751
f 709 758 751
f 751 758 752
f 752 759 756
f 758 759 752
f 753 752 756
f 754 756 757
f 756 760 757
f 756 759 760
f 757 760 761
f 652 755 664
f 709 738 758
f 758 762 759
f 758 738 762
f 759 763 760
f 759 762 763
f 760 763 764
f 738 745 762
f 762 765 763
f 763 766 764
f 760 764 761
f 762 745 765
f 765 766 763
f 764 766 767
f 745 748 765
f 765 748 768
f 765 768 766
f 768 769 766
f 766 769 767
f 767 769 770
f 755 771 772
f 755 757 771
f 757 761 771
f 771 773 774
f 771 761 773
f 664 772 665
f 755 772 664
f 665 772 775
f 665 775 666
f 666 775 776
f 772 774 775
f 775 777 776
f 666 776 668
f 668 778 669
f 668 776 778
f 669 779 670
f 669 778 779
f 779 780 670
f 776 781 778
f 778 782 779
f 779 783 780
f 772 771 774
f 775 774 777
f 776 777 781
f 774 784 777
f 774 773 784
f 784 785 777
f 777 785 781
f 781 785 786
f 778 781 782
f 779 782 783
f 783 787 780
f 781 786 782
f 782 788 783
f 782 786 788
f 783 789 787
f 783 788 789
f 789 790 787
f 761 764 791
f 761 791 773
f 773 792 784
f 773 791 792
f 764 767 791
f 791 793 792
f 792 794 795
f 767 793 791
f 792 793 794
f 767 770 793
f 793 770 796
f 793 796 794
f 794 796 797
f 794 797 798
f 798 797 799
f 784 795 785
f 784 792 795
f 785 795 800
f 785 800 786
f 786 800 801
f 795 798 800
f 800 802 801
f 786 801 788
f 788 803 789
f 788 801 803
f 789 804 790
f 789 803 804
f 804 805 790
f 801 806 803
f 803 807 804
f 804 808 805
f 795 794 798
f 798 802 800
f 801 802 806
f 798 799 802
f 799 809 802
f 802 809 806
f 806 809 810
f 806 807 803
f 804 807 808
f 808 811 805
f 806 810 807
f 807 810 812
f 807 812 808
f 808 812 813
f 808 813 811
f 813 814 811
f 349 721 241
f 721 815 722
f 349 815 721
f 722 816 723
f 722 815 816
f 723 816 817
f 349 360 815
f 815 818 816
f 816 819 817
f 723 817 725
f 725 817 820
f 725 820 726
f 726 821 727
f 726 820 821
f 727 821 822
f 817 823 820
f 820 824 821
f 821 825 822
f 825 826 822
f 822 826 827
f 360 818 815
f 360 362 818
f 818 828 819
f 816 818 819
f 817 819 823
f 819 829 823
f 362 828 818
f 819 828 829
f 823 829 830
f 820 823 824
f 823 830 824
f 824 831 825
f 821 824 825
f 825 832 826
f 825 833 832
f 825 834 833
f 825 835 834
f 824 830 831
f 825 831 836
f 825 836 835
f 836 837 835
f 836 838 837
f 836 839 838
f 836 840 839
f 727 822 730
f 730 822 841
f 822 842 841
f 822 827 843
f 822 843 842
f 841 842 844
f 841 844 845
f 846 845 847
f 840 848 839
f 840 849 848
f 840 850 849
f 840 851 850
f 730 841 742
f 742 841 852
f 742 852 743
f 743 852 853
f 743 853 744
f 744 853 854
f 841 846 852
f 852 855 853
f 853 856 854
f 744 854 746
f 854 857 858
f 746 858 747
f 746 854 858
f 747 858 859
f 747 859 748
f 859 860 748
f 858 861 859
f 859 862 860
f 841 845 846
f 852 846 855
f 846 847 863
f 846 863 855
f 855 863 864
f 855 864 865
f 853 855 856
f 855 865 866
f 855 867 856
f 856 857 854
f 856 868 857
f 851 869 850
f 851 870 869
f 851 871 870
f 851 872 871
f 851 873 872
f 855 866 867
f 856 867 874
f 856 874 875
f 873 876 872
f 873 877 876
f 873 875 877
f 873 868 875
f 856 875 868
f 857 868 878
f 857 878 861
f 858 857 861
f 859 861 862
f 861 879 862
f 862 880 881
f 862 881 860
f 861 878 879
f 862 879 880
f 881 880 882
f 362 402 828
f 828 883 829
f 828 402 883
f 829 884 830
f 829 883 884
f 884 885 830
f 406 883 402
f 883 886 884
f 884 887 885
f 830 885 831
f 831 888 836
f 831 885 888
f 836 889 840
f 836 888 889
f 889 890 840
f 885 891 888
f 888 892 889
f 406 886 883
f 884 886 887
f 885 887 891
f 888 891 892
f 840 890 851
f 889 893 890
f 890 894 895
f 406 432 886
f 886 896 887
f 887 897 891
f 891 898 892
f 886 432 896
f 887 896 897
f 891 897 898
f 889 892 893
f 892 899 893
f 893 894 890
f 893 900 894
f 894 901 902
f 892 898 899
f 893 899 900
f 894 900 901
f 902 901 903
f 851 895 873
f 851 890 895
f 873 895 904
f 873 904 868
f 868 905 878
f 904 905 868
f 878 905 906
f 895 902 904
f 904 907 905
f 905 908 906
f 906 909 910
f 878 906 879
f 879 910 880
f 879 906 910
f 880 911 882
f 910 911 880
f 911 912 882
f 910 913 911
f 911 914 912
f 895 894 902
f 904 902 907
f 902 903 907
f 905 907 908
f 907 915 908
f 908 916 909
f 906 908 909
f 910 909 913
f 909 917 913
f 907 903 915
f 908 915 916
f 909 916 917
f 911 913 914
f 748 860 768
f 768 918 769
f 768 860 918
f 769 919 770
f 918 919 769
f 770 919 920
f 860 881 918
f 918 921 919
f 919 922 920
f 918 881 921
f 881 882 921
f 921 923 922
f 921 922 919
f 920 922 924
f 922 925 924
f 921 882 923
f 922 923 925
f 924 925 926
f 432 499 896
f 896 499 897
f 897 499 898
f 898 499 899
f 899 499 900
f 900 499 901
f 901 499 903
f 903 499 915
f 915 499 916
f 916 499 917
f 917 499 927
f 927 499 928
f 928 499 929
f 912 923 882
f 923 930 925
f 912 930 923
f 925 931 926
f 930 931 925
f 912 932 930
f 930 933 931
f 934 935 931
f 926 935 936
f 926 931 935
f 935 937 936
f 938 937 935
f 937 939 940
f 913 927 914
f 914 928 932
f 913 917 927
f 914 927 928
f 932 928 929
f 912 914 932
f 932 933 930
f 933 934 931
f 932 929 933
f 933 941 934
f 933 929 941
f 934 942 938
f 934 938 935
f 938 943 939
f 938 939 937
f 940 939 944
f 945 944 939
f 934 941 942
f 938 942 943
f 943 945 939
f 929 499 941
f 941 499 942
f 942 499 943
f 943 499 945
f 945 499 946
f 946 499 947
f 946 948 944
f 947 949 948
f 949 950 951
f 945 946 944
f 946 947 948
f 947 950 949
f 951 950 952
f 947 499 950
f 950 499 952
f 952 499 953
f 953 499 954
f 954 499 955
f 956 952 953
f 957 953 954
f 954 955 958
f 770 920 796
f 796 920 959
f 796 959 797
f 797 960 799
f 797 959 960
f 799 960 961
f 920 924 959
f 959 962 960
f 960 963 961
f 959 924 962
f 924 926 962
f 960 962 963
f 961 963 964
f 962 936 963
f 963 965 964
f 962 926 936
f 963 936 965
f 799 961 809
f 809 961 966
f 809 966 810
f 810 966 967
f 961 964 966
f 966 968 967
f 810 967 812
f 812 969 813
f 812 967 969
f 813 970 814
f 813 969 970
f 970 971 814
f 967 972 969
f 969 973 970
f 970 974 971
f 964 968 966
f 964 975 968
f 967 968 972
f 968 976 972
f 964 965 975
f 968 975 976
f 972 976 977
f 969 972 973
f 972 977 973
f 973 978 974
f 970 973 974
f 974 979 971
f 974 980 979
f 973 977 978
f 974 978 980
f 980 981 979
f 936 937 965
f 965 940 975
f 965 937 940
f 982 976 975
f 940 982 975
f 982 983 976
f 983 977 976
f 983 984 977
f 940 944 982
f 982 948 983
f 983 949 984
f 977 984 978
f 978 985 980
f 984 985 978
f 980 986 981
f 980 985 986
f 986 987 981
f 984 951 985
f 985 956 986
f 986 957 987
f 982 944 948
f 983 948 949
f 984 949 951
f 985 951 956
f 951 952 956
f 956 953 957
f 986 956 957
f 957 958 987
f 957 954 958
f 176 988 66
f 66 988 989
f 66 989 69
f 988 990 991
f 990 992 993
f 988 991 989
f 990 993 991
f 992 994 993
f 128 995 996
f 995 997 998
f 997 999 1000
f 999 1001 1002
f 1001 1003 1004
f 1003 1005 1006
f 1005 1007 1008
f 1007 1009 1010
f 1009 1011 1012
f 129 996 1013
f 996 998 1014
f 129 1013 137
f 996 1014 1013
f 998 1000 1015
f 998 1015 1014
f 1000 1016 1015
f 128 996 129
f 995 998 996
f 997 1000 998
f 999 1002 1000
f 1000 1002 1016
f 1002 1017 1016
f 1004 1018 1017
f 1001 1004 1002
f 1003 1006 1004
f 1005 1008 1006
f 1007 1010 1008
f 1009 1012 1010
f 1002 1004 1017
f 1004 1006 1018
f 1006 1008 1019
f 1008 1010 1020
f 1006 1019 1018
f 995 152 1021
f 997 1021 1022
f 999 1022 1023
f 1001 1023 1024
f 1003 1024 1025
f 1005 1025 1026
f 1007 1026 1027
f 128 152 995
f 995 1021 997
f 997 1022 999
f 999 1023 1001
f 1001 1024 1003
f 1003 1025 1005
f 152 144 1021
f 1021 144 1022
f 1022 144 1023
f 1023 144 1024
f 1024 144 1025
f 1025 144 1026
f 1026 144 1027
f 1027 144 1028
f 1028 144 1029
f 1029 144 1030
f 1030 144 1031
f 1031 144 1032
f 1032 144 1033
f 1033 144 1034
f 1034 144 1035
f 1009 1027 1028
f 1011 1028 1029
f 1029 1030 1036
f 1030 1031 1037
f 1031 1032 1038
f 1032 1033 1039
f 1033 1034 1040
f 1005 1026 1007
f 1007 1027 1009
f 1009 1028 1011
f 1011 1029 1036
f 1030 1037 1036
f 1031 1038 1037
f 1032 1039 1038
f 1035 144 1041
f 1041 144 1042
f 1042 144 1043
f 1043 144 1044
f 1044 144 1045
f 1045 144 1046
f 1046 144 1047
f 1047 144 1048
f 1048 144 1049
f 1034 1035 1050
f 1035 1041 1051
f 1011 1052 1012
f 1052 1036 1053
f 1053 1037 1054
f 1010 1012 1055
f 1008 1020 1019
f 1010 1055 1020
f 1012 1056 1055
f 1052 1057 1056
f 1012 1052 1056
f 1052 1053 1057
f 1053 1054 1058
f 1054 1059 1060
f 1059 1061 1062
f 1053 1058 1057
f 1054 1060 1058
f 1059 1062 1060
f 1061 1063 1062
f 1011 1036 1052
f 1053 1036 1037
f 1054 1037 1038
f 1033 1040 1039
f 1034 1050 1040
f 1035 1051 1050
f 1041 1064 1051
f 1059 1038 1039
f 1061 1039 1040
f 1040 1050 1065
f 1041 1042 1064
f 1042 1043 1066
f 1043 1044 1067
f 1044 1045 1068
f 1045 1046 1069
f 1046 1047 1070
f 1047 1048 1071
f 1048 1049 1072
f 1042 1066 1064
f 1043 1067 1066
f 1044 1068 1067
f 1045 1069 1068
f 1046 1070 1069
f 1047 1071 1070
f 1048 1072 1071
f 1050 1051 1073
f 1051 1064 1074
f 1064 1066 1075
f 1066 1067 1076
f 1067 1068 1077
f 1068 1069 1078
f 1069 1070 1079
f 1070 1071 1080
f 1071 1072 1081
f 1054 1038 1059
f 1059 1039 1061
f 1061 1040 1065
f 1050 1073 1065
f 1051 1074 1073
f 1064 1075 1074
f 1066 1076 1075
f 1061 1065 1063
f 1065 1073 1082
f 1067 1077 1076
f 1068 1078 1077
f 176 137 1083
f 1083 137 1013
f 1083 1013 1084
f 1084 1013 1014
f 1085 1014 1015
f 1084 1014 1085
f 176 1083 988
f 1083 1084 990
f 1084 1085 992
f 1085 1015 1086
f 1086 1015 1016
f 1016 1017 1087
f 1086 1016 1087
f 1017 1088 1087
f 1017 1018 1088
f 1018 1019 1089
f 1018 1089 1088
f 1085 1086 1090
f 1086 1087 1091
f 1087 1088 1092
f 1083 990 988
f 1084 992 990
f 1085 1090 992
f 1086 1091 1090
f 1087 1092 1091
f 992 1090 994
f 1090 1091 1093
f 1091 1092 1094
f 1090 1093 994
f 1091 1094 1093
f 1019 1095 1089
f 1020 1096 1095
f 1088 1089 1097
f 1089 1095 1098
f 1095 1096 1099
f 1019 1020 1095
f 1020 1055 1096
f 1055 1056 1100
f 1055 1100 1096
f 1096 1100 1101
f 1056 1102 1100
f 1056 1057 1102
f 1057 1058 1103
f 1057 1103 1102
f 1058 1104 1103
f 1058 1060 1104
f 1060 1062 1105
f 1060 1105 1104
f 1100 1102 1106
f 1102 1103 1107
f 1088 1097 1092
f 1089 1098 1097
f 1095 1099 1098
f 1092 1097 1108
f 1092 1108 1094
f 1108 1097 1109
f 1097 1098 1109
f 1098 1099 1110
f 1098 1110 1109
f 1096 1101 1099
f 1100 1106 1101
f 1099 1101 1111
f 1099 1111 1110
f 1101 1106 1112
f 1106 1107 1113
f 1101 1112 1111
f 1106 1113 1112
f 1102 1107 1106
f 1103 1114 1107
f 1073 1074 1115
f 1065 1082 1063
f 1073 1115 1082
f 1074 1116 1115
f 1074 1075 1116
f 1075 1076 1117
f 1075 1117 1116
f 1076 1118 1117
f 1069 1079 1078
f 1070 1080 1079
f 1071 1081 1080
f 1076 1077 1118
f 1077 1078 1119
f 1078 1079 1120
f 1077 1119 1118
f 1078 1120 1119
f 1079 1080 1121
f 1080 1081 1122
f 1079 1121 1120
f 1080 1122 1121
f 1062 1123 1105
f 1062 1063 1123
f 1063 1082 1124
f 1063 1124 1123
f 1103 1104 1114
f 1104 1105 1125
f 1105 1123 1126
f 1123 1124 1127
f 1104 1125 1114
f 1105 1126 1125
f 1123 1127 1126
f 1107 1114 1128
f 1107 1128 1113
f 1114 1125 1129
f 1125 1126 1130
f 1114 1129 1128
f 1129 1125 1130
f 1124 1131 1127
f 1126 1127 1132
f 1127 1131 1133
f 1126 1132 1130
f 1127 1133 1132
f 1082 1115 1134
f 1082 1134 1124
f 1115 1116 1135
f 1134 1115 1135
f 1116 1117 1136
f 1116 1136 1135
f 1117 1137 1136
f 1117 1118 1137
f 1124 1134 1131
f 1134 1135 1138
f 1135 1136 1139
f 1136 1137 1140
f 1118 1119 1141
f 1118 1141 1137
f 1119 1120 1142
f 1119 1142 1141
f 1120 1121 1143
f 1120 1143 1142
f 1121 1122 1144
f 1121 1144 1143
f 1137 1141 1145
f 1141 1142 1146
f 1142 1143 1147
f 1143 1144 1148
f 1134 1138 1131
f 1135 1139 1138
f 1136 1140 1139
f 1137 1145 1140
f 1131 1138 1149
f 1138 1139 1150
f 1131 1149 1133
f 1149 1138 1150
f 1139 1140 1151
f 1139 1151 1150
f 1141 1146 1145
f 1142 1147 1146
f 1143 1148 1147
f 1140 1145 1152
f 1140 1152 1151
f 1145 1146 1153
f 1145 1153 1152
f 1146 1154 1153
f 1146 1147 1154
f 1147 1148 1155
f 1147 1155 1154
f 69 989 1156
f 69 1156 275
f 989 991 1157
f 989 1157 1156
f 991 1158 1157
f 275 1156 1159
f 1156 1157 1160
f 991 993 1158
f 993 994 1161
f 993 1161 1158
f 994 1093 1162
f 994 1162 1161
f 1157 1158 1163
f 1158 1161 1164
f 1161 1162 1165
f 275 1159 278
f 1156 1160 1159
f 1157 1163 1160
f 278 1159 1166
f 278 1166 283
f 1159 1160 1167
f 1159 1167 1166
f 1160 1168 1167
f 1158 1164 1163
f 1161 1165 1164
f 1160 1163 1168
f 1163 1164 1169
f 1163 1169 1168
f 1164 1165 1170
f 1164 1170 1169
f 1162 1171 1165
f 1165 1171 1172
f 1165 1172 1170
f 1171 1173 1172
f 283 1166 1174
f 283 1174 303
f 1166 1167 1175
f 1166 1175 1174
f 1167 1176 1175
f 303 1174 1177
f 1174 1175 1178
f 1167 1168 1176
f 1168 1179 1176
f 1168 1169 1179
f 1169 1170 1180
f 1169 1180 1179
f 1175 1176 1181
f 1176 1179 1182
f 1179 1180 1183
f 303 1177 306
f 1174 1178 1177
f 1175 1181 1178
f 306 1184 311
f 306 1177 1184
f 1177 1178 1185
f 1177 1185 1184
f 1176 1182 1181
f 1182 1179 1183
f 1178 1181 1186
f 1178 1186 1185
f 1181 1187 1186
f 1181 1182 1187
f 1182 1183 1188
f 1182 1188 1187
f 1170 1172 1189
f 1170 1189 1180
f 1172 1190 1189
f 1180 1189 1191
f 1189 1190 1192
f 1180 1191 1183
f 1189 1192 1191
f 1183 1193 1188
f 1183 1191 1193
f 1191 1194 1193
f 1191 1192 1194
f 1093 1195 1162
f 1093 1094 1195
f 1094 1108 1196
f 1094 1196 1195
f 1108 1109 1197
f 1108 1197 1196
f 1162 1195 1171
f 1195 1196 1198
f 1196 1197 1199
f 1200 1109 1110
f 1197 1109 1200
f 1110 1111 1201
f 1200 1110 1201
f 1111 1112 1202
f 1111 1202 1201
f 1197 1200 1203
f 1200 1201 1204
f 1201 1202 1205
f 1195 1198 1171
f 1196 1199 1198
f 1171 1198 1173
f 1198 1199 1206
f 1198 1206 1173
f 1197 1203 1199
f 1200 1204 1203
f 1201 1205 1204
f 1199 1203 1207
f 1199 1207 1206
f 1203 1204 1208
f 1203 1208 1207
f 1208 1204 1209
f 1204 1205 1209
f 1172 1173 1190
f 1173 1206 1210
f 1173 1210 1190
f 1190 1210 1211
f 1206 1207 1212
f 1206 1212 1210
f 1207 1208 1213
f 1207 1213 1212
f 1208 1214 1213
f 1210 1212 1215
f 1212 1213 1216
f 1190 1211 1192
f 1192 1211 1217
f 1192 1217 1194
f 1210 1215 1211
f 1212 1216 1215
f 1213 1218 1216
f 1211 1219 1217
f 1211 1215 1219
f 1215 1220 1219
f 1215 1216 1220
f 1216 1221 1220
f 1112 1113 1222
f 1112 1222 1202
f 1113 1223 1222
f 1202 1222 1224
f 1222 1223 1225
f 1113 1128 1223
f 1128 1129 1226
f 1128 1226 1223
f 1223 1226 1227
f 1129 1130 1228
f 1129 1228 1226
f 1130 1229 1228
f 1130 1132 1229
f 1132 1133 1230
f 1132 1230 1229
f 1133 1231 1230
f 1226 1228 1232
f 1228 1229 1233
f 1229 1230 1234
f 1202 1224 1205
f 1222 1225 1224
f 1223 1227 1225
f 1205 1224 1235
f 1205 1235 1209
f 1224 1225 1236
f 1224 1236 1235
f 1225 1237 1236
f 1226 1232 1227
f 1228 1233 1232
f 1229 1234 1233
f 1230 1238 1234
f 1225 1227 1237
f 1227 1232 1239
f 1227 1239 1237
f 1232 1233 1240
f 1232 1240 1239
f 1233 1234 1241
f 1233 1241 1240
f 1133 1149 1231
f 1149 1150 1242
f 1230 1231 1238
f 1234 1238 1243
f 1234 1243 1241
f 1149 1242 1231
f 1150 1151 1244
f 1151 1152 1245
f 1150 1244 1242
f 1151 1245 1244
f 1231 1242 1246
f 1242 1244 1247
f 1244 1245 1248
f 1152 1153 1249
f 1152 1249 1245
f 1153 1250 1249
f 1153 1154 1250
f 1154 1155 1251
f 1154 1251 1250
f 1245 1249 1252
f 1249 1250 1253
f 1250 1251 1254
f 1231 1246 1238
f 1242 1247 1246
f 1244 1248 1247
f 1238 1246 1255
f 1238 1255 1243
f 1246 1256 1255
f 1246 1247 1256
f 1247 1248 1257
f 1247 1257 1256
f 1245 1252 1248
f 1249 1253 1252
f 1250 1254 1253
f 1248 1252 1258
f 1248 1258 1257
f 1252 1259 1258
f 1252 1253 1259
f 1253 1254 1260
f 1253 1260 1259
f 1208 1209 1214
f 1209 1235 1261
f 1209 1261 1214
f 1235 1236 1262
f 1235 1262 1261
f 1213 1214 1218
f 1214 1261 1263
f 1261 1262 1264
f 1236 1237 1265
f 1236 1265 1262
f 1262 1265 1266
f 1237 1239 1267
f 1237 1267 1265
f 1239 1240 1268
f 1239 1268 1267
f 1240 1241 1269
f 1240 1269 1268
f 1265 1267 1270
f 1267 1268 1271
f 1214 1263 1218
f 1261 1264 1263
f 1216 1218 1221
f 1218 1263 1272
f 1218 1272 1221
f 1263 1273 1272
f 1263 1264 1273
f 1262 1266 1264
f 1264 1266 1274
f 1264 1274 1273
f 1265 1270 1266
f 1267 1271 1270
f 1268 1275 1271
f 1266 1276 1274
f 1266 1270 1276
f 1270 1277 1276
f 1270 1271 1277
f 1241 1243 1278
f 1241 1278 1269
f 1268 1269 1275
f 1269 1278 1279
f 1269 1279 1275
f 1271 1275 1280
f 1271 1280 1277
f 1275 1279 1281
f 1275 1281 1280
f 1243 1255 1282
f 1243 1282 1278
f 1255 1283 1282
f 1255 1256 1283
f 1256 1257 1284
f 1256 1284 1283
f 1278 1282 1285
f 1282 1283 1286
f 1283 1284 1287
f 1257 1258 1288
f 1257 1288 1284
f 1258 1289 1288
f 1258 1259 1289
f 1259 1260 1290
f 1259 1290 1289
f 1284 1288 1291
f 1288 1289 1292
f 1289 1290 1293
f 1278 1285 1279
f 1282 1286 1285
f 1283 1287 1286
f 1279 1294 1281
f 1279 1285 1294
f 1285 1295 1294
f 1285 1286 1295
f 1286 1296 1295
f 1286 1287 1296
f 1284 1291 1287
f 1288 1292 1291
f 1287 1291 1297
f 1287 1297 1296
f 1291 1298 1297
f 1289 1293 1292
f 1291 1292 1298
f 1292 1293 1299
f 1292 1299 1298
f 311 1184 1300
f 311 1300 451
f 1184 1185 1301
f 1184 1301 1300
f 451 1300 1302
f 1300 1301 1303
f 1185 1186 1304
f 1185 1304 1301
f 1186 1305 1304
f 1186 1187 1305
f 1187 1188 1306
f 1187 1306 1305
f 1301 1304 1307
f 1304 1305 1308
f 1305 1306 1309
f 451 1302 454
f 454 1302 1310
f 1300 1303 1302
f 1302 1303 1311
f 454 1310 459
f 1302 1311 1310
f 1301 1307 1303
f 1304 1308 1307
f 1303 1307 1312
f 1307 1308 1313
f 1305 1309 1308
f 1308 1309 1314
f 1303 1312 1311
f 1307 1313 1312
f 1308 1314 1313
f 1188 1193 1315
f 1188 1315 1306
f 1193 1316 1315
f 1193 1194 1316
f 1306 1315 1317
f 1315 1316 1318
f 1306 1317 1309
f 1315 1318 1317
f 1309 1317 1319
f 1317 1318 1320
f 1309 1319 1314
f 1317 1320 1319
f 459 1310 1321
f 459 1321 470
f 1310 1311 1322
f 1310 1322 1321
f 1311 1323 1322
f 470 1321 1324
f 1321 1322 1325
f 1311 1312 1323
f 1312 1313 1326
f 1312 1326 1323
f 1313 1314 1327
f 1313 1327 1326
f 1322 1323 1328
f 1323 1326 1329
f 1326 1327 1330
f 470 1324 472
f 472 1324 1331
f 1321 1325 1324
f 1322 1328 1325
f 1324 1325 1332
f 1323 1329 1328
f 1326 1330 1329
f 1314 1319 1333
f 1314 1333 1327
f 1319 1334 1333
f 1319 1320 1334
f 1194 1217 1335
f 1194 1335 1316
f 1316 1335 1336
f 1217 1219 1337
f 1217 1337 1335
f 1219 1220 1338
f 1219 1338 1337
f 1335 1337 1339
f 1337 1338 1340
f 1316 1336 1318
f 1318 1336 1341
f 1318 1341 1320
f 1335 1339 1336
f 1336 1339 1342
f 1337 1340 1339
f 1339 1340 1343
f 1336 1342 1341
f 1339 1343 1342
f 1340 1344 1343
f 1325 1328 1345
f 472 1331 476
f 1324 1332 1331
f 1325 1345 1332
f 476 1331 499
f 1331 1332 499
f 1332 1345 499
f 1345 1346 499
f 1346 1347 499
f 1328 1329 1346
f 1327 1348 1330
f 1329 1330 1347
f 1330 1348 1349
f 1328 1346 1345
f 1329 1347 1346
f 1330 1349 1347
f 1347 1349 499
f 499 1349 1350
f 499 1350 1351
f 499 1351 1352
f 499 1352 1353
f 1320 1341 1354
f 1334 1320 1354
f 1327 1333 1348
f 1333 1334 1355
f 1334 1354 1356
f 1341 1342 1357
f 1341 1357 1354
f 1342 1343 1358
f 1342 1358 1357
f 1343 1359 1358
f 1354 1357 1360
f 1357 1358 1361
f 1358 1359 1362
f 1333 1355 1348
f 1348 1355 1350
f 1334 1356 1355
f 1354 1360 1356
f 1355 1356 1351
f 1356 1360 1352
f 1348 1350 1349
f 1355 1351 1350
f 1356 1352 1351
f 1360 1353 1352
f 1357 1361 1360
f 1360 1361 1353
f 1361 1358 1362
f 1359 1363 1362
f 1361 1362 1364
f 1362 1363 1365
f 1361 1364 1353
f 1364 1362 1365
f 1363 1366 1365
f 499 1353 1364
f 499 1364 1365
f 499 1365 1366
f 499 1366 1367
f 499 1367 1368
f 499 1368 1369
f 499 1369 1370
f 499 1370 1371
f 499 1371 1372
f 499 1372 1373
f 499 1373 1374
f 499 1374 1375
f 499 1375 1376
f 499 1376 1377
f 1220 1221 1378
f 1220 1378 1338
f 1221 1272 1379
f 1221 1379 1378
f 1272 1273 1380
f 1272 1380 1379
f 1338 1378 1381
f 1378 1379 1382
f 1379 1380 1383
f 1273 1274 1384
f 1273 1384 1380
f 1380 1384 1385
f 1274 1386 1384
f 1274 1276 1386
f 1276 1277 1387
f 1276 1387 1386
f 1386 1387 1388
f 1387 1389 1390
f 1387 1391 1388
f 1391 1387 1390
f 1384 1386 1392
f 1386 1393 1392
f 1386 1394 1393
f 1386 1388 1395
f 1386 1395 1394
f 1338 1381 1340
f 1340 1381 1344
f 1378 1382 1381
f 1381 1382 1396
f 1379 1383 1382
f 1382 1383 1397
f 1381 1396 1344
f 1382 1397 1396
f 1380 1385 1383
f 1383 1385 1398
f 1383 1398 1397
f 1385 1399 1398
f 1384 1392 1385
f 1385 1392 1400
f 1392 1393 1401
f 1392 1402 1403
f 1392 1401 1402
f 1392 1403 1400
f 1385 1400 1399
f 1398 1399 1404
f 1398 1404 1405
f 1406 1407 1408
f 1277 1280 1409
f 1280 1281 1410
f 1281 1411 1410
f 1277 1412 1387
f 1277 1409 1413
f 1277 1413 1412
f 1280 1410 1409
f 1387 1412 1414
f 1387 1414 1389
f 1415 1416 1417
f 1415 1418 1416
f 1415 1419 1418
f 1406 1420 1421
f 1406 1422 1420
f 1406 1408 1423
f 1406 1423 1424
f 1406 1424 1422
f 1406 1421 1415
f 1415 1421 1419
f 1281 1425 1411
f 1281 1294 1426
f 1294 1295 1427
f 1281 1426 1425
f 1294 1427 1426
f 1295 1296 1428
f 1295 1428 1427
f 1426 1429 1425
f 1426 1430 1429
f 1426 1431 1430
f 1426 1432 1431
f 1432 1433 1431
f 1426 1427 1434
f 1427 1428 1435
f 1296 1297 1436
f 1296 1436 1428
f 1428 1436 1437
f 1297 1438 1436
f 1297 1298 1438
f 1298 1299 1439
f 1298 1439 1438
f 1436 1438 1440
f 1438 1439 1441
f 1432 1442 1433
f 1432 1443 1442
f 1426 1434 1432
f 1444 1445 1443
f 1432 1444 1443
f 1427 1435 1434
f 1432 1434 1446
f 1434 1435 1447
f 1415 1417 1448
f 1444 1448 1445
f 1415 1448 1444
f 1432 1446 1444
f 1434 1447 1446
f 1428 1437 1435
f 1435 1437 1449
f 1435 1449 1447
f 1437 1450 1449
f 1436 1440 1437
f 1438 1441 1440
f 1437 1440 1450
f 1440 1441 1451
f 1440 1451 1450
f 1343 1344 1359
f 1344 1396 1452
f 1344 1452 1359
f 1396 1397 1453
f 1452 1396 1453
f 1397 1454 1453
f 1359 1452 1363
f 1452 1453 1455
f 1453 1454 1456
f 1397 1398 1454
f 1398 1405 1457
f 1398 1457 1454
f 1457 1405 1458
f 1459 1458 1460
f 1459 1460 1461
f 1459 1461 1462
f 1459 1462 1463
f 1459 1463 1407
f 1457 1458 1459
f 1406 1464 1407
f 1459 1407 1464
f 1454 1457 1465
f 1466 1457 1459
f 1459 1464 1467
f 1452 1455 1363
f 1363 1455 1366
f 1455 1456 1367
f 1453 1456 1455
f 1454 1465 1456
f 1456 1465 1368
f 1465 1466 1369
f 1455 1367 1366
f 1456 1368 1367
f 1465 1369 1368
f 1466 1370 1369
f 1465 1457 1466
f 1466 1459 1467
f 1466 1467 1370
f 1464 1468 1467
f 1464 1469 1468
f 1467 1468 1371
f 1469 1470 1468
f 1468 1470 1372
f 1470 1471 1373
f 1467 1371 1370
f 1468 1372 1371
f 1470 1373 1372
f 1471 1374 1373
f 1471 1472 1374
f 1472 1473 1375
f 1473 1474 1376
f 1474 1475 1377
f 1472 1375 1374
f 1473 1376 1375
f 1474 1377 1376
f 1406 1415 1469
f 1406 1469 1464
f 1415 1444 1476
f 1469 1415 1476
f 1444 1477 1476
f 1444 1446 1477
f 1446 1447 1478
f 1446 1478 1477
f 1469 1476 1470
f 1476 1477 1471
f 1477 1478 1472
f 1447 1449 1479
f 1447 1479 1478
f 1449 1480 1479
f 1449 1450 1480
f 1450 1451 1481
f 1450 1481 1480
f 1478 1479 1473
f 1479 1480 1474
f 1480 1481 1475
f 1476 1471 1470
f 1477 1472 1471
f 1478 1473 1472
f 1479 1474 1473
f 1480 1475 1474
f 144 610 1482
f 144 1482 1483
f 144 1483 1484
f 144 1485 1486
f 144 1486 1487
f 144 1484 1488
f 144 1488 1485
f 144 1487 1489
f 144 1489 1490
f 144 1490 1491
f 144 1491 1492
f 144 1492 1493
f 144 1493 1494
f 144 1494 1495
f 144 1495 1496
f 610 617 1482
f 1482 1497 1483
f 1484 1483 1498
f 1484 1499 1488
f 1488 1500 1485
f 1486 1485 1501
f 1486 1502 1487
f 1487 1503 1489
f 1482 617 1497
f 1483 1497 1498
f 1484 1498 1499
f 1488 1499 1500
f 1486 1501 1502
f 1485 1500 1501
f 144 1504 1049
f 144 1505 1504
f 144 1506 1505
f 144 1507 1506
f 144 1508 1509
f 144 1496 1508
f 144 1509 1510
f 144 1511 1507
f 144 1510 1511
f 1495 1512 1496
f 1508 1513 1509
f 1496 1514 1508
f 1489 1515 1490
f 1490 1516 1491
f 1491 1517 1492
f 1493 1492 1518
f 1493 1519 1494
f 1494 1520 1495
f 1487 1502 1503
f 1489 1503 1515
f 1490 1515 1516
f 1492 1517 1518
f 1493 1518 1519
f 1494 1519 1520
f 1491 1516 1517
f 617 629 1497
f 1497 1521 1498
f 1498 1522 1499
f 1499 1523 1500
f 1500 1524 1501
f 1501 1525 1502
f 1503 1502 1526
f 1503 1527 1515
f 1515 1528 1516
f 1516 1529 1517
f 1497 629 1521
f 1498 1521 1522
f 1499 1522 1523
f 1500 1523 1524
f 629 633 1521
f 1521 1530 1522
f 1521 633 1530
f 1522 1531 1523
f 1523 1532 1524
f 1522 1530 1531
f 1523 1531 1532
f 1502 1525 1526
f 1501 1524 1525
f 1503 1526 1527
f 1515 1527 1528
f 1516 1528 1529
f 1524 1533 1525
f 1526 1525 1534
f 1526 1535 1527
f 1527 1536 1528
f 1526 1534 1535
f 1527 1535 1536
f 1524 1532 1533
f 1525 1533 1534
f 1504 1537 1049
f 1504 1505 1538
f 1505 1506 1539
f 1507 1540 1506
f 1509 1541 1510
f 1507 1511 1542
f 1510 1543 1511
f 1509 1513 1541
f 1049 1537 1072
f 1504 1538 1537
f 1505 1539 1538
f 1506 1540 1539
f 1507 1542 1540
f 1511 1543 1542
f 1510 1541 1543
f 1496 1512 1514
f 1495 1520 1512
f 1508 1514 1513
f 1517 1544 1518
f 1518 1545 1519
f 1520 1546 1512
f 1519 1547 1520
f 1512 1548 1514
f 1072 1537 1549
f 1537 1538 1550
f 1538 1539 1551
f 1539 1540 1552
f 1542 1553 1540
f 1513 1514 1554
f 1513 1555 1541
f 1541 1556 1543
f 1542 1543 1557
f 1520 1547 1546
f 1539 1552 1551
f 1540 1553 1552
f 1514 1548 1554
f 1512 1546 1548
f 1513 1554 1555
f 1543 1556 1557
f 1541 1555 1556
f 1542 1557 1553
f 1548 1558 1554
f 1555 1554 1559
f 1517 1529 1544
f 1518 1544 1545
f 1519 1545 1547
f 1528 1560 1529
f 1529 1561 1544
f 1528 1536 1560
f 1529 1560 1561
f 1544 1562 1545
f 1547 1545 1563
f 1544 1561 1562
f 1545 1562 1563
f 1547 1564 1546
f 1546 1565 1548
f 1547 1563 1564
f 1546 1564 1565
f 1548 1565 1558
f 1554 1558 1559
f 633 660 1530
f 1530 1566 1531
f 1530 660 1566
f 1531 1566 1567
f 1531 1567 1532
f 1532 1567 1568
f 660 667 1566
f 1566 1569 1567
f 1567 1570 1568
f 1532 1568 1533
f 1533 1571 1534
f 1534 1571 1572
f 1533 1568 1571
f 1535 1534 1572
f 1535 1573 1536
f 1535 1572 1573
f 1568 1574 1571
f 1572 1571 1575
f 1572 1576 1573
f 1567 1569 1570
f 1568 1570 1574
f 1571 1574 1575
f 1572 1575 1576
f 1573 1576 1577
f 1574 1578 1575
f 1575 1579 1576
f 1576 1580 1577
f 1576 1579 1580
f 1560 1581 1561
f 1561 1582 1562
f 1562 1582 1583
f 1536 1584 1560
f 1536 1573 1584
f 1560 1584 1581
f 1561 1581 1582
f 1573 1577 1584
f 1584 1585 1581
f 1581 1586 1582
f 1582 1587 1583
f 1563 1562 1583
f 1563 1583 1588
f 1563 1588 1564
f 1565 1589 1558
f 1564 1590 1565
f 1564 1588 1590
f 1565 1590 1589
f 1583 1591 1588
f 1588 1592 1590
f 1589 1590 1593
f 1584 1577 1585
f 1581 1585 1586
f 1582 1586 1587
f 1585 1594 1586
f 1585 1577 1595
f 1577 1580 1595
f 1585 1595 1594
f 1586 1596 1587
f 1587 1596 1597
f 1586 1594 1596
f 1590 1592 1593
f 1583 1587 1591
f 1588 1591 1592
f 1587 1597 1591
f 1591 1598 1592
f 1591 1597 1598
f 1592 1599 1593
f 1598 1599 1592
f 1593 1599 1600
f 1566 667 1569
f 667 670 1569
f 1569 670 1601
f 1569 1601 1570
f 1570 1602 1574
f 1570 1601 1602
f 1602 1578 1574
f 1575 1578 1579
f 1081 1072 1549
f 1537 1550 1549
f 1538 1551 1550
f 1081 1549 1603
f 1550 1604 1549
f 1081 1603 1122
f 1549 1604 1603
f 1550 1551 1605
f 1551 1552 1606
f 1550 1605 1604
f 1551 1606 1605
f 1556 1607 1557
f 1552 1553 1608
f 1553 1557 1609
f 1557 1607 1609
f 1555 1610 1556
f 1555 1559 1610
f 1556 1610 1607
f 1552 1608 1606
f 1553 1609 1608
f 1608 1609 1611
f 1607 1612 1609
f 1607 1610 1613
f 1609 1612 1611
f 1607 1613 1612
f 1122 1603 1614
f 1603 1604 1615
f 1603 1615 1614
f 1605 1616 1604
f 1605 1606 1617
f 1604 1616 1615
f 1605 1617 1616
f 1122 1614 1144
f 1144 1614 1618
f 1614 1615 1619
f 1615 1616 1620
f 1608 1621 1606
f 1608 1611 1621
f 1606 1621 1617
f 1611 1612 1622
f 1611 1623 1621
f 1616 1617 1624
f 1617 1621 1625
f 1144 1618 1148
f 1614 1619 1618
f 1615 1620 1619
f 1616 1624 1620
f 1611 1622 1623
f 1617 1625 1624
f 1621 1623 1625
f 1622 1626 1623
f 1620 1624 1627
f 1625 1628 1624
f 1624 1628 1627
f 1623 1629 1625
f 1623 1626 1629
f 1625 1629 1628
f 1558 1630 1559
f 1558 1589 1630
f 1559 1631 1610
f 1559 1630 1631
f 1610 1631 1613
f 1630 1632 1631
f 1589 1633 1630
f 1613 1631 1634
f 1613 1635 1612
f 1589 1593 1633
f 1630 1633 1632
f 1631 1632 1634
f 1613 1634 1635
f 1593 1600 1633
f 1633 1636 1632
f 1633 1600 1636
f 1632 1637 1634
f 1632 1636 1637
f 1634 1637 1638
f 1612 1635 1622
f 1634 1638 1635
f 1635 1639 1622
f 1635 1638 1639
f 1622 1639 1626
f 1148 1618 1640
f 1618 1641 1640
f 1148 1640 1155
f 1618 1619 1641
f 1619 1620 1642
f 1619 1642 1641
f 1620 1627 1642
f 1580 1643 1595
f 1595 1644 1594
f 1595 1643 1644
f 1594 1644 1645
f 1596 1594 1645
f 1596 1646 1597
f 1596 1645 1646
f 1644 1647 1645
f 1645 1648 1646
f 1597 1649 1598
f 1598 1649 1650
f 1597 1646 1649
f 1598 1650 1599
f 1599 1651 1600
f 1599 1650 1651
f 1646 1652 1649
f 1649 1653 1650
f 1650 1654 1651
f 1645 1647 1648
f 1646 1648 1652
f 1648 1647 1655
f 1648 1656 1652
f 1648 1655 1656
f 1652 1656 1657
f 1649 1652 1653
f 1651 1654 1658
f 1653 1654 1650
f 1652 1657 1653
f 1653 1657 1659
f 1653 1659 1654
f 1654 1660 1658
f 1659 1660 1654
f 1656 1661 1657
f 1657 1661 1662
f 1661 1663 1662
f 1657 1662 1659
f 1659 1662 1664
f 1659 1664 1660
f 1665 1660 1666
f 1660 1664 1666
f 1662 1667 1664
f 1664 1668 1666
f 1669 1666 1670
f 1662 1663 1667
f 1663 1671 1667
f 1667 1671 1672
f 1664 1667 1668
f 1668 1670 1666
f 1667 1672 1668
f 1668 1672 1673
f 1673 1674 1670
f 1668 1673 1670
f 1675 1670 1674
f 670 780 1601
f 1601 780 1676
f 1601 1676 1602
f 1602 1677 1578
f 1602 1676 1677
f 780 787 1676
f 1677 1676 1678
f 1677 1679 1680
f 1578 1680 1579
f 1578 1677 1680
f 1579 1680 1681
f 1579 1681 1580
f 1681 1643 1580
f 1680 1682 1681
f 1681 1683 1643
f 1676 787 1678
f 1677 1678 1679
f 787 790 1678
f 1678 790 1684
f 1678 1684 1679
f 1679 1685 1682
f 1679 1684 1685
f 1680 1679 1682
f 1681 1682 1683
f 1643 1683 1686
f 1682 1687 1683
f 1683 1687 1688
f 1682 1685 1687
f 1683 1688 1686
f 1688 1689 1686
f 1644 1643 1686
f 1644 1686 1647
f 1686 1689 1647
f 1647 1689 1655
f 790 805 1684
f 1684 805 1690
f 1684 1690 1685
f 1685 1691 1687
f 1685 1690 1691
f 805 811 1690
f 1690 1692 1691
f 1691 1693 1694
f 1688 1687 1694
f 1688 1694 1695
f 1687 1691 1694
f 1688 1695 1689
f 1689 1695 1696
f 1695 1694 1697
f 1695 1698 1696
f 1690 811 1692
f 1691 1692 1693
f 811 814 1692
f 1692 814 1699
f 1692 1699 1693
f 1693 1699 1700
f 1693 1697 1694
f 1698 1701 1696
f 1695 1697 1698
f 1693 1700 1697
f 1697 1700 1702
f 1697 1702 1698
f 1698 1703 1701
f 1703 1704 1701
f 1698 1702 1703
f 1689 1696 1655
f 1655 1705 1656
f 1655 1696 1705
f 1656 1705 1661
f 1696 1701 1705
f 1705 1706 1661
f 1705 1701 1706
f 1706 1663 1661
f 1701 1704 1706
f 1706 1707 1663
f 1706 1704 1707
f 1663 1707 1671
f 1628 1629 1708
f 1629 1709 1708
f 1636 1710 1637
f 1638 1637 1711
f 1637 1710 1711
f 1710 1712 1711
f 1600 1713 1636
f 1600 1651 1713
f 1636 1713 1710
f 1651 1658 1713
f 1713 1714 1710
f 1626 1639 1715
f 1716 1715 1639
f 1638 1716 1639
f 1638 1711 1716
f 1626 1709 1629
f 1626 1715 1709
f 1716 1711 1717
f 1716 1718 1715
f 1715 1719 1709
f 1709 1720 1708
f 1711 1712 1717
f 1713 1658 1714
f 1710 1714 1712
f 1658 1665 1714
f 1658 1660 1665
f 1714 1665 1721
f 1714 1721 1712
f 1712 1722 1717
f 1712 1721 1722
f 1716 1717 1718
f 1709 1719 1720
f 1715 1718 1719
f 1717 1723 1718
f 1723 1724 1718
f 1719 1725 1720
f 1720 1725 1726
f 1719 1718 1724
f 1719 1724 1725
f 1717 1722 1723
f 1155 1640 1727
f 1640 1728 1727
f 1640 1641 1728
f 1641 1642 1729
f 1641 1729 1728
f 1155 1727 1251
f 1251 1727 1730
f 1727 1728 1731
f 1728 1729 1732
f 1627 1733 1642
f 1627 1628 1734
f 1627 1734 1733
f 1642 1733 1729
f 1628 1708 1734
f 1733 1735 1729
f 1734 1708 1736
f 1734 1737 1733
f 1251 1730 1254
f 1727 1731 1730
f 1728 1732 1731
f 1254 1730 1738
f 1254 1738 1260
f 1730 1739 1738
f 1731 1732 1740
f 1730 1731 1739
f 1731 1740 1739
f 1733 1737 1735
f 1734 1736 1737
f 1729 1735 1732
f 1737 1741 1735
f 1737 1736 1742
f 1737 1742 1741
f 1732 1735 1743
f 1732 1743 1740
f 1735 1741 1743
f 1708 1720 1736
f 1720 1726 1736
f 1736 1726 1742
f 1665 1669 1721
f 1721 1669 1744
f 1665 1666 1669
f 1721 1744 1722
f 1722 1745 1723
f 1722 1744 1745
f 1669 1675 1744
f 1744 1746 1745
f 1723 1747 1724
f 1724 1747 1748
f 1725 1749 1726
f 1725 1724 1748
f 1725 1748 1749
f 1747 1750 1748
f 1749 1751 1752
f 1749 1748 1753
f 1723 1745 1747
f 1747 1745 1754
f 1675 1746 1744
f 1669 1670 1675
f 1745 1746 1754
f 1675 1755 1746
f 1746 1755 1756
f 1675 1674 1755
f 1746 1756 1754
f 1754 1756 1757
f 1750 1753 1748
f 1749 1753 1751
f 1750 1758 1753
f 1751 1759 1760
f 1751 1753 1761
f 1758 1761 1753
f 1751 1761 1759
f 1747 1754 1750
f 1750 1754 1757
f 1750 1757 1758
f 1260 1738 1762
f 1260 1762 1290
f 1738 1763 1762
f 1738 1739 1763
f 1739 1740 1764
f 1739 1764 1763
f 1290 1762 1765
f 1762 1763 1766
f 1763 1764 1767
f 1741 1742 1768
f 1741 1768 1769
f 1743 1770 1740
f 1743 1769 1770
f 1740 1770 1764
f 1743 1741 1769
f 1769 1768 1771
f 1764 1770 1772
f 1769 1773 1770
f 1762 1766 1765
f 1763 1767 1766
f 1765 1766 1774
f 1766 1767 1775
f 1766 1775 1774
f 1770 1773 1772
f 1764 1772 1767
f 1769 1771 1773
f 1773 1771 1776
f 1772 1777 1778
f 1767 1778 1775
f 1767 1772 1778
f 1773 1777 1772
f 1773 1776 1777
f 1290 1765 1293
f 1293 1765 1779
f 1293 1779 1299
f 1765 1774 1779
f 1726 1752 1742
f 1742 1752 1768
f 1726 1749 1752
f 1752 1760 1768
f 1752 1751 1760
f 1760 1771 1768
f 1760 1780 1771
f 1760 1759 1780
f 1771 1780 1776
f 1671 1781 1672
f 1672 1781 1782
f 1781 1783 1782
f 1672 1782 1673
f 1673 1782 1784
f 1673 1784 1674
f 1784 1785 1674
f 1782 1786 1784
f 1784 1787 1785
f 1782 1783 1786
f 1783 1788 1786
f 1786 1788 1789
f 1784 1786 1787
f 1786 1789 1787
f 1787 1790 1785
f 1787 1791 1790
f 1792 1790 1793
f 1787 1789 1791
f 1790 1791 1793
f 499 1794 1795
f 499 1796 955
f 499 1797 1796
f 499 1798 1797
f 499 1799 1798
f 499 1800 1799
f 1801 1797 1802
f 1803 955 1796
f 1801 1796 1797
f 1802 1797 1798
f 499 1804 1800
f 499 1805 1804
f 499 1806 1805
f 499 1795 1806
f 1802 1798 1807
f 1807 1808 1809
f 1799 1808 1807
f 1800 1810 1808
f 1799 1807 1798
f 1800 1804 1810
f 1799 1800 1808
f 499 1811 1794
f 499 1812 1811
f 499 1813 1812
f 499 1814 1813
f 499 1815 1814
f 499 1816 1817
f 499 1377 1818
f 499 1818 1819
f 499 1819 1820
f 499 1820 1821
f 499 1821 1816
f 499 1822 1815
f 499 1823 1822
f 499 1817 1823
f 1824 1789 1788
f 1824 1788 1825
f 1824 1826 1789
f 1824 1825 1810
f 1824 1827 1826
f 1789 1826 1791
f 1791 1826 1828
f 1791 1828 1793
f 1829 1793 1830
f 1828 1830 1793
f 1831 1828 1826
f 1832 1830 1828
f 1833 1834 1830
f 1831 1827 1805
f 1825 1808 1810
f 1824 1810 1827
f 1804 1827 1810
f 1831 1806 1832
f 1831 1826 1827
f 1804 1805 1827
f 1831 1805 1806
f 1832 1806 1795
f 1811 1835 1836
f 1794 1811 1836
f 1811 1812 1835
f 1837 1812 1813
f 1832 1833 1830
f 1832 1795 1833
f 1833 1794 1836
f 1831 1832 1828
f 1833 1836 1834
f 1833 1795 1794
f 814 971 1699
f 1699 971 1838
f 1699 1838 1700
f 1700 1838 1839
f 971 979 1838
f 1838 1840 1839
f 1700 1839 1702
f 1702 1841 1703
f 1702 1839 1841
f 1703 1842 1704
f 1704 1842 1843
f 1703 1841 1842
f 1839 1844 1841
f 1841 1845 1842
f 1842 1846 1843
f 1838 979 1840
f 979 981 1840
f 1839 1840 1844
f 1840 1847 1844
f 1840 981 1847
f 1844 1847 1848
f 1841 1844 1845
f 1844 1848 1845
f 1845 1849 1846
f 1846 1850 1843
f 1846 1851 1850
f 1842 1845 1846
f 1845 1848 1849
f 1850 1851 1852
f 1846 1849 1851
f 1704 1843 1707
f 1707 1853 1671
f 1707 1843 1853
f 1671 1853 1781
f 1843 1850 1853
f 1853 1854 1781
f 1853 1850 1854
f 1850 1852 1854
f 1854 1855 1783
f 1781 1854 1783
f 1854 1852 1855
f 1783 1855 1788
f 981 987 1847
f 1847 987 1856
f 1847 1856 1848
f 1848 1857 1849
f 1848 1856 1857
f 987 958 1856
f 1856 1803 1857
f 1857 1801 1858
f 1858 1851 1849
f 1858 1859 1851
f 1857 1858 1849
f 1859 1852 1851
f 1859 1809 1852
f 1858 1802 1859
f 1859 1807 1809
f 1809 1808 1825
f 1856 958 1803
f 958 955 1803
f 1857 1803 1801
f 1803 1796 1801
f 1858 1801 1802
f 1859 1802 1807
f 1852 1809 1855
f 1855 1825 1788
f 1855 1809 1825
f 1755 1860 1756
f 1756 1860 1861
f 1755 1674 1785
f 1755 1785 1860
f 1756 1861 1757
f 1757 1861 1862
f 1860 1792 1861
f 1860 1785 1790
f 1861 1863 1862
f 1758 1864 1761
f 1759 1761 1865
f 1761 1864 1865
f 1759 1865 1866
f 1864 1867 1865
f 1866 1868 1869
f 1866 1865 1870
f 1866 1871 1868
f 1866 1872 1871
f 1866 1873 1872
f 1866 1870 1873
f 1758 1757 1862
f 1758 1862 1864
f 1864 1862 1874
f 1861 1792 1863
f 1792 1829 1863
f 1860 1790 1792
f 1862 1863 1874
f 1863 1875 1874
f 1863 1829 1875
f 1792 1793 1829
f 1874 1875 1876
f 1867 1877 1870
f 1867 1870 1865
f 1870 1878 1873
f 1870 1879 1878
f 1870 1877 1879
f 1877 1880 1879
f 1877 1881 1880
f 1877 1882 1881
f 1877 1883 1882
f 1877 1884 1883
f 1885 1886 1887
f 1885 1887 1888
f 1864 1874 1867
f 1867 1874 1876
f 1867 1876 1877
f 1774 1775 1889
f 1774 1889 1890
f 1890 1889 1891
f 1776 1892 1893
f 1775 1778 1894
f 1775 1894 1889
f 1777 1895 1778
f 1777 1776 1893
f 1777 1896 1897
f 1777 1893 1896
f 1778 1895 1894
f 1777 1897 1895
f 1895 1897 1898
f 1889 1894 1899
f 1895 1898 1900
f 1895 1900 1901
f 1895 1902 1894
f 1895 1901 1903
f 1895 1903 1902
f 1299 1779 1904
f 1299 1904 1439
f 1779 1890 1904
f 1779 1774 1890
f 1439 1904 1905
f 1904 1890 1906
f 1890 1891 1906
f 1905 1906 1907
f 1906 1891 1908
f 1905 1907 1909
f 1906 1908 1907
f 1889 1899 1891
f 1891 1899 1910
f 1894 1902 1899
f 1902 1903 1911
f 1902 1911 1912
f 1902 1913 1899
f 1902 1912 1914
f 1902 1914 1915
f 1899 1913 1910
f 1891 1910 1908
f 1902 1915 1913
f 1439 1905 1441
f 1904 1906 1905
f 1441 1905 1909
f 1441 1909 1451
f 1759 1866 1780
f 1780 1916 1776
f 1776 1917 1892
f 1780 1918 1919
f 1780 1919 1916
f 1780 1866 1920
f 1918 1780 1920
f 1776 1916 1917
f 1866 1869 1920
f 1915 1914 1921
f 1915 1921 1922
f 1915 1922 1923
f 1885 1915 1924
f 1885 1924 1925
f 1885 1925 1926
f 1885 1926 1927
f 1886 1885 1927
f 1915 1923 1924
f 1928 1822 1823
f 1475 1929 1818
f 1930 1819 1929
f 1930 1931 1820
f 1929 1819 1818
f 1377 1475 1818
f 1930 1820 1819
f 1931 1821 1820
f 1928 1823 1932
f 1933 1934 1816
f 1931 1933 1821
f 1935 1932 1934
f 1936 1928 1932
f 1934 1932 1817
f 1933 1816 1821
f 1934 1817 1816
f 1932 1823 1817
f 1937 1837 1938
f 1829 1834 1875
f 1829 1830 1834
f 1834 1939 1875
f 1939 1876 1875
f 1877 1876 1937
f 1939 1937 1876
f 1834 1836 1939
f 1939 1835 1937
f 1877 1938 1884
f 1938 1940 1884
f 1885 1888 1941
f 1885 1941 1942
f 1940 1943 1944
f 1940 1945 1943
f 1940 1946 1945
f 1940 1944 1884
f 1941 1888 1946
f 1941 1946 1940
f 1938 1947 1940
f 1948 1941 1940
f 1949 1942 1941
f 1942 1928 1936
f 1877 1937 1938
f 1937 1835 1837
f 1835 1812 1837
f 1837 1813 1947
f 1948 1815 1949
f 1938 1837 1947
f 1948 1947 1814
f 1947 1813 1814
f 1948 1814 1815
f 1949 1815 1822
f 1939 1836 1835
f 1948 1949 1941
f 1949 1822 1928
f 1948 1940 1947
f 1949 1928 1942
f 1451 1909 1950
f 1481 1451 1950
f 1909 1951 1950
f 1909 1907 1951
f 1907 1908 1952
f 1907 1952 1951
f 1951 1952 1931
f 1481 1950 1929
f 1950 1951 1930
f 1913 1915 1936
f 1913 1936 1935
f 1908 1910 1953
f 1908 1953 1952
f 1910 1935 1953
f 1913 1935 1910
f 1952 1953 1933
f 1935 1934 1953
f 1935 1936 1932
f 1481 1929 1475
f 1950 1930 1929
f 1951 1931 1930
f 1952 1933 1931
f 1953 1934 1933
f 1885 1942 1915
f 1942 1936 1915
f 1954 1955 1956
f 1954 1956 1957
f 1954 1958 1955
f 1959 1960 1958
f 1960 1959 1961
f 1959 1962 1961
f 1963 1964 1965
f 1964 1963 1966
f 1967 1968 1969
f 1967 1966 1968
f 1967 1969 1970
f 1971 1972 1973
f 1971 1973 1974
f 1975 1976 1977
f 1975 1977 1978
f 1975 1978 1979
f 1980 1981 1982
f 1980 1983 1981
f 1980 1974 1983
f 1984 1982 1976
f 1971 1985 1972
f 1986 1987 1988
f 1971 1989 1985
f 1971 1988 1989
f 1987 1986 1990
f 1986 1991 1990
f 1992 1993 1991
f 1971 1974 1980
f 1984 1980 1982
f 1964 1979 1994
f 1964 1994 1965
f 1964 1966 1967
f 1964 1975 1979
f 1984 1976 1975
f 1995 1996 1997
f 1995 1997 1998
f 1995 1970 1996
f 1999 1998 2000
f 1999 2000 2001
f 1999 2002 2003
f 1999 2003 2004
f 1999 2001 2002
f 2005 2006 2004
f 2006 2005 2007
f 1993 1992 2008
f 1992 2009 2008
f 1992 1957 2009
f 1954 1959 1958
f 1967 1970 1995
f 2006 1999 2004
f 1995 1998 1999
f 1971 1986 1988
f 1986 1992 1991
f 1992 1954 1957
f 1964 2010 1975
f 1971 1980 2011
f 1984 1975 2012
f 1984 2013 1980
f 1971 2014 1986
f 1986 2015 1992
f 1964 1967 2016
f 1967 1995 2017
f 1975 2010 2012
f 1964 2016 2010
f 1980 2013 2011
f 1984 2012 2013
f 2018 2019 2020
f 2018 2021 2022
f 2018 2022 2019
f 2023 2024 2025
f 2023 2026 2024
f 2023 2025 2027
f 2028 2029 2030
f 2028 2020 2029
f 2023 2031 2032
f 2023 2032 2026
f 2028 2030 2031
f 2033 2007 2034
f 2035 2033 2034
f 2033 2035 2021
f 2036 2037 1962
f 2036 2038 2037
f 2036 2039 2038
f 2040 2041 2039
f 2040 2042 2041
f 2043 2044 2045
f 2043 2045 2042
f 1959 2036 1962
f 2043 2027 2044
f 2043 2023 2027
f 2023 2028 2031
f 2040 2043 2042
f 2036 2040 2039
f 2006 2007 2033
f 2033 2021 2018
f 2018 2020 2028
f 1992 2046 1954
f 1954 2047 1959
f 2033 2018 2048
f 2018 2028 2049
f 2040 2050 2043
f 2043 2051 2023
f 2023 2052 2028
f 1959 2053 2036
f 2036 2054 2040
f 2036 2053 2054
f 2040 2054 2050
f 1995 1999 2055
f 2006 2033 2056
f 2006 2057 1999
f 1995 2055 2017
f 1967 2017 2016
f 1999 2057 2055
f 2033 2048 2056
f 2006 2056 2057
f 2018 2049 2048
f 2028 2052 2049
f 2043 2050 2051
f 2023 2051 2052
f 1986 2014 2015
f 1971 2011 2014
f 1992 2015 2046
f 1954 2046 2047
f 1959 2047 2053
f 2011 2058 2014
f 2012 2010 2059
f 2012 2060 2013
f 2011 2013 2061
f 2010 2016 2062
f 2016 2017 2063
f 2057 2056 2064
f 2014 2065 2015
f 2046 2015 2066
f 2046 2067 2047
f 2017 2055 2068
f 2055 2057 2069
f 2055 2069 2068
f 2011 2061 2058
f 2014 2058 2065
f 2015 2065 2066
f 2010 2062 2059
f 2012 2059 2060
f 2016 2063 2062
f 2017 2068 2063
f 2013 2060 2061
f 2056 2048 2070
f 2048 2049 2071
f 2047 2072 2053
f 2050 2054 2073
f 2051 2050 2074
f 2052 2051 2075
f 2053 2076 2054
f 2057 2064 2069
f 2056 2070 2064
f 2052 2077 2049
f 2048 2071 2070
f 2052 2075 2077
f 2051 2074 2075
f 2049 2077 2071
f 2046 2066 2067
f 2053 2072 2076
f 2047 2067 2072
f 2054 2076 2073
f 2050 2073 2074
f 2072 2078 2076
f 2063 2079 2062
f 2063 2068 2080
f 2068 2069 2081
f 2064 2082 2069
f 2064 2070 2083
f 2071 2077 2084
f 2070 2071 2085
f 2060 2086 2061
f 2061 2087 2058
f 2065 2088 2066
f 2058 2089 2065
f 2058 2087 2089
f 2066 2090 2067
f 2067 2091 2072
f 2067 2090 2091
f 2065 2089 2088
f 2066 2088 2090
f 2059 2062 2092
f 2060 2059 2093
f 2063 2080 2079
f 2062 2079 2092
f 2059 2092 2093
f 2068 2081 2080
f 2060 2093 2086
f 2061 2086 2087
f 2069 2082 2081
f 2064 2083 2082
f 2070 2085 2083
f 2080 2081 2094
f 2081 2082 2095
f 2082 2083 2096
f 2093 2097 2086
f 2086 2098 2087
f 2087 2099 2089
f 2092 2100 2093
f 2092 2079 2101
f 2079 2080 2102
f 2092 2101 2103
f 2079 2104 2101
f 2079 2105 2104
f 2079 2102 2105
f 2080 2106 2107
f 2080 2108 2102
f 2080 2107 2108
f 2080 2094 2106
f 2093 2100 2109
f 2093 2109 2110
f 2092 2103 2100
f 2086 2097 2098
f 2093 2110 2111
f 2093 2111 2097
f 2087 2098 2112
f 2087 2112 2099
f 2081 2113 2094
f 2081 2095 2113
f 2074 2073 2114
f 2073 2076 2115
f 2077 2075 2116
f 2074 2117 2075
f 2072 2091 2078
f 2071 2084 2085
f 2077 2116 2084
f 2076 2078 2115
f 2074 2114 2117
f 2075 2117 2116
f 2073 2115 2114
f 2083 2085 2118
f 2084 2119 2085
f 2116 2117 2120
f 2114 2121 2117
f 2114 2115 2122
f 2084 2116 2123
f 2089 2124 2088
f 2088 2125 2090
f 2091 2090 2126
f 2089 2099 2127
f 2089 2127 2124
f 2088 2124 2128
f 2088 2128 2125
f 2090 2125 2129
f 2091 2130 2078
f 2078 2131 2115
f 2091 2132 2130
f 2084 2123 2133
f 2116 2134 2123
f 2117 2121 2135
f 2117 2135 2120
f 2116 2120 2136
f 2116 2136 2134
f 2137 2114 2122
f 2115 2131 2138
f 2115 2138 2122
f 2078 2139 2140
f 2078 2140 2141
f 2078 2141 2142
f 2078 2142 2131
f 2078 2130 2139
f 2114 2137 2121
f 2090 2129 2126
f 2091 2126 2143
f 2091 2143 2132
f 2082 2144 2095
f 2082 2096 2144
f 2083 2145 2096
f 2083 2146 2145
f 2083 2147 2146
f 2083 2118 2147
f 2085 2148 2118
f 2085 2119 2148
f 2084 2149 2119
f 2084 2133 2149
f 2150 2151 2152
f 2153 2154 2155
f 2150 2155 2151
f 2153 2155 2150
f 2151 2156 2157
f 2151 2157 2152
f 2151 2155 2156
f 2155 2158 2156
f 2159 2154 2160
f 2159 2161 2162
f 2159 2160 2161
f 2153 2163 2154
f 2153 2150 2164
f 2160 2154 2163
f 2153 2164 2163
f 2150 2152 2164
f 2159 2155 2154
f 2159 2162 2155
f 2162 2165 2155
f 2162 2166 2165
f 2165 2167 2168
f 2165 2166 2167
f 2162 2161 2166
f 2160 2169 2161
f 2161 2170 2166
f 2165 2168 2155
f 2168 2171 2155
f 2168 2167 2172
f 2168 2172 2171
f 2157 2173 2152
f 2164 2152 2174
f 2152 2173 2174
f 2157 2175 2173
f 2160 2163 2176
f 2163 2164 2177
f 2164 2174 2177
f 2163 2177 2176
f 2160 2176 2169
f 2173 2178 2174
f 2177 2174 2179
f 2173 2175 2180
f 2174 2178 2179
f 2173 2180 2178
f 2161 2169 2170
f 2166 2181 2167
f 2167 2181 2182
f 2166 2170 2181
f 2169 2183 2170
f 2169 2184 2183
f 2170 2185 2181
f 2170 2183 2185
f 2176 2177 2186
f 2176 2184 2169
f 2176 2186 2184
f 2177 2179 2186
f 2186 2179 2187
f 2186 2188 2184
f 2186 2187 2188
f 2178 2189 2179
f 2180 2190 2178
f 2180 2191 2190
f 2178 2190 2189
f 2179 2189 2187
f 2184 2192 2183
f 2184 2188 2192
f 2157 2156 2193
f 2156 2158 2193
f 2158 2194 2195
f 2193 2158 2195
f 2193 2195 2196
f 2196 2195 2197
f 2157 2193 2175
f 2193 2196 2175
f 2175 2196 2198
f 2196 2199 2198
f 2180 2175 2198
f 2180 2198 2191
f 2155 1920 1869
f 2155 1869 1868
f 2155 1871 1872
f 2155 1868 1871
f 2155 1873 1878
f 2155 1878 1879
f 2155 1872 1873
f 2155 2194 2158
f 2155 2200 2194
f 2200 2201 2202
f 2155 2201 2200
f 2155 1879 1880
f 2155 1880 2203
f 2203 1880 1881
f 2204 1944 1943
f 2204 1881 1882
f 2204 1882 1883
f 2204 1883 1884
f 2204 1884 1944
f 2205 1943 1945
f 2205 1946 1888
f 2205 1887 1886
f 2205 1888 1887
f 2205 1945 1946
f 2204 1943 2205
f 2155 2206 2201
f 2155 2203 2207
f 2155 2207 2206
f 2202 2201 2208
f 2201 2206 2208
f 2208 2209 2210
f 2203 1881 2211
f 2207 2203 2212
f 2207 2209 2206
f 2208 2206 2209
f 2207 2212 2209
f 2211 1881 2204
f 2203 2211 2212
f 2212 2211 2213
f 2211 2204 2214
f 2211 2214 2213
f 2209 2215 2210
f 2209 2212 2215
f 2215 2212 2213
f 2171 1897 1896
f 2171 1893 1892
f 2171 1896 1893
f 2171 2216 1897
f 2216 1898 1897
f 2217 1900 1898
f 2217 1901 1900
f 2217 1903 1901
f 2217 1911 1903
f 2155 2171 1892
f 2155 1892 1917
f 2155 1917 1916
f 2155 1919 1918
f 2155 1916 1919
f 2171 2172 2216
f 2172 2218 2216
f 2155 1918 1920
f 2216 2217 1898
f 2216 2219 2217
f 2216 2218 2219
f 2167 2182 2172
f 2172 2182 2218
f 2181 2185 2220
f 2181 2220 2182
f 2183 2221 2185
f 2185 2221 2222
f 2182 2223 2218
f 2182 2220 2223
f 2218 2223 2224
f 2185 2222 2220
f 2220 2225 2223
f 2220 2222 2225
f 2183 2192 2221
f 2188 2187 2226
f 2192 2227 2221
f 2188 2228 2192
f 2188 2226 2228
f 2192 2228 2227
f 2189 2229 2187
f 2189 2190 2230
f 2190 2231 2230
f 2189 2230 2229
f 2187 2229 2226
f 2230 2231 2232
f 2229 2230 2233
f 2222 2221 2234
f 2221 2227 2234
f 2235 1914 1912
f 2235 1921 1914
f 2235 1922 1921
f 2217 2235 1911
f 2217 2219 2236
f 2235 1912 1911
f 2217 2236 2235
f 2235 2237 1922
f 2237 1923 1922
f 2237 1925 1924
f 2238 1926 1925
f 2237 2238 1925
f 2238 1886 1927
f 2238 1927 1926
f 2237 1924 1923
f 2238 2205 1886
f 2238 2239 2205
f 2204 2205 2240
f 2205 2239 2240
f 2237 2241 2238
f 2238 2241 2239
f 2235 2236 2242
f 2235 2242 2237
f 2236 2243 2242
f 2237 2242 2241
f 2239 2241 2244
f 2242 2245 2241
f 2242 2243 2245
f 2204 2240 2214
f 2213 2214 2246
f 2215 2213 2247
f 2213 2246 2247
f 2246 2248 2247
f 2246 2249 2248
f 2218 2224 2219
f 2236 2219 2250
f 2223 2251 2224
f 2219 2224 2250
f 2224 2251 2252
f 2223 2225 2251
f 2236 2250 2243
f 2224 2252 2250
f 2250 2253 2243
f 2245 2243 2254
f 2250 2252 2253
f 2222 2255 2225
f 2222 2234 2255
f 2225 2256 2251
f 2225 2255 2256
f 2243 2253 2254
f 2251 2257 2252
f 2251 2256 2257
f 2252 2257 2258
f 2252 2258 2253
f 2256 2259 2257
f 2257 2260 2258
f 2257 2259 2260
f 2241 2245 2244
f 2239 2261 2240
f 2240 2262 2214
f 2240 2261 2262
f 2214 2262 2246
f 2239 2244 2261
f 2245 2263 2244
f 2261 2244 2264
f 2244 2263 2264
f 2262 2261 2265
f 2262 2249 2246
f 2262 2265 2249
f 2261 2264 2265
f 2249 2265 2266
f 2245 2254 2263
f 2253 2267 2254
f 2254 2268 2263
f 2254 2267 2268
f 2265 2264 2269
f 2263 2270 2264
f 2265 2269 2266
f 2264 2270 2269
f 2263 2268 2270
f 2269 2270 2271
f 2253 2258 2267
f 2258 2272 2267
f 2268 2267 2273
f 2268 2274 2270
f 2270 2274 2271
f 2268 2273 2274
f 2258 2260 2272
f 2267 2272 2273
f 2273 2275 2274
f 2195 2194 2276
f 2200 2276 2194
f 2195 2276 2197
f 2276 2277 2197
f 2200 2202 2276
f 2276 2202 2277
f 2277 2202 2278
f 2202 2208 2278
f 2278 2210 2279
f 2278 2208 2210
f 2215 2280 2210
f 2196 2197 2199
f 2199 2197 2281
f 2277 2281 2197
f 2198 2199 2282
f 2198 2282 2191
f 2199 2283 2282
f 2199 2281 2283
f 2281 2284 2283
f 2277 2285 2281
f 2277 2278 2285
f 2285 2279 2286
f 2281 2285 2284
f 2284 2285 2286
f 2284 2286 2287
f 2191 2282 2288
f 2190 2191 2231
f 2191 2288 2231
f 2283 2289 2282
f 2283 2290 2289
f 2282 2289 2288
f 2288 2291 2231
f 2289 2292 2288
f 2283 2284 2290
f 2284 2287 2290
f 2290 2287 2293
f 2289 2290 2294
f 2289 2294 2292
f 2288 2292 2291
f 2231 2291 2232
f 2290 2293 2294
f 2287 2295 2293
f 2292 2294 2296
f 2294 2293 2297
f 2278 2279 2285
f 2210 2280 2279
f 2279 2280 2298
f 2286 2279 2298
f 2286 2298 2299
f 2298 2280 2300
f 2298 2300 2301
f 2215 2247 2280
f 2280 2247 2300
f 2301 2300 2302
f 2247 2248 2300
f 2300 2248 2302
f 2248 2303 2302
f 2249 2303 2248
f 2286 2299 2287
f 2287 2299 2295
f 2299 2304 2295
f 2298 2301 2299
f 2299 2301 2304
f 2301 2305 2304
f 2293 2295 2306
f 2295 2307 2306
f 2295 2304 2307
f 2304 2308 2307
f 2301 2302 2305
f 2305 2302 2309
f 2302 2303 2309
f 2309 2303 2310
f 2309 2310 2311
f 2312 2034 2311
f 2305 2308 2304
f 2305 2309 2313
f 2305 2313 2308
f 2309 2311 2313
f 2313 2311 2004
f 2249 2266 2303
f 2269 2314 2266
f 2303 2266 2310
f 2266 2314 2310
f 2269 2271 2314
f 2310 2314 2312
f 2274 2315 2271
f 2314 2271 2316
f 2274 2275 2315
f 2271 2315 2316
f 2310 2312 2311
f 2314 2316 2312
f 2229 2317 2226
f 2228 2318 2227
f 2227 2319 2234
f 2227 2318 2319
f 2226 2320 2228
f 2226 2317 2320
f 2229 2233 2317
f 2230 2232 2233
f 2228 2320 2318
f 2233 2321 2317
f 2317 2322 2320
f 2317 2321 2322
f 2255 2234 2323
f 2234 2319 2323
f 2255 2323 2324
f 2320 2325 2318
f 2318 2326 2319
f 2318 2325 2326
f 2320 2322 2325
f 2319 2327 2323
f 2319 2326 2327
f 2321 1988 2322
f 2322 1988 1987
f 2322 1987 1990
f 2322 1990 2325
f 2325 2008 2326
f 2325 1990 1991
f 2325 1991 1993
f 2325 1993 2008
f 2326 2008 2009
f 2326 2009 1957
f 2255 2324 2256
f 2256 2324 2259
f 2323 2328 2324
f 2323 2327 2328
f 2327 1955 1958
f 2327 1958 1960
f 2328 2327 1960
f 2324 2329 2259
f 2324 2328 2329
f 2328 1960 1961
f 2328 1961 1962
f 2329 1962 2037
f 2328 1962 2329
f 2329 2037 2038
f 2326 1956 2327
f 2326 1957 1956
f 2327 1956 1955
f 2259 2330 2260
f 2272 2260 2331
f 2272 2332 2273
f 2273 2332 2275
f 2260 2330 2331
f 2272 2331 2332
f 2331 2027 2332
f 2259 2329 2330
f 2330 2038 2039
f 2330 2039 2041
f 2331 2042 2045
f 2331 2045 2044
f 2330 2041 2042
f 2329 2038 2330
f 2331 2044 2027
f 2330 2042 2331
f 2233 2232 2333
f 2291 2334 2232
f 2291 2335 2334
f 2291 2292 2335
f 2294 2297 2296
f 2292 2296 2335
f 2232 2334 2333
f 2233 2333 2321
f 2296 2297 1965
f 2297 1968 1966
f 2297 1963 1965
f 2297 1966 1963
f 2333 1972 2321
f 2333 1973 1972
f 2333 1974 1973
f 2321 1972 1985
f 2333 2334 1983
f 2334 1981 1983
f 2334 1982 1981
f 2333 1983 1974
f 2335 2296 1978
f 2334 2335 1982
f 2335 1976 1982
f 2335 1977 1976
f 2335 1978 1977
f 2296 1979 1978
f 2296 1994 1979
f 2296 1965 1994
f 2293 2306 2297
f 2297 2306 1968
f 2306 2307 1970
f 2306 1969 1968
f 2306 1970 1969
f 2307 1996 1970
f 2307 1997 1996
f 2307 2308 1997
f 2321 1985 1989
f 2321 1989 1988
f 2311 2005 2004
f 2311 2007 2005
f 2311 2034 2007
f 2312 2035 2034
f 2308 2000 1998
f 2308 1998 1997
f 2308 2001 2000
f 2313 2001 2308
f 2313 2002 2001
f 2313 2003 2002
f 2313 2004 2003
f 2315 2029 2020
f 2315 2030 2029
f 2315 2031 2030
f 2315 2275 2031
f 2332 2025 2024
f 2332 2027 2025
f 2332 2024 2026
f 2332 2026 2275
f 2275 2026 2032
f 2275 2032 2031
f 2316 2020 2019
f 2316 2022 2021
f 2316 2019 2022
f 2312 2021 2035
f 2312 2316 2021
f 2316 2315 2020
f 2336 2110 2109
f 2336 2100 2103
f 2336 2109 2100
f 2337 2111 2110
f 2337 2097 2111
f 2337 2098 2097
f 2337 2112 2098
f 2338 2112 2337
f 2339 2107 2340
f 2339 2336 2104
f 2339 2105 2102
f 2336 2103 2101
f 2336 2101 2104
f 2339 2104 2105
f 2339 2102 2108
f 2340 2341 2342
f 2340 2107 2106
f 2340 2106 2094
f 2340 2094 2113
f 2340 2113 2341
f 2342 2341 2343
f 2339 2108 2107
f 2342 2343 2344
f 2344 2345 2346
f 2347 2348 2346
f 2344 2343 2345
f 2345 2347 2346
f 2347 2349 2348
f 2350 2351 2352
f 2350 2353 2351
f 2350 2354 2353
f 2355 2356 2357
f 2337 2110 2336
f 2338 2337 2355
f 2356 2352 2358
f 2338 2355 2357
f 2356 2358 2357
f 2352 2359 2358
f 2352 2351 2359
f 2351 2353 2360
f 2353 2354 2361
f 2351 2360 2359
f 2353 2361 2360
f 2350 2336 2339
f 2350 2339 2340
f 2350 2340 2342
f 2350 2342 2344
f 2350 2355 2337
f 2350 2337 2336
f 2350 2356 2355
f 2350 2344 2346
f 2350 2346 2348
f 2350 2348 2362
f 2350 2362 2363
f 2350 2352 2356
f 2350 2364 2354
f 2350 2363 2365
f 2350 2365 2366
f 2350 2366 2367
f 2350 2367 2368
f 2350 2368 2369
f 2350 2369 2370
f 2348 2349 2362
f 2354 2364 2371
f 2364 2372 2373
f 2372 2374 2375
f 2354 2371 2361
f 2364 2373 2371
f 2372 2375 2373
f 2374 2376 2375
f 2350 2372 2364
f 2350 2374 2372
f 2350 2377 2374
f 2350 2378 2377
f 2350 2379 2378
f 2350 2380 2379
f 2350 2381 2382
f 2350 2382 2380
f 2350 2383 2381
f 2350 2370 2383
f 2374 2377 2376
f 2383 2384 2381
f 2377 2378 2385
f 2378 2379 2386
f 2377 2385 2376
f 2378 2386 2385
f 2379 2387 2386
f 2379 2380 2387
f 2380 2382 2388
f 2382 2381 2389
f 2380 2388 2387
f 2381 2384 2389
f 2382 2389 2388
f 2338 2099 2112
f 2338 2127 2099
f 2338 2124 2127
f 2338 2128 2124
f 2338 2390 2128
f 2390 2125 2128
f 2390 2129 2125
f 2341 2113 2095
f 2341 2095 2144
f 2341 2144 2096
f 2341 2096 2145
f 2341 2145 2146
f 2341 2146 2147
f 2341 2391 2343
f 2341 2147 2391
f 2391 2118 2148
f 2391 2148 2119
f 2391 2147 2118
f 2343 2392 2345
f 2345 2393 2347
f 2347 2394 2349
f 2395 2141 2140
f 2395 2142 2141
f 2395 2131 2142
f 2396 2121 2137
f 2396 2135 2121
f 2397 2137 2122
f 2395 2138 2131
f 2395 2122 2138
f 2390 2143 2126
f 2390 2132 2143
f 2390 2130 2132
f 2390 2126 2129
f 2338 2398 2390
f 2390 2140 2139
f 2390 2139 2130
f 2397 2396 2137
f 2395 2397 2122
f 2395 2140 2390
f 2397 2399 2396
f 2395 2400 2397
f 2395 2390 2401
f 2396 2133 2123
f 2396 2123 2134
f 2396 2149 2133
f 2391 2119 2149
f 2343 2391 2392
f 2396 2391 2149
f 2345 2392 2393
f 2396 2120 2135
f 2396 2136 2120
f 2396 2134 2136
f 2347 2393 2394
f 2396 2402 2391
f 2391 2403 2392
f 2392 2404 2393
f 2393 2405 2394
f 2394 2406 2407
f 2358 2408 2357
f 2338 2357 2398
f 2358 2359 2409
f 2359 2360 2410
f 2360 2361 2411
f 2361 2371 2412
f 2371 2373 2413
f 2373 2375 2414
f 2375 2376 2415
f 2376 2385 2416
f 2385 2386 2417
f 2386 2387 2418
f 2387 2388 2419
f 2388 2389 2420
f 2357 2408 2398
f 2358 2409 2408
f 2359 2410 2409
f 2360 2411 2410
f 2390 2398 2421
f 2398 2408 2422
f 2408 2409 2423
f 2409 2410 2424
f 2361 2412 2411
f 2371 2413 2412
f 2373 2414 2413
f 2375 2415 2414
f 2410 2411 2425
f 2411 2412 2426
f 2412 2413 2427
f 2413 2414 2428
f 2414 2415 2429
f 2376 2416 2415
f 2385 2417 2416
f 2386 2418 2417
f 2387 2419 2418
f 2388 2420 2419
f 2415 2416 2430
f 2416 2417 2431
f 2417 2418 2432
f 2418 2419 2433
f 2419 2420 2434
f 2397 2400 2399
f 2395 2401 2400
f 2399 2435 2402
f 2400 2401 2436
f 2399 2400 2437
f 2391 2402 2403
f 2392 2403 2404
f 2396 2399 2402
f 2393 2404 2405
f 2394 2405 2406
f 2403 2402 2438
f 2403 2439 2404
f 2404 2440 2405
f 2405 2441 2406
f 2406 2442 2443
f 2399 2437 2435
f 2400 2436 2437
f 2403 2438 2439
f 2404 2439 2440
f 2402 2435 2438
f 2405 2440 2441
f 2406 2441 2442
f 2442 2444 2443
f 2438 2435 2445
f 2438 2446 2439
f 2439 2447 2440
f 2440 2448 2441
f 2441 2449 2442
f 2398 2422 2421
f 2408 2423 2422
f 2390 2421 2401
f 2409 2424 2423
f 2410 2425 2424
f 2401 2421 2450
f 2421 2422 2451
f 2422 2423 2452
f 2423 2424 2453
f 2424 2425 2454
f 2411 2426 2425
f 2412 2427 2426
f 2413 2428 2427
f 2414 2429 2428
f 2425 2426 2455
f 2426 2427 2456
f 2427 2428 2457
f 2428 2429 2458
f 2415 2430 2429
f 2416 2431 2430
f 2417 2432 2431
f 2418 2433 2432
f 2419 2434 2433
f 2429 2430 2459
f 2430 2431 2460
f 2433 2434 2461
f 2431 2432 2462
f 2432 2433 2463
f 2401 2450 2436
f 2421 2451 2450
f 2422 2452 2451
f 2423 2453 2452
f 2424 2454 2453
f 2437 2436 2464
f 2436 2450 2465
f 2450 2451 2466
f 2436 2465 2464
f 2450 2466 2465
f 2451 2452 2467
f 2452 2453 2468
f 2453 2454 2469
f 2451 2467 2466
f 2452 2468 2467
f 2453 2469 2468
f 2454 2470 2469
f 2437 2471 2435
f 2438 2445 2446
f 2435 2471 2445
f 2437 2464 2471
f 2439 2446 2447
f 2440 2447 2448
f 2471 2464 2472
f 2446 2472 2447
f 2447 2472 2448
f 2448 2472 2449
f 2446 2445 2472
f 2445 2471 2472
f 2442 2473 2444
f 2444 2474 2475
f 2476 2477 2475
f 2441 2448 2449
f 2442 2449 2473
f 2444 2473 2474
f 2449 2472 2473
f 2473 2472 2474
f 2474 2472 2476
f 2474 2476 2475
f 2476 2478 2477
f 2478 2479 2480
f 2464 2465 2472
f 2466 2472 2465
f 2466 2467 2472
f 2467 2468 2472
f 2468 2469 2472
f 2472 2469 2470
f 2472 2470 2481
f 2472 2481 2482
f 2472 2482 2483
f 2476 2472 2478
f 2478 2472 2479
f 2472 2484 2479
f 2472 2485 2484
f 2479 2484 2486
f 2484 2485 2487
f 2472 2488 2485
f 2472 2489 2488
f 2472 2490 2491
f 2472 2492 2489
f 2472 2491 2492
f 2485 2488 2493
f 2488 2489 2494
f 2425 2455 2454
f 2426 2456 2455
f 2427 2457 2456
f 2428 2458 2457
f 2454 2455 2470
f 2455 2456 2481
f 2456 2457 2482
f 2470 2455 2481
f 2429 2459 2458
f 2430 2460 2459
f 2431 2462 2460
f 2432 2463 2462
f 2434 2495 2461
f 2433 2461 2463
f 2457 2458 2483
f 2458 2459 2496
f 2459 2460 2497
f 2460 2462 2498
f 2456 2482 2481
f 2457 2483 2482
f 2472 2483 2496
f 2472 2496 2497
f 2472 2497 2498
f 2472 2498 2499
f 2458 2496 2483
f 2459 2497 2496
f 2460 2498 2497
f 2495 2500 2492
f 2463 2499 2462
f 2463 2461 2490
f 2495 2491 2461
f 2472 2499 2490
f 2489 2492 2500
f 2495 2492 2491
f 2462 2499 2498
f 2461 2491 2490
f 2463 2490 2499
f 2362 2349 2501
f 2362 2501 2363
f 2363 2502 2365
f 2365 2503 2366
f 2363 2501 2502
f 2365 2502 2503
f 2366 2504 2367
f 2367 2505 2368
f 2366 2503 2504
f 2367 2504 2505
f 2368 2505 2506
f 2368 2506 2369
f 2370 2369 2507
f 2370 2508 2383
f 2369 2506 2507
f 2370 2507 2508
f 2383 2508 2384
f 2349 2407 2501
f 2501 2509 2502
f 2394 2407 2349
f 2501 2407 2509
f 2407 2443 2509
f 2509 2510 2511
f 2502 2511 2503
f 2503 2512 2504
f 2504 2513 2505
f 2505 2514 2506
f 2506 2515 2507
f 2508 2507 2516
f 2508 2517 2384
f 2389 2384 2518
f 2502 2509 2511
f 2503 2511 2512
f 2504 2512 2513
f 2506 2514 2515
f 2505 2513 2514
f 2511 2519 2512
f 2512 2520 2513
f 2513 2521 2514
f 2514 2522 2515
f 2507 2515 2516
f 2508 2516 2517
f 2384 2517 2518
f 2389 2518 2420
f 2516 2515 2523
f 2516 2524 2517
f 2518 2525 2420
f 2518 2517 2526
f 2406 2443 2407
f 2509 2443 2510
f 2444 2510 2443
f 2511 2510 2519
f 2512 2519 2520
f 2513 2520 2521
f 2514 2521 2522
f 2515 2522 2523
f 2510 2475 2519
f 2519 2477 2520
f 2520 2480 2521
f 2521 2486 2522
f 2522 2487 2523
f 2516 2523 2524
f 2517 2524 2526
f 2518 2526 2525
f 2434 2420 2525
f 2523 2493 2524
f 2526 2500 2525
f 2524 2494 2526
f 2434 2525 2495
f 2444 2475 2510
f 2519 2475 2477
f 2520 2477 2480
f 2521 2480 2486
f 2522 2486 2487
f 2523 2487 2493
f 2478 2480 2477
f 2479 2486 2480
f 2484 2487 2486
f 2485 2493 2487
f 2488 2494 2493
f 2524 2493 2494
f 2526 2494 2500
f 2495 2525 2500
f 2489 2500 2494
f 2527 2528 2529
f 2527 2530 2531
f 2527 2531 2528
f 2532 2533 2534
f 2532 2534 2535
f 2536 2535 2537
f 2532 2535 2536
f 2532 2538 2533
f 2532 2529 2538
f 2532 2527 2529
f 2539 2537 2540
f 2541 2539 2540
f 2539 2541 2542
f 2543 2542 2544
f 2536 2537 2539
f 2543 2544 2545
f 2546 2545 2547
f 2546 2547 2548
f 2539 2542 2543
f 2543 2545 2546
f 2527 2549 2530
f 2532 2550 2527
f 2527 2551 2549
f 2532 2536 2552
f 2536 2539 2553
f 2532 2552 2550
f 2527 2550 2551
f 2554 2548 2555
f 2556 2554 2555
f 2554 2556 2557
f 2546 2548 2554
f 2558 2557 2559
f 2554 2557 2558
f 2560 2559 2561
f 2560 2561 2562
f 2560 2562 2563
f 2564 2563 2565
f 2558 2559 2560
f 2560 2563 2564
f 2539 2543 2566
f 2543 2546 2567
f 2546 2554 2568
f 2543 2567 2566
f 2554 2558 2569
f 2558 2560 2570
f 2560 2564 2571
f 2546 2568 2567
f 2554 2569 2568
f 2558 2570 2569
f 2560 2571 2570
f 2571 2564 2572
f 2536 2553 2552
f 2539 2566 2553
f 2552 2553 2573
f 2552 2574 2550
f 2550 2575 2551
f 2566 2576 2553
f 2566 2567 2577
f 2567 2568 2578
f 2553 2576 2573
f 2552 2573 2574
f 2550 2574 2575
f 2566 2577 2576
f 2568 2569 2579
f 2569 2570 2580
f 2570 2571 2581
f 2571 2572 2582
f 2567 2578 2577
f 2568 2579 2578
f 2569 2580 2579
f 2570 2581 2580
f 2571 2582 2581
f 2582 2572 2583
f 2581 2584 2580
f 2574 2585 2575
f 2573 2576 2586
f 2576 2577 2587
f 2573 2588 2574
f 2577 2578 2589
f 2573 2586 2588
f 2574 2588 2585
f 2576 2587 2586
f 2578 2579 2590
f 2578 2590 2589
f 2579 2580 2591
f 2579 2591 2590
f 2577 2589 2587
f 2586 2587 2592
f 2586 2593 2588
f 2588 2594 2585
f 2587 2589 2595
f 2589 2590 2596
f 2588 2593 2597
f 2588 2597 2594
f 2585 2594 2598
f 2586 2592 2599
f 2587 2600 2592
f 2587 2595 2600
f 2586 2601 2593
f 2586 2599 2601
f 2581 2582 2602
f 2582 2583 2603
f 2580 2584 2591
f 2581 2602 2584
f 2582 2603 2602
f 2603 2583 2604
f 2590 2591 2605
f 2591 2584 2606
f 2589 2596 2595
f 2590 2607 2596
f 2590 2608 2607
f 2590 2605 2608
f 2591 2609 2605
f 2584 2602 2610
f 2591 2606 2609
f 2584 2611 2606
f 2584 2610 2611
f 2602 2612 2610
f 2602 2603 2613
f 2603 2604 2614
f 2602 2615 2612
f 2602 2613 2615
f 2603 2616 2613
f 2603 2614 2616
f 2604 2617 2614
f 2604 2618 2617
f 2619 2620 2530
f 2621 2622 2620
f 2621 2623 2622
f 2621 2624 2625
f 2621 2625 2623
f 2619 2621 2620
f 2626 2627 2624
f 2626 2628 2629
f 2627 2626 2629
f 2621 2626 2624
f 2630 2631 2628
f 2630 2632 2631
f 2633 2634 2635
f 2633 2635 2632
f 2626 2630 2628
f 2636 2637 2634
f 2637 2636 2638
f 2636 2639 2638
f 2630 2633 2632
f 2633 2636 2634
f 2549 2619 2530
f 2549 2640 2619
f 2619 2641 2621
f 2621 2642 2626
f 2626 2643 2630
f 2549 2551 2640
f 2619 2640 2641
f 2644 2645 2646
f 2647 2648 2639
f 2649 2650 2648
f 2649 2646 2650
f 2636 2647 2639
f 2564 2565 2651
f 2564 2652 2653
f 2564 2651 2652
f 2644 2653 2645
f 2649 2644 2646
f 2564 2653 2644
f 2647 2649 2648
f 2630 2654 2633
f 2633 2655 2636
f 2647 2656 2649
f 2564 2644 2572
f 2649 2657 2644
f 2636 2658 2647
f 2633 2654 2655
f 2636 2655 2658
f 2649 2656 2657
f 2647 2658 2656
f 2644 2657 2572
f 2621 2641 2642
f 2626 2642 2643
f 2630 2643 2654
f 2551 2659 2640
f 2640 2660 2641
f 2641 2661 2642
f 2643 2642 2662
f 2643 2663 2654
f 2654 2664 2655
f 2551 2575 2659
f 2640 2659 2660
f 2641 2660 2661
f 2643 2662 2663
f 2642 2661 2662
f 2655 2665 2658
f 2657 2583 2572
f 2657 2656 2666
f 2658 2667 2656
f 2654 2663 2664
f 2655 2664 2665
f 2658 2665 2667
f 2656 2667 2666
f 2657 2666 2583
f 2664 2668 2665
f 2667 2665 2669
f 2575 2670 2659
f 2659 2671 2660
f 2660 2672 2661
f 2661 2673 2662
f 2662 2674 2663
f 2575 2585 2670
f 2659 2670 2671
f 2660 2671 2672
f 2661 2672 2673
f 2663 2675 2664
f 2662 2673 2674
f 2663 2674 2675
f 2664 2675 2668
f 2585 2598 2670
f 2670 2676 2671
f 2671 2677 2672
f 2672 2678 2673
f 2673 2679 2674
f 2670 2598 2680
f 2670 2680 2681
f 2670 2681 2676
f 2671 2676 2682
f 2671 2682 2677
f 2672 2677 2683
f 2672 2683 2678
f 2583 2666 2604
f 2666 2667 2684
f 2667 2669 2684
f 2665 2668 2669
f 2666 2684 2604
f 2674 2685 2675
f 2675 2686 2668
f 2673 2678 2679
f 2674 2679 2687
f 2674 2687 2685
f 2675 2685 2686
f 2604 2684 2688
f 2684 2669 2689
f 2668 2690 2669
f 2668 2686 2691
f 2668 2691 2692
f 2668 2692 2690
f 2604 2688 2618
f 2684 2689 2688
f 2669 2693 2694
f 2669 2694 2689
f 2669 2695 2696
f 2669 2696 2693
f 2669 2690 2695
f 2697 2698 2699
f 2700 2701 2702
f 2702 2701 2703
f 2702 2703 2704
f 2704 2705 2706
f 2704 2703 2705
f 2700 2698 2707
f 2698 2708 2707
f 2697 2708 2698
f 2697 2709 2708
f 2697 2710 2709
f 2708 2711 2712
f 2708 2709 2711
f 2711 2709 2713
f 2700 2707 2701
f 2700 2699 2698
f 2700 2702 2699
f 2707 2714 2701
f 2707 2708 2712
f 2707 2712 2714
f 2704 2706 2699
f 2702 2704 2699
f 2701 2715 2703
f 2703 2716 2705
f 2701 2714 2715
f 2714 2717 2715
f 2703 2715 2716
f 2715 2718 2716
f 2711 2719 2712
f 2714 2712 2720
f 2711 2721 2719
f 2712 2719 2720
f 2720 2719 2722
f 2714 2720 2717
f 2715 2717 2718
f 2720 2723 2717
f 2720 2722 2723
f 2717 2724 2718
f 2717 2723 2724
f 2710 2725 2726
f 2725 2727 2728
f 2697 2699 2710
f 2710 2699 2725
f 2725 2699 2727
f 2728 2727 2729
f 2727 2730 2729
f 2730 2731 2729
f 2727 2699 2730
f 2730 2699 2732
f 2732 2699 2733
f 2733 2699 2734
f 2730 2732 2731
f 2731 2732 2735
f 2732 2733 2735
f 2735 2733 2736
f 2733 2734 2736
f 2734 2737 2736
f 2710 2726 2709
f 2709 2726 2713
f 2711 2713 2721
f 2713 2738 2721
f 2726 2739 2713
f 2713 2739 2738
f 2725 2728 2726
f 2726 2728 2739
f 2739 2728 2740
f 2738 2739 2741
f 2739 2740 2741
f 2738 2741 2742
f 2741 2743 2744
f 2719 2721 2745
f 2721 2746 2745
f 2719 2745 2722
f 2738 2746 2721
f 2738 2742 2746
f 2745 2746 2747
f 2745 2747 2748
f 2746 2749 2747
f 2745 2748 2722
f 2723 2722 2750
f 2722 2748 2750
f 2723 2751 2724
f 2723 2750 2751
f 2747 2752 2748
f 2748 2753 2750
f 2750 2754 2751
f 2741 2744 2742
f 2742 2744 2755
f 2746 2742 2749
f 2742 2755 2749
f 2747 2749 2756
f 2749 2755 2757
f 2749 2757 2756
f 2755 2758 2757
f 2728 2729 2740
f 2731 2759 2729
f 2740 2729 2759
f 2740 2759 2743
f 2741 2740 2743
f 2743 2759 2760
f 2731 2761 2759
f 2759 2761 2760
f 2743 2760 2762
f 2731 2735 2761
f 2735 2763 2761
f 2761 2763 2764
f 2735 2736 2763
f 2763 2765 2766
f 2760 2761 2764
f 2760 2764 2767
f 2764 2763 2766
f 2764 2766 2768
f 2766 2769 2768
f 2736 2765 2763
f 2736 2737 2765
f 2737 2770 2765
f 2744 2743 2762
f 2744 2762 2771
f 2760 2767 2762
f 2762 2772 2771
f 2762 2767 2772
f 2744 2771 2755
f 2755 2771 2758
f 2771 2773 2758
f 2771 2772 2773
f 2772 2774 2773
f 2772 2767 2775
f 2764 2768 2767
f 2767 2768 2775
f 2768 2769 2776
f 2768 2776 2775
f 2772 2775 2774
f 2774 2775 2777
f 2775 2776 2777
f 2777 2776 2778
f 2765 2770 2779
f 2766 2765 2779
f 2766 2779 2769
f 2779 2780 2769
f 2770 2781 2779
f 2779 2781 2780
f 2781 2782 2780
f 2769 2783 2776
f 2776 2783 2778
f 2769 2780 2783
f 2780 2784 2783
f 2780 2782 2784
f 2782 2785 2784
f 2778 2783 2786
f 2783 2784 2786
f 2784 2787 2786
f 2786 2787 2788
f 2784 2785 2787
f 2785 2789 2787
f 2787 2789 2790
f 2748 2752 2753
f 2747 2756 2752
f 2750 2753 2754
f 2752 2756 2791
f 2757 2792 2756
f 2756 2792 2791
f 2752 2793 2753
f 2753 2794 2754
f 2752 2791 2793
f 2753 2793 2794
f 2757 2758 2795
f 2758 2796 2795
f 2758 2773 2796
f 2773 2797 2796
f 2757 2795 2792
f 2791 2792 2533
f 2792 2795 2535
f 2792 2535 2534
f 2792 2534 2533
f 2791 2529 2528
f 2791 2528 2793
f 2791 2538 2529
f 2791 2533 2538
f 2793 2528 2531
f 2793 2531 2530
f 2793 2530 2794
f 2795 2796 2537
f 2795 2537 2535
f 2796 2540 2537
f 2796 2541 2540
f 2796 2542 2541
f 2774 2797 2773
f 2774 2777 2798
f 2774 2798 2797
f 2796 2797 2542
f 2797 2798 2544
f 2777 2799 2798
f 2777 2778 2799
f 2797 2544 2542
f 2798 2545 2544
f 2798 2547 2545
f 2798 2799 2547
f 2799 2548 2547
f 2799 2555 2548
f 2799 2800 2555
f 2800 2556 2555
f 2778 2786 2800
f 2778 2800 2799
f 2786 2788 2800
f 2800 2557 2556
f 2788 2557 2800
f 2788 2559 2557
f 2787 2790 2788
f 2788 2790 2559
f 2790 2562 2561
f 2789 2801 2790
f 2790 2563 2562
f 2801 2565 2563
f 2790 2801 2563
f 2790 2561 2559
f 2802 2803 2699
f 2706 2705 2804
f 2706 2804 2805
f 2805 2806 2807
f 2805 2804 2806
f 2706 2805 2699
f 2805 2807 2699
f 2705 2808 2804
f 2705 2716 2808
f 2716 2809 2808
f 2804 2808 2810
f 2807 2806 2811
f 2807 2811 2812
f 2807 2812 2699
f 2804 2810 2806
f 2806 2810 2813
f 2806 2813 2811
f 2812 2802 2699
f 2808 2814 2810
f 2810 2815 2813
f 2716 2718 2809
f 2808 2809 2814
f 2718 2816 2809
f 2718 2724 2816
f 2809 2817 2814
f 2809 2816 2817
f 2810 2814 2815
f 2814 2817 2818
f 2814 2818 2815
f 2813 2815 2819
f 2812 2820 2802
f 2812 2811 2820
f 2802 2820 2821
f 2802 2821 2803
f 2813 2822 2811
f 2811 2822 2820
f 2820 2822 2823
f 2813 2819 2822
f 2699 2803 2824
f 2699 2824 2825
f 2699 2825 2826
f 2824 2827 2825
f 2734 2699 2828
f 2699 2829 2828
f 2699 2826 2830
f 2699 2830 2829
f 2734 2828 2737
f 2737 2828 2831
f 2828 2829 2831
f 2829 2832 2831
f 2829 2830 2832
f 2833 2832 2830
f 2825 2827 2834
f 2825 2834 2826
f 2826 2833 2830
f 2826 2834 2833
f 2724 2835 2816
f 2724 2751 2835
f 2816 2835 2836
f 2816 2836 2817
f 2751 2837 2835
f 2835 2838 2836
f 2815 2839 2819
f 2815 2818 2839
f 2819 2839 2840
f 2817 2841 2818
f 2817 2836 2841
f 2818 2841 2842
f 2818 2842 2839
f 2819 2840 2843
f 2839 2844 2840
f 2840 2845 2843
f 2836 2846 2841
f 2841 2847 2842
f 2839 2842 2844
f 2842 2848 2844
f 2842 2847 2848
f 2820 2823 2821
f 2803 2821 2849
f 2803 2849 2824
f 2821 2850 2849
f 2819 2843 2822
f 2821 2823 2850
f 2822 2843 2823
f 2824 2849 2827
f 2849 2850 2851
f 2849 2851 2827
f 2823 2852 2850
f 2823 2843 2852
f 2850 2852 2853
f 2852 2843 2845
f 2737 2831 2770
f 2770 2831 2854
f 2831 2832 2854
f 2832 2855 2854
f 2854 2855 2856
f 2833 2834 2857
f 2833 2855 2832
f 2857 2858 2855
f 2833 2857 2855
f 2859 2860 2857
f 2859 2861 2860
f 2853 2862 2861
f 2857 2860 2858
f 2860 2863 2858
f 2860 2864 2863
f 2861 2864 2860
f 2852 2845 2865
f 2840 2866 2845
f 2865 2862 2853
f 2845 2867 2865
f 2844 2848 2868
f 2840 2844 2866
f 2844 2868 2866
f 2866 2868 2869
f 2845 2866 2867
f 2865 2867 2870
f 2865 2870 2862
f 2862 2870 2871
f 2862 2871 2864
f 2861 2862 2864
f 2866 2869 2867
f 2867 2869 2872
f 2867 2872 2870
f 2870 2873 2871
f 2870 2872 2873
f 2827 2851 2859
f 2827 2859 2834
f 2850 2853 2851
f 2851 2853 2861
f 2851 2861 2859
f 2834 2859 2857
f 2852 2865 2853
f 2770 2854 2781
f 2781 2854 2856
f 2781 2856 2782
f 2782 2856 2874
f 2856 2855 2858
f 2856 2858 2874
f 2858 2863 2874
f 2782 2874 2785
f 2785 2874 2875
f 2874 2863 2875
f 2863 2864 2876
f 2875 2863 2876
f 2785 2875 2789
f 2789 2875 2877
f 2875 2876 2877
f 2789 2877 2801
f 2877 2878 2879
f 2876 2871 2878
f 2873 2878 2871
f 2876 2878 2877
f 2873 2880 2878
f 2876 2864 2871
f 2751 2754 2837
f 2835 2837 2838
f 2836 2838 2846
f 2754 2881 2837
f 2754 2794 2881
f 2837 2881 2882
f 2838 2883 2846
f 2837 2882 2838
f 2838 2882 2883
f 2841 2846 2847
f 2794 2530 2620
f 2794 2620 2881
f 2881 2620 2622
f 2881 2622 2623
f 2881 2623 2882
f 2882 2623 2625
f 2882 2625 2624
f 2882 2624 2883
f 2846 2883 2884
f 2883 2624 2627
f 2883 2627 2629
f 2883 2629 2884
f 2884 2629 2628
f 2884 2628 2631
f 2884 2631 2885
f 2885 2631 2632
f 2846 2884 2847
f 2847 2885 2848
f 2847 2884 2885
f 2868 2848 2886
f 2848 2885 2886
f 2885 2632 2635
f 2886 2635 2634
f 2887 2634 2637
f 2887 2637 2638
f 2887 2638 2639
f 2887 2639 2888
f 2888 2639 2648
f 2868 2887 2869
f 2868 2886 2887
f 2885 2635 2886
f 2886 2634 2887
f 2869 2888 2872
f 2869 2887 2888
f 2801 2877 2879
f 2879 2651 2565
f 2879 2652 2651
f 2879 2653 2652
f 2801 2879 2565
f 2878 2880 2879
f 2880 2653 2879
f 2880 2645 2653
f 2880 2646 2645
f 2872 2889 2873
f 2872 2888 2889
f 2873 2889 2880
f 2889 2648 2650
f 2889 2650 2646
f 2888 2648 2889
f 2880 2889 2646
f 2890 2891 2595
f 2891 2600 2595
f 2892 2893 2894
f 2895 2894 2896
f 2891 2897 2898
f 2891 2898 2899
f 2899 2898 2900
f 2901 2902 2898
f 2902 2903 2898
f 2903 2904 2898
f 2901 2898 2897
f 2892 2898 2904
f 2892 2895 2898
f 2895 2905 2898
f 2902 2906 2903
f 2907 2901 2897
f 2901 2908 2902
f 2903 2906 2909
f 2902 2908 2906
f 2907 2908 2901
f 2903 2909 2904
f 2892 2904 2893
f 2892 2894 2895
f 2904 2909 2893
f 2890 2897 2891
f 2891 2899 2601
f 2899 2900 2598
f 2899 2597 2593
f 2899 2598 2594
f 2899 2594 2597
f 2891 2601 2599
f 2891 2599 2592
f 2891 2592 2600
f 2907 2897 2890
f 2899 2593 2601
f 2905 2910 2898
f 2910 2911 2898
f 2911 2912 2898
f 2912 2913 2898
f 2913 2914 2898
f 2914 2915 2898
f 2895 2896 2905
f 2905 2916 2910
f 2910 2917 2911
f 2911 2918 2912
f 2905 2896 2916
f 2910 2916 2917
f 2911 2917 2918
f 2912 2918 2919
f 2912 2919 2913
f 2913 2920 2914
f 2914 2921 2915
f 2913 2919 2920
f 2914 2920 2921
f 2921 2922 2915
f 2890 2595 2596
f 2890 2596 2607
f 2890 2607 2608
f 2907 2923 2908
f 2907 2890 2924
f 2890 2608 2924
f 2924 2608 2605
f 2924 2605 2609
f 2907 2924 2923
f 2924 2609 2606
f 2925 2606 2611
f 2925 2611 2610
f 2925 2610 2612
f 2925 2616 2614
f 2925 2614 2617
f 2926 2617 2618
f 2925 2612 2615
f 2925 2615 2613
f 2925 2613 2616
f 2924 2606 2925
f 2925 2617 2926
f 2923 2927 2928
f 2923 2924 2929
f 2924 2925 2930
f 2925 2926 2931
f 2909 2906 2932
f 2893 2933 2894
f 2909 2934 2893
f 2894 2935 2896
f 2896 2936 2916
f 2916 2937 2917
f 2908 2928 2906
f 2917 2938 2918
f 2918 2939 2919
f 2919 2940 2920
f 2920 2941 2921
f 2921 2942 2922
f 2909 2932 2934
f 2893 2934 2933
f 2894 2933 2935
f 2896 2935 2936
f 2934 2943 2933
f 2932 2944 2934
f 2935 2933 2945
f 2935 2946 2936
f 2916 2936 2937
f 2917 2937 2938
f 2936 2947 2937
f 2937 2948 2938
f 2906 2928 2932
f 2908 2923 2928
f 2932 2928 2949
f 2918 2938 2939
f 2919 2939 2940
f 2920 2940 2941
f 2921 2941 2942
f 2942 2950 2922
f 2938 2951 2939
f 2939 2952 2940
f 2940 2953 2941
f 2941 2954 2942
f 2942 2955 2950
f 2923 2929 2927
f 2924 2930 2929
f 2925 2931 2930
f 2927 2929 2956
f 2929 2930 2957
f 2930 2931 2958
f 2930 2958 2957
f 2934 2944 2943
f 2933 2943 2945
f 2935 2945 2946
f 2936 2946 2947
f 2943 2959 2945
f 2945 2960 2946
f 2946 2961 2947
f 2937 2947 2948
f 2938 2948 2951
f 2947 2962 2948
f 2932 2949 2944
f 2928 2927 2949
f 2949 2963 2944
f 2943 2944 2964
f 2927 2965 2949
f 2939 2951 2952
f 2940 2952 2953
f 2941 2953 2954
f 2942 2954 2955
f 2955 2966 2950
f 2948 2967 2951
f 2951 2968 2952
f 2952 2969 2953
f 2953 2970 2954
f 2954 2971 2955
f 2955 2972 2966
f 2943 2964 2959
f 2944 2963 2964
f 2949 2965 2963
f 2927 2956 2965
f 2945 2959 2960
f 2946 2960 2961
f 2947 2961 2962
f 2929 2957 2956
f 2963 2973 2964
f 2960 2974 2961
f 2961 2975 2962
f 2964 2976 2959
f 2960 2959 2977
f 2959 2976 2977
f 2964 2973 2976
f 2960 2977 2974
f 2961 2974 2975
f 2975 2978 2962
f 2965 2956 2979
f 2965 2980 2963
f 2956 2957 2981
f 2957 2958 2982
f 2963 2980 2973
f 2965 2979 2980
f 2956 2981 2979
f 2957 2982 2981
f 2976 2973 2983
f 2976 2983 2977
f 2977 2983 2974
f 2975 2974 2983
f 2975 2983 2978
f 2978 2983 2984
f 2984 2983 2985
f 2980 2983 2973
f 2980 2979 2983
f 2979 2981 2983
f 2981 2982 2983
f 2948 2962 2967
f 2951 2967 2968
f 2952 2968 2969
f 2953 2969 2970
f 2954 2970 2971
f 2955 2971 2972
f 2972 2986 2966
f 2978 2967 2962
f 2967 2984 2968
f 2968 2985 2969
f 2978 2984 2967
f 2968 2984 2985
f 2969 2987 2970
f 2970 2988 2971
f 2969 2985 2987
f 2985 2983 2987
f 2970 2987 2988
f 2971 2988 2989
f 2987 2983 2988
f 2988 2983 2989
f 2989 2983 2990
f 2990 2983 2991
f 2972 2989 2990
f 2990 2991 2986
f 2971 2989 2972
f 2972 2990 2986
f 2992 2677 2682
f 2992 2683 2677
f 2993 2683 2992
f 2898 2992 2900
f 2898 2994 2992
f 2898 2995 2994
f 2898 2996 2995
f 2898 2997 2996
f 2898 2998 2997
f 2898 2999 2998
f 2898 3000 2999
f 2898 3001 3000
f 2898 3002 3001
f 2900 2992 2681
f 2900 2680 2598
f 2900 2681 2680
f 2992 2676 2681
f 2993 2992 2994
f 3003 2994 2995
f 2992 2682 2676
f 2993 2994 3003
f 2995 2996 3004
f 2996 2997 3005
f 3003 2995 3004
f 2996 3005 3004
f 2997 3006 3005
f 2997 2998 3006
f 2998 2999 3007
f 3001 3008 3000
f 2999 3000 3009
f 2998 3007 3006
f 2898 2915 3010
f 2898 3010 3011
f 2898 3011 3012
f 2898 3012 3013
f 2898 3014 3002
f 2898 3013 3014
f 2915 2922 3010
f 3011 3010 3015
f 3011 3016 3012
f 3010 2922 3015
f 3011 3015 3016
f 3012 3016 3017
f 3012 3017 3013
f 3014 3013 3018
f 3001 3002 3019
f 3014 3020 3002
f 3001 3019 3008
f 3014 3018 3020
f 3002 3020 3019
f 3013 3017 3018
f 2999 3009 3007
f 3000 3008 3009
f 2993 2678 2683
f 2993 2679 2678
f 2993 2687 2679
f 2993 3021 2687
f 3021 2685 2687
f 3021 2686 2685
f 2993 3003 3022
f 2926 2618 2688
f 3023 2688 2689
f 3023 2693 2696
f 3023 2694 2693
f 3023 2689 2694
f 3021 2690 2692
f 3021 2691 2686
f 3021 2692 2691
f 3021 2696 2695
f 3021 2695 2690
f 2926 2688 3023
f 3023 2696 3021
f 2993 3022 3021
f 3003 3024 3022
f 2926 3023 3025
f 3023 3021 3026
f 3021 3022 3027
f 3003 3004 3024
f 3004 3005 3028
f 2922 2950 3015
f 3015 3029 3016
f 3017 3030 3018
f 3016 3031 3017
f 3020 3018 3032
f 3005 3006 3033
f 3006 3007 3034
f 3007 3009 3035
f 3009 3008 3036
f 3008 3019 3037
f 3020 3038 3019
f 3004 3028 3024
f 3022 3024 3039
f 3024 3028 3040
f 3015 2950 3029
f 3016 3029 3031
f 3017 3031 3030
f 3018 3030 3032
f 3020 3032 3038
f 2950 2966 3029
f 3029 3041 3031
f 3030 3042 3032
f 3031 3043 3030
f 3032 3044 3038
f 3005 3033 3028
f 3006 3034 3033
f 3007 3035 3034
f 3009 3036 3035
f 3028 3033 3045
f 3033 3034 3046
f 3034 3035 3047
f 3035 3036 3048
f 3008 3037 3036
f 3019 3038 3037
f 3036 3037 3049
f 3038 3050 3037
f 2926 3025 2931
f 3023 3026 3025
f 3021 3027 3026
f 3022 3039 3027
f 2931 3025 3051
f 3025 3026 3052
f 3026 3027 3053
f 2931 3051 2958
f 3025 3052 3051
f 3024 3040 3039
f 3027 3039 3054
f 3039 3040 3055
f 3040 3045 3056
f 3029 2966 3041
f 3031 3041 3043
f 3030 3043 3042
f 3032 3042 3044
f 3038 3044 3050
f 2966 2986 3041
f 3043 3057 3042
f 3041 3058 3043
f 3050 3059 3049
f 3042 3060 3044
f 3050 3044 3061
f 3028 3045 3040
f 3033 3046 3045
f 3034 3047 3046
f 3035 3048 3047
f 3045 3046 3062
f 3046 3047 3063
f 3047 3048 3064
f 3036 3049 3048
f 3037 3050 3049
f 3048 3049 3065
f 3026 3053 3052
f 3027 3054 3053
f 3039 3055 3054
f 3040 3056 3055
f 3045 3062 3056
f 3046 3063 3062
f 3047 3064 3063
f 2958 3051 3066
f 3051 3052 3067
f 3052 3053 3068
f 3053 3054 3069
f 2958 3066 2982
f 3051 3067 3066
f 3052 3068 3067
f 3053 3069 3068
f 3054 3070 3069
f 2982 3066 2983
f 3066 3067 2983
f 3067 3068 2983
f 3068 3069 2983
f 2983 3069 3070
f 2983 3070 3071
f 2983 3071 3072
f 2983 3072 3073
f 2983 3074 3075
f 2983 3073 3076
f 2983 3076 3074
f 3054 3055 3070
f 3055 3056 3071
f 3056 3062 3072
f 3062 3063 3073
f 3063 3064 3076
f 3055 3071 3070
f 3056 3072 3071
f 3076 3064 3074
f 3062 3073 3072
f 3063 3076 3073
f 3041 2986 3058
f 3043 3058 3057
f 3048 3065 3064
f 3050 3061 3059
f 3049 3059 3065
f 3042 3057 3060
f 3044 3060 3061
f 3057 3077 3060
f 3061 3060 3078
f 2983 3079 2991
f 2983 3077 3079
f 2983 3078 3077
f 2983 3080 3078
f 3058 2991 3079
f 3057 3079 3077
f 2983 3075 3080
f 3060 3077 3078
f 3061 3078 3080
f 2986 2991 3058
f 3058 3079 3057
f 3065 3074 3064
f 3059 3075 3065
f 3059 3061 3080
f 3065 3075 3074
f 3059 3080 3075
f 3081 3082 3083
f 3084 3085 3082
f 3083 3086 3087
f 3086 3088 3089
f 3086 3089 3087
f 3088 3090 3089
f 3091 3092 3090
f 3088 3091 3090
f 3091 3093 3092
f 3094 3093 3095
f 3096 3097 3085
f 3084 3098 3099
f 3100 3084 3099
f 3084 3100 3101
f 3081 3102 3103
f 3081 3104 3102
f 3081 3105 3104
f 3081 3103 3098
f 3087 3106 3105
f 3081 3087 3105
f 3087 3089 3106
f 3089 3090 3107
f 3084 3081 3098
f 3096 3101 3108
f 3096 3108 3109
f 3110 3109 3111
f 3110 3111 3112
f 3084 3101 3096
f 3096 3109 3110
f 3110 3113 3114
f 3110 3112 3115
f 3110 3115 3113
f 3114 3113 3116
f 3114 3116 3117
f 3118 3117 3119
f 3118 3119 3120
f 3118 3120 3121
f 3084 3082 3081
f 3081 3083 3087
f 3084 3096 3085
f 3096 3110 3097
f 3110 3114 3122
f 3114 3118 3123
f 3124 3118 3125
f 3114 3117 3118
f 3118 3121 3125
f 3126 3127 3128
f 3129 3125 3130
f 3131 3130 3127
f 3132 3133 3134
f 3135 3134 3136
f 3135 3136 3137
f 3135 3137 3138
f 3135 3138 3139
f 3140 3141 3142
f 3143 3144 3141
f 3143 3140 3145
f 3143 3146 3147
f 3143 3141 3140
f 3148 3140 3142
f 3148 3149 3150
f 3143 3147 3144
f 3147 3151 3152
f 3147 3153 3151
f 3151 3133 3132
f 3150 3154 3155
f 3148 3142 3149
f 3150 3149 3154
f 3155 3156 3157
f 3157 3158 3159
f 3140 3160 3145
f 3140 3161 3162
f 3148 3163 3161
f 3140 3162 3160
f 3150 3164 3163
f 3150 3165 3164
f 3150 3166 3165
f 3155 3167 3166
f 3143 3168 3169
f 3170 3143 3169
f 3143 3170 3146
f 3147 3146 3171
f 3147 3171 3172
f 3147 3172 3153
f 3148 3161 3140
f 3143 3145 3168
f 3155 3173 3167
f 3148 3150 3163
f 3150 3155 3166
f 3155 3174 3173
f 3155 3175 3174
f 3155 3157 3176
f 3155 3176 3175
f 3157 3177 3176
f 3157 3178 3177
f 3157 3179 3178
f 3159 3180 3179
f 3151 3153 3181
f 3151 3181 3182
f 3151 3182 3183
f 3151 3183 3184
f 3151 3184 3133
f 3132 3134 3135
f 3157 3159 3179
f 3159 3185 3186
f 3187 3188 3185
f 3180 3159 3189
f 3159 3190 3189
f 3159 3186 3190
f 3185 3191 3186
f 3185 3192 3191
f 3187 3193 3188
f 3185 3188 3192
f 3187 3194 3195
f 3187 3195 3193
f 3082 3152 3083
f 3083 3196 3086
f 3085 3097 3141
f 3085 3144 3082
f 3097 3122 3142
f 3122 3123 3149
f 3123 3124 3154
f 3151 3196 3152
f 3147 3152 3144
f 3197 3196 3132
f 3197 3135 3198
f 3199 3200 3198
f 3082 3144 3152
f 3085 3141 3144
f 3097 3142 3141
f 3122 3149 3142
f 3123 3154 3149
f 3124 3156 3154
f 3083 3152 3196
f 3086 3196 3197
f 3088 3197 3198
f 3129 3158 3156
f 3124 3129 3156
f 3129 3131 3158
f 3131 3201 3158
f 3126 3202 3201
f 3086 3197 3088
f 3088 3198 3091
f 3091 3200 3093
f 3093 3203 3095
f 3095 3204 3205
f 3205 3206 3207
f 3091 3198 3200
f 3093 3200 3203
f 3095 3203 3204
f 3205 3204 3206
f 3208 3209 3210
f 3207 3206 3209
f 3131 3126 3201
f 3126 3211 3202
f 3211 3212 3213
f 3211 3213 3202
f 3212 3210 3213
f 3208 3210 3212
f 3207 3209 3208
f 3110 3122 3097
f 3114 3123 3122
f 3123 3118 3124
f 3124 3125 3129
f 3129 3130 3131
f 3131 3127 3126
f 3214 3212 3211
f 3126 3128 3211
f 3151 3132 3196
f 3197 3132 3135
f 3135 3199 3198
f 3199 3215 3200
f 3215 3203 3200
f 3216 3204 3203
f 3215 3216 3203
f 3210 3217 3218
f 3216 3219 3204
f 3219 3220 3206
f 3220 3217 3209
f 3155 3154 3156
f 3157 3156 3158
f 3159 3158 3201
f 3159 3201 3185
f 3202 3187 3185
f 3201 3202 3185
f 3202 3213 3187
f 3213 3210 3218
f 3209 3217 3210
f 3213 3218 3187
f 3135 3139 3199
f 3199 3139 3221
f 3199 3221 3222
f 3199 3222 3223
f 3215 3223 3224
f 3225 3215 3224
f 3215 3225 3226
f 3199 3223 3215
f 3215 3226 3216
f 3216 3227 3228
f 3216 3226 3227
f 3216 3229 3219
f 3219 3230 3220
f 3187 3218 3194
f 3220 3231 3217
f 3218 3217 3232
f 3217 3233 3232
f 3217 3231 3233
f 3220 3234 3235
f 3220 3235 3231
f 3216 3228 3229
f 3219 3229 3236
f 3219 3237 3238
f 3219 3236 3237
f 3219 3238 3239
f 3219 3239 3230
f 3220 3230 3234
f 3218 3240 3194
f 3218 3241 3240
f 3218 3232 3241
f 3219 3206 3204
f 3220 3209 3206
f 3092 3093 3094
f 3094 3095 3242
f 3089 3107 3106
f 3090 3243 3107
f 3090 3244 3243
f 3244 3090 3245
f 3090 3246 3245
f 3092 3247 3246
f 3092 3248 3247
f 3090 3092 3246
f 3092 3094 3248
f 3094 3249 3248
f 3249 3094 3250
f 3094 3251 3250
f 3094 3242 3251
f 3242 3252 3253
f 3252 3254 3255
f 3242 3256 3251
f 3257 3128 3258
f 3128 3257 3259
f 3242 3260 3256
f 3242 3253 3260
f 3252 3261 3253
f 3252 3255 3261
f 3254 3262 3255
f 3254 3263 3262
f 3254 3264 3263
f 3214 3265 3266
f 3214 3266 3267
f 3268 3267 3264
f 3214 3269 3270
f 3214 3259 3269
f 3214 3270 3265
f 3125 3121 3271
f 3125 3271 3272
f 3130 3272 3273
f 3130 3273 3274
f 3127 3274 3275
f 3127 3275 3276
f 3128 3276 3258
f 3125 3272 3130
f 3130 3274 3127
f 3128 3127 3276
f 3128 3214 3211
f 3214 3268 3212
f 3242 3205 3252
f 3252 3207 3254
f 3254 3208 3268
f 3254 3268 3264
f 3214 3267 3268
f 3128 3259 3214
f 3242 3095 3205
f 3252 3205 3207
f 3254 3207 3208
f 3268 3208 3212
f 3277 3278 3279
f 3280 3281 3282
f 3282 3281 3283
f 3282 3283 3284
f 3284 3285 3286
f 3284 3283 3285
f 3286 3285 3287
f 3286 3287 3288
f 3287 3289 3288
f 3290 3291 3292
f 3290 3292 3293
f 3294 3291 3279
f 3294 3279 3295
f 3292 3294 3296
f 3292 3296 3297
f 3292 3291 3294
f 3293 3292 3297
f 3296 3294 3298
f 3293 3299 3300
f 3297 3301 3302
f 3293 3297 3299
f 3299 3303 3300
f 3296 3301 3297
f 3297 3302 3299
f 3299 3302 3304
f 3303 3304 3305
f 3299 3304 3303
f 3303 3305 3306
f 3306 3305 3307
f 3280 3308 3290
f 3308 3291 3290
f 3280 3290 3281
f 3281 3290 3293
f 3280 3309 3308
f 3284 3286 3309
f 3280 3282 3309
f 3282 3284 3309
f 3277 3291 3308
f 3277 3279 3291
f 3277 3308 3309
f 3281 3300 3283
f 3283 3310 3285
f 3281 3293 3300
f 3283 3300 3310
f 3303 3310 3300
f 3285 3310 3311
f 3310 3306 3311
f 3285 3311 3287
f 3287 3312 3289
f 3287 3311 3312
f 3289 3312 3313
f 3289 3313 3314
f 3303 3306 3310
f 3311 3306 3315
f 3311 3315 3312
f 3306 3307 3315
f 3289 3316 3288
f 3286 3288 3309
f 3288 3316 3309
f 3289 3314 3316
f 3316 3314 3317
f 3316 3317 3309
f 3317 3318 3309
f 3309 3318 3319
f 3312 3315 3320
f 3315 3307 3321
f 3315 3321 3320
f 3312 3320 3313
f 3313 3322 3314
f 3313 3320 3323
f 3313 3323 3322
f 3317 3314 3324
f 3317 3324 3318
f 3314 3322 3324
f 3318 3324 3325
f 3324 3322 3326
f 3318 3325 3319
f 3327 3328 3329
f 3330 3331 3332
f 3331 3333 3332
f 3327 3330 3334
f 3327 3334 3328
f 3335 3329 3328
f 3335 3336 3337
f 3334 3332 3338
f 3328 3334 3339
f 3335 3328 3340
f 3334 3338 3339
f 3330 3332 3334
f 3338 3341 3171
f 3338 3170 3169
f 3338 3171 3146
f 3338 3146 3170
f 3341 3342 3153
f 3341 3172 3171
f 3341 3153 3172
f 3342 3181 3153
f 3342 3182 3181
f 3342 3343 3183
f 3342 3183 3182
f 3331 3344 3333
f 3333 3344 3345
f 3345 3344 3346
f 3345 3346 3347
f 3332 3333 3341
f 3341 3333 3342
f 3332 3341 3338
f 3333 3345 3342
f 3342 3345 3343
f 3343 3184 3183
f 3343 3133 3184
f 3343 3348 3134
f 3347 3349 3350
f 3343 3345 3347
f 3343 3347 3348
f 3347 3350 3348
f 3343 3134 3133
f 3348 3136 3134
f 3348 3350 3351
f 3348 3137 3136
f 3348 3351 3137
f 3351 3138 3137
f 3351 3139 3138
f 3351 3221 3139
f 3351 3352 3221
f 3352 3222 3221
f 3350 3353 3351
f 3351 3353 3352
f 3352 3223 3222
f 3352 3224 3223
f 3352 3354 3224
f 3354 3225 3224
f 3354 3226 3225
f 3354 3355 3226
f 3353 3356 3352
f 3352 3356 3354
f 3354 3357 3355
f 3354 3356 3357
f 3328 3339 3340
f 3335 3340 3358
f 3335 3358 3336
f 3336 3359 3360
f 3336 3358 3359
f 3361 3362 3360
f 3359 3361 3360
f 3361 3363 3362
f 3339 3338 3169
f 3339 3160 3340
f 3339 3145 3160
f 3339 3168 3145
f 3339 3169 3168
f 3340 3160 3162
f 3340 3162 3161
f 3340 3161 3163
f 3340 3163 3358
f 3358 3163 3164
f 3358 3164 3165
f 3358 3165 3359
f 3359 3165 3166
f 3359 3166 3167
f 3359 3167 3173
f 3359 3173 3361
f 3361 3173 3174
f 3361 3174 3175
f 3361 3175 3363
f 3363 3175 3176
f 3363 3176 3177
f 3363 3177 3178
f 3363 3364 3365
f 3363 3178 3364
f 3364 3178 3179
f 3364 3179 3180
f 3364 3180 3189
f 3364 3189 3366
f 3366 3189 3190
f 3366 3190 3186
f 3367 3193 3195
f 3367 3195 3194
f 3368 3194 3240
f 3368 3240 3241
f 3366 3186 3369
f 3369 3186 3191
f 3369 3191 3192
f 3369 3192 3188
f 3369 3188 3367
f 3367 3188 3193
f 3355 3227 3226
f 3355 3228 3227
f 3355 3229 3228
f 3370 3236 3229
f 3370 3237 3236
f 3355 3370 3229
f 3371 3238 3237
f 3370 3371 3237
f 3355 3372 3370
f 3371 3239 3238
f 3371 3230 3239
f 3373 3230 3371
f 3373 3235 3234
f 3373 3231 3235
f 3374 3233 3231
f 3374 3241 3232
f 3374 3232 3233
f 3373 3234 3230
f 3373 3374 3231
f 3278 3375 3376
f 3375 832 3377
f 3375 826 832
f 3375 827 826
f 3378 832 833
f 3378 833 834
f 3378 834 835
f 3298 3379 3380
f 3379 3381 3380
f 3295 3376 3382
f 3294 3295 3298
f 3298 3295 3379
f 3295 3382 3379
f 3379 3383 3381
f 3381 3383 3384
f 3382 3385 3383
f 3379 3382 3383
f 3384 3383 3386
f 3387 3329 3301
f 3296 3298 3387
f 3296 3387 3301
f 3298 3380 3387
f 3327 3329 3387
f 3327 3387 3380
f 3327 3380 3330
f 3301 3329 3337
f 3301 3337 3302
f 3302 3388 3304
f 3302 3337 3388
f 3304 3388 3389
f 3335 3337 3329
f 3336 3388 3337
f 3304 3389 3305
f 3330 3380 3381
f 3330 3381 3331
f 3331 3381 3384
f 3278 3376 3279
f 3295 3279 3376
f 3277 3309 3278
f 3278 3309 3375
f 3376 3377 3382
f 3375 3377 3376
f 3382 3377 3385
f 3375 3309 827
f 3309 843 827
f 3309 842 843
f 3309 844 842
f 3384 3386 3390
f 3385 3391 3386
f 3385 3386 3383
f 3390 3386 3392
f 3390 3392 3393
f 3386 3391 3392
f 3392 3394 3393
f 3392 3395 3394
f 3393 3394 3396
f 3394 3397 3396
f 3331 3384 3344
f 3384 3390 3344
f 3390 3346 3344
f 3390 3393 3346
f 3346 3393 3349
f 3347 3346 3349
f 3350 3349 3398
f 3350 3398 3353
f 3349 3396 3398
f 3393 3396 3349
f 3396 3399 3398
f 3396 3397 3399
f 3385 3377 3378
f 3377 832 3378
f 3385 3378 3391
f 3391 3378 3400
f 3378 835 837
f 3391 3400 3395
f 3392 3391 3395
f 3394 3395 3401
f 3394 3401 3397
f 3395 3402 3401
f 3397 3401 3403
f 3378 837 3400
f 3400 837 838
f 3400 838 839
f 3400 839 848
f 3400 848 849
f 3395 3400 3402
f 3400 849 3402
f 3402 849 850
f 3402 850 869
f 3402 869 870
f 3401 3404 3403
f 3402 3404 3401
f 3402 871 3404
f 3403 3404 3405
f 3403 3405 3406
f 3407 3408 3409
f 3406 3410 3411
f 3412 3411 3413
f 3407 3409 3414
f 3414 3413 3415
f 3407 3414 3415
f 3309 845 844
f 3309 847 845
f 3309 863 847
f 3309 3319 3416
f 3309 3416 3417
f 3309 3417 3418
f 3309 864 863
f 3309 866 864
f 3309 867 866
f 3309 874 867
f 3309 875 874
f 3309 3419 875
f 3309 3420 3419
f 864 866 865
f 3402 870 871
f 3404 871 872
f 3404 872 876
f 3404 876 877
f 3404 877 875
f 3404 3419 3405
f 3404 875 3419
f 3419 3420 3405
f 3421 3422 3423
f 3309 3418 3424
f 3309 3425 3420
f 3309 3424 3425
f 3417 3421 3423
f 3417 3423 3418
f 3406 3405 3410
f 3411 3426 3413
f 3411 3410 3426
f 3405 3420 3410
f 3425 3426 3410
f 3407 3415 3422
f 3423 3422 3415
f 3423 3415 3427
f 3415 3413 3427
f 3427 3413 3426
f 3420 3425 3410
f 3425 3424 3426
f 3423 3427 3418
f 3418 3427 3424
f 3424 3427 3426
f 3353 3398 3428
f 3398 3399 3428
f 3353 3428 3356
f 3356 3429 3357
f 3355 3357 3372
f 3428 3429 3356
f 3357 3429 3430
f 3357 3430 3372
f 3372 3430 3431
f 3372 3431 3432
f 3428 3433 3429
f 3428 3399 3433
f 3399 3397 3434
f 3399 3434 3433
f 3429 3433 3435
f 3429 3435 3430
f 3431 3436 3432
f 3430 3435 3437
f 3430 3437 3431
f 3431 3437 3409
f 3431 3409 3436
f 3397 3403 3434
f 3433 3434 3438
f 3433 3438 3435
f 3403 3406 3434
f 3434 3406 3438
f 3435 3438 3412
f 3435 3412 3437
f 3409 3408 3436
f 3412 3414 3437
f 3437 3414 3409
f 3438 3411 3412
f 3438 3406 3411
f 3412 3413 3414
f 3388 3360 3389
f 3389 3362 3439
f 3305 3389 3439
f 3305 3439 3307
f 3307 3439 3440
f 3307 3440 3321
f 3321 3440 3441
f 3321 3441 3442
f 3336 3360 3388
f 3389 3360 3362
f 3439 3362 3365
f 3439 3365 3440
f 3363 3365 3362
f 3440 3365 3443
f 3441 3443 3444
f 3440 3443 3441
f 3441 3445 3442
f 3441 3444 3445
f 3321 3442 3320
f 3320 3442 3323
f 3323 3442 3446
f 3322 3323 3447
f 3322 3447 3326
f 3445 3446 3442
f 3323 3446 3447
f 3447 3446 3448
f 3326 3449 3450
f 3326 3447 3449
f 3447 3448 3449
f 3449 3451 3450
f 3364 3443 3365
f 3364 3366 3443
f 3366 3444 3443
f 3366 3369 3444
f 3444 3369 3452
f 3445 3444 3452
f 3445 3452 3453
f 3445 3453 3446
f 3453 3452 3454
f 3453 3455 3448
f 3454 3368 3456
f 3452 3369 3367
f 3452 3367 3454
f 3454 3367 3368
f 3367 3194 3368
f 3453 3454 3455
f 3455 3454 3456
f 3456 3457 3458
f 3458 3457 3459
f 3455 3456 3458
f 3446 3453 3448
f 3449 3448 3460
f 3455 3460 3448
f 3451 3460 3461
f 3449 3460 3451
f 3450 3451 3462
f 3451 3463 3462
f 3455 3458 3460
f 3460 3458 3461
f 3458 3459 3461
f 3459 3408 3461
f 3461 3408 3463
f 3451 3461 3463
f 3407 3422 3463
f 3407 3463 3408
f 3324 3326 3325
f 3326 3450 3325
f 3325 3450 3464
f 3325 3464 3319
f 3319 3464 3416
f 3464 3450 3462
f 3464 3462 3421
f 3416 3464 3421
f 3417 3416 3421
f 3421 3462 3422
f 3463 3422 3462
f 3370 3372 3432
f 3370 3432 3371
f 3373 3371 3465
f 3371 3432 3465
f 3374 3368 3241
f 3456 3368 3374
f 3373 3457 3374
f 3432 3436 3465
f 3456 3374 3457
f 3373 3465 3457
f 3465 3459 3457
f 3465 3436 3459
f 3459 3436 3408
f 3466 3467 3468
f 3469 3470 3471
f 3472 3473 3474
f 3469 3472 3475
f 3469 3475 3470
f 3471 3470 3467
f 3472 3474 3475
f 3476 3471 3466
f 3476 3472 3469
f 3476 3469 3471
f 3476 3466 3477
f 3476 3477 3478
f 3476 3478 3479
f 3476 3479 3480
f 3476 3480 3481
f 3476 3481 3482
f 3476 3482 3483
f 3466 3468 3477
f 3477 3484 3478
f 3478 3485 3479
f 3479 3485 3486
f 3477 3468 3484
f 3478 3484 3485
f 3479 3486 3480
f 3480 3487 3481
f 3480 3486 3487
f 3481 3487 3488
f 3482 3488 3489
f 3466 3471 3467
f 3481 3488 3482
f 3482 3489 3483
f 3476 3490 3473
f 3476 3491 3490
f 3476 3492 3491
f 3473 3490 3493
f 3490 3491 3494
f 3491 3492 3495
f 3473 3493 3474
f 3490 3494 3493
f 3491 3495 3494
f 3492 3496 3497
f 3498 3499 3102
f 3496 3498 3500
f 3492 3497 3495
f 3496 3500 3497
f 3498 3106 3500
f 3498 3105 3106
f 3498 3102 3104
f 3498 3104 3105
f 3476 3473 3472
f 3476 3496 3492
f 3476 3483 3501
f 3476 3501 3502
f 3476 3502 3503
f 3476 3503 3504
f 3476 3504 3505
f 3476 3505 3506
f 3476 3498 3496
f 3476 3499 3498
f 3476 3507 3499
f 3476 3508 3507
f 3476 3509 3508
f 3476 3510 3509
f 3476 3511 3510
f 3476 3512 3513
f 3476 3513 3514
f 3476 3506 3512
f 3476 3514 3511
f 3512 3515 3513
f 3499 3099 3098
f 3499 3098 3103
f 3499 3100 3099
f 3499 3101 3100
f 3499 3108 3101
f 3499 3103 3102
f 3499 3507 3108
f 3507 3508 3112
f 3507 3109 3108
f 3507 3112 3111
f 3507 3111 3109
f 3508 3115 3112
f 3508 3509 3516
f 3509 3510 3517
f 3508 3113 3115
f 3508 3116 3113
f 3508 3117 3116
f 3508 3119 3117
f 3508 3516 3119
f 3509 3517 3516
f 3514 3518 3511
f 3510 3511 3519
f 3514 3513 3520
f 3514 3520 3518
f 3510 3519 3517
f 3511 3518 3519
f 3467 3470 3521
f 3468 3467 3522
f 3474 3523 3475
f 3470 3475 3524
f 3484 3525 3485
f 3468 3526 3484
f 3485 3527 3486
f 3486 3528 3487
f 3487 3529 3488
f 3474 3493 3530
f 3493 3494 3531
f 3494 3495 3532
f 3495 3497 3533
f 3497 3500 3534
f 3468 3522 3526
f 3467 3521 3522
f 3475 3523 3524
f 3474 3530 3523
f 3470 3524 3521
f 3521 3535 3522
f 3526 3522 3536
f 3524 3523 3537
f 3521 3524 3538
f 3484 3526 3525
f 3485 3525 3527
f 3486 3527 3528
f 3487 3528 3529
f 3488 3529 3539
f 3525 3540 3527
f 3526 3541 3525
f 3527 3542 3528
f 3528 3543 3529
f 3529 3544 3539
f 3493 3531 3530
f 3494 3532 3531
f 3495 3533 3532
f 3497 3534 3533
f 3523 3530 3545
f 3530 3531 3546
f 3531 3532 3547
f 3532 3533 3548
f 3500 3107 3243
f 3500 3106 3107
f 3500 3243 3244
f 3500 3244 3245
f 3500 3245 3534
f 3534 3245 3246
f 3534 3246 3247
f 3534 3247 3248
f 3516 3120 3119
f 3516 3121 3120
f 3516 3271 3121
f 3516 3272 3271
f 3516 3273 3272
f 3517 3519 3549
f 3518 3520 3550
f 3519 3518 3551
f 3516 3552 3273
f 3516 3517 3553
f 3552 3274 3273
f 3552 3275 3274
f 3534 3248 3249
f 3554 3249 3250
f 3554 3250 3251
f 3554 3251 3256
f 3554 3256 3260
f 3554 3260 3253
f 3554 3253 3261
f 3554 3261 3255
f 3554 3255 3262
f 3555 3262 3263
f 3555 3263 3264
f 3556 3264 3267
f 3534 3249 3554
f 3554 3262 3555
f 3555 3264 3556
f 3533 3534 3557
f 3534 3554 3558
f 3554 3555 3559
f 3555 3556 3560
f 3556 3265 3270
f 3556 3266 3265
f 3556 3267 3266
f 3518 3550 3551
f 3519 3551 3549
f 3552 3276 3275
f 3552 3258 3276
f 3552 3259 3257
f 3552 3257 3258
f 3552 3270 3269
f 3552 3269 3259
f 3516 3553 3552
f 3556 3270 3552
f 3517 3549 3553
f 3551 3561 3549
f 3556 3552 3562
f 3552 3553 3563
f 3553 3549 3564
f 3526 3536 3541
f 3522 3535 3536
f 3524 3537 3538
f 3523 3545 3537
f 3521 3538 3535
f 3541 3536 3565
f 3535 3538 3566
f 3536 3535 3567
f 3537 3568 3538
f 3525 3541 3540
f 3527 3540 3542
f 3528 3542 3543
f 3529 3543 3544
f 3544 3569 3539
f 3540 3570 3542
f 3542 3571 3543
f 3541 3572 3540
f 3543 3573 3544
f 3544 3574 3569
f 3569 3575 3576
f 3530 3546 3545
f 3531 3547 3546
f 3532 3548 3547
f 3533 3557 3548
f 3537 3545 3577
f 3545 3546 3578
f 3546 3547 3579
f 3547 3548 3580
f 3548 3557 3581
f 3535 3566 3567
f 3536 3567 3565
f 3538 3568 3566
f 3565 3567 3582
f 3567 3566 3583
f 3566 3568 3584
f 3567 3583 3582
f 3540 3572 3570
f 3541 3565 3572
f 3542 3570 3571
f 3543 3571 3573
f 3544 3573 3574
f 3569 3574 3575
f 3575 3585 3576
f 3571 3586 3573
f 3572 3587 3570
f 3565 3588 3572
f 3570 3589 3571
f 3572 3588 3587
f 3570 3587 3589
f 3571 3589 3586
f 3573 3586 3590
f 3565 3582 3588
f 3587 3591 3589
f 3589 3591 3586
f 3586 3591 3590
f 3590 3591 3592
f 3573 3590 3574
f 3574 3592 3575
f 3575 3593 3585
f 3585 3594 3595
f 3574 3590 3592
f 3575 3592 3593
f 3592 3591 3593
f 3585 3593 3594
f 3594 3596 3595
f 3596 3597 3598
f 3537 3577 3568
f 3545 3578 3577
f 3546 3579 3578
f 3547 3580 3579
f 3548 3581 3580
f 3557 3599 3581
f 3568 3577 3600
f 3577 3578 3601
f 3578 3579 3602
f 3566 3584 3583
f 3568 3600 3584
f 3577 3601 3600
f 3578 3602 3601
f 3579 3580 3603
f 3580 3581 3604
f 3581 3599 3605
f 3579 3603 3602
f 3580 3604 3603
f 3581 3605 3604
f 3582 3591 3588
f 3582 3583 3591
f 3583 3584 3591
f 3600 3591 3584
f 3587 3588 3591
f 3600 3601 3591
f 3601 3602 3591
f 3602 3603 3591
f 3591 3603 3604
f 3593 3591 3594
f 3594 3591 3596
f 3596 3591 3597
f 3591 3606 3597
f 3591 3607 3606
f 3597 3606 3608
f 3606 3607 3609
f 3591 3610 3607
f 3591 3611 3610
f 3591 3612 3611
f 3591 3613 3612
f 3607 3610 3614
f 3610 3611 3615
f 3616 3599 3617
f 3591 3604 3605
f 3591 3605 3616
f 3591 3616 3618
f 3591 3618 3619
f 3591 3619 3620
f 3591 3620 3621
f 3605 3599 3616
f 3616 3617 3618
f 3618 3622 3619
f 3619 3623 3620
f 3620 3624 3621
f 3612 3625 3626
f 3613 3627 3625
f 3628 3629 3627
f 3591 3628 3613
f 3591 3621 3630
f 3591 3630 3628
f 3611 3612 3626
f 3612 3613 3625
f 3628 3630 3629
f 3621 3631 3630
f 3628 3627 3613
f 3534 3558 3557
f 3554 3559 3558
f 3555 3560 3559
f 3557 3558 3599
f 3558 3559 3617
f 3556 3562 3560
f 3549 3561 3564
f 3551 3632 3561
f 3552 3563 3562
f 3553 3564 3563
f 3559 3560 3622
f 3560 3562 3623
f 3562 3563 3624
f 3561 3632 3627
f 3564 3631 3563
f 3564 3561 3629
f 3558 3617 3599
f 3559 3622 3617
f 3560 3623 3622
f 3562 3624 3623
f 3627 3632 3625
f 3561 3627 3629
f 3563 3631 3624
f 3564 3629 3631
f 3618 3617 3622
f 3619 3622 3623
f 3620 3623 3624
f 3621 3624 3631
f 3630 3631 3629
f 3483 3633 3501
f 3501 3634 3502
f 3483 3489 3633
f 3501 3633 3634
f 3502 3634 3635
f 3502 3635 3503
f 3503 3636 3504
f 3504 3637 3505
f 3503 3635 3636
f 3504 3636 3637
f 3506 3505 3638
f 3506 3639 3512
f 3506 3638 3639
f 3505 3637 3638
f 3512 3639 3515
f 3513 3515 3520
f 3488 3539 3489
f 3489 3640 3633
f 3633 3641 3634
f 3634 3642 3635
f 3635 3643 3636
f 3636 3644 3637
f 3637 3645 3638
f 3638 3646 3639
f 3639 3647 3515
f 3489 3539 3640
f 3633 3640 3641
f 3634 3641 3642
f 3635 3642 3643
f 3569 3640 3539
f 3640 3576 3641
f 3641 3648 3642
f 3642 3649 3643
f 3636 3643 3644
f 3637 3644 3645
f 3638 3645 3646
f 3639 3646 3647
f 3643 3650 3644
f 3644 3651 3645
f 3645 3652 3646
f 3646 3653 3647
f 3647 3654 3655
f 3515 3655 3520
f 3520 3655 3550
f 3515 3647 3655
f 3655 3656 3550
f 3551 3550 3632
f 3569 3576 3640
f 3641 3576 3648
f 3642 3648 3649
f 3643 3649 3650
f 3585 3648 3576
f 3648 3595 3649
f 3649 3598 3650
f 3644 3650 3651
f 3645 3651 3652
f 3646 3652 3653
f 3647 3653 3654
f 3650 3608 3651
f 3651 3609 3652
f 3652 3614 3653
f 3653 3615 3654
f 3654 3626 3656
f 3585 3595 3648
f 3649 3595 3598
f 3650 3598 3608
f 3596 3598 3595
f 3597 3608 3598
f 3651 3608 3609
f 3652 3609 3614
f 3654 3615 3626
f 3653 3614 3615
f 3656 3626 3625
f 3606 3609 3608
f 3607 3614 3609
f 3610 3615 3614
f 3611 3626 3615
f 3550 3656 3632
f 3655 3654 3656
f 3656 3625 3632
f 3657 3658 3659
f 3660 3659 3661
f 3662 3663 3664
f 3662 3665 3663
f 3660 3666 3667
f 3657 3667 3668
f 3657 3668 3669
f 3657 3670 3671
f 3657 3669 3670
f 3672 3671 3673
f 3674 3673 3675
f 3674 3675 3676
f 3677 3678 3679
f 3677 3679 3680
f 3660 3681 3666
f 3677 3680 3681
f 3682 3678 3677
f 3677 3681 3660
f 3657 3660 3667
f 3682 3683 3684
f 3682 3684 3678
f 3682 3685 3683
f 3682 3664 3685
f 3657 3671 3672
f 3672 3673 3674
f 3674 3676 3686
f 3657 3672 3658
f 3672 3674 3687
f 3682 3688 3662
f 3657 3659 3660
f 3677 3660 3661
f 3682 3677 3689
f 3682 3662 3664
f 3662 3690 3665
f 3690 3691 3692
f 3693 3690 3662
f 3694 3691 3690
f 3695 3696 3691
f 3697 3674 3686
f 3672 3687 3658
f 3687 3674 3697
f 3697 3686 3698
f 3698 3699 3700
f 3698 3686 3699
f 3700 3699 3701
f 3700 3701 3702
f 3702 3701 3703
f 3702 3703 3704
f 3705 3706 3707
f 3708 3707 3709
f 3710 3711 3712
f 3713 3712 3706
f 3710 3714 3711
f 3715 3716 3714
f 3717 3718 3719
f 3705 3707 3708
f 3705 3713 3706
f 3708 3709 3717
f 3717 3720 3718
f 3718 3721 3722
f 3713 3710 3712
f 3718 3722 3723
f 3722 3724 3725
f 3705 3726 3713
f 3713 3727 3710
f 3710 3728 3729
f 3710 3727 3728
f 3710 3730 3714
f 3705 3731 3726
f 3708 3732 3733
f 3708 3734 3731
f 3708 3733 3734
f 3713 3726 3735
f 3713 3736 3727
f 3713 3735 3736
f 3717 3737 3738
f 3717 3738 3732
f 3705 3708 3731
f 3708 3717 3732
f 3717 3739 3740
f 3717 3719 3739
f 3718 3741 3719
f 3741 3718 3742
f 3718 3723 3742
f 3722 3743 3723
f 3717 3740 3737
f 3744 3710 3729
f 3710 3744 3730
f 3714 3730 3745
f 3714 3745 3746
f 3714 3746 3747
f 3715 3714 3747
f 3715 3748 3749
f 3749 3750 3751
f 3743 3722 3752
f 3722 3753 3752
f 3722 3725 3753
f 3724 3754 3755
f 3715 3747 3756
f 3715 3756 3757
f 3715 3757 3748
f 3749 3748 3758
f 3749 3758 3759
f 3749 3759 3760
f 3749 3760 3761
f 3749 3761 3750
f 3762 3751 3750
f 3751 3762 3763
f 3682 3689 3688
f 3688 3693 3662
f 3677 3661 3689
f 3693 3694 3690
f 3694 3695 3691
f 3695 3764 3696
f 3765 3764 3766
f 3658 3687 3707
f 3661 3711 3689
f 3689 3716 3688
f 3659 3658 3706
f 3661 3659 3712
f 3687 3697 3709
f 3697 3698 3720
f 3698 3700 3721
f 3661 3712 3711
f 3689 3711 3716
f 3659 3706 3712
f 3658 3707 3706
f 3687 3709 3707
f 3697 3720 3709
f 3688 3716 3767
f 3688 3767 3693
f 3693 3767 3768
f 3698 3721 3720
f 3700 3769 3721
f 3702 3770 3769
f 3694 3768 3771
f 3717 3709 3720
f 3718 3720 3721
f 3722 3721 3769
f 3769 3770 3724
f 3754 3770 3772
f 3700 3702 3769
f 3702 3704 3770
f 3704 3773 3772
f 3774 3773 3704
f 3773 3775 3776
f 3775 3777 3778
f 3693 3768 3694
f 3694 3771 3695
f 3695 3779 3764
f 3766 3780 3781
f 3704 3772 3770
f 3773 3776 3772
f 3782 3781 3783
f 3777 3783 3778
f 3775 3778 3776
f 3695 3771 3779
f 3764 3779 3780
f 3764 3780 3766
f 3782 3766 3781
f 3782 3783 3777
f 3714 3716 3711
f 3715 3767 3716
f 3767 3749 3768
f 3715 3749 3767
f 3768 3749 3751
f 3771 3751 3784
f 3768 3751 3771
f 3771 3784 3779
f 3779 3785 3780
f 3780 3786 3781
f 3722 3769 3724
f 3724 3770 3754
f 3787 3776 3788
f 3788 3776 3778
f 3787 3772 3776
f 3754 3772 3787
f 3780 3785 3786
f 3779 3784 3785
f 3786 3789 3781
f 3789 3790 3783
f 3788 3778 3790
f 3751 3763 3784
f 3784 3791 3785
f 3786 3785 3792
f 3754 3787 3793
f 3787 3794 3793
f 3787 3795 3794
f 3787 3796 3795
f 3788 3797 3798
f 3788 3798 3796
f 3790 3799 3800
f 3790 3800 3797
f 3787 3788 3796
f 3788 3790 3797
f 3786 3801 3789
f 3789 3802 3790
f 3790 3802 3799
f 3784 3763 3803
f 3804 3784 3803
f 3784 3804 3791
f 3785 3791 3805
f 3785 3805 3806
f 3785 3806 3792
f 3786 3807 3801
f 3789 3801 3808
f 3789 3808 3809
f 3786 3810 3807
f 3786 3792 3810
f 3789 3811 3802
f 3789 3809 3812
f 3789 3812 3811
f 3789 3783 3781
f 3790 3778 3783
f 3724 3813 3725
f 3724 3814 3813
f 3724 3755 3814
f 3754 3815 3755
f 3815 3754 3816
f 3754 3793 3816
f 3690 3817 3665
f 3690 3692 3817
f 3691 3818 3692
f 3691 3819 3818
f 3691 3820 3819
f 3691 3821 3820
f 3696 3822 3821
f 3696 3823 3822
f 3765 3824 3823
f 3765 3825 3824
f 3686 3676 3826
f 3686 3826 3827
f 3699 3827 3828
f 3699 3828 3829
f 3701 3829 3830
f 3686 3827 3699
f 3699 3829 3701
f 3701 3831 3703
f 3701 3830 3831
f 3703 3832 3833
f 3703 3831 3832
f 3765 3834 3825
f 3835 3836 3834
f 3837 3838 3839
f 3774 3840 3841
f 3774 3842 3843
f 3774 3843 3844
f 3774 3841 3845
f 3774 3845 3842
f 3846 3847 3848
f 3846 3844 3847
f 3838 3837 3848
f 3835 3849 3836
f 3835 3850 3849
f 3851 3852 3850
f 3851 3839 3852
f 3703 3833 3840
f 3703 3840 3774
f 3846 3774 3844
f 3691 3696 3821
f 3696 3765 3823
f 3846 3773 3774
f 3696 3764 3765
f 3765 3766 3835
f 3846 3837 3775
f 3835 3782 3851
f 3851 3777 3837
f 3765 3835 3834
f 3835 3851 3850
f 3846 3848 3837
f 3851 3837 3839
f 3703 3774 3704
f 3851 3782 3777
f 3835 3766 3782
f 3846 3775 3773
f 3837 3777 3775
f 3853 3854 3855
f 3853 3856 3857
f 3856 3858 3857
f 3853 3859 3856
f 3853 3855 3859
f 3856 3859 3860
f 3861 3855 3854
f 3855 3862 3863
f 3859 3855 3863
f 3859 3863 3864
f 3861 3862 3855
f 3862 3865 3863
f 3866 3867 3868
f 3867 3869 3870
f 3871 3869 3872
f 3867 3870 3868
f 3871 3870 3869
f 3873 3872 3874
f 3875 3873 3874
f 3871 3872 3873
f 3876 3877 3878
f 3879 3880 3881
f 3879 3881 3882
f 3883 3884 3885
f 3886 3857 3887
f 3886 3887 3884
f 3858 3887 3857
f 3883 3886 3884
f 3883 3876 3878
f 3876 3879 3877
f 3879 3888 3877
f 3876 3880 3879
f 3883 3885 3876
f 3876 3885 3880
f 3874 3888 3889
f 3879 3882 3888
f 3888 3882 3889
f 3889 3890 3891
f 3889 3882 3892
f 3889 3892 3890
f 3891 3890 3893
f 3893 3890 3894
f 3883 3878 3895
f 3895 3896 3886
f 3867 3878 3869
f 3869 3877 3872
f 3872 3877 3888
f 3869 3878 3877
f 3867 3895 3878
f 3866 3895 3867
f 3866 3854 3896
f 3853 3896 3854
f 3866 3896 3895
f 3896 3857 3886
f 3883 3895 3886
f 3853 3857 3896
f 3874 3872 3888
f 3875 3874 3891
f 3874 3889 3891
f 3875 3891 3897
f 3897 3891 3893
f 3897 3893 3898
f 3871 3873 3899
f 3875 3897 3899
f 3875 3899 3873
f 3898 3893 3900
f 3898 3900 3901
f 3897 3898 3899
f 3898 3901 3899
f 3866 3868 3902
f 3866 3902 3854
f 3861 3854 3902
f 3861 3902 3899
f 3871 3899 3870
f 3868 3870 3899
f 3868 3899 3902
f 3861 3899 3862
f 3903 3904 3905
f 3906 3907 3905
f 3908 3909 3910
f 3911 3908 3910
f 3911 3912 3913
f 3906 3909 3907
f 3906 3905 3904
f 3908 3907 3909
f 3903 3740 3739
f 3903 3739 3719
f 3913 3914 3915
f 3913 3915 3745
f 3915 3746 3745
f 3915 3747 3746
f 3915 3916 3747
f 3916 3756 3747
f 3916 3757 3756
f 3916 3917 3757
f 3911 3727 3736
f 3911 3729 3728
f 3911 3728 3727
f 3908 3736 3735
f 3908 3735 3726
f 3908 3726 3731
f 3908 3731 3907
f 3911 3736 3908
f 3905 3733 3732
f 3907 3731 3734
f 3907 3734 3733
f 3907 3733 3905
f 3903 3905 3737
f 3905 3732 3738
f 3905 3738 3737
f 3903 3737 3740
f 3911 3913 3729
f 3913 3744 3729
f 3913 3730 3744
f 3913 3745 3730
f 3917 3748 3757
f 3917 3758 3748
f 3917 3759 3758
f 3917 3918 3759
f 3918 3760 3759
f 3918 3761 3760
f 3918 3750 3761
f 3919 3762 3750
f 3919 3763 3762
f 3919 3803 3763
f 3920 3804 3803
f 3920 3791 3804
f 3921 3791 3920
f 3921 3805 3791
f 3921 3806 3805
f 3921 3792 3806
f 3921 3922 3792
f 3923 3808 3801
f 3923 3809 3808
f 3924 3812 3809
f 3924 3802 3811
f 3924 3811 3812
f 3923 3924 3809
f 3922 3810 3792
f 3922 3801 3807
f 3922 3807 3810
f 3923 3801 3922
f 3925 3926 3927
f 3906 3904 3928
f 3925 3927 3904
f 3925 3929 3926
f 3930 3926 3929
f 3925 3931 3929
f 3903 3925 3904
f 3903 3931 3925
f 3930 3929 3932
f 3930 3932 3933
f 3933 3932 3934
f 3933 3934 3935
f 3903 3719 3931
f 3931 3719 3741
f 3931 3742 3936
f 3931 3741 3742
f 3936 3742 3723
f 3936 3723 3743
f 3936 3743 3752
f 3936 3752 3937
f 3937 3752 3753
f 3937 3753 3725
f 3929 3931 3936
f 3929 3936 3932
f 3932 3936 3937
f 3932 3937 3934
f 3934 3937 3938
f 3934 3938 3939
f 3935 3934 3939
f 3935 3939 3940
f 3939 3941 3940
f 3937 3725 3813
f 3937 3813 3938
f 3938 3813 3814
f 3938 3814 3755
f 3938 3755 3815
f 3938 3815 3942
f 3939 3938 3942
f 3939 3942 3941
f 3942 3815 3816
f 3942 3816 3793
f 3942 3793 3943
f 3943 3793 3794
f 3943 3794 3795
f 3942 3943 3941
f 3941 3943 3944
f 3941 3945 3940
f 3941 3944 3945
f 3943 3795 3946
f 3946 3796 3798
f 3946 3798 3797
f 3947 3800 3799
f 3947 3797 3800
f 3946 3795 3796
f 3947 3946 3797
f 3947 3799 3802
f 3944 3943 3946
f 3924 3947 3802
f 3924 3948 3947
f 3947 3949 3946
f 3923 3950 3924
f 3924 3950 3948
f 3944 3946 3949
f 3947 3948 3949
f 3951 3952 3910
f 3953 3951 3909
f 3858 3953 3887
f 3858 3951 3953
f 3858 3954 3951
f 3954 3952 3951
f 3954 3955 3952
f 3952 3955 3956
f 3906 3953 3909
f 3951 3910 3909
f 3952 3956 3912
f 3952 3912 3910
f 3911 3910 3912
f 3913 3912 3914
f 3956 3914 3912
f 3914 3957 3958
f 3955 3959 3956
f 3956 3959 3957
f 3956 3957 3914
f 3954 3860 3955
f 3856 3954 3858
f 3856 3860 3954
f 3860 3960 3955
f 3955 3960 3959
f 3860 3864 3960
f 3859 3864 3860
f 3864 3961 3960
f 3960 3962 3959
f 3957 3959 3963
f 3959 3962 3963
f 3960 3961 3962
f 3963 3962 3964
f 3962 3961 3965
f 3915 3914 3958
f 3915 3958 3916
f 3916 3958 3966
f 3916 3966 3917
f 3957 3967 3958
f 3958 3967 3966
f 3957 3963 3967
f 3967 3968 3966
f 3966 3968 3969
f 3967 3970 3968
f 3917 3969 3918
f 3917 3966 3969
f 3969 3971 3918
f 3918 3919 3750
f 3918 3971 3919
f 3919 3920 3803
f 3971 3972 3919
f 3969 3968 3973
f 3969 3973 3971
f 3971 3974 3972
f 3971 3973 3974
f 3963 3970 3967
f 3963 3964 3970
f 3968 3970 3975
f 3970 3976 3975
f 3962 3965 3964
f 3970 3964 3976
f 3964 3977 3976
f 3968 3975 3973
f 3973 3978 3974
f 3973 3975 3978
f 3974 3978 3979
f 3975 3980 3978
f 3976 3980 3975
f 3976 3981 3980
f 3864 3863 3982
f 3864 3982 3961
f 3863 3865 3982
f 3982 3865 3983
f 3982 3984 3961
f 3961 3984 3965
f 3982 3983 3984
f 3965 3977 3964
f 3965 3984 3985
f 3965 3985 3977
f 3976 3977 3981
f 3919 3972 3920
f 3921 3920 3986
f 3921 3987 3922
f 3923 3922 3988
f 3921 3986 3987
f 3922 3987 3988
f 3972 3986 3920
f 3987 3986 3989
f 3972 3990 3986
f 3972 3974 3990
f 3986 3990 3989
f 3974 3979 3990
f 3885 3927 3926
f 3887 3928 3884
f 3884 3928 3927
f 3953 3928 3887
f 3885 3884 3927
f 3904 3927 3928
f 3906 3928 3953
f 3885 3926 3880
f 3881 3991 3882
f 3930 3880 3926
f 3930 3881 3880
f 3930 3933 3881
f 3933 3991 3881
f 3933 3935 3991
f 3935 3992 3991
f 3882 3991 3892
f 3892 3991 3992
f 3890 3892 3993
f 3890 3993 3894
f 3893 3894 3900
f 3894 3994 3900
f 3892 3992 3993
f 3993 3992 3995
f 3993 3995 3996
f 3894 3993 3996
f 3994 3996 3997
f 3894 3996 3994
f 3900 3998 3901
f 3900 3994 3998
f 3901 3999 3899
f 3998 4000 3999
f 3994 4001 3998
f 3998 4001 4000
f 3999 4002 3899
f 3899 331 330
f 3899 344 331
f 3899 330 332
f 4002 344 3899
f 3935 3940 3992
f 3992 3940 3995
f 3940 3945 3995
f 3945 4003 3995
f 3945 4004 4003
f 4003 4004 4005
f 3944 4004 3945
f 3944 3949 4004
f 3949 4006 4004
f 4004 4006 4005
f 4006 4007 4005
f 4007 4008 4009
f 3996 3995 4003
f 3996 4003 3997
f 3997 4003 4005
f 3997 4010 4001
f 3994 3997 4001
f 4001 4010 4011
f 3997 4005 4010
f 4011 4010 4009
f 4007 4010 4005
f 4007 4009 4010
f 4008 4012 4009
f 3978 4013 3979
f 3978 3980 4013
f 3980 3981 4014
f 3980 4014 4013
f 4013 4014 4015
f 4015 4016 4017
f 4000 4001 4011
f 4000 4018 4002
f 4000 4011 4018
f 4011 4009 4019
f 4009 4012 4019
f 4019 4012 4020
f 4021 4022 4020
f 4019 4020 4023
f 4018 4011 4019
f 4018 4019 4023
f 4020 4022 4024
f 4023 4020 4024
f 4017 4025 4022
f 4017 4016 4025
f 4022 4025 4024
f 4025 390 4024
f 4018 4023 356
f 4023 335 356
f 4023 336 335
f 4023 337 336
f 4023 4024 337
f 4024 338 337
f 4024 390 389
f 4024 388 338
f 4024 389 388
f 3998 3999 3901
f 4000 4002 3999
f 4002 345 344
f 4002 4018 345
f 4018 354 345
f 4018 355 354
f 4018 356 355
f 3862 3899 3865
f 3865 3899 3983
f 3899 4026 3983
f 3984 3983 4026
f 3899 333 378
f 3899 332 333
f 3977 3985 4027
f 3984 4026 3985
f 3985 4026 4028
f 3899 4028 4026
f 3899 4029 4028
f 3899 4030 4029
f 3977 4027 3981
f 3981 4031 4014
f 3981 4027 4031
f 4015 4014 4032
f 4015 4032 4016
f 4031 4032 4014
f 4031 4030 4032
f 4016 4032 4033
f 3985 4028 4027
f 4027 4028 4029
f 4031 4027 4029
f 4031 4029 4030
f 4030 4033 4032
f 3899 378 379
f 3899 379 376
f 3899 376 375
f 3899 381 4033
f 3899 4033 4030
f 3899 375 381
f 4025 4016 387
f 4025 387 386
f 4025 386 385
f 4025 385 384
f 4025 384 390
f 4016 4033 387
f 4033 381 382
f 4033 382 387
f 3923 3988 3950
f 3949 3948 4006
f 3950 4034 3948
f 3988 4035 3950
f 3987 4036 3988
f 3988 4036 4035
f 3950 4035 4034
f 3948 4034 4006
f 4006 4034 4007
f 3987 3989 4036
f 4036 4037 4035
f 4036 3989 4038
f 3990 4039 3989
f 4036 4038 4037
f 3989 4039 4038
f 4034 4035 4008
f 4035 4037 4008
f 4034 4008 4007
f 4037 4012 4008
f 3990 3979 4039
f 4038 4039 4040
f 3979 4041 4039
f 3979 4013 4041
f 4039 4041 4040
f 4038 4021 4037
f 4038 4040 4021
f 4037 4021 4012
f 4021 4040 4022
f 4013 4015 4041
f 4040 4041 4017
f 4041 4015 4017
f 4040 4017 4022
f 4021 4020 4012
f 4042 4043 4044
f 4045 4046 4044
f 4045 4047 4048
f 4049 4043 4042
f 4046 4042 4044
f 4045 4048 4046
f 4047 4050 4051
f 4050 4052 4053
f 4047 4051 4048
f 4050 4053 4051
f 4052 4054 4053
f 4052 4055 4054
f 4055 4056 4057
f 4058 4056 4059
f 4055 4057 4054
f 4057 4056 4058
f 4058 4059 4060
f 4049 4061 4062
f 4049 4042 4063
f 4046 4064 4042
f 4046 4048 4065
f 4048 4051 4066
f 4051 4053 4067
f 4053 4054 4068
f 4054 4057 4069
f 4061 4070 4062
f 4049 4063 4061
f 4042 4064 4063
f 4046 4065 4064
f 4063 4071 4061
f 4061 4072 4070
f 4063 4064 4073
f 4065 4074 4064
f 4051 4067 4066
f 4048 4066 4065
f 4053 4068 4067
f 4054 4069 4068
f 4057 4075 4069
f 4065 4066 4076
f 4066 4067 4077
f 4067 4068 4078
f 4068 4069 4079
f 4057 4058 4075
f 4058 4060 4080
f 4058 4080 4075
f 4060 4081 4080
f 4069 4075 4082
f 4075 4080 4083
f 4072 4084 4070
f 4061 4071 4072
f 4063 4073 4071
f 4064 4074 4073
f 4072 4085 4084
f 4071 4073 4086
f 4072 4071 4087
f 4073 4074 4088
f 4065 4076 4074
f 4066 4077 4076
f 4067 4078 4077
f 4068 4079 4078
f 4069 4082 4079
f 4074 4076 4089
f 4076 4077 4090
f 4077 4078 4091
f 4078 4079 4092
f 4079 4082 4093
f 4072 4087 4085
f 4071 4086 4087
f 4073 4088 4086
f 4087 4086 4094
f 4074 4089 4088
f 4076 4090 4089
f 4077 4091 4090
f 4078 4092 4091
f 4079 4093 4092
f 4082 4095 4093
f 4086 4088 4096
f 4088 4089 4097
f 4089 4090 4098
f 4090 4091 4099
f 4091 4092 4100
f 4075 4083 4082
f 4080 4101 4083
f 4082 4083 4095
f 4102 4044 4043
f 4102 4043 4103
f 4102 4104 4105
f 4102 4103 4104
f 4102 4105 4106
f 4102 4106 4107
f 4102 4107 4108
f 4102 4108 4109
f 4102 4109 4110
f 4102 4110 4111
f 4103 4062 4104
f 4104 4112 4105
f 4105 4113 4106
f 4104 4062 4112
f 4049 4062 4103
f 4105 4112 4113
f 4106 4114 4107
f 4107 4115 4108
f 4106 4113 4114
f 4107 4114 4115
f 4108 4115 4116
f 4049 4103 4043
f 4108 4116 4109
f 4109 4116 4117
f 4109 4117 4110
f 4110 4118 4111
f 4111 4119 4120
f 4110 4117 4118
f 4111 4118 4119
f 4120 4119 4121
f 4102 4045 4044
f 4102 4047 4045
f 4102 4050 4047
f 4102 4052 4050
f 4102 4055 4052
f 4102 4056 4055
f 4102 4111 4120
f 4102 4122 4123
f 4102 4059 4056
f 4102 4124 4059
f 4102 4125 4124
f 4102 4126 4125
f 4102 4123 4127
f 4102 4128 4129
f 4102 4127 4128
f 4102 4130 4126
f 4102 4131 4130
f 4102 4132 4131
f 4102 4129 4132
f 4060 4059 4124
f 4102 4120 4133
f 4102 4133 4134
f 4102 4134 4122
f 4120 4121 4133
f 4133 4135 4134
f 4134 4136 4122
f 4133 4121 4135
f 4134 4135 4136
f 4122 4137 4123
f 4129 4128 3669
f 4127 4138 4128
f 4123 4139 4127
f 4122 4136 4137
f 4123 4137 4139
f 4127 4139 4138
f 4124 4125 4140
f 4125 4126 4141
f 4126 4130 4142
f 4060 4124 4140
f 4125 4141 4140
f 4126 4142 4141
f 4130 4131 4143
f 4129 3680 4132
f 4131 4132 3683
f 4132 3678 3684
f 4132 3680 3679
f 4129 3666 3681
f 4129 3681 3680
f 4132 3679 3678
f 4132 3684 3683
f 4130 4143 4142
f 4131 3663 4143
f 4131 3683 3685
f 4131 3685 3664
f 4131 3664 3663
f 4128 3670 3669
f 4129 3667 3666
f 4129 3668 3667
f 4129 3669 3668
f 4128 3673 3671
f 4128 3671 3670
f 4128 3675 3673
f 4128 4138 3675
f 4062 4070 4112
f 4112 4144 4113
f 4113 4145 4114
f 4114 4146 4115
f 4115 4147 4116
f 4116 4148 4117
f 4117 4149 4118
f 4118 4150 4119
f 4119 4151 4121
f 4121 4152 4135
f 4135 4153 4136
f 4136 4154 4137
f 4139 4155 4138
f 4139 4137 4156
f 4112 4070 4144
f 4113 4144 4145
f 4114 4145 4146
f 4115 4146 4147
f 4116 4147 4148
f 4144 4070 4084
f 4144 4157 4145
f 4145 4158 4146
f 4146 4159 4147
f 4147 4160 4148
f 4117 4148 4149
f 4118 4149 4150
f 4119 4150 4151
f 4121 4151 4152
f 4148 4161 4149
f 4149 4162 4150
f 4150 4163 4151
f 4151 4164 4152
f 4152 4165 4153
f 4135 4152 4153
f 4136 4153 4154
f 4137 4154 4156
f 4139 4156 4155
f 4153 4166 4154
f 4154 4167 4156
f 4156 4168 4155
f 4155 4169 4170
f 4143 3692 3818
f 4143 3663 3665
f 4143 3665 3817
f 4143 3817 3692
f 4143 3818 3819
f 4143 3819 3820
f 4060 4140 4081
f 4140 4141 4171
f 4141 4142 4172
f 4142 4143 4173
f 4143 3820 4173
f 4173 3820 3821
f 4173 3821 3822
f 4173 3822 3823
f 4138 3676 3675
f 4138 3826 3676
f 4138 3827 3826
f 4138 3828 3827
f 4138 4170 3828
f 4170 3829 3828
f 4170 3830 3829
f 4140 4171 4081
f 4174 3836 3849
f 4174 3849 3850
f 4174 3850 3852
f 4141 4172 4171
f 4142 4173 4172
f 4173 3823 3824
f 4174 3824 3825
f 4174 3825 3834
f 4174 3834 3836
f 4173 3824 4174
f 4080 4081 4101
f 4081 4171 4175
f 4171 4172 4176
f 4172 4173 4177
f 4173 4174 4178
f 4170 3831 3830
f 4138 4155 4170
f 4170 3832 3831
f 4170 3833 3832
f 4170 3840 3833
f 4170 3841 3840
f 4170 3845 3841
f 4179 3847 3844
f 4179 3848 3847
f 4180 3838 3848
f 4174 3839 3838
f 4174 3852 3839
f 4179 3842 3845
f 4179 3843 3842
f 4179 3844 3843
f 4170 4179 3845
f 4180 3848 4179
f 4174 3838 4180
f 4170 4181 4179
f 4180 4179 4182
f 4174 4180 4183
f 4144 4084 4157
f 4145 4157 4158
f 4146 4158 4159
f 4147 4159 4160
f 4148 4160 4161
f 4157 4184 4158
f 4158 4185 4159
f 4084 4186 4157
f 4159 4187 4160
f 4160 4188 4161
f 4149 4161 4162
f 4150 4162 4163
f 4151 4163 4164
f 4152 4164 4165
f 4161 4189 4162
f 4162 4190 4163
f 4163 4191 4164
f 4164 4192 4165
f 4153 4165 4166
f 4154 4166 4167
f 4170 4169 4181
f 4156 4167 4168
f 4155 4168 4169
f 4165 4193 4166
f 4166 4194 4167
f 4167 4195 4168
f 4168 4196 4169
f 4169 4197 4181
f 4157 4186 4184
f 4084 4085 4186
f 4158 4184 4185
f 4159 4185 4187
f 4160 4187 4188
f 4161 4188 4189
f 4186 4085 4198
f 4186 4199 4184
f 4185 4184 4200
f 4087 4201 4085
f 4184 4199 4200
f 4186 4198 4199
f 4185 4200 4202
f 4085 4201 4198
f 4087 4094 4201
f 4199 4203 4200
f 4185 4202 4187
f 4187 4204 4188
f 4188 4205 4189
f 4189 4206 4190
f 4187 4202 4204
f 4188 4204 4205
f 4189 4205 4206
f 4200 4203 4202
f 4202 4203 4204
f 4204 4203 4205
f 4205 4203 4206
f 4206 4207 4190
f 4207 4208 4191
f 4162 4189 4190
f 4163 4190 4191
f 4164 4191 4192
f 4165 4192 4193
f 4207 4191 4190
f 4208 4192 4191
f 4192 4209 4193
f 4208 4209 4192
f 4086 4096 4094
f 4088 4097 4096
f 4201 4203 4198
f 4201 4094 4203
f 4199 4198 4203
f 4094 4096 4203
f 4096 4097 4203
f 4089 4098 4097
f 4090 4099 4098
f 4097 4098 4203
f 4098 4099 4203
f 4099 4100 4203
f 4203 4100 4210
f 4206 4203 4207
f 4207 4203 4208
f 4208 4203 4209
f 4209 4203 4211
f 4211 4203 4212
f 4203 4213 4212
f 4203 4214 4213
f 4203 4215 4214
f 4203 4216 4215
f 4092 4093 4210
f 4093 4095 4217
f 4218 4095 4219
f 4091 4100 4099
f 4092 4210 4100
f 4093 4217 4210
f 4203 4210 4217
f 4203 4217 4218
f 4203 4218 4220
f 4217 4095 4218
f 4218 4219 4220
f 4220 4221 4222
f 4223 4224 4225
f 4203 4226 4223
f 4203 4227 4226
f 4203 4220 4222
f 4203 4222 4228
f 4203 4228 4227
f 4203 4223 4216
f 4222 4229 4228
f 4228 4230 4227
f 4216 4223 4225
f 4223 4226 4224
f 4226 4227 4231
f 4166 4193 4194
f 4167 4194 4195
f 4168 4195 4196
f 4169 4196 4197
f 4181 4197 4232
f 4211 4194 4193
f 4194 4212 4195
f 4195 4213 4196
f 4209 4211 4193
f 4211 4212 4194
f 4195 4212 4213
f 4196 4213 4214
f 4196 4214 4197
f 4215 4232 4197
f 4216 4225 4232
f 4215 4197 4214
f 4215 4216 4232
f 4081 4175 4101
f 4171 4176 4175
f 4174 4183 4178
f 4172 4177 4176
f 4173 4178 4177
f 4083 4101 4219
f 4101 4175 4221
f 4175 4176 4229
f 4176 4177 4230
f 4178 4231 4177
f 4179 4181 4182
f 4180 4182 4183
f 4182 4225 4183
f 4181 4232 4182
f 4178 4183 4224
f 4083 4219 4095
f 4101 4221 4219
f 4175 4229 4221
f 4178 4224 4231
f 4176 4230 4229
f 4177 4231 4230
f 4220 4219 4221
f 4222 4221 4229
f 4228 4229 4230
f 4227 4230 4231
f 4226 4231 4224
f 4182 4232 4225
f 4183 4225 4224
f 4233 4234 4235
f 4233 4236 4237
f 4233 4238 4236
f 4239 4240 4241
f 4242 4241 4243
f 4242 4243 4244
f 4239 4245 4240
f 4233 4237 4245
f 4239 4241 4242
f 4239 4233 4245
f 4233 4246 4238
f 4242 4244 4247
f 4247 4248 4249
f 4239 4234 4233
f 4233 4235 4246
f 4239 4242 4250
f 4251 4242 4247
f 4250 4242 4251
f 4239 4250 4234
f 4251 4247 4252
f 4252 4249 4253
f 4252 4247 4249
f 4253 4254 4255
f 4253 4249 4254
f 4255 4254 4256
f 4257 4258 4259
f 4260 4261 4258
f 4260 4257 4262
f 4263 4257 4259
f 4260 4258 4257
f 4263 4264 4265
f 4265 4266 4267
f 4263 4268 4269
f 4263 4269 4270
f 4257 4270 4262
f 4263 4265 4271
f 4265 4272 4271
f 4272 4265 4273
f 4265 4274 4273
f 4263 4270 4257
f 4263 4275 4268
f 4263 4271 4275
f 4265 4267 4274
f 4267 4276 4274
f 4267 4277 4276
f 4278 4279 4277
f 4278 4280 4279
f 4267 4278 4277
f 4278 4281 4280
f 4281 4282 4280
f 4282 4281 4283
f 4281 4284 4283
f 4250 4251 4259
f 4250 4258 4234
f 4234 4261 4235
f 4251 4252 4264
f 4252 4253 4266
f 4251 4264 4259
f 4234 4258 4261
f 4250 4259 4258
f 4263 4259 4264
f 4265 4264 4266
f 4267 4266 4285
f 4252 4266 4264
f 4253 4285 4266
f 4255 4286 4285
f 4253 4255 4285
f 4255 4287 4286
f 4287 4288 4289
f 4255 4256 4287
f 4290 4288 4287
f 4288 4291 4292
f 4291 4293 4294
f 4287 4289 4286
f 4288 4292 4289
f 4291 4294 4292
f 4293 4295 4294
f 4267 4285 4278
f 4278 4286 4281
f 4285 4286 4278
f 4281 4286 4289
f 4281 4289 4296
f 4296 4289 4292
f 4297 4292 4294
f 4296 4292 4297
f 4297 4294 4298
f 4298 4295 4299
f 4281 4296 4284
f 4296 4300 4284
f 4297 4301 4300
f 4297 4302 4301
f 4298 4303 4302
f 4296 4297 4300
f 4297 4298 4302
f 4298 4299 4304
f 4298 4304 4303
f 4299 4305 4304
f 4299 4306 4305
f 4299 4307 4306
f 4298 4294 4295
f 4247 4244 4248
f 4249 4248 4308
f 4249 4308 4309
f 4254 4309 4310
f 4249 4309 4254
f 4254 4310 4256
f 4256 4310 4311
f 4256 4311 4312
f 4256 4312 4313
f 4256 4313 4290
f 4290 4314 4315
f 4315 4316 4317
f 4290 4313 4318
f 4290 4318 4319
f 4290 4319 4320
f 4290 4320 4321
f 4290 4321 4314
f 4315 4314 4316
f 4317 4316 4322
f 4256 4290 4287
f 4290 4315 4288
f 4315 4317 4291
f 4315 4291 4288
f 4317 4293 4291
f 4246 4235 4323
f 4246 4324 4238
f 4325 4326 4324
f 4325 4327 4326
f 4328 4329 4327
f 4328 4330 4329
f 4328 4331 4330
f 4332 4333 4331
f 4332 4334 4333
f 4246 4325 4324
f 4325 4328 4327
f 4328 4332 4331
f 4332 4335 4334
f 4335 4336 4337
f 4246 4323 4325
f 4325 4338 4328
f 4328 4339 4332
f 4325 4323 4338
f 4328 4338 4339
f 4339 4340 4332
f 4340 4341 4335
f 4340 4335 4332
f 4341 4336 4335
f 4341 4342 4336
f 4342 4343 4336
f 4342 4344 4343
f 4261 4345 4346
f 4347 4348 4346
f 4260 4262 4345
f 4260 4345 4261
f 4345 4347 4346
f 4347 4349 4348
f 4349 4350 4351
f 4345 4262 4352
f 4345 4352 4353
f 4345 4353 4354
f 4345 4354 4347
f 4347 4354 4355
f 4347 4355 4356
f 4347 4357 4349
f 4347 4356 4358
f 4347 4358 4357
f 4349 4357 4359
f 4349 4359 4350
f 4350 4359 4360
f 4361 4350 4360
f 4350 4361 4362
f 4363 4362 4364
f 4350 4362 4363
f 4363 4365 4366
f 4363 4364 4365
f 4366 4365 4367
f 4366 4367 4368
f 4235 4346 4323
f 4323 4348 4338
f 4338 4351 4339
f 4339 4369 4340
f 4235 4261 4346
f 4323 4346 4348
f 4338 4348 4351
f 4349 4351 4348
f 4350 4369 4351
f 4339 4351 4369
f 4340 4369 4370
f 4341 4370 4371
f 4340 4370 4341
f 4341 4371 4342
f 4342 4372 4344
f 4373 4344 4374
f 4375 4374 4376
f 4293 4375 4295
f 4344 4377 4374
f 4342 4371 4372
f 4374 4377 4376
f 4295 4375 4376
f 4344 4372 4377
f 4350 4363 4369
f 4369 4363 4370
f 4370 4363 4366
f 4366 4378 4371
f 4370 4366 4371
f 4378 4372 4371
f 4379 4376 4377
f 4380 4377 4372
f 4380 4379 4377
f 4378 4380 4372
f 4299 4376 4379
f 4380 4381 4382
f 4366 4368 4378
f 4378 4368 4383
f 4384 4378 4383
f 4378 4384 4381
f 4380 4382 4379
f 4299 4379 4385
f 4299 4385 4307
f 4379 4386 4385
f 4379 4387 4386
f 4379 4382 4387
f 4378 4381 4380
f 4299 4295 4376
f 4335 4337 4334
f 4336 4388 4337
f 4336 4389 4388
f 4336 4390 4389
f 4343 4391 4390
f 4336 4343 4390
f 4343 4373 4392
f 4393 4394 4395
f 4317 4396 4393
f 4343 4392 4391
f 4373 4397 4398
f 4373 4398 4392
f 4395 4399 4397
f 4373 4395 4397
f 4317 4322 4400
f 4393 4396 4401
f 4317 4400 4396
f 4395 4402 4399
f 4395 4394 4402
f 4393 4401 4394
f 4343 4344 4373
f 4373 4374 4395
f 4317 4393 4293
f 4393 4395 4375
f 4293 4393 4375
f 4395 4374 4375
f 4403 4404 4405
f 4404 4406 4405
f 4404 4407 4406
f 4407 4408 4406
f 4409 4410 4411
f 4409 4411 4412
f 4410 4413 4414
f 4410 4414 4411
f 4413 4415 4414
f 4411 4414 4416
f 4412 4411 4417
f 4412 4417 4418
f 4419 4420 4421
f 4413 4420 4415
f 4419 4422 4420
f 4419 4423 4422
f 4419 4424 4425
f 4425 4426 4427
f 4419 4425 4423
f 4425 4428 4423
f 4425 4427 4428
f 4427 4429 4428
f 4405 4406 4421
f 4405 4413 4410
f 4405 4421 4413
f 4409 4403 4410
f 4403 4405 4410
f 4409 4430 4403
f 4406 4408 4424
f 4406 4424 4421
f 4425 4424 4426
f 4408 4426 4424
f 4404 4430 4407
f 4403 4430 4404
f 4421 4420 4413
f 4419 4421 4424
f 4409 4412 4430
f 4412 4418 4430
f 4431 4432 4433
f 4434 4431 4435
f 4434 4436 4437
f 4437 4438 4439
f 4434 4437 4440
f 4434 4440 4441
f 4434 4441 4431
f 4437 4439 4442
f 4437 4442 4440
f 4439 4443 4442
f 4432 4444 4445
f 4431 4444 4432
f 4432 4445 4446
f 4446 4445 4447
f 4446 4447 4448
f 4431 4441 4444
f 4440 4271 4441
f 4440 4275 4271
f 4444 4441 4273
f 4441 4271 4272
f 4441 4272 4273
f 4440 4442 4268
f 4442 4269 4268
f 4442 4270 4269
f 4440 4268 4275
f 4442 4443 4270
f 4443 4262 4270
f 4444 4273 4274
f 4444 4276 4445
f 4444 4274 4276
f 4445 4276 4277
f 4445 4279 4447
f 4447 4280 4449
f 4447 4449 4448
f 4449 4450 4448
f 4449 4451 4450
f 4451 4452 4450
f 4445 4277 4279
f 4447 4279 4280
f 4449 4280 4282
f 4449 4282 4283
f 4449 4283 4284
f 4449 4284 4451
f 4451 4284 4300
f 4451 4300 4453
f 4453 4300 4301
f 4453 4301 4302
f 4453 4302 4454
f 4451 4453 4452
f 4453 4455 4452
f 4453 4454 4455
f 4454 4302 4303
f 4454 4303 4304
f 4454 4304 4456
f 4454 4456 4457
f 4456 4304 4305
f 4456 4305 4306
f 4456 4306 4307
f 4456 4307 4458
f 4456 4458 4459
f 4460 4461 4462
f 4414 4415 4460
f 4414 4460 4416
f 4417 4416 4463
f 4417 4464 4418
f 4411 4416 4417
f 4417 4463 4464
f 4464 4465 4418
f 4416 4460 4462
f 4416 4462 4463
f 4463 4462 4466
f 4464 4467 4465
f 4464 4468 4467
f 4463 4468 4464
f 4422 4469 4470
f 4423 4435 4433
f 4423 4433 4422
f 4422 4433 4469
f 4420 4422 4470
f 4420 4470 4415
f 4415 4470 4471
f 4423 4428 4435
f 4428 4436 4435
f 4428 4429 4436
f 4429 4438 4436
f 4434 4435 4436
f 4437 4436 4438
f 4469 4472 4470
f 4431 4433 4435
f 4432 4469 4433
f 4432 4446 4469
f 4446 4472 4469
f 4470 4472 4471
f 4415 4471 4460
f 4460 4471 4461
f 4462 4473 4466
f 4463 4466 4468
f 4466 4474 4468
f 4468 4474 4475
f 4467 4468 4475
f 4467 4475 4476
f 4476 4475 4477
f 4472 4448 4478
f 4472 4478 4471
f 4446 4448 4472
f 4478 4479 4461
f 4478 4448 4450
f 4471 4478 4461
f 4462 4461 4473
f 4461 4479 4473
f 4466 4473 4480
f 4479 4450 4452
f 4478 4450 4479
f 4452 4455 4481
f 4479 4452 4481
f 4481 4455 4482
f 4479 4481 4473
f 4473 4481 4480
f 4480 4483 4474
f 4481 4482 4480
f 4480 4482 4483
f 4466 4480 4474
f 4475 4474 4484
f 4475 4484 4477
f 4483 4484 4474
f 4483 4485 4484
f 4485 4486 4484
f 4484 4486 4477
f 4476 4477 4487
f 4477 4488 4487
f 4477 4486 4488
f 4488 4489 4487
f 4488 4490 4491
f 4488 4491 4489
f 4491 4492 4489
f 4491 4493 4492
f 4492 4493 4494
f 4467 4495 4465
f 4418 4465 4430
f 4465 4495 4430
f 4430 4495 4496
f 4467 4476 4495
f 4495 4476 4496
f 4476 4487 4496
f 4496 4487 4497
f 4430 4496 4497
f 4430 4497 4498
f 4430 4498 4499
f 4430 4499 4500
f 4497 4487 4489
f 4497 4489 4498
f 4498 4489 4492
f 4498 4492 4499
f 4499 4492 4494
f 4499 4494 4500
f 4482 4501 4483
f 4454 4457 4455
f 4482 4455 4457
f 4482 4457 4501
f 4457 4459 4501
f 4456 4459 4457
f 4459 4458 4502
f 4459 4503 4501
f 4459 4502 4503
f 4503 4502 4504
f 4501 4503 4485
f 4483 4501 4485
f 4485 4503 4505
f 4503 4504 4505
f 4505 4504 4506
f 4485 4505 4486
f 4505 4490 4486
f 4486 4490 4488
f 4505 4506 4490
f 4490 4506 4507
f 4490 4507 4491
f 4491 4507 4493
f 4407 4508 4408
f 4408 4508 4509
f 4508 4510 4509
f 4510 4511 4509
f 4510 4512 4511
f 4427 4513 4514
f 4514 4515 4516
f 4427 4514 4429
f 4429 4514 4517
f 4514 4516 4517
f 4516 4518 4517
f 4516 4519 4520
f 4516 4520 4518
f 4408 4509 4426
f 4509 4511 4513
f 4427 4426 4513
f 4426 4509 4513
f 4514 4513 4515
f 4511 4515 4513
f 4407 4430 4508
f 4430 4510 4508
f 4511 4521 4515
f 4521 4519 4515
f 4521 4522 4519
f 4511 4512 4521
f 4430 4512 4510
f 4430 4523 4512
f 4516 4515 4519
f 4520 4519 4524
f 4520 4524 4525
f 4521 4512 4523
f 4521 4523 4522
f 4519 4522 4524
f 4522 4526 4524
f 4524 4526 4527
f 4522 4528 4526
f 4523 4528 4522
f 4528 4529 4526
f 4430 4528 4523
f 4439 4530 4531
f 4531 4532 4533
f 4533 4534 4535
f 4439 4531 4443
f 4531 4533 4536
f 4443 4531 4536
f 4533 4537 4536
f 4535 4538 4537
f 4533 4535 4537
f 4535 4539 4538
f 4443 4536 4262
f 4536 4352 4262
f 4536 4353 4352
f 4536 4537 4353
f 4537 4354 4353
f 4537 4355 4354
f 4537 4356 4355
f 4537 4538 4356
f 4539 4540 4538
f 4538 4358 4356
f 4538 4357 4358
f 4538 4540 4357
f 4540 4359 4357
f 4540 4541 4359
f 4541 4360 4359
f 4541 4361 4360
f 4541 4362 4361
f 4540 4542 4541
f 4539 4542 4540
f 4541 4543 4544
f 4542 4543 4541
f 4544 4364 4362
f 4545 4365 4364
f 4545 4367 4365
f 4546 4368 4367
f 4545 4546 4367
f 4547 4384 4383
f 4546 4383 4368
f 4547 4383 4546
f 4541 4544 4362
f 4544 4545 4364
f 4543 4548 4544
f 4544 4548 4545
f 4545 4548 4549
f 4545 4549 4546
f 4546 4549 4550
f 4551 4387 4382
f 4458 4307 4385
f 4551 4385 4386
f 4458 4385 4551
f 4458 4551 4502
f 4551 4386 4387
f 4552 4551 4382
f 4552 4553 4551
f 4547 4381 4384
f 4552 4382 4381
f 4547 4552 4381
f 4547 4546 4550
f 4547 4550 4554
f 4547 4554 4552
f 4429 4517 4438
f 4438 4517 4530
f 4518 4532 4530
f 4517 4518 4530
f 4518 4555 4532
f 4439 4438 4530
f 4531 4530 4532
f 4533 4532 4534
f 4555 4534 4532
f 4555 4556 4534
f 4534 4556 4557
f 4520 4555 4518
f 4555 4525 4556
f 4520 4525 4555
f 4556 4558 4559
f 4525 4558 4556
f 4535 4534 4557
f 4556 4559 4557
f 4557 4559 4560
f 4535 4557 4539
f 4539 4557 4560
f 4539 4560 4542
f 4559 4561 4560
f 4559 4562 4561
f 4558 4562 4559
f 4561 4562 4563
f 4524 4527 4525
f 4525 4527 4558
f 4558 4527 4564
f 4527 4565 4564
f 4526 4565 4527
f 4526 4529 4565
f 4558 4564 4562
f 4564 4566 4562
f 4565 4567 4564
f 4565 4568 4567
f 4564 4567 4566
f 4542 4560 4569
f 4542 4569 4543
f 4560 4561 4569
f 4543 4570 4548
f 4543 4569 4570
f 4561 4571 4569
f 4561 4563 4571
f 4569 4571 4570
f 4571 4572 4570
f 4571 4573 4572
f 4548 4574 4549
f 4570 4574 4548
f 4549 4575 4550
f 4574 4575 4549
f 4570 4572 4574
f 4574 4576 4575
f 4576 4577 4575
f 4574 4572 4576
f 4572 4578 4576
f 4571 4563 4573
f 4493 4579 4494
f 4579 4580 4494
f 4579 4581 4580
f 4573 4578 4572
f 4573 4582 4578
f 4576 4583 4577
f 4576 4578 4583
f 4578 4581 4583
f 4579 4583 4581
f 4581 4584 4580
f 4578 4582 4581
f 4582 4584 4581
f 4582 4585 4584
f 4562 4566 4563
f 4566 4586 4563
f 4573 4563 4586
f 4566 4567 4587
f 4566 4587 4586
f 4586 4587 4585
f 4573 4586 4582
f 4586 4585 4582
f 4430 4529 4528
f 4430 4568 4529
f 4430 4588 4568
f 4565 4529 4568
f 4567 4568 4588
f 4430 4500 4589
f 4430 4589 4590
f 4430 4591 4588
f 4430 4590 4591
f 4500 4494 4580
f 4500 4580 4589
f 4590 4585 4591
f 4589 4580 4584
f 4589 4584 4590
f 4584 4585 4590
f 4567 4588 4587
f 4587 4588 4591
f 4587 4591 4585
f 4551 4553 4502
f 4502 4553 4504
f 4553 4592 4504
f 4552 4554 4553
f 4554 4593 4592
f 4554 4550 4593
f 4553 4554 4592
f 4504 4592 4506
f 4592 4594 4506
f 4592 4593 4594
f 4593 4577 4594
f 4593 4550 4575
f 4593 4575 4577
f 4506 4594 4507
f 4594 4595 4507
f 4507 4595 4493
f 4594 4577 4595
f 4577 4583 4595
f 4595 4583 4579
f 4595 4579 4493
f 4596 4597 4598
f 4599 4598 4600
f 4601 4602 4603
f 4601 4603 4604
f 4601 4605 4602
f 4601 4606 4605
f 4601 4607 4606
f 4601 4608 4607
f 4602 4609 4610
f 4604 4603 4611
f 4604 4612 4613
f 4602 4610 4603
f 4602 4605 4609
f 4604 4611 4612
f 4603 4610 4611
f 4613 4612 4597
f 4605 4606 4614
f 4607 4615 4606
f 4607 4608 4616
f 4605 4614 4609
f 4606 4615 4614
f 4607 4616 4615
f 4601 4604 4613
f 4601 4613 4596
f 4601 4596 4599
f 4601 4599 4617
f 4601 4617 4618
f 4601 4618 4619
f 4601 4619 4620
f 4601 4620 4621
f 4601 4621 4622
f 4601 4622 4623
f 4596 4598 4599
f 4596 4613 4597
f 4599 4600 4617
f 4617 4624 4618
f 4617 4600 4624
f 4618 4625 4619
f 4619 4626 4620
f 4618 4624 4625
f 4619 4625 4626
f 4620 4626 4627
f 4620 4627 4621
f 4621 4628 4622
f 4622 4237 4623
f 4622 4245 4237
f 4623 4237 4236
f 4623 4236 4238
f 4621 4627 4628
f 4622 4240 4245
f 4622 4243 4241
f 4622 4628 4243
f 4622 4241 4240
f 4612 4611 4629
f 4612 4630 4597
f 4597 4631 4598
f 4598 4632 4600
f 4600 4633 4624
f 4624 4634 4625
f 4610 4635 4611
f 4609 4614 4636
f 4610 4609 4637
f 4614 4615 4638
f 4615 4616 4639
f 4625 4640 4626
f 4626 4641 4627
f 4612 4629 4630
f 4597 4630 4631
f 4630 4629 4642
f 4630 4643 4631
f 4598 4631 4632
f 4600 4632 4633
f 4624 4633 4634
f 4625 4634 4640
f 4631 4644 4632
f 4632 4645 4633
f 4633 4646 4634
f 4634 4647 4640
f 4611 4635 4629
f 4610 4637 4635
f 4609 4636 4637
f 4614 4638 4636
f 4615 4639 4638
f 4629 4635 4648
f 4637 4636 4649
f 4635 4637 4650
f 4636 4638 4651
f 4638 4639 4652
f 4626 4640 4641
f 4640 4653 4641
f 4641 4654 4655
f 4628 4244 4243
f 4628 4248 4244
f 4628 4308 4248
f 4627 4655 4628
f 4628 4656 4308
f 4656 4309 4308
f 4656 4310 4309
f 4627 4641 4655
f 4628 4655 4656
f 4656 4311 4310
f 4656 4312 4311
f 4656 4313 4312
f 4656 4319 4318
f 4656 4318 4313
f 4657 4320 4319
f 4657 4321 4320
f 4657 4314 4321
f 4657 4316 4314
f 4658 4322 4316
f 4656 4657 4319
f 4657 4658 4316
f 4655 4659 4656
f 4656 4660 4657
f 4657 4661 4658
f 4630 4642 4643
f 4631 4643 4644
f 4643 4662 4644
f 4632 4644 4645
f 4633 4645 4646
f 4634 4646 4647
f 4640 4647 4653
f 4644 4663 4645
f 4645 4664 4646
f 4646 4665 4647
f 4629 4648 4642
f 4635 4650 4648
f 4637 4649 4650
f 4636 4651 4649
f 4638 4652 4651
f 4648 4666 4642
f 4648 4650 4667
f 4643 4642 4668
f 4649 4651 4669
f 4650 4649 4670
f 4651 4652 4671
f 4641 4653 4654
f 4647 4672 4653
f 4653 4673 4654
f 4654 4674 4659
f 4648 4667 4666
f 4650 4670 4667
f 4643 4668 4662
f 4642 4666 4668
f 4644 4662 4663
f 4649 4669 4670
f 4651 4671 4669
f 4666 4675 4668
f 4662 4668 4676
f 4663 4662 4677
f 4668 4675 4676
f 4662 4676 4677
f 4670 4669 4678
f 4669 4671 4679
f 4667 4680 4666
f 4667 4670 4681
f 4666 4680 4675
f 4667 4681 4680
f 4676 4675 4682
f 4670 4678 4681
f 4669 4679 4678
f 4675 4680 4682
f 4680 4681 4682
f 4681 4678 4682
f 4678 4679 4682
f 4645 4663 4664
f 4646 4664 4665
f 4647 4665 4672
f 4653 4672 4673
f 4654 4673 4674
f 4659 4674 4683
f 4660 4683 4684
f 4663 4685 4664
f 4664 4686 4665
f 4665 4687 4672
f 4672 4688 4673
f 4664 4685 4686
f 4665 4686 4687
f 4663 4677 4685
f 4672 4687 4688
f 4673 4688 4689
f 4673 4689 4674
f 4677 4682 4685
f 4686 4685 4682
f 4677 4676 4682
f 4686 4682 4687
f 4687 4682 4688
f 4688 4682 4689
f 4689 4682 4690
f 4690 4682 4691
f 4682 4692 4691
f 4682 4693 4692
f 4682 4694 4693
f 4674 4690 4683
f 4683 4691 4684
f 4684 4692 4695
f 4695 4693 4696
f 4674 4689 4690
f 4683 4690 4691
f 4684 4691 4692
f 4695 4692 4693
f 4696 4693 4694
f 4655 4654 4659
f 4656 4659 4660
f 4657 4660 4661
f 4658 4661 4697
f 4659 4683 4660
f 4660 4684 4661
f 4661 4695 4697
f 4661 4684 4695
f 4697 4695 4696
f 4601 4698 4608
f 4601 4699 4698
f 4601 4700 4699
f 4601 4701 4700
f 4601 4702 4701
f 4601 4703 4702
f 4608 4698 4704
f 4698 4699 4705
f 4699 4700 4706
f 4608 4704 4616
f 4698 4705 4704
f 4699 4706 4705
f 4700 4707 4706
f 4700 4701 4707
f 4701 4702 4708
f 4702 4703 4709
f 4703 4710 4711
f 4701 4708 4707
f 4702 4709 4708
f 4703 4711 4709
f 4601 4710 4703
f 4601 4712 4710
f 4601 4713 4712
f 4601 4714 4715
f 4601 4716 4713
f 4601 4717 4716
f 4601 4715 4717
f 4601 4623 4718
f 4601 4718 4719
f 4601 4719 4714
f 4623 4238 4718
f 4718 4329 4719
f 4718 4238 4324
f 4718 4324 4326
f 4718 4326 4327
f 4714 4719 4720
f 4718 4327 4329
f 4719 4329 4330
f 4719 4330 4331
f 4719 4331 4333
f 4714 4720 4721
f 4710 4712 4722
f 4713 4723 4712
f 4713 4716 4724
f 4713 4724 4723
f 4717 4715 4725
f 4714 4721 4715
f 4716 4717 4726
f 4715 4721 4725
f 4717 4725 4726
f 4716 4726 4724
f 4710 4722 4711
f 4712 4723 4722
f 4719 4333 4334
f 4719 4334 4720
f 4616 4704 4727
f 4704 4705 4728
f 4705 4706 4729
f 4706 4707 4730
f 4707 4708 4731
f 4726 4725 4732
f 4708 4709 4733
f 4709 4711 4734
f 4711 4722 4735
f 4723 4724 4736
f 4722 4723 4737
f 4726 4738 4724
f 4616 4727 4639
f 4704 4728 4727
f 4705 4729 4728
f 4706 4730 4729
f 4707 4731 4730
f 4639 4727 4739
f 4727 4728 4740
f 4728 4729 4741
f 4729 4730 4742
f 4730 4731 4743
f 4725 4744 4732
f 4726 4732 4738
f 4732 4745 4738
f 4708 4733 4731
f 4709 4734 4733
f 4731 4733 4746
f 4733 4734 4747
f 4711 4735 4734
f 4722 4737 4735
f 4723 4736 4737
f 4724 4738 4736
f 4734 4735 4748
f 4737 4749 4735
f 4736 4738 4750
f 4737 4736 4751
f 4720 4334 4337
f 4720 4337 4388
f 4720 4388 4389
f 4720 4389 4752
f 4752 4389 4390
f 4752 4390 4391
f 4720 4752 4721
f 4725 4721 4744
f 4753 4399 4402
f 4753 4394 4401
f 4753 4402 4394
f 4658 4400 4322
f 4753 4396 4400
f 4753 4401 4396
f 4753 4392 4398
f 4753 4398 4397
f 4753 4397 4399
f 4752 4391 4392
f 4658 4753 4400
f 4753 4752 4392
f 4721 4752 4744
f 4658 4697 4753
f 4753 4754 4752
f 4752 4755 4744
f 4732 4744 4756
f 4639 4739 4652
f 4727 4740 4739
f 4728 4741 4740
f 4729 4742 4741
f 4730 4743 4742
f 4652 4739 4757
f 4739 4740 4758
f 4740 4741 4759
f 4741 4742 4760
f 4742 4743 4761
f 4743 4746 4762
f 4732 4756 4745
f 4738 4745 4750
f 4745 4756 4763
f 4750 4764 4751
f 4750 4745 4765
f 4731 4746 4743
f 4733 4747 4746
f 4746 4747 4766
f 4734 4748 4747
f 4735 4749 4748
f 4737 4751 4749
f 4736 4750 4751
f 4747 4748 4767
f 4748 4749 4768
f 4749 4751 4769
f 4652 4757 4671
f 4739 4758 4757
f 4740 4759 4758
f 4741 4760 4759
f 4742 4761 4760
f 4743 4762 4761
f 4746 4766 4762
f 4671 4757 4770
f 4757 4758 4771
f 4758 4759 4772
f 4759 4760 4773
f 4671 4770 4679
f 4757 4771 4770
f 4679 4770 4682
f 4682 4770 4771
f 4682 4771 4772
f 4682 4772 4773
f 4758 4772 4771
f 4759 4773 4772
f 4760 4774 4773
f 4682 4773 4774
f 4760 4761 4774
f 4761 4762 4775
f 4762 4766 4776
f 4761 4775 4774
f 4762 4776 4775
f 4755 4777 4778
f 4747 4767 4766
f 4748 4768 4767
f 4749 4769 4768
f 4756 4778 4763
f 4745 4763 4765
f 4750 4765 4764
f 4751 4764 4769
f 4682 4779 4694
f 4682 4780 4779
f 4682 4781 4780
f 4682 4782 4781
f 4682 4774 4775
f 4682 4775 4776
f 4682 4776 4783
f 4682 4783 4784
f 4682 4784 4785
f 4682 4785 4786
f 4682 4786 4782
f 4696 4694 4777
f 4777 4779 4778
f 4765 4763 4781
f 4778 4780 4763
f 4694 4779 4777
f 4778 4779 4780
f 4763 4780 4781
f 4765 4781 4782
f 4769 4785 4768
f 4769 4764 4786
f 4766 4767 4783
f 4767 4768 4784
f 4766 4783 4776
f 4767 4784 4783
f 4768 4785 4784
f 4764 4782 4786
f 4769 4786 4785
f 4764 4765 4782
f 4697 4754 4753
f 4752 4754 4755
f 4744 4755 4756
f 4697 4696 4754
f 4754 4777 4755
f 4755 4778 4756
f 4696 4777 4754
f 4787 4788 4789
f 4790 4791 4788
f 4790 4792 4793
f 4790 4793 4791
f 4794 4795 4792
f 4787 4796 4797
f 4787 4789 4798
f 4787 4798 4796
f 4787 4790 4788
f 4787 4799 4800
f 4801 4800 4802
f 4800 4799 4803
f 4800 4803 4804
f 4800 4804 4802
f 4787 4797 4799
f 4801 4802 4805
f 4806 4805 4807
f 4806 4807 4808
f 4806 4808 4809
f 4810 4809 4811
f 4801 4805 4806
f 4810 4811 4812
f 4813 4810 4812
f 4810 4813 4814
f 4815 4814 4816
f 4815 4816 4817
f 4815 4817 4818
f 4794 4819 4820
f 4794 4821 4819
f 4795 4794 4820
f 4822 4823 4821
f 4822 4824 4823
f 4822 4825 4824
f 4826 4827 4825
f 4826 4828 4827
f 4826 4829 4828
f 4794 4792 4790
f 4794 4822 4821
f 4822 4826 4825
f 4830 4818 4831
f 4830 4831 4832
f 4830 4832 4833
f 4830 4833 4834
f 4830 4834 4835
f 4836 4837 4838
f 4787 4839 4790
f 4794 4790 4840
f 4800 4841 4842
f 4801 4843 4841
f 4806 4809 4810
f 4810 4814 4815
f 4787 4800 4842
f 4815 4818 4830
f 4830 4835 4836
f 4801 4841 4800
f 4801 4806 4843
f 4806 4810 4844
f 4810 4815 4845
f 4815 4830 4846
f 4806 4844 4843
f 4810 4845 4844
f 4847 4848 4829
f 4847 4849 4848
f 4847 4850 4849
f 4851 4852 4850
f 4851 4853 4852
f 4854 4855 4853
f 4854 4856 4855
f 4854 4857 4856
f 4858 4859 4857
f 4858 4860 4859
f 4858 4861 4860
f 4858 4862 4861
f 4858 4863 4862
f 4864 4865 4863
f 4826 4847 4829
f 4847 4851 4850
f 4851 4854 4853
f 4866 4867 4868
f 4866 4869 4870
f 4866 4870 4867
f 4871 4872 4873
f 4871 4868 4874
f 4872 4871 4874
f 4838 4869 4866
f 4854 4858 4857
f 4858 4864 4863
f 4864 4875 4865
f 4864 4873 4875
f 4871 4873 4864
f 4866 4868 4871
f 4794 4876 4822
f 4822 4877 4826
f 4790 4839 4840
f 4787 4842 4839
f 4794 4840 4876
f 4826 4878 4847
f 4822 4876 4877
f 4826 4877 4878
f 4847 4878 4879
f 4851 4879 4880
f 4830 4836 4881
f 4836 4838 4882
f 4838 4866 4883
f 4847 4879 4851
f 4871 4864 4884
f 4851 4880 4854
f 4854 4885 4858
f 4858 4886 4864
f 4866 4871 4887
f 4864 4886 4884
f 4871 4884 4887
f 4854 4880 4885
f 4858 4885 4886
f 4888 4889 4890
f 4891 4892 4893
f 4891 4888 4894
f 4895 4896 4897
f 4893 4898 4896
f 4895 4899 4900
f 4900 4901 4902
f 4902 4903 4904
f 4842 4893 4839
f 4841 4891 4842
f 4841 4843 4888
f 4843 4844 4889
f 4844 4845 4905
f 4845 4846 4906
f 4876 4900 4877
f 4839 4896 4840
f 4840 4895 4876
f 4839 4893 4896
f 4840 4896 4895
f 4846 4881 4907
f 4881 4882 4908
f 4882 4883 4909
f 4815 4846 4845
f 4830 4881 4846
f 4836 4882 4881
f 4838 4883 4882
f 4866 4887 4883
f 4841 4888 4891
f 4842 4891 4893
f 4843 4889 4888
f 4844 4905 4889
f 4845 4906 4905
f 4846 4907 4906
f 4881 4908 4907
f 4877 4902 4878
f 4878 4904 4879
f 4876 4895 4900
f 4877 4900 4902
f 4878 4902 4904
f 4887 4910 4883
f 4879 4911 4880
f 4880 4912 4885
f 4885 4913 4886
f 4886 4914 4884
f 4887 4884 4915
f 4879 4904 4911
f 4880 4911 4912
f 4882 4909 4908
f 4883 4910 4909
f 4887 4915 4910
f 4885 4912 4913
f 4886 4913 4914
f 4884 4914 4915
f 4836 4835 4837
f 4838 4837 4916
f 4838 4916 4917
f 4838 4918 4869
f 4838 4917 4918
f 4889 4905 4919
f 4893 4892 4898
f 4888 4890 4894
f 4889 4919 4890
f 4905 4920 4919
f 4891 4894 4892
f 4906 4921 4920
f 4907 4922 4921
f 4896 4898 4897
f 4895 4897 4899
f 4900 4899 4901
f 4894 4923 4892
f 4892 4924 4898
f 4892 4925 4924
f 4894 4926 4923
f 4892 4923 4927
f 4892 4927 4925
f 4894 4890 4928
f 4890 4919 4929
f 4919 4920 4930
f 4890 4931 4932
f 4890 4929 4931
f 4919 4933 4929
f 4919 4930 4933
f 4920 4921 4934
f 4894 4928 4926
f 4890 4935 4928
f 4890 4932 4935
f 4921 4922 4936
f 4922 4937 4938
f 4937 4939 4940
f 4920 4941 4930
f 4941 4920 4942
f 4920 4934 4942
f 4921 4943 4934
f 4921 4944 4943
f 4921 4945 4944
f 4921 4936 4945
f 4922 4938 4936
f 4905 4906 4920
f 4906 4907 4921
f 4907 4908 4922
f 4908 4909 4937
f 4909 4910 4939
f 4915 4914 4946
f 4910 4915 4947
f 4908 4937 4922
f 4909 4939 4937
f 4910 4947 4939
f 4904 4948 4911
f 4911 4949 4912
f 4912 4950 4913
f 4913 4951 4914
f 4902 4901 4903
f 4904 4903 4948
f 4911 4948 4949
f 4912 4949 4950
f 4913 4950 4951
f 4898 4952 4897
f 4897 4953 4899
f 4899 4954 4901
f 4901 4955 4903
f 4903 4956 4948
f 4948 4957 4949
f 4898 4924 4958
f 4898 4958 4952
f 4897 4952 4959
f 4897 4959 4953
f 4899 4953 4960
f 4899 4960 4954
f 4901 4954 4961
f 4939 4947 4962
f 4946 4963 4947
f 4937 4940 4938
f 4939 4964 4940
f 4939 4965 4964
f 4965 4939 4966
f 4939 4962 4966
f 4947 4967 4962
f 4947 4963 4967
f 4968 4901 4961
f 4901 4968 4955
f 4951 4969 4970
f 4903 4955 4971
f 4903 4971 4972
f 4903 4972 4973
f 4903 4973 4974
f 4903 4974 4956
f 4948 4956 4957
f 4949 4957 4975
f 4949 4975 4976
f 4949 4976 4977
f 4950 4977 4978
f 4951 4979 4969
f 4951 4980 4979
f 4950 4978 4980
f 4950 4980 4951
f 4946 4951 4970
f 4949 4977 4950
f 4946 4981 4963
f 4981 4946 4982
f 4946 4970 4982
f 4915 4946 4947
f 4914 4951 4946
f 4983 4984 4985
f 4986 4985 4984
f 4983 4987 4988
f 4983 4985 4987
f 4986 4989 4985
f 4985 4989 4990
f 4986 4991 4989
f 4991 4992 4993
f 4991 4994 4989
f 4991 4993 4994
f 4995 4993 4992
f 4995 4996 4993
f 4995 4997 4996
f 4998 4999 5000
f 4986 4984 4998
f 4986 4998 5000
f 4998 4984 5001
f 4999 5001 5002
f 4998 5001 4999
f 4983 4988 5001
f 4983 5001 4984
f 4999 5003 5000
f 4999 5002 5003
f 5002 5004 5003
f 5002 5005 5004
f 5004 5005 5006
f 5006 5005 5007
f 5006 5007 5008
f 5007 5009 5008
f 5000 5003 4992
f 5003 5004 5010
f 4986 5000 4991
f 4991 5000 4992
f 5003 5010 4992
f 5010 5011 5012
f 5004 5006 5011
f 5006 5008 5013
f 5004 5011 5010
f 5011 5013 5014
f 5006 5013 5011
f 5008 5015 5013
f 4995 4992 5010
f 4995 5010 5012
f 5011 5014 5012
f 4995 5012 4997
f 5002 5001 5005
f 5005 5001 5007
f 5007 5001 5009
f 5009 5001 5016
f 5008 5017 5015
f 5009 5017 5008
f 5009 5016 5017
f 5017 5016 5018
f 5016 5001 5019
f 5016 5019 5018
f 5018 5019 5020
f 5013 5015 5021
f 5012 5014 5022
f 4997 5012 5022
f 5014 5021 5023
f 5014 5023 5022
f 5021 5024 5023
f 5013 5021 5014
f 5021 5015 5025
f 5021 5025 5024
f 5025 5026 5027
f 5025 5027 5024
f 5017 5028 5015
f 5017 5018 5028
f 5025 5015 5028
f 5018 5029 5028
f 5025 5028 5026
f 5028 5029 5026
f 5029 5030 5026
f 5018 5020 5029
f 5029 5020 5031
f 5019 5032 5020
f 4988 4987 5033
f 4988 5033 5034
f 4985 4990 4987
f 4987 5035 5033
f 4987 4990 5035
f 5034 5033 5036
f 5034 5036 5037
f 5033 5038 5036
f 5033 5035 5038
f 5036 5038 5039
f 5038 5040 5039
f 4989 4994 5041
f 4989 5041 4990
f 4993 5042 4994
f 4993 4996 5042
f 4994 5042 5043
f 4990 5041 5044
f 5035 4990 5044
f 5035 5044 5045
f 5041 5046 5044
f 4994 5043 5041
f 5042 5047 5043
f 5041 5043 5046
f 4997 5022 5048
f 5048 5022 5049
f 4997 5050 4996
f 4996 5051 5042
f 4996 5050 5051
f 4997 5048 5050
f 5048 5049 5052
f 5049 5053 5054
f 5042 5051 5047
f 5050 5055 5051
f 5051 5056 5047
f 5048 5057 5050
f 5048 5052 5057
f 5049 5054 5052
f 5054 5053 5058
f 5050 5057 5055
f 5051 5055 5056
f 5052 5059 5057
f 5035 5045 5038
f 5044 5060 5045
f 5038 5045 5040
f 5044 5046 5060
f 5043 5061 5046
f 5045 5060 5062
f 5046 5063 5060
f 5039 5040 5064
f 5045 5062 5040
f 5040 5065 5064
f 5060 5063 5066
f 5060 5066 5062
f 5040 5062 5065
f 5062 5066 5067
f 5062 5067 5065
f 5043 5047 5061
f 5047 5068 5061
f 5047 5056 5068
f 5046 5061 5063
f 5061 5068 5069
f 5055 5057 5070
f 5055 5071 5056
f 5055 5070 5071
f 5056 5072 5068
f 5056 5071 5072
f 5061 5069 5063
f 5063 5069 5073
f 5063 5073 5066
f 5066 5074 5067
f 5066 5073 5074
f 5068 5075 5069
f 5068 5072 5075
f 5075 5076 5069
f 5075 4829 5076
f 5069 5076 5073
f 5065 5067 5077
f 5067 5078 5077
f 5067 5074 5078
f 5073 5079 5074
f 5074 5080 5078
f 5077 5078 5081
f 5073 5076 5079
f 5076 4849 5079
f 5074 5079 5080
f 5078 5082 5081
f 5078 5080 5082
f 5081 5083 5084
f 5081 5082 5083
f 4988 5034 5001
f 5034 5037 5001
f 5001 5037 5085
f 5001 1391 1389
f 5001 1389 1414
f 5001 1395 1388
f 5001 1388 1391
f 5001 1401 1393
f 5001 1402 1401
f 5001 1403 1402
f 5001 1393 1395
f 1389 1391 1390
f 1395 1393 1394
f 5037 5086 5085
f 5036 5086 5037
f 5001 5085 5087
f 5001 5087 5088
f 5001 5088 5089
f 5036 5039 5086
f 5085 5090 5087
f 5085 5086 5090
f 5087 5090 5091
f 5087 5091 5088
f 5088 5092 5089
f 5039 5093 5086
f 5086 5093 5090
f 5039 5064 5093
f 5090 5094 5091
f 5090 5093 5094
f 5088 5091 5092
f 5089 5092 5095
f 5091 5096 5092
f 5094 5096 5091
f 5092 5097 5095
f 5001 1400 1403
f 5001 5089 1400
f 5089 1399 1400
f 5089 5095 1399
f 5095 1404 1399
f 5095 1460 1458
f 5095 1458 1405
f 5095 1405 1404
f 5095 1461 1460
f 5095 5098 1461
f 5098 1462 1461
f 5098 1463 1462
f 5098 1407 1463
f 5098 1408 1407
f 5001 1413 1409
f 5001 1412 1413
f 5001 1414 1412
f 5019 5001 5032
f 5001 1410 1411
f 5001 1409 1410
f 5001 1411 5032
f 5020 5099 5031
f 5020 5032 5099
f 5099 1430 5100
f 5099 5100 5101
f 5100 5102 5101
f 5049 5022 5023
f 5023 5024 5053
f 5049 5023 5053
f 5024 5103 5053
f 5024 5027 5103
f 5027 5104 5103
f 5053 5103 5058
f 5103 5104 5105
f 5026 5106 5027
f 5026 5030 5106
f 5106 5030 5107
f 5027 5106 5104
f 5106 5107 5108
f 5106 5108 5104
f 5107 5109 5108
f 5107 5110 5109
f 5110 5111 5109
f 5110 5112 5111
f 5029 5031 5030
f 5030 5031 5113
f 5113 5031 5101
f 5099 5101 5031
f 5107 5030 5113
f 5107 5113 5110
f 5113 5101 5114
f 5114 5115 5112
f 5101 5102 5114
f 5113 5114 5110
f 5110 5114 5112
f 5093 5064 5116
f 5093 5116 5094
f 5064 5117 5116
f 5094 5118 5096
f 5092 5096 5097
f 5065 5117 5064
f 5119 1448 1417
f 5119 1417 1416
f 5119 1416 5120
f 5100 1442 5119
f 5100 5119 5102
f 5119 1443 1445
f 5119 1445 1448
f 5119 5120 5121
f 5102 5119 5121
f 5095 5097 5122
f 5095 5122 5098
f 5098 1423 1408
f 5123 1423 5098
f 5123 5098 5124
f 5098 5122 5124
f 5120 1416 1418
f 1421 1418 1419
f 5120 1418 1421
f 5123 1422 1424
f 5123 1420 1422
f 5123 1421 1420
f 5123 1424 1423
f 5120 1421 5123
f 5120 5123 5125
f 5121 5125 5126
f 5122 5127 5124
f 5123 5124 5125
f 5124 5127 5128
f 5125 5124 5128
f 5121 5120 5125
f 5112 5129 5111
f 5112 5130 5129
f 5131 5130 5132
f 5129 5130 5131
f 5127 5133 5134
f 5134 5133 5135
f 5131 5136 5137
f 5131 5132 5136
f 5134 5136 5132
f 5134 5135 5136
f 5136 5135 5138
f 5135 5139 5138
f 5114 5102 5115
f 5121 5126 5115
f 5130 5126 5132
f 5115 5126 5130
f 5102 5121 5115
f 5112 5115 5130
f 5126 5125 5128
f 5126 5128 5132
f 5127 5134 5128
f 5134 5132 5128
f 5032 1411 1425
f 5099 5032 1425
f 5099 1425 1429
f 5099 1429 1430
f 5100 1430 1431
f 1431 1433 1442
f 5100 1431 1442
f 5119 1442 1443
f 5094 5116 5118
f 5096 5140 5097
f 5096 5118 5140
f 5116 5117 5141
f 5116 5141 5118
f 5065 5077 5117
f 5118 5141 5142
f 5118 5142 5140
f 5097 5140 5143
f 5097 5143 5122
f 5140 5142 5144
f 5140 5144 5143
f 5143 5127 5122
f 5077 5145 5117
f 5117 5145 5141
f 5141 5145 5146
f 5141 5146 5142
f 5077 5081 5145
f 5142 5146 5147
f 5142 5147 5144
f 5143 5144 5133
f 5143 5133 5127
f 5133 5144 5148
f 5144 5147 5148
f 5081 5084 5145
f 5145 5084 5146
f 5146 5084 5149
f 5147 5150 5148
f 5146 5149 5147
f 5084 5151 5149
f 5150 5139 5148
f 5147 5149 5150
f 5133 5148 5135
f 5135 5148 5139
f 5052 5054 5152
f 5052 5152 5059
f 5054 5153 5152
f 5054 5058 5153
f 5058 5105 5154
f 5058 5154 5153
f 5154 5105 5155
f 5155 5156 5157
f 5057 5059 5070
f 5059 4793 5070
f 5070 4792 4795
f 5070 4820 5071
f 5070 4795 4820
f 5070 4793 4792
f 5071 4820 4819
f 5071 4819 4821
f 5152 4789 5059
f 5152 4798 4789
f 5059 4788 4791
f 5059 4789 4788
f 5059 4791 4793
f 5152 5153 4796
f 5152 4796 4798
f 5153 4797 4796
f 5153 4799 4797
f 5153 4803 4799
f 5153 5154 4803
f 5154 4804 4803
f 5154 4802 4804
f 5154 5155 4802
f 5155 4805 4802
f 5155 4807 4805
f 5155 4808 4807
f 5155 5157 4808
f 5157 4809 4808
f 5157 4811 4809
f 5157 4812 4811
f 5157 5158 4812
f 5072 5071 4821
f 5072 4821 4823
f 5072 4823 4824
f 5072 4824 4825
f 5072 4825 5075
f 5075 4825 4827
f 5075 4827 4828
f 5075 4828 4829
f 5076 4829 4848
f 5076 4848 4849
f 5079 4849 4850
f 5079 4850 4852
f 5079 4852 4853
f 5080 4853 4855
f 5080 4855 4856
f 5079 4853 5080
f 5080 4856 4857
f 5080 4857 5082
f 5082 4857 4859
f 5082 4859 4860
f 5084 5083 5151
f 5082 4860 4861
f 5082 4861 5083
f 5083 4861 4862
f 5083 4862 4863
f 5151 4875 4873
f 5151 4863 4865
f 5151 4865 4875
f 5083 4863 5151
f 5104 5108 5156
f 5103 5105 5058
f 5104 5156 5105
f 5108 5109 5159
f 5108 5159 5156
f 5109 5160 5159
f 5155 5105 5156
f 5157 5156 5159
f 5157 5159 5158
f 5159 5160 5158
f 5109 5111 5160
f 5160 5111 5161
f 5160 5162 5158
f 5160 5161 5162
f 5161 5163 5162
f 5161 5164 5163
f 5164 5165 5163
f 5129 5161 5111
f 5129 5164 5161
f 5129 5131 5164
f 5131 5137 5164
f 5158 4813 4812
f 5158 4814 4813
f 5158 4816 4814
f 5158 5162 4816
f 5162 4817 4816
f 5162 4818 4817
f 5162 5163 4818
f 5163 4831 4818
f 5163 4832 4831
f 5163 4833 4832
f 5163 5165 4833
f 5165 4837 4835
f 5166 4916 4837
f 5164 5137 5165
f 5137 5138 5166
f 5137 5166 5165
f 5138 5139 5167
f 5166 4917 4916
f 5167 4918 4917
f 5166 5167 4917
f 5167 4869 4918
f 5167 4870 4869
f 5168 4867 4870
f 5167 5168 4870
f 5138 5167 5166
f 5136 5138 5137
f 5165 4834 4833
f 5165 4835 4834
f 5165 5166 4837
f 5149 5169 5150
f 5149 5151 5169
f 5150 5169 5168
f 5150 5168 5139
f 5168 4868 4867
f 5168 4874 4868
f 5169 4873 4872
f 5169 4872 4874
f 5168 5169 4874
f 5169 5151 4873
f 5139 5168 5167
f 5170 5171 5172
f 5173 5174 5175
f 5176 5177 5175
f 5172 5174 5173
f 5176 5178 5177
f 5173 5175 5177
f 5176 5179 5178
f 5179 5180 5181
f 5180 5182 5183
f 5179 5181 5178
f 5180 5183 5181
f 5182 5184 5185
f 5184 5186 5187
f 5182 5185 5183
f 5184 5187 5185
f 5187 5186 5188
f 5170 5172 5189
f 5172 5190 5189
f 5170 5189 5191
f 5191 5192 5193
f 5191 5189 5194
f 5172 5173 5190
f 5173 5177 5195
f 5177 5178 5196
f 5178 5181 5197
f 5181 5183 5198
f 5183 5185 5199
f 5185 5187 5200
f 5187 5188 5201
f 5188 5202 5203
f 5173 5195 5190
f 5177 5196 5195
f 5178 5197 5196
f 5181 5198 5197
f 5189 5190 5204
f 5190 5195 5205
f 5195 5196 5206
f 5196 5197 5207
f 5197 5198 5208
f 5183 5199 5198
f 5185 5200 5199
f 5187 5201 5200
f 5188 5203 5201
f 5198 5199 5209
f 5199 5200 5210
f 5200 5201 5211
f 5201 5203 5212
f 5189 5204 5194
f 5191 5194 5192
f 5192 5194 5213
f 5190 5205 5204
f 5195 5206 5205
f 5196 5207 5206
f 5197 5208 5207
f 5194 5204 5214
f 5204 5205 5215
f 5205 5206 5216
f 5206 5207 5217
f 5207 5208 5218
f 5198 5209 5208
f 5199 5210 5209
f 5200 5211 5210
f 5201 5212 5211
f 5208 5209 5219
f 5209 5210 5220
f 5210 5211 5221
f 5194 5214 5213
f 5205 5216 5215
f 5204 5215 5214
f 5206 5217 5216
f 5207 5218 5217
f 5214 5215 5222
f 5215 5216 5223
f 5216 5217 5224
f 5217 5218 5225
f 5208 5219 5218
f 5209 5220 5219
f 5210 5221 5220
f 5218 5219 5226
f 5219 5220 5227
f 5170 5228 5171
f 5229 5230 5231
f 5229 5228 5232
f 5229 5232 5230
f 5231 5230 5233
f 5170 5232 5228
f 5231 5233 5234
f 5234 5235 5236
f 5236 4932 5237
f 5237 4933 5238
f 5236 4935 4932
f 5237 4932 4931
f 5237 4931 4929
f 5237 4929 4933
f 5234 5233 5235
f 5236 4923 4926
f 5236 4927 4923
f 5236 5235 4927
f 5236 4926 4928
f 5236 4928 4935
f 5238 4930 4941
f 5238 4933 4930
f 5238 4941 4942
f 5238 4942 4934
f 5238 4934 4943
f 5238 4943 4944
f 5239 5228 5229
f 5239 5175 5174
f 5239 5171 5228
f 5239 5174 5171
f 5239 5229 5231
f 5239 5231 5234
f 5239 5234 5236
f 5239 5236 5237
f 5239 5237 5238
f 5239 5238 5240
f 5239 5240 5241
f 5239 5176 5175
f 5239 5179 5176
f 5239 5180 5179
f 5239 5182 5180
f 5239 5184 5182
f 5239 5186 5184
f 5239 5241 5242
f 5239 5243 5244
f 5172 5171 5174
f 5239 5242 5245
f 5239 5245 5246
f 5239 5246 5243
f 5238 4944 5240
f 5247 5241 5240
f 5241 5248 5242
f 5240 4944 4945
f 5240 4945 4936
f 5240 4936 4938
f 5247 5240 4938
f 5247 5248 5241
f 5242 5248 5249
f 5242 5249 5245
f 5245 5250 5246
f 5246 5251 5243
f 5245 5249 5250
f 5246 5250 5251
f 5243 5251 5252
f 5239 5253 5186
f 5239 5254 5253
f 5239 5255 5254
f 5239 5256 5255
f 5239 5257 5256
f 5239 5258 5257
f 5239 5259 5258
f 5239 5260 5261
f 5239 5244 5260
f 5239 5261 5259
f 5188 5186 5253
f 5253 5254 5202
f 5261 5262 5259
f 5254 5255 5263
f 5255 5256 5264
f 5188 5253 5202
f 5254 5263 5202
f 5255 5264 5263
f 5256 5257 5265
f 5257 5258 5266
f 5258 5259 5267
f 5257 5266 5265
f 5258 5267 5266
f 5256 5265 5264
f 5244 5268 5260
f 5243 5252 5244
f 5261 5260 5269
f 5244 5252 5268
f 5261 5269 5262
f 5260 5268 5269
f 5259 5262 5267
f 5235 4925 4927
f 5235 4924 4925
f 5235 4958 4924
f 5235 4952 4958
f 5235 4959 4952
f 5233 5270 5235
f 5235 5271 4959
f 5271 4953 4959
f 5271 4960 4953
f 5232 5193 5230
f 5170 5191 5232
f 5230 5272 5233
f 5247 4938 4940
f 5247 4940 4964
f 5247 4964 4965
f 5247 4965 4966
f 5247 4966 5273
f 5273 4966 4962
f 5273 4962 4967
f 5273 4967 4963
f 5233 5272 5270
f 5235 5270 5271
f 5271 4954 4960
f 5271 4961 4954
f 5271 4968 4961
f 5271 4955 4968
f 5271 4972 4971
f 5271 4971 4955
f 5271 5274 4972
f 5230 5193 5272
f 5191 5193 5232
f 5274 4973 4972
f 5274 4974 4973
f 5274 4956 4974
f 5272 5275 5270
f 5270 5276 5271
f 5271 5277 5274
f 5272 5193 5278
f 5274 4957 4956
f 5279 4976 4975
f 5279 4975 4957
f 5280 4977 4976
f 5280 4978 4977
f 5280 4969 4979
f 5280 4980 4978
f 5280 4979 4980
f 5280 4981 4982
f 5280 4982 4970
f 5280 4970 4969
f 5273 4963 4981
f 5274 5279 4957
f 5279 5280 4976
f 5280 5273 4981
f 5274 5281 5279
f 5279 5282 5280
f 5280 5283 5273
f 5273 5284 5285
f 5247 5273 5248
f 5248 5285 5249
f 5249 5286 5250
f 5250 5287 5251
f 5251 5288 5252
f 5202 5263 5289
f 5263 5264 5290
f 5264 5265 5291
f 5266 5267 5292
f 5265 5266 5293
f 5268 5294 5269
f 5268 5252 5295
f 5262 5296 5267
f 5269 5297 5262
f 5248 5273 5285
f 5249 5285 5286
f 5250 5286 5287
f 5251 5287 5288
f 5285 5298 5286
f 5286 5299 5287
f 5287 5300 5288
f 5288 5301 5295
f 5202 5289 5203
f 5263 5290 5289
f 5264 5291 5290
f 5265 5293 5291
f 5266 5292 5293
f 5203 5289 5302
f 5289 5290 5303
f 5290 5291 5304
f 5293 5292 5305
f 5291 5293 5306
f 5269 5294 5297
f 5252 5288 5295
f 5268 5295 5294
f 5262 5297 5296
f 5267 5296 5292
f 5294 5307 5297
f 5295 5308 5294
f 5296 5309 5292
f 5296 5297 5310
f 5270 5275 5276
f 5271 5276 5277
f 5192 5278 5193
f 5272 5278 5275
f 5274 5277 5281
f 5278 5311 5275
f 5276 5275 5312
f 5192 5313 5278
f 5276 5314 5277
f 5277 5315 5281
f 5281 5316 5282
f 5279 5281 5282
f 5280 5282 5283
f 5273 5283 5284
f 5282 5317 5283
f 5283 5318 5284
f 5275 5311 5312
f 5276 5312 5314
f 5278 5313 5311
f 5192 5213 5313
f 5277 5314 5315
f 5281 5315 5316
f 5282 5316 5317
f 5311 5319 5312
f 5312 5320 5314
f 5314 5321 5315
f 5315 5322 5316
f 5316 5323 5317
f 5283 5317 5318
f 5285 5284 5298
f 5286 5298 5299
f 5287 5299 5300
f 5288 5300 5301
f 5284 5324 5298
f 5298 5325 5299
f 5299 5326 5300
f 5300 5327 5301
f 5301 5328 5308
f 5203 5302 5212
f 5289 5303 5302
f 5290 5304 5303
f 5291 5306 5304
f 5293 5305 5306
f 5211 5212 5329
f 5212 5302 5330
f 5302 5303 5331
f 5306 5305 5332
f 5303 5304 5333
f 5304 5306 5334
f 5297 5307 5310
f 5295 5301 5308
f 5294 5308 5307
f 5296 5310 5309
f 5292 5309 5305
f 5307 5308 5335
f 5310 5336 5309
f 5307 5337 5310
f 5309 5338 5305
f 5313 5339 5311
f 5213 5340 5313
f 5213 5214 5341
f 5313 5340 5339
f 5312 5319 5320
f 5311 5339 5319
f 5213 5341 5340
f 5214 5222 5341
f 5319 5339 5342
f 5319 5342 5320
f 5340 5342 5339
f 5317 5343 5318
f 5314 5320 5321
f 5315 5321 5322
f 5316 5322 5323
f 5317 5323 5343
f 5318 5343 5344
f 5320 5342 5321
f 5321 5342 5322
f 5322 5342 5323
f 5323 5342 5343
f 5343 5342 5344
f 5344 5342 5345
f 5215 5223 5222
f 5216 5224 5223
f 5340 5341 5342
f 5341 5222 5342
f 5222 5223 5342
f 5223 5224 5342
f 5217 5225 5224
f 5218 5226 5225
f 5224 5225 5342
f 5225 5226 5342
f 5226 5227 5342
f 5342 5227 5346
f 5342 5346 5347
f 5345 5342 5348
f 5348 5342 5349
f 5342 5350 5349
f 5342 5351 5350
f 5342 5352 5353
f 5342 5354 5351
f 5342 5355 5354
f 5342 5356 5355
f 5342 5353 5356
f 5284 5318 5324
f 5298 5324 5325
f 5299 5325 5326
f 5300 5326 5327
f 5301 5327 5328
f 5308 5328 5335
f 5318 5344 5324
f 5345 5325 5324
f 5348 5326 5325
f 5344 5345 5324
f 5345 5348 5325
f 5348 5349 5326
f 5326 5349 5327
f 5327 5350 5328
f 5328 5351 5335
f 5327 5349 5350
f 5328 5350 5351
f 5354 5335 5351
f 5354 5355 5337
f 5211 5329 5221
f 5212 5330 5329
f 5302 5331 5330
f 5303 5333 5331
f 5304 5334 5333
f 5305 5338 5332
f 5306 5332 5334
f 5220 5221 5346
f 5221 5329 5347
f 5329 5330 5357
f 5330 5331 5358
f 5219 5227 5226
f 5220 5346 5227
f 5221 5347 5346
f 5342 5347 5357
f 5329 5357 5347
f 5330 5358 5357
f 5333 5334 5359
f 5332 5338 5353
f 5334 5332 5352
f 5342 5357 5358
f 5342 5358 5360
f 5342 5360 5359
f 5342 5359 5352
f 5353 5338 5356
f 5331 5360 5358
f 5333 5359 5360
f 5334 5352 5359
f 5332 5353 5352
f 5331 5333 5360
f 5307 5335 5337
f 5309 5336 5338
f 5310 5337 5336
f 5354 5337 5335
f 5355 5336 5337
f 5356 5338 5336
f 5355 5356 5336
