# sionna2 mesh — mavic4pro__camera.obj
# group=camera  verts=1977  tris=3934
v 0.052126 -0.050000 -0.030628
v 0.053257 -0.041662 -0.033630
v 0.053973 -0.050000 -0.035529
v 0.052126 -0.041164 -0.030628
v 0.052739 -0.041471 -0.032254
v 0.051490 -0.050000 -0.025195
v 0.051490 -0.041003 -0.025195
v 0.052126 -0.041164 -0.019762
v 0.052126 -0.050000 -0.019762
v 0.053973 -0.050000 -0.014861
v 0.053257 -0.041662 -0.016761
v 0.052739 -0.041471 -0.018137
v 0.052126 0.041164 -0.030628
v 0.052126 0.050000 -0.030628
v 0.052739 0.041471 -0.032254
v 0.053257 0.041662 -0.033630
v 0.053973 0.050000 -0.035529
v 0.051490 0.041003 -0.025195
v 0.051490 0.050000 -0.025195
v 0.052126 0.041164 -0.019762
v 0.052739 0.041471 -0.018137
v 0.052126 0.050000 -0.019762
v 0.053257 0.041662 -0.016761
v 0.053973 0.050000 -0.014861
v 0.056849 -0.050000 -0.039419
v 0.056849 -0.042647 -0.039419
v 0.059418 -0.043565 -0.041189
v 0.060473 -0.043791 -0.041916
v 0.060473 -0.050000 -0.041916
v 0.059927 -0.043697 -0.041540
v 0.061494 -0.044050 -0.042135
v 0.064490 -0.044755 -0.042777
v 0.064490 -0.050000 -0.042777
v 0.067406 -0.045363 -0.042152
v 0.068507 -0.050000 -0.041916
v 0.065135 -0.044975 -0.042639
v 0.065530 -0.045078 -0.042554
v 0.068507 -0.045511 -0.041916
v 0.071128 -0.046074 -0.040110
v 0.072131 -0.050000 -0.039419
v 0.072131 -0.046165 -0.039419
v 0.064490 -0.050000 -0.025195
v 0.055750 -0.042383 -0.037933
v 0.053973 -0.041770 -0.035529
v 0.075007 -0.050000 -0.035529
v 0.074245 -0.046543 -0.036560
v 0.075007 -0.046644 -0.035529
v 0.075518 -0.046826 -0.034173
v 0.076854 -0.050000 -0.030628
v 0.075680 -0.046856 -0.033743
v 0.076854 -0.046841 -0.030628
v 0.077490 -0.050000 -0.025195
v 0.076854 -0.050000 -0.019762
v 0.077384 -0.047032 -0.026103
v 0.077384 -0.047032 -0.024288
v 0.077490 -0.047057 -0.025195
v 0.055750 -0.042383 -0.012457
v 0.053973 -0.041770 -0.014861
v 0.056849 -0.050000 -0.010972
v 0.060473 -0.050000 -0.008475
v 0.056849 -0.042647 -0.010972
v 0.059418 -0.043565 -0.009201
v 0.060473 -0.043791 -0.008475
v 0.059927 -0.043697 -0.008851
v 0.061494 -0.044050 -0.008256
v 0.064490 -0.044755 -0.007614
v 0.064490 -0.050000 -0.007614
v 0.068507 -0.050000 -0.008475
v 0.072131 -0.050000 -0.010972
v 0.075007 -0.050000 -0.014861
v 0.067406 -0.045363 -0.008239
v 0.065135 -0.044975 -0.007752
v 0.065530 -0.045078 -0.007837
v 0.071128 -0.046074 -0.010280
v 0.072131 -0.046165 -0.010972
v 0.068507 -0.045511 -0.008475
v 0.075680 -0.046856 -0.016648
v 0.076854 -0.046841 -0.019762
v 0.075518 -0.046826 -0.016218
v 0.075007 -0.046644 -0.014861
v 0.074245 -0.046543 -0.013830
v 0.056849 0.042647 -0.039419
v 0.056849 0.050000 -0.039419
v 0.059418 0.043565 -0.041189
v 0.059927 0.043697 -0.041540
v 0.060473 0.043791 -0.041916
v 0.060473 0.050000 -0.041916
v 0.061494 0.044050 -0.042135
v 0.064490 0.044755 -0.042777
v 0.064490 0.050000 -0.042777
v 0.065135 0.044975 -0.042639
v 0.065530 0.045078 -0.042554
v 0.067406 0.045363 -0.042152
v 0.068507 0.050000 -0.041916
v 0.068507 0.045511 -0.041916
v 0.071128 0.046074 -0.040110
v 0.072131 0.050000 -0.039419
v 0.072131 0.046165 -0.039419
v 0.055750 0.042383 -0.037933
v 0.053973 0.041770 -0.035529
v 0.064490 0.050000 -0.025195
v 0.075007 0.050000 -0.035529
v 0.074245 0.046543 -0.036560
v 0.075007 0.046644 -0.035529
v 0.075518 0.046826 -0.034173
v 0.076854 0.050000 -0.030628
v 0.075680 0.046856 -0.033743
v 0.076854 0.046841 -0.030628
v 0.077490 0.050000 -0.025195
v 0.076854 0.050000 -0.019762
v 0.077384 0.047032 -0.026103
v 0.077490 0.047057 -0.025195
v 0.077384 0.047032 -0.024288
v 0.053973 0.041770 -0.014861
v 0.055750 0.042383 -0.012457
v 0.056849 0.050000 -0.010972
v 0.060473 0.050000 -0.008475
v 0.056849 0.042647 -0.010972
v 0.059418 0.043565 -0.009201
v 0.059927 0.043697 -0.008851
v 0.060473 0.043791 -0.008475
v 0.061494 0.044050 -0.008256
v 0.064490 0.044755 -0.007614
v 0.064490 0.050000 -0.007614
v 0.068507 0.050000 -0.008475
v 0.072131 0.050000 -0.010972
v 0.075007 0.050000 -0.014861
v 0.065135 0.044975 -0.007752
v 0.065530 0.045078 -0.007837
v 0.067406 0.045363 -0.008239
v 0.071128 0.046074 -0.010280
v 0.072131 0.046165 -0.010972
v 0.068507 0.045511 -0.008475
v 0.075680 0.046856 -0.016648
v 0.076854 0.046841 -0.019762
v 0.075518 0.046826 -0.016218
v 0.075007 0.046644 -0.014861
v 0.074245 0.046543 -0.013830
v 0.051019 -0.030712 -0.061443
v 0.053444 -0.036002 -0.055287
v 0.047979 -0.032689 -0.052518
v 0.048940 -0.024385 -0.066731
v 0.054615 -0.027920 -0.069404
v 0.045577 -0.026802 -0.058174
v 0.056670 -0.040086 -0.049838
v 0.050906 -0.037214 -0.047432
v 0.048654 -0.037651 -0.038880
v 0.054266 -0.040977 -0.041891
v 0.052201 -0.041084 -0.033624
v 0.046841 -0.037233 -0.030404
v 0.050514 -0.040406 -0.025195
v 0.046841 -0.037233 -0.019986
v 0.040999 -0.028824 -0.040426
v 0.045543 -0.033360 -0.044210
v 0.043649 -0.033347 -0.035514
v 0.043105 -0.028571 -0.049076
v 0.041028 -0.022250 -0.054359
v 0.037669 -0.024665 -0.035245
v 0.038942 -0.023750 -0.045046
v 0.043276 -0.033786 -0.025195
v 0.040119 -0.029461 -0.030408
v 0.037241 -0.024972 -0.025195
v 0.040119 -0.029461 -0.019983
v 0.051565 -0.014678 -0.077166
v 0.047419 -0.017658 -0.070619
v 0.047201 -0.011262 -0.073931
v 0.052855 -0.021565 -0.073885
v 0.056319 -0.017814 -0.079408
v 0.043877 -0.020203 -0.062954
v 0.039986 -0.016442 -0.058351
v 0.036750 -0.012345 -0.053068
v 0.039610 -0.010119 -0.061892
v 0.043301 -0.014060 -0.066785
v 0.043311 -0.007630 -0.069763
v 0.046653 -0.003854 -0.075315
v 0.050778 -0.007431 -0.079168
v 0.056214 -0.011337 -0.082433
v 0.050514 0.000000 -0.079841
v 0.055666 -0.003910 -0.083845
v 0.039970 -0.003852 -0.064744
v 0.036658 -0.006232 -0.056315
v 0.042934 0.000000 -0.070350
v 0.037241 0.000000 -0.058968
v 0.034561 -0.012544 -0.044548
v 0.035592 -0.018344 -0.040528
v 0.033139 -0.012486 -0.035632
v 0.034695 -0.018981 -0.030484
v 0.032616 -0.012654 -0.025195
v 0.034695 -0.018981 -0.019907
v 0.034232 -0.006254 -0.048208
v 0.032513 -0.006308 -0.039335
v 0.034610 0.000000 -0.051107
v 0.032695 0.000000 -0.042750
v 0.031643 -0.006321 -0.030479
v 0.031643 -0.006321 -0.019912
v 0.031531 0.000000 -0.034057
v 0.031140 0.000000 -0.025195
v 0.037516 -0.018222 -0.049288
v 0.052201 -0.041084 -0.016767
v 0.048654 -0.037651 -0.011511
v 0.054266 -0.040977 -0.008500
v 0.050906 -0.037214 -0.002959
v 0.056670 -0.040086 -0.000552
v 0.053444 -0.036002 0.004896
v 0.043649 -0.033347 -0.014877
v 0.045543 -0.033360 -0.006180
v 0.040999 -0.028824 -0.009965
v 0.037669 -0.024665 -0.015146
v 0.038942 -0.023750 -0.005344
v 0.043105 -0.028571 -0.001314
v 0.045577 -0.026802 0.007784
v 0.041028 -0.022250 0.003969
v 0.047979 -0.032689 0.002127
v 0.051019 -0.030712 0.011052
v 0.048940 -0.024385 0.016340
v 0.054615 -0.027920 0.019014
v 0.035592 -0.018344 -0.009863
v 0.033139 -0.012486 -0.014759
v 0.034561 -0.012544 -0.005843
v 0.032513 -0.006308 -0.011055
v 0.034232 -0.006254 -0.002183
v 0.031531 0.000000 -0.016333
v 0.032695 0.000000 -0.007641
v 0.036750 -0.012345 0.002677
v 0.036658 -0.006232 0.005925
v 0.034610 0.000000 0.000716
v 0.037516 -0.018222 -0.001103
v 0.039986 -0.016442 0.007960
v 0.043877 -0.020203 0.012564
v 0.039610 -0.010119 0.011501
v 0.043301 -0.014060 0.016394
v 0.039970 -0.003852 0.014353
v 0.037241 0.000000 0.008577
v 0.047419 -0.017658 0.020229
v 0.052855 -0.021565 0.023494
v 0.047201 -0.011262 0.023540
v 0.051565 -0.014678 0.026775
v 0.056319 -0.017814 0.029017
v 0.043311 -0.007630 0.019373
v 0.042934 0.000000 0.019959
v 0.046653 -0.003854 0.024924
v 0.050778 -0.007431 0.028777
v 0.050514 0.000000 0.029450
v 0.056214 -0.011337 0.032042
v 0.055666 -0.003910 0.033454
v 0.046653 0.003854 -0.075315
v 0.050778 0.007431 -0.079168
v 0.055666 0.003910 -0.083845
v 0.043311 0.007630 -0.069763
v 0.047201 0.011262 -0.073931
v 0.051565 0.014678 -0.077166
v 0.056214 0.011337 -0.082433
v 0.039970 0.003852 -0.064744
v 0.036658 0.006232 -0.056315
v 0.039610 0.010119 -0.061892
v 0.043301 0.014060 -0.066785
v 0.036750 0.012345 -0.053068
v 0.047419 0.017658 -0.070619
v 0.052855 0.021565 -0.073885
v 0.056319 0.017814 -0.079408
v 0.039986 0.016442 -0.058351
v 0.043877 0.020203 -0.062954
v 0.041028 0.022250 -0.054359
v 0.045577 0.026802 -0.058174
v 0.048940 0.024385 -0.066731
v 0.054615 0.027920 -0.069404
v 0.034232 0.006254 -0.048208
v 0.032513 0.006308 -0.039335
v 0.034561 0.012544 -0.044548
v 0.033139 0.012486 -0.035632
v 0.031643 0.006321 -0.030479
v 0.031643 0.006321 -0.019912
v 0.032616 0.012654 -0.025195
v 0.035592 0.018344 -0.040528
v 0.034695 0.018981 -0.030484
v 0.034695 0.018981 -0.019907
v 0.037516 0.018222 -0.049288
v 0.038942 0.023750 -0.045046
v 0.043105 0.028571 -0.049076
v 0.037669 0.024665 -0.035245
v 0.037241 0.024972 -0.025195
v 0.051019 0.030712 -0.061443
v 0.047979 0.032689 -0.052518
v 0.053444 0.036002 -0.055287
v 0.040999 0.028824 -0.040426
v 0.045543 0.033360 -0.044210
v 0.043649 0.033347 -0.035514
v 0.050906 0.037214 -0.047432
v 0.048654 0.037651 -0.038880
v 0.040119 0.029461 -0.030408
v 0.040119 0.029461 -0.019983
v 0.043276 0.033786 -0.025195
v 0.046841 0.037233 -0.030404
v 0.046841 0.037233 -0.019986
v 0.056670 0.040086 -0.049838
v 0.054266 0.040977 -0.041891
v 0.052201 0.041084 -0.033624
v 0.050514 0.040406 -0.025195
v 0.032513 0.006308 -0.011055
v 0.034232 0.006254 -0.002183
v 0.033139 0.012486 -0.014759
v 0.034561 0.012544 -0.005843
v 0.036658 0.006232 0.005925
v 0.036750 0.012345 0.002677
v 0.035592 0.018344 -0.009863
v 0.039970 0.003852 0.014353
v 0.039610 0.010119 0.011501
v 0.037516 0.018222 -0.001103
v 0.037669 0.024665 -0.015146
v 0.038942 0.023750 -0.005344
v 0.039986 0.016442 0.007960
v 0.043301 0.014060 0.016394
v 0.041028 0.022250 0.003969
v 0.043105 0.028571 -0.001314
v 0.043877 0.020203 0.012564
v 0.045577 0.026802 0.007784
v 0.043311 0.007630 0.019373
v 0.046653 0.003854 0.024924
v 0.050778 0.007431 0.028777
v 0.047201 0.011262 0.023540
v 0.051565 0.014678 0.026775
v 0.055666 0.003910 0.033454
v 0.056214 0.011337 0.032042
v 0.047419 0.017658 0.020229
v 0.052855 0.021565 0.023494
v 0.056319 0.017814 0.029017
v 0.048940 0.024385 0.016340
v 0.054615 0.027920 0.019014
v 0.040999 0.028824 -0.009965
v 0.043649 0.033347 -0.014877
v 0.045543 0.033360 -0.006180
v 0.048654 0.037651 -0.011511
v 0.050906 0.037214 -0.002959
v 0.047979 0.032689 0.002127
v 0.051019 0.030712 0.011052
v 0.053444 0.036002 0.004896
v 0.052201 0.041084 -0.016767
v 0.054266 0.040977 -0.008500
v 0.056670 0.040086 -0.000552
v 0.059367 -0.038428 -0.057315
v 0.062305 -0.036036 -0.064177
v 0.065600 -0.039908 -0.058552
v 0.068675 -0.037060 -0.065039
v 0.071990 -0.040406 -0.058968
v 0.068627 -0.043367 -0.050866
v 0.063288 -0.027134 -0.076115
v 0.059898 -0.030752 -0.070311
v 0.057850 -0.024516 -0.075524
v 0.068678 -0.029243 -0.075549
v 0.065429 -0.032955 -0.070294
v 0.066630 -0.023011 -0.080758
v 0.071990 -0.024972 -0.079841
v 0.056804 -0.033588 -0.063835
v 0.071990 -0.033388 -0.070888
v 0.078380 -0.039908 -0.058552
v 0.075353 -0.043367 -0.050866
v 0.075305 -0.037060 -0.065039
v 0.081675 -0.036036 -0.064177
v 0.084613 -0.038428 -0.057315
v 0.075302 -0.029243 -0.075549
v 0.077350 -0.023011 -0.080758
v 0.080692 -0.027134 -0.076115
v 0.078551 -0.032955 -0.070294
v 0.086130 -0.024516 -0.075524
v 0.084082 -0.030752 -0.070311
v 0.087176 -0.033588 -0.063835
v 0.090536 -0.036002 -0.055287
v 0.089365 -0.027920 -0.069404
v 0.092961 -0.030712 -0.061443
v 0.059684 -0.043522 -0.042160
v 0.062240 -0.042323 -0.050004
v 0.071990 -0.045783 -0.042309
v 0.078626 -0.045175 -0.042082
v 0.081740 -0.042323 -0.050004
v 0.084296 -0.043522 -0.042160
v 0.080982 -0.045904 -0.033726
v 0.087310 -0.040086 -0.049838
v 0.089714 -0.040977 -0.041891
v 0.086624 -0.043904 -0.033653
v 0.093074 -0.037214 -0.047432
v 0.077625 -0.047046 -0.025195
v 0.083153 -0.045692 -0.025195
v 0.080982 -0.045904 -0.016665
v 0.088467 -0.043465 -0.025195
v 0.086624 -0.043904 -0.016738
v 0.091779 -0.041084 -0.033624
v 0.061373 -0.020610 -0.080613
v 0.061202 -0.014310 -0.084054
v 0.066612 -0.017016 -0.084572
v 0.071990 -0.019159 -0.083977
v 0.066565 -0.010456 -0.087276
v 0.071990 -0.012980 -0.086990
v 0.061252 -0.007717 -0.086290
v 0.061107 0.000000 -0.087113
v 0.066554 -0.003907 -0.088644
v 0.071990 -0.006553 -0.088820
v 0.071990 0.000000 -0.089435
v 0.077368 -0.017016 -0.084572
v 0.082607 -0.020610 -0.080613
v 0.077415 -0.010456 -0.087276
v 0.082778 -0.014310 -0.084054
v 0.087661 -0.017814 -0.079408
v 0.091125 -0.021565 -0.073885
v 0.087766 -0.011337 -0.082433
v 0.092415 -0.014678 -0.077166
v 0.077426 -0.003907 -0.088644
v 0.082728 -0.007717 -0.086290
v 0.082873 0.000000 -0.087113
v 0.088314 -0.003910 -0.083845
v 0.093202 -0.007431 -0.079168
v 0.096001 -0.032689 -0.052518
v 0.095040 -0.024385 -0.066731
v 0.098403 -0.026802 -0.058174
v 0.099160 -0.023864 -0.060302
v 0.099284 -0.024876 -0.058758
v 0.099685 -0.025519 -0.057099
v 0.099943 -0.026220 -0.055293
v 0.095326 -0.037651 -0.038880
v 0.097139 -0.037233 -0.030404
v 0.093466 -0.040406 -0.025195
v 0.091779 -0.041084 -0.016767
v 0.097139 -0.037233 -0.019986
v 0.098437 -0.033360 -0.044210
v 0.100875 -0.028571 -0.049076
v 0.100331 -0.033347 -0.035514
v 0.102981 -0.028824 -0.040426
v 0.101007 -0.026913 -0.051495
v 0.101420 -0.026913 -0.050463
v 0.102308 -0.026913 -0.047690
v 0.102336 -0.026913 -0.047582
v 0.103778 -0.026220 -0.043784
v 0.104152 -0.025937 -0.043055
v 0.105260 -0.024876 -0.040320
v 0.105771 -0.024277 -0.039405
v 0.100704 -0.033786 -0.025195
v 0.103861 -0.029461 -0.030408
v 0.106311 -0.024665 -0.035245
v 0.103861 -0.029461 -0.019983
v 0.106739 -0.024972 -0.025195
v 0.096561 -0.017658 -0.070619
v 0.096779 -0.011262 -0.073931
v 0.099240 -0.020577 -0.063909
v 0.099244 -0.020913 -0.063595
v 0.099464 -0.019744 -0.064335
v 0.098967 -0.022957 -0.061686
v 0.099769 -0.017872 -0.065296
v 0.100503 -0.015938 -0.065613
v 0.100679 -0.014060 -0.066785
v 0.100811 -0.015000 -0.065767
v 0.101119 -0.014376 -0.065665
v 0.101698 -0.012973 -0.065435
v 0.097327 -0.003854 -0.075315
v 0.100669 -0.007630 -0.069763
v 0.093466 0.000000 -0.079841
v 0.101988 -0.012128 -0.065296
v 0.103410 -0.009473 -0.063934
v 0.103432 -0.009423 -0.063909
v 0.104260 -0.008199 -0.062766
v 0.104010 -0.003852 -0.064744
v 0.104887 -0.007043 -0.061686
v 0.101046 0.000000 -0.070350
v 0.106187 -0.005416 -0.059204
v 0.106398 -0.005124 -0.058758
v 0.106739 0.000000 -0.058968
v 0.107157 -0.004468 -0.057066
v 0.107784 -0.003780 -0.055293
v 0.108200 -0.003559 -0.054081
v 0.106747 -0.022957 -0.037391
v 0.107006 -0.022551 -0.037011
v 0.108061 -0.020577 -0.035169
v 0.109285 -0.018981 -0.030484
v 0.109370 0.000000 -0.051107
v 0.108951 -0.018744 -0.034229
v 0.109285 -0.018981 -0.019907
v 0.109285 -0.017872 -0.033781
v 0.110156 -0.015344 -0.033366
v 0.110035 -0.016699 -0.028576
v 0.110257 -0.015000 -0.033310
v 0.110937 -0.012517 -0.033717
v 0.111194 -0.012600 -0.028576
v 0.109936 -0.017000 -0.028576
v 0.109936 -0.017000 -0.021563
v 0.109012 -0.003087 -0.051495
v 0.109556 -0.003087 -0.049675
v 0.110036 -0.003087 -0.047582
v 0.111443 -0.005473 -0.039787
v 0.111366 -0.005124 -0.040320
v 0.111285 0.000000 -0.042750
v 0.110444 -0.003424 -0.045738
v 0.110796 -0.003780 -0.043784
v 0.112449 0.000000 -0.034057
v 0.111010 -0.012128 -0.033781
v 0.111987 -0.008601 -0.028576
v 0.111207 -0.010978 -0.034371
v 0.111541 -0.007043 -0.037391
v 0.111548 -0.006309 -0.038511
v 0.112337 -0.006321 -0.030479
v 0.111378 -0.009423 -0.035169
v 0.112337 -0.006321 -0.028576
v 0.111521 -0.005960 -0.039044
v 0.112518 -0.004045 -0.028576
v 0.112691 0.000000 -0.028576
v 0.059684 -0.043522 -0.008231
v 0.062240 -0.042323 -0.000387
v 0.071990 -0.045783 -0.008082
v 0.068627 -0.043367 0.000475
v 0.059367 -0.038428 0.006924
v 0.065600 -0.039908 0.008161
v 0.062305 -0.036036 0.013787
v 0.071990 -0.040406 0.008577
v 0.068675 -0.037060 0.014648
v 0.056804 -0.033588 0.013445
v 0.078626 -0.045175 -0.008309
v 0.075353 -0.043367 0.000475
v 0.084296 -0.043522 -0.008231
v 0.089714 -0.040977 -0.008500
v 0.081740 -0.042323 -0.000387
v 0.087310 -0.040086 -0.000552
v 0.078380 -0.039908 0.008161
v 0.075305 -0.037060 0.014648
v 0.084613 -0.038428 0.006924
v 0.093074 -0.037214 -0.002959
v 0.081675 -0.036036 0.013787
v 0.090536 -0.036002 0.004896
v 0.087176 -0.033588 0.013445
v 0.092149 -0.032484 0.008990
v 0.059898 -0.030752 0.019921
v 0.065429 -0.032955 0.019904
v 0.057850 -0.024516 0.025133
v 0.063288 -0.027134 0.025724
v 0.071990 -0.033388 0.020497
v 0.068678 -0.029243 0.025158
v 0.066630 -0.023011 0.030367
v 0.071990 -0.024972 0.029450
v 0.078551 -0.032955 0.019904
v 0.075302 -0.029243 0.025158
v 0.077350 -0.023011 0.030367
v 0.080692 -0.027134 0.025724
v 0.084082 -0.030752 0.019921
v 0.092870 -0.030758 0.011090
v 0.089365 -0.027920 0.019014
v 0.086130 -0.024516 0.025133
v 0.061373 -0.020610 0.030222
v 0.061202 -0.014310 0.033664
v 0.066612 -0.017016 0.034181
v 0.071990 -0.019159 0.033586
v 0.066565 -0.010456 0.036885
v 0.071990 -0.012980 0.036599
v 0.061252 -0.007717 0.035900
v 0.061107 0.000000 0.036722
v 0.066554 -0.003907 0.038253
v 0.071990 -0.006553 0.038430
v 0.071990 0.000000 0.039044
v 0.082607 -0.020610 0.030222
v 0.087661 -0.017814 0.029017
v 0.091125 -0.021565 0.023494
v 0.077368 -0.017016 0.034181
v 0.077415 -0.010456 0.036885
v 0.082778 -0.014310 0.033664
v 0.087766 -0.011337 0.032042
v 0.092415 -0.014678 0.026775
v 0.082728 -0.007717 0.035900
v 0.077426 -0.003907 0.038253
v 0.082873 0.000000 0.036722
v 0.093202 -0.007431 0.028777
v 0.088314 -0.003910 0.033454
v 0.095326 -0.037651 -0.011511
v 0.100331 -0.033347 -0.014877
v 0.095307 -0.035645 -0.004426
v 0.098496 -0.033684 -0.007942
v 0.096782 -0.034894 -0.006394
v 0.097281 -0.034584 -0.006865
v 0.097798 -0.034241 -0.007275
v 0.098866 -0.033357 -0.008149
v 0.099782 -0.032410 -0.008791
v 0.100049 -0.032121 -0.008924
v 0.100253 -0.031886 -0.008979
v 0.101397 -0.030495 -0.008988
v 0.101686 -0.030117 -0.008886
v 0.102981 -0.028824 -0.009965
v 0.106311 -0.024665 -0.015146
v 0.102600 -0.028841 -0.008583
v 0.102639 -0.028783 -0.008561
v 0.102806 -0.028489 -0.008476
v 0.103071 -0.027949 -0.008158
v 0.103725 -0.026524 -0.007153
v 0.104149 -0.025373 -0.005941
v 0.105038 -0.023750 -0.005344
v 0.095200 -0.035690 -0.004251
v 0.095191 -0.035692 -0.004230
v 0.094673 -0.035817 -0.003219
v 0.093872 -0.035980 -0.001572
v 0.093784 -0.035967 -0.001369
v 0.092818 -0.035676 0.001213
v 0.093897 -0.035981 -0.001641
v 0.092482 -0.035379 0.002581
v 0.092239 -0.035012 0.003931
v 0.092228 -0.034976 0.004039
v 0.092075 -0.034605 0.005014
v 0.091971 -0.033981 0.006395
v 0.092045 -0.033027 0.008116
v 0.092156 -0.032439 0.009061
v 0.092424 -0.031731 0.009958
v 0.092879 -0.030731 0.011117
v 0.092911 -0.030674 0.011163
v 0.093152 -0.030132 0.011538
v 0.093299 -0.029789 0.011769
v 0.095040 -0.024385 0.016340
v 0.093823 -0.028738 0.012366
v 0.094683 -0.027410 0.012811
v 0.095209 -0.026670 0.012984
v 0.095551 -0.026270 0.012988
v 0.096428 -0.025383 0.012808
v 0.108388 -0.018344 -0.009863
v 0.104352 -0.024747 -0.005178
v 0.104405 -0.024484 -0.004731
v 0.106464 -0.018222 -0.001103
v 0.108626 -0.017000 -0.008931
v 0.107100 -0.017000 -0.002123
v 0.099461 -0.022695 0.010759
v 0.100103 -0.020203 0.012564
v 0.098052 -0.023658 0.012042
v 0.104424 -0.024314 -0.004476
v 0.104466 -0.023338 -0.002788
v 0.104465 -0.023222 -0.002598
v 0.104301 -0.022279 -0.000531
v 0.104254 -0.022133 -0.000138
v 0.104154 -0.022021 0.000370
v 0.103612 -0.021542 0.002934
v 0.103575 -0.021536 0.003069
v 0.104768 -0.017000 0.005119
v 0.103894 -0.017000 0.007577
v 0.103239 -0.021456 0.004107
v 0.103095 -0.021454 0.004516
v 0.102524 -0.021379 0.005873
v 0.103417 -0.017000 0.008643
v 0.101912 -0.021503 0.007105
v 0.101770 -0.021526 0.007375
v 0.101061 -0.021760 0.008573
v 0.099951 -0.022334 0.010183
v 0.099555 -0.022616 0.010660
v 0.106623 -0.017000 -0.000317
v 0.101021 -0.017000 0.013348
v 0.109760 -0.017000 -0.018337
v 0.108950 -0.017000 -0.010986
v 0.096561 -0.017658 0.020229
v 0.096657 -0.025105 0.012740
v 0.097910 -0.023784 0.012138
v 0.099095 -0.016000 0.017439
v 0.099557 -0.015041 0.017439
v 0.100109 -0.013651 0.017439
v 0.096779 -0.011262 0.023540
v 0.100497 -0.016000 0.015184
v 0.101432 -0.016000 0.013348
v 0.100676 -0.011803 0.017439
v 0.100669 -0.007630 0.019373
v 0.097327 -0.003854 0.024924
v 0.093466 0.000000 0.029450
v 0.101578 -0.008241 0.017439
v 0.101956 -0.006174 0.017439
v 0.102378 -0.001731 0.017439
v 0.101046 0.000000 0.019959
v 0.061252 0.007717 -0.086290
v 0.061202 0.014310 -0.084054
v 0.066554 0.003907 -0.088644
v 0.071990 0.006553 -0.088820
v 0.066565 0.010456 -0.087276
v 0.071990 0.012980 -0.086990
v 0.061373 0.020610 -0.080613
v 0.057850 0.024516 -0.075524
v 0.063288 0.027134 -0.076115
v 0.066612 0.017016 -0.084572
v 0.071990 0.019159 -0.083977
v 0.066630 0.023011 -0.080758
v 0.071990 0.024972 -0.079841
v 0.077426 0.003907 -0.088644
v 0.082728 0.007717 -0.086290
v 0.077415 0.010456 -0.087276
v 0.082778 0.014310 -0.084054
v 0.088314 0.003910 -0.083845
v 0.087766 0.011337 -0.082433
v 0.093202 0.007431 -0.079168
v 0.077368 0.017016 -0.084572
v 0.082607 0.020610 -0.080613
v 0.077350 0.023011 -0.080758
v 0.080692 0.027134 -0.076115
v 0.087661 0.017814 -0.079408
v 0.092415 0.014678 -0.077166
v 0.086130 0.024516 -0.075524
v 0.091125 0.021565 -0.073885
v 0.089365 0.027920 -0.069404
v 0.059898 0.030752 -0.070311
v 0.068678 0.029243 -0.075549
v 0.065429 0.032955 -0.070294
v 0.056804 0.033588 -0.063835
v 0.062305 0.036036 -0.064177
v 0.059367 0.038428 -0.057315
v 0.068675 0.037060 -0.065039
v 0.071990 0.033388 -0.070888
v 0.065600 0.039908 -0.058552
v 0.071990 0.040406 -0.058968
v 0.068627 0.043367 -0.050866
v 0.075302 0.029243 -0.075549
v 0.078551 0.032955 -0.070294
v 0.084082 0.030752 -0.070311
v 0.075305 0.037060 -0.065039
v 0.081675 0.036036 -0.064177
v 0.087176 0.033588 -0.063835
v 0.092961 0.030712 -0.061443
v 0.084613 0.038428 -0.057315
v 0.090536 0.036002 -0.055287
v 0.078380 0.039908 -0.058552
v 0.075353 0.043367 -0.050866
v 0.062240 0.042323 -0.050004
v 0.059684 0.043522 -0.042160
v 0.071990 0.045783 -0.042309
v 0.081740 0.042323 -0.050004
v 0.078626 0.045175 -0.042082
v 0.087310 0.040086 -0.049838
v 0.084296 0.043522 -0.042160
v 0.089714 0.040977 -0.041891
v 0.093074 0.037214 -0.047432
v 0.086624 0.043904 -0.033653
v 0.080982 0.045904 -0.033726
v 0.077625 0.047046 -0.025195
v 0.083153 0.045692 -0.025195
v 0.080982 0.045904 -0.016665
v 0.091779 0.041084 -0.033624
v 0.088467 0.043465 -0.025195
v 0.086624 0.043904 -0.016738
v 0.097327 0.003854 -0.075315
v 0.096779 0.011262 -0.073931
v 0.100669 0.007630 -0.069763
v 0.104010 0.003852 -0.064744
v 0.106398 0.005124 -0.058758
v 0.107157 0.004468 -0.057066
v 0.107784 0.003780 -0.055293
v 0.108200 0.003559 -0.054081
v 0.104887 0.007043 -0.061686
v 0.106187 0.005416 -0.059204
v 0.104260 0.008199 -0.062766
v 0.103410 0.009473 -0.063934
v 0.103432 0.009423 -0.063909
v 0.100679 0.014060 -0.066785
v 0.101698 0.012973 -0.065435
v 0.101988 0.012128 -0.065296
v 0.096561 0.017658 -0.070619
v 0.100503 0.015938 -0.065613
v 0.099769 0.017872 -0.065296
v 0.099464 0.019744 -0.064335
v 0.095040 0.024385 -0.066731
v 0.099240 0.020577 -0.063909
v 0.099244 0.020913 -0.063595
v 0.098967 0.022957 -0.061686
v 0.099160 0.023864 -0.060302
v 0.101119 0.014376 -0.065665
v 0.100811 0.015000 -0.065767
v 0.108061 0.020577 -0.035169
v 0.106311 0.024665 -0.035245
v 0.109285 0.018981 -0.030484
v 0.107006 0.022551 -0.037011
v 0.106747 0.022957 -0.037391
v 0.105771 0.024277 -0.039405
v 0.106739 0.024972 -0.025195
v 0.109012 0.003087 -0.051495
v 0.109556 0.003087 -0.049675
v 0.110036 0.003087 -0.047582
v 0.110444 0.003424 -0.045738
v 0.110796 0.003780 -0.043784
v 0.111366 0.005124 -0.040320
v 0.111443 0.005473 -0.039787
v 0.111521 0.005960 -0.039044
v 0.112518 0.004045 -0.028576
v 0.112337 0.006321 -0.030479
v 0.111548 0.006309 -0.038511
v 0.112337 0.006321 -0.028576
v 0.111541 0.007043 -0.037391
v 0.111378 0.009423 -0.035169
v 0.111207 0.010978 -0.034371
v 0.111987 0.008601 -0.028576
v 0.111010 0.012128 -0.033781
v 0.111194 0.012600 -0.028576
v 0.110937 0.012517 -0.033717
v 0.110257 0.015000 -0.033310
v 0.110156 0.015344 -0.033366
v 0.110035 0.016699 -0.028576
v 0.109285 0.017872 -0.033781
v 0.108951 0.018744 -0.034229
v 0.109936 0.017000 -0.028576
v 0.109285 0.018981 -0.019907
v 0.109936 0.017000 -0.021563
v 0.098403 0.026802 -0.058174
v 0.099284 0.024876 -0.058758
v 0.099685 0.025519 -0.057099
v 0.096001 0.032689 -0.052518
v 0.099943 0.026220 -0.055293
v 0.100875 0.028571 -0.049076
v 0.098437 0.033360 -0.044210
v 0.095326 0.037651 -0.038880
v 0.100331 0.033347 -0.035514
v 0.101007 0.026913 -0.051495
v 0.101420 0.026913 -0.050463
v 0.102308 0.026913 -0.047690
v 0.102336 0.026913 -0.047582
v 0.102981 0.028824 -0.040426
v 0.103778 0.026220 -0.043784
v 0.104152 0.025937 -0.043055
v 0.105260 0.024876 -0.040320
v 0.097139 0.037233 -0.030404
v 0.097139 0.037233 -0.019986
v 0.100704 0.033786 -0.025195
v 0.103861 0.029461 -0.030408
v 0.103861 0.029461 -0.019983
v 0.093466 0.040406 -0.025195
v 0.091779 0.041084 -0.016767
v 0.061252 0.007717 0.035900
v 0.061202 0.014310 0.033664
v 0.066554 0.003907 0.038253
v 0.071990 0.006553 0.038430
v 0.066565 0.010456 0.036885
v 0.071990 0.012980 0.036599
v 0.057850 0.024516 0.025133
v 0.061373 0.020610 0.030222
v 0.063288 0.027134 0.025724
v 0.066630 0.023011 0.030367
v 0.066612 0.017016 0.034181
v 0.071990 0.019159 0.033586
v 0.071990 0.024972 0.029450
v 0.077426 0.003907 0.038253
v 0.082728 0.007717 0.035900
v 0.077415 0.010456 0.036885
v 0.082778 0.014310 0.033664
v 0.088314 0.003910 0.033454
v 0.087766 0.011337 0.032042
v 0.093202 0.007431 0.028777
v 0.077350 0.023011 0.030367
v 0.082607 0.020610 0.030222
v 0.080692 0.027134 0.025724
v 0.086130 0.024516 0.025133
v 0.087661 0.017814 0.029017
v 0.091125 0.021565 0.023494
v 0.089365 0.027920 0.019014
v 0.077368 0.017016 0.034181
v 0.092415 0.014678 0.026775
v 0.056804 0.033588 0.013445
v 0.059367 0.038428 0.006924
v 0.062305 0.036036 0.013787
v 0.059684 0.043522 -0.008231
v 0.062240 0.042323 -0.000387
v 0.071990 0.045783 -0.008082
v 0.068627 0.043367 0.000475
v 0.065600 0.039908 0.008161
v 0.068675 0.037060 0.014648
v 0.071990 0.040406 0.008577
v 0.084613 0.038428 0.006924
v 0.081675 0.036036 0.013787
v 0.087176 0.033588 0.013445
v 0.092149 0.032484 0.008990
v 0.090536 0.036002 0.004896
v 0.078626 0.045175 -0.008309
v 0.075353 0.043367 0.000475
v 0.089714 0.040977 -0.008500
v 0.081740 0.042323 -0.000387
v 0.084296 0.043522 -0.008231
v 0.087310 0.040086 -0.000552
v 0.078380 0.039908 0.008161
v 0.075305 0.037060 0.014648
v 0.093074 0.037214 -0.002959
v 0.059898 0.030752 0.019921
v 0.065429 0.032955 0.019904
v 0.068678 0.029243 0.025158
v 0.071990 0.033388 0.020497
v 0.075302 0.029243 0.025158
v 0.078551 0.032955 0.019904
v 0.092870 0.030758 0.011090
v 0.084082 0.030752 0.019921
v 0.108388 0.018344 -0.009863
v 0.106464 0.018222 -0.001103
v 0.108626 0.017000 -0.008931
v 0.106311 0.024665 -0.015146
v 0.105038 0.023750 -0.005344
v 0.104352 0.024747 -0.005178
v 0.104405 0.024484 -0.004731
v 0.104149 0.025373 -0.005941
v 0.099461 0.022695 0.010759
v 0.098052 0.023658 0.012042
v 0.100103 0.020203 0.012564
v 0.107100 0.017000 -0.002123
v 0.106623 0.017000 -0.000317
v 0.104768 0.017000 0.005119
v 0.103417 0.017000 0.008643
v 0.101021 0.017000 0.013348
v 0.103894 0.017000 0.007577
v 0.101912 0.021503 0.007105
v 0.103095 0.021454 0.004516
v 0.104465 0.023222 -0.002598
v 0.104301 0.022279 -0.000531
v 0.103575 0.021536 0.003069
v 0.104254 0.022133 -0.000138
v 0.104154 0.022021 0.000370
v 0.103612 0.021542 0.002934
v 0.104466 0.023338 -0.002788
v 0.104424 0.024314 -0.004476
v 0.103239 0.021456 0.004107
v 0.102524 0.021379 0.005873
v 0.101770 0.021526 0.007375
v 0.101061 0.021760 0.008573
v 0.099951 0.022334 0.010183
v 0.099555 0.022616 0.010660
v 0.109760 0.017000 -0.018337
v 0.108950 0.017000 -0.010986
v 0.097327 0.003854 0.024924
v 0.096779 0.011262 0.023540
v 0.100676 0.011803 0.017439
v 0.100109 0.013651 0.017439
v 0.100669 0.007630 0.019373
v 0.102378 0.001731 0.017439
v 0.101956 0.006174 0.017439
v 0.101578 0.008241 0.017439
v 0.096561 0.017658 0.020229
v 0.099557 0.015041 0.017439
v 0.099095 0.016000 0.017439
v 0.095040 0.024385 0.016340
v 0.097910 0.023784 0.012138
v 0.096657 0.025105 0.012740
v 0.096428 0.025383 0.012808
v 0.100497 0.016000 0.015184
v 0.101432 0.016000 0.013348
v 0.095326 0.037651 -0.011511
v 0.100331 0.033347 -0.014877
v 0.095307 0.035645 -0.004426
v 0.098866 0.033357 -0.008149
v 0.098496 0.033684 -0.007942
v 0.097798 0.034241 -0.007275
v 0.097281 0.034584 -0.006865
v 0.096782 0.034894 -0.006394
v 0.102981 0.028824 -0.009965
v 0.103725 0.026524 -0.007153
v 0.103071 0.027949 -0.008158
v 0.101686 0.030117 -0.008886
v 0.102600 0.028841 -0.008583
v 0.102806 0.028489 -0.008476
v 0.102639 0.028783 -0.008561
v 0.099782 0.032410 -0.008791
v 0.100049 0.032121 -0.008924
v 0.100253 0.031886 -0.008979
v 0.101397 0.030495 -0.008988
v 0.095200 0.035690 -0.004251
v 0.094673 0.035817 -0.003219
v 0.095191 0.035692 -0.004230
v 0.093784 0.035967 -0.001369
v 0.093872 0.035980 -0.001572
v 0.092818 0.035676 0.001213
v 0.093897 0.035981 -0.001641
v 0.092482 0.035379 0.002581
v 0.091971 0.033981 0.006395
v 0.092045 0.033027 0.008116
v 0.092424 0.031731 0.009958
v 0.092156 0.032439 0.009061
v 0.092075 0.034605 0.005014
v 0.092239 0.035012 0.003931
v 0.092228 0.034976 0.004039
v 0.094683 0.027410 0.012811
v 0.093823 0.028738 0.012366
v 0.093299 0.029789 0.011769
v 0.093152 0.030132 0.011538
v 0.092911 0.030674 0.011163
v 0.092879 0.030731 0.011117
v 0.095551 0.026270 0.012988
v 0.095209 0.026670 0.012984
v 0.118121 -0.017000 -0.028576
v 0.118121 0.017000 -0.028576
v 0.118121 -0.008105 -0.021360
v 0.118121 -0.010164 -0.018576
v 0.118121 -0.005640 -0.023454
v 0.118121 -0.002893 -0.024755
v 0.118121 -0.017000 0.013348
v 0.118121 -0.011713 -0.015242
v 0.118121 -0.012674 -0.011526
v 0.118121 -0.013000 -0.007614
v 0.118121 -0.012674 -0.003702
v 0.118121 -0.011713 0.000014
v 0.118121 -0.010164 0.003348
v 0.118121 -0.008105 0.006132
v 0.118121 -0.005640 0.008226
v 0.118121 -0.002893 0.009526
v 0.118121 0.000000 0.009967
v 0.118121 0.002893 0.009526
v 0.104990 -0.016000 0.013348
v 0.105470 -0.002383 0.013348
v 0.104990 -0.002383 0.013348
v 0.118121 0.017000 0.013348
v 0.118121 0.000000 -0.025195
v 0.118121 0.002893 -0.024755
v 0.118121 0.005640 -0.023454
v 0.118121 0.008105 -0.021360
v 0.118121 0.010164 -0.018576
v 0.118121 0.005640 0.008226
v 0.118121 0.010164 0.003348
v 0.118121 0.008105 0.006132
v 0.118121 0.011713 -0.015242
v 0.118121 0.012674 -0.011526
v 0.118121 0.013000 -0.007614
v 0.118121 0.011713 0.000014
v 0.118121 0.012674 -0.003702
v 0.104990 0.016000 0.013348
v 0.105470 0.002383 0.013348
v 0.104990 0.002383 0.013348
v 0.126621 -0.008105 -0.021360
v 0.126621 -0.005640 -0.023454
v 0.126621 -0.002893 -0.024755
v 0.126621 0.000000 -0.025195
v 0.126621 -0.013000 -0.007614
v 0.126621 -0.012674 -0.003702
v 0.126621 -0.012674 -0.011526
v 0.126621 -0.010164 -0.018576
v 0.126621 -0.011713 -0.015242
v 0.126621 0.000000 -0.007614
v 0.126621 -0.011713 0.000014
v 0.126621 -0.010164 0.003348
v 0.126621 -0.008105 0.006132
v 0.126621 -0.005640 0.008226
v 0.126621 -0.002893 0.009526
v 0.126621 0.000000 0.009967
v 0.126621 0.002893 -0.024755
v 0.126621 0.005640 -0.023454
v 0.126621 0.008105 -0.021360
v 0.126621 0.010164 -0.018576
v 0.126621 0.011713 -0.015242
v 0.126621 0.012674 -0.011526
v 0.126621 0.013000 -0.007614
v 0.126621 0.012674 -0.003702
v 0.126621 0.005640 0.008226
v 0.126621 0.002893 0.009526
v 0.126621 0.008105 0.006132
v 0.126621 0.010164 0.003348
v 0.126621 0.011713 0.000014
v 0.118621 -0.024876 -0.058758
v 0.118621 -0.026220 -0.055293
v 0.118621 -0.026913 -0.051495
v 0.118621 -0.026913 -0.047582
v 0.118621 -0.026220 -0.043784
v 0.118621 -0.024876 -0.040320
v 0.118621 -0.023084 -0.053091
v 0.118621 -0.023500 -0.049539
v 0.118621 -0.023084 -0.045986
v 0.118621 -0.022957 -0.061686
v 0.118621 -0.020577 -0.063909
v 0.118621 -0.017872 -0.065296
v 0.118621 -0.015000 -0.065767
v 0.118621 -0.012128 -0.065296
v 0.118621 -0.021877 -0.056295
v 0.118621 -0.019996 -0.058839
v 0.118621 -0.017627 -0.060471
v 0.118621 -0.015000 -0.061034
v 0.118621 -0.012373 -0.060471
v 0.118621 -0.009423 -0.063909
v 0.118621 -0.007043 -0.061686
v 0.118621 -0.005124 -0.058758
v 0.118621 -0.003780 -0.055293
v 0.118621 -0.010004 -0.058839
v 0.118621 -0.008123 -0.056295
v 0.118621 -0.006916 -0.053091
v 0.118621 -0.021877 -0.042782
v 0.118621 -0.022957 -0.037391
v 0.118621 -0.019996 -0.040239
v 0.118621 -0.020577 -0.035169
v 0.118621 -0.017872 -0.033781
v 0.118621 -0.015000 -0.033310
v 0.118621 -0.012128 -0.033781
v 0.118621 -0.017627 -0.038606
v 0.118621 -0.015000 -0.038043
v 0.118621 -0.012373 -0.038606
v 0.118621 -0.003087 -0.051495
v 0.118621 -0.003087 -0.047582
v 0.118621 -0.003780 -0.043784
v 0.118621 -0.005124 -0.040320
v 0.118621 -0.007043 -0.037391
v 0.118621 -0.006916 -0.045986
v 0.118621 -0.008123 -0.042782
v 0.118621 -0.010004 -0.040239
v 0.118621 -0.006500 -0.049539
v 0.118621 -0.009423 -0.035169
v 0.122621 -0.019996 -0.058839
v 0.122621 -0.021877 -0.056295
v 0.122621 -0.017627 -0.060471
v 0.122621 -0.015000 -0.061034
v 0.122621 -0.012373 -0.060471
v 0.122621 -0.015000 -0.049539
v 0.122621 -0.010004 -0.058839
v 0.122621 -0.008123 -0.056295
v 0.122621 -0.023084 -0.053091
v 0.122621 -0.023500 -0.049539
v 0.122621 -0.023084 -0.045986
v 0.122621 -0.021877 -0.042782
v 0.122621 -0.019996 -0.040239
v 0.122621 -0.017627 -0.038606
v 0.122621 -0.015000 -0.038043
v 0.122621 -0.012373 -0.038606
v 0.122621 -0.006916 -0.053091
v 0.122621 -0.006500 -0.049539
v 0.122621 -0.006916 -0.045986
v 0.122621 -0.010004 -0.040239
v 0.122621 -0.008123 -0.042782
v 0.118621 0.012128 -0.065296
v 0.118621 0.015000 -0.065767
v 0.118621 0.017872 -0.065296
v 0.118621 0.020577 -0.063909
v 0.118621 0.022957 -0.061686
v 0.118621 0.024876 -0.058758
v 0.118621 0.005124 -0.058758
v 0.118621 0.007043 -0.061686
v 0.118621 0.003780 -0.055293
v 0.118621 0.009423 -0.063909
v 0.118621 0.008123 -0.056295
v 0.118621 0.010004 -0.058839
v 0.118621 0.012373 -0.060471
v 0.118621 0.015000 -0.061034
v 0.118621 0.017627 -0.060471
v 0.118621 0.019996 -0.058839
v 0.118621 0.021877 -0.056295
v 0.118621 0.023084 -0.053091
v 0.118621 0.026220 -0.055293
v 0.118621 0.003087 -0.051495
v 0.118621 0.003087 -0.047582
v 0.118621 0.003780 -0.043784
v 0.118621 0.005124 -0.040320
v 0.118621 0.006916 -0.053091
v 0.118621 0.006500 -0.049539
v 0.118621 0.006916 -0.045986
v 0.118621 0.008123 -0.042782
v 0.118621 0.007043 -0.037391
v 0.118621 0.010004 -0.040239
v 0.118621 0.009423 -0.035169
v 0.118621 0.012128 -0.033781
v 0.118621 0.012373 -0.038606
v 0.118621 0.024876 -0.040320
v 0.118621 0.026913 -0.051495
v 0.118621 0.023500 -0.049539
v 0.118621 0.026913 -0.047582
v 0.118621 0.023084 -0.045986
v 0.118621 0.019996 -0.040239
v 0.118621 0.021877 -0.042782
v 0.118621 0.022957 -0.037391
v 0.118621 0.026220 -0.043784
v 0.118621 0.017872 -0.033781
v 0.118621 0.015000 -0.033310
v 0.118621 0.020577 -0.035169
v 0.118621 0.015000 -0.038043
v 0.118621 0.017627 -0.038606
v 0.122621 0.008123 -0.056295
v 0.122621 0.012373 -0.060471
v 0.122621 0.010004 -0.058839
v 0.122621 0.015000 -0.049539
v 0.122621 0.015000 -0.061034
v 0.122621 0.017627 -0.060471
v 0.122621 0.019996 -0.058839
v 0.122621 0.021877 -0.056295
v 0.122621 0.006916 -0.053091
v 0.122621 0.006500 -0.049539
v 0.122621 0.006916 -0.045986
v 0.122621 0.008123 -0.042782
v 0.122621 0.010004 -0.040239
v 0.122621 0.012373 -0.038606
v 0.122621 0.019996 -0.040239
v 0.122621 0.017627 -0.038606
v 0.122621 0.015000 -0.038043
v 0.122621 0.023084 -0.053091
v 0.122621 0.023500 -0.049539
v 0.122621 0.023084 -0.045986
v 0.122621 0.021877 -0.042782
v 0.104990 -0.016000 0.017439
v 0.104990 -0.001301 0.014326
v 0.104990 0.000000 0.014676
v 0.104990 0.016000 0.017439
v 0.104990 0.001301 0.014326
v 0.097910 -0.035996 -0.004719
v 0.099356 -0.034584 -0.006865
v 0.100692 -0.035621 -0.004406
v 0.101738 -0.033630 -0.006697
v 0.100249 -0.032245 -0.008820
v 0.102410 -0.031121 -0.008167
v 0.104104 -0.032168 -0.005475
v 0.103200 -0.034533 -0.003497
v 0.104229 -0.029785 -0.006765
v 0.104229 -0.026894 -0.006765
v 0.105674 -0.030679 -0.003601
v 0.105566 -0.028340 -0.004719
v 0.105674 -0.026001 -0.003601
v 0.094005 -0.036104 -0.001484
v 0.093179 -0.035996 0.001680
v 0.095451 -0.036997 0.001680
v 0.094005 -0.036104 0.004843
v 0.096448 -0.036899 -0.001520
v 0.099373 -0.036899 -0.001520
v 0.097910 -0.037340 0.001680
v 0.096448 -0.036899 0.004879
v 0.100370 -0.036997 0.001680
v 0.099373 -0.036899 0.004879
v 0.092620 -0.034533 0.006857
v 0.095129 -0.035621 0.007766
v 0.094082 -0.033630 0.010056
v 0.093410 -0.031121 0.011527
v 0.095571 -0.032245 0.012180
v 0.097910 -0.035996 0.008079
v 0.096465 -0.034584 0.010225
v 0.099356 -0.034584 0.010225
v 0.097910 -0.033071 0.012034
v 0.100249 -0.032245 0.012180
v 0.101815 -0.036104 -0.001484
v 0.104154 -0.034658 -0.000275
v 0.102642 -0.035996 0.001680
v 0.101815 -0.036104 0.004843
v 0.104154 -0.034658 0.003635
v 0.105192 -0.032840 -0.002082
v 0.106470 -0.030705 -0.000298
v 0.105566 -0.033071 0.001680
v 0.106470 -0.030705 0.003657
v 0.100692 -0.035621 0.007766
v 0.103200 -0.034533 0.006857
v 0.101738 -0.033630 0.010056
v 0.102410 -0.031121 0.011527
v 0.104104 -0.032168 0.008834
v 0.105192 -0.032840 0.005441
v 0.105674 -0.030679 0.006961
v 0.106568 -0.028340 -0.001646
v 0.106910 -0.028340 0.001680
v 0.106568 -0.028340 0.005006
v 0.105192 -0.023840 -0.002082
v 0.106470 -0.025974 -0.000298
v 0.106470 -0.025974 0.003657
v 0.105566 -0.023608 0.001680
v 0.104229 -0.029785 0.010124
v 0.102642 -0.028340 0.012034
v 0.104229 -0.026894 0.010124
v 0.102410 -0.025559 0.011527
v 0.104104 -0.024512 0.008834
v 0.105566 -0.028340 0.008079
v 0.105674 -0.026001 0.006961
v 0.105192 -0.023840 0.005441
v 0.097910 -0.030799 0.013388
v 0.095545 -0.029802 0.013256
v 0.097910 -0.028340 0.013851
v 0.095545 -0.026878 0.013256
v 0.100276 -0.029802 0.013256
v 0.097910 -0.025880 0.013388
v 0.100276 -0.026878 0.013256
v 0.100249 -0.024435 0.012180
v 0.104154 -0.022021 0.003635
v 0.101738 -0.023050 0.010056
v 0.103200 -0.022146 0.006857
v 0.100249 0.024435 0.012180
v 0.104154 0.022021 0.003635
v 0.105192 0.023840 -0.002082
v 0.105674 0.026001 -0.003601
v 0.105566 0.023608 0.001680
v 0.106470 0.025974 -0.000298
v 0.103200 0.022146 0.006857
v 0.101738 0.023050 0.010056
v 0.102410 0.025559 0.011527
v 0.104104 0.024512 0.008834
v 0.105192 0.023840 0.005441
v 0.106470 0.025974 0.003657
v 0.105674 0.026001 0.006961
v 0.097910 0.025880 0.013388
v 0.099356 0.034584 -0.006865
v 0.097910 0.035996 -0.004719
v 0.104229 0.026894 -0.006765
v 0.104229 0.029785 -0.006765
v 0.102410 0.031121 -0.008167
v 0.104104 0.032168 -0.005475
v 0.105566 0.028340 -0.004719
v 0.105674 0.030679 -0.003601
v 0.100249 0.032245 -0.008820
v 0.101738 0.033630 -0.006697
v 0.103200 0.034533 -0.003497
v 0.100692 0.035621 -0.004406
v 0.093410 0.031121 0.011527
v 0.094005 0.036104 -0.001484
v 0.093179 0.035996 0.001680
v 0.094005 0.036104 0.004843
v 0.095451 0.036997 0.001680
v 0.096448 0.036899 -0.001520
v 0.099373 0.036899 -0.001520
v 0.097910 0.037340 0.001680
v 0.096448 0.036899 0.004879
v 0.100370 0.036997 0.001680
v 0.099373 0.036899 0.004879
v 0.092620 0.034533 0.006857
v 0.094082 0.033630 0.010056
v 0.095571 0.032245 0.012180
v 0.095129 0.035621 0.007766
v 0.096465 0.034584 0.010225
v 0.097910 0.033071 0.012034
v 0.099356 0.034584 0.010225
v 0.100249 0.032245 0.012180
v 0.097910 0.035996 0.008079
v 0.106568 0.028340 -0.001646
v 0.106910 0.028340 0.001680
v 0.106568 0.028340 0.005006
v 0.106470 0.030705 -0.000298
v 0.106470 0.030705 0.003657
v 0.104229 0.026894 0.010124
v 0.102642 0.028340 0.012034
v 0.104229 0.029785 0.010124
v 0.102410 0.031121 0.011527
v 0.104104 0.032168 0.008834
v 0.105566 0.028340 0.008079
v 0.105674 0.030679 0.006961
v 0.101815 0.036104 -0.001484
v 0.104154 0.034658 -0.000275
v 0.102642 0.035996 0.001680
v 0.104154 0.034658 0.003635
v 0.101815 0.036104 0.004843
v 0.105192 0.032840 -0.002082
v 0.105566 0.033071 0.001680
v 0.101738 0.033630 0.010056
v 0.103200 0.034533 0.006857
v 0.100692 0.035621 0.007766
v 0.105192 0.032840 0.005441
v 0.095545 0.029802 0.013256
v 0.095545 0.026878 0.013256
v 0.097910 0.028340 0.013851
v 0.100276 0.026878 0.013256
v 0.097910 0.030799 0.013388
v 0.100276 0.029802 0.013256
v 0.027816 -0.037982 -0.039680
v 0.030597 -0.038357 -0.039993
v 0.029135 -0.039261 -0.036793
v 0.029151 -0.036945 -0.042139
v 0.033378 -0.037982 -0.039680
v 0.032059 -0.039261 -0.036793
v 0.032043 -0.036945 -0.042139
v 0.025865 -0.038357 -0.033594
v 0.024353 -0.037020 -0.035549
v 0.026692 -0.038465 -0.036757
v 0.026692 -0.038465 -0.030430
v 0.024353 -0.037020 -0.031639
v 0.025307 -0.036895 -0.038771
v 0.028138 -0.039359 -0.033594
v 0.030597 -0.039701 -0.033594
v 0.029135 -0.039261 -0.030394
v 0.032059 -0.039261 -0.030394
v 0.033056 -0.039359 -0.033594
v 0.034502 -0.038465 -0.036757
v 0.035887 -0.036895 -0.038771
v 0.035329 -0.038357 -0.033594
v 0.034502 -0.038465 -0.030430
v 0.027816 -0.037982 -0.027508
v 0.025307 -0.036895 -0.028417
v 0.030597 -0.038357 -0.027195
v 0.029151 -0.036945 -0.025049
v 0.033378 -0.037982 -0.027508
v 0.032043 -0.036945 -0.025049
v 0.035887 -0.036895 -0.028417
v 0.024403 -0.034529 -0.040748
v 0.026097 -0.033482 -0.043441
v 0.026769 -0.035991 -0.041970
v 0.023316 -0.035201 -0.037355
v 0.024279 -0.032147 -0.042038
v 0.025865 -0.030701 -0.043948
v 0.022833 -0.033040 -0.038875
v 0.022941 -0.030701 -0.039993
v 0.024279 -0.029256 -0.042038
v 0.026097 -0.027920 -0.043441
v 0.022833 -0.028362 -0.038875
v 0.024403 -0.026873 -0.040748
v 0.023316 -0.026201 -0.037355
v 0.026769 -0.025411 -0.041970
v 0.025307 -0.024508 -0.038771
v 0.028258 -0.034606 -0.044094
v 0.030597 -0.035433 -0.043948
v 0.030597 -0.033161 -0.045302
v 0.028231 -0.032163 -0.045170
v 0.030597 -0.030701 -0.045765
v 0.032936 -0.034606 -0.044094
v 0.035097 -0.033482 -0.043441
v 0.034425 -0.035991 -0.041970
v 0.036791 -0.034529 -0.040748
v 0.032963 -0.032163 -0.045170
v 0.035329 -0.030701 -0.043948
v 0.028231 -0.029239 -0.045170
v 0.030597 -0.028242 -0.045302
v 0.028258 -0.026796 -0.044094
v 0.030597 -0.025970 -0.043948
v 0.029151 -0.024457 -0.042139
v 0.032963 -0.029239 -0.045170
v 0.035097 -0.027920 -0.043441
v 0.032936 -0.026796 -0.044094
v 0.032043 -0.024457 -0.042139
v 0.034425 -0.025411 -0.041970
v 0.036791 -0.026873 -0.040748
v 0.022941 -0.035433 -0.033594
v 0.022037 -0.033067 -0.035571
v 0.023316 -0.035201 -0.029833
v 0.022037 -0.033067 -0.031616
v 0.021940 -0.030701 -0.036920
v 0.021597 -0.030701 -0.033594
v 0.021940 -0.030701 -0.030268
v 0.024403 -0.034529 -0.026439
v 0.026769 -0.035991 -0.025217
v 0.026097 -0.033482 -0.023747
v 0.022833 -0.033040 -0.028313
v 0.024279 -0.032147 -0.025149
v 0.022941 -0.030701 -0.027195
v 0.025865 -0.030701 -0.023240
v 0.022037 -0.028336 -0.035571
v 0.022037 -0.028336 -0.031616
v 0.022941 -0.025970 -0.033594
v 0.024353 -0.024383 -0.035549
v 0.023316 -0.026201 -0.029833
v 0.024353 -0.024383 -0.031639
v 0.022833 -0.028362 -0.028313
v 0.024279 -0.029256 -0.025149
v 0.024403 -0.026873 -0.026439
v 0.026097 -0.027920 -0.023747
v 0.025307 -0.024508 -0.028417
v 0.026769 -0.025411 -0.025217
v 0.028258 -0.034606 -0.023094
v 0.030597 -0.035433 -0.023240
v 0.030597 -0.033161 -0.021885
v 0.028231 -0.032163 -0.022018
v 0.034425 -0.035991 -0.025217
v 0.032936 -0.034606 -0.023094
v 0.035097 -0.033482 -0.023747
v 0.036791 -0.034529 -0.026439
v 0.032963 -0.032163 -0.022018
v 0.035329 -0.030701 -0.023240
v 0.028231 -0.029239 -0.022018
v 0.028258 -0.026796 -0.023094
v 0.029151 -0.024457 -0.025049
v 0.030597 -0.028242 -0.021885
v 0.030597 -0.025970 -0.023240
v 0.032963 -0.029239 -0.022018
v 0.035097 -0.027920 -0.023747
v 0.032936 -0.026796 -0.023094
v 0.034425 -0.025411 -0.025217
v 0.032043 -0.024457 -0.025049
v 0.036791 -0.026873 -0.026439
v 0.036841 -0.037020 -0.035549
v 0.036841 -0.037020 -0.031639
v 0.037878 -0.035201 -0.037355
v 0.036915 -0.032147 -0.042038
v 0.038361 -0.033040 -0.038875
v 0.038253 -0.030701 -0.039993
v 0.036915 -0.029256 -0.042038
v 0.038361 -0.028362 -0.038875
v 0.037878 -0.026201 -0.037355
v 0.035887 -0.024508 -0.038771
v 0.038253 -0.035433 -0.033594
v 0.039157 -0.033067 -0.035571
v 0.037878 -0.035201 -0.029833
v 0.039157 -0.033067 -0.031616
v 0.039254 -0.030701 -0.036920
v 0.039597 -0.030701 -0.033594
v 0.039254 -0.030701 -0.030268
v 0.038361 -0.033040 -0.028313
v 0.036915 -0.032147 -0.025149
v 0.038253 -0.030701 -0.027195
v 0.039157 -0.028336 -0.035571
v 0.039157 -0.028336 -0.031616
v 0.036841 -0.024383 -0.035549
v 0.038253 -0.025970 -0.033594
v 0.036841 -0.024383 -0.031639
v 0.037878 -0.026201 -0.029833
v 0.038361 -0.028362 -0.028313
v 0.036915 -0.029256 -0.025149
v 0.035887 -0.024508 -0.028417
v 0.027816 -0.023420 -0.039680
v 0.030597 -0.023045 -0.039993
v 0.029135 -0.022142 -0.036793
v 0.033378 -0.023420 -0.039680
v 0.032059 -0.022142 -0.036793
v 0.026692 -0.022937 -0.036757
v 0.025865 -0.023045 -0.033594
v 0.026692 -0.022937 -0.030430
v 0.028138 -0.022044 -0.033594
v 0.030597 -0.021701 -0.033594
v 0.029135 -0.022142 -0.030394
v 0.032059 -0.022142 -0.030394
v 0.033056 -0.022044 -0.033594
v 0.034502 -0.022937 -0.036757
v 0.035329 -0.023045 -0.033594
v 0.034502 -0.022937 -0.030430
v 0.027816 -0.023420 -0.027508
v 0.030597 -0.023045 -0.027195
v 0.033378 -0.023420 -0.027508
v 0.030597 -0.030701 -0.021422
v 0.027816 0.023420 -0.039680
v 0.026769 0.025411 -0.041970
v 0.029151 0.024457 -0.042139
v 0.025307 0.024508 -0.038771
v 0.030597 0.023045 -0.039993
v 0.029135 0.022142 -0.036793
v 0.032043 0.024457 -0.042139
v 0.030597 0.025970 -0.043948
v 0.033378 0.023420 -0.039680
v 0.032059 0.022142 -0.036793
v 0.034425 0.025411 -0.041970
v 0.035887 0.024508 -0.038771
v 0.026692 0.022937 -0.036757
v 0.024353 0.024383 -0.035549
v 0.025865 0.023045 -0.033594
v 0.024353 0.024383 -0.031639
v 0.022941 0.025970 -0.033594
v 0.026692 0.022937 -0.030430
v 0.025307 0.024508 -0.028417
v 0.028138 0.022044 -0.033594
v 0.030597 0.021701 -0.033594
v 0.029135 0.022142 -0.030394
v 0.032059 0.022142 -0.030394
v 0.033056 0.022044 -0.033594
v 0.034502 0.022937 -0.036757
v 0.035329 0.023045 -0.033594
v 0.034502 0.022937 -0.030430
v 0.027816 0.023420 -0.027508
v 0.026769 0.025411 -0.025217
v 0.030597 0.023045 -0.027195
v 0.029151 0.024457 -0.025049
v 0.032043 0.024457 -0.025049
v 0.030597 0.025970 -0.023240
v 0.033378 0.023420 -0.027508
v 0.035887 0.024508 -0.028417
v 0.034425 0.025411 -0.025217
v 0.036841 0.024383 -0.035549
v 0.036841 0.024383 -0.031639
v 0.038253 0.025970 -0.033594
v 0.024403 0.026873 -0.040748
v 0.023316 0.026201 -0.037355
v 0.022833 0.028362 -0.038875
v 0.026097 0.027920 -0.043441
v 0.024279 0.029256 -0.042038
v 0.025865 0.030701 -0.043948
v 0.022941 0.030701 -0.039993
v 0.024279 0.032147 -0.042038
v 0.026097 0.033482 -0.043441
v 0.022833 0.033040 -0.038875
v 0.024403 0.034529 -0.040748
v 0.023316 0.035201 -0.037355
v 0.026769 0.035991 -0.041970
v 0.025307 0.036895 -0.038771
v 0.028258 0.026796 -0.044094
v 0.028231 0.029239 -0.045170
v 0.030597 0.028242 -0.045302
v 0.028231 0.032163 -0.045170
v 0.030597 0.030701 -0.045765
v 0.032936 0.026796 -0.044094
v 0.032963 0.029239 -0.045170
v 0.035097 0.027920 -0.043441
v 0.036791 0.026873 -0.040748
v 0.032963 0.032163 -0.045170
v 0.035329 0.030701 -0.043948
v 0.028258 0.034606 -0.044094
v 0.030597 0.033161 -0.045302
v 0.029151 0.036945 -0.042139
v 0.030597 0.035433 -0.043948
v 0.027816 0.037982 -0.039680
v 0.032043 0.036945 -0.042139
v 0.030597 0.038357 -0.039993
v 0.032936 0.034606 -0.044094
v 0.035097 0.033482 -0.043441
v 0.034425 0.035991 -0.041970
v 0.036791 0.034529 -0.040748
v 0.033378 0.037982 -0.039680
v 0.035887 0.036895 -0.038771
v 0.022037 0.028336 -0.035571
v 0.023316 0.026201 -0.029833
v 0.022037 0.028336 -0.031616
v 0.021940 0.030701 -0.036920
v 0.021597 0.030701 -0.033594
v 0.021940 0.030701 -0.030268
v 0.022833 0.028362 -0.028313
v 0.024403 0.026873 -0.026439
v 0.026097 0.027920 -0.023747
v 0.024279 0.029256 -0.025149
v 0.022941 0.030701 -0.027195
v 0.024279 0.032147 -0.025149
v 0.025865 0.030701 -0.023240
v 0.022037 0.033067 -0.035571
v 0.022037 0.033067 -0.031616
v 0.022941 0.035433 -0.033594
v 0.024353 0.037020 -0.035549
v 0.026692 0.038465 -0.036757
v 0.023316 0.035201 -0.029833
v 0.024353 0.037020 -0.031639
v 0.025865 0.038357 -0.033594
v 0.022833 0.033040 -0.028313
v 0.024403 0.034529 -0.026439
v 0.026097 0.033482 -0.023747
v 0.025307 0.036895 -0.028417
v 0.026769 0.035991 -0.025217
v 0.026692 0.038465 -0.030430
v 0.028258 0.026796 -0.023094
v 0.028231 0.029239 -0.022018
v 0.030597 0.028242 -0.021885
v 0.028231 0.032163 -0.022018
v 0.032936 0.026796 -0.023094
v 0.032963 0.029239 -0.022018
v 0.035097 0.027920 -0.023747
v 0.036791 0.026873 -0.026439
v 0.035329 0.030701 -0.023240
v 0.032963 0.032163 -0.022018
v 0.028258 0.034606 -0.023094
v 0.030597 0.033161 -0.021885
v 0.027816 0.037982 -0.027508
v 0.029151 0.036945 -0.025049
v 0.030597 0.035433 -0.023240
v 0.032043 0.036945 -0.025049
v 0.030597 0.038357 -0.027195
v 0.032936 0.034606 -0.023094
v 0.035097 0.033482 -0.023747
v 0.034425 0.035991 -0.025217
v 0.035887 0.036895 -0.028417
v 0.033378 0.037982 -0.027508
v 0.036791 0.034529 -0.026439
v 0.029135 0.039261 -0.036793
v 0.032059 0.039261 -0.036793
v 0.028138 0.039359 -0.033594
v 0.030597 0.039701 -0.033594
v 0.029135 0.039261 -0.030394
v 0.032059 0.039261 -0.030394
v 0.033056 0.039359 -0.033594
v 0.034502 0.038465 -0.036757
v 0.035329 0.038357 -0.033594
v 0.034502 0.038465 -0.030430
v 0.037878 0.026201 -0.037355
v 0.036915 0.029256 -0.042038
v 0.038361 0.028362 -0.038875
v 0.036915 0.032147 -0.042038
v 0.038253 0.030701 -0.039993
v 0.038361 0.033040 -0.038875
v 0.037878 0.035201 -0.037355
v 0.039157 0.028336 -0.035571
v 0.037878 0.026201 -0.029833
v 0.039157 0.028336 -0.031616
v 0.039254 0.030701 -0.036920
v 0.039597 0.030701 -0.033594
v 0.039254 0.030701 -0.030268
v 0.038361 0.028362 -0.028313
v 0.036915 0.029256 -0.025149
v 0.038253 0.030701 -0.027195
v 0.036915 0.032147 -0.025149
v 0.039157 0.033067 -0.035571
v 0.039157 0.033067 -0.031616
v 0.038253 0.035433 -0.033594
v 0.036841 0.037020 -0.035549
v 0.036841 0.037020 -0.031639
v 0.037878 0.035201 -0.029833
v 0.038361 0.033040 -0.028313
v 0.030597 0.030701 -0.021422
v -0.016393 -0.032168 0.026439
v -0.017480 -0.032840 0.029833
v -0.017963 -0.030679 0.028313
v -0.015489 -0.034533 0.028417
v -0.014027 -0.033630 0.025217
v -0.014699 -0.031121 0.023747
v -0.012980 -0.035621 0.027508
v -0.011645 -0.034584 0.025049
v -0.014104 -0.036104 0.030430
v -0.010199 -0.035996 0.027195
v -0.011661 -0.036899 0.030394
v -0.008753 -0.034584 0.025049
v -0.012538 -0.032245 0.023094
v -0.010199 -0.033071 0.023240
v -0.010199 -0.030799 0.021885
v -0.016517 -0.029785 0.025149
v -0.014931 -0.028340 0.023240
v -0.016517 -0.026894 0.025149
v -0.017855 -0.028340 0.027195
v -0.018856 -0.028340 0.030268
v -0.014699 -0.025559 0.023747
v -0.017963 -0.026001 0.028313
v -0.016393 -0.024512 0.026439
v -0.012565 -0.029802 0.022018
v -0.012565 -0.026878 0.022018
v -0.010199 -0.028340 0.021422
v -0.012538 -0.024435 0.023094
v -0.010199 -0.025880 0.021885
v -0.007418 -0.035621 0.027508
v -0.008737 -0.036899 0.030394
v -0.006371 -0.033630 0.025217
v -0.004909 -0.034533 0.028417
v -0.006294 -0.036104 0.030430
v -0.007860 -0.032245 0.023094
v -0.005699 -0.031121 0.023747
v -0.004005 -0.032168 0.026439
v -0.002918 -0.032840 0.029833
v -0.002435 -0.030679 0.028313
v -0.007833 -0.029802 0.022018
v -0.007833 -0.026878 0.022018
v -0.005467 -0.028340 0.023240
v -0.007860 -0.024435 0.023094
v -0.005699 -0.025559 0.023747
v -0.003881 -0.029785 0.025149
v -0.003881 -0.026894 0.025149
v -0.002543 -0.028340 0.027195
v -0.001542 -0.028340 0.030268
v -0.004005 -0.024512 0.026439
v -0.002435 -0.026001 0.028313
v -0.016443 -0.034658 0.031639
v -0.014931 -0.035996 0.033594
v -0.016443 -0.034658 0.035549
v -0.014104 -0.036104 0.036757
v -0.015489 -0.034533 0.038771
v -0.017855 -0.033071 0.033594
v -0.018759 -0.030705 0.031616
v -0.017480 -0.032840 0.037355
v -0.018759 -0.030705 0.035571
v -0.017963 -0.030679 0.038875
v -0.012658 -0.036997 0.033594
v -0.010199 -0.037340 0.033594
v -0.011661 -0.036899 0.036793
v -0.008737 -0.036899 0.036793
v -0.016393 -0.032168 0.040748
v -0.014027 -0.033630 0.041970
v -0.014699 -0.031121 0.043441
v -0.012980 -0.035621 0.039680
v -0.011645 -0.034584 0.042139
v -0.010199 -0.035996 0.039993
v -0.008753 -0.034584 0.042139
v -0.012538 -0.032245 0.044094
v -0.010199 -0.033071 0.043948
v -0.010199 -0.030799 0.045302
v -0.019199 -0.028340 0.033594
v -0.018856 -0.028340 0.036920
v -0.018759 -0.025974 0.031616
v -0.017480 -0.023840 0.029833
v -0.018759 -0.025974 0.035571
v -0.017963 -0.026001 0.038875
v -0.017855 -0.023608 0.033594
v -0.017480 -0.023840 0.037355
v -0.016517 -0.029785 0.042038
v -0.017855 -0.028340 0.039993
v -0.016517 -0.026894 0.042038
v -0.014931 -0.028340 0.043948
v -0.016393 -0.024512 0.040748
v -0.014699 -0.025559 0.043441
v -0.012565 -0.029802 0.045170
v -0.012565 -0.026878 0.045170
v -0.010199 -0.028340 0.045765
v -0.012538 -0.024435 0.044094
v -0.010199 -0.025880 0.045302
v -0.007740 -0.036997 0.033594
v -0.005467 -0.035996 0.033594
v -0.006294 -0.036104 0.036757
v -0.003955 -0.034658 0.031639
v -0.003955 -0.034658 0.035549
v -0.004909 -0.034533 0.038771
v -0.002543 -0.033071 0.033594
v -0.001639 -0.030705 0.031616
v -0.002918 -0.032840 0.037355
v -0.001639 -0.030705 0.035571
v -0.002435 -0.030679 0.038875
v -0.007418 -0.035621 0.039680
v -0.006371 -0.033630 0.041970
v -0.007860 -0.032245 0.044094
v -0.005699 -0.031121 0.043441
v -0.004005 -0.032168 0.040748
v -0.001199 -0.028340 0.033594
v -0.001542 -0.028340 0.036920
v -0.001639 -0.025974 0.031616
v -0.002918 -0.023840 0.029833
v -0.001639 -0.025974 0.035571
v -0.002435 -0.026001 0.038875
v -0.002543 -0.023608 0.033594
v -0.002918 -0.023840 0.037355
v -0.007833 -0.029802 0.045170
v -0.007833 -0.026878 0.045170
v -0.005467 -0.028340 0.043948
v -0.007860 -0.024435 0.044094
v -0.005699 -0.025559 0.043441
v -0.003881 -0.029785 0.042038
v -0.002543 -0.028340 0.039993
v -0.003881 -0.026894 0.042038
v -0.004005 -0.024512 0.040748
v -0.014027 -0.023050 0.025217
v -0.015489 -0.022146 0.028417
v -0.011645 -0.022096 0.025049
v -0.010199 -0.023608 0.023240
v -0.008753 -0.022096 0.025049
v -0.012980 -0.021059 0.027508
v -0.014104 -0.020576 0.030430
v -0.010199 -0.020684 0.027195
v -0.011661 -0.019780 0.030394
v -0.006371 -0.023050 0.025217
v -0.007418 -0.021059 0.027508
v -0.004909 -0.022146 0.028417
v -0.008737 -0.019780 0.030394
v -0.006294 -0.020576 0.030430
v -0.016443 -0.022021 0.031639
v -0.016443 -0.022021 0.035549
v -0.015489 -0.022146 0.038771
v -0.014931 -0.020684 0.033594
v -0.014104 -0.020576 0.036757
v -0.012658 -0.019682 0.033594
v -0.010199 -0.019340 0.033594
v -0.011661 -0.019780 0.036793
v -0.008737 -0.019780 0.036793
v -0.014027 -0.023050 0.041970
v -0.012980 -0.021059 0.039680
v -0.011645 -0.022096 0.042139
v -0.010199 -0.023608 0.043948
v -0.008753 -0.022096 0.042139
v -0.010199 -0.020684 0.039993
v -0.007740 -0.019682 0.033594
v -0.005467 -0.020684 0.033594
v -0.006294 -0.020576 0.036757
v -0.003955 -0.022021 0.031639
v -0.003955 -0.022021 0.035549
v -0.004909 -0.022146 0.038771
v -0.006371 -0.023050 0.041970
v -0.007418 -0.021059 0.039680
v -0.016393 0.024512 0.026439
v -0.017480 0.023840 0.029833
v -0.017963 0.026001 0.028313
v -0.015489 0.022146 0.028417
v -0.014027 0.023050 0.025217
v -0.014699 0.025559 0.023747
v -0.012980 0.021059 0.027508
v -0.014104 0.020576 0.030430
v -0.011645 0.022096 0.025049
v -0.010199 0.020684 0.027195
v -0.008753 0.022096 0.025049
v -0.011661 0.019780 0.030394
v -0.012538 0.024435 0.023094
v -0.010199 0.023608 0.023240
v -0.010199 0.025880 0.021885
v -0.007418 0.021059 0.027508
v -0.008737 0.019780 0.030394
v -0.004909 0.022146 0.028417
v -0.006294 0.020576 0.030430
v -0.007860 0.024435 0.023094
v -0.006371 0.023050 0.025217
v -0.005699 0.025559 0.023747
v -0.004005 0.024512 0.026439
v -0.002918 0.023840 0.029833
v -0.002435 0.026001 0.028313
v -0.016443 0.022021 0.031639
v -0.014931 0.020684 0.033594
v -0.016443 0.022021 0.035549
v -0.014104 0.020576 0.036757
v -0.015489 0.022146 0.038771
v -0.017855 0.023608 0.033594
v -0.018759 0.025974 0.031616
v -0.017480 0.023840 0.037355
v -0.018759 0.025974 0.035571
v -0.012658 0.019682 0.033594
v -0.010199 0.019340 0.033594
v -0.011661 0.019780 0.036793
v -0.008737 0.019780 0.036793
v -0.016393 0.024512 0.040748
v -0.017963 0.026001 0.038875
v -0.014027 0.023050 0.041970
v -0.014699 0.025559 0.043441
v -0.012980 0.021059 0.039680
v -0.010199 0.020684 0.039993
v -0.011645 0.022096 0.042139
v -0.008753 0.022096 0.042139
v -0.012538 0.024435 0.044094
v -0.010199 0.023608 0.043948
v -0.010199 0.025880 0.045302
v -0.007740 0.019682 0.033594
v -0.005467 0.020684 0.033594
v -0.006294 0.020576 0.036757
v -0.003955 0.022021 0.031639
v -0.003955 0.022021 0.035549
v -0.004909 0.022146 0.038771
v -0.002543 0.023608 0.033594
v -0.001639 0.025974 0.031616
v -0.002918 0.023840 0.037355
v -0.001639 0.025974 0.035571
v -0.007418 0.021059 0.039680
v -0.006371 0.023050 0.041970
v -0.007860 0.024435 0.044094
v -0.005699 0.025559 0.043441
v -0.004005 0.024512 0.040748
v -0.002435 0.026001 0.038875
v -0.016517 0.026894 0.025149
v -0.014931 0.028340 0.023240
v -0.018856 0.028340 0.030268
v -0.017855 0.028340 0.027195
v -0.016517 0.029785 0.025149
v -0.014699 0.031121 0.023747
v -0.017963 0.030679 0.028313
v -0.016393 0.032168 0.026439
v -0.012565 0.026878 0.022018
v -0.010199 0.028340 0.021422
v -0.012565 0.029802 0.022018
v -0.012538 0.032245 0.023094
v -0.010199 0.030799 0.021885
v -0.017480 0.032840 0.029833
v -0.014027 0.033630 0.025217
v -0.015489 0.034533 0.028417
v -0.011645 0.034584 0.025049
v -0.010199 0.033071 0.023240
v -0.008753 0.034584 0.025049
v -0.012980 0.035621 0.027508
v -0.014104 0.036104 0.030430
v -0.010199 0.035996 0.027195
v -0.011661 0.036899 0.030394
v -0.007833 0.026878 0.022018
v -0.005467 0.028340 0.023240
v -0.007833 0.029802 0.022018
v -0.007860 0.032245 0.023094
v -0.005699 0.031121 0.023747
v -0.003881 0.026894 0.025149
v -0.002543 0.028340 0.027195
v -0.001542 0.028340 0.030268
v -0.003881 0.029785 0.025149
v -0.004005 0.032168 0.026439
v -0.002435 0.030679 0.028313
v -0.006371 0.033630 0.025217
v -0.007418 0.035621 0.027508
v -0.008737 0.036899 0.030394
v -0.004909 0.034533 0.028417
v -0.006294 0.036104 0.030430
v -0.002918 0.032840 0.029833
v -0.019199 0.028340 0.033594
v -0.018856 0.028340 0.036920
v -0.018759 0.030705 0.031616
v -0.018759 0.030705 0.035571
v -0.017963 0.030679 0.038875
v -0.016517 0.026894 0.042038
v -0.017855 0.028340 0.039993
v -0.014931 0.028340 0.043948
v -0.016517 0.029785 0.042038
v -0.016393 0.032168 0.040748
v -0.014699 0.031121 0.043441
v -0.012565 0.026878 0.045170
v -0.010199 0.028340 0.045765
v -0.012565 0.029802 0.045170
v -0.012538 0.032245 0.044094
v -0.010199 0.030799 0.045302
v -0.017855 0.033071 0.033594
v -0.016443 0.034658 0.031639
v -0.017480 0.032840 0.037355
v -0.016443 0.034658 0.035549
v -0.015489 0.034533 0.038771
v -0.014931 0.035996 0.033594
v -0.014104 0.036104 0.036757
v -0.012658 0.036997 0.033594
v -0.010199 0.037340 0.033594
v -0.011661 0.036899 0.036793
v -0.008737 0.036899 0.036793
v -0.014027 0.033630 0.041970
v -0.011645 0.034584 0.042139
v -0.010199 0.033071 0.043948
v -0.008753 0.034584 0.042139
v -0.012980 0.035621 0.039680
v -0.010199 0.035996 0.039993
v -0.001199 0.028340 0.033594
v -0.001542 0.028340 0.036920
v -0.001639 0.030705 0.031616
v -0.001639 0.030705 0.035571
v -0.002435 0.030679 0.038875
v -0.007833 0.026878 0.045170
v -0.005467 0.028340 0.043948
v -0.007833 0.029802 0.045170
v -0.007860 0.032245 0.044094
v -0.005699 0.031121 0.043441
v -0.003881 0.026894 0.042038
v -0.002543 0.028340 0.039993
v -0.003881 0.029785 0.042038
v -0.004005 0.032168 0.040748
v -0.007740 0.036997 0.033594
v -0.005467 0.035996 0.033594
v -0.006294 0.036104 0.036757
v -0.003955 0.034658 0.031639
v -0.002543 0.033071 0.033594
v -0.003955 0.034658 0.035549
v -0.004909 0.034533 0.038771
v -0.002918 0.032840 0.037355
v -0.006371 0.033630 0.041970
v -0.007418 0.035621 0.039680
v 0.105470 -0.001301 0.014326
v 0.105470 0.000000 0.014676
v 0.105470 0.001301 0.014326
f 1 2 3
f 1 4 5
f 1 5 2
f 1 6 4
f 6 7 4
f 6 8 7
f 6 9 8
f 9 10 11
f 9 12 8
f 9 11 12
f 13 14 15
f 16 15 14
f 16 14 17
f 13 18 19
f 18 20 19
f 13 19 14
f 20 21 22
f 21 23 22
f 19 20 22
f 23 24 22
f 25 26 27
f 25 28 29
f 25 30 28
f 25 27 30
f 29 28 31
f 29 31 32
f 29 32 33
f 33 34 35
f 33 32 36
f 33 36 37
f 33 37 34
f 35 34 38
f 35 38 39
f 35 39 40
f 39 41 40
f 25 3 26
f 1 3 42
f 26 3 43
f 3 44 43
f 2 44 3
f 25 29 42
f 25 42 3
f 1 42 6
f 6 42 9
f 29 33 42
f 33 35 42
f 35 40 42
f 42 40 45
f 40 46 45
f 40 41 46
f 45 46 47
f 45 47 48
f 42 45 49
f 45 50 49
f 45 48 50
f 50 51 49
f 42 49 52
f 42 52 53
f 49 54 52
f 49 51 54
f 52 55 53
f 54 56 52
f 52 56 55
f 9 42 10
f 10 57 58
f 11 10 58
f 42 59 10
f 42 60 59
f 10 59 61
f 10 61 57
f 59 62 61
f 59 60 63
f 59 64 62
f 59 63 64
f 60 65 63
f 60 66 65
f 42 67 60
f 42 68 67
f 42 69 68
f 42 70 69
f 60 67 66
f 67 68 71
f 67 72 66
f 67 73 72
f 67 71 73
f 68 69 74
f 74 69 75
f 68 76 71
f 68 74 76
f 42 53 70
f 77 53 78
f 70 53 77
f 70 77 79
f 70 80 81
f 70 79 80
f 55 78 53
f 70 81 69
f 81 75 69
f 82 83 84
f 85 83 86
f 85 84 83
f 86 87 88
f 88 87 89
f 83 87 86
f 89 90 91
f 91 90 92
f 92 90 93
f 87 90 89
f 90 94 93
f 93 94 95
f 95 94 96
f 96 97 98
f 96 94 97
f 82 99 17
f 16 17 100
f 100 17 99
f 82 17 83
f 14 101 17
f 83 101 87
f 83 17 101
f 14 19 101
f 19 22 101
f 87 101 90
f 90 101 94
f 94 101 97
f 101 102 97
f 98 97 103
f 97 102 103
f 103 102 104
f 104 102 105
f 101 106 102
f 105 102 107
f 107 106 108
f 107 102 106
f 101 109 106
f 101 110 109
f 108 106 111
f 106 109 111
f 111 109 112
f 112 109 113
f 113 109 110
f 23 114 24
f 114 115 24
f 22 24 101
f 101 24 116
f 101 116 117
f 115 118 24
f 118 119 116
f 118 116 24
f 119 120 116
f 120 121 116
f 121 122 117
f 122 123 117
f 116 121 117
f 101 117 124
f 101 124 125
f 101 125 126
f 101 126 127
f 123 128 124
f 128 129 124
f 129 130 124
f 117 123 124
f 124 130 125
f 131 132 126
f 131 126 125
f 130 133 125
f 131 125 133
f 101 127 110
f 134 135 110
f 134 127 136
f 137 127 138
f 136 127 137
f 134 110 127
f 113 110 135
f 138 126 132
f 138 127 126
f 139 140 141
f 139 142 143
f 144 139 141
f 144 142 139
f 140 145 146
f 147 146 148
f 149 148 44
f 149 44 2
f 149 2 5
f 149 5 4
f 147 148 149
f 147 149 150
f 151 152 150
f 4 7 151
f 149 4 151
f 7 8 151
f 149 151 150
f 153 154 155
f 144 156 157
f 153 158 159
f 156 154 153
f 156 153 159
f 141 146 154
f 156 141 154
f 141 140 146
f 147 154 146
f 147 155 154
f 144 141 156
f 155 150 160
f 155 160 161
f 153 161 158
f 153 155 161
f 161 162 158
f 161 163 162
f 160 163 161
f 147 150 155
f 160 150 152
f 164 165 166
f 167 164 168
f 167 165 164
f 144 157 169
f 169 157 170
f 170 171 172
f 169 170 173
f 173 170 172
f 169 165 142
f 167 143 142
f 167 142 165
f 144 169 142
f 169 173 165
f 173 166 165
f 166 174 175
f 166 175 176
f 164 176 177
f 164 166 176
f 176 175 178
f 176 178 179
f 173 172 174
f 174 172 180
f 172 171 181
f 172 181 180
f 175 174 182
f 174 180 182
f 180 181 183
f 173 174 166
f 184 185 186
f 187 186 185
f 187 188 186
f 187 189 188
f 184 190 171
f 184 186 191
f 184 191 190
f 181 190 192
f 190 193 192
f 190 191 193
f 188 194 186
f 191 186 194
f 188 195 194
f 191 194 196
f 191 196 193
f 194 195 197
f 194 197 196
f 170 157 198
f 157 159 198
f 156 159 157
f 159 158 185
f 159 185 198
f 170 198 171
f 184 171 198
f 184 198 185
f 187 158 162
f 187 185 158
f 187 162 189
f 181 171 190
f 181 192 183
f 151 8 199
f 8 12 199
f 199 11 58
f 12 11 199
f 151 199 152
f 199 200 152
f 199 58 201
f 199 201 200
f 200 201 202
f 202 203 204
f 160 152 205
f 160 205 163
f 205 206 207
f 162 163 208
f 163 207 208
f 205 207 163
f 207 209 208
f 207 206 210
f 207 210 209
f 200 205 152
f 200 206 205
f 200 202 206
f 210 211 212
f 206 202 213
f 206 213 210
f 213 202 204
f 213 204 214
f 210 213 211
f 213 214 211
f 211 214 215
f 214 216 215
f 189 217 218
f 188 189 218
f 219 218 217
f 188 218 195
f 218 220 195
f 219 220 218
f 219 221 220
f 195 220 222
f 195 222 197
f 220 221 223
f 220 223 222
f 219 224 221
f 221 225 226
f 221 226 223
f 162 208 189
f 189 208 217
f 208 209 217
f 209 227 217
f 219 217 227
f 209 212 227
f 210 212 209
f 212 228 227
f 211 229 212
f 212 229 228
f 227 228 224
f 219 227 224
f 228 230 224
f 228 231 230
f 221 224 225
f 224 230 225
f 230 232 225
f 225 232 233
f 225 233 226
f 228 229 231
f 211 215 229
f 229 215 234
f 215 216 235
f 215 235 234
f 229 234 231
f 231 234 236
f 234 237 236
f 235 237 234
f 235 238 237
f 230 231 239
f 230 239 232
f 239 240 232
f 239 241 240
f 231 236 239
f 239 236 241
f 236 242 241
f 237 242 236
f 242 243 241
f 237 244 242
f 242 245 243
f 175 246 178
f 175 182 246
f 246 247 178
f 178 247 248
f 246 249 250
f 246 250 247
f 247 251 252
f 250 251 247
f 180 253 182
f 246 182 249
f 253 249 182
f 180 183 253
f 253 183 254
f 253 255 249
f 249 255 256
f 253 254 255
f 254 257 255
f 250 249 256
f 250 258 251
f 251 259 260
f 251 258 259
f 255 257 261
f 255 261 256
f 256 261 262
f 261 263 262
f 262 263 264
f 250 256 258
f 256 262 258
f 262 265 258
f 259 258 265
f 259 265 266
f 262 264 265
f 192 193 267
f 254 192 267
f 193 268 267
f 267 269 257
f 267 268 269
f 268 270 269
f 193 196 268
f 268 196 271
f 196 197 271
f 197 272 271
f 268 271 270
f 271 273 270
f 271 272 273
f 270 274 269
f 270 273 275
f 270 275 274
f 273 276 275
f 183 192 254
f 254 267 257
f 269 277 257
f 261 257 277
f 269 274 277
f 261 277 263
f 277 278 263
f 263 278 279
f 277 274 278
f 274 280 278
f 275 280 274
f 275 281 280
f 275 276 281
f 265 282 266
f 265 264 282
f 264 283 282
f 282 283 284
f 263 279 264
f 278 280 285
f 278 285 279
f 279 285 286
f 285 287 286
f 264 279 283
f 279 286 283
f 283 286 288
f 283 288 284
f 288 286 289
f 286 287 289
f 280 290 285
f 285 290 287
f 280 281 290
f 281 291 290
f 290 291 292
f 290 292 287
f 287 292 293
f 287 293 289
f 292 294 293
f 284 288 295
f 288 289 296
f 289 297 296
f 293 297 289
f 297 100 296
f 297 15 16
f 297 16 100
f 297 13 15
f 293 294 298
f 293 298 297
f 13 298 18
f 297 298 13
f 298 20 18
f 197 222 272
f 222 299 272
f 222 223 299
f 223 300 299
f 272 299 301
f 273 272 301
f 299 300 302
f 301 299 302
f 223 226 300
f 226 303 300
f 300 304 302
f 273 301 276
f 301 305 276
f 301 302 305
f 226 233 303
f 233 306 303
f 300 303 304
f 303 306 307
f 303 307 304
f 302 308 305
f 276 305 309
f 281 276 309
f 305 308 310
f 305 310 309
f 302 304 308
f 304 311 308
f 304 307 311
f 307 312 311
f 310 308 313
f 310 313 314
f 308 311 313
f 311 315 313
f 313 315 316
f 232 306 233
f 232 240 306
f 306 240 317
f 240 318 317
f 307 306 317
f 307 317 312
f 241 318 240
f 241 243 318
f 318 243 319
f 317 320 312
f 317 318 320
f 318 319 320
f 320 319 321
f 319 243 322
f 319 323 321
f 311 312 315
f 320 324 312
f 312 324 315
f 320 321 324
f 324 321 325
f 321 326 325
f 315 324 327
f 315 327 316
f 324 325 327
f 327 325 328
f 281 309 291
f 309 329 291
f 291 329 330
f 309 310 329
f 310 314 329
f 329 314 331
f 292 291 330
f 292 330 294
f 329 331 330
f 330 332 294
f 330 331 332
f 331 333 332
f 313 316 314
f 314 316 334
f 327 335 316
f 316 335 334
f 331 314 334
f 331 334 333
f 334 336 333
f 335 336 334
f 298 294 337
f 294 332 337
f 298 337 20
f 20 337 21
f 21 337 23
f 337 114 23
f 337 332 338
f 333 338 332
f 337 338 114
f 333 336 339
f 327 328 335
f 340 341 342
f 342 341 343
f 342 344 345
f 342 343 344
f 346 347 348
f 346 349 350
f 346 351 349
f 349 351 352
f 341 353 347
f 341 347 350
f 140 353 340
f 139 353 140
f 340 353 341
f 139 143 353
f 353 143 347
f 143 348 347
f 341 350 343
f 350 354 343
f 349 354 350
f 346 350 347
f 344 355 356
f 343 357 344
f 344 357 355
f 355 357 358
f 355 358 359
f 349 360 354
f 349 352 360
f 360 352 361
f 360 362 363
f 360 361 362
f 362 364 365
f 357 354 363
f 343 354 357
f 360 363 354
f 357 363 358
f 363 365 358
f 358 365 366
f 359 358 366
f 359 366 367
f 362 365 363
f 366 365 368
f 366 368 369
f 365 364 368
f 28 370 31
f 140 340 145
f 145 371 370
f 340 371 145
f 340 342 371
f 145 370 148
f 148 26 43
f 148 370 27
f 148 27 26
f 146 145 148
f 31 370 371
f 31 371 32
f 370 30 27
f 28 30 370
f 371 36 32
f 371 37 36
f 37 345 372
f 37 372 34
f 34 372 38
f 38 372 39
f 39 372 41
f 342 345 371
f 371 345 37
f 148 43 44
f 345 356 372
f 372 356 373
f 372 46 41
f 372 373 46
f 344 356 345
f 355 374 356
f 373 356 374
f 373 375 376
f 374 377 375
f 355 359 374
f 359 377 374
f 359 367 377
f 373 374 375
f 377 378 375
f 375 378 379
f 377 380 378
f 373 47 46
f 373 48 47
f 373 376 48
f 48 376 50
f 50 376 51
f 54 381 56
f 56 381 55
f 51 376 54
f 376 381 54
f 376 382 381
f 381 383 55
f 381 382 383
f 375 379 376
f 376 379 382
f 379 384 382
f 382 384 385
f 378 386 379
f 379 386 384
f 167 348 143
f 167 168 348
f 346 348 387
f 348 168 387
f 388 168 177
f 387 168 388
f 164 177 168
f 387 389 351
f 351 390 352
f 351 389 390
f 346 387 351
f 387 388 389
f 388 391 389
f 389 392 390
f 389 391 392
f 176 179 177
f 177 179 393
f 388 177 393
f 393 179 394
f 388 393 391
f 393 395 391
f 391 396 392
f 391 395 396
f 393 394 395
f 395 397 396
f 390 361 352
f 390 398 361
f 361 398 399
f 362 361 399
f 390 392 398
f 392 400 398
f 398 401 399
f 398 400 401
f 362 399 364
f 399 402 364
f 368 364 403
f 364 402 403
f 399 401 402
f 401 404 402
f 402 404 405
f 392 396 400
f 396 406 400
f 401 400 407
f 400 406 407
f 396 397 406
f 406 408 407
f 401 407 404
f 407 409 404
f 404 409 410
f 407 408 409
f 366 369 367
f 369 411 367
f 368 412 369
f 369 413 411
f 369 412 413
f 413 412 414
f 413 414 415
f 413 415 416
f 413 416 417
f 377 367 380
f 378 380 418
f 378 418 386
f 418 419 386
f 384 386 420
f 384 420 421
f 386 419 420
f 420 419 422
f 367 411 380
f 380 411 423
f 411 424 423
f 418 380 423
f 418 423 425
f 413 424 411
f 423 426 425
f 413 417 427
f 413 427 424
f 424 427 428
f 424 428 429
f 424 429 430
f 423 424 426
f 424 430 426
f 430 431 426
f 426 431 432
f 426 432 433
f 426 433 434
f 418 425 419
f 419 435 422
f 419 425 435
f 425 436 435
f 426 436 425
f 426 437 436
f 426 434 437
f 435 436 438
f 436 437 439
f 436 439 438
f 402 405 403
f 403 405 440
f 405 441 440
f 368 403 412
f 403 440 412
f 412 442 443
f 412 440 442
f 442 440 444
f 412 445 414
f 412 443 445
f 440 446 444
f 440 447 446
f 440 448 447
f 440 441 448
f 447 448 449
f 449 448 450
f 450 448 451
f 404 410 405
f 405 410 441
f 410 452 441
f 441 452 453
f 409 454 410
f 410 454 452
f 448 441 453
f 448 453 451
f 451 453 455
f 455 453 456
f 453 457 456
f 453 458 457
f 453 459 458
f 458 459 460
f 452 461 453
f 453 461 459
f 460 459 462
f 459 463 462
f 463 464 465
f 459 464 463
f 465 464 466
f 466 464 467
f 434 468 437
f 437 468 469
f 437 469 470
f 437 471 439
f 437 470 471
f 467 464 472
f 470 473 471
f 439 471 474
f 471 473 475
f 471 475 476
f 471 476 477
f 476 478 477
f 478 479 480
f 471 477 481
f 471 481 474
f 481 482 474
f 478 480 477
f 467 472 483
f 483 472 484
f 484 472 485
f 486 487 488
f 485 488 489
f 485 472 488
f 489 488 490
f 490 488 487
f 486 488 491
f 479 492 480
f 480 492 493
f 492 494 493
f 495 496 497
f 498 497 494
f 494 497 493
f 498 495 497
f 497 499 493
f 500 497 496
f 500 486 491
f 500 491 497
f 497 491 501
f 501 491 502
f 497 501 499
f 63 65 503
f 58 57 201
f 57 61 201
f 61 62 201
f 201 62 503
f 201 503 203
f 62 64 503
f 63 503 64
f 65 504 503
f 65 66 504
f 66 72 504
f 72 73 504
f 74 75 505
f 73 71 505
f 71 76 505
f 73 505 506
f 74 505 76
f 202 201 203
f 503 504 203
f 203 504 507
f 204 203 507
f 504 508 507
f 507 508 509
f 73 506 504
f 504 506 508
f 506 510 508
f 508 510 511
f 204 507 512
f 204 512 214
f 507 509 512
f 55 383 78
f 77 78 383
f 77 383 79
f 79 383 513
f 81 505 75
f 79 513 80
f 80 513 81
f 81 513 505
f 505 513 514
f 382 385 383
f 383 385 515
f 383 515 513
f 384 421 385
f 385 421 516
f 513 515 517
f 385 516 515
f 515 516 518
f 506 505 514
f 506 514 510
f 513 517 514
f 514 517 519
f 514 519 510
f 510 519 520
f 515 518 517
f 517 518 521
f 516 522 518
f 519 517 521
f 519 521 523
f 518 524 521
f 521 525 523
f 521 524 525
f 525 524 526
f 508 511 509
f 512 509 527
f 509 528 527
f 214 512 216
f 512 527 216
f 216 527 529
f 527 530 529
f 509 511 528
f 528 511 531
f 528 531 532
f 527 528 530
f 528 532 530
f 530 532 533
f 532 534 533
f 510 520 511
f 519 523 520
f 511 520 531
f 520 535 531
f 520 523 535
f 535 536 531
f 532 531 536
f 532 536 534
f 536 537 534
f 535 538 536
f 536 538 537
f 523 525 539
f 535 523 539
f 525 540 541
f 525 541 539
f 535 539 538
f 538 539 542
f 539 541 542
f 235 216 529
f 235 529 238
f 530 543 529
f 529 543 238
f 530 533 543
f 237 238 244
f 238 544 244
f 543 544 238
f 543 533 545
f 533 534 546
f 533 546 545
f 543 545 544
f 544 545 547
f 545 546 548
f 545 548 547
f 242 244 245
f 244 549 245
f 544 549 244
f 549 550 245
f 544 547 549
f 549 547 551
f 547 548 552
f 547 552 551
f 549 551 550
f 551 552 553
f 538 554 537
f 538 542 554
f 542 555 554
f 541 556 542
f 542 556 555
f 534 537 546
f 546 537 557
f 537 554 557
f 546 557 548
f 548 557 558
f 557 554 559
f 557 559 558
f 554 555 559
f 559 555 560
f 555 561 560
f 548 558 552
f 559 562 558
f 558 562 563
f 558 563 552
f 563 562 564
f 552 563 553
f 559 560 562
f 560 565 566
f 562 560 566
f 562 566 564
f 420 422 421
f 421 422 567
f 516 421 567
f 516 567 522
f 518 522 524
f 567 422 568
f 567 569 522
f 567 568 570
f 567 571 569
f 567 572 571
f 567 573 572
f 567 570 573
f 570 568 574
f 435 568 422
f 435 438 568
f 574 568 575
f 568 576 575
f 568 577 576
f 568 578 577
f 568 579 578
f 568 438 580
f 439 581 438
f 438 581 580
f 568 580 579
f 580 582 579
f 580 583 582
f 580 584 583
f 580 585 584
f 580 586 585
f 580 587 586
f 580 581 588
f 580 588 587
f 522 569 589
f 522 590 591
f 522 589 590
f 522 592 593
f 522 593 594
f 522 591 595
f 522 595 592
f 522 596 524
f 522 594 596
f 596 597 524
f 524 597 598
f 524 598 599
f 524 599 600
f 524 600 601
f 524 601 526
f 525 526 602
f 525 602 603
f 525 603 540
f 541 540 604
f 541 604 605
f 541 605 606
f 606 607 608
f 607 609 608
f 609 610 608
f 541 606 608
f 610 611 608
f 612 613 608
f 611 612 608
f 439 474 581
f 581 474 614
f 581 614 588
f 587 588 615
f 615 588 616
f 588 614 617
f 614 618 619
f 620 621 622
f 588 623 616
f 588 624 623
f 588 625 624
f 588 617 625
f 625 617 626
f 627 617 628
f 629 628 617
f 626 617 627
f 629 617 630
f 630 617 631
f 630 632 633
f 633 632 634
f 635 636 637
f 634 632 635
f 638 621 639
f 637 621 638
f 640 639 621
f 620 641 621
f 641 640 621
f 637 636 621
f 614 619 617
f 617 619 642
f 617 642 631
f 635 632 636
f 636 643 621
f 630 631 632
f 474 482 644
f 614 474 644
f 614 644 645
f 614 645 618
f 541 608 556
f 608 646 556
f 613 647 608
f 647 648 608
f 648 622 608
f 622 621 608
f 608 621 646
f 646 621 649
f 646 649 650
f 646 651 652
f 646 650 651
f 556 646 561
f 555 556 561
f 646 652 561
f 621 643 653
f 621 653 649
f 643 654 653
f 652 651 655
f 561 652 565
f 652 656 657
f 565 652 657
f 565 657 658
f 652 655 656
f 656 655 659
f 656 659 660
f 656 660 661
f 656 661 662
f 657 656 662
f 560 561 565
f 566 565 658
f 178 248 179
f 179 248 394
f 248 663 394
f 247 252 248
f 248 252 663
f 252 664 663
f 395 394 665
f 394 663 665
f 395 665 397
f 665 666 397
f 663 667 665
f 663 664 667
f 665 667 666
f 667 668 666
f 252 260 664
f 664 260 669
f 251 260 252
f 259 670 260
f 259 266 670
f 260 670 669
f 670 671 669
f 667 664 672
f 664 669 672
f 667 672 668
f 672 673 668
f 669 674 672
f 672 674 673
f 674 675 673
f 669 671 674
f 406 397 676
f 397 666 676
f 406 676 408
f 676 677 408
f 676 666 678
f 666 668 678
f 676 678 677
f 678 679 677
f 408 677 680
f 409 408 680
f 409 680 454
f 677 679 681
f 680 677 681
f 680 681 682
f 678 668 683
f 668 673 683
f 678 683 679
f 683 684 679
f 683 673 685
f 673 675 685
f 683 685 684
f 685 686 684
f 679 684 687
f 681 679 687
f 681 687 688
f 687 684 689
f 684 686 689
f 687 689 690
f 689 691 690
f 670 692 671
f 674 671 693
f 671 694 693
f 674 693 675
f 670 266 692
f 282 695 266
f 266 695 692
f 692 695 696
f 692 696 694
f 282 284 695
f 284 697 695
f 696 695 697
f 671 692 694
f 696 698 694
f 693 694 699
f 694 698 699
f 696 697 700
f 696 700 698
f 698 700 701
f 700 702 701
f 675 693 703
f 675 703 685
f 693 699 703
f 685 703 686
f 703 704 686
f 689 686 705
f 703 699 704
f 699 706 704
f 698 706 699
f 706 707 704
f 686 704 705
f 689 705 691
f 705 708 691
f 691 708 709
f 704 707 705
f 705 707 708
f 707 710 708
f 708 710 711
f 698 701 706
f 706 701 712
f 701 713 712
f 706 712 707
f 707 712 710
f 284 295 697
f 697 295 714
f 697 714 700
f 295 715 714
f 288 296 295
f 295 296 715
f 296 99 82
f 296 84 715
f 296 82 84
f 714 715 88
f 714 88 89
f 715 84 85
f 715 85 86
f 715 86 88
f 700 714 702
f 714 92 702
f 714 89 91
f 714 91 92
f 702 92 716
f 92 93 716
f 93 95 716
f 95 96 716
f 96 98 716
f 296 100 99
f 701 702 713
f 712 713 717
f 713 718 717
f 702 716 713
f 713 716 718
f 716 98 103
f 716 103 718
f 712 717 710
f 710 717 719
f 717 720 719
f 710 719 711
f 718 720 717
f 719 721 722
f 719 720 721
f 720 723 721
f 718 724 720
f 718 103 104
f 718 104 105
f 718 105 724
f 105 107 724
f 107 108 724
f 108 111 724
f 724 111 725
f 724 725 726
f 725 113 727
f 725 727 726
f 111 112 725
f 112 113 725
f 721 723 728
f 729 728 723
f 720 724 723
f 724 726 723
f 729 723 726
f 729 726 730
f 680 682 454
f 454 682 731
f 452 454 731
f 452 731 461
f 681 688 682
f 682 688 732
f 731 682 732
f 731 732 733
f 459 461 734
f 731 733 461
f 461 733 734
f 459 734 464
f 734 735 464
f 464 736 737
f 464 737 738
f 734 739 740
f 734 740 735
f 464 735 736
f 734 733 741
f 733 742 743
f 733 743 741
f 732 744 733
f 733 745 746
f 733 744 745
f 733 746 742
f 734 741 739
f 687 690 688
f 688 690 747
f 732 688 747
f 732 747 744
f 747 748 744
f 747 749 748
f 747 750 749
f 690 751 747
f 691 751 690
f 747 751 752
f 747 752 750
f 751 753 752
f 751 754 753
f 751 755 754
f 744 756 745
f 744 757 756
f 744 748 757
f 464 738 472
f 758 759 760
f 758 761 759
f 761 762 759
f 763 759 762
f 759 764 760
f 738 765 472
f 765 766 472
f 472 766 767
f 472 767 488
f 767 768 488
f 488 768 769
f 488 769 770
f 488 770 771
f 488 771 772
f 488 772 491
f 491 773 502
f 772 774 491
f 772 775 774
f 491 774 773
f 773 774 776
f 775 777 774
f 777 778 774
f 774 778 779
f 774 779 780
f 779 781 780
f 781 782 780
f 781 783 782
f 774 780 776
f 784 782 783
f 784 785 786
f 785 760 786
f 787 788 760
f 785 787 760
f 784 786 782
f 786 760 789
f 789 760 790
f 789 790 791
f 758 760 788
f 764 790 760
f 691 709 751
f 751 709 792
f 751 792 755
f 755 792 793
f 793 792 794
f 709 795 792
f 708 711 709
f 709 711 795
f 792 796 794
f 792 795 797
f 711 722 795
f 795 798 797
f 722 798 795
f 722 799 798
f 798 799 800
f 792 797 796
f 796 797 801
f 801 797 802
f 802 797 803
f 803 797 804
f 804 797 805
f 804 805 806
f 806 805 807
f 798 805 797
f 808 807 805
f 808 805 763
f 798 800 805
f 809 800 799
f 809 810 811
f 805 800 812
f 763 805 759
f 759 805 812
f 812 811 813
f 759 812 764
f 764 812 813
f 812 800 811
f 809 811 800
f 719 722 711
f 721 799 722
f 721 728 799
f 809 799 728
f 809 728 814
f 729 814 728
f 729 815 814
f 809 814 810
f 243 245 322
f 245 550 322
f 322 550 816
f 319 322 323
f 322 816 323
f 323 816 817
f 550 818 816
f 551 818 550
f 551 553 818
f 818 553 819
f 816 818 820
f 816 820 817
f 820 819 821
f 818 819 820
f 325 326 822
f 325 822 328
f 822 326 823
f 822 823 824
f 823 825 824
f 321 323 326
f 323 817 326
f 326 817 823
f 820 826 817
f 817 826 823
f 820 821 826
f 826 821 827
f 823 826 825
f 826 827 825
f 825 827 828
f 829 564 830
f 563 829 553
f 553 829 819
f 563 564 829
f 831 821 819
f 829 830 831
f 831 830 832
f 829 831 819
f 564 833 830
f 566 658 833
f 566 833 564
f 830 834 832
f 833 835 834
f 833 834 830
f 836 837 838
f 839 837 840
f 839 838 837
f 839 840 841
f 839 841 842
f 831 843 821
f 821 843 827
f 831 832 843
f 843 832 837
f 843 836 827
f 827 836 828
f 843 837 836
f 832 840 837
f 834 840 832
f 834 844 840
f 335 845 336
f 336 845 846
f 846 845 847
f 114 338 115
f 115 338 118
f 118 338 119
f 338 339 848
f 338 848 119
f 119 848 120
f 120 848 121
f 848 849 122
f 122 849 123
f 848 122 121
f 123 849 128
f 128 849 129
f 131 850 132
f 129 851 850
f 129 850 130
f 130 850 133
f 131 133 850
f 333 339 338
f 339 846 849
f 848 339 849
f 336 846 339
f 849 846 852
f 846 847 852
f 129 849 851
f 849 852 851
f 852 853 854
f 851 852 854
f 855 856 857
f 857 858 859
f 855 857 859
f 113 135 727
f 134 727 135
f 134 136 727
f 136 860 727
f 138 132 850
f 136 137 860
f 137 138 860
f 138 850 860
f 850 861 860
f 729 730 815
f 862 815 730
f 860 863 864
f 864 862 730
f 864 865 862
f 726 727 730
f 727 864 730
f 727 860 864
f 851 854 861
f 860 861 863
f 861 866 863
f 854 867 866
f 861 854 866
f 851 861 850
f 863 855 865
f 864 863 865
f 862 865 868
f 866 855 863
f 866 856 855
f 865 855 859
f 335 328 845
f 328 869 845
f 822 869 328
f 822 824 869
f 869 847 845
f 869 870 847
f 825 871 824
f 869 824 870
f 824 871 870
f 825 828 871
f 847 870 853
f 870 872 853
f 871 872 870
f 852 847 853
f 828 873 871
f 828 836 873
f 871 873 872
f 836 838 873
f 873 838 874
f 853 872 867
f 867 872 874
f 867 874 856
f 873 874 872
f 842 875 857
f 876 842 857
f 839 876 838
f 838 876 874
f 839 842 876
f 876 857 856
f 874 876 856
f 854 853 867
f 866 867 856
f 877 878 879
f 877 790 880
f 764 880 790
f 877 881 878
f 877 880 881
f 882 883 881
f 882 881 884
f 885 886 887
f 888 879 878
f 888 878 889
f 878 890 889
f 891 887 892
f 891 893 894
f 890 895 893
f 881 896 878
f 878 896 897
f 878 898 890
f 878 899 900
f 878 900 901
f 878 897 899
f 878 901 898
f 881 902 896
f 881 903 902
f 881 883 903
f 890 904 895
f 893 895 905
f 893 905 894
f 894 906 887
f 906 907 887
f 907 908 887
f 909 885 887
f 909 887 908
f 891 894 887
f 890 898 904
f 791 790 910
f 877 910 790
f 877 911 910
f 877 879 911
f 912 835 658
f 657 662 912
f 657 912 658
f 913 914 915
f 835 913 844
f 912 916 913
f 912 913 835
f 662 661 917
f 662 917 918
f 662 918 916
f 912 662 916
f 916 918 919
f 916 919 914
f 913 916 914
f 833 658 835
f 834 835 844
f 913 915 920
f 920 915 921
f 920 921 922
f 920 922 887
f 920 841 844
f 840 844 841
f 913 920 844
f 920 923 841
f 842 841 923
f 920 887 923
f 924 923 886
f 923 925 926
f 924 925 923
f 886 923 887
f 892 927 928
f 892 887 927
f 887 922 927
f 810 929 930
f 868 931 929
f 932 930 933
f 933 930 929
f 934 929 935
f 936 935 929
f 936 929 931
f 934 933 929
f 813 930 937
f 764 813 880
f 880 813 937
f 938 884 937
f 938 937 939
f 937 930 940
f 937 940 941
f 939 937 942
f 937 943 942
f 937 941 943
f 880 937 881
f 881 937 884
f 811 930 813
f 811 810 930
f 930 944 945
f 930 945 946
f 947 930 946
f 947 940 930
f 932 944 930
f 868 948 931
f 949 950 868
f 868 950 948
f 868 951 952
f 868 953 951
f 949 868 954
f 868 952 954
f 868 859 955
f 868 955 953
f 956 859 957
f 858 957 859
f 857 875 958
f 857 958 959
f 857 959 858
f 956 960 859
f 955 859 961
f 961 859 962
f 962 859 960
f 814 815 810
f 810 815 929
f 862 929 815
f 862 868 929
f 865 859 868
f 923 963 964
f 923 964 965
f 923 965 966
f 842 923 966
f 842 966 967
f 842 967 968
f 842 968 875
f 923 926 969
f 923 970 963
f 923 969 970
f 481 477 971
f 481 971 482
f 971 644 482
f 477 480 971
f 480 493 971
f 971 493 499
f 971 499 501
f 971 501 972
f 971 973 974
f 971 975 973
f 971 976 975
f 971 972 976
f 636 977 643
f 971 645 644
f 971 618 645
f 971 977 618
f 971 974 978
f 971 978 979
f 971 979 980
f 971 980 981
f 971 981 977
f 619 618 977
f 619 977 642
f 642 977 631
f 631 977 632
f 636 632 977
f 981 982 977
f 982 983 977
f 983 984 977
f 984 985 977
f 985 986 977
f 986 987 977
f 977 987 988
f 643 989 654
f 643 977 989
f 990 991 989
f 990 989 992
f 977 992 989
f 501 502 972
f 502 773 972
f 773 776 972
f 776 780 972
f 976 972 993
f 993 972 994
f 994 972 995
f 995 972 996
f 972 997 996
f 786 789 972
f 789 791 972
f 972 791 910
f 780 782 972
f 782 786 972
f 891 892 992
f 988 998 992
f 999 992 1000
f 998 1000 992
f 910 911 992
f 972 910 992
f 972 1001 997
f 972 1002 1001
f 972 992 1002
f 911 879 992
f 888 992 879
f 888 889 992
f 889 890 992
f 890 893 992
f 891 992 893
f 1002 992 1003
f 1004 1005 992
f 1003 992 1005
f 999 1004 992
f 892 928 1006
f 892 1006 992
f 990 992 1007
f 1007 992 1008
f 992 1006 1008
f 977 988 992
f 975 1009 973
f 975 1010 1009
f 975 976 1010
f 976 993 1011
f 976 1011 1010
f 1011 993 1012
f 979 1013 980
f 980 1014 981
f 979 1015 1013
f 980 1013 1014
f 974 973 1016
f 974 1017 978
f 1015 978 1017
f 974 1016 1017
f 973 1009 1016
f 1016 1018 1017
f 979 978 1015
f 1015 1017 1018
f 1015 1018 1013
f 1013 1018 1014
f 1016 1009 1018
f 1010 1018 1009
f 1010 1011 1018
f 1011 1012 1018
f 981 1019 982
f 982 1020 983
f 981 1014 1019
f 982 1019 1020
f 1014 1018 1019
f 1019 1018 1020
f 983 1021 984
f 984 1022 985
f 983 1020 1021
f 984 1021 1022
f 1020 1018 1021
f 1021 1018 1022
f 1022 1018 1023
f 985 1023 986
f 986 1024 987
f 985 1022 1023
f 1023 1018 1024
f 986 1023 1024
f 993 994 1012
f 994 995 1025
f 994 1025 1012
f 995 1026 1025
f 995 996 1026
f 1026 996 1027
f 1012 1025 1018
f 1025 1026 1018
f 1026 1027 1018
f 1018 1027 1028
f 996 997 1027
f 997 1001 1028
f 1001 1002 1029
f 1018 1028 1029
f 997 1028 1027
f 1001 1029 1028
f 1018 1029 1030
f 1018 1030 1031
f 1018 1031 1032
f 1029 1002 1030
f 1018 1033 1034
f 1018 1035 1033
f 1018 1036 1035
f 987 1034 988
f 988 1033 998
f 1018 1034 1024
f 987 1024 1034
f 988 1034 1033
f 1004 1032 1005
f 999 1037 1004
f 1018 1037 1036
f 1018 1032 1037
f 1004 1037 1032
f 999 1036 1037
f 998 1035 1000
f 999 1000 1036
f 998 1033 1035
f 1036 1000 1035
f 1002 1003 1030
f 1003 1005 1031
f 1003 1031 1030
f 1031 1005 1032
f 416 415 1038
f 416 1039 417
f 416 1038 1039
f 427 417 1039
f 427 1040 428
f 428 1041 429
f 429 1041 430
f 430 1041 431
f 427 1039 1040
f 428 1040 1041
f 431 1042 432
f 432 1042 433
f 431 1041 1042
f 1042 1043 433
f 1040 1039 1044
f 1040 1045 1041
f 1041 1046 1042
f 445 443 1047
f 414 445 1047
f 414 1038 415
f 443 442 1048
f 442 444 1048
f 444 446 1049
f 446 447 1049
f 447 449 1050
f 449 450 1050
f 450 451 1050
f 451 455 1050
f 455 456 1051
f 444 1049 1048
f 414 1047 1038
f 443 1048 1047
f 447 1050 1049
f 455 1051 1050
f 1039 1038 1052
f 1047 1052 1038
f 1047 1048 1053
f 1048 1054 1053
f 1047 1053 1052
f 1048 1049 1054
f 1049 1055 1054
f 1049 1050 1055
f 1050 1051 1055
f 1055 1051 1056
f 456 457 1051
f 457 1057 1051
f 457 458 1057
f 458 460 1057
f 460 462 1058
f 460 1058 1057
f 462 463 1058
f 463 465 1059
f 465 466 1059
f 463 1059 1058
f 1059 466 1060
f 1051 1057 1056
f 1056 1057 1061
f 1057 1058 1061
f 1061 1058 1062
f 1058 1059 1062
f 1062 1059 1063
f 1059 1060 1063
f 433 1043 434
f 434 1043 468
f 1039 1052 1044
f 1040 1044 1045
f 1041 1045 1046
f 1042 1046 1043
f 1046 1064 1043
f 1043 1064 1065
f 1064 1066 1065
f 468 1065 469
f 469 1065 470
f 470 1067 473
f 468 1043 1065
f 470 1065 1067
f 473 1067 1068
f 473 1068 475
f 475 1068 476
f 476 1068 1069
f 476 1069 478
f 478 1069 479
f 479 1069 1070
f 1066 1067 1065
f 1066 1071 1067
f 1067 1071 1068
f 1071 1072 1068
f 1068 1072 1069
f 1072 1073 1070
f 1072 1070 1069
f 466 467 1060
f 467 483 1060
f 483 484 1074
f 484 485 1074
f 483 1074 1060
f 485 1075 1074
f 485 489 1075
f 489 490 1075
f 490 1076 1075
f 500 496 1077
f 500 1077 486
f 486 1077 487
f 490 487 1076
f 1077 496 1078
f 487 1077 1076
f 1079 1076 1080
f 1081 1080 1078
f 1080 1077 1078
f 1063 1060 1074
f 1063 1074 1082
f 1082 1075 1079
f 1082 1074 1075
f 1079 1075 1076
f 1080 1076 1077
f 498 1070 1083
f 479 1070 492
f 492 1070 494
f 498 494 1070
f 498 1083 495
f 495 1078 496
f 495 1083 1078
f 1073 1083 1070
f 1081 1083 1073
f 1081 1078 1083
f 1053 1084 1085
f 1052 1053 1085
f 1053 1054 1084
f 1084 1054 1086
f 1054 1055 1086
f 1055 1087 1086
f 1055 1056 1087
f 1087 1056 1088
f 1084 1086 1089
f 1086 1087 1089
f 1087 1088 1089
f 1056 1061 1088
f 1061 1062 1090
f 1061 1090 1088
f 1062 1091 1090
f 1088 1090 1089
f 1052 1092 1044
f 1052 1085 1092
f 1044 1092 1093
f 1044 1093 1045
f 1045 1093 1094
f 1085 1084 1089
f 1085 1089 1092
f 1092 1089 1093
f 1093 1089 1094
f 1045 1094 1046
f 1046 1095 1064
f 1046 1094 1095
f 1064 1096 1066
f 1064 1095 1096
f 1066 1096 1097
f 1094 1089 1095
f 1095 1089 1096
f 1066 1097 1071
f 1096 1089 1097
f 1089 1098 1097
f 1089 1099 1098
f 1071 1098 1072
f 1071 1097 1098
f 1072 1098 1099
f 1072 1099 1073
f 1062 1063 1091
f 1091 1063 1100
f 1063 1082 1100
f 1082 1101 1100
f 1082 1079 1101
f 1090 1091 1089
f 1091 1100 1089
f 1089 1100 1101
f 1089 1101 1102
f 1103 1073 1099
f 1081 1103 1104
f 1081 1073 1103
f 1101 1079 1102
f 1079 1080 1102
f 1080 1104 1102
f 1081 1104 1080
f 1089 1104 1103
f 1089 1102 1104
f 1089 1103 1099
f 746 1105 742
f 746 745 1105
f 756 1106 745
f 756 757 1106
f 757 748 1106
f 749 750 1107
f 748 749 1107
f 752 1108 750
f 752 753 1108
f 753 754 1109
f 754 755 1109
f 755 793 1110
f 740 1111 735
f 736 1111 737
f 736 735 1111
f 740 1112 1111
f 1111 1113 737
f 742 1105 1114
f 739 741 1112
f 740 739 1112
f 743 1114 741
f 743 742 1114
f 741 1114 1112
f 1111 1115 1113
f 1112 1114 1116
f 1111 1112 1115
f 1112 1116 1115
f 1114 1117 1116
f 1105 1117 1114
f 748 1107 1106
f 745 1106 1105
f 750 1108 1107
f 753 1109 1108
f 755 1110 1109
f 1105 1118 1117
f 1105 1106 1118
f 1106 1107 1118
f 1107 1119 1118
f 1107 1108 1119
f 1119 1108 1120
f 1108 1109 1120
f 1120 1109 1121
f 1109 1110 1121
f 1121 1110 1122
f 1110 1123 1122
f 765 1124 766
f 766 1124 767
f 737 1113 738
f 738 1113 765
f 767 1124 1125
f 765 1113 1124
f 767 1125 768
f 768 1125 769
f 769 1125 1126
f 769 1126 770
f 770 1127 771
f 771 1127 772
f 772 1127 775
f 1127 777 775
f 770 1126 1127
f 1124 1113 1128
f 1124 1129 1125
f 1124 1128 1129
f 1125 1129 1130
f 1125 1130 1126
f 1126 1130 1127
f 1115 1128 1113
f 1127 1130 1131
f 1127 1131 1132
f 1131 1133 1132
f 777 1132 778
f 1127 1132 777
f 778 1132 1134
f 778 1134 1135
f 778 1135 779
f 779 1135 781
f 1133 1134 1132
f 1133 1136 1134
f 1134 1136 1135
f 763 762 1137
f 808 763 1137
f 1122 1138 1139
f 1139 1140 1141
f 1142 1143 1144
f 1141 1145 1143
f 1143 1137 1144
f 1143 1145 1137
f 785 1146 787
f 781 1147 783
f 784 783 1147
f 781 1135 1147
f 784 1146 785
f 784 1147 1146
f 758 788 1148
f 787 1148 788
f 761 1144 762
f 758 1144 761
f 758 1148 1144
f 787 1146 1148
f 762 1144 1137
f 1136 1149 1135
f 1135 1149 1147
f 1149 1150 1146
f 1149 1146 1147
f 1150 1148 1146
f 1142 1148 1150
f 1142 1144 1148
f 793 794 1110
f 794 796 1123
f 1110 794 1123
f 796 801 1123
f 801 802 1138
f 802 803 1138
f 803 804 1138
f 804 806 1140
f 801 1138 1123
f 804 1140 1138
f 806 807 1145
f 808 1145 807
f 806 1145 1140
f 808 1137 1145
f 1122 1123 1138
f 1139 1138 1140
f 1141 1140 1145
f 1115 1116 1151
f 1117 1152 1153
f 1117 1153 1116
f 1116 1153 1151
f 1152 1154 1153
f 1117 1118 1152
f 1152 1118 1155
f 1118 1119 1155
f 1119 1156 1155
f 1119 1120 1156
f 1152 1155 1154
f 1155 1156 1154
f 1156 1157 1154
f 1156 1120 1157
f 1120 1121 1157
f 1121 1158 1157
f 1115 1159 1128
f 1115 1151 1159
f 1128 1159 1160
f 1128 1160 1129
f 1129 1160 1161
f 1151 1154 1159
f 1151 1153 1154
f 1159 1154 1160
f 1160 1154 1161
f 1129 1161 1130
f 1130 1162 1131
f 1130 1161 1162
f 1131 1162 1163
f 1131 1163 1133
f 1133 1163 1164
f 1133 1164 1136
f 1161 1154 1162
f 1162 1154 1163
f 1163 1154 1164
f 1165 1150 1166
f 1164 1154 1167
f 1154 1166 1167
f 1154 1165 1166
f 1121 1122 1158
f 1158 1122 1168
f 1122 1139 1168
f 1139 1169 1168
f 1139 1141 1169
f 1157 1158 1154
f 1158 1168 1154
f 1154 1168 1169
f 1154 1169 1170
f 1142 1150 1165
f 1142 1171 1143
f 1142 1165 1171
f 1169 1141 1170
f 1141 1143 1170
f 1143 1171 1170
f 1154 1170 1171
f 1154 1171 1165
f 1136 1164 1167
f 1136 1167 1149
f 1149 1166 1150
f 1149 1167 1166
f 1172 653 654
f 1172 654 989
f 1172 649 653
f 1172 650 649
f 1172 651 650
f 1172 655 651
f 1172 659 655
f 1172 660 659
f 1172 661 660
f 1172 989 991
f 1172 991 1173
f 1172 917 661
f 1172 918 917
f 1172 1173 1174
f 1172 1174 1175
f 1172 1175 918
f 1175 1174 1176
f 1175 919 918
f 1175 914 919
f 1175 1176 1008
f 1175 1008 1006
f 1175 921 915
f 1175 915 914
f 1175 928 927
f 1175 1006 928
f 1175 927 922
f 1175 922 921
f 571 1177 569
f 571 572 1177
f 572 1178 1177
f 572 573 1178
f 573 570 1178
f 570 574 1178
f 1178 1179 1177
f 1178 1180 1179
f 1178 575 1181
f 574 575 1178
f 1178 1181 1180
f 575 576 1181
f 576 577 1181
f 1181 1182 1180
f 1181 577 578
f 1181 578 1182
f 1180 1183 1184
f 1180 1182 1183
f 578 579 1182
f 1182 579 582
f 1182 582 1185
f 1183 1182 1185
f 582 583 1185
f 583 584 1185
f 584 585 1185
f 585 586 1186
f 1183 1185 1187
f 585 1186 1185
f 1185 1186 1188
f 1185 1188 1187
f 1186 1189 1188
f 586 587 1186
f 1186 587 1189
f 595 591 1190
f 595 1190 592
f 593 592 1190
f 593 1190 1191
f 1190 1192 1191
f 1191 1192 1193
f 593 1191 594
f 1191 596 594
f 1191 597 596
f 1191 1193 597
f 1194 589 569
f 591 590 1194
f 1194 590 589
f 1194 569 1177
f 1190 591 1194
f 1194 1177 1195
f 1190 1194 1192
f 1194 1196 1192
f 1192 1196 1197
f 1194 1195 1196
f 1196 1195 1198
f 1196 1198 1199
f 597 1193 598
f 598 1193 599
f 599 1193 1200
f 1193 1201 1200
f 1200 1201 1202
f 599 1200 600
f 1200 601 600
f 1200 1202 601
f 601 1202 526
f 526 1202 602
f 602 1202 603
f 603 1202 1203
f 1202 1204 1203
f 1192 1197 1193
f 1193 1197 1201
f 1197 1205 1201
f 1196 1199 1197
f 1197 1199 1205
f 1202 1201 1206
f 1201 1205 1206
f 1206 1205 1207
f 1202 1206 1204
f 1206 1208 1204
f 1206 1207 1208
f 1207 1209 1208
f 603 1203 540
f 540 1203 604
f 604 1203 605
f 605 1203 606
f 1203 607 606
f 1203 609 607
f 1177 1179 1195
f 1195 1179 1210
f 1179 1184 1210
f 1180 1184 1179
f 1210 1184 1211
f 1195 1210 1198
f 1210 1212 1198
f 1198 1212 1213
f 1210 1211 1212
f 1212 1214 1213
f 1212 1211 1214
f 1183 1215 1184
f 1184 1215 1211
f 1183 1187 1215
f 1215 1187 1216
f 1211 1215 1217
f 1211 1217 1214
f 1215 1216 1217
f 1217 1216 1218
f 1198 1213 1199
f 1205 1199 1219
f 1199 1213 1219
f 1213 1214 1220
f 1213 1220 1219
f 1205 1219 1207
f 1219 1221 1207
f 1220 1221 1219
f 1207 1221 1209
f 1221 1222 1209
f 1220 1223 1221
f 1221 1223 1222
f 1220 1214 1224
f 1217 1224 1214
f 1220 1224 1223
f 1217 1218 1224
f 1224 1218 1225
f 1224 1225 1223
f 1187 1188 1226
f 1187 1226 1216
f 1216 1227 1218
f 1226 1227 1216
f 1227 1228 1218
f 1188 1189 1226
f 587 615 1189
f 1189 615 616
f 1189 1229 1230
f 1226 1189 1230
f 1226 1230 1227
f 1227 1231 1228
f 1227 1230 1231
f 1230 1232 1231
f 1223 1233 1222
f 1222 1233 1234
f 1233 1235 1234
f 1236 1234 1235
f 1236 1235 1237
f 1225 1228 1238
f 1225 1218 1228
f 1223 1225 1233
f 1233 1238 1235
f 1225 1238 1233
f 1228 1239 1238
f 1239 1231 1240
f 1228 1231 1239
f 1238 1239 1235
f 1239 1237 1235
f 1204 1208 1241
f 1208 1209 1241
f 1203 1242 609
f 609 1242 610
f 1203 1204 1242
f 1204 1241 1242
f 1242 1243 1244
f 1242 1241 1243
f 1241 1245 1243
f 610 1242 1244
f 610 1244 611
f 611 1244 612
f 1244 1246 612
f 612 1246 613
f 613 1246 647
f 1243 1246 1244
f 1243 1247 1246
f 1241 1209 1245
f 1222 1245 1209
f 1243 1245 1247
f 1245 1234 1247
f 1222 1234 1245
f 1246 1247 1248
f 1236 1248 1247
f 1236 1247 1234
f 620 622 1248
f 629 630 1249
f 1189 616 623
f 623 624 1229
f 1189 623 1229
f 1229 624 625
f 1229 625 626
f 1229 626 627
f 1230 1229 1232
f 1232 627 628
f 1229 627 1232
f 1232 628 1249
f 629 1249 628
f 1236 1250 1248
f 1250 638 639
f 640 1250 639
f 641 1250 640
f 620 1248 641
f 641 1248 1250
f 1236 1237 1250
f 1251 638 1250
f 1251 1250 1237
f 630 633 1249
f 1251 633 634
f 1251 1249 633
f 1251 635 637
f 1251 637 638
f 1251 634 635
f 1231 1232 1240
f 1251 1237 1240
f 1239 1240 1237
f 1232 1249 1240
f 1251 1240 1249
f 647 1246 648
f 1246 1248 648
f 648 1248 622
f 885 1252 886
f 901 1253 898
f 901 900 1253
f 1254 899 897
f 896 1254 897
f 902 903 1254
f 883 1255 903
f 903 1255 1254
f 896 902 1254
f 899 1256 900
f 1254 1256 899
f 900 1256 1253
f 1254 1257 1256
f 898 1253 904
f 904 1258 895
f 904 1253 1258
f 905 1258 894
f 894 1258 906
f 895 1258 905
f 906 1259 907
f 907 1259 908
f 909 908 1259
f 909 1252 885
f 909 1259 1252
f 1259 1260 1252
f 906 1258 1259
f 1258 1261 1259
f 1259 1261 1260
f 1256 1262 1253
f 1258 1253 1262
f 1256 1263 1262
f 1258 1262 1261
f 1262 1264 1261
f 924 1265 925
f 924 886 1252
f 924 1252 1265
f 934 1266 933
f 932 933 1266
f 936 931 1267
f 936 1267 935
f 934 935 1266
f 935 1267 1266
f 938 939 1268
f 939 942 1269
f 943 1269 942
f 943 941 1269
f 941 940 1270
f 947 1270 940
f 941 1270 1269
f 1270 1271 1269
f 938 1268 884
f 884 1268 1255
f 1268 1272 1255
f 939 1269 1268
f 1268 1269 1272
f 1269 1273 1272
f 1269 1271 1273
f 944 1274 945
f 946 945 1274
f 947 946 1274
f 947 1274 1270
f 1270 1274 1275
f 944 1266 1274
f 932 1266 944
f 1274 1266 1275
f 1270 1275 1271
f 1275 1276 1271
f 1266 1267 1277
f 1275 1266 1277
f 965 964 1278
f 965 1278 966
f 875 1278 958
f 966 1278 967
f 967 1278 968
f 875 968 1278
f 949 954 1279
f 954 952 1279
f 951 1279 952
f 951 953 1280
f 953 955 1280
f 955 961 1280
f 1280 961 1281
f 951 1280 1279
f 1279 1280 1282
f 1280 1281 1282
f 948 1283 931
f 949 1283 950
f 950 1283 948
f 931 1283 1267
f 949 1279 1283
f 1283 1284 1267
f 1279 1282 1283
f 1283 1282 1285
f 1282 1286 1285
f 1283 1285 1284
f 1285 1287 1284
f 1285 1288 1287
f 956 1289 960
f 956 957 1289
f 959 958 1290
f 1278 1290 958
f 1278 1291 1290
f 858 1290 957
f 858 959 1290
f 957 1290 1289
f 960 1289 1281
f 961 962 1281
f 962 960 1281
f 1289 1292 1281
f 1290 1292 1289
f 1290 1291 1293
f 1293 1291 1294
f 1293 1294 1295
f 1295 1294 1296
f 1282 1281 1286
f 1281 1292 1286
f 1286 1292 1297
f 1285 1286 1288
f 1286 1297 1288
f 1290 1293 1292
f 1292 1293 1297
f 1293 1295 1297
f 882 1255 883
f 882 884 1255
f 1254 1255 1257
f 1255 1272 1298
f 1255 1298 1257
f 1256 1257 1263
f 1257 1298 1299
f 1257 1299 1263
f 1299 1300 1263
f 1272 1273 1298
f 1273 1301 1298
f 1298 1301 1299
f 1299 1302 1300
f 1299 1301 1302
f 1261 1303 1260
f 1260 1303 1304
f 1303 1305 1304
f 1306 1304 1305
f 1306 1305 1307
f 1262 1263 1264
f 1264 1300 1308
f 1264 1263 1300
f 1261 1264 1303
f 1264 1308 1303
f 1309 1308 1300
f 1309 1300 1302
f 1303 1308 1305
f 1309 1305 1308
f 1309 1307 1305
f 1267 1284 1277
f 1277 1284 1310
f 1275 1277 1276
f 1277 1310 1276
f 1276 1310 1311
f 1284 1287 1310
f 1310 1312 1311
f 1312 1313 1311
f 1312 1314 1313
f 1310 1287 1312
f 1287 1314 1312
f 1271 1315 1273
f 1273 1315 1301
f 1271 1276 1315
f 1276 1311 1315
f 1301 1315 1316
f 1315 1311 1316
f 1316 1311 1313
f 1301 1316 1302
f 1306 1317 1296
f 1317 1295 1296
f 1306 1307 1317
f 1317 1307 1318
f 1287 1288 1314
f 1297 1319 1288
f 1288 1319 1314
f 1318 1313 1314
f 1318 1314 1319
f 1297 1295 1319
f 1317 1319 1295
f 1317 1318 1319
f 1309 1302 1320
f 1302 1316 1320
f 1309 1320 1307
f 1316 1313 1320
f 1318 1320 1313
f 1318 1307 1320
f 963 1321 964
f 1278 964 1321
f 926 925 1265
f 969 1265 1322
f 969 926 1265
f 963 970 1322
f 969 1322 970
f 963 1322 1321
f 1322 1265 1323
f 1265 1324 1323
f 1322 1323 1321
f 1278 1321 1291
f 1321 1325 1291
f 1321 1323 1325
f 1323 1326 1325
f 1325 1294 1291
f 1325 1296 1294
f 1252 1324 1265
f 1252 1260 1324
f 1260 1304 1324
f 1323 1324 1326
f 1324 1304 1326
f 1325 1326 1296
f 1306 1296 1326
f 1306 1326 1304
f 1327 1328 1329
f 1327 1330 1328
f 1328 1331 1332
f 1328 1333 1331
f 1334 1335 1336
f 1334 1337 1338
f 1327 1336 1339
f 1327 1329 1336
f 1334 1336 1340
f 1336 1329 1340
f 1329 1341 1340
f 1329 1332 1341
f 1328 1332 1329
f 1334 1340 1337
f 1340 1342 1337
f 1340 1341 1342
f 1341 1343 1342
f 1341 1332 1344
f 1331 1345 1332
f 1331 1346 1345
f 1332 1345 1344
f 1345 1347 1344
f 1341 1344 1343
f 1344 1347 1348
f 1344 1348 1343
f 1337 1349 1350
f 1337 1342 1349
f 1342 1351 1349
f 1342 1343 1351
f 1349 1351 1352
f 1343 1353 1351
f 1351 1353 1354
f 1343 1348 1353
f 1348 1355 1353
f 1356 1357 1358
f 1339 1359 1356
f 1339 1356 1358
f 1357 1360 1361
f 1356 1359 1362
f 1356 1362 1360
f 1362 1363 1360
f 1356 1360 1357
f 1361 1364 1365
f 1360 1363 1364
f 1363 1366 1364
f 1366 1367 1364
f 1360 1364 1361
f 1366 1368 1367
f 1364 1367 1365
f 1365 1367 1369
f 1367 1368 1370
f 1367 1370 1369
f 1357 1371 1358
f 1371 1372 1330
f 1371 1373 1372
f 1327 1358 1330
f 1327 1339 1358
f 1371 1330 1358
f 1328 1330 1333
f 1372 1333 1330
f 1357 1374 1371
f 1357 1361 1374
f 1371 1374 1373
f 1374 1375 1373
f 1372 1376 1333
f 1372 1373 1376
f 1376 1377 1378
f 1376 1378 1333
f 1331 1333 1378
f 1331 1378 1346
f 1378 1377 1379
f 1373 1380 1376
f 1373 1375 1380
f 1376 1380 1377
f 1380 1381 1377
f 1361 1382 1374
f 1361 1365 1382
f 1374 1382 1375
f 1382 1383 1375
f 1365 1369 1384
f 1365 1384 1382
f 1382 1384 1383
f 1383 1384 1385
f 1384 1386 1385
f 1384 1369 1386
f 1380 1375 1387
f 1375 1383 1387
f 1380 1387 1381
f 1387 1388 1381
f 1383 1385 1389
f 1383 1389 1387
f 1385 1390 1389
f 1387 1389 1388
f 1389 1391 1388
f 1389 1390 1391
f 1388 1391 1392
f 1359 1393 1394
f 1359 1335 1393
f 1339 1335 1359
f 1336 1335 1339
f 1335 1338 1393
f 1393 1395 1396
f 1393 1338 1395
f 1334 1338 1335
f 1362 1359 1394
f 1362 1394 1397
f 1362 1397 1363
f 1394 1398 1397
f 1393 1396 1394
f 1394 1396 1398
f 1396 1399 1398
f 1338 1350 1395
f 1337 1350 1338
f 1395 1350 1400
f 1350 1401 1400
f 1400 1401 1402
f 1396 1395 1403
f 1395 1400 1403
f 1400 1404 1403
f 1396 1403 1399
f 1403 1405 1399
f 1403 1404 1405
f 1400 1402 1404
f 1402 1406 1404
f 1363 1397 1366
f 1398 1407 1397
f 1366 1397 1407
f 1398 1399 1408
f 1398 1408 1407
f 1366 1407 1368
f 1407 1409 1368
f 1368 1409 1410
f 1368 1410 1370
f 1407 1408 1409
f 1408 1411 1409
f 1409 1411 1412
f 1399 1405 1413
f 1408 1399 1413
f 1405 1414 1413
f 1413 1414 1415
f 1404 1414 1405
f 1404 1406 1414
f 1406 1416 1414
f 1408 1413 1411
f 1413 1415 1411
f 1411 1415 1417
f 1411 1417 1412
f 1415 1418 1417
f 1414 1416 1415
f 1415 1416 1418
f 1349 1401 1350
f 1349 1352 1401
f 1402 1401 1419
f 1401 1352 1419
f 1351 1354 1352
f 1352 1354 1420
f 1419 1352 1420
f 1419 1420 1421
f 1402 1419 1422
f 1402 1422 1406
f 1419 1421 1422
f 1353 1355 1423
f 1354 1423 1424
f 1420 1354 1424
f 1420 1424 1421
f 1353 1423 1354
f 1424 1423 1425
f 1423 1426 1425
f 1421 1424 1427
f 1424 1425 1427
f 1427 1425 1428
f 1406 1422 1429
f 1406 1429 1416
f 1416 1430 1418
f 1416 1429 1430
f 1430 1431 1418
f 1429 1432 1430
f 1432 1433 1430
f 1430 1433 1431
f 1427 1428 1434
f 1434 1428 1435
f 1432 1436 1433
f 1432 1434 1436
f 1436 1437 1438
f 1433 1436 1438
f 1436 1435 1437
f 1435 1439 1437
f 1434 1435 1436
f 1345 1440 1347
f 1347 1441 1348
f 1378 1379 1346
f 1346 1379 1442
f 1377 1381 1443
f 1377 1443 1379
f 1379 1444 1442
f 1379 1443 1444
f 1443 1445 1444
f 1381 1388 1446
f 1381 1446 1443
f 1443 1446 1445
f 1446 1392 1447
f 1446 1447 1445
f 1388 1392 1446
f 1447 1392 1448
f 1391 1449 1392
f 1392 1449 1448
f 1345 1346 1440
f 1346 1442 1440
f 1440 1442 1450
f 1442 1451 1450
f 1347 1440 1441
f 1440 1450 1441
f 1441 1450 1452
f 1450 1453 1452
f 1444 1451 1442
f 1444 1445 1454
f 1444 1454 1451
f 1451 1454 1455
f 1450 1451 1453
f 1451 1455 1453
f 1453 1455 1456
f 1348 1441 1355
f 1441 1452 1355
f 1355 1452 1426
f 1423 1355 1426
f 1426 1452 1457
f 1426 1457 1458
f 1453 1457 1452
f 1457 1456 1459
f 1453 1456 1457
f 1457 1459 1458
f 1425 1426 1458
f 1425 1458 1428
f 1445 1447 1454
f 1454 1460 1455
f 1447 1460 1454
f 1455 1461 1456
f 1460 1461 1455
f 1448 1449 1462
f 1448 1462 1463
f 1447 1448 1460
f 1460 1448 1463
f 1463 1464 1465
f 1460 1463 1461
f 1461 1463 1465
f 1466 1439 1467
f 1456 1466 1459
f 1461 1466 1456
f 1459 1466 1467
f 1428 1458 1467
f 1458 1459 1467
f 1428 1467 1435
f 1466 1465 1439
f 1439 1465 1468
f 1465 1464 1468
f 1437 1439 1468
f 1461 1465 1466
f 1435 1467 1439
f 1369 1469 1386
f 1369 1370 1469
f 1385 1386 1390
f 1386 1470 1390
f 1469 1470 1386
f 1469 1471 1470
f 1470 1472 1390
f 1470 1473 1472
f 1391 1390 1472
f 1391 1472 1449
f 1370 1410 1474
f 1410 1475 1474
f 1409 1412 1410
f 1410 1412 1475
f 1412 1476 1475
f 1412 1417 1476
f 1370 1474 1469
f 1469 1474 1471
f 1475 1477 1474
f 1474 1477 1471
f 1470 1471 1473
f 1471 1477 1478
f 1471 1478 1473
f 1475 1476 1477
f 1477 1476 1479
f 1477 1479 1478
f 1479 1480 1478
f 1478 1481 1473
f 1472 1482 1449
f 1472 1473 1482
f 1482 1481 1483
f 1473 1481 1482
f 1478 1480 1481
f 1481 1484 1483
f 1481 1480 1484
f 1417 1485 1476
f 1418 1485 1417
f 1476 1485 1479
f 1485 1431 1486
f 1479 1485 1486
f 1479 1486 1480
f 1418 1431 1485
f 1433 1438 1431
f 1486 1431 1438
f 1486 1438 1487
f 1480 1486 1487
f 1484 1487 1468
f 1437 1468 1487
f 1480 1487 1484
f 1437 1487 1438
f 1482 1462 1449
f 1482 1483 1462
f 1483 1464 1462
f 1463 1462 1464
f 1483 1484 1464
f 1484 1468 1464
f 1422 1421 1488
f 1421 1427 1488
f 1422 1488 1429
f 1429 1488 1432
f 1427 1434 1488
f 1432 1488 1434
f 1489 1490 1491
f 1492 1490 1489
f 1489 1493 1494
f 1493 1491 1495
f 1491 1496 1495
f 1489 1491 1493
f 1493 1497 1498
f 1493 1495 1497
f 1495 1499 1497
f 1497 1499 1500
f 1492 1501 1502
f 1502 1501 1503
f 1502 1504 1505
f 1502 1503 1504
f 1503 1506 1504
f 1504 1506 1507
f 1489 1494 1501
f 1503 1501 1508
f 1501 1494 1508
f 1492 1489 1501
f 1493 1498 1494
f 1509 1508 1494
f 1509 1494 1498
f 1503 1508 1506
f 1508 1510 1506
f 1509 1510 1508
f 1509 1511 1510
f 1509 1498 1512
f 1497 1513 1498
f 1498 1513 1512
f 1513 1514 1512
f 1497 1500 1513
f 1509 1512 1511
f 1512 1514 1515
f 1512 1515 1511
f 1506 1510 1516
f 1507 1506 1516
f 1507 1516 1517
f 1510 1518 1516
f 1510 1511 1518
f 1516 1518 1519
f 1516 1519 1517
f 1518 1520 1519
f 1519 1520 1521
f 1511 1522 1518
f 1518 1522 1520
f 1511 1515 1522
f 1515 1523 1522
f 1522 1523 1524
f 1522 1524 1520
f 1513 1500 1525
f 1513 1525 1514
f 1514 1525 1526
f 1525 1527 1526
f 1514 1526 1515
f 1515 1526 1523
f 1528 1529 1530
f 1492 1529 1528
f 1492 1528 1490
f 1531 1528 1532
f 1531 1490 1528
f 1531 1532 1533
f 1528 1530 1532
f 1530 1534 1532
f 1534 1535 1532
f 1533 1532 1535
f 1533 1535 1536
f 1534 1537 1535
f 1537 1538 1535
f 1537 1539 1538
f 1536 1535 1538
f 1536 1538 1540
f 1538 1539 1541
f 1538 1541 1540
f 1531 1542 1490
f 1531 1543 1542
f 1491 1542 1496
f 1542 1543 1544
f 1542 1544 1496
f 1491 1490 1542
f 1531 1533 1543
f 1533 1545 1543
f 1543 1546 1544
f 1543 1545 1546
f 1495 1496 1547
f 1496 1544 1547
f 1544 1548 1547
f 1547 1549 1499
f 1547 1548 1549
f 1495 1547 1499
f 1549 1550 1499
f 1544 1546 1548
f 1546 1551 1548
f 1549 1548 1552
f 1548 1551 1552
f 1533 1536 1545
f 1536 1553 1545
f 1546 1545 1554
f 1545 1553 1554
f 1536 1540 1553
f 1553 1555 1556
f 1554 1553 1556
f 1553 1540 1555
f 1540 1557 1555
f 1541 1557 1540
f 1556 1555 1558
f 1555 1559 1558
f 1546 1554 1551
f 1554 1560 1551
f 1552 1551 1561
f 1551 1560 1561
f 1554 1556 1560
f 1556 1558 1560
f 1561 1560 1562
f 1560 1558 1562
f 1561 1562 1563
f 1558 1564 1562
f 1562 1564 1565
f 1502 1505 1529
f 1530 1529 1566
f 1529 1505 1566
f 1492 1502 1529
f 1504 1567 1505
f 1505 1568 1566
f 1505 1567 1568
f 1530 1566 1569
f 1530 1569 1534
f 1570 1569 1566
f 1570 1566 1568
f 1570 1568 1571
f 1568 1567 1572
f 1567 1573 1572
f 1504 1507 1567
f 1507 1573 1567
f 1507 1517 1573
f 1573 1574 1575
f 1573 1517 1574
f 1568 1572 1571
f 1573 1575 1572
f 1572 1575 1576
f 1572 1576 1571
f 1576 1575 1577
f 1574 1578 1575
f 1575 1578 1577
f 1534 1569 1537
f 1537 1569 1579
f 1570 1579 1569
f 1537 1579 1539
f 1570 1580 1579
f 1570 1571 1580
f 1579 1580 1581
f 1579 1581 1539
f 1539 1581 1582
f 1541 1539 1582
f 1541 1582 1583
f 1580 1584 1581
f 1581 1584 1585
f 1582 1581 1585
f 1582 1585 1586
f 1571 1576 1587
f 1571 1587 1580
f 1576 1577 1587
f 1580 1587 1584
f 1587 1588 1584
f 1587 1577 1588
f 1578 1589 1577
f 1577 1589 1588
f 1584 1588 1590
f 1588 1591 1590
f 1585 1584 1590
f 1585 1590 1592
f 1589 1591 1588
f 1519 1593 1517
f 1574 1517 1593
f 1574 1593 1594
f 1519 1521 1593
f 1593 1595 1594
f 1593 1521 1595
f 1574 1594 1578
f 1578 1594 1596
f 1520 1524 1597
f 1520 1597 1521
f 1521 1597 1595
f 1595 1597 1598
f 1597 1524 1599
f 1524 1600 1599
f 1597 1599 1598
f 1599 1601 1598
f 1598 1601 1602
f 1578 1596 1589
f 1589 1596 1603
f 1596 1604 1603
f 1590 1591 1605
f 1589 1603 1591
f 1603 1606 1591
f 1591 1606 1605
f 1603 1607 1606
f 1604 1607 1603
f 1607 1608 1606
f 1606 1608 1609
f 1604 1602 1610
f 1601 1611 1602
f 1602 1611 1610
f 1612 1613 1614
f 1610 1612 1608
f 1604 1610 1607
f 1607 1610 1608
f 1611 1612 1610
f 1611 1615 1612
f 1608 1612 1614
f 1555 1557 1559
f 1557 1616 1559
f 1558 1559 1564
f 1559 1617 1564
f 1582 1586 1583
f 1585 1592 1586
f 1541 1583 1557
f 1557 1583 1616
f 1586 1618 1583
f 1583 1618 1616
f 1559 1616 1617
f 1616 1618 1619
f 1616 1619 1617
f 1586 1592 1618
f 1592 1620 1618
f 1618 1620 1619
f 1619 1620 1621
f 1619 1622 1617
f 1564 1617 1623
f 1564 1623 1565
f 1617 1622 1623
f 1623 1622 1624
f 1619 1621 1622
f 1622 1625 1624
f 1622 1621 1625
f 1590 1605 1592
f 1592 1605 1620
f 1620 1605 1609
f 1620 1609 1621
f 1606 1609 1605
f 1621 1609 1614
f 1608 1614 1609
f 1621 1614 1625
f 1625 1614 1613
f 1500 1499 1550
f 1500 1550 1626
f 1549 1627 1550
f 1550 1628 1626
f 1549 1552 1627
f 1550 1627 1628
f 1552 1629 1627
f 1627 1629 1630
f 1627 1630 1628
f 1552 1561 1629
f 1561 1563 1629
f 1629 1563 1631
f 1631 1563 1632
f 1630 1629 1631
f 1562 1565 1563
f 1563 1565 1632
f 1500 1626 1525
f 1525 1626 1527
f 1628 1633 1626
f 1626 1633 1527
f 1526 1527 1634
f 1527 1633 1635
f 1527 1635 1634
f 1628 1636 1633
f 1628 1630 1636
f 1633 1636 1637
f 1633 1637 1635
f 1635 1637 1638
f 1526 1634 1523
f 1523 1634 1600
f 1523 1600 1524
f 1600 1634 1639
f 1635 1639 1634
f 1599 1600 1640
f 1600 1639 1640
f 1635 1638 1639
f 1639 1641 1640
f 1639 1638 1641
f 1599 1640 1601
f 1601 1640 1642
f 1641 1642 1640
f 1630 1631 1636
f 1631 1643 1636
f 1636 1643 1637
f 1631 1632 1643
f 1637 1643 1644
f 1637 1644 1638
f 1643 1645 1644
f 1646 1645 1632
f 1623 1646 1565
f 1565 1646 1632
f 1643 1632 1645
f 1647 1648 1645
f 1624 1647 1646
f 1646 1647 1645
f 1644 1645 1648
f 1649 1648 1615
f 1649 1615 1642
f 1638 1649 1641
f 1638 1644 1649
f 1641 1649 1642
f 1644 1648 1649
f 1601 1642 1611
f 1611 1642 1615
f 1615 1648 1613
f 1612 1615 1613
f 1625 1613 1647
f 1647 1613 1648
f 1623 1624 1646
f 1624 1625 1647
f 1594 1595 1650
f 1594 1650 1596
f 1595 1598 1650
f 1598 1602 1650
f 1596 1650 1604
f 1604 1650 1602
f 1651 1652 1653
f 1654 1651 1655
f 1654 1652 1651
f 1651 1656 1655
f 1657 1655 1658
f 1654 1657 1659
f 1654 1655 1657
f 1657 1660 1661
f 1657 1658 1660
f 1660 1658 1662
f 1658 1655 1663
f 1663 1655 1656
f 1658 1663 1664
f 1658 1664 1662
f 1663 1665 1664
f 1656 1666 1667
f 1667 1666 1668
f 1651 1653 1666
f 1669 1668 1666
f 1653 1670 1669
f 1653 1669 1666
f 1651 1666 1656
f 1667 1668 1671
f 1669 1670 1672
f 1669 1672 1668
f 1672 1673 1668
f 1671 1668 1673
f 1656 1667 1674
f 1663 1656 1674
f 1667 1675 1674
f 1663 1674 1665
f 1674 1675 1676
f 1674 1676 1665
f 1667 1671 1675
f 1671 1677 1675
f 1676 1675 1678
f 1675 1677 1678
f 1660 1679 1680
f 1660 1662 1679
f 1662 1681 1679
f 1679 1682 1683
f 1679 1681 1682
f 1664 1684 1662
f 1664 1665 1684
f 1662 1684 1681
f 1684 1685 1681
f 1681 1686 1682
f 1682 1686 1687
f 1681 1685 1686
f 1686 1688 1687
f 1665 1689 1684
f 1665 1676 1689
f 1676 1690 1689
f 1684 1689 1685
f 1689 1691 1685
f 1689 1690 1691
f 1676 1678 1690
f 1678 1692 1690
f 1690 1693 1691
f 1690 1692 1693
f 1685 1691 1694
f 1691 1695 1694
f 1686 1685 1694
f 1686 1694 1688
f 1694 1695 1696
f 1694 1696 1688
f 1688 1696 1697
f 1693 1695 1691
f 1693 1698 1695
f 1695 1698 1699
f 1696 1699 1697
f 1696 1695 1699
f 1654 1659 1700
f 1700 1659 1701
f 1700 1701 1702
f 1701 1703 1702
f 1702 1703 1704
f 1700 1705 1652
f 1653 1652 1706
f 1652 1705 1706
f 1654 1700 1652
f 1702 1707 1705
f 1705 1708 1706
f 1707 1709 1708
f 1705 1707 1708
f 1700 1702 1705
f 1702 1704 1707
f 1657 1661 1659
f 1701 1659 1710
f 1659 1661 1710
f 1660 1680 1661
f 1661 1711 1710
f 1661 1680 1711
f 1701 1710 1703
f 1710 1712 1703
f 1710 1711 1712
f 1711 1713 1712
f 1707 1714 1709
f 1704 1714 1707
f 1704 1715 1714
f 1714 1715 1716
f 1703 1712 1717
f 1703 1717 1704
f 1704 1717 1715
f 1717 1718 1715
f 1712 1719 1717
f 1712 1713 1719
f 1717 1719 1718
f 1719 1720 1718
f 1718 1721 1715
f 1715 1721 1716
f 1718 1722 1721
f 1718 1720 1722
f 1721 1722 1723
f 1653 1706 1670
f 1706 1724 1670
f 1706 1708 1724
f 1708 1709 1725
f 1708 1725 1724
f 1672 1670 1726
f 1670 1724 1726
f 1672 1726 1727
f 1724 1728 1726
f 1724 1725 1728
f 1725 1729 1728
f 1726 1728 1730
f 1728 1729 1731
f 1714 1732 1709
f 1725 1709 1733
f 1709 1732 1733
f 1733 1732 1734
f 1714 1716 1732
f 1732 1716 1735
f 1732 1735 1734
f 1725 1733 1729
f 1733 1734 1729
f 1729 1734 1736
f 1735 1737 1734
f 1734 1737 1736
f 1716 1738 1735
f 1721 1738 1716
f 1735 1738 1739
f 1721 1723 1738
f 1738 1740 1739
f 1738 1723 1740
f 1735 1739 1737
f 1737 1739 1741
f 1740 1742 1739
f 1739 1742 1741
f 1711 1680 1743
f 1679 1683 1680
f 1680 1683 1743
f 1683 1744 1743
f 1711 1743 1713
f 1743 1744 1745
f 1713 1743 1745
f 1682 1746 1683
f 1683 1746 1744
f 1746 1747 1744
f 1745 1744 1747
f 1745 1747 1748
f 1682 1687 1746
f 1746 1687 1749
f 1688 1750 1687
f 1687 1750 1749
f 1746 1749 1747
f 1747 1751 1748
f 1747 1749 1751
f 1749 1750 1752
f 1749 1752 1751
f 1751 1752 1753
f 1719 1713 1754
f 1719 1754 1720
f 1713 1745 1754
f 1745 1748 1754
f 1754 1755 1720
f 1754 1748 1755
f 1722 1720 1756
f 1722 1756 1723
f 1720 1755 1756
f 1756 1755 1757
f 1748 1751 1758
f 1755 1748 1758
f 1758 1751 1753
f 1755 1758 1757
f 1688 1697 1750
f 1750 1697 1759
f 1750 1759 1752
f 1752 1760 1753
f 1752 1759 1760
f 1699 1761 1697
f 1697 1761 1759
f 1699 1762 1761
f 1759 1761 1763
f 1759 1763 1760
f 1760 1763 1764
f 1761 1765 1763
f 1763 1766 1764
f 1723 1756 1767
f 1723 1767 1740
f 1740 1767 1768
f 1756 1757 1767
f 1767 1757 1769
f 1767 1769 1768
f 1740 1768 1742
f 1742 1768 1770
f 1768 1769 1771
f 1768 1771 1770
f 1758 1753 1772
f 1773 1774 1772
f 1760 1773 1753
f 1753 1773 1772
f 1758 1772 1757
f 1757 1772 1769
f 1772 1774 1769
f 1764 1775 1774
f 1760 1764 1773
f 1773 1764 1774
f 1771 1769 1774
f 1771 1774 1775
f 1672 1727 1673
f 1671 1673 1776
f 1673 1727 1777
f 1673 1777 1776
f 1671 1776 1677
f 1677 1776 1778
f 1678 1677 1779
f 1677 1778 1779
f 1779 1778 1780
f 1776 1781 1778
f 1777 1781 1776
f 1777 1782 1781
f 1778 1781 1783
f 1778 1783 1780
f 1781 1784 1783
f 1678 1779 1692
f 1779 1780 1692
f 1693 1692 1785
f 1692 1780 1785
f 1780 1786 1785
f 1785 1786 1787
f 1783 1786 1780
f 1783 1788 1786
f 1786 1789 1787
f 1693 1785 1698
f 1698 1787 1762
f 1785 1787 1698
f 1699 1698 1762
f 1726 1730 1727
f 1727 1730 1790
f 1777 1727 1790
f 1728 1731 1730
f 1730 1731 1791
f 1790 1730 1791
f 1791 1731 1792
f 1777 1790 1782
f 1790 1793 1782
f 1790 1791 1793
f 1791 1792 1794
f 1791 1794 1793
f 1781 1782 1784
f 1793 1795 1782
f 1782 1795 1784
f 1783 1784 1788
f 1784 1795 1796
f 1784 1796 1788
f 1793 1794 1795
f 1794 1797 1795
f 1795 1797 1796
f 1796 1797 1798
f 1729 1736 1731
f 1731 1736 1792
f 1736 1799 1792
f 1737 1799 1736
f 1792 1799 1800
f 1799 1801 1800
f 1737 1741 1799
f 1741 1801 1799
f 1742 1802 1741
f 1741 1802 1801
f 1802 1803 1801
f 1794 1792 1800
f 1794 1800 1797
f 1797 1800 1804
f 1801 1804 1800
f 1801 1803 1804
f 1797 1804 1798
f 1796 1805 1788
f 1786 1788 1789
f 1789 1805 1806
f 1788 1805 1789
f 1796 1798 1805
f 1807 1806 1805
f 1798 1807 1805
f 1787 1808 1762
f 1761 1762 1765
f 1808 1765 1762
f 1808 1809 1765
f 1809 1810 1766
f 1763 1765 1766
f 1809 1766 1765
f 1787 1789 1808
f 1789 1806 1808
f 1808 1806 1809
f 1807 1810 1809
f 1807 1809 1806
f 1803 1811 1812
f 1811 1810 1812
f 1742 1770 1802
f 1802 1770 1803
f 1771 1811 1770
f 1770 1811 1803
f 1804 1812 1798
f 1804 1803 1812
f 1798 1812 1807
f 1807 1812 1810
f 1775 1766 1810
f 1811 1775 1810
f 1764 1766 1775
f 1771 1775 1811
f 1813 1814 1815
f 1816 1813 1817
f 1813 1818 1817
f 1816 1814 1813
f 1816 1819 1820
f 1819 1821 1822
f 1822 1821 1823
f 1819 1822 1824
f 1825 1821 1817
f 1825 1817 1818
f 1825 1826 1821
f 1826 1823 1821
f 1825 1827 1826
f 1819 1817 1821
f 1816 1817 1819
f 1822 1823 1828
f 1822 1828 1829
f 1828 1830 1831
f 1826 1832 1823
f 1826 1827 1832
f 1832 1833 1823
f 1832 1834 1833
f 1828 1823 1833
f 1828 1833 1830
f 1833 1835 1830
f 1833 1834 1835
f 1830 1835 1836
f 1835 1837 1836
f 1816 1820 1838
f 1839 1838 1820
f 1839 1840 1838
f 1839 1841 1840
f 1840 1841 1842
f 1814 1838 1843
f 1814 1843 1844
f 1816 1838 1814
f 1843 1840 1845
f 1843 1845 1846
f 1838 1840 1843
f 1840 1842 1845
f 1820 1824 1847
f 1819 1824 1820
f 1839 1820 1847
f 1822 1829 1824
f 1824 1848 1847
f 1824 1829 1848
f 1847 1849 1841
f 1839 1847 1841
f 1847 1848 1849
f 1848 1850 1849
f 1845 1851 1852
f 1842 1853 1851
f 1845 1842 1851
f 1851 1853 1854
f 1841 1855 1842
f 1841 1849 1855
f 1849 1850 1856
f 1849 1856 1855
f 1855 1856 1857
f 1856 1858 1857
f 1842 1855 1853
f 1855 1857 1853
f 1853 1857 1859
f 1853 1859 1854
f 1859 1857 1860
f 1857 1858 1860
f 1859 1860 1861
f 1848 1829 1862
f 1829 1831 1862
f 1828 1831 1829
f 1831 1863 1862
f 1848 1862 1850
f 1850 1862 1864
f 1862 1863 1864
f 1830 1865 1831
f 1831 1865 1863
f 1863 1865 1866
f 1864 1863 1866
f 1864 1866 1867
f 1830 1836 1865
f 1865 1836 1868
f 1836 1869 1868
f 1865 1868 1866
f 1866 1870 1867
f 1866 1868 1870
f 1868 1871 1870
f 1856 1850 1872
f 1856 1872 1858
f 1850 1864 1872
f 1864 1867 1872
f 1872 1873 1858
f 1872 1867 1873
f 1860 1858 1874
f 1860 1874 1861
f 1858 1873 1874
f 1874 1873 1875
f 1873 1867 1876
f 1867 1870 1876
f 1876 1870 1877
f 1873 1876 1875
f 1818 1878 1879
f 1813 1815 1878
f 1815 1880 1881
f 1815 1881 1878
f 1813 1878 1818
f 1878 1882 1879
f 1879 1882 1883
f 1878 1881 1882
f 1881 1880 1884
f 1881 1884 1882
f 1884 1885 1882
f 1883 1882 1885
f 1825 1818 1886
f 1818 1879 1886
f 1825 1886 1827
f 1886 1887 1827
f 1879 1888 1886
f 1879 1883 1888
f 1883 1889 1888
f 1886 1888 1887
f 1888 1890 1887
f 1888 1889 1890
f 1884 1891 1885
f 1883 1885 1892
f 1885 1893 1892
f 1885 1891 1893
f 1883 1892 1889
f 1889 1892 1894
f 1890 1889 1895
f 1889 1894 1895
f 1895 1894 1896
f 1892 1897 1894
f 1893 1897 1892
f 1893 1898 1897
f 1897 1899 1894
f 1894 1899 1896
f 1897 1900 1899
f 1832 1827 1901
f 1827 1887 1901
f 1832 1901 1834
f 1901 1902 1834
f 1887 1890 1903
f 1887 1903 1901
f 1890 1904 1903
f 1901 1903 1902
f 1903 1904 1905
f 1903 1905 1902
f 1834 1902 1906
f 1835 1834 1906
f 1835 1906 1837
f 1906 1907 1837
f 1837 1907 1908
f 1906 1902 1909
f 1905 1909 1902
f 1906 1909 1907
f 1905 1910 1909
f 1909 1910 1911
f 1909 1911 1907
f 1907 1911 1908
f 1890 1895 1904
f 1895 1896 1904
f 1905 1904 1912
f 1904 1896 1912
f 1899 1913 1896
f 1899 1914 1913
f 1912 1896 1913
f 1912 1913 1915
f 1913 1916 1915
f 1905 1912 1910
f 1912 1915 1910
f 1910 1915 1917
f 1911 1910 1917
f 1814 1844 1815
f 1815 1844 1880
f 1844 1918 1880
f 1843 1846 1844
f 1845 1852 1846
f 1844 1846 1918
f 1846 1852 1919
f 1846 1919 1918
f 1880 1918 1920
f 1884 1880 1920
f 1918 1919 1921
f 1920 1918 1921
f 1919 1922 1921
f 1851 1923 1852
f 1919 1852 1924
f 1852 1923 1924
f 1851 1854 1923
f 1854 1925 1923
f 1919 1924 1922
f 1923 1926 1924
f 1924 1926 1922
f 1922 1926 1927
f 1923 1925 1926
f 1926 1928 1927
f 1925 1928 1926
f 1859 1929 1854
f 1854 1929 1925
f 1859 1861 1929
f 1929 1861 1930
f 1925 1929 1931
f 1925 1931 1928
f 1928 1931 1932
f 1929 1930 1931
f 1931 1930 1933
f 1931 1933 1932
f 1884 1920 1891
f 1920 1934 1891
f 1891 1934 1935
f 1893 1891 1935
f 1920 1921 1934
f 1921 1922 1936
f 1921 1936 1934
f 1934 1936 1937
f 1934 1937 1935
f 1937 1936 1938
f 1893 1935 1898
f 1935 1939 1898
f 1935 1937 1939
f 1937 1938 1940
f 1937 1940 1939
f 1897 1898 1900
f 1939 1941 1898
f 1898 1941 1900
f 1899 1900 1914
f 1900 1941 1942
f 1900 1942 1914
f 1939 1940 1941
f 1941 1940 1943
f 1941 1943 1942
f 1942 1943 1944
f 1922 1927 1936
f 1936 1927 1938
f 1927 1945 1938
f 1928 1945 1927
f 1928 1932 1945
f 1932 1946 1945
f 1933 1947 1932
f 1932 1947 1946
f 1947 1948 1946
f 1940 1938 1949
f 1938 1945 1949
f 1945 1946 1949
f 1940 1949 1943
f 1949 1946 1950
f 1950 1946 1948
f 1943 1949 1950
f 1943 1950 1944
f 1836 1837 1869
f 1837 1908 1869
f 1869 1908 1951
f 1868 1869 1871
f 1870 1871 1877
f 1869 1951 1871
f 1871 1952 1877
f 1871 1951 1952
f 1908 1953 1951
f 1911 1953 1908
f 1951 1954 1952
f 1953 1954 1951
f 1952 1954 1955
f 1874 1956 1861
f 1861 1956 1930
f 1874 1875 1956
f 1956 1875 1957
f 1930 1958 1933
f 1930 1956 1958
f 1933 1958 1959
f 1956 1957 1958
f 1958 1960 1959
f 1958 1957 1960
f 1876 1877 1961
f 1952 1962 1877
f 1877 1962 1961
f 1876 1961 1875
f 1875 1961 1957
f 1961 1962 1963
f 1955 1964 1963
f 1952 1955 1962
f 1962 1955 1963
f 1961 1963 1957
f 1960 1957 1963
f 1960 1963 1964
f 1942 1965 1914
f 1913 1914 1916
f 1914 1965 1916
f 1916 1965 1966
f 1942 1944 1965
f 1965 1967 1966
f 1944 1967 1965
f 1915 1968 1917
f 1911 1917 1953
f 1953 1917 1969
f 1917 1968 1969
f 1969 1968 1970
f 1970 1971 1972
f 1953 1969 1954
f 1954 1972 1955
f 1954 1969 1972
f 1969 1970 1972
f 1915 1916 1968
f 1916 1966 1968
f 1968 1966 1970
f 1967 1971 1970
f 1967 1970 1966
f 1933 1959 1947
f 1947 1959 1948
f 1960 1973 1959
f 1959 1973 1948
f 1950 1948 1974
f 1950 1974 1944
f 1967 1974 1971
f 1973 1974 1948
f 1973 1971 1974
f 1944 1974 1967
f 1964 1972 1971
f 1973 1964 1971
f 1955 1972 1964
f 1960 1964 1973
f 990 1975 991
f 1975 1173 991
f 990 1007 1975
f 1975 1976 1173
f 1976 1174 1173
f 1975 1007 1976
f 1976 1977 1174
f 1977 1176 1174
f 1976 1007 1977
f 1977 1007 1176
f 1007 1008 1176
