# sionna2 mesh — phantom3__gear.obj
# group=gear  verts=1663  tris=3318
v 0.049962 0.071062 -0.145411
v 0.048255 0.072154 -0.145086
v 0.048514 0.072150 -0.145120
v 0.048015 0.072293 -0.144037
v 0.050427 0.072182 -0.145361
v 0.052398 0.070988 -0.145730
v 0.052454 0.072216 -0.145617
v 0.052700 0.072220 -0.145649
v 0.048029 0.073252 -0.132879
v 0.047169 0.073761 -0.141238
v 0.047705 0.072887 -0.142375
v 0.046983 0.074048 -0.141019
v 0.049401 0.071239 -0.133251
v 0.048005 0.072337 -0.143699
v 0.051473 0.069912 -0.133645
v 0.053909 0.069838 -0.133964
v 0.053002 0.084312 -0.144510
v 0.052700 0.083080 -0.144591
v 0.051135 0.083054 -0.144393
v 0.051188 0.082963 -0.143699
v 0.047083 0.074900 -0.140366
v 0.048101 0.075700 -0.132650
v 0.047177 0.076226 -0.139818
v 0.047183 0.076398 -0.139795
v 0.048004 0.077650 -0.139630
v 0.049434 0.077803 -0.132616
v 0.048519 0.078500 -0.139742
v 0.050952 0.079797 -0.132616
v 0.048940 0.079074 -0.139818
v 0.049838 0.080400 -0.140366
v 0.052473 0.081788 -0.132617
v 0.050969 0.082413 -0.142375
v 0.050531 0.081539 -0.141238
v 0.049940 0.080567 -0.140494
v 0.051179 0.082952 -0.143673
v 0.051087 0.082843 -0.143411
v 0.054513 0.083162 -0.132744
v 0.049540 0.072102 -0.121113
v 0.050912 0.070089 -0.121484
v 0.049612 0.074550 -0.120884
v 0.052984 0.068762 -0.121879
v 0.050945 0.076653 -0.120849
v 0.052463 0.078647 -0.120849
v 0.053984 0.080638 -0.120850
v 0.053125 0.072254 -0.145700
v 0.053418 0.072278 -0.145735
v 0.053795 0.072359 -0.145775
v 0.054124 0.072428 -0.145810
v 0.054438 0.072362 -0.145857
v 0.054386 0.072521 -0.145835
v 0.054447 0.072542 -0.145841
v 0.054623 0.072604 -0.145857
v 0.054694 0.072561 -0.145342
v 0.055949 0.071212 -0.134091
v 0.054725 0.072542 -0.145120
v 0.054805 0.072594 -0.144926
v 0.055319 0.072987 -0.143873
v 0.055450 0.073119 -0.143722
v 0.055684 0.073370 -0.143519
v 0.055957 0.073665 -0.143282
v 0.056048 0.073763 -0.143203
v 0.057471 0.073203 -0.134092
v 0.056315 0.074074 -0.143059
v 0.056319 0.074079 -0.143058
v 0.056589 0.074418 -0.143001
v 0.052945 0.083068 -0.144624
v 0.053183 0.083057 -0.144655
v 0.053418 0.083046 -0.144686
v 0.053945 0.082951 -0.144763
v 0.055438 0.084238 -0.144829
v 0.054801 0.082703 -0.144897
v 0.054685 0.082740 -0.144878
v 0.054805 0.082702 -0.144897
v 0.054124 0.082919 -0.144789
v 0.057510 0.082911 -0.145223
v 0.057063 0.080967 -0.145355
v 0.056665 0.081434 -0.145259
v 0.055391 0.082426 -0.144999
v 0.055450 0.082399 -0.145009
v 0.056030 0.082026 -0.145120
v 0.056399 0.081695 -0.145199
v 0.056050 0.082011 -0.145124
v 0.056048 0.082013 -0.145123
v 0.056589 0.081523 -0.145240
v 0.058811 0.078450 -0.145824
v 0.058142 0.077396 -0.145841
v 0.058148 0.077458 -0.145836
v 0.058153 0.077395 -0.145784
v 0.058149 0.077470 -0.145834
v 0.058153 0.077567 -0.145826
v 0.058154 0.077650 -0.145818
v 0.058162 0.077361 -0.145620
v 0.058169 0.077321 -0.145449
v 0.058173 0.077289 -0.145328
v 0.058154 0.077833 -0.145800
v 0.058153 0.077876 -0.145796
v 0.058140 0.078068 -0.145775
v 0.058118 0.078283 -0.145751
v 0.058144 0.078031 -0.145779
v 0.058107 0.078358 -0.145743
v 0.058085 0.078509 -0.145725
v 0.058062 0.078668 -0.145707
v 0.058013 0.078948 -0.145673
v 0.058882 0.080898 -0.145595
v 0.057860 0.079460 -0.145604
v 0.057541 0.080193 -0.145492
v 0.057463 0.080354 -0.145466
v 0.057781 0.079695 -0.145571
v 0.057714 0.079835 -0.145549
v 0.057220 0.080727 -0.145399
v 0.056767 0.074658 -0.143021
v 0.057063 0.075055 -0.143052
v 0.057391 0.075532 -0.143228
v 0.057463 0.075638 -0.143267
v 0.056949 0.083088 -0.133063
v 0.059022 0.081761 -0.133457
v 0.058988 0.075197 -0.134092
v 0.058174 0.077260 -0.145224
v 0.058172 0.077226 -0.145120
v 0.058168 0.077182 -0.144995
v 0.058153 0.077071 -0.144706
v 0.058159 0.077112 -0.144810
v 0.058121 0.076979 -0.144567
v 0.058042 0.076749 -0.144221
v 0.057764 0.076128 -0.143622
v 0.057779 0.076156 -0.143635
v 0.057781 0.076160 -0.143637
v 0.057804 0.076208 -0.143681
v 0.058013 0.076665 -0.144099
v 0.058025 0.076700 -0.144149
v 0.060322 0.077300 -0.134058
v 0.060393 0.079748 -0.133828
v 0.055421 0.068688 -0.122198
v 0.057460 0.070062 -0.122325
v 0.058982 0.072053 -0.122326
v 0.060499 0.074047 -0.122326
v 0.061833 0.076150 -0.122291
v 0.061905 0.078598 -0.122062
v 0.056024 0.082012 -0.120978
v 0.058461 0.081938 -0.121296
v 0.060533 0.080611 -0.121691
v 0.051123 0.073400 -0.109117
v 0.051051 0.070952 -0.109347
v 0.052423 0.068939 -0.109718
v 0.052456 0.075503 -0.109083
v 0.053974 0.077497 -0.109083
v 0.052562 0.069802 -0.097580
v 0.052634 0.072250 -0.097351
v 0.053967 0.074353 -0.097317
v 0.054495 0.067612 -0.110112
v 0.056932 0.067538 -0.110431
v 0.058971 0.068912 -0.110559
v 0.060493 0.070903 -0.110559
v 0.062010 0.072897 -0.110559
v 0.055495 0.079488 -0.109084
v 0.057535 0.080862 -0.109211
v 0.063344 0.075000 -0.110525
v 0.063416 0.077448 -0.110296
v 0.059972 0.080788 -0.109530
v 0.062044 0.079461 -0.109925
v 0.053934 0.067789 -0.097952
v 0.056006 0.066462 -0.098346
v 0.058443 0.066388 -0.098665
v 0.060482 0.067762 -0.098792
v 0.062004 0.069753 -0.098793
v 0.063522 0.071747 -0.098793
v 0.057517 0.065312 -0.086580
v 0.059954 0.065238 -0.086899
v 0.061994 0.066612 -0.087026
v 0.055485 0.076347 -0.097317
v 0.057006 0.078338 -0.097318
v 0.059046 0.079712 -0.097445
v 0.061483 0.079638 -0.097764
v 0.063555 0.078311 -0.098158
v 0.064855 0.073850 -0.098759
v 0.063515 0.068603 -0.087027
v 0.065033 0.070597 -0.087027
v 0.064927 0.076298 -0.098530
v 0.066438 0.075148 -0.086764
v 0.066366 0.072700 -0.086993
v 0.061465 0.064088 -0.075133
v 0.062976 0.062938 -0.063367
v 0.060539 0.063012 -0.063048
v 0.055445 0.066639 -0.086186
v 0.054073 0.068652 -0.085814
v 0.054145 0.071100 -0.085585
v 0.055478 0.073203 -0.085551
v 0.055584 0.067502 -0.074048
v 0.056956 0.065489 -0.074420
v 0.055656 0.069950 -0.073819
v 0.056990 0.072053 -0.073785
v 0.059028 0.064162 -0.074814
v 0.056996 0.075197 -0.085551
v 0.058518 0.077188 -0.085552
v 0.060557 0.078562 -0.085679
v 0.062994 0.078488 -0.085998
v 0.058507 0.074047 -0.073785
v 0.060029 0.076038 -0.073786
v 0.062068 0.077412 -0.073913
v 0.063505 0.065462 -0.075260
v 0.065026 0.067453 -0.075261
v 0.066544 0.069447 -0.075261
v 0.067877 0.071550 -0.075227
v 0.065066 0.077161 -0.086392
v 0.064505 0.077338 -0.074232
v 0.066577 0.076011 -0.074626
v 0.067949 0.073998 -0.074998
v 0.057095 0.066352 -0.062282
v 0.058467 0.064339 -0.062653
v 0.057167 0.068800 -0.062053
v 0.058501 0.070903 -0.062019
v 0.060018 0.072897 -0.062019
v 0.061540 0.074888 -0.062019
v 0.063579 0.076262 -0.062147
v 0.065016 0.064312 -0.063494
v 0.066537 0.066303 -0.063495
v 0.068055 0.068297 -0.063495
v 0.069388 0.070400 -0.063461
v 0.069460 0.072848 -0.063231
v 0.066016 0.076188 -0.062466
v 0.068088 0.074861 -0.062860
v 0.062051 0.061862 -0.051282
v 0.059978 0.063189 -0.050887
v 0.064487 0.061788 -0.051600
v 0.066527 0.063162 -0.051728
v 0.061490 0.062039 -0.039121
v 0.063562 0.060712 -0.039515
v 0.060118 0.064052 -0.038750
v 0.065998 0.060638 -0.039834
v 0.068038 0.062012 -0.039961
v 0.066300 0.067300 -0.039224
v 0.058678 0.067650 -0.050287
v 0.058607 0.065202 -0.050516
v 0.060012 0.069753 -0.050252
v 0.061529 0.071747 -0.050252
v 0.063051 0.073738 -0.050253
v 0.068048 0.065153 -0.051729
v 0.069566 0.067147 -0.051729
v 0.070899 0.069250 -0.051694
v 0.070971 0.071698 -0.051465
v 0.069599 0.073711 -0.051094
v 0.065091 0.075112 -0.050380
v 0.067527 0.075038 -0.050699
v 0.060189 0.066500 -0.038520
v 0.061523 0.068603 -0.038486
v 0.063040 0.070597 -0.038486
v 0.064562 0.072588 -0.038487
v 0.069560 0.064003 -0.039962
v 0.071077 0.065997 -0.039962
v 0.071110 0.072561 -0.039327
v 0.072411 0.068100 -0.039928
v 0.072482 0.070548 -0.039699
v 0.066602 0.073962 -0.038614
v 0.069038 0.073888 -0.038933
v -0.059357 0.075662 -0.134684
v -0.056344 0.075243 -0.143733
v -0.056157 0.074868 -0.143914
v -0.056072 0.074697 -0.143996
v -0.056543 0.075774 -0.143682
v -0.056363 0.075289 -0.143721
v -0.056681 0.076148 -0.143652
v -0.056355 0.075269 -0.143726
v -0.056791 0.076547 -0.143741
v -0.056692 0.076185 -0.143657
v -0.056688 0.076169 -0.143655
v -0.060169 0.078032 -0.134682
v -0.056927 0.078827 -0.145776
v -0.056990 0.078651 -0.145387
v -0.056913 0.078861 -0.145858
v -0.056922 0.078841 -0.145806
v -0.056836 0.079182 -0.146448
v -0.057042 0.077877 -0.144386
v -0.057040 0.077853 -0.144366
v -0.057000 0.077535 -0.144150
v -0.056974 0.077361 -0.144044
v -0.057017 0.077650 -0.144221
v -0.057025 0.077723 -0.144273
v -0.056811 0.076623 -0.143759
v -0.056886 0.076899 -0.143821
v -0.056960 0.077285 -0.144004
v -0.056924 0.077077 -0.143893
v -0.056913 0.077012 -0.143859
v -0.056898 0.076949 -0.143838
v -0.057042 0.078398 -0.144948
v -0.057045 0.078383 -0.144924
v -0.057053 0.078284 -0.144792
v -0.057054 0.078263 -0.144767
v -0.057010 0.078567 -0.145231
v -0.057025 0.078507 -0.145120
v -0.057055 0.078140 -0.144631
v -0.057053 0.078026 -0.144512
v -0.057052 0.078011 -0.144498
v -0.057052 0.078010 -0.144497
v -0.058539 0.073293 -0.134684
v -0.060203 0.080483 -0.134453
v -0.056869 0.081633 -0.146219
v -0.058845 0.082450 -0.133878
v -0.054202 0.072164 -0.146388
v -0.054841 0.073337 -0.146046
v -0.054751 0.073308 -0.146281
v -0.054948 0.073372 -0.145767
v -0.053895 0.072810 -0.146239
v -0.053705 0.072710 -0.146195
v -0.053563 0.072658 -0.146160
v -0.053024 0.072457 -0.146027
v -0.054722 0.073345 -0.146420
v -0.054366 0.073060 -0.146347
v -0.054350 0.073048 -0.146344
v -0.054346 0.073046 -0.146343
v -0.052245 0.070733 -0.145975
v -0.052748 0.072393 -0.145956
v -0.052318 0.072293 -0.145844
v -0.052101 0.072271 -0.145785
v -0.051600 0.072220 -0.145649
v -0.049873 0.070735 -0.145306
v -0.051913 0.072251 -0.145734
v -0.050231 0.072169 -0.145267
v -0.049703 0.072150 -0.145120
v -0.048026 0.072213 -0.144641
v -0.047689 0.071700 -0.144595
v -0.047316 0.072240 -0.144437
v -0.047397 0.072337 -0.143699
v -0.057535 0.071014 -0.134622
v -0.055105 0.073463 -0.145412
v -0.055489 0.073814 -0.144721
v -0.055380 0.073695 -0.144892
v -0.055811 0.074234 -0.144315
v -0.055668 0.074048 -0.144495
v -0.055864 0.074307 -0.144226
v -0.055234 0.073537 -0.145120
v -0.055578 0.069583 -0.134209
v -0.053206 0.069585 -0.133540
v -0.051022 0.070550 -0.132829
v -0.047262 0.072887 -0.142375
v -0.046999 0.073436 -0.141661
v -0.049664 0.072517 -0.132255
v -0.047114 0.073761 -0.141238
v -0.047346 0.074900 -0.140366
v -0.056761 0.078963 -0.146448
v -0.056766 0.078961 -0.146429
v -0.056758 0.078979 -0.146446
v -0.056734 0.079080 -0.146429
v -0.056718 0.079147 -0.146418
v -0.056681 0.079301 -0.146393
v -0.056615 0.079498 -0.146355
v -0.056541 0.079720 -0.146313
v -0.056450 0.079936 -0.146266
v -0.056363 0.080144 -0.146221
v -0.056226 0.080390 -0.146159
v -0.055963 0.080862 -0.146039
v -0.055923 0.080918 -0.146022
v -0.055943 0.080890 -0.146030
v -0.055888 0.080967 -0.146007
v -0.055599 0.081312 -0.145892
v -0.055489 0.081443 -0.145848
v -0.055511 0.083600 -0.145644
v -0.055193 0.081718 -0.145738
v -0.054948 0.081944 -0.145647
v -0.054729 0.082100 -0.145570
v -0.054591 0.082199 -0.145521
v -0.054350 0.082371 -0.145436
v -0.054216 0.082443 -0.145392
v -0.053705 0.082718 -0.145220
v -0.053327 0.084565 -0.144934
v -0.053662 0.082735 -0.145207
v -0.053390 0.082838 -0.145120
v -0.053074 0.082932 -0.145022
v -0.052927 0.082963 -0.144977
v -0.053024 0.082948 -0.145006
v -0.052462 0.083037 -0.144839
v -0.052318 0.083060 -0.144796
v -0.051835 0.083074 -0.144658
v -0.050955 0.084567 -0.144264
v -0.051600 0.083080 -0.144591
v -0.051096 0.083062 -0.144451
v -0.048998 0.083136 -0.143852
v -0.049069 0.082987 -0.143886
v -0.048931 0.082982 -0.143847
v -0.048970 0.082963 -0.143699
v -0.055963 0.074480 -0.144101
v -0.055920 0.074404 -0.144156
v -0.056660 0.083415 -0.133168
v -0.054289 0.083417 -0.132498
v -0.049698 0.074968 -0.132025
v -0.047660 0.076226 -0.139818
v -0.048207 0.077650 -0.139630
v -0.047360 0.075032 -0.140311
v -0.047434 0.075749 -0.140015
v -0.050510 0.077338 -0.132024
v -0.048339 0.078088 -0.139688
v -0.048638 0.079074 -0.139818
v -0.052332 0.081986 -0.132085
v -0.051327 0.079707 -0.132024
v -0.049156 0.082413 -0.142375
v -0.049135 0.081539 -0.141238
v -0.048922 0.080400 -0.140366
v -0.048935 0.080532 -0.140467
v -0.060868 0.069864 -0.122856
v -0.061873 0.072143 -0.122917
v -0.062690 0.074512 -0.122917
v -0.058911 0.068433 -0.122443
v -0.063502 0.076882 -0.122916
v -0.063536 0.079333 -0.122687
v -0.062178 0.081300 -0.122112
v -0.059994 0.082265 -0.121402
v -0.057622 0.082267 -0.120732
v -0.056540 0.068435 -0.121773
v -0.054355 0.069400 -0.121063
v -0.052997 0.071367 -0.120488
v -0.053031 0.073818 -0.120259
v -0.053843 0.076188 -0.120258
v -0.054661 0.078557 -0.120258
v -0.055665 0.080836 -0.120319
v -0.068540 0.069843 -0.099385
v -0.069357 0.072212 -0.099385
v -0.065206 0.070993 -0.111151
v -0.070169 0.074582 -0.099384
v -0.066023 0.073362 -0.111151
v -0.067535 0.067564 -0.099324
v -0.065578 0.066133 -0.098911
v -0.070868 0.066414 -0.087557
v -0.072690 0.071062 -0.087619
v -0.073502 0.073432 -0.087617
v -0.071873 0.068693 -0.087619
v -0.066836 0.075732 -0.111150
v -0.070203 0.077033 -0.099154
v -0.066869 0.078183 -0.110921
v -0.068845 0.079000 -0.098580
v -0.065511 0.080150 -0.110346
v -0.073536 0.075883 -0.087388
v -0.072178 0.077850 -0.086813
v -0.062245 0.067283 -0.110677
v -0.064202 0.068714 -0.111090
v -0.059873 0.067285 -0.110007
v -0.057689 0.068250 -0.109297
v -0.063327 0.081115 -0.109635
v -0.060955 0.081117 -0.108966
v -0.058998 0.079686 -0.108553
v -0.057994 0.077407 -0.108491
v -0.056331 0.070217 -0.108722
v -0.056364 0.072668 -0.108493
v -0.057177 0.075038 -0.108491
v -0.063206 0.066135 -0.098241
v -0.061022 0.067100 -0.097531
v -0.059664 0.069067 -0.096956
v -0.059698 0.071518 -0.096727
v -0.068911 0.064983 -0.087144
v -0.060510 0.073888 -0.096725
v -0.066660 0.079965 -0.097869
v -0.064289 0.079967 -0.097200
v -0.061327 0.076257 -0.096725
v -0.062332 0.078536 -0.096787
v -0.069873 0.063835 -0.074709
v -0.073206 0.062685 -0.062943
v -0.075578 0.062683 -0.063612
v -0.075206 0.067543 -0.075853
v -0.076023 0.069912 -0.075853
v -0.076836 0.072282 -0.075851
v -0.074202 0.065264 -0.075791
v -0.066540 0.064985 -0.086475
v -0.072245 0.063833 -0.075378
v -0.069994 0.078815 -0.086103
v -0.067622 0.078817 -0.085434
v -0.076869 0.074733 -0.075622
v -0.075511 0.076700 -0.075047
v -0.073327 0.077665 -0.074337
v -0.070955 0.077667 -0.073667
v -0.068998 0.076236 -0.073254
v -0.065665 0.077386 -0.085021
v -0.078539 0.066393 -0.064087
v -0.079357 0.068762 -0.064087
v -0.080169 0.071132 -0.064085
v -0.080203 0.073583 -0.063856
v -0.078845 0.075550 -0.063281
v -0.064355 0.065950 -0.085764
v -0.067689 0.064800 -0.073998
v -0.077535 0.064114 -0.064025
v -0.066331 0.066767 -0.073424
v -0.071022 0.063650 -0.062232
v -0.066364 0.069218 -0.073194
v -0.069664 0.065617 -0.061657
v -0.067177 0.071588 -0.073193
v -0.069698 0.068068 -0.061428
v -0.067994 0.073957 -0.073193
v -0.070510 0.070438 -0.061427
v -0.076660 0.076515 -0.062571
v -0.074289 0.076517 -0.061901
v -0.072332 0.075086 -0.061488
v -0.071327 0.072807 -0.061427
v -0.062997 0.067917 -0.085190
v -0.063843 0.072738 -0.084959
v -0.063031 0.070368 -0.084961
v -0.064661 0.075107 -0.084959
v -0.080868 0.062964 -0.052259
v -0.078911 0.061533 -0.051846
v -0.076540 0.061535 -0.051176
v -0.074355 0.062500 -0.050466
v -0.084202 0.061814 -0.040493
v -0.082245 0.060383 -0.040080
v -0.085206 0.064093 -0.040554
v -0.081600 0.067300 -0.039224
v -0.079873 0.060385 -0.039410
v -0.077689 0.061350 -0.038700
v -0.072997 0.064467 -0.049891
v -0.076331 0.063317 -0.038125
v -0.082690 0.067612 -0.052320
v -0.081873 0.065243 -0.052320
v -0.083502 0.069982 -0.052319
v -0.083536 0.072433 -0.052090
v -0.082178 0.074400 -0.051515
v -0.079994 0.075365 -0.050805
v -0.077622 0.075367 -0.050135
v -0.074661 0.071657 -0.049661
v -0.073843 0.069288 -0.049661
v -0.073031 0.066918 -0.049662
v -0.075665 0.073936 -0.049722
v -0.086023 0.066462 -0.040554
v -0.086869 0.071283 -0.040323
v -0.086836 0.068832 -0.040553
v -0.085511 0.073250 -0.039749
v -0.083327 0.074215 -0.039038
v -0.076364 0.065768 -0.037896
v -0.077177 0.068138 -0.037894
v -0.077994 0.070507 -0.037894
v -0.078998 0.072786 -0.037956
v -0.080955 0.074217 -0.038369
v -0.053705 0.073249 -0.147656
v -0.054350 0.074282 -0.148481
v -0.053705 0.074057 -0.148706
v -0.053024 0.073049 -0.147771
v -0.054350 0.073525 -0.147497
v -0.053705 0.072742 -0.146432
v -0.053024 0.073893 -0.148869
v -0.052318 0.072928 -0.147841
v -0.052318 0.073794 -0.148968
v -0.053024 0.072518 -0.146492
v -0.052318 0.072383 -0.146528
v -0.054948 0.073435 -0.146247
v -0.055489 0.073893 -0.146125
v -0.055489 0.074282 -0.147061
v -0.054948 0.073871 -0.147297
v -0.054350 0.073049 -0.146350
v -0.055489 0.073761 -0.145120
v -0.051600 0.072887 -0.147865
v -0.051600 0.073761 -0.149001
v -0.051600 0.072337 -0.146541
v -0.054948 0.075468 -0.148891
v -0.054948 0.076521 -0.149327
v -0.054350 0.075268 -0.149237
v -0.055489 0.076643 -0.148869
v -0.055963 0.075282 -0.147483
v -0.055963 0.074750 -0.146791
v -0.056363 0.075705 -0.147061
v -0.055963 0.075976 -0.148014
v -0.056363 0.076938 -0.147771
v -0.055963 0.076783 -0.148348
v -0.056363 0.076275 -0.147497
v -0.056681 0.076598 -0.146939
v -0.054948 0.074565 -0.148199
v -0.055489 0.074900 -0.147865
v -0.055489 0.075705 -0.148481
v -0.055489 0.077650 -0.149001
v -0.054948 0.077650 -0.149475
v -0.054350 0.076417 -0.149712
v -0.055489 0.078657 -0.148869
v -0.055489 0.079595 -0.148481
v -0.054948 0.078779 -0.149327
v -0.054350 0.077650 -0.149874
v -0.054948 0.079832 -0.148891
v -0.054350 0.078883 -0.149712
v -0.056363 0.077650 -0.147865
v -0.055963 0.077650 -0.148462
v -0.056363 0.078362 -0.147771
v -0.056681 0.077105 -0.147149
v -0.056681 0.077650 -0.147221
v -0.056681 0.078195 -0.147149
v -0.055963 0.078517 -0.148348
v -0.056681 0.078702 -0.146939
v -0.056363 0.079025 -0.147497
v -0.055963 0.079324 -0.148014
v -0.053705 0.075109 -0.149512
v -0.053705 0.076335 -0.150019
v -0.053024 0.074994 -0.149712
v -0.052318 0.074924 -0.149833
v -0.053024 0.076275 -0.150242
v -0.052318 0.076239 -0.150377
v -0.053705 0.077650 -0.150191
v -0.053705 0.078965 -0.150019
v -0.053024 0.077650 -0.150422
v -0.052318 0.077650 -0.150562
v -0.053024 0.079025 -0.150242
v -0.052318 0.079061 -0.150377
v -0.056363 0.075268 -0.146492
v -0.055963 0.074416 -0.145985
v -0.056363 0.074994 -0.145830
v -0.056363 0.074900 -0.145120
v -0.056681 0.075617 -0.145664
v -0.055963 0.074302 -0.145120
v -0.056681 0.076162 -0.146605
v -0.056681 0.075827 -0.146170
v -0.056913 0.076643 -0.146125
v -0.056913 0.076938 -0.146350
v -0.056913 0.076417 -0.145830
v -0.056681 0.075545 -0.145120
v -0.056913 0.076275 -0.145488
v -0.057053 0.077028 -0.145478
v -0.056363 0.074994 -0.144410
v -0.055963 0.074416 -0.144255
v -0.056363 0.075268 -0.143748
v -0.056681 0.075617 -0.144576
v -0.056913 0.076226 -0.145120
v -0.056681 0.075827 -0.144070
v -0.056913 0.076275 -0.144752
v -0.057053 0.076957 -0.145305
v -0.057053 0.076932 -0.145120
v -0.056913 0.076417 -0.144410
v -0.057053 0.076957 -0.144934
v -0.056913 0.076643 -0.144115
v -0.056913 0.077282 -0.146492
v -0.057053 0.077464 -0.145812
v -0.056913 0.077650 -0.146541
v -0.056913 0.078018 -0.146492
v -0.057053 0.077650 -0.145836
v -0.057053 0.077836 -0.145812
v -0.057053 0.077291 -0.145740
v -0.057053 0.077142 -0.145627
v -0.057100 0.077650 -0.145120
v -0.057053 0.078009 -0.145740
v -0.057053 0.078158 -0.145627
v -0.056913 0.078362 -0.146350
v -0.056913 0.078657 -0.146125
v -0.056681 0.079138 -0.146605
v -0.056363 0.079595 -0.147061
v -0.057053 0.078272 -0.145478
v -0.057053 0.078343 -0.145305
v -0.057053 0.077028 -0.144762
v -0.057053 0.077142 -0.144613
v -0.057053 0.077291 -0.144499
v -0.057053 0.077464 -0.144428
v -0.057053 0.077650 -0.144403
v -0.057053 0.077836 -0.144428
v -0.057053 0.078009 -0.144499
v -0.056913 0.076938 -0.143889
v -0.057053 0.078368 -0.145120
v -0.057053 0.078343 -0.144934
v -0.055963 0.080018 -0.147483
v -0.055489 0.080400 -0.147865
v -0.054948 0.080735 -0.148199
v -0.054350 0.080032 -0.149237
v -0.055963 0.080550 -0.146791
v -0.054948 0.081429 -0.147297
v -0.054350 0.081018 -0.148481
v -0.055489 0.081018 -0.147061
v -0.053705 0.080191 -0.149512
v -0.053705 0.081243 -0.148706
v -0.053024 0.080306 -0.149712
v -0.052318 0.080376 -0.149833
v -0.053024 0.081407 -0.148869
v -0.052318 0.081506 -0.148968
v -0.054350 0.081775 -0.147497
v -0.053705 0.082051 -0.147656
v -0.053024 0.082251 -0.147771
v -0.054350 0.082251 -0.146350
v -0.053705 0.082558 -0.146432
v -0.052318 0.082372 -0.147841
v -0.053024 0.082782 -0.146492
v -0.056363 0.080032 -0.146492
v -0.055489 0.081407 -0.146125
v -0.054948 0.081865 -0.146247
v -0.052318 0.082917 -0.146528
v -0.053024 0.082963 -0.145120
v -0.052318 0.083103 -0.145120
v -0.051600 0.074900 -0.149874
v -0.051600 0.076226 -0.150422
v -0.051600 0.077650 -0.150609
v -0.051600 0.079074 -0.150422
v -0.051600 0.080400 -0.149874
v -0.051600 0.081539 -0.149001
v -0.051600 0.082413 -0.147865
v -0.051600 0.082963 -0.146541
v -0.051600 0.083150 -0.145120
v 0.052700 0.072887 -0.147865
v 0.052700 0.072337 -0.146541
v 0.052700 0.073761 -0.149001
v 0.052700 0.074900 -0.149874
v 0.052700 0.076226 -0.150422
v 0.052700 0.077650 -0.150609
v 0.052700 0.079074 -0.150422
v 0.052700 0.080400 -0.149874
v 0.052700 0.081539 -0.149001
v 0.052700 0.082413 -0.147865
v 0.052700 0.082963 -0.146541
v 0.052700 0.083150 -0.145120
v 0.053418 0.072928 -0.147841
v 0.053418 0.073794 -0.148968
v 0.054124 0.073049 -0.147771
v 0.054124 0.073893 -0.148869
v 0.053418 0.072383 -0.146528
v 0.054124 0.072518 -0.146492
v 0.054805 0.073249 -0.147656
v 0.054805 0.074057 -0.148706
v 0.054805 0.072742 -0.146432
v 0.055450 0.073525 -0.147497
v 0.055450 0.074282 -0.148481
v 0.055450 0.073049 -0.146350
v 0.056048 0.073871 -0.147297
v 0.054805 0.072569 -0.145120
v 0.055450 0.072887 -0.145120
v 0.055450 0.073049 -0.143889
v 0.056048 0.073435 -0.146247
v 0.056589 0.073893 -0.146125
v 0.056048 0.073287 -0.145120
v 0.056589 0.073761 -0.145120
v 0.056048 0.073435 -0.143993
v 0.056589 0.073893 -0.144115
v 0.056589 0.074282 -0.143179
v 0.053418 0.074924 -0.149833
v 0.054124 0.074994 -0.149712
v 0.053418 0.076239 -0.150377
v 0.054124 0.076275 -0.150242
v 0.054805 0.075109 -0.149512
v 0.054805 0.076335 -0.150019
v 0.055450 0.075268 -0.149237
v 0.053418 0.077650 -0.150562
v 0.054124 0.077650 -0.150422
v 0.053418 0.079061 -0.150377
v 0.054124 0.079025 -0.150242
v 0.054805 0.077650 -0.150191
v 0.055450 0.076417 -0.149712
v 0.054805 0.078965 -0.150019
v 0.055450 0.077650 -0.149874
v 0.056048 0.075468 -0.148891
v 0.056048 0.076521 -0.149327
v 0.056589 0.075705 -0.148481
v 0.056589 0.076643 -0.148869
v 0.056048 0.074565 -0.148199
v 0.056589 0.074900 -0.147865
v 0.056589 0.074282 -0.147061
v 0.057063 0.074750 -0.146791
v 0.057063 0.075282 -0.147483
v 0.057063 0.075976 -0.148014
v 0.057063 0.076783 -0.148348
v 0.057463 0.075705 -0.147061
v 0.057463 0.076275 -0.147497
v 0.057463 0.076938 -0.147771
v 0.057781 0.076598 -0.146939
v 0.056048 0.077650 -0.149475
v 0.056589 0.077650 -0.149001
v 0.055450 0.078883 -0.149712
v 0.055450 0.080032 -0.149237
v 0.056048 0.078779 -0.149327
v 0.056589 0.078657 -0.148869
v 0.056048 0.079832 -0.148891
v 0.057063 0.077650 -0.148462
v 0.057463 0.077650 -0.147865
v 0.057063 0.078517 -0.148348
v 0.057781 0.077105 -0.147149
v 0.057463 0.078362 -0.147771
v 0.057781 0.077650 -0.147221
v 0.056589 0.079595 -0.148481
v 0.057063 0.079324 -0.148014
v 0.057463 0.079025 -0.147497
v 0.057781 0.078195 -0.147149
v 0.057463 0.079595 -0.147061
v 0.057781 0.078702 -0.146939
v 0.057063 0.074416 -0.145985
v 0.057463 0.075268 -0.146492
v 0.057463 0.074994 -0.145830
v 0.057063 0.074302 -0.145120
v 0.057463 0.074900 -0.145120
v 0.057781 0.075617 -0.145664
v 0.057781 0.075545 -0.145120
v 0.057781 0.075827 -0.146170
v 0.057781 0.076162 -0.146605
v 0.057063 0.074416 -0.144255
v 0.057463 0.074994 -0.144410
v 0.057781 0.075617 -0.144576
v 0.057063 0.074750 -0.143449
v 0.057463 0.075268 -0.143748
v 0.057781 0.075827 -0.144070
v 0.053418 0.080376 -0.149833
v 0.054124 0.080306 -0.149712
v 0.053418 0.081506 -0.148968
v 0.054124 0.081407 -0.148869
v 0.054805 0.080191 -0.149512
v 0.054805 0.081243 -0.148706
v 0.053418 0.082372 -0.147841
v 0.054124 0.082251 -0.147771
v 0.054805 0.082051 -0.147656
v 0.055450 0.081018 -0.148481
v 0.053418 0.082917 -0.146528
v 0.054124 0.082782 -0.146492
v 0.054805 0.082558 -0.146432
v 0.055450 0.081775 -0.147497
v 0.056048 0.080735 -0.148199
v 0.056589 0.080400 -0.147865
v 0.056048 0.081429 -0.147297
v 0.056589 0.081018 -0.147061
v 0.057063 0.080018 -0.147483
v 0.057063 0.080550 -0.146791
v 0.053418 0.083103 -0.145120
v 0.054124 0.082963 -0.145120
v 0.054805 0.082731 -0.145120
v 0.055450 0.082251 -0.146350
v 0.056048 0.081865 -0.146247
v 0.056589 0.081407 -0.146125
v 0.057463 0.080032 -0.146492
v 0.057781 0.079138 -0.146605
v 0.057063 0.080884 -0.145985
v 0.057463 0.080306 -0.145830
v 0.057781 0.079473 -0.146170
v 0.057781 0.079683 -0.145664
v 0.055450 0.082413 -0.145120
v 0.058013 0.076643 -0.146125
v 0.058013 0.076275 -0.145488
v 0.058013 0.076417 -0.145830
v 0.058013 0.076226 -0.145120
v 0.058153 0.076957 -0.145305
v 0.058013 0.076275 -0.144752
v 0.058153 0.076932 -0.145120
v 0.058153 0.076957 -0.144934
v 0.058013 0.076417 -0.144410
v 0.058153 0.077028 -0.144762
v 0.058013 0.076643 -0.144115
v 0.058013 0.076938 -0.146350
v 0.058013 0.077282 -0.146492
v 0.058013 0.077650 -0.146541
v 0.058013 0.078018 -0.146492
v 0.058153 0.077650 -0.145836
v 0.058153 0.077142 -0.145627
v 0.058153 0.077028 -0.145478
v 0.058153 0.077291 -0.145740
v 0.058153 0.077836 -0.145812
v 0.058013 0.078362 -0.146350
v 0.058013 0.078657 -0.146125
v 0.058013 0.078883 -0.145830
v 0.051843 -0.083753 -0.144416
v 0.051939 -0.083068 -0.144495
v 0.052700 -0.083080 -0.144591
v 0.051211 -0.083055 -0.144403
v 0.051279 -0.082963 -0.143699
v 0.047871 -0.074434 -0.132744
v 0.047321 -0.076226 -0.139818
v 0.047747 -0.077454 -0.139656
v 0.046906 -0.075168 -0.140255
v 0.051682 -0.080757 -0.132616
v 0.050164 -0.078763 -0.132616
v 0.049838 -0.080400 -0.140366
v 0.050528 -0.081539 -0.141238
v 0.049218 -0.079483 -0.139987
v 0.053354 -0.082603 -0.132650
v 0.051067 -0.082413 -0.142375
v 0.050563 -0.081609 -0.141329
v 0.048651 -0.076766 -0.132617
v 0.047901 -0.077650 -0.139630
v 0.048941 -0.079074 -0.139818
v 0.048911 -0.071611 -0.145223
v 0.051217 -0.070826 -0.145595
v 0.049257 -0.072162 -0.145214
v 0.048514 -0.072150 -0.145120
v 0.048307 -0.072154 -0.145093
v 0.048128 -0.072337 -0.143699
v 0.051516 -0.072200 -0.145499
v 0.052700 -0.072220 -0.145649
v 0.052987 -0.072243 -0.145683
v 0.053557 -0.071547 -0.145824
v 0.048591 -0.072105 -0.133063
v 0.046982 -0.074900 -0.140366
v 0.047265 -0.073761 -0.141238
v 0.050422 -0.070461 -0.133457
v 0.052728 -0.069676 -0.133828
v 0.047414 -0.073001 -0.142227
v 0.047697 -0.072740 -0.142730
v 0.047539 -0.072887 -0.142375
v 0.050162 -0.075616 -0.120850
v 0.049382 -0.073284 -0.120978
v 0.051675 -0.077613 -0.120849
v 0.053193 -0.079607 -0.120849
v 0.054239 -0.068526 -0.122062
v 0.050102 -0.070955 -0.121296
v 0.051933 -0.069311 -0.121691
v 0.054183 -0.084474 -0.144645
v 0.052952 -0.083068 -0.144625
v 0.053418 -0.083046 -0.144686
v 0.053625 -0.083008 -0.144717
v 0.053855 -0.082967 -0.144750
v 0.054124 -0.082919 -0.144789
v 0.054805 -0.082702 -0.144897
v 0.056489 -0.083689 -0.145017
v 0.054282 -0.082868 -0.144814
v 0.054912 -0.082652 -0.144916
v 0.055450 -0.082399 -0.145009
v 0.055503 -0.082364 -0.145020
v 0.055614 -0.082293 -0.145041
v 0.056030 -0.082026 -0.145120
v 0.056047 -0.082014 -0.145123
v 0.056048 -0.082013 -0.145123
v 0.056537 -0.081571 -0.145229
v 0.058320 -0.082045 -0.145411
v 0.056589 -0.081523 -0.145240
v 0.056964 -0.081084 -0.145331
v 0.057015 -0.081024 -0.145343
v 0.057063 -0.080967 -0.145355
v 0.057321 -0.080572 -0.145427
v 0.057463 -0.080354 -0.145466
v 0.057605 -0.080060 -0.145513
v 0.059040 -0.079716 -0.145730
v 0.057781 -0.079695 -0.145571
v 0.057815 -0.079595 -0.145585
v 0.057860 -0.079460 -0.145604
v 0.057895 -0.079343 -0.145620
v 0.057958 -0.079130 -0.145648
v 0.058013 -0.078948 -0.145673
v 0.058048 -0.078746 -0.145697
v 0.058062 -0.078668 -0.145707
v 0.058097 -0.078425 -0.145735
v 0.058118 -0.078283 -0.145751
v 0.058153 -0.077876 -0.145796
v 0.058154 -0.077833 -0.145800
v 0.058145 -0.078009 -0.145782
v 0.058154 -0.077650 -0.145818
v 0.058153 -0.077567 -0.145826
v 0.058260 -0.077384 -0.145857
v 0.058127 -0.078196 -0.145761
v 0.058144 -0.078031 -0.145779
v 0.058146 -0.077440 -0.145837
v 0.058142 -0.077390 -0.145841
v 0.058148 -0.077458 -0.145836
v 0.058126 -0.077224 -0.145856
v 0.058124 -0.077204 -0.145857
v 0.058133 -0.077200 -0.145794
v 0.058153 -0.077191 -0.145664
v 0.055694 -0.083324 -0.132879
v 0.058000 -0.082539 -0.133251
v 0.058258 -0.074237 -0.134092
v 0.056512 -0.074322 -0.143018
v 0.056315 -0.074074 -0.143059
v 0.057104 -0.075115 -0.143074
v 0.057063 -0.075055 -0.143052
v 0.056880 -0.074808 -0.143033
v 0.056589 -0.074418 -0.143001
v 0.059831 -0.080895 -0.133645
v 0.060552 -0.078566 -0.133964
v 0.059771 -0.076234 -0.134091
v 0.058156 -0.077176 -0.145593
v 0.058161 -0.077136 -0.145416
v 0.058163 -0.077098 -0.145268
v 0.058161 -0.077057 -0.145120
v 0.058156 -0.077004 -0.144947
v 0.058153 -0.076981 -0.144876
v 0.058120 -0.076884 -0.144679
v 0.058013 -0.076605 -0.144165
v 0.057516 -0.075726 -0.143327
v 0.057463 -0.075640 -0.143265
v 0.057215 -0.075277 -0.143133
v 0.057784 -0.076165 -0.143645
v 0.057781 -0.076159 -0.143638
v 0.053752 -0.072349 -0.145771
v 0.053454 -0.072286 -0.145739
v 0.054124 -0.072428 -0.145810
v 0.053418 -0.072278 -0.145735
v 0.054472 -0.072544 -0.145790
v 0.054464 -0.072548 -0.145842
v 0.054566 -0.072488 -0.145120
v 0.056740 -0.072243 -0.134092
v 0.055068 -0.070397 -0.134058
v 0.055509 -0.073180 -0.143677
v 0.055450 -0.073123 -0.143712
v 0.055783 -0.073475 -0.143438
v 0.054684 -0.072560 -0.144877
v 0.054805 -0.072633 -0.144631
v 0.055029 -0.072792 -0.144264
v 0.055272 -0.072964 -0.143867
v 0.055389 -0.073068 -0.143765
v 0.056048 -0.073762 -0.143205
v 0.056145 -0.073875 -0.143152
v 0.061342 -0.079745 -0.121879
v 0.061282 -0.075084 -0.122325
v 0.062063 -0.077416 -0.122198
v 0.054865 -0.081453 -0.120884
v 0.057205 -0.082174 -0.121113
v 0.059511 -0.081389 -0.121484
v 0.056580 -0.069247 -0.122291
v 0.058252 -0.071093 -0.122326
v 0.059769 -0.073087 -0.122326
v 0.051673 -0.074466 -0.109084
v 0.053186 -0.076463 -0.109083
v 0.050893 -0.072134 -0.109211
v 0.051613 -0.069805 -0.109530
v 0.053444 -0.068161 -0.109925
v 0.053185 -0.073316 -0.097318
v 0.052404 -0.070984 -0.097445
v 0.053125 -0.068655 -0.097764
v 0.054704 -0.078457 -0.109083
v 0.056376 -0.080303 -0.109117
v 0.058716 -0.081024 -0.109347
v 0.061022 -0.080239 -0.109718
v 0.062853 -0.078595 -0.110112
v 0.063574 -0.076266 -0.110431
v 0.062793 -0.073934 -0.110559
v 0.055750 -0.067376 -0.110296
v 0.058091 -0.068097 -0.110525
v 0.061280 -0.071937 -0.110559
v 0.059763 -0.069943 -0.110559
v 0.057887 -0.079153 -0.097351
v 0.054698 -0.075313 -0.097317
v 0.056215 -0.077307 -0.097317
v 0.060227 -0.079874 -0.097580
v 0.062534 -0.079089 -0.097952
v 0.054955 -0.067011 -0.098158
v 0.057262 -0.066226 -0.098530
v 0.059602 -0.066947 -0.098759
v 0.061274 -0.068793 -0.098793
v 0.062791 -0.070787 -0.098793
v 0.058773 -0.065076 -0.086764
v 0.061113 -0.065797 -0.086993
v 0.062785 -0.067643 -0.087027
v 0.064364 -0.077445 -0.098346
v 0.065085 -0.075116 -0.098665
v 0.065875 -0.076295 -0.086580
v 0.064304 -0.072784 -0.098792
v 0.065815 -0.071634 -0.087026
v 0.064302 -0.069637 -0.087027
v 0.066596 -0.073966 -0.086899
v 0.057726 -0.076157 -0.085551
v 0.056209 -0.074163 -0.085551
v 0.059398 -0.078003 -0.085585
v 0.061738 -0.078724 -0.085814
v 0.057720 -0.073013 -0.073785
v 0.059237 -0.075007 -0.073785
v 0.060909 -0.076853 -0.073819
v 0.054696 -0.072166 -0.085552
v 0.053915 -0.069834 -0.085679
v 0.054636 -0.067505 -0.085998
v 0.056466 -0.065861 -0.086392
v 0.055426 -0.068684 -0.073913
v 0.056207 -0.071016 -0.073786
v 0.056147 -0.066355 -0.074232
v 0.057978 -0.064711 -0.074626
v 0.060284 -0.063926 -0.074998
v 0.062624 -0.064647 -0.075227
v 0.064045 -0.077939 -0.086186
v 0.063250 -0.077574 -0.074048
v 0.065556 -0.076789 -0.074420
v 0.067387 -0.075145 -0.074814
v 0.068107 -0.072816 -0.075133
v 0.067327 -0.070484 -0.075260
v 0.064296 -0.066493 -0.075261
v 0.065814 -0.068487 -0.075261
v 0.060748 -0.073857 -0.062019
v 0.062420 -0.075703 -0.062053
v 0.056937 -0.067534 -0.062147
v 0.057718 -0.069866 -0.062019
v 0.057658 -0.065205 -0.062466
v 0.059231 -0.071863 -0.062019
v 0.059489 -0.063561 -0.062860
v 0.061795 -0.062776 -0.063231
v 0.064135 -0.063497 -0.063461
v 0.064761 -0.076424 -0.062282
v 0.067067 -0.075639 -0.062653
v 0.068898 -0.073995 -0.063048
v 0.068838 -0.069334 -0.063494
v 0.065807 -0.065343 -0.063495
v 0.067325 -0.067337 -0.063495
v 0.069618 -0.071666 -0.063367
v 0.059229 -0.068716 -0.050253
v 0.060742 -0.070713 -0.050252
v 0.062260 -0.072707 -0.050252
v 0.058448 -0.066384 -0.050380
v 0.059169 -0.064055 -0.050699
v 0.061000 -0.062411 -0.051094
v 0.063932 -0.074553 -0.050287
v 0.066272 -0.075274 -0.050516
v 0.068578 -0.074489 -0.050887
v 0.068836 -0.066187 -0.051729
v 0.067318 -0.064193 -0.051729
v 0.070409 -0.072845 -0.051282
v 0.071129 -0.070516 -0.051600
v 0.070349 -0.068184 -0.051728
v 0.060740 -0.067566 -0.038487
v 0.062253 -0.069563 -0.038486
v 0.059960 -0.065234 -0.038614
v 0.060680 -0.062905 -0.038933
v 0.066300 -0.067300 -0.039224
v 0.067783 -0.074124 -0.038750
v 0.065443 -0.073403 -0.038520
v 0.063771 -0.071557 -0.038486
v 0.070089 -0.073339 -0.039121
v 0.071920 -0.071695 -0.039515
v 0.072640 -0.069366 -0.039834
v 0.070347 -0.065037 -0.039962
v 0.071860 -0.067034 -0.039961
v 0.062511 -0.061261 -0.039327
v 0.068829 -0.063043 -0.039962
v 0.067157 -0.061197 -0.039928
v 0.063306 -0.061626 -0.051465
v 0.065646 -0.062347 -0.051694
v 0.064817 -0.060476 -0.039699
v -0.056373 -0.082698 -0.145975
v -0.060364 -0.079214 -0.134622
v -0.057031 -0.080364 -0.146388
v -0.054504 -0.084159 -0.145306
v -0.057838 -0.083009 -0.133540
v -0.059706 -0.081548 -0.134209
v -0.059750 -0.076801 -0.134684
v -0.056848 -0.079047 -0.145925
v -0.056876 -0.079009 -0.145804
v -0.056913 -0.078960 -0.145645
v -0.056949 -0.078850 -0.145441
v -0.056941 -0.078874 -0.145486
v -0.056983 -0.078707 -0.145213
v -0.056997 -0.078648 -0.145120
v -0.057011 -0.078565 -0.145009
v -0.057025 -0.078481 -0.144898
v -0.057029 -0.078435 -0.144845
v -0.057039 -0.078330 -0.144728
v -0.057041 -0.078306 -0.144705
v -0.057046 -0.078183 -0.144588
v -0.057046 -0.078168 -0.144577
v -0.057045 -0.078028 -0.144466
v -0.057044 -0.078010 -0.144454
v -0.057038 -0.077856 -0.144353
v -0.057034 -0.077811 -0.144329
v -0.057028 -0.077740 -0.144291
v -0.057018 -0.077650 -0.144226
v -0.056995 -0.077498 -0.144132
v -0.056975 -0.077362 -0.144049
v -0.056948 -0.077209 -0.143967
v -0.058933 -0.074433 -0.134684
v -0.056913 -0.077009 -0.143860
v -0.056887 -0.076900 -0.143823
v -0.056736 -0.076344 -0.143694
v -0.056692 -0.076185 -0.143657
v -0.056681 -0.076148 -0.143652
v -0.056553 -0.075803 -0.143680
v -0.056373 -0.075316 -0.143719
v -0.056363 -0.075289 -0.143721
v -0.056343 -0.075243 -0.143733
v -0.058111 -0.072066 -0.134682
v -0.054948 -0.081944 -0.145647
v -0.054556 -0.082224 -0.145509
v -0.056030 -0.080743 -0.146069
v -0.055963 -0.080862 -0.146039
v -0.055888 -0.080967 -0.146007
v -0.055489 -0.081443 -0.145848
v -0.056363 -0.080144 -0.146221
v -0.056402 -0.080050 -0.146241
v -0.056790 -0.079090 -0.146149
v -0.056719 -0.079141 -0.146419
v -0.056681 -0.079301 -0.146393
v -0.056541 -0.079720 -0.146313
v -0.055328 -0.081593 -0.145788
v -0.055303 -0.081615 -0.145779
v -0.054350 -0.082371 -0.145436
v -0.053831 -0.082650 -0.145263
v -0.053769 -0.082684 -0.145242
v -0.053705 -0.082718 -0.145220
v -0.053390 -0.082838 -0.145120
v -0.053024 -0.082948 -0.145006
v -0.052956 -0.082958 -0.144986
v -0.052190 -0.084746 -0.144595
v -0.052318 -0.083060 -0.144796
v -0.052127 -0.083066 -0.144741
v -0.052050 -0.083068 -0.144719
v -0.051600 -0.083080 -0.144591
v -0.049908 -0.084035 -0.144021
v -0.050175 -0.083028 -0.144194
v -0.049111 -0.082989 -0.143898
v -0.049162 -0.082963 -0.143699
v -0.055523 -0.083596 -0.132829
v -0.053241 -0.082885 -0.132255
v -0.049200 -0.082413 -0.142375
v -0.049021 -0.081878 -0.141679
v -0.051756 -0.080934 -0.132025
v -0.049043 -0.081539 -0.141238
v -0.048924 -0.080400 -0.140366
v -0.048695 -0.079340 -0.139928
v -0.050934 -0.078567 -0.132024
v -0.048638 -0.079074 -0.139818
v -0.048206 -0.077650 -0.139630
v -0.050117 -0.076199 -0.132024
v -0.047936 -0.076951 -0.139722
v -0.047728 -0.076226 -0.139818
v -0.047232 -0.074900 -0.140366
v -0.049503 -0.073786 -0.132085
v -0.047095 -0.074616 -0.140583
v -0.054777 -0.073216 -0.146448
v -0.054853 -0.073450 -0.146447
v -0.054861 -0.073456 -0.146448
v -0.054869 -0.073447 -0.146412
v -0.054698 -0.073326 -0.146415
v -0.054906 -0.073408 -0.146254
v -0.054366 -0.073060 -0.146347
v -0.053292 -0.071265 -0.146219
v -0.054353 -0.073050 -0.146345
v -0.054350 -0.073048 -0.146344
v -0.053810 -0.072765 -0.146219
v -0.053705 -0.072710 -0.146195
v -0.053229 -0.072534 -0.146078
v -0.053024 -0.072457 -0.146027
v -0.052979 -0.072447 -0.146016
v -0.052621 -0.072363 -0.145923
v -0.052318 -0.072293 -0.145844
v -0.051996 -0.072260 -0.145756
v -0.051010 -0.070554 -0.145644
v -0.051600 -0.072220 -0.145649
v -0.051147 -0.072203 -0.145522
v -0.049703 -0.072150 -0.145120
v -0.048696 -0.071141 -0.144934
v -0.049155 -0.072171 -0.144963
v -0.047289 -0.072241 -0.144430
v -0.054948 -0.073420 -0.146134
v -0.055344 -0.073634 -0.145120
v -0.056626 -0.070115 -0.134453
v -0.055860 -0.074302 -0.144225
v -0.055963 -0.074482 -0.144096
v -0.055489 -0.073798 -0.144842
v -0.054344 -0.069404 -0.133878
v -0.052029 -0.069991 -0.133168
v -0.050161 -0.071452 -0.132498
v -0.047270 -0.072337 -0.143699
v -0.047209 -0.072887 -0.142375
v -0.047103 -0.072507 -0.143291
v -0.047210 -0.073761 -0.141238
v -0.063697 -0.078064 -0.122856
v -0.063039 -0.080398 -0.122443
v -0.063083 -0.075651 -0.122917
v -0.062266 -0.073283 -0.122917
v -0.061171 -0.081859 -0.121773
v -0.058856 -0.082446 -0.121063
v -0.061444 -0.070916 -0.122916
v -0.059959 -0.068965 -0.122687
v -0.057677 -0.068254 -0.122112
v -0.056574 -0.081735 -0.120488
v -0.055089 -0.079784 -0.120259
v -0.054267 -0.077417 -0.120258
v -0.053450 -0.075049 -0.120258
v -0.055362 -0.068841 -0.121402
v -0.053494 -0.070302 -0.120732
v -0.052836 -0.072636 -0.120319
v -0.070364 -0.075764 -0.099324
v -0.067031 -0.076914 -0.111090
v -0.066373 -0.079248 -0.110677
v -0.069750 -0.073351 -0.099385
v -0.066417 -0.074501 -0.111151
v -0.069706 -0.078098 -0.098911
v -0.067838 -0.079559 -0.098241
v -0.064504 -0.080709 -0.110007
v -0.073039 -0.076948 -0.087144
v -0.073697 -0.074614 -0.087557
v -0.068933 -0.070983 -0.099385
v -0.068111 -0.068616 -0.099384
v -0.065599 -0.072133 -0.111151
v -0.073083 -0.072201 -0.087619
v -0.072266 -0.069833 -0.087619
v -0.071444 -0.067466 -0.087617
v -0.069959 -0.065515 -0.087388
v -0.066626 -0.066665 -0.099154
v -0.062190 -0.081296 -0.109297
v -0.059908 -0.080585 -0.108722
v -0.058423 -0.078634 -0.108493
v -0.064777 -0.069766 -0.111150
v -0.063292 -0.067815 -0.110921
v -0.061010 -0.067104 -0.110346
v -0.058696 -0.067691 -0.109635
v -0.057601 -0.076267 -0.108491
v -0.056783 -0.073899 -0.108491
v -0.056827 -0.069152 -0.108966
v -0.056169 -0.071486 -0.108553
v -0.065523 -0.080146 -0.097531
v -0.063241 -0.079435 -0.096956
v -0.061756 -0.077484 -0.096727
v -0.060934 -0.075117 -0.096725
v -0.064344 -0.065954 -0.098580
v -0.062029 -0.066541 -0.097869
v -0.060117 -0.072749 -0.096725
v -0.059503 -0.070336 -0.096787
v -0.060161 -0.068002 -0.097200
v -0.067677 -0.064804 -0.086813
v -0.071171 -0.078409 -0.086475
v -0.068856 -0.078996 -0.085764
v -0.077031 -0.073464 -0.075791
v -0.076373 -0.075798 -0.075378
v -0.074504 -0.077259 -0.074709
v -0.066574 -0.078285 -0.085190
v -0.072190 -0.077846 -0.073998
v -0.069908 -0.077135 -0.073424
v -0.065089 -0.076334 -0.084961
v -0.075599 -0.068683 -0.075853
v -0.076417 -0.071051 -0.075853
v -0.074777 -0.066316 -0.075851
v -0.073292 -0.064365 -0.075622
v -0.071010 -0.063654 -0.075047
v -0.068696 -0.064241 -0.074337
v -0.065362 -0.065391 -0.086103
v -0.079706 -0.074648 -0.063612
v -0.080364 -0.072314 -0.064025
v -0.077838 -0.076109 -0.062943
v -0.079750 -0.069901 -0.064087
v -0.078933 -0.067533 -0.064087
v -0.078111 -0.065166 -0.064085
v -0.068423 -0.075184 -0.073194
v -0.075523 -0.076696 -0.062232
v -0.073241 -0.075985 -0.061657
v -0.076626 -0.063215 -0.063856
v -0.067601 -0.072817 -0.073193
v -0.071756 -0.074034 -0.061428
v -0.066783 -0.070449 -0.073193
v -0.070934 -0.071667 -0.061427
v -0.066169 -0.068036 -0.073254
v -0.070117 -0.069299 -0.061427
v -0.072029 -0.063091 -0.062571
v -0.070161 -0.064552 -0.061901
v -0.066827 -0.065702 -0.073667
v -0.069503 -0.066886 -0.061488
v -0.074344 -0.062504 -0.063281
v -0.064267 -0.073967 -0.084959
v -0.063450 -0.071599 -0.084959
v -0.063494 -0.066852 -0.085434
v -0.062836 -0.069186 -0.085021
v -0.083039 -0.073498 -0.051846
v -0.081171 -0.074959 -0.051176
v -0.078856 -0.075546 -0.050466
v -0.083697 -0.071164 -0.052259
v -0.083083 -0.068751 -0.052320
v -0.082266 -0.066383 -0.052320
v -0.081444 -0.064016 -0.052319
v -0.079959 -0.062065 -0.052090
v -0.076574 -0.074835 -0.049891
v -0.075089 -0.072884 -0.049662
v -0.074267 -0.070517 -0.049661
v -0.073450 -0.068149 -0.049661
v -0.073494 -0.063402 -0.050135
v -0.072836 -0.065736 -0.049722
v -0.084504 -0.073809 -0.039410
v -0.082190 -0.074396 -0.038700
v -0.079908 -0.073685 -0.038125
v -0.087031 -0.070014 -0.040493
v -0.086373 -0.072348 -0.040080
v -0.086417 -0.067601 -0.040554
v -0.085599 -0.065233 -0.040554
v -0.084777 -0.062866 -0.040553
v -0.081600 -0.067300 -0.039224
v -0.083292 -0.060915 -0.040323
v -0.078423 -0.071734 -0.037896
v -0.077601 -0.069367 -0.037894
v -0.076783 -0.066999 -0.037894
v -0.076169 -0.064586 -0.037956
v -0.076827 -0.062252 -0.038369
v -0.077677 -0.061354 -0.051515
v -0.075362 -0.061941 -0.050805
v -0.081010 -0.060204 -0.039749
v -0.078696 -0.060791 -0.039038
v -0.054948 -0.079832 -0.148891
v -0.054948 -0.078779 -0.149327
v -0.054350 -0.080032 -0.149237
v -0.055963 -0.079324 -0.148014
v -0.055963 -0.080018 -0.147483
v -0.056363 -0.079025 -0.147497
v -0.056363 -0.079595 -0.147061
v -0.055963 -0.080550 -0.146791
v -0.054948 -0.081429 -0.147297
v -0.055489 -0.081018 -0.147061
v -0.055489 -0.080400 -0.147865
v -0.054948 -0.080735 -0.148199
v -0.054350 -0.081775 -0.147497
v -0.055489 -0.079595 -0.148481
v -0.054350 -0.081018 -0.148481
v -0.053705 -0.082051 -0.147656
v -0.053705 -0.082558 -0.146432
v -0.053024 -0.082251 -0.147771
v -0.053024 -0.082782 -0.146492
v -0.052318 -0.082372 -0.147841
v -0.052318 -0.082917 -0.146528
v -0.053024 -0.081407 -0.148869
v -0.053705 -0.081243 -0.148706
v -0.053705 -0.080191 -0.149512
v -0.053705 -0.078965 -0.150019
v -0.053024 -0.080306 -0.149712
v -0.054350 -0.078883 -0.149712
v -0.052318 -0.081506 -0.148968
v -0.052318 -0.080376 -0.149833
v -0.053024 -0.079025 -0.150242
v -0.052318 -0.079061 -0.150377
v -0.054948 -0.081865 -0.146247
v -0.054350 -0.082251 -0.146350
v -0.056363 -0.080032 -0.146492
v -0.056681 -0.079138 -0.146605
v -0.055489 -0.081407 -0.146125
v -0.053024 -0.082963 -0.145120
v -0.052318 -0.083103 -0.145120
v -0.055489 -0.078657 -0.148869
v -0.055489 -0.077650 -0.149001
v -0.054948 -0.077650 -0.149475
v -0.055489 -0.076643 -0.148869
v -0.054948 -0.076521 -0.149327
v -0.054350 -0.077650 -0.149874
v -0.055963 -0.078517 -0.148348
v -0.056363 -0.078362 -0.147771
v -0.056363 -0.077650 -0.147865
v -0.056681 -0.078702 -0.146939
v -0.056681 -0.078195 -0.147149
v -0.055963 -0.077650 -0.148462
v -0.056363 -0.076938 -0.147771
v -0.055963 -0.076783 -0.148348
v -0.056681 -0.077650 -0.147221
v -0.056681 -0.077105 -0.147149
v -0.056681 -0.076598 -0.146939
v -0.055489 -0.075705 -0.148481
v -0.054948 -0.075468 -0.148891
v -0.054350 -0.076417 -0.149712
v -0.056363 -0.076275 -0.147497
v -0.055963 -0.075976 -0.148014
v -0.056363 -0.075705 -0.147061
v -0.055963 -0.075282 -0.147483
v -0.055489 -0.074900 -0.147865
v -0.054948 -0.074565 -0.148199
v -0.054350 -0.075268 -0.149237
v -0.054948 -0.073871 -0.147297
v -0.054350 -0.074282 -0.148481
v -0.055963 -0.074750 -0.146791
v -0.055489 -0.074282 -0.147061
v -0.053705 -0.077650 -0.150191
v -0.053705 -0.076335 -0.150019
v -0.053024 -0.077650 -0.150422
v -0.053024 -0.076275 -0.150242
v -0.052318 -0.077650 -0.150562
v -0.053705 -0.075109 -0.149512
v -0.053705 -0.074057 -0.148706
v -0.053024 -0.074994 -0.149712
v -0.052318 -0.076239 -0.150377
v -0.052318 -0.074924 -0.149833
v -0.053024 -0.073893 -0.148869
v -0.052318 -0.073794 -0.148968
v -0.056913 -0.078657 -0.146125
v -0.056913 -0.078018 -0.146492
v -0.056913 -0.078362 -0.146350
v -0.056913 -0.078883 -0.145830
v -0.057053 -0.078158 -0.145627
v -0.057053 -0.078009 -0.145740
v -0.057053 -0.078272 -0.145478
v -0.057053 -0.078343 -0.145305
v -0.056913 -0.077650 -0.146541
v -0.056913 -0.077282 -0.146492
v -0.057053 -0.077836 -0.145812
v -0.057053 -0.077650 -0.145836
v -0.056913 -0.076938 -0.146350
v -0.057053 -0.077464 -0.145812
v -0.057100 -0.077650 -0.145120
v -0.057053 -0.077291 -0.145740
v -0.057053 -0.077142 -0.145627
v -0.056913 -0.076643 -0.146125
v -0.057053 -0.077028 -0.145478
v -0.057053 -0.078368 -0.145120
v -0.057053 -0.078343 -0.144934
v -0.057053 -0.078272 -0.144762
v -0.057053 -0.078158 -0.144613
v -0.057053 -0.078009 -0.144499
v -0.057053 -0.077836 -0.144428
v -0.057053 -0.077650 -0.144403
v -0.057053 -0.077464 -0.144428
v -0.057053 -0.076957 -0.145305
v -0.057053 -0.076932 -0.145120
v -0.057053 -0.076957 -0.144934
v -0.057053 -0.077028 -0.144762
v -0.057053 -0.077291 -0.144499
v -0.057053 -0.077142 -0.144613
v -0.056913 -0.076417 -0.144410
v -0.056913 -0.076938 -0.143889
v -0.056913 -0.076643 -0.144115
v -0.056681 -0.076162 -0.146605
v -0.056681 -0.075827 -0.146170
v -0.056363 -0.075268 -0.146492
v -0.056913 -0.076417 -0.145830
v -0.056913 -0.076275 -0.145488
v -0.056681 -0.075617 -0.145664
v -0.056913 -0.076226 -0.145120
v -0.056363 -0.074994 -0.145830
v -0.056681 -0.075545 -0.145120
v -0.056363 -0.074900 -0.145120
v -0.055963 -0.074416 -0.145985
v -0.055963 -0.074302 -0.145120
v -0.055489 -0.073893 -0.146125
v -0.056913 -0.076275 -0.144752
v -0.056681 -0.075617 -0.144576
v -0.056681 -0.075827 -0.144070
v -0.056363 -0.075268 -0.143748
v -0.056363 -0.074994 -0.144410
v -0.055963 -0.074416 -0.144255
v -0.051600 -0.082413 -0.147865
v -0.051600 -0.082963 -0.146541
v -0.051600 -0.081539 -0.149001
v -0.051600 -0.079074 -0.150422
v -0.051600 -0.080400 -0.149874
v -0.051600 -0.083150 -0.145120
v -0.051600 -0.077650 -0.150609
v -0.051600 -0.076226 -0.150422
v -0.051600 -0.074900 -0.149874
v -0.054350 -0.073525 -0.147497
v -0.053705 -0.073249 -0.147656
v -0.054350 -0.073049 -0.146350
v -0.053705 -0.072742 -0.146432
v -0.053024 -0.073049 -0.147771
v -0.052318 -0.072928 -0.147841
v -0.053024 -0.072518 -0.146492
v -0.054948 -0.073435 -0.146247
v -0.055489 -0.073761 -0.145120
v -0.052318 -0.072383 -0.146528
v -0.051600 -0.073761 -0.149001
v -0.051600 -0.072887 -0.147865
v -0.051600 -0.072337 -0.146541
v 0.052700 -0.082413 -0.147865
v 0.052700 -0.081539 -0.149001
v 0.052700 -0.080400 -0.149874
v 0.052700 -0.082963 -0.146541
v 0.052700 -0.083150 -0.145120
v 0.052700 -0.079074 -0.150422
v 0.052700 -0.077650 -0.150609
v 0.052700 -0.076226 -0.150422
v 0.052700 -0.074900 -0.149874
v 0.052700 -0.073761 -0.149001
v 0.052700 -0.072887 -0.147865
v 0.052700 -0.072337 -0.146541
v 0.053418 -0.082372 -0.147841
v 0.053418 -0.082917 -0.146528
v 0.054124 -0.082251 -0.147771
v 0.054124 -0.082782 -0.146492
v 0.054805 -0.082051 -0.147656
v 0.054805 -0.082558 -0.146432
v 0.053418 -0.081506 -0.148968
v 0.053418 -0.080376 -0.149833
v 0.054124 -0.081407 -0.148869
v 0.053418 -0.079061 -0.150377
v 0.054124 -0.080306 -0.149712
v 0.054124 -0.079025 -0.150242
v 0.054805 -0.081243 -0.148706
v 0.054805 -0.080191 -0.149512
v 0.055450 -0.081018 -0.148481
v 0.054805 -0.078965 -0.150019
v 0.055450 -0.080032 -0.149237
v 0.055450 -0.081775 -0.147497
v 0.055450 -0.078883 -0.149712
v 0.056048 -0.079832 -0.148891
v 0.056048 -0.080735 -0.148199
v 0.056048 -0.081429 -0.147297
v 0.055450 -0.082251 -0.146350
v 0.056589 -0.081018 -0.147061
v 0.056589 -0.080400 -0.147865
v 0.056589 -0.079595 -0.148481
v 0.057063 -0.079324 -0.148014
v 0.057063 -0.080018 -0.147483
v 0.057063 -0.080550 -0.146791
v 0.057463 -0.079595 -0.147061
v 0.053418 -0.083103 -0.145120
v 0.054124 -0.082963 -0.145120
v 0.054805 -0.082731 -0.145120
v 0.055450 -0.082413 -0.145120
v 0.056048 -0.081865 -0.146247
v 0.056589 -0.081407 -0.146125
v 0.057063 -0.080884 -0.145985
v 0.057463 -0.080032 -0.146492
v 0.057463 -0.080306 -0.145830
v 0.057781 -0.079473 -0.146170
v 0.057781 -0.079683 -0.145664
v 0.053418 -0.077650 -0.150562
v 0.054124 -0.077650 -0.150422
v 0.053418 -0.076239 -0.150377
v 0.054805 -0.077650 -0.150191
v 0.054124 -0.076275 -0.150242
v 0.054805 -0.076335 -0.150019
v 0.055450 -0.077650 -0.149874
v 0.053418 -0.074924 -0.149833
v 0.054124 -0.074994 -0.149712
v 0.053418 -0.073794 -0.148968
v 0.054124 -0.073893 -0.148869
v 0.054805 -0.075109 -0.149512
v 0.055450 -0.076417 -0.149712
v 0.054805 -0.074057 -0.148706
v 0.055450 -0.075268 -0.149237
v 0.056048 -0.078779 -0.149327
v 0.056589 -0.078657 -0.148869
v 0.056048 -0.077650 -0.149475
v 0.056589 -0.077650 -0.149001
v 0.056048 -0.076521 -0.149327
v 0.056589 -0.076643 -0.148869
v 0.057063 -0.078517 -0.148348
v 0.057063 -0.077650 -0.148462
v 0.057463 -0.078362 -0.147771
v 0.057463 -0.079025 -0.147497
v 0.057781 -0.078702 -0.146939
v 0.057063 -0.076783 -0.148348
v 0.057463 -0.077650 -0.147865
v 0.057463 -0.076938 -0.147771
v 0.057781 -0.078195 -0.147149
v 0.057781 -0.077650 -0.147221
v 0.056048 -0.075468 -0.148891
v 0.055450 -0.074282 -0.148481
v 0.056589 -0.075705 -0.148481
v 0.056048 -0.074565 -0.148199
v 0.056589 -0.074900 -0.147865
v 0.056048 -0.073871 -0.147297
v 0.056589 -0.074282 -0.147061
v 0.057063 -0.075976 -0.148014
v 0.057463 -0.076275 -0.147497
v 0.057781 -0.077105 -0.147149
v 0.057463 -0.075705 -0.147061
v 0.057781 -0.076598 -0.146939
v 0.057063 -0.075282 -0.147483
v 0.057063 -0.074750 -0.146791
v 0.057781 -0.079138 -0.146605
v 0.057463 -0.075268 -0.146492
v 0.057781 -0.076162 -0.146605
v 0.056589 -0.073893 -0.146125
v 0.057063 -0.074416 -0.145985
v 0.057463 -0.074994 -0.145830
v 0.057781 -0.075827 -0.146170
v 0.057463 -0.074900 -0.145120
v 0.057781 -0.075617 -0.145664
v 0.057063 -0.074302 -0.145120
v 0.057463 -0.075268 -0.143748
v 0.057781 -0.075827 -0.144070
v 0.056589 -0.073893 -0.144115
v 0.057063 -0.074416 -0.144255
v 0.057463 -0.074994 -0.144410
v 0.057781 -0.075545 -0.145120
v 0.056589 -0.074282 -0.143179
v 0.057063 -0.074750 -0.143449
v 0.057781 -0.075617 -0.144576
v 0.058013 -0.078657 -0.146125
v 0.058013 -0.078362 -0.146350
v 0.058013 -0.078018 -0.146492
v 0.058013 -0.078883 -0.145830
v 0.058013 -0.077650 -0.146541
v 0.058153 -0.077836 -0.145812
v 0.058013 -0.077282 -0.146492
v 0.058153 -0.077650 -0.145836
v 0.058013 -0.076938 -0.146350
v 0.058013 -0.076643 -0.146125
v 0.058153 -0.077142 -0.145627
v 0.058013 -0.076417 -0.145830
v 0.058153 -0.077028 -0.145478
v 0.058153 -0.076957 -0.145305
v 0.058153 -0.076932 -0.145120
v 0.058153 -0.076957 -0.144934
v 0.058013 -0.076275 -0.145488
v 0.058013 -0.076226 -0.145120
v 0.058013 -0.076275 -0.144752
v 0.058013 -0.076417 -0.144410
v 0.053418 -0.072928 -0.147841
v 0.054124 -0.073049 -0.147771
v 0.053418 -0.072383 -0.146528
v 0.054805 -0.073249 -0.147656
v 0.054124 -0.072518 -0.146492
v 0.054805 -0.072742 -0.146432
v 0.055450 -0.073525 -0.147497
v 0.054805 -0.072569 -0.145120
v 0.055450 -0.073049 -0.146350
v 0.055450 -0.072887 -0.145120
v 0.056048 -0.073435 -0.146247
v 0.056048 -0.073287 -0.145120
v 0.056589 -0.073761 -0.145120
v 0.055450 -0.073049 -0.143889
v 0.056048 -0.073435 -0.143993
f 1 2 3
f 1 4 2
f 1 3 5
f 1 5 6
f 6 5 7
f 6 7 8
f 9 10 11
f 9 12 10
f 13 14 4
f 1 13 4
f 1 6 15
f 13 11 14
f 1 15 13
f 6 16 15
f 17 18 19
f 17 19 20
f 9 21 12
f 22 23 21
f 22 24 23
f 22 25 24
f 26 27 25
f 28 29 27
f 28 30 29
f 31 32 33
f 28 34 30
f 31 33 34
f 31 35 36
f 31 36 32
f 37 20 35
f 13 9 11
f 13 38 9
f 13 15 39
f 13 39 38
f 9 38 40
f 15 41 39
f 9 22 21
f 22 26 25
f 26 28 27
f 28 31 34
f 9 40 22
f 22 42 26
f 26 43 28
f 22 40 42
f 26 42 43
f 28 44 31
f 28 43 44
f 6 8 45
f 6 45 46
f 6 46 47
f 6 47 48
f 6 48 49
f 49 48 50
f 49 50 51
f 49 51 52
f 49 52 53
f 6 49 16
f 49 53 54
f 54 53 55
f 54 55 56
f 54 56 57
f 54 57 58
f 54 58 59
f 54 59 60
f 54 60 61
f 62 61 63
f 62 63 64
f 62 64 65
f 49 54 16
f 54 61 62
f 17 66 18
f 17 67 66
f 17 68 67
f 17 69 68
f 70 71 72
f 70 73 71
f 17 70 69
f 70 74 69
f 70 72 74
f 75 76 77
f 70 78 73
f 70 79 78
f 75 80 79
f 70 75 79
f 75 81 82
f 75 82 83
f 75 83 80
f 75 84 81
f 75 77 84
f 85 86 87
f 85 88 86
f 85 87 89
f 85 89 90
f 85 90 91
f 85 92 88
f 85 93 92
f 85 94 93
f 85 95 96
f 85 91 95
f 85 97 98
f 85 99 97
f 85 96 99
f 85 98 100
f 85 100 101
f 85 101 102
f 85 102 103
f 104 103 105
f 104 106 107
f 104 108 109
f 104 105 108
f 104 109 106
f 85 103 104
f 104 110 76
f 104 107 110
f 75 104 76
f 62 111 112
f 62 112 113
f 62 113 114
f 62 65 111
f 17 20 37
f 17 115 70
f 70 116 75
f 17 37 115
f 70 115 116
f 117 118 94
f 117 119 118
f 117 120 119
f 117 121 122
f 117 122 120
f 117 123 121
f 117 124 123
f 117 114 125
f 117 125 126
f 117 126 127
f 117 127 128
f 117 128 129
f 117 130 124
f 117 129 130
f 85 104 131
f 85 117 94
f 62 114 117
f 85 131 117
f 75 132 104
f 104 132 131
f 75 116 132
f 15 16 41
f 16 54 133
f 54 62 134
f 62 117 135
f 16 133 41
f 54 134 133
f 62 135 134
f 117 136 135
f 31 37 35
f 117 131 136
f 131 132 137
f 116 138 132
f 31 139 37
f 115 37 140
f 31 44 139
f 37 139 140
f 131 137 136
f 132 138 137
f 115 141 116
f 115 140 141
f 116 141 138
f 38 142 40
f 38 39 143
f 39 41 144
f 39 144 143
f 38 143 142
f 40 145 42
f 42 146 43
f 142 145 40
f 42 145 146
f 143 144 147
f 143 148 142
f 143 147 148
f 142 148 149
f 142 149 145
f 41 133 150
f 133 134 151
f 134 135 152
f 135 136 153
f 144 41 150
f 133 151 150
f 134 152 151
f 135 153 152
f 136 154 153
f 43 155 44
f 44 156 139
f 136 137 154
f 137 138 157
f 138 141 158
f 139 159 140
f 140 160 141
f 43 146 155
f 44 155 156
f 154 137 157
f 141 160 158
f 139 156 159
f 140 159 160
f 138 158 157
f 144 150 161
f 150 151 162
f 150 162 161
f 151 163 162
f 144 161 147
f 151 152 163
f 152 164 163
f 152 153 164
f 153 154 165
f 153 165 164
f 154 166 165
f 162 163 167
f 163 164 168
f 164 165 169
f 145 170 146
f 146 171 155
f 155 172 156
f 156 173 159
f 159 174 160
f 156 172 173
f 159 173 174
f 145 149 170
f 146 170 171
f 155 171 172
f 154 157 166
f 157 175 166
f 165 166 176
f 166 175 177
f 157 158 175
f 160 178 158
f 158 178 175
f 160 174 178
f 178 174 179
f 175 178 180
f 181 182 183
f 161 162 184
f 161 184 185
f 162 167 184
f 147 161 185
f 147 186 148
f 148 187 149
f 147 185 186
f 148 186 187
f 164 169 168
f 165 176 169
f 163 168 167
f 185 184 188
f 167 189 184
f 185 190 186
f 186 191 187
f 167 168 192
f 168 169 181
f 149 193 170
f 170 194 171
f 149 187 193
f 170 193 194
f 171 195 172
f 171 194 195
f 172 195 196
f 172 196 173
f 187 197 193
f 193 198 194
f 194 199 195
f 166 177 176
f 175 180 177
f 169 176 200
f 176 177 201
f 177 180 202
f 180 179 203
f 173 204 174
f 178 179 180
f 173 196 204
f 174 204 179
f 195 205 196
f 196 206 204
f 179 204 207
f 184 189 188
f 185 188 190
f 186 190 191
f 187 191 197
f 167 192 189
f 168 181 192
f 169 200 181
f 189 208 188
f 189 209 208
f 188 208 210
f 188 210 190
f 190 211 191
f 189 192 209
f 192 181 183
f 181 200 182
f 192 183 209
f 191 212 197
f 193 197 198
f 194 198 199
f 195 199 205
f 197 213 198
f 198 214 199
f 176 201 200
f 177 202 201
f 180 203 202
f 179 207 203
f 200 201 215
f 201 202 216
f 200 215 182
f 201 216 215
f 202 217 216
f 202 203 217
f 203 207 218
f 203 218 217
f 207 219 218
f 196 205 206
f 204 206 207
f 199 220 205
f 205 221 206
f 199 214 220
f 205 220 221
f 207 206 219
f 206 221 219
f 183 182 222
f 183 222 223
f 182 215 224
f 224 215 225
f 182 224 222
f 223 222 226
f 222 227 226
f 223 226 228
f 222 224 227
f 224 225 229
f 224 229 227
f 225 230 229
f 226 227 231
f 229 230 231
f 227 229 231
f 190 210 211
f 191 211 212
f 197 212 213
f 208 232 210
f 208 209 233
f 183 223 209
f 223 233 209
f 208 233 232
f 210 234 211
f 211 235 212
f 212 236 213
f 210 232 234
f 211 234 235
f 212 235 236
f 198 213 214
f 225 215 216
f 216 217 237
f 217 218 238
f 218 219 239
f 219 221 240
f 225 216 237
f 217 238 237
f 218 239 238
f 221 241 240
f 219 240 239
f 213 242 214
f 214 243 220
f 213 236 242
f 214 242 243
f 220 241 221
f 220 243 241
f 223 228 233
f 233 244 232
f 232 245 234
f 234 246 235
f 233 228 244
f 232 244 245
f 226 231 228
f 228 231 244
f 234 245 246
f 225 237 230
f 235 247 236
f 237 238 248
f 238 239 249
f 241 243 250
f 239 240 251
f 241 252 240
f 244 231 245
f 235 246 247
f 236 247 253
f 245 231 246
f 231 247 246
f 231 253 247
f 231 254 253
f 230 237 248
f 238 249 248
f 239 251 249
f 230 248 231
f 231 248 249
f 231 249 251
f 231 251 252
f 254 250 243
f 240 252 251
f 241 250 252
f 231 250 254
f 231 252 250
f 236 253 242
f 254 243 242
f 253 254 242
f 255 256 257
f 255 257 258
f 255 259 260
f 255 261 259
f 255 262 256
f 255 260 262
f 255 263 264
f 255 264 265
f 255 265 261
f 266 267 268
f 266 269 270
f 266 270 267
f 271 269 266
f 266 272 273
f 266 274 275
f 266 276 274
f 266 273 277
f 266 277 276
f 266 278 263
f 266 279 278
f 266 275 280
f 266 281 282
f 266 282 283
f 266 283 279
f 266 280 281
f 266 284 285
f 266 285 286
f 266 286 287
f 266 268 288
f 266 288 289
f 266 289 284
f 266 290 291
f 266 291 292
f 266 292 293
f 266 293 272
f 266 287 290
f 294 255 258
f 271 266 295
f 266 263 255
f 271 295 296
f 296 295 297
f 298 299 300
f 298 301 299
f 298 302 303
f 298 303 304
f 298 304 305
f 298 300 306
f 298 307 308
f 298 308 309
f 298 306 307
f 298 309 302
f 310 298 305
f 310 305 311
f 310 311 312
f 310 312 313
f 310 314 315
f 310 313 316
f 310 316 314
f 315 314 317
f 315 317 318
f 315 318 319
f 315 319 320
f 320 319 321
f 320 321 322
f 310 323 298
f 298 294 301
f 294 324 301
f 294 325 326
f 294 327 328
f 294 328 325
f 294 329 327
f 294 330 324
f 294 326 330
f 310 315 331
f 310 331 323
f 298 323 294
f 315 332 331
f 315 320 332
f 320 322 333
f 320 333 332
f 333 322 334
f 333 334 335
f 336 335 337
f 336 337 338
f 271 339 340
f 271 341 339
f 271 340 269
f 271 342 341
f 271 343 342
f 271 344 343
f 271 296 344
f 296 345 344
f 296 346 345
f 296 347 346
f 296 348 347
f 296 349 348
f 296 350 349
f 296 351 352
f 296 352 350
f 296 353 351
f 296 354 353
f 296 355 354
f 296 356 355
f 356 357 355
f 356 358 357
f 356 359 358
f 356 360 359
f 356 361 360
f 356 362 361
f 356 363 362
f 356 364 363
f 364 365 363
f 364 366 365
f 364 367 366
f 364 368 369
f 364 369 367
f 364 370 368
f 364 371 370
f 364 372 371
f 364 373 372
f 373 374 372
f 373 375 374
f 376 377 375
f 373 376 375
f 376 378 377
f 376 379 378
f 294 380 381
f 294 258 380
f 294 381 329
f 296 297 356
f 356 382 364
f 364 383 373
f 356 297 382
f 364 382 383
f 384 385 386
f 336 338 387
f 384 387 388
f 384 388 385
f 389 386 390
f 389 390 391
f 373 392 376
f 393 394 379
f 393 395 394
f 393 391 396
f 393 397 395
f 393 396 397
f 376 393 379
f 323 331 398
f 323 399 294
f 323 398 399
f 294 399 400
f 401 398 331
f 294 400 255
f 266 255 402
f 266 403 295
f 295 404 297
f 297 405 382
f 266 402 403
f 255 400 402
f 295 403 404
f 297 404 405
f 382 405 406
f 401 331 332
f 333 335 336
f 332 333 407
f 401 332 407
f 333 408 407
f 336 409 408
f 333 336 408
f 336 384 409
f 384 410 409
f 373 383 392
f 389 391 393
f 336 387 384
f 384 386 389
f 376 392 393
f 389 411 410
f 393 412 411
f 382 406 383
f 392 412 393
f 383 413 392
f 383 406 413
f 392 413 412
f 384 389 410
f 389 393 411
f 414 415 416
f 415 417 418
f 419 420 421
f 414 422 415
f 415 423 417
f 419 424 414
f 417 425 418
f 426 427 425
f 428 429 427
f 417 426 425
f 426 428 427
f 417 430 426
f 426 431 428
f 398 416 399
f 399 418 400
f 401 407 432
f 401 433 398
f 398 433 416
f 399 416 418
f 401 432 433
f 432 407 434
f 434 408 435
f 400 425 402
f 402 427 403
f 403 429 404
f 404 436 405
f 405 437 406
f 406 438 413
f 400 418 425
f 402 425 427
f 403 427 429
f 404 429 436
f 405 436 437
f 406 437 438
f 439 413 438
f 434 407 408
f 435 408 409
f 409 410 440
f 435 409 440
f 410 441 440
f 442 411 412
f 439 412 413
f 410 411 441
f 442 441 411
f 442 412 439
f 419 433 432
f 432 434 420
f 419 432 420
f 434 443 420
f 414 416 433
f 415 418 416
f 419 414 433
f 434 435 443
f 435 440 444
f 435 444 443
f 440 441 445
f 442 446 441
f 420 443 447
f 440 445 444
f 441 446 445
f 442 448 446
f 429 449 436
f 436 450 437
f 428 449 429
f 436 449 450
f 442 439 448
f 439 438 451
f 437 452 438
f 437 450 452
f 439 451 448
f 438 452 451
f 453 454 455
f 419 421 424
f 420 447 421
f 414 424 422
f 415 422 423
f 421 456 424
f 422 424 457
f 422 458 423
f 421 447 459
f 447 460 461
f 417 423 430
f 426 430 431
f 428 462 449
f 428 431 462
f 449 462 463
f 423 464 430
f 430 465 431
f 431 466 462
f 462 467 463
f 463 468 469
f 456 470 471
f 457 472 458
f 458 473 464
f 457 471 472
f 458 472 473
f 464 474 465
f 464 473 474
f 421 459 456
f 422 457 458
f 423 458 464
f 424 456 457
f 447 461 459
f 461 460 453
f 453 475 476
f 459 461 477
f 456 459 470
f 461 453 455
f 459 477 470
f 461 455 477
f 456 471 457
f 453 476 454
f 476 478 479
f 476 479 454
f 478 480 481
f 482 483 480
f 482 484 485
f 430 464 465
f 431 465 466
f 462 466 467
f 484 469 468
f 463 467 468
f 465 486 466
f 466 487 467
f 465 474 486
f 466 486 487
f 467 488 468
f 484 468 489
f 443 444 460
f 443 460 447
f 444 475 460
f 445 490 475
f 448 491 492
f 444 445 475
f 445 446 490
f 446 448 492
f 446 492 490
f 453 460 475
f 476 475 490
f 490 492 478
f 482 491 493
f 492 491 480
f 452 450 469
f 452 493 451
f 450 463 469
f 451 493 491
f 452 469 493
f 449 463 450
f 448 451 491
f 484 493 469
f 476 490 478
f 492 480 478
f 482 480 491
f 482 493 484
f 494 477 455
f 494 455 495
f 455 454 495
f 454 479 496
f 454 496 495
f 496 479 497
f 494 495 498
f 495 496 499
f 494 498 500
f 499 501 498
f 495 499 498
f 499 496 502
f 502 497 503
f 499 502 501
f 502 503 501
f 502 496 497
f 503 497 504
f 503 504 505
f 470 506 471
f 477 507 470
f 471 508 472
f 472 509 473
f 472 508 509
f 494 507 477
f 470 507 506
f 471 506 508
f 473 509 510
f 473 510 474
f 474 511 486
f 474 510 511
f 486 511 512
f 478 481 479
f 480 483 481
f 484 489 485
f 482 485 483
f 497 481 504
f 489 488 513
f 485 514 515
f 489 513 514
f 488 516 513
f 497 479 481
f 483 485 515
f 481 483 504
f 483 515 504
f 485 489 514
f 467 487 488
f 468 488 489
f 486 512 487
f 487 516 488
f 487 512 516
f 494 500 507
f 506 507 517
f 508 518 509
f 506 519 508
f 509 520 510
f 506 517 519
f 507 500 517
f 517 501 519
f 498 501 500
f 500 501 517
f 508 519 518
f 509 518 520
f 520 521 510
f 519 501 518
f 518 501 520
f 520 501 521
f 503 505 501
f 505 522 501
f 501 522 523
f 501 523 524
f 524 516 525
f 501 526 521
f 501 525 526
f 501 524 525
f 510 521 511
f 511 526 512
f 525 516 512
f 511 521 526
f 525 512 526
f 505 504 515
f 515 514 522
f 523 514 513
f 524 513 516
f 505 515 522
f 523 522 514
f 523 513 524
f 527 528 529
f 527 529 530
f 531 528 527
f 531 527 532
f 533 534 530
f 533 530 529
f 533 535 534
f 536 527 530
f 537 530 534
f 538 539 540
f 541 538 540
f 541 306 538
f 541 542 306
f 538 306 300
f 539 324 543
f 538 301 539
f 538 299 301
f 539 301 324
f 538 300 299
f 543 324 330
f 543 326 325
f 543 330 326
f 543 325 328
f 536 304 532
f 531 532 542
f 542 307 306
f 542 308 307
f 542 309 308
f 542 302 309
f 542 532 302
f 541 531 542
f 536 532 527
f 532 303 302
f 532 304 303
f 536 530 537
f 536 305 304
f 536 537 311
f 536 311 305
f 537 312 311
f 537 316 313
f 537 313 312
f 535 544 534
f 535 545 544
f 546 534 544
f 537 534 546
f 537 546 316
f 546 314 316
f 547 548 549
f 547 550 548
f 551 552 553
f 554 555 556
f 557 553 558
f 554 551 557
f 551 553 557
f 554 557 555
f 559 560 561
f 559 561 547
f 559 547 528
f 541 540 560
f 560 540 551
f 551 540 552
f 541 560 559
f 541 559 531
f 547 561 550
f 560 554 561
f 550 561 556
f 554 556 561
f 560 551 554
f 548 550 562
f 548 563 564
f 548 562 563
f 562 565 563
f 565 566 567
f 563 567 568
f 563 565 567
f 567 569 570
f 556 555 571
f 572 571 573
f 556 571 572
f 557 574 555
f 557 558 574
f 574 575 555
f 575 571 555
f 575 576 571
f 572 573 577
f 571 576 573
f 576 578 573
f 573 578 579
f 577 573 579
f 577 579 580
f 550 556 572
f 550 572 562
f 562 572 577
f 562 577 565
f 565 577 580
f 565 580 566
f 547 549 528
f 581 533 529
f 549 581 529
f 581 564 582
f 581 582 583
f 549 564 581
f 548 564 549
f 533 583 535
f 581 583 533
f 535 583 584
f 583 582 585
f 584 583 585
f 584 585 586
f 549 529 528
f 559 528 531
f 582 564 568
f 582 568 587
f 582 587 585
f 563 568 564
f 568 570 587
f 587 588 589
f 587 570 588
f 568 567 570
f 587 589 585
f 585 589 586
f 586 589 590
f 589 588 591
f 589 591 590
f 590 591 592
f 552 593 553
f 552 594 593
f 595 596 597
f 594 598 595
f 593 594 595
f 595 598 596
f 593 599 553
f 593 600 599
f 599 558 553
f 599 601 602
f 599 600 601
f 599 602 558
f 593 595 600
f 595 597 600
f 600 597 603
f 597 604 605
f 600 603 601
f 597 605 603
f 603 605 606
f 552 540 539
f 552 539 594
f 594 539 543
f 594 543 598
f 596 607 604
f 598 608 596
f 598 327 608
f 596 608 607
f 607 609 610
f 608 380 607
f 608 327 329
f 608 329 381
f 608 381 380
f 607 258 257
f 607 257 609
f 607 380 258
f 609 257 256
f 609 256 262
f 609 262 260
f 596 604 597
f 604 610 611
f 607 610 604
f 610 612 613
f 605 604 611
f 605 611 614
f 611 613 615
f 610 613 611
f 613 616 617
f 609 612 610
f 609 259 612
f 612 259 261
f 613 612 616
f 616 265 618
f 612 265 616
f 618 264 263
f 618 263 278
f 612 261 265
f 618 265 264
f 609 260 259
f 598 543 328
f 598 328 327
f 574 558 619
f 558 602 619
f 602 620 619
f 574 619 621
f 575 621 622
f 574 621 575
f 619 623 621
f 621 624 622
f 602 601 625
f 603 626 601
f 601 626 625
f 602 625 620
f 603 606 626
f 605 614 606
f 627 626 606
f 619 620 623
f 621 623 624
f 627 620 625
f 627 623 620
f 627 625 626
f 627 624 623
f 627 628 624
f 627 629 628
f 576 622 630
f 575 622 576
f 576 630 578
f 630 631 578
f 578 341 632
f 579 578 632
f 579 632 633
f 578 631 340
f 578 339 341
f 578 340 339
f 632 341 342
f 632 342 343
f 632 343 344
f 624 628 622
f 622 628 630
f 630 628 629
f 630 629 631
f 634 270 631
f 627 634 629
f 629 634 631
f 634 635 267
f 635 268 267
f 631 269 340
f 631 270 269
f 634 267 270
f 611 615 614
f 613 617 615
f 627 606 614
f 627 614 615
f 627 615 617
f 627 617 636
f 616 636 617
f 636 618 637
f 627 636 637
f 627 637 638
f 627 638 639
f 627 639 640
f 627 641 642
f 627 642 290
f 627 640 641
f 616 618 636
f 637 618 643
f 637 643 638
f 638 643 282
f 638 282 281
f 638 281 280
f 618 278 643
f 643 278 279
f 643 279 283
f 643 283 282
f 638 275 639
f 639 276 640
f 639 274 276
f 638 280 275
f 639 275 274
f 640 277 641
f 640 276 277
f 641 277 273
f 641 272 642
f 641 273 272
f 627 635 634
f 627 644 635
f 627 287 645
f 627 645 644
f 635 644 288
f 635 288 268
f 644 289 288
f 644 645 284
f 644 284 289
f 645 285 284
f 627 290 287
f 642 291 290
f 642 272 293
f 642 292 291
f 642 293 292
f 645 287 286
f 645 286 285
f 567 566 569
f 579 633 580
f 580 633 646
f 580 646 566
f 569 566 647
f 569 648 649
f 569 647 648
f 646 647 566
f 646 650 647
f 648 651 652
f 647 653 648
f 647 650 653
f 648 653 651
f 588 654 591
f 588 570 649
f 569 649 570
f 649 652 654
f 588 649 654
f 654 655 656
f 654 652 655
f 654 656 591
f 591 656 592
f 592 656 657
f 657 656 658
f 656 655 658
f 657 658 659
f 648 652 649
f 652 660 655
f 658 655 661
f 651 660 652
f 655 660 661
f 658 662 659
f 658 661 662
f 660 663 661
f 661 664 662
f 659 662 665
f 662 666 665
f 632 345 633
f 632 344 345
f 667 345 346
f 646 633 667
f 633 345 667
f 667 346 347
f 646 667 650
f 667 347 348
f 667 348 349
f 667 349 650
f 650 349 350
f 650 350 352
f 650 352 653
f 653 351 353
f 653 352 351
f 653 353 668
f 651 653 668
f 651 669 660
f 651 668 669
f 668 353 354
f 668 354 355
f 668 355 357
f 668 357 669
f 669 357 358
f 669 359 663
f 669 358 359
f 660 669 663
f 661 663 664
f 359 360 663
f 663 360 361
f 663 362 664
f 663 361 362
f 664 362 363
f 664 365 666
f 664 363 365
f 662 664 666
f 665 666 670
f 666 671 670
f 666 365 671
f 670 671 672
f 671 365 366
f 671 366 367
f 671 367 369
f 671 369 368
f 671 368 672
f 672 368 370
f 672 370 371
f 672 371 372
f 584 673 545
f 535 584 545
f 586 674 673
f 584 586 673
f 586 590 674
f 590 675 674
f 590 592 675
f 592 676 675
f 592 657 676
f 657 677 676
f 657 659 677
f 659 678 677
f 659 665 678
f 665 679 678
f 665 670 679
f 670 680 679
f 670 672 680
f 672 681 680
f 672 372 681
f 681 372 374
f 546 3 314
f 314 3 317
f 545 682 544
f 546 544 683
f 3 318 317
f 318 14 319
f 14 321 319
f 322 321 14
f 322 11 334
f 334 10 335
f 337 335 10
f 545 673 684
f 673 674 685
f 674 675 686
f 675 676 687
f 676 677 688
f 677 678 689
f 678 679 690
f 679 680 691
f 680 681 692
f 681 374 693
f 693 374 375
f 693 375 377
f 693 377 378
f 693 378 379
f 337 21 338
f 338 23 387
f 23 388 387
f 385 388 23
f 385 25 386
f 391 390 29
f 386 29 390
f 396 391 30
f 395 397 33
f 396 33 397
f 394 20 379
f 395 32 394
f 546 5 3
f 546 7 5
f 318 3 2
f 318 2 4
f 318 4 14
f 545 684 682
f 544 682 683
f 546 683 7
f 322 14 11
f 10 334 11
f 337 10 12
f 673 685 684
f 674 686 685
f 675 687 686
f 676 688 687
f 677 689 688
f 678 690 689
f 679 691 690
f 680 692 691
f 681 693 692
f 693 379 18
f 379 19 18
f 379 20 19
f 337 12 21
f 338 21 23
f 385 23 24
f 385 24 25
f 386 25 27
f 386 27 29
f 396 30 34
f 395 33 32
f 396 34 33
f 394 32 36
f 394 36 35
f 394 35 20
f 391 29 30
f 683 8 7
f 684 694 682
f 684 695 694
f 695 696 694
f 695 697 696
f 698 682 694
f 699 694 696
f 697 700 696
f 697 701 700
f 696 700 702
f 700 701 703
f 701 704 703
f 700 703 705
f 703 704 706
f 683 682 698
f 683 698 45
f 698 694 699
f 698 699 47
f 683 45 8
f 698 46 45
f 698 47 46
f 699 702 51
f 699 48 47
f 699 50 48
f 699 51 50
f 702 52 51
f 707 52 702
f 707 53 52
f 699 696 702
f 700 705 702
f 707 702 708
f 707 55 53
f 707 56 55
f 707 709 56
f 703 710 705
f 703 706 710
f 706 711 710
f 702 705 708
f 705 712 708
f 705 710 712
f 710 711 713
f 710 713 712
f 707 708 709
f 708 712 714
f 712 713 715
f 709 57 56
f 708 714 709
f 709 58 57
f 709 714 59
f 709 59 58
f 712 715 714
f 714 60 59
f 714 715 716
f 714 61 60
f 714 716 61
f 695 685 717
f 684 685 695
f 717 718 697
f 695 717 697
f 717 686 719
f 685 686 717
f 717 719 718
f 718 719 720
f 697 718 701
f 721 704 701
f 718 721 701
f 718 720 721
f 721 720 722
f 721 722 723
f 686 687 719
f 719 687 724
f 719 724 720
f 724 725 720
f 687 688 724
f 724 688 726
f 724 726 725
f 725 726 727
f 720 725 722
f 722 725 728
f 722 728 729
f 725 727 728
f 728 727 730
f 728 730 731
f 721 723 704
f 723 729 732
f 722 729 723
f 732 733 734
f 729 733 732
f 733 735 734
f 723 736 704
f 706 704 736
f 723 732 736
f 736 732 737
f 736 737 738
f 706 736 738
f 737 732 734
f 737 739 738
f 737 734 740
f 737 740 739
f 734 741 740
f 735 741 734
f 735 742 741
f 741 743 740
f 741 742 744
f 741 744 743
f 744 745 746
f 728 731 729
f 729 731 733
f 733 731 747
f 733 747 735
f 747 748 735
f 731 730 749
f 731 749 747
f 749 750 751
f 747 749 751
f 747 751 748
f 748 751 752
f 751 753 752
f 735 748 742
f 748 754 742
f 742 754 745
f 754 755 745
f 754 756 755
f 744 742 745
f 745 755 757
f 755 758 759
f 748 752 754
f 754 752 756
f 752 760 756
f 756 760 761
f 755 756 758
f 756 761 758
f 758 762 763
f 758 761 762
f 762 764 765
f 706 738 711
f 711 738 766
f 738 739 766
f 740 767 739
f 739 767 768
f 711 766 769
f 711 769 713
f 766 770 769
f 739 768 766
f 767 771 768
f 766 768 770
f 768 772 770
f 740 743 767
f 767 743 773
f 744 774 743
f 713 769 775
f 713 775 715
f 769 776 775
f 769 770 776
f 770 777 776
f 715 778 716
f 715 775 778
f 775 776 779
f 775 779 778
f 776 780 779
f 779 126 125
f 688 689 726
f 726 689 781
f 726 781 727
f 781 782 727
f 689 690 781
f 781 690 783
f 781 783 782
f 782 783 784
f 727 782 730
f 730 782 785
f 730 785 749
f 785 786 750
f 782 784 785
f 785 784 786
f 690 691 783
f 783 787 784
f 784 788 786
f 786 788 789
f 786 789 790
f 783 691 787
f 784 787 788
f 691 692 787
f 787 791 788
f 788 792 789
f 789 793 794
f 785 750 749
f 750 790 753
f 751 750 753
f 753 760 752
f 753 790 795
f 753 795 760
f 760 795 796
f 786 790 750
f 790 794 795
f 789 794 790
f 796 795 797
f 796 797 798
f 795 794 797
f 760 796 761
f 761 796 799
f 796 798 799
f 799 798 800
f 762 761 799
f 762 799 764
f 799 800 764
f 787 692 791
f 788 791 792
f 692 693 791
f 791 693 801
f 791 801 792
f 792 801 802
f 789 792 793
f 792 802 793
f 793 803 804
f 793 802 803
f 693 67 801
f 693 18 66
f 693 66 67
f 801 69 802
f 801 67 68
f 801 68 69
f 802 69 74
f 802 74 72
f 802 72 803
f 803 72 71
f 803 71 73
f 803 73 78
f 794 804 797
f 797 805 798
f 797 804 805
f 805 806 798
f 805 82 806
f 82 81 806
f 764 807 808
f 764 800 807
f 807 800 809
f 807 810 811
f 807 809 810
f 810 109 812
f 810 106 109
f 810 107 106
f 810 110 107
f 798 806 800
f 800 806 809
f 806 77 809
f 809 77 76
f 806 81 84
f 806 84 77
f 809 76 110
f 810 809 110
f 794 793 804
f 804 813 805
f 803 813 804
f 805 813 83
f 805 83 82
f 803 78 813
f 813 78 79
f 813 79 80
f 813 80 83
f 745 757 746
f 755 759 757
f 758 763 759
f 762 765 763
f 743 774 773
f 744 746 774
f 774 746 814
f 767 773 771
f 773 815 771
f 768 771 772
f 774 816 773
f 773 816 815
f 774 814 816
f 771 815 817
f 816 818 815
f 770 772 777
f 771 817 772
f 772 819 777
f 772 817 819
f 815 820 817
f 817 821 819
f 777 819 822
f 819 823 822
f 776 777 780
f 777 822 780
f 779 780 126
f 780 822 824
f 822 124 824
f 780 128 127
f 780 824 128
f 780 127 126
f 824 129 128
f 757 825 746
f 757 826 825
f 746 825 814
f 757 759 826
f 759 827 826
f 759 763 827
f 826 827 89
f 827 828 829
f 825 830 814
f 816 814 831
f 825 826 832
f 825 832 830
f 814 830 831
f 816 831 818
f 830 832 92
f 830 92 93
f 831 94 818
f 830 93 831
f 831 93 94
f 826 89 87
f 826 87 86
f 826 88 832
f 826 86 88
f 827 829 89
f 829 90 89
f 829 91 90
f 829 828 833
f 833 95 91
f 829 833 91
f 833 96 95
f 833 99 96
f 832 88 92
f 827 763 828
f 763 765 828
f 828 765 834
f 833 828 834
f 764 808 765
f 834 765 808
f 834 808 835
f 808 811 835
f 833 834 99
f 834 97 99
f 834 835 97
f 835 98 97
f 835 100 98
f 835 101 100
f 835 811 836
f 835 836 101
f 836 105 103
f 836 102 101
f 836 103 102
f 815 818 820
f 817 820 821
f 818 119 820
f 818 94 118
f 818 118 119
f 820 119 120
f 820 120 821
f 821 120 122
f 819 821 823
f 822 823 123
f 821 122 823
f 823 121 123
f 823 122 121
f 822 123 124
f 824 124 130
f 824 130 129
f 807 811 808
f 836 811 812
f 810 812 811
f 836 812 105
f 812 108 105
f 812 109 108
f 716 63 61
f 716 64 63
f 716 778 111
f 716 65 64
f 716 111 65
f 778 112 111
f 779 113 778
f 778 113 112
f 779 114 113
f 779 125 114
f 837 838 839
f 837 840 838
f 837 841 840
f 842 843 844
f 842 845 843
f 837 846 841
f 847 848 849
f 847 850 848
f 837 851 846
f 846 852 841
f 846 853 852
f 846 849 853
f 854 844 855
f 854 855 856
f 847 856 850
f 857 858 859
f 857 860 861
f 857 859 860
f 857 861 862
f 858 863 859
f 858 864 863
f 858 865 864
f 858 866 865
f 867 868 845
f 867 869 868
f 857 862 870
f 857 871 858
f 867 872 869
f 870 862 873
f 870 873 874
f 870 874 872
f 857 870 871
f 846 847 849
f 847 854 856
f 854 842 844
f 847 875 854
f 854 876 842
f 846 877 847
f 854 875 876
f 847 877 875
f 846 878 877
f 842 867 845
f 867 870 872
f 870 879 871
f 842 880 867
f 867 881 870
f 842 876 880
f 867 880 881
f 870 881 879
f 837 839 882
f 882 839 883
f 882 883 884
f 882 884 885
f 882 885 886
f 882 886 887
f 882 888 889
f 882 887 890
f 882 890 888
f 889 888 891
f 889 891 892
f 889 893 894
f 889 892 893
f 889 894 895
f 889 895 896
f 889 896 897
f 889 897 898
f 889 898 899
f 899 900 901
f 899 902 903
f 899 901 902
f 899 903 904
f 899 898 900
f 899 904 905
f 899 905 906
f 907 906 908
f 907 908 909
f 907 910 911
f 907 909 910
f 899 906 907
f 907 911 912
f 907 912 913
f 907 913 914
f 907 914 915
f 907 915 916
f 907 916 917
f 907 918 919
f 907 920 918
f 907 921 922
f 907 919 921
f 907 922 923
f 907 917 924
f 907 924 925
f 907 925 920
f 923 926 927
f 923 928 926
f 923 922 928
f 923 927 929
f 923 929 930
f 923 930 931
f 923 931 932
f 837 882 851
f 882 889 933
f 889 899 934
f 882 933 851
f 889 934 933
f 935 936 937
f 935 938 939
f 935 939 940
f 935 941 936
f 935 940 941
f 899 907 942
f 899 942 934
f 907 943 942
f 923 932 944
f 907 923 943
f 944 932 945
f 944 945 946
f 944 946 947
f 944 947 948
f 944 948 949
f 944 949 950
f 944 950 951
f 944 951 952
f 944 953 954
f 944 955 938
f 944 954 955
f 944 952 956
f 944 956 957
f 944 957 953
f 923 944 943
f 944 938 935
f 866 958 959
f 866 960 958
f 866 961 865
f 866 959 961
f 866 962 963
f 866 964 962
f 866 963 960
f 866 965 964
f 858 966 866
f 965 967 968
f 965 969 967
f 965 970 964
f 965 971 970
f 965 972 971
f 965 973 972
f 965 974 973
f 965 968 974
f 935 975 969
f 935 976 975
f 935 937 976
f 858 871 966
f 866 966 965
f 965 935 969
f 942 943 977
f 944 935 978
f 944 979 943
f 851 933 980
f 846 851 878
f 933 934 981
f 851 980 878
f 933 981 980
f 934 942 982
f 934 982 981
f 942 977 982
f 943 979 977
f 944 978 979
f 871 983 966
f 966 984 965
f 965 985 935
f 871 879 983
f 966 983 984
f 965 984 985
f 935 985 978
f 875 877 986
f 877 987 986
f 875 988 876
f 876 989 880
f 880 990 881
f 875 986 988
f 876 988 989
f 880 989 990
f 986 987 991
f 986 992 988
f 988 993 989
f 988 992 993
f 986 991 992
f 878 980 994
f 980 981 995
f 877 878 987
f 981 982 996
f 982 977 997
f 977 979 998
f 979 978 999
f 980 995 994
f 981 996 995
f 878 994 987
f 982 997 996
f 977 998 997
f 978 1000 999
f 881 1001 879
f 983 879 1002
f 985 984 1003
f 983 1004 984
f 978 985 1000
f 881 990 1001
f 879 1001 1002
f 983 1002 1004
f 984 1004 1003
f 985 1003 1000
f 979 999 998
f 995 996 1005
f 994 1006 987
f 995 1007 994
f 996 997 1008
f 996 1008 1005
f 997 1009 1008
f 997 998 1009
f 987 1006 991
f 994 1007 1006
f 995 1005 1007
f 989 1010 990
f 990 1011 1001
f 989 993 1010
f 990 1010 1011
f 1001 1011 1012
f 1004 1002 1013
f 1004 1014 1003
f 1004 1013 1014
f 1001 1012 1002
f 1002 1012 1013
f 1010 1015 1011
f 1011 1016 1012
f 1012 1017 1013
f 998 999 1018
f 999 1000 1019
f 998 1018 1009
f 999 1019 1018
f 1018 1019 1020
f 1003 1021 1000
f 1003 1014 1021
f 1000 1021 1019
f 1021 1014 1022
f 1013 1023 1014
f 1019 1021 1024
f 1007 1005 1025
f 1006 1007 1026
f 1007 1025 1026
f 1008 1027 1005
f 1008 1009 1028
f 1005 1027 1025
f 1008 1028 1027
f 1025 1029 1026
f 1027 1030 1025
f 1027 1028 1031
f 1006 1032 991
f 992 991 1033
f 992 1034 993
f 991 1032 1033
f 992 1033 1034
f 1006 1026 1032
f 1010 993 1035
f 993 1034 1035
f 1010 1035 1015
f 1011 1015 1016
f 1012 1016 1017
f 1032 1036 1033
f 1032 1026 1037
f 1033 1038 1034
f 1034 1039 1035
f 1035 1040 1015
f 1015 1041 1016
f 1009 1018 1042
f 1009 1042 1028
f 1018 1020 1042
f 1019 1024 1020
f 1028 1042 1043
f 1042 1020 1044
f 1020 1024 1045
f 1014 1023 1022
f 1021 1022 1024
f 1013 1017 1023
f 1022 1046 1024
f 1023 1047 1022
f 1016 1048 1017
f 1023 1017 1049
f 1025 1030 1029
f 1027 1031 1030
f 1028 1043 1031
f 1030 1031 1050
f 1031 1043 1051
f 1026 1029 1037
f 1032 1037 1036
f 1033 1036 1038
f 1034 1038 1039
f 1035 1039 1040
f 1015 1040 1041
f 1037 1052 1036
f 1037 1029 1053
f 1036 1054 1038
f 1036 1052 1054
f 1030 1055 1029
f 1038 1056 1039
f 1039 1057 1040
f 1040 1058 1041
f 1038 1054 1056
f 1039 1056 1057
f 1042 1044 1043
f 1020 1045 1044
f 1043 1044 1059
f 1044 1045 1060
f 1043 1059 1051
f 1044 1060 1059
f 1045 1061 1060
f 1024 1046 1045
f 1022 1047 1046
f 1023 1049 1047
f 1017 1048 1049
f 1016 1041 1048
f 1047 1049 1062
f 1041 1063 1048
f 1048 1064 1049
f 1041 1058 1063
f 1048 1063 1064
f 1049 1064 1062
f 1045 1046 1061
f 1047 1065 1046
f 1046 1065 1061
f 1047 1062 1065
f 1040 1057 1058
f 1031 1051 1050
f 1037 1053 1052
f 1029 1055 1053
f 1030 1050 1055
f 1055 1066 1053
f 1055 1050 1067
f 1051 1068 1050
f 1055 1067 1066
f 1050 1068 1067
f 1052 1053 1069
f 1052 1070 1054
f 1054 1071 1056
f 1053 1066 1069
f 1052 1069 1070
f 1054 1070 1071
f 1051 1059 1072
f 1060 1073 1059
f 1051 1072 1068
f 1059 1073 1072
f 1060 1074 1073
f 1060 1061 1074
f 1064 1063 1075
f 1063 1058 1076
f 1061 1065 1077
f 1065 1062 1078
f 1064 1079 1062
f 1063 1076 1075
f 1062 1079 1078
f 1061 1077 1074
f 1065 1078 1077
f 1064 1075 1079
f 1067 1080 1066
f 1068 1081 1067
f 1069 1066 1082
f 1069 1083 1070
f 1067 1081 1080
f 1066 1080 1082
f 1069 1082 1083
f 1082 1080 1084
f 1082 1084 1083
f 1073 1074 1085
f 1072 1073 1086
f 1073 1085 1086
f 1068 1072 1087
f 1074 1077 1088
f 1077 1078 1089
f 1078 1079 1090
f 1076 1091 1075
f 1075 1092 1079
f 1072 1086 1087
f 1068 1087 1081
f 1081 1087 1084
f 1086 1085 1084
f 1087 1086 1084
f 1081 1084 1080
f 1084 1093 1083
f 1084 1094 1095
f 1074 1088 1085
f 1077 1089 1088
f 1078 1090 1089
f 1084 1085 1088
f 1084 1088 1089
f 1084 1089 1090
f 1076 1094 1091
f 1079 1092 1090
f 1075 1091 1092
f 1084 1092 1091
f 1084 1091 1094
f 1084 1090 1092
f 1056 1096 1057
f 1056 1071 1096
f 1057 1097 1058
f 1076 1058 1097
f 1057 1096 1097
f 1070 1093 1071
f 1070 1083 1093
f 1071 1098 1096
f 1096 1095 1097
f 1076 1097 1094
f 1071 1093 1098
f 1096 1098 1095
f 1097 1095 1094
f 1084 1098 1093
f 1084 1095 1098
f 1099 1100 1101
f 1102 1103 1104
f 1099 1104 1100
f 1101 1105 1106
f 1105 1107 1106
f 1105 1108 1107
f 1105 1109 1110
f 1105 1110 1108
f 1105 1111 1109
f 1105 1112 1111
f 1105 1113 1112
f 1105 1114 1113
f 1105 1115 1114
f 1105 1116 1115
f 1105 1117 1116
f 1105 1118 1117
f 1105 1119 1118
f 1105 1120 1119
f 1105 1121 1120
f 1105 1122 1121
f 1105 1123 1122
f 1105 1124 1123
f 1105 1125 1124
f 1105 1126 1125
f 1105 1127 1126
f 1105 1128 1127
f 1129 1130 1128
f 1129 1131 1130
f 1129 1132 1131
f 1129 1133 1132
f 1129 1134 1133
f 1129 1135 1134
f 1129 1136 1135
f 1129 1137 1136
f 1129 1138 1137
f 1101 1100 1105
f 1105 1129 1128
f 1129 1139 1138
f 1099 1140 1141
f 1099 1141 1102
f 1099 1101 1142
f 1099 1143 1144
f 1099 1144 1145
f 1099 1142 1143
f 1101 1146 1142
f 1101 1147 1146
f 1101 1148 1149
f 1101 1149 1150
f 1101 1151 1147
f 1101 1150 1151
f 1101 1106 1148
f 1099 1145 1152
f 1099 1152 1153
f 1099 1153 1140
f 1102 1141 1154
f 1102 1154 1155
f 1102 1155 1156
f 1102 1156 1157
f 1102 1157 1158
f 1102 1158 1159
f 1102 1159 1160
f 1102 1160 1161
f 1161 1160 1162
f 1161 1163 1164
f 1161 1162 1163
f 1161 1164 1165
f 1161 1165 1166
f 1166 1165 1167
f 1166 1167 1168
f 1166 1168 1169
f 1099 1102 1104
f 1102 1161 1103
f 1161 1166 1170
f 1161 1170 1103
f 1166 1169 1171
f 1171 1169 1172
f 1171 1172 1173
f 1174 1173 1175
f 1174 1175 1176
f 1174 1176 1177
f 1178 1177 1179
f 1178 1179 1180
f 1181 1180 1182
f 1181 1182 1183
f 1181 1183 1184
f 1185 1184 1186
f 1187 1188 1189
f 1187 1189 1190
f 1187 1191 1188
f 1187 1190 1192
f 1187 1193 1191
f 1187 1194 1193
f 1194 1195 1193
f 1194 1196 1195
f 1194 1197 1196
f 1194 1198 1197
f 1194 1199 1198
f 1194 1200 1199
f 1194 1201 1200
f 1194 1202 1201
f 1194 1203 1202
f 1194 1204 1203
f 1205 1206 1204
f 1205 1207 1206
f 1205 1208 1207
f 1194 1205 1204
f 1205 1209 1208
f 1209 1210 1208
f 1209 1211 1210
f 1187 1192 1139
f 1139 1192 1212
f 1139 1212 1213
f 1187 1214 1194
f 1139 1215 1216
f 1139 1217 1215
f 1139 1213 1217
f 1139 1216 1138
f 1194 1218 1205
f 1187 1139 1214
f 1194 1214 1218
f 1205 1218 1219
f 1205 1219 1209
f 1209 1220 1211
f 1220 1221 1211
f 1209 1219 1220
f 1185 1222 1223
f 1185 1224 1222
f 1220 1223 1221
f 1185 1186 1224
f 1104 1225 1100
f 1104 1103 1226
f 1100 1227 1105
f 1105 1228 1129
f 1104 1226 1225
f 1100 1225 1227
f 1103 1170 1229
f 1103 1229 1226
f 1170 1230 1229
f 1105 1227 1228
f 1129 1231 1139
f 1139 1232 1214
f 1129 1228 1231
f 1139 1231 1232
f 1232 1233 1214
f 1166 1171 1170
f 1171 1173 1174
f 1174 1177 1178
f 1178 1180 1181
f 1181 1184 1185
f 1170 1171 1230
f 1171 1174 1234
f 1174 1178 1235
f 1171 1234 1230
f 1174 1235 1234
f 1178 1236 1235
f 1181 1237 1236
f 1178 1181 1236
f 1181 1185 1237
f 1214 1233 1218
f 1218 1238 1219
f 1220 1185 1223
f 1219 1238 1239
f 1220 1239 1240
f 1218 1233 1238
f 1220 1240 1185
f 1219 1239 1220
f 1185 1240 1237
f 1241 1242 1243
f 1244 1245 1242
f 1246 1241 1243
f 1247 1246 1248
f 1241 1244 1242
f 1247 1249 1246
f 1246 1250 1241
f 1244 1251 1245
f 1251 1252 1253
f 1241 1254 1244
f 1244 1255 1251
f 1251 1256 1252
f 1252 1257 1258
f 1226 1229 1243
f 1225 1245 1227
f 1226 1242 1225
f 1229 1230 1248
f 1230 1234 1259
f 1260 1234 1235
f 1229 1248 1243
f 1226 1243 1242
f 1225 1242 1245
f 1230 1259 1248
f 1259 1234 1260
f 1260 1235 1261
f 1227 1253 1228
f 1228 1262 1231
f 1231 1263 1232
f 1232 1264 1233
f 1233 1265 1238
f 1227 1245 1253
f 1228 1253 1262
f 1231 1262 1263
f 1232 1263 1264
f 1233 1264 1265
f 1261 1235 1236
f 1266 1236 1237
f 1261 1236 1266
f 1266 1237 1267
f 1239 1238 1268
f 1237 1240 1267
f 1240 1239 1269
f 1240 1269 1267
f 1239 1268 1269
f 1265 1268 1238
f 1247 1248 1259
f 1259 1260 1270
f 1247 1259 1270
f 1246 1243 1248
f 1260 1261 1271
f 1261 1266 1272
f 1266 1267 1273
f 1260 1271 1270
f 1261 1272 1271
f 1266 1273 1272
f 1251 1253 1245
f 1252 1262 1253
f 1262 1258 1263
f 1263 1274 1264
f 1252 1258 1262
f 1263 1258 1274
f 1264 1274 1275
f 1267 1269 1276
f 1269 1268 1277
f 1264 1275 1265
f 1265 1278 1268
f 1265 1275 1278
f 1258 1279 1274
f 1267 1276 1273
f 1269 1277 1276
f 1268 1278 1277
f 1246 1249 1250
f 1241 1250 1254
f 1247 1270 1280
f 1247 1280 1249
f 1270 1281 1280
f 1250 1249 1282
f 1249 1280 1283
f 1280 1281 1284
f 1281 1285 1286
f 1287 1285 1288
f 1244 1254 1255
f 1251 1255 1256
f 1252 1256 1257
f 1258 1257 1279
f 1254 1289 1255
f 1250 1290 1254
f 1255 1291 1256
f 1256 1292 1257
f 1257 1293 1279
f 1279 1294 1295
f 1283 1296 1297
f 1284 1298 1296
f 1283 1297 1282
f 1282 1299 1290
f 1282 1297 1299
f 1290 1299 1300
f 1289 1300 1301
f 1249 1283 1282
f 1280 1284 1283
f 1281 1286 1284
f 1286 1285 1287
f 1287 1288 1302
f 1284 1286 1298
f 1283 1284 1296
f 1286 1287 1303
f 1286 1303 1298
f 1287 1302 1304
f 1250 1282 1290
f 1254 1290 1289
f 1255 1289 1291
f 1256 1291 1292
f 1257 1292 1293
f 1279 1293 1294
f 1290 1300 1289
f 1289 1301 1291
f 1291 1305 1292
f 1291 1301 1305
f 1302 1306 1307
f 1306 1308 1309
f 1308 1310 1311
f 1294 1293 1312
f 1294 1313 1314
f 1294 1312 1313
f 1310 1314 1315
f 1292 1316 1293
f 1292 1305 1316
f 1293 1316 1312
f 1270 1271 1281
f 1271 1272 1285
f 1272 1273 1288
f 1271 1285 1281
f 1272 1288 1285
f 1273 1317 1288
f 1302 1288 1317
f 1276 1318 1317
f 1274 1295 1275
f 1274 1279 1295
f 1275 1295 1319
f 1278 1319 1320
f 1273 1276 1317
f 1276 1277 1318
f 1277 1278 1320
f 1277 1320 1318
f 1275 1319 1278
f 1306 1317 1318
f 1318 1320 1308
f 1295 1314 1319
f 1320 1319 1310
f 1302 1317 1306
f 1306 1318 1308
f 1320 1310 1308
f 1319 1314 1310
f 1294 1314 1295
f 1296 1298 1321
f 1298 1303 1322
f 1298 1322 1321
f 1303 1323 1322
f 1296 1324 1297
f 1297 1325 1299
f 1299 1326 1300
f 1300 1327 1301
f 1296 1321 1324
f 1297 1324 1325
f 1299 1325 1326
f 1300 1326 1327
f 1301 1327 1328
f 1287 1304 1303
f 1302 1307 1304
f 1303 1304 1323
f 1304 1307 1329
f 1304 1329 1323
f 1306 1309 1307
f 1308 1311 1309
f 1310 1315 1311
f 1314 1313 1315
f 1307 1309 1330
f 1307 1330 1329
f 1309 1331 1330
f 1311 1332 1331
f 1313 1333 1334
f 1309 1311 1331
f 1311 1315 1332
f 1313 1334 1315
f 1313 1312 1333
f 1315 1334 1332
f 1322 1323 1335
f 1323 1329 1336
f 1323 1336 1335
f 1336 1329 1337
f 1324 1321 1338
f 1322 1339 1321
f 1324 1340 1325
f 1325 1341 1326
f 1326 1342 1327
f 1337 1329 1330
f 1321 1339 1338
f 1324 1338 1340
f 1322 1335 1339
f 1339 1343 1338
f 1336 1343 1335
f 1339 1335 1343
f 1325 1340 1341
f 1326 1341 1342
f 1338 1343 1340
f 1340 1343 1341
f 1341 1343 1342
f 1343 1344 1342
f 1337 1330 1345
f 1336 1337 1343
f 1337 1345 1343
f 1345 1346 1343
f 1346 1347 1343
f 1343 1347 1348
f 1343 1348 1349
f 1345 1330 1331
f 1346 1331 1332
f 1332 1334 1347
f 1334 1333 1348
f 1345 1331 1346
f 1346 1332 1347
f 1334 1348 1347
f 1301 1328 1305
f 1328 1350 1305
f 1305 1350 1316
f 1316 1351 1312
f 1316 1350 1351
f 1312 1351 1333
f 1327 1344 1328
f 1328 1352 1350
f 1350 1353 1351
f 1327 1342 1344
f 1328 1344 1352
f 1350 1352 1353
f 1343 1352 1344
f 1343 1353 1352
f 1343 1349 1353
f 1351 1349 1333
f 1353 1349 1351
f 1348 1333 1349
f 1354 1355 1356
f 1357 1358 1359
f 1358 1360 1359
f 1358 1361 1360
f 1362 1363 1364
f 1365 1362 1364
f 1365 1366 1362
f 1365 1364 1367
f 1357 1367 1364
f 1365 1354 1368
f 1365 1367 1354
f 1358 1364 1363
f 1358 1363 1361
f 1357 1364 1358
f 1369 1370 1366
f 1369 1371 1372
f 1371 1373 1374
f 1375 1376 1377
f 1377 1378 1379
f 1354 1356 1368
f 1356 1380 1377
f 1376 1356 1377
f 1375 1379 1381
f 1382 1379 1383
f 1382 1383 1384
f 1375 1377 1379
f 1381 1379 1382
f 1365 1368 1366
f 1369 1376 1371
f 1369 1368 1376
f 1369 1366 1368
f 1368 1356 1376
f 1375 1371 1376
f 1375 1373 1371
f 1375 1381 1373
f 1385 1386 1141
f 1387 1388 1360
f 1387 1151 1388
f 1387 1142 1146
f 1361 1143 1142
f 1361 1142 1387
f 1361 1387 1360
f 1387 1146 1147
f 1387 1147 1151
f 1361 1363 1389
f 1361 1389 1143
f 1385 1389 1363
f 1362 1386 1385
f 1362 1385 1363
f 1385 1153 1389
f 1389 1152 1145
f 1152 1389 1153
f 1389 1145 1144
f 1389 1144 1143
f 1385 1140 1153
f 1385 1141 1140
f 1366 1370 1386
f 1369 1372 1370
f 1386 1154 1141
f 1386 1156 1155
f 1386 1155 1154
f 1386 1370 1156
f 1370 1157 1156
f 1370 1390 1157
f 1371 1374 1372
f 1370 1372 1390
f 1372 1391 1390
f 1372 1374 1391
f 1390 1158 1157
f 1390 1159 1158
f 1390 1160 1159
f 1390 1391 1160
f 1391 1162 1160
f 1391 1163 1162
f 1362 1366 1386
f 1392 1393 1355
f 1354 1392 1355
f 1355 1394 1380
f 1393 1395 1394
f 1355 1393 1394
f 1394 1396 1397
f 1395 1396 1394
f 1398 1399 1400
f 1357 1399 1398
f 1359 1360 1401
f 1402 1399 1359
f 1402 1359 1401
f 1357 1359 1399
f 1398 1400 1403
f 1403 1400 1404
f 1403 1404 1405
f 1399 1406 1400
f 1402 1406 1399
f 1407 1404 1400
f 1406 1407 1400
f 1407 1408 1404
f 1392 1367 1398
f 1354 1367 1392
f 1357 1398 1367
f 1392 1398 1403
f 1392 1403 1393
f 1393 1403 1405
f 1393 1405 1395
f 1395 1409 1396
f 1396 1410 1411
f 1396 1409 1410
f 1404 1408 1412
f 1405 1404 1412
f 1405 1412 1413
f 1413 1412 1414
f 1413 1414 1415
f 1395 1405 1413
f 1395 1413 1409
f 1413 1415 1409
f 1410 1409 1416
f 1410 1417 1418
f 1410 1416 1417
f 1417 1419 1420
f 1409 1415 1416
f 1415 1421 1416
f 1417 1416 1422
f 1416 1421 1422
f 1417 1422 1419
f 1378 1380 1397
f 1377 1380 1378
f 1378 1423 1383
f 1355 1380 1356
f 1397 1411 1423
f 1378 1397 1423
f 1423 1424 1425
f 1380 1394 1397
f 1396 1411 1397
f 1378 1383 1379
f 1383 1425 1384
f 1383 1423 1425
f 1425 1426 1427
f 1384 1425 1427
f 1423 1411 1424
f 1424 1428 1426
f 1424 1411 1418
f 1410 1418 1411
f 1424 1418 1428
f 1418 1420 1428
f 1428 1429 1430
f 1428 1420 1429
f 1424 1426 1425
f 1426 1430 1431
f 1427 1426 1431
f 1426 1428 1430
f 1431 1430 1432
f 1432 1430 1433
f 1430 1429 1433
f 1432 1433 1434
f 1417 1420 1418
f 1360 1388 1401
f 1435 1149 1148
f 1388 1151 1150
f 1388 1150 1149
f 1388 1149 1435
f 1402 1401 1436
f 1388 1435 1437
f 1401 1437 1436
f 1401 1388 1437
f 1435 1148 1438
f 1438 1148 1106
f 1438 1106 1107
f 1438 1107 1108
f 1438 1108 1110
f 1439 1435 1438
f 1440 1437 1435
f 1439 1440 1435
f 1441 1438 1110
f 1442 1110 1109
f 1441 1110 1442
f 1441 1439 1438
f 1402 1436 1443
f 1406 1443 1444
f 1402 1443 1406
f 1445 1436 1437
f 1446 1443 1436
f 1407 1444 1447
f 1406 1444 1407
f 1407 1447 1408
f 1448 1444 1443
f 1445 1446 1436
f 1440 1445 1437
f 1446 1448 1443
f 1440 1449 1445
f 1441 1449 1439
f 1439 1449 1440
f 1445 1449 1446
f 1446 1449 1448
f 1448 1450 1444
f 1450 1447 1444
f 1451 1452 1447
f 1450 1451 1447
f 1448 1449 1450
f 1450 1449 1451
f 1451 1449 1453
f 1451 1453 1452
f 1442 1109 1111
f 1454 1111 1112
f 1442 1111 1454
f 1454 1112 1113
f 1455 1113 1114
f 1454 1113 1455
f 1455 1114 1115
f 1456 1115 1116
f 1455 1115 1456
f 1456 1116 1117
f 1456 1117 1457
f 1457 1117 1118
f 1457 1118 1119
f 1441 1442 1449
f 1442 1454 1449
f 1454 1455 1449
f 1455 1456 1449
f 1456 1457 1449
f 1457 1458 1449
f 1458 1459 1449
f 1457 1119 1458
f 1458 1119 1120
f 1458 1120 1121
f 1458 1121 1459
f 1449 1459 1460
f 1449 1460 1461
f 1453 1449 1462
f 1449 1463 1462
f 1449 1464 1463
f 1449 1465 1464
f 1449 1461 1466
f 1449 1466 1467
f 1449 1467 1465
f 1465 1467 1468
f 1459 1121 1122
f 1459 1122 1123
f 1460 1123 1124
f 1459 1123 1460
f 1460 1124 1125
f 1460 1126 1461
f 1460 1125 1126
f 1466 1461 1469
f 1461 1126 1127
f 1461 1127 1128
f 1461 1128 1469
f 1466 1470 1467
f 1466 1469 1470
f 1469 1128 1130
f 1469 1130 1131
f 1412 1408 1471
f 1447 1452 1408
f 1452 1471 1408
f 1412 1471 1414
f 1471 1472 1414
f 1414 1472 1473
f 1453 1474 1452
f 1452 1474 1471
f 1474 1475 1472
f 1453 1462 1474
f 1462 1475 1474
f 1471 1474 1472
f 1475 1476 1472
f 1472 1476 1473
f 1475 1477 1476
f 1415 1414 1473
f 1415 1473 1421
f 1421 1473 1478
f 1476 1478 1473
f 1476 1479 1478
f 1479 1480 1478
f 1421 1478 1481
f 1478 1480 1481
f 1481 1480 1482
f 1421 1481 1422
f 1481 1483 1422
f 1481 1482 1483
f 1462 1463 1475
f 1463 1464 1477
f 1464 1484 1477
f 1463 1477 1475
f 1464 1465 1484
f 1465 1468 1484
f 1477 1484 1479
f 1476 1477 1479
f 1484 1468 1485
f 1484 1485 1479
f 1467 1470 1468
f 1470 1486 1468
f 1469 1131 1132
f 1470 1469 1132
f 1470 1132 1133
f 1470 1133 1486
f 1485 1468 1486
f 1486 1133 1134
f 1486 1134 1135
f 1486 1135 1487
f 1479 1485 1480
f 1485 1488 1480
f 1480 1488 1482
f 1482 1488 1489
f 1485 1486 1488
f 1486 1487 1488
f 1488 1487 1489
f 1487 1135 1136
f 1487 1136 1137
f 1487 1137 1138
f 1487 1138 1489
f 1489 1138 1216
f 1489 1216 1215
f 1489 1215 1217
f 1373 1490 1491
f 1381 1382 1492
f 1384 1493 1494
f 1382 1384 1494
f 1382 1494 1492
f 1381 1492 1490
f 1381 1490 1373
f 1373 1491 1374
f 1374 1491 1495
f 1374 1495 1391
f 1391 1495 1163
f 1495 1164 1163
f 1495 1165 1164
f 1384 1427 1493
f 1427 1496 1493
f 1427 1431 1496
f 1431 1497 1496
f 1431 1432 1497
f 1432 1498 1497
f 1432 1434 1498
f 1420 1499 1429
f 1433 1429 1500
f 1419 1499 1420
f 1499 1501 1500
f 1429 1499 1500
f 1500 1502 1503
f 1433 1503 1434
f 1433 1500 1503
f 1434 1503 1504
f 1503 1505 1504
f 1419 1422 1483
f 1419 1506 1190
f 1419 1188 1499
f 1419 1189 1188
f 1419 1190 1189
f 1419 1483 1506
f 1499 1188 1191
f 1506 1212 1192
f 1506 1192 1190
f 1506 1483 1507
f 1483 1482 1507
f 1507 1213 1212
f 1506 1507 1212
f 1507 1217 1213
f 1482 1489 1507
f 1489 1217 1507
f 1499 1191 1193
f 1499 1193 1501
f 1501 1193 1195
f 1501 1195 1196
f 1501 1196 1197
f 1500 1501 1502
f 1501 1197 1502
f 1502 1197 1198
f 1502 1198 1199
f 1503 1502 1505
f 1502 1199 1505
f 1505 1201 1508
f 1504 1505 1508
f 1505 1199 1200
f 1505 1200 1201
f 1508 1201 1202
f 1508 1202 1203
f 1508 1203 1204
f 1434 1509 1498
f 1434 1504 1509
f 1504 1510 1509
f 1504 1508 1510
f 1510 1508 1511
f 1508 1204 1511
f 1511 1204 1206
f 1495 840 1165
f 1207 1208 860
f 1492 1512 1490
f 1492 1494 1513
f 1494 1493 1514
f 1490 1515 1491
f 1491 1516 1495
f 1167 1165 840
f 1167 840 1168
f 1168 841 1169
f 1493 1496 1517
f 1496 1497 1518
f 1497 1498 1519
f 1498 1509 1520
f 1172 1169 841
f 1177 1176 850
f 1173 1172 853
f 1173 849 1175
f 1176 1175 849
f 845 1184 1183
f 1186 1184 868
f 1177 850 1179
f 1180 1179 856
f 1182 1180 844
f 1182 844 1183
f 1509 1510 1521
f 1510 1511 1522
f 1511 1206 1523
f 1523 1206 1207
f 1210 860 1208
f 1211 860 1210
f 1211 1221 862
f 1223 862 1221
f 1223 1222 874
f 1186 869 1224
f 1222 1224 869
f 1495 838 840
f 1495 839 838
f 1490 1512 1515
f 1494 1514 1513
f 1493 1517 1514
f 1492 1513 1512
f 1491 1515 1516
f 1495 1516 839
f 1168 840 841
f 1496 1518 1517
f 1497 1519 1518
f 1498 1520 1519
f 1172 841 852
f 853 1172 852
f 1173 853 849
f 849 848 1176
f 850 1176 848
f 845 868 1184
f 1186 868 869
f 844 1180 855
f 1180 856 855
f 850 856 1179
f 844 843 1183
f 845 1183 843
f 859 863 1207
f 1523 1207 863
f 859 1207 860
f 1211 862 861
f 1211 861 860
f 1509 1521 1520
f 1510 1522 1521
f 1511 1523 1522
f 872 1222 869
f 872 874 1222
f 1223 873 862
f 873 1223 874
f 1523 863 864
f 1513 1524 1512
f 1512 1524 1525
f 1524 1526 1527
f 1526 1528 1529
f 1513 1514 1530
f 1530 1531 1532
f 1531 1517 1533
f 1514 1517 1531
f 1531 1533 1534
f 1533 1535 1534
f 1530 1514 1531
f 1532 1531 1534
f 1532 1534 1536
f 1536 1537 1538
f 1534 1535 1537
f 1536 1534 1537
f 1537 1539 1540
f 1513 1530 1524
f 1530 1532 1526
f 1530 1526 1524
f 1532 1528 1526
f 1532 1536 1528
f 1528 1536 1541
f 1537 1540 1538
f 1540 1542 1543
f 1536 1538 1541
f 1538 1544 1545
f 1528 1541 1546
f 1538 1545 1541
f 1544 1547 1545
f 1538 1540 1544
f 1544 1540 1543
f 1544 1543 1548
f 1543 1549 1548
f 1544 1548 1547
f 1549 1550 1551
f 1548 1552 1547
f 1548 1551 1552
f 1549 1551 1548
f 1550 1553 1551
f 1512 1525 1515
f 1524 1527 1525
f 1515 1525 1554
f 1515 1554 1516
f 1525 1527 1555
f 1525 1555 1554
f 1526 1529 1527
f 1528 1546 1529
f 1527 1556 1555
f 1527 1529 1556
f 1529 1557 1556
f 1516 1554 883
f 1516 883 839
f 1554 884 883
f 1554 1555 886
f 1554 885 884
f 1554 886 885
f 1555 887 886
f 1555 890 887
f 1555 1556 890
f 1556 888 890
f 1556 891 888
f 1556 1557 891
f 1529 1546 1557
f 1546 896 1557
f 1557 892 891
f 1557 893 892
f 1557 894 893
f 1557 895 894
f 1557 896 895
f 1541 1558 1546
f 1541 1545 1558
f 1545 1559 1558
f 1545 1547 1559
f 1546 1558 896
f 1558 1559 898
f 1558 897 896
f 1558 898 897
f 1547 1552 1560
f 1547 1560 1559
f 1559 900 898
f 1559 1560 903
f 1559 901 900
f 1559 903 902
f 1559 902 901
f 1560 904 903
f 1551 1561 1552
f 1552 1561 1562
f 1551 1553 1561
f 1561 1553 1563
f 1552 1562 1560
f 1560 1562 904
f 1562 905 904
f 1562 906 905
f 1561 1564 1562
f 1562 1564 906
f 1517 1518 1533
f 1533 1565 1535
f 1533 1518 1565
f 1518 1519 1565
f 1535 1565 1566
f 1565 1567 1566
f 1535 1566 1539
f 1537 1535 1539
f 1539 1568 1542
f 1566 1569 1568
f 1539 1566 1568
f 1568 1570 1571
f 1565 1519 1567
f 1519 1520 1567
f 1567 1569 1566
f 1567 1572 1569
f 1567 1520 1572
f 1569 1572 1573
f 1520 1521 1572
f 1572 1574 1573
f 1574 1575 1573
f 1569 1573 1570
f 1568 1569 1570
f 1570 1576 1577
f 1570 1573 1576
f 1573 1575 1576
f 1576 1575 1578
f 1576 1578 1579
f 1539 1542 1540
f 1542 1571 1580
f 1543 1542 1580
f 1543 1580 1549
f 1580 1581 1549
f 1580 1582 1581
f 1542 1568 1571
f 1571 1577 1582
f 1580 1571 1582
f 1581 1582 1583
f 1582 1577 1584
f 1582 1584 1583
f 1584 1585 1583
f 1581 1550 1549
f 1581 1586 1550
f 1581 1583 1586
f 1586 1587 1588
f 1550 1586 1589
f 1550 1589 1553
f 1586 1588 1589
f 1589 1588 1590
f 1586 1583 1587
f 1583 1585 1587
f 1585 1591 1587
f 1588 1587 1592
f 1587 1591 1592
f 1591 1593 1592
f 1588 1592 1594
f 1592 1593 1595
f 1570 1577 1571
f 1576 1579 1577
f 1577 1579 1584
f 1584 1596 1585
f 1584 1579 1596
f 1596 1579 1597
f 1596 1598 1585
f 1578 1597 1579
f 1596 1599 1598
f 1598 1599 1600
f 1596 1597 1599
f 1599 1601 1600
f 1601 1602 1600
f 1585 1598 1591
f 1591 1598 1603
f 1598 1600 1603
f 1591 1603 1593
f 1593 1603 1604
f 1593 1604 1605
f 1604 1606 1607
f 1603 1608 1604
f 1604 1608 1606
f 1603 1600 1608
f 1600 1602 1608
f 1608 1602 1609
f 1608 1609 1606
f 1589 1610 1553
f 1606 1611 1612
f 1602 1613 1609
f 1609 1613 1614
f 1606 1609 1611
f 1609 1614 1611
f 1611 1614 1615
f 1611 1615 1616
f 1615 1617 1618
f 1615 1614 1619
f 1615 1619 1617
f 1620 953 1621
f 1619 1622 1623
f 1617 1624 1625
f 1617 1619 1623
f 1617 1623 1624
f 1623 1622 1626
f 1623 1626 1627
f 1624 1620 1628
f 1624 1627 1620
f 1624 1623 1627
f 1561 1563 1564
f 1563 910 1564
f 1564 908 906
f 1564 909 908
f 1564 910 909
f 1588 1594 1590
f 1592 1595 1594
f 1593 1605 1595
f 1604 1607 1605
f 1589 1590 1610
f 1553 1610 1563
f 1590 1629 1610
f 1594 1630 1590
f 1594 1631 1630
f 1590 1630 1629
f 1563 1610 1632
f 1563 912 911
f 1563 911 910
f 1563 1632 912
f 1610 1629 1632
f 1632 913 912
f 1632 914 913
f 1629 915 1632
f 1629 916 915
f 1630 924 1629
f 1629 924 917
f 1629 917 916
f 1630 920 925
f 1630 925 924
f 1632 915 914
f 1594 1595 1631
f 1631 1595 1633
f 1630 1631 920
f 1631 1633 1634
f 1633 1635 1636
f 1595 1605 1633
f 1605 1635 1633
f 1605 1607 1635
f 1635 1607 1637
f 1635 1637 926
f 1631 1634 920
f 1634 918 920
f 1634 919 918
f 1633 1636 1634
f 1634 1636 921
f 1634 921 919
f 1636 928 922
f 1636 922 921
f 1635 926 928
f 1635 928 1636
f 927 1637 929
f 1637 927 926
f 1637 930 929
f 1637 1638 930
f 1638 931 930
f 1638 1639 931
f 1639 932 931
f 1639 945 932
f 1639 1640 1641
f 1639 1641 945
f 1641 946 945
f 1642 947 946
f 1641 1642 946
f 1642 948 947
f 1642 1643 948
f 1643 949 948
f 1644 950 949
f 1643 1644 949
f 1644 951 950
f 1606 1612 1607
f 1637 1607 1612
f 1637 1612 1638
f 1638 1612 1616
f 1611 1616 1612
f 1638 1616 1640
f 1638 1640 1639
f 1641 1640 1645
f 1641 1645 1642
f 1640 1616 1618
f 1640 1618 1645
f 1645 1618 1625
f 1615 1618 1616
f 1642 1646 1643
f 1645 1646 1642
f 1643 1647 1644
f 1643 1646 1647
f 1644 1648 951
f 1644 1647 1648
f 1645 1625 1646
f 1646 1625 1628
f 1646 1628 1647
f 1647 1628 1621
f 1647 1621 1648
f 1648 956 952
f 1648 952 951
f 1648 1621 956
f 1620 1621 1628
f 1621 957 956
f 1621 953 957
f 1617 1625 1618
f 1624 1628 1625
f 1620 954 953
f 1627 940 939
f 1626 940 1627
f 1626 941 940
f 1626 936 941
f 1626 937 936
f 1620 938 955
f 1620 1627 938
f 1627 939 938
f 1620 955 954
f 1572 1521 1574
f 1521 1522 1574
f 1574 1522 1649
f 1574 1649 1575
f 1575 1649 1650
f 1522 1523 1649
f 1649 1651 1650
f 1575 1650 1578
f 1578 1652 1597
f 1578 1650 1652
f 1650 1653 1652
f 1652 1654 1655
f 1597 1655 1599
f 1652 1655 1597
f 1599 1655 1601
f 1649 1523 1651
f 1523 865 1651
f 1650 1651 1653
f 1651 958 1653
f 1523 864 865
f 1651 865 961
f 1651 961 959
f 1651 959 958
f 1654 1653 963
f 1652 1653 1654
f 1653 958 960
f 1653 960 963
f 1654 963 962
f 1654 962 1656
f 1654 1656 1657
f 1656 962 964
f 1656 964 970
f 1658 1656 971
f 1656 970 971
f 1658 971 972
f 1655 1654 1657
f 1655 1657 1601
f 1601 1659 1602
f 1659 1613 1602
f 1601 1657 1659
f 1657 1658 1659
f 1659 1660 1613
f 1613 1660 1661
f 1659 1658 1660
f 1657 1656 1658
f 1614 1613 1661
f 1614 1661 1619
f 1658 1662 1660
f 1660 1663 1661
f 1658 972 1662
f 1662 972 973
f 1662 973 974
f 1662 974 968
f 1662 968 1663
f 1663 968 967
f 1663 967 969
f 1663 1622 1661
f 1663 976 1622
f 1660 1662 1663
f 1619 1661 1622
f 1663 975 976
f 1663 969 975
f 1626 976 937
f 1622 976 1626
