v 0.092085 0.046811 0.048677
v 0.091969 0.046869 0.048661
v 0.091802 0.046953 0.048656
v 0.091636 0.047036 0.048648
v 0.091469 0.047120 0.048636
v 0.091303 0.047203 0.048621
v 0.091470 0.047119 0.048736
v 0.090901 0.047404 0.048572
v 0.091160 0.047274 0.048743
v 0.090797 0.047456 0.048731
v 0.090620 0.047545 0.048564
v 0.090475 0.047618 0.048698
v 0.090337 0.047686 0.048469
v 0.089822 0.047944 0.048349
v 0.089985 0.047863 0.048388
v 0.090077 0.047817 0.048630
v 0.093637 0.053372 0.048637
v 0.096498 0.059308 0.048664
v 0.099955 0.050129 0.049478
v 0.099559 0.050327 0.049437
v 0.098981 0.050616 0.049413
v 0.099107 0.050552 0.049589
v 0.103649 0.055101 0.049721
v 0.102150 0.057027 0.049979
v 0.107187 0.060834 0.050221
v 0.107848 0.064510 0.050611
v 0.108067 0.066640 0.050780
v 0.104882 0.062372 0.049940
v 0.112940 0.070311 0.051129
v 0.113361 0.073912 0.051464
v 0.111762 0.073249 0.050879
v 0.111612 0.075108 0.051408
v 0.097250 0.051483 0.049271
v 0.098403 0.050906 0.049378
v 0.097826 0.051195 0.049330
v 0.098949 0.050673 0.049621
v 0.097071 0.051573 0.049701
v 0.096285 0.051928 0.049150
v 0.096868 0.051718 0.049702
v 0.095974 0.052113 0.049671
v 0.101318 0.056738 0.049539
v 0.099031 0.057915 0.049215
v 0.100906 0.058481 0.050035
v 0.099818 0.057455 0.049954
v 0.095529 0.052345 0.049025
v 0.094567 0.052734 0.048852
v 0.093775 0.053126 0.049433
v 0.094829 0.052655 0.049585
v 0.093229 0.053417 0.049332
v 0.102454 0.063453 0.049513
v 0.103902 0.062669 0.049778
v 0.102640 0.066673 0.050291
v 0.105968 0.067680 0.049992
v 0.110457 0.073884 0.050599
v 0.111386 0.078690 0.050515
v 0.108715 0.078656 0.049821
v 0.105268 0.068817 0.050626
v 0.104189 0.069758 0.049443
v 0.103919 0.072346 0.049144
v 0.100766 0.068494 0.048731
v 0.099006 0.065506 0.049669
v 0.106575 0.080554 0.048985
v 0.099473 0.062781 0.049898
v 0.106796 0.077537 0.050643
v 0.103694 0.074030 0.050138
v 0.106337 0.069830 0.050763
v 0.107373 0.068235 0.050835
v 0.119871 0.082274 0.052353
v 0.120678 0.086559 0.052380
v 0.119816 0.083537 0.052256
v 0.112578 0.075405 0.050995
v 0.120235 0.089857 0.052766
v 0.118777 0.090895 0.052589
v 0.118027 0.090661 0.052454
v 0.117502 0.089037 0.051444
v 0.111602 0.080647 0.050471
v 0.114315 0.086729 0.050714
v 0.108848 0.081944 0.049551
v 0.112499 0.090726 0.049714
v 0.114553 0.092577 0.050209
v 0.117737 0.099652 0.050486
v 0.123239 0.113755 0.050794
v 0.114417 0.092438 0.051661
v 0.115379 0.085955 0.052017
v 0.109029 0.080968 0.050960
v 0.111808 0.087256 0.051275
v 0.120929 0.100573 0.051486
v 0.120319 0.097745 0.051564
v 0.121794 0.104518 0.051382
v 0.114814 0.088599 0.051887
v 0.118623 0.099651 0.052334
v 0.122473 0.114577 0.052540
v 0.093283 0.061707 0.047750
v 0.089659 0.048026 0.048309
v 0.089192 0.048259 0.048225
v 0.092124 0.054050 0.048275
v 0.090446 0.054604 0.047894
v 0.089371 0.048170 0.048411
v 0.092688 0.053767 0.048416
v 0.089862 0.055183 0.047907
v 0.090459 0.054818 0.048435
v 0.094515 0.060400 0.048137
v 0.095090 0.063141 0.047957
v 0.090358 0.056486 0.047968
v 0.097730 0.065727 0.048279
v 0.102237 0.075153 0.048332
v 0.102404 0.077936 0.048027
v 0.099128 0.073448 0.047659
v 0.100781 0.081494 0.047068
v 0.096725 0.073097 0.047316
v 0.102465 0.089530 0.046678
v 0.095055 0.067099 0.048132
v 0.097927 0.074703 0.047917
v 0.098648 0.074403 0.048376
v 0.102629 0.082471 0.048756
v 0.106590 0.083098 0.048678
v 0.109032 0.089133 0.048698
v 0.107688 0.090598 0.047986
v 0.103910 0.086289 0.047305
v 0.107118 0.099920 0.046405
v 0.106907 0.096061 0.048422
v 0.111756 0.099184 0.048264
v 0.110070 0.100496 0.047386
v 0.113580 0.108300 0.047608
v 0.108272 0.103796 0.046251
v 0.111859 0.111156 0.046474
v 0.106392 0.101908 0.046237
v 0.102019 0.085947 0.047728
v 0.105775 0.097216 0.047473
v 0.110301 0.107246 0.048233
v 0.108944 0.107598 0.047230
v 0.092079 0.053993 0.049051
v 0.091921 0.054152 0.048981
v 0.093339 0.060537 0.048645
v 0.098827 0.069155 0.049262
v 0.098091 0.070456 0.048831
v 0.102237 0.077808 0.049313
v 0.105056 0.082048 0.049768
v 0.108549 0.087454 0.050349
v 0.104269 0.084260 0.049178
v 0.106956 0.089155 0.049583
v 0.112426 0.094692 0.049179
v 0.115445 0.102622 0.049231
v 0.110808 0.100615 0.049589
v 0.112325 0.110134 0.048864
v 0.112069 0.098094 0.050456
v 0.112774 0.094518 0.051036
v 0.115966 0.104976 0.051158
v 0.120235 0.110131 0.052138
v 0.124373 0.110484 0.051627
v 0.126159 0.115068 0.051753
v 0.131794 0.128093 0.052417
v 0.141279 0.152524 0.051393
v 0.143876 0.151069 0.052025
v 0.143145 0.151836 0.051753
v 0.116422 0.109359 0.048644
v 0.119061 0.119109 0.048306
v 0.127417 0.135375 0.049591
v 0.115787 0.118868 0.046922
v 0.113307 0.121195 0.045651
v 0.118836 0.134350 0.045886
v 0.121583 0.141253 0.046159
v 0.111646 0.117041 0.047049
v 0.119715 0.127334 0.047340
v 0.126527 0.143122 0.048074
v 0.125436 0.134760 0.048797
v 0.116639 0.129014 0.048156
v 0.126229 0.146383 0.047517
v 0.139919 0.161225 0.048372
v 0.129832 0.151484 0.048343
v 0.135930 0.161045 0.048373
v 0.132099 0.157424 0.048500
v 0.133067 0.161965 0.048372
v 0.133646 0.163908 0.048372
v 0.121551 0.116278 0.049789
v 0.115158 0.112034 0.050014
v 0.128362 0.130666 0.050690
v 0.130372 0.137707 0.050508
v 0.119834 0.116296 0.051484
v 0.126619 0.123877 0.050869
v 0.131077 0.136161 0.051008
v 0.133044 0.136243 0.051759
v 0.126458 0.135348 0.052282
v 0.128318 0.137542 0.052627
v 0.114804 0.115276 0.049363
v 0.119426 0.123642 0.050483
v 0.124047 0.137514 0.050966
v 0.118582 0.127901 0.049475
v 0.121907 0.138868 0.049693
v 0.121296 0.126542 0.050993
v 0.133349 0.153823 0.049302
v 0.138053 0.154442 0.050522
v 0.136792 0.153745 0.050293
v 0.135520 0.141194 0.051839
v 0.138932 0.146744 0.051885
v 0.135461 0.155352 0.051425
v 0.133896 0.156324 0.051040
v 0.139501 0.153682 0.050926
v 0.142246 0.159601 0.050911
v 0.141539 0.159955 0.050986
v 0.140784 0.160333 0.050993
v 0.139600 0.160926 0.050963
v 0.136886 0.155013 0.051616
v 0.129872 0.144022 0.049351
v 0.126518 0.147804 0.050320
v 0.130159 0.158047 0.049846
v 0.134069 0.156438 0.049229
v 0.137389 0.161155 0.049764
v 0.135807 0.161300 0.049302
v 0.136053 0.155444 0.049908
v 0.139563 0.160945 0.050297
v 0.138789 0.161331 0.050094
v 0.137377 0.161291 0.050837
v 0.133082 0.156932 0.048869
v 0.134886 0.161383 0.049018
v 0.134975 0.161374 0.049044
v 0.131912 0.157195 0.050489
v 0.135896 0.161459 0.050654
v 0.134913 0.161567 0.050479
v 0.133353 0.162086 0.050071
v 0.129267 0.144860 0.051829
v 0.138624 0.161415 0.050888
v 0.138499 0.161403 0.050887
v 0.137748 0.161326 0.050857
v 0.133394 0.156776 0.050876
v 0.124089 0.090044 0.053137
v 0.121787 0.089490 0.052922
v 0.124008 0.097474 0.052694
v 0.124938 0.091448 0.053260
v 0.127351 0.100377 0.053892
v 0.123554 0.097541 0.053334
v 0.123227 0.099403 0.052322
v 0.129709 0.112881 0.054345
v 0.122277 0.104276 0.053009
v 0.132430 0.113296 0.054021
v 0.132939 0.113331 0.054884
v 0.130226 0.113228 0.053331
v 0.126123 0.100997 0.053746
v 0.136810 0.125761 0.054472
v 0.134407 0.109179 0.054920
v 0.134242 0.110663 0.054702
v 0.135204 0.126711 0.055369
v 0.141005 0.123482 0.055952
v 0.135797 0.111850 0.055175
v 0.144518 0.128101 0.056639
v 0.142799 0.127666 0.056064
v 0.142741 0.130320 0.056163
v 0.138094 0.125389 0.054916
v 0.138930 0.124959 0.056032
v 0.137258 0.125807 0.055765
v 0.139528 0.131942 0.055752
v 0.127846 0.114798 0.053935
v 0.128877 0.115414 0.052689
v 0.125220 0.117246 0.053181
v 0.127406 0.116224 0.053788
v 0.134402 0.131041 0.053055
v 0.137233 0.130073 0.054135
v 0.140879 0.131806 0.054973
v 0.130912 0.129077 0.054241
v 0.134099 0.127426 0.055114
v 0.134701 0.132186 0.054992
v 0.138530 0.133460 0.055511
v 0.142756 0.137571 0.054383
v 0.144844 0.141384 0.054105
v 0.142838 0.137523 0.055041
v 0.139839 0.139031 0.053445
v 0.143391 0.144511 0.053560
v 0.136508 0.135312 0.053137
v 0.140549 0.153027 0.051989
v 0.138922 0.153867 0.051881
v 0.139741 0.139133 0.054673
v 0.124644 0.117607 0.052994
v 0.127081 0.131113 0.052892
v 0.131441 0.135978 0.053783
v 0.130502 0.133095 0.053871
v 0.135305 0.141333 0.053809
v 0.137478 0.148712 0.052770
v 0.132539 0.142457 0.053099
v 0.144966 0.164547 0.055638
v 0.139731 0.162113 0.055581
v 0.136116 0.161920 0.055589
v 0.142757 0.168800 0.060388
v 0.140061 0.166500 0.060390
v 0.135884 0.166213 0.060388
v 0.111633 0.120596 0.045576
v 0.114073 0.130159 0.045199
v 0.117053 0.134825 0.045130
v 0.119039 0.141734 0.045094
v 0.115128 0.134846 0.045435
v 0.120067 0.141851 0.048067
v 0.126993 0.159101 0.046722
v 0.118072 0.144740 0.044966
v 0.120240 0.147676 0.046781
v 0.124940 0.158380 0.046564
v 0.123212 0.150167 0.048209
v 0.128938 0.157727 0.047419
v 0.131711 0.164877 0.047649
v 0.129554 0.165958 0.047138
v 0.133145 0.164159 0.048183
v 0.132429 0.164517 0.047913
v 0.129647 0.164577 0.048249
v 0.130471 0.163555 0.048837
v 0.126501 0.159213 0.047959
v 0.129952 0.165758 0.047933
v 0.126600 0.168279 0.048375
v 0.127116 0.177190 0.048373
v 0.124559 0.146683 0.049628
v 0.132514 0.162371 0.049798
v 0.128509 0.159222 0.048959
v 0.130418 0.158266 0.049863
v 0.132891 0.162991 0.055581
v 0.128432 0.166565 0.055561
v 0.127523 0.176122 0.055638
v 0.133599 0.167506 0.060387
v 0.132626 0.168510 0.060387
v 0.131901 0.169705 0.060387
v 0.131460 0.171031 0.060387
v 0.131325 0.172422 0.060387
v 0.131720 0.174607 0.060388
v 0.145969 0.164201 0.048375
v 0.149156 0.173830 0.048375
v 0.157234 0.200455 0.044886
v 0.152548 0.190012 0.046241
v 0.156567 0.201196 0.046593
v 0.153961 0.200728 0.045697
v 0.148282 0.197436 0.047678
v 0.144877 0.179044 0.047211
v 0.149654 0.187310 0.047873
v 0.145690 0.178641 0.047387
v 0.144143 0.179412 0.047404
v 0.143420 0.179774 0.047649
v 0.148052 0.185732 0.046726
v 0.145594 0.179967 0.048289
v 0.144804 0.181001 0.048746
v 0.142702 0.180133 0.047913
v 0.141986 0.180492 0.048183
v 0.146744 0.191414 0.047622
v 0.159326 0.207524 0.044856
v 0.156961 0.205359 0.044958
v 0.161936 0.221950 0.046925
v 0.155953 0.204465 0.047787
v 0.154370 0.205781 0.049063
v 0.143706 0.181641 0.049325
v 0.142560 0.182312 0.049813
v 0.147164 0.186976 0.049071
v 0.151764 0.202446 0.049890
v 0.148260 0.173262 0.055638
v 0.144988 0.179733 0.055599
v 0.143628 0.170843 0.060387
v 0.143806 0.172229 0.060387
v 0.143671 0.173620 0.060387
v 0.143230 0.174946 0.060387
v 0.142158 0.176602 0.060388
v 0.137565 0.172325 0.048372
v 0.141485 0.180743 0.048372
v 0.142064 0.182686 0.048372
v 0.141393 0.183002 0.048491
v 0.137741 0.183671 0.048372
v 0.142450 0.189351 0.048931
v 0.133006 0.183027 0.048374
v 0.156713 0.212760 0.046062
v 0.156853 0.219465 0.047035
v 0.161435 0.222564 0.045639
v 0.158676 0.222943 0.046779
v 0.148860 0.207353 0.048786
v 0.146592 0.207030 0.049752
v 0.162926 0.232772 0.048506
v 0.166471 0.237724 0.047093
v 0.161982 0.233870 0.047048
v 0.160164 0.234318 0.047882
v 0.148194 0.214218 0.050109
v 0.153265 0.225865 0.049574
v 0.158087 0.234314 0.048760
v 0.140986 0.183030 0.048758
v 0.140242 0.183269 0.049016
v 0.143255 0.188035 0.048510
v 0.141404 0.182686 0.050185
v 0.145657 0.190934 0.050374
v 0.140192 0.183091 0.050483
v 0.138863 0.183232 0.050711
v 0.139310 0.183352 0.049306
v 0.137747 0.183495 0.049765
v 0.137442 0.183458 0.049837
v 0.138236 0.189711 0.050191
v 0.146894 0.199783 0.051487
v 0.150113 0.205864 0.051228
v 0.144018 0.199563 0.049689
v 0.137731 0.183361 0.050837
v 0.141321 0.188279 0.051018
v 0.136610 0.183245 0.050887
v 0.136507 0.183235 0.050888
v 0.144889 0.196243 0.051524
v 0.147670 0.207300 0.052429
v 0.136337 0.183320 0.050100
v 0.139163 0.195705 0.050782
v 0.143646 0.207205 0.050975
v 0.135531 0.183724 0.050963
v 0.139372 0.189602 0.051506
v 0.137523 0.190225 0.051745
v 0.134347 0.184317 0.050993
v 0.133592 0.184695 0.050986
v 0.134758 0.191466 0.051164
v 0.132885 0.185049 0.050911
v 0.135839 0.190859 0.051903
v 0.133094 0.192210 0.051990
v 0.141094 0.207717 0.052021
v 0.136241 0.201673 0.052517
v 0.153321 0.211107 0.050404
v 0.155843 0.221322 0.050451
v 0.160761 0.230830 0.049345
v 0.146351 0.214416 0.050923
v 0.162228 0.239291 0.049848
v 0.155941 0.234844 0.049728
v 0.151942 0.221120 0.052095
v 0.146749 0.209720 0.052996
v 0.143843 0.215763 0.052130
v 0.157451 0.232657 0.051086
v 0.156506 0.234446 0.051607
v 0.154124 0.231108 0.052127
v 0.131442 0.193099 0.051928
v 0.138776 0.210352 0.053221
v 0.151950 0.229984 0.050658
v 0.141009 0.210014 0.052402
v 0.142132 0.217784 0.053004
v 0.154811 0.241583 0.051013
v 0.146377 0.229903 0.052709
v 0.164564 0.233475 0.046006
v 0.167282 0.237879 0.046057
v 0.168335 0.245601 0.046427
v 0.173583 0.257789 0.046708
v 0.168611 0.250476 0.048597
v 0.166940 0.247506 0.048901
v 0.173292 0.259399 0.047793
v 0.164121 0.243674 0.047697
v 0.166118 0.250038 0.047888
v 0.170421 0.258161 0.047542
v 0.171556 0.257669 0.048410
v 0.168449 0.258241 0.048242
v 0.171191 0.266897 0.048507
v 0.178148 0.270892 0.047270
v 0.176504 0.269126 0.047269
v 0.178552 0.271904 0.047307
v 0.174286 0.268085 0.048968
v 0.177674 0.271316 0.047973
v 0.175740 0.272790 0.047949
v 0.172372 0.267006 0.048177
v 0.177193 0.273431 0.048657
v 0.176410 0.276685 0.048253
v 0.183701 0.285525 0.047726
v 0.181911 0.284852 0.048724
v 0.179217 0.284810 0.048494
v 0.185269 0.289468 0.047907
v 0.186037 0.296338 0.048197
v 0.184790 0.289379 0.048293
v 0.184137 0.290035 0.047996
v 0.183571 0.290318 0.048133
v 0.183007 0.290600 0.048275
v 0.185799 0.296461 0.048239
v 0.185635 0.296543 0.048271
v 0.185472 0.296625 0.048309
v 0.184121 0.290058 0.048661
v 0.182442 0.290883 0.048416
v 0.185533 0.296594 0.048499
v 0.160982 0.239544 0.050434
v 0.160877 0.246043 0.049328
v 0.165109 0.253971 0.050519
v 0.165138 0.255998 0.049104
v 0.171975 0.267192 0.049665
v 0.168055 0.256021 0.049701
v 0.169201 0.265140 0.050295
v 0.161588 0.247816 0.051092
v 0.177948 0.282353 0.049520
v 0.178038 0.278572 0.049106
v 0.173063 0.272534 0.049887
v 0.178649 0.282168 0.049328
v 0.183210 0.290499 0.048981
v 0.182411 0.290908 0.049205
v 0.175188 0.278467 0.048765
v 0.181877 0.291166 0.048553
v 0.185309 0.296706 0.048349
v 0.184961 0.296880 0.048431
v 0.184378 0.297172 0.048549
v 0.184511 0.297106 0.048564
v 0.184851 0.296936 0.048672
v 0.183994 0.297365 0.048602
v 0.184194 0.297264 0.048741
v 0.183828 0.297448 0.048621
v 0.183662 0.297531 0.048636
v 0.183495 0.297614 0.048648
v 0.183329 0.297698 0.048656
v 0.183162 0.297781 0.048661
v 0.183506 0.297609 0.048728
v 0.183046 0.297839 0.048672
v 0.160890 0.252801 0.050197
v 0.157811 0.244664 0.050292
v 0.163863 0.259073 0.049907
v 0.168719 0.268401 0.049442
v 0.162228 0.257456 0.050239
v 0.160518 0.259758 0.050955
v 0.166577 0.268731 0.050036
v 0.162113 0.254257 0.051407
v 0.159872 0.251314 0.051811
v 0.156089 0.245641 0.052454
v 0.153693 0.243132 0.051562
v 0.154146 0.247167 0.051796
v 0.156101 0.253645 0.051750
v 0.150281 0.241638 0.052534
v 0.159554 0.253580 0.051974
v 0.158095 0.252267 0.052239
v 0.167308 0.266163 0.050815
v 0.166320 0.266563 0.051025
v 0.159274 0.258935 0.051218
v 0.164579 0.268062 0.051309
v 0.158565 0.256452 0.052214
v 0.151469 0.248382 0.052671
v 0.161267 0.266173 0.051153
v 0.159120 0.269166 0.051677
v 0.158733 0.259206 0.052167
v 0.158001 0.259341 0.051580
v 0.157711 0.259718 0.052283
v 0.166368 0.275917 0.050946
v 0.159393 0.264612 0.051955
v 0.156670 0.258848 0.051892
v 0.154899 0.261768 0.052419
v 0.160702 0.269110 0.051627
v 0.170213 0.267974 0.048958
v 0.171756 0.274650 0.049251
v 0.175978 0.280600 0.049792
v 0.175200 0.282412 0.049103
v 0.173451 0.276067 0.050052
v 0.171648 0.274886 0.050335
v 0.170605 0.276093 0.050538
v 0.170416 0.276502 0.049715
v 0.171579 0.281713 0.049725
v 0.168135 0.276273 0.050159
v 0.165961 0.270103 0.050278
v 0.181902 0.291234 0.049332
v 0.177415 0.286018 0.048946
v 0.180992 0.291604 0.048756
v 0.180173 0.292020 0.048921
v 0.180944 0.291633 0.049495
v 0.179985 0.292105 0.049617
v 0.177314 0.286193 0.049792
v 0.175172 0.287159 0.049362
v 0.172187 0.288428 0.049680
v 0.179247 0.292465 0.049086
v 0.178456 0.292880 0.049200
v 0.179086 0.292595 0.049677
v 0.177881 0.293168 0.049271
v 0.178060 0.293078 0.049701
v 0.177481 0.293368 0.049691
v 0.177305 0.293456 0.049330
v 0.176728 0.293745 0.049378
v 0.176904 0.293657 0.049662
v 0.175981 0.286861 0.049922
v 0.175060 0.286652 0.049987
v 0.166343 0.269912 0.051061
v 0.164251 0.271456 0.050721
v 0.166537 0.277073 0.050463
v 0.168372 0.284219 0.050153
v 0.169761 0.282717 0.049991
v 0.168949 0.277155 0.050713
v 0.167950 0.279906 0.050627
v 0.162089 0.273473 0.051138
v 0.172522 0.290689 0.049687
v 0.176150 0.294034 0.049413
v 0.176326 0.293946 0.049617
v 0.175572 0.294324 0.049437
v 0.175176 0.294522 0.049478
v 0.175750 0.294234 0.049556
v 0.173665 0.287281 0.050005
v 0.162932 0.271597 0.050966
v 0.165209 0.277738 0.050856
v 0.162547 0.275041 0.051104
v 0.140192 0.182598 0.055610
v 0.142570 0.210317 0.054342
v 0.140910 0.211944 0.054924
v 0.139402 0.209697 0.054877
v 0.135400 0.182538 0.055581
v 0.132168 0.181331 0.055592
v 0.144629 0.211556 0.053871
v 0.149777 0.226330 0.053162
v 0.139848 0.178171 0.060388
v 0.137662 0.178566 0.060387
v 0.135070 0.178150 0.060390
v 0.132747 0.176292 0.060387
v 0.133381 0.206702 0.054944
v 0.130935 0.208019 0.055167
v 0.135996 0.205174 0.054585
v 0.130777 0.197886 0.052924
v 0.133686 0.212917 0.055126
v 0.131538 0.214009 0.055823
v 0.130272 0.213503 0.056170
v 0.140484 0.217581 0.053596
v 0.139040 0.218317 0.054176
v 0.137062 0.211984 0.054015
v 0.149641 0.232266 0.053467
v 0.153474 0.234769 0.052591
v 0.148254 0.233226 0.053815
v 0.146453 0.238170 0.054181
v 0.150334 0.242687 0.053551
v 0.136642 0.214940 0.055868
v 0.146180 0.228622 0.054151
v 0.137538 0.213022 0.055644
v 0.143905 0.229162 0.054618
v 0.133426 0.218549 0.055964
v 0.137964 0.219336 0.054611
v 0.145835 0.236937 0.053501
v 0.147780 0.244274 0.053892
v 0.146429 0.246216 0.053950
v 0.136735 0.219334 0.055959
v 0.133823 0.213624 0.056013
v 0.135089 0.220160 0.056189
v 0.132681 0.220869 0.056417
v 0.136219 0.226930 0.055779
v 0.141376 0.231641 0.054976
v 0.139871 0.231665 0.054854
v 0.139698 0.233494 0.055089
v 0.154289 0.246915 0.052868
v 0.153127 0.247496 0.053081
v 0.148562 0.242524 0.053111
v 0.153386 0.252109 0.053007
v 0.147353 0.243130 0.053486
v 0.149147 0.249489 0.053315
v 0.149619 0.249253 0.053508
v 0.148444 0.249842 0.053581
v 0.154047 0.260060 0.052570
v 0.153196 0.254819 0.052960
v -0.044883 0.076261 0.048661
v -0.044765 0.076405 0.048656
v -0.044647 0.076549 0.048648
v -0.044966 0.076161 0.048677
v -0.044529 0.076693 0.048636
v -0.044411 0.076837 0.048621
v -0.044125 0.077185 0.048572
v -0.044417 0.076829 0.048744
v -0.043926 0.077427 0.048564
v -0.044052 0.077274 0.048731
v -0.043725 0.077671 0.048469
v -0.043360 0.078116 0.048349
v -0.043475 0.077975 0.048388
v -0.043823 0.077553 0.048698
v -0.043540 0.077896 0.048630
v -0.049150 0.081292 0.048685
v -0.048748 0.081782 0.048553
v -0.053069 0.087035 0.048292
v -0.068884 0.098807 0.048816
v -0.053505 0.075991 0.049478
v -0.053224 0.076333 0.049437
v -0.052902 0.076722 0.049589
v -0.052813 0.076832 0.049413
v -0.058902 0.079031 0.049721
v -0.058246 0.081467 0.049983
v -0.067243 0.084742 0.050528
v -0.064645 0.083772 0.050178
v -0.063886 0.084859 0.050061
v -0.063336 0.084466 0.050352
v -0.062832 0.085434 0.049890
v -0.074621 0.089598 0.051272
v -0.071196 0.087966 0.050979
v -0.079097 0.093592 0.051649
v -0.073590 0.093822 0.051355
v -0.051585 0.078328 0.049271
v -0.052403 0.077332 0.049378
v -0.051994 0.077830 0.049330
v -0.051833 0.078012 0.049697
v -0.055364 0.080378 0.049467
v -0.050769 0.079321 0.049120
v -0.059059 0.081970 0.049650
v -0.051083 0.078690 0.049668
v -0.055896 0.084383 0.049897
v -0.050363 0.079816 0.049025
v -0.053258 0.082933 0.048988
v -0.050181 0.080009 0.049628
v -0.048119 0.082519 0.049123
v -0.049085 0.081297 0.049430
v -0.057054 0.084754 0.049209
v -0.057977 0.089117 0.049722
v -0.066888 0.090569 0.049960
v -0.061382 0.087658 0.049474
v -0.070047 0.095179 0.049833
v -0.062211 0.085841 0.049778
v -0.063031 0.087821 0.050423
v -0.061553 0.089587 0.050193
v -0.072654 0.092165 0.050730
v -0.072474 0.095412 0.050261
v -0.065339 0.092110 0.050471
v -0.060554 0.089053 0.049139
v -0.060024 0.090663 0.048765
v -0.068524 0.096024 0.049358
v -0.075573 0.102131 0.049606
v -0.061303 0.091001 0.049977
v -0.065454 0.096238 0.049912
v -0.067308 0.091913 0.050739
v -0.067243 0.089005 0.050801
v -0.088370 0.099893 0.052769
v -0.085990 0.099454 0.052288
v -0.078832 0.096281 0.051345
v -0.078690 0.096045 0.051832
v -0.081971 0.100817 0.052093
v -0.083128 0.100994 0.051524
v -0.093618 0.106344 0.052947
v -0.091706 0.107439 0.052366
v -0.087218 0.106036 0.052540
v -0.080396 0.101947 0.050774
v -0.080999 0.104293 0.050450
v -0.084953 0.111355 0.049776
v -0.074824 0.104433 0.050399
v -0.088722 0.111901 0.050688
v -0.077166 0.100241 0.051455
v -0.075874 0.101674 0.051081
v -0.081631 0.110449 0.050807
v -0.087446 0.106245 0.051598
v -0.091460 0.111393 0.051527
v -0.084999 0.107360 0.052038
v -0.105987 0.121375 0.053104
v -0.091862 0.111993 0.052757
v -0.100348 0.120691 0.051751
v -0.083235 0.108659 0.051517
v -0.043244 0.078257 0.048309
v -0.042912 0.078660 0.048225
v -0.047946 0.082758 0.048275
v -0.047545 0.083246 0.048133
v -0.043039 0.078507 0.048411
v -0.048346 0.082270 0.048416
v -0.046738 0.084137 0.048435
v -0.050188 0.087515 0.047806
v -0.046739 0.084227 0.047881
v -0.046340 0.084713 0.047907
v -0.047323 0.085701 0.047968
v -0.063583 0.099061 0.047585
v -0.069809 0.103261 0.047924
v -0.060815 0.093267 0.048384
v -0.059802 0.093806 0.048069
v -0.067926 0.099304 0.048498
v -0.059944 0.095623 0.048715
v -0.056876 0.095248 0.047483
v -0.072809 0.108721 0.047187
v -0.061669 0.098818 0.047311
v -0.061647 0.099265 0.047917
v -0.048693 0.086211 0.048403
v -0.078725 0.108363 0.048872
v -0.083788 0.115241 0.048337
v -0.070560 0.108109 0.046878
v -0.067050 0.104452 0.048003
v -0.079038 0.115397 0.046938
v -0.075641 0.111717 0.048595
v -0.084982 0.119112 0.047545
v -0.085210 0.123031 0.048148
v -0.086126 0.118077 0.048220
v -0.092713 0.124623 0.048289
v -0.068121 0.107009 0.046921
v -0.080309 0.120493 0.046190
v -0.086233 0.125370 0.046099
v -0.091846 0.131729 0.045834
v -0.082693 0.122192 0.047163
v -0.054335 0.087535 0.049354
v -0.053945 0.088440 0.049103
v -0.058181 0.094218 0.048634
v -0.064757 0.097594 0.049456
v -0.068050 0.102758 0.048973
v -0.074116 0.106820 0.049618
v -0.072981 0.103870 0.050060
v -0.079460 0.114495 0.049021
v -0.086286 0.114463 0.049328
v -0.095340 0.122200 0.049864
v -0.086525 0.121469 0.049318
v -0.086980 0.117424 0.050667
v -0.091962 0.126676 0.049671
v -0.092050 0.121319 0.051215
v -0.103941 0.124840 0.051738
v -0.104016 0.126338 0.051369
v -0.129010 0.148103 0.052047
v -0.134283 0.152036 0.051642
v -0.134779 0.150948 0.051943
v -0.096973 0.130195 0.047949
v -0.105210 0.134999 0.049240
v -0.095198 0.133584 0.046308
v -0.097298 0.138587 0.045525
v -0.087896 0.129483 0.045846
v -0.104418 0.144888 0.045804
v -0.101645 0.135738 0.047767
v -0.092933 0.134466 0.046828
v -0.095943 0.137723 0.047038
v -0.100467 0.137854 0.049329
v -0.104503 0.140307 0.047286
v -0.112282 0.145144 0.048471
v -0.102738 0.144291 0.047848
v -0.135201 0.161227 0.048372
v -0.141938 0.161486 0.048375
v -0.117533 0.153834 0.047642
v -0.121181 0.155037 0.048469
v -0.125657 0.160824 0.048302
v -0.131483 0.162685 0.048373
v -0.130667 0.163419 0.049018
v -0.129242 0.164690 0.048372
v -0.130561 0.166230 0.048372
v -0.101444 0.127694 0.050190
v -0.115059 0.139345 0.051212
v -0.096855 0.130239 0.050388
v -0.117420 0.144772 0.050333
v -0.117852 0.143899 0.050706
v -0.101898 0.130260 0.052012
v -0.103892 0.130151 0.052605
v -0.101555 0.132978 0.051264
v -0.113259 0.136354 0.051515
v -0.119626 0.140030 0.052348
v -0.105068 0.135915 0.051674
v -0.112322 0.143047 0.052256
v -0.115378 0.146093 0.052287
v -0.111273 0.146856 0.050774
v -0.108621 0.148679 0.049040
v -0.113015 0.154848 0.048529
v -0.108436 0.142041 0.051193
v -0.131062 0.155044 0.050722
v -0.136666 0.158798 0.050911
v -0.129506 0.156215 0.050217
v -0.134761 0.161116 0.050297
v -0.122025 0.145947 0.051247
v -0.128370 0.158155 0.051314
v -0.132129 0.153704 0.051986
v -0.131751 0.154506 0.050926
v -0.136164 0.159408 0.050986
v -0.135628 0.160061 0.050993
v -0.134788 0.161084 0.050963
v -0.129897 0.156358 0.051682
v -0.129597 0.157178 0.051542
v -0.128064 0.158286 0.049479
v -0.121038 0.152294 0.049182
v -0.117281 0.154824 0.050125
v -0.127909 0.159233 0.049229
v -0.132864 0.162190 0.049763
v -0.132189 0.162569 0.049545
v -0.131480 0.162965 0.049304
v -0.134212 0.161784 0.050094
v -0.131620 0.163077 0.050654
v -0.131013 0.163223 0.049132
v -0.127126 0.160033 0.050805
v -0.130766 0.163576 0.050479
v -0.129552 0.164686 0.050071
v -0.123416 0.158401 0.050603
v -0.123372 0.154531 0.051611
v -0.117208 0.151812 0.051056
v -0.133976 0.161967 0.050887
v -0.134095 0.161928 0.050888
v -0.133259 0.162203 0.050857
v -0.132905 0.162322 0.050837
v -0.087641 0.102065 0.052730
v -0.092660 0.103306 0.053205
v -0.099218 0.112029 0.053284
v -0.101183 0.109912 0.054113
v -0.100323 0.111017 0.054039
v -0.087806 0.104874 0.052688
v -0.093770 0.108252 0.053312
v -0.102326 0.116347 0.053220
v -0.099753 0.112235 0.053938
v -0.096793 0.115315 0.053293
v -0.089569 0.114316 0.051985
v -0.109622 0.117771 0.054663
v -0.107910 0.120591 0.053753
v -0.107801 0.122283 0.054526
v -0.121671 0.132173 0.054980
v -0.121300 0.133103 0.054628
v -0.109793 0.116479 0.054992
v -0.120154 0.125971 0.055854
v -0.123396 0.128975 0.055992
v -0.116586 0.121894 0.055779
v -0.125144 0.128859 0.056581
v -0.127039 0.131166 0.056256
v -0.109752 0.119717 0.054947
v -0.119505 0.128565 0.056022
v -0.117930 0.130504 0.055660
v -0.095508 0.112545 0.053332
v -0.105033 0.123759 0.053881
v -0.103884 0.127029 0.053181
v -0.102146 0.126635 0.052824
v -0.111493 0.128217 0.053105
v -0.118185 0.136403 0.052984
v -0.121281 0.136628 0.053678
v -0.113231 0.136368 0.053955
v -0.114460 0.134712 0.054503
v -0.108633 0.127015 0.054234
v -0.116096 0.132714 0.055108
v -0.121736 0.136074 0.055441
v -0.130234 0.137435 0.054939
v -0.125384 0.142832 0.052842
v -0.132498 0.143421 0.053575
v -0.130194 0.140723 0.053972
v -0.133367 0.152365 0.052010
v -0.127134 0.139728 0.053929
v -0.127406 0.139218 0.054944
v -0.131066 0.155065 0.051865
v -0.126053 0.141117 0.054673
v -0.115167 0.140323 0.053662
v -0.119622 0.138606 0.054791
v -0.117187 0.141612 0.053783
v -0.122336 0.145568 0.053617
v -0.123973 0.143508 0.054178
v -0.121289 0.146843 0.053217
v -0.120312 0.147747 0.052864
v -0.135390 0.162115 0.055581
v -0.132009 0.163409 0.055589
v -0.139605 0.166390 0.060387
v -0.136828 0.166093 0.060388
v -0.103968 0.147151 0.045081
v -0.107985 0.148894 0.045793
v -0.109265 0.155902 0.045015
v -0.102707 0.148272 0.044948
v -0.107288 0.152270 0.046611
v -0.114013 0.157691 0.045618
v -0.112562 0.157468 0.046839
v -0.119447 0.164036 0.046673
v -0.123746 0.162498 0.047419
v -0.129188 0.167902 0.047649
v -0.128371 0.168874 0.047358
v -0.130205 0.166663 0.048183
v -0.129697 0.167282 0.047913
v -0.127180 0.168467 0.048249
v -0.122706 0.165567 0.047756
v -0.127561 0.169886 0.047288
v -0.125902 0.173089 0.048375
v -0.122449 0.163950 0.048488
v -0.127517 0.167198 0.048837
v -0.123577 0.163233 0.049152
v -0.125318 0.162388 0.049863
v -0.128902 0.165286 0.049798
v -0.129498 0.165699 0.055581
v -0.126879 0.170778 0.055561
v -0.133545 0.167427 0.060390
v -0.131982 0.169536 0.060387
v -0.131502 0.170849 0.060387
v -0.131325 0.172235 0.060387
v -0.131461 0.173626 0.060387
v -0.131904 0.174952 0.060387
v -0.148766 0.168985 0.048375
v -0.147565 0.174784 0.047288
v -0.166975 0.190023 0.044886
v -0.156820 0.181653 0.046168
v -0.161519 0.186533 0.047246
v -0.156299 0.184591 0.046530
v -0.163215 0.191776 0.046037
v -0.147214 0.175219 0.048021
v -0.148008 0.176041 0.048289
v -0.151817 0.179823 0.048409
v -0.146456 0.176124 0.047404
v -0.145943 0.176749 0.047649
v -0.149795 0.182847 0.047987
v -0.145434 0.177369 0.047913
v -0.144926 0.177988 0.048183
v -0.163988 0.191805 0.048527
v -0.172791 0.196920 0.044977
v -0.165038 0.190510 0.047554
v -0.171332 0.197938 0.045123
v -0.169836 0.198875 0.045826
v -0.172186 0.197640 0.046578
v -0.165898 0.195684 0.049208
v -0.147707 0.177306 0.048746
v -0.152337 0.182019 0.049142
v -0.146964 0.178338 0.049325
v -0.148591 0.183142 0.050378
v -0.161440 0.197604 0.051607
v -0.163471 0.197372 0.050819
v -0.141162 0.162210 0.055638
v -0.147717 0.168831 0.055638
v -0.147359 0.176074 0.055599
v -0.141527 0.167503 0.060387
v -0.142501 0.168505 0.060387
v -0.143227 0.169699 0.060387
v -0.143670 0.171025 0.060387
v -0.143806 0.172416 0.060387
v -0.143500 0.174364 0.060388
v -0.132495 0.182477 0.048372
v -0.144570 0.178421 0.048372
v -0.145889 0.179960 0.048372
v -0.145440 0.180492 0.048498
v -0.148620 0.183715 0.048500
v -0.142341 0.182619 0.048372
v -0.159102 0.191759 0.047407
v -0.148574 0.185151 0.048853
v -0.158086 0.192641 0.048013
v -0.155361 0.193366 0.049094
v -0.137753 0.183956 0.048374
v -0.129222 0.180110 0.048372
v -0.170471 0.201696 0.046486
v -0.185362 0.214208 0.047041
v -0.179529 0.208288 0.045623
v -0.161588 0.195951 0.047801
v -0.173906 0.204056 0.048616
v -0.162753 0.200472 0.048815
v -0.182809 0.214165 0.048450
v -0.185659 0.216806 0.048161
v -0.182969 0.216872 0.047114
v -0.185062 0.217007 0.046507
v -0.173190 0.211128 0.048581
v -0.174677 0.213342 0.048772
v -0.183192 0.219762 0.047955
v -0.144461 0.181235 0.049016
v -0.143644 0.181689 0.049306
v -0.146190 0.179417 0.049813
v -0.145287 0.180229 0.050184
v -0.144344 0.181092 0.050483
v -0.142274 0.182456 0.049765
v -0.141981 0.182546 0.049837
v -0.140915 0.182869 0.050100
v -0.145813 0.187132 0.049908
v -0.156699 0.193692 0.051640
v -0.151112 0.190906 0.049620
v -0.143187 0.181761 0.050711
v -0.146133 0.186883 0.051442
v -0.142205 0.182340 0.050837
v -0.141036 0.182723 0.050888
v -0.141134 0.182690 0.050887
v -0.150892 0.186847 0.050930
v -0.154615 0.198682 0.053348
v -0.138705 0.185560 0.050817
v -0.146606 0.188506 0.050049
v -0.158851 0.200012 0.050001
v -0.159426 0.204076 0.051063
v -0.140343 0.183566 0.050963
v -0.139503 0.184590 0.050993
v -0.138967 0.185242 0.050986
v -0.143968 0.190070 0.050826
v -0.143527 0.189958 0.051903
v -0.138431 0.185895 0.050954
v -0.144099 0.191058 0.051002
v -0.141658 0.192696 0.051582
v -0.148394 0.193400 0.052662
v -0.158491 0.206604 0.052100
v -0.168574 0.204172 0.050950
v -0.177238 0.211062 0.049727
v -0.175567 0.216392 0.049413
v -0.183724 0.221501 0.050543
v -0.165217 0.204463 0.052206
v -0.160263 0.198983 0.052285
v -0.162582 0.210667 0.051943
v -0.174882 0.218664 0.052470
v -0.180585 0.223110 0.051854
v -0.140794 0.193243 0.051738
v -0.154835 0.204853 0.052592
v -0.178157 0.222763 0.050451
v -0.160084 0.210657 0.052722
v -0.173133 0.221283 0.051544
v -0.159027 0.212872 0.053559
v -0.173936 0.224904 0.052207
v -0.191376 0.220125 0.046057
v -0.191310 0.222109 0.046217
v -0.203029 0.233324 0.046653
v -0.196214 0.226991 0.047466
v -0.194831 0.227895 0.048540
v -0.205619 0.237339 0.047793
v -0.199318 0.232408 0.046982
v -0.194205 0.230160 0.047731
v -0.188685 0.227117 0.048482
v -0.181540 0.222443 0.049314
v -0.200078 0.237185 0.048098
v -0.206730 0.240586 0.047366
v -0.205997 0.238040 0.046950
v -0.200456 0.236240 0.049377
v -0.201633 0.237903 0.047914
v -0.208555 0.244561 0.049339
v -0.197470 0.236719 0.048698
v -0.206877 0.245713 0.048652
v -0.214401 0.245474 0.047317
v -0.216428 0.248716 0.048191
v -0.214438 0.246736 0.047347
v -0.222693 0.254891 0.047736
v -0.209054 0.243753 0.048936
v -0.221876 0.253906 0.048261
v -0.208673 0.243530 0.047711
v -0.213329 0.248087 0.047830
v -0.221506 0.255319 0.047951
v -0.211163 0.248158 0.048290
v -0.228532 0.259617 0.047947
v -0.219854 0.255721 0.048291
v -0.228391 0.260424 0.047881
v -0.228455 0.260404 0.048360
v -0.227987 0.260916 0.047996
v -0.227586 0.261405 0.048133
v -0.227185 0.261892 0.048275
v -0.232003 0.266252 0.048271
v -0.231887 0.266393 0.048309
v -0.227575 0.261435 0.048875
v -0.226784 0.262380 0.048416
v -0.232245 0.265958 0.048237
v -0.231931 0.266340 0.048499
v -0.187327 0.222508 0.049573
v -0.194178 0.231510 0.049953
v -0.190953 0.230806 0.050741
v -0.187466 0.228448 0.049244
v -0.192053 0.232886 0.049145
v -0.209324 0.247610 0.049843
v -0.197823 0.237022 0.050317
v -0.202226 0.242337 0.050371
v -0.187162 0.228597 0.051269
v -0.191861 0.233322 0.051036
v -0.213217 0.249111 0.049261
v -0.221926 0.255541 0.048779
v -0.216862 0.254740 0.049657
v -0.227286 0.261714 0.049003
v -0.226383 0.262869 0.048553
v -0.231771 0.266534 0.048349
v -0.231525 0.266835 0.048431
v -0.231446 0.266930 0.048672
v -0.231205 0.267223 0.048564
v -0.230980 0.267497 0.048741
v -0.231111 0.267338 0.048549
v -0.230838 0.267670 0.048602
v -0.230720 0.267814 0.048621
v -0.230602 0.267957 0.048636
v -0.230491 0.268092 0.048728
v -0.230484 0.268101 0.048648
v -0.230366 0.268245 0.048656
v -0.230247 0.268389 0.048661
v -0.230165 0.268489 0.048672
v -0.195009 0.237743 0.049625
v -0.185913 0.230339 0.050215
v -0.185131 0.231291 0.050677
v -0.194685 0.240736 0.050405
v -0.204509 0.244750 0.048974
v -0.204252 0.245771 0.049267
v -0.203287 0.246298 0.049591
v -0.203010 0.249843 0.050294
v -0.185229 0.230141 0.052027
v -0.184615 0.232318 0.052463
v -0.191988 0.237670 0.051750
v -0.184155 0.233675 0.051496
v -0.183552 0.233213 0.051538
v -0.193074 0.241957 0.051007
v -0.177867 0.229908 0.052290
v -0.195696 0.239563 0.051275
v -0.204244 0.247573 0.050788
v -0.195859 0.242740 0.051626
v -0.197621 0.246760 0.050870
v -0.199276 0.247950 0.051514
v -0.189511 0.239040 0.052308
v -0.181956 0.235156 0.052316
v -0.189189 0.241178 0.051735
v -0.187931 0.239982 0.052615
v -0.181011 0.239501 0.053215
v -0.201636 0.250903 0.050684
v -0.201018 0.252550 0.050967
v -0.192241 0.243085 0.052167
v -0.191210 0.244340 0.051777
v -0.192142 0.248689 0.052195
v -0.202328 0.252194 0.051276
v -0.197321 0.252503 0.051627
v -0.190897 0.247779 0.052273
v -0.200205 0.253836 0.051195
v -0.214784 0.252899 0.048605
v -0.217071 0.257200 0.048989
v -0.213195 0.255135 0.049303
v -0.212091 0.253869 0.050267
v -0.206988 0.250388 0.050655
v -0.212100 0.252096 0.050071
v -0.204491 0.248620 0.049795
v -0.213748 0.256993 0.049474
v -0.209140 0.253187 0.050595
v -0.208336 0.254165 0.049984
v -0.217068 0.260114 0.050050
v -0.211027 0.256650 0.050529
v -0.220281 0.258614 0.049658
v -0.219541 0.258343 0.048798
v -0.226267 0.262996 0.049364
v -0.225753 0.263629 0.048756
v -0.224941 0.264613 0.048982
v -0.225721 0.263675 0.049495
v -0.225313 0.264171 0.049571
v -0.219719 0.260757 0.049871
v -0.219553 0.260959 0.049154
v -0.217181 0.261193 0.049447
v -0.224362 0.265329 0.049120
v -0.223954 0.265826 0.049200
v -0.224770 0.264853 0.049651
v -0.224084 0.265668 0.049694
v -0.223546 0.266323 0.049271
v -0.223458 0.266433 0.049700
v -0.223137 0.266820 0.049330
v -0.222728 0.267319 0.049378
v -0.222730 0.267246 0.049649
v -0.205697 0.252702 0.050958
v -0.208700 0.255874 0.050128
v -0.215282 0.262826 0.049721
v -0.215134 0.260851 0.049637
v -0.214860 0.264358 0.049789
v -0.210973 0.262100 0.050185
v -0.205155 0.258070 0.050800
v -0.215927 0.265373 0.049745
v -0.222318 0.267818 0.049413
v -0.222443 0.267666 0.049617
v -0.221907 0.268318 0.049437
v -0.221626 0.268660 0.049478
v -0.222034 0.268164 0.049556
v -0.217346 0.263645 0.049937
v -0.215487 0.263332 0.049986
v -0.207420 0.255280 0.050834
v -0.205287 0.256786 0.050917
v -0.144143 0.180642 0.055610
v -0.155575 0.203996 0.054402
v -0.139741 0.182536 0.055581
v -0.136298 0.182748 0.055592
v -0.129936 0.179878 0.055638
v -0.162572 0.207380 0.053614
v -0.171075 0.218120 0.053312
v -0.142028 0.176738 0.060388
v -0.140192 0.177987 0.060387
v -0.137655 0.178662 0.060390
v -0.134777 0.177909 0.060387
v -0.133153 0.176788 0.060388
v -0.150192 0.202990 0.054597
v -0.144728 0.197618 0.053307
v -0.150278 0.210037 0.055845
v -0.145656 0.209542 0.055456
v -0.140360 0.194261 0.052032
v -0.151758 0.209514 0.054525
v -0.149782 0.211266 0.055326
v -0.147106 0.212044 0.056005
v -0.154334 0.207410 0.053402
v -0.158963 0.206499 0.054339
v -0.159403 0.211535 0.054988
v -0.162662 0.217688 0.053665
v -0.175394 0.223747 0.053183
v -0.168022 0.222456 0.053227
v -0.171064 0.224961 0.054131
v -0.153371 0.208575 0.055460
v -0.158271 0.212814 0.055355
v -0.172804 0.228303 0.053220
v -0.175528 0.233541 0.053955
v -0.166222 0.223802 0.053965
v -0.173739 0.231336 0.053555
v -0.150590 0.214834 0.056075
v -0.156650 0.214853 0.054678
v -0.149681 0.215325 0.056466
v -0.162984 0.226160 0.055237
v -0.159619 0.221449 0.055635
v -0.153237 0.218888 0.056443
v -0.166681 0.223077 0.054671
v -0.156875 0.214892 0.055760
v -0.164238 0.226051 0.054818
v -0.169719 0.231453 0.054524
v -0.179361 0.229424 0.053121
v -0.179854 0.231727 0.053258
v -0.178660 0.232930 0.053518
v -0.177344 0.233614 0.053727
v -0.186110 0.241700 0.052881
v -0.180343 0.237119 0.053004
v -0.188653 0.246335 0.052577
v -0.176293 0.236597 0.053878
v -0.092084 -0.046811 0.048672
v -0.091969 -0.046869 0.048661
v -0.091802 -0.046953 0.048656
v -0.091636 -0.047036 0.048648
v -0.091822 -0.046943 0.048707
v -0.091469 -0.047120 0.048636
v -0.091303 -0.047203 0.048621
v -0.091470 -0.047119 0.048736
v -0.090731 -0.047489 0.048543
v -0.091030 -0.047339 0.048589
v -0.091160 -0.047274 0.048743
v -0.090797 -0.047456 0.048731
v -0.090620 -0.047545 0.048564
v -0.090475 -0.047618 0.048698
v -0.090402 -0.047654 0.048482
v -0.090149 -0.047781 0.048426
v -0.089822 -0.047944 0.048349
v -0.089985 -0.047863 0.048388
v -0.090256 -0.047727 0.048665
v -0.089981 -0.047865 0.048606
v -0.093820 -0.053201 0.048685
v -0.093254 -0.053484 0.048553
v -0.097063 -0.058905 0.048805
v -0.102951 -0.074398 0.048649
v -0.099955 -0.050129 0.049478
v -0.099559 -0.050327 0.049437
v -0.099381 -0.050416 0.049556
v -0.098981 -0.050616 0.049413
v -0.098805 -0.050705 0.049617
v -0.103697 -0.055243 0.049738
v -0.103344 -0.055615 0.049692
v -0.101664 -0.056554 0.049572
v -0.102162 -0.056344 0.049924
v -0.106844 -0.060229 0.050145
v -0.105741 -0.061774 0.050037
v -0.107848 -0.064510 0.050611
v -0.107069 -0.064845 0.050621
v -0.104416 -0.062988 0.049855
v -0.106606 -0.066385 0.050699
v -0.104379 -0.062430 0.050363
v -0.108516 -0.066783 0.050461
v -0.110695 -0.066503 0.050800
v -0.113286 -0.070810 0.051195
v -0.114429 -0.075540 0.051627
v -0.112418 -0.073377 0.051000
v -0.111762 -0.073249 0.050879
v -0.112308 -0.072976 0.051346
v -0.109685 -0.069341 0.051016
v -0.111516 -0.076313 0.051425
v -0.097250 -0.051483 0.049271
v -0.098403 -0.050906 0.049378
v -0.097826 -0.051195 0.049330
v -0.097876 -0.051162 0.049683
v -0.097071 -0.051573 0.049701
v -0.096675 -0.051771 0.049200
v -0.096101 -0.052058 0.049120
v -0.096868 -0.051718 0.049702
v -0.095974 -0.052113 0.049671
v -0.100704 -0.057012 0.049463
v -0.099657 -0.057617 0.049314
v -0.098363 -0.058223 0.049084
v -0.101592 -0.058130 0.050042
v -0.100906 -0.058481 0.050035
v -0.099818 -0.057455 0.049954
v -0.095529 -0.052345 0.049025
v -0.094958 -0.052631 0.048921
v -0.094388 -0.052916 0.048808
v -0.093775 -0.053126 0.049433
v -0.095146 -0.052545 0.049617
v -0.093614 -0.053304 0.049402
v -0.097154 -0.058790 0.049696
v -0.095837 -0.059449 0.049434
v -0.098623 -0.061171 0.049828
v -0.102835 -0.063308 0.049585
v -0.101715 -0.063764 0.049351
v -0.103902 -0.062669 0.049778
v -0.103527 -0.067730 0.050400
v -0.102650 -0.067519 0.050267
v -0.106996 -0.068378 0.050159
v -0.106201 -0.068776 0.049984
v -0.110457 -0.073884 0.050599
v -0.108773 -0.074195 0.050207
v -0.108311 -0.074977 0.050047
v -0.106489 -0.074443 0.049624
v -0.105268 -0.068817 0.050626
v -0.101615 -0.064823 0.049256
v -0.100800 -0.065839 0.049002
v -0.099159 -0.064995 0.048701
v -0.099737 -0.066965 0.049730
v -0.106214 -0.076125 0.049393
v -0.104045 -0.074522 0.048952
v -0.100693 -0.064276 0.050038
v -0.106532 -0.075392 0.050679
v -0.101864 -0.070129 0.049988
v -0.104815 -0.076871 0.050206
v -0.106804 -0.069158 0.050804
v -0.110552 -0.076588 0.051309
v -0.108734 -0.077288 0.051022
v -0.116716 -0.078027 0.051743
v -0.119871 -0.082274 0.052353
v -0.120089 -0.084776 0.052288
v -0.119860 -0.083711 0.052254
v -0.121394 -0.089425 0.052884
v -0.113864 -0.078477 0.051153
v -0.116264 -0.084688 0.051386
v -0.114806 -0.078693 0.051832
v -0.117432 -0.086015 0.051624
v -0.120235 -0.089857 0.052766
v -0.119067 -0.090289 0.052617
v -0.118027 -0.090661 0.052454
v -0.124792 -0.093341 0.053116
v -0.115656 -0.085877 0.051157
v -0.122699 -0.096939 0.052352
v -0.111602 -0.080647 0.050471
v -0.112473 -0.085837 0.050243
v -0.113896 -0.086862 0.050576
v -0.108848 -0.081944 0.049551
v -0.109064 -0.086280 0.049091
v -0.109505 -0.086195 0.050737
v -0.111463 -0.088020 0.049686
v -0.115332 -0.098334 0.049772
v -0.114553 -0.092577 0.050209
v -0.118096 -0.099111 0.050677
v -0.117320 -0.099987 0.050292
v -0.118709 -0.105775 0.050088
v -0.113500 -0.084015 0.051724
v -0.114868 -0.086211 0.050910
v -0.114300 -0.091195 0.051685
v -0.115379 -0.085955 0.052017
v -0.109029 -0.080968 0.050960
v -0.111808 -0.087256 0.051275
v -0.119547 -0.097999 0.051294
v -0.120319 -0.097745 0.051564
v -0.121794 -0.104518 0.051382
v -0.116198 -0.092116 0.052075
v -0.121441 -0.097436 0.051937
v -0.126078 -0.109260 0.052347
v -0.120394 -0.101909 0.052661
v -0.115484 -0.097767 0.051594
v -0.117692 -0.099032 0.052128
v -0.121657 -0.109882 0.052591
v -0.093283 -0.061707 0.047750
v -0.089659 -0.048026 0.048309
v -0.089496 -0.048108 0.048271
v -0.089180 -0.048266 0.048234
v -0.092124 -0.054050 0.048275
v -0.091559 -0.054333 0.048133
v -0.089311 -0.048200 0.048370
v -0.089654 -0.048028 0.048513
v -0.092688 -0.053767 0.048416
v -0.090436 -0.054746 0.047888
v -0.089862 -0.055183 0.047907
v -0.090297 -0.054965 0.048305
v -0.091010 -0.054592 0.048661
v -0.095876 -0.059790 0.048488
v -0.094515 -0.060400 0.048137
v -0.093483 -0.060628 0.047903
v -0.093274 -0.060732 0.048583
v -0.090358 -0.056486 0.047968
v -0.099789 -0.073805 0.047802
v -0.097730 -0.065727 0.048279
v -0.096686 -0.066282 0.047960
v -0.100216 -0.071460 0.048234
v -0.104567 -0.080711 0.048331
v -0.102404 -0.077936 0.048027
v -0.097018 -0.071462 0.047416
v -0.098390 -0.072687 0.047570
v -0.100781 -0.081494 0.047068
v -0.096500 -0.072590 0.047379
v -0.099022 -0.079629 0.047111
v -0.095055 -0.067099 0.048132
v -0.097927 -0.074703 0.047917
v -0.098073 -0.072846 0.048408
v -0.101143 -0.078567 0.048767
v -0.100354 -0.078962 0.048327
v -0.107334 -0.097242 0.046859
v -0.106590 -0.083098 0.048678
v -0.105709 -0.086359 0.047914
v -0.109032 -0.089133 0.048698
v -0.109533 -0.092206 0.048438
v -0.104090 -0.087175 0.047232
v -0.103899 -0.084445 0.047578
v -0.101904 -0.087904 0.046717
v -0.101384 -0.084056 0.047789
v -0.105519 -0.095180 0.046573
v -0.103403 -0.084694 0.048730
v -0.104553 -0.089882 0.048360
v -0.111332 -0.098212 0.048243
v -0.113721 -0.101302 0.048735
v -0.115366 -0.107439 0.048496
v -0.108628 -0.096457 0.047457
v -0.111832 -0.107249 0.047054
v -0.112782 -0.106029 0.047633
v -0.107710 -0.097053 0.048664
v -0.107701 -0.101921 0.046315
v -0.104963 -0.097404 0.046411
v -0.110018 -0.109703 0.046044
v -0.111859 -0.111156 0.046474
v -0.108524 -0.109267 0.045969
v -0.103850 -0.091728 0.047489
v -0.105775 -0.097216 0.047473
v -0.106676 -0.100116 0.047389
v -0.112346 -0.111534 0.048626
v -0.110301 -0.107246 0.048233
v -0.109682 -0.110583 0.047016
v -0.092720 -0.053743 0.049205
v -0.091921 -0.054152 0.048981
v -0.094851 -0.060071 0.049159
v -0.093219 -0.060205 0.048655
v -0.097394 -0.065904 0.049220
v -0.098515 -0.065366 0.049561
v -0.098091 -0.070456 0.048831
v -0.099686 -0.071408 0.049261
v -0.102237 -0.077808 0.049313
v -0.103617 -0.077328 0.049819
v -0.105348 -0.083096 0.049746
v -0.107834 -0.089595 0.049856
v -0.108428 -0.086472 0.050402
v -0.104269 -0.084260 0.049178
v -0.106514 -0.090394 0.049207
v -0.112426 -0.094692 0.049179
v -0.115445 -0.102622 0.049231
v -0.113059 -0.098489 0.050764
v -0.110701 -0.095556 0.050214
v -0.108944 -0.095855 0.049458
v -0.110791 -0.102769 0.049268
v -0.112469 -0.105990 0.049591
v -0.116040 -0.110580 0.050567
v -0.113505 -0.105167 0.050167
v -0.112774 -0.094518 0.051036
v -0.116057 -0.103004 0.051356
v -0.116262 -0.107288 0.051034
v -0.120235 -0.110131 0.052138
v -0.124472 -0.115522 0.051056
v -0.128675 -0.115437 0.052616
v -0.124373 -0.110484 0.051627
v -0.123123 -0.111111 0.051091
v -0.127119 -0.116258 0.051978
v -0.124559 -0.117599 0.050833
v -0.135712 -0.134918 0.052929
v -0.140839 -0.146069 0.052419
v -0.143715 -0.151662 0.051943
v -0.143145 -0.151836 0.051753
v -0.118185 -0.113583 0.048762
v -0.118641 -0.117159 0.048417
v -0.120098 -0.123525 0.048096
v -0.125445 -0.129090 0.049648
v -0.116455 -0.121708 0.046779
v -0.113307 -0.121195 0.045651
v -0.116933 -0.128731 0.045929
v -0.111057 -0.114840 0.047076
v -0.119545 -0.133224 0.046360
v -0.121583 -0.141253 0.046159
v -0.115733 -0.118563 0.046943
v -0.115743 -0.114806 0.047530
v -0.110448 -0.112757 0.047126
v -0.119715 -0.127334 0.047340
v -0.126568 -0.138419 0.048764
v -0.126527 -0.143122 0.048074
v -0.122221 -0.133369 0.047550
v -0.115796 -0.126281 0.048099
v -0.123583 -0.139913 0.047216
v -0.118342 -0.133107 0.048525
v -0.139919 -0.161225 0.048372
v -0.129419 -0.148081 0.048616
v -0.127308 -0.150158 0.047534
v -0.130040 -0.154512 0.048099
v -0.135930 -0.161045 0.048373
v -0.132099 -0.157424 0.048500
v -0.133067 -0.161965 0.048372
v -0.133646 -0.163908 0.048372
v -0.120773 -0.116611 0.049413
v -0.122183 -0.116266 0.050049
v -0.116103 -0.117555 0.049697
v -0.128780 -0.130235 0.050924
v -0.123841 -0.125267 0.049496
v -0.127713 -0.137396 0.049424
v -0.129038 -0.134668 0.050401
v -0.120314 -0.117474 0.051554
v -0.122559 -0.118644 0.052251
v -0.118454 -0.113448 0.051238
v -0.126619 -0.123877 0.050869
v -0.131077 -0.136161 0.051008
v -0.131515 -0.128650 0.052249
v -0.133044 -0.136243 0.051759
v -0.122873 -0.124994 0.051835
v -0.126353 -0.136152 0.052130
v -0.128318 -0.137542 0.052627
v -0.114804 -0.115276 0.049363
v -0.117992 -0.120938 0.050148
v -0.119731 -0.124256 0.050551
v -0.122467 -0.133167 0.050782
v -0.118582 -0.127901 0.049475
v -0.121907 -0.138868 0.049693
v -0.124505 -0.139503 0.050860
v -0.121296 -0.126542 0.050993
v -0.132024 -0.143408 0.050275
v -0.136651 -0.154853 0.050135
v -0.135366 -0.155386 0.049721
v -0.138053 -0.154442 0.050522
v -0.141145 -0.160152 0.050658
v -0.139977 -0.160738 0.050396
v -0.137014 -0.147784 0.051238
v -0.135520 -0.141194 0.051839
v -0.138932 -0.146744 0.051885
v -0.135461 -0.155352 0.051425
v -0.134356 -0.149035 0.052344
v -0.141499 -0.152684 0.051409
v -0.139501 -0.153682 0.050926
v -0.142257 -0.159596 0.050923
v -0.141539 -0.159955 0.050986
v -0.140784 -0.160333 0.050993
v -0.139600 -0.160926 0.050963
v -0.137475 -0.154732 0.051694
v -0.136447 -0.155247 0.051542
v -0.138506 -0.154215 0.051819
v -0.129872 -0.144022 0.049351
v -0.132265 -0.150496 0.049369
v -0.126608 -0.145885 0.050687
v -0.129975 -0.149951 0.051180
v -0.128986 -0.157499 0.049506
v -0.134069 -0.156438 0.049229
v -0.136623 -0.161226 0.049545
v -0.135807 -0.161300 0.049302
v -0.136053 -0.155444 0.049908
v -0.138930 -0.161262 0.050127
v -0.138789 -0.161331 0.050094
v -0.137393 -0.161154 0.049763
v -0.137377 -0.161291 0.050837
v -0.133082 -0.156932 0.048869
v -0.134886 -0.161383 0.049018
v -0.135582 -0.161320 0.049232
v -0.134980 -0.161373 0.049045
v -0.132215 -0.156662 0.050646
v -0.136130 -0.161433 0.050690
v -0.135297 -0.161522 0.050550
v -0.131398 -0.157775 0.050245
v -0.134913 -0.161567 0.050479
v -0.133611 -0.162002 0.050150
v -0.132788 -0.162269 0.049887
v -0.129267 -0.144860 0.051829
v -0.133737 -0.156275 0.051019
v -0.138624 -0.161415 0.050888
v -0.138499 -0.161403 0.050887
v -0.137748 -0.161326 0.050857
v -0.133394 -0.156776 0.050876
v -0.124089 -0.090044 0.053137
v -0.122823 -0.089868 0.053033
v -0.124309 -0.096730 0.052818
v -0.125499 -0.092476 0.053377
v -0.129887 -0.102422 0.053992
v -0.127351 -0.100377 0.053892
v -0.126569 -0.102127 0.053111
v -0.126445 -0.101962 0.053803
v -0.122392 -0.096667 0.053147
v -0.128142 -0.106854 0.053220
v -0.124742 -0.103041 0.053536
v -0.127230 -0.101796 0.053906
v -0.121678 -0.099994 0.052993
v -0.122277 -0.104276 0.053009
v -0.133348 -0.112167 0.054352
v -0.131477 -0.106927 0.054538
v -0.127560 -0.108836 0.052872
v -0.130949 -0.114450 0.053463
v -0.128815 -0.108260 0.054199
v -0.131698 -0.114115 0.053734
v -0.136810 -0.125761 0.054472
v -0.134407 -0.109179 0.054920
v -0.135052 -0.112395 0.054818
v -0.132615 -0.114852 0.054851
v -0.131610 -0.114119 0.054671
v -0.138061 -0.118147 0.055393
v -0.141130 -0.123611 0.055979
v -0.142358 -0.127532 0.055972
v -0.135873 -0.112068 0.055178
v -0.137399 -0.118478 0.055635
v -0.142145 -0.123418 0.056410
v -0.144859 -0.131147 0.056170
v -0.143483 -0.129948 0.055888
v -0.142741 -0.130320 0.056163
v -0.138094 -0.125389 0.054916
v -0.141445 -0.131734 0.055126
v -0.138930 -0.124959 0.056032
v -0.137258 -0.125807 0.055765
v -0.141105 -0.131139 0.055969
v -0.138671 -0.132369 0.055597
v -0.125262 -0.109073 0.053528
v -0.129596 -0.115127 0.052957
v -0.129868 -0.114079 0.054363
v -0.128516 -0.116783 0.054043
v -0.125530 -0.115715 0.053331
v -0.127406 -0.116224 0.053788
v -0.132815 -0.128106 0.052814
v -0.137233 -0.130073 0.054135
v -0.138764 -0.132312 0.054276
v -0.135661 -0.133865 0.053052
v -0.130912 -0.129077 0.054241
v -0.135696 -0.126605 0.055470
v -0.134099 -0.127426 0.055114
v -0.132481 -0.128199 0.054699
v -0.138530 -0.133460 0.055511
v -0.133920 -0.134735 0.054521
v -0.142756 -0.137571 0.054383
v -0.144844 -0.141384 0.054105
v -0.142838 -0.137523 0.055041
v -0.139839 -0.139031 0.053445
v -0.143985 -0.144214 0.053292
v -0.143391 -0.144511 0.053560
v -0.138392 -0.139756 0.052934
v -0.141206 -0.152779 0.051991
v -0.140161 -0.153287 0.051957
v -0.139100 -0.153813 0.051889
v -0.139007 -0.139448 0.054564
v -0.140512 -0.138694 0.054782
v -0.124644 -0.117607 0.052994
v -0.126984 -0.123694 0.053361
v -0.127081 -0.131113 0.052892
v -0.128919 -0.129994 0.053611
v -0.131441 -0.135978 0.053783
v -0.129873 -0.136764 0.053226
v -0.134536 -0.141687 0.053617
v -0.137478 -0.148712 0.052770
v -0.136019 -0.140945 0.053976
v -0.132539 -0.142457 0.053099
v -0.146336 -0.166553 0.055592
v -0.142963 -0.163320 0.055592
v -0.139731 -0.162113 0.055581
v -0.137404 -0.161887 0.055581
v -0.135085 -0.162184 0.055581
v -0.142757 -0.168800 0.060388
v -0.141381 -0.167386 0.060387
v -0.139426 -0.166332 0.060388
v -0.136641 -0.166118 0.060388
v -0.111633 -0.120596 0.045576
v -0.118666 -0.135117 0.045720
v -0.114073 -0.130159 0.045199
v -0.117112 -0.135662 0.045081
v -0.120578 -0.141418 0.045717
v -0.119094 -0.142156 0.045090
v -0.116189 -0.139194 0.045047
v -0.116450 -0.135806 0.046649
v -0.118083 -0.144812 0.045054
v -0.118276 -0.142571 0.046483
v -0.120067 -0.141851 0.048067
v -0.125440 -0.153500 0.046530
v -0.121446 -0.148242 0.045508
v -0.122011 -0.151274 0.047054
v -0.126819 -0.159024 0.046694
v -0.125150 -0.158772 0.046673
v -0.127149 -0.159903 0.046780
v -0.128764 -0.157696 0.047364
v -0.122580 -0.148278 0.048249
v -0.124683 -0.153879 0.048175
v -0.130134 -0.158408 0.047754
v -0.131711 -0.164877 0.047649
v -0.130988 -0.165239 0.047404
v -0.133145 -0.164159 0.048183
v -0.132429 -0.164517 0.047913
v -0.129866 -0.164074 0.048409
v -0.129780 -0.164835 0.048287
v -0.130399 -0.163595 0.048786
v -0.129534 -0.165968 0.047223
v -0.126740 -0.160108 0.047756
v -0.129952 -0.165758 0.047933
v -0.127932 -0.166209 0.048372
v -0.126232 -0.170995 0.048372
v -0.126777 -0.176044 0.048372
v -0.124559 -0.146683 0.049628
v -0.126965 -0.152737 0.049573
v -0.127163 -0.158525 0.048488
v -0.132565 -0.162341 0.049808
v -0.131998 -0.162675 0.049578
v -0.128509 -0.159222 0.048959
v -0.131245 -0.163113 0.049236
v -0.130418 -0.158266 0.049863
v -0.132891 -0.162991 0.055581
v -0.130143 -0.164917 0.055599
v -0.127585 -0.169067 0.055592
v -0.127159 -0.173721 0.055592
v -0.134771 -0.166745 0.060387
v -0.133599 -0.167506 0.060387
v -0.132626 -0.168510 0.060387
v -0.131901 -0.169705 0.060387
v -0.131460 -0.171031 0.060387
v -0.131325 -0.172422 0.060387
v -0.131720 -0.174607 0.060388
v -0.145969 -0.164201 0.048375
v -0.148911 -0.171100 0.048372
v -0.148319 -0.176144 0.048372
v -0.145689 -0.178651 0.047346
v -0.155490 -0.196543 0.045254
v -0.151529 -0.188754 0.046261
v -0.148312 -0.185626 0.046694
v -0.155929 -0.199534 0.046599
v -0.149691 -0.191150 0.046530
v -0.154693 -0.202274 0.045560
v -0.149324 -0.196783 0.047179
v -0.144877 -0.179044 0.047211
v -0.148098 -0.184265 0.047902
v -0.146546 -0.179262 0.048372
v -0.145179 -0.178893 0.047933
v -0.144143 -0.179412 0.047404
v -0.143420 -0.179774 0.047649
v -0.145450 -0.185999 0.047580
v -0.145351 -0.179816 0.048287
v -0.145265 -0.180576 0.048409
v -0.144732 -0.181055 0.048786
v -0.142702 -0.180133 0.047913
v -0.141986 -0.180492 0.048183
v -0.152573 -0.192576 0.047272
v -0.151396 -0.193708 0.048340
v -0.147589 -0.191557 0.047322
v -0.157776 -0.202134 0.044825
v -0.159797 -0.209249 0.044835
v -0.157597 -0.207778 0.045049
v -0.158423 -0.207819 0.046606
v -0.160608 -0.216236 0.046627
v -0.161426 -0.216012 0.045266
v -0.155996 -0.203928 0.047652
v -0.154646 -0.204814 0.048717
v -0.143885 -0.181537 0.049236
v -0.147572 -0.186874 0.048854
v -0.143133 -0.181975 0.049578
v -0.142565 -0.182310 0.049808
v -0.146700 -0.187608 0.049382
v -0.145895 -0.189310 0.049996
v -0.151764 -0.202446 0.049890
v -0.147972 -0.170930 0.055592
v -0.147546 -0.175583 0.055592
v -0.144988 -0.179733 0.055599
v -0.143628 -0.170843 0.060387
v -0.143806 -0.172229 0.060387
v -0.143671 -0.173620 0.060387
v -0.143230 -0.174946 0.060387
v -0.142505 -0.176141 0.060387
v -0.141532 -0.177144 0.060387
v -0.137565 -0.172325 0.048372
v -0.143767 -0.187676 0.048302
v -0.141485 -0.180743 0.048372
v -0.142064 -0.182686 0.048372
v -0.141814 -0.182765 0.048462
v -0.140261 -0.183348 0.048372
v -0.137741 -0.183671 0.048372
v -0.146033 -0.192982 0.048063
v -0.144064 -0.193550 0.048864
v -0.147269 -0.202040 0.048718
v -0.135212 -0.183426 0.048372
v -0.128804 -0.179537 0.048372
v -0.131449 -0.181959 0.048372
v -0.153043 -0.203988 0.046449
v -0.156591 -0.210203 0.045747
v -0.156513 -0.216388 0.046708
v -0.160628 -0.219624 0.045533
v -0.162084 -0.224862 0.045717
v -0.158676 -0.222943 0.046779
v -0.148659 -0.200852 0.047966
v -0.152138 -0.210284 0.047748
v -0.158240 -0.217559 0.048626
v -0.153465 -0.214581 0.047799
v -0.147418 -0.207255 0.049424
v -0.161809 -0.227008 0.048125
v -0.164909 -0.232199 0.046974
v -0.163902 -0.232705 0.047854
v -0.156997 -0.224020 0.047674
v -0.161982 -0.233870 0.047048
v -0.159025 -0.230300 0.047756
v -0.149686 -0.215561 0.049648
v -0.154786 -0.224891 0.048772
v -0.158087 -0.234314 0.048760
v -0.140986 -0.183030 0.048758
v -0.140242 -0.183269 0.049016
v -0.139559 -0.183330 0.049229
v -0.142048 -0.187719 0.048869
v -0.142342 -0.182381 0.049887
v -0.141520 -0.182649 0.050150
v -0.140701 -0.182921 0.050362
v -0.143733 -0.186875 0.050245
v -0.140198 -0.183090 0.050478
v -0.139834 -0.183128 0.050550
v -0.139001 -0.183217 0.050690
v -0.139315 -0.183352 0.049305
v -0.138502 -0.183425 0.049547
v -0.137738 -0.183496 0.049763
v -0.140699 -0.188536 0.049373
v -0.138227 -0.183305 0.050786
v -0.137714 -0.183493 0.049769
v -0.136941 -0.183395 0.049954
v -0.136339 -0.183320 0.050089
v -0.139078 -0.189206 0.049908
v -0.146894 -0.199783 0.051487
v -0.150160 -0.203688 0.050851
v -0.143262 -0.197992 0.049741
v -0.145259 -0.200628 0.049351
v -0.141798 -0.188359 0.050936
v -0.137736 -0.183362 0.050833
v -0.140744 -0.188468 0.051143
v -0.137380 -0.183324 0.050857
v -0.136610 -0.183245 0.050887
v -0.136507 -0.183235 0.050888
v -0.136602 -0.183245 0.050887
v -0.139670 -0.189299 0.051425
v -0.143589 -0.188553 0.050580
v -0.144124 -0.201694 0.052630
v -0.147330 -0.205157 0.052212
v -0.137737 -0.189933 0.050337
v -0.135154 -0.183913 0.050396
v -0.133986 -0.184498 0.050658
v -0.140450 -0.195414 0.050338
v -0.143646 -0.207205 0.050975
v -0.135857 -0.183561 0.050941
v -0.135102 -0.183939 0.050978
v -0.138512 -0.189798 0.051613
v -0.137523 -0.190225 0.051745
v -0.134347 -0.184317 0.050993
v -0.133592 -0.184695 0.050986
v -0.135630 -0.190969 0.050926
v -0.136624 -0.190435 0.051819
v -0.132874 -0.185055 0.050923
v -0.133632 -0.191967 0.051409
v -0.135219 -0.191162 0.051936
v -0.133094 -0.192210 0.051990
v -0.138117 -0.196867 0.051238
v -0.140184 -0.202613 0.051521
v -0.135529 -0.197934 0.052047
v -0.155155 -0.211212 0.049440
v -0.153321 -0.211107 0.050404
v -0.154740 -0.218167 0.050590
v -0.159439 -0.226496 0.049387
v -0.157638 -0.227331 0.050388
v -0.150127 -0.207759 0.051471
v -0.147599 -0.214066 0.050344
v -0.145565 -0.207733 0.050281
v -0.146351 -0.214416 0.050923
v -0.152755 -0.225966 0.049800
v -0.160375 -0.233813 0.049967
v -0.155007 -0.232108 0.049728
v -0.150866 -0.226854 0.050690
v -0.152258 -0.219657 0.051835
v -0.146749 -0.209720 0.052996
v -0.150375 -0.212583 0.051929
v -0.144758 -0.215293 0.051698
v -0.142536 -0.209250 0.051717
v -0.156419 -0.229077 0.051121
v -0.154817 -0.227176 0.051554
v -0.153371 -0.228294 0.052159
v -0.131442 -0.193099 0.051928
v -0.133054 -0.199259 0.052772
v -0.138776 -0.210352 0.053221
v -0.153617 -0.234507 0.050597
v -0.143355 -0.216055 0.052357
v -0.141009 -0.210014 0.052402
v -0.142316 -0.216545 0.052813
v -0.148749 -0.227970 0.051657
v -0.151215 -0.233944 0.051438
v -0.146192 -0.229215 0.052707
v -0.149053 -0.235391 0.052347
v -0.148230 -0.235432 0.052620
v -0.165675 -0.232105 0.045851
v -0.164337 -0.232693 0.045978
v -0.165362 -0.236100 0.046099
v -0.169444 -0.244931 0.046320
v -0.168299 -0.245497 0.046419
v -0.169612 -0.249470 0.046573
v -0.173335 -0.256984 0.046794
v -0.168727 -0.245012 0.047272
v -0.167834 -0.245485 0.048009
v -0.163729 -0.237980 0.048956
v -0.166814 -0.245780 0.048654
v -0.172724 -0.257252 0.047592
v -0.164379 -0.241816 0.047307
v -0.161048 -0.236616 0.047867
v -0.166503 -0.248194 0.047457
v -0.161980 -0.243172 0.048482
v -0.164308 -0.249455 0.048498
v -0.168693 -0.254408 0.047600
v -0.172398 -0.257643 0.046858
v -0.171886 -0.261992 0.047622
v -0.171556 -0.257669 0.048410
v -0.170587 -0.257978 0.048931
v -0.173234 -0.261513 0.048274
v -0.166597 -0.255304 0.048491
v -0.169993 -0.261102 0.048127
v -0.168208 -0.262064 0.048858
v -0.178148 -0.270892 0.047270
v -0.177203 -0.269947 0.047917
v -0.177526 -0.271570 0.047347
v -0.176362 -0.271115 0.047558
v -0.178630 -0.272061 0.047379
v -0.179665 -0.277301 0.047568
v -0.175138 -0.270110 0.048945
v -0.178344 -0.276274 0.048676
v -0.180076 -0.277551 0.048132
v -0.175740 -0.272790 0.047949
v -0.172372 -0.267006 0.048177
v -0.176323 -0.272172 0.048790
v -0.172793 -0.270211 0.048458
v -0.178208 -0.278682 0.048054
v -0.175348 -0.276222 0.048477
v -0.184054 -0.286296 0.047826
v -0.182461 -0.283615 0.048264
v -0.181507 -0.284209 0.047946
v -0.181624 -0.283337 0.048576
v -0.179805 -0.284346 0.048321
v -0.185269 -0.289468 0.047907
v -0.184706 -0.289750 0.047881
v -0.184834 -0.289686 0.048305
v -0.184137 -0.290035 0.047996
v -0.184308 -0.289949 0.048573
v -0.183571 -0.290318 0.048133
v -0.183007 -0.290600 0.048275
v -0.185964 -0.296378 0.048254
v -0.185799 -0.296461 0.048239
v -0.185635 -0.296543 0.048271
v -0.185472 -0.296625 0.048309
v -0.183764 -0.290222 0.048794
v -0.182442 -0.290883 0.048416
v -0.185640 -0.296540 0.048453
v -0.185314 -0.296704 0.048563
v -0.162300 -0.235644 0.049307
v -0.167023 -0.251453 0.049484
v -0.164564 -0.246114 0.049775
v -0.160982 -0.239544 0.050434
v -0.157410 -0.238365 0.049631
v -0.159234 -0.244438 0.049738
v -0.161200 -0.246374 0.049249
v -0.165530 -0.254073 0.050384
v -0.164370 -0.253250 0.050686
v -0.168616 -0.254257 0.049207
v -0.165138 -0.255998 0.049104
v -0.171070 -0.263702 0.049547
v -0.167799 -0.258055 0.050023
v -0.169201 -0.265140 0.050295
v -0.158869 -0.237363 0.051034
v -0.160867 -0.243949 0.050973
v -0.158662 -0.242333 0.051554
v -0.163284 -0.253781 0.051052
v -0.156494 -0.238552 0.051940
v -0.173176 -0.266490 0.049156
v -0.176061 -0.277036 0.049503
v -0.174030 -0.273321 0.049689
v -0.178038 -0.278572 0.049106
v -0.173063 -0.272534 0.049887
v -0.181016 -0.284423 0.048941
v -0.178649 -0.282168 0.049328
v -0.183210 -0.290499 0.048981
v -0.182650 -0.290779 0.049141
v -0.176300 -0.279443 0.048601
v -0.178707 -0.285388 0.048649
v -0.181877 -0.291166 0.048553
v -0.181311 -0.291450 0.048685
v -0.185309 -0.296706 0.048349
v -0.185145 -0.296788 0.048388
v -0.184889 -0.296917 0.048447
v -0.184593 -0.297065 0.048508
v -0.184952 -0.296885 0.048651
v -0.184225 -0.297249 0.048572
v -0.184511 -0.297106 0.048564
v -0.184656 -0.297033 0.048698
v -0.183994 -0.297365 0.048602
v -0.184334 -0.297194 0.048731
v -0.183971 -0.297376 0.048743
v -0.183828 -0.297448 0.048621
v -0.183662 -0.297531 0.048636
v -0.183661 -0.297531 0.048736
v -0.183495 -0.297614 0.048648
v -0.183329 -0.297698 0.048656
v -0.183162 -0.297781 0.048661
v -0.183309 -0.297708 0.048707
v -0.183046 -0.297839 0.048672
v -0.161253 -0.250900 0.049835
v -0.157811 -0.244664 0.050292
v -0.156775 -0.245814 0.050801
v -0.159827 -0.253111 0.050576
v -0.163668 -0.256631 0.049686
v -0.168613 -0.266546 0.049267
v -0.165514 -0.263442 0.049860
v -0.162228 -0.257456 0.050239
v -0.168199 -0.265452 0.050569
v -0.160760 -0.258058 0.050741
v -0.166577 -0.268731 0.050036
v -0.162864 -0.264933 0.050708
v -0.162113 -0.254257 0.051407
v -0.158658 -0.247719 0.051926
v -0.156146 -0.246267 0.052463
v -0.155927 -0.246094 0.051121
v -0.154388 -0.247537 0.051755
v -0.156101 -0.253645 0.051750
v -0.153690 -0.247215 0.051937
v -0.150281 -0.241638 0.052534
v -0.159554 -0.253580 0.051974
v -0.158095 -0.252267 0.052239
v -0.156598 -0.253362 0.052540
v -0.167308 -0.266163 0.050815
v -0.166203 -0.265640 0.051021
v -0.161776 -0.257682 0.051626
v -0.159274 -0.258935 0.051218
v -0.164264 -0.264299 0.051339
v -0.164579 -0.268062 0.051309
v -0.159752 -0.258696 0.052017
v -0.152563 -0.247779 0.052316
v -0.158279 -0.259433 0.051507
v -0.161224 -0.265217 0.051117
v -0.160291 -0.265684 0.051345
v -0.159355 -0.266153 0.051553
v -0.158733 -0.259206 0.052167
v -0.157699 -0.258635 0.051624
v -0.157711 -0.259718 0.052283
v -0.163615 -0.268337 0.051425
v -0.161261 -0.267140 0.051700
v -0.157910 -0.263417 0.052132
v -0.156670 -0.258848 0.051892
v -0.154899 -0.261768 0.052419
v -0.155271 -0.260939 0.052254
v -0.160702 -0.269110 0.051627
v -0.159087 -0.269126 0.051687
v -0.170213 -0.267974 0.048958
v -0.174758 -0.277913 0.048815
v -0.171756 -0.274650 0.049251
v -0.168117 -0.269075 0.049664
v -0.176876 -0.282342 0.049724
v -0.174465 -0.280260 0.049094
v -0.170669 -0.267745 0.050107
v -0.173306 -0.276724 0.050103
v -0.172481 -0.277132 0.050267
v -0.170865 -0.274906 0.050470
v -0.175168 -0.280009 0.049906
v -0.170671 -0.276175 0.049634
v -0.172296 -0.281343 0.049585
v -0.170804 -0.277223 0.050506
v -0.168930 -0.275875 0.049984
v -0.168135 -0.276273 0.050159
v -0.165961 -0.270103 0.050278
v -0.168963 -0.276175 0.050727
v -0.174873 -0.285596 0.050015
v -0.170867 -0.282160 0.049838
v -0.173539 -0.286520 0.050042
v -0.181902 -0.291234 0.049332
v -0.178638 -0.285530 0.049581
v -0.177415 -0.286018 0.048946
v -0.182085 -0.291062 0.049280
v -0.180743 -0.291734 0.048808
v -0.180173 -0.292020 0.048921
v -0.180944 -0.291633 0.049495
v -0.179985 -0.292105 0.049617
v -0.177314 -0.286193 0.049792
v -0.176648 -0.286526 0.049871
v -0.175267 -0.284817 0.049233
v -0.175754 -0.286974 0.049271
v -0.174792 -0.287427 0.049415
v -0.173467 -0.288096 0.049572
v -0.179247 -0.292465 0.049086
v -0.178456 -0.292880 0.049200
v -0.178962 -0.292632 0.049685
v -0.177881 -0.293168 0.049271
v -0.178060 -0.293078 0.049701
v -0.177481 -0.293368 0.049691
v -0.177305 -0.293456 0.049330
v -0.176728 -0.293745 0.049378
v -0.176904 -0.293657 0.049662
v -0.175981 -0.286861 0.049922
v -0.174644 -0.287530 0.049970
v -0.166343 -0.269912 0.051061
v -0.164674 -0.270766 0.050599
v -0.167337 -0.276672 0.050319
v -0.166537 -0.277073 0.050463
v -0.169300 -0.282198 0.050061
v -0.169761 -0.282717 0.049991
v -0.169613 -0.279338 0.050573
v -0.172180 -0.287352 0.049979
v -0.168287 -0.284422 0.050145
v -0.168907 -0.283183 0.050316
v -0.162089 -0.273473 0.051138
v -0.171787 -0.289036 0.049692
v -0.171434 -0.289407 0.049738
v -0.176150 -0.294034 0.049413
v -0.176326 -0.293946 0.049617
v -0.175572 -0.294324 0.049437
v -0.175176 -0.294522 0.049478
v -0.175750 -0.294234 0.049556
v -0.173306 -0.288200 0.049937
v -0.166830 -0.276926 0.050863
v -0.162932 -0.271597 0.050966
v -0.165841 -0.276772 0.050916
v -0.165209 -0.277738 0.050856
v -0.164399 -0.278143 0.050816
v -0.161058 -0.272558 0.051334
v -0.142240 -0.181660 0.055581
v -0.139015 -0.182731 0.055589
v -0.143081 -0.207776 0.053849
v -0.142126 -0.208051 0.054112
v -0.139402 -0.209697 0.054877
v -0.137799 -0.210449 0.055237
v -0.135400 -0.182538 0.055581
v -0.132168 -0.181331 0.055592
v -0.128795 -0.178097 0.055592
v -0.145011 -0.210671 0.053662
v -0.151173 -0.224550 0.052605
v -0.148503 -0.223236 0.053380
v -0.145785 -0.214881 0.053755
v -0.150563 -0.228681 0.053069
v -0.139848 -0.178171 0.060388
v -0.137662 -0.178566 0.060387
v -0.135705 -0.178319 0.060388
v -0.133750 -0.177264 0.060387
v -0.132747 -0.176292 0.060387
v -0.134828 -0.205984 0.054770
v -0.133381 -0.206702 0.054944
v -0.131799 -0.207521 0.055094
v -0.135998 -0.204990 0.053156
v -0.136851 -0.204811 0.054442
v -0.131740 -0.200139 0.053560
v -0.130539 -0.199535 0.053285
v -0.133686 -0.212917 0.055126
v -0.131098 -0.208914 0.054975
v -0.130272 -0.213503 0.056170
v -0.144222 -0.215664 0.054249
v -0.142628 -0.216402 0.054700
v -0.140484 -0.217581 0.053596
v -0.139040 -0.218317 0.054176
v -0.137923 -0.211560 0.053678
v -0.136367 -0.212339 0.054276
v -0.149050 -0.229644 0.053510
v -0.153474 -0.234769 0.052591
v -0.147725 -0.228427 0.053788
v -0.144767 -0.231217 0.054463
v -0.150487 -0.238784 0.053475
v -0.149685 -0.240374 0.053649
v -0.136642 -0.214940 0.055868
v -0.146180 -0.228622 0.054151
v -0.141067 -0.217244 0.055108
v -0.143929 -0.228873 0.054616
v -0.137600 -0.219041 0.054724
v -0.136142 -0.219779 0.055248
v -0.143512 -0.230549 0.053707
v -0.146956 -0.236070 0.053084
v -0.145102 -0.237084 0.053719
v -0.147780 -0.244274 0.053892
v -0.139809 -0.231372 0.054860
v -0.144784 -0.242996 0.054247
v -0.145244 -0.242228 0.053992
v -0.133229 -0.213911 0.055381
v -0.140744 -0.224664 0.055210
v -0.136735 -0.219334 0.055959
v -0.134724 -0.213167 0.055878
v -0.136265 -0.219648 0.056022
v -0.134001 -0.221040 0.055979
v -0.131647 -0.214702 0.055888
v -0.132390 -0.214331 0.056163
v -0.137732 -0.226172 0.055635
v -0.132986 -0.221233 0.056410
v -0.136219 -0.226930 0.055779
v -0.142107 -0.231240 0.054879
v -0.140689 -0.231950 0.055047
v -0.140079 -0.232255 0.054818
v -0.139698 -0.233494 0.055089
v -0.154077 -0.239763 0.052693
v -0.152854 -0.240375 0.053009
v -0.154289 -0.246915 0.052868
v -0.153127 -0.247496 0.053081
v -0.151514 -0.248672 0.053312
v -0.148562 -0.242524 0.053111
v -0.150879 -0.248618 0.052839
v -0.154835 -0.253900 0.052793
v -0.153740 -0.254448 0.052912
v -0.149147 -0.242231 0.053738
v -0.147901 -0.242855 0.053906
v -0.147353 -0.243130 0.053486
v -0.149147 -0.249489 0.053315
v -0.149619 -0.249253 0.053508
v -0.148444 -0.249842 0.053581
v -0.151606 -0.255628 0.053025
v -0.152644 -0.254997 0.053000
v 0.044965 -0.076161 0.048672
v 0.044883 -0.076261 0.048661
v 0.044765 -0.076405 0.048656
v 0.044647 -0.076549 0.048648
v 0.044779 -0.076388 0.048707
v 0.044529 -0.076693 0.048636
v 0.044411 -0.076837 0.048621
v 0.044529 -0.076693 0.048736
v 0.044004 -0.077331 0.048543
v 0.044217 -0.077072 0.048589
v 0.044309 -0.076960 0.048743
v 0.043926 -0.077427 0.048564
v 0.044052 -0.077274 0.048731
v 0.043771 -0.077615 0.048482
v 0.043591 -0.077834 0.048426
v 0.043360 -0.078116 0.048349
v 0.043475 -0.077975 0.048388
v 0.043667 -0.077742 0.048665
v 0.043823 -0.077553 0.048698
v 0.043472 -0.077979 0.048606
v 0.049150 -0.081292 0.048685
v 0.048748 -0.081782 0.048553
v 0.053708 -0.086476 0.048487
v 0.058612 -0.090223 0.048601
v 0.066483 -0.096888 0.048737
v 0.053505 -0.075991 0.049478
v 0.053224 -0.076333 0.049437
v 0.053097 -0.076487 0.049556
v 0.052813 -0.076832 0.049413
v 0.052688 -0.076985 0.049617
v 0.058832 -0.079624 0.049692
v 0.059583 -0.081456 0.049715
v 0.059003 -0.079141 0.049738
v 0.058049 -0.080771 0.049924
v 0.065574 -0.083483 0.050339
v 0.064645 -0.083772 0.050178
v 0.063776 -0.083937 0.050075
v 0.067288 -0.086810 0.050715
v 0.063336 -0.084466 0.050352
v 0.062832 -0.085434 0.049890
v 0.058842 -0.082468 0.050050
v 0.069064 -0.087723 0.050591
v 0.072971 -0.092183 0.050781
v 0.074904 -0.090802 0.051191
v 0.078056 -0.092109 0.051640
v 0.071196 -0.087966 0.050979
v 0.073986 -0.092452 0.050910
v 0.073719 -0.092173 0.051331
v 0.067756 -0.088912 0.050835
v 0.075855 -0.096700 0.051514
v 0.051585 -0.078328 0.049271
v 0.052403 -0.077332 0.049378
v 0.051994 -0.077830 0.049330
v 0.052026 -0.077781 0.049683
v 0.051457 -0.078483 0.049701
v 0.051176 -0.078825 0.049200
v 0.050769 -0.079321 0.049120
v 0.050815 -0.079257 0.049685
v 0.057209 -0.081737 0.049500
v 0.056278 -0.082953 0.049314
v 0.057369 -0.084894 0.049233
v 0.056644 -0.082485 0.049969
v 0.055802 -0.083871 0.049905
v 0.050363 -0.079816 0.049025
v 0.049642 -0.080562 0.048852
v 0.050226 -0.079981 0.049633
v 0.050138 -0.080044 0.049620
v 0.048365 -0.082235 0.049205
v 0.049004 -0.081470 0.049402
v 0.055110 -0.084261 0.049024
v 0.054432 -0.085185 0.048805
v 0.054468 -0.085042 0.049696
v 0.049078 -0.081243 0.049433
v 0.053533 -0.086180 0.049434
v 0.061867 -0.087068 0.049615
v 0.061174 -0.087104 0.049509
v 0.070047 -0.095179 0.049833
v 0.062211 -0.085841 0.049778
v 0.062025 -0.086068 0.050342
v 0.063608 -0.088806 0.050450
v 0.060837 -0.087863 0.050203
v 0.067360 -0.089798 0.050159
v 0.072466 -0.093806 0.050495
v 0.071616 -0.095018 0.050164
v 0.066232 -0.091171 0.049795
v 0.065176 -0.091511 0.050494
v 0.060837 -0.089126 0.049174
v 0.059632 -0.088982 0.048999
v 0.060642 -0.090994 0.048815
v 0.058449 -0.089926 0.049672
v 0.068524 -0.096024 0.049358
v 0.071209 -0.098507 0.049416
v 0.059933 -0.088614 0.050038
v 0.061303 -0.091001 0.049977
v 0.065406 -0.093758 0.050292
v 0.071351 -0.098703 0.050643
v 0.062706 -0.093780 0.049811
v 0.067939 -0.098601 0.049989
v 0.067502 -0.090589 0.050804
v 0.072206 -0.094123 0.051173
v 0.070691 -0.096187 0.050843
v 0.084774 -0.097256 0.052353
v 0.085238 -0.098433 0.052256
v 0.085990 -0.099454 0.052288
v 0.084630 -0.099258 0.052400
v 0.078832 -0.096281 0.051345
v 0.082848 -0.101584 0.051368
v 0.078690 -0.096045 0.051832
v 0.078392 -0.098220 0.051761
v 0.083398 -0.100150 0.051692
v 0.083243 -0.101209 0.052229
v 0.093770 -0.105365 0.053116
v 0.088463 -0.104758 0.052093
v 0.087218 -0.106036 0.052540
v 0.092763 -0.109934 0.052138
v 0.081293 -0.102092 0.050943
v 0.075488 -0.099549 0.050163
v 0.080999 -0.104293 0.050450
v 0.073749 -0.102052 0.049212
v 0.079838 -0.107256 0.049461
v 0.074822 -0.103976 0.050485
v 0.080029 -0.104963 0.050062
v 0.089661 -0.112452 0.050808
v 0.084482 -0.109853 0.050055
v 0.089711 -0.115122 0.050142
v 0.077510 -0.097891 0.050870
v 0.076539 -0.099073 0.051458
v 0.079063 -0.102448 0.051535
v 0.084428 -0.107039 0.051974
v 0.075874 -0.101674 0.051081
v 0.081816 -0.107461 0.051407
v 0.078607 -0.106780 0.050803
v 0.087446 -0.106245 0.051598
v 0.086699 -0.107154 0.051242
v 0.091165 -0.112065 0.051298
v 0.100774 -0.120446 0.051926
v 0.085899 -0.107895 0.052143
v 0.096772 -0.115116 0.052086
v 0.092405 -0.113366 0.052695
v 0.099751 -0.120902 0.051528
v 0.084821 -0.109970 0.051653
v 0.089962 -0.115049 0.051951
v 0.051194 -0.088488 0.047775
v 0.043244 -0.078257 0.048309
v 0.043128 -0.078398 0.048271
v 0.042903 -0.078672 0.048234
v 0.047946 -0.082758 0.048275
v 0.047545 -0.083246 0.048133
v 0.043240 -0.078262 0.048513
v 0.042997 -0.078558 0.048370
v 0.048346 -0.082270 0.048416
v 0.047149 -0.083707 0.048661
v 0.047144 -0.083735 0.047996
v 0.046739 -0.084227 0.047881
v 0.046340 -0.084713 0.047907
v 0.046649 -0.084337 0.048305
v 0.052713 -0.087587 0.048137
v 0.047323 -0.085701 0.047968
v 0.061279 -0.096945 0.047639
v 0.069944 -0.104236 0.047702
v 0.060888 -0.094425 0.048142
v 0.060815 -0.093267 0.048384
v 0.057089 -0.092077 0.047960
v 0.059813 -0.096194 0.048470
v 0.067926 -0.099304 0.048498
v 0.067052 -0.100398 0.048027
v 0.062816 -0.098891 0.048545
v 0.056067 -0.093321 0.047576
v 0.059484 -0.097915 0.047379
v 0.061574 -0.098723 0.047312
v 0.069620 -0.105694 0.047253
v 0.065259 -0.102581 0.047141
v 0.064651 -0.103320 0.047111
v 0.061647 -0.099265 0.047917
v 0.055931 -0.093487 0.048132
v 0.067321 -0.103367 0.048525
v 0.079774 -0.116131 0.046924
v 0.072528 -0.103662 0.048501
v 0.077908 -0.107430 0.048902
v 0.079373 -0.111136 0.048272
v 0.073125 -0.107367 0.047640
v 0.070560 -0.108109 0.046878
v 0.070903 -0.109041 0.047592
v 0.075337 -0.111335 0.047119
v 0.078036 -0.115396 0.048075
v 0.082299 -0.112511 0.048719
v 0.088685 -0.118983 0.048735
v 0.082333 -0.115739 0.047773
v 0.087907 -0.123530 0.047092
v 0.080716 -0.117849 0.048272
v 0.086126 -0.118077 0.048220
v 0.092713 -0.124623 0.048289
v 0.069122 -0.108103 0.046860
v 0.073540 -0.112949 0.046627
v 0.078495 -0.118442 0.046265
v 0.086233 -0.125370 0.046099
v 0.088555 -0.128065 0.045978
v 0.085387 -0.126530 0.045969
v 0.078373 -0.117290 0.047314
v 0.090227 -0.126032 0.047048
v 0.085796 -0.125840 0.047064
v 0.087593 -0.125677 0.048172
v 0.047802 -0.082934 0.048981
v 0.055357 -0.088690 0.049328
v 0.053945 -0.088440 0.049103
v 0.051697 -0.088058 0.048683
v 0.056882 -0.092329 0.048831
v 0.064757 -0.097594 0.049456
v 0.062082 -0.096223 0.049125
v 0.068050 -0.102758 0.048973
v 0.074116 -0.106820 0.049618
v 0.072248 -0.102711 0.050137
v 0.078935 -0.110938 0.049940
v 0.072561 -0.107509 0.048931
v 0.075874 -0.110107 0.049207
v 0.085856 -0.114292 0.049250
v 0.088439 -0.115260 0.049738
v 0.092266 -0.120826 0.049309
v 0.083119 -0.113338 0.050558
v 0.081799 -0.113120 0.050214
v 0.096228 -0.122752 0.049980
v 0.081447 -0.116953 0.048923
v 0.084761 -0.118901 0.049510
v 0.090826 -0.122579 0.050501
v 0.091719 -0.125431 0.049967
v 0.084043 -0.113030 0.050883
v 0.089549 -0.118746 0.051100
v 0.094066 -0.123397 0.051318
v 0.090269 -0.126810 0.048939
v 0.099055 -0.122698 0.050856
v 0.106124 -0.122381 0.052919
v 0.103889 -0.127188 0.051097
v 0.105474 -0.125237 0.052081
v 0.109852 -0.130091 0.052162
v 0.119616 -0.138816 0.052679
v 0.124716 -0.143133 0.052629
v 0.133349 -0.152345 0.051505
v 0.129300 -0.147315 0.052273
v 0.134372 -0.151531 0.051727
v 0.134779 -0.150948 0.051943
v 0.099941 -0.131807 0.048444
v 0.105210 -0.134999 0.049240
v 0.095198 -0.133584 0.046308
v 0.094608 -0.135482 0.045651
v 0.092835 -0.135616 0.045576
v 0.096764 -0.135801 0.046144
v 0.101637 -0.141254 0.046016
v 0.107633 -0.147524 0.046082
v 0.094380 -0.128092 0.047756
v 0.101540 -0.136545 0.047474
v 0.091942 -0.131446 0.047812
v 0.092933 -0.134466 0.046828
v 0.097889 -0.140325 0.046887
v 0.096505 -0.134127 0.048946
v 0.104503 -0.140307 0.047286
v 0.109345 -0.140934 0.048793
v 0.113728 -0.145823 0.048764
v 0.108814 -0.143576 0.047748
v 0.100250 -0.140824 0.048034
v 0.115828 -0.150777 0.047966
v 0.108747 -0.149592 0.048717
v 0.143967 -0.162879 0.048372
v 0.135201 -0.161227 0.048372
v 0.139234 -0.161037 0.048372
v 0.120263 -0.153490 0.048616
v 0.119178 -0.156246 0.047534
v 0.121428 -0.156899 0.048063
v 0.132790 -0.162031 0.048372
v 0.125657 -0.160824 0.048302
v 0.130619 -0.163352 0.048372
v 0.129448 -0.164507 0.048467
v 0.130100 -0.163925 0.048764
v 0.129242 -0.164690 0.048372
v 0.130561 -0.166230 0.048372
v 0.100239 -0.127670 0.049808
v 0.103236 -0.127921 0.050690
v 0.102155 -0.130365 0.049631
v 0.096855 -0.130239 0.050388
v 0.113756 -0.143294 0.049573
v 0.115566 -0.141351 0.050776
v 0.117852 -0.143899 0.050706
v 0.097053 -0.125223 0.051750
v 0.103892 -0.130151 0.052605
v 0.103339 -0.131782 0.052103
v 0.100632 -0.131091 0.051448
v 0.102212 -0.135015 0.050914
v 0.113518 -0.135998 0.051698
v 0.112493 -0.137101 0.051050
v 0.119626 -0.140030 0.052348
v 0.105068 -0.135915 0.051674
v 0.110566 -0.139448 0.052581
v 0.112610 -0.143839 0.052130
v 0.115378 -0.146093 0.052287
v 0.093568 -0.129466 0.049363
v 0.102260 -0.138631 0.049819
v 0.110627 -0.146613 0.050607
v 0.106380 -0.144544 0.049552
v 0.111589 -0.151698 0.049166
v 0.108436 -0.142041 0.051193
v 0.112804 -0.146947 0.051252
v 0.121858 -0.149793 0.050128
v 0.126512 -0.151440 0.050799
v 0.130738 -0.155790 0.050522
v 0.136426 -0.159090 0.050817
v 0.130026 -0.156657 0.050226
v 0.135055 -0.160759 0.050396
v 0.122025 -0.145947 0.051247
v 0.127522 -0.149479 0.051475
v 0.128409 -0.148400 0.051885
v 0.125767 -0.152401 0.052382
v 0.136700 -0.158756 0.050954
v 0.133265 -0.152713 0.051984
v 0.131793 -0.154504 0.051907
v 0.131751 -0.154506 0.050926
v 0.136164 -0.159408 0.050986
v 0.135628 -0.160061 0.050993
v 0.134788 -0.161084 0.050963
v 0.130327 -0.156290 0.051694
v 0.129597 -0.157178 0.051542
v 0.127832 -0.158426 0.049389
v 0.121038 -0.152294 0.049182
v 0.117326 -0.153116 0.050692
v 0.127909 -0.159233 0.049229
v 0.132864 -0.162190 0.049763
v 0.132189 -0.162569 0.049545
v 0.131475 -0.162968 0.049302
v 0.129317 -0.157519 0.049908
v 0.134312 -0.161664 0.050127
v 0.134213 -0.161783 0.050092
v 0.133578 -0.161975 0.049940
v 0.131824 -0.162959 0.050690
v 0.127209 -0.160086 0.048869
v 0.131275 -0.163079 0.049231
v 0.130749 -0.163372 0.049045
v 0.130669 -0.163416 0.049016
v 0.126831 -0.160343 0.050690
v 0.130782 -0.163562 0.050478
v 0.131099 -0.163379 0.050550
v 0.130391 -0.163921 0.050362
v 0.126013 -0.161542 0.050245
v 0.129755 -0.164502 0.050150
v 0.129112 -0.165081 0.049888
v 0.121531 -0.154973 0.051180
v 0.123372 -0.154531 0.051611
v 0.119226 -0.149354 0.052239
v 0.117208 -0.151812 0.051056
v 0.133997 -0.161960 0.050887
v 0.134095 -0.161928 0.050888
v 0.133326 -0.162181 0.050860
v 0.133259 -0.162203 0.050857
v 0.128870 -0.158064 0.051363
v 0.128148 -0.158943 0.051133
v 0.132921 -0.162313 0.050833
v 0.132496 -0.162564 0.050786
v 0.091703 -0.102559 0.053143
v 0.089733 -0.103321 0.052960
v 0.092660 -0.103306 0.053205
v 0.099218 -0.112029 0.053284
v 0.101829 -0.110419 0.054192
v 0.100688 -0.110573 0.053836
v 0.100323 -0.111017 0.054039
v 0.087806 -0.104874 0.052688
v 0.093979 -0.108516 0.052672
v 0.093770 -0.108252 0.053312
v 0.102326 -0.116347 0.053220
v 0.099753 -0.112235 0.053938
v 0.096897 -0.112714 0.053529
v 0.091950 -0.110986 0.052868
v 0.096793 -0.115315 0.053293
v 0.091840 -0.115744 0.052261
v 0.106936 -0.115451 0.054439
v 0.109117 -0.118894 0.054891
v 0.111499 -0.119296 0.054860
v 0.107910 -0.120591 0.053753
v 0.108486 -0.121619 0.053707
v 0.107033 -0.121454 0.054463
v 0.118533 -0.129663 0.054724
v 0.121820 -0.132424 0.054907
v 0.109453 -0.116361 0.054920
v 0.110460 -0.119126 0.055047
v 0.108752 -0.123255 0.054616
v 0.121008 -0.126372 0.055979
v 0.123396 -0.128975 0.055992
v 0.116586 -0.121894 0.055779
v 0.121857 -0.125783 0.056410
v 0.126352 -0.130348 0.056327
v 0.113007 -0.122310 0.055323
v 0.117945 -0.130580 0.055657
v 0.124613 -0.132571 0.055381
v 0.119505 -0.128565 0.056022
v 0.118364 -0.129954 0.055765
v 0.123549 -0.133859 0.055878
v 0.100708 -0.120773 0.053394
v 0.096098 -0.113683 0.053331
v 0.105961 -0.124451 0.053987
v 0.103546 -0.125505 0.053331
v 0.097951 -0.122783 0.052489
v 0.111493 -0.128217 0.053105
v 0.115086 -0.133969 0.052739
v 0.120745 -0.133710 0.054344
v 0.121281 -0.136628 0.053678
v 0.113231 -0.136368 0.053955
v 0.113857 -0.135441 0.054249
v 0.108633 -0.127015 0.054234
v 0.116096 -0.132714 0.055108
v 0.121736 -0.136074 0.055441
v 0.114973 -0.134082 0.054699
v 0.120588 -0.137471 0.055100
v 0.128172 -0.138464 0.054383
v 0.130234 -0.137435 0.054939
v 0.128724 -0.137791 0.055089
v 0.126101 -0.140985 0.053445
v 0.132498 -0.143421 0.053575
v 0.132158 -0.144791 0.053126
v 0.131574 -0.144547 0.053560
v 0.127134 -0.139728 0.053929
v 0.132646 -0.153193 0.051999
v 0.127406 -0.139218 0.054944
v 0.131066 -0.155065 0.051865
v 0.125510 -0.141704 0.054564
v 0.126579 -0.140403 0.054782
v 0.103505 -0.127594 0.052994
v 0.108118 -0.132202 0.053361
v 0.111652 -0.138126 0.053189
v 0.118946 -0.139467 0.054521
v 0.117187 -0.141612 0.053783
v 0.116074 -0.142967 0.053226
v 0.122336 -0.145568 0.053617
v 0.127882 -0.150790 0.052770
v 0.123973 -0.143508 0.054178
v 0.121289 -0.146843 0.053217
v 0.120630 -0.147012 0.053083
v 0.138833 -0.161903 0.055592
v 0.135390 -0.162115 0.055581
v 0.133172 -0.162855 0.055581
v 0.131175 -0.164070 0.055581
v 0.140354 -0.166742 0.060387
v 0.139042 -0.166261 0.060387
v 0.136828 -0.166093 0.060388
v 0.134197 -0.167031 0.060388
v 0.103968 -0.147151 0.045081
v 0.105166 -0.146021 0.045720
v 0.098953 -0.143360 0.045199
v 0.109226 -0.150758 0.045709
v 0.106978 -0.153314 0.044825
v 0.106959 -0.152082 0.046439
v 0.102982 -0.148680 0.044936
v 0.104439 -0.146907 0.047595
v 0.108738 -0.151898 0.047659
v 0.118806 -0.159435 0.046638
v 0.114130 -0.157979 0.045628
v 0.113545 -0.159487 0.045670
v 0.112562 -0.157468 0.046839
v 0.123127 -0.165149 0.046786
v 0.123173 -0.161517 0.047478
v 0.115675 -0.158445 0.048065
v 0.119447 -0.164036 0.046673
v 0.124417 -0.163485 0.047389
v 0.129188 -0.167902 0.047649
v 0.128675 -0.168526 0.047404
v 0.130205 -0.166663 0.048183
v 0.129697 -0.167282 0.047913
v 0.127407 -0.168649 0.048287
v 0.127175 -0.167920 0.048409
v 0.127643 -0.169784 0.047223
v 0.122706 -0.165567 0.047756
v 0.127939 -0.169422 0.047933
v 0.126277 -0.170656 0.048372
v 0.126671 -0.175720 0.048372
v 0.115254 -0.154190 0.049628
v 0.119914 -0.158742 0.049573
v 0.122449 -0.163950 0.048488
v 0.128045 -0.166480 0.049236
v 0.128554 -0.165774 0.049578
v 0.124378 -0.163933 0.049133
v 0.127468 -0.167265 0.048786
v 0.125318 -0.162388 0.049863
v 0.128937 -0.165237 0.049808
v 0.129498 -0.165699 0.055581
v 0.127771 -0.168577 0.055599
v 0.127122 -0.173409 0.055592
v 0.128627 -0.177833 0.055592
v 0.132743 -0.168364 0.060387
v 0.131982 -0.169536 0.060387
v 0.131502 -0.170849 0.060387
v 0.131325 -0.172235 0.060387
v 0.131461 -0.173626 0.060387
v 0.131904 -0.174952 0.060387
v 0.147432 -0.166592 0.048372
v 0.148942 -0.171440 0.048372
v 0.152840 -0.178577 0.046858
v 0.152004 -0.179502 0.046786
v 0.166554 -0.189536 0.045054
v 0.165862 -0.191255 0.045105
v 0.158225 -0.182588 0.046014
v 0.164862 -0.189399 0.046821
v 0.156299 -0.184591 0.046530
v 0.155267 -0.185086 0.046931
v 0.165905 -0.193892 0.045709
v 0.147488 -0.174867 0.047223
v 0.147214 -0.175219 0.048021
v 0.148591 -0.175010 0.048372
v 0.151817 -0.179823 0.048409
v 0.146456 -0.176124 0.047404
v 0.145943 -0.176749 0.047649
v 0.150330 -0.181610 0.047580
v 0.147724 -0.176001 0.048287
v 0.147956 -0.176731 0.048409
v 0.145434 -0.177369 0.047913
v 0.144926 -0.177988 0.048183
v 0.156534 -0.182363 0.047543
v 0.161036 -0.188199 0.048249
v 0.172424 -0.196379 0.044948
v 0.167379 -0.192047 0.046743
v 0.171163 -0.197500 0.045081
v 0.169836 -0.198875 0.045826
v 0.171057 -0.196267 0.046606
v 0.175627 -0.201960 0.046582
v 0.180289 -0.206510 0.045461
v 0.165898 -0.195684 0.049208
v 0.147663 -0.177386 0.048786
v 0.152624 -0.181546 0.048854
v 0.147086 -0.178170 0.049236
v 0.146577 -0.178877 0.049578
v 0.151434 -0.182380 0.049506
v 0.149516 -0.182643 0.050042
v 0.157758 -0.189520 0.050032
v 0.162610 -0.194572 0.050137
v 0.143230 -0.163485 0.055592
v 0.146504 -0.166818 0.055592
v 0.148009 -0.171242 0.055592
v 0.147359 -0.176074 0.055599
v 0.141527 -0.167503 0.060387
v 0.142501 -0.168505 0.060387
v 0.143227 -0.169699 0.060387
v 0.143670 -0.171025 0.060387
v 0.143806 -0.172416 0.060387
v 0.143629 -0.173802 0.060387
v 0.143149 -0.175114 0.060387
v 0.137565 -0.172325 0.048372
v 0.151686 -0.185538 0.048099
v 0.144570 -0.178421 0.048372
v 0.145889 -0.179960 0.048372
v 0.145693 -0.180135 0.048462
v 0.145045 -0.180713 0.048758
v 0.144511 -0.181298 0.048372
v 0.148620 -0.183715 0.048500
v 0.142341 -0.182619 0.048372
v 0.155952 -0.188404 0.047534
v 0.149947 -0.185605 0.048592
v 0.158086 -0.192641 0.048013
v 0.157096 -0.193846 0.048685
v 0.135897 -0.183614 0.048372
v 0.139930 -0.183424 0.048372
v 0.129222 -0.180110 0.048372
v 0.132495 -0.182477 0.048372
v 0.164584 -0.194955 0.046449
v 0.171392 -0.198241 0.045175
v 0.172797 -0.204872 0.046708
v 0.187558 -0.215502 0.045851
v 0.186812 -0.216710 0.045972
v 0.182198 -0.210185 0.046828
v 0.176165 -0.206562 0.046135
v 0.185929 -0.217751 0.046474
v 0.161588 -0.195951 0.047801
v 0.167868 -0.201181 0.047234
v 0.169651 -0.199506 0.048915
v 0.173906 -0.204056 0.048616
v 0.161403 -0.198827 0.048764
v 0.165385 -0.202643 0.048588
v 0.173372 -0.209803 0.048096
v 0.180629 -0.210767 0.048081
v 0.185659 -0.216806 0.048161
v 0.179237 -0.214240 0.047523
v 0.181764 -0.214939 0.046916
v 0.182766 -0.215369 0.048930
v 0.169921 -0.209651 0.049240
v 0.174677 -0.213342 0.048772
v 0.183444 -0.219039 0.047646
v 0.182418 -0.220027 0.048289
v 0.144461 -0.181235 0.049016
v 0.143858 -0.181570 0.049231
v 0.146194 -0.179413 0.049808
v 0.146020 -0.179569 0.049887
v 0.145377 -0.180147 0.050150
v 0.144740 -0.180730 0.050362
v 0.144349 -0.181089 0.050478
v 0.144031 -0.181272 0.050550
v 0.148300 -0.184308 0.050690
v 0.147022 -0.185860 0.049373
v 0.143649 -0.181687 0.049305
v 0.142936 -0.182085 0.049547
v 0.142267 -0.182460 0.049763
v 0.142244 -0.182467 0.049769
v 0.143307 -0.181692 0.050690
v 0.141498 -0.182692 0.049954
v 0.140917 -0.182868 0.050089
v 0.145813 -0.187132 0.049908
v 0.156699 -0.193692 0.051640
v 0.154092 -0.192356 0.049182
v 0.151112 -0.190906 0.049620
v 0.142635 -0.182086 0.050786
v 0.142210 -0.182338 0.050834
v 0.146542 -0.186173 0.051270
v 0.141869 -0.182449 0.050857
v 0.141036 -0.182723 0.050888
v 0.141127 -0.182692 0.050887
v 0.141134 -0.182690 0.050887
v 0.160454 -0.197983 0.051937
v 0.150892 -0.186847 0.050930
v 0.149101 -0.189043 0.051695
v 0.155346 -0.195879 0.052502
v 0.144941 -0.188621 0.050380
v 0.140076 -0.183892 0.050396
v 0.138705 -0.185560 0.050817
v 0.144069 -0.189606 0.050722
v 0.149592 -0.192244 0.050338
v 0.157730 -0.198708 0.049952
v 0.157279 -0.200752 0.050707
v 0.140574 -0.183285 0.050941
v 0.140039 -0.183937 0.050978
v 0.145228 -0.187864 0.051616
v 0.139503 -0.184590 0.050993
v 0.138967 -0.185242 0.050986
v 0.143304 -0.190510 0.051006
v 0.144072 -0.189252 0.051819
v 0.138431 -0.185895 0.050954
v 0.142548 -0.191407 0.051266
v 0.141782 -0.192306 0.051505
v 0.140990 -0.193219 0.051726
v 0.143083 -0.190488 0.051936
v 0.148394 -0.193400 0.052662
v 0.156484 -0.202847 0.051560
v 0.155505 -0.204620 0.052348
v 0.164418 -0.195157 0.049618
v 0.167990 -0.201376 0.050298
v 0.177238 -0.211062 0.049727
v 0.162628 -0.200652 0.052063
v 0.166751 -0.202407 0.051103
v 0.164742 -0.204988 0.049563
v 0.163681 -0.206588 0.050419
v 0.175567 -0.216392 0.049413
v 0.183015 -0.219695 0.050264
v 0.179905 -0.218617 0.051019
v 0.172410 -0.216034 0.050333
v 0.180098 -0.221991 0.049633
v 0.170063 -0.208735 0.051674
v 0.159556 -0.201070 0.052966
v 0.164527 -0.204968 0.052532
v 0.162532 -0.207912 0.051190
v 0.161501 -0.209240 0.051901
v 0.175117 -0.213457 0.051225
v 0.173109 -0.215263 0.052251
v 0.180585 -0.223110 0.051854
v 0.177179 -0.221867 0.052489
v 0.141568 -0.192309 0.051990
v 0.140794 -0.193243 0.051738
v 0.154474 -0.205745 0.052929
v 0.178445 -0.222335 0.050243
v 0.160526 -0.210484 0.052543
v 0.172212 -0.219182 0.051262
v 0.175380 -0.223749 0.051528
v 0.169657 -0.219414 0.052081
v 0.174357 -0.224204 0.051926
v 0.172954 -0.225353 0.052565
v 0.196220 -0.225688 0.046320
v 0.195851 -0.227071 0.046432
v 0.190558 -0.223211 0.046733
v 0.204677 -0.235116 0.046794
v 0.200886 -0.232560 0.046696
v 0.188673 -0.218226 0.047201
v 0.194552 -0.225057 0.047393
v 0.186127 -0.219853 0.047048
v 0.198570 -0.229667 0.047572
v 0.192522 -0.224627 0.048227
v 0.204254 -0.235840 0.047734
v 0.196284 -0.229160 0.046864
v 0.193275 -0.228076 0.047376
v 0.194140 -0.231020 0.048011
v 0.188685 -0.227117 0.048482
v 0.195485 -0.229630 0.048912
v 0.183682 -0.222829 0.048751
v 0.195762 -0.234117 0.048438
v 0.202680 -0.237547 0.047549
v 0.205997 -0.238040 0.046950
v 0.208890 -0.240852 0.047918
v 0.204705 -0.238136 0.047223
v 0.200061 -0.234483 0.048916
v 0.201633 -0.237903 0.047914
v 0.204572 -0.239207 0.048927
v 0.197470 -0.236719 0.048698
v 0.205099 -0.241854 0.048103
v 0.204747 -0.243691 0.048661
v 0.210480 -0.241330 0.047111
v 0.215646 -0.246736 0.047379
v 0.213483 -0.245385 0.047917
v 0.214438 -0.246736 0.047347
v 0.213190 -0.246795 0.047558
v 0.222693 -0.254891 0.047736
v 0.209054 -0.243753 0.048936
v 0.214262 -0.247731 0.048573
v 0.221876 -0.253906 0.048261
v 0.208673 -0.243530 0.047711
v 0.213329 -0.248087 0.047830
v 0.218624 -0.252375 0.047821
v 0.212712 -0.249279 0.048234
v 0.207485 -0.244976 0.048343
v 0.218392 -0.254238 0.048243
v 0.216750 -0.254089 0.048496
v 0.227808 -0.258949 0.047968
v 0.223215 -0.256664 0.047946
v 0.223434 -0.256593 0.048683
v 0.221880 -0.258126 0.048409
v 0.228791 -0.259938 0.047907
v 0.228391 -0.260424 0.047881
v 0.228482 -0.260314 0.048305
v 0.227987 -0.260916 0.047996
v 0.228109 -0.260768 0.048573
v 0.227586 -0.261405 0.048133
v 0.227185 -0.261892 0.048275
v 0.232120 -0.266110 0.048239
v 0.232003 -0.266252 0.048271
v 0.231887 -0.266393 0.048309
v 0.227722 -0.261238 0.048794
v 0.226784 -0.262380 0.048416
v 0.232237 -0.265968 0.048254
v 0.232007 -0.266247 0.048453
v 0.185907 -0.220885 0.049580
v 0.190370 -0.225749 0.049510
v 0.194178 -0.231510 0.049953
v 0.188770 -0.227896 0.050655
v 0.187466 -0.228448 0.049244
v 0.189126 -0.230798 0.049414
v 0.194968 -0.235352 0.050686
v 0.201221 -0.238745 0.049813
v 0.196787 -0.237550 0.049104
v 0.205744 -0.243214 0.049710
v 0.197823 -0.237022 0.050317
v 0.202226 -0.242337 0.050371
v 0.184126 -0.224299 0.051142
v 0.190573 -0.233077 0.051306
v 0.191861 -0.233322 0.051036
v 0.213217 -0.249111 0.049261
v 0.210694 -0.247990 0.049605
v 0.218200 -0.252715 0.048954
v 0.216976 -0.253777 0.049453
v 0.222245 -0.257501 0.049159
v 0.227329 -0.261717 0.048981
v 0.226932 -0.262201 0.049141
v 0.211679 -0.250095 0.048630
v 0.226383 -0.262869 0.048553
v 0.225981 -0.263358 0.048685
v 0.231771 -0.266534 0.048349
v 0.231655 -0.266675 0.048388
v 0.231473 -0.266897 0.048447
v 0.231775 -0.266529 0.048563
v 0.231518 -0.266842 0.048651
v 0.231308 -0.267098 0.048698
v 0.231263 -0.267153 0.048508
v 0.231205 -0.267223 0.048564
v 0.231079 -0.267377 0.048731
v 0.231002 -0.267471 0.048572
v 0.230838 -0.267670 0.048602
v 0.230822 -0.267690 0.048743
v 0.230720 -0.267814 0.048621
v 0.230602 -0.267957 0.048636
v 0.230602 -0.267958 0.048736
v 0.230484 -0.268101 0.048648
v 0.230366 -0.268245 0.048656
v 0.230247 -0.268389 0.048661
v 0.230351 -0.268263 0.048707
v 0.230165 -0.268489 0.048672
v 0.195293 -0.237394 0.049461
v 0.185913 -0.230339 0.050215
v 0.181218 -0.225829 0.050380
v 0.185131 -0.231291 0.050677
v 0.194952 -0.238454 0.049810
v 0.194564 -0.239414 0.050134
v 0.204509 -0.244750 0.048974
v 0.204252 -0.245771 0.049267
v 0.203940 -0.246757 0.049545
v 0.194690 -0.241799 0.050611
v 0.199582 -0.244372 0.050026
v 0.202840 -0.248870 0.050165
v 0.186343 -0.230760 0.051878
v 0.183291 -0.228906 0.052261
v 0.184615 -0.232318 0.052463
v 0.191116 -0.236359 0.051739
v 0.184257 -0.232897 0.051294
v 0.183552 -0.233213 0.051538
v 0.182700 -0.234173 0.051949
v 0.193388 -0.241583 0.050865
v 0.177867 -0.229908 0.052290
v 0.188836 -0.237005 0.052239
v 0.186767 -0.237090 0.052590
v 0.195696 -0.239563 0.051275
v 0.201682 -0.245925 0.051021
v 0.194076 -0.240886 0.051731
v 0.192624 -0.242618 0.051218
v 0.199365 -0.245488 0.051339
v 0.197621 -0.246760 0.050870
v 0.199276 -0.247950 0.051514
v 0.192964 -0.242205 0.052017
v 0.181956 -0.235156 0.052316
v 0.191883 -0.242331 0.051341
v 0.187235 -0.239502 0.052690
v 0.181011 -0.239501 0.053215
v 0.201877 -0.251020 0.050658
v 0.196299 -0.248369 0.051345
v 0.195634 -0.249179 0.051553
v 0.192241 -0.243085 0.052167
v 0.191210 -0.244340 0.051777
v 0.191515 -0.243968 0.052283
v 0.190788 -0.244853 0.052371
v 0.197306 -0.247833 0.051739
v 0.197037 -0.250055 0.051756
v 0.189141 -0.245197 0.052288
v 0.190897 -0.247779 0.052273
v 0.192951 -0.249332 0.052091
v 0.200205 -0.253836 0.051195
v 0.211127 -0.250767 0.048887
v 0.214464 -0.254651 0.049001
v 0.210217 -0.252811 0.049452
v 0.218125 -0.256490 0.048701
v 0.215834 -0.254837 0.049825
v 0.218111 -0.258998 0.049090
v 0.206309 -0.246206 0.050206
v 0.211747 -0.251165 0.049988
v 0.203779 -0.245947 0.050643
v 0.212091 -0.253869 0.050267
v 0.206988 -0.250388 0.050655
v 0.215198 -0.256036 0.050038
v 0.214473 -0.256919 0.049351
v 0.216946 -0.261204 0.049472
v 0.204491 -0.248620 0.049795
v 0.213748 -0.256993 0.049474
v 0.209140 -0.253187 0.050595
v 0.208336 -0.254165 0.049984
v 0.207771 -0.254852 0.050159
v 0.202983 -0.250483 0.050390
v 0.208568 -0.253883 0.050697
v 0.213848 -0.257560 0.050274
v 0.216495 -0.261882 0.049568
v 0.212873 -0.258940 0.050356
v 0.220922 -0.258465 0.049541
v 0.220699 -0.259465 0.048805
v 0.220107 -0.259550 0.049756
v 0.226531 -0.262689 0.049280
v 0.226127 -0.263180 0.049402
v 0.225578 -0.263849 0.048808
v 0.224941 -0.264613 0.048982
v 0.225721 -0.263675 0.049495
v 0.225313 -0.264171 0.049571
v 0.219719 -0.260757 0.049871
v 0.219553 -0.260959 0.049154
v 0.219084 -0.261530 0.049271
v 0.224362 -0.265329 0.049120
v 0.223954 -0.265826 0.049200
v 0.224770 -0.264853 0.049651
v 0.224084 -0.265668 0.049694
v 0.223546 -0.266323 0.049271
v 0.223673 -0.266168 0.049701
v 0.223263 -0.266668 0.049691
v 0.223137 -0.266820 0.049330
v 0.222728 -0.267319 0.049378
v 0.222853 -0.267167 0.049662
v 0.218916 -0.261476 0.049947
v 0.218023 -0.262738 0.049975
v 0.202925 -0.250528 0.051173
v 0.207629 -0.254061 0.050804
v 0.207205 -0.255542 0.050319
v 0.211799 -0.259777 0.049987
v 0.212299 -0.259216 0.049890
v 0.211795 -0.260184 0.050352
v 0.210933 -0.261364 0.050136
v 0.210973 -0.262100 0.050185
v 0.205155 -0.258070 0.050800
v 0.217452 -0.263485 0.049572
v 0.216299 -0.265026 0.049692
v 0.215927 -0.265373 0.049745
v 0.222318 -0.267818 0.049413
v 0.222443 -0.267666 0.049617
v 0.221907 -0.268318 0.049437
v 0.221626 -0.268660 0.049478
v 0.222034 -0.268164 0.049556
v 0.217346 -0.263645 0.049937
v 0.216614 -0.264481 0.049868
v 0.207420 -0.255280 0.050834
v 0.204923 -0.255066 0.051016
v 0.201117 -0.252697 0.050966
v 0.204422 -0.255886 0.051010
v 0.205694 -0.257381 0.050856
v 0.199795 -0.254338 0.051334
v 0.145633 -0.178952 0.055581
v 0.143122 -0.181241 0.055589
v 0.153312 -0.198056 0.053346
v 0.151158 -0.201143 0.054178
v 0.139741 -0.182536 0.055581
v 0.136298 -0.182748 0.055592
v 0.131901 -0.181166 0.055592
v 0.163438 -0.206337 0.053155
v 0.162310 -0.207756 0.053750
v 0.158761 -0.205890 0.054246
v 0.156185 -0.205183 0.054521
v 0.171224 -0.217352 0.053147
v 0.142028 -0.176738 0.060388
v 0.140192 -0.177987 0.060387
v 0.138303 -0.178557 0.060388
v 0.136089 -0.178389 0.060387
v 0.134777 -0.177909 0.060387
v 0.133153 -0.176788 0.060388
v 0.146502 -0.195292 0.053028
v 0.144728 -0.197618 0.053307
v 0.150057 -0.202415 0.052934
v 0.149078 -0.203533 0.054673
v 0.143002 -0.202297 0.053821
v 0.140631 -0.194569 0.052059
v 0.151758 -0.209514 0.054525
v 0.150532 -0.210986 0.055126
v 0.146905 -0.206263 0.055041
v 0.146959 -0.206187 0.054383
v 0.147106 -0.212044 0.056005
v 0.154334 -0.207410 0.053402
v 0.165974 -0.213712 0.053816
v 0.160118 -0.210532 0.054700
v 0.159436 -0.211447 0.053108
v 0.158639 -0.212481 0.053596
v 0.162662 -0.217688 0.053665
v 0.175394 -0.223747 0.053183
v 0.169665 -0.219444 0.053788
v 0.168110 -0.221337 0.052957
v 0.168676 -0.220648 0.054129
v 0.179032 -0.230967 0.053331
v 0.173027 -0.227375 0.053999
v 0.154543 -0.207179 0.055100
v 0.152807 -0.209276 0.055597
v 0.167340 -0.220316 0.054355
v 0.162821 -0.217551 0.054933
v 0.158431 -0.212668 0.055311
v 0.157267 -0.214087 0.054342
v 0.166602 -0.223116 0.053734
v 0.167957 -0.223351 0.053425
v 0.172804 -0.228303 0.053220
v 0.171223 -0.229881 0.054373
v 0.165213 -0.224863 0.054393
v 0.172816 -0.229852 0.053506
v 0.149326 -0.213167 0.055849
v 0.156726 -0.214746 0.055775
v 0.156174 -0.215419 0.054916
v 0.151084 -0.211390 0.055969
v 0.154123 -0.218278 0.055979
v 0.155073 -0.216758 0.055459
v 0.161676 -0.225114 0.055381
v 0.148779 -0.214302 0.056327
v 0.159619 -0.221449 0.055635
v 0.154963 -0.216887 0.056155
v 0.153332 -0.218878 0.056392
v 0.166681 -0.223077 0.054671
v 0.165586 -0.224040 0.054882
v 0.164238 -0.226051 0.054818
v 0.163661 -0.226753 0.055171
v 0.166134 -0.228728 0.054920
v 0.179210 -0.228273 0.053009
v 0.178338 -0.229335 0.053293
v 0.182357 -0.234668 0.053081
v 0.178660 -0.232930 0.053518
v 0.181834 -0.237951 0.052826
v 0.177344 -0.233614 0.053727
v 0.186058 -0.241480 0.052884
v 0.180343 -0.237119 0.053004
v 0.175305 -0.233028 0.053486
v 0.183428 -0.242091 0.053143
v 0.179032 -0.238716 0.053581
v 0.184966 -0.241717 0.053000
v 0.173012 -0.233061 0.053992
v 0.174808 -0.233633 0.054039
v 0.173919 -0.234715 0.054132
g prop
f 169 354 320
f 169 171 354
f 171 215 173
f 171 173 174
f 171 174 354
f 169 280 212
f 169 320 279
f 169 212 171
f 171 212 208
f 171 208 209
f 171 209 216
f 171 216 215
f 280 222 212
f 280 223 222
f 281 224 223
f 281 213 224
f 281 218 213
f 281 219 218
f 281 220 219
f 311 308 220
f 169 279 280
f 280 281 223
f 281 311 220
f 280 279 283
f 279 282 283
f 280 283 281
f 281 284 311
f 281 283 284
f 282 284 283
f 354 174 301
f 305 354 301
f 305 306 354
f 311 302 308
f 312 301 302
f 305 301 312
f 305 313 306
f 311 312 302
f 305 312 313
f 311 284 312
f 312 284 314
f 312 314 315
f 314 284 315
f 315 284 316
f 316 284 317
f 312 315 316
f 312 316 317
f 317 284 318
f 318 284 319
f 312 317 313
f 317 318 313
f 318 319 313
f 320 354 321
f 321 354 333
f 354 355 333
f 320 321 347
f 321 333 348
f 348 333 334
f 348 334 343
f 575 343 344
f 320 347 279
f 321 348 347
f 348 343 575
f 279 347 349
f 279 349 282
f 347 350 349
f 347 351 350
f 353 347 348
f 348 575 583
f 351 347 352
f 352 347 353
f 282 349 284
f 349 350 284
f 350 351 284
f 348 583 353
f 351 352 284
f 352 353 284
f 353 583 284
f 354 357 355
f 354 358 357
f 357 356 355
f 357 375 374
f 354 360 358
f 357 358 381
f 354 306 360
f 357 381 375
f 358 382 381
f 358 360 383
f 358 383 382
f 360 394 383
f 575 344 377
f 575 377 379
f 575 379 380
f 575 380 388
f 575 388 390
f 579 391 394
f 579 390 391
f 360 579 394
f 306 313 360
f 575 390 579
f 360 580 579
f 360 313 580
f 585 575 579
f 584 583 575
f 284 583 584
f 284 584 585
f 584 575 585
f 284 585 586
f 284 586 319
f 585 579 580
f 313 586 580
f 585 580 586
f 313 319 586
f 322 323 332
f 322 332 325
f 322 324 323
f 326 339 325
f 325 337 326
f 323 327 330
f 329 327 323
f 329 328 333
f 323 330 332
f 329 355 327
f 332 330 331
f 327 355 330
f 330 355 331
f 331 335 332
f 329 333 355
f 328 334 333
f 328 345 334
f 331 355 335
f 332 335 336
f 335 355 336
f 332 336 376
f 329 323 328
f 324 341 323
f 332 337 325
f 341 342 323
f 323 342 328
f 322 338 324
f 322 325 338
f 338 325 339
f 338 340 324
f 339 363 338
f 345 343 334
f 345 378 343
f 378 344 343
f 345 328 346
f 328 342 346
f 336 355 356
f 336 356 376
f 376 356 357
f 376 357 374
f 332 376 337
f 337 359 326
f 376 359 337
f 326 365 361
f 326 359 365
f 339 326 361
f 339 361 363
f 338 363 428
f 338 368 340
f 361 362 363
f 363 362 364
f 338 428 368
f 363 427 428
f 363 364 369
f 363 369 427
f 361 365 362
f 365 366 371
f 340 367 324
f 324 367 341
f 364 362 369
f 369 362 370
f 365 371 362
f 371 372 362
f 362 372 370
f 370 372 373
f 376 374 375
f 375 381 359
f 376 375 359
f 378 377 344
f 378 392 377
f 392 389 377
f 389 379 377
f 359 381 382
f 359 382 384
f 384 382 383
f 345 386 378
f 378 385 392
f 345 346 386
f 378 386 385
f 359 387 365
f 387 366 365
f 359 384 395
f 359 395 387
f 398 380 379
f 389 398 379
f 398 388 380
f 397 391 390
f 398 399 388
f 385 393 392
f 385 386 393
f 392 576 389
f 393 415 392
f 394 384 383
f 394 391 403
f 394 402 384
f 395 396 387
f 387 396 366
f 397 400 391
f 404 390 388
f 400 401 391
f 397 390 404
f 399 404 388
f 401 403 391
f 394 403 402
f 397 405 400
f 400 405 401
f 401 420 403
f 397 404 405
f 403 420 402
f 401 405 420
f 395 406 396
f 389 576 577
f 384 402 395
f 402 407 395
f 395 407 421
f 395 421 406
f 346 342 408
f 346 408 386
f 342 409 408
f 341 410 342
f 342 410 409
f 341 367 410
f 410 412 409
f 408 409 386
f 386 414 393
f 409 414 386
f 366 396 371
f 371 411 372
f 373 372 413
f 412 464 409
f 411 416 372
f 372 422 413
f 372 416 422
f 393 414 415
f 371 396 411
f 396 406 411
f 411 406 416
f 406 423 416
f 409 417 418
f 409 418 414
f 409 464 417
f 414 418 419
f 414 419 598
f 402 590 407
f 404 588 405
f 402 420 590
f 405 590 420
f 406 421 423
f 423 421 416
f 422 416 424
f 422 424 425
f 422 425 495
f 424 426 425
f 424 594 426
f 425 426 504
f 426 507 504
f 427 429 428
f 428 429 430
f 428 430 433
f 368 431 340
f 427 369 434
f 427 434 429
f 428 433 368
f 368 437 431
f 340 431 432
f 340 432 367
f 368 433 437
f 369 370 434
f 429 434 435
f 370 373 434
f 435 436 429
f 429 436 430
f 430 440 444
f 430 444 433
f 430 441 440
f 430 436 441
f 433 443 437
f 435 438 436
f 436 438 446
f 438 439 446
f 440 442 444
f 440 441 442
f 444 447 433
f 433 447 443
f 444 450 447
f 442 454 444
f 441 436 445
f 441 445 442
f 436 446 445
f 445 446 439
f 442 445 448
f 442 448 449
f 445 439 448
f 448 478 451
f 442 449 454
f 444 454 450
f 449 453 452
f 449 452 454
f 449 455 453
f 454 461 450
f 448 451 449
f 449 456 455
f 449 451 456
f 451 457 456
f 451 462 457
f 453 455 458
f 452 453 454
f 454 463 461
f 455 456 459
f 456 457 460
f 455 459 458
f 456 460 459
f 457 480 460
f 457 462 480
f 461 463 476
f 454 453 463
f 453 458 483
f 453 483 463
f 410 367 412
f 432 469 367
f 469 412 367
f 412 466 464
f 373 413 434
f 434 413 465
f 434 465 435
f 435 465 438
f 465 494 467
f 413 422 465
f 412 469 466
f 464 466 471
f 437 443 431
f 432 468 469
f 465 467 438
f 438 467 439
f 431 443 468
f 432 431 468
f 469 470 466
f 468 474 469
f 469 474 530
f 469 530 470
f 466 470 531
f 464 471 417
f 417 471 418
f 443 472 468
f 447 473 443
f 447 450 473
f 443 473 475
f 443 475 472
f 475 537 472
f 473 450 475
f 450 461 476
f 450 477 475
f 450 476 477
f 476 463 477
f 439 526 448
f 462 451 479
f 451 538 539
f 451 539 479
f 462 479 481
f 481 479 539
f 462 481 480
f 458 459 483
f 459 460 483
f 460 480 483
f 480 481 483
f 481 482 483
f 477 463 484
f 463 483 484
f 481 539 482
f 483 486 484
f 483 482 485
f 483 485 487
f 483 487 488
f 483 488 489
f 483 492 486
f 482 539 540
f 482 547 485
f 483 489 490
f 483 490 491
f 483 491 493
f 483 493 492
f 465 422 495
f 465 495 494
f 495 425 494
f 467 496 439
f 467 494 496
f 439 497 526
f 439 496 497
f 494 498 496
f 498 494 499
f 498 499 496
f 496 500 497
f 499 500 496
f 499 536 500
f 536 499 558
f 471 501 418
f 418 501 502
f 494 425 504
f 419 502 598
f 419 418 502
f 502 503 598
f 502 508 503
f 504 505 494
f 499 494 505
f 505 506 499
f 504 507 505
f 508 509 503
f 503 509 514
f 503 514 619
f 466 510 471
f 471 511 501
f 531 510 466
f 471 510 511
f 501 511 502
f 502 511 508
f 506 512 499
f 508 511 513
f 511 557 513
f 508 514 509
f 508 513 514
f 514 513 521
f 505 507 515
f 505 515 506
f 514 520 622
f 506 515 519
f 519 515 523
f 512 519 499
f 512 506 519
f 499 519 516
f 558 499 516
f 516 572 558
f 516 523 517
f 516 517 572
f 514 521 518
f 522 520 518
f 514 518 520
f 516 519 523
f 622 520 522
f 628 522 524
f 521 522 518
f 517 564 572
f 517 574 564
f 517 523 627
f 517 627 524
f 525 524 522
f 525 517 524
f 525 574 517
f 526 497 478
f 448 526 478
f 478 497 527
f 478 529 451
f 468 472 528
f 527 529 478
f 529 527 533
f 530 531 470
f 531 532 510
f 468 528 474
f 474 528 530
f 528 543 530
f 530 548 531
f 527 497 533
f 533 534 529
f 533 497 500
f 533 500 536
f 533 558 535
f 536 558 533
f 531 555 556
f 532 531 556
f 534 533 535
f 534 535 558
f 532 556 571
f 532 571 562
f 475 477 537
f 472 537 541
f 472 541 528
f 529 538 451
f 538 540 539
f 538 529 540
f 540 529 546
f 528 542 543
f 528 541 542
f 484 537 477
f 484 541 537
f 484 542 541
f 484 486 542
f 482 540 546
f 482 546 547
f 485 549 487
f 487 552 488
f 486 492 550
f 486 548 542
f 530 543 548
f 543 542 548
f 546 529 544
f 546 544 547
f 529 534 544
f 544 534 545
f 547 544 549
f 544 545 549
f 545 552 549
f 552 545 553
f 485 547 549
f 487 549 552
f 488 552 553
f 488 553 489
f 489 566 490
f 490 568 491
f 492 493 570
f 491 569 493
f 486 550 548
f 492 551 550
f 492 554 551
f 489 553 566
f 490 566 568
f 491 568 569
f 493 569 570
f 492 567 554
f 492 570 567
f 531 548 555
f 555 548 556
f 548 550 556
f 550 551 556
f 551 571 556
f 551 554 571
f 532 511 510
f 511 562 557
f 532 562 511
f 562 513 557
f 558 572 559
f 559 572 560
f 534 558 559
f 534 559 561
f 545 534 561
f 562 571 565
f 561 560 545
f 565 563 562
f 563 565 560
f 559 560 561
f 563 560 573
f 563 573 521
f 560 564 574
f 560 574 573
f 553 545 566
f 554 567 571
f 545 568 566
f 565 567 570
f 565 570 569
f 545 565 568
f 565 569 568
f 571 567 565
f 560 565 545
f 513 562 521
f 562 563 521
f 560 572 564
f 573 525 522
f 521 573 522
f 573 574 525
f 389 578 398
f 392 581 576
f 392 415 581
f 389 577 578
f 404 399 589
f 404 589 587
f 398 589 399
f 398 578 604
f 398 604 589
f 415 414 581
f 414 582 581
f 414 598 582
f 404 587 588
f 407 596 421
f 405 588 590
f 590 591 407
f 590 592 591
f 407 591 596
f 589 604 602
f 589 602 612
f 588 593 590
f 590 593 592
f 589 612 587
f 587 612 588
f 592 593 606
f 588 612 593
f 416 421 424
f 581 582 576
f 582 577 576
f 421 596 424
f 424 596 594
f 594 596 595
f 598 503 582
f 582 503 597
f 597 599 582
f 582 599 577
f 594 595 426
f 595 607 426
f 426 608 507
f 577 599 603
f 603 601 600
f 603 599 601
f 578 577 604
f 577 603 604
f 603 605 604
f 605 602 604
f 602 611 612
f 603 600 605
f 596 591 595
f 426 607 608
f 608 621 507
f 608 623 621
f 608 607 617
f 606 614 607
f 614 617 607
f 600 609 605
f 608 610 623
f 608 617 610
f 591 607 595
f 591 592 607
f 607 592 606
f 602 605 611
f 612 611 613
f 612 613 614
f 606 593 614
f 612 614 593
f 613 615 614
f 617 614 615
f 605 609 616
f 616 611 605
f 611 616 613
f 617 618 610
f 613 616 618
f 613 618 615
f 617 615 618
f 616 609 610
f 610 618 616
f 597 619 599
f 503 619 597
f 619 620 599
f 599 620 601
f 619 514 620
f 515 507 621
f 620 622 601
f 515 621 623
f 514 622 620
f 622 522 628
f 622 600 601
f 515 623 610
f 622 625 600
f 515 610 624
f 523 515 624
f 523 624 627
f 628 524 627
f 622 628 625
f 625 628 627
f 624 626 627
f 625 627 626
f 625 609 600
f 625 626 609
f 609 626 610
f 624 610 626
f 1 11 2
f 2 11 3
f 3 11 4
f 1 7 11
f 13 8 11
f 4 11 5
f 5 11 6
f 6 11 8
f 7 9 11
f 11 10 12
f 11 9 10
f 13 46 8
f 13 11 15
f 14 15 11
f 14 11 94
f 11 95 94
f 14 99 15
f 13 15 17
f 11 12 16
f 11 16 98
f 13 17 46
f 15 99 17
f 46 17 18
f 17 99 18
f 19 20 23
f 20 21 23
f 19 23 22
f 22 23 24
f 21 34 23
f 22 24 36
f 23 34 41
f 23 41 28
f 23 27 24
f 23 25 26
f 23 28 25
f 23 26 27
f 28 29 25
f 24 27 67
f 29 28 31
f 28 53 54
f 28 54 31
f 25 30 26
f 25 29 30
f 26 30 27
f 29 31 71
f 27 32 67
f 19 2 20
f 19 22 1
f 20 3 21
f 21 4 34
f 22 36 1
f 20 2 3
f 19 1 2
f 21 3 4
f 4 5 34
f 1 36 7
f 5 35 34
f 6 33 35
f 38 33 8
f 7 36 37
f 9 37 39
f 41 34 35
f 35 33 41
f 38 41 33
f 38 42 41
f 41 42 51
f 38 45 42
f 36 43 37
f 37 43 44
f 37 44 39
f 39 44 52
f 39 52 40
f 5 6 35
f 6 8 33
f 7 37 9
f 9 40 10
f 38 8 45
f 45 8 46
f 9 39 40
f 10 40 48
f 10 48 12
f 12 49 16
f 12 48 47
f 12 47 49
f 16 49 132
f 42 45 46
f 46 18 42
f 42 18 58
f 48 61 47
f 47 61 49
f 48 40 63
f 28 41 51
f 42 50 51
f 50 55 53
f 50 58 55
f 51 50 53
f 28 51 53
f 24 66 36
f 24 67 66
f 43 36 57
f 36 66 57
f 44 43 52
f 43 57 52
f 53 55 54
f 57 64 52
f 42 58 50
f 18 59 58
f 58 59 56
f 18 60 59
f 60 62 59
f 40 52 63
f 63 52 65
f 48 63 61
f 63 65 61
f 52 64 65
f 57 66 64
f 29 70 68
f 29 71 70
f 29 68 30
f 68 227 30
f 68 70 226
f 69 70 71
f 30 227 72
f 30 32 27
f 31 54 71
f 54 55 71
f 71 55 69
f 30 72 32
f 32 72 73
f 32 73 74
f 32 74 84
f 229 69 228
f 75 228 69
f 55 75 69
f 55 58 76
f 56 76 58
f 56 77 76
f 77 56 87
f 59 78 56
f 62 78 59
f 62 79 78
f 65 64 139
f 78 79 56
f 79 80 56
f 56 80 87
f 79 81 80
f 81 79 82
f 76 75 55
f 67 90 66
f 66 85 64
f 66 90 83
f 76 77 75
f 66 83 86
f 32 84 67
f 67 84 90
f 66 86 85
f 85 86 64
f 64 86 147
f 77 232 75
f 77 88 232
f 77 87 88
f 84 74 90
f 74 73 91
f 74 91 90
f 80 81 87
f 86 83 147
f 87 81 89
f 90 91 83
f 83 91 149
f 91 92 149
f 14 94 96
f 97 94 95
f 95 98 100
f 97 96 94
f 11 98 95
f 16 133 98
f 14 96 99
f 98 133 101
f 95 100 97
f 98 101 100
f 96 102 18
f 97 102 96
f 96 18 99
f 18 102 105
f 97 103 102
f 93 97 100
f 104 100 101
f 93 103 97
f 101 134 104
f 93 100 104
f 93 104 110
f 134 112 104
f 60 18 105
f 60 105 106
f 102 103 105
f 103 108 106
f 105 103 106
f 93 108 103
f 134 136 114
f 106 108 107
f 93 110 108
f 110 112 113
f 110 109 108
f 110 111 109
f 110 113 111
f 110 104 112
f 134 113 112
f 134 114 113
f 136 115 114
f 108 119 118
f 106 116 60
f 62 60 116
f 106 117 116
f 107 118 106
f 108 118 107
f 106 118 117
f 108 109 119
f 109 111 119
f 111 120 119
f 128 111 113
f 119 123 118
f 120 123 119
f 114 115 128
f 128 113 114
f 128 115 121
f 123 122 118
f 123 124 122
f 124 156 122
f 111 127 120
f 120 127 125
f 125 126 123
f 128 127 111
f 128 121 129
f 128 129 127
f 120 125 123
f 127 129 131
f 121 131 129
f 121 130 131
f 16 132 133
f 101 133 134
f 133 132 134
f 49 135 132
f 132 136 134
f 49 61 135
f 132 135 136
f 135 61 137
f 61 138 137
f 136 135 115
f 135 137 115
f 65 138 61
f 137 138 140
f 140 138 141
f 116 117 62
f 117 142 62
f 65 139 138
f 139 141 138
f 139 64 146
f 137 140 115
f 115 140 121
f 140 141 121
f 117 118 142
f 142 118 143
f 79 62 142
f 142 143 79
f 118 122 143
f 143 82 79
f 122 156 143
f 141 139 144
f 141 144 121
f 121 144 130
f 144 145 130
f 139 146 144
f 146 64 147
f 147 148 146
f 83 148 147
f 176 146 148
f 83 149 148
f 87 237 88
f 237 87 253
f 89 150 87
f 150 253 87
f 81 151 150
f 89 81 150
f 82 151 81
f 82 152 256
f 150 151 253
f 82 256 151
f 152 268 256
f 153 268 195
f 154 269 267
f 124 157 156
f 123 126 159
f 127 285 160
f 125 127 160
f 125 160 126
f 127 131 285
f 126 160 287
f 131 163 285
f 126 287 159
f 287 161 159
f 161 162 168
f 123 159 124
f 124 159 157
f 159 164 157
f 159 161 164
f 130 145 163
f 131 130 163
f 163 167 289
f 163 145 167
f 164 166 157
f 164 161 166
f 157 166 158
f 161 168 166
f 166 168 165
f 165 170 166
f 168 170 165
f 168 296 170
f 170 172 214
f 172 215 214
f 170 299 173
f 299 174 173
f 172 173 215
f 172 170 173
f 82 143 175
f 156 175 143
f 82 175 152
f 175 180 152
f 175 177 180
f 156 157 175
f 157 177 175
f 157 158 177
f 177 158 178
f 148 149 179
f 179 149 92
f 92 273 183
f 176 148 179
f 176 179 186
f 186 179 190
f 179 183 190
f 92 183 179
f 180 177 152
f 177 182 152
f 178 181 177
f 177 181 182
f 268 152 182
f 273 184 183
f 144 185 145
f 146 185 144
f 145 185 167
f 167 185 176
f 176 186 188
f 146 176 185
f 167 176 188
f 186 190 187
f 186 189 188
f 167 188 189
f 167 189 290
f 186 187 189
f 183 187 190
f 158 204 178
f 178 191 193
f 193 191 210
f 192 193 212
f 192 212 211
f 192 211 198
f 199 211 222
f 178 182 181
f 182 193 194
f 192 198 193
f 195 193 198
f 268 182 194
f 268 194 193
f 268 193 195
f 153 195 198
f 178 193 182
f 270 203 277
f 203 196 277
f 155 153 199
f 154 155 199
f 154 201 269
f 211 153 198
f 154 199 200
f 154 200 201
f 199 153 211
f 199 222 200
f 269 202 270
f 269 201 202
f 200 222 201
f 201 222 202
f 270 223 203
f 270 202 223
f 158 166 204
f 166 170 204
f 178 204 191
f 170 191 204
f 191 170 214
f 191 214 207
f 189 187 307
f 187 205 307
f 217 310 206
f 191 208 210
f 207 216 209
f 207 209 191
f 191 209 208
f 193 210 208
f 193 208 212
f 211 212 222
f 214 215 216
f 207 214 216
f 217 225 219
f 197 218 219
f 217 220 308
f 217 308 310
f 217 219 220
f 187 183 205
f 183 221 205
f 206 221 217
f 197 225 217
f 184 221 183
f 278 217 221
f 278 197 217
f 221 206 205
f 203 213 196
f 202 222 223
f 203 223 224
f 203 224 213
f 196 218 197
f 197 219 225
f 196 213 218
f 69 229 226
f 70 69 226
f 68 226 227
f 227 238 231
f 229 228 241
f 226 229 230
f 227 226 230
f 227 230 238
f 72 227 231
f 72 231 73
f 75 232 228
f 231 233 73
f 91 73 234
f 229 241 240
f 229 240 236
f 228 235 241
f 229 236 230
f 228 232 235
f 232 88 237
f 232 237 235
f 238 230 242
f 231 238 233
f 237 239 235
f 238 242 233
f 239 248 235
f 241 244 240
f 241 243 244
f 241 235 243
f 236 240 249
f 240 244 249
f 230 236 242
f 243 245 244
f 244 245 249
f 243 246 245
f 245 247 251
f 243 235 246
f 235 248 246
f 249 250 236
f 236 250 242
f 248 258 246
f 248 239 258
f 245 251 249
f 249 251 250
f 73 233 252
f 73 252 234
f 237 253 239
f 252 233 260
f 234 254 91
f 91 254 92
f 234 252 254
f 92 254 272
f 252 255 254
f 254 255 259
f 255 252 259
f 151 257 253
f 151 256 257
f 253 257 239
f 239 257 258
f 260 261 252
f 252 261 259
f 233 242 260
f 250 251 242
f 242 262 260
f 242 251 262
f 261 260 262
f 154 264 263
f 245 264 267
f 246 264 245
f 245 265 247
f 258 263 246
f 246 263 264
f 245 267 265
f 251 265 271
f 247 265 251
f 266 257 268
f 266 153 258
f 154 263 155
f 154 267 264
f 155 258 153
f 155 263 258
f 266 258 257
f 269 271 265
f 269 265 267
f 266 268 153
f 256 268 257
f 271 277 262
f 269 270 271
f 270 277 271
f 251 271 262
f 261 262 276
f 92 272 273
f 272 254 273
f 254 275 273
f 259 275 254
f 259 261 274
f 259 274 275
f 275 184 273
f 277 196 276
f 262 277 276
f 278 274 261
f 278 261 276
f 197 278 276
f 275 274 278
f 184 275 221
f 275 278 221
f 196 197 276
f 285 286 287
f 160 285 287
f 163 286 285
f 163 289 286
f 286 289 287
f 287 288 161
f 287 289 288
f 162 161 288
f 288 289 292
f 292 289 293
f 289 290 293
f 167 290 289
f 288 296 162
f 288 292 291
f 288 291 296
f 292 293 294
f 292 294 291
f 168 162 296
f 290 295 293
f 293 303 294
f 293 295 303
f 296 297 300
f 298 174 297
f 291 294 298
f 291 297 296
f 291 298 297
f 170 296 299
f 296 300 299
f 300 174 299
f 297 174 300
f 304 301 174
f 298 304 174
f 309 301 303
f 309 302 301
f 294 303 298
f 298 303 304
f 304 303 301
f 189 295 290
f 295 307 303
f 189 307 295
f 303 307 205
f 309 205 206
f 303 205 309
f 206 308 302
f 206 310 308
f 309 206 302
f 789 790 972
f 789 972 794
f 794 796 795
f 794 797 796
f 794 972 797
f 789 835 901
f 789 963 790
f 789 794 835
f 794 832 835
f 794 834 833
f 794 833 832
f 794 795 837
f 794 837 834
f 901 835 845
f 901 845 844
f 902 844 846
f 902 846 847
f 902 847 836
f 902 836 839
f 902 839 840
f 927 840 926
f 789 901 963
f 901 844 902
f 902 840 927
f 901 904 963
f 963 903 966
f 901 902 904
f 902 927 929
f 963 904 903
f 902 929 904
f 904 929 903
f 972 918 797
f 921 918 972
f 921 972 983
f 927 926 923
f 928 923 918
f 921 928 918
f 921 983 1201
f 927 923 928
f 921 1201 928
f 927 928 929
f 928 930 929
f 928 931 930
f 929 930 903
f 930 931 903
f 931 932 903
f 932 933 903
f 928 932 931
f 928 933 932
f 933 934 903
f 934 1208 903
f 928 1201 933
f 933 1201 934
f 934 1201 1208
f 790 935 972
f 935 943 972
f 972 943 973
f 790 964 935
f 935 965 943
f 965 957 943
f 965 959 957
f 1197 999 959
f 790 963 964
f 935 964 965
f 965 1197 959
f 963 967 964
f 963 966 967
f 964 967 968
f 964 968 969
f 971 965 964
f 965 1204 1197
f 969 970 964
f 970 971 964
f 966 903 967
f 967 903 968
f 968 903 969
f 965 971 1204
f 969 903 970
f 970 903 971
f 971 903 1204
f 972 973 975
f 972 975 977
f 975 973 974
f 972 977 982
f 975 998 977
f 975 997 998
f 977 998 1002
f 977 1003 982
f 977 1002 1003
f 982 1003 1004
f 1197 1000 999
f 1197 1001 1000
f 1197 1008 1001
f 1197 1010 1008
f 1197 1012 1010
f 1199 1004 1011
f 1199 1011 1012
f 982 1004 1199
f 972 982 1201
f 983 972 1201
f 1197 1199 1012
f 982 1199 1200
f 982 1200 1201
f 1206 1199 1197
f 1205 1197 1204
f 903 1205 1204
f 903 1206 1205
f 1205 1206 1197
f 903 1207 1206
f 903 1208 1207
f 1206 1200 1199
f 1201 1200 1207
f 1206 1207 1200
f 1201 1207 1208
f 937 940 938
f 938 936 939
f 937 938 939
f 937 939 952
f 937 941 940
f 938 945 936
f 942 943 944
f 938 946 945
f 936 945 973
f 938 947 946
f 945 946 973
f 946 947 948
f 936 973 942
f 942 973 943
f 944 943 957
f 944 957 958
f 946 948 973
f 947 949 948
f 948 949 973
f 936 942 939
f 942 944 939
f 938 940 947
f 947 940 941
f 947 941 978
f 944 958 939
f 939 958 950
f 939 950 956
f 937 955 951
f 937 952 955
f 951 953 937
f 937 953 941
f 953 954 941
f 941 954 978
f 951 955 985
f 939 956 952
f 958 957 959
f 958 959 960
f 960 959 999
f 958 961 962
f 958 962 950
f 949 974 973
f 949 947 974
f 947 976 974
f 976 975 974
f 976 979 975
f 978 980 947
f 978 987 980
f 947 980 979
f 976 947 979
f 980 987 981
f 980 981 979
f 981 987 989
f 978 954 987
f 953 984 954
f 951 1045 953
f 953 1045 986
f 953 986 984
f 951 985 1045
f 954 984 987
f 952 988 955
f 984 989 987
f 984 994 989
f 955 990 985
f 985 990 991
f 955 988 990
f 984 986 992
f 986 993 992
f 984 992 994
f 994 996 995
f 992 996 994
f 979 997 975
f 997 979 998
f 960 999 1000
f 960 1000 1001
f 979 1002 998
f 979 1005 1002
f 1005 1003 1002
f 1005 1016 1003
f 960 1006 958
f 960 1013 1006
f 958 1006 1034
f 958 1034 961
f 979 981 1007
f 981 989 1017
f 1007 981 1017
f 979 1016 1005
f 979 1007 1016
f 1009 1001 1008
f 960 1001 1009
f 1009 1008 1010
f 1019 1012 1011
f 960 1009 1014
f 960 1014 1013
f 1013 1014 1006
f 1006 1014 1034
f 1004 1003 1022
f 1016 1022 1003
f 1004 1015 1011
f 1004 1022 1025
f 1007 1017 1016
f 1016 1017 1018
f 1019 1011 1020
f 1023 1010 1012
f 1020 1011 1021
f 1019 1023 1012
f 1009 1010 1023
f 1015 1024 1011
f 1021 1011 1024
f 1004 1026 1015
f 1019 1020 1213
f 1015 1038 1024
f 1004 1025 1026
f 1020 1021 1213
f 1021 1024 1213
f 1019 1213 1023
f 1015 1026 1038
f 1024 1038 1213
f 1016 1018 1028
f 1009 1027 1014
f 1009 1023 1209
f 1016 1039 1022
f 1016 1028 1039
f 1009 1209 1027
f 956 1029 952
f 950 1029 956
f 950 962 1029
f 988 1030 990
f 988 952 1030
f 990 1086 991
f 1030 1032 990
f 952 1029 1030
f 990 1032 1086
f 962 961 1033
f 989 994 1017
f 1017 994 1018
f 995 1031 994
f 995 996 1031
f 994 1031 1018
f 996 1054 1031
f 1030 1029 1032
f 1018 1031 1035
f 1018 1035 1028
f 1031 1054 1035
f 1054 1040 1035
f 1034 1033 961
f 1028 1035 1039
f 962 1033 1029
f 1032 1029 1037
f 1033 1036 1029
f 1029 1036 1037
f 1032 1037 1094
f 1033 1202 1036
f 1036 1123 1037
f 1023 1213 1210
f 1022 1039 1025
f 1035 1041 1039
f 1039 1041 1217
f 1040 1042 1035
f 1035 1042 1041
f 1042 1043 1041
f 1043 1044 1222
f 1042 1044 1043
f 1045 985 1048
f 986 1046 993
f 1045 1046 986
f 993 1046 992
f 1045 1047 1046
f 1046 1047 1051
f 1045 1050 1047
f 985 1049 1048
f 1045 1048 1050
f 985 991 1049
f 992 1046 996
f 1046 1052 996
f 1051 1052 1046
f 1052 1053 996
f 996 1053 1054
f 1048 1049 1058
f 1052 1055 1053
f 1052 1051 1056
f 1047 1057 1051
f 1052 1056 1059
f 1047 1063 1057
f 1047 1064 1063
f 1047 1050 1064
f 1051 1057 1056
f 1048 1058 1060
f 1048 1060 1050
f 1050 1060 1067
f 1056 1069 1059
f 1052 1059 1055
f 1069 1055 1059
f 1055 1062 1061
f 1055 1072 1062
f 1057 1065 1056
f 1057 1063 1065
f 1065 1063 1066
f 1063 1064 1068
f 1065 1066 1056
f 1056 1066 1071
f 1063 1073 1066
f 1050 1067 1064
f 1063 1068 1073
f 1056 1070 1069
f 1056 1071 1070
f 1069 1070 1055
f 1055 1070 1072
f 1070 1071 1072
f 1072 1071 1074
f 1064 1097 1068
f 1072 1074 1149
f 1072 1149 1062
f 1068 1097 1073
f 1066 1075 1071
f 1066 1073 1075
f 1071 1075 1077
f 1073 1097 1076
f 1097 1082 1076
f 1071 1077 1078
f 1071 1078 1074
f 1074 1078 1079
f 1074 1079 1083
f 1073 1084 1075
f 1075 1084 1077
f 1073 1076 1084
f 1077 1080 1078
f 1078 1081 1079
f 1077 1084 1080
f 1078 1080 1081
f 1079 1081 1101
f 1085 1076 1082
f 1079 1101 1083
f 1076 1085 1084
f 1084 1085 1104
f 991 1086 1049
f 1049 1086 1087
f 1049 1087 1058
f 1086 1032 1088
f 1086 1088 1087
f 1053 1089 1054
f 1054 1089 1040
f 1089 1090 1040
f 1053 1055 1089
f 1055 1090 1089
f 1055 1061 1090
f 1087 1088 1092
f 1061 1062 1090
f 1058 1091 1060
f 1090 1062 1119
f 1087 1092 1058
f 1092 1093 1058
f 1058 1093 1091
f 1032 1094 1088
f 1088 1094 1095
f 1094 1037 1123
f 1067 1096 1064
f 1067 1060 1096
f 1064 1096 1097
f 1096 1098 1097
f 1097 1098 1099
f 1096 1060 1098
f 1091 1154 1060
f 1097 1099 1082
f 1098 1161 1099
f 1082 1099 1085
f 1074 1162 1149
f 1074 1083 1162
f 1083 1100 1162
f 1162 1100 1164
f 1083 1102 1100
f 1102 1164 1100
f 1083 1101 1102
f 1084 1104 1080
f 1080 1104 1081
f 1081 1104 1101
f 1101 1104 1102
f 1102 1104 1106
f 1099 1103 1085
f 1085 1103 1104
f 1102 1106 1164
f 1104 1103 1105
f 1104 1107 1106
f 1104 1108 1107
f 1104 1109 1108
f 1104 1111 1109
f 1104 1105 1110
f 1106 1165 1164
f 1106 1107 1172
f 1104 1112 1111
f 1104 1113 1112
f 1104 1114 1113
f 1104 1110 1114
f 1090 1116 1040
f 1116 1042 1040
f 1116 1117 1042
f 1090 1115 1116
f 1116 1115 1117
f 1115 1118 1117
f 1090 1119 1115
f 1119 1120 1115
f 1115 1120 1121
f 1092 1088 1093
f 1115 1121 1118
f 1093 1131 1091
f 1121 1155 1118
f 1118 1155 1122
f 1118 1122 1128
f 1042 1117 1044
f 1117 1126 1044
f 1095 1094 1130
f 1123 1125 1094
f 1118 1126 1117
f 1094 1125 1130
f 1123 1124 1125
f 1126 1127 1044
f 1044 1127 1129
f 1127 1126 1129
f 1126 1226 1129
f 1124 1135 1125
f 1095 1130 1088
f 1088 1130 1131
f 1125 1132 1130
f 1093 1088 1131
f 1131 1130 1132
f 1118 1128 1126
f 1132 1180 1131
f 1122 1133 1128
f 1132 1134 1180
f 1132 1125 1135
f 1132 1135 1134
f 1135 1145 1134
f 1126 1136 1226
f 1126 1128 1136
f 1128 1137 1136
f 1135 1138 1142
f 1137 1139 1245
f 1143 1139 1137
f 1128 1133 1137
f 1140 1143 1137
f 1133 1140 1137
f 1122 1140 1133
f 1140 1141 1246
f 1145 1146 1196
f 1135 1142 1145
f 1145 1142 1138
f 1143 1246 1139
f 1146 1138 1144
f 1140 1246 1143
f 1145 1138 1146
f 1144 1148 1146
f 1141 1147 1246
f 1144 1244 1147
f 1141 1148 1147
f 1148 1144 1147
f 1119 1149 1120
f 1062 1149 1119
f 1149 1150 1120
f 1150 1121 1120
f 1121 1151 1155
f 1150 1151 1121
f 1149 1162 1150
f 1154 1091 1152
f 1091 1131 1152
f 1131 1153 1152
f 1060 1154 1098
f 1098 1154 1161
f 1154 1152 1168
f 1169 1156 1151
f 1156 1170 1158
f 1151 1122 1155
f 1151 1156 1122
f 1156 1158 1122
f 1158 1181 1122
f 1153 1157 1159
f 1153 1159 1152
f 1157 1160 1159
f 1170 1181 1158
f 1170 1183 1181
f 1159 1160 1179
f 1160 1180 1195
f 1099 1161 1163
f 1161 1166 1163
f 1162 1164 1150
f 1150 1164 1165
f 1150 1165 1169
f 1161 1167 1166
f 1161 1173 1167
f 1099 1163 1103
f 1103 1163 1166
f 1103 1166 1167
f 1103 1167 1105
f 1106 1171 1165
f 1106 1172 1171
f 1107 1108 1175
f 1108 1109 1177
f 1105 1176 1110
f 1105 1167 1173
f 1105 1173 1174
f 1154 1168 1161
f 1161 1168 1173
f 1150 1169 1151
f 1165 1170 1169
f 1165 1171 1170
f 1171 1172 1170
f 1169 1170 1156
f 1159 1174 1173
f 1172 1183 1170
f 1172 1175 1183
f 1183 1175 1182
f 1182 1175 1177
f 1177 1178 1182
f 1107 1175 1172
f 1108 1177 1175
f 1109 1178 1177
f 1109 1111 1178
f 1111 1112 1188
f 1112 1113 1190
f 1110 1192 1114
f 1113 1114 1191
f 1105 1174 1176
f 1110 1176 1179
f 1111 1188 1178
f 1112 1190 1188
f 1113 1191 1190
f 1114 1192 1191
f 1110 1179 1189
f 1110 1189 1192
f 1152 1159 1168
f 1168 1159 1173
f 1174 1159 1176
f 1176 1159 1179
f 1157 1153 1131
f 1131 1180 1160
f 1157 1131 1160
f 1181 1140 1122
f 1181 1141 1140
f 1181 1183 1141
f 1183 1182 1141
f 1160 1194 1193
f 1194 1195 1145
f 1160 1195 1194
f 1194 1145 1196
f 1185 1194 1196
f 1182 1184 1186
f 1184 1185 1186
f 1185 1196 1186
f 1178 1188 1184
f 1178 1184 1182
f 1179 1193 1189
f 1184 1188 1190
f 1194 1192 1189
f 1194 1191 1192
f 1184 1190 1187
f 1194 1187 1191
f 1187 1190 1191
f 1179 1160 1193
f 1193 1194 1189
f 1185 1187 1194
f 1185 1184 1187
f 1180 1134 1195
f 1195 1134 1145
f 1182 1148 1141
f 1182 1186 1148
f 1186 1146 1148
f 1196 1146 1186
f 1014 1027 1198
f 1014 1198 1218
f 1014 1218 1034
f 1023 1210 1209
f 1027 1209 1198
f 1034 1202 1033
f 1034 1218 1202
f 1202 1203 1036
f 1213 1212 1210
f 1025 1214 1026
f 1039 1217 1025
f 1209 1210 1211
f 1038 1026 1213
f 1026 1215 1213
f 1026 1214 1215
f 1025 1217 1214
f 1210 1212 1211
f 1209 1224 1198
f 1209 1211 1224
f 1213 1230 1212
f 1213 1215 1230
f 1212 1230 1216
f 1212 1232 1211
f 1212 1216 1232
f 1198 1219 1218
f 1041 1043 1217
f 1217 1043 1214
f 1043 1231 1214
f 1220 1231 1043
f 1202 1218 1203
f 1203 1221 1036
f 1036 1221 1123
f 1221 1240 1123
f 1218 1219 1203
f 1220 1043 1222
f 1221 1241 1240
f 1044 1129 1222
f 1219 1223 1203
f 1203 1223 1241
f 1221 1203 1241
f 1198 1224 1225
f 1198 1225 1219
f 1224 1237 1225
f 1214 1231 1215
f 1220 1228 1231
f 1222 1129 1226
f 1222 1226 1228
f 1222 1228 1220
f 1219 1236 1223
f 1223 1242 1241
f 1226 1229 1228
f 1223 1243 1242
f 1223 1236 1227
f 1223 1227 1243
f 1229 1238 1228
f 1229 1239 1238
f 1227 1239 1247
f 1215 1231 1230
f 1228 1230 1231
f 1228 1232 1230
f 1224 1235 1237
f 1224 1211 1235
f 1230 1232 1216
f 1211 1232 1235
f 1237 1235 1234
f 1233 1235 1232
f 1234 1235 1233
f 1225 1236 1219
f 1225 1237 1236
f 1236 1237 1227
f 1232 1228 1233
f 1228 1238 1233
f 1237 1239 1227
f 1237 1234 1239
f 1238 1239 1233
f 1234 1233 1239
f 1123 1240 1124
f 1124 1240 1135
f 1135 1240 1241
f 1135 1241 1138
f 1136 1229 1226
f 1136 1137 1229
f 1137 1245 1229
f 1138 1241 1242
f 1138 1242 1244
f 1138 1244 1144
f 1242 1243 1244
f 1245 1239 1229
f 1245 1139 1239
f 1244 1246 1147
f 1243 1246 1244
f 1139 1246 1247
f 1246 1243 1227
f 1246 1227 1247
f 1139 1247 1239
f 632 629 637
f 629 630 637
f 630 631 637
f 632 637 636
f 639 637 635
f 631 633 637
f 633 634 637
f 634 635 637
f 637 642 638
f 637 638 636
f 639 635 673
f 639 641 637
f 640 637 641
f 640 720 637
f 637 720 721
f 640 641 725
f 639 645 641
f 637 643 642
f 637 724 643
f 639 673 644
f 639 644 645
f 641 645 725
f 644 673 645
f 645 646 725
f 645 673 646
f 673 689 646
f 648 652 649
f 649 652 651
f 648 650 652
f 650 653 652
f 651 652 664
f 650 666 653
f 652 669 664
f 652 656 669
f 652 653 657
f 652 654 655
f 652 655 656
f 652 657 654
f 669 656 658
f 657 695 654
f 658 685 682
f 657 653 695
f 656 659 658
f 658 661 685
f 654 659 655
f 654 660 659
f 656 655 659
f 660 654 662
f 658 659 661
f 654 695 662
f 648 649 629
f 648 632 650
f 649 651 630
f 651 664 631
f 650 632 666
f 649 630 629
f 648 629 632
f 651 631 630
f 631 664 633
f 632 636 666
f 633 664 665
f 634 665 663
f 667 635 663
f 636 670 666
f 669 665 664
f 665 669 663
f 667 663 669
f 669 682 667
f 668 667 672
f 677 672 667
f 677 667 680
f 666 670 653
f 653 670 683
f 671 684 670
f 633 665 634
f 634 663 635
f 636 638 670
f 667 668 635
f 668 672 635
f 672 673 635
f 638 674 670
f 638 642 674
f 642 643 676
f 642 676 674
f 643 675 676
f 677 673 672
f 677 688 673
f 670 674 671
f 674 676 678
f 676 675 757
f 676 757 678
f 674 678 692
f 658 682 669
f 667 682 679
f 667 679 680
f 688 677 681
f 677 680 681
f 682 685 679
f 653 683 694
f 653 694 695
f 670 684 683
f 683 684 687
f 680 679 686
f 681 680 686
f 688 690 689
f 673 688 689
f 681 690 688
f 690 691 689
f 689 691 647
f 674 692 671
f 671 692 684
f 692 678 693
f 692 693 684
f 687 694 683
f 659 696 661
f 660 699 659
f 696 659 848
f 660 662 699
f 697 698 661
f 661 698 685
f 685 698 701
f 679 685 701
f 679 701 686
f 662 700 699
f 659 699 848
f 697 701 698
f 699 700 848
f 697 702 701
f 848 700 853
f 703 713 701
f 701 702 703
f 700 704 853
f 681 686 705
f 705 706 691
f 690 705 691
f 647 707 742
f 647 691 707
f 681 705 690
f 687 684 708
f 693 763 684
f 684 763 708
f 691 709 707
f 691 706 709
f 707 709 718
f 705 686 701
f 695 694 710
f 695 710 662
f 662 710 715
f 694 711 710
f 705 701 713
f 706 705 714
f 662 715 700
f 694 687 711
f 710 711 719
f 708 712 687
f 687 712 711
f 705 713 714
f 714 713 703
f 709 706 714
f 714 716 718
f 700 715 704
f 704 715 717
f 714 703 716
f 855 716 703
f 711 712 719
f 714 718 709
f 710 719 715
f 715 719 858
f 717 715 858
f 640 722 720
f 723 721 720
f 721 729 724
f 723 720 722
f 723 727 721
f 637 721 724
f 643 724 675
f 640 725 722
f 724 726 675
f 721 727 728
f 721 728 729
f 724 729 726
f 723 646 727
f 723 722 646
f 722 725 646
f 727 729 728
f 730 726 729
f 727 646 734
f 726 730 741
f 727 730 729
f 727 737 730
f 727 731 737
f 732 739 731
f 646 733 734
f 689 733 646
f 689 647 733
f 731 727 734
f 733 735 734
f 647 735 733
f 735 731 734
f 731 739 737
f 737 740 741
f 732 738 739
f 737 739 752
f 737 752 740
f 737 741 730
f 759 741 740
f 759 740 736
f 647 732 735
f 735 732 731
f 732 743 738
f 732 742 743
f 739 744 752
f 739 738 744
f 744 738 746
f 745 740 752
f 746 738 748
f 745 736 740
f 745 747 761
f 748 738 743
f 748 743 750
f 748 750 751
f 743 751 750
f 752 744 753
f 746 753 744
f 746 754 753
f 754 780 753
f 780 756 753
f 754 755 780
f 745 752 753
f 745 756 747
f 745 753 756
f 746 748 754
f 756 749 747
f 748 755 754
f 675 758 757
f 726 741 675
f 675 741 758
f 758 741 759
f 758 736 757
f 757 760 678
f 678 760 693
f 736 760 757
f 758 759 736
f 736 761 760
f 736 745 761
f 647 742 732
f 761 747 760
f 693 760 762
f 760 747 762
f 747 764 762
f 693 762 763
f 708 768 712
f 764 747 749
f 707 765 742
f 742 765 743
f 743 765 766
f 707 766 765
f 764 763 762
f 764 767 763
f 708 763 767
f 708 767 768
f 767 769 768
f 719 712 770
f 768 770 712
f 719 770 858
f 767 764 749
f 707 771 766
f 718 716 771
f 707 718 771
f 771 772 798
f 771 877 772
f 772 878 806
f 878 886 807
f 775 774 888
f 748 751 776
f 776 777 782
f 779 781 905
f 755 779 780
f 755 778 779
f 756 780 783
f 779 778 781
f 781 787 906
f 755 776 782
f 748 776 755
f 755 782 778
f 778 782 786
f 778 786 781
f 749 784 767
f 756 783 749
f 749 783 784
f 784 785 767
f 784 788 785
f 786 787 781
f 786 782 787
f 906 787 791
f 787 792 791
f 791 793 913
f 792 837 793
f 791 792 793
f 793 837 795
f 793 796 916
f 916 796 797
f 793 795 796
f 743 766 798
f 771 798 766
f 798 806 799
f 743 798 751
f 751 798 799
f 751 799 776
f 776 799 777
f 768 769 800
f 777 801 782
f 777 799 801
f 801 799 802
f 772 806 798
f 770 803 858
f 858 803 876
f 803 804 876
f 768 800 770
f 803 770 805
f 800 805 770
f 803 805 808
f 806 807 799
f 878 807 806
f 804 803 809
f 808 809 803
f 767 785 769
f 769 785 800
f 800 785 805
f 801 787 782
f 785 811 805
f 788 812 785
f 785 812 811
f 811 812 813
f 808 805 814
f 808 814 809
f 811 814 805
f 809 814 811
f 802 817 801
f 817 828 801
f 815 835 817
f 815 818 835
f 815 822 818
f 816 845 818
f 802 799 819
f 799 807 819
f 819 807 817
f 773 774 822
f 817 807 815
f 773 822 815
f 886 815 807
f 886 773 815
f 802 819 817
f 827 826 820
f 820 899 900
f 775 816 774
f 775 889 824
f 818 822 774
f 889 821 825
f 775 823 816
f 775 824 823
f 816 818 774
f 816 823 845
f 821 892 844
f 889 825 824
f 823 824 845
f 824 825 845
f 892 826 844
f 821 844 825
f 801 829 787
f 787 829 792
f 801 828 829
f 829 837 792
f 829 831 837
f 829 828 831
f 813 830 811
f 830 841 843
f 830 925 841
f 831 828 834
f 828 833 834
f 817 832 828
f 817 835 832
f 828 832 833
f 818 845 835
f 837 831 834
f 838 839 836
f 841 926 840
f 841 925 926
f 838 840 839
f 838 841 840
f 811 843 809
f 809 843 810
f 838 842 841
f 841 842 900
f 900 842 838
f 841 900 810
f 820 900 838
f 830 843 811
f 810 843 841
f 827 820 847
f 825 844 845
f 826 846 844
f 826 847 846
f 826 827 847
f 820 838 836
f 820 836 847
f 696 849 697
f 661 696 697
f 702 697 849
f 848 854 696
f 702 849 851
f 696 854 856
f 702 851 850
f 849 852 851
f 696 852 849
f 696 856 852
f 853 854 848
f 702 850 703
f 703 850 855
f 853 873 854
f 854 873 856
f 704 717 853
f 853 717 857
f 853 857 873
f 850 851 859
f 851 852 870
f 852 856 870
f 850 859 855
f 855 860 716
f 860 865 716
f 856 873 861
f 855 859 860
f 859 865 860
f 859 851 864
f 851 870 864
f 864 867 859
f 864 870 867
f 856 861 870
f 870 861 872
f 859 867 868
f 870 868 867
f 859 868 865
f 870 871 868
f 865 868 869
f 865 869 866
f 865 866 862
f 870 872 871
f 871 872 868
f 857 717 874
f 857 874 873
f 771 716 877
f 865 862 716
f 716 862 877
f 873 874 861
f 874 882 861
f 717 858 875
f 858 876 875
f 717 875 874
f 875 880 874
f 874 880 882
f 877 863 878
f 878 863 879
f 877 862 863
f 877 878 772
f 882 880 881
f 861 883 872
f 861 882 883
f 882 881 883
f 872 883 895
f 872 895 884
f 872 884 868
f 881 895 883
f 863 888 890
f 888 885 887
f 885 889 887
f 866 885 862
f 869 885 866
f 863 862 888
f 862 885 888
f 885 869 889
f 868 893 891
f 869 868 891
f 886 890 774
f 775 888 887
f 775 887 889
f 888 774 890
f 886 863 890
f 821 869 891
f 886 879 863
f 821 889 869
f 878 879 886
f 886 774 773
f 893 898 826
f 891 893 892
f 892 893 826
f 868 884 893
f 884 898 893
f 884 895 898
f 876 804 875
f 875 804 894
f 875 894 880
f 894 896 880
f 881 896 895
f 881 880 896
f 804 809 894
f 894 809 810
f 820 898 897
f 891 892 821
f 826 898 820
f 895 897 898
f 899 895 896
f 899 897 895
f 820 897 899
f 894 900 896
f 900 899 896
f 810 900 894
f 780 905 908
f 779 905 780
f 783 780 908
f 783 908 784
f 905 781 906
f 905 906 907
f 905 907 908
f 908 909 784
f 908 907 909
f 788 784 909
f 812 788 909
f 907 906 910
f 910 906 913
f 909 907 911
f 910 915 907
f 907 912 911
f 907 915 912
f 791 913 906
f 910 913 915
f 909 813 812
f 911 912 813
f 909 911 813
f 912 919 813
f 919 922 813
f 913 917 914
f 915 914 797
f 915 913 914
f 915 797 920
f 793 916 913
f 913 916 917
f 917 916 797
f 914 917 797
f 920 797 918
f 924 922 918
f 924 918 923
f 915 920 912
f 912 920 919
f 919 920 922
f 920 918 922
f 813 922 830
f 922 924 830
f 830 924 925
f 924 923 926
f 924 926 925
f 1511 1784 1734
f 1511 1515 1784
f 1515 1578 1517
f 1515 1517 1518
f 1515 1518 1784
f 1511 1674 1574
f 1511 1734 1673
f 1511 1574 1515
f 1515 1574 1575
f 1515 1570 1571
f 1515 1571 1579
f 1515 1575 1570
f 1515 1580 1578
f 1515 1579 1580
f 1674 1590 1574
f 1674 1591 1590
f 1675 1592 1591
f 1675 1576 1592
f 1675 1582 1576
f 1676 1583 1582
f 1676 1585 1583
f 1676 1587 1586
f 1676 1586 1585
f 1723 1718 1587
f 1734 1672 1673
f 1511 1673 1674
f 1674 1675 1591
f 1675 1676 1582
f 1676 1723 1587
f 1673 1672 1677
f 1674 1673 1679
f 1673 1677 1678
f 1674 1679 1675
f 1675 1680 1676
f 1676 1680 1723
f 1673 1678 1679
f 1675 1679 1680
f 1679 1678 1727
f 1677 1727 1678
f 1680 1727 1723
f 1679 1727 1680
f 1784 1518 1707
f 1712 1784 1707
f 1712 1713 1784
f 1713 1714 1784
f 1723 1719 1718
f 1723 1721 1719
f 1724 1708 1721
f 1724 1706 1708
f 1724 1707 1706
f 1712 1707 1724
f 1712 1725 1713
f 1713 1726 1714
f 1723 1724 1721
f 1712 1724 1725
f 1713 1725 1726
f 1726 2142 1714
f 1723 1727 1724
f 1724 1729 1725
f 1724 1727 1728
f 1724 1728 1729
f 1728 1727 1729
f 1729 1727 1730
f 1730 1727 1731
f 1725 1729 1730
f 1725 1730 1731
f 1731 1727 1732
f 1732 1727 1733
f 1725 1731 1726
f 1726 1733 2142
f 1731 1732 1726
f 1732 1733 1726
f 1734 1784 1735
f 1735 1784 1736
f 1736 1784 1747
f 1747 1784 1752
f 1784 1786 1752
f 1734 1735 1775
f 1735 1736 1776
f 1736 1747 1777
f 1747 1752 1777
f 1777 1752 1753
f 1777 1753 1754
f 1777 1754 1768
f 2134 1768 1770
f 2134 1770 1771
f 1734 1775 1672
f 1735 1776 1775
f 1736 1777 1776
f 1777 1768 2134
f 1672 1775 1778
f 1775 1776 1780
f 1672 1778 1677
f 1775 1779 1778
f 1775 1780 1779
f 1782 1776 1777
f 1777 2134 2148
f 1780 1776 1781
f 1781 1776 1782
f 1677 1778 1727
f 1778 1779 1727
f 1779 1780 1727
f 1782 1777 1783
f 1777 2148 1783
f 1780 1781 1727
f 1781 1782 1727
f 1782 1783 1727
f 1783 2148 1727
f 1784 1789 1786
f 1784 1790 1789
f 1789 1787 1786
f 1789 1788 1787
f 1789 1817 1788
f 1789 1818 1817
f 1784 1794 1790
f 1784 1796 1794
f 1789 1790 1819
f 1784 1795 1796
f 1784 1714 1795
f 1789 1819 1818
f 1790 1828 1819
f 1790 1830 1829
f 1790 1829 1828
f 1790 1794 1833
f 1790 1833 1830
f 1794 1834 1833
f 1794 1835 1834
f 2134 1771 1821
f 2135 1821 1822
f 2135 1822 1823
f 2135 1823 1825
f 2135 1825 1826
f 2135 1826 1827
f 2135 1827 1832
f 2135 1832 1842
f 2135 1842 1844
f 2135 1844 1845
f 2140 1846 1835
f 2140 1845 1847
f 2140 1847 1846
f 1796 2141 1794
f 1794 2140 1835
f 1795 2142 1796
f 1714 2142 1795
f 2134 1821 2135
f 2135 1845 2140
f 1794 2141 2140
f 1796 2142 2141
f 2134 2135 2148
f 2150 2135 2140
f 2149 2148 2135
f 1727 2148 2149
f 1727 2149 2150
f 2149 2135 2150
f 2151 2150 2141
f 1727 2151 2152
f 1727 2150 2151
f 1727 2152 1733
f 2150 2140 2141
f 2142 2152 2141
f 2151 2141 2152
f 2142 1733 2152
f 1738 1760 1741
f 1738 1739 1740
f 1738 1740 1742
f 1739 1757 1737
f 1739 1741 1757
f 1738 1741 1739
f 1738 1743 1760
f 1743 1742 1759
f 1738 1742 1743
f 1744 1797 1743
f 1743 1759 1744
f 1739 1745 1749
f 1737 1745 1739
f 1737 1746 1748
f 1748 1746 1752
f 1739 1749 1740
f 1737 1786 1745
f 1740 1749 1750
f 1745 1786 1749
f 1740 1750 1751
f 1749 1786 1750
f 1750 1755 1751
f 1737 1748 1786
f 1748 1752 1786
f 1746 1753 1752
f 1746 1769 1753
f 1769 1754 1753
f 1750 1786 1755
f 1751 1755 1756
f 1755 1786 1756
f 1751 1756 1785
f 1737 1757 1746
f 1746 1757 1758
f 1741 1766 1757
f 1740 1751 1742
f 1751 1759 1742
f 1746 1758 1769
f 1766 1767 1757
f 1757 1767 1758
f 1760 1761 1763
f 1760 1763 1741
f 1760 1743 1761
f 1761 1743 1762
f 1761 1765 1764
f 1761 1762 1765
f 1741 1763 1766
f 1743 1797 1762
f 1761 1764 1763
f 1762 1800 1765
f 1769 1768 1754
f 1769 1772 1768
f 1772 1770 1768
f 1772 1773 1770
f 1773 1771 1770
f 1769 1774 1772
f 1769 1758 1774
f 1758 1767 1774
f 1756 1786 1787
f 1756 1787 1785
f 1785 1787 1788
f 1785 1788 1817
f 1785 1817 1820
f 1751 1785 1759
f 1759 1791 1744
f 1744 1803 1797
f 1744 1791 1803
f 1759 1785 1791
f 1791 1792 1803
f 1785 1792 1791
f 1785 1820 1792
f 1803 1793 1804
f 1803 1792 1793
f 1762 1797 1798
f 1797 1803 1798
f 1798 1804 1799
f 1762 1798 1800
f 1765 1800 1905
f 1800 1801 1905
f 1765 1809 1764
f 1798 1799 1800
f 1800 1799 1802
f 1800 1802 1801
f 1765 1905 1809
f 1801 1906 1905
f 1801 1802 1812
f 1801 1812 1906
f 1798 1803 1804
f 1766 1805 1767
f 1766 1763 1805
f 1804 1806 1799
f 1804 1793 1806
f 1806 1793 1807
f 1806 1807 1814
f 1764 1808 1763
f 1764 1810 1808
f 1764 1809 1810
f 1763 1808 1805
f 1799 1811 1802
f 1802 1811 1812
f 1799 1806 1811
f 1812 1811 1813
f 1813 1918 1812
f 1810 1914 1808
f 1806 1814 1811
f 1814 1815 1811
f 1811 1815 1813
f 1813 1815 1816
f 1813 1816 1918
f 1820 1817 1818
f 1818 1819 1831
f 1820 1818 1831
f 1773 1824 1771
f 1824 1821 1771
f 1824 1822 1821
f 1824 1849 1822
f 1849 1823 1822
f 1843 1826 1825
f 1849 1841 1823
f 1841 1825 1823
f 1831 1819 1828
f 1831 1828 1829
f 1836 1829 1830
f 1831 1829 1836
f 1836 1830 1833
f 1852 1833 1834
f 1836 1833 1852
f 1835 1846 1853
f 1772 1838 1773
f 1773 1837 1824
f 1824 1837 1849
f 1772 1774 1838
f 1773 1838 1837
f 1820 1831 1792
f 1831 1839 1792
f 1792 1839 1840
f 1792 1840 1793
f 1840 1807 1793
f 1831 1836 1855
f 1831 1855 1839
f 1848 1827 1826
f 1848 1832 1827
f 1841 1843 1825
f 1843 1848 1826
f 1859 1842 1832
f 1857 1846 1847
f 1860 1844 1842
f 1848 1859 1832
f 1859 1860 1842
f 1838 1877 1837
f 1849 1850 1841
f 1837 1851 1849
f 1837 1877 1851
f 1850 2136 1841
f 1849 1851 1850
f 1851 1886 1850
f 1835 1852 1834
f 1835 1853 1863
f 1853 1846 1854
f 1835 1863 1852
f 1840 1839 1807
f 1836 1852 1855
f 1852 1869 1855
f 1839 1879 1807
f 1855 1856 1839
f 1839 1856 1879
f 1857 1858 1846
f 1858 1861 1846
f 1864 1845 1844
f 1864 1847 1845
f 1861 1862 1846
f 1857 1847 1867
f 1860 1864 1844
f 1854 1846 1865
f 1862 1865 1846
f 1853 1854 1866
f 1857 1867 1858
f 1858 1868 1861
f 1864 1867 1847
f 1854 1865 1866
f 1853 1866 1863
f 1861 1868 1862
f 1862 1893 1865
f 1858 1867 1868
f 1865 1893 1866
f 1862 1868 1893
f 1855 1869 1870
f 1855 1870 1856
f 1841 2137 1843
f 1841 2136 2137
f 1852 1863 1869
f 1863 1871 1869
f 1863 1866 1871
f 1870 1889 1856
f 1864 2153 1867
f 1869 1871 1895
f 1869 1895 1870
f 1870 1898 1889
f 1767 1872 1774
f 1767 1805 1872
f 1774 1872 1873
f 1774 1873 1838
f 1872 1874 1873
f 1838 1873 1877
f 1805 1875 1872
f 1872 1875 1876
f 1805 1808 1875
f 1808 1914 1966
f 1808 1966 1875
f 1875 1966 1882
f 1872 1876 1874
f 1875 1882 1876
f 1874 1876 1890
f 1873 1874 1877
f 1877 1885 1887
f 1874 1885 1877
f 1877 1887 1851
f 1807 1879 1814
f 1814 1879 1878
f 1879 1856 1878
f 1814 1878 1815
f 1815 1878 1881
f 1815 1881 1816
f 1878 1880 1881
f 1816 1881 1883
f 1882 1969 1876
f 1883 1970 1816
f 1880 1888 1881
f 1881 1884 1883
f 1881 1888 1884
f 1883 1896 1970
f 1883 1884 1896
f 1851 1887 1886
f 1887 1885 1886
f 1885 2144 1886
f 1878 1856 1880
f 1856 1889 1880
f 1880 1889 1888
f 1889 1898 1888
f 1874 1890 1891
f 1874 1891 1885
f 1876 1969 1980
f 1876 1980 1890
f 1885 1891 1892
f 1888 1897 1884
f 1890 1980 1982
f 1890 1982 1891
f 1892 2144 1885
f 1891 1982 1984
f 1891 1984 1892
f 1892 1984 2170
f 2144 1892 2170
f 1866 1894 1871
f 1867 2155 1868
f 1866 1893 1894
f 1868 2159 1893
f 1871 2156 1895
f 1870 1895 1898
f 1888 1898 1897
f 1898 1895 1897
f 1884 1897 1900
f 1896 1884 1900
f 1897 1899 1900
f 1896 1900 1901
f 1896 1901 2018
f 1901 2019 2018
f 1900 1902 1901
f 1900 1899 2165
f 1900 2165 1902
f 1901 1902 1903
f 1901 1903 2019
f 1903 1902 1904
f 1904 2036 1903
f 1905 1906 1908
f 1905 1912 1809
f 1905 1908 1912
f 1908 1906 1907
f 1906 1812 1907
f 1907 1909 1908
f 1908 1909 1911
f 1909 1910 1911
f 1908 1911 1916
f 1809 1913 1810
f 1809 1912 1913
f 1907 1812 1917
f 1907 1917 1909
f 1908 1916 1912
f 1912 1925 1913
f 1810 1913 1915
f 1810 1915 1914
f 1912 1916 1925
f 1910 1923 1911
f 1812 1918 1917
f 1909 1917 1919
f 1909 1919 1910
f 1917 1918 1920
f 1918 1816 1920
f 1913 1926 1915
f 1917 1920 1919
f 1919 1920 1921
f 1919 1921 1922
f 1919 1922 1910
f 1910 1922 1923
f 1911 1923 1931
f 1911 1931 1932
f 1911 1932 1916
f 1923 1934 1931
f 1922 1924 1923
f 1924 1922 1929
f 1923 1924 1934
f 1913 1925 1926
f 1916 1927 1925
f 1916 1932 1927
f 1927 1937 1925
f 1921 1928 1922
f 1922 1928 1929
f 1924 1929 1941
f 1929 1928 1930
f 1929 1930 1941
f 1930 1943 1941
f 1931 1935 1932
f 1931 1934 1933
f 1931 1933 1935
f 1933 1936 1935
f 1935 1939 1932
f 1933 1934 1936
f 1935 1936 1946
f 1932 1938 1927
f 1927 1942 1937
f 1927 1938 1942
f 1932 1949 1938
f 1932 1939 1949
f 1935 1947 1939
f 1934 1924 1940
f 1934 1940 1936
f 1924 1941 1940
f 1940 1941 1943
f 1936 1940 1944
f 1936 1944 1948
f 1949 1990 1938
f 1940 1943 1944
f 1943 1945 1944
f 1944 1945 1950
f 1945 1994 1950
f 1935 1946 1947
f 1946 1953 1947
f 1939 1947 1949
f 1936 1948 1946
f 1946 1948 1952
f 1946 1952 1951
f 1946 1951 1953
f 1948 1954 1952
f 1947 1955 1949
f 1947 1953 1955
f 1949 1962 1990
f 1949 1955 1962
f 1944 1950 1948
f 1948 1956 1954
f 1948 1950 1956
f 1950 1957 1956
f 1950 1963 1957
f 1951 1952 1958
f 1952 1954 1959
f 1951 1958 1953
f 1953 1964 1955
f 1954 1956 1960
f 1956 1957 1961
f 1952 1959 1958
f 1954 1960 1959
f 1956 1961 1960
f 1957 1998 1961
f 1964 1962 1955
f 1957 1963 1998
f 1962 1965 1992
f 1953 1958 1964
f 1958 1959 2004
f 1958 2004 1964
f 1964 1965 1962
f 1966 1968 1882
f 1966 1914 1968
f 1915 1967 1914
f 1915 1975 1967
f 1967 1968 1914
f 1882 1968 1969
f 1968 1973 1969
f 1816 1970 1920
f 1920 1970 1972
f 1972 1970 1971
f 1920 1972 1921
f 1921 1972 1928
f 1972 1971 2017
f 1972 2017 1976
f 1970 1896 1971
f 1968 1978 1973
f 1969 1973 1974
f 1969 1974 1981
f 1915 1926 1975
f 1925 1985 1926
f 1925 1937 1985
f 1975 1977 1967
f 1972 1976 1928
f 1928 1976 1930
f 1926 1985 1977
f 1975 1926 1977
f 1967 1977 1978
f 1968 1967 1978
f 1978 1979 1973
f 1977 1989 1978
f 1978 1989 2069
f 1978 2069 1979
f 1973 1979 2025
f 1969 1981 1980
f 1980 1981 1982
f 1974 1983 1981
f 1981 1983 2029
f 1985 1937 1986
f 1985 1986 1977
f 1977 1987 1989
f 1977 1986 1987
f 1942 1988 1937
f 1942 1938 1988
f 1938 1990 1988
f 1937 1988 1991
f 1937 1991 1986
f 1991 2084 1986
f 1988 1990 1991
f 1990 1962 1992
f 1990 1993 1991
f 1990 1992 1993
f 1993 2087 1991
f 1992 1965 1993
f 1943 2063 1945
f 1945 2064 1994
f 1994 2064 1995
f 1950 1994 1995
f 1950 1995 1963
f 1963 1995 1996
f 1995 2086 1997
f 1995 1997 1996
f 2086 2088 1997
f 1963 1996 1999
f 2000 1996 1997
f 2000 1997 2088
f 1963 1999 1998
f 1999 1996 2000
f 1959 1960 2004
f 1960 1961 2004
f 1961 1998 2004
f 1998 1999 2004
f 1964 2004 1965
f 1999 2000 2004
f 2000 2001 2004
f 1993 1965 2002
f 1965 2004 2002
f 2002 2004 2005
f 2001 2003 2004
f 2000 2088 2001
f 2004 2007 2005
f 2004 2008 2007
f 2004 2003 2006
f 2004 2006 2009
f 2004 2009 2010
f 2004 2010 2012
f 2004 2011 2008
f 2001 2088 2089
f 2001 2098 2003
f 2003 2099 2006
f 2004 2015 2011
f 2004 2012 2013
f 2004 2013 2014
f 2004 2014 2016
f 2004 2016 2015
f 1971 1896 2018
f 1971 2018 2017
f 2017 2020 2021
f 2018 2019 2017
f 2017 2019 2020
f 1976 2021 1930
f 1976 2017 2021
f 1943 1930 2063
f 1930 2022 2063
f 1930 2021 2022
f 2021 2023 2022
f 2023 2066 2022
f 1973 2025 1974
f 2020 2024 2021
f 2021 2024 2023
f 2024 2020 2026
f 2024 2026 2023
f 2023 2027 2066
f 2026 2027 2023
f 2027 2026 2028
f 2028 2079 2027
f 2079 2028 2110
f 1981 2029 1982
f 1982 2029 2030
f 2020 2019 2032
f 1984 2030 2170
f 1984 1982 2030
f 2170 2031 2203
f 2030 2031 2170
f 2030 2037 2031
f 2030 2042 2037
f 2032 2019 1903
f 2032 1903 2033
f 2032 2033 2020
f 2026 2020 2033
f 2033 2035 2034
f 2033 2034 2026
f 1903 2036 2033
f 2033 2036 2035
f 2037 2038 2031
f 2031 2038 2039
f 2031 2039 2205
f 2046 2039 2038
f 1974 2040 1983
f 1983 2041 2029
f 2030 2029 2042
f 2025 2040 1974
f 1983 2040 2041
f 2041 2044 2029
f 2029 2044 2042
f 2042 2044 2037
f 2028 2026 2043
f 2034 2043 2026
f 2044 2041 2109
f 2037 2044 2045
f 2044 2109 2045
f 2037 2046 2038
f 2037 2045 2046
f 2046 2052 2039
f 2046 2045 2055
f 2035 2036 2047
f 2035 2047 2034
f 2034 2053 2048
f 2034 2047 2209
f 2039 2054 2210
f 2034 2209 2053
f 2053 2209 2058
f 2043 2048 2028
f 2043 2034 2048
f 2049 2048 2053
f 2028 2048 2049
f 2110 2028 2049
f 2049 2050 2110
f 2050 2129 2110
f 2055 2130 2056
f 2049 2053 2050
f 2050 2058 2051
f 2050 2051 2129
f 2057 2056 2061
f 2046 2055 2052
f 2056 2054 2052
f 2039 2052 2054
f 2050 2053 2058
f 2210 2054 2057
f 2211 2057 2059
f 2055 2056 2052
f 2056 2057 2054
f 2051 2062 2129
f 2062 2119 2129
f 2062 2133 2119
f 2051 2058 2060
f 2062 2060 2059
f 2058 2218 2060
f 2061 2059 2057
f 2218 2059 2060
f 2051 2060 2062
f 2061 2062 2059
f 2061 2133 2062
f 2063 2022 2064
f 1945 2063 2064
f 2064 2022 2065
f 2065 2022 2066
f 2064 2068 1995
f 1987 1986 2067
f 1986 2085 2067
f 2065 2068 2064
f 2068 2094 2086
f 2068 2065 2074
f 2069 2070 1979
f 1989 2070 2069
f 2070 2071 1979
f 1979 2071 2025
f 2025 2072 2040
f 2025 2071 2072
f 1987 2067 1989
f 1989 2073 2070
f 1989 2067 2073
f 2073 2092 2070
f 2070 2093 2071
f 2065 2066 2074
f 2068 2074 2094
f 2074 2077 2075
f 2074 2075 2094
f 2075 2082 2096
f 2074 2066 2027
f 2074 2027 2079
f 2072 2076 2040
f 2074 2079 2077
f 2077 2110 2078
f 2079 2110 2077
f 2071 2107 2081
f 2072 2081 2076
f 2072 2071 2081
f 2075 2077 2078
f 2075 2078 2082
f 2082 2078 2111
f 2076 2108 2083
f 2076 2083 2080
f 2083 2115 2080
f 1986 2084 2085
f 1991 2087 2084
f 2085 2084 2090
f 2085 2090 2067
f 2068 2086 1995
f 2086 2089 2088
f 2086 2094 2089
f 2089 2094 2098
f 2067 2091 2092
f 2067 2090 2091
f 2093 2091 2100
f 1993 2002 2087
f 2002 2084 2087
f 2005 2090 2084
f 2005 2091 2090
f 2002 2005 2084
f 2005 2007 2091
f 2001 2089 2098
f 2003 2098 2099
f 2007 2008 2100
f 2006 2101 2009
f 2009 2104 2010
f 2008 2011 2102
f 2007 2100 2091
f 2073 2067 2092
f 2070 2092 2093
f 2092 2091 2093
f 2098 2094 2095
f 2098 2095 2096
f 2098 2096 2099
f 2094 2075 2095
f 2075 2096 2095
f 2096 2082 2097
f 2099 2096 2101
f 2096 2097 2101
f 2097 2104 2101
f 2104 2097 2105
f 2006 2099 2101
f 2009 2101 2104
f 2010 2104 2105
f 2010 2105 2012
f 2011 2015 2106
f 2012 2122 2013
f 2013 2124 2014
f 2015 2016 2126
f 2014 2125 2016
f 2008 2102 2100
f 2011 2103 2102
f 2011 2106 2103
f 2012 2105 2122
f 2013 2122 2124
f 2014 2124 2125
f 2016 2125 2126
f 2015 2123 2106
f 2015 2126 2123
f 2071 2093 2107
f 2093 2100 2107
f 2107 2100 2081
f 2100 2102 2081
f 2076 2081 2108
f 2102 2108 2081
f 2102 2103 2108
f 2103 2083 2108
f 2106 2127 2083
f 2103 2106 2083
f 2076 2041 2040
f 2041 2080 2109
f 2076 2080 2041
f 2080 2045 2109
f 2080 2115 2045
f 2111 2110 2129
f 2078 2110 2111
f 2111 2129 2112
f 2112 2129 2113
f 2082 2111 2112
f 2082 2112 2114
f 2097 2082 2114
f 2115 2127 2116
f 2114 2113 2097
f 2116 2128 2115
f 2116 2118 2128
f 2113 2117 2120
f 2118 2121 2117
f 2112 2113 2114
f 2118 2130 2128
f 2113 2119 2117
f 2118 2117 2131
f 2118 2131 2130
f 2117 2119 2132
f 2117 2132 2131
f 2105 2120 2122
f 2105 2097 2120
f 2106 2123 2127
f 2120 2124 2122
f 2116 2126 2121
f 2116 2123 2126
f 2121 2126 2125
f 2120 2121 2124
f 2121 2125 2124
f 2083 2127 2115
f 2113 2120 2097
f 2118 2116 2121
f 2127 2123 2116
f 2117 2121 2120
f 2045 2115 2055
f 2128 2130 2055
f 2115 2128 2055
f 2113 2129 2119
f 2131 2061 2056
f 2130 2131 2056
f 2132 2133 2061
f 2119 2133 2132
f 2131 2132 2061
f 1843 2138 1848
f 1850 2143 2136
f 1850 1886 2143
f 1843 2137 2138
f 1848 2139 1859
f 1864 1860 2153
f 1867 2153 2154
f 1859 2157 1860
f 1848 2138 2139
f 1859 2139 2157
f 1886 2144 2143
f 2143 2146 2136
f 2144 2145 2143
f 2143 2145 2146
f 2136 2146 2163
f 2136 2163 2137
f 2144 2147 2145
f 2144 2170 2147
f 1867 2154 2155
f 1868 2155 2158
f 1871 1894 2156
f 2156 2167 1895
f 1860 2157 2153
f 1893 2159 1894
f 1868 2158 2159
f 1894 2159 2161
f 1894 2160 2156
f 2156 2168 2167
f 1894 2161 2160
f 2156 2160 2168
f 2157 2139 2175
f 2157 2191 2153
f 2157 2175 2191
f 2158 2162 2159
f 2159 2162 2161
f 2158 2155 2162
f 2153 2191 2154
f 2161 2188 2160
f 2154 2195 2155
f 2154 2191 2195
f 2161 2162 2194
f 2161 2194 2188
f 2155 2195 2162
f 1897 1895 1899
f 2137 2163 2164
f 2137 2164 2138
f 2146 2145 2163
f 2145 2164 2163
f 1895 2167 1899
f 1899 2167 2165
f 2167 2168 2165
f 2165 2168 2166
f 2145 2147 2169
f 2170 2203 2147
f 2147 2203 2204
f 2147 2204 2169
f 2169 2171 2145
f 2145 2171 2164
f 2165 2166 1902
f 1904 1902 2181
f 2166 2179 1902
f 1902 2179 2181
f 2169 2204 2173
f 1904 2182 2036
f 2164 2171 2176
f 2171 2173 2176
f 2176 2174 2172
f 2169 2173 2171
f 2176 2173 2174
f 2138 2177 2139
f 2138 2164 2177
f 2139 2177 2175
f 2164 2176 2177
f 2176 2178 2177
f 2178 2175 2177
f 2178 2189 2175
f 2175 2190 2191
f 2176 2172 2178
f 2168 2160 2166
f 1904 2181 2182
f 2182 2183 2036
f 2182 2181 2183
f 2183 2208 2036
f 2183 2214 2208
f 2181 2179 2180
f 2183 2181 2185
f 2180 2193 2181
f 2193 2185 2181
f 2174 2212 2172
f 2172 2212 2213
f 2172 2184 2178
f 2172 2213 2184
f 2183 2185 2201
f 2183 2187 2214
f 2183 2201 2187
f 2202 2186 2187
f 2160 2179 2166
f 2160 2188 2179
f 2179 2188 2180
f 2175 2189 2190
f 2191 2190 2192
f 2191 2192 2197
f 2188 2194 2180
f 2180 2194 2193
f 2191 2197 2195
f 2194 2162 2193
f 2195 2197 2162
f 2162 2197 2193
f 2192 2196 2197
f 2190 2196 2192
f 2185 2193 2197
f 2196 2198 2197
f 2185 2197 2198
f 2178 2199 2189
f 2178 2184 2199
f 2199 2190 2189
f 2199 2186 2200
f 2199 2200 2190
f 2190 2200 2196
f 2201 2202 2187
f 2196 2200 2202
f 2201 2185 2198
f 2196 2202 2198
f 2201 2198 2202
f 2199 2184 2186
f 2186 2202 2200
f 2203 2031 2204
f 2204 2205 2173
f 2031 2205 2204
f 2205 2206 2173
f 2173 2206 2174
f 2205 2039 2206
f 2047 2036 2208
f 2207 2212 2174
f 2206 2207 2174
f 2209 2208 2214
f 2047 2208 2209
f 2039 2210 2206
f 2210 2207 2206
f 2210 2211 2207
f 2210 2057 2211
f 2207 2213 2212
f 2209 2214 2187
f 2207 2216 2213
f 2209 2187 2215
f 2058 2209 2215
f 2207 2211 2219
f 2058 2215 2218
f 2211 2059 2219
f 2219 2059 2218
f 2207 2219 2216
f 2216 2219 2218
f 2215 2217 2218
f 2216 2218 2217
f 2216 2184 2213
f 2216 2217 2184
f 2215 2187 2186
f 2184 2217 2186
f 2215 2186 2217
f 1248 1260 1249
f 1248 1252 1260
f 1249 1260 1250
f 1250 1260 1251
f 1252 1255 1260
f 1303 1257 1256
f 1262 1314 1313
f 1262 1256 1260
f 1251 1260 1253
f 1253 1260 1254
f 1254 1260 1257
f 1255 1258 1260
f 1257 1260 1256
f 1260 1259 1261
f 1260 1258 1259
f 1262 1313 1256
f 1262 1260 1263
f 1263 1260 1265
f 1264 1265 1260
f 1264 1260 1390
f 1260 1392 1391
f 1260 1391 1390
f 1260 1396 1395
f 1262 1263 1268
f 1264 1397 1265
f 1263 1265 1269
f 1260 1261 1266
f 1260 1266 1267
f 1260 1267 1396
f 1262 1268 1314
f 1263 1269 1268
f 1265 1397 1269
f 1314 1268 1270
f 1268 1269 1270
f 1269 1397 1402
f 1269 1402 1270
f 1270 1402 1335
f 1335 1271 1338
f 1272 1273 1277
f 1273 1278 1277
f 1273 1275 1278
f 1272 1277 1274
f 1274 1280 1276
f 1274 1277 1280
f 1275 1298 1278
f 1276 1280 1300
f 1278 1298 1279
f 1277 1278 1281
f 1278 1279 1282
f 1277 1284 1280
f 1280 1287 1309
f 1281 1289 1283
f 1277 1281 1283
f 1278 1282 1281
f 1277 1283 1284
f 1281 1282 1289
f 1282 1288 1289
f 1280 1284 1286
f 1285 1282 1279
f 1280 1286 1287
f 1285 1288 1282
f 1284 1295 1286
f 1288 1285 1293
f 1285 1326 1328
f 1285 1328 1293
f 1289 1291 1283
f 1289 1290 1291
f 1288 1290 1289
f 1283 1294 1284
f 1288 1292 1290
f 1291 1294 1283
f 1288 1293 1292
f 1284 1294 1295
f 1295 1296 1286
f 1286 1296 1344
f 1272 1249 1273
f 1272 1274 1248
f 1273 1250 1275
f 1275 1251 1298
f 1274 1276 1252
f 1276 1300 1252
f 1273 1249 1250
f 1272 1248 1249
f 1274 1252 1248
f 1275 1250 1251
f 1251 1253 1298
f 1252 1300 1255
f 1253 1299 1298
f 1254 1297 1299
f 1302 1297 1257
f 1255 1300 1301
f 1258 1301 1304
f 1279 1298 1299
f 1299 1297 1279
f 1297 1306 1279
f 1302 1306 1297
f 1302 1307 1306
f 1285 1279 1306
f 1306 1307 1323
f 1302 1303 1307
f 1303 1312 1307
f 1308 1307 1312
f 1308 1321 1307
f 1280 1309 1300
f 1300 1309 1310
f 1300 1310 1301
f 1301 1310 1311
f 1301 1311 1304
f 1304 1311 1324
f 1304 1325 1305
f 1253 1254 1299
f 1254 1257 1297
f 1255 1301 1258
f 1258 1305 1259
f 1302 1257 1303
f 1303 1256 1312
f 1312 1256 1313
f 1258 1304 1305
f 1259 1305 1316
f 1259 1316 1261
f 1261 1317 1266
f 1266 1453 1267
f 1261 1316 1315
f 1261 1315 1317
f 1266 1317 1453
f 1308 1312 1313
f 1314 1308 1313
f 1314 1270 1308
f 1308 1270 1333
f 1316 1318 1315
f 1316 1320 1318
f 1317 1319 1453
f 1317 1315 1319
f 1453 1319 1455
f 1318 1336 1315
f 1315 1458 1319
f 1316 1305 1320
f 1305 1339 1320
f 1285 1306 1323
f 1307 1321 1323
f 1308 1322 1321
f 1321 1322 1329
f 1321 1329 1327
f 1322 1333 1329
f 1323 1321 1326
f 1285 1323 1326
f 1321 1327 1326
f 1287 1343 1309
f 1287 1286 1343
f 1310 1309 1332
f 1309 1343 1332
f 1311 1310 1324
f 1304 1324 1325
f 1310 1332 1324
f 1326 1327 1328
f 1327 1329 1328
f 1333 1330 1329
f 1333 1331 1330
f 1332 1340 1324
f 1308 1333 1322
f 1270 1334 1333
f 1333 1334 1331
f 1270 1335 1334
f 1335 1338 1334
f 1315 1336 1458
f 1334 1337 1331
f 1334 1338 1337
f 1305 1325 1339
f 1320 1339 1341
f 1339 1325 1341
f 1318 1320 1336
f 1320 1341 1336
f 1324 1340 1325
f 1325 1340 1342
f 1325 1342 1341
f 1286 1344 1343
f 1332 1343 1345
f 1332 1345 1340
f 1290 1346 1347
f 1290 1292 1346
f 1290 1347 1291
f 1347 1350 1291
f 1346 1292 1349
f 1347 1349 1594
f 1346 1349 1347
f 1348 1349 1292
f 1291 1350 1355
f 1347 1595 1350
f 1291 1353 1294
f 1293 1351 1292
f 1294 1353 1295
f 1348 1292 1351
f 1293 1328 1351
f 1328 1352 1351
f 1295 1353 1296
f 1351 1352 1354
f 1291 1355 1353
f 1296 1353 1357
f 1348 1351 1354
f 1353 1355 1356
f 1348 1354 1358
f 1353 1356 1357
f 1296 1357 1376
f 1358 1354 1596
f 1359 1596 1354
f 1352 1359 1354
f 1359 1360 1596
f 1360 1383 1603
f 1329 1352 1328
f 1329 1361 1352
f 1329 1330 1361
f 1331 1361 1330
f 1331 1362 1361
f 1362 1363 1361
f 1361 1363 1374
f 1363 1362 1379
f 1337 1364 1362
f 1338 1364 1337
f 1338 1271 1365
f 1338 1365 1364
f 1365 1367 1364
f 1367 1365 1368
f 1331 1337 1362
f 1340 1366 1342
f 1340 1377 1366
f 1342 1366 1465
f 1364 1367 1362
f 1367 1369 1362
f 1362 1369 1379
f 1367 1368 1369
f 1369 1371 1370
f 1368 1371 1369
f 1371 1368 1372
f 1361 1359 1352
f 1344 1373 1343
f 1345 1377 1340
f 1343 1373 1345
f 1345 1373 1375
f 1361 1374 1359
f 1374 1360 1359
f 1345 1375 1378
f 1296 1376 1344
f 1344 1376 1373
f 1376 1382 1373
f 1375 1373 1382
f 1345 1378 1377
f 1377 1378 1366
f 1366 1378 1477
f 1374 1363 1360
f 1363 1383 1360
f 1363 1380 1383
f 1363 1379 1380
f 1379 1384 1380
f 1379 1381 1384
f 1376 1357 1382
f 1356 1606 1357
f 1357 1606 1385
f 1357 1385 1382
f 1382 1385 1387
f 1603 1383 1380
f 1369 1370 1379
f 1378 1375 1386
f 1378 1386 1477
f 1379 1370 1381
f 1381 1370 1371
f 1382 1387 1375
f 1375 1387 1386
f 1387 1385 1388
f 1386 1387 1480
f 1387 1388 1480
f 1264 1390 1393
f 1394 1390 1391
f 1391 1392 1398
f 1392 1395 1399
f 1394 1393 1390
f 1394 1391 1398
f 1260 1395 1392
f 1267 1454 1396
f 1395 1396 1401
f 1264 1393 1397
f 1396 1454 1401
f 1392 1399 1398
f 1395 1400 1399
f 1395 1401 1400
f 1393 1403 1402
f 1394 1398 1403
f 1394 1403 1393
f 1393 1402 1397
f 1402 1403 1408
f 1398 1404 1403
f 1389 1398 1399
f 1406 1399 1400
f 1389 1404 1398
f 1404 1409 1403
f 1401 1456 1405
f 1400 1401 1406
f 1401 1405 1406
f 1389 1399 1406
f 1389 1406 1413
f 1405 1418 1406
f 1389 1414 1407
f 1335 1402 1408
f 1335 1408 1271
f 1271 1408 1410
f 1403 1409 1408
f 1389 1409 1404
f 1409 1407 1410
f 1408 1409 1410
f 1389 1407 1409
f 1405 1456 1418
f 1456 1459 1420
f 1410 1411 1271
f 1410 1407 1412
f 1411 1410 1412
f 1406 1416 1413
f 1389 1413 1414
f 1416 1418 1419
f 1413 1416 1415
f 1413 1415 1414
f 1407 1414 1415
f 1416 1417 1415
f 1416 1419 1417
f 1416 1406 1418
f 1456 1419 1418
f 1456 1420 1419
f 1420 1422 1419
f 1459 1422 1420
f 1459 1421 1422
f 1407 1429 1425
f 1411 1424 1271
f 1365 1271 1424
f 1411 1426 1424
f 1412 1425 1411
f 1407 1425 1412
f 1425 1427 1411
f 1427 1425 1435
f 1411 1427 1426
f 1407 1415 1429
f 1415 1428 1429
f 1415 1417 1430
f 1415 1430 1428
f 1417 1419 1430
f 1430 1432 1428
f 1431 1430 1419
f 1429 1428 1425
f 1428 1438 1425
f 1432 1438 1428
f 1422 1421 1431
f 1421 1433 1431
f 1431 1419 1422
f 1431 1433 1434
f 1447 1431 1434
f 1435 1436 1427
f 1436 1435 1437
f 1432 1423 1438
f 1423 1439 1438
f 1438 1439 1440
f 1438 1435 1425
f 1438 1440 1435
f 1434 1441 1448
f 1440 1437 1435
f 1430 1443 1432
f 1432 1443 1442
f 1423 1432 1442
f 1444 1442 1443
f 1444 1443 1446
f 1446 1443 1448
f 1444 1445 1442
f 1442 1445 1439
f 1446 1449 1452
f 1431 1443 1430
f 1431 1447 1443
f 1447 1434 1448
f 1447 1448 1443
f 1423 1442 1439
f 1446 1448 1449
f 1452 1449 1451
f 1441 1449 1448
f 1441 1451 1449
f 1267 1453 1454
f 1453 1455 1454
f 1401 1454 1456
f 1454 1455 1456
f 1319 1457 1455
f 1455 1459 1456
f 1319 1458 1457
f 1457 1458 1460
f 1458 1336 1460
f 1455 1457 1459
f 1457 1460 1459
f 1460 1336 1461
f 1336 1462 1461
f 1459 1460 1421
f 1460 1461 1421
f 1341 1462 1336
f 1341 1342 1462
f 1462 1463 1461
f 1461 1463 1466
f 1466 1463 1467
f 1424 1426 1365
f 1426 1468 1365
f 1467 1463 1464
f 1342 1463 1462
f 1342 1465 1463
f 1465 1464 1463
f 1465 1366 1470
f 1465 1471 1464
f 1461 1433 1421
f 1461 1466 1433
f 1433 1466 1434
f 1466 1467 1434
f 1467 1464 1472
f 1467 1441 1434
f 1426 1427 1468
f 1468 1427 1469
f 1368 1365 1468
f 1468 1469 1368
f 1427 1436 1469
f 1469 1372 1368
f 1436 1437 1469
f 1464 1471 1472
f 1465 1470 1471
f 1470 1476 1471
f 1472 1474 1473
f 1467 1472 1441
f 1441 1472 1451
f 1472 1473 1451
f 1471 1474 1472
f 1471 1476 1474
f 1476 1470 1475
f 1470 1366 1477
f 1477 1478 1470
f 1386 1478 1477
f 1478 1479 1470
f 1475 1470 1479
f 1386 1480 1478
f 1473 1450 1451
f 1473 1474 1450
f 1372 1481 1484
f 1384 1610 1380
f 1610 1384 1635
f 1381 1483 1384
f 1483 1482 1384
f 1384 1482 1635
f 1371 1484 1483
f 1381 1371 1483
f 1484 1485 1483
f 1372 1484 1371
f 1484 1481 1485
f 1481 1486 1640
f 1483 1485 1482
f 1481 1640 1485
f 1486 1531 1640
f 1531 1487 1643
f 1487 1552 1656
f 1489 1654 1490
f 1490 1488 1555
f 1488 1656 1552
f 1489 1657 1655
f 1440 1502 1492
f 1437 1492 1491
f 1440 1492 1437
f 1502 1493 1492
f 1493 1494 1492
f 1439 1445 1501
f 1445 1495 1501
f 1446 1681 1496
f 1496 1684 1497
f 1444 1446 1496
f 1444 1496 1445
f 1446 1452 1681
f 1445 1496 1497
f 1452 1503 1681
f 1445 1497 1495
f 1497 1499 1495
f 1503 1498 1681
f 1497 1684 1682
f 1497 1682 1499
f 1499 1682 1500
f 1499 1500 1509
f 1439 1501 1502
f 1440 1439 1502
f 1502 1501 1493
f 1501 1504 1493
f 1495 1504 1501
f 1495 1499 1504
f 1451 1450 1503
f 1452 1451 1503
f 1498 1508 1687
f 1498 1503 1450
f 1498 1450 1508
f 1504 1507 1493
f 1504 1499 1507
f 1493 1507 1524
f 1494 1493 1524
f 1507 1505 1524
f 1507 1506 1505
f 1499 1509 1507
f 1507 1509 1506
f 1508 1510 1688
f 1506 1512 1505
f 1509 1513 1506
f 1513 1514 1506
f 1500 1513 1509
f 1513 1701 1514
f 1506 1514 1512
f 1512 1516 1577
f 1514 1516 1512
f 1516 1578 1577
f 1514 1704 1517
f 1704 1518 1517
f 1516 1517 1578
f 1516 1514 1517
f 1372 1469 1520
f 1437 1519 1469
f 1469 1519 1520
f 1372 1520 1481
f 1481 1520 1486
f 1520 1529 1486
f 1520 1519 1522
f 1520 1522 1529
f 1437 1491 1519
f 1491 1492 1519
f 1492 1523 1519
f 1519 1523 1522
f 1492 1494 1523
f 1476 1475 1521
f 1521 1475 1537
f 1475 1538 1537
f 1522 1523 1525
f 1523 1494 1525
f 1494 1524 1525
f 1479 1478 1528
f 1478 1526 1528
f 1478 1480 1526
f 1388 1527 1480
f 1526 1480 1527
f 1527 1664 1533
f 1475 1479 1528
f 1475 1528 1538
f 1528 1526 1538
f 1538 1526 1543
f 1526 1533 1543
f 1527 1533 1526
f 1486 1529 1531
f 1529 1522 1531
f 1522 1532 1531
f 1525 1530 1522
f 1522 1530 1532
f 1487 1531 1532
f 1534 1533 1664
f 1664 1535 1534
f 1474 1536 1450
f 1476 1536 1474
f 1450 1536 1508
f 1508 1536 1521
f 1521 1537 1540
f 1476 1521 1536
f 1537 1538 1540
f 1508 1521 1510
f 1510 1521 1540
f 1538 1543 1539
f 1538 1541 1540
f 1510 1540 1541
f 1510 1541 1691
f 1538 1539 1541
f 1539 1542 1541
f 1533 1539 1543
f 1533 1534 1539
f 1534 1542 1539
f 1524 1564 1544
f 1525 1544 1530
f 1524 1544 1525
f 1544 1546 1545
f 1547 1550 1545
f 1544 1565 1546
f 1545 1546 1572
f 1547 1545 1574
f 1547 1574 1573
f 1547 1573 1556
f 1549 1556 1573
f 1548 1549 1590
f 1544 1532 1530
f 1532 1550 1551
f 1488 1556 1555
f 1547 1556 1550
f 1552 1550 1556
f 1487 1532 1551
f 1487 1551 1550
f 1487 1550 1552
f 1488 1552 1556
f 1544 1545 1532
f 1545 1550 1532
f 1561 1562 1669
f 1563 1561 1669
f 1562 1553 1669
f 1554 1589 1671
f 1490 1555 1557
f 1489 1490 1557
f 1489 1559 1657
f 1549 1555 1556
f 1548 1557 1555
f 1657 1560 1658
f 1489 1557 1558
f 1489 1558 1559
f 1548 1555 1549
f 1548 1590 1557
f 1557 1590 1558
f 1658 1560 1659
f 1659 1591 1563
f 1657 1559 1560
f 1558 1590 1559
f 1559 1590 1560
f 1563 1591 1561
f 1659 1560 1591
f 1524 1505 1564
f 1505 1512 1564
f 1544 1564 1565
f 1512 1565 1564
f 1569 1546 1565
f 1565 1512 1577
f 1565 1577 1569
f 1541 1542 1715
f 1542 1566 1715
f 1566 1716 1715
f 1568 1566 1567
f 1581 1584 1567
f 1566 1568 1716
f 1568 1567 1722
f 1584 1722 1567
f 1546 1570 1572
f 1569 1579 1571
f 1569 1571 1546
f 1546 1571 1570
f 1545 1572 1575
f 1545 1575 1574
f 1572 1570 1575
f 1549 1573 1590
f 1573 1574 1590
f 1577 1578 1580
f 1569 1577 1580
f 1580 1579 1569
f 1581 1593 1585
f 1589 1583 1585
f 1584 1587 1718
f 1584 1718 1722
f 1584 1586 1587
f 1581 1585 1586
f 1581 1586 1584
f 1542 1534 1566
f 1534 1588 1566
f 1554 1553 1589
f 1567 1588 1581
f 1589 1593 1581
f 1535 1588 1534
f 1671 1581 1588
f 1671 1589 1581
f 1588 1567 1566
f 1562 1576 1553
f 1560 1590 1591
f 1561 1591 1592
f 1561 1592 1576
f 1561 1576 1562
f 1553 1583 1589
f 1589 1585 1593
f 1553 1576 1582
f 1553 1582 1583
f 1348 1597 1594
f 1349 1348 1594
f 1347 1594 1595
f 1358 1597 1348
f 1595 1601 1350
f 1358 1598 1597
f 1595 1605 1601
f 1358 1596 1598
f 1594 1597 1599
f 1595 1594 1599
f 1595 1599 1605
f 1355 1350 1602
f 1350 1601 1602
f 1355 1602 1356
f 1596 1360 1600
f 1360 1603 1600
f 1602 1601 1604
f 1356 1602 1606
f 1602 1604 1606
f 1385 1606 1607
f 1597 1598 1615
f 1597 1615 1609
f 1596 1608 1598
f 1597 1609 1599
f 1608 1616 1598
f 1596 1600 1608
f 1600 1603 1608
f 1603 1380 1610
f 1603 1610 1613
f 1610 1611 1613
f 1605 1612 1601
f 1605 1599 1612
f 1612 1599 1618
f 1601 1612 1636
f 1601 1636 1604
f 1603 1613 1608
f 1608 1613 1620
f 1611 1614 1613
f 1612 1618 1636
f 1614 1628 1613
f 1614 1642 1629
f 1598 1622 1615
f 1609 1617 1599
f 1598 1616 1622
f 1622 1623 1615
f 1616 1619 1622
f 1609 1615 1617
f 1616 1608 1619
f 1608 1620 1619
f 1617 1615 1630
f 1615 1623 1630
f 1599 1617 1618
f 1618 1645 1636
f 1618 1617 1645
f 1619 1624 1622
f 1623 1622 1624
f 1619 1620 1624
f 1623 1624 1630
f 1620 1625 1624
f 1620 1626 1625
f 1624 1625 1627
f 1621 1626 1620
f 1624 1627 1632
f 1620 1613 1621
f 1613 1628 1621
f 1630 1631 1617
f 1617 1631 1645
f 1628 1629 1621
f 1628 1614 1629
f 1630 1632 1633
f 1624 1632 1630
f 1630 1633 1631
f 1606 1604 1634
f 1606 1634 1607
f 1611 1610 1635
f 1611 1635 1614
f 1635 1482 1614
f 1604 1636 1634
f 1634 1636 1637
f 1637 1636 1646
f 1634 1637 1639
f 1607 1638 1385
f 1385 1638 1388
f 1607 1634 1638
f 1388 1638 1662
f 1634 1639 1638
f 1638 1663 1662
f 1638 1644 1663
f 1638 1639 1644
f 1639 1637 1644
f 1485 1641 1482
f 1485 1640 1641
f 1640 1643 1641
f 1482 1641 1614
f 1614 1641 1642
f 1640 1531 1643
f 1646 1647 1637
f 1637 1647 1644
f 1647 1649 1644
f 1636 1645 1646
f 1631 1633 1645
f 1645 1648 1646
f 1645 1633 1648
f 1647 1646 1649
f 1649 1646 1648
f 1654 1651 1650
f 1625 1651 1655
f 1626 1651 1625
f 1626 1621 1651
f 1625 1652 1627
f 1629 1650 1621
f 1621 1650 1651
f 1625 1655 1652
f 1632 1652 1661
f 1632 1661 1633
f 1627 1652 1632
f 1653 1641 1656
f 1653 1488 1629
f 1654 1650 1490
f 1489 1651 1654
f 1489 1655 1651
f 1490 1629 1488
f 1653 1629 1642
f 1490 1650 1629
f 1653 1642 1641
f 1658 1661 1652
f 1657 1652 1655
f 1657 1658 1652
f 1643 1487 1656
f 1653 1656 1488
f 1643 1656 1641
f 1659 1660 1661
f 1660 1669 1648
f 1658 1659 1661
f 1659 1669 1660
f 1633 1661 1660
f 1633 1660 1648
f 1649 1648 1670
f 1388 1662 1527
f 1527 1662 1664
f 1662 1663 1664
f 1663 1665 1664
f 1667 1665 1666
f 1644 1665 1663
f 1644 1649 1666
f 1644 1666 1665
f 1665 1535 1664
f 1665 1667 1535
f 1553 1668 1670
f 1659 1563 1669
f 1669 1553 1670
f 1649 1670 1668
f 1648 1669 1670
f 1671 1666 1649
f 1671 1649 1668
f 1554 1671 1668
f 1667 1666 1671
f 1535 1667 1588
f 1667 1671 1588
f 1553 1554 1668
f 1681 1683 1684
f 1496 1681 1684
f 1498 1683 1681
f 1498 1687 1683
f 1683 1687 1684
f 1684 1685 1682
f 1684 1686 1685
f 1684 1687 1686
f 1500 1682 1685
f 1686 1687 1689
f 1687 1688 1689
f 1689 1688 1690
f 1508 1688 1687
f 1688 1691 1690
f 1510 1691 1688
f 1685 1686 1500
f 1686 1698 1500
f 1686 1693 1692
f 1686 1692 1698
f 1686 1689 1693
f 1693 1689 1695
f 1690 1694 1689
f 1689 1694 1696
f 1693 1695 1692
f 1689 1696 1695
f 1695 1696 1697
f 1513 1500 1698
f 1513 1698 1701
f 1692 1695 1698
f 1699 1717 1700
f 1691 1694 1690
f 1691 1699 1694
f 1694 1710 1696
f 1694 1699 1700
f 1694 1700 1710
f 1710 1700 1717
f 1698 1705 1701
f 1698 1702 1705
f 1703 1518 1702
f 1695 1697 1703
f 1695 1702 1698
f 1695 1703 1702
f 1703 1709 1518
f 1514 1701 1704
f 1701 1705 1704
f 1705 1518 1704
f 1702 1518 1705
f 1711 1707 1518
f 1709 1711 1518
f 1717 1706 1707
f 1720 1706 1717
f 1720 1708 1706
f 1697 1696 1709
f 1696 1710 1709
f 1703 1697 1709
f 1709 1710 1711
f 1710 1717 1711
f 1711 1717 1707
f 1541 1699 1691
f 1699 1715 1717
f 1541 1715 1699
f 1717 1715 1716
f 1720 1716 1568
f 1717 1716 1720
f 1722 1718 1719
f 1568 1719 1721
f 1568 1722 1719
f 1720 1721 1708
f 1720 1568 1721
f 2483 2481 2759
f 2487 2489 2552
f 2482 2483 2759
f 2482 2759 2487
f 2489 2491 2554
f 2489 2492 2490
f 2489 2490 2491
f 2489 2493 2492
f 2487 2759 2489
f 2489 2759 2493
f 2483 2748 2481
f 2482 2548 2653
f 2482 2652 2483
f 2482 2487 2549
f 2482 2549 2548
f 2487 2543 2549
f 2487 2545 2544
f 2487 2552 2545
f 2487 2544 2543
f 2489 2554 2553
f 2489 2553 2552
f 2653 2548 2567
f 2653 2567 2566
f 2653 2566 2568
f 2654 2568 2569
f 2654 2572 2573
f 2654 2569 2572
f 2654 2573 2550
f 2655 2556 2558
f 2655 2550 2557
f 2655 2557 2556
f 2655 2560 2561
f 2655 2558 2560
f 2698 2561 2697
f 2483 2652 2748
f 2482 2653 2652
f 2653 2568 2654
f 2654 2550 2655
f 2655 2561 2698
f 2652 2656 2748
f 2653 2658 2652
f 2748 2656 2752
f 2652 2657 2656
f 2653 2654 2658
f 2654 2655 2659
f 2655 2698 2659
f 2652 2658 2657
f 2654 2659 2658
f 2658 2656 2657
f 2659 2698 2702
f 2658 2659 2656
f 2659 2702 2656
f 2759 2682 2493
f 2687 2682 2759
f 2687 2759 2688
f 2688 2759 2774
f 2698 2697 2693
f 2698 2693 2692
f 2699 2692 2695
f 2699 2695 2683
f 2699 2683 2682
f 2687 2699 2682
f 2687 2688 2700
f 2688 2774 2701
f 2698 2692 2699
f 2687 2700 2699
f 2688 2701 2700
f 2701 2774 3119
f 2698 2699 2702
f 2699 2700 2704
f 2699 2703 2702
f 2699 2704 2703
f 2702 2703 2656
f 2703 2704 2656
f 2704 2705 2656
f 2705 2706 2656
f 2700 2705 2704
f 2700 2706 2705
f 2706 2707 2656
f 2707 3130 2656
f 2700 2701 2706
f 2701 3119 3130
f 2706 2701 2707
f 2707 2701 3130
f 2481 2708 2759
f 2708 2709 2759
f 2709 2721 2759
f 2721 2726 2759
f 2759 2726 2761
f 2481 2749 2708
f 2708 2750 2709
f 2709 2751 2721
f 2721 2751 2726
f 2751 2727 2726
f 2751 2740 2727
f 2751 2742 2740
f 3113 2743 2742
f 3113 2802 2743
f 2481 2748 2749
f 2708 2749 2750
f 2709 2750 2751
f 2751 3113 2742
f 2748 2753 2749
f 2749 2755 2750
f 2748 2752 2753
f 2749 2753 2754
f 2749 2754 2755
f 2757 2751 2750
f 2751 3125 3113
f 2755 2756 2750
f 2756 2757 2750
f 2752 2656 2753
f 2753 2656 2754
f 2754 2656 2755
f 2757 2758 2751
f 2751 2758 3125
f 2755 2656 2756
f 2756 2656 2757
f 2757 2656 2758
f 2758 2656 3125
f 2759 2761 2765
f 2759 2765 2767
f 2765 2761 2762
f 2765 2762 2763
f 2765 2763 2764
f 2765 2764 2800
f 2759 2767 2773
f 2759 2773 2772
f 2765 2801 2767
f 2759 2772 2775
f 2759 2775 2774
f 2765 2800 2801
f 2767 2801 2810
f 2767 2811 2812
f 2767 2810 2811
f 2767 2813 2773
f 2767 2812 2813
f 2773 2813 2815
f 2773 2815 2816
f 3113 2803 2802
f 3114 2804 2803
f 3114 2805 2804
f 3114 2806 2805
f 3114 2807 2806
f 3114 2814 2807
f 3114 2821 2814
f 3114 2822 2821
f 3114 2824 2822
f 3114 2827 2824
f 3117 2816 2825
f 3117 2826 2827
f 3117 2825 2826
f 2772 2773 3118
f 2773 2816 3117
f 2775 2772 3119
f 2774 2775 3119
f 3113 3114 2803
f 3114 3117 2827
f 2773 3117 3118
f 2772 3118 3119
f 3113 3125 3114
f 3127 3117 3114
f 3126 3114 3125
f 2656 3126 3125
f 2656 3127 3126
f 3126 3127 3114
f 3128 3118 3127
f 2656 3129 3128
f 2656 3128 3127
f 2656 3130 3129
f 3127 3118 3117
f 3119 3118 3129
f 3128 3129 3118
f 3119 3129 3130
f 2712 2713 2714
f 2713 2716 2714
f 2714 2711 2710
f 2714 2710 2730
f 2714 2730 2715
f 2712 2714 2715
f 2712 2715 2733
f 2717 2713 2718
f 2714 2716 2711
f 2713 2717 2716
f 2711 2723 2719
f 2710 2719 2720
f 2710 2711 2719
f 2720 2726 2722
f 2711 2724 2723
f 2719 2723 2761
f 2711 2725 2724
f 2723 2724 2761
f 2724 2725 2728
f 2719 2761 2720
f 2720 2761 2726
f 2722 2726 2727
f 2722 2727 2741
f 2741 2727 2740
f 2724 2728 2761
f 2725 2729 2728
f 2728 2729 2761
f 2725 2760 2729
f 2710 2720 2730
f 2715 2730 2731
f 2720 2722 2730
f 2711 2716 2725
f 2725 2716 2717
f 2717 2718 2768
f 2725 2717 2768
f 2722 2741 2730
f 2730 2741 2731
f 2715 2731 2739
f 2712 2732 2713
f 2712 2736 2732
f 2712 2733 2736
f 2732 2734 2713
f 2713 2734 2718
f 2734 2735 2718
f 2718 2735 2776
f 2732 2736 2737
f 2732 2738 2734
f 2732 2781 2738
f 2734 2738 2777
f 2732 2737 2781
f 2715 2786 2733
f 2715 2739 2786
f 2741 2740 2742
f 2741 2742 2744
f 2744 2742 2743
f 2744 2743 2745
f 2745 2743 2802
f 2741 2744 2746
f 2741 2746 2747
f 2741 2747 2731
f 2731 2854 2739
f 2731 2747 2854
f 2718 2776 2768
f 2729 2762 2761
f 2729 2760 2762
f 2760 2766 2762
f 2766 2763 2762
f 2766 2764 2763
f 2766 2769 2764
f 2725 2768 2760
f 2768 2776 2784
f 2768 2770 2760
f 2768 2784 2770
f 2760 2770 2769
f 2766 2760 2769
f 2769 2771 2819
f 2770 2784 2771
f 2770 2771 2769
f 2771 2784 2788
f 2734 2777 2735
f 2776 2735 2784
f 2777 2778 2735
f 2735 2778 2785
f 2738 2779 2777
f 2777 2780 2782
f 2777 2779 2780
f 2777 2782 2778
f 2738 2781 2779
f 2779 2781 2890
f 2782 2780 2783
f 2783 2794 2782
f 2794 2783 2892
f 2735 2785 2784
f 2733 2786 2787
f 2733 2787 2736
f 2785 2789 2784
f 2785 2778 2789
f 2778 2790 2789
f 2784 2789 2788
f 2790 2796 2789
f 2737 2791 2781
f 2737 2736 2791
f 2781 2791 2792
f 2781 2792 2890
f 2736 2787 2791
f 2791 2795 2792
f 2778 2782 2793
f 2782 2794 2793
f 2778 2793 2790
f 2794 2892 2793
f 2793 2892 2798
f 2796 2790 2797
f 2790 2798 2797
f 2793 2798 2790
f 2798 2799 2797
f 2769 2800 2764
f 2800 2809 2801
f 2769 2809 2800
f 2745 2802 2803
f 2745 2803 2804
f 2745 2804 2808
f 2808 2804 2805
f 2823 2806 2807
f 2808 2805 2806
f 2809 2810 2801
f 2809 2811 2810
f 2817 2812 2811
f 2809 2817 2811
f 2817 2813 2812
f 2832 2815 2813
f 2817 2832 2813
f 2816 2833 2825
f 2745 2818 2744
f 2745 2808 2829
f 2745 2829 2818
f 2744 2818 2828
f 2744 2828 2746
f 2746 2857 2747
f 2769 2819 2809
f 2809 2819 2820
f 2771 2788 2819
f 2819 2788 2837
f 2820 2819 2837
f 2809 2836 2817
f 2809 2820 2836
f 2823 2807 2814
f 2823 2814 2821
f 2808 2806 2823
f 2841 2821 2822
f 2839 2826 2825
f 2841 2822 2824
f 2823 2821 2841
f 2746 2828 2857
f 2808 2823 2830
f 2808 2830 2829
f 2829 2830 2831
f 2829 2831 2818
f 2818 2867 2828
f 2818 2831 2867
f 2816 2815 2835
f 2832 2835 2815
f 2816 2844 2833
f 2833 2834 2825
f 2816 2835 2844
f 2833 2844 2847
f 2817 2836 2832
f 2820 2837 2836
f 2836 2837 2838
f 2839 2825 2840
f 2840 2825 2842
f 2845 2824 2827
f 2845 2827 2826
f 2842 2825 2843
f 2839 2850 2826
f 2841 2824 2845
f 2834 2846 2825
f 2843 2825 2846
f 2833 2848 2834
f 2839 2840 2850
f 2840 2842 2875
f 2845 2826 2850
f 2834 2876 2846
f 2833 2847 2848
f 2834 2848 2849
f 2842 2843 2875
f 2843 2846 3136
f 2840 2875 2850
f 2834 2849 2876
f 2843 3136 2875
f 2846 2876 3136
f 2836 2852 2832
f 2836 2838 2852
f 2823 2841 2851
f 2823 2851 2830
f 2841 2845 3131
f 2830 3115 2831
f 2832 2853 2835
f 2832 2852 2853
f 2841 3131 2851
f 2845 2850 3131
f 2835 2877 2844
f 2835 2853 2877
f 2739 2855 2786
f 2854 2855 2739
f 2854 2747 2855
f 2788 2789 2837
f 2747 2858 2855
f 2787 2856 2791
f 2787 2786 2856
f 2791 2856 2795
f 2795 2947 2792
f 2856 2862 2795
f 2786 2855 2856
f 2855 2871 2856
f 2855 2858 2871
f 2795 2862 2947
f 2747 2857 2858
f 2858 2857 2866
f 2789 2859 2837
f 2789 2796 2859
f 2837 2859 2838
f 2859 2860 2838
f 2838 2860 2852
f 2859 2796 2860
f 2797 2861 2796
f 2797 2799 2861
f 2796 2861 2860
f 2799 2901 2861
f 2856 2871 2863
f 2856 2863 2862
f 2861 2901 2865
f 2860 2861 2864
f 2860 2864 2869
f 2861 2865 2864
f 2865 2878 2864
f 2828 2868 2857
f 2828 2867 2868
f 2866 2857 2868
f 2860 2869 2852
f 2852 2869 2853
f 2869 2870 2853
f 2853 2870 2877
f 2858 2866 2871
f 2863 2959 2862
f 2863 2871 2873
f 2866 2872 2871
f 2866 2868 2872
f 2871 2872 2873
f 2869 2864 2870
f 2863 2873 2959
f 2868 3120 2872
f 2872 2874 2873
f 2874 3005 2873
f 2850 2875 3132
f 2844 3133 2847
f 2875 3136 3135
f 2844 2877 3133
f 2878 2994 2880
f 2870 2879 2877
f 2877 2879 3142
f 2864 2880 2870
f 2878 2880 2864
f 2870 2880 2879
f 2994 2881 2880
f 2880 2881 2882
f 2880 2882 2879
f 2882 3146 2879
f 2882 2883 3150
f 2881 2883 2882
f 2883 2884 3150
f 2779 2885 2780
f 2779 2890 2891
f 2779 2891 2885
f 2780 2886 2783
f 2885 2886 2780
f 2783 2887 2892
f 2886 2887 2783
f 2887 2886 2896
f 2885 2888 2886
f 2886 2889 2896
f 2886 2888 2889
f 2885 2895 2888
f 2890 2894 2891
f 2885 2891 2893
f 2885 2893 2895
f 2890 2792 2894
f 2894 2900 2891
f 2888 2895 2905
f 2889 2888 2904
f 2892 2887 2798
f 2798 2897 2799
f 2887 2897 2798
f 2896 2897 2887
f 2897 2903 2898
f 2897 2899 2799
f 2799 2899 2901
f 2891 2900 2907
f 2897 2898 2899
f 2898 2902 2899
f 2897 2896 2903
f 2889 2904 2896
f 2896 2906 2903
f 2898 2903 2908
f 2896 2904 2906
f 2888 2913 2904
f 2888 2915 2913
f 2888 2905 2915
f 2906 2904 2917
f 2906 2917 2903
f 2903 2917 2922
f 2891 2907 2893
f 2893 2907 2909
f 2893 2909 2895
f 2895 2919 2905
f 2895 2909 2919
f 2903 2922 2908
f 2898 2908 2902
f 2902 2911 2910
f 2902 2908 2911
f 2922 2911 2908
f 2911 2912 2910
f 2911 2926 2912
f 2913 2914 2904
f 2913 2915 2914
f 2904 2916 2917
f 2904 2914 2916
f 2916 2914 2918
f 2914 2915 2921
f 2916 2918 2917
f 2917 2918 2924
f 2914 2929 2918
f 2915 2905 2920
f 2905 2919 2920
f 2915 2920 2921
f 2914 2921 2929
f 2917 2923 2922
f 2917 2924 2923
f 2922 2923 2911
f 2911 2925 2926
f 2911 2923 2925
f 2926 2925 2912
f 2925 2969 2912
f 2923 2924 2925
f 2925 2924 2927
f 2924 2930 2927
f 2920 2964 2921
f 2921 2964 2931
f 2925 2927 2928
f 2925 2928 2969
f 2929 2933 2918
f 2921 2931 2929
f 2924 2918 2930
f 2918 2934 2930
f 2918 2933 2934
f 2929 2935 2933
f 2930 2934 2936
f 2929 2931 2937
f 2929 2937 2935
f 2931 2943 2937
f 2930 2936 2938
f 2930 2938 2927
f 2927 2938 2939
f 2927 2939 2932
f 2928 2927 2932
f 2932 2939 2944
f 2933 2945 2934
f 2934 2940 2936
f 2933 2935 2945
f 2935 2937 2946
f 2936 2941 2938
f 2938 2942 2939
f 2934 2945 2940
f 2936 2940 2941
f 2938 2941 2942
f 2939 2942 2972
f 2946 2937 2943
f 2939 2972 2944
f 2943 2967 2975
f 2935 2946 2945
f 2945 2979 2940
f 2945 2946 2979
f 2946 2943 2975
f 2792 2947 2948
f 2792 2948 2894
f 2894 2948 2900
f 2900 2948 2949
f 2900 2949 2954
f 2947 2950 2948
f 2947 2862 2950
f 2948 2950 2949
f 2901 2899 2865
f 2899 2951 2865
f 2865 2951 2878
f 2951 2952 2878
f 2899 2902 2951
f 2902 2952 2951
f 2902 2910 2952
f 2952 2955 2992
f 2878 2952 2994
f 2950 2953 2949
f 2949 2953 2957
f 2900 2954 2907
f 2907 2954 2956
f 2952 2910 2955
f 2910 2912 2955
f 2909 2963 2919
f 2907 2956 2909
f 2909 2956 2963
f 2955 2912 2998
f 2949 2957 2954
f 2957 2958 2954
f 2954 3046 2956
f 2954 2958 3046
f 2862 2959 2950
f 2950 2959 2960
f 2960 2959 3004
f 2953 2950 2961
f 2950 2960 2961
f 2959 2873 3004
f 2919 2962 2920
f 2919 2963 2962
f 2920 2962 2964
f 2962 2965 2964
f 2964 2965 2966
f 2962 2963 2965
f 2956 3046 3047
f 2956 3047 2963
f 2964 2966 2931
f 2931 2966 2967
f 2931 2967 2943
f 2966 2968 2967
f 2968 2966 3067
f 2965 3064 2966
f 2967 2968 2975
f 2912 2969 2998
f 2969 2928 3040
f 3040 2928 3043
f 2932 3043 2928
f 2932 2944 3043
f 2944 2970 3043
f 3043 2970 3065
f 3065 2970 2971
f 3065 2971 3069
f 2944 2973 2970
f 2974 2971 2970
f 2974 3069 2971
f 2944 2972 2973
f 2973 2974 2970
f 2940 2979 2941
f 2941 2979 2942
f 2942 2979 2972
f 2972 2979 2973
f 2946 2975 2979
f 2973 2979 2974
f 2974 2979 2978
f 2968 2976 2975
f 2975 2976 2979
f 2976 2977 2979
f 2978 2979 2981
f 2974 2978 3069
f 2979 2977 2980
f 2979 2980 2983
f 2979 2982 2981
f 2979 2984 2982
f 2979 2985 2984
f 2979 2987 2985
f 2979 2983 2986
f 2978 3070 3069
f 2978 2981 3070
f 2981 2982 3077
f 2979 2986 2990
f 2979 2988 2987
f 2979 2989 2988
f 2979 2991 2989
f 2979 2990 2991
f 2952 2993 2994
f 2993 2881 2994
f 2993 2995 2881
f 2952 2992 2993
f 2992 2996 2993
f 2993 2996 2995
f 2996 2997 2995
f 2955 2998 2992
f 2992 2999 2996
f 2998 2999 2992
f 2996 2999 3000
f 2957 2953 2958
f 2996 3000 2997
f 2958 3048 3046
f 3000 3002 2997
f 3002 3000 3054
f 2997 3001 3008
f 2997 3002 3001
f 3002 3054 3001
f 3001 3054 3003
f 3001 3003 3011
f 3003 3059 3020
f 2881 2995 2883
f 2995 3008 2883
f 2961 2960 3015
f 3004 3007 2960
f 2997 3008 2995
f 2960 3007 3015
f 2873 3005 3004
f 3004 3005 3006
f 3004 3006 3007
f 3008 2884 2883
f 3008 3009 2884
f 3001 3010 3008
f 3008 3010 3009
f 2884 3009 3012
f 3009 3010 3012
f 3010 3162 3012
f 3007 3013 3017
f 3007 3006 3013
f 3006 3014 3013
f 3022 3013 3014
f 2961 3015 2953
f 2953 3015 3048
f 3007 3017 3015
f 2958 2953 3048
f 3015 3016 3048
f 3048 3016 3050
f 3016 3015 3019
f 3001 3011 3010
f 3015 3017 3019
f 3003 3018 3011
f 3019 3089 3016
f 3003 3020 3018
f 3017 3021 3019
f 3019 3021 3088
f 3019 3088 3089
f 3017 3013 3022
f 3017 3022 3021
f 3022 3014 3030
f 3022 3034 3021
f 3011 3018 3024
f 3010 3023 3162
f 3010 3011 3023
f 3011 3024 3023
f 3024 3186 3023
f 3014 3025 3030
f 3186 3026 3189
f 3031 3026 3186
f 3018 3020 3024
f 3027 3031 3024
f 3020 3027 3024
f 3059 3027 3020
f 3028 3027 3109
f 3034 3108 3021
f 3027 3028 3031
f 3028 3029 3036
f 3028 3109 3029
f 3034 3035 3110
f 3034 3110 3108
f 3022 3030 3034
f 3034 3030 3032
f 3025 3032 3030
f 3024 3031 3186
f 3031 3036 3026
f 3035 3032 3033
f 3028 3036 3031
f 3025 3033 3032
f 3034 3032 3035
f 3035 3033 3038
f 3029 3109 3039
f 3038 3112 3035
f 3038 3039 3112
f 3029 3037 3036
f 3193 3037 3188
f 3038 3033 3188
f 3038 3188 3037
f 3029 3039 3037
f 3039 3038 3037
f 2998 3040 2999
f 2969 3040 2998
f 3040 3041 2999
f 3041 3000 2999
f 3000 3042 3054
f 3041 3042 3000
f 3040 3043 3041
f 3043 3065 3041
f 2963 3044 2965
f 2965 3044 3064
f 3041 3045 3042
f 3041 3065 3045
f 3047 3046 3049
f 3046 3048 3049
f 3048 3050 3049
f 2963 3047 3044
f 3047 3049 3051
f 3044 3047 3051
f 3044 3051 3066
f 3051 3049 3073
f 3045 3052 3042
f 3042 3052 3055
f 3074 3055 3052
f 3055 3075 3053
f 3055 3053 3057
f 3042 3003 3054
f 3055 3059 3003
f 3042 3055 3003
f 3055 3057 3059
f 3057 3058 3059
f 3049 3061 3086
f 3050 3056 3061
f 3050 3061 3049
f 3056 3060 3061
f 3053 3058 3057
f 3053 3062 3058
f 3062 3090 3058
f 3061 3063 3087
f 3061 3060 3063
f 3063 3060 3089
f 3063 3089 3107
f 3044 3066 3064
f 2966 3064 3067
f 3064 3068 3067
f 3064 3071 3068
f 3064 3066 3071
f 3065 3069 3045
f 3045 3069 3070
f 3045 3070 3074
f 3066 3072 3071
f 3066 3078 3072
f 2968 3067 2976
f 2976 3067 3068
f 2977 3068 3071
f 2977 3071 3072
f 2976 3068 2977
f 2977 3072 2980
f 2981 3076 3070
f 2981 3077 3076
f 2980 3078 2983
f 2982 2984 3080
f 2984 2985 3083
f 2983 3081 2986
f 2980 3072 3078
f 2983 3078 3079
f 3051 3073 3066
f 3066 3073 3078
f 3045 3074 3052
f 3070 3075 3074
f 3070 3076 3075
f 3076 3053 3075
f 3076 3077 3053
f 3074 3075 3055
f 3086 3079 3078
f 3062 3097 3092
f 3077 3062 3053
f 3077 3080 3062
f 3062 3080 3097
f 3097 3080 3083
f 3083 3084 3097
f 2982 3080 3077
f 2984 3083 3080
f 2985 3084 3083
f 2985 2987 3084
f 2986 3085 2990
f 2987 2988 3100
f 2988 2989 3102
f 2990 3104 2991
f 2989 2991 3103
f 2983 3079 3081
f 2986 3081 3082
f 2986 3082 3085
f 2987 3100 3084
f 2988 3102 3100
f 2989 3103 3102
f 2991 3104 3103
f 2990 3085 3101
f 2990 3101 3104
f 3049 3086 3073
f 3073 3086 3078
f 3079 3086 3081
f 3061 3087 3086
f 3081 3086 3087
f 3081 3087 3082
f 3085 3087 3105
f 3082 3087 3085
f 3056 3050 3016
f 3016 3089 3060
f 3056 3016 3060
f 3089 3088 3107
f 3058 3027 3059
f 3090 3109 3027
f 3058 3090 3027
f 3090 3092 3109
f 3092 3091 3109
f 3062 3092 3090
f 3097 3091 3092
f 3063 3093 3105
f 3091 3097 3094
f 3093 3107 3108
f 3063 3107 3093
f 3095 3106 3093
f 3094 3098 3095
f 3093 3108 3110
f 3095 3093 3110
f 3091 3094 3096
f 3095 3110 3111
f 3094 3095 3096
f 3095 3111 3096
f 3084 3100 3098
f 3084 3098 3097
f 3085 3105 3101
f 3098 3100 3102
f 3106 3104 3101
f 3106 3103 3104
f 3098 3102 3099
f 3106 3099 3103
f 3099 3102 3103
f 3087 3063 3105
f 3094 3097 3098
f 3093 3106 3105
f 3105 3106 3101
f 3095 3099 3106
f 3095 3098 3099
f 3088 3021 3107
f 3107 3021 3108
f 3091 3039 3109
f 3111 3110 3035
f 3091 3096 3039
f 3096 3112 3039
f 3096 3035 3112
f 3111 3035 3096
f 2830 2851 3115
f 2831 3115 3122
f 2831 3122 2867
f 2850 3132 3131
f 2851 3131 3116
f 2851 3116 3115
f 3115 3123 3122
f 3115 3116 3123
f 2867 3120 2868
f 2867 3122 3121
f 2867 3121 3120
f 3120 3124 2872
f 3120 3121 3124
f 2872 3124 2874
f 2875 3135 3132
f 2847 3137 2848
f 2847 3133 3137
f 2877 3142 3133
f 3131 3132 3134
f 3131 3134 3116
f 2876 2849 3136
f 2848 3138 2849
f 2849 3140 3136
f 2848 3137 3138
f 3133 3142 3137
f 3132 3135 3139
f 3132 3139 3134
f 2849 3138 3140
f 3116 3154 3123
f 3116 3134 3155
f 3116 3155 3154
f 3136 3166 3135
f 3136 3140 3166
f 3135 3166 3141
f 3135 3141 3139
f 3134 3139 3169
f 3134 3169 3155
f 3140 3138 3166
f 3139 3173 3169
f 3139 3141 3173
f 2879 3145 3142
f 2879 3146 3145
f 3123 3144 3122
f 3121 3122 3143
f 3143 3122 3144
f 3145 3146 3142
f 3142 3146 3137
f 3146 3159 3137
f 3147 3159 3146
f 3121 3143 3124
f 3124 3149 3148
f 3124 3148 2874
f 2874 3148 3005
f 3148 3182 3005
f 3124 3143 3149
f 3143 3144 3149
f 3146 2882 3147
f 3147 2882 3150
f 2884 3161 3150
f 3150 3161 3147
f 3148 3183 3182
f 3148 3152 3183
f 2884 3012 3161
f 3144 3151 3149
f 3149 3151 3152
f 3144 3156 3151
f 3151 3156 3153
f 3148 3149 3152
f 3151 3153 3152
f 3123 3154 3158
f 3123 3158 3144
f 3154 3155 3158
f 3155 3167 3158
f 3144 3158 3156
f 3156 3158 3157
f 3157 3158 3167
f 3137 3159 3138
f 3147 3168 3159
f 3147 3160 3168
f 3161 3012 3162
f 3161 3162 3160
f 3161 3160 3147
f 3156 3177 3153
f 3162 3164 3160
f 3170 3160 3164
f 3153 3185 3152
f 3162 3165 3164
f 3153 3187 3185
f 3153 3177 3163
f 3153 3163 3187
f 3165 3179 3164
f 3165 3190 3194
f 3165 3194 3179
f 3163 3195 3187
f 3163 3196 3195
f 3181 3194 3196
f 3163 3181 3196
f 3138 3159 3168
f 3138 3168 3166
f 3168 3171 3166
f 3160 3171 3168
f 3160 3170 3171
f 3155 3175 3167
f 3155 3169 3175
f 3178 3167 3175
f 3166 3171 3141
f 3171 3170 3141
f 3169 3173 3175
f 3141 3170 3173
f 3173 3176 3175
f 3173 3170 3176
f 3178 3175 3174
f 3172 3176 3170
f 3174 3175 3172
f 3175 3176 3172
f 3157 3177 3156
f 3157 3167 3177
f 3177 3167 3178
f 3177 3178 3163
f 3170 3164 3172
f 3164 3179 3172
f 3178 3181 3163
f 3178 3174 3181
f 3179 3194 3180
f 3174 3180 3181
f 3174 3172 3180
f 3179 3180 3172
f 3194 3181 3180
f 3005 3182 3006
f 3182 3183 3014
f 3006 3182 3014
f 3014 3183 3184
f 3183 3152 3184
f 3014 3184 3025
f 3023 3165 3162
f 3184 3152 3185
f 3186 3190 3165
f 3023 3186 3165
f 3186 3189 3190
f 3025 3184 3185
f 3025 3185 3188
f 3025 3188 3033
f 3185 3187 3188
f 3189 3194 3190
f 3189 3026 3194
f 3187 3193 3188
f 3036 3037 3191
f 3193 3191 3037
f 3187 3191 3193
f 3026 3036 3192
f 3036 3191 3192
f 3191 3187 3195
f 3191 3195 3192
f 3026 3196 3194
f 3195 3196 3192
f 3026 3192 3196
f 2220 2221 2231
f 2220 2231 2224
f 2221 2222 2231
f 2222 2223 2231
f 2224 2231 2227
f 2276 2228 2229
f 2233 2231 2228
f 2223 2225 2231
f 2225 2226 2231
f 2226 2229 2231
f 2227 2231 2230
f 2229 2228 2231
f 2231 2238 2232
f 2231 2232 2230
f 2233 2228 2284
f 2233 2234 2231
f 2234 2236 2231
f 2235 2231 2236
f 2235 2363 2231
f 2231 2364 2365
f 2231 2363 2364
f 2231 2369 2368
f 2233 2240 2234
f 2235 2236 2370
f 2234 2241 2236
f 2231 2237 2238
f 2231 2239 2237
f 2231 2368 2239
f 2233 2284 2240
f 2234 2240 2241
f 2236 2241 2370
f 2284 2290 2240
f 2240 2290 2241
f 2241 2242 2370
f 2241 2290 2242
f 2290 2308 2242
f 2242 2308 2243
f 2243 2308 2244
f 2245 2252 2246
f 2246 2252 2250
f 2246 2250 2248
f 2245 2247 2252
f 2247 2249 2253
f 2247 2253 2252
f 2248 2250 2271
f 2249 2273 2253
f 2250 2251 2271
f 2252 2254 2250
f 2250 2256 2251
f 2252 2253 2258
f 2252 2257 2254
f 2250 2254 2255
f 2250 2255 2256
f 2252 2258 2257
f 2256 2261 2251
f 2254 2257 2265
f 2256 2255 2261
f 2251 2261 2259
f 2258 2268 2257
f 2259 2278 2251
f 2253 2260 2258
f 2259 2262 2297
f 2258 2260 2268
f 2261 2263 2259
f 2259 2266 2262
f 2301 2262 2302
f 2254 2264 2255
f 2255 2264 2263
f 2254 2265 2264
f 2261 2255 2263
f 2265 2257 2267
f 2259 2263 2266
f 2257 2268 2267
f 2268 2269 2267
f 2268 2319 2269
f 2245 2246 2221
f 2245 2220 2247
f 2246 2248 2222
f 2248 2271 2223
f 2247 2224 2249
f 2249 2224 2273
f 2246 2222 2221
f 2245 2221 2220
f 2247 2220 2224
f 2248 2223 2222
f 2223 2271 2225
f 2224 2227 2273
f 2225 2271 2272
f 2226 2272 2270
f 2275 2229 2270
f 2227 2274 2273
f 2230 2277 2274
f 2251 2272 2271
f 2272 2278 2270
f 2251 2278 2272
f 2275 2270 2278
f 2275 2278 2279
f 2278 2297 2279
f 2275 2279 2276
f 2276 2279 2283
f 2280 2283 2279
f 2280 2279 2295
f 2253 2273 2260
f 2273 2281 2260
f 2273 2274 2281
f 2260 2281 2298
f 2274 2277 2281
f 2277 2282 2281
f 2282 2300 2281
f 2225 2272 2226
f 2226 2270 2229
f 2227 2230 2274
f 2230 2232 2277
f 2275 2276 2229
f 2276 2283 2228
f 2283 2284 2228
f 2232 2285 2277
f 2232 2286 2285
f 2232 2238 2286
f 2238 2237 2288
f 2237 2239 2287
f 2238 2292 2286
f 2238 2288 2292
f 2237 2287 2288
f 2280 2284 2283
f 2280 2289 2284
f 2284 2289 2290
f 2289 2306 2290
f 2277 2285 2282
f 2286 2292 2291
f 2288 2287 2293
f 2288 2293 2292
f 2287 2423 2293
f 2291 2292 2309
f 2292 2293 2309
f 2285 2286 2282
f 2282 2286 2312
f 2286 2291 2313
f 2259 2297 2278
f 2279 2297 2294
f 2279 2294 2295
f 2295 2304 2280
f 2295 2294 2304
f 2306 2280 2296
f 2280 2304 2296
f 2281 2299 2298
f 2297 2301 2294
f 2262 2301 2297
f 2260 2298 2318
f 2260 2318 2268
f 2298 2299 2318
f 2281 2300 2299
f 2299 2300 2305
f 2301 2302 2294
f 2304 2294 2303
f 2294 2302 2303
f 2296 2304 2303
f 2289 2280 2306
f 2290 2306 2307
f 2307 2310 2308
f 2307 2306 2310
f 2290 2307 2308
f 2296 2310 2306
f 2310 2311 2308
f 2308 2311 2244
f 2282 2312 2300
f 2286 2313 2312
f 2300 2312 2314
f 2312 2313 2314
f 2300 2314 2305
f 2291 2309 2313
f 2313 2309 2316
f 2305 2314 2315
f 2305 2315 2320
f 2316 2317 2313
f 2313 2317 2314
f 2268 2318 2319
f 2305 2320 2299
f 2299 2320 2318
f 2264 2321 2263
f 2263 2321 2322
f 2263 2322 2266
f 2265 2327 2264
f 2321 2264 2324
f 2321 2574 2322
f 2323 2266 2322
f 2321 2324 2575
f 2265 2267 2327
f 2323 2325 2266
f 2266 2325 2262
f 2262 2325 2329
f 2302 2262 2329
f 2302 2329 2345
f 2329 2326 2345
f 2267 2328 2327
f 2267 2269 2328
f 2264 2327 2324
f 2328 2330 2327
f 2323 2329 2325
f 2327 2330 2324
f 2323 2331 2329
f 2329 2332 2326
f 2324 2330 2581
f 2332 2352 2326
f 2329 2331 2332
f 2331 2582 2332
f 2332 2334 2352
f 2330 2333 2581
f 2332 2582 2334
f 2303 2302 2345
f 2303 2345 2335
f 2296 2303 2336
f 2303 2335 2336
f 2336 2335 2337
f 2336 2337 2341
f 2310 2336 2311
f 2311 2341 2338
f 2244 2311 2338
f 2244 2338 2384
f 2338 2339 2398
f 2338 2341 2339
f 2296 2336 2310
f 2336 2341 2311
f 2315 2314 2340
f 2317 2431 2314
f 2314 2431 2340
f 2341 2343 2339
f 2341 2337 2342
f 2341 2342 2343
f 2343 2342 2344
f 2339 2343 2344
f 2339 2344 2436
f 2344 2342 2359
f 2335 2345 2326
f 2319 2318 2346
f 2319 2346 2269
f 2269 2346 2348
f 2318 2320 2347
f 2320 2349 2347
f 2318 2347 2346
f 2335 2326 2352
f 2337 2335 2353
f 2346 2347 2348
f 2269 2348 2328
f 2328 2348 2356
f 2330 2328 2333
f 2320 2315 2349
f 2347 2349 2350
f 2340 2351 2315
f 2347 2350 2360
f 2315 2351 2349
f 2351 2445 2349
f 2335 2352 2353
f 2353 2352 2334
f 2353 2334 2354
f 2342 2337 2354
f 2353 2354 2337
f 2354 2357 2355
f 2328 2356 2333
f 2333 2358 2587
f 2333 2356 2358
f 2354 2334 2357
f 2584 2357 2334
f 2349 2445 2350
f 2350 2446 2360
f 2354 2355 2342
f 2355 2359 2342
f 2347 2360 2348
f 2348 2361 2356
f 2348 2360 2361
f 2358 2356 2589
f 2361 2589 2356
f 2235 2366 2363
f 2367 2364 2363
f 2364 2372 2365
f 2365 2374 2369
f 2367 2363 2366
f 2367 2372 2364
f 2231 2365 2369
f 2239 2368 2422
f 2369 2371 2368
f 2235 2370 2366
f 2368 2371 2422
f 2365 2372 2373
f 2365 2373 2374
f 2369 2374 2375
f 2369 2375 2371
f 2366 2242 2376
f 2367 2376 2372
f 2367 2366 2376
f 2366 2370 2242
f 2242 2381 2376
f 2372 2362 2373
f 2372 2376 2362
f 2362 2374 2373
f 2377 2375 2374
f 2362 2376 2382
f 2375 2377 2371
f 2371 2377 2425
f 2362 2377 2374
f 2362 2387 2377
f 2425 2377 2394
f 2362 2378 2387
f 2379 2389 2378
f 2376 2381 2380
f 2243 2381 2242
f 2243 2244 2381
f 2376 2380 2382
f 2378 2362 2382
f 2382 2380 2378
f 2425 2394 2383
f 2425 2383 2426
f 2426 2383 2386
f 2381 2384 2380
f 2244 2384 2381
f 2380 2385 2378
f 2384 2385 2380
f 2379 2378 2385
f 2377 2387 2388
f 2378 2389 2387
f 2387 2389 2388
f 2388 2393 2394
f 2389 2391 2388
f 2389 2390 2391
f 2379 2390 2389
f 2388 2391 2392
f 2388 2392 2393
f 2388 2394 2377
f 2383 2394 2393
f 2383 2393 2386
f 2338 2397 2384
f 2384 2397 2385
f 2385 2397 2379
f 2379 2397 2399
f 2379 2399 2400
f 2397 2398 2399
f 2399 2398 2405
f 2379 2400 2390
f 2390 2400 2403
f 2391 2401 2392
f 2391 2390 2401
f 2392 2401 2412
f 2392 2412 2393
f 2401 2390 2403
f 2402 2393 2412
f 2403 2400 2407
f 2403 2396 2401
f 2402 2386 2393
f 2402 2395 2386
f 2395 2404 2429
f 2402 2404 2395
f 2404 2433 2429
f 2399 2406 2410
f 2399 2405 2406
f 2403 2407 2396
f 2396 2407 2408
f 2407 2411 2408
f 2407 2400 2399
f 2407 2399 2410
f 2433 2404 2409
f 2407 2410 2411
f 2406 2411 2410
f 2412 2401 2413
f 2401 2414 2413
f 2413 2414 2402
f 2396 2414 2401
f 2396 2415 2414
f 2415 2417 2414
f 2417 2418 2414
f 2415 2419 2416
f 2415 2416 2417
f 2402 2412 2413
f 2402 2418 2404
f 2402 2414 2418
f 2396 2408 2415
f 2418 2420 2404
f 2420 2409 2404
f 2417 2420 2418
f 2408 2419 2415
f 2420 2421 2409
f 2409 2421 2441
f 2239 2422 2287
f 2287 2422 2424
f 2287 2424 2423
f 2371 2425 2422
f 2422 2425 2424
f 2424 2425 2426
f 2424 2428 2423
f 2293 2423 2309
f 2423 2427 2309
f 2309 2427 2316
f 2428 2427 2423
f 2424 2426 2386
f 2424 2386 2428
f 2316 2427 2317
f 2428 2429 2427
f 2386 2395 2428
f 2428 2395 2429
f 2338 2398 2397
f 2429 2433 2427
f 2317 2427 2430
f 2427 2433 2430
f 2433 2434 2430
f 2317 2430 2431
f 2431 2432 2340
f 2340 2438 2351
f 2430 2432 2431
f 2340 2432 2439
f 2434 2441 2430
f 2434 2433 2409
f 2398 2435 2405
f 2339 2435 2398
f 2339 2436 2435
f 2405 2435 2406
f 2435 2436 2440
f 2435 2440 2437
f 2406 2435 2437
f 2340 2439 2438
f 2344 2440 2436
f 2441 2432 2430
f 2441 2442 2432
f 2434 2409 2441
f 2442 2448 2444
f 2439 2432 2442
f 2439 2442 2438
f 2442 2444 2438
f 2438 2443 2445
f 2444 2443 2438
f 2438 2445 2351
f 2350 2445 2446
f 2360 2446 2447
f 2443 2446 2445
f 2360 2447 2361
f 2442 2441 2421
f 2442 2421 2448
f 2344 2449 2440
f 2357 2450 2355
f 2359 2355 2452
f 2355 2450 2452
f 2449 2359 2452
f 2344 2359 2449
f 2449 2452 2451
f 2449 2451 2495
f 2451 2452 2453
f 2452 2617 2453
f 2451 2453 2618
f 2451 2618 2506
f 2618 2454 2506
f 2454 2455 2508
f 2459 2458 2633
f 2633 2458 2456
f 2457 2528 2455
f 2459 2634 2531
f 2468 2411 2460
f 2408 2411 2468
f 2460 2461 2469
f 2416 2419 2462
f 2417 2463 2464
f 2463 2465 2466
f 2463 2466 2660
f 2416 2463 2417
f 2416 2462 2463
f 2417 2464 2420
f 2462 2465 2463
f 2420 2464 2471
f 2465 2462 2466
f 2466 2661 2660
f 2466 2477 2467
f 2466 2467 2661
f 2419 2468 2469
f 2408 2468 2419
f 2468 2460 2469
f 2419 2469 2462
f 2462 2469 2474
f 2462 2474 2466
f 2421 2470 2448
f 2420 2471 2421
f 2421 2471 2470
f 2471 2472 2470
f 2472 2448 2470
f 2472 2473 2448
f 2472 2478 2473
f 2474 2477 2466
f 2469 2475 2474
f 2461 2475 2469
f 2474 2475 2476
f 2474 2476 2477
f 2467 2477 2479
f 2478 2667 2480
f 2467 2485 2663
f 2477 2484 2479
f 2477 2476 2484
f 2485 2479 2486
f 2467 2479 2485
f 2485 2488 2674
f 2479 2484 2486
f 2484 2551 2488
f 2486 2484 2488
f 2485 2486 2488
f 2488 2551 2491
f 2488 2492 2680
f 2680 2492 2493
f 2488 2491 2490
f 2488 2490 2492
f 2406 2437 2494
f 2437 2440 2494
f 2449 2495 2440
f 2440 2495 2494
f 2494 2495 2506
f 2494 2506 2496
f 2406 2494 2411
f 2411 2494 2496
f 2411 2496 2460
f 2460 2496 2461
f 2443 2444 2497
f 2496 2506 2507
f 2496 2507 2499
f 2461 2498 2475
f 2496 2499 2461
f 2461 2499 2498
f 2498 2499 2500
f 2451 2506 2495
f 2589 2361 2616
f 2447 2501 2361
f 2361 2501 2616
f 2501 2503 2616
f 2503 2502 2616
f 2497 2447 2446
f 2443 2497 2446
f 2501 2447 2504
f 2497 2505 2447
f 2447 2505 2504
f 2504 2505 2509
f 2501 2504 2503
f 2503 2504 2509
f 2507 2506 2508
f 2507 2508 2499
f 2454 2508 2506
f 2502 2503 2510
f 2509 2511 2503
f 2511 2510 2503
f 2510 2511 2512
f 2444 2448 2513
f 2444 2513 2473
f 2448 2473 2513
f 2473 2514 2497
f 2444 2473 2497
f 2497 2514 2505
f 2478 2514 2473
f 2498 2476 2475
f 2514 2515 2505
f 2478 2480 2514
f 2480 2516 2514
f 2516 2480 2517
f 2514 2516 2515
f 2515 2516 2517
f 2509 2505 2518
f 2509 2518 2511
f 2515 2518 2505
f 2511 2518 2519
f 2515 2519 2518
f 2498 2520 2540
f 2498 2500 2520
f 2500 2521 2520
f 2522 2524 2521
f 2521 2524 2546
f 2521 2546 2520
f 2522 2548 2524
f 2522 2547 2548
f 2522 2533 2547
f 2525 2547 2533
f 2523 2567 2525
f 2500 2499 2526
f 2499 2508 2526
f 2526 2508 2521
f 2457 2456 2533
f 2522 2527 2533
f 2522 2521 2527
f 2521 2508 2527
f 2528 2533 2527
f 2455 2527 2508
f 2455 2528 2527
f 2457 2533 2528
f 2637 2532 2636
f 2500 2526 2521
f 2537 2648 2538
f 2638 2648 2537
f 2538 2648 2529
f 2538 2529 2570
f 2529 2650 2651
f 2459 2530 2458
f 2459 2531 2535
f 2523 2456 2458
f 2525 2533 2456
f 2458 2530 2523
f 2531 2636 2536
f 2459 2534 2530
f 2459 2535 2534
f 2523 2525 2456
f 2523 2530 2567
f 2530 2534 2567
f 2636 2532 2536
f 2532 2638 2566
f 2531 2536 2535
f 2534 2535 2567
f 2535 2536 2567
f 2638 2568 2566
f 2638 2537 2568
f 2532 2566 2536
f 2498 2540 2476
f 2476 2540 2484
f 2520 2539 2540
f 2540 2551 2484
f 2540 2542 2551
f 2540 2539 2542
f 2520 2546 2539
f 2515 2541 2519
f 2517 2689 2515
f 2515 2689 2541
f 2541 2689 2690
f 2541 2562 2565
f 2555 2562 2559
f 2541 2696 2562
f 2559 2562 2696
f 2539 2546 2544
f 2542 2545 2552
f 2542 2539 2545
f 2539 2544 2545
f 2524 2543 2546
f 2524 2549 2543
f 2524 2548 2549
f 2546 2543 2544
f 2525 2567 2547
f 2547 2567 2548
f 2551 2553 2554
f 2542 2553 2551
f 2553 2542 2552
f 2551 2554 2491
f 2555 2558 2556
f 2571 2556 2557
f 2559 2697 2561
f 2559 2696 2697
f 2559 2561 2560
f 2555 2560 2558
f 2555 2559 2560
f 2519 2565 2511
f 2511 2565 2512
f 2529 2571 2570
f 2555 2563 2562
f 2562 2563 2564
f 2651 2555 2571
f 2651 2563 2555
f 2651 2564 2563
f 2562 2564 2512
f 2529 2651 2571
f 2541 2565 2519
f 2512 2565 2562
f 2538 2570 2573
f 2536 2566 2567
f 2537 2569 2568
f 2537 2572 2569
f 2538 2573 2572
f 2537 2538 2572
f 2570 2571 2557
f 2571 2555 2556
f 2570 2550 2573
f 2570 2557 2550
f 2574 2576 2323
f 2322 2574 2323
f 2321 2575 2574
f 2331 2323 2576
f 2575 2583 2574
f 2331 2576 2579
f 2574 2583 2585
f 2331 2579 2577
f 2576 2578 2579
f 2576 2580 2578
f 2574 2580 2576
f 2574 2585 2580
f 2324 2581 2575
f 2581 2583 2575
f 2331 2577 2582
f 2582 2577 2334
f 2334 2577 2584
f 2581 2613 2583
f 2583 2613 2586
f 2583 2586 2585
f 2333 2587 2581
f 2581 2587 2588
f 2581 2588 2613
f 2587 2358 2588
f 2579 2578 2590
f 2577 2579 2590
f 2578 2580 2591
f 2580 2585 2591
f 2590 2598 2592
f 2577 2590 2584
f 2584 2593 2357
f 2593 2594 2450
f 2585 2586 2595
f 2584 2590 2592
f 2595 2600 2585
f 2584 2592 2593
f 2592 2601 2593
f 2593 2601 2594
f 2590 2578 2598
f 2578 2591 2599
f 2578 2599 2598
f 2598 2599 2606
f 2598 2603 2592
f 2598 2606 2603
f 2591 2606 2599
f 2585 2600 2591
f 2591 2600 2607
f 2591 2607 2606
f 2592 2603 2604
f 2606 2604 2603
f 2592 2604 2601
f 2606 2609 2604
f 2601 2604 2605
f 2601 2605 2602
f 2604 2611 2605
f 2601 2602 2594
f 2594 2602 2596
f 2606 2607 2610
f 2596 2608 2597
f 2596 2602 2608
f 2606 2610 2609
f 2604 2609 2611
f 2609 2610 2611
f 2357 2593 2450
f 2588 2358 2612
f 2588 2612 2613
f 2452 2450 2617
f 2594 2596 2450
f 2450 2596 2617
f 2613 2614 2586
f 2612 2614 2613
f 2586 2614 2595
f 2614 2623 2595
f 2358 2589 2615
f 2589 2616 2615
f 2358 2615 2612
f 2616 2641 2615
f 2612 2615 2614
f 2615 2641 2642
f 2615 2642 2621
f 2615 2621 2614
f 2614 2621 2623
f 2617 2619 2618
f 2618 2619 2620
f 2618 2620 2454
f 2617 2596 2597
f 2617 2597 2619
f 2617 2618 2453
f 2623 2622 2626
f 2623 2621 2622
f 2626 2622 2644
f 2595 2623 2600
f 2600 2624 2607
f 2600 2623 2624
f 2623 2626 2624
f 2610 2607 2625
f 2607 2624 2627
f 2607 2627 2625
f 2610 2625 2611
f 2626 2644 2624
f 2644 2627 2624
f 2597 2628 2635
f 2633 2628 2629
f 2633 2629 2632
f 2629 2634 2632
f 2602 2629 2608
f 2605 2630 2629
f 2605 2629 2602
f 2597 2608 2628
f 2608 2629 2628
f 2605 2637 2630
f 2629 2630 2634
f 2611 2640 2637
f 2605 2611 2637
f 2631 2455 2620
f 2631 2635 2456
f 2459 2633 2632
f 2459 2632 2634
f 2633 2456 2635
f 2631 2619 2635
f 2633 2635 2628
f 2597 2635 2619
f 2636 2630 2637
f 2631 2620 2619
f 2636 2634 2630
f 2631 2457 2455
f 2454 2620 2455
f 2631 2456 2457
f 2636 2531 2634
f 2638 2640 2639
f 2639 2649 2648
f 2637 2640 2638
f 2638 2639 2648
f 2611 2625 2639
f 2611 2639 2640
f 2625 2649 2639
f 2625 2627 2649
f 2644 2649 2627
f 2616 2502 2641
f 2641 2502 2642
f 2642 2502 2643
f 2642 2643 2621
f 2643 2646 2621
f 2646 2645 2621
f 2622 2645 2644
f 2622 2621 2645
f 2502 2510 2643
f 2643 2510 2512
f 2643 2512 2646
f 2529 2649 2647
f 2637 2638 2532
f 2648 2649 2529
f 2644 2647 2649
f 2650 2644 2645
f 2650 2647 2644
f 2529 2647 2650
f 2646 2651 2645
f 2651 2650 2645
f 2512 2564 2646
f 2646 2564 2651
f 2464 2660 2662
f 2463 2660 2464
f 2471 2464 2662
f 2471 2662 2472
f 2662 2660 2666
f 2662 2666 2472
f 2660 2661 2663
f 2660 2663 2664
f 2660 2664 2666
f 2666 2665 2472
f 2467 2663 2661
f 2666 2664 2665
f 2478 2472 2665
f 2478 2665 2667
f 2667 2665 2668
f 2480 2667 2668
f 2664 2663 2669
f 2664 2669 2670
f 2669 2663 2674
f 2670 2669 2673
f 2664 2670 2671
f 2664 2671 2665
f 2665 2671 2672
f 2670 2673 2671
f 2671 2676 2672
f 2671 2673 2676
f 2485 2674 2663
f 2674 2677 2669
f 2669 2677 2673
f 2668 2675 2480
f 2480 2675 2517
f 2517 2675 2691
f 2668 2665 2672
f 2672 2676 2675
f 2668 2672 2675
f 2676 2685 2675
f 2685 2691 2675
f 2677 2674 2681
f 2677 2681 2678
f 2679 2678 2493
f 2673 2677 2678
f 2673 2678 2679
f 2679 2493 2684
f 2488 2680 2674
f 2674 2680 2681
f 2681 2680 2493
f 2678 2681 2493
f 2686 2493 2682
f 2684 2493 2686
f 2691 2682 2683
f 2694 2691 2683
f 2694 2683 2695
f 2673 2684 2676
f 2676 2684 2685
f 2679 2684 2673
f 2684 2686 2685
f 2685 2686 2691
f 2686 2682 2691
f 2517 2691 2689
f 2691 2690 2689
f 2541 2690 2694
f 2691 2694 2690
f 2541 2694 2696
f 2696 2693 2697
f 2694 2692 2693
f 2694 2693 2696
f 2694 2695 2692
