v 0.092084 0.046811 0.048672
v 0.091969 0.046869 0.048661
v 0.091802 0.046953 0.048656
v 0.091636 0.047036 0.048648
v 0.091919 0.046894 0.048695
v 0.091753 0.046977 0.048714
v 0.091469 0.047120 0.048636
v 0.091303 0.047203 0.048621
v 0.091587 0.047061 0.048728
v 0.091420 0.047144 0.048738
v 0.090806 0.047452 0.048555
v 0.090641 0.047534 0.048527
v 0.091137 0.047286 0.048602
v 0.090971 0.047369 0.048581
v 0.091253 0.047228 0.048742
v 0.091087 0.047311 0.048742
v 0.090920 0.047395 0.048737
v 0.090620 0.047545 0.048564
v 0.090753 0.047478 0.048727
v 0.090587 0.047561 0.048711
v 0.090476 0.047617 0.048496
v 0.090312 0.047699 0.048462
v 0.090149 0.047781 0.048426
v 0.089822 0.047944 0.048349
v 0.089985 0.047863 0.048388
v 0.090256 0.047727 0.048665
v 0.090421 0.047644 0.048690
v 0.090092 0.047809 0.048631
v 0.089929 0.047891 0.048593
v 0.093820 0.053201 0.048685
v 0.093254 0.053484 0.048553
v 0.096744 0.058995 0.048735
v 0.096091 0.059322 0.048575
v 0.098831 0.065208 0.048601
v 0.101491 0.071134 0.048630
v 0.099955 0.050129 0.049478
v 0.099559 0.050327 0.049437
v 0.099381 0.050416 0.049556
v 0.098981 0.050616 0.049413
v 0.098805 0.050705 0.049617
v 0.103824 0.055449 0.049745
v 0.103372 0.055676 0.049690
v 0.102704 0.056010 0.049654
v 0.102036 0.056345 0.049604
v 0.103160 0.055782 0.049829
v 0.102493 0.056116 0.049892
v 0.101825 0.056450 0.049937
v 0.107336 0.060949 0.050226
v 0.110202 0.066772 0.050702
v 0.106844 0.061196 0.050144
v 0.106106 0.061565 0.050075
v 0.106598 0.061318 0.050292
v 0.105859 0.061689 0.050336
v 0.105370 0.061934 0.049991
v 0.104635 0.062302 0.049892
v 0.105120 0.062059 0.050359
v 0.104379 0.062430 0.050363
v 0.109397 0.067175 0.050591
v 0.108594 0.067577 0.050463
v 0.107794 0.067978 0.050319
v 0.110895 0.073684 0.050696
v 0.110732 0.066507 0.050816
v 0.113506 0.072376 0.051191
v 0.114073 0.072092 0.051334
v 0.113190 0.072534 0.051354
v 0.109922 0.066913 0.050856
v 0.109111 0.067318 0.050871
v 0.112633 0.072813 0.051044
v 0.111762 0.073249 0.050879
v 0.112308 0.072976 0.051346
v 0.108301 0.067724 0.050863
v 0.107490 0.068130 0.050834
v 0.111426 0.073418 0.051314
v 0.110544 0.073859 0.051259
v 0.097250 0.051483 0.049271
v 0.098403 0.050906 0.049378
v 0.097826 0.051194 0.049330
v 0.098227 0.050994 0.049662
v 0.097649 0.051283 0.049691
v 0.097071 0.051573 0.049701
v 0.096675 0.051771 0.049200
v 0.096101 0.052058 0.049120
v 0.096493 0.051862 0.049694
v 0.095914 0.052152 0.049672
v 0.100704 0.057012 0.049463
v 0.101370 0.056679 0.049540
v 0.100040 0.057344 0.049372
v 0.099377 0.057676 0.049271
v 0.098716 0.058007 0.049154
v 0.101156 0.056785 0.049965
v 0.100487 0.057120 0.049970
v 0.099818 0.057455 0.049954
v 0.099150 0.057790 0.049922
v 0.095529 0.052345 0.049025
v 0.094958 0.052631 0.048921
v 0.094388 0.052916 0.048808
v 0.095337 0.052441 0.049633
v 0.094187 0.053017 0.049495
v 0.094761 0.052729 0.049571
v 0.093046 0.053588 0.049280
v 0.093614 0.053304 0.049402
v 0.098057 0.058337 0.049024
v 0.097400 0.058667 0.048886
v 0.097154 0.058790 0.049696
v 0.096493 0.059121 0.049581
v 0.095837 0.059449 0.049434
v 0.098483 0.058124 0.049871
v 0.097817 0.058457 0.049792
v 0.103171 0.063035 0.049650
v 0.102441 0.063400 0.049509
v 0.101715 0.063764 0.049351
v 0.104619 0.069568 0.049587
v 0.103902 0.062669 0.049778
v 0.103640 0.062800 0.050342
v 0.102901 0.063170 0.050298
v 0.102163 0.063540 0.050236
v 0.101426 0.063909 0.050152
v 0.106996 0.068378 0.050159
v 0.106201 0.068776 0.049984
v 0.105874 0.068940 0.050697
v 0.110031 0.074116 0.050495
v 0.109169 0.074548 0.050278
v 0.105408 0.069173 0.049795
v 0.108311 0.074977 0.050047
v 0.107458 0.075405 0.049795
v 0.105069 0.069343 0.050595
v 0.100990 0.064127 0.049180
v 0.100268 0.064488 0.048999
v 0.099549 0.064849 0.048805
v 0.099236 0.065006 0.049751
v 0.103049 0.070354 0.049133
v 0.103833 0.069962 0.049366
v 0.106608 0.075831 0.049529
v 0.102269 0.070745 0.048887
v 0.105761 0.076255 0.049251
v 0.104918 0.076677 0.048958
v 0.100693 0.064276 0.050038
v 0.099963 0.064641 0.049906
v 0.104266 0.069745 0.050470
v 0.103467 0.070145 0.050312
v 0.106177 0.076046 0.050570
v 0.102673 0.070543 0.050133
v 0.101883 0.070938 0.049931
v 0.104461 0.076905 0.050107
v 0.105317 0.076477 0.050351
v 0.106681 0.068535 0.050778
v 0.109665 0.074300 0.051173
v 0.108788 0.074739 0.051061
v 0.107914 0.075177 0.050926
v 0.107042 0.075613 0.050766
v 0.117319 0.077725 0.051918
v 0.116716 0.078027 0.051743
v 0.116364 0.078203 0.051912
v 0.120497 0.083392 0.052458
v 0.118853 0.084215 0.052025
v 0.119860 0.083711 0.052254
v 0.119470 0.083906 0.052431
v 0.115776 0.078498 0.051553
v 0.114840 0.078967 0.051345
v 0.113907 0.079434 0.051117
v 0.116851 0.085218 0.051507
v 0.115409 0.078681 0.051877
v 0.114456 0.079159 0.051815
v 0.113504 0.079635 0.051727
v 0.117850 0.084717 0.051777
v 0.118444 0.084420 0.052371
v 0.117420 0.084933 0.052283
v 0.116398 0.085445 0.052167
v 0.121845 0.089976 0.052544
v 0.120777 0.090510 0.052251
v 0.119714 0.091043 0.051935
v 0.119205 0.091298 0.052644
v 0.122568 0.096871 0.052316
v 0.112052 0.080363 0.050606
v 0.110214 0.081283 0.050026
v 0.111130 0.080824 0.050327
v 0.113882 0.086705 0.050586
v 0.109302 0.081740 0.049709
v 0.107490 0.082647 0.049035
v 0.108394 0.082195 0.049380
v 0.110958 0.088169 0.049498
v 0.107874 0.082455 0.050580
v 0.112903 0.087195 0.050239
v 0.111928 0.087683 0.049875
v 0.113450 0.094179 0.049626
v 0.115516 0.093145 0.050470
v 0.114481 0.093663 0.050055
v 0.118096 0.099111 0.050677
v 0.116994 0.099663 0.050215
v 0.119449 0.105692 0.050380
v 0.112977 0.079899 0.050870
v 0.112555 0.080111 0.051608
v 0.111610 0.080584 0.051458
v 0.110668 0.081056 0.051285
v 0.114868 0.086211 0.050910
v 0.115857 0.085715 0.051218
v 0.113355 0.086968 0.051626
v 0.115379 0.085955 0.052017
v 0.114365 0.086463 0.051835
v 0.109729 0.081526 0.051085
v 0.108799 0.081992 0.050845
v 0.112350 0.087472 0.051390
v 0.111353 0.087971 0.051109
v 0.110364 0.088466 0.050803
v 0.118656 0.091572 0.051598
v 0.117604 0.092099 0.051242
v 0.116556 0.092624 0.050869
v 0.120320 0.097997 0.051538
v 0.119204 0.098556 0.051121
v 0.121794 0.104518 0.051382
v 0.118117 0.091842 0.052459
v 0.115959 0.092923 0.051991
v 0.117036 0.092384 0.052239
v 0.121441 0.097436 0.051937
v 0.124169 0.103328 0.052290
v 0.122978 0.103924 0.051845
v 0.119687 0.098314 0.052617
v 0.113827 0.093990 0.051388
v 0.120618 0.105106 0.050890
v 0.116263 0.100029 0.051660
v 0.114887 0.093459 0.051713
v 0.118538 0.098890 0.052336
v 0.117395 0.099462 0.052023
v 0.119839 0.105497 0.052344
v 0.092825 0.060957 0.047765
v 0.089659 0.048026 0.048309
v 0.089496 0.048108 0.048271
v 0.089332 0.048190 0.048239
v 0.089169 0.048271 0.048247
v 0.092124 0.054050 0.048275
v 0.091559 0.054333 0.048133
v 0.089449 0.048131 0.048434
v 0.089767 0.047972 0.048548
v 0.089607 0.048052 0.048496
v 0.089297 0.048207 0.048359
v 0.092688 0.053767 0.048416
v 0.091367 0.054429 0.048794
v 0.090994 0.054616 0.047996
v 0.090425 0.054901 0.047881
v 0.089862 0.055183 0.047907
v 0.090297 0.054965 0.048305
v 0.090823 0.054701 0.048573
v 0.094787 0.059975 0.048239
v 0.095438 0.059649 0.048409
v 0.094135 0.060301 0.048068
v 0.093483 0.060628 0.047903
v 0.093274 0.060732 0.048583
v 0.092175 0.061283 0.047794
v 0.092670 0.061035 0.048264
v 0.095970 0.066641 0.047752
v 0.099167 0.072298 0.047830
v 0.101567 0.078355 0.047711
v 0.097401 0.065924 0.048176
v 0.098115 0.065566 0.048391
v 0.096686 0.066282 0.047960
v 0.095711 0.066770 0.048512
v 0.100716 0.071523 0.048367
v 0.104078 0.077097 0.048654
v 0.103240 0.077517 0.048343
v 0.099941 0.071910 0.048098
v 0.102404 0.077936 0.048027
v 0.098808 0.072478 0.048790
v 0.095247 0.067003 0.047576
v 0.094528 0.067363 0.047588
v 0.097605 0.073080 0.047347
v 0.098390 0.072687 0.047570
v 0.100728 0.078775 0.047406
v 0.096818 0.073474 0.047334
v 0.099878 0.079201 0.047141
v 0.099022 0.079629 0.047111
v 0.099601 0.079339 0.047813
v 0.095055 0.067099 0.048132
v 0.097369 0.073198 0.047958
v 0.098073 0.072846 0.048408
v 0.101143 0.078567 0.048767
v 0.100354 0.078962 0.048327
v 0.107334 0.097242 0.046859
v 0.106590 0.083098 0.048678
v 0.105692 0.083548 0.048314
v 0.104795 0.083996 0.047946
v 0.109032 0.089133 0.048698
v 0.108073 0.089613 0.048286
v 0.102998 0.084896 0.047223
v 0.103899 0.084445 0.047578
v 0.102085 0.085354 0.046912
v 0.101762 0.085516 0.047643
v 0.106159 0.090572 0.047451
v 0.105196 0.091054 0.047049
v 0.103403 0.084694 0.048730
v 0.102561 0.085116 0.048226
v 0.107116 0.090093 0.047868
v 0.104696 0.091304 0.048139
v 0.105591 0.090856 0.048703
v 0.110388 0.095713 0.048253
v 0.111406 0.095203 0.048719
v 0.113721 0.101302 0.048735
v 0.115978 0.107430 0.048751
v 0.109372 0.096221 0.047782
v 0.108356 0.096730 0.047312
v 0.110475 0.102928 0.047183
v 0.111557 0.102386 0.047701
v 0.113682 0.108580 0.047615
v 0.107710 0.097053 0.048664
v 0.112638 0.101844 0.048220
v 0.114829 0.108005 0.048185
v 0.101161 0.085817 0.046860
v 0.104219 0.091543 0.046696
v 0.103226 0.092041 0.046627
v 0.106294 0.097763 0.046460
v 0.105233 0.098294 0.046371
v 0.109385 0.103473 0.046685
v 0.108277 0.104028 0.046245
v 0.110199 0.110324 0.046021
v 0.111378 0.109734 0.046502
v 0.107143 0.104596 0.046144
v 0.108991 0.110929 0.045907
v 0.103850 0.091728 0.047489
v 0.105876 0.097972 0.047314
v 0.112534 0.109155 0.047048
v 0.107810 0.104262 0.047170
v 0.106766 0.097527 0.048035
v 0.108751 0.103791 0.047958
v 0.109753 0.103289 0.048648
v 0.111732 0.109556 0.048628
v 0.110673 0.110087 0.047875
v 0.109682 0.110583 0.047016
v 0.092481 0.053871 0.049141
v 0.091921 0.054152 0.048981
v 0.095185 0.059776 0.049265
v 0.094539 0.060099 0.049071
v 0.093901 0.060419 0.048847
v 0.097093 0.066079 0.049106
v 0.097800 0.065724 0.049348
v 0.098515 0.065366 0.049561
v 0.096395 0.066428 0.048831
v 0.101101 0.071330 0.049689
v 0.100327 0.071717 0.049422
v 0.099561 0.072101 0.049125
v 0.101955 0.078160 0.049156
v 0.102781 0.077747 0.049504
v 0.103617 0.077328 0.049819
v 0.105153 0.083817 0.049582
v 0.109993 0.088652 0.049104
v 0.107457 0.089922 0.049664
v 0.106049 0.083369 0.049951
v 0.106955 0.082915 0.050289
v 0.109381 0.088959 0.050468
v 0.108413 0.089443 0.050082
v 0.104269 0.084260 0.049178
v 0.106514 0.090394 0.049207
v 0.112426 0.094692 0.049179
v 0.114806 0.100758 0.049244
v 0.115897 0.100212 0.049738
v 0.117129 0.106854 0.049309
v 0.111729 0.095041 0.050652
v 0.110701 0.095556 0.050214
v 0.118286 0.106274 0.049854
v 0.109686 0.096064 0.049742
v 0.108687 0.096564 0.049228
v 0.110791 0.102769 0.049268
v 0.111853 0.102237 0.049834
v 0.112933 0.101696 0.050356
v 0.115101 0.107869 0.050501
v 0.113956 0.108443 0.049927
v 0.112774 0.094518 0.051036
v 0.115141 0.100591 0.051267
v 0.117444 0.106696 0.051504
v 0.114027 0.101149 0.050841
v 0.116262 0.107288 0.051034
v 0.118637 0.106098 0.051940
v 0.112830 0.109006 0.049307
v 0.121879 0.111733 0.050534
v 0.126901 0.109218 0.052620
v 0.125634 0.109853 0.052134
v 0.128251 0.115801 0.052427
v 0.124373 0.110484 0.051627
v 0.123123 0.111111 0.051091
v 0.125585 0.117136 0.051293
v 0.126913 0.116471 0.051876
v 0.128018 0.123176 0.051526
v 0.129426 0.122471 0.052162
v 0.131983 0.128449 0.052453
v 0.134122 0.134636 0.052402
v 0.136953 0.140477 0.052398
v 0.141447 0.145484 0.052637
v 0.140187 0.146116 0.052273
v 0.143688 0.151621 0.051938
v 0.143124 0.151903 0.051738
v 0.142652 0.152140 0.051978
v 0.118185 0.113583 0.048762
v 0.116963 0.114195 0.048148
v 0.120345 0.119760 0.048772
v 0.119048 0.120409 0.048108
v 0.122463 0.125957 0.048783
v 0.113290 0.116035 0.046325
v 0.116455 0.121708 0.046779
v 0.112033 0.116664 0.045806
v 0.110745 0.117309 0.045686
v 0.113811 0.123032 0.045586
v 0.115147 0.122363 0.046144
v 0.113189 0.123344 0.046746
v 0.118338 0.128023 0.046623
v 0.116950 0.128718 0.045936
v 0.120149 0.134375 0.046461
v 0.122088 0.140662 0.046449
v 0.114521 0.115418 0.046916
v 0.115743 0.114806 0.047530
v 0.117753 0.121058 0.047441
v 0.113637 0.115861 0.048627
v 0.112514 0.116423 0.047812
v 0.111464 0.116949 0.046882
v 0.114297 0.122789 0.047748
v 0.115486 0.122193 0.048628
v 0.119715 0.127334 0.047340
v 0.121088 0.126646 0.048063
v 0.124553 0.132169 0.048793
v 0.123085 0.132904 0.048014
v 0.126568 0.138419 0.048764
v 0.125075 0.139166 0.047991
v 0.121619 0.133639 0.047234
v 0.116016 0.129186 0.047664
v 0.123583 0.139913 0.047216
v 0.117273 0.128557 0.048616
v 0.118980 0.134960 0.048623
v 0.144503 0.163345 0.048372
v 0.146327 0.165114 0.048372
v 0.139919 0.161225 0.048372
v 0.142330 0.162027 0.048372
v 0.128476 0.144721 0.048685
v 0.125690 0.146117 0.047340
v 0.127884 0.152277 0.047536
v 0.127083 0.145419 0.048013
v 0.129098 0.151669 0.048063
v 0.130312 0.151061 0.048589
v 0.137390 0.160979 0.048372
v 0.132099 0.157424 0.048500
v 0.134870 0.161303 0.048372
v 0.134158 0.161616 0.048762
v 0.131116 0.157916 0.048127
v 0.133330 0.161881 0.048467
v 0.133864 0.161710 0.048657
v 0.133067 0.161965 0.048372
v 0.133179 0.162340 0.048372
v 0.133646 0.163908 0.048372
v 0.119410 0.112970 0.049369
v 0.120641 0.112353 0.049961
v 0.124265 0.117797 0.050690
v 0.122951 0.118455 0.050069
v 0.121645 0.119109 0.049428
v 0.116001 0.114677 0.050036
v 0.117219 0.114067 0.050658
v 0.125226 0.124574 0.050193
v 0.123841 0.125267 0.049496
v 0.126024 0.131433 0.049563
v 0.128064 0.137670 0.049530
v 0.127501 0.130693 0.050318
v 0.129566 0.136917 0.050281
v 0.120984 0.112182 0.052224
v 0.119714 0.112818 0.051750
v 0.123283 0.118288 0.052516
v 0.121934 0.118964 0.052001
v 0.118454 0.113448 0.051238
v 0.120596 0.119634 0.051448
v 0.119285 0.120291 0.050821
v 0.126619 0.123877 0.050869
v 0.128987 0.129949 0.051050
v 0.131077 0.136161 0.051008
v 0.130481 0.129201 0.051763
v 0.132595 0.135401 0.051717
v 0.122687 0.125845 0.051674
v 0.124107 0.125135 0.052277
v 0.126272 0.131308 0.052581
v 0.124756 0.132068 0.051929
v 0.128318 0.137542 0.052627
v 0.114804 0.115276 0.049363
v 0.116723 0.121574 0.049421
v 0.117992 0.120938 0.050148
v 0.119926 0.127228 0.050263
v 0.121810 0.133543 0.050404
v 0.118582 0.127901 0.049475
v 0.120376 0.134261 0.049552
v 0.122321 0.140545 0.049618
v 0.123780 0.139815 0.050467
v 0.121296 0.126542 0.050993
v 0.123272 0.132811 0.051193
v 0.125267 0.139070 0.051252
v 0.126777 0.138314 0.051983
v 0.132682 0.142615 0.050633
v 0.131274 0.143321 0.050003
v 0.135203 0.148611 0.050587
v 0.133973 0.149227 0.050111
v 0.138053 0.154442 0.050522
v 0.141145 0.160152 0.050658
v 0.137050 0.154945 0.050226
v 0.140404 0.160524 0.050495
v 0.139665 0.160893 0.050318
v 0.134097 0.141907 0.051247
v 0.136439 0.147992 0.051045
v 0.137683 0.147370 0.051475
v 0.135520 0.141194 0.051839
v 0.138932 0.146744 0.051885
v 0.135633 0.148396 0.052632
v 0.134356 0.149035 0.052344
v 0.142103 0.152415 0.051533
v 0.141085 0.152924 0.051309
v 0.140071 0.153432 0.051066
v 0.142294 0.159577 0.050954
v 0.141614 0.152659 0.051984
v 0.140577 0.153179 0.051960
v 0.139541 0.153697 0.051907
v 0.139060 0.153938 0.050803
v 0.141889 0.159780 0.050808
v 0.141539 0.159955 0.050986
v 0.140784 0.160333 0.050993
v 0.140029 0.160711 0.050978
v 0.139274 0.161089 0.050941
v 0.137475 0.154732 0.051694
v 0.136447 0.155247 0.051542
v 0.138506 0.154215 0.051819
v 0.129872 0.144022 0.049351
v 0.132747 0.149841 0.049620
v 0.131527 0.150452 0.049111
v 0.125923 0.146000 0.050372
v 0.129365 0.151535 0.050699
v 0.128155 0.152141 0.050163
v 0.135059 0.155942 0.049574
v 0.134069 0.156438 0.049229
v 0.137393 0.161154 0.049763
v 0.137287 0.161164 0.049733
v 0.136627 0.161225 0.049546
v 0.136447 0.161241 0.049493
v 0.135816 0.161299 0.049305
v 0.136053 0.155444 0.049908
v 0.138930 0.161262 0.050127
v 0.138792 0.161331 0.050088
v 0.138189 0.161256 0.049954
v 0.138131 0.161248 0.049940
v 0.137880 0.161216 0.049880
v 0.137417 0.161157 0.049769
v 0.136130 0.161433 0.050690
v 0.136302 0.161414 0.050712
v 0.133082 0.156932 0.048869
v 0.134889 0.161381 0.049016
v 0.135582 0.161320 0.049232
v 0.135122 0.161361 0.049090
v 0.134980 0.161373 0.049045
v 0.134705 0.161441 0.048952
v 0.132388 0.157279 0.050589
v 0.134933 0.161560 0.050478
v 0.135511 0.161500 0.050586
v 0.135657 0.161484 0.050611
v 0.135291 0.161523 0.050548
v 0.134703 0.161638 0.050426
v 0.134452 0.161722 0.050368
v 0.131398 0.157775 0.050245
v 0.133891 0.161909 0.050223
v 0.133621 0.161999 0.050152
v 0.133063 0.162180 0.049975
v 0.133078 0.162175 0.049980
v 0.132789 0.162269 0.049888
v 0.128720 0.144600 0.051688
v 0.130590 0.150921 0.051191
v 0.131837 0.150297 0.051611
v 0.130155 0.143881 0.052239
v 0.133092 0.149668 0.051995
v 0.127311 0.145305 0.051056
v 0.138521 0.161405 0.050887
v 0.138529 0.161406 0.050887
v 0.138624 0.161415 0.050888
v 0.138203 0.161373 0.050875
v 0.137819 0.161333 0.050860
v 0.137748 0.161326 0.050857
v 0.135422 0.155760 0.051363
v 0.134405 0.156269 0.051133
v 0.137395 0.161289 0.050833
v 0.137075 0.161326 0.050803
v 0.136949 0.161341 0.050790
v 0.133394 0.156776 0.050876
v 0.123586 0.089104 0.053054
v 0.122917 0.089439 0.052817
v 0.122487 0.089654 0.053000
v 0.126687 0.094809 0.053581
v 0.124840 0.095734 0.053004
v 0.125983 0.095161 0.053315
v 0.125512 0.095397 0.053508
v 0.127778 0.101521 0.053486
v 0.129731 0.100543 0.054132
v 0.128994 0.100912 0.053836
v 0.128479 0.101170 0.054039
v 0.121391 0.090203 0.052912
v 0.120296 0.090751 0.052793
v 0.123701 0.096304 0.052672
v 0.126569 0.102127 0.053111
v 0.124340 0.095984 0.053398
v 0.122003 0.097154 0.053081
v 0.125365 0.102729 0.052712
v 0.123170 0.096570 0.053256
v 0.124742 0.103041 0.053536
v 0.127230 0.101796 0.053906
v 0.125984 0.102419 0.053738
v 0.120842 0.097736 0.052868
v 0.123506 0.103660 0.053293
v 0.122277 0.104276 0.053009
v 0.121054 0.104888 0.052693
v 0.132038 0.106646 0.054322
v 0.130744 0.107294 0.053935
v 0.131477 0.106927 0.054538
v 0.133677 0.113084 0.054393
v 0.129456 0.107939 0.053523
v 0.128175 0.108581 0.053084
v 0.130949 0.114450 0.053463
v 0.130144 0.107594 0.054388
v 0.128815 0.108260 0.054199
v 0.132309 0.113769 0.053942
v 0.135151 0.119604 0.054426
v 0.133707 0.120327 0.053900
v 0.136553 0.126160 0.054342
v 0.132814 0.106258 0.054646
v 0.135052 0.112395 0.054818
v 0.135864 0.111989 0.055171
v 0.134442 0.112701 0.055047
v 0.133024 0.113411 0.054879
v 0.131610 0.114119 0.054671
v 0.138061 0.118147 0.055393
v 0.136602 0.118877 0.054924
v 0.139644 0.124613 0.055459
v 0.138912 0.117721 0.055779
v 0.141201 0.123833 0.055973
v 0.142097 0.123384 0.056392
v 0.137399 0.118478 0.055635
v 0.140479 0.124194 0.056232
v 0.144381 0.129499 0.056305
v 0.143483 0.129948 0.055888
v 0.142741 0.130320 0.056163
v 0.138094 0.125389 0.054916
v 0.135890 0.119234 0.055444
v 0.134387 0.119987 0.055210
v 0.141902 0.130740 0.055381
v 0.140328 0.131528 0.054844
v 0.138866 0.125002 0.056022
v 0.137258 0.125807 0.055765
v 0.141105 0.131139 0.055969
v 0.139474 0.131956 0.055728
v 0.124863 0.110239 0.053394
v 0.129596 0.115127 0.052957
v 0.127491 0.108923 0.053975
v 0.126173 0.109583 0.053706
v 0.130201 0.114824 0.054423
v 0.128799 0.115526 0.054129
v 0.123560 0.110892 0.053047
v 0.122264 0.111540 0.052665
v 0.126021 0.116918 0.053410
v 0.127406 0.116224 0.053788
v 0.132272 0.121045 0.053345
v 0.130846 0.121760 0.052765
v 0.133498 0.127690 0.053108
v 0.135021 0.126927 0.053739
v 0.138764 0.132312 0.054276
v 0.137208 0.133091 0.053678
v 0.135661 0.133865 0.053052
v 0.129918 0.122224 0.054231
v 0.128446 0.122961 0.053816
v 0.130908 0.128987 0.054249
v 0.132889 0.120737 0.054933
v 0.135657 0.126609 0.055463
v 0.131399 0.121483 0.054607
v 0.134064 0.127407 0.055108
v 0.137849 0.132770 0.055441
v 0.132481 0.128199 0.054699
v 0.136232 0.133579 0.055100
v 0.134626 0.134384 0.054704
v 0.142756 0.137571 0.054383
v 0.145050 0.136422 0.055172
v 0.144225 0.136835 0.054810
v 0.143535 0.137181 0.055089
v 0.139839 0.139031 0.053445
v 0.144693 0.143859 0.053575
v 0.143985 0.144214 0.053292
v 0.142714 0.144850 0.052976
v 0.143391 0.144511 0.053560
v 0.141294 0.138303 0.053929
v 0.138392 0.139756 0.052934
v 0.142090 0.145163 0.053504
v 0.140791 0.145813 0.053410
v 0.139494 0.146463 0.053279
v 0.139007 0.139448 0.054564
v 0.137509 0.140198 0.054296
v 0.142022 0.137938 0.054957
v 0.140512 0.138694 0.054782
v 0.124644 0.117607 0.052994
v 0.126984 0.123694 0.053361
v 0.125539 0.124417 0.052838
v 0.127802 0.130542 0.053189
v 0.129345 0.129769 0.053755
v 0.133029 0.135183 0.054265
v 0.131441 0.135978 0.053783
v 0.129873 0.136764 0.053226
v 0.134536 0.141687 0.053617
v 0.138201 0.147110 0.053105
v 0.136914 0.147754 0.052886
v 0.136019 0.140945 0.053976
v 0.133061 0.142426 0.053217
v 0.131602 0.143156 0.052748
v 0.145626 0.165691 0.055581
v 0.143948 0.164064 0.055581
v 0.141949 0.162851 0.055581
v 0.139731 0.162113 0.055581
v 0.137404 0.161887 0.055581
v 0.135085 0.162184 0.055581
v 0.142384 0.168359 0.060387
v 0.141381 0.167386 0.060387
v 0.140186 0.166661 0.060387
v 0.138860 0.166220 0.060387
v 0.137469 0.166085 0.060387
v 0.136083 0.166263 0.060387
v 0.112440 0.123718 0.045461
v 0.115531 0.129429 0.045333
v 0.118666 0.135117 0.045720
v 0.114073 0.130159 0.045199
v 0.117150 0.135877 0.045073
v 0.120578 0.141418 0.045717
v 0.119035 0.142191 0.045083
v 0.114848 0.129771 0.046582
v 0.116401 0.136252 0.046426
v 0.115590 0.136658 0.044936
v 0.117454 0.142983 0.044975
v 0.118276 0.142571 0.046483
v 0.117642 0.135630 0.047595
v 0.119538 0.141939 0.047659
v 0.120901 0.141257 0.048690
v 0.124293 0.146816 0.046675
v 0.122884 0.147522 0.046045
v 0.125440 0.153500 0.046530
v 0.121446 0.148242 0.045508
v 0.119986 0.148973 0.045465
v 0.120766 0.148582 0.046839
v 0.124190 0.154126 0.046127
v 0.122938 0.154753 0.046154
v 0.127149 0.159903 0.046780
v 0.126154 0.160401 0.046858
v 0.126667 0.152886 0.047018
v 0.121953 0.147988 0.047894
v 0.123638 0.154403 0.047310
v 0.124683 0.153879 0.048175
v 0.130134 0.158408 0.047754
v 0.129149 0.158901 0.047389
v 0.128157 0.159398 0.047050
v 0.131711 0.164877 0.047649
v 0.130988 0.165239 0.047404
v 0.133145 0.164159 0.048183
v 0.132429 0.164517 0.047913
v 0.129823 0.164111 0.048372
v 0.129866 0.164074 0.048410
v 0.130061 0.163898 0.048546
v 0.130525 0.165470 0.048372
v 0.130386 0.163603 0.048775
v 0.130253 0.165607 0.047211
v 0.129530 0.165969 0.047276
v 0.126740 0.160108 0.047756
v 0.129952 0.165758 0.047933
v 0.127596 0.159679 0.048409
v 0.128585 0.165388 0.048372
v 0.127267 0.167560 0.048372
v 0.126465 0.169972 0.048372
v 0.126219 0.172501 0.048372
v 0.126543 0.175021 0.048372
v 0.124559 0.146683 0.049628
v 0.123230 0.147348 0.048810
v 0.126965 0.152737 0.049573
v 0.125803 0.153318 0.048917
v 0.131246 0.163113 0.049236
v 0.129454 0.158749 0.049438
v 0.132276 0.162511 0.049691
v 0.132003 0.162672 0.049580
v 0.131507 0.162961 0.049355
v 0.128509 0.159222 0.048959
v 0.130508 0.163535 0.048850
v 0.130756 0.163393 0.048980
v 0.130418 0.158266 0.049863
v 0.132565 0.162341 0.049808
v 0.132891 0.162991 0.055581
v 0.130931 0.164265 0.055581
v 0.129304 0.165943 0.055581
v 0.128091 0.167942 0.055581
v 0.127353 0.170160 0.055581
v 0.127127 0.172487 0.055581
v 0.127425 0.174805 0.055581
v 0.134771 0.166745 0.060387
v 0.133599 0.167506 0.060387
v 0.132626 0.168510 0.060387
v 0.131901 0.169705 0.060387
v 0.131460 0.171031 0.060387
v 0.131325 0.172422 0.060387
v 0.131503 0.173808 0.060387
v 0.147712 0.167244 0.048372
v 0.148588 0.169629 0.048372
v 0.148912 0.172150 0.048372
v 0.148666 0.174679 0.048372
v 0.147864 0.177090 0.048372
v 0.148976 0.184250 0.046858
v 0.147982 0.184748 0.046780
v 0.155145 0.195677 0.045465
v 0.153685 0.196408 0.045508
v 0.152192 0.189898 0.046154
v 0.150941 0.190524 0.046127
v 0.154365 0.196068 0.046839
v 0.149691 0.191150 0.046530
v 0.152247 0.197129 0.046045
v 0.150838 0.197834 0.046675
v 0.145601 0.178682 0.047276
v 0.144877 0.179044 0.047211
v 0.148391 0.184543 0.047756
v 0.146546 0.179262 0.048372
v 0.145179 0.178893 0.047933
v 0.147535 0.184971 0.048409
v 0.146974 0.185253 0.047050
v 0.144143 0.179412 0.047404
v 0.143420 0.179774 0.047649
v 0.145982 0.185749 0.047389
v 0.144997 0.186242 0.047754
v 0.144606 0.179180 0.048372
v 0.145307 0.180539 0.048372
v 0.145265 0.180576 0.048410
v 0.145070 0.180753 0.048546
v 0.144745 0.181047 0.048775
v 0.142702 0.180133 0.047913
v 0.141986 0.180492 0.048183
v 0.151493 0.190248 0.047310
v 0.150448 0.190771 0.048175
v 0.148464 0.191765 0.047018
v 0.153178 0.196662 0.047894
v 0.157677 0.201668 0.044975
v 0.159541 0.207993 0.044936
v 0.156855 0.202079 0.046483
v 0.156096 0.202459 0.045083
v 0.154553 0.203232 0.045717
v 0.157981 0.208774 0.045073
v 0.161058 0.214491 0.045199
v 0.159599 0.215222 0.045333
v 0.156464 0.209533 0.045720
v 0.158730 0.208399 0.046426
v 0.160283 0.214879 0.046582
v 0.162691 0.220932 0.045461
v 0.155593 0.202712 0.047659
v 0.157489 0.209020 0.047595
v 0.154230 0.203394 0.048690
v 0.144623 0.181115 0.048850
v 0.144374 0.181257 0.048980
v 0.146622 0.185429 0.048959
v 0.143884 0.181538 0.049236
v 0.143623 0.181690 0.049355
v 0.143128 0.181978 0.049580
v 0.142855 0.182139 0.049691
v 0.145677 0.185902 0.049438
v 0.144712 0.186385 0.049863
v 0.149328 0.191332 0.048917
v 0.148166 0.191914 0.049573
v 0.151901 0.197302 0.048810
v 0.150572 0.197968 0.049628
v 0.146900 0.167651 0.055581
v 0.147706 0.169845 0.055581
v 0.148004 0.172164 0.055581
v 0.147778 0.174491 0.055581
v 0.147040 0.176709 0.055581
v 0.145827 0.178707 0.055581
v 0.144200 0.180386 0.055581
v 0.143146 0.169531 0.060387
v 0.143628 0.170843 0.060387
v 0.143806 0.172229 0.060387
v 0.143671 0.173620 0.060387
v 0.143230 0.174946 0.060387
v 0.142505 0.176141 0.060387
v 0.141532 0.177144 0.060387
v 0.137565 0.172325 0.048372
v 0.144014 0.186734 0.048127
v 0.141485 0.180743 0.048372
v 0.141952 0.182311 0.048372
v 0.142064 0.182686 0.048372
v 0.141801 0.182770 0.048467
v 0.141267 0.182940 0.048657
v 0.140973 0.183034 0.048762
v 0.140261 0.183348 0.048372
v 0.143032 0.187226 0.048500
v 0.137741 0.183671 0.048372
v 0.147247 0.192374 0.047536
v 0.149441 0.198534 0.047340
v 0.146033 0.192982 0.048063
v 0.144819 0.193590 0.048589
v 0.148048 0.199231 0.048013
v 0.146655 0.199929 0.048685
v 0.132801 0.182624 0.048372
v 0.135212 0.183426 0.048372
v 0.127419 0.177406 0.048372
v 0.128804 0.179537 0.048372
v 0.130628 0.181305 0.048372
v 0.153043 0.203988 0.046449
v 0.158181 0.215932 0.045936
v 0.154982 0.210276 0.046461
v 0.156793 0.216627 0.046623
v 0.161320 0.221619 0.045586
v 0.164386 0.227341 0.045686
v 0.163097 0.227987 0.045806
v 0.161942 0.221307 0.046746
v 0.159984 0.222288 0.046144
v 0.158676 0.222943 0.046779
v 0.161841 0.228616 0.046325
v 0.151548 0.204737 0.047216
v 0.159115 0.215464 0.047664
v 0.153512 0.211012 0.047234
v 0.156151 0.209690 0.048623
v 0.157858 0.216094 0.048616
v 0.155416 0.217317 0.047340
v 0.150056 0.205484 0.047991
v 0.148563 0.206232 0.048764
v 0.152045 0.211746 0.048014
v 0.154043 0.218004 0.048063
v 0.150578 0.212481 0.048793
v 0.160834 0.221862 0.047748
v 0.163666 0.227702 0.046882
v 0.162617 0.228227 0.047812
v 0.159645 0.222457 0.048628
v 0.157378 0.223592 0.047441
v 0.160610 0.229232 0.046916
v 0.159388 0.229844 0.047530
v 0.161494 0.228790 0.048627
v 0.152668 0.218693 0.048783
v 0.156083 0.224241 0.048108
v 0.154786 0.224891 0.048772
v 0.158168 0.230456 0.048148
v 0.156946 0.231067 0.048762
v 0.140426 0.183210 0.048952
v 0.140242 0.183269 0.049016
v 0.140151 0.183277 0.049045
v 0.140009 0.183290 0.049090
v 0.139549 0.183331 0.049232
v 0.142048 0.187719 0.048869
v 0.142565 0.182310 0.049808
v 0.142342 0.182381 0.049888
v 0.142068 0.182470 0.049975
v 0.142053 0.182475 0.049980
v 0.141510 0.182652 0.050152
v 0.141240 0.182742 0.050223
v 0.143733 0.186875 0.050245
v 0.140679 0.182929 0.050368
v 0.140428 0.183013 0.050426
v 0.140198 0.183090 0.050478
v 0.139840 0.183127 0.050548
v 0.139620 0.183151 0.050586
v 0.139474 0.183167 0.050611
v 0.142743 0.187371 0.050589
v 0.141062 0.188213 0.049229
v 0.139315 0.183352 0.049305
v 0.138684 0.183409 0.049493
v 0.138504 0.183425 0.049546
v 0.137844 0.183487 0.049733
v 0.137738 0.183496 0.049763
v 0.140072 0.188709 0.049574
v 0.137714 0.183493 0.049769
v 0.138829 0.183237 0.050712
v 0.139001 0.183217 0.050690
v 0.137251 0.183434 0.049880
v 0.137000 0.183402 0.049940
v 0.136942 0.183395 0.049954
v 0.136339 0.183320 0.050088
v 0.136201 0.183389 0.050127
v 0.139078 0.189206 0.049908
v 0.146976 0.192510 0.050163
v 0.145766 0.193116 0.050699
v 0.149208 0.198650 0.050372
v 0.143604 0.194198 0.049111
v 0.142384 0.194809 0.049620
v 0.145259 0.200628 0.049351
v 0.141737 0.187875 0.050876
v 0.138182 0.183310 0.050790
v 0.138056 0.183324 0.050803
v 0.137736 0.183362 0.050833
v 0.140726 0.188381 0.051133
v 0.137383 0.183324 0.050857
v 0.137312 0.183317 0.050860
v 0.136928 0.183278 0.050875
v 0.136507 0.183235 0.050888
v 0.136602 0.183245 0.050887
v 0.136610 0.183245 0.050887
v 0.139709 0.188890 0.051363
v 0.147820 0.199346 0.051056
v 0.144541 0.193729 0.051191
v 0.143294 0.194354 0.051611
v 0.146411 0.200051 0.051688
v 0.142038 0.194982 0.051995
v 0.144976 0.200770 0.052239
v 0.138081 0.189706 0.050226
v 0.135466 0.183757 0.050318
v 0.134727 0.184127 0.050495
v 0.133986 0.184498 0.050658
v 0.137077 0.190208 0.050522
v 0.141158 0.195423 0.050111
v 0.139928 0.196039 0.050587
v 0.143857 0.201330 0.050003
v 0.142448 0.202035 0.050633
v 0.135857 0.183561 0.050941
v 0.135102 0.183939 0.050978
v 0.138684 0.189404 0.051542
v 0.137656 0.189919 0.051694
v 0.134347 0.184317 0.050993
v 0.133242 0.184870 0.050808
v 0.133592 0.184695 0.050986
v 0.136071 0.190712 0.050803
v 0.136624 0.190435 0.051819
v 0.132837 0.185073 0.050954
v 0.135060 0.191218 0.051066
v 0.134046 0.191726 0.051309
v 0.133028 0.192236 0.051533
v 0.135590 0.190953 0.051907
v 0.134554 0.191472 0.051960
v 0.133517 0.191991 0.051984
v 0.140774 0.195615 0.052344
v 0.139498 0.196254 0.052632
v 0.138692 0.196658 0.051045
v 0.137448 0.197281 0.051475
v 0.141034 0.202744 0.051247
v 0.136199 0.197907 0.051885
v 0.139611 0.203456 0.051839
v 0.152810 0.204105 0.049618
v 0.154755 0.210389 0.049552
v 0.156549 0.216749 0.049475
v 0.151351 0.204836 0.050467
v 0.153321 0.211107 0.050404
v 0.155205 0.217423 0.050263
v 0.158408 0.223077 0.049421
v 0.160327 0.229374 0.049363
v 0.157139 0.223712 0.050148
v 0.149864 0.205580 0.051252
v 0.151859 0.211840 0.051193
v 0.153835 0.218109 0.050993
v 0.148354 0.206336 0.051983
v 0.147067 0.206981 0.049530
v 0.149107 0.213218 0.049563
v 0.151289 0.219383 0.049496
v 0.145565 0.207733 0.050281
v 0.147630 0.213957 0.050318
v 0.149905 0.220076 0.050193
v 0.153486 0.225542 0.049428
v 0.159130 0.229974 0.050036
v 0.157912 0.230584 0.050658
v 0.155721 0.231681 0.049369
v 0.152180 0.226196 0.050069
v 0.150866 0.226854 0.050690
v 0.154490 0.232297 0.049961
v 0.152444 0.218805 0.051674
v 0.146813 0.207108 0.052627
v 0.150375 0.212583 0.051929
v 0.148859 0.213342 0.052581
v 0.151024 0.219516 0.052277
v 0.144054 0.208490 0.051008
v 0.146143 0.214702 0.051050
v 0.148512 0.220774 0.050869
v 0.142536 0.209250 0.051717
v 0.144650 0.215450 0.051763
v 0.155846 0.224360 0.050821
v 0.154535 0.225016 0.051448
v 0.156677 0.231202 0.051238
v 0.153197 0.225686 0.052001
v 0.151848 0.226362 0.052516
v 0.155417 0.231833 0.051750
v 0.154147 0.232469 0.052224
v 0.132479 0.192511 0.051978
v 0.132007 0.192747 0.051738
v 0.131442 0.193030 0.051938
v 0.134944 0.198535 0.052273
v 0.133683 0.199166 0.052637
v 0.138178 0.204174 0.052398
v 0.153252 0.232917 0.050534
v 0.147113 0.221475 0.051526
v 0.141009 0.210014 0.052402
v 0.145705 0.222180 0.052162
v 0.143148 0.216202 0.052453
v 0.149546 0.227515 0.051293
v 0.152008 0.233540 0.051091
v 0.150758 0.234166 0.051627
v 0.148218 0.228179 0.051876
v 0.146880 0.228850 0.052427
v 0.149497 0.234798 0.052134
v 0.148230 0.235432 0.052620
v 0.166140 0.233722 0.045907
v 0.167988 0.240054 0.046144
v 0.164931 0.234327 0.046021
v 0.166854 0.240622 0.046245
v 0.163753 0.234917 0.046502
v 0.165745 0.241178 0.046685
v 0.169898 0.246357 0.046371
v 0.168837 0.246888 0.046460
v 0.171905 0.252610 0.046627
v 0.170912 0.253107 0.046696
v 0.173970 0.258834 0.046860
v 0.165449 0.234068 0.047016
v 0.167321 0.240389 0.047170
v 0.162597 0.235496 0.047048
v 0.169255 0.246678 0.047314
v 0.164458 0.234564 0.047875
v 0.166380 0.240860 0.047958
v 0.163399 0.235094 0.048628
v 0.165378 0.241362 0.048648
v 0.168365 0.247124 0.048035
v 0.171281 0.252923 0.047489
v 0.167797 0.247408 0.046859
v 0.164656 0.241723 0.047183
v 0.161449 0.236071 0.047615
v 0.163574 0.242265 0.047701
v 0.166775 0.247920 0.047312
v 0.165759 0.248429 0.047782
v 0.160302 0.236645 0.048185
v 0.162493 0.242806 0.048220
v 0.167420 0.247597 0.048664
v 0.159153 0.237220 0.048751
v 0.161410 0.243349 0.048735
v 0.164743 0.248938 0.048253
v 0.163725 0.249448 0.048719
v 0.169935 0.253596 0.047049
v 0.168972 0.254078 0.047451
v 0.173046 0.259297 0.046912
v 0.173369 0.259135 0.047643
v 0.172133 0.259754 0.047223
v 0.171232 0.260205 0.047578
v 0.170434 0.253346 0.048139
v 0.169540 0.253794 0.048703
v 0.168015 0.254558 0.047868
v 0.172570 0.259535 0.048226
v 0.171728 0.259957 0.048730
v 0.167058 0.255037 0.048286
v 0.166099 0.255517 0.048698
v 0.170336 0.260654 0.047946
v 0.169439 0.261103 0.048314
v 0.168541 0.261553 0.048678
v 0.176109 0.265021 0.047111
v 0.175253 0.265450 0.047141
v 0.178313 0.271176 0.047334
v 0.175530 0.265311 0.047813
v 0.177526 0.271570 0.047347
v 0.174403 0.265876 0.047406
v 0.176741 0.271963 0.047570
v 0.180603 0.277288 0.047588
v 0.179884 0.277648 0.047576
v 0.177762 0.271452 0.047958
v 0.174777 0.265688 0.048327
v 0.173987 0.266084 0.048767
v 0.177058 0.271804 0.048408
v 0.180076 0.277551 0.048132
v 0.173564 0.266296 0.047711
v 0.175964 0.272352 0.047830
v 0.179161 0.278010 0.047752
v 0.172727 0.266715 0.048027
v 0.175190 0.272740 0.048098
v 0.176323 0.272172 0.048790
v 0.171891 0.267134 0.048343
v 0.171053 0.267553 0.048654
v 0.174415 0.273128 0.048367
v 0.178445 0.278368 0.047960
v 0.179419 0.277880 0.048512
v 0.177730 0.278726 0.048176
v 0.177015 0.279084 0.048391
v 0.182956 0.283368 0.047794
v 0.182461 0.283615 0.048264
v 0.182306 0.283693 0.047765
v 0.181648 0.284022 0.047903
v 0.180996 0.284349 0.048068
v 0.181857 0.283918 0.048583
v 0.180344 0.284675 0.048239
v 0.179693 0.285002 0.048409
v 0.185269 0.289468 0.047907
v 0.184706 0.289750 0.047881
v 0.184834 0.289686 0.048305
v 0.184137 0.290035 0.047996
v 0.184308 0.289949 0.048573
v 0.183571 0.290318 0.048133
v 0.183007 0.290600 0.048275
v 0.185961 0.296379 0.048247
v 0.185799 0.296461 0.048239
v 0.185635 0.296543 0.048271
v 0.185472 0.296625 0.048309
v 0.183764 0.290221 0.048794
v 0.182442 0.290883 0.048416
v 0.185834 0.296443 0.048359
v 0.185682 0.296519 0.048434
v 0.185524 0.296598 0.048496
v 0.185364 0.296678 0.048548
v 0.162300 0.235644 0.049307
v 0.164340 0.241881 0.049268
v 0.166443 0.248086 0.049228
v 0.165445 0.248587 0.049742
v 0.161175 0.236208 0.049927
v 0.163278 0.242413 0.049834
v 0.160030 0.236781 0.050501
v 0.162198 0.242954 0.050356
v 0.158002 0.237797 0.049309
v 0.160324 0.243892 0.049244
v 0.159234 0.244438 0.049738
v 0.162705 0.249958 0.049179
v 0.156845 0.238376 0.049854
v 0.164430 0.249095 0.050214
v 0.163402 0.249609 0.050652
v 0.168616 0.254257 0.049207
v 0.170861 0.260391 0.049178
v 0.167674 0.254728 0.049664
v 0.165138 0.255998 0.049104
v 0.169978 0.260833 0.049582
v 0.166718 0.255207 0.050082
v 0.165750 0.255692 0.050468
v 0.169082 0.261282 0.049951
v 0.168176 0.261736 0.050289
v 0.158869 0.237363 0.051034
v 0.161104 0.243502 0.050841
v 0.157687 0.237955 0.051504
v 0.159990 0.244060 0.051267
v 0.162357 0.250133 0.051036
v 0.156494 0.238552 0.051940
v 0.173176 0.266490 0.049156
v 0.175570 0.272550 0.049125
v 0.172350 0.266904 0.049504
v 0.174804 0.272933 0.049422
v 0.174030 0.273321 0.049689
v 0.178736 0.278222 0.048831
v 0.178038 0.278572 0.049106
v 0.177331 0.278926 0.049348
v 0.176616 0.279284 0.049561
v 0.171514 0.267322 0.049819
v 0.181230 0.284232 0.048847
v 0.180592 0.284551 0.049071
v 0.179946 0.284875 0.049265
v 0.183210 0.290499 0.048981
v 0.182650 0.290779 0.049141
v 0.173639 0.273516 0.048630
v 0.176300 0.279443 0.048601
v 0.179040 0.285329 0.048575
v 0.178387 0.285656 0.048735
v 0.181877 0.291166 0.048553
v 0.181311 0.291450 0.048685
v 0.185309 0.296706 0.048349
v 0.185145 0.296788 0.048388
v 0.184982 0.296870 0.048426
v 0.184818 0.296952 0.048462
v 0.184654 0.297034 0.048496
v 0.185202 0.296760 0.048593
v 0.185039 0.296841 0.048631
v 0.184875 0.296923 0.048665
v 0.184710 0.297006 0.048690
v 0.184490 0.297116 0.048527
v 0.184325 0.297199 0.048555
v 0.184511 0.297106 0.048564
v 0.184544 0.297089 0.048711
v 0.184378 0.297172 0.048727
v 0.184160 0.297282 0.048581
v 0.183994 0.297365 0.048602
v 0.184211 0.297256 0.048737
v 0.184044 0.297339 0.048742
v 0.183878 0.297423 0.048742
v 0.183828 0.297448 0.048621
v 0.183662 0.297531 0.048636
v 0.183711 0.297506 0.048738
v 0.183544 0.297590 0.048728
v 0.183495 0.297614 0.048648
v 0.183329 0.297698 0.048656
v 0.183162 0.297781 0.048661
v 0.183378 0.297673 0.048714
v 0.183212 0.297756 0.048695
v 0.183046 0.297839 0.048672
v 0.161681 0.250471 0.049626
v 0.158137 0.244988 0.050215
v 0.155682 0.238959 0.050380
v 0.157035 0.245539 0.050677
v 0.160650 0.250987 0.050055
v 0.159615 0.251506 0.050470
v 0.164173 0.256482 0.049498
v 0.167641 0.262003 0.049035
v 0.166737 0.262456 0.049380
v 0.165829 0.262911 0.049709
v 0.163203 0.256968 0.049875
v 0.162228 0.257456 0.050239
v 0.167257 0.262196 0.050580
v 0.161249 0.257946 0.050586
v 0.164917 0.263368 0.050026
v 0.164001 0.263826 0.050327
v 0.163079 0.264288 0.050606
v 0.158867 0.244622 0.051660
v 0.154513 0.239544 0.050890
v 0.161304 0.250660 0.051388
v 0.157736 0.245188 0.052023
v 0.155292 0.239154 0.052344
v 0.156593 0.245761 0.052336
v 0.160243 0.251191 0.051713
v 0.155927 0.246094 0.051121
v 0.153337 0.240133 0.051382
v 0.154811 0.246653 0.051538
v 0.158575 0.252027 0.050869
v 0.157527 0.252551 0.051242
v 0.156475 0.253078 0.051598
v 0.152153 0.240726 0.051845
v 0.155444 0.246336 0.052617
v 0.153690 0.247215 0.051937
v 0.150962 0.241322 0.052290
v 0.159172 0.251728 0.051991
v 0.158095 0.252267 0.052239
v 0.157013 0.252809 0.052459
v 0.164767 0.256184 0.050803
v 0.163777 0.256680 0.051109
v 0.162781 0.257179 0.051390
v 0.166332 0.262659 0.050845
v 0.165402 0.263125 0.051085
v 0.161776 0.257682 0.051626
v 0.160263 0.258440 0.050910
v 0.159274 0.258935 0.051218
v 0.164463 0.263595 0.051285
v 0.162154 0.264751 0.050870
v 0.163521 0.264066 0.051458
v 0.162576 0.264540 0.051608
v 0.160766 0.258188 0.051835
v 0.159752 0.258696 0.052017
v 0.152563 0.247779 0.052316
v 0.155417 0.253608 0.051935
v 0.155926 0.253353 0.052644
v 0.154354 0.254140 0.052251
v 0.153286 0.254675 0.052544
v 0.158279 0.259433 0.051507
v 0.161224 0.265217 0.051117
v 0.160291 0.265684 0.051345
v 0.159355 0.266153 0.051553
v 0.158733 0.259206 0.052167
v 0.157281 0.259933 0.051777
v 0.157711 0.259718 0.052283
v 0.156687 0.260230 0.052371
v 0.161627 0.265015 0.051727
v 0.160675 0.265492 0.051815
v 0.159722 0.265969 0.051877
v 0.156278 0.260435 0.052025
v 0.155661 0.260744 0.052431
v 0.155271 0.260939 0.052254
v 0.154634 0.261258 0.052458
v 0.158767 0.266447 0.051912
v 0.158415 0.266624 0.051743
v 0.157812 0.266925 0.051918
v 0.170213 0.267974 0.048958
v 0.169370 0.268396 0.049251
v 0.172862 0.273906 0.048887
v 0.172082 0.274296 0.049133
v 0.168523 0.268820 0.049529
v 0.171298 0.274689 0.049366
v 0.175582 0.279802 0.048805
v 0.175895 0.279645 0.049751
v 0.174863 0.280162 0.048999
v 0.174140 0.280524 0.049180
v 0.170669 0.267745 0.050107
v 0.173248 0.273712 0.049931
v 0.172458 0.274108 0.050133
v 0.169814 0.268174 0.050351
v 0.168953 0.268605 0.050570
v 0.171664 0.274506 0.050312
v 0.170865 0.274906 0.050470
v 0.175168 0.280009 0.049906
v 0.174438 0.280375 0.050038
v 0.170512 0.275082 0.049587
v 0.173416 0.280886 0.049351
v 0.172690 0.281250 0.049509
v 0.171960 0.281616 0.049650
v 0.167673 0.269246 0.049795
v 0.166820 0.269673 0.050047
v 0.169723 0.275477 0.049795
v 0.170062 0.275308 0.050595
v 0.168930 0.275875 0.049984
v 0.168135 0.276273 0.050159
v 0.165961 0.270103 0.050278
v 0.165100 0.270534 0.050495
v 0.169257 0.275711 0.050697
v 0.173705 0.280742 0.050152
v 0.172968 0.281111 0.050236
v 0.171229 0.281982 0.049778
v 0.172230 0.281480 0.050298
v 0.171491 0.281850 0.050342
v 0.179294 0.285201 0.049434
v 0.178638 0.285530 0.049581
v 0.177731 0.285984 0.048886
v 0.177074 0.286313 0.049024
v 0.177977 0.285861 0.049696
v 0.182085 0.291062 0.049280
v 0.181517 0.291347 0.049402
v 0.180743 0.291734 0.048808
v 0.180173 0.292020 0.048921
v 0.179602 0.292306 0.049025
v 0.180944 0.291633 0.049495
v 0.180370 0.291921 0.049571
v 0.179794 0.292209 0.049633
v 0.177314 0.286193 0.049792
v 0.176648 0.286526 0.049871
v 0.176415 0.286643 0.049154
v 0.175754 0.286974 0.049271
v 0.175091 0.287306 0.049372
v 0.174427 0.287639 0.049463
v 0.173761 0.287972 0.049540
v 0.179030 0.292592 0.049120
v 0.178456 0.292880 0.049200
v 0.179216 0.292499 0.049672
v 0.178638 0.292788 0.049694
v 0.177881 0.293168 0.049271
v 0.178060 0.293078 0.049701
v 0.177481 0.293367 0.049691
v 0.177305 0.293456 0.049330
v 0.176728 0.293745 0.049378
v 0.176903 0.293657 0.049662
v 0.175981 0.286861 0.049922
v 0.175312 0.287195 0.049954
v 0.174644 0.287530 0.049970
v 0.173974 0.287865 0.049965
v 0.168088 0.269038 0.050766
v 0.167217 0.269474 0.050926
v 0.166343 0.269912 0.051061
v 0.165466 0.270351 0.051173
v 0.168450 0.276115 0.050778
v 0.164236 0.270967 0.050696
v 0.167337 0.276672 0.050319
v 0.166537 0.277073 0.050463
v 0.165734 0.277475 0.050591
v 0.170496 0.282349 0.049892
v 0.169761 0.282717 0.049991
v 0.170751 0.282221 0.050363
v 0.170011 0.282592 0.050359
v 0.169025 0.283085 0.050075
v 0.168287 0.283455 0.050144
v 0.169271 0.282962 0.050336
v 0.168532 0.283332 0.050292
v 0.164929 0.277878 0.050702
v 0.167795 0.283702 0.050226
v 0.173095 0.288306 0.049604
v 0.172427 0.288640 0.049654
v 0.171759 0.288975 0.049690
v 0.171306 0.289201 0.049745
v 0.176150 0.294034 0.049413
v 0.176326 0.293946 0.049617
v 0.175572 0.294324 0.049437
v 0.175176 0.294522 0.049478
v 0.175750 0.294234 0.049556
v 0.173306 0.288200 0.049937
v 0.172638 0.288535 0.049892
v 0.171971 0.288868 0.049829
v 0.167640 0.276520 0.050834
v 0.166830 0.276926 0.050863
v 0.164587 0.270791 0.051259
v 0.163705 0.271233 0.051314
v 0.163369 0.271401 0.050879
v 0.162498 0.271837 0.051044
v 0.166020 0.277332 0.050871
v 0.165209 0.277738 0.050856
v 0.162823 0.271674 0.051346
v 0.161625 0.272274 0.051191
v 0.164399 0.278143 0.050816
v 0.161940 0.272116 0.051354
v 0.161058 0.272558 0.051334
v 0.142240 0.181660 0.055581
v 0.140046 0.182466 0.055581
v 0.137727 0.182764 0.055581
v 0.143529 0.201494 0.052748
v 0.142070 0.202225 0.053217
v 0.138216 0.196896 0.052886
v 0.136929 0.197541 0.053105
v 0.140595 0.202963 0.053617
v 0.139112 0.203706 0.053976
v 0.135400 0.182538 0.055581
v 0.133182 0.181800 0.055581
v 0.131183 0.180587 0.055581
v 0.128231 0.177000 0.055581
v 0.129505 0.178960 0.055581
v 0.145258 0.207887 0.053226
v 0.149592 0.220233 0.052838
v 0.147329 0.214108 0.053189
v 0.148147 0.220957 0.053361
v 0.143690 0.208672 0.053783
v 0.142102 0.209467 0.054265
v 0.145785 0.214881 0.053755
v 0.150487 0.227043 0.052994
v 0.137565 0.172325 0.060387
v 0.140360 0.177906 0.060387
v 0.139048 0.178388 0.060387
v 0.137662 0.178566 0.060387
v 0.136271 0.178431 0.060387
v 0.134945 0.177990 0.060387
v 0.133750 0.177264 0.060387
v 0.132747 0.176292 0.060387
v 0.131985 0.175120 0.060387
v 0.135637 0.198188 0.053279
v 0.134340 0.198837 0.053410
v 0.133041 0.199488 0.053504
v 0.136739 0.204895 0.052934
v 0.137622 0.204452 0.054296
v 0.136123 0.205203 0.054564
v 0.132417 0.199800 0.052976
v 0.131740 0.200139 0.053560
v 0.131146 0.200437 0.053292
v 0.130438 0.200791 0.053575
v 0.135291 0.205619 0.053445
v 0.133837 0.206348 0.053929
v 0.134619 0.205956 0.054782
v 0.133109 0.206712 0.054957
v 0.132375 0.207080 0.054383
v 0.131596 0.207470 0.055089
v 0.130906 0.207815 0.054810
v 0.130081 0.208229 0.055172
v 0.139470 0.210785 0.053052
v 0.146685 0.221689 0.053816
v 0.144222 0.215664 0.054249
v 0.145213 0.222426 0.054231
v 0.141633 0.216961 0.053108
v 0.144285 0.222891 0.052765
v 0.142859 0.223605 0.053345
v 0.137923 0.211560 0.053678
v 0.136367 0.212339 0.054276
v 0.140110 0.217723 0.053739
v 0.149110 0.227733 0.053410
v 0.152867 0.233110 0.052665
v 0.151571 0.233759 0.053047
v 0.147725 0.228427 0.053788
v 0.145535 0.229523 0.052957
v 0.150268 0.234411 0.053394
v 0.146332 0.229124 0.054129
v 0.144930 0.229826 0.054423
v 0.148958 0.235067 0.053706
v 0.147640 0.235727 0.053975
v 0.140505 0.210267 0.054704
v 0.138898 0.211071 0.055100
v 0.142649 0.216451 0.054699
v 0.137282 0.211881 0.055441
v 0.143732 0.223168 0.054607
v 0.141067 0.217244 0.055108
v 0.142242 0.223914 0.054933
v 0.139474 0.218041 0.055463
v 0.141424 0.224324 0.053900
v 0.138578 0.218490 0.054342
v 0.139980 0.225046 0.054426
v 0.144182 0.230201 0.053463
v 0.146956 0.236070 0.053084
v 0.145675 0.236712 0.053523
v 0.142822 0.230882 0.053942
v 0.146315 0.236391 0.054199
v 0.144986 0.237056 0.054388
v 0.141454 0.231567 0.054393
v 0.144387 0.237356 0.053935
v 0.143654 0.237724 0.054538
v 0.143093 0.238005 0.054322
v 0.134802 0.213123 0.054844
v 0.133229 0.213911 0.055381
v 0.140744 0.224664 0.055210
v 0.137037 0.219262 0.054916
v 0.139241 0.225417 0.055444
v 0.135657 0.212695 0.055728
v 0.134026 0.213511 0.055969
v 0.137873 0.218843 0.055765
v 0.136265 0.219648 0.056022
v 0.138528 0.225773 0.054924
v 0.135487 0.220038 0.055459
v 0.137069 0.226504 0.055393
v 0.131647 0.214702 0.055888
v 0.132390 0.214331 0.056163
v 0.130750 0.215152 0.056305
v 0.137732 0.226172 0.055635
v 0.134652 0.220456 0.056232
v 0.133930 0.220818 0.055973
v 0.136219 0.226930 0.055779
v 0.133034 0.221266 0.056392
v 0.143521 0.230532 0.054671
v 0.142107 0.231240 0.054879
v 0.140689 0.231950 0.055047
v 0.140079 0.232255 0.054818
v 0.139267 0.232662 0.055171
v 0.142317 0.238393 0.054646
v 0.154077 0.239763 0.052693
v 0.152854 0.240375 0.053009
v 0.154289 0.246915 0.052868
v 0.151625 0.240990 0.053293
v 0.149765 0.241921 0.052712
v 0.153127 0.247496 0.053081
v 0.150389 0.241609 0.053536
v 0.151961 0.248080 0.053256
v 0.148562 0.242524 0.053111
v 0.151430 0.248346 0.052672
v 0.150791 0.248666 0.053398
v 0.154835 0.253900 0.052793
v 0.153740 0.254448 0.052912
v 0.149147 0.242231 0.053738
v 0.147901 0.242855 0.053906
v 0.150291 0.248917 0.053004
v 0.147353 0.243130 0.053486
v 0.149147 0.249489 0.053315
v 0.149619 0.249253 0.053508
v 0.148444 0.249842 0.053581
v 0.152214 0.255212 0.052817
v 0.152644 0.254997 0.053000
v 0.151545 0.255547 0.053054
v 0.146137 0.243738 0.053836
v 0.146652 0.243481 0.054039
v 0.145400 0.244108 0.054132
v -0.044965 0.076161 0.048672
v -0.044883 0.076261 0.048661
v -0.044765 0.076405 0.048656
v -0.044647 0.076549 0.048648
v -0.044848 0.076304 0.048695
v -0.044730 0.076448 0.048714
v -0.044529 0.076693 0.048636
v -0.044411 0.076837 0.048621
v -0.044612 0.076592 0.048728
v -0.044494 0.076736 0.048738
v -0.044058 0.077266 0.048555
v -0.043941 0.077409 0.048527
v -0.044293 0.076980 0.048602
v -0.044175 0.077124 0.048581
v -0.044375 0.076880 0.048742
v -0.044257 0.077024 0.048742
v -0.044139 0.077168 0.048737
v -0.043926 0.077427 0.048564
v -0.044020 0.077312 0.048727
v -0.043902 0.077456 0.048711
v -0.043824 0.077551 0.048496
v -0.043708 0.077693 0.048462
v -0.043591 0.077834 0.048426
v -0.043360 0.078116 0.048349
v -0.043475 0.077975 0.048388
v -0.043667 0.077742 0.048665
v -0.043785 0.077599 0.048690
v -0.043551 0.077883 0.048631
v -0.043435 0.078025 0.048593
v -0.049150 0.081292 0.048685
v -0.048748 0.081782 0.048553
v -0.054178 0.085396 0.048735
v -0.053714 0.085961 0.048575
v -0.058612 0.090223 0.048601
v -0.063452 0.094555 0.048630
v -0.053505 0.075991 0.049478
v -0.053224 0.076333 0.049437
v -0.053097 0.076487 0.049556
v -0.052813 0.076832 0.049413
v -0.052688 0.076985 0.049617
v -0.059204 0.079277 0.049745
v -0.058883 0.079668 0.049690
v -0.058408 0.080246 0.049654
v -0.057934 0.080823 0.049604
v -0.058732 0.079852 0.049829
v -0.058259 0.080428 0.049892
v -0.057784 0.081005 0.049937
v -0.064649 0.082873 0.050226
v -0.069635 0.087028 0.050702
v -0.064299 0.083299 0.050144
v -0.063776 0.083937 0.050075
v -0.064125 0.083511 0.050292
v -0.063601 0.084150 0.050336
v -0.063253 0.084573 0.049991
v -0.062731 0.085208 0.049892
v -0.063075 0.084789 0.050359
v -0.062550 0.085429 0.050363
v -0.069064 0.087723 0.050591
v -0.068494 0.088417 0.050463
v -0.067926 0.089109 0.050319
v -0.073080 0.093060 0.050696
v -0.070011 0.086570 0.050816
v -0.074933 0.090803 0.051191
v -0.075336 0.090313 0.051334
v -0.074709 0.091076 0.051354
v -0.069437 0.087270 0.050856
v -0.068861 0.087970 0.050871
v -0.074313 0.091558 0.051044
v -0.073695 0.092310 0.050879
v -0.074082 0.091839 0.051346
v -0.068286 0.088671 0.050863
v -0.067711 0.089371 0.050834
v -0.073456 0.092601 0.051314
v -0.072831 0.093363 0.051259
v -0.051585 0.078328 0.049271
v -0.052403 0.077332 0.049378
v -0.051994 0.077830 0.049330
v -0.052278 0.077484 0.049662
v -0.051868 0.077983 0.049691
v -0.051457 0.078483 0.049701
v -0.051176 0.078825 0.049200
v -0.050769 0.079321 0.049120
v -0.051047 0.078983 0.049694
v -0.050636 0.079482 0.049672
v -0.056989 0.081974 0.049463
v -0.057461 0.081399 0.049540
v -0.056517 0.082548 0.049372
v -0.056047 0.083121 0.049271
v -0.055578 0.083692 0.049154
v -0.057310 0.081583 0.049965
v -0.056835 0.082161 0.049970
v -0.056360 0.082739 0.049954
v -0.055886 0.083317 0.049922
v -0.050363 0.079816 0.049025
v -0.049957 0.080309 0.048921
v -0.049553 0.080801 0.048808
v -0.050226 0.079981 0.049633
v -0.049410 0.080975 0.049495
v -0.049818 0.080479 0.049571
v -0.048600 0.081961 0.049280
v -0.049004 0.081470 0.049402
v -0.055110 0.084261 0.049024
v -0.054643 0.084830 0.048886
v -0.054468 0.085042 0.049696
v -0.053999 0.085614 0.049581
v -0.053533 0.086180 0.049434
v -0.055412 0.083894 0.049871
v -0.054939 0.084469 0.049792
v -0.061692 0.086473 0.049650
v -0.061174 0.087104 0.049509
v -0.060658 0.087732 0.049351
v -0.065672 0.091853 0.049587
v -0.062211 0.085841 0.049778
v -0.062025 0.086068 0.050342
v -0.061500 0.086707 0.050298
v -0.060976 0.087344 0.050236
v -0.060454 0.087981 0.050152
v -0.067360 0.089798 0.050159
v -0.066795 0.090485 0.049984
v -0.066563 0.090768 0.050697
v -0.072466 0.093806 0.050495
v -0.071855 0.094551 0.050278
v -0.066232 0.091171 0.049795
v -0.071245 0.095292 0.050047
v -0.070640 0.096030 0.049795
v -0.065991 0.091464 0.050595
v -0.060144 0.088357 0.049180
v -0.059632 0.088982 0.048999
v -0.059121 0.089603 0.048805
v -0.058898 0.089874 0.049751
v -0.064558 0.093209 0.049133
v -0.065114 0.092532 0.049366
v -0.070036 0.096765 0.049529
v -0.064004 0.093883 0.048887
v -0.069435 0.097497 0.049251
v -0.068837 0.098225 0.048958
v -0.059933 0.088614 0.050038
v -0.059415 0.089246 0.049906
v -0.065421 0.092158 0.050470
v -0.064855 0.092848 0.050312
v -0.069731 0.097136 0.050570
v -0.064291 0.093534 0.050133
v -0.063730 0.094217 0.049931
v -0.068513 0.098619 0.050107
v -0.069120 0.097880 0.050351
v -0.067136 0.090070 0.050778
v -0.072206 0.094123 0.051173
v -0.071584 0.094880 0.051061
v -0.070963 0.095636 0.050926
v -0.070345 0.096389 0.050766
v -0.080592 0.094139 0.051918
v -0.080164 0.094660 0.051743
v -0.079914 0.094964 0.051912
v -0.085800 0.098023 0.052458
v -0.084633 0.099444 0.052025
v -0.085348 0.098574 0.052254
v -0.085071 0.098911 0.052431
v -0.079497 0.095472 0.051553
v -0.078832 0.096281 0.051345
v -0.078170 0.097088 0.051117
v -0.083212 0.101174 0.051507
v -0.079236 0.095789 0.051877
v -0.078560 0.096613 0.051815
v -0.077884 0.097435 0.051727
v -0.083921 0.100310 0.051777
v -0.084343 0.099797 0.052371
v -0.083616 0.100682 0.052283
v -0.082890 0.101566 0.052167
v -0.089709 0.103489 0.052544
v -0.088951 0.104412 0.052251
v -0.088197 0.105331 0.051935
v -0.087835 0.105771 0.052644
v -0.093175 0.109495 0.052316
v -0.076853 0.098690 0.050606
v -0.075548 0.100279 0.050026
v -0.076199 0.099487 0.050327
v -0.081104 0.103740 0.050586
v -0.074901 0.101067 0.049709
v -0.073615 0.102633 0.049035
v -0.074256 0.101852 0.049380
v -0.079029 0.106267 0.049498
v -0.073887 0.102301 0.050580
v -0.080409 0.104586 0.050239
v -0.079718 0.105428 0.049875
v -0.083750 0.110744 0.049626
v -0.085216 0.108959 0.050470
v -0.084482 0.109853 0.050055
v -0.090000 0.113360 0.050677
v -0.089218 0.114312 0.050215
v -0.093913 0.118821 0.050380
v -0.077510 0.097891 0.050870
v -0.077210 0.098256 0.051608
v -0.076539 0.099073 0.051458
v -0.075870 0.099887 0.051285
v -0.081804 0.102888 0.050910
v -0.082507 0.102033 0.051218
v -0.080730 0.104195 0.051626
v -0.082167 0.102446 0.052017
v -0.081447 0.103322 0.051835
v -0.075204 0.100698 0.051085
v -0.074544 0.101502 0.050845
v -0.080017 0.105064 0.051390
v -0.079310 0.105925 0.051109
v -0.078607 0.106780 0.050803
v -0.087446 0.106245 0.051598
v -0.086699 0.107154 0.051242
v -0.085955 0.108060 0.050869
v -0.091579 0.111438 0.051538
v -0.090787 0.112402 0.051121
v -0.095577 0.116795 0.051382
v -0.087063 0.106710 0.052459
v -0.085531 0.108576 0.051991
v -0.086295 0.107645 0.052239
v -0.092375 0.110469 0.051937
v -0.097263 0.114742 0.052290
v -0.096418 0.115771 0.051845
v -0.091130 0.111985 0.052617
v -0.084018 0.110418 0.051388
v -0.094743 0.117811 0.050890
v -0.088699 0.114943 0.051660
v -0.084770 0.109502 0.051713
v -0.090314 0.112978 0.052336
v -0.089502 0.113966 0.052023
v -0.094190 0.118484 0.052344
v -0.051396 0.088783 0.047765
v -0.043244 0.078257 0.048309
v -0.043128 0.078398 0.048271
v -0.043011 0.078540 0.048239
v -0.042896 0.078681 0.048247
v -0.047946 0.082758 0.048275
v -0.047545 0.083246 0.048133
v -0.043095 0.078439 0.048434
v -0.043320 0.078164 0.048548
v -0.043206 0.078303 0.048496
v -0.042986 0.078571 0.048359
v -0.048346 0.082270 0.048416
v -0.047408 0.083412 0.048794
v -0.047144 0.083735 0.047996
v -0.046739 0.084227 0.047881
v -0.046340 0.084713 0.047907
v -0.046649 0.084337 0.048305
v -0.047022 0.083882 0.048573
v -0.052788 0.087088 0.048239
v -0.053251 0.086525 0.048409
v -0.052326 0.087651 0.048068
v -0.051862 0.088215 0.047903
v -0.051715 0.088395 0.048583
v -0.050934 0.089345 0.047794
v -0.051285 0.088917 0.048264
v -0.056580 0.092696 0.047752
v -0.061802 0.096564 0.047830
v -0.066458 0.101121 0.047711
v -0.057596 0.091460 0.048176
v -0.058103 0.090842 0.048391
v -0.057089 0.092077 0.047960
v -0.056397 0.092920 0.048512
v -0.062901 0.095226 0.048367
v -0.068240 0.098951 0.048654
v -0.067646 0.099675 0.048343
v -0.062352 0.095895 0.048098
v -0.067052 0.100398 0.048027
v -0.061547 0.096874 0.048790
v -0.056067 0.093321 0.047576
v -0.055557 0.093942 0.047588
v -0.060693 0.097914 0.047347
v -0.061251 0.097235 0.047570
v -0.065862 0.101846 0.047406
v -0.060135 0.098594 0.047334
v -0.065259 0.102581 0.047141
v -0.064651 0.103320 0.047111
v -0.065062 0.102820 0.047813
v -0.055931 0.093487 0.048132
v -0.060526 0.098118 0.047958
v -0.061025 0.097510 0.048408
v -0.066157 0.101487 0.048767
v -0.065597 0.102169 0.048327
v -0.079408 0.116030 0.046859
v -0.072976 0.103411 0.048678
v -0.072338 0.104187 0.048314
v -0.071702 0.104962 0.047946
v -0.077661 0.107931 0.048698
v -0.076981 0.108760 0.048286
v -0.070426 0.106515 0.047223
v -0.071065 0.105737 0.047578
v -0.069778 0.107304 0.046912
v -0.069548 0.107583 0.047643
v -0.075622 0.110414 0.047451
v -0.074939 0.111246 0.047049
v -0.070713 0.106165 0.048730
v -0.070116 0.106893 0.048226
v -0.076301 0.109587 0.047868
v -0.074584 0.111678 0.048139
v -0.075219 0.110905 0.048703
v -0.081576 0.113390 0.048253
v -0.082299 0.112511 0.048719
v -0.086895 0.117141 0.048735
v -0.091449 0.121821 0.048751
v -0.080855 0.114268 0.047782
v -0.080134 0.115146 0.047312
v -0.084590 0.119946 0.047183
v -0.085358 0.119011 0.047701
v -0.089819 0.123805 0.047615
v -0.079676 0.115704 0.048664
v -0.086126 0.118077 0.048220
v -0.090633 0.122814 0.048185
v -0.069122 0.108103 0.046860
v -0.074245 0.112091 0.046696
v -0.073540 0.112949 0.046627
v -0.078670 0.116928 0.046460
v -0.077917 0.117845 0.046371
v -0.083817 0.120887 0.046685
v -0.083030 0.121846 0.046245
v -0.087347 0.126815 0.046021
v -0.088184 0.125796 0.046502
v -0.082225 0.122826 0.046144
v -0.086489 0.127859 0.045907
v -0.073983 0.112409 0.047489
v -0.078373 0.117290 0.047314
v -0.089004 0.124797 0.047048
v -0.082699 0.122249 0.047170
v -0.079005 0.116521 0.048035
v -0.083367 0.121436 0.047958
v -0.084078 0.120570 0.048648
v -0.088435 0.125490 0.048628
v -0.087683 0.126405 0.047875
v -0.086980 0.127262 0.047016
v -0.048199 0.082449 0.049141
v -0.047802 0.082934 0.048981
v -0.053071 0.086744 0.049265
v -0.052612 0.087302 0.049071
v -0.052159 0.087854 0.048847
v -0.057377 0.091726 0.049106
v -0.057880 0.091114 0.049348
v -0.058387 0.090496 0.049561
v -0.056882 0.092329 0.048831
v -0.063175 0.094892 0.049689
v -0.062625 0.095562 0.049422
v -0.062082 0.096223 0.049125
v -0.066733 0.100786 0.049156
v -0.067320 0.100072 0.049504
v -0.067913 0.099349 0.049819
v -0.071956 0.104652 0.049582
v -0.078344 0.107101 0.049104
v -0.076543 0.109292 0.049664
v -0.072592 0.103878 0.049951
v -0.073235 0.103095 0.050289
v -0.077909 0.107630 0.050468
v -0.077222 0.108466 0.050082
v -0.071329 0.105416 0.049178
v -0.075874 0.110107 0.049207
v -0.083023 0.111629 0.049179
v -0.087665 0.116203 0.049244
v -0.088439 0.115260 0.049738
v -0.092266 0.120826 0.049309
v -0.082528 0.112231 0.050652
v -0.081799 0.113120 0.050214
v -0.093087 0.119827 0.049854
v -0.081078 0.113997 0.049742
v -0.080369 0.114860 0.049228
v -0.084815 0.119673 0.049268
v -0.085569 0.118755 0.049834
v -0.086335 0.117822 0.050356
v -0.090826 0.122579 0.050501
v -0.090014 0.123569 0.049927
v -0.083270 0.111328 0.051036
v -0.087902 0.115914 0.051267
v -0.092490 0.120554 0.051504
v -0.087112 0.116876 0.050841
v -0.091650 0.121576 0.051034
v -0.093337 0.119523 0.051940
v -0.089215 0.124541 0.049307
v -0.098590 0.123352 0.050534
v -0.102155 0.119012 0.052620
v -0.101256 0.120107 0.052134
v -0.106066 0.124476 0.052427
v -0.100361 0.121196 0.051627
v -0.099473 0.122277 0.051091
v -0.104173 0.126780 0.051293
v -0.105116 0.125633 0.051876
v -0.108853 0.131308 0.051526
v -0.109852 0.130091 0.052162
v -0.114620 0.134512 0.052453
v -0.119090 0.139295 0.052402
v -0.124052 0.143480 0.052398
v -0.130195 0.146226 0.052637
v -0.129300 0.147315 0.052273
v -0.134738 0.150920 0.051938
v -0.134337 0.151408 0.051738
v -0.134002 0.151816 0.051978
v -0.095968 0.126544 0.048762
v -0.095101 0.127600 0.048148
v -0.100454 0.131309 0.048772
v -0.099533 0.132429 0.048108
v -0.104909 0.136109 0.048783
v -0.092493 0.130775 0.046325
v -0.097692 0.134670 0.046779
v -0.091601 0.131861 0.045806
v -0.090686 0.132975 0.045686
v -0.095816 0.136955 0.045586
v -0.096764 0.135801 0.046144
v -0.095373 0.137493 0.046746
v -0.101981 0.139674 0.046623
v -0.100996 0.140873 0.045936
v -0.106219 0.144739 0.046461
v -0.110547 0.149695 0.046449
v -0.093367 0.129711 0.046916
v -0.094234 0.128655 0.047530
v -0.098613 0.133549 0.047441
v -0.092740 0.130475 0.048627
v -0.091942 0.131446 0.047812
v -0.091197 0.132352 0.046882
v -0.096160 0.136536 0.047748
v -0.097004 0.135508 0.048628
v -0.102958 0.138484 0.047340
v -0.103933 0.137297 0.048063
v -0.109345 0.140934 0.048793
v -0.108303 0.142202 0.048014
v -0.113728 0.145823 0.048764
v -0.112668 0.147113 0.047991
v -0.107262 0.143469 0.047234
v -0.100332 0.141681 0.047664
v -0.111609 0.148403 0.047216
v -0.101225 0.140595 0.048616
v -0.105389 0.145750 0.048623
v -0.140250 0.161300 0.048372
v -0.142636 0.162174 0.048372
v -0.135201 0.161227 0.048372
v -0.137730 0.160979 0.048372
v -0.118035 0.150805 0.048685
v -0.116057 0.153213 0.047340
v -0.120566 0.157948 0.047536
v -0.117045 0.152009 0.048013
v -0.121428 0.156899 0.048063
v -0.122290 0.155850 0.048589
v -0.132790 0.162031 0.048372
v -0.126511 0.160936 0.048500
v -0.130619 0.163352 0.048372
v -0.130097 0.163928 0.048762
v -0.125813 0.161785 0.048127
v -0.129448 0.164507 0.048467
v -0.129866 0.164134 0.048657
v -0.129242 0.164690 0.048372
v -0.129497 0.164987 0.048372
v -0.130561 0.166230 0.048372
v -0.096838 0.125486 0.049369
v -0.097711 0.124422 0.049961
v -0.103236 0.127921 0.050690
v -0.102303 0.129057 0.050069
v -0.101376 0.130185 0.049428
v -0.094417 0.128432 0.050036
v -0.095282 0.127379 0.050658
v -0.106870 0.133721 0.050193
v -0.105888 0.134918 0.049496
v -0.110389 0.139663 0.049563
v -0.114790 0.144531 0.049530
v -0.111438 0.138386 0.050318
v -0.115856 0.143232 0.050281
v -0.097955 0.124126 0.052224
v -0.097053 0.125223 0.051750
v -0.102539 0.128769 0.052516
v -0.101581 0.129936 0.052001
v -0.096159 0.126312 0.051238
v -0.100632 0.131091 0.051448
v -0.099701 0.132225 0.050821
v -0.107859 0.132518 0.050869
v -0.112493 0.137101 0.051050
v -0.116929 0.141926 0.051008
v -0.113553 0.135811 0.051763
v -0.118006 0.140615 0.051717
v -0.105068 0.135915 0.051674
v -0.106076 0.134689 0.052277
v -0.110566 0.139448 0.052581
v -0.109489 0.140758 0.051929
v -0.114970 0.144311 0.052627
v -0.093568 0.129466 0.049363
v -0.097882 0.134439 0.049421
v -0.098783 0.133342 0.050148
v -0.103108 0.138301 0.050263
v -0.107398 0.143305 0.050404
v -0.102154 0.139463 0.049475
v -0.106380 0.144544 0.049552
v -0.110713 0.149494 0.049618
v -0.111748 0.148233 0.050467
v -0.104081 0.137117 0.050993
v -0.108436 0.142041 0.051193
v -0.112804 0.146947 0.051252
v -0.113876 0.145643 0.051983
v -0.121020 0.147170 0.050633
v -0.120020 0.148387 0.050003
v -0.125762 0.151623 0.050587
v -0.124889 0.152686 0.050111
v -0.130738 0.155790 0.050522
v -0.135884 0.159749 0.050658
v -0.130026 0.156657 0.050226
v -0.135358 0.160389 0.050495
v -0.134834 0.161028 0.050318
v -0.122025 0.145947 0.051247
v -0.126639 0.150554 0.051045
v -0.127522 0.149479 0.051475
v -0.123035 0.144718 0.051839
v -0.128409 0.148400 0.051885
v -0.126067 0.151251 0.052632
v -0.125161 0.152354 0.052344
v -0.133612 0.152290 0.051533
v -0.132889 0.153170 0.051309
v -0.132169 0.154047 0.051066
v -0.136700 0.158756 0.050954
v -0.133265 0.152713 0.051984
v -0.132529 0.153609 0.051960
v -0.131793 0.154504 0.051907
v -0.131452 0.154920 0.050803
v -0.136412 0.159106 0.050808
v -0.136164 0.159408 0.050986
v -0.135628 0.160061 0.050993
v -0.135092 0.160714 0.050978
v -0.134556 0.161366 0.050941
v -0.130327 0.156290 0.051694
v -0.129597 0.157178 0.051542
v -0.131059 0.155398 0.051819
v -0.119026 0.149598 0.049351
v -0.124019 0.153745 0.049620
v -0.123153 0.154799 0.049111
v -0.116222 0.153012 0.050372
v -0.121618 0.156668 0.050699
v -0.120759 0.157713 0.050163
v -0.128612 0.158378 0.049574
v -0.127909 0.159233 0.049229
v -0.132864 0.162190 0.049763
v -0.132771 0.162242 0.049733
v -0.132194 0.162566 0.049546
v -0.132036 0.162655 0.049493
v -0.131482 0.162964 0.049305
v -0.129317 0.157519 0.049908
v -0.134312 0.161664 0.050127
v -0.134214 0.161783 0.050088
v -0.133633 0.161959 0.049954
v -0.133577 0.161976 0.049940
v -0.133334 0.162049 0.049880
v -0.132887 0.162183 0.049769
v -0.131824 0.162959 0.050690
v -0.131973 0.162871 0.050712
v -0.127209 0.160086 0.048869
v -0.130669 0.163416 0.049016
v -0.131277 0.163078 0.049232
v -0.130873 0.163303 0.049090
v -0.130749 0.163372 0.049045
v -0.130525 0.163545 0.048952
v -0.126716 0.160686 0.050589
v -0.130782 0.163562 0.050478
v -0.131285 0.163271 0.050586
v -0.131412 0.163198 0.050611
v -0.131094 0.163382 0.050548
v -0.130603 0.163726 0.050426
v -0.130409 0.163905 0.050368
v -0.126013 0.161542 0.050245
v -0.129972 0.164304 0.050223
v -0.129762 0.164496 0.050152
v -0.129326 0.164889 0.049975
v -0.129337 0.164878 0.049980
v -0.129111 0.165081 0.049888
v -0.118207 0.150595 0.051688
v -0.122488 0.155609 0.051191
v -0.123372 0.154531 0.051611
v -0.119226 0.149354 0.052239
v -0.124264 0.153446 0.051995
v -0.117208 0.151812 0.051056
v -0.133996 0.161961 0.050887
v -0.134004 0.161958 0.050887
v -0.134095 0.161928 0.050888
v -0.133693 0.162060 0.050875
v -0.133326 0.162181 0.050860
v -0.133259 0.162203 0.050857
v -0.128870 0.158064 0.051363
v -0.128148 0.158943 0.051133
v -0.132921 0.162313 0.050833
v -0.132644 0.162477 0.050803
v -0.132534 0.162541 0.050790
v -0.127430 0.159817 0.050876
v -0.090945 0.101984 0.053054
v -0.090470 0.102563 0.052817
v -0.090165 0.102934 0.053000
v -0.096099 0.105935 0.053581
v -0.094788 0.107532 0.053004
v -0.095599 0.106543 0.053315
v -0.095265 0.106950 0.053508
v -0.099826 0.111623 0.053486
v -0.101212 0.109935 0.054132
v -0.100688 0.110573 0.053836
v -0.100323 0.111017 0.054039
v -0.089387 0.103882 0.052912
v -0.088610 0.104827 0.052793
v -0.093979 0.108516 0.052672
v -0.098967 0.112668 0.053111
v -0.094433 0.107964 0.053398
v -0.092774 0.109983 0.053081
v -0.098113 0.113708 0.052712
v -0.093602 0.108975 0.053256
v -0.097670 0.114247 0.053536
v -0.099436 0.112097 0.053906
v -0.098552 0.113174 0.053738
v -0.091950 0.110986 0.052868
v -0.096793 0.115315 0.053293
v -0.095920 0.116377 0.053009
v -0.095053 0.117434 0.052693
v -0.105802 0.114572 0.054322
v -0.104883 0.115691 0.053935
v -0.105404 0.115057 0.054538
v -0.109917 0.119787 0.054393
v -0.103969 0.116804 0.053523
v -0.103060 0.117911 0.053084
v -0.107981 0.122145 0.053463
v -0.104458 0.116209 0.054388
v -0.103514 0.117358 0.054199
v -0.108946 0.120969 0.053942
v -0.113916 0.125144 0.054426
v -0.112891 0.126392 0.053900
v -0.117863 0.130563 0.054342
v -0.106352 0.113902 0.054646
v -0.110893 0.118599 0.054818
v -0.111470 0.117897 0.055171
v -0.110460 0.119126 0.055047
v -0.109454 0.120352 0.054879
v -0.108450 0.121573 0.054671
v -0.115982 0.122629 0.055393
v -0.114946 0.123890 0.054924
v -0.120057 0.127892 0.055459
v -0.116586 0.121894 0.055779
v -0.121163 0.126546 0.055973
v -0.121799 0.125772 0.056392
v -0.115512 0.123201 0.055635
v -0.120650 0.127171 0.056232
v -0.126373 0.130429 0.056305
v -0.125735 0.131205 0.055888
v -0.125208 0.131847 0.056163
v -0.118957 0.129232 0.054916
v -0.114441 0.124505 0.055444
v -0.113373 0.125805 0.055210
v -0.124613 0.132571 0.055381
v -0.123496 0.133931 0.054844
v -0.119505 0.128565 0.056022
v -0.118364 0.129954 0.055765
v -0.124047 0.133260 0.055969
v -0.122889 0.134670 0.055728
v -0.100708 0.120773 0.053394
v -0.107021 0.123314 0.052957
v -0.102574 0.118502 0.053975
v -0.101638 0.119641 0.053706
v -0.107450 0.122791 0.054423
v -0.106455 0.124002 0.054129
v -0.099783 0.121900 0.053047
v -0.098864 0.123019 0.052665
v -0.104483 0.126404 0.053410
v -0.105466 0.125206 0.053788
v -0.111873 0.127632 0.053345
v -0.110860 0.128865 0.052765
v -0.115695 0.133203 0.053108
v -0.116776 0.131887 0.053739
v -0.122385 0.135284 0.054276
v -0.121281 0.136628 0.053678
v -0.120183 0.137965 0.053052
v -0.110201 0.129666 0.054231
v -0.109157 0.130938 0.053816
v -0.113857 0.135441 0.054249
v -0.112310 0.127099 0.054933
v -0.117227 0.131338 0.055463
v -0.111252 0.128387 0.054607
v -0.116096 0.132714 0.055108
v -0.121736 0.136074 0.055441
v -0.114973 0.134082 0.054699
v -0.120588 0.137471 0.055100
v -0.119448 0.138859 0.054704
v -0.128172 0.138464 0.054383
v -0.129800 0.136481 0.055172
v -0.129214 0.137195 0.054810
v -0.128724 0.137791 0.055089
v -0.126101 0.140985 0.053445
v -0.132498 0.143421 0.053575
v -0.131996 0.144033 0.053292
v -0.131093 0.145132 0.052976
v -0.131574 0.144547 0.053560
v -0.127134 0.139728 0.053929
v -0.125074 0.142235 0.052934
v -0.130651 0.145671 0.053504
v -0.129728 0.146793 0.053410
v -0.128808 0.147914 0.053279
v -0.125510 0.141704 0.054564
v -0.124447 0.142999 0.054296
v -0.127650 0.139099 0.054957
v -0.126579 0.140403 0.054782
v -0.103505 0.127594 0.052994
v -0.108118 0.132202 0.053361
v -0.107093 0.133451 0.052838
v -0.111652 0.138126 0.053189
v -0.112747 0.136792 0.053755
v -0.118314 0.140240 0.054265
v -0.117187 0.141612 0.053783
v -0.116074 0.142967 0.053226
v -0.122336 0.145568 0.053617
v -0.127890 0.149031 0.053105
v -0.126977 0.150143 0.052886
v -0.123389 0.144287 0.053976
v -0.121289 0.146843 0.053217
v -0.120254 0.148103 0.052748
v -0.142231 0.162986 0.055581
v -0.140035 0.162182 0.055581
v -0.137716 0.161887 0.055581
v -0.135390 0.162115 0.055581
v -0.133172 0.162855 0.055581
v -0.131175 0.164070 0.055581
v -0.140354 0.166742 0.060387
v -0.139042 0.166261 0.060387
v -0.137656 0.166085 0.060387
v -0.136265 0.166221 0.060387
v -0.134939 0.166664 0.060387
v -0.133745 0.167390 0.060387
v -0.094842 0.138140 0.045461
v -0.099989 0.142099 0.045333
v -0.105166 0.146021 0.045720
v -0.098953 0.143360 0.045199
v -0.104090 0.147332 0.045073
v -0.109476 0.151000 0.045717
v -0.108380 0.152333 0.045083
v -0.099503 0.142690 0.046582
v -0.103558 0.147979 0.046426
v -0.102982 0.148680 0.044936
v -0.107258 0.153700 0.044975
v -0.107841 0.152989 0.046483
v -0.104439 0.146907 0.047595
v -0.108738 0.151898 0.047659
v -0.109705 0.150721 0.048690
v -0.115065 0.154420 0.046675
v -0.114065 0.155637 0.046045
v -0.118832 0.160059 0.046530
v -0.113044 0.156881 0.045508
v -0.112007 0.158142 0.045465
v -0.112562 0.157468 0.046839
v -0.117944 0.161140 0.046127
v -0.117056 0.162222 0.046154
v -0.122997 0.165213 0.046780
v -0.122291 0.166073 0.046858
v -0.119703 0.158999 0.047018
v -0.113404 0.156442 0.047894
v -0.117552 0.161617 0.047310
v -0.118294 0.160714 0.048175
v -0.125116 0.162634 0.047754
v -0.124417 0.163485 0.047389
v -0.123713 0.164342 0.047050
v -0.129188 0.167902 0.047649
v -0.128675 0.168526 0.047404
v -0.130205 0.166663 0.048183
v -0.129697 0.167282 0.047913
v -0.127152 0.167970 0.048372
v -0.127175 0.167919 0.048410
v -0.127282 0.167679 0.048546
v -0.128346 0.168927 0.048372
v -0.127459 0.167277 0.048775
v -0.128153 0.169162 0.047211
v -0.127639 0.169787 0.047276
v -0.122706 0.165567 0.047756
v -0.127939 0.169422 0.047933
v -0.123314 0.164827 0.048409
v -0.126540 0.169640 0.048372
v -0.126219 0.172161 0.048372
v -0.126467 0.174690 0.048372
v -0.127272 0.177100 0.048372
v -0.128592 0.179271 0.048372
v -0.115254 0.154190 0.049628
v -0.114311 0.155338 0.048810
v -0.119914 0.158742 0.049573
v -0.119089 0.159746 0.048917
v -0.128046 0.166479 0.049236
v -0.124633 0.163222 0.049438
v -0.128742 0.165511 0.049691
v -0.128557 0.165770 0.049580
v -0.128222 0.166234 0.049355
v -0.123962 0.164038 0.048959
v -0.127543 0.167166 0.048850
v -0.127712 0.166935 0.048980
v -0.125318 0.162388 0.049863
v -0.128937 0.165237 0.049808
v -0.129498 0.165699 0.055581
v -0.128226 0.167660 0.055581
v -0.127422 0.169855 0.055581
v -0.127127 0.172174 0.055581
v -0.127355 0.174501 0.055581
v -0.128095 0.176718 0.055581
v -0.129310 0.178716 0.055581
v -0.132743 0.168364 0.060387
v -0.131982 0.169536 0.060387
v -0.131502 0.170849 0.060387
v -0.131325 0.172235 0.060387
v -0.131461 0.173626 0.060387
v -0.131904 0.174952 0.060387
v -0.132630 0.176146 0.060387
v -0.144768 0.163557 0.048372
v -0.146539 0.165379 0.048372
v -0.147859 0.167550 0.048372
v -0.148664 0.169960 0.048372
v -0.148912 0.172489 0.048372
v -0.152840 0.178577 0.046858
v -0.152134 0.179437 0.046780
v -0.163123 0.186508 0.045465
v -0.162087 0.187770 0.045508
v -0.158075 0.182429 0.046154
v -0.157187 0.183511 0.046127
v -0.162569 0.187183 0.046839
v -0.156299 0.184591 0.046530
v -0.161066 0.189013 0.046045
v -0.160066 0.190231 0.046675
v -0.147492 0.174864 0.047276
v -0.146978 0.175489 0.047211
v -0.152425 0.179083 0.047756
v -0.148591 0.175010 0.048372
v -0.147192 0.175228 0.047933
v -0.151817 0.179823 0.048409
v -0.151418 0.180308 0.047050
v -0.146456 0.176124 0.047404
v -0.145943 0.176749 0.047649
v -0.150714 0.181166 0.047389
v -0.150015 0.182017 0.047754
v -0.146785 0.175724 0.048372
v -0.147979 0.176680 0.048372
v -0.147955 0.176731 0.048410
v -0.147849 0.176972 0.048546
v -0.147672 0.177373 0.048775
v -0.145434 0.177369 0.047913
v -0.144926 0.177988 0.048183
v -0.157579 0.183034 0.047310
v -0.156837 0.183937 0.048175
v -0.155428 0.185651 0.047018
v -0.161727 0.188208 0.047894
v -0.167873 0.190951 0.044975
v -0.172149 0.195971 0.044936
v -0.167290 0.191661 0.046483
v -0.166751 0.192317 0.045083
v -0.165655 0.193651 0.045717
v -0.171041 0.197319 0.045073
v -0.176178 0.201290 0.045199
v -0.175142 0.202551 0.045333
v -0.169964 0.198630 0.045720
v -0.171573 0.196672 0.046426
v -0.175627 0.201960 0.046582
v -0.180289 0.206510 0.045461
v -0.166393 0.192752 0.047659
v -0.170692 0.197744 0.047595
v -0.165426 0.193930 0.048690
v -0.147588 0.177485 0.048850
v -0.147419 0.177716 0.048980
v -0.151169 0.180612 0.048959
v -0.147085 0.178171 0.049236
v -0.146909 0.178416 0.049355
v -0.146574 0.178881 0.049580
v -0.146389 0.179140 0.049691
v -0.150498 0.181429 0.049438
v -0.149813 0.182262 0.049863
v -0.156042 0.184905 0.048917
v -0.155217 0.185909 0.049573
v -0.160820 0.189312 0.048810
v -0.159877 0.190461 0.049628
v -0.144192 0.164258 0.055581
v -0.145821 0.165935 0.055581
v -0.147036 0.167932 0.055581
v -0.147776 0.170150 0.055581
v -0.148004 0.172476 0.055581
v -0.147709 0.174795 0.055581
v -0.146905 0.176990 0.055581
v -0.141527 0.167503 0.060387
v -0.142501 0.168505 0.060387
v -0.143227 0.169699 0.060387
v -0.143670 0.171025 0.060387
v -0.143806 0.172416 0.060387
v -0.143629 0.173802 0.060387
v -0.143149 0.175114 0.060387
v -0.137565 0.172325 0.048372
v -0.149318 0.182866 0.048127
v -0.144570 0.178421 0.048372
v -0.145634 0.179664 0.048372
v -0.145889 0.179960 0.048372
v -0.145683 0.180144 0.048467
v -0.145265 0.180517 0.048657
v -0.145034 0.180722 0.048762
v -0.144511 0.181298 0.048372
v -0.148620 0.183715 0.048500
v -0.142341 0.182619 0.048372
v -0.154565 0.186703 0.047536
v -0.159074 0.191438 0.047340
v -0.153703 0.187752 0.048063
v -0.152841 0.188801 0.048589
v -0.158086 0.192641 0.048013
v -0.157096 0.193846 0.048685
v -0.137401 0.183672 0.048372
v -0.139930 0.183424 0.048372
v -0.130363 0.181094 0.048372
v -0.132495 0.182477 0.048372
v -0.134881 0.183351 0.048372
v -0.164584 0.194955 0.046449
v -0.174135 0.203777 0.045936
v -0.168912 0.199911 0.046461
v -0.173150 0.204977 0.046623
v -0.179315 0.207696 0.045586
v -0.184445 0.211676 0.045686
v -0.183530 0.212790 0.045806
v -0.179757 0.207157 0.046746
v -0.178367 0.208850 0.046144
v -0.177439 0.209980 0.046779
v -0.182638 0.213875 0.046325
v -0.163522 0.196248 0.047216
v -0.174798 0.202970 0.047664
v -0.167868 0.201181 0.047234
v -0.169742 0.198901 0.048623
v -0.173906 0.204056 0.048616
v -0.172173 0.206166 0.047340
v -0.162463 0.197537 0.047991
v -0.161403 0.198827 0.048764
v -0.166828 0.202449 0.048014
v -0.171197 0.207353 0.048063
v -0.165786 0.203717 0.048793
v -0.178971 0.208115 0.047748
v -0.183934 0.212298 0.046882
v -0.183189 0.213205 0.047812
v -0.178127 0.209143 0.048628
v -0.176518 0.211102 0.047441
v -0.181764 0.214939 0.046916
v -0.180897 0.215996 0.047530
v -0.182391 0.214176 0.048627
v -0.170221 0.208542 0.048783
v -0.175598 0.212221 0.048108
v -0.174677 0.213342 0.048772
v -0.180030 0.217050 0.048148
v -0.179163 0.218106 0.048762
v -0.144606 0.181105 0.048952
v -0.144462 0.181234 0.049016
v -0.144382 0.181279 0.049045
v -0.144257 0.181348 0.049090
v -0.143854 0.181573 0.049232
v -0.147922 0.184565 0.048869
v -0.146194 0.179413 0.049808
v -0.146019 0.179569 0.049888
v -0.145805 0.179762 0.049975
v -0.145794 0.179772 0.049980
v -0.145369 0.180155 0.050152
v -0.145159 0.180347 0.050223
v -0.149118 0.183109 0.050245
v -0.144722 0.180746 0.050368
v -0.144528 0.180925 0.050426
v -0.144349 0.181089 0.050478
v -0.144037 0.181268 0.050548
v -0.143846 0.181379 0.050586
v -0.143719 0.181453 0.050611
v -0.148415 0.183965 0.050589
v -0.147222 0.185417 0.049229
v -0.143649 0.181687 0.049305
v -0.143095 0.181996 0.049493
v -0.142937 0.182084 0.049546
v -0.142360 0.182408 0.049733
v -0.142267 0.182460 0.049763
v -0.146519 0.186273 0.049574
v -0.142244 0.182467 0.049769
v -0.143158 0.181779 0.050712
v -0.143307 0.181692 0.050690
v -0.141797 0.182602 0.049880
v -0.141554 0.182675 0.049940
v -0.141498 0.182692 0.049954
v -0.140917 0.182868 0.050088
v -0.140819 0.182987 0.050127
v -0.145813 0.187132 0.049908
v -0.154372 0.186937 0.050163
v -0.153513 0.187983 0.050699
v -0.158909 0.191639 0.050372
v -0.151978 0.189851 0.049111
v -0.151112 0.190906 0.049620
v -0.156105 0.195052 0.049351
v -0.147701 0.184834 0.050876
v -0.142597 0.182109 0.050790
v -0.142487 0.182174 0.050803
v -0.142210 0.182338 0.050833
v -0.146983 0.185708 0.051133
v -0.141872 0.182448 0.050857
v -0.141805 0.182470 0.050860
v -0.141438 0.182590 0.050875
v -0.141036 0.182723 0.050888
v -0.141127 0.182692 0.050887
v -0.141134 0.182690 0.050887
v -0.146261 0.186586 0.051363
v -0.157923 0.192839 0.051056
v -0.152643 0.189042 0.051191
v -0.151758 0.190119 0.051611
v -0.156924 0.194056 0.051688
v -0.150867 0.191204 0.051995
v -0.155905 0.195296 0.052239
v -0.145105 0.187994 0.050226
v -0.140297 0.183623 0.050318
v -0.139773 0.184261 0.050495
v -0.139246 0.184902 0.050658
v -0.144393 0.188861 0.050522
v -0.150242 0.191965 0.050111
v -0.149369 0.193028 0.050587
v -0.155111 0.196263 0.050003
v -0.154110 0.197481 0.050633
v -0.140574 0.183285 0.050941
v -0.140039 0.183937 0.050978
v -0.145534 0.187472 0.051542
v -0.144804 0.188361 0.051694
v -0.139503 0.184590 0.050993
v -0.138719 0.185544 0.050808
v -0.138967 0.185242 0.050986
v -0.143679 0.189731 0.050803
v -0.144072 0.189252 0.051819
v -0.138431 0.185895 0.050954
v -0.142961 0.190604 0.051066
v -0.142241 0.191480 0.051309
v -0.141519 0.192360 0.051533
v -0.143337 0.190146 0.051907
v -0.142602 0.191042 0.051960
v -0.141866 0.191938 0.051984
v -0.149970 0.192296 0.052344
v -0.149064 0.193399 0.052632
v -0.148492 0.194096 0.051045
v -0.147609 0.195171 0.051475
v -0.153106 0.198703 0.051247
v -0.146722 0.196251 0.051885
v -0.152096 0.199933 0.051839
v -0.164418 0.195157 0.049618
v -0.168751 0.200107 0.049552
v -0.172977 0.205187 0.049475
v -0.163382 0.196418 0.050467
v -0.167733 0.201346 0.050404
v -0.172022 0.206349 0.050263
v -0.177248 0.210212 0.049421
v -0.181563 0.215184 0.049363
v -0.176348 0.211309 0.050148
v -0.162327 0.197703 0.051252
v -0.166695 0.202610 0.051193
v -0.171050 0.207533 0.050993
v -0.161255 0.199008 0.051983
v -0.160341 0.200120 0.049530
v -0.164742 0.204988 0.049563
v -0.169243 0.209733 0.049496
v -0.159275 0.201418 0.050281
v -0.163693 0.206264 0.050318
v -0.168260 0.210929 0.050193
v -0.173755 0.214465 0.049428
v -0.180713 0.216218 0.050036
v -0.179849 0.217271 0.050658
v -0.178293 0.219165 0.049369
v -0.172828 0.215594 0.050069
v -0.171895 0.216729 0.050690
v -0.177420 0.220228 0.049961
v -0.170063 0.208735 0.051674
v -0.160161 0.200340 0.052627
v -0.165641 0.203893 0.051929
v -0.164565 0.205203 0.052581
v -0.169055 0.209962 0.052277
v -0.158202 0.202724 0.051008
v -0.162638 0.207549 0.051050
v -0.167272 0.212133 0.050869
v -0.157125 0.204036 0.051717
v -0.161578 0.208840 0.051763
v -0.175430 0.212426 0.050821
v -0.174499 0.213559 0.051448
v -0.178972 0.218339 0.051238
v -0.173550 0.214715 0.052001
v -0.172592 0.215881 0.052516
v -0.178078 0.219427 0.051750
v -0.177176 0.220525 0.052224
v -0.141129 0.192834 0.051978
v -0.140794 0.193243 0.051738
v -0.140393 0.193730 0.051938
v -0.145831 0.197335 0.052273
v -0.144936 0.198425 0.052637
v -0.151079 0.201171 0.052398
v -0.176541 0.221298 0.050534
v -0.166278 0.213342 0.051526
v -0.156041 0.205355 0.052402
v -0.165279 0.214559 0.052162
v -0.160511 0.210138 0.052453
v -0.170958 0.217870 0.051293
v -0.175658 0.222373 0.051091
v -0.174770 0.223454 0.051627
v -0.170015 0.219018 0.051876
v -0.169065 0.220174 0.052427
v -0.173875 0.224544 0.052134
v -0.172976 0.225639 0.052620
v -0.188641 0.216792 0.045907
v -0.192906 0.221825 0.046144
v -0.187784 0.217836 0.046021
v -0.192101 0.222805 0.046245
v -0.186947 0.218854 0.046502
v -0.191314 0.223763 0.046685
v -0.197214 0.226805 0.046371
v -0.196461 0.227722 0.046460
v -0.201591 0.231702 0.046627
v -0.200886 0.232560 0.046696
v -0.206009 0.236548 0.046860
v -0.188151 0.217388 0.047016
v -0.192432 0.222402 0.047170
v -0.186127 0.219853 0.047048
v -0.196758 0.227361 0.047314
v -0.187448 0.218245 0.047875
v -0.191764 0.223215 0.047958
v -0.186696 0.219160 0.048628
v -0.191053 0.224081 0.048648
v -0.196126 0.228130 0.048035
v -0.201148 0.232241 0.047489
v -0.195723 0.228621 0.046859
v -0.190541 0.224704 0.047183
v -0.185312 0.220846 0.047615
v -0.189773 0.225640 0.047701
v -0.194997 0.229504 0.047312
v -0.194275 0.230383 0.047782
v -0.184497 0.221837 0.048185
v -0.189005 0.226574 0.048220
v -0.195455 0.228946 0.048664
v -0.183682 0.222829 0.048751
v -0.188236 0.227510 0.048735
v -0.193554 0.231260 0.048253
v -0.192832 0.232140 0.048719
v -0.200192 0.233404 0.047049
v -0.199509 0.234236 0.047451
v -0.205353 0.237346 0.046912
v -0.205583 0.237067 0.047643
v -0.204705 0.238136 0.047223
v -0.204065 0.238914 0.047578
v -0.200547 0.232973 0.048139
v -0.199912 0.233746 0.048703
v -0.198829 0.235064 0.047868
v -0.205015 0.237758 0.048226
v -0.204418 0.238485 0.048730
v -0.198150 0.235891 0.048286
v -0.197470 0.236719 0.048698
v -0.203429 0.239689 0.047946
v -0.202793 0.240463 0.048314
v -0.202155 0.241239 0.048678
v -0.210480 0.241330 0.047111
v -0.209872 0.242070 0.047141
v -0.214996 0.246057 0.047334
v -0.210069 0.241830 0.047813
v -0.214438 0.246736 0.047347
v -0.209269 0.242804 0.047406
v -0.213880 0.247415 0.047570
v -0.219574 0.250708 0.047588
v -0.219064 0.251329 0.047576
v -0.214605 0.246533 0.047958
v -0.209534 0.242481 0.048327
v -0.208974 0.243164 0.048767
v -0.214106 0.247141 0.048408
v -0.219200 0.251163 0.048132
v -0.208673 0.243530 0.047711
v -0.213329 0.248087 0.047830
v -0.218551 0.251954 0.047752
v -0.208079 0.244253 0.048027
v -0.212779 0.248756 0.048098
v -0.213584 0.247776 0.048790
v -0.207485 0.244976 0.048343
v -0.206890 0.245700 0.048654
v -0.212229 0.249425 0.048367
v -0.218042 0.252573 0.047960
v -0.218734 0.251731 0.048512
v -0.217535 0.253191 0.048176
v -0.217028 0.253809 0.048391
v -0.224197 0.255306 0.047794
v -0.223846 0.255733 0.048264
v -0.223735 0.255867 0.047765
v -0.223269 0.256436 0.047903
v -0.222805 0.257000 0.048068
v -0.223416 0.256256 0.048583
v -0.222343 0.257563 0.048239
v -0.221880 0.258126 0.048409
v -0.228791 0.259938 0.047907
v -0.228391 0.260424 0.047881
v -0.228482 0.260314 0.048305
v -0.227987 0.260916 0.047996
v -0.228109 0.260768 0.048573
v -0.227586 0.261405 0.048133
v -0.227185 0.261892 0.048275
v -0.232235 0.265970 0.048247
v -0.232120 0.266110 0.048239
v -0.232003 0.266252 0.048271
v -0.231887 0.266393 0.048309
v -0.227722 0.261238 0.048794
v -0.226784 0.262380 0.048416
v -0.232144 0.266080 0.048359
v -0.232036 0.266212 0.048434
v -0.231924 0.266348 0.048496
v -0.231811 0.266486 0.048548
v -0.185916 0.220109 0.049307
v -0.190316 0.224978 0.049268
v -0.194762 0.229791 0.049228
v -0.194053 0.230654 0.049742
v -0.185117 0.221082 0.049927
v -0.189562 0.225896 0.049834
v -0.184304 0.222072 0.050501
v -0.188796 0.226829 0.050356
v -0.182865 0.223824 0.049309
v -0.187466 0.228448 0.049244
v -0.186692 0.229391 0.049738
v -0.192108 0.233021 0.049179
v -0.182044 0.224824 0.049854
v -0.193332 0.231531 0.050214
v -0.192603 0.232419 0.050652
v -0.199256 0.234544 0.049207
v -0.203802 0.239234 0.049178
v -0.198587 0.235358 0.049664
v -0.196787 0.237550 0.049104
v -0.203175 0.239998 0.049582
v -0.197909 0.236185 0.050082
v -0.197222 0.237021 0.050468
v -0.202539 0.240773 0.049951
v -0.201896 0.241555 0.050289
v -0.183480 0.223075 0.051034
v -0.188019 0.227774 0.050841
v -0.182641 0.224097 0.051504
v -0.187228 0.228737 0.051267
v -0.191861 0.233322 0.051036
v -0.181794 0.225128 0.051940
v -0.208398 0.243865 0.049156
v -0.213049 0.248427 0.049125
v -0.207811 0.244579 0.049504
v -0.212506 0.249089 0.049422
v -0.211956 0.249758 0.049689
v -0.218249 0.252321 0.048831
v -0.217754 0.252925 0.049106
v -0.217251 0.253536 0.049348
v -0.216744 0.254154 0.049561
v -0.207218 0.245301 0.049819
v -0.222972 0.256797 0.048847
v -0.222519 0.257348 0.049071
v -0.222060 0.257907 0.049265
v -0.227329 0.261717 0.048981
v -0.226932 0.262201 0.049141
v -0.211679 0.250095 0.048630
v -0.216519 0.254427 0.048601
v -0.221417 0.258690 0.048575
v -0.220953 0.259254 0.048735
v -0.226383 0.262869 0.048553
v -0.225981 0.263358 0.048685
v -0.231771 0.266534 0.048349
v -0.231655 0.266675 0.048388
v -0.231540 0.266816 0.048426
v -0.231423 0.266958 0.048462
v -0.231307 0.267099 0.048496
v -0.231696 0.266626 0.048593
v -0.231580 0.266767 0.048631
v -0.231463 0.266909 0.048665
v -0.231346 0.267052 0.048690
v -0.231190 0.267242 0.048527
v -0.231073 0.267384 0.048555
v -0.231205 0.267223 0.048564
v -0.231228 0.267195 0.048711
v -0.231111 0.267339 0.048727
v -0.230956 0.267527 0.048581
v -0.230838 0.267670 0.048602
v -0.230992 0.267483 0.048737
v -0.230874 0.267627 0.048742
v -0.230755 0.267771 0.048742
v -0.230720 0.267814 0.048621
v -0.230602 0.267957 0.048636
v -0.230637 0.267915 0.048738
v -0.230519 0.268059 0.048728
v -0.230484 0.268101 0.048648
v -0.230366 0.268245 0.048656
v -0.230247 0.268389 0.048661
v -0.230401 0.268203 0.048714
v -0.230283 0.268346 0.048695
v -0.230165 0.268489 0.048672
v -0.191381 0.233907 0.049626
v -0.185913 0.230339 0.050215
v -0.181218 0.225829 0.050380
v -0.185131 0.231291 0.050677
v -0.190649 0.234797 0.050055
v -0.189915 0.235692 0.050470
v -0.196102 0.238384 0.049498
v -0.201516 0.242017 0.049035
v -0.200875 0.242798 0.049380
v -0.200230 0.243584 0.049709
v -0.195413 0.239222 0.049875
v -0.194722 0.240064 0.050239
v -0.201244 0.242349 0.050580
v -0.194027 0.240911 0.050586
v -0.199582 0.244372 0.050026
v -0.198932 0.245163 0.050327
v -0.198278 0.245960 0.050606
v -0.186431 0.229707 0.051660
v -0.180388 0.226840 0.050890
v -0.191113 0.234232 0.051388
v -0.185629 0.230685 0.052023
v -0.180941 0.226166 0.052344
v -0.184817 0.231673 0.052336
v -0.190360 0.235149 0.051713
v -0.184344 0.232248 0.051121
v -0.179553 0.227856 0.051382
v -0.183552 0.233213 0.051538
v -0.189176 0.236591 0.050869
v -0.188432 0.237496 0.051242
v -0.187685 0.238406 0.051598
v -0.178713 0.228879 0.051845
v -0.184001 0.232666 0.052617
v -0.182756 0.234182 0.051937
v -0.177867 0.229908 0.052290
v -0.189600 0.236075 0.051991
v -0.188836 0.237005 0.052239
v -0.188068 0.237940 0.052459
v -0.196524 0.237870 0.050803
v -0.195821 0.238726 0.051109
v -0.195114 0.239586 0.051390
v -0.200587 0.243149 0.050845
v -0.199926 0.243953 0.051085
v -0.194401 0.240455 0.051626
v -0.193327 0.241762 0.050910
v -0.192624 0.242618 0.051218
v -0.199261 0.244764 0.051285
v -0.197621 0.246760 0.050870
v -0.198592 0.245578 0.051458
v -0.197921 0.246395 0.051608
v -0.193684 0.241328 0.051835
v -0.192964 0.242205 0.052017
v -0.181956 0.235156 0.052316
v -0.186934 0.239320 0.051935
v -0.187296 0.238880 0.052644
v -0.186180 0.240238 0.052251
v -0.185422 0.241161 0.052544
v -0.191919 0.243477 0.051507
v -0.196961 0.247563 0.051117
v -0.196299 0.248369 0.051345
v -0.195634 0.249179 0.051553
v -0.192241 0.243085 0.052167
v -0.191210 0.244340 0.051777
v -0.191515 0.243968 0.052283
v -0.190788 0.244853 0.052371
v -0.197247 0.247215 0.051727
v -0.196571 0.248038 0.051815
v -0.195894 0.248862 0.051877
v -0.190498 0.245207 0.052025
v -0.190060 0.245740 0.052431
v -0.189783 0.246077 0.052254
v -0.189331 0.246627 0.052458
v -0.195217 0.249686 0.051912
v -0.194967 0.249991 0.051743
v -0.194539 0.250512 0.051918
v -0.206294 0.246425 0.048958
v -0.205696 0.247154 0.049251
v -0.211127 0.250767 0.048887
v -0.210573 0.251441 0.049133
v -0.205095 0.247886 0.049529
v -0.210017 0.252119 0.049366
v -0.216010 0.255047 0.048805
v -0.216232 0.254777 0.049751
v -0.215499 0.255669 0.048999
v -0.214987 0.256293 0.049180
v -0.206618 0.246031 0.050107
v -0.211401 0.250433 0.049931
v -0.210840 0.251116 0.050133
v -0.206011 0.246770 0.050351
v -0.205400 0.247514 0.050570
v -0.210276 0.251803 0.050312
v -0.209710 0.252493 0.050470
v -0.215716 0.255405 0.049906
v -0.215198 0.256036 0.050038
v -0.209459 0.252798 0.049587
v -0.214473 0.256919 0.049351
v -0.213957 0.257547 0.049509
v -0.213439 0.258177 0.049650
v -0.204491 0.248621 0.049795
v -0.203885 0.249358 0.050047
v -0.208899 0.253480 0.049795
v -0.209140 0.253187 0.050595
v -0.208336 0.254165 0.049984
v -0.207771 0.254852 0.050159
v -0.203276 0.250100 0.050278
v -0.202665 0.250844 0.050495
v -0.208568 0.253883 0.050697
v -0.214677 0.256670 0.050152
v -0.214155 0.257306 0.050236
v -0.212920 0.258809 0.049778
v -0.213631 0.257944 0.050298
v -0.213106 0.258583 0.050342
v -0.221597 0.258470 0.049434
v -0.221132 0.259037 0.049581
v -0.220488 0.259821 0.048886
v -0.220021 0.260389 0.049024
v -0.220662 0.259608 0.049696
v -0.226531 0.262689 0.049280
v -0.226127 0.263180 0.049402
v -0.225578 0.263849 0.048808
v -0.225173 0.264341 0.048921
v -0.224768 0.264835 0.049025
v -0.225721 0.263675 0.049495
v -0.225313 0.264171 0.049571
v -0.224904 0.264669 0.049633
v -0.220192 0.260182 0.049792
v -0.219719 0.260757 0.049871
v -0.219553 0.260959 0.049154
v -0.219084 0.261530 0.049271
v -0.218614 0.262103 0.049372
v -0.218142 0.262677 0.049463
v -0.217670 0.263252 0.049540
v -0.224362 0.265329 0.049120
v -0.223954 0.265826 0.049200
v -0.224494 0.265168 0.049672
v -0.224084 0.265668 0.049694
v -0.223546 0.266323 0.049271
v -0.223673 0.266168 0.049701
v -0.223263 0.266668 0.049691
v -0.223137 0.266820 0.049330
v -0.222728 0.267319 0.049378
v -0.222853 0.267167 0.049662
v -0.219245 0.261334 0.049922
v -0.218771 0.261911 0.049954
v -0.218296 0.262489 0.049970
v -0.217821 0.263067 0.049965
v -0.204786 0.248262 0.050766
v -0.204168 0.249014 0.050926
v -0.203547 0.249770 0.051061
v -0.202925 0.250528 0.051173
v -0.207995 0.254580 0.050778
v -0.202051 0.251591 0.050696
v -0.207205 0.255542 0.050319
v -0.206637 0.256234 0.050463
v -0.206067 0.256927 0.050591
v -0.212400 0.259443 0.049892
v -0.211878 0.260078 0.049991
v -0.212581 0.259222 0.050363
v -0.212056 0.259862 0.050359
v -0.211355 0.260714 0.050075
v -0.210832 0.261351 0.050144
v -0.211530 0.260501 0.050336
v -0.211006 0.261140 0.050292
v -0.205496 0.257623 0.050702
v -0.210482 0.261777 0.050226
v -0.217197 0.263828 0.049604
v -0.216723 0.264405 0.049654
v -0.216248 0.264982 0.049690
v -0.215927 0.265373 0.049745
v -0.222318 0.267818 0.049413
v -0.222443 0.267666 0.049617
v -0.221907 0.268318 0.049437
v -0.221626 0.268660 0.049478
v -0.222034 0.268164 0.049556
v -0.217346 0.263645 0.049937
v -0.216872 0.264222 0.049892
v -0.216399 0.264799 0.049829
v -0.207420 0.255280 0.050834
v -0.206845 0.255980 0.050863
v -0.202300 0.251288 0.051259
v -0.201675 0.252050 0.051314
v -0.201436 0.252341 0.050879
v -0.200818 0.253093 0.051044
v -0.206270 0.256680 0.050871
v -0.205694 0.257381 0.050856
v -0.201048 0.252812 0.051346
v -0.200198 0.253847 0.051191
v -0.205119 0.258081 0.050816
v -0.200422 0.253575 0.051354
v -0.199795 0.254338 0.051334
v -0.145633 0.178952 0.055581
v -0.143956 0.180581 0.055581
v -0.141959 0.181796 0.055581
v -0.154877 0.196547 0.052748
v -0.153842 0.197808 0.053217
v -0.148154 0.194507 0.052886
v -0.147240 0.195619 0.053105
v -0.152795 0.199082 0.053617
v -0.151742 0.200364 0.053976
v -0.139741 0.182536 0.055581
v -0.137414 0.182764 0.055581
v -0.135095 0.182469 0.055581
v -0.130939 0.180392 0.055581
v -0.132900 0.181665 0.055581
v -0.159057 0.201684 0.053226
v -0.168038 0.211200 0.052838
v -0.163479 0.206525 0.053189
v -0.167013 0.212448 0.053361
v -0.157944 0.203039 0.053783
v -0.156817 0.204411 0.054265
v -0.162384 0.207859 0.053755
v -0.171626 0.217057 0.052994
v -0.137565 0.172325 0.060387
v -0.142388 0.176287 0.060387
v -0.141386 0.177261 0.060387
v -0.140192 0.177987 0.060387
v -0.138866 0.178429 0.060387
v -0.137475 0.178566 0.060387
v -0.136089 0.178389 0.060387
v -0.134776 0.177909 0.060387
v -0.133604 0.177148 0.060387
v -0.146323 0.196737 0.053279
v -0.145402 0.197857 0.053410
v -0.144480 0.198980 0.053504
v -0.150057 0.202415 0.052934
v -0.150684 0.201652 0.054296
v -0.149621 0.202947 0.054564
v -0.144037 0.199519 0.052976
v -0.143557 0.200104 0.053560
v -0.143135 0.200617 0.053292
v -0.142633 0.201229 0.053575
v -0.149030 0.203666 0.053445
v -0.147997 0.204923 0.053929
v -0.148552 0.204247 0.054782
v -0.147481 0.205552 0.054957
v -0.146959 0.206187 0.054383
v -0.146407 0.206859 0.055089
v -0.145917 0.207456 0.054810
v -0.145331 0.208169 0.055172
v -0.154948 0.206686 0.053052
v -0.165974 0.213712 0.053816
v -0.161274 0.209209 0.054249
v -0.164929 0.214984 0.054231
v -0.159436 0.211447 0.053108
v -0.164271 0.215786 0.052765
v -0.163258 0.217019 0.053345
v -0.153850 0.208023 0.053678
v -0.152746 0.209367 0.054276
v -0.158355 0.212763 0.053739
v -0.170648 0.218247 0.053410
v -0.176267 0.221631 0.052665
v -0.175348 0.222751 0.053047
v -0.169665 0.219444 0.053788
v -0.168110 0.221337 0.052957
v -0.174423 0.223877 0.053394
v -0.168676 0.220648 0.054129
v -0.167681 0.221860 0.054423
v -0.173493 0.225009 0.053706
v -0.172557 0.226148 0.053975
v -0.155683 0.205791 0.054704
v -0.154543 0.207179 0.055100
v -0.160158 0.210569 0.054699
v -0.153395 0.208577 0.055441
v -0.163879 0.216264 0.054607
v -0.159034 0.211936 0.055108
v -0.162821 0.217551 0.054933
v -0.157904 0.213313 0.055463
v -0.162240 0.218259 0.053900
v -0.157267 0.214087 0.054342
v -0.161215 0.219506 0.054426
v -0.167150 0.222506 0.053463
v -0.172071 0.226740 0.053084
v -0.171162 0.227847 0.053523
v -0.166185 0.223681 0.053942
v -0.171617 0.227293 0.054199
v -0.170673 0.228441 0.054388
v -0.165213 0.224863 0.054393
v -0.170248 0.228960 0.053935
v -0.169727 0.229593 0.054538
v -0.169329 0.230078 0.054322
v -0.151635 0.210719 0.054844
v -0.150518 0.212079 0.055381
v -0.161757 0.218846 0.055210
v -0.156174 0.215419 0.054916
v -0.160690 0.220145 0.055444
v -0.152242 0.209981 0.055728
v -0.151084 0.211390 0.055969
v -0.156767 0.214697 0.055765
v -0.155626 0.216086 0.056022
v -0.160185 0.220761 0.054924
v -0.155073 0.216758 0.055459
v -0.159149 0.222022 0.055393
v -0.149395 0.213446 0.055888
v -0.149923 0.212804 0.056163
v -0.148758 0.214221 0.056305
v -0.159619 0.221449 0.055635
v -0.154481 0.217480 0.056232
v -0.153968 0.218104 0.055973
v -0.158545 0.222756 0.055779
v -0.153332 0.218878 0.056392
v -0.166681 0.223077 0.054671
v -0.165677 0.224299 0.054879
v -0.164670 0.225525 0.055047
v -0.164238 0.226051 0.054818
v -0.163661 0.226753 0.055171
v -0.168779 0.230748 0.054646
v -0.180078 0.227217 0.052693
v -0.179210 0.228273 0.053009
v -0.183181 0.233664 0.052868
v -0.178338 0.229335 0.053293
v -0.177018 0.230942 0.052712
v -0.182357 0.234668 0.053081
v -0.177461 0.230403 0.053536
v -0.181529 0.235676 0.053256
v -0.176164 0.231982 0.053111
v -0.181152 0.236135 0.052672
v -0.180698 0.236687 0.053398
v -0.186521 0.239823 0.052793
v -0.185744 0.240769 0.052912
v -0.176579 0.231477 0.053738
v -0.175695 0.232553 0.053906
v -0.180343 0.237119 0.053004
v -0.175305 0.233028 0.053486
v -0.179532 0.238107 0.053315
v -0.179866 0.237700 0.053508
v -0.179032 0.238716 0.053581
v -0.184661 0.242088 0.052817
v -0.184966 0.241717 0.053000
v -0.184186 0.242666 0.053054
v -0.174443 0.234078 0.053836
v -0.174808 0.233633 0.054039
v -0.173919 0.234715 0.054132
v -0.092084 -0.046811 0.048672
v -0.091969 -0.046869 0.048661
v -0.091802 -0.046953 0.048656
v -0.091636 -0.047036 0.048648
v -0.091919 -0.046894 0.048695
v -0.091753 -0.046977 0.048714
v -0.091469 -0.047120 0.048636
v -0.091303 -0.047203 0.048621
v -0.091587 -0.047061 0.048728
v -0.091420 -0.047144 0.048738
v -0.090806 -0.047452 0.048555
v -0.090641 -0.047534 0.048527
v -0.091137 -0.047286 0.048602
v -0.090971 -0.047369 0.048581
v -0.091253 -0.047228 0.048742
v -0.091087 -0.047311 0.048742
v -0.090920 -0.047395 0.048737
v -0.090620 -0.047545 0.048564
v -0.090753 -0.047478 0.048727
v -0.090587 -0.047561 0.048711
v -0.090476 -0.047617 0.048496
v -0.090312 -0.047699 0.048462
v -0.090149 -0.047781 0.048426
v -0.089822 -0.047944 0.048349
v -0.089985 -0.047863 0.048388
v -0.090256 -0.047727 0.048665
v -0.090421 -0.047644 0.048690
v -0.090092 -0.047809 0.048631
v -0.089929 -0.047891 0.048593
v -0.093820 -0.053201 0.048685
v -0.093254 -0.053484 0.048553
v -0.096744 -0.058995 0.048735
v -0.096091 -0.059322 0.048575
v -0.098831 -0.065208 0.048601
v -0.101491 -0.071134 0.048630
v -0.099955 -0.050129 0.049478
v -0.099559 -0.050327 0.049437
v -0.099381 -0.050416 0.049556
v -0.098981 -0.050616 0.049413
v -0.098805 -0.050705 0.049617
v -0.103824 -0.055449 0.049745
v -0.103372 -0.055676 0.049690
v -0.102704 -0.056010 0.049654
v -0.102036 -0.056345 0.049604
v -0.103160 -0.055782 0.049829
v -0.102493 -0.056116 0.049892
v -0.101825 -0.056450 0.049937
v -0.107336 -0.060949 0.050226
v -0.110202 -0.066772 0.050702
v -0.106844 -0.061196 0.050144
v -0.106106 -0.061565 0.050075
v -0.106598 -0.061318 0.050292
v -0.105859 -0.061689 0.050336
v -0.105370 -0.061934 0.049991
v -0.104635 -0.062302 0.049892
v -0.105120 -0.062059 0.050359
v -0.104379 -0.062430 0.050363
v -0.109397 -0.067175 0.050591
v -0.108594 -0.067577 0.050463
v -0.107794 -0.067978 0.050319
v -0.110895 -0.073684 0.050696
v -0.110732 -0.066507 0.050816
v -0.113506 -0.072376 0.051191
v -0.114073 -0.072092 0.051334
v -0.113190 -0.072534 0.051354
v -0.109922 -0.066913 0.050856
v -0.109111 -0.067318 0.050871
v -0.112633 -0.072813 0.051044
v -0.111762 -0.073249 0.050879
v -0.112308 -0.072976 0.051346
v -0.108301 -0.067724 0.050863
v -0.107490 -0.068130 0.050834
v -0.111426 -0.073418 0.051314
v -0.110544 -0.073859 0.051259
v -0.097250 -0.051483 0.049271
v -0.098403 -0.050906 0.049378
v -0.097826 -0.051194 0.049330
v -0.098227 -0.050994 0.049662
v -0.097649 -0.051283 0.049691
v -0.097071 -0.051573 0.049701
v -0.096675 -0.051771 0.049200
v -0.096101 -0.052058 0.049120
v -0.096493 -0.051862 0.049694
v -0.095914 -0.052152 0.049672
v -0.100704 -0.057012 0.049463
v -0.101370 -0.056679 0.049540
v -0.100040 -0.057344 0.049372
v -0.099377 -0.057676 0.049271
v -0.098716 -0.058007 0.049154
v -0.101156 -0.056785 0.049965
v -0.100487 -0.057120 0.049970
v -0.099818 -0.057455 0.049954
v -0.099150 -0.057790 0.049922
v -0.095529 -0.052345 0.049025
v -0.094958 -0.052631 0.048921
v -0.094388 -0.052916 0.048808
v -0.095337 -0.052441 0.049633
v -0.094187 -0.053017 0.049495
v -0.094761 -0.052729 0.049571
v -0.093046 -0.053588 0.049280
v -0.093614 -0.053304 0.049402
v -0.098057 -0.058337 0.049024
v -0.097400 -0.058667 0.048886
v -0.097154 -0.058790 0.049696
v -0.096493 -0.059121 0.049581
v -0.095837 -0.059449 0.049434
v -0.098483 -0.058124 0.049871
v -0.097817 -0.058457 0.049792
v -0.103171 -0.063035 0.049650
v -0.102441 -0.063400 0.049509
v -0.101715 -0.063764 0.049351
v -0.104619 -0.069568 0.049587
v -0.103902 -0.062669 0.049778
v -0.103640 -0.062800 0.050342
v -0.102901 -0.063170 0.050298
v -0.102163 -0.063540 0.050236
v -0.101426 -0.063909 0.050152
v -0.106996 -0.068378 0.050159
v -0.106201 -0.068776 0.049984
v -0.105874 -0.068940 0.050697
v -0.110031 -0.074116 0.050495
v -0.109169 -0.074548 0.050278
v -0.105408 -0.069173 0.049795
v -0.108311 -0.074977 0.050047
v -0.107458 -0.075405 0.049795
v -0.105069 -0.069343 0.050595
v -0.100990 -0.064127 0.049180
v -0.100268 -0.064488 0.048999
v -0.099549 -0.064849 0.048805
v -0.099236 -0.065006 0.049751
v -0.103049 -0.070354 0.049133
v -0.103833 -0.069962 0.049366
v -0.106608 -0.075831 0.049529
v -0.102269 -0.070745 0.048887
v -0.105761 -0.076255 0.049251
v -0.104918 -0.076677 0.048958
v -0.100693 -0.064276 0.050038
v -0.099963 -0.064641 0.049906
v -0.104266 -0.069745 0.050470
v -0.103467 -0.070145 0.050312
v -0.106177 -0.076046 0.050570
v -0.102673 -0.070543 0.050133
v -0.101883 -0.070938 0.049931
v -0.104461 -0.076905 0.050107
v -0.105317 -0.076477 0.050351
v -0.106681 -0.068535 0.050778
v -0.109665 -0.074300 0.051173
v -0.108788 -0.074739 0.051061
v -0.107914 -0.075177 0.050926
v -0.107042 -0.075613 0.050766
v -0.117319 -0.077725 0.051918
v -0.116716 -0.078027 0.051743
v -0.116364 -0.078203 0.051912
v -0.120497 -0.083392 0.052458
v -0.118853 -0.084215 0.052025
v -0.119860 -0.083711 0.052254
v -0.119470 -0.083906 0.052431
v -0.115776 -0.078498 0.051553
v -0.114840 -0.078967 0.051345
v -0.113907 -0.079434 0.051117
v -0.116851 -0.085218 0.051507
v -0.115409 -0.078681 0.051877
v -0.114456 -0.079159 0.051815
v -0.113504 -0.079635 0.051727
v -0.117850 -0.084717 0.051777
v -0.118444 -0.084420 0.052371
v -0.117420 -0.084933 0.052283
v -0.116398 -0.085445 0.052167
v -0.121845 -0.089976 0.052544
v -0.120777 -0.090510 0.052251
v -0.119714 -0.091043 0.051935
v -0.119205 -0.091298 0.052644
v -0.122568 -0.096871 0.052316
v -0.112052 -0.080363 0.050606
v -0.110214 -0.081283 0.050026
v -0.111130 -0.080824 0.050327
v -0.113882 -0.086705 0.050586
v -0.109302 -0.081740 0.049709
v -0.107490 -0.082647 0.049035
v -0.108394 -0.082195 0.049380
v -0.110958 -0.088169 0.049498
v -0.107874 -0.082455 0.050580
v -0.112903 -0.087195 0.050239
v -0.111928 -0.087683 0.049875
v -0.113450 -0.094179 0.049626
v -0.115516 -0.093145 0.050470
v -0.114481 -0.093663 0.050055
v -0.118096 -0.099111 0.050677
v -0.116994 -0.099663 0.050215
v -0.119449 -0.105692 0.050380
v -0.112977 -0.079899 0.050870
v -0.112555 -0.080111 0.051608
v -0.111610 -0.080584 0.051458
v -0.110668 -0.081056 0.051285
v -0.114868 -0.086211 0.050910
v -0.115857 -0.085715 0.051218
v -0.113355 -0.086968 0.051626
v -0.115379 -0.085955 0.052017
v -0.114365 -0.086463 0.051835
v -0.109729 -0.081526 0.051085
v -0.108799 -0.081992 0.050845
v -0.112350 -0.087472 0.051390
v -0.111353 -0.087971 0.051109
v -0.110364 -0.088466 0.050803
v -0.118656 -0.091572 0.051598
v -0.117604 -0.092099 0.051242
v -0.116556 -0.092624 0.050869
v -0.120320 -0.097997 0.051538
v -0.119204 -0.098556 0.051121
v -0.121794 -0.104518 0.051382
v -0.118117 -0.091842 0.052459
v -0.115959 -0.092923 0.051991
v -0.117036 -0.092384 0.052239
v -0.121441 -0.097436 0.051937
v -0.124169 -0.103328 0.052290
v -0.122978 -0.103924 0.051845
v -0.119687 -0.098314 0.052617
v -0.113827 -0.093990 0.051388
v -0.120618 -0.105106 0.050890
v -0.116263 -0.100029 0.051660
v -0.114887 -0.093459 0.051713
v -0.118538 -0.098890 0.052336
v -0.117395 -0.099462 0.052023
v -0.119839 -0.105497 0.052344
v -0.092825 -0.060957 0.047765
v -0.089659 -0.048026 0.048309
v -0.089496 -0.048108 0.048271
v -0.089332 -0.048190 0.048239
v -0.089169 -0.048271 0.048247
v -0.092124 -0.054050 0.048275
v -0.091559 -0.054333 0.048133
v -0.089449 -0.048131 0.048434
v -0.089767 -0.047972 0.048548
v -0.089607 -0.048052 0.048496
v -0.089297 -0.048207 0.048359
v -0.092688 -0.053767 0.048416
v -0.091367 -0.054429 0.048794
v -0.090994 -0.054616 0.047996
v -0.090425 -0.054901 0.047881
v -0.089862 -0.055183 0.047907
v -0.090297 -0.054965 0.048305
v -0.090823 -0.054701 0.048573
v -0.094787 -0.059975 0.048239
v -0.095438 -0.059649 0.048409
v -0.094135 -0.060301 0.048068
v -0.093483 -0.060628 0.047903
v -0.093274 -0.060732 0.048583
v -0.092175 -0.061283 0.047794
v -0.092670 -0.061035 0.048264
v -0.095970 -0.066641 0.047752
v -0.099167 -0.072298 0.047830
v -0.101567 -0.078355 0.047711
v -0.097401 -0.065924 0.048176
v -0.098115 -0.065566 0.048391
v -0.096686 -0.066282 0.047960
v -0.095711 -0.066770 0.048512
v -0.100716 -0.071523 0.048367
v -0.104078 -0.077097 0.048654
v -0.103240 -0.077517 0.048343
v -0.099941 -0.071910 0.048098
v -0.102404 -0.077936 0.048027
v -0.098808 -0.072478 0.048790
v -0.095247 -0.067003 0.047576
v -0.094528 -0.067363 0.047588
v -0.097605 -0.073080 0.047347
v -0.098390 -0.072687 0.047570
v -0.100728 -0.078775 0.047406
v -0.096818 -0.073474 0.047334
v -0.099878 -0.079201 0.047141
v -0.099022 -0.079629 0.047111
v -0.099601 -0.079339 0.047813
v -0.095055 -0.067099 0.048132
v -0.097369 -0.073198 0.047958
v -0.098073 -0.072846 0.048408
v -0.101143 -0.078567 0.048767
v -0.100354 -0.078962 0.048327
v -0.107334 -0.097242 0.046859
v -0.106590 -0.083098 0.048678
v -0.105692 -0.083548 0.048314
v -0.104795 -0.083996 0.047946
v -0.109032 -0.089133 0.048698
v -0.108073 -0.089613 0.048286
v -0.102998 -0.084896 0.047223
v -0.103899 -0.084445 0.047578
v -0.102085 -0.085354 0.046912
v -0.101762 -0.085516 0.047643
v -0.106159 -0.090572 0.047451
v -0.105196 -0.091054 0.047049
v -0.103403 -0.084694 0.048730
v -0.102561 -0.085116 0.048226
v -0.107116 -0.090093 0.047868
v -0.104696 -0.091304 0.048139
v -0.105591 -0.090856 0.048703
v -0.110388 -0.095713 0.048253
v -0.111406 -0.095203 0.048719
v -0.113721 -0.101302 0.048735
v -0.115978 -0.107430 0.048751
v -0.109372 -0.096221 0.047782
v -0.108356 -0.096730 0.047312
v -0.110475 -0.102928 0.047183
v -0.111557 -0.102386 0.047701
v -0.113682 -0.108580 0.047615
v -0.107710 -0.097053 0.048664
v -0.112638 -0.101844 0.048220
v -0.114829 -0.108005 0.048185
v -0.101161 -0.085817 0.046860
v -0.104219 -0.091543 0.046696
v -0.103226 -0.092041 0.046627
v -0.106294 -0.097763 0.046460
v -0.105233 -0.098294 0.046371
v -0.109385 -0.103473 0.046685
v -0.108277 -0.104028 0.046245
v -0.110199 -0.110324 0.046021
v -0.111378 -0.109734 0.046502
v -0.107143 -0.104596 0.046144
v -0.108991 -0.110929 0.045907
v -0.103850 -0.091728 0.047489
v -0.105876 -0.097972 0.047314
v -0.112534 -0.109155 0.047048
v -0.107810 -0.104262 0.047170
v -0.106766 -0.097527 0.048035
v -0.108751 -0.103791 0.047958
v -0.109753 -0.103289 0.048648
v -0.111732 -0.109556 0.048628
v -0.110673 -0.110087 0.047875
v -0.109682 -0.110583 0.047016
v -0.092481 -0.053871 0.049141
v -0.091921 -0.054152 0.048981
v -0.095185 -0.059776 0.049265
v -0.094539 -0.060099 0.049071
v -0.093901 -0.060419 0.048847
v -0.097093 -0.066079 0.049106
v -0.097800 -0.065724 0.049348
v -0.098515 -0.065366 0.049561
v -0.096395 -0.066428 0.048831
v -0.101101 -0.071330 0.049689
v -0.100327 -0.071717 0.049422
v -0.099561 -0.072101 0.049125
v -0.101955 -0.078160 0.049156
v -0.102781 -0.077747 0.049504
v -0.103617 -0.077328 0.049819
v -0.105153 -0.083817 0.049582
v -0.109993 -0.088652 0.049104
v -0.107457 -0.089922 0.049664
v -0.106049 -0.083369 0.049951
v -0.106955 -0.082915 0.050289
v -0.109381 -0.088959 0.050468
v -0.108413 -0.089443 0.050082
v -0.104269 -0.084260 0.049178
v -0.106514 -0.090394 0.049207
v -0.112426 -0.094692 0.049179
v -0.114806 -0.100758 0.049244
v -0.115897 -0.100212 0.049738
v -0.117129 -0.106854 0.049309
v -0.111729 -0.095041 0.050652
v -0.110701 -0.095556 0.050214
v -0.118286 -0.106274 0.049854
v -0.109686 -0.096064 0.049742
v -0.108687 -0.096564 0.049228
v -0.110791 -0.102769 0.049268
v -0.111853 -0.102237 0.049834
v -0.112933 -0.101696 0.050356
v -0.115101 -0.107869 0.050501
v -0.113956 -0.108443 0.049927
v -0.112774 -0.094518 0.051036
v -0.115141 -0.100591 0.051267
v -0.117444 -0.106696 0.051504
v -0.114027 -0.101149 0.050841
v -0.116262 -0.107288 0.051034
v -0.118637 -0.106098 0.051940
v -0.112830 -0.109006 0.049307
v -0.121879 -0.111733 0.050534
v -0.126901 -0.109218 0.052620
v -0.125634 -0.109853 0.052134
v -0.128251 -0.115801 0.052427
v -0.124373 -0.110484 0.051627
v -0.123123 -0.111111 0.051091
v -0.125585 -0.117136 0.051293
v -0.126913 -0.116471 0.051876
v -0.128018 -0.123176 0.051526
v -0.129426 -0.122471 0.052162
v -0.131983 -0.128449 0.052453
v -0.134122 -0.134636 0.052402
v -0.136953 -0.140477 0.052398
v -0.141447 -0.145484 0.052637
v -0.140187 -0.146116 0.052273
v -0.143688 -0.151621 0.051938
v -0.143124 -0.151903 0.051738
v -0.142652 -0.152140 0.051978
v -0.118185 -0.113583 0.048762
v -0.116963 -0.114195 0.048148
v -0.120345 -0.119760 0.048772
v -0.119048 -0.120409 0.048108
v -0.122463 -0.125957 0.048783
v -0.113290 -0.116035 0.046325
v -0.116455 -0.121708 0.046779
v -0.112033 -0.116664 0.045806
v -0.110745 -0.117309 0.045686
v -0.113811 -0.123032 0.045586
v -0.115147 -0.122363 0.046144
v -0.113189 -0.123344 0.046746
v -0.118338 -0.128023 0.046623
v -0.116950 -0.128718 0.045936
v -0.120149 -0.134375 0.046461
v -0.122088 -0.140662 0.046449
v -0.114521 -0.115418 0.046916
v -0.115743 -0.114806 0.047530
v -0.117753 -0.121058 0.047441
v -0.113637 -0.115861 0.048627
v -0.112514 -0.116423 0.047812
v -0.111464 -0.116949 0.046882
v -0.114297 -0.122789 0.047748
v -0.115486 -0.122193 0.048628
v -0.119715 -0.127334 0.047340
v -0.121088 -0.126646 0.048063
v -0.124553 -0.132169 0.048793
v -0.123085 -0.132904 0.048014
v -0.126568 -0.138419 0.048764
v -0.125075 -0.139166 0.047991
v -0.121619 -0.133639 0.047234
v -0.116016 -0.129186 0.047664
v -0.123583 -0.139913 0.047216
v -0.117273 -0.128557 0.048616
v -0.118980 -0.134960 0.048623
v -0.144503 -0.163345 0.048372
v -0.146327 -0.165114 0.048372
v -0.139919 -0.161225 0.048372
v -0.142330 -0.162027 0.048372
v -0.128476 -0.144721 0.048685
v -0.125690 -0.146117 0.047340
v -0.127884 -0.152277 0.047536
v -0.127083 -0.145419 0.048013
v -0.129098 -0.151669 0.048063
v -0.130312 -0.151061 0.048589
v -0.137390 -0.160979 0.048372
v -0.132099 -0.157424 0.048500
v -0.134870 -0.161303 0.048372
v -0.134158 -0.161616 0.048762
v -0.131116 -0.157916 0.048127
v -0.133330 -0.161881 0.048467
v -0.133864 -0.161710 0.048657
v -0.133067 -0.161965 0.048372
v -0.133179 -0.162340 0.048372
v -0.133646 -0.163908 0.048372
v -0.119410 -0.112970 0.049369
v -0.120641 -0.112353 0.049961
v -0.124265 -0.117797 0.050690
v -0.122951 -0.118455 0.050069
v -0.121645 -0.119109 0.049428
v -0.116001 -0.114677 0.050036
v -0.117219 -0.114067 0.050658
v -0.125226 -0.124574 0.050193
v -0.123841 -0.125267 0.049496
v -0.126024 -0.131433 0.049563
v -0.128064 -0.137670 0.049530
v -0.127501 -0.130693 0.050318
v -0.129566 -0.136917 0.050281
v -0.120984 -0.112182 0.052224
v -0.119714 -0.112818 0.051750
v -0.123283 -0.118288 0.052516
v -0.121934 -0.118964 0.052001
v -0.118454 -0.113448 0.051238
v -0.120596 -0.119634 0.051448
v -0.119285 -0.120291 0.050821
v -0.126619 -0.123877 0.050869
v -0.128987 -0.129949 0.051050
v -0.131077 -0.136161 0.051008
v -0.130481 -0.129201 0.051763
v -0.132595 -0.135401 0.051717
v -0.122687 -0.125845 0.051674
v -0.124107 -0.125135 0.052277
v -0.126272 -0.131308 0.052581
v -0.124756 -0.132068 0.051929
v -0.128318 -0.137542 0.052627
v -0.114804 -0.115276 0.049363
v -0.116723 -0.121574 0.049421
v -0.117992 -0.120938 0.050148
v -0.119926 -0.127228 0.050263
v -0.121810 -0.133543 0.050404
v -0.118582 -0.127901 0.049475
v -0.120376 -0.134261 0.049552
v -0.122321 -0.140545 0.049618
v -0.123780 -0.139815 0.050467
v -0.121296 -0.126542 0.050993
v -0.123272 -0.132811 0.051193
v -0.125267 -0.139070 0.051252
v -0.126777 -0.138314 0.051983
v -0.132682 -0.142615 0.050633
v -0.131274 -0.143321 0.050003
v -0.135203 -0.148611 0.050587
v -0.133973 -0.149227 0.050111
v -0.138053 -0.154442 0.050522
v -0.141145 -0.160152 0.050658
v -0.137050 -0.154945 0.050226
v -0.140404 -0.160524 0.050495
v -0.139665 -0.160893 0.050318
v -0.134097 -0.141907 0.051247
v -0.136439 -0.147992 0.051045
v -0.137683 -0.147370 0.051475
v -0.135520 -0.141194 0.051839
v -0.138932 -0.146744 0.051885
v -0.135633 -0.148396 0.052632
v -0.134356 -0.149035 0.052344
v -0.142103 -0.152415 0.051533
v -0.141085 -0.152924 0.051309
v -0.140071 -0.153432 0.051066
v -0.142294 -0.159577 0.050954
v -0.141614 -0.152659 0.051984
v -0.140577 -0.153179 0.051960
v -0.139541 -0.153697 0.051907
v -0.139060 -0.153938 0.050803
v -0.141889 -0.159780 0.050808
v -0.141539 -0.159955 0.050986
v -0.140784 -0.160333 0.050993
v -0.140029 -0.160711 0.050978
v -0.139274 -0.161089 0.050941
v -0.137475 -0.154732 0.051694
v -0.136447 -0.155247 0.051542
v -0.138506 -0.154215 0.051819
v -0.129872 -0.144022 0.049351
v -0.132747 -0.149841 0.049620
v -0.131527 -0.150452 0.049111
v -0.125923 -0.146000 0.050372
v -0.129365 -0.151535 0.050699
v -0.128155 -0.152141 0.050163
v -0.135059 -0.155942 0.049574
v -0.134069 -0.156438 0.049229
v -0.137393 -0.161154 0.049763
v -0.137287 -0.161164 0.049733
v -0.136627 -0.161225 0.049546
v -0.136447 -0.161241 0.049493
v -0.135816 -0.161299 0.049305
v -0.136053 -0.155444 0.049908
v -0.138930 -0.161262 0.050127
v -0.138792 -0.161331 0.050088
v -0.138189 -0.161256 0.049954
v -0.138131 -0.161248 0.049940
v -0.137880 -0.161216 0.049880
v -0.137417 -0.161157 0.049769
v -0.136130 -0.161433 0.050690
v -0.136302 -0.161414 0.050712
v -0.133082 -0.156932 0.048869
v -0.134889 -0.161381 0.049016
v -0.135582 -0.161320 0.049232
v -0.135122 -0.161361 0.049090
v -0.134980 -0.161373 0.049045
v -0.134705 -0.161441 0.048952
v -0.132388 -0.157279 0.050589
v -0.134933 -0.161560 0.050478
v -0.135511 -0.161500 0.050586
v -0.135657 -0.161484 0.050611
v -0.135291 -0.161523 0.050548
v -0.134703 -0.161638 0.050426
v -0.134452 -0.161722 0.050368
v -0.131398 -0.157775 0.050245
v -0.133891 -0.161909 0.050223
v -0.133621 -0.161999 0.050152
v -0.133063 -0.162180 0.049975
v -0.133078 -0.162175 0.049980
v -0.132789 -0.162269 0.049888
v -0.128720 -0.144600 0.051688
v -0.130590 -0.150921 0.051191
v -0.131837 -0.150297 0.051611
v -0.130155 -0.143881 0.052239
v -0.133092 -0.149668 0.051995
v -0.127311 -0.145305 0.051056
v -0.138521 -0.161405 0.050887
v -0.138529 -0.161406 0.050887
v -0.138624 -0.161415 0.050888
v -0.138203 -0.161373 0.050875
v -0.137819 -0.161333 0.050860
v -0.137748 -0.161326 0.050857
v -0.135422 -0.155760 0.051363
v -0.134405 -0.156269 0.051133
v -0.137395 -0.161289 0.050833
v -0.137075 -0.161326 0.050803
v -0.136949 -0.161341 0.050790
v -0.133394 -0.156776 0.050876
v -0.123586 -0.089104 0.053054
v -0.122917 -0.089439 0.052817
v -0.122487 -0.089654 0.053000
v -0.126687 -0.094809 0.053581
v -0.124840 -0.095734 0.053004
v -0.125983 -0.095161 0.053315
v -0.125512 -0.095397 0.053508
v -0.127778 -0.101521 0.053486
v -0.129731 -0.100543 0.054132
v -0.128994 -0.100912 0.053836
v -0.128479 -0.101170 0.054039
v -0.121391 -0.090203 0.052912
v -0.120296 -0.090751 0.052793
v -0.123701 -0.096304 0.052672
v -0.126569 -0.102127 0.053111
v -0.124340 -0.095984 0.053398
v -0.122003 -0.097154 0.053081
v -0.125365 -0.102729 0.052712
v -0.123170 -0.096570 0.053256
v -0.124742 -0.103041 0.053536
v -0.127230 -0.101796 0.053906
v -0.125984 -0.102419 0.053738
v -0.120842 -0.097736 0.052868
v -0.123506 -0.103660 0.053293
v -0.122277 -0.104276 0.053009
v -0.121054 -0.104888 0.052693
v -0.132038 -0.106646 0.054322
v -0.130744 -0.107294 0.053935
v -0.131477 -0.106927 0.054538
v -0.133677 -0.113084 0.054393
v -0.129456 -0.107939 0.053523
v -0.128175 -0.108581 0.053084
v -0.130949 -0.114450 0.053463
v -0.130144 -0.107594 0.054388
v -0.128815 -0.108260 0.054199
v -0.132309 -0.113769 0.053942
v -0.135151 -0.119604 0.054426
v -0.133707 -0.120327 0.053900
v -0.136553 -0.126160 0.054342
v -0.132814 -0.106258 0.054646
v -0.135052 -0.112395 0.054818
v -0.135864 -0.111989 0.055171
v -0.134442 -0.112701 0.055047
v -0.133024 -0.113411 0.054879
v -0.131610 -0.114119 0.054671
v -0.138061 -0.118147 0.055393
v -0.136602 -0.118877 0.054924
v -0.139644 -0.124613 0.055459
v -0.138912 -0.117721 0.055779
v -0.141201 -0.123833 0.055973
v -0.142097 -0.123384 0.056392
v -0.137399 -0.118478 0.055635
v -0.140479 -0.124194 0.056232
v -0.144381 -0.129499 0.056305
v -0.143483 -0.129948 0.055888
v -0.142741 -0.130320 0.056163
v -0.138094 -0.125389 0.054916
v -0.135890 -0.119234 0.055444
v -0.134387 -0.119987 0.055210
v -0.141902 -0.130740 0.055381
v -0.140328 -0.131528 0.054844
v -0.138866 -0.125002 0.056022
v -0.137258 -0.125807 0.055765
v -0.141105 -0.131139 0.055969
v -0.139474 -0.131956 0.055728
v -0.124863 -0.110239 0.053394
v -0.129596 -0.115127 0.052957
v -0.127491 -0.108923 0.053975
v -0.126173 -0.109583 0.053706
v -0.130201 -0.114824 0.054423
v -0.128799 -0.115526 0.054129
v -0.123560 -0.110892 0.053047
v -0.122264 -0.111540 0.052665
v -0.126021 -0.116918 0.053410
v -0.127406 -0.116224 0.053788
v -0.132272 -0.121045 0.053345
v -0.130846 -0.121760 0.052765
v -0.133498 -0.127690 0.053108
v -0.135021 -0.126927 0.053739
v -0.138764 -0.132312 0.054276
v -0.137208 -0.133091 0.053678
v -0.135661 -0.133865 0.053052
v -0.129918 -0.122224 0.054231
v -0.128446 -0.122961 0.053816
v -0.130908 -0.128987 0.054249
v -0.132889 -0.120737 0.054933
v -0.135657 -0.126609 0.055463
v -0.131399 -0.121483 0.054607
v -0.134064 -0.127407 0.055108
v -0.137849 -0.132770 0.055441
v -0.132481 -0.128199 0.054699
v -0.136232 -0.133579 0.055100
v -0.134626 -0.134384 0.054704
v -0.142756 -0.137571 0.054383
v -0.145050 -0.136422 0.055172
v -0.144225 -0.136835 0.054810
v -0.143535 -0.137181 0.055089
v -0.139839 -0.139031 0.053445
v -0.144693 -0.143859 0.053575
v -0.143985 -0.144214 0.053292
v -0.142714 -0.144850 0.052976
v -0.143391 -0.144511 0.053560
v -0.141294 -0.138303 0.053929
v -0.138392 -0.139756 0.052934
v -0.142090 -0.145163 0.053504
v -0.140791 -0.145813 0.053410
v -0.139494 -0.146463 0.053279
v -0.139007 -0.139448 0.054564
v -0.137509 -0.140198 0.054296
v -0.142022 -0.137938 0.054957
v -0.140512 -0.138694 0.054782
v -0.124644 -0.117607 0.052994
v -0.126984 -0.123694 0.053361
v -0.125539 -0.124417 0.052838
v -0.127802 -0.130542 0.053189
v -0.129345 -0.129769 0.053755
v -0.133029 -0.135183 0.054265
v -0.131441 -0.135978 0.053783
v -0.129873 -0.136764 0.053226
v -0.134536 -0.141687 0.053617
v -0.138201 -0.147110 0.053105
v -0.136914 -0.147754 0.052886
v -0.136019 -0.140945 0.053976
v -0.133061 -0.142426 0.053217
v -0.131602 -0.143156 0.052748
v -0.145626 -0.165691 0.055581
v -0.143948 -0.164064 0.055581
v -0.141949 -0.162851 0.055581
v -0.139731 -0.162113 0.055581
v -0.137404 -0.161887 0.055581
v -0.135085 -0.162184 0.055581
v -0.142384 -0.168359 0.060387
v -0.141381 -0.167386 0.060387
v -0.140186 -0.166661 0.060387
v -0.138860 -0.166220 0.060387
v -0.137469 -0.166085 0.060387
v -0.136083 -0.166263 0.060387
v -0.112440 -0.123718 0.045461
v -0.115531 -0.129429 0.045333
v -0.118666 -0.135117 0.045720
v -0.114073 -0.130159 0.045199
v -0.117150 -0.135877 0.045073
v -0.120578 -0.141418 0.045717
v -0.119035 -0.142191 0.045083
v -0.114848 -0.129771 0.046582
v -0.116401 -0.136252 0.046426
v -0.115590 -0.136658 0.044936
v -0.117454 -0.142983 0.044975
v -0.118276 -0.142571 0.046483
v -0.117642 -0.135630 0.047595
v -0.119538 -0.141939 0.047659
v -0.120901 -0.141257 0.048690
v -0.124293 -0.146816 0.046675
v -0.122884 -0.147522 0.046045
v -0.125440 -0.153500 0.046530
v -0.121446 -0.148242 0.045508
v -0.119986 -0.148973 0.045465
v -0.120766 -0.148582 0.046839
v -0.124190 -0.154126 0.046127
v -0.122938 -0.154753 0.046154
v -0.127149 -0.159903 0.046780
v -0.126154 -0.160401 0.046858
v -0.126667 -0.152886 0.047018
v -0.121953 -0.147988 0.047894
v -0.123638 -0.154403 0.047310
v -0.124683 -0.153879 0.048175
v -0.130134 -0.158408 0.047754
v -0.129149 -0.158901 0.047389
v -0.128157 -0.159398 0.047050
v -0.131711 -0.164877 0.047649
v -0.130988 -0.165239 0.047404
v -0.133145 -0.164159 0.048183
v -0.132429 -0.164517 0.047913
v -0.129823 -0.164111 0.048372
v -0.129866 -0.164074 0.048410
v -0.130061 -0.163898 0.048546
v -0.130525 -0.165470 0.048372
v -0.130386 -0.163603 0.048775
v -0.130253 -0.165607 0.047211
v -0.129530 -0.165969 0.047276
v -0.126740 -0.160108 0.047756
v -0.129952 -0.165758 0.047933
v -0.127596 -0.159679 0.048409
v -0.128585 -0.165388 0.048372
v -0.127267 -0.167560 0.048372
v -0.126465 -0.169972 0.048372
v -0.126219 -0.172501 0.048372
v -0.126543 -0.175021 0.048372
v -0.124559 -0.146683 0.049628
v -0.123230 -0.147348 0.048810
v -0.126965 -0.152737 0.049573
v -0.125803 -0.153318 0.048917
v -0.131246 -0.163113 0.049236
v -0.129454 -0.158749 0.049438
v -0.132276 -0.162511 0.049691
v -0.132003 -0.162672 0.049580
v -0.131507 -0.162961 0.049355
v -0.128509 -0.159222 0.048959
v -0.130508 -0.163535 0.048850
v -0.130756 -0.163393 0.048980
v -0.130418 -0.158266 0.049863
v -0.132565 -0.162341 0.049808
v -0.132891 -0.162991 0.055581
v -0.130931 -0.164265 0.055581
v -0.129304 -0.165943 0.055581
v -0.128091 -0.167942 0.055581
v -0.127353 -0.170160 0.055581
v -0.127127 -0.172487 0.055581
v -0.127425 -0.174805 0.055581
v -0.134771 -0.166745 0.060387
v -0.133599 -0.167506 0.060387
v -0.132626 -0.168510 0.060387
v -0.131901 -0.169705 0.060387
v -0.131460 -0.171031 0.060387
v -0.131325 -0.172422 0.060387
v -0.131503 -0.173808 0.060387
v -0.147712 -0.167244 0.048372
v -0.148588 -0.169629 0.048372
v -0.148912 -0.172150 0.048372
v -0.148666 -0.174679 0.048372
v -0.147864 -0.177090 0.048372
v -0.148976 -0.184250 0.046858
v -0.147982 -0.184748 0.046780
v -0.155145 -0.195677 0.045465
v -0.153685 -0.196408 0.045508
v -0.152192 -0.189898 0.046154
v -0.150941 -0.190524 0.046127
v -0.154365 -0.196068 0.046839
v -0.149691 -0.191150 0.046530
v -0.152247 -0.197129 0.046045
v -0.150838 -0.197834 0.046675
v -0.145601 -0.178682 0.047276
v -0.144877 -0.179044 0.047211
v -0.148391 -0.184543 0.047756
v -0.146546 -0.179262 0.048372
v -0.145179 -0.178893 0.047933
v -0.147535 -0.184971 0.048409
v -0.146974 -0.185253 0.047050
v -0.144143 -0.179412 0.047404
v -0.143420 -0.179774 0.047649
v -0.145982 -0.185749 0.047389
v -0.144997 -0.186242 0.047754
v -0.144606 -0.179180 0.048372
v -0.145307 -0.180539 0.048372
v -0.145265 -0.180576 0.048410
v -0.145070 -0.180753 0.048546
v -0.144745 -0.181047 0.048775
v -0.142702 -0.180133 0.047913
v -0.141986 -0.180492 0.048183
v -0.151493 -0.190248 0.047310
v -0.150448 -0.190771 0.048175
v -0.148464 -0.191765 0.047018
v -0.153178 -0.196662 0.047894
v -0.157677 -0.201668 0.044975
v -0.159541 -0.207993 0.044936
v -0.156855 -0.202079 0.046483
v -0.156096 -0.202459 0.045083
v -0.154553 -0.203232 0.045717
v -0.157981 -0.208774 0.045073
v -0.161058 -0.214491 0.045199
v -0.159599 -0.215222 0.045333
v -0.156464 -0.209533 0.045720
v -0.158730 -0.208399 0.046426
v -0.160283 -0.214879 0.046582
v -0.162691 -0.220932 0.045461
v -0.155593 -0.202712 0.047659
v -0.157489 -0.209020 0.047595
v -0.154230 -0.203394 0.048690
v -0.144623 -0.181115 0.048850
v -0.144374 -0.181257 0.048980
v -0.146622 -0.185429 0.048959
v -0.143884 -0.181538 0.049236
v -0.143623 -0.181690 0.049355
v -0.143128 -0.181978 0.049580
v -0.142855 -0.182139 0.049691
v -0.145677 -0.185902 0.049438
v -0.144712 -0.186385 0.049863
v -0.149328 -0.191332 0.048917
v -0.148166 -0.191914 0.049573
v -0.151901 -0.197302 0.048810
v -0.150572 -0.197968 0.049628
v -0.146900 -0.167651 0.055581
v -0.147706 -0.169845 0.055581
v -0.148004 -0.172164 0.055581
v -0.147778 -0.174491 0.055581
v -0.147040 -0.176709 0.055581
v -0.145827 -0.178707 0.055581
v -0.144200 -0.180386 0.055581
v -0.143146 -0.169531 0.060387
v -0.143628 -0.170843 0.060387
v -0.143806 -0.172229 0.060387
v -0.143671 -0.173620 0.060387
v -0.143230 -0.174946 0.060387
v -0.142505 -0.176141 0.060387
v -0.141532 -0.177144 0.060387
v -0.137565 -0.172325 0.048372
v -0.144014 -0.186734 0.048127
v -0.141485 -0.180743 0.048372
v -0.141952 -0.182311 0.048372
v -0.142064 -0.182686 0.048372
v -0.141801 -0.182770 0.048467
v -0.141267 -0.182940 0.048657
v -0.140973 -0.183034 0.048762
v -0.140261 -0.183348 0.048372
v -0.143032 -0.187226 0.048500
v -0.137741 -0.183671 0.048372
v -0.147247 -0.192374 0.047536
v -0.149441 -0.198534 0.047340
v -0.146033 -0.192982 0.048063
v -0.144819 -0.193590 0.048589
v -0.148048 -0.199231 0.048013
v -0.146655 -0.199929 0.048685
v -0.132801 -0.182624 0.048372
v -0.135212 -0.183426 0.048372
v -0.127419 -0.177406 0.048372
v -0.128804 -0.179537 0.048372
v -0.130628 -0.181305 0.048372
v -0.153043 -0.203988 0.046449
v -0.158181 -0.215932 0.045936
v -0.154982 -0.210276 0.046461
v -0.156793 -0.216627 0.046623
v -0.161320 -0.221619 0.045586
v -0.164386 -0.227341 0.045686
v -0.163097 -0.227987 0.045806
v -0.161942 -0.221307 0.046746
v -0.159984 -0.222288 0.046144
v -0.158676 -0.222943 0.046779
v -0.161841 -0.228616 0.046325
v -0.151548 -0.204737 0.047216
v -0.159115 -0.215464 0.047664
v -0.153512 -0.211012 0.047234
v -0.156151 -0.209690 0.048623
v -0.157858 -0.216094 0.048616
v -0.155416 -0.217317 0.047340
v -0.150056 -0.205484 0.047991
v -0.148563 -0.206232 0.048764
v -0.152045 -0.211746 0.048014
v -0.154043 -0.218004 0.048063
v -0.150578 -0.212481 0.048793
v -0.160834 -0.221862 0.047748
v -0.163666 -0.227702 0.046882
v -0.162617 -0.228227 0.047812
v -0.159645 -0.222457 0.048628
v -0.157378 -0.223592 0.047441
v -0.160610 -0.229232 0.046916
v -0.159388 -0.229844 0.047530
v -0.161494 -0.228790 0.048627
v -0.152668 -0.218693 0.048783
v -0.156083 -0.224241 0.048108
v -0.154786 -0.224891 0.048772
v -0.158168 -0.230456 0.048148
v -0.156946 -0.231067 0.048762
v -0.140426 -0.183210 0.048952
v -0.140242 -0.183269 0.049016
v -0.140151 -0.183277 0.049045
v -0.140009 -0.183290 0.049090
v -0.139549 -0.183331 0.049232
v -0.142048 -0.187719 0.048869
v -0.142565 -0.182310 0.049808
v -0.142342 -0.182381 0.049888
v -0.142068 -0.182470 0.049975
v -0.142053 -0.182475 0.049980
v -0.141510 -0.182652 0.050152
v -0.141240 -0.182742 0.050223
v -0.143733 -0.186875 0.050245
v -0.140679 -0.182929 0.050368
v -0.140428 -0.183013 0.050426
v -0.140198 -0.183090 0.050478
v -0.139840 -0.183127 0.050548
v -0.139620 -0.183151 0.050586
v -0.139474 -0.183167 0.050611
v -0.142743 -0.187371 0.050589
v -0.141062 -0.188213 0.049229
v -0.139315 -0.183352 0.049305
v -0.138684 -0.183409 0.049493
v -0.138504 -0.183425 0.049546
v -0.137844 -0.183487 0.049733
v -0.137738 -0.183496 0.049763
v -0.140072 -0.188709 0.049574
v -0.137714 -0.183493 0.049769
v -0.138829 -0.183237 0.050712
v -0.139001 -0.183217 0.050690
v -0.137251 -0.183434 0.049880
v -0.137000 -0.183402 0.049940
v -0.136942 -0.183395 0.049954
v -0.136339 -0.183320 0.050088
v -0.136201 -0.183389 0.050127
v -0.139078 -0.189206 0.049908
v -0.146976 -0.192510 0.050163
v -0.145766 -0.193116 0.050699
v -0.149208 -0.198650 0.050372
v -0.143604 -0.194198 0.049111
v -0.142384 -0.194809 0.049620
v -0.145259 -0.200628 0.049351
v -0.141737 -0.187875 0.050876
v -0.138182 -0.183310 0.050790
v -0.138056 -0.183324 0.050803
v -0.137736 -0.183362 0.050833
v -0.140726 -0.188381 0.051133
v -0.137383 -0.183324 0.050857
v -0.137312 -0.183317 0.050860
v -0.136928 -0.183278 0.050875
v -0.136507 -0.183235 0.050888
v -0.136602 -0.183245 0.050887
v -0.136610 -0.183245 0.050887
v -0.139709 -0.188890 0.051363
v -0.147820 -0.199346 0.051056
v -0.144541 -0.193729 0.051191
v -0.143294 -0.194354 0.051611
v -0.146411 -0.200051 0.051688
v -0.142038 -0.194982 0.051995
v -0.144976 -0.200770 0.052239
v -0.138081 -0.189706 0.050226
v -0.135466 -0.183757 0.050318
v -0.134727 -0.184127 0.050495
v -0.133986 -0.184498 0.050658
v -0.137077 -0.190208 0.050522
v -0.141158 -0.195423 0.050111
v -0.139928 -0.196039 0.050587
v -0.143857 -0.201330 0.050003
v -0.142448 -0.202035 0.050633
v -0.135857 -0.183561 0.050941
v -0.135102 -0.183939 0.050978
v -0.138684 -0.189404 0.051542
v -0.137656 -0.189919 0.051694
v -0.134347 -0.184317 0.050993
v -0.133242 -0.184870 0.050808
v -0.133592 -0.184695 0.050986
v -0.136071 -0.190712 0.050803
v -0.136624 -0.190435 0.051819
v -0.132837 -0.185073 0.050954
v -0.135060 -0.191218 0.051066
v -0.134046 -0.191726 0.051309
v -0.133028 -0.192236 0.051533
v -0.135590 -0.190953 0.051907
v -0.134554 -0.191472 0.051960
v -0.133517 -0.191991 0.051984
v -0.140774 -0.195615 0.052344
v -0.139498 -0.196254 0.052632
v -0.138692 -0.196658 0.051045
v -0.137448 -0.197281 0.051475
v -0.141034 -0.202744 0.051247
v -0.136199 -0.197907 0.051885
v -0.139611 -0.203456 0.051839
v -0.152810 -0.204105 0.049618
v -0.154755 -0.210389 0.049552
v -0.156549 -0.216749 0.049475
v -0.151351 -0.204836 0.050467
v -0.153321 -0.211107 0.050404
v -0.155205 -0.217423 0.050263
v -0.158408 -0.223077 0.049421
v -0.160327 -0.229374 0.049363
v -0.157139 -0.223712 0.050148
v -0.149864 -0.205580 0.051252
v -0.151859 -0.211840 0.051193
v -0.153835 -0.218109 0.050993
v -0.148354 -0.206336 0.051983
v -0.147067 -0.206981 0.049530
v -0.149107 -0.213218 0.049563
v -0.151289 -0.219383 0.049496
v -0.145565 -0.207733 0.050281
v -0.147630 -0.213957 0.050318
v -0.149905 -0.220076 0.050193
v -0.153486 -0.225542 0.049428
v -0.159130 -0.229974 0.050036
v -0.157912 -0.230584 0.050658
v -0.155721 -0.231681 0.049369
v -0.152180 -0.226196 0.050069
v -0.150866 -0.226854 0.050690
v -0.154490 -0.232297 0.049961
v -0.152444 -0.218805 0.051674
v -0.146813 -0.207108 0.052627
v -0.150375 -0.212583 0.051929
v -0.148859 -0.213342 0.052581
v -0.151024 -0.219516 0.052277
v -0.144054 -0.208490 0.051008
v -0.146143 -0.214702 0.051050
v -0.148512 -0.220774 0.050869
v -0.142536 -0.209250 0.051717
v -0.144650 -0.215450 0.051763
v -0.155846 -0.224360 0.050821
v -0.154535 -0.225016 0.051448
v -0.156677 -0.231202 0.051238
v -0.153197 -0.225686 0.052001
v -0.151848 -0.226362 0.052516
v -0.155417 -0.231833 0.051750
v -0.154147 -0.232469 0.052224
v -0.132479 -0.192511 0.051978
v -0.132007 -0.192747 0.051738
v -0.131442 -0.193030 0.051938
v -0.134944 -0.198535 0.052273
v -0.133683 -0.199166 0.052637
v -0.138178 -0.204174 0.052398
v -0.153252 -0.232917 0.050534
v -0.147113 -0.221475 0.051526
v -0.141009 -0.210014 0.052402
v -0.145705 -0.222180 0.052162
v -0.143148 -0.216202 0.052453
v -0.149546 -0.227515 0.051293
v -0.152008 -0.233540 0.051091
v -0.150758 -0.234166 0.051627
v -0.148218 -0.228179 0.051876
v -0.146880 -0.228850 0.052427
v -0.149497 -0.234798 0.052134
v -0.148230 -0.235432 0.052620
v -0.166140 -0.233722 0.045907
v -0.167988 -0.240054 0.046144
v -0.164931 -0.234327 0.046021
v -0.166854 -0.240622 0.046245
v -0.163753 -0.234917 0.046502
v -0.165745 -0.241178 0.046685
v -0.169898 -0.246357 0.046371
v -0.168837 -0.246888 0.046460
v -0.171905 -0.252610 0.046627
v -0.170912 -0.253107 0.046696
v -0.173970 -0.258834 0.046860
v -0.165449 -0.234068 0.047016
v -0.167321 -0.240389 0.047170
v -0.162597 -0.235496 0.047048
v -0.169255 -0.246678 0.047314
v -0.164458 -0.234564 0.047875
v -0.166380 -0.240860 0.047958
v -0.163399 -0.235094 0.048628
v -0.165378 -0.241362 0.048648
v -0.168365 -0.247124 0.048035
v -0.171281 -0.252923 0.047489
v -0.167797 -0.247408 0.046859
v -0.164656 -0.241723 0.047183
v -0.161449 -0.236071 0.047615
v -0.163574 -0.242265 0.047701
v -0.166775 -0.247920 0.047312
v -0.165759 -0.248429 0.047782
v -0.160302 -0.236645 0.048185
v -0.162493 -0.242806 0.048220
v -0.167420 -0.247597 0.048664
v -0.159153 -0.237220 0.048751
v -0.161410 -0.243349 0.048735
v -0.164743 -0.248938 0.048253
v -0.163725 -0.249448 0.048719
v -0.169935 -0.253596 0.047049
v -0.168972 -0.254078 0.047451
v -0.173046 -0.259297 0.046912
v -0.173369 -0.259135 0.047643
v -0.172133 -0.259754 0.047223
v -0.171232 -0.260205 0.047578
v -0.170434 -0.253346 0.048139
v -0.169540 -0.253794 0.048703
v -0.168015 -0.254558 0.047868
v -0.172570 -0.259535 0.048226
v -0.171728 -0.259957 0.048730
v -0.167058 -0.255037 0.048286
v -0.166099 -0.255517 0.048698
v -0.170336 -0.260654 0.047946
v -0.169439 -0.261103 0.048314
v -0.168541 -0.261553 0.048678
v -0.176109 -0.265021 0.047111
v -0.175253 -0.265450 0.047141
v -0.178313 -0.271176 0.047334
v -0.175530 -0.265311 0.047813
v -0.177526 -0.271570 0.047347
v -0.174403 -0.265876 0.047406
v -0.176741 -0.271963 0.047570
v -0.180603 -0.277288 0.047588
v -0.179884 -0.277648 0.047576
v -0.177762 -0.271452 0.047958
v -0.174777 -0.265688 0.048327
v -0.173987 -0.266084 0.048767
v -0.177058 -0.271804 0.048408
v -0.180076 -0.277551 0.048132
v -0.173564 -0.266296 0.047711
v -0.175964 -0.272352 0.047830
v -0.179161 -0.278010 0.047752
v -0.172727 -0.266715 0.048027
v -0.175190 -0.272740 0.048098
v -0.176323 -0.272172 0.048790
v -0.171891 -0.267134 0.048343
v -0.171053 -0.267553 0.048654
v -0.174415 -0.273128 0.048367
v -0.178445 -0.278368 0.047960
v -0.179419 -0.277880 0.048512
v -0.177730 -0.278726 0.048176
v -0.177015 -0.279084 0.048391
v -0.182956 -0.283368 0.047794
v -0.182461 -0.283615 0.048264
v -0.182306 -0.283693 0.047765
v -0.181648 -0.284022 0.047903
v -0.180996 -0.284349 0.048068
v -0.181857 -0.283918 0.048583
v -0.180344 -0.284675 0.048239
v -0.179693 -0.285002 0.048409
v -0.185269 -0.289468 0.047907
v -0.184706 -0.289750 0.047881
v -0.184834 -0.289686 0.048305
v -0.184137 -0.290035 0.047996
v -0.184308 -0.289949 0.048573
v -0.183571 -0.290318 0.048133
v -0.183007 -0.290600 0.048275
v -0.185961 -0.296379 0.048247
v -0.185799 -0.296461 0.048239
v -0.185635 -0.296543 0.048271
v -0.185472 -0.296625 0.048309
v -0.183764 -0.290221 0.048794
v -0.182442 -0.290883 0.048416
v -0.185834 -0.296443 0.048359
v -0.185682 -0.296519 0.048434
v -0.185524 -0.296598 0.048496
v -0.185364 -0.296678 0.048548
v -0.162300 -0.235644 0.049307
v -0.164340 -0.241881 0.049268
v -0.166443 -0.248086 0.049228
v -0.165445 -0.248587 0.049742
v -0.161175 -0.236208 0.049927
v -0.163278 -0.242413 0.049834
v -0.160030 -0.236781 0.050501
v -0.162198 -0.242954 0.050356
v -0.158002 -0.237797 0.049309
v -0.160324 -0.243892 0.049244
v -0.159234 -0.244438 0.049738
v -0.162705 -0.249958 0.049179
v -0.156845 -0.238376 0.049854
v -0.164430 -0.249095 0.050214
v -0.163402 -0.249609 0.050652
v -0.168616 -0.254257 0.049207
v -0.170861 -0.260391 0.049178
v -0.167674 -0.254728 0.049664
v -0.165138 -0.255998 0.049104
v -0.169978 -0.260833 0.049582
v -0.166718 -0.255207 0.050082
v -0.165750 -0.255692 0.050468
v -0.169082 -0.261282 0.049951
v -0.168176 -0.261736 0.050289
v -0.158869 -0.237363 0.051034
v -0.161104 -0.243502 0.050841
v -0.157687 -0.237955 0.051504
v -0.159990 -0.244060 0.051267
v -0.162357 -0.250133 0.051036
v -0.156494 -0.238552 0.051940
v -0.173176 -0.266490 0.049156
v -0.175570 -0.272550 0.049125
v -0.172350 -0.266904 0.049504
v -0.174804 -0.272933 0.049422
v -0.174030 -0.273321 0.049689
v -0.178736 -0.278222 0.048831
v -0.178038 -0.278572 0.049106
v -0.177331 -0.278926 0.049348
v -0.176616 -0.279284 0.049561
v -0.171514 -0.267322 0.049819
v -0.181230 -0.284232 0.048847
v -0.180592 -0.284551 0.049071
v -0.179946 -0.284875 0.049265
v -0.183210 -0.290499 0.048981
v -0.182650 -0.290779 0.049141
v -0.173639 -0.273516 0.048630
v -0.176300 -0.279443 0.048601
v -0.179040 -0.285329 0.048575
v -0.178387 -0.285656 0.048735
v -0.181877 -0.291166 0.048553
v -0.181311 -0.291450 0.048685
v -0.185309 -0.296706 0.048349
v -0.185145 -0.296788 0.048388
v -0.184982 -0.296870 0.048426
v -0.184818 -0.296952 0.048462
v -0.184654 -0.297034 0.048496
v -0.185202 -0.296760 0.048593
v -0.185039 -0.296841 0.048631
v -0.184875 -0.296923 0.048665
v -0.184710 -0.297006 0.048690
v -0.184490 -0.297116 0.048527
v -0.184325 -0.297199 0.048555
v -0.184511 -0.297106 0.048564
v -0.184544 -0.297089 0.048711
v -0.184378 -0.297172 0.048727
v -0.184160 -0.297282 0.048581
v -0.183994 -0.297365 0.048602
v -0.184211 -0.297256 0.048737
v -0.184044 -0.297339 0.048742
v -0.183878 -0.297423 0.048742
v -0.183828 -0.297448 0.048621
v -0.183662 -0.297531 0.048636
v -0.183711 -0.297506 0.048738
v -0.183544 -0.297590 0.048728
v -0.183495 -0.297614 0.048648
v -0.183329 -0.297698 0.048656
v -0.183162 -0.297781 0.048661
v -0.183378 -0.297673 0.048714
v -0.183212 -0.297756 0.048695
v -0.183046 -0.297839 0.048672
v -0.161681 -0.250471 0.049626
v -0.158137 -0.244988 0.050215
v -0.155682 -0.238959 0.050380
v -0.157035 -0.245539 0.050677
v -0.160650 -0.250987 0.050055
v -0.159615 -0.251506 0.050470
v -0.164173 -0.256482 0.049498
v -0.167641 -0.262003 0.049035
v -0.166737 -0.262456 0.049380
v -0.165829 -0.262911 0.049709
v -0.163203 -0.256968 0.049875
v -0.162228 -0.257456 0.050239
v -0.167257 -0.262196 0.050580
v -0.161249 -0.257946 0.050586
v -0.164917 -0.263368 0.050026
v -0.164001 -0.263826 0.050327
v -0.163079 -0.264288 0.050606
v -0.158867 -0.244622 0.051660
v -0.154513 -0.239544 0.050890
v -0.161304 -0.250660 0.051388
v -0.157736 -0.245188 0.052023
v -0.155292 -0.239154 0.052344
v -0.156593 -0.245761 0.052336
v -0.160243 -0.251191 0.051713
v -0.155927 -0.246094 0.051121
v -0.153337 -0.240133 0.051382
v -0.154811 -0.246653 0.051538
v -0.158575 -0.252027 0.050869
v -0.157527 -0.252551 0.051242
v -0.156475 -0.253078 0.051598
v -0.152153 -0.240726 0.051845
v -0.155444 -0.246336 0.052617
v -0.153690 -0.247215 0.051937
v -0.150962 -0.241322 0.052290
v -0.159172 -0.251728 0.051991
v -0.158095 -0.252267 0.052239
v -0.157013 -0.252809 0.052459
v -0.164767 -0.256184 0.050803
v -0.163777 -0.256680 0.051109
v -0.162781 -0.257179 0.051390
v -0.166332 -0.262659 0.050845
v -0.165402 -0.263125 0.051085
v -0.161776 -0.257682 0.051626
v -0.160263 -0.258440 0.050910
v -0.159274 -0.258935 0.051218
v -0.164463 -0.263595 0.051285
v -0.162154 -0.264751 0.050870
v -0.163521 -0.264066 0.051458
v -0.162576 -0.264540 0.051608
v -0.160766 -0.258188 0.051835
v -0.159752 -0.258696 0.052017
v -0.152563 -0.247779 0.052316
v -0.155417 -0.253608 0.051935
v -0.155926 -0.253353 0.052644
v -0.154354 -0.254140 0.052251
v -0.153286 -0.254675 0.052544
v -0.158279 -0.259433 0.051507
v -0.161224 -0.265217 0.051117
v -0.160291 -0.265684 0.051345
v -0.159355 -0.266153 0.051553
v -0.158733 -0.259206 0.052167
v -0.157281 -0.259933 0.051777
v -0.157711 -0.259718 0.052283
v -0.156687 -0.260230 0.052371
v -0.161627 -0.265015 0.051727
v -0.160675 -0.265492 0.051815
v -0.159722 -0.265969 0.051877
v -0.156278 -0.260435 0.052025
v -0.155661 -0.260744 0.052431
v -0.155271 -0.260939 0.052254
v -0.154634 -0.261258 0.052458
v -0.158767 -0.266447 0.051912
v -0.158415 -0.266624 0.051743
v -0.157812 -0.266925 0.051918
v -0.170213 -0.267974 0.048958
v -0.169370 -0.268396 0.049251
v -0.172862 -0.273906 0.048887
v -0.172082 -0.274296 0.049133
v -0.168523 -0.268820 0.049529
v -0.171298 -0.274689 0.049366
v -0.175582 -0.279802 0.048805
v -0.175895 -0.279645 0.049751
v -0.174863 -0.280162 0.048999
v -0.174140 -0.280524 0.049180
v -0.170669 -0.267745 0.050107
v -0.173248 -0.273712 0.049931
v -0.172458 -0.274108 0.050133
v -0.169814 -0.268174 0.050351
v -0.168953 -0.268605 0.050570
v -0.171664 -0.274506 0.050312
v -0.170865 -0.274906 0.050470
v -0.175168 -0.280009 0.049906
v -0.174438 -0.280375 0.050038
v -0.170512 -0.275082 0.049587
v -0.173416 -0.280886 0.049351
v -0.172690 -0.281250 0.049509
v -0.171960 -0.281616 0.049650
v -0.167673 -0.269246 0.049795
v -0.166820 -0.269673 0.050047
v -0.169723 -0.275477 0.049795
v -0.170062 -0.275308 0.050595
v -0.168930 -0.275875 0.049984
v -0.168135 -0.276273 0.050159
v -0.165961 -0.270103 0.050278
v -0.165100 -0.270534 0.050495
v -0.169257 -0.275711 0.050697
v -0.173705 -0.280742 0.050152
v -0.172968 -0.281111 0.050236
v -0.171229 -0.281982 0.049778
v -0.172230 -0.281480 0.050298
v -0.171491 -0.281850 0.050342
v -0.179294 -0.285201 0.049434
v -0.178638 -0.285530 0.049581
v -0.177731 -0.285984 0.048886
v -0.177074 -0.286313 0.049024
v -0.177977 -0.285861 0.049696
v -0.182085 -0.291062 0.049280
v -0.181517 -0.291347 0.049402
v -0.180743 -0.291734 0.048808
v -0.180173 -0.292020 0.048921
v -0.179602 -0.292306 0.049025
v -0.180944 -0.291633 0.049495
v -0.180370 -0.291921 0.049571
v -0.179794 -0.292209 0.049633
v -0.177314 -0.286193 0.049792
v -0.176648 -0.286526 0.049871
v -0.176415 -0.286643 0.049154
v -0.175754 -0.286974 0.049271
v -0.175091 -0.287306 0.049372
v -0.174427 -0.287639 0.049463
v -0.173761 -0.287972 0.049540
v -0.179030 -0.292592 0.049120
v -0.178456 -0.292880 0.049200
v -0.179216 -0.292499 0.049672
v -0.178638 -0.292788 0.049694
v -0.177881 -0.293168 0.049271
v -0.178060 -0.293078 0.049701
v -0.177481 -0.293367 0.049691
v -0.177305 -0.293456 0.049330
v -0.176728 -0.293745 0.049378
v -0.176903 -0.293657 0.049662
v -0.175981 -0.286861 0.049922
v -0.175312 -0.287195 0.049954
v -0.174644 -0.287530 0.049970
v -0.173974 -0.287865 0.049965
v -0.168088 -0.269038 0.050766
v -0.167217 -0.269474 0.050926
v -0.166343 -0.269912 0.051061
v -0.165466 -0.270351 0.051173
v -0.168450 -0.276115 0.050778
v -0.164236 -0.270967 0.050696
v -0.167337 -0.276672 0.050319
v -0.166537 -0.277073 0.050463
v -0.165734 -0.277475 0.050591
v -0.170496 -0.282349 0.049892
v -0.169761 -0.282717 0.049991
v -0.170751 -0.282221 0.050363
v -0.170011 -0.282592 0.050359
v -0.169025 -0.283085 0.050075
v -0.168287 -0.283455 0.050144
v -0.169271 -0.282962 0.050336
v -0.168532 -0.283332 0.050292
v -0.164929 -0.277878 0.050702
v -0.167795 -0.283702 0.050226
v -0.173095 -0.288306 0.049604
v -0.172427 -0.288640 0.049654
v -0.171759 -0.288975 0.049690
v -0.171306 -0.289201 0.049745
v -0.176150 -0.294034 0.049413
v -0.176326 -0.293946 0.049617
v -0.175572 -0.294324 0.049437
v -0.175176 -0.294522 0.049478
v -0.175750 -0.294234 0.049556
v -0.173306 -0.288200 0.049937
v -0.172638 -0.288535 0.049892
v -0.171971 -0.288868 0.049829
v -0.167640 -0.276520 0.050834
v -0.166830 -0.276926 0.050863
v -0.164587 -0.270791 0.051259
v -0.163705 -0.271233 0.051314
v -0.163369 -0.271401 0.050879
v -0.162498 -0.271837 0.051044
v -0.166020 -0.277332 0.050871
v -0.165209 -0.277738 0.050856
v -0.162823 -0.271674 0.051346
v -0.161625 -0.272274 0.051191
v -0.164399 -0.278143 0.050816
v -0.161940 -0.272116 0.051354
v -0.161058 -0.272558 0.051334
v -0.142240 -0.181660 0.055581
v -0.140046 -0.182466 0.055581
v -0.137727 -0.182764 0.055581
v -0.143529 -0.201494 0.052748
v -0.142070 -0.202225 0.053217
v -0.138216 -0.196896 0.052886
v -0.136929 -0.197541 0.053105
v -0.140595 -0.202963 0.053617
v -0.139112 -0.203706 0.053976
v -0.135400 -0.182538 0.055581
v -0.133182 -0.181800 0.055581
v -0.131183 -0.180587 0.055581
v -0.128231 -0.177000 0.055581
v -0.129505 -0.178960 0.055581
v -0.145258 -0.207887 0.053226
v -0.149592 -0.220233 0.052838
v -0.147329 -0.214108 0.053189
v -0.148147 -0.220957 0.053361
v -0.143690 -0.208672 0.053783
v -0.142102 -0.209467 0.054265
v -0.145785 -0.214881 0.053755
v -0.150487 -0.227043 0.052994
v -0.137565 -0.172325 0.060387
v -0.140360 -0.177906 0.060387
v -0.139048 -0.178388 0.060387
v -0.137662 -0.178566 0.060387
v -0.136271 -0.178431 0.060387
v -0.134945 -0.177990 0.060387
v -0.133750 -0.177264 0.060387
v -0.132747 -0.176292 0.060387
v -0.131985 -0.175120 0.060387
v -0.135637 -0.198188 0.053279
v -0.134340 -0.198837 0.053410
v -0.133041 -0.199488 0.053504
v -0.136739 -0.204895 0.052934
v -0.137622 -0.204452 0.054296
v -0.136123 -0.205203 0.054564
v -0.132417 -0.199800 0.052976
v -0.131740 -0.200139 0.053560
v -0.131146 -0.200437 0.053292
v -0.130438 -0.200791 0.053575
v -0.135291 -0.205619 0.053445
v -0.133837 -0.206348 0.053929
v -0.134619 -0.205956 0.054782
v -0.133109 -0.206712 0.054957
v -0.132375 -0.207080 0.054383
v -0.131596 -0.207470 0.055089
v -0.130906 -0.207815 0.054810
v -0.130081 -0.208229 0.055172
v -0.139470 -0.210785 0.053052
v -0.146685 -0.221689 0.053816
v -0.144222 -0.215664 0.054249
v -0.145213 -0.222426 0.054231
v -0.141633 -0.216961 0.053108
v -0.144285 -0.222891 0.052765
v -0.142859 -0.223605 0.053345
v -0.137923 -0.211560 0.053678
v -0.136367 -0.212339 0.054276
v -0.140110 -0.217723 0.053739
v -0.149110 -0.227733 0.053410
v -0.152867 -0.233110 0.052665
v -0.151571 -0.233759 0.053047
v -0.147725 -0.228427 0.053788
v -0.145535 -0.229523 0.052957
v -0.150268 -0.234411 0.053394
v -0.146332 -0.229124 0.054129
v -0.144930 -0.229826 0.054423
v -0.148958 -0.235067 0.053706
v -0.147640 -0.235727 0.053975
v -0.140505 -0.210267 0.054704
v -0.138898 -0.211071 0.055100
v -0.142649 -0.216451 0.054699
v -0.137282 -0.211881 0.055441
v -0.143732 -0.223168 0.054607
v -0.141067 -0.217244 0.055108
v -0.142242 -0.223914 0.054933
v -0.139474 -0.218041 0.055463
v -0.141424 -0.224324 0.053900
v -0.138578 -0.218490 0.054342
v -0.139980 -0.225046 0.054426
v -0.144182 -0.230201 0.053463
v -0.146956 -0.236070 0.053084
v -0.145675 -0.236712 0.053523
v -0.142822 -0.230882 0.053942
v -0.146315 -0.236391 0.054199
v -0.144986 -0.237056 0.054388
v -0.141454 -0.231567 0.054393
v -0.144387 -0.237356 0.053935
v -0.143654 -0.237724 0.054538
v -0.143093 -0.238005 0.054322
v -0.134802 -0.213123 0.054844
v -0.133229 -0.213911 0.055381
v -0.140744 -0.224664 0.055210
v -0.137037 -0.219262 0.054916
v -0.139241 -0.225417 0.055444
v -0.135657 -0.212695 0.055728
v -0.134026 -0.213511 0.055969
v -0.137873 -0.218843 0.055765
v -0.136265 -0.219648 0.056022
v -0.138528 -0.225773 0.054924
v -0.135487 -0.220038 0.055459
v -0.137069 -0.226504 0.055393
v -0.131647 -0.214702 0.055888
v -0.132390 -0.214331 0.056163
v -0.130750 -0.215152 0.056305
v -0.137732 -0.226172 0.055635
v -0.134652 -0.220456 0.056232
v -0.133930 -0.220818 0.055973
v -0.136219 -0.226930 0.055779
v -0.133034 -0.221266 0.056392
v -0.143521 -0.230532 0.054671
v -0.142107 -0.231240 0.054879
v -0.140689 -0.231950 0.055047
v -0.140079 -0.232255 0.054818
v -0.139267 -0.232662 0.055171
v -0.142317 -0.238393 0.054646
v -0.154077 -0.239763 0.052693
v -0.152854 -0.240375 0.053009
v -0.154289 -0.246915 0.052868
v -0.151625 -0.240990 0.053293
v -0.149765 -0.241921 0.052712
v -0.153127 -0.247496 0.053081
v -0.150389 -0.241609 0.053536
v -0.151961 -0.248080 0.053256
v -0.148562 -0.242524 0.053111
v -0.151430 -0.248346 0.052672
v -0.150791 -0.248666 0.053398
v -0.154835 -0.253900 0.052793
v -0.153740 -0.254448 0.052912
v -0.149147 -0.242231 0.053738
v -0.147901 -0.242855 0.053906
v -0.150291 -0.248917 0.053004
v -0.147353 -0.243130 0.053486
v -0.149147 -0.249489 0.053315
v -0.149619 -0.249253 0.053508
v -0.148444 -0.249842 0.053581
v -0.152214 -0.255212 0.052817
v -0.152644 -0.254997 0.053000
v -0.151545 -0.255547 0.053054
v -0.146137 -0.243738 0.053836
v -0.146652 -0.243481 0.054039
v -0.145400 -0.244108 0.054132
v 0.044965 -0.076161 0.048672
v 0.044883 -0.076261 0.048661
v 0.044765 -0.076405 0.048656
v 0.044647 -0.076549 0.048648
v 0.044848 -0.076304 0.048695
v 0.044730 -0.076448 0.048714
v 0.044529 -0.076693 0.048636
v 0.044411 -0.076837 0.048621
v 0.044612 -0.076592 0.048728
v 0.044494 -0.076736 0.048738
v 0.044058 -0.077266 0.048555
v 0.043941 -0.077409 0.048527
v 0.044293 -0.076980 0.048602
v 0.044175 -0.077124 0.048581
v 0.044375 -0.076880 0.048742
v 0.044257 -0.077024 0.048742
v 0.044139 -0.077168 0.048737
v 0.043926 -0.077427 0.048564
v 0.044020 -0.077312 0.048727
v 0.043902 -0.077456 0.048711
v 0.043824 -0.077551 0.048496
v 0.043708 -0.077693 0.048462
v 0.043591 -0.077834 0.048426
v 0.043360 -0.078116 0.048349
v 0.043475 -0.077975 0.048388
v 0.043667 -0.077742 0.048665
v 0.043785 -0.077599 0.048690
v 0.043551 -0.077883 0.048631
v 0.043435 -0.078025 0.048593
v 0.049150 -0.081292 0.048685
v 0.048748 -0.081782 0.048553
v 0.054178 -0.085396 0.048735
v 0.053714 -0.085961 0.048575
v 0.058612 -0.090223 0.048601
v 0.063452 -0.094555 0.048630
v 0.053505 -0.075991 0.049478
v 0.053224 -0.076333 0.049437
v 0.053097 -0.076487 0.049556
v 0.052813 -0.076832 0.049413
v 0.052688 -0.076985 0.049617
v 0.059204 -0.079277 0.049745
v 0.058883 -0.079668 0.049690
v 0.058408 -0.080246 0.049654
v 0.057934 -0.080823 0.049604
v 0.058732 -0.079852 0.049829
v 0.058259 -0.080428 0.049892
v 0.057784 -0.081005 0.049937
v 0.064649 -0.082873 0.050226
v 0.069635 -0.087028 0.050702
v 0.064299 -0.083299 0.050144
v 0.063776 -0.083937 0.050075
v 0.064125 -0.083511 0.050292
v 0.063601 -0.084150 0.050336
v 0.063253 -0.084573 0.049991
v 0.062731 -0.085208 0.049892
v 0.063075 -0.084789 0.050359
v 0.062550 -0.085429 0.050363
v 0.069064 -0.087723 0.050591
v 0.068494 -0.088417 0.050463
v 0.067926 -0.089109 0.050319
v 0.073080 -0.093060 0.050696
v 0.070011 -0.086570 0.050816
v 0.074933 -0.090803 0.051191
v 0.075336 -0.090313 0.051334
v 0.074709 -0.091076 0.051354
v 0.069437 -0.087270 0.050856
v 0.068861 -0.087970 0.050871
v 0.074313 -0.091558 0.051044
v 0.073695 -0.092310 0.050879
v 0.074082 -0.091839 0.051346
v 0.068286 -0.088671 0.050863
v 0.067711 -0.089371 0.050834
v 0.073456 -0.092601 0.051314
v 0.072831 -0.093363 0.051259
v 0.051585 -0.078328 0.049271
v 0.052403 -0.077332 0.049378
v 0.051994 -0.077830 0.049330
v 0.052278 -0.077484 0.049662
v 0.051868 -0.077983 0.049691
v 0.051457 -0.078483 0.049701
v 0.051176 -0.078825 0.049200
v 0.050769 -0.079321 0.049120
v 0.051047 -0.078983 0.049694
v 0.050636 -0.079482 0.049672
v 0.056989 -0.081974 0.049463
v 0.057461 -0.081399 0.049540
v 0.056517 -0.082548 0.049372
v 0.056047 -0.083121 0.049271
v 0.055578 -0.083692 0.049154
v 0.057310 -0.081583 0.049965
v 0.056835 -0.082161 0.049970
v 0.056360 -0.082739 0.049954
v 0.055886 -0.083317 0.049922
v 0.050363 -0.079816 0.049025
v 0.049957 -0.080309 0.048921
v 0.049553 -0.080801 0.048808
v 0.050226 -0.079981 0.049633
v 0.049410 -0.080975 0.049495
v 0.049818 -0.080479 0.049571
v 0.048600 -0.081961 0.049280
v 0.049004 -0.081470 0.049402
v 0.055110 -0.084261 0.049024
v 0.054643 -0.084830 0.048886
v 0.054468 -0.085042 0.049696
v 0.053999 -0.085614 0.049581
v 0.053533 -0.086180 0.049434
v 0.055412 -0.083894 0.049871
v 0.054939 -0.084469 0.049792
v 0.061692 -0.086473 0.049650
v 0.061174 -0.087104 0.049509
v 0.060658 -0.087732 0.049351
v 0.065672 -0.091853 0.049587
v 0.062211 -0.085841 0.049778
v 0.062025 -0.086068 0.050342
v 0.061500 -0.086707 0.050298
v 0.060976 -0.087344 0.050236
v 0.060454 -0.087981 0.050152
v 0.067360 -0.089798 0.050159
v 0.066795 -0.090485 0.049984
v 0.066563 -0.090768 0.050697
v 0.072466 -0.093806 0.050495
v 0.071855 -0.094551 0.050278
v 0.066232 -0.091171 0.049795
v 0.071245 -0.095292 0.050047
v 0.070640 -0.096030 0.049795
v 0.065991 -0.091464 0.050595
v 0.060144 -0.088357 0.049180
v 0.059632 -0.088982 0.048999
v 0.059121 -0.089603 0.048805
v 0.058898 -0.089874 0.049751
v 0.064558 -0.093209 0.049133
v 0.065114 -0.092532 0.049366
v 0.070036 -0.096765 0.049529
v 0.064004 -0.093883 0.048887
v 0.069435 -0.097497 0.049251
v 0.068837 -0.098225 0.048958
v 0.059933 -0.088614 0.050038
v 0.059415 -0.089246 0.049906
v 0.065421 -0.092158 0.050470
v 0.064855 -0.092848 0.050312
v 0.069731 -0.097136 0.050570
v 0.064291 -0.093534 0.050133
v 0.063730 -0.094217 0.049931
v 0.068513 -0.098619 0.050107
v 0.069120 -0.097880 0.050351
v 0.067136 -0.090070 0.050778
v 0.072206 -0.094123 0.051173
v 0.071584 -0.094880 0.051061
v 0.070963 -0.095636 0.050926
v 0.070345 -0.096389 0.050766
v 0.080592 -0.094139 0.051918
v 0.080164 -0.094660 0.051743
v 0.079914 -0.094964 0.051912
v 0.085800 -0.098023 0.052458
v 0.084633 -0.099444 0.052025
v 0.085348 -0.098574 0.052254
v 0.085071 -0.098911 0.052431
v 0.079497 -0.095472 0.051553
v 0.078832 -0.096281 0.051345
v 0.078170 -0.097088 0.051117
v 0.083212 -0.101174 0.051507
v 0.079236 -0.095789 0.051877
v 0.078560 -0.096613 0.051815
v 0.077884 -0.097435 0.051727
v 0.083921 -0.100310 0.051777
v 0.084343 -0.099797 0.052371
v 0.083616 -0.100682 0.052283
v 0.082890 -0.101566 0.052167
v 0.089709 -0.103489 0.052544
v 0.088951 -0.104412 0.052251
v 0.088197 -0.105331 0.051935
v 0.087835 -0.105771 0.052644
v 0.093175 -0.109495 0.052316
v 0.076853 -0.098690 0.050606
v 0.075548 -0.100279 0.050026
v 0.076199 -0.099487 0.050327
v 0.081104 -0.103740 0.050586
v 0.074901 -0.101067 0.049709
v 0.073615 -0.102633 0.049035
v 0.074256 -0.101852 0.049380
v 0.079029 -0.106267 0.049498
v 0.073887 -0.102301 0.050580
v 0.080409 -0.104586 0.050239
v 0.079718 -0.105428 0.049875
v 0.083750 -0.110744 0.049626
v 0.085216 -0.108959 0.050470
v 0.084482 -0.109853 0.050055
v 0.090000 -0.113360 0.050677
v 0.089218 -0.114312 0.050215
v 0.093913 -0.118821 0.050380
v 0.077510 -0.097891 0.050870
v 0.077210 -0.098256 0.051608
v 0.076539 -0.099073 0.051458
v 0.075870 -0.099887 0.051285
v 0.081804 -0.102888 0.050910
v 0.082507 -0.102033 0.051218
v 0.080730 -0.104195 0.051626
v 0.082167 -0.102446 0.052017
v 0.081447 -0.103322 0.051835
v 0.075204 -0.100698 0.051085
v 0.074544 -0.101502 0.050845
v 0.080017 -0.105064 0.051390
v 0.079310 -0.105925 0.051109
v 0.078607 -0.106780 0.050803
v 0.087446 -0.106245 0.051598
v 0.086699 -0.107154 0.051242
v 0.085955 -0.108060 0.050869
v 0.091579 -0.111438 0.051538
v 0.090787 -0.112402 0.051121
v 0.095577 -0.116795 0.051382
v 0.087063 -0.106710 0.052459
v 0.085531 -0.108576 0.051991
v 0.086295 -0.107645 0.052239
v 0.092375 -0.110469 0.051937
v 0.097263 -0.114742 0.052290
v 0.096418 -0.115771 0.051845
v 0.091130 -0.111985 0.052617
v 0.084018 -0.110418 0.051388
v 0.094743 -0.117811 0.050890
v 0.088699 -0.114943 0.051660
v 0.084770 -0.109502 0.051713
v 0.090314 -0.112978 0.052336
v 0.089502 -0.113966 0.052023
v 0.094190 -0.118484 0.052344
v 0.051396 -0.088783 0.047765
v 0.043244 -0.078257 0.048309
v 0.043128 -0.078398 0.048271
v 0.043011 -0.078540 0.048239
v 0.042896 -0.078681 0.048247
v 0.047946 -0.082758 0.048275
v 0.047545 -0.083246 0.048133
v 0.043095 -0.078439 0.048434
v 0.043320 -0.078164 0.048548
v 0.043206 -0.078303 0.048496
v 0.042986 -0.078571 0.048359
v 0.048346 -0.082270 0.048416
v 0.047408 -0.083412 0.048794
v 0.047144 -0.083735 0.047996
v 0.046739 -0.084227 0.047881
v 0.046340 -0.084713 0.047907
v 0.046649 -0.084337 0.048305
v 0.047022 -0.083882 0.048573
v 0.052788 -0.087088 0.048239
v 0.053251 -0.086525 0.048409
v 0.052326 -0.087651 0.048068
v 0.051862 -0.088215 0.047903
v 0.051715 -0.088395 0.048583
v 0.050934 -0.089345 0.047794
v 0.051285 -0.088917 0.048264
v 0.056580 -0.092696 0.047752
v 0.061802 -0.096564 0.047830
v 0.066458 -0.101121 0.047711
v 0.057596 -0.091460 0.048176
v 0.058103 -0.090842 0.048391
v 0.057089 -0.092077 0.047960
v 0.056397 -0.092920 0.048512
v 0.062901 -0.095226 0.048367
v 0.068240 -0.098951 0.048654
v 0.067646 -0.099675 0.048343
v 0.062352 -0.095895 0.048098
v 0.067052 -0.100398 0.048027
v 0.061547 -0.096874 0.048790
v 0.056067 -0.093321 0.047576
v 0.055557 -0.093942 0.047588
v 0.060693 -0.097914 0.047347
v 0.061251 -0.097235 0.047570
v 0.065862 -0.101846 0.047406
v 0.060135 -0.098594 0.047334
v 0.065259 -0.102581 0.047141
v 0.064651 -0.103320 0.047111
v 0.065062 -0.102820 0.047813
v 0.055931 -0.093487 0.048132
v 0.060526 -0.098118 0.047958
v 0.061025 -0.097510 0.048408
v 0.066157 -0.101487 0.048767
v 0.065597 -0.102169 0.048327
v 0.079408 -0.116030 0.046859
v 0.072976 -0.103411 0.048678
v 0.072338 -0.104187 0.048314
v 0.071702 -0.104962 0.047946
v 0.077661 -0.107931 0.048698
v 0.076981 -0.108760 0.048286
v 0.070426 -0.106515 0.047223
v 0.071065 -0.105737 0.047578
v 0.069778 -0.107304 0.046912
v 0.069548 -0.107583 0.047643
v 0.075622 -0.110414 0.047451
v 0.074939 -0.111246 0.047049
v 0.070713 -0.106165 0.048730
v 0.070116 -0.106893 0.048226
v 0.076301 -0.109587 0.047868
v 0.074584 -0.111678 0.048139
v 0.075219 -0.110905 0.048703
v 0.081576 -0.113390 0.048253
v 0.082299 -0.112511 0.048719
v 0.086895 -0.117141 0.048735
v 0.091449 -0.121821 0.048751
v 0.080855 -0.114268 0.047782
v 0.080134 -0.115146 0.047312
v 0.084590 -0.119946 0.047183
v 0.085358 -0.119011 0.047701
v 0.089819 -0.123805 0.047615
v 0.079676 -0.115704 0.048664
v 0.086126 -0.118077 0.048220
v 0.090633 -0.122814 0.048185
v 0.069122 -0.108103 0.046860
v 0.074245 -0.112091 0.046696
v 0.073540 -0.112949 0.046627
v 0.078670 -0.116928 0.046460
v 0.077917 -0.117845 0.046371
v 0.083817 -0.120887 0.046685
v 0.083030 -0.121846 0.046245
v 0.087347 -0.126815 0.046021
v 0.088184 -0.125796 0.046502
v 0.082225 -0.122826 0.046144
v 0.086489 -0.127859 0.045907
v 0.073983 -0.112409 0.047489
v 0.078373 -0.117290 0.047314
v 0.089004 -0.124797 0.047048
v 0.082699 -0.122249 0.047170
v 0.079005 -0.116521 0.048035
v 0.083367 -0.121436 0.047958
v 0.084078 -0.120570 0.048648
v 0.088435 -0.125490 0.048628
v 0.087683 -0.126405 0.047875
v 0.086980 -0.127262 0.047016
v 0.048199 -0.082449 0.049141
v 0.047802 -0.082934 0.048981
v 0.053071 -0.086744 0.049265
v 0.052612 -0.087302 0.049071
v 0.052159 -0.087854 0.048847
v 0.057377 -0.091726 0.049106
v 0.057880 -0.091114 0.049348
v 0.058387 -0.090496 0.049561
v 0.056882 -0.092329 0.048831
v 0.063175 -0.094892 0.049689
v 0.062625 -0.095562 0.049422
v 0.062082 -0.096223 0.049125
v 0.066733 -0.100786 0.049156
v 0.067320 -0.100072 0.049504
v 0.067913 -0.099349 0.049819
v 0.071956 -0.104652 0.049582
v 0.078344 -0.107101 0.049104
v 0.076543 -0.109292 0.049664
v 0.072592 -0.103878 0.049951
v 0.073235 -0.103095 0.050289
v 0.077909 -0.107630 0.050468
v 0.077222 -0.108466 0.050082
v 0.071329 -0.105416 0.049178
v 0.075874 -0.110107 0.049207
v 0.083023 -0.111629 0.049179
v 0.087665 -0.116203 0.049244
v 0.088439 -0.115260 0.049738
v 0.092266 -0.120826 0.049309
v 0.082528 -0.112231 0.050652
v 0.081799 -0.113120 0.050214
v 0.093087 -0.119827 0.049854
v 0.081078 -0.113997 0.049742
v 0.080369 -0.114860 0.049228
v 0.084815 -0.119673 0.049268
v 0.085569 -0.118755 0.049834
v 0.086335 -0.117822 0.050356
v 0.090826 -0.122579 0.050501
v 0.090014 -0.123569 0.049927
v 0.083270 -0.111328 0.051036
v 0.087902 -0.115914 0.051267
v 0.092490 -0.120554 0.051504
v 0.087112 -0.116876 0.050841
v 0.091650 -0.121576 0.051034
v 0.093337 -0.119523 0.051940
v 0.089215 -0.124541 0.049307
v 0.098590 -0.123352 0.050534
v 0.102155 -0.119012 0.052620
v 0.101256 -0.120107 0.052134
v 0.106066 -0.124476 0.052427
v 0.100361 -0.121196 0.051627
v 0.099473 -0.122277 0.051091
v 0.104173 -0.126780 0.051293
v 0.105116 -0.125633 0.051876
v 0.108853 -0.131308 0.051526
v 0.109852 -0.130091 0.052162
v 0.114620 -0.134512 0.052453
v 0.119090 -0.139295 0.052402
v 0.124052 -0.143480 0.052398
v 0.130195 -0.146226 0.052637
v 0.129300 -0.147315 0.052273
v 0.134738 -0.150920 0.051938
v 0.134337 -0.151408 0.051738
v 0.134002 -0.151816 0.051978
v 0.095968 -0.126544 0.048762
v 0.095101 -0.127600 0.048148
v 0.100454 -0.131309 0.048772
v 0.099533 -0.132429 0.048108
v 0.104909 -0.136109 0.048783
v 0.092493 -0.130775 0.046325
v 0.097692 -0.134670 0.046779
v 0.091601 -0.131861 0.045806
v 0.090686 -0.132975 0.045686
v 0.095816 -0.136955 0.045586
v 0.096764 -0.135801 0.046144
v 0.095373 -0.137493 0.046746
v 0.101981 -0.139674 0.046623
v 0.100996 -0.140873 0.045936
v 0.106219 -0.144739 0.046461
v 0.110547 -0.149695 0.046449
v 0.093367 -0.129711 0.046916
v 0.094234 -0.128655 0.047530
v 0.098613 -0.133549 0.047441
v 0.092740 -0.130475 0.048627
v 0.091942 -0.131446 0.047812
v 0.091197 -0.132352 0.046882
v 0.096160 -0.136536 0.047748
v 0.097004 -0.135508 0.048628
v 0.102958 -0.138484 0.047340
v 0.103933 -0.137297 0.048063
v 0.109345 -0.140934 0.048793
v 0.108303 -0.142202 0.048014
v 0.113728 -0.145823 0.048764
v 0.112668 -0.147113 0.047991
v 0.107262 -0.143469 0.047234
v 0.100332 -0.141681 0.047664
v 0.111609 -0.148403 0.047216
v 0.101225 -0.140595 0.048616
v 0.105389 -0.145750 0.048623
v 0.140250 -0.161300 0.048372
v 0.142636 -0.162174 0.048372
v 0.135201 -0.161227 0.048372
v 0.137730 -0.160979 0.048372
v 0.118035 -0.150805 0.048685
v 0.116057 -0.153213 0.047340
v 0.120566 -0.157948 0.047536
v 0.117045 -0.152009 0.048013
v 0.121428 -0.156899 0.048063
v 0.122290 -0.155850 0.048589
v 0.132790 -0.162031 0.048372
v 0.126511 -0.160936 0.048500
v 0.130619 -0.163352 0.048372
v 0.130097 -0.163928 0.048762
v 0.125813 -0.161785 0.048127
v 0.129448 -0.164507 0.048467
v 0.129866 -0.164134 0.048657
v 0.129242 -0.164690 0.048372
v 0.129497 -0.164987 0.048372
v 0.130561 -0.166230 0.048372
v 0.096838 -0.125486 0.049369
v 0.097711 -0.124422 0.049961
v 0.103236 -0.127921 0.050690
v 0.102303 -0.129057 0.050069
v 0.101376 -0.130185 0.049428
v 0.094417 -0.128432 0.050036
v 0.095282 -0.127379 0.050658
v 0.106870 -0.133721 0.050193
v 0.105888 -0.134918 0.049496
v 0.110389 -0.139663 0.049563
v 0.114790 -0.144531 0.049530
v 0.111438 -0.138386 0.050318
v 0.115856 -0.143232 0.050281
v 0.097955 -0.124126 0.052224
v 0.097053 -0.125223 0.051750
v 0.102539 -0.128769 0.052516
v 0.101581 -0.129936 0.052001
v 0.096159 -0.126312 0.051238
v 0.100632 -0.131091 0.051448
v 0.099701 -0.132225 0.050821
v 0.107859 -0.132518 0.050869
v 0.112493 -0.137101 0.051050
v 0.116929 -0.141926 0.051008
v 0.113553 -0.135811 0.051763
v 0.118006 -0.140615 0.051717
v 0.105068 -0.135915 0.051674
v 0.106076 -0.134689 0.052277
v 0.110566 -0.139448 0.052581
v 0.109489 -0.140758 0.051929
v 0.114970 -0.144311 0.052627
v 0.093568 -0.129466 0.049363
v 0.097882 -0.134439 0.049421
v 0.098783 -0.133342 0.050148
v 0.103108 -0.138301 0.050263
v 0.107398 -0.143305 0.050404
v 0.102154 -0.139463 0.049475
v 0.106380 -0.144544 0.049552
v 0.110713 -0.149494 0.049618
v 0.111748 -0.148233 0.050467
v 0.104081 -0.137117 0.050993
v 0.108436 -0.142041 0.051193
v 0.112804 -0.146947 0.051252
v 0.113876 -0.145643 0.051983
v 0.121020 -0.147170 0.050633
v 0.120020 -0.148387 0.050003
v 0.125762 -0.151623 0.050587
v 0.124889 -0.152686 0.050111
v 0.130738 -0.155790 0.050522
v 0.135884 -0.159749 0.050658
v 0.130026 -0.156657 0.050226
v 0.135358 -0.160389 0.050495
v 0.134834 -0.161028 0.050318
v 0.122025 -0.145947 0.051247
v 0.126639 -0.150554 0.051045
v 0.127522 -0.149479 0.051475
v 0.123035 -0.144718 0.051839
v 0.128409 -0.148400 0.051885
v 0.126067 -0.151251 0.052632
v 0.125161 -0.152354 0.052344
v 0.133612 -0.152290 0.051533
v 0.132889 -0.153170 0.051309
v 0.132169 -0.154047 0.051066
v 0.136700 -0.158756 0.050954
v 0.133265 -0.152713 0.051984
v 0.132529 -0.153609 0.051960
v 0.131793 -0.154504 0.051907
v 0.131452 -0.154920 0.050803
v 0.136412 -0.159106 0.050808
v 0.136164 -0.159408 0.050986
v 0.135628 -0.160061 0.050993
v 0.135092 -0.160714 0.050978
v 0.134556 -0.161366 0.050941
v 0.130327 -0.156290 0.051694
v 0.129597 -0.157178 0.051542
v 0.131059 -0.155398 0.051819
v 0.119026 -0.149598 0.049351
v 0.124019 -0.153745 0.049620
v 0.123153 -0.154799 0.049111
v 0.116222 -0.153012 0.050372
v 0.121618 -0.156668 0.050699
v 0.120759 -0.157713 0.050163
v 0.128612 -0.158378 0.049574
v 0.127909 -0.159233 0.049229
v 0.132864 -0.162190 0.049763
v 0.132771 -0.162242 0.049733
v 0.132194 -0.162566 0.049546
v 0.132036 -0.162655 0.049493
v 0.131482 -0.162964 0.049305
v 0.129317 -0.157519 0.049908
v 0.134312 -0.161664 0.050127
v 0.134214 -0.161783 0.050088
v 0.133633 -0.161959 0.049954
v 0.133577 -0.161976 0.049940
v 0.133334 -0.162049 0.049880
v 0.132887 -0.162183 0.049769
v 0.131824 -0.162959 0.050690
v 0.131973 -0.162871 0.050712
v 0.127209 -0.160086 0.048869
v 0.130669 -0.163416 0.049016
v 0.131277 -0.163078 0.049232
v 0.130873 -0.163303 0.049090
v 0.130749 -0.163372 0.049045
v 0.130525 -0.163545 0.048952
v 0.126716 -0.160686 0.050589
v 0.130782 -0.163562 0.050478
v 0.131285 -0.163271 0.050586
v 0.131412 -0.163198 0.050611
v 0.131094 -0.163382 0.050548
v 0.130603 -0.163726 0.050426
v 0.130409 -0.163905 0.050368
v 0.126013 -0.161542 0.050245
v 0.129972 -0.164304 0.050223
v 0.129762 -0.164496 0.050152
v 0.129326 -0.164889 0.049975
v 0.129337 -0.164878 0.049980
v 0.129111 -0.165081 0.049888
v 0.118207 -0.150595 0.051688
v 0.122488 -0.155609 0.051191
v 0.123372 -0.154531 0.051611
v 0.119226 -0.149354 0.052239
v 0.124264 -0.153446 0.051995
v 0.117208 -0.151812 0.051056
v 0.133996 -0.161961 0.050887
v 0.134004 -0.161958 0.050887
v 0.134095 -0.161928 0.050888
v 0.133693 -0.162060 0.050875
v 0.133326 -0.162181 0.050860
v 0.133259 -0.162203 0.050857
v 0.128870 -0.158064 0.051363
v 0.128148 -0.158943 0.051133
v 0.132921 -0.162313 0.050833
v 0.132644 -0.162477 0.050803
v 0.132534 -0.162541 0.050790
v 0.127430 -0.159817 0.050876
v 0.090945 -0.101984 0.053054
v 0.090470 -0.102563 0.052817
v 0.090165 -0.102934 0.053000
v 0.096099 -0.105935 0.053581
v 0.094788 -0.107532 0.053004
v 0.095599 -0.106543 0.053315
v 0.095265 -0.106950 0.053508
v 0.099826 -0.111623 0.053486
v 0.101212 -0.109935 0.054132
v 0.100688 -0.110573 0.053836
v 0.100323 -0.111017 0.054039
v 0.089387 -0.103882 0.052912
v 0.088610 -0.104827 0.052793
v 0.093979 -0.108516 0.052672
v 0.098967 -0.112668 0.053111
v 0.094433 -0.107964 0.053398
v 0.092774 -0.109983 0.053081
v 0.098113 -0.113708 0.052712
v 0.093602 -0.108975 0.053256
v 0.097670 -0.114247 0.053536
v 0.099436 -0.112097 0.053906
v 0.098552 -0.113174 0.053738
v 0.091950 -0.110986 0.052868
v 0.096793 -0.115315 0.053293
v 0.095920 -0.116377 0.053009
v 0.095053 -0.117434 0.052693
v 0.105802 -0.114572 0.054322
v 0.104883 -0.115691 0.053935
v 0.105404 -0.115057 0.054538
v 0.109917 -0.119787 0.054393
v 0.103969 -0.116804 0.053523
v 0.103060 -0.117911 0.053084
v 0.107981 -0.122145 0.053463
v 0.104458 -0.116209 0.054388
v 0.103514 -0.117358 0.054199
v 0.108946 -0.120969 0.053942
v 0.113916 -0.125144 0.054426
v 0.112891 -0.126392 0.053900
v 0.117863 -0.130563 0.054342
v 0.106352 -0.113902 0.054646
v 0.110893 -0.118599 0.054818
v 0.111470 -0.117897 0.055171
v 0.110460 -0.119126 0.055047
v 0.109454 -0.120352 0.054879
v 0.108450 -0.121573 0.054671
v 0.115982 -0.122629 0.055393
v 0.114946 -0.123890 0.054924
v 0.120057 -0.127892 0.055459
v 0.116586 -0.121894 0.055779
v 0.121163 -0.126546 0.055973
v 0.121799 -0.125772 0.056392
v 0.115512 -0.123201 0.055635
v 0.120650 -0.127171 0.056232
v 0.126373 -0.130429 0.056305
v 0.125735 -0.131205 0.055888
v 0.125208 -0.131847 0.056163
v 0.118957 -0.129232 0.054916
v 0.114441 -0.124505 0.055444
v 0.113373 -0.125805 0.055210
v 0.124613 -0.132571 0.055381
v 0.123496 -0.133931 0.054844
v 0.119505 -0.128565 0.056022
v 0.118364 -0.129954 0.055765
v 0.124047 -0.133260 0.055969
v 0.122889 -0.134670 0.055728
v 0.100708 -0.120773 0.053394
v 0.107021 -0.123314 0.052957
v 0.102574 -0.118502 0.053975
v 0.101638 -0.119641 0.053706
v 0.107450 -0.122791 0.054423
v 0.106455 -0.124002 0.054129
v 0.099783 -0.121900 0.053047
v 0.098864 -0.123019 0.052665
v 0.104483 -0.126404 0.053410
v 0.105466 -0.125206 0.053788
v 0.111873 -0.127632 0.053345
v 0.110860 -0.128865 0.052765
v 0.115695 -0.133203 0.053108
v 0.116776 -0.131887 0.053739
v 0.122385 -0.135284 0.054276
v 0.121281 -0.136628 0.053678
v 0.120183 -0.137965 0.053052
v 0.110201 -0.129666 0.054231
v 0.109157 -0.130938 0.053816
v 0.113857 -0.135441 0.054249
v 0.112310 -0.127099 0.054933
v 0.117227 -0.131338 0.055463
v 0.111252 -0.128387 0.054607
v 0.116096 -0.132714 0.055108
v 0.121736 -0.136074 0.055441
v 0.114973 -0.134082 0.054699
v 0.120588 -0.137471 0.055100
v 0.119448 -0.138859 0.054704
v 0.128172 -0.138464 0.054383
v 0.129800 -0.136481 0.055172
v 0.129214 -0.137195 0.054810
v 0.128724 -0.137791 0.055089
v 0.126101 -0.140985 0.053445
v 0.132498 -0.143421 0.053575
v 0.131996 -0.144033 0.053292
v 0.131093 -0.145132 0.052976
v 0.131574 -0.144547 0.053560
v 0.127134 -0.139728 0.053929
v 0.125074 -0.142235 0.052934
v 0.130651 -0.145671 0.053504
v 0.129728 -0.146793 0.053410
v 0.128808 -0.147914 0.053279
v 0.125510 -0.141704 0.054564
v 0.124447 -0.142999 0.054296
v 0.127650 -0.139099 0.054957
v 0.126579 -0.140403 0.054782
v 0.103505 -0.127594 0.052994
v 0.108118 -0.132202 0.053361
v 0.107093 -0.133451 0.052838
v 0.111652 -0.138126 0.053189
v 0.112747 -0.136792 0.053755
v 0.118314 -0.140240 0.054265
v 0.117187 -0.141612 0.053783
v 0.116074 -0.142967 0.053226
v 0.122336 -0.145568 0.053617
v 0.127890 -0.149031 0.053105
v 0.126977 -0.150143 0.052886
v 0.123389 -0.144287 0.053976
v 0.121289 -0.146843 0.053217
v 0.120254 -0.148103 0.052748
v 0.142231 -0.162986 0.055581
v 0.140035 -0.162182 0.055581
v 0.137716 -0.161887 0.055581
v 0.135390 -0.162115 0.055581
v 0.133172 -0.162855 0.055581
v 0.131175 -0.164070 0.055581
v 0.140354 -0.166742 0.060387
v 0.139042 -0.166261 0.060387
v 0.137656 -0.166085 0.060387
v 0.136265 -0.166221 0.060387
v 0.134939 -0.166664 0.060387
v 0.133745 -0.167390 0.060387
v 0.094842 -0.138140 0.045461
v 0.099989 -0.142099 0.045333
v 0.105166 -0.146021 0.045720
v 0.098953 -0.143360 0.045199
v 0.104090 -0.147332 0.045073
v 0.109476 -0.151000 0.045717
v 0.108380 -0.152333 0.045083
v 0.099503 -0.142690 0.046582
v 0.103558 -0.147979 0.046426
v 0.102982 -0.148680 0.044936
v 0.107258 -0.153700 0.044975
v 0.107841 -0.152989 0.046483
v 0.104439 -0.146907 0.047595
v 0.108738 -0.151898 0.047659
v 0.109705 -0.150721 0.048690
v 0.115065 -0.154420 0.046675
v 0.114065 -0.155637 0.046045
v 0.118832 -0.160059 0.046530
v 0.113044 -0.156881 0.045508
v 0.112007 -0.158142 0.045465
v 0.112562 -0.157468 0.046839
v 0.117944 -0.161140 0.046127
v 0.117056 -0.162222 0.046154
v 0.122997 -0.165213 0.046780
v 0.122291 -0.166073 0.046858
v 0.119703 -0.158999 0.047018
v 0.113404 -0.156442 0.047894
v 0.117552 -0.161617 0.047310
v 0.118294 -0.160714 0.048175
v 0.125116 -0.162634 0.047754
v 0.124417 -0.163485 0.047389
v 0.123713 -0.164342 0.047050
v 0.129188 -0.167902 0.047649
v 0.128675 -0.168526 0.047404
v 0.130205 -0.166663 0.048183
v 0.129697 -0.167282 0.047913
v 0.127152 -0.167970 0.048372
v 0.127175 -0.167919 0.048410
v 0.127282 -0.167679 0.048546
v 0.128346 -0.168927 0.048372
v 0.127459 -0.167277 0.048775
v 0.128153 -0.169162 0.047211
v 0.127639 -0.169787 0.047276
v 0.122706 -0.165567 0.047756
v 0.127939 -0.169422 0.047933
v 0.123314 -0.164827 0.048409
v 0.126540 -0.169640 0.048372
v 0.126219 -0.172161 0.048372
v 0.126467 -0.174690 0.048372
v 0.127272 -0.177100 0.048372
v 0.128592 -0.179271 0.048372
v 0.115254 -0.154190 0.049628
v 0.114311 -0.155338 0.048810
v 0.119914 -0.158742 0.049573
v 0.119089 -0.159746 0.048917
v 0.128046 -0.166479 0.049236
v 0.124633 -0.163222 0.049438
v 0.128742 -0.165511 0.049691
v 0.128557 -0.165770 0.049580
v 0.128222 -0.166234 0.049355
v 0.123962 -0.164038 0.048959
v 0.127543 -0.167166 0.048850
v 0.127712 -0.166935 0.048980
v 0.125318 -0.162388 0.049863
v 0.128937 -0.165237 0.049808
v 0.129498 -0.165699 0.055581
v 0.128226 -0.167660 0.055581
v 0.127422 -0.169855 0.055581
v 0.127127 -0.172174 0.055581
v 0.127355 -0.174501 0.055581
v 0.128095 -0.176718 0.055581
v 0.129310 -0.178716 0.055581
v 0.132743 -0.168364 0.060387
v 0.131982 -0.169536 0.060387
v 0.131502 -0.170849 0.060387
v 0.131325 -0.172235 0.060387
v 0.131461 -0.173626 0.060387
v 0.131904 -0.174952 0.060387
v 0.132630 -0.176146 0.060387
v 0.144768 -0.163557 0.048372
v 0.146539 -0.165379 0.048372
v 0.147859 -0.167550 0.048372
v 0.148664 -0.169960 0.048372
v 0.148912 -0.172489 0.048372
v 0.152840 -0.178577 0.046858
v 0.152134 -0.179437 0.046780
v 0.163123 -0.186508 0.045465
v 0.162087 -0.187770 0.045508
v 0.158075 -0.182429 0.046154
v 0.157187 -0.183511 0.046127
v 0.162569 -0.187183 0.046839
v 0.156299 -0.184591 0.046530
v 0.161066 -0.189013 0.046045
v 0.160066 -0.190231 0.046675
v 0.147492 -0.174864 0.047276
v 0.146978 -0.175489 0.047211
v 0.152425 -0.179083 0.047756
v 0.148591 -0.175010 0.048372
v 0.147192 -0.175228 0.047933
v 0.151817 -0.179823 0.048409
v 0.151418 -0.180308 0.047050
v 0.146456 -0.176124 0.047404
v 0.145943 -0.176749 0.047649
v 0.150714 -0.181166 0.047389
v 0.150015 -0.182017 0.047754
v 0.146785 -0.175724 0.048372
v 0.147979 -0.176680 0.048372
v 0.147955 -0.176731 0.048410
v 0.147849 -0.176972 0.048546
v 0.147672 -0.177373 0.048775
v 0.145434 -0.177369 0.047913
v 0.144926 -0.177988 0.048183
v 0.157579 -0.183034 0.047310
v 0.156837 -0.183937 0.048175
v 0.155428 -0.185651 0.047018
v 0.161727 -0.188208 0.047894
v 0.167873 -0.190951 0.044975
v 0.172149 -0.195971 0.044936
v 0.167290 -0.191661 0.046483
v 0.166751 -0.192317 0.045083
v 0.165655 -0.193651 0.045717
v 0.171041 -0.197319 0.045073
v 0.176178 -0.201290 0.045199
v 0.175142 -0.202551 0.045333
v 0.169964 -0.198630 0.045720
v 0.171573 -0.196672 0.046426
v 0.175627 -0.201960 0.046582
v 0.180289 -0.206510 0.045461
v 0.166393 -0.192752 0.047659
v 0.170692 -0.197744 0.047595
v 0.165426 -0.193930 0.048690
v 0.147588 -0.177485 0.048850
v 0.147419 -0.177716 0.048980
v 0.151169 -0.180612 0.048959
v 0.147085 -0.178171 0.049236
v 0.146909 -0.178416 0.049355
v 0.146574 -0.178881 0.049580
v 0.146389 -0.179140 0.049691
v 0.150498 -0.181429 0.049438
v 0.149813 -0.182262 0.049863
v 0.156042 -0.184905 0.048917
v 0.155217 -0.185909 0.049573
v 0.160820 -0.189312 0.048810
v 0.159877 -0.190461 0.049628
v 0.144192 -0.164258 0.055581
v 0.145821 -0.165935 0.055581
v 0.147036 -0.167932 0.055581
v 0.147776 -0.170150 0.055581
v 0.148004 -0.172476 0.055581
v 0.147709 -0.174795 0.055581
v 0.146905 -0.176990 0.055581
v 0.141527 -0.167503 0.060387
v 0.142501 -0.168505 0.060387
v 0.143227 -0.169699 0.060387
v 0.143670 -0.171025 0.060387
v 0.143806 -0.172416 0.060387
v 0.143629 -0.173802 0.060387
v 0.143149 -0.175114 0.060387
v 0.137565 -0.172325 0.048372
v 0.149318 -0.182866 0.048127
v 0.144570 -0.178421 0.048372
v 0.145634 -0.179664 0.048372
v 0.145889 -0.179960 0.048372
v 0.145683 -0.180144 0.048467
v 0.145265 -0.180517 0.048657
v 0.145034 -0.180722 0.048762
v 0.144511 -0.181298 0.048372
v 0.148620 -0.183715 0.048500
v 0.142341 -0.182619 0.048372
v 0.154565 -0.186703 0.047536
v 0.159074 -0.191438 0.047340
v 0.153703 -0.187752 0.048063
v 0.152841 -0.188801 0.048589
v 0.158086 -0.192641 0.048013
v 0.157096 -0.193846 0.048685
v 0.137401 -0.183672 0.048372
v 0.139930 -0.183424 0.048372
v 0.130363 -0.181094 0.048372
v 0.132495 -0.182477 0.048372
v 0.134881 -0.183351 0.048372
v 0.164584 -0.194955 0.046449
v 0.174135 -0.203777 0.045936
v 0.168912 -0.199911 0.046461
v 0.173150 -0.204977 0.046623
v 0.179315 -0.207696 0.045586
v 0.184445 -0.211676 0.045686
v 0.183530 -0.212790 0.045806
v 0.179757 -0.207157 0.046746
v 0.178367 -0.208850 0.046144
v 0.177439 -0.209980 0.046779
v 0.182638 -0.213875 0.046325
v 0.163522 -0.196248 0.047216
v 0.174798 -0.202970 0.047664
v 0.167868 -0.201181 0.047234
v 0.169742 -0.198901 0.048623
v 0.173906 -0.204056 0.048616
v 0.172173 -0.206166 0.047340
v 0.162463 -0.197537 0.047991
v 0.161403 -0.198827 0.048764
v 0.166828 -0.202449 0.048014
v 0.171197 -0.207353 0.048063
v 0.165786 -0.203717 0.048793
v 0.178971 -0.208115 0.047748
v 0.183934 -0.212298 0.046882
v 0.183189 -0.213205 0.047812
v 0.178127 -0.209143 0.048628
v 0.176518 -0.211102 0.047441
v 0.181764 -0.214939 0.046916
v 0.180897 -0.215996 0.047530
v 0.182391 -0.214176 0.048627
v 0.170221 -0.208542 0.048783
v 0.175598 -0.212221 0.048108
v 0.174677 -0.213342 0.048772
v 0.180030 -0.217050 0.048148
v 0.179163 -0.218106 0.048762
v 0.144606 -0.181105 0.048952
v 0.144462 -0.181234 0.049016
v 0.144382 -0.181279 0.049045
v 0.144257 -0.181348 0.049090
v 0.143854 -0.181573 0.049232
v 0.147922 -0.184565 0.048869
v 0.146194 -0.179413 0.049808
v 0.146019 -0.179569 0.049888
v 0.145805 -0.179762 0.049975
v 0.145794 -0.179772 0.049980
v 0.145369 -0.180155 0.050152
v 0.145159 -0.180347 0.050223
v 0.149118 -0.183109 0.050245
v 0.144722 -0.180746 0.050368
v 0.144528 -0.180925 0.050426
v 0.144349 -0.181089 0.050478
v 0.144037 -0.181268 0.050548
v 0.143846 -0.181379 0.050586
v 0.143719 -0.181453 0.050611
v 0.148415 -0.183965 0.050589
v 0.147222 -0.185417 0.049229
v 0.143649 -0.181687 0.049305
v 0.143095 -0.181996 0.049493
v 0.142937 -0.182084 0.049546
v 0.142360 -0.182408 0.049733
v 0.142267 -0.182460 0.049763
v 0.146519 -0.186273 0.049574
v 0.142244 -0.182467 0.049769
v 0.143158 -0.181779 0.050712
v 0.143307 -0.181692 0.050690
v 0.141797 -0.182602 0.049880
v 0.141554 -0.182675 0.049940
v 0.141498 -0.182692 0.049954
v 0.140917 -0.182868 0.050088
v 0.140819 -0.182987 0.050127
v 0.145813 -0.187132 0.049908
v 0.154372 -0.186937 0.050163
v 0.153513 -0.187983 0.050699
v 0.158909 -0.191639 0.050372
v 0.151978 -0.189851 0.049111
v 0.151112 -0.190906 0.049620
v 0.156105 -0.195052 0.049351
v 0.147701 -0.184834 0.050876
v 0.142597 -0.182109 0.050790
v 0.142487 -0.182174 0.050803
v 0.142210 -0.182338 0.050833
v 0.146983 -0.185708 0.051133
v 0.141872 -0.182448 0.050857
v 0.141805 -0.182470 0.050860
v 0.141438 -0.182590 0.050875
v 0.141036 -0.182723 0.050888
v 0.141127 -0.182692 0.050887
v 0.141134 -0.182690 0.050887
v 0.146261 -0.186586 0.051363
v 0.157923 -0.192839 0.051056
v 0.152643 -0.189042 0.051191
v 0.151758 -0.190119 0.051611
v 0.156924 -0.194056 0.051688
v 0.150867 -0.191204 0.051995
v 0.155905 -0.195296 0.052239
v 0.145105 -0.187994 0.050226
v 0.140297 -0.183623 0.050318
v 0.139773 -0.184261 0.050495
v 0.139246 -0.184902 0.050658
v 0.144393 -0.188861 0.050522
v 0.150242 -0.191965 0.050111
v 0.149369 -0.193028 0.050587
v 0.155111 -0.196263 0.050003
v 0.154110 -0.197481 0.050633
v 0.140574 -0.183285 0.050941
v 0.140039 -0.183937 0.050978
v 0.145534 -0.187472 0.051542
v 0.144804 -0.188361 0.051694
v 0.139503 -0.184590 0.050993
v 0.138719 -0.185544 0.050808
v 0.138967 -0.185242 0.050986
v 0.143679 -0.189731 0.050803
v 0.144072 -0.189252 0.051819
v 0.138431 -0.185895 0.050954
v 0.142961 -0.190604 0.051066
v 0.142241 -0.191480 0.051309
v 0.141519 -0.192360 0.051533
v 0.143337 -0.190146 0.051907
v 0.142602 -0.191042 0.051960
v 0.141866 -0.191938 0.051984
v 0.149970 -0.192296 0.052344
v 0.149064 -0.193399 0.052632
v 0.148492 -0.194096 0.051045
v 0.147609 -0.195171 0.051475
v 0.153106 -0.198703 0.051247
v 0.146722 -0.196251 0.051885
v 0.152096 -0.199933 0.051839
v 0.164418 -0.195157 0.049618
v 0.168751 -0.200107 0.049552
v 0.172977 -0.205187 0.049475
v 0.163382 -0.196418 0.050467
v 0.167733 -0.201346 0.050404
v 0.172022 -0.206349 0.050263
v 0.177248 -0.210212 0.049421
v 0.181563 -0.215184 0.049363
v 0.176348 -0.211309 0.050148
v 0.162327 -0.197703 0.051252
v 0.166695 -0.202610 0.051193
v 0.171050 -0.207533 0.050993
v 0.161255 -0.199008 0.051983
v 0.160341 -0.200120 0.049530
v 0.164742 -0.204988 0.049563
v 0.169243 -0.209733 0.049496
v 0.159275 -0.201418 0.050281
v 0.163693 -0.206264 0.050318
v 0.168260 -0.210929 0.050193
v 0.173755 -0.214465 0.049428
v 0.180713 -0.216218 0.050036
v 0.179849 -0.217271 0.050658
v 0.178293 -0.219165 0.049369
v 0.172828 -0.215594 0.050069
v 0.171895 -0.216729 0.050690
v 0.177420 -0.220228 0.049961
v 0.170063 -0.208735 0.051674
v 0.160161 -0.200340 0.052627
v 0.165641 -0.203893 0.051929
v 0.164565 -0.205203 0.052581
v 0.169055 -0.209962 0.052277
v 0.158202 -0.202724 0.051008
v 0.162638 -0.207549 0.051050
v 0.167272 -0.212133 0.050869
v 0.157125 -0.204036 0.051717
v 0.161578 -0.208840 0.051763
v 0.175430 -0.212426 0.050821
v 0.174499 -0.213559 0.051448
v 0.178972 -0.218339 0.051238
v 0.173550 -0.214715 0.052001
v 0.172592 -0.215881 0.052516
v 0.178078 -0.219427 0.051750
v 0.177176 -0.220525 0.052224
v 0.141129 -0.192834 0.051978
v 0.140794 -0.193243 0.051738
v 0.140393 -0.193730 0.051938
v 0.145831 -0.197335 0.052273
v 0.144936 -0.198425 0.052637
v 0.151079 -0.201171 0.052398
v 0.176541 -0.221298 0.050534
v 0.166278 -0.213342 0.051526
v 0.156041 -0.205355 0.052402
v 0.165279 -0.214559 0.052162
v 0.160511 -0.210138 0.052453
v 0.170958 -0.217870 0.051293
v 0.175658 -0.222373 0.051091
v 0.174770 -0.223454 0.051627
v 0.170015 -0.219018 0.051876
v 0.169065 -0.220174 0.052427
v 0.173875 -0.224544 0.052134
v 0.172976 -0.225639 0.052620
v 0.188641 -0.216792 0.045907
v 0.192906 -0.221825 0.046144
v 0.187784 -0.217836 0.046021
v 0.192101 -0.222805 0.046245
v 0.186947 -0.218854 0.046502
v 0.191314 -0.223763 0.046685
v 0.197214 -0.226805 0.046371
v 0.196461 -0.227722 0.046460
v 0.201591 -0.231702 0.046627
v 0.200886 -0.232560 0.046696
v 0.206009 -0.236548 0.046860
v 0.188151 -0.217388 0.047016
v 0.192432 -0.222402 0.047170
v 0.186127 -0.219853 0.047048
v 0.196758 -0.227361 0.047314
v 0.187448 -0.218245 0.047875
v 0.191764 -0.223215 0.047958
v 0.186696 -0.219160 0.048628
v 0.191053 -0.224081 0.048648
v 0.196126 -0.228130 0.048035
v 0.201148 -0.232241 0.047489
v 0.195723 -0.228621 0.046859
v 0.190541 -0.224704 0.047183
v 0.185312 -0.220846 0.047615
v 0.189773 -0.225640 0.047701
v 0.194997 -0.229504 0.047312
v 0.194275 -0.230383 0.047782
v 0.184497 -0.221837 0.048185
v 0.189005 -0.226574 0.048220
v 0.195455 -0.228946 0.048664
v 0.183682 -0.222829 0.048751
v 0.188236 -0.227510 0.048735
v 0.193554 -0.231260 0.048253
v 0.192832 -0.232140 0.048719
v 0.200192 -0.233404 0.047049
v 0.199509 -0.234236 0.047451
v 0.205353 -0.237346 0.046912
v 0.205583 -0.237067 0.047643
v 0.204705 -0.238136 0.047223
v 0.204065 -0.238914 0.047578
v 0.200547 -0.232973 0.048139
v 0.199912 -0.233746 0.048703
v 0.198829 -0.235064 0.047868
v 0.205015 -0.237758 0.048226
v 0.204418 -0.238485 0.048730
v 0.198150 -0.235891 0.048286
v 0.197470 -0.236719 0.048698
v 0.203429 -0.239689 0.047946
v 0.202793 -0.240463 0.048314
v 0.202155 -0.241239 0.048678
v 0.210480 -0.241330 0.047111
v 0.209872 -0.242070 0.047141
v 0.214996 -0.246057 0.047334
v 0.210069 -0.241830 0.047813
v 0.214438 -0.246736 0.047347
v 0.209269 -0.242804 0.047406
v 0.213880 -0.247415 0.047570
v 0.219574 -0.250708 0.047588
v 0.219064 -0.251329 0.047576
v 0.214605 -0.246533 0.047958
v 0.209534 -0.242481 0.048327
v 0.208974 -0.243164 0.048767
v 0.214106 -0.247141 0.048408
v 0.219200 -0.251163 0.048132
v 0.208673 -0.243530 0.047711
v 0.213329 -0.248087 0.047830
v 0.218551 -0.251954 0.047752
v 0.208079 -0.244253 0.048027
v 0.212779 -0.248756 0.048098
v 0.213584 -0.247776 0.048790
v 0.207485 -0.244976 0.048343
v 0.206890 -0.245700 0.048654
v 0.212229 -0.249425 0.048367
v 0.218042 -0.252573 0.047960
v 0.218734 -0.251731 0.048512
v 0.217535 -0.253191 0.048176
v 0.217028 -0.253809 0.048391
v 0.224197 -0.255306 0.047794
v 0.223846 -0.255733 0.048264
v 0.223735 -0.255867 0.047765
v 0.223269 -0.256436 0.047903
v 0.222805 -0.257000 0.048068
v 0.223416 -0.256256 0.048583
v 0.222343 -0.257563 0.048239
v 0.221880 -0.258126 0.048409
v 0.228791 -0.259938 0.047907
v 0.228391 -0.260424 0.047881
v 0.228482 -0.260314 0.048305
v 0.227987 -0.260916 0.047996
v 0.228109 -0.260768 0.048573
v 0.227586 -0.261405 0.048133
v 0.227185 -0.261892 0.048275
v 0.232235 -0.265970 0.048247
v 0.232120 -0.266110 0.048239
v 0.232003 -0.266252 0.048271
v 0.231887 -0.266393 0.048309
v 0.227722 -0.261238 0.048794
v 0.226784 -0.262380 0.048416
v 0.232144 -0.266080 0.048359
v 0.232036 -0.266212 0.048434
v 0.231924 -0.266348 0.048496
v 0.231811 -0.266486 0.048548
v 0.185916 -0.220109 0.049307
v 0.190316 -0.224978 0.049268
v 0.194762 -0.229791 0.049228
v 0.194053 -0.230654 0.049742
v 0.185117 -0.221082 0.049927
v 0.189562 -0.225896 0.049834
v 0.184304 -0.222072 0.050501
v 0.188796 -0.226829 0.050356
v 0.182865 -0.223824 0.049309
v 0.187466 -0.228448 0.049244
v 0.186692 -0.229391 0.049738
v 0.192108 -0.233021 0.049179
v 0.182044 -0.224824 0.049854
v 0.193332 -0.231531 0.050214
v 0.192603 -0.232419 0.050652
v 0.199256 -0.234544 0.049207
v 0.203802 -0.239234 0.049178
v 0.198587 -0.235358 0.049664
v 0.196787 -0.237550 0.049104
v 0.203175 -0.239998 0.049582
v 0.197909 -0.236185 0.050082
v 0.197222 -0.237021 0.050468
v 0.202539 -0.240773 0.049951
v 0.201896 -0.241555 0.050289
v 0.183480 -0.223075 0.051034
v 0.188019 -0.227774 0.050841
v 0.182641 -0.224097 0.051504
v 0.187228 -0.228737 0.051267
v 0.191861 -0.233322 0.051036
v 0.181794 -0.225128 0.051940
v 0.208398 -0.243865 0.049156
v 0.213049 -0.248427 0.049125
v 0.207811 -0.244579 0.049504
v 0.212506 -0.249089 0.049422
v 0.211956 -0.249758 0.049689
v 0.218249 -0.252321 0.048831
v 0.217754 -0.252925 0.049106
v 0.217251 -0.253536 0.049348
v 0.216744 -0.254154 0.049561
v 0.207218 -0.245301 0.049819
v 0.222972 -0.256797 0.048847
v 0.222519 -0.257348 0.049071
v 0.222060 -0.257907 0.049265
v 0.227329 -0.261717 0.048981
v 0.226932 -0.262201 0.049141
v 0.211679 -0.250095 0.048630
v 0.216519 -0.254427 0.048601
v 0.221417 -0.258690 0.048575
v 0.220953 -0.259254 0.048735
v 0.226383 -0.262869 0.048553
v 0.225981 -0.263358 0.048685
v 0.231771 -0.266534 0.048349
v 0.231655 -0.266675 0.048388
v 0.231540 -0.266816 0.048426
v 0.231423 -0.266958 0.048462
v 0.231307 -0.267099 0.048496
v 0.231696 -0.266626 0.048593
v 0.231580 -0.266767 0.048631
v 0.231463 -0.266909 0.048665
v 0.231346 -0.267052 0.048690
v 0.231190 -0.267242 0.048527
v 0.231073 -0.267384 0.048555
v 0.231205 -0.267223 0.048564
v 0.231228 -0.267195 0.048711
v 0.231111 -0.267339 0.048727
v 0.230956 -0.267527 0.048581
v 0.230838 -0.267670 0.048602
v 0.230992 -0.267483 0.048737
v 0.230874 -0.267627 0.048742
v 0.230755 -0.267771 0.048742
v 0.230720 -0.267814 0.048621
v 0.230602 -0.267957 0.048636
v 0.230637 -0.267915 0.048738
v 0.230519 -0.268059 0.048728
v 0.230484 -0.268101 0.048648
v 0.230366 -0.268245 0.048656
v 0.230247 -0.268389 0.048661
v 0.230401 -0.268203 0.048714
v 0.230283 -0.268346 0.048695
v 0.230165 -0.268489 0.048672
v 0.191381 -0.233907 0.049626
v 0.185913 -0.230339 0.050215
v 0.181218 -0.225829 0.050380
v 0.185131 -0.231291 0.050677
v 0.190649 -0.234797 0.050055
v 0.189915 -0.235692 0.050470
v 0.196102 -0.238384 0.049498
v 0.201516 -0.242017 0.049035
v 0.200875 -0.242798 0.049380
v 0.200230 -0.243584 0.049709
v 0.195413 -0.239222 0.049875
v 0.194722 -0.240064 0.050239
v 0.201244 -0.242349 0.050580
v 0.194027 -0.240911 0.050586
v 0.199582 -0.244372 0.050026
v 0.198932 -0.245163 0.050327
v 0.198278 -0.245960 0.050606
v 0.186431 -0.229707 0.051660
v 0.180388 -0.226840 0.050890
v 0.191113 -0.234232 0.051388
v 0.185629 -0.230685 0.052023
v 0.180941 -0.226166 0.052344
v 0.184817 -0.231673 0.052336
v 0.190360 -0.235149 0.051713
v 0.184344 -0.232248 0.051121
v 0.179553 -0.227856 0.051382
v 0.183552 -0.233213 0.051538
v 0.189176 -0.236591 0.050869
v 0.188432 -0.237496 0.051242
v 0.187685 -0.238406 0.051598
v 0.178713 -0.228879 0.051845
v 0.184001 -0.232666 0.052617
v 0.182756 -0.234182 0.051937
v 0.177867 -0.229908 0.052290
v 0.189600 -0.236075 0.051991
v 0.188836 -0.237005 0.052239
v 0.188068 -0.237940 0.052459
v 0.196524 -0.237870 0.050803
v 0.195821 -0.238726 0.051109
v 0.195114 -0.239586 0.051390
v 0.200587 -0.243149 0.050845
v 0.199926 -0.243953 0.051085
v 0.194401 -0.240455 0.051626
v 0.193327 -0.241762 0.050910
v 0.192624 -0.242618 0.051218
v 0.199261 -0.244764 0.051285
v 0.197621 -0.246760 0.050870
v 0.198592 -0.245578 0.051458
v 0.197921 -0.246395 0.051608
v 0.193684 -0.241328 0.051835
v 0.192964 -0.242205 0.052017
v 0.181956 -0.235156 0.052316
v 0.186934 -0.239320 0.051935
v 0.187296 -0.238880 0.052644
v 0.186180 -0.240238 0.052251
v 0.185422 -0.241161 0.052544
v 0.191919 -0.243477 0.051507
v 0.196961 -0.247563 0.051117
v 0.196299 -0.248369 0.051345
v 0.195634 -0.249179 0.051553
v 0.192241 -0.243085 0.052167
v 0.191210 -0.244340 0.051777
v 0.191515 -0.243968 0.052283
v 0.190788 -0.244853 0.052371
v 0.197247 -0.247215 0.051727
v 0.196571 -0.248038 0.051815
v 0.195894 -0.248862 0.051877
v 0.190498 -0.245207 0.052025
v 0.190060 -0.245740 0.052431
v 0.189783 -0.246077 0.052254
v 0.189331 -0.246627 0.052458
v 0.195217 -0.249686 0.051912
v 0.194967 -0.249991 0.051743
v 0.194539 -0.250512 0.051918
v 0.206294 -0.246425 0.048958
v 0.205696 -0.247154 0.049251
v 0.211127 -0.250767 0.048887
v 0.210573 -0.251441 0.049133
v 0.205095 -0.247886 0.049529
v 0.210017 -0.252119 0.049366
v 0.216010 -0.255047 0.048805
v 0.216232 -0.254777 0.049751
v 0.215499 -0.255669 0.048999
v 0.214987 -0.256293 0.049180
v 0.206618 -0.246031 0.050107
v 0.211401 -0.250433 0.049931
v 0.210840 -0.251116 0.050133
v 0.206011 -0.246770 0.050351
v 0.205400 -0.247514 0.050570
v 0.210276 -0.251803 0.050312
v 0.209710 -0.252493 0.050470
v 0.215716 -0.255405 0.049906
v 0.215198 -0.256036 0.050038
v 0.209459 -0.252798 0.049587
v 0.214473 -0.256919 0.049351
v 0.213957 -0.257547 0.049509
v 0.213439 -0.258177 0.049650
v 0.204491 -0.248621 0.049795
v 0.203885 -0.249358 0.050047
v 0.208899 -0.253480 0.049795
v 0.209140 -0.253187 0.050595
v 0.208336 -0.254165 0.049984
v 0.207771 -0.254852 0.050159
v 0.203276 -0.250100 0.050278
v 0.202665 -0.250844 0.050495
v 0.208568 -0.253883 0.050697
v 0.214677 -0.256670 0.050152
v 0.214155 -0.257306 0.050236
v 0.212920 -0.258809 0.049778
v 0.213631 -0.257944 0.050298
v 0.213106 -0.258583 0.050342
v 0.221597 -0.258470 0.049434
v 0.221132 -0.259037 0.049581
v 0.220488 -0.259821 0.048886
v 0.220021 -0.260389 0.049024
v 0.220662 -0.259608 0.049696
v 0.226531 -0.262689 0.049280
v 0.226127 -0.263180 0.049402
v 0.225578 -0.263849 0.048808
v 0.225173 -0.264341 0.048921
v 0.224768 -0.264835 0.049025
v 0.225721 -0.263675 0.049495
v 0.225313 -0.264171 0.049571
v 0.224904 -0.264669 0.049633
v 0.220192 -0.260182 0.049792
v 0.219719 -0.260757 0.049871
v 0.219553 -0.260959 0.049154
v 0.219084 -0.261530 0.049271
v 0.218614 -0.262103 0.049372
v 0.218142 -0.262677 0.049463
v 0.217670 -0.263252 0.049540
v 0.224362 -0.265329 0.049120
v 0.223954 -0.265826 0.049200
v 0.224494 -0.265168 0.049672
v 0.224084 -0.265668 0.049694
v 0.223546 -0.266323 0.049271
v 0.223673 -0.266168 0.049701
v 0.223263 -0.266668 0.049691
v 0.223137 -0.266820 0.049330
v 0.222728 -0.267319 0.049378
v 0.222853 -0.267167 0.049662
v 0.219245 -0.261334 0.049922
v 0.218771 -0.261911 0.049954
v 0.218296 -0.262489 0.049970
v 0.217821 -0.263067 0.049965
v 0.204786 -0.248262 0.050766
v 0.204168 -0.249014 0.050926
v 0.203547 -0.249770 0.051061
v 0.202925 -0.250528 0.051173
v 0.207995 -0.254580 0.050778
v 0.202051 -0.251591 0.050696
v 0.207205 -0.255542 0.050319
v 0.206637 -0.256234 0.050463
v 0.206067 -0.256927 0.050591
v 0.212400 -0.259443 0.049892
v 0.211878 -0.260078 0.049991
v 0.212581 -0.259222 0.050363
v 0.212056 -0.259862 0.050359
v 0.211355 -0.260714 0.050075
v 0.210832 -0.261351 0.050144
v 0.211530 -0.260501 0.050336
v 0.211006 -0.261140 0.050292
v 0.205496 -0.257623 0.050702
v 0.210482 -0.261777 0.050226
v 0.217197 -0.263828 0.049604
v 0.216723 -0.264405 0.049654
v 0.216248 -0.264982 0.049690
v 0.215927 -0.265373 0.049745
v 0.222318 -0.267818 0.049413
v 0.222443 -0.267666 0.049617
v 0.221907 -0.268318 0.049437
v 0.221626 -0.268660 0.049478
v 0.222034 -0.268164 0.049556
v 0.217346 -0.263645 0.049937
v 0.216872 -0.264222 0.049892
v 0.216399 -0.264799 0.049829
v 0.207420 -0.255280 0.050834
v 0.206845 -0.255980 0.050863
v 0.202300 -0.251288 0.051259
v 0.201675 -0.252050 0.051314
v 0.201436 -0.252341 0.050879
v 0.200818 -0.253093 0.051044
v 0.206270 -0.256680 0.050871
v 0.205694 -0.257381 0.050856
v 0.201048 -0.252812 0.051346
v 0.200198 -0.253847 0.051191
v 0.205119 -0.258081 0.050816
v 0.200422 -0.253575 0.051354
v 0.199795 -0.254338 0.051334
v 0.145633 -0.178952 0.055581
v 0.143956 -0.180581 0.055581
v 0.141959 -0.181796 0.055581
v 0.154877 -0.196547 0.052748
v 0.153842 -0.197808 0.053217
v 0.148154 -0.194507 0.052886
v 0.147240 -0.195619 0.053105
v 0.152795 -0.199082 0.053617
v 0.151742 -0.200364 0.053976
v 0.139741 -0.182536 0.055581
v 0.137414 -0.182764 0.055581
v 0.135095 -0.182469 0.055581
v 0.130939 -0.180392 0.055581
v 0.132900 -0.181665 0.055581
v 0.159057 -0.201684 0.053226
v 0.168038 -0.211200 0.052838
v 0.163479 -0.206525 0.053189
v 0.167013 -0.212448 0.053361
v 0.157944 -0.203039 0.053783
v 0.156817 -0.204411 0.054265
v 0.162384 -0.207859 0.053755
v 0.171626 -0.217057 0.052994
v 0.137565 -0.172325 0.060387
v 0.142388 -0.176287 0.060387
v 0.141386 -0.177261 0.060387
v 0.140192 -0.177987 0.060387
v 0.138866 -0.178429 0.060387
v 0.137475 -0.178566 0.060387
v 0.136089 -0.178389 0.060387
v 0.134776 -0.177909 0.060387
v 0.133604 -0.177148 0.060387
v 0.146323 -0.196737 0.053279
v 0.145402 -0.197857 0.053410
v 0.144480 -0.198980 0.053504
v 0.150057 -0.202415 0.052934
v 0.150684 -0.201652 0.054296
v 0.149621 -0.202947 0.054564
v 0.144037 -0.199519 0.052976
v 0.143557 -0.200104 0.053560
v 0.143135 -0.200617 0.053292
v 0.142633 -0.201229 0.053575
v 0.149030 -0.203666 0.053445
v 0.147997 -0.204923 0.053929
v 0.148552 -0.204247 0.054782
v 0.147481 -0.205552 0.054957
v 0.146959 -0.206187 0.054383
v 0.146407 -0.206859 0.055089
v 0.145917 -0.207456 0.054810
v 0.145331 -0.208169 0.055172
v 0.154948 -0.206686 0.053052
v 0.165974 -0.213712 0.053816
v 0.161274 -0.209209 0.054249
v 0.164929 -0.214984 0.054231
v 0.159436 -0.211447 0.053108
v 0.164271 -0.215786 0.052765
v 0.163258 -0.217019 0.053345
v 0.153850 -0.208023 0.053678
v 0.152746 -0.209367 0.054276
v 0.158355 -0.212763 0.053739
v 0.170648 -0.218247 0.053410
v 0.176267 -0.221631 0.052665
v 0.175348 -0.222751 0.053047
v 0.169665 -0.219444 0.053788
v 0.168110 -0.221337 0.052957
v 0.174423 -0.223877 0.053394
v 0.168676 -0.220648 0.054129
v 0.167681 -0.221860 0.054423
v 0.173493 -0.225009 0.053706
v 0.172557 -0.226148 0.053975
v 0.155683 -0.205791 0.054704
v 0.154543 -0.207179 0.055100
v 0.160158 -0.210569 0.054699
v 0.153395 -0.208577 0.055441
v 0.163879 -0.216264 0.054607
v 0.159034 -0.211936 0.055108
v 0.162821 -0.217551 0.054933
v 0.157904 -0.213313 0.055463
v 0.162240 -0.218259 0.053900
v 0.157267 -0.214087 0.054342
v 0.161215 -0.219506 0.054426
v 0.167150 -0.222506 0.053463
v 0.172071 -0.226740 0.053084
v 0.171162 -0.227847 0.053523
v 0.166185 -0.223681 0.053942
v 0.171617 -0.227293 0.054199
v 0.170673 -0.228441 0.054388
v 0.165213 -0.224863 0.054393
v 0.170248 -0.228960 0.053935
v 0.169727 -0.229593 0.054538
v 0.169329 -0.230078 0.054322
v 0.151635 -0.210719 0.054844
v 0.150518 -0.212079 0.055381
v 0.161757 -0.218846 0.055210
v 0.156174 -0.215419 0.054916
v 0.160690 -0.220145 0.055444
v 0.152242 -0.209981 0.055728
v 0.151084 -0.211390 0.055969
v 0.156767 -0.214697 0.055765
v 0.155626 -0.216086 0.056022
v 0.160185 -0.220761 0.054924
v 0.155073 -0.216758 0.055459
v 0.159149 -0.222022 0.055393
v 0.149395 -0.213446 0.055888
v 0.149923 -0.212804 0.056163
v 0.148758 -0.214221 0.056305
v 0.159619 -0.221449 0.055635
v 0.154481 -0.217480 0.056232
v 0.153968 -0.218104 0.055973
v 0.158545 -0.222756 0.055779
v 0.153332 -0.218878 0.056392
v 0.166681 -0.223077 0.054671
v 0.165677 -0.224299 0.054879
v 0.164670 -0.225525 0.055047
v 0.164238 -0.226051 0.054818
v 0.163661 -0.226753 0.055171
v 0.168779 -0.230748 0.054646
v 0.180078 -0.227217 0.052693
v 0.179210 -0.228273 0.053009
v 0.183181 -0.233664 0.052868
v 0.178338 -0.229335 0.053293
v 0.177018 -0.230942 0.052712
v 0.182357 -0.234668 0.053081
v 0.177461 -0.230403 0.053536
v 0.181529 -0.235676 0.053256
v 0.176164 -0.231982 0.053111
v 0.181152 -0.236135 0.052672
v 0.180698 -0.236687 0.053398
v 0.186521 -0.239823 0.052793
v 0.185744 -0.240769 0.052912
v 0.176579 -0.231477 0.053738
v 0.175695 -0.232553 0.053906
v 0.180343 -0.237119 0.053004
v 0.175305 -0.233028 0.053486
v 0.179532 -0.238107 0.053315
v 0.179866 -0.237700 0.053508
v 0.179032 -0.238716 0.053581
v 0.184661 -0.242088 0.052817
v 0.184966 -0.241717 0.053000
v 0.184186 -0.242666 0.053054
v 0.174443 -0.234078 0.053836
v 0.174808 -0.233633 0.054039
v 0.173919 -0.234715 0.054132
g prop
f 426 874 795
f 425 874 426
f 435 544 437
f 427 874 428
f 428 874 425
f 427 435 874
f 437 543 547
f 437 547 438
f 437 438 441
f 437 442 443
f 437 440 442
f 437 441 440
f 437 443 444
f 435 437 874
f 437 444 874
f 426 795 860
f 425 426 704
f 427 707 535
f 428 425 705
f 427 428 706
f 427 538 435
f 427 535 536
f 427 537 538
f 427 536 537
f 435 538 539
f 435 539 528
f 435 531 532
f 435 529 530
f 435 530 531
f 435 532 544
f 435 528 529
f 437 544 545
f 437 546 543
f 437 545 546
f 707 569 535
f 707 567 568
f 707 568 569
f 707 570 567
f 708 571 570
f 708 572 571
f 708 576 575
f 708 577 576
f 708 541 577
f 708 575 572
f 708 551 540
f 708 540 541
f 709 553 549
f 709 554 553
f 709 556 554
f 709 552 550
f 709 550 551
f 709 549 552
f 709 559 557
f 709 558 559
f 709 557 556
f 781 560 558
f 781 780 560
f 426 860 704
f 425 704 705
f 428 705 706
f 427 706 707
f 707 708 570
f 708 709 551
f 709 781 558
f 704 860 867
f 705 704 710
f 706 705 711
f 707 706 712
f 704 867 710
f 705 710 711
f 707 713 708
f 708 714 709
f 709 715 781
f 706 711 712
f 707 712 713
f 708 713 714
f 710 867 1477
f 712 711 1477
f 710 1477 711
f 709 714 715
f 715 788 781
f 713 712 1477
f 713 1477 714
f 715 714 1477
f 715 1477 788
f 874 444 755
f 762 874 755
f 762 755 752
f 762 763 874
f 763 764 874
f 764 765 874
f 765 766 874
f 766 893 874
f 781 773 780
f 781 774 773
f 781 775 774
f 781 778 771
f 781 771 775
f 782 756 777
f 782 777 778
f 782 753 754
f 782 754 756
f 782 752 753
f 762 752 782
f 762 783 763
f 763 784 764
f 764 785 765
f 765 786 766
f 766 787 893
f 781 782 778
f 762 782 783
f 763 783 784
f 764 784 785
f 765 785 786
f 766 786 787
f 787 1467 893
f 781 788 782
f 782 789 783
f 783 790 784
f 784 791 785
f 782 788 789
f 783 789 790
f 788 1477 789
f 789 1477 790
f 790 1477 791
f 791 1477 792
f 784 790 791
f 785 791 792
f 792 1477 793
f 793 1477 794
f 794 1477 1485
f 785 792 786
f 793 787 786
f 787 794 1467
f 792 793 786
f 793 794 787
f 794 1485 1467
f 795 874 796
f 796 874 797
f 797 874 798
f 798 874 799
f 799 874 813
f 813 821 822
f 813 874 821
f 874 876 821
f 795 796 861
f 796 797 862
f 797 798 863
f 798 799 864
f 799 813 865
f 813 822 866
f 866 822 823
f 866 823 824
f 866 824 825
f 866 825 847
f 866 847 848
f 1455 848 850
f 1455 850 851
f 1455 851 852
f 1455 852 853
f 1455 853 937
f 795 861 860
f 796 862 861
f 797 863 862
f 798 864 863
f 799 865 864
f 813 866 865
f 866 848 1455
f 860 861 868
f 861 862 869
f 862 863 870
f 860 868 867
f 861 869 868
f 862 870 869
f 871 863 864
f 872 864 865
f 865 866 873
f 866 1455 1478
f 870 863 871
f 871 864 872
f 867 868 1477
f 868 869 1477
f 869 870 1477
f 872 865 873
f 866 1478 873
f 870 871 1477
f 871 872 1477
f 872 873 1477
f 873 1478 1477
f 874 882 876
f 874 884 882
f 882 877 876
f 882 878 877
f 882 879 878
f 882 880 879
f 882 881 880
f 882 931 881
f 882 932 931
f 874 892 884
f 874 895 891
f 874 891 892
f 882 884 935
f 874 894 895
f 874 893 894
f 882 933 932
f 882 934 933
f 882 935 934
f 884 952 935
f 884 954 953
f 884 955 954
f 884 953 952
f 884 956 955
f 884 892 961
f 884 958 956
f 884 961 958
f 892 962 961
f 892 963 962
f 892 964 963
f 1455 937 938
f 1455 938 939
f 1456 939 940
f 1456 940 941
f 1456 941 942
f 1456 942 944
f 1456 944 945
f 1456 945 946
f 1456 946 947
f 1456 947 948
f 1456 948 949
f 1457 949 960
f 1457 960 959
f 1457 959 974
f 1457 974 975
f 1457 975 976
f 1457 976 978
f 1457 978 979
f 1457 979 980
f 1464 981 964
f 1464 980 983
f 1464 983 982
f 1464 982 981
f 891 1465 892
f 895 1466 891
f 892 1464 964
f 894 1468 895
f 893 1467 894
f 1455 939 1456
f 1456 949 1457
f 1457 980 1464
f 892 1465 1464
f 891 1466 1465
f 895 1468 1466
f 894 1467 1468
f 1455 1456 1479
f 1480 1456 1457
f 1481 1457 1464
f 1455 1479 1478
f 1480 1479 1456
f 1477 1478 1479
f 1477 1479 1480
f 1477 1480 1481
f 1477 1481 1482
f 1480 1457 1481
f 1482 1481 1464
f 1483 1482 1465
f 1477 1483 1484
f 1477 1482 1483
f 1477 1484 1485
f 1482 1464 1465
f 1483 1465 1466
f 1468 1484 1466
f 1467 1485 1468
f 1483 1466 1484
f 1468 1485 1484
f 802 803 832
f 803 835 832
f 802 805 803
f 802 832 834
f 804 801 805
f 802 804 805
f 803 805 807
f 804 800 801
f 804 828 800
f 805 801 816
f 804 806 828
f 802 806 804
f 802 834 806
f 803 808 835
f 808 836 835
f 805 816 807
f 808 807 830
f 803 807 808
f 808 809 836
f 809 896 836
f 808 830 809
f 800 810 811
f 801 811 817
f 800 812 810
f 800 811 801
f 810 812 814
f 814 822 821
f 814 815 822
f 812 815 814
f 801 817 816
f 810 876 811
f 816 817 818
f 811 876 817
f 816 818 819
f 817 876 818
f 818 826 819
f 819 826 820
f 810 814 876
f 814 821 876
f 815 823 822
f 815 824 823
f 815 849 824
f 849 825 824
f 818 876 826
f 820 826 827
f 826 876 827
f 820 827 875
f 800 828 812
f 812 828 829
f 828 831 829
f 806 831 828
f 806 834 844
f 806 844 831
f 812 829 815
f 816 819 807
f 819 830 807
f 830 885 809
f 819 820 830
f 820 885 830
f 815 829 856
f 815 856 849
f 829 858 856
f 829 831 858
f 844 846 831
f 831 846 858
f 832 835 833
f 832 833 841
f 832 841 834
f 833 835 837
f 835 836 837
f 837 836 840
f 833 837 838
f 833 838 842
f 837 840 839
f 837 839 838
f 834 841 845
f 836 896 840
f 833 842 841
f 838 839 843
f 838 843 903
f 839 900 843
f 838 903 842
f 834 845 844
f 841 908 845
f 841 842 908
f 844 845 910
f 844 910 846
f 849 847 825
f 849 848 847
f 849 854 848
f 854 850 848
f 854 851 850
f 854 855 851
f 855 852 851
f 855 853 852
f 849 856 857
f 849 857 854
f 854 857 967
f 856 859 857
f 856 858 859
f 858 846 1023
f 858 1023 859
f 854 967 855
f 809 886 896
f 827 876 877
f 827 877 875
f 875 877 878
f 875 878 883
f 883 878 879
f 883 879 880
f 883 880 881
f 883 881 936
f 820 875 885
f 885 887 886
f 809 885 886
f 886 907 896
f 886 887 889
f 886 889 907
f 907 889 913
f 885 875 887
f 875 883 887
f 887 888 889
f 883 888 887
f 883 936 888
f 888 970 890
f 889 890 913
f 889 888 890
f 890 914 913
f 839 840 897
f 840 896 898
f 896 907 898
f 840 898 897
f 897 898 899
f 898 909 899
f 839 897 900
f 897 904 900
f 843 900 901
f 900 904 902
f 900 902 901
f 901 902 1084
f 843 919 903
f 897 899 904
f 904 899 905
f 904 905 906
f 843 901 919
f 901 1095 919
f 904 906 902
f 901 1084 1095
f 902 906 1086
f 902 1086 1084
f 906 1088 1086
f 906 905 923
f 906 923 1088
f 923 1097 1088
f 898 907 909
f 907 913 909
f 845 911 910
f 845 908 911
f 909 913 915
f 899 909 912
f 909 915 912
f 912 915 916
f 913 914 915
f 915 914 917
f 915 917 916
f 916 917 926
f 842 903 918
f 842 918 908
f 903 920 918
f 903 919 920
f 919 1095 1099
f 919 1099 920
f 908 918 921
f 908 921 911
f 918 925 921
f 918 920 925
f 899 912 905
f 912 922 905
f 905 922 923
f 912 916 922
f 922 927 924
f 923 922 924
f 923 924 1097
f 924 1107 1097
f 922 916 927
f 920 1099 1101
f 920 1101 925
f 924 929 1107
f 916 926 927
f 926 928 927
f 927 928 929
f 924 927 929
f 929 1111 1107
f 929 928 930
f 929 930 1111
f 930 1114 1111
f 936 881 931
f 936 931 932
f 936 932 933
f 933 934 951
f 936 933 951
f 943 937 853
f 855 943 853
f 943 938 937
f 943 939 938
f 943 940 939
f 950 941 940
f 943 950 940
f 950 942 941
f 977 947 946
f 973 944 942
f 950 973 942
f 973 945 944
f 977 946 945
f 951 935 952
f 951 934 935
f 957 952 953
f 957 953 954
f 951 952 957
f 966 954 955
f 957 954 966
f 966 955 956
f 966 956 958
f 991 958 961
f 965 963 964
f 991 961 962
f 991 962 963
f 966 958 991
f 965 964 981
f 965 981 992
f 855 967 968
f 857 969 967
f 855 968 943
f 943 986 950
f 943 968 986
f 967 985 968
f 857 859 969
f 859 1023 1026
f 859 1026 969
f 967 969 985
f 969 1026 1032
f 936 970 888
f 936 951 970
f 951 971 970
f 951 957 971
f 970 971 972
f 970 972 890
f 890 972 914
f 972 1036 914
f 971 998 972
f 957 966 996
f 957 996 971
f 977 948 947
f 984 949 948
f 984 960 949
f 984 959 960
f 973 977 945
f 977 984 948
f 1002 974 959
f 1002 975 974
f 1000 981 982
f 1003 976 975
f 1003 978 976
f 1003 979 978
f 984 1002 959
f 1002 1003 975
f 968 985 988
f 969 1032 985
f 950 987 973
f 950 986 987
f 968 988 986
f 973 989 977
f 973 987 989
f 986 990 987
f 977 1016 984
f 985 1032 1035
f 985 1035 988
f 977 989 1016
f 987 1458 989
f 986 988 990
f 988 1035 1050
f 987 990 1458
f 988 1050 990
f 965 995 963
f 991 963 995
f 992 981 993
f 965 992 1007
f 993 981 994
f 965 1007 995
f 992 993 1010
f 992 1010 1007
f 972 998 1036
f 966 997 996
f 966 991 997
f 971 996 998
f 991 995 1018
f 991 1018 997
f 996 997 999
f 998 1039 1036
f 996 999 998
f 998 999 1039
f 999 1054 1039
f 1000 1001 981
f 1001 1004 981
f 1008 980 979
f 1008 983 980
f 1008 982 983
f 1004 1006 981
f 1000 982 1013
f 1003 1008 979
f 994 981 1009
f 1006 1009 981
f 994 1009 1005
f 993 994 1011
f 1000 1014 1001
f 1001 1015 1004
f 1008 1013 982
f 1000 1013 1014
f 994 1005 1012
f 1005 1009 1067
f 993 1011 1010
f 994 1012 1011
f 1004 1066 1006
f 1006 1068 1009
f 1001 1014 1015
f 1004 1015 1066
f 1005 1067 1012
f 1006 1066 1068
f 1009 1068 1067
f 997 1018 1020
f 997 1020 999
f 984 1017 1002
f 984 1016 1017
f 989 1459 1016
f 1002 1460 1003
f 1002 1017 1460
f 1003 1461 1008
f 989 1458 1459
f 995 1007 1019
f 995 1019 1018
f 1007 1010 1021
f 1007 1021 1019
f 1018 1019 1022
f 1010 1011 1069
f 999 1020 1054
f 1018 1022 1020
f 1020 1057 1054
f 1020 1022 1057
f 1003 1460 1461
f 1008 1486 1013
f 1010 1069 1021
f 1019 1021 1071
f 1013 1487 1014
f 1019 1071 1022
f 1022 1074 1057
f 846 910 1024
f 846 1024 1023
f 910 1025 1024
f 910 911 1025
f 1024 1025 1028
f 1023 1024 1027
f 1023 1027 1026
f 1024 1028 1027
f 914 1036 917
f 1026 1027 1033
f 1028 1034 1027
f 911 921 1029
f 911 1029 1025
f 921 1030 1029
f 1025 1029 1031
f 921 925 1030
f 925 1101 1186
f 925 1186 1030
f 1029 1030 1043
f 1030 1186 1190
f 1025 1031 1028
f 1029 1043 1031
f 1028 1031 1059
f 1028 1059 1034
f 1030 1190 1043
f 1026 1033 1032
f 1032 1033 1051
f 1027 1034 1033
f 1033 1049 1051
f 1034 1049 1033
f 1032 1051 1035
f 917 1036 1037
f 917 1037 926
f 926 1037 1038
f 1036 1039 1037
f 1037 1039 1040
f 1039 1054 1040
f 1037 1040 1038
f 1038 1040 1041
f 1040 1055 1041
f 1041 1055 1056
f 926 1038 928
f 928 1038 1042
f 928 1042 930
f 1038 1041 1042
f 930 1042 1045
f 930 1045 1114
f 1031 1044 1059
f 1043 1190 1192
f 1031 1043 1044
f 1043 1192 1044
f 1042 1046 1045
f 1045 1194 1114
f 1045 1048 1194
f 1048 1198 1194
f 1041 1046 1042
f 1041 1056 1046
f 1046 1047 1048
f 1046 1056 1047
f 1045 1046 1048
f 1048 1072 1198
f 1048 1047 1072
f 1035 1051 1052
f 1035 1052 1050
f 1049 1053 1051
f 1051 1053 1052
f 1053 1470 1052
f 1040 1054 1055
f 1054 1057 1055
f 1055 1057 1058
f 1055 1058 1056
f 1056 1058 1073
f 1057 1074 1058
f 1034 1059 1060
f 1034 1060 1049
f 1059 1061 1060
f 1044 1061 1059
f 1044 1192 1210
f 1044 1210 1061
f 1061 1064 1060
f 1049 1060 1062
f 1049 1062 1053
f 1060 1064 1062
f 1056 1073 1047
f 1061 1210 1212
f 1061 1212 1064
f 1062 1063 1053
f 1053 1063 1470
f 1062 1065 1063
f 1062 1064 1065
f 1064 1212 1215
f 1064 1215 1065
f 1065 1215 1287
f 1063 1065 1515
f 1011 1012 1070
f 1011 1070 1069
f 1014 1488 1015
f 1015 1493 1066
f 1021 1069 1489
f 1012 1067 1492
f 1012 1492 1070
f 1067 1068 1494
f 1066 1495 1068
f 1021 1489 1071
f 1022 1071 1074
f 1071 1504 1074
f 1072 1268 1198
f 1072 1078 1268
f 1058 1074 1076
f 1074 1504 1076
f 1058 1076 1073
f 1073 1076 1075
f 1076 1508 1075
f 1047 1073 1077
f 1072 1047 1077
f 1073 1075 1077
f 1077 1080 1078
f 1072 1077 1078
f 1268 1078 1284
f 1078 1079 1284
f 1078 1080 1079
f 1079 1291 1284
f 1077 1075 1080
f 1080 1081 1079
f 1080 1075 1509
f 1065 1287 1515
f 1515 1287 1571
f 1080 1509 1081
f 1081 1518 1082
f 1079 1081 1082
f 1079 1082 1291
f 1082 1296 1291
f 1082 1518 1083
f 1082 1083 1296
f 1083 1299 1296
f 1084 1086 1085
f 1084 1096 1095
f 1084 1085 1096
f 1086 1088 1087
f 1085 1086 1087
f 1088 1097 1089
f 1087 1088 1089
f 1085 1087 1090
f 1087 1091 1090
f 1085 1090 1098
f 1087 1089 1091
f 1089 1105 1091
f 1090 1091 1092
f 1091 1105 1093
f 1091 1093 1092
f 1090 1092 1104
f 1092 1093 1094
f 1095 1100 1099
f 1095 1096 1100
f 1089 1097 1106
f 1085 1098 1096
f 1089 1106 1105
f 1090 1104 1098
f 1096 1098 1103
f 1096 1103 1100
f 1098 1124 1103
f 1099 1100 1102
f 1099 1102 1101
f 1100 1103 1113
f 1100 1113 1102
f 1092 1121 1104
f 1098 1104 1124
f 1092 1094 1121
f 1093 1120 1094
f 1097 1107 1106
f 1107 1111 1108
f 1106 1107 1108
f 1105 1106 1109
f 1105 1109 1118
f 1106 1108 1109
f 1108 1110 1109
f 1109 1110 1119
f 1108 1111 1112
f 1111 1114 1112
f 1103 1125 1113
f 1108 1112 1110
f 1110 1112 1116
f 1110 1116 1126
f 1112 1114 1115
f 1112 1115 1116
f 1116 1115 1117
f 1116 1117 1129
f 1093 1105 1118
f 1109 1119 1118
f 1093 1118 1120
f 1118 1119 1122
f 1110 1126 1119
f 1119 1126 1123
f 1118 1122 1120
f 1094 1120 1134
f 1094 1134 1137
f 1120 1122 1135
f 1120 1135 1134
f 1104 1121 1127
f 1094 1137 1121
f 1122 1139 1135
f 1119 1123 1122
f 1123 1126 1131
f 1122 1123 1139
f 1123 1148 1139
f 1103 1124 1125
f 1104 1127 1124
f 1124 1128 1125
f 1121 1144 1127
f 1121 1137 1144
f 1124 1127 1128
f 1127 1144 1145
f 1127 1145 1128
f 1123 1131 1148
f 1116 1129 1126
f 1126 1129 1131
f 1117 1130 1129
f 1129 1130 1132
f 1129 1132 1131
f 1148 1131 1151
f 1131 1132 1151
f 1132 1154 1151
f 1132 1130 1133
f 1132 1133 1154
f 1133 1273 1155
f 1133 1155 1154
f 1134 1135 1136
f 1134 1143 1137
f 1134 1136 1143
f 1135 1139 1138
f 1135 1138 1136
f 1139 1148 1140
f 1139 1140 1138
f 1136 1138 1141
f 1138 1142 1141
f 1136 1147 1143
f 1136 1141 1147
f 1138 1140 1142
f 1140 1150 1142
f 1141 1142 1161
f 1137 1146 1144
f 1137 1143 1146
f 1144 1153 1145
f 1144 1146 1153
f 1143 1158 1146
f 1143 1147 1158
f 1141 1162 1147
f 1140 1148 1149
f 1140 1149 1150
f 1142 1150 1163
f 1148 1151 1149
f 1151 1154 1152
f 1151 1152 1149
f 1152 1154 1156
f 1154 1155 1156
f 1156 1155 1231
f 1150 1149 1157
f 1149 1152 1157
f 1152 1159 1157
f 1150 1157 1164
f 1157 1159 1165
f 1146 1221 1153
f 1146 1158 1221
f 1147 1166 1158
f 1158 1226 1221
f 1152 1156 1159
f 1156 1160 1159
f 1159 1160 1167
f 1156 1231 1160
f 1160 1231 1232
f 1160 1232 1168
f 1142 1163 1161
f 1161 1163 1169
f 1141 1161 1162
f 1161 1171 1162
f 1147 1162 1166
f 1150 1164 1163
f 1157 1165 1164
f 1163 1164 1170
f 1163 1170 1169
f 1161 1169 1171
f 1164 1165 1172
f 1164 1172 1170
f 1158 1166 1226
f 1162 1173 1166
f 1162 1171 1173
f 1166 1180 1226
f 1166 1173 1180
f 1159 1167 1165
f 1165 1174 1172
f 1165 1167 1174
f 1167 1175 1174
f 1167 1168 1175
f 1160 1168 1167
f 1168 1181 1175
f 1169 1170 1176
f 1170 1172 1177
f 1169 1182 1171
f 1171 1183 1173
f 1172 1174 1178
f 1174 1175 1179
f 1169 1176 1182
f 1170 1177 1176
f 1172 1178 1177
f 1174 1179 1178
f 1175 1237 1179
f 1184 1180 1173
f 1175 1181 1237
f 1180 1185 1229
f 1171 1182 1183
f 1183 1184 1173
f 1176 1177 1248
f 1176 1248 1182
f 1182 1248 1183
f 1184 1185 1180
f 1185 1242 1229
f 1101 1187 1186
f 1101 1102 1187
f 1186 1191 1190
f 1186 1187 1191
f 1102 1113 1188
f 1102 1188 1187
f 1113 1201 1188
f 1188 1189 1187
f 1187 1189 1191
f 1188 1203 1189
f 1190 1191 1193
f 1190 1193 1192
f 1192 1193 1211
f 1191 1189 1199
f 1191 1199 1193
f 1114 1194 1115
f 1115 1194 1195
f 1194 1198 1195
f 1195 1198 1196
f 1115 1195 1117
f 1117 1195 1197
f 1117 1197 1130
f 1197 1195 1196
f 1197 1196 1266
f 1197 1266 1204
f 1198 1268 1196
f 1189 1206 1199
f 1193 1199 1200
f 1193 1200 1211
f 1199 1207 1200
f 1113 1125 1201
f 1125 1202 1201
f 1188 1201 1203
f 1125 1128 1202
f 1128 1216 1202
f 1128 1145 1216
f 1201 1205 1203
f 1197 1204 1130
f 1130 1204 1133
f 1202 1216 1218
f 1201 1202 1205
f 1203 1205 1208
f 1202 1218 1205
f 1205 1218 1225
f 1204 1273 1133
f 1189 1203 1206
f 1203 1208 1206
f 1199 1206 1207
f 1200 1207 1303
f 1206 1209 1207
f 1206 1208 1209
f 1205 1225 1208
f 1208 1225 1350
f 1208 1350 1209
f 1207 1209 1278
f 1192 1211 1210
f 1211 1213 1210
f 1210 1213 1212
f 1213 1283 1212
f 1200 1214 1211
f 1211 1214 1213
f 1200 1303 1214
f 1213 1214 1285
f 1212 1283 1215
f 1145 1217 1216
f 1145 1153 1217
f 1216 1217 1219
f 1216 1219 1218
f 1218 1220 1225
f 1218 1219 1220
f 1153 1222 1217
f 1153 1221 1222
f 1221 1227 1222
f 1217 1222 1223
f 1222 1228 1223
f 1217 1223 1219
f 1219 1223 1224
f 1219 1224 1220
f 1223 1377 1224
f 1225 1351 1350
f 1225 1220 1351
f 1221 1226 1227
f 1222 1227 1228
f 1226 1229 1227
f 1226 1180 1229
f 1227 1230 1228
f 1227 1229 1230
f 1230 1382 1228
f 1223 1228 1377
f 1229 1242 1230
f 1155 1340 1231
f 1231 1342 1232
f 1342 1346 1232
f 1232 1346 1233
f 1168 1232 1233
f 1346 1234 1233
f 1168 1233 1181
f 1181 1233 1235
f 1233 1234 1235
f 1234 1379 1236
f 1234 1236 1235
f 1379 1384 1236
f 1181 1235 1238
f 1239 1235 1236
f 1240 1236 1384
f 1181 1238 1237
f 1238 1235 1239
f 1239 1236 1240
f 1177 1178 1248
f 1178 1179 1248
f 1179 1237 1248
f 1237 1238 1248
f 1183 1248 1184
f 1184 1248 1185
f 1238 1239 1248
f 1239 1240 1248
f 1240 1241 1248
f 1230 1242 1243
f 1185 1248 1242
f 1242 1248 1243
f 1243 1248 1244
f 1244 1248 1245
f 1241 1246 1248
f 1246 1247 1248
f 1240 1384 1241
f 1241 1385 1246
f 1245 1248 1249
f 1248 1250 1249
f 1248 1247 1251
f 1248 1253 1250
f 1248 1254 1253
f 1248 1251 1252
f 1248 1252 1256
f 1248 1256 1257
f 1248 1257 1260
f 1248 1259 1258
f 1248 1255 1254
f 1248 1258 1255
f 1241 1384 1385
f 1246 1386 1247
f 1247 1397 1251
f 1251 1398 1252
f 1248 1263 1259
f 1248 1260 1261
f 1248 1264 1263
f 1248 1261 1262
f 1248 1262 1265
f 1248 1265 1264
f 1266 1270 1272
f 1196 1268 1267
f 1267 1268 1284
f 1267 1284 1269
f 1196 1267 1266
f 1266 1267 1270
f 1270 1271 1276
f 1267 1269 1270
f 1270 1269 1271
f 1271 1293 1277
f 1204 1272 1273
f 1204 1266 1272
f 1272 1276 1274
f 1155 1273 1340
f 1273 1274 1340
f 1274 1341 1340
f 1273 1272 1274
f 1276 1275 1274
f 1274 1275 1341
f 1275 1344 1341
f 1275 1280 1344
f 1270 1276 1272
f 1207 1278 1303
f 1271 1277 1276
f 1276 1277 1275
f 1209 1353 1278
f 1209 1350 1353
f 1278 1354 1306
f 1278 1353 1354
f 1275 1277 1280
f 1280 1363 1344
f 1354 1411 1306
f 1277 1293 1279
f 1277 1279 1280
f 1279 1309 1281
f 1280 1281 1363
f 1281 1364 1363
f 1279 1281 1280
f 1281 1282 1364
f 1281 1309 1282
f 1282 1369 1364
f 1282 1312 1369
f 1369 1312 1370
f 1284 1291 1269
f 1269 1291 1290
f 1214 1304 1285
f 1213 1285 1283
f 1283 1285 1289
f 1271 1269 1290
f 1285 1305 1289
f 1215 1286 1287
f 1215 1283 1286
f 1287 1288 1571
f 1286 1288 1287
f 1288 1297 1571
f 1283 1289 1286
f 1286 1289 1300
f 1286 1300 1288
f 1289 1308 1300
f 1290 1291 1296
f 1290 1296 1292
f 1271 1290 1293
f 1290 1292 1293
f 1279 1293 1294
f 1293 1292 1294
f 1294 1292 1298
f 1294 1298 1295
f 1294 1295 1309
f 1296 1299 1292
f 1292 1299 1298
f 1298 1299 1575
f 1300 1315 1301
f 1288 1301 1297
f 1300 1301 1288
f 1297 1301 1302
f 1297 1302 1573
f 1302 1319 1573
f 1316 1302 1301
f 1214 1303 1304
f 1303 1306 1304
f 1285 1304 1305
f 1304 1307 1305
f 1289 1305 1308
f 1278 1306 1303
f 1304 1306 1307
f 1306 1411 1307
f 1307 1311 1305
f 1279 1294 1309
f 1305 1311 1308
f 1308 1313 1315
f 1282 1309 1310
f 1295 1310 1309
f 1307 1411 1412
f 1307 1412 1311
f 1311 1412 1413
f 1311 1313 1308
f 1311 1413 1313
f 1282 1310 1312
f 1315 1313 1314
f 1313 1414 1314
f 1313 1413 1414
f 1314 1414 1444
f 1300 1308 1315
f 1315 1316 1301
f 1315 1314 1316
f 1316 1326 1302
f 1316 1314 1330
f 1295 1318 1310
f 1298 1575 1317
f 1298 1317 1295
f 1295 1317 1318
f 1318 1320 1322
f 1318 1317 1580
f 1302 1326 1319
f 1319 1328 1582
f 1318 1580 1320
f 1580 1586 1320
f 1320 1586 1321
f 1327 1320 1321
f 1333 1321 1591
f 1310 1322 1312
f 1310 1318 1322
f 1323 1322 1327
f 1312 1322 1323
f 1370 1312 1323
f 1370 1323 1416
f 1323 1324 1416
f 1324 1446 1416
f 1330 1444 1445
f 1314 1444 1330
f 1330 1445 1331
f 1325 1447 1446
f 1323 1327 1324
f 1324 1333 1325
f 1324 1325 1446
f 1331 1450 1332
f 1331 1445 1450
f 1332 1450 1453
f 1316 1330 1326
f 1331 1328 1326
f 1319 1326 1328
f 1322 1320 1327
f 1327 1321 1333
f 1332 1329 1328
f 1324 1327 1333
f 1582 1328 1329
f 1583 1329 1334
f 1330 1331 1326
f 1331 1332 1328
f 1332 1337 1329
f 1325 1338 1447
f 1338 1451 1447
f 1337 1453 1454
f 1338 1339 1451
f 1339 1454 1451
f 1325 1333 1335
f 1338 1335 1336
f 1333 1591 1335
f 1592 1334 1336
f 1337 1334 1329
f 1339 1336 1334
f 1593 1336 1335
f 1325 1335 1338
f 1337 1339 1334
f 1338 1336 1339
f 1332 1453 1337
f 1337 1454 1339
f 1340 1341 1342
f 1231 1340 1342
f 1342 1341 1343
f 1343 1341 1344
f 1344 1363 1345
f 1343 1344 1345
f 1342 1343 1346
f 1346 1348 1234
f 1220 1224 1347
f 1224 1378 1347
f 1343 1348 1346
f 1343 1345 1348
f 1348 1345 1349
f 1348 1349 1379
f 1349 1360 1380
f 1349 1345 1359
f 1350 1352 1353
f 1351 1352 1350
f 1352 1355 1353
f 1353 1355 1354
f 1354 1356 1411
f 1354 1355 1356
f 1220 1347 1351
f 1351 1357 1352
f 1351 1347 1357
f 1347 1381 1357
f 1352 1358 1355
f 1357 1358 1352
f 1355 1358 1372
f 1357 1390 1358
f 1358 1391 1372
f 1355 1372 1356
f 1345 1363 1359
f 1349 1359 1360
f 1359 1365 1360
f 1365 1367 1361
f 1365 1361 1360
f 1392 1360 1361
f 1361 1362 1393
f 1361 1367 1362
f 1362 1374 1394
f 1374 1420 1395
f 1359 1363 1364
f 1365 1364 1369
f 1359 1364 1365
f 1356 1366 1411
f 1365 1369 1367
f 1367 1370 1368
f 1369 1370 1367
f 1372 1407 1373
f 1373 1408 1375
f 1356 1373 1366
f 1356 1372 1373
f 1366 1373 1375
f 1366 1375 1371
f 1362 1367 1368
f 1362 1368 1374
f 1374 1368 1417
f 1375 1409 1376
f 1376 1410 1422
f 1375 1376 1371
f 1376 1415 1371
f 1422 1442 1415
f 1376 1422 1415
f 1224 1377 1378
f 1347 1378 1381
f 1228 1382 1377
f 1377 1383 1378
f 1377 1382 1383
f 1378 1383 1387
f 1378 1387 1381
f 1348 1379 1234
f 1349 1380 1379
f 1379 1380 1384
f 1380 1385 1384
f 1380 1392 1385
f 1385 1392 1386
f 1381 1388 1390
f 1381 1387 1388
f 1390 1388 1389
f 1391 1389 1399
f 1230 1243 1382
f 1244 1383 1382
f 1245 1387 1383
f 1249 1388 1387
f 1243 1244 1382
f 1244 1245 1383
f 1245 1249 1387
f 1249 1250 1388
f 1246 1385 1386
f 1247 1386 1397
f 1251 1397 1398
f 1250 1253 1389
f 1253 1254 1399
f 1254 1255 1400
f 1252 1401 1256
f 1256 1404 1257
f 1255 1258 1402
f 1258 1259 1403
f 1250 1389 1388
f 1253 1399 1389
f 1254 1400 1399
f 1357 1381 1390
f 1358 1390 1391
f 1390 1389 1391
f 1380 1360 1392
f 1386 1392 1393
f 1386 1393 1397
f 1397 1393 1394
f 1397 1394 1398
f 1392 1361 1393
f 1362 1394 1393
f 1407 1399 1400
f 1374 1395 1394
f 1395 1420 1396
f 1398 1394 1395
f 1398 1395 1401
f 1395 1396 1401
f 1396 1430 1404
f 1396 1404 1401
f 1404 1430 1405
f 1252 1398 1401
f 1256 1401 1404
f 1257 1404 1405
f 1257 1405 1260
f 1259 1263 1406
f 1260 1434 1261
f 1263 1264 1435
f 1261 1436 1262
f 1264 1265 1438
f 1262 1437 1265
f 1255 1402 1400
f 1258 1403 1402
f 1259 1406 1403
f 1260 1405 1434
f 1261 1434 1436
f 1262 1436 1437
f 1265 1437 1438
f 1263 1435 1406
f 1264 1438 1435
f 1372 1391 1407
f 1373 1407 1408
f 1391 1399 1407
f 1407 1400 1408
f 1400 1402 1408
f 1375 1408 1409
f 1376 1409 1410
f 1402 1409 1408
f 1402 1403 1409
f 1403 1410 1409
f 1406 1439 1410
f 1403 1406 1410
f 1366 1412 1411
f 1412 1371 1413
f 1366 1371 1412
f 1415 1414 1413
f 1371 1415 1413
f 1415 1442 1414
f 1368 1370 1416
f 1417 1416 1446
f 1368 1416 1417
f 1417 1446 1418
f 1418 1447 1419
f 1374 1417 1420
f 1420 1417 1418
f 1420 1418 1421
f 1396 1420 1421
f 1422 1439 1423
f 1421 1424 1430
f 1423 1440 1426
f 1423 1443 1442
f 1422 1423 1442
f 1423 1426 1443
f 1419 1424 1421
f 1424 1425 1431
f 1427 1426 1441
f 1425 1429 1432
f 1427 1433 1429
f 1418 1419 1421
f 1426 1448 1443
f 1427 1448 1426
f 1419 1428 1424
f 1424 1428 1425
f 1427 1429 1449
f 1427 1449 1448
f 1425 1452 1429
f 1425 1428 1452
f 1429 1452 1449
f 1396 1421 1430
f 1405 1431 1434
f 1405 1430 1431
f 1406 1435 1439
f 1432 1436 1434
f 1431 1432 1434
f 1440 1438 1441
f 1440 1435 1438
f 1441 1438 1437
f 1432 1433 1436
f 1441 1437 1433
f 1433 1437 1436
f 1410 1439 1422
f 1424 1431 1430
f 1423 1439 1440
f 1426 1440 1441
f 1439 1435 1440
f 1425 1432 1431
f 1427 1441 1433
f 1429 1433 1432
f 1414 1442 1444
f 1443 1445 1444
f 1442 1443 1444
f 1443 1448 1445
f 1418 1446 1447
f 1445 1448 1450
f 1419 1447 1451
f 1449 1453 1450
f 1419 1451 1428
f 1448 1449 1450
f 1428 1451 1454
f 1452 1454 1453
f 1428 1454 1452
f 1449 1452 1453
f 1016 1462 1017
f 990 1469 1458
f 990 1050 1469
f 1016 1459 1462
f 1458 1473 1459
f 1458 1469 1473
f 1017 1463 1460
f 1008 1461 1486
f 1013 1486 1487
f 1460 1490 1461
f 1017 1462 1463
f 1459 1474 1462
f 1459 1473 1474
f 1460 1463 1490
f 1462 1524 1463
f 1462 1474 1524
f 1050 1052 1471
f 1050 1471 1469
f 1052 1470 1471
f 1469 1475 1473
f 1469 1471 1475
f 1470 1472 1471
f 1471 1472 1475
f 1473 1475 1506
f 1473 1506 1474
f 1472 1505 1475
f 1470 1063 1476
f 1470 1476 1472
f 1063 1515 1476
f 1014 1487 1488
f 1015 1488 1493
f 1069 1070 1496
f 1069 1496 1489
f 1071 1489 1504
f 1489 1511 1504
f 1461 1491 1486
f 1486 1498 1487
f 1461 1490 1491
f 1463 1525 1490
f 1486 1491 1498
f 1067 1494 1492
f 1066 1493 1495
f 1068 1495 1494
f 1070 1492 1497
f 1492 1494 1500
f 1070 1497 1496
f 1489 1496 1511
f 1487 1499 1488
f 1488 1501 1493
f 1496 1512 1511
f 1487 1498 1499
f 1492 1500 1497
f 1496 1497 1512
f 1488 1499 1501
f 1497 1545 1512
f 1463 1524 1525
f 1490 1527 1491
f 1490 1525 1527
f 1491 1550 1498
f 1491 1527 1550
f 1494 1495 1502
f 1493 1503 1495
f 1494 1502 1500
f 1497 1500 1545
f 1495 1503 1502
f 1493 1501 1503
f 1498 1551 1499
f 1498 1550 1551
f 1500 1502 1546
f 1500 1546 1545
f 1499 1558 1501
f 1499 1551 1558
f 1502 1503 1557
f 1501 1559 1503
f 1502 1557 1546
f 1501 1558 1559
f 1503 1559 1557
f 1076 1504 1508
f 1075 1508 1509
f 1474 1506 1526
f 1474 1526 1524
f 1475 1505 1506
f 1505 1507 1506
f 1507 1526 1506
f 1507 1528 1526
f 1504 1511 1508
f 1508 1511 1513
f 1509 1508 1513
f 1509 1513 1510
f 1511 1512 1513
f 1513 1512 1533
f 1510 1513 1533
f 1510 1533 1532
f 1472 1476 1514
f 1472 1514 1505
f 1476 1516 1514
f 1514 1519 1517
f 1476 1515 1516
f 1515 1571 1516
f 1516 1571 1572
f 1514 1516 1519
f 1516 1572 1519
f 1514 1517 1505
f 1505 1517 1507
f 1509 1510 1081
f 1510 1518 1081
f 1083 1518 1535
f 1510 1532 1518
f 1518 1532 1535
f 1519 1572 1574
f 1519 1574 1522
f 1083 1536 1299
f 1522 1574 1577
f 1507 1517 1520
f 1517 1522 1520
f 1507 1520 1528
f 1528 1520 1521
f 1520 1523 1521
f 1519 1522 1517
f 1520 1522 1523
f 1522 1577 1523
f 1524 1529 1525
f 1524 1526 1529
f 1525 1529 1531
f 1525 1531 1527
f 1527 1531 1552
f 1526 1528 1529
f 1528 1530 1529
f 1530 1531 1529
f 1530 1547 1531
f 1527 1552 1550
f 1528 1521 1530
f 1512 1545 1533
f 1532 1533 1548
f 1532 1548 1534
f 1535 1538 1536
f 1083 1535 1536
f 1536 1575 1299
f 1536 1537 1575
f 1536 1538 1537
f 1537 1579 1575
f 1537 1542 1579
f 1542 1587 1579
f 1535 1532 1534
f 1535 1534 1538
f 1521 1539 1565
f 1537 1538 1541
f 1534 1554 1538
f 1554 1541 1538
f 1523 1577 1584
f 1523 1584 1539
f 1523 1539 1521
f 1537 1541 1542
f 1539 1584 1585
f 1539 1540 1565
f 1539 1585 1540
f 1542 1541 1568
f 1542 1544 1587
f 1544 1594 1587
f 1542 1568 1544
f 1540 1595 1543
f 1540 1585 1595
f 1543 1595 1596
f 1544 1570 1594
f 1570 1596 1594
f 1543 1596 1570
f 1545 1548 1533
f 1545 1546 1548
f 1548 1546 1555
f 1531 1547 1552
f 1534 1548 1555
f 1534 1555 1554
f 1547 1549 1552
f 1550 1552 1553
f 1550 1553 1551
f 1551 1553 1561
f 1549 1553 1552
f 1554 1555 1562
f 1554 1562 1556
f 1546 1557 1555
f 1555 1557 1562
f 1551 1561 1558
f 1557 1559 1562
f 1558 1561 1564
f 1558 1564 1559
f 1559 1564 1562
f 1553 1560 1561
f 1549 1560 1553
f 1556 1562 1564
f 1560 1563 1561
f 1556 1564 1563
f 1561 1563 1564
f 1530 1521 1565
f 1530 1565 1547
f 1565 1566 1547
f 1565 1540 1566
f 1566 1549 1547
f 1554 1556 1541
f 1541 1556 1568
f 1566 1543 1567
f 1566 1567 1549
f 1549 1567 1560
f 1568 1569 1544
f 1570 1569 1567
f 1560 1567 1569
f 1568 1556 1563
f 1560 1569 1563
f 1568 1563 1569
f 1566 1540 1543
f 1543 1570 1567
f 1544 1569 1570
f 1571 1297 1572
f 1572 1573 1574
f 1297 1573 1572
f 1573 1576 1574
f 1574 1576 1577
f 1573 1319 1576
f 1317 1575 1579
f 1578 1584 1577
f 1576 1578 1577
f 1580 1579 1587
f 1317 1579 1580
f 1580 1587 1586
f 1578 1581 1584
f 1319 1582 1576
f 1582 1578 1576
f 1582 1583 1578
f 1582 1329 1583
f 1578 1583 1581
f 1581 1585 1584
f 1586 1587 1594
f 1581 1589 1585
f 1586 1594 1588
f 1321 1586 1588
f 1581 1583 1592
f 1321 1588 1591
f 1583 1334 1592
f 1591 1593 1335
f 1592 1336 1593
f 1581 1592 1589
f 1589 1592 1593
f 1588 1590 1591
f 1589 1593 1590
f 1591 1590 1593
f 1589 1595 1585
f 1589 1590 1595
f 1588 1594 1596
f 1595 1590 1596
f 1588 1596 1590
f 1 18 2
f 1 5 18
f 2 18 3
f 3 18 4
f 5 6 18
f 6 9 18
f 81 13 14
f 82 14 11
f 94 11 12
f 21 96 95
f 11 18 12
f 21 12 18
f 4 18 7
f 7 18 8
f 9 10 18
f 8 18 13
f 13 18 14
f 10 15 18
f 18 15 16
f 14 18 11
f 18 17 19
f 18 19 20
f 18 20 27
f 18 16 17
f 21 95 12
f 21 22 96
f 22 18 23
f 21 18 22
f 23 18 25
f 24 25 18
f 24 18 226
f 18 228 227
f 18 227 226
f 18 233 234
f 18 234 232
f 22 23 30
f 24 236 25
f 23 25 31
f 18 27 26
f 18 28 29
f 18 26 28
f 18 29 233
f 29 28 327
f 22 30 96
f 23 31 30
f 25 236 31
f 96 30 103
f 30 31 32
f 30 32 103
f 31 236 33
f 33 236 244
f 31 33 32
f 32 33 129
f 33 244 34
f 33 34 129
f 129 34 134
f 34 35 134
f 35 258 136
f 36 37 41
f 36 41 45
f 37 42 41
f 37 39 42
f 36 45 38
f 38 46 40
f 39 43 42
f 38 45 46
f 39 76 43
f 40 47 78
f 43 76 44
f 44 86 54
f 41 42 48
f 42 43 50
f 41 52 45
f 40 46 47
f 43 44 51
f 45 53 46
f 46 56 47
f 47 57 90
f 48 50 62
f 50 49 62
f 48 62 66
f 41 48 52
f 42 50 48
f 43 51 50
f 45 52 53
f 51 54 58
f 48 66 52
f 50 51 49
f 51 58 49
f 52 66 67
f 54 59 58
f 52 67 53
f 53 67 71
f 44 54 51
f 46 53 56
f 55 54 86
f 47 56 57
f 55 59 54
f 55 60 59
f 55 113 60
f 53 71 56
f 56 72 57
f 56 71 72
f 58 59 68
f 59 60 69
f 60 118 61
f 60 61 69
f 118 121 61
f 62 49 64
f 62 65 66
f 49 63 64
f 62 64 65
f 58 63 49
f 66 70 67
f 58 68 63
f 65 70 66
f 59 69 68
f 67 70 73
f 67 73 71
f 71 74 72
f 71 73 74
f 72 74 147
f 36 2 37
f 36 38 1
f 37 3 39
f 39 4 76
f 38 40 5
f 40 78 6
f 37 2 3
f 36 1 2
f 38 5 1
f 39 3 4
f 40 6 5
f 4 7 76
f 6 78 9
f 7 77 76
f 8 75 77
f 81 75 13
f 9 78 79
f 10 79 80
f 15 80 83
f 44 76 77
f 77 75 86
f 44 77 86
f 75 85 86
f 81 85 75
f 81 87 85
f 55 86 85
f 85 87 113
f 81 82 87
f 82 88 87
f 82 94 88
f 89 88 94
f 89 102 111
f 83 93 84
f 87 88 109
f 89 110 88
f 78 90 79
f 47 90 78
f 79 90 91
f 79 91 80
f 80 91 92
f 90 114 91
f 91 115 92
f 80 92 83
f 83 92 93
f 84 93 107
f 93 92 116
f 93 117 107
f 7 8 77
f 8 13 75
f 9 79 10
f 10 80 15
f 17 97 19
f 15 83 16
f 16 84 17
f 81 14 82
f 82 11 94
f 94 12 95
f 16 83 84
f 17 84 97
f 19 97 99
f 19 99 20
f 20 98 27
f 27 101 26
f 26 100 28
f 20 99 98
f 27 98 101
f 28 100 327
f 26 101 100
f 89 94 95
f 89 95 102
f 96 102 95
f 96 103 102
f 102 103 127
f 103 32 128
f 84 107 97
f 99 97 108
f 99 104 98
f 99 108 104
f 98 105 101
f 98 104 105
f 101 106 100
f 101 105 106
f 100 106 329
f 104 130 105
f 105 334 106
f 97 107 108
f 107 137 108
f 108 138 104
f 55 85 113
f 87 109 113
f 109 110 119
f 88 110 109
f 89 111 110
f 110 111 123
f 110 123 119
f 127 112 111
f 111 112 123
f 112 132 125
f 57 114 90
f 91 114 115
f 113 109 118
f 60 113 118
f 109 119 118
f 57 146 114
f 57 72 146
f 115 114 120
f 114 146 120
f 92 115 116
f 93 116 117
f 115 126 116
f 115 120 126
f 116 139 117
f 116 126 139
f 118 119 121
f 123 122 119
f 119 122 121
f 112 124 123
f 123 124 122
f 112 125 124
f 126 150 139
f 102 127 111
f 103 128 127
f 127 128 132
f 128 129 131
f 128 131 132
f 127 132 112
f 32 129 128
f 129 134 131
f 105 130 334
f 130 336 334
f 131 133 132
f 125 132 133
f 131 135 133
f 131 134 135
f 35 136 134
f 134 136 135
f 107 117 137
f 108 137 138
f 117 140 137
f 138 137 142
f 137 140 142
f 117 139 140
f 104 138 130
f 138 143 130
f 138 142 143
f 130 143 336
f 139 141 140
f 139 150 141
f 140 141 145
f 143 142 144
f 142 145 144
f 140 145 142
f 72 147 146
f 146 148 120
f 146 147 148
f 126 120 149
f 120 148 149
f 126 149 150
f 64 63 151
f 63 152 151
f 63 68 152
f 68 158 152
f 64 153 65
f 64 151 153
f 65 153 162
f 152 154 151
f 151 157 153
f 152 158 156
f 154 156 579
f 152 156 154
f 155 156 158
f 151 154 157
f 153 157 166
f 154 581 157
f 155 580 156
f 69 158 68
f 65 162 70
f 69 159 158
f 70 163 73
f 70 162 163
f 155 158 159
f 159 160 165
f 69 61 159
f 61 160 159
f 121 160 61
f 121 191 160
f 160 191 161
f 73 163 164
f 73 164 74
f 74 164 192
f 161 191 196
f 160 161 165
f 161 196 171
f 153 166 162
f 162 167 163
f 164 163 168
f 155 159 165
f 162 166 167
f 155 165 169
f 165 161 170
f 157 590 166
f 166 591 167
f 163 167 168
f 164 168 198
f 167 172 168
f 155 169 580
f 171 196 205
f 165 170 169
f 169 170 583
f 583 170 592
f 171 592 170
f 161 171 170
f 171 205 173
f 173 205 214
f 167 591 172
f 168 172 211
f 171 173 592
f 173 214 596
f 122 191 121
f 122 174 191
f 122 124 174
f 174 176 195
f 125 176 124
f 125 175 176
f 124 176 174
f 175 177 176
f 176 177 195
f 175 183 177
f 177 183 207
f 133 178 175
f 133 135 178
f 135 180 178
f 178 180 184
f 136 180 135
f 136 258 179
f 136 179 180
f 179 181 180
f 179 343 181
f 180 181 184
f 181 343 185
f 125 133 175
f 175 178 183
f 141 150 201
f 141 182 145
f 141 201 182
f 144 145 346
f 145 182 346
f 178 184 183
f 184 186 183
f 184 181 187
f 182 204 347
f 183 186 207
f 181 185 187
f 184 187 186
f 186 187 188
f 187 189 188
f 185 189 187
f 185 353 189
f 189 219 188
f 189 353 190
f 189 190 219
f 174 196 191
f 74 192 147
f 147 193 148
f 147 192 193
f 192 199 193
f 148 194 149
f 149 200 150
f 149 194 200
f 148 193 194
f 194 193 197
f 174 195 196
f 195 205 196
f 177 206 195
f 193 199 197
f 194 197 202
f 164 198 192
f 192 198 199
f 198 213 199
f 168 211 198
f 197 199 212
f 150 200 201
f 201 200 203
f 194 202 200
f 182 201 204
f 200 202 203
f 197 221 202
f 201 203 204
f 204 203 365
f 203 202 218
f 195 206 205
f 206 214 205
f 206 208 214
f 177 207 206
f 207 209 208
f 186 209 207
f 206 207 208
f 209 216 208
f 209 210 216
f 198 211 213
f 172 601 211
f 211 601 217
f 199 213 212
f 211 217 213
f 212 213 222
f 213 217 222
f 208 215 214
f 208 216 215
f 596 214 215
f 186 188 209
f 202 221 218
f 203 218 365
f 221 220 218
f 218 220 366
f 209 188 210
f 210 188 219
f 197 212 221
f 212 222 223
f 212 223 221
f 221 223 220
f 217 604 222
f 223 222 224
f 222 604 224
f 220 223 370
f 223 224 370
f 225 250 246
f 24 226 230
f 231 226 227
f 227 228 238
f 228 229 239
f 229 235 240
f 231 230 226
f 231 227 238
f 18 229 228
f 18 235 229
f 18 232 235
f 29 328 233
f 234 233 237
f 232 234 242
f 232 241 235
f 24 230 236
f 233 328 237
f 234 237 242
f 228 239 238
f 229 240 239
f 235 241 240
f 232 242 241
f 230 243 244
f 231 238 245
f 231 243 230
f 231 245 243
f 243 245 253
f 230 244 236
f 244 243 254
f 238 239 246
f 238 246 245
f 225 239 240
f 248 240 241
f 225 246 239
f 246 255 245
f 237 247 242
f 237 331 247
f 241 242 249
f 242 247 249
f 331 256 247
f 225 240 248
f 225 248 263
f 248 241 249
f 248 249 264
f 247 272 249
f 225 263 250
f 250 266 251
f 252 251 266
f 243 253 254
f 254 253 257
f 253 260 257
f 34 244 254
f 34 254 35
f 35 254 257
f 245 255 253
f 250 255 246
f 255 251 260
f 253 255 260
f 250 251 255
f 247 256 272
f 331 335 256
f 256 335 274
f 335 262 274
f 257 260 259
f 35 257 258
f 257 259 258
f 260 251 261
f 259 260 261
f 252 261 251
f 248 264 263
f 263 265 266
f 250 263 266
f 263 264 265
f 264 268 265
f 264 272 268
f 268 272 273
f 265 268 269
f 265 269 267
f 265 267 266
f 252 266 267
f 268 270 269
f 268 273 270
f 270 273 271
f 264 249 272
f 256 273 272
f 256 274 273
f 273 274 271
f 274 276 271
f 262 276 274
f 262 275 276
f 285 306 307
f 252 284 280
f 259 278 258
f 179 258 278
f 259 279 278
f 279 281 278
f 259 261 279
f 261 280 279
f 252 280 261
f 280 282 279
f 280 291 282
f 282 291 294
f 279 282 281
f 282 295 281
f 267 269 283
f 252 267 284
f 267 283 284
f 284 291 280
f 283 287 284
f 269 270 285
f 269 285 283
f 270 306 285
f 270 271 306
f 285 288 283
f 286 306 271
f 286 290 317
f 284 287 291
f 287 298 291
f 288 287 283
f 285 307 288
f 288 299 287
f 288 307 277
f 276 275 290
f 275 289 290
f 286 271 276
f 286 276 290
f 290 289 292
f 317 290 292
f 292 293 321
f 292 289 293
f 282 294 295
f 294 304 296
f 294 296 295
f 296 304 297
f 287 299 298
f 298 299 301
f 288 277 299
f 277 300 299
f 299 300 301
f 300 319 302
f 300 302 301
f 301 302 305
f 298 294 291
f 298 304 294
f 298 301 304
f 293 303 321
f 301 305 304
f 297 304 305
f 306 308 307
f 307 308 309
f 308 317 310
f 277 307 309
f 308 310 309
f 277 309 311
f 312 311 309
f 312 309 310
f 312 310 315
f 315 310 318
f 312 314 311
f 311 314 319
f 312 315 313
f 312 313 314
f 313 315 316
f 316 315 320
f 316 320 326
f 286 308 306
f 286 317 308
f 317 292 318
f 317 318 310
f 277 311 300
f 318 292 321
f 318 321 320
f 320 321 322
f 315 318 320
f 300 311 319
f 320 322 326
f 326 322 325
f 303 322 321
f 303 323 322
f 322 323 325
f 325 323 324
f 29 327 328
f 100 329 327
f 327 330 328
f 327 329 330
f 237 328 331
f 328 330 331
f 330 329 332
f 106 333 329
f 330 335 331
f 332 329 333
f 332 333 338
f 106 334 333
f 333 334 337
f 334 336 337
f 338 333 337
f 330 332 335
f 332 262 335
f 332 338 262
f 337 336 340
f 336 341 340
f 338 337 339
f 262 338 275
f 338 339 275
f 339 337 340
f 143 341 336
f 143 144 341
f 179 278 343
f 339 340 349
f 341 342 340
f 340 342 349
f 342 345 344
f 349 342 350
f 278 281 343
f 281 351 343
f 350 342 344
f 144 345 341
f 144 346 345
f 341 345 342
f 346 348 345
f 182 347 346
f 346 347 348
f 347 204 355
f 344 345 348
f 344 348 358
f 347 356 348
f 339 289 275
f 339 349 289
f 289 349 293
f 349 350 293
f 350 344 359
f 350 303 293
f 281 295 351
f 351 295 352
f 185 343 351
f 185 351 353
f 351 352 353
f 295 296 352
f 352 357 353
f 352 354 357
f 296 354 352
f 296 297 354
f 348 356 358
f 347 355 356
f 355 368 362
f 355 362 356
f 190 353 357
f 359 344 358
f 359 358 360
f 358 361 360
f 350 359 303
f 303 359 323
f 359 360 323
f 361 371 360
f 361 364 371
f 356 361 358
f 356 362 361
f 361 362 364
f 362 368 363
f 364 362 363
f 355 204 365
f 355 365 368
f 365 366 368
f 218 366 365
f 220 367 366
f 366 369 368
f 363 368 369
f 366 367 369
f 220 370 367
f 360 324 323
f 360 371 324
f 190 357 372
f 190 372 377
f 216 373 215
f 216 374 373
f 373 374 645
f 210 374 216
f 210 376 374
f 376 375 374
f 374 375 645
f 379 655 375
f 219 377 376
f 210 219 376
f 377 379 376
f 190 377 219
f 372 378 377
f 377 378 379
f 372 447 378
f 378 447 380
f 378 380 381
f 604 651 224
f 224 651 458
f 376 379 375
f 378 381 379
f 379 381 655
f 656 381 382
f 380 382 381
f 380 468 382
f 382 383 660
f 382 468 383
f 383 384 660
f 383 500 384
f 384 501 682
f 388 679 504
f 387 678 388
f 387 389 677
f 679 385 504
f 385 386 505
f 385 505 504
f 386 682 501
f 389 508 680
f 683 508 509
f 302 407 391
f 297 305 390
f 305 391 390
f 391 392 390
f 302 391 305
f 407 393 391
f 391 393 392
f 393 394 392
f 393 415 394
f 319 314 406
f 313 395 314
f 314 395 406
f 395 396 406
f 316 398 397
f 399 397 398
f 399 400 397
f 399 398 716
f 399 403 400
f 399 717 403
f 313 316 397
f 313 397 395
f 316 326 398
f 395 397 400
f 398 411 716
f 326 411 398
f 400 403 402
f 395 400 396
f 400 402 396
f 411 401 716
f 403 717 718
f 403 404 402
f 402 404 420
f 403 718 404
f 404 718 405
f 404 405 422
f 319 406 407
f 406 408 407
f 302 319 407
f 407 408 393
f 408 414 415
f 406 396 408
f 396 414 408
f 396 402 414
f 325 324 410
f 324 409 410
f 408 415 393
f 326 325 411
f 325 410 411
f 411 410 401
f 401 412 723
f 412 421 723
f 401 410 412
f 412 410 409
f 412 409 413
f 412 413 421
f 421 413 423
f 414 417 415
f 414 402 420
f 414 420 417
f 420 419 417
f 415 417 416
f 394 415 416
f 417 418 416
f 417 419 418
f 404 422 420
f 420 422 419
f 421 423 728
f 423 424 728
f 405 731 430
f 419 432 429
f 419 429 418
f 429 432 434
f 429 434 522
f 422 432 419
f 422 430 432
f 430 433 432
f 405 430 422
f 430 731 431
f 430 431 433
f 431 745 439
f 432 433 434
f 434 436 542
f 433 436 434
f 431 439 433
f 433 439 436
f 436 438 542
f 436 441 438
f 439 443 442
f 439 750 443
f 750 444 443
f 436 440 441
f 436 439 442
f 436 442 440
f 357 354 446
f 297 445 354
f 354 445 446
f 445 449 448
f 357 446 372
f 372 446 447
f 445 448 446
f 446 448 447
f 448 465 447
f 448 449 452
f 448 452 465
f 297 390 445
f 390 449 445
f 390 392 449
f 392 453 449
f 449 453 452
f 392 394 453
f 364 363 450
f 363 451 450
f 450 451 477
f 451 464 477
f 452 466 465
f 452 456 466
f 394 454 453
f 394 416 454
f 454 416 455
f 452 453 456
f 453 454 456
f 454 457 456
f 456 457 467
f 454 455 457
f 369 367 462
f 367 459 462
f 380 447 465
f 224 458 370
f 367 370 459
f 370 458 459
f 651 460 458
f 459 458 461
f 461 458 460
f 461 460 471
f 460 692 471
f 451 369 462
f 363 369 451
f 459 463 462
f 451 462 464
f 462 463 464
f 464 463 484
f 463 470 484
f 459 461 463
f 461 470 463
f 461 471 470
f 380 465 468
f 465 466 468
f 466 469 468
f 456 467 466
f 466 467 469
f 383 468 469
f 692 472 471
f 470 471 473
f 473 471 472
f 473 472 487
f 472 474 487
f 324 371 409
f 371 475 409
f 364 475 371
f 450 476 475
f 409 475 413
f 413 475 476
f 476 477 480
f 364 450 475
f 450 477 476
f 478 464 484
f 477 464 478
f 477 478 480
f 413 476 423
f 423 476 480
f 455 416 418
f 478 484 479
f 479 485 483
f 478 481 480
f 423 480 424
f 424 480 481
f 424 481 730
f 481 482 730
f 478 479 481
f 479 482 481
f 479 483 482
f 470 485 484
f 470 473 485
f 479 484 485
f 473 486 485
f 483 485 486
f 473 487 486
f 455 520 489
f 457 488 467
f 457 489 488
f 455 489 457
f 488 489 491
f 488 491 490
f 490 494 498
f 492 498 494
f 489 521 491
f 490 533 494
f 490 491 533
f 496 506 511
f 495 506 496
f 492 494 536
f 492 536 534
f 492 534 511
f 496 511 534
f 493 495 569
f 495 496 569
f 469 497 500
f 488 497 467
f 467 497 469
f 497 498 500
f 386 506 505
f 492 511 499
f 492 499 498
f 498 499 500
f 501 499 511
f 501 511 506
f 383 469 500
f 384 500 499
f 384 499 501
f 386 501 506
f 684 509 510
f 685 510 519
f 517 700 699
f 488 490 497
f 490 498 497
f 703 702 565
f 517 518 700
f 519 517 699
f 518 502 700
f 502 573 503
f 518 573 502
f 503 565 702
f 388 504 512
f 387 388 507
f 387 513 389
f 389 514 508
f 493 504 505
f 495 505 506
f 388 512 507
f 493 512 504
f 508 515 509
f 387 507 513
f 389 513 514
f 493 505 495
f 493 507 512
f 493 569 507
f 507 569 513
f 509 516 510
f 510 568 519
f 508 514 515
f 509 515 516
f 513 569 514
f 514 569 515
f 515 569 516
f 519 568 567
f 519 567 570
f 519 570 571
f 519 571 517
f 510 516 568
f 455 418 520
f 418 429 520
f 489 520 521
f 429 522 520
f 522 521 520
f 527 526 521
f 522 434 542
f 522 542 527
f 522 527 521
f 491 521 526
f 491 526 533
f 483 486 523
f 523 566 525
f 482 483 767
f 483 523 767
f 523 769 767
f 525 566 524
f 555 524 562
f 548 555 562
f 523 525 769
f 525 524 779
f 555 779 524
f 526 530 533
f 533 530 529
f 527 545 544
f 527 544 532
f 527 532 526
f 526 532 531
f 526 531 530
f 494 533 539
f 494 539 538
f 494 537 536
f 494 538 537
f 534 536 535
f 533 528 539
f 533 529 528
f 496 534 569
f 534 535 569
f 542 543 546
f 542 547 543
f 527 542 546
f 546 545 527
f 542 438 547
f 574 549 553
f 578 553 554
f 578 554 556
f 548 578 556
f 574 552 549
f 548 557 559
f 555 560 780
f 555 773 779
f 555 780 773
f 555 559 558
f 555 558 560
f 548 556 557
f 548 559 555
f 486 487 566
f 487 561 566
f 503 573 574
f 562 524 561
f 548 562 563
f 548 563 578
f 562 564 563
f 565 574 578
f 565 578 563
f 474 561 487
f 474 564 561
f 703 563 564
f 562 561 564
f 703 565 563
f 503 574 565
f 523 486 566
f 561 524 566
f 518 541 573
f 516 569 568
f 517 571 572
f 517 572 575
f 517 575 576
f 518 576 577
f 518 577 541
f 517 576 518
f 573 550 574
f 574 553 578
f 573 541 540
f 540 551 573
f 573 551 550
f 574 550 552
f 579 580 582
f 580 584 582
f 579 582 585
f 156 580 579
f 154 579 581
f 157 581 590
f 169 584 580
f 581 594 590
f 169 583 584
f 579 585 581
f 581 585 594
f 583 588 584
f 585 599 594
f 583 586 588
f 584 587 582
f 584 588 587
f 582 587 589
f 585 582 589
f 585 589 599
f 166 590 591
f 591 590 597
f 590 594 597
f 591 597 595
f 591 595 172
f 583 592 586
f 592 173 593
f 586 592 593
f 594 600 597
f 173 596 593
f 595 597 598
f 597 600 598
f 594 599 600
f 172 595 601
f 595 602 601
f 595 598 602
f 217 601 603
f 601 602 603
f 217 603 604
f 587 588 618
f 588 605 618
f 587 618 607
f 586 605 588
f 586 606 605
f 587 607 589
f 589 612 599
f 589 607 612
f 606 619 605
f 606 608 619
f 596 609 593
f 586 593 606
f 593 609 606
f 596 610 609
f 596 215 610
f 610 373 611
f 609 610 614
f 610 611 614
f 599 613 600
f 609 608 606
f 599 612 613
f 613 612 623
f 600 613 646
f 600 646 598
f 613 648 646
f 609 614 608
f 608 614 625
f 614 615 625
f 611 615 614
f 611 616 615
f 613 623 648
f 616 635 615
f 616 617 635
f 617 658 639
f 605 620 618
f 618 621 607
f 607 622 612
f 605 619 620
f 618 620 621
f 619 627 620
f 620 630 621
f 619 624 627
f 620 627 630
f 607 621 622
f 619 608 624
f 608 625 624
f 622 621 636
f 621 630 636
f 612 622 623
f 622 637 623
f 622 636 637
f 623 664 648
f 623 637 664
f 625 628 624
f 625 626 628
f 624 629 627
f 630 627 631
f 624 628 629
f 627 629 631
f 630 640 636
f 630 631 640
f 628 632 629
f 629 634 631
f 628 633 632
f 629 632 634
f 626 633 628
f 626 638 633
f 631 634 642
f 625 615 626
f 615 635 626
f 636 641 637
f 637 641 665
f 635 639 638
f 635 638 626
f 635 617 639
f 636 640 641
f 640 642 643
f 631 642 640
f 640 643 641
f 215 373 610
f 602 598 647
f 602 644 603
f 602 647 644
f 611 373 645
f 375 654 645
f 611 645 616
f 645 654 616
f 375 655 654
f 598 646 647
f 647 646 649
f 644 647 653
f 646 648 649
f 649 648 666
f 647 649 653
f 649 661 653
f 649 666 661
f 603 650 604
f 604 650 651
f 603 644 650
f 644 652 650
f 651 650 690
f 644 653 652
f 650 652 690
f 652 691 690
f 652 662 691
f 652 653 662
f 653 661 662
f 655 657 654
f 655 656 657
f 656 659 657
f 656 660 659
f 654 617 616
f 654 657 617
f 657 659 658
f 617 657 658
f 655 381 656
f 656 382 660
f 666 669 661
f 661 669 663
f 661 663 662
f 662 663 694
f 669 671 695
f 669 695 663
f 648 664 666
f 637 665 664
f 664 665 667
f 664 667 666
f 666 667 669
f 641 668 665
f 665 670 667
f 665 668 670
f 641 643 668
f 669 667 671
f 671 667 670
f 674 677 673
f 639 681 672
f 678 674 672
f 678 677 674
f 673 677 680
f 633 674 673
f 633 638 674
f 632 673 675
f 632 633 673
f 632 675 634
f 639 672 638
f 638 672 674
f 634 675 688
f 673 680 675
f 642 688 689
f 642 689 643
f 634 688 642
f 676 659 682
f 676 385 681
f 678 672 679
f 387 677 678
f 388 678 679
f 389 680 677
f 679 681 385
f 676 681 658
f 679 672 681
f 639 658 681
f 683 688 675
f 676 658 659
f 684 689 688
f 683 675 680
f 683 684 688
f 660 384 682
f 676 682 386
f 660 682 659
f 676 386 385
f 683 680 508
f 683 509 684
f 685 686 689
f 686 699 687
f 670 687 701
f 684 685 689
f 685 699 686
f 643 686 668
f 643 689 686
f 668 686 687
f 668 687 670
f 671 670 701
f 651 690 460
f 460 690 692
f 690 691 692
f 691 693 692
f 691 694 693
f 693 694 697
f 697 694 696
f 662 694 691
f 663 695 696
f 663 696 694
f 692 693 472
f 693 474 472
f 693 697 474
f 502 698 701
f 684 510 685
f 685 519 699
f 687 699 700
f 700 502 701
f 671 701 698
f 687 700 701
f 671 698 695
f 702 696 695
f 702 695 698
f 503 702 698
f 697 696 703
f 703 696 702
f 474 697 564
f 697 703 564
f 502 503 698
f 716 719 717
f 399 716 717
f 401 719 716
f 401 723 719
f 717 719 720
f 717 720 718
f 719 725 720
f 719 723 725
f 720 721 718
f 720 722 721
f 720 725 722
f 725 723 724
f 405 718 721
f 724 728 727
f 722 725 726
f 725 724 726
f 726 724 727
f 421 724 723
f 421 728 724
f 728 729 727
f 424 729 728
f 424 730 729
f 722 732 721
f 722 734 732
f 405 721 731
f 721 732 731
f 732 741 731
f 732 734 733
f 732 733 741
f 737 747 733
f 722 726 734
f 726 735 734
f 726 727 735
f 734 735 737
f 727 736 735
f 735 736 738
f 734 737 733
f 735 738 737
f 737 738 739
f 738 736 743
f 737 739 747
f 738 740 739
f 738 743 740
f 431 731 741
f 431 741 745
f 741 746 745
f 741 733 746
f 733 747 746
f 729 730 742
f 742 768 744
f 730 768 742
f 768 770 744
f 770 761 744
f 770 776 761
f 729 736 727
f 736 742 743
f 729 742 736
f 743 759 740
f 743 742 744
f 743 744 759
f 759 744 761
f 746 751 745
f 746 748 751
f 749 444 748
f 747 739 749
f 747 748 746
f 747 749 748
f 749 757 444
f 757 758 444
f 439 745 750
f 745 751 750
f 751 444 750
f 748 444 751
f 760 755 444
f 758 760 444
f 761 753 752
f 761 754 753
f 776 754 761
f 776 756 754
f 739 740 757
f 740 759 758
f 749 739 757
f 740 758 757
f 758 759 760
f 759 761 760
f 760 761 752
f 760 752 755
f 482 768 730
f 768 767 770
f 482 767 768
f 770 767 769
f 525 772 769
f 776 769 772
f 770 769 776
f 525 779 772
f 772 771 778
f 779 773 774
f 779 774 775
f 772 775 771
f 772 779 775
f 776 777 756
f 776 778 777
f 776 772 778
f 2022 2391 2470
f 2021 2022 2470
f 2031 2033 2140
f 2023 2024 2470
f 2024 2021 2470
f 2023 2470 2031
f 2033 2143 2139
f 2033 2034 2143
f 2033 2037 2034
f 2033 2039 2038
f 2033 2038 2036
f 2033 2036 2037
f 2033 2040 2039
f 2031 2470 2033
f 2033 2470 2040
f 2022 2456 2391
f 2021 2300 2022
f 2023 2131 2303
f 2024 2301 2021
f 2023 2302 2024
f 2023 2031 2134
f 2023 2132 2131
f 2023 2134 2133
f 2023 2133 2132
f 2031 2135 2134
f 2031 2124 2135
f 2031 2128 2127
f 2031 2126 2125
f 2031 2127 2126
f 2031 2140 2128
f 2031 2125 2124
f 2033 2141 2140
f 2033 2139 2142
f 2033 2142 2141
f 2303 2131 2165
f 2303 2164 2163
f 2303 2165 2164
f 2303 2163 2166
f 2304 2166 2167
f 2304 2167 2168
f 2304 2171 2172
f 2304 2172 2173
f 2304 2173 2137
f 2304 2168 2171
f 2304 2136 2147
f 2304 2137 2136
f 2305 2145 2149
f 2305 2149 2150
f 2305 2150 2152
f 2305 2146 2148
f 2305 2147 2146
f 2305 2148 2145
f 2305 2153 2155
f 2305 2155 2154
f 2305 2152 2153
f 2377 2154 2156
f 2377 2156 2376
f 2022 2300 2456
f 2021 2301 2300
f 2024 2302 2301
f 2023 2303 2302
f 2303 2166 2304
f 2304 2147 2305
f 2305 2154 2377
f 2300 2463 2456
f 2301 2306 2300
f 2302 2307 2301
f 2303 2308 2302
f 2300 2306 2463
f 2301 2307 2306
f 2303 2304 2309
f 2304 2305 2310
f 2305 2377 2311
f 2302 2308 2307
f 2303 2309 2308
f 2304 2310 2309
f 2306 3073 2463
f 2308 3073 2307
f 2306 2307 3073
f 2305 2311 2310
f 2311 2377 2384
f 2309 3073 2308
f 2309 2310 3073
f 2311 3073 2310
f 2311 2384 3073
f 2470 2351 2040
f 2358 2351 2470
f 2358 2348 2351
f 2358 2470 2359
f 2359 2470 2360
f 2360 2470 2361
f 2361 2470 2362
f 2362 2470 2489
f 2377 2376 2369
f 2377 2369 2370
f 2377 2370 2371
f 2377 2367 2374
f 2377 2371 2367
f 2378 2373 2352
f 2378 2374 2373
f 2378 2350 2349
f 2378 2352 2350
f 2378 2349 2348
f 2358 2378 2348
f 2358 2359 2379
f 2359 2360 2380
f 2360 2361 2381
f 2361 2362 2382
f 2362 2489 2383
f 2377 2374 2378
f 2358 2379 2378
f 2359 2380 2379
f 2360 2381 2380
f 2361 2382 2381
f 2362 2383 2382
f 2383 2489 3063
f 2377 2378 2384
f 2378 2379 2385
f 2379 2380 2386
f 2380 2381 2387
f 2378 2385 2384
f 2379 2386 2385
f 2384 2385 3073
f 2385 2386 3073
f 2386 2387 3073
f 2387 2388 3073
f 2380 2387 2386
f 2381 2388 2387
f 2388 2389 3073
f 2389 2390 3073
f 2390 3081 3073
f 2381 2382 2388
f 2389 2382 2383
f 2383 3063 2390
f 2388 2382 2389
f 2389 2383 2390
f 2390 3063 3081
f 2391 2392 2470
f 2392 2393 2470
f 2393 2394 2470
f 2394 2395 2470
f 2395 2409 2470
f 2409 2418 2417
f 2409 2417 2470
f 2470 2417 2472
f 2391 2457 2392
f 2392 2458 2393
f 2393 2459 2394
f 2394 2460 2395
f 2395 2461 2409
f 2409 2462 2418
f 2462 2419 2418
f 2462 2420 2419
f 2462 2421 2420
f 2462 2443 2421
f 2462 2444 2443
f 3051 2446 2444
f 3051 2447 2446
f 3051 2448 2447
f 3051 2449 2448
f 3051 2533 2449
f 2391 2456 2457
f 2392 2457 2458
f 2393 2458 2459
f 2394 2459 2460
f 2395 2460 2461
f 2409 2461 2462
f 2462 3051 2444
f 2456 2464 2457
f 2457 2465 2458
f 2458 2466 2459
f 2456 2463 2464
f 2457 2464 2465
f 2458 2465 2466
f 2467 2460 2459
f 2468 2461 2460
f 2461 2469 2462
f 2462 3074 3051
f 2466 2467 2459
f 2467 2468 2460
f 2463 3073 2464
f 2464 3073 2465
f 2465 3073 2466
f 2468 2469 2461
f 2462 2469 3074
f 2466 3073 2467
f 2467 3073 2468
f 2468 3073 2469
f 2469 3073 3074
f 2470 2472 2478
f 2470 2478 2480
f 2478 2472 2473
f 2478 2473 2474
f 2478 2474 2475
f 2478 2475 2476
f 2478 2476 2477
f 2478 2477 2527
f 2478 2527 2528
f 2470 2480 2488
f 2470 2487 2491
f 2470 2488 2487
f 2478 2531 2480
f 2470 2491 2490
f 2470 2490 2489
f 2478 2528 2529
f 2478 2529 2530
f 2478 2530 2531
f 2480 2531 2548
f 2480 2549 2550
f 2480 2550 2551
f 2480 2548 2549
f 2480 2551 2552
f 2480 2557 2488
f 2480 2552 2554
f 2480 2554 2557
f 2488 2557 2558
f 2488 2558 2559
f 2488 2559 2560
f 3051 2534 2533
f 3051 2535 2534
f 3052 2536 2535
f 3052 2537 2536
f 3052 2538 2537
f 3052 2540 2538
f 3052 2541 2540
f 3052 2542 2541
f 3052 2543 2542
f 3052 2544 2543
f 3052 2545 2544
f 3053 2556 2545
f 3053 2555 2556
f 3053 2570 2555
f 3053 2571 2570
f 3053 2572 2571
f 3053 2574 2572
f 3053 2575 2574
f 3053 2576 2575
f 3060 2560 2577
f 3060 2579 2576
f 3060 2578 2579
f 3060 2577 2578
f 2487 2488 3061
f 2491 2487 3062
f 2488 2560 3060
f 2490 2491 3064
f 2489 2490 3063
f 3051 3052 2535
f 3052 3053 2545
f 3053 3060 2576
f 2488 3060 3061
f 2487 3061 3062
f 2491 3062 3064
f 2490 3064 3063
f 3051 3075 3052
f 3076 3053 3052
f 3077 3060 3053
f 3051 3074 3075
f 3076 3052 3075
f 3073 3075 3074
f 3073 3076 3075
f 3073 3077 3076
f 3073 3078 3077
f 3076 3077 3053
f 3078 3060 3077
f 3079 3061 3078
f 3073 3080 3079
f 3073 3079 3078
f 3073 3081 3080
f 3078 3061 3060
f 3079 3062 3061
f 3064 3062 3080
f 3063 3064 3081
f 3079 3080 3062
f 3064 3080 3081
f 2398 2428 2399
f 2399 2428 2431
f 2398 2399 2401
f 2398 2430 2428
f 2400 2401 2397
f 2398 2401 2400
f 2399 2403 2401
f 2400 2397 2396
f 2400 2396 2424
f 2401 2412 2397
f 2400 2424 2402
f 2398 2400 2402
f 2398 2402 2430
f 2399 2431 2404
f 2404 2431 2432
f 2401 2403 2412
f 2404 2426 2403
f 2399 2404 2403
f 2404 2432 2405
f 2405 2432 2492
f 2404 2405 2426
f 2396 2407 2406
f 2397 2413 2407
f 2396 2406 2408
f 2396 2397 2407
f 2406 2410 2408
f 2410 2417 2418
f 2410 2418 2411
f 2408 2410 2411
f 2397 2412 2413
f 2406 2407 2472
f 2412 2414 2413
f 2407 2413 2472
f 2412 2415 2414
f 2413 2414 2472
f 2414 2415 2422
f 2415 2416 2422
f 2406 2472 2410
f 2410 2472 2417
f 2411 2418 2419
f 2411 2419 2420
f 2411 2420 2445
f 2445 2420 2421
f 2414 2422 2472
f 2416 2423 2422
f 2422 2423 2472
f 2416 2471 2423
f 2396 2408 2424
f 2408 2425 2424
f 2424 2425 2427
f 2402 2424 2427
f 2402 2440 2430
f 2402 2427 2440
f 2408 2411 2425
f 2412 2403 2415
f 2415 2403 2426
f 2426 2405 2481
f 2415 2426 2416
f 2416 2426 2481
f 2411 2452 2425
f 2411 2445 2452
f 2425 2452 2454
f 2425 2454 2427
f 2440 2427 2442
f 2427 2454 2442
f 2428 2429 2431
f 2428 2437 2429
f 2428 2430 2437
f 2429 2433 2431
f 2431 2433 2432
f 2433 2436 2432
f 2429 2434 2433
f 2429 2438 2434
f 2433 2435 2436
f 2433 2434 2435
f 2430 2441 2437
f 2432 2436 2492
f 2429 2437 2438
f 2434 2439 2435
f 2434 2499 2439
f 2435 2439 2496
f 2434 2438 2499
f 2430 2440 2441
f 2437 2441 2504
f 2437 2504 2438
f 2440 2506 2441
f 2440 2442 2506
f 2445 2421 2443
f 2445 2443 2444
f 2445 2444 2450
f 2450 2444 2446
f 2450 2446 2447
f 2450 2447 2451
f 2451 2447 2448
f 2451 2448 2449
f 2445 2453 2452
f 2445 2450 2453
f 2450 2563 2453
f 2452 2453 2455
f 2452 2455 2454
f 2454 2619 2442
f 2454 2455 2619
f 2450 2451 2563
f 2405 2492 2482
f 2423 2473 2472
f 2423 2471 2473
f 2471 2474 2473
f 2471 2479 2474
f 2479 2475 2474
f 2479 2476 2475
f 2479 2477 2476
f 2479 2532 2477
f 2416 2481 2471
f 2481 2482 2483
f 2405 2482 2481
f 2482 2492 2503
f 2482 2485 2483
f 2482 2503 2485
f 2503 2509 2485
f 2481 2483 2471
f 2471 2483 2479
f 2483 2485 2484
f 2479 2483 2484
f 2479 2484 2532
f 2484 2486 2566
f 2485 2509 2486
f 2485 2486 2484
f 2486 2509 2510
f 2435 2493 2436
f 2436 2494 2492
f 2492 2494 2503
f 2436 2493 2494
f 2493 2495 2494
f 2494 2495 2505
f 2435 2496 2493
f 2493 2496 2500
f 2439 2497 2496
f 2496 2498 2500
f 2496 2497 2498
f 2497 2680 2498
f 2439 2499 2515
f 2493 2500 2495
f 2500 2501 2495
f 2500 2502 2501
f 2439 2515 2497
f 2497 2515 2691
f 2500 2498 2502
f 2497 2691 2680
f 2498 2682 2502
f 2498 2680 2682
f 2502 2682 2684
f 2502 2519 2501
f 2502 2684 2519
f 2519 2684 2693
f 2494 2505 2503
f 2503 2505 2509
f 2441 2506 2507
f 2441 2507 2504
f 2505 2511 2509
f 2495 2508 2505
f 2505 2508 2511
f 2508 2512 2511
f 2509 2511 2510
f 2511 2513 2510
f 2511 2512 2513
f 2512 2522 2513
f 2438 2514 2499
f 2438 2504 2514
f 2499 2514 2516
f 2499 2516 2515
f 2515 2695 2691
f 2515 2516 2695
f 2504 2517 2514
f 2504 2507 2517
f 2514 2517 2521
f 2514 2521 2516
f 2495 2501 2508
f 2508 2501 2518
f 2501 2519 2518
f 2508 2518 2512
f 2518 2520 2523
f 2519 2520 2518
f 2519 2693 2520
f 2520 2693 2703
f 2518 2523 2512
f 2516 2697 2695
f 2516 2521 2697
f 2520 2703 2525
f 2512 2523 2522
f 2522 2523 2524
f 2523 2525 2524
f 2520 2525 2523
f 2525 2703 2707
f 2525 2526 2524
f 2525 2707 2526
f 2526 2707 2710
f 2532 2527 2477
f 2532 2528 2527
f 2532 2529 2528
f 2529 2547 2530
f 2532 2547 2529
f 2539 2449 2533
f 2451 2449 2539
f 2539 2533 2534
f 2539 2534 2535
f 2539 2535 2536
f 2546 2536 2537
f 2539 2536 2546
f 2546 2537 2538
f 2573 2542 2543
f 2569 2538 2540
f 2546 2538 2569
f 2569 2540 2541
f 2573 2541 2542
f 2547 2548 2531
f 2547 2531 2530
f 2553 2549 2548
f 2553 2550 2549
f 2547 2553 2548
f 2562 2551 2550
f 2553 2562 2550
f 2562 2552 2551
f 2562 2554 2552
f 2587 2557 2554
f 2561 2560 2559
f 2587 2558 2557
f 2587 2559 2558
f 2562 2587 2554
f 2561 2577 2560
f 2561 2588 2577
f 2451 2564 2563
f 2453 2563 2565
f 2451 2539 2564
f 2539 2546 2582
f 2539 2582 2564
f 2563 2564 2581
f 2453 2565 2455
f 2455 2622 2619
f 2455 2565 2622
f 2563 2581 2565
f 2565 2628 2622
f 2532 2484 2566
f 2532 2566 2547
f 2547 2566 2567
f 2547 2567 2553
f 2566 2568 2567
f 2566 2486 2568
f 2486 2510 2568
f 2568 2510 2632
f 2567 2568 2594
f 2553 2592 2562
f 2553 2567 2592
f 2573 2543 2544
f 2580 2544 2545
f 2580 2545 2556
f 2580 2556 2555
f 2569 2541 2573
f 2573 2544 2580
f 2598 2555 2570
f 2598 2570 2571
f 2596 2578 2577
f 2599 2571 2572
f 2599 2572 2574
f 2599 2574 2575
f 2580 2555 2598
f 2598 2571 2599
f 2564 2584 2581
f 2565 2581 2628
f 2546 2569 2583
f 2546 2583 2582
f 2564 2582 2584
f 2569 2573 2585
f 2569 2585 2583
f 2582 2583 2586
f 2573 2580 2612
f 2581 2631 2628
f 2581 2584 2631
f 2573 2612 2585
f 2583 2585 3054
f 2582 2586 2584
f 2584 2646 2631
f 2583 3054 2586
f 2584 2586 2646
f 2561 2559 2591
f 2587 2591 2559
f 2588 2589 2577
f 2561 2603 2588
f 2589 2590 2577
f 2561 2591 2603
f 2588 2606 2589
f 2588 2603 2606
f 2568 2632 2594
f 2562 2592 2593
f 2562 2593 2587
f 2567 2594 2592
f 2587 2614 2591
f 2587 2593 2614
f 2592 2595 2593
f 2594 2632 2635
f 2592 2594 2595
f 2594 2635 2595
f 2595 2635 2650
f 2596 2577 2597
f 2597 2577 2600
f 2604 2575 2576
f 2604 2576 2579
f 2604 2579 2578
f 2600 2577 2602
f 2596 2609 2578
f 2599 2575 2604
f 2590 2605 2577
f 2602 2577 2605
f 2590 2601 2605
f 2589 2607 2590
f 2596 2597 2610
f 2597 2600 2611
f 2604 2578 2609
f 2596 2610 2609
f 2590 2608 2601
f 2601 2663 2605
f 2589 2606 2607
f 2590 2607 2608
f 2600 2602 2662
f 2602 2605 2664
f 2597 2611 2610
f 2600 2662 2611
f 2601 2608 2663
f 2602 2664 2662
f 2605 2663 2664
f 2593 2616 2614
f 2593 2595 2616
f 2580 2598 2613
f 2580 2613 2612
f 2585 2612 3055
f 2598 2599 3056
f 2598 3056 2613
f 2599 2604 3057
f 2585 3055 3054
f 2591 2615 2603
f 2591 2614 2615
f 2603 2617 2606
f 2603 2615 2617
f 2614 2618 2615
f 2606 2665 2607
f 2595 2650 2616
f 2614 2616 2618
f 2616 2650 2653
f 2616 2653 2618
f 2599 3057 3056
f 2604 2609 3082
f 2606 2617 2665
f 2615 2667 2617
f 2609 2610 3083
f 2615 2618 2667
f 2618 2653 2670
f 2442 2620 2506
f 2442 2619 2620
f 2506 2620 2621
f 2506 2621 2507
f 2620 2624 2621
f 2619 2623 2620
f 2619 2622 2623
f 2620 2623 2624
f 2510 2513 2632
f 2622 2629 2623
f 2624 2623 2630
f 2507 2625 2517
f 2507 2621 2625
f 2517 2625 2626
f 2621 2627 2625
f 2517 2626 2521
f 2521 2782 2697
f 2521 2626 2782
f 2625 2639 2626
f 2626 2786 2782
f 2621 2624 2627
f 2625 2627 2639
f 2624 2655 2627
f 2624 2630 2655
f 2626 2639 2786
f 2622 2628 2629
f 2628 2647 2629
f 2623 2629 2630
f 2629 2647 2645
f 2630 2629 2645
f 2628 2631 2647
f 2513 2633 2632
f 2513 2522 2633
f 2522 2634 2633
f 2632 2633 2635
f 2633 2636 2635
f 2635 2636 2650
f 2633 2634 2636
f 2634 2637 2636
f 2636 2637 2651
f 2637 2652 2651
f 2522 2524 2634
f 2524 2638 2634
f 2524 2526 2638
f 2634 2638 2637
f 2526 2641 2638
f 2526 2710 2641
f 2627 2655 2640
f 2639 2788 2786
f 2627 2640 2639
f 2639 2640 2788
f 2638 2641 2642
f 2641 2710 2790
f 2641 2790 2644
f 2644 2790 2794
f 2637 2638 2642
f 2637 2642 2652
f 2642 2644 2643
f 2642 2643 2652
f 2641 2644 2642
f 2644 2794 2668
f 2644 2668 2643
f 2631 2648 2647
f 2631 2646 2648
f 2645 2647 2649
f 2647 2648 2649
f 2649 2648 3066
f 2636 2651 2650
f 2650 2651 2653
f 2651 2654 2653
f 2651 2652 2654
f 2652 2669 2654
f 2653 2654 2670
f 2630 2656 2655
f 2630 2645 2656
f 2655 2656 2657
f 2640 2655 2657
f 2640 2806 2788
f 2640 2657 2806
f 2657 2656 2660
f 2645 2658 2656
f 2645 2649 2658
f 2656 2658 2660
f 2652 2643 2669
f 2657 2808 2806
f 2657 2660 2808
f 2658 2649 2659
f 2649 3066 2659
f 2658 2659 2661
f 2658 2661 2660
f 2660 2811 2808
f 2660 2661 2811
f 2661 2883 2811
f 2659 3111 2661
f 2607 2666 2608
f 2607 2665 2666
f 2610 2611 3084
f 2611 2662 3089
f 2617 3085 2665
f 2608 3088 2663
f 2608 2666 3088
f 2663 3090 2664
f 2662 2664 3091
f 2617 2667 3085
f 2618 2670 2667
f 2667 2670 3100
f 2668 2794 2864
f 2668 2864 2674
f 2654 2672 2670
f 2670 2672 3100
f 2654 2669 2672
f 2669 2671 2672
f 2672 2671 3104
f 2643 2673 2669
f 2668 2673 2643
f 2669 2673 2671
f 2673 2674 2676
f 2668 2674 2673
f 2864 2880 2674
f 2674 2880 2675
f 2674 2675 2676
f 2675 2880 2887
f 2673 2676 2671
f 2676 2675 2677
f 2676 3105 2671
f 2661 3111 2883
f 3111 3167 2883
f 2676 2677 3105
f 2677 2678 3114
f 2675 2678 2677
f 2675 2887 2678
f 2678 2887 2892
f 2678 2679 3114
f 2678 2892 2679
f 2679 2892 2895
f 2680 2681 2682
f 2680 2691 2692
f 2680 2692 2681
f 2682 2683 2684
f 2681 2683 2682
f 2684 2685 2693
f 2683 2685 2684
f 2681 2686 2683
f 2683 2686 2687
f 2681 2694 2686
f 2683 2687 2685
f 2685 2687 2701
f 2686 2688 2687
f 2687 2689 2701
f 2687 2688 2689
f 2686 2700 2688
f 2688 2690 2689
f 2691 2695 2696
f 2691 2696 2692
f 2685 2702 2693
f 2681 2692 2694
f 2685 2701 2702
f 2686 2694 2700
f 2692 2699 2694
f 2692 2696 2699
f 2694 2699 2720
f 2695 2698 2696
f 2695 2697 2698
f 2696 2709 2699
f 2696 2698 2709
f 2688 2700 2717
f 2694 2720 2700
f 2688 2717 2690
f 2689 2690 2716
f 2693 2702 2703
f 2703 2704 2707
f 2702 2704 2703
f 2701 2705 2702
f 2701 2714 2705
f 2702 2705 2704
f 2704 2705 2706
f 2705 2715 2706
f 2704 2708 2707
f 2707 2708 2710
f 2699 2709 2721
f 2704 2706 2708
f 2706 2712 2708
f 2706 2722 2712
f 2708 2711 2710
f 2708 2712 2711
f 2712 2713 2711
f 2712 2725 2713
f 2689 2714 2701
f 2705 2714 2715
f 2689 2716 2714
f 2714 2718 2715
f 2706 2715 2722
f 2715 2719 2722
f 2714 2716 2718
f 2690 2730 2716
f 2690 2733 2730
f 2716 2731 2718
f 2716 2730 2731
f 2700 2723 2717
f 2690 2717 2733
f 2718 2731 2735
f 2715 2718 2719
f 2719 2727 2722
f 2718 2735 2719
f 2719 2735 2744
f 2699 2721 2720
f 2700 2720 2723
f 2720 2721 2724
f 2717 2723 2740
f 2717 2740 2733
f 2720 2724 2723
f 2723 2741 2740
f 2723 2724 2741
f 2719 2744 2727
f 2712 2722 2725
f 2722 2727 2725
f 2713 2725 2726
f 2725 2728 2726
f 2725 2727 2728
f 2744 2747 2727
f 2727 2747 2728
f 2728 2747 2750
f 2728 2729 2726
f 2728 2750 2729
f 2729 2751 2869
f 2729 2750 2751
f 2730 2732 2731
f 2730 2733 2739
f 2730 2739 2732
f 2731 2734 2735
f 2731 2732 2734
f 2735 2736 2744
f 2735 2734 2736
f 2732 2737 2734
f 2734 2737 2738
f 2732 2739 2743
f 2732 2743 2737
f 2734 2738 2736
f 2736 2738 2746
f 2737 2757 2738
f 2733 2740 2742
f 2733 2742 2739
f 2740 2741 2749
f 2740 2749 2742
f 2739 2742 2754
f 2739 2754 2743
f 2737 2743 2758
f 2736 2745 2744
f 2736 2746 2745
f 2738 2759 2746
f 2744 2745 2747
f 2747 2748 2750
f 2747 2745 2748
f 2748 2752 2750
f 2750 2752 2751
f 2752 2827 2751
f 2746 2753 2745
f 2745 2753 2748
f 2748 2753 2755
f 2746 2760 2753
f 2753 2761 2755
f 2742 2749 2817
f 2742 2817 2754
f 2743 2754 2762
f 2754 2817 2822
f 2748 2755 2752
f 2752 2755 2756
f 2755 2763 2756
f 2752 2756 2827
f 2756 2828 2827
f 2756 2764 2828
f 2738 2757 2759
f 2757 2765 2759
f 2737 2758 2757
f 2757 2758 2767
f 2743 2762 2758
f 2746 2759 2760
f 2753 2760 2761
f 2759 2766 2760
f 2759 2765 2766
f 2757 2767 2765
f 2760 2768 2761
f 2760 2766 2768
f 2754 2822 2762
f 2758 2762 2769
f 2758 2769 2767
f 2762 2822 2776
f 2762 2776 2769
f 2755 2761 2763
f 2761 2768 2770
f 2761 2770 2763
f 2763 2770 2771
f 2763 2771 2764
f 2756 2763 2764
f 2764 2771 2777
f 2765 2772 2766
f 2766 2773 2768
f 2765 2767 2778
f 2767 2769 2779
f 2768 2774 2770
f 2770 2775 2771
f 2765 2778 2772
f 2766 2772 2773
f 2768 2773 2774
f 2770 2774 2775
f 2771 2775 2833
f 2780 2769 2776
f 2771 2833 2777
f 2776 2825 2781
f 2767 2779 2778
f 2779 2769 2780
f 2772 2844 2773
f 2772 2778 2844
f 2778 2779 2844
f 2780 2776 2781
f 2781 2825 2838
f 2697 2782 2783
f 2697 2783 2698
f 2782 2786 2787
f 2782 2787 2783
f 2698 2784 2709
f 2698 2783 2784
f 2709 2784 2797
f 2784 2783 2785
f 2783 2787 2785
f 2784 2785 2799
f 2786 2789 2787
f 2786 2788 2789
f 2788 2807 2789
f 2787 2795 2785
f 2787 2789 2795
f 2710 2711 2790
f 2711 2791 2790
f 2790 2791 2794
f 2791 2792 2794
f 2711 2713 2791
f 2713 2793 2791
f 2713 2726 2793
f 2793 2792 2791
f 2793 2862 2792
f 2793 2800 2862
f 2794 2792 2864
f 2785 2795 2802
f 2789 2796 2795
f 2789 2807 2796
f 2795 2796 2803
f 2709 2797 2721
f 2721 2797 2798
f 2784 2799 2797
f 2721 2798 2724
f 2724 2798 2812
f 2724 2812 2741
f 2797 2799 2801
f 2793 2726 2800
f 2726 2729 2800
f 2798 2814 2812
f 2797 2801 2798
f 2799 2804 2801
f 2798 2801 2814
f 2801 2821 2814
f 2800 2729 2869
f 2785 2802 2799
f 2799 2802 2804
f 2795 2803 2802
f 2796 2899 2803
f 2802 2803 2805
f 2802 2805 2804
f 2801 2804 2821
f 2804 2946 2821
f 2804 2805 2946
f 2803 2874 2805
f 2788 2806 2807
f 2807 2806 2809
f 2806 2808 2809
f 2809 2808 2879
f 2796 2807 2810
f 2807 2809 2810
f 2796 2810 2899
f 2809 2881 2810
f 2808 2811 2879
f 2741 2812 2813
f 2741 2813 2749
f 2812 2815 2813
f 2812 2814 2815
f 2814 2821 2816
f 2814 2816 2815
f 2749 2813 2818
f 2749 2818 2817
f 2817 2818 2823
f 2813 2819 2818
f 2818 2819 2824
f 2813 2815 2819
f 2815 2820 2819
f 2815 2816 2820
f 2819 2820 2973
f 2821 2946 2947
f 2821 2947 2816
f 2817 2823 2822
f 2818 2824 2823
f 2822 2823 2825
f 2822 2825 2776
f 2823 2824 2826
f 2823 2826 2825
f 2826 2824 2978
f 2819 2973 2824
f 2825 2826 2838
f 2751 2827 2936
f 2827 2828 2938
f 2938 2828 2942
f 2828 2829 2942
f 2764 2829 2828
f 2942 2829 2830
f 2764 2777 2829
f 2777 2831 2829
f 2829 2831 2830
f 2830 2832 2975
f 2830 2831 2832
f 2975 2832 2980
f 2777 2834 2831
f 2835 2832 2831
f 2836 2980 2832
f 2777 2833 2834
f 2834 2835 2831
f 2835 2836 2832
f 2773 2844 2774
f 2774 2844 2775
f 2775 2844 2833
f 2833 2844 2834
f 2779 2780 2844
f 2780 2781 2844
f 2834 2844 2835
f 2835 2844 2836
f 2836 2844 2837
f 2826 2839 2838
f 2781 2838 2844
f 2838 2839 2844
f 2839 2840 2844
f 2840 2841 2844
f 2837 2844 2842
f 2842 2844 2843
f 2836 2837 2980
f 2837 2842 2981
f 2841 2845 2844
f 2844 2845 2846
f 2844 2847 2843
f 2844 2846 2849
f 2844 2849 2850
f 2844 2848 2847
f 2844 2852 2848
f 2844 2853 2852
f 2844 2856 2853
f 2844 2854 2855
f 2844 2850 2851
f 2844 2851 2854
f 2837 2981 2980
f 2842 2843 2982
f 2843 2847 2993
f 2847 2848 2994
f 2844 2855 2859
f 2844 2857 2856
f 2844 2859 2860
f 2844 2858 2857
f 2844 2861 2858
f 2844 2860 2861
f 2862 2868 2866
f 2792 2863 2864
f 2863 2880 2864
f 2863 2865 2880
f 2792 2862 2863
f 2862 2866 2863
f 2866 2872 2867
f 2863 2866 2865
f 2866 2867 2865
f 2867 2873 2889
f 2800 2869 2868
f 2800 2868 2862
f 2868 2870 2872
f 2751 2936 2869
f 2869 2936 2870
f 2870 2936 2937
f 2869 2870 2868
f 2872 2870 2871
f 2870 2937 2871
f 2871 2937 2940
f 2871 2940 2876
f 2866 2868 2872
f 2803 2899 2874
f 2867 2872 2873
f 2872 2871 2873
f 2805 2874 2949
f 2805 2949 2946
f 2874 2902 2950
f 2874 2950 2949
f 2871 2876 2873
f 2876 2940 2959
f 2950 2902 3007
f 2873 2875 2889
f 2873 2876 2875
f 2875 2877 2905
f 2876 2959 2877
f 2877 2959 2960
f 2875 2876 2877
f 2877 2960 2878
f 2877 2878 2905
f 2878 2960 2965
f 2878 2965 2908
f 2965 2966 2908
f 2880 2865 2887
f 2865 2886 2887
f 2810 2881 2900
f 2809 2879 2881
f 2879 2885 2881
f 2867 2886 2865
f 2881 2885 2901
f 2811 2883 2882
f 2811 2882 2879
f 2883 3167 2884
f 2882 2883 2884
f 2884 3167 2893
f 2879 2882 2885
f 2882 2896 2885
f 2882 2884 2896
f 2885 2896 2904
f 2886 2892 2887
f 2886 2888 2892
f 2867 2889 2886
f 2886 2889 2888
f 2875 2890 2889
f 2889 2890 2888
f 2890 2894 2888
f 2890 2891 2894
f 2890 2905 2891
f 2892 2888 2895
f 2888 2894 2895
f 2894 3171 2895
f 2896 2897 2911
f 2884 2893 2897
f 2896 2884 2897
f 2893 2898 2897
f 2893 3169 2898
f 2898 3169 2915
f 2912 2897 2898
f 2810 2900 2899
f 2899 2900 2902
f 2881 2901 2900
f 2900 2901 2903
f 2885 2904 2901
f 2874 2899 2902
f 2900 2903 2902
f 2902 2903 3007
f 2903 2901 2907
f 2875 2905 2890
f 2901 2904 2907
f 2904 2911 2909
f 2878 2906 2905
f 2891 2905 2906
f 2903 3008 3007
f 2903 2907 3008
f 2907 3009 3008
f 2907 2904 2909
f 2907 2909 3009
f 2878 2908 2906
f 2911 2910 2909
f 2909 2910 3010
f 2909 3010 3009
f 2910 3040 3010
f 2896 2911 2904
f 2911 2897 2912
f 2911 2912 2910
f 2912 2898 2922
f 2912 2926 2910
f 2891 2906 2914
f 2894 2913 3171
f 2894 2891 2913
f 2891 2914 2913
f 2914 2918 2916
f 2914 3176 2913
f 2898 2915 2922
f 2915 3178 2924
f 2914 2916 3176
f 3176 2916 3182
f 2916 2917 3182
f 2923 2917 2916
f 2929 3187 2917
f 2906 2908 2918
f 2906 2918 2914
f 2919 2923 2918
f 2908 2919 2918
f 2966 2919 2908
f 2966 3012 2919
f 2919 3012 2920
f 2920 3012 3042
f 2926 3041 3040
f 2910 2926 3040
f 2926 2927 3041
f 2921 3042 3043
f 2919 2920 2923
f 2920 2921 2929
f 2920 3042 2921
f 2927 2928 3046
f 2927 3046 3041
f 2928 3049 3046
f 2912 2922 2926
f 2927 2922 2924
f 2915 2924 2922
f 2918 2923 2916
f 2923 2929 2917
f 2928 2924 2925
f 2920 2929 2923
f 3178 2925 2924
f 3179 2930 2925
f 2926 2922 2927
f 2927 2924 2928
f 2928 2925 2933
f 2921 3043 2934
f 2934 3043 3047
f 2933 3050 3049
f 2934 3047 2935
f 2935 3047 3050
f 2921 2931 2929
f 2934 2932 2931
f 2929 2931 3187
f 3188 2932 2930
f 2933 2925 2930
f 2935 2930 2932
f 3189 2931 2932
f 2921 2934 2931
f 2933 2930 2935
f 2934 2935 2932
f 2928 2933 3049
f 2933 2935 3050
f 2936 2938 2937
f 2827 2938 2936
f 2938 2939 2937
f 2939 2940 2937
f 2940 2941 2959
f 2939 2941 2940
f 2938 2942 2939
f 2942 2830 2944
f 2816 2943 2820
f 2820 2943 2974
f 2939 2942 2944
f 2939 2944 2941
f 2944 2945 2941
f 2944 2975 2945
f 2945 2976 2956
f 2945 2955 2941
f 2946 2949 2948
f 2947 2946 2948
f 2948 2949 2951
f 2949 2950 2951
f 2950 3007 2952
f 2950 2952 2951
f 2816 2947 2943
f 2947 2948 2953
f 2947 2953 2943
f 2943 2953 2977
f 2948 2951 2954
f 2953 2948 2954
f 2951 2968 2954
f 2953 2954 2986
f 2954 2968 2987
f 2951 2952 2968
f 2941 2955 2959
f 2945 2956 2955
f 2955 2956 2961
f 2961 2957 2963
f 2961 2956 2957
f 2988 2957 2956
f 2957 2989 2958
f 2957 2958 2963
f 2958 2990 2970
f 2970 2991 3016
f 2955 2960 2959
f 2961 2965 2960
f 2955 2961 2960
f 2952 3007 2962
f 2961 2963 2965
f 2963 2964 2966
f 2965 2963 2966
f 2968 2969 3003
f 2969 2971 3004
f 2952 2962 2969
f 2952 2969 2968
f 2962 2971 2969
f 2962 2967 2971
f 2958 2964 2963
f 2958 2970 2964
f 2970 3013 2964
f 2971 2972 3005
f 2972 3018 3006
f 2971 2967 2972
f 2972 2967 3011
f 3018 3011 3038
f 2972 3011 3018
f 2820 2974 2973
f 2943 2977 2974
f 2824 2973 2978
f 2973 2974 2979
f 2973 2979 2978
f 2974 2983 2979
f 2974 2977 2983
f 2944 2830 2975
f 2945 2975 2976
f 2975 2980 2976
f 2976 2980 2981
f 2976 2981 2988
f 2981 2982 2988
f 2977 2986 2984
f 2977 2984 2983
f 2986 2985 2984
f 2987 2995 2985
f 2826 2978 2839
f 2840 2978 2979
f 2841 2979 2983
f 2845 2983 2984
f 2839 2978 2840
f 2840 2979 2841
f 2841 2983 2845
f 2845 2984 2846
f 2842 2982 2981
f 2843 2993 2982
f 2847 2994 2993
f 2846 2985 2849
f 2849 2995 2850
f 2850 2996 2851
f 2848 2852 2997
f 2852 2853 3000
f 2851 2998 2854
f 2854 2999 2855
f 2846 2984 2985
f 2849 2985 2995
f 2850 2995 2996
f 2953 2986 2977
f 2954 2987 2986
f 2986 2987 2985
f 2976 2988 2956
f 2982 2989 2988
f 2982 2993 2989
f 2993 2990 2989
f 2993 2994 2990
f 2988 2989 2957
f 2958 2989 2990
f 3003 2996 2995
f 2970 2990 2991
f 2991 2992 3016
f 2994 2991 2990
f 2994 2997 2991
f 2991 2997 2992
f 2992 3000 3026
f 2992 2997 3000
f 3000 3001 3026
f 2848 2997 2994
f 2852 3000 2997
f 2853 3001 3000
f 2853 2856 3001
f 2855 3002 2859
f 2856 2857 3030
f 2859 3031 2860
f 2857 2858 3032
f 2860 3034 2861
f 2858 2861 3033
f 2851 2996 2998
f 2854 2998 2999
f 2855 2999 3002
f 2856 3030 3001
f 2857 3032 3030
f 2858 3033 3032
f 2861 3034 3033
f 2859 3002 3031
f 2860 3031 3034
f 2968 3003 2987
f 2969 3004 3003
f 2987 3003 2995
f 3003 3004 2996
f 2996 3004 2998
f 2971 3005 3004
f 2972 3006 3005
f 2998 3004 3005
f 2998 3005 2999
f 2999 3005 3006
f 3002 3006 3035
f 2999 3006 3002
f 2962 3007 3008
f 3008 3009 2967
f 2962 3008 2967
f 3011 3009 3010
f 2967 3009 3011
f 3011 3010 3038
f 2964 3012 2966
f 3013 3042 3012
f 2964 3013 3012
f 3013 3014 3042
f 3014 3015 3043
f 2970 3016 3013
f 3016 3014 3013
f 3016 3017 3014
f 2992 3017 3016
f 3018 3019 3035
f 3017 3026 3020
f 3019 3022 3036
f 3019 3038 3039
f 3018 3038 3019
f 3019 3039 3022
f 3015 3017 3020
f 3020 3027 3021
f 3023 3037 3022
f 3021 3028 3025
f 3023 3025 3029
f 3014 3017 3015
f 3022 3039 3044
f 3023 3022 3044
f 3015 3020 3024
f 3020 3021 3024
f 3023 3045 3025
f 3023 3044 3045
f 3021 3025 3048
f 3021 3048 3024
f 3025 3045 3048
f 2992 3026 3017
f 3001 3030 3027
f 3001 3027 3026
f 3002 3035 3031
f 3028 3030 3032
f 3027 3030 3028
f 3036 3037 3034
f 3036 3034 3031
f 3037 3033 3034
f 3028 3032 3029
f 3037 3029 3033
f 3029 3032 3033
f 3006 3018 3035
f 3020 3026 3027
f 3019 3036 3035
f 3022 3037 3036
f 3035 3036 3031
f 3021 3027 3028
f 3023 3029 3037
f 3025 3028 3029
f 3010 3040 3038
f 3039 3040 3041
f 3038 3040 3039
f 3039 3041 3044
f 3014 3043 3042
f 3041 3046 3044
f 3015 3047 3043
f 3045 3046 3049
f 3015 3024 3047
f 3044 3046 3045
f 3024 3050 3047
f 3048 3049 3050
f 3024 3048 3050
f 3045 3049 3048
f 2612 2613 3058
f 2586 3054 3065
f 2586 3065 2646
f 2612 3058 3055
f 3054 3055 3069
f 3054 3069 3065
f 2613 3056 3059
f 2604 3082 3057
f 2609 3083 3082
f 3056 3057 3086
f 2613 3059 3058
f 3055 3058 3070
f 3055 3070 3069
f 3056 3086 3059
f 3058 3059 3120
f 3058 3120 3070
f 2646 3067 2648
f 2646 3065 3067
f 2648 3067 3066
f 3065 3069 3071
f 3065 3071 3067
f 3066 3067 3068
f 3067 3071 3068
f 3069 3102 3071
f 3069 3070 3102
f 3068 3071 3101
f 3066 3072 2659
f 3066 3068 3072
f 2659 3072 3111
f 2610 3084 3083
f 2611 3089 3084
f 2665 3092 2666
f 2665 3085 3092
f 2667 3100 3085
f 3085 3100 3107
f 3057 3082 3087
f 3082 3083 3094
f 3057 3087 3086
f 3059 3086 3121
f 3082 3094 3087
f 2663 3088 3090
f 2662 3091 3089
f 2664 3090 3091
f 2666 3093 3088
f 3088 3096 3090
f 2666 3092 3093
f 3085 3107 3092
f 3083 3084 3095
f 3084 3089 3097
f 3092 3107 3108
f 3083 3095 3094
f 3088 3093 3096
f 3092 3108 3093
f 3084 3097 3095
f 3093 3108 3141
f 3059 3121 3120
f 3086 3087 3123
f 3086 3123 3121
f 3087 3094 3146
f 3087 3146 3123
f 3090 3098 3091
f 3089 3091 3099
f 3090 3096 3098
f 3093 3141 3096
f 3091 3098 3099
f 3089 3099 3097
f 3094 3095 3147
f 3094 3147 3146
f 3096 3142 3098
f 3096 3141 3142
f 3095 3097 3154
f 3095 3154 3147
f 3098 3153 3099
f 3097 3099 3155
f 3098 3142 3153
f 3097 3155 3154
f 3099 3153 3155
f 2672 3104 3100
f 2671 3105 3104
f 3070 3122 3102
f 3070 3120 3122
f 3071 3102 3101
f 3101 3102 3103
f 3103 3102 3122
f 3103 3122 3124
f 3100 3104 3107
f 3104 3109 3107
f 3105 3109 3104
f 3105 3106 3109
f 3107 3109 3108
f 3109 3129 3108
f 3106 3129 3109
f 3106 3128 3129
f 3068 3110 3072
f 3068 3101 3110
f 3072 3110 3112
f 3110 3113 3115
f 3072 3112 3111
f 3111 3112 3167
f 3112 3168 3167
f 3110 3115 3112
f 3112 3115 3168
f 3110 3101 3113
f 3101 3103 3113
f 3105 2677 3106
f 3106 2677 3114
f 2679 3131 3114
f 3106 3114 3128
f 3114 3131 3128
f 3115 3170 3168
f 3115 3118 3170
f 2679 2895 3132
f 3118 3173 3170
f 3103 3116 3113
f 3113 3116 3118
f 3103 3124 3116
f 3124 3117 3116
f 3116 3117 3119
f 3115 3113 3118
f 3116 3119 3118
f 3118 3119 3173
f 3120 3121 3125
f 3120 3125 3122
f 3121 3127 3125
f 3121 3123 3127
f 3123 3148 3127
f 3122 3125 3124
f 3124 3125 3126
f 3126 3125 3127
f 3126 3127 3143
f 3123 3146 3148
f 3124 3126 3117
f 3108 3129 3141
f 3128 3144 3129
f 3128 3130 3144
f 3131 3132 3134
f 2679 3132 3131
f 3132 2895 3171
f 3132 3171 3133
f 3132 3133 3134
f 3133 3171 3175
f 3133 3175 3138
f 3138 3175 3183
f 3131 3130 3128
f 3131 3134 3130
f 3117 3161 3135
f 3133 3137 3134
f 3130 3134 3150
f 3150 3134 3137
f 3119 3180 3173
f 3119 3135 3180
f 3119 3117 3135
f 3133 3138 3137
f 3135 3181 3180
f 3135 3161 3136
f 3135 3136 3181
f 3138 3164 3137
f 3138 3183 3140
f 3140 3183 3190
f 3138 3140 3164
f 3136 3139 3191
f 3136 3191 3181
f 3139 3192 3191
f 3140 3190 3166
f 3166 3190 3192
f 3139 3166 3192
f 3141 3129 3144
f 3141 3144 3142
f 3144 3151 3142
f 3127 3148 3143
f 3130 3151 3144
f 3130 3150 3151
f 3143 3148 3145
f 3146 3149 3148
f 3146 3147 3149
f 3147 3157 3149
f 3145 3148 3149
f 3150 3158 3151
f 3150 3152 3158
f 3142 3151 3153
f 3151 3158 3153
f 3147 3154 3157
f 3153 3158 3155
f 3154 3160 3157
f 3154 3155 3160
f 3155 3158 3160
f 3149 3157 3156
f 3145 3149 3156
f 3152 3160 3158
f 3156 3157 3159
f 3152 3159 3160
f 3157 3160 3159
f 3126 3161 3117
f 3126 3143 3161
f 3161 3143 3162
f 3161 3162 3136
f 3162 3143 3145
f 3150 3137 3152
f 3137 3164 3152
f 3162 3163 3139
f 3162 3145 3163
f 3145 3156 3163
f 3164 3140 3165
f 3166 3163 3165
f 3156 3165 3163
f 3164 3159 3152
f 3156 3159 3165
f 3164 3165 3159
f 3162 3139 3136
f 3139 3163 3166
f 3140 3166 3165
f 3167 3168 2893
f 3168 3170 3169
f 2893 3168 3169
f 3169 3170 3172
f 3170 3173 3172
f 3169 3172 2915
f 2913 3175 3171
f 3174 3173 3180
f 3172 3173 3174
f 3176 3183 3175
f 2913 3176 3175
f 3176 3182 3183
f 3174 3180 3177
f 2915 3172 3178
f 3178 3172 3174
f 3178 3174 3179
f 3178 3179 2925
f 3174 3177 3179
f 3177 3180 3181
f 3182 3190 3183
f 3177 3181 3185
f 3182 3184 3190
f 2917 3184 3182
f 3177 3188 3179
f 2917 3187 3184
f 3179 3188 2930
f 3187 2931 3189
f 3188 3189 2932
f 3177 3185 3188
f 3185 3189 3188
f 3184 3187 3186
f 3185 3186 3189
f 3187 3189 3186
f 3185 3181 3191
f 3185 3191 3186
f 3184 3192 3190
f 3191 3192 3186
f 3184 3186 3192
f 1597 1598 1614
f 1597 1614 1601
f 1598 1599 1614
f 1599 1600 1614
f 1601 1614 1602
f 1602 1614 1605
f 1677 1610 1609
f 1678 1607 1610
f 1690 1608 1607
f 1617 1691 1692
f 1607 1608 1614
f 1617 1614 1608
f 1600 1603 1614
f 1603 1604 1614
f 1605 1614 1606
f 1604 1609 1614
f 1609 1610 1614
f 1606 1614 1611
f 1614 1612 1611
f 1610 1607 1614
f 1614 1615 1613
f 1614 1616 1615
f 1614 1623 1616
f 1614 1613 1612
f 1617 1608 1691
f 1617 1692 1618
f 1618 1619 1614
f 1617 1618 1614
f 1619 1621 1614
f 1620 1614 1621
f 1620 1822 1614
f 1614 1823 1824
f 1614 1822 1823
f 1614 1830 1829
f 1614 1828 1830
f 1618 1626 1619
f 1620 1621 1832
f 1619 1627 1621
f 1614 1622 1623
f 1614 1625 1624
f 1614 1624 1622
f 1614 1829 1625
f 1625 1923 1624
f 1618 1692 1626
f 1619 1626 1627
f 1621 1627 1832
f 1692 1699 1626
f 1626 1628 1627
f 1626 1699 1628
f 1627 1629 1832
f 1629 1840 1832
f 1627 1628 1629
f 1628 1725 1629
f 1629 1630 1840
f 1629 1725 1630
f 1725 1730 1630
f 1630 1730 1631
f 1631 1732 1854
f 1632 1637 1633
f 1632 1641 1637
f 1633 1637 1638
f 1633 1638 1635
f 1632 1634 1641
f 1634 1636 1642
f 1635 1638 1639
f 1634 1642 1641
f 1635 1639 1672
f 1636 1674 1643
f 1639 1640 1672
f 1640 1650 1682
f 1637 1644 1638
f 1638 1646 1639
f 1637 1641 1648
f 1636 1643 1642
f 1639 1647 1640
f 1641 1642 1649
f 1642 1643 1652
f 1643 1686 1653
f 1644 1658 1646
f 1646 1658 1645
f 1644 1662 1658
f 1637 1648 1644
f 1638 1644 1646
f 1639 1646 1647
f 1641 1649 1648
f 1647 1654 1650
f 1644 1648 1662
f 1646 1645 1647
f 1647 1645 1654
f 1648 1663 1662
f 1650 1654 1655
f 1648 1649 1663
f 1649 1667 1663
f 1640 1647 1650
f 1642 1652 1649
f 1651 1682 1650
f 1643 1653 1652
f 1651 1650 1655
f 1651 1655 1656
f 1651 1656 1709
f 1649 1652 1667
f 1652 1653 1668
f 1652 1668 1667
f 1654 1664 1655
f 1655 1665 1656
f 1656 1657 1714
f 1656 1665 1657
f 1714 1657 1717
f 1658 1660 1645
f 1658 1662 1661
f 1645 1660 1659
f 1658 1661 1660
f 1654 1645 1659
f 1662 1663 1666
f 1654 1659 1664
f 1661 1662 1666
f 1655 1664 1665
f 1663 1669 1666
f 1663 1667 1669
f 1667 1668 1670
f 1667 1670 1669
f 1668 1743 1670
f 1632 1633 1598
f 1632 1597 1634
f 1633 1635 1599
f 1635 1672 1600
f 1634 1601 1636
f 1636 1602 1674
f 1633 1599 1598
f 1632 1598 1597
f 1634 1597 1601
f 1635 1600 1599
f 1636 1601 1602
f 1600 1672 1603
f 1602 1605 1674
f 1603 1672 1673
f 1604 1673 1671
f 1677 1609 1671
f 1605 1675 1674
f 1606 1676 1675
f 1611 1679 1676
f 1640 1673 1672
f 1673 1682 1671
f 1640 1682 1673
f 1671 1682 1681
f 1677 1671 1681
f 1677 1681 1683
f 1651 1681 1682
f 1681 1709 1683
f 1677 1683 1678
f 1678 1683 1684
f 1678 1684 1690
f 1685 1690 1684
f 1685 1707 1698
f 1679 1680 1689
f 1683 1705 1684
f 1685 1684 1706
f 1674 1675 1686
f 1643 1674 1686
f 1675 1687 1686
f 1675 1676 1687
f 1676 1688 1687
f 1686 1687 1710
f 1687 1688 1711
f 1676 1679 1688
f 1679 1689 1688
f 1680 1703 1689
f 1689 1712 1688
f 1689 1703 1713
f 1603 1673 1604
f 1604 1671 1609
f 1605 1606 1675
f 1606 1611 1676
f 1613 1615 1693
f 1611 1612 1679
f 1612 1613 1680
f 1677 1678 1610
f 1678 1690 1607
f 1690 1691 1608
f 1612 1680 1679
f 1613 1693 1680
f 1615 1695 1693
f 1615 1616 1695
f 1616 1623 1694
f 1623 1622 1697
f 1622 1624 1696
f 1616 1694 1695
f 1623 1697 1694
f 1624 1923 1696
f 1622 1696 1697
f 1685 1691 1690
f 1685 1698 1691
f 1692 1691 1698
f 1692 1698 1699
f 1698 1723 1699
f 1699 1724 1628
f 1680 1693 1703
f 1695 1704 1693
f 1695 1694 1700
f 1695 1700 1704
f 1694 1697 1701
f 1694 1701 1700
f 1697 1696 1702
f 1697 1702 1701
f 1696 1925 1702
f 1700 1701 1726
f 1701 1702 1930
f 1693 1704 1703
f 1703 1704 1733
f 1704 1700 1734
f 1651 1709 1681
f 1683 1709 1705
f 1705 1715 1706
f 1684 1705 1706
f 1685 1706 1707
f 1706 1719 1707
f 1706 1715 1719
f 1723 1707 1708
f 1707 1719 1708
f 1708 1721 1728
f 1653 1686 1710
f 1687 1711 1710
f 1709 1714 1705
f 1656 1714 1709
f 1705 1714 1715
f 1653 1710 1742
f 1653 1742 1668
f 1711 1716 1710
f 1710 1716 1742
f 1688 1712 1711
f 1689 1713 1712
f 1711 1712 1722
f 1711 1722 1716
f 1712 1713 1735
f 1712 1735 1722
f 1714 1717 1715
f 1719 1715 1718
f 1715 1717 1718
f 1708 1719 1720
f 1719 1718 1720
f 1708 1720 1721
f 1722 1735 1746
f 1698 1707 1723
f 1699 1723 1724
f 1723 1728 1724
f 1724 1727 1725
f 1724 1728 1727
f 1723 1708 1728
f 1628 1724 1725
f 1725 1727 1730
f 1701 1930 1726
f 1726 1930 1932
f 1727 1728 1729
f 1721 1729 1728
f 1727 1729 1731
f 1727 1731 1730
f 1631 1730 1732
f 1730 1731 1732
f 1703 1733 1713
f 1704 1734 1733
f 1713 1733 1736
f 1734 1738 1733
f 1733 1738 1736
f 1713 1736 1735
f 1700 1726 1734
f 1734 1726 1739
f 1734 1739 1738
f 1726 1932 1739
f 1735 1736 1737
f 1735 1737 1746
f 1736 1741 1737
f 1739 1740 1738
f 1738 1740 1741
f 1736 1738 1741
f 1668 1742 1743
f 1742 1716 1744
f 1742 1744 1743
f 1722 1745 1716
f 1716 1745 1744
f 1722 1746 1745
f 1660 1747 1659
f 1659 1747 1748
f 1659 1748 1664
f 1664 1748 1754
f 1660 1661 1749
f 1660 1749 1747
f 1661 1758 1749
f 1748 1747 1750
f 1747 1749 1753
f 1748 1752 1754
f 1750 2175 1752
f 1748 1750 1752
f 1751 1754 1752
f 1747 1753 1750
f 1749 1762 1753
f 1750 1753 2177
f 1751 1752 2176
f 1665 1664 1754
f 1661 1666 1758
f 1665 1754 1755
f 1666 1669 1759
f 1666 1759 1758
f 1751 1755 1754
f 1755 1761 1756
f 1665 1755 1657
f 1657 1755 1756
f 1717 1657 1756
f 1717 1756 1787
f 1756 1757 1787
f 1669 1760 1759
f 1669 1670 1760
f 1670 1788 1760
f 1757 1792 1787
f 1756 1761 1757
f 1757 1767 1792
f 1749 1758 1762
f 1758 1759 1763
f 1760 1764 1759
f 1751 1761 1755
f 1758 1763 1762
f 1751 1765 1761
f 1761 1766 1757
f 1753 1762 2186
f 1762 1763 2187
f 1759 1764 1763
f 1760 1794 1764
f 1763 1764 1768
f 1751 2176 1765
f 1767 1801 1792
f 1761 1765 1766
f 1765 2179 1766
f 2179 2188 1766
f 1767 1766 2188
f 1757 1766 1767
f 1767 1769 1801
f 1769 1810 1801
f 1763 1768 2187
f 1764 1807 1768
f 1767 2188 1769
f 1769 2192 1810
f 1718 1717 1787
f 1718 1787 1770
f 1718 1770 1720
f 1770 1791 1772
f 1721 1720 1772
f 1721 1772 1771
f 1720 1770 1772
f 1771 1772 1773
f 1772 1791 1773
f 1771 1773 1779
f 1773 1803 1779
f 1729 1771 1774
f 1729 1774 1731
f 1731 1774 1776
f 1774 1780 1776
f 1732 1731 1776
f 1732 1775 1854
f 1732 1776 1775
f 1775 1776 1777
f 1775 1777 1939
f 1776 1780 1777
f 1777 1781 1939
f 1721 1771 1729
f 1771 1779 1774
f 1737 1797 1746
f 1737 1741 1778
f 1737 1778 1797
f 1740 1942 1741
f 1741 1942 1778
f 1774 1779 1780
f 1780 1779 1782
f 1780 1783 1777
f 1778 1943 1800
f 1779 1803 1782
f 1777 1783 1781
f 1780 1782 1783
f 1782 1784 1783
f 1783 1784 1785
f 1781 1783 1785
f 1781 1785 1949
f 1785 1784 1815
f 1785 1786 1949
f 1785 1815 1786
f 1770 1787 1792
f 1670 1743 1788
f 1743 1744 1789
f 1743 1789 1788
f 1788 1789 1795
f 1744 1745 1790
f 1745 1746 1796
f 1745 1796 1790
f 1744 1790 1789
f 1790 1793 1789
f 1770 1792 1791
f 1791 1792 1801
f 1773 1791 1802
f 1789 1793 1795
f 1790 1798 1793
f 1760 1788 1794
f 1788 1795 1794
f 1794 1795 1809
f 1764 1794 1807
f 1793 1808 1795
f 1746 1797 1796
f 1797 1799 1796
f 1790 1796 1798
f 1778 1800 1797
f 1796 1799 1798
f 1793 1798 1817
f 1797 1800 1799
f 1800 1961 1799
f 1799 1814 1798
f 1791 1801 1802
f 1802 1801 1810
f 1802 1810 1804
f 1773 1802 1803
f 1803 1804 1805
f 1782 1803 1805
f 1802 1804 1803
f 1805 1804 1812
f 1805 1812 1806
f 1794 1809 1807
f 1768 1807 2197
f 1807 1813 2197
f 1795 1808 1809
f 1807 1809 1813
f 1808 1818 1809
f 1809 1818 1813
f 1804 1810 1811
f 1804 1811 1812
f 2192 1811 1810
f 1782 1805 1784
f 1798 1814 1817
f 1799 1961 1814
f 1817 1814 1816
f 1814 1962 1816
f 1805 1806 1784
f 1806 1815 1784
f 1793 1817 1808
f 1808 1819 1818
f 1808 1817 1819
f 1817 1816 1819
f 1813 1818 2200
f 1819 1820 1818
f 1818 1820 2200
f 1816 1966 1819
f 1819 1966 1820
f 1821 1842 1846
f 1620 1826 1822
f 1827 1823 1822
f 1823 1834 1824
f 1824 1835 1825
f 1825 1836 1831
f 1827 1822 1826
f 1827 1834 1823
f 1614 1824 1825
f 1614 1825 1831
f 1614 1831 1828
f 1625 1829 1924
f 1830 1833 1829
f 1828 1838 1830
f 1828 1831 1837
f 1620 1832 1826
f 1829 1833 1924
f 1830 1838 1833
f 1824 1834 1835
f 1825 1835 1836
f 1831 1836 1837
f 1828 1837 1838
f 1826 1840 1839
f 1827 1841 1834
f 1827 1826 1839
f 1827 1839 1841
f 1839 1849 1841
f 1826 1832 1840
f 1840 1850 1839
f 1834 1842 1835
f 1834 1841 1842
f 1821 1836 1835
f 1844 1837 1836
f 1821 1835 1842
f 1842 1841 1851
f 1833 1838 1843
f 1833 1843 1927
f 1837 1845 1838
f 1838 1845 1843
f 1927 1843 1852
f 1821 1844 1836
f 1821 1859 1844
f 1844 1845 1837
f 1844 1860 1845
f 1843 1845 1868
f 1821 1846 1859
f 1846 1847 1862
f 1848 1862 1847
f 1839 1850 1849
f 1850 1853 1849
f 1849 1853 1856
f 1630 1850 1840
f 1630 1631 1850
f 1631 1853 1850
f 1841 1849 1851
f 1846 1842 1851
f 1851 1856 1847
f 1849 1856 1851
f 1846 1851 1847
f 1843 1868 1852
f 1927 1852 1931
f 1852 1870 1931
f 1931 1870 1858
f 1853 1855 1856
f 1631 1854 1853
f 1853 1854 1855
f 1856 1857 1847
f 1855 1857 1856
f 1848 1847 1857
f 1844 1859 1860
f 1859 1862 1861
f 1846 1862 1859
f 1859 1861 1860
f 1860 1861 1864
f 1860 1864 1868
f 1864 1869 1868
f 1861 1865 1864
f 1861 1863 1865
f 1861 1862 1863
f 1848 1863 1862
f 1864 1865 1866
f 1864 1866 1869
f 1866 1867 1869
f 1860 1868 1845
f 1852 1868 1869
f 1852 1869 1870
f 1869 1867 1870
f 1870 1867 1872
f 1858 1870 1872
f 1858 1872 1871
f 1881 1903 1902
f 1848 1876 1880
f 1855 1854 1874
f 1775 1874 1854
f 1855 1874 1875
f 1875 1874 1877
f 1855 1875 1857
f 1857 1875 1876
f 1848 1857 1876
f 1876 1875 1878
f 1876 1878 1887
f 1878 1890 1887
f 1875 1877 1878
f 1878 1877 1891
f 1863 1879 1865
f 1848 1880 1863
f 1863 1880 1879
f 1880 1876 1887
f 1879 1880 1883
f 1865 1881 1866
f 1865 1879 1881
f 1866 1881 1902
f 1866 1902 1867
f 1881 1879 1884
f 1882 1867 1902
f 1882 1913 1886
f 1880 1887 1883
f 1883 1887 1894
f 1884 1879 1883
f 1881 1884 1903
f 1884 1883 1895
f 1884 1873 1903
f 1872 1886 1871
f 1871 1886 1885
f 1882 1872 1867
f 1882 1886 1872
f 1886 1888 1885
f 1913 1888 1886
f 1888 1917 1889
f 1888 1889 1885
f 1878 1891 1890
f 1890 1892 1900
f 1890 1891 1892
f 1892 1893 1900
f 1883 1894 1895
f 1894 1897 1895
f 1884 1895 1873
f 1873 1895 1896
f 1895 1897 1896
f 1896 1898 1915
f 1896 1897 1898
f 1897 1901 1898
f 1894 1887 1890
f 1894 1890 1900
f 1894 1900 1897
f 1889 1917 1899
f 1897 1900 1901
f 1893 1901 1900
f 1902 1903 1904
f 1903 1905 1904
f 1904 1906 1913
f 1873 1905 1903
f 1904 1905 1906
f 1873 1907 1905
f 1908 1905 1907
f 1908 1906 1905
f 1908 1911 1906
f 1911 1914 1906
f 1908 1907 1910
f 1907 1915 1910
f 1908 1909 1911
f 1908 1910 1909
f 1909 1912 1911
f 1912 1916 1911
f 1912 1922 1916
f 1882 1902 1904
f 1882 1904 1913
f 1913 1914 1888
f 1913 1906 1914
f 1873 1896 1907
f 1914 1917 1888
f 1914 1916 1917
f 1916 1918 1917
f 1911 1916 1914
f 1896 1915 1907
f 1916 1922 1918
f 1922 1921 1918
f 1899 1917 1918
f 1899 1918 1919
f 1918 1921 1919
f 1921 1920 1919
f 1625 1924 1923
f 1696 1923 1925
f 1923 1924 1926
f 1923 1926 1925
f 1833 1927 1924
f 1924 1927 1926
f 1926 1928 1925
f 1702 1925 1929
f 1926 1927 1931
f 1928 1929 1925
f 1928 1934 1929
f 1702 1929 1930
f 1929 1933 1930
f 1930 1933 1932
f 1934 1933 1929
f 1926 1931 1928
f 1928 1931 1858
f 1928 1858 1934
f 1933 1936 1932
f 1932 1936 1937
f 1934 1935 1933
f 1858 1871 1934
f 1934 1871 1935
f 1935 1936 1933
f 1739 1932 1937
f 1739 1937 1740
f 1775 1939 1874
f 1935 1945 1936
f 1937 1936 1938
f 1936 1945 1938
f 1938 1940 1941
f 1945 1946 1938
f 1874 1939 1877
f 1877 1939 1947
f 1946 1940 1938
f 1740 1937 1941
f 1740 1941 1942
f 1937 1938 1941
f 1942 1941 1944
f 1778 1942 1943
f 1942 1944 1943
f 1943 1951 1800
f 1940 1944 1941
f 1940 1954 1944
f 1943 1944 1952
f 1935 1871 1885
f 1935 1885 1945
f 1885 1889 1945
f 1945 1889 1946
f 1946 1955 1940
f 1946 1889 1899
f 1877 1947 1891
f 1947 1948 1891
f 1781 1947 1939
f 1781 1949 1947
f 1947 1949 1948
f 1891 1948 1892
f 1948 1949 1953
f 1948 1953 1950
f 1892 1948 1950
f 1892 1950 1893
f 1944 1954 1952
f 1943 1952 1951
f 1951 1958 1964
f 1951 1952 1958
f 1786 1953 1949
f 1955 1954 1940
f 1955 1956 1954
f 1954 1956 1957
f 1946 1899 1955
f 1899 1919 1955
f 1955 1919 1956
f 1957 1956 1967
f 1957 1967 1960
f 1952 1954 1957
f 1952 1957 1958
f 1957 1960 1958
f 1958 1959 1964
f 1960 1959 1958
f 1951 1961 1800
f 1951 1964 1961
f 1961 1964 1962
f 1814 1961 1962
f 1816 1962 1963
f 1962 1964 1965
f 1959 1965 1964
f 1962 1965 1963
f 1816 1963 1966
f 1956 1919 1920
f 1956 1920 1967
f 1786 1968 1953
f 1786 1973 1968
f 1812 1811 1969
f 1812 1969 1970
f 1969 2241 1970
f 1806 1812 1970
f 1806 1970 1972
f 1972 1970 1971
f 1970 2241 1971
f 1975 1971 2251
f 1815 1972 1973
f 1806 1972 1815
f 1973 1972 1975
f 1786 1815 1973
f 1968 1973 1974
f 1973 1975 1974
f 1968 1974 2043
f 1974 1976 2043
f 1974 1977 1976
f 2200 1820 2247
f 1820 2054 2247
f 1972 1971 1975
f 1974 1975 1977
f 1975 2251 1977
f 2252 1978 1977
f 1976 1977 1978
f 1976 1978 2064
f 1978 2256 1979
f 1978 1979 2064
f 1979 2256 1980
f 1979 1980 2096
f 1980 2278 2097
f 1984 2100 2275
f 1983 1984 2274
f 1983 2273 1985
f 2275 2100 1981
f 1981 2101 1982
f 1981 2100 2101
f 1982 2097 2278
f 1985 2276 2104
f 2279 2105 2104
f 1898 1987 2003
f 1893 1986 1901
f 1901 1986 1987
f 1987 1986 1988
f 1898 1901 1987
f 2003 1987 1989
f 1987 1988 1989
f 1989 1988 1990
f 1989 1990 2011
f 1915 2002 1910
f 1909 1910 1991
f 1910 2002 1991
f 1991 2002 1992
f 1912 1993 1994
f 1995 1994 1993
f 1995 1993 1996
f 1995 2312 1994
f 1995 1996 1999
f 1995 1999 2313
f 1909 1993 1912
f 1909 1991 1993
f 1912 1994 1922
f 1991 1996 1993
f 1994 2312 2007
f 1922 1994 2007
f 1996 1998 1999
f 1991 1992 1996
f 1996 1992 1998
f 2007 2312 1997
f 1999 2314 2313
f 1999 1998 2000
f 1998 2016 2000
f 1999 2000 2314
f 2000 2001 2314
f 2000 2018 2001
f 1915 2003 2002
f 2002 2003 2004
f 1898 2003 1915
f 2003 1989 2004
f 2004 2011 2010
f 2002 2004 1992
f 1992 2004 2010
f 1992 2010 1998
f 1921 2006 1920
f 1920 2006 2005
f 2004 1989 2011
f 1922 2007 1921
f 1921 2007 2006
f 2007 1997 2006
f 1997 2319 2008
f 2008 2319 2017
f 1997 2008 2006
f 2008 2005 2006
f 2008 2009 2005
f 2008 2017 2009
f 2017 2019 2009
f 2010 2011 2013
f 2010 2016 1998
f 2010 2013 2016
f 2016 2013 2015
f 2011 2012 2013
f 1990 2012 2011
f 2013 2012 2014
f 2013 2014 2015
f 2000 2016 2018
f 2016 2015 2018
f 2017 2324 2019
f 2019 2324 2020
f 2001 2026 2327
f 2015 2025 2028
f 2015 2014 2025
f 2025 2030 2028
f 2025 2118 2030
f 2018 2015 2028
f 2018 2028 2026
f 2026 2028 2029
f 2001 2018 2026
f 2026 2027 2327
f 2026 2029 2027
f 2027 2035 2341
f 2028 2030 2029
f 2030 2138 2032
f 2029 2030 2032
f 2027 2029 2035
f 2029 2032 2035
f 2032 2138 2034
f 2032 2034 2037
f 2035 2038 2039
f 2035 2039 2346
f 2346 2039 2040
f 2032 2037 2036
f 2032 2038 2035
f 2032 2036 2038
f 1953 2042 1950
f 1893 1950 2041
f 1950 2042 2041
f 2041 2044 2045
f 1953 1968 2042
f 1968 2043 2042
f 2041 2042 2044
f 2042 2043 2044
f 2044 2043 2061
f 2044 2048 2045
f 2044 2061 2048
f 1893 2041 1986
f 1986 2041 2045
f 1986 2045 1988
f 1988 2045 2049
f 2045 2048 2049
f 1988 2049 1990
f 1960 2046 1959
f 1959 2046 2047
f 2046 2073 2047
f 2047 2073 2060
f 2048 2061 2062
f 2048 2062 2052
f 1990 2049 2050
f 1990 2050 2012
f 2050 2051 2012
f 2048 2052 2049
f 2049 2052 2050
f 2050 2052 2053
f 2052 2063 2053
f 2050 2053 2051
f 1965 2058 1963
f 1963 2058 2055
f 1976 2061 2043
f 1820 1966 2054
f 1963 2055 1966
f 1966 2055 2054
f 2247 2054 2056
f 2055 2057 2054
f 2057 2056 2054
f 2057 2067 2056
f 2056 2067 2288
f 2047 2058 1965
f 1959 2047 1965
f 2055 2058 2059
f 2047 2060 2058
f 2058 2060 2059
f 2060 2080 2059
f 2059 2080 2066
f 2055 2059 2057
f 2057 2059 2066
f 2057 2066 2067
f 1976 2064 2061
f 2061 2064 2062
f 2062 2064 2065
f 2052 2062 2063
f 2062 2065 2063
f 1979 2065 2064
f 2288 2067 2068
f 2066 2069 2067
f 2069 2068 2067
f 2069 2083 2068
f 2068 2083 2070
f 1920 2005 1967
f 1967 2005 2071
f 1960 1967 2071
f 2046 2071 2072
f 2005 2009 2071
f 2009 2072 2071
f 2072 2076 2073
f 1960 2071 2046
f 2046 2072 2073
f 2074 2080 2060
f 2073 2074 2060
f 2073 2076 2074
f 2009 2019 2072
f 2019 2076 2072
f 2051 2014 2012
f 2074 2075 2080
f 2075 2079 2081
f 2074 2076 2077
f 2019 2020 2076
f 2020 2077 2076
f 2020 2326 2077
f 2077 2326 2078
f 2074 2077 2075
f 2075 2077 2078
f 2075 2078 2079
f 2066 2080 2081
f 2066 2081 2069
f 2075 2081 2080
f 2069 2081 2082
f 2079 2082 2081
f 2069 2082 2083
f 2051 2085 2116
f 2053 2063 2084
f 2053 2084 2085
f 2051 2053 2085
f 2084 2087 2085
f 2084 2086 2087
f 2086 2094 2090
f 2088 2090 2094
f 2085 2087 2117
f 2086 2090 2129
f 2086 2129 2087
f 2092 2107 2102
f 2091 2092 2102
f 2088 2132 2090
f 2088 2130 2132
f 2088 2107 2130
f 2092 2130 2107
f 2089 2165 2091
f 2091 2165 2092
f 2065 2096 2093
f 2084 2063 2093
f 2063 2065 2093
f 2093 2096 2094
f 1982 2101 2102
f 2088 2095 2107
f 2088 2094 2095
f 2094 2096 2095
f 2097 2107 2095
f 2097 2102 2107
f 1979 2096 2065
f 1980 2095 2096
f 1980 2097 2095
f 1982 2102 2097
f 2280 2106 2105
f 2281 2115 2106
f 2113 2295 2296
f 2084 2093 2086
f 2086 2093 2094
f 2299 2161 2298
f 2113 2296 2114
f 2115 2295 2113
f 2114 2296 2098
f 2098 2099 2169
f 2114 2098 2169
f 2099 2298 2161
f 1984 2108 2100
f 1983 2103 1984
f 1983 1985 2109
f 1985 2104 2110
f 2089 2101 2100
f 2091 2102 2101
f 1984 2103 2108
f 2089 2100 2108
f 2104 2105 2111
f 1983 2109 2103
f 1985 2110 2109
f 2089 2091 2101
f 2089 2108 2103
f 2089 2103 2165
f 2103 2109 2165
f 2105 2106 2112
f 2106 2115 2164
f 2104 2111 2110
f 2105 2112 2111
f 2109 2110 2165
f 2110 2111 2165
f 2111 2112 2165
f 2115 2163 2164
f 2115 2166 2163
f 2115 2167 2166
f 2115 2113 2167
f 2106 2164 2112
f 2051 2116 2014
f 2014 2116 2025
f 2085 2117 2116
f 2025 2116 2118
f 2118 2116 2117
f 2123 2117 2122
f 2118 2138 2030
f 2118 2123 2138
f 2118 2117 2123
f 2087 2122 2117
f 2087 2129 2122
f 2079 2119 2082
f 2119 2121 2162
f 2078 2363 2079
f 2079 2363 2119
f 2119 2363 2365
f 2121 2120 2162
f 2151 2158 2120
f 2144 2158 2151
f 2119 2365 2121
f 2121 2375 2120
f 2151 2120 2375
f 2122 2129 2126
f 2129 2125 2126
f 2123 2140 2141
f 2123 2128 2140
f 2123 2122 2128
f 2122 2127 2128
f 2122 2126 2127
f 2090 2135 2129
f 2090 2134 2135
f 2090 2132 2133
f 2090 2133 2134
f 2130 2131 2132
f 2129 2135 2124
f 2129 2124 2125
f 2092 2165 2130
f 2130 2165 2131
f 2138 2142 2139
f 2138 2139 2143
f 2123 2142 2138
f 2142 2123 2141
f 2138 2143 2034
f 2170 2149 2145
f 2174 2150 2149
f 2174 2152 2150
f 2144 2152 2174
f 2170 2145 2148
f 2144 2155 2153
f 2151 2376 2156
f 2151 2375 2369
f 2151 2369 2376
f 2151 2154 2155
f 2151 2156 2154
f 2144 2153 2152
f 2144 2151 2155
f 2082 2162 2083
f 2083 2162 2157
f 2099 2170 2169
f 2158 2157 2120
f 2144 2159 2158
f 2144 2174 2159
f 2158 2159 2160
f 2161 2174 2170
f 2161 2159 2174
f 2070 2083 2157
f 2070 2157 2160
f 2299 2160 2159
f 2158 2160 2157
f 2299 2159 2161
f 2099 2161 2170
f 2119 2162 2082
f 2157 2162 2120
f 2114 2169 2137
f 2112 2164 2165
f 2113 2168 2167
f 2113 2171 2168
f 2113 2172 2171
f 2114 2173 2172
f 2114 2137 2173
f 2113 2114 2172
f 2169 2170 2146
f 2170 2174 2149
f 2169 2136 2137
f 2136 2169 2147
f 2169 2146 2147
f 2170 2148 2146
f 2175 2178 2176
f 2176 2178 2180
f 2175 2181 2178
f 1752 2175 2176
f 1750 2177 2175
f 1753 2186 2177
f 1765 2176 2180
f 2177 2186 2190
f 1765 2180 2179
f 2175 2177 2181
f 2177 2190 2181
f 2179 2180 2184
f 2181 2190 2195
f 2179 2184 2182
f 2180 2178 2183
f 2180 2183 2184
f 2178 2185 2183
f 2181 2185 2178
f 2181 2195 2185
f 1762 2187 2186
f 2187 2193 2186
f 2186 2193 2190
f 2187 2191 2193
f 2187 1768 2191
f 2179 2182 2188
f 2188 2189 1769
f 2182 2189 2188
f 2190 2193 2196
f 1769 2189 2192
f 2191 2194 2193
f 2193 2194 2196
f 2190 2196 2195
f 1768 2197 2191
f 2191 2197 2198
f 2191 2198 2194
f 1813 2199 2197
f 2197 2199 2198
f 1813 2200 2199
f 2183 2214 2184
f 2184 2214 2201
f 2183 2203 2214
f 2182 2184 2201
f 2182 2201 2202
f 2183 2185 2203
f 2185 2195 2208
f 2185 2208 2203
f 2202 2201 2215
f 2202 2215 2204
f 2192 2189 2205
f 2182 2202 2189
f 2189 2202 2205
f 2192 2205 2206
f 2192 2206 1811
f 2206 2207 1969
f 2205 2210 2206
f 2206 2210 2207
f 2195 2196 2209
f 2205 2202 2204
f 2195 2209 2208
f 2209 2219 2208
f 2196 2242 2209
f 2196 2194 2242
f 2209 2242 2244
f 2205 2204 2210
f 2204 2221 2210
f 2210 2221 2211
f 2207 2210 2211
f 2207 2211 2212
f 2209 2244 2219
f 2212 2211 2231
f 2212 2231 2213
f 2213 2235 2254
f 2201 2214 2216
f 2214 2203 2217
f 2203 2208 2218
f 2201 2216 2215
f 2214 2217 2216
f 2215 2216 2223
f 2216 2217 2226
f 2215 2223 2220
f 2216 2226 2223
f 2203 2218 2217
f 2215 2220 2204
f 2204 2220 2221
f 2218 2232 2217
f 2217 2232 2226
f 2208 2219 2218
f 2218 2219 2233
f 2218 2233 2232
f 2219 2244 2260
f 2219 2260 2233
f 2221 2220 2224
f 2221 2224 2222
f 2220 2223 2225
f 2226 2227 2223
f 2220 2225 2224
f 2223 2227 2225
f 2226 2232 2236
f 2226 2236 2227
f 2224 2225 2228
f 2225 2227 2230
f 2224 2228 2229
f 2225 2230 2228
f 2222 2224 2229
f 2222 2229 2234
f 2227 2238 2230
f 2221 2222 2211
f 2211 2222 2231
f 2232 2233 2237
f 2233 2261 2237
f 2231 2234 2235
f 2231 2222 2234
f 2231 2235 2213
f 2232 2237 2236
f 2236 2239 2238
f 2227 2236 2238
f 2236 2237 2239
f 1811 2206 1969
f 2198 2243 2194
f 2198 2199 2240
f 2198 2240 2243
f 2207 2241 1969
f 1971 2241 2250
f 2207 2212 2241
f 2241 2212 2250
f 1971 2250 2251
f 2194 2243 2242
f 2243 2245 2242
f 2240 2249 2243
f 2242 2245 2244
f 2245 2262 2244
f 2243 2249 2245
f 2245 2249 2257
f 2245 2257 2262
f 2199 2200 2246
f 2200 2247 2246
f 2199 2246 2240
f 2240 2246 2248
f 2247 2286 2246
f 2240 2248 2249
f 2246 2286 2248
f 2248 2286 2287
f 2248 2287 2258
f 2248 2258 2249
f 2249 2258 2257
f 2251 2250 2253
f 2251 2253 2252
f 2252 2253 2255
f 2252 2255 2256
f 2250 2212 2213
f 2250 2213 2253
f 2253 2254 2255
f 2213 2254 2253
f 2251 2252 1977
f 2252 2256 1978
f 2262 2257 2265
f 2257 2259 2265
f 2257 2258 2259
f 2258 2290 2259
f 2265 2291 2267
f 2265 2259 2291
f 2244 2262 2260
f 2233 2260 2261
f 2260 2263 2261
f 2260 2262 2263
f 2262 2265 2263
f 2237 2261 2264
f 2261 2263 2266
f 2261 2266 2264
f 2237 2264 2239
f 2265 2267 2263
f 2267 2266 2263
f 2270 2269 2273
f 2235 2268 2277
f 2274 2268 2270
f 2274 2270 2273
f 2269 2276 2273
f 2229 2269 2270
f 2229 2270 2234
f 2228 2271 2269
f 2228 2269 2229
f 2228 2230 2271
f 2235 2234 2268
f 2234 2270 2268
f 2230 2284 2271
f 2269 2271 2276
f 2238 2285 2284
f 2238 2239 2285
f 2230 2238 2284
f 2272 2278 2255
f 2272 2277 1981
f 2274 2275 2268
f 1983 2274 2273
f 1984 2275 2274
f 1985 2273 2276
f 2275 1981 2277
f 2272 2254 2277
f 2275 2277 2268
f 2235 2277 2254
f 2279 2271 2284
f 2272 2255 2254
f 2280 2284 2285
f 2279 2276 2271
f 2279 2284 2280
f 2256 2278 1980
f 2272 1982 2278
f 2256 2255 2278
f 2272 1981 1982
f 2279 2104 2276
f 2279 2280 2105
f 2281 2285 2282
f 2282 2283 2295
f 2266 2297 2283
f 2280 2285 2281
f 2281 2282 2295
f 2239 2264 2282
f 2239 2282 2285
f 2264 2283 2282
f 2264 2266 2283
f 2267 2297 2266
f 2247 2056 2286
f 2056 2288 2286
f 2286 2288 2287
f 2287 2288 2289
f 2287 2289 2290
f 2289 2293 2290
f 2293 2292 2290
f 2258 2287 2290
f 2259 2292 2291
f 2259 2290 2292
f 2288 2068 2289
f 2289 2068 2070
f 2289 2070 2293
f 2098 2297 2294
f 2280 2281 2106
f 2281 2295 2115
f 2283 2296 2295
f 2296 2297 2098
f 2267 2294 2297
f 2283 2297 2296
f 2267 2291 2294
f 2298 2291 2292
f 2298 2294 2291
f 2099 2294 2298
f 2293 2299 2292
f 2299 2298 2292
f 2070 2160 2293
f 2293 2160 2299
f 2098 2294 2099
f 2312 2313 2315
f 1995 2313 2312
f 1997 2312 2315
f 1997 2315 2319
f 2313 2316 2315
f 2313 2314 2316
f 2315 2316 2321
f 2315 2321 2319
f 2316 2314 2317
f 2316 2317 2318
f 2316 2318 2321
f 2321 2320 2319
f 2001 2317 2314
f 2320 2323 2324
f 2318 2322 2321
f 2321 2322 2320
f 2322 2323 2320
f 2017 2319 2320
f 2017 2320 2324
f 2324 2323 2325
f 2020 2324 2325
f 2020 2325 2326
f 2318 2317 2328
f 2318 2328 2330
f 2001 2327 2317
f 2317 2327 2328
f 2328 2327 2337
f 2328 2329 2330
f 2328 2337 2329
f 2333 2329 2343
f 2318 2330 2322
f 2322 2330 2331
f 2322 2331 2323
f 2330 2333 2331
f 2323 2331 2332
f 2331 2334 2332
f 2330 2329 2333
f 2331 2333 2334
f 2333 2335 2334
f 2334 2339 2332
f 2333 2343 2335
f 2334 2335 2336
f 2334 2336 2339
f 2027 2337 2327
f 2027 2341 2337
f 2337 2341 2342
f 2337 2342 2329
f 2329 2342 2343
f 2325 2338 2326
f 2338 2340 2364
f 2326 2338 2364
f 2364 2340 2366
f 2366 2340 2357
f 2366 2357 2372
f 2325 2323 2332
f 2332 2339 2338
f 2325 2332 2338
f 2339 2336 2355
f 2339 2340 2338
f 2339 2355 2340
f 2355 2357 2340
f 2342 2341 2347
f 2342 2347 2344
f 2345 2344 2040
f 2343 2345 2335
f 2343 2342 2344
f 2343 2344 2345
f 2345 2040 2353
f 2353 2040 2354
f 2035 2346 2341
f 2341 2346 2347
f 2347 2346 2040
f 2344 2347 2040
f 2356 2040 2351
f 2354 2040 2356
f 2357 2348 2349
f 2357 2349 2350
f 2372 2357 2350
f 2372 2350 2352
f 2335 2353 2336
f 2336 2354 2355
f 2345 2353 2335
f 2336 2353 2354
f 2354 2356 2355
f 2355 2356 2357
f 2356 2348 2357
f 2356 2351 2348
f 2078 2326 2364
f 2364 2366 2363
f 2078 2364 2363
f 2366 2365 2363
f 2121 2365 2368
f 2372 2368 2365
f 2366 2372 2365
f 2121 2368 2375
f 2368 2374 2367
f 2375 2370 2369
f 2375 2371 2370
f 2368 2367 2371
f 2368 2371 2375
f 2372 2352 2373
f 2372 2373 2374
f 2372 2374 2368
f 3618 4066 3987
f 3617 4066 3618
f 3627 3736 3629
f 3619 4066 3620
f 3620 4066 3617
f 3619 3627 4066
f 3629 3735 3739
f 3629 3739 3630
f 3629 3630 3633
f 3629 3634 3635
f 3629 3632 3634
f 3629 3633 3632
f 3629 3635 3636
f 3627 3629 4066
f 3629 3636 4066
f 3618 3987 4052
f 3617 3618 3896
f 3619 3899 3727
f 3620 3617 3897
f 3619 3620 3898
f 3619 3730 3627
f 3619 3727 3728
f 3619 3729 3730
f 3619 3728 3729
f 3627 3730 3731
f 3627 3731 3720
f 3627 3723 3724
f 3627 3721 3722
f 3627 3722 3723
f 3627 3724 3736
f 3627 3720 3721
f 3629 3736 3737
f 3629 3738 3735
f 3629 3737 3738
f 3899 3761 3727
f 3899 3759 3760
f 3899 3760 3761
f 3899 3762 3759
f 3900 3763 3762
f 3900 3764 3763
f 3900 3768 3767
f 3900 3769 3768
f 3900 3733 3769
f 3900 3767 3764
f 3900 3743 3732
f 3900 3732 3733
f 3901 3745 3741
f 3901 3746 3745
f 3901 3748 3746
f 3901 3744 3742
f 3901 3742 3743
f 3901 3741 3744
f 3901 3751 3749
f 3901 3750 3751
f 3901 3749 3748
f 3973 3752 3750
f 3973 3972 3752
f 3618 4052 3896
f 3617 3896 3897
f 3620 3897 3898
f 3619 3898 3899
f 3899 3900 3762
f 3900 3901 3743
f 3901 3973 3750
f 3896 4052 4059
f 3897 3896 3902
f 3898 3897 3903
f 3899 3898 3904
f 3896 4059 3902
f 3897 3902 3903
f 3899 3905 3900
f 3900 3906 3901
f 3901 3907 3973
f 3898 3903 3904
f 3899 3904 3905
f 3900 3905 3906
f 3902 4059 4669
f 3904 3903 4669
f 3902 4669 3903
f 3901 3906 3907
f 3907 3980 3973
f 3905 3904 4669
f 3905 4669 3906
f 3907 3906 4669
f 3907 4669 3980
f 4066 3636 3947
f 3954 4066 3947
f 3954 3947 3944
f 3954 3955 4066
f 3955 3956 4066
f 3956 3957 4066
f 3957 3958 4066
f 3958 4085 4066
f 3973 3965 3972
f 3973 3966 3965
f 3973 3967 3966
f 3973 3970 3963
f 3973 3963 3967
f 3974 3948 3969
f 3974 3969 3970
f 3974 3945 3946
f 3974 3946 3948
f 3974 3944 3945
f 3954 3944 3974
f 3954 3975 3955
f 3955 3976 3956
f 3956 3977 3957
f 3957 3978 3958
f 3958 3979 4085
f 3973 3974 3970
f 3954 3974 3975
f 3955 3975 3976
f 3956 3976 3977
f 3957 3977 3978
f 3958 3978 3979
f 3979 4659 4085
f 3973 3980 3974
f 3974 3981 3975
f 3975 3982 3976
f 3976 3983 3977
f 3974 3980 3981
f 3975 3981 3982
f 3980 4669 3981
f 3981 4669 3982
f 3982 4669 3983
f 3983 4669 3984
f 3976 3982 3983
f 3977 3983 3984
f 3984 4669 3985
f 3985 4669 3986
f 3986 4669 4677
f 3977 3984 3978
f 3985 3979 3978
f 3979 3986 4659
f 3984 3985 3978
f 3985 3986 3979
f 3986 4677 4659
f 3987 4066 3988
f 3988 4066 3989
f 3989 4066 3990
f 3990 4066 3991
f 3991 4066 4005
f 4005 4013 4014
f 4005 4066 4013
f 4066 4068 4013
f 3987 3988 4053
f 3988 3989 4054
f 3989 3990 4055
f 3990 3991 4056
f 3991 4005 4057
f 4005 4014 4058
f 4058 4014 4015
f 4058 4015 4016
f 4058 4016 4017
f 4058 4017 4039
f 4058 4039 4040
f 4647 4040 4042
f 4647 4042 4043
f 4647 4043 4044
f 4647 4044 4045
f 4647 4045 4129
f 3987 4053 4052
f 3988 4054 4053
f 3989 4055 4054
f 3990 4056 4055
f 3991 4057 4056
f 4005 4058 4057
f 4058 4040 4647
f 4052 4053 4060
f 4053 4054 4061
f 4054 4055 4062
f 4052 4060 4059
f 4053 4061 4060
f 4054 4062 4061
f 4063 4055 4056
f 4064 4056 4057
f 4057 4058 4065
f 4058 4647 4670
f 4062 4055 4063
f 4063 4056 4064
f 4059 4060 4669
f 4060 4061 4669
f 4061 4062 4669
f 4064 4057 4065
f 4058 4670 4065
f 4062 4063 4669
f 4063 4064 4669
f 4064 4065 4669
f 4065 4670 4669
f 4066 4074 4068
f 4066 4076 4074
f 4074 4069 4068
f 4074 4070 4069
f 4074 4071 4070
f 4074 4072 4071
f 4074 4073 4072
f 4074 4123 4073
f 4074 4124 4123
f 4066 4084 4076
f 4066 4087 4083
f 4066 4083 4084
f 4074 4076 4127
f 4066 4086 4087
f 4066 4085 4086
f 4074 4125 4124
f 4074 4126 4125
f 4074 4127 4126
f 4076 4144 4127
f 4076 4146 4145
f 4076 4147 4146
f 4076 4145 4144
f 4076 4148 4147
f 4076 4084 4153
f 4076 4150 4148
f 4076 4153 4150
f 4084 4154 4153
f 4084 4155 4154
f 4084 4156 4155
f 4647 4129 4130
f 4647 4130 4131
f 4648 4131 4132
f 4648 4132 4133
f 4648 4133 4134
f 4648 4134 4136
f 4648 4136 4137
f 4648 4137 4138
f 4648 4138 4139
f 4648 4139 4140
f 4648 4140 4141
f 4649 4141 4152
f 4649 4152 4151
f 4649 4151 4166
f 4649 4166 4167
f 4649 4167 4168
f 4649 4168 4170
f 4649 4170 4171
f 4649 4171 4172
f 4656 4173 4156
f 4656 4172 4175
f 4656 4175 4174
f 4656 4174 4173
f 4083 4657 4084
f 4087 4658 4083
f 4084 4656 4156
f 4086 4660 4087
f 4085 4659 4086
f 4647 4131 4648
f 4648 4141 4649
f 4649 4172 4656
f 4084 4657 4656
f 4083 4658 4657
f 4087 4660 4658
f 4086 4659 4660
f 4647 4648 4671
f 4672 4648 4649
f 4673 4649 4656
f 4647 4671 4670
f 4672 4671 4648
f 4669 4670 4671
f 4669 4671 4672
f 4669 4672 4673
f 4669 4673 4674
f 4672 4649 4673
f 4674 4673 4656
f 4675 4674 4657
f 4669 4675 4676
f 4669 4674 4675
f 4669 4676 4677
f 4674 4656 4657
f 4675 4657 4658
f 4660 4676 4658
f 4659 4677 4660
f 4675 4658 4676
f 4660 4677 4676
f 3994 3995 4024
f 3995 4027 4024
f 3994 3997 3995
f 3994 4024 4026
f 3996 3993 3997
f 3994 3996 3997
f 3995 3997 3999
f 3996 3992 3993
f 3996 4020 3992
f 3997 3993 4008
f 3996 3998 4020
f 3994 3998 3996
f 3994 4026 3998
f 3995 4000 4027
f 4000 4028 4027
f 3997 4008 3999
f 4000 3999 4022
f 3995 3999 4000
f 4000 4001 4028
f 4001 4088 4028
f 4000 4022 4001
f 3992 4002 4003
f 3993 4003 4009
f 3992 4004 4002
f 3992 4003 3993
f 4002 4004 4006
f 4006 4014 4013
f 4006 4007 4014
f 4004 4007 4006
f 3993 4009 4008
f 4002 4068 4003
f 4008 4009 4010
f 4003 4068 4009
f 4008 4010 4011
f 4009 4068 4010
f 4010 4018 4011
f 4011 4018 4012
f 4002 4006 4068
f 4006 4013 4068
f 4007 4015 4014
f 4007 4016 4015
f 4007 4041 4016
f 4041 4017 4016
f 4010 4068 4018
f 4012 4018 4019
f 4018 4068 4019
f 4012 4019 4067
f 3992 4020 4004
f 4004 4020 4021
f 4020 4023 4021
f 3998 4023 4020
f 3998 4026 4036
f 3998 4036 4023
f 4004 4021 4007
f 4008 4011 3999
f 4011 4022 3999
f 4022 4077 4001
f 4011 4012 4022
f 4012 4077 4022
f 4007 4021 4048
f 4007 4048 4041
f 4021 4050 4048
f 4021 4023 4050
f 4036 4038 4023
f 4023 4038 4050
f 4024 4027 4025
f 4024 4025 4033
f 4024 4033 4026
f 4025 4027 4029
f 4027 4028 4029
f 4029 4028 4032
f 4025 4029 4030
f 4025 4030 4034
f 4029 4032 4031
f 4029 4031 4030
f 4026 4033 4037
f 4028 4088 4032
f 4025 4034 4033
f 4030 4031 4035
f 4030 4035 4095
f 4031 4092 4035
f 4030 4095 4034
f 4026 4037 4036
f 4033 4100 4037
f 4033 4034 4100
f 4036 4037 4102
f 4036 4102 4038
f 4041 4039 4017
f 4041 4040 4039
f 4041 4046 4040
f 4046 4042 4040
f 4046 4043 4042
f 4046 4047 4043
f 4047 4044 4043
f 4047 4045 4044
f 4041 4048 4049
f 4041 4049 4046
f 4046 4049 4159
f 4048 4051 4049
f 4048 4050 4051
f 4050 4038 4215
f 4050 4215 4051
f 4046 4159 4047
f 4001 4078 4088
f 4019 4068 4069
f 4019 4069 4067
f 4067 4069 4070
f 4067 4070 4075
f 4075 4070 4071
f 4075 4071 4072
f 4075 4072 4073
f 4075 4073 4128
f 4012 4067 4077
f 4077 4079 4078
f 4001 4077 4078
f 4078 4099 4088
f 4078 4079 4081
f 4078 4081 4099
f 4099 4081 4105
f 4077 4067 4079
f 4067 4075 4079
f 4079 4080 4081
f 4075 4080 4079
f 4075 4128 4080
f 4080 4162 4082
f 4081 4082 4105
f 4081 4080 4082
f 4082 4106 4105
f 4031 4032 4089
f 4032 4088 4090
f 4088 4099 4090
f 4032 4090 4089
f 4089 4090 4091
f 4090 4101 4091
f 4031 4089 4092
f 4089 4096 4092
f 4035 4092 4093
f 4092 4096 4094
f 4092 4094 4093
f 4093 4094 4276
f 4035 4111 4095
f 4089 4091 4096
f 4096 4091 4097
f 4096 4097 4098
f 4035 4093 4111
f 4093 4287 4111
f 4096 4098 4094
f 4093 4276 4287
f 4094 4098 4278
f 4094 4278 4276
f 4098 4280 4278
f 4098 4097 4115
f 4098 4115 4280
f 4115 4289 4280
f 4090 4099 4101
f 4099 4105 4101
f 4037 4103 4102
f 4037 4100 4103
f 4101 4105 4107
f 4091 4101 4104
f 4101 4107 4104
f 4104 4107 4108
f 4105 4106 4107
f 4107 4106 4109
f 4107 4109 4108
f 4108 4109 4118
f 4034 4095 4110
f 4034 4110 4100
f 4095 4112 4110
f 4095 4111 4112
f 4111 4287 4291
f 4111 4291 4112
f 4100 4110 4113
f 4100 4113 4103
f 4110 4117 4113
f 4110 4112 4117
f 4091 4104 4097
f 4104 4114 4097
f 4097 4114 4115
f 4104 4108 4114
f 4114 4119 4116
f 4115 4114 4116
f 4115 4116 4289
f 4116 4299 4289
f 4114 4108 4119
f 4112 4291 4293
f 4112 4293 4117
f 4116 4121 4299
f 4108 4118 4119
f 4118 4120 4119
f 4119 4120 4121
f 4116 4119 4121
f 4121 4303 4299
f 4121 4120 4122
f 4121 4122 4303
f 4122 4306 4303
f 4128 4073 4123
f 4128 4123 4124
f 4128 4124 4125
f 4125 4126 4143
f 4128 4125 4143
f 4135 4129 4045
f 4047 4135 4045
f 4135 4130 4129
f 4135 4131 4130
f 4135 4132 4131
f 4142 4133 4132
f 4135 4142 4132
f 4142 4134 4133
f 4169 4139 4138
f 4165 4136 4134
f 4142 4165 4134
f 4165 4137 4136
f 4169 4138 4137
f 4143 4127 4144
f 4143 4126 4127
f 4149 4144 4145
f 4149 4145 4146
f 4143 4144 4149
f 4158 4146 4147
f 4149 4146 4158
f 4158 4147 4148
f 4158 4148 4150
f 4183 4150 4153
f 4157 4155 4156
f 4183 4153 4154
f 4183 4154 4155
f 4158 4150 4183
f 4157 4156 4173
f 4157 4173 4184
f 4047 4159 4160
f 4049 4161 4159
f 4047 4160 4135
f 4135 4178 4142
f 4135 4160 4178
f 4159 4177 4160
f 4049 4051 4161
f 4051 4215 4218
f 4051 4218 4161
f 4159 4161 4177
f 4161 4218 4224
f 4128 4162 4080
f 4128 4143 4162
f 4143 4163 4162
f 4143 4149 4163
f 4162 4163 4164
f 4162 4164 4082
f 4082 4164 4106
f 4164 4228 4106
f 4163 4190 4164
f 4149 4158 4188
f 4149 4188 4163
f 4169 4140 4139
f 4176 4141 4140
f 4176 4152 4141
f 4176 4151 4152
f 4165 4169 4137
f 4169 4176 4140
f 4194 4166 4151
f 4194 4167 4166
f 4192 4173 4174
f 4195 4168 4167
f 4195 4170 4168
f 4195 4171 4170
f 4176 4194 4151
f 4194 4195 4167
f 4160 4177 4180
f 4161 4224 4177
f 4142 4179 4165
f 4142 4178 4179
f 4160 4180 4178
f 4165 4181 4169
f 4165 4179 4181
f 4178 4182 4179
f 4169 4208 4176
f 4177 4224 4227
f 4177 4227 4180
f 4169 4181 4208
f 4179 4650 4181
f 4178 4180 4182
f 4180 4227 4242
f 4179 4182 4650
f 4180 4242 4182
f 4157 4187 4155
f 4183 4155 4187
f 4184 4173 4185
f 4157 4184 4199
f 4185 4173 4186
f 4157 4199 4187
f 4184 4185 4202
f 4184 4202 4199
f 4164 4190 4228
f 4158 4189 4188
f 4158 4183 4189
f 4163 4188 4190
f 4183 4187 4210
f 4183 4210 4189
f 4188 4189 4191
f 4190 4231 4228
f 4188 4191 4190
f 4190 4191 4231
f 4191 4246 4231
f 4192 4193 4173
f 4193 4196 4173
f 4200 4172 4171
f 4200 4175 4172
f 4200 4174 4175
f 4196 4198 4173
f 4192 4174 4205
f 4195 4200 4171
f 4186 4173 4201
f 4198 4201 4173
f 4186 4201 4197
f 4185 4186 4203
f 4192 4206 4193
f 4193 4207 4196
f 4200 4205 4174
f 4192 4205 4206
f 4186 4197 4204
f 4197 4201 4259
f 4185 4203 4202
f 4186 4204 4203
f 4196 4258 4198
f 4198 4260 4201
f 4193 4206 4207
f 4196 4207 4258
f 4197 4259 4204
f 4198 4258 4260
f 4201 4260 4259
f 4189 4210 4212
f 4189 4212 4191
f 4176 4209 4194
f 4176 4208 4209
f 4181 4651 4208
f 4194 4652 4195
f 4194 4209 4652
f 4195 4653 4200
f 4181 4650 4651
f 4187 4199 4211
f 4187 4211 4210
f 4199 4202 4213
f 4199 4213 4211
f 4210 4211 4214
f 4202 4203 4261
f 4191 4212 4246
f 4210 4214 4212
f 4212 4249 4246
f 4212 4214 4249
f 4195 4652 4653
f 4200 4678 4205
f 4202 4261 4213
f 4211 4213 4263
f 4205 4679 4206
f 4211 4263 4214
f 4214 4266 4249
f 4038 4102 4216
f 4038 4216 4215
f 4102 4217 4216
f 4102 4103 4217
f 4216 4217 4220
f 4215 4216 4219
f 4215 4219 4218
f 4216 4220 4219
f 4106 4228 4109
f 4218 4219 4225
f 4220 4226 4219
f 4103 4113 4221
f 4103 4221 4217
f 4113 4222 4221
f 4217 4221 4223
f 4113 4117 4222
f 4117 4293 4378
f 4117 4378 4222
f 4221 4222 4235
f 4222 4378 4382
f 4217 4223 4220
f 4221 4235 4223
f 4220 4223 4251
f 4220 4251 4226
f 4222 4382 4235
f 4218 4225 4224
f 4224 4225 4243
f 4219 4226 4225
f 4225 4241 4243
f 4226 4241 4225
f 4224 4243 4227
f 4109 4228 4229
f 4109 4229 4118
f 4118 4229 4230
f 4228 4231 4229
f 4229 4231 4232
f 4231 4246 4232
f 4229 4232 4230
f 4230 4232 4233
f 4232 4247 4233
f 4233 4247 4248
f 4118 4230 4120
f 4120 4230 4234
f 4120 4234 4122
f 4230 4233 4234
f 4122 4234 4237
f 4122 4237 4306
f 4223 4236 4251
f 4235 4382 4384
f 4223 4235 4236
f 4235 4384 4236
f 4234 4238 4237
f 4237 4386 4306
f 4237 4240 4386
f 4240 4390 4386
f 4233 4238 4234
f 4233 4248 4238
f 4238 4239 4240
f 4238 4248 4239
f 4237 4238 4240
f 4240 4264 4390
f 4240 4239 4264
f 4227 4243 4244
f 4227 4244 4242
f 4241 4245 4243
f 4243 4245 4244
f 4245 4662 4244
f 4232 4246 4247
f 4246 4249 4247
f 4247 4249 4250
f 4247 4250 4248
f 4248 4250 4265
f 4249 4266 4250
f 4226 4251 4252
f 4226 4252 4241
f 4251 4253 4252
f 4236 4253 4251
f 4236 4384 4402
f 4236 4402 4253
f 4253 4256 4252
f 4241 4252 4254
f 4241 4254 4245
f 4252 4256 4254
f 4248 4265 4239
f 4253 4402 4404
f 4253 4404 4256
f 4254 4255 4245
f 4245 4255 4662
f 4254 4257 4255
f 4254 4256 4257
f 4256 4404 4407
f 4256 4407 4257
f 4257 4407 4479
f 4255 4257 4707
f 4203 4204 4262
f 4203 4262 4261
f 4206 4680 4207
f 4207 4685 4258
f 4213 4261 4681
f 4204 4259 4684
f 4204 4684 4262
f 4259 4260 4686
f 4258 4687 4260
f 4213 4681 4263
f 4214 4263 4266
f 4263 4696 4266
f 4264 4460 4390
f 4264 4270 4460
f 4250 4266 4268
f 4266 4696 4268
f 4250 4268 4265
f 4265 4268 4267
f 4268 4700 4267
f 4239 4265 4269
f 4264 4239 4269
f 4265 4267 4269
f 4269 4272 4270
f 4264 4269 4270
f 4460 4270 4476
f 4270 4271 4476
f 4270 4272 4271
f 4271 4483 4476
f 4269 4267 4272
f 4272 4273 4271
f 4272 4267 4701
f 4257 4479 4707
f 4707 4479 4763
f 4272 4701 4273
f 4273 4710 4274
f 4271 4273 4274
f 4271 4274 4483
f 4274 4488 4483
f 4274 4710 4275
f 4274 4275 4488
f 4275 4491 4488
f 4276 4278 4277
f 4276 4288 4287
f 4276 4277 4288
f 4278 4280 4279
f 4277 4278 4279
f 4280 4289 4281
f 4279 4280 4281
f 4277 4279 4282
f 4279 4283 4282
f 4277 4282 4290
f 4279 4281 4283
f 4281 4297 4283
f 4282 4283 4284
f 4283 4297 4285
f 4283 4285 4284
f 4282 4284 4296
f 4284 4285 4286
f 4287 4292 4291
f 4287 4288 4292
f 4281 4289 4298
f 4277 4290 4288
f 4281 4298 4297
f 4282 4296 4290
f 4288 4290 4295
f 4288 4295 4292
f 4290 4316 4295
f 4291 4292 4294
f 4291 4294 4293
f 4292 4295 4305
f 4292 4305 4294
f 4284 4313 4296
f 4290 4296 4316
f 4284 4286 4313
f 4285 4312 4286
f 4289 4299 4298
f 4299 4303 4300
f 4298 4299 4300
f 4297 4298 4301
f 4297 4301 4310
f 4298 4300 4301
f 4300 4302 4301
f 4301 4302 4311
f 4300 4303 4304
f 4303 4306 4304
f 4295 4317 4305
f 4300 4304 4302
f 4302 4304 4308
f 4302 4308 4318
f 4304 4306 4307
f 4304 4307 4308
f 4308 4307 4309
f 4308 4309 4321
f 4285 4297 4310
f 4301 4311 4310
f 4285 4310 4312
f 4310 4311 4314
f 4302 4318 4311
f 4311 4318 4315
f 4310 4314 4312
f 4286 4312 4326
f 4286 4326 4329
f 4312 4314 4327
f 4312 4327 4326
f 4296 4313 4319
f 4286 4329 4313
f 4314 4331 4327
f 4311 4315 4314
f 4315 4318 4323
f 4314 4315 4331
f 4315 4340 4331
f 4295 4316 4317
f 4296 4319 4316
f 4316 4320 4317
f 4313 4336 4319
f 4313 4329 4336
f 4316 4319 4320
f 4319 4336 4337
f 4319 4337 4320
f 4315 4323 4340
f 4308 4321 4318
f 4318 4321 4323
f 4309 4322 4321
f 4321 4322 4324
f 4321 4324 4323
f 4340 4323 4343
f 4323 4324 4343
f 4324 4346 4343
f 4324 4322 4325
f 4324 4325 4346
f 4325 4465 4347
f 4325 4347 4346
f 4326 4327 4328
f 4326 4335 4329
f 4326 4328 4335
f 4327 4331 4330
f 4327 4330 4328
f 4331 4340 4332
f 4331 4332 4330
f 4328 4330 4333
f 4330 4334 4333
f 4328 4339 4335
f 4328 4333 4339
f 4330 4332 4334
f 4332 4342 4334
f 4333 4334 4353
f 4329 4338 4336
f 4329 4335 4338
f 4336 4345 4337
f 4336 4338 4345
f 4335 4350 4338
f 4335 4339 4350
f 4333 4354 4339
f 4332 4340 4341
f 4332 4341 4342
f 4334 4342 4355
f 4340 4343 4341
f 4343 4346 4344
f 4343 4344 4341
f 4344 4346 4348
f 4346 4347 4348
f 4348 4347 4423
f 4342 4341 4349
f 4341 4344 4349
f 4344 4351 4349
f 4342 4349 4356
f 4349 4351 4357
f 4338 4413 4345
f 4338 4350 4413
f 4339 4358 4350
f 4350 4418 4413
f 4344 4348 4351
f 4348 4352 4351
f 4351 4352 4359
f 4348 4423 4352
f 4352 4423 4424
f 4352 4424 4360
f 4334 4355 4353
f 4353 4355 4361
f 4333 4353 4354
f 4353 4363 4354
f 4339 4354 4358
f 4342 4356 4355
f 4349 4357 4356
f 4355 4356 4362
f 4355 4362 4361
f 4353 4361 4363
f 4356 4357 4364
f 4356 4364 4362
f 4350 4358 4418
f 4354 4365 4358
f 4354 4363 4365
f 4358 4372 4418
f 4358 4365 4372
f 4351 4359 4357
f 4357 4366 4364
f 4357 4359 4366
f 4359 4367 4366
f 4359 4360 4367
f 4352 4360 4359
f 4360 4373 4367
f 4361 4362 4368
f 4362 4364 4369
f 4361 4374 4363
f 4363 4375 4365
f 4364 4366 4370
f 4366 4367 4371
f 4361 4368 4374
f 4362 4369 4368
f 4364 4370 4369
f 4366 4371 4370
f 4367 4429 4371
f 4376 4372 4365
f 4367 4373 4429
f 4372 4377 4421
f 4363 4374 4375
f 4375 4376 4365
f 4368 4369 4440
f 4368 4440 4374
f 4374 4440 4375
f 4376 4377 4372
f 4377 4434 4421
f 4293 4379 4378
f 4293 4294 4379
f 4378 4383 4382
f 4378 4379 4383
f 4294 4305 4380
f 4294 4380 4379
f 4305 4393 4380
f 4380 4381 4379
f 4379 4381 4383
f 4380 4395 4381
f 4382 4383 4385
f 4382 4385 4384
f 4384 4385 4403
f 4383 4381 4391
f 4383 4391 4385
f 4306 4386 4307
f 4307 4386 4387
f 4386 4390 4387
f 4387 4390 4388
f 4307 4387 4309
f 4309 4387 4389
f 4309 4389 4322
f 4389 4387 4388
f 4389 4388 4458
f 4389 4458 4396
f 4390 4460 4388
f 4381 4398 4391
f 4385 4391 4392
f 4385 4392 4403
f 4391 4399 4392
f 4305 4317 4393
f 4317 4394 4393
f 4380 4393 4395
f 4317 4320 4394
f 4320 4408 4394
f 4320 4337 4408
f 4393 4397 4395
f 4389 4396 4322
f 4322 4396 4325
f 4394 4408 4410
f 4393 4394 4397
f 4395 4397 4400
f 4394 4410 4397
f 4397 4410 4417
f 4396 4465 4325
f 4381 4395 4398
f 4395 4400 4398
f 4391 4398 4399
f 4392 4399 4495
f 4398 4401 4399
f 4398 4400 4401
f 4397 4417 4400
f 4400 4417 4542
f 4400 4542 4401
f 4399 4401 4470
f 4384 4403 4402
f 4403 4405 4402
f 4402 4405 4404
f 4405 4475 4404
f 4392 4406 4403
f 4403 4406 4405
f 4392 4495 4406
f 4405 4406 4477
f 4404 4475 4407
f 4337 4409 4408
f 4337 4345 4409
f 4408 4409 4411
f 4408 4411 4410
f 4410 4412 4417
f 4410 4411 4412
f 4345 4414 4409
f 4345 4413 4414
f 4413 4419 4414
f 4409 4414 4415
f 4414 4420 4415
f 4409 4415 4411
f 4411 4415 4416
f 4411 4416 4412
f 4415 4569 4416
f 4417 4543 4542
f 4417 4412 4543
f 4413 4418 4419
f 4414 4419 4420
f 4418 4421 4419
f 4418 4372 4421
f 4419 4422 4420
f 4419 4421 4422
f 4422 4574 4420
f 4415 4420 4569
f 4421 4434 4422
f 4347 4532 4423
f 4423 4534 4424
f 4534 4538 4424
f 4424 4538 4425
f 4360 4424 4425
f 4538 4426 4425
f 4360 4425 4373
f 4373 4425 4427
f 4425 4426 4427
f 4426 4571 4428
f 4426 4428 4427
f 4571 4576 4428
f 4373 4427 4430
f 4431 4427 4428
f 4432 4428 4576
f 4373 4430 4429
f 4430 4427 4431
f 4431 4428 4432
f 4369 4370 4440
f 4370 4371 4440
f 4371 4429 4440
f 4429 4430 4440
f 4375 4440 4376
f 4376 4440 4377
f 4430 4431 4440
f 4431 4432 4440
f 4432 4433 4440
f 4422 4434 4435
f 4377 4440 4434
f 4434 4440 4435
f 4435 4440 4436
f 4436 4440 4437
f 4433 4438 4440
f 4438 4439 4440
f 4432 4576 4433
f 4433 4577 4438
f 4437 4440 4441
f 4440 4442 4441
f 4440 4439 4443
f 4440 4445 4442
f 4440 4446 4445
f 4440 4443 4444
f 4440 4444 4448
f 4440 4448 4449
f 4440 4449 4452
f 4440 4451 4450
f 4440 4447 4446
f 4440 4450 4447
f 4433 4576 4577
f 4438 4578 4439
f 4439 4589 4443
f 4443 4590 4444
f 4440 4455 4451
f 4440 4452 4453
f 4440 4456 4455
f 4440 4453 4454
f 4440 4454 4457
f 4440 4457 4456
f 4458 4462 4464
f 4388 4460 4459
f 4459 4460 4476
f 4459 4476 4461
f 4388 4459 4458
f 4458 4459 4462
f 4462 4463 4468
f 4459 4461 4462
f 4462 4461 4463
f 4463 4485 4469
f 4396 4464 4465
f 4396 4458 4464
f 4464 4468 4466
f 4347 4465 4532
f 4465 4466 4532
f 4466 4533 4532
f 4465 4464 4466
f 4468 4467 4466
f 4466 4467 4533
f 4467 4536 4533
f 4467 4472 4536
f 4462 4468 4464
f 4399 4470 4495
f 4463 4469 4468
f 4468 4469 4467
f 4401 4545 4470
f 4401 4542 4545
f 4470 4546 4498
f 4470 4545 4546
f 4467 4469 4472
f 4472 4555 4536
f 4546 4603 4498
f 4469 4485 4471
f 4469 4471 4472
f 4471 4501 4473
f 4472 4473 4555
f 4473 4556 4555
f 4471 4473 4472
f 4473 4474 4556
f 4473 4501 4474
f 4474 4561 4556
f 4474 4504 4561
f 4561 4504 4562
f 4476 4483 4461
f 4461 4483 4482
f 4406 4496 4477
f 4405 4477 4475
f 4475 4477 4481
f 4463 4461 4482
f 4477 4497 4481
f 4407 4478 4479
f 4407 4475 4478
f 4479 4480 4763
f 4478 4480 4479
f 4480 4489 4763
f 4475 4481 4478
f 4478 4481 4492
f 4478 4492 4480
f 4481 4500 4492
f 4482 4483 4488
f 4482 4488 4484
f 4463 4482 4485
f 4482 4484 4485
f 4471 4485 4486
f 4485 4484 4486
f 4486 4484 4490
f 4486 4490 4487
f 4486 4487 4501
f 4488 4491 4484
f 4484 4491 4490
f 4490 4491 4767
f 4492 4507 4493
f 4480 4493 4489
f 4492 4493 4480
f 4489 4493 4494
f 4489 4494 4765
f 4494 4511 4765
f 4508 4494 4493
f 4406 4495 4496
f 4495 4498 4496
f 4477 4496 4497
f 4496 4499 4497
f 4481 4497 4500
f 4470 4498 4495
f 4496 4498 4499
f 4498 4603 4499
f 4499 4503 4497
f 4471 4486 4501
f 4497 4503 4500
f 4500 4505 4507
f 4474 4501 4502
f 4487 4502 4501
f 4499 4603 4604
f 4499 4604 4503
f 4503 4604 4605
f 4503 4505 4500
f 4503 4605 4505
f 4474 4502 4504
f 4507 4505 4506
f 4505 4606 4506
f 4505 4605 4606
f 4506 4606 4636
f 4492 4500 4507
f 4507 4508 4493
f 4507 4506 4508
f 4508 4518 4494
f 4508 4506 4522
f 4487 4510 4502
f 4490 4767 4509
f 4490 4509 4487
f 4487 4509 4510
f 4510 4512 4514
f 4510 4509 4772
f 4494 4518 4511
f 4511 4520 4774
f 4510 4772 4512
f 4772 4778 4512
f 4512 4778 4513
f 4519 4512 4513
f 4525 4513 4783
f 4502 4514 4504
f 4502 4510 4514
f 4515 4514 4519
f 4504 4514 4515
f 4562 4504 4515
f 4562 4515 4608
f 4515 4516 4608
f 4516 4638 4608
f 4522 4636 4637
f 4506 4636 4522
f 4522 4637 4523
f 4517 4639 4638
f 4515 4519 4516
f 4516 4525 4517
f 4516 4517 4638
f 4523 4642 4524
f 4523 4637 4642
f 4524 4642 4645
f 4508 4522 4518
f 4523 4520 4518
f 4511 4518 4520
f 4514 4512 4519
f 4519 4513 4525
f 4524 4521 4520
f 4516 4519 4525
f 4774 4520 4521
f 4775 4521 4526
f 4522 4523 4518
f 4523 4524 4520
f 4524 4529 4521
f 4517 4530 4639
f 4530 4643 4639
f 4529 4645 4646
f 4530 4531 4643
f 4531 4646 4643
f 4517 4525 4527
f 4530 4527 4528
f 4525 4783 4527
f 4784 4526 4528
f 4529 4526 4521
f 4531 4528 4526
f 4785 4528 4527
f 4517 4527 4530
f 4529 4531 4526
f 4530 4528 4531
f 4524 4645 4529
f 4529 4646 4531
f 4532 4533 4534
f 4423 4532 4534
f 4534 4533 4535
f 4535 4533 4536
f 4536 4555 4537
f 4535 4536 4537
f 4534 4535 4538
f 4538 4540 4426
f 4412 4416 4539
f 4416 4570 4539
f 4535 4540 4538
f 4535 4537 4540
f 4540 4537 4541
f 4540 4541 4571
f 4541 4552 4572
f 4541 4537 4551
f 4542 4544 4545
f 4543 4544 4542
f 4544 4547 4545
f 4545 4547 4546
f 4546 4548 4603
f 4546 4547 4548
f 4412 4539 4543
f 4543 4549 4544
f 4543 4539 4549
f 4539 4573 4549
f 4544 4550 4547
f 4549 4550 4544
f 4547 4550 4564
f 4549 4582 4550
f 4550 4583 4564
f 4547 4564 4548
f 4537 4555 4551
f 4541 4551 4552
f 4551 4557 4552
f 4557 4559 4553
f 4557 4553 4552
f 4584 4552 4553
f 4553 4554 4585
f 4553 4559 4554
f 4554 4566 4586
f 4566 4612 4587
f 4551 4555 4556
f 4557 4556 4561
f 4551 4556 4557
f 4548 4558 4603
f 4557 4561 4559
f 4559 4562 4560
f 4561 4562 4559
f 4564 4599 4565
f 4565 4600 4567
f 4548 4565 4558
f 4548 4564 4565
f 4558 4565 4567
f 4558 4567 4563
f 4554 4559 4560
f 4554 4560 4566
f 4566 4560 4609
f 4567 4601 4568
f 4568 4602 4614
f 4567 4568 4563
f 4568 4607 4563
f 4614 4634 4607
f 4568 4614 4607
f 4416 4569 4570
f 4539 4570 4573
f 4420 4574 4569
f 4569 4575 4570
f 4569 4574 4575
f 4570 4575 4579
f 4570 4579 4573
f 4540 4571 4426
f 4541 4572 4571
f 4571 4572 4576
f 4572 4577 4576
f 4572 4584 4577
f 4577 4584 4578
f 4573 4580 4582
f 4573 4579 4580
f 4582 4580 4581
f 4583 4581 4591
f 4422 4435 4574
f 4436 4575 4574
f 4437 4579 4575
f 4441 4580 4579
f 4435 4436 4574
f 4436 4437 4575
f 4437 4441 4579
f 4441 4442 4580
f 4438 4577 4578
f 4439 4578 4589
f 4443 4589 4590
f 4442 4445 4581
f 4445 4446 4591
f 4446 4447 4592
f 4444 4593 4448
f 4448 4596 4449
f 4447 4450 4594
f 4450 4451 4595
f 4442 4581 4580
f 4445 4591 4581
f 4446 4592 4591
f 4549 4573 4582
f 4550 4582 4583
f 4582 4581 4583
f 4572 4552 4584
f 4578 4584 4585
f 4578 4585 4589
f 4589 4585 4586
f 4589 4586 4590
f 4584 4553 4585
f 4554 4586 4585
f 4599 4591 4592
f 4566 4587 4586
f 4587 4612 4588
f 4590 4586 4587
f 4590 4587 4593
f 4587 4588 4593
f 4588 4622 4596
f 4588 4596 4593
f 4596 4622 4597
f 4444 4590 4593
f 4448 4593 4596
f 4449 4596 4597
f 4449 4597 4452
f 4451 4455 4598
f 4452 4626 4453
f 4455 4456 4627
f 4453 4628 4454
f 4456 4457 4630
f 4454 4629 4457
f 4447 4594 4592
f 4450 4595 4594
f 4451 4598 4595
f 4452 4597 4626
f 4453 4626 4628
f 4454 4628 4629
f 4457 4629 4630
f 4455 4627 4598
f 4456 4630 4627
f 4564 4583 4599
f 4565 4599 4600
f 4583 4591 4599
f 4599 4592 4600
f 4592 4594 4600
f 4567 4600 4601
f 4568 4601 4602
f 4594 4601 4600
f 4594 4595 4601
f 4595 4602 4601
f 4598 4631 4602
f 4595 4598 4602
f 4558 4604 4603
f 4604 4563 4605
f 4558 4563 4604
f 4607 4606 4605
f 4563 4607 4605
f 4607 4634 4606
f 4560 4562 4608
f 4609 4608 4638
f 4560 4608 4609
f 4609 4638 4610
f 4610 4639 4611
f 4566 4609 4612
f 4612 4609 4610
f 4612 4610 4613
f 4588 4612 4613
f 4614 4631 4615
f 4613 4616 4622
f 4615 4632 4618
f 4615 4635 4634
f 4614 4615 4634
f 4615 4618 4635
f 4611 4616 4613
f 4616 4617 4623
f 4619 4618 4633
f 4617 4621 4624
f 4619 4625 4621
f 4610 4611 4613
f 4618 4640 4635
f 4619 4640 4618
f 4611 4620 4616
f 4616 4620 4617
f 4619 4621 4641
f 4619 4641 4640
f 4617 4644 4621
f 4617 4620 4644
f 4621 4644 4641
f 4588 4613 4622
f 4597 4623 4626
f 4597 4622 4623
f 4598 4627 4631
f 4624 4628 4626
f 4623 4624 4626
f 4632 4630 4633
f 4632 4627 4630
f 4633 4630 4629
f 4624 4625 4628
f 4633 4629 4625
f 4625 4629 4628
f 4602 4631 4614
f 4616 4623 4622
f 4615 4631 4632
f 4618 4632 4633
f 4631 4627 4632
f 4617 4624 4623
f 4619 4633 4625
f 4621 4625 4624
f 4606 4634 4636
f 4635 4637 4636
f 4634 4635 4636
f 4635 4640 4637
f 4610 4638 4639
f 4637 4640 4642
f 4611 4639 4643
f 4641 4645 4642
f 4611 4643 4620
f 4640 4641 4642
f 4620 4643 4646
f 4644 4646 4645
f 4620 4646 4644
f 4641 4644 4645
f 4208 4654 4209
f 4182 4661 4650
f 4182 4242 4661
f 4208 4651 4654
f 4650 4665 4651
f 4650 4661 4665
f 4209 4655 4652
f 4200 4653 4678
f 4205 4678 4679
f 4652 4682 4653
f 4209 4654 4655
f 4651 4666 4654
f 4651 4665 4666
f 4652 4655 4682
f 4654 4716 4655
f 4654 4666 4716
f 4242 4244 4663
f 4242 4663 4661
f 4244 4662 4663
f 4661 4667 4665
f 4661 4663 4667
f 4662 4664 4663
f 4663 4664 4667
f 4665 4667 4698
f 4665 4698 4666
f 4664 4697 4667
f 4662 4255 4668
f 4662 4668 4664
f 4255 4707 4668
f 4206 4679 4680
f 4207 4680 4685
f 4261 4262 4688
f 4261 4688 4681
f 4263 4681 4696
f 4681 4703 4696
f 4653 4683 4678
f 4678 4690 4679
f 4653 4682 4683
f 4655 4717 4682
f 4678 4683 4690
f 4259 4686 4684
f 4258 4685 4687
f 4260 4687 4686
f 4262 4684 4689
f 4684 4686 4692
f 4262 4689 4688
f 4681 4688 4703
f 4679 4691 4680
f 4680 4693 4685
f 4688 4704 4703
f 4679 4690 4691
f 4684 4692 4689
f 4688 4689 4704
f 4680 4691 4693
f 4689 4737 4704
f 4655 4716 4717
f 4682 4719 4683
f 4682 4717 4719
f 4683 4742 4690
f 4683 4719 4742
f 4686 4687 4694
f 4685 4695 4687
f 4686 4694 4692
f 4689 4692 4737
f 4687 4695 4694
f 4685 4693 4695
f 4690 4743 4691
f 4690 4742 4743
f 4692 4694 4738
f 4692 4738 4737
f 4691 4750 4693
f 4691 4743 4750
f 4694 4695 4749
f 4693 4751 4695
f 4694 4749 4738
f 4693 4750 4751
f 4695 4751 4749
f 4268 4696 4700
f 4267 4700 4701
f 4666 4698 4718
f 4666 4718 4716
f 4667 4697 4698
f 4697 4699 4698
f 4699 4718 4698
f 4699 4720 4718
f 4696 4703 4700
f 4700 4703 4705
f 4701 4700 4705
f 4701 4705 4702
f 4703 4704 4705
f 4705 4704 4725
f 4702 4705 4725
f 4702 4725 4724
f 4664 4668 4706
f 4664 4706 4697
f 4668 4708 4706
f 4706 4711 4709
f 4668 4707 4708
f 4707 4763 4708
f 4708 4763 4764
f 4706 4708 4711
f 4708 4764 4711
f 4706 4709 4697
f 4697 4709 4699
f 4701 4702 4273
f 4702 4710 4273
f 4275 4710 4727
f 4702 4724 4710
f 4710 4724 4727
f 4711 4764 4766
f 4711 4766 4714
f 4275 4728 4491
f 4714 4766 4769
f 4699 4709 4712
f 4709 4714 4712
f 4699 4712 4720
f 4720 4712 4713
f 4712 4715 4713
f 4711 4714 4709
f 4712 4714 4715
f 4714 4769 4715
f 4716 4721 4717
f 4716 4718 4721
f 4717 4721 4723
f 4717 4723 4719
f 4719 4723 4744
f 4718 4720 4721
f 4720 4722 4721
f 4722 4723 4721
f 4722 4739 4723
f 4719 4744 4742
f 4720 4713 4722
f 4704 4737 4725
f 4724 4725 4740
f 4724 4740 4726
f 4727 4730 4728
f 4275 4727 4728
f 4728 4767 4491
f 4728 4729 4767
f 4728 4730 4729
f 4729 4771 4767
f 4729 4734 4771
f 4734 4779 4771
f 4727 4724 4726
f 4727 4726 4730
f 4713 4731 4757
f 4729 4730 4733
f 4726 4746 4730
f 4746 4733 4730
f 4715 4769 4776
f 4715 4776 4731
f 4715 4731 4713
f 4729 4733 4734
f 4731 4776 4777
f 4731 4732 4757
f 4731 4777 4732
f 4734 4733 4760
f 4734 4736 4779
f 4736 4786 4779
f 4734 4760 4736
f 4732 4787 4735
f 4732 4777 4787
f 4735 4787 4788
f 4736 4762 4786
f 4762 4788 4786
f 4735 4788 4762
f 4737 4740 4725
f 4737 4738 4740
f 4740 4738 4747
f 4723 4739 4744
f 4726 4740 4747
f 4726 4747 4746
f 4739 4741 4744
f 4742 4744 4745
f 4742 4745 4743
f 4743 4745 4753
f 4741 4745 4744
f 4746 4747 4754
f 4746 4754 4748
f 4738 4749 4747
f 4747 4749 4754
f 4743 4753 4750
f 4749 4751 4754
f 4750 4753 4756
f 4750 4756 4751
f 4751 4756 4754
f 4745 4752 4753
f 4741 4752 4745
f 4748 4754 4756
f 4752 4755 4753
f 4748 4756 4755
f 4753 4755 4756
f 4722 4713 4757
f 4722 4757 4739
f 4757 4758 4739
f 4757 4732 4758
f 4758 4741 4739
f 4746 4748 4733
f 4733 4748 4760
f 4758 4735 4759
f 4758 4759 4741
f 4741 4759 4752
f 4760 4761 4736
f 4762 4761 4759
f 4752 4759 4761
f 4760 4748 4755
f 4752 4761 4755
f 4760 4755 4761
f 4758 4732 4735
f 4735 4762 4759
f 4736 4761 4762
f 4763 4489 4764
f 4764 4765 4766
f 4489 4765 4764
f 4765 4768 4766
f 4766 4768 4769
f 4765 4511 4768
f 4509 4767 4771
f 4770 4776 4769
f 4768 4770 4769
f 4772 4771 4779
f 4509 4771 4772
f 4772 4779 4778
f 4770 4773 4776
f 4511 4774 4768
f 4774 4770 4768
f 4774 4775 4770
f 4774 4521 4775
f 4770 4775 4773
f 4773 4777 4776
f 4778 4779 4786
f 4773 4781 4777
f 4778 4786 4780
f 4513 4778 4780
f 4773 4775 4784
f 4513 4780 4783
f 4775 4526 4784
f 4783 4785 4527
f 4784 4528 4785
f 4773 4784 4781
f 4781 4784 4785
f 4780 4782 4783
f 4781 4785 4782
f 4783 4782 4785
f 4781 4787 4777
f 4781 4782 4787
f 4780 4786 4788
f 4787 4782 4788
f 4780 4788 4782
f 3193 3210 3194
f 3193 3197 3210
f 3194 3210 3195
f 3195 3210 3196
f 3197 3198 3210
f 3198 3201 3210
f 3273 3205 3206
f 3274 3206 3203
f 3286 3203 3204
f 3213 3288 3287
f 3203 3210 3204
f 3213 3204 3210
f 3196 3210 3199
f 3199 3210 3200
f 3201 3202 3210
f 3200 3210 3205
f 3205 3210 3206
f 3202 3207 3210
f 3210 3207 3208
f 3206 3210 3203
f 3210 3209 3211
f 3210 3211 3212
f 3210 3212 3219
f 3210 3208 3209
f 3213 3287 3204
f 3213 3214 3288
f 3214 3210 3215
f 3213 3210 3214
f 3215 3210 3217
f 3216 3217 3210
f 3216 3210 3418
f 3210 3420 3419
f 3210 3419 3418
f 3210 3425 3426
f 3210 3426 3424
f 3214 3215 3222
f 3216 3428 3217
f 3215 3217 3223
f 3210 3219 3218
f 3210 3220 3221
f 3210 3218 3220
f 3210 3221 3425
f 3221 3220 3519
f 3214 3222 3288
f 3215 3223 3222
f 3217 3428 3223
f 3288 3222 3295
f 3222 3223 3224
f 3222 3224 3295
f 3223 3428 3225
f 3225 3428 3436
f 3223 3225 3224
f 3224 3225 3321
f 3225 3436 3226
f 3225 3226 3321
f 3321 3226 3326
f 3226 3227 3326
f 3227 3450 3328
f 3228 3229 3233
f 3228 3233 3237
f 3229 3234 3233
f 3229 3231 3234
f 3228 3237 3230
f 3230 3238 3232
f 3231 3235 3234
f 3230 3237 3238
f 3231 3268 3235
f 3232 3239 3270
f 3235 3268 3236
f 3236 3278 3246
f 3233 3234 3240
f 3234 3235 3242
f 3233 3244 3237
f 3232 3238 3239
f 3235 3236 3243
f 3237 3245 3238
f 3238 3248 3239
f 3239 3249 3282
f 3240 3242 3254
f 3242 3241 3254
f 3240 3254 3258
f 3233 3240 3244
f 3234 3242 3240
f 3235 3243 3242
f 3237 3244 3245
f 3243 3246 3250
f 3240 3258 3244
f 3242 3243 3241
f 3243 3250 3241
f 3244 3258 3259
f 3246 3251 3250
f 3244 3259 3245
f 3245 3259 3263
f 3236 3246 3243
f 3238 3245 3248
f 3247 3246 3278
f 3239 3248 3249
f 3247 3251 3246
f 3247 3252 3251
f 3247 3305 3252
f 3245 3263 3248
f 3248 3264 3249
f 3248 3263 3264
f 3250 3251 3260
f 3251 3252 3261
f 3252 3310 3253
f 3252 3253 3261
f 3310 3313 3253
f 3254 3241 3256
f 3254 3257 3258
f 3241 3255 3256
f 3254 3256 3257
f 3250 3255 3241
f 3258 3262 3259
f 3250 3260 3255
f 3257 3262 3258
f 3251 3261 3260
f 3259 3262 3265
f 3259 3265 3263
f 3263 3266 3264
f 3263 3265 3266
f 3264 3266 3339
f 3228 3194 3229
f 3228 3230 3193
f 3229 3195 3231
f 3231 3196 3268
f 3230 3232 3197
f 3232 3270 3198
f 3229 3194 3195
f 3228 3193 3194
f 3230 3197 3193
f 3231 3195 3196
f 3232 3198 3197
f 3196 3199 3268
f 3198 3270 3201
f 3199 3269 3268
f 3200 3267 3269
f 3273 3267 3205
f 3201 3270 3271
f 3202 3271 3272
f 3207 3272 3275
f 3236 3268 3269
f 3269 3267 3278
f 3236 3269 3278
f 3267 3277 3278
f 3273 3277 3267
f 3273 3279 3277
f 3247 3278 3277
f 3277 3279 3305
f 3273 3274 3279
f 3274 3280 3279
f 3274 3286 3280
f 3281 3280 3286
f 3281 3294 3303
f 3275 3285 3276
f 3279 3280 3301
f 3281 3302 3280
f 3270 3282 3271
f 3239 3282 3270
f 3271 3282 3283
f 3271 3283 3272
f 3272 3283 3284
f 3282 3306 3283
f 3283 3307 3284
f 3272 3284 3275
f 3275 3284 3285
f 3276 3285 3299
f 3285 3284 3308
f 3285 3309 3299
f 3199 3200 3269
f 3200 3205 3267
f 3201 3271 3202
f 3202 3272 3207
f 3209 3289 3211
f 3207 3275 3208
f 3208 3276 3209
f 3273 3206 3274
f 3274 3203 3286
f 3286 3204 3287
f 3208 3275 3276
f 3209 3276 3289
f 3211 3289 3291
f 3211 3291 3212
f 3212 3290 3219
f 3219 3293 3218
f 3218 3292 3220
f 3212 3291 3290
f 3219 3290 3293
f 3220 3292 3519
f 3218 3293 3292
f 3281 3286 3287
f 3281 3287 3294
f 3288 3294 3287
f 3288 3295 3294
f 3294 3295 3319
f 3295 3224 3320
f 3276 3299 3289
f 3291 3289 3300
f 3291 3296 3290
f 3291 3300 3296
f 3290 3297 3293
f 3290 3296 3297
f 3293 3298 3292
f 3293 3297 3298
f 3292 3298 3521
f 3296 3322 3297
f 3297 3526 3298
f 3289 3299 3300
f 3299 3329 3300
f 3300 3330 3296
f 3247 3277 3305
f 3279 3301 3305
f 3301 3302 3311
f 3280 3302 3301
f 3281 3303 3302
f 3302 3303 3315
f 3302 3315 3311
f 3319 3304 3303
f 3303 3304 3315
f 3304 3324 3317
f 3249 3306 3282
f 3283 3306 3307
f 3305 3301 3310
f 3252 3305 3310
f 3301 3311 3310
f 3249 3338 3306
f 3249 3264 3338
f 3307 3306 3312
f 3306 3338 3312
f 3284 3307 3308
f 3285 3308 3309
f 3307 3318 3308
f 3307 3312 3318
f 3308 3331 3309
f 3308 3318 3331
f 3310 3311 3313
f 3315 3314 3311
f 3311 3314 3313
f 3304 3316 3315
f 3315 3316 3314
f 3304 3317 3316
f 3318 3342 3331
f 3294 3319 3303
f 3295 3320 3319
f 3319 3320 3324
f 3320 3321 3323
f 3320 3323 3324
f 3319 3324 3304
f 3224 3321 3320
f 3321 3326 3323
f 3297 3322 3526
f 3322 3528 3526
f 3323 3325 3324
f 3317 3324 3325
f 3323 3327 3325
f 3323 3326 3327
f 3227 3328 3326
f 3326 3328 3327
f 3299 3309 3329
f 3300 3329 3330
f 3309 3332 3329
f 3330 3329 3334
f 3329 3332 3334
f 3309 3331 3332
f 3296 3330 3322
f 3330 3335 3322
f 3330 3334 3335
f 3322 3335 3528
f 3331 3333 3332
f 3331 3342 3333
f 3332 3333 3337
f 3335 3334 3336
f 3334 3337 3336
f 3332 3337 3334
f 3264 3339 3338
f 3338 3340 3312
f 3338 3339 3340
f 3318 3312 3341
f 3312 3340 3341
f 3318 3341 3342
f 3256 3255 3343
f 3255 3344 3343
f 3255 3260 3344
f 3260 3350 3344
f 3256 3345 3257
f 3256 3343 3345
f 3257 3345 3354
f 3344 3346 3343
f 3343 3349 3345
f 3344 3350 3348
f 3346 3348 3771
f 3344 3348 3346
f 3347 3348 3350
f 3343 3346 3349
f 3345 3349 3358
f 3346 3773 3349
f 3347 3772 3348
f 3261 3350 3260
f 3257 3354 3262
f 3261 3351 3350
f 3262 3355 3265
f 3262 3354 3355
f 3347 3350 3351
f 3351 3352 3357
f 3261 3253 3351
f 3253 3352 3351
f 3313 3352 3253
f 3313 3383 3352
f 3352 3383 3353
f 3265 3355 3356
f 3265 3356 3266
f 3266 3356 3384
f 3353 3383 3388
f 3352 3353 3357
f 3353 3388 3363
f 3345 3358 3354
f 3354 3359 3355
f 3356 3355 3360
f 3347 3351 3357
f 3354 3358 3359
f 3347 3357 3361
f 3357 3353 3362
f 3349 3782 3358
f 3358 3783 3359
f 3355 3359 3360
f 3356 3360 3390
f 3359 3364 3360
f 3347 3361 3772
f 3363 3388 3397
f 3357 3362 3361
f 3361 3362 3775
f 3775 3362 3784
f 3363 3784 3362
f 3353 3363 3362
f 3363 3397 3365
f 3365 3397 3406
f 3359 3783 3364
f 3360 3364 3403
f 3363 3365 3784
f 3365 3406 3788
f 3314 3383 3313
f 3314 3366 3383
f 3314 3316 3366
f 3366 3368 3387
f 3317 3368 3316
f 3317 3367 3368
f 3316 3368 3366
f 3367 3369 3368
f 3368 3369 3387
f 3367 3375 3369
f 3369 3375 3399
f 3325 3370 3367
f 3325 3327 3370
f 3327 3372 3370
f 3370 3372 3376
f 3328 3372 3327
f 3328 3450 3371
f 3328 3371 3372
f 3371 3373 3372
f 3371 3535 3373
f 3372 3373 3376
f 3373 3535 3377
f 3317 3325 3367
f 3367 3370 3375
f 3333 3342 3393
f 3333 3374 3337
f 3333 3393 3374
f 3336 3337 3538
f 3337 3374 3538
f 3370 3376 3375
f 3376 3378 3375
f 3376 3373 3379
f 3374 3396 3539
f 3375 3378 3399
f 3373 3377 3379
f 3376 3379 3378
f 3378 3379 3380
f 3379 3381 3380
f 3377 3381 3379
f 3377 3545 3381
f 3381 3411 3380
f 3381 3545 3382
f 3381 3382 3411
f 3366 3388 3383
f 3266 3384 3339
f 3339 3385 3340
f 3339 3384 3385
f 3384 3391 3385
f 3340 3386 3341
f 3341 3392 3342
f 3341 3386 3392
f 3340 3385 3386
f 3386 3385 3389
f 3366 3387 3388
f 3387 3397 3388
f 3369 3398 3387
f 3385 3391 3389
f 3386 3389 3394
f 3356 3390 3384
f 3384 3390 3391
f 3390 3405 3391
f 3360 3403 3390
f 3389 3391 3404
f 3342 3392 3393
f 3393 3392 3395
f 3386 3394 3392
f 3374 3393 3396
f 3392 3394 3395
f 3389 3413 3394
f 3393 3395 3396
f 3396 3395 3557
f 3395 3394 3410
f 3387 3398 3397
f 3398 3406 3397
f 3398 3400 3406
f 3369 3399 3398
f 3399 3401 3400
f 3378 3401 3399
f 3398 3399 3400
f 3401 3408 3400
f 3401 3402 3408
f 3390 3403 3405
f 3364 3793 3403
f 3403 3793 3409
f 3391 3405 3404
f 3403 3409 3405
f 3404 3405 3414
f 3405 3409 3414
f 3400 3407 3406
f 3400 3408 3407
f 3788 3406 3407
f 3378 3380 3401
f 3394 3413 3410
f 3395 3410 3557
f 3413 3412 3410
f 3410 3412 3558
f 3401 3380 3402
f 3402 3380 3411
f 3389 3404 3413
f 3404 3414 3415
f 3404 3415 3413
f 3413 3415 3412
f 3409 3796 3414
f 3415 3414 3416
f 3414 3796 3416
f 3412 3415 3562
f 3415 3416 3562
f 3417 3442 3438
f 3216 3418 3422
f 3423 3418 3419
f 3419 3420 3430
f 3420 3421 3431
f 3421 3427 3432
f 3423 3422 3418
f 3423 3419 3430
f 3210 3421 3420
f 3210 3427 3421
f 3210 3424 3427
f 3221 3520 3425
f 3426 3425 3429
f 3424 3426 3434
f 3424 3433 3427
f 3216 3422 3428
f 3425 3520 3429
f 3426 3429 3434
f 3420 3431 3430
f 3421 3432 3431
f 3427 3433 3432
f 3424 3434 3433
f 3422 3435 3436
f 3423 3430 3437
f 3423 3435 3422
f 3423 3437 3435
f 3435 3437 3445
f 3422 3436 3428
f 3436 3435 3446
f 3430 3431 3438
f 3430 3438 3437
f 3417 3431 3432
f 3440 3432 3433
f 3417 3438 3431
f 3438 3447 3437
f 3429 3439 3434
f 3429 3523 3439
f 3433 3434 3441
f 3434 3439 3441
f 3523 3448 3439
f 3417 3432 3440
f 3417 3440 3455
f 3440 3433 3441
f 3440 3441 3456
f 3439 3464 3441
f 3417 3455 3442
f 3442 3458 3443
f 3444 3443 3458
f 3435 3445 3446
f 3446 3445 3449
f 3445 3452 3449
f 3226 3436 3446
f 3226 3446 3227
f 3227 3446 3449
f 3437 3447 3445
f 3442 3447 3438
f 3447 3443 3452
f 3445 3447 3452
f 3442 3443 3447
f 3439 3448 3464
f 3523 3527 3448
f 3448 3527 3466
f 3527 3454 3466
f 3449 3452 3451
f 3227 3449 3450
f 3449 3451 3450
f 3452 3443 3453
f 3451 3452 3453
f 3444 3453 3443
f 3440 3456 3455
f 3455 3457 3458
f 3442 3455 3458
f 3455 3456 3457
f 3456 3460 3457
f 3456 3464 3460
f 3460 3464 3465
f 3457 3460 3461
f 3457 3461 3459
f 3457 3459 3458
f 3444 3458 3459
f 3460 3462 3461
f 3460 3465 3462
f 3462 3465 3463
f 3456 3441 3464
f 3448 3465 3464
f 3448 3466 3465
f 3465 3466 3463
f 3466 3468 3463
f 3454 3468 3466
f 3454 3467 3468
f 3477 3498 3499
f 3444 3476 3472
f 3451 3470 3450
f 3371 3450 3470
f 3451 3471 3470
f 3471 3473 3470
f 3451 3453 3471
f 3453 3472 3471
f 3444 3472 3453
f 3472 3474 3471
f 3472 3483 3474
f 3474 3483 3486
f 3471 3474 3473
f 3474 3487 3473
f 3459 3461 3475
f 3444 3459 3476
f 3459 3475 3476
f 3476 3483 3472
f 3475 3479 3476
f 3461 3462 3477
f 3461 3477 3475
f 3462 3498 3477
f 3462 3463 3498
f 3477 3480 3475
f 3478 3498 3463
f 3478 3482 3509
f 3476 3479 3483
f 3479 3490 3483
f 3480 3479 3475
f 3477 3499 3480
f 3480 3491 3479
f 3480 3499 3469
f 3468 3467 3482
f 3467 3481 3482
f 3478 3463 3468
f 3478 3468 3482
f 3482 3481 3484
f 3509 3482 3484
f 3484 3485 3513
f 3484 3481 3485
f 3474 3486 3487
f 3486 3496 3488
f 3486 3488 3487
f 3488 3496 3489
f 3479 3491 3490
f 3490 3491 3493
f 3480 3469 3491
f 3469 3492 3491
f 3491 3492 3493
f 3492 3511 3494
f 3492 3494 3493
f 3493 3494 3497
f 3490 3486 3483
f 3490 3496 3486
f 3490 3493 3496
f 3485 3495 3513
f 3493 3497 3496
f 3489 3496 3497
f 3498 3500 3499
f 3499 3500 3501
f 3500 3509 3502
f 3469 3499 3501
f 3500 3502 3501
f 3469 3501 3503
f 3504 3503 3501
f 3504 3501 3502
f 3504 3502 3507
f 3507 3502 3510
f 3504 3506 3503
f 3503 3506 3511
f 3504 3507 3505
f 3504 3505 3506
f 3505 3507 3508
f 3508 3507 3512
f 3508 3512 3518
f 3478 3500 3498
f 3478 3509 3500
f 3509 3484 3510
f 3509 3510 3502
f 3469 3503 3492
f 3510 3484 3513
f 3510 3513 3512
f 3512 3513 3514
f 3507 3510 3512
f 3492 3503 3511
f 3512 3514 3518
f 3518 3514 3517
f 3495 3514 3513
f 3495 3515 3514
f 3514 3515 3517
f 3517 3515 3516
f 3221 3519 3520
f 3292 3521 3519
f 3519 3522 3520
f 3519 3521 3522
f 3429 3520 3523
f 3520 3522 3523
f 3522 3521 3524
f 3298 3525 3521
f 3522 3527 3523
f 3524 3521 3525
f 3524 3525 3530
f 3298 3526 3525
f 3525 3526 3529
f 3526 3528 3529
f 3530 3525 3529
f 3522 3524 3527
f 3524 3454 3527
f 3524 3530 3454
f 3529 3528 3532
f 3528 3533 3532
f 3530 3529 3531
f 3454 3530 3467
f 3530 3531 3467
f 3531 3529 3532
f 3335 3533 3528
f 3335 3336 3533
f 3371 3470 3535
f 3531 3532 3541
f 3533 3534 3532
f 3532 3534 3541
f 3534 3537 3536
f 3541 3534 3542
f 3470 3473 3535
f 3473 3543 3535
f 3542 3534 3536
f 3336 3537 3533
f 3336 3538 3537
f 3533 3537 3534
f 3538 3540 3537
f 3374 3539 3538
f 3538 3539 3540
f 3539 3396 3547
f 3536 3537 3540
f 3536 3540 3550
f 3539 3548 3540
f 3531 3481 3467
f 3531 3541 3481
f 3481 3541 3485
f 3541 3542 3485
f 3542 3536 3551
f 3542 3495 3485
f 3473 3487 3543
f 3543 3487 3544
f 3377 3535 3543
f 3377 3543 3545
f 3543 3544 3545
f 3487 3488 3544
f 3544 3549 3545
f 3544 3546 3549
f 3488 3546 3544
f 3488 3489 3546
f 3540 3548 3550
f 3539 3547 3548
f 3547 3560 3554
f 3547 3554 3548
f 3382 3545 3549
f 3551 3536 3550
f 3551 3550 3552
f 3550 3553 3552
f 3542 3551 3495
f 3495 3551 3515
f 3551 3552 3515
f 3553 3563 3552
f 3553 3556 3563
f 3548 3553 3550
f 3548 3554 3553
f 3553 3554 3556
f 3554 3560 3555
f 3556 3554 3555
f 3547 3396 3557
f 3547 3557 3560
f 3557 3558 3560
f 3410 3558 3557
f 3412 3559 3558
f 3558 3561 3560
f 3555 3560 3561
f 3558 3559 3561
f 3412 3562 3559
f 3552 3516 3515
f 3552 3563 3516
f 3382 3549 3564
f 3382 3564 3569
f 3408 3565 3407
f 3408 3566 3565
f 3565 3566 3837
f 3402 3566 3408
f 3402 3568 3566
f 3568 3567 3566
f 3566 3567 3837
f 3571 3847 3567
f 3411 3569 3568
f 3402 3411 3568
f 3569 3571 3568
f 3382 3569 3411
f 3564 3570 3569
f 3569 3570 3571
f 3564 3639 3570
f 3570 3639 3572
f 3570 3572 3573
f 3796 3843 3416
f 3416 3843 3650
f 3568 3571 3567
f 3570 3573 3571
f 3571 3573 3847
f 3848 3573 3574
f 3572 3574 3573
f 3572 3660 3574
f 3574 3575 3852
f 3574 3660 3575
f 3575 3576 3852
f 3575 3692 3576
f 3576 3693 3874
f 3580 3871 3696
f 3579 3870 3580
f 3579 3581 3869
f 3871 3577 3696
f 3577 3578 3697
f 3577 3697 3696
f 3578 3874 3693
f 3581 3700 3872
f 3875 3700 3701
f 3494 3599 3583
f 3489 3497 3582
f 3497 3583 3582
f 3583 3584 3582
f 3494 3583 3497
f 3599 3585 3583
f 3583 3585 3584
f 3585 3586 3584
f 3585 3607 3586
f 3511 3506 3598
f 3505 3587 3506
f 3506 3587 3598
f 3587 3588 3598
f 3508 3590 3589
f 3591 3589 3590
f 3591 3592 3589
f 3591 3590 3908
f 3591 3595 3592
f 3591 3909 3595
f 3505 3508 3589
f 3505 3589 3587
f 3508 3518 3590
f 3587 3589 3592
f 3590 3603 3908
f 3518 3603 3590
f 3592 3595 3594
f 3587 3592 3588
f 3592 3594 3588
f 3603 3593 3908
f 3595 3909 3910
f 3595 3596 3594
f 3594 3596 3612
f 3595 3910 3596
f 3596 3910 3597
f 3596 3597 3614
f 3511 3598 3599
f 3598 3600 3599
f 3494 3511 3599
f 3599 3600 3585
f 3600 3606 3607
f 3598 3588 3600
f 3588 3606 3600
f 3588 3594 3606
f 3517 3516 3602
f 3516 3601 3602
f 3600 3607 3585
f 3518 3517 3603
f 3517 3602 3603
f 3603 3602 3593
f 3593 3604 3915
f 3604 3613 3915
f 3593 3602 3604
f 3604 3602 3601
f 3604 3601 3605
f 3604 3605 3613
f 3613 3605 3615
f 3606 3609 3607
f 3606 3594 3612
f 3606 3612 3609
f 3612 3611 3609
f 3607 3609 3608
f 3586 3607 3608
f 3609 3610 3608
f 3609 3611 3610
f 3596 3614 3612
f 3612 3614 3611
f 3613 3615 3920
f 3615 3616 3920
f 3597 3923 3622
f 3611 3624 3621
f 3611 3621 3610
f 3621 3624 3626
f 3621 3626 3714
f 3614 3624 3611
f 3614 3622 3624
f 3622 3625 3624
f 3597 3622 3614
f 3622 3923 3623
f 3622 3623 3625
f 3623 3937 3631
f 3624 3625 3626
f 3626 3628 3734
f 3625 3628 3626
f 3623 3631 3625
f 3625 3631 3628
f 3628 3630 3734
f 3628 3633 3630
f 3631 3635 3634
f 3631 3942 3635
f 3942 3636 3635
f 3628 3632 3633
f 3628 3631 3634
f 3628 3634 3632
f 3549 3546 3638
f 3489 3637 3546
f 3546 3637 3638
f 3637 3641 3640
f 3549 3638 3564
f 3564 3638 3639
f 3637 3640 3638
f 3638 3640 3639
f 3640 3657 3639
f 3640 3641 3644
f 3640 3644 3657
f 3489 3582 3637
f 3582 3641 3637
f 3582 3584 3641
f 3584 3645 3641
f 3641 3645 3644
f 3584 3586 3645
f 3556 3555 3642
f 3555 3643 3642
f 3642 3643 3669
f 3643 3656 3669
f 3644 3658 3657
f 3644 3648 3658
f 3586 3646 3645
f 3586 3608 3646
f 3646 3608 3647
f 3644 3645 3648
f 3645 3646 3648
f 3646 3649 3648
f 3648 3649 3659
f 3646 3647 3649
f 3561 3559 3654
f 3559 3651 3654
f 3572 3639 3657
f 3416 3650 3562
f 3559 3562 3651
f 3562 3650 3651
f 3843 3652 3650
f 3651 3650 3653
f 3653 3650 3652
f 3653 3652 3663
f 3652 3884 3663
f 3643 3561 3654
f 3555 3561 3643
f 3651 3655 3654
f 3643 3654 3656
f 3654 3655 3656
f 3656 3655 3676
f 3655 3662 3676
f 3651 3653 3655
f 3653 3662 3655
f 3653 3663 3662
f 3572 3657 3660
f 3657 3658 3660
f 3658 3661 3660
f 3648 3659 3658
f 3658 3659 3661
f 3575 3660 3661
f 3884 3664 3663
f 3662 3663 3665
f 3665 3663 3664
f 3665 3664 3679
f 3664 3666 3679
f 3516 3563 3601
f 3563 3667 3601
f 3556 3667 3563
f 3642 3668 3667
f 3601 3667 3605
f 3605 3667 3668
f 3668 3669 3672
f 3556 3642 3667
f 3642 3669 3668
f 3670 3656 3676
f 3669 3656 3670
f 3669 3670 3672
f 3605 3668 3615
f 3615 3668 3672
f 3647 3608 3610
f 3670 3676 3671
f 3671 3677 3675
f 3670 3673 3672
f 3615 3672 3616
f 3616 3672 3673
f 3616 3673 3922
f 3673 3674 3922
f 3670 3671 3673
f 3671 3674 3673
f 3671 3675 3674
f 3662 3677 3676
f 3662 3665 3677
f 3671 3676 3677
f 3665 3678 3677
f 3675 3677 3678
f 3665 3679 3678
f 3647 3712 3681
f 3649 3680 3659
f 3649 3681 3680
f 3647 3681 3649
f 3680 3681 3683
f 3680 3683 3682
f 3682 3686 3690
f 3684 3690 3686
f 3681 3713 3683
f 3682 3725 3686
f 3682 3683 3725
f 3688 3698 3703
f 3687 3698 3688
f 3684 3686 3728
f 3684 3728 3726
f 3684 3726 3703
f 3688 3703 3726
f 3685 3687 3761
f 3687 3688 3761
f 3661 3689 3692
f 3680 3689 3659
f 3659 3689 3661
f 3689 3690 3692
f 3578 3698 3697
f 3684 3703 3691
f 3684 3691 3690
f 3690 3691 3692
f 3693 3691 3703
f 3693 3703 3698
f 3575 3661 3692
f 3576 3692 3691
f 3576 3691 3693
f 3578 3693 3698
f 3876 3701 3702
f 3877 3702 3711
f 3709 3892 3891
f 3680 3682 3689
f 3682 3690 3689
f 3895 3894 3757
f 3709 3710 3892
f 3711 3709 3891
f 3710 3694 3892
f 3694 3765 3695
f 3710 3765 3694
f 3695 3757 3894
f 3580 3696 3704
f 3579 3580 3699
f 3579 3705 3581
f 3581 3706 3700
f 3685 3696 3697
f 3687 3697 3698
f 3580 3704 3699
f 3685 3704 3696
f 3700 3707 3701
f 3579 3699 3705
f 3581 3705 3706
f 3685 3697 3687
f 3685 3699 3704
f 3685 3761 3699
f 3699 3761 3705
f 3701 3708 3702
f 3702 3760 3711
f 3700 3706 3707
f 3701 3707 3708
f 3705 3761 3706
f 3706 3761 3707
f 3707 3761 3708
f 3711 3760 3759
f 3711 3759 3762
f 3711 3762 3763
f 3711 3763 3709
f 3702 3708 3760
f 3647 3610 3712
f 3610 3621 3712
f 3681 3712 3713
f 3621 3714 3712
f 3714 3713 3712
f 3719 3718 3713
f 3714 3626 3734
f 3714 3734 3719
f 3714 3719 3713
f 3683 3713 3718
f 3683 3718 3725
f 3675 3678 3715
f 3715 3758 3717
f 3674 3675 3959
f 3675 3715 3959
f 3715 3961 3959
f 3717 3758 3716
f 3747 3716 3754
f 3740 3747 3754
f 3715 3717 3961
f 3717 3716 3971
f 3747 3971 3716
f 3718 3722 3725
f 3725 3722 3721
f 3719 3737 3736
f 3719 3736 3724
f 3719 3724 3718
f 3718 3724 3723
f 3718 3723 3722
f 3686 3725 3731
f 3686 3731 3730
f 3686 3729 3728
f 3686 3730 3729
f 3726 3728 3727
f 3725 3720 3731
f 3725 3721 3720
f 3688 3726 3761
f 3726 3727 3761
f 3734 3735 3738
f 3734 3739 3735
f 3719 3734 3738
f 3738 3737 3719
f 3734 3630 3739
f 3766 3741 3745
f 3770 3745 3746
f 3770 3746 3748
f 3740 3770 3748
f 3766 3744 3741
f 3740 3749 3751
f 3747 3752 3972
f 3747 3965 3971
f 3747 3972 3965
f 3747 3751 3750
f 3747 3750 3752
f 3740 3748 3749
f 3740 3751 3747
f 3678 3679 3758
f 3679 3753 3758
f 3695 3765 3766
f 3754 3716 3753
f 3740 3754 3755
f 3740 3755 3770
f 3754 3756 3755
f 3757 3766 3770
f 3757 3770 3755
f 3666 3753 3679
f 3666 3756 3753
f 3895 3755 3756
f 3754 3753 3756
f 3895 3757 3755
f 3695 3766 3757
f 3715 3678 3758
f 3753 3716 3758
f 3710 3733 3765
f 3708 3761 3760
f 3709 3763 3764
f 3709 3764 3767
f 3709 3767 3768
f 3710 3768 3769
f 3710 3769 3733
f 3709 3768 3710
f 3765 3742 3766
f 3766 3745 3770
f 3765 3733 3732
f 3732 3743 3765
f 3765 3743 3742
f 3766 3742 3744
f 3771 3772 3774
f 3772 3776 3774
f 3771 3774 3777
f 3348 3772 3771
f 3346 3771 3773
f 3349 3773 3782
f 3361 3776 3772
f 3773 3786 3782
f 3361 3775 3776
f 3771 3777 3773
f 3773 3777 3786
f 3775 3780 3776
f 3777 3791 3786
f 3775 3778 3780
f 3776 3779 3774
f 3776 3780 3779
f 3774 3779 3781
f 3777 3774 3781
f 3777 3781 3791
f 3358 3782 3783
f 3783 3782 3789
f 3782 3786 3789
f 3783 3789 3787
f 3783 3787 3364
f 3775 3784 3778
f 3784 3365 3785
f 3778 3784 3785
f 3786 3792 3789
f 3365 3788 3785
f 3787 3789 3790
f 3789 3792 3790
f 3786 3791 3792
f 3364 3787 3793
f 3787 3794 3793
f 3787 3790 3794
f 3409 3793 3795
f 3793 3794 3795
f 3409 3795 3796
f 3779 3780 3810
f 3780 3797 3810
f 3779 3810 3799
f 3778 3797 3780
f 3778 3798 3797
f 3779 3799 3781
f 3781 3804 3791
f 3781 3799 3804
f 3798 3811 3797
f 3798 3800 3811
f 3788 3801 3785
f 3778 3785 3798
f 3785 3801 3798
f 3788 3802 3801
f 3788 3407 3802
f 3802 3565 3803
f 3801 3802 3806
f 3802 3803 3806
f 3791 3805 3792
f 3801 3800 3798
f 3791 3804 3805
f 3805 3804 3815
f 3792 3805 3838
f 3792 3838 3790
f 3805 3840 3838
f 3801 3806 3800
f 3800 3806 3817
f 3806 3807 3817
f 3803 3807 3806
f 3803 3808 3807
f 3805 3815 3840
f 3808 3827 3807
f 3808 3809 3827
f 3809 3850 3831
f 3797 3812 3810
f 3810 3813 3799
f 3799 3814 3804
f 3797 3811 3812
f 3810 3812 3813
f 3811 3819 3812
f 3812 3822 3813
f 3811 3816 3819
f 3812 3819 3822
f 3799 3813 3814
f 3811 3800 3816
f 3800 3817 3816
f 3814 3813 3828
f 3813 3822 3828
f 3804 3814 3815
f 3814 3829 3815
f 3814 3828 3829
f 3815 3856 3840
f 3815 3829 3856
f 3817 3820 3816
f 3817 3818 3820
f 3816 3821 3819
f 3822 3819 3823
f 3816 3820 3821
f 3819 3821 3823
f 3822 3832 3828
f 3822 3823 3832
f 3820 3824 3821
f 3821 3826 3823
f 3820 3825 3824
f 3821 3824 3826
f 3818 3825 3820
f 3818 3830 3825
f 3823 3826 3834
f 3817 3807 3818
f 3807 3827 3818
f 3828 3833 3829
f 3829 3833 3857
f 3827 3831 3830
f 3827 3830 3818
f 3827 3809 3831
f 3828 3832 3833
f 3832 3834 3835
f 3823 3834 3832
f 3832 3835 3833
f 3407 3565 3802
f 3794 3790 3839
f 3794 3836 3795
f 3794 3839 3836
f 3803 3565 3837
f 3567 3846 3837
f 3803 3837 3808
f 3837 3846 3808
f 3567 3847 3846
f 3790 3838 3839
f 3839 3838 3841
f 3836 3839 3845
f 3838 3840 3841
f 3841 3840 3858
f 3839 3841 3845
f 3841 3853 3845
f 3841 3858 3853
f 3795 3842 3796
f 3796 3842 3843
f 3795 3836 3842
f 3836 3844 3842
f 3843 3842 3882
f 3836 3845 3844
f 3842 3844 3882
f 3844 3883 3882
f 3844 3854 3883
f 3844 3845 3854
f 3845 3853 3854
f 3847 3849 3846
f 3847 3848 3849
f 3848 3851 3849
f 3848 3852 3851
f 3846 3809 3808
f 3846 3849 3809
f 3849 3851 3850
f 3809 3849 3850
f 3847 3573 3848
f 3848 3574 3852
f 3858 3861 3853
f 3853 3861 3855
f 3853 3855 3854
f 3854 3855 3886
f 3861 3863 3887
f 3861 3887 3855
f 3840 3856 3858
f 3829 3857 3856
f 3856 3857 3859
f 3856 3859 3858
f 3858 3859 3861
f 3833 3860 3857
f 3857 3862 3859
f 3857 3860 3862
f 3833 3835 3860
f 3861 3859 3863
f 3863 3859 3862
f 3866 3869 3865
f 3831 3873 3864
f 3870 3866 3864
f 3870 3869 3866
f 3865 3869 3872
f 3825 3866 3865
f 3825 3830 3866
f 3824 3865 3867
f 3824 3825 3865
f 3824 3867 3826
f 3831 3864 3830
f 3830 3864 3866
f 3826 3867 3880
f 3865 3872 3867
f 3834 3880 3881
f 3834 3881 3835
f 3826 3880 3834
f 3868 3851 3874
f 3868 3577 3873
f 3870 3864 3871
f 3579 3869 3870
f 3580 3870 3871
f 3581 3872 3869
f 3871 3873 3577
f 3868 3873 3850
f 3871 3864 3873
f 3831 3850 3873
f 3875 3880 3867
f 3868 3850 3851
f 3876 3881 3880
f 3875 3867 3872
f 3875 3876 3880
f 3852 3576 3874
f 3868 3874 3578
f 3852 3874 3851
f 3868 3578 3577
f 3875 3872 3700
f 3875 3701 3876
f 3877 3878 3881
f 3878 3891 3879
f 3862 3879 3893
f 3876 3877 3881
f 3877 3891 3878
f 3835 3878 3860
f 3835 3881 3878
f 3860 3878 3879
f 3860 3879 3862
f 3863 3862 3893
f 3843 3882 3652
f 3652 3882 3884
f 3882 3883 3884
f 3883 3885 3884
f 3883 3886 3885
f 3885 3886 3889
f 3889 3886 3888
f 3854 3886 3883
f 3855 3887 3888
f 3855 3888 3886
f 3884 3885 3664
f 3885 3666 3664
f 3885 3889 3666
f 3694 3890 3893
f 3876 3702 3877
f 3877 3711 3891
f 3879 3891 3892
f 3892 3694 3893
f 3863 3893 3890
f 3879 3892 3893
f 3863 3890 3887
f 3894 3888 3887
f 3894 3887 3890
f 3695 3894 3890
f 3889 3888 3895
f 3895 3888 3894
f 3666 3889 3756
f 3889 3895 3756
f 3694 3695 3890
f 3908 3911 3909
f 3591 3908 3909
f 3593 3911 3908
f 3593 3915 3911
f 3909 3911 3912
f 3909 3912 3910
f 3911 3917 3912
f 3911 3915 3917
f 3912 3913 3910
f 3912 3914 3913
f 3912 3917 3914
f 3917 3915 3916
f 3597 3910 3913
f 3916 3920 3919
f 3914 3917 3918
f 3917 3916 3918
f 3918 3916 3919
f 3613 3916 3915
f 3613 3920 3916
f 3920 3921 3919
f 3616 3921 3920
f 3616 3922 3921
f 3914 3924 3913
f 3914 3926 3924
f 3597 3913 3923
f 3913 3924 3923
f 3924 3933 3923
f 3924 3926 3925
f 3924 3925 3933
f 3929 3939 3925
f 3914 3918 3926
f 3918 3927 3926
f 3918 3919 3927
f 3926 3927 3929
f 3919 3928 3927
f 3927 3928 3930
f 3926 3929 3925
f 3927 3930 3929
f 3929 3930 3931
f 3930 3928 3935
f 3929 3931 3939
f 3930 3932 3931
f 3930 3935 3932
f 3623 3923 3933
f 3623 3933 3937
f 3933 3938 3937
f 3933 3925 3938
f 3925 3939 3938
f 3921 3922 3934
f 3934 3960 3936
f 3922 3960 3934
f 3960 3962 3936
f 3962 3953 3936
f 3962 3968 3953
f 3921 3928 3919
f 3928 3934 3935
f 3921 3934 3928
f 3935 3951 3932
f 3935 3934 3936
f 3935 3936 3951
f 3951 3936 3953
f 3938 3943 3937
f 3938 3940 3943
f 3941 3636 3940
f 3939 3931 3941
f 3939 3940 3938
f 3939 3941 3940
f 3941 3949 3636
f 3949 3950 3636
f 3631 3937 3942
f 3937 3943 3942
f 3943 3636 3942
f 3940 3636 3943
f 3952 3947 3636
f 3950 3952 3636
f 3953 3945 3944
f 3953 3946 3945
f 3968 3946 3953
f 3968 3948 3946
f 3931 3932 3949
f 3932 3951 3950
f 3941 3931 3949
f 3932 3950 3949
f 3950 3951 3952
f 3951 3953 3952
f 3952 3953 3944
f 3952 3944 3947
f 3674 3960 3922
f 3960 3959 3962
f 3674 3959 3960
f 3962 3959 3961
f 3717 3964 3961
f 3968 3961 3964
f 3962 3961 3968
f 3717 3971 3964
f 3964 3963 3970
f 3971 3965 3966
f 3971 3966 3967
f 3964 3967 3963
f 3964 3971 3967
f 3968 3969 3948
f 3968 3970 3969
f 3968 3964 3970
f 5214 5583 5662
f 5213 5214 5662
f 5223 5225 5332
f 5215 5216 5662
f 5216 5213 5662
f 5215 5662 5223
f 5225 5335 5331
f 5225 5226 5335
f 5225 5229 5226
f 5225 5231 5230
f 5225 5230 5228
f 5225 5228 5229
f 5225 5232 5231
f 5223 5662 5225
f 5225 5662 5232
f 5214 5648 5583
f 5213 5492 5214
f 5215 5323 5495
f 5216 5493 5213
f 5215 5494 5216
f 5215 5223 5326
f 5215 5324 5323
f 5215 5326 5325
f 5215 5325 5324
f 5223 5327 5326
f 5223 5316 5327
f 5223 5320 5319
f 5223 5318 5317
f 5223 5319 5318
f 5223 5332 5320
f 5223 5317 5316
f 5225 5333 5332
f 5225 5331 5334
f 5225 5334 5333
f 5495 5323 5357
f 5495 5356 5355
f 5495 5357 5356
f 5495 5355 5358
f 5496 5358 5359
f 5496 5359 5360
f 5496 5363 5364
f 5496 5364 5365
f 5496 5365 5329
f 5496 5360 5363
f 5496 5328 5339
f 5496 5329 5328
f 5497 5337 5341
f 5497 5341 5342
f 5497 5342 5344
f 5497 5338 5340
f 5497 5339 5338
f 5497 5340 5337
f 5497 5345 5347
f 5497 5347 5346
f 5497 5344 5345
f 5569 5346 5348
f 5569 5348 5568
f 5214 5492 5648
f 5213 5493 5492
f 5216 5494 5493
f 5215 5495 5494
f 5495 5358 5496
f 5496 5339 5497
f 5497 5346 5569
f 5492 5655 5648
f 5493 5498 5492
f 5494 5499 5493
f 5495 5500 5494
f 5492 5498 5655
f 5493 5499 5498
f 5495 5496 5501
f 5496 5497 5502
f 5497 5569 5503
f 5494 5500 5499
f 5495 5501 5500
f 5496 5502 5501
f 5498 6265 5655
f 5500 6265 5499
f 5498 5499 6265
f 5497 5503 5502
f 5503 5569 5576
f 5501 6265 5500
f 5501 5502 6265
f 5503 6265 5502
f 5503 5576 6265
f 5662 5543 5232
f 5550 5543 5662
f 5550 5540 5543
f 5550 5662 5551
f 5551 5662 5552
f 5552 5662 5553
f 5553 5662 5554
f 5554 5662 5681
f 5569 5568 5561
f 5569 5561 5562
f 5569 5562 5563
f 5569 5559 5566
f 5569 5563 5559
f 5570 5565 5544
f 5570 5566 5565
f 5570 5542 5541
f 5570 5544 5542
f 5570 5541 5540
f 5550 5570 5540
f 5550 5551 5571
f 5551 5552 5572
f 5552 5553 5573
f 5553 5554 5574
f 5554 5681 5575
f 5569 5566 5570
f 5550 5571 5570
f 5551 5572 5571
f 5552 5573 5572
f 5553 5574 5573
f 5554 5575 5574
f 5575 5681 6255
f 5569 5570 5576
f 5570 5571 5577
f 5571 5572 5578
f 5572 5573 5579
f 5570 5577 5576
f 5571 5578 5577
f 5576 5577 6265
f 5577 5578 6265
f 5578 5579 6265
f 5579 5580 6265
f 5572 5579 5578
f 5573 5580 5579
f 5580 5581 6265
f 5581 5582 6265
f 5582 6273 6265
f 5573 5574 5580
f 5581 5574 5575
f 5575 6255 5582
f 5580 5574 5581
f 5581 5575 5582
f 5582 6255 6273
f 5583 5584 5662
f 5584 5585 5662
f 5585 5586 5662
f 5586 5587 5662
f 5587 5601 5662
f 5601 5610 5609
f 5601 5609 5662
f 5662 5609 5664
f 5583 5649 5584
f 5584 5650 5585
f 5585 5651 5586
f 5586 5652 5587
f 5587 5653 5601
f 5601 5654 5610
f 5654 5611 5610
f 5654 5612 5611
f 5654 5613 5612
f 5654 5635 5613
f 5654 5636 5635
f 6243 5638 5636
f 6243 5639 5638
f 6243 5640 5639
f 6243 5641 5640
f 6243 5725 5641
f 5583 5648 5649
f 5584 5649 5650
f 5585 5650 5651
f 5586 5651 5652
f 5587 5652 5653
f 5601 5653 5654
f 5654 6243 5636
f 5648 5656 5649
f 5649 5657 5650
f 5650 5658 5651
f 5648 5655 5656
f 5649 5656 5657
f 5650 5657 5658
f 5659 5652 5651
f 5660 5653 5652
f 5653 5661 5654
f 5654 6266 6243
f 5658 5659 5651
f 5659 5660 5652
f 5655 6265 5656
f 5656 6265 5657
f 5657 6265 5658
f 5660 5661 5653
f 5654 5661 6266
f 5658 6265 5659
f 5659 6265 5660
f 5660 6265 5661
f 5661 6265 6266
f 5662 5664 5670
f 5662 5670 5672
f 5670 5664 5665
f 5670 5665 5666
f 5670 5666 5667
f 5670 5667 5668
f 5670 5668 5669
f 5670 5669 5719
f 5670 5719 5720
f 5662 5672 5680
f 5662 5679 5683
f 5662 5680 5679
f 5670 5723 5672
f 5662 5683 5682
f 5662 5682 5681
f 5670 5720 5721
f 5670 5721 5722
f 5670 5722 5723
f 5672 5723 5740
f 5672 5741 5742
f 5672 5742 5743
f 5672 5740 5741
f 5672 5743 5744
f 5672 5749 5680
f 5672 5744 5746
f 5672 5746 5749
f 5680 5749 5750
f 5680 5750 5751
f 5680 5751 5752
f 6243 5726 5725
f 6243 5727 5726
f 6244 5728 5727
f 6244 5729 5728
f 6244 5730 5729
f 6244 5732 5730
f 6244 5733 5732
f 6244 5734 5733
f 6244 5735 5734
f 6244 5736 5735
f 6244 5737 5736
f 6245 5748 5737
f 6245 5747 5748
f 6245 5762 5747
f 6245 5763 5762
f 6245 5764 5763
f 6245 5766 5764
f 6245 5767 5766
f 6245 5768 5767
f 6252 5752 5769
f 6252 5771 5768
f 6252 5770 5771
f 6252 5769 5770
f 5679 5680 6253
f 5683 5679 6254
f 5680 5752 6252
f 5682 5683 6256
f 5681 5682 6255
f 6243 6244 5727
f 6244 6245 5737
f 6245 6252 5768
f 5680 6252 6253
f 5679 6253 6254
f 5683 6254 6256
f 5682 6256 6255
f 6243 6267 6244
f 6268 6245 6244
f 6269 6252 6245
f 6243 6266 6267
f 6268 6244 6267
f 6265 6267 6266
f 6265 6268 6267
f 6265 6269 6268
f 6265 6270 6269
f 6268 6269 6245
f 6270 6252 6269
f 6271 6253 6270
f 6265 6272 6271
f 6265 6271 6270
f 6265 6273 6272
f 6270 6253 6252
f 6271 6254 6253
f 6256 6254 6272
f 6255 6256 6273
f 6271 6272 6254
f 6256 6272 6273
f 5590 5620 5591
f 5591 5620 5623
f 5590 5591 5593
f 5590 5622 5620
f 5592 5593 5589
f 5590 5593 5592
f 5591 5595 5593
f 5592 5589 5588
f 5592 5588 5616
f 5593 5604 5589
f 5592 5616 5594
f 5590 5592 5594
f 5590 5594 5622
f 5591 5623 5596
f 5596 5623 5624
f 5593 5595 5604
f 5596 5618 5595
f 5591 5596 5595
f 5596 5624 5597
f 5597 5624 5684
f 5596 5597 5618
f 5588 5599 5598
f 5589 5605 5599
f 5588 5598 5600
f 5588 5589 5599
f 5598 5602 5600
f 5602 5609 5610
f 5602 5610 5603
f 5600 5602 5603
f 5589 5604 5605
f 5598 5599 5664
f 5604 5606 5605
f 5599 5605 5664
f 5604 5607 5606
f 5605 5606 5664
f 5606 5607 5614
f 5607 5608 5614
f 5598 5664 5602
f 5602 5664 5609
f 5603 5610 5611
f 5603 5611 5612
f 5603 5612 5637
f 5637 5612 5613
f 5606 5614 5664
f 5608 5615 5614
f 5614 5615 5664
f 5608 5663 5615
f 5588 5600 5616
f 5600 5617 5616
f 5616 5617 5619
f 5594 5616 5619
f 5594 5632 5622
f 5594 5619 5632
f 5600 5603 5617
f 5604 5595 5607
f 5607 5595 5618
f 5618 5597 5673
f 5607 5618 5608
f 5608 5618 5673
f 5603 5644 5617
f 5603 5637 5644
f 5617 5644 5646
f 5617 5646 5619
f 5632 5619 5634
f 5619 5646 5634
f 5620 5621 5623
f 5620 5629 5621
f 5620 5622 5629
f 5621 5625 5623
f 5623 5625 5624
f 5625 5628 5624
f 5621 5626 5625
f 5621 5630 5626
f 5625 5627 5628
f 5625 5626 5627
f 5622 5633 5629
f 5624 5628 5684
f 5621 5629 5630
f 5626 5631 5627
f 5626 5691 5631
f 5627 5631 5688
f 5626 5630 5691
f 5622 5632 5633
f 5629 5633 5696
f 5629 5696 5630
f 5632 5698 5633
f 5632 5634 5698
f 5637 5613 5635
f 5637 5635 5636
f 5637 5636 5642
f 5642 5636 5638
f 5642 5638 5639
f 5642 5639 5643
f 5643 5639 5640
f 5643 5640 5641
f 5637 5645 5644
f 5637 5642 5645
f 5642 5755 5645
f 5644 5645 5647
f 5644 5647 5646
f 5646 5811 5634
f 5646 5647 5811
f 5642 5643 5755
f 5597 5684 5674
f 5615 5665 5664
f 5615 5663 5665
f 5663 5666 5665
f 5663 5671 5666
f 5671 5667 5666
f 5671 5668 5667
f 5671 5669 5668
f 5671 5724 5669
f 5608 5673 5663
f 5673 5674 5675
f 5597 5674 5673
f 5674 5684 5695
f 5674 5677 5675
f 5674 5695 5677
f 5695 5701 5677
f 5673 5675 5663
f 5663 5675 5671
f 5675 5677 5676
f 5671 5675 5676
f 5671 5676 5724
f 5676 5678 5758
f 5677 5701 5678
f 5677 5678 5676
f 5678 5701 5702
f 5627 5685 5628
f 5628 5686 5684
f 5684 5686 5695
f 5628 5685 5686
f 5685 5687 5686
f 5686 5687 5697
f 5627 5688 5685
f 5685 5688 5692
f 5631 5689 5688
f 5688 5690 5692
f 5688 5689 5690
f 5689 5872 5690
f 5631 5691 5707
f 5685 5692 5687
f 5692 5693 5687
f 5692 5694 5693
f 5631 5707 5689
f 5689 5707 5883
f 5692 5690 5694
f 5689 5883 5872
f 5690 5874 5694
f 5690 5872 5874
f 5694 5874 5876
f 5694 5711 5693
f 5694 5876 5711
f 5711 5876 5885
f 5686 5697 5695
f 5695 5697 5701
f 5633 5698 5699
f 5633 5699 5696
f 5697 5703 5701
f 5687 5700 5697
f 5697 5700 5703
f 5700 5704 5703
f 5701 5703 5702
f 5703 5705 5702
f 5703 5704 5705
f 5704 5714 5705
f 5630 5706 5691
f 5630 5696 5706
f 5691 5706 5708
f 5691 5708 5707
f 5707 5887 5883
f 5707 5708 5887
f 5696 5709 5706
f 5696 5699 5709
f 5706 5709 5713
f 5706 5713 5708
f 5687 5693 5700
f 5700 5693 5710
f 5693 5711 5710
f 5700 5710 5704
f 5710 5712 5715
f 5711 5712 5710
f 5711 5885 5712
f 5712 5885 5895
f 5710 5715 5704
f 5708 5889 5887
f 5708 5713 5889
f 5712 5895 5717
f 5704 5715 5714
f 5714 5715 5716
f 5715 5717 5716
f 5712 5717 5715
f 5717 5895 5899
f 5717 5718 5716
f 5717 5899 5718
f 5718 5899 5902
f 5724 5719 5669
f 5724 5720 5719
f 5724 5721 5720
f 5721 5739 5722
f 5724 5739 5721
f 5731 5641 5725
f 5643 5641 5731
f 5731 5725 5726
f 5731 5726 5727
f 5731 5727 5728
f 5738 5728 5729
f 5731 5728 5738
f 5738 5729 5730
f 5765 5734 5735
f 5761 5730 5732
f 5738 5730 5761
f 5761 5732 5733
f 5765 5733 5734
f 5739 5740 5723
f 5739 5723 5722
f 5745 5741 5740
f 5745 5742 5741
f 5739 5745 5740
f 5754 5743 5742
f 5745 5754 5742
f 5754 5744 5743
f 5754 5746 5744
f 5779 5749 5746
f 5753 5752 5751
f 5779 5750 5749
f 5779 5751 5750
f 5754 5779 5746
f 5753 5769 5752
f 5753 5780 5769
f 5643 5756 5755
f 5645 5755 5757
f 5643 5731 5756
f 5731 5738 5774
f 5731 5774 5756
f 5755 5756 5773
f 5645 5757 5647
f 5647 5814 5811
f 5647 5757 5814
f 5755 5773 5757
f 5757 5820 5814
f 5724 5676 5758
f 5724 5758 5739
f 5739 5758 5759
f 5739 5759 5745
f 5758 5760 5759
f 5758 5678 5760
f 5678 5702 5760
f 5760 5702 5824
f 5759 5760 5786
f 5745 5784 5754
f 5745 5759 5784
f 5765 5735 5736
f 5772 5736 5737
f 5772 5737 5748
f 5772 5748 5747
f 5761 5733 5765
f 5765 5736 5772
f 5790 5747 5762
f 5790 5762 5763
f 5788 5770 5769
f 5791 5763 5764
f 5791 5764 5766
f 5791 5766 5767
f 5772 5747 5790
f 5790 5763 5791
f 5756 5776 5773
f 5757 5773 5820
f 5738 5761 5775
f 5738 5775 5774
f 5756 5774 5776
f 5761 5765 5777
f 5761 5777 5775
f 5774 5775 5778
f 5765 5772 5804
f 5773 5823 5820
f 5773 5776 5823
f 5765 5804 5777
f 5775 5777 6246
f 5774 5778 5776
f 5776 5838 5823
f 5775 6246 5778
f 5776 5778 5838
f 5753 5751 5783
f 5779 5783 5751
f 5780 5781 5769
f 5753 5795 5780
f 5781 5782 5769
f 5753 5783 5795
f 5780 5798 5781
f 5780 5795 5798
f 5760 5824 5786
f 5754 5784 5785
f 5754 5785 5779
f 5759 5786 5784
f 5779 5806 5783
f 5779 5785 5806
f 5784 5787 5785
f 5786 5824 5827
f 5784 5786 5787
f 5786 5827 5787
f 5787 5827 5842
f 5788 5769 5789
f 5789 5769 5792
f 5796 5767 5768
f 5796 5768 5771
f 5796 5771 5770
f 5792 5769 5794
f 5788 5801 5770
f 5791 5767 5796
f 5782 5797 5769
f 5794 5769 5797
f 5782 5793 5797
f 5781 5799 5782
f 5788 5789 5802
f 5789 5792 5803
f 5796 5770 5801
f 5788 5802 5801
f 5782 5800 5793
f 5793 5855 5797
f 5781 5798 5799
f 5782 5799 5800
f 5792 5794 5854
f 5794 5797 5856
f 5789 5803 5802
f 5792 5854 5803
f 5793 5800 5855
f 5794 5856 5854
f 5797 5855 5856
f 5785 5808 5806
f 5785 5787 5808
f 5772 5790 5805
f 5772 5805 5804
f 5777 5804 6247
f 5790 5791 6248
f 5790 6248 5805
f 5791 5796 6249
f 5777 6247 6246
f 5783 5807 5795
f 5783 5806 5807
f 5795 5809 5798
f 5795 5807 5809
f 5806 5810 5807
f 5798 5857 5799
f 5787 5842 5808
f 5806 5808 5810
f 5808 5842 5845
f 5808 5845 5810
f 5791 6249 6248
f 5796 5801 6274
f 5798 5809 5857
f 5807 5859 5809
f 5801 5802 6275
f 5807 5810 5859
f 5810 5845 5862
f 5634 5812 5698
f 5634 5811 5812
f 5698 5812 5813
f 5698 5813 5699
f 5812 5816 5813
f 5811 5815 5812
f 5811 5814 5815
f 5812 5815 5816
f 5702 5705 5824
f 5814 5821 5815
f 5816 5815 5822
f 5699 5817 5709
f 5699 5813 5817
f 5709 5817 5818
f 5813 5819 5817
f 5709 5818 5713
f 5713 5974 5889
f 5713 5818 5974
f 5817 5831 5818
f 5818 5978 5974
f 5813 5816 5819
f 5817 5819 5831
f 5816 5847 5819
f 5816 5822 5847
f 5818 5831 5978
f 5814 5820 5821
f 5820 5839 5821
f 5815 5821 5822
f 5821 5839 5837
f 5822 5821 5837
f 5820 5823 5839
f 5705 5825 5824
f 5705 5714 5825
f 5714 5826 5825
f 5824 5825 5827
f 5825 5828 5827
f 5827 5828 5842
f 5825 5826 5828
f 5826 5829 5828
f 5828 5829 5843
f 5829 5844 5843
f 5714 5716 5826
f 5716 5830 5826
f 5716 5718 5830
f 5826 5830 5829
f 5718 5833 5830
f 5718 5902 5833
f 5819 5847 5832
f 5831 5980 5978
f 5819 5832 5831
f 5831 5832 5980
f 5830 5833 5834
f 5833 5902 5982
f 5833 5982 5836
f 5836 5982 5986
f 5829 5830 5834
f 5829 5834 5844
f 5834 5836 5835
f 5834 5835 5844
f 5833 5836 5834
f 5836 5986 5860
f 5836 5860 5835
f 5823 5840 5839
f 5823 5838 5840
f 5837 5839 5841
f 5839 5840 5841
f 5841 5840 6258
f 5828 5843 5842
f 5842 5843 5845
f 5843 5846 5845
f 5843 5844 5846
f 5844 5861 5846
f 5845 5846 5862
f 5822 5848 5847
f 5822 5837 5848
f 5847 5848 5849
f 5832 5847 5849
f 5832 5998 5980
f 5832 5849 5998
f 5849 5848 5852
f 5837 5850 5848
f 5837 5841 5850
f 5848 5850 5852
f 5844 5835 5861
f 5849 6000 5998
f 5849 5852 6000
f 5850 5841 5851
f 5841 6258 5851
f 5850 5851 5853
f 5850 5853 5852
f 5852 6003 6000
f 5852 5853 6003
f 5853 6075 6003
f 5851 6303 5853
f 5799 5858 5800
f 5799 5857 5858
f 5802 5803 6276
f 5803 5854 6281
f 5809 6277 5857
f 5800 6280 5855
f 5800 5858 6280
f 5855 6282 5856
f 5854 5856 6283
f 5809 5859 6277
f 5810 5862 5859
f 5859 5862 6292
f 5860 5986 6056
f 5860 6056 5866
f 5846 5864 5862
f 5862 5864 6292
f 5846 5861 5864
f 5861 5863 5864
f 5864 5863 6296
f 5835 5865 5861
f 5860 5865 5835
f 5861 5865 5863
f 5865 5866 5868
f 5860 5866 5865
f 6056 6072 5866
f 5866 6072 5867
f 5866 5867 5868
f 5867 6072 6079
f 5865 5868 5863
f 5868 5867 5869
f 5868 6297 5863
f 5853 6303 6075
f 6303 6359 6075
f 5868 5869 6297
f 5869 5870 6306
f 5867 5870 5869
f 5867 6079 5870
f 5870 6079 6084
f 5870 5871 6306
f 5870 6084 5871
f 5871 6084 6087
f 5872 5873 5874
f 5872 5883 5884
f 5872 5884 5873
f 5874 5875 5876
f 5873 5875 5874
f 5876 5877 5885
f 5875 5877 5876
f 5873 5878 5875
f 5875 5878 5879
f 5873 5886 5878
f 5875 5879 5877
f 5877 5879 5893
f 5878 5880 5879
f 5879 5881 5893
f 5879 5880 5881
f 5878 5892 5880
f 5880 5882 5881
f 5883 5887 5888
f 5883 5888 5884
f 5877 5894 5885
f 5873 5884 5886
f 5877 5893 5894
f 5878 5886 5892
f 5884 5891 5886
f 5884 5888 5891
f 5886 5891 5912
f 5887 5890 5888
f 5887 5889 5890
f 5888 5901 5891
f 5888 5890 5901
f 5880 5892 5909
f 5886 5912 5892
f 5880 5909 5882
f 5881 5882 5908
f 5885 5894 5895
f 5895 5896 5899
f 5894 5896 5895
f 5893 5897 5894
f 5893 5906 5897
f 5894 5897 5896
f 5896 5897 5898
f 5897 5907 5898
f 5896 5900 5899
f 5899 5900 5902
f 5891 5901 5913
f 5896 5898 5900
f 5898 5904 5900
f 5898 5914 5904
f 5900 5903 5902
f 5900 5904 5903
f 5904 5905 5903
f 5904 5917 5905
f 5881 5906 5893
f 5897 5906 5907
f 5881 5908 5906
f 5906 5910 5907
f 5898 5907 5914
f 5907 5911 5914
f 5906 5908 5910
f 5882 5922 5908
f 5882 5925 5922
f 5908 5923 5910
f 5908 5922 5923
f 5892 5915 5909
f 5882 5909 5925
f 5910 5923 5927
f 5907 5910 5911
f 5911 5919 5914
f 5910 5927 5911
f 5911 5927 5936
f 5891 5913 5912
f 5892 5912 5915
f 5912 5913 5916
f 5909 5915 5932
f 5909 5932 5925
f 5912 5916 5915
f 5915 5933 5932
f 5915 5916 5933
f 5911 5936 5919
f 5904 5914 5917
f 5914 5919 5917
f 5905 5917 5918
f 5917 5920 5918
f 5917 5919 5920
f 5936 5939 5919
f 5919 5939 5920
f 5920 5939 5942
f 5920 5921 5918
f 5920 5942 5921
f 5921 5943 6061
f 5921 5942 5943
f 5922 5924 5923
f 5922 5925 5931
f 5922 5931 5924
f 5923 5926 5927
f 5923 5924 5926
f 5927 5928 5936
f 5927 5926 5928
f 5924 5929 5926
f 5926 5929 5930
f 5924 5931 5935
f 5924 5935 5929
f 5926 5930 5928
f 5928 5930 5938
f 5929 5949 5930
f 5925 5932 5934
f 5925 5934 5931
f 5932 5933 5941
f 5932 5941 5934
f 5931 5934 5946
f 5931 5946 5935
f 5929 5935 5950
f 5928 5937 5936
f 5928 5938 5937
f 5930 5951 5938
f 5936 5937 5939
f 5939 5940 5942
f 5939 5937 5940
f 5940 5944 5942
f 5942 5944 5943
f 5944 6019 5943
f 5938 5945 5937
f 5937 5945 5940
f 5940 5945 5947
f 5938 5952 5945
f 5945 5953 5947
f 5934 5941 6009
f 5934 6009 5946
f 5935 5946 5954
f 5946 6009 6014
f 5940 5947 5944
f 5944 5947 5948
f 5947 5955 5948
f 5944 5948 6019
f 5948 6020 6019
f 5948 5956 6020
f 5930 5949 5951
f 5949 5957 5951
f 5929 5950 5949
f 5949 5950 5959
f 5935 5954 5950
f 5938 5951 5952
f 5945 5952 5953
f 5951 5958 5952
f 5951 5957 5958
f 5949 5959 5957
f 5952 5960 5953
f 5952 5958 5960
f 5946 6014 5954
f 5950 5954 5961
f 5950 5961 5959
f 5954 6014 5968
f 5954 5968 5961
f 5947 5953 5955
f 5953 5960 5962
f 5953 5962 5955
f 5955 5962 5963
f 5955 5963 5956
f 5948 5955 5956
f 5956 5963 5969
f 5957 5964 5958
f 5958 5965 5960
f 5957 5959 5970
f 5959 5961 5971
f 5960 5966 5962
f 5962 5967 5963
f 5957 5970 5964
f 5958 5964 5965
f 5960 5965 5966
f 5962 5966 5967
f 5963 5967 6025
f 5972 5961 5968
f 5963 6025 5969
f 5968 6017 5973
f 5959 5971 5970
f 5971 5961 5972
f 5964 6036 5965
f 5964 5970 6036
f 5970 5971 6036
f 5972 5968 5973
f 5973 6017 6030
f 5889 5974 5975
f 5889 5975 5890
f 5974 5978 5979
f 5974 5979 5975
f 5890 5976 5901
f 5890 5975 5976
f 5901 5976 5989
f 5976 5975 5977
f 5975 5979 5977
f 5976 5977 5991
f 5978 5981 5979
f 5978 5980 5981
f 5980 5999 5981
f 5979 5987 5977
f 5979 5981 5987
f 5902 5903 5982
f 5903 5983 5982
f 5982 5983 5986
f 5983 5984 5986
f 5903 5905 5983
f 5905 5985 5983
f 5905 5918 5985
f 5985 5984 5983
f 5985 6054 5984
f 5985 5992 6054
f 5986 5984 6056
f 5977 5987 5994
f 5981 5988 5987
f 5981 5999 5988
f 5987 5988 5995
f 5901 5989 5913
f 5913 5989 5990
f 5976 5991 5989
f 5913 5990 5916
f 5916 5990 6004
f 5916 6004 5933
f 5989 5991 5993
f 5985 5918 5992
f 5918 5921 5992
f 5990 6006 6004
f 5989 5993 5990
f 5991 5996 5993
f 5990 5993 6006
f 5993 6013 6006
f 5992 5921 6061
f 5977 5994 5991
f 5991 5994 5996
f 5987 5995 5994
f 5988 6091 5995
f 5994 5995 5997
f 5994 5997 5996
f 5993 5996 6013
f 5996 6138 6013
f 5996 5997 6138
f 5995 6066 5997
f 5980 5998 5999
f 5999 5998 6001
f 5998 6000 6001
f 6001 6000 6071
f 5988 5999 6002
f 5999 6001 6002
f 5988 6002 6091
f 6001 6073 6002
f 6000 6003 6071
f 5933 6004 6005
f 5933 6005 5941
f 6004 6007 6005
f 6004 6006 6007
f 6006 6013 6008
f 6006 6008 6007
f 5941 6005 6010
f 5941 6010 6009
f 6009 6010 6015
f 6005 6011 6010
f 6010 6011 6016
f 6005 6007 6011
f 6007 6012 6011
f 6007 6008 6012
f 6011 6012 6165
f 6013 6138 6139
f 6013 6139 6008
f 6009 6015 6014
f 6010 6016 6015
f 6014 6015 6017
f 6014 6017 5968
f 6015 6016 6018
f 6015 6018 6017
f 6018 6016 6170
f 6011 6165 6016
f 6017 6018 6030
f 5943 6019 6128
f 6019 6020 6130
f 6130 6020 6134
f 6020 6021 6134
f 5956 6021 6020
f 6134 6021 6022
f 5956 5969 6021
f 5969 6023 6021
f 6021 6023 6022
f 6022 6024 6167
f 6022 6023 6024
f 6167 6024 6172
f 5969 6026 6023
f 6027 6024 6023
f 6028 6172 6024
f 5969 6025 6026
f 6026 6027 6023
f 6027 6028 6024
f 5965 6036 5966
f 5966 6036 5967
f 5967 6036 6025
f 6025 6036 6026
f 5971 5972 6036
f 5972 5973 6036
f 6026 6036 6027
f 6027 6036 6028
f 6028 6036 6029
f 6018 6031 6030
f 5973 6030 6036
f 6030 6031 6036
f 6031 6032 6036
f 6032 6033 6036
f 6029 6036 6034
f 6034 6036 6035
f 6028 6029 6172
f 6029 6034 6173
f 6033 6037 6036
f 6036 6037 6038
f 6036 6039 6035
f 6036 6038 6041
f 6036 6041 6042
f 6036 6040 6039
f 6036 6044 6040
f 6036 6045 6044
f 6036 6048 6045
f 6036 6046 6047
f 6036 6042 6043
f 6036 6043 6046
f 6029 6173 6172
f 6034 6035 6174
f 6035 6039 6185
f 6039 6040 6186
f 6036 6047 6051
f 6036 6049 6048
f 6036 6051 6052
f 6036 6050 6049
f 6036 6053 6050
f 6036 6052 6053
f 6054 6060 6058
f 5984 6055 6056
f 6055 6072 6056
f 6055 6057 6072
f 5984 6054 6055
f 6054 6058 6055
f 6058 6064 6059
f 6055 6058 6057
f 6058 6059 6057
f 6059 6065 6081
f 5992 6061 6060
f 5992 6060 6054
f 6060 6062 6064
f 5943 6128 6061
f 6061 6128 6062
f 6062 6128 6129
f 6061 6062 6060
f 6064 6062 6063
f 6062 6129 6063
f 6063 6129 6132
f 6063 6132 6068
f 6058 6060 6064
f 5995 6091 6066
f 6059 6064 6065
f 6064 6063 6065
f 5997 6066 6141
f 5997 6141 6138
f 6066 6094 6142
f 6066 6142 6141
f 6063 6068 6065
f 6068 6132 6151
f 6142 6094 6199
f 6065 6067 6081
f 6065 6068 6067
f 6067 6069 6097
f 6068 6151 6069
f 6069 6151 6152
f 6067 6068 6069
f 6069 6152 6070
f 6069 6070 6097
f 6070 6152 6157
f 6070 6157 6100
f 6157 6158 6100
f 6072 6057 6079
f 6057 6078 6079
f 6002 6073 6092
f 6001 6071 6073
f 6071 6077 6073
f 6059 6078 6057
f 6073 6077 6093
f 6003 6075 6074
f 6003 6074 6071
f 6075 6359 6076
f 6074 6075 6076
f 6076 6359 6085
f 6071 6074 6077
f 6074 6088 6077
f 6074 6076 6088
f 6077 6088 6096
f 6078 6084 6079
f 6078 6080 6084
f 6059 6081 6078
f 6078 6081 6080
f 6067 6082 6081
f 6081 6082 6080
f 6082 6086 6080
f 6082 6083 6086
f 6082 6097 6083
f 6084 6080 6087
f 6080 6086 6087
f 6086 6363 6087
f 6088 6089 6103
f 6076 6085 6089
f 6088 6076 6089
f 6085 6090 6089
f 6085 6361 6090
f 6090 6361 6107
f 6104 6089 6090
f 6002 6092 6091
f 6091 6092 6094
f 6073 6093 6092
f 6092 6093 6095
f 6077 6096 6093
f 6066 6091 6094
f 6092 6095 6094
f 6094 6095 6199
f 6095 6093 6099
f 6067 6097 6082
f 6093 6096 6099
f 6096 6103 6101
f 6070 6098 6097
f 6083 6097 6098
f 6095 6200 6199
f 6095 6099 6200
f 6099 6201 6200
f 6099 6096 6101
f 6099 6101 6201
f 6070 6100 6098
f 6103 6102 6101
f 6101 6102 6202
f 6101 6202 6201
f 6102 6232 6202
f 6088 6103 6096
f 6103 6089 6104
f 6103 6104 6102
f 6104 6090 6114
f 6104 6118 6102
f 6083 6098 6106
f 6086 6105 6363
f 6086 6083 6105
f 6083 6106 6105
f 6106 6110 6108
f 6106 6368 6105
f 6090 6107 6114
f 6107 6370 6116
f 6106 6108 6368
f 6368 6108 6374
f 6108 6109 6374
f 6115 6109 6108
f 6121 6379 6109
f 6098 6100 6110
f 6098 6110 6106
f 6111 6115 6110
f 6100 6111 6110
f 6158 6111 6100
f 6158 6204 6111
f 6111 6204 6112
f 6112 6204 6234
f 6118 6233 6232
f 6102 6118 6232
f 6118 6119 6233
f 6113 6234 6235
f 6111 6112 6115
f 6112 6113 6121
f 6112 6234 6113
f 6119 6120 6238
f 6119 6238 6233
f 6120 6241 6238
f 6104 6114 6118
f 6119 6114 6116
f 6107 6116 6114
f 6110 6115 6108
f 6115 6121 6109
f 6120 6116 6117
f 6112 6121 6115
f 6370 6117 6116
f 6371 6122 6117
f 6118 6114 6119
f 6119 6116 6120
f 6120 6117 6125
f 6113 6235 6126
f 6126 6235 6239
f 6125 6242 6241
f 6126 6239 6127
f 6127 6239 6242
f 6113 6123 6121
f 6126 6124 6123
f 6121 6123 6379
f 6380 6124 6122
f 6125 6117 6122
f 6127 6122 6124
f 6381 6123 6124
f 6113 6126 6123
f 6125 6122 6127
f 6126 6127 6124
f 6120 6125 6241
f 6125 6127 6242
f 6128 6130 6129
f 6019 6130 6128
f 6130 6131 6129
f 6131 6132 6129
f 6132 6133 6151
f 6131 6133 6132
f 6130 6134 6131
f 6134 6022 6136
f 6008 6135 6012
f 6012 6135 6166
f 6131 6134 6136
f 6131 6136 6133
f 6136 6137 6133
f 6136 6167 6137
f 6137 6168 6148
f 6137 6147 6133
f 6138 6141 6140
f 6139 6138 6140
f 6140 6141 6143
f 6141 6142 6143
f 6142 6199 6144
f 6142 6144 6143
f 6008 6139 6135
f 6139 6140 6145
f 6139 6145 6135
f 6135 6145 6169
f 6140 6143 6146
f 6145 6140 6146
f 6143 6160 6146
f 6145 6146 6178
f 6146 6160 6179
f 6143 6144 6160
f 6133 6147 6151
f 6137 6148 6147
f 6147 6148 6153
f 6153 6149 6155
f 6153 6148 6149
f 6180 6149 6148
f 6149 6181 6150
f 6149 6150 6155
f 6150 6182 6162
f 6162 6183 6208
f 6147 6152 6151
f 6153 6157 6152
f 6147 6153 6152
f 6144 6199 6154
f 6153 6155 6157
f 6155 6156 6158
f 6157 6155 6158
f 6160 6161 6195
f 6161 6163 6196
f 6144 6154 6161
f 6144 6161 6160
f 6154 6163 6161
f 6154 6159 6163
f 6150 6156 6155
f 6150 6162 6156
f 6162 6205 6156
f 6163 6164 6197
f 6164 6210 6198
f 6163 6159 6164
f 6164 6159 6203
f 6210 6203 6230
f 6164 6203 6210
f 6012 6166 6165
f 6135 6169 6166
f 6016 6165 6170
f 6165 6166 6171
f 6165 6171 6170
f 6166 6175 6171
f 6166 6169 6175
f 6136 6022 6167
f 6137 6167 6168
f 6167 6172 6168
f 6168 6172 6173
f 6168 6173 6180
f 6173 6174 6180
f 6169 6178 6176
f 6169 6176 6175
f 6178 6177 6176
f 6179 6187 6177
f 6018 6170 6031
f 6032 6170 6171
f 6033 6171 6175
f 6037 6175 6176
f 6031 6170 6032
f 6032 6171 6033
f 6033 6175 6037
f 6037 6176 6038
f 6034 6174 6173
f 6035 6185 6174
f 6039 6186 6185
f 6038 6177 6041
f 6041 6187 6042
f 6042 6188 6043
f 6040 6044 6189
f 6044 6045 6192
f 6043 6190 6046
f 6046 6191 6047
f 6038 6176 6177
f 6041 6177 6187
f 6042 6187 6188
f 6145 6178 6169
f 6146 6179 6178
f 6178 6179 6177
f 6168 6180 6148
f 6174 6181 6180
f 6174 6185 6181
f 6185 6182 6181
f 6185 6186 6182
f 6180 6181 6149
f 6150 6181 6182
f 6195 6188 6187
f 6162 6182 6183
f 6183 6184 6208
f 6186 6183 6182
f 6186 6189 6183
f 6183 6189 6184
f 6184 6192 6218
f 6184 6189 6192
f 6192 6193 6218
f 6040 6189 6186
f 6044 6192 6189
f 6045 6193 6192
f 6045 6048 6193
f 6047 6194 6051
f 6048 6049 6222
f 6051 6223 6052
f 6049 6050 6224
f 6052 6226 6053
f 6050 6053 6225
f 6043 6188 6190
f 6046 6190 6191
f 6047 6191 6194
f 6048 6222 6193
f 6049 6224 6222
f 6050 6225 6224
f 6053 6226 6225
f 6051 6194 6223
f 6052 6223 6226
f 6160 6195 6179
f 6161 6196 6195
f 6179 6195 6187
f 6195 6196 6188
f 6188 6196 6190
f 6163 6197 6196
f 6164 6198 6197
f 6190 6196 6197
f 6190 6197 6191
f 6191 6197 6198
f 6194 6198 6227
f 6191 6198 6194
f 6154 6199 6200
f 6200 6201 6159
f 6154 6200 6159
f 6203 6201 6202
f 6159 6201 6203
f 6203 6202 6230
f 6156 6204 6158
f 6205 6234 6204
f 6156 6205 6204
f 6205 6206 6234
f 6206 6207 6235
f 6162 6208 6205
f 6208 6206 6205
f 6208 6209 6206
f 6184 6209 6208
f 6210 6211 6227
f 6209 6218 6212
f 6211 6214 6228
f 6211 6230 6231
f 6210 6230 6211
f 6211 6231 6214
f 6207 6209 6212
f 6212 6219 6213
f 6215 6229 6214
f 6213 6220 6217
f 6215 6217 6221
f 6206 6209 6207
f 6214 6231 6236
f 6215 6214 6236
f 6207 6212 6216
f 6212 6213 6216
f 6215 6237 6217
f 6215 6236 6237
f 6213 6217 6240
f 6213 6240 6216
f 6217 6237 6240
f 6184 6218 6209
f 6193 6222 6219
f 6193 6219 6218
f 6194 6227 6223
f 6220 6222 6224
f 6219 6222 6220
f 6228 6229 6226
f 6228 6226 6223
f 6229 6225 6226
f 6220 6224 6221
f 6229 6221 6225
f 6221 6224 6225
f 6198 6210 6227
f 6212 6218 6219
f 6211 6228 6227
f 6214 6229 6228
f 6227 6228 6223
f 6213 6219 6220
f 6215 6221 6229
f 6217 6220 6221
f 6202 6232 6230
f 6231 6232 6233
f 6230 6232 6231
f 6231 6233 6236
f 6206 6235 6234
f 6233 6238 6236
f 6207 6239 6235
f 6237 6238 6241
f 6207 6216 6239
f 6236 6238 6237
f 6216 6242 6239
f 6240 6241 6242
f 6216 6240 6242
f 6237 6241 6240
f 5804 5805 6250
f 5778 6246 6257
f 5778 6257 5838
f 5804 6250 6247
f 6246 6247 6261
f 6246 6261 6257
f 5805 6248 6251
f 5796 6274 6249
f 5801 6275 6274
f 6248 6249 6278
f 5805 6251 6250
f 6247 6250 6262
f 6247 6262 6261
f 6248 6278 6251
f 6250 6251 6312
f 6250 6312 6262
f 5838 6259 5840
f 5838 6257 6259
f 5840 6259 6258
f 6257 6261 6263
f 6257 6263 6259
f 6258 6259 6260
f 6259 6263 6260
f 6261 6294 6263
f 6261 6262 6294
f 6260 6263 6293
f 6258 6264 5851
f 6258 6260 6264
f 5851 6264 6303
f 5802 6276 6275
f 5803 6281 6276
f 5857 6284 5858
f 5857 6277 6284
f 5859 6292 6277
f 6277 6292 6299
f 6249 6274 6279
f 6274 6275 6286
f 6249 6279 6278
f 6251 6278 6313
f 6274 6286 6279
f 5855 6280 6282
f 5854 6283 6281
f 5856 6282 6283
f 5858 6285 6280
f 6280 6288 6282
f 5858 6284 6285
f 6277 6299 6284
f 6275 6276 6287
f 6276 6281 6289
f 6284 6299 6300
f 6275 6287 6286
f 6280 6285 6288
f 6284 6300 6285
f 6276 6289 6287
f 6285 6300 6333
f 6251 6313 6312
f 6278 6279 6315
f 6278 6315 6313
f 6279 6286 6338
f 6279 6338 6315
f 6282 6290 6283
f 6281 6283 6291
f 6282 6288 6290
f 6285 6333 6288
f 6283 6290 6291
f 6281 6291 6289
f 6286 6287 6339
f 6286 6339 6338
f 6288 6334 6290
f 6288 6333 6334
f 6287 6289 6346
f 6287 6346 6339
f 6290 6345 6291
f 6289 6291 6347
f 6290 6334 6345
f 6289 6347 6346
f 6291 6345 6347
f 5864 6296 6292
f 5863 6297 6296
f 6262 6314 6294
f 6262 6312 6314
f 6263 6294 6293
f 6293 6294 6295
f 6295 6294 6314
f 6295 6314 6316
f 6292 6296 6299
f 6296 6301 6299
f 6297 6301 6296
f 6297 6298 6301
f 6299 6301 6300
f 6301 6321 6300
f 6298 6321 6301
f 6298 6320 6321
f 6260 6302 6264
f 6260 6293 6302
f 6264 6302 6304
f 6302 6305 6307
f 6264 6304 6303
f 6303 6304 6359
f 6304 6360 6359
f 6302 6307 6304
f 6304 6307 6360
f 6302 6293 6305
f 6293 6295 6305
f 6297 5869 6298
f 6298 5869 6306
f 5871 6323 6306
f 6298 6306 6320
f 6306 6323 6320
f 6307 6362 6360
f 6307 6310 6362
f 5871 6087 6324
f 6310 6365 6362
f 6295 6308 6305
f 6305 6308 6310
f 6295 6316 6308
f 6316 6309 6308
f 6308 6309 6311
f 6307 6305 6310
f 6308 6311 6310
f 6310 6311 6365
f 6312 6313 6317
f 6312 6317 6314
f 6313 6319 6317
f 6313 6315 6319
f 6315 6340 6319
f 6314 6317 6316
f 6316 6317 6318
f 6318 6317 6319
f 6318 6319 6335
f 6315 6338 6340
f 6316 6318 6309
f 6300 6321 6333
f 6320 6336 6321
f 6320 6322 6336
f 6323 6324 6326
f 5871 6324 6323
f 6324 6087 6363
f 6324 6363 6325
f 6324 6325 6326
f 6325 6363 6367
f 6325 6367 6330
f 6330 6367 6375
f 6323 6322 6320
f 6323 6326 6322
f 6309 6353 6327
f 6325 6329 6326
f 6322 6326 6342
f 6342 6326 6329
f 6311 6372 6365
f 6311 6327 6372
f 6311 6309 6327
f 6325 6330 6329
f 6327 6373 6372
f 6327 6353 6328
f 6327 6328 6373
f 6330 6356 6329
f 6330 6375 6332
f 6332 6375 6382
f 6330 6332 6356
f 6328 6331 6383
f 6328 6383 6373
f 6331 6384 6383
f 6332 6382 6358
f 6358 6382 6384
f 6331 6358 6384
f 6333 6321 6336
f 6333 6336 6334
f 6336 6343 6334
f 6319 6340 6335
f 6322 6343 6336
f 6322 6342 6343
f 6335 6340 6337
f 6338 6341 6340
f 6338 6339 6341
f 6339 6349 6341
f 6337 6340 6341
f 6342 6350 6343
f 6342 6344 6350
f 6334 6343 6345
f 6343 6350 6345
f 6339 6346 6349
f 6345 6350 6347
f 6346 6352 6349
f 6346 6347 6352
f 6347 6350 6352
f 6341 6349 6348
f 6337 6341 6348
f 6344 6352 6350
f 6348 6349 6351
f 6344 6351 6352
f 6349 6352 6351
f 6318 6353 6309
f 6318 6335 6353
f 6353 6335 6354
f 6353 6354 6328
f 6354 6335 6337
f 6342 6329 6344
f 6329 6356 6344
f 6354 6355 6331
f 6354 6337 6355
f 6337 6348 6355
f 6356 6332 6357
f 6358 6355 6357
f 6348 6357 6355
f 6356 6351 6344
f 6348 6351 6357
f 6356 6357 6351
f 6354 6331 6328
f 6331 6355 6358
f 6332 6358 6357
f 6359 6360 6085
f 6360 6362 6361
f 6085 6360 6361
f 6361 6362 6364
f 6362 6365 6364
f 6361 6364 6107
f 6105 6367 6363
f 6366 6365 6372
f 6364 6365 6366
f 6368 6375 6367
f 6105 6368 6367
f 6368 6374 6375
f 6366 6372 6369
f 6107 6364 6370
f 6370 6364 6366
f 6370 6366 6371
f 6370 6371 6117
f 6366 6369 6371
f 6369 6372 6373
f 6374 6382 6375
f 6369 6373 6377
f 6374 6376 6382
f 6109 6376 6374
f 6369 6380 6371
f 6109 6379 6376
f 6371 6380 6122
f 6379 6123 6381
f 6380 6381 6124
f 6369 6377 6380
f 6377 6381 6380
f 6376 6379 6378
f 6377 6378 6381
f 6379 6381 6378
f 6377 6373 6383
f 6377 6383 6378
f 6376 6384 6382
f 6383 6384 6378
f 6376 6378 6384
f 4789 4790 4806
f 4789 4806 4793
f 4790 4791 4806
f 4791 4792 4806
f 4793 4806 4794
f 4794 4806 4797
f 4869 4802 4801
f 4870 4799 4802
f 4882 4800 4799
f 4809 4883 4884
f 4799 4800 4806
f 4809 4806 4800
f 4792 4795 4806
f 4795 4796 4806
f 4797 4806 4798
f 4796 4801 4806
f 4801 4802 4806
f 4798 4806 4803
f 4806 4804 4803
f 4802 4799 4806
f 4806 4807 4805
f 4806 4808 4807
f 4806 4815 4808
f 4806 4805 4804
f 4809 4800 4883
f 4809 4884 4810
f 4810 4811 4806
f 4809 4810 4806
f 4811 4813 4806
f 4812 4806 4813
f 4812 5014 4806
f 4806 5015 5016
f 4806 5014 5015
f 4806 5022 5021
f 4806 5020 5022
f 4810 4818 4811
f 4812 4813 5024
f 4811 4819 4813
f 4806 4814 4815
f 4806 4817 4816
f 4806 4816 4814
f 4806 5021 4817
f 4817 5115 4816
f 4810 4884 4818
f 4811 4818 4819
f 4813 4819 5024
f 4884 4891 4818
f 4818 4820 4819
f 4818 4891 4820
f 4819 4821 5024
f 4821 5032 5024
f 4819 4820 4821
f 4820 4917 4821
f 4821 4822 5032
f 4821 4917 4822
f 4917 4922 4822
f 4822 4922 4823
f 4823 4924 5046
f 4824 4829 4825
f 4824 4833 4829
f 4825 4829 4830
f 4825 4830 4827
f 4824 4826 4833
f 4826 4828 4834
f 4827 4830 4831
f 4826 4834 4833
f 4827 4831 4864
f 4828 4866 4835
f 4831 4832 4864
f 4832 4842 4874
f 4829 4836 4830
f 4830 4838 4831
f 4829 4833 4840
f 4828 4835 4834
f 4831 4839 4832
f 4833 4834 4841
f 4834 4835 4844
f 4835 4878 4845
f 4836 4850 4838
f 4838 4850 4837
f 4836 4854 4850
f 4829 4840 4836
f 4830 4836 4838
f 4831 4838 4839
f 4833 4841 4840
f 4839 4846 4842
f 4836 4840 4854
f 4838 4837 4839
f 4839 4837 4846
f 4840 4855 4854
f 4842 4846 4847
f 4840 4841 4855
f 4841 4859 4855
f 4832 4839 4842
f 4834 4844 4841
f 4843 4874 4842
f 4835 4845 4844
f 4843 4842 4847
f 4843 4847 4848
f 4843 4848 4901
f 4841 4844 4859
f 4844 4845 4860
f 4844 4860 4859
f 4846 4856 4847
f 4847 4857 4848
f 4848 4849 4906
f 4848 4857 4849
f 4906 4849 4909
f 4850 4852 4837
f 4850 4854 4853
f 4837 4852 4851
f 4850 4853 4852
f 4846 4837 4851
f 4854 4855 4858
f 4846 4851 4856
f 4853 4854 4858
f 4847 4856 4857
f 4855 4861 4858
f 4855 4859 4861
f 4859 4860 4862
f 4859 4862 4861
f 4860 4935 4862
f 4824 4825 4790
f 4824 4789 4826
f 4825 4827 4791
f 4827 4864 4792
f 4826 4793 4828
f 4828 4794 4866
f 4825 4791 4790
f 4824 4790 4789
f 4826 4789 4793
f 4827 4792 4791
f 4828 4793 4794
f 4792 4864 4795
f 4794 4797 4866
f 4795 4864 4865
f 4796 4865 4863
f 4869 4801 4863
f 4797 4867 4866
f 4798 4868 4867
f 4803 4871 4868
f 4832 4865 4864
f 4865 4874 4863
f 4832 4874 4865
f 4863 4874 4873
f 4869 4863 4873
f 4869 4873 4875
f 4843 4873 4874
f 4873 4901 4875
f 4869 4875 4870
f 4870 4875 4876
f 4870 4876 4882
f 4877 4882 4876
f 4877 4899 4890
f 4871 4872 4881
f 4875 4897 4876
f 4877 4876 4898
f 4866 4867 4878
f 4835 4866 4878
f 4867 4879 4878
f 4867 4868 4879
f 4868 4880 4879
f 4878 4879 4902
f 4879 4880 4903
f 4868 4871 4880
f 4871 4881 4880
f 4872 4895 4881
f 4881 4904 4880
f 4881 4895 4905
f 4795 4865 4796
f 4796 4863 4801
f 4797 4798 4867
f 4798 4803 4868
f 4805 4807 4885
f 4803 4804 4871
f 4804 4805 4872
f 4869 4870 4802
f 4870 4882 4799
f 4882 4883 4800
f 4804 4872 4871
f 4805 4885 4872
f 4807 4887 4885
f 4807 4808 4887
f 4808 4815 4886
f 4815 4814 4889
f 4814 4816 4888
f 4808 4886 4887
f 4815 4889 4886
f 4816 5115 4888
f 4814 4888 4889
f 4877 4883 4882
f 4877 4890 4883
f 4884 4883 4890
f 4884 4890 4891
f 4890 4915 4891
f 4891 4916 4820
f 4872 4885 4895
f 4887 4896 4885
f 4887 4886 4892
f 4887 4892 4896
f 4886 4889 4893
f 4886 4893 4892
f 4889 4888 4894
f 4889 4894 4893
f 4888 5117 4894
f 4892 4893 4918
f 4893 4894 5122
f 4885 4896 4895
f 4895 4896 4925
f 4896 4892 4926
f 4843 4901 4873
f 4875 4901 4897
f 4897 4907 4898
f 4876 4897 4898
f 4877 4898 4899
f 4898 4911 4899
f 4898 4907 4911
f 4915 4899 4900
f 4899 4911 4900
f 4900 4913 4920
f 4845 4878 4902
f 4879 4903 4902
f 4901 4906 4897
f 4848 4906 4901
f 4897 4906 4907
f 4845 4902 4934
f 4845 4934 4860
f 4903 4908 4902
f 4902 4908 4934
f 4880 4904 4903
f 4881 4905 4904
f 4903 4904 4914
f 4903 4914 4908
f 4904 4905 4927
f 4904 4927 4914
f 4906 4909 4907
f 4911 4907 4910
f 4907 4909 4910
f 4900 4911 4912
f 4911 4910 4912
f 4900 4912 4913
f 4914 4927 4938
f 4890 4899 4915
f 4891 4915 4916
f 4915 4920 4916
f 4916 4919 4917
f 4916 4920 4919
f 4915 4900 4920
f 4820 4916 4917
f 4917 4919 4922
f 4893 5122 4918
f 4918 5122 5124
f 4919 4920 4921
f 4913 4921 4920
f 4919 4921 4923
f 4919 4923 4922
f 4823 4922 4924
f 4922 4923 4924
f 4895 4925 4905
f 4896 4926 4925
f 4905 4925 4928
f 4926 4930 4925
f 4925 4930 4928
f 4905 4928 4927
f 4892 4918 4926
f 4926 4918 4931
f 4926 4931 4930
f 4918 5124 4931
f 4927 4928 4929
f 4927 4929 4938
f 4928 4933 4929
f 4931 4932 4930
f 4930 4932 4933
f 4928 4930 4933
f 4860 4934 4935
f 4934 4908 4936
f 4934 4936 4935
f 4914 4937 4908
f 4908 4937 4936
f 4914 4938 4937
f 4852 4939 4851
f 4851 4939 4940
f 4851 4940 4856
f 4856 4940 4946
f 4852 4853 4941
f 4852 4941 4939
f 4853 4950 4941
f 4940 4939 4942
f 4939 4941 4945
f 4940 4944 4946
f 4942 5367 4944
f 4940 4942 4944
f 4943 4946 4944
f 4939 4945 4942
f 4941 4954 4945
f 4942 4945 5369
f 4943 4944 5368
f 4857 4856 4946
f 4853 4858 4950
f 4857 4946 4947
f 4858 4861 4951
f 4858 4951 4950
f 4943 4947 4946
f 4947 4953 4948
f 4857 4947 4849
f 4849 4947 4948
f 4909 4849 4948
f 4909 4948 4979
f 4948 4949 4979
f 4861 4952 4951
f 4861 4862 4952
f 4862 4980 4952
f 4949 4984 4979
f 4948 4953 4949
f 4949 4959 4984
f 4941 4950 4954
f 4950 4951 4955
f 4952 4956 4951
f 4943 4953 4947
f 4950 4955 4954
f 4943 4957 4953
f 4953 4958 4949
f 4945 4954 5378
f 4954 4955 5379
f 4951 4956 4955
f 4952 4986 4956
f 4955 4956 4960
f 4943 5368 4957
f 4959 4993 4984
f 4953 4957 4958
f 4957 5371 4958
f 5371 5380 4958
f 4959 4958 5380
f 4949 4958 4959
f 4959 4961 4993
f 4961 5002 4993
f 4955 4960 5379
f 4956 4999 4960
f 4959 5380 4961
f 4961 5384 5002
f 4910 4909 4979
f 4910 4979 4962
f 4910 4962 4912
f 4962 4983 4964
f 4913 4912 4964
f 4913 4964 4963
f 4912 4962 4964
f 4963 4964 4965
f 4964 4983 4965
f 4963 4965 4971
f 4965 4995 4971
f 4921 4963 4966
f 4921 4966 4923
f 4923 4966 4968
f 4966 4972 4968
f 4924 4923 4968
f 4924 4967 5046
f 4924 4968 4967
f 4967 4968 4969
f 4967 4969 5131
f 4968 4972 4969
f 4969 4973 5131
f 4913 4963 4921
f 4963 4971 4966
f 4929 4989 4938
f 4929 4933 4970
f 4929 4970 4989
f 4932 5134 4933
f 4933 5134 4970
f 4966 4971 4972
f 4972 4971 4974
f 4972 4975 4969
f 4970 5135 4992
f 4971 4995 4974
f 4969 4975 4973
f 4972 4974 4975
f 4974 4976 4975
f 4975 4976 4977
f 4973 4975 4977
f 4973 4977 5141
f 4977 4976 5007
f 4977 4978 5141
f 4977 5007 4978
f 4962 4979 4984
f 4862 4935 4980
f 4935 4936 4981
f 4935 4981 4980
f 4980 4981 4987
f 4936 4937 4982
f 4937 4938 4988
f 4937 4988 4982
f 4936 4982 4981
f 4982 4985 4981
f 4962 4984 4983
f 4983 4984 4993
f 4965 4983 4994
f 4981 4985 4987
f 4982 4990 4985
f 4952 4980 4986
f 4980 4987 4986
f 4986 4987 5001
f 4956 4986 4999
f 4985 5000 4987
f 4938 4989 4988
f 4989 4991 4988
f 4982 4988 4990
f 4970 4992 4989
f 4988 4991 4990
f 4985 4990 5009
f 4989 4992 4991
f 4992 5153 4991
f 4991 5006 4990
f 4983 4993 4994
f 4994 4993 5002
f 4994 5002 4996
f 4965 4994 4995
f 4995 4996 4997
f 4974 4995 4997
f 4994 4996 4995
f 4997 4996 5004
f 4997 5004 4998
f 4986 5001 4999
f 4960 4999 5389
f 4999 5005 5389
f 4987 5000 5001
f 4999 5001 5005
f 5000 5010 5001
f 5001 5010 5005
f 4996 5002 5003
f 4996 5003 5004
f 5384 5003 5002
f 4974 4997 4976
f 4990 5006 5009
f 4991 5153 5006
f 5009 5006 5008
f 5006 5154 5008
f 4997 4998 4976
f 4998 5007 4976
f 4985 5009 5000
f 5000 5011 5010
f 5000 5009 5011
f 5009 5008 5011
f 5005 5010 5392
f 5011 5012 5010
f 5010 5012 5392
f 5008 5158 5011
f 5011 5158 5012
f 5013 5034 5038
f 4812 5018 5014
f 5019 5015 5014
f 5015 5026 5016
f 5016 5027 5017
f 5017 5028 5023
f 5019 5014 5018
f 5019 5026 5015
f 4806 5016 5017
f 4806 5017 5023
f 4806 5023 5020
f 4817 5021 5116
f 5022 5025 5021
f 5020 5030 5022
f 5020 5023 5029
f 4812 5024 5018
f 5021 5025 5116
f 5022 5030 5025
f 5016 5026 5027
f 5017 5027 5028
f 5023 5028 5029
f 5020 5029 5030
f 5018 5032 5031
f 5019 5033 5026
f 5019 5018 5031
f 5019 5031 5033
f 5031 5041 5033
f 5018 5024 5032
f 5032 5042 5031
f 5026 5034 5027
f 5026 5033 5034
f 5013 5028 5027
f 5036 5029 5028
f 5013 5027 5034
f 5034 5033 5043
f 5025 5030 5035
f 5025 5035 5119
f 5029 5037 5030
f 5030 5037 5035
f 5119 5035 5044
f 5013 5036 5028
f 5013 5051 5036
f 5036 5037 5029
f 5036 5052 5037
f 5035 5037 5060
f 5013 5038 5051
f 5038 5039 5054
f 5040 5054 5039
f 5031 5042 5041
f 5042 5045 5041
f 5041 5045 5048
f 4822 5042 5032
f 4822 4823 5042
f 4823 5045 5042
f 5033 5041 5043
f 5038 5034 5043
f 5043 5048 5039
f 5041 5048 5043
f 5038 5043 5039
f 5035 5060 5044
f 5119 5044 5123
f 5044 5062 5123
f 5123 5062 5050
f 5045 5047 5048
f 4823 5046 5045
f 5045 5046 5047
f 5048 5049 5039
f 5047 5049 5048
f 5040 5039 5049
f 5036 5051 5052
f 5051 5054 5053
f 5038 5054 5051
f 5051 5053 5052
f 5052 5053 5056
f 5052 5056 5060
f 5056 5061 5060
f 5053 5057 5056
f 5053 5055 5057
f 5053 5054 5055
f 5040 5055 5054
f 5056 5057 5058
f 5056 5058 5061
f 5058 5059 5061
f 5052 5060 5037
f 5044 5060 5061
f 5044 5061 5062
f 5061 5059 5062
f 5062 5059 5064
f 5050 5062 5064
f 5050 5064 5063
f 5073 5095 5094
f 5040 5068 5072
f 5047 5046 5066
f 4967 5066 5046
f 5047 5066 5067
f 5067 5066 5069
f 5047 5067 5049
f 5049 5067 5068
f 5040 5049 5068
f 5068 5067 5070
f 5068 5070 5079
f 5070 5082 5079
f 5067 5069 5070
f 5070 5069 5083
f 5055 5071 5057
f 5040 5072 5055
f 5055 5072 5071
f 5072 5068 5079
f 5071 5072 5075
f 5057 5073 5058
f 5057 5071 5073
f 5058 5073 5094
f 5058 5094 5059
f 5073 5071 5076
f 5074 5059 5094
f 5074 5105 5078
f 5072 5079 5075
f 5075 5079 5086
f 5076 5071 5075
f 5073 5076 5095
f 5076 5075 5087
f 5076 5065 5095
f 5064 5078 5063
f 5063 5078 5077
f 5074 5064 5059
f 5074 5078 5064
f 5078 5080 5077
f 5105 5080 5078
f 5080 5109 5081
f 5080 5081 5077
f 5070 5083 5082
f 5082 5084 5092
f 5082 5083 5084
f 5084 5085 5092
f 5075 5086 5087
f 5086 5089 5087
f 5076 5087 5065
f 5065 5087 5088
f 5087 5089 5088
f 5088 5090 5107
f 5088 5089 5090
f 5089 5093 5090
f 5086 5079 5082
f 5086 5082 5092
f 5086 5092 5089
f 5081 5109 5091
f 5089 5092 5093
f 5085 5093 5092
f 5094 5095 5096
f 5095 5097 5096
f 5096 5098 5105
f 5065 5097 5095
f 5096 5097 5098
f 5065 5099 5097
f 5100 5097 5099
f 5100 5098 5097
f 5100 5103 5098
f 5103 5106 5098
f 5100 5099 5102
f 5099 5107 5102
f 5100 5101 5103
f 5100 5102 5101
f 5101 5104 5103
f 5104 5108 5103
f 5104 5114 5108
f 5074 5094 5096
f 5074 5096 5105
f 5105 5106 5080
f 5105 5098 5106
f 5065 5088 5099
f 5106 5109 5080
f 5106 5108 5109
f 5108 5110 5109
f 5103 5108 5106
f 5088 5107 5099
f 5108 5114 5110
f 5114 5113 5110
f 5091 5109 5110
f 5091 5110 5111
f 5110 5113 5111
f 5113 5112 5111
f 4817 5116 5115
f 4888 5115 5117
f 5115 5116 5118
f 5115 5118 5117
f 5025 5119 5116
f 5116 5119 5118
f 5118 5120 5117
f 4894 5117 5121
f 5118 5119 5123
f 5120 5121 5117
f 5120 5126 5121
f 4894 5121 5122
f 5121 5125 5122
f 5122 5125 5124
f 5126 5125 5121
f 5118 5123 5120
f 5120 5123 5050
f 5120 5050 5126
f 5125 5128 5124
f 5124 5128 5129
f 5126 5127 5125
f 5050 5063 5126
f 5126 5063 5127
f 5127 5128 5125
f 4931 5124 5129
f 4931 5129 4932
f 4967 5131 5066
f 5127 5137 5128
f 5129 5128 5130
f 5128 5137 5130
f 5130 5132 5133
f 5137 5138 5130
f 5066 5131 5069
f 5069 5131 5139
f 5138 5132 5130
f 4932 5129 5133
f 4932 5133 5134
f 5129 5130 5133
f 5134 5133 5136
f 4970 5134 5135
f 5134 5136 5135
f 5135 5143 4992
f 5132 5136 5133
f 5132 5146 5136
f 5135 5136 5144
f 5127 5063 5077
f 5127 5077 5137
f 5077 5081 5137
f 5137 5081 5138
f 5138 5147 5132
f 5138 5081 5091
f 5069 5139 5083
f 5139 5140 5083
f 4973 5139 5131
f 4973 5141 5139
f 5139 5141 5140
f 5083 5140 5084
f 5140 5141 5145
f 5140 5145 5142
f 5084 5140 5142
f 5084 5142 5085
f 5136 5146 5144
f 5135 5144 5143
f 5143 5150 5156
f 5143 5144 5150
f 4978 5145 5141
f 5147 5146 5132
f 5147 5148 5146
f 5146 5148 5149
f 5138 5091 5147
f 5091 5111 5147
f 5147 5111 5148
f 5149 5148 5159
f 5149 5159 5152
f 5144 5146 5149
f 5144 5149 5150
f 5149 5152 5150
f 5150 5151 5156
f 5152 5151 5150
f 5143 5153 4992
f 5143 5156 5153
f 5153 5156 5154
f 5006 5153 5154
f 5008 5154 5155
f 5154 5156 5157
f 5151 5157 5156
f 5154 5157 5155
f 5008 5155 5158
f 5148 5111 5112
f 5148 5112 5159
f 4978 5160 5145
f 4978 5165 5160
f 5004 5003 5161
f 5004 5161 5162
f 5161 5433 5162
f 4998 5004 5162
f 4998 5162 5164
f 5164 5162 5163
f 5162 5433 5163
f 5167 5163 5443
f 5007 5164 5165
f 4998 5164 5007
f 5165 5164 5167
f 4978 5007 5165
f 5160 5165 5166
f 5165 5167 5166
f 5160 5166 5235
f 5166 5168 5235
f 5166 5169 5168
f 5392 5012 5439
f 5012 5246 5439
f 5164 5163 5167
f 5166 5167 5169
f 5167 5443 5169
f 5444 5170 5169
f 5168 5169 5170
f 5168 5170 5256
f 5170 5448 5171
f 5170 5171 5256
f 5171 5448 5172
f 5171 5172 5288
f 5172 5470 5289
f 5176 5292 5467
f 5175 5176 5466
f 5175 5465 5177
f 5467 5292 5173
f 5173 5293 5174
f 5173 5292 5293
f 5174 5289 5470
f 5177 5468 5296
f 5471 5297 5296
f 5090 5179 5195
f 5085 5178 5093
f 5093 5178 5179
f 5179 5178 5180
f 5090 5093 5179
f 5195 5179 5181
f 5179 5180 5181
f 5181 5180 5182
f 5181 5182 5203
f 5107 5194 5102
f 5101 5102 5183
f 5102 5194 5183
f 5183 5194 5184
f 5104 5185 5186
f 5187 5186 5185
f 5187 5185 5188
f 5187 5504 5186
f 5187 5188 5191
f 5187 5191 5505
f 5101 5185 5104
f 5101 5183 5185
f 5104 5186 5114
f 5183 5188 5185
f 5186 5504 5199
f 5114 5186 5199
f 5188 5190 5191
f 5183 5184 5188
f 5188 5184 5190
f 5199 5504 5189
f 5191 5506 5505
f 5191 5190 5192
f 5190 5208 5192
f 5191 5192 5506
f 5192 5193 5506
f 5192 5210 5193
f 5107 5195 5194
f 5194 5195 5196
f 5090 5195 5107
f 5195 5181 5196
f 5196 5203 5202
f 5194 5196 5184
f 5184 5196 5202
f 5184 5202 5190
f 5113 5198 5112
f 5112 5198 5197
f 5196 5181 5203
f 5114 5199 5113
f 5113 5199 5198
f 5199 5189 5198
f 5189 5511 5200
f 5200 5511 5209
f 5189 5200 5198
f 5200 5197 5198
f 5200 5201 5197
f 5200 5209 5201
f 5209 5211 5201
f 5202 5203 5205
f 5202 5208 5190
f 5202 5205 5208
f 5208 5205 5207
f 5203 5204 5205
f 5182 5204 5203
f 5205 5204 5206
f 5205 5206 5207
f 5192 5208 5210
f 5208 5207 5210
f 5209 5516 5211
f 5211 5516 5212
f 5193 5218 5519
f 5207 5217 5220
f 5207 5206 5217
f 5217 5222 5220
f 5217 5310 5222
f 5210 5207 5220
f 5210 5220 5218
f 5218 5220 5221
f 5193 5210 5218
f 5218 5219 5519
f 5218 5221 5219
f 5219 5227 5533
f 5220 5222 5221
f 5222 5330 5224
f 5221 5222 5224
f 5219 5221 5227
f 5221 5224 5227
f 5224 5330 5226
f 5224 5226 5229
f 5227 5230 5231
f 5227 5231 5538
f 5538 5231 5232
f 5224 5229 5228
f 5224 5230 5227
f 5224 5228 5230
f 5145 5234 5142
f 5085 5142 5233
f 5142 5234 5233
f 5233 5236 5237
f 5145 5160 5234
f 5160 5235 5234
f 5233 5234 5236
f 5234 5235 5236
f 5236 5235 5253
f 5236 5240 5237
f 5236 5253 5240
f 5085 5233 5178
f 5178 5233 5237
f 5178 5237 5180
f 5180 5237 5241
f 5237 5240 5241
f 5180 5241 5182
f 5152 5238 5151
f 5151 5238 5239
f 5238 5265 5239
f 5239 5265 5252
f 5240 5253 5254
f 5240 5254 5244
f 5182 5241 5242
f 5182 5242 5204
f 5242 5243 5204
f 5240 5244 5241
f 5241 5244 5242
f 5242 5244 5245
f 5244 5255 5245
f 5242 5245 5243
f 5157 5250 5155
f 5155 5250 5247
f 5168 5253 5235
f 5012 5158 5246
f 5155 5247 5158
f 5158 5247 5246
f 5439 5246 5248
f 5247 5249 5246
f 5249 5248 5246
f 5249 5259 5248
f 5248 5259 5480
f 5239 5250 5157
f 5151 5239 5157
f 5247 5250 5251
f 5239 5252 5250
f 5250 5252 5251
f 5252 5272 5251
f 5251 5272 5258
f 5247 5251 5249
f 5249 5251 5258
f 5249 5258 5259
f 5168 5256 5253
f 5253 5256 5254
f 5254 5256 5257
f 5244 5254 5255
f 5254 5257 5255
f 5171 5257 5256
f 5480 5259 5260
f 5258 5261 5259
f 5261 5260 5259
f 5261 5275 5260
f 5260 5275 5262
f 5112 5197 5159
f 5159 5197 5263
f 5152 5159 5263
f 5238 5263 5264
f 5197 5201 5263
f 5201 5264 5263
f 5264 5268 5265
f 5152 5263 5238
f 5238 5264 5265
f 5266 5272 5252
f 5265 5266 5252
f 5265 5268 5266
f 5201 5211 5264
f 5211 5268 5264
f 5243 5206 5204
f 5266 5267 5272
f 5267 5271 5273
f 5266 5268 5269
f 5211 5212 5268
f 5212 5269 5268
f 5212 5518 5269
f 5269 5518 5270
f 5266 5269 5267
f 5267 5269 5270
f 5267 5270 5271
f 5258 5272 5273
f 5258 5273 5261
f 5267 5273 5272
f 5261 5273 5274
f 5271 5274 5273
f 5261 5274 5275
f 5243 5277 5308
f 5245 5255 5276
f 5245 5276 5277
f 5243 5245 5277
f 5276 5279 5277
f 5276 5278 5279
f 5278 5286 5282
f 5280 5282 5286
f 5277 5279 5309
f 5278 5282 5321
f 5278 5321 5279
f 5284 5299 5294
f 5283 5284 5294
f 5280 5324 5282
f 5280 5322 5324
f 5280 5299 5322
f 5284 5322 5299
f 5281 5357 5283
f 5283 5357 5284
f 5257 5288 5285
f 5276 5255 5285
f 5255 5257 5285
f 5285 5288 5286
f 5174 5293 5294
f 5280 5287 5299
f 5280 5286 5287
f 5286 5288 5287
f 5289 5299 5287
f 5289 5294 5299
f 5171 5288 5257
f 5172 5287 5288
f 5172 5289 5287
f 5174 5294 5289
f 5472 5298 5297
f 5473 5307 5298
f 5305 5487 5488
f 5276 5285 5278
f 5278 5285 5286
f 5491 5353 5490
f 5305 5488 5306
f 5307 5487 5305
f 5306 5488 5290
f 5290 5291 5361
f 5306 5290 5361
f 5291 5490 5353
f 5176 5300 5292
f 5175 5295 5176
f 5175 5177 5301
f 5177 5296 5302
f 5281 5293 5292
f 5283 5294 5293
f 5176 5295 5300
f 5281 5292 5300
f 5296 5297 5303
f 5175 5301 5295
f 5177 5302 5301
f 5281 5283 5293
f 5281 5300 5295
f 5281 5295 5357
f 5295 5301 5357
f 5297 5298 5304
f 5298 5307 5356
f 5296 5303 5302
f 5297 5304 5303
f 5301 5302 5357
f 5302 5303 5357
f 5303 5304 5357
f 5307 5355 5356
f 5307 5358 5355
f 5307 5359 5358
f 5307 5305 5359
f 5298 5356 5304
f 5243 5308 5206
f 5206 5308 5217
f 5277 5309 5308
f 5217 5308 5310
f 5310 5308 5309
f 5315 5309 5314
f 5310 5330 5222
f 5310 5315 5330
f 5310 5309 5315
f 5279 5314 5309
f 5279 5321 5314
f 5271 5311 5274
f 5311 5313 5354
f 5270 5555 5271
f 5271 5555 5311
f 5311 5555 5557
f 5313 5312 5354
f 5343 5350 5312
f 5336 5350 5343
f 5311 5557 5313
f 5313 5567 5312
f 5343 5312 5567
f 5314 5321 5318
f 5321 5317 5318
f 5315 5332 5333
f 5315 5320 5332
f 5315 5314 5320
f 5314 5319 5320
f 5314 5318 5319
f 5282 5327 5321
f 5282 5326 5327
f 5282 5324 5325
f 5282 5325 5326
f 5322 5323 5324
f 5321 5327 5316
f 5321 5316 5317
f 5284 5357 5322
f 5322 5357 5323
f 5330 5334 5331
f 5330 5331 5335
f 5315 5334 5330
f 5334 5315 5333
f 5330 5335 5226
f 5362 5341 5337
f 5366 5342 5341
f 5366 5344 5342
f 5336 5344 5366
f 5362 5337 5340
f 5336 5347 5345
f 5343 5568 5348
f 5343 5567 5561
f 5343 5561 5568
f 5343 5346 5347
f 5343 5348 5346
f 5336 5345 5344
f 5336 5343 5347
f 5274 5354 5275
f 5275 5354 5349
f 5291 5362 5361
f 5350 5349 5312
f 5336 5351 5350
f 5336 5366 5351
f 5350 5351 5352
f 5353 5366 5362
f 5353 5351 5366
f 5262 5275 5349
f 5262 5349 5352
f 5491 5352 5351
f 5350 5352 5349
f 5491 5351 5353
f 5291 5353 5362
f 5311 5354 5274
f 5349 5354 5312
f 5306 5361 5329
f 5304 5356 5357
f 5305 5360 5359
f 5305 5363 5360
f 5305 5364 5363
f 5306 5365 5364
f 5306 5329 5365
f 5305 5306 5364
f 5361 5362 5338
f 5362 5366 5341
f 5361 5328 5329
f 5328 5361 5339
f 5361 5338 5339
f 5362 5340 5338
f 5367 5370 5368
f 5368 5370 5372
f 5367 5373 5370
f 4944 5367 5368
f 4942 5369 5367
f 4945 5378 5369
f 4957 5368 5372
f 5369 5378 5382
f 4957 5372 5371
f 5367 5369 5373
f 5369 5382 5373
f 5371 5372 5376
f 5373 5382 5387
f 5371 5376 5374
f 5372 5370 5375
f 5372 5375 5376
f 5370 5377 5375
f 5373 5377 5370
f 5373 5387 5377
f 4954 5379 5378
f 5379 5385 5378
f 5378 5385 5382
f 5379 5383 5385
f 5379 4960 5383
f 5371 5374 5380
f 5380 5381 4961
f 5374 5381 5380
f 5382 5385 5388
f 4961 5381 5384
f 5383 5386 5385
f 5385 5386 5388
f 5382 5388 5387
f 4960 5389 5383
f 5383 5389 5390
f 5383 5390 5386
f 5005 5391 5389
f 5389 5391 5390
f 5005 5392 5391
f 5375 5406 5376
f 5376 5406 5393
f 5375 5395 5406
f 5374 5376 5393
f 5374 5393 5394
f 5375 5377 5395
f 5377 5387 5400
f 5377 5400 5395
f 5394 5393 5407
f 5394 5407 5396
f 5384 5381 5397
f 5374 5394 5381
f 5381 5394 5397
f 5384 5397 5398
f 5384 5398 5003
f 5398 5399 5161
f 5397 5402 5398
f 5398 5402 5399
f 5387 5388 5401
f 5397 5394 5396
f 5387 5401 5400
f 5401 5411 5400
f 5388 5434 5401
f 5388 5386 5434
f 5401 5434 5436
f 5397 5396 5402
f 5396 5413 5402
f 5402 5413 5403
f 5399 5402 5403
f 5399 5403 5404
f 5401 5436 5411
f 5404 5403 5423
f 5404 5423 5405
f 5405 5427 5446
f 5393 5406 5408
f 5406 5395 5409
f 5395 5400 5410
f 5393 5408 5407
f 5406 5409 5408
f 5407 5408 5415
f 5408 5409 5418
f 5407 5415 5412
f 5408 5418 5415
f 5395 5410 5409
f 5407 5412 5396
f 5396 5412 5413
f 5410 5424 5409
f 5409 5424 5418
f 5400 5411 5410
f 5410 5411 5425
f 5410 5425 5424
f 5411 5436 5452
f 5411 5452 5425
f 5413 5412 5416
f 5413 5416 5414
f 5412 5415 5417
f 5418 5419 5415
f 5412 5417 5416
f 5415 5419 5417
f 5418 5424 5428
f 5418 5428 5419
f 5416 5417 5420
f 5417 5419 5422
f 5416 5420 5421
f 5417 5422 5420
f 5414 5416 5421
f 5414 5421 5426
f 5419 5430 5422
f 5413 5414 5403
f 5403 5414 5423
f 5424 5425 5429
f 5425 5453 5429
f 5423 5426 5427
f 5423 5414 5426
f 5423 5427 5405
f 5424 5429 5428
f 5428 5431 5430
f 5419 5428 5430
f 5428 5429 5431
f 5003 5398 5161
f 5390 5435 5386
f 5390 5391 5432
f 5390 5432 5435
f 5399 5433 5161
f 5163 5433 5442
f 5399 5404 5433
f 5433 5404 5442
f 5163 5442 5443
f 5386 5435 5434
f 5435 5437 5434
f 5432 5441 5435
f 5434 5437 5436
f 5437 5454 5436
f 5435 5441 5437
f 5437 5441 5449
f 5437 5449 5454
f 5391 5392 5438
f 5392 5439 5438
f 5391 5438 5432
f 5432 5438 5440
f 5439 5478 5438
f 5432 5440 5441
f 5438 5478 5440
f 5440 5478 5479
f 5440 5479 5450
f 5440 5450 5441
f 5441 5450 5449
f 5443 5442 5445
f 5443 5445 5444
f 5444 5445 5447
f 5444 5447 5448
f 5442 5404 5405
f 5442 5405 5445
f 5445 5446 5447
f 5405 5446 5445
f 5443 5444 5169
f 5444 5448 5170
f 5454 5449 5457
f 5449 5451 5457
f 5449 5450 5451
f 5450 5482 5451
f 5457 5483 5459
f 5457 5451 5483
f 5436 5454 5452
f 5425 5452 5453
f 5452 5455 5453
f 5452 5454 5455
f 5454 5457 5455
f 5429 5453 5456
f 5453 5455 5458
f 5453 5458 5456
f 5429 5456 5431
f 5457 5459 5455
f 5459 5458 5455
f 5462 5461 5465
f 5427 5460 5469
f 5466 5460 5462
f 5466 5462 5465
f 5461 5468 5465
f 5421 5461 5462
f 5421 5462 5426
f 5420 5463 5461
f 5420 5461 5421
f 5420 5422 5463
f 5427 5426 5460
f 5426 5462 5460
f 5422 5476 5463
f 5461 5463 5468
f 5430 5477 5476
f 5430 5431 5477
f 5422 5430 5476
f 5464 5470 5447
f 5464 5469 5173
f 5466 5467 5460
f 5175 5466 5465
f 5176 5467 5466
f 5177 5465 5468
f 5467 5173 5469
f 5464 5446 5469
f 5467 5469 5460
f 5427 5469 5446
f 5471 5463 5476
f 5464 5447 5446
f 5472 5476 5477
f 5471 5468 5463
f 5471 5476 5472
f 5448 5470 5172
f 5464 5174 5470
f 5448 5447 5470
f 5464 5173 5174
f 5471 5296 5468
f 5471 5472 5297
f 5473 5477 5474
f 5474 5475 5487
f 5458 5489 5475
f 5472 5477 5473
f 5473 5474 5487
f 5431 5456 5474
f 5431 5474 5477
f 5456 5475 5474
f 5456 5458 5475
f 5459 5489 5458
f 5439 5248 5478
f 5248 5480 5478
f 5478 5480 5479
f 5479 5480 5481
f 5479 5481 5482
f 5481 5485 5482
f 5485 5484 5482
f 5450 5479 5482
f 5451 5484 5483
f 5451 5482 5484
f 5480 5260 5481
f 5481 5260 5262
f 5481 5262 5485
f 5290 5489 5486
f 5472 5473 5298
f 5473 5487 5307
f 5475 5488 5487
f 5488 5489 5290
f 5459 5486 5489
f 5475 5489 5488
f 5459 5483 5486
f 5490 5483 5484
f 5490 5486 5483
f 5291 5486 5490
f 5485 5491 5484
f 5491 5490 5484
f 5262 5352 5485
f 5485 5352 5491
f 5290 5486 5291
f 5504 5505 5507
f 5187 5505 5504
f 5189 5504 5507
f 5189 5507 5511
f 5505 5508 5507
f 5505 5506 5508
f 5507 5508 5513
f 5507 5513 5511
f 5508 5506 5509
f 5508 5509 5510
f 5508 5510 5513
f 5513 5512 5511
f 5193 5509 5506
f 5512 5515 5516
f 5510 5514 5513
f 5513 5514 5512
f 5514 5515 5512
f 5209 5511 5512
f 5209 5512 5516
f 5516 5515 5517
f 5212 5516 5517
f 5212 5517 5518
f 5510 5509 5520
f 5510 5520 5522
f 5193 5519 5509
f 5509 5519 5520
f 5520 5519 5529
f 5520 5521 5522
f 5520 5529 5521
f 5525 5521 5535
f 5510 5522 5514
f 5514 5522 5523
f 5514 5523 5515
f 5522 5525 5523
f 5515 5523 5524
f 5523 5526 5524
f 5522 5521 5525
f 5523 5525 5526
f 5525 5527 5526
f 5526 5531 5524
f 5525 5535 5527
f 5526 5527 5528
f 5526 5528 5531
f 5219 5529 5519
f 5219 5533 5529
f 5529 5533 5534
f 5529 5534 5521
f 5521 5534 5535
f 5517 5530 5518
f 5530 5532 5556
f 5518 5530 5556
f 5556 5532 5558
f 5558 5532 5549
f 5558 5549 5564
f 5517 5515 5524
f 5524 5531 5530
f 5517 5524 5530
f 5531 5528 5547
f 5531 5532 5530
f 5531 5547 5532
f 5547 5549 5532
f 5534 5533 5539
f 5534 5539 5536
f 5537 5536 5232
f 5535 5537 5527
f 5535 5534 5536
f 5535 5536 5537
f 5537 5232 5545
f 5545 5232 5546
f 5227 5538 5533
f 5533 5538 5539
f 5539 5538 5232
f 5536 5539 5232
f 5548 5232 5543
f 5546 5232 5548
f 5549 5540 5541
f 5549 5541 5542
f 5564 5549 5542
f 5564 5542 5544
f 5527 5545 5528
f 5528 5546 5547
f 5537 5545 5527
f 5528 5545 5546
f 5546 5548 5547
f 5547 5548 5549
f 5548 5540 5549
f 5548 5543 5540
f 5270 5518 5556
f 5556 5558 5555
f 5270 5556 5555
f 5558 5557 5555
f 5313 5557 5560
f 5564 5560 5557
f 5558 5564 5557
f 5313 5560 5567
f 5560 5566 5559
f 5567 5562 5561
f 5567 5563 5562
f 5560 5559 5563
f 5560 5563 5567
f 5564 5544 5565
f 5564 5565 5566
f 5564 5566 5560
