v 0.045577 -0.026802 -0.058174
v 0.051019 -0.030712 -0.061443
v 0.027816 -0.037982 -0.039680
v 0.030597 -0.038357 -0.039993
v 0.033378 -0.037982 -0.039680
v 0.025865 -0.038357 -0.033594
v 0.026692 -0.038465 -0.036757
v 0.029135 -0.039261 -0.036793
v 0.028138 -0.039359 -0.033594
v 0.026692 -0.038465 -0.030430
v 0.030597 -0.039701 -0.033594
v 0.029135 -0.039261 -0.030394
v 0.032059 -0.039261 -0.036793
v 0.034502 -0.038465 -0.036757
v 0.033056 -0.039359 -0.033594
v 0.032059 -0.039261 -0.030394
v 0.035329 -0.038357 -0.033594
v 0.034502 -0.038465 -0.030430
v 0.027816 -0.037982 -0.027508
v 0.030597 -0.038357 -0.027195
v 0.033378 -0.037982 -0.027508
v 0.025307 -0.036895 -0.038771
v 0.024403 -0.034529 -0.040748
v 0.026097 -0.033482 -0.043441
v 0.022833 -0.033040 -0.038875
v 0.024279 -0.032147 -0.042038
v 0.025865 -0.030701 -0.043948
v 0.022941 -0.030701 -0.039993
v 0.022833 -0.028362 -0.038875
v 0.024279 -0.029256 -0.042038
v 0.026097 -0.027920 -0.043441
v 0.024403 -0.026873 -0.040748
v 0.028258 -0.034606 -0.044094
v 0.030597 -0.035433 -0.043948
v 0.026769 -0.035991 -0.041970
v 0.029151 -0.036945 -0.042139
v 0.028231 -0.032163 -0.045170
v 0.030597 -0.033161 -0.045302
v 0.032936 -0.034606 -0.044094
v 0.032043 -0.036945 -0.042139
v 0.034425 -0.035991 -0.041970
v 0.032963 -0.032163 -0.045170
v 0.035097 -0.033482 -0.043441
v 0.028231 -0.029239 -0.045170
v 0.030597 -0.030701 -0.045765
v 0.030597 -0.028242 -0.045302
v 0.028258 -0.026796 -0.044094
v 0.030597 -0.025970 -0.043948
v 0.026769 -0.025411 -0.041970
v 0.032963 -0.029239 -0.045170
v 0.035329 -0.030701 -0.043948
v 0.032936 -0.026796 -0.044094
v 0.035097 -0.027920 -0.043441
v 0.034425 -0.025411 -0.041970
v 0.023316 -0.035201 -0.037355
v 0.024353 -0.037020 -0.035549
v 0.022941 -0.035433 -0.033594
v 0.024353 -0.037020 -0.031639
v 0.022037 -0.033067 -0.035571
v 0.022037 -0.033067 -0.031616
v 0.023316 -0.035201 -0.029833
v 0.025307 -0.036895 -0.028417
v 0.024403 -0.034529 -0.026439
v 0.022833 -0.033040 -0.028313
v 0.026097 -0.033482 -0.023747
v 0.024279 -0.032147 -0.025149
v 0.021597 -0.030701 -0.033594
v 0.021940 -0.030701 -0.036920
v 0.022037 -0.028336 -0.035571
v 0.022037 -0.028336 -0.031616
v 0.023316 -0.026201 -0.037355
v 0.022941 -0.025970 -0.033594
v 0.021940 -0.030701 -0.030268
v 0.022941 -0.030701 -0.027195
v 0.022833 -0.028362 -0.028313
v 0.025865 -0.030701 -0.023240
v 0.024279 -0.029256 -0.025149
v 0.023316 -0.026201 -0.029833
v 0.024403 -0.026873 -0.026439
v 0.026097 -0.027920 -0.023747
v 0.026769 -0.035991 -0.025217
v 0.028258 -0.034606 -0.023094
v 0.029151 -0.036945 -0.025049
v 0.030597 -0.035433 -0.023240
v 0.028231 -0.032163 -0.022018
v 0.030597 -0.033161 -0.021885
v 0.032043 -0.036945 -0.025049
v 0.032936 -0.034606 -0.023094
v 0.034425 -0.035991 -0.025217
v 0.032963 -0.032163 -0.022018
v 0.035097 -0.033482 -0.023747
v 0.028231 -0.029239 -0.022018
v 0.030597 -0.028242 -0.021885
v 0.028258 -0.026796 -0.023094
v 0.026769 -0.025411 -0.025217
v 0.030597 -0.025970 -0.023240
v 0.032963 -0.029239 -0.022018
v 0.035329 -0.030701 -0.023240
v 0.032936 -0.026796 -0.023094
v 0.035097 -0.027920 -0.023747
v 0.034425 -0.025411 -0.025217
v 0.048654 -0.037651 -0.038880
v 0.052126 -0.050000 -0.030628
v 0.051490 -0.050000 -0.025195
v 0.052201 -0.041084 -0.033624
v 0.053257 -0.041662 -0.033630
v 0.052126 -0.041164 -0.030628
v 0.052739 -0.041471 -0.032254
v 0.051490 -0.041003 -0.025195
v 0.050514 -0.040406 -0.025195
v 0.035887 -0.036895 -0.038771
v 0.036791 -0.034529 -0.040748
v 0.036915 -0.032147 -0.042038
v 0.038361 -0.033040 -0.038875
v 0.043105 -0.028571 -0.049076
v 0.036915 -0.029256 -0.042038
v 0.038253 -0.030701 -0.039993
v 0.038361 -0.028362 -0.038875
v 0.036791 -0.026873 -0.040748
v 0.040999 -0.028824 -0.040426
v 0.047979 -0.032689 -0.052518
v 0.053444 -0.036002 -0.055287
v 0.050906 -0.037214 -0.047432
v 0.045543 -0.033360 -0.044210
v 0.036841 -0.037020 -0.035549
v 0.037878 -0.035201 -0.037355
v 0.036841 -0.037020 -0.031639
v 0.038253 -0.035433 -0.033594
v 0.039157 -0.033067 -0.035571
v 0.039157 -0.033067 -0.031616
v 0.043649 -0.033347 -0.035514
v 0.035887 -0.036895 -0.028417
v 0.036791 -0.034529 -0.026439
v 0.037878 -0.035201 -0.029833
v 0.038361 -0.033040 -0.028313
v 0.036915 -0.032147 -0.025149
v 0.043276 -0.033786 -0.025195
v 0.039254 -0.030701 -0.036920
v 0.039157 -0.028336 -0.035571
v 0.039597 -0.030701 -0.033594
v 0.039157 -0.028336 -0.031616
v 0.037878 -0.026201 -0.037355
v 0.038253 -0.025970 -0.033594
v 0.040119 -0.029461 -0.030408
v 0.039254 -0.030701 -0.030268
v 0.038253 -0.030701 -0.027195
v 0.038361 -0.028362 -0.028313
v 0.036915 -0.029256 -0.025149
v 0.036791 -0.026873 -0.026439
v 0.037878 -0.026201 -0.029833
v 0.046841 -0.037233 -0.030404
v 0.052855 -0.021565 -0.073885
v 0.051565 -0.014678 -0.077166
v 0.043877 -0.020203 -0.062954
v 0.043301 -0.014060 -0.066785
v 0.039986 -0.016442 -0.058351
v 0.048940 -0.024385 -0.066731
v 0.047419 -0.017658 -0.070619
v 0.047201 -0.011262 -0.073931
v 0.050778 -0.007431 -0.079168
v 0.046653 -0.003854 -0.075315
v 0.043311 -0.007630 -0.069763
v 0.039610 -0.010119 -0.061892
v 0.039970 -0.003852 -0.064744
v 0.036658 -0.006232 -0.056315
v 0.025307 -0.024508 -0.038771
v 0.027816 -0.023420 -0.039680
v 0.029151 -0.024457 -0.042139
v 0.030597 -0.023045 -0.039993
v 0.032043 -0.024457 -0.042139
v 0.033378 -0.023420 -0.039680
v 0.034561 -0.012544 -0.044548
v 0.024353 -0.024383 -0.035549
v 0.024353 -0.024383 -0.031639
v 0.025865 -0.023045 -0.033594
v 0.025307 -0.024508 -0.028417
v 0.026692 -0.022937 -0.036757
v 0.029135 -0.022142 -0.036793
v 0.028138 -0.022044 -0.033594
v 0.026692 -0.022937 -0.030430
v 0.029135 -0.022142 -0.030394
v 0.030597 -0.021701 -0.033594
v 0.032059 -0.022142 -0.036793
v 0.034502 -0.022937 -0.036757
v 0.033056 -0.022044 -0.033594
v 0.032059 -0.022142 -0.030394
v 0.035329 -0.023045 -0.033594
v 0.034502 -0.022937 -0.030430
v 0.034695 -0.018981 -0.030484
v 0.027816 -0.023420 -0.027508
v 0.030597 -0.023045 -0.027195
v 0.029151 -0.024457 -0.025049
v 0.033378 -0.023420 -0.027508
v 0.032043 -0.024457 -0.025049
v 0.032616 -0.012654 -0.025195
v 0.034232 -0.006254 -0.048208
v 0.032513 -0.006308 -0.039335
v 0.033139 -0.012486 -0.035632
v 0.031643 -0.006321 -0.030479
v 0.041028 -0.022250 -0.054359
v 0.038942 -0.023750 -0.045046
v 0.035887 -0.024508 -0.038771
v 0.037516 -0.018222 -0.049288
v 0.035592 -0.018344 -0.040528
v 0.036841 -0.024383 -0.035549
v 0.037669 -0.024665 -0.035245
v 0.036841 -0.024383 -0.031639
v 0.035887 -0.024508 -0.028417
v 0.037241 -0.024972 -0.025195
v 0.036750 -0.012345 -0.053068
v -0.015489 -0.034533 0.028417
v -0.016393 -0.032168 0.026439
v -0.012980 -0.035621 0.027508
v -0.010199 -0.035996 0.027195
v -0.011645 -0.034584 0.025049
v -0.012538 -0.032245 0.023094
v -0.010199 -0.033071 0.023240
v -0.014027 -0.033630 0.025217
v -0.014699 -0.031121 0.023747
v -0.014931 -0.028340 0.023240
v -0.017963 -0.030679 0.028313
v -0.017855 -0.028340 0.027195
v -0.016517 -0.029785 0.025149
v -0.014699 -0.025559 0.023747
v -0.017963 -0.026001 0.028313
v -0.016517 -0.026894 0.025149
v -0.012565 -0.029802 0.022018
v -0.010199 -0.030799 0.021885
v -0.010199 -0.028340 0.021422
v -0.012565 -0.026878 0.022018
v -0.010199 -0.025880 0.021885
v -0.008753 -0.034584 0.025049
v -0.007418 -0.035621 0.027508
v -0.007860 -0.032245 0.023094
v -0.006371 -0.033630 0.025217
v -0.004909 -0.034533 0.028417
v -0.004005 -0.032168 0.026439
v -0.007833 -0.029802 0.022018
v -0.005699 -0.031121 0.023747
v -0.007833 -0.026878 0.022018
v -0.005699 -0.025559 0.023747
v -0.005467 -0.028340 0.023240
v -0.003881 -0.029785 0.025149
v -0.002435 -0.030679 0.028313
v -0.002543 -0.028340 0.027195
v -0.003881 -0.026894 0.025149
v -0.002435 -0.026001 0.028313
v -0.016443 -0.034658 0.031639
v -0.014931 -0.035996 0.033594
v -0.016443 -0.034658 0.035549
v -0.017480 -0.032840 0.029833
v -0.017855 -0.033071 0.033594
v -0.014104 -0.036104 0.030430
v -0.011661 -0.036899 0.030394
v -0.012658 -0.036997 0.033594
v -0.014104 -0.036104 0.036757
v -0.010199 -0.037340 0.033594
v -0.011661 -0.036899 0.036793
v -0.015489 -0.034533 0.038771
v -0.017480 -0.032840 0.037355
v -0.016393 -0.032168 0.040748
v -0.012980 -0.035621 0.039680
v -0.010199 -0.035996 0.039993
v -0.011645 -0.034584 0.042139
v -0.014027 -0.033630 0.041970
v -0.012538 -0.032245 0.044094
v -0.010199 -0.033071 0.043948
v -0.018759 -0.030705 0.031616
v -0.018856 -0.028340 0.030268
v -0.018759 -0.030705 0.035571
v -0.019199 -0.028340 0.033594
v -0.018856 -0.028340 0.036920
v -0.018759 -0.025974 0.031616
v -0.018759 -0.025974 0.035571
v -0.017963 -0.030679 0.038875
v -0.017855 -0.028340 0.039993
v -0.016517 -0.029785 0.042038
v -0.014699 -0.031121 0.043441
v -0.014931 -0.028340 0.043948
v -0.017963 -0.026001 0.038875
v -0.016517 -0.026894 0.042038
v -0.014699 -0.025559 0.043441
v -0.012565 -0.029802 0.045170
v -0.010199 -0.030799 0.045302
v -0.010199 -0.028340 0.045765
v -0.012565 -0.026878 0.045170
v -0.010199 -0.025880 0.045302
v -0.008737 -0.036899 0.030394
v -0.006294 -0.036104 0.030430
v -0.008737 -0.036899 0.036793
v -0.007740 -0.036997 0.033594
v -0.006294 -0.036104 0.036757
v -0.003955 -0.034658 0.031639
v -0.005467 -0.035996 0.033594
v -0.003955 -0.034658 0.035549
v -0.002918 -0.032840 0.029833
v -0.002543 -0.033071 0.033594
v -0.007418 -0.035621 0.039680
v -0.008753 -0.034584 0.042139
v -0.007860 -0.032245 0.044094
v -0.006371 -0.033630 0.041970
v -0.004909 -0.034533 0.038771
v -0.004005 -0.032168 0.040748
v -0.002918 -0.032840 0.037355
v -0.001639 -0.030705 0.031616
v -0.001542 -0.028340 0.030268
v -0.001639 -0.030705 0.035571
v -0.001199 -0.028340 0.033594
v -0.001542 -0.028340 0.036920
v -0.001639 -0.025974 0.031616
v -0.001639 -0.025974 0.035571
v -0.007833 -0.029802 0.045170
v -0.005699 -0.031121 0.043441
v -0.007833 -0.026878 0.045170
v -0.005699 -0.025559 0.043441
v -0.002435 -0.030679 0.038875
v -0.002543 -0.028340 0.039993
v -0.003881 -0.029785 0.042038
v -0.005467 -0.028340 0.043948
v -0.002435 -0.026001 0.038875
v -0.003881 -0.026894 0.042038
v -0.016393 -0.024512 0.026439
v -0.015489 -0.022146 0.028417
v -0.012538 -0.024435 0.023094
v -0.010199 -0.023608 0.023240
v -0.014027 -0.023050 0.025217
v -0.011645 -0.022096 0.025049
v -0.012980 -0.021059 0.027508
v -0.010199 -0.020684 0.027195
v -0.007860 -0.024435 0.023094
v -0.008753 -0.022096 0.025049
v -0.006371 -0.023050 0.025217
v -0.007418 -0.021059 0.027508
v -0.004005 -0.024512 0.026439
v -0.004909 -0.022146 0.028417
v -0.017480 -0.023840 0.029833
v -0.016443 -0.022021 0.031639
v -0.017855 -0.023608 0.033594
v -0.016443 -0.022021 0.035549
v -0.014931 -0.020684 0.033594
v -0.014104 -0.020576 0.030430
v -0.011661 -0.019780 0.030394
v -0.014104 -0.020576 0.036757
v -0.012658 -0.019682 0.033594
v -0.010199 -0.019340 0.033594
v -0.011661 -0.019780 0.036793
v -0.017480 -0.023840 0.037355
v -0.016393 -0.024512 0.040748
v -0.015489 -0.022146 0.038771
v -0.012538 -0.024435 0.044094
v -0.014027 -0.023050 0.041970
v -0.010199 -0.023608 0.043948
v -0.011645 -0.022096 0.042139
v -0.012980 -0.021059 0.039680
v -0.010199 -0.020684 0.039993
v -0.008737 -0.019780 0.030394
v -0.006294 -0.020576 0.030430
v -0.008737 -0.019780 0.036793
v -0.006294 -0.020576 0.036757
v -0.007740 -0.019682 0.033594
v -0.003955 -0.022021 0.031639
v -0.002918 -0.023840 0.029833
v -0.003955 -0.022021 0.035549
v -0.002543 -0.023608 0.033594
v -0.005467 -0.020684 0.033594
v -0.007860 -0.024435 0.044094
v -0.008753 -0.022096 0.042139
v -0.006371 -0.023050 0.041970
v -0.007418 -0.021059 0.039680
v -0.004005 -0.024512 0.040748
v -0.004909 -0.022146 0.038771
v -0.002918 -0.023840 0.037355
v 0.030597 -0.030701 -0.021422
v 0.052126 -0.050000 -0.019762
v 0.052126 -0.041164 -0.019762
v 0.052739 -0.041471 -0.018137
v 0.052201 -0.041084 -0.016767
v 0.053257 -0.041662 -0.016761
v 0.048654 -0.037651 -0.011511
v 0.043649 -0.033347 -0.014877
v 0.040119 -0.029461 -0.019983
v 0.040999 -0.028824 -0.009965
v 0.046841 -0.037233 -0.019986
v 0.045543 -0.033360 -0.006180
v 0.043105 -0.028571 -0.001314
v 0.047979 -0.032689 0.002127
v 0.050906 -0.037214 -0.002959
v 0.053444 -0.036002 0.004896
v 0.045577 -0.026802 0.007784
v 0.051019 -0.030712 0.011052
v 0.034695 -0.018981 -0.019907
v 0.034561 -0.012544 -0.005843
v 0.033139 -0.012486 -0.014759
v 0.031643 -0.006321 -0.019912
v 0.032513 -0.006308 -0.011055
v 0.034232 -0.006254 -0.002183
v 0.037669 -0.024665 -0.015146
v 0.038942 -0.023750 -0.005344
v 0.035592 -0.018344 -0.009863
v 0.041028 -0.022250 0.003969
v 0.037516 -0.018222 -0.001103
v 0.039986 -0.016442 0.007960
v 0.036750 -0.012345 0.002677
v 0.039610 -0.010119 0.011501
v 0.036658 -0.006232 0.005925
v 0.043877 -0.020203 0.012564
v 0.043301 -0.014060 0.016394
v 0.048940 -0.024385 0.016340
v 0.052855 -0.021565 0.023494
v 0.047419 -0.017658 0.020229
v 0.051565 -0.014678 0.026775
v 0.043311 -0.007630 0.019373
v 0.039970 -0.003852 0.014353
v 0.047201 -0.011262 0.023540
v 0.050778 -0.007431 0.028777
v 0.046653 -0.003854 0.024924
v 0.046653 0.003854 -0.075315
v 0.050514 0.000000 -0.079841
v 0.047201 0.011262 -0.073931
v 0.050778 0.007431 -0.079168
v 0.039970 0.003852 -0.064744
v 0.042934 0.000000 -0.070350
v 0.037241 0.000000 -0.058968
v 0.036658 0.006232 -0.056315
v 0.043311 0.007630 -0.069763
v 0.039610 0.010119 -0.061892
v 0.051565 0.014678 -0.077166
v 0.052855 0.021565 -0.073885
v 0.043301 0.014060 -0.066785
v 0.039986 0.016442 -0.058351
v 0.043877 0.020203 -0.062954
v 0.047419 0.017658 -0.070619
v 0.048940 0.024385 -0.066731
v 0.034610 0.000000 -0.051107
v 0.032695 0.000000 -0.042750
v 0.034232 0.006254 -0.048208
v 0.032513 0.006308 -0.039335
v 0.031531 0.000000 -0.034057
v 0.031140 0.000000 -0.025195
v 0.031643 0.006321 -0.030479
v 0.033139 0.012486 -0.035632
v 0.025307 0.024508 -0.038771
v 0.034561 0.012544 -0.044548
v 0.027816 0.023420 -0.039680
v 0.030597 0.023045 -0.039993
v 0.029151 0.024457 -0.042139
v 0.032043 0.024457 -0.042139
v 0.033378 0.023420 -0.039680
v 0.024353 0.024383 -0.035549
v 0.025865 0.023045 -0.033594
v 0.024353 0.024383 -0.031639
v 0.025307 0.024508 -0.028417
v 0.032616 0.012654 -0.025195
v 0.030597 0.021701 -0.033594
v 0.026692 0.022937 -0.036757
v 0.029135 0.022142 -0.036793
v 0.028138 0.022044 -0.033594
v 0.026692 0.022937 -0.030430
v 0.029135 0.022142 -0.030394
v 0.034695 0.018981 -0.030484
v 0.032059 0.022142 -0.036793
v 0.034502 0.022937 -0.036757
v 0.033056 0.022044 -0.033594
v 0.032059 0.022142 -0.030394
v 0.035329 0.023045 -0.033594
v 0.034502 0.022937 -0.030430
v 0.027816 0.023420 -0.027508
v 0.030597 0.023045 -0.027195
v 0.029151 0.024457 -0.025049
v 0.033378 0.023420 -0.027508
v 0.032043 0.024457 -0.025049
v 0.036750 0.012345 -0.053068
v 0.037516 0.018222 -0.049288
v 0.035592 0.018344 -0.040528
v 0.041028 0.022250 -0.054359
v 0.038942 0.023750 -0.045046
v 0.035887 0.024508 -0.038771
v 0.036841 0.024383 -0.035549
v 0.037669 0.024665 -0.035245
v 0.036841 0.024383 -0.031639
v 0.035887 0.024508 -0.028417
v 0.037241 0.024972 -0.025195
v 0.045577 0.026802 -0.058174
v 0.051019 0.030712 -0.061443
v 0.026097 0.027920 -0.043441
v 0.024403 0.026873 -0.040748
v 0.025865 0.030701 -0.043948
v 0.022833 0.028362 -0.038875
v 0.022941 0.030701 -0.039993
v 0.024279 0.029256 -0.042038
v 0.026097 0.033482 -0.043441
v 0.022833 0.033040 -0.038875
v 0.024279 0.032147 -0.042038
v 0.024403 0.034529 -0.040748
v 0.025307 0.036895 -0.038771
v 0.028258 0.026796 -0.044094
v 0.030597 0.025970 -0.043948
v 0.026769 0.025411 -0.041970
v 0.028231 0.029239 -0.045170
v 0.030597 0.028242 -0.045302
v 0.030597 0.030701 -0.045765
v 0.032936 0.026796 -0.044094
v 0.035097 0.027920 -0.043441
v 0.034425 0.025411 -0.041970
v 0.032963 0.029239 -0.045170
v 0.035329 0.030701 -0.043948
v 0.028231 0.032163 -0.045170
v 0.030597 0.033161 -0.045302
v 0.028258 0.034606 -0.044094
v 0.030597 0.035433 -0.043948
v 0.026769 0.035991 -0.041970
v 0.029151 0.036945 -0.042139
v 0.032963 0.032163 -0.045170
v 0.035097 0.033482 -0.043441
v 0.032936 0.034606 -0.044094
v 0.032043 0.036945 -0.042139
v 0.034425 0.035991 -0.041970
v 0.021597 0.030701 -0.033594
v 0.023316 0.026201 -0.037355
v 0.022941 0.025970 -0.033594
v 0.022037 0.028336 -0.035571
v 0.021940 0.030701 -0.036920
v 0.022037 0.028336 -0.031616
v 0.023316 0.026201 -0.029833
v 0.024403 0.026873 -0.026439
v 0.026097 0.027920 -0.023747
v 0.022833 0.028362 -0.028313
v 0.021940 0.030701 -0.030268
v 0.022941 0.030701 -0.027195
v 0.024279 0.029256 -0.025149
v 0.025865 0.030701 -0.023240
v 0.022037 0.033067 -0.035571
v 0.022037 0.033067 -0.031616
v 0.023316 0.035201 -0.037355
v 0.024353 0.037020 -0.035549
v 0.022941 0.035433 -0.033594
v 0.024353 0.037020 -0.031639
v 0.022833 0.033040 -0.028313
v 0.024279 0.032147 -0.025149
v 0.026097 0.033482 -0.023747
v 0.023316 0.035201 -0.029833
v 0.024403 0.034529 -0.026439
v 0.025307 0.036895 -0.028417
v 0.026769 0.025411 -0.025217
v 0.028258 0.026796 -0.023094
v 0.030597 0.025970 -0.023240
v 0.028231 0.029239 -0.022018
v 0.030597 0.028242 -0.021885
v 0.032936 0.026796 -0.023094
v 0.034425 0.025411 -0.025217
v 0.035097 0.027920 -0.023747
v 0.032963 0.029239 -0.022018
v 0.035329 0.030701 -0.023240
v 0.028231 0.032163 -0.022018
v 0.030597 0.033161 -0.021885
v 0.028258 0.034606 -0.023094
v 0.026769 0.035991 -0.025217
v 0.030597 0.035433 -0.023240
v 0.029151 0.036945 -0.025049
v 0.032963 0.032163 -0.022018
v 0.035097 0.033482 -0.023747
v 0.032936 0.034606 -0.023094
v 0.032043 0.036945 -0.025049
v 0.034425 0.035991 -0.025217
v 0.027816 0.037982 -0.039680
v 0.030597 0.038357 -0.039993
v 0.033378 0.037982 -0.039680
v 0.025865 0.038357 -0.033594
v 0.026692 0.038465 -0.036757
v 0.029135 0.039261 -0.036793
v 0.026692 0.038465 -0.030430
v 0.028138 0.039359 -0.033594
v 0.030597 0.039701 -0.033594
v 0.029135 0.039261 -0.030394
v 0.032059 0.039261 -0.036793
v 0.034502 0.038465 -0.036757
v 0.033056 0.039359 -0.033594
v 0.032059 0.039261 -0.030394
v 0.035329 0.038357 -0.033594
v 0.034502 0.038465 -0.030430
v 0.027816 0.037982 -0.027508
v 0.030597 0.038357 -0.027195
v 0.033378 0.037982 -0.027508
v 0.043105 0.028571 -0.049076
v 0.036791 0.026873 -0.040748
v 0.036915 0.029256 -0.042038
v 0.038361 0.028362 -0.038875
v 0.038253 0.030701 -0.039993
v 0.040999 0.028824 -0.040426
v 0.036915 0.032147 -0.042038
v 0.038361 0.033040 -0.038875
v 0.036791 0.034529 -0.040748
v 0.035887 0.036895 -0.038771
v 0.047979 0.032689 -0.052518
v 0.053444 0.036002 -0.055287
v 0.050906 0.037214 -0.047432
v 0.045543 0.033360 -0.044210
v 0.037878 0.026201 -0.037355
v 0.038253 0.025970 -0.033594
v 0.039157 0.028336 -0.035571
v 0.039254 0.030701 -0.036920
v 0.039157 0.028336 -0.031616
v 0.039597 0.030701 -0.033594
v 0.040119 0.029461 -0.030408
v 0.036791 0.026873 -0.026439
v 0.037878 0.026201 -0.029833
v 0.038361 0.028362 -0.028313
v 0.039254 0.030701 -0.030268
v 0.038253 0.030701 -0.027195
v 0.036915 0.029256 -0.025149
v 0.039157 0.033067 -0.035571
v 0.039157 0.033067 -0.031616
v 0.036841 0.037020 -0.035549
v 0.037878 0.035201 -0.037355
v 0.036841 0.037020 -0.031639
v 0.038253 0.035433 -0.033594
v 0.043649 0.033347 -0.035514
v 0.038361 0.033040 -0.028313
v 0.036915 0.032147 -0.025149
v 0.036791 0.034529 -0.026439
v 0.035887 0.036895 -0.028417
v 0.037878 0.035201 -0.029833
v 0.043276 0.033786 -0.025195
v 0.046841 0.037233 -0.030404
v 0.048654 0.037651 -0.038880
v 0.052201 0.041084 -0.033624
v 0.053257 0.041662 -0.033630
v 0.052126 0.041164 -0.030628
v 0.052739 0.041471 -0.032254
v 0.050514 0.040406 -0.025195
v 0.051490 0.041003 -0.025195
v 0.052126 0.050000 -0.030628
v 0.051490 0.050000 -0.025195
v -0.015489 0.022146 0.028417
v -0.016393 0.024512 0.026439
v -0.012980 0.021059 0.027508
v -0.010199 0.020684 0.027195
v -0.012538 0.024435 0.023094
v -0.010199 0.023608 0.023240
v -0.014027 0.023050 0.025217
v -0.011645 0.022096 0.025049
v -0.007418 0.021059 0.027508
v -0.007860 0.024435 0.023094
v -0.008753 0.022096 0.025049
v -0.006371 0.023050 0.025217
v -0.004909 0.022146 0.028417
v -0.004005 0.024512 0.026439
v -0.014931 0.020684 0.033594
v -0.017480 0.023840 0.029833
v -0.016443 0.022021 0.031639
v -0.017855 0.023608 0.033594
v -0.016443 0.022021 0.035549
v -0.014104 0.020576 0.030430
v -0.011661 0.019780 0.030394
v -0.012658 0.019682 0.033594
v -0.014104 0.020576 0.036757
v -0.010199 0.019340 0.033594
v -0.011661 0.019780 0.036793
v -0.017480 0.023840 0.037355
v -0.015489 0.022146 0.038771
v -0.016393 0.024512 0.040748
v -0.012980 0.021059 0.039680
v -0.010199 0.020684 0.039993
v -0.014027 0.023050 0.041970
v -0.012538 0.024435 0.044094
v -0.011645 0.022096 0.042139
v -0.010199 0.023608 0.043948
v -0.008737 0.019780 0.030394
v -0.006294 0.020576 0.030430
v -0.008737 0.019780 0.036793
v -0.007740 0.019682 0.033594
v -0.006294 0.020576 0.036757
v -0.005467 0.020684 0.033594
v -0.003955 0.022021 0.031639
v -0.002918 0.023840 0.029833
v -0.003955 0.022021 0.035549
v -0.002543 0.023608 0.033594
v -0.007418 0.021059 0.039680
v -0.008753 0.022096 0.042139
v -0.007860 0.024435 0.044094
v -0.006371 0.023050 0.041970
v -0.004909 0.022146 0.038771
v -0.004005 0.024512 0.040748
v -0.002918 0.023840 0.037355
v -0.014699 0.025559 0.023747
v -0.017963 0.026001 0.028313
v -0.016517 0.026894 0.025149
v -0.014931 0.028340 0.023240
v -0.014699 0.031121 0.023747
v -0.017855 0.028340 0.027195
v -0.017963 0.030679 0.028313
v -0.016517 0.029785 0.025149
v -0.012565 0.026878 0.022018
v -0.010199 0.025880 0.021885
v -0.012565 0.029802 0.022018
v -0.010199 0.028340 0.021422
v -0.010199 0.030799 0.021885
v -0.016393 0.032168 0.026439
v -0.015489 0.034533 0.028417
v -0.012538 0.032245 0.023094
v -0.010199 0.033071 0.023240
v -0.014027 0.033630 0.025217
v -0.012980 0.035621 0.027508
v -0.011645 0.034584 0.025049
v -0.010199 0.035996 0.027195
v -0.007833 0.026878 0.022018
v -0.005699 0.025559 0.023747
v -0.007833 0.029802 0.022018
v -0.005699 0.031121 0.023747
v -0.003881 0.026894 0.025149
v -0.002435 0.026001 0.028313
v -0.005467 0.028340 0.023240
v -0.003881 0.029785 0.025149
v -0.002543 0.028340 0.027195
v -0.002435 0.030679 0.028313
v -0.007860 0.032245 0.023094
v -0.006371 0.033630 0.025217
v -0.008753 0.034584 0.025049
v -0.007418 0.035621 0.027508
v -0.004005 0.032168 0.026439
v -0.004909 0.034533 0.028417
v -0.018759 0.025974 0.031616
v -0.018759 0.025974 0.035571
v -0.018856 0.028340 0.030268
v -0.018759 0.030705 0.031616
v -0.019199 0.028340 0.033594
v -0.018856 0.028340 0.036920
v -0.018759 0.030705 0.035571
v -0.017963 0.026001 0.038875
v -0.014699 0.025559 0.043441
v -0.016517 0.026894 0.042038
v -0.017855 0.028340 0.039993
v -0.017963 0.030679 0.038875
v -0.014931 0.028340 0.043948
v -0.016517 0.029785 0.042038
v -0.014699 0.031121 0.043441
v -0.012565 0.026878 0.045170
v -0.010199 0.025880 0.045302
v -0.012565 0.029802 0.045170
v -0.010199 0.028340 0.045765
v -0.010199 0.030799 0.045302
v -0.017480 0.032840 0.029833
v -0.017855 0.033071 0.033594
v -0.016443 0.034658 0.031639
v -0.016443 0.034658 0.035549
v -0.014931 0.035996 0.033594
v -0.014104 0.036104 0.030430
v -0.011661 0.036899 0.030394
v -0.012658 0.036997 0.033594
v -0.014104 0.036104 0.036757
v -0.010199 0.037340 0.033594
v -0.011661 0.036899 0.036793
v -0.017480 0.032840 0.037355
v -0.016393 0.032168 0.040748
v -0.015489 0.034533 0.038771
v -0.012538 0.032245 0.044094
v -0.014027 0.033630 0.041970
v -0.010199 0.033071 0.043948
v -0.012980 0.035621 0.039680
v -0.010199 0.035996 0.039993
v -0.011645 0.034584 0.042139
v -0.001639 0.025974 0.031616
v -0.001639 0.025974 0.035571
v -0.001542 0.028340 0.030268
v -0.001639 0.030705 0.031616
v -0.001199 0.028340 0.033594
v -0.001542 0.028340 0.036920
v -0.001639 0.030705 0.035571
v -0.007833 0.026878 0.045170
v -0.005699 0.025559 0.043441
v -0.007833 0.029802 0.045170
v -0.005699 0.031121 0.043441
v -0.002435 0.026001 0.038875
v -0.003881 0.026894 0.042038
v -0.002543 0.028340 0.039993
v -0.002435 0.030679 0.038875
v -0.005467 0.028340 0.043948
v -0.003881 0.029785 0.042038
v -0.008737 0.036899 0.030394
v -0.006294 0.036104 0.030430
v -0.008737 0.036899 0.036793
v -0.007740 0.036997 0.033594
v -0.006294 0.036104 0.036757
v -0.002918 0.032840 0.029833
v -0.002543 0.033071 0.033594
v -0.003955 0.034658 0.031639
v -0.003955 0.034658 0.035549
v -0.005467 0.035996 0.033594
v -0.007860 0.032245 0.044094
v -0.006371 0.033630 0.041970
v -0.007418 0.035621 0.039680
v -0.008753 0.034584 0.042139
v -0.004005 0.032168 0.040748
v -0.002918 0.032840 0.037355
v -0.004909 0.034533 0.038771
v 0.031531 0.000000 -0.016333
v 0.032695 0.000000 -0.007641
v 0.031643 0.006321 -0.019912
v 0.033139 0.012486 -0.014759
v 0.032513 0.006308 -0.011055
v 0.034610 0.000000 0.000716
v 0.034232 0.006254 -0.002183
v 0.034561 0.012544 -0.005843
v 0.034695 0.018981 -0.019907
v 0.037241 0.000000 0.008577
v 0.036658 0.006232 0.005925
v 0.036750 0.012345 0.002677
v 0.039610 0.010119 0.011501
v 0.035592 0.018344 -0.009863
v 0.037669 0.024665 -0.015146
v 0.038942 0.023750 -0.005344
v 0.037516 0.018222 -0.001103
v 0.039986 0.016442 0.007960
v 0.041028 0.022250 0.003969
v 0.039970 0.003852 0.014353
v 0.042934 0.000000 0.019959
v 0.043311 0.007630 0.019373
v 0.046653 0.003854 0.024924
v 0.047201 0.011262 0.023540
v 0.050778 0.007431 0.028777
v 0.050514 0.000000 0.029450
v 0.043301 0.014060 0.016394
v 0.043877 0.020203 0.012564
v 0.047419 0.017658 0.020229
v 0.051565 0.014678 0.026775
v 0.048940 0.024385 0.016340
v 0.052855 0.021565 0.023494
v 0.030597 0.030701 -0.021422
v 0.040119 0.029461 -0.019983
v 0.040999 0.028824 -0.009965
v 0.043649 0.033347 -0.014877
v 0.046841 0.037233 -0.019986
v 0.045543 0.033360 -0.006180
v 0.043105 0.028571 -0.001314
v 0.045577 0.026802 0.007784
v 0.051019 0.030712 0.011052
v 0.047979 0.032689 0.002127
v 0.050906 0.037214 -0.002959
v 0.053444 0.036002 0.004896
v 0.052126 0.041164 -0.019762
v 0.052739 0.041471 -0.018137
v 0.052201 0.041084 -0.016767
v 0.053257 0.041662 -0.016761
v 0.048654 0.037651 -0.011511
v 0.052126 0.050000 -0.019762
v 0.059367 -0.038428 -0.057315
v 0.065600 -0.039908 -0.058552
v 0.063288 -0.027134 -0.076115
v 0.068678 -0.029243 -0.075549
v 0.062305 -0.036036 -0.064177
v 0.056804 -0.033588 -0.063835
v 0.054615 -0.027920 -0.069404
v 0.059898 -0.030752 -0.070311
v 0.065429 -0.032955 -0.070294
v 0.068675 -0.037060 -0.065039
v 0.071990 -0.040406 -0.058968
v 0.078380 -0.039908 -0.058552
v 0.084613 -0.038428 -0.057315
v 0.075302 -0.029243 -0.075549
v 0.080692 -0.027134 -0.076115
v 0.075305 -0.037060 -0.065039
v 0.071990 -0.033388 -0.070888
v 0.078551 -0.032955 -0.070294
v 0.081675 -0.036036 -0.064177
v 0.087176 -0.033588 -0.063835
v 0.084082 -0.030752 -0.070311
v 0.089365 -0.027920 -0.069404
v 0.056849 -0.050000 -0.039419
v 0.060473 -0.050000 -0.041916
v 0.060473 -0.043791 -0.041916
v 0.061494 -0.044050 -0.042135
v 0.056670 -0.040086 -0.049838
v 0.062240 -0.042323 -0.050004
v 0.054266 -0.040977 -0.041891
v 0.056849 -0.042647 -0.039419
v 0.059684 -0.043522 -0.042160
v 0.059927 -0.043697 -0.041540
v 0.059418 -0.043565 -0.041189
v 0.064490 -0.050000 -0.042777
v 0.064490 -0.044755 -0.042777
v 0.065135 -0.044975 -0.042639
v 0.065530 -0.045078 -0.042554
v 0.068507 -0.050000 -0.041916
v 0.067406 -0.045363 -0.042152
v 0.068507 -0.045511 -0.041916
v 0.071128 -0.046074 -0.040110
v 0.068627 -0.043367 -0.050866
v 0.053973 -0.050000 -0.035529
v 0.055750 -0.042383 -0.037933
v 0.053973 -0.041770 -0.035529
v 0.064490 -0.050000 -0.025195
v 0.072131 -0.050000 -0.039419
v 0.071990 -0.045783 -0.042309
v 0.072131 -0.046165 -0.039419
v 0.078626 -0.045175 -0.042082
v 0.075353 -0.043367 -0.050866
v 0.081740 -0.042323 -0.050004
v 0.087310 -0.040086 -0.049838
v 0.084296 -0.043522 -0.042160
v 0.089714 -0.040977 -0.041891
v 0.075007 -0.050000 -0.035529
v 0.074245 -0.046543 -0.036560
v 0.075007 -0.046644 -0.035529
v 0.075518 -0.046826 -0.034173
v 0.075680 -0.046856 -0.033743
v 0.076854 -0.050000 -0.030628
v 0.076854 -0.046841 -0.030628
v 0.080982 -0.045904 -0.033726
v 0.077384 -0.047032 -0.026103
v 0.077490 -0.050000 -0.025195
v 0.077490 -0.047057 -0.025195
v 0.077625 -0.047046 -0.025195
v 0.077384 -0.047032 -0.024288
v 0.086624 -0.043904 -0.033653
v 0.083153 -0.045692 -0.025195
v 0.088467 -0.043465 -0.025195
v 0.057850 -0.024516 -0.075524
v 0.061373 -0.020610 -0.080613
v 0.061202 -0.014310 -0.084054
v 0.056319 -0.017814 -0.079408
v 0.066630 -0.023011 -0.080758
v 0.066612 -0.017016 -0.084572
v 0.056214 -0.011337 -0.082433
v 0.061252 -0.007717 -0.086290
v 0.055666 -0.003910 -0.083845
v 0.066565 -0.010456 -0.087276
v 0.066554 -0.003907 -0.088644
v 0.071990 -0.019159 -0.083977
v 0.071990 -0.024972 -0.079841
v 0.077350 -0.023011 -0.080758
v 0.071990 -0.012980 -0.086990
v 0.077368 -0.017016 -0.084572
v 0.082607 -0.020610 -0.080613
v 0.086130 -0.024516 -0.075524
v 0.082778 -0.014310 -0.084054
v 0.087661 -0.017814 -0.079408
v 0.071990 -0.006553 -0.088820
v 0.077415 -0.010456 -0.087276
v 0.077426 -0.003907 -0.088644
v 0.082728 -0.007717 -0.086290
v 0.087766 -0.011337 -0.082433
v 0.088314 -0.003910 -0.083845
v 0.092961 -0.030712 -0.061443
v 0.098403 -0.026802 -0.058174
v 0.099685 -0.025519 -0.057099
v 0.095326 -0.037651 -0.038880
v 0.091779 -0.041084 -0.033624
v 0.093466 -0.040406 -0.025195
v 0.090536 -0.036002 -0.055287
v 0.093074 -0.037214 -0.047432
v 0.096001 -0.032689 -0.052518
v 0.098437 -0.033360 -0.044210
v 0.100875 -0.028571 -0.049076
v 0.101007 -0.026913 -0.051495
v 0.099943 -0.026220 -0.055293
v 0.101420 -0.026913 -0.050463
v 0.102308 -0.026913 -0.047690
v 0.102336 -0.026913 -0.047582
v 0.102981 -0.028824 -0.040426
v 0.103778 -0.026220 -0.043784
v 0.104152 -0.025937 -0.043055
v 0.097139 -0.037233 -0.030404
v 0.100331 -0.033347 -0.035514
v 0.100704 -0.033786 -0.025195
v 0.103861 -0.029461 -0.030408
v 0.118621 -0.026913 -0.051495
v 0.118621 -0.026220 -0.055293
v 0.118621 -0.026913 -0.047582
v 0.118621 -0.026220 -0.043784
v 0.091125 -0.021565 -0.073885
v 0.092415 -0.014678 -0.077166
v 0.095040 -0.024385 -0.066731
v 0.099160 -0.023864 -0.060302
v 0.098967 -0.022957 -0.061686
v 0.099244 -0.020913 -0.063595
v 0.099240 -0.020577 -0.063909
v 0.096561 -0.017658 -0.070619
v 0.099464 -0.019744 -0.064335
v 0.099284 -0.024876 -0.058758
v 0.099769 -0.017872 -0.065296
v 0.100503 -0.015938 -0.065613
v 0.100811 -0.015000 -0.065767
v 0.101119 -0.014376 -0.065665
v 0.100679 -0.014060 -0.066785
v 0.101698 -0.012973 -0.065435
v 0.093202 -0.007431 -0.079168
v 0.096779 -0.011262 -0.073931
v 0.097327 -0.003854 -0.075315
v 0.101988 -0.012128 -0.065296
v 0.100669 -0.007630 -0.069763
v 0.103410 -0.009473 -0.063934
v 0.103432 -0.009423 -0.063909
v 0.104260 -0.008199 -0.062766
v 0.104887 -0.007043 -0.061686
v 0.104010 -0.003852 -0.064744
v 0.106187 -0.005416 -0.059204
v 0.106398 -0.005124 -0.058758
v 0.107157 -0.004468 -0.057066
v 0.118621 -0.022957 -0.061686
v 0.118621 -0.024876 -0.058758
v 0.118621 -0.021877 -0.056295
v 0.118621 -0.020577 -0.063909
v 0.118621 -0.019996 -0.058839
v 0.122621 -0.021877 -0.056295
v 0.122621 -0.019996 -0.058839
v 0.118621 -0.017872 -0.065296
v 0.118621 -0.015000 -0.065767
v 0.118621 -0.017627 -0.060471
v 0.118621 -0.015000 -0.061034
v 0.122621 -0.017627 -0.060471
v 0.122621 -0.015000 -0.061034
v 0.118621 -0.012128 -0.065296
v 0.118621 -0.012373 -0.060471
v 0.118621 -0.009423 -0.063909
v 0.118621 -0.010004 -0.058839
v 0.118621 -0.007043 -0.061686
v 0.118621 -0.008123 -0.056295
v 0.122621 -0.012373 -0.060471
v 0.122621 -0.010004 -0.058839
v 0.122621 -0.008123 -0.056295
v 0.118621 -0.005124 -0.058758
v 0.105260 -0.024876 -0.040320
v 0.105771 -0.024277 -0.039405
v 0.106311 -0.024665 -0.035245
v 0.106747 -0.022957 -0.037391
v 0.107006 -0.022551 -0.037011
v 0.108061 -0.020577 -0.035169
v 0.106739 -0.024972 -0.025195
v 0.107784 -0.003780 -0.055293
v 0.108200 -0.003559 -0.054081
v 0.118621 -0.023084 -0.053091
v 0.118621 -0.023500 -0.049539
v 0.122621 -0.023084 -0.053091
v 0.122621 -0.023500 -0.049539
v 0.118621 -0.023084 -0.045986
v 0.118621 -0.024876 -0.040320
v 0.118621 -0.021877 -0.042782
v 0.118621 -0.019996 -0.040239
v 0.122621 -0.023084 -0.045986
v 0.122621 -0.021877 -0.042782
v 0.122621 -0.019996 -0.040239
v 0.122621 -0.015000 -0.049539
v 0.109285 -0.018981 -0.030484
v 0.108951 -0.018744 -0.034229
v 0.109285 -0.017872 -0.033781
v 0.110156 -0.015344 -0.033366
v 0.110257 -0.015000 -0.033310
v 0.110937 -0.012517 -0.033717
v 0.109936 -0.017000 -0.028576
v 0.110035 -0.016699 -0.028576
v 0.111194 -0.012600 -0.028576
v 0.118621 -0.022957 -0.037391
v 0.118621 -0.020577 -0.035169
v 0.118621 -0.017627 -0.038606
v 0.118621 -0.017872 -0.033781
v 0.118621 -0.015000 -0.038043
v 0.118621 -0.015000 -0.033310
v 0.122621 -0.017627 -0.038606
v 0.122621 -0.015000 -0.038043
v 0.118121 -0.017000 -0.028576
v 0.109012 -0.003087 -0.051495
v 0.109556 -0.003087 -0.049675
v 0.110036 -0.003087 -0.047582
v 0.110444 -0.003424 -0.045738
v 0.110796 -0.003780 -0.043784
v 0.111521 -0.005960 -0.039044
v 0.111443 -0.005473 -0.039787
v 0.111366 -0.005124 -0.040320
v 0.118621 -0.006916 -0.053091
v 0.118621 -0.006500 -0.049539
v 0.122621 -0.006916 -0.053091
v 0.122621 -0.006500 -0.049539
v 0.118621 -0.010004 -0.040239
v 0.118621 -0.006916 -0.045986
v 0.118621 -0.008123 -0.042782
v 0.122621 -0.010004 -0.040239
v 0.122621 -0.006916 -0.045986
v 0.122621 -0.008123 -0.042782
v 0.118621 -0.003780 -0.055293
v 0.118621 -0.003087 -0.051495
v 0.118621 -0.003087 -0.047582
v 0.118621 -0.003780 -0.043784
v 0.118621 -0.005124 -0.040320
v 0.111378 -0.009423 -0.035169
v 0.111010 -0.012128 -0.033781
v 0.111207 -0.010978 -0.034371
v 0.111541 -0.007043 -0.037391
v 0.111548 -0.006309 -0.038511
v 0.112337 -0.006321 -0.030479
v 0.111987 -0.008601 -0.028576
v 0.112337 -0.006321 -0.028576
v 0.112518 -0.004045 -0.028576
v 0.118621 -0.012373 -0.038606
v 0.118621 -0.009423 -0.035169
v 0.118621 -0.012128 -0.033781
v 0.118621 -0.007043 -0.037391
v 0.122621 -0.012373 -0.038606
v 0.118121 -0.005640 -0.023454
v 0.118121 -0.002893 -0.024755
v 0.126621 -0.005640 -0.023454
v 0.126621 -0.002893 -0.024755
v 0.053973 -0.050000 -0.014861
v 0.056849 -0.050000 -0.010972
v 0.060473 -0.050000 -0.008475
v 0.060473 -0.043791 -0.008475
v 0.061494 -0.044050 -0.008256
v 0.053973 -0.041770 -0.014861
v 0.055750 -0.042383 -0.012457
v 0.056849 -0.042647 -0.010972
v 0.054266 -0.040977 -0.008500
v 0.059418 -0.043565 -0.009201
v 0.059927 -0.043697 -0.008851
v 0.059684 -0.043522 -0.008231
v 0.064490 -0.050000 -0.007614
v 0.064490 -0.044755 -0.007614
v 0.065135 -0.044975 -0.007752
v 0.065530 -0.045078 -0.007837
v 0.068507 -0.050000 -0.008475
v 0.071128 -0.046074 -0.010280
v 0.067406 -0.045363 -0.008239
v 0.068507 -0.045511 -0.008475
v 0.056670 -0.040086 -0.000552
v 0.062240 -0.042323 -0.000387
v 0.059367 -0.038428 0.006924
v 0.068627 -0.043367 0.000475
v 0.065600 -0.039908 0.008161
v 0.075007 -0.050000 -0.014861
v 0.075680 -0.046856 -0.016648
v 0.075518 -0.046826 -0.016218
v 0.075007 -0.046644 -0.014861
v 0.074245 -0.046543 -0.013830
v 0.076854 -0.050000 -0.019762
v 0.076854 -0.046841 -0.019762
v 0.080982 -0.045904 -0.016665
v 0.072131 -0.050000 -0.010972
v 0.072131 -0.046165 -0.010972
v 0.071990 -0.045783 -0.008082
v 0.078626 -0.045175 -0.008309
v 0.086624 -0.043904 -0.016738
v 0.084296 -0.043522 -0.008231
v 0.089714 -0.040977 -0.008500
v 0.075353 -0.043367 0.000475
v 0.071990 -0.040406 0.008577
v 0.078380 -0.039908 0.008161
v 0.081740 -0.042323 -0.000387
v 0.087310 -0.040086 -0.000552
v 0.084613 -0.038428 0.006924
v 0.056804 -0.033588 0.013445
v 0.062305 -0.036036 0.013787
v 0.054615 -0.027920 0.019014
v 0.059898 -0.030752 0.019921
v 0.065429 -0.032955 0.019904
v 0.068675 -0.037060 0.014648
v 0.063288 -0.027134 0.025724
v 0.068678 -0.029243 0.025158
v 0.075305 -0.037060 0.014648
v 0.078551 -0.032955 0.019904
v 0.071990 -0.033388 0.020497
v 0.075302 -0.029243 0.025158
v 0.080692 -0.027134 0.025724
v 0.081675 -0.036036 0.013787
v 0.087176 -0.033588 0.013445
v 0.084082 -0.030752 0.019921
v 0.089365 -0.027920 0.019014
v 0.057850 -0.024516 0.025133
v 0.061373 -0.020610 0.030222
v 0.056319 -0.017814 0.029017
v 0.061202 -0.014310 0.033664
v 0.066630 -0.023011 0.030367
v 0.066612 -0.017016 0.034181
v 0.056214 -0.011337 0.032042
v 0.061252 -0.007717 0.035900
v 0.055666 -0.003910 0.033454
v 0.066565 -0.010456 0.036885
v 0.066554 -0.003907 0.038253
v 0.086130 -0.024516 0.025133
v 0.071990 -0.024972 0.029450
v 0.071990 -0.019159 0.033586
v 0.077350 -0.023011 0.030367
v 0.071990 -0.012980 0.036599
v 0.077368 -0.017016 0.034181
v 0.082607 -0.020610 0.030222
v 0.082778 -0.014310 0.033664
v 0.087661 -0.017814 0.029017
v 0.077415 -0.010456 0.036885
v 0.071990 -0.006553 0.038430
v 0.077426 -0.003907 0.038253
v 0.082728 -0.007717 0.035900
v 0.087766 -0.011337 0.032042
v 0.088314 -0.003910 0.033454
v 0.091779 -0.041084 -0.016767
v 0.095326 -0.037651 -0.011511
v 0.097139 -0.037233 -0.019986
v 0.096782 -0.034894 -0.006394
v 0.097281 -0.034584 -0.006865
v 0.097798 -0.034241 -0.007275
v 0.098496 -0.033684 -0.007942
v 0.098866 -0.033357 -0.008149
v 0.100331 -0.033347 -0.014877
v 0.099356 -0.034584 -0.006865
v 0.099782 -0.032410 -0.008791
v 0.100049 -0.032121 -0.008924
v 0.100249 -0.032245 -0.008820
v 0.100253 -0.031886 -0.008979
v 0.101738 -0.033630 -0.006697
v 0.104104 -0.032168 -0.005475
v 0.103861 -0.029461 -0.019983
v 0.102981 -0.028824 -0.009965
v 0.101397 -0.030495 -0.008988
v 0.102410 -0.031121 -0.008167
v 0.101686 -0.030117 -0.008886
v 0.102600 -0.028841 -0.008583
v 0.102639 -0.028783 -0.008561
v 0.102806 -0.028489 -0.008476
v 0.103071 -0.027949 -0.008158
v 0.103725 -0.026524 -0.007153
v 0.104229 -0.029785 -0.006765
v 0.104229 -0.026894 -0.006765
v 0.104149 -0.025373 -0.005941
v 0.093074 -0.037214 -0.002959
v 0.093784 -0.035967 -0.001369
v 0.093897 -0.035981 -0.001641
v 0.093872 -0.035980 -0.001572
v 0.094005 -0.036104 -0.001484
v 0.094673 -0.035817 -0.003219
v 0.093179 -0.035996 0.001680
v 0.092818 -0.035676 0.001213
v 0.092482 -0.035379 0.002581
v 0.096448 -0.036899 -0.001520
v 0.095191 -0.035692 -0.004230
v 0.095200 -0.035690 -0.004251
v 0.095307 -0.035645 -0.004426
v 0.097910 -0.035996 -0.004719
v 0.095451 -0.036997 0.001680
v 0.097910 -0.037340 0.001680
v 0.090536 -0.036002 0.004896
v 0.092239 -0.035012 0.003931
v 0.092228 -0.034976 0.004039
v 0.092075 -0.034605 0.005014
v 0.094005 -0.036104 0.004843
v 0.092620 -0.034533 0.006857
v 0.091971 -0.033981 0.006395
v 0.092045 -0.033027 0.008116
v 0.092149 -0.032484 0.008990
v 0.092156 -0.032439 0.009061
v 0.092424 -0.031731 0.009958
v 0.094082 -0.033630 0.010056
v 0.096448 -0.036899 0.004879
v 0.095129 -0.035621 0.007766
v 0.096465 -0.034584 0.010225
v 0.097910 -0.035996 0.008079
v 0.092870 -0.030758 0.011090
v 0.092879 -0.030731 0.011117
v 0.092911 -0.030674 0.011163
v 0.093410 -0.031121 0.011527
v 0.093152 -0.030132 0.011538
v 0.093299 -0.029789 0.011769
v 0.099373 -0.036899 -0.001520
v 0.100692 -0.035621 -0.004406
v 0.101815 -0.036104 -0.001484
v 0.103200 -0.034533 -0.003497
v 0.100370 -0.036997 0.001680
v 0.102642 -0.035996 0.001680
v 0.104154 -0.034658 -0.000275
v 0.105192 -0.032840 -0.002082
v 0.105566 -0.033071 0.001680
v 0.099373 -0.036899 0.004879
v 0.101815 -0.036104 0.004843
v 0.103200 -0.034533 0.006857
v 0.100692 -0.035621 0.007766
v 0.099356 -0.034584 0.010225
v 0.101738 -0.033630 0.010056
v 0.104154 -0.034658 0.003635
v 0.105192 -0.032840 0.005441
v 0.104104 -0.032168 0.008834
v 0.105674 -0.030679 -0.003601
v 0.105566 -0.028340 -0.004719
v 0.106568 -0.028340 -0.001646
v 0.106470 -0.030705 -0.000298
v 0.106910 -0.028340 0.001680
v 0.105674 -0.026001 -0.003601
v 0.106470 -0.025974 -0.000298
v 0.102410 -0.031121 0.011527
v 0.102410 -0.025559 0.011527
v 0.105674 -0.030679 0.006961
v 0.106470 -0.030705 0.003657
v 0.106568 -0.028340 0.005006
v 0.104229 -0.029785 0.010124
v 0.105566 -0.028340 0.008079
v 0.105674 -0.026001 0.006961
v 0.106470 -0.025974 0.003657
v 0.104229 -0.026894 0.010124
v 0.095571 -0.032245 0.012180
v 0.097910 -0.033071 0.012034
v 0.093823 -0.028738 0.012366
v 0.094683 -0.027410 0.012811
v 0.095545 -0.029802 0.013256
v 0.097910 -0.030799 0.013388
v 0.097910 -0.028340 0.013851
v 0.095209 -0.026670 0.012984
v 0.095545 -0.026878 0.013256
v 0.095551 -0.026270 0.012988
v 0.096428 -0.025383 0.012808
v 0.096657 -0.025105 0.012740
v 0.097910 -0.025880 0.013388
v 0.100249 -0.032245 0.012180
v 0.100276 -0.029802 0.013256
v 0.102642 -0.028340 0.012034
v 0.100276 -0.026878 0.013256
v 0.106311 -0.024665 -0.015146
v 0.104352 -0.024747 -0.005178
v 0.105038 -0.023750 -0.005344
v 0.108388 -0.018344 -0.009863
v 0.103612 -0.021542 0.002934
v 0.103575 -0.021536 0.003069
v 0.104405 -0.024484 -0.004731
v 0.104424 -0.024314 -0.004476
v 0.105192 -0.023840 -0.002082
v 0.104466 -0.023338 -0.002788
v 0.104465 -0.023222 -0.002598
v 0.105566 -0.023608 0.001680
v 0.104301 -0.022279 -0.000531
v 0.104254 -0.022133 -0.000138
v 0.104154 -0.022021 0.000370
v 0.103200 -0.022146 0.006857
v 0.099461 -0.022695 0.010759
v 0.099555 -0.022616 0.010660
v 0.099951 -0.022334 0.010183
v 0.101738 -0.023050 0.010056
v 0.103239 -0.021456 0.004107
v 0.103095 -0.021454 0.004516
v 0.102524 -0.021379 0.005873
v 0.101912 -0.021503 0.007105
v 0.101770 -0.021526 0.007375
v 0.101061 -0.021760 0.008573
v 0.105192 -0.023840 0.005441
v 0.104154 -0.022021 0.003635
v 0.104104 -0.024512 0.008834
v 0.106464 -0.018222 -0.001103
v 0.107100 -0.017000 -0.002123
v 0.106623 -0.017000 -0.000317
v 0.103417 -0.017000 0.008643
v 0.104768 -0.017000 0.005119
v 0.103894 -0.017000 0.007577
v 0.109285 -0.018981 -0.019907
v 0.109936 -0.017000 -0.021563
v 0.109760 -0.017000 -0.018337
v 0.108950 -0.017000 -0.010986
v 0.108626 -0.017000 -0.008931
v 0.118121 -0.012674 -0.011526
v 0.118121 -0.013000 -0.007614
v 0.126621 -0.012674 -0.011526
v 0.126621 -0.013000 -0.007614
v 0.118121 -0.012674 -0.003702
v 0.126621 -0.012674 -0.003702
v 0.118121 -0.010164 -0.018576
v 0.118121 -0.011713 -0.015242
v 0.118121 -0.008105 -0.021360
v 0.126621 -0.010164 -0.018576
v 0.126621 -0.011713 -0.015242
v 0.126621 -0.008105 -0.021360
v 0.118121 -0.011713 0.000014
v 0.118121 -0.010164 0.003348
v 0.126621 -0.011713 0.000014
v 0.126621 -0.010164 0.003348
v 0.118121 -0.008105 0.006132
v 0.126621 -0.008105 0.006132
v 0.118121 -0.005640 0.008226
v 0.118121 -0.002893 0.009526
v 0.126621 -0.005640 0.008226
v 0.126621 -0.002893 0.009526
v 0.097910 -0.023784 0.012138
v 0.098052 -0.023658 0.012042
v 0.095040 -0.024385 0.016340
v 0.091125 -0.021565 0.023494
v 0.096561 -0.017658 0.020229
v 0.099095 -0.016000 0.017439
v 0.092415 -0.014678 0.026775
v 0.100249 -0.024435 0.012180
v 0.100103 -0.020203 0.012564
v 0.101021 -0.017000 0.013348
v 0.101432 -0.016000 0.013348
v 0.100497 -0.016000 0.015184
v 0.099557 -0.015041 0.017439
v 0.100109 -0.013651 0.017439
v 0.104990 -0.016000 0.013348
v 0.104990 -0.016000 0.017439
v 0.093202 -0.007431 0.028777
v 0.096779 -0.011262 0.023540
v 0.097327 -0.003854 0.024924
v 0.100676 -0.011803 0.017439
v 0.100669 -0.007630 0.019373
v 0.101578 -0.008241 0.017439
v 0.101956 -0.006174 0.017439
v 0.102378 -0.001731 0.017439
v 0.104990 -0.002383 0.013348
v 0.105470 -0.002383 0.013348
v 0.104990 -0.001301 0.014326
v 0.105470 -0.001301 0.014326
v 0.118121 -0.017000 0.013348
v 0.055666 0.003910 -0.083845
v 0.061107 0.000000 -0.087113
v 0.056214 0.011337 -0.082433
v 0.061252 0.007717 -0.086290
v 0.066554 0.003907 -0.088644
v 0.066565 0.010456 -0.087276
v 0.061202 0.014310 -0.084054
v 0.056319 0.017814 -0.079408
v 0.057850 0.024516 -0.075524
v 0.061373 0.020610 -0.080613
v 0.066612 0.017016 -0.084572
v 0.066630 0.023011 -0.080758
v 0.071990 0.000000 -0.089435
v 0.077426 0.003907 -0.088644
v 0.071990 0.006553 -0.088820
v 0.077415 0.010456 -0.087276
v 0.082873 0.000000 -0.087113
v 0.088314 0.003910 -0.083845
v 0.082728 0.007717 -0.086290
v 0.087766 0.011337 -0.082433
v 0.071990 0.012980 -0.086990
v 0.077368 0.017016 -0.084572
v 0.071990 0.019159 -0.083977
v 0.071990 0.024972 -0.079841
v 0.077350 0.023011 -0.080758
v 0.082778 0.014310 -0.084054
v 0.087661 0.017814 -0.079408
v 0.082607 0.020610 -0.080613
v 0.086130 0.024516 -0.075524
v 0.063288 0.027134 -0.076115
v 0.068678 0.029243 -0.075549
v 0.054615 0.027920 -0.069404
v 0.059898 0.030752 -0.070311
v 0.062305 0.036036 -0.064177
v 0.056804 0.033588 -0.063835
v 0.065429 0.032955 -0.070294
v 0.068675 0.037060 -0.065039
v 0.059367 0.038428 -0.057315
v 0.065600 0.039908 -0.058552
v 0.075302 0.029243 -0.075549
v 0.080692 0.027134 -0.076115
v 0.071990 0.033388 -0.070888
v 0.075305 0.037060 -0.065039
v 0.078551 0.032955 -0.070294
v 0.084082 0.030752 -0.070311
v 0.089365 0.027920 -0.069404
v 0.081675 0.036036 -0.064177
v 0.087176 0.033588 -0.063835
v 0.071990 0.040406 -0.058968
v 0.078380 0.039908 -0.058552
v 0.084613 0.038428 -0.057315
v 0.056670 0.040086 -0.049838
v 0.062240 0.042323 -0.050004
v 0.054266 0.040977 -0.041891
v 0.056849 0.042647 -0.039419
v 0.059684 0.043522 -0.042160
v 0.059927 0.043697 -0.041540
v 0.059418 0.043565 -0.041189
v 0.056849 0.050000 -0.039419
v 0.060473 0.043791 -0.041916
v 0.061494 0.044050 -0.042135
v 0.060473 0.050000 -0.041916
v 0.068627 0.043367 -0.050866
v 0.064490 0.044755 -0.042777
v 0.065135 0.044975 -0.042639
v 0.065530 0.045078 -0.042554
v 0.064490 0.050000 -0.042777
v 0.067406 0.045363 -0.042152
v 0.068507 0.045511 -0.041916
v 0.071128 0.046074 -0.040110
v 0.068507 0.050000 -0.041916
v 0.053973 0.041770 -0.035529
v 0.055750 0.042383 -0.037933
v 0.053973 0.050000 -0.035529
v 0.064490 0.050000 -0.025195
v 0.075353 0.043367 -0.050866
v 0.071990 0.045783 -0.042309
v 0.072131 0.046165 -0.039419
v 0.072131 0.050000 -0.039419
v 0.078626 0.045175 -0.042082
v 0.081740 0.042323 -0.050004
v 0.087310 0.040086 -0.049838
v 0.084296 0.043522 -0.042160
v 0.089714 0.040977 -0.041891
v 0.074245 0.046543 -0.036560
v 0.075007 0.046644 -0.035529
v 0.075518 0.046826 -0.034173
v 0.075680 0.046856 -0.033743
v 0.075007 0.050000 -0.035529
v 0.076854 0.046841 -0.030628
v 0.080982 0.045904 -0.033726
v 0.076854 0.050000 -0.030628
v 0.077384 0.047032 -0.026103
v 0.077490 0.047057 -0.025195
v 0.077625 0.047046 -0.025195
v 0.077384 0.047032 -0.024288
v 0.077490 0.050000 -0.025195
v 0.088467 0.043465 -0.025195
v 0.086624 0.043904 -0.033653
v 0.083153 0.045692 -0.025195
v 0.093466 0.000000 -0.079841
v 0.097327 0.003854 -0.075315
v 0.093202 0.007431 -0.079168
v 0.096779 0.011262 -0.073931
v 0.101046 0.000000 -0.070350
v 0.104010 0.003852 -0.064744
v 0.106739 0.000000 -0.058968
v 0.107157 0.004468 -0.057066
v 0.106187 0.005416 -0.059204
v 0.106398 0.005124 -0.058758
v 0.100669 0.007630 -0.069763
v 0.101988 0.012128 -0.065296
v 0.103432 0.009423 -0.063909
v 0.103410 0.009473 -0.063934
v 0.104887 0.007043 -0.061686
v 0.104260 0.008199 -0.062766
v 0.092415 0.014678 -0.077166
v 0.091125 0.021565 -0.073885
v 0.096561 0.017658 -0.070619
v 0.095040 0.024385 -0.066731
v 0.099240 0.020577 -0.063909
v 0.099244 0.020913 -0.063595
v 0.098967 0.022957 -0.061686
v 0.099160 0.023864 -0.060302
v 0.100679 0.014060 -0.066785
v 0.101119 0.014376 -0.065665
v 0.100811 0.015000 -0.065767
v 0.101698 0.012973 -0.065435
v 0.100503 0.015938 -0.065613
v 0.099769 0.017872 -0.065296
v 0.099464 0.019744 -0.064335
v 0.099284 0.024876 -0.058758
v 0.118621 0.005124 -0.058758
v 0.118621 0.012128 -0.065296
v 0.118621 0.007043 -0.061686
v 0.118621 0.008123 -0.056295
v 0.118621 0.009423 -0.063909
v 0.118621 0.012373 -0.060471
v 0.118621 0.010004 -0.058839
v 0.122621 0.008123 -0.056295
v 0.122621 0.012373 -0.060471
v 0.122621 0.010004 -0.058839
v 0.118621 0.015000 -0.065767
v 0.118621 0.017872 -0.065296
v 0.118621 0.015000 -0.061034
v 0.118621 0.017627 -0.060471
v 0.122621 0.015000 -0.061034
v 0.122621 0.017627 -0.060471
v 0.118621 0.020577 -0.063909
v 0.118621 0.019996 -0.058839
v 0.118621 0.022957 -0.061686
v 0.118621 0.021877 -0.056295
v 0.118621 0.024876 -0.058758
v 0.122621 0.019996 -0.058839
v 0.122621 0.021877 -0.056295
v 0.107784 0.003780 -0.055293
v 0.108200 0.003559 -0.054081
v 0.105260 0.024876 -0.040320
v 0.105771 0.024277 -0.039405
v 0.108061 0.020577 -0.035169
v 0.107006 0.022551 -0.037011
v 0.106747 0.022957 -0.037391
v 0.106311 0.024665 -0.035245
v 0.106739 0.024972 -0.025195
v 0.109012 0.003087 -0.051495
v 0.109370 0.000000 -0.051107
v 0.109556 0.003087 -0.049675
v 0.110036 0.003087 -0.047582
v 0.111285 0.000000 -0.042750
v 0.110444 0.003424 -0.045738
v 0.110796 0.003780 -0.043784
v 0.111366 0.005124 -0.040320
v 0.111443 0.005473 -0.039787
v 0.111521 0.005960 -0.039044
v 0.118621 0.003087 -0.051495
v 0.118621 0.003087 -0.047582
v 0.118621 0.003780 -0.055293
v 0.118621 0.003780 -0.043784
v 0.118621 0.005124 -0.040320
v 0.118621 0.006916 -0.053091
v 0.118621 0.006500 -0.049539
v 0.122621 0.006916 -0.053091
v 0.122621 0.006500 -0.049539
v 0.118621 0.006916 -0.045986
v 0.118621 0.008123 -0.042782
v 0.118621 0.010004 -0.040239
v 0.122621 0.006916 -0.045986
v 0.122621 0.008123 -0.042782
v 0.122621 0.010004 -0.040239
v 0.112449 0.000000 -0.034057
v 0.112691 0.000000 -0.028576
v 0.112518 0.004045 -0.028576
v 0.111548 0.006309 -0.038511
v 0.111541 0.007043 -0.037391
v 0.112337 0.006321 -0.030479
v 0.111378 0.009423 -0.035169
v 0.111207 0.010978 -0.034371
v 0.111010 0.012128 -0.033781
v 0.112337 0.006321 -0.028576
v 0.111987 0.008601 -0.028576
v 0.118121 0.000000 -0.025195
v 0.118121 0.002893 -0.024755
v 0.118121 0.005640 -0.023454
v 0.126621 0.000000 -0.025195
v 0.126621 0.002893 -0.024755
v 0.126621 0.005640 -0.023454
v 0.118621 0.007043 -0.037391
v 0.118621 0.009423 -0.035169
v 0.118621 0.012373 -0.038606
v 0.118621 0.012128 -0.033781
v 0.122621 0.012373 -0.038606
v 0.122621 0.015000 -0.049539
v 0.118621 0.023084 -0.053091
v 0.118621 0.023500 -0.049539
v 0.122621 0.023084 -0.053091
v 0.122621 0.023500 -0.049539
v 0.118621 0.019996 -0.040239
v 0.118621 0.023084 -0.045986
v 0.118621 0.021877 -0.042782
v 0.118621 0.024876 -0.040320
v 0.122621 0.019996 -0.040239
v 0.122621 0.023084 -0.045986
v 0.122621 0.021877 -0.042782
v 0.110257 0.015000 -0.033310
v 0.110156 0.015344 -0.033366
v 0.110937 0.012517 -0.033717
v 0.109285 0.017872 -0.033781
v 0.108951 0.018744 -0.034229
v 0.111194 0.012600 -0.028576
v 0.110035 0.016699 -0.028576
v 0.109936 0.017000 -0.028576
v 0.109285 0.018981 -0.030484
v 0.118621 0.015000 -0.038043
v 0.118621 0.015000 -0.033310
v 0.118621 0.017627 -0.038606
v 0.118621 0.017872 -0.033781
v 0.122621 0.015000 -0.038043
v 0.122621 0.017627 -0.038606
v 0.118121 0.017000 -0.028576
v 0.118621 0.020577 -0.035169
v 0.118621 0.022957 -0.037391
v 0.092961 0.030712 -0.061443
v 0.098403 0.026802 -0.058174
v 0.099685 0.025519 -0.057099
v 0.090536 0.036002 -0.055287
v 0.093074 0.037214 -0.047432
v 0.096001 0.032689 -0.052518
v 0.098437 0.033360 -0.044210
v 0.099943 0.026220 -0.055293
v 0.101007 0.026913 -0.051495
v 0.101420 0.026913 -0.050463
v 0.102308 0.026913 -0.047690
v 0.102336 0.026913 -0.047582
v 0.100875 0.028571 -0.049076
v 0.103778 0.026220 -0.043784
v 0.102981 0.028824 -0.040426
v 0.104152 0.025937 -0.043055
v 0.097139 0.037233 -0.030404
v 0.103861 0.029461 -0.030408
v 0.100331 0.033347 -0.035514
v 0.100704 0.033786 -0.025195
v 0.095326 0.037651 -0.038880
v 0.091779 0.041084 -0.033624
v 0.093466 0.040406 -0.025195
v 0.118621 0.026220 -0.055293
v 0.118621 0.026913 -0.051495
v 0.118621 0.026913 -0.047582
v 0.118621 0.026220 -0.043784
v 0.055666 0.003910 0.033454
v 0.061107 0.000000 0.036722
v 0.056214 0.011337 0.032042
v 0.061252 0.007717 0.035900
v 0.066554 0.003907 0.038253
v 0.066565 0.010456 0.036885
v 0.057850 0.024516 0.025133
v 0.056319 0.017814 0.029017
v 0.061202 0.014310 0.033664
v 0.061373 0.020610 0.030222
v 0.066612 0.017016 0.034181
v 0.066630 0.023011 0.030367
v 0.071990 0.000000 0.039044
v 0.077426 0.003907 0.038253
v 0.077415 0.010456 0.036885
v 0.071990 0.006553 0.038430
v 0.082873 0.000000 0.036722
v 0.088314 0.003910 0.033454
v 0.082728 0.007717 0.035900
v 0.087766 0.011337 0.032042
v 0.086130 0.024516 0.025133
v 0.071990 0.012980 0.036599
v 0.077368 0.017016 0.034181
v 0.071990 0.019159 0.033586
v 0.071990 0.024972 0.029450
v 0.077350 0.023011 0.030367
v 0.082778 0.014310 0.033664
v 0.087661 0.017814 0.029017
v 0.082607 0.020610 0.030222
v 0.053973 0.041770 -0.014861
v 0.055750 0.042383 -0.012457
v 0.056849 0.042647 -0.010972
v 0.054266 0.040977 -0.008500
v 0.059418 0.043565 -0.009201
v 0.059927 0.043697 -0.008851
v 0.059684 0.043522 -0.008231
v 0.053973 0.050000 -0.014861
v 0.056849 0.050000 -0.010972
v 0.060473 0.043791 -0.008475
v 0.061494 0.044050 -0.008256
v 0.060473 0.050000 -0.008475
v 0.064490 0.044755 -0.007614
v 0.065135 0.044975 -0.007752
v 0.065530 0.045078 -0.007837
v 0.064490 0.050000 -0.007614
v 0.071128 0.046074 -0.010280
v 0.067406 0.045363 -0.008239
v 0.068507 0.045511 -0.008475
v 0.068507 0.050000 -0.008475
v 0.056670 0.040086 -0.000552
v 0.062240 0.042323 -0.000387
v 0.059367 0.038428 0.006924
v 0.068627 0.043367 0.000475
v 0.065600 0.039908 0.008161
v 0.075680 0.046856 -0.016648
v 0.075518 0.046826 -0.016218
v 0.075007 0.046644 -0.014861
v 0.074245 0.046543 -0.013830
v 0.075007 0.050000 -0.014861
v 0.076854 0.046841 -0.019762
v 0.080982 0.045904 -0.016665
v 0.076854 0.050000 -0.019762
v 0.072131 0.046165 -0.010972
v 0.071990 0.045783 -0.008082
v 0.072131 0.050000 -0.010972
v 0.078626 0.045175 -0.008309
v 0.084296 0.043522 -0.008231
v 0.089714 0.040977 -0.008500
v 0.086624 0.043904 -0.016738
v 0.075353 0.043367 0.000475
v 0.071990 0.040406 0.008577
v 0.078380 0.039908 0.008161
v 0.081740 0.042323 -0.000387
v 0.087310 0.040086 -0.000552
v 0.084613 0.038428 0.006924
v 0.054615 0.027920 0.019014
v 0.059898 0.030752 0.019921
v 0.056804 0.033588 0.013445
v 0.062305 0.036036 0.013787
v 0.063288 0.027134 0.025724
v 0.068678 0.029243 0.025158
v 0.065429 0.032955 0.019904
v 0.068675 0.037060 0.014648
v 0.075302 0.029243 0.025158
v 0.080692 0.027134 0.025724
v 0.075305 0.037060 0.014648
v 0.078551 0.032955 0.019904
v 0.071990 0.033388 0.020497
v 0.084082 0.030752 0.019921
v 0.089365 0.027920 0.019014
v 0.081675 0.036036 0.013787
v 0.087176 0.033588 0.013445
v 0.108388 0.018344 -0.009863
v 0.106311 0.024665 -0.015146
v 0.104352 0.024747 -0.005178
v 0.105038 0.023750 -0.005344
v 0.107100 0.017000 -0.002123
v 0.106464 0.018222 -0.001103
v 0.106623 0.017000 -0.000317
v 0.103417 0.017000 0.008643
v 0.104768 0.017000 0.005119
v 0.103894 0.017000 0.007577
v 0.103612 0.021542 0.002934
v 0.103575 0.021536 0.003069
v 0.104465 0.023222 -0.002598
v 0.104466 0.023338 -0.002788
v 0.104405 0.024484 -0.004731
v 0.104424 0.024314 -0.004476
v 0.105192 0.023840 -0.002082
v 0.104254 0.022133 -0.000138
v 0.104301 0.022279 -0.000531
v 0.104154 0.022021 0.000370
v 0.105566 0.023608 0.001680
v 0.103239 0.021456 0.004107
v 0.103095 0.021454 0.004516
v 0.102524 0.021379 0.005873
v 0.101912 0.021503 0.007105
v 0.101770 0.021526 0.007375
v 0.101061 0.021760 0.008573
v 0.103200 0.022146 0.006857
v 0.099555 0.022616 0.010660
v 0.099951 0.022334 0.010183
v 0.099461 0.022695 0.010759
v 0.101738 0.023050 0.010056
v 0.104154 0.022021 0.003635
v 0.105192 0.023840 0.005441
v 0.104104 0.024512 0.008834
v 0.126621 0.000000 -0.007614
v 0.118121 0.008105 -0.021360
v 0.118121 0.010164 -0.018576
v 0.118121 0.011713 -0.015242
v 0.126621 0.008105 -0.021360
v 0.126621 0.010164 -0.018576
v 0.126621 0.011713 -0.015242
v 0.118121 0.000000 0.009967
v 0.118121 0.002893 0.009526
v 0.118121 0.005640 0.008226
v 0.126621 0.000000 0.009967
v 0.126621 0.002893 0.009526
v 0.126621 0.005640 0.008226
v 0.118121 0.010164 0.003348
v 0.118121 0.011713 0.000014
v 0.126621 0.010164 0.003348
v 0.126621 0.011713 0.000014
v 0.118121 0.008105 0.006132
v 0.126621 0.008105 0.006132
v 0.109936 0.017000 -0.021563
v 0.109760 0.017000 -0.018337
v 0.108950 0.017000 -0.010986
v 0.108626 0.017000 -0.008931
v 0.109285 0.018981 -0.019907
v 0.118121 0.012674 -0.011526
v 0.118121 0.013000 -0.007614
v 0.126621 0.012674 -0.011526
v 0.126621 0.013000 -0.007614
v 0.118121 0.012674 -0.003702
v 0.126621 0.012674 -0.003702
v 0.097327 0.003854 0.024924
v 0.093202 0.007431 0.028777
v 0.096779 0.011262 0.023540
v 0.101046 0.000000 0.019959
v 0.102378 0.001731 0.017439
v 0.101956 0.006174 0.017439
v 0.104990 0.000000 0.014676
v 0.105470 0.000000 0.014676
v 0.104990 0.001301 0.014326
v 0.105470 0.001301 0.014326
v 0.104990 0.002383 0.013348
v 0.105470 0.002383 0.013348
v 0.100669 0.007630 0.019373
v 0.101578 0.008241 0.017439
v 0.100676 0.011803 0.017439
v 0.093466 0.000000 0.029450
v 0.096561 0.017658 0.020229
v 0.099095 0.016000 0.017439
v 0.092415 0.014678 0.026775
v 0.097910 0.023784 0.012138
v 0.098052 0.023658 0.012042
v 0.095040 0.024385 0.016340
v 0.091125 0.021565 0.023494
v 0.100109 0.013651 0.017439
v 0.099557 0.015041 0.017439
v 0.101432 0.016000 0.013348
v 0.101021 0.017000 0.013348
v 0.100497 0.016000 0.015184
v 0.104990 0.016000 0.013348
v 0.104990 0.016000 0.017439
v 0.100103 0.020203 0.012564
v 0.100249 0.024435 0.012180
v 0.118121 0.017000 0.013348
v 0.097139 0.037233 -0.019986
v 0.097798 0.034241 -0.007275
v 0.098866 0.033357 -0.008149
v 0.098496 0.033684 -0.007942
v 0.096782 0.034894 -0.006394
v 0.097281 0.034584 -0.006865
v 0.103861 0.029461 -0.019983
v 0.103725 0.026524 -0.007153
v 0.103071 0.027949 -0.008158
v 0.102981 0.028824 -0.009965
v 0.101397 0.030495 -0.008988
v 0.102639 0.028783 -0.008561
v 0.102600 0.028841 -0.008583
v 0.102806 0.028489 -0.008476
v 0.101686 0.030117 -0.008886
v 0.102410 0.031121 -0.008167
v 0.104149 0.025373 -0.005941
v 0.104229 0.026894 -0.006765
v 0.104229 0.029785 -0.006765
v 0.100331 0.033347 -0.014877
v 0.100253 0.031886 -0.008979
v 0.099782 0.032410 -0.008791
v 0.100049 0.032121 -0.008924
v 0.100249 0.032245 -0.008820
v 0.101738 0.033630 -0.006697
v 0.099356 0.034584 -0.006865
v 0.104104 0.032168 -0.005475
v 0.093299 0.029789 0.011769
v 0.093152 0.030132 0.011538
v 0.092870 0.030758 0.011090
v 0.092911 0.030674 0.011163
v 0.092879 0.030731 0.011117
v 0.093410 0.031121 0.011527
v 0.094673 0.035817 -0.003219
v 0.093074 0.037214 -0.002959
v 0.093784 0.035967 -0.001369
v 0.093897 0.035981 -0.001641
v 0.093872 0.035980 -0.001572
v 0.094005 0.036104 -0.001484
v 0.092818 0.035676 0.001213
v 0.092482 0.035379 0.002581
v 0.093179 0.035996 0.001680
v 0.095191 0.035692 -0.004230
v 0.095200 0.035690 -0.004251
v 0.095307 0.035645 -0.004426
v 0.096448 0.036899 -0.001520
v 0.097910 0.035996 -0.004719
v 0.095451 0.036997 0.001680
v 0.097910 0.037340 0.001680
v 0.091971 0.033981 0.006395
v 0.092149 0.032484 0.008990
v 0.092156 0.032439 0.009061
v 0.092424 0.031731 0.009958
v 0.092045 0.033027 0.008116
v 0.094082 0.033630 0.010056
v 0.092239 0.035012 0.003931
v 0.092228 0.034976 0.004039
v 0.092075 0.034605 0.005014
v 0.090536 0.036002 0.004896
v 0.092620 0.034533 0.006857
v 0.094005 0.036104 0.004843
v 0.096448 0.036899 0.004879
v 0.095129 0.035621 0.007766
v 0.096465 0.034584 0.010225
v 0.097910 0.035996 0.008079
v 0.105674 0.026001 -0.003601
v 0.106470 0.025974 -0.000298
v 0.105566 0.028340 -0.004719
v 0.105674 0.030679 -0.003601
v 0.106568 0.028340 -0.001646
v 0.106910 0.028340 0.001680
v 0.106470 0.030705 -0.000298
v 0.102410 0.025559 0.011527
v 0.102410 0.031121 0.011527
v 0.105674 0.026001 0.006961
v 0.106470 0.025974 0.003657
v 0.104229 0.026894 0.010124
v 0.105674 0.030679 0.006961
v 0.106568 0.028340 0.005006
v 0.106470 0.030705 0.003657
v 0.105566 0.028340 0.008079
v 0.104229 0.029785 0.010124
v 0.100692 0.035621 -0.004406
v 0.099373 0.036899 -0.001520
v 0.103200 0.034533 -0.003497
v 0.101815 0.036104 -0.001484
v 0.100370 0.036997 0.001680
v 0.102642 0.035996 0.001680
v 0.105192 0.032840 -0.002082
v 0.105566 0.033071 0.001680
v 0.104154 0.034658 -0.000275
v 0.101738 0.033630 0.010056
v 0.099373 0.036899 0.004879
v 0.103200 0.034533 0.006857
v 0.101815 0.036104 0.004843
v 0.100692 0.035621 0.007766
v 0.099356 0.034584 0.010225
v 0.105192 0.032840 0.005441
v 0.104104 0.032168 0.008834
v 0.104154 0.034658 0.003635
v 0.091779 0.041084 -0.016767
v 0.095326 0.037651 -0.011511
v 0.094683 0.027410 0.012811
v 0.093823 0.028738 0.012366
v 0.095551 0.026270 0.012988
v 0.096428 0.025383 0.012808
v 0.096657 0.025105 0.012740
v 0.095209 0.026670 0.012984
v 0.095545 0.026878 0.013256
v 0.097910 0.025880 0.013388
v 0.095545 0.029802 0.013256
v 0.097910 0.028340 0.013851
v 0.097910 0.030799 0.013388
v 0.095571 0.032245 0.012180
v 0.097910 0.033071 0.012034
v 0.100276 0.026878 0.013256
v 0.100276 0.029802 0.013256
v 0.102642 0.028340 0.012034
v 0.100249 0.032245 0.012180
g camera
f 103 106 888
f 103 107 108
f 103 108 106
f 103 104 107
f 104 109 107
f 104 375 109
f 104 374 375
f 374 1102 378
f 374 376 375
f 374 378 376
f 628 632 629
f 627 629 632
f 627 632 1474
f 628 631 633
f 631 840 633
f 628 633 632
f 840 841 845
f 841 843 845
f 633 840 845
f 843 1705 845
f 868 875 878
f 868 870 869
f 868 877 870
f 868 878 877
f 869 870 871
f 869 871 880
f 869 880 879
f 879 884 883
f 879 880 881
f 879 881 882
f 879 882 884
f 883 884 885
f 883 885 886
f 883 886 892
f 886 894 892
f 868 888 875
f 103 888 891
f 875 888 889
f 888 890 889
f 106 890 888
f 868 869 891
f 868 891 888
f 103 891 104
f 104 891 374
f 869 879 891
f 879 883 891
f 883 892 891
f 891 892 901
f 892 902 901
f 892 894 902
f 901 902 903
f 901 903 904
f 891 901 906
f 901 905 906
f 901 904 905
f 905 907 906
f 891 906 910
f 891 910 1132
f 906 909 910
f 906 907 909
f 910 913 1132
f 909 911 910
f 910 911 913
f 374 891 1102
f 1102 1108 1107
f 378 1102 1107
f 891 1103 1102
f 891 1104 1103
f 1102 1103 1109
f 1102 1109 1108
f 1103 1111 1109
f 1103 1104 1105
f 1103 1112 1111
f 1103 1105 1112
f 1104 1106 1105
f 1104 1115 1106
f 891 1114 1104
f 891 1118 1114
f 891 1135 1118
f 891 1127 1135
f 1104 1114 1115
f 1114 1118 1120
f 1114 1116 1115
f 1114 1117 1116
f 1114 1120 1117
f 1118 1135 1119
f 1119 1135 1136
f 1118 1121 1120
f 1118 1119 1121
f 891 1132 1127
f 1128 1132 1133
f 1127 1132 1128
f 1127 1128 1129
f 1127 1130 1131
f 1127 1129 1130
f 913 1133 1132
f 1127 1131 1135
f 1131 1136 1135
f 1455 1459 1458
f 1457 1459 1460
f 1457 1458 1459
f 1460 1462 1461
f 1461 1462 1464
f 1459 1462 1460
f 1464 1467 1465
f 1465 1467 1466
f 1466 1467 1468
f 1462 1467 1464
f 1467 1471 1468
f 1468 1471 1469
f 1469 1471 1470
f 1470 1479 1478
f 1470 1471 1479
f 1455 1473 1474
f 627 1474 1472
f 1472 1474 1473
f 1455 1474 1459
f 632 1475 1474
f 1459 1475 1462
f 1459 1474 1475
f 632 633 1475
f 633 845 1475
f 1462 1475 1467
f 1467 1475 1471
f 1471 1475 1479
f 1475 1489 1479
f 1478 1479 1485
f 1479 1489 1485
f 1485 1489 1486
f 1486 1489 1487
f 1475 1492 1489
f 1487 1489 1488
f 1488 1492 1490
f 1488 1489 1492
f 1475 1497 1492
f 1475 1730 1497
f 1490 1492 1493
f 1492 1497 1493
f 1493 1497 1494
f 1494 1497 1496
f 1496 1497 1730
f 843 1698 1705
f 1698 1699 1705
f 845 1705 1475
f 1475 1705 1706
f 1475 1706 1709
f 1699 1700 1705
f 1700 1702 1706
f 1700 1706 1705
f 1702 1703 1706
f 1703 1707 1706
f 1707 1708 1709
f 1708 1710 1709
f 1706 1707 1709
f 1475 1709 1713
f 1475 1713 1717
f 1475 1717 1733
f 1475 1733 1727
f 1710 1711 1713
f 1711 1712 1713
f 1712 1715 1713
f 1709 1710 1713
f 1713 1715 1717
f 1714 1731 1733
f 1714 1733 1717
f 1715 1716 1717
f 1714 1717 1716
f 1475 1727 1730
f 1723 1728 1730
f 1723 1727 1724
f 1725 1727 1726
f 1724 1727 1725
f 1723 1730 1727
f 1496 1730 1728
f 1726 1733 1731
f 1726 1727 1733
f 2 122 121
f 2 157 852
f 1 2 121
f 1 157 2
f 122 872 123
f 102 123 874
f 105 874 890
f 105 890 106
f 105 106 108
f 105 108 107
f 102 874 105
f 102 105 151
f 110 383 151
f 107 109 110
f 105 107 110
f 109 375 110
f 105 110 151
f 120 124 131
f 1 115 200
f 120 206 201
f 115 124 120
f 115 120 201
f 121 123 124
f 115 121 124
f 121 122 123
f 102 124 123
f 102 131 124
f 1 121 115
f 131 151 137
f 131 137 144
f 120 144 206
f 120 131 144
f 144 209 206
f 144 381 209
f 137 381 144
f 102 151 131
f 137 151 383
f 153 158 159
f 152 153 920
f 152 158 153
f 1 200 154
f 154 200 156
f 156 210 163
f 154 156 155
f 155 156 163
f 154 158 157
f 152 852 157
f 152 157 158
f 1 154 157
f 154 155 158
f 155 159 158
f 159 162 161
f 159 161 160
f 153 160 923
f 153 159 160
f 160 161 418
f 160 418 925
f 155 163 162
f 162 163 164
f 163 210 165
f 163 165 164
f 161 162 422
f 162 164 422
f 164 165 423
f 155 162 159
f 172 204 198
f 189 198 204
f 189 195 198
f 189 391 195
f 172 196 210
f 172 198 197
f 172 197 196
f 165 196 434
f 196 435 434
f 196 197 435
f 195 199 198
f 197 198 199
f 195 394 199
f 197 199 438
f 197 438 435
f 199 394 439
f 199 439 438
f 156 200 203
f 200 201 203
f 115 201 200
f 201 206 204
f 201 204 203
f 156 203 210
f 172 210 203
f 172 203 204
f 189 206 209
f 189 204 206
f 189 209 391
f 165 210 196
f 165 434 423
f 110 375 377
f 375 376 377
f 377 378 1107
f 376 378 377
f 110 377 383
f 377 379 383
f 377 1107 1110
f 377 1110 379
f 379 1110 387
f 387 1122 388
f 137 383 380
f 137 380 381
f 380 384 382
f 209 381 397
f 381 382 397
f 380 382 381
f 382 398 397
f 382 384 385
f 382 385 398
f 379 380 383
f 379 384 380
f 379 387 384
f 385 389 400
f 384 387 386
f 384 386 385
f 386 387 388
f 386 388 390
f 385 386 389
f 386 390 389
f 389 390 408
f 390 1150 408
f 391 399 393
f 195 391 393
f 392 393 399
f 195 393 394
f 393 395 394
f 392 395 393
f 392 396 395
f 394 395 796
f 394 796 439
f 395 396 797
f 395 797 796
f 392 403 396
f 396 405 801
f 396 801 797
f 209 397 391
f 391 397 399
f 397 398 399
f 398 401 399
f 392 399 401
f 398 400 401
f 385 400 398
f 400 402 401
f 389 406 400
f 400 406 402
f 401 402 403
f 392 401 403
f 402 404 403
f 402 407 404
f 396 403 405
f 403 404 405
f 404 413 405
f 405 413 805
f 405 805 801
f 402 406 407
f 389 408 406
f 406 408 410
f 408 1150 409
f 408 409 410
f 406 410 407
f 407 410 414
f 410 411 414
f 409 411 410
f 409 1167 411
f 404 407 412
f 404 412 413
f 412 816 413
f 412 416 816
f 407 414 412
f 412 414 416
f 414 415 416
f 411 415 414
f 415 821 416
f 411 1171 415
f 415 1173 821
f 161 417 418
f 161 422 417
f 417 420 418
f 418 420 1401
f 417 425 419
f 417 419 420
f 420 427 1403
f 419 427 420
f 164 421 422
f 417 422 425
f 421 425 422
f 164 423 421
f 421 423 424
f 421 426 425
f 425 426 429
f 421 424 426
f 424 472 426
f 419 425 429
f 419 432 427
f 427 428 1408
f 427 432 428
f 426 472 430
f 426 430 429
f 429 430 431
f 430 475 431
f 431 475 483
f 419 429 432
f 429 431 432
f 431 433 432
f 428 432 433
f 428 433 1432
f 431 483 433
f 434 435 436
f 424 434 436
f 435 437 436
f 436 443 472
f 436 437 443
f 437 441 443
f 435 438 437
f 437 438 440
f 438 439 440
f 439 798 440
f 437 440 441
f 440 453 441
f 440 798 453
f 441 474 443
f 441 453 460
f 441 460 474
f 453 804 460
f 423 434 424
f 424 436 472
f 443 473 472
f 430 472 473
f 443 474 473
f 430 473 475
f 473 476 475
f 475 476 584
f 473 474 476
f 474 479 476
f 460 479 474
f 460 482 479
f 460 804 482
f 433 484 1432
f 433 483 484
f 483 594 484
f 484 594 595
f 475 584 483
f 476 479 589
f 476 589 584
f 584 589 597
f 589 617 597
f 483 584 594
f 584 597 594
f 594 597 596
f 594 596 595
f 596 597 625
f 597 617 625
f 479 604 589
f 589 604 617
f 479 482 604
f 482 829 604
f 604 829 623
f 604 623 617
f 617 623 624
f 617 624 625
f 623 832 624
f 595 596 1452
f 596 625 1454
f 625 626 1454
f 624 626 625
f 626 1472 1454
f 626 629 627
f 626 627 1472
f 626 628 629
f 624 832 630
f 624 630 626
f 628 630 631
f 626 630 628
f 630 840 631
f 439 796 798
f 796 800 798
f 796 797 800
f 797 802 800
f 798 800 799
f 453 798 799
f 800 802 803
f 799 800 803
f 797 801 802
f 801 806 802
f 802 807 803
f 453 799 804
f 799 809 804
f 799 803 809
f 801 805 806
f 805 815 806
f 802 806 807
f 806 815 808
f 806 808 807
f 803 812 809
f 804 809 810
f 482 804 810
f 809 812 811
f 809 811 810
f 803 807 812
f 807 813 812
f 807 808 813
f 808 822 813
f 811 812 814
f 811 814 834
f 812 813 814
f 813 823 814
f 814 823 835
f 413 815 805
f 413 816 815
f 815 816 817
f 816 818 817
f 808 815 817
f 808 817 822
f 416 818 816
f 416 821 818
f 818 821 820
f 817 819 822
f 817 818 819
f 818 820 819
f 819 820 825
f 820 821 1669
f 820 1671 825
f 813 822 823
f 819 824 822
f 822 824 823
f 819 825 824
f 824 825 827
f 825 1676 827
f 823 824 826
f 823 826 835
f 824 827 826
f 826 827 1744
f 482 810 829
f 810 830 829
f 829 830 831
f 810 811 830
f 811 834 830
f 830 834 833
f 623 829 831
f 623 831 832
f 830 833 831
f 831 844 832
f 831 833 844
f 833 838 844
f 814 835 834
f 834 835 837
f 826 836 835
f 835 836 837
f 833 834 837
f 833 837 838
f 837 839 838
f 836 839 837
f 630 832 842
f 832 844 842
f 630 842 840
f 840 842 841
f 841 842 843
f 842 1698 843
f 842 844 1701
f 838 1701 844
f 842 1701 1698
f 838 839 1718
f 826 1744 836
f 846 850 847
f 847 850 855
f 847 856 887
f 847 855 856
f 848 853 917
f 848 849 854
f 848 921 849
f 849 921 929
f 850 851 853
f 850 853 854
f 122 851 846
f 2 851 122
f 846 851 850
f 2 852 851
f 851 852 853
f 852 917 853
f 850 854 855
f 854 862 855
f 849 862 854
f 848 854 853
f 856 857 896
f 855 861 856
f 856 861 857
f 857 861 864
f 857 864 858
f 849 859 862
f 849 929 859
f 859 929 930
f 859 860 863
f 859 930 860
f 860 934 866
f 861 862 863
f 855 862 861
f 859 863 862
f 861 863 864
f 863 866 864
f 864 866 865
f 858 864 865
f 858 865 949
f 860 866 863
f 865 866 867
f 865 867 943
f 866 934 867
f 870 876 871
f 122 846 872
f 872 873 876
f 846 873 872
f 846 847 873
f 872 876 874
f 874 875 889
f 874 876 878
f 874 878 875
f 123 872 874
f 871 876 873
f 871 873 880
f 876 877 878
f 870 877 876
f 873 881 880
f 873 882 881
f 882 887 893
f 882 893 884
f 884 893 885
f 885 893 886
f 886 893 894
f 847 887 873
f 873 887 882
f 874 889 890
f 887 896 893
f 893 896 895
f 893 902 894
f 893 895 902
f 856 896 887
f 857 897 896
f 895 896 897
f 895 899 908
f 897 898 899
f 857 858 897
f 858 898 897
f 858 949 898
f 895 897 899
f 898 900 899
f 899 900 914
f 898 950 900
f 895 903 902
f 895 904 903
f 895 908 904
f 904 908 905
f 905 908 907
f 909 912 911
f 911 912 913
f 907 908 909
f 908 912 909
f 908 915 912
f 912 1134 913
f 912 915 1134
f 899 914 908
f 908 914 915
f 914 916 915
f 915 916 1139
f 900 947 914
f 914 947 916
f 152 917 852
f 152 920 917
f 848 917 918
f 917 920 918
f 919 920 923
f 918 920 919
f 153 923 920
f 918 922 921
f 921 928 929
f 921 922 928
f 848 918 921
f 918 919 922
f 919 926 922
f 922 931 928
f 922 926 931
f 160 925 923
f 923 925 924
f 919 923 924
f 924 925 1402
f 919 924 926
f 924 927 926
f 926 937 931
f 926 927 937
f 924 1402 927
f 927 1413 937
f 928 930 929
f 928 932 930
f 930 932 933
f 860 930 933
f 928 931 932
f 931 938 932
f 932 935 933
f 932 938 935
f 860 933 934
f 933 936 934
f 867 934 970
f 934 936 970
f 933 935 936
f 935 941 936
f 936 941 971
f 931 937 938
f 937 939 938
f 935 938 940
f 938 939 940
f 937 1413 939
f 939 1417 940
f 935 940 941
f 940 942 941
f 941 942 986
f 940 1417 942
f 865 943 949
f 943 951 949
f 867 972 943
f 943 944 951
f 943 972 944
f 944 972 973
f 944 973 979
f 944 979 945
f 944 945 955
f 898 949 950
f 900 950 946
f 900 946 947
f 946 962 947
f 916 947 948
f 916 948 1191
f 947 962 948
f 948 962 1193
f 949 951 950
f 950 951 952
f 951 953 952
f 946 950 952
f 946 952 963
f 944 953 951
f 952 959 963
f 944 955 954
f 944 954 953
f 953 954 956
f 953 956 957
f 953 957 958
f 952 953 959
f 953 958 959
f 958 960 959
f 959 960 961
f 959 961 1022
f 959 1022 1023
f 946 963 962
f 962 964 1193
f 962 963 964
f 963 965 964
f 959 965 963
f 959 1024 965
f 959 1023 1024
f 964 965 1207
f 965 1024 1028
f 965 1028 1207
f 936 971 970
f 970 971 977
f 971 987 977
f 867 970 972
f 970 977 972
f 972 976 975
f 972 977 976
f 976 977 978
f 972 974 973
f 972 975 974
f 977 980 978
f 977 981 980
f 977 984 981
f 977 987 984
f 981 984 982
f 982 984 983
f 983 984 985
f 941 986 971
f 971 986 987
f 986 988 987
f 987 988 990
f 942 1501 986
f 986 1501 988
f 984 987 990
f 984 990 985
f 985 990 989
f 989 990 991
f 990 992 991
f 990 993 992
f 990 995 993
f 993 995 994
f 988 1505 990
f 990 1505 995
f 994 995 996
f 995 997 996
f 997 1507 998
f 995 1507 997
f 998 1507 1029
f 1029 1507 1030
f 1023 1025 1024
f 1024 1025 1026
f 1024 1026 1027
f 1024 1043 1028
f 1024 1027 1043
f 1030 1507 1566
f 1027 1044 1043
f 1028 1043 1345
f 1043 1044 1045
f 1043 1045 1046
f 1043 1046 1050
f 1046 1047 1050
f 1047 1048 1051
f 1043 1050 1049
f 1043 1049 1345
f 1049 1346 1345
f 1047 1051 1050
f 1030 1566 1061
f 1061 1566 1062
f 1062 1566 1063
f 1067 1068 1569
f 1063 1569 1064
f 1063 1566 1569
f 1064 1569 1065
f 1065 1569 1068
f 1067 1569 1590
f 1048 1085 1051
f 1051 1085 1090
f 1085 1086 1090
f 1087 1088 1089
f 1084 1089 1086
f 1086 1089 1090
f 1084 1087 1089
f 1089 1091 1090
f 1066 1089 1088
f 1066 1067 1590
f 1066 1590 1089
f 1089 1590 1092
f 1092 1590 1591
f 1089 1092 1091
f 1105 1106 1113
f 1107 1108 1110
f 1108 1109 1110
f 1109 1111 1110
f 1110 1111 1113
f 1110 1113 1122
f 1111 1112 1113
f 1105 1113 1112
f 1106 1123 1113
f 1106 1115 1123
f 1115 1116 1123
f 1116 1117 1123
f 1119 1136 1137
f 1117 1120 1137
f 1120 1121 1137
f 1117 1137 1125
f 1119 1137 1121
f 387 1110 1122
f 1113 1123 1122
f 1122 1123 1124
f 388 1122 1124
f 1123 1126 1124
f 1124 1126 1149
f 1117 1125 1123
f 1123 1125 1126
f 1125 1143 1126
f 1126 1143 1153
f 388 1124 1148
f 388 1148 390
f 1124 1149 1148
f 913 1134 1133
f 1128 1133 1134
f 1128 1134 1129
f 1129 1134 1138
f 1131 1137 1136
f 1129 1138 1130
f 1130 1138 1131
f 1131 1138 1137
f 1137 1138 1142
f 915 1139 1134
f 1134 1139 1140
f 1134 1140 1138
f 916 1191 1139
f 1139 1191 1141
f 1138 1140 1145
f 1139 1141 1140
f 1140 1141 1146
f 1125 1137 1142
f 1125 1142 1143
f 1138 1145 1142
f 1142 1145 1144
f 1142 1144 1143
f 1143 1144 1156
f 1140 1146 1145
f 1145 1146 1147
f 1141 1220 1146
f 1144 1145 1147
f 1144 1147 1161
f 1146 1236 1147
f 1147 1162 1161
f 1147 1236 1162
f 1162 1236 1244
f 1126 1153 1149
f 1148 1149 1151
f 1149 1152 1151
f 390 1148 1150
f 1148 1151 1150
f 1150 1151 1165
f 1151 1154 1165
f 1149 1153 1152
f 1152 1153 1158
f 1152 1158 1155
f 1151 1152 1154
f 1152 1155 1154
f 1154 1155 1169
f 1155 1177 1169
f 1143 1156 1153
f 1144 1161 1156
f 1153 1156 1158
f 1156 1157 1158
f 1156 1161 1157
f 1157 1159 1158
f 1155 1158 1159
f 1155 1159 1177
f 1159 1179 1177
f 1157 1160 1159
f 1159 1160 1179
f 1161 1162 1163
f 1157 1161 1163
f 1162 1252 1164
f 1162 1164 1163
f 1157 1163 1160
f 1160 1163 1176
f 1163 1164 1176
f 409 1150 1165
f 409 1165 1167
f 1154 1166 1165
f 1165 1166 1167
f 1154 1169 1166
f 411 1167 1171
f 1167 1168 1171
f 1166 1168 1167
f 1166 1169 1170
f 1169 1177 1178
f 1169 1178 1170
f 1166 1170 1168
f 1168 1170 1174
f 1170 1178 1180
f 1170 1180 1174
f 415 1171 1173
f 1171 1172 1173
f 1168 1172 1171
f 1172 1670 1173
f 1168 1174 1172
f 1172 1174 1175
f 1174 1180 1186
f 1174 1186 1175
f 1172 1175 1670
f 1175 1186 1681
f 1160 1182 1179
f 1160 1176 1182
f 1176 1184 1182
f 1164 1375 1176
f 1176 1375 1184
f 1177 1179 1178
f 1178 1179 1181
f 1179 1182 1181
f 1178 1181 1180
f 1180 1181 1185
f 1181 1182 1183
f 1181 1183 1185
f 1182 1184 1183
f 1183 1184 1189
f 1184 1378 1189
f 1180 1185 1186
f 1183 1188 1185
f 1185 1188 1187
f 1185 1187 1186
f 1187 1188 1685
f 1186 1187 1681
f 1183 1189 1188
f 1189 1388 1190
f 1188 1189 1190
f 1188 1190 1685
f 948 1193 1191
f 1191 1193 1192
f 1141 1191 1192
f 1141 1192 1220
f 1146 1220 1236
f 1192 1193 1199
f 1192 1232 1220
f 1192 1199 1197
f 1192 1194 1232
f 1192 1195 1194
f 1192 1196 1195
f 1192 1197 1196
f 1197 1199 1198
f 964 1199 1193
f 964 1207 1199
f 1198 1199 1201
f 1199 1202 1201
f 1199 1204 1202
f 1199 1209 1204
f 1199 1211 1209
f 1199 1207 1208
f 1028 1310 1207
f 1207 1310 1208
f 1199 1208 1211
f 1208 1212 1211
f 1208 1213 1212
f 1208 1214 1213
f 1208 1215 1214
f 1208 1216 1215
f 1208 1219 1216
f 1208 1310 1312
f 1208 1312 1219
f 1220 1232 1231
f 1220 1230 1225
f 1220 1231 1230
f 1220 1223 1221
f 1220 1221 1227
f 1220 1225 1222
f 1220 1222 1223
f 1220 1228 1236
f 1220 1227 1228
f 1228 1237 1236
f 1236 1237 1238
f 1236 1238 1239
f 1236 1239 1242
f 1236 1242 1243
f 1236 1243 1244
f 1162 1244 1245
f 1162 1245 1246
f 1162 1246 1252
f 1164 1252 1253
f 1164 1253 1254
f 1164 1254 1256
f 1256 1257 1374
f 1257 1295 1374
f 1295 1296 1374
f 1164 1256 1374
f 1296 1300 1374
f 1302 1303 1374
f 1300 1302 1374
f 1028 1345 1310
f 1310 1345 1313
f 1310 1313 1312
f 1219 1312 1311
f 1311 1312 1316
f 1312 1313 1339
f 1313 1349 1340
f 1326 1380 1373
f 1312 1317 1316
f 1312 1319 1317
f 1312 1320 1319
f 1312 1339 1320
f 1320 1339 1322
f 1323 1339 1324
f 1314 1324 1339
f 1322 1339 1323
f 1314 1339 1315
f 1315 1339 1343
f 1315 1344 1330
f 1330 1344 1331
f 1332 1342 1333
f 1331 1344 1332
f 1334 1380 1335
f 1333 1380 1334
f 1328 1335 1380
f 1326 1327 1380
f 1327 1328 1380
f 1333 1342 1380
f 1313 1340 1339
f 1339 1340 1341
f 1339 1341 1343
f 1332 1344 1342
f 1342 1381 1380
f 1315 1343 1344
f 1345 1346 1347
f 1313 1345 1347
f 1313 1347 1348
f 1313 1348 1349
f 1164 1374 1375
f 1374 1376 1375
f 1303 1304 1374
f 1304 1372 1374
f 1372 1373 1374
f 1373 1380 1374
f 1374 1380 1376
f 1376 1380 1377
f 1376 1377 1384
f 1376 1385 1389
f 1376 1384 1385
f 1375 1376 1378
f 1184 1375 1378
f 1376 1389 1378
f 1380 1381 1383
f 1380 1383 1377
f 1381 1382 1383
f 1389 1385 1391
f 1378 1389 1388
f 1389 1392 1390
f 1388 1389 1390
f 1388 1390 1841
f 1389 1391 1392
f 1392 1391 1393
f 1392 1393 1394
f 1392 1394 1395
f 1392 1395 1829
f 1390 1392 1829
f 1189 1378 1388
f 1190 1388 1841
f 418 1401 925
f 925 1401 1402
f 1401 1404 1402
f 420 1403 1401
f 1401 1403 1404
f 1403 1407 1404
f 927 1402 1405
f 1402 1404 1405
f 927 1405 1413
f 1405 1415 1413
f 1404 1406 1405
f 1404 1407 1406
f 1405 1406 1415
f 1406 1421 1415
f 1403 1408 1407
f 1407 1408 1410
f 427 1408 1403
f 428 1409 1408
f 428 1432 1409
f 1408 1409 1410
f 1409 1430 1410
f 1406 1407 1411
f 1407 1410 1411
f 1406 1411 1421
f 1411 1423 1421
f 1410 1412 1411
f 1411 1412 1423
f 1412 1424 1423
f 1410 1430 1412
f 939 1413 1414
f 1413 1415 1414
f 939 1414 1417
f 1414 1419 1417
f 1414 1415 1416
f 1415 1421 1416
f 1414 1416 1419
f 1416 1426 1419
f 1417 1419 1418
f 942 1417 1418
f 942 1418 1501
f 1419 1426 1420
f 1418 1419 1420
f 1418 1420 1503
f 1416 1421 1422
f 1421 1423 1422
f 1416 1422 1426
f 1422 1428 1426
f 1422 1423 1425
f 1423 1424 1425
f 1422 1425 1428
f 1425 1441 1428
f 1426 1428 1427
f 1420 1426 1427
f 1420 1427 1517
f 1427 1428 1429
f 1428 1441 1429
f 1427 1429 1518
f 1429 1446 1518
f 1409 1433 1430
f 1412 1430 1431
f 1430 1436 1431
f 1412 1431 1424
f 1409 1432 1433
f 484 1435 1432
f 1432 1435 1433
f 1433 1435 1434
f 1433 1434 1436
f 484 595 1435
f 595 1438 1435
f 1434 1435 1438
f 1430 1433 1436
f 1434 1437 1436
f 1431 1436 1442
f 1436 1437 1442
f 1434 1438 1439
f 1434 1439 1437
f 1437 1439 1449
f 1439 1463 1449
f 1424 1431 1440
f 1424 1440 1425
f 1431 1442 1440
f 1425 1440 1441
f 1440 1444 1441
f 1429 1441 1445
f 1440 1442 1444
f 1442 1443 1444
f 1437 1443 1442
f 1443 1447 1444
f 1441 1444 1445
f 1429 1445 1446
f 1445 1448 1446
f 1446 1448 1642
f 1444 1447 1445
f 1445 1447 1448
f 1447 1451 1448
f 1448 1451 1645
f 1437 1449 1443
f 1443 1449 1450
f 1449 1476 1450
f 1443 1450 1447
f 1447 1450 1451
f 595 1452 1438
f 1438 1452 1453
f 1438 1453 1439
f 1452 1456 1453
f 596 1454 1452
f 1452 1454 1456
f 1454 1473 1455
f 1454 1458 1456
f 1454 1455 1458
f 1453 1456 1461
f 1453 1461 1464
f 1456 1458 1457
f 1456 1457 1460
f 1456 1460 1461
f 1439 1453 1463
f 1453 1466 1463
f 1453 1464 1465
f 1453 1465 1466
f 1463 1466 1477
f 1466 1468 1477
f 1468 1469 1477
f 1469 1470 1477
f 1470 1478 1477
f 1454 1472 1473
f 1449 1463 1476
f 1450 1476 1481
f 1476 1480 1481
f 1463 1477 1476
f 1476 1477 1480
f 1477 1478 1485
f 1477 1485 1480
f 1450 1481 1451
f 1451 1481 1482
f 1481 1483 1482
f 1451 1482 1645
f 1480 1483 1481
f 1482 1484 1646
f 1482 1483 1484
f 1483 1499 1484
f 1480 1491 1483
f 1480 1485 1486
f 1480 1486 1487
f 1480 1487 1491
f 1487 1488 1491
f 1488 1490 1491
f 1490 1493 1491
f 1491 1493 1495
f 1491 1495 1500
f 1495 1496 1729
f 1495 1729 1500
f 1493 1494 1495
f 1494 1496 1495
f 1484 1499 1663
f 1498 1663 1499
f 1483 1491 1499
f 1491 1500 1499
f 1498 1499 1500
f 1498 1500 1737
f 1418 1503 1501
f 1501 1503 1502
f 988 1501 1502
f 988 1502 1505
f 1420 1517 1503
f 1503 1517 1504
f 1502 1503 1504
f 1502 1504 1511
f 995 1505 1506
f 1502 1511 1505
f 1505 1511 1506
f 995 1506 1507
f 1506 1510 1507
f 1507 1508 1556
f 1507 1556 1557
f 1506 1515 1509
f 1506 1509 1510
f 1507 1510 1508
f 1506 1511 1516
f 1511 1514 1513
f 1511 1513 1516
f 1504 1525 1511
f 1511 1528 1512
f 1511 1525 1528
f 1511 1512 1514
f 1506 1516 1515
f 1427 1518 1517
f 1517 1518 1519
f 1504 1517 1519
f 1504 1519 1525
f 1519 1529 1525
f 1519 1530 1529
f 1519 1531 1530
f 1518 1520 1519
f 1446 1520 1518
f 1519 1520 1521
f 1519 1521 1531
f 1520 1522 1521
f 1520 1523 1522
f 1520 1524 1523
f 1525 1526 1528
f 1525 1527 1526
f 1525 1529 1527
f 1507 1557 1566
f 1560 1563 1632
f 1560 1561 1563
f 1561 1562 1563
f 1559 1563 1562
f 1563 1564 1632
f 1557 1565 1566
f 1565 1567 1566
f 1566 1567 1568
f 1566 1568 1569
f 1568 1570 1569
f 1569 1570 1571
f 1569 1571 1572
f 1569 1572 1573
f 1569 1573 1574
f 1569 1574 1590
f 1590 1592 1591
f 1574 1595 1590
f 1574 1593 1595
f 1590 1595 1592
f 1592 1595 1599
f 1593 1594 1595
f 1594 1596 1595
f 1595 1596 1597
f 1595 1597 1600
f 1597 1598 1600
f 1598 1629 1600
f 1598 1626 1629
f 1595 1600 1599
f 1624 1629 1626
f 1624 1625 1630
f 1625 1632 1630
f 1627 1628 1632
f 1625 1627 1632
f 1624 1630 1629
f 1630 1632 1631
f 1631 1632 1819
f 1631 1819 1815
f 1560 1632 1628
f 1564 1819 1632
f 1446 1642 1520
f 1520 1642 1643
f 1520 1643 1524
f 1524 1643 1532
f 1532 1643 1644
f 1642 1647 1643
f 1448 1645 1642
f 1642 1645 1647
f 1643 1649 1644
f 1643 1647 1654
f 1645 1646 1647
f 1647 1648 1654
f 1646 1648 1647
f 1646 1662 1648
f 1648 1662 1660
f 1643 1654 1649
f 1649 1654 1650
f 1650 1654 1651
f 1651 1654 1652
f 1652 1654 1653
f 1653 1654 1656
f 1653 1656 1655
f 1655 1656 1657
f 1648 1656 1654
f 1558 1657 1656
f 1558 1656 1559
f 1648 1660 1656
f 1658 1660 1662
f 1658 1859 1661
f 1656 1660 1659
f 1559 1656 1563
f 1563 1656 1659
f 1659 1661 1865
f 1563 1659 1564
f 1564 1659 1865
f 1659 1660 1661
f 1658 1661 1660
f 1482 1646 1645
f 1484 1662 1646
f 1484 1663 1662
f 1658 1662 1663
f 1658 1663 1664
f 1498 1664 1663
f 1498 1959 1664
f 1658 1664 1859
f 821 1173 1669
f 1173 1670 1669
f 1669 1670 1672
f 820 1669 1671
f 1669 1672 1671
f 1671 1672 1677
f 1670 1673 1672
f 1175 1673 1670
f 1175 1681 1673
f 1673 1681 1684
f 1672 1673 1674
f 1672 1674 1677
f 1674 1684 1690
f 1673 1684 1674
f 827 1676 1675
f 827 1675 1744
f 1675 1676 1678
f 1675 1678 1748
f 1678 1680 1748
f 825 1671 1676
f 1671 1677 1676
f 1676 1677 1678
f 1674 1679 1677
f 1677 1679 1678
f 1674 1690 1679
f 1679 1690 1692
f 1678 1679 1680
f 1679 1692 1680
f 1680 1692 1693
f 1682 1685 1687
f 1187 1682 1681
f 1681 1682 1684
f 1187 1685 1682
f 1683 1690 1684
f 1682 1687 1683
f 1683 1687 1695
f 1682 1683 1684
f 1685 1686 1687
f 1190 1841 1686
f 1190 1686 1685
f 1687 1688 1695
f 1686 1827 1688
f 1686 1688 1687
f 1694 1697 1753
f 1689 1697 1696
f 1689 1753 1697
f 1689 1696 1848
f 1689 1848 1758
f 1683 1691 1690
f 1690 1691 1692
f 1683 1695 1691
f 1691 1695 1697
f 1691 1694 1692
f 1692 1694 1693
f 1691 1697 1694
f 1695 1696 1697
f 1688 1696 1695
f 1688 1844 1696
f 836 1746 839
f 839 1746 1720
f 1720 1746 1747
f 1698 1701 1699
f 1699 1701 1700
f 1700 1701 1702
f 1701 1718 1704
f 1701 1704 1702
f 1702 1704 1703
f 1703 1704 1707
f 1704 1719 1708
f 1708 1719 1710
f 1704 1708 1707
f 1710 1719 1711
f 1711 1719 1712
f 1714 1732 1731
f 1712 1721 1732
f 1712 1732 1715
f 1715 1732 1716
f 1714 1716 1732
f 838 1718 1701
f 1718 1720 1719
f 1704 1718 1719
f 839 1720 1718
f 1719 1720 1722
f 1720 1747 1722
f 1712 1719 1721
f 1719 1722 1721
f 1722 1751 1739
f 1721 1722 1739
f 1743 1759 1760
f 1760 1909 1917
f 1743 1760 1917
f 1496 1728 1729
f 1723 1729 1728
f 1723 1724 1729
f 1724 1734 1729
f 1726 1731 1732
f 1724 1725 1734
f 1725 1726 1734
f 1726 1732 1734
f 1732 1738 1734
f 1498 1737 1959
f 1736 1959 1737
f 1734 1741 1735
f 1735 1736 1737
f 1735 1742 1736
f 1500 1729 1737
f 1729 1735 1737
f 1729 1734 1735
f 1721 1739 1738
f 1734 1738 1741
f 1738 1740 1741
f 1739 1754 1740
f 1738 1739 1740
f 1721 1738 1732
f 1741 1743 1742
f 1735 1741 1742
f 1736 1742 1893
f 1740 1743 1741
f 1740 1759 1743
f 1742 1743 1917
f 836 1744 1746
f 1744 1745 1746
f 1675 1745 1744
f 1675 1748 1745
f 1745 1747 1746
f 1745 1750 1747
f 1680 1749 1748
f 1745 1748 1750
f 1748 1749 1750
f 1680 1693 1749
f 1747 1750 1751
f 1750 1756 1751
f 1749 1756 1750
f 1722 1747 1751
f 1693 1752 1749
f 1693 1694 1752
f 1749 1752 1756
f 1694 1753 1752
f 1752 1753 1755
f 1751 1756 1754
f 1754 1756 1755
f 1754 1755 1759
f 1752 1755 1756
f 1758 1888 1760
f 1757 1758 1760
f 1689 1757 1753
f 1753 1757 1755
f 1689 1758 1757
f 1757 1760 1759
f 1755 1757 1759
f 1739 1751 1754
f 1740 1754 1759
f 1761 1766 1818
f 1761 1819 1762
f 1564 1762 1819
f 1761 1764 1766
f 1761 1762 1764
f 1763 1775 1764
f 1763 1764 1875
f 1791 1846 1856
f 1765 1818 1766
f 1765 1766 1767
f 1766 1769 1767
f 1768 1856 1852
f 1768 1770 1785
f 1769 1783 1770
f 1764 1773 1766
f 1766 1773 1779
f 1766 1772 1769
f 1766 1778 1780
f 1766 1780 1771
f 1766 1779 1778
f 1766 1771 1772
f 1764 1774 1773
f 1764 1776 1774
f 1764 1775 1776
f 1769 1782 1783
f 1770 1783 1784
f 1770 1784 1785
f 1785 1786 1856
f 1786 1787 1856
f 1787 1790 1856
f 1789 1791 1856
f 1789 1856 1790
f 1768 1785 1856
f 1769 1772 1782
f 1815 1819 1816
f 1761 1816 1819
f 1761 1817 1816
f 1761 1818 1817
f 1826 1827 1841
f 1390 1829 1826
f 1390 1826 1841
f 1828 1840 1849
f 1827 1828 1844
f 1826 1838 1828
f 1826 1828 1827
f 1829 1395 1830
f 1829 1830 1831
f 1829 1831 1838
f 1826 1829 1838
f 1838 1831 1839
f 1838 1839 1840
f 1828 1838 1840
f 1686 1841 1827
f 1688 1827 1844
f 1828 1849 1842
f 1842 1849 1850
f 1842 1850 1843
f 1842 1843 1856
f 1842 1848 1844
f 1696 1844 1848
f 1828 1842 1844
f 1842 1847 1848
f 1758 1848 1847
f 1842 1856 1847
f 1845 1847 1846
f 1847 1965 1964
f 1845 1965 1847
f 1846 1847 1856
f 1852 1853 1851
f 1852 1856 1853
f 1856 1843 1853
f 1859 1960 1878
f 1893 1903 1960
f 1861 1878 1862
f 1862 1878 1960
f 1860 1960 1864
f 1863 1864 1960
f 1863 1960 1903
f 1860 1862 1960
f 1865 1878 1868
f 1564 1865 1762
f 1762 1865 1868
f 1866 1875 1868
f 1866 1868 1867
f 1868 1878 1873
f 1868 1873 1871
f 1867 1868 1872
f 1868 1870 1872
f 1868 1871 1870
f 1762 1868 1764
f 1764 1868 1875
f 1661 1878 1865
f 1661 1859 1878
f 1878 1880 1881
f 1878 1881 1879
f 1869 1878 1879
f 1869 1873 1878
f 1861 1880 1878
f 1893 1902 1903
f 1892 1901 1893
f 1893 1901 1902
f 1893 1894 1896
f 1893 1898 1894
f 1892 1893 1895
f 1893 1896 1895
f 1893 1917 1899
f 1893 1899 1898
f 1908 1917 1912
f 1909 1912 1917
f 1760 1888 1911
f 1760 1911 1910
f 1760 1910 1909
f 1908 1916 1917
f 1899 1917 1914
f 1914 1917 1915
f 1915 1917 1916
f 1664 1959 1859
f 1859 1959 1960
f 1736 1960 1959
f 1736 1893 1960
f 1742 1917 1893
f 1847 1961 1962
f 1847 1962 1886
f 1847 1886 1887
f 1758 1847 1887
f 1758 1887 1889
f 1758 1889 1890
f 1758 1890 1888
f 1847 1964 1963
f 1847 1966 1961
f 1847 1963 1966
f 1049 1050 1060
f 1049 1060 1346
f 1060 1347 1346
f 1050 1051 1060
f 1051 1090 1060
f 1060 1090 1091
f 1060 1091 1092
f 1060 1092 1639
f 1060 1358 1356
f 1060 1098 1358
f 1060 1099 1098
f 1060 1639 1099
f 1342 1400 1381
f 1060 1348 1347
f 1060 1349 1348
f 1060 1400 1349
f 1060 1356 1357
f 1060 1357 1350
f 1060 1350 1351
f 1060 1351 1354
f 1060 1354 1400
f 1340 1349 1400
f 1340 1400 1341
f 1341 1400 1343
f 1343 1400 1344
f 1342 1344 1400
f 1354 1362 1400
f 1362 1363 1400
f 1363 1366 1400
f 1366 1368 1400
f 1368 1369 1400
f 1369 1803 1400
f 1400 1803 1804
f 1381 1386 1382
f 1381 1400 1386
f 1397 1396 1386
f 1397 1386 1858
f 1400 1858 1386
f 1092 1591 1639
f 1591 1592 1639
f 1592 1599 1639
f 1599 1600 1639
f 1099 1639 1601
f 1601 1639 1602
f 1602 1639 1603
f 1603 1639 1797
f 1639 1798 1797
f 1630 1631 1639
f 1631 1815 1639
f 1639 1815 1816
f 1600 1629 1639
f 1629 1630 1639
f 1768 1852 1858
f 1804 1805 1858
f 1809 1858 1813
f 1805 1813 1858
f 1816 1817 1858
f 1639 1816 1858
f 1639 1799 1798
f 1639 1820 1799
f 1639 1858 1820
f 1817 1818 1858
f 1765 1858 1818
f 1765 1767 1858
f 1767 1769 1858
f 1769 1770 1858
f 1768 1858 1770
f 1820 1858 1821
f 1810 1824 1858
f 1821 1858 1824
f 1809 1810 1858
f 1852 1851 1854
f 1852 1854 1858
f 1397 1858 1837
f 1837 1858 1836
f 1858 1854 1836
f 1400 1804 1858
f 1098 1361 1358
f 1098 1100 1361
f 1098 1099 1100
f 1099 1601 1101
f 1099 1101 1100
f 1101 1601 1604
f 1350 1353 1351
f 1351 1355 1354
f 1350 1352 1353
f 1351 1353 1355
f 1356 1358 1359
f 1356 1360 1357
f 1352 1357 1360
f 1356 1359 1360
f 1358 1361 1359
f 1359 1796 1360
f 1350 1357 1352
f 1352 1360 1796
f 1352 1796 1353
f 1353 1796 1355
f 1359 1361 1796
f 1100 1796 1361
f 1100 1101 1796
f 1101 1604 1796
f 1354 1364 1362
f 1362 1365 1363
f 1354 1355 1364
f 1362 1364 1365
f 1355 1796 1364
f 1364 1796 1365
f 1363 1367 1366
f 1366 1370 1368
f 1363 1365 1367
f 1366 1367 1370
f 1365 1796 1367
f 1367 1796 1370
f 1370 1796 1371
f 1368 1371 1369
f 1369 1806 1803
f 1368 1370 1371
f 1371 1796 1806
f 1369 1371 1806
f 1601 1602 1604
f 1602 1603 1605
f 1602 1605 1604
f 1603 1606 1605
f 1603 1797 1606
f 1606 1797 1800
f 1604 1605 1796
f 1605 1606 1796
f 1606 1800 1796
f 1796 1800 1801
f 1797 1798 1800
f 1798 1799 1801
f 1799 1820 1802
f 1796 1801 1802
f 1798 1801 1800
f 1799 1802 1801
f 1796 1802 1822
f 1796 1822 1823
f 1796 1823 1825
f 1802 1820 1822
f 1796 1808 1807
f 1796 1814 1808
f 1796 1811 1814
f 1803 1807 1804
f 1804 1808 1805
f 1796 1807 1806
f 1803 1806 1807
f 1804 1807 1808
f 1810 1825 1824
f 1809 1812 1810
f 1796 1812 1811
f 1796 1825 1812
f 1810 1812 1825
f 1809 1811 1812
f 1805 1814 1813
f 1809 1813 1811
f 1805 1808 1814
f 1811 1813 1814
f 1820 1821 1822
f 1821 1824 1823
f 1821 1823 1822
f 1823 1824 1825
f 945 979 1000
f 945 967 955
f 945 1000 967
f 954 955 967
f 954 966 956
f 956 968 957
f 957 968 958
f 958 968 960
f 954 967 966
f 956 966 968
f 960 969 961
f 961 969 1022
f 960 968 969
f 969 1036 1022
f 966 967 1031
f 966 1032 968
f 968 1035 969
f 974 975 999
f 973 974 999
f 973 1000 979
f 975 976 1002
f 976 978 1002
f 978 980 1006
f 980 981 1006
f 981 982 1007
f 982 983 1007
f 983 985 1007
f 985 989 1007
f 989 991 1012
f 978 1006 1002
f 973 999 1000
f 975 1002 999
f 981 1007 1006
f 989 1012 1007
f 967 1000 1001
f 999 1001 1000
f 999 1002 1003
f 1002 1008 1003
f 999 1003 1001
f 1002 1006 1008
f 1006 1009 1008
f 1006 1007 1009
f 1007 1012 1009
f 1009 1012 1013
f 991 992 1012
f 992 1014 1012
f 992 993 1014
f 993 994 1014
f 994 996 1016
f 994 1016 1014
f 996 997 1016
f 997 998 1021
f 998 1029 1021
f 997 1021 1016
f 1021 1029 1079
f 1012 1014 1013
f 1013 1014 1015
f 1014 1016 1015
f 1015 1016 1017
f 1016 1021 1017
f 1017 1021 1069
f 1021 1079 1069
f 1022 1036 1023
f 1023 1036 1025
f 967 1001 1031
f 966 1031 1032
f 968 1032 1035
f 969 1035 1036
f 1035 1037 1036
f 1036 1037 1052
f 1037 1038 1052
f 1025 1052 1026
f 1026 1052 1027
f 1027 1053 1044
f 1025 1036 1052
f 1027 1052 1053
f 1044 1053 1055
f 1044 1055 1045
f 1045 1055 1046
f 1046 1055 1057
f 1046 1057 1047
f 1047 1057 1048
f 1048 1057 1095
f 1038 1053 1052
f 1038 1054 1053
f 1053 1054 1055
f 1054 1056 1055
f 1055 1056 1057
f 1056 1093 1095
f 1056 1095 1057
f 1029 1030 1079
f 1030 1061 1079
f 1061 1062 1080
f 1062 1063 1080
f 1061 1080 1079
f 1063 1081 1080
f 1063 1064 1081
f 1064 1065 1081
f 1065 1082 1081
f 1066 1088 1083
f 1066 1083 1067
f 1067 1083 1068
f 1065 1068 1082
f 1083 1088 1096
f 1068 1083 1082
f 1074 1082 1075
f 1073 1075 1096
f 1075 1083 1096
f 1069 1079 1080
f 1069 1080 1070
f 1070 1081 1074
f 1070 1080 1081
f 1074 1081 1082
f 1075 1082 1083
f 1084 1095 1094
f 1048 1095 1085
f 1085 1095 1086
f 1084 1086 1095
f 1084 1094 1087
f 1087 1096 1088
f 1087 1094 1096
f 1093 1094 1095
f 1073 1094 1093
f 1073 1096 1094
f 1003 1005 1004
f 1001 1003 1004
f 1003 1008 1005
f 1005 1008 1010
f 1008 1009 1010
f 1009 1011 1010
f 1009 1013 1011
f 1011 1013 1018
f 1005 1010 1042
f 1010 1011 1042
f 1011 1018 1042
f 1013 1015 1018
f 1015 1017 1019
f 1015 1019 1018
f 1017 1020 1019
f 1018 1019 1042
f 1001 1033 1031
f 1001 1004 1033
f 1031 1033 1034
f 1031 1034 1032
f 1032 1034 1039
f 1004 1005 1042
f 1004 1042 1033
f 1033 1042 1034
f 1034 1042 1039
f 1032 1039 1035
f 1035 1040 1037
f 1035 1039 1040
f 1037 1041 1038
f 1037 1040 1041
f 1038 1041 1058
f 1039 1042 1040
f 1040 1042 1041
f 1038 1058 1054
f 1041 1042 1058
f 1042 1059 1058
f 1042 1097 1059
f 1054 1059 1056
f 1054 1058 1059
f 1056 1059 1097
f 1056 1097 1093
f 1017 1069 1020
f 1020 1069 1071
f 1069 1070 1071
f 1070 1072 1071
f 1070 1074 1072
f 1019 1020 1042
f 1020 1071 1042
f 1042 1071 1072
f 1042 1072 1077
f 1076 1093 1097
f 1073 1076 1078
f 1073 1093 1076
f 1072 1074 1077
f 1074 1075 1077
f 1075 1078 1077
f 1073 1078 1075
f 1042 1078 1076
f 1042 1077 1078
f 1042 1076 1097
f 1512 1534 1514
f 1512 1528 1534
f 1526 1543 1528
f 1526 1527 1543
f 1527 1529 1543
f 1530 1531 1544
f 1529 1530 1544
f 1521 1549 1531
f 1521 1522 1549
f 1522 1523 1551
f 1523 1524 1551
f 1524 1532 1553
f 1509 1533 1510
f 1508 1533 1556
f 1508 1510 1533
f 1509 1535 1533
f 1533 1577 1556
f 1514 1534 1537
f 1515 1516 1535
f 1509 1515 1535
f 1513 1537 1516
f 1513 1514 1537
f 1516 1537 1535
f 1533 1536 1577
f 1535 1537 1539
f 1533 1535 1536
f 1535 1539 1536
f 1537 1538 1539
f 1534 1538 1537
f 1529 1544 1543
f 1528 1543 1534
f 1531 1549 1544
f 1522 1551 1549
f 1524 1553 1551
f 1534 1545 1538
f 1534 1543 1545
f 1543 1544 1545
f 1544 1546 1545
f 1544 1549 1546
f 1546 1549 1550
f 1549 1551 1550
f 1550 1551 1552
f 1551 1553 1552
f 1552 1553 1613
f 1553 1665 1613
f 1565 1575 1567
f 1567 1575 1568
f 1556 1577 1557
f 1557 1577 1565
f 1568 1575 1576
f 1565 1577 1575
f 1568 1576 1570
f 1570 1576 1571
f 1571 1576 1578
f 1571 1578 1572
f 1572 1579 1573
f 1573 1579 1574
f 1574 1579 1593
f 1579 1594 1593
f 1572 1578 1579
f 1575 1577 1580
f 1575 1581 1576
f 1575 1580 1581
f 1576 1581 1584
f 1576 1584 1578
f 1578 1584 1579
f 1536 1580 1577
f 1579 1584 1585
f 1579 1585 1607
f 1585 1586 1607
f 1594 1607 1596
f 1579 1607 1594
f 1596 1607 1608
f 1596 1608 1610
f 1596 1610 1597
f 1597 1610 1598
f 1586 1608 1607
f 1586 1609 1608
f 1608 1609 1610
f 1559 1562 1620
f 1558 1559 1620
f 1613 1666 1614
f 1614 1667 1618
f 1617 1619 1641
f 1618 1668 1619
f 1619 1620 1641
f 1619 1668 1620
f 1625 1636 1627
f 1598 1634 1626
f 1624 1626 1634
f 1598 1610 1634
f 1624 1636 1625
f 1624 1634 1636
f 1560 1628 1640
f 1627 1640 1628
f 1561 1641 1562
f 1560 1641 1561
f 1560 1640 1641
f 1627 1636 1640
f 1562 1641 1620
f 1609 1633 1610
f 1610 1633 1634
f 1633 1635 1636
f 1633 1636 1634
f 1635 1640 1636
f 1617 1640 1635
f 1617 1641 1640
f 1532 1644 1553
f 1644 1649 1665
f 1553 1644 1665
f 1649 1650 1665
f 1650 1651 1666
f 1651 1652 1666
f 1652 1653 1666
f 1653 1655 1667
f 1650 1666 1665
f 1653 1667 1666
f 1655 1657 1668
f 1558 1668 1657
f 1655 1668 1667
f 1558 1620 1668
f 1613 1665 1666
f 1614 1666 1667
f 1618 1667 1668
f 1536 1539 1540
f 1538 1541 1542
f 1538 1542 1539
f 1539 1542 1540
f 1541 1612 1542
f 1538 1545 1541
f 1541 1545 1547
f 1545 1546 1547
f 1546 1548 1547
f 1546 1550 1548
f 1541 1547 1612
f 1547 1548 1612
f 1548 1554 1612
f 1548 1550 1554
f 1550 1552 1554
f 1552 1555 1554
f 1536 1582 1580
f 1536 1540 1582
f 1580 1582 1583
f 1580 1583 1581
f 1581 1583 1587
f 1540 1612 1582
f 1540 1542 1612
f 1582 1612 1583
f 1583 1612 1587
f 1581 1587 1584
f 1584 1588 1585
f 1584 1587 1588
f 1585 1588 1589
f 1585 1589 1586
f 1586 1589 1611
f 1586 1611 1609
f 1587 1612 1588
f 1588 1612 1589
f 1589 1612 1611
f 1621 1635 1638
f 1611 1612 1637
f 1612 1638 1637
f 1612 1621 1638
f 1552 1613 1555
f 1555 1613 1615
f 1613 1614 1615
f 1614 1616 1615
f 1614 1618 1616
f 1554 1555 1612
f 1555 1615 1612
f 1612 1615 1616
f 1612 1616 1622
f 1617 1635 1621
f 1617 1623 1619
f 1617 1621 1623
f 1616 1618 1622
f 1618 1619 1622
f 1619 1623 1622
f 1612 1622 1623
f 1612 1623 1621
f 1609 1611 1637
f 1609 1637 1633
f 1633 1638 1635
f 1633 1637 1638
f 1387 1383 1382
f 1387 1382 1386
f 1387 1377 1383
f 1387 1384 1377
f 1387 1385 1384
f 1387 1391 1385
f 1387 1393 1391
f 1387 1394 1393
f 1387 1395 1394
f 1387 1386 1396
f 1387 1396 1398
f 1387 1830 1395
f 1387 1831 1830
f 1387 1398 1832
f 1387 1832 1855
f 1387 1855 1831
f 1855 1832 1834
f 1855 1839 1831
f 1855 1840 1839
f 1855 1834 1836
f 1855 1836 1854
f 1855 1850 1849
f 1855 1849 1840
f 1855 1851 1853
f 1855 1854 1851
f 1855 1853 1843
f 1855 1843 1850
f 1194 1233 1232
f 1194 1195 1233
f 1195 1200 1233
f 1195 1196 1200
f 1196 1197 1200
f 1197 1198 1200
f 1200 1259 1233
f 1200 1205 1259
f 1200 1201 1203
f 1198 1201 1200
f 1200 1203 1205
f 1201 1202 1203
f 1202 1204 1203
f 1203 1210 1205
f 1203 1204 1209
f 1203 1209 1210
f 1205 1206 1261
f 1205 1210 1206
f 1209 1211 1210
f 1210 1211 1212
f 1210 1212 1217
f 1206 1210 1217
f 1212 1213 1217
f 1213 1214 1217
f 1214 1215 1217
f 1215 1216 1218
f 1206 1217 1276
f 1215 1218 1217
f 1217 1218 1277
f 1217 1277 1276
f 1218 1281 1277
f 1216 1219 1218
f 1218 1219 1281
f 1222 1225 1224
f 1222 1224 1223
f 1221 1223 1224
f 1221 1224 1226
f 1224 1234 1226
f 1226 1234 1240
f 1221 1226 1227
f 1226 1228 1227
f 1226 1237 1228
f 1226 1240 1237
f 1229 1231 1232
f 1225 1230 1229
f 1229 1230 1231
f 1229 1232 1233
f 1224 1225 1229
f 1229 1233 1258
f 1224 1229 1234
f 1229 1235 1234
f 1234 1235 1248
f 1229 1258 1235
f 1235 1258 1262
f 1235 1262 1267
f 1237 1240 1238
f 1238 1240 1239
f 1239 1240 1241
f 1240 1249 1241
f 1241 1249 1247
f 1239 1241 1242
f 1241 1243 1242
f 1241 1247 1243
f 1243 1247 1244
f 1244 1247 1245
f 1245 1247 1246
f 1246 1247 1255
f 1247 1293 1255
f 1234 1248 1240
f 1240 1248 1249
f 1248 1251 1249
f 1235 1267 1248
f 1248 1267 1251
f 1247 1249 1250
f 1249 1251 1250
f 1250 1251 1271
f 1247 1250 1293
f 1250 1294 1293
f 1250 1271 1294
f 1271 1306 1294
f 1246 1255 1252
f 1252 1255 1253
f 1253 1255 1254
f 1254 1255 1256
f 1255 1257 1256
f 1255 1295 1257
f 1233 1259 1258
f 1258 1259 1260
f 1259 1261 1260
f 1205 1261 1259
f 1260 1261 1264
f 1258 1260 1262
f 1260 1263 1262
f 1262 1263 1268
f 1260 1264 1263
f 1263 1273 1268
f 1263 1264 1273
f 1206 1265 1261
f 1261 1265 1264
f 1206 1276 1265
f 1265 1276 1279
f 1264 1265 1266
f 1264 1266 1273
f 1265 1279 1266
f 1266 1279 1286
f 1262 1268 1267
f 1251 1267 1270
f 1267 1268 1270
f 1268 1273 1269
f 1268 1269 1270
f 1251 1270 1271
f 1270 1272 1271
f 1269 1272 1270
f 1271 1272 1306
f 1272 1283 1306
f 1269 1275 1272
f 1272 1275 1283
f 1269 1273 1274
f 1266 1274 1273
f 1269 1274 1275
f 1266 1286 1274
f 1274 1286 1285
f 1274 1285 1275
f 1276 1277 1278
f 1276 1278 1279
f 1279 1280 1286
f 1278 1280 1279
f 1280 1287 1286
f 1277 1281 1278
f 1219 1311 1281
f 1281 1311 1316
f 1281 1318 1282
f 1278 1281 1282
f 1278 1282 1280
f 1280 1291 1287
f 1280 1282 1291
f 1282 1321 1291
f 1275 1288 1283
f 1283 1288 1308
f 1288 1292 1308
f 1284 1308 1292
f 1284 1292 1338
f 1285 1287 1289
f 1285 1286 1287
f 1275 1285 1288
f 1288 1289 1292
f 1285 1289 1288
f 1287 1290 1289
f 1290 1291 1336
f 1287 1291 1290
f 1289 1290 1292
f 1290 1338 1292
f 1293 1294 1298
f 1294 1306 1298
f 1255 1297 1295
f 1295 1297 1296
f 1255 1293 1297
f 1293 1298 1297
f 1297 1299 1301
f 1297 1298 1299
f 1298 1307 1299
f 1296 1297 1301
f 1296 1301 1300
f 1300 1301 1302
f 1301 1305 1302
f 1302 1305 1303
f 1303 1305 1304
f 1299 1305 1301
f 1299 1309 1305
f 1298 1306 1307
f 1283 1307 1306
f 1299 1307 1309
f 1307 1308 1309
f 1283 1308 1307
f 1305 1309 1379
f 1284 1379 1309
f 1284 1309 1308
f 1326 1373 1379
f 1314 1315 1337
f 1281 1316 1317
f 1317 1319 1318
f 1281 1317 1318
f 1318 1319 1320
f 1318 1320 1322
f 1318 1322 1323
f 1282 1318 1321
f 1321 1323 1324
f 1318 1323 1321
f 1321 1324 1337
f 1314 1337 1324
f 1284 1329 1379
f 1329 1334 1335
f 1328 1329 1335
f 1327 1329 1328
f 1326 1379 1327
f 1327 1379 1329
f 1284 1338 1329
f 1325 1334 1329
f 1325 1329 1338
f 1315 1330 1337
f 1325 1330 1331
f 1325 1337 1330
f 1325 1332 1333
f 1325 1333 1334
f 1325 1331 1332
f 1291 1321 1336
f 1325 1338 1336
f 1290 1336 1338
f 1321 1337 1336
f 1325 1336 1337
f 1304 1305 1372
f 1305 1379 1372
f 1372 1379 1373
f 1791 1857 1846
f 1771 1793 1772
f 1771 1780 1793
f 1777 1778 1779
f 1773 1777 1779
f 1774 1776 1777
f 1775 1924 1776
f 1776 1924 1777
f 1773 1774 1777
f 1778 1781 1780
f 1777 1781 1778
f 1780 1781 1793
f 1777 1925 1781
f 1772 1793 1782
f 1782 1788 1783
f 1782 1793 1788
f 1784 1788 1785
f 1785 1788 1786
f 1783 1788 1784
f 1786 1792 1787
f 1787 1792 1790
f 1789 1790 1792
f 1789 1857 1791
f 1789 1792 1857
f 1792 1931 1857
f 1786 1788 1792
f 1788 1795 1792
f 1792 1795 1931
f 1781 1794 1793
f 1788 1793 1794
f 1781 1934 1794
f 1788 1794 1795
f 1794 1933 1795
f 1845 1968 1965
f 1845 1846 1857
f 1845 1857 1968
f 1860 1884 1862
f 1861 1862 1884
f 1863 1903 1905
f 1863 1905 1864
f 1860 1864 1884
f 1864 1905 1884
f 1866 1867 1876
f 1867 1872 1877
f 1870 1877 1872
f 1870 1871 1877
f 1871 1873 1874
f 1869 1874 1873
f 1871 1874 1877
f 1874 1885 1877
f 1866 1876 1875
f 1875 1876 1924
f 1876 1926 1924
f 1867 1877 1876
f 1876 1877 1926
f 1877 1927 1926
f 1877 1885 1927
f 1880 1882 1881
f 1879 1881 1882
f 1869 1879 1882
f 1869 1882 1874
f 1874 1882 1883
f 1880 1884 1882
f 1861 1884 1880
f 1882 1884 1883
f 1874 1883 1885
f 1883 1943 1885
f 1884 1905 1941
f 1883 1884 1941
f 1886 1962 1891
f 1886 1891 1887
f 1888 1891 1911
f 1887 1891 1889
f 1889 1891 1890
f 1888 1890 1891
f 1892 1895 1897
f 1895 1896 1897
f 1894 1897 1896
f 1894 1898 1900
f 1898 1899 1900
f 1899 1914 1900
f 1900 1914 1919
f 1894 1900 1897
f 1897 1900 1906
f 1900 1919 1906
f 1902 1904 1903
f 1892 1904 1901
f 1901 1904 1902
f 1903 1904 1905
f 1892 1897 1904
f 1904 1942 1905
f 1897 1906 1904
f 1904 1906 1907
f 1906 1920 1907
f 1904 1907 1942
f 1907 1945 1942
f 1907 1951 1945
f 1908 1918 1916
f 1908 1912 1918
f 1910 1911 1913
f 1891 1913 1911
f 1891 1972 1913
f 1909 1913 1912
f 1909 1910 1913
f 1912 1913 1918
f 1916 1918 1919
f 1914 1915 1919
f 1915 1916 1919
f 1918 1921 1919
f 1913 1921 1918
f 1913 1972 1922
f 1922 1972 1973
f 1922 1973 1955
f 1955 1973 1977
f 1906 1919 1920
f 1919 1921 1920
f 1920 1921 1923
f 1907 1920 1951
f 1920 1923 1951
f 1913 1922 1921
f 1921 1922 1923
f 1922 1955 1923
f 1763 1924 1775
f 1763 1875 1924
f 1777 1924 1925
f 1924 1926 1928
f 1924 1928 1925
f 1781 1925 1934
f 1925 1928 1929
f 1925 1929 1934
f 1929 1937 1934
f 1926 1927 1928
f 1927 1930 1928
f 1928 1930 1929
f 1929 1938 1937
f 1929 1930 1938
f 1795 1935 1931
f 1931 1935 1976
f 1935 1940 1976
f 1932 1976 1940
f 1932 1940 1957
f 1794 1934 1933
f 1933 1937 1939
f 1933 1934 1937
f 1795 1933 1935
f 1933 1939 1935
f 1936 1939 1937
f 1936 1937 1938
f 1935 1939 1940
f 1936 1940 1939
f 1936 1957 1940
f 1905 1942 1941
f 1941 1942 1944
f 1883 1941 1943
f 1941 1944 1943
f 1943 1944 1949
f 1942 1945 1944
f 1944 1946 1949
f 1946 1958 1949
f 1946 1953 1958
f 1944 1945 1946
f 1945 1953 1946
f 1885 1947 1927
f 1927 1947 1930
f 1885 1943 1947
f 1943 1949 1947
f 1930 1947 1948
f 1947 1949 1948
f 1948 1949 1958
f 1930 1948 1938
f 1932 1950 1977
f 1950 1955 1977
f 1932 1957 1950
f 1950 1957 1952
f 1945 1951 1953
f 1923 1954 1951
f 1951 1954 1953
f 1952 1958 1953
f 1952 1953 1954
f 1923 1955 1954
f 1950 1954 1955
f 1950 1952 1954
f 1936 1938 1956
f 1938 1948 1956
f 1936 1956 1957
f 1948 1958 1956
f 1952 1956 1958
f 1952 1957 1956
f 1961 1969 1962
f 1891 1962 1969
f 1964 1965 1968
f 1963 1968 1967
f 1963 1964 1968
f 1961 1966 1967
f 1963 1967 1966
f 1961 1967 1969
f 1967 1968 1970
f 1968 1974 1970
f 1967 1970 1969
f 1891 1969 1972
f 1969 1971 1972
f 1969 1970 1971
f 1970 1975 1971
f 1971 1973 1972
f 1971 1977 1973
f 1857 1974 1968
f 1857 1931 1974
f 1931 1976 1974
f 1970 1974 1975
f 1974 1976 1975
f 1971 1975 1977
f 1932 1977 1975
f 1932 1975 1976
f 3 4 8
f 3 36 4
f 4 5 13
f 4 40 5
f 6 56 7
f 6 10 58
f 3 7 22
f 3 8 7
f 6 7 9
f 7 8 9
f 8 11 9
f 8 13 11
f 4 13 8
f 6 9 10
f 9 12 10
f 9 11 12
f 11 16 12
f 11 13 15
f 5 14 13
f 5 111 14
f 13 14 15
f 14 17 15
f 11 15 16
f 15 17 18
f 15 18 16
f 10 19 62
f 10 12 19
f 12 20 19
f 12 16 20
f 19 20 83
f 16 21 20
f 20 21 87
f 16 18 21
f 18 132 21
f 23 24 35
f 22 55 23
f 22 23 35
f 24 26 27
f 23 55 25
f 23 25 26
f 25 28 26
f 23 26 24
f 27 30 31
f 26 28 30
f 28 29 30
f 29 32 30
f 26 30 27
f 29 71 32
f 30 32 31
f 31 32 49
f 32 71 166
f 32 166 49
f 24 33 35
f 33 34 36
f 33 38 34
f 3 35 36
f 3 22 35
f 33 36 35
f 4 36 40
f 34 40 36
f 24 37 33
f 24 27 37
f 33 37 38
f 37 45 38
f 34 39 40
f 34 38 39
f 39 43 41
f 39 41 40
f 5 40 41
f 5 41 111
f 41 43 112
f 38 42 39
f 38 45 42
f 39 42 43
f 42 51 43
f 27 44 37
f 27 31 44
f 37 44 45
f 44 46 45
f 31 49 47
f 31 47 44
f 44 47 46
f 46 47 48
f 47 168 48
f 47 49 168
f 42 45 50
f 45 46 50
f 42 50 51
f 50 53 51
f 46 48 52
f 46 52 50
f 48 170 52
f 50 52 53
f 52 54 53
f 52 170 54
f 53 54 119
f 55 57 59
f 55 56 57
f 22 56 55
f 7 56 22
f 56 58 57
f 57 61 60
f 57 58 61
f 6 58 56
f 25 55 59
f 25 59 68
f 25 68 28
f 59 67 68
f 57 60 59
f 59 60 67
f 60 73 67
f 58 62 61
f 10 62 58
f 61 62 63
f 62 81 63
f 63 81 65
f 60 61 64
f 61 63 64
f 63 66 64
f 60 64 73
f 64 74 73
f 64 66 74
f 63 65 66
f 65 76 66
f 28 68 29
f 67 69 68
f 29 68 69
f 67 73 70
f 67 70 69
f 29 69 71
f 69 72 71
f 71 72 173
f 71 173 166
f 69 70 72
f 70 78 72
f 72 78 174
f 73 74 75
f 70 73 75
f 74 77 75
f 75 77 79
f 66 77 74
f 66 76 77
f 76 80 77
f 70 75 78
f 75 79 78
f 78 79 176
f 78 176 174
f 79 95 176
f 77 80 79
f 79 80 95
f 19 81 62
f 19 83 81
f 65 81 82
f 81 83 82
f 20 87 83
f 83 87 84
f 82 83 84
f 82 84 86
f 65 82 85
f 65 85 76
f 82 86 85
f 21 132 89
f 87 89 88
f 84 87 88
f 84 88 86
f 21 89 87
f 88 89 91
f 89 133 91
f 86 88 90
f 88 91 90
f 90 91 98
f 76 85 92
f 76 92 80
f 80 94 95
f 80 92 94
f 94 192 95
f 92 93 94
f 93 96 94
f 94 96 192
f 90 98 97
f 97 98 100
f 93 99 96
f 93 97 99
f 99 101 194
f 96 99 194
f 99 100 101
f 100 149 101
f 97 100 99
f 14 125 17
f 17 127 18
f 41 112 111
f 111 112 126
f 43 51 113
f 43 113 112
f 112 114 126
f 112 113 114
f 113 117 114
f 51 53 116
f 51 116 113
f 113 116 117
f 116 119 118
f 116 118 117
f 53 119 116
f 118 119 142
f 54 202 119
f 119 202 142
f 14 111 125
f 111 126 125
f 125 126 128
f 126 129 128
f 17 125 127
f 125 128 127
f 127 128 134
f 128 130 134
f 114 129 126
f 114 117 138
f 114 138 129
f 129 138 140
f 128 129 130
f 129 140 130
f 130 140 145
f 18 127 132
f 127 134 132
f 132 134 133
f 89 132 133
f 133 134 135
f 133 135 136
f 130 135 134
f 135 145 146
f 130 145 135
f 135 146 136
f 91 133 136
f 91 136 98
f 117 118 138
f 138 139 140
f 118 139 138
f 140 141 145
f 139 141 140
f 142 202 205
f 142 205 143
f 118 142 139
f 139 142 143
f 143 207 150
f 139 143 141
f 141 143 150
f 147 149 148
f 145 147 146
f 141 147 145
f 146 147 148
f 98 136 148
f 136 146 148
f 98 148 100
f 147 150 149
f 149 150 208
f 150 207 208
f 101 149 208
f 141 150 147
f 100 148 149
f 49 167 168
f 49 166 167
f 48 168 170
f 168 169 170
f 167 169 168
f 167 178 169
f 169 171 170
f 169 183 171
f 54 170 171
f 54 171 202
f 166 173 177
f 173 175 177
f 72 174 173
f 173 174 175
f 174 180 175
f 174 176 180
f 166 177 167
f 167 177 178
f 175 179 177
f 177 179 178
f 169 178 183
f 178 179 182
f 178 182 183
f 175 180 179
f 179 180 181
f 179 181 182
f 181 186 182
f 182 185 183
f 171 184 202
f 171 183 184
f 184 185 187
f 183 185 184
f 182 186 185
f 185 188 187
f 185 186 188
f 176 190 180
f 95 190 176
f 180 190 181
f 190 192 191
f 181 190 191
f 181 191 186
f 95 192 190
f 96 194 192
f 191 192 194
f 191 194 193
f 186 191 193
f 188 193 208
f 101 208 193
f 186 193 188
f 101 193 194
f 184 205 202
f 184 187 205
f 187 207 205
f 143 205 207
f 187 188 207
f 188 208 207
f 85 86 373
f 86 90 373
f 85 373 92
f 92 373 93
f 90 97 373
f 93 373 97
f 444 498 446
f 442 498 444
f 444 445 456
f 445 446 447
f 446 497 447
f 444 446 445
f 445 448 461
f 445 447 448
f 447 504 448
f 448 504 477
f 442 455 449
f 449 455 450
f 449 451 520
f 449 450 451
f 450 458 451
f 451 458 452
f 444 456 455
f 450 455 457
f 455 456 457
f 442 444 455
f 445 461 456
f 454 457 456
f 454 456 461
f 450 457 458
f 457 459 458
f 454 459 457
f 454 464 459
f 454 461 463
f 448 462 461
f 461 462 463
f 462 465 463
f 448 477 462
f 454 463 464
f 463 465 466
f 463 466 464
f 458 459 467
f 452 458 467
f 452 467 544
f 459 468 467
f 459 464 468
f 467 468 469
f 467 469 544
f 468 471 469
f 469 471 546
f 464 470 468
f 468 470 471
f 464 466 470
f 466 481 470
f 470 481 550
f 470 550 471
f 462 477 478
f 462 478 465
f 465 478 480
f 478 599 480
f 465 480 466
f 466 480 481
f 486 519 488
f 442 519 486
f 442 486 498
f 485 486 490
f 485 498 486
f 485 490 487
f 486 488 490
f 488 489 490
f 489 493 490
f 487 490 493
f 487 493 491
f 489 492 493
f 492 494 493
f 492 534 494
f 491 493 494
f 491 494 511
f 494 534 495
f 494 495 511
f 485 496 498
f 485 499 496
f 446 496 497
f 496 499 500
f 496 500 497
f 446 498 496
f 485 487 499
f 487 507 499
f 499 501 500
f 499 507 501
f 447 497 502
f 497 500 502
f 500 505 502
f 502 503 504
f 502 505 503
f 447 502 504
f 503 585 504
f 500 501 505
f 501 513 505
f 503 505 506
f 505 513 506
f 487 491 507
f 491 509 507
f 501 507 508
f 507 509 508
f 491 511 509
f 509 512 510
f 508 509 510
f 509 511 512
f 511 565 512
f 495 565 511
f 510 512 516
f 512 566 516
f 501 508 513
f 508 515 513
f 506 513 514
f 513 515 514
f 508 510 515
f 510 516 515
f 514 515 517
f 515 516 517
f 514 517 592
f 516 567 517
f 517 567 593
f 449 520 519
f 488 519 521
f 519 520 521
f 442 449 519
f 451 524 520
f 520 523 521
f 520 524 523
f 488 521 522
f 488 522 489
f 518 522 521
f 518 521 523
f 518 523 528
f 523 524 527
f 524 525 527
f 451 452 524
f 452 525 524
f 452 544 525
f 525 526 530
f 525 544 526
f 523 527 528
f 525 530 527
f 527 530 529
f 527 529 528
f 529 530 539
f 526 531 530
f 530 531 539
f 489 522 492
f 492 522 532
f 518 532 522
f 492 532 534
f 518 533 532
f 518 528 533
f 532 533 536
f 532 536 534
f 534 536 535
f 495 534 535
f 495 535 569
f 533 541 536
f 536 541 537
f 535 536 537
f 535 537 568
f 528 529 538
f 528 538 533
f 529 539 538
f 533 538 541
f 538 542 541
f 538 539 542
f 531 540 539
f 539 540 542
f 541 542 543
f 542 557 543
f 537 541 543
f 537 543 571
f 540 557 542
f 469 545 544
f 526 544 545
f 526 545 547
f 469 546 545
f 545 548 547
f 545 546 548
f 526 547 531
f 531 547 554
f 471 550 549
f 471 549 546
f 546 549 548
f 548 549 552
f 549 550 551
f 550 605 551
f 549 551 552
f 551 553 552
f 552 553 560
f 531 554 540
f 540 554 556
f 554 555 556
f 543 557 581
f 540 556 557
f 556 559 557
f 557 559 581
f 556 558 559
f 555 558 556
f 558 563 559
f 559 563 582
f 555 560 562
f 553 561 560
f 560 561 562
f 564 621 583
f 562 564 563
f 555 562 558
f 558 562 563
f 561 564 562
f 561 620 564
f 563 564 583
f 512 565 566
f 565 570 566
f 516 566 567
f 566 575 567
f 535 568 569
f 537 571 568
f 495 569 565
f 565 569 570
f 568 572 569
f 569 572 570
f 566 570 575
f 570 572 573
f 570 573 575
f 568 571 572
f 571 574 572
f 572 574 573
f 573 574 578
f 573 577 575
f 567 575 576
f 567 576 593
f 575 577 576
f 576 577 579
f 573 578 577
f 577 580 579
f 577 578 580
f 543 581 571
f 571 581 574
f 574 581 582
f 574 582 578
f 559 582 581
f 578 582 583
f 563 583 582
f 578 583 580
f 580 583 621
f 477 504 585
f 477 585 598
f 503 586 585
f 585 587 598
f 503 506 586
f 585 586 587
f 506 590 586
f 586 590 588
f 586 588 587
f 506 514 590
f 514 592 590
f 590 592 591
f 591 592 614
f 588 590 591
f 517 593 592
f 592 593 614
f 477 598 478
f 478 598 599
f 587 600 598
f 598 600 599
f 480 599 606
f 599 600 602
f 599 602 606
f 587 601 600
f 587 588 601
f 600 601 603
f 600 603 602
f 602 603 608
f 480 606 481
f 481 606 605
f 481 605 550
f 605 606 607
f 602 607 606
f 551 605 610
f 605 607 610
f 602 608 607
f 607 609 610
f 607 608 609
f 551 610 553
f 553 610 619
f 609 619 610
f 588 591 601
f 591 611 601
f 601 611 603
f 591 614 611
f 603 611 612
f 603 612 608
f 611 616 612
f 613 616 614
f 576 613 593
f 593 613 614
f 611 614 616
f 615 622 616
f 579 615 613
f 613 615 616
f 612 616 622
f 618 622 620
f 618 620 619
f 608 618 609
f 608 612 618
f 609 618 619
f 612 622 618
f 553 619 561
f 561 619 620
f 620 622 621
f 564 620 621
f 580 621 615
f 615 621 622
f 576 579 613
f 579 580 615
f 547 548 828
f 547 828 554
f 548 552 828
f 552 560 828
f 554 828 555
f 555 828 560
f 212 251 221
f 211 212 218
f 211 251 212
f 212 219 218
f 213 218 215
f 211 213 253
f 211 218 213
f 213 214 254
f 213 215 214
f 214 215 232
f 215 218 216
f 216 218 219
f 215 216 217
f 215 217 232
f 216 228 217
f 219 223 220
f 220 223 226
f 212 221 223
f 222 226 223
f 221 269 222
f 221 222 223
f 212 223 219
f 220 226 224
f 222 269 225
f 222 225 226
f 225 322 226
f 224 226 322
f 219 220 227
f 216 219 227
f 220 230 227
f 216 227 228
f 227 230 229
f 227 229 228
f 220 224 230
f 224 324 230
f 229 230 231
f 230 324 231
f 214 233 288
f 214 232 233
f 232 235 233
f 233 236 289
f 233 235 236
f 217 234 232
f 217 228 234
f 232 234 235
f 234 239 235
f 235 237 236
f 236 237 296
f 235 239 237
f 237 244 296
f 228 238 234
f 228 229 238
f 229 240 238
f 234 238 239
f 238 242 239
f 238 240 242
f 229 231 240
f 231 330 240
f 240 241 242
f 240 330 241
f 239 242 243
f 242 246 243
f 237 239 243
f 237 243 244
f 243 246 245
f 243 245 244
f 244 245 306
f 241 246 242
f 241 334 246
f 246 334 247
f 245 247 306
f 245 246 247
f 211 253 248
f 248 253 249
f 248 249 250
f 249 256 250
f 250 256 259
f 248 252 251
f 221 251 268
f 251 252 268
f 211 248 251
f 250 260 252
f 252 270 268
f 260 275 270
f 252 260 270
f 248 250 252
f 250 259 260
f 213 254 253
f 249 253 255
f 253 254 255
f 214 288 254
f 254 257 255
f 254 288 257
f 249 255 256
f 255 258 256
f 255 257 258
f 257 290 258
f 260 261 275
f 259 261 260
f 259 265 261
f 261 265 278
f 256 258 262
f 256 262 259
f 259 262 265
f 262 264 265
f 258 263 262
f 258 290 263
f 262 263 264
f 263 299 264
f 264 266 265
f 265 266 278
f 264 267 266
f 264 299 267
f 266 267 284
f 221 268 269
f 268 271 269
f 268 270 271
f 270 275 272
f 270 272 271
f 225 269 273
f 269 271 273
f 225 273 336
f 271 274 273
f 271 272 274
f 272 280 274
f 273 274 338
f 274 280 347
f 261 277 275
f 272 275 276
f 275 277 276
f 276 277 281
f 261 278 277
f 277 278 279
f 277 279 281
f 272 276 280
f 276 281 280
f 280 281 348
f 279 282 281
f 281 282 348
f 278 283 279
f 266 283 278
f 279 283 286
f 266 284 283
f 283 285 286
f 283 284 285
f 279 286 282
f 282 286 350
f 285 287 286
f 286 287 350
f 257 288 291
f 233 289 288
f 288 289 291
f 289 294 291
f 257 291 290
f 291 294 292
f 290 291 292
f 236 293 289
f 289 293 294
f 293 295 294
f 292 294 295
f 292 295 302
f 236 296 293
f 293 296 297
f 244 305 296
f 296 305 297
f 293 297 295
f 295 304 302
f 295 297 304
f 297 305 307
f 297 307 304
f 304 307 316
f 263 290 298
f 263 298 299
f 290 292 298
f 292 302 298
f 298 301 299
f 298 302 301
f 267 299 300
f 267 300 284
f 299 301 300
f 300 301 313
f 302 304 303
f 301 302 303
f 303 304 316
f 301 303 313
f 244 306 305
f 305 306 308
f 305 308 307
f 307 309 316
f 307 308 309
f 247 310 306
f 306 310 308
f 247 362 310
f 308 310 311
f 308 311 309
f 309 311 320
f 310 364 311
f 311 372 320
f 284 300 312
f 284 312 285
f 285 312 314
f 300 313 312
f 312 313 319
f 312 319 314
f 285 314 287
f 287 314 366
f 314 319 315
f 314 315 366
f 303 316 318
f 317 321 318
f 309 317 316
f 316 317 318
f 303 318 313
f 313 318 319
f 318 321 319
f 320 370 321
f 309 320 317
f 317 320 321
f 315 319 321
f 315 321 370
f 225 336 322
f 224 322 326
f 322 336 323
f 322 323 326
f 224 326 324
f 324 326 327
f 231 324 325
f 324 327 325
f 325 327 331
f 326 328 327
f 323 328 326
f 323 341 328
f 327 328 329
f 327 329 331
f 328 342 329
f 231 325 330
f 325 331 330
f 241 330 332
f 330 331 332
f 331 333 332
f 332 333 335
f 329 333 331
f 329 356 333
f 333 357 335
f 241 332 334
f 334 335 362
f 332 335 334
f 247 334 362
f 273 338 336
f 336 338 337
f 323 336 337
f 274 347 338
f 338 347 339
f 337 338 339
f 339 347 349
f 323 337 341
f 337 340 341
f 337 339 340
f 339 349 343
f 339 343 340
f 328 341 342
f 340 344 341
f 341 344 342
f 329 342 356
f 342 344 345
f 342 345 356
f 340 343 344
f 343 346 344
f 344 346 345
f 345 346 358
f 280 348 347
f 347 348 349
f 348 351 349
f 282 351 348
f 349 351 354
f 351 353 354
f 282 350 351
f 350 353 351
f 287 352 350
f 350 352 353
f 352 367 353
f 343 349 354
f 343 354 346
f 346 354 355
f 353 355 354
f 353 367 355
f 346 355 358
f 345 360 356
f 333 356 357
f 357 360 365
f 356 360 357
f 345 358 360
f 359 365 360
f 358 359 360
f 335 361 362
f 310 362 364
f 361 364 362
f 361 363 364
f 363 371 372
f 311 364 372
f 363 372 364
f 335 357 361
f 357 365 361
f 361 365 363
f 359 371 363
f 359 363 365
f 367 368 369
f 368 371 369
f 287 366 352
f 352 366 367
f 315 368 366
f 366 368 367
f 355 369 358
f 355 367 369
f 358 369 359
f 359 369 371
f 370 372 371
f 368 370 371
f 320 372 370
f 315 370 368
f 635 649 686
f 634 635 640
f 635 685 640
f 634 649 635
f 634 636 653
f 636 641 637
f 637 641 644
f 636 637 654
f 638 641 640
f 638 640 685
f 638 639 641
f 639 644 641
f 638 694 639
f 636 640 641
f 634 640 636
f 637 644 642
f 637 642 668
f 642 646 669
f 639 643 644
f 639 694 643
f 643 645 644
f 643 707 645
f 642 644 645
f 642 645 646
f 645 647 646
f 645 707 647
f 646 647 675
f 647 711 675
f 634 653 650
f 648 650 653
f 648 652 650
f 648 656 652
f 652 656 660
f 649 650 651
f 649 651 722
f 634 650 649
f 651 652 659
f 651 659 723
f 650 652 651
f 652 660 659
f 653 654 655
f 636 654 653
f 648 653 655
f 637 668 654
f 654 657 655
f 654 668 657
f 655 658 656
f 648 655 656
f 655 657 658
f 657 670 658
f 659 661 729
f 660 664 661
f 659 660 661
f 661 664 730
f 656 662 660
f 656 658 662
f 658 670 663
f 658 663 662
f 662 663 666
f 663 679 666
f 660 662 664
f 662 666 664
f 664 666 665
f 664 665 730
f 665 666 667
f 666 679 667
f 665 667 738
f 657 668 671
f 668 669 671
f 642 669 668
f 669 673 671
f 657 671 670
f 670 671 672
f 671 673 672
f 646 674 669
f 669 674 673
f 673 674 676
f 672 673 676
f 672 676 682
f 646 675 674
f 674 675 677
f 675 762 677
f 674 677 676
f 676 684 682
f 676 677 684
f 677 763 684
f 663 670 678
f 663 678 679
f 670 672 678
f 672 682 678
f 678 681 679
f 678 682 681
f 667 679 680
f 667 680 738
f 679 681 680
f 680 681 770
f 681 682 683
f 682 684 683
f 683 684 773
f 681 683 770
f 685 687 688
f 635 686 687
f 686 724 690
f 686 690 687
f 635 687 685
f 687 692 688
f 688 692 689
f 687 690 692
f 690 724 691
f 690 691 692
f 691 698 692
f 689 692 698
f 638 685 693
f 685 688 693
f 638 693 694
f 693 696 694
f 688 695 693
f 688 689 695
f 689 700 695
f 693 695 696
f 695 697 696
f 695 700 697
f 691 742 698
f 689 698 702
f 698 699 702
f 698 742 699
f 689 702 700
f 700 702 704
f 697 700 701
f 700 704 701
f 701 704 718
f 702 703 704
f 699 703 702
f 699 747 703
f 703 705 704
f 704 705 718
f 703 748 705
f 643 694 706
f 694 696 706
f 643 706 707
f 706 712 707
f 696 697 708
f 696 708 706
f 697 716 708
f 706 708 712
f 708 716 709
f 708 709 712
f 707 712 710
f 647 707 710
f 647 710 711
f 710 714 711
f 711 714 764
f 710 712 713
f 709 713 712
f 710 713 714
f 709 720 713
f 713 720 715
f 713 715 714
f 714 715 764
f 697 701 716
f 701 718 716
f 709 716 717
f 716 718 717
f 705 719 718
f 705 779 719
f 717 718 719
f 717 719 721
f 719 780 721
f 709 717 720
f 717 721 720
f 720 721 784
f 715 720 784
f 649 722 686
f 686 722 724
f 722 726 724
f 651 723 722
f 659 729 723
f 722 723 726
f 723 729 727
f 723 727 726
f 724 726 725
f 691 724 725
f 726 727 728
f 725 726 728
f 727 733 728
f 661 731 729
f 727 729 732
f 729 731 732
f 661 730 731
f 730 734 731
f 727 732 733
f 731 735 732
f 732 735 733
f 733 735 754
f 731 734 735
f 735 736 754
f 734 736 735
f 665 737 730
f 730 737 734
f 665 738 737
f 737 738 740
f 734 737 739
f 734 739 736
f 736 739 756
f 737 740 739
f 739 740 741
f 739 741 756
f 691 725 742
f 725 743 742
f 742 743 744
f 699 742 744
f 725 728 743
f 728 733 753
f 728 753 743
f 743 753 745
f 743 745 744
f 745 753 755
f 699 744 747
f 744 746 747
f 744 745 746
f 745 755 750
f 745 750 746
f 703 747 748
f 746 749 747
f 747 749 748
f 705 748 779
f 748 749 751
f 748 751 779
f 746 750 749
f 749 750 752
f 749 752 751
f 751 752 781
f 733 754 753
f 753 754 755
f 754 757 755
f 736 757 754
f 736 756 757
f 756 761 757
f 741 758 756
f 756 758 761
f 758 792 761
f 750 755 759
f 755 757 759
f 757 761 759
f 750 759 752
f 759 761 760
f 760 761 792
f 752 759 760
f 752 760 781
f 675 711 762
f 711 764 762
f 762 764 766
f 677 762 763
f 684 763 773
f 762 766 763
f 763 767 773
f 763 766 767
f 764 765 766
f 715 765 764
f 766 768 767
f 765 768 766
f 767 768 776
f 680 769 738
f 738 769 740
f 680 770 769
f 769 770 777
f 740 771 741
f 740 769 771
f 741 771 789
f 769 777 771
f 771 772 789
f 771 777 772
f 683 773 774
f 767 775 773
f 773 775 774
f 683 774 770
f 770 774 777
f 774 775 778
f 776 793 778
f 767 776 775
f 775 776 778
f 774 778 777
f 772 777 778
f 772 778 793
f 751 782 779
f 719 779 780
f 779 782 780
f 780 782 788
f 751 781 782
f 782 783 788
f 781 783 782
f 721 786 784
f 715 784 765
f 765 784 785
f 784 786 785
f 785 786 787
f 787 795 794
f 765 785 768
f 768 794 776
f 768 785 794
f 785 787 794
f 721 780 786
f 780 788 786
f 786 788 787
f 783 795 787
f 783 787 788
f 741 789 758
f 758 789 792
f 772 790 789
f 789 790 792
f 760 792 791
f 760 791 781
f 783 791 795
f 790 791 792
f 790 795 791
f 781 791 783
f 793 794 795
f 790 793 795
f 776 794 793
f 772 793 790
f 1397 1399 1396
f 1399 1398 1396
f 1397 1837 1399
f 1399 1833 1398
f 1833 1832 1398
f 1399 1837 1833
f 1833 1835 1832
f 1835 1834 1832
f 1833 1837 1835
f 1835 1837 1834
f 1837 1836 1834
