timestamp,timestamp_sample,q[0],q[1],q[2],q[3],delta_q_reset[0],delta_q_reset[1],delta_q_reset[2],delta_q_reset[3],quat_reset_counter,time_sec
813840000,813840000,0.97537845,0.03658234,-0.21656585,0.020171763,0.0,0.0,0.0,0.0,0,0.0
813860000,813860000,0.9778823,0.035108265,-0.2052024,0.020361874,0.0,0.0,0.0,0.0,0,0.02
813880000,813880000,0.980322,0.03362503,-0.19346276,0.020479431,0.0,0.0,0.0,0.0,0,0.04
813900000,813900000,0.98267394,0.032115646,-0.1814074,0.020518279,0.0,0.0,0.0,0.0,0,0.06
813920000,813920000,0.9849225,0.030603811,-0.16905801,0.020481668,0.0,0.0,0.0,0.0,0,0.08
813940000,813940000,0.987049,0.02906575,-0.15647335,0.020364398,0.0,0.0,0.0,0.0,0,0.1
813960000,813960000,0.98903936,0.027526522,-0.14368595,0.020171005,0.0,0.0,0.0,0.0,0,0.12
813980000,813980000,0.99087703,0.02598248,-0.13076982,0.01990049,0.0,0.0,0.0,0.0,0,0.14
814000000,814000000,0.9925526,0.024443144,-0.117764935,0.019555675,0.0,0.0,0.0,0.0,0,0.16
814020000,814020000,0.99405664,0.02290315,-0.10473657,0.019137643,0.0,0.0,0.0,0.0,0,0.18
814040000,814040000,0.9953875,0.02136445,-0.09169835,0.018650476,0.0,0.0,0.0,0.0,0,0.2
814060000,814060000,0.99653935,0.019827649,-0.078726046,0.01809661,0.0,0.0,0.0,0.0,0,0.22
814080000,814080000,0.99751306,0.018283933,-0.06585594,0.01747925,0.0,0.0,0.0,0.0,0,0.24
814100000,814100000,0.9983092,0.016747037,-0.05315157,0.016803192,0.0,0.0,0.0,0.0,0,0.26
814120000,814120000,0.998934,0.015210919,-0.04062395,0.016073635,0.0,0.0,0.0,0.0,0,0.28
814140000,814140000,0.9993922,0.013701198,-0.028330043,0.015296357,0.0,0.0,0.0,0.0,0,0.3
814160000,814160000,0.9996923,0.0122009255,-0.016306536,0.014476366,0.0,0.0,0.0,0.0,0,0.32
814180000,814180000,0.99984384,0.010720441,-0.0045857513,0.013619769,0.0,0.0,0.0,0.0,0,0.34
814200000,814200000,0.9998576,0.009236373,0.0068117967,0.012732656,0.0,0.0,0.0,0.0,0,0.36
814220000,814220000,0.999745,0.007767972,0.01785923,0.011821262,0.0,0.0,0.0,0.0,0,0.38
814240000,814240000,0.9995181,0.0063031563,0.02853602,0.010891524,0.0,0.0,0.0,0.0,0,0.4
814260000,814260000,0.9991891,0.0048623653,0.038828015,0.009948626,0.0,0.0,0.0,0.0,0,0.42
814280000,814280000,0.99877095,0.003428251,0.04871264,0.008998288,0.0,0.0,0.0,0.0,0,0.44
814300000,814300000,0.9982756,0.0020173253,0.058191307,0.008045178,0.0,0.0,0.0,0.0,0,0.46
814320000,814320000,0.9977147,0.0006134088,0.06725887,0.0070951018,0.0,0.0,0.0,0.0,0,0.48
814340000,814340000,0.9970985,-0.0007659575,0.075929426,0.006152113,0.0,0.0,0.0,0.0,0,0.5
814360000,814360000,0.99643767,-0.0021369364,0.08419761,0.0052220053,0.0,0.0,0.0,0.0,0,0.52
814380000,814380000,0.99574,-0.003468916,0.092089,0.0043065194,0.0,0.0,0.0,0.0,0,0.54
814400000,814400000,0.9950142,-0.0047843065,0.09960593,0.0034114826,0.0,0.0,0.0,0.0,0,0.56
814420000,814420000,0.9942669,-0.006057545,0.10676715,0.0025378545,0.0,0.0,0.0,0.0,0,0.58
814440000,814440000,0.9935033,-0.007308788,0.11359611,0.0016906759,0.0,0.0,0.0,0.0,0,0.6
814460000,814460000,0.9927301,-0.008514972,0.12009502,0.00087044196,0.0,0.0,0.0,0.0,0,0.62
814480000,814480000,0.9919501,-0.0096890135,0.12629423,8.089956e-05,0.0,0.0,0.0,0.0,0,0.64
814500000,814500000,0.99117154,-0.01082797,0.1321754,-0.00067573856,0.0,0.0,0.0,0.0,0,0.66
814520000,814520000,0.9903958,-0.011923589,0.13777211,-0.0013988075,0.0,0.0,0.0,0.0,0,0.68
814540000,814540000,0.9896291,-0.0129898265,0.14307448,-0.0020844818,0.0,0.0,0.0,0.0,0,0.7
814560000,814560000,0.98887426,-0.014013005,0.148098,-0.0027331114,0.0,0.0,0.0,0.0,0,0.72
814580000,814580000,0.9881355,-0.015005321,0.15284294,-0.003341454,0.0,0.0,0.0,0.0,0,0.74
814600000,814600000,0.98741645,-0.015954295,0.15731493,-0.003909682,0.0,0.0,0.0,0.0,0,0.76
814620000,814620000,0.98671675,-0.016868334,0.16153915,-0.004435702,0.0,0.0,0.0,0.0,0,0.78
814640000,814640000,0.986042,-0.017754603,0.16550165,-0.0049174037,0.0,0.0,0.0,0.0,0,0.8
814660000,814660000,0.9853925,-0.018599974,0.16922195,-0.005356603,0.0,0.0,0.0,0.0,0,0.82
814680000,814680000,0.9847733,-0.019411866,0.17268687,-0.0057516154,0.0,0.0,0.0,0.0,0,0.84
814700000,814700000,0.9841854,-0.020178385,0.17590831,-0.0061044674,0.0,0.0,0.0,0.0,0,0.86
814720000,814720000,0.9836298,-0.02090653,0.17889465,-0.006414293,0.0,0.0,0.0,0.0,0,0.88
814740000,814740000,0.9831074,-0.021592116,0.18165377,-0.006682094,0.0,0.0,0.0,0.0,0,0.9
814760000,814760000,0.98262066,-0.022233453,0.18418396,-0.006908371,0.0,0.0,0.0,0.0,0,0.92
814780000,814780000,0.98217124,-0.022840416,0.18648525,-0.007092245,0.0,0.0,0.0,0.0,0,0.94
814800000,814800000,0.981758,-0.023403233,0.18857415,-0.0072361506,0.0,0.0,0.0,0.0,0,0.96
814820000,814820000,0.98138344,-0.023937467,0.19044359,-0.007337746,0.0,0.0,0.0,0.0,0,0.98
814840000,814840000,0.98104805,-0.024430236,0.1920994,-0.0074006254,0.0,0.0,0.0,0.0,0,1.0
814860000,814860000,0.9807518,-0.024881711,0.19354768,-0.0074263588,0.0,0.0,0.0,0.0,0,1.02
814880000,814880000,0.9804944,-0.025288403,0.1947956,-0.0074174707,0.0,0.0,0.0,0.0,0,1.04
814900000,814900000,0.9802779,-0.02565994,0.19583562,-0.0073734024,0.0,0.0,0.0,0.0,0,1.06
814920000,814920000,0.9801017,-0.025999561,0.19667369,-0.007295136,0.0,0.0,0.0,0.0,0,1.08
814940000,814940000,0.9799644,-0.026305614,0.19732036,-0.0071850074,0.0,0.0,0.0,0.0,0,1.1
814960000,814960000,0.97986513,-0.026580138,0.1977809,-0.007044312,0.0,0.0,0.0,0.0,0,1.12
814980000,814980000,0.9798027,-0.02682051,0.1980635,-0.0068755616,0.0,0.0,0.0,0.0,0,1.14
815000000,815000000,0.97977453,-0.02703279,0.19818065,-0.0066800076,0.0,0.0,0.0,0.0,0,1.16
815020000,815020000,0.97978294,-0.027216278,0.1981213,-0.0064594946,0.0,0.0,0.0,0.0,0,1.18
815040000,815040000,0.9798261,-0.027370369,0.19789432,-0.006216572,0.0,0.0,0.0,0.0,0,1.2
815060000,815060000,0.97990173,-0.027494228,0.19751024,-0.0059538824,0.0,0.0,0.0,0.0,0,1.22
815080000,815080000,0.9800098,-0.027586622,0.19696869,-0.0056735147,0.0,0.0,0.0,0.0,0,1.24
815100000,815100000,0.9801497,-0.027651722,0.1962705,-0.005377035,0.0,0.0,0.0,0.0,0,1.26
815120000,815120000,0.9803193,-0.027691852,0.1954243,-0.005065987,0.0,0.0,0.0,0.0,0,1.28
815140000,815140000,0.98051745,-0.027707886,0.19443366,-0.004743108,0.0,0.0,0.0,0.0,0,1.3
815160000,815160000,0.98074377,-0.027699485,0.1932979,-0.004410231,0.0,0.0,0.0,0.0,0,1.32
815180000,815180000,0.980998,-0.027668482,0.19201562,-0.0040691607,0.0,0.0,0.0,0.0,0,1.34
815200000,815200000,0.9812766,-0.02761209,0.1906019,-0.0037227515,0.0,0.0,0.0,0.0,0,1.36
815220000,815220000,0.98157734,-0.027531547,0.18906514,-0.0033732422,0.0,0.0,0.0,0.0,0,1.38
815240000,815240000,0.98190033,-0.027430257,0.18740155,-0.0030222056,0.0,0.0,0.0,0.0,0,1.4
815260000,815260000,0.9822435,-0.02730969,0.18561766,-0.0026713072,0.0,0.0,0.0,0.0,0,1.42
815280000,815280000,0.98260415,-0.027178722,0.18372287,-0.0023209264,0.0,0.0,0.0,0.0,0,1.44
815300000,815300000,0.9829817,-0.027028149,0.18171868,-0.0019746518,0.0,0.0,0.0,0.0,0,1.46
815320000,815320000,0.98337567,-0.026865155,0.17960243,-0.001632574,0.0,0.0,0.0,0.0,0,1.48
815340000,815340000,0.98378325,-0.026682083,0.17738673,-0.0012982852,0.0,0.0,0.0,0.0,0,1.5
815360000,815360000,0.9842021,-0.026492462,0.17507881,-0.00097116554,0.0,0.0,0.0,0.0,0,1.52
815380000,815380000,0.9846315,-0.026285473,0.17268062,-0.00065494986,0.0,0.0,0.0,0.0,0,1.54
815400000,815400000,0.9850698,-0.026075149,0.17019571,-0.00034838126,0.0,0.0,0.0,0.0,0,1.56
815420000,815420000,0.9855171,-0.025849907,0.16762161,-5.4457876e-05,0.0,0.0,0.0,0.0,0,1.58
815440000,815440000,0.98597246,-0.02562423,0.1649567,0.00022853681,0.0,0.0,0.0,0.0,0,1.6
815460000,815460000,0.98643434,-0.025381545,0.16220942,0.00049659447,0.0,0.0,0.0,0.0,0,1.62
815480000,815480000,0.98690087,-0.02513091,0.1593853,0.0007502679,0.0,0.0,0.0,0.0,0,1.64
815500000,815500000,0.9873691,-0.024871342,0.15649836,0.0009882633,0.0,0.0,0.0,0.0,0,1.66
815520000,815520000,0.9878376,-0.0246122,0.15355375,0.0012112951,0.0,0.0,0.0,0.0,0,1.68
815540000,815540000,0.9883063,-0.024347806,0.15054898,0.0014184127,0.0,0.0,0.0,0.0,0,1.7
815560000,815560000,0.98877376,-0.024079083,0.14748967,0.0016091332,0.0,0.0,0.0,0.0,0,1.72
815580000,815580000,0.98923784,-0.023805257,0.14438747,0.0017829161,0.0,0.0,0.0,0.0,0,1.74
815600000,815600000,0.9897005,-0.023533314,0.14122501,0.0019411654,0.0,0.0,0.0,0.0,0,1.76
815620000,815620000,0.9901591,-0.023255315,0.13801788,0.0020819518,0.0,0.0,0.0,0.0,0,1.78
815640000,815640000,0.99061203,-0.022976298,0.13477457,0.002205908,0.0,0.0,0.0,0.0,0,1.8
815660000,815660000,0.9910576,-0.02269564,0.13150491,0.0023131154,0.0,0.0,0.0,0.0,0,1.82
815680000,815680000,0.9914953,-0.022410065,0.12821162,0.0024030106,0.0,0.0,0.0,0.0,0,1.84
815700000,815700000,0.9919247,-0.022124879,0.124895185,0.0024768533,0.0,0.0,0.0,0.0,0,1.86
815720000,815720000,0.99234617,-0.021837035,0.121552065,0.0025350542,0.0,0.0,0.0,0.0,0,1.88
815740000,815740000,0.9927576,-0.021547237,0.11819683,0.0025777325,0.0,0.0,0.0,0.0,0,1.9
815760000,815760000,0.99315804,-0.021252904,0.11483794,0.0026047945,0.0,0.0,0.0,0.0,0,1.92
815780000,815780000,0.99354696,-0.020956706,0.11147888,0.0026172171,0.0,0.0,0.0,0.0,0,1.94
815800000,815800000,0.99392366,-0.020653395,0.10812709,0.0026149033,0.0,0.0,0.0,0.0,0,1.96
815820000,815820000,0.9942882,-0.020352444,0.10478139,0.0025997958,0.0,0.0,0.0,0.0,0,1.98
815840000,815840000,0.99464047,-0.020044824,0.1014445,0.0025716012,0.0,0.0,0.0,0.0,0,2.0
815860000,815860000,0.99498034,-0.019738099,0.09811843,0.0025319287,0.0,0.0,0.0,0.0,0,2.02
815880000,815880000,0.9953072,-0.019421116,0.09481209,0.0024801714,0.0,0.0,0.0,0.0,0,2.04
815900000,815900000,0.9956209,-0.01910545,0.09152758,0.0024184098,0.0,0.0,0.0,0.0,0,2.06
815920000,815920000,0.9959214,-0.018779494,0.08826963,0.0023464023,0.0,0.0,0.0,0.0,0,2.08
815940000,815940000,0.99620885,-0.018453227,0.08503779,0.002265688,0.0,0.0,0.0,0.0,0,2.1
815960000,815960000,0.99648255,-0.018118376,0.08184479,0.0021762054,0.0,0.0,0.0,0.0,0,2.12
815980000,815980000,0.996743,-0.017782938,0.07868855,0.00207948,0.0,0.0,0.0,0.0,0,2.14
816000000,816000000,0.99699014,-0.017435433,0.07557709,0.0019749573,0.0,0.0,0.0,0.0,0,2.16
816020000,816020000,0.9972241,-0.017085755,0.07251112,0.0018643475,0.0,0.0,0.0,0.0,0,2.18
816040000,816040000,0.9974449,-0.01672987,0.0694963,0.0017480082,0.0,0.0,0.0,0.0,0,2.2
816060000,816060000,0.99765325,-0.016379347,0.066529885,0.0016276188,0.0,0.0,0.0,0.0,0,2.22
816080000,816080000,0.9978496,-0.016027559,0.063609116,0.0015033752,0.0,0.0,0.0,0.0,0,2.24
816100000,816100000,0.9980346,-0.01568181,0.06073045,0.0013767738,0.0,0.0,0.0,0.0,0,2.26
816120000,816120000,0.9982081,-0.0153296115,0.05790641,0.0012478133,0.0,0.0,0.0,0.0,0,2.28
816140000,816140000,0.9983704,-0.01497412,0.055137366,0.0011174122,0.0,0.0,0.0,0.0,0,2.3
816160000,816160000,0.9985222,-0.014611048,0.05242204,0.0009861431,0.0,0.0,0.0,0.0,0,2.32
816180000,816180000,0.99866384,-0.014243765,0.049759064,0.0008549296,0.0,0.0,0.0,0.0,0,2.34
816200000,816200000,0.99879545,-0.013873653,0.047156285,0.00072432304,0.0,0.0,0.0,0.0,0,2.36
816220000,816220000,0.99891764,-0.013508677,0.04460765,0.00059547496,0.0,0.0,0.0,0.0,0,2.38
816240000,816240000,0.9990309,-0.013149833,0.04210957,0.00046909568,0.0,0.0,0.0,0.0,0,2.4
816260000,816260000,0.99913543,-0.012797365,0.03966842,0.00034570126,0.0,0.0,0.0,0.0,0,2.42
816280000,816280000,0.9992315,-0.012452695,0.037287697,0.00022577569,0.0,0.0,0.0,0.0,0,2.44
816300000,816300000,0.9993195,-0.012114934,0.034969315,0.00011013128,0.0,0.0,0.0,0.0,0,2.46
816320000,816320000,0.99939996,-0.011778075,0.032711577,-1.1721171e-06,0.0,0.0,0.0,0.0,0,2.48
816340000,816340000,0.99947333,-0.011443199,0.03051656,-0.00010789867,0.0,0.0,0.0,0.0,0,2.5
816360000,816360000,0.9995397,-0.011115466,0.028388767,-0.00020949903,0.0,0.0,0.0,0.0,0,2.52
816380000,816380000,0.9995999,-0.010785154,0.026319886,-0.0003058427,0.0,0.0,0.0,0.0,0,2.54
816400000,816400000,0.99965423,-0.010458398,0.024310753,-0.00039644775,0.0,0.0,0.0,0.0,0,2.56
816420000,816420000,0.99970293,-0.010133529,0.022365365,-0.0004811268,0.0,0.0,0.0,0.0,0,2.58
816440000,816440000,0.99974644,-0.00981944,0.020479172,-0.0005595294,0.0,0.0,0.0,0.0,0,2.6
816460000,816460000,0.9997851,-0.009512004,0.018652009,-0.000631903,0.0,0.0,0.0,0.0,0,2.62
816480000,816480000,0.9998193,-0.00921126,0.016885558,-0.0006982335,0.0,0.0,0.0,0.0,0,2.64
816500000,816500000,0.9998493,-0.00891282,0.015179194,-0.0007585515,0.0,0.0,0.0,0.0,0,2.66
816520000,816520000,0.9998754,-0.008627817,0.01353138,-0.00081208156,0.0,0.0,0.0,0.0,0,2.68
816540000,816540000,0.99989784,-0.008348858,0.011958878,-0.0008590198,0.0,0.0,0.0,0.0,0,2.7
816560000,816560000,0.99991685,-0.008083294,0.010450922,-0.0008995599,0.0,0.0,0.0,0.0,0,2.72
816580000,816580000,0.99993294,-0.007826419,0.009002951,-0.00093365944,0.0,0.0,0.0,0.0,0,2.74
816600000,816600000,0.99994636,-0.007576857,0.0076231565,-0.00096171914,0.0,0.0,0.0,0.0,0,2.76
816620000,816620000,0.9999573,-0.0073264367,0.00630808,-0.0009837941,0.0,0.0,0.0,0.0,0,2.78
816640000,816640000,0.9999663,-0.007073307,0.0050447388,-0.0009997071,0.0,0.0,0.0,0.0,0,2.8
816660000,816660000,0.9999734,-0.0068186997,0.0038388048,-0.0010096286,0.0,0.0,0.0,0.0,0,2.82
816680000,816680000,0.99997884,-0.0065708715,0.0026949951,-0.0010137015,0.0,0.0,0.0,0.0,0,2.84
816700000,816700000,0.9999827,-0.00632631,0.0016163669,-0.0010119417,0.0,0.0,0.0,0.0,0,2.86
816720000,816720000,0.99998534,-0.006088352,0.0006009313,-0.0010047569,0.0,0.0,0.0,0.0,0,2.88
816740000,816740000,0.9999869,-0.005853751,-0.0003555704,-0.000992232,0.0,0.0,0.0,0.0,0,2.9
816760000,816760000,0.9999874,-0.0056303088,-0.0012608098,-0.0009750817,0.0,0.0,0.0,0.0,0,2.92
816780000,816780000,0.9999872,-0.005418165,-0.0021216837,-0.0009532365,0.0,0.0,0.0,0.0,0,2.94
816800000,816800000,0.9999862,-0.005217761,-0.0029392464,-0.000927016,0.0,0.0,0.0,0.0,0,2.96
816820000,816820000,0.9999847,-0.005019788,-0.0037066196,-0.0008970547,0.0,0.0,0.0,0.0,0,2.98
816840000,816840000,0.99998283,-0.004818218,-0.004417162,-0.000863726,0.0,0.0,0.0,0.0,0,3.0
816860000,816860000,0.9999807,-0.0046124575,-0.005071348,-0.00082687015,0.0,0.0,0.0,0.0,0,3.02
816880000,816880000,0.9999784,-0.004411513,-0.005677563,-0.00078685884,0.0,0.0,0.0,0.0,0,3.04
816900000,816900000,0.999976,-0.0042125927,-0.006233379,-0.00074385345,0.0,0.0,0.0,0.0,0,3.06
816920000,816920000,0.9999735,-0.004020567,-0.006743344,-0.000698444,0.0,0.0,0.0,0.0,0,3.08
816940000,816940000,0.999971,-0.0038393664,-0.007211205,-0.0006508876,0.0,0.0,0.0,0.0,0,3.1
816960000,816960000,0.9999686,-0.0036617054,-0.0076296586,-0.0006014097,0.0,0.0,0.0,0.0,0,3.12
816980000,816980000,0.99996626,-0.003489378,-0.008003508,-0.00054954493,0.0,0.0,0.0,0.0,0,3.14
817000000,817000000,0.9999641,-0.0033152036,-0.0083414195,-0.0004956086,0.0,0.0,0.0,0.0,0,3.16
817020000,817020000,0.9999623,-0.0031356208,-0.008634825,-0.00044039538,0.0,0.0,0.0,0.0,0,3.18
817040000,817040000,0.99996054,-0.0029528423,-0.008896197,-0.00038368208,0.0,0.0,0.0,0.0,0,3.2
817060000,817060000,0.999959,-0.0027678588,-0.009131318,-0.00032580938,0.0,0.0,0.0,0.0,0,3.22
817080000,817080000,0.9999576,-0.0025861554,-0.009333256,-0.00026711816,0.0,0.0,0.0,0.0,0,3.24
817100000,817100000,0.9999564,-0.0024102353,-0.009508707,-0.00020817708,0.0,0.0,0.0,0.0,0,3.26
817120000,817120000,0.9999554,-0.0022398056,-0.009657919,-0.00014996558,0.0,0.0,0.0,0.0,0,3.28
817140000,817140000,0.9999546,-0.0020690719,-0.009778219,-9.227689e-05,0.0,0.0,0.0,0.0,0,3.3
817160000,817160000,0.99995404,-0.001894021,-0.009871233,-3.5190173e-05,0.0,0.0,0.0,0.0,0,3.32
817180000,817180000,0.99995375,-0.0017188909,-0.009931926,2.1154972e-05,0.0,0.0,0.0,0.0,0,3.34
817200000,817200000,0.9999536,-0.001542264,-0.009972422,7.610183e-05,0.0,0.0,0.0,0.0,0,3.36
817220000,817220000,0.9999536,-0.0013771809,-0.009999011,0.00012912933,0.0,0.0,0.0,0.0,0,3.38
817240000,817240000,0.99995375,-0.0012266878,-0.010005307,0.00017993689,0.0,0.0,0.0,0.0,0,3.4
817260000,817260000,0.9999541,-0.0010779338,-0.009982437,0.00022832789,0.0,0.0,0.0,0.0,0,3.42
817280000,817280000,0.9999548,-0.00092979934,-0.009927961,0.0002744,0.0,0.0,0.0,0.0,0,3.44
817300000,817300000,0.9999557,-0.00078077626,-0.009848116,0.00031826453,0.0,0.0,0.0,0.0,0,3.46
817320000,817320000,0.9999567,-0.00063611154,-0.009749903,0.00035920372,0.0,0.0,0.0,0.0,0,3.48
817340000,817340000,0.9999579,-0.00050272624,-0.009639022,0.0003969378,0.0,0.0,0.0,0.0,0,3.5
817360000,817360000,0.9999591,-0.00038205422,-0.009516795,0.00043147782,0.0,0.0,0.0,0.0,0,3.52
817380000,817380000,0.9999604,-0.00027277804,-0.009380974,0.00046281726,0.0,0.0,0.0,0.0,0,3.54
817400000,817400000,0.99996185,-0.0001700721,-0.009226489,0.00049055676,0.0,0.0,0.0,0.0,0,3.56
817420000,817420000,0.99996346,-6.4690714e-05,-0.009048449,0.0005147118,0.0,0.0,0.0,0.0,0,3.58
817440000,817440000,0.9999652,3.838603e-05,-0.008854755,0.0005353236,0.0,0.0,0.0,0.0,0,3.6
817460000,817460000,0.99996686,0.00014047843,-0.008661001,0.0005524807,0.0,0.0,0.0,0.0,0,3.62
817480000,817480000,0.9999685,0.0002371183,-0.008464915,0.00056649215,0.0,0.0,0.0,0.0,0,3.64
817500000,817500000,0.99997026,0.0003222576,-0.008256682,0.0005774656,0.0,0.0,0.0,0.0,0,3.66
817520000,817520000,0.99997205,0.00039395527,-0.008034289,0.000585418,0.0,0.0,0.0,0.0,0,3.68
817540000,817540000,0.9999739,0.00045392918,-0.007798349,0.0005907297,0.0,0.0,0.0,0.0,0,3.7
817560000,817560000,0.9999757,0.00051141286,-0.0075584245,0.00059393595,0.0,0.0,0.0,0.0,0,3.72
817580000,817580000,0.9999774,0.0005714349,-0.007318316,0.0005950727,0.0,0.0,0.0,0.0,0,3.74
817600000,817600000,0.99997914,0.00063467876,-0.007072374,0.0005940614,0.0,0.0,0.0,0.0,0,3.76
817620000,817620000,0.99998087,0.00068304676,-0.006822181,0.00059055793,0.0,0.0,0.0,0.0,0,3.78
817640000,817640000,0.9999826,0.00071493135,-0.0065608136,0.00058420526,0.0,0.0,0.0,0.0,0,3.8
817660000,817660000,0.99998426,0.0007442931,-0.0062955115,0.0005753835,0.0,0.0,0.0,0.0,0,3.82
817680000,817680000,0.99998593,0.00077550946,-0.006029162,0.00056437147,0.0,0.0,0.0,0.0,0,3.84
817700000,817700000,0.9999875,0.00080858864,-0.0057614553,0.0005515233,0.0,0.0,0.0,0.0,0,3.86
817720000,817720000,0.999989,0.000845612,-0.005494001,0.00053688337,0.0,0.0,0.0,0.0,0,3.88
817740000,817740000,0.99999034,0.0008857649,-0.0052261846,0.00052066654,0.0,0.0,0.0,0.0,0,3.9
817760000,817760000,0.9999918,0.0009197485,-0.004948085,0.0005034817,0.0,0.0,0.0,0.0,0,3.92
817780000,817780000,0.9999931,0.00094067346,-0.004664501,0.00048522162,0.0,0.0,0.0,0.0,0,3.94
817800000,817800000,0.9999944,0.00095308654,-0.004385317,0.00046597325,0.0,0.0,0.0,0.0,0,3.96
817820000,817820000,0.9999955,0.0009653308,-0.0041077286,0.00044556393,0.0,0.0,0.0,0.0,0,3.98
817840000,817840000,0.9999966,0.0009727178,-0.0038379233,0.00042372922,0.0,0.0,0.0,0.0,0,4.0
817860000,817860000,0.9999976,0.0009770397,-0.0035736433,0.00040046347,0.0,0.0,0.0,0.0,0,4.02
817880000,817880000,0.9999985,0.0009810271,-0.0033124136,0.00037553773,0.0,0.0,0.0,0.0,0,4.04
817900000,817900000,0.99999934,0.0009837586,-0.003047673,0.00034947638,0.0,0.0,0.0,0.0,0,4.06
817920000,817920000,1.0000001,0.0009953047,-0.0027868587,0.00032278214,0.0,0.0,0.0,0.0,0,4.08
817940000,817940000,1.0000008,0.0010139068,-0.0025328437,0.0002962813,0.0,0.0,0.0,0.0,0,4.1
817960000,817960000,1.0000014,0.0010308735,-0.002284195,0.00027038067,0.0,0.0,0.0,0.0,0,4.12
817980000,817980000,1.0000019,0.0010417182,-0.0020432358,0.00024494407,0.0,0.0,0.0,0.0,0,4.14
818000000,818000000,1.0000024,0.0010528779,-0.0018034519,0.00021975917,0.0,0.0,0.0,0.0,0,4.16
818020000,818020000,1.0000027,0.0010620878,-0.0015664638,0.00019504073,0.0,0.0,0.0,0.0,0,4.18
818040000,818040000,1.0000031,0.0010685545,-0.0013333205,0.00017064744,0.0,0.0,0.0,0.0,0,4.2
818060000,818060000,1.0000033,0.0010636635,-0.0011120819,0.00014637805,0.0,0.0,0.0,0.0,0,4.22
818080000,818080000,1.0000036,0.0010555073,-0.00089496037,0.00012218978,0.0,0.0,0.0,0.0,0,4.24
818100000,818100000,1.0000038,0.0010481789,-0.0006885624,9.826518e-05,0.0,0.0,0.0,0.0,0,4.26
818120000,818120000,1.0000039,0.0010473548,-0.00049989956,7.461662e-05,0.0,0.0,0.0,0.0,0,4.28
818140000,818140000,1.0000039,0.0010466373,-0.00032396475,5.095722e-05,0.0,0.0,0.0,0.0,0,4.3
818160000,818160000,1.0000039,0.0010531027,-0.00016145565,2.7948676e-05,0.0,0.0,0.0,0.0,0,4.32
818180000,818180000,1.0000039,0.0010645195,-1.7147038e-05,4.8970437e-06,0.0,0.0,0.0,0.0,0,4.34
818200000,818200000,1.0000039,0.0010767084,0.00011680633,-1.802202e-05,0.0,0.0,0.0,0.0,0,4.36
818220000,818220000,1.0000039,0.0010840141,0.00025179933,-4.0235613e-05,0.0,0.0,0.0,0.0,0,4.38
818240000,818240000,1.0000039,0.0010777011,0.0003821201,-6.1787905e-05,0.0,0.0,0.0,0.0,0,4.4
818260000,818260000,1.0000038,0.0010700554,0.00049970363,-8.304504e-05,0.0,0.0,0.0,0.0,0,4.42
818280000,818280000,1.0000038,0.0010748443,0.0006132559,-0.00010424784,0.0,0.0,0.0,0.0,0,4.44
818300000,818300000,1.0000037,0.0010812735,0.000722823,-0.00012492227,0.0,0.0,0.0,0.0,0,4.46
818320000,818320000,1.0000036,0.0010797537,0.0008233295,-0.00014472699,0.0,0.0,0.0,0.0,0,4.48
818340000,818340000,1.0000036,0.0010682964,0.00091377704,-0.00016397113,0.0,0.0,0.0,0.0,0,4.5
818360000,818360000,1.0000035,0.0010562994,0.0010036728,-0.00018301357,0.0,0.0,0.0,0.0,0,4.52
818380000,818380000,1.0000033,0.001048531,0.0010910231,-0.00020131258,0.0,0.0,0.0,0.0,0,4.54
818400000,818400000,1.0000033,0.0010520349,0.0011622293,-0.00021830146,0.0,0.0,0.0,0.0,0,4.56
818420000,818420000,1.0000032,0.0010576687,0.0012274171,-0.00023401751,0.0,0.0,0.0,0.0,0,4.58
818440000,818440000,1.0000031,0.0010676925,0.001289712,-0.00024827203,0.0,0.0,0.0,0.0,0,4.6
818460000,818460000,1.0000031,0.0010720006,0.0013412692,-0.00026113197,0.0,0.0,0.0,0.0,0,4.62
818480000,818480000,1.000003,0.001061115,0.0013889573,-0.0002727796,0.0,0.0,0.0,0.0,0,4.64
818500000,818500000,1.000003,0.0010384413,0.0014340745,-0.00028299764,0.0,0.0,0.0,0.0,0,4.66
818520000,818520000,1.000003,0.0010030468,0.0014683274,-0.0002920458,0.0,0.0,0.0,0.0,0,4.68
818540000,818540000,1.000003,0.00095524185,0.0014904038,-0.00029960932,0.0,0.0,0.0,0.0,0,4.7
818560000,818560000,1.000003,0.0009019806,0.0015069201,-0.0003053961,0.0,0.0,0.0,0.0,0,4.72
818580000,818580000,1.000003,0.0008470807,0.0015215317,-0.0003093188,0.0,0.0,0.0,0.0,0,4.74
818600000,818600000,1.000003,0.00079201086,0.0015357123,-0.00031141556,0.0,0.0,0.0,0.0,0,4.76
818620000,818620000,1.000003,0.0007355032,0.0015498692,-0.00031221248,0.0,0.0,0.0,0.0,0,4.78
818640000,818640000,1.0000031,0.00067604304,0.0015659772,-0.00031210989,0.0,0.0,0.0,0.0,0,4.8
818660000,818660000,1.0000031,0.00060672103,0.0015739226,-0.00031107926,0.0,0.0,0.0,0.0,0,4.82
818680000,818680000,1.0000031,0.00053716736,0.0015900504,-0.00030941202,0.0,0.0,0.0,0.0,0,4.84
818700000,818700000,1.0000031,0.00046860415,0.0016058056,-0.0003070869,0.0,0.0,0.0,0.0,0,4.86
818720000,818720000,1.0000031,0.00039775734,0.0016149388,-0.0003038963,0.0,0.0,0.0,0.0,0,4.88
818740000,818740000,1.0000031,0.00033269468,0.0016317216,-0.00029980234,0.0,0.0,0.0,0.0,0,4.9
818760000,818760000,1.0000031,0.00027119287,0.0016436564,-0.00029504814,0.0,0.0,0.0,0.0,0,4.92
818780000,818780000,1.0000031,0.00021685738,0.0016515373,-0.0002892841,0.0,0.0,0.0,0.0,0,4.94
818800000,818800000,1.0000031,0.00017217197,0.0016613366,-0.0002828162,0.0,0.0,0.0,0.0,0,4.96
818820000,818820000,1.0000031,0.00012949432,0.0016791582,-0.00027585932,0.0,0.0,0.0,0.0,0,4.98
818840000,818840000,1.0000031,9.279715e-05,0.0016859471,-0.0002684442,0.0,0.0,0.0,0.0,0,5.0
818860000,818860000,1.0000031,5.8725862e-05,0.0016811192,-0.00026047003,0.0,0.0,0.0,0.0,0,5.02
818880000,818880000,1.0000031,2.4224379e-05,0.0016877657,-0.00025245428,0.0,0.0,0.0,0.0,0,5.04
818900000,818900000,1.0000031,-1.2925067e-06,0.0017016317,-0.00024421018,0.0,0.0,0.0,0.0,0,5.06
818920000,818920000,1.0000031,-2.0284215e-05,0.0017169974,-0.00023593305,0.0,0.0,0.0,0.0,0,5.08
818940000,818940000,1.000003,-3.445878e-05,0.0017317388,-0.00022752074,0.0,0.0,0.0,0.0,0,5.1
818960000,818960000,1.000003,-4.4838933e-05,0.0017418723,-0.00021935135,0.0,0.0,0.0,0.0,0,5.12
818980000,818980000,1.000003,-4.9546918e-05,0.0017526207,-0.00021162705,0.0,0.0,0.0,0.0,0,5.14
819000000,819000000,1.000003,-5.08621e-05,0.0017634522,-0.00020429266,0.0,0.0,0.0,0.0,0,5.16
819020000,819020000,1.000003,-5.1885363e-05,0.001771944,-0.00019713985,0.0,0.0,0.0,0.0,0,5.18
819040000,819040000,1.000003,-5.2020823e-05,0.0017789777,-0.00019009617,0.0,0.0,0.0,0.0,0,5.2
819060000,819060000,1.000003,-5.0743027e-05,0.0017847128,-0.00018306193,0.0,0.0,0.0,0.0,0,5.22
819080000,819080000,1.000003,-3.857711e-05,0.0017884112,-0.00017646523,0.0,0.0,0.0,0.0,0,5.24
819100000,819100000,1.000003,-2.1491678e-05,0.0017861573,-0.00017081665,0.0,0.0,0.0,0.0,0,5.26
819120000,819120000,1.000003,-6.4775754e-06,0.0017755073,-0.0001660621,0.0,0.0,0.0,0.0,0,5.28
819140000,819140000,1.000003,7.541261e-06,0.0017596515,-0.00016221113,0.0,0.0,0.0,0.0,0,5.3
819160000,819160000,1.000003,1.953022e-05,0.0017383309,-0.00015890076,0.0,0.0,0.0,0.0,0,5.32
819180000,819180000,1.0000031,3.3767832e-05,0.001716241,-0.00015596149,0.0,0.0,0.0,0.0,0,5.34
819200000,819200000,1.0000031,5.0598777e-05,0.0016937449,-0.00015319664,0.0,0.0,0.0,0.0,0,5.36
819220000,819220000,1.0000031,7.068653e-05,0.0016689745,-0.00015065371,0.0,0.0,0.0,0.0,0,5.38
819240000,819240000,1.0000032,9.832252e-05,0.00163717,-0.00014864867,0.0,0.0,0.0,0.0,0,5.4
819260000,819260000,1.0000032,0.0001325813,0.001599109,-0.00014685832,0.0,0.0,0.0,0.0,0,5.42
819280000,819280000,1.0000033,0.00016804395,0.0015625751,-0.00014544546,0.0,0.0,0.0,0.0,0,5.44
819300000,819300000,1.0000033,0.00020819204,0.0015236703,-0.00014486424,0.0,0.0,0.0,0.0,0,5.46
819320000,819320000,1.0000035,0.0002577694,0.0014818085,-0.00014543156,0.0,0.0,0.0,0.0,0,5.48
819340000,819340000,1.0000035,0.00031397745,0.0014387307,-0.00014708539,0.0,0.0,0.0,0.0,0,5.5
819360000,819360000,1.0000035,0.0003780944,0.001403079,-0.00014917228,0.0,0.0,0.0,0.0,0,5.52
819380000,819380000,1.0000035,0.0004421286,0.0013677994,-0.00015180236,0.0,0.0,0.0,0.0,0,5.54
819400000,819400000,1.0000036,0.00049877114,0.0013269017,-0.00015460324,0.0,0.0,0.0,0.0,0,5.56
819420000,819420000,1.0000036,0.00054003485,0.0012878284,-0.00015721862,0.0,0.0,0.0,0.0,0,5.58
819440000,819440000,1.0000036,0.00057642197,0.0012534155,-0.00016041659,0.0,0.0,0.0,0.0,0,5.6
819460000,819460000,1.0000036,0.0006183753,0.0012267744,-0.00016402014,0.0,0.0,0.0,0.0,0,5.62
819480000,819480000,1.0000036,0.0006575544,0.0011963184,-0.00016825362,0.0,0.0,0.0,0.0,0,5.64
819500000,819500000,1.0000036,0.0006917503,0.0011598191,-0.00017297239,0.0,0.0,0.0,0.0,0,5.66
819520000,819520000,1.0000036,0.0007244959,0.0011394067,-0.00017785076,0.0,0.0,0.0,0.0,0,5.68
819540000,819540000,1.0000036,0.0007532895,0.0011272966,-0.00018272933,0.0,0.0,0.0,0.0,0,5.7
819560000,819560000,1.0000036,0.0007811498,0.0010934584,-0.00018757652,0.0,0.0,0.0,0.0,0,5.72
819580000,819580000,1.0000037,0.0008097206,0.0010510536,-0.00019240193,0.0,0.0,0.0,0.0,0,5.74
819600000,819600000,1.0000037,0.0008354647,0.0010235268,-0.000197332,0.0,0.0,0.0,0.0,0,5.76
819620000,819620000,1.0000037,0.00085020746,0.0009937903,-0.00020201378,0.0,0.0,0.0,0.0,0,5.78
819640000,819640000,1.0000037,0.00086452236,0.00094726036,-0.0002068192,0.0,0.0,0.0,0.0,0,5.8
819660000,819660000,1.0000037,0.000879072,0.0009035848,-0.00021197616,0.0,0.0,0.0,0.0,0,5.82
819680000,819680000,1.0000038,0.00088699325,0.00086774543,-0.00021732754,0.0,0.0,0.0,0.0,0,5.84
819700000,819700000,1.0000038,0.0008901117,0.00083434425,-0.00022279817,0.0,0.0,0.0,0.0,0,5.86
819720000,819720000,1.0000038,0.0008915663,0.0008036625,-0.00022820053,0.0,0.0,0.0,0.0,0,5.88
819740000,819740000,1.0000038,0.0008918176,0.0007712715,-0.0002333215,0.0,0.0,0.0,0.0,0,5.9
819760000,819760000,1.0000038,0.00088730844,0.00073622854,-0.00023851631,0.0,0.0,0.0,0.0,0,5.92
819780000,819780000,1.0000039,0.0008819217,0.000699032,-0.0002436814,0.0,0.0,0.0,0.0,0,5.94
819800000,819800000,1.0000039,0.0008762934,0.0006597218,-0.00024861115,0.0,0.0,0.0,0.0,0,5.96
819820000,819820000,1.0000039,0.00086370594,0.0006253463,-0.00025303444,0.0,0.0,0.0,0.0,0,5.98
819840000,819840000,1.0000039,0.0008464073,0.0005934208,-0.00025727486,0.0,0.0,0.0,0.0,0,6.0
819860000,819860000,1.000004,0.00082775205,0.000561156,-0.00026151995,0.0,0.0,0.0,0.0,0,6.02
819880000,819880000,1.000004,0.00081120094,0.0005350222,-0.0002656589,0.0,0.0,0.0,0.0,0,6.04
819900000,819900000,1.000004,0.0007922069,0.00052348885,-0.00026934966,0.0,0.0,0.0,0.0,0,6.06
819920000,819920000,1.000004,0.0007725758,0.0005026393,-0.00027284998,0.0,0.0,0.0,0.0,0,6.08
819940000,819940000,1.0000042,0.0007592872,0.0004701394,-0.0002760645,0.0,0.0,0.0,0.0,0,6.1
819960000,819960000,1.0000042,0.00075160543,0.00044921014,-0.0002791587,0.0,0.0,0.0,0.0,0,6.12
819980000,819980000,1.0000042,0.0007459978,0.00043278027,-0.00028222144,0.0,0.0,0.0,0.0,0,6.14
820000000,820000000,1.0000042,0.0007412978,0.00041458767,-0.00028526344,0.0,0.0,0.0,0.0,0,6.16
820020000,820020000,1.0000042,0.000737303,0.0003934102,-0.000288287,0.0,0.0,0.0,0.0,0,6.18
820040000,820040000,1.0000042,0.0007338775,0.00036893078,-0.00029129264,0.0,0.0,0.0,0.0,0,6.2
820060000,820060000,1.0000042,0.0007310453,0.0003411333,-0.0002942806,0.0,0.0,0.0,0.0,0,6.22
820080000,820080000,1.0000042,0.00072869845,0.00030994022,-0.00029725098,0.0,0.0,0.0,0.0,0,6.24
820100000,820100000,1.0000042,0.00072688167,0.00027539206,-0.0003002039,0.0,0.0,0.0,0.0,0,6.26
820120000,820120000,1.0000042,0.00072365603,0.00023924549,-0.0003027959,0.0,0.0,0.0,0.0,0,6.28
820140000,820140000,1.0000042,0.0007094477,0.00021116942,-0.0003046872,0.0,0.0,0.0,0.0,0,6.3
820160000,820160000,1.0000043,0.00068715384,0.00018811823,-0.00030633557,0.0,0.0,0.0,0.0,0,6.32
820180000,820180000,1.0000043,0.0006614295,0.00016548463,-0.00030787085,0.0,0.0,0.0,0.0,0,6.34
820200000,820200000,1.0000043,0.0006354755,0.00013995027,-0.00030919007,0.0,0.0,0.0,0.0,0,6.36
820220000,820220000,1.0000043,0.0006088678,0.00011197934,-0.0003098764,0.0,0.0,0.0,0.0,0,6.38
820240000,820240000,1.0000043,0.00057349855,8.958978e-05,-0.00031011604,0.0,0.0,0.0,0.0,0,6.4
820260000,820260000,1.0000044,0.0005301383,6.190086e-05,-0.00031046147,0.0,0.0,0.0,0.0,0,6.42
820280000,820280000,1.0000044,0.00047774284,2.5011514e-05,-0.00031069622,0.0,0.0,0.0,0.0,0,6.44
820300000,820300000,1.0000044,0.00042007543,-1.6715258e-05,-0.00031086276,0.0,0.0,0.0,0.0,0,6.46
820320000,820320000,1.0000044,0.0003554975,-5.7866288e-05,-0.00031044992,0.0,0.0,0.0,0.0,0,6.48
820340000,820340000,1.0000044,0.0002840055,-0.000107554064,-0.00030988734,0.0,0.0,0.0,0.0,0,6.5
820360000,820360000,1.0000044,0.00020742434,-0.00016849993,-0.0003095935,0.0,0.0,0.0,0.0,0,6.52
820380000,820380000,1.0000045,0.00013111088,-0.00021609363,-0.00030949482,0.0,0.0,0.0,0.0,0,6.54
820400000,820400000,1.0000044,5.362832e-05,-0.00025723546,-0.00030981353,0.0,0.0,0.0,0.0,0,6.56
820420000,820420000,1.0000044,-2.856408e-05,-0.00030159316,-0.00031033927,0.0,0.0,0.0,0.0,0,6.58
820440000,820440000,1.0000044,-0.00011284513,-0.00034925932,-0.0003109455,0.0,0.0,0.0,0.0,0,6.6
820460000,820460000,1.0000044,-0.0001980292,-0.00040031385,-0.0003115852,0.0,0.0,0.0,0.0,0,6.62
820480000,820480000,1.0000044,-0.0002834888,-0.00045458964,-0.000312237,0.0,0.0,0.0,0.0,0,6.64
820500000,820500000,1.0000043,-0.0003706942,-0.00051387,-0.00031315265,0.0,0.0,0.0,0.0,0,6.66
820520000,820520000,1.0000042,-0.0004637467,-0.0005822331,-0.00031434698,0.0,0.0,0.0,0.0,0,6.68
820540000,820540000,1.0000042,-0.0005572205,-0.00065440376,-0.00031581605,0.0,0.0,0.0,0.0,0,6.7
820560000,820560000,1.000004,-0.0006493728,-0.0007284903,-0.00031737678,0.0,0.0,0.0,0.0,0,6.72
820580000,820580000,1.0000039,-0.0007408965,-0.00080532895,-0.00031897126,0.0,0.0,0.0,0.0,0,6.74
820600000,820600000,1.0000038,-0.0008319008,-0.00088483136,-0.0003205735,0.0,0.0,0.0,0.0,0,6.76
820620000,820620000,1.0000036,-0.00092112593,-0.0009688888,-0.00032234783,0.0,0.0,0.0,0.0,0,6.78
820640000,820640000,1.000004,-0.00073887035,0.0004766187,-0.0003325403,0.0,0.0,0.0,0.0,0,6.8
820660000,820660000,0.99997485,0.000614158,0.007677715,-0.0003622393,0.0,0.0,0.0,0.0,0,6.82
820680000,820680000,0.99984145,0.0030303192,0.017799012,-0.00041911236,0.0,0.0,0.0,0.0,0,6.84
820700000,820700000,0.99960655,0.0059292107,0.02757691,-0.00050710596,0.0,0.0,0.0,0.0,0,6.86
820720000,820720000,0.999269,0.008974157,0.03727781,-0.0006216087,0.0,0.0,0.0,0.0,0,6.88
820740000,820740000,0.9988191,0.012034137,0.047160655,-0.00076058134,0.0,0.0,0.0,0.0,0,6.9
820760000,820760000,0.9982823,0.015043145,0.056695353,-0.0009286698,0.0,0.0,0.0,0.0,0,6.92
820780000,820780000,0.99769646,0.017936073,0.06548232,-0.0011287307,0.0,0.0,0.0,0.0,0,6.94
820800000,820800000,0.9970868,0.020646032,0.07347673,-0.0013574315,0.0,0.0,0.0,0.0,0,6.96
820820000,820820000,0.99646384,0.023160506,0.08080809,-0.0016112812,0.0,0.0,0.0,0.0,0,6.98
820840000,820840000,0.99584436,0.025458217,0.08747228,-0.0018880422,0.0,0.0,0.0,0.0,0,7.0
820860000,820860000,0.995245,0.0275397,0.09345239,-0.0021866937,0.0,0.0,0.0,0.0,0,7.02
820880000,820880000,0.9946699,0.029428327,0.09883631,-0.0025053818,0.0,0.0,0.0,0.0,0,7.04
820900000,820900000,0.9941173,0.031141369,0.103740044,-0.002841032,0.0,0.0,0.0,0.0,0,7.06
820920000,820920000,0.99348295,0.032938685,0.109112576,-0.0031925165,0.0,0.0,0.0,0.0,0,7.08
820940000,820940000,0.9925427,0.03528498,0.11666371,-0.0035567773,0.0,0.0,0.0,0.0,0,7.1
820960000,820960000,0.99115443,0.038432505,0.12700127,-0.0039489754,0.0,0.0,0.0,0.0,0,7.12
820980000,820980000,0.98928523,0.042422432,0.13965964,-0.0044056727,0.0,0.0,0.0,0.0,0,7.14
821000000,821000000,0.98693603,0.047140732,0.15401174,-0.0049539916,0.0,0.0,0.0,0.0,0,7.16
821020000,821020000,0.9840642,0.052483134,0.16982557,-0.0056086183,0.0,0.0,0.0,0.0,0,7.18
821040000,821040000,0.98072785,0.058218203,0.18641843,-0.006385685,0.0,0.0,0.0,0.0,0,7.2
821060000,821060000,0.97713006,0.064052895,0.2026569,-0.0073076105,0.0,0.0,0.0,0.0,0,7.22
821080000,821080000,0.97347754,0.06972652,0.21775807,-0.008378742,0.0,0.0,0.0,0.0,0,7.24
821100000,821100000,0.9699491,0.07503525,0.23126951,-0.009588705,0.0,0.0,0.0,0.0,0,7.26
821120000,821120000,0.9666265,0.079872444,0.24319468,-0.010910208,0.0,0.0,0.0,0.0,0,7.28
821140000,821140000,0.96357656,0.084206276,0.25354815,-0.012328736,0.0,0.0,0.0,0.0,0,7.3
821160000,821160000,0.96082497,0.08802081,0.2624609,-0.013822067,0.0,0.0,0.0,0.0,0,7.32
821180000,821180000,0.9584067,0.09134154,0.2699736,-0.015385105,0.0,0.0,0.0,0.0,0,7.34
821200000,821200000,0.95632607,0.094162144,0.27621403,-0.016995352,0.0,0.0,0.0,0.0,0,7.36
821220000,821220000,0.95459676,0.096523695,0.2812284,-0.018651174,0.0,0.0,0.0,0.0,0,7.38
821240000,821240000,0.95321316,0.09842554,0.28511894,-0.020332498,0.0,0.0,0.0,0.0,0,7.4
821260000,821260000,0.95216966,0.09990464,0.28795072,-0.022033704,0.0,0.0,0.0,0.0,0,7.42
821280000,821280000,0.9514555,0.10097451,0.28979677,-0.023739805,0.0,0.0,0.0,0.0,0,7.44
821300000,821300000,0.95105344,0.1016533,0.29073367,-0.025436386,0.0,0.0,0.0,0.0,0,7.46
821320000,821320000,0.9509486,0.101979144,0.2908105,-0.027118018,0.0,0.0,0.0,0.0,0,7.48
821340000,821340000,0.9511234,0.10197671,0.29007947,-0.028774893,0.0,0.0,0.0,0.0,0,7.5
821360000,821360000,0.9515587,0.10167642,0.2885878,-0.030399818,0.0,0.0,0.0,0.0,0,7.52
821380000,821380000,0.9522374,0.10110461,0.28636986,-0.031986225,0.0,0.0,0.0,0.0,0,7.54
821400000,821400000,0.95314,0.10028194,0.28346565,-0.03352489,0.0,0.0,0.0,0.0,0,7.56
821420000,821420000,0.9542471,0.09922987,0.27990967,-0.03500814,0.0,0.0,0.0,0.0,0,7.58
821440000,821440000,0.955539,0.09795483,0.27574,-0.03642393,0.0,0.0,0.0,0.0,0,7.6
821460000,821460000,0.9569914,0.09647844,0.27100274,-0.037763383,0.0,0.0,0.0,0.0,0,7.62
821480000,821480000,0.95859057,0.094821215,0.2657054,-0.03902248,0.0,0.0,0.0,0.0,0,7.64
821500000,821500000,0.96031386,0.09299199,0.25989154,-0.040190514,0.0,0.0,0.0,0.0,0,7.66
821520000,821520000,0.96214914,0.09100245,0.25356272,-0.04126242,0.0,0.0,0.0,0.0,0,7.68
821540000,821540000,0.96407235,0.088860385,0.24676763,-0.042228308,0.0,0.0,0.0,0.0,0,7.7
821560000,821560000,0.96606493,0.08658503,0.2395295,-0.043084353,0.0,0.0,0.0,0.0,0,7.72
821580000,821580000,0.9681106,0.084180765,0.23187086,-0.04382302,0.0,0.0,0.0,0.0,0,7.74
821600000,821600000,0.97019017,0.08166681,0.22382061,-0.044441476,0.0,0.0,0.0,0.0,0,7.76
821620000,821620000,0.9722854,0.07903197,0.21541955,-0.044929333,0.0,0.0,0.0,0.0,0,7.78
821640000,821640000,0.9743829,0.07629909,0.206675,-0.045287617,0.0,0.0,0.0,0.0,0,7.8
821660000,821660000,0.9764678,0.07345671,0.19761762,-0.0455095,0.0,0.0,0.0,0.0,0,7.82
821680000,821680000,0.9785225,0.070531055,0.18827961,-0.04559624,0.0,0.0,0.0,0.0,0,7.84
821700000,821700000,0.980534,0.0675068,0.17869206,-0.045542113,0.0,0.0,0.0,0.0,0,7.86
821720000,821720000,0.9824876,0.064405605,0.16888605,-0.045349836,0.0,0.0,0.0,0.0,0,7.88
821740000,821740000,0.98437274,0.06121551,0.15888831,-0.045017157,0.0,0.0,0.0,0.0,0,7.9
821760000,821760000,0.9861765,0.057968594,0.14872809,-0.044549435,0.0,0.0,0.0,0.0,0,7.92
821780000,821780000,0.9878898,0.054644432,0.13844001,-0.0439454,0.0,0.0,0.0,0.0,0,7.94
821800000,821800000,0.98950154,0.0512765,0.12805972,-0.043211948,0.0,0.0,0.0,0.0,0,7.96
821820000,821820000,0.9910062,0.04784751,0.117613174,-0.04235065,0.0,0.0,0.0,0.0,0,7.98
821840000,821840000,0.9923948,0.044391733,0.10714285,-0.041369762,0.0,0.0,0.0,0.0,0,8.0
821860000,821860000,0.99366444,0.04088824,0.096676506,-0.04027264,0.0,0.0,0.0,0.0,0,8.02
821880000,821880000,0.99480975,0.037373964,0.086252585,-0.0390685,0.0,0.0,0.0,0.0,0,8.04
821900000,821900000,0.9958302,0.033830408,0.07590005,-0.037762605,0.0,0.0,0.0,0.0,0,8.06
821920000,821920000,0.99672484,0.030280026,0.06564594,-0.03636458,0.0,0.0,0.0,0.0,0,8.08
821940000,821940000,0.9974953,0.026716024,0.055513676,-0.034882285,0.0,0.0,0.0,0.0,0,8.1
821960000,821960000,0.9981422,0.023169724,0.04553964,-0.033325788,0.0,0.0,0.0,0.0,0,8.12
821980000,821980000,0.99866974,0.01962413,0.03574352,-0.03170376,0.0,0.0,0.0,0.0,0,8.14
822000000,822000000,0.99908143,0.016105508,0.026162632,-0.030026043,0.0,0.0,0.0,0.0,0,8.16
822020000,822020000,0.99938333,0.012605608,0.01679836,-0.028302506,0.0,0.0,0.0,0.0,0,8.18
822040000,822040000,0.9995809,0.009143552,0.007678905,-0.026542775,0.0,0.0,0.0,0.0,0,8.2
822060000,822060000,0.999681,0.005715738,-0.0011887186,-0.024756728,0.0,0.0,0.0,0.0,0,8.22
822080000,822080000,0.99969065,0.00234207,-0.009765073,-0.022953786,0.0,0.0,0.0,0.0,0,8.24
822100000,822100000,0.99961716,-0.0009792037,-0.018073816,-0.021143354,0.0,0.0,0.0,0.0,0,8.26
822120000,822120000,0.99946845,-0.0042306706,-0.026080742,-0.019334415,0.0,0.0,0.0,0.0,0,8.28
822140000,822140000,0.99925154,-0.0074172555,-0.033807952,-0.017535832,0.0,0.0,0.0,0.0,0,8.3
822160000,822160000,0.99897575,-0.010527796,-0.041200683,-0.015756227,0.0,0.0,0.0,0.0,0,8.32
822180000,822180000,0.9986471,-0.013559786,-0.04830237,-0.014003414,0.0,0.0,0.0,0.0,0,8.34
822200000,822200000,0.99827445,-0.01650259,-0.05508154,-0.012284916,0.0,0.0,0.0,0.0,0,8.36
822220000,822220000,0.9978641,-0.019347513,-0.061558794,-0.010607302,0.0,0.0,0.0,0.0,0,8.38
822240000,822240000,0.9974252,-0.022096016,-0.06769964,-0.008978012,0.0,0.0,0.0,0.0,0,8.4
822260000,822260000,0.9969613,-0.024744034,-0.073554285,-0.0074024047,0.0,0.0,0.0,0.0,0,8.42
822280000,822280000,0.9964808,-0.027291514,-0.0790927,-0.005886618,0.0,0.0,0.0,0.0,0,8.44
822300000,822300000,0.9959869,-0.029731309,-0.08435416,-0.0044342866,0.0,0.0,0.0,0.0,0,8.46
822320000,822320000,0.99548805,-0.032065682,-0.08930368,-0.0030513485,0.0,0.0,0.0,0.0,0,8.48
822340000,822340000,0.99498624,-0.034282513,-0.093984686,-0.0017392845,0.0,0.0,0.0,0.0,0,8.5
822360000,822360000,0.9944883,-0.036390696,-0.09837491,-0.0005030082,0.0,0.0,0.0,0.0,0,8.52
822380000,822380000,0.9939991,-0.038408794,-0.10246528,0.0006770242,0.0,0.0,0.0,0.0,0,8.54
822400000,822400000,0.9935948,-0.0413378,-0.1051986,0.0017004416,0.0,0.0,0.0,0.0,0,8.56
822420000,822420000,0.9933244,-0.046087902,-0.10576333,0.002404332,0.0,0.0,0.0,0.0,0,8.58
822440000,822440000,0.99306595,-0.05257203,-0.10515655,0.0027217772,0.0,0.0,0.0,0.0,0,8.6
822460000,822460000,0.9927134,-0.060309462,-0.10433332,0.0025637685,0.0,0.0,0.0,0.0,0,8.62
822480000,822480000,0.99226934,-0.068688035,-0.10338851,0.0018423821,0.0,0.0,0.0,0.0,0,8.64
822500000,822500000,0.99176097,-0.07726212,-0.10222358,0.0004766341,0.0,0.0,0.0,0.0,0,8.66
822520000,822520000,0.9911855,-0.08582272,-0.1009575,-0.0015865003,0.0,0.0,0.0,0.0,0,8.68
822540000,822540000,0.9905517,-0.09417871,-0.09963776,-0.004371526,0.0,0.0,0.0,0.0,0,8.7
822560000,822560000,0.98988056,-0.102077805,-0.09830457,-0.0078667,0.0,0.0,0.0,0.0,0,8.72
822580000,822580000,0.9891861,-0.10935606,-0.09703675,-0.01204266,0.0,0.0,0.0,0.0,0,8.74
822600000,822600000,0.9884894,-0.115839824,-0.09589033,-0.016852567,0.0,0.0,0.0,0.0,0,8.76
822620000,822620000,0.9878118,-0.121339284,-0.09497278,-0.022223724,0.0,0.0,0.0,0.0,0,8.78
822640000,822640000,0.9871748,-0.12572578,-0.094336905,-0.02808141,0.0,0.0,0.0,0.0,0,8.8
822660000,822660000,0.98659766,-0.12891124,-0.09400082,-0.03434965,0.0,0.0,0.0,0.0,0,8.82
822680000,822680000,0.9860904,-0.13084666,-0.09400809,-0.040944353,0.0,0.0,0.0,0.0,0,8.84
822700000,822700000,0.9856577,-0.13151327,-0.09438927,-0.047779635,0.0,0.0,0.0,0.0,0,8.86
822720000,822720000,0.98529863,-0.13091688,-0.095167585,-0.054768592,0.0,0.0,0.0,0.0,0,8.88
822740000,822740000,0.9850069,-0.12908895,-0.096354164,-0.06182519,0.0,0.0,0.0,0.0,0,8.9
822760000,822760000,0.9847739,-0.12608066,-0.09793092,-0.06886769,0.0,0.0,0.0,0.0,0,8.92
822780000,822780000,0.9845874,-0.12195505,-0.0998793,-0.075815275,0.0,0.0,0.0,0.0,0,8.94
822800000,822800000,0.9844328,-0.11679526,-0.10217047,-0.082590595,0.0,0.0,0.0,0.0,0,8.96
822820000,822820000,0.9842936,-0.11071286,-0.10476161,-0.089122884,0.0,0.0,0.0,0.0,0,8.98
822840000,822840000,0.9841597,-0.10379383,-0.10758726,-0.095344685,0.0,0.0,0.0,0.0,0,9.0
822860000,822860000,0.984015,-0.09618109,-0.110598944,-0.10119598,0.0,0.0,0.0,0.0,0,9.02
822880000,822880000,0.9838531,-0.08797425,-0.1137318,-0.106619656,0.0,0.0,0.0,0.0,0,9.04
822900000,822900000,0.9836648,-0.07933736,-0.11691875,-0.11157155,0.0,0.0,0.0,0.0,0,9.06
822920000,822920000,0.9834502,-0.07035672,-0.12011666,-0.11600315,0.0,0.0,0.0,0.0,0,9.08
822940000,822940000,0.98321325,-0.061181072,-0.12322806,-0.11988529,0.0,0.0,0.0,0.0,0,9.1
822960000,822960000,0.9829572,-0.0519029,-0.12623936,-0.123182826,0.0,0.0,0.0,0.0,0,9.12
822980000,822980000,0.9826956,-0.04262131,-0.12906384,-0.12587488,0.0,0.0,0.0,0.0,0,9.14
823000000,823000000,0.98243403,-0.03345971,-0.13169189,-0.12794614,0.0,0.0,0.0,0.0,0,9.16
823020000,823020000,0.9821878,-0.024477772,-0.13407819,-0.12938371,0.0,0.0,0.0,0.0,0,9.18
823040000,823040000,0.9819709,-0.015793677,-0.13617344,-0.1301905,0.0,0.0,0.0,0.0,0,9.2
823060000,823060000,0.9817927,-0.007468109,-0.13798895,-0.13036674,0.0,0.0,0.0,0.0,0,9.22
823080000,823080000,0.9816696,0.00044090423,-0.13947883,-0.12992075,0.0,0.0,0.0,0.0,0,9.24
823100000,823100000,0.9816099,0.007851096,-0.14065023,-0.12886813,0.0,0.0,0.0,0.0,0,9.26
823120000,823120000,0.98162186,0.014735794,-0.14150895,-0.12722309,0.0,0.0,0.0,0.0,0,9.28
823140000,823140000,0.98171425,0.02102003,-0.14204296,-0.12501276,0.0,0.0,0.0,0.0,0,9.3
823160000,823160000,0.98188853,0.026653387,-0.14228325,-0.122266285,0.0,0.0,0.0,0.0,0,9.32
823180000,823180000,0.982151,0.031632066,-0.14221221,-0.11901103,0.0,0.0,0.0,0.0,0,9.34
823200000,823200000,0.98250186,0.03592602,-0.14183961,-0.11528228,0.0,0.0,0.0,0.0,0,9.36
823220000,823220000,0.98293537,0.039535083,-0.1412007,-0.11111505,0.0,0.0,0.0,0.0,0,9.38
823240000,823240000,0.9834478,0.042464223,-0.14030075,-0.10654619,0.0,0.0,0.0,0.0,0,9.4
823260000,823260000,0.9840315,0.04471069,-0.13916187,-0.10161687,0.0,0.0,0.0,0.0,0,9.42
823280000,823280000,0.9846774,0.04629012,-0.13780415,-0.096367866,0.0,0.0,0.0,0.0,0,9.44
823300000,823300000,0.9853736,0.047220282,-0.13625659,-0.09084203,0.0,0.0,0.0,0.0,0,9.46
823320000,823320000,0.986109,0.047535356,-0.1345352,-0.08508115,0.0,0.0,0.0,0.0,0,9.48
823340000,823340000,0.9868722,0.047278102,-0.13265061,-0.07912638,0.0,0.0,0.0,0.0,0,9.5
823360000,823360000,0.9876512,0.046478722,-0.13062038,-0.0730216,0.0,0.0,0.0,0.0,0,9.52
823380000,823380000,0.98843366,0.045184758,-0.12846394,-0.06680854,0.0,0.0,0.0,0.0,0,9.54
823400000,823400000,0.98920745,0.043449126,-0.12619954,-0.06052796,0.0,0.0,0.0,0.0,0,9.56
823420000,823420000,0.98996085,0.04132242,-0.123851545,-0.054220736,0.0,0.0,0.0,0.0,0,9.58
823440000,823440000,0.99068636,0.038865026,-0.121418215,-0.047924533,0.0,0.0,0.0,0.0,0,9.6
823460000,823460000,0.9913769,0.036120217,-0.11890836,-0.041678123,0.0,0.0,0.0,0.0,0,9.62
823480000,823480000,0.99202555,0.033148028,-0.116336346,-0.03551713,0.0,0.0,0.0,0.0,0,9.64
823500000,823500000,0.99262804,0.029993547,-0.11371065,-0.029477397,0.0,0.0,0.0,0.0,0,9.66
823520000,823520000,0.9931815,0.026718182,-0.11103718,-0.023589795,0.0,0.0,0.0,0.0,0,9.68
823540000,823540000,0.9936863,0.023359848,-0.10831023,-0.017885024,0.0,0.0,0.0,0.0,0,9.7
823560000,823560000,0.9941418,0.019974228,-0.10554008,-0.012389874,0.0,0.0,0.0,0.0,0,9.72
823580000,823580000,0.99455017,0.01659705,-0.102726385,-0.007130477,0.0,0.0,0.0,0.0,0,9.74
823600000,823600000,0.99491346,0.013272057,-0.09987816,-0.00212882,0.0,0.0,0.0,0.0,0,9.76
823620000,823620000,0.99523455,0.0100245755,-0.09700555,0.002594123,0.0,0.0,0.0,0.0,0,9.78
823640000,823640000,0.9955184,0.0068929666,-0.094103284,0.007021887,0.0,0.0,0.0,0.0,0,9.8
823660000,823660000,0.9957689,0.0039001966,-0.091181874,0.011139314,0.0,0.0,0.0,0.0,0,9.82
823680000,823680000,0.99599123,0.0010764898,-0.088240564,0.014935096,0.0,0.0,0.0,0.0,0,9.84
823700000,823700000,0.9961897,-0.0015613599,-0.0852889,0.018399298,0.0,0.0,0.0,0.0,0,9.86
823720000,823720000,0.9963691,-0.0040047825,-0.08233046,0.021524504,0.0,0.0,0.0,0.0,0,9.88
823740000,823740000,0.99653256,-0.00624048,-0.07938636,0.024306796,0.0,0.0,0.0,0.0,0,9.9
823760000,823760000,0.9966851,-0.008265847,-0.07644839,0.026743604,0.0,0.0,0.0,0.0,0,9.92
823780000,823780000,0.9968303,-0.010064755,-0.07352346,0.028835826,0.0,0.0,0.0,0.0,0,9.94
823800000,823800000,0.99697113,-0.011641492,-0.07061694,0.030585133,0.0,0.0,0.0,0.0,0,9.96
823820000,823820000,0.9971102,-0.012988305,-0.067734525,0.031995945,0.0,0.0,0.0,0.0,0,9.98
823840000,823840000,0.99724936,-0.014116126,-0.06488203,0.033073906,0.0,0.0,0.0,0.0,0,10.0
823860000,823860000,0.997391,-0.015022842,-0.062051665,0.033827126,0.0,0.0,0.0,0.0,0,10.02
823880000,823880000,0.9975355,-0.015714569,-0.05925306,0.034264803,0.0,0.0,0.0,0.0,0,10.04
823900000,823900000,0.997684,-0.016207436,-0.056479383,0.034396995,0.0,0.0,0.0,0.0,0,10.06
823920000,823920000,0.9978354,-0.01650427,-0.053749546,0.034236852,0.0,0.0,0.0,0.0,0,10.08
823940000,823940000,0.9979893,-0.016628914,-0.051065896,0.03379715,0.0,0.0,0.0,0.0,0,10.1
823960000,823960000,0.998145,-0.016590387,-0.048429232,0.033092186,0.0,0.0,0.0,0.0,0,10.12
823980000,823980000,0.99830127,-0.016411278,-0.045842994,0.032136664,0.0,0.0,0.0,0.0,0,10.14
824000000,824000000,0.9984571,-0.016102292,-0.043308172,0.030946625,0.0,0.0,0.0,0.0,0,10.16
824020000,824020000,0.99861103,-0.015672555,-0.040827796,0.02953889,0.0,0.0,0.0,0.0,0,10.18
824040000,824040000,0.99876213,-0.01513099,-0.03839596,0.0279308,0.0,0.0,0.0,0.0,0,10.2
824060000,824060000,0.9989083,-0.014489723,-0.036028206,0.026140269,0.0,0.0,0.0,0.0,0,10.22
824080000,824080000,0.9990487,-0.013771492,-0.033708733,0.024184398,0.0,0.0,0.0,0.0,0,10.24
824100000,824100000,0.99918175,-0.012984964,-0.031444218,0.022081189,0.0,0.0,0.0,0.0,0,10.26
824120000,824120000,0.99930596,-0.01214027,-0.029245932,0.019849058,0.0,0.0,0.0,0.0,0,10.28
824140000,824140000,0.99942017,-0.011245199,-0.027121319,0.017505964,0.0,0.0,0.0,0.0,0,10.3
824160000,824160000,0.99952394,-0.010325628,-0.025047373,0.015068591,0.0,0.0,0.0,0.0,0,10.32
824180000,824180000,0.99961627,-0.009386925,-0.023036964,0.012554796,0.0,0.0,0.0,0.0,0,10.34
824200000,824200000,0.99969655,-0.008446048,-0.021092443,0.009981476,0.0,0.0,0.0,0.0,0,10.36
824220000,824220000,0.99976456,-0.0075090514,-0.019215425,0.007365388,0.0,0.0,0.0,0.0,0,10.38
824240000,824240000,0.99982023,-0.0065811225,-0.01740667,0.0047223913,0.0,0.0,0.0,0.0,0,10.4
824260000,824260000,0.9998637,-0.0056660823,-0.015663275,0.0020680064,0.0,0.0,0.0,0.0,0,10.42
824280000,824280000,0.9998953,-0.004777907,-0.013979346,-0.00058316137,0.0,0.0,0.0,0.0,0,10.44
824300000,824300000,0.9999153,-0.0039209467,-0.01235757,-0.0032172678,0.0,0.0,0.0,0.0,0,10.46
824320000,824320000,0.9999245,-0.0030914065,-0.010805233,-0.005821001,0.0,0.0,0.0,0.0,0,10.48
824340000,824340000,0.9999234,-0.002301241,-0.009310718,-0.008381949,0.0,0.0,0.0,0.0,0,10.5
824360000,824360000,0.9999131,-0.0015553758,-0.00787196,-0.010888849,0.0,0.0,0.0,0.0,0,10.52
824380000,824380000,0.99989426,-0.0008572487,-0.006493614,-0.013330882,0.0,0.0,0.0,0.0,0,10.54
824400000,824400000,0.9998679,-0.00020629387,-0.0051787486,-0.015698008,0.0,0.0,0.0,0.0,0,10.56
824420000,824420000,0.9998351,0.00039272817,-0.0039253454,-0.017981036,0.0,0.0,0.0,0.0,0,10.58
824440000,824440000,0.9997969,0.00094163243,-0.0027311856,-0.02017221,0.0,0.0,0.0,0.0,0,10.6
824460000,824460000,0.99975437,0.0014436314,-0.0015933589,-0.02226407,0.0,0.0,0.0,0.0,0,10.62
824480000,824480000,0.99970853,0.001901396,-0.00050516514,-0.024250101,0.0,0.0,0.0,0.0,0,10.64
824500000,824500000,0.99966043,0.0023073656,0.0005291101,-0.02612473,0.0,0.0,0.0,0.0,0,10.66
824520000,824520000,0.9996111,0.0026603371,0.0015087104,-0.02788336,0.0,0.0,0.0,0.0,0,10.68
824540000,824540000,0.9995613,0.0029649024,0.0024342162,-0.029522248,0.0,0.0,0.0,0.0,0,10.7
824560000,824560000,0.9995121,0.0032179726,0.0033114853,-0.031038374,0.0,0.0,0.0,0.0,0,10.72
824580000,824580000,0.99946415,0.0034230927,0.004138886,-0.032429423,0.0,0.0,0.0,0.0,0,10.74
824600000,824600000,0.99941826,0.0035829947,0.004916985,-0.03369406,0.0,0.0,0.0,0.0,0,10.76
824620000,824620000,0.999375,0.0036882423,0.0056488104,-0.034830946,0.0,0.0,0.0,0.0,0,10.78
824640000,824640000,0.99933505,0.0037417237,0.006334085,-0.035839513,0.0,0.0,0.0,0.0,0,10.8
824660000,824660000,0.99929875,0.0037498286,0.006977767,-0.036720373,0.0,0.0,0.0,0.0,0,10.82
824680000,824680000,0.9992665,0.0037183447,0.0075706406,-0.03747551,0.0,0.0,0.0,0.0,0,10.84
824700000,824700000,0.9992386,0.0036516192,0.0081106955,-0.03810748,0.0,0.0,0.0,0.0,0,10.86
824720000,824720000,0.9992151,0.003554898,0.008611494,-0.03861843,0.0,0.0,0.0,0.0,0,10.88
824740000,824740000,0.99919623,0.0034345235,0.009075432,-0.03901102,0.0,0.0,0.0,0.0,0,10.9
824760000,824760000,0.9991819,0.0032850541,0.009497192,-0.039288476,0.0,0.0,0.0,0.0,0,10.92
824780000,824780000,0.99917233,0.0031069368,0.009871528,-0.039454736,0.0,0.0,0.0,0.0,0,10.94
824800000,824800000,0.99916726,0.0028984216,0.010203556,-0.039514173,0.0,0.0,0.0,0.0,0,10.96
824820000,824820000,0.99916655,0.0026669865,0.010499881,-0.039471243,0.0,0.0,0.0,0.0,0,10.98
824840000,824840000,0.99916995,0.0024138244,0.010760117,-0.03933094,0.0,0.0,0.0,0.0,0,11.0
824860000,824860000,0.99917734,0.002145338,0.010978611,-0.039098304,0.0,0.0,0.0,0.0,0,11.02
824880000,824880000,0.99918836,0.0018657751,0.011155573,-0.038778465,0.0,0.0,0.0,0.0,0,11.04
824900000,824900000,0.99920285,0.0015774877,0.011289662,-0.038377,0.0,0.0,0.0,0.0,0,11.06
824920000,824920000,0.9992203,0.0012820405,0.011393736,-0.037899766,0.0,0.0,0.0,0.0,0,11.08
824940000,824940000,0.9992404,0.0009812408,0.0114691295,-0.037352398,0.0,0.0,0.0,0.0,0,11.1
824960000,824960000,0.9992628,0.00067611923,0.011513185,-0.036740698,0.0,0.0,0.0,0.0,0,11.12
824980000,824980000,0.9992872,0.00037211602,0.0115330955,-0.03607044,0.0,0.0,0.0,0.0,0,11.14
825000000,825000000,0.9993132,7.0285685e-05,0.011526753,-0.03534752,0.0,0.0,0.0,0.0,0,11.16
825020000,825020000,0.9993405,-0.00022980863,0.0114898365,-0.034577593,0.0,0.0,0.0,0.0,0,11.18
825040000,825040000,0.99936885,-0.0005272755,0.011425761,-0.03376638,0.0,0.0,0.0,0.0,0,11.2
825060000,825060000,0.9993979,-0.00082287705,0.011339966,-0.03291948,0.0,0.0,0.0,0.0,0,11.22
825080000,825080000,0.9994273,-0.0011169348,0.011230866,-0.0320425,0.0,0.0,0.0,0.0,0,11.24
825100000,825100000,0.99945694,-0.0014063529,0.011100499,-0.03114103,0.0,0.0,0.0,0.0,0,11.26
825120000,825120000,0.9994864,-0.001687169,0.010952257,-0.03022024,0.0,0.0,0.0,0.0,0,11.28
825140000,825140000,0.99951553,-0.0019629293,0.0107857,-0.029285217,0.0,0.0,0.0,0.0,0,11.3
825160000,825160000,0.9995442,-0.002234688,0.01059652,-0.028340988,0.0,0.0,0.0,0.0,0,11.32
825180000,825180000,0.99957216,-0.0024919494,0.010392815,-0.027392505,0.0,0.0,0.0,0.0,0,11.34
825200000,825200000,0.99959934,-0.0027373869,0.010169886,-0.02644426,0.0,0.0,0.0,0.0,0,11.36
825220000,825220000,0.9996256,-0.0029662873,0.009931348,-0.025500331,0.0,0.0,0.0,0.0,0,11.38
825240000,825240000,0.99965084,-0.003175523,0.009682873,-0.024564791,0.0,0.0,0.0,0.0,0,11.4
825260000,825260000,0.999675,-0.0033709696,0.009424156,-0.023641476,0.0,0.0,0.0,0.0,0,11.42
825280000,825280000,0.999698,-0.00355632,0.009143975,-0.022733973,0.0,0.0,0.0,0.0,0,11.44
825300000,825300000,0.99971974,-0.0037249457,0.008853857,-0.021845674,0.0,0.0,0.0,0.0,0,11.46
825320000,825320000,0.9997403,-0.0038757825,0.008560612,-0.020979917,0.0,0.0,0.0,0.0,0,11.48
825340000,825340000,0.99975955,-0.0040137284,0.008262979,-0.020139305,0.0,0.0,0.0,0.0,0,11.5
825360000,825360000,0.9997775,-0.0041453373,0.007958282,-0.01932635,0.0,0.0,0.0,0.0,0,11.52
825380000,825380000,0.99979424,-0.004269739,0.0076501085,-0.018543903,0.0,0.0,0.0,0.0,0,11.54
825400000,825400000,0.9998097,-0.004379875,0.0073417216,-0.017793437,0.0,0.0,0.0,0.0,0,11.56
825420000,825420000,0.99982405,-0.0044683306,0.0070306906,-0.017077222,0.0,0.0,0.0,0.0,0,11.58
825440000,825440000,0.9998373,-0.0045355735,0.006716615,-0.01639622,0.0,0.0,0.0,0.0,0,11.6
825460000,825460000,0.99984956,-0.0045879814,0.0063905804,-0.015751902,0.0,0.0,0.0,0.0,0,11.62
825480000,825480000,0.99986076,-0.0046274704,0.0060624885,-0.015145121,0.0,0.0,0.0,0.0,0,11.64
825500000,825500000,0.999871,-0.0046572313,0.005740069,-0.014576597,0.0,0.0,0.0,0.0,0,11.66
825520000,825520000,0.99988025,-0.004684015,0.0054130717,-0.014047402,0.0,0.0,0.0,0.0,0,11.68
825540000,825540000,0.99988866,-0.004697856,0.0050836853,-0.013558287,0.0,0.0,0.0,0.0,0,11.7
825560000,825560000,0.9998962,-0.0046999524,0.0047613676,-0.013109481,0.0,0.0,0.0,0.0,0,11.72
825580000,825580000,0.99990296,-0.0046935054,0.004451761,-0.012700782,0.0,0.0,0.0,0.0,0,11.74
825600000,825600000,0.999909,-0.0046732347,0.004149431,-0.012331493,0.0,0.0,0.0,0.0,0,11.76
825620000,825620000,0.9999144,-0.0046327338,0.0038485308,-0.012001552,0.0,0.0,0.0,0.0,0,11.78
825640000,825640000,0.9999192,-0.004577551,0.0035544399,-0.011710607,0.0,0.0,0.0,0.0,0,11.8
825660000,825660000,0.9999234,-0.004511887,0.0032650672,-0.011457955,0.0,0.0,0.0,0.0,0,11.82
825680000,825680000,0.9999271,-0.0044392473,0.0029673087,-0.011242435,0.0,0.0,0.0,0.0,0,11.84
825700000,825700000,0.9999303,-0.0043639294,0.0026597197,-0.011062852,0.0,0.0,0.0,0.0,0,11.86
825720000,825720000,0.99993294,-0.004289483,0.0023569344,-0.0109182205,0.0,0.0,0.0,0.0,0,11.88
825740000,825740000,0.99993515,-0.004211955,0.0020659294,-0.010808027,0.0,0.0,0.0,0.0,0,11.9
825760000,825760000,0.9999369,-0.004126221,0.0017785964,-0.010730819,0.0,0.0,0.0,0.0,0,11.92
825780000,825780000,0.99993825,-0.004028136,0.0014842398,-0.010685061,0.0,0.0,0.0,0.0,0,11.94
825800000,825800000,0.9999392,-0.0039230213,0.0011962098,-0.010669467,0.0,0.0,0.0,0.0,0,11.96
825820000,825820000,0.9999398,-0.003810153,0.00091183494,-0.010682271,0.0,0.0,0.0,0.0,0,11.98
825840000,825840000,0.9999401,-0.0036858297,0.0006291552,-0.010721573,0.0,0.0,0.0,0.0,0,12.0
825860000,825860000,0.99994,-0.003553734,0.00035769498,-0.010786444,0.0,0.0,0.0,0.0,0,12.02
825880000,825880000,0.99993956,-0.0034193737,0.00010231647,-0.010874794,0.0,0.0,0.0,0.0,0,12.04
825900000,825900000,0.99993885,-0.0032819177,-0.00013853074,-0.010984646,0.0,0.0,0.0,0.0,0,12.06
825920000,825920000,0.9999378,-0.003147515,-0.00037154355,-0.011114827,0.0,0.0,0.0,0.0,0,12.08
825940000,825940000,0.9999364,-0.0030136472,-0.0005930594,-0.011263241,0.0,0.0,0.0,0.0,0,12.1
825960000,825960000,0.9999348,-0.0028790287,-0.00080704264,-0.01142833,0.0,0.0,0.0,0.0,0,12.12
825980000,825980000,0.9999329,-0.002739352,-0.0010249673,-0.0116081685,0.0,0.0,0.0,0.0,0,12.14
826000000,826000000,0.9999308,-0.0025972335,-0.0012404915,-0.011801017,0.0,0.0,0.0,0.0,0,12.16
826020000,826020000,0.9999284,-0.002458324,-0.0014459147,-0.012005228,0.0,0.0,0.0,0.0,0,12.18
826040000,826040000,0.99992585,-0.0023245153,-0.0016303044,-0.0122191375,0.0,0.0,0.0,0.0,0,12.2
826060000,826060000,0.9999231,-0.0021919187,-0.0018048921,-0.012441429,0.0,0.0,0.0,0.0,0,12.22
826080000,826080000,0.9999202,-0.002063632,-0.00196876,-0.012670491,0.0,0.0,0.0,0.0,0,12.24
826100000,826100000,0.99991715,-0.0019443213,-0.00211969,-0.01290456,0.0,0.0,0.0,0.0,0,12.26
826120000,826120000,0.99991393,-0.001831391,-0.0022648373,-0.0131426975,0.0,0.0,0.0,0.0,0,12.28
826140000,826140000,0.99991065,-0.0017169548,-0.0024065613,-0.01338298,0.0,0.0,0.0,0.0,0,12.3
826160000,826160000,0.9999072,-0.001609878,-0.0025433567,-0.013624181,0.0,0.0,0.0,0.0,0,12.32
826180000,826180000,0.99990374,-0.0015125332,-0.002667318,-0.013864882,0.0,0.0,0.0,0.0,0,12.34
826200000,826200000,0.9999002,-0.0014243847,-0.0027699124,-0.014103458,0.0,0.0,0.0,0.0,0,12.36
826220000,826220000,0.99989676,-0.0013422276,-0.0028620851,-0.014338723,0.0,0.0,0.0,0.0,0,12.38
826240000,826240000,0.9998933,-0.0012596946,-0.0029422778,-0.014569879,0.0,0.0,0.0,0.0,0,12.4
826260000,826260000,0.99988985,-0.0011772105,-0.0030053917,-0.014796166,0.0,0.0,0.0,0.0,0,12.42
826280000,826280000,0.9998865,-0.0011051,-0.0030530489,-0.015016094,0.0,0.0,0.0,0.0,0,12.44
826300000,826300000,0.99988323,-0.0010423327,-0.0030942555,-0.015228978,0.0,0.0,0.0,0.0,0,12.46
826320000,826320000,0.9998801,-0.0009831556,-0.0031284385,-0.015434264,0.0,0.0,0.0,0.0,0,12.48
826340000,826340000,0.999877,-0.0009201195,-0.0031495856,-0.015631577,0.0,0.0,0.0,0.0,0,12.5
826360000,826360000,0.99987406,-0.0008488344,-0.0031624264,-0.015819274,0.0,0.0,0.0,0.0,0,12.52
826380000,826380000,0.99987125,-0.0007776882,-0.0031630273,-0.015997276,0.0,0.0,0.0,0.0,0,12.54
826400000,826400000,0.9998687,-0.00071163365,-0.0031492645,-0.016164966,0.0,0.0,0.0,0.0,0,12.56
826420000,826420000,0.99986625,-0.00065076863,-0.0031282916,-0.016322045,0.0,0.0,0.0,0.0,0,12.58
826440000,826440000,0.999864,-0.00059396,-0.0031008802,-0.016468287,0.0,0.0,0.0,0.0,0,12.6
826460000,826460000,0.99986184,-0.0005384431,-0.0030644936,-0.016603582,0.0,0.0,0.0,0.0,0,12.62
826480000,826480000,0.9998599,-0.00048680187,-0.0030212721,-0.016727814,0.0,0.0,0.0,0.0,0,12.64
826500000,826500000,0.99985826,-0.00044216198,-0.0029639956,-0.016840572,0.0,0.0,0.0,0.0,0,12.66
826520000,826520000,0.9998567,-0.00041178835,-0.0029016433,-0.016941838,0.0,0.0,0.0,0.0,0,12.68
826540000,826540000,0.9998554,-0.0003944567,-0.0028375972,-0.017031334,0.0,0.0,0.0,0.0,0,12.7
826560000,826560000,0.99985427,-0.00038544377,-0.0027691687,-0.017109098,0.0,0.0,0.0,0.0,0,12.72
826580000,826580000,0.9998533,-0.00038364952,-0.00269627,-0.0171752,0.0,0.0,0.0,0.0,0,12.74
826600000,826600000,0.9998526,-0.00038445674,-0.0026160947,-0.017229699,0.0,0.0,0.0,0.0,0,12.76
826620000,826620000,0.99985206,-0.0003893934,-0.0025405106,-0.01727275,0.0,0.0,0.0,0.0,0,12.78
826640000,826640000,0.9998517,-0.0003926493,-0.0024591992,-0.017304951,0.0,0.0,0.0,0.0,0,12.8
826660000,826660000,0.9998515,-0.00039453275,-0.0023687202,-0.017326532,0.0,0.0,0.0,0.0,0,12.82
826680000,826680000,0.9998516,-0.00040723442,-0.002278686,-0.017338106,0.0,0.0,0.0,0.0,0,12.84
826700000,826700000,0.9998517,-0.0004286767,-0.002186561,-0.017340042,0.0,0.0,0.0,0.0,0,12.86
826720000,826720000,0.99985206,-0.00045807826,-0.0020907586,-0.017332366,0.0,0.0,0.0,0.0,0,12.88
826740000,826740000,0.99985254,-0.0004946044,-0.0019927504,-0.017315427,0.0,0.0,0.0,0.0,0,12.9
826760000,826760000,0.99985313,-0.0005318307,-0.0019004558,-0.017289745,0.0,0.0,0.0,0.0,0,12.92
826780000,826780000,0.99985385,-0.0005685253,-0.0018150458,-0.017255377,0.0,0.0,0.0,0.0,0,12.94
826800000,826800000,0.99985474,-0.0006088072,-0.0017323648,-0.017212436,0.0,0.0,0.0,0.0,0,12.96
826820000,826820000,0.9998557,-0.0006464639,-0.0016581543,-0.017161485,0.0,0.0,0.0,0.0,0,12.98
826840000,826840000,0.99985677,-0.000680498,-0.0015814265,-0.017103625,0.0,0.0,0.0,0.0,0,13.0
826860000,826860000,0.999858,-0.00070468534,-0.0014893304,-0.017039353,0.0,0.0,0.0,0.0,0,13.02
826880000,826880000,0.99985933,-0.0007272314,-0.0013861862,-0.016969047,0.0,0.0,0.0,0.0,0,13.04
826900000,826900000,0.99986076,-0.00076160906,-0.001283925,-0.016893275,0.0,0.0,0.0,0.0,0,13.06
826920000,826920000,0.9998622,-0.00080595806,-0.0011796943,-0.016812287,0.0,0.0,0.0,0.0,0,13.08
826940000,826940000,0.99986374,-0.0008590794,-0.0010724333,-0.016726136,0.0,0.0,0.0,0.0,0,13.1
826960000,826960000,0.9998653,-0.00092092436,-0.0009617866,-0.016634902,0.0,0.0,0.0,0.0,0,13.12
826980000,826980000,0.9998669,-0.0009881373,-0.0008472318,-0.016538983,0.0,0.0,0.0,0.0,0,13.14
827000000,827000000,0.99986863,-0.0010510813,-0.0007204535,-0.016439449,0.0,0.0,0.0,0.0,0,13.16
827020000,827020000,0.9998703,-0.0011137512,-0.0005907414,-0.016336897,0.0,0.0,0.0,0.0,0,13.18
827040000,827040000,0.999872,-0.0011797237,-0.00047272578,-0.01623153,0.0,0.0,0.0,0.0,0,13.2
827060000,827060000,0.9998737,-0.001245922,-0.0003636185,-0.016123623,0.0,0.0,0.0,0.0,0,13.22
827080000,827080000,0.9998754,-0.0013068229,-0.00026569786,-0.016013442,0.0,0.0,0.0,0.0,0,13.24
827100000,827100000,0.9998772,-0.0013610431,-0.00017958369,-0.01590077,0.0,0.0,0.0,0.0,0,13.26
827120000,827120000,0.99987894,-0.0014136233,-9.647343e-05,-0.015785905,0.0,0.0,0.0,0.0,0,13.28
827140000,827140000,0.9998807,-0.0014670641,-1.591951e-05,-0.01567016,0.0,0.0,0.0,0.0,0,13.3
827160000,827160000,0.9998824,-0.0015258802,5.977094e-05,-0.015554155,0.0,0.0,0.0,0.0,0,13.32
827180000,827180000,0.9998841,-0.0015789735,0.00013857431,-0.015438279,0.0,0.0,0.0,0.0,0,13.34
827200000,827200000,0.9998858,-0.0016328113,0.00021901495,-0.015322893,0.0,0.0,0.0,0.0,0,13.36
827220000,827220000,0.9998874,-0.0016894569,0.0002992404,-0.0152081195,0.0,0.0,0.0,0.0,0,13.38
827240000,827240000,0.999889,-0.0017511961,0.00038089242,-0.015094024,0.0,0.0,0.0,0.0,0,13.4
827260000,827260000,0.9998906,-0.0018085468,0.00045412945,-0.014980628,0.0,0.0,0.0,0.0,0,13.42
827280000,827280000,0.9998921,-0.0018648716,0.0005113327,-0.014868627,0.0,0.0,0.0,0.0,0,13.44
827300000,827300000,0.9998936,-0.0019329356,0.0005569969,-0.014757685,0.0,0.0,0.0,0.0,0,13.46
827320000,827320000,0.9998951,-0.0020066036,0.0005951742,-0.014647981,0.0,0.0,0.0,0.0,0,13.48
827340000,827340000,0.99989647,-0.0020818566,0.00063212373,-0.014539934,0.0,0.0,0.0,0.0,0,13.5
827360000,827360000,0.99989784,-0.0021652326,0.00065871066,-0.014434067,0.0,0.0,0.0,0.0,0,13.52
827380000,827380000,0.9998991,-0.0022486248,0.0006805576,-0.014330223,0.0,0.0,0.0,0.0,0,13.54
827400000,827400000,0.99990034,-0.002330945,0.0007051359,-0.014228627,0.0,0.0,0.0,0.0,0,13.56
827420000,827420000,0.99990153,-0.0024216876,0.0007194831,-0.014129226,0.0,0.0,0.0,0.0,0,13.58
827440000,827440000,0.99990267,-0.0025165223,0.0007405053,-0.014032136,0.0,0.0,0.0,0.0,0,13.6
827460000,827460000,0.99990374,-0.0026077505,0.0007672279,-0.013937866,0.0,0.0,0.0,0.0,0,13.62
827480000,827480000,0.99990475,-0.00269548,0.0007885828,-0.013846633,0.0,0.0,0.0,0.0,0,13.64
827500000,827500000,0.9999057,-0.0027804824,0.0008041335,-0.01375789,0.0,0.0,0.0,0.0,0,13.66
827520000,827520000,0.99990666,-0.0028678905,0.0008299037,-0.013671738,0.0,0.0,0.0,0.0,0,13.68
827540000,827540000,0.9999075,-0.0029597143,0.0008611757,-0.013588304,0.0,0.0,0.0,0.0,0,13.7
827560000,827560000,0.99990827,-0.0030499652,0.0008892491,-0.013507732,0.0,0.0,0.0,0.0,0,13.72
827580000,827580000,0.999909,-0.0031419306,0.00091741834,-0.0134297,0.0,0.0,0.0,0.0,0,13.74
827600000,827600000,0.9999097,-0.0032310942,0.00094495545,-0.013354334,0.0,0.0,0.0,0.0,0,13.76
827620000,827620000,0.9999104,-0.003303846,0.0009715352,-0.013281769,0.0,0.0,0.0,0.0,0,13.78
827640000,827640000,0.9999111,-0.0033642708,0.0009922932,-0.013211922,0.0,0.0,0.0,0.0,0,13.8
827660000,827660000,0.9999118,-0.003421425,0.0010204623,-0.013144295,0.0,0.0,0.0,0.0,0,13.82
827680000,827680000,0.99991244,-0.0034744109,0.0010519007,-0.0130792195,0.0,0.0,0.0,0.0,0,13.84
827700000,827700000,0.99991304,-0.003524529,0.0010818598,-0.013016486,0.0,0.0,0.0,0.0,0,13.86
827720000,827720000,0.99991363,-0.0035595114,0.0011180388,-0.012956025,0.0,0.0,0.0,0.0,0,13.88
827740000,827740000,0.9999143,-0.0035760147,0.0011609549,-0.012897416,0.0,0.0,0.0,0.0,0,13.9
827760000,827760000,0.99991494,-0.003595652,0.0012006304,-0.012840579,0.0,0.0,0.0,0.0,0,13.92
827780000,827780000,0.9999155,-0.0036194965,0.0012308989,-0.012785564,0.0,0.0,0.0,0.0,0,13.94
827800000,827800000,0.9999161,-0.0036338158,0.0012681686,-0.012732516,0.0,0.0,0.0,0.0,0,13.96
827820000,827820000,0.9999167,-0.0036380517,0.0013186833,-0.012681076,0.0,0.0,0.0,0.0,0,13.98
827840000,827840000,0.99991727,-0.0036334654,0.0013616325,-0.012631562,0.0,0.0,0.0,0.0,0,14.0
827860000,827860000,0.9999178,-0.003628248,0.001390302,-0.012583467,0.0,0.0,0.0,0.0,0,14.02
827880000,827880000,0.9999184,-0.003626872,0.0014165305,-0.012536542,0.0,0.0,0.0,0.0,0,14.04
827900000,827900000,0.99991894,-0.0036187018,0.0014333058,-0.012490852,0.0,0.0,0.0,0.0,0,14.06
827920000,827920000,0.99991953,-0.0036087157,0.001447664,-0.01244657,0.0,0.0,0.0,0.0,0,14.08
827940000,827940000,0.99992,-0.0036057194,0.0014747278,-0.012403721,0.0,0.0,0.0,0.0,0,14.1
827960000,827960000,0.99992055,-0.0035991718,0.0015040296,-0.012362038,0.0,0.0,0.0,0.0,0,14.12
827980000,827980000,0.9999211,-0.003579858,0.0015236,-0.01232153,0.0,0.0,0.0,0.0,0,14.14
828000000,828000000,0.9999216,-0.0035482047,0.0015329241,-0.012282636,0.0,0.0,0.0,0.0,0,14.16
828020000,828020000,0.9999222,-0.0035110125,0.0015385293,-0.012245693,0.0,0.0,0.0,0.0,0,14.18
828040000,828040000,0.9999228,-0.003470193,0.0015423385,-0.012210511,0.0,0.0,0.0,0.0,0,14.2
828060000,828060000,0.99992335,-0.003421161,0.0015396448,-0.012177053,0.0,0.0,0.0,0.0,0,14.22
828080000,828080000,0.99992394,-0.003368641,0.0015354137,-0.012145388,0.0,0.0,0.0,0.0,0,14.24
828100000,828100000,0.9999245,-0.0033215277,0.0015388534,-0.012115164,0.0,0.0,0.0,0.0,0,14.26
828120000,828120000,0.99992496,-0.0032709667,0.0015410281,-0.012086149,0.0,0.0,0.0,0.0,0,14.28
828140000,828140000,0.9999255,-0.0032087774,0.0015345654,-0.012058356,0.0,0.0,0.0,0.0,0,14.3
828160000,828160000,0.99992603,-0.003140739,0.0015384039,-0.012031109,0.0,0.0,0.0,0.0,0,14.32
828180000,828180000,0.99992657,-0.0030673752,0.0015653981,-0.0120045245,0.0,0.0,0.0,0.0,0,14.34
828200000,828200000,0.9999271,-0.0029795852,0.0015952435,-0.011978813,0.0,0.0,0.0,0.0,0,14.36
828220000,828220000,0.99992764,-0.0028822748,0.0016274505,-0.0119540375,0.0,0.0,0.0,0.0,0,14.38
828240000,828240000,0.9999281,-0.002789042,0.0016693763,-0.011930387,0.0,0.0,0.0,0.0,0,14.4
828260000,828260000,0.9999286,-0.002691905,0.001711207,-0.011907655,0.0,0.0,0.0,0.0,0,14.42
828280000,828280000,0.999929,-0.002587627,0.0017514864,-0.011886077,0.0,0.0,0.0,0.0,0,14.44
828300000,828300000,0.9999294,-0.0024870671,0.0018038218,-0.01186525,0.0,0.0,0.0,0.0,0,14.46
828320000,828320000,0.99992985,-0.0023842317,0.0018641965,-0.011845089,0.0,0.0,0.0,0.0,0,14.48
828340000,828340000,0.9999302,-0.0022742434,0.0019110275,-0.01182539,0.0,0.0,0.0,0.0,0,14.5
828360000,828360000,0.9999306,-0.002160779,0.0019552382,-0.011806004,0.0,0.0,0.0,0.0,0,14.52
828380000,828380000,0.9999309,-0.002048549,0.0020200962,-0.01178692,0.0,0.0,0.0,0.0,0,14.54
828400000,828400000,0.9999312,-0.0019508268,0.0020939482,-0.011767844,0.0,0.0,0.0,0.0,0,14.56
828420000,828420000,0.99993145,-0.0018633544,0.002155082,-0.011748468,0.0,0.0,0.0,0.0,0,14.58
828440000,828440000,0.9999317,-0.0017825493,0.0022179876,-0.011728902,0.0,0.0,0.0,0.0,0,14.6
828460000,828460000,0.99993193,-0.0016947014,0.002293311,-0.0117088305,0.0,0.0,0.0,0.0,0,14.62
828480000,828480000,0.99993217,-0.0016101109,0.0023661363,-0.011688169,0.0,0.0,0.0,0.0,0,14.64
828500000,828500000,0.99993235,-0.001537283,0.0024270604,-0.0116667645,0.0,0.0,0.0,0.0,0,14.66
828520000,828520000,0.9999326,-0.001478626,0.00247332,-0.01164469,0.0,0.0,0.0,0.0,0,14.68
828540000,828540000,0.9999328,-0.0014206835,0.0025178718,-0.011622212,0.0,0.0,0.0,0.0,0,14.7
828560000,828560000,0.99993306,-0.0013598766,0.0025639697,-0.01159932,0.0,0.0,0.0,0.0,0,14.72
828580000,828580000,0.9999307,-0.0013426937,0.0034601667,-0.0115763,0.0,0.0,0.0,0.0,0,14.74
828600000,828600000,0.999887,-0.0015974347,0.009947399,-0.011556724,0.0,0.0,0.0,0.0,0,14.76
828620000,828620000,0.9997281,-0.0021590237,0.020373942,-0.011536241,0.0,0.0,0.0,0.0,0,14.78
828640000,828640000,0.9994618,-0.0029107481,0.030728461,-0.011509012,0.0,0.0,0.0,0.0,0,14.8
828660000,828660000,0.9990997,-0.0037199673,0.040784754,-0.011478532,0.0,0.0,0.0,0.0,0,14.82
828680000,828680000,0.9986244,-0.0045311493,0.051056962,-0.011447667,0.0,0.0,0.0,0.0,0,14.84
828700000,828700000,0.9980596,-0.005343968,0.061052427,-0.011414427,0.0,0.0,0.0,0.0,0,14.86
828720000,828720000,0.9974468,-0.00613299,0.07029905,-0.0113780005,0.0,0.0,0.0,0.0,0,14.88
828740000,828740000,0.9968134,-0.0068760924,0.07871604,-0.011339824,0.0,0.0,0.0,0.0,0,14.9
828760000,828760000,0.9961719,-0.0075718593,0.086403795,-0.011300655,0.0,0.0,0.0,0.0,0,14.92
828780000,828780000,0.99553573,-0.008209988,0.09339984,-0.011261812,0.0,0.0,0.0,0.0,0,14.94
828800000,828800000,0.9949194,-0.008790207,0.099705495,-0.011223635,0.0,0.0,0.0,0.0,0,14.96
828820000,828820000,0.99432975,-0.00931442,0.10538297,-0.011186389,0.0,0.0,0.0,0.0,0,14.98
828840000,828840000,0.9937699,-0.009769848,0.11050214,-0.011152043,0.0,0.0,0.0,0.0,0,15.0
828860000,828860000,0.99324584,-0.010164374,0.115086384,-0.011119948,0.0,0.0,0.0,0.0,0,15.02
828880000,828880000,0.99275863,-0.010502162,0.119189456,-0.0110899545,0.0,0.0,0.0,0.0,0,15.04
828900000,828900000,0.99230736,-0.0107876565,0.12286745,-0.0110618705,0.0,0.0,0.0,0.0,0,15.06
828920000,828920000,0.9918928,-0.011032899,0.12615184,-0.011035236,0.0,0.0,0.0,0.0,0,15.08
828940000,828940000,0.991514,-0.011222419,0.12908058,-0.011012759,0.0,0.0,0.0,0.0,0,15.1
828960000,828960000,0.9911674,-0.011365149,0.131705,-0.010994171,0.0,0.0,0.0,0.0,0,15.12
828980000,828980000,0.9908264,-0.011479948,0.13423789,-0.0109787835,0.0,0.0,0.0,0.0,0,15.14
829000000,829000000,0.99032676,-0.011565583,0.13786863,-0.0109784305,0.0,0.0,0.0,0.0,0,15.16
829020000,829020000,0.98951536,-0.0116316015,0.14356944,-0.011001109,0.0,0.0,0.0,0.0,0,15.18
829040000,829040000,0.98851246,-0.011681777,0.15031308,-0.011035868,0.0,0.0,0.0,0.0,0,15.2
829060000,829060000,0.98753226,-0.011708706,0.15661886,-0.011069121,0.0,0.0,0.0,0.0,0,15.22
829080000,829080000,0.98669094,-0.011711457,0.16183269,-0.011094815,0.0,0.0,0.0,0.0,0,15.24
829100000,829100000,0.986009,-0.011668816,0.16593851,-0.011116634,0.0,0.0,0.0,0.0,0,15.26
829120000,829120000,0.98548406,-0.011582168,0.16903287,-0.01113566,0.0,0.0,0.0,0.0,0,15.28
829140000,829140000,0.9851165,-0.01144337,0.17117037,-0.011154518,0.0,0.0,0.0,0.0,0,15.3
829160000,829160000,0.9849081,-0.011257717,0.17237604,-0.011173356,0.0,0.0,0.0,0.0,0,15.32
829180000,829180000,0.9848581,-0.011033068,0.17267513,-0.0111918235,0.0,0.0,0.0,0.0,0,15.34
829200000,829200000,0.9849575,-0.010777341,0.17212218,-0.011209483,0.0,0.0,0.0,0.0,0,15.36
829220000,829220000,0.9851921,-0.0104919635,0.17079082,-0.011227049,0.0,0.0,0.0,0.0,0,15.38
829240000,829240000,0.9855473,-0.010178113,0.16874692,-0.011245241,0.0,0.0,0.0,0.0,0,15.4
829260000,829260000,0.9860069,-0.009834167,0.16605964,-0.011264995,0.0,0.0,0.0,0.0,0,15.42
829280000,829280000,0.98655427,-0.009464876,0.16279678,-0.011286271,0.0,0.0,0.0,0.0,0,15.44
829300000,829300000,0.9871739,-0.009074491,0.15901747,-0.011309022,0.0,0.0,0.0,0.0,0,15.46
829320000,829320000,0.9878476,-0.008653677,0.15479931,-0.011335411,0.0,0.0,0.0,0.0,0,15.48
829340000,829340000,0.9885578,-0.008218781,0.15021932,-0.0113632735,0.0,0.0,0.0,0.0,0,15.5
829360000,829360000,0.9892928,-0.0077544656,0.14532316,-0.011395198,0.0,0.0,0.0,0.0,0,15.52
829380000,829380000,0.990042,-0.0072859954,0.14015119,-0.011427811,0.0,0.0,0.0,0.0,0,15.54
829400000,829400000,0.990796,-0.0067890775,0.13473974,-0.011464839,0.0,0.0,0.0,0.0,0,15.56
829420000,829420000,0.9915472,-0.006278985,0.12911773,-0.011503949,0.0,0.0,0.0,0.0,0,15.58
829440000,829440000,0.9922895,-0.005759074,0.12330553,-0.011544637,0.0,0.0,0.0,0.0,0,15.6
829460000,829460000,0.9930166,-0.005219496,0.117326714,-0.011588069,0.0,0.0,0.0,0.0,0,15.62
829480000,829480000,0.9937226,-0.004686031,0.11120802,-0.011631007,0.0,0.0,0.0,0.0,0,15.64
829500000,829500000,0.9944033,-0.00412784,0.10496565,-0.011676669,0.0,0.0,0.0,0.0,0,15.66
829520000,829520000,0.99505377,-0.003575339,0.09862499,-0.011721335,0.0,0.0,0.0,0.0,0,15.68
829540000,829540000,0.99567026,-0.0030161445,0.09220797,-0.011766254,0.0,0.0,0.0,0.0,0,15.7
829560000,829560000,0.9962495,-0.002459932,0.0857349,-0.0118103605,0.0,0.0,0.0,0.0,0,15.72
829580000,829580000,0.99678916,-0.0019236461,0.079223335,-0.011851644,0.0,0.0,0.0,0.0,0,15.74
829600000,829600000,0.99728847,-0.0013816889,0.07267403,-0.0118918335,0.0,0.0,0.0,0.0,0,15.76
829620000,829620000,0.99774545,-0.00086783915,0.06610653,-0.011928159,0.0,0.0,0.0,0.0,0,15.78
829640000,829640000,0.9981589,-0.00035457104,0.05953747,-0.011961849,0.0,0.0,0.0,0.0,0,15.8
829660000,829660000,0.99852824,0.00013936694,0.052977294,-0.011991156,0.0,0.0,0.0,0.0,0,15.82
829680000,829680000,0.9988529,0.00061119045,0.04644645,-0.0120155215,0.0,0.0,0.0,0.0,0,15.84
829700000,829700000,0.9991325,0.0010776401,0.039966267,-0.012035267,0.0,0.0,0.0,0.0,0,15.86
829720000,829720000,0.99936795,0.0015029451,0.033546343,-0.012048759,0.0,0.0,0.0,0.0,0,15.88
829740000,829740000,0.99956,0.0019213355,0.02719984,-0.012056535,0.0,0.0,0.0,0.0,0,15.9
829760000,829760000,0.9997099,0.002305998,0.02093969,-0.012057678,0.0,0.0,0.0,0.0,0,15.92
829780000,829780000,0.99981916,0.002673928,0.014775707,-0.012052191,0.0,0.0,0.0,0.0,0,15.94
829800000,829800000,0.99988943,0.0030209261,0.008723464,-0.012039257,0.0,0.0,0.0,0.0,0,15.96
829820000,829820000,0.9999229,0.003334751,0.0027930452,-0.012018969,0.0,0.0,0.0,0.0,0,15.98
829840000,829840000,0.99992156,0.003625698,-0.0030164905,-0.01199119,0.0,0.0,0.0,0.0,0,16.0
829860000,829860000,0.9998878,0.0038789106,-0.00868774,-0.0119554745,0.0,0.0,0.0,0.0,0,16.02
829880000,829880000,0.9998241,0.0041185655,-0.014213796,-0.011911191,0.0,0.0,0.0,0.0,0,16.04
829900000,829900000,0.99973315,0.004325437,-0.019581452,-0.0118585,0.0,0.0,0.0,0.0,0,16.06
829920000,829920000,0.9996174,0.004509418,-0.0247925,-0.011797007,0.0,0.0,0.0,0.0,0,16.08
829940000,829940000,0.99947995,0.004663793,-0.029827464,-0.011726527,0.0,0.0,0.0,0.0,0,16.1
829960000,829960000,0.99932307,0.00480154,-0.03469529,-0.011646436,0.0,0.0,0.0,0.0,0,16.12
829980000,829980000,0.9991494,0.004922816,-0.03939303,-0.011556563,0.0,0.0,0.0,0.0,0,16.14
830000000,830000000,0.9989614,0.005017008,-0.043917675,-0.011457254,0.0,0.0,0.0,0.0,0,16.16
830020000,830020000,0.998762,0.0050972044,-0.04825721,-0.011347874,0.0,0.0,0.0,0.0,0,16.18
830040000,830040000,0.99855363,0.005151663,-0.052412603,-0.011229515,0.0,0.0,0.0,0.0,0,16.2
830060000,830060000,0.9983387,0.005192859,-0.05637981,-0.011101319,0.0,0.0,0.0,0.0,0,16.22
830080000,830080000,0.9981196,0.0052124374,-0.060158346,-0.010964005,0.0,0.0,0.0,0.0,0,16.24
830100000,830100000,0.99789745,0.0052150656,-0.06376148,-0.010817592,0.0,0.0,0.0,0.0,0,16.26
830120000,830120000,0.9976745,0.0052014766,-0.067185536,-0.010662312,0.0,0.0,0.0,0.0,0,16.28
830140000,830140000,0.9974523,0.0051774425,-0.07043381,-0.010498285,0.0,0.0,0.0,0.0,0,16.3
830160000,830160000,0.997233,0.0051444937,-0.073501445,-0.010325689,0.0,0.0,0.0,0.0,0,16.32
830180000,830180000,0.9970173,0.00510095,-0.076398015,-0.010145422,0.0,0.0,0.0,0.0,0,16.34
830200000,830200000,0.9968074,0.00504995,-0.07911662,-0.00995714,0.0,0.0,0.0,0.0,0,16.36
830220000,830220000,0.99660504,0.0049895053,-0.081653684,-0.009761501,0.0,0.0,0.0,0.0,0,16.38
830240000,830240000,0.99641144,0.0049219867,-0.084010154,-0.009558799,0.0,0.0,0.0,0.0,0,16.4
830260000,830260000,0.9962267,0.0048555974,-0.08620013,-0.009349039,0.0,0.0,0.0,0.0,0,16.42
830280000,830280000,0.9960519,0.0047927448,-0.088223204,-0.009132682,0.0,0.0,0.0,0.0,0,16.44
830300000,830300000,0.9958876,0.004733059,-0.09008432,-0.008910848,0.0,0.0,0.0,0.0,0,16.46
830320000,830320000,0.995734,0.0046710894,-0.091791876,-0.008684775,0.0,0.0,0.0,0.0,0,16.48
830340000,830340000,0.9955912,0.004609571,-0.09335142,-0.008454931,0.0,0.0,0.0,0.0,0,16.5
830360000,830360000,0.9954606,0.004553279,-0.09475686,-0.008222044,0.0,0.0,0.0,0.0,0,16.52
830380000,830380000,0.99534196,0.004498638,-0.09601786,-0.007987182,0.0,0.0,0.0,0.0,0,16.54
830400000,830400000,0.99523556,0.004448637,-0.09713597,-0.00775099,0.0,0.0,0.0,0.0,0,16.56
830420000,830420000,0.9951421,0.004402119,-0.09810927,-0.007514253,0.0,0.0,0.0,0.0,0,16.58
830440000,830440000,0.99506193,0.004364354,-0.09893861,-0.00727718,0.0,0.0,0.0,0.0,0,16.6
830460000,830460000,0.9949936,0.004331168,-0.0996414,-0.007041191,0.0,0.0,0.0,0.0,0,16.62
830480000,830480000,0.99493766,0.0043009142,-0.100216575,-0.0068073026,0.0,0.0,0.0,0.0,0,16.64
830500000,830500000,0.9948948,0.0042733024,-0.10065732,-0.0065762764,0.0,0.0,0.0,0.0,0,16.66
830520000,830520000,0.9948643,0.0042498666,-0.100973986,-0.0063492516,0.0,0.0,0.0,0.0,0,16.68
830540000,830540000,0.9948451,0.0042337533,-0.101177596,-0.0061270637,0.0,0.0,0.0,0.0,0,16.7
830560000,830560000,0.9948376,0.0042160475,-0.10126493,-0.0059112124,0.0,0.0,0.0,0.0,0,16.72
830580000,830580000,0.9948397,0.004197395,-0.10125672,-0.005702393,0.0,0.0,0.0,0.0,0,16.74
830600000,830600000,0.9948508,0.0041805804,-0.101159446,-0.0055011846,0.0,0.0,0.0,0.0,0,16.76
830620000,830620000,0.99487287,0.004170063,-0.10095286,-0.0053074807,0.0,0.0,0.0,0.0,0,16.78
830640000,830640000,0.99490505,0.0041641416,-0.10064496,-0.005122247,0.0,0.0,0.0,0.0,0,16.8
830660000,830660000,0.9949456,0.0041596754,-0.10025263,-0.0049462416,0.0,0.0,0.0,0.0,0,16.82
830680000,830680000,0.99499494,0.0041541983,-0.09976992,-0.004780412,0.0,0.0,0.0,0.0,0,16.84
830700000,830700000,0.9950528,0.0041536954,-0.099198416,-0.0046246056,0.0,0.0,0.0,0.0,0,16.86
830720000,830720000,0.9951188,0.0041578864,-0.098540835,-0.0044796406,0.0,0.0,0.0,0.0,0,16.88
830740000,830740000,0.995191,0.0041695475,-0.0978151,-0.004345866,0.0,0.0,0.0,0.0,0,16.9
830760000,830760000,0.9952699,0.00418694,-0.09701296,-0.0042234226,0.0,0.0,0.0,0.0,0,16.92
830780000,830780000,0.99535507,0.0042028017,-0.0961396,-0.004113456,0.0,0.0,0.0,0.0,0,16.94
830800000,830800000,0.99544513,0.004209932,-0.095206074,-0.004017191,0.0,0.0,0.0,0.0,0,16.96
830820000,830820000,0.9955406,0.004213585,-0.0942057,-0.0039339503,0.0,0.0,0.0,0.0,0,16.98
830840000,830840000,0.9956413,0.004211181,-0.09313887,-0.0038641593,0.0,0.0,0.0,0.0,0,17.0
830860000,830860000,0.9957465,0.004201668,-0.0920102,-0.0038080676,0.0,0.0,0.0,0.0,0,17.02
830880000,830880000,0.99585485,0.004184845,-0.090832286,-0.0037656568,0.0,0.0,0.0,0.0,0,17.04
830900000,830900000,0.9959664,0.0041684425,-0.089603014,-0.0037364848,0.0,0.0,0.0,0.0,0,17.06
830920000,830920000,0.9960814,0.004152355,-0.08831696,-0.003720507,0.0,0.0,0.0,0.0,0,17.08
830940000,830940000,0.9961984,0.004138728,-0.086987935,-0.0037174746,0.0,0.0,0.0,0.0,0,17.1
830960000,830960000,0.9963164,0.0041249976,-0.08562605,-0.0037273886,0.0,0.0,0.0,0.0,0,17.12
830980000,830980000,0.9964359,0.004113034,-0.08422423,-0.003749527,0.0,0.0,0.0,0.0,0,17.14
831000000,831000000,0.9965566,0.0040988717,-0.08278293,-0.0037841662,0.0,0.0,0.0,0.0,0,17.16
831020000,831020000,0.99667794,0.0040816176,-0.08130696,-0.0038310676,0.0,0.0,0.0,0.0,0,17.18
831040000,831040000,0.99679947,0.004066922,-0.07980111,-0.0038895411,0.0,0.0,0.0,0.0,0,17.2
831060000,831060000,0.99692035,0.0040535415,-0.078274205,-0.0039595934,0.0,0.0,0.0,0.0,0,17.22
831080000,831080000,0.9970391,0.00404039,-0.07674325,-0.0040408373,0.0,0.0,0.0,0.0,0,17.24
831100000,831100000,0.9971567,0.004023504,-0.075195916,-0.004133235,0.0,0.0,0.0,0.0,0,17.26
831120000,831120000,0.9972737,0.0039996523,-0.073623404,-0.0042367084,0.0,0.0,0.0,0.0,0,17.28
831140000,831140000,0.9973899,0.003972004,-0.07202628,-0.0043500937,0.0,0.0,0.0,0.0,0,17.3
831160000,831160000,0.9975046,0.003946354,-0.07041352,-0.004472878,0.0,0.0,0.0,0.0,0,17.32
831180000,831180000,0.99761754,0.003915398,-0.068787865,-0.0046049757,0.0,0.0,0.0,0.0,0,17.34
831200000,831200000,0.997728,0.0038798095,-0.06715954,-0.004745945,0.0,0.0,0.0,0.0,0,17.36
831220000,831220000,0.99783576,0.0038388923,-0.06552979,-0.00489506,0.0,0.0,0.0,0.0,0,17.38
831240000,831240000,0.9979412,0.003802793,-0.063894734,-0.005050459,0.0,0.0,0.0,0.0,0,17.4
831260000,831260000,0.99804467,0.0037615993,-0.06224661,-0.0052122045,0.0,0.0,0.0,0.0,0,17.42
831280000,831280000,0.9981455,0.0037227622,-0.060595173,-0.005379348,0.0,0.0,0.0,0.0,0,17.44
831300000,831300000,0.9982439,0.0036821698,-0.058939274,-0.0055520353,0.0,0.0,0.0,0.0,0,17.46
831320000,831320000,0.9983398,0.0036435274,-0.057276905,-0.00572929,0.0,0.0,0.0,0.0,0,17.48
831340000,831340000,0.99843305,0.0036000623,-0.055611048,-0.0059108967,0.0,0.0,0.0,0.0,0,17.5
831360000,831360000,0.99852324,0.0035581843,-0.053949818,-0.0060956706,0.0,0.0,0.0,0.0,0,17.52
831380000,831380000,0.99861056,0.0035116859,-0.05229036,-0.00628339,0.0,0.0,0.0,0.0,0,17.54
831400000,831400000,0.99869436,0.0034655805,-0.050643902,-0.0064736726,0.0,0.0,0.0,0.0,0,17.56
831420000,831420000,0.99877477,0.0034093524,-0.049010776,-0.006666543,0.0,0.0,0.0,0.0,0,17.58
831440000,831440000,0.998852,0.0033568118,-0.047385626,-0.006860579,0.0,0.0,0.0,0.0,0,17.6
831460000,831460000,0.99892586,0.003299708,-0.045777485,-0.0070557063,0.0,0.0,0.0,0.0,0,17.62
831480000,831480000,0.9989965,0.003238338,-0.0441815,-0.007251647,0.0,0.0,0.0,0.0,0,17.64
831500000,831500000,0.99906373,0.0031696653,-0.04260527,-0.007447979,0.0,0.0,0.0,0.0,0,17.66
831520000,831520000,0.9991273,0.0031033,-0.041055698,-0.0076439744,0.0,0.0,0.0,0.0,0,17.68
831540000,831540000,0.99918777,0.0030275998,-0.03952604,-0.007839386,0.0,0.0,0.0,0.0,0,17.7
831560000,831560000,0.9992454,0.002938119,-0.038007695,-0.00803408,0.0,0.0,0.0,0.0,0,17.72
831580000,831580000,0.9993002,0.0028432377,-0.036503304,-0.008227098,0.0,0.0,0.0,0.0,0,17.74
831600000,831600000,0.99935186,0.0027478018,-0.03502298,-0.00841815,0.0,0.0,0.0,0.0,0,17.76
831620000,831620000,0.9994003,0.002646543,-0.03357157,-0.008607352,0.0,0.0,0.0,0.0,0,17.78
831640000,831640000,0.999446,0.0025449875,-0.03214094,-0.00879426,0.0,0.0,0.0,0.0,0,17.8
831660000,831660000,0.9994888,0.0024408824,-0.030737197,-0.008978044,0.0,0.0,0.0,0.0,0,17.82
831680000,831680000,0.9995286,0.0023355982,-0.0293669,-0.009158264,0.0,0.0,0.0,0.0,0,17.84
831700000,831700000,0.99956566,0.0022237375,-0.028026866,-0.009334744,0.0,0.0,0.0,0.0,0,17.86
831720000,831720000,0.99960047,0.0021125884,-0.02670531,-0.009507162,0.0,0.0,0.0,0.0,0,17.88
831740000,831740000,0.9996326,0.0020055338,-0.0254184,-0.009674994,0.0,0.0,0.0,0.0,0,17.9
831760000,831760000,0.9996623,0.0019011145,-0.024167752,-0.009838091,0.0,0.0,0.0,0.0,0,17.92
831780000,831780000,0.9996894,0.0018012441,-0.0229566,-0.009996066,0.0,0.0,0.0,0.0,0,17.94
831800000,831800000,0.99971443,0.0017133126,-0.02177611,-0.010148287,0.0,0.0,0.0,0.0,0,17.96
831820000,831820000,0.9997375,0.001640693,-0.020624978,-0.010295035,0.0,0.0,0.0,0.0,0,17.98
831840000,831840000,0.99975854,0.0015735537,-0.019507296,-0.010436783,0.0,0.0,0.0,0.0,0,18.0
831860000,831860000,0.9997778,0.0015073866,-0.0184238,-0.010573515,0.0,0.0,0.0,0.0,0,18.02
831880000,831880000,0.9997954,0.001442103,-0.01736759,-0.010705021,0.0,0.0,0.0,0.0,0,18.04
831900000,831900000,0.9998114,0.0013774107,-0.01634007,-0.010831526,0.0,0.0,0.0,0.0,0,18.06
831920000,831920000,0.9998261,0.0013157842,-0.015337584,-0.01095272,0.0,0.0,0.0,0.0,0,18.08
831940000,831940000,0.9998394,0.0012680126,-0.014356933,-0.0110683525,0.0,0.0,0.0,0.0,0,18.1
831960000,831960000,0.99985147,0.0012295987,-0.013405088,-0.011179054,0.0,0.0,0.0,0.0,0,18.12
831980000,831980000,0.99986213,0.0011994026,-0.012489707,-0.011284641,0.0,0.0,0.0,0.0,0,18.14
832000000,832000000,0.9998717,0.0011752724,-0.011610199,-0.011384777,0.0,0.0,0.0,0.0,0,18.16
832020000,832020000,0.9998802,0.0011511471,-0.010751375,-0.01147928,0.0,0.0,0.0,0.0,0,18.18
832040000,832040000,0.99988794,0.0011279627,-0.00990441,-0.011567912,0.0,0.0,0.0,0.0,0,18.2
832060000,832060000,0.99989474,0.0011121379,-0.009093978,-0.011650611,0.0,0.0,0.0,0.0,0,18.22
832080000,832080000,0.9999005,0.0011034344,-0.008324093,-0.011727361,0.0,0.0,0.0,0.0,0,18.24
832100000,832100000,0.99990565,0.0010988292,-0.0075789522,-0.011797903,0.0,0.0,0.0,0.0,0,18.26
832120000,832120000,0.99991006,0.0010935339,-0.0068591796,-0.011862302,0.0,0.0,0.0,0.0,0,18.28
832140000,832140000,0.9999139,0.0010894786,-0.006167731,-0.0119207045,0.0,0.0,0.0,0.0,0,18.3
832160000,832160000,0.9999171,0.001090487,-0.0055112923,-0.011973543,0.0,0.0,0.0,0.0,0,18.32
832180000,832180000,0.9999198,0.0010993144,-0.0048864335,-0.012020322,0.0,0.0,0.0,0.0,0,18.34
832200000,832200000,0.99992204,0.0011108713,-0.0042768302,-0.012060934,0.0,0.0,0.0,0.0,0,18.36
832220000,832220000,0.99992394,0.0011265255,-0.003690838,-0.012095895,0.0,0.0,0.0,0.0,0,18.38
832240000,832240000,0.99992543,0.001148093,-0.0031387312,-0.012125219,0.0,0.0,0.0,0.0,0,18.4
832260000,832260000,0.9999266,0.0011719002,-0.0026160262,-0.0121486895,0.0,0.0,0.0,0.0,0,18.42
832280000,832280000,0.9999276,0.0011978841,-0.0021178466,-0.012166825,0.0,0.0,0.0,0.0,0,18.44
832300000,832300000,0.9999283,0.0012318314,-0.0016380886,-0.012179912,0.0,0.0,0.0,0.0,0,18.46
832320000,832320000,0.9999288,0.0012609131,-0.0011885515,-0.012188243,0.0,0.0,0.0,0.0,0,18.48
832340000,832340000,0.9999291,0.0012966311,-0.0007580738,-0.012191925,0.0,0.0,0.0,0.0,0,18.5
832360000,832360000,0.99992925,0.0013414286,-0.0003440465,-0.012191222,0.0,0.0,0.0,0.0,0,18.52
832380000,832380000,0.9999293,0.0013843775,4.2991942e-05,-0.012186577,0.0,0.0,0.0,0.0,0,18.54
832400000,832400000,0.9999293,0.001424841,0.00040234436,-0.012178185,0.0,0.0,0.0,0.0,0,18.56
832420000,832420000,0.9999292,0.001463602,0.0007350545,-0.012166085,0.0,0.0,0.0,0.0,0,18.58
832440000,832440000,0.9999291,0.0015003907,0.0010405824,-0.012150303,0.0,0.0,0.0,0.0,0,18.6
832460000,832460000,0.9999289,0.0015355787,0.001319658,-0.012130968,0.0,0.0,0.0,0.0,0,18.62
832480000,832480000,0.9999288,0.001576901,0.0015794202,-0.0121088,0.0,0.0,0.0,0.0,0,18.64
832500000,832500000,0.99992853,0.0016258699,0.0018340446,-0.012083818,0.0,0.0,0.0,0.0,0,18.66
832520000,832520000,0.9999283,0.0016722846,0.0020853155,-0.01205567,0.0,0.0,0.0,0.0,0,18.68
832540000,832540000,0.9999281,0.0017141636,0.0023161292,-0.0120243775,0.0,0.0,0.0,0.0,0,18.7
832560000,832560000,0.99992794,0.0017486563,0.002521295,-0.0119907195,0.0,0.0,0.0,0.0,0,18.72
832580000,832580000,0.9999278,0.0017814547,0.002719592,-0.0119551355,0.0,0.0,0.0,0.0,0,18.74
832600000,832600000,0.99992764,0.0018144101,0.0029052366,-0.011917639,0.0,0.0,0.0,0.0,0,18.76
832620000,832620000,0.9999276,0.0018445748,0.0030771815,-0.01187873,0.0,0.0,0.0,0.0,0,18.78
832640000,832640000,0.9999275,0.0018652964,0.0032350784,-0.011838647,0.0,0.0,0.0,0.0,0,18.8
832660000,832660000,0.9999275,0.0018740996,0.0033769628,-0.011797417,0.0,0.0,0.0,0.0,0,18.82
832680000,832680000,0.9999276,0.0018768385,0.0035054318,-0.011754604,0.0,0.0,0.0,0.0,0,18.84
832700000,832700000,0.9999277,0.0018739661,0.003616575,-0.011710937,0.0,0.0,0.0,0.0,0,18.86
832720000,832720000,0.9999278,0.0018707066,0.0037243923,-0.011666867,0.0,0.0,0.0,0.0,0,18.88
832740000,832740000,0.99992794,0.0018762943,0.0038194782,-0.011622029,0.0,0.0,0.0,0.0,0,18.9
832760000,832760000,0.9999281,0.0018879991,0.003903734,-0.011576868,0.0,0.0,0.0,0.0,0,18.92
832780000,832780000,0.99992836,0.0018962066,0.003981676,-0.011531369,0.0,0.0,0.0,0.0,0,18.94
832800000,832800000,0.9999286,0.001905014,0.004039259,-0.011485331,0.0,0.0,0.0,0.0,0,18.96
832820000,832820000,0.99992895,0.001917907,0.00408237,-0.01143927,0.0,0.0,0.0,0.0,0,18.98
832840000,832840000,0.9999293,0.0019348275,0.0041176416,-0.0113937175,0.0,0.0,0.0,0.0,0,19.0
832860000,832860000,0.9999297,0.0019515232,0.0041320994,-0.011349212,0.0,0.0,0.0,0.0,0,19.02
832880000,832880000,0.9999302,0.0019576675,0.0041336687,-0.011305369,0.0,0.0,0.0,0.0,0,19.04
832900000,832900000,0.9999307,0.0019563222,0.0041329446,-0.01126202,0.0,0.0,0.0,0.0,0,19.06
832920000,832920000,0.9999312,0.0019464431,0.0041240472,-0.011219715,0.0,0.0,0.0,0.0,0,19.08
832940000,832940000,0.9999318,0.0019360617,0.004092686,-0.011178109,0.0,0.0,0.0,0.0,0,19.1
832960000,832960000,0.99993247,0.0019234302,0.0040537855,-0.01113689,0.0,0.0,0.0,0.0,0,19.12
832980000,832980000,0.9999331,0.0019062625,0.0040142606,-0.011096396,0.0,0.0,0.0,0.0,0,19.14
833000000,833000000,0.9999337,0.0018852577,0.0039742766,-0.011057001,0.0,0.0,0.0,0.0,0,19.16
833020000,833020000,0.99993443,0.0018700786,0.0039209905,-0.011018841,0.0,0.0,0.0,0.0,0,19.18
833040000,833040000,0.9999351,0.0018528941,0.003858783,-0.010982203,0.0,0.0,0.0,0.0,0,19.2
833060000,833060000,0.9999357,0.0018373776,0.0038007405,-0.010947497,0.0,0.0,0.0,0.0,0,19.22
833080000,833080000,0.99993634,0.0018183263,0.003739479,-0.010914684,0.0,0.0,0.0,0.0,0,19.24
833100000,833100000,0.99993694,0.0017970477,0.003676759,-0.010883623,0.0,0.0,0.0,0.0,0,19.26
833120000,833120000,0.99993753,0.0017753653,0.0036198015,-0.01085457,0.0,0.0,0.0,0.0,0,19.28
833140000,833140000,0.9999381,0.0017499528,0.0035665536,-0.010827523,0.0,0.0,0.0,0.0,0,19.3
833160000,833160000,0.99993855,0.0017199626,0.003516305,-0.010802324,0.0,0.0,0.0,0.0,0,19.32
833180000,833180000,0.999939,0.0016810475,0.0034643956,-0.010778836,0.0,0.0,0.0,0.0,0,19.34
833200000,833200000,0.9999395,0.0016396649,0.003411322,-0.010757206,0.0,0.0,0.0,0.0,0,19.36
833220000,833220000,0.99994,0.0015968919,0.0033595636,-0.010737461,0.0,0.0,0.0,0.0,0,19.38
833240000,833240000,0.99994045,0.0015589662,0.0033031306,-0.010719127,0.0,0.0,0.0,0.0,0,19.4
833260000,833260000,0.9999409,0.0015280645,0.0032398538,-0.010702423,0.0,0.0,0.0,0.0,0,19.42
833280000,833280000,0.9999413,0.0015001828,0.0031735117,-0.010687559,0.0,0.0,0.0,0.0,0,19.44
833300000,833300000,0.9999417,0.0014693986,0.003105715,-0.010674329,0.0,0.0,0.0,0.0,0,19.46
833320000,833320000,0.99994206,0.0014312561,0.0030414788,-0.010662326,0.0,0.0,0.0,0.0,0,19.48
833340000,833340000,0.9999424,0.0013946798,0.0029744378,-0.010651456,0.0,0.0,0.0,0.0,0,19.5
833360000,833360000,0.9999428,0.001355967,0.0029087057,-0.010641556,0.0,0.0,0.0,0.0,0,19.52
833380000,833380000,0.99994314,0.0013084623,0.0028458158,-0.010632243,0.0,0.0,0.0,0.0,0,19.54
833400000,833400000,0.9999435,0.0012579233,0.0027784465,-0.010623466,0.0,0.0,0.0,0.0,0,19.56
833420000,833420000,0.99994385,0.0012011474,0.002702511,-0.010615285,0.0,0.0,0.0,0.0,0,19.58
833440000,833440000,0.9999442,0.0011416653,0.0026198842,-0.010607551,0.0,0.0,0.0,0.0,0,19.6
833460000,833460000,0.99994457,0.0010801782,0.0025340545,-0.010599994,0.0,0.0,0.0,0.0,0,19.62
833480000,833480000,0.9999449,0.0010202525,0.0024535598,-0.010593027,0.0,0.0,0.0,0.0,0,19.64
833500000,833500000,0.9999452,0.00096398254,0.0023817613,-0.010586342,0.0,0.0,0.0,0.0,0,19.66
833520000,833520000,0.9999455,0.0009073907,0.0023137897,-0.010580026,0.0,0.0,0.0,0.0,0,19.68
833540000,833540000,0.99994576,0.0008506647,0.0022401828,-0.01057432,0.0,0.0,0.0,0.0,0,19.7
833560000,833560000,0.999946,0.0007979031,0.0021692335,-0.010569401,0.0,0.0,0.0,0.0,0,19.72
833580000,833580000,0.99994624,0.0007532332,0.0021096873,-0.010565526,0.0,0.0,0.0,0.0,0,19.74
833600000,833600000,0.9999464,0.0007056013,0.0020442451,-0.010563007,0.0,0.0,0.0,0.0,0,19.76
833620000,833620000,0.9999466,0.00066030043,0.0019776267,-0.010561453,0.0,0.0,0.0,0.0,0,19.78
833640000,833640000,0.9999468,0.00061755936,0.001911204,-0.010560335,0.0,0.0,0.0,0.0,0,19.8
833660000,833660000,0.99994695,0.00057580625,0.0018432171,-0.010559505,0.0,0.0,0.0,0.0,0,19.82
833680000,833680000,0.9999471,0.0005377315,0.0017796032,-0.0105592655,0.0,0.0,0.0,0.0,0,19.84
833700000,833700000,0.9999472,0.0005157536,0.001711517,-0.010559125,0.0,0.0,0.0,0.0,0,19.86
833720000,833720000,0.9999473,0.00050401676,0.0016383514,-0.010559144,0.0,0.0,0.0,0.0,0,19.88
833740000,833740000,0.9999474,0.0005009671,0.0015707924,-0.010559688,0.0,0.0,0.0,0.0,0,19.9
833760000,833760000,0.99994755,0.0004964608,0.0015028488,-0.010560707,0.0,0.0,0.0,0.0,0,19.92
833780000,833780000,0.9999476,0.0004889545,0.0014347458,-0.010562211,0.0,0.0,0.0,0.0,0,19.94
833800000,833800000,0.99994767,0.0004883349,0.0013733449,-0.010564535,0.0,0.0,0.0,0.0,0,19.96
833820000,833820000,0.9999477,0.00049106946,0.0013070689,-0.010568169,0.0,0.0,0.0,0.0,0,19.98
833840000,833840000,0.9999478,0.00049323007,0.001239188,-0.010573395,0.0,0.0,0.0,0.0,0,20.0
833860000,833860000,0.9999478,0.00048824574,0.0011750356,-0.010579879,0.0,0.0,0.0,0.0,0,20.02
833880000,833880000,0.9999478,0.00047688128,0.0011137559,-0.010587039,0.0,0.0,0.0,0.0,0,20.04
833900000,833900000,0.9999478,0.00046788753,0.0010460886,-0.010594633,0.0,0.0,0.0,0.0,0,20.06
833920000,833920000,0.9999478,0.000458322,0.00097519835,-0.010602288,0.0,0.0,0.0,0.0,0,20.08
833940000,833940000,0.9999478,0.00044453747,0.0009045163,-0.01060992,0.0,0.0,0.0,0.0,0,20.1
833960000,833960000,0.9999477,0.00042757223,0.00083431567,-0.010617427,0.0,0.0,0.0,0.0,0,20.12
833980000,833980000,0.9999477,0.0004080049,0.0007649368,-0.010624854,0.0,0.0,0.0,0.0,0,20.14
834000000,834000000,0.9999477,0.00038505846,0.00069554814,-0.010632226,0.0,0.0,0.0,0.0,0,20.16
834020000,834020000,0.99994767,0.00035921196,0.00062653865,-0.010639723,0.0,0.0,0.0,0.0,0,20.18
834040000,834040000,0.99994767,0.0003356575,0.0005630108,-0.0106474785,0.0,0.0,0.0,0.0,0,20.2
834060000,834060000,0.9999476,0.00031182184,0.0005059496,-0.010655202,0.0,0.0,0.0,0.0,0,20.22
834080000,834080000,0.99994755,0.0002836106,0.00046049638,-0.010662254,0.0,0.0,0.0,0.0,0,20.24
834100000,834100000,0.99994755,0.00025665836,0.00041633443,-0.0106680235,0.0,0.0,0.0,0.0,0,20.26
834120000,834120000,0.9999475,0.00023156125,0.0003675776,-0.010672588,0.0,0.0,0.0,0.0,0,20.28
834140000,834140000,0.9999475,0.00020259379,0.00032178214,-0.010676618,0.0,0.0,0.0,0.0,0,20.3
834160000,834160000,0.9999475,0.00016864533,0.00027841868,-0.0106804175,0.0,0.0,0.0,0.0,0,20.32
834180000,834180000,0.9999474,0.00013146905,0.00023569269,-0.010683963,0.0,0.0,0.0,0.0,0,20.34
834200000,834200000,0.9999474,9.8456694e-05,0.00020027794,-0.010686916,0.0,0.0,0.0,0.0,0,20.36
834220000,834220000,0.9999474,6.267439e-05,0.00016509992,-0.010689418,0.0,0.0,0.0,0.0,0,20.38
834240000,834240000,0.99994737,2.2209908e-05,0.00012837317,-0.010691586,0.0,0.0,0.0,0.0,0,20.4
834260000,834260000,0.99994737,-1.7987944e-05,9.47851e-05,-0.010693511,0.0,0.0,0.0,0.0,0,20.42
834280000,834280000,0.99994737,-5.6398967e-05,6.593789e-05,-0.010695171,0.0,0.0,0.0,0.0,0,20.44
834300000,834300000,0.9999473,-9.8128075e-05,3.6921698e-05,-0.010696532,0.0,0.0,0.0,0.0,0,20.46
834320000,834320000,0.9999473,-0.00013990504,1.3422035e-05,-0.010697422,0.0,0.0,0.0,0.0,0,20.48
834340000,834340000,0.9999473,-0.00018342293,-7.944247e-06,-0.0106979655,0.0,0.0,0.0,0.0,0,20.5
834360000,834360000,0.9999473,-0.00022422838,-2.3548659e-05,-0.0106979655,0.0,0.0,0.0,0.0,0,20.52
834380000,834380000,0.9999473,-0.00026292176,-2.9685321e-05,-0.0106978575,0.0,0.0,0.0,0.0,0,20.54
834400000,834400000,0.9999473,-0.00030844976,-3.320282e-05,-0.0106976,0.0,0.0,0.0,0.0,0,20.56
834420000,834420000,0.99994725,-0.00036094323,-3.802003e-05,-0.010697408,0.0,0.0,0.0,0.0,0,20.58
834440000,834440000,0.99994725,-0.00041891087,-3.9443366e-05,-0.01069715,0.0,0.0,0.0,0.0,0,20.6
834460000,834460000,0.99994725,-0.0004805276,-3.587086e-05,-0.010696999,0.0,0.0,0.0,0.0,0,20.62
834480000,834480000,0.9999472,-0.00054482126,-2.393441e-05,-0.010696724,0.0,0.0,0.0,0.0,0,20.64
834500000,834500000,0.99994713,-0.00061117625,-9.024059e-06,-0.010696384,0.0,0.0,0.0,0.0,0,20.66
834520000,834520000,0.99994713,-0.0006791402,1.0212333e-05,-0.010695992,0.0,0.0,0.0,0.0,0,20.68
834540000,834540000,0.9999471,-0.00074895006,3.9061757e-05,-0.010695497,0.0,0.0,0.0,0.0,0,20.7
834560000,834560000,0.999947,-0.00082020956,7.425744e-05,-0.010694974,0.0,0.0,0.0,0.0,0,20.72
834580000,834580000,0.99994695,-0.0008943099,0.00011041274,-0.010694453,0.0,0.0,0.0,0.0,0,20.74
834600000,834600000,0.9999469,-0.0009715025,0.00014614934,-0.010693934,0.0,0.0,0.0,0.0,0,20.76
834620000,834620000,0.99994683,-0.0010506898,0.00018438726,-0.010693237,0.0,0.0,0.0,0.0,0,20.78
834640000,834640000,0.9999467,-0.0011267137,0.00023441727,-0.010692123,0.0,0.0,0.0,0.0,0,20.8
834660000,834660000,0.99994665,-0.0012039157,0.00028968646,-0.010690751,0.0,0.0,0.0,0.0,0,20.82
834680000,834680000,0.99994653,-0.0012821584,0.0003468982,-0.0106892,0.0,0.0,0.0,0.0,0,20.84
834700000,834700000,0.9999464,-0.0013592934,0.00040665013,-0.010687532,0.0,0.0,0.0,0.0,0,20.86
834720000,834720000,0.9999463,-0.001435102,0.00046715495,-0.0106854215,0.0,0.0,0.0,0.0,0,20.88
834740000,834740000,0.99994624,-0.001504095,0.0005258892,-0.010683227,0.0,0.0,0.0,0.0,0,20.9
834760000,834760000,0.9999461,-0.0015666527,0.0005746011,-0.010680675,0.0,0.0,0.0,0.0,0,20.92
834780000,834780000,0.99994606,-0.0016199024,0.00062337937,-0.010677588,0.0,0.0,0.0,0.0,0,20.94
834800000,834800000,0.999946,-0.0016577162,0.0006753502,-0.010674074,0.0,0.0,0.0,0.0,0,20.96
834820000,834820000,0.99994594,-0.0016858509,0.0007336551,-0.010670217,0.0,0.0,0.0,0.0,0,20.98
834840000,834840000,0.9999459,-0.0017119953,0.00077478343,-0.010666182,0.0,0.0,0.0,0.0,0,21.0
834860000,834860000,0.9999459,-0.0017338655,0.00080150866,-0.010661901,0.0,0.0,0.0,0.0,0,21.02
834880000,834880000,0.9999459,-0.0017468244,0.0008369901,-0.010657498,0.0,0.0,0.0,0.0,0,21.04
834900000,834900000,0.9999459,-0.0017594968,0.00088595896,-0.010653104,0.0,0.0,0.0,0.0,0,21.06
834920000,834920000,0.9999458,-0.0017779332,0.00092732947,-0.010648837,0.0,0.0,0.0,0.0,0,21.08
834940000,834940000,0.9999458,-0.0017898342,0.0009577038,-0.010644941,0.0,0.0,0.0,0.0,0,21.1
834960000,834960000,0.9999458,-0.0017967558,0.0009966377,-0.010641247,0.0,0.0,0.0,0.0,0,21.12
834980000,834980000,0.99994576,-0.0018119342,0.001034867,-0.01063807,0.0,0.0,0.0,0.0,0,21.14
835000000,835000000,0.99994576,-0.0018283012,0.0010564987,-0.01063516,0.0,0.0,0.0,0.0,0,21.16
835020000,835020000,0.99994576,-0.0018288053,0.0010731827,-0.010632869,0.0,0.0,0.0,0.0,0,21.18
835040000,835040000,0.99994576,-0.0018214522,0.0010934757,-0.010630666,0.0,0.0,0.0,0.0,0,21.2
835060000,835060000,0.9999458,-0.001818767,0.001105622,-0.0106283445,0.0,0.0,0.0,0.0,0,21.22
835080000,835080000,0.9999459,-0.0018093842,0.0011037311,-0.010625935,0.0,0.0,0.0,0.0,0,21.24
835100000,835100000,0.9999459,-0.0017933951,0.0011145642,-0.010623455,0.0,0.0,0.0,0.0,0,21.26
835120000,835120000,0.99994594,-0.0017776274,0.0011274448,-0.010620847,0.0,0.0,0.0,0.0,0,21.28
835140000,835140000,0.999946,-0.0017597524,0.00112359,-0.010617976,0.0,0.0,0.0,0.0,0,21.3
835160000,835160000,0.99994606,-0.0017394528,0.0011094584,-0.010615021,0.0,0.0,0.0,0.0,0,21.32
835180000,835180000,0.9999462,-0.0017086772,0.0010932126,-0.010612251,0.0,0.0,0.0,0.0,0,21.34
835200000,835200000,0.9999463,-0.0016641724,0.0010727437,-0.01060904,0.0,0.0,0.0,0.0,0,21.36
835220000,835220000,0.9999465,-0.0016170552,0.001053172,-0.010605299,0.0,0.0,0.0,0.0,0,21.38
835240000,835240000,0.9999466,-0.0015707946,0.0010355146,-0.01060119,0.0,0.0,0.0,0.0,0,21.4
835260000,835260000,0.9999467,-0.0015204526,0.0010225362,-0.010597017,0.0,0.0,0.0,0.0,0,21.42
835280000,835280000,0.9999469,-0.0014653731,0.0010055547,-0.010592777,0.0,0.0,0.0,0.0,0,21.44
835300000,835300000,0.999947,-0.001408162,0.0009853812,-0.0105885295,0.0,0.0,0.0,0.0,0,21.46
835320000,835320000,0.9999472,-0.0013500856,0.00096297,-0.01058426,0.0,0.0,0.0,0.0,0,21.48
835340000,835340000,0.9999473,-0.0012875298,0.0009347617,-0.010579664,0.0,0.0,0.0,0.0,0,21.5
835360000,835360000,0.9999475,-0.0012241063,0.0008958621,-0.010575336,0.0,0.0,0.0,0.0,0,21.52
835380000,835380000,0.99994767,-0.0011633671,0.0008484166,-0.010571098,0.0,0.0,0.0,0.0,0,21.54
835400000,835400000,0.9999478,-0.0011037275,0.0007962246,-0.010566915,0.0,0.0,0.0,0.0,0,21.56
835420000,835420000,0.99994797,-0.0010416294,0.00074401713,-0.0105631305,0.0,0.0,0.0,0.0,0,21.58
835440000,835440000,0.9999481,-0.00097377924,0.00069522543,-0.010559565,0.0,0.0,0.0,0.0,0,21.6
835460000,835460000,0.9999482,-0.0009030791,0.0006473937,-0.0105561325,0.0,0.0,0.0,0.0,0,21.62
835480000,835480000,0.9999483,-0.0008334574,0.00059646147,-0.010552953,0.0,0.0,0.0,0.0,0,21.64
835500000,835500000,0.99994844,-0.00076544326,0.0005421646,-0.010549904,0.0,0.0,0.0,0.0,0,21.66
835520000,835520000,0.99994856,-0.0007029356,0.00048397158,-0.010547142,0.0,0.0,0.0,0.0,0,21.68
835540000,835540000,0.9999487,-0.0006501153,0.00043662573,-0.010544524,0.0,0.0,0.0,0.0,0,21.7
835560000,835560000,0.99994874,-0.0006030837,0.0003848763,-0.010541826,0.0,0.0,0.0,0.0,0,21.72
835580000,835580000,0.9999488,-0.000562091,0.00031981713,-0.010539721,0.0,0.0,0.0,0.0,0,21.74
835600000,835600000,0.99994886,-0.0005236552,0.0002537783,-0.010538222,0.0,0.0,0.0,0.0,0,21.76
835620000,835620000,0.9999489,-0.00048822185,0.0001973506,-0.010537679,0.0,0.0,0.0,0.0,0,21.78
835640000,835640000,0.9999489,-0.0004655846,0.0001391733,-0.010537782,0.0,0.0,0.0,0.0,0,21.8
835660000,835660000,0.9999489,-0.00044410926,7.75657e-05,-0.010538333,0.0,0.0,0.0,0.0,0,21.82
835680000,835680000,0.9999489,-0.00041945433,3.1682674e-05,-0.010539064,0.0,0.0,0.0,0.0,0,21.84
835700000,835700000,0.9999489,-0.00039077312,-1.2753573e-05,-0.010540117,0.0,0.0,0.0,0.0,0,21.86
835720000,835720000,0.9999489,-0.00036694118,-5.69808e-05,-0.010541798,0.0,0.0,0.0,0.0,0,21.88
835740000,835740000,0.9999489,-0.00034941698,-9.645198e-05,-0.010543952,0.0,0.0,0.0,0.0,0,21.9
835760000,835760000,0.99994886,-0.00032685828,-0.00014192122,-0.010546488,0.0,0.0,0.0,0.0,0,21.92
835780000,835780000,0.99994886,-0.00029883758,-0.0001937582,-0.010549114,0.0,0.0,0.0,0.0,0,21.94
835800000,835800000,0.9999488,-0.00027081463,-0.0002462164,-0.010552027,0.0,0.0,0.0,0.0,0,21.96
835820000,835820000,0.9999488,-0.0002473918,-0.0002946919,-0.010555098,0.0,0.0,0.0,0.0,0,21.98
835840000,835840000,0.99994874,-0.00022464016,-0.00034303562,-0.010558159,0.0,0.0,0.0,0.0,0,22.0
835860000,835860000,0.9999487,-0.00020143038,-0.00039250654,-0.010561202,0.0,0.0,0.0,0.0,0,22.02
835880000,835880000,0.9999486,-0.00017887102,-0.0004418074,-0.010564404,0.0,0.0,0.0,0.0,0,22.04
835900000,835900000,0.99994856,-0.00015779566,-0.00049019954,-0.010567619,0.0,0.0,0.0,0.0,0,22.06
835920000,835920000,0.9999485,-0.0001363164,-0.00053944014,-0.010570817,0.0,0.0,0.0,0.0,0,22.08
835940000,835940000,0.99994844,-0.00011414346,-0.00058994006,-0.0105739925,0.0,0.0,0.0,0.0,0,22.1
835960000,835960000,0.9999484,-9.10992e-05,-0.00064170425,-0.010577146,0.0,0.0,0.0,0.0,0,22.12
835980000,835980000,0.9999483,-6.726789e-05,-0.00069476775,-0.010580277,0.0,0.0,0.0,0.0,0,22.14
836000000,836000000,0.99994826,-4.5338173e-05,-0.00074620236,-0.010583034,0.0,0.0,0.0,0.0,0,22.16
836020000,836020000,0.9999482,-2.8232478e-05,-0.0007931376,-0.010585562,0.0,0.0,0.0,0.0,0,22.18
836040000,836040000,0.99994814,-1.0318552e-05,-0.0008407344,-0.010587806,0.0,0.0,0.0,0.0,0,22.2
836060000,836060000,0.9999481,9.690168e-06,-0.00087629945,-0.010589925,0.0,0.0,0.0,0.0,0,22.22
836080000,836080000,0.999948,3.4229444e-05,-0.0009000989,-0.010591715,0.0,0.0,0.0,0.0,0,22.24
836100000,836100000,0.999948,6.255374e-05,-0.00093495176,-0.010593193,0.0,0.0,0.0,0.0,0,22.26
836120000,836120000,0.99994797,9.078839e-05,-0.00096443127,-0.010594591,0.0,0.0,0.0,0.0,0,22.28
836140000,836140000,0.9999479,0.00012357533,-0.000984197,-0.010595493,0.0,0.0,0.0,0.0,0,22.3
836160000,836160000,0.9999479,0.00016379205,-0.0010152361,-0.010596336,0.0,0.0,0.0,0.0,0,22.32
836180000,836180000,0.99994785,0.0002031085,-0.0010533499,-0.010597018,0.0,0.0,0.0,0.0,0,22.34
836200000,836200000,0.9999478,0.00024148682,-0.0010788197,-0.010597578,0.0,0.0,0.0,0.0,0,22.36
836220000,836220000,0.9999477,0.0002825772,-0.0011150487,-0.010598069,0.0,0.0,0.0,0.0,0,22.38
836240000,836240000,0.99994767,0.00032279457,-0.0011649384,-0.01059842,0.0,0.0,0.0,0.0,0,22.4
836260000,836260000,0.9999476,0.00036287087,-0.0011980827,-0.010598751,0.0,0.0,0.0,0.0,0,22.42
836280000,836280000,0.99994755,0.00040266692,-0.0012078141,-0.010599195,0.0,0.0,0.0,0.0,0,22.44
836300000,836300000,0.99994755,0.00044083837,-0.0012255722,-0.010599714,0.0,0.0,0.0,0.0,0,22.46
836320000,836320000,0.9999475,0.0004808475,-0.0012559835,-0.010600372,0.0,0.0,0.0,0.0,0,22.48
836340000,836340000,0.9999474,0.000519791,-0.0012741173,-0.010601213,0.0,0.0,0.0,0.0,0,22.5
836360000,836360000,0.99994737,0.00055012066,-0.0012891542,-0.010602722,0.0,0.0,0.0,0.0,0,22.52
836380000,836380000,0.9999473,0.0005792582,-0.001307144,-0.010604593,0.0,0.0,0.0,0.0,0,22.54
836400000,836400000,0.99994725,0.00060084113,-0.001320612,-0.010606279,0.0,0.0,0.0,0.0,0,22.56
836420000,836420000,0.99994725,0.000612499,-0.0013219853,-0.01060793,0.0,0.0,0.0,0.0,0,22.58
836440000,836440000,0.9999472,0.00062699465,-0.0013234854,-0.010609387,0.0,0.0,0.0,0.0,0,22.6
836460000,836460000,0.9999472,0.00063978863,-0.001324101,-0.010610807,0.0,0.0,0.0,0.0,0,22.62
836480000,836480000,0.9999472,0.00065247185,-0.0013080473,-0.010612472,0.0,0.0,0.0,0.0,0,22.64
836500000,836500000,0.99994713,0.00066112424,-0.0012972377,-0.010614514,0.0,0.0,0.0,0.0,0,22.66
836520000,836520000,0.99994713,0.00066576205,-0.0012928225,-0.01061669,0.0,0.0,0.0,0.0,0,22.68
836540000,836540000,0.9999457,0.00027850532,-0.0021475593,-0.010629434,0.0,0.0,0.0,0.0,0,22.7
836560000,836560000,0.99990344,-0.0028583829,-0.008918175,-0.010701926,0.0,0.0,0.0,0.0,0,22.72
836580000,836580000,0.99964285,-0.009591916,-0.022648789,-0.010876203,0.0,0.0,0.0,0.0,0,22.74
836600000,836600000,0.9989122,-0.019309955,-0.04105787,-0.011174177,0.0,0.0,0.0,0.0,0,22.76
836620000,836620000,0.9975574,-0.031120319,-0.06152162,-0.011615432,0.0,0.0,0.0,0.0,0,22.78
836640000,836640000,0.9955437,-0.04429677,-0.08240301,-0.012223122,0.0,0.0,0.0,0.0,0,22.8
836660000,836660000,0.99291176,-0.058100086,-0.10291106,-0.012999765,0.0,0.0,0.0,0.0,0,22.82
836680000,836680000,0.98975646,-0.07209645,-0.12246823,-0.013961364,0.0,0.0,0.0,0.0,0,22.84
836700000,836700000,0.9862068,-0.0858682,-0.1407256,-0.01510542,0.0,0.0,0.0,0.0,0,22.86
836720000,836720000,0.9824237,-0.09903861,-0.15739898,-0.016422546,0.0,0.0,0.0,0.0,0,22.88
836740000,836740000,0.97854435,-0.11146339,-0.17238076,-0.017912779,0.0,0.0,0.0,0.0,0,22.9
836760000,836760000,0.974717,-0.122866064,-0.1856282,-0.019543016,0.0,0.0,0.0,0.0,0,22.92
836780000,836780000,0.9710388,-0.13321954,-0.1972092,-0.021302477,0.0,0.0,0.0,0.0,0,22.94
836800000,836800000,0.9676178,-0.1423872,-0.20715795,-0.023159599,0.0,0.0,0.0,0.0,0,22.96
836820000,836820000,0.96451646,-0.1503712,-0.21558261,-0.025094382,0.0,0.0,0.0,0.0,0,22.98
836840000,836840000,0.9617789,-0.15717514,-0.22260527,-0.027081035,0.0,0.0,0.0,0.0,0,23.0
836860000,836860000,0.9594355,-0.16282158,-0.22833088,-0.029097755,0.0,0.0,0.0,0.0,0,23.02
836880000,836880000,0.95749736,-0.16734546,-0.23288397,-0.031119956,0.0,0.0,0.0,0.0,0,23.04
836900000,836900000,0.9559705,-0.17079328,-0.23635033,-0.033130586,0.0,0.0,0.0,0.0,0,23.06
836920000,836920000,0.95484227,-0.17323703,-0.23883323,-0.035113472,0.0,0.0,0.0,0.0,0,23.08
836940000,836940000,0.95410067,-0.17474005,-0.24040335,-0.037056193,0.0,0.0,0.0,0.0,0,23.1
836960000,836960000,0.9537185,-0.17536859,-0.24116327,-0.038939755,0.0,0.0,0.0,0.0,0,23.12
836980000,836980000,0.9536757,-0.17519647,-0.24115707,-0.04075828,0.0,0.0,0.0,0.0,0,23.14
837000000,837000000,0.9539452,-0.17429374,-0.24044316,-0.042502146,0.0,0.0,0.0,0.0,0,23.16
837020000,837020000,0.9544973,-0.17272966,-0.23907775,-0.04416221,0.0,0.0,0.0,0.0,0,23.18
837040000,837040000,0.9553054,-0.17056422,-0.23710191,-0.045730483,0.0,0.0,0.0,0.0,0,23.2
837060000,837060000,0.95633626,-0.167873,-0.23456499,-0.04720157,0.0,0.0,0.0,0.0,0,23.22
837080000,837080000,0.9575649,-0.16471224,-0.23149383,-0.048569944,0.0,0.0,0.0,0.0,0,23.24
837100000,837100000,0.95896393,-0.16114442,-0.22791795,-0.049831845,0.0,0.0,0.0,0.0,0,23.26
837120000,837120000,0.9605086,-0.1572086,-0.22387283,-0.05097795,0.0,0.0,0.0,0.0,0,23.28
837140000,837140000,0.96216756,-0.15296504,-0.2194086,-0.05200199,0.0,0.0,0.0,0.0,0,23.3
837160000,837160000,0.96392447,-0.14845443,-0.21452564,-0.052903045,0.0,0.0,0.0,0.0,0,23.32
837180000,837180000,0.9657553,-0.14372775,-0.2092528,-0.053678624,0.0,0.0,0.0,0.0,0,23.34
837200000,837200000,0.9676437,-0.13879754,-0.20361573,-0.054320317,0.0,0.0,0.0,0.0,0,23.36
837220000,837220000,0.96956575,-0.13371374,-0.19765125,-0.05482642,0.0,0.0,0.0,0.0,0,23.38
837240000,837240000,0.97150743,-0.12848844,-0.19138204,-0.05519114,0.0,0.0,0.0,0.0,0,23.4
837260000,837260000,0.9734528,-0.12317161,-0.18481377,-0.055419758,0.0,0.0,0.0,0.0,0,23.42
837280000,837280000,0.97538966,-0.11776799,-0.17797118,-0.055507254,0.0,0.0,0.0,0.0,0,23.44
837300000,837300000,0.97730404,-0.112314224,-0.170868,-0.055457212,0.0,0.0,0.0,0.0,0,23.46
837320000,837320000,0.97918195,-0.1068123,-0.16355042,-0.05526468,0.0,0.0,0.0,0.0,0,23.48
837340000,837340000,0.9810103,-0.10129486,-0.15604354,-0.05493343,0.0,0.0,0.0,0.0,0,23.5
837360000,837360000,0.98277915,-0.09576126,-0.14838475,-0.05446154,0.0,0.0,0.0,0.0,0,23.52
837380000,837380000,0.98448664,-0.0902244,-0.14054933,-0.053857453,0.0,0.0,0.0,0.0,0,23.54
837400000,837400000,0.9861191,-0.08469571,-0.1326013,-0.053120688,0.0,0.0,0.0,0.0,0,23.56
837420000,837420000,0.98766947,-0.07920075,-0.124557026,-0.052258644,0.0,0.0,0.0,0.0,0,23.58
837440000,837440000,0.9891318,-0.07373903,-0.11645123,-0.051274583,0.0,0.0,0.0,0.0,0,23.6
837460000,837460000,0.99050415,-0.06831594,-0.108285986,-0.05017697,0.0,0.0,0.0,0.0,0,23.62
837480000,837480000,0.9917781,-0.06294667,-0.10012429,-0.048971035,0.0,0.0,0.0,0.0,0,23.64
837500000,837500000,0.99295485,-0.057624925,-0.09196248,-0.04766543,0.0,0.0,0.0,0.0,0,23.66
837520000,837520000,0.9940291,-0.052372076,-0.08385548,-0.046267767,0.0,0.0,0.0,0.0,0,23.68
837540000,837540000,0.99500453,-0.047175486,-0.07578685,-0.04478768,0.0,0.0,0.0,0.0,0,23.7
837560000,837560000,0.99587774,-0.042063244,-0.06780825,-0.043235373,0.0,0.0,0.0,0.0,0,23.72
837580000,837580000,0.99665266,-0.037022404,-0.059913214,-0.041621078,0.0,0.0,0.0,0.0,0,23.74
837600000,837600000,0.99732894,-0.032077894,-0.052141484,-0.039955243,0.0,0.0,0.0,0.0,0,23.76
837620000,837620000,0.9979109,-0.027207796,-0.044495057,-0.038247477,0.0,0.0,0.0,0.0,0,23.78
837640000,837640000,0.9984003,-0.022447238,-0.037003335,-0.03650906,0.0,0.0,0.0,0.0,0,23.8
837660000,837660000,0.9988023,-0.017774696,-0.029657673,-0.03474997,0.0,0.0,0.0,0.0,0,23.82
837680000,837680000,0.99912,-0.013221315,-0.02249049,-0.03298096,0.0,0.0,0.0,0.0,0,23.84
837700000,837700000,0.99935853,-0.008767742,-0.015511816,-0.031211963,0.0,0.0,0.0,0.0,0,23.86
837720000,837720000,0.9995226,-0.004431273,-0.008743996,-0.029453058,0.0,0.0,0.0,0.0,0,23.88
837740000,837740000,0.99961805,-0.00018669617,-0.0021760955,-0.02771347,0.0,0.0,0.0,0.0,0,23.9
837760000,837760000,0.99965,0.0039299647,0.004178608,-0.0260021,0.0,0.0,0.0,0.0,0,23.92
837780000,837780000,0.9996238,0.007934026,0.010326889,-0.0243278,0.0,0.0,0.0,0.0,0,23.94
837800000,837800000,0.9995452,0.011806012,0.0162417,-0.022698782,0.0,0.0,0.0,0.0,0,23.96
837820000,837820000,0.9994194,0.015572446,0.02193822,-0.021122558,0.0,0.0,0.0,0.0,0,23.98
837840000,837840000,0.99925244,0.01920075,0.027397575,-0.019605737,0.0,0.0,0.0,0.0,0,24.0
837860000,837860000,0.99904877,0.022715027,0.03263592,-0.018155174,0.0,0.0,0.0,0.0,0,24.02
837880000,837880000,0.9988144,0.026095686,0.037636027,-0.016776325,0.0,0.0,0.0,0.0,0,24.04
837900000,837900000,0.9985533,0.0293603,0.042413935,-0.015474359,0.0,0.0,0.0,0.0,0,24.06
837920000,837920000,0.99827075,0.032496955,0.04696206,-0.014253636,0.0,0.0,0.0,0.0,0,24.08
837940000,837940000,0.9979704,0.035515502,0.051291294,-0.0131180305,0.0,0.0,0.0,0.0,0,24.1
837960000,837960000,0.99765766,0.038402274,0.055388317,-0.012070292,0.0,0.0,0.0,0.0,0,24.12
837980000,837980000,0.99733526,0.04116892,0.05927156,-0.011112895,0.0,0.0,0.0,0.0,0,24.14
838000000,838000000,0.9970068,0.043815408,0.06294248,-0.01024779,0.0,0.0,0.0,0.0,0,24.16
838020000,838020000,0.9966747,0.046349052,0.06641201,-0.009476308,0.0,0.0,0.0,0.0,0,24.18
838040000,838040000,0.9963435,0.04876362,0.06966693,-0.008799078,0.0,0.0,0.0,0.0,0,24.2
838060000,838060000,0.9960143,0.05107111,0.072724864,-0.008216535,0.0,0.0,0.0,0.0,0,24.22
838080000,838080000,0.9956912,0.053257145,0.0755789,-0.007728709,0.0,0.0,0.0,0.0,0,24.24
838100000,838100000,0.99537605,0.055320647,0.07823981,-0.0073349494,0.0,0.0,0.0,0.0,0,24.26
838120000,838120000,0.99507266,0.057258252,0.08069369,-0.007034659,0.0,0.0,0.0,0.0,0,24.28
838140000,838140000,0.994783,0.059058715,0.082954556,-0.0068245423,0.0,0.0,0.0,0.0,0,24.3
838160000,838160000,0.9945089,0.06073005,0.0850178,-0.0067033707,0.0,0.0,0.0,0.0,0,24.32
838180000,838180000,0.99425167,0.062266532,0.086897105,-0.0066670706,0.0,0.0,0.0,0.0,0,24.34
838200000,838200000,0.994015,0.06365961,0.08857639,-0.006712218,0.0,0.0,0.0,0.0,0,24.36
838220000,838220000,0.99379975,0.06491554,0.09005757,-0.006835794,0.0,0.0,0.0,0.0,0,24.38
838240000,838240000,0.9936053,0.06604303,0.09135878,-0.0070328973,0.0,0.0,0.0,0.0,0,24.4
838260000,838260000,0.9934332,0.0670329,0.092482455,-0.007298304,0.0,0.0,0.0,0.0,0,24.42
838280000,838280000,0.9932833,0.06789943,0.093428895,-0.007628761,0.0,0.0,0.0,0.0,0,24.44
838300000,838300000,0.99315524,0.068639934,0.09421289,-0.008017993,0.0,0.0,0.0,0.0,0,24.46
838320000,838320000,0.9930489,0.069250174,0.094846584,-0.0084596835,0.0,0.0,0.0,0.0,0,24.48
838340000,838340000,0.9929645,0.06973753,0.0953266,-0.008950017,0.0,0.0,0.0,0.0,0,24.5
838360000,838360000,0.9929017,0.070112005,0.09565425,-0.009484707,0.0,0.0,0.0,0.0,0,24.52
838380000,838380000,0.9928596,0.0703737,0.095839806,-0.0100577725,0.0,0.0,0.0,0.0,0,24.54
838400000,838400000,0.9928371,0.0705287,0.09589377,-0.010663427,0.0,0.0,0.0,0.0,0,24.56
838420000,838420000,0.99283326,0.070584916,0.095819555,-0.011297169,0.0,0.0,0.0,0.0,0,24.58
838440000,838440000,0.99284756,0.07054628,0.095619686,-0.011954085,0.0,0.0,0.0,0.0,0,24.6
838460000,838460000,0.99287754,0.07041545,0.095317945,-0.012627705,0.0,0.0,0.0,0.0,0,24.62
838480000,838480000,0.99292225,0.070204005,0.09491407,-0.013313914,0.0,0.0,0.0,0.0,0,24.64
838500000,838500000,0.9929812,0.0699125,0.094411485,-0.014007748,0.0,0.0,0.0,0.0,0,24.66
838520000,838520000,0.99305326,0.06954762,0.09381498,-0.014704814,0.0,0.0,0.0,0.0,0,24.68
838540000,838540000,0.9931372,0.06911253,0.09313399,-0.015400612,0.0,0.0,0.0,0.0,0,24.7
838560000,838560000,0.99323165,0.06860946,0.092378676,-0.016090302,0.0,0.0,0.0,0.0,0,24.72
838580000,838580000,0.9933373,0.06804074,0.0915392,-0.016770523,0.0,0.0,0.0,0.0,0,24.74
838600000,838600000,0.9934537,0.0674084,0.09061387,-0.017437445,0.0,0.0,0.0,0.0,0,24.76
838620000,838620000,0.99358034,0.0667183,0.089603156,-0.018087827,0.0,0.0,0.0,0.0,0,24.78
838640000,838640000,0.9937161,0.06597321,0.08851276,-0.01871834,0.0,0.0,0.0,0.0,0,24.8
838660000,838660000,0.9938599,0.06517234,0.08735401,-0.019325176,0.0,0.0,0.0,0.0,0,24.82
838680000,838680000,0.99400926,0.0643269,0.08614284,-0.019905306,0.0,0.0,0.0,0.0,0,24.84
838700000,838700000,0.99416345,0.06343838,0.084883854,-0.020455811,0.0,0.0,0.0,0.0,0,24.86
838720000,838720000,0.9943227,0.06251119,0.08356918,-0.020975454,0.0,0.0,0.0,0.0,0,24.88
838740000,838740000,0.9944867,0.061550785,0.082196146,-0.021462915,0.0,0.0,0.0,0.0,0,24.9
838760000,838760000,0.9946535,0.060557052,0.08078361,-0.021915318,0.0,0.0,0.0,0.0,0,24.92
838780000,838780000,0.9948232,0.0595268,0.07933293,-0.022330847,0.0,0.0,0.0,0.0,0,24.94
838800000,838800000,0.99499506,0.058470923,0.077842034,-0.022709431,0.0,0.0,0.0,0.0,0,24.96
838820000,838820000,0.9951682,0.05739154,0.07631704,-0.02304992,0.0,0.0,0.0,0.0,0,24.98
838840000,838840000,0.9953416,0.05629403,0.07476529,-0.023351653,0.0,0.0,0.0,0.0,0,25.0
838860000,838860000,0.99551576,0.055176467,0.07318065,-0.02361436,0.0,0.0,0.0,0.0,0,25.02
838880000,838880000,0.9956895,0.054043345,0.07157185,-0.02383765,0.0,0.0,0.0,0.0,0,25.04
838900000,838900000,0.99586296,0.05289247,0.06993897,-0.02402114,0.0,0.0,0.0,0.0,0,25.06
838920000,838920000,0.9960356,0.051724628,0.06828546,-0.024165021,0.0,0.0,0.0,0.0,0,25.08
838940000,838940000,0.9962074,0.05054083,0.06660649,-0.024270263,0.0,0.0,0.0,0.0,0,25.1
838960000,838960000,0.996377,0.049344297,0.06492194,-0.024336705,0.0,0.0,0.0,0.0,0,25.12
838980000,838980000,0.99654394,0.048132144,0.063237265,-0.024364768,0.0,0.0,0.0,0.0,0,25.14
839000000,839000000,0.99670756,0.046909228,0.061558522,-0.024355369,0.0,0.0,0.0,0.0,0,25.16
839020000,839020000,0.99686825,0.045677386,0.05987774,-0.02431001,0.0,0.0,0.0,0.0,0,25.18
839040000,839040000,0.9970256,0.04444141,0.058197413,-0.024230063,0.0,0.0,0.0,0.0,0,25.2
839060000,839060000,0.99717927,0.043202583,0.05651965,-0.024117049,0.0,0.0,0.0,0.0,0,25.22
839080000,839080000,0.99732894,0.0419626,0.054850675,-0.0239724,0.0,0.0,0.0,0.0,0,25.24
839100000,839100000,0.9974743,0.040721726,0.053192753,-0.023797467,0.0,0.0,0.0,0.0,0,25.26
839120000,839120000,0.99761546,0.039483596,0.051544964,-0.023594065,0.0,0.0,0.0,0.0,0,25.28
839140000,839140000,0.9977521,0.03824927,0.049910363,-0.02336395,0.0,0.0,0.0,0.0,0,25.3
839160000,839160000,0.99788374,0.037020154,0.048297063,-0.023108829,0.0,0.0,0.0,0.0,0,25.32
839180000,839180000,0.9980109,0.035795677,0.046699263,-0.022830488,0.0,0.0,0.0,0.0,0,25.34
839200000,839200000,0.99813324,0.034574892,0.045123503,-0.022530574,0.0,0.0,0.0,0.0,0,25.36
839220000,839220000,0.998251,0.03335522,0.043567806,-0.02221107,0.0,0.0,0.0,0.0,0,25.38
839240000,839240000,0.99836403,0.032143164,0.04203254,-0.021874255,0.0,0.0,0.0,0.0,0,25.4
839260000,839260000,0.998472,0.030942483,0.04052369,-0.021521948,0.0,0.0,0.0,0.0,0,25.42
839280000,839280000,0.9985747,0.02975937,0.039045684,-0.021156104,0.0,0.0,0.0,0.0,0,25.44
839300000,839300000,0.9986723,0.028591456,0.037596956,-0.02077863,0.0,0.0,0.0,0.0,0,25.46
839320000,839320000,0.9987652,0.027434207,0.03617766,-0.020391328,0.0,0.0,0.0,0.0,0,25.48
839340000,839340000,0.9988534,0.026291678,0.03478451,-0.019996123,0.0,0.0,0.0,0.0,0,25.5
839360000,839360000,0.9989366,0.025169663,0.03342593,-0.019594627,0.0,0.0,0.0,0.0,0,25.52
839380000,839380000,0.9990153,0.024067214,0.032095805,-0.019188574,0.0,0.0,0.0,0.0,0,25.54
839400000,839400000,0.9990896,0.02298505,0.030790484,-0.018779721,0.0,0.0,0.0,0.0,0,25.56
839420000,839420000,0.9991599,0.021922095,0.029505426,-0.01837034,0.0,0.0,0.0,0.0,0,25.58
839440000,839440000,0.9992259,0.020879667,0.028251326,-0.017961826,0.0,0.0,0.0,0.0,0,25.6
839460000,839460000,0.99928784,0.019855754,0.027027976,-0.017555624,0.0,0.0,0.0,0.0,0,25.62
839480000,839480000,0.9993457,0.018855141,0.025836173,-0.017153332,0.0,0.0,0.0,0.0,0,25.64
839500000,839500000,0.9994,0.017871428,0.024669396,-0.016756242,0.0,0.0,0.0,0.0,0,25.66
839520000,839520000,0.9994508,0.016904607,0.023528328,-0.016365351,0.0,0.0,0.0,0.0,0,25.68
839540000,839540000,0.99949783,0.015967492,0.022422664,-0.015982063,0.0,0.0,0.0,0.0,0,25.7
839560000,839560000,0.9995411,0.015061915,0.021358702,-0.0156073505,0.0,0.0,0.0,0.0,0,25.72
839580000,839580000,0.9995811,0.014181232,0.020329565,-0.015242117,0.0,0.0,0.0,0.0,0,25.74
839600000,839600000,0.999618,0.013324557,0.01933323,-0.014887381,0.0,0.0,0.0,0.0,0,25.76
839620000,839620000,0.999652,0.012493613,0.01836634,-0.014544103,0.0,0.0,0.0,0.0,0,25.78
839640000,839640000,0.9996833,0.011689732,0.017428134,-0.014213246,0.0,0.0,0.0,0.0,0,25.8
839660000,839660000,0.999712,0.010909083,0.016520062,-0.013895155,0.0,0.0,0.0,0.0,0,25.82
839680000,839680000,0.9997383,0.010146127,0.015648093,-0.013590575,0.0,0.0,0.0,0.0,0,25.84
839700000,839700000,0.99976224,0.009401213,0.014809953,-0.013300092,0.0,0.0,0.0,0.0,0,25.86
839720000,839720000,0.999784,0.00868122,0.014003197,-0.013024332,0.0,0.0,0.0,0.0,0,25.88
839740000,839740000,0.9998038,0.007986864,0.013222762,-0.012763807,0.0,0.0,0.0,0.0,0,25.9
839760000,839760000,0.99982166,0.007314672,0.012469683,-0.012518586,0.0,0.0,0.0,0.0,0,25.92
839780000,839780000,0.99983776,0.0066733663,0.011748656,-0.012288709,0.0,0.0,0.0,0.0,0,25.94
839800000,839800000,0.9998522,0.006057051,0.011058946,-0.0120744,0.0,0.0,0.0,0.0,0,25.96
839820000,839820000,0.99986506,0.005461577,0.010397828,-0.011875859,0.0,0.0,0.0,0.0,0,25.98
839840000,839840000,0.99987656,0.004890141,0.009766386,-0.011692993,0.0,0.0,0.0,0.0,0,26.0
839860000,839860000,0.9998867,0.0043504396,0.009159778,-0.011525919,0.0,0.0,0.0,0.0,0,26.02
839880000,839880000,0.9998957,0.003849858,0.008576487,-0.011374606,0.0,0.0,0.0,0.0,0,26.04
839900000,839900000,0.99990356,0.0033792856,0.008016229,-0.011238932,0.0,0.0,0.0,0.0,0,26.06
839920000,839920000,0.9999105,0.0029344016,0.007481764,-0.01111832,0.0,0.0,0.0,0.0,0,26.08
839940000,839940000,0.99991643,0.0025149484,0.006975038,-0.011011975,0.0,0.0,0.0,0.0,0,26.1
839960000,839960000,0.9999216,0.0021221768,0.00649236,-0.010919727,0.0,0.0,0.0,0.0,0,26.12
839980000,839980000,0.99992603,0.0017462925,0.0060342224,-0.010841454,0.0,0.0,0.0,0.0,0,26.14
840000000,840000000,0.99992985,0.0013876632,0.005603568,-0.010776807,0.0,0.0,0.0,0.0,0,26.16
840020000,840020000,0.999933,0.0010475045,0.005197959,-0.01072535,0.0,0.0,0.0,0.0,0,26.18
840040000,840040000,0.99993557,0.0007269914,0.004815358,-0.010686497,0.0,0.0,0.0,0.0,0,26.2
840060000,840060000,0.9999377,0.00042820067,0.0044559687,-0.010659219,0.0,0.0,0.0,0.0,0,26.22
840080000,840080000,0.99993944,0.00015014832,0.0041180793,-0.010643162,0.0,0.0,0.0,0.0,0,26.24
840100000,840100000,0.9999408,-0.000106599626,0.0037876482,-0.0106378,0.0,0.0,0.0,0.0,0,26.26
840120000,840120000,0.9999418,-0.0003451992,0.0034696723,-0.010642396,0.0,0.0,0.0,0.0,0,26.28
840140000,840140000,0.9999426,-0.0005670824,0.0031701163,-0.010656863,0.0,0.0,0.0,0.0,0,26.3
840160000,840160000,0.999943,-0.00076624576,0.0028941089,-0.010680181,0.0,0.0,0.0,0.0,0,26.32
840180000,840180000,0.9999432,-0.0009519772,0.002651272,-0.01071164,0.0,0.0,0.0,0.0,0,26.34
840200000,840200000,0.9999432,-0.0011159922,0.0024256743,-0.010750458,0.0,0.0,0.0,0.0,0,26.36
840220000,840220000,0.999943,-0.0012687243,0.0022097083,-0.010796248,0.0,0.0,0.0,0.0,0,26.38
840240000,840240000,0.9999427,-0.0014113921,0.0020073547,-0.010848721,0.0,0.0,0.0,0.0,0,26.4
840260000,840260000,0.99994224,-0.0015395225,0.0018218975,-0.010907649,0.0,0.0,0.0,0.0,0,26.42
840280000,840280000,0.99994165,-0.0016551011,0.001650867,-0.010972339,0.0,0.0,0.0,0.0,0,26.44
840300000,840300000,0.99994093,-0.0017584835,0.0014935547,-0.011041973,0.0,0.0,0.0,0.0,0,26.46
840320000,840320000,0.99994016,-0.0018475786,0.0013553516,-0.0111159235,0.0,0.0,0.0,0.0,0,26.48
840340000,840340000,0.99993926,-0.0019293708,0.0012361506,-0.011193527,0.0,0.0,0.0,0.0,0,26.5
840360000,840360000,0.99993837,-0.0020066656,0.0011296555,-0.011274273,0.0,0.0,0.0,0.0,0,26.52
840380000,840380000,0.99993736,-0.0020727275,0.0010383709,-0.011357687,0.0,0.0,0.0,0.0,0,26.54
840400000,840400000,0.99993634,-0.0021248949,0.0009662429,-0.011443219,0.0,0.0,0.0,0.0,0,26.56
840420000,840420000,0.9999353,-0.0021686929,0.00090891635,-0.011529814,0.0,0.0,0.0,0.0,0,26.58
840440000,840440000,0.9999343,-0.0021975893,0.0008518706,-0.011616727,0.0,0.0,0.0,0.0,0,26.6
840460000,840460000,0.9999333,-0.0022180842,0.0008102922,-0.011703137,0.0,0.0,0.0,0.0,0,26.62
840480000,840480000,0.9999322,-0.002238845,0.0007856824,-0.011788941,0.0,0.0,0.0,0.0,0,26.64
840500000,840500000,0.9999312,-0.0022595692,0.00076946465,-0.011874114,0.0,0.0,0.0,0.0,0,26.66
840520000,840520000,0.99993014,-0.0022747202,0.00076241844,-0.011958184,0.0,0.0,0.0,0.0,0,26.68
840540000,840540000,0.9999292,-0.00227934,0.00076721376,-0.012040648,0.0,0.0,0.0,0.0,0,26.7
840560000,840560000,0.9999282,-0.0022705328,0.00078206306,-0.012121088,0.0,0.0,0.0,0.0,0,26.72
840580000,840580000,0.9999273,-0.0022498567,0.0007996024,-0.012198966,0.0,0.0,0.0,0.0,0,26.74
840600000,840600000,0.99992645,-0.0022149533,0.0008101913,-0.012273915,0.0,0.0,0.0,0.0,0,26.76
840620000,840620000,0.9999257,-0.0021698894,0.0008151513,-0.01234622,0.0,0.0,0.0,0.0,0,26.78
840640000,840640000,0.9999249,-0.0021144033,0.0008228102,-0.012415534,0.0,0.0,0.0,0.0,0,26.8
840660000,840660000,0.9999242,-0.0020440824,0.0008411399,-0.012481745,0.0,0.0,0.0,0.0,0,26.82
840680000,840680000,0.9999235,-0.001971351,0.0008594856,-0.01254483,0.0,0.0,0.0,0.0,0,26.84
840700000,840700000,0.99992293,-0.0019056131,0.0008693817,-0.012604638,0.0,0.0,0.0,0.0,0,26.86
840720000,840720000,0.99992234,-0.0018353506,0.0008822171,-0.012661285,0.0,0.0,0.0,0.0,0,26.88
840740000,840740000,0.99992174,-0.0017580874,0.0009005054,-0.012714641,0.0,0.0,0.0,0.0,0,26.9
840760000,840760000,0.99992126,-0.0016826446,0.00091554795,-0.012764279,0.0,0.0,0.0,0.0,0,26.92
840780000,840780000,0.9999208,-0.0016072054,0.00092908525,-0.012809938,0.0,0.0,0.0,0.0,0,26.94
840800000,840800000,0.99992037,-0.0015300544,0.0009426563,-0.012851657,0.0,0.0,0.0,0.0,0,26.96
840820000,840820000,0.99991995,-0.0014479398,0.0009593649,-0.012889461,0.0,0.0,0.0,0.0,0,26.98
840840000,840840000,0.99991965,-0.0013620598,0.0009779196,-0.012923248,0.0,0.0,0.0,0.0,0,27.0
840860000,840860000,0.99991935,-0.0012739492,0.0009967366,-0.012953211,0.0,0.0,0.0,0.0,0,27.02
840880000,840880000,0.9999191,-0.0011906452,0.0010088616,-0.012979719,0.0,0.0,0.0,0.0,0,27.04
840900000,840900000,0.9999189,-0.0011066137,0.0010195904,-0.01300263,0.0,0.0,0.0,0.0,0,27.06
840920000,840920000,0.9999187,-0.0010177882,0.0010328031,-0.013021823,0.0,0.0,0.0,0.0,0,27.08
840940000,840940000,0.9999186,-0.00092502416,0.0010475543,-0.013037159,0.0,0.0,0.0,0.0,0,27.1
840960000,840960000,0.9999185,-0.0008293435,0.0010627971,-0.0130486805,0.0,0.0,0.0,0.0,0,27.12
840980000,840980000,0.99991846,-0.0007355218,0.0010737476,-0.013056813,0.0,0.0,0.0,0.0,0,27.14
841000000,841000000,0.99991846,-0.0006432444,0.0010806895,-0.013062144,0.0,0.0,0.0,0.0,0,27.16
841020000,841020000,0.99991846,-0.0005430753,0.0010926733,-0.013064814,0.0,0.0,0.0,0.0,0,27.18
841040000,841040000,0.9999185,-0.00044468127,0.0011011501,-0.013065114,0.0,0.0,0.0,0.0,0,27.2
841060000,841060000,0.9999185,-0.0003440261,0.001117461,-0.013063356,0.0,0.0,0.0,0.0,0,27.22
841080000,841080000,0.9999186,-0.00024514887,0.0011397757,-0.013059709,0.0,0.0,0.0,0.0,0,27.24
841100000,841100000,0.99991864,-0.00015509764,0.0011616144,-0.013053757,0.0,0.0,0.0,0.0,0,27.26
841120000,841120000,0.99991876,-6.9972855e-05,0.0011804989,-0.013045649,0.0,0.0,0.0,0.0,0,27.28
841140000,841140000,0.9999189,1.239484e-05,0.0012105001,-0.013035805,0.0,0.0,0.0,0.0,0,27.3
841160000,841160000,0.99991894,9.8357166e-05,0.0012549039,-0.013024689,0.0,0.0,0.0,0.0,0,27.32
841180000,841180000,0.99991906,0.00018414331,0.0012882424,-0.013012289,0.0,0.0,0.0,0.0,0,27.34
841200000,841200000,0.9999192,0.0002731086,0.0013142959,-0.012999088,0.0,0.0,0.0,0.0,0,27.36
841220000,841220000,0.9999193,0.00036267887,0.0013343402,-0.012985011,0.0,0.0,0.0,0.0,0,27.38
841240000,841240000,0.9999194,0.00045613953,0.001353465,-0.012969868,0.0,0.0,0.0,0.0,0,27.4
841260000,841260000,0.99991953,0.0005522984,0.0013710966,-0.012953749,0.0,0.0,0.0,0.0,0,27.42
841280000,841280000,0.9999197,0.00064657617,0.0013832595,-0.012936181,0.0,0.0,0.0,0.0,0,27.44
841300000,841300000,0.9999199,0.0007394338,0.0013943601,-0.01291729,0.0,0.0,0.0,0.0,0,27.46
841320000,841320000,0.99992,0.0008244242,0.001413446,-0.0128975,0.0,0.0,0.0,0.0,0,27.48
841340000,841340000,0.9999202,0.0009018004,0.0014378064,-0.012877662,0.0,0.0,0.0,0.0,0,27.5
841360000,841360000,0.99992037,0.0009718787,0.001458968,-0.0128580155,0.0,0.0,0.0,0.0,0,27.52
841380000,841380000,0.9999205,0.0010396766,0.0014775326,-0.0128385015,0.0,0.0,0.0,0.0,0,27.54
841400000,841400000,0.99992067,0.0011078382,0.0014943255,-0.0128191225,0.0,0.0,0.0,0.0,0,27.56
841420000,841420000,0.9999208,0.0011775292,0.0015094833,-0.012799881,0.0,0.0,0.0,0.0,0,27.58
841440000,841440000,0.9999209,0.0012482982,0.0015204952,-0.0127812335,0.0,0.0,0.0,0.0,0,27.6
841460000,841460000,0.9999211,0.0013154505,0.0015190018,-0.012763191,0.0,0.0,0.0,0.0,0,27.62
841480000,841480000,0.9999212,0.001380755,0.0015106224,-0.012745463,0.0,0.0,0.0,0.0,0,27.64
841500000,841500000,0.9999214,0.0014477448,0.0015053425,-0.0127286,0.0,0.0,0.0,0.0,0,27.66
841520000,841520000,0.99992144,0.0015154622,0.0015082427,-0.012712292,0.0,0.0,0.0,0.0,0,27.68
841540000,841540000,0.99992156,0.0015803357,0.0015097901,-0.012696586,0.0,0.0,0.0,0.0,0,27.7
841560000,841560000,0.9999217,0.0016392714,0.0015093972,-0.01268151,0.0,0.0,0.0,0.0,0,27.72
841580000,841580000,0.99992174,0.0016928164,0.0015108768,-0.012666837,0.0,0.0,0.0,0.0,0,27.74
841600000,841600000,0.99992186,0.00173907,0.0015182308,-0.012652919,0.0,0.0,0.0,0.0,0,27.76
841620000,841620000,0.9999219,0.0017792812,0.0015308424,-0.012639648,0.0,0.0,0.0,0.0,0,27.78
841640000,841640000,0.999922,0.0018127904,0.0015497687,-0.012627132,0.0,0.0,0.0,0.0,0,27.8
841660000,841660000,0.99992204,0.001838659,0.0015721829,-0.01261557,0.0,0.0,0.0,0.0,0,27.82
841680000,841680000,0.9999221,0.0018632625,0.001582007,-0.01260534,0.0,0.0,0.0,0.0,0,27.84
841700000,841700000,0.99992216,0.001892013,0.0016013945,-0.012596708,0.0,0.0,0.0,0.0,0,27.86
841720000,841720000,0.99992216,0.001916642,0.0016255633,-0.0125896,0.0,0.0,0.0,0.0,0,27.88
841740000,841740000,0.99992216,0.0019352786,0.0016388542,-0.012583781,0.0,0.0,0.0,0.0,0,27.9
841760000,841760000,0.99992216,0.0019528384,0.0016602656,-0.012579562,0.0,0.0,0.0,0.0,0,27.92
841780000,841780000,0.9999221,0.0019634047,0.0016825106,-0.012576713,0.0,0.0,0.0,0.0,0,27.94
841800000,841800000,0.9999221,0.001962523,0.0016959519,-0.01257517,0.0,0.0,0.0,0.0,0,27.96
841820000,841820000,0.9999221,0.001959194,0.0017173497,-0.012575239,0.0,0.0,0.0,0.0,0,27.98
841840000,841840000,0.99992204,0.001953914,0.0017303681,-0.012576904,0.0,0.0,0.0,0.0,0,28.0
841860000,841860000,0.99992204,0.0019410821,0.001741031,-0.012580092,0.0,0.0,0.0,0.0,0,28.02
841880000,841880000,0.999922,0.001924613,0.0017556637,-0.012584141,0.0,0.0,0.0,0.0,0,28.04
841900000,841900000,0.9999219,0.0019066181,0.0017612028,-0.01258902,0.0,0.0,0.0,0.0,0,28.06
841920000,841920000,0.9999219,0.0018816699,0.0017667857,-0.012594458,0.0,0.0,0.0,0.0,0,28.08
841940000,841940000,0.99992186,0.0018549531,0.001769432,-0.012600125,0.0,0.0,0.0,0.0,0,28.1
841960000,841960000,0.99992186,0.0018291422,0.0017672858,-0.012606285,0.0,0.0,0.0,0.0,0,28.12
841980000,841980000,0.9999218,0.0017995646,0.0017739634,-0.012613389,0.0,0.0,0.0,0.0,0,28.14
842000000,842000000,0.99992174,0.0017740241,0.0017816068,-0.012621304,0.0,0.0,0.0,0.0,0,28.16
842020000,842020000,0.9999217,0.0017463511,0.0017805783,-0.012630119,0.0,0.0,0.0,0.0,0,28.18
842040000,842040000,0.9999216,0.0017085461,0.0017809534,-0.012639663,0.0,0.0,0.0,0.0,0,28.2
842060000,842060000,0.99992156,0.0016686518,0.0017773495,-0.01264985,0.0,0.0,0.0,0.0,0,28.22
842080000,842080000,0.9999215,0.0016355297,0.0017617986,-0.012660813,0.0,0.0,0.0,0.0,0,28.24
842100000,842100000,0.99992144,0.0016028167,0.0017413169,-0.01267249,0.0,0.0,0.0,0.0,0,28.26
842120000,842120000,0.9999214,0.0015586392,0.0017281707,-0.012685015,0.0,0.0,0.0,0.0,0,28.28
842140000,842140000,0.9999213,0.0015053883,0.0017199265,-0.0126988515,0.0,0.0,0.0,0.0,0,28.3
842160000,842160000,0.9999212,0.0014543501,0.0017048812,-0.012713839,0.0,0.0,0.0,0.0,0,28.32
842180000,842180000,0.99992114,0.0014077208,0.0016807008,-0.012730409,0.0,0.0,0.0,0.0,0,28.34
842200000,842200000,0.999921,0.0013629918,0.0016498227,-0.012748678,0.0,0.0,0.0,0.0,0,28.36
842220000,842220000,0.99992085,0.0013170057,0.0016112373,-0.0127683785,0.0,0.0,0.0,0.0,0,28.38
842240000,842240000,0.9999207,0.0012679077,0.0015664072,-0.012789053,0.0,0.0,0.0,0.0,0,28.4
842260000,842260000,0.9999206,0.0012231409,0.0015269079,-0.012810294,0.0,0.0,0.0,0.0,0,28.42
842280000,842280000,0.9999204,0.0011821775,0.0014892474,-0.012831677,0.0,0.0,0.0,0.0,0,28.44
842300000,842300000,0.99992025,0.0011427554,0.0014495425,-0.012853046,0.0,0.0,0.0,0.0,0,28.46
842320000,842320000,0.99992007,0.0011038363,0.0014061155,-0.01287433,0.0,0.0,0.0,0.0,0,28.48
842340000,842340000,0.9999199,0.0010649227,0.0013580705,-0.012895502,0.0,0.0,0.0,0.0,0,28.5
842360000,842360000,0.9999198,0.0010257962,0.0013050917,-0.012916544,0.0,0.0,0.0,0.0,0,28.52
842380000,842380000,0.9999196,0.000986298,0.0012468783,-0.0129374545,0.0,0.0,0.0,0.0,0,28.54
842400000,842400000,0.9999194,0.000946399,0.0011834056,-0.012958229,0.0,0.0,0.0,0.0,0,28.56
842420000,842420000,0.9999193,0.00090418395,0.0011163407,-0.012978521,0.0,0.0,0.0,0.0,0,28.58
842440000,842440000,0.9999192,0.0008513819,0.0010542534,-0.012998128,0.0,0.0,0.0,0.0,0,28.6
842460000,842460000,0.999919,0.00079261354,0.0009942625,-0.013017213,0.0,0.0,0.0,0.0,0,28.62
842480000,842480000,0.9999189,0.0007375579,0.0009387238,-0.0130357,0.0,0.0,0.0,0.0,0,28.64
842500000,842500000,0.9999187,0.00068420265,0.00088239793,-0.013054002,0.0,0.0,0.0,0.0,0,28.66
842520000,842520000,0.9999186,0.0006308673,0.0008222539,-0.013072041,0.0,0.0,0.0,0.0,0,28.68
842540000,842540000,0.9999184,0.0005830641,0.0007629613,-0.013089506,0.0,0.0,0.0,0.0,0,28.7
842560000,842560000,0.9999183,0.0005404133,0.0007038784,-0.01310664,0.0,0.0,0.0,0.0,0,28.72
842580000,842580000,0.9999181,0.0005008835,0.0006432935,-0.013123426,0.0,0.0,0.0,0.0,0,28.74
842600000,842600000,0.9999179,0.00046043153,0.00059243833,-0.013139471,0.0,0.0,0.0,0.0,0,28.76
842620000,842620000,0.9999178,0.00042047718,0.000551337,-0.013155104,0.0,0.0,0.0,0.0,0,28.78
842640000,842640000,0.9999176,0.00038200052,0.0005126947,-0.013170497,0.0,0.0,0.0,0.0,0,28.8
842660000,842660000,0.99991745,0.00034507437,0.00047313253,-0.013185431,0.0,0.0,0.0,0.0,0,28.82
842680000,842680000,0.99991727,0.000317532,0.00043879397,-0.013199623,0.0,0.0,0.0,0.0,0,28.84
842700000,842700000,0.99991715,0.0002971259,0.00040684274,-0.013213576,0.0,0.0,0.0,0.0,0,28.86
842720000,842720000,0.999917,0.0002777664,0.000371032,-0.013227389,0.0,0.0,0.0,0.0,0,28.88
842740000,842740000,0.9999168,0.00025685216,0.00034043452,-0.013240788,0.0,0.0,0.0,0.0,0,28.9
842760000,842760000,0.9999166,0.0002366153,0.00032214308,-0.013253964,0.0,0.0,0.0,0.0,0,28.92
842780000,842780000,0.9999165,0.00021562741,0.00030523952,-0.013267022,0.0,0.0,0.0,0.0,0,28.94
842800000,842800000,0.9999163,0.00019387229,0.00029189888,-0.013279576,0.0,0.0,0.0,0.0,0,28.96
842820000,842820000,0.99991614,0.00016852055,0.00028706307,-0.013291787,0.0,0.0,0.0,0.0,0,28.98
842840000,842840000,0.999916,0.00014022042,0.00028265957,-0.013303838,0.0,0.0,0.0,0.0,0,29.0
842860000,842860000,0.99991584,0.00011001065,0.00027503975,-0.013315774,0.0,0.0,0.0,0.0,0,29.02
842880000,842880000,0.9999157,7.870745e-05,0.00026294534,-0.013327685,0.0,0.0,0.0,0.0,0,29.04
842900000,842900000,0.99991554,4.9619375e-05,0.0002486547,-0.013339781,0.0,0.0,0.0,0.0,0,29.06
842920000,842920000,0.99991536,2.843289e-05,0.00023770121,-0.013352355,0.0,0.0,0.0,0.0,0,29.08
842940000,842940000,0.9999152,1.3021807e-05,0.00023342413,-0.013364964,0.0,0.0,0.0,0.0,0,29.1
842960000,842960000,0.99991506,-6.9666845e-07,0.0002299174,-0.013377552,0.0,0.0,0.0,0.0,0,29.12
842980000,842980000,0.9999149,-1.3900373e-05,0.00022328837,-0.013390011,0.0,0.0,0.0,0.0,0,29.14
843000000,843000000,0.9999147,-2.514699e-05,0.00020981519,-0.013402017,0.0,0.0,0.0,0.0,0,29.16
843020000,843020000,0.9999146,-4.3193417e-05,0.00019744724,-0.013413077,0.0,0.0,0.0,0.0,0,29.18
843040000,843040000,0.99991447,-6.0808918e-05,0.00017857668,-0.013423327,0.0,0.0,0.0,0.0,0,29.2
843060000,843060000,0.9999143,-7.1031376e-05,0.00015710646,-0.013432877,0.0,0.0,0.0,0.0,0,29.22
843080000,843080000,0.99991417,-6.976312e-05,0.00013958727,-0.013442199,0.0,0.0,0.0,0.0,0,29.24
843100000,843100000,0.99991405,-6.4816624e-05,0.00011961813,-0.013451439,0.0,0.0,0.0,0.0,0,29.26
843120000,843120000,0.99991393,-5.9169535e-05,9.480072e-05,-0.013460613,0.0,0.0,0.0,0.0,0,29.28
843140000,843140000,0.9999138,-5.374339e-05,6.4513326e-05,-0.013469723,0.0,0.0,0.0,0.0,0,29.3
843160000,843160000,0.9999137,-4.894786e-05,2.8853325e-05,-0.013478613,0.0,0.0,0.0,0.0,0,29.32
843180000,843180000,0.99991363,-4.648047e-05,-8.676294e-07,-0.013486478,0.0,0.0,0.0,0.0,0,29.34
843200000,843200000,0.9999135,-4.5269273e-05,-2.3944733e-05,-0.013494,0.0,0.0,0.0,0.0,0,29.36
843220000,843220000,0.9999134,-4.630262e-05,-4.8439368e-05,-0.013501366,0.0,0.0,0.0,0.0,0,29.38
843240000,843240000,0.99991333,-4.558888e-05,-7.366917e-05,-0.013508238,0.0,0.0,0.0,0.0,0,29.4
843260000,843260000,0.9999132,-3.9193186e-05,-9.721275e-05,-0.013514854,0.0,0.0,0.0,0.0,0,29.42
843280000,843280000,0.99991316,-3.175441e-05,-0.00012421982,-0.013521346,0.0,0.0,0.0,0.0,0,29.44
843300000,843300000,0.99991304,-2.1510285e-05,-0.0001532466,-0.0135275,0.0,0.0,0.0,0.0,0,29.46
843320000,843320000,0.999913,-4.669287e-06,-0.0001807004,-0.013533235,0.0,0.0,0.0,0.0,0,29.48
843340000,843340000,0.99991286,1.7363165e-05,-0.00020801096,-0.013538551,0.0,0.0,0.0,0.0,0,29.5
843360000,843360000,0.9999128,4.8224047e-05,-0.00023159556,-0.013543257,0.0,0.0,0.0,0.0,0,29.52
843380000,843380000,0.99991274,8.070941e-05,-0.00025828826,-0.013547386,0.0,0.0,0.0,0.0,0,29.54
843400000,843400000,0.9999127,0.00011872758,-0.00027890253,-0.013550765,0.0,0.0,0.0,0.0,0,29.56
843420000,843420000,0.9999126,0.00015991645,-0.00029294417,-0.01355334,0.0,0.0,0.0,0.0,0,29.58
843440000,843440000,0.9999126,0.00020468487,-0.0003142147,-0.013554922,0.0,0.0,0.0,0.0,0,29.6
843460000,843460000,0.99991256,0.00024385248,-0.00033501245,-0.01355556,0.0,0.0,0.0,0.0,0,29.62
843480000,843480000,0.99991256,0.00027554724,-0.00035398128,-0.013555818,0.0,0.0,0.0,0.0,0,29.64
843500000,843500000,0.99991256,0.00030341058,-0.00037509535,-0.013555912,0.0,0.0,0.0,0.0,0,29.66
843520000,843520000,0.99991256,0.00032905437,-0.00040012662,-0.013555936,0.0,0.0,0.0,0.0,0,29.68
843540000,843540000,0.9999125,0.00035327644,-0.00042990717,-0.013555927,0.0,0.0,0.0,0.0,0,29.7
843560000,843560000,0.9999125,0.00037632993,-0.00046474286,-0.013555888,0.0,0.0,0.0,0.0,0,29.72
843580000,843580000,0.99991244,0.00039580202,-0.0005064893,-0.01355578,0.0,0.0,0.0,0.0,0,29.74
843600000,843600000,0.99991244,0.00040827185,-0.00055091514,-0.013555895,0.0,0.0,0.0,0.0,0,29.76
843620000,843620000,0.9999124,0.0004146746,-0.0005959999,-0.01355632,0.0,0.0,0.0,0.0,0,29.78
843640000,843640000,0.9999124,0.0004162601,-0.00064252,-0.013556813,0.0,0.0,0.0,0.0,0,29.8
843660000,843660000,0.9999123,0.0004130826,-0.00068940606,-0.013557655,0.0,0.0,0.0,0.0,0,29.82
843680000,843680000,0.99991226,0.00040024996,-0.00072716805,-0.01355905,0.0,0.0,0.0,0.0,0,29.84
843700000,843700000,0.99991226,0.00037972597,-0.00076874474,-0.013560698,0.0,0.0,0.0,0.0,0,29.86
843720000,843720000,0.9999122,0.00035638124,-0.0008151823,-0.013562505,0.0,0.0,0.0,0.0,0,29.88
843740000,843740000,0.99991214,0.0003309347,-0.00085846934,-0.013564326,0.0,0.0,0.0,0.0,0,29.9
843760000,843760000,0.9999121,0.0003041268,-0.0009006752,-0.01356614,0.0,0.0,0.0,0.0,0,29.92
843780000,843780000,0.999912,0.00027624305,-0.0009464758,-0.013567926,0.0,0.0,0.0,0.0,0,29.94
843800000,843800000,0.99991196,0.00024965793,-0.0009924339,-0.013569476,0.0,0.0,0.0,0.0,0,29.96
843820000,843820000,0.9999119,0.00022595919,-0.0010298195,-0.013571143,0.0,0.0,0.0,0.0,0,29.98
843840000,843840000,0.99991184,0.0002060893,-0.0010689023,-0.013572941,0.0,0.0,0.0,0.0,0,30.0
843860000,843860000,0.9999118,0.00018568049,-0.0010996154,-0.013574904,0.0,0.0,0.0,0.0,0,30.02
843880000,843880000,0.9999117,0.00016925448,-0.0011304502,-0.013576926,0.0,0.0,0.0,0.0,0,30.04
843900000,843900000,0.99991167,0.0001556307,-0.0011646996,-0.013579,0.0,0.0,0.0,0.0,0,30.06
843920000,843920000,0.9999116,0.00014134136,-0.001193745,-0.013581101,0.0,0.0,0.0,0.0,0,30.08
843940000,843940000,0.99991155,0.00013271268,-0.0012179913,-0.0135830045,0.0,0.0,0.0,0.0,0,30.1
843960000,843960000,0.9999115,0.00012833257,-0.0012390292,-0.013585168,0.0,0.0,0.0,0.0,0,30.12
843980000,843980000,0.9999114,0.00012021259,-0.0012587556,-0.013587711,0.0,0.0,0.0,0.0,0,30.14
844000000,844000000,0.99991137,0.000108600914,-0.0012792228,-0.013590212,0.0,0.0,0.0,0.0,0,30.16
844020000,844020000,0.9999113,9.720479e-05,-0.0013013004,-0.013592633,0.0,0.0,0.0,0.0,0,30.18
844040000,844040000,0.99991125,9.500125e-05,-0.001314078,-0.013595596,0.0,0.0,0.0,0.0,0,30.2
844060000,844060000,0.9999112,0.00010027804,-0.0013178043,-0.013598839,0.0,0.0,0.0,0.0,0,30.22
844080000,844080000,0.9999112,0.00010848978,-0.0013203798,-0.013602171,0.0,0.0,0.0,0.0,0,30.24
844100000,844100000,0.9999111,0.00011728815,-0.0013247962,-0.013605532,0.0,0.0,0.0,0.0,0,30.26
844120000,844120000,0.99991107,0.00012559842,-0.0013321699,-0.013608927,0.0,0.0,0.0,0.0,0,30.28
844140000,844140000,0.999911,0.00013843353,-0.0013375682,-0.0136128925,0.0,0.0,0.0,0.0,0,30.3
844160000,844160000,0.9999109,0.00015659998,-0.0013401312,-0.013617603,0.0,0.0,0.0,0.0,0,30.32
844180000,844180000,0.99991083,0.00016987309,-0.0013497092,-0.013622715,0.0,0.0,0.0,0.0,0,30.34
844200000,844200000,0.9999107,0.00018233222,-0.0013607108,-0.013628262,0.0,0.0,0.0,0.0,0,30.36
844220000,844220000,0.99991065,0.00018930099,-0.0013635064,-0.013634466,0.0,0.0,0.0,0.0,0,30.38
844240000,844240000,0.99991053,0.00018247553,-0.0013707045,-0.0136419255,0.0,0.0,0.0,0.0,0,30.4
844260000,844260000,0.9999104,0.00016522304,-0.0013788908,-0.013650128,0.0,0.0,0.0,0.0,0,30.42
844280000,844280000,0.9999103,0.00014597432,-0.001373621,-0.013659258,0.0,0.0,0.0,0.0,0,30.44
844300000,844300000,0.9999102,0.00013461082,-0.0013697655,-0.013669107,0.0,0.0,0.0,0.0,0,30.46
844320000,844320000,0.99991,0.00012987618,-0.0013793276,-0.013679417,0.0,0.0,0.0,0.0,0,30.48
844340000,844340000,0.9999099,0.00012274766,-0.0013831074,-0.01368988,0.0,0.0,0.0,0.0,0,30.5
844360000,844360000,0.99990976,0.00011525745,-0.0013840836,-0.013700596,0.0,0.0,0.0,0.0,0,30.52
844380000,844380000,0.9999096,0.00010815035,-0.0013885159,-0.013711727,0.0,0.0,0.0,0.0,0,30.54
844400000,844400000,0.9999094,9.331604e-05,-0.0013867615,-0.013723217,0.0,0.0,0.0,0.0,0,30.56
844420000,844420000,0.9999093,7.64648e-05,-0.0013861223,-0.0137348175,0.0,0.0,0.0,0.0,0,30.58
844440000,844440000,0.9999091,5.8192058e-05,-0.0013926146,-0.013746458,0.0,0.0,0.0,0.0,0,30.6
844460000,844460000,0.9999089,3.6898364e-05,-0.0013890463,-0.013758068,0.0,0.0,0.0,0.0,0,30.62
844480000,844480000,0.9999088,1.6308242e-05,-0.0013717739,-0.013769577,0.0,0.0,0.0,0.0,0,30.64
844500000,844500000,0.9999087,0.00042291373,-0.0012517192,-0.01378144,0.0,0.0,0.0,0.0,0,30.66
844520000,844520000,0.999902,0.0038146866,-0.00037652365,-0.013798249,0.0,0.0,0.0,0.0,0,30.68
844540000,844540000,0.99984664,0.011074531,0.001401718,-0.013825926,0.0,0.0,0.0,0.0,0,30.7
844560000,844560000,0.9996654,0.021708272,0.0038113398,-0.0138718365,0.0,0.0,0.0,0.0,0,30.72
844580000,844580000,0.9992787,0.034856867,0.00646618,-0.013941106,0.0,0.0,0.0,0.0,0,30.74
844600000,844600000,0.99862826,0.04969025,0.009198905,-0.014035018,0.0,0.0,0.0,0.0,0,30.76
844620000,844620000,0.997681,0.06557005,0.011910399,-0.014157166,0.0,0.0,0.0,0.0,0,30.78
844640000,844640000,0.9964345,0.08194253,0.014416233,-0.0143176075,0.0,0.0,0.0,0.0,0,30.8
844660000,844660000,0.9949145,0.09829817,0.016769294,-0.0145106,0.0,0.0,0.0,0.0,0,30.82
844680000,844680000,0.9931723,0.114207886,0.018899199,-0.014739727,0.0,0.0,0.0,0.0,0,30.84
844700000,844700000,0.9912758,0.12932797,0.020746479,-0.015008553,0.0,0.0,0.0,0.0,0,30.86
844720000,844720000,0.98930043,0.1433787,0.022409737,-0.015301726,0.0,0.0,0.0,0.0,0,30.88
844740000,844740000,0.98732215,0.1561865,0.023779219,-0.015632013,0.0,0.0,0.0,0.0,0,30.9
844760000,844760000,0.9854116,0.1676155,0.024955116,-0.01598156,0.0,0.0,0.0,0.0,0,30.92
844780000,844780000,0.9836289,0.17760822,0.02590453,-0.016354563,0.0,0.0,0.0,0.0,0,30.94
844800000,844800000,0.98202306,0.18614092,0.02666521,-0.016742596,0.0,0.0,0.0,0.0,0,30.96
844820000,844820000,0.9806308,0.19322291,0.027266022,-0.017139219,0.0,0.0,0.0,0.0,0,30.98
844840000,844840000,0.97947377,0.19891053,0.027693596,-0.017545875,0.0,0.0,0.0,0.0,0,31.0
844860000,844860000,0.9785677,0.2032455,0.027987378,-0.017953645,0.0,0.0,0.0,0.0,0,31.02
844880000,844880000,0.97791165,0.20632105,0.02814892,-0.018361798,0.0,0.0,0.0,0.0,0,31.04
844900000,844900000,0.9775008,0.20821594,0.028201418,-0.018764198,0.0,0.0,0.0,0.0,0,31.06
844920000,844920000,0.9773244,0.20901488,0.028137077,-0.019162208,0.0,0.0,0.0,0.0,0,31.08
844940000,844940000,0.9773653,0.20880914,0.0279761,-0.019551061,0.0,0.0,0.0,0.0,0,31.1
844960000,844960000,0.977603,0.20769018,0.027734075,-0.019926574,0.0,0.0,0.0,0.0,0,31.12
844980000,844980000,0.9780159,0.20574537,0.02740914,-0.020288318,0.0,0.0,0.0,0.0,0,31.14
845000000,845000000,0.9785821,0.20305382,0.027011853,-0.020633228,0.0,0.0,0.0,0.0,0,31.16
845020000,845020000,0.97927916,0.19969445,0.02653492,-0.02096223,0.0,0.0,0.0,0.0,0,31.18
845040000,845040000,0.98008674,0.19573045,0.026005618,-0.021269094,0.0,0.0,0.0,0.0,0,31.2
845060000,845060000,0.9809828,0.1912364,0.025415666,-0.021555109,0.0,0.0,0.0,0.0,0,31.22
845080000,845080000,0.9819458,0.18628366,0.024776427,-0.021817759,0.0,0.0,0.0,0.0,0,31.24
845100000,845100000,0.9829596,0.18092252,0.024082484,-0.022057408,0.0,0.0,0.0,0.0,0,31.26
845120000,845120000,0.9840067,0.17520957,0.023358762,-0.022269327,0.0,0.0,0.0,0.0,0,31.28
845140000,845140000,0.98507136,0.169201,0.022588015,-0.022456592,0.0,0.0,0.0,0.0,0,31.3
845160000,845160000,0.9861407,0.16293912,0.02179317,-0.022615027,0.0,0.0,0.0,0.0,0,31.32
845180000,845180000,0.9872062,0.15644781,0.020968627,-0.022745458,0.0,0.0,0.0,0.0,0,31.34
845200000,845200000,0.98825616,0.14977252,0.020126507,-0.02284675,0.0,0.0,0.0,0.0,0,31.36
845220000,845220000,0.98928213,0.14294633,0.019260101,-0.022920273,0.0,0.0,0.0,0.0,0,31.38
845240000,845240000,0.9902762,0.13600329,0.018380664,-0.022964757,0.0,0.0,0.0,0.0,0,31.4
845260000,845260000,0.9912335,0.1289623,0.01748746,-0.022981098,0.0,0.0,0.0,0.0,0,31.42
845280000,845280000,0.9921467,0.12186473,0.016600698,-0.022967856,0.0,0.0,0.0,0.0,0,31.44
845300000,845300000,0.9930126,0.114729285,0.015704019,-0.02292771,0.0,0.0,0.0,0.0,0,31.46
845320000,845320000,0.99382764,0.10758215,0.014804944,-0.022861138,0.0,0.0,0.0,0.0,0,31.48
845340000,845340000,0.99459076,0.10043252,0.013897343,-0.022769822,0.0,0.0,0.0,0.0,0,31.5
845360000,845360000,0.99529874,0.093313746,0.012995589,-0.022653788,0.0,0.0,0.0,0.0,0,31.52
845380000,845380000,0.9959516,0.08623384,0.0120988125,-0.022514364,0.0,0.0,0.0,0.0,0,31.54
845400000,845400000,0.9965478,0.07922199,0.011218034,-0.022352444,0.0,0.0,0.0,0.0,0,31.56
845420000,845420000,0.99708885,0.07227883,0.010352046,-0.022169393,0.0,0.0,0.0,0.0,0,31.58
845440000,845440000,0.99757487,0.06542676,0.009504226,-0.02196686,0.0,0.0,0.0,0.0,0,31.6
845460000,845460000,0.9980075,0.058668368,0.0086758975,-0.021746699,0.0,0.0,0.0,0.0,0,31.62
845480000,845480000,0.9983876,0.05202707,0.007860216,-0.021511111,0.0,0.0,0.0,0.0,0,31.64
845500000,845500000,0.9987175,0.045502633,0.0070632156,-0.021261409,0.0,0.0,0.0,0.0,0,31.66
845520000,845520000,0.998999,0.039111152,0.00628528,-0.02099926,0.0,0.0,0.0,0.0,0,31.68
845540000,845540000,0.99923456,0.032850474,0.0055349683,-0.020725867,0.0,0.0,0.0,0.0,0,31.7
845560000,845560000,0.99942636,0.026738264,0.0048122336,-0.02044325,0.0,0.0,0.0,0.0,0,31.72
845580000,845580000,0.99957705,0.02077642,0.0041221958,-0.020152906,0.0,0.0,0.0,0.0,0,31.74
845600000,845600000,0.9996893,0.014977195,0.0034479077,-0.019856855,0.0,0.0,0.0,0.0,0,31.76
845620000,845620000,0.9997657,0.009344083,0.0028083548,-0.019556528,0.0,0.0,0.0,0.0,0,31.78
845640000,845640000,0.9998092,0.0038900254,0.002189799,-0.019253783,0.0,0.0,0.0,0.0,0,31.8
845660000,845660000,0.99982274,-0.0013909771,0.0016006444,-0.018949848,0.0,0.0,0.0,0.0,0,31.82
845680000,845680000,0.9998091,-0.0064934315,0.0010293563,-0.01864615,0.0,0.0,0.0,0.0,0,31.84
845700000,845700000,0.999771,-0.011416344,0.00049509836,-0.018344225,0.0,0.0,0.0,0.0,0,31.86
845720000,845720000,0.99971116,-0.016156659,-1.566299e-05,-0.018045196,0.0,0.0,0.0,0.0,0,31.88
845740000,845740000,0.9996323,-0.020714035,-0.0004938031,-0.017750684,0.0,0.0,0.0,0.0,0,31.9
845760000,845760000,0.9995369,-0.025086092,-0.0009577747,-0.017461635,0.0,0.0,0.0,0.0,0,31.92
845780000,845780000,0.9994275,-0.029270262,-0.001390295,-0.01717932,0.0,0.0,0.0,0.0,0,31.94
845800000,845800000,0.99930656,-0.033264525,-0.0017946936,-0.0169048,0.0,0.0,0.0,0.0,0,31.96
845820000,845820000,0.999176,-0.037078697,-0.0021640954,-0.016639207,0.0,0.0,0.0,0.0,0,31.98
845840000,845840000,0.99903804,-0.0407102,-0.0025163218,-0.01638258,0.0,0.0,0.0,0.0,0,32.0
845860000,845860000,0.9988944,-0.04416653,-0.0028368314,-0.01613643,0.0,0.0,0.0,0.0,0,32.02
845880000,845880000,0.99874663,-0.047449604,-0.003150182,-0.015900282,0.0,0.0,0.0,0.0,0,32.04
845900000,845900000,0.9985965,-0.050563063,-0.0034396213,-0.015675016,0.0,0.0,0.0,0.0,0,32.06
845920000,845920000,0.9984457,-0.053502563,-0.003712256,-0.015460844,0.0,0.0,0.0,0.0,0,32.08
845940000,845940000,0.9982957,-0.056269467,-0.0039480883,-0.015259592,0.0,0.0,0.0,0.0,0,32.1
845960000,845960000,0.9981479,-0.058866993,-0.0041768895,-0.015069598,0.0,0.0,0.0,0.0,0,32.12
845980000,845980000,0.9980036,-0.06129334,-0.004389526,-0.014891683,0.0,0.0,0.0,0.0,0,32.14
846000000,846000000,0.9978634,-0.06356016,-0.0045841956,-0.0147253955,0.0,0.0,0.0,0.0,0,32.16
846020000,846020000,0.9977282,-0.06567087,-0.004745462,-0.014571841,0.0,0.0,0.0,0.0,0,32.18
846040000,846040000,0.9975992,-0.06762207,-0.004898403,-0.014429979,0.0,0.0,0.0,0.0,0,32.2
846060000,846060000,0.99747676,-0.06942158,-0.005038134,-0.014300015,0.0,0.0,0.0,0.0,0,32.22
846080000,846080000,0.99736136,-0.071074866,-0.0051662982,-0.014181844,0.0,0.0,0.0,0.0,0,32.24
846100000,846100000,0.99725413,-0.07257682,-0.0052751675,-0.0140755875,0.0,0.0,0.0,0.0,0,32.26
846120000,846120000,0.9971559,-0.07392474,-0.0053753774,-0.013980671,0.0,0.0,0.0,0.0,0,32.28
846140000,846140000,0.9970665,-0.075129405,-0.0054679103,-0.013897004,0.0,0.0,0.0,0.0,0,32.3
846160000,846160000,0.9969858,-0.07619997,-0.005555509,-0.013823843,0.0,0.0,0.0,0.0,0,32.32
846180000,846180000,0.9969137,-0.07714409,-0.0056230216,-0.013762014,0.0,0.0,0.0,0.0,0,32.34
846200000,846200000,0.9968504,-0.07796244,-0.005685949,-0.013709801,0.0,0.0,0.0,0.0,0,32.36
846220000,846220000,0.9967963,-0.078653865,-0.0057457383,-0.013666929,0.0,0.0,0.0,0.0,0,32.38
846240000,846240000,0.9967515,-0.07922127,-0.005801587,-0.013633474,0.0,0.0,0.0,0.0,0,32.4
846260000,846260000,0.9967158,-0.07966976,-0.005849245,-0.013609237,0.0,0.0,0.0,0.0,0,32.42
846280000,846280000,0.9966888,-0.08000675,-0.0058945883,-0.013593431,0.0,0.0,0.0,0.0,0,32.44
846300000,846300000,0.9966699,-0.080240026,-0.005929904,-0.013585989,0.0,0.0,0.0,0.0,0,32.46
846320000,846320000,0.99665916,-0.08037129,-0.005954731,-0.013586084,0.0,0.0,0.0,0.0,0,32.48
846340000,846340000,0.9966571,-0.0803945,-0.005985671,-0.013591467,0.0,0.0,0.0,0.0,0,32.5
846360000,846360000,0.9966631,-0.08031493,-0.0060194847,-0.013602021,0.0,0.0,0.0,0.0,0,32.52
846380000,846380000,0.9966765,-0.0801441,-0.0060373307,-0.013618628,0.0,0.0,0.0,0.0,0,32.54
846400000,846400000,0.9966969,-0.07988527,-0.0060557416,-0.013639585,0.0,0.0,0.0,0.0,0,32.56
846420000,846420000,0.9967242,-0.07953759,-0.006085544,-0.013663404,0.0,0.0,0.0,0.0,0,32.58
846440000,846440000,0.996758,-0.079106465,-0.0061081476,-0.013691178,0.0,0.0,0.0,0.0,0,32.6
846460000,846460000,0.9967976,-0.07859902,-0.006123143,-0.01372247,0.0,0.0,0.0,0.0,0,32.62
846480000,846480000,0.99684274,-0.078018405,-0.00612918,-0.013757029,0.0,0.0,0.0,0.0,0,32.64
846500000,846500000,0.9968934,-0.07736108,-0.0061298176,-0.013794058,0.0,0.0,0.0,0.0,0,32.66
846520000,846520000,0.99694985,-0.07662376,-0.006129544,-0.013832256,0.0,0.0,0.0,0.0,0,32.68
846540000,846540000,0.9970104,-0.07582538,-0.0061236015,-0.013871424,0.0,0.0,0.0,0.0,0,32.7
846560000,846560000,0.9970741,-0.0749765,-0.0061090114,-0.013911447,0.0,0.0,0.0,0.0,0,32.72
846580000,846580000,0.9971411,-0.074073024,-0.0061028018,-0.013950388,0.0,0.0,0.0,0.0,0,32.74
846600000,846600000,0.9972117,-0.07311089,-0.006087281,-0.0139892595,0.0,0.0,0.0,0.0,0,32.76
846620000,846620000,0.99728507,-0.07209717,-0.006064781,-0.014027938,0.0,0.0,0.0,0.0,0,32.78
846640000,846640000,0.9973605,-0.07104083,-0.0060404027,-0.014065771,0.0,0.0,0.0,0.0,0,32.8
846660000,846660000,0.9974376,-0.06994467,-0.0060174596,-0.014101686,0.0,0.0,0.0,0.0,0,32.82
846680000,846680000,0.9975156,-0.06881894,-0.005987204,-0.014135446,0.0,0.0,0.0,0.0,0,32.84
846700000,846700000,0.9975944,-0.06766436,-0.0059435125,-0.01416712,0.0,0.0,0.0,0.0,0,32.86
846720000,846720000,0.9976737,-0.06648384,-0.00589185,-0.014196336,0.0,0.0,0.0,0.0,0,32.88
846740000,846740000,0.9977529,-0.065283,-0.005842337,-0.014221699,0.0,0.0,0.0,0.0,0,32.9
846760000,846760000,0.9978319,-0.06406438,-0.0057880483,-0.014243514,0.0,0.0,0.0,0.0,0,32.92
846780000,846780000,0.9979108,-0.06282454,-0.0057327924,-0.014261621,0.0,0.0,0.0,0.0,0,32.94
846800000,846800000,0.9979891,-0.06156968,-0.0056703864,-0.014276309,0.0,0.0,0.0,0.0,0,32.96
846820000,846820000,0.9980663,-0.06030869,-0.005605987,-0.014287398,0.0,0.0,0.0,0.0,0,32.98
846840000,846840000,0.9981426,-0.059036255,-0.005549598,-0.014294472,0.0,0.0,0.0,0.0,0,33.0
846860000,846860000,0.99821794,-0.057752848,-0.0054951524,-0.014297224,0.0,0.0,0.0,0.0,0,33.02
846880000,846880000,0.9982923,-0.0564598,-0.005427415,-0.014296321,0.0,0.0,0.0,0.0,0,33.04
846900000,846900000,0.99836534,-0.055161126,-0.005361221,-0.014291127,0.0,0.0,0.0,0.0,0,33.06
846920000,846920000,0.998437,-0.053858,-0.0053018043,-0.0142810065,0.0,0.0,0.0,0.0,0,33.08
846940000,846940000,0.9985071,-0.052552305,-0.0052399565,-0.014266228,0.0,0.0,0.0,0.0,0,33.1
846960000,846960000,0.9985757,-0.05124373,-0.005182858,-0.014247024,0.0,0.0,0.0,0.0,0,33.12
846980000,846980000,0.9986421,-0.049944315,-0.0051359907,-0.014223365,0.0,0.0,0.0,0.0,0,33.14
847000000,847000000,0.99870664,-0.048648726,-0.0050873877,-0.01419573,0.0,0.0,0.0,0.0,0,33.16
847020000,847020000,0.9987694,-0.047358077,-0.0050332677,-0.01416404,0.0,0.0,0.0,0.0,0,33.18
847040000,847040000,0.9988303,-0.046072517,-0.004977036,-0.014128042,0.0,0.0,0.0,0.0,0,33.2
847060000,847060000,0.99888945,-0.04479187,-0.004920418,-0.014087576,0.0,0.0,0.0,0.0,0,33.22
847080000,847080000,0.99894667,-0.04351761,-0.0048649143,-0.014042754,0.0,0.0,0.0,0.0,0,33.24
847100000,847100000,0.9990019,-0.042253133,-0.0048033516,-0.013994187,0.0,0.0,0.0,0.0,0,33.26
847120000,847120000,0.99905527,-0.040998086,-0.0047395765,-0.013941412,0.0,0.0,0.0,0.0,0,33.28
847140000,847140000,0.99910647,-0.039758984,-0.0046751457,-0.013884455,0.0,0.0,0.0,0.0,0,33.3
847160000,847160000,0.9991553,-0.038541168,-0.004614704,-0.013823581,0.0,0.0,0.0,0.0,0,33.32
847180000,847180000,0.999202,-0.03734223,-0.004552802,-0.013759276,0.0,0.0,0.0,0.0,0,33.34
847200000,847200000,0.99924666,-0.03616058,-0.0044885124,-0.013691575,0.0,0.0,0.0,0.0,0,33.36
847220000,847220000,0.99928945,-0.034994606,-0.0044288696,-0.013620322,0.0,0.0,0.0,0.0,0,33.38
847240000,847240000,0.99933034,-0.033843167,-0.0043796524,-0.013545487,0.0,0.0,0.0,0.0,0,33.4
847260000,847260000,0.99936944,-0.032705918,-0.0043356307,-0.013467286,0.0,0.0,0.0,0.0,0,33.42
847280000,847280000,0.99940675,-0.031584643,-0.0042955605,-0.013386728,0.0,0.0,0.0,0.0,0,33.44
847300000,847300000,0.9994424,-0.030478992,-0.004245906,-0.0133043295,0.0,0.0,0.0,0.0,0,33.46
847320000,847320000,0.9994762,-0.029395545,-0.0041919625,-0.013219854,0.0,0.0,0.0,0.0,0,33.48
847340000,847340000,0.9995082,-0.02833611,-0.0041305055,-0.013133396,0.0,0.0,0.0,0.0,0,33.5
847360000,847360000,0.9995384,-0.027299933,-0.004067749,-0.013045094,0.0,0.0,0.0,0.0,0,33.52
847380000,847380000,0.9995672,-0.026278164,-0.004007666,-0.012955203,0.0,0.0,0.0,0.0,0,33.54
847400000,847400000,0.9995947,-0.025267165,-0.0039582793,-0.012863589,0.0,0.0,0.0,0.0,0,33.56
847420000,847420000,0.9996206,-0.024273293,-0.003923019,-0.0127709545,0.0,0.0,0.0,0.0,0,33.58
847440000,847440000,0.999645,-0.023305092,-0.0038991224,-0.012677274,0.0,0.0,0.0,0.0,0,33.6
847460000,847460000,0.9996678,-0.022362564,-0.0038671005,-0.012583008,0.0,0.0,0.0,0.0,0,33.62
847480000,847480000,0.99968934,-0.021441054,-0.0038344515,-0.012488374,0.0,0.0,0.0,0.0,0,33.64
847500000,847500000,0.99970955,-0.020538077,-0.0038024462,-0.012394115,0.0,0.0,0.0,0.0,0,33.66
847520000,847520000,0.9997286,-0.019653168,-0.0037768462,-0.012300018,0.0,0.0,0.0,0.0,0,33.68
847540000,847540000,0.99974626,-0.018796586,-0.0037659516,-0.012206133,0.0,0.0,0.0,0.0,0,33.7
847560000,847560000,0.99976265,-0.017967438,-0.0037639353,-0.012113019,0.0,0.0,0.0,0.0,0,33.72
847580000,847580000,0.99977803,-0.017158171,-0.0037571003,-0.012021586,0.0,0.0,0.0,0.0,0,33.74
847600000,847600000,0.99979246,-0.016362302,-0.003750372,-0.011931305,0.0,0.0,0.0,0.0,0,33.76
847620000,847620000,0.9998061,-0.015574037,-0.0037536144,-0.011841746,0.0,0.0,0.0,0.0,0,33.78
847640000,847640000,0.9998191,-0.014788222,-0.003754582,-0.011753146,0.0,0.0,0.0,0.0,0,33.8
847660000,847660000,0.9998312,-0.01401619,-0.0037563718,-0.011666128,0.0,0.0,0.0,0.0,0,33.82
847680000,847680000,0.99984235,-0.013269855,-0.0037739063,-0.011580708,0.0,0.0,0.0,0.0,0,33.84
847700000,847700000,0.9998525,-0.012550682,-0.0037933853,-0.01149727,0.0,0.0,0.0,0.0,0,33.86
847720000,847720000,0.99986196,-0.011848765,-0.0038054853,-0.0114156185,0.0,0.0,0.0,0.0,0,33.88
847740000,847740000,0.9998706,-0.011169835,-0.003822237,-0.011335377,0.0,0.0,0.0,0.0,0,33.9
847760000,847760000,0.99987847,-0.010520147,-0.0038434968,-0.011257087,0.0,0.0,0.0,0.0,0,33.92
847780000,847780000,0.9998857,-0.009896573,-0.003850249,-0.011180616,0.0,0.0,0.0,0.0,0,33.94
847800000,847800000,0.9998923,-0.009290447,-0.003850291,-0.011105796,0.0,0.0,0.0,0.0,0,33.96
847820000,847820000,0.9998984,-0.008702617,-0.0038598762,-0.01103273,0.0,0.0,0.0,0.0,0,33.98
847840000,847840000,0.9999039,-0.008133779,-0.0038702171,-0.010961242,0.0,0.0,0.0,0.0,0,34.0
847860000,847860000,0.9999089,-0.007585542,-0.0038829872,-0.010891336,0.0,0.0,0.0,0.0,0,34.02
847880000,847880000,0.99991345,-0.00705959,-0.003897412,-0.010823151,0.0,0.0,0.0,0.0,0,34.04
847900000,847900000,0.9999175,-0.0065589254,-0.0039130654,-0.010756724,0.0,0.0,0.0,0.0,0,34.06
847920000,847920000,0.99992114,-0.0060852976,-0.0039290963,-0.010692053,0.0,0.0,0.0,0.0,0,34.08
847940000,847940000,0.99992436,-0.0056358157,-0.003949644,-0.010629282,0.0,0.0,0.0,0.0,0,34.1
847960000,847960000,0.9999272,-0.00520978,-0.0039724517,-0.010568134,0.0,0.0,0.0,0.0,0,34.12
847980000,847980000,0.99992985,-0.004804798,-0.003993266,-0.010508788,0.0,0.0,0.0,0.0,0,34.14
848000000,848000000,0.9999321,-0.00442038,-0.0040134834,-0.010451281,0.0,0.0,0.0,0.0,0,34.16
848020000,848020000,0.99993414,-0.004057819,-0.0040333355,-0.010395668,0.0,0.0,0.0,0.0,0,34.18
848040000,848040000,0.999936,-0.0037206616,-0.0040460005,-0.010341754,0.0,0.0,0.0,0.0,0,34.2
848060000,848060000,0.9999376,-0.003408709,-0.0040584747,-0.010289478,0.0,0.0,0.0,0.0,0,34.22
848080000,848080000,0.99993896,-0.0031243812,-0.004072053,-0.010238917,0.0,0.0,0.0,0.0,0,34.24
848100000,848100000,0.99994016,-0.0028649606,-0.0040918263,-0.010190054,0.0,0.0,0.0,0.0,0,34.26
848120000,848120000,0.99994123,-0.0026234617,-0.0041115815,-0.010142872,0.0,0.0,0.0,0.0,0,34.28
848140000,848140000,0.9999422,-0.0024002579,-0.004128343,-0.010097412,0.0,0.0,0.0,0.0,0,34.3
848160000,848160000,0.999943,-0.0021965806,-0.004147476,-0.010053752,0.0,0.0,0.0,0.0,0,34.32
848180000,848180000,0.99994373,-0.0020131934,-0.004170912,-0.010011772,0.0,0.0,0.0,0.0,0,34.34
848200000,848200000,0.9999443,-0.0018465465,-0.0041953027,-0.009971263,0.0,0.0,0.0,0.0,0,34.36
848220000,848220000,0.99994487,-0.0016945137,-0.0042229258,-0.00993218,0.0,0.0,0.0,0.0,0,34.38
848240000,848240000,0.99994534,-0.0015577109,-0.0042518773,-0.009894551,0.0,0.0,0.0,0.0,0,34.4
848260000,848260000,0.99994576,-0.001435734,-0.004280753,-0.00985818,0.0,0.0,0.0,0.0,0,34.42
848280000,848280000,0.9999461,-0.0013277907,-0.004310489,-0.009822877,0.0,0.0,0.0,0.0,0,34.44
848300000,848300000,0.9999465,-0.0012315878,-0.0043402133,-0.009788498,0.0,0.0,0.0,0.0,0,34.46
848320000,848320000,0.9999468,-0.0011454985,-0.004372226,-0.009755174,0.0,0.0,0.0,0.0,0,34.48
848340000,848340000,0.999947,-0.0010651817,-0.0044082683,-0.009722807,0.0,0.0,0.0,0.0,0,34.5
848360000,848360000,0.99994725,-0.0009906727,-0.004441355,-0.009691358,0.0,0.0,0.0,0.0,0,34.52
848380000,848380000,0.9999474,-0.0009292594,-0.0044706645,-0.009661116,0.0,0.0,0.0,0.0,0,34.54
848400000,848400000,0.99994767,-0.0008807484,-0.0045004333,-0.009632172,0.0,0.0,0.0,0.0,0,34.56
848420000,848420000,0.9999478,-0.000844458,-0.004529078,-0.0096045425,0.0,0.0,0.0,0.0,0,34.58
848440000,848440000,0.99994797,-0.0008190174,-0.004556926,-0.00957823,0.0,0.0,0.0,0.0,0,34.6
848460000,848460000,0.9999481,-0.00080142985,-0.0045793685,-0.009553066,0.0,0.0,0.0,0.0,0,34.62
848480000,848480000,0.99994826,-0.00078807445,-0.004602472,-0.009528973,0.0,0.0,0.0,0.0,0,34.64
848500000,848500000,0.9999484,-0.0007786756,-0.0046283635,-0.009505686,0.0,0.0,0.0,0.0,0,34.66
848520000,848520000,0.99994844,-0.0007767453,-0.0046518426,-0.009483248,0.0,0.0,0.0,0.0,0,34.68
848540000,848540000,0.99994856,-0.0007826407,-0.004673968,-0.009461709,0.0,0.0,0.0,0.0,0,34.7
848560000,848560000,0.9999486,-0.0007985148,-0.004696709,-0.00944123,0.0,0.0,0.0,0.0,0,34.72
848580000,848580000,0.99994874,-0.0008278032,-0.0047139567,-0.009421558,0.0,0.0,0.0,0.0,0,34.74
848600000,848600000,0.9999488,-0.00086462306,-0.004725271,-0.009402471,0.0,0.0,0.0,0.0,0,34.76
848620000,848620000,0.9999489,-0.00089879654,-0.0047364975,-0.009384406,0.0,0.0,0.0,0.0,0,34.78
848640000,848640000,0.999949,-0.0009326375,-0.0047478247,-0.009367229,0.0,0.0,0.0,0.0,0,34.8
848660000,848660000,0.9999491,-0.00096701726,-0.0047502914,-0.009351072,0.0,0.0,0.0,0.0,0,34.82
848680000,848680000,0.9999492,-0.0009953831,-0.004744363,-0.0093356045,0.0,0.0,0.0,0.0,0,34.84
848700000,848700000,0.9999494,-0.001022644,-0.004734115,-0.00932106,0.0,0.0,0.0,0.0,0,34.86
848720000,848720000,0.9999495,-0.0010482079,-0.0047283918,-0.009307325,0.0,0.0,0.0,0.0,0,34.88
848740000,848740000,0.99994963,-0.0010755917,-0.004726843,-0.009294431,0.0,0.0,0.0,0.0,0,34.9
848760000,848760000,0.9999497,-0.0011069627,-0.004729839,-0.009282262,0.0,0.0,0.0,0.0,0,34.92
848780000,848780000,0.9999497,-0.0011360305,-0.004735849,-0.009270832,0.0,0.0,0.0,0.0,0,34.94
848800000,848800000,0.9999497,-0.0011573504,-0.0047532893,-0.009259988,0.0,0.0,0.0,0.0,0,34.96
848820000,848820000,0.9999497,-0.0011747607,-0.0047772983,-0.009249631,0.0,0.0,0.0,0.0,0,34.98
848840000,848840000,0.9999497,-0.0011872568,-0.0047929734,-0.009239797,0.0,0.0,0.0,0.0,0,35.0
848860000,848860000,0.99994975,-0.0011924475,-0.004798897,-0.009230234,0.0,0.0,0.0,0.0,0,35.02
848880000,848880000,0.9999498,-0.0011865408,-0.0048026307,-0.009221295,0.0,0.0,0.0,0.0,0,35.04
848900000,848900000,0.9999499,-0.0011730253,-0.0048106858,-0.009212879,0.0,0.0,0.0,0.0,0,35.06
848920000,848920000,0.99994993,-0.0011537407,-0.004818832,-0.009204695,0.0,0.0,0.0,0.0,0,35.08
848940000,848940000,0.99995,-0.0011311413,-0.0048198365,-0.009197011,0.0,0.0,0.0,0.0,0,35.1
848960000,848960000,0.9999502,-0.0011036464,-0.0048045455,-0.009189761,0.0,0.0,0.0,0.0,0,35.12
848980000,848980000,0.9999504,-0.0010693922,-0.0047766794,-0.009182723,0.0,0.0,0.0,0.0,0,35.14
849000000,849000000,0.9999507,-0.0010290492,-0.0047410703,-0.009175998,0.0,0.0,0.0,0.0,0,35.16
849020000,849020000,0.99995095,-0.0009840966,-0.0047108294,-0.009169615,0.0,0.0,0.0,0.0,0,35.18
849040000,849040000,0.9999512,-0.0009353759,-0.0046822354,-0.009163381,0.0,0.0,0.0,0.0,0,35.2
849060000,849060000,0.9999514,-0.000881455,-0.004650122,-0.009157223,0.0,0.0,0.0,0.0,0,35.22
849080000,849080000,0.9999518,-0.00082171155,-0.0046024537,-0.009151171,0.0,0.0,0.0,0.0,0,35.24
849100000,849100000,0.99995214,-0.000759466,-0.004536484,-0.009145469,0.0,0.0,0.0,0.0,0,35.26
849120000,849120000,0.9999526,-0.00069471647,-0.004459537,-0.00913991,0.0,0.0,0.0,0.0,0,35.28
849140000,849140000,0.9999531,-0.00062533806,-0.004373343,-0.009134478,0.0,0.0,0.0,0.0,0,35.3
849160000,849160000,0.99995357,-0.0005446541,-0.004282026,-0.009129482,0.0,0.0,0.0,0.0,0,35.32
849180000,849180000,0.99995404,-0.00044974047,-0.0041854363,-0.009125109,0.0,0.0,0.0,0.0,0,35.34
849200000,849200000,0.9999545,-0.00034959198,-0.0040863743,-0.009121095,0.0,0.0,0.0,0.0,0,35.36
849220000,849220000,0.99995506,-0.00024418233,-0.0039817523,-0.009117206,0.0,0.0,0.0,0.0,0,35.38
849240000,849240000,0.99995553,-0.00013720687,-0.0038697522,-0.009113496,0.0,0.0,0.0,0.0,0,35.4
849260000,849260000,0.999956,-3.2642023e-05,-0.0037527161,-0.00911,0.0,0.0,0.0,0.0,0,35.42
849280000,849280000,0.9999565,6.8607675e-05,-0.003635445,-0.009106175,0.0,0.0,0.0,0.0,0,35.44
849300000,849300000,0.99995697,0.00016480901,-0.00350764,-0.009102152,0.0,0.0,0.0,0.0,0,35.46
849320000,849320000,0.99995744,0.00026188666,-0.003369438,-0.009098061,0.0,0.0,0.0,0.0,0,35.48
849340000,849340000,0.9999579,0.00036030746,-0.0032224704,-0.009093887,0.0,0.0,0.0,0.0,0,35.5
849360000,849360000,0.99995846,0.00045564107,-0.0030666664,-0.009090009,0.0,0.0,0.0,0.0,0,35.52
849380000,849380000,0.9999589,0.00055059366,-0.0029180595,-0.009086288,0.0,0.0,0.0,0.0,0,35.54
849400000,849400000,0.99995923,0.0006437082,-0.0027731713,-0.009082578,0.0,0.0,0.0,0.0,0,35.56
849420000,849420000,0.99995965,0.00073727325,-0.0026236698,-0.009078866,0.0,0.0,0.0,0.0,0,35.58
849440000,849440000,0.99995995,0.0008323814,-0.0024713327,-0.00907496,0.0,0.0,0.0,0.0,0,35.6
849460000,849460000,0.9999603,0.0009236621,-0.0023252368,-0.009071075,0.0,0.0,0.0,0.0,0,35.62
849480000,849480000,0.99996054,0.0010028844,-0.0021835188,-0.009067527,0.0,0.0,0.0,0.0,0,35.64
849500000,849500000,0.9999608,0.0010716849,-0.0020428072,-0.009064337,0.0,0.0,0.0,0.0,0,35.66
849520000,849520000,0.999961,0.0011380356,-0.0019007754,-0.009061452,0.0,0.0,0.0,0.0,0,35.68
849540000,849540000,0.99996126,0.0012068382,-0.0017543318,-0.009058897,0.0,0.0,0.0,0.0,0,35.7
849560000,849560000,0.99996144,0.00128138,-0.0016037084,-0.009056935,0.0,0.0,0.0,0.0,0,35.72
849580000,849580000,0.99996156,0.001354951,-0.0014561388,-0.009055364,0.0,0.0,0.0,0.0,0,35.74
849600000,849600000,0.9999617,0.0014232419,-0.0013171898,-0.009054516,0.0,0.0,0.0,0.0,0,35.76
849620000,849620000,0.99996173,0.0014852259,-0.0011824922,-0.009054112,0.0,0.0,0.0,0.0,0,35.78
849640000,849640000,0.9999618,0.0015456334,-0.001047114,-0.009054059,0.0,0.0,0.0,0.0,0,35.8
849660000,849660000,0.99996185,0.0016081888,-0.0009085738,-0.009054398,0.0,0.0,0.0,0.0,0,35.82
849680000,849680000,0.99996185,0.0016708681,-0.00077646243,-0.009055155,0.0,0.0,0.0,0.0,0,35.84
849700000,849700000,0.99996185,0.0017302714,-0.00064504566,-0.009056257,0.0,0.0,0.0,0.0,0,35.86
849720000,849720000,0.9999618,0.001793559,-0.0005208387,-0.009057911,0.0,0.0,0.0,0.0,0,35.88
849740000,849740000,0.9999617,0.0018562183,-0.0004081184,-0.009060185,0.0,0.0,0.0,0.0,0,35.9
849760000,849760000,0.99996156,0.0019213252,-0.00030131842,-0.009063906,0.0,0.0,0.0,0.0,0,35.92
849780000,849780000,0.99996144,0.001987557,-0.00019353686,-0.009068918,0.0,0.0,0.0,0.0,0,35.94
849800000,849800000,0.99996126,0.0020467213,-8.915973e-05,-0.009075019,0.0,0.0,0.0,0.0,0,35.96
849820000,849820000,0.9999611,0.002100745,1.5597048e-05,-0.009082399,0.0,0.0,0.0,0.0,0,35.98
849840000,849840000,0.9999609,0.0021540916,0.00012575318,-0.009090936,0.0,0.0,0.0,0.0,0,36.0
849860000,849860000,0.99996066,0.0022020375,0.00023725218,-0.009100418,0.0,0.0,0.0,0.0,0,36.02
849880000,849880000,0.9999605,0.0022503664,0.00034746193,-0.00911037,0.0,0.0,0.0,0.0,0,36.04
849900000,849900000,0.9999602,0.002312707,0.00046839548,-0.009121257,0.0,0.0,0.0,0.0,0,36.06
849920000,849920000,0.9999598,0.00237905,0.0005952042,-0.009133122,0.0,0.0,0.0,0.0,0,36.08
849940000,849940000,0.99995947,0.0024397054,0.0007152078,-0.009145604,0.0,0.0,0.0,0.0,0,36.1
849960000,849960000,0.9999592,0.002501144,0.00082545297,-0.009158116,0.0,0.0,0.0,0.0,0,36.12
849980000,849980000,0.99995875,0.0025693222,0.0009349637,-0.009170719,0.0,0.0,0.0,0.0,0,36.14
850000000,850000000,0.99995834,0.0026409824,0.0010484381,-0.009183533,0.0,0.0,0.0,0.0,0,36.16
850020000,850020000,0.9999579,0.0027102297,0.0011637585,-0.0091965115,0.0,0.0,0.0,0.0,0,36.18
850040000,850040000,0.99995744,0.0027788084,0.0012841704,-0.009209643,0.0,0.0,0.0,0.0,0,36.2
850060000,850060000,0.99995697,0.0028424922,0.00140635,-0.00922306,0.0,0.0,0.0,0.0,0,36.22
850080000,850080000,0.9999565,0.0029023555,0.0015264264,-0.009236635,0.0,0.0,0.0,0.0,0,36.24
850100000,850100000,0.999956,0.0029586684,0.0016451448,-0.009250369,0.0,0.0,0.0,0.0,0,36.26
850120000,850120000,0.99995553,0.0030116793,0.0017647714,-0.009264276,0.0,0.0,0.0,0.0,0,36.28
850140000,850140000,0.9999551,0.0030517224,0.0018665321,-0.009278415,0.0,0.0,0.0,0.0,0,36.3
850160000,850160000,0.9999547,0.0030774586,0.001954117,-0.009292696,0.0,0.0,0.0,0.0,0,36.32
850180000,850180000,0.99995434,0.0030982455,0.0020413962,-0.009306992,0.0,0.0,0.0,0.0,0,36.34
850200000,850200000,0.999954,0.0031175595,0.0021331904,-0.009321112,0.0,0.0,0.0,0.0,0,36.36
850220000,850220000,0.9999536,0.0031315228,0.002223392,-0.009334721,0.0,0.0,0.0,0.0,0,36.38
850240000,850240000,0.99995327,0.003134756,0.0023052634,-0.009347476,0.0,0.0,0.0,0.0,0,36.4
850260000,850260000,0.99995303,0.0031243998,0.0023756423,-0.009359589,0.0,0.0,0.0,0.0,0,36.42
850280000,850280000,0.99995285,0.0031061189,0.0024276515,-0.009371361,0.0,0.0,0.0,0.0,0,36.44
850300000,850300000,0.99995273,0.0030841148,0.0024738945,-0.009382967,0.0,0.0,0.0,0.0,0,36.46
850320000,850320000,0.9999526,0.0030572931,0.0025144117,-0.009394016,0.0,0.0,0.0,0.0,0,36.48
850340000,850340000,0.9999525,0.0030235844,0.0025456545,-0.009404686,0.0,0.0,0.0,0.0,0,36.5
850360000,850360000,0.99995244,0.0029848581,0.0025792362,-0.00941502,0.0,0.0,0.0,0.0,0,36.52
850380000,850380000,0.99995244,0.0029410713,0.0025998994,-0.0094251465,0.0,0.0,0.0,0.0,0,36.54
850400000,850400000,0.9999525,0.0028871754,0.0026105987,-0.009434874,0.0,0.0,0.0,0.0,0,36.56
850420000,850420000,0.9999525,0.0028259857,0.0026231266,-0.0094447555,0.0,0.0,0.0,0.0,0,36.58
850440000,850440000,0.99995255,0.0027665903,0.002632829,-0.009454824,0.0,0.0,0.0,0.0,0,36.6
850460000,850460000,0.9999526,0.002702583,0.0026329504,-0.00946515,0.0,0.0,0.0,0.0,0,36.62
850480000,850480000,0.99995273,0.0026355581,0.0026313346,-0.009475503,0.0,0.0,0.0,0.0,0,36.64
850500000,850500000,0.9999528,0.0025669432,0.0026321453,-0.009485819,0.0,0.0,0.0,0.0,0,36.66
850520000,850520000,0.99995285,0.002497367,0.0026372331,-0.009496071,0.0,0.0,0.0,0.0,0,36.68
850540000,850540000,0.9999529,0.002427029,0.0026472362,-0.009506246,0.0,0.0,0.0,0.0,0,36.7
850560000,850560000,0.999953,0.0023559984,0.002662478,-0.009516341,0.0,0.0,0.0,0.0,0,36.72
850580000,850580000,0.999953,0.0022841368,0.0026827431,-0.009526295,0.0,0.0,0.0,0.0,0,36.74
850600000,850600000,0.999953,0.0022063623,0.0027031463,-0.009535637,0.0,0.0,0.0,0.0,0,36.76
850620000,850620000,0.9999531,0.002116667,0.0027175546,-0.009544416,0.0,0.0,0.0,0.0,0,36.78
850640000,850640000,0.99995315,0.0020193027,0.0027342981,-0.009553371,0.0,0.0,0.0,0.0,0,36.8
850660000,850660000,0.9999532,0.0019147028,0.0027537963,-0.009562492,0.0,0.0,0.0,0.0,0,36.82
850680000,850680000,0.99995327,0.0018080211,0.0027646532,-0.009572132,0.0,0.0,0.0,0.0,0,36.84
850700000,850700000,0.9999533,0.001704027,0.0027764167,-0.009582205,0.0,0.0,0.0,0.0,0,36.86
850720000,850720000,0.9999534,0.0015995747,0.0027900746,-0.009592788,0.0,0.0,0.0,0.0,0,36.88
850740000,850740000,0.9999534,0.0014880849,0.002800417,-0.009603639,0.0,0.0,0.0,0.0,0,36.9
850760000,850760000,0.99995345,0.0013723933,0.0028112803,-0.0096145375,0.0,0.0,0.0,0.0,0,36.92
850780000,850780000,0.99995345,0.0012541534,0.0028240709,-0.009625409,0.0,0.0,0.0,0.0,0,36.94
850800000,850800000,0.99995345,0.0011346763,0.0028392968,-0.009636272,0.0,0.0,0.0,0.0,0,36.96
850820000,850820000,0.99995345,0.0010209301,0.0028500133,-0.009647126,0.0,0.0,0.0,0.0,0,36.98
850840000,850840000,0.9999534,0.0009096312,0.0028601272,-0.009657873,0.0,0.0,0.0,0.0,0,37.0
850860000,850860000,0.9999534,0.0008009208,0.0028690707,-0.009668719,0.0,0.0,0.0,0.0,0,37.02
850880000,850880000,0.9999533,0.00070012826,0.002871722,-0.009679533,0.0,0.0,0.0,0.0,0,37.04
850900000,850900000,0.99995327,0.00060370774,0.0028711623,-0.009690554,0.0,0.0,0.0,0.0,0,37.06
850920000,850920000,0.99995327,0.00051421265,0.0028650595,-0.009701923,0.0,0.0,0.0,0.0,0,37.08
850940000,850940000,0.9999532,0.00043506266,0.00284938,-0.009713986,0.0,0.0,0.0,0.0,0,37.1
850960000,850960000,0.9999532,0.00037013684,0.0028204403,-0.009726774,0.0,0.0,0.0,0.0,0,37.12
850980000,850980000,0.9999532,0.0003137826,0.002783458,-0.009739724,0.0,0.0,0.0,0.0,0,37.14
851000000,851000000,0.9999532,0.00026394924,0.0027410428,-0.009753052,0.0,0.0,0.0,0.0,0,37.16
851020000,851020000,0.9999532,0.00022383405,0.0026994427,-0.009766139,0.0,0.0,0.0,0.0,0,37.18
851040000,851040000,0.99995315,0.00019271258,0.0026610326,-0.00977928,0.0,0.0,0.0,0.0,0,37.2
851060000,851060000,0.9999532,0.00016766693,0.0026084126,-0.009792852,0.0,0.0,0.0,0.0,0,37.22
851080000,851080000,0.9999532,0.00015235113,0.0025525794,-0.009807109,0.0,0.0,0.0,0.0,0,37.24
851100000,851100000,0.9999532,0.00013384371,0.0024909244,-0.009822018,0.0,0.0,0.0,0.0,0,37.26
851120000,851120000,0.99995315,0.00010950829,0.0024408943,-0.009837323,0.0,0.0,0.0,0.0,0,37.28
851140000,851140000,0.99995315,8.4395404e-05,0.002400645,-0.009853136,0.0,0.0,0.0,0.0,0,37.3
851160000,851160000,0.9999531,5.643042e-05,0.0023463136,-0.00986905,0.0,0.0,0.0,0.0,0,37.32
851180000,851180000,0.9999531,2.79449e-05,0.002278404,-0.009885361,0.0,0.0,0.0,0.0,0,37.34
851200000,851200000,0.9999531,8.840533e-06,0.00221463,-0.009902434,0.0,0.0,0.0,0.0,0,37.36
851220000,851220000,0.99995303,-7.0789033e-06,0.002152751,-0.00992028,0.0,0.0,0.0,0.0,0,37.38
851240000,851240000,0.999953,-2.894779e-05,0.002085297,-0.009938445,0.0,0.0,0.0,0.0,0,37.4
851260000,851260000,0.999953,-5.183363e-05,0.0020178605,-0.0099570025,0.0,0.0,0.0,0.0,0,37.42
851280000,851280000,0.9999529,-7.0199756e-05,0.0019537492,-0.009975534,0.0,0.0,0.0,0.0,0,37.44
851300000,851300000,0.99995285,-8.44906e-05,0.0018886478,-0.009993934,0.0,0.0,0.0,0.0,0,37.46
851320000,851320000,0.99995273,-9.725032e-05,0.0018231558,-0.010012217,0.0,0.0,0.0,0.0,0,37.48
851340000,851340000,0.9999527,-0.00010995088,0.0017575087,-0.010030378,0.0,0.0,0.0,0.0,0,37.5
851360000,851360000,0.9999526,-0.00012302613,0.0016918612,-0.0100484155,0.0,0.0,0.0,0.0,0,37.52
851380000,851380000,0.99995255,-0.00013520541,0.0016244751,-0.01006607,0.0,0.0,0.0,0.0,0,37.54
851400000,851400000,0.9999525,-0.00014219117,0.0015509984,-0.0100833615,0.0,0.0,0.0,0.0,0,37.56
851420000,851420000,0.99995244,-0.0001464145,0.0014736648,-0.010100348,0.0,0.0,0.0,0.0,0,37.58
851440000,851440000,0.9999524,-0.00014700211,0.0013916609,-0.010117042,0.0,0.0,0.0,0.0,0,37.6
851460000,851460000,0.9999523,-0.00014612776,0.0013070323,-0.010133561,0.0,0.0,0.0,0.0,0,37.62
851480000,851480000,0.99995226,-0.00014519459,0.0012212703,-0.010149839,0.0,0.0,0.0,0.0,0,37.64
851500000,851500000,0.9999522,-0.00015104472,0.0011412466,-0.010165394,0.0,0.0,0.0,0.0,0,37.66
851520000,851520000,0.99995214,-0.00015787879,0.0010610609,-0.010180011,0.0,0.0,0.0,0.0,0,37.68
851540000,851540000,0.99995214,-0.00015514584,0.00096989254,-0.01019388,0.0,0.0,0.0,0.0,0,37.7
851560000,851560000,0.9999521,-0.00014819232,0.0008740543,-0.010206987,0.0,0.0,0.0,0.0,0,37.72
851580000,851580000,0.999952,-0.0001417398,0.0007884014,-0.010219178,0.0,0.0,0.0,0.0,0,37.74
851600000,851600000,0.99995196,-0.00013626246,0.0007086454,-0.010231092,0.0,0.0,0.0,0.0,0,37.76
851620000,851620000,0.9999519,-0.00013049065,0.00062857853,-0.010242505,0.0,0.0,0.0,0.0,0,37.78
851640000,851640000,0.99995184,-0.00011476629,0.000537241,-0.010253138,0.0,0.0,0.0,0.0,0,37.8
851660000,851660000,0.9999518,-8.956709e-05,0.0004454355,-0.0102632195,0.0,0.0,0.0,0.0,0,37.82
851680000,851680000,0.9999517,-5.661053e-05,0.0003687603,-0.01027285,0.0,0.0,0.0,0.0,0,37.84
851700000,851700000,0.99995166,-1.40909e-05,0.0002911276,-0.010281922,0.0,0.0,0.0,0.0,0,37.86
851720000,851720000,0.9999516,3.3909175e-05,0.00021055594,-0.010290771,0.0,0.0,0.0,0.0,0,37.88
851740000,851740000,0.9999515,8.3536164e-05,0.00012870066,-0.010299373,0.0,0.0,0.0,0.0,0,37.9
851760000,851760000,0.9999514,0.00013046978,4.8910482e-05,-0.010307734,0.0,0.0,0.0,0.0,0,37.92
851780000,851780000,0.9999513,0.0001756735,-3.0133677e-05,-0.010315975,0.0,0.0,0.0,0.0,0,37.94
851800000,851800000,0.99995124,0.00021954895,-0.000109139066,-0.010324133,0.0,0.0,0.0,0.0,0,37.96
851820000,851820000,0.9999511,0.00026266335,-0.0001886523,-0.010332222,0.0,0.0,0.0,0.0,0,37.98
851840000,851840000,0.999951,0.00030484903,-0.0002686788,-0.010340251,0.0,0.0,0.0,0.0,0,38.0
851860000,851860000,0.9999509,0.00034677194,-0.00034914401,-0.010348167,0.0,0.0,0.0,0.0,0,38.02
851880000,851880000,0.99995077,0.0003891213,-0.00042892515,-0.010355983,0.0,0.0,0.0,0.0,0,38.04
851900000,851900000,0.99995065,0.00043128143,-0.00050911034,-0.010363761,0.0,0.0,0.0,0.0,0,38.06
851920000,851920000,0.99995047,0.00046976554,-0.0005869175,-0.010371765,0.0,0.0,0.0,0.0,0,38.08
851940000,851940000,0.99995035,0.0005044765,-0.00066217716,-0.0103797605,0.0,0.0,0.0,0.0,0,38.1
851960000,851960000,0.9999502,0.000532398,-0.00073382683,-0.010387809,0.0,0.0,0.0,0.0,0,38.12
851980000,851980000,0.99995005,0.0005423525,-0.0007872366,-0.01039575,0.0,0.0,0.0,0.0,0,38.14
852000000,852000000,0.99994993,0.00054163183,-0.0008308204,-0.010403519,0.0,0.0,0.0,0.0,0,38.16
852020000,852020000,0.9999498,0.0005368202,-0.0008714444,-0.010411176,0.0,0.0,0.0,0.0,0,38.18
852040000,852040000,0.9999497,0.0005297478,-0.0009112668,-0.0104187345,0.0,0.0,0.0,0.0,0,38.2
852060000,852060000,0.99994963,0.00052466657,-0.00094748393,-0.010425853,0.0,0.0,0.0,0.0,0,38.22
852080000,852080000,0.9999495,0.0005241779,-0.00097081217,-0.010432605,0.0,0.0,0.0,0.0,0,38.24
852100000,852100000,0.99994946,0.000521098,-0.0009910454,-0.010438936,0.0,0.0,0.0,0.0,0,38.26
852120000,852120000,0.99994934,0.0005184801,-0.0010084744,-0.01044487,0.0,0.0,0.0,0.0,0,38.28
852140000,852140000,0.9999493,0.0005120801,-0.00102587,-0.010450507,0.0,0.0,0.0,0.0,0,38.3
852160000,852160000,0.9999492,0.0005031407,-0.001035144,-0.010456161,0.0,0.0,0.0,0.0,0,38.32
852180000,852180000,0.99994916,0.00049309,-0.001036378,-0.010461604,0.0,0.0,0.0,0.0,0,38.34
852200000,852200000,0.9999491,0.00047710363,-0.0010407894,-0.010466556,0.0,0.0,0.0,0.0,0,38.36
852220000,852220000,0.9999491,0.00046387472,-0.0010411417,-0.010470862,0.0,0.0,0.0,0.0,0,38.38
852240000,852240000,0.99994904,0.00045471365,-0.0010347092,-0.010474701,0.0,0.0,0.0,0.0,0,38.4
852260000,852260000,0.99994904,0.0004415934,-0.0010290815,-0.010478074,0.0,0.0,0.0,0.0,0,38.42
852280000,852280000,0.99994904,0.0004334386,-0.0010170483,-0.010480924,0.0,0.0,0.0,0.0,0,38.44
852300000,852300000,0.999949,0.0004240849,-0.0010024538,-0.010483362,0.0,0.0,0.0,0.0,0,38.46
852320000,852320000,0.999949,0.0004054511,-0.0009921421,-0.010485487,0.0,0.0,0.0,0.0,0,38.48
852340000,852340000,0.99994904,0.0003830601,-0.00096706883,-0.010487515,0.0,0.0,0.0,0.0,0,38.5
852360000,852360000,0.99994904,0.00036014317,-0.000926779,-0.01048927,0.0,0.0,0.0,0.0,0,38.52
852380000,852380000,0.99994904,0.00033295507,-0.00089438487,-0.010490875,0.0,0.0,0.0,0.0,0,38.54
852400000,852400000,0.9999491,0.00030404088,-0.0008619543,-0.010492356,0.0,0.0,0.0,0.0,0,38.56
852420000,852420000,0.9999491,0.00027308284,-0.0008223969,-0.010494073,0.0,0.0,0.0,0.0,0,38.58
852440000,852440000,0.99994916,0.00023981338,-0.00078027666,-0.0104961535,0.0,0.0,0.0,0.0,0,38.6
852460000,852460000,0.9999495,-1.4139634e-05,1.483203e-05,-0.010491378,0.0,0.0,0.0,0.0,0,38.62
852480000,852480000,0.9999312,-0.0018739889,0.0057915137,-0.010469783,0.0,0.0,0.0,0.0,0,38.64
852500000,852500000,0.99981844,-0.005557316,0.015253008,-0.010423888,0.0,0.0,0.0,0.0,0,38.66
852520000,852520000,0.9995936,-0.010191711,0.024715576,-0.010343043,0.0,0.0,0.0,0.0,0,38.68
852540000,852540000,0.99926066,-0.015121234,0.03396693,-0.01023603,0.0,0.0,0.0,0.0,0,38.7
852560000,852560000,0.998806,-0.02011471,0.043461625,-0.010109982,0.0,0.0,0.0,0.0,0,38.72
852580000,852580000,0.99824995,-0.025048044,0.052721154,-0.0099589825,0.0,0.0,0.0,0.0,0,38.74
852600000,852600000,0.99762946,-0.02982623,0.06131371,-0.009776863,0.0,0.0,0.0,0.0,0,38.76
852620000,852620000,0.99697465,-0.034341503,0.06913651,-0.009566587,0.0,0.0,0.0,0.0,0,38.78
852640000,852640000,0.99630207,-0.038534284,0.0762842,-0.009335106,0.0,0.0,0.0,0.0,0,38.8
852660000,852660000,0.99562824,-0.042377364,0.08279587,-0.00908635,0.0,0.0,0.0,0.0,0,38.82
852680000,852680000,0.9949709,-0.045854334,0.08866541,-0.008822737,0.0,0.0,0.0,0.0,0,38.84
852700000,852700000,0.9943384,-0.04898817,0.093954414,-0.00854651,0.0,0.0,0.0,0.0,0,38.86
852720000,852720000,0.99373674,-0.05178795,0.09872264,-0.00826119,0.0,0.0,0.0,0.0,0,38.88
852740000,852740000,0.9931721,-0.054279163,0.10299793,-0.007967691,0.0,0.0,0.0,0.0,0,38.9
852760000,852760000,0.99264616,-0.056494612,0.10682819,-0.0076673194,0.0,0.0,0.0,0.0,0,38.92
852780000,852780000,0.9921594,-0.058452517,0.11026262,-0.0073631178,0.0,0.0,0.0,0.0,0,38.94
852800000,852800000,0.99171275,-0.06017163,0.113333784,-0.0070574153,0.0,0.0,0.0,0.0,0,38.96
852820000,852820000,0.9913052,-0.06167101,0.11607843,-0.0067524333,0.0,0.0,0.0,0.0,0,38.98
852840000,852840000,0.990935,-0.062969096,0.118533425,-0.006450254,0.0,0.0,0.0,0.0,0,39.0
852860000,852860000,0.9905986,-0.06409311,0.12073833,-0.0061519234,0.0,0.0,0.0,0.0,0,39.02
852880000,852880000,0.99026674,-0.06512225,0.12290498,-0.005860919,0.0,0.0,0.0,0.0,0,39.04
852900000,852900000,0.9897663,-0.06641664,0.12621063,-0.005606669,0.0,0.0,0.0,0.0,0,39.06
852920000,852920000,0.9889047,-0.068372086,0.1318052,-0.005409505,0.0,0.0,0.0,0.0,0,39.08
852940000,852940000,0.9876201,-0.07114986,0.13973476,-0.005240752,0.0,0.0,0.0,0.0,0,39.1
852960000,852960000,0.9859538,-0.07469371,0.14933033,-0.0050465753,0.0,0.0,0.0,0.0,0,39.12
852980000,852980000,0.9839122,-0.0788978,0.16024314,-0.0048021525,0.0,0.0,0.0,0.0,0,39.14
853000000,853000000,0.9814667,-0.0836504,0.17237905,-0.0045003654,0.0,0.0,0.0,0.0,0,39.16
853020000,853020000,0.97860825,-0.088838495,0.18554151,-0.004125321,0.0,0.0,0.0,0.0,0,39.18
853040000,853040000,0.97536665,-0.09432476,0.19939524,-0.003654937,0.0,0.0,0.0,0.0,0,39.2
853060000,853060000,0.9718591,-0.09993185,0.2133149,-0.0030542081,0.0,0.0,0.0,0.0,0,39.22
853080000,853080000,0.9682481,-0.10545326,0.22666934,-0.0022979062,0.0,0.0,0.0,0.0,0,39.24
853100000,853100000,0.96466666,-0.110706575,0.2391013,-0.0013876627,0.0,0.0,0.0,0.0,0,39.26
853120000,853120000,0.96117854,-0.1155989,0.25056282,-0.0003427195,0.0,0.0,0.0,0.0,0,39.28
853140000,853140000,0.95782924,-0.1200782,0.261061,0.00081773597,0.0,0.0,0.0,0.0,0,39.3
853160000,853160000,0.95464194,-0.12413883,0.27065304,0.002078163,0.0,0.0,0.0,0.0,0,39.32
853180000,853180000,0.95165163,-0.12777176,0.2793401,0.0034282259,0.0,0.0,0.0,0.0,0,39.34
853200000,853200000,0.9488675,-0.13097979,0.2871939,0.0048510833,0.0,0.0,0.0,0.0,0,39.36
853220000,853220000,0.94630027,-0.13378218,0.2942568,0.006338504,0.0,0.0,0.0,0.0,0,39.38
853240000,853240000,0.9439435,-0.13619097,0.30061576,0.007873519,0.0,0.0,0.0,0.0,0,39.4
853260000,853260000,0.94179904,-0.13823064,0.30631134,0.009449899,0.0,0.0,0.0,0.0,0,39.42
853280000,853280000,0.93985987,-0.13991885,0.3114049,0.011055564,0.0,0.0,0.0,0.0,0,39.44
853300000,853300000,0.9381124,-0.14127567,0.31596637,0.012676714,0.0,0.0,0.0,0.0,0,39.46
853320000,853320000,0.9365453,-0.14234078,0.32004118,0.014309784,0.0,0.0,0.0,0.0,0,39.48
853340000,853340000,0.93513745,-0.14314045,0.32370314,0.015943248,0.0,0.0,0.0,0.0,0,39.5
853360000,853360000,0.9338833,-0.14370976,0.3269704,0.017578013,0.0,0.0,0.0,0.0,0,39.52
853380000,853380000,0.9328146,-0.14404699,0.32976833,0.019218015,0.0,0.0,0.0,0.0,0,39.54
853400000,853400000,0.93200064,-0.1441268,0.3319272,0.020872926,0.0,0.0,0.0,0.0,0,39.56
853420000,853420000,0.9314986,-0.14390424,0.33332127,0.022537304,0.0,0.0,0.0,0.0,0,39.58
853440000,853440000,0.9313325,-0.14334266,0.3339108,0.024192475,0.0,0.0,0.0,0.0,0,39.6
853460000,853460000,0.9315053,-0.1424329,0.33369598,0.025822062,0.0,0.0,0.0,0.0,0,39.62
853480000,853480000,0.9320105,-0.14118351,0.332688,0.027413739,0.0,0.0,0.0,0.0,0,39.64
853500000,853500000,0.9328336,-0.1396086,0.3309103,0.028955204,0.0,0.0,0.0,0.0,0,39.66
853520000,853520000,0.9339577,-0.13773009,0.32838413,0.030437062,0.0,0.0,0.0,0.0,0,39.68
853540000,853540000,0.93535954,-0.13556597,0.32514498,0.031846855,0.0,0.0,0.0,0.0,0,39.7
853560000,853560000,0.9370215,-0.13314112,0.32120463,0.033178434,0.0,0.0,0.0,0.0,0,39.72
853580000,853580000,0.93892133,-0.13047162,0.31658825,0.03442135,0.0,0.0,0.0,0.0,0,39.74
853600000,853600000,0.9410321,-0.12756804,0.311335,0.035561375,0.0,0.0,0.0,0.0,0,39.76
853620000,853620000,0.94334084,-0.12445971,0.30543,0.036599167,0.0,0.0,0.0,0.0,0,39.78
853640000,853640000,0.9458117,-0.12115599,0.29893637,0.037518326,0.0,0.0,0.0,0.0,0,39.8
853660000,853660000,0.9484393,-0.11766863,0.29181808,0.03831794,0.0,0.0,0.0,0.0,0,39.82
853680000,853680000,0.951184,-0.11401357,0.28414655,0.03898476,0.0,0.0,0.0,0.0,0,39.84
853700000,853700000,0.95404035,-0.11018755,0.2758865,0.039514937,0.0,0.0,0.0,0.0,0,39.86
853720000,853720000,0.95697236,-0.10621416,0.26709437,0.039901987,0.0,0.0,0.0,0.0,0,39.88
853740000,853740000,0.95996124,-0.1020806,0.2577832,0.040135775,0.0,0.0,0.0,0.0,0,39.9
853760000,853760000,0.96298474,-0.097802706,0.24796547,0.040215466,0.0,0.0,0.0,0.0,0,39.92
853780000,853780000,0.9660124,-0.093401305,0.23768501,0.04013907,0.0,0.0,0.0,0.0,0,39.94
853800000,853800000,0.96902704,-0.08885999,0.22695291,0.03990011,0.0,0.0,0.0,0.0,0,39.96
853820000,853820000,0.9719951,-0.084241666,0.21581711,0.039508242,0.0,0.0,0.0,0.0,0,39.98
853840000,853840000,0.9749012,-0.07948503,0.20430847,0.038948506,0.0,0.0,0.0,0.0,0,40.0
853860000,853860000,0.97772086,-0.07467343,0.19243851,0.038240332,0.0,0.0,0.0,0.0,0,40.02
853880000,853880000,0.98043114,-0.06974327,0.18028691,0.037368387,0.0,0.0,0.0,0.0,0,40.04
853900000,853900000,0.9830164,-0.064770825,0.1678423,0.036353692,0.0,0.0,0.0,0.0,0,40.06
853920000,853920000,0.9854515,-0.059706844,0.15521395,0.03518672,0.0,0.0,0.0,0.0,0,40.08
853940000,853940000,0.98772764,-0.054608453,0.14238305,0.033885676,0.0,0.0,0.0,0.0,0,40.1
853960000,853960000,0.98982424,-0.049464963,0.12944962,0.032452118,0.0,0.0,0.0,0.0,0,40.12
853980000,853980000,0.9917362,-0.04429444,0.116411716,0.030899022,0.0,0.0,0.0,0.0,0,40.14
854000000,854000000,0.99345,-0.039114285,0.103351876,0.029235361,0.0,0.0,0.0,0.0,0,40.16
854020000,854020000,0.9949613,-0.03393988,0.09030176,0.027473241,0.0,0.0,0.0,0.0,0,40.18
854040000,854040000,0.9962649,-0.028792828,0.07732855,0.025625031,0.0,0.0,0.0,0.0,0,40.2
854060000,854060000,0.9973616,-0.02367696,0.06447129,0.023702519,0.0,0.0,0.0,0.0,0,40.22
854080000,854080000,0.9982549,-0.018595412,0.051757216,0.02171881,0.0,0.0,0.0,0.0,0,40.24
854100000,854100000,0.9989475,-0.013567515,0.03925912,0.019687528,0.0,0.0,0.0,0.0,0,40.26
854120000,854120000,0.99944794,-0.008597512,0.026988804,0.017622782,0.0,0.0,0.0,0.0,0,40.28
854140000,854140000,0.9997643,-0.0037112555,0.015007114,0.015538783,0.0,0.0,0.0,0.0,0,40.3
854160000,854160000,0.999908,0.001099321,0.0033210404,0.013449308,0.0,0.0,0.0,0.0,0,40.32
854180000,854180000,0.99989104,0.0057966337,-0.008011013,0.011368523,0.0,0.0,0.0,0.0,0,40.34
854200000,854200000,0.9997262,0.010398325,-0.019022124,0.009309247,0.0,0.0,0.0,0.0,0,40.36
854220000,854220000,0.99942756,0.014866781,-0.029656988,0.0072840187,0.0,0.0,0.0,0.0,0,40.38
854240000,854240000,0.9990083,0.019222304,-0.039924026,0.0053055757,0.0,0.0,0.0,0.0,0,40.4
854260000,854260000,0.9984837,0.023440886,-0.049784455,0.0033852526,0.0,0.0,0.0,0.0,0,40.42
854280000,854280000,0.99786603,0.02753846,-0.059260234,0.0015342096,0.0,0.0,0.0,0.0,0,40.44
854300000,854300000,0.99717057,0.03148967,-0.068325,-0.0002382624,0.0,0.0,0.0,0.0,0,40.46
854320000,854320000,0.9964084,0.03529829,-0.0770046,-0.0019240228,0.0,0.0,0.0,0.0,0,40.48
854340000,854340000,0.99559546,0.038940918,-0.08526437,-0.0035153886,0.0,0.0,0.0,0.0,0,40.5
854360000,854360000,0.99474174,0.04242563,-0.09312907,-0.0050051706,0.0,0.0,0.0,0.0,0,40.52
854380000,854380000,0.993859,0.045750413,-0.10059604,-0.0063872105,0.0,0.0,0.0,0.0,0,40.54
854400000,854400000,0.9929577,0.04890567,-0.10767392,-0.0076570357,0.0,0.0,0.0,0.0,0,40.56
854420000,854420000,0.99204856,0.051891774,-0.114360705,-0.008810095,0.0,0.0,0.0,0.0,0,40.58
854440000,854440000,0.99113876,0.054707687,-0.120678194,-0.009843641,0.0,0.0,0.0,0.0,0,40.6
854460000,854460000,0.9902363,0.0573527,-0.12663433,-0.010755446,0.0,0.0,0.0,0.0,0,40.62
854480000,854480000,0.9893487,0.05982264,-0.13223521,-0.011544718,0.0,0.0,0.0,0.0,0,40.64
854500000,854500000,0.988482,0.062120758,-0.13749325,-0.012210994,0.0,0.0,0.0,0.0,0,40.66
854520000,854520000,0.98764163,0.064246245,-0.14241768,-0.012754705,0.0,0.0,0.0,0.0,0,40.68
854540000,854540000,0.9868305,0.066202305,-0.14703192,-0.013177456,0.0,0.0,0.0,0.0,0,40.7
854560000,854560000,0.98605466,0.06798538,-0.15133272,-0.013481126,0.0,0.0,0.0,0.0,0,40.72
854580000,854580000,0.9853159,0.069603,-0.15533923,-0.013668025,0.0,0.0,0.0,0.0,0,40.74
854600000,854600000,0.98461866,0.071059525,-0.15905005,-0.013740254,0.0,0.0,0.0,0.0,0,40.76
854620000,854620000,0.9839651,0.0723533,-0.16247787,-0.013701957,0.0,0.0,0.0,0.0,0,40.78
854640000,854640000,0.98335826,0.073491044,-0.16562274,-0.013556193,0.0,0.0,0.0,0.0,0,40.8
854660000,854660000,0.9827984,0.0744728,-0.16850261,-0.013309093,0.0,0.0,0.0,0.0,0,40.82
854680000,854680000,0.98228693,0.07530856,-0.17111987,-0.012964051,0.0,0.0,0.0,0.0,0,40.84
854700000,854700000,0.98182327,0.07599938,-0.17349148,-0.01252775,0.0,0.0,0.0,0.0,0,40.86
854720000,854720000,0.9814087,0.0765519,-0.17561813,-0.012004937,0.0,0.0,0.0,0.0,0,40.88
854740000,854740000,0.98104286,0.076964796,-0.17751183,-0.011403107,0.0,0.0,0.0,0.0,0,40.9
854760000,854760000,0.98072547,0.077249624,-0.17917603,-0.010726815,0.0,0.0,0.0,0.0,0,40.92
854780000,854780000,0.9804551,0.07740781,-0.1806246,-0.009983597,0.0,0.0,0.0,0.0,0,40.94
854800000,854800000,0.9802302,0.07745624,-0.18186286,-0.009177801,0.0,0.0,0.0,0.0,0,40.96
854820000,854820000,0.9800485,0.07740389,-0.18290304,-0.0083157625,0.0,0.0,0.0,0.0,0,40.98
854840000,854840000,0.9799089,0.077254504,-0.18375134,-0.007404545,0.0,0.0,0.0,0.0,0,41.0
854860000,854860000,0.97981113,0.07700959,-0.18441042,-0.006451259,0.0,0.0,0.0,0.0,0,41.02
854880000,854880000,0.97975403,0.07667625,-0.18488397,-0.005462124,0.0,0.0,0.0,0.0,0,41.04
854900000,854900000,0.9797369,0.07626106,-0.18517336,-0.0044434476,0.0,0.0,0.0,0.0,0,41.06
854920000,854920000,0.97975844,0.07576661,-0.18528438,-0.003402056,0.0,0.0,0.0,0.0,0,41.08
854940000,854940000,0.9798161,0.07519936,-0.1852273,-0.002345135,0.0,0.0,0.0,0.0,0,41.1
854960000,854960000,0.97990793,0.07456488,-0.18500824,-0.0012788345,0.0,0.0,0.0,0.0,0,41.12
854980000,854980000,0.98003304,0.073875025,-0.18462591,-0.0002073902,0.0,0.0,0.0,0.0,0,41.14
855000000,855000000,0.9801902,0.073127374,-0.18408658,0.0008614484,0.0,0.0,0.0,0.0,0,41.16
855020000,855020000,0.9803779,0.07233862,-0.18338926,0.0019245893,0.0,0.0,0.0,0.0,0,41.18
855040000,855040000,0.980594,0.071512125,-0.18254249,0.002975879,0.0,0.0,0.0,0.0,0,41.2
855060000,855060000,0.9808362,0.07065167,-0.18155362,0.0040095104,0.0,0.0,0.0,0.0,0,41.22
855080000,855080000,0.981104,0.069757074,-0.1804238,0.005019577,0.0,0.0,0.0,0.0,0,41.24
855100000,855100000,0.9813953,0.068837434,-0.17915842,0.0060021267,0.0,0.0,0.0,0.0,0,41.26
855120000,855120000,0.98170894,0.0678906,-0.17776178,0.006951724,0.0,0.0,0.0,0.0,0,41.28
855140000,855140000,0.98204184,0.066920914,-0.17624605,0.007863857,0.0,0.0,0.0,0.0,0,41.3
855160000,855160000,0.9823941,0.06593694,-0.17460518,0.008736266,0.0,0.0,0.0,0.0,0,41.32
855180000,855180000,0.9827624,0.06494647,-0.17285153,0.009565485,0.0,0.0,0.0,0.0,0,41.34
855200000,855200000,0.9831444,0.063951395,-0.17099498,0.010347905,0.0,0.0,0.0,0.0,0,41.36
855220000,855220000,0.98354,0.062966995,-0.16902792,0.011083813,0.0,0.0,0.0,0.0,0,41.38
855240000,855240000,0.98394823,0.061985057,-0.1669562,0.011768614,0.0,0.0,0.0,0.0,0,41.4
855260000,855260000,0.98436695,0.061005414,-0.16478908,0.012399478,0.0,0.0,0.0,0.0,0,41.42
855280000,855280000,0.98479503,0.060033508,-0.16252841,0.012975288,0.0,0.0,0.0,0.0,0,41.44
855300000,855300000,0.9852304,0.059079017,-0.16018036,0.013495693,0.0,0.0,0.0,0.0,0,41.46
855320000,855320000,0.9856721,0.05813569,-0.15774983,0.013958178,0.0,0.0,0.0,0.0,0,41.48
855340000,855340000,0.98611885,0.057208832,-0.15524048,0.01436266,0.0,0.0,0.0,0.0,0,41.5
855360000,855360000,0.9865702,0.05628954,-0.15265517,0.014706815,0.0,0.0,0.0,0.0,0,41.52
855380000,855380000,0.9870241,0.05538078,-0.15000233,0.014990584,0.0,0.0,0.0,0.0,0,41.54
855400000,855400000,0.9874787,0.05448166,-0.14729315,0.015213128,0.0,0.0,0.0,0.0,0,41.56
855420000,855420000,0.98793375,0.053595103,-0.14452381,0.015375619,0.0,0.0,0.0,0.0,0,41.58
855440000,855440000,0.9883883,0.052715704,-0.14170097,0.015477701,0.0,0.0,0.0,0.0,0,41.6
855460000,855460000,0.9888417,0.051848996,-0.13882339,0.015521467,0.0,0.0,0.0,0.0,0,41.62
855480000,855480000,0.9892919,0.050998963,-0.13590162,0.01550807,0.0,0.0,0.0,0.0,0,41.64
855500000,855500000,0.9897385,0.050163083,-0.13293631,0.015438594,0.0,0.0,0.0,0.0,0,41.66
855520000,855520000,0.99018,0.049340323,-0.1299372,0.015314017,0.0,0.0,0.0,0.0,0,41.68
855540000,855540000,0.99061614,0.04853202,-0.1269026,0.015136412,0.0,0.0,0.0,0.0,0,41.7
855560000,855560000,0.9910457,0.047738522,-0.12383988,0.014907876,0.0,0.0,0.0,0.0,0,41.72
855580000,855580000,0.991468,0.046958294,-0.1207523,0.014630468,0.0,0.0,0.0,0.0,0,41.74
855600000,855600000,0.9918824,0.046185788,-0.117646284,0.014305577,0.0,0.0,0.0,0.0,0,41.76
855620000,855620000,0.9922885,0.045420162,-0.11452268,0.013935849,0.0,0.0,0.0,0.0,0,41.78
855640000,855640000,0.9926845,0.044662703,-0.111395545,0.013523472,0.0,0.0,0.0,0.0,0,41.8
855660000,855660000,0.99307007,0.043909617,-0.10826835,0.01307044,0.0,0.0,0.0,0.0,0,41.82
855680000,855680000,0.9934451,0.04316679,-0.10513954,0.012580665,0.0,0.0,0.0,0.0,0,41.84
855700000,855700000,0.9938103,0.04242807,-0.102003366,0.01205684,0.0,0.0,0.0,0.0,0,41.86
855720000,855720000,0.9941639,0.041695,-0.098876506,0.011501474,0.0,0.0,0.0,0.0,0,41.88
855740000,855740000,0.9945063,0.040965382,-0.095754564,0.010917717,0.0,0.0,0.0,0.0,0,41.9
855760000,855760000,0.9948366,0.040235925,-0.0926498,0.010307789,0.0,0.0,0.0,0.0,0,41.92
855780000,855780000,0.9951553,0.039496478,-0.08956321,0.009673717,0.0,0.0,0.0,0.0,0,41.94
855800000,855800000,0.99546176,0.038752288,-0.086497985,0.009019001,0.0,0.0,0.0,0.0,0,41.96
855820000,855820000,0.99575627,0.03800399,-0.08345386,0.008346749,0.0,0.0,0.0,0.0,0,41.98
855840000,855840000,0.9960382,0.037254043,-0.080439046,0.007659882,0.0,0.0,0.0,0.0,0,42.0
855860000,855860000,0.99630755,0.03650003,-0.07745765,0.006961536,0.0,0.0,0.0,0.0,0,42.02
855880000,855880000,0.9965642,0.035746086,-0.07451182,0.006254866,0.0,0.0,0.0,0.0,0,42.04
855900000,855900000,0.9968086,0.0349902,-0.07160102,0.005542031,0.0,0.0,0.0,0.0,0,42.06
855920000,855920000,0.99704075,0.034228984,-0.068730846,0.0048257723,0.0,0.0,0.0,0.0,0,42.08
855940000,855940000,0.99726105,0.033460878,-0.06590106,0.004108623,0.0,0.0,0.0,0.0,0,42.1
855960000,855960000,0.9974696,0.032689843,-0.0631138,0.0033933155,0.0,0.0,0.0,0.0,0,42.12
855980000,855980000,0.99766636,0.031913243,-0.06037663,0.0026818397,0.0,0.0,0.0,0.0,0,42.14
856000000,856000000,0.9978514,0.031135095,-0.05769284,0.0019767783,0.0,0.0,0.0,0.0,0,42.16
856020000,856020000,0.99802554,0.030355707,-0.055054314,0.0012806318,0.0,0.0,0.0,0.0,0,42.18
856040000,856040000,0.99818873,0.02957415,-0.052472487,0.00059488305,0.0,0.0,0.0,0.0,0,42.2
856060000,856060000,0.9983415,0.028787091,-0.049946453,-7.841553e-05,0.0,0.0,0.0,0.0,0,42.22
856080000,856080000,0.9984839,0.02799881,-0.047482554,-0.0007374932,0.0,0.0,0.0,0.0,0,42.24
856100000,856100000,0.99861634,0.02720878,-0.045080576,-0.0013810237,0.0,0.0,0.0,0.0,0,42.26
856120000,856120000,0.99873954,0.026421485,-0.04273607,-0.0020065694,0.0,0.0,0.0,0.0,0,42.28
856140000,856140000,0.9988536,0.025641443,-0.040450316,-0.0026123524,0.0,0.0,0.0,0.0,0,42.3
856160000,856160000,0.99895936,0.024866914,-0.03821996,-0.0031969056,0.0,0.0,0.0,0.0,0,42.32
856180000,856180000,0.99905705,0.02409106,-0.036049303,-0.0037597197,0.0,0.0,0.0,0.0,0,42.34
856200000,856200000,0.9991468,0.02331802,-0.033949025,-0.0042996546,0.0,0.0,0.0,0.0,0,42.36
856220000,856220000,0.99922895,0.022553612,-0.031916875,-0.0048155384,0.0,0.0,0.0,0.0,0,42.38
856240000,856240000,0.99930423,0.021796202,-0.029949035,-0.005306483,0.0,0.0,0.0,0.0,0,42.4
856260000,856260000,0.99937284,0.021047115,-0.028049536,-0.005772141,0.0,0.0,0.0,0.0,0,42.42
856280000,856280000,0.99943537,0.020305602,-0.026213381,-0.00621201,0.0,0.0,0.0,0.0,0,42.44
856300000,856300000,0.9994922,0.01957574,-0.02443841,-0.0066252304,0.0,0.0,0.0,0.0,0,42.46
856320000,856320000,0.99954385,0.018856209,-0.022726225,-0.0070117675,0.0,0.0,0.0,0.0,0,42.48
856340000,856340000,0.9995904,0.018150143,-0.021081468,-0.007371829,0.0,0.0,0.0,0.0,0,42.5
856360000,856360000,0.9996325,0.01745037,-0.019496283,-0.007705486,0.0,0.0,0.0,0.0,0,42.52
856380000,856380000,0.9996705,0.016757691,-0.01797147,-0.008013106,0.0,0.0,0.0,0.0,0,42.54
856400000,856400000,0.9997046,0.016077299,-0.016508738,-0.008294749,0.0,0.0,0.0,0.0,0,42.56
856420000,856420000,0.99973524,0.015406007,-0.0151031455,-0.008550949,0.0,0.0,0.0,0.0,0,42.58
856440000,856440000,0.9997628,0.0147403665,-0.013751004,-0.008781981,0.0,0.0,0.0,0.0,0,42.6
856460000,856460000,0.99978745,0.014081423,-0.012453069,-0.008988206,0.0,0.0,0.0,0.0,0,42.62
856480000,856480000,0.9998094,0.0134321395,-0.011214829,-0.009170367,0.0,0.0,0.0,0.0,0,42.64
856500000,856500000,0.99982876,0.012791689,-0.010042541,-0.009328895,0.0,0.0,0.0,0.0,0,42.66
856520000,856520000,0.9998458,0.012164388,-0.008937141,-0.009464299,0.0,0.0,0.0,0.0,0,42.68
856540000,856540000,0.99986076,0.011563908,-0.007884802,-0.009577153,0.0,0.0,0.0,0.0,0,42.7
856560000,856560000,0.9998738,0.010987473,-0.0068768077,-0.009668163,0.0,0.0,0.0,0.0,0,42.72
856580000,856580000,0.99988526,0.010429649,-0.005909909,-0.009737929,0.0,0.0,0.0,0.0,0,42.74
856600000,856600000,0.99989533,0.0098844655,-0.004988502,-0.009787524,0.0,0.0,0.0,0.0,0,42.76
856620000,856620000,0.9999041,0.009352773,-0.0041222232,-0.009817598,0.0,0.0,0.0,0.0,0,42.78
856640000,856640000,0.99991167,0.008842791,-0.0033029763,-0.009829312,0.0,0.0,0.0,0.0,0,42.8
856660000,856660000,0.9999182,0.008350461,-0.0025304637,-0.009823904,0.0,0.0,0.0,0.0,0,42.82
856680000,856680000,0.9999239,0.007877025,-0.0018015045,-0.0098020425,0.0,0.0,0.0,0.0,0,42.84
856700000,856700000,0.9999287,0.00742307,-0.0011173304,-0.009764719,0.0,0.0,0.0,0.0,0,42.86
856720000,856720000,0.9999328,0.006991324,-0.0004640472,-0.009713135,0.0,0.0,0.0,0.0,0,42.88
856740000,856740000,0.9999363,0.006590223,0.00015976072,-0.009648238,0.0,0.0,0.0,0.0,0,42.9
856760000,856760000,0.9999392,0.0062108967,0.0007398952,-0.009571326,0.0,0.0,0.0,0.0,0,42.92
856780000,856780000,0.9999417,0.005843591,0.0012777862,-0.009483392,0.0,0.0,0.0,0.0,0,42.94
856800000,856800000,0.99994385,0.005490073,0.0017862675,-0.009385221,0.0,0.0,0.0,0.0,0,42.96
856820000,856820000,0.9999457,0.0051517575,0.0022626275,-0.009277792,0.0,0.0,0.0,0.0,0,42.98
856840000,856840000,0.99994725,0.0048323916,0.0027120952,-0.009162231,0.0,0.0,0.0,0.0,0,43.0
856860000,856860000,0.99994844,0.004540429,0.0031393275,-0.009039363,0.0,0.0,0.0,0.0,0,43.02
856880000,856880000,0.99994946,0.0042771804,0.0035358898,-0.008910623,0.0,0.0,0.0,0.0,0,43.04
856900000,856900000,0.9999503,0.0040335893,0.0039007957,-0.008776728,0.0,0.0,0.0,0.0,0,43.06
856920000,856920000,0.999951,0.0038099757,0.004241175,-0.008638187,0.0,0.0,0.0,0.0,0,43.08
856940000,856940000,0.9999516,0.0035952756,0.004555219,-0.008495815,0.0,0.0,0.0,0.0,0,43.1
856960000,856960000,0.99995214,0.0033934445,0.0048544137,-0.008350954,0.0,0.0,0.0,0.0,0,43.12
856980000,856980000,0.99995255,0.0032105555,0.0051384866,-0.008204271,0.0,0.0,0.0,0.0,0,43.14
857000000,857000000,0.9999529,0.0030393484,0.0053973254,-0.008056594,0.0,0.0,0.0,0.0,0,43.16
857020000,857020000,0.9999533,0.0028739527,0.0056225057,-0.007908195,0.0,0.0,0.0,0.0,0,43.18
857040000,857040000,0.99995387,0.0027179979,0.00580921,-0.007759782,0.0,0.0,0.0,0.0,0,43.2
857060000,857060000,0.9999544,0.0025728461,0.0059741735,-0.0076123523,0.0,0.0,0.0,0.0,0,43.22
857080000,857080000,0.99995494,0.0024418426,0.0061276457,-0.0074664387,0.0,0.0,0.0,0.0,0,43.24
857100000,857100000,0.9999554,0.0023253334,0.006263087,-0.0073227547,0.0,0.0,0.0,0.0,0,43.26
857120000,857120000,0.99995595,0.0022233054,0.006375906,-0.007181482,0.0,0.0,0.0,0.0,0,43.28
857140000,857140000,0.9999566,0.0021288693,0.0064579053,-0.0070432574,0.0,0.0,0.0,0.0,0,43.3
857160000,857160000,0.9999574,0.0020377156,0.006516347,-0.006909169,0.0,0.0,0.0,0.0,0,43.32
857180000,857180000,0.9999581,0.0019551036,0.0065658255,-0.006779258,0.0,0.0,0.0,0.0,0,43.34
857200000,857200000,0.9999588,0.0018849634,0.0066041043,-0.0066536544,0.0,0.0,0.0,0.0,0,43.36
857220000,857220000,0.9999595,0.0018229141,0.006635317,-0.0065326947,0.0,0.0,0.0,0.0,0,43.38
857240000,857240000,0.99996036,0.0017629217,0.0066439067,-0.0064164875,0.0,0.0,0.0,0.0,0,43.4
857260000,857260000,0.99996126,0.0017070636,0.006623027,-0.0063054077,0.0,0.0,0.0,0.0,0,43.42
857280000,857280000,0.9999623,0.0016552705,0.006587231,-0.0061997157,0.0,0.0,0.0,0.0,0,43.44
857300000,857300000,0.99996334,0.0015981401,0.006533786,-0.0060995836,0.0,0.0,0.0,0.0,0,43.46
857320000,857320000,0.9999644,0.0015401365,0.006468176,-0.0060054674,0.0,0.0,0.0,0.0,0,43.48
857340000,857340000,0.99996555,0.0014869326,0.0063861567,-0.005917851,0.0,0.0,0.0,0.0,0,43.5
857360000,857360000,0.99996674,0.0014427351,0.00628518,-0.005836518,0.0,0.0,0.0,0.0,0,43.52
857380000,857380000,0.99996793,0.0014140091,0.006166193,-0.0057613165,0.0,0.0,0.0,0.0,0,43.54
857400000,857400000,0.99996924,0.0014003179,0.0060232016,-0.0056925667,0.0,0.0,0.0,0.0,0,43.56
857420000,857420000,0.9999705,0.0013948953,0.0058698906,-0.0056300135,0.0,0.0,0.0,0.0,0,43.58
857440000,857440000,0.99997175,0.0013945138,0.005711168,-0.00557361,0.0,0.0,0.0,0.0,0,43.6
857460000,857460000,0.99997294,0.0013977513,0.005546575,-0.0055233,0.0,0.0,0.0,0.0,0,43.62
857480000,857480000,0.99997413,0.0014081192,0.005370177,-0.0054793297,0.0,0.0,0.0,0.0,0,43.64
857500000,857500000,0.9999753,0.0014276976,0.005180071,-0.005441546,0.0,0.0,0.0,0.0,0,43.66
857520000,857520000,0.99997646,0.001452501,0.004980315,-0.00540978,0.0,0.0,0.0,0.0,0,43.68
857540000,857540000,0.9999776,0.0014811197,0.004774544,-0.005383954,0.0,0.0,0.0,0.0,0,43.7
857560000,857560000,0.9999786,0.0015161951,0.0045630573,-0.005363764,0.0,0.0,0.0,0.0,0,43.72
857580000,857580000,0.9999796,0.0015584494,0.004343672,-0.0053493185,0.0,0.0,0.0,0.0,0,43.74
857600000,857600000,0.9999805,0.0016114872,0.0041147606,-0.005340073,0.0,0.0,0.0,0.0,0,43.76
857620000,857620000,0.9999814,0.0016768334,0.0038755035,-0.0053356965,0.0,0.0,0.0,0.0,0,43.78
857640000,857640000,0.9999822,0.0017377556,0.003639342,-0.0053358083,0.0,0.0,0.0,0.0,0,43.8
857660000,857660000,0.9999829,0.0017972867,0.0034017456,-0.005339895,0.0,0.0,0.0,0.0,0,43.82
857680000,857680000,0.99998355,0.0018594355,0.0031586962,-0.005347802,0.0,0.0,0.0,0.0,0,43.84
857700000,857700000,0.9999841,0.0019245633,0.0029091411,-0.0053594937,0.0,0.0,0.0,0.0,0,43.86
857720000,857720000,0.9999846,0.0019904869,0.0026579567,-0.005374493,0.0,0.0,0.0,0.0,0,43.88
857740000,857740000,0.9999849,0.0020585759,0.002427738,-0.0053926534,0.0,0.0,0.0,0.0,0,43.9
857760000,857760000,0.9999852,0.0021238627,0.0022156741,-0.00541355,0.0,0.0,0.0,0.0,0,43.92
857780000,857780000,0.99998534,0.0021933287,0.0020027228,-0.005436645,0.0,0.0,0.0,0.0,0,43.94
857800000,857800000,0.99998546,0.0022605201,0.001791189,-0.005462019,0.0,0.0,0.0,0.0,0,43.96
857820000,857820000,0.9999855,0.002327852,0.0015798237,-0.0054894183,0.0,0.0,0.0,0.0,0,43.98
857840000,857840000,0.9999855,0.0024002262,0.0013746365,-0.00551863,0.0,0.0,0.0,0.0,0,44.0
857860000,857860000,0.9999854,0.0024711753,0.0011822932,-0.005549057,0.0,0.0,0.0,0.0,0,44.02
857880000,857880000,0.9999853,0.0025292581,0.000999647,-0.0055805272,0.0,0.0,0.0,0.0,0,44.04
857900000,857900000,0.99998516,0.0025760662,0.00082226505,-0.0056123193,0.0,0.0,0.0,0.0,0,44.06
857920000,857920000,0.999985,0.0026207517,0.00064686884,-0.005644397,0.0,0.0,0.0,0.0,0,44.08
857940000,857940000,0.99998474,0.00267275,0.00047294176,-0.005676708,0.0,0.0,0.0,0.0,0,44.1
857960000,857960000,0.9999845,0.0027216794,0.000306512,-0.0057087895,0.0,0.0,0.0,0.0,0,44.12
857980000,857980000,0.99998426,0.0027638956,0.00014716694,-0.0057407813,0.0,0.0,0.0,0.0,0,44.14
858000000,858000000,0.99998397,0.0027994679,-1.9299918e-05,-0.005773379,0.0,0.0,0.0,0.0,0,44.16
858020000,858020000,0.99998367,0.0028273987,-0.00019167516,-0.0058064014,0.0,0.0,0.0,0.0,0,44.18
858040000,858040000,0.9999834,0.0028486063,-0.00034168852,-0.0058394847,0.0,0.0,0.0,0.0,0,44.2
858060000,858060000,0.99998313,0.0028636244,-0.0004668612,-0.005872034,0.0,0.0,0.0,0.0,0,44.22
858080000,858080000,0.99998283,0.002862577,-0.0005839361,-0.0059046196,0.0,0.0,0.0,0.0,0,44.24
858100000,858100000,0.99998266,0.002846031,-0.00069397985,-0.005936702,0.0,0.0,0.0,0.0,0,44.26
858120000,858120000,0.9999824,0.0028230054,-0.0008004539,-0.005967978,0.0,0.0,0.0,0.0,0,44.28
858140000,858140000,0.99998224,0.002800598,-0.00089476496,-0.0059985374,0.0,0.0,0.0,0.0,0,44.3
858160000,858160000,0.999982,0.0027840363,-0.0009831032,-0.0060278024,0.0,0.0,0.0,0.0,0,44.32
858180000,858180000,0.9999818,0.0027609344,-0.0010689656,-0.006056095,0.0,0.0,0.0,0.0,0,44.34
858200000,858200000,0.99998164,0.0027358276,-0.0011567764,-0.0060836207,0.0,0.0,0.0,0.0,0,44.36
858220000,858220000,0.99998146,0.0027094611,-0.0012313698,-0.0061103185,0.0,0.0,0.0,0.0,0,44.38
858240000,858240000,0.9999813,0.002675905,-0.0012958903,-0.0061355517,0.0,0.0,0.0,0.0,0,44.4
858260000,858260000,0.99998116,0.0026438585,-0.0013649167,-0.0061592287,0.0,0.0,0.0,0.0,0,44.42
858280000,858280000,0.99998105,0.0026071593,-0.0014348581,-0.0061815423,0.0,0.0,0.0,0.0,0,44.44
858300000,858300000,0.9999809,0.0025572358,-0.001497835,-0.0062027406,0.0,0.0,0.0,0.0,0,44.46
858320000,858320000,0.99998087,0.0024968276,-0.0015470143,-0.006223048,0.0,0.0,0.0,0.0,0,44.48
858340000,858340000,0.9999808,0.0024375846,-0.0015965747,-0.0062422785,0.0,0.0,0.0,0.0,0,44.5
858360000,858360000,0.9999808,0.0023769955,-0.0016447416,-0.006260068,0.0,0.0,0.0,0.0,0,44.52
858380000,858380000,0.99998075,0.0023113152,-0.0016783013,-0.0062764855,0.0,0.0,0.0,0.0,0,44.54
858400000,858400000,0.9999808,0.0022416895,-0.0016997253,-0.0062918495,0.0,0.0,0.0,0.0,0,44.56
858420000,858420000,0.99998087,0.0021644507,-0.0017137147,-0.0063064955,0.0,0.0,0.0,0.0,0,44.58
858440000,858440000,0.9999809,0.0020900022,-0.0017196188,-0.0063201035,0.0,0.0,0.0,0.0,0,44.6
858460000,858460000,0.999981,0.002018747,-0.0017174897,-0.00633314,0.0,0.0,0.0,0.0,0,44.62
858480000,858480000,0.99998105,0.0019481914,-0.0017115735,-0.006345276,0.0,0.0,0.0,0.0,0,44.64
858500000,858500000,0.99998116,0.0018800701,-0.0016942698,-0.006356346,0.0,0.0,0.0,0.0,0,44.66
858520000,858520000,0.9999813,0.0018129102,-0.0016619322,-0.006366247,0.0,0.0,0.0,0.0,0,44.68
858540000,858540000,0.9999814,0.0017426346,-0.0016224773,-0.006375613,0.0,0.0,0.0,0.0,0,44.7
858560000,858560000,0.9999815,0.0016768507,-0.0015764625,-0.0063841897,0.0,0.0,0.0,0.0,0,44.72
858580000,858580000,0.99998164,0.0016192617,-0.00152379,-0.006392083,0.0,0.0,0.0,0.0,0,44.74
858600000,858600000,0.99998176,0.0015680898,-0.0014676764,-0.0063993516,0.0,0.0,0.0,0.0,0,44.76
858620000,858620000,0.9999819,0.001520688,-0.0014113818,-0.006405762,0.0,0.0,0.0,0.0,0,44.78
858640000,858640000,0.999982,0.0014724146,-0.0013587412,-0.0064110826,0.0,0.0,0.0,0.0,0,44.8
858660000,858660000,0.9999821,0.001428889,-0.001299613,-0.006415454,0.0,0.0,0.0,0.0,0,44.82
858680000,858680000,0.99998224,0.0013823465,-0.0012451878,-0.0064188065,0.0,0.0,0.0,0.0,0,44.84
858700000,858700000,0.99998236,0.0013276378,-0.0011979408,-0.006421271,0.0,0.0,0.0,0.0,0,44.86
858720000,858720000,0.9999825,0.001270227,-0.0011395842,-0.006423027,0.0,0.0,0.0,0.0,0,44.88
858740000,858740000,0.9999826,0.0012098161,-0.0010763591,-0.006423638,0.0,0.0,0.0,0.0,0,44.9
858760000,858760000,0.9999828,0.0011469554,-0.0010184711,-0.0064229895,0.0,0.0,0.0,0.0,0,44.92
858780000,858780000,0.9999829,0.0010761338,-0.0009609058,-0.0064211795,0.0,0.0,0.0,0.0,0,44.94
858800000,858800000,0.9999831,0.0009978133,-0.0009036947,-0.006418281,0.0,0.0,0.0,0.0,0,44.96
858820000,858820000,0.9999832,0.0009242859,-0.0008465828,-0.0064147604,0.0,0.0,0.0,0.0,0,44.98
858840000,858840000,0.9999833,0.00084940816,-0.0007835358,-0.006410891,0.0,0.0,0.0,0.0,0,45.0
858860000,858860000,0.9999835,0.0007719284,-0.0007206754,-0.0064069056,0.0,0.0,0.0,0.0,0,45.02
858880000,858880000,0.9999836,0.0006927758,-0.00065976876,-0.0064030434,0.0,0.0,0.0,0.0,0,45.04
858900000,858900000,0.9999837,0.0006155103,-0.0006020657,-0.0063991155,0.0,0.0,0.0,0.0,0,45.06
858920000,858920000,0.9999838,0.00053754554,-0.00055232336,-0.0063954676,0.0,0.0,0.0,0.0,0,45.08
858940000,858940000,0.9999839,0.00045960365,-0.0004940446,-0.0063921604,0.0,0.0,0.0,0.0,0,45.1
858956000,858956000,0.99998397,0.00040265234,-0.00044152513,-0.006389522,0.0,0.0,0.0,0.0,0,45.116
858976000,858976000,0.999984,0.0003356695,-0.000392464,-0.0063863066,0.0,0.0,0.0,0.0,0,45.136
858996000,858996000,0.9999841,0.0002693159,-0.00034725133,-0.0063832393,0.0,0.0,0.0,0.0,0,45.156
859016000,859016000,0.99998415,0.0002063208,-0.00029518994,-0.0063805613,0.0,0.0,0.0,0.0,0,45.176
859036000,859036000,0.99998415,0.0001467134,-0.00024288689,-0.006377838,0.0,0.0,0.0,0.0,0,45.196
859056000,859056000,0.9999842,9.205331e-05,-0.00020836505,-0.006375243,0.0,0.0,0.0,0.0,0,45.216
859076000,859076000,0.9999842,4.1557523e-05,-0.00017222925,-0.006372834,0.0,0.0,0.0,0.0,0,45.236
859096000,859096000,0.99998426,-8.6453865e-06,-0.00012864263,-0.006370977,0.0,0.0,0.0,0.0,0,45.256
859116000,859116000,0.99998426,-5.688583e-05,-8.849091e-05,-0.006370122,0.0,0.0,0.0,0.0,0,45.276
859136000,859136000,0.99998426,-0.00010447104,-5.14025e-05,-0.0063705444,0.0,0.0,0.0,0.0,0,45.296
859156000,859156000,0.99998426,-0.00015361822,-1.7129682e-05,-0.006372089,0.0,0.0,0.0,0.0,0,45.316
859176000,859176000,0.9999842,-0.00020122605,2.8180795e-05,-0.0063739913,0.0,0.0,0.0,0.0,0,45.336
859196000,859196000,0.9999842,-0.0002463833,6.2134306e-05,-0.0063762907,0.0,0.0,0.0,0.0,0,45.356
859216000,859216000,0.99998415,-0.0002912877,8.7712346e-05,-0.006379162,0.0,0.0,0.0,0.0,0,45.376
859236000,859236000,0.99998415,-0.00033231633,0.000120408586,-0.0063824784,0.0,0.0,0.0,0.0,0,45.396
859256000,859256000,0.9999841,-0.00037260115,0.00015436676,-0.0063861106,0.0,0.0,0.0,0.0,0,45.416
859276000,859276000,0.999984,-0.0004196038,0.0001807669,-0.006390086,0.0,0.0,0.0,0.0,0,45.436
859296000,859296000,0.99998397,-0.0004704296,0.00020181999,-0.0063944673,0.0,0.0,0.0,0.0,0,45.456
859316000,859316000,0.9999839,-0.00051748345,0.00022472303,-0.006399326,0.0,0.0,0.0,0.0,0,45.476
859336000,859336000,0.99998385,-0.00056633475,0.00024381712,-0.0064044725,0.0,0.0,0.0,0.0,0,45.496
859356000,859356000,0.9999838,-0.0006183708,0.00025766212,-0.006409702,0.0,0.0,0.0,0.0,0,45.516
859376000,859376000,0.9999837,-0.0006733643,0.00026640517,-0.006414946,0.0,0.0,0.0,0.0,0,45.536
859396000,859396000,0.9999836,-0.00073109067,0.00027026358,-0.0064202747,0.0,0.0,0.0,0.0,0,45.556
859416000,859416000,0.99998355,-0.00078412663,0.00027766987,-0.006426223,0.0,0.0,0.0,0.0,0,45.576
859436000,859436000,0.9999835,-0.00083369255,0.00029263017,-0.0064329454,0.0,0.0,0.0,0.0,0,45.596
859456000,859456000,0.9999834,-0.0008883054,0.0002929284,-0.006440018,0.0,0.0,0.0,0.0,0,45.616
859476000,859476000,0.9999833,-0.00093652616,0.0002860151,-0.0064472933,0.0,0.0,0.0,0.0,0,45.636
859496000,859496000,0.9999832,-0.0009836229,0.0002936429,-0.006454242,0.0,0.0,0.0,0.0,0,45.656
859516000,859516000,0.99998313,-0.0010230619,0.00030071195,-0.0064606713,0.0,0.0,0.0,0.0,0,45.676
859536000,859536000,0.9999831,-0.0010563795,0.00028674435,-0.0064667026,0.0,0.0,0.0,0.0,0,45.696
859556000,859556000,0.99998295,-0.0010954492,0.000264351,-0.0064720833,0.0,0.0,0.0,0.0,0,45.716
859576000,859576000,0.9999829,-0.0011394497,0.00025847417,-0.006477265,0.0,0.0,0.0,0.0,0,45.736
859596000,859596000,0.99998283,-0.0011843377,0.00026088613,-0.006481964,0.0,0.0,0.0,0.0,0,45.756
859616000,859616000,0.9999827,-0.0012257671,0.0002445415,-0.0064860517,0.0,0.0,0.0,0.0,0,45.776
859636000,859636000,0.99998266,-0.0012600567,0.0002147813,-0.0064896815,0.0,0.0,0.0,0.0,0,45.796
859656000,859656000,0.9999826,-0.001293068,0.00019380706,-0.0064930334,0.0,0.0,0.0,0.0,0,45.816
859676000,859676000,0.99998254,-0.0013256364,0.00016792555,-0.006496246,0.0,0.0,0.0,0.0,0,45.836
859696000,859696000,0.9999825,-0.0013562118,0.00015153011,-0.006499345,0.0,0.0,0.0,0.0,0,45.856
859716000,859716000,0.9999824,-0.0013871407,0.0001464634,-0.0065020015,0.0,0.0,0.0,0.0,0,45.876
859736000,859736000,0.9999824,-0.0014082305,0.00013282041,-0.006503733,0.0,0.0,0.0,0.0,0,45.896
859756000,859756000,0.99998236,-0.001420669,0.000107393396,-0.0065045147,0.0,0.0,0.0,0.0,0,45.916
859776000,859776000,0.99998236,-0.0014350167,8.5707885e-05,-0.006504973,0.0,0.0,0.0,0.0,0,45.936
859796000,859796000,0.99998236,-0.0014458742,7.985122e-05,-0.006505736,0.0,0.0,0.0,0.0,0,45.956
859816000,859816000,0.9999823,-0.0014533332,7.63534e-05,-0.006507067,0.0,0.0,0.0,0.0,0,45.976
859836000,859836000,0.9999823,-0.001465698,6.254772e-05,-0.0065089543,0.0,0.0,0.0,0.0,0,45.996
859856000,859856000,0.99998224,-0.0014771728,5.771101e-05,-0.0065115006,0.0,0.0,0.0,0.0,0,46.016
859876000,859876000,0.99998224,-0.0014811844,6.433383e-05,-0.006514666,0.0,0.0,0.0,0.0,0,46.036
859896000,859896000,0.9999822,-0.0014856298,7.047836e-05,-0.0065186718,0.0,0.0,0.0,0.0,0,46.056
859916000,859916000,0.9999821,-0.0014999632,6.492607e-05,-0.0065236143,0.0,0.0,0.0,0.0,0,46.076
859936000,859936000,0.9999821,-0.0015105621,6.178981e-05,-0.0065294416,0.0,0.0,0.0,0.0,0,46.096
859956000,859956000,0.99998206,-0.0015171624,7.096624e-05,-0.006535531,0.0,0.0,0.0,0.0,0,46.116
859976000,859976000,0.999982,-0.0015229802,8.4642656e-05,-0.006541791,0.0,0.0,0.0,0.0,0,46.136
859996000,859996000,0.99998194,-0.001530262,9.651766e-05,-0.0065484885,0.0,0.0,0.0,0.0,0,46.156
860016000,860016000,0.9999819,-0.0015344165,0.000109254004,-0.006555459,0.0,0.0,0.0,0.0,0,46.176
860036000,860036000,0.9999818,-0.0015366077,0.00012084458,-0.006562603,0.0,0.0,0.0,0.0,0,46.196
860056000,860056000,0.99998176,-0.0015354863,0.00013219398,-0.006569892,0.0,0.0,0.0,0.0,0,46.216
860076000,860076000,0.99998176,-0.0015326674,0.00014150416,-0.006577294,0.0,0.0,0.0,0.0,0,46.236
860096000,860096000,0.9999817,-0.0015215599,0.0001551368,-0.0065854434,0.0,0.0,0.0,0.0,0,46.256
860116000,860116000,0.9999817,-0.001496265,0.00017884996,-0.006594152,0.0,0.0,0.0,0.0,0,46.276
860136000,860136000,0.99998164,-0.0014632107,0.00020618425,-0.006603025,0.0,0.0,0.0,0.0,0,46.296
860156000,860156000,0.99998164,-0.0014252112,0.00023436839,-0.006612132,0.0,0.0,0.0,0.0,0,46.316
860176000,860176000,0.99998164,-0.0013857493,0.00026138304,-0.006621326,0.0,0.0,0.0,0.0,0,46.336
860196000,860196000,0.9999816,-0.0013559957,0.0002867319,-0.006630615,0.0,0.0,0.0,0.0,0,46.356
860216000,860216000,0.9999816,-0.0013351997,0.00031821552,-0.0066400156,0.0,0.0,0.0,0.0,0,46.376
860236000,860236000,0.9999815,-0.0013182755,0.0003566346,-0.006649423,0.0,0.0,0.0,0.0,0,46.396
860256000,860256000,0.99998146,-0.001304866,0.0003943174,-0.0066589797,0.0,0.0,0.0,0.0,0,46.416
860276000,860276000,0.9999814,-0.0012992998,0.00042865856,-0.0066687725,0.0,0.0,0.0,0.0,0,46.436
860296000,860296000,0.99998134,-0.0012882744,0.00046093023,-0.006678545,0.0,0.0,0.0,0.0,0,46.456
860316000,860316000,0.9999813,-0.001268555,0.00049474457,-0.006688114,0.0,0.0,0.0,0.0,0,46.476
860336000,860336000,0.9999812,-0.0012410466,0.0005257205,-0.0066973083,0.0,0.0,0.0,0.0,0,46.496
860356000,860356000,0.99998116,-0.0012051478,0.00055890065,-0.006706145,0.0,0.0,0.0,0.0,0,46.516
860376000,860376000,0.99998116,-0.001169084,0.00060058496,-0.0067147617,0.0,0.0,0.0,0.0,0,46.536
860396000,860396000,0.9999811,-0.0011348508,0.0006268951,-0.0067233155,0.0,0.0,0.0,0.0,0,46.556
860416000,860416000,0.9999819,-0.0002439216,-4.3395673e-07,-0.006728505,0.0,0.0,0.0,0.0,0,46.576
860436000,860436000,0.9999691,0.0040786946,-0.0030036606,-0.006718796,0.0,0.0,0.0,0.0,0,46.596
860456000,860456000,0.9998942,0.011193615,-0.0071174786,-0.0066866465,0.0,0.0,0.0,0.0,0,46.616
860476000,860476000,0.9997331,0.019420832,-0.011035624,-0.006625015,0.0,0.0,0.0,0.0,0,46.636
860496000,860496000,0.9994772,0.028059874,-0.014977946,-0.0065383012,0.0,0.0,0.0,0.0,0,46.656
860516000,860516000,0.999124,0.036849137,-0.019007087,-0.0064251064,0.0,0.0,0.0,0.0,0,46.676
860536000,860536000,0.998686,0.045528244,-0.022871599,-0.00627982,0.0,0.0,0.0,0.0,0,46.696
860556000,860556000,0.998183,0.053892013,-0.026423493,-0.0060998774,0.0,0.0,0.0,0.0,0,46.716
860576000,860576000,0.99763775,0.061753854,-0.029662175,-0.005889689,0.0,0.0,0.0,0.0,0,46.736
860596000,860596000,0.9970708,0.069006264,-0.032636363,-0.005655028,0.0,0.0,0.0,0.0,0,46.756
860616000,860616000,0.9964999,0.07562347,-0.035341162,-0.005397086,0.0,0.0,0.0,0.0,0,46.776
860636000,860636000,0.9959402,0.081603095,-0.03777529,-0.005117804,0.0,0.0,0.0,0.0,0,46.796
860656000,860656000,0.9954004,0.08698329,-0.039972022,-0.0048206854,0.0,0.0,0.0,0.0,0,46.816
860676000,860676000,0.994888,0.091793984,-0.04195856,-0.0045089754,0.0,0.0,0.0,0.0,0,46.836
860696000,860696000,0.9944094,0.09606151,-0.04374586,-0.0041847057,0.0,0.0,0.0,0.0,0,46.856
860716000,860716000,0.99396735,0.09983863,-0.0453376,-0.0038484763,0.0,0.0,0.0,0.0,0,46.876
860736000,860736000,0.99356276,0.10316406,-0.04676598,-0.0035041918,0.0,0.0,0.0,0.0,0,46.896
860756000,860756000,0.99319553,0.1060777,-0.048054997,-0.0031548499,0.0,0.0,0.0,0.0,0,46.916
860776000,860776000,0.9928636,0.10863027,-0.04922046,-0.0028022188,0.0,0.0,0.0,0.0,0,46.936
860796000,860796000,0.992566,0.11085859,-0.05026203,-0.0024468587,0.0,0.0,0.0,0.0,0,46.956
860816000,860816000,0.99228835,0.11287667,-0.05125837,-0.0020916925,0.0,0.0,0.0,0.0,0,46.976
860836000,860836000,0.99192566,0.115378074,-0.052701607,-0.0017547432,0.0,0.0,0.0,0.0,0,46.996
860856000,860856000,0.99130654,0.11944425,-0.055239446,-0.0014481979,0.0,0.0,0.0,0.0,0,47.016
860876000,860876000,0.9902774,0.12591092,-0.05920174,-0.0011521823,0.0,0.0,0.0,0.0,0,47.036
860896000,860896000,0.9887894,0.13482246,-0.064240776,-0.0007972392,0.0,0.0,0.0,0.0,0,47.056
860916000,860916000,0.98694795,0.14527981,-0.06954502,-0.00031700532,0.0,0.0,0.0,0.0,0,47.076
860936000,860936000,0.9848936,0.15628952,-0.07461323,0.00030264372,0.0,0.0,0.0,0.0,0,47.096
860956000,860956000,0.9827679,0.16703346,-0.079215504,0.0010438433,0.0,0.0,0.0,0.0,0,47.116
860976000,860976000,0.98067296,0.17705323,-0.083296165,0.001881429,0.0,0.0,0.0,0.0,0,47.136
860996000,860996000,0.9786892,0.18609266,-0.08682314,0.0027974711,0.0,0.0,0.0,0.0,0,47.156
861016000,861016000,0.9768682,0.1940506,-0.0898205,0.0037739784,0.0,0.0,0.0,0.0,0,47.176
861036000,861036000,0.97525185,0.20087409,-0.09230107,0.0047977096,0.0,0.0,0.0,0.0,0,47.196
861056000,861056000,0.9738612,0.2065752,-0.09431809,0.0058517028,0.0,0.0,0.0,0.0,0,47.216
861076000,861076000,0.97271657,0.21115682,-0.0958982,0.0069231135,0.0,0.0,0.0,0.0,0,47.236
861096000,861096000,0.97182477,0.21466073,-0.09706923,0.008002321,0.0,0.0,0.0,0.0,0,47.256
861116000,861116000,0.9711883,0.21712364,-0.09786349,0.009078076,0.0,0.0,0.0,0.0,0,47.276
861136000,861136000,0.9708031,0.2185955,-0.09830344,0.010142455,0.0,0.0,0.0,0.0,0,47.296
861156000,861156000,0.9706592,0.21913083,-0.09841925,0.0111864,0.0,0.0,0.0,0.0,0,47.316
861176000,861176000,0.97074455,0.21878247,-0.09823147,0.012202434,0.0,0.0,0.0,0.0,0,47.336
861196000,861196000,0.9710427,0.21761549,-0.09774894,0.013186939,0.0,0.0,0.0,0.0,0,47.356
861216000,861216000,0.9715354,0.2156879,-0.09699019,0.014132988,0.0,0.0,0.0,0.0,0,47.376
861236000,861236000,0.9722048,0.21305135,-0.09596893,0.015034362,0.0,0.0,0.0,0.0,0,47.396
861256000,861256000,0.9730312,0.20976119,-0.0946955,0.015886754,0.0,0.0,0.0,0.0,0,47.416
861276000,861276000,0.9739917,0.20587859,-0.09319321,0.016683903,0.0,0.0,0.0,0.0,0,47.436
861296000,861296000,0.9750655,0.20145325,-0.0914849,0.017418707,0.0,0.0,0.0,0.0,0,47.456
861316000,861316000,0.97623324,0.19653997,-0.08956852,0.018090734,0.0,0.0,0.0,0.0,0,47.476
861336000,861336000,0.977478,0.19118029,-0.08744283,0.018698424,0.0,0.0,0.0,0.0,0,47.496
861356000,861356000,0.97878057,0.18541554,-0.085140035,0.01923412,0.0,0.0,0.0,0.0,0,47.516
861376000,861376000,0.9801255,0.17928784,-0.08265001,0.019698309,0.0,0.0,0.0,0.0,0,47.536
861396000,861396000,0.9814964,0.17283455,-0.07999172,0.020086216,0.0,0.0,0.0,0.0,0,47.556
861416000,861416000,0.98287857,0.16609578,-0.07716815,0.0203971,0.0,0.0,0.0,0.0,0,47.576
861436000,861436000,0.9842586,0.15910535,-0.07418932,0.020628856,0.0,0.0,0.0,0.0,0,47.596
861456000,861456000,0.9856209,0.1519092,-0.071080215,0.02077861,0.0,0.0,0.0,0.0,0,47.616
861476000,861476000,0.98695725,0.14452498,-0.06784145,0.020845937,0.0,0.0,0.0,0.0,0,47.636
861496000,861496000,0.98825353,0.13700329,-0.06450023,0.020829245,0.0,0.0,0.0,0.0,0,47.656
861516000,861516000,0.98950386,0.1293618,-0.061048713,0.020730432,0.0,0.0,0.0,0.0,0,47.676
861536000,861536000,0.99069774,0.12164054,-0.05751897,0.02054772,0.0,0.0,0.0,0.0,0,47.696
861556000,861556000,0.9918298,0.11386026,-0.053918377,0.020281954,0.0,0.0,0.0,0.0,0,47.716
861576000,861576000,0.9928953,0.106043056,-0.050254747,0.019935062,0.0,0.0,0.0,0.0,0,47.736
861596000,861596000,0.9938888,0.09821856,-0.04654712,0.019508917,0.0,0.0,0.0,0.0,0,47.756
861616000,861616000,0.994809,0.09039038,-0.042808488,0.019005038,0.0,0.0,0.0,0.0,0,47.776
861636000,861636000,0.9956517,0.08259918,-0.039045084,0.018427527,0.0,0.0,0.0,0.0,0,47.796
861656000,861656000,0.9964165,0.07485278,-0.035273872,0.017778862,0.0,0.0,0.0,0.0,0,47.816
861676000,861676000,0.99710155,0.067177214,-0.03152352,0.017062202,0.0,0.0,0.0,0.0,0,47.836
861696000,861696000,0.9977077,0.05958523,-0.027800096,0.016282035,0.0,0.0,0.0,0.0,0,47.856
861716000,861716000,0.998236,0.052100025,-0.024105422,0.015443792,0.0,0.0,0.0,0.0,0,47.876
861736000,861736000,0.99868804,0.044731893,-0.020460913,0.014552094,0.0,0.0,0.0,0.0,0,47.896
861756000,861756000,0.9990656,0.037507087,-0.016881889,0.013611932,0.0,0.0,0.0,0.0,0,47.916
861776000,861776000,0.99937224,0.03043323,-0.013361054,0.012629614,0.0,0.0,0.0,0.0,0,47.936
861796000,861796000,0.9996114,0.023516608,-0.009918811,0.011610574,0.0,0.0,0.0,0.0,0,47.956
861816000,861816000,0.9997868,0.016761139,-0.006559557,0.010560811,0.0,0.0,0.0,0.0,0,47.976
861836000,861836000,0.99990225,0.010187209,-0.0032897762,0.009485992,0.0,0.0,0.0,0.0,0,47.996
861856000,861856000,0.9999621,0.0038053223,-0.00011094227,0.008392033,0.0,0.0,0.0,0.0,0,48.016
861876000,861876000,0.9999708,-0.00238361,0.0029675136,0.0072843535,0.0,0.0,0.0,0.0,0,48.036
861896000,861896000,0.9999327,-0.008382312,0.0059454525,0.006168873,0.0,0.0,0.0,0.0,0,48.056
861916000,861916000,0.99985224,-0.014184955,0.00882335,0.0050516333,0.0,0.0,0.0,0.0,0,48.076
861936000,861936000,0.99973375,-0.01978927,0.0115921525,0.0039380295,0.0,0.0,0.0,0.0,0,48.096
861956000,861956000,0.9995817,-0.025182527,0.014260839,0.002833082,0.0,0.0,0.0,0.0,0,48.116
861976000,861976000,0.9994002,-0.03037051,0.016820043,0.0017422064,0.0,0.0,0.0,0.0,0,48.136
861996000,861996000,0.99919325,-0.03535596,0.01927473,0.0006701076,0.0,0.0,0.0,0.0,0,48.156
862016000,862016000,0.998965,-0.040134873,0.021611778,-0.00037795553,0.0,0.0,0.0,0.0,0,48.176
862036000,862036000,0.9987192,-0.044708386,0.023837073,-0.0013980434,0.0,0.0,0.0,0.0,0,48.196
862056000,862056000,0.99845976,-0.049067486,0.025959618,-0.0023872359,0.0,0.0,0.0,0.0,0,48.216
862076000,862076000,0.99818903,-0.05322739,0.027988987,-0.0033416126,0.0,0.0,0.0,0.0,0,48.236
862096000,862096000,0.9979109,-0.057185017,0.029909873,-0.0042568073,0.0,0.0,0.0,0.0,0,48.256
862116000,862116000,0.99762756,-0.06094942,0.031736977,-0.005130521,0.0,0.0,0.0,0.0,0,48.276
862136000,862136000,0.997342,-0.0645151,0.033470627,-0.005960176,0.0,0.0,0.0,0.0,0,48.296
862156000,862156000,0.99705666,-0.067894004,0.03510022,-0.0067421906,0.0,0.0,0.0,0.0,0,48.316
862176000,862176000,0.99677384,-0.071086556,0.036631014,-0.007474754,0.0,0.0,0.0,0.0,0,48.336
862196000,862196000,0.99649423,-0.07411343,0.03806642,-0.0081561925,0.0,0.0,0.0,0.0,0,48.356
862216000,862216000,0.9962206,-0.076963305,0.03940919,-0.0087853,0.0,0.0,0.0,0.0,0,48.376
862236000,862236000,0.99595386,-0.07964543,0.04066952,-0.009361797,0.0,0.0,0.0,0.0,0,48.396
862256000,862256000,0.9956973,-0.08214515,0.041838497,-0.009884802,0.0,0.0,0.0,0.0,0,48.416
862276000,862276000,0.99545056,-0.084487535,0.04291809,-0.01035323,0.0,0.0,0.0,0.0,0,48.436
862296000,862296000,0.99521536,-0.086664975,0.043916866,-0.010767914,0.0,0.0,0.0,0.0,0,48.456
862316000,862316000,0.99499214,-0.088688396,0.044836614,-0.011128673,0.0,0.0,0.0,0.0,0,48.476
862336000,862336000,0.99478304,-0.09054763,0.04567448,-0.011436485,0.0,0.0,0.0,0.0,0,48.496
862356000,862356000,0.99458706,-0.0922639,0.046436068,-0.011691896,0.0,0.0,0.0,0.0,0,48.516
862376000,862376000,0.99440503,-0.0938324,0.04713477,-0.011897347,0.0,0.0,0.0,0.0,0,48.536
862396000,862396000,0.9942379,-0.095259584,0.047754053,-0.01205211,0.0,0.0,0.0,0.0,0,48.556
862416000,862416000,0.9940867,-0.09653733,0.048305523,-0.012159374,0.0,0.0,0.0,0.0,0,48.576
862436000,862436000,0.9939509,-0.09767963,0.04878594,-0.012219642,0.0,0.0,0.0,0.0,0,48.596
862456000,862456000,0.9938302,-0.0986908,0.049203627,-0.01223521,0.0,0.0,0.0,0.0,0,48.616
862476000,862476000,0.9937245,-0.09957676,0.04955969,-0.012207943,0.0,0.0,0.0,0.0,0,48.636
862496000,862496000,0.9936342,-0.10033731,0.049851794,-0.012140246,0.0,0.0,0.0,0.0,0,48.656
862516000,862516000,0.99355894,-0.10097439,0.050090294,-0.012035652,0.0,0.0,0.0,0.0,0,48.676
862536000,862536000,0.9934985,-0.1014909,0.050278645,-0.011896919,0.0,0.0,0.0,0.0,0,48.696
862556000,862556000,0.9934529,-0.101889916,0.050411735,-0.01172573,0.0,0.0,0.0,0.0,0,48.716
862576000,862576000,0.9934218,-0.10217665,0.050491344,-0.011524018,0.0,0.0,0.0,0.0,0,48.736
862596000,862596000,0.9934036,-0.10236166,0.05052622,-0.0112944795,0.0,0.0,0.0,0.0,0,48.756
862616000,862616000,0.9933985,-0.10244506,0.050514124,-0.011039846,0.0,0.0,0.0,0.0,0,48.776
862636000,862636000,0.99340606,-0.10243295,0.050449215,-0.0107625,0.0,0.0,0.0,0.0,0,48.796
862656000,862656000,0.99342597,-0.10232739,0.0503346,-0.010464815,0.0,0.0,0.0,0.0,0,48.816
862676000,862676000,0.9934578,-0.10212791,0.05017506,-0.010150051,0.0,0.0,0.0,0.0,0,48.836
862696000,862696000,0.99350125,-0.10184027,0.049964502,-0.009819938,0.0,0.0,0.0,0.0,0,48.856
862716000,862716000,0.9935555,-0.101467945,0.049710024,-0.009477546,0.0,0.0,0.0,0.0,0,48.876
862736000,862736000,0.9936197,-0.101012446,0.049419384,-0.009126336,0.0,0.0,0.0,0.0,0,48.896
862756000,862756000,0.99369353,-0.1004752,0.04909309,-0.008768855,0.0,0.0,0.0,0.0,0,48.916
862776000,862776000,0.99377644,-0.09986318,0.048725575,-0.008406657,0.0,0.0,0.0,0.0,0,48.936
862796000,862796000,0.9938678,-0.099180534,0.048316434,-0.008041978,0.0,0.0,0.0,0.0,0,48.956
862816000,862816000,0.99396735,-0.09842325,0.047874313,-0.0076784226,0.0,0.0,0.0,0.0,0,48.976
862836000,862836000,0.9940739,-0.09759717,0.047406305,-0.0073184967,0.0,0.0,0.0,0.0,0,48.996
862856000,862856000,0.9941871,-0.09670714,0.04690755,-0.0069635496,0.0,0.0,0.0,0.0,0,49.016
862876000,862876000,0.99430615,-0.09575727,0.046380863,-0.0066156215,0.0,0.0,0.0,0.0,0,49.036
862896000,862896000,0.9944309,-0.09475088,0.04581721,-0.006275612,0.0,0.0,0.0,0.0,0,49.056
862916000,862916000,0.9945601,-0.09369234,0.045229245,-0.0059460793,0.0,0.0,0.0,0.0,0,49.076
862936000,862936000,0.9946945,-0.09257755,0.04460664,-0.00562824,0.0,0.0,0.0,0.0,0,49.096
862956000,862956000,0.9948332,-0.091405235,0.043963015,-0.0053248424,0.0,0.0,0.0,0.0,0,49.116
862976000,862976000,0.99497586,-0.09018003,0.0432937,-0.0050362414,0.0,0.0,0.0,0.0,0,49.136
862996000,862996000,0.9951211,-0.088913,0.042600695,-0.004762687,0.0,0.0,0.0,0.0,0,49.156
863016000,863016000,0.9952684,-0.08761033,0.04188142,-0.004505098,0.0,0.0,0.0,0.0,0,49.176
863036000,863036000,0.99541664,-0.086278975,0.041140568,-0.0042649675,0.0,0.0,0.0,0.0,0,49.196
863056000,863056000,0.9955669,-0.084906705,0.040374335,-0.004043496,0.0,0.0,0.0,0.0,0,49.216
863076000,863076000,0.9957181,-0.08350291,0.03958535,-0.0038412143,0.0,0.0,0.0,0.0,0,49.236
863096000,863096000,0.99587035,-0.082067944,0.03876681,-0.0036579466,0.0,0.0,0.0,0.0,0,49.256
863116000,863116000,0.9960226,-0.08060517,0.037930407,-0.0034953728,0.0,0.0,0.0,0.0,0,49.276
863136000,863136000,0.9961754,-0.07910433,0.037080117,-0.0033538754,0.0,0.0,0.0,0.0,0,49.296
863156000,863156000,0.99632674,-0.07758473,0.03622553,-0.0032330493,0.0,0.0,0.0,0.0,0,49.316
863176000,863176000,0.9964773,-0.0760391,0.03536068,-0.0031326204,0.0,0.0,0.0,0.0,0,49.336
863196000,863196000,0.9966262,-0.074474245,0.03449,-0.003052483,0.0,0.0,0.0,0.0,0,49.356
863216000,863216000,0.9967735,-0.07289061,0.03361068,-0.002992479,0.0,0.0,0.0,0.0,0,49.376
863236000,863236000,0.9969181,-0.07130602,0.03271373,-0.0029508476,0.0,0.0,0.0,0.0,0,49.396
863256000,863256000,0.9970604,-0.06970986,0.03180458,-0.002927927,0.0,0.0,0.0,0.0,0,49.416
863276000,863276000,0.9972,-0.068107866,0.030886747,-0.0029231207,0.0,0.0,0.0,0.0,0,49.436
863296000,863296000,0.9973371,-0.066496044,0.029956711,-0.0029358512,0.0,0.0,0.0,0.0,0,49.456
863316000,863316000,0.99747103,-0.064882785,0.029019393,-0.0029655495,0.0,0.0,0.0,0.0,0,49.476
863336000,863336000,0.9976012,-0.06327286,0.028077893,-0.0030113305,0.0,0.0,0.0,0.0,0,49.496
863356000,863356000,0.9977268,-0.06168197,0.027133064,-0.0030716374,0.0,0.0,0.0,0.0,0,49.516
863376000,863376000,0.99784887,-0.060095064,0.026181828,-0.0031454624,0.0,0.0,0.0,0.0,0,49.536
863396000,863396000,0.99796766,-0.05850575,0.02522559,-0.003232368,0.0,0.0,0.0,0.0,0,49.556
863416000,863416000,0.9980826,-0.05692004,0.024275683,-0.0033320712,0.0,0.0,0.0,0.0,0,49.576
863436000,863436000,0.99819386,-0.055335812,0.023328936,-0.0034427617,0.0,0.0,0.0,0.0,0,49.596
863456000,863456000,0.9983011,-0.053756762,0.022395138,-0.003563856,0.0,0.0,0.0,0.0,0,49.616
863476000,863476000,0.99840415,-0.052188724,0.021469625,-0.0036940393,0.0,0.0,0.0,0.0,0,49.636
863496000,863496000,0.998503,-0.050631672,0.020557215,-0.003832465,0.0,0.0,0.0,0.0,0,49.656
863516000,863516000,0.99859774,-0.0490834,0.019664668,-0.0039785756,0.0,0.0,0.0,0.0,0,49.676
863536000,863536000,0.9986884,-0.047546472,0.01878535,-0.004130453,0.0,0.0,0.0,0.0,0,49.696
863556000,863556000,0.9987754,-0.04601703,0.01790961,-0.0042871367,0.0,0.0,0.0,0.0,0,49.716
863576000,863576000,0.9988583,-0.04450486,0.017054208,-0.0044481144,0.0,0.0,0.0,0.0,0,49.736
863596000,863596000,0.998937,-0.04300826,0.016218124,-0.0046121795,0.0,0.0,0.0,0.0,0,49.756
863616000,863616000,0.9990117,-0.041530207,0.015398196,-0.004778396,0.0,0.0,0.0,0.0,0,49.776
863636000,863636000,0.99908274,-0.040066075,0.014594595,-0.004945671,0.0,0.0,0.0,0.0,0,49.796
863656000,863656000,0.99914986,-0.03862364,0.013811093,-0.0051131477,0.0,0.0,0.0,0.0,0,49.816
863676000,863676000,0.99921304,-0.03720553,0.01305009,-0.0052800137,0.0,0.0,0.0,0.0,0,49.836
863696000,863696000,0.999272,-0.035825502,0.012307563,-0.0054446165,0.0,0.0,0.0,0.0,0,49.856
863716000,863716000,0.99932766,-0.03446718,0.011572719,-0.0056058755,0.0,0.0,0.0,0.0,0,49.876
863736000,863736000,0.9993799,-0.033134345,0.01085418,-0.0057635773,0.0,0.0,0.0,0.0,0,49.896
863756000,863756000,0.99942875,-0.03182774,0.010164293,-0.0059175016,0.0,0.0,0.0,0.0,0,49.916
863776000,863776000,0.9994743,-0.030549841,0.009494913,-0.006066495,0.0,0.0,0.0,0.0,0,49.936
863796000,863796000,0.99951696,-0.029293828,0.008848019,-0.0062096776,0.0,0.0,0.0,0.0,0,49.956
863816000,863816000,0.99955666,-0.028064262,0.008230497,-0.0063468544,0.0,0.0,0.0,0.0,0,49.976
863836000,863836000,0.9995936,-0.02685883,0.0076358896,-0.0064772842,0.0,0.0,0.0,0.0,0,49.996
863856000,863856000,0.9996278,-0.025688462,0.0070601637,-0.0066005597,0.0,0.0,0.0,0.0,0,50.016
863876000,863876000,0.9996596,-0.024545657,0.006495688,-0.0067160935,0.0,0.0,0.0,0.0,0,50.036
863896000,863896000,0.99968886,-0.023438644,0.0059455326,-0.006823532,0.0,0.0,0.0,0.0,0,50.056
863916000,863916000,0.9997156,-0.022372587,0.0054190224,-0.0069229025,0.0,0.0,0.0,0.0,0,50.076
863936000,863936000,0.99973994,-0.02134992,0.0049156314,-0.00701388,0.0,0.0,0.0,0.0,0,50.096
863956000,863956000,0.9997625,-0.020352691,0.0044216337,-0.0070959814,0.0,0.0,0.0,0.0,0,50.116
863976000,863976000,0.9997831,-0.019387651,0.003941596,-0.007169136,0.0,0.0,0.0,0.0,0,50.136
863996000,863996000,0.9998022,-0.018448861,0.0034736726,-0.0072333557,0.0,0.0,0.0,0.0,0,50.156
864016000,864016000,0.9998196,-0.01754085,0.0030205715,-0.0072887763,0.0,0.0,0.0,0.0,0,50.176
864036000,864036000,0.9998355,-0.016662372,0.0025759262,-0.007335124,0.0,0.0,0.0,0.0,0,50.196
864056000,864056000,0.9998499,-0.015820721,0.0021381858,-0.00737268,0.0,0.0,0.0,0.0,0,50.216
864076000,864076000,0.999863,-0.015010945,0.0017163815,-0.0074014207,0.0,0.0,0.0,0.0,0,50.236
864096000,864096000,0.9998746,-0.014249351,0.0013294825,-0.0074215718,0.0,0.0,0.0,0.0,0,50.256
864116000,864116000,0.999885,-0.013522948,0.0009680799,-0.007433115,0.0,0.0,0.0,0.0,0,50.276
864136000,864136000,0.99989444,-0.012825004,0.0006250811,-0.0074361204,0.0,0.0,0.0,0.0,0,50.296
864156000,864156000,0.9999031,-0.012149786,0.00029692502,-0.0074306554,0.0,0.0,0.0,0.0,0,50.316
864176000,864176000,0.99991095,-0.011497268,-1.668697e-05,-0.0074168304,0.0,0.0,0.0,0.0,0,50.336
864196000,864196000,0.99991804,-0.010870493,-0.0003222509,-0.007395269,0.0,0.0,0.0,0.0,0,50.356
864216000,864216000,0.9999244,-0.010277413,-0.0006259334,-0.0073661786,0.0,0.0,0.0,0.0,0,50.376
864236000,864236000,0.9999302,-0.00970328,-0.000910393,-0.00733012,0.0,0.0,0.0,0.0,0,50.396
864256000,864256000,0.9999355,-0.009140503,-0.0011713273,-0.007287618,0.0,0.0,0.0,0.0,0,50.416
864276000,864276000,0.9999404,-0.008595188,-0.0014142072,-0.0072390935,0.0,0.0,0.0,0.0,0,50.436
864296000,864296000,0.9999448,-0.008071388,-0.0016383879,-0.0071852026,0.0,0.0,0.0,0.0,0,50.456
864316000,864316000,0.99994886,-0.0075626834,-0.0018504049,-0.0071260612,0.0,0.0,0.0,0.0,0,50.476
864336000,864336000,0.99995255,-0.0070625124,-0.0020566387,-0.0070618573,0.0,0.0,0.0,0.0,0,50.496
864356000,864356000,0.99995595,-0.0065798527,-0.0022474458,-0.0069929482,0.0,0.0,0.0,0.0,0,50.516
864376000,864376000,0.999959,-0.0061145723,-0.002422469,-0.006919722,0.0,0.0,0.0,0.0,0,50.536
864396000,864396000,0.99996173,-0.00567169,-0.0025870586,-0.0068430225,0.0,0.0,0.0,0.0,0,50.556
864416000,864416000,0.9999641,-0.0052508716,-0.0027428241,-0.0067636785,0.0,0.0,0.0,0.0,0,50.576
864436000,864436000,0.9999663,-0.004845348,-0.002882024,-0.006682038,0.0,0.0,0.0,0.0,0,50.596
864456000,864456000,0.99996835,-0.0044545387,-0.0030057782,-0.006598186,0.0,0.0,0.0,0.0,0,50.616
864476000,864476000,0.9999702,-0.004079305,-0.0031133608,-0.006512153,0.0,0.0,0.0,0.0,0,50.636
864496000,864496000,0.99997187,-0.0037178244,-0.0032047336,-0.0064241407,0.0,0.0,0.0,0.0,0,50.656
864516000,864516000,0.9999734,-0.0033657553,-0.003280594,-0.006335203,0.0,0.0,0.0,0.0,0,50.676
864536000,864536000,0.9999748,-0.003027314,-0.0033612398,-0.006245788,0.0,0.0,0.0,0.0,0,50.696
864556000,864556000,0.9999761,-0.0027018504,-0.0034307952,-0.006155857,0.0,0.0,0.0,0.0,0,50.716
864576000,864576000,0.9999773,-0.0023863974,-0.0034774086,-0.006065813,0.0,0.0,0.0,0.0,0,50.736
864596000,864596000,0.99997836,-0.002078209,-0.0035126319,-0.005975897,0.0,0.0,0.0,0.0,0,50.756
864616000,864616000,0.9999794,-0.0017763043,-0.003545858,-0.0058865733,0.0,0.0,0.0,0.0,0,50.776
864636000,864636000,0.9999803,-0.0014859941,-0.0035661708,-0.005798459,0.0,0.0,0.0,0.0,0,50.796
864656000,864656000,0.9999811,-0.0012079759,-0.0035715885,-0.0057117827,0.0,0.0,0.0,0.0,0,50.816
864676000,864676000,0.99998194,-0.0009455782,-0.0035615535,-0.0056269793,0.0,0.0,0.0,0.0,0,50.836
864696000,864696000,0.99998266,-0.00070933974,-0.0035473073,-0.005544701,0.0,0.0,0.0,0.0,0,50.856
864716000,864716000,0.99998325,-0.00049681595,-0.0035255475,-0.00546532,0.0,0.0,0.0,0.0,0,50.876
864736000,864736000,0.9999839,-0.00028475845,-0.0034954462,-0.0053891046,0.0,0.0,0.0,0.0,0,50.896
864756000,864756000,0.99998444,-8.024215e-05,-0.0034615158,-0.0053159557,0.0,0.0,0.0,0.0,0,50.916
864776000,864776000,0.9999849,0.00010618277,-0.0034212144,-0.0052458,0.0,0.0,0.0,0.0,0,50.936
864796000,864796000,0.9999854,0.00027874223,-0.0033734583,-0.0051789805,0.0,0.0,0.0,0.0,0,50.956
864816000,864816000,0.9999858,0.0004510167,-0.0033280572,-0.005115771,0.0,0.0,0.0,0.0,0,50.976
864836000,864836000,0.9999862,0.0006204344,-0.003283324,-0.0050559626,0.0,0.0,0.0,0.0,0,50.996
864856000,864856000,0.9999865,0.00078270206,-0.0032375667,-0.0049998793,0.0,0.0,0.0,0.0,0,51.016
864876000,864876000,0.99998677,0.00093889574,-0.0031908383,-0.0049477867,0.0,0.0,0.0,0.0,0,51.036
864896000,864896000,0.99998707,0.0010795698,-0.0031379517,-0.004899099,0.0,0.0,0.0,0.0,0,51.056
864916000,864916000,0.9999873,0.0012159446,-0.0030840705,-0.0048535173,0.0,0.0,0.0,0.0,0,51.076
864936000,864936000,0.9999874,0.0013456044,-0.0030452164,-0.0048111426,0.0,0.0,0.0,0.0,0,51.096
864956000,864956000,0.9999876,0.0014614159,-0.0030030278,-0.0047719297,0.0,0.0,0.0,0.0,0,51.116
864976000,864976000,0.9999878,0.001559517,-0.0029508783,-0.0047363564,0.0,0.0,0.0,0.0,0,51.136
864996000,864996000,0.99998796,0.0016304929,-0.0028967776,-0.004704569,0.0,0.0,0.0,0.0,0,51.156
865016000,865016000,0.99998814,0.0016779696,-0.0028439343,-0.004676202,0.0,0.0,0.0,0.0,0,51.176
865036000,865036000,0.99998844,0.0017120569,-0.002777189,-0.0046513514,0.0,0.0,0.0,0.0,0,51.196
865056000,865056000,0.9999887,0.0017412821,-0.0027028122,-0.004629584,0.0,0.0,0.0,0.0,0,51.216
865076000,865076000,0.9999889,0.0017592852,-0.0026378955,-0.004611035,0.0,0.0,0.0,0.0,0,51.236
865096000,865096000,0.99998915,0.0017599873,-0.0025763428,-0.00459602,0.0,0.0,0.0,0.0,0,51.256
865116000,865116000,0.9999894,0.0017485033,-0.002491902,-0.0045841993,0.0,0.0,0.0,0.0,0,51.276
865136000,865136000,0.9999897,0.0017321463,-0.00239613,-0.0045756144,0.0,0.0,0.0,0.0,0,51.296
865156000,865156000,0.99999,0.0017049585,-0.0023063058,-0.0045701303,0.0,0.0,0.0,0.0,0,51.316
865176000,865176000,0.9999903,0.0016662156,-0.0022201722,-0.004567644,0.0,0.0,0.0,0.0,0,51.336
865196000,865196000,0.9999906,0.0016213445,-0.0021200066,-0.0045682634,0.0,0.0,0.0,0.0,0,51.356
865216000,865216000,0.9999908,0.0015679433,-0.0020109545,-0.0045717275,0.0,0.0,0.0,0.0,0,51.376
865236000,865236000,0.9999911,0.0014993303,-0.0019014481,-0.0045779995,0.0,0.0,0.0,0.0,0,51.396
865256000,865256000,0.9999914,0.0014288552,-0.0017940508,-0.004586947,0.0,0.0,0.0,0.0,0,51.416
865276000,865276000,0.99999166,0.0013495663,-0.0016758393,-0.0045984094,0.0,0.0,0.0,0.0,0,51.436
865296000,865296000,0.9999919,0.0012573913,-0.00155366,-0.004611698,0.0,0.0,0.0,0.0,0,51.456
865316000,865316000,0.99999213,0.0011623356,-0.0014366992,-0.0046267067,0.0,0.0,0.0,0.0,0,51.476
865336000,865336000,0.9999923,0.0010710421,-0.0013171576,-0.0046432745,0.0,0.0,0.0,0.0,0,51.496
865356000,865356000,0.9999925,0.00097572466,-0.0012015062,-0.0046610814,0.0,0.0,0.0,0.0,0,51.516
865376000,865376000,0.9999926,0.000873271,-0.0010913827,-0.0046802005,0.0,0.0,0.0,0.0,0,51.536
865396000,865396000,0.9999927,0.0007647388,-0.000984837,-0.0047004297,0.0,0.0,0.0,0.0,0,51.556
865416000,865416000,0.9999928,0.00065494655,-0.00087916036,-0.0047216723,0.0,0.0,0.0,0.0,0,51.576
865436000,865436000,0.99999285,0.0005399702,-0.000772656,-0.004743807,0.0,0.0,0.0,0.0,0,51.596
865456000,865456000,0.9999929,0.0004176331,-0.0006562061,-0.0047667213,0.0,0.0,0.0,0.0,0,51.616
865476000,865476000,0.9999929,0.00028273632,-0.0005436982,-0.004790406,0.0,0.0,0.0,0.0,0,51.636
865496000,865496000,0.99999285,0.00014370734,-0.00043213708,-0.0048147044,0.0,0.0,0.0,0.0,0,51.656
865516000,865516000,0.9999928,7.020679e-06,-0.0003076767,-0.0048393607,0.0,0.0,0.0,0.0,0,51.676
865536000,865536000,0.99999267,-0.00013460749,-0.00017759792,-0.0048645614,0.0,0.0,0.0,0.0,0,51.696
865556000,865556000,0.99999255,-0.00028574953,-5.1089504e-05,-0.004890305,0.0,0.0,0.0,0.0,0,51.716
865576000,865576000,0.9999924,-0.00044958864,6.499339e-05,-0.0049166954,0.0,0.0,0.0,0.0,0,51.736
865596000,865596000,0.99999213,-0.0006200182,0.00017715766,-0.0049436456,0.0,0.0,0.0,0.0,0,51.756
865616000,865616000,0.99999183,-0.0007875661,0.0003078505,-0.0049704746,0.0,0.0,0.0,0.0,0,51.776
865636000,865636000,0.99999154,-0.00095288124,0.0004477982,-0.004996661,0.0,0.0,0.0,0.0,0,51.796
865656000,865656000,0.9999912,-0.0011124332,0.00057176733,-0.005022235,0.0,0.0,0.0,0.0,0,51.816
865676000,865676000,0.99999076,-0.0012676733,0.00068233063,-0.0050464286,0.0,0.0,0.0,0.0,0,51.836
865696000,865696000,0.9999904,-0.0014238976,0.00079291017,-0.0050690025,0.0,0.0,0.0,0.0,0,51.856
865716000,865716000,0.9999899,-0.0015788091,0.0009139087,-0.005090388,0.0,0.0,0.0,0.0,0,51.876
865736000,865736000,0.99998945,-0.0017188753,0.0010387508,-0.0051105293,0.0,0.0,0.0,0.0,0,51.896
865756000,865756000,0.99998903,-0.001845633,0.0011608866,-0.0051291212,0.0,0.0,0.0,0.0,0,51.916
865776000,865776000,0.99998856,-0.001968337,0.0012817574,-0.005146232,0.0,0.0,0.0,0.0,0,51.936
865796000,865796000,0.9999881,-0.0020926993,0.0014029711,-0.0051619844,0.0,0.0,0.0,0.0,0,51.956
865816000,865816000,0.99998754,-0.0022085202,0.0015146433,-0.005176653,0.0,0.0,0.0,0.0,0,51.976
865836000,865836000,0.99998707,-0.0023147408,0.0016293911,-0.005190273,0.0,0.0,0.0,0.0,0,51.996
865856000,865856000,0.9999866,-0.0024082107,0.0017421922,-0.0052027223,0.0,0.0,0.0,0.0,0,52.016
865876000,865876000,0.9999861,-0.002493632,0.001854202,-0.005213899,0.0,0.0,0.0,0.0,0,52.036
865896000,865896000,0.99998564,-0.0025739395,0.0019675493,-0.005223791,0.0,0.0,0.0,0.0,0,52.056
865916000,865916000,0.9999852,-0.002643604,0.0020756174,-0.005232457,0.0,0.0,0.0,0.0,0,52.076
865936000,865936000,0.9999848,-0.0026964466,0.0021723316,-0.0052401,0.0,0.0,0.0,0.0,0,52.096
865956000,865956000,0.99998444,-0.002739838,0.0022647425,-0.005246945,0.0,0.0,0.0,0.0,0,52.116
865976000,865976000,0.9999841,-0.0027797448,0.0023591532,-0.0052534626,0.0,0.0,0.0,0.0,0,52.136
865996000,865996000,0.9999837,-0.0028166778,0.002454299,-0.005259919,0.0,0.0,0.0,0.0,0,52.156
866016000,866016000,0.99998343,-0.0028504226,0.0025358717,-0.00526609,0.0,0.0,0.0,0.0,0,52.176
866036000,866036000,0.99998313,-0.002878054,0.0026055307,-0.005271898,0.0,0.0,0.0,0.0,0,52.196
866056000,866056000,0.99998283,-0.0029059558,0.0026760362,-0.0052773133,0.0,0.0,0.0,0.0,0,52.216
866076000,866076000,0.99998254,-0.0029323413,0.002748362,-0.0052824854,0.0,0.0,0.0,0.0,0,52.236
866096000,866096000,0.9999823,-0.0029483037,0.0028148259,-0.005286967,0.0,0.0,0.0,0.0,0,52.256
866116000,866116000,0.99998206,-0.002953521,0.0028656186,-0.00529134,0.0,0.0,0.0,0.0,0,52.276
866136000,866136000,0.99998194,-0.002953995,0.0029021695,-0.0052956627,0.0,0.0,0.0,0.0,0,52.296
866156000,866156000,0.9999819,-0.0029496267,0.002932702,-0.0052999468,0.0,0.0,0.0,0.0,0,52.316
866176000,866176000,0.99998176,-0.0029402734,0.002960903,-0.005304207,0.0,0.0,0.0,0.0,0,52.336
866196000,866196000,0.9999817,-0.0029257224,0.0029884104,-0.005308452,0.0,0.0,0.0,0.0,0,52.356
866216000,866216000,0.9999817,-0.0029026212,0.0030125692,-0.0053122435,0.0,0.0,0.0,0.0,0,52.376
866236000,866236000,0.9999817,-0.002866129,0.0030285548,-0.005315803,0.0,0.0,0.0,0.0,0,52.396
866256000,866256000,0.9999818,-0.0028230438,0.00303764,-0.005319413,0.0,0.0,0.0,0.0,0,52.416
866276000,866276000,0.9999819,-0.0027745194,0.003043058,-0.005323028,0.0,0.0,0.0,0.0,0,52.436
866296000,866296000,0.99998206,-0.0027266382,0.003038541,-0.005326759,0.0,0.0,0.0,0.0,0,52.456
866316000,866316000,0.9999822,-0.0026800798,0.003020887,-0.0053305333,0.0,0.0,0.0,0.0,0,52.476
866336000,866336000,0.99998236,-0.0026304193,0.002998242,-0.0053342367,0.0,0.0,0.0,0.0,0,52.496
866356000,866356000,0.9999826,-0.0025784594,0.0029711134,-0.005337839,0.0,0.0,0.0,0.0,0,52.516
866376000,866376000,0.9999828,-0.002520614,0.0029359648,-0.0053416085,0.0,0.0,0.0,0.0,0,52.536
866396000,866396000,0.9999831,-0.0024603207,0.0028831519,-0.0053453334,0.0,0.0,0.0,0.0,0,52.556
866416000,866416000,0.9999834,-0.0023964215,0.0028277764,-0.0053489334,0.0,0.0,0.0,0.0,0,52.576
866436000,866436000,0.99998367,-0.0023308531,0.0027630152,-0.005352191,0.0,0.0,0.0,0.0,0,52.596
866456000,866456000,0.999984,-0.0022574016,0.0026871304,-0.00535517,0.0,0.0,0.0,0.0,0,52.616
866476000,866476000,0.99998444,-0.002181545,0.0025979024,-0.005357482,0.0,0.0,0.0,0.0,0,52.636
866496000,866496000,0.99998486,-0.0020946627,0.0025154296,-0.0053595053,0.0,0.0,0.0,0.0,0,52.656
866516000,866516000,0.9999852,-0.0019900708,0.00243238,-0.005361402,0.0,0.0,0.0,0.0,0,52.676
866536000,866536000,0.99998564,-0.0018891826,0.0023428032,-0.00536309,0.0,0.0,0.0,0.0,0,52.696
866556000,866556000,0.99998605,-0.0017858413,0.0022556095,-0.005364255,0.0,0.0,0.0,0.0,0,52.716
866576000,866576000,0.9999864,-0.0016697705,0.0021737535,-0.0053651566,0.0,0.0,0.0,0.0,0,52.736
866596000,866596000,0.99998677,-0.0015511955,0.0020936523,-0.0053661796,0.0,0.0,0.0,0.0,0,52.756
866616000,866616000,0.9999871,-0.001431263,0.0020103613,-0.0053669265,0.0,0.0,0.0,0.0,0,52.776
866636000,866636000,0.9999874,-0.001307297,0.0019238252,-0.005367714,0.0,0.0,0.0,0.0,0,52.796
866656000,866656000,0.9999878,-0.001177147,0.0018365763,-0.0053685736,0.0,0.0,0.0,0.0,0,52.816
866676000,866676000,0.999988,-0.0010477905,0.0017560305,-0.0053693224,0.0,0.0,0.0,0.0,0,52.836
866696000,866696000,0.9999883,-0.0009179153,0.0016814462,-0.0053698644,0.0,0.0,0.0,0.0,0,52.856
866716000,866716000,0.9999885,-0.0007900775,0.0016150413,-0.0053697485,0.0,0.0,0.0,0.0,0,52.876
866736000,866736000,0.9999887,-0.0006646657,0.0015575074,-0.0053691813,0.0,0.0,0.0,0.0,0,52.896
866756000,866756000,0.99998885,-0.0005440443,0.0015086901,-0.0053683966,0.0,0.0,0.0,0.0,0,52.916
866776000,866776000,0.999989,-0.00042293145,0.001457533,-0.0053674043,0.0,0.0,0.0,0.0,0,52.936
866796000,866796000,0.99998915,-0.00030653595,0.0013928097,-0.005366122,0.0,0.0,0.0,0.0,0,52.956
866816000,866816000,0.9999893,-0.000185947,0.0013272617,-0.005364616,0.0,0.0,0.0,0.0,0,52.976
866836000,866836000,0.9999894,-5.6527013e-05,0.0012617185,-0.0053631137,0.0,0.0,0.0,0.0,0,52.996
866856000,866856000,0.99998945,8.121636e-05,0.0011944956,-0.005361529,0.0,0.0,0.0,0.0,0,53.016
866876000,866876000,0.9999895,0.00021831023,0.0011270122,-0.0053601186,0.0,0.0,0.0,0.0,0,53.036
866896000,866896000,0.99998957,0.00034560298,0.0010510939,-0.005358875,0.0,0.0,0.0,0.0,0,53.056
866916000,866916000,0.9999896,0.000466121,0.0009843033,-0.0053576147,0.0,0.0,0.0,0.0,0,53.076
866936000,866936000,0.9999896,0.00058248336,0.0009302531,-0.005356374,0.0,0.0,0.0,0.0,0,53.096
866956000,866956000,0.9999896,0.00069390115,0.0008634399,-0.005355108,0.0,0.0,0.0,0.0,0,53.116
866976000,866976000,0.99998957,0.00080149155,0.00078179844,-0.0053539565,0.0,0.0,0.0,0.0,0,53.136
866996000,866996000,0.99998957,0.00090818515,0.0007101589,-0.005353255,0.0,0.0,0.0,0.0,0,53.156
867016000,867016000,0.9999895,0.0010127358,0.0006487777,-0.0053529437,0.0,0.0,0.0,0.0,0,53.176
867036000,867036000,0.99998945,0.00111918,0.0005811013,-0.0053525395,0.0,0.0,0.0,0.0,0,53.196
867056000,867056000,0.99998933,0.0012192804,0.0005078976,-0.0053522666,0.0,0.0,0.0,0.0,0,53.216
867076000,867076000,0.9999893,0.00131855,0.00044623448,-0.0053519774,0.0,0.0,0.0,0.0,0,53.236
867096000,867096000,0.99998915,0.001421205,0.0003754536,-0.00535168,0.0,0.0,0.0,0.0,0,53.256
867116000,867116000,0.99998903,0.0015280364,0.00030147657,-0.005351647,0.0,0.0,0.0,0.0,0,53.276
867136000,867136000,0.99998885,0.0016333143,0.00023818451,-0.005352384,0.0,0.0,0.0,0.0,0,53.296
867156000,867156000,0.99998873,0.0017287802,0.00018271127,-0.005353549,0.0,0.0,0.0,0.0,0,53.316
867176000,867176000,0.99998856,0.0018190363,0.00012356916,-0.0053552873,0.0,0.0,0.0,0.0,0,53.336
867196000,867196000,0.9999884,0.0019125402,7.432909e-05,-0.005357639,0.0,0.0,0.0,0.0,0,53.356
867216000,867216000,0.9999882,0.002003989,3.4462533e-05,-0.0053605405,0.0,0.0,0.0,0.0,0,53.376
867236000,867236000,0.99998796,0.0020912087,-1.7728084e-05,-0.0053640716,0.0,0.0,0.0,0.0,0,53.396
867256000,867256000,0.9999878,0.0021722019,-8.3283274e-05,-0.0053681345,0.0,0.0,0.0,0.0,0,53.416
867276000,867276000,0.99998754,0.002254178,-0.00013666945,-0.0053725024,0.0,0.0,0.0,0.0,0,53.436
867296000,867296000,0.99998736,0.0023418115,-0.00017791694,-0.005377253,0.0,0.0,0.0,0.0,0,53.456
867316000,867316000,0.99998707,0.002431441,-0.00021943406,-0.0053823614,0.0,0.0,0.0,0.0,0,53.476
867336000,867336000,0.9999868,0.0025139234,-0.00026118278,-0.005387317,0.0,0.0,0.0,0.0,0,53.496
867356000,867356000,0.9999866,0.0025911622,-0.00030377865,-0.0053922744,0.0,0.0,0.0,0.0,0,53.516
867376000,867376000,0.99998635,0.0026673316,-0.00034663908,-0.00539688,0.0,0.0,0.0,0.0,0,53.536
867396000,867396000,0.9999862,0.0027376607,-0.00038238842,-0.0054009035,0.0,0.0,0.0,0.0,0,53.556
867416000,867416000,0.99998593,0.0028022605,-0.00041034535,-0.0054042833,0.0,0.0,0.0,0.0,0,53.576
867432000,867432000,0.99998575,0.0028510366,-0.00042797416,-0.0054067294,0.0,0.0,0.0,0.0,0,53.592
867452000,867452000,0.9999856,0.0029080505,-0.00044537603,-0.005409412,0.0,0.0,0.0,0.0,0,53.612
867472000,867472000,0.99998546,0.0029519005,-0.00045878434,-0.005411672,0.0,0.0,0.0,0.0,0,53.632
867492000,867492000,0.99998534,0.0029862672,-0.00046905794,-0.005413904,0.0,0.0,0.0,0.0,0,53.652
867512000,867512000,0.9999852,0.0030102213,-0.00048700496,-0.0054165693,0.0,0.0,0.0,0.0,0,53.672
867532000,867532000,0.99998516,0.0030250242,-0.00049813837,-0.005419011,0.0,0.0,0.0,0.0,0,53.692
867552000,867552000,0.9999851,0.0030352646,-0.00049738545,-0.0054211956,0.0,0.0,0.0,0.0,0,53.712
867572000,867572000,0.9999851,0.0030412716,-0.0005048595,-0.0054232697,0.0,0.0,0.0,0.0,0,53.732
867592000,867592000,0.9999851,0.0030315183,-0.00051836367,-0.0054249433,0.0,0.0,0.0,0.0,0,53.752
867612000,867612000,0.99998516,0.003005404,-0.00052458583,-0.0054261917,0.0,0.0,0.0,0.0,0,53.772
867632000,867632000,0.9999853,0.002971605,-0.00052806415,-0.005427102,0.0,0.0,0.0,0.0,0,53.792
867652000,867652000,0.99998534,0.0029348927,-0.0005445111,-0.0054279333,0.0,0.0,0.0,0.0,0,53.812
867672000,867672000,0.99998546,0.0028922465,-0.00055497506,-0.005429124,0.0,0.0,0.0,0.0,0,53.832
867692000,867692000,0.99998564,0.0028323643,-0.00056369277,-0.005430377,0.0,0.0,0.0,0.0,0,53.852
867712000,867712000,0.9999858,0.0027541963,-0.00057573715,-0.0054316497,0.0,0.0,0.0,0.0,0,53.872
867732000,867732000,0.99998605,0.0026741354,-0.00059213256,-0.0054331096,0.0,0.0,0.0,0.0,0,53.892
867752000,867752000,0.99998623,0.002593458,-0.00060382404,-0.0054348544,0.0,0.0,0.0,0.0,0,53.912
867772000,867772000,0.99998647,0.002496198,-0.0006130471,-0.0054366738,0.0,0.0,0.0,0.0,0,53.932
867792000,867792000,0.9999867,0.0023947156,-0.0006315813,-0.005438693,0.0,0.0,0.0,0.0,0,53.952
867812000,867812000,0.9999869,0.0023009581,-0.0006479052,-0.005440812,0.0,0.0,0.0,0.0,0,53.972
867832000,867832000,0.99998707,0.0022071893,-0.0006519827,-0.0054430566,0.0,0.0,0.0,0.0,0,53.992
867852000,867852000,0.9999873,0.002108404,-0.00066482084,-0.0054452913,0.0,0.0,0.0,0.0,0,54.012
867872000,867872000,0.9999875,0.0020031496,-0.00067363126,-0.0054477304,0.0,0.0,0.0,0.0,0,54.032
867892000,867892000,0.99998766,0.0018983545,-0.0006808076,-0.005450385,0.0,0.0,0.0,0.0,0,54.052
867912000,867912000,0.99998784,0.001787153,-0.000695405,-0.005453221,0.0,0.0,0.0,0.0,0,54.072
867932000,867932000,0.999988,0.0016609537,-0.0007055303,-0.00545636,0.0,0.0,0.0,0.0,0,54.092
867952000,867952000,0.9999882,0.00153328,-0.00071161933,-0.0054598544,0.0,0.0,0.0,0.0,0,54.112
867972000,867972000,0.9999884,0.0014108699,-0.00072815485,-0.0054637482,0.0,0.0,0.0,0.0,0,54.132
867992000,867992000,0.9999885,0.0012838516,-0.0007424657,-0.00546829,0.0,0.0,0.0,0.0,0,54.152
868012000,868012000,0.9999886,0.0011558736,-0.00075847324,-0.005473302,0.0,0.0,0.0,0.0,0,54.172
868032000,868032000,0.99998873,0.0010308669,-0.000777918,-0.0054787784,0.0,0.0,0.0,0.0,0,54.192
868052000,868052000,0.9999888,0.0009004686,-0.00079154765,-0.0054845978,0.0,0.0,0.0,0.0,0,54.212
868072000,868072000,0.99998885,0.00077310257,-0.000808922,-0.005490673,0.0,0.0,0.0,0.0,0,54.232
868092000,868092000,0.9999889,0.0006493748,-0.0008306116,-0.0054967296,0.0,0.0,0.0,0.0,0,54.252
868112000,868112000,0.9999889,0.00052789325,-0.00085549825,-0.0055027506,0.0,0.0,0.0,0.0,0,54.272
868132000,868132000,0.9999889,0.0004089458,-0.0008836128,-0.0055088266,0.0,0.0,0.0,0.0,0,54.292
868152000,868152000,0.99998885,0.00029273637,-0.00091545004,-0.0055148676,0.0,0.0,0.0,0.0,0,54.312
868172000,868172000,0.99998885,0.00017739384,-0.0009487918,-0.0055209645,0.0,0.0,0.0,0.0,0,54.332
868192000,868192000,0.9999888,6.465253e-05,-0.0009820542,-0.0055272374,0.0,0.0,0.0,0.0,0,54.352
868212000,868212000,0.99998873,-4.2121694e-05,-0.0010125856,-0.005533843,0.0,0.0,0.0,0.0,0,54.372
868232000,868232000,0.9999887,-0.00013793625,-0.0010363735,-0.0055408003,0.0,0.0,0.0,0.0,0,54.392
868252000,868252000,0.99998856,-0.00022715477,-0.0010570745,-0.0055478406,0.0,0.0,0.0,0.0,0,54.412
868272000,868272000,0.9999885,-0.00030914473,-0.0010746166,-0.0055553615,0.0,0.0,0.0,0.0,0,54.432
868292000,868292000,0.99998844,-0.0003786316,-0.001083168,-0.0055632587,0.0,0.0,0.0,0.0,0,54.452
868312000,868312000,0.9999883,-0.00043907602,-0.001086586,-0.005571434,0.0,0.0,0.0,0.0,0,54.472
868332000,868332000,0.99998826,-0.00049370114,-0.0010860146,-0.0055795084,0.0,0.0,0.0,0.0,0,54.492
868352000,868352000,0.9999882,-0.00055025757,-0.0010792859,-0.005587286,0.0,0.0,0.0,0.0,0,54.512
868372000,868372000,0.9999864,-0.00049967394,-0.002203442,-0.005586243,0.0,0.0,0.0,0.0,0,54.532
868392000,868392000,0.9999262,0.00026069183,-0.011214237,-0.005554992,0.0,0.0,0.0,0.0,0,54.552
868412000,868412000,0.9995562,0.0018414274,-0.029379422,-0.0054813293,0.0,0.0,0.0,0.0,0,54.572
868432000,868432000,0.99857205,0.0040130676,-0.05308635,-0.00535874,0.0,0.0,0.0,0.0,0,54.592
868452000,868452000,0.99686074,0.006580225,-0.078788266,-0.0051783198,0.0,0.0,0.0,0.0,0,54.612
868472000,868472000,0.99445724,0.009295769,-0.104657054,-0.0049398597,0.0,0.0,0.0,0.0,0,54.632
868492000,868492000,0.991453,0.012125761,-0.12985234,-0.0046320567,0.0,0.0,0.0,0.0,0,54.652
868512000,868512000,0.98796785,0.014957509,-0.15390514,-0.0042564906,0.0,0.0,0.0,0.0,0,54.672
868532000,868532000,0.98415005,0.017693453,-0.17643727,-0.0038168624,0.0,0.0,0.0,0.0,0,54.692
868552000,868552000,0.98014975,0.020320738,-0.19720976,-0.0033081104,0.0,0.0,0.0,0.0,0,54.712
868572000,868572000,0.97609746,0.022764394,-0.2161413,-0.002740454,0.0,0.0,0.0,0.0,0,54.732
868592000,868592000,0.97210276,0.025031164,-0.2332258,-0.0021119192,0.0,0.0,0.0,0.0,0,54.752
868612000,868612000,0.96823466,0.027098302,-0.24858472,-0.0014302479,0.0,0.0,0.0,0.0,0,54.772
868632000,868632000,0.9645473,0.028965134,-0.2623323,-0.000700083,0.0,0.0,0.0,0.0,0,54.792
868652000,868652000,0.9610811,0.030630082,-0.27457982,7.30362e-05,0.0,0.0,0.0,0.0,0,54.812
868672000,868672000,0.9578591,0.032092363,-0.28545472,0.00088196574,0.0,0.0,0.0,0.0,0,54.832
868692000,868692000,0.95489055,0.033364125,-0.29508823,0.001722575,0.0,0.0,0.0,0.0,0,54.852
868712000,868712000,0.9521751,0.03444414,-0.3036094,0.002586177,0.0,0.0,0.0,0.0,0,54.872
868732000,868732000,0.94970196,0.035365943,-0.3111471,0.0034743391,0.0,0.0,0.0,0.0,0,54.892
868752000,868752000,0.94746083,0.03612728,-0.3178092,0.0043777362,0.0,0.0,0.0,0.0,0,54.912
868772000,868772000,0.9454384,0.036745172,-0.32369304,0.0052932655,0.0,0.0,0.0,0.0,0,54.932
868792000,868792000,0.94362265,0.037232373,-0.32887766,0.0062168124,0.0,0.0,0.0,0.0,0,54.952
868812000,868812000,0.9419933,0.037613813,-0.33345437,0.0071478155,0.0,0.0,0.0,0.0,0,54.972
868832000,868832000,0.9405345,0.037887227,-0.3374957,0.0080777425,0.0,0.0,0.0,0.0,0,54.992
868852000,868852000,0.9392301,0.038071103,-0.3410651,0.00900462,0.0,0.0,0.0,0.0,0,55.012
868872000,868872000,0.9380691,0.038184967,-0.3442075,0.009928022,0.0,0.0,0.0,0.0,0,55.032
868892000,868892000,0.93704015,0.03824022,-0.34696525,0.010845236,0.0,0.0,0.0,0.0,0,55.052
868912000,868912000,0.9361211,0.03824531,-0.34940746,0.011751911,0.0,0.0,0.0,0.0,0,55.072
868932000,868932000,0.9353019,0.03820294,-0.35156807,0.012642823,0.0,0.0,0.0,0.0,0,55.092
868952000,868952000,0.9345782,0.03813501,-0.35346237,0.013520677,0.0,0.0,0.0,0.0,0,55.112
868972000,868972000,0.9339385,0.03804667,-0.35512483,0.014381434,0.0,0.0,0.0,0.0,0,55.132
868992000,868992000,0.93337446,0.037944518,-0.3565806,0.015222713,0.0,0.0,0.0,0.0,0,55.152
869012000,869012000,0.9328786,0.037848197,-0.35785002,0.016047226,0.0,0.0,0.0,0.0,0,55.172
869032000,869032000,0.93244326,0.037763003,-0.35895494,0.016852405,0.0,0.0,0.0,0.0,0,55.192
869052000,869052000,0.93206185,0.037683748,-0.3599151,0.017632876,0.0,0.0,0.0,0.0,0,55.212
869072000,869072000,0.9317303,0.03761649,-0.3607419,0.018387854,0.0,0.0,0.0,0.0,0,55.232
869092000,869092000,0.93144226,0.037574384,-0.36145124,0.019119652,0.0,0.0,0.0,0.0,0,55.252
869112000,869112000,0.93119365,0.03756568,-0.36205405,0.019828627,0.0,0.0,0.0,0.0,0,55.272
869132000,869132000,0.9309791,0.037602585,-0.36256334,0.020517481,0.0,0.0,0.0,0.0,0,55.292
869152000,869152000,0.9307943,0.037686735,-0.36299026,0.021185199,0.0,0.0,0.0,0.0,0,55.312
869172000,869172000,0.93064034,0.037806395,-0.3633345,0.021826988,0.0,0.0,0.0,0.0,0,55.332
869192000,869192000,0.9305875,0.037955243,-0.36341655,0.022448137,0.0,0.0,0.0,0.0,0,55.352
869212000,869212000,0.9307866,0.038101103,-0.3628529,0.023054164,0.0,0.0,0.0,0.0,0,55.372
869232000,869232000,0.931346,0.038210213,-0.36136502,0.02364444,0.0,0.0,0.0,0.0,0,55.392
869252000,869252000,0.93229336,0.038256377,-0.35887116,0.02421145,0.0,0.0,0.0,0.0,0,55.412
869272000,869272000,0.9336054,0.038227364,-0.3554102,0.0247464,0.0,0.0,0.0,0.0,0,55.432
869292000,869292000,0.93525136,0.03811104,-0.35103354,0.025239537,0.0,0.0,0.0,0.0,0,55.452
869312000,869312000,0.9372055,0.037911262,-0.3457713,0.025687695,0.0,0.0,0.0,0.0,0,55.472
869332000,869332000,0.93944556,0.037626833,-0.33963937,0.026086064,0.0,0.0,0.0,0.0,0,55.492
869352000,869352000,0.9419446,0.03726845,-0.33265865,0.026433945,0.0,0.0,0.0,0.0,0,55.512
869372000,869372000,0.9446758,0.036823183,-0.3248487,0.02672236,0.0,0.0,0.0,0.0,0,55.532
869392000,869392000,0.94760704,0.036308166,-0.31623617,0.0269526,0.0,0.0,0.0,0.0,0,55.552
869412000,869412000,0.95070785,0.035704575,-0.30684474,0.027114095,0.0,0.0,0.0,0.0,0,55.572
869432000,869432000,0.9539514,0.03503167,-0.29667866,0.027210094,0.0,0.0,0.0,0.0,0,55.592
869452000,869452000,0.957305,0.034264367,-0.2857634,0.027228735,0.0,0.0,0.0,0.0,0,55.612
869472000,869472000,0.9607342,0.033431266,-0.27412194,0.027174972,0.0,0.0,0.0,0.0,0,55.632
869492000,869492000,0.9641977,0.03251143,-0.26180872,0.027038466,0.0,0.0,0.0,0.0,0,55.652
869512000,869512000,0.96766853,0.03153248,-0.24882284,0.026825478,0.0,0.0,0.0,0.0,0,55.672
869532000,869532000,0.9711053,0.03047446,-0.23522593,0.02652753,0.0,0.0,0.0,0.0,0,55.692
869552000,869552000,0.9744755,0.029362038,-0.22104457,0.026149275,0.0,0.0,0.0,0.0,0,55.712
869572000,869572000,0.9777397,0.028174423,-0.20635113,0.025683993,0.0,0.0,0.0,0.0,0,55.732
869592000,869592000,0.98086846,0.026932314,-0.19117783,0.025137069,0.0,0.0,0.0,0.0,0,55.752
869612000,869612000,0.9838252,0.025630023,-0.17561199,0.024506593,0.0,0.0,0.0,0.0,0,55.772
869632000,869632000,0.9865843,0.024274586,-0.15970282,0.02379561,0.0,0.0,0.0,0.0,0,55.792
869652000,869652000,0.9891151,0.022857126,-0.14355776,0.023003506,0.0,0.0,0.0,0.0,0,55.812
869672000,869672000,0.99140054,0.021384606,-0.1272274,0.022134636,0.0,0.0,0.0,0.0,0,55.832
869692000,869692000,0.9934225,0.019877711,-0.11079932,0.021194682,0.0,0.0,0.0,0.0,0,55.852
869712000,869712000,0.99517095,0.018326446,-0.09434232,0.020186614,0.0,0.0,0.0,0.0,0,55.872
869732000,869732000,0.9966379,0.016744593,-0.0779503,0.019116411,0.0,0.0,0.0,0.0,0,55.892
869752000,869752000,0.9978232,0.015121065,-0.061690614,0.017988756,0.0,0.0,0.0,0.0,0,55.912
869772000,869772000,0.99873024,0.013492187,-0.0456327,0.016812554,0.0,0.0,0.0,0.0,0,55.932
869792000,869792000,0.9993674,0.011845257,-0.029839525,0.015593362,0.0,0.0,0.0,0.0,0,55.952
869812000,869812000,0.9997462,0.010203958,-0.014386067,0.014339032,0.0,0.0,0.0,0.0,0,55.972
869832000,869832000,0.9998826,0.008546878,0.0006870234,0.013056089,0.0,0.0,0.0,0.0,0,55.992
869852000,869852000,0.99979407,0.0069042607,0.015335483,0.011752095,0.0,0.0,0.0,0.0,0,56.012
869872000,869872000,0.9995002,0.005261098,0.029527856,0.010434757,0.0,0.0,0.0,0.0,0,56.032
869892000,869892000,0.99902236,0.0036398994,0.043210126,0.0091111,0.0,0.0,0.0,0.0,0,56.052
869912000,869912000,0.9983809,0.0020225956,0.056391247,0.007789591,0.0,0.0,0.0,0.0,0,56.072
869932000,869932000,0.9975985,0.00042992478,0.06902247,0.006476376,0.0,0.0,0.0,0.0,0,56.092
869952000,869952000,0.99669504,-0.0011431804,0.08111736,0.005178856,0.0,0.0,0.0,0.0,0,56.112
869972000,869972000,0.9956938,-0.0026824551,0.09263115,0.0039028274,0.0,0.0,0.0,0.0,0,56.132
869992000,869992000,0.99461055,-0.0041937786,0.103606716,0.0026546414,0.0,0.0,0.0,0.0,0,56.152
870012000,870012000,0.9934672,-0.005670987,0.11400769,0.0014399432,0.0,0.0,0.0,0.0,0,56.172
870032000,870032000,0.99227655,-0.0071151657,0.123877585,0.00026410836,0.0,0.0,0.0,0.0,0,56.192
870052000,870052000,0.99105895,-0.008524031,0.13318363,-0.00086758466,0.0,0.0,0.0,0.0,0,56.212
870072000,870072000,0.9898233,-0.009888612,0.14197665,-0.0019521206,0.0,0.0,0.0,0.0,0,56.232
870092000,870092000,0.98858637,-0.011215853,0.15023774,-0.0029842332,0.0,0.0,0.0,0.0,0,56.252
870112000,870112000,0.9873533,-0.012500065,0.15802087,-0.0039615314,0.0,0.0,0.0,0.0,0,56.272
870132000,870132000,0.9861398,-0.013746105,0.1653019,-0.004879792,0.0,0.0,0.0,0.0,0,56.292
870152000,870152000,0.9849504,-0.014947934,0.17212047,-0.0057375086,0.0,0.0,0.0,0.0,0,56.312
870172000,870172000,0.98379505,-0.016109232,0.1784777,-0.0065318923,0.0,0.0,0.0,0.0,0,56.332
870192000,870192000,0.98267806,-0.017213646,0.1844014,-0.0072644227,0.0,0.0,0.0,0.0,0,56.352
870212000,870212000,0.98160994,-0.018260121,0.18988076,-0.007933866,0.0,0.0,0.0,0.0,0,56.372
870232000,870232000,0.9805904,-0.019245462,0.19495687,-0.008540813,0.0,0.0,0.0,0.0,0,56.392
870252000,870252000,0.9796237,-0.02017217,0.19964243,-0.009084819,0.0,0.0,0.0,0.0,0,56.412
870272000,870272000,0.9787148,-0.021039741,0.2039417,-0.009565803,0.0,0.0,0.0,0.0,0,56.432
870292000,870292000,0.9778673,-0.021850381,0.2078642,-0.009984244,0.0,0.0,0.0,0.0,0,56.452
870312000,870312000,0.97708195,-0.022607485,0.2114283,-0.010339931,0.0,0.0,0.0,0.0,0,56.472
870332000,870332000,0.9763601,-0.023306098,0.2146482,-0.010635708,0.0,0.0,0.0,0.0,0,56.492
870352000,870352000,0.9757011,-0.023954304,0.21754187,-0.01087137,0.0,0.0,0.0,0.0,0,56.512
870372000,870372000,0.9751071,-0.024543045,0.22011542,-0.011050991,0.0,0.0,0.0,0.0,0,56.532
870392000,870392000,0.9745785,-0.025077572,0.22237815,-0.0111756185,0.0,0.0,0.0,0.0,0,56.552
870412000,870412000,0.97411364,-0.025557693,0.22434793,-0.011247569,0.0,0.0,0.0,0.0,0,56.572
870432000,870432000,0.97371256,-0.025991218,0.2260319,-0.011268019,0.0,0.0,0.0,0.0,0,56.592
870452000,870452000,0.97337586,-0.026373278,0.22743484,-0.011240896,0.0,0.0,0.0,0.0,0,56.612
870472000,870472000,0.97310346,-0.026709959,0.22856209,-0.01116744,0.0,0.0,0.0,0.0,0,56.632
870492000,870492000,0.972893,-0.026997948,0.22942829,-0.011051674,0.0,0.0,0.0,0.0,0,56.652
870512000,870512000,0.9727384,-0.02724341,0.23006144,-0.010895596,0.0,0.0,0.0,0.0,0,56.672
870532000,870532000,0.97264135,-0.027451538,0.23045567,-0.0107007045,0.0,0.0,0.0,0.0,0,56.692
870552000,870552000,0.97260004,-0.027622145,0.23062003,-0.010470335,0.0,0.0,0.0,0.0,0,56.712
870572000,870572000,0.9726113,-0.02775304,0.23056866,-0.010208914,0.0,0.0,0.0,0.0,0,56.732
870592000,870592000,0.9726765,-0.027846115,0.23029482,-0.0099191675,0.0,0.0,0.0,0.0,0,56.752
870612000,870612000,0.9727921,-0.027902909,0.2298127,-0.009604209,0.0,0.0,0.0,0.0,0,56.772
870632000,870632000,0.9729554,-0.02792292,0.22913155,-0.009267762,0.0,0.0,0.0,0.0,0,56.792
870652000,870652000,0.9731644,-0.027907668,0.22825834,-0.008912631,0.0,0.0,0.0,0.0,0,56.812
870672000,870672000,0.97341627,-0.027858162,0.22720225,-0.008542046,0.0,0.0,0.0,0.0,0,56.832
870692000,870692000,0.9737095,-0.027778339,0.22596598,-0.00815835,0.0,0.0,0.0,0.0,0,56.852
870712000,870712000,0.9740394,-0.0276676,0.22456747,-0.0077654654,0.0,0.0,0.0,0.0,0,56.872
870732000,870732000,0.97440445,-0.027530806,0.22300881,-0.0073652607,0.0,0.0,0.0,0.0,0,56.892
870752000,870752000,0.97480553,-0.027378356,0.22128105,-0.006957742,0.0,0.0,0.0,0.0,0,56.912
870772000,870772000,0.97524136,-0.027208125,0.21938616,-0.006546416,0.0,0.0,0.0,0.0,0,56.932
870792000,870792000,0.975706,-0.027018482,0.21734601,-0.0061348225,0.0,0.0,0.0,0.0,0,56.952
870812000,870812000,0.97619814,-0.026806481,0.21516258,-0.005726432,0.0,0.0,0.0,0.0,0,56.972
870832000,870832000,0.9767133,-0.026576828,0.21285094,-0.00532308,0.0,0.0,0.0,0.0,0,56.992
870852000,870852000,0.9772524,-0.026328163,0.21040273,-0.0049270927,0.0,0.0,0.0,0.0,0,57.012
870872000,870872000,0.97780997,-0.026058573,0.20783907,-0.0045417096,0.0,0.0,0.0,0.0,0,57.032
870892000,870892000,0.97838765,-0.02577632,0.2051461,-0.0041668057,0.0,0.0,0.0,0.0,0,57.052
870912000,870912000,0.9789795,-0.025483659,0.20234686,-0.0038046825,0.0,0.0,0.0,0.0,0,57.072
870932000,870932000,0.97958595,-0.025177836,0.19943567,-0.00345756,0.0,0.0,0.0,0.0,0,57.092
870952000,870952000,0.98020154,-0.024859743,0.19643372,-0.003127258,0.0,0.0,0.0,0.0,0,57.112
870972000,870972000,0.98082775,-0.02452768,0.1933301,-0.0028152133,0.0,0.0,0.0,0.0,0,57.132
870992000,870992000,0.98146117,-0.024189916,0.19013573,-0.002521142,0.0,0.0,0.0,0.0,0,57.152
871012000,871012000,0.9821011,-0.023847094,0.18684977,-0.0022460313,0.0,0.0,0.0,0.0,0,57.172
871032000,871032000,0.98274237,-0.023502879,0.18349454,-0.0019907206,0.0,0.0,0.0,0.0,0,57.192
871052000,871052000,0.98338604,-0.023153454,0.18006052,-0.0017566001,0.0,0.0,0.0,0.0,0,57.212
871072000,871072000,0.98402905,-0.02280045,0.17656076,-0.0015444389,0.0,0.0,0.0,0.0,0,57.232
871092000,871092000,0.98467124,-0.022441117,0.17299181,-0.0013549642,0.0,0.0,0.0,0.0,0,57.252
871112000,871112000,0.9853096,-0.022082316,0.16936669,-0.001187434,0.0,0.0,0.0,0.0,0,57.272
871132000,871132000,0.98594326,-0.021721072,0.16568674,-0.0010423847,0.0,0.0,0.0,0.0,0,57.292
871152000,871152000,0.9865694,-0.021358918,0.16196555,-0.00091983506,0.0,0.0,0.0,0.0,0,57.312
871172000,871172000,0.9871869,-0.020993836,0.15820785,-0.00082018104,0.0,0.0,0.0,0.0,0,57.332
871192000,871192000,0.987794,-0.020623598,0.15442221,-0.0007437808,0.0,0.0,0.0,0.0,0,57.352
871212000,871212000,0.9883899,-0.020247858,0.15061218,-0.00069032505,0.0,0.0,0.0,0.0,0,57.372
871232000,871232000,0.9889733,-0.019872986,0.14678405,-0.00065847795,0.0,0.0,0.0,0.0,0,57.392
871252000,871252000,0.989543,-0.019493112,0.14294499,-0.0006491194,0.0,0.0,0.0,0.0,0,57.412
871272000,871272000,0.99009925,-0.019106256,0.13909361,-0.0006617412,0.0,0.0,0.0,0.0,0,57.432
871292000,871292000,0.9906403,-0.0187124,0.13524154,-0.00069584744,0.0,0.0,0.0,0.0,0,57.452
871312000,871312000,0.9911664,-0.018314203,0.13138609,-0.00075000274,0.0,0.0,0.0,0.0,0,57.472
871332000,871332000,0.99167603,-0.017914854,0.12753859,-0.00082292734,0.0,0.0,0.0,0.0,0,57.492
871352000,871352000,0.99216926,-0.017511614,0.12370048,-0.0009141663,0.0,0.0,0.0,0.0,0,57.512
871372000,871372000,0.9926447,-0.0171058,0.11988281,-0.0010226327,0.0,0.0,0.0,0.0,0,57.532
871392000,871392000,0.9931023,-0.016696366,0.11608973,-0.0011471513,0.0,0.0,0.0,0.0,0,57.552
871412000,871412000,0.9935405,-0.016290221,0.11233584,-0.0012860245,0.0,0.0,0.0,0.0,0,57.572
871432000,871432000,0.99395955,-0.015887413,0.10862369,-0.0014382355,0.0,0.0,0.0,0.0,0,57.592
871452000,871452000,0.99435973,-0.015492333,0.10495354,-0.0016020836,0.0,0.0,0.0,0.0,0,57.612
871472000,871472000,0.9947415,-0.015097397,0.10132788,-0.0017773762,0.0,0.0,0.0,0.0,0,57.632
871492000,871492000,0.99510354,-0.014702147,0.097765505,-0.001963228,0.0,0.0,0.0,0.0,0,57.652
871512000,871512000,0.9954479,-0.014309696,0.094251044,-0.0021581159,0.0,0.0,0.0,0.0,0,57.672
871532000,871532000,0.9957747,-0.013927669,0.090787135,-0.0023601865,0.0,0.0,0.0,0.0,0,57.692
871552000,871552000,0.9960841,-0.013553851,0.087380275,-0.0025686861,0.0,0.0,0.0,0.0,0,57.712
871572000,871572000,0.9963753,-0.013192072,0.08404478,-0.0027822598,0.0,0.0,0.0,0.0,0,57.732
871592000,871592000,0.99665034,-0.012831555,0.08076842,-0.0030003819,0.0,0.0,0.0,0.0,0,57.752
871612000,871612000,0.9969088,-0.012476599,0.077562496,-0.003221928,0.0,0.0,0.0,0.0,0,57.772
871632000,871632000,0.99715173,-0.01212641,0.07442146,-0.0034457082,0.0,0.0,0.0,0.0,0,57.792
871652000,871652000,0.9973792,-0.011784688,0.071354926,-0.0036704354,0.0,0.0,0.0,0.0,0,57.812
871672000,871672000,0.9975924,-0.0114514185,0.06835339,-0.0038950203,0.0,0.0,0.0,0.0,0,57.832
871692000,871692000,0.9977916,-0.011130319,0.06542353,-0.004118177,0.0,0.0,0.0,0.0,0,57.852
871712000,871712000,0.997978,-0.010810671,0.06255709,-0.004339749,0.0,0.0,0.0,0.0,0,57.872
871732000,871732000,0.9981516,-0.010493449,0.059762318,-0.0045590303,0.0,0.0,0.0,0.0,0,57.892
871752000,871752000,0.99831337,-0.010183141,0.05703512,-0.0047747754,0.0,0.0,0.0,0.0,0,57.912
871772000,871772000,0.9984635,-0.009887266,0.0543796,-0.004985751,0.0,0.0,0.0,0.0,0,57.932
871792000,871792000,0.9986025,-0.009607565,0.051796228,-0.0051908735,0.0,0.0,0.0,0.0,0,57.952
871812000,871812000,0.99873084,-0.009342908,0.04928949,-0.0053898916,0.0,0.0,0.0,0.0,0,57.972
871832000,871832000,0.9988491,-0.009089814,0.046859387,-0.005582521,0.0,0.0,0.0,0.0,0,57.992
871852000,871852000,0.9989579,-0.008846514,0.044505335,-0.0057681655,0.0,0.0,0.0,0.0,0,58.012
871872000,871872000,0.9990583,-0.008607762,0.042215664,-0.0059465864,0.0,0.0,0.0,0.0,0,58.032
871892000,871892000,0.9991504,-0.008378128,0.04000014,-0.0061172354,0.0,0.0,0.0,0.0,0,58.052
871912000,871912000,0.9992347,-0.008160957,0.037856087,-0.0062795295,0.0,0.0,0.0,0.0,0,58.072
871932000,871932000,0.9993119,-0.007958494,0.035777804,-0.0064328606,0.0,0.0,0.0,0.0,0,58.092
871952000,871952000,0.99938226,-0.007773406,0.03377178,-0.0065768533,0.0,0.0,0.0,0.0,0,58.112
871972000,871972000,0.9994461,-0.0076022386,0.03184064,-0.0067112036,0.0,0.0,0.0,0.0,0,58.132
871992000,871992000,0.9995041,-0.007443198,0.029976122,-0.006835805,0.0,0.0,0.0,0.0,0,58.152
872012000,872012000,0.9995569,-0.007290875,0.028171465,-0.0069507244,0.0,0.0,0.0,0.0,0,58.172
872032000,872032000,0.99960464,-0.007145244,0.026436219,-0.0070560654,0.0,0.0,0.0,0.0,0,58.192
872052000,872052000,0.9996476,-0.0070093903,0.024767347,-0.0071514854,0.0,0.0,0.0,0.0,0,58.212
872072000,872072000,0.9996864,-0.0068871714,0.023159357,-0.0072365794,0.0,0.0,0.0,0.0,0,58.232
872092000,872092000,0.99972117,-0.0067737135,0.021616999,-0.0073114056,0.0,0.0,0.0,0.0,0,58.252
872112000,872112000,0.99975216,-0.0066694953,0.020146264,-0.0073765973,0.0,0.0,0.0,0.0,0,58.272
872132000,872132000,0.99977976,-0.0065738605,0.01873849,-0.007432064,0.0,0.0,0.0,0.0,0,58.292
872152000,872152000,0.9998043,-0.006490339,0.017388826,-0.007477533,0.0,0.0,0.0,0.0,0,58.312
872172000,872172000,0.9998262,-0.006413134,0.016097043,-0.0075128367,0.0,0.0,0.0,0.0,0,58.332
872192000,872192000,0.9998455,-0.006338392,0.014869457,-0.00753818,0.0,0.0,0.0,0.0,0,58.352
872212000,872212000,0.9998625,-0.0062611816,0.013706179,-0.007554269,0.0,0.0,0.0,0.0,0,58.372
872232000,872232000,0.99987733,-0.006185073,0.012608897,-0.0075615332,0.0,0.0,0.0,0.0,0,58.392
872252000,872252000,0.99989045,-0.006121574,0.011558831,-0.007559822,0.0,0.0,0.0,0.0,0,58.412
872272000,872272000,0.9999019,-0.0060721054,0.010555912,-0.0075490973,0.0,0.0,0.0,0.0,0,58.432
872292000,872292000,0.99991196,-0.006025531,0.009597142,-0.0075300154,0.0,0.0,0.0,0.0,0,58.452
872312000,872312000,0.99992067,-0.0059850356,0.008695443,-0.0075029735,0.0,0.0,0.0,0.0,0,58.472
872332000,872332000,0.9999282,-0.0059514656,0.007843471,-0.007468312,0.0,0.0,0.0,0.0,0,58.492
872352000,872352000,0.9999346,-0.0059275962,0.0070400983,-0.0074262773,0.0,0.0,0.0,0.0,0,58.512
872372000,872372000,0.99994016,-0.0059089856,0.0062822048,-0.0073775756,0.0,0.0,0.0,0.0,0,58.532
872392000,872392000,0.9999449,-0.005887183,0.0055674915,-0.0073227505,0.0,0.0,0.0,0.0,0,58.552
872412000,872412000,0.99994904,-0.0058643236,0.0048900563,-0.0072623533,0.0,0.0,0.0,0.0,0,58.572
872432000,872432000,0.9999525,-0.0058468115,0.0042551635,-0.0071966583,0.0,0.0,0.0,0.0,0,58.592
872452000,872452000,0.9999554,-0.0058352165,0.0036604453,-0.0071259006,0.0,0.0,0.0,0.0,0,58.612
872472000,872472000,0.99995786,-0.005825718,0.0031133785,-0.007050857,0.0,0.0,0.0,0.0,0,58.632
872492000,872492000,0.99995995,-0.005810761,0.0026094941,-0.0069718366,0.0,0.0,0.0,0.0,0,58.652
872512000,872512000,0.99996173,-0.005797221,0.002142403,-0.0068897665,0.0,0.0,0.0,0.0,0,58.672
872532000,872532000,0.99996316,-0.005796186,0.0017004134,-0.006804945,0.0,0.0,0.0,0.0,0,58.692
872552000,872552000,0.9999643,-0.0058052987,0.0012864035,-0.006718048,0.0,0.0,0.0,0.0,0,58.712
872572000,872572000,0.9999653,-0.005806665,0.0009092746,-0.0066298186,0.0,0.0,0.0,0.0,0,58.732
872592000,872592000,0.9999662,-0.005800064,0.0005614909,-0.0065405844,0.0,0.0,0.0,0.0,0,58.752
872612000,872612000,0.999967,-0.0057832687,0.00024165808,-0.006450984,0.0,0.0,0.0,0.0,0,58.772
872632000,872632000,0.9999677,-0.0057704356,-4.8680424e-05,-0.0063615222,0.0,0.0,0.0,0.0,0,58.792
872652000,872652000,0.99996823,-0.0057635335,-0.0003048793,-0.006272658,0.0,0.0,0.0,0.0,0,58.812
872672000,872672000,0.9999687,-0.0057620164,-0.00053093693,-0.006184485,0.0,0.0,0.0,0.0,0,58.832
872692000,872692000,0.99996907,-0.005765444,-0.00074118306,-0.006097052,0.0,0.0,0.0,0.0,0,58.852
872712000,872712000,0.9999694,-0.0057703094,-0.0009290225,-0.0060106944,0.0,0.0,0.0,0.0,0,58.872
872732000,872732000,0.9999697,-0.005776889,-0.0010793123,-0.005925763,0.0,0.0,0.0,0.0,0,58.892
872752000,872752000,0.9999701,-0.0057783807,-0.0012008302,-0.005842064,0.0,0.0,0.0,0.0,0,58.912
872772000,872772000,0.99997044,-0.0057775415,-0.0013012615,-0.0057598385,0.0,0.0,0.0,0.0,0,58.932
872792000,872792000,0.99997085,-0.005767676,-0.0013771157,-0.005679259,0.0,0.0,0.0,0.0,0,58.952
872812000,872812000,0.99997133,-0.0057502217,-0.0014365584,-0.0056006997,0.0,0.0,0.0,0.0,0,58.972
872832000,872832000,0.99997175,-0.005733917,-0.001502138,-0.00552446,0.0,0.0,0.0,0.0,0,58.992
872852000,872852000,0.9999721,-0.0057200748,-0.0015525613,-0.0054506958,0.0,0.0,0.0,0.0,0,59.012
872872000,872872000,0.9999726,-0.005705268,-0.0015741828,-0.0053795595,0.0,0.0,0.0,0.0,0,59.032
872892000,872892000,0.99997306,-0.0056847464,-0.0015869155,-0.0053111287,0.0,0.0,0.0,0.0,0,59.052
872912000,872912000,0.99997354,-0.005652706,-0.0015926197,-0.005245741,0.0,0.0,0.0,0.0,0,59.072
872932000,872932000,0.99997413,-0.005604853,-0.0015810601,-0.005183669,0.0,0.0,0.0,0.0,0,59.092
872952000,872952000,0.99997485,-0.005546911,-0.0015547973,-0.005125303,0.0,0.0,0.0,0.0,0,59.112
872972000,872972000,0.9999755,-0.005484942,-0.0015182883,-0.005070727,0.0,0.0,0.0,0.0,0,59.132
872992000,872992000,0.9999762,-0.0054168063,-0.0014690344,-0.0050200187,0.0,0.0,0.0,0.0,0,59.152
873012000,873012000,0.99997693,-0.0053432654,-0.0014080995,-0.004973015,0.0,0.0,0.0,0.0,0,59.172
873032000,873032000,0.99997765,-0.0052638217,-0.0013503096,-0.0049294867,0.0,0.0,0.0,0.0,0,59.192
873052000,873052000,0.99997836,-0.005179761,-0.0012921575,-0.004889721,0.0,0.0,0.0,0.0,0,59.212
873072000,873072000,0.9999791,-0.005088633,-0.0012246438,-0.0048536975,0.0,0.0,0.0,0.0,0,59.232
873092000,873092000,0.9999798,-0.0049939496,-0.0011488332,-0.0048217275,0.0,0.0,0.0,0.0,0,59.252
873112000,873112000,0.9999805,-0.0048985383,-0.0010665938,-0.0047937906,0.0,0.0,0.0,0.0,0,59.272
873132000,873132000,0.99998116,-0.004800581,-0.0009759172,-0.004769706,0.0,0.0,0.0,0.0,0,59.292
873152000,873152000,0.9999818,-0.0047001624,-0.00087666913,-0.0047495053,0.0,0.0,0.0,0.0,0,59.312
873172000,873172000,0.9999825,-0.004594407,-0.0007662946,-0.0047330856,0.0,0.0,0.0,0.0,0,59.332
873192000,873192000,0.99998313,-0.004485642,-0.0006468787,-0.004720492,0.0,0.0,0.0,0.0,0,59.352
873212000,873212000,0.9999838,-0.0043722605,-0.00052566844,-0.004711205,0.0,0.0,0.0,0.0,0,59.372
873232000,873232000,0.9999843,-0.004253579,-0.00040330464,-0.0047055157,0.0,0.0,0.0,0.0,0,59.392
873252000,873252000,0.9999849,-0.00412861,-0.000274439,-0.004703472,0.0,0.0,0.0,0.0,0,59.412
873272000,873272000,0.9999855,-0.0039931787,-0.00014692864,-0.004704525,0.0,0.0,0.0,0.0,0,59.432
873292000,873292000,0.99998605,-0.0038445874,-2.3849148e-05,-0.004709007,0.0,0.0,0.0,0.0,0,59.452
873312000,873312000,0.9999866,-0.0036893731,0.00010063792,-0.0047171046,0.0,0.0,0.0,0.0,0,59.472
873332000,873332000,0.9999871,-0.0035341824,0.00023157275,-0.004728325,0.0,0.0,0.0,0.0,0,59.492
873352000,873352000,0.9999875,-0.0033933618,0.00037759007,-0.004741872,0.0,0.0,0.0,0.0,0,59.512
873372000,873372000,0.9999878,-0.0032588253,0.0005217243,-0.004757621,0.0,0.0,0.0,0.0,0,59.532
873392000,873392000,0.9999881,-0.0031189169,0.000663219,-0.004775428,0.0,0.0,0.0,0.0,0,59.552
873412000,873412000,0.9999883,-0.0029795421,0.00080574193,-0.0047947085,0.0,0.0,0.0,0.0,0,59.572
873432000,873432000,0.99998844,-0.0028448037,0.0009479301,-0.004815377,0.0,0.0,0.0,0.0,0,59.592
873452000,873452000,0.99998856,-0.0027159974,0.001087458,-0.004837186,0.0,0.0,0.0,0.0,0,59.612
873472000,873472000,0.9999886,-0.0025939012,0.001224672,-0.0048600673,0.0,0.0,0.0,0.0,0,59.632
873492000,873492000,0.9999887,-0.0024642388,0.0013725441,-0.004883777,0.0,0.0,0.0,0.0,0,59.652
873512000,873512000,0.9999886,-0.0023367528,0.0015249309,-0.0049084197,0.0,0.0,0.0,0.0,0,59.672
873532000,873532000,0.9999885,-0.0022197964,0.0016704375,-0.0049338443,0.0,0.0,0.0,0.0,0,59.692
873552000,873552000,0.9999884,-0.0021119935,0.0018107356,-0.004959532,0.0,0.0,0.0,0.0,0,59.712
873572000,873572000,0.9999882,-0.002005894,0.0019516074,-0.0049852524,0.0,0.0,0.0,0.0,0,59.732
873592000,873592000,0.99998796,-0.0019020716,0.0020991815,-0.00501124,0.0,0.0,0.0,0.0,0,59.752
873612000,873612000,0.9999877,-0.0018029589,0.0022503205,-0.0050375904,0.0,0.0,0.0,0.0,0,59.772
873632000,873632000,0.99998736,-0.0017111169,0.0023984856,-0.0050641727,0.0,0.0,0.0,0.0,0,59.792
873652000,873652000,0.99998707,-0.0016204992,0.0025471598,-0.0050907223,0.0,0.0,0.0,0.0,0,59.812
873672000,873672000,0.99998665,-0.001528567,0.0026995982,-0.00511717,0.0,0.0,0.0,0.0,0,59.832
873692000,873692000,0.99998623,-0.0014343865,0.0028553056,-0.0051435623,0.0,0.0,0.0,0.0,0,59.852
873712000,873712000,0.99998575,-0.0013488057,0.003004453,-0.0051700044,0.0,0.0,0.0,0.0,0,59.872
873732000,873732000,0.9999853,-0.001266405,0.0031511197,-0.0051964317,0.0,0.0,0.0,0.0,0,59.892
873752000,873752000,0.9999848,-0.0011917358,0.0032915545,-0.0052230475,0.0,0.0,0.0,0.0,0,59.912
873772000,873772000,0.99998426,-0.0011209742,0.0034284184,-0.005249652,0.0,0.0,0.0,0.0,0,59.932
873792000,873792000,0.9999837,-0.0010496414,0.0035667266,-0.005276226,0.0,0.0,0.0,0.0,0,59.952
873812000,873812000,0.9999832,-0.0009833709,0.003696275,-0.0053027715,0.0,0.0,0.0,0.0,0,59.972
873832000,873832000,0.9999827,-0.00092054816,0.0038023514,-0.0053288885,0.0,0.0,0.0,0.0,0,59.992
873852000,873852000,0.99998224,-0.00085443177,0.0038982222,-0.005354811,0.0,0.0,0.0,0.0,0,60.012
873872000,873872000,0.9999818,-0.0007844167,0.003988484,-0.0053801653,0.0,0.0,0.0,0.0,0,60.032
873892000,873892000,0.9999814,-0.0007121965,0.0040720105,-0.0054048155,0.0,0.0,0.0,0.0,0,60.052
873912000,873912000,0.99998105,-0.0006461345,0.004145011,-0.0054284967,0.0,0.0,0.0,0.0,0,60.072
873932000,873932000,0.9999806,-0.000585226,0.004209976,-0.00545173,0.0,0.0,0.0,0.0,0,60.092
873952000,873952000,0.9999803,-0.0005239635,0.0042731757,-0.0054744375,0.0,0.0,0.0,0.0,0,60.112
873972000,873972000,0.99998,-0.00046855336,0.004328475,-0.00549622,0.0,0.0,0.0,0.0,0,60.132
873992000,873992000,0.9999797,-0.00042172562,0.0043731844,-0.005517278,0.0,0.0,0.0,0.0,0,60.152
874012000,874012000,0.9999794,-0.00037625275,0.0044142376,-0.005537945,0.0,0.0,0.0,0.0,0,60.172
874032000,874032000,0.99997914,-0.00033135092,0.0044522057,-0.0055582314,0.0,0.0,0.0,0.0,0,60.192
874052000,874052000,0.9999789,-0.00028755676,0.004486317,-0.0055779684,0.0,0.0,0.0,0.0,0,60.212
874072000,874072000,0.99997866,-0.00024523932,0.00451593,-0.005597147,0.0,0.0,0.0,0.0,0,60.232
874092000,874092000,0.9999785,-0.00020944024,0.0045358557,-0.005615404,0.0,0.0,0.0,0.0,0,60.252
874112000,874112000,0.99997836,-0.00018036207,0.004545585,-0.0056330077,0.0,0.0,0.0,0.0,0,60.272
874132000,874132000,0.99997824,-0.0001508204,0.004552015,-0.005649869,0.0,0.0,0.0,0.0,0,60.292
874152000,874152000,0.9999782,-0.000126107,0.00454599,-0.0056654746,0.0,0.0,0.0,0.0,0,60.312
874172000,874172000,0.9999782,-9.844084e-05,0.004521956,-0.0056798845,0.0,0.0,0.0,0.0,0,60.332
874192000,874192000,0.99997824,-5.8352583e-05,0.004496672,-0.005693515,0.0,0.0,0.0,0.0,0,60.352
874212000,874212000,0.9999783,-2.241004e-05,0.0044716294,-0.005705883,0.0,0.0,0.0,0.0,0,60.372
874232000,874232000,0.99997836,1.7478951e-06,0.0044399253,-0.005717007,0.0,0.0,0.0,0.0,0,60.392
874252000,874252000,0.9999785,1.9248999e-05,0.0043950193,-0.0057273996,0.0,0.0,0.0,0.0,0,60.412
874272000,874272000,0.99997866,3.9055798e-05,0.00434574,-0.0057375575,0.0,0.0,0.0,0.0,0,60.432
874292000,874292000,0.99997884,5.95674e-05,0.0042922967,-0.0057471055,0.0,0.0,0.0,0.0,0,60.452
874312000,874312000,0.999979,7.530979e-05,0.00423693,-0.0057551716,0.0,0.0,0.0,0.0,0,60.472
874332000,874332000,0.99997926,9.5970376e-05,0.0041703335,-0.0057620923,0.0,0.0,0.0,0.0,0,60.492
874352000,874352000,0.9999795,0.00012063183,0.0041017374,-0.0057677315,0.0,0.0,0.0,0.0,0,60.512
874372000,874372000,0.9999798,0.00015251142,0.0040178867,-0.0057716593,0.0,0.0,0.0,0.0,0,60.532
874392000,874392000,0.99998015,0.00018742128,0.003926702,-0.00577426,0.0,0.0,0.0,0.0,0,60.552
874412000,874412000,0.9999805,0.00022155883,0.0038391228,-0.005775289,0.0,0.0,0.0,0.0,0,60.572
874432000,874432000,0.9999808,0.00025588452,0.0037542833,-0.0057748915,0.0,0.0,0.0,0.0,0,60.592
874452000,874452000,0.99998116,0.00027919115,0.0036574786,-0.0057731373,0.0,0.0,0.0,0.0,0,60.612
874472000,874472000,0.9999816,0.00029268808,0.0035507008,-0.005769848,0.0,0.0,0.0,0.0,0,60.632
874492000,874492000,0.999982,0.00030418264,0.0034402243,-0.005765122,0.0,0.0,0.0,0.0,0,60.652
874512000,874512000,0.99998236,0.00030956755,0.003335759,-0.0057592127,0.0,0.0,0.0,0.0,0,60.672
874532000,874532000,0.9999828,0.0003108223,0.0032240825,-0.005752454,0.0,0.0,0.0,0.0,0,60.692
874552000,874552000,0.9999832,0.00031060446,0.0031028907,-0.0057450053,0.0,0.0,0.0,0.0,0,60.712
874572000,874572000,0.9999836,0.0003034389,0.0029875983,-0.0057371645,0.0,0.0,0.0,0.0,0,60.732
874592000,874592000,0.99998397,0.00028594656,0.0028796566,-0.0057284455,0.0,0.0,0.0,0.0,0,60.752
874612000,874612000,0.9999843,0.00026840428,0.0027721638,-0.0057187807,0.0,0.0,0.0,0.0,0,60.772
874632000,874632000,0.9999847,0.0002465231,0.0026645167,-0.0057085226,0.0,0.0,0.0,0.0,0,60.792
874652000,874652000,0.99998504,0.00021930471,0.0025513677,-0.0056981547,0.0,0.0,0.0,0.0,0,60.812
874672000,874672000,0.99998534,0.00019784758,0.0024506468,-0.0056881914,0.0,0.0,0.0,0.0,0,60.832
874692000,874692000,0.99998564,0.00018373341,0.0023458472,-0.0056785895,0.0,0.0,0.0,0.0,0,60.852
874712000,874712000,0.999986,0.00016408294,0.002237023,-0.0056693,0.0,0.0,0.0,0.0,0,60.872
874732000,874732000,0.99998623,0.0001447939,0.0021377243,-0.00566047,0.0,0.0,0.0,0.0,0,60.892
874752000,874752000,0.99998647,0.00014490922,0.0020353151,-0.005652041,0.0,0.0,0.0,0.0,0,60.912
874772000,874772000,0.99998677,0.00015715612,0.0019268561,-0.005644175,0.0,0.0,0.0,0.0,0,60.932
874792000,874792000,0.999987,0.00016534464,0.0018255205,-0.005636654,0.0,0.0,0.0,0.0,0,60.952
874812000,874812000,0.9999872,0.00016912611,0.0017339276,-0.005629676,0.0,0.0,0.0,0.0,0,60.972
874832000,874832000,0.99998736,0.00018066129,0.0016340105,-0.005623462,0.0,0.0,0.0,0.0,0,60.992
874852000,874852000,0.99998754,0.00020007548,0.0015358649,-0.0056178547,0.0,0.0,0.0,0.0,0,61.012
874872000,874872000,0.9999877,0.00021857637,0.0014386558,-0.0056131897,0.0,0.0,0.0,0.0,0,61.032
874892000,874892000,0.9999879,0.00023341941,0.0013234754,-0.0056090197,0.0,0.0,0.0,0.0,0,61.052
874912000,874912000,0.9999881,0.00024611256,0.0011950552,-0.005605285,0.0,0.0,0.0,0.0,0,61.072
874932000,874932000,0.99998826,0.00025834085,0.0010781925,-0.0056022676,0.0,0.0,0.0,0.0,0,61.092
874952000,874952000,0.9999884,0.00027714262,0.0009608773,-0.005600335,0.0,0.0,0.0,0.0,0,61.112
874972000,874972000,0.9999885,0.0003037381,0.0008383922,-0.005599681,0.0,0.0,0.0,0.0,0,61.132
874992000,874992000,0.99998856,0.00033311264,0.00071520853,-0.005600008,0.0,0.0,0.0,0.0,0,61.152
875012000,875012000,0.9999886,0.00036159123,0.0005947791,-0.005600799,0.0,0.0,0.0,0.0,0,61.172
875032000,875032000,0.9999887,0.0003941846,0.0004702662,-0.005601774,0.0,0.0,0.0,0.0,0,61.192
875052000,875052000,0.9999887,0.00042564995,0.00034670572,-0.0056030136,0.0,0.0,0.0,0.0,0,61.212
875072000,875072000,0.99998873,0.00045837543,0.00022315937,-0.005604578,0.0,0.0,0.0,0.0,0,61.232
875092000,875092000,0.99998873,0.0004899849,0.00010236269,-0.0056064515,0.0,0.0,0.0,0.0,0,61.252
875112000,875112000,0.9999887,0.0005207338,-1.6011878e-05,-0.0056086276,0.0,0.0,0.0,0.0,0,61.272
875132000,875132000,0.9999887,0.0005498701,-0.00013268077,-0.0056112837,0.0,0.0,0.0,0.0,0,61.292
875152000,875152000,0.9999886,0.00057563453,-0.00025632724,-0.0056142593,0.0,0.0,0.0,0.0,0,61.312
875172000,875172000,0.9999885,0.00059989386,-0.00038417458,-0.00561747,0.0,0.0,0.0,0.0,0,61.332
875192000,875192000,0.99998844,0.0006148761,-0.000504533,-0.005620682,0.0,0.0,0.0,0.0,0,61.352
875212000,875212000,0.9999883,0.000628608,-0.00062310084,-0.0056238715,0.0,0.0,0.0,0.0,0,61.372
875232000,875232000,0.99998826,0.0006408161,-0.000733284,-0.005626973,0.0,0.0,0.0,0.0,0,61.392
875252000,875252000,0.99998814,0.0006492441,-0.00083372125,-0.0056300457,0.0,0.0,0.0,0.0,0,61.412
875272000,875272000,0.999988,0.0006598652,-0.000922852,-0.0056333435,0.0,0.0,0.0,0.0,0,61.432
875292000,875292000,0.99998796,0.00067510083,-0.0010059429,-0.0056366585,0.0,0.0,0.0,0.0,0,61.452
875312000,875312000,0.99998784,0.0006927722,-0.0010860779,-0.005640308,0.0,0.0,0.0,0.0,0,61.472
875332000,875332000,0.9999877,0.0007073143,-0.0011596723,-0.005644407,0.0,0.0,0.0,0.0,0,61.492
875352000,875352000,0.9999876,0.0007214334,-0.0012307254,-0.0056486716,0.0,0.0,0.0,0.0,0,61.512
875372000,875372000,0.9999875,0.0007325652,-0.001296875,-0.0056534703,0.0,0.0,0.0,0.0,0,61.532
875392000,875392000,0.99998736,0.000744581,-0.0013568198,-0.0056587136,0.0,0.0,0.0,0.0,0,61.552
875412000,875412000,0.99998724,0.00076464086,-0.0014118995,-0.00566431,0.0,0.0,0.0,0.0,0,61.572
875432000,875432000,0.9999871,0.0007836955,-0.0014587048,-0.0056706225,0.0,0.0,0.0,0.0,0,61.592
875452000,875452000,0.999987,0.00080314116,-0.0014934269,-0.0056773727,0.0,0.0,0.0,0.0,0,61.612
875472000,875472000,0.9999869,0.00082458777,-0.0015226939,-0.005684351,0.0,0.0,0.0,0.0,0,61.632
875492000,875492000,0.9999868,0.0008464823,-0.0015483822,-0.0056916135,0.0,0.0,0.0,0.0,0,61.652
875512000,875512000,0.9999867,0.00086964545,-0.0015686173,-0.0056989803,0.0,0.0,0.0,0.0,0,61.672
875532000,875532000,0.99998665,0.0008951221,-0.0015782595,-0.0057063657,0.0,0.0,0.0,0.0,0,61.692
875552000,875552000,0.9999866,0.0009233245,-0.001569837,-0.0057138293,0.0,0.0,0.0,0.0,0,61.712
875572000,875572000,0.99998647,0.0009534385,-0.0015696721,-0.005721435,0.0,0.0,0.0,0.0,0,61.732
875592000,875592000,0.9999864,0.0009869329,-0.0015814311,-0.0057294904,0.0,0.0,0.0,0.0,0,61.752
875612000,875612000,0.99998635,0.0010251602,-0.0015778139,-0.0057375557,0.0,0.0,0.0,0.0,0,61.772
875632000,875632000,0.99998623,0.001067286,-0.0015598554,-0.0057455823,0.0,0.0,0.0,0.0,0,61.792
875652000,875652000,0.9999862,0.0011143836,-0.0015562152,-0.0057537337,0.0,0.0,0.0,0.0,0,61.812
875672000,875672000,0.99998605,0.0011706633,-0.0015619192,-0.005762032,0.0,0.0,0.0,0.0,0,61.832
875692000,875692000,0.99998593,0.001226585,-0.0015644951,-0.005769963,0.0,0.0,0.0,0.0,0,61.852
875712000,875712000,0.9999858,0.0012802483,-0.0015630444,-0.005777746,0.0,0.0,0.0,0.0,0,61.872
875732000,875732000,0.9999857,0.0013351723,-0.0015611757,-0.0057854312,0.0,0.0,0.0,0.0,0,61.892
875752000,875752000,0.9999856,0.0013925912,-0.0015605699,-0.0057930425,0.0,0.0,0.0,0.0,0,61.912
875772000,875772000,0.99998546,0.0014532972,-0.0015618493,-0.0058005904,0.0,0.0,0.0,0.0,0,61.932
875792000,875792000,0.99998534,0.0015147605,-0.001562772,-0.005807957,0.0,0.0,0.0,0.0,0,61.952
875812000,875812000,0.9999852,0.0015712174,-0.0015573181,-0.005815097,0.0,0.0,0.0,0.0,0,61.972
875832000,875832000,0.9999851,0.00162726,-0.0015503656,-0.005822108,0.0,0.0,0.0,0.0,0,61.992
875852000,875852000,0.999985,0.0016835674,-0.0015424788,-0.005829126,0.0,0.0,0.0,0.0,0,62.012
875872000,875872000,0.99998486,0.0017314509,-0.0015250365,-0.0058364295,0.0,0.0,0.0,0.0,0,62.032
875892000,875892000,0.9999848,0.0017737276,-0.0015038669,-0.005843514,0.0,0.0,0.0,0.0,0,62.052
875912000,875912000,0.9999847,0.0018127264,-0.001483899,-0.0058505903,0.0,0.0,0.0,0.0,0,62.072
875932000,875932000,0.9999846,0.0018471326,-0.0014675225,-0.0058573326,0.0,0.0,0.0,0.0,0,62.092
875952000,875952000,0.99998456,0.0018777115,-0.0014580201,-0.0058639287,0.0,0.0,0.0,0.0,0,62.112
875972000,875972000,0.99998444,0.0019058001,-0.0014499186,-0.0058704847,0.0,0.0,0.0,0.0,0,62.132
875992000,875992000,0.9999844,0.0019295111,-0.0014479122,-0.0058767195,0.0,0.0,0.0,0.0,0,62.152
876012000,876012000,0.9999843,0.001949128,-0.0014471383,-0.0058832564,0.0,0.0,0.0,0.0,0,62.172
876032000,876032000,0.9999842,0.0019646538,-0.0014445272,-0.0058897533,0.0,0.0,0.0,0.0,0,62.192
876052000,876052000,0.99998415,0.0019789427,-0.0014447389,-0.0058962964,0.0,0.0,0.0,0.0,0,62.212
876072000,876072000,0.9999841,0.0019786283,-0.0014627293,-0.0059031313,0.0,0.0,0.0,0.0,0,62.232
876092000,876092000,0.999984,0.0019628103,-0.0014938759,-0.005910059,0.0,0.0,0.0,0.0,0,62.252
876112000,876112000,0.999984,0.0019235098,-0.0015118171,-0.0059167845,0.0,0.0,0.0,0.0,0,62.272
876132000,876132000,0.9999841,0.0018682239,-0.0015175431,-0.0059232805,0.0,0.0,0.0,0.0,0,62.292
876152000,876152000,0.9999842,0.0018060841,-0.0015214882,-0.0059298524,0.0,0.0,0.0,0.0,0,62.312
876172000,876172000,0.99998426,0.0017400732,-0.0015276113,-0.005936422,0.0,0.0,0.0,0.0,0,62.332
876192000,876192000,0.9999843,0.0016728864,-0.0015357262,-0.005943064,0.0,0.0,0.0,0.0,0,62.352
876212000,876212000,0.9999844,0.0015982101,-0.0015531442,-0.005950444,0.0,0.0,0.0,0.0,0,62.372
876232000,876232000,0.9999844,0.0015114957,-0.00158454,-0.0059583196,0.0,0.0,0.0,0.0,0,62.392
876252000,876252000,0.99998444,0.0014220534,-0.0016194476,-0.0059664873,0.0,0.0,0.0,0.0,0,62.412
876272000,876272000,0.9999845,0.0013293879,-0.0016412658,-0.005974397,0.0,0.0,0.0,0.0,0,62.432
876292000,876292000,0.9999845,0.0012361415,-0.0016562175,-0.005981911,0.0,0.0,0.0,0.0,0,62.452
876312000,876312000,0.99998456,0.0011438259,-0.0016754053,-0.005989214,0.0,0.0,0.0,0.0,0,62.472
876332000,876332000,0.9999862,0.0006788353,-0.00072043744,-0.005982322,0.0,0.0,0.0,0.0,0,62.492
876352000,876352000,0.9999602,-0.002354754,0.0069434284,-0.005914731,0.0,0.0,0.0,0.0,0,62.512
876372000,876372000,0.9996986,-0.008618683,0.022461297,-0.005748469,0.0,0.0,0.0,0.0,0,62.532
876392000,876392000,0.99890685,-0.017560417,0.04308148,-0.0054571447,0.0,0.0,0.0,0.0,0,62.552
876412000,876412000,0.997418,-0.028246405,0.065904066,-0.005022232,0.0,0.0,0.0,0.0,0,62.572
876432000,876432000,0.99520946,-0.039990436,0.08915439,-0.0044226325,0.0,0.0,0.0,0.0,0,62.592
876452000,876452000,0.9923247,-0.052314416,0.11203011,-0.003643525,0.0,0.0,0.0,0.0,0,62.612
876472000,876472000,0.98888314,-0.0646561,0.13390887,-0.002689289,0.0,0.0,0.0,0.0,0,62.632
876492000,876492000,0.9850056,-0.07679057,0.15451163,-0.0015535369,0.0,0.0,0.0,0.0,0,62.652
876512000,876512000,0.98085105,-0.08843505,0.17354971,-0.00024317822,0.0,0.0,0.0,0.0,0,62.672
876532000,876532000,0.9765694,-0.09939652,0.19089298,0.0012305089,0.0,0.0,0.0,0.0,0,62.692
876552000,876552000,0.97225815,-0.109597325,0.20664823,0.0028491386,0.0,0.0,0.0,0.0,0,62.712
876572000,876572000,0.9680392,-0.11895965,0.2207635,0.004604577,0.0,0.0,0.0,0.0,0,62.732
876592000,876592000,0.963965,-0.12744765,0.23344353,0.006463649,0.0,0.0,0.0,0.0,0,62.752
876612000,876612000,0.9601107,-0.13507356,0.24470536,0.008423991,0.0,0.0,0.0,0.0,0,62.772
876632000,876632000,0.95649356,-0.14183444,0.25476068,0.010450293,0.0,0.0,0.0,0.0,0,62.792
876652000,876652000,0.95313805,-0.14780919,0.26368934,0.012543724,0.0,0.0,0.0,0.0,0,62.812
876672000,876672000,0.95004845,-0.15300676,0.2716443,0.014674102,0.0,0.0,0.0,0.0,0,62.832
876692000,876692000,0.9472279,-0.157513,0.27870125,0.016844042,0.0,0.0,0.0,0.0,0,62.852
876712000,876712000,0.94466627,-0.16135135,0.28498846,0.019028088,0.0,0.0,0.0,0.0,0,62.872
876732000,876732000,0.9423473,-0.16461082,0.29059154,0.021226218,0.0,0.0,0.0,0.0,0,62.892
876752000,876752000,0.94025797,-0.16732764,0.29559582,0.023421962,0.0,0.0,0.0,0.0,0,62.912
876772000,876772000,0.938378,-0.1695807,0.30007014,0.025615083,0.0,0.0,0.0,0.0,0,62.932
876792000,876792000,0.93669534,-0.17140834,0.3040684,0.027795475,0.0,0.0,0.0,0.0,0,62.952
876812000,876812000,0.93519205,-0.17287326,0.3076396,0.029961389,0.0,0.0,0.0,0.0,0,62.972
876832000,876832000,0.93385017,-0.1740036,0.3108464,0.032097444,0.0,0.0,0.0,0.0,0,62.992
876852000,876852000,0.9326562,-0.17485124,0.31371737,0.034203455,0.0,0.0,0.0,0.0,0,63.012
876872000,876872000,0.93158925,-0.17546108,0.31630412,0.036272425,0.0,0.0,0.0,0.0,0,63.032
876892000,876892000,0.9306399,-0.17586376,0.31862745,0.038299724,0.0,0.0,0.0,0.0,0,63.052
876912000,876912000,0.9297919,-0.17608297,0.32073173,0.040273804,0.0,0.0,0.0,0.0,0,63.072
876932000,876932000,0.9290365,-0.17615315,0.32262984,0.042194016,0.0,0.0,0.0,0.0,0,63.092
876952000,876952000,0.9283624,-0.17610802,0.32434097,0.04405874,0.0,0.0,0.0,0.0,0,63.112
876972000,876972000,0.9277653,-0.17595771,0.32587788,0.045860175,0.0,0.0,0.0,0.0,0,63.132
876992000,876992000,0.92723453,-0.17571756,0.32726702,0.04759042,0.0,0.0,0.0,0.0,0,63.152
877012000,877012000,0.9267635,-0.17541404,0.32851622,0.049249876,0.0,0.0,0.0,0.0,0,63.172
877032000,877032000,0.9263466,-0.17506564,0.32963428,0.050836697,0.0,0.0,0.0,0.0,0,63.192
877052000,877052000,0.9259774,-0.17467102,0.33064392,0.052340582,0.0,0.0,0.0,0.0,0,63.212
877072000,877072000,0.9256536,-0.1742512,0.33154252,0.053764846,0.0,0.0,0.0,0.0,0,63.232
877092000,877092000,0.9253673,-0.17381658,0.33234876,0.05510488,0.0,0.0,0.0,0.0,0,63.252
877112000,877112000,0.9251154,-0.17336689,0.33307448,0.05635513,0.0,0.0,0.0,0.0,0,63.272
877132000,877132000,0.9248963,-0.17291497,0.33371854,0.05751819,0.0,0.0,0.0,0.0,0,63.292
877152000,877152000,0.9247076,-0.17246377,0.3342876,0.058591973,0.0,0.0,0.0,0.0,0,63.312
877172000,877172000,0.9245467,-0.17201689,0.3347886,0.059575383,0.0,0.0,0.0,0.0,0,63.332
877192000,877192000,0.9244092,-0.17158426,0.33522978,0.06046957,0.0,0.0,0.0,0.0,0,63.352
877212000,877212000,0.9242954,-0.17116505,0.33561125,0.061274987,0.0,0.0,0.0,0.0,0,63.372
877232000,877232000,0.92420447,-0.17077039,0.3359302,0.06199637,0.0,0.0,0.0,0.0,0,63.392
877252000,877252000,0.9241334,-0.17038813,0.33620253,0.062627636,0.0,0.0,0.0,0.0,0,63.412
877272000,877272000,0.9240978,-0.17000543,0.33639225,0.06317263,0.0,0.0,0.0,0.0,0,63.432
877292000,877292000,0.9242113,-0.16953672,0.33622527,0.06365821,0.0,0.0,0.0,0.0,0,63.452
877312000,877312000,0.924621,-0.16885996,0.33535224,0.06411227,0.0,0.0,0.0,0.0,0,63.472
877332000,877332000,0.92541105,-0.1678792,0.33357888,0.06453801,0.0,0.0,0.0,0.0,0,63.492
877352000,877352000,0.92658854,-0.16654737,0.33089358,0.06491657,0.0,0.0,0.0,0.0,0,63.512
877372000,877372000,0.9281385,-0.16484104,0.3273237,0.06522817,0.0,0.0,0.0,0.0,0,63.532
877392000,877392000,0.9300347,-0.1627584,0.3229081,0.06545725,0.0,0.0,0.0,0.0,0,63.552
877412000,877412000,0.9322602,-0.16028716,0.317657,0.06558983,0.0,0.0,0.0,0.0,0,63.572
877432000,877432000,0.93478,-0.15745445,0.3116048,0.06561995,0.0,0.0,0.0,0.0,0,63.592
877452000,877452000,0.9375757,-0.15424095,0.30475587,0.06553225,0.0,0.0,0.0,0.0,0,63.612
877472000,877472000,0.94061506,-0.15066297,0.29713026,0.06532026,0.0,0.0,0.0,0.0,0,63.632
877492000,877492000,0.9438713,-0.14670093,0.2887457,0.06496765,0.0,0.0,0.0,0.0,0,63.652
877512000,877512000,0.94731414,-0.14238374,0.27959713,0.06447744,0.0,0.0,0.0,0.0,0,63.672
877532000,877532000,0.95090914,-0.13769282,0.26971626,0.06383346,0.0,0.0,0.0,0.0,0,63.692
877552000,877552000,0.9546103,-0.13266735,0.25914112,0.06303648,0.0,0.0,0.0,0.0,0,63.712
877572000,877572000,0.95837885,-0.12728329,0.24792206,0.062069986,0.0,0.0,0.0,0.0,0,63.732
877592000,877592000,0.9621785,-0.1215923,0.23605596,0.0609464,0.0,0.0,0.0,0.0,0,63.752
877612000,877612000,0.96596646,-0.115576394,0.22361031,0.05965268,0.0,0.0,0.0,0.0,0,63.772
877632000,877632000,0.9697067,-0.10928066,0.21059042,0.05820116,0.0,0.0,0.0,0.0,0,63.792
877652000,877652000,0.9733553,-0.10268645,0.19708551,0.056581154,0.0,0.0,0.0,0.0,0,63.812
877672000,877672000,0.97688305,-0.09583426,0.18308602,0.05480835,0.0,0.0,0.0,0.0,0,63.832
877692000,877692000,0.98024184,-0.08873229,0.16871712,0.052879114,0.0,0.0,0.0,0.0,0,63.852
877712000,877712000,0.98340863,-0.08140838,0.15397301,0.050809264,0.0,0.0,0.0,0.0,0,63.872
877732000,877732000,0.98634017,-0.07388539,0.1390002,0.048600856,0.0,0.0,0.0,0.0,0,63.892
877752000,877752000,0.9890209,-0.06618371,0.12379621,0.046271224,0.0,0.0,0.0,0.0,0,63.912
877772000,877772000,0.99141735,-0.058351044,0.10851195,0.043830037,0.0,0.0,0.0,0.0,0,63.932
877792000,877792000,0.993523,-0.050398774,0.09314379,0.04129542,0.0,0.0,0.0,0.0,0,63.952
877812000,877812000,0.99531746,-0.042390607,0.07783956,0.03868241,0.0,0.0,0.0,0.0,0,63.972
877832000,877832000,0.99680275,-0.034329377,0.06259491,0.03601033,0.0,0.0,0.0,0.0,0,63.992
877852000,877852000,0.9979716,-0.026289774,0.047560476,0.03329682,0.0,0.0,0.0,0.0,0,64.012
877872000,877872000,0.99883485,-0.018260187,0.032721132,0.030561287,0.0,0.0,0.0,0.0,0,64.032
877892000,877892000,0.9993984,-0.010307399,0.018207943,0.027823217,0.0,0.0,0.0,0.0,0,64.052
877912000,877912000,0.9996785,-0.0024218487,0.0040095714,0.025101777,0.0,0.0,0.0,0.0,0,64.072
877932000,877932000,0.99969137,0.005327406,-0.009768732,0.022416007,0.0,0.0,0.0,0.0,0,64.092
877952000,877952000,0.99945706,0.012935995,-0.023150012,0.019784046,0.0,0.0,0.0,0.0,0,64.112
877972000,877972000,0.99899954,0.02034352,-0.036035374,0.01722359,0.0,0.0,0.0,0.0,0,64.132
877992000,877992000,0.99834096,0.02755717,-0.04845,0.014750918,0.0,0.0,0.0,0.0,0,64.152
878012000,878012000,0.9975073,0.034539603,-0.06034987,0.012381031,0.0,0.0,0.0,0.0,0,64.172
878032000,878032000,0.99651986,0.041294947,-0.07175988,0.010127585,0.0,0.0,0.0,0.0,0,64.192
878052000,878052000,0.9954054,0.047790103,-0.08263932,0.008003034,0.0,0.0,0.0,0.0,0,64.212
878072000,878072000,0.9941856,0.054024693,-0.09300088,0.006018891,0.0,0.0,0.0,0.0,0,64.232
878092000,878092000,0.99288476,0.059974927,-0.10283224,0.004183947,0.0,0.0,0.0,0.0,0,64.252
878112000,878112000,0.9915202,0.06565489,-0.112160094,0.002507672,0.0,0.0,0.0,0.0,0,64.272
878132000,878132000,0.99011314,0.071040735,-0.1209848,0.0009948559,0.0,0.0,0.0,0.0,0,64.292
878152000,878152000,0.9886768,0.076149665,-0.12933838,-0.00034875286,0.0,0.0,0.0,0.0,0,64.312
878172000,878172000,0.9872303,0.08095002,-0.1372232,-0.0015225773,0.0,0.0,0.0,0.0,0,64.332
878192000,878192000,0.98578614,0.08546253,-0.14465347,-0.0025212595,0.0,0.0,0.0,0.0,0,64.352
878212000,878212000,0.98435867,0.08967569,-0.1516384,-0.0033453358,0.0,0.0,0.0,0.0,0,64.372
878232000,878232000,0.9829562,0.09360233,-0.15820524,-0.0039947676,0.0,0.0,0.0,0.0,0,64.392
878252000,878252000,0.9815941,0.097224936,-0.1643455,-0.004472467,0.0,0.0,0.0,0.0,0,64.412
878272000,878272000,0.98027444,0.10056186,-0.17010443,-0.00478189,0.0,0.0,0.0,0.0,0,64.432
878292000,878292000,0.979008,0.10361413,-0.17547716,-0.0049256203,0.0,0.0,0.0,0.0,0,64.452
878312000,878312000,0.9777975,0.10638796,-0.18049553,-0.0049099233,0.0,0.0,0.0,0.0,0,64.472
878332000,878332000,0.97665143,0.10889171,-0.18515204,-0.0047371997,0.0,0.0,0.0,0.0,0,64.492
878352000,878352000,0.9755697,0.111138135,-0.18947719,-0.004414504,0.0,0.0,0.0,0.0,0,64.512
878372000,878372000,0.9745566,0.11312992,-0.19348006,-0.003949657,0.0,0.0,0.0,0.0,0,64.532
878392000,878392000,0.97361445,0.11486441,-0.19717728,-0.0033526353,0.0,0.0,0.0,0.0,0,64.552
878412000,878412000,0.97274524,0.11635457,-0.20057553,-0.002629689,0.0,0.0,0.0,0.0,0,64.572
878432000,878432000,0.971948,0.11761326,-0.20369107,-0.0017889073,0.0,0.0,0.0,0.0,0,64.592
878452000,878452000,0.97122467,0.118647665,-0.20652796,-0.00083839806,0.0,0.0,0.0,0.0,0,64.612
878472000,878472000,0.97057575,0.11946675,-0.20909204,0.00021326976,0.0,0.0,0.0,0.0,0,64.632
878492000,878492000,0.97000045,0.12007196,-0.211398,0.0013539395,0.0,0.0,0.0,0.0,0,64.652
878512000,878512000,0.9694954,0.12048582,-0.2134578,0.0025762725,0.0,0.0,0.0,0.0,0,64.672
878532000,878532000,0.9690602,0.12071673,-0.21527642,0.0038708982,0.0,0.0,0.0,0.0,0,64.692
878552000,878552000,0.96869165,0.120776005,-0.21686718,0.0052275583,0.0,0.0,0.0,0.0,0,64.712
878572000,878572000,0.968387,0.12067499,-0.21824116,0.0066361516,0.0,0.0,0.0,0.0,0,64.732
878592000,878592000,0.9681441,0.12044123,-0.21939582,0.008091774,0.0,0.0,0.0,0.0,0,64.752
878612000,878612000,0.9679631,0.120070264,-0.2203358,0.009581657,0.0,0.0,0.0,0.0,0,64.772
878632000,878632000,0.9678395,0.11956998,-0.22107866,0.01109435,0.0,0.0,0.0,0.0,0,64.792
878652000,878652000,0.9677731,0.11895169,-0.22162022,0.012622266,0.0,0.0,0.0,0.0,0,64.812
878672000,878672000,0.96776336,0.118226886,-0.2219575,0.014157735,0.0,0.0,0.0,0.0,0,64.832
878692000,878692000,0.9678071,0.1174029,-0.22210105,0.015690826,0.0,0.0,0.0,0.0,0,64.852
878712000,878712000,0.9679003,0.116494015,-0.22206074,0.017213434,0.0,0.0,0.0,0.0,0,64.872
878732000,878732000,0.96804017,0.11550309,-0.22184692,0.018715436,0.0,0.0,0.0,0.0,0,64.892
878752000,878752000,0.96822697,0.11444434,-0.2214508,0.020191805,0.0,0.0,0.0,0.0,0,64.912
878772000,878772000,0.9684595,0.11332513,-0.22087242,0.021635542,0.0,0.0,0.0,0.0,0,64.932
878792000,878792000,0.9687371,0.11214668,-0.22011322,0.023037998,0.0,0.0,0.0,0.0,0,64.952
878812000,878812000,0.96905553,0.1109152,-0.21918797,0.024391202,0.0,0.0,0.0,0.0,0,64.972
878832000,878832000,0.9694122,0.10964132,-0.21810079,0.025689697,0.0,0.0,0.0,0.0,0,64.992
878852000,878852000,0.9698033,0.10833645,-0.21686132,0.026928255,0.0,0.0,0.0,0.0,0,65.012
878872000,878872000,0.9702287,0.10700136,-0.21546805,0.02810126,0.0,0.0,0.0,0.0,0,65.032
878892000,878892000,0.9706866,0.105641484,-0.21392421,0.0292038,0.0,0.0,0.0,0.0,0,65.052
878912000,878912000,0.97117555,0.10426824,-0.21222924,0.030233353,0.0,0.0,0.0,0.0,0,65.072
878932000,878932000,0.9716919,0.10288478,-0.21039528,0.031185046,0.0,0.0,0.0,0.0,0,65.092
878952000,878952000,0.97223234,0.10149654,-0.20843287,0.032055195,0.0,0.0,0.0,0.0,0,65.112
878972000,878972000,0.9727965,0.10009737,-0.20634489,0.032839157,0.0,0.0,0.0,0.0,0,65.132
878992000,878992000,0.9733836,0.09870204,-0.20412394,0.03353833,0.0,0.0,0.0,0.0,0,65.152
879012000,879012000,0.9739928,0.09730594,-0.20177318,0.034149434,0.0,0.0,0.0,0.0,0,65.172
879032000,879032000,0.9746205,0.09591656,-0.19930337,0.034671042,0.0,0.0,0.0,0.0,0,65.192
879052000,879052000,0.97526544,0.09452874,-0.19671981,0.035100374,0.0,0.0,0.0,0.0,0,65.212
879072000,879072000,0.97592527,0.09315737,-0.19402243,0.03544017,0.0,0.0,0.0,0.0,0,65.232
879092000,879092000,0.97659534,0.091793455,-0.1912357,0.035685994,0.0,0.0,0.0,0.0,0,65.252
879112000,879112000,0.9772748,0.09044371,-0.18835758,0.03583952,0.0,0.0,0.0,0.0,0,65.272
879132000,879132000,0.9779632,0.08909814,-0.18539087,0.035899535,0.0,0.0,0.0,0.0,0,65.292
879152000,879152000,0.97865903,0.08777024,-0.18233295,0.035870407,0.0,0.0,0.0,0.0,0,65.312
879172000,879172000,0.9793586,0.086446464,-0.17920612,0.035749212,0.0,0.0,0.0,0.0,0,65.332
879192000,879192000,0.9800626,0.08513118,-0.176,0.03554016,0.0,0.0,0.0,0.0,0,65.352
879212000,879212000,0.98076683,0.08382325,-0.17273407,0.035243873,0.0,0.0,0.0,0.0,0,65.372
879232000,879232000,0.9814729,0.0825244,-0.16939345,0.034864884,0.0,0.0,0.0,0.0,0,65.392
879252000,879252000,0.98217535,0.0812364,-0.16600507,0.034404818,0.0,0.0,0.0,0.0,0,65.412
879272000,879272000,0.98287624,0.07996086,-0.16254997,0.033869244,0.0,0.0,0.0,0.0,0,65.432
879292000,879292000,0.9835735,0.07868561,-0.15904337,0.0332584,0.0,0.0,0.0,0.0,0,65.452
879312000,879312000,0.98426604,0.07741017,-0.15548603,0.032576382,0.0,0.0,0.0,0.0,0,65.472
879332000,879332000,0.9849494,0.076140225,-0.15189976,0.03182662,0.0,0.0,0.0,0.0,0,65.492
879352000,879352000,0.98562574,0.07486574,-0.14827122,0.031013198,0.0,0.0,0.0,0.0,0,65.512
879372000,879372000,0.98629004,0.073594354,-0.14462568,0.030139804,0.0,0.0,0.0,0.0,0,65.532
879392000,879392000,0.98694265,0.07232214,-0.14095928,0.029210944,0.0,0.0,0.0,0.0,0,65.552
879412000,879412000,0.9875807,0.0710536,-0.13728723,0.028230852,0.0,0.0,0.0,0.0,0,65.572
879432000,879432000,0.9882051,0.06977935,-0.13360642,0.02720335,0.0,0.0,0.0,0.0,0,65.592
879452000,879452000,0.98881316,0.068504706,-0.12993008,0.026133144,0.0,0.0,0.0,0.0,0,65.612
879472000,879472000,0.9894066,0.06721964,-0.12624967,0.025024422,0.0,0.0,0.0,0.0,0,65.632
879492000,879492000,0.98998314,0.065935604,-0.12257474,0.023883391,0.0,0.0,0.0,0.0,0,65.652
879512000,879512000,0.9905437,0.064643204,-0.118901655,0.022714062,0.0,0.0,0.0,0.0,0,65.672
879532000,879532000,0.9910849,0.063351825,-0.11525303,0.021520656,0.0,0.0,0.0,0.0,0,65.692
879552000,879552000,0.991608,0.062052418,-0.11162326,0.020307474,0.0,0.0,0.0,0.0,0,65.712
879572000,879572000,0.9921107,0.060755815,-0.10802826,0.019079583,0.0,0.0,0.0,0.0,0,65.732
879592000,879592000,0.99259543,0.05945269,-0.10445327,0.017841578,0.0,0.0,0.0,0.0,0,65.752
879612000,879612000,0.99305975,0.058154706,-0.10091537,0.016597923,0.0,0.0,0.0,0.0,0,65.772
879632000,879632000,0.9935057,0.056845915,-0.097408436,0.015351864,0.0,0.0,0.0,0.0,0,65.792
879652000,879652000,0.9939303,0.055543173,-0.09395541,0.014108265,0.0,0.0,0.0,0.0,0,65.812
879672000,879672000,0.9943353,0.054237567,-0.090548694,0.012870775,0.0,0.0,0.0,0.0,0,65.832
879692000,879692000,0.9947196,0.052941408,-0.08719891,0.011643722,0.0,0.0,0.0,0.0,0,65.852
879712000,879712000,0.9950858,0.0516392,-0.08389315,0.010430408,0.0,0.0,0.0,0.0,0,65.872
879732000,879732000,0.9954317,0.050346397,-0.080651715,0.009234828,0.0,0.0,0.0,0.0,0,65.892
879752000,879752000,0.9957591,0.04905352,-0.07747008,0.00806046,0.0,0.0,0.0,0.0,0,65.912
879772000,879772000,0.9960685,0.04776453,-0.074346915,0.006911692,0.0,0.0,0.0,0.0,0,65.932
879792000,879792000,0.9963614,0.04646747,-0.071276695,0.0057908273,0.0,0.0,0.0,0.0,0,65.952
879812000,879812000,0.9966368,0.045168467,-0.06827786,0.0047002793,0.0,0.0,0.0,0.0,0,65.972
879832000,879832000,0.9968977,0.04386076,-0.065322176,0.0036439283,0.0,0.0,0.0,0.0,0,65.992
879852000,879852000,0.9971444,0.042546492,-0.06241005,0.0026239932,0.0,0.0,0.0,0.0,0,66.012
879872000,879872000,0.99737793,0.041213613,-0.059540384,0.0016417629,0.0,0.0,0.0,0.0,0,66.032
879892000,879892000,0.99759775,0.03987816,-0.056719594,0.0007000704,0.0,0.0,0.0,0.0,0,66.052
879912000,879912000,0.997806,0.038529262,-0.053923737,-0.0001995366,0.0,0.0,0.0,0.0,0,66.072
879932000,879932000,0.99800175,0.037169486,-0.051175285,-0.001056382,0.0,0.0,0.0,0.0,0,66.092
879952000,879952000,0.99818563,0.035796907,-0.048472963,-0.0018696537,0.0,0.0,0.0,0.0,0,66.112
879972000,879972000,0.99835736,0.03441909,-0.04582641,-0.0026383675,0.0,0.0,0.0,0.0,0,66.132
879992000,879992000,0.9985174,0.033044986,-0.04323072,-0.0033618351,0.0,0.0,0.0,0.0,0,66.152
880012000,880012000,0.99866545,0.031678624,-0.04070021,-0.004040201,0.0,0.0,0.0,0.0,0,66.172
880032000,880032000,0.99880266,0.030318193,-0.03822687,-0.0046725795,0.0,0.0,0.0,0.0,0,66.192
880052000,880052000,0.99892956,0.028965592,-0.03580671,-0.0052585592,0.0,0.0,0.0,0.0,0,66.212
880072000,880072000,0.9990457,0.02762921,-0.03346228,-0.005798945,0.0,0.0,0.0,0.0,0,66.232
880092000,880092000,0.9991516,0.026315091,-0.031194925,-0.006293826,0.0,0.0,0.0,0.0,0,66.252
880112000,880112000,0.9992477,0.025021084,-0.029009681,-0.006744019,0.0,0.0,0.0,0.0,0,66.272
880132000,880132000,0.99933505,0.02374978,-0.02689491,-0.007149698,0.0,0.0,0.0,0.0,0,66.292
880152000,880152000,0.9994139,0.022503464,-0.02486165,-0.0075118984,0.0,0.0,0.0,0.0,0,66.312
880172000,880172000,0.99948484,0.021290038,-0.022902237,-0.0078314515,0.0,0.0,0.0,0.0,0,66.332
880192000,880192000,0.9995484,0.02010992,-0.02102362,-0.008109703,0.0,0.0,0.0,0.0,0,66.352
880212000,880212000,0.99960506,0.018967748,-0.019219022,-0.008347737,0.0,0.0,0.0,0.0,0,66.372
880232000,880232000,0.9996554,0.017855769,-0.01749882,-0.008547029,0.0,0.0,0.0,0.0,0,66.392
880252000,880252000,0.9997002,0.016777638,-0.01585268,-0.00870883,0.0,0.0,0.0,0.0,0,66.412
880272000,880272000,0.9997396,0.015735274,-0.014288314,-0.008834644,0.0,0.0,0.0,0.0,0,66.432
880292000,880292000,0.9997743,0.014732701,-0.012797488,-0.008926083,0.0,0.0,0.0,0.0,0,66.452
880312000,880312000,0.9998047,0.013766401,-0.011379503,-0.0089846775,0.0,0.0,0.0,0.0,0,66.472
880332000,880332000,0.9998312,0.012837344,-0.010034178,-0.009012236,0.0,0.0,0.0,0.0,0,66.492
880352000,880352000,0.9998542,0.011945981,-0.008761693,-0.00901055,0.0,0.0,0.0,0.0,0,66.512
880372000,880372000,0.9998742,0.011093423,-0.0075525874,-0.008981224,0.0,0.0,0.0,0.0,0,66.532
880392000,880392000,0.99989134,0.01027735,-0.0064090607,-0.008926281,0.0,0.0,0.0,0.0,0,66.552
880412000,880412000,0.9999061,0.009495691,-0.0053260713,-0.008847468,0.0,0.0,0.0,0.0,0,66.572
880432000,880432000,0.99991876,0.0087502,-0.0043046586,-0.0087467665,0.0,0.0,0.0,0.0,0,66.592
880452000,880452000,0.99992937,0.008044849,-0.003346074,-0.0086259525,0.0,0.0,0.0,0.0,0,66.612
880472000,880472000,0.9999383,0.007378822,-0.002446151,-0.008486595,0.0,0.0,0.0,0.0,0,66.632
880492000,880492000,0.99994576,0.0067547634,-0.0015959815,-0.008330388,0.0,0.0,0.0,0.0,0,66.652
880512000,880512000,0.9999519,0.0061708954,-0.0007941458,-0.008159037,0.0,0.0,0.0,0.0,0,66.672
880532000,880532000,0.9999569,0.005625503,-4.804115e-05,-0.007974557,0.0,0.0,0.0,0.0,0,66.692
880552000,880552000,0.999961,0.0051153093,0.000641586,-0.007778579,0.0,0.0,0.0,0.0,0,66.712
880572000,880572000,0.9999643,0.00463468,0.0012814461,-0.0075729606,0.0,0.0,0.0,0.0,0,66.732
880592000,880592000,0.9999669,0.004188621,0.0018781718,-0.007359232,0.0,0.0,0.0,0.0,0,66.752
880612000,880612000,0.999969,0.0037751908,0.0024311668,-0.0071387845,0.0,0.0,0.0,0.0,0,66.772
880632000,880632000,0.99997056,0.0033980657,0.0029412457,-0.006913166,0.0,0.0,0.0,0.0,0,66.792
880652000,880652000,0.99997175,0.0030530167,0.0034057372,-0.0066839806,0.0,0.0,0.0,0.0,0,66.812
880672000,880672000,0.99997264,0.002738469,0.003832995,-0.0064526815,0.0,0.0,0.0,0.0,0,66.832
880692000,880692000,0.9999733,0.0024487318,0.0042285747,-0.0062200427,0.0,0.0,0.0,0.0,0,66.852
880712000,880712000,0.99997365,0.00218572,0.004596911,-0.005987289,0.0,0.0,0.0,0.0,0,66.872
880732000,880732000,0.99997395,0.0019441183,0.004932396,-0.0057555162,0.0,0.0,0.0,0.0,0,66.892
880752000,880752000,0.99997413,0.0017222953,0.005229815,-0.0055259108,0.0,0.0,0.0,0.0,0,66.912
880772000,880772000,0.99997425,0.0015254759,0.0054925424,-0.0052996348,0.0,0.0,0.0,0.0,0,66.932
880792000,880792000,0.99997437,0.0013472079,0.0057235253,-0.0050773867,0.0,0.0,0.0,0.0,0,66.952
880812000,880812000,0.9999745,0.0011839947,0.005927715,-0.0048598233,0.0,0.0,0.0,0.0,0,66.972
880832000,880832000,0.99997455,0.001037327,0.006110545,-0.004648099,0.0,0.0,0.0,0.0,0,66.992
880852000,880852000,0.9999746,0.0009054691,0.006266653,-0.0044428045,0.0,0.0,0.0,0.0,0,67.012
880872000,880872000,0.9999748,0.00079066906,0.0063985214,-0.004244608,0.0,0.0,0.0,0.0,0,67.032
880892000,880892000,0.99997497,0.00068725017,0.0065019587,-0.004053958,0.0,0.0,0.0,0.0,0,67.052
880912000,880912000,0.99997526,0.00059732137,0.0065787295,-0.0038712209,0.0,0.0,0.0,0.0,0,67.072
880932000,880932000,0.99997556,0.00051835045,0.006640454,-0.0036970908,0.0,0.0,0.0,0.0,0,67.092
880952000,880952000,0.9999758,0.00045307583,0.0066949376,-0.003531664,0.0,0.0,0.0,0.0,0,67.112
880972000,880972000,0.9999761,0.0004061474,0.006737476,-0.0033751908,0.0,0.0,0.0,0.0,0,67.132
880992000,880992000,0.9999764,0.00037318742,0.006761818,-0.0032279433,0.0,0.0,0.0,0.0,0,67.152
881012000,881012000,0.9999769,0.00035310822,0.006762058,-0.0030901823,0.0,0.0,0.0,0.0,0,67.172
881032000,881032000,0.99997735,0.00034694865,0.0067434176,-0.0029620675,0.0,0.0,0.0,0.0,0,67.192
881052000,881052000,0.99997795,0.00035338043,0.0067089912,-0.002843816,0.0,0.0,0.0,0.0,0,67.212
881072000,881072000,0.9999786,0.00036569525,0.0066537843,-0.0027356145,0.0,0.0,0.0,0.0,0,67.232
881092000,881092000,0.9999793,0.0003846853,0.006581139,-0.0026372469,0.0,0.0,0.0,0.0,0,67.252
881112000,881112000,0.9999801,0.0004100304,0.006496753,-0.0025485787,0.0,0.0,0.0,0.0,0,67.272
881132000,881132000,0.99998087,0.0004436554,0.006406988,-0.00246936,0.0,0.0,0.0,0.0,0,67.292
881152000,881152000,0.99998164,0.0004872384,0.0063099186,-0.0023994837,0.0,0.0,0.0,0.0,0,67.312
881172000,881172000,0.9999825,0.00053905026,0.006199395,-0.002338553,0.0,0.0,0.0,0.0,0,67.332
881192000,881192000,0.9999833,0.00058872224,0.0060752686,-0.002286206,0.0,0.0,0.0,0.0,0,67.352
881212000,881212000,0.99998415,0.0006369558,0.005944556,-0.0022424723,0.0,0.0,0.0,0.0,0,67.372
881232000,881232000,0.99998504,0.00068822235,0.005804532,-0.0022073265,0.0,0.0,0.0,0.0,0,67.392
881252000,881252000,0.99998593,0.0007401764,0.0056468453,-0.0021803784,0.0,0.0,0.0,0.0,0,67.412
881272000,881272000,0.9999869,0.00078930135,0.0054784813,-0.0021614376,0.0,0.0,0.0,0.0,0,67.432
881292000,881292000,0.9999878,0.00083636894,0.005310122,-0.002150075,0.0,0.0,0.0,0.0,0,67.452
881312000,881312000,0.9999886,0.00088860636,0.005150805,-0.0021459167,0.0,0.0,0.0,0.0,0,67.472
881332000,881332000,0.9999894,0.00094055186,0.004981942,-0.0021489074,0.0,0.0,0.0,0.0,0,67.492
881352000,881352000,0.9999903,0.0009856666,0.004788878,-0.0021585035,0.0,0.0,0.0,0.0,0,67.512
881372000,881372000,0.9999911,0.0010383453,0.0045834454,-0.0021742191,0.0,0.0,0.0,0.0,0,67.532
881392000,881392000,0.99999195,0.0010994829,0.0043823305,-0.0021952384,0.0,0.0,0.0,0.0,0,67.552
881412000,881412000,0.99999267,0.0011638985,0.004187447,-0.00222106,0.0,0.0,0.0,0.0,0,67.572
881432000,881432000,0.9999933,0.0012360384,0.003983193,-0.0022512872,0.0,0.0,0.0,0.0,0,67.592
881452000,881452000,0.999994,0.0013069814,0.0037634482,-0.002285432,0.0,0.0,0.0,0.0,0,67.612
881472000,881472000,0.9999946,0.001371731,0.0035516582,-0.0023234603,0.0,0.0,0.0,0.0,0,67.632
881492000,881492000,0.9999952,0.0014320362,0.003341361,-0.0023652657,0.0,0.0,0.0,0.0,0,67.652
881512000,881512000,0.99999565,0.0014818212,0.0031321915,-0.0024102796,0.0,0.0,0.0,0.0,0,67.672
881532000,881532000,0.99999607,0.0015241806,0.0029245238,-0.002458559,0.0,0.0,0.0,0.0,0,67.692
881552000,881552000,0.9999965,0.0015546933,0.0027229197,-0.0025097595,0.0,0.0,0.0,0.0,0,67.712
881572000,881572000,0.99999684,0.0015846795,0.0025250812,-0.0025628938,0.0,0.0,0.0,0.0,0,67.732
881592000,881592000,0.9999971,0.0016177063,0.002334246,-0.0026170101,0.0,0.0,0.0,0.0,0,67.752
881612000,881612000,0.9999973,0.0016478178,0.0021491651,-0.0026717177,0.0,0.0,0.0,0.0,0,67.772
881632000,881632000,0.9999975,0.001664514,0.0019763599,-0.0027270955,0.0,0.0,0.0,0.0,0,67.792
881652000,881652000,0.9999976,0.0016797688,0.0018020235,-0.002782934,0.0,0.0,0.0,0.0,0,67.812
881672000,881672000,0.9999978,0.0016909299,0.0016280827,-0.0028390633,0.0,0.0,0.0,0.0,0,67.832
881692000,881692000,0.99999785,0.0016937443,0.0014681935,-0.0028950456,0.0,0.0,0.0,0.0,0,67.852
881712000,881712000,0.9999979,0.0017042548,0.0013110804,-0.0029501761,0.0,0.0,0.0,0.0,0,67.872
881732000,881732000,0.9999979,0.0017200954,0.0011510286,-0.0030043942,0.0,0.0,0.0,0.0,0,67.892
881752000,881752000,0.9999979,0.0017268537,0.0009983734,-0.0030575483,0.0,0.0,0.0,0.0,0,67.912
881772000,881772000,0.99999785,0.0017213151,0.0008543241,-0.0031098796,0.0,0.0,0.0,0.0,0,67.932
881792000,881792000,0.99999785,0.001709873,0.0007124904,-0.0031614106,0.0,0.0,0.0,0.0,0,67.952
881812000,881812000,0.9999978,0.0016998762,0.000577834,-0.0032118494,0.0,0.0,0.0,0.0,0,67.972
881832000,881832000,0.9999977,0.0016959396,0.00045560303,-0.0032610188,0.0,0.0,0.0,0.0,0,67.992
881852000,881852000,0.9999976,0.0016887275,0.00033654142,-0.0033085363,0.0,0.0,0.0,0.0,0,68.012
881872000,881872000,0.9999975,0.0016756294,0.0002183758,-0.003354038,0.0,0.0,0.0,0.0,0,68.032
881892000,881892000,0.9999974,0.0016564293,0.00010074454,-0.0033974084,0.0,0.0,0.0,0.0,0,68.052
881912000,881912000,0.9999973,0.0016309245,-1.6249507e-05,-0.0034386024,0.0,0.0,0.0,0.0,0,68.072
881932000,881932000,0.9999972,0.0015995112,-0.00013306133,-0.0034776095,0.0,0.0,0.0,0.0,0,68.092
881952000,881952000,0.99999714,0.001568047,-0.00024550827,-0.0035139627,0.0,0.0,0.0,0.0,0,68.112
881972000,881972000,0.999997,0.0015459722,-0.0003487544,-0.0035477376,0.0,0.0,0.0,0.0,0,68.132
881992000,881992000,0.99999684,0.0015340234,-0.0004528826,-0.0035791488,0.0,0.0,0.0,0.0,0,68.152
882012000,882012000,0.9999967,0.0015298025,-0.0005480278,-0.003608346,0.0,0.0,0.0,0.0,0,68.172
882032000,882032000,0.9999966,0.0015285917,-0.0006265146,-0.0036354468,0.0,0.0,0.0,0.0,0,68.192
882052000,882052000,0.9999964,0.0015282942,-0.0006994001,-0.003660295,0.0,0.0,0.0,0.0,0,68.212
882072000,882072000,0.9999963,0.0015252759,-0.0007700331,-0.0036830094,0.0,0.0,0.0,0.0,0,68.232
882092000,882092000,0.9999962,0.0015172227,-0.00083953876,-0.0037036305,0.0,0.0,0.0,0.0,0,68.252
882112000,882112000,0.99999607,0.0015030194,-0.0009080871,-0.0037221832,0.0,0.0,0.0,0.0,0,68.272
882132000,882132000,0.999996,0.0014822001,-0.0009760646,-0.0037386878,0.0,0.0,0.0,0.0,0,68.292
882152000,882152000,0.9999959,0.0014563247,-0.001041407,-0.0037529082,0.0,0.0,0.0,0.0,0,68.312
882172000,882172000,0.9999958,0.0014292328,-0.0011032729,-0.003765122,0.0,0.0,0.0,0.0,0,68.332
882192000,882192000,0.99999577,0.0014022969,-0.0011553249,-0.0037753205,0.0,0.0,0.0,0.0,0,68.352
882212000,882212000,0.9999957,0.0013780302,-0.0011950689,-0.0037836493,0.0,0.0,0.0,0.0,0,68.372
882232000,882232000,0.9999957,0.0013515693,-0.0012281963,-0.0037900354,0.0,0.0,0.0,0.0,0,68.392
882252000,882252000,0.9999957,0.0013201222,-0.0012580284,-0.003794478,0.0,0.0,0.0,0.0,0,68.412
882272000,882272000,0.9999957,0.0012826682,-0.0012854058,-0.003796864,0.0,0.0,0.0,0.0,0,68.432
882292000,882292000,0.9999957,0.0012461555,-0.0013056428,-0.0037972264,0.0,0.0,0.0,0.0,0,68.452
882312000,882312000,0.99999577,0.0012161545,-0.0013141002,-0.0037960059,0.0,0.0,0.0,0.0,0,68.472
882332000,882332000,0.99999577,0.001188084,-0.0013139313,-0.0037930475,0.0,0.0,0.0,0.0,0,68.492
882352000,882352000,0.9999958,0.0011582574,-0.0013109169,-0.003788394,0.0,0.0,0.0,0.0,0,68.512
882372000,882372000,0.9999959,0.0011288332,-0.0013112028,-0.0037824372,0.0,0.0,0.0,0.0,0,68.532
882392000,882392000,0.99999595,0.0011028374,-0.001315375,-0.0037757063,0.0,0.0,0.0,0.0,0,68.552
882412000,882412000,0.999996,0.001076805,-0.0013185651,-0.0037682338,0.0,0.0,0.0,0.0,0,68.572
882432000,882432000,0.99999607,0.0010470132,-0.0013199874,-0.0037598277,0.0,0.0,0.0,0.0,0,68.592
882452000,882452000,0.9999961,0.0010080237,-0.0013250299,-0.0037501343,0.0,0.0,0.0,0.0,0,68.612
882472000,882472000,0.9999962,0.00096634176,-0.0013370906,-0.0037393824,0.0,0.0,0.0,0.0,0,68.632
882492000,882492000,0.99999624,0.00092425133,-0.0013566858,-0.0037281916,0.0,0.0,0.0,0.0,0,68.652
882512000,882512000,0.9999963,0.00087767834,-0.0013790742,-0.003716852,0.0,0.0,0.0,0.0,0,68.672
882532000,882532000,0.99999636,0.00082828704,-0.0013985641,-0.0037050662,0.0,0.0,0.0,0.0,0,68.692
882552000,882552000,0.9999964,0.0007824872,-0.0014067076,-0.0036925836,0.0,0.0,0.0,0.0,0,68.712
882572000,882572000,0.9999965,0.0007381555,-0.0014146329,-0.0036795682,0.0,0.0,0.0,0.0,0,68.732
882592000,882592000,0.9999966,0.0006913618,-0.0014263497,-0.0036661627,0.0,0.0,0.0,0.0,0,68.752
882612000,882612000,0.99999666,0.0006390689,-0.0014373022,-0.0036528714,0.0,0.0,0.0,0.0,0,68.772
882632000,882632000,0.9999967,0.00058689434,-0.0014385916,-0.0036400156,0.0,0.0,0.0,0.0,0,68.792
882652000,882652000,0.99999684,0.0005324858,-0.0014280165,-0.003627215,0.0,0.0,0.0,0.0,0,68.812
882672000,882672000,0.9999969,0.0004752287,-0.0014134254,-0.0036143963,0.0,0.0,0.0,0.0,0,68.832
882692000,882692000,0.999997,0.0004128108,-0.0013961866,-0.0036015864,0.0,0.0,0.0,0.0,0,68.852
882712000,882712000,0.9999971,0.0003461231,-0.0013742351,-0.0035887607,0.0,0.0,0.0,0.0,0,68.872
882732000,882732000,0.9999972,0.00027921156,-0.0013530629,-0.0035764088,0.0,0.0,0.0,0.0,0,68.892
882752000,882752000,0.99999726,0.00021330356,-0.0013364173,-0.0035643363,0.0,0.0,0.0,0.0,0,68.912
882772000,882772000,0.9999974,0.00014213228,-0.001319872,-0.003552424,0.0,0.0,0.0,0.0,0,68.932
882792000,882792000,0.99999744,6.654402e-05,-0.001301198,-0.0035404584,0.0,0.0,0.0,0.0,0,68.952
882812000,882812000,0.9999975,-7.538949e-06,-0.0012821245,-0.0035289759,0.0,0.0,0.0,0.0,0,68.972
882832000,882832000,0.99999756,-7.795544e-05,-0.0012649631,-0.0035174817,0.0,0.0,0.0,0.0,0,68.992
882852000,882852000,0.9999976,-0.00014536164,-0.0012387835,-0.0035062223,0.0,0.0,0.0,0.0,0,69.012
882872000,882872000,0.9999977,-0.00020377993,-0.0012010311,-0.003495668,0.0,0.0,0.0,0.0,0,69.032
882892000,882892000,0.9999978,-0.00025498593,-0.0011657281,-0.003485734,0.0,0.0,0.0,0.0,0,69.052
882912000,882912000,0.99999785,-0.00030787548,-0.0011304115,-0.0034759485,0.0,0.0,0.0,0.0,0,69.072
882932000,882932000,0.99999785,-0.00036485077,-0.0010912905,-0.0034665936,0.0,0.0,0.0,0.0,0,69.092
882952000,882952000,0.9999979,-0.00041985902,-0.0010485996,-0.0034579788,0.0,0.0,0.0,0.0,0,69.112
882972000,882972000,0.999998,-0.00046876862,-0.0009929731,-0.0034500968,0.0,0.0,0.0,0.0,0,69.132
882992000,882992000,0.9999981,-0.0005155932,-0.0009275463,-0.0034426923,0.0,0.0,0.0,0.0,0,69.152
883012000,883012000,0.9999981,-0.00056377123,-0.00086200156,-0.0034358595,0.0,0.0,0.0,0.0,0,69.172
883032000,883032000,0.99999815,-0.00061828195,-0.00081280427,-0.003429909,0.0,0.0,0.0,0.0,0,69.192
883052000,883052000,0.99999815,-0.0006685172,-0.0007678593,-0.0034250047,0.0,0.0,0.0,0.0,0,69.212
883072000,883072000,0.9999982,-0.0007057881,-0.0007146199,-0.0034210447,0.0,0.0,0.0,0.0,0,69.232
883092000,883092000,0.9999982,-0.0007350283,-0.00064958696,-0.0034183133,0.0,0.0,0.0,0.0,0,69.252
883112000,883112000,0.9999983,-0.00076908997,-0.0005871445,-0.003416836,0.0,0.0,0.0,0.0,0,69.272
883132000,883132000,0.9999983,-0.00079355814,-0.00052776636,-0.003416485,0.0,0.0,0.0,0.0,0,69.292
883152000,883152000,0.9999983,-0.0008083275,-0.00046585163,-0.0034174612,0.0,0.0,0.0,0.0,0,69.312
883172000,883172000,0.9999983,-0.0008253869,-0.00041778668,-0.0034200961,0.0,0.0,0.0,0.0,0,69.332
883192000,883192000,0.9999983,-0.0008414587,-0.0003714087,-0.0034239597,0.0,0.0,0.0,0.0,0,69.352
883212000,883212000,0.9999983,-0.00085063954,-0.00031522472,-0.0034288866,0.0,0.0,0.0,0.0,0,69.372
883232000,883232000,0.9999983,-0.00085027434,-0.00026055775,-0.0034347887,0.0,0.0,0.0,0.0,0,69.392
883252000,883252000,0.9999983,-0.0008399125,-0.00021489117,-0.0034414297,0.0,0.0,0.0,0.0,0,69.412
883272000,883272000,0.9999983,-0.0008282334,-0.00017241231,-0.0034481948,0.0,0.0,0.0,0.0,0,69.432
883292000,883292000,0.9999982,-0.00081551174,-0.00012604648,-0.003455643,0.0,0.0,0.0,0.0,0,69.452
883312000,883312000,0.9999982,-0.0007982525,-7.8099765e-05,-0.003463502,0.0,0.0,0.0,0.0,0,69.472
883332000,883332000,0.9999982,-0.0007781057,-3.270315e-05,-0.0034717557,0.0,0.0,0.0,0.0,0,69.492
883352000,883352000,0.9999982,-0.00075926865,1.1943579e-05,-0.0034802295,0.0,0.0,0.0,0.0,0,69.512
883372000,883372000,0.9999982,-0.0007373201,5.0194187e-05,-0.0034893295,0.0,0.0,0.0,0.0,0,69.532
883392000,883392000,0.99999815,-0.0007127877,8.2184124e-05,-0.0034986597,0.0,0.0,0.0,0.0,0,69.552
883412000,883412000,0.99999815,-0.00069168885,0.000113745824,-0.003508308,0.0,0.0,0.0,0.0,0,69.572
883432000,883432000,0.99999815,-0.0006709617,0.00014177487,-0.0035182135,0.0,0.0,0.0,0.0,0,69.592
883452000,883452000,0.9999981,-0.0006478185,0.00016343348,-0.00352871,0.0,0.0,0.0,0.0,0,69.612
883472000,883472000,0.9999981,-0.0006234062,0.000183984,-0.0035394505,0.0,0.0,0.0,0.0,0,69.632
883492000,883492000,0.99999803,-0.00059968204,0.00021770543,-0.0035501367,0.0,0.0,0.0,0.0,0,69.652
883512000,883512000,0.99999803,-0.0005760106,0.0002432732,-0.003560955,0.0,0.0,0.0,0.0,0,69.672
883532000,883532000,0.999998,-0.0005575824,0.00026176992,-0.0035719431,0.0,0.0,0.0,0.0,0,69.692
883552000,883552000,0.999998,-0.00054367835,0.00027826254,-0.00358308,0.0,0.0,0.0,0.0,0,69.712
883572000,883572000,0.9999979,-0.0005300022,0.00029391397,-0.0035941598,0.0,0.0,0.0,0.0,0,69.732
883592000,883592000,0.99999785,-0.0005144376,0.0003079249,-0.0036054489,0.0,0.0,0.0,0.0,0,69.752
883612000,883612000,0.99999785,-0.00049543346,0.00031644726,-0.003616599,0.0,0.0,0.0,0.0,0,69.772
883632000,883632000,0.9999978,-0.00049223134,0.00032328066,-0.0036274395,0.0,0.0,0.0,0.0,0,69.792
883652000,883652000,0.99999774,-0.00050742895,0.00032661812,-0.0036380352,0.0,0.0,0.0,0.0,0,69.812
883672000,883672000,0.9999977,-0.0005314709,0.00034630974,-0.0036482757,0.0,0.0,0.0,0.0,0,69.832
883692000,883692000,0.9999976,-0.00055523124,0.0003666406,-0.0036580847,0.0,0.0,0.0,0.0,0,69.852
883712000,883712000,0.9999976,-0.0005809147,0.00036907758,-0.003667799,0.0,0.0,0.0,0.0,0,69.872
883732000,883732000,0.99999756,-0.00060615817,0.00037504124,-0.0036774655,0.0,0.0,0.0,0.0,0,69.892
883752000,883752000,0.9999975,-0.00063462893,0.00038807018,-0.003686866,0.0,0.0,0.0,0.0,0,69.912
883772000,883772000,0.99999744,-0.0006702556,0.00039183008,-0.00369585,0.0,0.0,0.0,0.0,0,69.932
883792000,883792000,0.9999974,-0.00070266856,0.0003956436,-0.0037045311,0.0,0.0,0.0,0.0,0,69.952
883812000,883812000,0.9999973,-0.00072152435,0.00039537894,-0.003712488,0.0,0.0,0.0,0.0,0,69.972
883832000,883832000,0.99999726,-0.000746363,0.0003971022,-0.0037199643,0.0,0.0,0.0,0.0,0,69.992
883852000,883852000,0.9999972,-0.00077985274,0.00041284066,-0.0037268824,0.0,0.0,0.0,0.0,0,70.012
883872000,883872000,0.99999714,-0.0008169404,0.00042446234,-0.0037327067,0.0,0.0,0.0,0.0,0,70.032
883892000,883892000,0.99999714,-0.0008543033,0.00042916334,-0.0037372746,0.0,0.0,0.0,0.0,0,70.052
883912000,883912000,0.9999971,-0.0008901095,0.00043415432,-0.0037409402,0.0,0.0,0.0,0.0,0,70.072
883932000,883932000,0.999997,-0.00092778646,0.00045964585,-0.0037442043,0.0,0.0,0.0,0.0,0,70.092
883952000,883952000,0.99999696,-0.00097456883,0.00048513073,-0.0037470302,0.0,0.0,0.0,0.0,0,70.112
883972000,883972000,0.9999969,-0.0010219725,0.00050972734,-0.0037491366,0.0,0.0,0.0,0.0,0,70.132
883992000,883992000,0.9999968,-0.0010655189,0.00054393045,-0.0037502039,0.0,0.0,0.0,0.0,0,70.152
884012000,884012000,0.9999967,-0.0011131024,0.0005738996,-0.0037504428,0.0,0.0,0.0,0.0,0,70.172
884032000,884032000,0.99999666,-0.0011563242,0.00060093467,-0.0037500001,0.0,0.0,0.0,0.0,0,70.192
884052000,884052000,0.9999966,-0.0011963424,0.0006319972,-0.0037490292,0.0,0.0,0.0,0.0,0,70.212
884072000,884072000,0.99999654,-0.0012379764,0.0006639027,-0.0037474097,0.0,0.0,0.0,0.0,0,70.232
884092000,884092000,0.9999965,-0.0012766038,0.0006933818,-0.0037454613,0.0,0.0,0.0,0.0,0,70.252
884112000,884112000,0.9999964,-0.0013106336,0.0007142709,-0.003742937,0.0,0.0,0.0,0.0,0,70.272
884132000,884132000,0.99999636,-0.0013432094,0.000750697,-0.0037401558,0.0,0.0,0.0,0.0,0,70.292
884152000,884152000,0.9999963,-0.0013889034,0.00079314236,-0.003737157,0.0,0.0,0.0,0.0,0,70.312
884172000,884172000,0.9999962,-0.0014405794,0.000820753,-0.0037342994,0.0,0.0,0.0,0.0,0,70.332
884192000,884192000,0.9999961,-0.001478699,0.0008406117,-0.0037317267,0.0,0.0,0.0,0.0,0,70.352
884212000,884212000,0.9999961,-0.0015088173,0.0008457965,-0.00372953,0.0,0.0,0.0,0.0,0,70.372
884232000,884232000,0.99999607,-0.0015426194,0.00085132074,-0.0037275031,0.0,0.0,0.0,0.0,0,70.392
884252000,884252000,0.999996,-0.00157787,0.000869004,-0.0037255362,0.0,0.0,0.0,0.0,0,70.412
884272000,884272000,0.99999595,-0.0016134969,0.00087530736,-0.0037232575,0.0,0.0,0.0,0.0,0,70.432
884292000,884292000,0.99999595,-0.0011039098,-0.0014793299,-0.0037083807,0.0,0.0,0.0,0.0,0,70.452
884312000,884312000,0.9999552,0.0008679739,-0.009195431,-0.0036680195,0.0,0.0,0.0,0.0,0,70.472
884332000,884332000,0.99981517,0.003952184,-0.01871498,-0.0035946057,0.0,0.0,0.0,0.0,0,70.492
884352000,884352000,0.9995842,0.00748423,-0.027791543,-0.0034873406,0.0,0.0,0.0,0.0,0,70.512
884372000,884372000,0.9992545,0.011151985,-0.036931757,-0.0033516078,0.0,0.0,0.0,0.0,0,70.532
884392000,884392000,0.99882245,0.014831116,-0.04618106,-0.003187375,0.0,0.0,0.0,0.0,0,70.552
884412000,884412000,0.998317,0.018428262,-0.05498837,-0.0029900395,0.0,0.0,0.0,0.0,0,70.572
884432000,884432000,0.9977718,0.02187323,-0.0630433,-0.0027570599,0.0,0.0,0.0,0.0,0,70.592
884452000,884452000,0.9972045,0.02508992,-0.07040274,-0.002493788,0.0,0.0,0.0,0.0,0,70.612
884472000,884472000,0.9966279,0.028062705,-0.077132866,-0.002203349,0.0,0.0,0.0,0.0,0,70.632
884492000,884492000,0.99605703,0.030771747,-0.083240405,-0.0018886476,0.0,0.0,0.0,0.0,0,70.652
884512000,884512000,0.99550414,0.033211745,-0.08874217,-0.0015523056,0.0,0.0,0.0,0.0,0,70.672
884532000,884532000,0.9949754,0.03540997,-0.09368959,-0.0011953108,0.0,0.0,0.0,0.0,0,70.692
884552000,884552000,0.9944751,0.03736428,-0.09814022,-0.0008223474,0.0,0.0,0.0,0.0,0,70.712
884572000,884572000,0.99400735,0.03909296,-0.10212758,-0.00043555885,0.0,0.0,0.0,0.0,0,70.732
884592000,884592000,0.99357265,0.040616658,-0.105701625,-3.782417e-05,0.0,0.0,0.0,0.0,0,70.752
884612000,884612000,0.9931714,0.041952156,-0.10890181,0.00036832143,0.0,0.0,0.0,0.0,0,70.772
884632000,884632000,0.9928041,0.043117873,-0.111755654,0.00078082713,0.0,0.0,0.0,0.0,0,70.792
884652000,884652000,0.99246967,0.044121962,-0.114301816,0.0011960062,0.0,0.0,0.0,0.0,0,70.812
884672000,884672000,0.9921655,0.044989772,-0.116576105,0.0016124971,0.0,0.0,0.0,0.0,0,70.832
884692000,884692000,0.991882,0.045765933,-0.11866113,0.0020300914,0.0,0.0,0.0,0.0,0,70.852
884712000,884712000,0.99151427,0.04668723,-0.12133803,0.002441616,0.0,0.0,0.0,0.0,0,70.872
884732000,884732000,0.99086595,0.04817348,-0.12595673,0.0028382367,0.0,0.0,0.0,0.0,0,70.892
884752000,884752000,0.98981756,0.05054275,-0.13306111,0.0032417115,0.0,0.0,0.0,0.0,0,70.912
884772000,884772000,0.98839134,0.05380679,-0.14206633,0.0036961166,0.0,0.0,0.0,0.0,0,70.932
884792000,884792000,0.9866099,0.05788499,-0.15245141,0.00423257,0.0,0.0,0.0,0.0,0,70.952
884812000,884812000,0.984443,0.06267571,-0.16410124,0.004860681,0.0,0.0,0.0,0.0,0,70.972
884832000,884832000,0.9818743,0.06801259,-0.17684771,0.00558219,0.0,0.0,0.0,0.0,0,70.992
884852000,884852000,0.9789186,0.07380137,-0.19036695,0.00642158,0.0,0.0,0.0,0.0,0,71.012
884872000,884872000,0.9756557,0.079823315,-0.20415352,0.0073935585,0.0,0.0,0.0,0.0,0,71.032
884892000,884892000,0.9722322,0.08587538,-0.2175464,0.008519494,0.0,0.0,0.0,0.0,0,71.052
884912000,884912000,0.9687757,0.09180331,-0.23012753,0.00981017,0.0,0.0,0.0,0.0,0,71.072
884932000,884932000,0.9653807,0.09739856,-0.24173619,0.011235992,0.0,0.0,0.0,0.0,0,71.092
884952000,884952000,0.9620961,0.10263108,-0.25235593,0.0127909025,0.0,0.0,0.0,0.0,0,71.112
884972000,884972000,0.95896244,0.10740125,-0.2620239,0.0144424,0.0,0.0,0.0,0.0,0,71.132
884992000,884992000,0.9560022,0.1117289,-0.27078336,0.016184982,0.0,0.0,0.0,0.0,0,71.152
885012000,885012000,0.9532409,0.11558028,-0.2786723,0.01799805,0.0,0.0,0.0,0.0,0,71.172
885032000,885032000,0.9506833,0.11897717,-0.28576204,0.019870939,0.0,0.0,0.0,0.0,0,71.192
885052000,885052000,0.9483316,0.121935,-0.2921187,0.021790998,0.0,0.0,0.0,0.0,0,71.212
885072000,885072000,0.9461814,0.124476545,-0.29781136,0.023744663,0.0,0.0,0.0,0.0,0,71.232
885092000,885092000,0.9442234,0.12662365,-0.30291313,0.025716567,0.0,0.0,0.0,0.0,0,71.252
885112000,885112000,0.94245434,0.128404,-0.30746415,0.02769794,0.0,0.0,0.0,0.0,0,71.272
885132000,885132000,0.94085366,0.12987268,-0.31153727,0.02968443,0.0,0.0,0.0,0.0,0,71.292
885152000,885152000,0.93941164,0.13105954,-0.31517518,0.031668186,0.0,0.0,0.0,0.0,0,71.312
885172000,885172000,0.9381156,0.13200681,-0.31841856,0.033646442,0.0,0.0,0.0,0.0,0,71.332
885192000,885192000,0.936959,0.13272615,-0.3212985,0.0356078,0.0,0.0,0.0,0.0,0,71.352
885212000,885212000,0.9359213,0.13325311,-0.32387403,0.03754477,0.0,0.0,0.0,0.0,0,71.372
885232000,885232000,0.9350003,0.13360643,-0.32615405,0.039451662,0.0,0.0,0.0,0.0,0,71.392
885252000,885252000,0.93418044,0.13381512,-0.32817978,0.041322585,0.0,0.0,0.0,0.0,0,71.412
885272000,885272000,0.93345267,0.13390356,-0.32997406,0.043153163,0.0,0.0,0.0,0.0,0,71.432
885292000,885292000,0.9328117,0.13389625,-0.33154723,0.04494128,0.0,0.0,0.0,0.0,0,71.452
885312000,885312000,0.93225116,0.13380423,-0.3329179,0.046679698,0.0,0.0,0.0,0.0,0,71.472
885332000,885332000,0.9317536,0.13365099,-0.33413017,0.048361875,0.0,0.0,0.0,0.0,0,71.492
885352000,885352000,0.9313159,0.13345943,-0.3351859,0.04998846,0.0,0.0,0.0,0.0,0,71.512
885372000,885372000,0.930939,0.13323519,-0.3360833,0.051556334,0.0,0.0,0.0,0.0,0,71.532
885392000,885392000,0.9306622,0.132959,-0.33672294,0.053070374,0.0,0.0,0.0,0.0,0,71.552
885412000,885412000,0.93056774,0.13257718,-0.3368999,0.05453906,0.0,0.0,0.0,0.0,0,71.572
885432000,885432000,0.93070424,0.13204919,-0.3364969,0.05596016,0.0,0.0,0.0,0.0,0,71.592
885452000,885452000,0.9310802,0.13135496,-0.33549792,0.05732186,0.0,0.0,0.0,0.0,0,71.612
885472000,885472000,0.93168104,0.13048372,-0.33394447,0.058605704,0.0,0.0,0.0,0.0,0,71.632
885492000,885492000,0.9324827,0.12944669,-0.33189276,0.059798658,0.0,0.0,0.0,0.0,0,71.652
885512000,885512000,0.9334685,0.1282543,-0.3293763,0.06089095,0.0,0.0,0.0,0.0,0,71.672
885532000,885532000,0.934622,0.12692074,-0.32642525,0.061875015,0.0,0.0,0.0,0.0,0,71.692
885552000,885552000,0.93592405,0.12545906,-0.32307696,0.062742315,0.0,0.0,0.0,0.0,0,71.712
885572000,885572000,0.9373571,0.12388503,-0.319363,0.06348635,0.0,0.0,0.0,0.0,0,71.732
885592000,885592000,0.93890405,0.12222221,-0.31531033,0.06410497,0.0,0.0,0.0,0.0,0,71.752
885612000,885612000,0.9405494,0.12047998,-0.31094757,0.0645919,0.0,0.0,0.0,0.0,0,71.772
885632000,885632000,0.942287,0.11868404,-0.30626708,0.06495235,0.0,0.0,0.0,0.0,0,71.792
885652000,885652000,0.94415283,0.11680205,-0.3011513,0.06518978,0.0,0.0,0.0,0.0,0,71.812
885672000,885672000,0.94622725,0.11478504,-0.29533073,0.065324284,0.0,0.0,0.0,0.0,0,71.832
885692000,885692000,0.94855577,0.11255573,-0.28863728,0.06535165,0.0,0.0,0.0,0.0,0,71.852
885712000,885712000,0.95115024,0.110076524,-0.28097206,0.065269746,0.0,0.0,0.0,0.0,0,71.872
885732000,885732000,0.9539743,0.107311495,-0.27238572,0.06505686,0.0,0.0,0.0,0.0,0,71.892
885752000,885752000,0.95700216,0.10424575,-0.2628727,0.06470495,0.0,0.0,0.0,0.0,0,71.912
885772000,885772000,0.9601826,0.10088124,-0.25250673,0.064200915,0.0,0.0,0.0,0.0,0,71.932
885792000,885792000,0.9634907,0.09719591,-0.2412688,0.06353818,0.0,0.0,0.0,0.0,0,71.952
885812000,885812000,0.96686614,0.09322012,-0.22925167,0.06271119,0.0,0.0,0.0,0.0,0,71.972
885832000,885832000,0.9702752,0.08892364,-0.21647055,0.06171021,0.0,0.0,0.0,0.0,0,71.992
885852000,885852000,0.9736592,0.0843654,-0.20301281,0.060539998,0.0,0.0,0.0,0.0,0,72.012
885872000,885872000,0.9769841,0.07950779,-0.18890737,0.05919261,0.0,0.0,0.0,0.0,0,72.032
885892000,885892000,0.98019487,0.074426025,-0.17424451,0.05767817,0.0,0.0,0.0,0.0,0,72.052
885912000,885912000,0.9832572,0.06907911,-0.15908384,0.055990126,0.0,0.0,0.0,0.0,0,72.072
885932000,885932000,0.98612845,0.063548915,-0.14349116,0.054143984,0.0,0.0,0.0,0.0,0,72.092
885952000,885952000,0.9887751,0.057806045,-0.12756613,0.05213787,0.0,0.0,0.0,0.0,0,72.112
885972000,885972000,0.9911663,0.051931612,-0.11136706,0.04998975,0.0,0.0,0.0,0.0,0,72.132
885992000,885992000,0.9932766,0.045891978,-0.09502227,0.047701314,0.0,0.0,0.0,0.0,0,72.152
886012000,886012000,0.9950893,0.039760288,-0.07857606,0.045291815,0.0,0.0,0.0,0.0,0,72.172
886032000,886032000,0.99658954,0.033528566,-0.062168818,0.04277015,0.0,0.0,0.0,0.0,0,72.192
886052000,886052000,0.99777323,0.027269747,-0.04584238,0.04015639,0.0,0.0,0.0,0.0,0,72.212
886072000,886072000,0.99864,0.020976715,-0.02972683,0.037463896,0.0,0.0,0.0,0.0,0,72.232
886092000,886092000,0.9991977,0.014716199,-0.013840632,0.034712333,0.0,0.0,0.0,0.0,0,72.252
886112000,886112000,0.9994576,0.008482044,0.0016869365,0.031918183,0.0,0.0,0.0,0.0,0,72.272
886132000,886132000,0.9994364,0.0023286138,0.0168453,0.029100582,0.0,0.0,0.0,0.0,0,72.292
886152000,886152000,0.9991551,-0.0037443566,0.031522494,0.026277605,0.0,0.0,0.0,0.0,0,72.312
886172000,886172000,0.9986356,-0.009687735,0.04573341,0.023466246,0.0,0.0,0.0,0.0,0,72.332
886192000,886192000,0.9979046,-0.015510502,0.05938886,0.020685665,0.0,0.0,0.0,0.0,0,72.352
886212000,886212000,0.99698603,-0.021161584,0.07251203,0.017950008,0.0,0.0,0.0,0.0,0,72.372
886232000,886232000,0.99590784,-0.026671547,0.085040204,0.015279149,0.0,0.0,0.0,0.0,0,72.392
886252000,886252000,0.9946933,-0.03198886,0.09700622,0.012683358,0.0,0.0,0.0,0.0,0,72.412
886272000,886272000,0.9933709,-0.03713125,0.108355775,0.0101803355,0.0,0.0,0.0,0.0,0,72.432
886292000,886292000,0.99196273,-0.042051688,0.11912267,0.007776844,0.0,0.0,0.0,0.0,0,72.452
886312000,886312000,0.99049145,-0.046786115,0.12929304,0.0054900446,0.0,0.0,0.0,0.0,0,72.472
886332000,886332000,0.98897666,-0.051295504,0.13889569,0.0033242211,0.0,0.0,0.0,0.0,0,72.492
886352000,886352000,0.98743784,-0.05561702,0.14792119,0.0012945384,0.0,0.0,0.0,0.0,0,72.512
886372000,886372000,0.98589194,-0.059719253,0.15639499,-0.0005962079,0.0,0.0,0.0,0.0,0,72.532
886392000,886392000,0.98435456,-0.063623875,0.16432215,-0.0023380308,0.0,0.0,0.0,0.0,0,72.552
886412000,886412000,0.9828409,-0.06730389,0.17171943,-0.003930397,0.0,0.0,0.0,0.0,0,72.572
886432000,886432000,0.9813604,-0.07078249,0.17861122,-0.0053665913,0.0,0.0,0.0,0.0,0,72.592
886452000,886452000,0.97992337,-0.07404212,0.18502124,-0.0066482215,0.0,0.0,0.0,0.0,0,72.612
886472000,886472000,0.97853994,-0.077095695,0.19095704,-0.0077709705,0.0,0.0,0.0,0.0,0,72.632
886492000,886492000,0.9772133,-0.07993579,0.19646136,-0.008739277,0.0,0.0,0.0,0.0,0,72.652
886512000,886512000,0.9759498,-0.08258554,0.20154282,-0.009549398,0.0,0.0,0.0,0.0,0,72.672
886532000,886532000,0.97475624,-0.08503603,0.20621362,-0.010205199,0.0,0.0,0.0,0.0,0,72.692
886552000,886552000,0.9736389,-0.08729999,0.21047696,-0.010706253,0.0,0.0,0.0,0.0,0,72.712
886572000,886572000,0.9725984,-0.08936142,0.21436821,-0.011062321,0.0,0.0,0.0,0.0,0,72.732
886592000,886592000,0.97163653,-0.09125025,0.21789421,-0.0112715755,0.0,0.0,0.0,0.0,0,72.752
886612000,886612000,0.97075534,-0.09294798,0.22107722,-0.011345257,0.0,0.0,0.0,0.0,0,72.772
886632000,886632000,0.96995395,-0.09448111,0.22392954,-0.011283933,0.0,0.0,0.0,0.0,0,72.792
886652000,886652000,0.96923536,-0.09583932,0.22645888,-0.011096672,0.0,0.0,0.0,0.0,0,72.812
886672000,886672000,0.96859646,-0.09703829,0.22868572,-0.010788269,0.0,0.0,0.0,0.0,0,72.832
886692000,886692000,0.96803993,-0.09806816,0.23061426,-0.01036868,0.0,0.0,0.0,0.0,0,72.852
886712000,886712000,0.9675616,-0.098944694,0.23226437,-0.009843712,0.0,0.0,0.0,0.0,0,72.872
886732000,886732000,0.96715987,-0.09966752,0.23364967,-0.00922261,0.0,0.0,0.0,0.0,0,72.892
886752000,886752000,0.9668303,-0.100247495,0.23478967,-0.008511896,0.0,0.0,0.0,0.0,0,72.912
886772000,886772000,0.9665734,-0.10069294,0.23568267,-0.0077171465,0.0,0.0,0.0,0.0,0,72.932
886792000,886792000,0.96638477,-0.10101951,0.23634246,-0.0068455813,0.0,0.0,0.0,0.0,0,72.952
886812000,886812000,0.96625787,-0.1012384,0.2367927,-0.0059070294,0.0,0.0,0.0,0.0,0,72.972
886832000,886832000,0.9661809,-0.10135853,0.23707764,-0.0049140197,0.0,0.0,0.0,0.0,0,72.992
886852000,886852000,0.9661434,-0.1013931,0.2372349,-0.0038766828,0.0,0.0,0.0,0.0,0,73.012
886872000,886872000,0.96613336,-0.1013596,0.23730542,-0.0028037727,0.0,0.0,0.0,0.0,0,73.032
886892000,886892000,0.9661421,-0.10126913,0.23731878,-0.0017035499,0.0,0.0,0.0,0.0,0,73.052
886912000,886912000,0.96616405,-0.10113317,0.23729274,-0.00058254803,0.0,0.0,0.0,0.0,0,73.072
886932000,886932000,0.96619785,-0.100962736,0.23722792,0.00055482873,0.0,0.0,0.0,0.0,0,73.092
886952000,886952000,0.9662432,-0.100762784,0.23712257,0.0017032385,0.0,0.0,0.0,0.0,0,73.112
886972000,886972000,0.9663007,-0.10053558,0.23697361,0.0028570648,0.0,0.0,0.0,0.0,0,73.132
886992000,886992000,0.96637166,-0.100281455,0.23677516,0.004011203,0.0,0.0,0.0,0.0,0,73.152
887012000,887012000,0.9664561,-0.09999799,0.23652798,0.00515904,0.0,0.0,0.0,0.0,0,73.172
887032000,887032000,0.9665566,-0.099684246,0.23622201,0.006295806,0.0,0.0,0.0,0.0,0,73.192
887052000,887052000,0.9666757,-0.09933899,0.23584737,0.00741691,0.0,0.0,0.0,0.0,0,73.212
887072000,887072000,0.9668134,-0.09896039,0.23540454,0.008516317,0.0,0.0,0.0,0.0,0,73.232
887092000,887092000,0.96697277,-0.09855196,0.23487937,0.009591895,0.0,0.0,0.0,0.0,0,73.252
887112000,887112000,0.9671545,-0.09811611,0.2342676,0.010639959,0.0,0.0,0.0,0.0,0,73.272
887132000,887132000,0.9673605,-0.097647354,0.23356354,0.011655331,0.0,0.0,0.0,0.0,0,73.292
887152000,887152000,0.967592,-0.09714433,0.23276198,0.012633736,0.0,0.0,0.0,0.0,0,73.312
887172000,887172000,0.967851,-0.09660796,0.23185383,0.01357319,0.0,0.0,0.0,0.0,0,73.332
887192000,887192000,0.9681374,-0.09604332,0.23083624,0.014472055,0.0,0.0,0.0,0.0,0,73.352
887212000,887212000,0.9684508,-0.095447585,0.22971083,0.015326288,0.0,0.0,0.0,0.0,0,73.372
887232000,887232000,0.9687906,-0.094815455,0.2284813,0.01613113,0.0,0.0,0.0,0.0,0,73.392
887252000,887252000,0.96915984,-0.09414975,0.22713216,0.016886739,0.0,0.0,0.0,0.0,0,73.412
887272000,887272000,0.9695552,-0.09344507,0.22567794,0.017588073,0.0,0.0,0.0,0.0,0,73.432
887292000,887292000,0.969976,-0.09270505,0.2241181,0.018233657,0.0,0.0,0.0,0.0,0,73.452
887312000,887312000,0.9704237,-0.09192986,0.22244439,0.018823022,0.0,0.0,0.0,0.0,0,73.472
887332000,887332000,0.97089696,-0.0911247,0.22065784,0.019355198,0.0,0.0,0.0,0.0,0,73.492
887352000,887352000,0.9713941,-0.09028719,0.21876381,0.019828228,0.0,0.0,0.0,0.0,0,73.512
887372000,887372000,0.9719136,-0.08942281,0.21676469,0.020242125,0.0,0.0,0.0,0.0,0,73.532
887392000,887392000,0.9724544,-0.088530056,0.21466184,0.02059524,0.0,0.0,0.0,0.0,0,73.552
887412000,887412000,0.9730169,-0.087609835,0.21245092,0.020887857,0.0,0.0,0.0,0.0,0,73.572
887432000,887432000,0.97359896,-0.08666016,0.21013848,0.021118768,0.0,0.0,0.0,0.0,0,73.592
887452000,887452000,0.9741983,-0.085685626,0.20772943,0.021288801,0.0,0.0,0.0,0.0,0,73.612
887472000,887472000,0.9748146,-0.08468453,0.20522238,0.021397898,0.0,0.0,0.0,0.0,0,73.632
887492000,887492000,0.9754464,-0.083652474,0.20262235,0.021444991,0.0,0.0,0.0,0.0,0,73.652
887512000,887512000,0.97609365,-0.082587816,0.19992562,0.021431284,0.0,0.0,0.0,0.0,0,73.672
887532000,887532000,0.9767526,-0.08149645,0.19714387,0.021357952,0.0,0.0,0.0,0.0,0,73.692
887552000,887552000,0.97742206,-0.08038302,0.19427605,0.02122782,0.0,0.0,0.0,0.0,0,73.712
887572000,887572000,0.97809833,-0.07924864,0.19133662,0.021041138,0.0,0.0,0.0,0.0,0,73.732
887592000,887592000,0.97878295,-0.078091994,0.18831354,0.020800428,0.0,0.0,0.0,0.0,0,73.752
887612000,887612000,0.979471,-0.0769126,0.18522838,0.020505238,0.0,0.0,0.0,0.0,0,73.772
887632000,887632000,0.9801653,-0.07571088,0.18206193,0.020159373,0.0,0.0,0.0,0.0,0,73.792
887652000,887652000,0.9808597,-0.07449315,0.17883945,0.019763952,0.0,0.0,0.0,0.0,0,73.812
887672000,887672000,0.9815553,-0.0732561,0.17555219,0.019321702,0.0,0.0,0.0,0.0,0,73.832
887692000,887692000,0.98224825,-0.07200664,0.17221445,0.018835146,0.0,0.0,0.0,0.0,0,73.852
887712000,887712000,0.98294145,-0.07074103,0.16880685,0.018307889,0.0,0.0,0.0,0.0,0,73.872
887732000,887732000,0.98362994,-0.069459714,0.16535366,0.017740233,0.0,0.0,0.0,0.0,0,73.892
887752000,887752000,0.9843135,-0.068160124,0.16185394,0.017134609,0.0,0.0,0.0,0.0,0,73.912
887772000,887772000,0.98498887,-0.0668519,0.15831849,0.016494764,0.0,0.0,0.0,0.0,0,73.932
887792000,887792000,0.98565674,-0.06553505,0.15474081,0.015823923,0.0,0.0,0.0,0.0,0,73.952
887812000,887812000,0.9863138,-0.064216696,0.15113443,0.015125287,0.0,0.0,0.0,0.0,0,73.972
887832000,887832000,0.9869609,-0.06289014,0.1474949,0.014401127,0.0,0.0,0.0,0.0,0,73.992
887852000,887852000,0.98759586,-0.061563842,0.14382966,0.013655174,0.0,0.0,0.0,0.0,0,74.012
887872000,887872000,0.98821825,-0.060235344,0.14014061,0.012889817,0.0,0.0,0.0,0.0,0,74.032
887892000,887892000,0.9888262,-0.058909286,0.13643625,0.01210829,0.0,0.0,0.0,0.0,0,74.052
887912000,887912000,0.9894191,-0.057583537,0.1327219,0.011313425,0.0,0.0,0.0,0.0,0,74.072
887932000,887932000,0.9899967,-0.056261405,0.12899593,0.0105086835,0.0,0.0,0.0,0.0,0,74.092
887952000,887952000,0.9905575,-0.05494252,0.12526882,0.009696125,0.0,0.0,0.0,0.0,0,74.112
887972000,887972000,0.9911016,-0.053626116,0.12154053,0.008878468,0.0,0.0,0.0,0.0,0,74.132
887992000,887992000,0.99162817,-0.052311894,0.11781857,0.008058124,0.0,0.0,0.0,0.0,0,74.152
888012000,888012000,0.99213845,-0.050992303,0.11409552,0.007237095,0.0,0.0,0.0,0.0,0,74.172
888032000,888032000,0.99262977,-0.049681105,0.110389724,0.006418777,0.0,0.0,0.0,0.0,0,74.192
888052000,888052000,0.9931038,-0.048373755,0.10668866,0.005606227,0.0,0.0,0.0,0.0,0,74.212
888072000,888072000,0.99355745,-0.04708169,0.1030189,0.004801936,0.0,0.0,0.0,0.0,0,74.232
888092000,888092000,0.99399304,-0.045790143,0.099368595,0.0040073623,0.0,0.0,0.0,0.0,0,74.252
888112000,888112000,0.99440944,-0.04450586,0.09574867,0.0032249857,0.0,0.0,0.0,0.0,0,74.272
888132000,888132000,0.99480766,-0.04322559,0.09215382,0.00245724,0.0,0.0,0.0,0.0,0,74.292
888152000,888152000,0.9951857,-0.04196304,0.088604674,0.001706664,0.0,0.0,0.0,0.0,0,74.312
888172000,888172000,0.99554586,-0.040702246,0.08508761,0.00097460346,0.0,0.0,0.0,0.0,0,74.332
888192000,888192000,0.9958867,-0.039460465,0.08161857,0.00026380652,0.0,0.0,0.0,0.0,0,74.352
888212000,888212000,0.9962093,-0.038232923,0.07819272,-0.00042424753,0.0,0.0,0.0,0.0,0,74.372
888232000,888232000,0.99651307,-0.03702929,0.074823014,-0.0010877354,0.0,0.0,0.0,0.0,0,74.392
888252000,888252000,0.9968003,-0.03583103,0.07149454,-0.0017259187,0.0,0.0,0.0,0.0,0,74.412
888272000,888272000,0.99706984,-0.03465556,0.06822282,-0.0023366339,0.0,0.0,0.0,0.0,0,74.432
888292000,888292000,0.99732304,-0.033494357,0.06500333,-0.002919223,0.0,0.0,0.0,0.0,0,74.452
888312000,888312000,0.9975596,-0.03235956,0.06184488,-0.0034722951,0.0,0.0,0.0,0.0,0,74.472
888332000,888332000,0.9977812,-0.03124444,0.05873303,-0.0039950004,0.0,0.0,0.0,0.0,0,74.492
888352000,888352000,0.9979875,-0.030157022,0.055681784,-0.004486595,0.0,0.0,0.0,0.0,0,74.512
888372000,888372000,0.99817926,-0.02909077,0.05269281,-0.00494689,0.0,0.0,0.0,0.0,0,74.532
888392000,888392000,0.99835706,-0.028047469,0.049766395,-0.0053754947,0.0,0.0,0.0,0.0,0,74.552
888412000,888412000,0.99852175,-0.027021568,0.046904165,-0.0057723774,0.0,0.0,0.0,0.0,0,74.572
888432000,888432000,0.99867344,-0.02602579,0.04410774,-0.0061363345,0.0,0.0,0.0,0.0,0,74.592
888452000,888452000,0.99881285,-0.025060862,0.04137798,-0.0064671435,0.0,0.0,0.0,0.0,0,74.612
888472000,888472000,0.99894077,-0.02413084,0.03870929,-0.0067649693,0.0,0.0,0.0,0.0,0,74.632
888492000,888492000,0.99905753,-0.023232343,0.036110036,-0.0070299003,0.0,0.0,0.0,0.0,0,74.652
888512000,888512000,0.99916404,-0.022362491,0.033578135,-0.0072624153,0.0,0.0,0.0,0.0,0,74.672
888532000,888532000,0.9992605,-0.021516614,0.031128136,-0.0074636443,0.0,0.0,0.0,0.0,0,74.692
888552000,888552000,0.9993476,-0.0206976,0.028754365,-0.0076339943,0.0,0.0,0.0,0.0,0,74.712
888572000,888572000,0.99942607,-0.019903136,0.026459267,-0.007774255,0.0,0.0,0.0,0.0,0,74.732
888592000,888592000,0.99949706,-0.019126011,0.024222314,-0.007884619,0.0,0.0,0.0,0.0,0,74.752
888612000,888612000,0.9995606,-0.018370679,0.022062577,-0.00796601,0.0,0.0,0.0,0.0,0,74.772
888632000,888632000,0.99961734,-0.01763701,0.019974167,-0.008018652,0.0,0.0,0.0,0.0,0,74.792
888652000,888652000,0.99966764,-0.016924562,0.017959867,-0.008043628,0.0,0.0,0.0,0.0,0,74.812
888672000,888672000,0.9997121,-0.016240334,0.01601004,-0.008042129,0.0,0.0,0.0,0.0,0,74.832
888692000,888692000,0.99975115,-0.015577966,0.014134145,-0.0080156205,0.0,0.0,0.0,0.0,0,74.852
888712000,888712000,0.9997853,-0.014939427,0.012320521,-0.007965016,0.0,0.0,0.0,0.0,0,74.872
888732000,888732000,0.9998148,-0.014325689,0.010580749,-0.0078918785,0.0,0.0,0.0,0.0,0,74.892
888752000,888752000,0.9998401,-0.013734657,0.008914235,-0.007796931,0.0,0.0,0.0,0.0,0,74.912
888772000,888772000,0.9998614,-0.013167292,0.007335805,-0.007682062,0.0,0.0,0.0,0.0,0,74.932
888792000,888792000,0.9998794,-0.012622935,0.0058293324,-0.007547935,0.0,0.0,0.0,0.0,0,74.952
888812000,888812000,0.9998944,-0.012095564,0.0043944865,-0.007396066,0.0,0.0,0.0,0.0,0,74.972
888832000,888832000,0.9999067,-0.011591217,0.00301834,-0.007227519,0.0,0.0,0.0,0.0,0,74.992
888852000,888852000,0.9999166,-0.011102874,0.0017111757,-0.0070435787,0.0,0.0,0.0,0.0,0,75.012
888872000,888872000,0.9999245,-0.010632567,0.00047093607,-0.0068458635,0.0,0.0,0.0,0.0,0,75.032
888892000,888892000,0.99993044,-0.010182917,-0.0007097598,-0.0066358936,0.0,0.0,0.0,0.0,0,75.052
888912000,888912000,0.99993473,-0.009753121,-0.0018349864,-0.0064149727,0.0,0.0,0.0,0.0,0,75.072
888932000,888932000,0.99993765,-0.009334855,-0.0028925769,-0.006183805,0.0,0.0,0.0,0.0,0,75.092
888952000,888952000,0.9999395,-0.008926656,-0.003886048,-0.0059437165,0.0,0.0,0.0,0.0,0,75.112
888972000,888972000,0.99994034,-0.008524711,-0.0048221936,-0.005696222,0.0,0.0,0.0,0.0,0,75.132
888992000,888992000,0.99994045,-0.008132537,-0.005699186,-0.005442806,0.0,0.0,0.0,0.0,0,75.152
889012000,889012000,0.9999398,-0.0077537466,-0.0065150666,-0.005184727,0.0,0.0,0.0,0.0,0,75.172
889032000,889032000,0.9999388,-0.0073813098,-0.0072703194,-0.004923195,0.0,0.0,0.0,0.0,0,75.192
889052000,889052000,0.99993724,-0.0070182453,-0.00797769,-0.004659508,0.0,0.0,0.0,0.0,0,75.212
889072000,889072000,0.9999355,-0.0066611357,-0.008624202,-0.004394915,0.0,0.0,0.0,0.0,0,75.232
889092000,889092000,0.99993366,-0.0063170716,-0.0092103155,-0.0041304785,0.0,0.0,0.0,0.0,0,75.252
889112000,889112000,0.99993175,-0.0059858705,-0.009738876,-0.0038676523,0.0,0.0,0.0,0.0,0,75.272
889132000,889132000,0.9999297,-0.005667293,-0.010224228,-0.0036074875,0.0,0.0,0.0,0.0,0,75.292
889152000,889152000,0.9999277,-0.0053569637,-0.010668116,-0.003350488,0.0,0.0,0.0,0.0,0,75.312
889172000,889172000,0.99992585,-0.005050917,-0.011058862,-0.0030978846,0.0,0.0,0.0,0.0,0,75.332
889192000,889192000,0.99992424,-0.004749646,-0.011398315,-0.0028502336,0.0,0.0,0.0,0.0,0,75.352
889212000,889212000,0.9999229,-0.0044641816,-0.011689556,-0.002608349,0.0,0.0,0.0,0.0,0,75.372
889232000,889232000,0.9999217,-0.004200674,-0.011935498,-0.0023737508,0.0,0.0,0.0,0.0,0,75.392
889252000,889252000,0.99992085,-0.0039456994,-0.012135979,-0.002146954,0.0,0.0,0.0,0.0,0,75.412
889272000,889272000,0.99992025,-0.003693307,-0.012298281,-0.001928087,0.0,0.0,0.0,0.0,0,75.432
889292000,889292000,0.99991983,-0.003447455,-0.012435815,-0.0017174256,0.0,0.0,0.0,0.0,0,75.452
889312000,889312000,0.9999198,-0.0032123795,-0.012529458,-0.0015155334,0.0,0.0,0.0,0.0,0,75.472
889332000,889332000,0.99992007,-0.0029909979,-0.012579039,-0.0013231228,0.0,0.0,0.0,0.0,0,75.492
889352000,889352000,0.9999207,-0.0027778097,-0.012594713,-0.0011405365,0.0,0.0,0.0,0.0,0,75.512
889372000,889372000,0.99992156,-0.002577805,-0.01258749,-0.0009683055,0.0,0.0,0.0,0.0,0,75.532
889392000,889392000,0.9999226,-0.0023920387,-0.012552346,-0.0008066471,0.0,0.0,0.0,0.0,0,75.552
889412000,889412000,0.99992394,-0.0022091572,-0.0124880085,-0.00065551023,0.0,0.0,0.0,0.0,0,75.572
889432000,889432000,0.99992555,-0.0020256327,-0.012396792,-0.0005149721,0.0,0.0,0.0,0.0,0,75.592
889452000,889452000,0.99992734,-0.0018443323,-0.012284819,-0.00038497875,0.0,0.0,0.0,0.0,0,75.612
889472000,889472000,0.9999293,-0.0016602864,-0.012151826,-0.00026566346,0.0,0.0,0.0,0.0,0,75.632
889492000,889492000,0.99993145,-0.0014764017,-0.0119993575,-0.0001573647,0.0,0.0,0.0,0.0,0,75.652
889512000,889512000,0.99993366,-0.0013005873,-0.011833992,-6.0067123e-05,0.0,0.0,0.0,0.0,0,75.672
889532000,889532000,0.99993604,-0.0011392813,-0.011650152,2.6570757e-05,0.0,0.0,0.0,0.0,0,75.692
889552000,889552000,0.99993855,-0.0009949651,-0.011444857,0.00010271534,0.0,0.0,0.0,0.0,0,75.712
889572000,889572000,0.9999413,-0.00086995785,-0.0112153,0.000168525,0.0,0.0,0.0,0.0,0,75.732
889592000,889592000,0.99994403,-0.0007487297,-0.010976564,0.00022462799,0.0,0.0,0.0,0.0,0,75.752
889612000,889612000,0.9999467,-0.0006261984,-0.010731022,0.0002715727,0.0,0.0,0.0,0.0,0,75.772
889632000,889632000,0.9999496,-0.00050534884,-0.010471202,0.0003095645,0.0,0.0,0.0,0.0,0,75.792
889652000,889652000,0.99995244,-0.00038767437,-0.010195921,0.0003385498,0.0,0.0,0.0,0.0,0,75.812
889672000,889672000,0.99995536,-0.00026783728,-0.009908655,0.0003586895,0.0,0.0,0.0,0.0,0,75.832
889692000,889692000,0.99995816,-0.0001536656,-0.009623768,0.00037020206,0.0,0.0,0.0,0.0,0,75.852
889712000,889712000,0.9999609,-4.764543e-05,-0.009337824,0.00037307147,0.0,0.0,0.0,0.0,0,75.872
889732000,889732000,0.99996364,5.1523974e-05,-0.009040361,0.0003673646,0.0,0.0,0.0,0.0,0,75.892
889752000,889752000,0.9999664,0.00014515134,-0.008729585,0.0003535508,0.0,0.0,0.0,0.0,0,75.912
889772000,889772000,0.999969,0.00024077283,-0.008419626,0.00033251973,0.0,0.0,0.0,0.0,0,75.932
889792000,889792000,0.9999715,0.00034406196,-0.008112959,0.0003041803,0.0,0.0,0.0,0.0,0,75.952
889812000,889812000,0.99997395,0.0004519276,-0.007804638,0.00026938785,0.0,0.0,0.0,0.0,0,75.972
889832000,889832000,0.99997634,0.0005466882,-0.007490606,0.00022874208,0.0,0.0,0.0,0.0,0,75.992
889852000,889852000,0.99997866,0.0006252545,-0.0071703303,0.00018210469,0.0,0.0,0.0,0.0,0,76.012
889872000,889872000,0.99998087,0.00069365784,-0.006849945,0.00013056124,0.0,0.0,0.0,0.0,0,76.032
889892000,889892000,0.9999829,0.00075863005,-0.0065404517,7.445029e-05,0.0,0.0,0.0,0.0,0,76.052
889912000,889912000,0.99998486,0.00082245306,-0.006225839,1.4305047e-05,0.0,0.0,0.0,0.0,0,76.072
889932000,889932000,0.9999867,0.00087430887,-0.005910264,-4.9744624e-05,0.0,0.0,0.0,0.0,0,76.092
889952000,889952000,0.99998844,0.0009112653,-0.005598913,-0.0001165567,0.0,0.0,0.0,0.0,0,76.112
889972000,889972000,0.99999005,0.0009469198,-0.0052943625,-0.0001854445,0.0,0.0,0.0,0.0,0,76.132
889992000,889992000,0.9999916,0.0009914284,-0.004988738,-0.00025645347,0.0,0.0,0.0,0.0,0,76.152
890012000,890012000,0.99999297,0.0010343834,-0.0046913275,-0.00032961866,0.0,0.0,0.0,0.0,0,76.172
890032000,890032000,0.9999942,0.0010656065,-0.004396131,-0.00040404923,0.0,0.0,0.0,0.0,0,76.192
890052000,890052000,0.9999954,0.0010897062,-0.004101175,-0.00047928578,0.0,0.0,0.0,0.0,0,76.212
890072000,890072000,0.9999965,0.0011111641,-0.0038229881,-0.0005551704,0.0,0.0,0.0,0.0,0,76.232
890092000,890092000,0.9999974,0.0011268335,-0.003561502,-0.00063146726,0.0,0.0,0.0,0.0,0,76.252
890112000,890112000,0.99999815,0.0011347226,-0.003313963,-0.00070812023,0.0,0.0,0.0,0.0,0,76.272
890132000,890132000,0.9999989,0.0011399619,-0.0030566894,-0.0007845875,0.0,0.0,0.0,0.0,0,76.292
890152000,890152000,0.99999964,0.0011429903,-0.0027900834,-0.00086008303,0.0,0.0,0.0,0.0,0,76.312
890172000,890172000,1.0000002,0.0011410486,-0.0025315562,-0.00093430374,0.0,0.0,0.0,0.0,0,76.332
890192000,890192000,1.0000008,0.0011316801,-0.0022860912,-0.0010071798,0.0,0.0,0.0,0.0,0,76.352
890212000,890212000,1.0000012,0.0011162444,-0.0020517008,-0.0010789768,0.0,0.0,0.0,0.0,0,76.372
890232000,890232000,1.0000017,0.0010970413,-0.0018125762,-0.0011490786,0.0,0.0,0.0,0.0,0,76.392
890252000,890252000,1.000002,0.0010813307,-0.0015803686,-0.0012167374,0.0,0.0,0.0,0.0,0,76.412
890272000,890272000,1.0000023,0.0010664925,-0.0013564592,-0.0012815597,0.0,0.0,0.0,0.0,0,76.432
890292000,890292000,1.0000025,0.0010543816,-0.001136317,-0.0013439584,0.0,0.0,0.0,0.0,0,76.452
890312000,890312000,1.0000026,0.0010358093,-0.000928517,-0.0014042184,0.0,0.0,0.0,0.0,0,76.472
890332000,890332000,1.0000027,0.0010111848,-0.0007307036,-0.0014622107,0.0,0.0,0.0,0.0,0,76.492
890352000,890352000,1.0000027,0.0009839637,-0.0005330147,-0.0015175861,0.0,0.0,0.0,0.0,0,76.512
890372000,890372000,1.0000027,0.0009571981,-0.00035732437,-0.0015704568,0.0,0.0,0.0,0.0,0,76.532
890392000,890392000,1.0000027,0.0009267698,-0.00019717409,-0.0016203199,0.0,0.0,0.0,0.0,0,76.552
890408000,890408000,1.0000027,0.00089921657,-6.9393725e-05,-0.0016575994,0.0,0.0,0.0,0.0,0,76.568
890428000,890428000,1.0000027,0.00086211023,9.10841e-05,-0.0017010855,0.0,0.0,0.0,0.0,0,76.588
890448000,890448000,1.0000026,0.0008213628,0.00025066565,-0.0017410222,0.0,0.0,0.0,0.0,0,76.608
890468000,890468000,1.0000026,0.00077584886,0.00040168365,-0.0017777123,0.0,0.0,0.0,0.0,0,76.628
890488000,890488000,1.0000025,0.0007243576,0.0005423707,-0.0018109349,0.0,0.0,0.0,0.0,0,76.648
890508000,890508000,1.0000024,0.00066939497,0.00067437947,-0.0018409542,0.0,0.0,0.0,0.0,0,76.668
890528000,890528000,1.0000023,0.0006229969,0.00081023487,-0.0018683196,0.0,0.0,0.0,0.0,0,76.688
890548000,890548000,1.0000021,0.0005902652,0.00094612763,-0.0018930862,0.0,0.0,0.0,0.0,0,76.708
890568000,890568000,1.000002,0.00057016814,0.0010795599,-0.0019155598,0.0,0.0,0.0,0.0,0,76.728
890588000,890588000,1.0000018,0.00056577404,0.0012037006,-0.0019348947,0.0,0.0,0.0,0.0,0,76.748
890608000,890608000,1.0000017,0.0005719735,0.0013168834,-0.0019507947,0.0,0.0,0.0,0.0,0,76.768
890628000,890628000,1.0000014,0.00058353593,0.0014277865,-0.001963219,0.0,0.0,0.0,0.0,0,76.788
890648000,890648000,1.0000013,0.000587573,0.0015284604,-0.0019728134,0.0,0.0,0.0,0.0,0,76.808
890668000,890668000,1.0000011,0.00057866646,0.0016172703,-0.0019795492,0.0,0.0,0.0,0.0,0,76.828
890688000,890688000,1.000001,0.0005647686,0.0016991793,-0.0019835555,0.0,0.0,0.0,0.0,0,76.848
890708000,890708000,1.0000008,0.00054646365,0.0017719717,-0.0019848514,0.0,0.0,0.0,0.0,0,76.868
890728000,890728000,1.0000007,0.0005269195,0.0018341737,-0.0019841683,0.0,0.0,0.0,0.0,0,76.888
890748000,890748000,1.0000007,0.00051398296,0.001894017,-0.0019815944,0.0,0.0,0.0,0.0,0,76.908
890768000,890768000,1.0000006,0.0005085032,0.0019552577,-0.0019771485,0.0,0.0,0.0,0.0,0,76.928
890788000,890788000,1.0000005,0.0005076192,0.0020102242,-0.001971308,0.0,0.0,0.0,0.0,0,76.948
890808000,890808000,1.0000004,0.0005011334,0.002049143,-0.001964468,0.0,0.0,0.0,0.0,0,76.968
890828000,890828000,1.0000004,0.00048753092,0.002071587,-0.001956855,0.0,0.0,0.0,0.0,0,76.988
890848000,890848000,1.0000004,0.00048335196,0.002081374,-0.0019483904,0.0,0.0,0.0,0.0,0,77.008
890868000,890868000,1.0000004,0.00048591732,0.0020880986,-0.0019384021,0.0,0.0,0.0,0.0,0,77.028
890888000,890888000,1.0000004,0.0004899134,0.0020969696,-0.0019270433,0.0,0.0,0.0,0.0,0,77.048
890908000,890908000,1.0000004,0.0004908521,0.0020993731,-0.0019146588,0.0,0.0,0.0,0.0,0,77.068
890928000,890928000,1.0000005,0.00048794935,0.0020897351,-0.0019011564,0.0,0.0,0.0,0.0,0,77.088
890948000,890948000,1.0000005,0.00048096204,0.002069488,-0.0018870279,0.0,0.0,0.0,0.0,0,77.108
890968000,890968000,1.0000006,0.0004735031,0.0020424982,-0.0018723327,0.0,0.0,0.0,0.0,0,77.128
890988000,890988000,1.0000007,0.00046416343,0.0020073382,-0.0018574985,0.0,0.0,0.0,0.0,0,77.148
891008000,891008000,1.0000008,0.00045955693,0.001970985,-0.0018426569,0.0,0.0,0.0,0.0,0,77.168
891028000,891028000,1.000001,0.0004551713,0.001941386,-0.0018273877,0.0,0.0,0.0,0.0,0,77.188
891048000,891048000,1.000001,0.00045396082,0.0019060788,-0.0018116072,0.0,0.0,0.0,0.0,0,77.208
891068000,891068000,1.0000011,0.000456205,0.0018664644,-0.0017949584,0.0,0.0,0.0,0.0,0,77.228
891088000,891088000,1.0000012,0.0004482587,0.001826624,-0.0017778226,0.0,0.0,0.0,0.0,0,77.248
891108000,891108000,1.0000013,0.0004324258,0.001794475,-0.0017607776,0.0,0.0,0.0,0.0,0,77.268
891128000,891128000,1.0000014,0.00041938617,0.0017610649,-0.0017438607,0.0,0.0,0.0,0.0,0,77.288
891148000,891148000,1.0000015,0.0004137923,0.0017161246,-0.0017272823,0.0,0.0,0.0,0.0,0,77.308
891168000,891168000,1.0000015,0.00041158483,0.0016726654,-0.0017110421,0.0,0.0,0.0,0.0,0,77.328
891188000,891188000,1.0000017,0.0004149236,0.00163055,-0.0016949527,0.0,0.0,0.0,0.0,0,77.348
891208000,891208000,1.0000018,0.00042393233,0.0015901002,-0.0016790647,0.0,0.0,0.0,0.0,0,77.368
891228000,891228000,1.0000019,0.00043937954,0.0015503967,-0.0016633002,0.0,0.0,0.0,0.0,0,77.388
891248000,891248000,1.0000019,0.00046187543,0.0015109002,-0.0016476554,0.0,0.0,0.0,0.0,0,77.408
891268000,891268000,1.000002,0.000486542,0.0014705884,-0.0016321895,0.0,0.0,0.0,0.0,0,77.428
891288000,891288000,1.0000021,0.0004988794,0.0014383616,-0.0016162132,0.0,0.0,0.0,0.0,0,77.448
891308000,891308000,1.0000021,0.00049759436,0.0014107245,-0.0016006333,0.0,0.0,0.0,0.0,0,77.468
891328000,891328000,1.0000023,0.00048380013,0.0013811826,-0.0015856604,0.0,0.0,0.0,0.0,0,77.488
891348000,891348000,1.0000023,0.00046498366,0.001366225,-0.0015717191,0.0,0.0,0.0,0.0,0,77.508
891368000,891368000,1.0000024,0.0004423477,0.0013503259,-0.0015588846,0.0,0.0,0.0,0.0,0,77.528
891388000,891388000,1.0000024,0.00041800216,0.00133316,-0.0015474093,0.0,0.0,0.0,0.0,0,77.548
891408000,891408000,1.0000024,0.00038879405,0.0013252483,-0.0015371507,0.0,0.0,0.0,0.0,0,77.568
891428000,891428000,1.0000024,0.00035732347,0.0013256205,-0.0015278596,0.0,0.0,0.0,0.0,0,77.588
891448000,891448000,1.0000025,0.00033879394,0.0013191302,-0.0015195034,0.0,0.0,0.0,0.0,0,77.608
891468000,891468000,1.0000025,0.00032377866,0.0013153035,-0.001511993,0.0,0.0,0.0,0.0,0,77.628
891488000,891488000,1.0000025,0.0003031806,0.0013231152,-0.0015053065,0.0,0.0,0.0,0.0,0,77.648
891508000,891508000,1.0000025,0.00028907647,0.0013304687,-0.0014993506,0.0,0.0,0.0,0.0,0,77.668
891528000,891528000,1.0000025,0.00028163308,0.0013370224,-0.0014941372,0.0,0.0,0.0,0.0,0,77.688
891548000,891548000,1.0000025,0.0002704236,0.0013532174,-0.0014896981,0.0,0.0,0.0,0.0,0,77.708
891568000,891568000,1.0000025,0.0002644021,0.0013699135,-0.0014860774,0.0,0.0,0.0,0.0,0,77.728
891588000,891588000,1.0000025,0.0002692204,0.0013814146,-0.0014834133,0.0,0.0,0.0,0.0,0,77.748
891608000,891608000,1.0000025,0.00028359305,0.0013895386,-0.0014815283,0.0,0.0,0.0,0.0,0,77.768
891628000,891628000,1.0000024,0.00029806304,0.0014056392,-0.0014806509,0.0,0.0,0.0,0.0,0,77.788
891648000,891648000,1.0000024,0.00031767596,0.0014227389,-0.0014806743,0.0,0.0,0.0,0.0,0,77.808
891668000,891668000,1.0000024,0.0003552398,0.0014272522,-0.0014815384,0.0,0.0,0.0,0.0,0,77.828
891688000,891688000,1.0000024,0.00040317635,0.0014266906,-0.0014831027,0.0,0.0,0.0,0.0,0,77.848
891708000,891708000,1.0000024,0.00045353055,0.0014285421,-0.0014854005,0.0,0.0,0.0,0.0,0,77.868
891728000,891728000,1.0000023,0.000505084,0.0014298388,-0.0014883978,0.0,0.0,0.0,0.0,0,77.888
891748000,891748000,1.0000023,0.00056235236,0.0014323005,-0.001491818,0.0,0.0,0.0,0.0,0,77.908
891768000,891768000,1.0000023,0.0006274671,0.0014247943,-0.0014959681,0.0,0.0,0.0,0.0,0,77.928
891788000,891788000,1.0000021,0.0006877235,0.001414966,-0.001500726,0.0,0.0,0.0,0.0,0,77.948
891808000,891808000,1.0000021,0.00074699154,0.001392316,-0.0015058639,0.0,0.0,0.0,0.0,0,77.968
891828000,891828000,1.0000021,0.0008123376,0.0013708465,-0.0015113874,0.0,0.0,0.0,0.0,0,77.988
891848000,891848000,1.0000021,0.00088060345,0.0013386501,-0.0015171283,0.0,0.0,0.0,0.0,0,78.008
891868000,891868000,1.0000021,0.00095372205,0.0012984452,-0.0015231277,0.0,0.0,0.0,0.0,0,78.028
891888000,891888000,1.000002,0.0010335604,0.0012427327,-0.0015292861,0.0,0.0,0.0,0.0,0,78.048
891908000,891908000,1.000002,0.0011186303,0.0011851749,-0.0015355785,0.0,0.0,0.0,0.0,0,78.068
891928000,891928000,1.000002,0.0012098053,0.0011326898,-0.0015421115,0.0,0.0,0.0,0.0,0,78.088
891948000,891948000,1.0000019,0.0013062204,0.0010589616,-0.001548721,0.0,0.0,0.0,0.0,0,78.108
891968000,891968000,1.0000019,0.0014032694,0.000970366,-0.0015550917,0.0,0.0,0.0,0.0,0,78.128
891988000,891988000,1.0000018,0.0014988485,0.0008929086,-0.0015610384,0.0,0.0,0.0,0.0,0,78.148
892008000,892008000,1.0000017,0.001589322,0.0008179833,-0.0015667542,0.0,0.0,0.0,0.0,0,78.168
892028000,892028000,1.0000017,0.0016776772,0.00072260166,-0.0015722328,0.0,0.0,0.0,0.0,0,78.188
892048000,892048000,1.0000015,0.0017664173,0.0006042473,-0.001577447,0.0,0.0,0.0,0.0,0,78.208
892068000,892068000,1.0000014,0.0018577058,0.00048954855,-0.0015824987,0.0,0.0,0.0,0.0,0,78.228
892088000,892088000,1.0000013,0.0019504166,0.00038664087,-0.0015871816,0.0,0.0,0.0,0.0,0,78.248
892108000,892108000,1.0000012,0.0020418377,0.0002849347,-0.0015914841,0.0,0.0,0.0,0.0,0,78.268
892128000,892128000,1.000001,0.0021325075,0.00017955234,-0.0015953439,0.0,0.0,0.0,0.0,0,78.288
892148000,892148000,1.0000008,0.0022153165,8.047584e-05,-0.0015983316,0.0,0.0,0.0,0.0,0,78.308
892168000,892168000,1.0000006,0.002290906,-1.437612e-05,-0.0016009018,0.0,0.0,0.0,0.0,0,78.328
892188000,892188000,1.0000005,0.0023656767,-0.00011837667,-0.0016032304,0.0,0.0,0.0,0.0,0,78.348
892208000,892208000,1.0000002,0.0024352728,-0.00022170784,-0.0016047617,0.0,0.0,0.0,0.0,0,78.368
892228000,892228000,1.0000001,0.0024964798,-0.00031717817,-0.0016057853,0.0,0.0,0.0,0.0,0,78.388
892248000,892248000,0.99999994,0.0025528453,-0.00040740176,-0.0016062281,0.0,0.0,0.0,0.0,0,78.408
892268000,892268000,0.9999999,0.0025621066,-0.0003866093,-0.0016038542,0.0,0.0,0.0,0.0,0,78.428
892288000,892288000,1.0000006,0.0022893848,0.00035278036,-0.0015963656,0.0,0.0,0.0,0.0,0,78.448
892308000,892308000,1.0000001,0.0017177644,0.001814187,-0.0015855964,0.0,0.0,0.0,0.0,0,78.468
892328000,892328000,0.9999964,0.00095762376,0.0035881444,-0.0015735271,0.0,0.0,0.0,0.0,0,78.488
892348000,892348000,0.9999889,0.00010155369,0.00536599,-0.001561387,0.0,0.0,0.0,0.0,0,78.508
892368000,892368000,0.99997824,-0.0007841098,0.007045419,-0.0015500049,0.0,0.0,0.0,0.0,0,78.528
892388000,892388000,0.9999651,-0.001661472,0.008592554,-0.0015396213,0.0,0.0,0.0,0.0,0,78.548
892408000,892408000,0.9999502,-0.0025017331,0.010007148,-0.001530698,0.0,0.0,0.0,0.0,0,78.568
892428000,892428000,0.9999345,-0.0032854488,0.011269995,-0.0015232575,0.0,0.0,0.0,0.0,0,78.588
892448000,892448000,0.9999188,-0.0039939745,0.012377199,-0.0015173736,0.0,0.0,0.0,0.0,0,78.608
892468000,892468000,0.999904,-0.0046180617,0.013321702,-0.0015130292,0.0,0.0,0.0,0.0,0,78.628
892488000,892488000,0.99989057,-0.005152194,0.014110439,-0.0015108237,0.0,0.0,0.0,0.0,0,78.648
892508000,892508000,0.99987876,-0.0055959867,0.0147643685,-0.0015104853,0.0,0.0,0.0,0.0,0,78.668
892528000,892528000,0.99986875,-0.0059492067,0.015295502,-0.0015120509,0.0,0.0,0.0,0.0,0,78.688
892548000,892548000,0.9998607,-0.006219358,0.015708325,-0.0015157991,0.0,0.0,0.0,0.0,0,78.708
892568000,892568000,0.9998547,-0.0064131557,0.01600747,-0.0015213409,0.0,0.0,0.0,0.0,0,78.728
892588000,892588000,0.99985075,-0.006536027,0.01620225,-0.0015283214,0.0,0.0,0.0,0.0,0,78.748
892608000,892608000,0.99984884,-0.0065944903,0.016297055,-0.0015366917,0.0,0.0,0.0,0.0,0,78.768
892628000,892628000,0.99984866,-0.0065920684,0.016304968,-0.0015466,0.0,0.0,0.0,0.0,0,78.788
892648000,892648000,0.99985015,-0.0065370193,0.016236061,-0.0015580929,0.0,0.0,0.0,0.0,0,78.808
892668000,892668000,0.9998531,-0.0064386907,0.016094178,-0.0015709565,0.0,0.0,0.0,0.0,0,78.828
892688000,892688000,0.99985725,-0.006304535,0.015886046,-0.0015849263,0.0,0.0,0.0,0.0,0,78.848
892708000,892708000,0.9998624,-0.006135092,0.015624765,-0.0015999643,0.0,0.0,0.0,0.0,0,78.868
892728000,892728000,0.9998683,-0.0059249485,0.015322197,-0.0016160564,0.0,0.0,0.0,0.0,0,78.888
892748000,892748000,0.9998749,-0.005682789,0.014980005,-0.0016334704,0.0,0.0,0.0,0.0,0,78.908
892768000,892768000,0.9998819,-0.0054213316,0.014597852,-0.0016515619,0.0,0.0,0.0,0.0,0,78.928
892788000,892788000,0.9998893,-0.0051435158,0.014185488,-0.0016704793,0.0,0.0,0.0,0.0,0,78.948
892808000,892808000,0.9998968,-0.004847936,0.013751759,-0.0016901009,0.0,0.0,0.0,0.0,0,78.968
892828000,892828000,0.9999044,-0.004535408,0.013298448,-0.0017098866,0.0,0.0,0.0,0.0,0,78.988
892848000,892848000,0.99991196,-0.0042102863,0.012823639,-0.0017295217,0.0,0.0,0.0,0.0,0,79.008
892868000,892868000,0.9999195,-0.0038771657,0.012333155,-0.0017485837,0.0,0.0,0.0,0.0,0,79.028
892888000,892888000,0.99992675,-0.0035397434,0.011831127,-0.0017672458,0.0,0.0,0.0,0.0,0,79.048
892908000,892908000,0.99993384,-0.0032005326,0.011311449,-0.0017855489,0.0,0.0,0.0,0.0,0,79.068
892928000,892928000,0.9999407,-0.0028574336,0.010783298,-0.0018035129,0.0,0.0,0.0,0.0,0,79.088
892948000,892948000,0.99994725,-0.002510371,0.010245616,-0.0018203086,0.0,0.0,0.0,0.0,0,79.108
892968000,892968000,0.9999534,-0.0021644474,0.009711066,-0.0018361768,0.0,0.0,0.0,0.0,0,79.128
892988000,892988000,0.9999592,-0.0018313349,0.009162893,-0.0018510786,0.0,0.0,0.0,0.0,0,79.148
893008000,893008000,0.9999646,-0.0015716992,0.008603512,-0.001864283,0.0,0.0,0.0,0.0,0,79.168
893028000,893028000,0.9999694,-0.0013924895,0.008052259,-0.0018758316,0.0,0.0,0.0,0.0,0,79.188
893048000,893048000,0.9999739,-0.001261332,0.0074965144,-0.0018858572,0.0,0.0,0.0,0.0,0,79.208
893068000,893068000,0.999978,-0.0011625969,0.006935875,-0.0018944757,0.0,0.0,0.0,0.0,0,79.228
893088000,893088000,0.9999818,-0.0010882482,0.0063783913,-0.0019017895,0.0,0.0,0.0,0.0,0,79.248
893108000,893108000,0.9999852,-0.0010279752,0.005825851,-0.0019079249,0.0,0.0,0.0,0.0,0,79.268
893128000,893128000,0.9999883,-0.0009805139,0.005275635,-0.001912593,0.0,0.0,0.0,0.0,0,79.288
893148000,893148000,0.99999106,-0.00094401377,0.0047303177,-0.0019158642,0.0,0.0,0.0,0.0,0,79.308
893168000,893168000,0.9999935,-0.0009133712,0.0041879304,-0.0019180278,0.0,0.0,0.0,0.0,0,79.328
893188000,893188000,0.99999565,-0.0008873085,0.0036453789,-0.0019191387,0.0,0.0,0.0,0.0,0,79.348
893208000,893208000,0.99999756,-0.0008591835,0.003103027,-0.0019191859,0.0,0.0,0.0,0.0,0,79.368
893228000,893228000,0.9999991,-0.00081882597,0.0025598914,-0.0019180974,0.0,0.0,0.0,0.0,0,79.388
893248000,893248000,1.0000004,-0.0007736064,0.0020280925,-0.0019160782,0.0,0.0,0.0,0.0,0,79.408
893268000,893268000,1.0000013,-0.0007332623,0.001505678,-0.0019129304,0.0,0.0,0.0,0.0,0,79.428
893288000,893288000,1.000002,-0.0006924513,0.0010192333,-0.0019089293,0.0,0.0,0.0,0.0,0,79.448
893308000,893308000,1.0000023,-0.000646117,0.0006558681,-0.0019039487,0.0,0.0,0.0,0.0,0,79.468
893328000,893328000,1.0000025,-0.00059099554,0.0003791031,-0.0018981049,0.0,0.0,0.0,0.0,0,79.488
893348000,893348000,1.0000026,-0.0005265216,0.0001255661,-0.0018913788,0.0,0.0,0.0,0.0,0,79.508
893368000,893368000,1.0000026,-0.0004595931,-0.00011247862,-0.0018834394,0.0,0.0,0.0,0.0,0,79.528
893388000,893388000,1.0000026,-0.0003914717,-0.0003410949,-0.0018748111,0.0,0.0,0.0,0.0,0,79.548
893408000,893408000,1.0000026,-0.0003162244,-0.0005613175,-0.0018655623,0.0,0.0,0.0,0.0,0,79.568
893428000,893428000,1.0000025,-0.00022637169,-0.0007880811,-0.0018552837,0.0,0.0,0.0,0.0,0,79.588
893448000,893448000,1.0000024,-0.00012791115,-0.0010097744,-0.0018440611,0.0,0.0,0.0,0.0,0,79.608
893468000,893468000,1.0000021,-2.4819867e-05,-0.0012407242,-0.001832048,0.0,0.0,0.0,0.0,0,79.628
893488000,893488000,1.0000018,7.972026e-05,-0.0014861723,-0.0018195481,0.0,0.0,0.0,0.0,0,79.648
893508000,893508000,1.0000014,0.00018258169,-0.0017377506,-0.0018064338,0.0,0.0,0.0,0.0,0,79.668
893528000,893528000,1.000001,0.00027193115,-0.0019812493,-0.0017930334,0.0,0.0,0.0,0.0,0,79.688
893548000,893548000,1.0000005,0.0003465573,-0.002215962,-0.0017789498,0.0,0.0,0.0,0.0,0,79.708
893568000,893568000,0.9999999,0.00041298903,-0.0024506215,-0.0017644855,0.0,0.0,0.0,0.0,0,79.728
893588000,893588000,0.9999993,0.000470763,-0.0026888414,-0.0017494207,0.0,0.0,0.0,0.0,0,79.748
893608000,893608000,0.9999986,0.00052143796,-0.002925765,-0.0017338666,0.0,0.0,0.0,0.0,0,79.768
893628000,893628000,0.9999979,0.00056714076,-0.0031579898,-0.0017180638,0.0,0.0,0.0,0.0,0,79.788
893648000,893648000,0.99999714,0.00061392214,-0.0033925362,-0.0017019256,0.0,0.0,0.0,0.0,0,79.808
893668000,893668000,0.99999636,0.00066375773,-0.0036196741,-0.0016857451,0.0,0.0,0.0,0.0,0,79.828
893688000,893688000,0.9999956,0.00071583607,-0.0038302117,-0.0016695651,0.0,0.0,0.0,0.0,0,79.848
893708000,893708000,0.99999475,0.0007682064,-0.0040332996,-0.0016535842,0.0,0.0,0.0,0.0,0,79.868
893728000,893728000,0.9999939,0.00082073367,-0.00423329,-0.0016379373,0.0,0.0,0.0,0.0,0,79.888
893748000,893748000,0.999993,0.00087626325,-0.0044282773,-0.0016226721,0.0,0.0,0.0,0.0,0,79.908
893768000,893768000,0.9999922,0.00093638385,-0.004612745,-0.001607786,0.0,0.0,0.0,0.0,0,79.928
893788000,893788000,0.9999913,0.0010019344,-0.004791175,-0.0015932206,0.0,0.0,0.0,0.0,0,79.948
893808000,893808000,0.9999904,0.0010730588,-0.0049625863,-0.0015790048,0.0,0.0,0.0,0.0,0,79.968
893828000,893828000,0.99998957,0.0011481429,-0.0051223193,-0.0015652437,0.0,0.0,0.0,0.0,0,79.988
893848000,893848000,0.99998873,0.0012283829,-0.0052685775,-0.0015518268,0.0,0.0,0.0,0.0,0,80.008
893868000,893868000,0.9999879,0.0013087197,-0.0054081287,-0.0015391756,0.0,0.0,0.0,0.0,0,80.028
893888000,893888000,0.99998707,0.0013888816,-0.005537672,-0.0015266344,0.0,0.0,0.0,0.0,0,80.048
893908000,893908000,0.9999863,0.0014721778,-0.0056674513,-0.001514245,0.0,0.0,0.0,0.0,0,80.068
893928000,893928000,0.99998546,0.0015493374,-0.0057892837,-0.0015021091,0.0,0.0,0.0,0.0,0,80.088
893948000,893948000,0.99998474,0.0016198457,-0.005895263,-0.0014905512,0.0,0.0,0.0,0.0,0,80.108
893968000,893968000,0.9999841,0.0016869701,-0.005987722,-0.001479176,0.0,0.0,0.0,0.0,0,80.128
893988000,893988000,0.9999835,0.0017518802,-0.006076832,-0.0014676554,0.0,0.0,0.0,0.0,0,80.148
894008000,894008000,0.99998295,0.00180442,-0.0061544855,-0.0014564516,0.0,0.0,0.0,0.0,0,80.168
894028000,894028000,0.9999824,0.0018453343,-0.006222306,-0.0014460647,0.0,0.0,0.0,0.0,0,80.188
894048000,894048000,0.999982,0.001878911,-0.006284512,-0.0014365303,0.0,0.0,0.0,0.0,0,80.208
894068000,894068000,0.99998164,0.0019034998,-0.006339527,-0.001428021,0.0,0.0,0.0,0.0,0,80.228
894088000,894088000,0.9999813,0.0019182842,-0.0063863397,-0.0014205443,0.0,0.0,0.0,0.0,0,80.248
894108000,894108000,0.9999811,0.0019230519,-0.0064224307,-0.0014141581,0.0,0.0,0.0,0.0,0,80.268
894128000,894128000,0.9999809,0.0019265237,-0.006442997,-0.0014084537,0.0,0.0,0.0,0.0,0,80.288
894148000,894148000,0.99998087,0.0019361973,-0.0064574243,-0.0014027982,0.0,0.0,0.0,0.0,0,80.308
894168000,894168000,0.9999808,0.0019471275,-0.006459535,-0.001397065,0.0,0.0,0.0,0.0,0,80.328
894188000,894188000,0.9999808,0.0019408261,-0.0064604846,-0.0013916526,0.0,0.0,0.0,0.0,0,80.348
894208000,894208000,0.9999809,0.0019224206,-0.006452894,-0.0013867518,0.0,0.0,0.0,0.0,0,80.368
894228000,894228000,0.9999811,0.0018953332,-0.0064323135,-0.0013827635,0.0,0.0,0.0,0.0,0,80.388
894248000,894248000,0.9999814,0.0018575483,-0.0064001177,-0.0013797521,0.0,0.0,0.0,0.0,0,80.408
894268000,894268000,0.99998176,0.0018109927,-0.0063596657,-0.0013773729,0.0,0.0,0.0,0.0,0,80.428
894288000,894288000,0.99998206,0.0017607593,-0.0063241217,-0.0013754917,0.0,0.0,0.0,0.0,0,80.448
894308000,894308000,0.99998236,0.0017049789,-0.0062891697,-0.0013739777,0.0,0.0,0.0,0.0,0,80.468
894328000,894328000,0.9999828,0.0016426605,-0.006242343,-0.0013732918,0.0,0.0,0.0,0.0,0,80.488
894348000,894348000,0.99998325,0.0015710691,-0.006184727,-0.0013733917,0.0,0.0,0.0,0.0,0,80.508
894368000,894368000,0.9999837,0.0014992412,-0.0061259028,-0.0013736861,0.0,0.0,0.0,0.0,0,80.528
894388000,894388000,0.99998415,0.0014310778,-0.006072255,-0.0013741507,0.0,0.0,0.0,0.0,0,80.548
894408000,894408000,0.9999845,0.0013667821,-0.006023881,-0.0013750283,0.0,0.0,0.0,0.0,0,80.568
894428000,894428000,0.9999849,0.0013099915,-0.0059714927,-0.0013763302,0.0,0.0,0.0,0.0,0,80.588
894448000,894448000,0.99998534,0.0012425848,-0.005916154,-0.0013780986,0.0,0.0,0.0,0.0,0,80.608
894468000,894468000,0.9999857,0.0011698696,-0.005869957,-0.0013804364,0.0,0.0,0.0,0.0,0,80.628
894488000,894488000,0.999986,0.0010952106,-0.0058263275,-0.0013835065,0.0,0.0,0.0,0.0,0,80.648
894508000,894508000,0.99998635,0.001016066,-0.0057787476,-0.0013868972,0.0,0.0,0.0,0.0,0,80.668
894528000,894528000,0.9999867,0.00094041193,-0.005730747,-0.0013905999,0.0,0.0,0.0,0.0,0,80.688
894548000,894548000,0.9999871,0.0008749105,-0.0056745564,-0.001394379,0.0,0.0,0.0,0.0,0,80.708
894568000,894568000,0.99998754,0.0008031956,-0.005609686,-0.0013984609,0.0,0.0,0.0,0.0,0,80.728
894588000,894588000,0.9999879,0.0007176514,-0.005552016,-0.001403104,0.0,0.0,0.0,0.0,0,80.748
894608000,894608000,0.9999883,0.00062590494,-0.0054902476,-0.0014080302,0.0,0.0,0.0,0.0,0,80.768
894628000,894628000,0.9999888,0.00053134374,-0.0054099294,-0.0014133313,0.0,0.0,0.0,0.0,0,80.788
894648000,894648000,0.9999893,0.0004369723,-0.005321485,-0.0014186763,0.0,0.0,0.0,0.0,0,80.808
894668000,894668000,0.9999898,0.00034631806,-0.0052327006,-0.0014239852,0.0,0.0,0.0,0.0,0,80.828
894688000,894688000,0.9999903,0.00026111162,-0.005144581,-0.0014293441,0.0,0.0,0.0,0.0,0,80.848
894708000,894708000,0.9999907,0.00018263383,-0.0050566355,-0.001434976,0.0,0.0,0.0,0.0,0,80.868
894728000,894728000,0.9999912,0.00011420174,-0.0049659167,-0.0014413357,0.0,0.0,0.0,0.0,0,80.888
894748000,894748000,0.9999916,6.0589584e-05,-0.004881412,-0.0014480483,0.0,0.0,0.0,0.0,0,80.908
894768000,894768000,0.99999195,1.1890684e-05,-0.004801112,-0.0014552058,0.0,0.0,0.0,0.0,0,80.928
894788000,894788000,0.9999924,-3.492369e-05,-0.004715431,-0.0014623979,0.0,0.0,0.0,0.0,0,80.948
894808000,894808000,0.9999927,-7.648971e-05,-0.0046294923,-0.0014697249,0.0,0.0,0.0,0.0,0,80.968
894828000,894828000,0.99999315,-0.00010973159,-0.0045473925,-0.0014770945,0.0,0.0,0.0,0.0,0,80.988
894848000,894848000,0.99999344,-0.0001367751,-0.0044670915,-0.0014844178,0.0,0.0,0.0,0.0,0,81.008
894868000,894868000,0.9999938,-0.00015857993,-0.0043876045,-0.0014916748,0.0,0.0,0.0,0.0,0,81.028
894888000,894888000,0.99999416,-0.00017543446,-0.004308522,-0.0014988652,0.0,0.0,0.0,0.0,0,81.048
894908000,894908000,0.99999446,-0.00018747823,-0.004229561,-0.0015059873,0.0,0.0,0.0,0.0,0,81.068
894928000,894928000,0.99999475,-0.00019475832,-0.004150569,-0.0015130417,0.0,0.0,0.0,0.0,0,81.088
894948000,894948000,0.9999951,-0.00019735002,-0.004071297,-0.0015200292,0.0,0.0,0.0,0.0,0,81.108
894968000,894968000,0.9999954,-0.00019526001,-0.003991666,-0.0015269505,0.0,0.0,0.0,0.0,0,81.128
894988000,894988000,0.9999957,-0.00018878185,-0.0039111986,-0.0015337378,0.0,0.0,0.0,0.0,0,81.148
895008000,895008000,0.999996,-0.00018158685,-0.0038288438,-0.0015404177,0.0,0.0,0.0,0.0,0,81.168
895028000,895028000,0.9999963,-0.00018634356,-0.0037483543,-0.0015470854,0.0,0.0,0.0,0.0,0,81.188
895048000,895048000,0.99999654,-0.00019872193,-0.0036805782,-0.0015537039,0.0,0.0,0.0,0.0,0,81.208
895068000,895068000,0.9999968,-0.00019872867,-0.0036151898,-0.0015600681,0.0,0.0,0.0,0.0,0,81.228
895088000,895088000,0.999997,-0.0001893077,-0.0035421813,-0.001566326,0.0,0.0,0.0,0.0,0,81.248
895108000,895108000,0.9999973,-0.00017412954,-0.003465725,-0.0015725151,0.0,0.0,0.0,0.0,0,81.268
895128000,895128000,0.99999756,-0.00015407935,-0.0033871676,-0.0015786425,0.0,0.0,0.0,0.0,0,81.288
895148000,895148000,0.9999978,-0.0001296313,-0.003306565,-0.0015847126,0.0,0.0,0.0,0.0,0,81.308
895168000,895168000,0.9999981,-0.00010132911,-0.0032247123,-0.0015908031,0.0,0.0,0.0,0.0,0,81.328
895188000,895188000,0.99999833,-7.099537e-05,-0.0031428637,-0.0015970257,0.0,0.0,0.0,0.0,0,81.348
895208000,895208000,0.99999857,-4.0189156e-05,-0.0030628475,-0.0016033467,0.0,0.0,0.0,0.0,0,81.368
895228000,895228000,0.9999988,-6.967749e-06,-0.0029821324,-0.001609732,0.0,0.0,0.0,0.0,0,81.388
895248000,895248000,0.99999905,2.4056404e-05,-0.0029056086,-0.0016165096,0.0,0.0,0.0,0.0,0,81.408
895268000,895268000,0.9999992,5.5377415e-05,-0.0028291743,-0.001623351,0.0,0.0,0.0,0.0,0,81.428
895288000,895288000,0.99999946,8.914233e-05,-0.00273954,-0.0016300014,0.0,0.0,0.0,0.0,0,81.448
895308000,895308000,0.9999997,0.00012790906,-0.0026545187,-0.0016364569,0.0,0.0,0.0,0.0,0,81.468
895328000,895328000,0.9999998,0.00016910015,-0.002588318,-0.0016427644,0.0,0.0,0.0,0.0,0,81.488
895348000,895348000,1.0,0.00021007826,-0.0025086808,-0.0016489394,0.0,0.0,0.0,0.0,0,81.508
895368000,895368000,1.0000002,0.0002491104,-0.00242267,-0.0016549425,0.0,0.0,0.0,0.0,0,81.528
895388000,895388000,1.0000004,0.00028799433,-0.002356405,-0.0016608784,0.0,0.0,0.0,0.0,0,81.548
895408000,895408000,1.0000005,0.00032248072,-0.0022946782,-0.0016669173,0.0,0.0,0.0,0.0,0,81.568
895428000,895428000,1.0000006,0.00035882965,-0.0022155168,-0.0016726337,0.0,0.0,0.0,0.0,0,81.588
895448000,895448000,1.0000008,0.00039374596,-0.0021345436,-0.0016778504,0.0,0.0,0.0,0.0,0,81.608
895468000,895468000,1.000001,0.00042322418,-0.002064672,-0.0016824683,0.0,0.0,0.0,0.0,0,81.628
895488000,895488000,1.0000011,0.0004451252,-0.002004867,-0.0016865288,0.0,0.0,0.0,0.0,0,81.648
895508000,895508000,1.0000011,0.00046368732,-0.0019489999,-0.0016898562,0.0,0.0,0.0,0.0,0,81.668
895528000,895528000,1.0000012,0.0004911752,-0.0018845231,-0.0016925955,0.0,0.0,0.0,0.0,0,81.688
895548000,895548000,1.0000013,0.00051865354,-0.0018198661,-0.0016947702,0.0,0.0,0.0,0.0,0,81.708
895568000,895568000,1.0000014,0.00054499664,-0.0017562151,-0.0016968069,0.0,0.0,0.0,0.0,0,81.728
895588000,895588000,1.0000015,0.00057296763,-0.0016905107,-0.0016987438,0.0,0.0,0.0,0.0,0,81.748
895608000,895608000,1.0000015,0.0006023279,-0.0016230624,-0.0017005919,0.0,0.0,0.0,0.0,0,81.768
895628000,895628000,1.0000017,0.00063411804,-0.0015525802,-0.0017023938,0.0,0.0,0.0,0.0,0,81.788
895648000,895648000,1.0000018,0.00066420046,-0.0014832314,-0.0017038037,0.0,0.0,0.0,0.0,0,81.808
895668000,895668000,1.0000019,0.0006853915,-0.0014219884,-0.0017047887,0.0,0.0,0.0,0.0,0,81.828
895688000,895688000,1.0000019,0.0007041189,-0.0013624179,-0.0017056902,0.0,0.0,0.0,0.0,0,81.848
895708000,895708000,1.000002,0.0007232233,-0.001301569,-0.001706716,0.0,0.0,0.0,0.0,0,81.868
895728000,895728000,1.000002,0.00073917693,-0.0012428942,-0.0017081441,0.0,0.0,0.0,0.0,0,81.888
895748000,895748000,1.0000021,0.00074873655,-0.0011895607,-0.0017101634,0.0,0.0,0.0,0.0,0,81.908
895768000,895768000,1.0000021,0.00074867683,-0.0011446703,-0.0017126738,0.0,0.0,0.0,0.0,0,81.928
895788000,895788000,1.0000021,0.00074513967,-0.0011020763,-0.0017153885,0.0,0.0,0.0,0.0,0,81.948
895808000,895808000,1.0000023,0.0007380014,-0.001061779,-0.0017184406,0.0,0.0,0.0,0.0,0,81.968
895828000,895828000,1.0000023,0.000727923,-0.0010231117,-0.0017216272,0.0,0.0,0.0,0.0,0,81.988
895848000,895848000,1.0000023,0.0007182606,-0.0009826032,-0.001724874,0.0,0.0,0.0,0.0,0,82.008
895868000,895868000,1.0000024,0.00070535537,-0.00094431895,-0.0017286272,0.0,0.0,0.0,0.0,0,82.028
895888000,895888000,1.0000024,0.00068868685,-0.0009151974,-0.0017325421,0.0,0.0,0.0,0.0,0,82.048
895908000,895908000,1.0000024,0.0006708904,-0.00088439137,-0.0017356961,0.0,0.0,0.0,0.0,0,82.068
895928000,895928000,1.0000025,0.0006539963,-0.00085405796,-0.0017380208,0.0,0.0,0.0,0.0,0,82.088
895948000,895948000,1.0000025,0.0006407798,-0.0008290997,-0.0017391203,0.0,0.0,0.0,0.0,0,82.108
895968000,895968000,1.0000025,0.00063401315,-0.0007951293,-0.0017394423,0.0,0.0,0.0,0.0,0,82.128
895988000,895988000,1.0000025,0.0006298613,-0.00077219115,-0.0017396093,0.0,0.0,0.0,0.0,0,82.148
896008000,896008000,1.0000026,0.0006225406,-0.00074882637,-0.001740001,0.0,0.0,0.0,0.0,0,82.168
896028000,896028000,1.0000026,0.0006145945,-0.0007054531,-0.0017405079,0.0,0.0,0.0,0.0,0,82.188
896048000,896048000,1.0000026,0.00061211525,-0.0006594826,-0.0017412972,0.0,0.0,0.0,0.0,0,82.208
896068000,896068000,1.0000026,0.0006144167,-0.0006125639,-0.001742133,0.0,0.0,0.0,0.0,0,82.228
896088000,896088000,1.0000026,0.00062167196,-0.0005648836,-0.0017430952,0.0,0.0,0.0,0.0,0,82.248
896108000,896108000,1.0000027,0.00062712294,-0.0005218077,-0.0017436058,0.0,0.0,0.0,0.0,0,82.268
896128000,896128000,1.0000027,0.00062993873,-0.0004806776,-0.0017440378,0.0,0.0,0.0,0.0,0,82.288
896148000,896148000,1.0000027,0.0006334486,-0.00043733505,-0.0017444484,0.0,0.0,0.0,0.0,0,82.308
896168000,896168000,1.0000027,0.00063914637,-0.0003911577,-0.0017449989,0.0,0.0,0.0,0.0,0,82.328
896188000,896188000,1.0000027,0.0006478919,-0.00034913633,-0.0017454963,0.0,0.0,0.0,0.0,0,82.348
896208000,896208000,1.0000027,0.0006542459,-0.00031295803,-0.0017461433,0.0,0.0,0.0,0.0,0,82.368
896228000,896228000,1.0000027,0.0006696369,-0.00028465682,-0.0017473674,0.0,0.0,0.0,0.0,0,82.388
896248000,896248000,1.0000027,0.0006925501,-0.00025964016,-0.0017486914,0.0,0.0,0.0,0.0,0,82.408
896268000,896268000,1.0000027,0.00071886723,-0.00023280151,-0.0017500271,0.0,0.0,0.0,0.0,0,82.428
896288000,896288000,1.0000027,0.0007446832,-0.00020527709,-0.0017511598,0.0,0.0,0.0,0.0,0,82.448
896308000,896308000,1.0000027,0.00076631876,-0.00018006272,-0.0017521824,0.0,0.0,0.0,0.0,0,82.468
896328000,896328000,1.0000027,0.00078810536,-0.00015651034,-0.001753214,0.0,0.0,0.0,0.0,0,82.488
896348000,896348000,1.0000026,0.00081148255,-0.00014407952,-0.0017543867,0.0,0.0,0.0,0.0,0,82.508
896368000,896368000,1.0000026,0.0008381699,-0.00013972573,-0.0017554711,0.0,0.0,0.0,0.0,0,82.528
896388000,896388000,1.0000026,0.0008622744,-0.00013977544,-0.0017563455,0.0,0.0,0.0,0.0,0,82.548
896408000,896408000,1.0000026,0.000885782,-0.0001392471,-0.0017571482,0.0,0.0,0.0,0.0,0,82.568
896428000,896428000,1.0000026,0.000907726,-0.0001381832,-0.0017577694,0.0,0.0,0.0,0.0,0,82.588
896448000,896448000,1.0000026,0.0009298097,-0.0001390421,-0.0017584212,0.0,0.0,0.0,0.0,0,82.608
896468000,896468000,1.0000025,0.0009512725,-0.00015260358,-0.0017589203,0.0,0.0,0.0,0.0,0,82.628
896488000,896488000,1.0000025,0.00097222306,-0.00016995805,-0.0017593924,0.0,0.0,0.0,0.0,0,82.648
896508000,896508000,1.0000025,0.000993809,-0.0001856608,-0.001759854,0.0,0.0,0.0,0.0,0,82.668
896528000,896528000,1.0000025,0.001015683,-0.00019882232,-0.0017602314,0.0,0.0,0.0,0.0,0,82.688
896548000,896548000,1.0000024,0.0010396751,-0.00021197906,-0.0017608623,0.0,0.0,0.0,0.0,0,82.708
896568000,896568000,1.0000024,0.0010668738,-0.0002272922,-0.0017613501,0.0,0.0,0.0,0.0,0,82.728
896588000,896588000,1.0000024,0.0010878018,-0.00025255675,-0.0017613486,0.0,0.0,0.0,0.0,0,82.748
896608000,896608000,1.0000024,0.0011041098,-0.00028241458,-0.0017612294,0.0,0.0,0.0,0.0,0,82.768
896628000,896628000,1.0000024,0.0011154548,-0.00031500362,-0.0017607422,0.0,0.0,0.0,0.0,0,82.788
896648000,896648000,1.0000023,0.0011248714,-0.0003538897,-0.0017604851,0.0,0.0,0.0,0.0,0,82.808
896668000,896668000,1.0000023,0.0011445294,-0.00040608633,-0.0017609705,0.0,0.0,0.0,0.0,0,82.828
896688000,896688000,1.0000021,0.0011732219,-0.00046677692,-0.001761566,0.0,0.0,0.0,0.0,0,82.848
896708000,896708000,1.0000021,0.0012027044,-0.000534046,-0.0017621098,0.0,0.0,0.0,0.0,0,82.868
896728000,896728000,1.000002,0.0012325582,-0.0005989491,-0.001762701,0.0,0.0,0.0,0.0,0,82.888
896748000,896748000,1.000002,0.001270322,-0.0006607898,-0.001763588,0.0,0.0,0.0,0.0,0,82.908
896768000,896768000,1.0000019,0.0013156595,-0.0007243485,-0.0017648437,0.0,0.0,0.0,0.0,0,82.928
896788000,896788000,1.0000018,0.0013662393,-0.00078664254,-0.0017660488,0.0,0.0,0.0,0.0,0,82.948
896808000,896808000,1.0000017,0.001420369,-0.00083630974,-0.001767068,0.0,0.0,0.0,0.0,0,82.968
896828000,896828000,1.0000015,0.0014781076,-0.00089156325,-0.0017681811,0.0,0.0,0.0,0.0,0,82.988
896848000,896848000,1.0000013,0.0015461744,-0.000956847,-0.0017695096,0.0,0.0,0.0,0.0,0,83.008
896868000,896868000,1.0000012,0.0016181824,-0.0010048959,-0.0017709001,0.0,0.0,0.0,0.0,0,83.028
896888000,896888000,1.000001,0.0016896779,-0.0010472131,-0.0017724216,0.0,0.0,0.0,0.0,0,83.048
896908000,896908000,1.0000008,0.0017513161,-0.0010947273,-0.0017740984,0.0,0.0,0.0,0.0,0,83.068
896928000,896928000,1.0000007,0.0018067803,-0.0011284753,-0.0017758282,0.0,0.0,0.0,0.0,0,83.088
896948000,896948000,1.0000006,0.0018810851,-0.0011544861,-0.0017774747,0.0,0.0,0.0,0.0,0,83.108
896968000,896968000,1.0000004,0.0019579192,-0.0011835557,-0.0017787423,0.0,0.0,0.0,0.0,0,83.128
896988000,896988000,1.0000001,0.0020288955,-0.0012102342,-0.001779714,0.0,0.0,0.0,0.0,0,83.148
897008000,897008000,1.0,0.002090695,-0.0012260432,-0.0017808347,0.0,0.0,0.0,0.0,0,83.168
897028000,897028000,0.9999999,0.0021466443,-0.0012364093,-0.0017818891,0.0,0.0,0.0,0.0,0,83.188
897048000,897048000,0.99999976,0.002198163,-0.0012433444,-0.00178283,0.0,0.0,0.0,0.0,0,83.208
897068000,897068000,0.99999964,0.002246362,-0.0012456366,-0.0017831522,0.0,0.0,0.0,0.0,0,83.228
897088000,897088000,0.9999996,0.0022872495,-0.0012354376,-0.0017828277,0.0,0.0,0.0,0.0,0,83.248
897108000,897108000,0.9999995,0.0023169648,-0.0012154636,-0.0017820293,0.0,0.0,0.0,0.0,0,83.268
897128000,897128000,0.9999995,0.002334743,-0.0011996074,-0.0017809503,0.0,0.0,0.0,0.0,0,83.288
897148000,897148000,0.9999995,0.0023444283,-0.0011864413,-0.0017797427,0.0,0.0,0.0,0.0,0,83.308
897168000,897168000,0.9999995,0.0023502996,-0.0011700212,-0.0017781887,0.0,0.0,0.0,0.0,0,83.328
897188000,897188000,0.9999996,0.0023494386,-0.0011436084,-0.0017759444,0.0,0.0,0.0,0.0,0,83.348
897208000,897208000,0.9999996,0.002342901,-0.0011170148,-0.0017731895,0.0,0.0,0.0,0.0,0,83.368
897228000,897228000,0.99999964,0.0023433038,-0.0010994814,-0.0017704272,0.0,0.0,0.0,0.0,0,83.388
897248000,897248000,0.99999964,0.0023476484,-0.0010865094,-0.0017675638,0.0,0.0,0.0,0.0,0,83.408
897268000,897268000,0.9999997,0.0023420174,-0.0010671823,-0.0017648034,0.0,0.0,0.0,0.0,0,83.428
897288000,897288000,0.99999976,0.0023298522,-0.0010420034,-0.0017621047,0.0,0.0,0.0,0.0,0,83.448
897308000,897308000,0.9999998,0.0023103831,-0.0010183083,-0.001759739,0.0,0.0,0.0,0.0,0,83.468
897328000,897328000,0.9999999,0.0022819769,-0.0009947361,-0.0017578052,0.0,0.0,0.0,0.0,0,83.488
897348000,897348000,1.0,0.0022491387,-0.00096264895,-0.0017562434,0.0,0.0,0.0,0.0,0,83.508
897368000,897368000,1.0000001,0.0022162767,-0.0009271061,-0.0017549978,0.0,0.0,0.0,0.0,0,83.528
897388000,897388000,1.0000002,0.0021772191,-0.0008935997,-0.001754388,0.0,0.0,0.0,0.0,0,83.548
897408000,897408000,1.0000004,0.0021283606,-0.0008689352,-0.0017542243,0.0,0.0,0.0,0.0,0,83.568
897428000,897428000,1.0000005,0.002076597,-0.00084614987,-0.0017543564,0.0,0.0,0.0,0.0,0,83.588
897448000,897448000,1.0000006,0.002022664,-0.0008201218,-0.0017550302,0.0,0.0,0.0,0.0,0,83.608
897468000,897468000,1.0000007,0.001968371,-0.00079211174,-0.0017560662,0.0,0.0,0.0,0.0,0,83.628
897488000,897488000,1.0000008,0.0019119926,-0.00076113624,-0.0017572042,0.0,0.0,0.0,0.0,0,83.648
897508000,897508000,1.000001,0.0018579838,-0.0007309982,-0.0017584112,0.0,0.0,0.0,0.0,0,83.668
897528000,897528000,1.0000011,0.0018108375,-0.0007117108,-0.0017598267,0.0,0.0,0.0,0.0,0,83.688
897548000,897548000,1.0000012,0.0017644616,-0.0006974449,-0.0017612668,0.0,0.0,0.0,0.0,0,83.708
897568000,897568000,1.0000013,0.0017164351,-0.000683899,-0.0017628194,0.0,0.0,0.0,0.0,0,83.728
897588000,897588000,1.0000014,0.0016668672,-0.0006692425,-0.0017645847,0.0,0.0,0.0,0.0,0,83.748
897608000,897608000,1.0000014,0.0016138972,-0.0006480294,-0.0017669385,0.0,0.0,0.0,0.0,0,83.768
897628000,897628000,1.0000015,0.0015610326,-0.00062880106,-0.001769483,0.0,0.0,0.0,0.0,0,83.788
897648000,897648000,1.0000017,0.001508262,-0.00061606936,-0.0017721619,0.0,0.0,0.0,0.0,0,83.808
897668000,897668000,1.0000018,0.0014550692,-0.0006092074,-0.0017749385,0.0,0.0,0.0,0.0,0,83.828
897688000,897688000,1.0000018,0.0014004975,-0.0005952466,-0.0017776905,0.0,0.0,0.0,0.0,0,83.848
897708000,897708000,1.0000019,0.0013458539,-0.0005750568,-0.0017804069,0.0,0.0,0.0,0.0,0,83.868
897728000,897728000,1.000002,0.0012958167,-0.00055731484,-0.0017832422,0.0,0.0,0.0,0.0,0,83.888
897748000,897748000,1.000002,0.0012464423,-0.0005427387,-0.0017862284,0.0,0.0,0.0,0.0,0,83.908
897768000,897768000,1.0000021,0.0011972482,-0.0005293097,-0.0017893065,0.0,0.0,0.0,0.0,0,83.928
897788000,897788000,1.0000021,0.0011476896,-0.0005156643,-0.0017922081,0.0,0.0,0.0,0.0,0,83.948
897808000,897808000,1.0000023,0.0010976578,-0.0005016977,-0.0017952302,0.0,0.0,0.0,0.0,0,83.968
897828000,897828000,1.0000023,0.001049178,-0.00048556138,-0.0017986887,0.0,0.0,0.0,0.0,0,83.988
897848000,897848000,1.0000023,0.0010079221,-0.00047098045,-0.0018025327,0.0,0.0,0.0,0.0,0,84.008
897868000,897868000,1.0000024,0.0009794553,-0.0004588884,-0.0018064724,0.0,0.0,0.0,0.0,0,84.028
897888000,897888000,1.0000024,0.0009620034,-0.00044850147,-0.001810669,0.0,0.0,0.0,0.0,0,84.048
897908000,897908000,1.0000024,0.0009386476,-0.0004338138,-0.0018153408,0.0,0.0,0.0,0.0,0,84.068
897928000,897928000,1.0000024,0.00090920477,-0.00041286243,-0.0018201967,0.0,0.0,0.0,0.0,0,84.088
897948000,897948000,1.0000024,0.0008841941,-0.0003988648,-0.0018256071,0.0,0.0,0.0,0.0,0,84.108
897968000,897968000,1.0000024,0.00086848345,-0.00038396788,-0.00183139,0.0,0.0,0.0,0.0,0,84.128
897988000,897988000,1.0000024,0.00085496175,-0.00035613225,-0.0018373826,0.0,0.0,0.0,0.0,0,84.148
898008000,898008000,1.0000024,0.00084760954,-0.00032536848,-0.0018438296,0.0,0.0,0.0,0.0,0,84.168
898028000,898028000,1.0000024,0.00084242906,-0.0002938164,-0.0018504071,0.0,0.0,0.0,0.0,0,84.188
898048000,898048000,1.0000025,0.0008365483,-0.00026077538,-0.0018570669,0.0,0.0,0.0,0.0,0,84.208
898068000,898068000,1.0000025,0.000829042,-0.00022613686,-0.0018634851,0.0,0.0,0.0,0.0,0,84.228
898088000,898088000,1.0000025,0.0008199122,-0.00019025405,-0.0018697998,0.0,0.0,0.0,0.0,0,84.248
898108000,898108000,1.0000025,0.0008134589,-0.00015275479,-0.0018758456,0.0,0.0,0.0,0.0,0,84.268
898128000,898128000,1.0000025,0.0008117084,-0.00011591672,-0.0018813909,0.0,0.0,0.0,0.0,0,84.288
898148000,898148000,1.0000024,0.00081942516,-7.420619e-05,-0.0018860929,0.0,0.0,0.0,0.0,0,84.308
898168000,898168000,1.0000024,0.00083788193,-2.9707946e-05,-0.0018899002,0.0,0.0,0.0,0.0,0,84.328
898188000,898188000,1.0000024,0.0008542806,1.2166293e-05,-0.0018929101,0.0,0.0,0.0,0.0,0,84.348
898208000,898208000,1.0000024,0.000867193,5.7038877e-05,-0.0018956445,0.0,0.0,0.0,0.0,0,84.368
898228000,898228000,1.0000024,0.0008814633,9.9966346e-05,-0.0018980864,0.0,0.0,0.0,0.0,0,84.388
898248000,898248000,1.0000024,0.0008960733,0.0001429119,-0.0019000733,0.0,0.0,0.0,0.0,0,84.408
898268000,898268000,1.0000023,0.0009114308,0.00019792511,-0.0019018301,0.0,0.0,0.0,0.0,0,84.428
898288000,898288000,1.0000023,0.0009275744,0.00025715772,-0.001903121,0.0,0.0,0.0,0.0,0,84.448
898308000,898308000,1.0000023,0.0009450655,0.0003023595,-0.0019042448,0.0,0.0,0.0,0.0,0,84.468
898328000,898328000,1.0000023,0.0009602318,0.00034082812,-0.0019053794,0.0,0.0,0.0,0.0,0,84.488
898348000,898348000,1.0000021,0.00097207364,0.0004005886,-0.0019065076,0.0,0.0,0.0,0.0,0,84.508
898368000,898368000,1.0000021,0.0009791983,0.00047580904,-0.0019076163,0.0,0.0,0.0,0.0,0,84.528
898388000,898388000,1.0000021,0.0009817126,0.00054089143,-0.0019088115,0.0,0.0,0.0,0.0,0,84.548
898408000,898408000,1.000002,0.0009804869,0.00059508055,-0.0019100639,0.0,0.0,0.0,0.0,0,84.568
898428000,898428000,1.000002,0.00097439514,0.00064814347,-0.0019113133,0.0,0.0,0.0,0.0,0,84.588
898448000,898448000,1.000002,0.00096298166,0.0007034104,-0.0019125525,0.0,0.0,0.0,0.0,0,84.608
898468000,898468000,1.000002,0.00094672927,0.00076118484,-0.0019138657,0.0,0.0,0.0,0.0,0,84.628
898488000,898488000,1.0000019,0.00092665403,0.0008207535,-0.0019152235,0.0,0.0,0.0,0.0,0,84.648
898508000,898508000,1.0000019,0.00090101524,0.00088355085,-0.0019166777,0.0,0.0,0.0,0.0,0,84.668
898528000,898528000,1.0000019,0.0008719797,0.00094443973,-0.0019186327,0.0,0.0,0.0,0.0,0,84.688
898548000,898548000,1.0000019,0.0008456776,0.0010007737,-0.0019210014,0.0,0.0,0.0,0.0,0,84.708
898568000,898568000,1.0000018,0.0008234911,0.0010631282,-0.0019239607,0.0,0.0,0.0,0.0,0,84.728
898588000,898588000,1.0000018,0.0008058997,0.0011285349,-0.0019274252,0.0,0.0,0.0,0.0,0,84.748
898608000,898608000,1.0000017,0.000786045,0.0011951115,-0.0019315722,0.0,0.0,0.0,0.0,0,84.768
898628000,898628000,1.0000015,0.0007621556,0.0012518739,-0.0019359419,0.0,0.0,0.0,0.0,0,84.788
898648000,898648000,1.0000015,0.0007302657,0.0013080104,-0.0019399847,0.0,0.0,0.0,0.0,0,84.808
898668000,898668000,1.0000014,0.00069954555,0.0013704749,-0.0019435858,0.0,0.0,0.0,0.0,0,84.828
898688000,898688000,1.0000014,0.00066834287,0.00142768,-0.001946945,0.0,0.0,0.0,0.0,0,84.848
898708000,898708000,1.0000013,0.00063627877,0.0014856197,-0.001950034,0.0,0.0,0.0,0.0,0,84.868
898728000,898728000,1.0000013,0.0006063445,0.0015458466,-0.0019529164,0.0,0.0,0.0,0.0,0,84.888
898748000,898748000,1.0000012,0.00057464483,0.0016079699,-0.0019556922,0.0,0.0,0.0,0.0,0,84.908
898768000,898768000,1.0000011,0.00053569477,0.0016694745,-0.0019582314,0.0,0.0,0.0,0.0,0,84.928
898788000,898788000,1.000001,0.00048991846,0.0017311996,-0.0019607705,0.0,0.0,0.0,0.0,0,84.948
898808000,898808000,1.000001,0.00044124684,0.0017916249,-0.0019634606,0.0,0.0,0.0,0.0,0,84.968
898828000,898828000,1.0000008,0.00038904985,0.0018502069,-0.0019662087,0.0,0.0,0.0,0.0,0,84.988
898848000,898848000,1.0000007,0.0003370589,0.0019012536,-0.001969131,0.0,0.0,0.0,0.0,0,85.008
898868000,898868000,1.0000007,0.00028772515,0.0019470905,-0.0019722118,0.0,0.0,0.0,0.0,0,85.028
898888000,898888000,1.0000006,0.00024398463,0.0019948552,-0.0019751836,0.0,0.0,0.0,0.0,0,85.048
898908000,898908000,1.0000005,0.00020015397,0.0020321698,-0.0019780644,0.0,0.0,0.0,0.0,0,85.068
898928000,898928000,1.0000005,0.00016366666,0.002063859,-0.0019809403,0.0,0.0,0.0,0.0,0,85.088
898948000,898948000,1.0000004,0.00013443618,0.0020878632,-0.0019842868,0.0,0.0,0.0,0.0,0,85.108
898968000,898968000,1.0000004,0.000106232146,0.0021038197,-0.001987537,0.0,0.0,0.0,0.0,0,85.128
898988000,898988000,1.0000004,6.759022e-05,0.0021104314,-0.0019901663,0.0,0.0,0.0,0.0,0,85.148
899008000,899008000,1.0000004,2.223116e-05,0.002107045,-0.0019925707,0.0,0.0,0.0,0.0,0,85.168
899028000,899028000,1.0000004,-2.7442773e-05,0.0021066435,-0.0019947744,0.0,0.0,0.0,0.0,0,85.188
899048000,899048000,1.0000004,-7.919057e-05,0.0021058416,-0.00199687,0.0,0.0,0.0,0.0,0,85.208
899068000,899068000,1.0000004,-0.00013089764,0.002085473,-0.0019990022,0.0,0.0,0.0,0.0,0,85.228
899088000,899088000,1.0000005,-0.00018079835,0.0020439022,-0.0020008313,0.0,0.0,0.0,0.0,0,85.248
899108000,899108000,1.0000005,-0.00021900628,0.0019949668,-0.0020025019,0.0,0.0,0.0,0.0,0,85.268
899128000,899128000,1.0000006,-0.00024951206,0.0019463621,-0.0020041007,0.0,0.0,0.0,0.0,0,85.288
899148000,899148000,1.0000007,-0.00027554174,0.0019016545,-0.0020055952,0.0,0.0,0.0,0.0,0,85.308
899168000,899168000,1.0000008,-0.0002999736,0.001852713,-0.00200668,0.0,0.0,0.0,0.0,0,85.328
899188000,899188000,1.0000008,-0.00032206438,0.0017957253,-0.0020076437,0.0,0.0,0.0,0.0,0,85.348
899208000,899208000,1.000001,-0.0003393898,0.0017370314,-0.0020086423,0.0,0.0,0.0,0.0,0,85.368
899228000,899228000,1.0000011,-0.00035326384,0.0016747674,-0.0020095792,0.0,0.0,0.0,0.0,0,85.388
899248000,899248000,1.0000012,-0.00036929635,0.0016073792,-0.0020105937,0.0,0.0,0.0,0.0,0,85.408
899268000,899268000,1.0000013,-0.0003915064,0.0015324944,-0.0020116826,0.0,0.0,0.0,0.0,0,85.428
899288000,899288000,1.0000014,-0.00041576757,0.0014561823,-0.0020129879,0.0,0.0,0.0,0.0,0,85.448
899308000,899308000,1.0000014,-0.00043340062,0.0013826302,-0.0020144095,0.0,0.0,0.0,0.0,0,85.468
899328000,899328000,1.0000015,-0.00044640608,0.0013095194,-0.0020157625,0.0,0.0,0.0,0.0,0,85.488
899348000,899348000,1.0000017,-0.00045484985,0.0012343416,-0.00201702,0.0,0.0,0.0,0.0,0,85.508
899368000,899368000,1.0000018,-0.0004604842,0.0011571894,-0.002018078,0.0,0.0,0.0,0.0,0,85.528
899388000,899388000,1.0000018,-0.00045946793,0.0010747416,-0.0020188391,0.0,0.0,0.0,0.0,0,85.548
899408000,899408000,1.0000019,-0.0004514917,0.0009916994,-0.0020192438,0.0,0.0,0.0,0.0,0,85.568
899428000,899428000,1.000002,-0.00043722443,0.0009070123,-0.0020195178,0.0,0.0,0.0,0.0,0,85.588
899448000,899448000,1.0000021,-0.00042033358,0.0008212001,-0.002019744,0.0,0.0,0.0,0.0,0,85.608
899468000,899468000,1.0000021,-0.0003997254,0.00073333364,-0.002020119,0.0,0.0,0.0,0.0,0,85.628
899488000,899488000,1.0000023,-0.0003732162,0.0006442603,-0.0020202736,0.0,0.0,0.0,0.0,0,85.648
899508000,899508000,1.0000023,-0.00034326865,0.00055534166,-0.0020204294,0.0,0.0,0.0,0.0,0,85.668
899528000,899528000,1.0000024,-0.00031001377,0.00047048728,-0.0020205833,0.0,0.0,0.0,0.0,0,85.688
899548000,899548000,1.0000024,-0.00027000334,0.00039602394,-0.0020207798,0.0,0.0,0.0,0.0,0,85.708
899568000,899568000,1.0000024,-0.00022844192,0.00032384662,-0.0020209963,0.0,0.0,0.0,0.0,0,85.728
899588000,899588000,1.0000025,-0.00018649288,0.00025121332,-0.0020211525,0.0,0.0,0.0,0.0,0,85.748
899608000,899608000,1.0000025,-0.00013874199,0.00018349875,-0.0020213772,0.0,0.0,0.0,0.0,0,85.768
899628000,899628000,1.0000025,-8.691344e-05,0.00011847811,-0.002021757,0.0,0.0,0.0,0.0,0,85.788
899648000,899648000,1.0000025,-3.2929198e-05,5.9448947e-05,-0.0020224631,0.0,0.0,0.0,0.0,0,85.808
899668000,899668000,1.0000025,2.4954586e-05,9.695591e-06,-0.002023484,0.0,0.0,0.0,0.0,0,85.828
899688000,899688000,1.0000025,8.361904e-05,-3.4968827e-05,-0.0020246971,0.0,0.0,0.0,0.0,0,85.848
899708000,899708000,1.0000025,0.00013735787,-7.863924e-05,-0.0020260592,0.0,0.0,0.0,0.0,0,85.868
899728000,899728000,1.0000025,0.0001865977,-0.000117180825,-0.0020273584,0.0,0.0,0.0,0.0,0,85.888
899748000,899748000,1.0000025,0.00023394662,-0.00015418246,-0.0020285603,0.0,0.0,0.0,0.0,0,85.908
899768000,899768000,1.0000024,0.00027761367,-0.00018429993,-0.002029629,0.0,0.0,0.0,0.0,0,85.928
899788000,899788000,1.0000024,0.00031595223,-0.00020861237,-0.0020304392,0.0,0.0,0.0,0.0,0,85.948
899808000,899808000,1.0000024,0.00035179988,-0.00022695656,-0.0020309095,0.0,0.0,0.0,0.0,0,85.968
899828000,899828000,1.0000024,0.0003787927,-0.00023903477,-0.002030909,0.0,0.0,0.0,0.0,0,85.988
899848000,899848000,1.0000024,0.0003968251,-0.00024889756,-0.0020304527,0.0,0.0,0.0,0.0,0,86.008
899868000,899868000,1.0000024,0.00040613857,-0.0002533371,-0.0020297258,0.0,0.0,0.0,0.0,0,86.028
899888000,899888000,1.0000024,0.00041427615,-0.00025591432,-0.002029087,0.0,0.0,0.0,0.0,0,86.048
899908000,899908000,1.0000024,0.00041412248,-0.00026215555,-0.0020285856,0.0,0.0,0.0,0.0,0,86.068
899928000,899928000,1.0000024,0.00040826356,-0.00026684479,-0.0020280427,0.0,0.0,0.0,0.0,0,86.088
899948000,899948000,1.0000024,0.00040601616,-0.0002614915,-0.0020273689,0.0,0.0,0.0,0.0,0,86.108
899968000,899968000,1.0000024,0.00039746668,-0.00025281563,-0.0020263798,0.0,0.0,0.0,0.0,0,86.128
899988000,899988000,1.0000024,0.00038040054,-0.00024518193,-0.0020253353,0.0,0.0,0.0,0.0,0,86.148
900008000,900008000,1.0000024,0.00035617812,-0.00023648723,-0.0020240904,0.0,0.0,0.0,0.0,0,86.168
900028000,900028000,1.0000024,0.00032137742,-0.00023049834,-0.0020228615,0.0,0.0,0.0,0.0,0,86.188
900048000,900048000,1.0000024,0.00027992795,-0.00022968445,-0.0020217749,0.0,0.0,0.0,0.0,0,86.208
900068000,900068000,1.0000025,0.00023380789,-0.00022352653,-0.0020202904,0.0,0.0,0.0,0.0,0,86.228
900088000,900088000,1.0000025,0.00017953932,-0.00021393439,-0.0020186799,0.0,0.0,0.0,0.0,0,86.248
900108000,900108000,1.0000025,0.00012088926,-0.00020531566,-0.0020170235,0.0,0.0,0.0,0.0,0,86.268
900128000,900128000,1.0000025,5.8027257e-05,-0.00019712473,-0.002015358,0.0,0.0,0.0,0.0,0,86.288
900148000,900148000,1.0000025,-8.921289e-06,-0.00018905099,-0.0020137187,0.0,0.0,0.0,0.0,0,86.308
900168000,900168000,1.0000025,-7.9451675e-05,-0.00017889579,-0.0020123597,0.0,0.0,0.0,0.0,0,86.328
900188000,900188000,1.0000025,-0.00015776072,-0.00016298197,-0.0020113199,0.0,0.0,0.0,0.0,0,86.348
900208000,900208000,1.0000025,-0.00024056848,-0.00014609606,-0.0020105024,0.0,0.0,0.0,0.0,0,86.368
900228000,900228000,1.0000025,-0.0003246611,-0.00013134933,-0.0020099045,0.0,0.0,0.0,0.0,0,86.388
900248000,900248000,1.0000024,-0.00040751506,-0.000115867,-0.0020097208,0.0,0.0,0.0,0.0,0,86.408
900268000,900268000,1.0000024,-0.00048681462,-0.00010405612,-0.002009802,0.0,0.0,0.0,0.0,0,86.428
900288000,900288000,1.0000024,-0.0005674976,-9.366269e-05,-0.0020101354,0.0,0.0,0.0,0.0,0,86.448
900308000,900308000,1.0000023,-0.0006549099,-7.996901e-05,-0.0020108672,0.0,0.0,0.0,0.0,0,86.468
900328000,900328000,1.0000023,-0.0007440625,-7.270334e-05,-0.0020118987,0.0,0.0,0.0,0.0,0,86.488
900348000,900348000,1.0000021,-0.00082886725,-6.664805e-05,-0.0020131993,0.0,0.0,0.0,0.0,0,86.508
900368000,900368000,1.0000021,-0.0009130644,-6.0800314e-05,-0.0020147024,0.0,0.0,0.0,0.0,0,86.528
900388000,900388000,1.000002,-0.0009967927,-5.735386e-05,-0.0020163925,0.0,0.0,0.0,0.0,0,86.548
900408000,900408000,1.0000019,-0.0010807231,-5.5680197e-05,-0.0020182251,0.0,0.0,0.0,0.0,0,86.568
900428000,900428000,1.0000018,-0.0011660659,-6.132128e-05,-0.0020200962,0.0,0.0,0.0,0.0,0,86.588
900448000,900448000,1.0000017,-0.0012482014,-7.3060626e-05,-0.002022262,0.0,0.0,0.0,0.0,0,86.608
900468000,900468000,1.0000017,-0.0013276179,-8.405448e-05,-0.0020245377,0.0,0.0,0.0,0.0,0,86.628
900488000,900488000,1.0000015,-0.0014037996,-9.3342525e-05,-0.0020270746,0.0,0.0,0.0,0.0,0,86.648
900508000,900508000,1.0000014,-0.0014735884,-0.00010744935,-0.0020297822,0.0,0.0,0.0,0.0,0,86.668
900528000,900528000,1.0000013,-0.0015402847,-0.0001245838,-0.0020322604,0.0,0.0,0.0,0.0,0,86.688
900548000,900548000,1.0000012,-0.0016022659,-0.00013810101,-0.0020345496,0.0,0.0,0.0,0.0,0,86.708
900568000,900568000,1.0000011,-0.0016595956,-0.0001450873,-0.0020370937,0.0,0.0,0.0,0.0,0,86.728
900588000,900588000,1.000001,-0.0017169822,-0.00014981318,-0.0020398512,0.0,0.0,0.0,0.0,0,86.748
900608000,900608000,1.0000008,-0.0017739385,-0.00016093161,-0.0020424956,0.0,0.0,0.0,0.0,0,86.768
900628000,900628000,1.0000007,-0.0018280946,-0.00017595034,-0.0020451203,0.0,0.0,0.0,0.0,0,86.788
900648000,900648000,1.0000007,-0.0018748988,-0.00019050085,-0.0020477965,0.0,0.0,0.0,0.0,0,86.808
900668000,900668000,1.0000006,-0.001914589,-0.00020428505,-0.0020505178,0.0,0.0,0.0,0.0,0,86.828
900688000,900688000,1.0000005,-0.0019465629,-0.00021485348,-0.0020534142,0.0,0.0,0.0,0.0,0,86.848
900708000,900708000,1.0000005,-0.0019693288,-0.00022096699,-0.0020564876,0.0,0.0,0.0,0.0,0,86.868
900728000,900728000,1.0000005,-0.0019844102,-0.00022278604,-0.0020595458,0.0,0.0,0.0,0.0,0,86.888
900748000,900748000,1.0000004,-0.0019959072,-0.00023436906,-0.0020621805,0.0,0.0,0.0,0.0,0,86.908
900768000,900768000,1.0000004,-0.0020060635,-0.00024978942,-0.0020646283,0.0,0.0,0.0,0.0,0,86.928
900788000,900788000,1.0000004,-0.0020190948,-0.00025821896,-0.0020671922,0.0,0.0,0.0,0.0,0,86.948
900808000,900808000,1.0000004,-0.0020315042,-0.00026497472,-0.0020699326,0.0,0.0,0.0,0.0,0,86.968
900828000,900828000,1.0000002,-0.0020436328,-0.00027525146,-0.0020726707,0.0,0.0,0.0,0.0,0,86.988
900848000,900848000,1.0000002,-0.0020536573,-0.00027961543,-0.002075428,0.0,0.0,0.0,0.0,0,87.008
900868000,900868000,1.0000002,-0.0020592585,-0.000275374,-0.0020781418,0.0,0.0,0.0,0.0,0,87.028
900888000,900888000,1.0000002,-0.002064699,-0.0002743405,-0.0020807825,0.0,0.0,0.0,0.0,0,87.048
900908000,900908000,1.0000002,-0.002075741,-0.00027490038,-0.0020833928,0.0,0.0,0.0,0.0,0,87.068
900928000,900928000,1.0000001,-0.0020876017,-0.0002675031,-0.0020860084,0.0,0.0,0.0,0.0,0,87.088
900948000,900948000,1.0000001,-0.002090735,-0.0002602561,-0.0020882997,0.0,0.0,0.0,0.0,0,87.108
900968000,900968000,1.0000001,-0.0020869845,-0.00026380256,-0.0020903093,0.0,0.0,0.0,0.0,0,87.128
900988000,900988000,1.0000001,-0.0020833476,-0.00027415718,-0.0020922269,0.0,0.0,0.0,0.0,0,87.148
901008000,901008000,1.0000001,-0.0020796687,-0.0002800158,-0.002093891,0.0,0.0,0.0,0.0,0,87.168
901028000,901028000,1.0000001,-0.0020765527,-0.0002830451,-0.002095492,0.0,0.0,0.0,0.0,0,87.188
901048000,901048000,1.0000001,-0.002074031,-0.00029409028,-0.0020970434,0.0,0.0,0.0,0.0,0,87.208
901068000,901068000,1.0000001,-0.0020719867,-0.00031318178,-0.0020985813,0.0,0.0,0.0,0.0,0,87.228
901088000,901088000,1.0000001,-0.002067697,-0.0003299106,-0.002100038,0.0,0.0,0.0,0.0,0,87.248
901108000,901108000,1.0000001,-0.0020611153,-0.00034072174,-0.0021014435,0.0,0.0,0.0,0.0,0,87.268
901128000,901128000,1.0000001,-0.0020505465,-0.0003537511,-0.002102715,0.0,0.0,0.0,0.0,0,87.288
901148000,901148000,1.0000002,-0.0020352048,-0.00037337226,-0.0021040358,0.0,0.0,0.0,0.0,0,87.308
901168000,901168000,1.0000002,-0.0020180116,-0.0003989523,-0.0021053494,0.0,0.0,0.0,0.0,0,87.328
901188000,901188000,1.0000002,-0.002000153,-0.00043084918,-0.0021066437,0.0,0.0,0.0,0.0,0,87.348
901208000,901208000,1.0000002,-0.0019797503,-0.00046607762,-0.0021076675,0.0,0.0,0.0,0.0,0,87.368
901228000,901228000,1.0000002,-0.0019558014,-0.0005039506,-0.002108574,0.0,0.0,0.0,0.0,0,87.388
901248000,901248000,1.0000004,-0.0019301105,-0.00054372963,-0.0021093185,0.0,0.0,0.0,0.0,0,87.408
901268000,901268000,1.0000004,-0.0019004018,-0.00058946497,-0.002110054,0.0,0.0,0.0,0.0,0,87.428
901288000,901288000,1.0000004,-0.0018618272,-0.00063733483,-0.0021103465,0.0,0.0,0.0,0.0,0,87.448
901308000,901308000,1.0000005,-0.0018108749,-0.0006788486,-0.0021102885,0.0,0.0,0.0,0.0,0,87.468
901328000,901328000,1.0000005,-0.0017542093,-0.00072103896,-0.0021097541,0.0,0.0,0.0,0.0,0,87.488
901348000,901348000,1.0000006,-0.0016975285,-0.0007656191,-0.0021090724,0.0,0.0,0.0,0.0,0,87.508
901368000,901368000,1.0000007,-0.0016355469,-0.0008102216,-0.0021079495,0.0,0.0,0.0,0.0,0,87.528
901388000,901388000,1.0000007,-0.0015655758,-0.00085386256,-0.0021063865,0.0,0.0,0.0,0.0,0,87.548
901408000,901408000,1.0000008,-0.0014884657,-0.00090421824,-0.0021042842,0.0,0.0,0.0,0.0,0,87.568
901428000,901428000,1.0000008,-0.0014109955,-0.0009581245,-0.0021020188,0.0,0.0,0.0,0.0,0,87.588
901448000,901448000,1.000001,-0.0013336154,-0.0010110021,-0.0020995906,0.0,0.0,0.0,0.0,0,87.608
901468000,901468000,1.000001,-0.001254563,-0.0010631294,-0.0020971477,0.0,0.0,0.0,0.0,0,87.628
901488000,901488000,1.0000011,-0.0011757251,-0.0011174715,-0.0020946404,0.0,0.0,0.0,0.0,0,87.648
901508000,901508000,1.0000011,-0.0010958861,-0.0011712679,-0.0020921642,0.0,0.0,0.0,0.0,0,87.668
901528000,901528000,1.0000011,-0.0010096924,-0.0012204299,-0.0020896539,0.0,0.0,0.0,0.0,0,87.688
901548000,901548000,1.0000012,-0.00091454736,-0.0012706112,-0.0020866944,0.0,0.0,0.0,0.0,0,87.708
901568000,901568000,1.0000012,-0.0008082388,-0.0013190064,-0.0020835646,0.0,0.0,0.0,0.0,0,87.728
901588000,901588000,1.0000012,-0.00070288085,-0.0013586951,-0.002079906,0.0,0.0,0.0,0.0,0,87.748
901608000,901608000,1.0000013,-0.00060372456,-0.0013874947,-0.0020760251,0.0,0.0,0.0,0.0,0,87.768
901628000,901628000,1.0000013,-0.0005011359,-0.0014161952,-0.0020715964,0.0,0.0,0.0,0.0,0,87.788
901648000,901648000,1.0000013,-0.00039414366,-0.0014488609,-0.0020667852,0.0,0.0,0.0,0.0,0,87.808
901668000,901668000,1.0000013,-0.00029451068,-0.0014795631,-0.002061751,0.0,0.0,0.0,0.0,0,87.828
901688000,901688000,1.0000013,-0.00020007747,-0.0015109589,-0.0020564601,0.0,0.0,0.0,0.0,0,87.848
901708000,901708000,1.0000013,-0.000107516826,-0.0015314468,-0.0020510608,0.0,0.0,0.0,0.0,0,87.868
