# sionna2 mesh — phantom4__prop.obj
# group=prop  verts=6120  tris=12192
v 0.134745 0.120635 0.037550
v 0.134060 0.121079 0.044030
v 0.133294 0.118871 0.037550
v 0.126190 0.126190 0.037550
v 0.132726 0.119456 0.044030
v 0.131487 0.117473 0.037550
v 0.131063 0.118171 0.044030
v 0.129415 0.116513 0.037550
v 0.129157 0.117287 0.044030
v 0.127180 0.116038 0.037550
v 0.127101 0.116850 0.044030
v 0.124897 0.116073 0.037550
v 0.125000 0.116882 0.044030
v 0.122678 0.116614 0.037550
v 0.120635 0.117636 0.037550
v 0.122959 0.117380 0.044030
v 0.121079 0.118320 0.044030
v 0.130895 0.123135 0.048350
v 0.130097 0.122164 0.048350
v 0.129103 0.121396 0.048350
v 0.127964 0.120868 0.048350
v 0.126735 0.120607 0.048350
v 0.125479 0.120625 0.048350
v 0.124258 0.120923 0.048350
v 0.126190 0.126190 0.048350
v 0.123135 0.121485 0.048350
v 0.118871 0.119086 0.037550
v 0.117473 0.120893 0.037550
v 0.119456 0.119655 0.044030
v 0.116513 0.122966 0.037550
v 0.116038 0.125200 0.037550
v 0.116073 0.127484 0.037550
v 0.116614 0.129703 0.037550
v 0.118171 0.121317 0.044030
v 0.117287 0.123224 0.044030
v 0.117636 0.131745 0.037550
v 0.116850 0.125279 0.044030
v 0.116882 0.127380 0.044030
v 0.117380 0.129422 0.044030
v 0.118320 0.131301 0.044030
v 0.122164 0.122283 0.048350
v 0.121396 0.123277 0.048350
v 0.120868 0.124417 0.048350
v 0.120607 0.125646 0.048350
v 0.120625 0.126902 0.048350
v 0.120923 0.128122 0.048350
v 0.121485 0.129246 0.048350
v 0.135766 0.122678 0.037550
v 0.135000 0.122959 0.044030
v 0.136308 0.124897 0.037550
v 0.135498 0.125000 0.044030
v 0.136342 0.127180 0.037550
v 0.135530 0.127101 0.044030
v 0.135867 0.129415 0.037550
v 0.135093 0.129157 0.044030
v 0.134907 0.131487 0.037550
v 0.134210 0.131063 0.044030
v 0.133510 0.133294 0.037550
v 0.131745 0.134745 0.037550
v 0.132924 0.132726 0.044030
v 0.131301 0.134060 0.044030
v 0.131457 0.124258 0.048350
v 0.131755 0.125479 0.048350
v 0.131774 0.126735 0.048350
v 0.131512 0.127964 0.048350
v 0.130984 0.129103 0.048350
v 0.130216 0.130097 0.048350
v 0.129246 0.130895 0.048350
v 0.129703 0.135766 0.037550
v 0.127484 0.136308 0.037550
v 0.129422 0.135000 0.044030
v 0.125200 0.136342 0.037550
v 0.122966 0.135867 0.037550
v 0.120893 0.134907 0.037550
v 0.119086 0.133510 0.037550
v 0.127380 0.135498 0.044030
v 0.125279 0.135530 0.044030
v 0.123224 0.135093 0.044030
v 0.121317 0.134210 0.044030
v 0.119655 0.132924 0.044030
v 0.128122 0.131457 0.048350
v 0.126902 0.131755 0.048350
v 0.125646 0.131774 0.048350
v 0.124417 0.131512 0.048350
v 0.123277 0.130984 0.048350
v 0.122283 0.130216 0.048350
v 0.135607 0.140107 0.037380
v 0.137896 0.145097 0.037370
v 0.135664 0.140069 0.037409
v 0.135133 0.140415 0.037640
v 0.135542 0.140149 0.037385
v 0.135477 0.140191 0.037399
v 0.135414 0.140232 0.037420
v 0.135636 0.140088 0.037475
v 0.135583 0.140122 0.037521
v 0.135526 0.140159 0.037559
v 0.137857 0.145122 0.037457
v 0.137788 0.145167 0.037517
v 0.135467 0.140198 0.037592
v 0.137820 0.145146 0.037332
v 0.137734 0.145201 0.037336
v 0.137650 0.145256 0.037355
v 0.135352 0.140272 0.037443
v 0.137566 0.145311 0.037380
v 0.135290 0.140312 0.037470
v 0.135229 0.140352 0.037498
v 0.135168 0.140391 0.037528
v 0.135108 0.140430 0.037559
v 0.137712 0.145216 0.037566
v 0.137633 0.145267 0.037608
v 0.137484 0.145364 0.037410
v 0.137402 0.145417 0.037444
v 0.137322 0.145469 0.037479
v 0.137242 0.145521 0.037518
v 0.135049 0.140469 0.037592
v 0.137162 0.145573 0.037558
v 0.135406 0.140237 0.037622
v 0.135345 0.140277 0.037649
v 0.135283 0.140317 0.037674
v 0.135220 0.140358 0.037698
v 0.134990 0.140508 0.037625
v 0.134931 0.140546 0.037659
v 0.135157 0.140399 0.037720
v 0.135094 0.140439 0.037741
v 0.135031 0.140481 0.037760
v 0.134967 0.140522 0.037780
v 0.137553 0.145319 0.037646
v 0.137472 0.145372 0.037681
v 0.137390 0.145425 0.037713
v 0.134872 0.140584 0.037694
v 0.134813 0.140622 0.037729
v 0.134904 0.140563 0.037798
v 0.134840 0.140605 0.037816
v 0.134755 0.140660 0.037765
v 0.134776 0.140646 0.037833
v 0.134697 0.140697 0.037801
v 0.134640 0.140735 0.037838
v 0.137308 0.145479 0.037742
v 0.137225 0.145532 0.037770
v 0.137083 0.145624 0.037599
v 0.137141 0.145587 0.037796
v 0.134712 0.140688 0.037849
v 0.134648 0.140729 0.037865
v 0.134584 0.140771 0.037879
v 0.137058 0.145641 0.037821
v 0.136974 0.145695 0.037845
v 0.137005 0.145675 0.037642
v 0.136927 0.145726 0.037686
v 0.136849 0.145776 0.037730
v 0.136772 0.145826 0.037776
v 0.136890 0.145750 0.037868
v 0.136806 0.145804 0.037891
v 0.136695 0.145876 0.037822
v 0.136618 0.145926 0.037869
v 0.136721 0.145859 0.037912
v 0.136637 0.145914 0.037932
v 0.136552 0.145969 0.037952
v 0.136542 0.145976 0.037917
v 0.136469 0.146023 0.037969
v 0.140134 0.150120 0.037335
v 0.140085 0.150152 0.037441
v 0.140041 0.150180 0.037286
v 0.139934 0.150249 0.037290
v 0.139829 0.150318 0.037311
v 0.139998 0.150208 0.037515
v 0.139903 0.150269 0.037574
v 0.139725 0.150385 0.037341
v 0.139622 0.150452 0.037377
v 0.139521 0.150518 0.037417
v 0.139420 0.150583 0.037460
v 0.139805 0.150333 0.037625
v 0.139705 0.150398 0.037671
v 0.139604 0.150463 0.037712
v 0.139503 0.150530 0.037751
v 0.139400 0.150596 0.037785
v 0.139296 0.150663 0.037818
v 0.139321 0.150648 0.037507
v 0.139222 0.150712 0.037555
v 0.139124 0.150776 0.037604
v 0.142371 0.155143 0.037308
v 0.142262 0.155214 0.037248
v 0.142312 0.155181 0.037431
v 0.142138 0.155295 0.037252
v 0.142209 0.155248 0.037516
v 0.142098 0.155320 0.037584
v 0.142014 0.155375 0.037274
v 0.141893 0.155454 0.037308
v 0.141772 0.155532 0.037348
v 0.139026 0.150839 0.037656
v 0.139193 0.150731 0.037850
v 0.139089 0.150798 0.037879
v 0.138985 0.150866 0.037907
v 0.138929 0.150902 0.037709
v 0.138832 0.150965 0.037763
v 0.138880 0.150934 0.037935
v 0.138776 0.151002 0.037961
v 0.138735 0.151028 0.037817
v 0.138671 0.151070 0.037985
v 0.138639 0.151090 0.037873
v 0.141983 0.155395 0.037642
v 0.141866 0.155471 0.037693
v 0.141747 0.155548 0.037740
v 0.141628 0.155626 0.037783
v 0.141653 0.155609 0.037393
v 0.141535 0.155686 0.037442
v 0.141418 0.155762 0.037495
v 0.141302 0.155837 0.037549
v 0.138544 0.151152 0.037930
v 0.141507 0.155704 0.037822
v 0.141386 0.155783 0.037859
v 0.141265 0.155862 0.037894
v 0.141186 0.155912 0.037606
v 0.141072 0.155987 0.037665
v 0.140957 0.156061 0.037725
v 0.141143 0.155941 0.037927
v 0.141020 0.156020 0.037958
v 0.138566 0.151138 0.038009
v 0.138461 0.151206 0.038032
v 0.138448 0.151214 0.037988
v 0.138357 0.151274 0.038052
v 0.140898 0.156100 0.037988
v 0.140843 0.156135 0.037786
v 0.140730 0.156209 0.037848
v 0.140617 0.156282 0.037912
v 0.140775 0.156179 0.038017
v 0.140653 0.156259 0.038044
v 0.140530 0.156339 0.038070
v 0.140504 0.156355 0.037977
v 0.140406 0.156419 0.038095
v 0.140392 0.156428 0.038043
v 0.140285 0.156498 0.038117
v 0.144551 0.160204 0.037310
v 0.144490 0.160243 0.037436
v 0.144441 0.160275 0.037248
v 0.144384 0.160313 0.037522
v 0.144269 0.160387 0.037590
v 0.144313 0.160359 0.037249
v 0.144186 0.160441 0.037271
v 0.144060 0.160523 0.037303
v 0.144150 0.160464 0.037648
v 0.144029 0.160543 0.037699
v 0.143936 0.160603 0.037343
v 0.143813 0.160683 0.037388
v 0.143691 0.160762 0.037436
v 0.143571 0.160840 0.037488
v 0.143451 0.160918 0.037543
v 0.143907 0.160622 0.037745
v 0.143783 0.160702 0.037788
v 0.143659 0.160783 0.037826
v 0.143331 0.160996 0.037599
v 0.143534 0.160864 0.037862
v 0.143409 0.160946 0.037896
v 0.143283 0.161027 0.037928
v 0.143213 0.161073 0.037658
v 0.143095 0.161150 0.037718
v 0.142977 0.161226 0.037779
v 0.143157 0.161109 0.037958
v 0.142860 0.161302 0.037842
v 0.142743 0.161378 0.037906
v 0.146754 0.165249 0.037313
v 0.146690 0.165291 0.037442
v 0.146580 0.165363 0.037528
v 0.146642 0.165323 0.037247
v 0.146510 0.165408 0.037247
v 0.146379 0.165493 0.037267
v 0.146461 0.165440 0.037596
v 0.146339 0.165519 0.037654
v 0.146250 0.165577 0.037299
v 0.146123 0.165660 0.037338
v 0.145996 0.165742 0.037382
v 0.145870 0.165824 0.037430
v 0.145746 0.165904 0.037482
v 0.145622 0.165985 0.037536
v 0.146214 0.165600 0.037704
v 0.146088 0.165682 0.037750
v 0.145961 0.165765 0.037792
v 0.145833 0.165848 0.037830
v 0.145704 0.165931 0.037865
v 0.145575 0.166015 0.037898
v 0.143031 0.161191 0.037988
v 0.142905 0.161273 0.038015
v 0.142778 0.161355 0.038041
v 0.142627 0.161453 0.037971
v 0.142652 0.161437 0.038066
v 0.145499 0.166065 0.037592
v 0.145377 0.166144 0.037651
v 0.145446 0.166099 0.037929
v 0.145255 0.166223 0.037711
v 0.145133 0.166302 0.037772
v 0.145012 0.166381 0.037834
v 0.145317 0.166183 0.037958
v 0.144892 0.166459 0.037898
v 0.142525 0.161520 0.038090
v 0.142511 0.161529 0.038037
v 0.142400 0.161601 0.038111
v 0.145187 0.166267 0.037986
v 0.145057 0.166352 0.038013
v 0.144927 0.166436 0.038038
v 0.144772 0.166537 0.037963
v 0.144796 0.166521 0.038062
v 0.144666 0.166606 0.038084
v 0.144652 0.166615 0.038030
v 0.144537 0.166689 0.038104
v 0.148985 0.170277 0.037317
v 0.148918 0.170321 0.037448
v 0.148870 0.170352 0.037248
v 0.148735 0.170439 0.037245
v 0.148804 0.170395 0.037534
v 0.148682 0.170474 0.037603
v 0.148555 0.170556 0.037660
v 0.148601 0.170527 0.037264
v 0.148468 0.170613 0.037295
v 0.148337 0.170698 0.037333
v 0.148206 0.170783 0.037376
v 0.148077 0.170867 0.037423
v 0.147949 0.170950 0.037475
v 0.151234 0.175293 0.037325
v 0.151119 0.175367 0.037254
v 0.151166 0.175338 0.037456
v 0.150984 0.175456 0.037250
v 0.151050 0.175412 0.037542
v 0.150927 0.175493 0.037608
v 0.148427 0.170640 0.037710
v 0.148297 0.170724 0.037756
v 0.148166 0.170809 0.037797
v 0.148034 0.170895 0.037833
v 0.147902 0.170981 0.037868
v 0.147821 0.171033 0.037529
v 0.147694 0.171116 0.037585
v 0.150849 0.175543 0.037267
v 0.150715 0.175630 0.037296
v 0.150583 0.175716 0.037332
v 0.150451 0.175801 0.037374
v 0.150321 0.175886 0.037419
v 0.147769 0.171067 0.037900
v 0.147636 0.171153 0.037930
v 0.147568 0.171197 0.037643
v 0.147442 0.171279 0.037703
v 0.147317 0.171360 0.037764
v 0.147503 0.171240 0.037958
v 0.150799 0.175576 0.037664
v 0.150669 0.175660 0.037713
v 0.150538 0.175745 0.037756
v 0.150407 0.175830 0.037796
v 0.150274 0.175917 0.037831
v 0.153494 0.180302 0.037343
v 0.153384 0.180373 0.037272
v 0.153427 0.180346 0.037468
v 0.153253 0.180458 0.037267
v 0.153315 0.180418 0.037549
v 0.153194 0.180496 0.037612
v 0.147370 0.171326 0.037985
v 0.147236 0.171413 0.038010
v 0.150191 0.175970 0.037470
v 0.150063 0.176054 0.037522
v 0.147192 0.171442 0.037826
v 0.147068 0.171522 0.037890
v 0.146944 0.171603 0.037955
v 0.149935 0.176137 0.037576
v 0.150141 0.176003 0.037863
v 0.150007 0.176090 0.037894
v 0.149873 0.176177 0.037922
v 0.149807 0.176220 0.037633
v 0.149680 0.176302 0.037691
v 0.149554 0.176384 0.037751
v 0.149428 0.176466 0.037811
v 0.149302 0.176547 0.037874
v 0.153122 0.180543 0.037281
v 0.152993 0.180627 0.037307
v 0.152865 0.180711 0.037340
v 0.152737 0.180793 0.037379
v 0.152611 0.180875 0.037421
v 0.149739 0.176264 0.037948
v 0.153071 0.180577 0.037664
v 0.152945 0.180659 0.037709
v 0.152818 0.180741 0.037749
v 0.152690 0.180824 0.037786
v 0.152562 0.180907 0.037818
v 0.152485 0.180957 0.037467
v 0.152361 0.181038 0.037516
v 0.152236 0.181119 0.037567
v 0.149177 0.176629 0.037937
v 0.152433 0.180991 0.037847
v 0.152303 0.181075 0.037875
v 0.152174 0.181159 0.037900
v 0.152113 0.181199 0.037620
v 0.151990 0.181279 0.037674
v 0.152044 0.181244 0.037924
v 0.147102 0.171500 0.038034
v 0.146968 0.171587 0.038056
v 0.146834 0.171674 0.038077
v 0.146821 0.171683 0.038021
v 0.146702 0.171760 0.038096
v 0.149605 0.176351 0.037973
v 0.149470 0.176438 0.037997
v 0.149336 0.176526 0.038019
v 0.149201 0.176614 0.038040
v 0.149066 0.176701 0.038059
v 0.149053 0.176710 0.038002
v 0.148933 0.176788 0.038075
v 0.151914 0.181328 0.037946
v 0.151867 0.181359 0.037730
v 0.151745 0.181438 0.037787
v 0.151623 0.181517 0.037846
v 0.151501 0.181596 0.037906
v 0.151784 0.181413 0.037967
v 0.151653 0.181497 0.037986
v 0.151523 0.181582 0.038005
v 0.151392 0.181667 0.038021
v 0.151380 0.181675 0.037967
v 0.151263 0.181750 0.038035
v 0.155796 0.185283 0.037359
v 0.155691 0.185352 0.037290
v 0.155564 0.185434 0.037282
v 0.155730 0.185326 0.037479
v 0.155621 0.185397 0.037556
v 0.155504 0.185473 0.037615
v 0.155438 0.185516 0.037295
v 0.155313 0.185597 0.037318
v 0.155189 0.185678 0.037348
v 0.155066 0.185758 0.037383
v 0.154943 0.185837 0.037422
v 0.158044 0.190300 0.037307
v 0.158145 0.190234 0.037375
v 0.157922 0.190379 0.037298
v 0.158079 0.190277 0.037490
v 0.157974 0.190346 0.037562
v 0.155384 0.185551 0.037663
v 0.155263 0.185630 0.037705
v 0.155140 0.185710 0.037742
v 0.155016 0.185790 0.037776
v 0.154892 0.185871 0.037805
v 0.157861 0.190419 0.037617
v 0.154822 0.185916 0.037466
v 0.154701 0.185995 0.037511
v 0.154580 0.186073 0.037558
v 0.157800 0.190458 0.037308
v 0.157679 0.190537 0.037329
v 0.157559 0.190615 0.037356
v 0.157440 0.190692 0.037388
v 0.157322 0.190769 0.037424
v 0.157204 0.190845 0.037464
v 0.154767 0.185952 0.037831
v 0.154642 0.186033 0.037856
v 0.154517 0.186114 0.037879
v 0.154461 0.186151 0.037608
v 0.154341 0.186228 0.037659
v 0.154222 0.186305 0.037711
v 0.154391 0.186196 0.037900
v 0.154265 0.186277 0.037920
v 0.157745 0.190494 0.037662
v 0.157627 0.190571 0.037701
v 0.157508 0.190648 0.037735
v 0.157389 0.190725 0.037766
v 0.157269 0.190803 0.037792
v 0.157148 0.190882 0.037816
v 0.157087 0.190921 0.037506
v 0.156971 0.190997 0.037550
v 0.154104 0.186382 0.037764
v 0.153985 0.186459 0.037819
v 0.153868 0.186536 0.037875
v 0.154140 0.186359 0.037938
v 0.157027 0.190960 0.037838
v 0.156906 0.191039 0.037858
v 0.156785 0.191117 0.037877
v 0.156855 0.191072 0.037596
v 0.156740 0.191147 0.037644
v 0.156624 0.191222 0.037692
v 0.153750 0.186612 0.037932
v 0.156664 0.191196 0.037894
v 0.156543 0.191275 0.037910
v 0.160544 0.195153 0.037390
v 0.160480 0.195195 0.037500
v 0.160447 0.195216 0.037323
v 0.160330 0.195292 0.037313
v 0.160213 0.195368 0.037321
v 0.160377 0.195261 0.037568
v 0.160268 0.195332 0.037619
v 0.160156 0.195405 0.037661
v 0.160096 0.195444 0.037339
v 0.159980 0.195519 0.037364
v 0.159865 0.195593 0.037393
v 0.159751 0.195668 0.037426
v 0.159638 0.195741 0.037463
v 0.159525 0.195815 0.037502
v 0.160042 0.195479 0.037697
v 0.159928 0.195553 0.037728
v 0.159812 0.195628 0.037756
v 0.159696 0.195703 0.037779
v 0.159580 0.195779 0.037801
v 0.159464 0.195854 0.037821
v 0.154014 0.186441 0.037955
v 0.153888 0.186523 0.037971
v 0.153761 0.186605 0.037985
v 0.153637 0.186685 0.037997
v 0.162996 0.200037 0.037405
v 0.162904 0.200097 0.037339
v 0.162934 0.200077 0.037509
v 0.162835 0.200142 0.037573
v 0.162792 0.200170 0.037327
v 0.162679 0.200243 0.037334
v 0.162567 0.200316 0.037350
v 0.162729 0.200210 0.037621
v 0.162621 0.200280 0.037660
v 0.162512 0.200351 0.037693
v 0.165506 0.204883 0.037418
v 0.165445 0.204923 0.037518
v 0.156510 0.191296 0.037742
v 0.156395 0.191371 0.037793
v 0.156421 0.191354 0.037925
v 0.156281 0.191445 0.037845
v 0.159412 0.195888 0.037543
v 0.159300 0.195960 0.037585
v 0.156299 0.191433 0.037938
v 0.156168 0.191518 0.037899
v 0.159189 0.196033 0.037629
v 0.159347 0.195930 0.037838
v 0.159230 0.196006 0.037854
v 0.159114 0.196082 0.037869
v 0.159077 0.196105 0.037675
v 0.158966 0.196177 0.037721
v 0.158997 0.196158 0.037883
v 0.158856 0.196249 0.037769
v 0.158879 0.196234 0.037896
v 0.158762 0.196310 0.037907
v 0.158746 0.196321 0.037817
v 0.158645 0.196386 0.037917
v 0.156178 0.191512 0.037950
v 0.156058 0.191590 0.037960
v 0.158636 0.196392 0.037867
v 0.158529 0.196461 0.037924
v 0.162455 0.200388 0.037372
v 0.162345 0.200460 0.037398
v 0.162235 0.200531 0.037428
v 0.162125 0.200602 0.037462
v 0.162016 0.200673 0.037498
v 0.161908 0.200744 0.037536
v 0.162401 0.200423 0.037721
v 0.162290 0.200495 0.037746
v 0.162179 0.200568 0.037767
v 0.162067 0.200640 0.037786
v 0.161955 0.200713 0.037804
v 0.161843 0.200786 0.037819
v 0.161800 0.200814 0.037575
v 0.161692 0.200884 0.037616
v 0.161585 0.200953 0.037658
v 0.161730 0.200859 0.037833
v 0.161618 0.200932 0.037846
v 0.161505 0.201005 0.037857
v 0.161478 0.201023 0.037701
v 0.161371 0.201092 0.037745
v 0.161393 0.201078 0.037868
v 0.161280 0.201151 0.037877
v 0.161265 0.201161 0.037791
v 0.161167 0.201225 0.037885
v 0.165418 0.204940 0.037354
v 0.165311 0.205010 0.037342
v 0.165203 0.205080 0.037346
v 0.165350 0.204985 0.037578
v 0.165248 0.205051 0.037622
v 0.165095 0.205150 0.037360
v 0.164988 0.205220 0.037380
v 0.164881 0.205289 0.037404
v 0.168077 0.209690 0.037432
v 0.167993 0.209744 0.037369
v 0.167890 0.209811 0.037355
v 0.168017 0.209729 0.037526
v 0.167925 0.209789 0.037582
v 0.165144 0.205118 0.037658
v 0.165039 0.205187 0.037688
v 0.164932 0.205256 0.037714
v 0.164826 0.205325 0.037736
v 0.167828 0.209852 0.037623
v 0.164776 0.205358 0.037431
v 0.164670 0.205426 0.037462
v 0.164566 0.205494 0.037495
v 0.164461 0.205562 0.037529
v 0.164357 0.205629 0.037566
v 0.167787 0.209879 0.037358
v 0.167683 0.209946 0.037370
v 0.167581 0.210012 0.037387
v 0.167479 0.210079 0.037409
v 0.167377 0.210145 0.037434
v 0.167276 0.210210 0.037462
v 0.167175 0.210276 0.037492
v 0.164719 0.205395 0.037755
v 0.164611 0.205464 0.037772
v 0.164503 0.205534 0.037787
v 0.164253 0.205697 0.037603
v 0.164396 0.205604 0.037800
v 0.164288 0.205674 0.037812
v 0.164180 0.205745 0.037823
v 0.167728 0.209917 0.037656
v 0.167626 0.209983 0.037683
v 0.167524 0.210049 0.037707
v 0.167422 0.210115 0.037727
v 0.167319 0.210182 0.037743
v 0.167216 0.210249 0.037758
v 0.167113 0.210316 0.037771
v 0.161159 0.201230 0.037837
v 0.161056 0.201297 0.037890
v 0.167075 0.210341 0.037524
v 0.166975 0.210406 0.037557
v 0.164150 0.205764 0.037642
v 0.164047 0.205831 0.037682
v 0.163944 0.205898 0.037723
v 0.164072 0.205815 0.037832
v 0.163964 0.205885 0.037841
v 0.163842 0.205964 0.037765
v 0.163855 0.205955 0.037848
v 0.163740 0.206030 0.037808
v 0.163747 0.206026 0.037854
v 0.163641 0.206095 0.037858
v 0.166875 0.210470 0.037592
v 0.167010 0.210383 0.037782
v 0.166906 0.210450 0.037792
v 0.166803 0.210518 0.037801
v 0.166776 0.210535 0.037627
v 0.166677 0.210599 0.037664
v 0.166578 0.210664 0.037702
v 0.166699 0.210585 0.037808
v 0.166595 0.210652 0.037815
v 0.166492 0.210720 0.037820
v 0.166480 0.210727 0.037741
v 0.166388 0.210787 0.037825
v 0.166381 0.210791 0.037781
v 0.166286 0.210853 0.037827
v 0.170710 0.214457 0.037444
v 0.170631 0.214508 0.037383
v 0.170532 0.214572 0.037369
v 0.170652 0.214494 0.037533
v 0.170564 0.214552 0.037586
v 0.170433 0.214636 0.037370
v 0.170335 0.214700 0.037380
v 0.170236 0.214764 0.037395
v 0.170138 0.214828 0.037414
v 0.170470 0.214612 0.037624
v 0.170374 0.214675 0.037654
v 0.170277 0.214738 0.037679
v 0.170179 0.214801 0.037699
v 0.170081 0.214865 0.037717
v 0.173279 0.219264 0.037416
v 0.173198 0.219317 0.037403
v 0.173115 0.219371 0.037403
v 0.173345 0.219222 0.037468
v 0.173296 0.219254 0.037541
v 0.173222 0.219302 0.037584
v 0.173144 0.219353 0.037615
v 0.173064 0.219404 0.037638
v 0.170041 0.214891 0.037437
v 0.169944 0.214954 0.037462
v 0.169848 0.215017 0.037490
v 0.169752 0.215079 0.037518
v 0.169656 0.215141 0.037549
v 0.169560 0.215203 0.037581
v 0.169983 0.214929 0.037731
v 0.169884 0.214993 0.037744
v 0.169786 0.215057 0.037755
v 0.169687 0.215121 0.037764
v 0.169588 0.215185 0.037772
v 0.169489 0.215250 0.037779
v 0.169465 0.215265 0.037613
v 0.169370 0.215327 0.037647
v 0.169275 0.215388 0.037682
v 0.169181 0.215450 0.037718
v 0.169390 0.215314 0.037785
v 0.169291 0.215378 0.037790
v 0.169192 0.215443 0.037794
v 0.169092 0.215507 0.037797
v 0.169086 0.215511 0.037755
v 0.168995 0.215570 0.037798
v 0.173033 0.219424 0.037410
v 0.172952 0.219477 0.037422
v 0.172870 0.219530 0.037437
v 0.172789 0.219583 0.037454
v 0.172708 0.219635 0.037474
v 0.172628 0.219687 0.037496
v 0.172548 0.219740 0.037518
v 0.172983 0.219457 0.037658
v 0.172902 0.219510 0.037674
v 0.172820 0.219563 0.037687
v 0.172738 0.219616 0.037698
v 0.172656 0.219669 0.037707
v 0.172574 0.219722 0.037716
v 0.172492 0.219776 0.037722
v 0.172468 0.219791 0.037543
v 0.172388 0.219843 0.037568
v 0.172309 0.219895 0.037594
v 0.172410 0.219829 0.037727
v 0.172327 0.219883 0.037732
v 0.172230 0.219946 0.037621
v 0.172245 0.219936 0.037736
v 0.172163 0.219990 0.037739
v 0.172151 0.219997 0.037649
v 0.172072 0.220049 0.037677
v 0.171993 0.220100 0.037707
v 0.172080 0.220043 0.037741
v 0.171998 0.220097 0.037742
v 0.171917 0.220149 0.037741
v 0.175919 0.224027 0.037442
v 0.175856 0.224067 0.037441
v 0.176030 0.223955 0.037492
v 0.175980 0.223987 0.037452
v 0.175992 0.223979 0.037548
v 0.175936 0.224016 0.037579
v 0.175794 0.224108 0.037445
v 0.175876 0.224055 0.037601
v 0.175731 0.224148 0.037453
v 0.175670 0.224189 0.037463
v 0.175608 0.224229 0.037476
v 0.175546 0.224269 0.037490
v 0.178749 0.228665 0.037486
v 0.178782 0.228644 0.037514
v 0.178756 0.228661 0.037551
v 0.178717 0.228686 0.037572
v 0.178707 0.228693 0.037478
v 0.178664 0.228721 0.037477
v 0.178621 0.228748 0.037479
v 0.178676 0.228712 0.037587
v 0.178579 0.228776 0.037484
v 0.178536 0.228803 0.037490
v 0.178494 0.228831 0.037498
v 0.175815 0.224094 0.037619
v 0.175754 0.224134 0.037632
v 0.175692 0.224174 0.037644
v 0.175630 0.224214 0.037653
v 0.175567 0.224255 0.037660
v 0.175505 0.224295 0.037667
v 0.178635 0.228739 0.037598
v 0.178593 0.228767 0.037607
v 0.178550 0.228794 0.037614
v 0.178508 0.228822 0.037620
v 0.178465 0.228850 0.037624
v 0.175485 0.224308 0.037505
v 0.175424 0.224348 0.037522
v 0.175363 0.224387 0.037539
v 0.175303 0.224427 0.037558
v 0.175242 0.224466 0.037577
v 0.178452 0.228858 0.037507
v 0.178410 0.228885 0.037517
v 0.178368 0.228912 0.037528
v 0.178327 0.228940 0.037539
v 0.178285 0.228967 0.037551
v 0.175182 0.224505 0.037596
v 0.178244 0.228993 0.037564
v 0.175443 0.224336 0.037672
v 0.175380 0.224377 0.037676
v 0.175318 0.224417 0.037679
v 0.175255 0.224458 0.037682
v 0.175193 0.224498 0.037684
v 0.175122 0.224544 0.037617
v 0.175130 0.224539 0.037685
v 0.175067 0.224580 0.037686
v 0.175062 0.224584 0.037637
v 0.175005 0.224620 0.037686
v 0.175002 0.224622 0.037659
v 0.174943 0.224660 0.037684
v 0.178423 0.228877 0.037628
v 0.178380 0.228905 0.037631
v 0.178337 0.228933 0.037633
v 0.178294 0.228960 0.037634
v 0.178252 0.228988 0.037636
v 0.178209 0.229016 0.037636
v 0.178202 0.229020 0.037576
v 0.178161 0.229047 0.037590
v 0.178166 0.229044 0.037637
v 0.178120 0.229074 0.037603
v 0.178123 0.229071 0.037636
v 0.178081 0.229099 0.037636
v 0.178079 0.229101 0.037617
v 0.178039 0.229127 0.037634
v 0.181585 0.233300 0.037517
v 0.181603 0.233288 0.037532
v 0.181589 0.233298 0.037552
v 0.181568 0.233311 0.037563
v 0.181562 0.233315 0.037512
v 0.181539 0.233329 0.037511
v 0.181517 0.233344 0.037512
v 0.181494 0.233359 0.037514
v 0.181471 0.233374 0.037518
v 0.181546 0.233326 0.037570
v 0.181523 0.233340 0.037576
v 0.181501 0.233355 0.037580
v 0.181478 0.233370 0.037584
v 0.181406 0.233416 0.037561
v 0.181455 0.233384 0.037587
v 0.181448 0.233389 0.037521
v 0.181426 0.233403 0.037526
v 0.181403 0.233418 0.037531
v 0.181381 0.233433 0.037536
v 0.181358 0.233447 0.037542
v 0.181336 0.233462 0.037548
v 0.181314 0.233476 0.037555
v 0.181291 0.233491 0.037561
v 0.181269 0.233505 0.037568
v 0.181432 0.233399 0.037589
v 0.181409 0.233414 0.037590
v 0.181386 0.233429 0.037592
v 0.181363 0.233444 0.037592
v 0.181341 0.233459 0.037593
v 0.181318 0.233474 0.037593
v 0.181295 0.233488 0.037593
v 0.181247 0.233519 0.037575
v 0.181272 0.233503 0.037593
v 0.181249 0.233518 0.037593
v 0.181225 0.233534 0.037582
v 0.181203 0.233548 0.037591
v 0.181226 0.233533 0.037592
v 0.071133 0.018861 0.037575
v 0.071155 0.018847 0.037582
v 0.070974 0.018964 0.037561
v 0.071177 0.018833 0.037591
v 0.071154 0.018847 0.037592
v 0.071132 0.018862 0.037593
v 0.074302 0.023280 0.037617
v 0.074261 0.023306 0.037603
v 0.071111 0.018875 0.037568
v 0.074219 0.023333 0.037590
v 0.071089 0.018890 0.037561
v 0.074178 0.023360 0.037576
v 0.071067 0.018904 0.037555
v 0.074137 0.023387 0.037564
v 0.071044 0.018919 0.037548
v 0.071109 0.018877 0.037593
v 0.071086 0.018892 0.037593
v 0.071022 0.018933 0.037542
v 0.071063 0.018907 0.037593
v 0.071040 0.018922 0.037593
v 0.071017 0.018937 0.037592
v 0.070977 0.018962 0.037531
v 0.071000 0.018948 0.037536
v 0.070955 0.018977 0.037526
v 0.070932 0.018992 0.037521
v 0.070909 0.019006 0.037518
v 0.070887 0.019021 0.037514
v 0.070994 0.018951 0.037592
v 0.070971 0.018966 0.037590
v 0.070948 0.018981 0.037589
v 0.070925 0.018996 0.037587
v 0.070903 0.019011 0.037584
v 0.070880 0.019026 0.037580
v 0.074095 0.023414 0.037551
v 0.074054 0.023441 0.037539
v 0.074012 0.023468 0.037528
v 0.073970 0.023495 0.037517
v 0.073928 0.023522 0.037507
v 0.073886 0.023550 0.037498
v 0.077199 0.027875 0.037596
v 0.077138 0.027914 0.037577
v 0.077078 0.027953 0.037558
v 0.076834 0.028112 0.037490
v 0.077017 0.027993 0.037539
v 0.076956 0.028032 0.037522
v 0.076895 0.028072 0.037505
v 0.074300 0.023281 0.037636
v 0.074342 0.023254 0.037634
v 0.074257 0.023309 0.037636
v 0.074214 0.023337 0.037637
v 0.074171 0.023364 0.037636
v 0.074129 0.023392 0.037636
v 0.074086 0.023420 0.037634
v 0.074043 0.023448 0.037633
v 0.074000 0.023475 0.037631
v 0.073958 0.023503 0.037628
v 0.073915 0.023531 0.037624
v 0.073873 0.023558 0.037620
v 0.077379 0.027758 0.037659
v 0.077437 0.027720 0.037684
v 0.077375 0.027760 0.037686
v 0.077313 0.027801 0.037686
v 0.077319 0.027797 0.037637
v 0.077259 0.027836 0.037617
v 0.077250 0.027841 0.037685
v 0.077188 0.027882 0.037684
v 0.077125 0.027923 0.037682
v 0.077063 0.027963 0.037679
v 0.077000 0.028004 0.037676
v 0.076938 0.028044 0.037672
v 0.076875 0.028085 0.037667
v 0.076813 0.028125 0.037660
v 0.073802 0.023604 0.037484
v 0.070864 0.019036 0.037512
v 0.073759 0.023632 0.037479
v 0.070841 0.019051 0.037511
v 0.073716 0.023660 0.037477
v 0.070818 0.019066 0.037512
v 0.073674 0.023688 0.037478
v 0.070795 0.019080 0.037517
v 0.070778 0.019092 0.037532
v 0.070792 0.019083 0.037552
v 0.070857 0.019040 0.037576
v 0.070835 0.019055 0.037570
v 0.070813 0.019069 0.037563
v 0.073844 0.023577 0.037490
v 0.073788 0.023614 0.037607
v 0.073746 0.023641 0.037598
v 0.073632 0.023715 0.037486
v 0.073704 0.023668 0.037587
v 0.073663 0.023694 0.037572
v 0.073624 0.023720 0.037551
v 0.073598 0.023737 0.037514
v 0.076773 0.028152 0.037476
v 0.076711 0.028192 0.037463
v 0.076649 0.028232 0.037453
v 0.076587 0.028272 0.037445
v 0.076524 0.028313 0.037441
v 0.076462 0.028353 0.037442
v 0.076400 0.028394 0.037452
v 0.076445 0.028364 0.037579
v 0.076388 0.028401 0.037548
v 0.076351 0.028426 0.037492
v 0.073830 0.023586 0.037614
v 0.076751 0.028166 0.037653
v 0.076689 0.028206 0.037644
v 0.076627 0.028246 0.037632
v 0.076565 0.028286 0.037619
v 0.076504 0.028326 0.037601
v 0.080071 0.032486 0.037594
v 0.079992 0.032537 0.037568
v 0.079752 0.032693 0.037496
v 0.079912 0.032589 0.037543
v 0.079833 0.032641 0.037518
v 0.080387 0.032281 0.037707
v 0.080464 0.032231 0.037741
v 0.080382 0.032284 0.037742
v 0.080300 0.032337 0.037741
v 0.080309 0.032332 0.037677
v 0.080230 0.032383 0.037649
v 0.080151 0.032434 0.037621
v 0.080218 0.032391 0.037739
v 0.080135 0.032444 0.037736
v 0.080053 0.032498 0.037732
v 0.079971 0.032551 0.037727
v 0.079888 0.032605 0.037722
v 0.079806 0.032658 0.037716
v 0.079724 0.032711 0.037707
v 0.079672 0.032745 0.037474
v 0.079591 0.032797 0.037454
v 0.079510 0.032850 0.037437
v 0.079429 0.032903 0.037422
v 0.079347 0.032956 0.037410
v 0.079265 0.033009 0.037403
v 0.079183 0.033063 0.037403
v 0.079158 0.033079 0.037584
v 0.079101 0.033116 0.037416
v 0.079036 0.033158 0.037468
v 0.079084 0.033127 0.037541
v 0.079642 0.032765 0.037698
v 0.079560 0.032818 0.037687
v 0.079479 0.032871 0.037674
v 0.079397 0.032923 0.037658
v 0.079317 0.032976 0.037638
v 0.079237 0.033028 0.037615
v 0.082915 0.037115 0.037613
v 0.082820 0.037177 0.037581
v 0.082725 0.037239 0.037549
v 0.083386 0.036810 0.037798
v 0.083288 0.036873 0.037797
v 0.083294 0.036869 0.037755
v 0.083189 0.036938 0.037794
v 0.083105 0.036992 0.037682
v 0.083200 0.036931 0.037718
v 0.083090 0.037002 0.037790
v 0.082991 0.037066 0.037785
v 0.083010 0.037053 0.037647
v 0.082892 0.037131 0.037779
v 0.082793 0.037195 0.037772
v 0.082694 0.037259 0.037764
v 0.082533 0.037364 0.037490
v 0.082629 0.037301 0.037518
v 0.082436 0.037426 0.037462
v 0.082339 0.037489 0.037437
v 0.082144 0.037616 0.037395
v 0.082046 0.037680 0.037380
v 0.081947 0.037744 0.037370
v 0.082242 0.037553 0.037414
v 0.082595 0.037323 0.037755
v 0.082496 0.037388 0.037744
v 0.082397 0.037452 0.037731
v 0.082299 0.037516 0.037717
v 0.082103 0.037643 0.037679
v 0.082201 0.037579 0.037699
v 0.082006 0.037706 0.037654
v 0.081910 0.037768 0.037624
v 0.085999 0.041589 0.037781
v 0.086094 0.041527 0.037827
v 0.085992 0.041593 0.037825
v 0.085889 0.041661 0.037820
v 0.085802 0.041717 0.037702
v 0.085901 0.041653 0.037741
v 0.085704 0.041781 0.037664
v 0.085604 0.041845 0.037627
v 0.085785 0.041728 0.037815
v 0.085681 0.041795 0.037808
v 0.085578 0.041863 0.037801
v 0.088539 0.046416 0.037765
v 0.088740 0.046286 0.037858
v 0.088633 0.046355 0.037854
v 0.088641 0.046350 0.037808
v 0.088525 0.046425 0.037848
v 0.088417 0.046495 0.037841
v 0.085505 0.041910 0.037592
v 0.085405 0.041975 0.037557
v 0.085306 0.042039 0.037524
v 0.084902 0.042302 0.037409
v 0.085205 0.042105 0.037492
v 0.085105 0.042170 0.037462
v 0.085003 0.042236 0.037434
v 0.088127 0.046684 0.037603
v 0.088023 0.046751 0.037566
v 0.087815 0.046886 0.037495
v 0.087919 0.046818 0.037529
v 0.085267 0.042064 0.037771
v 0.085164 0.042131 0.037758
v 0.085474 0.041930 0.037792
v 0.085371 0.041997 0.037782
v 0.085061 0.042198 0.037743
v 0.084958 0.042265 0.037727
v 0.084856 0.042331 0.037707
v 0.088333 0.046550 0.037682
v 0.088436 0.046483 0.037723
v 0.088230 0.046617 0.037642
v 0.088309 0.046566 0.037832
v 0.088201 0.046636 0.037823
v 0.088093 0.046706 0.037812
v 0.087985 0.046776 0.037800
v 0.087877 0.046846 0.037787
v 0.087769 0.046916 0.037772
v 0.081848 0.037808 0.037369
v 0.081750 0.037872 0.037383
v 0.081728 0.037886 0.037533
v 0.081670 0.037924 0.037444
v 0.081817 0.037829 0.037586
v 0.084800 0.042368 0.037387
v 0.084697 0.042435 0.037370
v 0.084594 0.042502 0.037358
v 0.084490 0.042569 0.037355
v 0.084387 0.042636 0.037369
v 0.084304 0.042690 0.037432
v 0.084363 0.042652 0.037526
v 0.084455 0.042592 0.037582
v 0.087499 0.047091 0.037404
v 0.087710 0.046954 0.037462
v 0.087605 0.047023 0.037431
v 0.087392 0.047161 0.037380
v 0.087285 0.047230 0.037360
v 0.087178 0.047300 0.037346
v 0.084653 0.042463 0.037656
v 0.084754 0.042398 0.037683
v 0.084553 0.042528 0.037623
v 0.087662 0.046986 0.037755
v 0.087555 0.047055 0.037736
v 0.087448 0.047125 0.037714
v 0.087236 0.047262 0.037658
v 0.087342 0.047194 0.037688
v 0.087132 0.047330 0.037622
v 0.087069 0.047370 0.037342
v 0.086962 0.047440 0.037354
v 0.086935 0.047458 0.037518
v 0.086874 0.047497 0.037418
v 0.087031 0.047396 0.037578
v 0.091116 0.051219 0.037791
v 0.091324 0.051084 0.037890
v 0.091213 0.051156 0.037885
v 0.091222 0.051150 0.037837
v 0.091101 0.051229 0.037877
v 0.090903 0.051358 0.037701
v 0.091009 0.051288 0.037745
v 0.090796 0.051427 0.037658
v 0.090988 0.051302 0.037868
v 0.090875 0.051375 0.037857
v 0.090763 0.051448 0.037846
v 0.090650 0.051521 0.037833
v 0.093851 0.055919 0.037924
v 0.093745 0.055988 0.037867
v 0.093735 0.055994 0.037917
v 0.093618 0.056070 0.037907
v 0.090580 0.051567 0.037575
v 0.090472 0.051637 0.037536
v 0.090688 0.051497 0.037616
v 0.090036 0.051921 0.037398
v 0.090364 0.051707 0.037498
v 0.090255 0.051778 0.037462
v 0.090146 0.051849 0.037428
v 0.090538 0.051594 0.037819
v 0.090426 0.051667 0.037804
v 0.090314 0.051740 0.037786
v 0.090202 0.051813 0.037767
v 0.090090 0.051885 0.037746
v 0.089979 0.051957 0.037721
v 0.089925 0.051992 0.037372
v 0.089814 0.052065 0.037350
v 0.089701 0.052138 0.037334
v 0.089589 0.052211 0.037327
v 0.089476 0.052284 0.037339
v 0.089546 0.052239 0.037573
v 0.089447 0.052303 0.037509
v 0.089384 0.052344 0.037405
v 0.089869 0.052029 0.037693
v 0.089759 0.052100 0.037660
v 0.089651 0.052170 0.037621
v 0.093080 0.056420 0.037585
v 0.092968 0.056493 0.037543
v 0.093524 0.056131 0.037769
v 0.093414 0.056203 0.037721
v 0.093635 0.056060 0.037817
v 0.093501 0.056147 0.037896
v 0.093384 0.056223 0.037883
v 0.093267 0.056299 0.037869
v 0.093303 0.056275 0.037675
v 0.093192 0.056347 0.037629
v 0.093150 0.056374 0.037854
v 0.093033 0.056450 0.037838
v 0.092917 0.056526 0.037821
v 0.092629 0.056713 0.037426
v 0.092856 0.056566 0.037502
v 0.092743 0.056639 0.037463
v 0.092515 0.056787 0.037393
v 0.092400 0.056861 0.037364
v 0.092284 0.056937 0.037339
v 0.092568 0.056752 0.037756
v 0.092800 0.056602 0.037801
v 0.092684 0.056677 0.037779
v 0.092453 0.056827 0.037728
v 0.092225 0.056975 0.037661
v 0.092338 0.056902 0.037697
v 0.096323 0.060791 0.037960
v 0.096203 0.060868 0.037950
v 0.095985 0.061010 0.037793
v 0.096099 0.060936 0.037845
v 0.096213 0.060862 0.037899
v 0.096081 0.060947 0.037938
v 0.095959 0.061026 0.037925
v 0.095838 0.061105 0.037910
v 0.095525 0.061308 0.037596
v 0.095409 0.061384 0.037550
v 0.095293 0.061459 0.037506
v 0.095756 0.061159 0.037692
v 0.095871 0.061084 0.037742
v 0.095641 0.061233 0.037644
v 0.095716 0.061184 0.037894
v 0.095595 0.061263 0.037877
v 0.095474 0.061342 0.037858
v 0.095353 0.061420 0.037838
v 0.095232 0.061499 0.037816
v 0.098513 0.065845 0.037875
v 0.098630 0.065769 0.037932
v 0.098277 0.065998 0.037764
v 0.098158 0.066075 0.037711
v 0.098395 0.065921 0.037819
v 0.098367 0.065939 0.037955
v 0.098241 0.066021 0.037938
v 0.098115 0.066103 0.037920
v 0.098743 0.065695 0.037997
v 0.098619 0.065776 0.037985
v 0.098493 0.065858 0.037971
v 0.101117 0.070630 0.038035
v 0.092168 0.057012 0.037321
v 0.092051 0.057088 0.037313
v 0.091934 0.057164 0.037323
v 0.092003 0.057119 0.037568
v 0.091901 0.057186 0.037500
v 0.091837 0.057227 0.037390
v 0.092112 0.057048 0.037619
v 0.095058 0.061611 0.037424
v 0.094940 0.061688 0.037388
v 0.095176 0.061535 0.037464
v 0.094701 0.061844 0.037329
v 0.094821 0.061766 0.037356
v 0.094580 0.061922 0.037308
v 0.097920 0.066230 0.037608
v 0.097680 0.066386 0.037511
v 0.097800 0.066308 0.037558
v 0.097559 0.066464 0.037466
v 0.094872 0.061733 0.037735
v 0.095112 0.061577 0.037792
v 0.094992 0.061655 0.037766
v 0.094636 0.061886 0.037662
v 0.094753 0.061810 0.037701
v 0.094520 0.061961 0.037617
v 0.098039 0.066152 0.037659
v 0.097989 0.066185 0.037900
v 0.097738 0.066348 0.037856
v 0.097864 0.066266 0.037879
v 0.097613 0.066429 0.037831
v 0.097489 0.066510 0.037805
v 0.094458 0.062001 0.037298
v 0.094337 0.062080 0.037307
v 0.094407 0.062035 0.037562
v 0.094301 0.062103 0.037490
v 0.094235 0.062146 0.037375
v 0.097437 0.066543 0.037422
v 0.097315 0.066623 0.037383
v 0.097192 0.066703 0.037348
v 0.097067 0.066783 0.037318
v 0.096942 0.066865 0.037295
v 0.096816 0.066947 0.037282
v 0.096759 0.066983 0.037556
v 0.097241 0.066671 0.037742
v 0.097118 0.066751 0.037705
v 0.097364 0.066591 0.037776
v 0.096996 0.066830 0.037663
v 0.096876 0.066908 0.037615
v 0.101000 0.070706 0.037967
v 0.100758 0.070863 0.037846
v 0.100879 0.070784 0.037906
v 0.100636 0.070942 0.037787
v 0.100513 0.071022 0.037730
v 0.100467 0.071052 0.037946
v 0.100337 0.071137 0.037924
v 0.100144 0.071262 0.037567
v 0.099770 0.071505 0.037421
v 0.100020 0.071342 0.037516
v 0.099895 0.071423 0.037467
v 0.100268 0.071181 0.037620
v 0.100391 0.071101 0.037674
v 0.100207 0.071221 0.037900
v 0.100077 0.071305 0.037875
v 0.099948 0.071389 0.037847
v 0.099819 0.071473 0.037818
v 0.099690 0.071556 0.037786
v 0.100988 0.070714 0.038021
v 0.100858 0.070798 0.038005
v 0.100727 0.070883 0.037986
v 0.100597 0.070968 0.037967
v 0.096690 0.067029 0.037290
v 0.096584 0.067097 0.037359
v 0.096651 0.067054 0.037479
v 0.099643 0.071587 0.037379
v 0.099387 0.071753 0.037307
v 0.099516 0.071670 0.037340
v 0.099258 0.071837 0.037281
v 0.099127 0.071922 0.037267
v 0.098954 0.072035 0.037468
v 0.099066 0.071962 0.037549
v 0.099562 0.071639 0.037749
v 0.099310 0.071803 0.037664
v 0.099436 0.071722 0.037709
v 0.099186 0.071884 0.037612
v 0.098996 0.072007 0.037272
v 0.098886 0.072079 0.037343
v 0.103203 0.075752 0.037937
v 0.103078 0.075833 0.037874
v 0.102700 0.076078 0.037691
v 0.102826 0.075996 0.037751
v 0.102952 0.075914 0.037811
v 0.102641 0.076116 0.037948
v 0.103448 0.075593 0.038075
v 0.103315 0.075679 0.038059
v 0.103327 0.075671 0.038002
v 0.103180 0.075767 0.038040
v 0.103045 0.075854 0.038019
v 0.102910 0.075942 0.037997
v 0.102776 0.076029 0.037973
v 0.105679 0.080620 0.038096
v 0.105546 0.080706 0.038077
v 0.102446 0.076243 0.037576
v 0.102060 0.076494 0.037419
v 0.102318 0.076327 0.037522
v 0.102189 0.076410 0.037470
v 0.102573 0.076161 0.037633
v 0.102507 0.076204 0.037922
v 0.102373 0.076290 0.037894
v 0.102240 0.076377 0.037863
v 0.102107 0.076464 0.037831
v 0.101974 0.076550 0.037796
v 0.105436 0.080778 0.037955
v 0.105312 0.080858 0.037890
v 0.104938 0.081101 0.037703
v 0.105063 0.081020 0.037764
v 0.105188 0.080939 0.037826
v 0.101929 0.076579 0.037374
v 0.101798 0.076664 0.037332
v 0.101665 0.076750 0.037296
v 0.101532 0.076837 0.037267
v 0.101396 0.076925 0.037250
v 0.101215 0.077043 0.037456
v 0.101330 0.076968 0.037542
v 0.104686 0.081265 0.037585
v 0.104304 0.081513 0.037423
v 0.104432 0.081430 0.037475
v 0.104559 0.081347 0.037529
v 0.101842 0.076636 0.037756
v 0.101581 0.076805 0.037664
v 0.101711 0.076721 0.037713
v 0.101454 0.076888 0.037608
v 0.104812 0.081183 0.037643
v 0.104744 0.081227 0.037930
v 0.104611 0.081314 0.037900
v 0.104346 0.081486 0.037833
v 0.104478 0.081400 0.037868
v 0.104214 0.081571 0.037797
v 0.107609 0.085843 0.037963
v 0.107489 0.085921 0.037898
v 0.107247 0.086078 0.037772
v 0.107368 0.086000 0.037834
v 0.105560 0.080698 0.038021
v 0.105412 0.080793 0.038056
v 0.105278 0.080880 0.038034
v 0.105144 0.080967 0.038010
v 0.105011 0.081054 0.037985
v 0.104877 0.081141 0.037958
v 0.107843 0.085691 0.038104
v 0.107728 0.085766 0.038030
v 0.107715 0.085775 0.038084
v 0.107584 0.085859 0.038062
v 0.107454 0.085944 0.038038
v 0.107324 0.086029 0.038013
v 0.107194 0.086113 0.037986
v 0.101261 0.077013 0.037254
v 0.101146 0.077087 0.037325
v 0.104174 0.081597 0.037376
v 0.104044 0.081682 0.037333
v 0.103912 0.081767 0.037295
v 0.103779 0.081854 0.037264
v 0.103645 0.081941 0.037245
v 0.103576 0.081986 0.037534
v 0.103825 0.081824 0.037660
v 0.103954 0.081741 0.037710
v 0.104084 0.081656 0.037756
v 0.103699 0.081906 0.037603
v 0.103510 0.082029 0.037248
v 0.103395 0.082103 0.037317
v 0.103462 0.082060 0.037448
v 0.106881 0.086316 0.037592
v 0.106510 0.086557 0.037430
v 0.106758 0.086396 0.037536
v 0.106634 0.086476 0.037482
v 0.107004 0.086236 0.037651
v 0.107126 0.086157 0.037711
v 0.106934 0.086281 0.037929
v 0.106805 0.086365 0.037898
v 0.106676 0.086449 0.037865
v 0.106548 0.086532 0.037830
v 0.106419 0.086616 0.037792
v 0.106384 0.086638 0.037382
v 0.106258 0.086721 0.037338
v 0.106130 0.086804 0.037299
v 0.106001 0.086887 0.037267
v 0.105870 0.086972 0.037247
v 0.105800 0.087018 0.037528
v 0.106166 0.086780 0.037704
v 0.106292 0.086698 0.037750
v 0.106042 0.086861 0.037654
v 0.105919 0.086941 0.037596
v 0.107064 0.086197 0.037958
v 0.105739 0.087058 0.037247
v 0.105626 0.087131 0.037313
v 0.105690 0.087089 0.037442
v 0.109637 0.091002 0.037906
v 0.109521 0.091078 0.037842
v 0.109753 0.090927 0.037971
v 0.109049 0.091385 0.037599
v 0.108929 0.091462 0.037543
v 0.108809 0.091540 0.037488
v 0.109403 0.091154 0.037779
v 0.109286 0.091231 0.037718
v 0.109167 0.091307 0.037658
v 0.109097 0.091353 0.037928
v 0.108971 0.091435 0.037896
v 0.108846 0.091516 0.037862
v 0.108721 0.091597 0.037826
v 0.111764 0.096098 0.037912
v 0.109981 0.090779 0.038111
v 0.109855 0.090861 0.038090
v 0.109869 0.090852 0.038037
v 0.109729 0.090943 0.038066
v 0.109602 0.091025 0.038041
v 0.109475 0.091108 0.038015
v 0.109349 0.091190 0.037988
v 0.109223 0.091271 0.037958
v 0.112096 0.095882 0.038117
v 0.111974 0.095961 0.038095
v 0.111988 0.095952 0.038043
v 0.111876 0.096025 0.037977
v 0.111851 0.096041 0.038070
v 0.111605 0.096201 0.038017
v 0.111728 0.096121 0.038044
v 0.108689 0.091618 0.037436
v 0.108444 0.091777 0.037343
v 0.108567 0.091697 0.037388
v 0.108320 0.091858 0.037303
v 0.108195 0.091939 0.037271
v 0.108474 0.091758 0.037745
v 0.108351 0.091837 0.037699
v 0.108597 0.091678 0.037788
v 0.108230 0.091916 0.037648
v 0.108112 0.091993 0.037590
v 0.108068 0.092022 0.037249
v 0.107940 0.092105 0.037248
v 0.107829 0.092177 0.037310
v 0.107890 0.092137 0.037436
v 0.107997 0.092068 0.037522
v 0.111194 0.096468 0.037606
v 0.111078 0.096543 0.037549
v 0.111537 0.096245 0.037786
v 0.111423 0.096319 0.037725
v 0.111651 0.096171 0.037848
v 0.111309 0.096393 0.037665
v 0.111238 0.096439 0.037927
v 0.111116 0.096519 0.037894
v 0.110994 0.096598 0.037859
v 0.110727 0.096771 0.037393
v 0.110962 0.096618 0.037495
v 0.110845 0.096694 0.037442
v 0.110608 0.096848 0.037348
v 0.110488 0.096927 0.037308
v 0.113257 0.101605 0.037604
v 0.110633 0.096832 0.037740
v 0.110873 0.096676 0.037822
v 0.110753 0.096755 0.037783
v 0.110514 0.096909 0.037693
v 0.110397 0.096985 0.037642
v 0.113741 0.101290 0.037873
v 0.113645 0.101352 0.037817
v 0.113549 0.101415 0.037763
v 0.113452 0.101478 0.037709
v 0.113355 0.101541 0.037656
v 0.113291 0.101582 0.037879
v 0.111360 0.096360 0.037958
v 0.113187 0.101650 0.037850
v 0.111482 0.096281 0.037988
v 0.114023 0.101107 0.038052
v 0.113932 0.101166 0.037988
v 0.113920 0.101174 0.038032
v 0.113815 0.101242 0.038009
v 0.113837 0.101228 0.037930
v 0.113710 0.101311 0.037985
v 0.113605 0.101379 0.037961
v 0.113500 0.101447 0.037935
v 0.113396 0.101514 0.037907
v 0.110366 0.097006 0.037274
v 0.110243 0.097086 0.037252
v 0.110118 0.097167 0.037248
v 0.110010 0.097237 0.037308
v 0.110171 0.097132 0.037516
v 0.110068 0.097199 0.037431
v 0.110282 0.097060 0.037584
v 0.113158 0.101669 0.037555
v 0.113059 0.101733 0.037507
v 0.112960 0.101797 0.037460
v 0.112859 0.101863 0.037417
v 0.112655 0.101995 0.037341
v 0.112758 0.101929 0.037377
v 0.113084 0.101717 0.037818
v 0.112981 0.101784 0.037785
v 0.112776 0.101917 0.037712
v 0.112675 0.101983 0.037671
v 0.112878 0.101851 0.037751
v 0.112552 0.102063 0.037311
v 0.112446 0.102131 0.037290
v 0.112296 0.102229 0.037441
v 0.112383 0.102172 0.037515
v 0.112340 0.102200 0.037286
v 0.112247 0.102261 0.037335
v 0.112575 0.102047 0.037625
v 0.112477 0.102111 0.037574
v 0.115531 0.106604 0.037730
v 0.115685 0.106504 0.037822
v 0.115762 0.106454 0.037869
v 0.115608 0.106554 0.037776
v 0.115490 0.106631 0.037868
v 0.115838 0.106405 0.037917
v 0.115297 0.106756 0.037599
v 0.115218 0.106807 0.037558
v 0.114978 0.106963 0.037444
v 0.115139 0.106859 0.037518
v 0.115059 0.106911 0.037479
v 0.115375 0.106705 0.037642
v 0.115453 0.106655 0.037686
v 0.115406 0.106685 0.037845
v 0.115323 0.106740 0.037821
v 0.115239 0.106794 0.037796
v 0.115156 0.106848 0.037770
v 0.115575 0.106576 0.037891
v 0.115659 0.106521 0.037912
v 0.114990 0.106955 0.037713
v 0.114908 0.107009 0.037681
v 0.115073 0.106902 0.037742
v 0.117796 0.111610 0.037879
v 0.115912 0.106357 0.037969
v 0.117741 0.111646 0.037838
v 0.117733 0.111651 0.037865
v 0.115828 0.106411 0.037952
v 0.117668 0.111693 0.037849
v 0.115743 0.106466 0.037932
v 0.114896 0.107016 0.037410
v 0.114814 0.107070 0.037380
v 0.114731 0.107124 0.037355
v 0.114646 0.107179 0.037336
v 0.114668 0.107164 0.037566
v 0.114593 0.107213 0.037517
v 0.114560 0.107235 0.037332
v 0.114485 0.107284 0.037370
v 0.114523 0.107259 0.037457
v 0.114827 0.107061 0.037646
v 0.114747 0.107113 0.037608
v 0.117332 0.111911 0.037592
v 0.117272 0.111950 0.037559
v 0.117212 0.111989 0.037528
v 0.117450 0.111835 0.037659
v 0.117508 0.111796 0.037694
v 0.117567 0.111758 0.037729
v 0.117683 0.111683 0.037801
v 0.117625 0.111721 0.037765
v 0.117604 0.111734 0.037833
v 0.117540 0.111776 0.037816
v 0.117477 0.111817 0.037798
v 0.117413 0.111858 0.037780
v 0.117391 0.111873 0.037625
v 0.117223 0.111982 0.037720
v 0.117160 0.112023 0.037698
v 0.117349 0.111900 0.037760
v 0.117286 0.111941 0.037741
v 0.117029 0.112108 0.037443
v 0.116966 0.112149 0.037420
v 0.116903 0.112190 0.037399
v 0.117152 0.112028 0.037498
v 0.117090 0.112068 0.037470
v 0.116854 0.112221 0.037559
v 0.116839 0.112231 0.037385
v 0.116774 0.112274 0.037380
v 0.116716 0.112311 0.037409
v 0.116745 0.112292 0.037475
v 0.116797 0.112258 0.037521
v 0.116914 0.112183 0.037592
v 0.117248 0.111966 0.037640
v 0.117098 0.112063 0.037674
v 0.117036 0.112104 0.037649
v 0.116974 0.112143 0.037622
v -0.120635 0.134745 0.037550
v -0.121079 0.134060 0.044030
v -0.118871 0.133294 0.037550
v -0.126190 0.126190 0.037550
v -0.119456 0.132726 0.044030
v -0.117473 0.131487 0.037550
v -0.118171 0.131063 0.044030
v -0.116513 0.129415 0.037550
v -0.117287 0.129157 0.044030
v -0.116038 0.127180 0.037550
v -0.116850 0.127101 0.044030
v -0.116073 0.124897 0.037550
v -0.116882 0.125000 0.044030
v -0.116614 0.122678 0.037550
v -0.117636 0.120635 0.037550
v -0.117380 0.122959 0.044030
v -0.118320 0.121079 0.044030
v -0.123135 0.130895 0.048350
v -0.122164 0.130097 0.048350
v -0.121396 0.129103 0.048350
v -0.120868 0.127964 0.048350
v -0.120607 0.126735 0.048350
v -0.120625 0.125479 0.048350
v -0.120923 0.124258 0.048350
v -0.126190 0.126190 0.048350
v -0.121485 0.123135 0.048350
v -0.119086 0.118871 0.037550
v -0.120893 0.117473 0.037550
v -0.119655 0.119456 0.044030
v -0.122966 0.116513 0.037550
v -0.125200 0.116038 0.037550
v -0.127484 0.116073 0.037550
v -0.129703 0.116614 0.037550
v -0.121317 0.118171 0.044030
v -0.123224 0.117287 0.044030
v -0.131745 0.117636 0.037550
v -0.125279 0.116850 0.044030
v -0.127380 0.116882 0.044030
v -0.129422 0.117380 0.044030
v -0.131301 0.118320 0.044030
v -0.122283 0.122164 0.048350
v -0.123277 0.121396 0.048350
v -0.124417 0.120868 0.048350
v -0.125646 0.120607 0.048350
v -0.126902 0.120625 0.048350
v -0.128122 0.120923 0.048350
v -0.129246 0.121485 0.048350
v -0.122678 0.135766 0.037550
v -0.122959 0.135000 0.044030
v -0.124897 0.136308 0.037550
v -0.125000 0.135498 0.044030
v -0.127180 0.136342 0.037550
v -0.127101 0.135530 0.044030
v -0.129415 0.135867 0.037550
v -0.129157 0.135093 0.044030
v -0.131487 0.134907 0.037550
v -0.131063 0.134210 0.044030
v -0.133294 0.133510 0.037550
v -0.134745 0.131745 0.037550
v -0.132726 0.132924 0.044030
v -0.134060 0.131301 0.044030
v -0.124258 0.131457 0.048350
v -0.125479 0.131755 0.048350
v -0.126735 0.131774 0.048350
v -0.127964 0.131512 0.048350
v -0.129103 0.130984 0.048350
v -0.130097 0.130216 0.048350
v -0.130895 0.129246 0.048350
v -0.135766 0.129703 0.037550
v -0.136308 0.127484 0.037550
v -0.135000 0.129422 0.044030
v -0.136342 0.125200 0.037550
v -0.135867 0.122966 0.037550
v -0.134907 0.120893 0.037550
v -0.133510 0.119086 0.037550
v -0.135498 0.127380 0.044030
v -0.135530 0.125279 0.044030
v -0.135093 0.123224 0.044030
v -0.134210 0.121317 0.044030
v -0.132924 0.119655 0.044030
v -0.131457 0.128122 0.048350
v -0.131755 0.126902 0.048350
v -0.131774 0.125646 0.048350
v -0.131512 0.124417 0.048350
v -0.130984 0.123277 0.048350
v -0.130216 0.122283 0.048350
v -0.140107 0.135607 0.037380
v -0.145097 0.137896 0.037370
v -0.140069 0.135664 0.037409
v -0.140415 0.135133 0.037640
v -0.140149 0.135542 0.037385
v -0.140191 0.135477 0.037399
v -0.140232 0.135414 0.037420
v -0.140088 0.135636 0.037475
v -0.140122 0.135583 0.037521
v -0.140159 0.135526 0.037559
v -0.145122 0.137857 0.037457
v -0.145167 0.137788 0.037517
v -0.140198 0.135467 0.037592
v -0.145146 0.137820 0.037332
v -0.145201 0.137734 0.037336
v -0.145256 0.137650 0.037355
v -0.140272 0.135352 0.037443
v -0.145311 0.137566 0.037380
v -0.140312 0.135290 0.037470
v -0.140352 0.135229 0.037498
v -0.140391 0.135168 0.037528
v -0.140430 0.135108 0.037559
v -0.145216 0.137712 0.037566
v -0.145267 0.137633 0.037608
v -0.145364 0.137484 0.037410
v -0.145417 0.137402 0.037444
v -0.145469 0.137322 0.037479
v -0.145521 0.137242 0.037518
v -0.140469 0.135049 0.037592
v -0.145573 0.137162 0.037558
v -0.140237 0.135406 0.037622
v -0.140277 0.135345 0.037649
v -0.140317 0.135283 0.037674
v -0.140358 0.135220 0.037698
v -0.140508 0.134990 0.037625
v -0.140546 0.134931 0.037659
v -0.140399 0.135157 0.037720
v -0.140439 0.135094 0.037741
v -0.140481 0.135031 0.037760
v -0.140522 0.134967 0.037780
v -0.145319 0.137553 0.037646
v -0.145372 0.137472 0.037681
v -0.145425 0.137390 0.037713
v -0.140584 0.134872 0.037694
v -0.140622 0.134813 0.037729
v -0.140563 0.134904 0.037798
v -0.140605 0.134840 0.037816
v -0.140660 0.134755 0.037765
v -0.140646 0.134776 0.037833
v -0.140697 0.134697 0.037801
v -0.140735 0.134640 0.037838
v -0.145479 0.137308 0.037742
v -0.145532 0.137225 0.037770
v -0.145624 0.137083 0.037599
v -0.145587 0.137141 0.037796
v -0.140688 0.134712 0.037849
v -0.140729 0.134648 0.037865
v -0.140771 0.134584 0.037879
v -0.145641 0.137058 0.037821
v -0.145695 0.136974 0.037845
v -0.145675 0.137005 0.037642
v -0.145726 0.136927 0.037686
v -0.145776 0.136849 0.037730
v -0.145826 0.136772 0.037776
v -0.145750 0.136890 0.037868
v -0.145804 0.136806 0.037891
v -0.145876 0.136695 0.037822
v -0.145926 0.136618 0.037869
v -0.145859 0.136721 0.037912
v -0.145914 0.136637 0.037932
v -0.145969 0.136552 0.037952
v -0.145976 0.136542 0.037917
v -0.146023 0.136469 0.037969
v -0.150120 0.140134 0.037335
v -0.150152 0.140085 0.037441
v -0.150180 0.140041 0.037286
v -0.150249 0.139934 0.037290
v -0.150318 0.139829 0.037311
v -0.150208 0.139998 0.037515
v -0.150269 0.139903 0.037574
v -0.150385 0.139725 0.037341
v -0.150452 0.139622 0.037377
v -0.150518 0.139521 0.037417
v -0.150583 0.139420 0.037460
v -0.150333 0.139805 0.037625
v -0.150398 0.139705 0.037671
v -0.150463 0.139604 0.037712
v -0.150530 0.139503 0.037751
v -0.150596 0.139400 0.037785
v -0.150663 0.139296 0.037818
v -0.150648 0.139321 0.037507
v -0.150712 0.139222 0.037555
v -0.150776 0.139124 0.037604
v -0.155143 0.142371 0.037308
v -0.155214 0.142262 0.037248
v -0.155181 0.142312 0.037431
v -0.155295 0.142138 0.037252
v -0.155248 0.142209 0.037516
v -0.155320 0.142098 0.037584
v -0.155375 0.142014 0.037274
v -0.155454 0.141893 0.037308
v -0.155532 0.141772 0.037348
v -0.150839 0.139026 0.037656
v -0.150731 0.139193 0.037850
v -0.150798 0.139089 0.037879
v -0.150866 0.138985 0.037907
v -0.150902 0.138929 0.037709
v -0.150965 0.138832 0.037763
v -0.150934 0.138880 0.037935
v -0.151002 0.138776 0.037961
v -0.151028 0.138735 0.037817
v -0.151070 0.138671 0.037985
v -0.151090 0.138639 0.037873
v -0.155395 0.141983 0.037642
v -0.155471 0.141866 0.037693
v -0.155548 0.141747 0.037740
v -0.155626 0.141628 0.037783
v -0.155609 0.141653 0.037393
v -0.155686 0.141535 0.037442
v -0.155762 0.141418 0.037495
v -0.155837 0.141302 0.037549
v -0.151152 0.138544 0.037930
v -0.155704 0.141507 0.037822
v -0.155783 0.141386 0.037859
v -0.155862 0.141265 0.037894
v -0.155912 0.141186 0.037606
v -0.155987 0.141072 0.037665
v -0.156061 0.140957 0.037725
v -0.155941 0.141143 0.037927
v -0.156020 0.141020 0.037958
v -0.151138 0.138566 0.038009
v -0.151206 0.138461 0.038032
v -0.151214 0.138448 0.037988
v -0.151274 0.138357 0.038052
v -0.156100 0.140898 0.037988
v -0.156135 0.140843 0.037786
v -0.156209 0.140730 0.037848
v -0.156282 0.140617 0.037912
v -0.156179 0.140775 0.038017
v -0.156259 0.140653 0.038044
v -0.156339 0.140530 0.038070
v -0.156355 0.140504 0.037977
v -0.156419 0.140406 0.038095
v -0.156428 0.140392 0.038043
v -0.156498 0.140285 0.038117
v -0.160204 0.144551 0.037310
v -0.160243 0.144490 0.037436
v -0.160275 0.144441 0.037248
v -0.160313 0.144384 0.037522
v -0.160387 0.144269 0.037590
v -0.160359 0.144313 0.037249
v -0.160441 0.144186 0.037271
v -0.160523 0.144060 0.037303
v -0.160464 0.144150 0.037648
v -0.160543 0.144029 0.037699
v -0.160603 0.143936 0.037343
v -0.160683 0.143813 0.037388
v -0.160762 0.143691 0.037436
v -0.160840 0.143571 0.037488
v -0.160918 0.143451 0.037543
v -0.160622 0.143907 0.037745
v -0.160702 0.143783 0.037788
v -0.160783 0.143659 0.037826
v -0.160996 0.143331 0.037599
v -0.160864 0.143534 0.037862
v -0.160946 0.143409 0.037896
v -0.161027 0.143283 0.037928
v -0.161073 0.143213 0.037658
v -0.161150 0.143095 0.037718
v -0.161226 0.142977 0.037779
v -0.161109 0.143157 0.037958
v -0.161302 0.142860 0.037842
v -0.161378 0.142743 0.037906
v -0.165249 0.146754 0.037313
v -0.165291 0.146690 0.037442
v -0.165363 0.146580 0.037528
v -0.165323 0.146642 0.037247
v -0.165408 0.146510 0.037247
v -0.165493 0.146379 0.037267
v -0.165440 0.146461 0.037596
v -0.165519 0.146339 0.037654
v -0.165577 0.146250 0.037299
v -0.165660 0.146123 0.037338
v -0.165742 0.145996 0.037382
v -0.165824 0.145870 0.037430
v -0.165904 0.145746 0.037482
v -0.165985 0.145622 0.037536
v -0.165600 0.146214 0.037704
v -0.165682 0.146088 0.037750
v -0.165765 0.145961 0.037792
v -0.165848 0.145833 0.037830
v -0.165931 0.145704 0.037865
v -0.166015 0.145575 0.037898
v -0.161191 0.143031 0.037988
v -0.161273 0.142905 0.038015
v -0.161355 0.142778 0.038041
v -0.161453 0.142627 0.037971
v -0.161437 0.142652 0.038066
v -0.166065 0.145499 0.037592
v -0.166144 0.145377 0.037651
v -0.166099 0.145446 0.037929
v -0.166223 0.145255 0.037711
v -0.166302 0.145133 0.037772
v -0.166381 0.145012 0.037834
v -0.166183 0.145317 0.037958
v -0.166459 0.144892 0.037898
v -0.161520 0.142525 0.038090
v -0.161529 0.142511 0.038037
v -0.161601 0.142400 0.038111
v -0.166267 0.145187 0.037986
v -0.166352 0.145057 0.038013
v -0.166436 0.144927 0.038038
v -0.166537 0.144772 0.037963
v -0.166521 0.144796 0.038062
v -0.166606 0.144666 0.038084
v -0.166615 0.144652 0.038030
v -0.166689 0.144537 0.038104
v -0.170277 0.148985 0.037317
v -0.170321 0.148918 0.037448
v -0.170352 0.148870 0.037248
v -0.170439 0.148735 0.037245
v -0.170395 0.148804 0.037534
v -0.170474 0.148682 0.037603
v -0.170556 0.148555 0.037660
v -0.170527 0.148601 0.037264
v -0.170613 0.148468 0.037295
v -0.170698 0.148337 0.037333
v -0.170783 0.148206 0.037376
v -0.170867 0.148077 0.037423
v -0.170950 0.147949 0.037475
v -0.175293 0.151234 0.037325
v -0.175367 0.151119 0.037254
v -0.175338 0.151166 0.037456
v -0.175456 0.150984 0.037250
v -0.175412 0.151050 0.037542
v -0.175493 0.150927 0.037608
v -0.170640 0.148427 0.037710
v -0.170724 0.148297 0.037756
v -0.170809 0.148166 0.037797
v -0.170895 0.148034 0.037833
v -0.170981 0.147902 0.037868
v -0.171033 0.147821 0.037529
v -0.171116 0.147694 0.037585
v -0.175543 0.150849 0.037267
v -0.175630 0.150715 0.037296
v -0.175716 0.150583 0.037332
v -0.175801 0.150451 0.037374
v -0.175886 0.150321 0.037419
v -0.171067 0.147769 0.037900
v -0.171153 0.147636 0.037930
v -0.171197 0.147568 0.037643
v -0.171279 0.147442 0.037703
v -0.171360 0.147317 0.037764
v -0.171240 0.147503 0.037958
v -0.175576 0.150799 0.037664
v -0.175660 0.150669 0.037713
v -0.175745 0.150538 0.037756
v -0.175830 0.150407 0.037796
v -0.175917 0.150274 0.037831
v -0.180302 0.153494 0.037343
v -0.180373 0.153384 0.037272
v -0.180346 0.153427 0.037468
v -0.180458 0.153253 0.037267
v -0.180418 0.153315 0.037549
v -0.180496 0.153194 0.037612
v -0.171326 0.147370 0.037985
v -0.171413 0.147236 0.038010
v -0.175970 0.150191 0.037470
v -0.176054 0.150063 0.037522
v -0.171442 0.147192 0.037826
v -0.171522 0.147068 0.037890
v -0.171603 0.146944 0.037955
v -0.176137 0.149935 0.037576
v -0.176003 0.150141 0.037863
v -0.176090 0.150007 0.037894
v -0.176177 0.149873 0.037922
v -0.176220 0.149807 0.037633
v -0.176302 0.149680 0.037691
v -0.176384 0.149554 0.037751
v -0.176466 0.149428 0.037811
v -0.176547 0.149302 0.037874
v -0.180543 0.153122 0.037281
v -0.180627 0.152993 0.037307
v -0.180711 0.152865 0.037340
v -0.180793 0.152737 0.037379
v -0.180875 0.152611 0.037421
v -0.176264 0.149739 0.037948
v -0.180577 0.153071 0.037664
v -0.180659 0.152945 0.037709
v -0.180741 0.152818 0.037749
v -0.180824 0.152690 0.037786
v -0.180907 0.152562 0.037818
v -0.180957 0.152485 0.037467
v -0.181038 0.152361 0.037516
v -0.181119 0.152236 0.037567
v -0.176629 0.149177 0.037937
v -0.180991 0.152433 0.037847
v -0.181075 0.152303 0.037875
v -0.181159 0.152174 0.037900
v -0.181199 0.152113 0.037620
v -0.181279 0.151990 0.037674
v -0.181244 0.152044 0.037924
v -0.171500 0.147102 0.038034
v -0.171587 0.146968 0.038056
v -0.171674 0.146834 0.038077
v -0.171683 0.146821 0.038021
v -0.171760 0.146702 0.038096
v -0.176351 0.149605 0.037973
v -0.176438 0.149470 0.037997
v -0.176526 0.149336 0.038019
v -0.176614 0.149201 0.038040
v -0.176701 0.149066 0.038059
v -0.176710 0.149053 0.038002
v -0.176788 0.148933 0.038075
v -0.181328 0.151914 0.037946
v -0.181359 0.151867 0.037730
v -0.181438 0.151745 0.037787
v -0.181517 0.151623 0.037846
v -0.181596 0.151501 0.037906
v -0.181413 0.151784 0.037967
v -0.181497 0.151653 0.037986
v -0.181582 0.151523 0.038005
v -0.181667 0.151392 0.038021
v -0.181675 0.151380 0.037967
v -0.181750 0.151263 0.038035
v -0.185283 0.155796 0.037359
v -0.185352 0.155691 0.037290
v -0.185434 0.155564 0.037282
v -0.185326 0.155730 0.037479
v -0.185397 0.155621 0.037556
v -0.185473 0.155504 0.037615
v -0.185516 0.155438 0.037295
v -0.185597 0.155313 0.037318
v -0.185678 0.155189 0.037348
v -0.185758 0.155066 0.037383
v -0.185837 0.154943 0.037422
v -0.190300 0.158044 0.037307
v -0.190234 0.158145 0.037375
v -0.190379 0.157922 0.037298
v -0.190277 0.158079 0.037490
v -0.190346 0.157974 0.037562
v -0.185551 0.155384 0.037663
v -0.185630 0.155263 0.037705
v -0.185710 0.155140 0.037742
v -0.185790 0.155016 0.037776
v -0.185871 0.154892 0.037805
v -0.190419 0.157861 0.037617
v -0.185916 0.154822 0.037466
v -0.185995 0.154701 0.037511
v -0.186073 0.154580 0.037558
v -0.190458 0.157800 0.037308
v -0.190537 0.157679 0.037329
v -0.190615 0.157559 0.037356
v -0.190692 0.157440 0.037388
v -0.190769 0.157322 0.037424
v -0.190845 0.157204 0.037464
v -0.185952 0.154767 0.037831
v -0.186033 0.154642 0.037856
v -0.186114 0.154517 0.037879
v -0.186151 0.154461 0.037608
v -0.186228 0.154341 0.037659
v -0.186305 0.154222 0.037711
v -0.186196 0.154391 0.037900
v -0.186277 0.154265 0.037920
v -0.190494 0.157745 0.037662
v -0.190571 0.157627 0.037701
v -0.190648 0.157508 0.037735
v -0.190725 0.157389 0.037766
v -0.190803 0.157269 0.037792
v -0.190882 0.157148 0.037816
v -0.190921 0.157087 0.037506
v -0.190997 0.156971 0.037550
v -0.186382 0.154104 0.037764
v -0.186459 0.153985 0.037819
v -0.186536 0.153868 0.037875
v -0.186359 0.154140 0.037938
v -0.190960 0.157027 0.037838
v -0.191039 0.156906 0.037858
v -0.191117 0.156785 0.037877
v -0.191072 0.156855 0.037596
v -0.191147 0.156740 0.037644
v -0.191222 0.156624 0.037692
v -0.186612 0.153750 0.037932
v -0.191196 0.156664 0.037894
v -0.191275 0.156543 0.037910
v -0.195153 0.160544 0.037390
v -0.195195 0.160480 0.037500
v -0.195216 0.160447 0.037323
v -0.195292 0.160330 0.037313
v -0.195368 0.160213 0.037321
v -0.195261 0.160377 0.037568
v -0.195332 0.160268 0.037619
v -0.195405 0.160156 0.037661
v -0.195444 0.160096 0.037339
v -0.195519 0.159980 0.037364
v -0.195593 0.159865 0.037393
v -0.195668 0.159751 0.037426
v -0.195741 0.159638 0.037463
v -0.195815 0.159525 0.037502
v -0.195479 0.160042 0.037697
v -0.195553 0.159928 0.037728
v -0.195628 0.159812 0.037756
v -0.195703 0.159696 0.037779
v -0.195779 0.159580 0.037801
v -0.195854 0.159464 0.037821
v -0.186441 0.154014 0.037955
v -0.186523 0.153888 0.037971
v -0.186605 0.153761 0.037985
v -0.186685 0.153637 0.037997
v -0.200037 0.162996 0.037405
v -0.200097 0.162904 0.037339
v -0.200077 0.162934 0.037509
v -0.200142 0.162835 0.037573
v -0.200170 0.162792 0.037327
v -0.200243 0.162679 0.037334
v -0.200316 0.162567 0.037350
v -0.200210 0.162729 0.037621
v -0.200280 0.162621 0.037660
v -0.200351 0.162512 0.037693
v -0.204883 0.165506 0.037418
v -0.204923 0.165445 0.037518
v -0.191296 0.156510 0.037742
v -0.191371 0.156395 0.037793
v -0.191354 0.156421 0.037925
v -0.191445 0.156281 0.037845
v -0.195888 0.159412 0.037543
v -0.195960 0.159300 0.037585
v -0.191433 0.156299 0.037938
v -0.191518 0.156168 0.037899
v -0.196033 0.159189 0.037629
v -0.195930 0.159347 0.037838
v -0.196006 0.159230 0.037854
v -0.196082 0.159114 0.037869
v -0.196105 0.159077 0.037675
v -0.196177 0.158966 0.037721
v -0.196158 0.158997 0.037883
v -0.196249 0.158856 0.037769
v -0.196234 0.158879 0.037896
v -0.196310 0.158762 0.037907
v -0.196321 0.158746 0.037817
v -0.196386 0.158645 0.037917
v -0.191512 0.156178 0.037950
v -0.191590 0.156058 0.037960
v -0.196392 0.158636 0.037867
v -0.196461 0.158529 0.037924
v -0.200388 0.162455 0.037372
v -0.200460 0.162345 0.037398
v -0.200531 0.162235 0.037428
v -0.200602 0.162125 0.037462
v -0.200673 0.162016 0.037498
v -0.200744 0.161908 0.037536
v -0.200423 0.162401 0.037721
v -0.200495 0.162290 0.037746
v -0.200568 0.162179 0.037767
v -0.200640 0.162067 0.037786
v -0.200713 0.161955 0.037804
v -0.200786 0.161843 0.037819
v -0.200814 0.161800 0.037575
v -0.200884 0.161692 0.037616
v -0.200953 0.161585 0.037658
v -0.200859 0.161730 0.037833
v -0.200932 0.161618 0.037846
v -0.201005 0.161505 0.037857
v -0.201023 0.161478 0.037701
v -0.201092 0.161371 0.037745
v -0.201078 0.161393 0.037868
v -0.201151 0.161280 0.037877
v -0.201161 0.161265 0.037791
v -0.201225 0.161167 0.037885
v -0.204940 0.165418 0.037354
v -0.205010 0.165311 0.037342
v -0.205080 0.165203 0.037346
v -0.204985 0.165350 0.037578
v -0.205051 0.165248 0.037622
v -0.205150 0.165095 0.037360
v -0.205220 0.164988 0.037380
v -0.205289 0.164881 0.037404
v -0.209690 0.168077 0.037432
v -0.209744 0.167993 0.037369
v -0.209811 0.167890 0.037355
v -0.209729 0.168017 0.037526
v -0.209789 0.167925 0.037582
v -0.205118 0.165144 0.037658
v -0.205187 0.165039 0.037688
v -0.205256 0.164932 0.037714
v -0.205325 0.164826 0.037736
v -0.209852 0.167828 0.037623
v -0.205358 0.164776 0.037431
v -0.205426 0.164670 0.037462
v -0.205494 0.164566 0.037495
v -0.205562 0.164461 0.037529
v -0.205629 0.164357 0.037566
v -0.209879 0.167787 0.037358
v -0.209946 0.167683 0.037370
v -0.210012 0.167581 0.037387
v -0.210079 0.167479 0.037409
v -0.210145 0.167377 0.037434
v -0.210210 0.167276 0.037462
v -0.210276 0.167175 0.037492
v -0.205395 0.164719 0.037755
v -0.205464 0.164611 0.037772
v -0.205534 0.164503 0.037787
v -0.205697 0.164253 0.037603
v -0.205604 0.164396 0.037800
v -0.205674 0.164288 0.037812
v -0.205745 0.164180 0.037823
v -0.209917 0.167728 0.037656
v -0.209983 0.167626 0.037683
v -0.210049 0.167524 0.037707
v -0.210115 0.167422 0.037727
v -0.210182 0.167319 0.037743
v -0.210249 0.167216 0.037758
v -0.210316 0.167113 0.037771
v -0.201230 0.161159 0.037837
v -0.201297 0.161056 0.037890
v -0.210341 0.167075 0.037524
v -0.210406 0.166975 0.037557
v -0.205764 0.164150 0.037642
v -0.205831 0.164047 0.037682
v -0.205898 0.163944 0.037723
v -0.205815 0.164072 0.037832
v -0.205885 0.163964 0.037841
v -0.205964 0.163842 0.037765
v -0.205955 0.163855 0.037848
v -0.206030 0.163740 0.037808
v -0.206026 0.163747 0.037854
v -0.206095 0.163641 0.037858
v -0.210470 0.166875 0.037592
v -0.210383 0.167010 0.037782
v -0.210450 0.166906 0.037792
v -0.210518 0.166803 0.037801
v -0.210535 0.166776 0.037627
v -0.210599 0.166677 0.037664
v -0.210664 0.166578 0.037702
v -0.210585 0.166699 0.037808
v -0.210652 0.166595 0.037815
v -0.210720 0.166492 0.037820
v -0.210727 0.166480 0.037741
v -0.210787 0.166388 0.037825
v -0.210791 0.166381 0.037781
v -0.210853 0.166286 0.037827
v -0.214457 0.170710 0.037444
v -0.214508 0.170631 0.037383
v -0.214572 0.170532 0.037369
v -0.214494 0.170652 0.037533
v -0.214552 0.170564 0.037586
v -0.214636 0.170433 0.037370
v -0.214700 0.170335 0.037380
v -0.214764 0.170236 0.037395
v -0.214828 0.170138 0.037414
v -0.214612 0.170470 0.037624
v -0.214675 0.170374 0.037654
v -0.214738 0.170277 0.037679
v -0.214801 0.170179 0.037699
v -0.214865 0.170081 0.037717
v -0.219264 0.173279 0.037416
v -0.219317 0.173198 0.037403
v -0.219371 0.173115 0.037403
v -0.219222 0.173345 0.037468
v -0.219254 0.173296 0.037541
v -0.219302 0.173222 0.037584
v -0.219353 0.173144 0.037615
v -0.219404 0.173064 0.037638
v -0.214891 0.170041 0.037437
v -0.214954 0.169944 0.037462
v -0.215017 0.169848 0.037490
v -0.215079 0.169752 0.037518
v -0.215141 0.169656 0.037549
v -0.215203 0.169560 0.037581
v -0.214929 0.169983 0.037731
v -0.214993 0.169884 0.037744
v -0.215057 0.169786 0.037755
v -0.215121 0.169687 0.037764
v -0.215185 0.169588 0.037772
v -0.215250 0.169489 0.037779
v -0.215265 0.169465 0.037613
v -0.215327 0.169370 0.037647
v -0.215388 0.169275 0.037682
v -0.215450 0.169181 0.037718
v -0.215314 0.169390 0.037785
v -0.215378 0.169291 0.037790
v -0.215443 0.169192 0.037794
v -0.215507 0.169092 0.037797
v -0.215511 0.169086 0.037755
v -0.215570 0.168995 0.037798
v -0.219424 0.173033 0.037410
v -0.219477 0.172952 0.037422
v -0.219530 0.172870 0.037437
v -0.219583 0.172789 0.037454
v -0.219635 0.172708 0.037474
v -0.219687 0.172628 0.037496
v -0.219740 0.172548 0.037518
v -0.219457 0.172983 0.037658
v -0.219510 0.172902 0.037674
v -0.219563 0.172820 0.037687
v -0.219616 0.172738 0.037698
v -0.219669 0.172656 0.037707
v -0.219722 0.172574 0.037716
v -0.219776 0.172492 0.037722
v -0.219791 0.172468 0.037543
v -0.219843 0.172388 0.037568
v -0.219895 0.172309 0.037594
v -0.219829 0.172410 0.037727
v -0.219883 0.172327 0.037732
v -0.219946 0.172230 0.037621
v -0.219936 0.172245 0.037736
v -0.219990 0.172163 0.037739
v -0.219997 0.172151 0.037649
v -0.220049 0.172072 0.037677
v -0.220100 0.171993 0.037707
v -0.220043 0.172080 0.037741
v -0.220097 0.171998 0.037742
v -0.220149 0.171917 0.037741
v -0.224027 0.175919 0.037442
v -0.224067 0.175856 0.037441
v -0.223955 0.176030 0.037492
v -0.223987 0.175980 0.037452
v -0.223979 0.175992 0.037548
v -0.224016 0.175936 0.037579
v -0.224108 0.175794 0.037445
v -0.224055 0.175876 0.037601
v -0.224148 0.175731 0.037453
v -0.224189 0.175670 0.037463
v -0.224229 0.175608 0.037476
v -0.224269 0.175546 0.037490
v -0.228665 0.178749 0.037486
v -0.228644 0.178782 0.037514
v -0.228661 0.178756 0.037551
v -0.228686 0.178717 0.037572
v -0.228693 0.178707 0.037478
v -0.228721 0.178664 0.037477
v -0.228748 0.178621 0.037479
v -0.228712 0.178676 0.037587
v -0.228776 0.178579 0.037484
v -0.228803 0.178536 0.037490
v -0.228831 0.178494 0.037498
v -0.224094 0.175815 0.037619
v -0.224134 0.175754 0.037632
v -0.224174 0.175692 0.037644
v -0.224214 0.175630 0.037653
v -0.224255 0.175567 0.037660
v -0.224295 0.175505 0.037667
v -0.228739 0.178635 0.037598
v -0.228767 0.178593 0.037607
v -0.228794 0.178550 0.037614
v -0.228822 0.178508 0.037620
v -0.228850 0.178465 0.037624
v -0.224308 0.175485 0.037505
v -0.224348 0.175424 0.037522
v -0.224387 0.175363 0.037539
v -0.224427 0.175303 0.037558
v -0.224466 0.175242 0.037577
v -0.228858 0.178452 0.037507
v -0.228885 0.178410 0.037517
v -0.228912 0.178368 0.037528
v -0.228940 0.178327 0.037539
v -0.228967 0.178285 0.037551
v -0.224505 0.175182 0.037596
v -0.228993 0.178244 0.037564
v -0.224336 0.175443 0.037672
v -0.224377 0.175380 0.037676
v -0.224417 0.175318 0.037679
v -0.224458 0.175255 0.037682
v -0.224498 0.175193 0.037684
v -0.224544 0.175122 0.037617
v -0.224539 0.175130 0.037685
v -0.224580 0.175067 0.037686
v -0.224584 0.175062 0.037637
v -0.224620 0.175005 0.037686
v -0.224622 0.175002 0.037659
v -0.224660 0.174943 0.037684
v -0.228877 0.178423 0.037628
v -0.228905 0.178380 0.037631
v -0.228933 0.178337 0.037633
v -0.228960 0.178294 0.037634
v -0.228988 0.178252 0.037636
v -0.229016 0.178209 0.037636
v -0.229020 0.178202 0.037576
v -0.229047 0.178161 0.037590
v -0.229044 0.178166 0.037637
v -0.229074 0.178120 0.037603
v -0.229071 0.178123 0.037636
v -0.229099 0.178081 0.037636
v -0.229101 0.178079 0.037617
v -0.229127 0.178039 0.037634
v -0.233300 0.181585 0.037517
v -0.233288 0.181603 0.037532
v -0.233298 0.181589 0.037552
v -0.233311 0.181568 0.037563
v -0.233315 0.181562 0.037512
v -0.233329 0.181539 0.037511
v -0.233344 0.181517 0.037512
v -0.233359 0.181494 0.037514
v -0.233374 0.181471 0.037518
v -0.233326 0.181546 0.037570
v -0.233340 0.181523 0.037576
v -0.233355 0.181501 0.037580
v -0.233370 0.181478 0.037584
v -0.233416 0.181406 0.037561
v -0.233384 0.181455 0.037587
v -0.233389 0.181448 0.037521
v -0.233403 0.181426 0.037526
v -0.233418 0.181403 0.037531
v -0.233433 0.181381 0.037536
v -0.233447 0.181358 0.037542
v -0.233462 0.181336 0.037548
v -0.233476 0.181314 0.037555
v -0.233491 0.181291 0.037561
v -0.233505 0.181269 0.037568
v -0.233399 0.181432 0.037589
v -0.233414 0.181409 0.037590
v -0.233429 0.181386 0.037592
v -0.233444 0.181363 0.037592
v -0.233459 0.181341 0.037593
v -0.233474 0.181318 0.037593
v -0.233488 0.181295 0.037593
v -0.233519 0.181247 0.037575
v -0.233503 0.181272 0.037593
v -0.233518 0.181249 0.037593
v -0.233534 0.181225 0.037582
v -0.233548 0.181203 0.037591
v -0.233533 0.181226 0.037592
v -0.018861 0.071133 0.037575
v -0.018847 0.071155 0.037582
v -0.018964 0.070974 0.037561
v -0.018833 0.071177 0.037591
v -0.018847 0.071154 0.037592
v -0.018862 0.071132 0.037593
v -0.023280 0.074302 0.037617
v -0.023306 0.074261 0.037603
v -0.018875 0.071111 0.037568
v -0.023333 0.074219 0.037590
v -0.018890 0.071089 0.037561
v -0.023360 0.074178 0.037576
v -0.018904 0.071067 0.037555
v -0.023387 0.074137 0.037564
v -0.018919 0.071044 0.037548
v -0.018877 0.071109 0.037593
v -0.018892 0.071086 0.037593
v -0.018933 0.071022 0.037542
v -0.018907 0.071063 0.037593
v -0.018922 0.071040 0.037593
v -0.018937 0.071017 0.037592
v -0.018962 0.070977 0.037531
v -0.018948 0.071000 0.037536
v -0.018977 0.070955 0.037526
v -0.018992 0.070932 0.037521
v -0.019006 0.070909 0.037518
v -0.019021 0.070887 0.037514
v -0.018951 0.070994 0.037592
v -0.018966 0.070971 0.037590
v -0.018981 0.070948 0.037589
v -0.018996 0.070925 0.037587
v -0.019011 0.070903 0.037584
v -0.019026 0.070880 0.037580
v -0.023414 0.074095 0.037551
v -0.023441 0.074054 0.037539
v -0.023468 0.074012 0.037528
v -0.023495 0.073970 0.037517
v -0.023522 0.073928 0.037507
v -0.023550 0.073886 0.037498
v -0.027875 0.077199 0.037596
v -0.027914 0.077138 0.037577
v -0.027953 0.077078 0.037558
v -0.028112 0.076834 0.037490
v -0.027993 0.077017 0.037539
v -0.028032 0.076956 0.037522
v -0.028072 0.076895 0.037505
v -0.023281 0.074300 0.037636
v -0.023254 0.074342 0.037634
v -0.023309 0.074257 0.037636
v -0.023337 0.074214 0.037637
v -0.023364 0.074171 0.037636
v -0.023392 0.074129 0.037636
v -0.023420 0.074086 0.037634
v -0.023448 0.074043 0.037633
v -0.023475 0.074000 0.037631
v -0.023503 0.073958 0.037628
v -0.023531 0.073915 0.037624
v -0.023558 0.073873 0.037620
v -0.027758 0.077379 0.037659
v -0.027720 0.077437 0.037684
v -0.027760 0.077375 0.037686
v -0.027801 0.077313 0.037686
v -0.027797 0.077319 0.037637
v -0.027836 0.077259 0.037617
v -0.027841 0.077250 0.037685
v -0.027882 0.077188 0.037684
v -0.027923 0.077125 0.037682
v -0.027963 0.077063 0.037679
v -0.028004 0.077000 0.037676
v -0.028044 0.076938 0.037672
v -0.028085 0.076875 0.037667
v -0.028125 0.076813 0.037660
v -0.023604 0.073802 0.037484
v -0.019036 0.070864 0.037512
v -0.023632 0.073759 0.037479
v -0.019051 0.070841 0.037511
v -0.023660 0.073716 0.037477
v -0.019066 0.070818 0.037512
v -0.023688 0.073674 0.037478
v -0.019080 0.070795 0.037517
v -0.019092 0.070778 0.037532
v -0.019083 0.070792 0.037552
v -0.019040 0.070857 0.037576
v -0.019055 0.070835 0.037570
v -0.019069 0.070813 0.037563
v -0.023577 0.073844 0.037490
v -0.023614 0.073788 0.037607
v -0.023641 0.073746 0.037598
v -0.023715 0.073632 0.037486
v -0.023668 0.073704 0.037587
v -0.023694 0.073663 0.037572
v -0.023720 0.073624 0.037551
v -0.023737 0.073598 0.037514
v -0.028152 0.076773 0.037476
v -0.028192 0.076711 0.037463
v -0.028232 0.076649 0.037453
v -0.028272 0.076587 0.037445
v -0.028313 0.076524 0.037441
v -0.028353 0.076462 0.037442
v -0.028394 0.076400 0.037452
v -0.028364 0.076445 0.037579
v -0.028401 0.076388 0.037548
v -0.028426 0.076351 0.037492
v -0.023586 0.073830 0.037614
v -0.028166 0.076751 0.037653
v -0.028206 0.076689 0.037644
v -0.028246 0.076627 0.037632
v -0.028286 0.076565 0.037619
v -0.028326 0.076504 0.037601
v -0.032486 0.080071 0.037594
v -0.032537 0.079992 0.037568
v -0.032693 0.079752 0.037496
v -0.032589 0.079912 0.037543
v -0.032641 0.079833 0.037518
v -0.032281 0.080387 0.037707
v -0.032231 0.080464 0.037741
v -0.032284 0.080382 0.037742
v -0.032337 0.080300 0.037741
v -0.032332 0.080309 0.037677
v -0.032383 0.080230 0.037649
v -0.032434 0.080151 0.037621
v -0.032391 0.080218 0.037739
v -0.032444 0.080135 0.037736
v -0.032498 0.080053 0.037732
v -0.032551 0.079971 0.037727
v -0.032605 0.079888 0.037722
v -0.032658 0.079806 0.037716
v -0.032711 0.079724 0.037707
v -0.032745 0.079672 0.037474
v -0.032797 0.079591 0.037454
v -0.032850 0.079510 0.037437
v -0.032903 0.079429 0.037422
v -0.032956 0.079347 0.037410
v -0.033009 0.079265 0.037403
v -0.033063 0.079183 0.037403
v -0.033079 0.079158 0.037584
v -0.033116 0.079101 0.037416
v -0.033158 0.079036 0.037468
v -0.033127 0.079084 0.037541
v -0.032765 0.079642 0.037698
v -0.032818 0.079560 0.037687
v -0.032871 0.079479 0.037674
v -0.032923 0.079397 0.037658
v -0.032976 0.079317 0.037638
v -0.033028 0.079237 0.037615
v -0.037115 0.082915 0.037613
v -0.037177 0.082820 0.037581
v -0.037239 0.082725 0.037549
v -0.036810 0.083386 0.037798
v -0.036873 0.083288 0.037797
v -0.036869 0.083294 0.037755
v -0.036938 0.083189 0.037794
v -0.036992 0.083105 0.037682
v -0.036931 0.083200 0.037718
v -0.037002 0.083090 0.037790
v -0.037066 0.082991 0.037785
v -0.037053 0.083010 0.037647
v -0.037131 0.082892 0.037779
v -0.037195 0.082793 0.037772
v -0.037259 0.082694 0.037764
v -0.037364 0.082533 0.037490
v -0.037301 0.082629 0.037518
v -0.037426 0.082436 0.037462
v -0.037489 0.082339 0.037437
v -0.037616 0.082144 0.037395
v -0.037680 0.082046 0.037380
v -0.037744 0.081947 0.037370
v -0.037553 0.082242 0.037414
v -0.037323 0.082595 0.037755
v -0.037388 0.082496 0.037744
v -0.037452 0.082397 0.037731
v -0.037516 0.082299 0.037717
v -0.037643 0.082103 0.037679
v -0.037579 0.082201 0.037699
v -0.037706 0.082006 0.037654
v -0.037768 0.081910 0.037624
v -0.041589 0.085999 0.037781
v -0.041527 0.086094 0.037827
v -0.041593 0.085992 0.037825
v -0.041661 0.085889 0.037820
v -0.041717 0.085802 0.037702
v -0.041653 0.085901 0.037741
v -0.041781 0.085704 0.037664
v -0.041845 0.085604 0.037627
v -0.041728 0.085785 0.037815
v -0.041795 0.085681 0.037808
v -0.041863 0.085578 0.037801
v -0.046416 0.088539 0.037765
v -0.046286 0.088740 0.037858
v -0.046355 0.088633 0.037854
v -0.046350 0.088641 0.037808
v -0.046425 0.088525 0.037848
v -0.046495 0.088417 0.037841
v -0.041910 0.085505 0.037592
v -0.041975 0.085405 0.037557
v -0.042039 0.085306 0.037524
v -0.042302 0.084902 0.037409
v -0.042105 0.085205 0.037492
v -0.042170 0.085105 0.037462
v -0.042236 0.085003 0.037434
v -0.046684 0.088127 0.037603
v -0.046751 0.088023 0.037566
v -0.046886 0.087815 0.037495
v -0.046818 0.087919 0.037529
v -0.042064 0.085267 0.037771
v -0.042131 0.085164 0.037758
v -0.041930 0.085474 0.037792
v -0.041997 0.085371 0.037782
v -0.042198 0.085061 0.037743
v -0.042265 0.084958 0.037727
v -0.042331 0.084856 0.037707
v -0.046550 0.088333 0.037682
v -0.046483 0.088436 0.037723
v -0.046617 0.088230 0.037642
v -0.046566 0.088309 0.037832
v -0.046636 0.088201 0.037823
v -0.046706 0.088093 0.037812
v -0.046776 0.087985 0.037800
v -0.046846 0.087877 0.037787
v -0.046916 0.087769 0.037772
v -0.037808 0.081848 0.037369
v -0.037872 0.081750 0.037383
v -0.037886 0.081728 0.037533
v -0.037924 0.081670 0.037444
v -0.037829 0.081817 0.037586
v -0.042368 0.084800 0.037387
v -0.042435 0.084697 0.037370
v -0.042502 0.084594 0.037358
v -0.042569 0.084490 0.037355
v -0.042636 0.084387 0.037369
v -0.042690 0.084304 0.037432
v -0.042652 0.084363 0.037526
v -0.042592 0.084455 0.037582
v -0.047091 0.087499 0.037404
v -0.046954 0.087710 0.037462
v -0.047023 0.087605 0.037431
v -0.047161 0.087392 0.037380
v -0.047230 0.087285 0.037360
v -0.047300 0.087178 0.037346
v -0.042463 0.084653 0.037656
v -0.042398 0.084754 0.037683
v -0.042528 0.084553 0.037623
v -0.046986 0.087662 0.037755
v -0.047055 0.087555 0.037736
v -0.047125 0.087448 0.037714
v -0.047262 0.087236 0.037658
v -0.047194 0.087342 0.037688
v -0.047330 0.087132 0.037622
v -0.047370 0.087069 0.037342
v -0.047440 0.086962 0.037354
v -0.047458 0.086935 0.037518
v -0.047497 0.086874 0.037418
v -0.047396 0.087031 0.037578
v -0.051219 0.091116 0.037791
v -0.051084 0.091324 0.037890
v -0.051156 0.091213 0.037885
v -0.051150 0.091222 0.037837
v -0.051229 0.091101 0.037877
v -0.051358 0.090903 0.037701
v -0.051288 0.091009 0.037745
v -0.051427 0.090796 0.037658
v -0.051302 0.090988 0.037868
v -0.051375 0.090875 0.037857
v -0.051448 0.090763 0.037846
v -0.051521 0.090650 0.037833
v -0.055919 0.093851 0.037924
v -0.055988 0.093745 0.037867
v -0.055994 0.093735 0.037917
v -0.056070 0.093618 0.037907
v -0.051567 0.090580 0.037575
v -0.051637 0.090472 0.037536
v -0.051497 0.090688 0.037616
v -0.051921 0.090036 0.037398
v -0.051707 0.090364 0.037498
v -0.051778 0.090255 0.037462
v -0.051849 0.090146 0.037428
v -0.051594 0.090538 0.037819
v -0.051667 0.090426 0.037804
v -0.051740 0.090314 0.037786
v -0.051813 0.090202 0.037767
v -0.051885 0.090090 0.037746
v -0.051957 0.089979 0.037721
v -0.051992 0.089925 0.037372
v -0.052065 0.089814 0.037350
v -0.052138 0.089701 0.037334
v -0.052211 0.089589 0.037327
v -0.052284 0.089476 0.037339
v -0.052239 0.089546 0.037573
v -0.052303 0.089447 0.037509
v -0.052344 0.089384 0.037405
v -0.052029 0.089869 0.037693
v -0.052100 0.089759 0.037660
v -0.052170 0.089651 0.037621
v -0.056420 0.093080 0.037585
v -0.056493 0.092968 0.037543
v -0.056131 0.093524 0.037769
v -0.056203 0.093414 0.037721
v -0.056060 0.093635 0.037817
v -0.056147 0.093501 0.037896
v -0.056223 0.093384 0.037883
v -0.056299 0.093267 0.037869
v -0.056275 0.093303 0.037675
v -0.056347 0.093192 0.037629
v -0.056374 0.093150 0.037854
v -0.056450 0.093033 0.037838
v -0.056526 0.092917 0.037821
v -0.056713 0.092629 0.037426
v -0.056566 0.092856 0.037502
v -0.056639 0.092743 0.037463
v -0.056787 0.092515 0.037393
v -0.056861 0.092400 0.037364
v -0.056937 0.092284 0.037339
v -0.056752 0.092568 0.037756
v -0.056602 0.092800 0.037801
v -0.056677 0.092684 0.037779
v -0.056827 0.092453 0.037728
v -0.056975 0.092225 0.037661
v -0.056902 0.092338 0.037697
v -0.060791 0.096323 0.037960
v -0.060868 0.096203 0.037950
v -0.061010 0.095985 0.037793
v -0.060936 0.096099 0.037845
v -0.060862 0.096213 0.037899
v -0.060947 0.096081 0.037938
v -0.061026 0.095959 0.037925
v -0.061105 0.095838 0.037910
v -0.061308 0.095525 0.037596
v -0.061384 0.095409 0.037550
v -0.061459 0.095293 0.037506
v -0.061159 0.095756 0.037692
v -0.061084 0.095871 0.037742
v -0.061233 0.095641 0.037644
v -0.061184 0.095716 0.037894
v -0.061263 0.095595 0.037877
v -0.061342 0.095474 0.037858
v -0.061420 0.095353 0.037838
v -0.061499 0.095232 0.037816
v -0.065845 0.098513 0.037875
v -0.065769 0.098630 0.037932
v -0.065998 0.098277 0.037764
v -0.066075 0.098158 0.037711
v -0.065921 0.098395 0.037819
v -0.065939 0.098367 0.037955
v -0.066021 0.098241 0.037938
v -0.066103 0.098115 0.037920
v -0.065695 0.098743 0.037997
v -0.065776 0.098619 0.037985
v -0.065858 0.098493 0.037971
v -0.070630 0.101117 0.038035
v -0.057012 0.092168 0.037321
v -0.057088 0.092051 0.037313
v -0.057164 0.091934 0.037323
v -0.057119 0.092003 0.037568
v -0.057186 0.091901 0.037500
v -0.057227 0.091837 0.037390
v -0.057048 0.092112 0.037619
v -0.061611 0.095058 0.037424
v -0.061688 0.094940 0.037388
v -0.061535 0.095176 0.037464
v -0.061844 0.094701 0.037329
v -0.061766 0.094821 0.037356
v -0.061922 0.094580 0.037308
v -0.066230 0.097920 0.037608
v -0.066386 0.097680 0.037511
v -0.066308 0.097800 0.037558
v -0.066464 0.097559 0.037466
v -0.061733 0.094872 0.037735
v -0.061577 0.095112 0.037792
v -0.061655 0.094992 0.037766
v -0.061886 0.094636 0.037662
v -0.061810 0.094753 0.037701
v -0.061961 0.094520 0.037617
v -0.066152 0.098039 0.037659
v -0.066185 0.097989 0.037900
v -0.066348 0.097738 0.037856
v -0.066266 0.097864 0.037879
v -0.066429 0.097613 0.037831
v -0.066510 0.097489 0.037805
v -0.062001 0.094458 0.037298
v -0.062080 0.094337 0.037307
v -0.062035 0.094407 0.037562
v -0.062103 0.094301 0.037490
v -0.062146 0.094235 0.037375
v -0.066543 0.097437 0.037422
v -0.066623 0.097315 0.037383
v -0.066703 0.097192 0.037348
v -0.066783 0.097067 0.037318
v -0.066865 0.096942 0.037295
v -0.066947 0.096816 0.037282
v -0.066983 0.096759 0.037556
v -0.066671 0.097241 0.037742
v -0.066751 0.097118 0.037705
v -0.066591 0.097364 0.037776
v -0.066830 0.096996 0.037663
v -0.066908 0.096876 0.037615
v -0.070706 0.101000 0.037967
v -0.070863 0.100758 0.037846
v -0.070784 0.100879 0.037906
v -0.070942 0.100636 0.037787
v -0.071022 0.100513 0.037730
v -0.071052 0.100467 0.037946
v -0.071137 0.100337 0.037924
v -0.071262 0.100144 0.037567
v -0.071505 0.099770 0.037421
v -0.071342 0.100020 0.037516
v -0.071423 0.099895 0.037467
v -0.071181 0.100268 0.037620
v -0.071101 0.100391 0.037674
v -0.071221 0.100207 0.037900
v -0.071305 0.100077 0.037875
v -0.071389 0.099948 0.037847
v -0.071473 0.099819 0.037818
v -0.071556 0.099690 0.037786
v -0.070714 0.100988 0.038021
v -0.070798 0.100858 0.038005
v -0.070883 0.100727 0.037986
v -0.070968 0.100597 0.037967
v -0.067029 0.096690 0.037290
v -0.067097 0.096584 0.037359
v -0.067054 0.096651 0.037479
v -0.071587 0.099643 0.037379
v -0.071753 0.099387 0.037307
v -0.071670 0.099516 0.037340
v -0.071837 0.099258 0.037281
v -0.071922 0.099127 0.037267
v -0.072035 0.098954 0.037468
v -0.071962 0.099066 0.037549
v -0.071639 0.099562 0.037749
v -0.071803 0.099310 0.037664
v -0.071722 0.099436 0.037709
v -0.071884 0.099186 0.037612
v -0.072007 0.098996 0.037272
v -0.072079 0.098886 0.037343
v -0.075752 0.103203 0.037937
v -0.075833 0.103078 0.037874
v -0.076078 0.102700 0.037691
v -0.075996 0.102826 0.037751
v -0.075914 0.102952 0.037811
v -0.076116 0.102641 0.037948
v -0.075593 0.103448 0.038075
v -0.075679 0.103315 0.038059
v -0.075671 0.103327 0.038002
v -0.075767 0.103180 0.038040
v -0.075854 0.103045 0.038019
v -0.075942 0.102910 0.037997
v -0.076029 0.102776 0.037973
v -0.080620 0.105679 0.038096
v -0.080706 0.105546 0.038077
v -0.076243 0.102446 0.037576
v -0.076494 0.102060 0.037419
v -0.076327 0.102318 0.037522
v -0.076410 0.102189 0.037470
v -0.076161 0.102573 0.037633
v -0.076204 0.102507 0.037922
v -0.076290 0.102373 0.037894
v -0.076377 0.102240 0.037863
v -0.076464 0.102107 0.037831
v -0.076550 0.101974 0.037796
v -0.080778 0.105436 0.037955
v -0.080858 0.105312 0.037890
v -0.081101 0.104938 0.037703
v -0.081020 0.105063 0.037764
v -0.080939 0.105188 0.037826
v -0.076579 0.101929 0.037374
v -0.076664 0.101798 0.037332
v -0.076750 0.101665 0.037296
v -0.076837 0.101532 0.037267
v -0.076925 0.101396 0.037250
v -0.077043 0.101215 0.037456
v -0.076968 0.101330 0.037542
v -0.081265 0.104686 0.037585
v -0.081513 0.104304 0.037423
v -0.081430 0.104432 0.037475
v -0.081347 0.104559 0.037529
v -0.076636 0.101842 0.037756
v -0.076805 0.101581 0.037664
v -0.076721 0.101711 0.037713
v -0.076888 0.101454 0.037608
v -0.081183 0.104812 0.037643
v -0.081227 0.104744 0.037930
v -0.081314 0.104611 0.037900
v -0.081486 0.104346 0.037833
v -0.081400 0.104478 0.037868
v -0.081571 0.104214 0.037797
v -0.085843 0.107609 0.037963
v -0.085921 0.107489 0.037898
v -0.086078 0.107247 0.037772
v -0.086000 0.107368 0.037834
v -0.080698 0.105560 0.038021
v -0.080793 0.105412 0.038056
v -0.080880 0.105278 0.038034
v -0.080967 0.105144 0.038010
v -0.081054 0.105011 0.037985
v -0.081141 0.104877 0.037958
v -0.085691 0.107843 0.038104
v -0.085766 0.107728 0.038030
v -0.085775 0.107715 0.038084
v -0.085859 0.107584 0.038062
v -0.085944 0.107454 0.038038
v -0.086029 0.107324 0.038013
v -0.086113 0.107194 0.037986
v -0.077013 0.101261 0.037254
v -0.077087 0.101146 0.037325
v -0.081597 0.104174 0.037376
v -0.081682 0.104044 0.037333
v -0.081767 0.103912 0.037295
v -0.081854 0.103779 0.037264
v -0.081941 0.103645 0.037245
v -0.081986 0.103576 0.037534
v -0.081824 0.103825 0.037660
v -0.081741 0.103954 0.037710
v -0.081656 0.104084 0.037756
v -0.081906 0.103699 0.037603
v -0.082029 0.103510 0.037248
v -0.082103 0.103395 0.037317
v -0.082060 0.103462 0.037448
v -0.086316 0.106881 0.037592
v -0.086557 0.106510 0.037430
v -0.086396 0.106758 0.037536
v -0.086476 0.106634 0.037482
v -0.086236 0.107004 0.037651
v -0.086157 0.107126 0.037711
v -0.086281 0.106934 0.037929
v -0.086365 0.106805 0.037898
v -0.086449 0.106676 0.037865
v -0.086532 0.106548 0.037830
v -0.086616 0.106419 0.037792
v -0.086638 0.106384 0.037382
v -0.086721 0.106258 0.037338
v -0.086804 0.106130 0.037299
v -0.086887 0.106001 0.037267
v -0.086972 0.105870 0.037247
v -0.087018 0.105800 0.037528
v -0.086780 0.106166 0.037704
v -0.086698 0.106292 0.037750
v -0.086861 0.106042 0.037654
v -0.086941 0.105919 0.037596
v -0.086197 0.107064 0.037958
v -0.087058 0.105739 0.037247
v -0.087131 0.105626 0.037313
v -0.087089 0.105690 0.037442
v -0.091002 0.109637 0.037906
v -0.091078 0.109521 0.037842
v -0.090927 0.109753 0.037971
v -0.091385 0.109049 0.037599
v -0.091462 0.108929 0.037543
v -0.091540 0.108809 0.037488
v -0.091154 0.109403 0.037779
v -0.091231 0.109286 0.037718
v -0.091307 0.109167 0.037658
v -0.091353 0.109097 0.037928
v -0.091435 0.108971 0.037896
v -0.091516 0.108846 0.037862
v -0.091597 0.108721 0.037826
v -0.096098 0.111764 0.037912
v -0.090779 0.109981 0.038111
v -0.090861 0.109855 0.038090
v -0.090852 0.109869 0.038037
v -0.090943 0.109729 0.038066
v -0.091025 0.109602 0.038041
v -0.091108 0.109475 0.038015
v -0.091190 0.109349 0.037988
v -0.091271 0.109223 0.037958
v -0.095882 0.112096 0.038117
v -0.095961 0.111974 0.038095
v -0.095952 0.111988 0.038043
v -0.096025 0.111876 0.037977
v -0.096041 0.111851 0.038070
v -0.096201 0.111605 0.038017
v -0.096121 0.111728 0.038044
v -0.091618 0.108689 0.037436
v -0.091777 0.108444 0.037343
v -0.091697 0.108567 0.037388
v -0.091858 0.108320 0.037303
v -0.091939 0.108195 0.037271
v -0.091758 0.108474 0.037745
v -0.091837 0.108351 0.037699
v -0.091678 0.108597 0.037788
v -0.091916 0.108230 0.037648
v -0.091993 0.108112 0.037590
v -0.092022 0.108068 0.037249
v -0.092105 0.107940 0.037248
v -0.092177 0.107829 0.037310
v -0.092137 0.107890 0.037436
v -0.092068 0.107997 0.037522
v -0.096468 0.111194 0.037606
v -0.096543 0.111078 0.037549
v -0.096245 0.111537 0.037786
v -0.096319 0.111423 0.037725
v -0.096171 0.111651 0.037848
v -0.096393 0.111309 0.037665
v -0.096439 0.111238 0.037927
v -0.096519 0.111116 0.037894
v -0.096598 0.110994 0.037859
v -0.096771 0.110727 0.037393
v -0.096618 0.110962 0.037495
v -0.096694 0.110845 0.037442
v -0.096848 0.110608 0.037348
v -0.096927 0.110488 0.037308
v -0.101605 0.113257 0.037604
v -0.096832 0.110633 0.037740
v -0.096676 0.110873 0.037822
v -0.096755 0.110753 0.037783
v -0.096909 0.110514 0.037693
v -0.096985 0.110397 0.037642
v -0.101290 0.113741 0.037873
v -0.101352 0.113645 0.037817
v -0.101415 0.113549 0.037763
v -0.101478 0.113452 0.037709
v -0.101541 0.113355 0.037656
v -0.101582 0.113291 0.037879
v -0.096360 0.111360 0.037958
v -0.101650 0.113187 0.037850
v -0.096281 0.111482 0.037988
v -0.101107 0.114023 0.038052
v -0.101166 0.113932 0.037988
v -0.101174 0.113920 0.038032
v -0.101242 0.113815 0.038009
v -0.101228 0.113837 0.037930
v -0.101311 0.113710 0.037985
v -0.101379 0.113605 0.037961
v -0.101447 0.113500 0.037935
v -0.101514 0.113396 0.037907
v -0.097006 0.110366 0.037274
v -0.097086 0.110243 0.037252
v -0.097167 0.110118 0.037248
v -0.097237 0.110010 0.037308
v -0.097132 0.110171 0.037516
v -0.097199 0.110068 0.037431
v -0.097060 0.110282 0.037584
v -0.101669 0.113158 0.037555
v -0.101733 0.113059 0.037507
v -0.101797 0.112960 0.037460
v -0.101863 0.112859 0.037417
v -0.101995 0.112655 0.037341
v -0.101929 0.112758 0.037377
v -0.101717 0.113084 0.037818
v -0.101784 0.112981 0.037785
v -0.101917 0.112776 0.037712
v -0.101983 0.112675 0.037671
v -0.101851 0.112878 0.037751
v -0.102063 0.112552 0.037311
v -0.102131 0.112446 0.037290
v -0.102229 0.112296 0.037441
v -0.102172 0.112383 0.037515
v -0.102200 0.112340 0.037286
v -0.102261 0.112247 0.037335
v -0.102047 0.112575 0.037625
v -0.102111 0.112477 0.037574
v -0.106604 0.115531 0.037730
v -0.106504 0.115685 0.037822
v -0.106454 0.115762 0.037869
v -0.106554 0.115608 0.037776
v -0.106631 0.115490 0.037868
v -0.106405 0.115838 0.037917
v -0.106756 0.115297 0.037599
v -0.106807 0.115218 0.037558
v -0.106963 0.114978 0.037444
v -0.106859 0.115139 0.037518
v -0.106911 0.115059 0.037479
v -0.106705 0.115375 0.037642
v -0.106655 0.115453 0.037686
v -0.106685 0.115406 0.037845
v -0.106740 0.115323 0.037821
v -0.106794 0.115239 0.037796
v -0.106848 0.115156 0.037770
v -0.106576 0.115575 0.037891
v -0.106521 0.115659 0.037912
v -0.106955 0.114990 0.037713
v -0.107009 0.114908 0.037681
v -0.106902 0.115073 0.037742
v -0.111610 0.117796 0.037879
v -0.106357 0.115912 0.037969
v -0.111646 0.117741 0.037838
v -0.111651 0.117733 0.037865
v -0.106411 0.115828 0.037952
v -0.111693 0.117668 0.037849
v -0.106466 0.115743 0.037932
v -0.107016 0.114896 0.037410
v -0.107070 0.114814 0.037380
v -0.107124 0.114731 0.037355
v -0.107179 0.114646 0.037336
v -0.107164 0.114668 0.037566
v -0.107213 0.114593 0.037517
v -0.107235 0.114560 0.037332
v -0.107284 0.114485 0.037370
v -0.107259 0.114523 0.037457
v -0.107061 0.114827 0.037646
v -0.107113 0.114747 0.037608
v -0.111911 0.117332 0.037592
v -0.111950 0.117272 0.037559
v -0.111989 0.117212 0.037528
v -0.111835 0.117450 0.037659
v -0.111796 0.117508 0.037694
v -0.111758 0.117567 0.037729
v -0.111683 0.117683 0.037801
v -0.111721 0.117625 0.037765
v -0.111734 0.117604 0.037833
v -0.111776 0.117540 0.037816
v -0.111817 0.117477 0.037798
v -0.111858 0.117413 0.037780
v -0.111873 0.117391 0.037625
v -0.111982 0.117223 0.037720
v -0.112023 0.117160 0.037698
v -0.111900 0.117349 0.037760
v -0.111941 0.117286 0.037741
v -0.112108 0.117029 0.037443
v -0.112149 0.116966 0.037420
v -0.112190 0.116903 0.037399
v -0.112028 0.117152 0.037498
v -0.112068 0.117090 0.037470
v -0.112221 0.116854 0.037559
v -0.112231 0.116839 0.037385
v -0.112274 0.116774 0.037380
v -0.112311 0.116716 0.037409
v -0.112292 0.116745 0.037475
v -0.112258 0.116797 0.037521
v -0.112183 0.116914 0.037592
v -0.111966 0.117248 0.037640
v -0.112063 0.117098 0.037674
v -0.112104 0.117036 0.037649
v -0.112143 0.116974 0.037622
v -0.134745 -0.120635 0.037550
v -0.134060 -0.121079 0.044030
v -0.133294 -0.118871 0.037550
v -0.126190 -0.126190 0.037550
v -0.132726 -0.119456 0.044030
v -0.131487 -0.117473 0.037550
v -0.131063 -0.118171 0.044030
v -0.129415 -0.116513 0.037550
v -0.129157 -0.117287 0.044030
v -0.127180 -0.116038 0.037550
v -0.127101 -0.116850 0.044030
v -0.124897 -0.116073 0.037550
v -0.125000 -0.116882 0.044030
v -0.122678 -0.116614 0.037550
v -0.120635 -0.117636 0.037550
v -0.122959 -0.117380 0.044030
v -0.121079 -0.118320 0.044030
v -0.130895 -0.123135 0.048350
v -0.130097 -0.122164 0.048350
v -0.129103 -0.121396 0.048350
v -0.127964 -0.120868 0.048350
v -0.126735 -0.120607 0.048350
v -0.125479 -0.120625 0.048350
v -0.124258 -0.120923 0.048350
v -0.126190 -0.126190 0.048350
v -0.123135 -0.121485 0.048350
v -0.118871 -0.119086 0.037550
v -0.117473 -0.120893 0.037550
v -0.119456 -0.119655 0.044030
v -0.116513 -0.122966 0.037550
v -0.116038 -0.125200 0.037550
v -0.116073 -0.127484 0.037550
v -0.116614 -0.129703 0.037550
v -0.118171 -0.121317 0.044030
v -0.117287 -0.123224 0.044030
v -0.117636 -0.131745 0.037550
v -0.116850 -0.125279 0.044030
v -0.116882 -0.127380 0.044030
v -0.117380 -0.129422 0.044030
v -0.118320 -0.131301 0.044030
v -0.122164 -0.122283 0.048350
v -0.121396 -0.123277 0.048350
v -0.120868 -0.124417 0.048350
v -0.120607 -0.125646 0.048350
v -0.120625 -0.126902 0.048350
v -0.120923 -0.128122 0.048350
v -0.121485 -0.129246 0.048350
v -0.135766 -0.122678 0.037550
v -0.135000 -0.122959 0.044030
v -0.136308 -0.124897 0.037550
v -0.135498 -0.125000 0.044030
v -0.136342 -0.127180 0.037550
v -0.135530 -0.127101 0.044030
v -0.135867 -0.129415 0.037550
v -0.135093 -0.129157 0.044030
v -0.134907 -0.131487 0.037550
v -0.134210 -0.131063 0.044030
v -0.133510 -0.133294 0.037550
v -0.131745 -0.134745 0.037550
v -0.132924 -0.132726 0.044030
v -0.131301 -0.134060 0.044030
v -0.131457 -0.124258 0.048350
v -0.131755 -0.125479 0.048350
v -0.131774 -0.126735 0.048350
v -0.131512 -0.127964 0.048350
v -0.130984 -0.129103 0.048350
v -0.130216 -0.130097 0.048350
v -0.129246 -0.130895 0.048350
v -0.129703 -0.135766 0.037550
v -0.127484 -0.136308 0.037550
v -0.129422 -0.135000 0.044030
v -0.125200 -0.136342 0.037550
v -0.122966 -0.135867 0.037550
v -0.120893 -0.134907 0.037550
v -0.119086 -0.133510 0.037550
v -0.127380 -0.135498 0.044030
v -0.125279 -0.135530 0.044030
v -0.123224 -0.135093 0.044030
v -0.121317 -0.134210 0.044030
v -0.119655 -0.132924 0.044030
v -0.128122 -0.131457 0.048350
v -0.126902 -0.131755 0.048350
v -0.125646 -0.131774 0.048350
v -0.124417 -0.131512 0.048350
v -0.123277 -0.130984 0.048350
v -0.122283 -0.130216 0.048350
v -0.135607 -0.140107 0.037380
v -0.137896 -0.145097 0.037370
v -0.135664 -0.140069 0.037409
v -0.135133 -0.140415 0.037640
v -0.135542 -0.140149 0.037385
v -0.135477 -0.140191 0.037399
v -0.135414 -0.140232 0.037420
v -0.135636 -0.140088 0.037475
v -0.135583 -0.140122 0.037521
v -0.135526 -0.140159 0.037559
v -0.137857 -0.145122 0.037457
v -0.137788 -0.145167 0.037517
v -0.135467 -0.140198 0.037592
v -0.137820 -0.145146 0.037332
v -0.137734 -0.145201 0.037336
v -0.137650 -0.145256 0.037355
v -0.135352 -0.140272 0.037443
v -0.137566 -0.145311 0.037380
v -0.135290 -0.140312 0.037470
v -0.135229 -0.140352 0.037498
v -0.135168 -0.140391 0.037528
v -0.135108 -0.140430 0.037559
v -0.137712 -0.145216 0.037566
v -0.137633 -0.145267 0.037608
v -0.137484 -0.145364 0.037410
v -0.137402 -0.145417 0.037444
v -0.137322 -0.145469 0.037479
v -0.137242 -0.145521 0.037518
v -0.135049 -0.140469 0.037592
v -0.137162 -0.145573 0.037558
v -0.135406 -0.140237 0.037622
v -0.135345 -0.140277 0.037649
v -0.135283 -0.140317 0.037674
v -0.135220 -0.140358 0.037698
v -0.134990 -0.140508 0.037625
v -0.134931 -0.140546 0.037659
v -0.135157 -0.140399 0.037720
v -0.135094 -0.140439 0.037741
v -0.135031 -0.140481 0.037760
v -0.134967 -0.140522 0.037780
v -0.137553 -0.145319 0.037646
v -0.137472 -0.145372 0.037681
v -0.137390 -0.145425 0.037713
v -0.134872 -0.140584 0.037694
v -0.134813 -0.140622 0.037729
v -0.134904 -0.140563 0.037798
v -0.134840 -0.140605 0.037816
v -0.134755 -0.140660 0.037765
v -0.134776 -0.140646 0.037833
v -0.134697 -0.140697 0.037801
v -0.134640 -0.140735 0.037838
v -0.137308 -0.145479 0.037742
v -0.137225 -0.145532 0.037770
v -0.137083 -0.145624 0.037599
v -0.137141 -0.145587 0.037796
v -0.134712 -0.140688 0.037849
v -0.134648 -0.140729 0.037865
v -0.134584 -0.140771 0.037879
v -0.137058 -0.145641 0.037821
v -0.136974 -0.145695 0.037845
v -0.137005 -0.145675 0.037642
v -0.136927 -0.145726 0.037686
v -0.136849 -0.145776 0.037730
v -0.136772 -0.145826 0.037776
v -0.136890 -0.145750 0.037868
v -0.136806 -0.145804 0.037891
v -0.136695 -0.145876 0.037822
v -0.136618 -0.145926 0.037869
v -0.136721 -0.145859 0.037912
v -0.136637 -0.145914 0.037932
v -0.136552 -0.145969 0.037952
v -0.136542 -0.145976 0.037917
v -0.136469 -0.146023 0.037969
v -0.140134 -0.150120 0.037335
v -0.140085 -0.150152 0.037441
v -0.140041 -0.150180 0.037286
v -0.139934 -0.150249 0.037290
v -0.139829 -0.150318 0.037311
v -0.139998 -0.150208 0.037515
v -0.139903 -0.150269 0.037574
v -0.139725 -0.150385 0.037341
v -0.139622 -0.150452 0.037377
v -0.139521 -0.150518 0.037417
v -0.139420 -0.150583 0.037460
v -0.139805 -0.150333 0.037625
v -0.139705 -0.150398 0.037671
v -0.139604 -0.150463 0.037712
v -0.139503 -0.150530 0.037751
v -0.139400 -0.150596 0.037785
v -0.139296 -0.150663 0.037818
v -0.139321 -0.150648 0.037507
v -0.139222 -0.150712 0.037555
v -0.139124 -0.150776 0.037604
v -0.142371 -0.155143 0.037308
v -0.142262 -0.155214 0.037248
v -0.142312 -0.155181 0.037431
v -0.142138 -0.155295 0.037252
v -0.142209 -0.155248 0.037516
v -0.142098 -0.155320 0.037584
v -0.142014 -0.155375 0.037274
v -0.141893 -0.155454 0.037308
v -0.141772 -0.155532 0.037348
v -0.139026 -0.150839 0.037656
v -0.139193 -0.150731 0.037850
v -0.139089 -0.150798 0.037879
v -0.138985 -0.150866 0.037907
v -0.138929 -0.150902 0.037709
v -0.138832 -0.150965 0.037763
v -0.138880 -0.150934 0.037935
v -0.138776 -0.151002 0.037961
v -0.138735 -0.151028 0.037817
v -0.138671 -0.151070 0.037985
v -0.138639 -0.151090 0.037873
v -0.141983 -0.155395 0.037642
v -0.141866 -0.155471 0.037693
v -0.141747 -0.155548 0.037740
v -0.141628 -0.155626 0.037783
v -0.141653 -0.155609 0.037393
v -0.141535 -0.155686 0.037442
v -0.141418 -0.155762 0.037495
v -0.141302 -0.155837 0.037549
v -0.138544 -0.151152 0.037930
v -0.141507 -0.155704 0.037822
v -0.141386 -0.155783 0.037859
v -0.141265 -0.155862 0.037894
v -0.141186 -0.155912 0.037606
v -0.141072 -0.155987 0.037665
v -0.140957 -0.156061 0.037725
v -0.141143 -0.155941 0.037927
v -0.141020 -0.156020 0.037958
v -0.138566 -0.151138 0.038009
v -0.138461 -0.151206 0.038032
v -0.138448 -0.151214 0.037988
v -0.138357 -0.151274 0.038052
v -0.140898 -0.156100 0.037988
v -0.140843 -0.156135 0.037786
v -0.140730 -0.156209 0.037848
v -0.140617 -0.156282 0.037912
v -0.140775 -0.156179 0.038017
v -0.140653 -0.156259 0.038044
v -0.140530 -0.156339 0.038070
v -0.140504 -0.156355 0.037977
v -0.140406 -0.156419 0.038095
v -0.140392 -0.156428 0.038043
v -0.140285 -0.156498 0.038117
v -0.144551 -0.160204 0.037310
v -0.144490 -0.160243 0.037436
v -0.144441 -0.160275 0.037248
v -0.144384 -0.160313 0.037522
v -0.144269 -0.160387 0.037590
v -0.144313 -0.160359 0.037249
v -0.144186 -0.160441 0.037271
v -0.144060 -0.160523 0.037303
v -0.144150 -0.160464 0.037648
v -0.144029 -0.160543 0.037699
v -0.143936 -0.160603 0.037343
v -0.143813 -0.160683 0.037388
v -0.143691 -0.160762 0.037436
v -0.143571 -0.160840 0.037488
v -0.143451 -0.160918 0.037543
v -0.143907 -0.160622 0.037745
v -0.143783 -0.160702 0.037788
v -0.143659 -0.160783 0.037826
v -0.143331 -0.160996 0.037599
v -0.143534 -0.160864 0.037862
v -0.143409 -0.160946 0.037896
v -0.143283 -0.161027 0.037928
v -0.143213 -0.161073 0.037658
v -0.143095 -0.161150 0.037718
v -0.142977 -0.161226 0.037779
v -0.143157 -0.161109 0.037958
v -0.142860 -0.161302 0.037842
v -0.142743 -0.161378 0.037906
v -0.146754 -0.165249 0.037313
v -0.146690 -0.165291 0.037442
v -0.146580 -0.165363 0.037528
v -0.146642 -0.165323 0.037247
v -0.146510 -0.165408 0.037247
v -0.146379 -0.165493 0.037267
v -0.146461 -0.165440 0.037596
v -0.146339 -0.165519 0.037654
v -0.146250 -0.165577 0.037299
v -0.146123 -0.165660 0.037338
v -0.145996 -0.165742 0.037382
v -0.145870 -0.165824 0.037430
v -0.145746 -0.165904 0.037482
v -0.145622 -0.165985 0.037536
v -0.146214 -0.165600 0.037704
v -0.146088 -0.165682 0.037750
v -0.145961 -0.165765 0.037792
v -0.145833 -0.165848 0.037830
v -0.145704 -0.165931 0.037865
v -0.145575 -0.166015 0.037898
v -0.143031 -0.161191 0.037988
v -0.142905 -0.161273 0.038015
v -0.142778 -0.161355 0.038041
v -0.142627 -0.161453 0.037971
v -0.142652 -0.161437 0.038066
v -0.145499 -0.166065 0.037592
v -0.145377 -0.166144 0.037651
v -0.145446 -0.166099 0.037929
v -0.145255 -0.166223 0.037711
v -0.145133 -0.166302 0.037772
v -0.145012 -0.166381 0.037834
v -0.145317 -0.166183 0.037958
v -0.144892 -0.166459 0.037898
v -0.142525 -0.161520 0.038090
v -0.142511 -0.161529 0.038037
v -0.142400 -0.161601 0.038111
v -0.145187 -0.166267 0.037986
v -0.145057 -0.166352 0.038013
v -0.144927 -0.166436 0.038038
v -0.144772 -0.166537 0.037963
v -0.144796 -0.166521 0.038062
v -0.144666 -0.166606 0.038084
v -0.144652 -0.166615 0.038030
v -0.144537 -0.166689 0.038104
v -0.148985 -0.170277 0.037317
v -0.148918 -0.170321 0.037448
v -0.148870 -0.170352 0.037248
v -0.148735 -0.170439 0.037245
v -0.148804 -0.170395 0.037534
v -0.148682 -0.170474 0.037603
v -0.148555 -0.170556 0.037660
v -0.148601 -0.170527 0.037264
v -0.148468 -0.170613 0.037295
v -0.148337 -0.170698 0.037333
v -0.148206 -0.170783 0.037376
v -0.148077 -0.170867 0.037423
v -0.147949 -0.170950 0.037475
v -0.151234 -0.175293 0.037325
v -0.151119 -0.175367 0.037254
v -0.151166 -0.175338 0.037456
v -0.150984 -0.175456 0.037250
v -0.151050 -0.175412 0.037542
v -0.150927 -0.175493 0.037608
v -0.148427 -0.170640 0.037710
v -0.148297 -0.170724 0.037756
v -0.148166 -0.170809 0.037797
v -0.148034 -0.170895 0.037833
v -0.147902 -0.170981 0.037868
v -0.147821 -0.171033 0.037529
v -0.147694 -0.171116 0.037585
v -0.150849 -0.175543 0.037267
v -0.150715 -0.175630 0.037296
v -0.150583 -0.175716 0.037332
v -0.150451 -0.175801 0.037374
v -0.150321 -0.175886 0.037419
v -0.147769 -0.171067 0.037900
v -0.147636 -0.171153 0.037930
v -0.147568 -0.171197 0.037643
v -0.147442 -0.171279 0.037703
v -0.147317 -0.171360 0.037764
v -0.147503 -0.171240 0.037958
v -0.150799 -0.175576 0.037664
v -0.150669 -0.175660 0.037713
v -0.150538 -0.175745 0.037756
v -0.150407 -0.175830 0.037796
v -0.150274 -0.175917 0.037831
v -0.153494 -0.180302 0.037343
v -0.153384 -0.180373 0.037272
v -0.153427 -0.180346 0.037468
v -0.153253 -0.180458 0.037267
v -0.153315 -0.180418 0.037549
v -0.153194 -0.180496 0.037612
v -0.147370 -0.171326 0.037985
v -0.147236 -0.171413 0.038010
v -0.150191 -0.175970 0.037470
v -0.150063 -0.176054 0.037522
v -0.147192 -0.171442 0.037826
v -0.147068 -0.171522 0.037890
v -0.146944 -0.171603 0.037955
v -0.149935 -0.176137 0.037576
v -0.150141 -0.176003 0.037863
v -0.150007 -0.176090 0.037894
v -0.149873 -0.176177 0.037922
v -0.149807 -0.176220 0.037633
v -0.149680 -0.176302 0.037691
v -0.149554 -0.176384 0.037751
v -0.149428 -0.176466 0.037811
v -0.149302 -0.176547 0.037874
v -0.153122 -0.180543 0.037281
v -0.152993 -0.180627 0.037307
v -0.152865 -0.180711 0.037340
v -0.152737 -0.180793 0.037379
v -0.152611 -0.180875 0.037421
v -0.149739 -0.176264 0.037948
v -0.153071 -0.180577 0.037664
v -0.152945 -0.180659 0.037709
v -0.152818 -0.180741 0.037749
v -0.152690 -0.180824 0.037786
v -0.152562 -0.180907 0.037818
v -0.152485 -0.180957 0.037467
v -0.152361 -0.181038 0.037516
v -0.152236 -0.181119 0.037567
v -0.149177 -0.176629 0.037937
v -0.152433 -0.180991 0.037847
v -0.152303 -0.181075 0.037875
v -0.152174 -0.181159 0.037900
v -0.152113 -0.181199 0.037620
v -0.151990 -0.181279 0.037674
v -0.152044 -0.181244 0.037924
v -0.147102 -0.171500 0.038034
v -0.146968 -0.171587 0.038056
v -0.146834 -0.171674 0.038077
v -0.146821 -0.171683 0.038021
v -0.146702 -0.171760 0.038096
v -0.149605 -0.176351 0.037973
v -0.149470 -0.176438 0.037997
v -0.149336 -0.176526 0.038019
v -0.149201 -0.176614 0.038040
v -0.149066 -0.176701 0.038059
v -0.149053 -0.176710 0.038002
v -0.148933 -0.176788 0.038075
v -0.151914 -0.181328 0.037946
v -0.151867 -0.181359 0.037730
v -0.151745 -0.181438 0.037787
v -0.151623 -0.181517 0.037846
v -0.151501 -0.181596 0.037906
v -0.151784 -0.181413 0.037967
v -0.151653 -0.181497 0.037986
v -0.151523 -0.181582 0.038005
v -0.151392 -0.181667 0.038021
v -0.151380 -0.181675 0.037967
v -0.151263 -0.181750 0.038035
v -0.155796 -0.185283 0.037359
v -0.155691 -0.185352 0.037290
v -0.155564 -0.185434 0.037282
v -0.155730 -0.185326 0.037479
v -0.155621 -0.185397 0.037556
v -0.155504 -0.185473 0.037615
v -0.155438 -0.185516 0.037295
v -0.155313 -0.185597 0.037318
v -0.155189 -0.185678 0.037348
v -0.155066 -0.185758 0.037383
v -0.154943 -0.185837 0.037422
v -0.158044 -0.190300 0.037307
v -0.158145 -0.190234 0.037375
v -0.157922 -0.190379 0.037298
v -0.158079 -0.190277 0.037490
v -0.157974 -0.190346 0.037562
v -0.155384 -0.185551 0.037663
v -0.155263 -0.185630 0.037705
v -0.155140 -0.185710 0.037742
v -0.155016 -0.185790 0.037776
v -0.154892 -0.185871 0.037805
v -0.157861 -0.190419 0.037617
v -0.154822 -0.185916 0.037466
v -0.154701 -0.185995 0.037511
v -0.154580 -0.186073 0.037558
v -0.157800 -0.190458 0.037308
v -0.157679 -0.190537 0.037329
v -0.157559 -0.190615 0.037356
v -0.157440 -0.190692 0.037388
v -0.157322 -0.190769 0.037424
v -0.157204 -0.190845 0.037464
v -0.154767 -0.185952 0.037831
v -0.154642 -0.186033 0.037856
v -0.154517 -0.186114 0.037879
v -0.154461 -0.186151 0.037608
v -0.154341 -0.186228 0.037659
v -0.154222 -0.186305 0.037711
v -0.154391 -0.186196 0.037900
v -0.154265 -0.186277 0.037920
v -0.157745 -0.190494 0.037662
v -0.157627 -0.190571 0.037701
v -0.157508 -0.190648 0.037735
v -0.157389 -0.190725 0.037766
v -0.157269 -0.190803 0.037792
v -0.157148 -0.190882 0.037816
v -0.157087 -0.190921 0.037506
v -0.156971 -0.190997 0.037550
v -0.154104 -0.186382 0.037764
v -0.153985 -0.186459 0.037819
v -0.153868 -0.186536 0.037875
v -0.154140 -0.186359 0.037938
v -0.157027 -0.190960 0.037838
v -0.156906 -0.191039 0.037858
v -0.156785 -0.191117 0.037877
v -0.156855 -0.191072 0.037596
v -0.156740 -0.191147 0.037644
v -0.156624 -0.191222 0.037692
v -0.153750 -0.186612 0.037932
v -0.156664 -0.191196 0.037894
v -0.156543 -0.191275 0.037910
v -0.160544 -0.195153 0.037390
v -0.160480 -0.195195 0.037500
v -0.160447 -0.195216 0.037323
v -0.160330 -0.195292 0.037313
v -0.160213 -0.195368 0.037321
v -0.160377 -0.195261 0.037568
v -0.160268 -0.195332 0.037619
v -0.160156 -0.195405 0.037661
v -0.160096 -0.195444 0.037339
v -0.159980 -0.195519 0.037364
v -0.159865 -0.195593 0.037393
v -0.159751 -0.195668 0.037426
v -0.159638 -0.195741 0.037463
v -0.159525 -0.195815 0.037502
v -0.160042 -0.195479 0.037697
v -0.159928 -0.195553 0.037728
v -0.159812 -0.195628 0.037756
v -0.159696 -0.195703 0.037779
v -0.159580 -0.195779 0.037801
v -0.159464 -0.195854 0.037821
v -0.154014 -0.186441 0.037955
v -0.153888 -0.186523 0.037971
v -0.153761 -0.186605 0.037985
v -0.153637 -0.186685 0.037997
v -0.162996 -0.200037 0.037405
v -0.162904 -0.200097 0.037339
v -0.162934 -0.200077 0.037509
v -0.162835 -0.200142 0.037573
v -0.162792 -0.200170 0.037327
v -0.162679 -0.200243 0.037334
v -0.162567 -0.200316 0.037350
v -0.162729 -0.200210 0.037621
v -0.162621 -0.200280 0.037660
v -0.162512 -0.200351 0.037693
v -0.165506 -0.204883 0.037418
v -0.165445 -0.204923 0.037518
v -0.156510 -0.191296 0.037742
v -0.156395 -0.191371 0.037793
v -0.156421 -0.191354 0.037925
v -0.156281 -0.191445 0.037845
v -0.159412 -0.195888 0.037543
v -0.159300 -0.195960 0.037585
v -0.156299 -0.191433 0.037938
v -0.156168 -0.191518 0.037899
v -0.159189 -0.196033 0.037629
v -0.159347 -0.195930 0.037838
v -0.159230 -0.196006 0.037854
v -0.159114 -0.196082 0.037869
v -0.159077 -0.196105 0.037675
v -0.158966 -0.196177 0.037721
v -0.158997 -0.196158 0.037883
v -0.158856 -0.196249 0.037769
v -0.158879 -0.196234 0.037896
v -0.158762 -0.196310 0.037907
v -0.158746 -0.196321 0.037817
v -0.158645 -0.196386 0.037917
v -0.156178 -0.191512 0.037950
v -0.156058 -0.191590 0.037960
v -0.158636 -0.196392 0.037867
v -0.158529 -0.196461 0.037924
v -0.162455 -0.200388 0.037372
v -0.162345 -0.200460 0.037398
v -0.162235 -0.200531 0.037428
v -0.162125 -0.200602 0.037462
v -0.162016 -0.200673 0.037498
v -0.161908 -0.200744 0.037536
v -0.162401 -0.200423 0.037721
v -0.162290 -0.200495 0.037746
v -0.162179 -0.200568 0.037767
v -0.162067 -0.200640 0.037786
v -0.161955 -0.200713 0.037804
v -0.161843 -0.200786 0.037819
v -0.161800 -0.200814 0.037575
v -0.161692 -0.200884 0.037616
v -0.161585 -0.200953 0.037658
v -0.161730 -0.200859 0.037833
v -0.161618 -0.200932 0.037846
v -0.161505 -0.201005 0.037857
v -0.161478 -0.201023 0.037701
v -0.161371 -0.201092 0.037745
v -0.161393 -0.201078 0.037868
v -0.161280 -0.201151 0.037877
v -0.161265 -0.201161 0.037791
v -0.161167 -0.201225 0.037885
v -0.165418 -0.204940 0.037354
v -0.165311 -0.205010 0.037342
v -0.165203 -0.205080 0.037346
v -0.165350 -0.204985 0.037578
v -0.165248 -0.205051 0.037622
v -0.165095 -0.205150 0.037360
v -0.164988 -0.205220 0.037380
v -0.164881 -0.205289 0.037404
v -0.168077 -0.209690 0.037432
v -0.167993 -0.209744 0.037369
v -0.167890 -0.209811 0.037355
v -0.168017 -0.209729 0.037526
v -0.167925 -0.209789 0.037582
v -0.165144 -0.205118 0.037658
v -0.165039 -0.205187 0.037688
v -0.164932 -0.205256 0.037714
v -0.164826 -0.205325 0.037736
v -0.167828 -0.209852 0.037623
v -0.164776 -0.205358 0.037431
v -0.164670 -0.205426 0.037462
v -0.164566 -0.205494 0.037495
v -0.164461 -0.205562 0.037529
v -0.164357 -0.205629 0.037566
v -0.167787 -0.209879 0.037358
v -0.167683 -0.209946 0.037370
v -0.167581 -0.210012 0.037387
v -0.167479 -0.210079 0.037409
v -0.167377 -0.210145 0.037434
v -0.167276 -0.210210 0.037462
v -0.167175 -0.210276 0.037492
v -0.164719 -0.205395 0.037755
v -0.164611 -0.205464 0.037772
v -0.164503 -0.205534 0.037787
v -0.164253 -0.205697 0.037603
v -0.164396 -0.205604 0.037800
v -0.164288 -0.205674 0.037812
v -0.164180 -0.205745 0.037823
v -0.167728 -0.209917 0.037656
v -0.167626 -0.209983 0.037683
v -0.167524 -0.210049 0.037707
v -0.167422 -0.210115 0.037727
v -0.167319 -0.210182 0.037743
v -0.167216 -0.210249 0.037758
v -0.167113 -0.210316 0.037771
v -0.161159 -0.201230 0.037837
v -0.161056 -0.201297 0.037890
v -0.167075 -0.210341 0.037524
v -0.166975 -0.210406 0.037557
v -0.164150 -0.205764 0.037642
v -0.164047 -0.205831 0.037682
v -0.163944 -0.205898 0.037723
v -0.164072 -0.205815 0.037832
v -0.163964 -0.205885 0.037841
v -0.163842 -0.205964 0.037765
v -0.163855 -0.205955 0.037848
v -0.163740 -0.206030 0.037808
v -0.163747 -0.206026 0.037854
v -0.163641 -0.206095 0.037858
v -0.166875 -0.210470 0.037592
v -0.167010 -0.210383 0.037782
v -0.166906 -0.210450 0.037792
v -0.166803 -0.210518 0.037801
v -0.166776 -0.210535 0.037627
v -0.166677 -0.210599 0.037664
v -0.166578 -0.210664 0.037702
v -0.166699 -0.210585 0.037808
v -0.166595 -0.210652 0.037815
v -0.166492 -0.210720 0.037820
v -0.166480 -0.210727 0.037741
v -0.166388 -0.210787 0.037825
v -0.166381 -0.210791 0.037781
v -0.166286 -0.210853 0.037827
v -0.170710 -0.214457 0.037444
v -0.170631 -0.214508 0.037383
v -0.170532 -0.214572 0.037369
v -0.170652 -0.214494 0.037533
v -0.170564 -0.214552 0.037586
v -0.170433 -0.214636 0.037370
v -0.170335 -0.214700 0.037380
v -0.170236 -0.214764 0.037395
v -0.170138 -0.214828 0.037414
v -0.170470 -0.214612 0.037624
v -0.170374 -0.214675 0.037654
v -0.170277 -0.214738 0.037679
v -0.170179 -0.214801 0.037699
v -0.170081 -0.214865 0.037717
v -0.173279 -0.219264 0.037416
v -0.173198 -0.219317 0.037403
v -0.173115 -0.219371 0.037403
v -0.173345 -0.219222 0.037468
v -0.173296 -0.219254 0.037541
v -0.173222 -0.219302 0.037584
v -0.173144 -0.219353 0.037615
v -0.173064 -0.219404 0.037638
v -0.170041 -0.214891 0.037437
v -0.169944 -0.214954 0.037462
v -0.169848 -0.215017 0.037490
v -0.169752 -0.215079 0.037518
v -0.169656 -0.215141 0.037549
v -0.169560 -0.215203 0.037581
v -0.169983 -0.214929 0.037731
v -0.169884 -0.214993 0.037744
v -0.169786 -0.215057 0.037755
v -0.169687 -0.215121 0.037764
v -0.169588 -0.215185 0.037772
v -0.169489 -0.215250 0.037779
v -0.169465 -0.215265 0.037613
v -0.169370 -0.215327 0.037647
v -0.169275 -0.215388 0.037682
v -0.169181 -0.215450 0.037718
v -0.169390 -0.215314 0.037785
v -0.169291 -0.215378 0.037790
v -0.169192 -0.215443 0.037794
v -0.169092 -0.215507 0.037797
v -0.169086 -0.215511 0.037755
v -0.168995 -0.215570 0.037798
v -0.173033 -0.219424 0.037410
v -0.172952 -0.219477 0.037422
v -0.172870 -0.219530 0.037437
v -0.172789 -0.219583 0.037454
v -0.172708 -0.219635 0.037474
v -0.172628 -0.219687 0.037496
v -0.172548 -0.219740 0.037518
v -0.172983 -0.219457 0.037658
v -0.172902 -0.219510 0.037674
v -0.172820 -0.219563 0.037687
v -0.172738 -0.219616 0.037698
v -0.172656 -0.219669 0.037707
v -0.172574 -0.219722 0.037716
v -0.172492 -0.219776 0.037722
v -0.172468 -0.219791 0.037543
v -0.172388 -0.219843 0.037568
v -0.172309 -0.219895 0.037594
v -0.172410 -0.219829 0.037727
v -0.172327 -0.219883 0.037732
v -0.172230 -0.219946 0.037621
v -0.172245 -0.219936 0.037736
v -0.172163 -0.219990 0.037739
v -0.172151 -0.219997 0.037649
v -0.172072 -0.220049 0.037677
v -0.171993 -0.220100 0.037707
v -0.172080 -0.220043 0.037741
v -0.171998 -0.220097 0.037742
v -0.171917 -0.220149 0.037741
v -0.175919 -0.224027 0.037442
v -0.175856 -0.224067 0.037441
v -0.176030 -0.223955 0.037492
v -0.175980 -0.223987 0.037452
v -0.175992 -0.223979 0.037548
v -0.175936 -0.224016 0.037579
v -0.175794 -0.224108 0.037445
v -0.175876 -0.224055 0.037601
v -0.175731 -0.224148 0.037453
v -0.175670 -0.224189 0.037463
v -0.175608 -0.224229 0.037476
v -0.175546 -0.224269 0.037490
v -0.178749 -0.228665 0.037486
v -0.178782 -0.228644 0.037514
v -0.178756 -0.228661 0.037551
v -0.178717 -0.228686 0.037572
v -0.178707 -0.228693 0.037478
v -0.178664 -0.228721 0.037477
v -0.178621 -0.228748 0.037479
v -0.178676 -0.228712 0.037587
v -0.178579 -0.228776 0.037484
v -0.178536 -0.228803 0.037490
v -0.178494 -0.228831 0.037498
v -0.175815 -0.224094 0.037619
v -0.175754 -0.224134 0.037632
v -0.175692 -0.224174 0.037644
v -0.175630 -0.224214 0.037653
v -0.175567 -0.224255 0.037660
v -0.175505 -0.224295 0.037667
v -0.178635 -0.228739 0.037598
v -0.178593 -0.228767 0.037607
v -0.178550 -0.228794 0.037614
v -0.178508 -0.228822 0.037620
v -0.178465 -0.228850 0.037624
v -0.175485 -0.224308 0.037505
v -0.175424 -0.224348 0.037522
v -0.175363 -0.224387 0.037539
v -0.175303 -0.224427 0.037558
v -0.175242 -0.224466 0.037577
v -0.178452 -0.228858 0.037507
v -0.178410 -0.228885 0.037517
v -0.178368 -0.228912 0.037528
v -0.178327 -0.228940 0.037539
v -0.178285 -0.228967 0.037551
v -0.175182 -0.224505 0.037596
v -0.178244 -0.228993 0.037564
v -0.175443 -0.224336 0.037672
v -0.175380 -0.224377 0.037676
v -0.175318 -0.224417 0.037679
v -0.175255 -0.224458 0.037682
v -0.175193 -0.224498 0.037684
v -0.175122 -0.224544 0.037617
v -0.175130 -0.224539 0.037685
v -0.175067 -0.224580 0.037686
v -0.175062 -0.224584 0.037637
v -0.175005 -0.224620 0.037686
v -0.175002 -0.224622 0.037659
v -0.174943 -0.224660 0.037684
v -0.178423 -0.228877 0.037628
v -0.178380 -0.228905 0.037631
v -0.178337 -0.228933 0.037633
v -0.178294 -0.228960 0.037634
v -0.178252 -0.228988 0.037636
v -0.178209 -0.229016 0.037636
v -0.178202 -0.229020 0.037576
v -0.178161 -0.229047 0.037590
v -0.178166 -0.229044 0.037637
v -0.178120 -0.229074 0.037603
v -0.178123 -0.229071 0.037636
v -0.178081 -0.229099 0.037636
v -0.178079 -0.229101 0.037617
v -0.178039 -0.229127 0.037634
v -0.181585 -0.233300 0.037517
v -0.181603 -0.233288 0.037532
v -0.181589 -0.233298 0.037552
v -0.181568 -0.233311 0.037563
v -0.181562 -0.233315 0.037512
v -0.181539 -0.233329 0.037511
v -0.181517 -0.233344 0.037512
v -0.181494 -0.233359 0.037514
v -0.181471 -0.233374 0.037518
v -0.181546 -0.233326 0.037570
v -0.181523 -0.233340 0.037576
v -0.181501 -0.233355 0.037580
v -0.181478 -0.233370 0.037584
v -0.181406 -0.233416 0.037561
v -0.181455 -0.233384 0.037587
v -0.181448 -0.233389 0.037521
v -0.181426 -0.233403 0.037526
v -0.181403 -0.233418 0.037531
v -0.181381 -0.233433 0.037536
v -0.181358 -0.233447 0.037542
v -0.181336 -0.233462 0.037548
v -0.181314 -0.233476 0.037555
v -0.181291 -0.233491 0.037561
v -0.181269 -0.233505 0.037568
v -0.181432 -0.233399 0.037589
v -0.181409 -0.233414 0.037590
v -0.181386 -0.233429 0.037592
v -0.181363 -0.233444 0.037592
v -0.181341 -0.233459 0.037593
v -0.181318 -0.233474 0.037593
v -0.181295 -0.233488 0.037593
v -0.181247 -0.233519 0.037575
v -0.181272 -0.233503 0.037593
v -0.181249 -0.233518 0.037593
v -0.181225 -0.233534 0.037582
v -0.181203 -0.233548 0.037591
v -0.181226 -0.233533 0.037592
v -0.071133 -0.018861 0.037575
v -0.071155 -0.018847 0.037582
v -0.070974 -0.018964 0.037561
v -0.071177 -0.018833 0.037591
v -0.071154 -0.018847 0.037592
v -0.071132 -0.018862 0.037593
v -0.074302 -0.023280 0.037617
v -0.074261 -0.023306 0.037603
v -0.071111 -0.018875 0.037568
v -0.074219 -0.023333 0.037590
v -0.071089 -0.018890 0.037561
v -0.074178 -0.023360 0.037576
v -0.071067 -0.018904 0.037555
v -0.074137 -0.023387 0.037564
v -0.071044 -0.018919 0.037548
v -0.071109 -0.018877 0.037593
v -0.071086 -0.018892 0.037593
v -0.071022 -0.018933 0.037542
v -0.071063 -0.018907 0.037593
v -0.071040 -0.018922 0.037593
v -0.071017 -0.018937 0.037592
v -0.070977 -0.018962 0.037531
v -0.071000 -0.018948 0.037536
v -0.070955 -0.018977 0.037526
v -0.070932 -0.018992 0.037521
v -0.070909 -0.019006 0.037518
v -0.070887 -0.019021 0.037514
v -0.070994 -0.018951 0.037592
v -0.070971 -0.018966 0.037590
v -0.070948 -0.018981 0.037589
v -0.070925 -0.018996 0.037587
v -0.070903 -0.019011 0.037584
v -0.070880 -0.019026 0.037580
v -0.074095 -0.023414 0.037551
v -0.074054 -0.023441 0.037539
v -0.074012 -0.023468 0.037528
v -0.073970 -0.023495 0.037517
v -0.073928 -0.023522 0.037507
v -0.073886 -0.023550 0.037498
v -0.077199 -0.027875 0.037596
v -0.077138 -0.027914 0.037577
v -0.077078 -0.027953 0.037558
v -0.076834 -0.028112 0.037490
v -0.077017 -0.027993 0.037539
v -0.076956 -0.028032 0.037522
v -0.076895 -0.028072 0.037505
v -0.074300 -0.023281 0.037636
v -0.074342 -0.023254 0.037634
v -0.074257 -0.023309 0.037636
v -0.074214 -0.023337 0.037637
v -0.074171 -0.023364 0.037636
v -0.074129 -0.023392 0.037636
v -0.074086 -0.023420 0.037634
v -0.074043 -0.023448 0.037633
v -0.074000 -0.023475 0.037631
v -0.073958 -0.023503 0.037628
v -0.073915 -0.023531 0.037624
v -0.073873 -0.023558 0.037620
v -0.077379 -0.027758 0.037659
v -0.077437 -0.027720 0.037684
v -0.077375 -0.027760 0.037686
v -0.077313 -0.027801 0.037686
v -0.077319 -0.027797 0.037637
v -0.077259 -0.027836 0.037617
v -0.077250 -0.027841 0.037685
v -0.077188 -0.027882 0.037684
v -0.077125 -0.027923 0.037682
v -0.077063 -0.027963 0.037679
v -0.077000 -0.028004 0.037676
v -0.076938 -0.028044 0.037672
v -0.076875 -0.028085 0.037667
v -0.076813 -0.028125 0.037660
v -0.073802 -0.023604 0.037484
v -0.070864 -0.019036 0.037512
v -0.073759 -0.023632 0.037479
v -0.070841 -0.019051 0.037511
v -0.073716 -0.023660 0.037477
v -0.070818 -0.019066 0.037512
v -0.073674 -0.023688 0.037478
v -0.070795 -0.019080 0.037517
v -0.070778 -0.019092 0.037532
v -0.070792 -0.019083 0.037552
v -0.070857 -0.019040 0.037576
v -0.070835 -0.019055 0.037570
v -0.070813 -0.019069 0.037563
v -0.073844 -0.023577 0.037490
v -0.073788 -0.023614 0.037607
v -0.073746 -0.023641 0.037598
v -0.073632 -0.023715 0.037486
v -0.073704 -0.023668 0.037587
v -0.073663 -0.023694 0.037572
v -0.073624 -0.023720 0.037551
v -0.073598 -0.023737 0.037514
v -0.076773 -0.028152 0.037476
v -0.076711 -0.028192 0.037463
v -0.076649 -0.028232 0.037453
v -0.076587 -0.028272 0.037445
v -0.076524 -0.028313 0.037441
v -0.076462 -0.028353 0.037442
v -0.076400 -0.028394 0.037452
v -0.076445 -0.028364 0.037579
v -0.076388 -0.028401 0.037548
v -0.076351 -0.028426 0.037492
v -0.073830 -0.023586 0.037614
v -0.076751 -0.028166 0.037653
v -0.076689 -0.028206 0.037644
v -0.076627 -0.028246 0.037632
v -0.076565 -0.028286 0.037619
v -0.076504 -0.028326 0.037601
v -0.080071 -0.032486 0.037594
v -0.079992 -0.032537 0.037568
v -0.079752 -0.032693 0.037496
v -0.079912 -0.032589 0.037543
v -0.079833 -0.032641 0.037518
v -0.080387 -0.032281 0.037707
v -0.080464 -0.032231 0.037741
v -0.080382 -0.032284 0.037742
v -0.080300 -0.032337 0.037741
v -0.080309 -0.032332 0.037677
v -0.080230 -0.032383 0.037649
v -0.080151 -0.032434 0.037621
v -0.080218 -0.032391 0.037739
v -0.080135 -0.032444 0.037736
v -0.080053 -0.032498 0.037732
v -0.079971 -0.032551 0.037727
v -0.079888 -0.032605 0.037722
v -0.079806 -0.032658 0.037716
v -0.079724 -0.032711 0.037707
v -0.079672 -0.032745 0.037474
v -0.079591 -0.032797 0.037454
v -0.079510 -0.032850 0.037437
v -0.079429 -0.032903 0.037422
v -0.079347 -0.032956 0.037410
v -0.079265 -0.033009 0.037403
v -0.079183 -0.033063 0.037403
v -0.079158 -0.033079 0.037584
v -0.079101 -0.033116 0.037416
v -0.079036 -0.033158 0.037468
v -0.079084 -0.033127 0.037541
v -0.079642 -0.032765 0.037698
v -0.079560 -0.032818 0.037687
v -0.079479 -0.032871 0.037674
v -0.079397 -0.032923 0.037658
v -0.079317 -0.032976 0.037638
v -0.079237 -0.033028 0.037615
v -0.082915 -0.037115 0.037613
v -0.082820 -0.037177 0.037581
v -0.082725 -0.037239 0.037549
v -0.083386 -0.036810 0.037798
v -0.083288 -0.036873 0.037797
v -0.083294 -0.036869 0.037755
v -0.083189 -0.036938 0.037794
v -0.083105 -0.036992 0.037682
v -0.083200 -0.036931 0.037718
v -0.083090 -0.037002 0.037790
v -0.082991 -0.037066 0.037785
v -0.083010 -0.037053 0.037647
v -0.082892 -0.037131 0.037779
v -0.082793 -0.037195 0.037772
v -0.082694 -0.037259 0.037764
v -0.082533 -0.037364 0.037490
v -0.082629 -0.037301 0.037518
v -0.082436 -0.037426 0.037462
v -0.082339 -0.037489 0.037437
v -0.082144 -0.037616 0.037395
v -0.082046 -0.037680 0.037380
v -0.081947 -0.037744 0.037370
v -0.082242 -0.037553 0.037414
v -0.082595 -0.037323 0.037755
v -0.082496 -0.037388 0.037744
v -0.082397 -0.037452 0.037731
v -0.082299 -0.037516 0.037717
v -0.082103 -0.037643 0.037679
v -0.082201 -0.037579 0.037699
v -0.082006 -0.037706 0.037654
v -0.081910 -0.037768 0.037624
v -0.085999 -0.041589 0.037781
v -0.086094 -0.041527 0.037827
v -0.085992 -0.041593 0.037825
v -0.085889 -0.041661 0.037820
v -0.085802 -0.041717 0.037702
v -0.085901 -0.041653 0.037741
v -0.085704 -0.041781 0.037664
v -0.085604 -0.041845 0.037627
v -0.085785 -0.041728 0.037815
v -0.085681 -0.041795 0.037808
v -0.085578 -0.041863 0.037801
v -0.088539 -0.046416 0.037765
v -0.088740 -0.046286 0.037858
v -0.088633 -0.046355 0.037854
v -0.088641 -0.046350 0.037808
v -0.088525 -0.046425 0.037848
v -0.088417 -0.046495 0.037841
v -0.085505 -0.041910 0.037592
v -0.085405 -0.041975 0.037557
v -0.085306 -0.042039 0.037524
v -0.084902 -0.042302 0.037409
v -0.085205 -0.042105 0.037492
v -0.085105 -0.042170 0.037462
v -0.085003 -0.042236 0.037434
v -0.088127 -0.046684 0.037603
v -0.088023 -0.046751 0.037566
v -0.087815 -0.046886 0.037495
v -0.087919 -0.046818 0.037529
v -0.085267 -0.042064 0.037771
v -0.085164 -0.042131 0.037758
v -0.085474 -0.041930 0.037792
v -0.085371 -0.041997 0.037782
v -0.085061 -0.042198 0.037743
v -0.084958 -0.042265 0.037727
v -0.084856 -0.042331 0.037707
v -0.088333 -0.046550 0.037682
v -0.088436 -0.046483 0.037723
v -0.088230 -0.046617 0.037642
v -0.088309 -0.046566 0.037832
v -0.088201 -0.046636 0.037823
v -0.088093 -0.046706 0.037812
v -0.087985 -0.046776 0.037800
v -0.087877 -0.046846 0.037787
v -0.087769 -0.046916 0.037772
v -0.081848 -0.037808 0.037369
v -0.081750 -0.037872 0.037383
v -0.081728 -0.037886 0.037533
v -0.081670 -0.037924 0.037444
v -0.081817 -0.037829 0.037586
v -0.084800 -0.042368 0.037387
v -0.084697 -0.042435 0.037370
v -0.084594 -0.042502 0.037358
v -0.084490 -0.042569 0.037355
v -0.084387 -0.042636 0.037369
v -0.084304 -0.042690 0.037432
v -0.084363 -0.042652 0.037526
v -0.084455 -0.042592 0.037582
v -0.087499 -0.047091 0.037404
v -0.087710 -0.046954 0.037462
v -0.087605 -0.047023 0.037431
v -0.087392 -0.047161 0.037380
v -0.087285 -0.047230 0.037360
v -0.087178 -0.047300 0.037346
v -0.084653 -0.042463 0.037656
v -0.084754 -0.042398 0.037683
v -0.084553 -0.042528 0.037623
v -0.087662 -0.046986 0.037755
v -0.087555 -0.047055 0.037736
v -0.087448 -0.047125 0.037714
v -0.087236 -0.047262 0.037658
v -0.087342 -0.047194 0.037688
v -0.087132 -0.047330 0.037622
v -0.087069 -0.047370 0.037342
v -0.086962 -0.047440 0.037354
v -0.086935 -0.047458 0.037518
v -0.086874 -0.047497 0.037418
v -0.087031 -0.047396 0.037578
v -0.091116 -0.051219 0.037791
v -0.091324 -0.051084 0.037890
v -0.091213 -0.051156 0.037885
v -0.091222 -0.051150 0.037837
v -0.091101 -0.051229 0.037877
v -0.090903 -0.051358 0.037701
v -0.091009 -0.051288 0.037745
v -0.090796 -0.051427 0.037658
v -0.090988 -0.051302 0.037868
v -0.090875 -0.051375 0.037857
v -0.090763 -0.051448 0.037846
v -0.090650 -0.051521 0.037833
v -0.093851 -0.055919 0.037924
v -0.093745 -0.055988 0.037867
v -0.093735 -0.055994 0.037917
v -0.093618 -0.056070 0.037907
v -0.090580 -0.051567 0.037575
v -0.090472 -0.051637 0.037536
v -0.090688 -0.051497 0.037616
v -0.090036 -0.051921 0.037398
v -0.090364 -0.051707 0.037498
v -0.090255 -0.051778 0.037462
v -0.090146 -0.051849 0.037428
v -0.090538 -0.051594 0.037819
v -0.090426 -0.051667 0.037804
v -0.090314 -0.051740 0.037786
v -0.090202 -0.051813 0.037767
v -0.090090 -0.051885 0.037746
v -0.089979 -0.051957 0.037721
v -0.089925 -0.051992 0.037372
v -0.089814 -0.052065 0.037350
v -0.089701 -0.052138 0.037334
v -0.089589 -0.052211 0.037327
v -0.089476 -0.052284 0.037339
v -0.089546 -0.052239 0.037573
v -0.089447 -0.052303 0.037509
v -0.089384 -0.052344 0.037405
v -0.089869 -0.052029 0.037693
v -0.089759 -0.052100 0.037660
v -0.089651 -0.052170 0.037621
v -0.093080 -0.056420 0.037585
v -0.092968 -0.056493 0.037543
v -0.093524 -0.056131 0.037769
v -0.093414 -0.056203 0.037721
v -0.093635 -0.056060 0.037817
v -0.093501 -0.056147 0.037896
v -0.093384 -0.056223 0.037883
v -0.093267 -0.056299 0.037869
v -0.093303 -0.056275 0.037675
v -0.093192 -0.056347 0.037629
v -0.093150 -0.056374 0.037854
v -0.093033 -0.056450 0.037838
v -0.092917 -0.056526 0.037821
v -0.092629 -0.056713 0.037426
v -0.092856 -0.056566 0.037502
v -0.092743 -0.056639 0.037463
v -0.092515 -0.056787 0.037393
v -0.092400 -0.056861 0.037364
v -0.092284 -0.056937 0.037339
v -0.092568 -0.056752 0.037756
v -0.092800 -0.056602 0.037801
v -0.092684 -0.056677 0.037779
v -0.092453 -0.056827 0.037728
v -0.092225 -0.056975 0.037661
v -0.092338 -0.056902 0.037697
v -0.096323 -0.060791 0.037960
v -0.096203 -0.060868 0.037950
v -0.095985 -0.061010 0.037793
v -0.096099 -0.060936 0.037845
v -0.096213 -0.060862 0.037899
v -0.096081 -0.060947 0.037938
v -0.095959 -0.061026 0.037925
v -0.095838 -0.061105 0.037910
v -0.095525 -0.061308 0.037596
v -0.095409 -0.061384 0.037550
v -0.095293 -0.061459 0.037506
v -0.095756 -0.061159 0.037692
v -0.095871 -0.061084 0.037742
v -0.095641 -0.061233 0.037644
v -0.095716 -0.061184 0.037894
v -0.095595 -0.061263 0.037877
v -0.095474 -0.061342 0.037858
v -0.095353 -0.061420 0.037838
v -0.095232 -0.061499 0.037816
v -0.098513 -0.065845 0.037875
v -0.098630 -0.065769 0.037932
v -0.098277 -0.065998 0.037764
v -0.098158 -0.066075 0.037711
v -0.098395 -0.065921 0.037819
v -0.098367 -0.065939 0.037955
v -0.098241 -0.066021 0.037938
v -0.098115 -0.066103 0.037920
v -0.098743 -0.065695 0.037997
v -0.098619 -0.065776 0.037985
v -0.098493 -0.065858 0.037971
v -0.101117 -0.070630 0.038035
v -0.092168 -0.057012 0.037321
v -0.092051 -0.057088 0.037313
v -0.091934 -0.057164 0.037323
v -0.092003 -0.057119 0.037568
v -0.091901 -0.057186 0.037500
v -0.091837 -0.057227 0.037390
v -0.092112 -0.057048 0.037619
v -0.095058 -0.061611 0.037424
v -0.094940 -0.061688 0.037388
v -0.095176 -0.061535 0.037464
v -0.094701 -0.061844 0.037329
v -0.094821 -0.061766 0.037356
v -0.094580 -0.061922 0.037308
v -0.097920 -0.066230 0.037608
v -0.097680 -0.066386 0.037511
v -0.097800 -0.066308 0.037558
v -0.097559 -0.066464 0.037466
v -0.094872 -0.061733 0.037735
v -0.095112 -0.061577 0.037792
v -0.094992 -0.061655 0.037766
v -0.094636 -0.061886 0.037662
v -0.094753 -0.061810 0.037701
v -0.094520 -0.061961 0.037617
v -0.098039 -0.066152 0.037659
v -0.097989 -0.066185 0.037900
v -0.097738 -0.066348 0.037856
v -0.097864 -0.066266 0.037879
v -0.097613 -0.066429 0.037831
v -0.097489 -0.066510 0.037805
v -0.094458 -0.062001 0.037298
v -0.094337 -0.062080 0.037307
v -0.094407 -0.062035 0.037562
v -0.094301 -0.062103 0.037490
v -0.094235 -0.062146 0.037375
v -0.097437 -0.066543 0.037422
v -0.097315 -0.066623 0.037383
v -0.097192 -0.066703 0.037348
v -0.097067 -0.066783 0.037318
v -0.096942 -0.066865 0.037295
v -0.096816 -0.066947 0.037282
v -0.096759 -0.066983 0.037556
v -0.097241 -0.066671 0.037742
v -0.097118 -0.066751 0.037705
v -0.097364 -0.066591 0.037776
v -0.096996 -0.066830 0.037663
v -0.096876 -0.066908 0.037615
v -0.101000 -0.070706 0.037967
v -0.100758 -0.070863 0.037846
v -0.100879 -0.070784 0.037906
v -0.100636 -0.070942 0.037787
v -0.100513 -0.071022 0.037730
v -0.100467 -0.071052 0.037946
v -0.100337 -0.071137 0.037924
v -0.100144 -0.071262 0.037567
v -0.099770 -0.071505 0.037421
v -0.100020 -0.071342 0.037516
v -0.099895 -0.071423 0.037467
v -0.100268 -0.071181 0.037620
v -0.100391 -0.071101 0.037674
v -0.100207 -0.071221 0.037900
v -0.100077 -0.071305 0.037875
v -0.099948 -0.071389 0.037847
v -0.099819 -0.071473 0.037818
v -0.099690 -0.071556 0.037786
v -0.100988 -0.070714 0.038021
v -0.100858 -0.070798 0.038005
v -0.100727 -0.070883 0.037986
v -0.100597 -0.070968 0.037967
v -0.096690 -0.067029 0.037290
v -0.096584 -0.067097 0.037359
v -0.096651 -0.067054 0.037479
v -0.099643 -0.071587 0.037379
v -0.099387 -0.071753 0.037307
v -0.099516 -0.071670 0.037340
v -0.099258 -0.071837 0.037281
v -0.099127 -0.071922 0.037267
v -0.098954 -0.072035 0.037468
v -0.099066 -0.071962 0.037549
v -0.099562 -0.071639 0.037749
v -0.099310 -0.071803 0.037664
v -0.099436 -0.071722 0.037709
v -0.099186 -0.071884 0.037612
v -0.098996 -0.072007 0.037272
v -0.098886 -0.072079 0.037343
v -0.103203 -0.075752 0.037937
v -0.103078 -0.075833 0.037874
v -0.102700 -0.076078 0.037691
v -0.102826 -0.075996 0.037751
v -0.102952 -0.075914 0.037811
v -0.102641 -0.076116 0.037948
v -0.103448 -0.075593 0.038075
v -0.103315 -0.075679 0.038059
v -0.103327 -0.075671 0.038002
v -0.103180 -0.075767 0.038040
v -0.103045 -0.075854 0.038019
v -0.102910 -0.075942 0.037997
v -0.102776 -0.076029 0.037973
v -0.105679 -0.080620 0.038096
v -0.105546 -0.080706 0.038077
v -0.102446 -0.076243 0.037576
v -0.102060 -0.076494 0.037419
v -0.102318 -0.076327 0.037522
v -0.102189 -0.076410 0.037470
v -0.102573 -0.076161 0.037633
v -0.102507 -0.076204 0.037922
v -0.102373 -0.076290 0.037894
v -0.102240 -0.076377 0.037863
v -0.102107 -0.076464 0.037831
v -0.101974 -0.076550 0.037796
v -0.105436 -0.080778 0.037955
v -0.105312 -0.080858 0.037890
v -0.104938 -0.081101 0.037703
v -0.105063 -0.081020 0.037764
v -0.105188 -0.080939 0.037826
v -0.101929 -0.076579 0.037374
v -0.101798 -0.076664 0.037332
v -0.101665 -0.076750 0.037296
v -0.101532 -0.076837 0.037267
v -0.101396 -0.076925 0.037250
v -0.101215 -0.077043 0.037456
v -0.101330 -0.076968 0.037542
v -0.104686 -0.081265 0.037585
v -0.104304 -0.081513 0.037423
v -0.104432 -0.081430 0.037475
v -0.104559 -0.081347 0.037529
v -0.101842 -0.076636 0.037756
v -0.101581 -0.076805 0.037664
v -0.101711 -0.076721 0.037713
v -0.101454 -0.076888 0.037608
v -0.104812 -0.081183 0.037643
v -0.104744 -0.081227 0.037930
v -0.104611 -0.081314 0.037900
v -0.104346 -0.081486 0.037833
v -0.104478 -0.081400 0.037868
v -0.104214 -0.081571 0.037797
v -0.107609 -0.085843 0.037963
v -0.107489 -0.085921 0.037898
v -0.107247 -0.086078 0.037772
v -0.107368 -0.086000 0.037834
v -0.105560 -0.080698 0.038021
v -0.105412 -0.080793 0.038056
v -0.105278 -0.080880 0.038034
v -0.105144 -0.080967 0.038010
v -0.105011 -0.081054 0.037985
v -0.104877 -0.081141 0.037958
v -0.107843 -0.085691 0.038104
v -0.107728 -0.085766 0.038030
v -0.107715 -0.085775 0.038084
v -0.107584 -0.085859 0.038062
v -0.107454 -0.085944 0.038038
v -0.107324 -0.086029 0.038013
v -0.107194 -0.086113 0.037986
v -0.101261 -0.077013 0.037254
v -0.101146 -0.077087 0.037325
v -0.104174 -0.081597 0.037376
v -0.104044 -0.081682 0.037333
v -0.103912 -0.081767 0.037295
v -0.103779 -0.081854 0.037264
v -0.103645 -0.081941 0.037245
v -0.103576 -0.081986 0.037534
v -0.103825 -0.081824 0.037660
v -0.103954 -0.081741 0.037710
v -0.104084 -0.081656 0.037756
v -0.103699 -0.081906 0.037603
v -0.103510 -0.082029 0.037248
v -0.103395 -0.082103 0.037317
v -0.103462 -0.082060 0.037448
v -0.106881 -0.086316 0.037592
v -0.106510 -0.086557 0.037430
v -0.106758 -0.086396 0.037536
v -0.106634 -0.086476 0.037482
v -0.107004 -0.086236 0.037651
v -0.107126 -0.086157 0.037711
v -0.106934 -0.086281 0.037929
v -0.106805 -0.086365 0.037898
v -0.106676 -0.086449 0.037865
v -0.106548 -0.086532 0.037830
v -0.106419 -0.086616 0.037792
v -0.106384 -0.086638 0.037382
v -0.106258 -0.086721 0.037338
v -0.106130 -0.086804 0.037299
v -0.106001 -0.086887 0.037267
v -0.105870 -0.086972 0.037247
v -0.105800 -0.087018 0.037528
v -0.106166 -0.086780 0.037704
v -0.106292 -0.086698 0.037750
v -0.106042 -0.086861 0.037654
v -0.105919 -0.086941 0.037596
v -0.107064 -0.086197 0.037958
v -0.105739 -0.087058 0.037247
v -0.105626 -0.087131 0.037313
v -0.105690 -0.087089 0.037442
v -0.109637 -0.091002 0.037906
v -0.109521 -0.091078 0.037842
v -0.109753 -0.090927 0.037971
v -0.109049 -0.091385 0.037599
v -0.108929 -0.091462 0.037543
v -0.108809 -0.091540 0.037488
v -0.109403 -0.091154 0.037779
v -0.109286 -0.091231 0.037718
v -0.109167 -0.091307 0.037658
v -0.109097 -0.091353 0.037928
v -0.108971 -0.091435 0.037896
v -0.108846 -0.091516 0.037862
v -0.108721 -0.091597 0.037826
v -0.111764 -0.096098 0.037912
v -0.109981 -0.090779 0.038111
v -0.109855 -0.090861 0.038090
v -0.109869 -0.090852 0.038037
v -0.109729 -0.090943 0.038066
v -0.109602 -0.091025 0.038041
v -0.109475 -0.091108 0.038015
v -0.109349 -0.091190 0.037988
v -0.109223 -0.091271 0.037958
v -0.112096 -0.095882 0.038117
v -0.111974 -0.095961 0.038095
v -0.111988 -0.095952 0.038043
v -0.111876 -0.096025 0.037977
v -0.111851 -0.096041 0.038070
v -0.111605 -0.096201 0.038017
v -0.111728 -0.096121 0.038044
v -0.108689 -0.091618 0.037436
v -0.108444 -0.091777 0.037343
v -0.108567 -0.091697 0.037388
v -0.108320 -0.091858 0.037303
v -0.108195 -0.091939 0.037271
v -0.108474 -0.091758 0.037745
v -0.108351 -0.091837 0.037699
v -0.108597 -0.091678 0.037788
v -0.108230 -0.091916 0.037648
v -0.108112 -0.091993 0.037590
v -0.108068 -0.092022 0.037249
v -0.107940 -0.092105 0.037248
v -0.107829 -0.092177 0.037310
v -0.107890 -0.092137 0.037436
v -0.107997 -0.092068 0.037522
v -0.111194 -0.096468 0.037606
v -0.111078 -0.096543 0.037549
v -0.111537 -0.096245 0.037786
v -0.111423 -0.096319 0.037725
v -0.111651 -0.096171 0.037848
v -0.111309 -0.096393 0.037665
v -0.111238 -0.096439 0.037927
v -0.111116 -0.096519 0.037894
v -0.110994 -0.096598 0.037859
v -0.110727 -0.096771 0.037393
v -0.110962 -0.096618 0.037495
v -0.110845 -0.096694 0.037442
v -0.110608 -0.096848 0.037348
v -0.110488 -0.096927 0.037308
v -0.113257 -0.101605 0.037604
v -0.110633 -0.096832 0.037740
v -0.110873 -0.096676 0.037822
v -0.110753 -0.096755 0.037783
v -0.110514 -0.096909 0.037693
v -0.110397 -0.096985 0.037642
v -0.113741 -0.101290 0.037873
v -0.113645 -0.101352 0.037817
v -0.113549 -0.101415 0.037763
v -0.113452 -0.101478 0.037709
v -0.113355 -0.101541 0.037656
v -0.113291 -0.101582 0.037879
v -0.111360 -0.096360 0.037958
v -0.113187 -0.101650 0.037850
v -0.111482 -0.096281 0.037988
v -0.114023 -0.101107 0.038052
v -0.113932 -0.101166 0.037988
v -0.113920 -0.101174 0.038032
v -0.113815 -0.101242 0.038009
v -0.113837 -0.101228 0.037930
v -0.113710 -0.101311 0.037985
v -0.113605 -0.101379 0.037961
v -0.113500 -0.101447 0.037935
v -0.113396 -0.101514 0.037907
v -0.110366 -0.097006 0.037274
v -0.110243 -0.097086 0.037252
v -0.110118 -0.097167 0.037248
v -0.110010 -0.097237 0.037308
v -0.110171 -0.097132 0.037516
v -0.110068 -0.097199 0.037431
v -0.110282 -0.097060 0.037584
v -0.113158 -0.101669 0.037555
v -0.113059 -0.101733 0.037507
v -0.112960 -0.101797 0.037460
v -0.112859 -0.101863 0.037417
v -0.112655 -0.101995 0.037341
v -0.112758 -0.101929 0.037377
v -0.113084 -0.101717 0.037818
v -0.112981 -0.101784 0.037785
v -0.112776 -0.101917 0.037712
v -0.112675 -0.101983 0.037671
v -0.112878 -0.101851 0.037751
v -0.112552 -0.102063 0.037311
v -0.112446 -0.102131 0.037290
v -0.112296 -0.102229 0.037441
v -0.112383 -0.102172 0.037515
v -0.112340 -0.102200 0.037286
v -0.112247 -0.102261 0.037335
v -0.112575 -0.102047 0.037625
v -0.112477 -0.102111 0.037574
v -0.115531 -0.106604 0.037730
v -0.115685 -0.106504 0.037822
v -0.115762 -0.106454 0.037869
v -0.115608 -0.106554 0.037776
v -0.115490 -0.106631 0.037868
v -0.115838 -0.106405 0.037917
v -0.115297 -0.106756 0.037599
v -0.115218 -0.106807 0.037558
v -0.114978 -0.106963 0.037444
v -0.115139 -0.106859 0.037518
v -0.115059 -0.106911 0.037479
v -0.115375 -0.106705 0.037642
v -0.115453 -0.106655 0.037686
v -0.115406 -0.106685 0.037845
v -0.115323 -0.106740 0.037821
v -0.115239 -0.106794 0.037796
v -0.115156 -0.106848 0.037770
v -0.115575 -0.106576 0.037891
v -0.115659 -0.106521 0.037912
v -0.114990 -0.106955 0.037713
v -0.114908 -0.107009 0.037681
v -0.115073 -0.106902 0.037742
v -0.117796 -0.111610 0.037879
v -0.115912 -0.106357 0.037969
v -0.117741 -0.111646 0.037838
v -0.117733 -0.111651 0.037865
v -0.115828 -0.106411 0.037952
v -0.117668 -0.111693 0.037849
v -0.115743 -0.106466 0.037932
v -0.114896 -0.107016 0.037410
v -0.114814 -0.107070 0.037380
v -0.114731 -0.107124 0.037355
v -0.114646 -0.107179 0.037336
v -0.114668 -0.107164 0.037566
v -0.114593 -0.107213 0.037517
v -0.114560 -0.107235 0.037332
v -0.114485 -0.107284 0.037370
v -0.114523 -0.107259 0.037457
v -0.114827 -0.107061 0.037646
v -0.114747 -0.107113 0.037608
v -0.117332 -0.111911 0.037592
v -0.117272 -0.111950 0.037559
v -0.117212 -0.111989 0.037528
v -0.117450 -0.111835 0.037659
v -0.117508 -0.111796 0.037694
v -0.117567 -0.111758 0.037729
v -0.117683 -0.111683 0.037801
v -0.117625 -0.111721 0.037765
v -0.117604 -0.111734 0.037833
v -0.117540 -0.111776 0.037816
v -0.117477 -0.111817 0.037798
v -0.117413 -0.111858 0.037780
v -0.117391 -0.111873 0.037625
v -0.117223 -0.111982 0.037720
v -0.117160 -0.112023 0.037698
v -0.117349 -0.111900 0.037760
v -0.117286 -0.111941 0.037741
v -0.117029 -0.112108 0.037443
v -0.116966 -0.112149 0.037420
v -0.116903 -0.112190 0.037399
v -0.117152 -0.112028 0.037498
v -0.117090 -0.112068 0.037470
v -0.116854 -0.112221 0.037559
v -0.116839 -0.112231 0.037385
v -0.116774 -0.112274 0.037380
v -0.116716 -0.112311 0.037409
v -0.116745 -0.112292 0.037475
v -0.116797 -0.112258 0.037521
v -0.116914 -0.112183 0.037592
v -0.117248 -0.111966 0.037640
v -0.117098 -0.112063 0.037674
v -0.117036 -0.112104 0.037649
v -0.116974 -0.112143 0.037622
v 0.120635 -0.134745 0.037550
v 0.121079 -0.134060 0.044030
v 0.118871 -0.133294 0.037550
v 0.126190 -0.126190 0.037550
v 0.119456 -0.132726 0.044030
v 0.117473 -0.131487 0.037550
v 0.118171 -0.131063 0.044030
v 0.116513 -0.129415 0.037550
v 0.117287 -0.129157 0.044030
v 0.116038 -0.127180 0.037550
v 0.116850 -0.127101 0.044030
v 0.116073 -0.124897 0.037550
v 0.116882 -0.125000 0.044030
v 0.116614 -0.122678 0.037550
v 0.117636 -0.120635 0.037550
v 0.117380 -0.122959 0.044030
v 0.118320 -0.121079 0.044030
v 0.123135 -0.130895 0.048350
v 0.122164 -0.130097 0.048350
v 0.121396 -0.129103 0.048350
v 0.120868 -0.127964 0.048350
v 0.120607 -0.126735 0.048350
v 0.120625 -0.125479 0.048350
v 0.120923 -0.124258 0.048350
v 0.126190 -0.126190 0.048350
v 0.121485 -0.123135 0.048350
v 0.119086 -0.118871 0.037550
v 0.120893 -0.117473 0.037550
v 0.119655 -0.119456 0.044030
v 0.122966 -0.116513 0.037550
v 0.125200 -0.116038 0.037550
v 0.127484 -0.116073 0.037550
v 0.129703 -0.116614 0.037550
v 0.121317 -0.118171 0.044030
v 0.123224 -0.117287 0.044030
v 0.131745 -0.117636 0.037550
v 0.125279 -0.116850 0.044030
v 0.127380 -0.116882 0.044030
v 0.129422 -0.117380 0.044030
v 0.131301 -0.118320 0.044030
v 0.122283 -0.122164 0.048350
v 0.123277 -0.121396 0.048350
v 0.124417 -0.120868 0.048350
v 0.125646 -0.120607 0.048350
v 0.126902 -0.120625 0.048350
v 0.128122 -0.120923 0.048350
v 0.129246 -0.121485 0.048350
v 0.122678 -0.135766 0.037550
v 0.122959 -0.135000 0.044030
v 0.124897 -0.136308 0.037550
v 0.125000 -0.135498 0.044030
v 0.127180 -0.136342 0.037550
v 0.127101 -0.135530 0.044030
v 0.129415 -0.135867 0.037550
v 0.129157 -0.135093 0.044030
v 0.131487 -0.134907 0.037550
v 0.131063 -0.134210 0.044030
v 0.133294 -0.133510 0.037550
v 0.134745 -0.131745 0.037550
v 0.132726 -0.132924 0.044030
v 0.134060 -0.131301 0.044030
v 0.124258 -0.131457 0.048350
v 0.125479 -0.131755 0.048350
v 0.126735 -0.131774 0.048350
v 0.127964 -0.131512 0.048350
v 0.129103 -0.130984 0.048350
v 0.130097 -0.130216 0.048350
v 0.130895 -0.129246 0.048350
v 0.135766 -0.129703 0.037550
v 0.136308 -0.127484 0.037550
v 0.135000 -0.129422 0.044030
v 0.136342 -0.125200 0.037550
v 0.135867 -0.122966 0.037550
v 0.134907 -0.120893 0.037550
v 0.133510 -0.119086 0.037550
v 0.135498 -0.127380 0.044030
v 0.135530 -0.125279 0.044030
v 0.135093 -0.123224 0.044030
v 0.134210 -0.121317 0.044030
v 0.132924 -0.119655 0.044030
v 0.131457 -0.128122 0.048350
v 0.131755 -0.126902 0.048350
v 0.131774 -0.125646 0.048350
v 0.131512 -0.124417 0.048350
v 0.130984 -0.123277 0.048350
v 0.130216 -0.122283 0.048350
v 0.140107 -0.135607 0.037380
v 0.145097 -0.137896 0.037370
v 0.140069 -0.135664 0.037409
v 0.140415 -0.135133 0.037640
v 0.140149 -0.135542 0.037385
v 0.140191 -0.135477 0.037399
v 0.140232 -0.135414 0.037420
v 0.140088 -0.135636 0.037475
v 0.140122 -0.135583 0.037521
v 0.140159 -0.135526 0.037559
v 0.145122 -0.137857 0.037457
v 0.145167 -0.137788 0.037517
v 0.140198 -0.135467 0.037592
v 0.145146 -0.137820 0.037332
v 0.145201 -0.137734 0.037336
v 0.145256 -0.137650 0.037355
v 0.140272 -0.135352 0.037443
v 0.145311 -0.137566 0.037380
v 0.140312 -0.135290 0.037470
v 0.140352 -0.135229 0.037498
v 0.140391 -0.135168 0.037528
v 0.140430 -0.135108 0.037559
v 0.145216 -0.137712 0.037566
v 0.145267 -0.137633 0.037608
v 0.145364 -0.137484 0.037410
v 0.145417 -0.137402 0.037444
v 0.145469 -0.137322 0.037479
v 0.145521 -0.137242 0.037518
v 0.140469 -0.135049 0.037592
v 0.145573 -0.137162 0.037558
v 0.140237 -0.135406 0.037622
v 0.140277 -0.135345 0.037649
v 0.140317 -0.135283 0.037674
v 0.140358 -0.135220 0.037698
v 0.140508 -0.134990 0.037625
v 0.140546 -0.134931 0.037659
v 0.140399 -0.135157 0.037720
v 0.140439 -0.135094 0.037741
v 0.140481 -0.135031 0.037760
v 0.140522 -0.134967 0.037780
v 0.145319 -0.137553 0.037646
v 0.145372 -0.137472 0.037681
v 0.145425 -0.137390 0.037713
v 0.140584 -0.134872 0.037694
v 0.140622 -0.134813 0.037729
v 0.140563 -0.134904 0.037798
v 0.140605 -0.134840 0.037816
v 0.140660 -0.134755 0.037765
v 0.140646 -0.134776 0.037833
v 0.140697 -0.134697 0.037801
v 0.140735 -0.134640 0.037838
v 0.145479 -0.137308 0.037742
v 0.145532 -0.137225 0.037770
v 0.145624 -0.137083 0.037599
v 0.145587 -0.137141 0.037796
v 0.140688 -0.134712 0.037849
v 0.140729 -0.134648 0.037865
v 0.140771 -0.134584 0.037879
v 0.145641 -0.137058 0.037821
v 0.145695 -0.136974 0.037845
v 0.145675 -0.137005 0.037642
v 0.145726 -0.136927 0.037686
v 0.145776 -0.136849 0.037730
v 0.145826 -0.136772 0.037776
v 0.145750 -0.136890 0.037868
v 0.145804 -0.136806 0.037891
v 0.145876 -0.136695 0.037822
v 0.145926 -0.136618 0.037869
v 0.145859 -0.136721 0.037912
v 0.145914 -0.136637 0.037932
v 0.145969 -0.136552 0.037952
v 0.145976 -0.136542 0.037917
v 0.146023 -0.136469 0.037969
v 0.150120 -0.140134 0.037335
v 0.150152 -0.140085 0.037441
v 0.150180 -0.140041 0.037286
v 0.150249 -0.139934 0.037290
v 0.150318 -0.139829 0.037311
v 0.150208 -0.139998 0.037515
v 0.150269 -0.139903 0.037574
v 0.150385 -0.139725 0.037341
v 0.150452 -0.139622 0.037377
v 0.150518 -0.139521 0.037417
v 0.150583 -0.139420 0.037460
v 0.150333 -0.139805 0.037625
v 0.150398 -0.139705 0.037671
v 0.150463 -0.139604 0.037712
v 0.150530 -0.139503 0.037751
v 0.150596 -0.139400 0.037785
v 0.150663 -0.139296 0.037818
v 0.150648 -0.139321 0.037507
v 0.150712 -0.139222 0.037555
v 0.150776 -0.139124 0.037604
v 0.155143 -0.142371 0.037308
v 0.155214 -0.142262 0.037248
v 0.155181 -0.142312 0.037431
v 0.155295 -0.142138 0.037252
v 0.155248 -0.142209 0.037516
v 0.155320 -0.142098 0.037584
v 0.155375 -0.142014 0.037274
v 0.155454 -0.141893 0.037308
v 0.155532 -0.141772 0.037348
v 0.150839 -0.139026 0.037656
v 0.150731 -0.139193 0.037850
v 0.150798 -0.139089 0.037879
v 0.150866 -0.138985 0.037907
v 0.150902 -0.138929 0.037709
v 0.150965 -0.138832 0.037763
v 0.150934 -0.138880 0.037935
v 0.151002 -0.138776 0.037961
v 0.151028 -0.138735 0.037817
v 0.151070 -0.138671 0.037985
v 0.151090 -0.138639 0.037873
v 0.155395 -0.141983 0.037642
v 0.155471 -0.141866 0.037693
v 0.155548 -0.141747 0.037740
v 0.155626 -0.141628 0.037783
v 0.155609 -0.141653 0.037393
v 0.155686 -0.141535 0.037442
v 0.155762 -0.141418 0.037495
v 0.155837 -0.141302 0.037549
v 0.151152 -0.138544 0.037930
v 0.155704 -0.141507 0.037822
v 0.155783 -0.141386 0.037859
v 0.155862 -0.141265 0.037894
v 0.155912 -0.141186 0.037606
v 0.155987 -0.141072 0.037665
v 0.156061 -0.140957 0.037725
v 0.155941 -0.141143 0.037927
v 0.156020 -0.141020 0.037958
v 0.151138 -0.138566 0.038009
v 0.151206 -0.138461 0.038032
v 0.151214 -0.138448 0.037988
v 0.151274 -0.138357 0.038052
v 0.156100 -0.140898 0.037988
v 0.156135 -0.140843 0.037786
v 0.156209 -0.140730 0.037848
v 0.156282 -0.140617 0.037912
v 0.156179 -0.140775 0.038017
v 0.156259 -0.140653 0.038044
v 0.156339 -0.140530 0.038070
v 0.156355 -0.140504 0.037977
v 0.156419 -0.140406 0.038095
v 0.156428 -0.140392 0.038043
v 0.156498 -0.140285 0.038117
v 0.160204 -0.144551 0.037310
v 0.160243 -0.144490 0.037436
v 0.160275 -0.144441 0.037248
v 0.160313 -0.144384 0.037522
v 0.160387 -0.144269 0.037590
v 0.160359 -0.144313 0.037249
v 0.160441 -0.144186 0.037271
v 0.160523 -0.144060 0.037303
v 0.160464 -0.144150 0.037648
v 0.160543 -0.144029 0.037699
v 0.160603 -0.143936 0.037343
v 0.160683 -0.143813 0.037388
v 0.160762 -0.143691 0.037436
v 0.160840 -0.143571 0.037488
v 0.160918 -0.143451 0.037543
v 0.160622 -0.143907 0.037745
v 0.160702 -0.143783 0.037788
v 0.160783 -0.143659 0.037826
v 0.160996 -0.143331 0.037599
v 0.160864 -0.143534 0.037862
v 0.160946 -0.143409 0.037896
v 0.161027 -0.143283 0.037928
v 0.161073 -0.143213 0.037658
v 0.161150 -0.143095 0.037718
v 0.161226 -0.142977 0.037779
v 0.161109 -0.143157 0.037958
v 0.161302 -0.142860 0.037842
v 0.161378 -0.142743 0.037906
v 0.165249 -0.146754 0.037313
v 0.165291 -0.146690 0.037442
v 0.165363 -0.146580 0.037528
v 0.165323 -0.146642 0.037247
v 0.165408 -0.146510 0.037247
v 0.165493 -0.146379 0.037267
v 0.165440 -0.146461 0.037596
v 0.165519 -0.146339 0.037654
v 0.165577 -0.146250 0.037299
v 0.165660 -0.146123 0.037338
v 0.165742 -0.145996 0.037382
v 0.165824 -0.145870 0.037430
v 0.165904 -0.145746 0.037482
v 0.165985 -0.145622 0.037536
v 0.165600 -0.146214 0.037704
v 0.165682 -0.146088 0.037750
v 0.165765 -0.145961 0.037792
v 0.165848 -0.145833 0.037830
v 0.165931 -0.145704 0.037865
v 0.166015 -0.145575 0.037898
v 0.161191 -0.143031 0.037988
v 0.161273 -0.142905 0.038015
v 0.161355 -0.142778 0.038041
v 0.161453 -0.142627 0.037971
v 0.161437 -0.142652 0.038066
v 0.166065 -0.145499 0.037592
v 0.166144 -0.145377 0.037651
v 0.166099 -0.145446 0.037929
v 0.166223 -0.145255 0.037711
v 0.166302 -0.145133 0.037772
v 0.166381 -0.145012 0.037834
v 0.166183 -0.145317 0.037958
v 0.166459 -0.144892 0.037898
v 0.161520 -0.142525 0.038090
v 0.161529 -0.142511 0.038037
v 0.161601 -0.142400 0.038111
v 0.166267 -0.145187 0.037986
v 0.166352 -0.145057 0.038013
v 0.166436 -0.144927 0.038038
v 0.166537 -0.144772 0.037963
v 0.166521 -0.144796 0.038062
v 0.166606 -0.144666 0.038084
v 0.166615 -0.144652 0.038030
v 0.166689 -0.144537 0.038104
v 0.170277 -0.148985 0.037317
v 0.170321 -0.148918 0.037448
v 0.170352 -0.148870 0.037248
v 0.170439 -0.148735 0.037245
v 0.170395 -0.148804 0.037534
v 0.170474 -0.148682 0.037603
v 0.170556 -0.148555 0.037660
v 0.170527 -0.148601 0.037264
v 0.170613 -0.148468 0.037295
v 0.170698 -0.148337 0.037333
v 0.170783 -0.148206 0.037376
v 0.170867 -0.148077 0.037423
v 0.170950 -0.147949 0.037475
v 0.175293 -0.151234 0.037325
v 0.175367 -0.151119 0.037254
v 0.175338 -0.151166 0.037456
v 0.175456 -0.150984 0.037250
v 0.175412 -0.151050 0.037542
v 0.175493 -0.150927 0.037608
v 0.170640 -0.148427 0.037710
v 0.170724 -0.148297 0.037756
v 0.170809 -0.148166 0.037797
v 0.170895 -0.148034 0.037833
v 0.170981 -0.147902 0.037868
v 0.171033 -0.147821 0.037529
v 0.171116 -0.147694 0.037585
v 0.175543 -0.150849 0.037267
v 0.175630 -0.150715 0.037296
v 0.175716 -0.150583 0.037332
v 0.175801 -0.150451 0.037374
v 0.175886 -0.150321 0.037419
v 0.171067 -0.147769 0.037900
v 0.171153 -0.147636 0.037930
v 0.171197 -0.147568 0.037643
v 0.171279 -0.147442 0.037703
v 0.171360 -0.147317 0.037764
v 0.171240 -0.147503 0.037958
v 0.175576 -0.150799 0.037664
v 0.175660 -0.150669 0.037713
v 0.175745 -0.150538 0.037756
v 0.175830 -0.150407 0.037796
v 0.175917 -0.150274 0.037831
v 0.180302 -0.153494 0.037343
v 0.180373 -0.153384 0.037272
v 0.180346 -0.153427 0.037468
v 0.180458 -0.153253 0.037267
v 0.180418 -0.153315 0.037549
v 0.180496 -0.153194 0.037612
v 0.171326 -0.147370 0.037985
v 0.171413 -0.147236 0.038010
v 0.175970 -0.150191 0.037470
v 0.176054 -0.150063 0.037522
v 0.171442 -0.147192 0.037826
v 0.171522 -0.147068 0.037890
v 0.171603 -0.146944 0.037955
v 0.176137 -0.149935 0.037576
v 0.176003 -0.150141 0.037863
v 0.176090 -0.150007 0.037894
v 0.176177 -0.149873 0.037922
v 0.176220 -0.149807 0.037633
v 0.176302 -0.149680 0.037691
v 0.176384 -0.149554 0.037751
v 0.176466 -0.149428 0.037811
v 0.176547 -0.149302 0.037874
v 0.180543 -0.153122 0.037281
v 0.180627 -0.152993 0.037307
v 0.180711 -0.152865 0.037340
v 0.180793 -0.152737 0.037379
v 0.180875 -0.152611 0.037421
v 0.176264 -0.149739 0.037948
v 0.180577 -0.153071 0.037664
v 0.180659 -0.152945 0.037709
v 0.180741 -0.152818 0.037749
v 0.180824 -0.152690 0.037786
v 0.180907 -0.152562 0.037818
v 0.180957 -0.152485 0.037467
v 0.181038 -0.152361 0.037516
v 0.181119 -0.152236 0.037567
v 0.176629 -0.149177 0.037937
v 0.180991 -0.152433 0.037847
v 0.181075 -0.152303 0.037875
v 0.181159 -0.152174 0.037900
v 0.181199 -0.152113 0.037620
v 0.181279 -0.151990 0.037674
v 0.181244 -0.152044 0.037924
v 0.171500 -0.147102 0.038034
v 0.171587 -0.146968 0.038056
v 0.171674 -0.146834 0.038077
v 0.171683 -0.146821 0.038021
v 0.171760 -0.146702 0.038096
v 0.176351 -0.149605 0.037973
v 0.176438 -0.149470 0.037997
v 0.176526 -0.149336 0.038019
v 0.176614 -0.149201 0.038040
v 0.176701 -0.149066 0.038059
v 0.176710 -0.149053 0.038002
v 0.176788 -0.148933 0.038075
v 0.181328 -0.151914 0.037946
v 0.181359 -0.151867 0.037730
v 0.181438 -0.151745 0.037787
v 0.181517 -0.151623 0.037846
v 0.181596 -0.151501 0.037906
v 0.181413 -0.151784 0.037967
v 0.181497 -0.151653 0.037986
v 0.181582 -0.151523 0.038005
v 0.181667 -0.151392 0.038021
v 0.181675 -0.151380 0.037967
v 0.181750 -0.151263 0.038035
v 0.185283 -0.155796 0.037359
v 0.185352 -0.155691 0.037290
v 0.185434 -0.155564 0.037282
v 0.185326 -0.155730 0.037479
v 0.185397 -0.155621 0.037556
v 0.185473 -0.155504 0.037615
v 0.185516 -0.155438 0.037295
v 0.185597 -0.155313 0.037318
v 0.185678 -0.155189 0.037348
v 0.185758 -0.155066 0.037383
v 0.185837 -0.154943 0.037422
v 0.190300 -0.158044 0.037307
v 0.190234 -0.158145 0.037375
v 0.190379 -0.157922 0.037298
v 0.190277 -0.158079 0.037490
v 0.190346 -0.157974 0.037562
v 0.185551 -0.155384 0.037663
v 0.185630 -0.155263 0.037705
v 0.185710 -0.155140 0.037742
v 0.185790 -0.155016 0.037776
v 0.185871 -0.154892 0.037805
v 0.190419 -0.157861 0.037617
v 0.185916 -0.154822 0.037466
v 0.185995 -0.154701 0.037511
v 0.186073 -0.154580 0.037558
v 0.190458 -0.157800 0.037308
v 0.190537 -0.157679 0.037329
v 0.190615 -0.157559 0.037356
v 0.190692 -0.157440 0.037388
v 0.190769 -0.157322 0.037424
v 0.190845 -0.157204 0.037464
v 0.185952 -0.154767 0.037831
v 0.186033 -0.154642 0.037856
v 0.186114 -0.154517 0.037879
v 0.186151 -0.154461 0.037608
v 0.186228 -0.154341 0.037659
v 0.186305 -0.154222 0.037711
v 0.186196 -0.154391 0.037900
v 0.186277 -0.154265 0.037920
v 0.190494 -0.157745 0.037662
v 0.190571 -0.157627 0.037701
v 0.190648 -0.157508 0.037735
v 0.190725 -0.157389 0.037766
v 0.190803 -0.157269 0.037792
v 0.190882 -0.157148 0.037816
v 0.190921 -0.157087 0.037506
v 0.190997 -0.156971 0.037550
v 0.186382 -0.154104 0.037764
v 0.186459 -0.153985 0.037819
v 0.186536 -0.153868 0.037875
v 0.186359 -0.154140 0.037938
v 0.190960 -0.157027 0.037838
v 0.191039 -0.156906 0.037858
v 0.191117 -0.156785 0.037877
v 0.191072 -0.156855 0.037596
v 0.191147 -0.156740 0.037644
v 0.191222 -0.156624 0.037692
v 0.186612 -0.153750 0.037932
v 0.191196 -0.156664 0.037894
v 0.191275 -0.156543 0.037910
v 0.195153 -0.160544 0.037390
v 0.195195 -0.160480 0.037500
v 0.195216 -0.160447 0.037323
v 0.195292 -0.160330 0.037313
v 0.195368 -0.160213 0.037321
v 0.195261 -0.160377 0.037568
v 0.195332 -0.160268 0.037619
v 0.195405 -0.160156 0.037661
v 0.195444 -0.160096 0.037339
v 0.195519 -0.159980 0.037364
v 0.195593 -0.159865 0.037393
v 0.195668 -0.159751 0.037426
v 0.195741 -0.159638 0.037463
v 0.195815 -0.159525 0.037502
v 0.195479 -0.160042 0.037697
v 0.195553 -0.159928 0.037728
v 0.195628 -0.159812 0.037756
v 0.195703 -0.159696 0.037779
v 0.195779 -0.159580 0.037801
v 0.195854 -0.159464 0.037821
v 0.186441 -0.154014 0.037955
v 0.186523 -0.153888 0.037971
v 0.186605 -0.153761 0.037985
v 0.186685 -0.153637 0.037997
v 0.200037 -0.162996 0.037405
v 0.200097 -0.162904 0.037339
v 0.200077 -0.162934 0.037509
v 0.200142 -0.162835 0.037573
v 0.200170 -0.162792 0.037327
v 0.200243 -0.162679 0.037334
v 0.200316 -0.162567 0.037350
v 0.200210 -0.162729 0.037621
v 0.200280 -0.162621 0.037660
v 0.200351 -0.162512 0.037693
v 0.204883 -0.165506 0.037418
v 0.204923 -0.165445 0.037518
v 0.191296 -0.156510 0.037742
v 0.191371 -0.156395 0.037793
v 0.191354 -0.156421 0.037925
v 0.191445 -0.156281 0.037845
v 0.195888 -0.159412 0.037543
v 0.195960 -0.159300 0.037585
v 0.191433 -0.156299 0.037938
v 0.191518 -0.156168 0.037899
v 0.196033 -0.159189 0.037629
v 0.195930 -0.159347 0.037838
v 0.196006 -0.159230 0.037854
v 0.196082 -0.159114 0.037869
v 0.196105 -0.159077 0.037675
v 0.196177 -0.158966 0.037721
v 0.196158 -0.158997 0.037883
v 0.196249 -0.158856 0.037769
v 0.196234 -0.158879 0.037896
v 0.196310 -0.158762 0.037907
v 0.196321 -0.158746 0.037817
v 0.196386 -0.158645 0.037917
v 0.191512 -0.156178 0.037950
v 0.191590 -0.156058 0.037960
v 0.196392 -0.158636 0.037867
v 0.196461 -0.158529 0.037924
v 0.200388 -0.162455 0.037372
v 0.200460 -0.162345 0.037398
v 0.200531 -0.162235 0.037428
v 0.200602 -0.162125 0.037462
v 0.200673 -0.162016 0.037498
v 0.200744 -0.161908 0.037536
v 0.200423 -0.162401 0.037721
v 0.200495 -0.162290 0.037746
v 0.200568 -0.162179 0.037767
v 0.200640 -0.162067 0.037786
v 0.200713 -0.161955 0.037804
v 0.200786 -0.161843 0.037819
v 0.200814 -0.161800 0.037575
v 0.200884 -0.161692 0.037616
v 0.200953 -0.161585 0.037658
v 0.200859 -0.161730 0.037833
v 0.200932 -0.161618 0.037846
v 0.201005 -0.161505 0.037857
v 0.201023 -0.161478 0.037701
v 0.201092 -0.161371 0.037745
v 0.201078 -0.161393 0.037868
v 0.201151 -0.161280 0.037877
v 0.201161 -0.161265 0.037791
v 0.201225 -0.161167 0.037885
v 0.204940 -0.165418 0.037354
v 0.205010 -0.165311 0.037342
v 0.205080 -0.165203 0.037346
v 0.204985 -0.165350 0.037578
v 0.205051 -0.165248 0.037622
v 0.205150 -0.165095 0.037360
v 0.205220 -0.164988 0.037380
v 0.205289 -0.164881 0.037404
v 0.209690 -0.168077 0.037432
v 0.209744 -0.167993 0.037369
v 0.209811 -0.167890 0.037355
v 0.209729 -0.168017 0.037526
v 0.209789 -0.167925 0.037582
v 0.205118 -0.165144 0.037658
v 0.205187 -0.165039 0.037688
v 0.205256 -0.164932 0.037714
v 0.205325 -0.164826 0.037736
v 0.209852 -0.167828 0.037623
v 0.205358 -0.164776 0.037431
v 0.205426 -0.164670 0.037462
v 0.205494 -0.164566 0.037495
v 0.205562 -0.164461 0.037529
v 0.205629 -0.164357 0.037566
v 0.209879 -0.167787 0.037358
v 0.209946 -0.167683 0.037370
v 0.210012 -0.167581 0.037387
v 0.210079 -0.167479 0.037409
v 0.210145 -0.167377 0.037434
v 0.210210 -0.167276 0.037462
v 0.210276 -0.167175 0.037492
v 0.205395 -0.164719 0.037755
v 0.205464 -0.164611 0.037772
v 0.205534 -0.164503 0.037787
v 0.205697 -0.164253 0.037603
v 0.205604 -0.164396 0.037800
v 0.205674 -0.164288 0.037812
v 0.205745 -0.164180 0.037823
v 0.209917 -0.167728 0.037656
v 0.209983 -0.167626 0.037683
v 0.210049 -0.167524 0.037707
v 0.210115 -0.167422 0.037727
v 0.210182 -0.167319 0.037743
v 0.210249 -0.167216 0.037758
v 0.210316 -0.167113 0.037771
v 0.201230 -0.161159 0.037837
v 0.201297 -0.161056 0.037890
v 0.210341 -0.167075 0.037524
v 0.210406 -0.166975 0.037557
v 0.205764 -0.164150 0.037642
v 0.205831 -0.164047 0.037682
v 0.205898 -0.163944 0.037723
v 0.205815 -0.164072 0.037832
v 0.205885 -0.163964 0.037841
v 0.205964 -0.163842 0.037765
v 0.205955 -0.163855 0.037848
v 0.206030 -0.163740 0.037808
v 0.206026 -0.163747 0.037854
v 0.206095 -0.163641 0.037858
v 0.210470 -0.166875 0.037592
v 0.210383 -0.167010 0.037782
v 0.210450 -0.166906 0.037792
v 0.210518 -0.166803 0.037801
v 0.210535 -0.166776 0.037627
v 0.210599 -0.166677 0.037664
v 0.210664 -0.166578 0.037702
v 0.210585 -0.166699 0.037808
v 0.210652 -0.166595 0.037815
v 0.210720 -0.166492 0.037820
v 0.210727 -0.166480 0.037741
v 0.210787 -0.166388 0.037825
v 0.210791 -0.166381 0.037781
v 0.210853 -0.166286 0.037827
v 0.214457 -0.170710 0.037444
v 0.214508 -0.170631 0.037383
v 0.214572 -0.170532 0.037369
v 0.214494 -0.170652 0.037533
v 0.214552 -0.170564 0.037586
v 0.214636 -0.170433 0.037370
v 0.214700 -0.170335 0.037380
v 0.214764 -0.170236 0.037395
v 0.214828 -0.170138 0.037414
v 0.214612 -0.170470 0.037624
v 0.214675 -0.170374 0.037654
v 0.214738 -0.170277 0.037679
v 0.214801 -0.170179 0.037699
v 0.214865 -0.170081 0.037717
v 0.219264 -0.173279 0.037416
v 0.219317 -0.173198 0.037403
v 0.219371 -0.173115 0.037403
v 0.219222 -0.173345 0.037468
v 0.219254 -0.173296 0.037541
v 0.219302 -0.173222 0.037584
v 0.219353 -0.173144 0.037615
v 0.219404 -0.173064 0.037638
v 0.214891 -0.170041 0.037437
v 0.214954 -0.169944 0.037462
v 0.215017 -0.169848 0.037490
v 0.215079 -0.169752 0.037518
v 0.215141 -0.169656 0.037549
v 0.215203 -0.169560 0.037581
v 0.214929 -0.169983 0.037731
v 0.214993 -0.169884 0.037744
v 0.215057 -0.169786 0.037755
v 0.215121 -0.169687 0.037764
v 0.215185 -0.169588 0.037772
v 0.215250 -0.169489 0.037779
v 0.215265 -0.169465 0.037613
v 0.215327 -0.169370 0.037647
v 0.215388 -0.169275 0.037682
v 0.215450 -0.169181 0.037718
v 0.215314 -0.169390 0.037785
v 0.215378 -0.169291 0.037790
v 0.215443 -0.169192 0.037794
v 0.215507 -0.169092 0.037797
v 0.215511 -0.169086 0.037755
v 0.215570 -0.168995 0.037798
v 0.219424 -0.173033 0.037410
v 0.219477 -0.172952 0.037422
v 0.219530 -0.172870 0.037437
v 0.219583 -0.172789 0.037454
v 0.219635 -0.172708 0.037474
v 0.219687 -0.172628 0.037496
v 0.219740 -0.172548 0.037518
v 0.219457 -0.172983 0.037658
v 0.219510 -0.172902 0.037674
v 0.219563 -0.172820 0.037687
v 0.219616 -0.172738 0.037698
v 0.219669 -0.172656 0.037707
v 0.219722 -0.172574 0.037716
v 0.219776 -0.172492 0.037722
v 0.219791 -0.172468 0.037543
v 0.219843 -0.172388 0.037568
v 0.219895 -0.172309 0.037594
v 0.219829 -0.172410 0.037727
v 0.219883 -0.172327 0.037732
v 0.219946 -0.172230 0.037621
v 0.219936 -0.172245 0.037736
v 0.219990 -0.172163 0.037739
v 0.219997 -0.172151 0.037649
v 0.220049 -0.172072 0.037677
v 0.220100 -0.171993 0.037707
v 0.220043 -0.172080 0.037741
v 0.220097 -0.171998 0.037742
v 0.220149 -0.171917 0.037741
v 0.224027 -0.175919 0.037442
v 0.224067 -0.175856 0.037441
v 0.223955 -0.176030 0.037492
v 0.223987 -0.175980 0.037452
v 0.223979 -0.175992 0.037548
v 0.224016 -0.175936 0.037579
v 0.224108 -0.175794 0.037445
v 0.224055 -0.175876 0.037601
v 0.224148 -0.175731 0.037453
v 0.224189 -0.175670 0.037463
v 0.224229 -0.175608 0.037476
v 0.224269 -0.175546 0.037490
v 0.228665 -0.178749 0.037486
v 0.228644 -0.178782 0.037514
v 0.228661 -0.178756 0.037551
v 0.228686 -0.178717 0.037572
v 0.228693 -0.178707 0.037478
v 0.228721 -0.178664 0.037477
v 0.228748 -0.178621 0.037479
v 0.228712 -0.178676 0.037587
v 0.228776 -0.178579 0.037484
v 0.228803 -0.178536 0.037490
v 0.228831 -0.178494 0.037498
v 0.224094 -0.175815 0.037619
v 0.224134 -0.175754 0.037632
v 0.224174 -0.175692 0.037644
v 0.224214 -0.175630 0.037653
v 0.224255 -0.175567 0.037660
v 0.224295 -0.175505 0.037667
v 0.228739 -0.178635 0.037598
v 0.228767 -0.178593 0.037607
v 0.228794 -0.178550 0.037614
v 0.228822 -0.178508 0.037620
v 0.228850 -0.178465 0.037624
v 0.224308 -0.175485 0.037505
v 0.224348 -0.175424 0.037522
v 0.224387 -0.175363 0.037539
v 0.224427 -0.175303 0.037558
v 0.224466 -0.175242 0.037577
v 0.228858 -0.178452 0.037507
v 0.228885 -0.178410 0.037517
v 0.228912 -0.178368 0.037528
v 0.228940 -0.178327 0.037539
v 0.228967 -0.178285 0.037551
v 0.224505 -0.175182 0.037596
v 0.228993 -0.178244 0.037564
v 0.224336 -0.175443 0.037672
v 0.224377 -0.175380 0.037676
v 0.224417 -0.175318 0.037679
v 0.224458 -0.175255 0.037682
v 0.224498 -0.175193 0.037684
v 0.224544 -0.175122 0.037617
v 0.224539 -0.175130 0.037685
v 0.224580 -0.175067 0.037686
v 0.224584 -0.175062 0.037637
v 0.224620 -0.175005 0.037686
v 0.224622 -0.175002 0.037659
v 0.224660 -0.174943 0.037684
v 0.228877 -0.178423 0.037628
v 0.228905 -0.178380 0.037631
v 0.228933 -0.178337 0.037633
v 0.228960 -0.178294 0.037634
v 0.228988 -0.178252 0.037636
v 0.229016 -0.178209 0.037636
v 0.229020 -0.178202 0.037576
v 0.229047 -0.178161 0.037590
v 0.229044 -0.178166 0.037637
v 0.229074 -0.178120 0.037603
v 0.229071 -0.178123 0.037636
v 0.229099 -0.178081 0.037636
v 0.229101 -0.178079 0.037617
v 0.229127 -0.178039 0.037634
v 0.233300 -0.181585 0.037517
v 0.233288 -0.181603 0.037532
v 0.233298 -0.181589 0.037552
v 0.233311 -0.181568 0.037563
v 0.233315 -0.181562 0.037512
v 0.233329 -0.181539 0.037511
v 0.233344 -0.181517 0.037512
v 0.233359 -0.181494 0.037514
v 0.233374 -0.181471 0.037518
v 0.233326 -0.181546 0.037570
v 0.233340 -0.181523 0.037576
v 0.233355 -0.181501 0.037580
v 0.233370 -0.181478 0.037584
v 0.233416 -0.181406 0.037561
v 0.233384 -0.181455 0.037587
v 0.233389 -0.181448 0.037521
v 0.233403 -0.181426 0.037526
v 0.233418 -0.181403 0.037531
v 0.233433 -0.181381 0.037536
v 0.233447 -0.181358 0.037542
v 0.233462 -0.181336 0.037548
v 0.233476 -0.181314 0.037555
v 0.233491 -0.181291 0.037561
v 0.233505 -0.181269 0.037568
v 0.233399 -0.181432 0.037589
v 0.233414 -0.181409 0.037590
v 0.233429 -0.181386 0.037592
v 0.233444 -0.181363 0.037592
v 0.233459 -0.181341 0.037593
v 0.233474 -0.181318 0.037593
v 0.233488 -0.181295 0.037593
v 0.233519 -0.181247 0.037575
v 0.233503 -0.181272 0.037593
v 0.233518 -0.181249 0.037593
v 0.233534 -0.181225 0.037582
v 0.233548 -0.181203 0.037591
v 0.233533 -0.181226 0.037592
v 0.018861 -0.071133 0.037575
v 0.018847 -0.071155 0.037582
v 0.018964 -0.070974 0.037561
v 0.018833 -0.071177 0.037591
v 0.018847 -0.071154 0.037592
v 0.018862 -0.071132 0.037593
v 0.023280 -0.074302 0.037617
v 0.023306 -0.074261 0.037603
v 0.018875 -0.071111 0.037568
v 0.023333 -0.074219 0.037590
v 0.018890 -0.071089 0.037561
v 0.023360 -0.074178 0.037576
v 0.018904 -0.071067 0.037555
v 0.023387 -0.074137 0.037564
v 0.018919 -0.071044 0.037548
v 0.018877 -0.071109 0.037593
v 0.018892 -0.071086 0.037593
v 0.018933 -0.071022 0.037542
v 0.018907 -0.071063 0.037593
v 0.018922 -0.071040 0.037593
v 0.018937 -0.071017 0.037592
v 0.018962 -0.070977 0.037531
v 0.018948 -0.071000 0.037536
v 0.018977 -0.070955 0.037526
v 0.018992 -0.070932 0.037521
v 0.019006 -0.070909 0.037518
v 0.019021 -0.070887 0.037514
v 0.018951 -0.070994 0.037592
v 0.018966 -0.070971 0.037590
v 0.018981 -0.070948 0.037589
v 0.018996 -0.070925 0.037587
v 0.019011 -0.070903 0.037584
v 0.019026 -0.070880 0.037580
v 0.023414 -0.074095 0.037551
v 0.023441 -0.074054 0.037539
v 0.023468 -0.074012 0.037528
v 0.023495 -0.073970 0.037517
v 0.023522 -0.073928 0.037507
v 0.023550 -0.073886 0.037498
v 0.027875 -0.077199 0.037596
v 0.027914 -0.077138 0.037577
v 0.027953 -0.077078 0.037558
v 0.028112 -0.076834 0.037490
v 0.027993 -0.077017 0.037539
v 0.028032 -0.076956 0.037522
v 0.028072 -0.076895 0.037505
v 0.023281 -0.074300 0.037636
v 0.023254 -0.074342 0.037634
v 0.023309 -0.074257 0.037636
v 0.023337 -0.074214 0.037637
v 0.023364 -0.074171 0.037636
v 0.023392 -0.074129 0.037636
v 0.023420 -0.074086 0.037634
v 0.023448 -0.074043 0.037633
v 0.023475 -0.074000 0.037631
v 0.023503 -0.073958 0.037628
v 0.023531 -0.073915 0.037624
v 0.023558 -0.073873 0.037620
v 0.027758 -0.077379 0.037659
v 0.027720 -0.077437 0.037684
v 0.027760 -0.077375 0.037686
v 0.027801 -0.077313 0.037686
v 0.027797 -0.077319 0.037637
v 0.027836 -0.077259 0.037617
v 0.027841 -0.077250 0.037685
v 0.027882 -0.077188 0.037684
v 0.027923 -0.077125 0.037682
v 0.027963 -0.077063 0.037679
v 0.028004 -0.077000 0.037676
v 0.028044 -0.076938 0.037672
v 0.028085 -0.076875 0.037667
v 0.028125 -0.076813 0.037660
v 0.023604 -0.073802 0.037484
v 0.019036 -0.070864 0.037512
v 0.023632 -0.073759 0.037479
v 0.019051 -0.070841 0.037511
v 0.023660 -0.073716 0.037477
v 0.019066 -0.070818 0.037512
v 0.023688 -0.073674 0.037478
v 0.019080 -0.070795 0.037517
v 0.019092 -0.070778 0.037532
v 0.019083 -0.070792 0.037552
v 0.019040 -0.070857 0.037576
v 0.019055 -0.070835 0.037570
v 0.019069 -0.070813 0.037563
v 0.023577 -0.073844 0.037490
v 0.023614 -0.073788 0.037607
v 0.023641 -0.073746 0.037598
v 0.023715 -0.073632 0.037486
v 0.023668 -0.073704 0.037587
v 0.023694 -0.073663 0.037572
v 0.023720 -0.073624 0.037551
v 0.023737 -0.073598 0.037514
v 0.028152 -0.076773 0.037476
v 0.028192 -0.076711 0.037463
v 0.028232 -0.076649 0.037453
v 0.028272 -0.076587 0.037445
v 0.028313 -0.076524 0.037441
v 0.028353 -0.076462 0.037442
v 0.028394 -0.076400 0.037452
v 0.028364 -0.076445 0.037579
v 0.028401 -0.076388 0.037548
v 0.028426 -0.076351 0.037492
v 0.023586 -0.073830 0.037614
v 0.028166 -0.076751 0.037653
v 0.028206 -0.076689 0.037644
v 0.028246 -0.076627 0.037632
v 0.028286 -0.076565 0.037619
v 0.028326 -0.076504 0.037601
v 0.032486 -0.080071 0.037594
v 0.032537 -0.079992 0.037568
v 0.032693 -0.079752 0.037496
v 0.032589 -0.079912 0.037543
v 0.032641 -0.079833 0.037518
v 0.032281 -0.080387 0.037707
v 0.032231 -0.080464 0.037741
v 0.032284 -0.080382 0.037742
v 0.032337 -0.080300 0.037741
v 0.032332 -0.080309 0.037677
v 0.032383 -0.080230 0.037649
v 0.032434 -0.080151 0.037621
v 0.032391 -0.080218 0.037739
v 0.032444 -0.080135 0.037736
v 0.032498 -0.080053 0.037732
v 0.032551 -0.079971 0.037727
v 0.032605 -0.079888 0.037722
v 0.032658 -0.079806 0.037716
v 0.032711 -0.079724 0.037707
v 0.032745 -0.079672 0.037474
v 0.032797 -0.079591 0.037454
v 0.032850 -0.079510 0.037437
v 0.032903 -0.079429 0.037422
v 0.032956 -0.079347 0.037410
v 0.033009 -0.079265 0.037403
v 0.033063 -0.079183 0.037403
v 0.033079 -0.079158 0.037584
v 0.033116 -0.079101 0.037416
v 0.033158 -0.079036 0.037468
v 0.033127 -0.079084 0.037541
v 0.032765 -0.079642 0.037698
v 0.032818 -0.079560 0.037687
v 0.032871 -0.079479 0.037674
v 0.032923 -0.079397 0.037658
v 0.032976 -0.079317 0.037638
v 0.033028 -0.079237 0.037615
v 0.037115 -0.082915 0.037613
v 0.037177 -0.082820 0.037581
v 0.037239 -0.082725 0.037549
v 0.036810 -0.083386 0.037798
v 0.036873 -0.083288 0.037797
v 0.036869 -0.083294 0.037755
v 0.036938 -0.083189 0.037794
v 0.036992 -0.083105 0.037682
v 0.036931 -0.083200 0.037718
v 0.037002 -0.083090 0.037790
v 0.037066 -0.082991 0.037785
v 0.037053 -0.083010 0.037647
v 0.037131 -0.082892 0.037779
v 0.037195 -0.082793 0.037772
v 0.037259 -0.082694 0.037764
v 0.037364 -0.082533 0.037490
v 0.037301 -0.082629 0.037518
v 0.037426 -0.082436 0.037462
v 0.037489 -0.082339 0.037437
v 0.037616 -0.082144 0.037395
v 0.037680 -0.082046 0.037380
v 0.037744 -0.081947 0.037370
v 0.037553 -0.082242 0.037414
v 0.037323 -0.082595 0.037755
v 0.037388 -0.082496 0.037744
v 0.037452 -0.082397 0.037731
v 0.037516 -0.082299 0.037717
v 0.037643 -0.082103 0.037679
v 0.037579 -0.082201 0.037699
v 0.037706 -0.082006 0.037654
v 0.037768 -0.081910 0.037624
v 0.041589 -0.085999 0.037781
v 0.041527 -0.086094 0.037827
v 0.041593 -0.085992 0.037825
v 0.041661 -0.085889 0.037820
v 0.041717 -0.085802 0.037702
v 0.041653 -0.085901 0.037741
v 0.041781 -0.085704 0.037664
v 0.041845 -0.085604 0.037627
v 0.041728 -0.085785 0.037815
v 0.041795 -0.085681 0.037808
v 0.041863 -0.085578 0.037801
v 0.046416 -0.088539 0.037765
v 0.046286 -0.088740 0.037858
v 0.046355 -0.088633 0.037854
v 0.046350 -0.088641 0.037808
v 0.046425 -0.088525 0.037848
v 0.046495 -0.088417 0.037841
v 0.041910 -0.085505 0.037592
v 0.041975 -0.085405 0.037557
v 0.042039 -0.085306 0.037524
v 0.042302 -0.084902 0.037409
v 0.042105 -0.085205 0.037492
v 0.042170 -0.085105 0.037462
v 0.042236 -0.085003 0.037434
v 0.046684 -0.088127 0.037603
v 0.046751 -0.088023 0.037566
v 0.046886 -0.087815 0.037495
v 0.046818 -0.087919 0.037529
v 0.042064 -0.085267 0.037771
v 0.042131 -0.085164 0.037758
v 0.041930 -0.085474 0.037792
v 0.041997 -0.085371 0.037782
v 0.042198 -0.085061 0.037743
v 0.042265 -0.084958 0.037727
v 0.042331 -0.084856 0.037707
v 0.046550 -0.088333 0.037682
v 0.046483 -0.088436 0.037723
v 0.046617 -0.088230 0.037642
v 0.046566 -0.088309 0.037832
v 0.046636 -0.088201 0.037823
v 0.046706 -0.088093 0.037812
v 0.046776 -0.087985 0.037800
v 0.046846 -0.087877 0.037787
v 0.046916 -0.087769 0.037772
v 0.037808 -0.081848 0.037369
v 0.037872 -0.081750 0.037383
v 0.037886 -0.081728 0.037533
v 0.037924 -0.081670 0.037444
v 0.037829 -0.081817 0.037586
v 0.042368 -0.084800 0.037387
v 0.042435 -0.084697 0.037370
v 0.042502 -0.084594 0.037358
v 0.042569 -0.084490 0.037355
v 0.042636 -0.084387 0.037369
v 0.042690 -0.084304 0.037432
v 0.042652 -0.084363 0.037526
v 0.042592 -0.084455 0.037582
v 0.047091 -0.087499 0.037404
v 0.046954 -0.087710 0.037462
v 0.047023 -0.087605 0.037431
v 0.047161 -0.087392 0.037380
v 0.047230 -0.087285 0.037360
v 0.047300 -0.087178 0.037346
v 0.042463 -0.084653 0.037656
v 0.042398 -0.084754 0.037683
v 0.042528 -0.084553 0.037623
v 0.046986 -0.087662 0.037755
v 0.047055 -0.087555 0.037736
v 0.047125 -0.087448 0.037714
v 0.047262 -0.087236 0.037658
v 0.047194 -0.087342 0.037688
v 0.047330 -0.087132 0.037622
v 0.047370 -0.087069 0.037342
v 0.047440 -0.086962 0.037354
v 0.047458 -0.086935 0.037518
v 0.047497 -0.086874 0.037418
v 0.047396 -0.087031 0.037578
v 0.051219 -0.091116 0.037791
v 0.051084 -0.091324 0.037890
v 0.051156 -0.091213 0.037885
v 0.051150 -0.091222 0.037837
v 0.051229 -0.091101 0.037877
v 0.051358 -0.090903 0.037701
v 0.051288 -0.091009 0.037745
v 0.051427 -0.090796 0.037658
v 0.051302 -0.090988 0.037868
v 0.051375 -0.090875 0.037857
v 0.051448 -0.090763 0.037846
v 0.051521 -0.090650 0.037833
v 0.055919 -0.093851 0.037924
v 0.055988 -0.093745 0.037867
v 0.055994 -0.093735 0.037917
v 0.056070 -0.093618 0.037907
v 0.051567 -0.090580 0.037575
v 0.051637 -0.090472 0.037536
v 0.051497 -0.090688 0.037616
v 0.051921 -0.090036 0.037398
v 0.051707 -0.090364 0.037498
v 0.051778 -0.090255 0.037462
v 0.051849 -0.090146 0.037428
v 0.051594 -0.090538 0.037819
v 0.051667 -0.090426 0.037804
v 0.051740 -0.090314 0.037786
v 0.051813 -0.090202 0.037767
v 0.051885 -0.090090 0.037746
v 0.051957 -0.089979 0.037721
v 0.051992 -0.089925 0.037372
v 0.052065 -0.089814 0.037350
v 0.052138 -0.089701 0.037334
v 0.052211 -0.089589 0.037327
v 0.052284 -0.089476 0.037339
v 0.052239 -0.089546 0.037573
v 0.052303 -0.089447 0.037509
v 0.052344 -0.089384 0.037405
v 0.052029 -0.089869 0.037693
v 0.052100 -0.089759 0.037660
v 0.052170 -0.089651 0.037621
v 0.056420 -0.093080 0.037585
v 0.056493 -0.092968 0.037543
v 0.056131 -0.093524 0.037769
v 0.056203 -0.093414 0.037721
v 0.056060 -0.093635 0.037817
v 0.056147 -0.093501 0.037896
v 0.056223 -0.093384 0.037883
v 0.056299 -0.093267 0.037869
v 0.056275 -0.093303 0.037675
v 0.056347 -0.093192 0.037629
v 0.056374 -0.093150 0.037854
v 0.056450 -0.093033 0.037838
v 0.056526 -0.092917 0.037821
v 0.056713 -0.092629 0.037426
v 0.056566 -0.092856 0.037502
v 0.056639 -0.092743 0.037463
v 0.056787 -0.092515 0.037393
v 0.056861 -0.092400 0.037364
v 0.056937 -0.092284 0.037339
v 0.056752 -0.092568 0.037756
v 0.056602 -0.092800 0.037801
v 0.056677 -0.092684 0.037779
v 0.056827 -0.092453 0.037728
v 0.056975 -0.092225 0.037661
v 0.056902 -0.092338 0.037697
v 0.060791 -0.096323 0.037960
v 0.060868 -0.096203 0.037950
v 0.061010 -0.095985 0.037793
v 0.060936 -0.096099 0.037845
v 0.060862 -0.096213 0.037899
v 0.060947 -0.096081 0.037938
v 0.061026 -0.095959 0.037925
v 0.061105 -0.095838 0.037910
v 0.061308 -0.095525 0.037596
v 0.061384 -0.095409 0.037550
v 0.061459 -0.095293 0.037506
v 0.061159 -0.095756 0.037692
v 0.061084 -0.095871 0.037742
v 0.061233 -0.095641 0.037644
v 0.061184 -0.095716 0.037894
v 0.061263 -0.095595 0.037877
v 0.061342 -0.095474 0.037858
v 0.061420 -0.095353 0.037838
v 0.061499 -0.095232 0.037816
v 0.065845 -0.098513 0.037875
v 0.065769 -0.098630 0.037932
v 0.065998 -0.098277 0.037764
v 0.066075 -0.098158 0.037711
v 0.065921 -0.098395 0.037819
v 0.065939 -0.098367 0.037955
v 0.066021 -0.098241 0.037938
v 0.066103 -0.098115 0.037920
v 0.065695 -0.098743 0.037997
v 0.065776 -0.098619 0.037985
v 0.065858 -0.098493 0.037971
v 0.070630 -0.101117 0.038035
v 0.057012 -0.092168 0.037321
v 0.057088 -0.092051 0.037313
v 0.057164 -0.091934 0.037323
v 0.057119 -0.092003 0.037568
v 0.057186 -0.091901 0.037500
v 0.057227 -0.091837 0.037390
v 0.057048 -0.092112 0.037619
v 0.061611 -0.095058 0.037424
v 0.061688 -0.094940 0.037388
v 0.061535 -0.095176 0.037464
v 0.061844 -0.094701 0.037329
v 0.061766 -0.094821 0.037356
v 0.061922 -0.094580 0.037308
v 0.066230 -0.097920 0.037608
v 0.066386 -0.097680 0.037511
v 0.066308 -0.097800 0.037558
v 0.066464 -0.097559 0.037466
v 0.061733 -0.094872 0.037735
v 0.061577 -0.095112 0.037792
v 0.061655 -0.094992 0.037766
v 0.061886 -0.094636 0.037662
v 0.061810 -0.094753 0.037701
v 0.061961 -0.094520 0.037617
v 0.066152 -0.098039 0.037659
v 0.066185 -0.097989 0.037900
v 0.066348 -0.097738 0.037856
v 0.066266 -0.097864 0.037879
v 0.066429 -0.097613 0.037831
v 0.066510 -0.097489 0.037805
v 0.062001 -0.094458 0.037298
v 0.062080 -0.094337 0.037307
v 0.062035 -0.094407 0.037562
v 0.062103 -0.094301 0.037490
v 0.062146 -0.094235 0.037375
v 0.066543 -0.097437 0.037422
v 0.066623 -0.097315 0.037383
v 0.066703 -0.097192 0.037348
v 0.066783 -0.097067 0.037318
v 0.066865 -0.096942 0.037295
v 0.066947 -0.096816 0.037282
v 0.066983 -0.096759 0.037556
v 0.066671 -0.097241 0.037742
v 0.066751 -0.097118 0.037705
v 0.066591 -0.097364 0.037776
v 0.066830 -0.096996 0.037663
v 0.066908 -0.096876 0.037615
v 0.070706 -0.101000 0.037967
v 0.070863 -0.100758 0.037846
v 0.070784 -0.100879 0.037906
v 0.070942 -0.100636 0.037787
v 0.071022 -0.100513 0.037730
v 0.071052 -0.100467 0.037946
v 0.071137 -0.100337 0.037924
v 0.071262 -0.100144 0.037567
v 0.071505 -0.099770 0.037421
v 0.071342 -0.100020 0.037516
v 0.071423 -0.099895 0.037467
v 0.071181 -0.100268 0.037620
v 0.071101 -0.100391 0.037674
v 0.071221 -0.100207 0.037900
v 0.071305 -0.100077 0.037875
v 0.071389 -0.099948 0.037847
v 0.071473 -0.099819 0.037818
v 0.071556 -0.099690 0.037786
v 0.070714 -0.100988 0.038021
v 0.070798 -0.100858 0.038005
v 0.070883 -0.100727 0.037986
v 0.070968 -0.100597 0.037967
v 0.067029 -0.096690 0.037290
v 0.067097 -0.096584 0.037359
v 0.067054 -0.096651 0.037479
v 0.071587 -0.099643 0.037379
v 0.071753 -0.099387 0.037307
v 0.071670 -0.099516 0.037340
v 0.071837 -0.099258 0.037281
v 0.071922 -0.099127 0.037267
v 0.072035 -0.098954 0.037468
v 0.071962 -0.099066 0.037549
v 0.071639 -0.099562 0.037749
v 0.071803 -0.099310 0.037664
v 0.071722 -0.099436 0.037709
v 0.071884 -0.099186 0.037612
v 0.072007 -0.098996 0.037272
v 0.072079 -0.098886 0.037343
v 0.075752 -0.103203 0.037937
v 0.075833 -0.103078 0.037874
v 0.076078 -0.102700 0.037691
v 0.075996 -0.102826 0.037751
v 0.075914 -0.102952 0.037811
v 0.076116 -0.102641 0.037948
v 0.075593 -0.103448 0.038075
v 0.075679 -0.103315 0.038059
v 0.075671 -0.103327 0.038002
v 0.075767 -0.103180 0.038040
v 0.075854 -0.103045 0.038019
v 0.075942 -0.102910 0.037997
v 0.076029 -0.102776 0.037973
v 0.080620 -0.105679 0.038096
v 0.080706 -0.105546 0.038077
v 0.076243 -0.102446 0.037576
v 0.076494 -0.102060 0.037419
v 0.076327 -0.102318 0.037522
v 0.076410 -0.102189 0.037470
v 0.076161 -0.102573 0.037633
v 0.076204 -0.102507 0.037922
v 0.076290 -0.102373 0.037894
v 0.076377 -0.102240 0.037863
v 0.076464 -0.102107 0.037831
v 0.076550 -0.101974 0.037796
v 0.080778 -0.105436 0.037955
v 0.080858 -0.105312 0.037890
v 0.081101 -0.104938 0.037703
v 0.081020 -0.105063 0.037764
v 0.080939 -0.105188 0.037826
v 0.076579 -0.101929 0.037374
v 0.076664 -0.101798 0.037332
v 0.076750 -0.101665 0.037296
v 0.076837 -0.101532 0.037267
v 0.076925 -0.101396 0.037250
v 0.077043 -0.101215 0.037456
v 0.076968 -0.101330 0.037542
v 0.081265 -0.104686 0.037585
v 0.081513 -0.104304 0.037423
v 0.081430 -0.104432 0.037475
v 0.081347 -0.104559 0.037529
v 0.076636 -0.101842 0.037756
v 0.076805 -0.101581 0.037664
v 0.076721 -0.101711 0.037713
v 0.076888 -0.101454 0.037608
v 0.081183 -0.104812 0.037643
v 0.081227 -0.104744 0.037930
v 0.081314 -0.104611 0.037900
v 0.081486 -0.104346 0.037833
v 0.081400 -0.104478 0.037868
v 0.081571 -0.104214 0.037797
v 0.085843 -0.107609 0.037963
v 0.085921 -0.107489 0.037898
v 0.086078 -0.107247 0.037772
v 0.086000 -0.107368 0.037834
v 0.080698 -0.105560 0.038021
v 0.080793 -0.105412 0.038056
v 0.080880 -0.105278 0.038034
v 0.080967 -0.105144 0.038010
v 0.081054 -0.105011 0.037985
v 0.081141 -0.104877 0.037958
v 0.085691 -0.107843 0.038104
v 0.085766 -0.107728 0.038030
v 0.085775 -0.107715 0.038084
v 0.085859 -0.107584 0.038062
v 0.085944 -0.107454 0.038038
v 0.086029 -0.107324 0.038013
v 0.086113 -0.107194 0.037986
v 0.077013 -0.101261 0.037254
v 0.077087 -0.101146 0.037325
v 0.081597 -0.104174 0.037376
v 0.081682 -0.104044 0.037333
v 0.081767 -0.103912 0.037295
v 0.081854 -0.103779 0.037264
v 0.081941 -0.103645 0.037245
v 0.081986 -0.103576 0.037534
v 0.081824 -0.103825 0.037660
v 0.081741 -0.103954 0.037710
v 0.081656 -0.104084 0.037756
v 0.081906 -0.103699 0.037603
v 0.082029 -0.103510 0.037248
v 0.082103 -0.103395 0.037317
v 0.082060 -0.103462 0.037448
v 0.086316 -0.106881 0.037592
v 0.086557 -0.106510 0.037430
v 0.086396 -0.106758 0.037536
v 0.086476 -0.106634 0.037482
v 0.086236 -0.107004 0.037651
v 0.086157 -0.107126 0.037711
v 0.086281 -0.106934 0.037929
v 0.086365 -0.106805 0.037898
v 0.086449 -0.106676 0.037865
v 0.086532 -0.106548 0.037830
v 0.086616 -0.106419 0.037792
v 0.086638 -0.106384 0.037382
v 0.086721 -0.106258 0.037338
v 0.086804 -0.106130 0.037299
v 0.086887 -0.106001 0.037267
v 0.086972 -0.105870 0.037247
v 0.087018 -0.105800 0.037528
v 0.086780 -0.106166 0.037704
v 0.086698 -0.106292 0.037750
v 0.086861 -0.106042 0.037654
v 0.086941 -0.105919 0.037596
v 0.086197 -0.107064 0.037958
v 0.087058 -0.105739 0.037247
v 0.087131 -0.105626 0.037313
v 0.087089 -0.105690 0.037442
v 0.091002 -0.109637 0.037906
v 0.091078 -0.109521 0.037842
v 0.090927 -0.109753 0.037971
v 0.091385 -0.109049 0.037599
v 0.091462 -0.108929 0.037543
v 0.091540 -0.108809 0.037488
v 0.091154 -0.109403 0.037779
v 0.091231 -0.109286 0.037718
v 0.091307 -0.109167 0.037658
v 0.091353 -0.109097 0.037928
v 0.091435 -0.108971 0.037896
v 0.091516 -0.108846 0.037862
v 0.091597 -0.108721 0.037826
v 0.096098 -0.111764 0.037912
v 0.090779 -0.109981 0.038111
v 0.090861 -0.109855 0.038090
v 0.090852 -0.109869 0.038037
v 0.090943 -0.109729 0.038066
v 0.091025 -0.109602 0.038041
v 0.091108 -0.109475 0.038015
v 0.091190 -0.109349 0.037988
v 0.091271 -0.109223 0.037958
v 0.095882 -0.112096 0.038117
v 0.095961 -0.111974 0.038095
v 0.095952 -0.111988 0.038043
v 0.096025 -0.111876 0.037977
v 0.096041 -0.111851 0.038070
v 0.096201 -0.111605 0.038017
v 0.096121 -0.111728 0.038044
v 0.091618 -0.108689 0.037436
v 0.091777 -0.108444 0.037343
v 0.091697 -0.108567 0.037388
v 0.091858 -0.108320 0.037303
v 0.091939 -0.108195 0.037271
v 0.091758 -0.108474 0.037745
v 0.091837 -0.108351 0.037699
v 0.091678 -0.108597 0.037788
v 0.091916 -0.108230 0.037648
v 0.091993 -0.108112 0.037590
v 0.092022 -0.108068 0.037249
v 0.092105 -0.107940 0.037248
v 0.092177 -0.107829 0.037310
v 0.092137 -0.107890 0.037436
v 0.092068 -0.107997 0.037522
v 0.096468 -0.111194 0.037606
v 0.096543 -0.111078 0.037549
v 0.096245 -0.111537 0.037786
v 0.096319 -0.111423 0.037725
v 0.096171 -0.111651 0.037848
v 0.096393 -0.111309 0.037665
v 0.096439 -0.111238 0.037927
v 0.096519 -0.111116 0.037894
v 0.096598 -0.110994 0.037859
v 0.096771 -0.110727 0.037393
v 0.096618 -0.110962 0.037495
v 0.096694 -0.110845 0.037442
v 0.096848 -0.110608 0.037348
v 0.096927 -0.110488 0.037308
v 0.101605 -0.113257 0.037604
v 0.096832 -0.110633 0.037740
v 0.096676 -0.110873 0.037822
v 0.096755 -0.110753 0.037783
v 0.096909 -0.110514 0.037693
v 0.096985 -0.110397 0.037642
v 0.101290 -0.113741 0.037873
v 0.101352 -0.113645 0.037817
v 0.101415 -0.113549 0.037763
v 0.101478 -0.113452 0.037709
v 0.101541 -0.113355 0.037656
v 0.101582 -0.113291 0.037879
v 0.096360 -0.111360 0.037958
v 0.101650 -0.113187 0.037850
v 0.096281 -0.111482 0.037988
v 0.101107 -0.114023 0.038052
v 0.101166 -0.113932 0.037988
v 0.101174 -0.113920 0.038032
v 0.101242 -0.113815 0.038009
v 0.101228 -0.113837 0.037930
v 0.101311 -0.113710 0.037985
v 0.101379 -0.113605 0.037961
v 0.101447 -0.113500 0.037935
v 0.101514 -0.113396 0.037907
v 0.097006 -0.110366 0.037274
v 0.097086 -0.110243 0.037252
v 0.097167 -0.110118 0.037248
v 0.097237 -0.110010 0.037308
v 0.097132 -0.110171 0.037516
v 0.097199 -0.110068 0.037431
v 0.097060 -0.110282 0.037584
v 0.101669 -0.113158 0.037555
v 0.101733 -0.113059 0.037507
v 0.101797 -0.112960 0.037460
v 0.101863 -0.112859 0.037417
v 0.101995 -0.112655 0.037341
v 0.101929 -0.112758 0.037377
v 0.101717 -0.113084 0.037818
v 0.101784 -0.112981 0.037785
v 0.101917 -0.112776 0.037712
v 0.101983 -0.112675 0.037671
v 0.101851 -0.112878 0.037751
v 0.102063 -0.112552 0.037311
v 0.102131 -0.112446 0.037290
v 0.102229 -0.112296 0.037441
v 0.102172 -0.112383 0.037515
v 0.102200 -0.112340 0.037286
v 0.102261 -0.112247 0.037335
v 0.102047 -0.112575 0.037625
v 0.102111 -0.112477 0.037574
v 0.106604 -0.115531 0.037730
v 0.106504 -0.115685 0.037822
v 0.106454 -0.115762 0.037869
v 0.106554 -0.115608 0.037776
v 0.106631 -0.115490 0.037868
v 0.106405 -0.115838 0.037917
v 0.106756 -0.115297 0.037599
v 0.106807 -0.115218 0.037558
v 0.106963 -0.114978 0.037444
v 0.106859 -0.115139 0.037518
v 0.106911 -0.115059 0.037479
v 0.106705 -0.115375 0.037642
v 0.106655 -0.115453 0.037686
v 0.106685 -0.115406 0.037845
v 0.106740 -0.115323 0.037821
v 0.106794 -0.115239 0.037796
v 0.106848 -0.115156 0.037770
v 0.106576 -0.115575 0.037891
v 0.106521 -0.115659 0.037912
v 0.106955 -0.114990 0.037713
v 0.107009 -0.114908 0.037681
v 0.106902 -0.115073 0.037742
v 0.111610 -0.117796 0.037879
v 0.106357 -0.115912 0.037969
v 0.111646 -0.117741 0.037838
v 0.111651 -0.117733 0.037865
v 0.106411 -0.115828 0.037952
v 0.111693 -0.117668 0.037849
v 0.106466 -0.115743 0.037932
v 0.107016 -0.114896 0.037410
v 0.107070 -0.114814 0.037380
v 0.107124 -0.114731 0.037355
v 0.107179 -0.114646 0.037336
v 0.107164 -0.114668 0.037566
v 0.107213 -0.114593 0.037517
v 0.107235 -0.114560 0.037332
v 0.107284 -0.114485 0.037370
v 0.107259 -0.114523 0.037457
v 0.107061 -0.114827 0.037646
v 0.107113 -0.114747 0.037608
v 0.111911 -0.117332 0.037592
v 0.111950 -0.117272 0.037559
v 0.111989 -0.117212 0.037528
v 0.111835 -0.117450 0.037659
v 0.111796 -0.117508 0.037694
v 0.111758 -0.117567 0.037729
v 0.111683 -0.117683 0.037801
v 0.111721 -0.117625 0.037765
v 0.111734 -0.117604 0.037833
v 0.111776 -0.117540 0.037816
v 0.111817 -0.117477 0.037798
v 0.111858 -0.117413 0.037780
v 0.111873 -0.117391 0.037625
v 0.111982 -0.117223 0.037720
v 0.112023 -0.117160 0.037698
v 0.111900 -0.117349 0.037760
v 0.111941 -0.117286 0.037741
v 0.112108 -0.117029 0.037443
v 0.112149 -0.116966 0.037420
v 0.112190 -0.116903 0.037399
v 0.112028 -0.117152 0.037498
v 0.112068 -0.117090 0.037470
v 0.112221 -0.116854 0.037559
v 0.112231 -0.116839 0.037385
v 0.112274 -0.116774 0.037380
v 0.112311 -0.116716 0.037409
v 0.112292 -0.116745 0.037475
v 0.112258 -0.116797 0.037521
v 0.112183 -0.116914 0.037592
v 0.111966 -0.117248 0.037640
v 0.112063 -0.117098 0.037674
v 0.112104 -0.117036 0.037649
v 0.112143 -0.116974 0.037622
f 1 2 3
f 4 1 3
f 3 5 6
f 6 7 8
f 8 9 10
f 2 5 3
f 5 7 6
f 7 9 8
f 9 11 10
f 4 3 6
f 4 6 8
f 4 8 10
f 4 10 12
f 10 11 12
f 12 13 14
f 4 12 14
f 4 14 15
f 14 16 15
f 11 13 12
f 13 16 14
f 16 17 15
f 2 18 5
f 5 19 7
f 7 20 9
f 18 19 5
f 9 21 11
f 11 22 13
f 13 23 16
f 16 24 17
f 19 20 7
f 20 21 9
f 21 22 11
f 22 23 13
f 25 19 18
f 25 20 19
f 23 24 16
f 24 26 17
f 25 21 20
f 25 22 21
f 25 23 22
f 25 24 23
f 25 26 24
f 4 15 27
f 4 27 28
f 15 17 27
f 27 29 28
f 4 28 30
f 4 30 31
f 4 31 32
f 4 32 33
f 28 34 30
f 17 29 27
f 29 34 28
f 34 35 30
f 4 33 36
f 30 35 31
f 31 37 32
f 32 38 33
f 33 39 36
f 35 37 31
f 37 38 32
f 38 39 33
f 39 40 36
f 17 26 29
f 29 41 34
f 34 42 35
f 35 43 37
f 26 41 29
f 41 42 34
f 25 41 26
f 25 42 41
f 25 43 42
f 25 44 43
f 25 45 44
f 42 43 35
f 43 44 37
f 44 45 38
f 25 46 45
f 25 47 46
f 37 44 38
f 38 45 39
f 39 46 40
f 45 46 39
f 46 47 40
f 48 49 1
f 4 48 1
f 50 51 48
f 52 53 50
f 54 55 52
f 49 2 1
f 51 49 48
f 53 51 50
f 55 53 52
f 4 50 48
f 4 52 50
f 4 54 52
f 4 56 54
f 56 57 54
f 4 58 56
f 4 59 58
f 58 60 56
f 59 61 58
f 57 55 54
f 60 57 56
f 61 60 58
f 49 62 2
f 51 63 49
f 53 64 51
f 62 18 2
f 63 62 49
f 55 65 53
f 57 66 55
f 60 67 57
f 61 68 60
f 64 63 51
f 65 64 53
f 66 65 55
f 25 18 62
f 25 62 63
f 67 66 57
f 68 67 60
f 25 63 64
f 25 64 65
f 25 65 66
f 25 66 67
f 25 67 68
f 4 69 59
f 4 70 69
f 69 71 59
f 4 72 70
f 4 73 72
f 4 74 73
f 4 75 74
f 70 76 69
f 72 77 70
f 71 61 59
f 76 71 69
f 77 76 70
f 4 36 75
f 73 78 72
f 74 79 73
f 75 80 74
f 36 40 75
f 78 77 72
f 79 78 73
f 80 79 74
f 40 80 75
f 71 81 61
f 76 82 71
f 77 83 76
f 78 84 77
f 81 68 61
f 82 81 71
f 25 68 81
f 25 81 82
f 25 82 83
f 25 83 84
f 25 84 85
f 83 82 76
f 84 83 77
f 85 84 78
f 86 85 79
f 25 85 86
f 25 86 47
f 79 85 78
f 80 86 79
f 40 47 80
f 47 86 80
f 87 88 89
f 90 87 89
f 90 91 87
f 90 92 91
f 90 93 92
f 90 89 94
f 90 94 95
f 90 95 96
f 89 97 94
f 94 98 95
f 90 96 99
f 91 100 87
f 92 101 91
f 93 102 92
f 103 104 93
f 90 103 93
f 90 105 103
f 90 106 105
f 90 107 106
f 90 108 107
f 95 109 96
f 96 110 99
f 105 111 103
f 106 112 105
f 107 113 106
f 108 114 107
f 115 116 108
f 87 100 88
f 89 88 97
f 91 101 100
f 94 97 98
f 95 98 109
f 92 102 101
f 93 104 102
f 103 111 104
f 96 109 110
f 105 112 111
f 106 113 112
f 90 99 117
f 90 117 118
f 90 118 119
f 90 119 120
f 90 115 108
f 90 121 115
f 90 122 121
f 90 120 123
f 90 123 124
f 90 124 125
f 90 125 126
f 99 127 117
f 117 128 118
f 118 129 119
f 90 130 122
f 90 131 130
f 90 126 132
f 90 132 133
f 90 134 131
f 90 133 135
f 90 136 134
f 90 137 136
f 119 138 120
f 120 139 123
f 121 140 115
f 123 141 124
f 90 135 142
f 90 142 143
f 90 144 137
f 90 143 144
f 124 145 125
f 125 146 126
f 99 110 127
f 117 127 128
f 118 128 129
f 119 129 138
f 107 114 113
f 108 116 114
f 115 140 116
f 122 147 121
f 130 148 122
f 131 149 130
f 134 150 131
f 126 151 132
f 132 152 133
f 136 153 134
f 137 154 136
f 133 155 135
f 135 156 142
f 142 157 143
f 144 158 137
f 143 159 144
f 120 138 139
f 123 139 141
f 121 147 140
f 124 141 145
f 125 145 146
f 122 148 147
f 130 149 148
f 131 150 149
f 126 146 151
f 132 151 152
f 134 153 150
f 136 154 153
f 133 152 155
f 135 155 156
f 100 160 88
f 88 161 97
f 101 162 100
f 102 163 101
f 104 164 102
f 100 162 160
f 88 160 161
f 97 165 98
f 98 166 109
f 97 161 165
f 111 167 104
f 112 168 111
f 101 163 162
f 102 164 163
f 104 167 164
f 111 168 167
f 113 169 112
f 114 170 113
f 98 165 166
f 109 166 171
f 109 171 110
f 110 172 127
f 127 173 128
f 128 174 129
f 129 175 138
f 110 171 172
f 127 172 173
f 138 176 139
f 137 158 154
f 142 156 157
f 143 157 159
f 144 159 158
f 112 169 168
f 116 177 114
f 140 178 116
f 113 170 169
f 114 177 170
f 116 178 177
f 140 179 178
f 162 180 160
f 163 181 162
f 160 182 161
f 164 183 163
f 161 184 165
f 165 185 166
f 167 186 164
f 168 187 167
f 169 188 168
f 147 179 140
f 148 189 147
f 128 173 174
f 129 174 175
f 139 190 141
f 141 191 145
f 145 192 146
f 138 175 176
f 149 193 148
f 150 194 149
f 147 189 179
f 148 193 189
f 146 195 151
f 151 196 152
f 153 197 150
f 152 198 155
f 154 199 153
f 139 176 190
f 141 190 191
f 145 191 192
f 146 192 195
f 166 200 171
f 171 201 172
f 172 202 173
f 173 203 174
f 170 204 169
f 177 205 170
f 178 206 177
f 179 207 178
f 149 194 193
f 158 208 154
f 150 197 194
f 151 195 196
f 153 199 197
f 154 208 199
f 174 209 175
f 175 210 176
f 176 211 190
f 189 212 179
f 193 213 189
f 194 214 193
f 190 215 191
f 191 216 192
f 155 217 156
f 156 218 157
f 159 219 158
f 157 220 159
f 152 196 198
f 155 198 217
f 158 219 208
f 156 217 218
f 159 220 219
f 157 218 220
f 192 221 195
f 197 222 194
f 199 223 197
f 208 224 199
f 195 225 196
f 196 226 198
f 198 227 217
f 219 228 208
f 217 229 218
f 220 230 219
f 218 231 220
f 162 181 180
f 160 180 182
f 163 183 181
f 164 186 183
f 161 182 184
f 165 184 185
f 166 185 200
f 171 200 201
f 167 187 186
f 168 188 187
f 169 204 188
f 170 205 204
f 177 206 205
f 178 207 206
f 181 232 180
f 180 233 182
f 183 234 181
f 182 235 184
f 184 236 185
f 186 237 183
f 187 238 186
f 188 239 187
f 181 234 232
f 180 232 233
f 183 237 234
f 186 238 237
f 182 233 235
f 184 235 236
f 172 201 202
f 173 202 203
f 174 203 209
f 175 209 210
f 176 210 211
f 185 240 200
f 200 241 201
f 185 236 240
f 179 212 207
f 204 242 188
f 205 243 204
f 187 239 238
f 188 242 239
f 206 244 205
f 204 243 242
f 207 245 206
f 212 246 207
f 205 244 243
f 206 245 244
f 189 213 212
f 193 214 213
f 194 222 214
f 190 211 215
f 191 215 216
f 197 223 222
f 199 224 223
f 201 247 202
f 200 240 241
f 201 241 247
f 202 248 203
f 203 249 209
f 213 250 212
f 202 247 248
f 209 251 210
f 210 252 211
f 211 253 215
f 203 248 249
f 209 249 251
f 207 246 245
f 212 250 246
f 214 254 213
f 222 255 214
f 213 254 250
f 223 256 222
f 210 251 252
f 211 252 253
f 215 253 257
f 214 255 254
f 222 256 255
f 224 258 223
f 228 259 224
f 223 258 256
f 234 260 232
f 232 261 233
f 233 262 235
f 237 263 234
f 238 264 237
f 239 265 238
f 235 266 236
f 232 260 261
f 234 263 260
f 237 264 263
f 233 261 262
f 235 262 266
f 236 267 240
f 242 268 239
f 243 269 242
f 244 270 243
f 245 271 244
f 246 272 245
f 250 273 246
f 238 265 264
f 239 268 265
f 242 269 268
f 243 270 269
f 244 271 270
f 240 274 241
f 241 275 247
f 247 276 248
f 248 277 249
f 249 278 251
f 251 279 252
f 236 266 267
f 240 267 274
f 241 274 275
f 247 275 276
f 248 276 277
f 192 216 221
f 195 221 225
f 196 225 226
f 208 228 224
f 198 226 227
f 219 230 228
f 217 227 229
f 218 229 231
f 220 231 230
f 215 257 216
f 216 280 221
f 221 281 225
f 225 282 226
f 230 283 228
f 226 284 227
f 216 257 280
f 221 280 281
f 224 259 258
f 245 272 271
f 246 273 272
f 250 285 273
f 254 285 250
f 255 286 254
f 252 287 253
f 256 288 255
f 258 289 256
f 259 290 258
f 249 277 278
f 251 278 279
f 252 279 287
f 254 286 285
f 255 288 286
f 256 289 288
f 253 287 291
f 283 292 259
f 258 290 289
f 259 292 290
f 227 293 229
f 231 294 230
f 229 295 231
f 225 281 282
f 226 282 284
f 228 283 259
f 230 294 283
f 227 284 293
f 229 293 295
f 231 295 294
f 253 291 257
f 257 296 280
f 280 297 281
f 281 298 282
f 257 291 296
f 294 299 283
f 282 300 284
f 284 301 293
f 295 302 294
f 293 303 295
f 280 296 297
f 281 297 298
f 282 298 300
f 283 299 292
f 294 302 299
f 284 300 301
f 293 301 303
f 295 303 302
f 263 304 260
f 260 305 261
f 264 306 263
f 265 307 264
f 263 306 304
f 260 304 305
f 261 308 262
f 262 309 266
f 261 305 308
f 266 310 267
f 268 311 265
f 269 312 268
f 270 313 269
f 264 307 306
f 265 311 307
f 268 312 311
f 262 308 309
f 271 314 270
f 269 313 312
f 270 314 313
f 272 315 271
f 273 316 272
f 306 317 304
f 307 318 306
f 304 319 305
f 311 320 307
f 305 321 308
f 308 322 309
f 267 323 274
f 274 324 275
f 266 309 310
f 267 310 323
f 274 323 324
f 275 325 276
f 276 326 277
f 277 327 278
f 275 324 325
f 271 315 314
f 285 328 273
f 272 316 315
f 273 328 316
f 285 329 328
f 312 330 311
f 313 331 312
f 314 332 313
f 315 333 314
f 316 334 315
f 286 329 285
f 278 335 279
f 279 336 287
f 276 325 326
f 277 326 327
f 278 327 335
f 288 337 286
f 289 338 288
f 286 337 329
f 288 338 337
f 290 339 289
f 279 335 336
f 287 336 340
f 309 341 310
f 310 342 323
f 323 343 324
f 324 344 325
f 325 345 326
f 306 318 317
f 304 317 319
f 305 319 321
f 307 320 318
f 311 330 320
f 308 321 322
f 312 331 330
f 313 332 331
f 314 333 332
f 318 346 317
f 320 347 318
f 317 348 319
f 330 349 320
f 318 347 346
f 317 346 348
f 319 350 321
f 321 351 322
f 309 322 341
f 310 341 342
f 323 342 343
f 324 343 344
f 287 340 291
f 291 352 296
f 296 353 297
f 291 340 352
f 328 354 316
f 329 355 328
f 289 339 338
f 292 356 290
f 299 357 292
f 290 356 339
f 292 357 356
f 299 358 357
f 337 359 329
f 326 360 327
f 327 361 335
f 335 362 336
f 338 363 337
f 339 364 338
f 356 365 339
f 357 366 356
f 358 367 357
f 315 334 333
f 316 354 334
f 328 355 354
f 329 359 355
f 331 368 330
f 332 369 331
f 320 349 347
f 330 368 349
f 319 348 350
f 321 350 351
f 333 370 332
f 334 371 333
f 331 369 368
f 332 370 369
f 333 371 370
f 354 372 334
f 325 344 345
f 326 345 360
f 327 360 361
f 337 363 359
f 335 361 362
f 336 362 373
f 322 374 341
f 341 375 342
f 342 376 343
f 322 351 374
f 341 374 375
f 342 375 376
f 343 376 377
f 343 377 344
f 344 378 345
f 334 372 371
f 355 379 354
f 359 380 355
f 363 381 359
f 354 379 372
f 355 380 379
f 359 381 380
f 338 364 363
f 339 365 364
f 356 366 365
f 357 367 366
f 358 382 367
f 345 383 360
f 360 384 361
f 361 385 362
f 344 377 378
f 345 378 383
f 364 386 363
f 365 387 364
f 363 386 381
f 362 388 373
f 360 383 384
f 361 384 385
f 362 385 388
f 297 389 298
f 302 358 299
f 298 390 300
f 300 391 301
f 296 352 353
f 297 353 389
f 303 392 302
f 301 393 303
f 298 389 390
f 302 392 358
f 300 390 391
f 301 391 393
f 336 373 340
f 340 394 352
f 303 393 392
f 352 395 353
f 353 396 389
f 389 397 390
f 392 382 358
f 390 398 391
f 393 399 392
f 391 400 393
f 340 373 394
f 352 394 395
f 353 395 396
f 389 396 397
f 392 399 382
f 390 397 398
f 373 401 394
f 366 402 365
f 364 387 386
f 365 402 387
f 367 403 366
f 382 404 367
f 373 388 401
f 366 403 402
f 367 404 403
f 382 405 404
f 391 398 400
f 393 400 399
f 394 406 395
f 395 407 396
f 396 408 397
f 394 401 406
f 395 406 407
f 399 405 382
f 397 409 398
f 400 410 399
f 398 411 400
f 396 407 408
f 399 410 405
f 397 408 409
f 400 411 410
f 398 409 411
f 347 412 346
f 349 413 347
f 368 414 349
f 346 415 348
f 348 416 350
f 350 417 351
f 347 413 412
f 346 412 415
f 369 418 368
f 370 419 369
f 371 420 370
f 372 421 371
f 379 422 372
f 349 414 413
f 368 418 414
f 348 415 416
f 350 416 417
f 369 419 418
f 370 420 419
f 371 421 420
f 414 423 413
f 413 424 412
f 418 425 414
f 412 426 415
f 415 427 416
f 351 428 374
f 374 429 375
f 375 430 376
f 376 431 377
f 377 432 378
f 351 417 428
f 374 428 429
f 375 429 430
f 376 430 431
f 416 433 417
f 413 423 424
f 412 424 426
f 415 426 427
f 380 434 379
f 381 435 380
f 386 436 381
f 372 422 421
f 419 437 418
f 420 438 419
f 421 439 420
f 379 434 422
f 380 435 434
f 422 440 421
f 381 436 435
f 434 441 422
f 435 442 434
f 378 443 383
f 383 444 384
f 384 445 385
f 387 446 386
f 402 447 387
f 403 448 402
f 385 449 388
f 388 450 401
f 417 451 428
f 428 452 429
f 429 453 430
f 377 431 432
f 378 432 443
f 383 443 444
f 386 446 436
f 387 447 446
f 430 454 431
f 384 444 445
f 385 445 449
f 431 455 432
f 432 456 443
f 436 457 435
f 446 458 436
f 404 459 403
f 405 460 404
f 410 461 405
f 402 448 447
f 403 459 448
f 388 449 450
f 401 450 462
f 443 463 444
f 444 464 445
f 445 465 449
f 447 466 446
f 448 467 447
f 459 468 448
f 404 460 459
f 405 461 460
f 410 469 461
f 449 470 450
f 450 471 462
f 414 425 423
f 418 437 425
f 419 438 437
f 416 427 433
f 420 439 438
f 421 440 439
f 422 441 440
f 423 472 424
f 424 473 426
f 425 474 423
f 437 475 425
f 438 476 437
f 423 474 472
f 425 475 474
f 426 477 427
f 424 472 473
f 426 473 477
f 427 477 478
f 417 433 451
f 428 451 452
f 429 452 453
f 430 453 454
f 431 454 455
f 427 478 433
f 433 479 451
f 434 442 441
f 435 457 442
f 436 458 457
f 446 466 458
f 439 480 438
f 440 481 439
f 441 482 440
f 437 476 475
f 438 480 476
f 439 481 480
f 440 482 481
f 441 483 482
f 442 483 441
f 457 484 442
f 458 485 457
f 442 484 483
f 432 455 456
f 443 456 463
f 447 467 466
f 444 463 464
f 445 464 465
f 449 465 470
f 451 486 452
f 452 487 453
f 453 488 454
f 433 478 479
f 451 479 486
f 452 486 487
f 453 487 488
f 454 489 455
f 455 490 456
f 456 491 463
f 454 488 489
f 455 489 490
f 401 462 406
f 406 492 407
f 407 493 408
f 408 494 409
f 411 469 410
f 409 495 411
f 406 462 492
f 407 492 493
f 408 493 494
f 409 494 495
f 474 496 472
f 475 497 474
f 472 498 473
f 473 499 477
f 476 500 475
f 480 501 476
f 481 502 480
f 472 496 498
f 475 500 497
f 474 497 496
f 476 501 500
f 473 498 499
f 477 499 503
f 477 503 478
f 478 504 479
f 479 505 486
f 478 503 504
f 497 506 496
f 496 507 498
f 460 508 459
f 461 509 460
f 462 510 492
f 469 511 461
f 466 512 458
f 457 485 484
f 458 512 485
f 466 513 512
f 448 468 467
f 459 508 468
f 450 470 471
f 460 509 508
f 462 471 510
f 492 510 514
f 461 511 509
f 469 515 511
f 467 513 466
f 468 516 467
f 463 517 464
f 464 518 465
f 465 519 470
f 456 490 491
f 463 491 517
f 464 517 518
f 508 520 468
f 509 521 508
f 467 516 513
f 468 520 516
f 508 521 520
f 470 522 471
f 511 523 509
f 471 524 510
f 465 518 519
f 470 519 522
f 509 523 521
f 510 525 514
f 515 526 511
f 514 527 528
f 529 530 515
f 471 522 524
f 510 524 525
f 511 526 523
f 515 530 526
f 514 525 527
f 528 527 531
f 529 531 530
f 411 495 469
f 492 514 493
f 493 528 494
f 495 515 469
f 494 529 495
f 493 514 528
f 494 528 529
f 495 529 515
f 528 531 529
f 482 532 481
f 483 533 482
f 484 534 483
f 485 535 484
f 512 536 485
f 513 537 512
f 480 502 501
f 481 532 502
f 482 533 532
f 483 534 533
f 484 535 534
f 485 536 535
f 486 538 487
f 487 539 488
f 488 540 489
f 489 541 490
f 490 542 491
f 491 543 517
f 479 504 505
f 486 505 538
f 487 538 539
f 488 539 540
f 489 540 541
f 490 541 542
f 512 537 536
f 513 544 537
f 516 544 513
f 520 545 516
f 521 546 520
f 517 547 518
f 518 548 519
f 519 549 522
f 523 550 521
f 526 551 523
f 522 552 524
f 524 553 525
f 530 554 526
f 525 555 527
f 516 545 544
f 520 546 545
f 491 542 543
f 517 543 547
f 518 547 548
f 521 550 546
f 523 551 550
f 519 548 549
f 522 549 552
f 526 554 551
f 524 552 553
f 500 556 497
f 501 557 500
f 502 558 501
f 497 556 506
f 500 557 556
f 498 559 499
f 496 506 507
f 498 507 559
f 499 559 560
f 532 561 502
f 533 562 532
f 534 563 533
f 501 558 557
f 502 561 558
f 532 562 561
f 556 564 506
f 557 565 556
f 558 566 557
f 506 567 507
f 507 568 559
f 499 560 503
f 503 569 504
f 504 570 505
f 505 571 538
f 538 572 539
f 503 560 569
f 504 569 570
f 505 570 571
f 559 573 560
f 533 563 562
f 535 574 534
f 536 575 535
f 537 576 536
f 534 574 563
f 535 575 574
f 536 576 575
f 544 577 537
f 545 578 544
f 537 577 576
f 544 578 577
f 561 579 558
f 562 580 561
f 563 581 562
f 574 582 563
f 575 583 574
f 576 584 575
f 577 585 576
f 539 586 540
f 538 571 572
f 539 572 586
f 540 586 587
f 540 587 541
f 541 588 542
f 546 589 545
f 545 589 578
f 542 590 543
f 543 591 547
f 547 592 548
f 541 587 588
f 542 588 590
f 543 590 591
f 560 593 569
f 569 594 570
f 570 595 571
f 571 596 572
f 572 597 586
f 586 598 587
f 587 599 588
f 531 600 530
f 527 601 531
f 530 600 554
f 525 553 555
f 527 555 601
f 531 601 600
f 578 602 577
f 589 603 578
f 550 604 546
f 551 605 550
f 554 606 551
f 546 604 589
f 550 605 604
f 551 606 605
f 548 607 549
f 549 608 552
f 600 609 554
f 552 610 553
f 547 591 592
f 548 592 607
f 549 607 608
f 552 608 610
f 554 609 606
f 601 611 600
f 553 612 555
f 555 613 601
f 600 611 609
f 553 610 612
f 601 613 611
f 555 612 613
f 604 614 589
f 588 615 590
f 590 616 591
f 591 617 592
f 605 618 604
f 606 619 605
f 609 620 606
f 592 621 607
f 607 622 608
f 608 623 610
f 611 624 609
f 610 625 612
f 613 626 611
f 612 627 613
f 556 565 564
f 557 566 565
f 506 564 567
f 507 567 568
f 559 568 573
f 558 579 566
f 561 580 579
f 562 581 580
f 563 582 581
f 574 583 582
f 575 584 583
f 565 628 564
f 566 629 565
f 579 630 566
f 565 629 628
f 566 630 629
f 564 631 567
f 567 632 568
f 564 628 631
f 567 631 632
f 580 633 579
f 581 634 580
f 582 635 581
f 579 633 630
f 580 634 633
f 581 635 634
f 583 636 582
f 560 573 593
f 569 593 594
f 570 594 595
f 571 595 596
f 572 596 597
f 586 597 598
f 568 637 573
f 568 632 637
f 573 638 593
f 593 639 594
f 594 640 595
f 595 641 596
f 573 637 638
f 593 638 639
f 594 639 640
f 630 642 629
f 633 643 630
f 634 644 633
f 629 645 628
f 628 646 631
f 631 647 632
f 630 643 642
f 628 645 646
f 629 642 645
f 631 646 647
f 632 648 637
f 637 649 638
f 632 647 648
f 576 585 584
f 577 602 585
f 578 603 602
f 589 614 603
f 582 636 635
f 584 650 583
f 585 651 584
f 602 652 585
f 583 650 636
f 584 651 650
f 585 652 651
f 603 653 602
f 614 654 603
f 602 653 652
f 603 654 653
f 614 655 654
f 587 598 599
f 588 599 615
f 590 615 616
f 604 618 614
f 605 619 618
f 606 620 619
f 591 616 617
f 592 617 621
f 607 621 622
f 596 656 597
f 597 657 598
f 598 658 599
f 595 640 641
f 596 641 656
f 597 656 657
f 618 655 614
f 598 657 658
f 599 658 659
f 599 659 615
f 615 660 616
f 616 661 617
f 615 659 660
f 616 660 661
f 609 624 620
f 608 622 623
f 611 626 624
f 610 623 625
f 613 627 626
f 612 625 627
f 619 662 618
f 620 663 619
f 624 664 620
f 626 665 624
f 618 662 655
f 619 663 662
f 620 664 663
f 624 665 664
f 617 666 621
f 621 667 622
f 622 668 623
f 623 669 625
f 617 661 666
f 621 666 667
f 622 667 668
f 626 670 665
f 627 670 626
f 625 671 627
f 623 668 669
f 625 669 671
f 627 671 670
f 635 672 634
f 636 673 635
f 650 674 636
f 651 675 650
f 652 676 651
f 653 677 652
f 654 678 653
f 633 644 643
f 634 672 644
f 635 673 672
f 636 674 673
f 650 675 674
f 651 676 675
f 652 677 676
f 653 678 677
f 638 679 639
f 639 680 640
f 640 681 641
f 641 682 656
f 656 683 657
f 657 684 658
f 658 685 659
f 637 648 649
f 638 649 679
f 639 679 680
f 640 680 681
f 641 681 682
f 656 682 683
f 657 683 684
f 658 684 685
f 655 686 654
f 662 687 655
f 654 686 678
f 655 687 686
f 662 688 687
f 659 689 660
f 660 690 661
f 663 688 662
f 664 691 663
f 661 692 666
f 666 693 667
f 665 694 664
f 670 695 665
f 671 696 670
f 667 697 668
f 668 698 669
f 669 699 671
f 659 685 689
f 660 689 690
f 663 691 688
f 661 690 692
f 664 694 691
f 666 692 693
f 665 695 694
f 667 693 697
f 670 696 695
f 668 697 698
f 669 698 699
f 671 699 696
f 644 700 643
f 672 701 644
f 642 702 645
f 643 703 642
f 645 704 646
f 646 705 647
f 673 706 672
f 642 703 702
f 645 702 704
f 646 704 705
f 643 700 703
f 644 701 700
f 647 705 707
f 674 708 673
f 675 709 674
f 676 710 675
f 677 711 676
f 672 706 701
f 673 708 706
f 674 709 708
f 675 710 709
f 676 711 710
f 700 712 703
f 703 713 702
f 702 714 704
f 704 715 705
f 701 716 700
f 706 717 701
f 708 718 706
f 705 719 707
f 709 720 708
f 710 721 709
f 711 722 710
f 647 707 648
f 648 723 649
f 649 724 679
f 648 707 723
f 679 725 680
f 680 726 681
f 681 727 682
f 682 728 683
f 649 723 724
f 679 724 725
f 680 725 726
f 681 726 727
f 682 727 728
f 707 729 723
f 723 730 724
f 724 731 725
f 725 732 726
f 726 733 727
f 678 734 677
f 686 735 678
f 687 736 686
f 688 737 687
f 677 734 711
f 678 735 734
f 686 736 735
f 687 737 736
f 688 738 737
f 734 739 711
f 735 740 734
f 736 741 735
f 737 742 736
f 738 743 737
f 744 745 738
f 683 746 684
f 684 747 685
f 691 738 688
f 685 748 689
f 689 749 690
f 690 750 692
f 683 728 746
f 684 746 747
f 685 747 748
f 689 748 749
f 690 749 750
f 694 744 691
f 695 751 694
f 692 752 693
f 693 753 697
f 696 754 695
f 697 755 698
f 699 756 696
f 698 757 699
f 691 744 738
f 694 751 744
f 695 754 751
f 692 750 752
f 693 752 753
f 696 756 754
f 697 753 755
f 698 755 757
f 699 757 756
f 727 758 728
f 728 759 746
f 746 760 747
f 747 761 748
f 748 762 749
f 749 763 750
f 751 764 744
f 754 765 751
f 750 766 752
f 756 767 754
f 752 768 753
f 753 769 755
f 757 770 756
f 755 771 757
f 702 713 714
f 703 712 713
f 700 716 712
f 701 717 716
f 706 718 717
f 704 714 715
f 705 715 719
f 708 720 718
f 709 721 720
f 710 722 721
f 716 772 712
f 712 773 713
f 713 774 714
f 714 775 715
f 717 776 716
f 718 777 717
f 720 778 718
f 721 779 720
f 722 780 721
f 715 781 719
f 719 782 729
f 713 773 774
f 716 776 772
f 717 777 776
f 718 778 777
f 720 779 778
f 712 772 773
f 714 774 775
f 715 775 781
f 719 781 782
f 721 780 779
f 729 782 783
f 730 783 784
f 773 772 785
f 774 773 785
f 772 776 785
f 776 777 785
f 777 778 785
f 778 779 785
f 775 774 785
f 781 775 785
f 782 781 785
f 783 782 785
f 707 719 729
f 723 729 730
f 724 730 731
f 725 731 732
f 726 732 733
f 729 783 730
f 730 784 731
f 731 786 732
f 731 784 786
f 711 739 722
f 734 740 739
f 735 741 740
f 736 742 741
f 737 743 742
f 738 745 743
f 744 764 745
f 739 787 722
f 740 788 739
f 741 789 740
f 742 790 741
f 743 791 742
f 745 792 743
f 764 793 745
f 765 794 764
f 767 795 765
f 722 787 780
f 739 788 787
f 740 789 788
f 741 790 789
f 742 791 790
f 743 792 791
f 779 780 785
f 780 787 785
f 787 788 785
f 788 789 785
f 789 790 785
f 790 791 785
f 784 783 785
f 786 784 785
f 796 786 785
f 797 796 785
f 798 797 785
f 799 798 785
f 791 792 785
f 792 793 785
f 800 799 785
f 801 800 785
f 802 801 785
f 793 794 785
f 794 795 785
f 795 803 785
f 804 802 785
f 805 804 785
f 745 793 792
f 764 794 793
f 765 795 794
f 767 803 795
f 770 806 803
f 803 806 785
f 806 807 785
f 807 808 785
f 808 805 785
f 727 733 758
f 728 758 759
f 746 759 760
f 747 760 761
f 748 761 762
f 749 762 763
f 750 763 766
f 751 765 764
f 754 767 765
f 752 766 768
f 756 770 767
f 753 768 769
f 755 769 771
f 757 771 770
f 732 796 733
f 733 797 758
f 758 798 759
f 759 799 760
f 760 800 761
f 761 801 762
f 762 802 763
f 763 804 766
f 766 805 768
f 732 786 796
f 733 796 797
f 758 797 798
f 759 798 799
f 760 799 800
f 761 800 801
f 762 801 802
f 763 802 804
f 766 804 805
f 768 805 808
f 769 808 807
f 771 807 806
f 770 803 767
f 771 806 770
f 768 808 769
f 769 807 771
f 809 810 811
f 810 812 811
f 812 813 811
f 813 814 811
f 815 810 809
f 816 809 817
f 818 817 819
f 820 819 821
f 822 821 823
f 817 809 811
f 821 819 811
f 819 817 811
f 814 824 811
f 824 825 811
f 823 821 811
f 826 823 811
f 825 827 811
f 827 828 811
f 828 829 811
f 830 831 811
f 831 826 811
f 832 830 811
f 833 832 811
f 834 833 811
f 835 834 811
f 829 836 811
f 836 837 811
f 837 838 811
f 838 839 811
f 840 841 811
f 839 840 811
f 842 823 826
f 843 826 831
f 844 831 830
f 845 830 832
f 846 832 833
f 847 833 834
f 816 817 818
f 818 819 820
f 842 826 843
f 820 821 822
f 822 823 842
f 843 831 844
f 844 830 845
f 845 832 846
f 846 833 847
f 848 820 822
f 849 822 842
f 850 842 843
f 851 846 847
f 852 843 844
f 853 844 845
f 854 845 846
f 855 812 856
f 856 810 815
f 815 809 816
f 857 813 855
f 856 812 810
f 855 813 812
f 857 814 813
f 858 824 814
f 859 825 824
f 860 827 825
f 861 828 827
f 862 829 828
f 863 836 829
f 864 837 836
f 865 838 837
f 866 839 838
f 858 814 857
f 859 824 858
f 860 825 859
f 861 827 860
f 862 828 861
f 863 829 862
f 864 836 863
f 865 837 864
f 866 838 865
f 867 815 816
f 868 856 815
f 869 855 856
f 870 857 855
f 871 816 818
f 872 818 820
f 873 858 857
f 874 859 858
f 875 860 859
f 876 861 860
f 877 862 861
f 878 863 862
f 879 864 863
f 880 865 864
f 881 835 882
f 883 882 884
f 885 884 886
f 887 886 888
f 882 835 811
f 884 882 811
f 886 884 811
f 888 886 811
f 889 888 811
f 890 889 811
f 891 892 811
f 841 891 811
f 893 890 811
f 892 893 811
f 894 834 835
f 895 841 840
f 896 891 841
f 897 888 889
f 898 892 891
f 899 893 892
f 900 890 893
f 901 889 890
f 847 834 894
f 894 835 881
f 881 882 883
f 883 884 885
f 885 886 887
f 898 891 896
f 899 892 898
f 887 888 897
f 897 889 901
f 901 890 900
f 900 893 899
f 902 847 894
f 903 894 881
f 904 881 883
f 905 883 885
f 906 885 887
f 907 887 897
f 908 897 901
f 909 899 898
f 910 900 899
f 911 901 900
f 912 840 839
f 912 839 866
f 895 840 912
f 896 841 895
f 913 866 865
f 914 912 866
f 915 895 912
f 916 896 895
f 917 898 896
f 848 822 849
f 849 842 850
f 850 843 852
f 854 846 851
f 852 844 853
f 853 845 854
f 918 849 850
f 919 850 852
f 920 854 851
f 921 852 853
f 922 853 854
f 918 850 919
f 919 852 921
f 921 853 922
f 922 854 920
f 868 815 867
f 869 856 868
f 867 816 871
f 870 855 869
f 873 857 870
f 871 818 872
f 872 820 848
f 874 858 873
f 875 859 874
f 876 860 875
f 877 861 876
f 878 862 877
f 879 863 878
f 880 864 879
f 923 867 871
f 924 868 867
f 925 869 868
f 926 870 869
f 927 871 872
f 928 872 848
f 929 848 849
f 930 873 870
f 931 874 873
f 923 871 927
f 925 868 924
f 924 867 923
f 926 869 925
f 927 872 928
f 928 848 929
f 930 870 926
f 931 873 930
f 932 875 874
f 933 876 875
f 934 877 876
f 935 878 877
f 936 879 878
f 929 849 918
f 932 874 931
f 933 875 932
f 934 876 933
f 935 877 934
f 936 878 935
f 851 847 902
f 902 894 903
f 903 881 904
f 904 883 905
f 905 885 906
f 906 887 907
f 909 898 917
f 907 897 908
f 908 901 911
f 911 900 910
f 910 899 909
f 937 851 902
f 938 902 903
f 939 903 904
f 940 904 905
f 941 905 906
f 920 851 937
f 937 902 938
f 938 903 939
f 939 904 940
f 941 906 942
f 942 907 943
f 942 906 907
f 943 907 908
f 944 909 917
f 945 908 911
f 946 911 910
f 947 910 909
f 940 905 941
f 943 908 945
f 945 911 946
f 947 909 944
f 946 910 947
f 913 865 880
f 914 866 913
f 915 912 914
f 916 895 915
f 917 896 916
f 948 880 879
f 949 913 880
f 950 914 913
f 951 915 914
f 952 916 915
f 948 879 936
f 949 880 948
f 950 913 949
f 951 914 950
f 953 917 916
f 952 915 951
f 953 916 952
f 944 917 953
f 954 918 919
f 955 919 921
f 956 921 922
f 954 919 955
f 955 921 956
f 957 924 923
f 958 925 924
f 959 923 927
f 960 926 925
f 961 928 929
f 962 927 928
f 963 930 926
f 964 931 930
f 965 929 918
f 966 932 931
f 967 933 932
f 968 934 933
f 957 923 959
f 959 927 962
f 962 928 961
f 958 924 957
f 960 925 958
f 963 926 960
f 961 929 965
f 965 918 954
f 967 932 966
f 968 933 967
f 964 930 963
f 966 931 964
f 969 920 937
f 970 922 920
f 971 937 938
f 972 938 939
f 973 940 941
f 974 941 942
f 975 942 943
f 976 939 940
f 970 920 969
f 956 922 970
f 969 937 971
f 971 938 972
f 976 940 973
f 973 941 974
f 972 939 976
f 977 935 934
f 978 936 935
f 979 948 936
f 980 949 948
f 981 951 950
f 982 950 949
f 983 952 951
f 984 953 952
f 977 934 968
f 978 935 977
f 979 936 978
f 980 948 979
f 982 949 980
f 981 950 982
f 983 951 981
f 985 959 962
f 986 957 959
f 987 958 957
f 988 960 958
f 987 957 986
f 986 959 985
f 989 961 965
f 990 962 961
f 991 965 954
f 992 954 955
f 985 962 990
f 990 961 989
f 989 965 991
f 991 954 992
f 993 963 960
f 994 964 963
f 995 966 964
f 988 958 987
f 993 960 988
f 994 963 993
f 995 964 994
f 996 990 989
f 997 986 985
f 998 987 986
f 999 985 990
f 1000 988 987
f 1001 993 988
f 1002 955 956
f 1003 956 970
f 1004 970 969
f 1002 956 1003
f 1003 970 1004
f 1005 976 973
f 1006 969 971
f 1007 971 972
f 1008 972 976
f 1004 969 1006
f 1006 971 1007
f 1007 972 1008
f 1009 1002 1003
f 1010 1003 1004
f 1011 1006 1007
f 1012 1004 1006
f 1013 977 968
f 1014 978 977
f 992 955 1002
f 1015 967 966
f 1016 968 967
f 1015 966 995
f 1016 967 1015
f 1013 968 1016
f 1017 979 978
f 1018 980 979
f 1019 982 980
f 1014 977 1013
f 1017 978 1014
f 1018 979 1017
f 1020 991 992
f 1021 989 991
f 1022 992 1002
f 1023 994 993
f 1024 995 994
f 1025 1015 995
f 1026 1016 1015
f 1027 1013 1016
f 1028 1014 1013
f 1029 943 945
f 1030 945 946
f 1031 947 944
f 1032 946 947
f 974 942 975
f 975 943 1029
f 1029 945 1030
f 1030 946 1032
f 1031 944 1033
f 1032 947 1031
f 1033 944 953
f 984 952 983
f 1033 953 984
f 1034 973 974
f 1035 974 975
f 1036 975 1029
f 1005 973 1034
f 1034 974 1035
f 1035 975 1036
f 1008 976 1005
f 1037 1029 1030
f 1038 1030 1032
f 1036 1029 1037
f 1037 1030 1038
f 1038 1032 1039
f 1039 1032 1031
f 1040 1031 1033
f 1039 1031 1040
f 1040 1033 1041
f 1042 1005 1034
f 1043 1007 1008
f 1044 1008 1005
f 1045 1034 1035
f 1046 1035 1036
f 1047 1036 1037
f 1048 983 981
f 1049 981 982
f 1050 984 983
f 1019 980 1018
f 1049 982 1019
f 1048 981 1049
f 1050 983 1048
f 1041 1033 984
f 1041 984 1050
f 1051 1017 1014
f 1052 1018 1017
f 1053 1019 1018
f 1054 1048 1049
f 1055 1049 1019
f 1056 1050 1048
f 1057 1037 1038
f 1058 1038 1039
f 1059 1040 1041
f 1060 1039 1040
f 1061 1041 1050
f 998 986 997
f 997 985 999
f 999 990 996
f 1000 987 998
f 1009 1003 1010
f 1010 1004 1012
f 996 989 1021
f 1020 992 1022
f 1021 991 1020
f 1001 988 1000
f 1023 993 1001
f 1024 994 1023
f 1022 1002 1009
f 1025 995 1024
f 1026 1015 1025
f 1027 1016 1026
f 1062 996 1021
f 1063 997 999
f 1064 998 997
f 1065 999 996
f 1066 1000 998
f 1063 999 1065
f 1064 997 1063
f 1066 998 1064
f 1067 1020 1022
f 1068 1021 1020
f 1069 1022 1009
f 1062 1021 1068
f 1067 1022 1069
f 1068 1020 1067
f 1070 1001 1000
f 1071 1023 1001
f 1072 1024 1023
f 1073 1025 1024
f 1065 996 1062
f 1070 1000 1066
f 1072 1023 1071
f 1071 1001 1070
f 1074 1063 1065
f 1075 1065 1062
f 1076 1064 1063
f 1077 1066 1064
f 1074 1065 1075
f 1076 1063 1074
f 1012 1006 1011
f 1011 1007 1043
f 1043 1008 1044
f 1044 1005 1042
f 1042 1034 1045
f 1045 1035 1046
f 1046 1036 1047
f 1078 1010 1012
f 1079 1012 1011
f 1080 1010 1078
f 1078 1012 1079
f 1081 1042 1045
f 1082 1011 1043
f 1083 1043 1044
f 1084 1044 1042
f 1079 1011 1082
f 1082 1043 1083
f 1083 1044 1084
f 1051 1014 1028
f 1052 1017 1051
f 1028 1013 1027
f 1053 1018 1052
f 1055 1019 1053
f 1054 1049 1055
f 1056 1048 1054
f 1080 1009 1010
f 1069 1009 1080
f 1085 1026 1025
f 1086 1027 1026
f 1087 1028 1027
f 1073 1024 1072
f 1085 1025 1073
f 1086 1026 1085
f 1088 1051 1028
f 1089 1052 1051
f 1090 1053 1052
f 1089 1051 1088
f 1087 1027 1086
f 1088 1028 1087
f 1047 1037 1057
f 1057 1038 1058
f 1058 1039 1060
f 1060 1040 1059
f 1059 1041 1061
f 1091 1045 1046
f 1092 1046 1047
f 1093 1047 1057
f 1084 1042 1081
f 1081 1045 1091
f 1091 1046 1092
f 1094 1057 1058
f 1095 1058 1060
f 1092 1047 1093
f 1093 1057 1094
f 1094 1058 1095
f 1096 1061 1056
f 1097 1059 1061
f 1098 1060 1059
f 1097 1061 1096
f 1061 1050 1056
f 1099 1055 1053
f 1100 1054 1055
f 1101 1056 1054
f 1090 1052 1089
f 1099 1053 1090
f 1100 1055 1099
f 1101 1054 1100
f 1096 1056 1101
f 1102 1078 1079
f 1103 1079 1082
f 1104 1068 1067
f 1105 1067 1069
f 1106 1062 1068
f 1107 1070 1066
f 1108 1071 1070
f 1109 1072 1071
f 1110 1069 1080
f 1111 1080 1078
f 1112 1073 1072
f 1113 1085 1073
f 1114 1086 1085
f 1104 1067 1105
f 1075 1062 1106
f 1077 1064 1076
f 1106 1068 1104
f 1107 1066 1077
f 1108 1070 1107
f 1105 1069 1110
f 1110 1080 1111
f 1111 1078 1102
f 1109 1071 1108
f 1113 1073 1112
f 1112 1072 1109
f 1115 1084 1081
f 1116 1082 1083
f 1117 1083 1084
f 1118 1081 1091
f 1119 1091 1092
f 1120 1092 1093
f 1102 1079 1103
f 1116 1083 1117
f 1103 1082 1116
f 1115 1081 1118
f 1118 1091 1119
f 1117 1084 1115
f 1121 1089 1088
f 1122 1087 1086
f 1123 1088 1087
f 1124 1090 1089
f 1125 1100 1099
f 1126 1099 1090
f 1114 1085 1113
f 1122 1086 1114
f 1123 1087 1122
f 1124 1089 1121
f 1126 1090 1124
f 1121 1088 1123
f 1127 1074 1075
f 1128 1076 1074
f 1129 1104 1105
f 1130 1106 1104
f 1131 1075 1106
f 1132 1077 1076
f 1133 1107 1077
f 1134 1108 1107
f 1127 1075 1131
f 1131 1106 1130
f 1132 1076 1128
f 1133 1077 1132
f 1135 1102 1103
f 1136 1103 1116
f 1137 1116 1117
f 1135 1103 1136
f 1138 1110 1111
f 1139 1105 1110
f 1140 1111 1102
f 1129 1105 1139
f 1139 1110 1138
f 1141 1109 1108
f 1142 1112 1109
f 1130 1104 1129
f 1134 1107 1133
f 1141 1108 1134
f 1138 1111 1140
f 1140 1102 1135
f 1143 1113 1112
f 1144 1114 1113
f 1145 1122 1114
f 1142 1109 1141
f 1143 1112 1142
f 1144 1113 1143
f 1146 1130 1129
f 1147 1131 1130
f 1148 1139 1138
f 1149 1138 1140
f 1150 1129 1139
f 1151 1133 1132
f 1152 1134 1133
f 1153 1141 1134
f 1147 1130 1146
f 1146 1129 1150
f 1150 1139 1148
f 1152 1133 1151
f 1128 1074 1127
f 1154 1127 1131
f 1155 1128 1127
f 1156 1132 1128
f 1155 1127 1154
f 1154 1131 1147
f 1156 1128 1155
f 1151 1132 1156
f 1157 1154 1147
f 1095 1060 1098
f 1098 1059 1097
f 1158 1093 1094
f 1159 1094 1095
f 1160 1095 1098
f 1161 1096 1101
f 1162 1097 1096
f 1163 1098 1097
f 1119 1092 1120
f 1120 1093 1158
f 1158 1094 1159
f 1159 1095 1160
f 1160 1098 1163
f 1162 1096 1161
f 1163 1097 1162
f 1164 1101 1100
f 1125 1099 1126
f 1164 1100 1125
f 1161 1101 1164
f 1165 1115 1118
f 1166 1118 1119
f 1167 1117 1115
f 1137 1117 1167
f 1136 1116 1137
f 1167 1115 1165
f 1168 1120 1158
f 1169 1119 1120
f 1170 1158 1159
f 1165 1118 1166
f 1166 1119 1169
f 1169 1120 1168
f 1171 1135 1136
f 1172 1137 1167
f 1173 1136 1137
f 1174 1167 1165
f 1175 1124 1121
f 1176 1123 1122
f 1177 1121 1123
f 1145 1114 1144
f 1176 1122 1145
f 1177 1123 1176
f 1178 1125 1126
f 1179 1126 1124
f 1180 1164 1125
f 1175 1121 1177
f 1179 1124 1175
f 1178 1126 1179
f 1181 1140 1135
f 1182 1142 1141
f 1183 1144 1143
f 1184 1143 1142
f 1185 1145 1144
f 1186 1176 1145
f 1187 1159 1160
f 1188 1160 1163
f 1168 1158 1170
f 1170 1159 1187
f 1187 1160 1188
f 1189 1161 1164
f 1190 1162 1161
f 1191 1163 1162
f 1190 1161 1189
f 1188 1163 1191
f 1191 1162 1190
f 1192 1165 1166
f 1193 1166 1169
f 1194 1169 1168
f 1195 1168 1170
f 1196 1170 1187
f 1197 1187 1188
f 1198 1189 1180
f 1180 1125 1178
f 1189 1164 1180
f 1199 1175 1177
f 1200 1179 1175
f 1201 1177 1176
f 1202 1178 1179
f 1203 1180 1178
f 1171 1136 1173
f 1173 1137 1172
f 1148 1138 1149
f 1149 1140 1181
f 1181 1135 1171
f 1153 1134 1152
f 1182 1141 1153
f 1204 1147 1146
f 1205 1150 1148
f 1206 1146 1150
f 1207 1148 1149
f 1208 1149 1181
f 1184 1142 1182
f 1183 1143 1184
f 1185 1144 1183
f 1209 1153 1152
f 1210 1182 1153
f 1204 1146 1206
f 1206 1150 1205
f 1205 1148 1207
f 1192 1166 1193
f 1172 1167 1174
f 1174 1165 1192
f 1211 1173 1172
f 1193 1169 1194
f 1194 1168 1195
f 1195 1170 1196
f 1212 1192 1193
f 1213 1172 1174
f 1214 1174 1192
f 1215 1173 1211
f 1211 1172 1213
f 1213 1174 1214
f 1199 1177 1201
f 1216 1181 1171
f 1215 1171 1173
f 1186 1145 1185
f 1201 1176 1186
f 1217 1184 1182
f 1218 1183 1184
f 1200 1175 1199
f 1203 1178 1202
f 1202 1179 1200
f 1219 1185 1183
f 1220 1186 1185
f 1221 1201 1186
f 1207 1149 1208
f 1208 1181 1216
f 1216 1171 1215
f 1210 1153 1209
f 1217 1182 1210
f 1218 1184 1217
f 1220 1185 1219
f 1219 1183 1218
f 1222 1155 1154
f 1223 1156 1155
f 1224 1151 1156
f 1225 1152 1151
f 1157 1147 1204
f 1222 1154 1157
f 1223 1155 1222
f 1224 1156 1223
f 1225 1151 1224
f 1209 1152 1225
f 1226 1188 1191
f 1227 1191 1190
f 1228 1190 1189
f 1196 1187 1197
f 1197 1188 1226
f 1226 1191 1227
f 1229 1193 1194
f 1230 1195 1196
f 1231 1194 1195
f 1227 1190 1228
f 1228 1189 1198
f 1232 1196 1197
f 1233 1197 1226
f 1234 1228 1198
f 1235 1198 1203
f 1212 1193 1229
f 1229 1194 1231
f 1214 1192 1212
f 1231 1195 1230
f 1230 1196 1232
f 1198 1180 1203
f 1236 1199 1201
f 1237 1202 1200
f 1238 1200 1199
f 1239 1203 1202
f 1221 1186 1220
f 1236 1201 1221
f 1238 1199 1236
f 1237 1200 1238
f 1239 1202 1237
f 1240 1226 1227
f 1241 1227 1228
f 1232 1197 1233
f 1233 1226 1240
f 1240 1227 1241
f 1235 1203 1239
f 1241 1228 1234
f 1234 1198 1235
f 1242 1206 1205
f 1243 1205 1207
f 1244 1216 1215
f 1245 1208 1216
f 1246 1208 1245
f 1246 1207 1208
f 1247 1210 1209
f 1242 1205 1243
f 1243 1207 1246
f 1248 1157 1204
f 1249 1222 1157
f 1250 1204 1206
f 1251 1223 1222
f 1252 1224 1223
f 1248 1204 1250
f 1249 1157 1248
f 1250 1206 1242
f 1251 1222 1249
f 1253 1225 1224
f 1254 1209 1225
f 1252 1223 1251
f 1253 1224 1252
f 1254 1225 1253
f 1255 1248 1250
f 1256 1249 1248
f 1257 1211 1213
f 1258 1212 1229
f 1259 1213 1214
f 1260 1214 1212
f 1261 1211 1257
f 1257 1213 1259
f 1259 1214 1260
f 1261 1215 1211
f 1245 1216 1244
f 1244 1215 1261
f 1262 1217 1210
f 1263 1218 1217
f 1264 1219 1218
f 1262 1210 1247
f 1265 1220 1219
f 1266 1221 1220
f 1263 1217 1262
f 1265 1219 1264
f 1264 1218 1263
f 1267 1242 1243
f 1268 1243 1246
f 1269 1244 1261
f 1270 1245 1244
f 1271 1246 1245
f 1272 1229 1231
f 1273 1231 1230
f 1274 1230 1232
f 1258 1229 1272
f 1272 1231 1273
f 1260 1212 1258
f 1275 1232 1233
f 1276 1233 1240
f 1273 1230 1274
f 1274 1232 1275
f 1277 1234 1235
f 1278 1235 1239
f 1279 1257 1259
f 1280 1258 1272
f 1281 1260 1258
f 1282 1259 1260
f 1283 1236 1221
f 1284 1237 1238
f 1285 1238 1236
f 1266 1220 1265
f 1283 1221 1266
f 1286 1239 1237
f 1285 1236 1283
f 1284 1238 1285
f 1286 1237 1284
f 1287 1261 1257
f 1288 1262 1247
f 1289 1263 1262
f 1290 1265 1264
f 1291 1264 1263
f 1292 1266 1265
f 1267 1243 1268
f 1268 1246 1271
f 1271 1245 1270
f 1279 1259 1282
f 1282 1260 1281
f 1270 1244 1269
f 1269 1261 1287
f 1287 1257 1279
f 1289 1262 1288
f 1291 1263 1289
f 1290 1264 1291
f 1293 1267 1268
f 1294 1268 1271
f 1295 1270 1269
f 1296 1271 1270
f 1293 1268 1294
f 1294 1271 1296
f 1247 1209 1254
f 1297 1250 1242
f 1298 1251 1249
f 1299 1252 1251
f 1300 1253 1252
f 1301 1254 1253
f 1302 1247 1254
f 1256 1248 1255
f 1297 1242 1267
f 1255 1250 1297
f 1298 1249 1256
f 1299 1251 1298
f 1300 1252 1299
f 1301 1253 1300
f 1303 1255 1297
f 1302 1254 1301
f 1288 1247 1302
f 1304 1297 1267
f 1305 1256 1255
f 1306 1298 1256
f 1307 1299 1298
f 1305 1255 1303
f 1303 1297 1304
f 1308 1300 1299
f 1309 1301 1300
f 1304 1267 1293
f 1306 1256 1305
f 1307 1298 1306
f 1308 1299 1307
f 1310 1240 1241
f 1311 1241 1234
f 1275 1233 1276
f 1276 1240 1310
f 1310 1241 1311
f 1311 1234 1277
f 1278 1239 1286
f 1277 1235 1278
f 1312 1272 1273
f 1313 1273 1274
f 1314 1274 1275
f 1315 1275 1276
f 1316 1276 1310
f 1317 1278 1286
f 1318 1284 1285
f 1319 1285 1283
f 1320 1283 1266
f 1321 1286 1284
f 1322 1310 1311
f 1323 1311 1277
f 1324 1277 1278
f 1280 1272 1312
f 1281 1258 1280
f 1313 1274 1314
f 1312 1273 1313
f 1314 1275 1315
f 1325 1279 1282
f 1326 1280 1312
f 1327 1282 1281
f 1328 1281 1280
f 1325 1282 1327
f 1292 1265 1290
f 1320 1266 1292
f 1319 1283 1320
f 1321 1284 1318
f 1318 1285 1319
f 1329 1287 1279
f 1330 1269 1287
f 1330 1287 1329
f 1295 1269 1330
f 1331 1288 1302
f 1332 1289 1288
f 1296 1270 1295
f 1329 1279 1325
f 1333 1291 1289
f 1334 1290 1291
f 1335 1292 1290
f 1332 1288 1331
f 1333 1289 1332
f 1315 1276 1316
f 1316 1310 1322
f 1322 1311 1323
f 1323 1277 1324
f 1317 1286 1321
f 1324 1278 1317
f 1336 1312 1313
f 1337 1313 1314
f 1326 1312 1336
f 1327 1281 1328
f 1328 1280 1326
f 1338 1314 1315
f 1339 1315 1316
f 1340 1316 1322
f 1336 1313 1337
f 1337 1314 1338
f 1338 1315 1339
f 1341 1317 1321
f 1342 1319 1320
f 1343 1320 1292
f 1334 1291 1333
f 1335 1290 1334
f 1343 1292 1335
f 1344 1318 1319
f 1345 1321 1318
f 1342 1320 1343
f 1344 1319 1342
f 1346 1302 1301
f 1309 1300 1308
f 1346 1301 1309
f 1331 1302 1346
f 1347 1322 1323
f 1348 1323 1324
f 1339 1316 1340
f 1340 1322 1347
f 1349 1324 1317
f 1341 1321 1345
f 1349 1317 1341
f 1347 1323 1348
f 1348 1324 1349
f 1345 1318 1344
f 1350 1294 1296
f 1351 1296 1295
f 1352 1294 1350
f 1353 1325 1327
f 1354 1327 1328
f 1355 1328 1326
f 1356 1295 1330
f 1357 1330 1329
f 1358 1329 1325
f 1359 1331 1346
f 1360 1332 1331
f 1361 1333 1332
f 1362 1334 1333
f 1356 1330 1357
f 1350 1296 1351
f 1351 1295 1356
f 1357 1329 1358
f 1358 1325 1353
f 1360 1331 1359
f 1363 1350 1351
f 1364 1303 1304
f 1365 1305 1303
f 1366 1304 1293
f 1352 1293 1294
f 1367 1306 1305
f 1368 1307 1306
f 1369 1308 1307
f 1370 1309 1308
f 1364 1304 1366
f 1365 1303 1364
f 1367 1305 1365
f 1366 1293 1352
f 1368 1306 1367
f 1371 1346 1309
f 1369 1307 1368
f 1370 1308 1369
f 1371 1309 1370
f 1359 1346 1371
f 1372 1364 1366
f 1373 1365 1364
f 1374 1366 1352
f 1375 1352 1350
f 1376 1367 1365
f 1377 1369 1368
f 1378 1368 1367
f 1372 1366 1374
f 1373 1364 1372
f 1376 1365 1373
f 1379 1326 1336
f 1380 1337 1338
f 1381 1336 1337
f 1382 1338 1339
f 1383 1339 1340
f 1354 1328 1355
f 1353 1327 1354
f 1355 1326 1379
f 1379 1336 1381
f 1381 1337 1380
f 1380 1338 1382
f 1384 1343 1335
f 1385 1342 1343
f 1386 1335 1334
f 1387 1344 1342
f 1388 1345 1344
f 1361 1332 1360
f 1362 1333 1361
f 1386 1334 1362
f 1385 1343 1384
f 1387 1342 1385
f 1384 1335 1386
f 1389 1340 1347
f 1390 1347 1348
f 1391 1348 1349
f 1392 1349 1341
f 1393 1341 1345
f 1382 1339 1383
f 1383 1340 1389
f 1389 1347 1390
f 1393 1345 1388
f 1390 1348 1391
f 1391 1349 1392
f 1392 1341 1393
f 1388 1344 1387
f 1394 1353 1354
f 1395 1354 1355
f 1396 1356 1357
f 1397 1357 1358
f 1398 1351 1356
f 1375 1350 1363
f 1363 1351 1398
f 1399 1358 1353
f 1396 1357 1397
f 1397 1358 1399
f 1400 1359 1371
f 1401 1360 1359
f 1402 1361 1360
f 1398 1356 1396
f 1403 1381 1380
f 1404 1355 1379
f 1405 1379 1381
f 1394 1354 1395
f 1395 1355 1404
f 1406 1380 1382
f 1407 1382 1383
f 1405 1381 1403
f 1403 1380 1406
f 1404 1379 1405
f 1408 1394 1395
f 1409 1384 1386
f 1399 1353 1394
f 1410 1362 1361
f 1411 1386 1362
f 1401 1359 1400
f 1410 1361 1402
f 1402 1360 1401
f 1412 1385 1384
f 1413 1387 1385
f 1412 1384 1409
f 1411 1362 1410
f 1409 1386 1411
f 1414 1363 1398
f 1415 1398 1396
f 1416 1396 1397
f 1417 1397 1399
f 1418 1399 1394
f 1419 1400 1420
f 1421 1401 1400
f 1422 1370 1369
f 1420 1371 1370
f 1374 1352 1375
f 1378 1367 1376
f 1377 1368 1378
f 1422 1369 1377
f 1420 1370 1422
f 1400 1371 1420
f 1423 1372 1374
f 1424 1374 1375
f 1425 1373 1372
f 1426 1376 1373
f 1427 1375 1363
f 1428 1378 1376
f 1429 1377 1378
f 1430 1422 1377
f 1431 1420 1422
f 1432 1383 1389
f 1433 1389 1390
f 1434 1390 1391
f 1435 1391 1392
f 1406 1382 1407
f 1407 1383 1432
f 1432 1389 1433
f 1436 1393 1388
f 1437 1392 1393
f 1433 1390 1434
f 1434 1391 1435
f 1435 1392 1437
f 1437 1393 1436
f 1436 1388 1438
f 1439 1395 1404
f 1440 1404 1405
f 1441 1405 1403
f 1442 1403 1406
f 1443 1407 1432
f 1444 1406 1407
f 1438 1388 1387
f 1413 1385 1412
f 1438 1387 1413
f 1445 1402 1401
f 1446 1410 1402
f 1447 1409 1411
f 1448 1412 1409
f 1449 1411 1410
f 1450 1432 1433
f 1451 1433 1434
f 1452 1437 1436
f 1453 1436 1438
f 1454 1434 1435
f 1455 1435 1437
f 1456 1413 1412
f 1457 1438 1413
f 1414 1398 1415
f 1427 1363 1414
f 1415 1396 1416
f 1425 1372 1423
f 1424 1375 1427
f 1423 1374 1424
f 1426 1373 1425
f 1428 1376 1426
f 1429 1378 1428
f 1430 1377 1429
f 1408 1395 1439
f 1439 1404 1440
f 1440 1405 1441
f 1441 1403 1442
f 1417 1399 1418
f 1416 1397 1417
f 1418 1394 1408
f 1419 1420 1431
f 1421 1400 1419
f 1446 1402 1445
f 1445 1401 1421
f 1449 1410 1446
f 1458 1416 1417
f 1459 1414 1415
f 1460 1427 1414
f 1461 1415 1416
f 1462 1430 1429
f 1463 1427 1460
f 1442 1406 1444
f 1443 1432 1450
f 1444 1407 1443
f 1450 1433 1451
f 1451 1434 1454
f 1454 1435 1455
f 1455 1437 1452
f 1453 1438 1457
f 1452 1436 1453
f 1464 1408 1439
f 1465 1439 1440
f 1466 1442 1444
f 1467 1440 1441
f 1468 1441 1442
f 1464 1439 1465
f 1465 1440 1467
f 1447 1411 1449
f 1448 1409 1447
f 1456 1412 1448
f 1457 1413 1456
f 1469 1418 1408
f 1470 1417 1418
f 1461 1416 1458
f 1458 1417 1470
f 1471 1431 1430
f 1472 1419 1431
f 1473 1421 1419
f 1474 1445 1421
f 1459 1415 1461
f 1460 1414 1459
f 1475 1428 1476
f 1462 1429 1475
f 1471 1430 1462
f 1477 1449 1446
f 1478 1447 1449
f 1470 1418 1469
f 1469 1408 1464
f 1479 1446 1445
f 1473 1419 1472
f 1472 1431 1471
f 1474 1421 1473
f 1480 1481 1463
f 1482 1463 1460
f 1483 1484 1481
f 1485 1486 1484
f 1431 1422 1430
f 1481 1423 1424
f 1484 1425 1423
f 1463 1424 1427
f 1486 1426 1425
f 1476 1428 1426
f 1475 1429 1428
f 1481 1424 1463
f 1484 1423 1481
f 1486 1425 1484
f 1476 1426 1486
f 1487 1444 1443
f 1488 1443 1450
f 1489 1450 1451
f 1490 1451 1454
f 1466 1444 1487
f 1487 1443 1488
f 1491 1457 1456
f 1492 1453 1457
f 1467 1441 1468
f 1468 1442 1466
f 1493 1454 1455
f 1494 1455 1452
f 1489 1451 1490
f 1488 1450 1489
f 1490 1454 1493
f 1495 1452 1453
f 1495 1453 1492
f 1492 1457 1491
f 1496 1448 1447
f 1497 1456 1448
f 1477 1446 1479
f 1478 1449 1477
f 1496 1447 1478
f 1479 1445 1474
f 1497 1448 1496
f 1491 1456 1497
f 1493 1455 1494
f 1494 1452 1495
f 1498 1464 1465
f 1499 1465 1467
f 1500 1467 1468
f 1501 1470 1469
f 1502 1458 1470
f 1503 1461 1458
f 1504 1460 1459
f 1505 1459 1461
f 1506 1476 1486
f 1507 1475 1476
f 1508 1462 1475
f 1509 1471 1462
f 1510 1469 1464
f 1511 1474 1473
f 1512 1479 1474
f 1513 1472 1471
f 1514 1473 1472
f 1483 1481 1480
f 1480 1463 1482
f 1485 1484 1483
f 1505 1461 1503
f 1501 1469 1510
f 1503 1458 1502
f 1502 1470 1501
f 1504 1459 1505
f 1482 1460 1504
f 1506 1486 1485
f 1507 1476 1506
f 1508 1475 1507
f 1509 1462 1508
f 1515 1487 1488
f 1516 1488 1489
f 1517 1489 1490
f 1518 1468 1466
f 1519 1466 1487
f 1520 1491 1497
f 1521 1490 1493
f 1522 1493 1494
f 1523 1494 1495
f 1524 1495 1492
f 1525 1492 1491
f 1498 1465 1499
f 1500 1468 1518
f 1518 1466 1519
f 1499 1467 1500
f 1515 1488 1516
f 1516 1489 1517
f 1517 1490 1521
f 1521 1493 1522
f 1519 1487 1515
f 1520 1497 1526
f 1525 1491 1520
f 1527 1499 1500
f 1527 1515 1516
f 1527 1518 1519
f 1527 1500 1518
f 1527 1519 1515
f 1528 1477 1479
f 1529 1478 1477
f 1526 1497 1496
f 1530 1496 1478
f 1510 1464 1498
f 1511 1473 1514
f 1512 1474 1511
f 1528 1479 1512
f 1527 1482 1504
f 1527 1502 1501
f 1527 1505 1503
f 1527 1504 1505
f 1527 1507 1506
f 1527 1503 1502
f 1527 1508 1507
f 1527 1509 1508
f 1513 1471 1509
f 1514 1472 1513
f 1527 1480 1482
f 1527 1483 1480
f 1527 1485 1483
f 1527 1506 1485
f 1529 1477 1528
f 1526 1496 1530
f 1530 1478 1529
f 1527 1510 1498
f 1527 1501 1510
f 1527 1498 1499
f 1527 1514 1513
f 1527 1513 1509
f 1527 1511 1514
f 1527 1512 1511
f 1527 1528 1512
f 1527 1529 1528
f 1527 1526 1530
f 1527 1530 1529
f 1522 1494 1523
f 1523 1495 1524
f 1524 1492 1525
f 1527 1516 1517
f 1527 1517 1521
f 1527 1521 1522
f 1527 1522 1523
f 1527 1525 1520
f 1527 1524 1525
f 1527 1523 1524
f 1527 1520 1526
f 1531 1532 1533
f 1534 1531 1533
f 1533 1535 1536
f 1536 1537 1538
f 1538 1539 1540
f 1532 1535 1533
f 1535 1537 1536
f 1537 1539 1538
f 1539 1541 1540
f 1534 1533 1536
f 1534 1536 1538
f 1534 1538 1540
f 1534 1540 1542
f 1540 1541 1542
f 1542 1543 1544
f 1534 1542 1544
f 1534 1544 1545
f 1544 1546 1545
f 1541 1543 1542
f 1543 1546 1544
f 1546 1547 1545
f 1532 1548 1535
f 1535 1549 1537
f 1537 1550 1539
f 1548 1549 1535
f 1539 1551 1541
f 1541 1552 1543
f 1543 1553 1546
f 1546 1554 1547
f 1549 1550 1537
f 1550 1551 1539
f 1551 1552 1541
f 1552 1553 1543
f 1555 1549 1548
f 1555 1550 1549
f 1553 1554 1546
f 1554 1556 1547
f 1555 1551 1550
f 1555 1552 1551
f 1555 1553 1552
f 1555 1554 1553
f 1555 1556 1554
f 1534 1545 1557
f 1534 1557 1558
f 1545 1547 1557
f 1557 1559 1558
f 1534 1558 1560
f 1534 1560 1561
f 1534 1561 1562
f 1534 1562 1563
f 1558 1564 1560
f 1547 1559 1557
f 1559 1564 1558
f 1564 1565 1560
f 1534 1563 1566
f 1560 1565 1561
f 1561 1567 1562
f 1562 1568 1563
f 1563 1569 1566
f 1565 1567 1561
f 1567 1568 1562
f 1568 1569 1563
f 1569 1570 1566
f 1547 1556 1559
f 1559 1571 1564
f 1564 1572 1565
f 1565 1573 1567
f 1556 1571 1559
f 1571 1572 1564
f 1555 1571 1556
f 1555 1572 1571
f 1555 1573 1572
f 1555 1574 1573
f 1555 1575 1574
f 1572 1573 1565
f 1573 1574 1567
f 1574 1575 1568
f 1555 1576 1575
f 1555 1577 1576
f 1567 1574 1568
f 1568 1575 1569
f 1569 1576 1570
f 1575 1576 1569
f 1576 1577 1570
f 1578 1579 1531
f 1534 1578 1531
f 1580 1581 1578
f 1582 1583 1580
f 1584 1585 1582
f 1579 1532 1531
f 1581 1579 1578
f 1583 1581 1580
f 1585 1583 1582
f 1534 1580 1578
f 1534 1582 1580
f 1534 1584 1582
f 1534 1586 1584
f 1586 1587 1584
f 1534 1588 1586
f 1534 1589 1588
f 1588 1590 1586
f 1589 1591 1588
f 1587 1585 1584
f 1590 1587 1586
f 1591 1590 1588
f 1579 1592 1532
f 1581 1593 1579
f 1583 1594 1581
f 1592 1548 1532
f 1593 1592 1579
f 1585 1595 1583
f 1587 1596 1585
f 1590 1597 1587
f 1591 1598 1590
f 1594 1593 1581
f 1595 1594 1583
f 1596 1595 1585
f 1555 1548 1592
f 1555 1592 1593
f 1597 1596 1587
f 1598 1597 1590
f 1555 1593 1594
f 1555 1594 1595
f 1555 1595 1596
f 1555 1596 1597
f 1555 1597 1598
f 1534 1599 1589
f 1534 1600 1599
f 1599 1601 1589
f 1534 1602 1600
f 1534 1603 1602
f 1534 1604 1603
f 1534 1605 1604
f 1600 1606 1599
f 1602 1607 1600
f 1601 1591 1589
f 1606 1601 1599
f 1607 1606 1600
f 1534 1566 1605
f 1603 1608 1602
f 1604 1609 1603
f 1605 1610 1604
f 1566 1570 1605
f 1608 1607 1602
f 1609 1608 1603
f 1610 1609 1604
f 1570 1610 1605
f 1601 1611 1591
f 1606 1612 1601
f 1607 1613 1606
f 1608 1614 1607
f 1611 1598 1591
f 1612 1611 1601
f 1555 1598 1611
f 1555 1611 1612
f 1555 1612 1613
f 1555 1613 1614
f 1555 1614 1615
f 1613 1612 1606
f 1614 1613 1607
f 1615 1614 1608
f 1616 1615 1609
f 1555 1615 1616
f 1555 1616 1577
f 1609 1615 1608
f 1610 1616 1609
f 1570 1577 1610
f 1577 1616 1610
f 1617 1618 1619
f 1620 1617 1619
f 1620 1621 1617
f 1620 1622 1621
f 1620 1623 1622
f 1620 1619 1624
f 1620 1624 1625
f 1620 1625 1626
f 1619 1627 1624
f 1624 1628 1625
f 1620 1626 1629
f 1621 1630 1617
f 1622 1631 1621
f 1623 1632 1622
f 1633 1634 1623
f 1620 1633 1623
f 1620 1635 1633
f 1620 1636 1635
f 1620 1637 1636
f 1620 1638 1637
f 1625 1639 1626
f 1626 1640 1629
f 1635 1641 1633
f 1636 1642 1635
f 1637 1643 1636
f 1638 1644 1637
f 1645 1646 1638
f 1617 1630 1618
f 1619 1618 1627
f 1621 1631 1630
f 1624 1627 1628
f 1625 1628 1639
f 1622 1632 1631
f 1623 1634 1632
f 1633 1641 1634
f 1626 1639 1640
f 1635 1642 1641
f 1636 1643 1642
f 1620 1629 1647
f 1620 1647 1648
f 1620 1648 1649
f 1620 1649 1650
f 1620 1645 1638
f 1620 1651 1645
f 1620 1652 1651
f 1620 1650 1653
f 1620 1653 1654
f 1620 1654 1655
f 1620 1655 1656
f 1629 1657 1647
f 1647 1658 1648
f 1648 1659 1649
f 1620 1660 1652
f 1620 1661 1660
f 1620 1656 1662
f 1620 1662 1663
f 1620 1664 1661
f 1620 1663 1665
f 1620 1666 1664
f 1620 1667 1666
f 1649 1668 1650
f 1650 1669 1653
f 1651 1670 1645
f 1653 1671 1654
f 1620 1665 1672
f 1620 1672 1673
f 1620 1674 1667
f 1620 1673 1674
f 1654 1675 1655
f 1655 1676 1656
f 1629 1640 1657
f 1647 1657 1658
f 1648 1658 1659
f 1649 1659 1668
f 1637 1644 1643
f 1638 1646 1644
f 1645 1670 1646
f 1652 1677 1651
f 1660 1678 1652
f 1661 1679 1660
f 1664 1680 1661
f 1656 1681 1662
f 1662 1682 1663
f 1666 1683 1664
f 1667 1684 1666
f 1663 1685 1665
f 1665 1686 1672
f 1672 1687 1673
f 1674 1688 1667
f 1673 1689 1674
f 1650 1668 1669
f 1653 1669 1671
f 1651 1677 1670
f 1654 1671 1675
f 1655 1675 1676
f 1652 1678 1677
f 1660 1679 1678
f 1661 1680 1679
f 1656 1676 1681
f 1662 1681 1682
f 1664 1683 1680
f 1666 1684 1683
f 1663 1682 1685
f 1665 1685 1686
f 1630 1690 1618
f 1618 1691 1627
f 1631 1692 1630
f 1632 1693 1631
f 1634 1694 1632
f 1630 1692 1690
f 1618 1690 1691
f 1627 1695 1628
f 1628 1696 1639
f 1627 1691 1695
f 1641 1697 1634
f 1642 1698 1641
f 1631 1693 1692
f 1632 1694 1693
f 1634 1697 1694
f 1641 1698 1697
f 1643 1699 1642
f 1644 1700 1643
f 1628 1695 1696
f 1639 1696 1701
f 1639 1701 1640
f 1640 1702 1657
f 1657 1703 1658
f 1658 1704 1659
f 1659 1705 1668
f 1640 1701 1702
f 1657 1702 1703
f 1668 1706 1669
f 1667 1688 1684
f 1672 1686 1687
f 1673 1687 1689
f 1674 1689 1688
f 1642 1699 1698
f 1646 1707 1644
f 1670 1708 1646
f 1643 1700 1699
f 1644 1707 1700
f 1646 1708 1707
f 1670 1709 1708
f 1692 1710 1690
f 1693 1711 1692
f 1690 1712 1691
f 1694 1713 1693
f 1691 1714 1695
f 1695 1715 1696
f 1697 1716 1694
f 1698 1717 1697
f 1699 1718 1698
f 1677 1709 1670
f 1678 1719 1677
f 1658 1703 1704
f 1659 1704 1705
f 1669 1720 1671
f 1671 1721 1675
f 1675 1722 1676
f 1668 1705 1706
f 1679 1723 1678
f 1680 1724 1679
f 1677 1719 1709
f 1678 1723 1719
f 1676 1725 1681
f 1681 1726 1682
f 1683 1727 1680
f 1682 1728 1685
f 1684 1729 1683
f 1669 1706 1720
f 1671 1720 1721
f 1675 1721 1722
f 1676 1722 1725
f 1696 1730 1701
f 1701 1731 1702
f 1702 1732 1703
f 1703 1733 1704
f 1700 1734 1699
f 1707 1735 1700
f 1708 1736 1707
f 1709 1737 1708
f 1679 1724 1723
f 1688 1738 1684
f 1680 1727 1724
f 1681 1725 1726
f 1683 1729 1727
f 1684 1738 1729
f 1704 1739 1705
f 1705 1740 1706
f 1706 1741 1720
f 1719 1742 1709
f 1723 1743 1719
f 1724 1744 1723
f 1720 1745 1721
f 1721 1746 1722
f 1685 1747 1686
f 1686 1748 1687
f 1689 1749 1688
f 1687 1750 1689
f 1682 1726 1728
f 1685 1728 1747
f 1688 1749 1738
f 1686 1747 1748
f 1689 1750 1749
f 1687 1748 1750
f 1722 1751 1725
f 1727 1752 1724
f 1729 1753 1727
f 1738 1754 1729
f 1725 1755 1726
f 1726 1756 1728
f 1728 1757 1747
f 1749 1758 1738
f 1747 1759 1748
f 1750 1760 1749
f 1748 1761 1750
f 1692 1711 1710
f 1690 1710 1712
f 1693 1713 1711
f 1694 1716 1713
f 1691 1712 1714
f 1695 1714 1715
f 1696 1715 1730
f 1701 1730 1731
f 1697 1717 1716
f 1698 1718 1717
f 1699 1734 1718
f 1700 1735 1734
f 1707 1736 1735
f 1708 1737 1736
f 1711 1762 1710
f 1710 1763 1712
f 1713 1764 1711
f 1712 1765 1714
f 1714 1766 1715
f 1716 1767 1713
f 1717 1768 1716
f 1718 1769 1717
f 1711 1764 1762
f 1710 1762 1763
f 1713 1767 1764
f 1716 1768 1767
f 1712 1763 1765
f 1714 1765 1766
f 1702 1731 1732
f 1703 1732 1733
f 1704 1733 1739
f 1705 1739 1740
f 1706 1740 1741
f 1715 1770 1730
f 1730 1771 1731
f 1715 1766 1770
f 1709 1742 1737
f 1734 1772 1718
f 1735 1773 1734
f 1717 1769 1768
f 1718 1772 1769
f 1736 1774 1735
f 1734 1773 1772
f 1737 1775 1736
f 1742 1776 1737
f 1735 1774 1773
f 1736 1775 1774
f 1719 1743 1742
f 1723 1744 1743
f 1724 1752 1744
f 1720 1741 1745
f 1721 1745 1746
f 1727 1753 1752
f 1729 1754 1753
f 1731 1777 1732
f 1730 1770 1771
f 1731 1771 1777
f 1732 1778 1733
f 1733 1779 1739
f 1743 1780 1742
f 1732 1777 1778
f 1739 1781 1740
f 1740 1782 1741
f 1741 1783 1745
f 1733 1778 1779
f 1739 1779 1781
f 1737 1776 1775
f 1742 1780 1776
f 1744 1784 1743
f 1752 1785 1744
f 1743 1784 1780
f 1753 1786 1752
f 1740 1781 1782
f 1741 1782 1783
f 1745 1783 1787
f 1744 1785 1784
f 1752 1786 1785
f 1754 1788 1753
f 1758 1789 1754
f 1753 1788 1786
f 1764 1790 1762
f 1762 1791 1763
f 1763 1792 1765
f 1767 1793 1764
f 1768 1794 1767
f 1769 1795 1768
f 1765 1796 1766
f 1762 1790 1791
f 1764 1793 1790
f 1767 1794 1793
f 1763 1791 1792
f 1765 1792 1796
f 1766 1797 1770
f 1772 1798 1769
f 1773 1799 1772
f 1774 1800 1773
f 1775 1801 1774
f 1776 1802 1775
f 1780 1803 1776
f 1768 1795 1794
f 1769 1798 1795
f 1772 1799 1798
f 1773 1800 1799
f 1774 1801 1800
f 1770 1804 1771
f 1771 1805 1777
f 1777 1806 1778
f 1778 1807 1779
f 1779 1808 1781
f 1781 1809 1782
f 1766 1796 1797
f 1770 1797 1804
f 1771 1804 1805
f 1777 1805 1806
f 1778 1806 1807
f 1722 1746 1751
f 1725 1751 1755
f 1726 1755 1756
f 1738 1758 1754
f 1728 1756 1757
f 1749 1760 1758
f 1747 1757 1759
f 1748 1759 1761
f 1750 1761 1760
f 1745 1787 1746
f 1746 1810 1751
f 1751 1811 1755
f 1755 1812 1756
f 1760 1813 1758
f 1756 1814 1757
f 1746 1787 1810
f 1751 1810 1811
f 1754 1789 1788
f 1775 1802 1801
f 1776 1803 1802
f 1780 1815 1803
f 1784 1815 1780
f 1785 1816 1784
f 1782 1817 1783
f 1786 1818 1785
f 1788 1819 1786
f 1789 1820 1788
f 1779 1807 1808
f 1781 1808 1809
f 1782 1809 1817
f 1784 1816 1815
f 1785 1818 1816
f 1786 1819 1818
f 1783 1817 1821
f 1813 1822 1789
f 1788 1820 1819
f 1789 1822 1820
f 1757 1823 1759
f 1761 1824 1760
f 1759 1825 1761
f 1755 1811 1812
f 1756 1812 1814
f 1758 1813 1789
f 1760 1824 1813
f 1757 1814 1823
f 1759 1823 1825
f 1761 1825 1824
f 1783 1821 1787
f 1787 1826 1810
f 1810 1827 1811
f 1811 1828 1812
f 1787 1821 1826
f 1824 1829 1813
f 1812 1830 1814
f 1814 1831 1823
f 1825 1832 1824
f 1823 1833 1825
f 1810 1826 1827
f 1811 1827 1828
f 1812 1828 1830
f 1813 1829 1822
f 1824 1832 1829
f 1814 1830 1831
f 1823 1831 1833
f 1825 1833 1832
f 1793 1834 1790
f 1790 1835 1791
f 1794 1836 1793
f 1795 1837 1794
f 1793 1836 1834
f 1790 1834 1835
f 1791 1838 1792
f 1792 1839 1796
f 1791 1835 1838
f 1796 1840 1797
f 1798 1841 1795
f 1799 1842 1798
f 1800 1843 1799
f 1794 1837 1836
f 1795 1841 1837
f 1798 1842 1841
f 1792 1838 1839
f 1801 1844 1800
f 1799 1843 1842
f 1800 1844 1843
f 1802 1845 1801
f 1803 1846 1802
f 1836 1847 1834
f 1837 1848 1836
f 1834 1849 1835
f 1841 1850 1837
f 1835 1851 1838
f 1838 1852 1839
f 1797 1853 1804
f 1804 1854 1805
f 1796 1839 1840
f 1797 1840 1853
f 1804 1853 1854
f 1805 1855 1806
f 1806 1856 1807
f 1807 1857 1808
f 1805 1854 1855
f 1801 1845 1844
f 1815 1858 1803
f 1802 1846 1845
f 1803 1858 1846
f 1815 1859 1858
f 1842 1860 1841
f 1843 1861 1842
f 1844 1862 1843
f 1845 1863 1844
f 1846 1864 1845
f 1816 1859 1815
f 1808 1865 1809
f 1809 1866 1817
f 1806 1855 1856
f 1807 1856 1857
f 1808 1857 1865
f 1818 1867 1816
f 1819 1868 1818
f 1816 1867 1859
f 1818 1868 1867
f 1820 1869 1819
f 1809 1865 1866
f 1817 1866 1870
f 1839 1871 1840
f 1840 1872 1853
f 1853 1873 1854
f 1854 1874 1855
f 1855 1875 1856
f 1836 1848 1847
f 1834 1847 1849
f 1835 1849 1851
f 1837 1850 1848
f 1841 1860 1850
f 1838 1851 1852
f 1842 1861 1860
f 1843 1862 1861
f 1844 1863 1862
f 1848 1876 1847
f 1850 1877 1848
f 1847 1878 1849
f 1860 1879 1850
f 1848 1877 1876
f 1847 1876 1878
f 1849 1880 1851
f 1851 1881 1852
f 1839 1852 1871
f 1840 1871 1872
f 1853 1872 1873
f 1854 1873 1874
f 1817 1870 1821
f 1821 1882 1826
f 1826 1883 1827
f 1821 1870 1882
f 1858 1884 1846
f 1859 1885 1858
f 1819 1869 1868
f 1822 1886 1820
f 1829 1887 1822
f 1820 1886 1869
f 1822 1887 1886
f 1829 1888 1887
f 1867 1889 1859
f 1856 1890 1857
f 1857 1891 1865
f 1865 1892 1866
f 1868 1893 1867
f 1869 1894 1868
f 1886 1895 1869
f 1887 1896 1886
f 1888 1897 1887
f 1845 1864 1863
f 1846 1884 1864
f 1858 1885 1884
f 1859 1889 1885
f 1861 1898 1860
f 1862 1899 1861
f 1850 1879 1877
f 1860 1898 1879
f 1849 1878 1880
f 1851 1880 1881
f 1863 1900 1862
f 1864 1901 1863
f 1861 1899 1898
f 1862 1900 1899
f 1863 1901 1900
f 1884 1902 1864
f 1855 1874 1875
f 1856 1875 1890
f 1857 1890 1891
f 1867 1893 1889
f 1865 1891 1892
f 1866 1892 1903
f 1852 1904 1871
f 1871 1905 1872
f 1872 1906 1873
f 1852 1881 1904
f 1871 1904 1905
f 1872 1905 1906
f 1873 1906 1907
f 1873 1907 1874
f 1874 1908 1875
f 1864 1902 1901
f 1885 1909 1884
f 1889 1910 1885
f 1893 1911 1889
f 1884 1909 1902
f 1885 1910 1909
f 1889 1911 1910
f 1868 1894 1893
f 1869 1895 1894
f 1886 1896 1895
f 1887 1897 1896
f 1888 1912 1897
f 1875 1913 1890
f 1890 1914 1891
f 1891 1915 1892
f 1874 1907 1908
f 1875 1908 1913
f 1894 1916 1893
f 1895 1917 1894
f 1893 1916 1911
f 1892 1918 1903
f 1890 1913 1914
f 1891 1914 1915
f 1892 1915 1918
f 1827 1919 1828
f 1832 1888 1829
f 1828 1920 1830
f 1830 1921 1831
f 1826 1882 1883
f 1827 1883 1919
f 1833 1922 1832
f 1831 1923 1833
f 1828 1919 1920
f 1832 1922 1888
f 1830 1920 1921
f 1831 1921 1923
f 1866 1903 1870
f 1870 1924 1882
f 1833 1923 1922
f 1882 1925 1883
f 1883 1926 1919
f 1919 1927 1920
f 1922 1912 1888
f 1920 1928 1921
f 1923 1929 1922
f 1921 1930 1923
f 1870 1903 1924
f 1882 1924 1925
f 1883 1925 1926
f 1919 1926 1927
f 1922 1929 1912
f 1920 1927 1928
f 1903 1931 1924
f 1896 1932 1895
f 1894 1917 1916
f 1895 1932 1917
f 1897 1933 1896
f 1912 1934 1897
f 1903 1918 1931
f 1896 1933 1932
f 1897 1934 1933
f 1912 1935 1934
f 1921 1928 1930
f 1923 1930 1929
f 1924 1936 1925
f 1925 1937 1926
f 1926 1938 1927
f 1924 1931 1936
f 1925 1936 1937
f 1929 1935 1912
f 1927 1939 1928
f 1930 1940 1929
f 1928 1941 1930
f 1926 1937 1938
f 1929 1940 1935
f 1927 1938 1939
f 1930 1941 1940
f 1928 1939 1941
f 1877 1942 1876
f 1879 1943 1877
f 1898 1944 1879
f 1876 1945 1878
f 1878 1946 1880
f 1880 1947 1881
f 1877 1943 1942
f 1876 1942 1945
f 1899 1948 1898
f 1900 1949 1899
f 1901 1950 1900
f 1902 1951 1901
f 1909 1952 1902
f 1879 1944 1943
f 1898 1948 1944
f 1878 1945 1946
f 1880 1946 1947
f 1899 1949 1948
f 1900 1950 1949
f 1901 1951 1950
f 1944 1953 1943
f 1943 1954 1942
f 1948 1955 1944
f 1942 1956 1945
f 1945 1957 1946
f 1881 1958 1904
f 1904 1959 1905
f 1905 1960 1906
f 1906 1961 1907
f 1907 1962 1908
f 1881 1947 1958
f 1904 1958 1959
f 1905 1959 1960
f 1906 1960 1961
f 1946 1963 1947
f 1943 1953 1954
f 1942 1954 1956
f 1945 1956 1957
f 1910 1964 1909
f 1911 1965 1910
f 1916 1966 1911
f 1902 1952 1951
f 1949 1967 1948
f 1950 1968 1949
f 1951 1969 1950
f 1909 1964 1952
f 1910 1965 1964
f 1952 1970 1951
f 1911 1966 1965
f 1964 1971 1952
f 1965 1972 1964
f 1908 1973 1913
f 1913 1974 1914
f 1914 1975 1915
f 1917 1976 1916
f 1932 1977 1917
f 1933 1978 1932
f 1915 1979 1918
f 1918 1980 1931
f 1947 1981 1958
f 1958 1982 1959
f 1959 1983 1960
f 1907 1961 1962
f 1908 1962 1973
f 1913 1973 1974
f 1916 1976 1966
f 1917 1977 1976
f 1960 1984 1961
f 1914 1974 1975
f 1915 1975 1979
f 1961 1985 1962
f 1962 1986 1973
f 1966 1987 1965
f 1976 1988 1966
f 1934 1989 1933
f 1935 1990 1934
f 1940 1991 1935
f 1932 1978 1977
f 1933 1989 1978
f 1918 1979 1980
f 1931 1980 1992
f 1973 1993 1974
f 1974 1994 1975
f 1975 1995 1979
f 1977 1996 1976
f 1978 1997 1977
f 1989 1998 1978
f 1934 1990 1989
f 1935 1991 1990
f 1940 1999 1991
f 1979 2000 1980
f 1980 2001 1992
f 1944 1955 1953
f 1948 1967 1955
f 1949 1968 1967
f 1946 1957 1963
f 1950 1969 1968
f 1951 1970 1969
f 1952 1971 1970
f 1953 2002 1954
f 1954 2003 1956
f 1955 2004 1953
f 1967 2005 1955
f 1968 2006 1967
f 1953 2004 2002
f 1955 2005 2004
f 1956 2007 1957
f 1954 2002 2003
f 1956 2003 2007
f 1957 2007 2008
f 1947 1963 1981
f 1958 1981 1982
f 1959 1982 1983
f 1960 1983 1984
f 1961 1984 1985
f 1957 2008 1963
f 1963 2009 1981
f 1964 1972 1971
f 1965 1987 1972
f 1966 1988 1987
f 1976 1996 1988
f 1969 2010 1968
f 1970 2011 1969
f 1971 2012 1970
f 1967 2006 2005
f 1968 2010 2006
f 1969 2011 2010
f 1970 2012 2011
f 1971 2013 2012
f 1972 2013 1971
f 1987 2014 1972
f 1988 2015 1987
f 1972 2014 2013
f 1962 1985 1986
f 1973 1986 1993
f 1977 1997 1996
f 1974 1993 1994
f 1975 1994 1995
f 1979 1995 2000
f 1981 2016 1982
f 1982 2017 1983
f 1983 2018 1984
f 1963 2008 2009
f 1981 2009 2016
f 1982 2016 2017
f 1983 2017 2018
f 1984 2019 1985
f 1985 2020 1986
f 1986 2021 1993
f 1984 2018 2019
f 1985 2019 2020
f 1931 1992 1936
f 1936 2022 1937
f 1937 2023 1938
f 1938 2024 1939
f 1941 1999 1940
f 1939 2025 1941
f 1936 1992 2022
f 1937 2022 2023
f 1938 2023 2024
f 1939 2024 2025
f 2004 2026 2002
f 2005 2027 2004
f 2002 2028 2003
f 2003 2029 2007
f 2006 2030 2005
f 2010 2031 2006
f 2011 2032 2010
f 2002 2026 2028
f 2005 2030 2027
f 2004 2027 2026
f 2006 2031 2030
f 2003 2028 2029
f 2007 2029 2033
f 2007 2033 2008
f 2008 2034 2009
f 2009 2035 2016
f 2008 2033 2034
f 2027 2036 2026
f 2026 2037 2028
f 1990 2038 1989
f 1991 2039 1990
f 1992 2040 2022
f 1999 2041 1991
f 1996 2042 1988
f 1987 2015 2014
f 1988 2042 2015
f 1996 2043 2042
f 1978 1998 1997
f 1989 2038 1998
f 1980 2000 2001
f 1990 2039 2038
f 1992 2001 2040
f 2022 2040 2044
f 1991 2041 2039
f 1999 2045 2041
f 1997 2043 1996
f 1998 2046 1997
f 1993 2047 1994
f 1994 2048 1995
f 1995 2049 2000
f 1986 2020 2021
f 1993 2021 2047
f 1994 2047 2048
f 2038 2050 1998
f 2039 2051 2038
f 1997 2046 2043
f 1998 2050 2046
f 2038 2051 2050
f 2000 2052 2001
f 2041 2053 2039
f 2001 2054 2040
f 1995 2048 2049
f 2000 2049 2052
f 2039 2053 2051
f 2040 2055 2044
f 2045 2056 2041
f 2044 2057 2058
f 2059 2060 2045
f 2001 2052 2054
f 2040 2054 2055
f 2041 2056 2053
f 2045 2060 2056
f 2044 2055 2057
f 2058 2057 2061
f 2059 2061 2060
f 1941 2025 1999
f 2022 2044 2023
f 2023 2058 2024
f 2025 2045 1999
f 2024 2059 2025
f 2023 2044 2058
f 2024 2058 2059
f 2025 2059 2045
f 2058 2061 2059
f 2012 2062 2011
f 2013 2063 2012
f 2014 2064 2013
f 2015 2065 2014
f 2042 2066 2015
f 2043 2067 2042
f 2010 2032 2031
f 2011 2062 2032
f 2012 2063 2062
f 2013 2064 2063
f 2014 2065 2064
f 2015 2066 2065
f 2016 2068 2017
f 2017 2069 2018
f 2018 2070 2019
f 2019 2071 2020
f 2020 2072 2021
f 2021 2073 2047
f 2009 2034 2035
f 2016 2035 2068
f 2017 2068 2069
f 2018 2069 2070
f 2019 2070 2071
f 2020 2071 2072
f 2042 2067 2066
f 2043 2074 2067
f 2046 2074 2043
f 2050 2075 2046
f 2051 2076 2050
f 2047 2077 2048
f 2048 2078 2049
f 2049 2079 2052
f 2053 2080 2051
f 2056 2081 2053
f 2052 2082 2054
f 2054 2083 2055
f 2060 2084 2056
f 2055 2085 2057
f 2046 2075 2074
f 2050 2076 2075
f 2021 2072 2073
f 2047 2073 2077
f 2048 2077 2078
f 2051 2080 2076
f 2053 2081 2080
f 2049 2078 2079
f 2052 2079 2082
f 2056 2084 2081
f 2054 2082 2083
f 2030 2086 2027
f 2031 2087 2030
f 2032 2088 2031
f 2027 2086 2036
f 2030 2087 2086
f 2028 2089 2029
f 2026 2036 2037
f 2028 2037 2089
f 2029 2089 2090
f 2062 2091 2032
f 2063 2092 2062
f 2064 2093 2063
f 2031 2088 2087
f 2032 2091 2088
f 2062 2092 2091
f 2086 2094 2036
f 2087 2095 2086
f 2088 2096 2087
f 2036 2097 2037
f 2037 2098 2089
f 2029 2090 2033
f 2033 2099 2034
f 2034 2100 2035
f 2035 2101 2068
f 2068 2102 2069
f 2033 2090 2099
f 2034 2099 2100
f 2035 2100 2101
f 2089 2103 2090
f 2063 2093 2092
f 2065 2104 2064
f 2066 2105 2065
f 2067 2106 2066
f 2064 2104 2093
f 2065 2105 2104
f 2066 2106 2105
f 2074 2107 2067
f 2075 2108 2074
f 2067 2107 2106
f 2074 2108 2107
f 2091 2109 2088
f 2092 2110 2091
f 2093 2111 2092
f 2104 2112 2093
f 2105 2113 2104
f 2106 2114 2105
f 2107 2115 2106
f 2069 2116 2070
f 2068 2101 2102
f 2069 2102 2116
f 2070 2116 2117
f 2070 2117 2071
f 2071 2118 2072
f 2076 2119 2075
f 2075 2119 2108
f 2072 2120 2073
f 2073 2121 2077
f 2077 2122 2078
f 2071 2117 2118
f 2072 2118 2120
f 2073 2120 2121
f 2090 2123 2099
f 2099 2124 2100
f 2100 2125 2101
f 2101 2126 2102
f 2102 2127 2116
f 2116 2128 2117
f 2117 2129 2118
f 2061 2130 2060
f 2057 2131 2061
f 2060 2130 2084
f 2055 2083 2085
f 2057 2085 2131
f 2061 2131 2130
f 2108 2132 2107
f 2119 2133 2108
f 2080 2134 2076
f 2081 2135 2080
f 2084 2136 2081
f 2076 2134 2119
f 2080 2135 2134
f 2081 2136 2135
f 2078 2137 2079
f 2079 2138 2082
f 2130 2139 2084
f 2082 2140 2083
f 2077 2121 2122
f 2078 2122 2137
f 2079 2137 2138
f 2082 2138 2140
f 2084 2139 2136
f 2131 2141 2130
f 2083 2142 2085
f 2085 2143 2131
f 2130 2141 2139
f 2083 2140 2142
f 2131 2143 2141
f 2085 2142 2143
f 2134 2144 2119
f 2118 2145 2120
f 2120 2146 2121
f 2121 2147 2122
f 2135 2148 2134
f 2136 2149 2135
f 2139 2150 2136
f 2122 2151 2137
f 2137 2152 2138
f 2138 2153 2140
f 2141 2154 2139
f 2140 2155 2142
f 2143 2156 2141
f 2142 2157 2143
f 2086 2095 2094
f 2087 2096 2095
f 2036 2094 2097
f 2037 2097 2098
f 2089 2098 2103
f 2088 2109 2096
f 2091 2110 2109
f 2092 2111 2110
f 2093 2112 2111
f 2104 2113 2112
f 2105 2114 2113
f 2095 2158 2094
f 2096 2159 2095
f 2109 2160 2096
f 2095 2159 2158
f 2096 2160 2159
f 2094 2161 2097
f 2097 2162 2098
f 2094 2158 2161
f 2097 2161 2162
f 2110 2163 2109
f 2111 2164 2110
f 2112 2165 2111
f 2109 2163 2160
f 2110 2164 2163
f 2111 2165 2164
f 2113 2166 2112
f 2090 2103 2123
f 2099 2123 2124
f 2100 2124 2125
f 2101 2125 2126
f 2102 2126 2127
f 2116 2127 2128
f 2098 2167 2103
f 2098 2162 2167
f 2103 2168 2123
f 2123 2169 2124
f 2124 2170 2125
f 2125 2171 2126
f 2103 2167 2168
f 2123 2168 2169
f 2124 2169 2170
f 2160 2172 2159
f 2163 2173 2160
f 2164 2174 2163
f 2159 2175 2158
f 2158 2176 2161
f 2161 2177 2162
f 2160 2173 2172
f 2158 2175 2176
f 2159 2172 2175
f 2161 2176 2177
f 2162 2178 2167
f 2167 2179 2168
f 2162 2177 2178
f 2106 2115 2114
f 2107 2132 2115
f 2108 2133 2132
f 2119 2144 2133
f 2112 2166 2165
f 2114 2180 2113
f 2115 2181 2114
f 2132 2182 2115
f 2113 2180 2166
f 2114 2181 2180
f 2115 2182 2181
f 2133 2183 2132
f 2144 2184 2133
f 2132 2183 2182
f 2133 2184 2183
f 2144 2185 2184
f 2117 2128 2129
f 2118 2129 2145
f 2120 2145 2146
f 2134 2148 2144
f 2135 2149 2148
f 2136 2150 2149
f 2121 2146 2147
f 2122 2147 2151
f 2137 2151 2152
f 2126 2186 2127
f 2127 2187 2128
f 2128 2188 2129
f 2125 2170 2171
f 2126 2171 2186
f 2127 2186 2187
f 2148 2185 2144
f 2128 2187 2188
f 2129 2188 2189
f 2129 2189 2145
f 2145 2190 2146
f 2146 2191 2147
f 2145 2189 2190
f 2146 2190 2191
f 2139 2154 2150
f 2138 2152 2153
f 2141 2156 2154
f 2140 2153 2155
f 2143 2157 2156
f 2142 2155 2157
f 2149 2192 2148
f 2150 2193 2149
f 2154 2194 2150
f 2156 2195 2154
f 2148 2192 2185
f 2149 2193 2192
f 2150 2194 2193
f 2154 2195 2194
f 2147 2196 2151
f 2151 2197 2152
f 2152 2198 2153
f 2153 2199 2155
f 2147 2191 2196
f 2151 2196 2197
f 2152 2197 2198
f 2156 2200 2195
f 2157 2200 2156
f 2155 2201 2157
f 2153 2198 2199
f 2155 2199 2201
f 2157 2201 2200
f 2165 2202 2164
f 2166 2203 2165
f 2180 2204 2166
f 2181 2205 2180
f 2182 2206 2181
f 2183 2207 2182
f 2184 2208 2183
f 2163 2174 2173
f 2164 2202 2174
f 2165 2203 2202
f 2166 2204 2203
f 2180 2205 2204
f 2181 2206 2205
f 2182 2207 2206
f 2183 2208 2207
f 2168 2209 2169
f 2169 2210 2170
f 2170 2211 2171
f 2171 2212 2186
f 2186 2213 2187
f 2187 2214 2188
f 2188 2215 2189
f 2167 2178 2179
f 2168 2179 2209
f 2169 2209 2210
f 2170 2210 2211
f 2171 2211 2212
f 2186 2212 2213
f 2187 2213 2214
f 2188 2214 2215
f 2185 2216 2184
f 2192 2217 2185
f 2184 2216 2208
f 2185 2217 2216
f 2192 2218 2217
f 2189 2219 2190
f 2190 2220 2191
f 2193 2218 2192
f 2194 2221 2193
f 2191 2222 2196
f 2196 2223 2197
f 2195 2224 2194
f 2200 2225 2195
f 2201 2226 2200
f 2197 2227 2198
f 2198 2228 2199
f 2199 2229 2201
f 2189 2215 2219
f 2190 2219 2220
f 2193 2221 2218
f 2191 2220 2222
f 2194 2224 2221
f 2196 2222 2223
f 2195 2225 2224
f 2197 2223 2227
f 2200 2226 2225
f 2198 2227 2228
f 2199 2228 2229
f 2201 2229 2226
f 2174 2230 2173
f 2202 2231 2174
f 2172 2232 2175
f 2173 2233 2172
f 2175 2234 2176
f 2176 2235 2177
f 2203 2236 2202
f 2172 2233 2232
f 2175 2232 2234
f 2176 2234 2235
f 2173 2230 2233
f 2174 2231 2230
f 2177 2235 2237
f 2204 2238 2203
f 2205 2239 2204
f 2206 2240 2205
f 2207 2241 2206
f 2202 2236 2231
f 2203 2238 2236
f 2204 2239 2238
f 2205 2240 2239
f 2206 2241 2240
f 2230 2242 2233
f 2233 2243 2232
f 2232 2244 2234
f 2234 2245 2235
f 2231 2246 2230
f 2236 2247 2231
f 2238 2248 2236
f 2235 2249 2237
f 2239 2250 2238
f 2240 2251 2239
f 2241 2252 2240
f 2177 2237 2178
f 2178 2253 2179
f 2179 2254 2209
f 2178 2237 2253
f 2209 2255 2210
f 2210 2256 2211
f 2211 2257 2212
f 2212 2258 2213
f 2179 2253 2254
f 2209 2254 2255
f 2210 2255 2256
f 2211 2256 2257
f 2212 2257 2258
f 2237 2259 2253
f 2253 2260 2254
f 2254 2261 2255
f 2255 2262 2256
f 2256 2263 2257
f 2208 2264 2207
f 2216 2265 2208
f 2217 2266 2216
f 2218 2267 2217
f 2207 2264 2241
f 2208 2265 2264
f 2216 2266 2265
f 2217 2267 2266
f 2218 2268 2267
f 2264 2269 2241
f 2265 2270 2264
f 2266 2271 2265
f 2267 2272 2266
f 2268 2273 2267
f 2274 2275 2268
f 2213 2276 2214
f 2214 2277 2215
f 2221 2268 2218
f 2215 2278 2219
f 2219 2279 2220
f 2220 2280 2222
f 2213 2258 2276
f 2214 2276 2277
f 2215 2277 2278
f 2219 2278 2279
f 2220 2279 2280
f 2224 2274 2221
f 2225 2281 2224
f 2222 2282 2223
f 2223 2283 2227
f 2226 2284 2225
f 2227 2285 2228
f 2229 2286 2226
f 2228 2287 2229
f 2221 2274 2268
f 2224 2281 2274
f 2225 2284 2281
f 2222 2280 2282
f 2223 2282 2283
f 2226 2286 2284
f 2227 2283 2285
f 2228 2285 2287
f 2229 2287 2286
f 2257 2288 2258
f 2258 2289 2276
f 2276 2290 2277
f 2277 2291 2278
f 2278 2292 2279
f 2279 2293 2280
f 2281 2294 2274
f 2284 2295 2281
f 2280 2296 2282
f 2286 2297 2284
f 2282 2298 2283
f 2283 2299 2285
f 2287 2300 2286
f 2285 2301 2287
f 2232 2243 2244
f 2233 2242 2243
f 2230 2246 2242
f 2231 2247 2246
f 2236 2248 2247
f 2234 2244 2245
f 2235 2245 2249
f 2238 2250 2248
f 2239 2251 2250
f 2240 2252 2251
f 2246 2302 2242
f 2242 2303 2243
f 2243 2304 2244
f 2244 2305 2245
f 2247 2306 2246
f 2248 2307 2247
f 2250 2308 2248
f 2251 2309 2250
f 2252 2310 2251
f 2245 2311 2249
f 2249 2312 2259
f 2243 2303 2304
f 2246 2306 2302
f 2247 2307 2306
f 2248 2308 2307
f 2250 2309 2308
f 2242 2302 2303
f 2244 2304 2305
f 2245 2305 2311
f 2249 2311 2312
f 2251 2310 2309
f 2259 2312 2313
f 2260 2313 2314
f 2303 2302 2315
f 2304 2303 2315
f 2302 2306 2315
f 2306 2307 2315
f 2307 2308 2315
f 2308 2309 2315
f 2305 2304 2315
f 2311 2305 2315
f 2312 2311 2315
f 2313 2312 2315
f 2237 2249 2259
f 2253 2259 2260
f 2254 2260 2261
f 2255 2261 2262
f 2256 2262 2263
f 2259 2313 2260
f 2260 2314 2261
f 2261 2316 2262
f 2261 2314 2316
f 2241 2269 2252
f 2264 2270 2269
f 2265 2271 2270
f 2266 2272 2271
f 2267 2273 2272
f 2268 2275 2273
f 2274 2294 2275
f 2269 2317 2252
f 2270 2318 2269
f 2271 2319 2270
f 2272 2320 2271
f 2273 2321 2272
f 2275 2322 2273
f 2294 2323 2275
f 2295 2324 2294
f 2297 2325 2295
f 2252 2317 2310
f 2269 2318 2317
f 2270 2319 2318
f 2271 2320 2319
f 2272 2321 2320
f 2273 2322 2321
f 2309 2310 2315
f 2310 2317 2315
f 2317 2318 2315
f 2318 2319 2315
f 2319 2320 2315
f 2320 2321 2315
f 2314 2313 2315
f 2316 2314 2315
f 2326 2316 2315
f 2327 2326 2315
f 2328 2327 2315
f 2329 2328 2315
f 2321 2322 2315
f 2322 2323 2315
f 2330 2329 2315
f 2331 2330 2315
f 2332 2331 2315
f 2323 2324 2315
f 2324 2325 2315
f 2325 2333 2315
f 2334 2332 2315
f 2335 2334 2315
f 2275 2323 2322
f 2294 2324 2323
f 2295 2325 2324
f 2297 2333 2325
f 2300 2336 2333
f 2333 2336 2315
f 2336 2337 2315
f 2337 2338 2315
f 2338 2335 2315
f 2257 2263 2288
f 2258 2288 2289
f 2276 2289 2290
f 2277 2290 2291
f 2278 2291 2292
f 2279 2292 2293
f 2280 2293 2296
f 2281 2295 2294
f 2284 2297 2295
f 2282 2296 2298
f 2286 2300 2297
f 2283 2298 2299
f 2285 2299 2301
f 2287 2301 2300
f 2262 2326 2263
f 2263 2327 2288
f 2288 2328 2289
f 2289 2329 2290
f 2290 2330 2291
f 2291 2331 2292
f 2292 2332 2293
f 2293 2334 2296
f 2296 2335 2298
f 2262 2316 2326
f 2263 2326 2327
f 2288 2327 2328
f 2289 2328 2329
f 2290 2329 2330
f 2291 2330 2331
f 2292 2331 2332
f 2293 2332 2334
f 2296 2334 2335
f 2298 2335 2338
f 2299 2338 2337
f 2301 2337 2336
f 2300 2333 2297
f 2301 2336 2300
f 2298 2338 2299
f 2299 2337 2301
f 2339 2340 2341
f 2340 2342 2341
f 2342 2343 2341
f 2343 2344 2341
f 2345 2340 2339
f 2346 2339 2347
f 2348 2347 2349
f 2350 2349 2351
f 2352 2351 2353
f 2347 2339 2341
f 2351 2349 2341
f 2349 2347 2341
f 2344 2354 2341
f 2354 2355 2341
f 2353 2351 2341
f 2356 2353 2341
f 2355 2357 2341
f 2357 2358 2341
f 2358 2359 2341
f 2360 2361 2341
f 2361 2356 2341
f 2362 2360 2341
f 2363 2362 2341
f 2364 2363 2341
f 2365 2364 2341
f 2359 2366 2341
f 2366 2367 2341
f 2367 2368 2341
f 2368 2369 2341
f 2370 2371 2341
f 2369 2370 2341
f 2372 2353 2356
f 2373 2356 2361
f 2374 2361 2360
f 2375 2360 2362
f 2376 2362 2363
f 2377 2363 2364
f 2346 2347 2348
f 2348 2349 2350
f 2372 2356 2373
f 2350 2351 2352
f 2352 2353 2372
f 2373 2361 2374
f 2374 2360 2375
f 2375 2362 2376
f 2376 2363 2377
f 2378 2350 2352
f 2379 2352 2372
f 2380 2372 2373
f 2381 2376 2377
f 2382 2373 2374
f 2383 2374 2375
f 2384 2375 2376
f 2385 2342 2386
f 2386 2340 2345
f 2345 2339 2346
f 2387 2343 2385
f 2386 2342 2340
f 2385 2343 2342
f 2387 2344 2343
f 2388 2354 2344
f 2389 2355 2354
f 2390 2357 2355
f 2391 2358 2357
f 2392 2359 2358
f 2393 2366 2359
f 2394 2367 2366
f 2395 2368 2367
f 2396 2369 2368
f 2388 2344 2387
f 2389 2354 2388
f 2390 2355 2389
f 2391 2357 2390
f 2392 2358 2391
f 2393 2359 2392
f 2394 2366 2393
f 2395 2367 2394
f 2396 2368 2395
f 2397 2345 2346
f 2398 2386 2345
f 2399 2385 2386
f 2400 2387 2385
f 2401 2346 2348
f 2402 2348 2350
f 2403 2388 2387
f 2404 2389 2388
f 2405 2390 2389
f 2406 2391 2390
f 2407 2392 2391
f 2408 2393 2392
f 2409 2394 2393
f 2410 2395 2394
f 2411 2365 2412
f 2413 2412 2414
f 2415 2414 2416
f 2417 2416 2418
f 2412 2365 2341
f 2414 2412 2341
f 2416 2414 2341
f 2418 2416 2341
f 2419 2418 2341
f 2420 2419 2341
f 2421 2422 2341
f 2371 2421 2341
f 2423 2420 2341
f 2422 2423 2341
f 2424 2364 2365
f 2425 2371 2370
f 2426 2421 2371
f 2427 2418 2419
f 2428 2422 2421
f 2429 2423 2422
f 2430 2420 2423
f 2431 2419 2420
f 2377 2364 2424
f 2424 2365 2411
f 2411 2412 2413
f 2413 2414 2415
f 2415 2416 2417
f 2428 2421 2426
f 2429 2422 2428
f 2417 2418 2427
f 2427 2419 2431
f 2431 2420 2430
f 2430 2423 2429
f 2432 2377 2424
f 2433 2424 2411
f 2434 2411 2413
f 2435 2413 2415
f 2436 2415 2417
f 2437 2417 2427
f 2438 2427 2431
f 2439 2429 2428
f 2440 2430 2429
f 2441 2431 2430
f 2442 2370 2369
f 2442 2369 2396
f 2425 2370 2442
f 2426 2371 2425
f 2443 2396 2395
f 2444 2442 2396
f 2445 2425 2442
f 2446 2426 2425
f 2447 2428 2426
f 2378 2352 2379
f 2379 2372 2380
f 2380 2373 2382
f 2384 2376 2381
f 2382 2374 2383
f 2383 2375 2384
f 2448 2379 2380
f 2449 2380 2382
f 2450 2384 2381
f 2451 2382 2383
f 2452 2383 2384
f 2448 2380 2449
f 2449 2382 2451
f 2451 2383 2452
f 2452 2384 2450
f 2398 2345 2397
f 2399 2386 2398
f 2397 2346 2401
f 2400 2385 2399
f 2403 2387 2400
f 2401 2348 2402
f 2402 2350 2378
f 2404 2388 2403
f 2405 2389 2404
f 2406 2390 2405
f 2407 2391 2406
f 2408 2392 2407
f 2409 2393 2408
f 2410 2394 2409
f 2453 2397 2401
f 2454 2398 2397
f 2455 2399 2398
f 2456 2400 2399
f 2457 2401 2402
f 2458 2402 2378
f 2459 2378 2379
f 2460 2403 2400
f 2461 2404 2403
f 2453 2401 2457
f 2455 2398 2454
f 2454 2397 2453
f 2456 2399 2455
f 2457 2402 2458
f 2458 2378 2459
f 2460 2400 2456
f 2461 2403 2460
f 2462 2405 2404
f 2463 2406 2405
f 2464 2407 2406
f 2465 2408 2407
f 2466 2409 2408
f 2459 2379 2448
f 2462 2404 2461
f 2463 2405 2462
f 2464 2406 2463
f 2465 2407 2464
f 2466 2408 2465
f 2381 2377 2432
f 2432 2424 2433
f 2433 2411 2434
f 2434 2413 2435
f 2435 2415 2436
f 2436 2417 2437
f 2439 2428 2447
f 2437 2427 2438
f 2438 2431 2441
f 2441 2430 2440
f 2440 2429 2439
f 2467 2381 2432
f 2468 2432 2433
f 2469 2433 2434
f 2470 2434 2435
f 2471 2435 2436
f 2450 2381 2467
f 2467 2432 2468
f 2468 2433 2469
f 2469 2434 2470
f 2471 2436 2472
f 2472 2437 2473
f 2472 2436 2437
f 2473 2437 2438
f 2474 2439 2447
f 2475 2438 2441
f 2476 2441 2440
f 2477 2440 2439
f 2470 2435 2471
f 2473 2438 2475
f 2475 2441 2476
f 2477 2439 2474
f 2476 2440 2477
f 2443 2395 2410
f 2444 2396 2443
f 2445 2442 2444
f 2446 2425 2445
f 2447 2426 2446
f 2478 2410 2409
f 2479 2443 2410
f 2480 2444 2443
f 2481 2445 2444
f 2482 2446 2445
f 2478 2409 2466
f 2479 2410 2478
f 2480 2443 2479
f 2481 2444 2480
f 2483 2447 2446
f 2482 2445 2481
f 2483 2446 2482
f 2474 2447 2483
f 2484 2448 2449
f 2485 2449 2451
f 2486 2451 2452
f 2484 2449 2485
f 2485 2451 2486
f 2487 2454 2453
f 2488 2455 2454
f 2489 2453 2457
f 2490 2456 2455
f 2491 2458 2459
f 2492 2457 2458
f 2493 2460 2456
f 2494 2461 2460
f 2495 2459 2448
f 2496 2462 2461
f 2497 2463 2462
f 2498 2464 2463
f 2487 2453 2489
f 2489 2457 2492
f 2492 2458 2491
f 2488 2454 2487
f 2490 2455 2488
f 2493 2456 2490
f 2491 2459 2495
f 2495 2448 2484
f 2497 2462 2496
f 2498 2463 2497
f 2494 2460 2493
f 2496 2461 2494
f 2499 2450 2467
f 2500 2452 2450
f 2501 2467 2468
f 2502 2468 2469
f 2503 2470 2471
f 2504 2471 2472
f 2505 2472 2473
f 2506 2469 2470
f 2500 2450 2499
f 2486 2452 2500
f 2499 2467 2501
f 2501 2468 2502
f 2506 2470 2503
f 2503 2471 2504
f 2502 2469 2506
f 2507 2465 2464
f 2508 2466 2465
f 2509 2478 2466
f 2510 2479 2478
f 2511 2481 2480
f 2512 2480 2479
f 2513 2482 2481
f 2514 2483 2482
f 2507 2464 2498
f 2508 2465 2507
f 2509 2466 2508
f 2510 2478 2509
f 2512 2479 2510
f 2511 2480 2512
f 2513 2481 2511
f 2515 2489 2492
f 2516 2487 2489
f 2517 2488 2487
f 2518 2490 2488
f 2517 2487 2516
f 2516 2489 2515
f 2519 2491 2495
f 2520 2492 2491
f 2521 2495 2484
f 2522 2484 2485
f 2515 2492 2520
f 2520 2491 2519
f 2519 2495 2521
f 2521 2484 2522
f 2523 2493 2490
f 2524 2494 2493
f 2525 2496 2494
f 2518 2488 2517
f 2523 2490 2518
f 2524 2493 2523
f 2525 2494 2524
f 2526 2520 2519
f 2527 2516 2515
f 2528 2517 2516
f 2529 2515 2520
f 2530 2518 2517
f 2531 2523 2518
f 2532 2485 2486
f 2533 2486 2500
f 2534 2500 2499
f 2532 2486 2533
f 2533 2500 2534
f 2535 2506 2503
f 2536 2499 2501
f 2537 2501 2502
f 2538 2502 2506
f 2534 2499 2536
f 2536 2501 2537
f 2537 2502 2538
f 2539 2532 2533
f 2540 2533 2534
f 2541 2536 2537
f 2542 2534 2536
f 2543 2507 2498
f 2544 2508 2507
f 2522 2485 2532
f 2545 2497 2496
f 2546 2498 2497
f 2545 2496 2525
f 2546 2497 2545
f 2543 2498 2546
f 2547 2509 2508
f 2548 2510 2509
f 2549 2512 2510
f 2544 2507 2543
f 2547 2508 2544
f 2548 2509 2547
f 2550 2521 2522
f 2551 2519 2521
f 2552 2522 2532
f 2553 2524 2523
f 2554 2525 2524
f 2555 2545 2525
f 2556 2546 2545
f 2557 2543 2546
f 2558 2544 2543
f 2559 2473 2475
f 2560 2475 2476
f 2561 2477 2474
f 2562 2476 2477
f 2504 2472 2505
f 2505 2473 2559
f 2559 2475 2560
f 2560 2476 2562
f 2561 2474 2563
f 2562 2477 2561
f 2563 2474 2483
f 2514 2482 2513
f 2563 2483 2514
f 2564 2503 2504
f 2565 2504 2505
f 2566 2505 2559
f 2535 2503 2564
f 2564 2504 2565
f 2565 2505 2566
f 2538 2506 2535
f 2567 2559 2560
f 2568 2560 2562
f 2566 2559 2567
f 2567 2560 2568
f 2568 2562 2569
f 2569 2562 2561
f 2570 2561 2563
f 2569 2561 2570
f 2570 2563 2571
f 2572 2535 2564
f 2573 2537 2538
f 2574 2538 2535
f 2575 2564 2565
f 2576 2565 2566
f 2577 2566 2567
f 2578 2513 2511
f 2579 2511 2512
f 2580 2514 2513
f 2549 2510 2548
f 2579 2512 2549
f 2578 2511 2579
f 2580 2513 2578
f 2571 2563 2514
f 2571 2514 2580
f 2581 2547 2544
f 2582 2548 2547
f 2583 2549 2548
f 2584 2578 2579
f 2585 2579 2549
f 2586 2580 2578
f 2587 2567 2568
f 2588 2568 2569
f 2589 2570 2571
f 2590 2569 2570
f 2591 2571 2580
f 2528 2516 2527
f 2527 2515 2529
f 2529 2520 2526
f 2530 2517 2528
f 2539 2533 2540
f 2540 2534 2542
f 2526 2519 2551
f 2550 2522 2552
f 2551 2521 2550
f 2531 2518 2530
f 2553 2523 2531
f 2554 2524 2553
f 2552 2532 2539
f 2555 2525 2554
f 2556 2545 2555
f 2557 2546 2556
f 2592 2526 2551
f 2593 2527 2529
f 2594 2528 2527
f 2595 2529 2526
f 2596 2530 2528
f 2593 2529 2595
f 2594 2527 2593
f 2596 2528 2594
f 2597 2550 2552
f 2598 2551 2550
f 2599 2552 2539
f 2592 2551 2598
f 2597 2552 2599
f 2598 2550 2597
f 2600 2531 2530
f 2601 2553 2531
f 2602 2554 2553
f 2603 2555 2554
f 2595 2526 2592
f 2600 2530 2596
f 2602 2553 2601
f 2601 2531 2600
f 2604 2593 2595
f 2605 2595 2592
f 2606 2594 2593
f 2607 2596 2594
f 2604 2595 2605
f 2606 2593 2604
f 2542 2536 2541
f 2541 2537 2573
f 2573 2538 2574
f 2574 2535 2572
f 2572 2564 2575
f 2575 2565 2576
f 2576 2566 2577
f 2608 2540 2542
f 2609 2542 2541
f 2610 2540 2608
f 2608 2542 2609
f 2611 2572 2575
f 2612 2541 2573
f 2613 2573 2574
f 2614 2574 2572
f 2609 2541 2612
f 2612 2573 2613
f 2613 2574 2614
f 2581 2544 2558
f 2582 2547 2581
f 2558 2543 2557
f 2583 2548 2582
f 2585 2549 2583
f 2584 2579 2585
f 2586 2578 2584
f 2610 2539 2540
f 2599 2539 2610
f 2615 2556 2555
f 2616 2557 2556
f 2617 2558 2557
f 2603 2554 2602
f 2615 2555 2603
f 2616 2556 2615
f 2618 2581 2558
f 2619 2582 2581
f 2620 2583 2582
f 2619 2581 2618
f 2617 2557 2616
f 2618 2558 2617
f 2577 2567 2587
f 2587 2568 2588
f 2588 2569 2590
f 2590 2570 2589
f 2589 2571 2591
f 2621 2575 2576
f 2622 2576 2577
f 2623 2577 2587
f 2614 2572 2611
f 2611 2575 2621
f 2621 2576 2622
f 2624 2587 2588
f 2625 2588 2590
f 2622 2577 2623
f 2623 2587 2624
f 2624 2588 2625
f 2626 2591 2586
f 2627 2589 2591
f 2628 2590 2589
f 2627 2591 2626
f 2591 2580 2586
f 2629 2585 2583
f 2630 2584 2585
f 2631 2586 2584
f 2620 2582 2619
f 2629 2583 2620
f 2630 2585 2629
f 2631 2584 2630
f 2626 2586 2631
f 2632 2608 2609
f 2633 2609 2612
f 2634 2598 2597
f 2635 2597 2599
f 2636 2592 2598
f 2637 2600 2596
f 2638 2601 2600
f 2639 2602 2601
f 2640 2599 2610
f 2641 2610 2608
f 2642 2603 2602
f 2643 2615 2603
f 2644 2616 2615
f 2634 2597 2635
f 2605 2592 2636
f 2607 2594 2606
f 2636 2598 2634
f 2637 2596 2607
f 2638 2600 2637
f 2635 2599 2640
f 2640 2610 2641
f 2641 2608 2632
f 2639 2601 2638
f 2643 2603 2642
f 2642 2602 2639
f 2645 2614 2611
f 2646 2612 2613
f 2647 2613 2614
f 2648 2611 2621
f 2649 2621 2622
f 2650 2622 2623
f 2632 2609 2633
f 2646 2613 2647
f 2633 2612 2646
f 2645 2611 2648
f 2648 2621 2649
f 2647 2614 2645
f 2651 2619 2618
f 2652 2617 2616
f 2653 2618 2617
f 2654 2620 2619
f 2655 2630 2629
f 2656 2629 2620
f 2644 2615 2643
f 2652 2616 2644
f 2653 2617 2652
f 2654 2619 2651
f 2656 2620 2654
f 2651 2618 2653
f 2657 2604 2605
f 2658 2606 2604
f 2659 2634 2635
f 2660 2636 2634
f 2661 2605 2636
f 2662 2607 2606
f 2663 2637 2607
f 2664 2638 2637
f 2657 2605 2661
f 2661 2636 2660
f 2662 2606 2658
f 2663 2607 2662
f 2665 2632 2633
f 2666 2633 2646
f 2667 2646 2647
f 2665 2633 2666
f 2668 2640 2641
f 2669 2635 2640
f 2670 2641 2632
f 2659 2635 2669
f 2669 2640 2668
f 2671 2639 2638
f 2672 2642 2639
f 2660 2634 2659
f 2664 2637 2663
f 2671 2638 2664
f 2668 2641 2670
f 2670 2632 2665
f 2673 2643 2642
f 2674 2644 2643
f 2675 2652 2644
f 2672 2639 2671
f 2673 2642 2672
f 2674 2643 2673
f 2676 2660 2659
f 2677 2661 2660
f 2678 2669 2668
f 2679 2668 2670
f 2680 2659 2669
f 2681 2663 2662
f 2682 2664 2663
f 2683 2671 2664
f 2677 2660 2676
f 2676 2659 2680
f 2680 2669 2678
f 2682 2663 2681
f 2658 2604 2657
f 2684 2657 2661
f 2685 2658 2657
f 2686 2662 2658
f 2685 2657 2684
f 2684 2661 2677
f 2686 2658 2685
f 2681 2662 2686
f 2687 2684 2677
f 2625 2590 2628
f 2628 2589 2627
f 2688 2623 2624
f 2689 2624 2625
f 2690 2625 2628
f 2691 2626 2631
f 2692 2627 2626
f 2693 2628 2627
f 2649 2622 2650
f 2650 2623 2688
f 2688 2624 2689
f 2689 2625 2690
f 2690 2628 2693
f 2692 2626 2691
f 2693 2627 2692
f 2694 2631 2630
f 2655 2629 2656
f 2694 2630 2655
f 2691 2631 2694
f 2695 2645 2648
f 2696 2648 2649
f 2697 2647 2645
f 2667 2647 2697
f 2666 2646 2667
f 2697 2645 2695
f 2698 2650 2688
f 2699 2649 2650
f 2700 2688 2689
f 2695 2648 2696
f 2696 2649 2699
f 2699 2650 2698
f 2701 2665 2666
f 2702 2667 2697
f 2703 2666 2667
f 2704 2697 2695
f 2705 2654 2651
f 2706 2653 2652
f 2707 2651 2653
f 2675 2644 2674
f 2706 2652 2675
f 2707 2653 2706
f 2708 2655 2656
f 2709 2656 2654
f 2710 2694 2655
f 2705 2651 2707
f 2709 2654 2705
f 2708 2656 2709
f 2711 2670 2665
f 2712 2672 2671
f 2713 2674 2673
f 2714 2673 2672
f 2715 2675 2674
f 2716 2706 2675
f 2717 2689 2690
f 2718 2690 2693
f 2698 2688 2700
f 2700 2689 2717
f 2717 2690 2718
f 2719 2691 2694
f 2720 2692 2691
f 2721 2693 2692
f 2720 2691 2719
f 2718 2693 2721
f 2721 2692 2720
f 2722 2695 2696
f 2723 2696 2699
f 2724 2699 2698
f 2725 2698 2700
f 2726 2700 2717
f 2727 2717 2718
f 2728 2719 2710
f 2710 2655 2708
f 2719 2694 2710
f 2729 2705 2707
f 2730 2709 2705
f 2731 2707 2706
f 2732 2708 2709
f 2733 2710 2708
f 2701 2666 2703
f 2703 2667 2702
f 2678 2668 2679
f 2679 2670 2711
f 2711 2665 2701
f 2683 2664 2682
f 2712 2671 2683
f 2734 2677 2676
f 2735 2680 2678
f 2736 2676 2680
f 2737 2678 2679
f 2738 2679 2711
f 2714 2672 2712
f 2713 2673 2714
f 2715 2674 2713
f 2739 2683 2682
f 2740 2712 2683
f 2734 2676 2736
f 2736 2680 2735
f 2735 2678 2737
f 2722 2696 2723
f 2702 2697 2704
f 2704 2695 2722
f 2741 2703 2702
f 2723 2699 2724
f 2724 2698 2725
f 2725 2700 2726
f 2742 2722 2723
f 2743 2702 2704
f 2744 2704 2722
f 2745 2703 2741
f 2741 2702 2743
f 2743 2704 2744
f 2729 2707 2731
f 2746 2711 2701
f 2745 2701 2703
f 2716 2675 2715
f 2731 2706 2716
f 2747 2714 2712
f 2748 2713 2714
f 2730 2705 2729
f 2733 2708 2732
f 2732 2709 2730
f 2749 2715 2713
f 2750 2716 2715
f 2751 2731 2716
f 2737 2679 2738
f 2738 2711 2746
f 2746 2701 2745
f 2740 2683 2739
f 2747 2712 2740
f 2748 2714 2747
f 2750 2715 2749
f 2749 2713 2748
f 2752 2685 2684
f 2753 2686 2685
f 2754 2681 2686
f 2755 2682 2681
f 2687 2677 2734
f 2752 2684 2687
f 2753 2685 2752
f 2754 2686 2753
f 2755 2681 2754
f 2739 2682 2755
f 2756 2718 2721
f 2757 2721 2720
f 2758 2720 2719
f 2726 2717 2727
f 2727 2718 2756
f 2756 2721 2757
f 2759 2723 2724
f 2760 2725 2726
f 2761 2724 2725
f 2757 2720 2758
f 2758 2719 2728
f 2762 2726 2727
f 2763 2727 2756
f 2764 2758 2728
f 2765 2728 2733
f 2742 2723 2759
f 2759 2724 2761
f 2744 2722 2742
f 2761 2725 2760
f 2760 2726 2762
f 2728 2710 2733
f 2766 2729 2731
f 2767 2732 2730
f 2768 2730 2729
f 2769 2733 2732
f 2751 2716 2750
f 2766 2731 2751
f 2768 2729 2766
f 2767 2730 2768
f 2769 2732 2767
f 2770 2756 2757
f 2771 2757 2758
f 2762 2727 2763
f 2763 2756 2770
f 2770 2757 2771
f 2765 2733 2769
f 2771 2758 2764
f 2764 2728 2765
f 2772 2736 2735
f 2773 2735 2737
f 2774 2746 2745
f 2775 2738 2746
f 2776 2738 2775
f 2776 2737 2738
f 2777 2740 2739
f 2772 2735 2773
f 2773 2737 2776
f 2778 2687 2734
f 2779 2752 2687
f 2780 2734 2736
f 2781 2753 2752
f 2782 2754 2753
f 2778 2734 2780
f 2779 2687 2778
f 2780 2736 2772
f 2781 2752 2779
f 2783 2755 2754
f 2784 2739 2755
f 2782 2753 2781
f 2783 2754 2782
f 2784 2755 2783
f 2785 2778 2780
f 2786 2779 2778
f 2787 2741 2743
f 2788 2742 2759
f 2789 2743 2744
f 2790 2744 2742
f 2791 2741 2787
f 2787 2743 2789
f 2789 2744 2790
f 2791 2745 2741
f 2775 2746 2774
f 2774 2745 2791
f 2792 2747 2740
f 2793 2748 2747
f 2794 2749 2748
f 2792 2740 2777
f 2795 2750 2749
f 2796 2751 2750
f 2793 2747 2792
f 2795 2749 2794
f 2794 2748 2793
f 2797 2772 2773
f 2798 2773 2776
f 2799 2774 2791
f 2800 2775 2774
f 2801 2776 2775
f 2802 2759 2761
f 2803 2761 2760
f 2804 2760 2762
f 2788 2759 2802
f 2802 2761 2803
f 2790 2742 2788
f 2805 2762 2763
f 2806 2763 2770
f 2803 2760 2804
f 2804 2762 2805
f 2807 2764 2765
f 2808 2765 2769
f 2809 2787 2789
f 2810 2788 2802
f 2811 2790 2788
f 2812 2789 2790
f 2813 2766 2751
f 2814 2767 2768
f 2815 2768 2766
f 2796 2750 2795
f 2813 2751 2796
f 2816 2769 2767
f 2815 2766 2813
f 2814 2768 2815
f 2816 2767 2814
f 2817 2791 2787
f 2818 2792 2777
f 2819 2793 2792
f 2820 2795 2794
f 2821 2794 2793
f 2822 2796 2795
f 2797 2773 2798
f 2798 2776 2801
f 2801 2775 2800
f 2809 2789 2812
f 2812 2790 2811
f 2800 2774 2799
f 2799 2791 2817
f 2817 2787 2809
f 2819 2792 2818
f 2821 2793 2819
f 2820 2794 2821
f 2823 2797 2798
f 2824 2798 2801
f 2825 2800 2799
f 2826 2801 2800
f 2823 2798 2824
f 2824 2801 2826
f 2777 2739 2784
f 2827 2780 2772
f 2828 2781 2779
f 2829 2782 2781
f 2830 2783 2782
f 2831 2784 2783
f 2832 2777 2784
f 2786 2778 2785
f 2827 2772 2797
f 2785 2780 2827
f 2828 2779 2786
f 2829 2781 2828
f 2830 2782 2829
f 2831 2783 2830
f 2833 2785 2827
f 2832 2784 2831
f 2818 2777 2832
f 2834 2827 2797
f 2835 2786 2785
f 2836 2828 2786
f 2837 2829 2828
f 2835 2785 2833
f 2833 2827 2834
f 2838 2830 2829
f 2839 2831 2830
f 2834 2797 2823
f 2836 2786 2835
f 2837 2828 2836
f 2838 2829 2837
f 2840 2770 2771
f 2841 2771 2764
f 2805 2763 2806
f 2806 2770 2840
f 2840 2771 2841
f 2841 2764 2807
f 2808 2769 2816
f 2807 2765 2808
f 2842 2802 2803
f 2843 2803 2804
f 2844 2804 2805
f 2845 2805 2806
f 2846 2806 2840
f 2847 2808 2816
f 2848 2814 2815
f 2849 2815 2813
f 2850 2813 2796
f 2851 2816 2814
f 2852 2840 2841
f 2853 2841 2807
f 2854 2807 2808
f 2810 2802 2842
f 2811 2788 2810
f 2843 2804 2844
f 2842 2803 2843
f 2844 2805 2845
f 2855 2809 2812
f 2856 2810 2842
f 2857 2812 2811
f 2858 2811 2810
f 2855 2812 2857
f 2822 2795 2820
f 2850 2796 2822
f 2849 2813 2850
f 2851 2814 2848
f 2848 2815 2849
f 2859 2817 2809
f 2860 2799 2817
f 2860 2817 2859
f 2825 2799 2860
f 2861 2818 2832
f 2862 2819 2818
f 2826 2800 2825
f 2859 2809 2855
f 2863 2821 2819
f 2864 2820 2821
f 2865 2822 2820
f 2862 2818 2861
f 2863 2819 2862
f 2845 2806 2846
f 2846 2840 2852
f 2852 2841 2853
f 2853 2807 2854
f 2847 2816 2851
f 2854 2808 2847
f 2866 2842 2843
f 2867 2843 2844
f 2856 2842 2866
f 2857 2811 2858
f 2858 2810 2856
f 2868 2844 2845
f 2869 2845 2846
f 2870 2846 2852
f 2866 2843 2867
f 2867 2844 2868
f 2868 2845 2869
f 2871 2847 2851
f 2872 2849 2850
f 2873 2850 2822
f 2864 2821 2863
f 2865 2820 2864
f 2873 2822 2865
f 2874 2848 2849
f 2875 2851 2848
f 2872 2850 2873
f 2874 2849 2872
f 2876 2832 2831
f 2839 2830 2838
f 2876 2831 2839
f 2861 2832 2876
f 2877 2852 2853
f 2878 2853 2854
f 2869 2846 2870
f 2870 2852 2877
f 2879 2854 2847
f 2871 2851 2875
f 2879 2847 2871
f 2877 2853 2878
f 2878 2854 2879
f 2875 2848 2874
f 2880 2824 2826
f 2881 2826 2825
f 2882 2824 2880
f 2883 2855 2857
f 2884 2857 2858
f 2885 2858 2856
f 2886 2825 2860
f 2887 2860 2859
f 2888 2859 2855
f 2889 2861 2876
f 2890 2862 2861
f 2891 2863 2862
f 2892 2864 2863
f 2886 2860 2887
f 2880 2826 2881
f 2881 2825 2886
f 2887 2859 2888
f 2888 2855 2883
f 2890 2861 2889
f 2893 2880 2881
f 2894 2833 2834
f 2895 2835 2833
f 2896 2834 2823
f 2882 2823 2824
f 2897 2836 2835
f 2898 2837 2836
f 2899 2838 2837
f 2900 2839 2838
f 2894 2834 2896
f 2895 2833 2894
f 2897 2835 2895
f 2896 2823 2882
f 2898 2836 2897
f 2901 2876 2839
f 2899 2837 2898
f 2900 2838 2899
f 2901 2839 2900
f 2889 2876 2901
f 2902 2894 2896
f 2903 2895 2894
f 2904 2896 2882
f 2905 2882 2880
f 2906 2897 2895
f 2907 2899 2898
f 2908 2898 2897
f 2902 2896 2904
f 2903 2894 2902
f 2906 2895 2903
f 2909 2856 2866
f 2910 2867 2868
f 2911 2866 2867
f 2912 2868 2869
f 2913 2869 2870
f 2884 2858 2885
f 2883 2857 2884
f 2885 2856 2909
f 2909 2866 2911
f 2911 2867 2910
f 2910 2868 2912
f 2914 2873 2865
f 2915 2872 2873
f 2916 2865 2864
f 2917 2874 2872
f 2918 2875 2874
f 2891 2862 2890
f 2892 2863 2891
f 2916 2864 2892
f 2915 2873 2914
f 2917 2872 2915
f 2914 2865 2916
f 2919 2870 2877
f 2920 2877 2878
f 2921 2878 2879
f 2922 2879 2871
f 2923 2871 2875
f 2912 2869 2913
f 2913 2870 2919
f 2919 2877 2920
f 2923 2875 2918
f 2920 2878 2921
f 2921 2879 2922
f 2922 2871 2923
f 2918 2874 2917
f 2924 2883 2884
f 2925 2884 2885
f 2926 2886 2887
f 2927 2887 2888
f 2928 2881 2886
f 2905 2880 2893
f 2893 2881 2928
f 2929 2888 2883
f 2926 2887 2927
f 2927 2888 2929
f 2930 2889 2901
f 2931 2890 2889
f 2932 2891 2890
f 2928 2886 2926
f 2933 2911 2910
f 2934 2885 2909
f 2935 2909 2911
f 2924 2884 2925
f 2925 2885 2934
f 2936 2910 2912
f 2937 2912 2913
f 2935 2911 2933
f 2933 2910 2936
f 2934 2909 2935
f 2938 2924 2925
f 2939 2914 2916
f 2929 2883 2924
f 2940 2892 2891
f 2941 2916 2892
f 2931 2889 2930
f 2940 2891 2932
f 2932 2890 2931
f 2942 2915 2914
f 2943 2917 2915
f 2942 2914 2939
f 2941 2892 2940
f 2939 2916 2941
f 2944 2893 2928
f 2945 2928 2926
f 2946 2926 2927
f 2947 2927 2929
f 2948 2929 2924
f 2949 2930 2950
f 2951 2931 2930
f 2952 2900 2899
f 2950 2901 2900
f 2904 2882 2905
f 2908 2897 2906
f 2907 2898 2908
f 2952 2899 2907
f 2950 2900 2952
f 2930 2901 2950
f 2953 2902 2904
f 2954 2904 2905
f 2955 2903 2902
f 2956 2906 2903
f 2957 2905 2893
f 2958 2908 2906
f 2959 2907 2908
f 2960 2952 2907
f 2961 2950 2952
f 2962 2913 2919
f 2963 2919 2920
f 2964 2920 2921
f 2965 2921 2922
f 2936 2912 2937
f 2937 2913 2962
f 2962 2919 2963
f 2966 2923 2918
f 2967 2922 2923
f 2963 2920 2964
f 2964 2921 2965
f 2965 2922 2967
f 2967 2923 2966
f 2966 2918 2968
f 2969 2925 2934
f 2970 2934 2935
f 2971 2935 2933
f 2972 2933 2936
f 2973 2937 2962
f 2974 2936 2937
f 2968 2918 2917
f 2943 2915 2942
f 2968 2917 2943
f 2975 2932 2931
f 2976 2940 2932
f 2977 2939 2941
f 2978 2942 2939
f 2979 2941 2940
f 2980 2962 2963
f 2981 2963 2964
f 2982 2967 2966
f 2983 2966 2968
f 2984 2964 2965
f 2985 2965 2967
f 2986 2943 2942
f 2987 2968 2943
f 2944 2928 2945
f 2957 2893 2944
f 2945 2926 2946
f 2955 2902 2953
f 2954 2905 2957
f 2953 2904 2954
f 2956 2903 2955
f 2958 2906 2956
f 2959 2908 2958
f 2960 2907 2959
f 2938 2925 2969
f 2969 2934 2970
f 2970 2935 2971
f 2971 2933 2972
f 2947 2929 2948
f 2946 2927 2947
f 2948 2924 2938
f 2949 2950 2961
f 2951 2930 2949
f 2976 2932 2975
f 2975 2931 2951
f 2979 2940 2976
f 2988 2946 2947
f 2989 2944 2945
f 2990 2957 2944
f 2991 2945 2946
f 2992 2960 2959
f 2993 2957 2990
f 2972 2936 2974
f 2973 2962 2980
f 2974 2937 2973
f 2980 2963 2981
f 2981 2964 2984
f 2984 2965 2985
f 2985 2967 2982
f 2983 2968 2987
f 2982 2966 2983
f 2994 2938 2969
f 2995 2969 2970
f 2996 2972 2974
f 2997 2970 2971
f 2998 2971 2972
f 2994 2969 2995
f 2995 2970 2997
f 2977 2941 2979
f 2978 2939 2977
f 2986 2942 2978
f 2987 2943 2986
f 2999 2948 2938
f 3000 2947 2948
f 2991 2946 2988
f 2988 2947 3000
f 3001 2961 2960
f 3002 2949 2961
f 3003 2951 2949
f 3004 2975 2951
f 2989 2945 2991
f 2990 2944 2989
f 3005 2958 3006
f 2992 2959 3005
f 3001 2960 2992
f 3007 2979 2976
f 3008 2977 2979
f 3000 2948 2999
f 2999 2938 2994
f 3009 2976 2975
f 3003 2949 3002
f 3002 2961 3001
f 3004 2951 3003
f 3010 3011 2993
f 3012 2993 2990
f 3013 3014 3011
f 3015 3016 3014
f 2961 2952 2960
f 3011 2953 2954
f 3014 2955 2953
f 2993 2954 2957
f 3016 2956 2955
f 3006 2958 2956
f 3005 2959 2958
f 3011 2954 2993
f 3014 2953 3011
f 3016 2955 3014
f 3006 2956 3016
f 3017 2974 2973
f 3018 2973 2980
f 3019 2980 2981
f 3020 2981 2984
f 2996 2974 3017
f 3017 2973 3018
f 3021 2987 2986
f 3022 2983 2987
f 2997 2971 2998
f 2998 2972 2996
f 3023 2984 2985
f 3024 2985 2982
f 3019 2981 3020
f 3018 2980 3019
f 3020 2984 3023
f 3025 2982 2983
f 3025 2983 3022
f 3022 2987 3021
f 3026 2978 2977
f 3027 2986 2978
f 3007 2976 3009
f 3008 2979 3007
f 3026 2977 3008
f 3009 2975 3004
f 3027 2978 3026
f 3021 2986 3027
f 3023 2985 3024
f 3024 2982 3025
f 3028 2994 2995
f 3029 2995 2997
f 3030 2997 2998
f 3031 3000 2999
f 3032 2988 3000
f 3033 2991 2988
f 3034 2990 2989
f 3035 2989 2991
f 3036 3006 3016
f 3037 3005 3006
f 3038 2992 3005
f 3039 3001 2992
f 3040 2999 2994
f 3041 3004 3003
f 3042 3009 3004
f 3043 3002 3001
f 3044 3003 3002
f 3013 3011 3010
f 3010 2993 3012
f 3015 3014 3013
f 3035 2991 3033
f 3031 2999 3040
f 3033 2988 3032
f 3032 3000 3031
f 3034 2989 3035
f 3012 2990 3034
f 3036 3016 3015
f 3037 3006 3036
f 3038 3005 3037
f 3039 2992 3038
f 3045 3017 3018
f 3046 3018 3019
f 3047 3019 3020
f 3048 2998 2996
f 3049 2996 3017
f 3050 3021 3027
f 3051 3020 3023
f 3052 3023 3024
f 3053 3024 3025
f 3054 3025 3022
f 3055 3022 3021
f 3028 2995 3029
f 3030 2998 3048
f 3048 2996 3049
f 3029 2997 3030
f 3045 3018 3046
f 3046 3019 3047
f 3047 3020 3051
f 3051 3023 3052
f 3049 3017 3045
f 3050 3027 3056
f 3055 3021 3050
f 3057 3029 3030
f 3057 3045 3046
f 3057 3048 3049
f 3057 3030 3048
f 3057 3049 3045
f 3058 3007 3009
f 3059 3008 3007
f 3056 3027 3026
f 3060 3026 3008
f 3040 2994 3028
f 3041 3003 3044
f 3042 3004 3041
f 3058 3009 3042
f 3057 3012 3034
f 3057 3032 3031
f 3057 3035 3033
f 3057 3034 3035
f 3057 3037 3036
f 3057 3033 3032
f 3057 3038 3037
f 3057 3039 3038
f 3043 3001 3039
f 3044 3002 3043
f 3057 3010 3012
f 3057 3013 3010
f 3057 3015 3013
f 3057 3036 3015
f 3059 3007 3058
f 3056 3026 3060
f 3060 3008 3059
f 3057 3040 3028
f 3057 3031 3040
f 3057 3028 3029
f 3057 3044 3043
f 3057 3043 3039
f 3057 3041 3044
f 3057 3042 3041
f 3057 3058 3042
f 3057 3059 3058
f 3057 3056 3060
f 3057 3060 3059
f 3052 3024 3053
f 3053 3025 3054
f 3054 3022 3055
f 3057 3046 3047
f 3057 3047 3051
f 3057 3051 3052
f 3057 3052 3053
f 3057 3055 3050
f 3057 3054 3055
f 3057 3053 3054
f 3057 3050 3056
f 3061 3062 3063
f 3064 3061 3063
f 3063 3065 3066
f 3066 3067 3068
f 3068 3069 3070
f 3062 3065 3063
f 3065 3067 3066
f 3067 3069 3068
f 3069 3071 3070
f 3064 3063 3066
f 3064 3066 3068
f 3064 3068 3070
f 3064 3070 3072
f 3070 3071 3072
f 3072 3073 3074
f 3064 3072 3074
f 3064 3074 3075
f 3074 3076 3075
f 3071 3073 3072
f 3073 3076 3074
f 3076 3077 3075
f 3062 3078 3065
f 3065 3079 3067
f 3067 3080 3069
f 3078 3079 3065
f 3069 3081 3071
f 3071 3082 3073
f 3073 3083 3076
f 3076 3084 3077
f 3079 3080 3067
f 3080 3081 3069
f 3081 3082 3071
f 3082 3083 3073
f 3085 3079 3078
f 3085 3080 3079
f 3083 3084 3076
f 3084 3086 3077
f 3085 3081 3080
f 3085 3082 3081
f 3085 3083 3082
f 3085 3084 3083
f 3085 3086 3084
f 3064 3075 3087
f 3064 3087 3088
f 3075 3077 3087
f 3087 3089 3088
f 3064 3088 3090
f 3064 3090 3091
f 3064 3091 3092
f 3064 3092 3093
f 3088 3094 3090
f 3077 3089 3087
f 3089 3094 3088
f 3094 3095 3090
f 3064 3093 3096
f 3090 3095 3091
f 3091 3097 3092
f 3092 3098 3093
f 3093 3099 3096
f 3095 3097 3091
f 3097 3098 3092
f 3098 3099 3093
f 3099 3100 3096
f 3077 3086 3089
f 3089 3101 3094
f 3094 3102 3095
f 3095 3103 3097
f 3086 3101 3089
f 3101 3102 3094
f 3085 3101 3086
f 3085 3102 3101
f 3085 3103 3102
f 3085 3104 3103
f 3085 3105 3104
f 3102 3103 3095
f 3103 3104 3097
f 3104 3105 3098
f 3085 3106 3105
f 3085 3107 3106
f 3097 3104 3098
f 3098 3105 3099
f 3099 3106 3100
f 3105 3106 3099
f 3106 3107 3100
f 3108 3109 3061
f 3064 3108 3061
f 3110 3111 3108
f 3112 3113 3110
f 3114 3115 3112
f 3109 3062 3061
f 3111 3109 3108
f 3113 3111 3110
f 3115 3113 3112
f 3064 3110 3108
f 3064 3112 3110
f 3064 3114 3112
f 3064 3116 3114
f 3116 3117 3114
f 3064 3118 3116
f 3064 3119 3118
f 3118 3120 3116
f 3119 3121 3118
f 3117 3115 3114
f 3120 3117 3116
f 3121 3120 3118
f 3109 3122 3062
f 3111 3123 3109
f 3113 3124 3111
f 3122 3078 3062
f 3123 3122 3109
f 3115 3125 3113
f 3117 3126 3115
f 3120 3127 3117
f 3121 3128 3120
f 3124 3123 3111
f 3125 3124 3113
f 3126 3125 3115
f 3085 3078 3122
f 3085 3122 3123
f 3127 3126 3117
f 3128 3127 3120
f 3085 3123 3124
f 3085 3124 3125
f 3085 3125 3126
f 3085 3126 3127
f 3085 3127 3128
f 3064 3129 3119
f 3064 3130 3129
f 3129 3131 3119
f 3064 3132 3130
f 3064 3133 3132
f 3064 3134 3133
f 3064 3135 3134
f 3130 3136 3129
f 3132 3137 3130
f 3131 3121 3119
f 3136 3131 3129
f 3137 3136 3130
f 3064 3096 3135
f 3133 3138 3132
f 3134 3139 3133
f 3135 3140 3134
f 3096 3100 3135
f 3138 3137 3132
f 3139 3138 3133
f 3140 3139 3134
f 3100 3140 3135
f 3131 3141 3121
f 3136 3142 3131
f 3137 3143 3136
f 3138 3144 3137
f 3141 3128 3121
f 3142 3141 3131
f 3085 3128 3141
f 3085 3141 3142
f 3085 3142 3143
f 3085 3143 3144
f 3085 3144 3145
f 3143 3142 3136
f 3144 3143 3137
f 3145 3144 3138
f 3146 3145 3139
f 3085 3145 3146
f 3085 3146 3107
f 3139 3145 3138
f 3140 3146 3139
f 3100 3107 3140
f 3107 3146 3140
f 3147 3148 3149
f 3150 3147 3149
f 3150 3151 3147
f 3150 3152 3151
f 3150 3153 3152
f 3150 3149 3154
f 3150 3154 3155
f 3150 3155 3156
f 3149 3157 3154
f 3154 3158 3155
f 3150 3156 3159
f 3151 3160 3147
f 3152 3161 3151
f 3153 3162 3152
f 3163 3164 3153
f 3150 3163 3153
f 3150 3165 3163
f 3150 3166 3165
f 3150 3167 3166
f 3150 3168 3167
f 3155 3169 3156
f 3156 3170 3159
f 3165 3171 3163
f 3166 3172 3165
f 3167 3173 3166
f 3168 3174 3167
f 3175 3176 3168
f 3147 3160 3148
f 3149 3148 3157
f 3151 3161 3160
f 3154 3157 3158
f 3155 3158 3169
f 3152 3162 3161
f 3153 3164 3162
f 3163 3171 3164
f 3156 3169 3170
f 3165 3172 3171
f 3166 3173 3172
f 3150 3159 3177
f 3150 3177 3178
f 3150 3178 3179
f 3150 3179 3180
f 3150 3175 3168
f 3150 3181 3175
f 3150 3182 3181
f 3150 3180 3183
f 3150 3183 3184
f 3150 3184 3185
f 3150 3185 3186
f 3159 3187 3177
f 3177 3188 3178
f 3178 3189 3179
f 3150 3190 3182
f 3150 3191 3190
f 3150 3186 3192
f 3150 3192 3193
f 3150 3194 3191
f 3150 3193 3195
f 3150 3196 3194
f 3150 3197 3196
f 3179 3198 3180
f 3180 3199 3183
f 3181 3200 3175
f 3183 3201 3184
f 3150 3195 3202
f 3150 3202 3203
f 3150 3204 3197
f 3150 3203 3204
f 3184 3205 3185
f 3185 3206 3186
f 3159 3170 3187
f 3177 3187 3188
f 3178 3188 3189
f 3179 3189 3198
f 3167 3174 3173
f 3168 3176 3174
f 3175 3200 3176
f 3182 3207 3181
f 3190 3208 3182
f 3191 3209 3190
f 3194 3210 3191
f 3186 3211 3192
f 3192 3212 3193
f 3196 3213 3194
f 3197 3214 3196
f 3193 3215 3195
f 3195 3216 3202
f 3202 3217 3203
f 3204 3218 3197
f 3203 3219 3204
f 3180 3198 3199
f 3183 3199 3201
f 3181 3207 3200
f 3184 3201 3205
f 3185 3205 3206
f 3182 3208 3207
f 3190 3209 3208
f 3191 3210 3209
f 3186 3206 3211
f 3192 3211 3212
f 3194 3213 3210
f 3196 3214 3213
f 3193 3212 3215
f 3195 3215 3216
f 3160 3220 3148
f 3148 3221 3157
f 3161 3222 3160
f 3162 3223 3161
f 3164 3224 3162
f 3160 3222 3220
f 3148 3220 3221
f 3157 3225 3158
f 3158 3226 3169
f 3157 3221 3225
f 3171 3227 3164
f 3172 3228 3171
f 3161 3223 3222
f 3162 3224 3223
f 3164 3227 3224
f 3171 3228 3227
f 3173 3229 3172
f 3174 3230 3173
f 3158 3225 3226
f 3169 3226 3231
f 3169 3231 3170
f 3170 3232 3187
f 3187 3233 3188
f 3188 3234 3189
f 3189 3235 3198
f 3170 3231 3232
f 3187 3232 3233
f 3198 3236 3199
f 3197 3218 3214
f 3202 3216 3217
f 3203 3217 3219
f 3204 3219 3218
f 3172 3229 3228
f 3176 3237 3174
f 3200 3238 3176
f 3173 3230 3229
f 3174 3237 3230
f 3176 3238 3237
f 3200 3239 3238
f 3222 3240 3220
f 3223 3241 3222
f 3220 3242 3221
f 3224 3243 3223
f 3221 3244 3225
f 3225 3245 3226
f 3227 3246 3224
f 3228 3247 3227
f 3229 3248 3228
f 3207 3239 3200
f 3208 3249 3207
f 3188 3233 3234
f 3189 3234 3235
f 3199 3250 3201
f 3201 3251 3205
f 3205 3252 3206
f 3198 3235 3236
f 3209 3253 3208
f 3210 3254 3209
f 3207 3249 3239
f 3208 3253 3249
f 3206 3255 3211
f 3211 3256 3212
f 3213 3257 3210
f 3212 3258 3215
f 3214 3259 3213
f 3199 3236 3250
f 3201 3250 3251
f 3205 3251 3252
f 3206 3252 3255
f 3226 3260 3231
f 3231 3261 3232
f 3232 3262 3233
f 3233 3263 3234
f 3230 3264 3229
f 3237 3265 3230
f 3238 3266 3237
f 3239 3267 3238
f 3209 3254 3253
f 3218 3268 3214
f 3210 3257 3254
f 3211 3255 3256
f 3213 3259 3257
f 3214 3268 3259
f 3234 3269 3235
f 3235 3270 3236
f 3236 3271 3250
f 3249 3272 3239
f 3253 3273 3249
f 3254 3274 3253
f 3250 3275 3251
f 3251 3276 3252
f 3215 3277 3216
f 3216 3278 3217
f 3219 3279 3218
f 3217 3280 3219
f 3212 3256 3258
f 3215 3258 3277
f 3218 3279 3268
f 3216 3277 3278
f 3219 3280 3279
f 3217 3278 3280
f 3252 3281 3255
f 3257 3282 3254
f 3259 3283 3257
f 3268 3284 3259
f 3255 3285 3256
f 3256 3286 3258
f 3258 3287 3277
f 3279 3288 3268
f 3277 3289 3278
f 3280 3290 3279
f 3278 3291 3280
f 3222 3241 3240
f 3220 3240 3242
f 3223 3243 3241
f 3224 3246 3243
f 3221 3242 3244
f 3225 3244 3245
f 3226 3245 3260
f 3231 3260 3261
f 3227 3247 3246
f 3228 3248 3247
f 3229 3264 3248
f 3230 3265 3264
f 3237 3266 3265
f 3238 3267 3266
f 3241 3292 3240
f 3240 3293 3242
f 3243 3294 3241
f 3242 3295 3244
f 3244 3296 3245
f 3246 3297 3243
f 3247 3298 3246
f 3248 3299 3247
f 3241 3294 3292
f 3240 3292 3293
f 3243 3297 3294
f 3246 3298 3297
f 3242 3293 3295
f 3244 3295 3296
f 3232 3261 3262
f 3233 3262 3263
f 3234 3263 3269
f 3235 3269 3270
f 3236 3270 3271
f 3245 3300 3260
f 3260 3301 3261
f 3245 3296 3300
f 3239 3272 3267
f 3264 3302 3248
f 3265 3303 3264
f 3247 3299 3298
f 3248 3302 3299
f 3266 3304 3265
f 3264 3303 3302
f 3267 3305 3266
f 3272 3306 3267
f 3265 3304 3303
f 3266 3305 3304
f 3249 3273 3272
f 3253 3274 3273
f 3254 3282 3274
f 3250 3271 3275
f 3251 3275 3276
f 3257 3283 3282
f 3259 3284 3283
f 3261 3307 3262
f 3260 3300 3301
f 3261 3301 3307
f 3262 3308 3263
f 3263 3309 3269
f 3273 3310 3272
f 3262 3307 3308
f 3269 3311 3270
f 3270 3312 3271
f 3271 3313 3275
f 3263 3308 3309
f 3269 3309 3311
f 3267 3306 3305
f 3272 3310 3306
f 3274 3314 3273
f 3282 3315 3274
f 3273 3314 3310
f 3283 3316 3282
f 3270 3311 3312
f 3271 3312 3313
f 3275 3313 3317
f 3274 3315 3314
f 3282 3316 3315
f 3284 3318 3283
f 3288 3319 3284
f 3283 3318 3316
f 3294 3320 3292
f 3292 3321 3293
f 3293 3322 3295
f 3297 3323 3294
f 3298 3324 3297
f 3299 3325 3298
f 3295 3326 3296
f 3292 3320 3321
f 3294 3323 3320
f 3297 3324 3323
f 3293 3321 3322
f 3295 3322 3326
f 3296 3327 3300
f 3302 3328 3299
f 3303 3329 3302
f 3304 3330 3303
f 3305 3331 3304
f 3306 3332 3305
f 3310 3333 3306
f 3298 3325 3324
f 3299 3328 3325
f 3302 3329 3328
f 3303 3330 3329
f 3304 3331 3330
f 3300 3334 3301
f 3301 3335 3307
f 3307 3336 3308
f 3308 3337 3309
f 3309 3338 3311
f 3311 3339 3312
f 3296 3326 3327
f 3300 3327 3334
f 3301 3334 3335
f 3307 3335 3336
f 3308 3336 3337
f 3252 3276 3281
f 3255 3281 3285
f 3256 3285 3286
f 3268 3288 3284
f 3258 3286 3287
f 3279 3290 3288
f 3277 3287 3289
f 3278 3289 3291
f 3280 3291 3290
f 3275 3317 3276
f 3276 3340 3281
f 3281 3341 3285
f 3285 3342 3286
f 3290 3343 3288
f 3286 3344 3287
f 3276 3317 3340
f 3281 3340 3341
f 3284 3319 3318
f 3305 3332 3331
f 3306 3333 3332
f 3310 3345 3333
f 3314 3345 3310
f 3315 3346 3314
f 3312 3347 3313
f 3316 3348 3315
f 3318 3349 3316
f 3319 3350 3318
f 3309 3337 3338
f 3311 3338 3339
f 3312 3339 3347
f 3314 3346 3345
f 3315 3348 3346
f 3316 3349 3348
f 3313 3347 3351
f 3343 3352 3319
f 3318 3350 3349
f 3319 3352 3350
f 3287 3353 3289
f 3291 3354 3290
f 3289 3355 3291
f 3285 3341 3342
f 3286 3342 3344
f 3288 3343 3319
f 3290 3354 3343
f 3287 3344 3353
f 3289 3353 3355
f 3291 3355 3354
f 3313 3351 3317
f 3317 3356 3340
f 3340 3357 3341
f 3341 3358 3342
f 3317 3351 3356
f 3354 3359 3343
f 3342 3360 3344
f 3344 3361 3353
f 3355 3362 3354
f 3353 3363 3355
f 3340 3356 3357
f 3341 3357 3358
f 3342 3358 3360
f 3343 3359 3352
f 3354 3362 3359
f 3344 3360 3361
f 3353 3361 3363
f 3355 3363 3362
f 3323 3364 3320
f 3320 3365 3321
f 3324 3366 3323
f 3325 3367 3324
f 3323 3366 3364
f 3320 3364 3365
f 3321 3368 3322
f 3322 3369 3326
f 3321 3365 3368
f 3326 3370 3327
f 3328 3371 3325
f 3329 3372 3328
f 3330 3373 3329
f 3324 3367 3366
f 3325 3371 3367
f 3328 3372 3371
f 3322 3368 3369
f 3331 3374 3330
f 3329 3373 3372
f 3330 3374 3373
f 3332 3375 3331
f 3333 3376 3332
f 3366 3377 3364
f 3367 3378 3366
f 3364 3379 3365
f 3371 3380 3367
f 3365 3381 3368
f 3368 3382 3369
f 3327 3383 3334
f 3334 3384 3335
f 3326 3369 3370
f 3327 3370 3383
f 3334 3383 3384
f 3335 3385 3336
f 3336 3386 3337
f 3337 3387 3338
f 3335 3384 3385
f 3331 3375 3374
f 3345 3388 3333
f 3332 3376 3375
f 3333 3388 3376
f 3345 3389 3388
f 3372 3390 3371
f 3373 3391 3372
f 3374 3392 3373
f 3375 3393 3374
f 3376 3394 3375
f 3346 3389 3345
f 3338 3395 3339
f 3339 3396 3347
f 3336 3385 3386
f 3337 3386 3387
f 3338 3387 3395
f 3348 3397 3346
f 3349 3398 3348
f 3346 3397 3389
f 3348 3398 3397
f 3350 3399 3349
f 3339 3395 3396
f 3347 3396 3400
f 3369 3401 3370
f 3370 3402 3383
f 3383 3403 3384
f 3384 3404 3385
f 3385 3405 3386
f 3366 3378 3377
f 3364 3377 3379
f 3365 3379 3381
f 3367 3380 3378
f 3371 3390 3380
f 3368 3381 3382
f 3372 3391 3390
f 3373 3392 3391
f 3374 3393 3392
f 3378 3406 3377
f 3380 3407 3378
f 3377 3408 3379
f 3390 3409 3380
f 3378 3407 3406
f 3377 3406 3408
f 3379 3410 3381
f 3381 3411 3382
f 3369 3382 3401
f 3370 3401 3402
f 3383 3402 3403
f 3384 3403 3404
f 3347 3400 3351
f 3351 3412 3356
f 3356 3413 3357
f 3351 3400 3412
f 3388 3414 3376
f 3389 3415 3388
f 3349 3399 3398
f 3352 3416 3350
f 3359 3417 3352
f 3350 3416 3399
f 3352 3417 3416
f 3359 3418 3417
f 3397 3419 3389
f 3386 3420 3387
f 3387 3421 3395
f 3395 3422 3396
f 3398 3423 3397
f 3399 3424 3398
f 3416 3425 3399
f 3417 3426 3416
f 3418 3427 3417
f 3375 3394 3393
f 3376 3414 3394
f 3388 3415 3414
f 3389 3419 3415
f 3391 3428 3390
f 3392 3429 3391
f 3380 3409 3407
f 3390 3428 3409
f 3379 3408 3410
f 3381 3410 3411
f 3393 3430 3392
f 3394 3431 3393
f 3391 3429 3428
f 3392 3430 3429
f 3393 3431 3430
f 3414 3432 3394
f 3385 3404 3405
f 3386 3405 3420
f 3387 3420 3421
f 3397 3423 3419
f 3395 3421 3422
f 3396 3422 3433
f 3382 3434 3401
f 3401 3435 3402
f 3402 3436 3403
f 3382 3411 3434
f 3401 3434 3435
f 3402 3435 3436
f 3403 3436 3437
f 3403 3437 3404
f 3404 3438 3405
f 3394 3432 3431
f 3415 3439 3414
f 3419 3440 3415
f 3423 3441 3419
f 3414 3439 3432
f 3415 3440 3439
f 3419 3441 3440
f 3398 3424 3423
f 3399 3425 3424
f 3416 3426 3425
f 3417 3427 3426
f 3418 3442 3427
f 3405 3443 3420
f 3420 3444 3421
f 3421 3445 3422
f 3404 3437 3438
f 3405 3438 3443
f 3424 3446 3423
f 3425 3447 3424
f 3423 3446 3441
f 3422 3448 3433
f 3420 3443 3444
f 3421 3444 3445
f 3422 3445 3448
f 3357 3449 3358
f 3362 3418 3359
f 3358 3450 3360
f 3360 3451 3361
f 3356 3412 3413
f 3357 3413 3449
f 3363 3452 3362
f 3361 3453 3363
f 3358 3449 3450
f 3362 3452 3418
f 3360 3450 3451
f 3361 3451 3453
f 3396 3433 3400
f 3400 3454 3412
f 3363 3453 3452
f 3412 3455 3413
f 3413 3456 3449
f 3449 3457 3450
f 3452 3442 3418
f 3450 3458 3451
f 3453 3459 3452
f 3451 3460 3453
f 3400 3433 3454
f 3412 3454 3455
f 3413 3455 3456
f 3449 3456 3457
f 3452 3459 3442
f 3450 3457 3458
f 3433 3461 3454
f 3426 3462 3425
f 3424 3447 3446
f 3425 3462 3447
f 3427 3463 3426
f 3442 3464 3427
f 3433 3448 3461
f 3426 3463 3462
f 3427 3464 3463
f 3442 3465 3464
f 3451 3458 3460
f 3453 3460 3459
f 3454 3466 3455
f 3455 3467 3456
f 3456 3468 3457
f 3454 3461 3466
f 3455 3466 3467
f 3459 3465 3442
f 3457 3469 3458
f 3460 3470 3459
f 3458 3471 3460
f 3456 3467 3468
f 3459 3470 3465
f 3457 3468 3469
f 3460 3471 3470
f 3458 3469 3471
f 3407 3472 3406
f 3409 3473 3407
f 3428 3474 3409
f 3406 3475 3408
f 3408 3476 3410
f 3410 3477 3411
f 3407 3473 3472
f 3406 3472 3475
f 3429 3478 3428
f 3430 3479 3429
f 3431 3480 3430
f 3432 3481 3431
f 3439 3482 3432
f 3409 3474 3473
f 3428 3478 3474
f 3408 3475 3476
f 3410 3476 3477
f 3429 3479 3478
f 3430 3480 3479
f 3431 3481 3480
f 3474 3483 3473
f 3473 3484 3472
f 3478 3485 3474
f 3472 3486 3475
f 3475 3487 3476
f 3411 3488 3434
f 3434 3489 3435
f 3435 3490 3436
f 3436 3491 3437
f 3437 3492 3438
f 3411 3477 3488
f 3434 3488 3489
f 3435 3489 3490
f 3436 3490 3491
f 3476 3493 3477
f 3473 3483 3484
f 3472 3484 3486
f 3475 3486 3487
f 3440 3494 3439
f 3441 3495 3440
f 3446 3496 3441
f 3432 3482 3481
f 3479 3497 3478
f 3480 3498 3479
f 3481 3499 3480
f 3439 3494 3482
f 3440 3495 3494
f 3482 3500 3481
f 3441 3496 3495
f 3494 3501 3482
f 3495 3502 3494
f 3438 3503 3443
f 3443 3504 3444
f 3444 3505 3445
f 3447 3506 3446
f 3462 3507 3447
f 3463 3508 3462
f 3445 3509 3448
f 3448 3510 3461
f 3477 3511 3488
f 3488 3512 3489
f 3489 3513 3490
f 3437 3491 3492
f 3438 3492 3503
f 3443 3503 3504
f 3446 3506 3496
f 3447 3507 3506
f 3490 3514 3491
f 3444 3504 3505
f 3445 3505 3509
f 3491 3515 3492
f 3492 3516 3503
f 3496 3517 3495
f 3506 3518 3496
f 3464 3519 3463
f 3465 3520 3464
f 3470 3521 3465
f 3462 3508 3507
f 3463 3519 3508
f 3448 3509 3510
f 3461 3510 3522
f 3503 3523 3504
f 3504 3524 3505
f 3505 3525 3509
f 3507 3526 3506
f 3508 3527 3507
f 3519 3528 3508
f 3464 3520 3519
f 3465 3521 3520
f 3470 3529 3521
f 3509 3530 3510
f 3510 3531 3522
f 3474 3485 3483
f 3478 3497 3485
f 3479 3498 3497
f 3476 3487 3493
f 3480 3499 3498
f 3481 3500 3499
f 3482 3501 3500
f 3483 3532 3484
f 3484 3533 3486
f 3485 3534 3483
f 3497 3535 3485
f 3498 3536 3497
f 3483 3534 3532
f 3485 3535 3534
f 3486 3537 3487
f 3484 3532 3533
f 3486 3533 3537
f 3487 3537 3538
f 3477 3493 3511
f 3488 3511 3512
f 3489 3512 3513
f 3490 3513 3514
f 3491 3514 3515
f 3487 3538 3493
f 3493 3539 3511
f 3494 3502 3501
f 3495 3517 3502
f 3496 3518 3517
f 3506 3526 3518
f 3499 3540 3498
f 3500 3541 3499
f 3501 3542 3500
f 3497 3536 3535
f 3498 3540 3536
f 3499 3541 3540
f 3500 3542 3541
f 3501 3543 3542
f 3502 3543 3501
f 3517 3544 3502
f 3518 3545 3517
f 3502 3544 3543
f 3492 3515 3516
f 3503 3516 3523
f 3507 3527 3526
f 3504 3523 3524
f 3505 3524 3525
f 3509 3525 3530
f 3511 3546 3512
f 3512 3547 3513
f 3513 3548 3514
f 3493 3538 3539
f 3511 3539 3546
f 3512 3546 3547
f 3513 3547 3548
f 3514 3549 3515
f 3515 3550 3516
f 3516 3551 3523
f 3514 3548 3549
f 3515 3549 3550
f 3461 3522 3466
f 3466 3552 3467
f 3467 3553 3468
f 3468 3554 3469
f 3471 3529 3470
f 3469 3555 3471
f 3466 3522 3552
f 3467 3552 3553
f 3468 3553 3554
f 3469 3554 3555
f 3534 3556 3532
f 3535 3557 3534
f 3532 3558 3533
f 3533 3559 3537
f 3536 3560 3535
f 3540 3561 3536
f 3541 3562 3540
f 3532 3556 3558
f 3535 3560 3557
f 3534 3557 3556
f 3536 3561 3560
f 3533 3558 3559
f 3537 3559 3563
f 3537 3563 3538
f 3538 3564 3539
f 3539 3565 3546
f 3538 3563 3564
f 3557 3566 3556
f 3556 3567 3558
f 3520 3568 3519
f 3521 3569 3520
f 3522 3570 3552
f 3529 3571 3521
f 3526 3572 3518
f 3517 3545 3544
f 3518 3572 3545
f 3526 3573 3572
f 3508 3528 3527
f 3519 3568 3528
f 3510 3530 3531
f 3520 3569 3568
f 3522 3531 3570
f 3552 3570 3574
f 3521 3571 3569
f 3529 3575 3571
f 3527 3573 3526
f 3528 3576 3527
f 3523 3577 3524
f 3524 3578 3525
f 3525 3579 3530
f 3516 3550 3551
f 3523 3551 3577
f 3524 3577 3578
f 3568 3580 3528
f 3569 3581 3568
f 3527 3576 3573
f 3528 3580 3576
f 3568 3581 3580
f 3530 3582 3531
f 3571 3583 3569
f 3531 3584 3570
f 3525 3578 3579
f 3530 3579 3582
f 3569 3583 3581
f 3570 3585 3574
f 3575 3586 3571
f 3574 3587 3588
f 3589 3590 3575
f 3531 3582 3584
f 3570 3584 3585
f 3571 3586 3583
f 3575 3590 3586
f 3574 3585 3587
f 3588 3587 3591
f 3589 3591 3590
f 3471 3555 3529
f 3552 3574 3553
f 3553 3588 3554
f 3555 3575 3529
f 3554 3589 3555
f 3553 3574 3588
f 3554 3588 3589
f 3555 3589 3575
f 3588 3591 3589
f 3542 3592 3541
f 3543 3593 3542
f 3544 3594 3543
f 3545 3595 3544
f 3572 3596 3545
f 3573 3597 3572
f 3540 3562 3561
f 3541 3592 3562
f 3542 3593 3592
f 3543 3594 3593
f 3544 3595 3594
f 3545 3596 3595
f 3546 3598 3547
f 3547 3599 3548
f 3548 3600 3549
f 3549 3601 3550
f 3550 3602 3551
f 3551 3603 3577
f 3539 3564 3565
f 3546 3565 3598
f 3547 3598 3599
f 3548 3599 3600
f 3549 3600 3601
f 3550 3601 3602
f 3572 3597 3596
f 3573 3604 3597
f 3576 3604 3573
f 3580 3605 3576
f 3581 3606 3580
f 3577 3607 3578
f 3578 3608 3579
f 3579 3609 3582
f 3583 3610 3581
f 3586 3611 3583
f 3582 3612 3584
f 3584 3613 3585
f 3590 3614 3586
f 3585 3615 3587
f 3576 3605 3604
f 3580 3606 3605
f 3551 3602 3603
f 3577 3603 3607
f 3578 3607 3608
f 3581 3610 3606
f 3583 3611 3610
f 3579 3608 3609
f 3582 3609 3612
f 3586 3614 3611
f 3584 3612 3613
f 3560 3616 3557
f 3561 3617 3560
f 3562 3618 3561
f 3557 3616 3566
f 3560 3617 3616
f 3558 3619 3559
f 3556 3566 3567
f 3558 3567 3619
f 3559 3619 3620
f 3592 3621 3562
f 3593 3622 3592
f 3594 3623 3593
f 3561 3618 3617
f 3562 3621 3618
f 3592 3622 3621
f 3616 3624 3566
f 3617 3625 3616
f 3618 3626 3617
f 3566 3627 3567
f 3567 3628 3619
f 3559 3620 3563
f 3563 3629 3564
f 3564 3630 3565
f 3565 3631 3598
f 3598 3632 3599
f 3563 3620 3629
f 3564 3629 3630
f 3565 3630 3631
f 3619 3633 3620
f 3593 3623 3622
f 3595 3634 3594
f 3596 3635 3595
f 3597 3636 3596
f 3594 3634 3623
f 3595 3635 3634
f 3596 3636 3635
f 3604 3637 3597
f 3605 3638 3604
f 3597 3637 3636
f 3604 3638 3637
f 3621 3639 3618
f 3622 3640 3621
f 3623 3641 3622
f 3634 3642 3623
f 3635 3643 3634
f 3636 3644 3635
f 3637 3645 3636
f 3599 3646 3600
f 3598 3631 3632
f 3599 3632 3646
f 3600 3646 3647
f 3600 3647 3601
f 3601 3648 3602
f 3606 3649 3605
f 3605 3649 3638
f 3602 3650 3603
f 3603 3651 3607
f 3607 3652 3608
f 3601 3647 3648
f 3602 3648 3650
f 3603 3650 3651
f 3620 3653 3629
f 3629 3654 3630
f 3630 3655 3631
f 3631 3656 3632
f 3632 3657 3646
f 3646 3658 3647
f 3647 3659 3648
f 3591 3660 3590
f 3587 3661 3591
f 3590 3660 3614
f 3585 3613 3615
f 3587 3615 3661
f 3591 3661 3660
f 3638 3662 3637
f 3649 3663 3638
f 3610 3664 3606
f 3611 3665 3610
f 3614 3666 3611
f 3606 3664 3649
f 3610 3665 3664
f 3611 3666 3665
f 3608 3667 3609
f 3609 3668 3612
f 3660 3669 3614
f 3612 3670 3613
f 3607 3651 3652
f 3608 3652 3667
f 3609 3667 3668
f 3612 3668 3670
f 3614 3669 3666
f 3661 3671 3660
f 3613 3672 3615
f 3615 3673 3661
f 3660 3671 3669
f 3613 3670 3672
f 3661 3673 3671
f 3615 3672 3673
f 3664 3674 3649
f 3648 3675 3650
f 3650 3676 3651
f 3651 3677 3652
f 3665 3678 3664
f 3666 3679 3665
f 3669 3680 3666
f 3652 3681 3667
f 3667 3682 3668
f 3668 3683 3670
f 3671 3684 3669
f 3670 3685 3672
f 3673 3686 3671
f 3672 3687 3673
f 3616 3625 3624
f 3617 3626 3625
f 3566 3624 3627
f 3567 3627 3628
f 3619 3628 3633
f 3618 3639 3626
f 3621 3640 3639
f 3622 3641 3640
f 3623 3642 3641
f 3634 3643 3642
f 3635 3644 3643
f 3625 3688 3624
f 3626 3689 3625
f 3639 3690 3626
f 3625 3689 3688
f 3626 3690 3689
f 3624 3691 3627
f 3627 3692 3628
f 3624 3688 3691
f 3627 3691 3692
f 3640 3693 3639
f 3641 3694 3640
f 3642 3695 3641
f 3639 3693 3690
f 3640 3694 3693
f 3641 3695 3694
f 3643 3696 3642
f 3620 3633 3653
f 3629 3653 3654
f 3630 3654 3655
f 3631 3655 3656
f 3632 3656 3657
f 3646 3657 3658
f 3628 3697 3633
f 3628 3692 3697
f 3633 3698 3653
f 3653 3699 3654
f 3654 3700 3655
f 3655 3701 3656
f 3633 3697 3698
f 3653 3698 3699
f 3654 3699 3700
f 3690 3702 3689
f 3693 3703 3690
f 3694 3704 3693
f 3689 3705 3688
f 3688 3706 3691
f 3691 3707 3692
f 3690 3703 3702
f 3688 3705 3706
f 3689 3702 3705
f 3691 3706 3707
f 3692 3708 3697
f 3697 3709 3698
f 3692 3707 3708
f 3636 3645 3644
f 3637 3662 3645
f 3638 3663 3662
f 3649 3674 3663
f 3642 3696 3695
f 3644 3710 3643
f 3645 3711 3644
f 3662 3712 3645
f 3643 3710 3696
f 3644 3711 3710
f 3645 3712 3711
f 3663 3713 3662
f 3674 3714 3663
f 3662 3713 3712
f 3663 3714 3713
f 3674 3715 3714
f 3647 3658 3659
f 3648 3659 3675
f 3650 3675 3676
f 3664 3678 3674
f 3665 3679 3678
f 3666 3680 3679
f 3651 3676 3677
f 3652 3677 3681
f 3667 3681 3682
f 3656 3716 3657
f 3657 3717 3658
f 3658 3718 3659
f 3655 3700 3701
f 3656 3701 3716
f 3657 3716 3717
f 3678 3715 3674
f 3658 3717 3718
f 3659 3718 3719
f 3659 3719 3675
f 3675 3720 3676
f 3676 3721 3677
f 3675 3719 3720
f 3676 3720 3721
f 3669 3684 3680
f 3668 3682 3683
f 3671 3686 3684
f 3670 3683 3685
f 3673 3687 3686
f 3672 3685 3687
f 3679 3722 3678
f 3680 3723 3679
f 3684 3724 3680
f 3686 3725 3684
f 3678 3722 3715
f 3679 3723 3722
f 3680 3724 3723
f 3684 3725 3724
f 3677 3726 3681
f 3681 3727 3682
f 3682 3728 3683
f 3683 3729 3685
f 3677 3721 3726
f 3681 3726 3727
f 3682 3727 3728
f 3686 3730 3725
f 3687 3730 3686
f 3685 3731 3687
f 3683 3728 3729
f 3685 3729 3731
f 3687 3731 3730
f 3695 3732 3694
f 3696 3733 3695
f 3710 3734 3696
f 3711 3735 3710
f 3712 3736 3711
f 3713 3737 3712
f 3714 3738 3713
f 3693 3704 3703
f 3694 3732 3704
f 3695 3733 3732
f 3696 3734 3733
f 3710 3735 3734
f 3711 3736 3735
f 3712 3737 3736
f 3713 3738 3737
f 3698 3739 3699
f 3699 3740 3700
f 3700 3741 3701
f 3701 3742 3716
f 3716 3743 3717
f 3717 3744 3718
f 3718 3745 3719
f 3697 3708 3709
f 3698 3709 3739
f 3699 3739 3740
f 3700 3740 3741
f 3701 3741 3742
f 3716 3742 3743
f 3717 3743 3744
f 3718 3744 3745
f 3715 3746 3714
f 3722 3747 3715
f 3714 3746 3738
f 3715 3747 3746
f 3722 3748 3747
f 3719 3749 3720
f 3720 3750 3721
f 3723 3748 3722
f 3724 3751 3723
f 3721 3752 3726
f 3726 3753 3727
f 3725 3754 3724
f 3730 3755 3725
f 3731 3756 3730
f 3727 3757 3728
f 3728 3758 3729
f 3729 3759 3731
f 3719 3745 3749
f 3720 3749 3750
f 3723 3751 3748
f 3721 3750 3752
f 3724 3754 3751
f 3726 3752 3753
f 3725 3755 3754
f 3727 3753 3757
f 3730 3756 3755
f 3728 3757 3758
f 3729 3758 3759
f 3731 3759 3756
f 3704 3760 3703
f 3732 3761 3704
f 3702 3762 3705
f 3703 3763 3702
f 3705 3764 3706
f 3706 3765 3707
f 3733 3766 3732
f 3702 3763 3762
f 3705 3762 3764
f 3706 3764 3765
f 3703 3760 3763
f 3704 3761 3760
f 3707 3765 3767
f 3734 3768 3733
f 3735 3769 3734
f 3736 3770 3735
f 3737 3771 3736
f 3732 3766 3761
f 3733 3768 3766
f 3734 3769 3768
f 3735 3770 3769
f 3736 3771 3770
f 3760 3772 3763
f 3763 3773 3762
f 3762 3774 3764
f 3764 3775 3765
f 3761 3776 3760
f 3766 3777 3761
f 3768 3778 3766
f 3765 3779 3767
f 3769 3780 3768
f 3770 3781 3769
f 3771 3782 3770
f 3707 3767 3708
f 3708 3783 3709
f 3709 3784 3739
f 3708 3767 3783
f 3739 3785 3740
f 3740 3786 3741
f 3741 3787 3742
f 3742 3788 3743
f 3709 3783 3784
f 3739 3784 3785
f 3740 3785 3786
f 3741 3786 3787
f 3742 3787 3788
f 3767 3789 3783
f 3783 3790 3784
f 3784 3791 3785
f 3785 3792 3786
f 3786 3793 3787
f 3738 3794 3737
f 3746 3795 3738
f 3747 3796 3746
f 3748 3797 3747
f 3737 3794 3771
f 3738 3795 3794
f 3746 3796 3795
f 3747 3797 3796
f 3748 3798 3797
f 3794 3799 3771
f 3795 3800 3794
f 3796 3801 3795
f 3797 3802 3796
f 3798 3803 3797
f 3804 3805 3798
f 3743 3806 3744
f 3744 3807 3745
f 3751 3798 3748
f 3745 3808 3749
f 3749 3809 3750
f 3750 3810 3752
f 3743 3788 3806
f 3744 3806 3807
f 3745 3807 3808
f 3749 3808 3809
f 3750 3809 3810
f 3754 3804 3751
f 3755 3811 3754
f 3752 3812 3753
f 3753 3813 3757
f 3756 3814 3755
f 3757 3815 3758
f 3759 3816 3756
f 3758 3817 3759
f 3751 3804 3798
f 3754 3811 3804
f 3755 3814 3811
f 3752 3810 3812
f 3753 3812 3813
f 3756 3816 3814
f 3757 3813 3815
f 3758 3815 3817
f 3759 3817 3816
f 3787 3818 3788
f 3788 3819 3806
f 3806 3820 3807
f 3807 3821 3808
f 3808 3822 3809
f 3809 3823 3810
f 3811 3824 3804
f 3814 3825 3811
f 3810 3826 3812
f 3816 3827 3814
f 3812 3828 3813
f 3813 3829 3815
f 3817 3830 3816
f 3815 3831 3817
f 3762 3773 3774
f 3763 3772 3773
f 3760 3776 3772
f 3761 3777 3776
f 3766 3778 3777
f 3764 3774 3775
f 3765 3775 3779
f 3768 3780 3778
f 3769 3781 3780
f 3770 3782 3781
f 3776 3832 3772
f 3772 3833 3773
f 3773 3834 3774
f 3774 3835 3775
f 3777 3836 3776
f 3778 3837 3777
f 3780 3838 3778
f 3781 3839 3780
f 3782 3840 3781
f 3775 3841 3779
f 3779 3842 3789
f 3773 3833 3834
f 3776 3836 3832
f 3777 3837 3836
f 3778 3838 3837
f 3780 3839 3838
f 3772 3832 3833
f 3774 3834 3835
f 3775 3835 3841
f 3779 3841 3842
f 3781 3840 3839
f 3789 3842 3843
f 3790 3843 3844
f 3833 3832 3845
f 3834 3833 3845
f 3832 3836 3845
f 3836 3837 3845
f 3837 3838 3845
f 3838 3839 3845
f 3835 3834 3845
f 3841 3835 3845
f 3842 3841 3845
f 3843 3842 3845
f 3767 3779 3789
f 3783 3789 3790
f 3784 3790 3791
f 3785 3791 3792
f 3786 3792 3793
f 3789 3843 3790
f 3790 3844 3791
f 3791 3846 3792
f 3791 3844 3846
f 3771 3799 3782
f 3794 3800 3799
f 3795 3801 3800
f 3796 3802 3801
f 3797 3803 3802
f 3798 3805 3803
f 3804 3824 3805
f 3799 3847 3782
f 3800 3848 3799
f 3801 3849 3800
f 3802 3850 3801
f 3803 3851 3802
f 3805 3852 3803
f 3824 3853 3805
f 3825 3854 3824
f 3827 3855 3825
f 3782 3847 3840
f 3799 3848 3847
f 3800 3849 3848
f 3801 3850 3849
f 3802 3851 3850
f 3803 3852 3851
f 3839 3840 3845
f 3840 3847 3845
f 3847 3848 3845
f 3848 3849 3845
f 3849 3850 3845
f 3850 3851 3845
f 3844 3843 3845
f 3846 3844 3845
f 3856 3846 3845
f 3857 3856 3845
f 3858 3857 3845
f 3859 3858 3845
f 3851 3852 3845
f 3852 3853 3845
f 3860 3859 3845
f 3861 3860 3845
f 3862 3861 3845
f 3853 3854 3845
f 3854 3855 3845
f 3855 3863 3845
f 3864 3862 3845
f 3865 3864 3845
f 3805 3853 3852
f 3824 3854 3853
f 3825 3855 3854
f 3827 3863 3855
f 3830 3866 3863
f 3863 3866 3845
f 3866 3867 3845
f 3867 3868 3845
f 3868 3865 3845
f 3787 3793 3818
f 3788 3818 3819
f 3806 3819 3820
f 3807 3820 3821
f 3808 3821 3822
f 3809 3822 3823
f 3810 3823 3826
f 3811 3825 3824
f 3814 3827 3825
f 3812 3826 3828
f 3816 3830 3827
f 3813 3828 3829
f 3815 3829 3831
f 3817 3831 3830
f 3792 3856 3793
f 3793 3857 3818
f 3818 3858 3819
f 3819 3859 3820
f 3820 3860 3821
f 3821 3861 3822
f 3822 3862 3823
f 3823 3864 3826
f 3826 3865 3828
f 3792 3846 3856
f 3793 3856 3857
f 3818 3857 3858
f 3819 3858 3859
f 3820 3859 3860
f 3821 3860 3861
f 3822 3861 3862
f 3823 3862 3864
f 3826 3864 3865
f 3828 3865 3868
f 3829 3868 3867
f 3831 3867 3866
f 3830 3863 3827
f 3831 3866 3830
f 3828 3868 3829
f 3829 3867 3831
f 3869 3870 3871
f 3870 3872 3871
f 3872 3873 3871
f 3873 3874 3871
f 3875 3870 3869
f 3876 3869 3877
f 3878 3877 3879
f 3880 3879 3881
f 3882 3881 3883
f 3877 3869 3871
f 3881 3879 3871
f 3879 3877 3871
f 3874 3884 3871
f 3884 3885 3871
f 3883 3881 3871
f 3886 3883 3871
f 3885 3887 3871
f 3887 3888 3871
f 3888 3889 3871
f 3890 3891 3871
f 3891 3886 3871
f 3892 3890 3871
f 3893 3892 3871
f 3894 3893 3871
f 3895 3894 3871
f 3889 3896 3871
f 3896 3897 3871
f 3897 3898 3871
f 3898 3899 3871
f 3900 3901 3871
f 3899 3900 3871
f 3902 3883 3886
f 3903 3886 3891
f 3904 3891 3890
f 3905 3890 3892
f 3906 3892 3893
f 3907 3893 3894
f 3876 3877 3878
f 3878 3879 3880
f 3902 3886 3903
f 3880 3881 3882
f 3882 3883 3902
f 3903 3891 3904
f 3904 3890 3905
f 3905 3892 3906
f 3906 3893 3907
f 3908 3880 3882
f 3909 3882 3902
f 3910 3902 3903
f 3911 3906 3907
f 3912 3903 3904
f 3913 3904 3905
f 3914 3905 3906
f 3915 3872 3916
f 3916 3870 3875
f 3875 3869 3876
f 3917 3873 3915
f 3916 3872 3870
f 3915 3873 3872
f 3917 3874 3873
f 3918 3884 3874
f 3919 3885 3884
f 3920 3887 3885
f 3921 3888 3887
f 3922 3889 3888
f 3923 3896 3889
f 3924 3897 3896
f 3925 3898 3897
f 3926 3899 3898
f 3918 3874 3917
f 3919 3884 3918
f 3920 3885 3919
f 3921 3887 3920
f 3922 3888 3921
f 3923 3889 3922
f 3924 3896 3923
f 3925 3897 3924
f 3926 3898 3925
f 3927 3875 3876
f 3928 3916 3875
f 3929 3915 3916
f 3930 3917 3915
f 3931 3876 3878
f 3932 3878 3880
f 3933 3918 3917
f 3934 3919 3918
f 3935 3920 3919
f 3936 3921 3920
f 3937 3922 3921
f 3938 3923 3922
f 3939 3924 3923
f 3940 3925 3924
f 3941 3895 3942
f 3943 3942 3944
f 3945 3944 3946
f 3947 3946 3948
f 3942 3895 3871
f 3944 3942 3871
f 3946 3944 3871
f 3948 3946 3871
f 3949 3948 3871
f 3950 3949 3871
f 3951 3952 3871
f 3901 3951 3871
f 3953 3950 3871
f 3952 3953 3871
f 3954 3894 3895
f 3955 3901 3900
f 3956 3951 3901
f 3957 3948 3949
f 3958 3952 3951
f 3959 3953 3952
f 3960 3950 3953
f 3961 3949 3950
f 3907 3894 3954
f 3954 3895 3941
f 3941 3942 3943
f 3943 3944 3945
f 3945 3946 3947
f 3958 3951 3956
f 3959 3952 3958
f 3947 3948 3957
f 3957 3949 3961
f 3961 3950 3960
f 3960 3953 3959
f 3962 3907 3954
f 3963 3954 3941
f 3964 3941 3943
f 3965 3943 3945
f 3966 3945 3947
f 3967 3947 3957
f 3968 3957 3961
f 3969 3959 3958
f 3970 3960 3959
f 3971 3961 3960
f 3972 3900 3899
f 3972 3899 3926
f 3955 3900 3972
f 3956 3901 3955
f 3973 3926 3925
f 3974 3972 3926
f 3975 3955 3972
f 3976 3956 3955
f 3977 3958 3956
f 3908 3882 3909
f 3909 3902 3910
f 3910 3903 3912
f 3914 3906 3911
f 3912 3904 3913
f 3913 3905 3914
f 3978 3909 3910
f 3979 3910 3912
f 3980 3914 3911
f 3981 3912 3913
f 3982 3913 3914
f 3978 3910 3979
f 3979 3912 3981
f 3981 3913 3982
f 3982 3914 3980
f 3928 3875 3927
f 3929 3916 3928
f 3927 3876 3931
f 3930 3915 3929
f 3933 3917 3930
f 3931 3878 3932
f 3932 3880 3908
f 3934 3918 3933
f 3935 3919 3934
f 3936 3920 3935
f 3937 3921 3936
f 3938 3922 3937
f 3939 3923 3938
f 3940 3924 3939
f 3983 3927 3931
f 3984 3928 3927
f 3985 3929 3928
f 3986 3930 3929
f 3987 3931 3932
f 3988 3932 3908
f 3989 3908 3909
f 3990 3933 3930
f 3991 3934 3933
f 3983 3931 3987
f 3985 3928 3984
f 3984 3927 3983
f 3986 3929 3985
f 3987 3932 3988
f 3988 3908 3989
f 3990 3930 3986
f 3991 3933 3990
f 3992 3935 3934
f 3993 3936 3935
f 3994 3937 3936
f 3995 3938 3937
f 3996 3939 3938
f 3989 3909 3978
f 3992 3934 3991
f 3993 3935 3992
f 3994 3936 3993
f 3995 3937 3994
f 3996 3938 3995
f 3911 3907 3962
f 3962 3954 3963
f 3963 3941 3964
f 3964 3943 3965
f 3965 3945 3966
f 3966 3947 3967
f 3969 3958 3977
f 3967 3957 3968
f 3968 3961 3971
f 3971 3960 3970
f 3970 3959 3969
f 3997 3911 3962
f 3998 3962 3963
f 3999 3963 3964
f 4000 3964 3965
f 4001 3965 3966
f 3980 3911 3997
f 3997 3962 3998
f 3998 3963 3999
f 3999 3964 4000
f 4001 3966 4002
f 4002 3967 4003
f 4002 3966 3967
f 4003 3967 3968
f 4004 3969 3977
f 4005 3968 3971
f 4006 3971 3970
f 4007 3970 3969
f 4000 3965 4001
f 4003 3968 4005
f 4005 3971 4006
f 4007 3969 4004
f 4006 3970 4007
f 3973 3925 3940
f 3974 3926 3973
f 3975 3972 3974
f 3976 3955 3975
f 3977 3956 3976
f 4008 3940 3939
f 4009 3973 3940
f 4010 3974 3973
f 4011 3975 3974
f 4012 3976 3975
f 4008 3939 3996
f 4009 3940 4008
f 4010 3973 4009
f 4011 3974 4010
f 4013 3977 3976
f 4012 3975 4011
f 4013 3976 4012
f 4004 3977 4013
f 4014 3978 3979
f 4015 3979 3981
f 4016 3981 3982
f 4014 3979 4015
f 4015 3981 4016
f 4017 3984 3983
f 4018 3985 3984
f 4019 3983 3987
f 4020 3986 3985
f 4021 3988 3989
f 4022 3987 3988
f 4023 3990 3986
f 4024 3991 3990
f 4025 3989 3978
f 4026 3992 3991
f 4027 3993 3992
f 4028 3994 3993
f 4017 3983 4019
f 4019 3987 4022
f 4022 3988 4021
f 4018 3984 4017
f 4020 3985 4018
f 4023 3986 4020
f 4021 3989 4025
f 4025 3978 4014
f 4027 3992 4026
f 4028 3993 4027
f 4024 3990 4023
f 4026 3991 4024
f 4029 3980 3997
f 4030 3982 3980
f 4031 3997 3998
f 4032 3998 3999
f 4033 4000 4001
f 4034 4001 4002
f 4035 4002 4003
f 4036 3999 4000
f 4030 3980 4029
f 4016 3982 4030
f 4029 3997 4031
f 4031 3998 4032
f 4036 4000 4033
f 4033 4001 4034
f 4032 3999 4036
f 4037 3995 3994
f 4038 3996 3995
f 4039 4008 3996
f 4040 4009 4008
f 4041 4011 4010
f 4042 4010 4009
f 4043 4012 4011
f 4044 4013 4012
f 4037 3994 4028
f 4038 3995 4037
f 4039 3996 4038
f 4040 4008 4039
f 4042 4009 4040
f 4041 4010 4042
f 4043 4011 4041
f 4045 4019 4022
f 4046 4017 4019
f 4047 4018 4017
f 4048 4020 4018
f 4047 4017 4046
f 4046 4019 4045
f 4049 4021 4025
f 4050 4022 4021
f 4051 4025 4014
f 4052 4014 4015
f 4045 4022 4050
f 4050 4021 4049
f 4049 4025 4051
f 4051 4014 4052
f 4053 4023 4020
f 4054 4024 4023
f 4055 4026 4024
f 4048 4018 4047
f 4053 4020 4048
f 4054 4023 4053
f 4055 4024 4054
f 4056 4050 4049
f 4057 4046 4045
f 4058 4047 4046
f 4059 4045 4050
f 4060 4048 4047
f 4061 4053 4048
f 4062 4015 4016
f 4063 4016 4030
f 4064 4030 4029
f 4062 4016 4063
f 4063 4030 4064
f 4065 4036 4033
f 4066 4029 4031
f 4067 4031 4032
f 4068 4032 4036
f 4064 4029 4066
f 4066 4031 4067
f 4067 4032 4068
f 4069 4062 4063
f 4070 4063 4064
f 4071 4066 4067
f 4072 4064 4066
f 4073 4037 4028
f 4074 4038 4037
f 4052 4015 4062
f 4075 4027 4026
f 4076 4028 4027
f 4075 4026 4055
f 4076 4027 4075
f 4073 4028 4076
f 4077 4039 4038
f 4078 4040 4039
f 4079 4042 4040
f 4074 4037 4073
f 4077 4038 4074
f 4078 4039 4077
f 4080 4051 4052
f 4081 4049 4051
f 4082 4052 4062
f 4083 4054 4053
f 4084 4055 4054
f 4085 4075 4055
f 4086 4076 4075
f 4087 4073 4076
f 4088 4074 4073
f 4089 4003 4005
f 4090 4005 4006
f 4091 4007 4004
f 4092 4006 4007
f 4034 4002 4035
f 4035 4003 4089
f 4089 4005 4090
f 4090 4006 4092
f 4091 4004 4093
f 4092 4007 4091
f 4093 4004 4013
f 4044 4012 4043
f 4093 4013 4044
f 4094 4033 4034
f 4095 4034 4035
f 4096 4035 4089
f 4065 4033 4094
f 4094 4034 4095
f 4095 4035 4096
f 4068 4036 4065
f 4097 4089 4090
f 4098 4090 4092
f 4096 4089 4097
f 4097 4090 4098
f 4098 4092 4099
f 4099 4092 4091
f 4100 4091 4093
f 4099 4091 4100
f 4100 4093 4101
f 4102 4065 4094
f 4103 4067 4068
f 4104 4068 4065
f 4105 4094 4095
f 4106 4095 4096
f 4107 4096 4097
f 4108 4043 4041
f 4109 4041 4042
f 4110 4044 4043
f 4079 4040 4078
f 4109 4042 4079
f 4108 4041 4109
f 4110 4043 4108
f 4101 4093 4044
f 4101 4044 4110
f 4111 4077 4074
f 4112 4078 4077
f 4113 4079 4078
f 4114 4108 4109
f 4115 4109 4079
f 4116 4110 4108
f 4117 4097 4098
f 4118 4098 4099
f 4119 4100 4101
f 4120 4099 4100
f 4121 4101 4110
f 4058 4046 4057
f 4057 4045 4059
f 4059 4050 4056
f 4060 4047 4058
f 4069 4063 4070
f 4070 4064 4072
f 4056 4049 4081
f 4080 4052 4082
f 4081 4051 4080
f 4061 4048 4060
f 4083 4053 4061
f 4084 4054 4083
f 4082 4062 4069
f 4085 4055 4084
f 4086 4075 4085
f 4087 4076 4086
f 4122 4056 4081
f 4123 4057 4059
f 4124 4058 4057
f 4125 4059 4056
f 4126 4060 4058
f 4123 4059 4125
f 4124 4057 4123
f 4126 4058 4124
f 4127 4080 4082
f 4128 4081 4080
f 4129 4082 4069
f 4122 4081 4128
f 4127 4082 4129
f 4128 4080 4127
f 4130 4061 4060
f 4131 4083 4061
f 4132 4084 4083
f 4133 4085 4084
f 4125 4056 4122
f 4130 4060 4126
f 4132 4083 4131
f 4131 4061 4130
f 4134 4123 4125
f 4135 4125 4122
f 4136 4124 4123
f 4137 4126 4124
f 4134 4125 4135
f 4136 4123 4134
f 4072 4066 4071
f 4071 4067 4103
f 4103 4068 4104
f 4104 4065 4102
f 4102 4094 4105
f 4105 4095 4106
f 4106 4096 4107
f 4138 4070 4072
f 4139 4072 4071
f 4140 4070 4138
f 4138 4072 4139
f 4141 4102 4105
f 4142 4071 4103
f 4143 4103 4104
f 4144 4104 4102
f 4139 4071 4142
f 4142 4103 4143
f 4143 4104 4144
f 4111 4074 4088
f 4112 4077 4111
f 4088 4073 4087
f 4113 4078 4112
f 4115 4079 4113
f 4114 4109 4115
f 4116 4108 4114
f 4140 4069 4070
f 4129 4069 4140
f 4145 4086 4085
f 4146 4087 4086
f 4147 4088 4087
f 4133 4084 4132
f 4145 4085 4133
f 4146 4086 4145
f 4148 4111 4088
f 4149 4112 4111
f 4150 4113 4112
f 4149 4111 4148
f 4147 4087 4146
f 4148 4088 4147
f 4107 4097 4117
f 4117 4098 4118
f 4118 4099 4120
f 4120 4100 4119
f 4119 4101 4121
f 4151 4105 4106
f 4152 4106 4107
f 4153 4107 4117
f 4144 4102 4141
f 4141 4105 4151
f 4151 4106 4152
f 4154 4117 4118
f 4155 4118 4120
f 4152 4107 4153
f 4153 4117 4154
f 4154 4118 4155
f 4156 4121 4116
f 4157 4119 4121
f 4158 4120 4119
f 4157 4121 4156
f 4121 4110 4116
f 4159 4115 4113
f 4160 4114 4115
f 4161 4116 4114
f 4150 4112 4149
f 4159 4113 4150
f 4160 4115 4159
f 4161 4114 4160
f 4156 4116 4161
f 4162 4138 4139
f 4163 4139 4142
f 4164 4128 4127
f 4165 4127 4129
f 4166 4122 4128
f 4167 4130 4126
f 4168 4131 4130
f 4169 4132 4131
f 4170 4129 4140
f 4171 4140 4138
f 4172 4133 4132
f 4173 4145 4133
f 4174 4146 4145
f 4164 4127 4165
f 4135 4122 4166
f 4137 4124 4136
f 4166 4128 4164
f 4167 4126 4137
f 4168 4130 4167
f 4165 4129 4170
f 4170 4140 4171
f 4171 4138 4162
f 4169 4131 4168
f 4173 4133 4172
f 4172 4132 4169
f 4175 4144 4141
f 4176 4142 4143
f 4177 4143 4144
f 4178 4141 4151
f 4179 4151 4152
f 4180 4152 4153
f 4162 4139 4163
f 4176 4143 4177
f 4163 4142 4176
f 4175 4141 4178
f 4178 4151 4179
f 4177 4144 4175
f 4181 4149 4148
f 4182 4147 4146
f 4183 4148 4147
f 4184 4150 4149
f 4185 4160 4159
f 4186 4159 4150
f 4174 4145 4173
f 4182 4146 4174
f 4183 4147 4182
f 4184 4149 4181
f 4186 4150 4184
f 4181 4148 4183
f 4187 4134 4135
f 4188 4136 4134
f 4189 4164 4165
f 4190 4166 4164
f 4191 4135 4166
f 4192 4137 4136
f 4193 4167 4137
f 4194 4168 4167
f 4187 4135 4191
f 4191 4166 4190
f 4192 4136 4188
f 4193 4137 4192
f 4195 4162 4163
f 4196 4163 4176
f 4197 4176 4177
f 4195 4163 4196
f 4198 4170 4171
f 4199 4165 4170
f 4200 4171 4162
f 4189 4165 4199
f 4199 4170 4198
f 4201 4169 4168
f 4202 4172 4169
f 4190 4164 4189
f 4194 4167 4193
f 4201 4168 4194
f 4198 4171 4200
f 4200 4162 4195
f 4203 4173 4172
f 4204 4174 4173
f 4205 4182 4174
f 4202 4169 4201
f 4203 4172 4202
f 4204 4173 4203
f 4206 4190 4189
f 4207 4191 4190
f 4208 4199 4198
f 4209 4198 4200
f 4210 4189 4199
f 4211 4193 4192
f 4212 4194 4193
f 4213 4201 4194
f 4207 4190 4206
f 4206 4189 4210
f 4210 4199 4208
f 4212 4193 4211
f 4188 4134 4187
f 4214 4187 4191
f 4215 4188 4187
f 4216 4192 4188
f 4215 4187 4214
f 4214 4191 4207
f 4216 4188 4215
f 4211 4192 4216
f 4217 4214 4207
f 4155 4120 4158
f 4158 4119 4157
f 4218 4153 4154
f 4219 4154 4155
f 4220 4155 4158
f 4221 4156 4161
f 4222 4157 4156
f 4223 4158 4157
f 4179 4152 4180
f 4180 4153 4218
f 4218 4154 4219
f 4219 4155 4220
f 4220 4158 4223
f 4222 4156 4221
f 4223 4157 4222
f 4224 4161 4160
f 4185 4159 4186
f 4224 4160 4185
f 4221 4161 4224
f 4225 4175 4178
f 4226 4178 4179
f 4227 4177 4175
f 4197 4177 4227
f 4196 4176 4197
f 4227 4175 4225
f 4228 4180 4218
f 4229 4179 4180
f 4230 4218 4219
f 4225 4178 4226
f 4226 4179 4229
f 4229 4180 4228
f 4231 4195 4196
f 4232 4197 4227
f 4233 4196 4197
f 4234 4227 4225
f 4235 4184 4181
f 4236 4183 4182
f 4237 4181 4183
f 4205 4174 4204
f 4236 4182 4205
f 4237 4183 4236
f 4238 4185 4186
f 4239 4186 4184
f 4240 4224 4185
f 4235 4181 4237
f 4239 4184 4235
f 4238 4186 4239
f 4241 4200 4195
f 4242 4202 4201
f 4243 4204 4203
f 4244 4203 4202
f 4245 4205 4204
f 4246 4236 4205
f 4247 4219 4220
f 4248 4220 4223
f 4228 4218 4230
f 4230 4219 4247
f 4247 4220 4248
f 4249 4221 4224
f 4250 4222 4221
f 4251 4223 4222
f 4250 4221 4249
f 4248 4223 4251
f 4251 4222 4250
f 4252 4225 4226
f 4253 4226 4229
f 4254 4229 4228
f 4255 4228 4230
f 4256 4230 4247
f 4257 4247 4248
f 4258 4249 4240
f 4240 4185 4238
f 4249 4224 4240
f 4259 4235 4237
f 4260 4239 4235
f 4261 4237 4236
f 4262 4238 4239
f 4263 4240 4238
f 4231 4196 4233
f 4233 4197 4232
f 4208 4198 4209
f 4209 4200 4241
f 4241 4195 4231
f 4213 4194 4212
f 4242 4201 4213
f 4264 4207 4206
f 4265 4210 4208
f 4266 4206 4210
f 4267 4208 4209
f 4268 4209 4241
f 4244 4202 4242
f 4243 4203 4244
f 4245 4204 4243
f 4269 4213 4212
f 4270 4242 4213
f 4264 4206 4266
f 4266 4210 4265
f 4265 4208 4267
f 4252 4226 4253
f 4232 4227 4234
f 4234 4225 4252
f 4271 4233 4232
f 4253 4229 4254
f 4254 4228 4255
f 4255 4230 4256
f 4272 4252 4253
f 4273 4232 4234
f 4274 4234 4252
f 4275 4233 4271
f 4271 4232 4273
f 4273 4234 4274
f 4259 4237 4261
f 4276 4241 4231
f 4275 4231 4233
f 4246 4205 4245
f 4261 4236 4246
f 4277 4244 4242
f 4278 4243 4244
f 4260 4235 4259
f 4263 4238 4262
f 4262 4239 4260
f 4279 4245 4243
f 4280 4246 4245
f 4281 4261 4246
f 4267 4209 4268
f 4268 4241 4276
f 4276 4231 4275
f 4270 4213 4269
f 4277 4242 4270
f 4278 4244 4277
f 4280 4245 4279
f 4279 4243 4278
f 4282 4215 4214
f 4283 4216 4215
f 4284 4211 4216
f 4285 4212 4211
f 4217 4207 4264
f 4282 4214 4217
f 4283 4215 4282
f 4284 4216 4283
f 4285 4211 4284
f 4269 4212 4285
f 4286 4248 4251
f 4287 4251 4250
f 4288 4250 4249
f 4256 4247 4257
f 4257 4248 4286
f 4286 4251 4287
f 4289 4253 4254
f 4290 4255 4256
f 4291 4254 4255
f 4287 4250 4288
f 4288 4249 4258
f 4292 4256 4257
f 4293 4257 4286
f 4294 4288 4258
f 4295 4258 4263
f 4272 4253 4289
f 4289 4254 4291
f 4274 4252 4272
f 4291 4255 4290
f 4290 4256 4292
f 4258 4240 4263
f 4296 4259 4261
f 4297 4262 4260
f 4298 4260 4259
f 4299 4263 4262
f 4281 4246 4280
f 4296 4261 4281
f 4298 4259 4296
f 4297 4260 4298
f 4299 4262 4297
f 4300 4286 4287
f 4301 4287 4288
f 4292 4257 4293
f 4293 4286 4300
f 4300 4287 4301
f 4295 4263 4299
f 4301 4288 4294
f 4294 4258 4295
f 4302 4266 4265
f 4303 4265 4267
f 4304 4276 4275
f 4305 4268 4276
f 4306 4268 4305
f 4306 4267 4268
f 4307 4270 4269
f 4302 4265 4303
f 4303 4267 4306
f 4308 4217 4264
f 4309 4282 4217
f 4310 4264 4266
f 4311 4283 4282
f 4312 4284 4283
f 4308 4264 4310
f 4309 4217 4308
f 4310 4266 4302
f 4311 4282 4309
f 4313 4285 4284
f 4314 4269 4285
f 4312 4283 4311
f 4313 4284 4312
f 4314 4285 4313
f 4315 4308 4310
f 4316 4309 4308
f 4317 4271 4273
f 4318 4272 4289
f 4319 4273 4274
f 4320 4274 4272
f 4321 4271 4317
f 4317 4273 4319
f 4319 4274 4320
f 4321 4275 4271
f 4305 4276 4304
f 4304 4275 4321
f 4322 4277 4270
f 4323 4278 4277
f 4324 4279 4278
f 4322 4270 4307
f 4325 4280 4279
f 4326 4281 4280
f 4323 4277 4322
f 4325 4279 4324
f 4324 4278 4323
f 4327 4302 4303
f 4328 4303 4306
f 4329 4304 4321
f 4330 4305 4304
f 4331 4306 4305
f 4332 4289 4291
f 4333 4291 4290
f 4334 4290 4292
f 4318 4289 4332
f 4332 4291 4333
f 4320 4272 4318
f 4335 4292 4293
f 4336 4293 4300
f 4333 4290 4334
f 4334 4292 4335
f 4337 4294 4295
f 4338 4295 4299
f 4339 4317 4319
f 4340 4318 4332
f 4341 4320 4318
f 4342 4319 4320
f 4343 4296 4281
f 4344 4297 4298
f 4345 4298 4296
f 4326 4280 4325
f 4343 4281 4326
f 4346 4299 4297
f 4345 4296 4343
f 4344 4298 4345
f 4346 4297 4344
f 4347 4321 4317
f 4348 4322 4307
f 4349 4323 4322
f 4350 4325 4324
f 4351 4324 4323
f 4352 4326 4325
f 4327 4303 4328
f 4328 4306 4331
f 4331 4305 4330
f 4339 4319 4342
f 4342 4320 4341
f 4330 4304 4329
f 4329 4321 4347
f 4347 4317 4339
f 4349 4322 4348
f 4351 4323 4349
f 4350 4324 4351
f 4353 4327 4328
f 4354 4328 4331
f 4355 4330 4329
f 4356 4331 4330
f 4353 4328 4354
f 4354 4331 4356
f 4307 4269 4314
f 4357 4310 4302
f 4358 4311 4309
f 4359 4312 4311
f 4360 4313 4312
f 4361 4314 4313
f 4362 4307 4314
f 4316 4308 4315
f 4357 4302 4327
f 4315 4310 4357
f 4358 4309 4316
f 4359 4311 4358
f 4360 4312 4359
f 4361 4313 4360
f 4363 4315 4357
f 4362 4314 4361
f 4348 4307 4362
f 4364 4357 4327
f 4365 4316 4315
f 4366 4358 4316
f 4367 4359 4358
f 4365 4315 4363
f 4363 4357 4364
f 4368 4360 4359
f 4369 4361 4360
f 4364 4327 4353
f 4366 4316 4365
f 4367 4358 4366
f 4368 4359 4367
f 4370 4300 4301
f 4371 4301 4294
f 4335 4293 4336
f 4336 4300 4370
f 4370 4301 4371
f 4371 4294 4337
f 4338 4299 4346
f 4337 4295 4338
f 4372 4332 4333
f 4373 4333 4334
f 4374 4334 4335
f 4375 4335 4336
f 4376 4336 4370
f 4377 4338 4346
f 4378 4344 4345
f 4379 4345 4343
f 4380 4343 4326
f 4381 4346 4344
f 4382 4370 4371
f 4383 4371 4337
f 4384 4337 4338
f 4340 4332 4372
f 4341 4318 4340
f 4373 4334 4374
f 4372 4333 4373
f 4374 4335 4375
f 4385 4339 4342
f 4386 4340 4372
f 4387 4342 4341
f 4388 4341 4340
f 4385 4342 4387
f 4352 4325 4350
f 4380 4326 4352
f 4379 4343 4380
f 4381 4344 4378
f 4378 4345 4379
f 4389 4347 4339
f 4390 4329 4347
f 4390 4347 4389
f 4355 4329 4390
f 4391 4348 4362
f 4392 4349 4348
f 4356 4330 4355
f 4389 4339 4385
f 4393 4351 4349
f 4394 4350 4351
f 4395 4352 4350
f 4392 4348 4391
f 4393 4349 4392
f 4375 4336 4376
f 4376 4370 4382
f 4382 4371 4383
f 4383 4337 4384
f 4377 4346 4381
f 4384 4338 4377
f 4396 4372 4373
f 4397 4373 4374
f 4386 4372 4396
f 4387 4341 4388
f 4388 4340 4386
f 4398 4374 4375
f 4399 4375 4376
f 4400 4376 4382
f 4396 4373 4397
f 4397 4374 4398
f 4398 4375 4399
f 4401 4377 4381
f 4402 4379 4380
f 4403 4380 4352
f 4394 4351 4393
f 4395 4350 4394
f 4403 4352 4395
f 4404 4378 4379
f 4405 4381 4378
f 4402 4380 4403
f 4404 4379 4402
f 4406 4362 4361
f 4369 4360 4368
f 4406 4361 4369
f 4391 4362 4406
f 4407 4382 4383
f 4408 4383 4384
f 4399 4376 4400
f 4400 4382 4407
f 4409 4384 4377
f 4401 4381 4405
f 4409 4377 4401
f 4407 4383 4408
f 4408 4384 4409
f 4405 4378 4404
f 4410 4354 4356
f 4411 4356 4355
f 4412 4354 4410
f 4413 4385 4387
f 4414 4387 4388
f 4415 4388 4386
f 4416 4355 4390
f 4417 4390 4389
f 4418 4389 4385
f 4419 4391 4406
f 4420 4392 4391
f 4421 4393 4392
f 4422 4394 4393
f 4416 4390 4417
f 4410 4356 4411
f 4411 4355 4416
f 4417 4389 4418
f 4418 4385 4413
f 4420 4391 4419
f 4423 4410 4411
f 4424 4363 4364
f 4425 4365 4363
f 4426 4364 4353
f 4412 4353 4354
f 4427 4366 4365
f 4428 4367 4366
f 4429 4368 4367
f 4430 4369 4368
f 4424 4364 4426
f 4425 4363 4424
f 4427 4365 4425
f 4426 4353 4412
f 4428 4366 4427
f 4431 4406 4369
f 4429 4367 4428
f 4430 4368 4429
f 4431 4369 4430
f 4419 4406 4431
f 4432 4424 4426
f 4433 4425 4424
f 4434 4426 4412
f 4435 4412 4410
f 4436 4427 4425
f 4437 4429 4428
f 4438 4428 4427
f 4432 4426 4434
f 4433 4424 4432
f 4436 4425 4433
f 4439 4386 4396
f 4440 4397 4398
f 4441 4396 4397
f 4442 4398 4399
f 4443 4399 4400
f 4414 4388 4415
f 4413 4387 4414
f 4415 4386 4439
f 4439 4396 4441
f 4441 4397 4440
f 4440 4398 4442
f 4444 4403 4395
f 4445 4402 4403
f 4446 4395 4394
f 4447 4404 4402
f 4448 4405 4404
f 4421 4392 4420
f 4422 4393 4421
f 4446 4394 4422
f 4445 4403 4444
f 4447 4402 4445
f 4444 4395 4446
f 4449 4400 4407
f 4450 4407 4408
f 4451 4408 4409
f 4452 4409 4401
f 4453 4401 4405
f 4442 4399 4443
f 4443 4400 4449
f 4449 4407 4450
f 4453 4405 4448
f 4450 4408 4451
f 4451 4409 4452
f 4452 4401 4453
f 4448 4404 4447
f 4454 4413 4414
f 4455 4414 4415
f 4456 4416 4417
f 4457 4417 4418
f 4458 4411 4416
f 4435 4410 4423
f 4423 4411 4458
f 4459 4418 4413
f 4456 4417 4457
f 4457 4418 4459
f 4460 4419 4431
f 4461 4420 4419
f 4462 4421 4420
f 4458 4416 4456
f 4463 4441 4440
f 4464 4415 4439
f 4465 4439 4441
f 4454 4414 4455
f 4455 4415 4464
f 4466 4440 4442
f 4467 4442 4443
f 4465 4441 4463
f 4463 4440 4466
f 4464 4439 4465
f 4468 4454 4455
f 4469 4444 4446
f 4459 4413 4454
f 4470 4422 4421
f 4471 4446 4422
f 4461 4419 4460
f 4470 4421 4462
f 4462 4420 4461
f 4472 4445 4444
f 4473 4447 4445
f 4472 4444 4469
f 4471 4422 4470
f 4469 4446 4471
f 4474 4423 4458
f 4475 4458 4456
f 4476 4456 4457
f 4477 4457 4459
f 4478 4459 4454
f 4479 4460 4480
f 4481 4461 4460
f 4482 4430 4429
f 4480 4431 4430
f 4434 4412 4435
f 4438 4427 4436
f 4437 4428 4438
f 4482 4429 4437
f 4480 4430 4482
f 4460 4431 4480
f 4483 4432 4434
f 4484 4434 4435
f 4485 4433 4432
f 4486 4436 4433
f 4487 4435 4423
f 4488 4438 4436
f 4489 4437 4438
f 4490 4482 4437
f 4491 4480 4482
f 4492 4443 4449
f 4493 4449 4450
f 4494 4450 4451
f 4495 4451 4452
f 4466 4442 4467
f 4467 4443 4492
f 4492 4449 4493
f 4496 4453 4448
f 4497 4452 4453
f 4493 4450 4494
f 4494 4451 4495
f 4495 4452 4497
f 4497 4453 4496
f 4496 4448 4498
f 4499 4455 4464
f 4500 4464 4465
f 4501 4465 4463
f 4502 4463 4466
f 4503 4467 4492
f 4504 4466 4467
f 4498 4448 4447
f 4473 4445 4472
f 4498 4447 4473
f 4505 4462 4461
f 4506 4470 4462
f 4507 4469 4471
f 4508 4472 4469
f 4509 4471 4470
f 4510 4492 4493
f 4511 4493 4494
f 4512 4497 4496
f 4513 4496 4498
f 4514 4494 4495
f 4515 4495 4497
f 4516 4473 4472
f 4517 4498 4473
f 4474 4458 4475
f 4487 4423 4474
f 4475 4456 4476
f 4485 4432 4483
f 4484 4435 4487
f 4483 4434 4484
f 4486 4433 4485
f 4488 4436 4486
f 4489 4438 4488
f 4490 4437 4489
f 4468 4455 4499
f 4499 4464 4500
f 4500 4465 4501
f 4501 4463 4502
f 4477 4459 4478
f 4476 4457 4477
f 4478 4454 4468
f 4479 4480 4491
f 4481 4460 4479
f 4506 4462 4505
f 4505 4461 4481
f 4509 4470 4506
f 4518 4476 4477
f 4519 4474 4475
f 4520 4487 4474
f 4521 4475 4476
f 4522 4490 4489
f 4523 4487 4520
f 4502 4466 4504
f 4503 4492 4510
f 4504 4467 4503
f 4510 4493 4511
f 4511 4494 4514
f 4514 4495 4515
f 4515 4497 4512
f 4513 4498 4517
f 4512 4496 4513
f 4524 4468 4499
f 4525 4499 4500
f 4526 4502 4504
f 4527 4500 4501
f 4528 4501 4502
f 4524 4499 4525
f 4525 4500 4527
f 4507 4471 4509
f 4508 4469 4507
f 4516 4472 4508
f 4517 4473 4516
f 4529 4478 4468
f 4530 4477 4478
f 4521 4476 4518
f 4518 4477 4530
f 4531 4491 4490
f 4532 4479 4491
f 4533 4481 4479
f 4534 4505 4481
f 4519 4475 4521
f 4520 4474 4519
f 4535 4488 4536
f 4522 4489 4535
f 4531 4490 4522
f 4537 4509 4506
f 4538 4507 4509
f 4530 4478 4529
f 4529 4468 4524
f 4539 4506 4505
f 4533 4479 4532
f 4532 4491 4531
f 4534 4481 4533
f 4540 4541 4523
f 4542 4523 4520
f 4543 4544 4541
f 4545 4546 4544
f 4491 4482 4490
f 4541 4483 4484
f 4544 4485 4483
f 4523 4484 4487
f 4546 4486 4485
f 4536 4488 4486
f 4535 4489 4488
f 4541 4484 4523
f 4544 4483 4541
f 4546 4485 4544
f 4536 4486 4546
f 4547 4504 4503
f 4548 4503 4510
f 4549 4510 4511
f 4550 4511 4514
f 4526 4504 4547
f 4547 4503 4548
f 4551 4517 4516
f 4552 4513 4517
f 4527 4501 4528
f 4528 4502 4526
f 4553 4514 4515
f 4554 4515 4512
f 4549 4511 4550
f 4548 4510 4549
f 4550 4514 4553
f 4555 4512 4513
f 4555 4513 4552
f 4552 4517 4551
f 4556 4508 4507
f 4557 4516 4508
f 4537 4506 4539
f 4538 4509 4537
f 4556 4507 4538
f 4539 4505 4534
f 4557 4508 4556
f 4551 4516 4557
f 4553 4515 4554
f 4554 4512 4555
f 4558 4524 4525
f 4559 4525 4527
f 4560 4527 4528
f 4561 4530 4529
f 4562 4518 4530
f 4563 4521 4518
f 4564 4520 4519
f 4565 4519 4521
f 4566 4536 4546
f 4567 4535 4536
f 4568 4522 4535
f 4569 4531 4522
f 4570 4529 4524
f 4571 4534 4533
f 4572 4539 4534
f 4573 4532 4531
f 4574 4533 4532
f 4543 4541 4540
f 4540 4523 4542
f 4545 4544 4543
f 4565 4521 4563
f 4561 4529 4570
f 4563 4518 4562
f 4562 4530 4561
f 4564 4519 4565
f 4542 4520 4564
f 4566 4546 4545
f 4567 4536 4566
f 4568 4535 4567
f 4569 4522 4568
f 4575 4547 4548
f 4576 4548 4549
f 4577 4549 4550
f 4578 4528 4526
f 4579 4526 4547
f 4580 4551 4557
f 4581 4550 4553
f 4582 4553 4554
f 4583 4554 4555
f 4584 4555 4552
f 4585 4552 4551
f 4558 4525 4559
f 4560 4528 4578
f 4578 4526 4579
f 4559 4527 4560
f 4575 4548 4576
f 4576 4549 4577
f 4577 4550 4581
f 4581 4553 4582
f 4579 4547 4575
f 4580 4557 4586
f 4585 4551 4580
f 4587 4559 4560
f 4587 4575 4576
f 4587 4578 4579
f 4587 4560 4578
f 4587 4579 4575
f 4588 4537 4539
f 4589 4538 4537
f 4586 4557 4556
f 4590 4556 4538
f 4570 4524 4558
f 4571 4533 4574
f 4572 4534 4571
f 4588 4539 4572
f 4587 4542 4564
f 4587 4562 4561
f 4587 4565 4563
f 4587 4564 4565
f 4587 4567 4566
f 4587 4563 4562
f 4587 4568 4567
f 4587 4569 4568
f 4573 4531 4569
f 4574 4532 4573
f 4587 4540 4542
f 4587 4543 4540
f 4587 4545 4543
f 4587 4566 4545
f 4589 4537 4588
f 4586 4556 4590
f 4590 4538 4589
f 4587 4570 4558
f 4587 4561 4570
f 4587 4558 4559
f 4587 4574 4573
f 4587 4573 4569
f 4587 4571 4574
f 4587 4572 4571
f 4587 4588 4572
f 4587 4589 4588
f 4587 4586 4590
f 4587 4590 4589
f 4582 4554 4583
f 4583 4555 4584
f 4584 4552 4585
f 4587 4576 4577
f 4587 4577 4581
f 4587 4581 4582
f 4587 4582 4583
f 4587 4585 4580
f 4587 4584 4585
f 4587 4583 4584
f 4587 4580 4586
f 4591 4592 4593
f 4594 4591 4593
f 4593 4595 4596
f 4596 4597 4598
f 4598 4599 4600
f 4592 4595 4593
f 4595 4597 4596
f 4597 4599 4598
f 4599 4601 4600
f 4594 4593 4596
f 4594 4596 4598
f 4594 4598 4600
f 4594 4600 4602
f 4600 4601 4602
f 4602 4603 4604
f 4594 4602 4604
f 4594 4604 4605
f 4604 4606 4605
f 4601 4603 4602
f 4603 4606 4604
f 4606 4607 4605
f 4592 4608 4595
f 4595 4609 4597
f 4597 4610 4599
f 4608 4609 4595
f 4599 4611 4601
f 4601 4612 4603
f 4603 4613 4606
f 4606 4614 4607
f 4609 4610 4597
f 4610 4611 4599
f 4611 4612 4601
f 4612 4613 4603
f 4615 4609 4608
f 4615 4610 4609
f 4613 4614 4606
f 4614 4616 4607
f 4615 4611 4610
f 4615 4612 4611
f 4615 4613 4612
f 4615 4614 4613
f 4615 4616 4614
f 4594 4605 4617
f 4594 4617 4618
f 4605 4607 4617
f 4617 4619 4618
f 4594 4618 4620
f 4594 4620 4621
f 4594 4621 4622
f 4594 4622 4623
f 4618 4624 4620
f 4607 4619 4617
f 4619 4624 4618
f 4624 4625 4620
f 4594 4623 4626
f 4620 4625 4621
f 4621 4627 4622
f 4622 4628 4623
f 4623 4629 4626
f 4625 4627 4621
f 4627 4628 4622
f 4628 4629 4623
f 4629 4630 4626
f 4607 4616 4619
f 4619 4631 4624
f 4624 4632 4625
f 4625 4633 4627
f 4616 4631 4619
f 4631 4632 4624
f 4615 4631 4616
f 4615 4632 4631
f 4615 4633 4632
f 4615 4634 4633
f 4615 4635 4634
f 4632 4633 4625
f 4633 4634 4627
f 4634 4635 4628
f 4615 4636 4635
f 4615 4637 4636
f 4627 4634 4628
f 4628 4635 4629
f 4629 4636 4630
f 4635 4636 4629
f 4636 4637 4630
f 4638 4639 4591
f 4594 4638 4591
f 4640 4641 4638
f 4642 4643 4640
f 4644 4645 4642
f 4639 4592 4591
f 4641 4639 4638
f 4643 4641 4640
f 4645 4643 4642
f 4594 4640 4638
f 4594 4642 4640
f 4594 4644 4642
f 4594 4646 4644
f 4646 4647 4644
f 4594 4648 4646
f 4594 4649 4648
f 4648 4650 4646
f 4649 4651 4648
f 4647 4645 4644
f 4650 4647 4646
f 4651 4650 4648
f 4639 4652 4592
f 4641 4653 4639
f 4643 4654 4641
f 4652 4608 4592
f 4653 4652 4639
f 4645 4655 4643
f 4647 4656 4645
f 4650 4657 4647
f 4651 4658 4650
f 4654 4653 4641
f 4655 4654 4643
f 4656 4655 4645
f 4615 4608 4652
f 4615 4652 4653
f 4657 4656 4647
f 4658 4657 4650
f 4615 4653 4654
f 4615 4654 4655
f 4615 4655 4656
f 4615 4656 4657
f 4615 4657 4658
f 4594 4659 4649
f 4594 4660 4659
f 4659 4661 4649
f 4594 4662 4660
f 4594 4663 4662
f 4594 4664 4663
f 4594 4665 4664
f 4660 4666 4659
f 4662 4667 4660
f 4661 4651 4649
f 4666 4661 4659
f 4667 4666 4660
f 4594 4626 4665
f 4663 4668 4662
f 4664 4669 4663
f 4665 4670 4664
f 4626 4630 4665
f 4668 4667 4662
f 4669 4668 4663
f 4670 4669 4664
f 4630 4670 4665
f 4661 4671 4651
f 4666 4672 4661
f 4667 4673 4666
f 4668 4674 4667
f 4671 4658 4651
f 4672 4671 4661
f 4615 4658 4671
f 4615 4671 4672
f 4615 4672 4673
f 4615 4673 4674
f 4615 4674 4675
f 4673 4672 4666
f 4674 4673 4667
f 4675 4674 4668
f 4676 4675 4669
f 4615 4675 4676
f 4615 4676 4637
f 4669 4675 4668
f 4670 4676 4669
f 4630 4637 4670
f 4637 4676 4670
f 4677 4678 4679
f 4680 4677 4679
f 4680 4681 4677
f 4680 4682 4681
f 4680 4683 4682
f 4680 4679 4684
f 4680 4684 4685
f 4680 4685 4686
f 4679 4687 4684
f 4684 4688 4685
f 4680 4686 4689
f 4681 4690 4677
f 4682 4691 4681
f 4683 4692 4682
f 4693 4694 4683
f 4680 4693 4683
f 4680 4695 4693
f 4680 4696 4695
f 4680 4697 4696
f 4680 4698 4697
f 4685 4699 4686
f 4686 4700 4689
f 4695 4701 4693
f 4696 4702 4695
f 4697 4703 4696
f 4698 4704 4697
f 4705 4706 4698
f 4677 4690 4678
f 4679 4678 4687
f 4681 4691 4690
f 4684 4687 4688
f 4685 4688 4699
f 4682 4692 4691
f 4683 4694 4692
f 4693 4701 4694
f 4686 4699 4700
f 4695 4702 4701
f 4696 4703 4702
f 4680 4689 4707
f 4680 4707 4708
f 4680 4708 4709
f 4680 4709 4710
f 4680 4705 4698
f 4680 4711 4705
f 4680 4712 4711
f 4680 4710 4713
f 4680 4713 4714
f 4680 4714 4715
f 4680 4715 4716
f 4689 4717 4707
f 4707 4718 4708
f 4708 4719 4709
f 4680 4720 4712
f 4680 4721 4720
f 4680 4716 4722
f 4680 4722 4723
f 4680 4724 4721
f 4680 4723 4725
f 4680 4726 4724
f 4680 4727 4726
f 4709 4728 4710
f 4710 4729 4713
f 4711 4730 4705
f 4713 4731 4714
f 4680 4725 4732
f 4680 4732 4733
f 4680 4734 4727
f 4680 4733 4734
f 4714 4735 4715
f 4715 4736 4716
f 4689 4700 4717
f 4707 4717 4718
f 4708 4718 4719
f 4709 4719 4728
f 4697 4704 4703
f 4698 4706 4704
f 4705 4730 4706
f 4712 4737 4711
f 4720 4738 4712
f 4721 4739 4720
f 4724 4740 4721
f 4716 4741 4722
f 4722 4742 4723
f 4726 4743 4724
f 4727 4744 4726
f 4723 4745 4725
f 4725 4746 4732
f 4732 4747 4733
f 4734 4748 4727
f 4733 4749 4734
f 4710 4728 4729
f 4713 4729 4731
f 4711 4737 4730
f 4714 4731 4735
f 4715 4735 4736
f 4712 4738 4737
f 4720 4739 4738
f 4721 4740 4739
f 4716 4736 4741
f 4722 4741 4742
f 4724 4743 4740
f 4726 4744 4743
f 4723 4742 4745
f 4725 4745 4746
f 4690 4750 4678
f 4678 4751 4687
f 4691 4752 4690
f 4692 4753 4691
f 4694 4754 4692
f 4690 4752 4750
f 4678 4750 4751
f 4687 4755 4688
f 4688 4756 4699
f 4687 4751 4755
f 4701 4757 4694
f 4702 4758 4701
f 4691 4753 4752
f 4692 4754 4753
f 4694 4757 4754
f 4701 4758 4757
f 4703 4759 4702
f 4704 4760 4703
f 4688 4755 4756
f 4699 4756 4761
f 4699 4761 4700
f 4700 4762 4717
f 4717 4763 4718
f 4718 4764 4719
f 4719 4765 4728
f 4700 4761 4762
f 4717 4762 4763
f 4728 4766 4729
f 4727 4748 4744
f 4732 4746 4747
f 4733 4747 4749
f 4734 4749 4748
f 4702 4759 4758
f 4706 4767 4704
f 4730 4768 4706
f 4703 4760 4759
f 4704 4767 4760
f 4706 4768 4767
f 4730 4769 4768
f 4752 4770 4750
f 4753 4771 4752
f 4750 4772 4751
f 4754 4773 4753
f 4751 4774 4755
f 4755 4775 4756
f 4757 4776 4754
f 4758 4777 4757
f 4759 4778 4758
f 4737 4769 4730
f 4738 4779 4737
f 4718 4763 4764
f 4719 4764 4765
f 4729 4780 4731
f 4731 4781 4735
f 4735 4782 4736
f 4728 4765 4766
f 4739 4783 4738
f 4740 4784 4739
f 4737 4779 4769
f 4738 4783 4779
f 4736 4785 4741
f 4741 4786 4742
f 4743 4787 4740
f 4742 4788 4745
f 4744 4789 4743
f 4729 4766 4780
f 4731 4780 4781
f 4735 4781 4782
f 4736 4782 4785
f 4756 4790 4761
f 4761 4791 4762
f 4762 4792 4763
f 4763 4793 4764
f 4760 4794 4759
f 4767 4795 4760
f 4768 4796 4767
f 4769 4797 4768
f 4739 4784 4783
f 4748 4798 4744
f 4740 4787 4784
f 4741 4785 4786
f 4743 4789 4787
f 4744 4798 4789
f 4764 4799 4765
f 4765 4800 4766
f 4766 4801 4780
f 4779 4802 4769
f 4783 4803 4779
f 4784 4804 4783
f 4780 4805 4781
f 4781 4806 4782
f 4745 4807 4746
f 4746 4808 4747
f 4749 4809 4748
f 4747 4810 4749
f 4742 4786 4788
f 4745 4788 4807
f 4748 4809 4798
f 4746 4807 4808
f 4749 4810 4809
f 4747 4808 4810
f 4782 4811 4785
f 4787 4812 4784
f 4789 4813 4787
f 4798 4814 4789
f 4785 4815 4786
f 4786 4816 4788
f 4788 4817 4807
f 4809 4818 4798
f 4807 4819 4808
f 4810 4820 4809
f 4808 4821 4810
f 4752 4771 4770
f 4750 4770 4772
f 4753 4773 4771
f 4754 4776 4773
f 4751 4772 4774
f 4755 4774 4775
f 4756 4775 4790
f 4761 4790 4791
f 4757 4777 4776
f 4758 4778 4777
f 4759 4794 4778
f 4760 4795 4794
f 4767 4796 4795
f 4768 4797 4796
f 4771 4822 4770
f 4770 4823 4772
f 4773 4824 4771
f 4772 4825 4774
f 4774 4826 4775
f 4776 4827 4773
f 4777 4828 4776
f 4778 4829 4777
f 4771 4824 4822
f 4770 4822 4823
f 4773 4827 4824
f 4776 4828 4827
f 4772 4823 4825
f 4774 4825 4826
f 4762 4791 4792
f 4763 4792 4793
f 4764 4793 4799
f 4765 4799 4800
f 4766 4800 4801
f 4775 4830 4790
f 4790 4831 4791
f 4775 4826 4830
f 4769 4802 4797
f 4794 4832 4778
f 4795 4833 4794
f 4777 4829 4828
f 4778 4832 4829
f 4796 4834 4795
f 4794 4833 4832
f 4797 4835 4796
f 4802 4836 4797
f 4795 4834 4833
f 4796 4835 4834
f 4779 4803 4802
f 4783 4804 4803
f 4784 4812 4804
f 4780 4801 4805
f 4781 4805 4806
f 4787 4813 4812
f 4789 4814 4813
f 4791 4837 4792
f 4790 4830 4831
f 4791 4831 4837
f 4792 4838 4793
f 4793 4839 4799
f 4803 4840 4802
f 4792 4837 4838
f 4799 4841 4800
f 4800 4842 4801
f 4801 4843 4805
f 4793 4838 4839
f 4799 4839 4841
f 4797 4836 4835
f 4802 4840 4836
f 4804 4844 4803
f 4812 4845 4804
f 4803 4844 4840
f 4813 4846 4812
f 4800 4841 4842
f 4801 4842 4843
f 4805 4843 4847
f 4804 4845 4844
f 4812 4846 4845
f 4814 4848 4813
f 4818 4849 4814
f 4813 4848 4846
f 4824 4850 4822
f 4822 4851 4823
f 4823 4852 4825
f 4827 4853 4824
f 4828 4854 4827
f 4829 4855 4828
f 4825 4856 4826
f 4822 4850 4851
f 4824 4853 4850
f 4827 4854 4853
f 4823 4851 4852
f 4825 4852 4856
f 4826 4857 4830
f 4832 4858 4829
f 4833 4859 4832
f 4834 4860 4833
f 4835 4861 4834
f 4836 4862 4835
f 4840 4863 4836
f 4828 4855 4854
f 4829 4858 4855
f 4832 4859 4858
f 4833 4860 4859
f 4834 4861 4860
f 4830 4864 4831
f 4831 4865 4837
f 4837 4866 4838
f 4838 4867 4839
f 4839 4868 4841
f 4841 4869 4842
f 4826 4856 4857
f 4830 4857 4864
f 4831 4864 4865
f 4837 4865 4866
f 4838 4866 4867
f 4782 4806 4811
f 4785 4811 4815
f 4786 4815 4816
f 4798 4818 4814
f 4788 4816 4817
f 4809 4820 4818
f 4807 4817 4819
f 4808 4819 4821
f 4810 4821 4820
f 4805 4847 4806
f 4806 4870 4811
f 4811 4871 4815
f 4815 4872 4816
f 4820 4873 4818
f 4816 4874 4817
f 4806 4847 4870
f 4811 4870 4871
f 4814 4849 4848
f 4835 4862 4861
f 4836 4863 4862
f 4840 4875 4863
f 4844 4875 4840
f 4845 4876 4844
f 4842 4877 4843
f 4846 4878 4845
f 4848 4879 4846
f 4849 4880 4848
f 4839 4867 4868
f 4841 4868 4869
f 4842 4869 4877
f 4844 4876 4875
f 4845 4878 4876
f 4846 4879 4878
f 4843 4877 4881
f 4873 4882 4849
f 4848 4880 4879
f 4849 4882 4880
f 4817 4883 4819
f 4821 4884 4820
f 4819 4885 4821
f 4815 4871 4872
f 4816 4872 4874
f 4818 4873 4849
f 4820 4884 4873
f 4817 4874 4883
f 4819 4883 4885
f 4821 4885 4884
f 4843 4881 4847
f 4847 4886 4870
f 4870 4887 4871
f 4871 4888 4872
f 4847 4881 4886
f 4884 4889 4873
f 4872 4890 4874
f 4874 4891 4883
f 4885 4892 4884
f 4883 4893 4885
f 4870 4886 4887
f 4871 4887 4888
f 4872 4888 4890
f 4873 4889 4882
f 4884 4892 4889
f 4874 4890 4891
f 4883 4891 4893
f 4885 4893 4892
f 4853 4894 4850
f 4850 4895 4851
f 4854 4896 4853
f 4855 4897 4854
f 4853 4896 4894
f 4850 4894 4895
f 4851 4898 4852
f 4852 4899 4856
f 4851 4895 4898
f 4856 4900 4857
f 4858 4901 4855
f 4859 4902 4858
f 4860 4903 4859
f 4854 4897 4896
f 4855 4901 4897
f 4858 4902 4901
f 4852 4898 4899
f 4861 4904 4860
f 4859 4903 4902
f 4860 4904 4903
f 4862 4905 4861
f 4863 4906 4862
f 4896 4907 4894
f 4897 4908 4896
f 4894 4909 4895
f 4901 4910 4897
f 4895 4911 4898
f 4898 4912 4899
f 4857 4913 4864
f 4864 4914 4865
f 4856 4899 4900
f 4857 4900 4913
f 4864 4913 4914
f 4865 4915 4866
f 4866 4916 4867
f 4867 4917 4868
f 4865 4914 4915
f 4861 4905 4904
f 4875 4918 4863
f 4862 4906 4905
f 4863 4918 4906
f 4875 4919 4918
f 4902 4920 4901
f 4903 4921 4902
f 4904 4922 4903
f 4905 4923 4904
f 4906 4924 4905
f 4876 4919 4875
f 4868 4925 4869
f 4869 4926 4877
f 4866 4915 4916
f 4867 4916 4917
f 4868 4917 4925
f 4878 4927 4876
f 4879 4928 4878
f 4876 4927 4919
f 4878 4928 4927
f 4880 4929 4879
f 4869 4925 4926
f 4877 4926 4930
f 4899 4931 4900
f 4900 4932 4913
f 4913 4933 4914
f 4914 4934 4915
f 4915 4935 4916
f 4896 4908 4907
f 4894 4907 4909
f 4895 4909 4911
f 4897 4910 4908
f 4901 4920 4910
f 4898 4911 4912
f 4902 4921 4920
f 4903 4922 4921
f 4904 4923 4922
f 4908 4936 4907
f 4910 4937 4908
f 4907 4938 4909
f 4920 4939 4910
f 4908 4937 4936
f 4907 4936 4938
f 4909 4940 4911
f 4911 4941 4912
f 4899 4912 4931
f 4900 4931 4932
f 4913 4932 4933
f 4914 4933 4934
f 4877 4930 4881
f 4881 4942 4886
f 4886 4943 4887
f 4881 4930 4942
f 4918 4944 4906
f 4919 4945 4918
f 4879 4929 4928
f 4882 4946 4880
f 4889 4947 4882
f 4880 4946 4929
f 4882 4947 4946
f 4889 4948 4947
f 4927 4949 4919
f 4916 4950 4917
f 4917 4951 4925
f 4925 4952 4926
f 4928 4953 4927
f 4929 4954 4928
f 4946 4955 4929
f 4947 4956 4946
f 4948 4957 4947
f 4905 4924 4923
f 4906 4944 4924
f 4918 4945 4944
f 4919 4949 4945
f 4921 4958 4920
f 4922 4959 4921
f 4910 4939 4937
f 4920 4958 4939
f 4909 4938 4940
f 4911 4940 4941
f 4923 4960 4922
f 4924 4961 4923
f 4921 4959 4958
f 4922 4960 4959
f 4923 4961 4960
f 4944 4962 4924
f 4915 4934 4935
f 4916 4935 4950
f 4917 4950 4951
f 4927 4953 4949
f 4925 4951 4952
f 4926 4952 4963
f 4912 4964 4931
f 4931 4965 4932
f 4932 4966 4933
f 4912 4941 4964
f 4931 4964 4965
f 4932 4965 4966
f 4933 4966 4967
f 4933 4967 4934
f 4934 4968 4935
f 4924 4962 4961
f 4945 4969 4944
f 4949 4970 4945
f 4953 4971 4949
f 4944 4969 4962
f 4945 4970 4969
f 4949 4971 4970
f 4928 4954 4953
f 4929 4955 4954
f 4946 4956 4955
f 4947 4957 4956
f 4948 4972 4957
f 4935 4973 4950
f 4950 4974 4951
f 4951 4975 4952
f 4934 4967 4968
f 4935 4968 4973
f 4954 4976 4953
f 4955 4977 4954
f 4953 4976 4971
f 4952 4978 4963
f 4950 4973 4974
f 4951 4974 4975
f 4952 4975 4978
f 4887 4979 4888
f 4892 4948 4889
f 4888 4980 4890
f 4890 4981 4891
f 4886 4942 4943
f 4887 4943 4979
f 4893 4982 4892
f 4891 4983 4893
f 4888 4979 4980
f 4892 4982 4948
f 4890 4980 4981
f 4891 4981 4983
f 4926 4963 4930
f 4930 4984 4942
f 4893 4983 4982
f 4942 4985 4943
f 4943 4986 4979
f 4979 4987 4980
f 4982 4972 4948
f 4980 4988 4981
f 4983 4989 4982
f 4981 4990 4983
f 4930 4963 4984
f 4942 4984 4985
f 4943 4985 4986
f 4979 4986 4987
f 4982 4989 4972
f 4980 4987 4988
f 4963 4991 4984
f 4956 4992 4955
f 4954 4977 4976
f 4955 4992 4977
f 4957 4993 4956
f 4972 4994 4957
f 4963 4978 4991
f 4956 4993 4992
f 4957 4994 4993
f 4972 4995 4994
f 4981 4988 4990
f 4983 4990 4989
f 4984 4996 4985
f 4985 4997 4986
f 4986 4998 4987
f 4984 4991 4996
f 4985 4996 4997
f 4989 4995 4972
f 4987 4999 4988
f 4990 5000 4989
f 4988 5001 4990
f 4986 4997 4998
f 4989 5000 4995
f 4987 4998 4999
f 4990 5001 5000
f 4988 4999 5001
f 4937 5002 4936
f 4939 5003 4937
f 4958 5004 4939
f 4936 5005 4938
f 4938 5006 4940
f 4940 5007 4941
f 4937 5003 5002
f 4936 5002 5005
f 4959 5008 4958
f 4960 5009 4959
f 4961 5010 4960
f 4962 5011 4961
f 4969 5012 4962
f 4939 5004 5003
f 4958 5008 5004
f 4938 5005 5006
f 4940 5006 5007
f 4959 5009 5008
f 4960 5010 5009
f 4961 5011 5010
f 5004 5013 5003
f 5003 5014 5002
f 5008 5015 5004
f 5002 5016 5005
f 5005 5017 5006
f 4941 5018 4964
f 4964 5019 4965
f 4965 5020 4966
f 4966 5021 4967
f 4967 5022 4968
f 4941 5007 5018
f 4964 5018 5019
f 4965 5019 5020
f 4966 5020 5021
f 5006 5023 5007
f 5003 5013 5014
f 5002 5014 5016
f 5005 5016 5017
f 4970 5024 4969
f 4971 5025 4970
f 4976 5026 4971
f 4962 5012 5011
f 5009 5027 5008
f 5010 5028 5009
f 5011 5029 5010
f 4969 5024 5012
f 4970 5025 5024
f 5012 5030 5011
f 4971 5026 5025
f 5024 5031 5012
f 5025 5032 5024
f 4968 5033 4973
f 4973 5034 4974
f 4974 5035 4975
f 4977 5036 4976
f 4992 5037 4977
f 4993 5038 4992
f 4975 5039 4978
f 4978 5040 4991
f 5007 5041 5018
f 5018 5042 5019
f 5019 5043 5020
f 4967 5021 5022
f 4968 5022 5033
f 4973 5033 5034
f 4976 5036 5026
f 4977 5037 5036
f 5020 5044 5021
f 4974 5034 5035
f 4975 5035 5039
f 5021 5045 5022
f 5022 5046 5033
f 5026 5047 5025
f 5036 5048 5026
f 4994 5049 4993
f 4995 5050 4994
f 5000 5051 4995
f 4992 5038 5037
f 4993 5049 5038
f 4978 5039 5040
f 4991 5040 5052
f 5033 5053 5034
f 5034 5054 5035
f 5035 5055 5039
f 5037 5056 5036
f 5038 5057 5037
f 5049 5058 5038
f 4994 5050 5049
f 4995 5051 5050
f 5000 5059 5051
f 5039 5060 5040
f 5040 5061 5052
f 5004 5015 5013
f 5008 5027 5015
f 5009 5028 5027
f 5006 5017 5023
f 5010 5029 5028
f 5011 5030 5029
f 5012 5031 5030
f 5013 5062 5014
f 5014 5063 5016
f 5015 5064 5013
f 5027 5065 5015
f 5028 5066 5027
f 5013 5064 5062
f 5015 5065 5064
f 5016 5067 5017
f 5014 5062 5063
f 5016 5063 5067
f 5017 5067 5068
f 5007 5023 5041
f 5018 5041 5042
f 5019 5042 5043
f 5020 5043 5044
f 5021 5044 5045
f 5017 5068 5023
f 5023 5069 5041
f 5024 5032 5031
f 5025 5047 5032
f 5026 5048 5047
f 5036 5056 5048
f 5029 5070 5028
f 5030 5071 5029
f 5031 5072 5030
f 5027 5066 5065
f 5028 5070 5066
f 5029 5071 5070
f 5030 5072 5071
f 5031 5073 5072
f 5032 5073 5031
f 5047 5074 5032
f 5048 5075 5047
f 5032 5074 5073
f 5022 5045 5046
f 5033 5046 5053
f 5037 5057 5056
f 5034 5053 5054
f 5035 5054 5055
f 5039 5055 5060
f 5041 5076 5042
f 5042 5077 5043
f 5043 5078 5044
f 5023 5068 5069
f 5041 5069 5076
f 5042 5076 5077
f 5043 5077 5078
f 5044 5079 5045
f 5045 5080 5046
f 5046 5081 5053
f 5044 5078 5079
f 5045 5079 5080
f 4991 5052 4996
f 4996 5082 4997
f 4997 5083 4998
f 4998 5084 4999
f 5001 5059 5000
f 4999 5085 5001
f 4996 5052 5082
f 4997 5082 5083
f 4998 5083 5084
f 4999 5084 5085
f 5064 5086 5062
f 5065 5087 5064
f 5062 5088 5063
f 5063 5089 5067
f 5066 5090 5065
f 5070 5091 5066
f 5071 5092 5070
f 5062 5086 5088
f 5065 5090 5087
f 5064 5087 5086
f 5066 5091 5090
f 5063 5088 5089
f 5067 5089 5093
f 5067 5093 5068
f 5068 5094 5069
f 5069 5095 5076
f 5068 5093 5094
f 5087 5096 5086
f 5086 5097 5088
f 5050 5098 5049
f 5051 5099 5050
f 5052 5100 5082
f 5059 5101 5051
f 5056 5102 5048
f 5047 5075 5074
f 5048 5102 5075
f 5056 5103 5102
f 5038 5058 5057
f 5049 5098 5058
f 5040 5060 5061
f 5050 5099 5098
f 5052 5061 5100
f 5082 5100 5104
f 5051 5101 5099
f 5059 5105 5101
f 5057 5103 5056
f 5058 5106 5057
f 5053 5107 5054
f 5054 5108 5055
f 5055 5109 5060
f 5046 5080 5081
f 5053 5081 5107
f 5054 5107 5108
f 5098 5110 5058
f 5099 5111 5098
f 5057 5106 5103
f 5058 5110 5106
f 5098 5111 5110
f 5060 5112 5061
f 5101 5113 5099
f 5061 5114 5100
f 5055 5108 5109
f 5060 5109 5112
f 5099 5113 5111
f 5100 5115 5104
f 5105 5116 5101
f 5104 5117 5118
f 5119 5120 5105
f 5061 5112 5114
f 5100 5114 5115
f 5101 5116 5113
f 5105 5120 5116
f 5104 5115 5117
f 5118 5117 5121
f 5119 5121 5120
f 5001 5085 5059
f 5082 5104 5083
f 5083 5118 5084
f 5085 5105 5059
f 5084 5119 5085
f 5083 5104 5118
f 5084 5118 5119
f 5085 5119 5105
f 5118 5121 5119
f 5072 5122 5071
f 5073 5123 5072
f 5074 5124 5073
f 5075 5125 5074
f 5102 5126 5075
f 5103 5127 5102
f 5070 5092 5091
f 5071 5122 5092
f 5072 5123 5122
f 5073 5124 5123
f 5074 5125 5124
f 5075 5126 5125
f 5076 5128 5077
f 5077 5129 5078
f 5078 5130 5079
f 5079 5131 5080
f 5080 5132 5081
f 5081 5133 5107
f 5069 5094 5095
f 5076 5095 5128
f 5077 5128 5129
f 5078 5129 5130
f 5079 5130 5131
f 5080 5131 5132
f 5102 5127 5126
f 5103 5134 5127
f 5106 5134 5103
f 5110 5135 5106
f 5111 5136 5110
f 5107 5137 5108
f 5108 5138 5109
f 5109 5139 5112
f 5113 5140 5111
f 5116 5141 5113
f 5112 5142 5114
f 5114 5143 5115
f 5120 5144 5116
f 5115 5145 5117
f 5106 5135 5134
f 5110 5136 5135
f 5081 5132 5133
f 5107 5133 5137
f 5108 5137 5138
f 5111 5140 5136
f 5113 5141 5140
f 5109 5138 5139
f 5112 5139 5142
f 5116 5144 5141
f 5114 5142 5143
f 5090 5146 5087
f 5091 5147 5090
f 5092 5148 5091
f 5087 5146 5096
f 5090 5147 5146
f 5088 5149 5089
f 5086 5096 5097
f 5088 5097 5149
f 5089 5149 5150
f 5122 5151 5092
f 5123 5152 5122
f 5124 5153 5123
f 5091 5148 5147
f 5092 5151 5148
f 5122 5152 5151
f 5146 5154 5096
f 5147 5155 5146
f 5148 5156 5147
f 5096 5157 5097
f 5097 5158 5149
f 5089 5150 5093
f 5093 5159 5094
f 5094 5160 5095
f 5095 5161 5128
f 5128 5162 5129
f 5093 5150 5159
f 5094 5159 5160
f 5095 5160 5161
f 5149 5163 5150
f 5123 5153 5152
f 5125 5164 5124
f 5126 5165 5125
f 5127 5166 5126
f 5124 5164 5153
f 5125 5165 5164
f 5126 5166 5165
f 5134 5167 5127
f 5135 5168 5134
f 5127 5167 5166
f 5134 5168 5167
f 5151 5169 5148
f 5152 5170 5151
f 5153 5171 5152
f 5164 5172 5153
f 5165 5173 5164
f 5166 5174 5165
f 5167 5175 5166
f 5129 5176 5130
f 5128 5161 5162
f 5129 5162 5176
f 5130 5176 5177
f 5130 5177 5131
f 5131 5178 5132
f 5136 5179 5135
f 5135 5179 5168
f 5132 5180 5133
f 5133 5181 5137
f 5137 5182 5138
f 5131 5177 5178
f 5132 5178 5180
f 5133 5180 5181
f 5150 5183 5159
f 5159 5184 5160
f 5160 5185 5161
f 5161 5186 5162
f 5162 5187 5176
f 5176 5188 5177
f 5177 5189 5178
f 5121 5190 5120
f 5117 5191 5121
f 5120 5190 5144
f 5115 5143 5145
f 5117 5145 5191
f 5121 5191 5190
f 5168 5192 5167
f 5179 5193 5168
f 5140 5194 5136
f 5141 5195 5140
f 5144 5196 5141
f 5136 5194 5179
f 5140 5195 5194
f 5141 5196 5195
f 5138 5197 5139
f 5139 5198 5142
f 5190 5199 5144
f 5142 5200 5143
f 5137 5181 5182
f 5138 5182 5197
f 5139 5197 5198
f 5142 5198 5200
f 5144 5199 5196
f 5191 5201 5190
f 5143 5202 5145
f 5145 5203 5191
f 5190 5201 5199
f 5143 5200 5202
f 5191 5203 5201
f 5145 5202 5203
f 5194 5204 5179
f 5178 5205 5180
f 5180 5206 5181
f 5181 5207 5182
f 5195 5208 5194
f 5196 5209 5195
f 5199 5210 5196
f 5182 5211 5197
f 5197 5212 5198
f 5198 5213 5200
f 5201 5214 5199
f 5200 5215 5202
f 5203 5216 5201
f 5202 5217 5203
f 5146 5155 5154
f 5147 5156 5155
f 5096 5154 5157
f 5097 5157 5158
f 5149 5158 5163
f 5148 5169 5156
f 5151 5170 5169
f 5152 5171 5170
f 5153 5172 5171
f 5164 5173 5172
f 5165 5174 5173
f 5155 5218 5154
f 5156 5219 5155
f 5169 5220 5156
f 5155 5219 5218
f 5156 5220 5219
f 5154 5221 5157
f 5157 5222 5158
f 5154 5218 5221
f 5157 5221 5222
f 5170 5223 5169
f 5171 5224 5170
f 5172 5225 5171
f 5169 5223 5220
f 5170 5224 5223
f 5171 5225 5224
f 5173 5226 5172
f 5150 5163 5183
f 5159 5183 5184
f 5160 5184 5185
f 5161 5185 5186
f 5162 5186 5187
f 5176 5187 5188
f 5158 5227 5163
f 5158 5222 5227
f 5163 5228 5183
f 5183 5229 5184
f 5184 5230 5185
f 5185 5231 5186
f 5163 5227 5228
f 5183 5228 5229
f 5184 5229 5230
f 5220 5232 5219
f 5223 5233 5220
f 5224 5234 5223
f 5219 5235 5218
f 5218 5236 5221
f 5221 5237 5222
f 5220 5233 5232
f 5218 5235 5236
f 5219 5232 5235
f 5221 5236 5237
f 5222 5238 5227
f 5227 5239 5228
f 5222 5237 5238
f 5166 5175 5174
f 5167 5192 5175
f 5168 5193 5192
f 5179 5204 5193
f 5172 5226 5225
f 5174 5240 5173
f 5175 5241 5174
f 5192 5242 5175
f 5173 5240 5226
f 5174 5241 5240
f 5175 5242 5241
f 5193 5243 5192
f 5204 5244 5193
f 5192 5243 5242
f 5193 5244 5243
f 5204 5245 5244
f 5177 5188 5189
f 5178 5189 5205
f 5180 5205 5206
f 5194 5208 5204
f 5195 5209 5208
f 5196 5210 5209
f 5181 5206 5207
f 5182 5207 5211
f 5197 5211 5212
f 5186 5246 5187
f 5187 5247 5188
f 5188 5248 5189
f 5185 5230 5231
f 5186 5231 5246
f 5187 5246 5247
f 5208 5245 5204
f 5188 5247 5248
f 5189 5248 5249
f 5189 5249 5205
f 5205 5250 5206
f 5206 5251 5207
f 5205 5249 5250
f 5206 5250 5251
f 5199 5214 5210
f 5198 5212 5213
f 5201 5216 5214
f 5200 5213 5215
f 5203 5217 5216
f 5202 5215 5217
f 5209 5252 5208
f 5210 5253 5209
f 5214 5254 5210
f 5216 5255 5214
f 5208 5252 5245
f 5209 5253 5252
f 5210 5254 5253
f 5214 5255 5254
f 5207 5256 5211
f 5211 5257 5212
f 5212 5258 5213
f 5213 5259 5215
f 5207 5251 5256
f 5211 5256 5257
f 5212 5257 5258
f 5216 5260 5255
f 5217 5260 5216
f 5215 5261 5217
f 5213 5258 5259
f 5215 5259 5261
f 5217 5261 5260
f 5225 5262 5224
f 5226 5263 5225
f 5240 5264 5226
f 5241 5265 5240
f 5242 5266 5241
f 5243 5267 5242
f 5244 5268 5243
f 5223 5234 5233
f 5224 5262 5234
f 5225 5263 5262
f 5226 5264 5263
f 5240 5265 5264
f 5241 5266 5265
f 5242 5267 5266
f 5243 5268 5267
f 5228 5269 5229
f 5229 5270 5230
f 5230 5271 5231
f 5231 5272 5246
f 5246 5273 5247
f 5247 5274 5248
f 5248 5275 5249
f 5227 5238 5239
f 5228 5239 5269
f 5229 5269 5270
f 5230 5270 5271
f 5231 5271 5272
f 5246 5272 5273
f 5247 5273 5274
f 5248 5274 5275
f 5245 5276 5244
f 5252 5277 5245
f 5244 5276 5268
f 5245 5277 5276
f 5252 5278 5277
f 5249 5279 5250
f 5250 5280 5251
f 5253 5278 5252
f 5254 5281 5253
f 5251 5282 5256
f 5256 5283 5257
f 5255 5284 5254
f 5260 5285 5255
f 5261 5286 5260
f 5257 5287 5258
f 5258 5288 5259
f 5259 5289 5261
f 5249 5275 5279
f 5250 5279 5280
f 5253 5281 5278
f 5251 5280 5282
f 5254 5284 5281
f 5256 5282 5283
f 5255 5285 5284
f 5257 5283 5287
f 5260 5286 5285
f 5258 5287 5288
f 5259 5288 5289
f 5261 5289 5286
f 5234 5290 5233
f 5262 5291 5234
f 5232 5292 5235
f 5233 5293 5232
f 5235 5294 5236
f 5236 5295 5237
f 5263 5296 5262
f 5232 5293 5292
f 5235 5292 5294
f 5236 5294 5295
f 5233 5290 5293
f 5234 5291 5290
f 5237 5295 5297
f 5264 5298 5263
f 5265 5299 5264
f 5266 5300 5265
f 5267 5301 5266
f 5262 5296 5291
f 5263 5298 5296
f 5264 5299 5298
f 5265 5300 5299
f 5266 5301 5300
f 5290 5302 5293
f 5293 5303 5292
f 5292 5304 5294
f 5294 5305 5295
f 5291 5306 5290
f 5296 5307 5291
f 5298 5308 5296
f 5295 5309 5297
f 5299 5310 5298
f 5300 5311 5299
f 5301 5312 5300
f 5237 5297 5238
f 5238 5313 5239
f 5239 5314 5269
f 5238 5297 5313
f 5269 5315 5270
f 5270 5316 5271
f 5271 5317 5272
f 5272 5318 5273
f 5239 5313 5314
f 5269 5314 5315
f 5270 5315 5316
f 5271 5316 5317
f 5272 5317 5318
f 5297 5319 5313
f 5313 5320 5314
f 5314 5321 5315
f 5315 5322 5316
f 5316 5323 5317
f 5268 5324 5267
f 5276 5325 5268
f 5277 5326 5276
f 5278 5327 5277
f 5267 5324 5301
f 5268 5325 5324
f 5276 5326 5325
f 5277 5327 5326
f 5278 5328 5327
f 5324 5329 5301
f 5325 5330 5324
f 5326 5331 5325
f 5327 5332 5326
f 5328 5333 5327
f 5334 5335 5328
f 5273 5336 5274
f 5274 5337 5275
f 5281 5328 5278
f 5275 5338 5279
f 5279 5339 5280
f 5280 5340 5282
f 5273 5318 5336
f 5274 5336 5337
f 5275 5337 5338
f 5279 5338 5339
f 5280 5339 5340
f 5284 5334 5281
f 5285 5341 5284
f 5282 5342 5283
f 5283 5343 5287
f 5286 5344 5285
f 5287 5345 5288
f 5289 5346 5286
f 5288 5347 5289
f 5281 5334 5328
f 5284 5341 5334
f 5285 5344 5341
f 5282 5340 5342
f 5283 5342 5343
f 5286 5346 5344
f 5287 5343 5345
f 5288 5345 5347
f 5289 5347 5346
f 5317 5348 5318
f 5318 5349 5336
f 5336 5350 5337
f 5337 5351 5338
f 5338 5352 5339
f 5339 5353 5340
f 5341 5354 5334
f 5344 5355 5341
f 5340 5356 5342
f 5346 5357 5344
f 5342 5358 5343
f 5343 5359 5345
f 5347 5360 5346
f 5345 5361 5347
f 5292 5303 5304
f 5293 5302 5303
f 5290 5306 5302
f 5291 5307 5306
f 5296 5308 5307
f 5294 5304 5305
f 5295 5305 5309
f 5298 5310 5308
f 5299 5311 5310
f 5300 5312 5311
f 5306 5362 5302
f 5302 5363 5303
f 5303 5364 5304
f 5304 5365 5305
f 5307 5366 5306
f 5308 5367 5307
f 5310 5368 5308
f 5311 5369 5310
f 5312 5370 5311
f 5305 5371 5309
f 5309 5372 5319
f 5303 5363 5364
f 5306 5366 5362
f 5307 5367 5366
f 5308 5368 5367
f 5310 5369 5368
f 5302 5362 5363
f 5304 5364 5365
f 5305 5365 5371
f 5309 5371 5372
f 5311 5370 5369
f 5319 5372 5373
f 5320 5373 5374
f 5363 5362 5375
f 5364 5363 5375
f 5362 5366 5375
f 5366 5367 5375
f 5367 5368 5375
f 5368 5369 5375
f 5365 5364 5375
f 5371 5365 5375
f 5372 5371 5375
f 5373 5372 5375
f 5297 5309 5319
f 5313 5319 5320
f 5314 5320 5321
f 5315 5321 5322
f 5316 5322 5323
f 5319 5373 5320
f 5320 5374 5321
f 5321 5376 5322
f 5321 5374 5376
f 5301 5329 5312
f 5324 5330 5329
f 5325 5331 5330
f 5326 5332 5331
f 5327 5333 5332
f 5328 5335 5333
f 5334 5354 5335
f 5329 5377 5312
f 5330 5378 5329
f 5331 5379 5330
f 5332 5380 5331
f 5333 5381 5332
f 5335 5382 5333
f 5354 5383 5335
f 5355 5384 5354
f 5357 5385 5355
f 5312 5377 5370
f 5329 5378 5377
f 5330 5379 5378
f 5331 5380 5379
f 5332 5381 5380
f 5333 5382 5381
f 5369 5370 5375
f 5370 5377 5375
f 5377 5378 5375
f 5378 5379 5375
f 5379 5380 5375
f 5380 5381 5375
f 5374 5373 5375
f 5376 5374 5375
f 5386 5376 5375
f 5387 5386 5375
f 5388 5387 5375
f 5389 5388 5375
f 5381 5382 5375
f 5382 5383 5375
f 5390 5389 5375
f 5391 5390 5375
f 5392 5391 5375
f 5383 5384 5375
f 5384 5385 5375
f 5385 5393 5375
f 5394 5392 5375
f 5395 5394 5375
f 5335 5383 5382
f 5354 5384 5383
f 5355 5385 5384
f 5357 5393 5385
f 5360 5396 5393
f 5393 5396 5375
f 5396 5397 5375
f 5397 5398 5375
f 5398 5395 5375
f 5317 5323 5348
f 5318 5348 5349
f 5336 5349 5350
f 5337 5350 5351
f 5338 5351 5352
f 5339 5352 5353
f 5340 5353 5356
f 5341 5355 5354
f 5344 5357 5355
f 5342 5356 5358
f 5346 5360 5357
f 5343 5358 5359
f 5345 5359 5361
f 5347 5361 5360
f 5322 5386 5323
f 5323 5387 5348
f 5348 5388 5349
f 5349 5389 5350
f 5350 5390 5351
f 5351 5391 5352
f 5352 5392 5353
f 5353 5394 5356
f 5356 5395 5358
f 5322 5376 5386
f 5323 5386 5387
f 5348 5387 5388
f 5349 5388 5389
f 5350 5389 5390
f 5351 5390 5391
f 5352 5391 5392
f 5353 5392 5394
f 5356 5394 5395
f 5358 5395 5398
f 5359 5398 5397
f 5361 5397 5396
f 5360 5393 5357
f 5361 5396 5360
f 5358 5398 5359
f 5359 5397 5361
f 5399 5400 5401
f 5400 5402 5401
f 5402 5403 5401
f 5403 5404 5401
f 5405 5400 5399
f 5406 5399 5407
f 5408 5407 5409
f 5410 5409 5411
f 5412 5411 5413
f 5407 5399 5401
f 5411 5409 5401
f 5409 5407 5401
f 5404 5414 5401
f 5414 5415 5401
f 5413 5411 5401
f 5416 5413 5401
f 5415 5417 5401
f 5417 5418 5401
f 5418 5419 5401
f 5420 5421 5401
f 5421 5416 5401
f 5422 5420 5401
f 5423 5422 5401
f 5424 5423 5401
f 5425 5424 5401
f 5419 5426 5401
f 5426 5427 5401
f 5427 5428 5401
f 5428 5429 5401
f 5430 5431 5401
f 5429 5430 5401
f 5432 5413 5416
f 5433 5416 5421
f 5434 5421 5420
f 5435 5420 5422
f 5436 5422 5423
f 5437 5423 5424
f 5406 5407 5408
f 5408 5409 5410
f 5432 5416 5433
f 5410 5411 5412
f 5412 5413 5432
f 5433 5421 5434
f 5434 5420 5435
f 5435 5422 5436
f 5436 5423 5437
f 5438 5410 5412
f 5439 5412 5432
f 5440 5432 5433
f 5441 5436 5437
f 5442 5433 5434
f 5443 5434 5435
f 5444 5435 5436
f 5445 5402 5446
f 5446 5400 5405
f 5405 5399 5406
f 5447 5403 5445
f 5446 5402 5400
f 5445 5403 5402
f 5447 5404 5403
f 5448 5414 5404
f 5449 5415 5414
f 5450 5417 5415
f 5451 5418 5417
f 5452 5419 5418
f 5453 5426 5419
f 5454 5427 5426
f 5455 5428 5427
f 5456 5429 5428
f 5448 5404 5447
f 5449 5414 5448
f 5450 5415 5449
f 5451 5417 5450
f 5452 5418 5451
f 5453 5419 5452
f 5454 5426 5453
f 5455 5427 5454
f 5456 5428 5455
f 5457 5405 5406
f 5458 5446 5405
f 5459 5445 5446
f 5460 5447 5445
f 5461 5406 5408
f 5462 5408 5410
f 5463 5448 5447
f 5464 5449 5448
f 5465 5450 5449
f 5466 5451 5450
f 5467 5452 5451
f 5468 5453 5452
f 5469 5454 5453
f 5470 5455 5454
f 5471 5425 5472
f 5473 5472 5474
f 5475 5474 5476
f 5477 5476 5478
f 5472 5425 5401
f 5474 5472 5401
f 5476 5474 5401
f 5478 5476 5401
f 5479 5478 5401
f 5480 5479 5401
f 5481 5482 5401
f 5431 5481 5401
f 5483 5480 5401
f 5482 5483 5401
f 5484 5424 5425
f 5485 5431 5430
f 5486 5481 5431
f 5487 5478 5479
f 5488 5482 5481
f 5489 5483 5482
f 5490 5480 5483
f 5491 5479 5480
f 5437 5424 5484
f 5484 5425 5471
f 5471 5472 5473
f 5473 5474 5475
f 5475 5476 5477
f 5488 5481 5486
f 5489 5482 5488
f 5477 5478 5487
f 5487 5479 5491
f 5491 5480 5490
f 5490 5483 5489
f 5492 5437 5484
f 5493 5484 5471
f 5494 5471 5473
f 5495 5473 5475
f 5496 5475 5477
f 5497 5477 5487
f 5498 5487 5491
f 5499 5489 5488
f 5500 5490 5489
f 5501 5491 5490
f 5502 5430 5429
f 5502 5429 5456
f 5485 5430 5502
f 5486 5431 5485
f 5503 5456 5455
f 5504 5502 5456
f 5505 5485 5502
f 5506 5486 5485
f 5507 5488 5486
f 5438 5412 5439
f 5439 5432 5440
f 5440 5433 5442
f 5444 5436 5441
f 5442 5434 5443
f 5443 5435 5444
f 5508 5439 5440
f 5509 5440 5442
f 5510 5444 5441
f 5511 5442 5443
f 5512 5443 5444
f 5508 5440 5509
f 5509 5442 5511
f 5511 5443 5512
f 5512 5444 5510
f 5458 5405 5457
f 5459 5446 5458
f 5457 5406 5461
f 5460 5445 5459
f 5463 5447 5460
f 5461 5408 5462
f 5462 5410 5438
f 5464 5448 5463
f 5465 5449 5464
f 5466 5450 5465
f 5467 5451 5466
f 5468 5452 5467
f 5469 5453 5468
f 5470 5454 5469
f 5513 5457 5461
f 5514 5458 5457
f 5515 5459 5458
f 5516 5460 5459
f 5517 5461 5462
f 5518 5462 5438
f 5519 5438 5439
f 5520 5463 5460
f 5521 5464 5463
f 5513 5461 5517
f 5515 5458 5514
f 5514 5457 5513
f 5516 5459 5515
f 5517 5462 5518
f 5518 5438 5519
f 5520 5460 5516
f 5521 5463 5520
f 5522 5465 5464
f 5523 5466 5465
f 5524 5467 5466
f 5525 5468 5467
f 5526 5469 5468
f 5519 5439 5508
f 5522 5464 5521
f 5523 5465 5522
f 5524 5466 5523
f 5525 5467 5524
f 5526 5468 5525
f 5441 5437 5492
f 5492 5484 5493
f 5493 5471 5494
f 5494 5473 5495
f 5495 5475 5496
f 5496 5477 5497
f 5499 5488 5507
f 5497 5487 5498
f 5498 5491 5501
f 5501 5490 5500
f 5500 5489 5499
f 5527 5441 5492
f 5528 5492 5493
f 5529 5493 5494
f 5530 5494 5495
f 5531 5495 5496
f 5510 5441 5527
f 5527 5492 5528
f 5528 5493 5529
f 5529 5494 5530
f 5531 5496 5532
f 5532 5497 5533
f 5532 5496 5497
f 5533 5497 5498
f 5534 5499 5507
f 5535 5498 5501
f 5536 5501 5500
f 5537 5500 5499
f 5530 5495 5531
f 5533 5498 5535
f 5535 5501 5536
f 5537 5499 5534
f 5536 5500 5537
f 5503 5455 5470
f 5504 5456 5503
f 5505 5502 5504
f 5506 5485 5505
f 5507 5486 5506
f 5538 5470 5469
f 5539 5503 5470
f 5540 5504 5503
f 5541 5505 5504
f 5542 5506 5505
f 5538 5469 5526
f 5539 5470 5538
f 5540 5503 5539
f 5541 5504 5540
f 5543 5507 5506
f 5542 5505 5541
f 5543 5506 5542
f 5534 5507 5543
f 5544 5508 5509
f 5545 5509 5511
f 5546 5511 5512
f 5544 5509 5545
f 5545 5511 5546
f 5547 5514 5513
f 5548 5515 5514
f 5549 5513 5517
f 5550 5516 5515
f 5551 5518 5519
f 5552 5517 5518
f 5553 5520 5516
f 5554 5521 5520
f 5555 5519 5508
f 5556 5522 5521
f 5557 5523 5522
f 5558 5524 5523
f 5547 5513 5549
f 5549 5517 5552
f 5552 5518 5551
f 5548 5514 5547
f 5550 5515 5548
f 5553 5516 5550
f 5551 5519 5555
f 5555 5508 5544
f 5557 5522 5556
f 5558 5523 5557
f 5554 5520 5553
f 5556 5521 5554
f 5559 5510 5527
f 5560 5512 5510
f 5561 5527 5528
f 5562 5528 5529
f 5563 5530 5531
f 5564 5531 5532
f 5565 5532 5533
f 5566 5529 5530
f 5560 5510 5559
f 5546 5512 5560
f 5559 5527 5561
f 5561 5528 5562
f 5566 5530 5563
f 5563 5531 5564
f 5562 5529 5566
f 5567 5525 5524
f 5568 5526 5525
f 5569 5538 5526
f 5570 5539 5538
f 5571 5541 5540
f 5572 5540 5539
f 5573 5542 5541
f 5574 5543 5542
f 5567 5524 5558
f 5568 5525 5567
f 5569 5526 5568
f 5570 5538 5569
f 5572 5539 5570
f 5571 5540 5572
f 5573 5541 5571
f 5575 5549 5552
f 5576 5547 5549
f 5577 5548 5547
f 5578 5550 5548
f 5577 5547 5576
f 5576 5549 5575
f 5579 5551 5555
f 5580 5552 5551
f 5581 5555 5544
f 5582 5544 5545
f 5575 5552 5580
f 5580 5551 5579
f 5579 5555 5581
f 5581 5544 5582
f 5583 5553 5550
f 5584 5554 5553
f 5585 5556 5554
f 5578 5548 5577
f 5583 5550 5578
f 5584 5553 5583
f 5585 5554 5584
f 5586 5580 5579
f 5587 5576 5575
f 5588 5577 5576
f 5589 5575 5580
f 5590 5578 5577
f 5591 5583 5578
f 5592 5545 5546
f 5593 5546 5560
f 5594 5560 5559
f 5592 5546 5593
f 5593 5560 5594
f 5595 5566 5563
f 5596 5559 5561
f 5597 5561 5562
f 5598 5562 5566
f 5594 5559 5596
f 5596 5561 5597
f 5597 5562 5598
f 5599 5592 5593
f 5600 5593 5594
f 5601 5596 5597
f 5602 5594 5596
f 5603 5567 5558
f 5604 5568 5567
f 5582 5545 5592
f 5605 5557 5556
f 5606 5558 5557
f 5605 5556 5585
f 5606 5557 5605
f 5603 5558 5606
f 5607 5569 5568
f 5608 5570 5569
f 5609 5572 5570
f 5604 5567 5603
f 5607 5568 5604
f 5608 5569 5607
f 5610 5581 5582
f 5611 5579 5581
f 5612 5582 5592
f 5613 5584 5583
f 5614 5585 5584
f 5615 5605 5585
f 5616 5606 5605
f 5617 5603 5606
f 5618 5604 5603
f 5619 5533 5535
f 5620 5535 5536
f 5621 5537 5534
f 5622 5536 5537
f 5564 5532 5565
f 5565 5533 5619
f 5619 5535 5620
f 5620 5536 5622
f 5621 5534 5623
f 5622 5537 5621
f 5623 5534 5543
f 5574 5542 5573
f 5623 5543 5574
f 5624 5563 5564
f 5625 5564 5565
f 5626 5565 5619
f 5595 5563 5624
f 5624 5564 5625
f 5625 5565 5626
f 5598 5566 5595
f 5627 5619 5620
f 5628 5620 5622
f 5626 5619 5627
f 5627 5620 5628
f 5628 5622 5629
f 5629 5622 5621
f 5630 5621 5623
f 5629 5621 5630
f 5630 5623 5631
f 5632 5595 5624
f 5633 5597 5598
f 5634 5598 5595
f 5635 5624 5625
f 5636 5625 5626
f 5637 5626 5627
f 5638 5573 5571
f 5639 5571 5572
f 5640 5574 5573
f 5609 5570 5608
f 5639 5572 5609
f 5638 5571 5639
f 5640 5573 5638
f 5631 5623 5574
f 5631 5574 5640
f 5641 5607 5604
f 5642 5608 5607
f 5643 5609 5608
f 5644 5638 5639
f 5645 5639 5609
f 5646 5640 5638
f 5647 5627 5628
f 5648 5628 5629
f 5649 5630 5631
f 5650 5629 5630
f 5651 5631 5640
f 5588 5576 5587
f 5587 5575 5589
f 5589 5580 5586
f 5590 5577 5588
f 5599 5593 5600
f 5600 5594 5602
f 5586 5579 5611
f 5610 5582 5612
f 5611 5581 5610
f 5591 5578 5590
f 5613 5583 5591
f 5614 5584 5613
f 5612 5592 5599
f 5615 5585 5614
f 5616 5605 5615
f 5617 5606 5616
f 5652 5586 5611
f 5653 5587 5589
f 5654 5588 5587
f 5655 5589 5586
f 5656 5590 5588
f 5653 5589 5655
f 5654 5587 5653
f 5656 5588 5654
f 5657 5610 5612
f 5658 5611 5610
f 5659 5612 5599
f 5652 5611 5658
f 5657 5612 5659
f 5658 5610 5657
f 5660 5591 5590
f 5661 5613 5591
f 5662 5614 5613
f 5663 5615 5614
f 5655 5586 5652
f 5660 5590 5656
f 5662 5613 5661
f 5661 5591 5660
f 5664 5653 5655
f 5665 5655 5652
f 5666 5654 5653
f 5667 5656 5654
f 5664 5655 5665
f 5666 5653 5664
f 5602 5596 5601
f 5601 5597 5633
f 5633 5598 5634
f 5634 5595 5632
f 5632 5624 5635
f 5635 5625 5636
f 5636 5626 5637
f 5668 5600 5602
f 5669 5602 5601
f 5670 5600 5668
f 5668 5602 5669
f 5671 5632 5635
f 5672 5601 5633
f 5673 5633 5634
f 5674 5634 5632
f 5669 5601 5672
f 5672 5633 5673
f 5673 5634 5674
f 5641 5604 5618
f 5642 5607 5641
f 5618 5603 5617
f 5643 5608 5642
f 5645 5609 5643
f 5644 5639 5645
f 5646 5638 5644
f 5670 5599 5600
f 5659 5599 5670
f 5675 5616 5615
f 5676 5617 5616
f 5677 5618 5617
f 5663 5614 5662
f 5675 5615 5663
f 5676 5616 5675
f 5678 5641 5618
f 5679 5642 5641
f 5680 5643 5642
f 5679 5641 5678
f 5677 5617 5676
f 5678 5618 5677
f 5637 5627 5647
f 5647 5628 5648
f 5648 5629 5650
f 5650 5630 5649
f 5649 5631 5651
f 5681 5635 5636
f 5682 5636 5637
f 5683 5637 5647
f 5674 5632 5671
f 5671 5635 5681
f 5681 5636 5682
f 5684 5647 5648
f 5685 5648 5650
f 5682 5637 5683
f 5683 5647 5684
f 5684 5648 5685
f 5686 5651 5646
f 5687 5649 5651
f 5688 5650 5649
f 5687 5651 5686
f 5651 5640 5646
f 5689 5645 5643
f 5690 5644 5645
f 5691 5646 5644
f 5680 5642 5679
f 5689 5643 5680
f 5690 5645 5689
f 5691 5644 5690
f 5686 5646 5691
f 5692 5668 5669
f 5693 5669 5672
f 5694 5658 5657
f 5695 5657 5659
f 5696 5652 5658
f 5697 5660 5656
f 5698 5661 5660
f 5699 5662 5661
f 5700 5659 5670
f 5701 5670 5668
f 5702 5663 5662
f 5703 5675 5663
f 5704 5676 5675
f 5694 5657 5695
f 5665 5652 5696
f 5667 5654 5666
f 5696 5658 5694
f 5697 5656 5667
f 5698 5660 5697
f 5695 5659 5700
f 5700 5670 5701
f 5701 5668 5692
f 5699 5661 5698
f 5703 5663 5702
f 5702 5662 5699
f 5705 5674 5671
f 5706 5672 5673
f 5707 5673 5674
f 5708 5671 5681
f 5709 5681 5682
f 5710 5682 5683
f 5692 5669 5693
f 5706 5673 5707
f 5693 5672 5706
f 5705 5671 5708
f 5708 5681 5709
f 5707 5674 5705
f 5711 5679 5678
f 5712 5677 5676
f 5713 5678 5677
f 5714 5680 5679
f 5715 5690 5689
f 5716 5689 5680
f 5704 5675 5703
f 5712 5676 5704
f 5713 5677 5712
f 5714 5679 5711
f 5716 5680 5714
f 5711 5678 5713
f 5717 5664 5665
f 5718 5666 5664
f 5719 5694 5695
f 5720 5696 5694
f 5721 5665 5696
f 5722 5667 5666
f 5723 5697 5667
f 5724 5698 5697
f 5717 5665 5721
f 5721 5696 5720
f 5722 5666 5718
f 5723 5667 5722
f 5725 5692 5693
f 5726 5693 5706
f 5727 5706 5707
f 5725 5693 5726
f 5728 5700 5701
f 5729 5695 5700
f 5730 5701 5692
f 5719 5695 5729
f 5729 5700 5728
f 5731 5699 5698
f 5732 5702 5699
f 5720 5694 5719
f 5724 5697 5723
f 5731 5698 5724
f 5728 5701 5730
f 5730 5692 5725
f 5733 5703 5702
f 5734 5704 5703
f 5735 5712 5704
f 5732 5699 5731
f 5733 5702 5732
f 5734 5703 5733
f 5736 5720 5719
f 5737 5721 5720
f 5738 5729 5728
f 5739 5728 5730
f 5740 5719 5729
f 5741 5723 5722
f 5742 5724 5723
f 5743 5731 5724
f 5737 5720 5736
f 5736 5719 5740
f 5740 5729 5738
f 5742 5723 5741
f 5718 5664 5717
f 5744 5717 5721
f 5745 5718 5717
f 5746 5722 5718
f 5745 5717 5744
f 5744 5721 5737
f 5746 5718 5745
f 5741 5722 5746
f 5747 5744 5737
f 5685 5650 5688
f 5688 5649 5687
f 5748 5683 5684
f 5749 5684 5685
f 5750 5685 5688
f 5751 5686 5691
f 5752 5687 5686
f 5753 5688 5687
f 5709 5682 5710
f 5710 5683 5748
f 5748 5684 5749
f 5749 5685 5750
f 5750 5688 5753
f 5752 5686 5751
f 5753 5687 5752
f 5754 5691 5690
f 5715 5689 5716
f 5754 5690 5715
f 5751 5691 5754
f 5755 5705 5708
f 5756 5708 5709
f 5757 5707 5705
f 5727 5707 5757
f 5726 5706 5727
f 5757 5705 5755
f 5758 5710 5748
f 5759 5709 5710
f 5760 5748 5749
f 5755 5708 5756
f 5756 5709 5759
f 5759 5710 5758
f 5761 5725 5726
f 5762 5727 5757
f 5763 5726 5727
f 5764 5757 5755
f 5765 5714 5711
f 5766 5713 5712
f 5767 5711 5713
f 5735 5704 5734
f 5766 5712 5735
f 5767 5713 5766
f 5768 5715 5716
f 5769 5716 5714
f 5770 5754 5715
f 5765 5711 5767
f 5769 5714 5765
f 5768 5716 5769
f 5771 5730 5725
f 5772 5732 5731
f 5773 5734 5733
f 5774 5733 5732
f 5775 5735 5734
f 5776 5766 5735
f 5777 5749 5750
f 5778 5750 5753
f 5758 5748 5760
f 5760 5749 5777
f 5777 5750 5778
f 5779 5751 5754
f 5780 5752 5751
f 5781 5753 5752
f 5780 5751 5779
f 5778 5753 5781
f 5781 5752 5780
f 5782 5755 5756
f 5783 5756 5759
f 5784 5759 5758
f 5785 5758 5760
f 5786 5760 5777
f 5787 5777 5778
f 5788 5779 5770
f 5770 5715 5768
f 5779 5754 5770
f 5789 5765 5767
f 5790 5769 5765
f 5791 5767 5766
f 5792 5768 5769
f 5793 5770 5768
f 5761 5726 5763
f 5763 5727 5762
f 5738 5728 5739
f 5739 5730 5771
f 5771 5725 5761
f 5743 5724 5742
f 5772 5731 5743
f 5794 5737 5736
f 5795 5740 5738
f 5796 5736 5740
f 5797 5738 5739
f 5798 5739 5771
f 5774 5732 5772
f 5773 5733 5774
f 5775 5734 5773
f 5799 5743 5742
f 5800 5772 5743
f 5794 5736 5796
f 5796 5740 5795
f 5795 5738 5797
f 5782 5756 5783
f 5762 5757 5764
f 5764 5755 5782
f 5801 5763 5762
f 5783 5759 5784
f 5784 5758 5785
f 5785 5760 5786
f 5802 5782 5783
f 5803 5762 5764
f 5804 5764 5782
f 5805 5763 5801
f 5801 5762 5803
f 5803 5764 5804
f 5789 5767 5791
f 5806 5771 5761
f 5805 5761 5763
f 5776 5735 5775
f 5791 5766 5776
f 5807 5774 5772
f 5808 5773 5774
f 5790 5765 5789
f 5793 5768 5792
f 5792 5769 5790
f 5809 5775 5773
f 5810 5776 5775
f 5811 5791 5776
f 5797 5739 5798
f 5798 5771 5806
f 5806 5761 5805
f 5800 5743 5799
f 5807 5772 5800
f 5808 5774 5807
f 5810 5775 5809
f 5809 5773 5808
f 5812 5745 5744
f 5813 5746 5745
f 5814 5741 5746
f 5815 5742 5741
f 5747 5737 5794
f 5812 5744 5747
f 5813 5745 5812
f 5814 5746 5813
f 5815 5741 5814
f 5799 5742 5815
f 5816 5778 5781
f 5817 5781 5780
f 5818 5780 5779
f 5786 5777 5787
f 5787 5778 5816
f 5816 5781 5817
f 5819 5783 5784
f 5820 5785 5786
f 5821 5784 5785
f 5817 5780 5818
f 5818 5779 5788
f 5822 5786 5787
f 5823 5787 5816
f 5824 5818 5788
f 5825 5788 5793
f 5802 5783 5819
f 5819 5784 5821
f 5804 5782 5802
f 5821 5785 5820
f 5820 5786 5822
f 5788 5770 5793
f 5826 5789 5791
f 5827 5792 5790
f 5828 5790 5789
f 5829 5793 5792
f 5811 5776 5810
f 5826 5791 5811
f 5828 5789 5826
f 5827 5790 5828
f 5829 5792 5827
f 5830 5816 5817
f 5831 5817 5818
f 5822 5787 5823
f 5823 5816 5830
f 5830 5817 5831
f 5825 5793 5829
f 5831 5818 5824
f 5824 5788 5825
f 5832 5796 5795
f 5833 5795 5797
f 5834 5806 5805
f 5835 5798 5806
f 5836 5798 5835
f 5836 5797 5798
f 5837 5800 5799
f 5832 5795 5833
f 5833 5797 5836
f 5838 5747 5794
f 5839 5812 5747
f 5840 5794 5796
f 5841 5813 5812
f 5842 5814 5813
f 5838 5794 5840
f 5839 5747 5838
f 5840 5796 5832
f 5841 5812 5839
f 5843 5815 5814
f 5844 5799 5815
f 5842 5813 5841
f 5843 5814 5842
f 5844 5815 5843
f 5845 5838 5840
f 5846 5839 5838
f 5847 5801 5803
f 5848 5802 5819
f 5849 5803 5804
f 5850 5804 5802
f 5851 5801 5847
f 5847 5803 5849
f 5849 5804 5850
f 5851 5805 5801
f 5835 5806 5834
f 5834 5805 5851
f 5852 5807 5800
f 5853 5808 5807
f 5854 5809 5808
f 5852 5800 5837
f 5855 5810 5809
f 5856 5811 5810
f 5853 5807 5852
f 5855 5809 5854
f 5854 5808 5853
f 5857 5832 5833
f 5858 5833 5836
f 5859 5834 5851
f 5860 5835 5834
f 5861 5836 5835
f 5862 5819 5821
f 5863 5821 5820
f 5864 5820 5822
f 5848 5819 5862
f 5862 5821 5863
f 5850 5802 5848
f 5865 5822 5823
f 5866 5823 5830
f 5863 5820 5864
f 5864 5822 5865
f 5867 5824 5825
f 5868 5825 5829
f 5869 5847 5849
f 5870 5848 5862
f 5871 5850 5848
f 5872 5849 5850
f 5873 5826 5811
f 5874 5827 5828
f 5875 5828 5826
f 5856 5810 5855
f 5873 5811 5856
f 5876 5829 5827
f 5875 5826 5873
f 5874 5828 5875
f 5876 5827 5874
f 5877 5851 5847
f 5878 5852 5837
f 5879 5853 5852
f 5880 5855 5854
f 5881 5854 5853
f 5882 5856 5855
f 5857 5833 5858
f 5858 5836 5861
f 5861 5835 5860
f 5869 5849 5872
f 5872 5850 5871
f 5860 5834 5859
f 5859 5851 5877
f 5877 5847 5869
f 5879 5852 5878
f 5881 5853 5879
f 5880 5854 5881
f 5883 5857 5858
f 5884 5858 5861
f 5885 5860 5859
f 5886 5861 5860
f 5883 5858 5884
f 5884 5861 5886
f 5837 5799 5844
f 5887 5840 5832
f 5888 5841 5839
f 5889 5842 5841
f 5890 5843 5842
f 5891 5844 5843
f 5892 5837 5844
f 5846 5838 5845
f 5887 5832 5857
f 5845 5840 5887
f 5888 5839 5846
f 5889 5841 5888
f 5890 5842 5889
f 5891 5843 5890
f 5893 5845 5887
f 5892 5844 5891
f 5878 5837 5892
f 5894 5887 5857
f 5895 5846 5845
f 5896 5888 5846
f 5897 5889 5888
f 5895 5845 5893
f 5893 5887 5894
f 5898 5890 5889
f 5899 5891 5890
f 5894 5857 5883
f 5896 5846 5895
f 5897 5888 5896
f 5898 5889 5897
f 5900 5830 5831
f 5901 5831 5824
f 5865 5823 5866
f 5866 5830 5900
f 5900 5831 5901
f 5901 5824 5867
f 5868 5829 5876
f 5867 5825 5868
f 5902 5862 5863
f 5903 5863 5864
f 5904 5864 5865
f 5905 5865 5866
f 5906 5866 5900
f 5907 5868 5876
f 5908 5874 5875
f 5909 5875 5873
f 5910 5873 5856
f 5911 5876 5874
f 5912 5900 5901
f 5913 5901 5867
f 5914 5867 5868
f 5870 5862 5902
f 5871 5848 5870
f 5903 5864 5904
f 5902 5863 5903
f 5904 5865 5905
f 5915 5869 5872
f 5916 5870 5902
f 5917 5872 5871
f 5918 5871 5870
f 5915 5872 5917
f 5882 5855 5880
f 5910 5856 5882
f 5909 5873 5910
f 5911 5874 5908
f 5908 5875 5909
f 5919 5877 5869
f 5920 5859 5877
f 5920 5877 5919
f 5885 5859 5920
f 5921 5878 5892
f 5922 5879 5878
f 5886 5860 5885
f 5919 5869 5915
f 5923 5881 5879
f 5924 5880 5881
f 5925 5882 5880
f 5922 5878 5921
f 5923 5879 5922
f 5905 5866 5906
f 5906 5900 5912
f 5912 5901 5913
f 5913 5867 5914
f 5907 5876 5911
f 5914 5868 5907
f 5926 5902 5903
f 5927 5903 5904
f 5916 5902 5926
f 5917 5871 5918
f 5918 5870 5916
f 5928 5904 5905
f 5929 5905 5906
f 5930 5906 5912
f 5926 5903 5927
f 5927 5904 5928
f 5928 5905 5929
f 5931 5907 5911
f 5932 5909 5910
f 5933 5910 5882
f 5924 5881 5923
f 5925 5880 5924
f 5933 5882 5925
f 5934 5908 5909
f 5935 5911 5908
f 5932 5910 5933
f 5934 5909 5932
f 5936 5892 5891
f 5899 5890 5898
f 5936 5891 5899
f 5921 5892 5936
f 5937 5912 5913
f 5938 5913 5914
f 5929 5906 5930
f 5930 5912 5937
f 5939 5914 5907
f 5931 5911 5935
f 5939 5907 5931
f 5937 5913 5938
f 5938 5914 5939
f 5935 5908 5934
f 5940 5884 5886
f 5941 5886 5885
f 5942 5884 5940
f 5943 5915 5917
f 5944 5917 5918
f 5945 5918 5916
f 5946 5885 5920
f 5947 5920 5919
f 5948 5919 5915
f 5949 5921 5936
f 5950 5922 5921
f 5951 5923 5922
f 5952 5924 5923
f 5946 5920 5947
f 5940 5886 5941
f 5941 5885 5946
f 5947 5919 5948
f 5948 5915 5943
f 5950 5921 5949
f 5953 5940 5941
f 5954 5893 5894
f 5955 5895 5893
f 5956 5894 5883
f 5942 5883 5884
f 5957 5896 5895
f 5958 5897 5896
f 5959 5898 5897
f 5960 5899 5898
f 5954 5894 5956
f 5955 5893 5954
f 5957 5895 5955
f 5956 5883 5942
f 5958 5896 5957
f 5961 5936 5899
f 5959 5897 5958
f 5960 5898 5959
f 5961 5899 5960
f 5949 5936 5961
f 5962 5954 5956
f 5963 5955 5954
f 5964 5956 5942
f 5965 5942 5940
f 5966 5957 5955
f 5967 5959 5958
f 5968 5958 5957
f 5962 5956 5964
f 5963 5954 5962
f 5966 5955 5963
f 5969 5916 5926
f 5970 5927 5928
f 5971 5926 5927
f 5972 5928 5929
f 5973 5929 5930
f 5944 5918 5945
f 5943 5917 5944
f 5945 5916 5969
f 5969 5926 5971
f 5971 5927 5970
f 5970 5928 5972
f 5974 5933 5925
f 5975 5932 5933
f 5976 5925 5924
f 5977 5934 5932
f 5978 5935 5934
f 5951 5922 5950
f 5952 5923 5951
f 5976 5924 5952
f 5975 5933 5974
f 5977 5932 5975
f 5974 5925 5976
f 5979 5930 5937
f 5980 5937 5938
f 5981 5938 5939
f 5982 5939 5931
f 5983 5931 5935
f 5972 5929 5973
f 5973 5930 5979
f 5979 5937 5980
f 5983 5935 5978
f 5980 5938 5981
f 5981 5939 5982
f 5982 5931 5983
f 5978 5934 5977
f 5984 5943 5944
f 5985 5944 5945
f 5986 5946 5947
f 5987 5947 5948
f 5988 5941 5946
f 5965 5940 5953
f 5953 5941 5988
f 5989 5948 5943
f 5986 5947 5987
f 5987 5948 5989
f 5990 5949 5961
f 5991 5950 5949
f 5992 5951 5950
f 5988 5946 5986
f 5993 5971 5970
f 5994 5945 5969
f 5995 5969 5971
f 5984 5944 5985
f 5985 5945 5994
f 5996 5970 5972
f 5997 5972 5973
f 5995 5971 5993
f 5993 5970 5996
f 5994 5969 5995
f 5998 5984 5985
f 5999 5974 5976
f 5989 5943 5984
f 6000 5952 5951
f 6001 5976 5952
f 5991 5949 5990
f 6000 5951 5992
f 5992 5950 5991
f 6002 5975 5974
f 6003 5977 5975
f 6002 5974 5999
f 6001 5952 6000
f 5999 5976 6001
f 6004 5953 5988
f 6005 5988 5986
f 6006 5986 5987
f 6007 5987 5989
f 6008 5989 5984
f 6009 5990 6010
f 6011 5991 5990
f 6012 5960 5959
f 6010 5961 5960
f 5964 5942 5965
f 5968 5957 5966
f 5967 5958 5968
f 6012 5959 5967
f 6010 5960 6012
f 5990 5961 6010
f 6013 5962 5964
f 6014 5964 5965
f 6015 5963 5962
f 6016 5966 5963
f 6017 5965 5953
f 6018 5968 5966
f 6019 5967 5968
f 6020 6012 5967
f 6021 6010 6012
f 6022 5973 5979
f 6023 5979 5980
f 6024 5980 5981
f 6025 5981 5982
f 5996 5972 5997
f 5997 5973 6022
f 6022 5979 6023
f 6026 5983 5978
f 6027 5982 5983
f 6023 5980 6024
f 6024 5981 6025
f 6025 5982 6027
f 6027 5983 6026
f 6026 5978 6028
f 6029 5985 5994
f 6030 5994 5995
f 6031 5995 5993
f 6032 5993 5996
f 6033 5997 6022
f 6034 5996 5997
f 6028 5978 5977
f 6003 5975 6002
f 6028 5977 6003
f 6035 5992 5991
f 6036 6000 5992
f 6037 5999 6001
f 6038 6002 5999
f 6039 6001 6000
f 6040 6022 6023
f 6041 6023 6024
f 6042 6027 6026
f 6043 6026 6028
f 6044 6024 6025
f 6045 6025 6027
f 6046 6003 6002
f 6047 6028 6003
f 6004 5988 6005
f 6017 5953 6004
f 6005 5986 6006
f 6015 5962 6013
f 6014 5965 6017
f 6013 5964 6014
f 6016 5963 6015
f 6018 5966 6016
f 6019 5968 6018
f 6020 5967 6019
f 5998 5985 6029
f 6029 5994 6030
f 6030 5995 6031
f 6031 5993 6032
f 6007 5989 6008
f 6006 5987 6007
f 6008 5984 5998
f 6009 6010 6021
f 6011 5990 6009
f 6036 5992 6035
f 6035 5991 6011
f 6039 6000 6036
f 6048 6006 6007
f 6049 6004 6005
f 6050 6017 6004
f 6051 6005 6006
f 6052 6020 6019
f 6053 6017 6050
f 6032 5996 6034
f 6033 6022 6040
f 6034 5997 6033
f 6040 6023 6041
f 6041 6024 6044
f 6044 6025 6045
f 6045 6027 6042
f 6043 6028 6047
f 6042 6026 6043
f 6054 5998 6029
f 6055 6029 6030
f 6056 6032 6034
f 6057 6030 6031
f 6058 6031 6032
f 6054 6029 6055
f 6055 6030 6057
f 6037 6001 6039
f 6038 5999 6037
f 6046 6002 6038
f 6047 6003 6046
f 6059 6008 5998
f 6060 6007 6008
f 6051 6006 6048
f 6048 6007 6060
f 6061 6021 6020
f 6062 6009 6021
f 6063 6011 6009
f 6064 6035 6011
f 6049 6005 6051
f 6050 6004 6049
f 6065 6018 6066
f 6052 6019 6065
f 6061 6020 6052
f 6067 6039 6036
f 6068 6037 6039
f 6060 6008 6059
f 6059 5998 6054
f 6069 6036 6035
f 6063 6009 6062
f 6062 6021 6061
f 6064 6011 6063
f 6070 6071 6053
f 6072 6053 6050
f 6073 6074 6071
f 6075 6076 6074
f 6021 6012 6020
f 6071 6013 6014
f 6074 6015 6013
f 6053 6014 6017
f 6076 6016 6015
f 6066 6018 6016
f 6065 6019 6018
f 6071 6014 6053
f 6074 6013 6071
f 6076 6015 6074
f 6066 6016 6076
f 6077 6034 6033
f 6078 6033 6040
f 6079 6040 6041
f 6080 6041 6044
f 6056 6034 6077
f 6077 6033 6078
f 6081 6047 6046
f 6082 6043 6047
f 6057 6031 6058
f 6058 6032 6056
f 6083 6044 6045
f 6084 6045 6042
f 6079 6041 6080
f 6078 6040 6079
f 6080 6044 6083
f 6085 6042 6043
f 6085 6043 6082
f 6082 6047 6081
f 6086 6038 6037
f 6087 6046 6038
f 6067 6036 6069
f 6068 6039 6067
f 6086 6037 6068
f 6069 6035 6064
f 6087 6038 6086
f 6081 6046 6087
f 6083 6045 6084
f 6084 6042 6085
f 6088 6054 6055
f 6089 6055 6057
f 6090 6057 6058
f 6091 6060 6059
f 6092 6048 6060
f 6093 6051 6048
f 6094 6050 6049
f 6095 6049 6051
f 6096 6066 6076
f 6097 6065 6066
f 6098 6052 6065
f 6099 6061 6052
f 6100 6059 6054
f 6101 6064 6063
f 6102 6069 6064
f 6103 6062 6061
f 6104 6063 6062
f 6073 6071 6070
f 6070 6053 6072
f 6075 6074 6073
f 6095 6051 6093
f 6091 6059 6100
f 6093 6048 6092
f 6092 6060 6091
f 6094 6049 6095
f 6072 6050 6094
f 6096 6076 6075
f 6097 6066 6096
f 6098 6065 6097
f 6099 6052 6098
f 6105 6077 6078
f 6106 6078 6079
f 6107 6079 6080
f 6108 6058 6056
f 6109 6056 6077
f 6110 6081 6087
f 6111 6080 6083
f 6112 6083 6084
f 6113 6084 6085
f 6114 6085 6082
f 6115 6082 6081
f 6088 6055 6089
f 6090 6058 6108
f 6108 6056 6109
f 6089 6057 6090
f 6105 6078 6106
f 6106 6079 6107
f 6107 6080 6111
f 6111 6083 6112
f 6109 6077 6105
f 6110 6087 6116
f 6115 6081 6110
f 6117 6089 6090
f 6117 6105 6106
f 6117 6108 6109
f 6117 6090 6108
f 6117 6109 6105
f 6118 6067 6069
f 6119 6068 6067
f 6116 6087 6086
f 6120 6086 6068
f 6100 6054 6088
f 6101 6063 6104
f 6102 6064 6101
f 6118 6069 6102
f 6117 6072 6094
f 6117 6092 6091
f 6117 6095 6093
f 6117 6094 6095
f 6117 6097 6096
f 6117 6093 6092
f 6117 6098 6097
f 6117 6099 6098
f 6103 6061 6099
f 6104 6062 6103
f 6117 6070 6072
f 6117 6073 6070
f 6117 6075 6073
f 6117 6096 6075
f 6119 6067 6118
f 6116 6086 6120
f 6120 6068 6119
f 6117 6100 6088
f 6117 6091 6100
f 6117 6088 6089
f 6117 6104 6103
f 6117 6103 6099
f 6117 6101 6104
f 6117 6102 6101
f 6117 6118 6102
f 6117 6119 6118
f 6117 6116 6120
f 6117 6120 6119
f 6112 6084 6113
f 6113 6085 6114
f 6114 6082 6115
f 6117 6106 6107
f 6117 6107 6111
f 6117 6111 6112
f 6117 6112 6113
f 6117 6115 6110
f 6117 6114 6115
f 6117 6113 6114
f 6117 6110 6116
