# sionna2 mesh — mini2__prop.obj
# group=prop  verts=6976  tris=13936
v 0.048317 0.084518 0.028558
v 0.044472 0.087811 0.028558
v 0.048953 0.085456 0.028558
v 0.049364 0.086513 0.028558
v 0.047488 0.083745 0.028558
v 0.046507 0.083176 0.028558
v 0.045425 0.082840 0.028558
v 0.044470 0.082809 0.028905
v 0.044295 0.082752 0.028558
v 0.044155 0.082804 0.028806
v 0.044057 0.082815 0.028773
v 0.043841 0.082837 0.028701
v 0.043426 0.082881 0.028558
v 0.043435 0.082982 0.028558
v 0.043509 0.083792 0.028558
v 0.043736 0.082848 0.028665
v 0.043526 0.082870 0.028593
v 0.048973 0.086616 0.031774
v 0.048594 0.085645 0.031774
v 0.048009 0.084782 0.031774
v 0.047246 0.084071 0.031774
v 0.045697 0.083014 0.029240
v 0.045672 0.083005 0.029234
v 0.045989 0.083113 0.029305
v 0.046024 0.083125 0.029313
v 0.045991 0.083114 0.029306
v 0.045614 0.082985 0.029220
v 0.045030 0.082873 0.029070
v 0.044782 0.082845 0.028999
v 0.045351 0.082909 0.029156
v 0.045091 0.082880 0.029088
v 0.045411 0.082915 0.029171
v 0.045398 0.082914 0.029168
v 0.044706 0.082836 0.028976
v 0.044402 0.082801 0.028884
v 0.044379 0.082799 0.028877
v 0.044296 0.082789 0.028851
v 0.046345 0.083547 0.031774
v 0.045971 0.083139 0.029549
v 0.045842 0.083099 0.029547
v 0.045833 0.083096 0.029547
v 0.045349 0.083237 0.031774
v 0.044902 0.082913 0.029470
v 0.044962 0.082919 0.029477
v 0.045706 0.083056 0.029542
v 0.045558 0.083009 0.029535
v 0.045529 0.083000 0.029534
v 0.045402 0.082959 0.029524
v 0.045264 0.082947 0.029512
v 0.045218 0.082943 0.029507
v 0.044309 0.083157 0.031774
v 0.043376 0.082961 0.029133
v 0.043407 0.082957 0.029142
v 0.043278 0.083310 0.031774
v 0.043190 0.082980 0.029070
v 0.043304 0.082969 0.029110
v 0.044656 0.082890 0.029435
v 0.044582 0.082883 0.029425
v 0.044348 0.082859 0.029381
v 0.044299 0.082854 0.029371
v 0.044261 0.082859 0.029364
v 0.044035 0.082886 0.029312
v 0.043621 0.082934 0.029209
v 0.043720 0.082923 0.029234
v 0.043941 0.082897 0.029291
v 0.047163 0.087097 0.033918
v 0.046936 0.086516 0.033918
v 0.046586 0.086000 0.033918
v 0.046130 0.085575 0.033918
v 0.045591 0.085262 0.033918
v 0.044996 0.085077 0.033918
v 0.044375 0.085028 0.033918
v 0.044472 0.087811 0.033918
v 0.043758 0.085120 0.033918
v 0.041180 0.083966 0.028558
v 0.042226 0.084133 0.028558
v 0.042093 0.083346 0.028558
v 0.040407 0.084795 0.028558
v 0.039837 0.085775 0.028558
v 0.039501 0.086858 0.028558
v 0.039413 0.087988 0.028558
v 0.039579 0.089109 0.028558
v 0.042489 0.083214 0.028777
v 0.042691 0.083149 0.028872
v 0.042198 0.083307 0.028621
v 0.042394 0.083245 0.028731
v 0.042790 0.083116 0.028913
v 0.042993 0.083047 0.028998
v 0.043097 0.083012 0.029036
v 0.042306 0.083688 0.031774
v 0.042109 0.083338 0.028570
v 0.042119 0.083332 0.028576
v 0.041443 0.084274 0.031774
v 0.040732 0.085036 0.031774
v 0.040208 0.085938 0.031774
v 0.039898 0.086934 0.031774
v 0.039818 0.087973 0.031774
v 0.039971 0.089005 0.031774
v 0.043177 0.085346 0.033918
v 0.042661 0.085696 0.033918
v 0.042236 0.086152 0.033918
v 0.041923 0.086691 0.033918
v 0.041738 0.087286 0.033918
v 0.041690 0.087908 0.033918
v 0.041781 0.088525 0.033918
v 0.049531 0.087634 0.028558
v 0.049443 0.088764 0.028558
v 0.049106 0.089846 0.028558
v 0.048537 0.090826 0.028558
v 0.047764 0.091655 0.028558
v 0.046717 0.091489 0.028558
v 0.045434 0.091829 0.028558
v 0.046850 0.092275 0.028558
v 0.049126 0.087648 0.031774
v 0.049045 0.088688 0.031774
v 0.048736 0.089683 0.031774
v 0.048212 0.090585 0.031774
v 0.047501 0.091348 0.031774
v 0.046638 0.091933 0.031774
v 0.046835 0.092284 0.028570
v 0.046825 0.092290 0.028576
v 0.046745 0.092315 0.028621
v 0.045666 0.092312 0.031774
v 0.046549 0.092376 0.028731
v 0.046455 0.092407 0.028777
v 0.046253 0.092473 0.028872
v 0.046154 0.092506 0.028913
v 0.045950 0.092574 0.028998
v 0.045847 0.092609 0.029036
v 0.045753 0.092641 0.029070
v 0.047254 0.087713 0.033918
v 0.047206 0.088335 0.033918
v 0.047021 0.088930 0.033918
v 0.046708 0.089469 0.033918
v 0.046283 0.089925 0.033918
v 0.045767 0.090275 0.033918
v 0.045186 0.090502 0.033918
v 0.044649 0.092869 0.028558
v 0.043519 0.092782 0.028558
v 0.045418 0.092751 0.028593
v 0.045518 0.092741 0.028558
v 0.045207 0.092773 0.028665
v 0.045508 0.092639 0.028558
v 0.045103 0.092784 0.028701
v 0.044887 0.092807 0.028773
v 0.044788 0.092817 0.028806
v 0.044474 0.092812 0.028905
v 0.042436 0.092445 0.028558
v 0.041456 0.091876 0.028558
v 0.040627 0.091103 0.028558
v 0.039991 0.090165 0.028558
v 0.044647 0.092833 0.028851
v 0.044565 0.092823 0.028877
v 0.044542 0.092820 0.028884
v 0.044237 0.092785 0.028976
v 0.044162 0.092776 0.028999
v 0.043853 0.092741 0.029088
v 0.043914 0.092748 0.029070
v 0.043593 0.092713 0.029156
v 0.043329 0.092636 0.029220
v 0.043533 0.092706 0.029171
v 0.043546 0.092707 0.029168
v 0.043271 0.092616 0.029234
v 0.042955 0.092509 0.029305
v 0.043246 0.092608 0.029240
v 0.042952 0.092508 0.029306
v 0.042919 0.092497 0.029313
v 0.045640 0.092653 0.029110
v 0.045567 0.092661 0.029133
v 0.044635 0.092465 0.031774
v 0.045536 0.092664 0.029142
v 0.045322 0.092687 0.029209
v 0.045224 0.092699 0.029234
v 0.045002 0.092724 0.029291
v 0.044909 0.092735 0.029312
v 0.044682 0.092763 0.029364
v 0.044645 0.092767 0.029371
v 0.044595 0.092762 0.029381
v 0.044361 0.092738 0.029425
v 0.043595 0.092384 0.031774
v 0.044288 0.092731 0.029435
v 0.044042 0.092708 0.029470
v 0.042599 0.092074 0.031774
v 0.043982 0.092702 0.029477
v 0.043726 0.092679 0.029507
v 0.043680 0.092675 0.029512
v 0.043542 0.092662 0.029524
v 0.043415 0.092622 0.029534
v 0.043386 0.092613 0.029535
v 0.043238 0.092566 0.029542
v 0.043110 0.092525 0.029547
v 0.042973 0.092482 0.029549
v 0.043102 0.092523 0.029547
v 0.041697 0.091551 0.031774
v 0.040935 0.090840 0.031774
v 0.040349 0.089977 0.031774
v 0.044569 0.090593 0.033918
v 0.043948 0.090545 0.033918
v 0.043352 0.090360 0.033918
v 0.042813 0.090047 0.033918
v 0.042357 0.089621 0.033918
v 0.042007 0.089106 0.033918
v 0.049259 0.099780 0.027525
v 0.048702 0.099928 0.027541
v 0.050087 0.102549 0.027226
v 0.049421 0.102726 0.027270
v 0.048373 0.097027 0.027840
v 0.047937 0.097142 0.027832
v 0.047503 0.097257 0.027963
v 0.049742 0.102640 0.027814
v 0.048962 0.099859 0.028011
v 0.048153 0.100074 0.027732
v 0.048771 0.102898 0.027518
v 0.047615 0.100216 0.027956
v 0.046832 0.091459 0.028113
v 0.047347 0.094310 0.028030
v 0.047702 0.094216 0.028055
v 0.047130 0.091379 0.028138
v 0.047493 0.094271 0.028352
v 0.046956 0.091425 0.028388
v 0.046529 0.091539 0.028187
v 0.046987 0.094406 0.028120
v 0.046231 0.091618 0.028281
v 0.045935 0.091696 0.028382
v 0.046633 0.094500 0.028232
v 0.047188 0.094352 0.028568
v 0.045640 0.091775 0.028486
v 0.046282 0.094593 0.028354
v 0.046863 0.094439 0.028750
v 0.048130 0.097091 0.028212
v 0.047076 0.097371 0.028120
v 0.049211 0.102781 0.028274
v 0.048510 0.099979 0.028385
v 0.047767 0.097187 0.028492
v 0.047378 0.097291 0.028731
v 0.048023 0.100108 0.028709
v 0.048637 0.102933 0.028677
v 0.050714 0.105371 0.027060
v 0.049983 0.105565 0.027121
v 0.050335 0.105471 0.027706
v 0.049273 0.105753 0.027403
v 0.051211 0.108228 0.027010
v 0.050807 0.108335 0.027682
v 0.050447 0.108430 0.027077
v 0.049704 0.108627 0.027371
v 0.050196 0.108497 0.028208
v 0.051678 0.111092 0.027002
v 0.051249 0.111206 0.027686
v 0.050890 0.111301 0.027070
v 0.052092 0.113971 0.027013
v 0.051295 0.114182 0.027083
v 0.052464 0.116861 0.027052
v 0.051649 0.114089 0.027698
v 0.052012 0.116981 0.027726
v 0.050614 0.111374 0.028220
v 0.049755 0.105625 0.028215
v 0.049129 0.105792 0.028662
v 0.049538 0.108672 0.028671
v 0.051001 0.114260 0.028231
v 0.046526 0.094528 0.028909
v 0.046182 0.094619 0.029050
v 0.046974 0.097398 0.028943
v 0.047516 0.100242 0.028999
v 0.048135 0.103067 0.027805
v 0.045932 0.094686 0.028477
v 0.045581 0.094779 0.028601
v 0.045230 0.094872 0.028724
v 0.046653 0.097483 0.028288
v 0.047083 0.100357 0.028192
v 0.047506 0.103234 0.028105
v 0.046551 0.100498 0.028431
v 0.046231 0.097595 0.028459
v 0.045809 0.097707 0.028629
v 0.045386 0.097819 0.028798
v 0.046020 0.100639 0.028670
v 0.046878 0.103400 0.028409
v 0.046250 0.103567 0.028712
v 0.048579 0.105937 0.027726
v 0.048977 0.108820 0.027706
v 0.047891 0.106120 0.028062
v 0.050124 0.111505 0.027368
v 0.051671 0.117071 0.027122
v 0.050520 0.114388 0.027382
v 0.050898 0.117276 0.027416
v 0.049374 0.111704 0.027708
v 0.048257 0.109011 0.028056
v 0.049759 0.114590 0.027721
v 0.050140 0.117477 0.027750
v 0.048629 0.111901 0.028061
v 0.049004 0.114790 0.028074
v 0.047204 0.106302 0.028403
v 0.047538 0.109202 0.028408
v 0.046518 0.106484 0.028742
v 0.046818 0.109393 0.028759
v 0.051363 0.117153 0.028250
v 0.049932 0.111555 0.028689
v 0.050308 0.114444 0.028699
v 0.050668 0.117337 0.028709
v 0.047886 0.112098 0.028418
v 0.049387 0.117677 0.028096
v 0.048251 0.114990 0.028429
v 0.047142 0.112296 0.028772
v 0.048635 0.117877 0.028444
v 0.047496 0.115190 0.028783
v 0.047881 0.118077 0.028789
v 0.045832 0.094712 0.029177
v 0.044879 0.094965 0.028843
v 0.044525 0.095059 0.028957
v 0.045479 0.094806 0.029291
v 0.045120 0.094901 0.029386
v 0.044397 0.095093 0.029548
v 0.044760 0.094997 0.029472
v 0.044171 0.095153 0.029068
v 0.043815 0.095247 0.029174
v 0.043457 0.095342 0.029272
v 0.044031 0.095190 0.029608
v 0.043664 0.095287 0.029659
v 0.043296 0.095385 0.029701
v 0.042650 0.092568 0.029373
v 0.043098 0.095438 0.029366
v 0.042738 0.095533 0.029453
v 0.042344 0.092649 0.029436
v 0.042804 0.092527 0.029557
v 0.042493 0.092610 0.029563
v 0.042182 0.092692 0.029561
v 0.042376 0.095629 0.029534
v 0.041871 0.092775 0.029550
v 0.046560 0.097508 0.029134
v 0.046996 0.100380 0.029263
v 0.044962 0.097932 0.028962
v 0.048040 0.103092 0.029041
v 0.047426 0.103255 0.029373
v 0.046140 0.097619 0.029307
v 0.045713 0.097732 0.029467
v 0.046466 0.100521 0.029506
v 0.045280 0.097847 0.029603
v 0.044843 0.097963 0.029727
v 0.045929 0.100663 0.029731
v 0.046800 0.103421 0.029681
v 0.045487 0.100781 0.028906
v 0.044536 0.098045 0.029121
v 0.044108 0.098158 0.029276
v 0.044953 0.100923 0.029137
v 0.045620 0.103734 0.029012
v 0.044988 0.103902 0.029306
v 0.043678 0.098272 0.029424
v 0.044416 0.101065 0.029361
v 0.043245 0.098387 0.029563
v 0.043876 0.101208 0.029579
v 0.042927 0.095483 0.029730
v 0.042558 0.095581 0.029749
v 0.042187 0.095679 0.029757
v 0.044403 0.098080 0.029840
v 0.043960 0.098198 0.029934
v 0.045382 0.100809 0.029926
v 0.044830 0.100955 0.030107
v 0.043514 0.098316 0.030017
v 0.043066 0.098435 0.030088
v 0.044273 0.101103 0.030274
v 0.046165 0.103590 0.029967
v 0.045516 0.103762 0.030220
v 0.043710 0.101252 0.030417
v 0.044861 0.103935 0.030455
v 0.042038 0.092730 0.029493
v 0.042013 0.095726 0.029609
v 0.041649 0.095822 0.029677
v 0.042811 0.098502 0.029696
v 0.043333 0.101352 0.029790
v 0.044352 0.104071 0.029591
v 0.041817 0.095777 0.029756
v 0.041447 0.095876 0.029743
v 0.042374 0.098618 0.029822
v 0.042616 0.098554 0.030145
v 0.042165 0.098674 0.030188
v 0.041936 0.098735 0.029940
v 0.041496 0.098851 0.030050
v 0.042787 0.101497 0.029988
v 0.041713 0.098794 0.030219
v 0.041260 0.098914 0.030239
v 0.042237 0.101643 0.030179
v 0.043713 0.104240 0.029869
v 0.043070 0.104411 0.030138
v 0.043144 0.101402 0.030545
v 0.042576 0.101553 0.030659
v 0.042004 0.101705 0.030755
v 0.044201 0.104111 0.030673
v 0.041053 0.098969 0.030153
v 0.040807 0.099034 0.030244
v 0.041685 0.101790 0.030361
v 0.041130 0.101937 0.030533
v 0.041429 0.101857 0.030833
v 0.040853 0.102010 0.030897
v 0.040572 0.102085 0.030694
v 0.040012 0.102233 0.030847
v 0.042422 0.104583 0.030393
v 0.041771 0.104755 0.030638
v 0.048476 0.105965 0.029066
v 0.048853 0.108853 0.029089
v 0.047805 0.106143 0.029437
v 0.047120 0.106324 0.029781
v 0.048149 0.109040 0.029473
v 0.045829 0.106667 0.029078
v 0.047432 0.109230 0.029829
v 0.049223 0.111744 0.029112
v 0.049587 0.114636 0.029121
v 0.049948 0.117528 0.029122
v 0.048495 0.111937 0.029500
v 0.048848 0.114832 0.029508
v 0.049210 0.117724 0.029501
v 0.046425 0.106509 0.030102
v 0.046704 0.109424 0.030161
v 0.045716 0.106697 0.030386
v 0.045961 0.109621 0.030455
v 0.047754 0.112134 0.029859
v 0.048096 0.115031 0.029865
v 0.047001 0.112333 0.030194
v 0.048459 0.117923 0.029851
v 0.046096 0.109585 0.029106
v 0.045138 0.106851 0.029406
v 0.044442 0.107035 0.029725
v 0.045372 0.109777 0.029446
v 0.046397 0.112494 0.029122
v 0.046740 0.115391 0.029131
v 0.047126 0.118277 0.029130
v 0.045647 0.112692 0.029465
v 0.044642 0.109970 0.029775
v 0.045980 0.115593 0.029472
v 0.044894 0.112892 0.029796
v 0.046367 0.118478 0.029463
v 0.045215 0.115796 0.029801
v 0.043742 0.107221 0.030036
v 0.044999 0.106887 0.030651
v 0.043910 0.110165 0.030096
v 0.043039 0.107407 0.030337
v 0.042330 0.107596 0.030623
v 0.043172 0.110360 0.030406
v 0.047333 0.115234 0.030199
v 0.047698 0.118125 0.030177
v 0.046234 0.112537 0.030490
v 0.046555 0.115440 0.030493
v 0.046922 0.118331 0.030464
v 0.044136 0.113093 0.030118
v 0.045604 0.118681 0.029784
v 0.044447 0.115999 0.030121
v 0.044837 0.118884 0.030096
v 0.043375 0.113295 0.030430
v 0.043674 0.116204 0.030430
v 0.044066 0.119089 0.030396
v 0.052823 0.119754 0.027130
v 0.052042 0.119961 0.027196
v 0.052365 0.119876 0.027784
v 0.051279 0.120164 0.027478
v 0.053156 0.122654 0.027226
v 0.052698 0.122776 0.027851
v 0.052398 0.122855 0.027287
v 0.053494 0.125553 0.027364
v 0.051655 0.123052 0.027552
v 0.052764 0.125747 0.027412
v 0.053036 0.125675 0.027951
v 0.050530 0.120362 0.027797
v 0.050924 0.123246 0.027853
v 0.052046 0.125937 0.027654
v 0.053800 0.128460 0.027507
v 0.053352 0.128579 0.028048
v 0.053110 0.128643 0.027544
v 0.051339 0.126125 0.027929
v 0.052429 0.128824 0.027760
v 0.054118 0.131365 0.027673
v 0.053472 0.131536 0.027695
v 0.053682 0.131480 0.028163
v 0.052831 0.131706 0.027881
v 0.051718 0.120047 0.028288
v 0.052063 0.122944 0.028329
v 0.052415 0.125839 0.028394
v 0.051029 0.120230 0.028729
v 0.049785 0.120560 0.028128
v 0.050198 0.123439 0.028166
v 0.051388 0.123123 0.028747
v 0.051757 0.126014 0.028779
v 0.052757 0.128737 0.028453
v 0.053115 0.131631 0.028523
v 0.051757 0.129002 0.028007
v 0.052198 0.131874 0.028095
v 0.052129 0.128904 0.028802
v 0.052519 0.131789 0.028831
v 0.049042 0.120757 0.028461
v 0.049473 0.123631 0.028479
v 0.050635 0.126311 0.028213
v 0.048297 0.120955 0.028791
v 0.048746 0.123824 0.028789
v 0.049932 0.126498 0.028499
v 0.051088 0.129180 0.028262
v 0.051568 0.132041 0.028316
v 0.049228 0.126685 0.028781
v 0.050419 0.129357 0.028518
v 0.050937 0.132208 0.028537
v 0.049749 0.129535 0.028770
v 0.050306 0.132376 0.028755
v 0.054431 0.134270 0.027828
v 0.053837 0.134428 0.027838
v 0.054015 0.134380 0.028265
v 0.053244 0.134585 0.027995
v 0.054716 0.137183 0.028019
v 0.054185 0.137324 0.028012
v 0.054328 0.137286 0.028391
v 0.055001 0.140096 0.028177
v 0.054650 0.140189 0.028485
v 0.053485 0.134521 0.028580
v 0.052930 0.134668 0.028848
v 0.053843 0.137414 0.028652
v 0.054539 0.140218 0.028158
v 0.052657 0.134741 0.028177
v 0.052073 0.134896 0.028366
v 0.053652 0.137465 0.028133
v 0.053124 0.137605 0.028276
v 0.054073 0.140342 0.028249
v 0.051488 0.135051 0.028554
v 0.053340 0.137548 0.028870
v 0.054221 0.140303 0.028695
v 0.052597 0.137745 0.028424
v 0.053610 0.140465 0.028357
v 0.052069 0.137885 0.028571
v 0.053148 0.140587 0.028470
v 0.050902 0.135206 0.028739
v 0.051541 0.138025 0.028715
v 0.052686 0.140710 0.028583
v 0.055232 0.143023 0.028268
v 0.054854 0.143123 0.028252
v 0.054472 0.143225 0.028323
v 0.055307 0.143999 0.028296
v 0.054959 0.144092 0.028282
v 0.054940 0.143100 0.028515
v 0.054587 0.143194 0.028682
v 0.054092 0.143325 0.028409
v 0.053714 0.143426 0.028498
v 0.055037 0.144071 0.028522
v 0.055257 0.145009 0.028342
v 0.054963 0.145087 0.028329
v 0.055028 0.145070 0.028531
v 0.054711 0.144157 0.028675
v 0.054607 0.144185 0.028347
v 0.054257 0.144278 0.028425
v 0.053908 0.144370 0.028506
v 0.054665 0.145166 0.028384
v 0.054771 0.146134 0.028443
v 0.054646 0.146167 0.028546
v 0.054611 0.146176 0.028436
v 0.054369 0.145244 0.028449
v 0.054450 0.146219 0.028466
v 0.054374 0.144247 0.028800
v 0.054751 0.145143 0.028659
v 0.054496 0.146207 0.028614
v 0.054466 0.145218 0.028764
v 0.054341 0.146248 0.028671
v 0.052223 0.140833 0.028692
v 0.053335 0.143526 0.028585
v 0.052955 0.143627 0.028671
v 0.051759 0.140956 0.028797
v 0.054073 0.145323 0.028516
v 0.054289 0.146262 0.028501
v 0.053559 0.144463 0.028585
v 0.053209 0.144556 0.028663
v 0.053777 0.145401 0.028583
v 0.054128 0.146304 0.028537
v 0.053343 0.146513 0.028734
v 0.054183 0.146290 0.028719
v 0.053967 0.146347 0.028573
v 0.053481 0.145480 0.028648
v 0.053807 0.146390 0.028607
v 0.053185 0.145559 0.028710
v 0.052575 0.143728 0.028753
v 0.052859 0.144649 0.028738
v 0.053645 0.146432 0.028641
v 0.053484 0.146475 0.028672
v 0.052887 0.145637 0.028768
v 0.053322 0.146518 0.028700
v 0.053159 0.146561 0.028726
v 0.052589 0.145717 0.028821
v 0.050315 0.120419 0.029126
v 0.050690 0.123308 0.029121
v 0.051079 0.126194 0.029123
v 0.049584 0.120613 0.029488
v 0.049977 0.123498 0.029463
v 0.051482 0.129075 0.029112
v 0.047550 0.121153 0.029116
v 0.050387 0.126377 0.029436
v 0.049252 0.123690 0.029777
v 0.048017 0.124018 0.029095
v 0.046799 0.121352 0.029433
v 0.047285 0.124212 0.029392
v 0.048522 0.126872 0.029059
v 0.046045 0.121553 0.029738
v 0.046549 0.124407 0.029677
v 0.047813 0.127060 0.029328
v 0.051908 0.131951 0.029103
v 0.050823 0.129250 0.029393
v 0.049684 0.126564 0.029721
v 0.051285 0.132116 0.029347
v 0.050154 0.129428 0.029649
v 0.050655 0.132283 0.029568
v 0.049077 0.129713 0.029018
v 0.049673 0.132544 0.028969
v 0.048403 0.129892 0.029258
v 0.049037 0.132713 0.029174
v 0.048841 0.120810 0.029822
v 0.048088 0.121010 0.030132
v 0.048517 0.123885 0.030068
v 0.048973 0.126752 0.029985
v 0.047322 0.121213 0.030405
v 0.047771 0.124083 0.030323
v 0.048251 0.126944 0.030215
v 0.047018 0.124283 0.030558
v 0.047524 0.127137 0.030425
v 0.049478 0.129607 0.029884
v 0.050018 0.132452 0.029770
v 0.048792 0.129789 0.030086
v 0.049373 0.132623 0.029941
v 0.048102 0.129972 0.030270
v 0.048724 0.132796 0.030095
v 0.052361 0.134819 0.029083
v 0.051783 0.134973 0.029291
v 0.052825 0.137685 0.029058
v 0.053777 0.140420 0.028869
v 0.052303 0.137823 0.029224
v 0.053324 0.140541 0.029016
v 0.052866 0.140662 0.029144
v 0.051198 0.135128 0.029479
v 0.050315 0.135362 0.028920
v 0.049726 0.135518 0.029093
v 0.051012 0.138166 0.028855
v 0.050482 0.138306 0.028988
v 0.050608 0.135284 0.029649
v 0.051775 0.137963 0.029370
v 0.052404 0.140785 0.029255
v 0.051244 0.138104 0.029501
v 0.050708 0.138246 0.029607
v 0.051938 0.140908 0.029353
v 0.051469 0.141033 0.029429
v 0.054222 0.143291 0.028819
v 0.053850 0.143390 0.028936
v 0.053474 0.143489 0.029036
v 0.054032 0.144338 0.028906
v 0.054176 0.145295 0.028853
v 0.053095 0.143590 0.029123
v 0.051294 0.141079 0.028897
v 0.052194 0.143829 0.028830
v 0.053685 0.144430 0.028997
v 0.054024 0.146332 0.028759
v 0.053883 0.145373 0.028929
v 0.053863 0.146375 0.028795
v 0.053587 0.145452 0.028995
v 0.053701 0.146418 0.028825
v 0.053336 0.144522 0.029076
v 0.052984 0.144616 0.029145
v 0.053289 0.145531 0.029052
v 0.052507 0.144742 0.028807
v 0.051811 0.143931 0.028900
v 0.053538 0.146461 0.028849
v 0.053375 0.146504 0.028867
v 0.053211 0.146548 0.028883
v 0.052989 0.145610 0.029096
v 0.052155 0.144836 0.028871
v 0.052997 0.146605 0.028749
v 0.052833 0.146648 0.028769
v 0.052290 0.145796 0.028870
v 0.053047 0.146591 0.028891
v 0.052670 0.146691 0.028786
v 0.052506 0.146735 0.028800
v 0.051990 0.145875 0.028914
v 0.052883 0.146635 0.028896
v 0.052719 0.146678 0.028897
v 0.052554 0.146722 0.028893
v 0.052714 0.143691 0.029198
v 0.052630 0.144709 0.029198
v 0.052689 0.145690 0.029132
v 0.052387 0.145770 0.029160
v 0.052329 0.143793 0.029257
v 0.051944 0.143895 0.029305
v 0.052275 0.144804 0.029241
v 0.050011 0.135443 0.029791
v 0.049411 0.135602 0.029917
v 0.047100 0.127250 0.029586
v 0.047725 0.130072 0.029486
v 0.048399 0.132882 0.029369
v 0.047045 0.130253 0.029707
v 0.047758 0.133052 0.029556
v 0.045286 0.121754 0.030034
v 0.045810 0.124603 0.029954
v 0.045066 0.124801 0.030219
v 0.046384 0.127440 0.029835
v 0.044524 0.121956 0.030319
v 0.043756 0.122160 0.030586
v 0.044318 0.124999 0.030467
v 0.045664 0.127630 0.030073
v 0.046361 0.130434 0.029916
v 0.048072 0.132969 0.030234
v 0.047408 0.130156 0.030437
v 0.047415 0.133143 0.030346
v 0.046707 0.130342 0.030577
v 0.047114 0.133223 0.029733
v 0.045673 0.130617 0.030110
v 0.046467 0.133394 0.029896
v 0.044940 0.127823 0.030294
v 0.044213 0.128016 0.030505
v 0.046756 0.133318 0.030441
v 0.044982 0.130800 0.030294
v 0.045818 0.133567 0.030048
v 0.044289 0.130984 0.030466
v 0.045166 0.133740 0.030189
v 0.043593 0.131169 0.030624
v 0.044512 0.133913 0.030318
v 0.049135 0.135675 0.029256
v 0.049949 0.138448 0.029112
v 0.049415 0.138589 0.029230
v 0.050828 0.141203 0.028988
v 0.048541 0.135833 0.029412
v 0.047945 0.135991 0.029558
v 0.048879 0.138732 0.029338
v 0.050360 0.141327 0.029074
v 0.048341 0.138874 0.029435
v 0.049892 0.141451 0.029151
v 0.047346 0.136150 0.029691
v 0.047801 0.139018 0.029523
v 0.049421 0.141576 0.029218
v 0.046746 0.136309 0.029814
v 0.047261 0.139161 0.029602
v 0.048950 0.141701 0.029278
v 0.048478 0.141826 0.029329
v 0.046718 0.139305 0.029670
v 0.051428 0.144032 0.028966
v 0.051044 0.144134 0.029025
v 0.050658 0.144236 0.029075
v 0.051802 0.144929 0.028930
v 0.052342 0.146778 0.028811
v 0.052390 0.146765 0.028884
v 0.052178 0.146822 0.028819
v 0.051690 0.145955 0.028951
v 0.052226 0.146809 0.028872
v 0.052014 0.146865 0.028824
v 0.052063 0.146852 0.028855
v 0.051900 0.146896 0.028833
v 0.051389 0.146035 0.028983
v 0.051448 0.145023 0.028983
v 0.051087 0.146115 0.029011
v 0.050785 0.146195 0.029032
v 0.052085 0.145850 0.029177
v 0.051783 0.145931 0.029187
v 0.051480 0.146011 0.029189
v 0.051177 0.146091 0.029183
v 0.050483 0.146275 0.029047
v 0.050180 0.146356 0.029057
v 0.050272 0.146331 0.029114
v 0.049972 0.146411 0.029075
v 0.051093 0.145117 0.029028
v 0.050272 0.144339 0.029119
v 0.050737 0.145212 0.029068
v 0.050875 0.146171 0.029167
v 0.050573 0.146251 0.029144
v 0.050381 0.145306 0.029101
v 0.050999 0.141158 0.029492
v 0.050527 0.141283 0.029544
v 0.050169 0.138389 0.029698
v 0.051557 0.143998 0.029343
v 0.051169 0.144101 0.029368
v 0.050053 0.141409 0.029578
v 0.050781 0.144204 0.029382
v 0.050393 0.144307 0.029387
v 0.049579 0.141534 0.029600
v 0.051919 0.144898 0.029275
v 0.051562 0.144993 0.029297
v 0.051204 0.145088 0.029309
v 0.050847 0.145183 0.029312
v 0.050489 0.145278 0.029306
v 0.049886 0.144442 0.029157
v 0.049498 0.144544 0.029187
v 0.050024 0.145401 0.029127
v 0.049667 0.145496 0.029147
v 0.049309 0.145591 0.029159
v 0.049110 0.144647 0.029209
v 0.049064 0.145656 0.029182
v 0.049419 0.145562 0.029227
v 0.050004 0.144410 0.029381
v 0.049104 0.141660 0.029611
v 0.049616 0.144513 0.029363
v 0.048629 0.141786 0.029608
v 0.048005 0.141952 0.029372
v 0.047531 0.142078 0.029405
v 0.048155 0.141912 0.029590
v 0.049229 0.144616 0.029335
v 0.048842 0.144718 0.029298
v 0.047681 0.142038 0.029561
v 0.050132 0.145372 0.029288
v 0.049775 0.145467 0.029262
v 0.048722 0.144750 0.029224
v 0.048457 0.144821 0.029250
v 0.048809 0.135762 0.030028
v 0.049628 0.138533 0.029776
v 0.049085 0.138677 0.029834
v 0.048202 0.135923 0.030116
v 0.048540 0.138821 0.029877
v 0.047995 0.138966 0.029908
v 0.047594 0.136084 0.030188
v 0.046143 0.136469 0.029927
v 0.046903 0.139256 0.029921
v 0.047449 0.139111 0.029923
v 0.046984 0.136246 0.030246
v 0.046095 0.133493 0.030521
v 0.046373 0.136408 0.030287
v 0.046175 0.139449 0.029728
v 0.047057 0.142203 0.029429
v 0.046736 0.142289 0.029466
v 0.047208 0.142163 0.029520
v 0.045631 0.139593 0.029776
v 0.045268 0.139690 0.029832
v 0.045539 0.136629 0.030029
v 0.046357 0.139401 0.029906
v 0.045812 0.139545 0.029877
v 0.044932 0.136790 0.030119
v 0.044325 0.136951 0.030197
v 0.044536 0.136895 0.030305
v 0.045761 0.136570 0.030308
v 0.045431 0.133669 0.030582
v 0.043856 0.134087 0.030434
v 0.045149 0.136733 0.030314
v 0.044767 0.133846 0.030622
v 0.044101 0.134022 0.030645
v 0.043924 0.137058 0.030278
v 0.043198 0.134262 0.030538
v 0.042770 0.134375 0.030639
v 0.043436 0.134199 0.030651
v 0.043532 0.104288 0.030863
v 0.042860 0.104466 0.031036
v 0.040276 0.102163 0.030944
v 0.039697 0.102317 0.030975
v 0.042183 0.104646 0.031192
v 0.041116 0.104929 0.030873
v 0.041502 0.104827 0.031326
v 0.040818 0.105008 0.031440
v 0.044277 0.107079 0.030899
v 0.043545 0.107273 0.031114
v 0.045210 0.109820 0.030729
v 0.044454 0.110020 0.030984
v 0.042808 0.107469 0.031312
v 0.042067 0.107665 0.031491
v 0.043688 0.110224 0.031207
v 0.042917 0.110428 0.031410
v 0.045459 0.112742 0.030765
v 0.045771 0.115648 0.030766
v 0.044679 0.112949 0.031021
v 0.046140 0.118539 0.030730
v 0.044980 0.115858 0.031020
v 0.045351 0.118748 0.030977
v 0.043889 0.113159 0.031243
v 0.044179 0.116070 0.031241
v 0.040457 0.105104 0.031096
v 0.040131 0.105190 0.031535
v 0.039794 0.105280 0.031307
v 0.039442 0.105373 0.031613
v 0.039129 0.105456 0.031506
v 0.038751 0.105557 0.031670
v 0.041617 0.107785 0.030898
v 0.042429 0.110558 0.030700
v 0.041682 0.110756 0.030983
v 0.040900 0.107975 0.031162
v 0.040178 0.108166 0.031412
v 0.040931 0.110955 0.031254
v 0.042607 0.113499 0.030724
v 0.041835 0.113704 0.031008
v 0.042896 0.116411 0.030722
v 0.043094 0.113370 0.031446
v 0.044553 0.118960 0.031192
v 0.043374 0.116284 0.031441
v 0.043751 0.119172 0.031385
v 0.043289 0.119295 0.030680
v 0.042113 0.116619 0.031002
v 0.042508 0.119502 0.030951
v 0.041059 0.113910 0.031278
v 0.041326 0.116827 0.031269
v 0.041723 0.119711 0.031210
v 0.041321 0.107863 0.031647
v 0.040571 0.108062 0.031779
v 0.039817 0.108262 0.031892
v 0.042141 0.110634 0.031594
v 0.041361 0.110841 0.031754
v 0.039452 0.108359 0.031649
v 0.039062 0.108463 0.031986
v 0.038723 0.108553 0.031874
v 0.040175 0.111156 0.031511
v 0.039415 0.111358 0.031754
v 0.038304 0.108664 0.032056
v 0.040576 0.111049 0.031890
v 0.039788 0.111258 0.032005
v 0.038998 0.111468 0.032100
v 0.042294 0.113582 0.031629
v 0.041489 0.113796 0.031788
v 0.042565 0.116499 0.031621
v 0.041750 0.116715 0.031777
v 0.040278 0.114117 0.031535
v 0.042945 0.119386 0.031559
v 0.042134 0.119602 0.031709
v 0.040681 0.114010 0.031921
v 0.039869 0.114225 0.032034
v 0.040932 0.116932 0.031908
v 0.041319 0.119818 0.031834
v 0.038650 0.111560 0.031984
v 0.038205 0.111678 0.032171
v 0.039493 0.114325 0.031776
v 0.040535 0.117037 0.031521
v 0.040934 0.119920 0.031454
v 0.039739 0.117249 0.031759
v 0.040140 0.120131 0.031683
v 0.039055 0.114442 0.032125
v 0.040110 0.117150 0.032017
v 0.038705 0.114534 0.032004
v 0.038239 0.114658 0.032192
v 0.039287 0.117369 0.032105
v 0.040501 0.120035 0.031938
v 0.039681 0.120253 0.032020
v 0.038940 0.117461 0.031982
v 0.038461 0.117588 0.032169
v 0.039343 0.120342 0.031898
v 0.038859 0.120471 0.032079
v 0.046550 0.121419 0.030658
v 0.045771 0.121625 0.030891
v 0.046261 0.124484 0.030774
v 0.046792 0.127331 0.030617
v 0.045495 0.124687 0.030960
v 0.046053 0.127527 0.030779
v 0.044985 0.121834 0.031092
v 0.044193 0.122044 0.031273
v 0.044725 0.124891 0.031125
v 0.042985 0.122364 0.030842
v 0.043566 0.125199 0.030704
v 0.045311 0.127724 0.030922
v 0.043952 0.125096 0.031273
v 0.044565 0.127922 0.031048
v 0.046004 0.130529 0.030698
v 0.045298 0.130716 0.030803
v 0.043817 0.128121 0.031152
v 0.044590 0.130904 0.030887
v 0.043398 0.122255 0.031434
v 0.042599 0.122467 0.031572
v 0.043175 0.125302 0.031397
v 0.042209 0.122570 0.031085
v 0.042810 0.125399 0.030929
v 0.041429 0.122777 0.031314
v 0.043482 0.128209 0.030703
v 0.042051 0.125601 0.031139
v 0.042748 0.128404 0.030888
v 0.041288 0.125803 0.031335
v 0.040521 0.126007 0.031517
v 0.042011 0.128600 0.031059
v 0.043879 0.131093 0.030948
v 0.042893 0.131354 0.030770
v 0.043168 0.131281 0.030993
v 0.043065 0.128320 0.031232
v 0.042312 0.128520 0.031294
v 0.042192 0.131540 0.030902
v 0.042455 0.131470 0.031018
v 0.041742 0.131660 0.031024
v 0.041271 0.128796 0.031216
v 0.041558 0.128720 0.031335
v 0.040803 0.128920 0.031356
v 0.041796 0.122680 0.031685
v 0.042395 0.125509 0.031497
v 0.040646 0.122985 0.031527
v 0.041613 0.125717 0.031577
v 0.040991 0.122893 0.031778
v 0.039859 0.123194 0.031727
v 0.040829 0.125925 0.031637
v 0.040183 0.123108 0.031849
v 0.040043 0.126133 0.031675
v 0.039374 0.123322 0.031897
v 0.042207 0.033333 0.029466
v 0.041887 0.033418 0.029429
v 0.043676 0.035932 0.029832
v 0.041412 0.033544 0.029405
v 0.043313 0.036028 0.029776
v 0.040222 0.030871 0.029224
v 0.040487 0.030801 0.029250
v 0.041736 0.033458 0.029520
v 0.040102 0.030903 0.029298
v 0.039833 0.030974 0.029209
v 0.041263 0.033584 0.029561
v 0.040939 0.033669 0.029372
v 0.042769 0.036172 0.029728
v 0.042225 0.036317 0.029670
v 0.043132 0.036076 0.029877
v 0.042586 0.036221 0.029906
v 0.042041 0.036366 0.029921
v 0.040789 0.033709 0.029590
v 0.045019 0.038564 0.030278
v 0.044619 0.038670 0.030197
v 0.044407 0.038726 0.030305
v 0.046174 0.041246 0.030639
v 0.045508 0.041423 0.030651
v 0.044011 0.038831 0.030119
v 0.045746 0.041359 0.030538
v 0.045088 0.041534 0.030434
v 0.043405 0.038992 0.030029
v 0.041683 0.036460 0.029602
v 0.042801 0.039152 0.029927
v 0.042198 0.039312 0.029814
v 0.043777 0.041882 0.030189
v 0.043126 0.042055 0.030048
v 0.043795 0.038889 0.030314
v 0.043183 0.039051 0.030308
v 0.042571 0.039213 0.030287
v 0.041494 0.036510 0.029923
v 0.044842 0.041599 0.030645
v 0.044177 0.041776 0.030622
v 0.044431 0.041708 0.030318
v 0.043512 0.041952 0.030582
v 0.038972 0.029210 0.029075
v 0.039880 0.029966 0.029182
v 0.039525 0.030060 0.029227
v 0.038764 0.029266 0.029057
v 0.039634 0.030031 0.029159
v 0.038672 0.029290 0.029114
v 0.039277 0.030126 0.029147
v 0.038920 0.030220 0.029127
v 0.038461 0.029346 0.029047
v 0.038159 0.029426 0.029032
v 0.036930 0.028756 0.028824
v 0.037044 0.028726 0.028833
v 0.037857 0.029506 0.029011
v 0.038563 0.030315 0.029101
v 0.039446 0.031077 0.029187
v 0.039058 0.031180 0.029157
v 0.038207 0.030410 0.029068
v 0.038671 0.031282 0.029119
v 0.038285 0.031385 0.029075
v 0.039994 0.033920 0.029278
v 0.039715 0.031006 0.029335
v 0.039169 0.030154 0.029262
v 0.039327 0.031108 0.029363
v 0.038371 0.029370 0.029144
v 0.038812 0.030249 0.029288
v 0.038069 0.029450 0.029167
v 0.038455 0.030344 0.029306
v 0.038939 0.031211 0.029381
v 0.038551 0.031314 0.029387
v 0.040466 0.033795 0.029329
v 0.040314 0.033835 0.029608
v 0.039522 0.034045 0.029218
v 0.041142 0.036604 0.029523
v 0.039052 0.034170 0.029151
v 0.040603 0.036747 0.029435
v 0.039839 0.033961 0.029611
v 0.039365 0.034087 0.029600
v 0.036881 0.028769 0.028855
v 0.036766 0.028800 0.028819
v 0.036602 0.028843 0.028811
v 0.036274 0.028930 0.028786
v 0.037555 0.029586 0.028983
v 0.036717 0.028812 0.028872
v 0.036438 0.028887 0.028800
v 0.036553 0.028856 0.028884
v 0.037254 0.029666 0.028951
v 0.037851 0.030504 0.029028
v 0.036954 0.029746 0.028914
v 0.037496 0.030598 0.028983
v 0.037766 0.029530 0.029183
v 0.036389 0.028899 0.028893
v 0.037464 0.029611 0.029189
v 0.037900 0.031487 0.029025
v 0.036110 0.028974 0.028769
v 0.036654 0.029825 0.028870
v 0.037142 0.030692 0.028930
v 0.035601 0.029109 0.028734
v 0.035947 0.029017 0.028749
v 0.035784 0.029060 0.028726
v 0.036355 0.029905 0.028821
v 0.036789 0.030786 0.028871
v 0.037516 0.031589 0.028966
v 0.037133 0.031691 0.028900
v 0.036437 0.030879 0.028807
v 0.036225 0.028943 0.028897
v 0.037161 0.029691 0.029187
v 0.036061 0.028987 0.028896
v 0.036859 0.029771 0.029177
v 0.035896 0.029030 0.028891
v 0.036556 0.029851 0.029160
v 0.038583 0.034294 0.029074
v 0.038116 0.034418 0.028988
v 0.039529 0.037032 0.029230
v 0.036750 0.031792 0.028830
v 0.037649 0.034542 0.028897
v 0.038995 0.037174 0.029112
v 0.038097 0.030439 0.029312
v 0.037740 0.030534 0.029309
v 0.037382 0.030628 0.029297
v 0.038163 0.031418 0.029382
v 0.037774 0.031521 0.029368
v 0.037025 0.030723 0.029275
v 0.036669 0.030818 0.029241
v 0.036255 0.029931 0.029132
v 0.037387 0.031623 0.029343
v 0.037000 0.031726 0.029305
v 0.040065 0.036890 0.029338
v 0.038891 0.034213 0.029578
v 0.038417 0.034338 0.029544
v 0.037945 0.034464 0.029492
v 0.037474 0.034589 0.029429
v 0.038775 0.037232 0.029698
v 0.038236 0.037375 0.029607
v 0.041597 0.039472 0.029691
v 0.040999 0.039631 0.029558
v 0.040403 0.039789 0.029412
v 0.041829 0.042399 0.029733
v 0.038462 0.037315 0.028988
v 0.039809 0.039946 0.029256
v 0.039218 0.040103 0.029093
v 0.041186 0.042569 0.029556
v 0.040545 0.042739 0.029369
v 0.039907 0.042909 0.029174
v 0.040949 0.036655 0.029908
v 0.040403 0.036800 0.029877
v 0.039859 0.036944 0.029834
v 0.039316 0.037089 0.029776
v 0.041960 0.039376 0.030246
v 0.041350 0.039537 0.030188
v 0.040742 0.039699 0.030116
v 0.042476 0.042227 0.029896
v 0.042849 0.042128 0.030521
v 0.042188 0.042304 0.030441
v 0.041528 0.042479 0.030346
v 0.040135 0.039860 0.030028
v 0.039532 0.040020 0.029917
v 0.038932 0.040179 0.029791
v 0.040219 0.042826 0.030095
v 0.039570 0.042998 0.029941
v 0.040872 0.042653 0.030234
v 0.045351 0.044453 0.030624
v 0.044655 0.044638 0.030466
v 0.043961 0.044821 0.030294
v 0.041899 0.045369 0.029707
v 0.041219 0.045549 0.029486
v 0.040541 0.045729 0.029258
v 0.041844 0.048372 0.029586
v 0.041131 0.048561 0.029328
v 0.042395 0.051214 0.029677
v 0.042583 0.045187 0.029916
v 0.043271 0.045005 0.030110
v 0.043279 0.047991 0.030073
v 0.044731 0.047606 0.030505
v 0.044004 0.047799 0.030294
v 0.042236 0.045279 0.030577
v 0.044626 0.050622 0.030467
v 0.042560 0.048182 0.029835
v 0.043134 0.051018 0.029954
v 0.041536 0.045465 0.030437
v 0.040842 0.045649 0.030270
v 0.040151 0.045832 0.030086
v 0.041420 0.048484 0.030425
v 0.043877 0.050821 0.030219
v 0.045188 0.053462 0.030586
v 0.044420 0.053665 0.030319
v 0.043657 0.053868 0.030034
v 0.042899 0.054069 0.029738
v 0.044106 0.056737 0.030096
v 0.043339 0.056941 0.029784
v 0.044877 0.056533 0.030396
v 0.035622 0.029103 0.028700
v 0.035460 0.029146 0.028672
v 0.036057 0.029984 0.028768
v 0.035298 0.029189 0.028641
v 0.035759 0.030063 0.028710
v 0.035137 0.029232 0.028607
v 0.035462 0.030142 0.028648
v 0.036085 0.030973 0.028738
v 0.035735 0.031065 0.028663
v 0.036369 0.031893 0.028753
v 0.035989 0.031994 0.028671
v 0.034655 0.029360 0.028501
v 0.034494 0.029402 0.028466
v 0.034575 0.030377 0.028449
v 0.034871 0.030299 0.028516
v 0.035036 0.031251 0.028506
v 0.034976 0.029274 0.028573
v 0.034816 0.029317 0.028537
v 0.035166 0.030220 0.028583
v 0.035385 0.031158 0.028585
v 0.034603 0.029373 0.028671
v 0.034448 0.029415 0.028614
v 0.034761 0.029332 0.028719
v 0.034332 0.029445 0.028436
v 0.034172 0.029488 0.028443
v 0.034298 0.029454 0.028546
v 0.034477 0.030403 0.028764
v 0.035609 0.032095 0.028585
v 0.035230 0.032196 0.028498
v 0.036721 0.034789 0.028692
v 0.037184 0.034666 0.028797
v 0.036258 0.034911 0.028583
v 0.035796 0.035034 0.028470
v 0.037402 0.037596 0.028715
v 0.036874 0.037736 0.028571
v 0.033985 0.031530 0.028282
v 0.034090 0.032498 0.028252
v 0.034472 0.032397 0.028323
v 0.033637 0.031622 0.028296
v 0.033712 0.032598 0.028268
v 0.034871 0.035279 0.028249
v 0.035820 0.038016 0.028276
v 0.035334 0.035157 0.028357
v 0.034404 0.035403 0.028158
v 0.033943 0.035526 0.028177
v 0.035292 0.038156 0.028133
v 0.033981 0.030535 0.028329
v 0.034279 0.030456 0.028384
v 0.034687 0.031344 0.028425
v 0.033687 0.030613 0.028342
v 0.034337 0.031436 0.028347
v 0.033916 0.030552 0.028531
v 0.034851 0.032296 0.028409
v 0.034192 0.030479 0.028659
v 0.033907 0.031550 0.028522
v 0.034233 0.031464 0.028675
v 0.034569 0.031375 0.028800
v 0.034357 0.032427 0.028682
v 0.034004 0.032521 0.028515
v 0.036347 0.037876 0.028424
v 0.034294 0.035433 0.028485
v 0.034723 0.035319 0.028695
v 0.034616 0.038336 0.028391
v 0.038041 0.040415 0.028739
v 0.037456 0.040571 0.028554
v 0.038638 0.043245 0.028755
v 0.038006 0.043413 0.028537
v 0.036286 0.040881 0.028177
v 0.036871 0.040726 0.028366
v 0.034758 0.038298 0.028012
v 0.035700 0.041037 0.027995
v 0.037376 0.043580 0.028316
v 0.036745 0.043748 0.028095
v 0.035100 0.038207 0.028652
v 0.035604 0.038073 0.028870
v 0.035459 0.041100 0.028580
v 0.035107 0.041194 0.027838
v 0.035471 0.044086 0.027695
v 0.036112 0.043916 0.027881
v 0.034513 0.041352 0.027828
v 0.034826 0.044257 0.027673
v 0.034228 0.038439 0.028019
v 0.034928 0.041241 0.028265
v 0.035262 0.044141 0.028163
v 0.035829 0.043991 0.028523
v 0.036014 0.040953 0.028848
v 0.039195 0.046086 0.028770
v 0.038525 0.046264 0.028518
v 0.039716 0.048936 0.028781
v 0.037856 0.046441 0.028262
v 0.037187 0.046619 0.028007
v 0.038308 0.049310 0.028213
v 0.037605 0.049497 0.027929
v 0.038745 0.052183 0.028166
v 0.039012 0.049123 0.028499
v 0.040198 0.051797 0.028789
v 0.039471 0.051990 0.028479
v 0.039158 0.055061 0.028128
v 0.039902 0.054864 0.028461
v 0.040647 0.054666 0.028791
v 0.041062 0.057545 0.028789
v 0.040309 0.057745 0.028444
v 0.036515 0.046797 0.027760
v 0.035833 0.046978 0.027544
v 0.035144 0.047161 0.027507
v 0.036898 0.049684 0.027654
v 0.038019 0.052375 0.027853
v 0.036180 0.049875 0.027412
v 0.037289 0.052569 0.027552
v 0.035450 0.050068 0.027364
v 0.036546 0.052766 0.027287
v 0.035591 0.047042 0.028048
v 0.035908 0.049947 0.027951
v 0.035788 0.052967 0.027226
v 0.037665 0.055458 0.027478
v 0.038414 0.055259 0.027797
v 0.038804 0.058144 0.027750
v 0.036902 0.055660 0.027196
v 0.036121 0.055867 0.027130
v 0.036246 0.052846 0.027851
v 0.038046 0.058345 0.027416
v 0.037273 0.058550 0.027122
v 0.036480 0.058761 0.027052
v 0.036579 0.055746 0.027784
v 0.036931 0.058641 0.027726
v 0.036187 0.046884 0.028453
v 0.036529 0.049782 0.028394
v 0.036424 0.043833 0.028831
v 0.036815 0.046718 0.028802
v 0.037186 0.049608 0.028779
v 0.036881 0.052677 0.028329
v 0.039557 0.057944 0.028096
v 0.037226 0.055574 0.028288
v 0.037556 0.052498 0.028747
v 0.037915 0.055391 0.028729
v 0.037581 0.058468 0.028250
v 0.038275 0.058284 0.028709
v 0.035732 0.029074 0.028883
v 0.035569 0.029117 0.028867
v 0.035405 0.029161 0.028849
v 0.035242 0.029204 0.028825
v 0.035081 0.029247 0.028795
v 0.035954 0.030011 0.029096
v 0.035655 0.030091 0.029052
v 0.036314 0.030912 0.029198
v 0.035960 0.031006 0.029145
v 0.035608 0.031099 0.029076
v 0.036230 0.031930 0.029198
v 0.035849 0.032031 0.029123
v 0.034920 0.029289 0.028759
v 0.035061 0.030248 0.028929
v 0.035357 0.030170 0.028995
v 0.034768 0.030326 0.028853
v 0.035259 0.031192 0.028997
v 0.034912 0.031284 0.028906
v 0.035093 0.032232 0.028936
v 0.035470 0.032132 0.029036
v 0.037931 0.037456 0.028855
v 0.036078 0.034959 0.029144
v 0.035619 0.035081 0.029016
v 0.036614 0.031828 0.029257
v 0.037005 0.034713 0.029353
v 0.036540 0.034837 0.029255
v 0.037700 0.037517 0.029501
v 0.037168 0.037658 0.029370
v 0.036641 0.037798 0.029224
v 0.034722 0.032330 0.028819
v 0.035167 0.035201 0.028869
v 0.036119 0.037937 0.029058
v 0.038628 0.040259 0.028920
v 0.039271 0.043077 0.028969
v 0.038336 0.040337 0.029649
v 0.037161 0.040649 0.029291
v 0.037746 0.040494 0.029479
v 0.038289 0.043338 0.029568
v 0.036583 0.040802 0.029083
v 0.037036 0.043670 0.029103
v 0.037659 0.043505 0.029347
v 0.038926 0.043169 0.029770
v 0.039866 0.045908 0.029018
v 0.040422 0.048749 0.029059
v 0.040926 0.051604 0.029095
v 0.041658 0.051410 0.029392
v 0.037462 0.046546 0.029112
v 0.038121 0.046371 0.029393
v 0.038790 0.046194 0.029649
v 0.038557 0.049244 0.029436
v 0.037864 0.049428 0.029123
v 0.038254 0.052313 0.029121
v 0.039259 0.049058 0.029721
v 0.038967 0.052124 0.029463
v 0.041394 0.054468 0.029116
v 0.042144 0.054269 0.029433
v 0.042576 0.057143 0.029463
v 0.041818 0.057344 0.029130
v 0.039692 0.051931 0.029777
v 0.039360 0.055008 0.029488
v 0.039466 0.046014 0.029884
v 0.039970 0.048869 0.029985
v 0.040692 0.048677 0.030215
v 0.041173 0.051538 0.030323
v 0.040426 0.051737 0.030068
v 0.041925 0.051339 0.030558
v 0.041621 0.054408 0.030405
v 0.040855 0.054611 0.030132
v 0.041246 0.057496 0.030177
v 0.042022 0.057290 0.030464
v 0.040103 0.054811 0.029822
v 0.039734 0.057897 0.029501
v 0.040485 0.057698 0.029851
v 0.038629 0.055202 0.029126
v 0.038996 0.058093 0.029122
v 0.044497 0.059622 0.030121
v 0.045269 0.059417 0.030430
v 0.045569 0.062326 0.030430
v 0.044807 0.062528 0.030118
v 0.045771 0.065261 0.030406
v 0.041448 0.060431 0.028783
v 0.040693 0.060631 0.028429
v 0.041801 0.063326 0.028772
v 0.039185 0.061032 0.027721
v 0.039939 0.060831 0.028074
v 0.040314 0.063720 0.028061
v 0.039570 0.063918 0.027708
v 0.038424 0.061233 0.027382
v 0.037648 0.061439 0.027083
v 0.038820 0.064117 0.027368
v 0.038054 0.064320 0.027070
v 0.039240 0.066994 0.027371
v 0.039966 0.066801 0.027706
v 0.040687 0.066610 0.028056
v 0.040365 0.069684 0.027726
v 0.041053 0.069501 0.028062
v 0.039671 0.069868 0.027403
v 0.040808 0.072555 0.027805
v 0.040173 0.072723 0.027518
v 0.041058 0.063523 0.028418
v 0.041406 0.066419 0.028408
v 0.042126 0.066228 0.028759
v 0.037295 0.061533 0.027698
v 0.037943 0.061361 0.028231
v 0.038330 0.064247 0.028220
v 0.037695 0.064415 0.027686
v 0.038636 0.061177 0.028699
v 0.039012 0.064066 0.028689
v 0.038748 0.067124 0.028208
v 0.039406 0.066950 0.028671
v 0.041739 0.069319 0.028403
v 0.042426 0.069137 0.028742
v 0.042066 0.072221 0.028409
v 0.042694 0.072054 0.028712
v 0.041438 0.072388 0.028105
v 0.039815 0.069830 0.028662
v 0.039189 0.069996 0.028215
v 0.041328 0.075405 0.027956
v 0.042924 0.074982 0.028670
v 0.041861 0.075264 0.028192
v 0.042392 0.075123 0.028431
v 0.042291 0.078138 0.028288
v 0.041868 0.078251 0.028120
v 0.042662 0.081029 0.028354
v 0.042713 0.078026 0.028459
v 0.043135 0.077914 0.028629
v 0.043558 0.077802 0.028798
v 0.043713 0.080750 0.028724
v 0.043363 0.080843 0.028601
v 0.043012 0.080936 0.028477
v 0.043303 0.083847 0.028486
v 0.042964 0.060029 0.029472
v 0.043729 0.059826 0.029801
v 0.043296 0.062929 0.029465
v 0.044050 0.062729 0.029796
v 0.042204 0.060230 0.029131
v 0.042547 0.063128 0.029122
v 0.042847 0.066037 0.029106
v 0.043572 0.065844 0.029446
v 0.044301 0.065651 0.029775
v 0.043115 0.068954 0.029078
v 0.043806 0.068771 0.029406
v 0.044502 0.068586 0.029725
v 0.044592 0.071551 0.029591
v 0.043956 0.071720 0.029306
v 0.045034 0.065456 0.030096
v 0.040848 0.060590 0.029865
v 0.041611 0.060388 0.030199
v 0.041190 0.063488 0.029859
v 0.042388 0.060181 0.030493
v 0.041943 0.063288 0.030194
v 0.042710 0.063085 0.030490
v 0.042983 0.066001 0.030455
v 0.042240 0.066198 0.030161
v 0.045201 0.068401 0.030036
v 0.045231 0.071381 0.029869
v 0.045874 0.071211 0.030138
v 0.045905 0.068214 0.030337
v 0.046614 0.068026 0.030623
v 0.046522 0.071039 0.030393
v 0.043228 0.068924 0.030386
v 0.042518 0.069113 0.030102
v 0.043945 0.068734 0.030651
v 0.043428 0.071860 0.030220
v 0.044083 0.071686 0.030455
v 0.039357 0.060986 0.029121
v 0.040095 0.060790 0.029508
v 0.039721 0.063878 0.029112
v 0.040449 0.063685 0.029500
v 0.040795 0.066581 0.029473
v 0.040091 0.066768 0.029089
v 0.043324 0.071887 0.029012
v 0.041512 0.066391 0.029829
v 0.041139 0.069479 0.029437
v 0.040468 0.069657 0.029066
v 0.040306 0.072688 0.028677
v 0.040904 0.072529 0.029041
v 0.041518 0.072367 0.029373
v 0.041823 0.069297 0.029781
v 0.042144 0.072200 0.029681
v 0.042779 0.072032 0.029967
v 0.044528 0.074556 0.029361
v 0.045068 0.074413 0.029579
v 0.045698 0.077234 0.029563
v 0.045610 0.074269 0.029790
v 0.045266 0.077349 0.029424
v 0.045845 0.080184 0.029366
v 0.046133 0.077119 0.029696
v 0.046206 0.080088 0.029453
v 0.046906 0.082891 0.029493
v 0.047295 0.079799 0.029677
v 0.046931 0.079896 0.029609
v 0.046568 0.079992 0.029534
v 0.046294 0.083053 0.029373
v 0.046600 0.082972 0.029436
v 0.047073 0.082847 0.029550
v 0.047890 0.076653 0.030153
v 0.047496 0.079746 0.029743
v 0.048137 0.076587 0.030244
v 0.047126 0.079844 0.029756
v 0.047448 0.076770 0.030050
v 0.046706 0.073978 0.030179
v 0.047173 0.070866 0.030638
v 0.047258 0.073832 0.030361
v 0.048371 0.073537 0.030694
v 0.047813 0.073685 0.030533
v 0.046157 0.074124 0.029988
v 0.046569 0.077003 0.029822
v 0.047008 0.076887 0.029940
v 0.048932 0.073388 0.030847
v 0.047683 0.076708 0.030239
v 0.048090 0.073611 0.030897
v 0.047231 0.076828 0.030219
v 0.046779 0.076948 0.030188
v 0.046328 0.077067 0.030145
v 0.047514 0.073764 0.030833
v 0.046756 0.079942 0.029757
v 0.046386 0.080040 0.029749
v 0.046016 0.080138 0.029730
v 0.045647 0.080236 0.029701
v 0.045878 0.077187 0.030088
v 0.045430 0.077305 0.030017
v 0.045799 0.074219 0.030545
v 0.046368 0.074068 0.030659
v 0.044743 0.071511 0.030673
v 0.044671 0.074519 0.030274
v 0.044114 0.074666 0.030107
v 0.044984 0.077424 0.029934
v 0.045233 0.074369 0.030417
v 0.046940 0.073916 0.030755
v 0.046762 0.082929 0.029561
v 0.046451 0.083012 0.029563
v 0.046139 0.083094 0.029557
v 0.043991 0.074699 0.029137
v 0.043456 0.074841 0.028906
v 0.043982 0.077690 0.028962
v 0.044065 0.080656 0.028843
v 0.044418 0.080562 0.028957
v 0.044408 0.077577 0.029121
v 0.044773 0.080468 0.029068
v 0.044836 0.077463 0.029276
v 0.045129 0.080374 0.029174
v 0.045486 0.080279 0.029272
v 0.040921 0.075513 0.028709
v 0.041428 0.075379 0.028999
v 0.041970 0.078224 0.028943
v 0.041948 0.075241 0.029263
v 0.042383 0.078114 0.029134
v 0.042418 0.081093 0.028909
v 0.042762 0.081002 0.029050
v 0.042477 0.075100 0.029506
v 0.043014 0.074958 0.029731
v 0.042804 0.078002 0.029307
v 0.043230 0.077889 0.029467
v 0.043111 0.080909 0.029177
v 0.043823 0.080720 0.029386
v 0.043664 0.077774 0.029603
v 0.044101 0.077658 0.029727
v 0.044184 0.080625 0.029472
v 0.043465 0.080816 0.029291
v 0.045279 0.080334 0.029659
v 0.044912 0.080431 0.029608
v 0.044547 0.080528 0.029548
v 0.043562 0.074813 0.029926
v 0.044540 0.077542 0.029840
v 0.047202 0.043962 0.031024
v 0.046752 0.044081 0.030902
v 0.046489 0.044151 0.031018
v 0.046050 0.044267 0.030770
v 0.045776 0.044340 0.030993
v 0.046933 0.047022 0.031059
v 0.048141 0.046701 0.031356
v 0.047672 0.046825 0.031216
v 0.047385 0.046901 0.031335
v 0.046631 0.047102 0.031294
v 0.048422 0.049615 0.031517
v 0.046195 0.047217 0.030888
v 0.047656 0.049818 0.031335
v 0.045064 0.044529 0.030948
v 0.045462 0.047412 0.030703
v 0.044354 0.044717 0.030887
v 0.043645 0.044905 0.030803
v 0.046134 0.050222 0.030929
v 0.045878 0.047301 0.031232
v 0.045127 0.047501 0.031152
v 0.046893 0.050021 0.031139
v 0.044378 0.047699 0.031048
v 0.045769 0.050319 0.031397
v 0.045378 0.050423 0.030704
v 0.045959 0.053257 0.030842
v 0.046735 0.053051 0.031085
v 0.047514 0.052844 0.031314
v 0.044991 0.050525 0.031273
v 0.048010 0.055701 0.031454
v 0.047221 0.055911 0.031210
v 0.048901 0.049488 0.031675
v 0.048115 0.049696 0.031637
v 0.047331 0.049904 0.031577
v 0.046549 0.050112 0.031497
v 0.049085 0.052428 0.031727
v 0.049569 0.052299 0.031897
v 0.048760 0.052514 0.031849
v 0.048298 0.052636 0.031527
v 0.047953 0.052728 0.031778
v 0.048804 0.055491 0.031683
v 0.049601 0.055279 0.031898
v 0.050085 0.055151 0.032079
v 0.049263 0.055369 0.032020
v 0.048443 0.055586 0.031938
v 0.047148 0.052942 0.031685
v 0.046345 0.053155 0.031572
v 0.046810 0.056020 0.031709
v 0.047625 0.055803 0.031834
v 0.042940 0.045093 0.030698
v 0.043633 0.047897 0.030922
v 0.042891 0.048094 0.030779
v 0.043449 0.050935 0.030960
v 0.044218 0.050730 0.031125
v 0.042152 0.048290 0.030617
v 0.042683 0.051138 0.030774
v 0.046435 0.056119 0.030951
v 0.045654 0.056326 0.030680
v 0.044750 0.053578 0.031273
v 0.043959 0.053788 0.031092
v 0.042394 0.054203 0.030658
v 0.043172 0.053996 0.030891
v 0.044390 0.056662 0.031192
v 0.045193 0.056449 0.031385
v 0.043593 0.056873 0.030977
v 0.045545 0.053367 0.031434
v 0.045999 0.056235 0.031559
v 0.042804 0.057083 0.030730
v 0.050483 0.058034 0.032169
v 0.050004 0.058161 0.031982
v 0.049657 0.058253 0.032105
v 0.049205 0.058373 0.031759
v 0.050239 0.061087 0.032004
v 0.048833 0.058471 0.032017
v 0.050705 0.060963 0.032192
v 0.049889 0.061180 0.032125
v 0.050738 0.063943 0.032171
v 0.048409 0.058584 0.031521
v 0.049450 0.061296 0.031776
v 0.047618 0.058794 0.031269
v 0.048665 0.061505 0.031535
v 0.049529 0.064264 0.031754
v 0.048769 0.064466 0.031511
v 0.048012 0.058689 0.031908
v 0.049075 0.061396 0.032034
v 0.047194 0.058906 0.031777
v 0.048263 0.061611 0.031921
v 0.050293 0.064061 0.031984
v 0.049946 0.064153 0.032100
v 0.049155 0.064363 0.032005
v 0.050640 0.066958 0.032056
v 0.050221 0.067069 0.031874
v 0.049491 0.067262 0.031649
v 0.049882 0.067159 0.031986
v 0.050193 0.070065 0.031670
v 0.046048 0.059210 0.030722
v 0.046831 0.059003 0.031002
v 0.047885 0.061712 0.031278
v 0.047109 0.061918 0.031008
v 0.047262 0.064865 0.030983
v 0.048013 0.064666 0.031254
v 0.046337 0.062122 0.030724
v 0.046514 0.065064 0.030700
v 0.044764 0.059551 0.031241
v 0.043964 0.059763 0.031020
v 0.045570 0.059337 0.031441
v 0.045055 0.062462 0.031243
v 0.045850 0.062251 0.031446
v 0.045256 0.065398 0.031207
v 0.048044 0.067646 0.031162
v 0.048766 0.067455 0.031412
v 0.048487 0.070517 0.031096
v 0.049149 0.070342 0.031307
v 0.047327 0.067837 0.030898
v 0.047828 0.070692 0.030873
v 0.046379 0.059123 0.031621
v 0.046650 0.062039 0.031629
v 0.047454 0.061826 0.031788
v 0.047583 0.064780 0.031754
v 0.046802 0.064987 0.031594
v 0.048368 0.064572 0.031890
v 0.046027 0.065193 0.031410
v 0.049815 0.070165 0.031506
v 0.048813 0.070431 0.031535
v 0.049502 0.070248 0.031613
v 0.048126 0.070613 0.031440
v 0.048373 0.067559 0.031779
v 0.049126 0.067359 0.031892
v 0.047623 0.067758 0.031647
v 0.046877 0.067956 0.031491
v 0.046136 0.068153 0.031312
v 0.047442 0.070795 0.031326
v 0.046761 0.070975 0.031192
v 0.049246 0.073304 0.030975
v 0.048668 0.073458 0.030944
v 0.043173 0.059973 0.030766
v 0.043484 0.062879 0.030765
v 0.044265 0.062672 0.031021
v 0.043733 0.065802 0.030729
v 0.044490 0.065601 0.030984
v 0.045399 0.068348 0.031114
v 0.044667 0.068542 0.030899
v 0.046084 0.071155 0.031036
v 0.045411 0.071333 0.030863
v 0.036852 0.061651 0.027013
v 0.037266 0.064529 0.027002
v 0.038497 0.067191 0.027077
v 0.037732 0.067394 0.027010
v 0.038137 0.067286 0.027682
v 0.038961 0.070057 0.027121
v 0.038230 0.070250 0.027060
v 0.039523 0.072896 0.027270
v 0.038857 0.073073 0.027226
v 0.038608 0.070150 0.027706
v 0.039202 0.072981 0.027814
v 0.039733 0.072840 0.028274
v 0.040242 0.075694 0.027541
v 0.039685 0.075841 0.027525
v 0.040791 0.075548 0.027732
v 0.041441 0.078364 0.027963
v 0.041006 0.078479 0.027832
v 0.039982 0.075763 0.028011
v 0.040571 0.078595 0.027840
v 0.040434 0.075643 0.028385
v 0.040813 0.078530 0.028212
v 0.041957 0.081216 0.028120
v 0.042311 0.081122 0.028232
v 0.041597 0.081311 0.028030
v 0.041242 0.081405 0.028055
v 0.041450 0.081350 0.028352
v 0.041176 0.078434 0.028492
v 0.041566 0.078331 0.028731
v 0.041756 0.081269 0.028568
v 0.042081 0.081183 0.028750
v 0.042713 0.084004 0.028281
v 0.043008 0.083925 0.028382
v 0.042415 0.084083 0.028187
v 0.042112 0.084163 0.028113
v 0.041814 0.084242 0.028138
v 0.041987 0.084196 0.028388
v -0.081534 0.079524 0.007272
v -0.082628 0.079818 0.007272
v -0.080778 0.084529 0.007272
v -0.083630 0.080348 0.007272
v -0.080401 0.079482 0.007272
v -0.079287 0.079692 0.007272
v -0.078248 0.080145 0.007272
v -0.077336 0.080818 0.007272
v -0.077506 0.080747 0.007619
v -0.077197 0.081021 0.007486
v -0.077264 0.080949 0.007519
v -0.077048 0.081179 0.007415
v -0.076763 0.081484 0.007272
v -0.076836 0.081554 0.007272
v -0.077422 0.082118 0.007272
v -0.076976 0.081256 0.007379
v -0.076832 0.081410 0.007306
v -0.083402 0.080682 0.010487
v -0.082480 0.080195 0.010487
v -0.081473 0.079925 0.010487
v -0.080431 0.079885 0.010487
v -0.078544 0.080109 0.007948
v -0.078568 0.080099 0.007954
v -0.078853 0.079983 0.008019
v -0.078856 0.079982 0.008019
v -0.078888 0.079969 0.008026
v -0.078487 0.080131 0.007934
v -0.077765 0.080570 0.007712
v -0.077971 0.080429 0.007783
v -0.078022 0.080394 0.007801
v -0.078237 0.080246 0.007869
v -0.078287 0.080212 0.007885
v -0.078276 0.080219 0.007881
v -0.077702 0.080613 0.007690
v -0.077449 0.080785 0.007597
v -0.077430 0.080798 0.007590
v -0.077361 0.080845 0.007564
v -0.079406 0.080079 0.010487
v -0.078857 0.080015 0.008262
v -0.078733 0.080069 0.008261
v -0.078725 0.080072 0.008261
v -0.078451 0.080496 0.010487
v -0.077949 0.080508 0.008191
v -0.077901 0.080543 0.008183
v -0.078602 0.080125 0.008255
v -0.078459 0.080186 0.008248
v -0.078431 0.080198 0.008247
v -0.078309 0.080250 0.008237
v -0.078196 0.080331 0.008225
v -0.078159 0.080359 0.008220
v -0.077611 0.081115 0.010487
v -0.076799 0.081554 0.007855
v -0.076778 0.081577 0.007846
v -0.076931 0.081905 0.010487
v -0.076728 0.081630 0.007823
v -0.076650 0.081713 0.007783
v -0.077699 0.080686 0.008149
v -0.077639 0.080729 0.008138
v -0.077447 0.080864 0.008094
v -0.077406 0.080893 0.008085
v -0.077381 0.080921 0.008077
v -0.077227 0.081089 0.008026
v -0.077013 0.081323 0.007948
v -0.076946 0.081396 0.007922
v -0.077163 0.081159 0.008004
v -0.082347 0.082229 0.012631
v -0.081796 0.081938 0.012631
v -0.081194 0.081777 0.012631
v -0.080571 0.081753 0.012631
v -0.079958 0.081869 0.012631
v -0.079387 0.082118 0.012631
v -0.078885 0.082488 0.012631
v -0.080778 0.084529 0.012631
v -0.078478 0.082960 0.012631
v -0.075773 0.083774 0.007272
v -0.076059 0.082707 0.007272
v -0.076674 0.083215 0.007272
v -0.075730 0.084906 0.007272
v -0.075941 0.086020 0.007272
v -0.076394 0.087059 0.007272
v -0.077067 0.087971 0.007272
v -0.077926 0.088711 0.007272
v -0.076382 0.082167 0.007586
v -0.076272 0.082348 0.007490
v -0.076221 0.082434 0.007445
v -0.076113 0.082609 0.007334
v -0.076545 0.081893 0.007711
v -0.076435 0.082077 0.007627
v -0.076600 0.081799 0.007749
v -0.076443 0.082827 0.010487
v -0.076069 0.082680 0.007289
v -0.076065 0.082691 0.007283
v -0.076173 0.083834 0.010487
v -0.076134 0.084876 0.010487
v -0.076328 0.085901 0.010487
v -0.076744 0.086857 0.010487
v -0.077363 0.087696 0.010487
v -0.078154 0.088376 0.010487
v -0.078187 0.083512 0.012631
v -0.078025 0.084114 0.012631
v -0.078002 0.084737 0.012631
v -0.078117 0.085349 0.012631
v -0.078367 0.085921 0.012631
v -0.078737 0.086422 0.012631
v -0.079209 0.086829 0.012631
v -0.084489 0.081087 0.007272
v -0.085162 0.082000 0.007272
v -0.085615 0.083039 0.007272
v -0.085826 0.084152 0.007272
v -0.085783 0.085285 0.007272
v -0.084882 0.085844 0.007272
v -0.084134 0.086940 0.007272
v -0.085497 0.086351 0.007272
v -0.084192 0.081363 0.010487
v -0.084811 0.082202 0.010487
v -0.085228 0.083158 0.010487
v -0.085422 0.084182 0.010487
v -0.085383 0.085225 0.010487
v -0.085112 0.086232 0.010487
v -0.085491 0.086368 0.007283
v -0.085487 0.086379 0.007289
v -0.085443 0.086450 0.007334
v -0.084625 0.087154 0.010487
v -0.085335 0.086625 0.007445
v -0.085284 0.086710 0.007490
v -0.085174 0.086891 0.007586
v -0.085121 0.086981 0.007627
v -0.085011 0.087166 0.007711
v -0.084956 0.087260 0.007749
v -0.084906 0.087345 0.007783
v -0.082819 0.082636 0.012631
v -0.083189 0.083138 0.012631
v -0.083438 0.083709 0.012631
v -0.083554 0.084322 0.012631
v -0.083531 0.084945 0.012631
v -0.083369 0.085547 0.012631
v -0.083078 0.086098 0.012631
v -0.084220 0.088241 0.007272
v -0.083308 0.088914 0.007272
v -0.084724 0.087648 0.007306
v -0.084580 0.087803 0.007379
v -0.084793 0.087575 0.007272
v -0.084720 0.087505 0.007272
v -0.084507 0.087879 0.007415
v -0.084359 0.088038 0.007486
v -0.084292 0.088110 0.007519
v -0.084050 0.088312 0.007619
v -0.082269 0.089367 0.007272
v -0.081155 0.089577 0.007272
v -0.080022 0.089534 0.007272
v -0.078928 0.089241 0.007272
v -0.084195 0.088214 0.007564
v -0.084126 0.088260 0.007590
v -0.084107 0.088273 0.007597
v -0.083854 0.088446 0.007690
v -0.083791 0.088489 0.007712
v -0.083585 0.088630 0.007783
v -0.083534 0.088665 0.007801
v -0.083319 0.088813 0.007869
v -0.083069 0.088927 0.007934
v -0.083280 0.088839 0.007881
v -0.083269 0.088847 0.007885
v -0.083012 0.088950 0.007948
v -0.082988 0.088960 0.007954
v -0.082702 0.089075 0.008019
v -0.082700 0.089076 0.008019
v -0.082668 0.089090 0.008026
v -0.084828 0.087429 0.007823
v -0.084778 0.087482 0.007846
v -0.083945 0.087944 0.010487
v -0.084757 0.087505 0.007855
v -0.084610 0.087662 0.007922
v -0.084543 0.087736 0.007948
v -0.084393 0.087900 0.008004
v -0.084329 0.087969 0.008026
v -0.084175 0.088138 0.008077
v -0.084150 0.088166 0.008085
v -0.084109 0.088194 0.008094
v -0.083917 0.088330 0.008138
v -0.083105 0.088563 0.010487
v -0.083856 0.088372 0.008149
v -0.083655 0.088515 0.008183
v -0.082149 0.088980 0.010487
v -0.083606 0.088550 0.008191
v -0.083397 0.088700 0.008220
v -0.083360 0.088727 0.008225
v -0.083247 0.088808 0.008237
v -0.083124 0.088860 0.008247
v -0.083097 0.088872 0.008248
v -0.082954 0.088934 0.008255
v -0.082831 0.088986 0.008261
v -0.082699 0.089044 0.008262
v -0.082823 0.088990 0.008261
v -0.081125 0.089173 0.010487
v -0.080083 0.089134 0.010487
v -0.079076 0.088864 0.010487
v -0.082671 0.086571 0.012631
v -0.082169 0.086941 0.012631
v -0.081598 0.087190 0.012631
v -0.080985 0.087306 0.012631
v -0.080362 0.087282 0.012631
v -0.079760 0.087121 0.012631
v -0.092227 0.090454 0.006238
v -0.094664 0.092007 0.005939
v -0.091902 0.090930 0.006255
v -0.094275 0.092577 0.005983
v -0.089502 0.089323 0.006545
v -0.089756 0.088950 0.006553
v -0.089249 0.089694 0.006676
v -0.094463 0.092302 0.006528
v -0.092054 0.090708 0.006724
v -0.091582 0.091400 0.006445
v -0.093897 0.093132 0.006232
v -0.091269 0.091859 0.006669
v -0.084949 0.085746 0.006827
v -0.087410 0.087263 0.006768
v -0.087203 0.087567 0.006743
v -0.085122 0.085491 0.006851
v -0.085021 0.085639 0.007102
v -0.087289 0.087441 0.007065
v -0.084772 0.086005 0.006901
v -0.086994 0.087874 0.006833
v -0.084598 0.086259 0.006994
v -0.086787 0.088176 0.006946
v -0.084426 0.086512 0.007096
v -0.087111 0.087702 0.007281
v -0.084254 0.086764 0.007199
v -0.086583 0.088477 0.007067
v -0.086921 0.087980 0.007463
v -0.089615 0.089158 0.006925
v -0.089000 0.090059 0.006834
v -0.094153 0.092756 0.006987
v -0.091790 0.091094 0.007098
v -0.089403 0.089468 0.007205
v -0.089176 0.089801 0.007444
v -0.091506 0.091511 0.007422
v -0.093819 0.093246 0.007391
v -0.096984 0.093732 0.005773
v -0.096558 0.094357 0.005834
v -0.096763 0.094056 0.006420
v -0.096144 0.094964 0.006116
v -0.099228 0.095568 0.005724
v -0.098992 0.095914 0.006395
v -0.098783 0.096222 0.005790
v -0.098349 0.096856 0.006084
v -0.098636 0.096436 0.006921
v -0.101454 0.097431 0.005715
v -0.101205 0.097797 0.006399
v -0.100995 0.098104 0.005784
v -0.103650 0.099337 0.005726
v -0.103186 0.100018 0.005796
v -0.105822 0.101280 0.005765
v -0.103392 0.099716 0.006411
v -0.105558 0.101666 0.006440
v -0.100834 0.098340 0.006933
v -0.096425 0.094552 0.006928
v -0.096060 0.095087 0.007375
v -0.098253 0.096998 0.007384
v -0.103014 0.100270 0.006944
v -0.086725 0.088268 0.007622
v -0.086524 0.088562 0.007763
v -0.088940 0.090146 0.007656
v -0.091211 0.091944 0.007713
v -0.093526 0.093675 0.006518
v -0.086378 0.088776 0.007191
v -0.086174 0.089075 0.007314
v -0.085969 0.089375 0.007437
v -0.088753 0.090420 0.007001
v -0.090958 0.092314 0.006905
v -0.093159 0.094213 0.006819
v -0.090648 0.092768 0.007144
v -0.088507 0.090781 0.007172
v -0.088261 0.091142 0.007342
v -0.088015 0.091503 0.007511
v -0.090338 0.093222 0.007383
v -0.092793 0.094750 0.007122
v -0.092427 0.095287 0.007425
v -0.095739 0.095557 0.006439
v -0.097926 0.097478 0.006420
v -0.095338 0.096145 0.006776
v -0.100549 0.098758 0.006082
v -0.105359 0.101958 0.005836
v -0.102734 0.100681 0.006095
v -0.104909 0.102619 0.006130
v -0.100111 0.099400 0.006421
v -0.097506 0.098093 0.006769
v -0.102290 0.101331 0.006435
v -0.104466 0.103267 0.006463
v -0.099677 0.100036 0.006775
v -0.101850 0.101976 0.006787
v -0.094938 0.096732 0.007116
v -0.097086 0.098708 0.007121
v -0.094537 0.097319 0.007455
v -0.096667 0.099323 0.007472
v -0.105179 0.102222 0.006963
v -0.100437 0.098922 0.007402
v -0.102610 0.100862 0.007412
v -0.104775 0.102815 0.007422
v -0.099244 0.100671 0.007131
v -0.104027 0.103910 0.006809
v -0.101411 0.102620 0.007143
v -0.098810 0.101307 0.007485
v -0.103589 0.104553 0.007157
v -0.100971 0.103265 0.007496
v -0.103150 0.105197 0.007503
v -0.086320 0.088861 0.007890
v -0.085764 0.089676 0.007556
v -0.085558 0.089978 0.007671
v -0.086114 0.089163 0.008004
v -0.085905 0.089469 0.008099
v -0.085484 0.090088 0.008261
v -0.085695 0.089778 0.008185
v -0.085352 0.090281 0.007781
v -0.085144 0.090585 0.007887
v -0.084936 0.090891 0.007986
v -0.085270 0.090400 0.008321
v -0.085056 0.090714 0.008372
v -0.084842 0.091028 0.008414
v -0.082510 0.089320 0.008086
v -0.084726 0.091198 0.008079
v -0.084516 0.091506 0.008166
v -0.082332 0.089581 0.008149
v -0.082601 0.089188 0.008270
v -0.082419 0.089454 0.008276
v -0.082238 0.089720 0.008274
v -0.084305 0.091815 0.008247
v -0.082056 0.089986 0.008263
v -0.088699 0.090500 0.007847
v -0.090908 0.092388 0.007977
v -0.087767 0.091866 0.007676
v -0.093471 0.093757 0.007754
v -0.093113 0.094282 0.008086
v -0.088454 0.090859 0.008021
v -0.088205 0.091223 0.008180
v -0.090599 0.092841 0.008219
v -0.087953 0.091594 0.008316
v -0.087698 0.091967 0.008440
v -0.090286 0.093300 0.008444
v -0.092748 0.094817 0.008394
v -0.090028 0.093677 0.007619
v -0.087519 0.092230 0.007835
v -0.087269 0.092596 0.007989
v -0.089716 0.094134 0.007851
v -0.092060 0.095825 0.007726
v -0.091691 0.096365 0.008020
v -0.087019 0.092963 0.008137
v -0.089403 0.094594 0.008075
v -0.086766 0.093333 0.008276
v -0.089088 0.095055 0.008292
v -0.084627 0.091344 0.008444
v -0.084411 0.091660 0.008462
v -0.084195 0.091976 0.008471
v -0.087442 0.092343 0.008554
v -0.087183 0.092722 0.008647
v -0.089966 0.093768 0.008640
v -0.089644 0.094240 0.008821
v -0.086923 0.093104 0.008730
v -0.086662 0.093486 0.008801
v -0.089320 0.094715 0.008988
v -0.092377 0.095360 0.008680
v -0.091999 0.095914 0.008933
v -0.088992 0.095196 0.009130
v -0.091617 0.096474 0.009168
v -0.082154 0.089843 0.008207
v -0.084094 0.092125 0.008322
v -0.083881 0.092437 0.008390
v -0.086513 0.093704 0.008409
v -0.088772 0.095519 0.008503
v -0.091320 0.096909 0.008305
v -0.083980 0.092292 0.008469
v -0.083764 0.092609 0.008457
v -0.086259 0.094077 0.008535
v -0.086400 0.093871 0.008858
v -0.086137 0.094256 0.008901
v -0.086003 0.094452 0.008653
v -0.085746 0.094828 0.008763
v -0.088453 0.095986 0.008701
v -0.085873 0.094643 0.008933
v -0.085609 0.095029 0.008952
v -0.088133 0.096455 0.008892
v -0.090948 0.097455 0.008582
v -0.090573 0.098005 0.008851
v -0.088662 0.095680 0.009258
v -0.088330 0.096166 0.009372
v -0.087997 0.096655 0.009468
v -0.091232 0.097038 0.009387
v -0.085489 0.095206 0.008866
v -0.085345 0.095417 0.008957
v -0.087811 0.096927 0.009074
v -0.087488 0.097401 0.009246
v -0.087662 0.097146 0.009547
v -0.087326 0.097638 0.009610
v -0.087162 0.097878 0.009408
v -0.086836 0.098357 0.009560
v -0.090195 0.098558 0.009106
v -0.089815 0.099115 0.009351
v -0.095679 0.095645 0.007779
v -0.097853 0.097584 0.007803
v -0.095288 0.096219 0.008150
v -0.094889 0.096804 0.008494
v -0.097443 0.098185 0.008186
v -0.094136 0.097907 0.007791
v -0.097025 0.098798 0.008542
v -0.100023 0.099529 0.007825
v -0.102190 0.101478 0.007834
v -0.104355 0.103431 0.007836
v -0.099599 0.100151 0.008213
v -0.101759 0.102110 0.008221
v -0.103924 0.104061 0.008214
v -0.094484 0.097398 0.008815
v -0.096600 0.099421 0.008874
v -0.094070 0.098004 0.009099
v -0.096167 0.100056 0.009168
v -0.099167 0.100784 0.008572
v -0.101321 0.102753 0.008579
v -0.098728 0.101427 0.008907
v -0.103487 0.104703 0.008564
v -0.096246 0.099940 0.007819
v -0.093733 0.098498 0.008120
v -0.093327 0.099093 0.008439
v -0.095824 0.100559 0.008159
v -0.098375 0.101944 0.007835
v -0.100530 0.103912 0.007845
v -0.102709 0.105842 0.007844
v -0.097939 0.102584 0.008178
v -0.095398 0.101183 0.008488
v -0.100087 0.104561 0.008185
v -0.097499 0.103229 0.008509
v -0.102267 0.106491 0.008176
v -0.099641 0.105215 0.008514
v -0.092919 0.099691 0.008750
v -0.093652 0.098617 0.009365
v -0.094971 0.101809 0.008809
v -0.092509 0.100292 0.009050
v -0.092096 0.100898 0.009336
v -0.094541 0.102439 0.009119
v -0.100876 0.103405 0.008912
v -0.103043 0.105354 0.008890
v -0.098281 0.102083 0.009203
v -0.100422 0.104070 0.009206
v -0.102590 0.106017 0.009177
v -0.097058 0.103876 0.008832
v -0.101822 0.107143 0.008497
v -0.099193 0.105871 0.008835
v -0.101375 0.107799 0.008809
v -0.096614 0.104527 0.009143
v -0.098743 0.106532 0.009143
v -0.100926 0.108458 0.009110
v -0.107985 0.103235 0.005843
v -0.107530 0.103902 0.005909
v -0.107718 0.103626 0.006497
v -0.107085 0.104554 0.006191
v -0.110134 0.105211 0.005939
v -0.109867 0.105602 0.006564
v -0.109692 0.105859 0.006000
v -0.112285 0.107183 0.006077
v -0.111859 0.107807 0.006125
v -0.109258 0.106494 0.006265
v -0.112018 0.107574 0.006664
v -0.106648 0.105194 0.006510
v -0.108833 0.107118 0.006567
v -0.111441 0.108421 0.006367
v -0.114418 0.109182 0.006220
v -0.114157 0.109565 0.006762
v -0.114016 0.109772 0.006257
v -0.111028 0.109025 0.006642
v -0.113618 0.110354 0.006473
v -0.116557 0.111172 0.006386
v -0.116181 0.111723 0.006408
v -0.116303 0.111544 0.006876
v -0.115807 0.112271 0.006594
v -0.107341 0.104179 0.007001
v -0.109496 0.106145 0.007042
v -0.111656 0.108105 0.007107
v -0.106939 0.104768 0.007442
v -0.106214 0.105831 0.006841
v -0.108409 0.107739 0.006879
v -0.109103 0.106722 0.007460
v -0.111273 0.108667 0.007493
v -0.113810 0.110074 0.007166
v -0.115973 0.112029 0.007236
v -0.113227 0.110929 0.006720
v -0.115438 0.112812 0.006808
v -0.113443 0.110611 0.007515
v -0.115625 0.112538 0.007544
v -0.105780 0.106466 0.007174
v -0.110618 0.109626 0.006927
v -0.107986 0.108359 0.007192
v -0.105346 0.107103 0.007504
v -0.107563 0.108980 0.007502
v -0.110208 0.110227 0.007212
v -0.112837 0.111500 0.006975
v -0.115071 0.113351 0.007029
v -0.109798 0.110829 0.007494
v -0.112447 0.112072 0.007231
v -0.114703 0.113890 0.007251
v -0.112056 0.112645 0.007484
v -0.114335 0.114430 0.007469
v -0.118694 0.113165 0.006541
v -0.118348 0.113672 0.006551
v -0.118452 0.113520 0.006978
v -0.118002 0.114179 0.006708
v -0.120815 0.115182 0.006733
v -0.120506 0.115636 0.006725
v -0.120588 0.115514 0.007104
v -0.122935 0.117200 0.006890
v -0.122731 0.117500 0.007198
v -0.118143 0.113974 0.007293
v -0.117819 0.114448 0.007561
v -0.120306 0.115928 0.007365
v -0.122666 0.117594 0.006871
v -0.117660 0.114681 0.006890
v -0.117319 0.115180 0.007079
v -0.120195 0.116091 0.006846
v -0.119887 0.116543 0.006989
v -0.122394 0.117993 0.006962
v -0.116979 0.115680 0.007267
v -0.120012 0.116358 0.007583
v -0.122481 0.117866 0.007408
v -0.119579 0.116993 0.007137
v -0.122124 0.118388 0.007070
v -0.121855 0.118783 0.007184
v -0.119272 0.117444 0.007284
v -0.116637 0.116181 0.007452
v -0.118964 0.117895 0.007428
v -0.121586 0.119178 0.007296
v -0.125024 0.119263 0.006981
v -0.124804 0.119586 0.006965
v -0.124581 0.119913 0.007036
v -0.125719 0.119953 0.007010
v -0.125517 0.120250 0.006995
v -0.124854 0.119512 0.007228
v -0.124648 0.119814 0.007395
v -0.124360 0.120237 0.007122
v -0.124139 0.120561 0.007211
v -0.125562 0.120184 0.007236
v -0.126342 0.120749 0.007055
v -0.126170 0.121000 0.007042
v -0.126208 0.120945 0.007245
v -0.125372 0.120462 0.007388
v -0.125311 0.120551 0.007060
v -0.125107 0.120850 0.007138
v -0.124904 0.121148 0.007219
v -0.125997 0.121255 0.007097
v -0.126710 0.121918 0.007156
v -0.126637 0.122025 0.007259
v -0.126617 0.122054 0.007150
v -0.125824 0.121508 0.007162
v -0.126523 0.122193 0.007179
v -0.125176 0.120750 0.007513
v -0.126047 0.121181 0.007372
v -0.126550 0.122153 0.007328
v -0.125881 0.121425 0.007477
v -0.126459 0.122286 0.007384
v -0.121316 0.119574 0.007405
v -0.123918 0.120885 0.007299
v -0.123697 0.121209 0.007384
v -0.121045 0.119970 0.007511
v -0.125652 0.121761 0.007230
v -0.126429 0.122330 0.007214
v -0.124700 0.121447 0.007299
v -0.124496 0.121746 0.007376
v -0.125479 0.122013 0.007296
v -0.126335 0.122467 0.007250
v -0.125877 0.123139 0.007447
v -0.126367 0.122420 0.007432
v -0.126242 0.122605 0.007286
v -0.125307 0.122267 0.007361
v -0.126148 0.122742 0.007321
v -0.125134 0.122520 0.007423
v -0.123475 0.121534 0.007466
v -0.124292 0.122045 0.007451
v -0.126054 0.122880 0.007354
v -0.125960 0.123018 0.007385
v -0.124960 0.122774 0.007481
v -0.125865 0.123156 0.007413
v -0.125770 0.123295 0.007439
v -0.124786 0.123029 0.007534
v -0.106523 0.105378 0.007839
v -0.108696 0.107318 0.007835
v -0.110877 0.109247 0.007837
v -0.106097 0.106003 0.008201
v -0.108280 0.107928 0.008176
v -0.113066 0.111163 0.007826
v -0.104911 0.107741 0.007829
v -0.110474 0.109838 0.008149
v -0.107857 0.108548 0.008490
v -0.107138 0.109603 0.007808
v -0.104473 0.108383 0.008146
v -0.106711 0.110228 0.008105
v -0.109386 0.111432 0.007772
v -0.104033 0.109028 0.008451
v -0.108973 0.112038 0.008041
v -0.106282 0.110858 0.008390
v -0.115269 0.113060 0.007817
v -0.112682 0.111727 0.008106
v -0.110064 0.110439 0.008435
v -0.114906 0.113592 0.008061
v -0.112292 0.112298 0.008362
v -0.114538 0.114131 0.008282
v -0.111664 0.113219 0.007731
v -0.113966 0.114971 0.007682
v -0.111271 0.113795 0.007971
v -0.113595 0.115514 0.007888
v -0.105664 0.106638 0.008535
v -0.105225 0.107281 0.008846
v -0.107429 0.109175 0.008781
v -0.109650 0.111046 0.008699
v -0.104778 0.107936 0.009119
v -0.106994 0.109813 0.009036
v -0.109229 0.111664 0.008928
v -0.106555 0.110456 0.009271
v -0.108804 0.112285 0.009138
v -0.111898 0.112876 0.008597
v -0.114167 0.114675 0.008483
v -0.111498 0.113462 0.008799
v -0.113791 0.115227 0.008655
v -0.111096 0.114052 0.008983
v -0.113413 0.115781 0.008808
v -0.117487 0.114934 0.007796
v -0.117150 0.115428 0.008004
v -0.119712 0.116798 0.007772
v -0.122222 0.118246 0.007582
v -0.119408 0.117245 0.007937
v -0.121958 0.118633 0.007730
v -0.121691 0.119024 0.007857
v -0.116810 0.115928 0.008192
v -0.116295 0.116682 0.007633
v -0.115951 0.117186 0.007806
v -0.118656 0.118348 0.007568
v -0.118346 0.118801 0.007701
v -0.116466 0.116432 0.008362
v -0.119100 0.117695 0.008083
v -0.121421 0.119419 0.007968
v -0.118791 0.118149 0.008214
v -0.118478 0.118608 0.008320
v -0.121150 0.119817 0.008066
v -0.120876 0.120218 0.008142
v -0.124436 0.120126 0.007532
v -0.124219 0.120444 0.007649
v -0.124000 0.120765 0.007749
v -0.124976 0.121043 0.007619
v -0.125712 0.121673 0.007566
v -0.123779 0.121089 0.007836
v -0.120774 0.120367 0.007610
v -0.123253 0.121860 0.007543
v -0.124774 0.121339 0.007711
v -0.126274 0.122557 0.007473
v -0.125541 0.121924 0.007642
v -0.126181 0.122694 0.007508
v -0.125368 0.122176 0.007708
v -0.126086 0.122832 0.007538
v -0.124570 0.121637 0.007789
v -0.124365 0.121938 0.007858
v -0.125195 0.122431 0.007765
v -0.124087 0.122345 0.007521
v -0.123030 0.122187 0.007614
v -0.125991 0.122971 0.007562
v -0.125896 0.123111 0.007581
v -0.125801 0.123251 0.007596
v -0.125020 0.122687 0.007809
v -0.123882 0.122647 0.007584
v -0.125675 0.123434 0.007463
v -0.125580 0.123574 0.007482
v -0.124612 0.123285 0.007583
v -0.125705 0.123391 0.007605
v -0.125485 0.123714 0.007499
v -0.125389 0.123854 0.007513
v -0.124437 0.123541 0.007627
v -0.125609 0.123531 0.007609
v -0.125513 0.123672 0.007610
v -0.125418 0.123812 0.007606
v -0.123556 0.121415 0.007911
v -0.124159 0.122240 0.007911
v -0.124845 0.122944 0.007845
v -0.124669 0.123202 0.007873
v -0.123332 0.121744 0.007970
v -0.123107 0.122073 0.008018
v -0.123952 0.122544 0.007954
v -0.116118 0.116942 0.008504
v -0.115768 0.117455 0.008630
v -0.108557 0.112648 0.008299
v -0.110876 0.114374 0.008200
v -0.113223 0.116060 0.008083
v -0.110479 0.114956 0.008420
v -0.112849 0.116607 0.008270
v -0.103591 0.109676 0.008747
v -0.105851 0.111489 0.008667
v -0.108140 0.113260 0.008548
v -0.105417 0.112125 0.008932
v -0.103147 0.110327 0.009032
v -0.102699 0.110984 0.009299
v -0.104981 0.112765 0.009180
v -0.107720 0.113875 0.008786
v -0.110081 0.115540 0.008629
v -0.113033 0.116339 0.008947
v -0.110691 0.114646 0.009151
v -0.112650 0.116900 0.009059
v -0.110283 0.115244 0.009290
v -0.112474 0.117157 0.008447
v -0.109680 0.116128 0.008823
v -0.112097 0.117710 0.008609
v -0.107298 0.114494 0.009008
v -0.106874 0.115115 0.009218
v -0.112265 0.117464 0.009154
v -0.109277 0.116719 0.009007
v -0.111718 0.118265 0.008761
v -0.108873 0.117311 0.009179
v -0.111339 0.118822 0.008902
v -0.108467 0.117906 0.009338
v -0.110957 0.119381 0.009031
v -0.115606 0.117692 0.007969
v -0.118036 0.119256 0.007826
v -0.120502 0.120766 0.007701
v -0.117724 0.119713 0.007943
v -0.115260 0.118199 0.008125
v -0.117412 0.120171 0.008052
v -0.114913 0.118708 0.008271
v -0.120230 0.121166 0.007787
v -0.119956 0.121566 0.007865
v -0.117098 0.120631 0.008148
v -0.114564 0.119220 0.008404
v -0.119682 0.121968 0.007932
v -0.116783 0.121092 0.008236
v -0.114214 0.119733 0.008527
v -0.119408 0.122371 0.007991
v -0.116468 0.121554 0.008315
v -0.119132 0.122775 0.008043
v -0.116152 0.122017 0.008383
v -0.122807 0.122514 0.007679
v -0.122583 0.122843 0.007738
v -0.122358 0.123172 0.007788
v -0.123676 0.122948 0.007643
v -0.125294 0.123994 0.007524
v -0.125322 0.123953 0.007598
v -0.125198 0.124134 0.007532
v -0.124262 0.123798 0.007664
v -0.125226 0.124093 0.007585
v -0.125102 0.124275 0.007537
v -0.125131 0.124232 0.007568
v -0.125036 0.124372 0.007546
v -0.124087 0.124055 0.007697
v -0.123470 0.123251 0.007696
v -0.123911 0.124313 0.007724
v -0.123735 0.124571 0.007745
v -0.124493 0.123460 0.007891
v -0.124316 0.123718 0.007900
v -0.124140 0.123977 0.007902
v -0.123963 0.124236 0.007896
v -0.123558 0.124829 0.007760
v -0.123382 0.125088 0.007770
v -0.123435 0.125010 0.007827
v -0.123260 0.125266 0.007788
v -0.123263 0.123554 0.007742
v -0.122133 0.123502 0.007833
v -0.123055 0.123858 0.007781
v -0.123787 0.124494 0.007881
v -0.123611 0.124752 0.007858
v -0.122847 0.124163 0.007814
v -0.120602 0.120620 0.008205
v -0.118164 0.119068 0.008411
v -0.120327 0.121024 0.008257
v -0.122882 0.122404 0.008057
v -0.122656 0.122735 0.008081
v -0.120051 0.121428 0.008291
v -0.122429 0.123067 0.008095
v -0.119774 0.121834 0.008313
v -0.122203 0.123399 0.008100
v -0.123744 0.122848 0.007989
v -0.123536 0.123154 0.008010
v -0.123328 0.123459 0.008022
v -0.123119 0.123765 0.008025
v -0.122910 0.124070 0.008019
v -0.121907 0.123832 0.007870
v -0.121681 0.124164 0.007900
v -0.122639 0.124468 0.007841
v -0.122431 0.124773 0.007860
v -0.122223 0.125079 0.007872
v -0.121455 0.124495 0.007922
v -0.122080 0.125289 0.007895
v -0.122287 0.124985 0.007940
v -0.119497 0.122239 0.008324
v -0.121977 0.123731 0.008094
v -0.119221 0.122645 0.008321
v -0.121750 0.124062 0.008076
v -0.118857 0.123179 0.008085
v -0.118580 0.123584 0.008118
v -0.118944 0.123051 0.008304
v -0.121524 0.124394 0.008049
v -0.118668 0.123456 0.008274
v -0.121299 0.124724 0.008011
v -0.122702 0.124376 0.008002
v -0.122494 0.124681 0.007976
v -0.121229 0.124827 0.007937
v -0.121074 0.125054 0.007963
v -0.115416 0.117970 0.008742
v -0.117849 0.119531 0.008490
v -0.117532 0.119995 0.008547
v -0.115063 0.118488 0.008830
v -0.117214 0.120460 0.008591
v -0.116897 0.120926 0.008621
v -0.114708 0.119008 0.008902
v -0.113862 0.120248 0.008640
v -0.116578 0.121393 0.008636
v -0.116260 0.121860 0.008634
v -0.114353 0.119529 0.008960
v -0.111880 0.118029 0.009234
v -0.113996 0.120052 0.009000
v -0.115835 0.122482 0.008441
v -0.118304 0.123989 0.008142
v -0.118117 0.124263 0.008179
v -0.118392 0.123860 0.008233
v -0.115518 0.122947 0.008489
v -0.115306 0.123258 0.008545
v -0.113510 0.120765 0.008742
v -0.115942 0.122326 0.008619
v -0.115624 0.122792 0.008590
v -0.113157 0.121283 0.008832
v -0.112802 0.121802 0.008910
v -0.112926 0.121622 0.009018
v -0.111493 0.118596 0.009295
v -0.113640 0.120575 0.009021
v -0.110575 0.119942 0.009147
v -0.111106 0.119164 0.009335
v -0.113283 0.121098 0.009027
v -0.110718 0.119732 0.009358
v -0.112569 0.122145 0.008991
v -0.110191 0.120505 0.009252
v -0.109941 0.120870 0.009352
v -0.110329 0.120301 0.009365
v -0.090842 0.097609 0.009576
v -0.090450 0.098184 0.009749
v -0.086990 0.098132 0.009658
v -0.086652 0.098626 0.009688
v -0.090056 0.098763 0.009905
v -0.089434 0.099675 0.009586
v -0.089659 0.099345 0.010039
v -0.089260 0.099929 0.010153
v -0.093231 0.099234 0.009612
v -0.092804 0.099860 0.009828
v -0.095730 0.100697 0.009442
v -0.095288 0.101344 0.009697
v -0.092374 0.100489 0.010025
v -0.091942 0.101123 0.010204
v -0.094842 0.101998 0.009920
v -0.094392 0.102657 0.010123
v -0.097829 0.102745 0.009478
v -0.099965 0.104740 0.009480
v -0.097374 0.103412 0.009734
v -0.102134 0.106686 0.009444
v -0.099504 0.105416 0.009734
v -0.101674 0.107360 0.009691
v -0.096913 0.104088 0.009957
v -0.099037 0.106100 0.009954
v -0.089049 0.100238 0.009809
v -0.088859 0.100517 0.010249
v -0.088663 0.100804 0.010020
v -0.088458 0.101106 0.010326
v -0.088275 0.101373 0.010220
v -0.088055 0.101696 0.010383
v -0.091680 0.101508 0.009611
v -0.094108 0.103074 0.009413
v -0.093672 0.103713 0.009696
v -0.091262 0.102120 0.009875
v -0.090841 0.102737 0.010125
v -0.093234 0.104355 0.009967
v -0.096166 0.105183 0.009438
v -0.098289 0.107197 0.009435
v -0.095716 0.105843 0.009721
v -0.096450 0.104767 0.010159
v -0.101210 0.108041 0.009905
v -0.098568 0.106788 0.010154
v -0.100742 0.108727 0.010098
v -0.100472 0.109122 0.009393
v -0.097832 0.107866 0.009715
v -0.100017 0.109789 0.009664
v -0.095263 0.106506 0.009991
v -0.097374 0.108539 0.009982
v -0.099559 0.110460 0.009923
v -0.091507 0.101761 0.010360
v -0.091070 0.102402 0.010492
v -0.090631 0.103045 0.010606
v -0.093940 0.103320 0.010307
v -0.093485 0.103987 0.010467
v -0.090418 0.103357 0.010363
v -0.090190 0.103691 0.010699
v -0.089993 0.103981 0.010587
v -0.092794 0.105001 0.010224
v -0.092350 0.105651 0.010467
v -0.089748 0.104339 0.010770
v -0.093028 0.104658 0.010603
v -0.092568 0.105331 0.010719
v -0.092108 0.106007 0.010813
v -0.095984 0.105451 0.010342
v -0.095514 0.106138 0.010501
v -0.098096 0.107480 0.010335
v -0.097621 0.108176 0.010490
v -0.094808 0.107173 0.010248
v -0.100272 0.109416 0.010273
v -0.099799 0.110110 0.010422
v -0.095043 0.106829 0.010634
v -0.094570 0.107523 0.010747
v -0.097144 0.108876 0.010621
v -0.099323 0.110806 0.010547
v -0.091905 0.106304 0.010697
v -0.091645 0.106684 0.010885
v -0.094351 0.107844 0.010489
v -0.096912 0.109215 0.010235
v -0.099099 0.111135 0.010167
v -0.096448 0.109895 0.010472
v -0.098636 0.111813 0.010396
v -0.094095 0.108219 0.010838
v -0.096665 0.109578 0.010730
v -0.093891 0.108518 0.010717
v -0.093619 0.108917 0.010905
v -0.096184 0.110282 0.010818
v -0.098847 0.111505 0.010651
v -0.098369 0.112206 0.010733
v -0.095982 0.110579 0.010696
v -0.095703 0.110988 0.010882
v -0.098172 0.112495 0.010611
v -0.097889 0.112909 0.010792
v -0.104328 0.108596 0.009371
v -0.103874 0.109261 0.009604
v -0.106113 0.111104 0.009488
v -0.108378 0.112911 0.009330
v -0.105667 0.111758 0.009673
v -0.107947 0.113542 0.009492
v -0.103415 0.109934 0.009805
v -0.102954 0.110610 0.009986
v -0.105218 0.112416 0.009839
v -0.102249 0.111643 0.009555
v -0.104542 0.113407 0.009418
v -0.107514 0.114177 0.009636
v -0.104768 0.113077 0.009986
v -0.107079 0.114814 0.009761
v -0.109873 0.115845 0.009411
v -0.109461 0.116448 0.009516
v -0.106643 0.115454 0.009865
v -0.109048 0.117054 0.009600
v -0.102490 0.111290 0.010147
v -0.102024 0.111973 0.010285
v -0.104315 0.113741 0.010110
v -0.101797 0.112306 0.009798
v -0.104102 0.114053 0.009642
v -0.101342 0.112972 0.010027
v -0.106448 0.115740 0.009417
v -0.103659 0.114702 0.009852
v -0.106020 0.116367 0.009601
v -0.103214 0.115355 0.010048
v -0.105590 0.116997 0.009772
v -0.102767 0.116009 0.010230
v -0.108634 0.117661 0.009662
v -0.108059 0.118504 0.009483
v -0.108219 0.118269 0.009706
v -0.106205 0.116096 0.009945
v -0.105766 0.116739 0.010007
v -0.107650 0.119103 0.009615
v -0.107804 0.118878 0.009731
v -0.107388 0.119488 0.009737
v -0.105159 0.117629 0.009929
v -0.105326 0.117384 0.010049
v -0.104886 0.118029 0.010069
v -0.101556 0.112659 0.010398
v -0.103860 0.114408 0.010210
v -0.100886 0.113642 0.010241
v -0.103404 0.115077 0.010291
v -0.101087 0.113347 0.010491
v -0.100427 0.114315 0.010440
v -0.102946 0.115747 0.010351
v -0.100616 0.114037 0.010562
v -0.102489 0.116418 0.010388
v -0.100144 0.114729 0.010611
v -0.043439 0.044796 0.008179
v -0.046250 0.045801 0.008545
v -0.043252 0.045070 0.008142
v -0.046038 0.046112 0.008489
v -0.042976 0.045475 0.008118
v -0.040327 0.044232 0.007937
v -0.040482 0.044005 0.007963
v -0.040257 0.044334 0.008011
v -0.043164 0.045199 0.008233
v -0.040101 0.044564 0.007922
v -0.042888 0.045603 0.008274
v -0.045721 0.046577 0.008441
v -0.042699 0.045880 0.008085
v -0.045404 0.047041 0.008383
v -0.045932 0.046266 0.008590
v -0.045614 0.046733 0.008619
v -0.042612 0.046008 0.008304
v -0.045296 0.047199 0.008634
v -0.048987 0.046914 0.008991
v -0.048754 0.047256 0.008910
v -0.048630 0.047437 0.009018
v -0.051615 0.048188 0.009352
v -0.051226 0.048757 0.009365
v -0.051365 0.048554 0.009252
v -0.048399 0.047776 0.008832
v -0.050981 0.049117 0.009147
v -0.048046 0.048294 0.008742
v -0.045088 0.047504 0.008315
v -0.047694 0.048810 0.008640
v -0.050217 0.050236 0.008902
v -0.047342 0.049325 0.008527
v -0.049837 0.050793 0.008761
v -0.048273 0.047960 0.009027
v -0.047916 0.048484 0.009021
v -0.044978 0.047666 0.008636
v -0.047560 0.049007 0.009000
v -0.050838 0.049326 0.009358
v -0.050450 0.049895 0.009335
v -0.050599 0.049677 0.009031
v -0.050063 0.050463 0.009295
v -0.038296 0.043792 0.007788
v -0.039269 0.044074 0.007940
v -0.039476 0.043770 0.007895
v -0.039333 0.043980 0.007872
v -0.038174 0.043971 0.007770
v -0.038121 0.044049 0.007827
v -0.039125 0.044286 0.007860
v -0.038916 0.044591 0.007841
v -0.037998 0.044229 0.007760
v -0.037821 0.044488 0.007745
v -0.036454 0.044784 0.007537
v -0.036520 0.044687 0.007546
v -0.037645 0.044746 0.007724
v -0.038708 0.044896 0.007814
v -0.039874 0.044895 0.007900
v -0.039649 0.045226 0.007870
v -0.038501 0.045200 0.007781
v -0.039423 0.045557 0.007833
v -0.042148 0.046688 0.007991
v -0.039198 0.045887 0.007788
v -0.040031 0.044665 0.008049
v -0.039062 0.044378 0.007976
v -0.039806 0.044996 0.008076
v -0.037945 0.044307 0.007858
v -0.038854 0.044683 0.008002
v -0.037769 0.044565 0.007881
v -0.038645 0.044988 0.008019
v -0.039579 0.045328 0.008094
v -0.039353 0.045660 0.008100
v -0.042424 0.046284 0.008043
v -0.042335 0.046414 0.008321
v -0.041874 0.047090 0.007932
v -0.044772 0.047967 0.008236
v -0.044458 0.048428 0.008148
v -0.041599 0.047492 0.007865
v -0.042059 0.046819 0.008324
v -0.041782 0.047225 0.008313
v -0.036425 0.044826 0.007568
v -0.036358 0.044924 0.007532
v -0.036262 0.045065 0.007524
v -0.036071 0.045345 0.007499
v -0.037469 0.045004 0.007697
v -0.036329 0.044966 0.007585
v -0.036166 0.045205 0.007513
v -0.036234 0.045106 0.007598
v -0.037294 0.045261 0.007664
v -0.038293 0.045504 0.007742
v -0.037119 0.045518 0.007627
v -0.038086 0.045808 0.007696
v -0.037593 0.044823 0.007896
v -0.036138 0.045246 0.007606
v -0.037416 0.045082 0.007902
v -0.038973 0.046216 0.007738
v -0.035976 0.045485 0.007482
v -0.036944 0.045774 0.007583
v -0.037880 0.046110 0.007643
v -0.035679 0.045920 0.007447
v -0.035880 0.045624 0.007463
v -0.035786 0.045763 0.007439
v -0.036770 0.046029 0.007534
v -0.037674 0.046412 0.007584
v -0.038749 0.046544 0.007679
v -0.038526 0.046872 0.007614
v -0.037469 0.046713 0.007521
v -0.036042 0.045387 0.007610
v -0.037240 0.045340 0.007900
v -0.035947 0.045527 0.007609
v -0.037063 0.045599 0.007891
v -0.035851 0.045668 0.007605
v -0.036887 0.045857 0.007873
v -0.041326 0.047893 0.007787
v -0.043832 0.049346 0.007943
v -0.041054 0.048292 0.007701
v -0.038303 0.047199 0.007543
v -0.040782 0.048691 0.007610
v -0.043520 0.049802 0.007826
v -0.038437 0.045294 0.008025
v -0.038228 0.045600 0.008022
v -0.038020 0.045905 0.008010
v -0.039126 0.045992 0.008095
v -0.038900 0.046323 0.008081
v -0.037812 0.046210 0.007989
v -0.036711 0.046115 0.007845
v -0.037604 0.046515 0.007954
v -0.038674 0.046655 0.008057
v -0.038449 0.046985 0.008018
v -0.044144 0.048888 0.008052
v -0.041505 0.047630 0.008291
v -0.041229 0.048035 0.008257
v -0.040954 0.048438 0.008205
v -0.040680 0.048841 0.008142
v -0.043392 0.049990 0.008411
v -0.043078 0.050451 0.008320
v -0.046992 0.049839 0.008404
v -0.046643 0.050350 0.008271
v -0.049082 0.051901 0.008447
v -0.046296 0.050860 0.008125
v -0.043210 0.050257 0.007701
v -0.045950 0.051367 0.007969
v -0.045605 0.051873 0.007806
v -0.048706 0.052451 0.008270
v -0.048333 0.052999 0.008083
v -0.047961 0.053545 0.007888
v -0.044659 0.048132 0.008621
v -0.044342 0.048598 0.008591
v -0.044024 0.049064 0.008547
v -0.043707 0.049528 0.008490
v -0.047203 0.049529 0.008960
v -0.046848 0.050050 0.008902
v -0.046493 0.050570 0.008830
v -0.049459 0.051348 0.008609
v -0.049676 0.051030 0.009234
v -0.049291 0.051595 0.009154
v -0.048906 0.052159 0.009059
v -0.046140 0.051089 0.008742
v -0.045788 0.051604 0.008630
v -0.045438 0.052117 0.008504
v -0.048143 0.053278 0.008808
v -0.047765 0.053832 0.008655
v -0.048523 0.052720 0.008947
v -0.053089 0.051152 0.009338
v -0.052683 0.051747 0.009179
v -0.052279 0.052340 0.009007
v -0.051077 0.054103 0.008420
v -0.050680 0.054684 0.008200
v -0.050285 0.055264 0.007971
v -0.052999 0.056411 0.008299
v -0.052583 0.057020 0.008041
v -0.055274 0.058201 0.008390
v -0.051475 0.053518 0.008629
v -0.051876 0.052930 0.008823
v -0.053836 0.055184 0.008786
v -0.054682 0.053943 0.009218
v -0.054258 0.054565 0.009008
v -0.051273 0.053815 0.009290
v -0.056575 0.056294 0.009180
v -0.053416 0.055799 0.008548
v -0.055705 0.057569 0.008667
v -0.050865 0.054413 0.009151
v -0.050460 0.055007 0.008983
v -0.050058 0.055597 0.008799
v -0.052752 0.056773 0.009138
v -0.056139 0.056934 0.008932
v -0.058857 0.058075 0.009299
v -0.058409 0.058731 0.009032
v -0.057965 0.059383 0.008747
v -0.057523 0.060031 0.008451
v -0.060181 0.061260 0.008809
v -0.059734 0.061915 0.008497
v -0.060630 0.060601 0.009110
v -0.035691 0.045902 0.007413
v -0.035596 0.046041 0.007385
v -0.036596 0.046284 0.007481
v -0.035502 0.046179 0.007354
v -0.036422 0.046539 0.007423
v -0.035408 0.046317 0.007321
v -0.037264 0.047013 0.007451
v -0.036249 0.046792 0.007361
v -0.037060 0.047313 0.007376
v -0.038081 0.047525 0.007466
v -0.037859 0.047850 0.007384
v -0.035127 0.046729 0.007214
v -0.035732 0.047551 0.007162
v -0.035033 0.046866 0.007179
v -0.035904 0.047298 0.007230
v -0.036652 0.047910 0.007219
v -0.035314 0.046454 0.007286
v -0.035221 0.046591 0.007250
v -0.036077 0.047045 0.007296
v -0.036856 0.047612 0.007299
v -0.035006 0.046906 0.007328
v -0.035097 0.046773 0.007384
v -0.035189 0.046638 0.007432
v -0.034939 0.047004 0.007150
v -0.034846 0.047141 0.007156
v -0.034919 0.047034 0.007259
v -0.035675 0.047634 0.007477
v -0.037638 0.048174 0.007299
v -0.037417 0.048498 0.007211
v -0.040511 0.049089 0.007511
v -0.040240 0.049485 0.007405
v -0.039970 0.049880 0.007296
v -0.039701 0.050275 0.007184
v -0.042592 0.051163 0.007428
v -0.042284 0.051615 0.007284
v -0.036039 0.048809 0.006995
v -0.036975 0.049146 0.007036
v -0.036752 0.049473 0.006965
v -0.035837 0.049106 0.007010
v -0.036532 0.049795 0.006981
v -0.039162 0.051066 0.006962
v -0.039432 0.050670 0.007070
v -0.041669 0.052516 0.006989
v -0.038890 0.051465 0.006871
v -0.038621 0.051859 0.006890
v -0.041361 0.052967 0.006846
v -0.035386 0.048058 0.007042
v -0.035559 0.047804 0.007097
v -0.036449 0.048209 0.007138
v -0.035214 0.048310 0.007055
v -0.036245 0.048508 0.007060
v -0.035348 0.048114 0.007245
v -0.037196 0.048822 0.007122
v -0.035509 0.047878 0.007372
v -0.035994 0.048875 0.007236
v -0.036184 0.048597 0.007388
v -0.036908 0.049244 0.007395
v -0.036380 0.048309 0.007513
v -0.036702 0.049546 0.007228
v -0.041977 0.052065 0.007137
v -0.038825 0.051559 0.007198
v -0.039075 0.051193 0.007408
v -0.040967 0.053545 0.007104
v -0.044919 0.052878 0.007452
v -0.044577 0.053379 0.007267
v -0.047221 0.054629 0.007469
v -0.046853 0.055169 0.007251
v -0.044236 0.053878 0.007079
v -0.043896 0.054378 0.006890
v -0.043554 0.054879 0.006708
v -0.041050 0.053423 0.006725
v -0.046485 0.055708 0.007029
v -0.046118 0.056247 0.006808
v -0.041250 0.053131 0.007365
v -0.043413 0.055085 0.007293
v -0.041544 0.052700 0.007583
v -0.043208 0.055386 0.006551
v -0.045749 0.056788 0.006594
v -0.045375 0.057335 0.006408
v -0.042861 0.055894 0.006541
v -0.044999 0.057887 0.006386
v -0.040741 0.053876 0.006733
v -0.043104 0.055539 0.006978
v -0.045253 0.057515 0.006876
v -0.045583 0.057030 0.007236
v -0.043737 0.054611 0.007561
v -0.049500 0.056414 0.007484
v -0.051758 0.058230 0.007494
v -0.049109 0.056987 0.007231
v -0.048719 0.057558 0.006975
v -0.048329 0.058130 0.006720
v -0.050938 0.059433 0.006927
v -0.050527 0.060034 0.006642
v -0.053147 0.061320 0.006879
v -0.051347 0.058832 0.007212
v -0.053993 0.060079 0.007502
v -0.053570 0.060700 0.007192
v -0.055775 0.062592 0.007174
v -0.055342 0.063228 0.006841
v -0.056210 0.061956 0.007504
v -0.058406 0.063862 0.007503
v -0.057967 0.064505 0.007157
v -0.047938 0.058704 0.006473
v -0.047540 0.059287 0.006257
v -0.047138 0.059877 0.006220
v -0.050115 0.060638 0.006367
v -0.052723 0.061941 0.006567
v -0.049697 0.061252 0.006125
v -0.052297 0.062565 0.006265
v -0.049271 0.061875 0.006077
v -0.051864 0.063200 0.006000
v -0.047399 0.059494 0.006762
v -0.051422 0.063848 0.005939
v -0.049538 0.061484 0.006664
v -0.054908 0.063864 0.006510
v -0.054471 0.064505 0.006191
v -0.057089 0.065792 0.006463
v -0.054026 0.065157 0.005909
v -0.053571 0.065824 0.005843
v -0.051689 0.063456 0.006564
v -0.056647 0.066440 0.006130
v -0.056197 0.067101 0.005836
v -0.055734 0.067778 0.005765
v -0.053838 0.065432 0.006497
v -0.055998 0.067392 0.006440
v -0.047746 0.058985 0.007166
v -0.049900 0.060953 0.007107
v -0.045930 0.056521 0.007544
v -0.048113 0.058448 0.007515
v -0.050283 0.060392 0.007493
v -0.052060 0.062913 0.007042
v -0.057529 0.065148 0.006809
v -0.054215 0.064880 0.007001
v -0.052453 0.062337 0.007460
v -0.054617 0.064291 0.007442
v -0.056377 0.066837 0.006963
v -0.056781 0.066244 0.007422
v -0.035755 0.045808 0.007596
v -0.035660 0.045948 0.007581
v -0.035565 0.046087 0.007562
v -0.035375 0.046365 0.007508
v -0.035470 0.046226 0.007538
v -0.036536 0.046372 0.007809
v -0.036361 0.046628 0.007765
v -0.037397 0.046818 0.007911
v -0.037191 0.047121 0.007858
v -0.036986 0.047421 0.007789
v -0.037777 0.047969 0.007836
v -0.038000 0.047643 0.007911
v -0.035282 0.046502 0.007473
v -0.036015 0.047135 0.007642
v -0.036188 0.046882 0.007708
v -0.035844 0.047386 0.007566
v -0.036580 0.048016 0.007619
v -0.036782 0.047720 0.007711
v -0.037337 0.048615 0.007649
v -0.037556 0.048293 0.007749
v -0.042900 0.050711 0.007568
v -0.039865 0.050034 0.007857
v -0.039598 0.050426 0.007730
v -0.038224 0.047315 0.007970
v -0.040406 0.049242 0.008066
v -0.040135 0.049639 0.007968
v -0.042765 0.050909 0.008214
v -0.042455 0.051363 0.008083
v -0.042148 0.051814 0.007937
v -0.037120 0.048932 0.007532
v -0.039334 0.050813 0.007582
v -0.041844 0.052260 0.007772
v -0.045261 0.052376 0.007633
v -0.047590 0.054088 0.007682
v -0.045090 0.052627 0.008362
v -0.044405 0.053631 0.008004
v -0.044746 0.053131 0.008192
v -0.047018 0.054927 0.008282
v -0.044068 0.054125 0.007796
v -0.046287 0.055998 0.007817
v -0.046650 0.055466 0.008061
v -0.047389 0.054383 0.008483
v -0.049892 0.055840 0.007731
v -0.052170 0.057626 0.007772
v -0.054418 0.059456 0.007808
v -0.054845 0.058830 0.008105
v -0.048490 0.057895 0.007826
v -0.048874 0.057332 0.008106
v -0.049264 0.056760 0.008362
v -0.051082 0.059220 0.008149
v -0.050679 0.059812 0.007837
v -0.052860 0.061740 0.007835
v -0.053276 0.061130 0.008176
v -0.051492 0.058620 0.008435
v -0.056645 0.061317 0.007829
v -0.057083 0.060676 0.008146
v -0.059289 0.062568 0.008176
v -0.058846 0.063216 0.007844
v -0.055459 0.063056 0.008201
v -0.053699 0.060511 0.008490
v -0.049658 0.056183 0.008597
v -0.051906 0.058012 0.008699
v -0.052327 0.057395 0.008928
v -0.054562 0.059245 0.009036
v -0.054127 0.059883 0.008781
v -0.055001 0.058602 0.009271
v -0.056778 0.061123 0.009119
v -0.056331 0.061778 0.008846
v -0.058513 0.063705 0.008890
v -0.058966 0.063042 0.009177
v -0.055892 0.062421 0.008535
v -0.057631 0.064997 0.008214
v -0.058069 0.064355 0.008564
v -0.055033 0.063680 0.007839
v -0.057201 0.065628 0.007836
v -0.062363 0.063187 0.008835
v -0.062813 0.062527 0.009143
v -0.064942 0.064532 0.009143
v -0.064498 0.065183 0.008832
v -0.067015 0.066620 0.009119
v -0.060585 0.065793 0.007496
v -0.060145 0.066438 0.007143
v -0.062746 0.067752 0.007485
v -0.059706 0.067082 0.006787
v -0.059266 0.067727 0.006435
v -0.061879 0.069023 0.006775
v -0.061445 0.069659 0.006421
v -0.058822 0.068377 0.006095
v -0.058370 0.069040 0.005796
v -0.061007 0.070300 0.006082
v -0.060561 0.070955 0.005784
v -0.063207 0.072202 0.006084
v -0.063630 0.071581 0.006420
v -0.064050 0.070965 0.006769
v -0.066218 0.072913 0.006776
v -0.065817 0.073501 0.006439
v -0.065412 0.074095 0.006116
v -0.068030 0.075383 0.006518
v -0.067659 0.075926 0.006232
v -0.062312 0.068388 0.007131
v -0.064470 0.070351 0.007121
v -0.064889 0.069735 0.007472
v -0.058164 0.069342 0.006411
v -0.058542 0.068789 0.006944
v -0.060351 0.071262 0.006399
v -0.060722 0.070719 0.006933
v -0.058946 0.068196 0.007412
v -0.062920 0.072622 0.006921
v -0.061119 0.070136 0.007402
v -0.063303 0.072060 0.007384
v -0.066618 0.072327 0.007116
v -0.067019 0.071740 0.007455
v -0.069129 0.073772 0.007425
v -0.068763 0.074309 0.007122
v -0.068397 0.074845 0.006819
v -0.065131 0.074507 0.006928
v -0.065496 0.073972 0.007375
v -0.070287 0.077200 0.006669
v -0.071218 0.075836 0.007383
v -0.070908 0.076290 0.007144
v -0.070598 0.076745 0.006905
v -0.072803 0.078638 0.007001
v -0.072556 0.079000 0.006834
v -0.074973 0.080582 0.007067
v -0.073049 0.078278 0.007172
v -0.073295 0.077917 0.007342
v -0.073541 0.077555 0.007511
v -0.075586 0.079683 0.007437
v -0.075382 0.079983 0.007314
v -0.075178 0.080283 0.007191
v -0.077302 0.082295 0.007199
v -0.061469 0.064497 0.008185
v -0.061915 0.063844 0.008514
v -0.064057 0.065830 0.008509
v -0.063617 0.066474 0.008178
v -0.061026 0.065147 0.007845
v -0.063181 0.067114 0.007835
v -0.065310 0.069119 0.007819
v -0.065732 0.068499 0.008159
v -0.066158 0.067876 0.008488
v -0.067420 0.071151 0.007791
v -0.068229 0.069965 0.008439
v -0.067823 0.070560 0.008120
v -0.070236 0.072150 0.008305
v -0.069865 0.072693 0.008020
v -0.066585 0.067250 0.008809
v -0.060235 0.066306 0.008579
v -0.060680 0.065654 0.008912
v -0.062389 0.068274 0.008572
v -0.061134 0.064989 0.009206
v -0.062828 0.067631 0.008907
v -0.063275 0.066975 0.009203
v -0.064956 0.069638 0.008874
v -0.065389 0.069003 0.009168
v -0.068637 0.069368 0.008750
v -0.070983 0.071054 0.008851
v -0.070608 0.071603 0.008582
v -0.069047 0.068767 0.009050
v -0.069460 0.068161 0.009336
v -0.071361 0.070500 0.009106
v -0.067486 0.071054 0.009099
v -0.067072 0.071661 0.008815
v -0.069557 0.073144 0.008933
v -0.067904 0.070442 0.009365
v -0.069939 0.072585 0.009168
v -0.059366 0.067580 0.007834
v -0.059797 0.066949 0.008221
v -0.061533 0.069530 0.007825
v -0.061957 0.068908 0.008213
v -0.063703 0.071475 0.007803
v -0.064113 0.070873 0.008186
v -0.069496 0.073234 0.007726
v -0.066268 0.072840 0.008150
v -0.064531 0.070260 0.008542
v -0.065877 0.073413 0.007779
v -0.067737 0.075813 0.007391
v -0.068085 0.075302 0.007754
v -0.068443 0.074777 0.008086
v -0.066667 0.072255 0.008494
v -0.068808 0.074242 0.008394
v -0.069179 0.073699 0.008680
v -0.072153 0.074465 0.008075
v -0.072468 0.074004 0.008292
v -0.074789 0.075726 0.008276
v -0.074537 0.076096 0.008137
v -0.072784 0.073540 0.008503
v -0.075043 0.075354 0.008409
v -0.076830 0.077861 0.008079
v -0.077040 0.077553 0.008166
v -0.079402 0.079216 0.008207
v -0.077462 0.076933 0.008322
v -0.077675 0.076622 0.008390
v -0.077251 0.077244 0.008247
v -0.079046 0.079738 0.008086
v -0.079224 0.079477 0.008149
v -0.079500 0.079073 0.008263
v -0.076067 0.073852 0.008866
v -0.077792 0.076450 0.008457
v -0.076211 0.073642 0.008957
v -0.077576 0.076766 0.008469
v -0.075810 0.074230 0.008763
v -0.071740 0.069944 0.009351
v -0.073423 0.072603 0.008892
v -0.073745 0.072132 0.009074
v -0.074393 0.071180 0.009408
v -0.074068 0.071657 0.009246
v -0.073103 0.073073 0.008701
v -0.075297 0.074981 0.008535
v -0.075553 0.074607 0.008653
v -0.074720 0.070701 0.009560
v -0.075947 0.074029 0.008952
v -0.074230 0.071420 0.009610
v -0.075419 0.074802 0.008901
v -0.075683 0.074416 0.008933
v -0.073894 0.071913 0.009547
v -0.075156 0.075188 0.008858
v -0.077361 0.077083 0.008471
v -0.077145 0.077399 0.008462
v -0.076929 0.077715 0.008444
v -0.076714 0.078030 0.008414
v -0.074894 0.075572 0.008801
v -0.074633 0.075955 0.008730
v -0.073226 0.072893 0.009372
v -0.072894 0.073379 0.009258
v -0.070324 0.072021 0.009387
v -0.071912 0.074819 0.008821
v -0.072236 0.074343 0.008988
v -0.072564 0.073862 0.009130
v -0.074373 0.076336 0.008647
v -0.073559 0.072404 0.009468
v -0.079318 0.079339 0.008274
v -0.079137 0.079605 0.008276
v -0.078955 0.079871 0.008270
v -0.071840 0.074924 0.007851
v -0.071528 0.075381 0.007619
v -0.073789 0.077193 0.007676
v -0.075792 0.079383 0.007556
v -0.075998 0.079081 0.007671
v -0.074037 0.076829 0.007835
v -0.074287 0.076463 0.007989
v -0.076204 0.078778 0.007781
v -0.076412 0.078474 0.007887
v -0.076620 0.078168 0.007986
v -0.070050 0.077548 0.007422
v -0.070345 0.077115 0.007713
v -0.072616 0.078913 0.007656
v -0.070648 0.076670 0.007977
v -0.072857 0.078559 0.007847
v -0.074831 0.080790 0.007622
v -0.075032 0.080496 0.007763
v -0.070957 0.076218 0.008219
v -0.073102 0.078199 0.008021
v -0.071270 0.075759 0.008444
v -0.075236 0.080198 0.007890
v -0.073351 0.077835 0.008180
v -0.075651 0.079589 0.008099
v -0.073858 0.077091 0.008440
v -0.073603 0.077465 0.008316
v -0.075861 0.079281 0.008185
v -0.075442 0.079896 0.008004
v -0.076499 0.078345 0.008372
v -0.076286 0.078658 0.008321
v -0.076072 0.078971 0.008261
v -0.071590 0.075291 0.008640
v -0.074114 0.076716 0.008554
v -0.054168 0.049571 0.009737
v -0.053906 0.049955 0.009615
v -0.053752 0.050180 0.009731
v -0.053497 0.050555 0.009483
v -0.053337 0.050789 0.009706
v -0.055966 0.052062 0.009772
v -0.056670 0.051029 0.010069
v -0.056397 0.051429 0.009929
v -0.056230 0.051675 0.010049
v -0.055790 0.052319 0.010007
v -0.058789 0.053049 0.010230
v -0.055536 0.052692 0.009601
v -0.058342 0.053704 0.010048
v -0.052922 0.051398 0.009662
v -0.055108 0.053319 0.009417
v -0.052508 0.052005 0.009600
v -0.052095 0.052610 0.009516
v -0.057454 0.055005 0.009642
v -0.055351 0.052963 0.009945
v -0.054913 0.053605 0.009865
v -0.057897 0.054356 0.009852
v -0.054477 0.054245 0.009761
v -0.057241 0.055317 0.010110
v -0.057014 0.055651 0.009418
v -0.059759 0.056753 0.009798
v -0.059307 0.057415 0.009555
v -0.060214 0.056086 0.010027
v -0.056788 0.055982 0.009986
v -0.062457 0.057924 0.010167
v -0.061997 0.058598 0.009923
v -0.059067 0.052641 0.010388
v -0.058609 0.053312 0.010351
v -0.058152 0.053982 0.010291
v -0.057696 0.054651 0.010210
v -0.061129 0.054744 0.010440
v -0.061412 0.054330 0.010611
v -0.060940 0.055021 0.010562
v -0.060670 0.055417 0.010241
v -0.060469 0.055711 0.010491
v -0.062920 0.057245 0.010396
v -0.063384 0.056564 0.010611
v -0.063667 0.056150 0.010792
v -0.063187 0.056853 0.010733
v -0.062709 0.057554 0.010651
v -0.060000 0.056400 0.010398
v -0.059532 0.057086 0.010285
v -0.061757 0.058949 0.010422
v -0.062232 0.058252 0.010547
v -0.051683 0.053214 0.009411
v -0.054042 0.054882 0.009636
v -0.053609 0.055516 0.009492
v -0.055889 0.057300 0.009673
v -0.056338 0.056642 0.009839
v -0.053178 0.056148 0.009330
v -0.055442 0.057954 0.009488
v -0.061539 0.059269 0.009664
v -0.061084 0.059937 0.009393
v -0.058602 0.058449 0.009986
v -0.058141 0.059125 0.009805
v -0.057228 0.060462 0.009371
v -0.057682 0.059797 0.009604
v -0.060346 0.061017 0.009905
v -0.060814 0.060332 0.010098
v -0.059881 0.061699 0.009691
v -0.059066 0.057769 0.010147
v -0.061284 0.059642 0.010273
v -0.059422 0.062373 0.009444
v -0.065853 0.058071 0.010882
v -0.065574 0.058480 0.010696
v -0.065371 0.058777 0.010818
v -0.065108 0.059163 0.010472
v -0.067665 0.060540 0.010717
v -0.064891 0.059481 0.010730
v -0.067937 0.060142 0.010905
v -0.067461 0.060840 0.010838
v -0.069911 0.062374 0.010885
v -0.064644 0.059844 0.010235
v -0.067205 0.061214 0.010489
v -0.064182 0.060520 0.009982
v -0.066748 0.061885 0.010248
v -0.069206 0.063408 0.010467
v -0.068762 0.064058 0.010224
v -0.064412 0.060183 0.010621
v -0.066986 0.061536 0.010747
v -0.063935 0.060882 0.010490
v -0.066513 0.062229 0.010634
v -0.069651 0.062755 0.010697
v -0.069448 0.063052 0.010813
v -0.068988 0.063728 0.010719
v -0.071808 0.064719 0.010770
v -0.071563 0.065078 0.010587
v -0.071138 0.065701 0.010363
v -0.071366 0.065367 0.010699
v -0.073501 0.067362 0.010383
v -0.063267 0.061861 0.009435
v -0.063724 0.061192 0.009715
v -0.066292 0.062553 0.009991
v -0.065840 0.063216 0.009721
v -0.068322 0.064704 0.009967
v -0.067884 0.065346 0.009696
v -0.065390 0.063875 0.009438
v -0.067448 0.065985 0.009413
v -0.062519 0.062958 0.009954
v -0.062052 0.063642 0.009734
v -0.062988 0.062270 0.010154
v -0.064643 0.064971 0.009957
v -0.066714 0.067060 0.009920
v -0.065106 0.064291 0.010159
v -0.070294 0.066938 0.009875
v -0.070715 0.066321 0.010125
v -0.072893 0.068254 0.010020
v -0.072506 0.068821 0.009809
v -0.069876 0.067551 0.009611
v -0.072122 0.069384 0.009586
v -0.063460 0.061578 0.010335
v -0.065572 0.063608 0.010342
v -0.066041 0.062920 0.010501
v -0.067616 0.065739 0.010307
v -0.068071 0.065072 0.010467
v -0.068528 0.064401 0.010603
v -0.067164 0.066401 0.010123
v -0.073281 0.067685 0.010220
v -0.072697 0.068542 0.010249
v -0.073098 0.067953 0.010326
v -0.072296 0.069129 0.010153
v -0.070925 0.066013 0.010606
v -0.070486 0.066657 0.010492
v -0.070049 0.067298 0.010360
v -0.069614 0.067936 0.010204
v -0.069181 0.068569 0.010025
v -0.071897 0.069714 0.010039
v -0.071500 0.070296 0.009905
v -0.074904 0.070432 0.009688
v -0.074566 0.070927 0.009658
v -0.061591 0.064318 0.009480
v -0.063727 0.066314 0.009478
v -0.065826 0.068362 0.009442
v -0.064182 0.065646 0.009734
v -0.066267 0.067715 0.009697
v -0.068752 0.069199 0.009828
v -0.068325 0.069824 0.009612
v -0.071106 0.070874 0.009749
v -0.070713 0.071449 0.009576
v -0.057906 0.069721 0.005726
v -0.060102 0.071628 0.005715
v -0.062773 0.072837 0.005790
v -0.062328 0.073490 0.005724
v -0.062564 0.073145 0.006395
v -0.064998 0.074702 0.005834
v -0.064572 0.075326 0.005773
v -0.067280 0.076482 0.005983
v -0.066892 0.077051 0.005939
v -0.064793 0.075003 0.006420
v -0.067093 0.076756 0.006528
v -0.067403 0.076302 0.006987
v -0.069654 0.078128 0.006255
v -0.069329 0.078605 0.006238
v -0.069974 0.077659 0.006445
v -0.072307 0.079364 0.006676
v -0.072054 0.079736 0.006545
v -0.069502 0.078351 0.006724
v -0.071800 0.080108 0.006553
v -0.069766 0.077964 0.007098
v -0.071941 0.079901 0.006925
v -0.074562 0.081185 0.006833
v -0.074769 0.080882 0.006946
v -0.074353 0.081492 0.006743
v -0.074146 0.081795 0.006768
v -0.074267 0.081617 0.007065
v -0.072153 0.079591 0.007205
v -0.072380 0.079258 0.007444
v -0.074445 0.081357 0.007281
v -0.074635 0.081078 0.007463
v -0.076958 0.082799 0.006994
v -0.077130 0.082547 0.007096
v -0.076784 0.083054 0.006901
v -0.076607 0.083313 0.006827
v -0.076433 0.083568 0.006851
v -0.076535 0.083419 0.007102
v -0.083504 -0.080264 0.007272
v -0.080778 -0.084529 0.007272
v -0.084385 -0.080978 0.007272
v -0.085085 -0.081870 0.007272
v -0.082487 -0.079765 0.007272
v -0.081384 -0.079504 0.007272
v -0.080250 -0.079495 0.007272
v -0.079327 -0.079743 0.007619
v -0.079143 -0.079739 0.007272
v -0.079025 -0.079829 0.007519
v -0.078933 -0.079868 0.007486
v -0.078733 -0.079952 0.007415
v -0.078349 -0.080114 0.007272
v -0.078387 -0.080208 0.007272
v -0.078693 -0.080962 0.007272
v -0.078636 -0.079993 0.007379
v -0.078441 -0.080075 0.007306
v -0.084740 -0.082082 0.010487
v -0.084096 -0.081262 0.010487
v -0.083286 -0.080606 0.010487
v -0.082350 -0.080146 0.010487
v -0.080561 -0.079583 0.007954
v -0.080535 -0.079582 0.007948
v -0.080869 -0.079593 0.008019
v -0.080906 -0.079595 0.008026
v -0.080872 -0.079594 0.008019
v -0.080473 -0.079580 0.007934
v -0.079882 -0.079642 0.007783
v -0.079636 -0.079687 0.007712
v -0.080199 -0.079583 0.007869
v -0.079942 -0.079631 0.007801
v -0.080258 -0.079572 0.007885
v -0.080245 -0.079574 0.007881
v -0.079561 -0.079700 0.007690
v -0.079260 -0.079755 0.007597
v -0.079237 -0.079759 0.007590
v -0.079155 -0.079774 0.007564
v -0.081335 -0.079906 0.010487
v -0.080859 -0.079624 0.008262
v -0.080724 -0.079623 0.008261
v -0.080715 -0.079623 0.008261
v -0.080292 -0.079898 0.010487
v -0.079771 -0.079718 0.008183
v -0.079830 -0.079705 0.008191
v -0.080582 -0.079621 0.008255
v -0.080426 -0.079619 0.008248
v -0.080396 -0.079618 0.008247
v -0.080263 -0.079616 0.008237
v -0.080127 -0.079644 0.008225
v -0.080081 -0.079654 0.008220
v -0.079274 -0.080122 0.010487
v -0.078325 -0.080205 0.007846
v -0.078353 -0.080193 0.007855
v -0.078331 -0.080567 0.010487
v -0.078152 -0.080278 0.007783
v -0.078257 -0.080233 0.007823
v -0.079529 -0.079766 0.008149
v -0.079456 -0.079781 0.008138
v -0.079225 -0.079826 0.008094
v -0.079176 -0.079836 0.008085
v -0.079142 -0.079851 0.008077
v -0.078933 -0.079942 0.008026
v -0.078551 -0.080108 0.007922
v -0.078642 -0.080069 0.007948
v -0.078847 -0.079980 0.008004
v -0.083147 -0.083066 0.012631
v -0.082762 -0.082576 0.012631
v -0.082277 -0.082184 0.012631
v -0.081718 -0.081909 0.012631
v -0.081111 -0.081765 0.012631
v -0.080488 -0.081761 0.012631
v -0.079879 -0.081895 0.012631
v -0.080778 -0.084529 0.012631
v -0.079315 -0.082161 0.012631
v -0.076513 -0.081803 0.007272
v -0.077563 -0.081659 0.007272
v -0.077208 -0.080945 0.007272
v -0.076013 -0.082821 0.007272
v -0.075753 -0.083924 0.007272
v -0.075744 -0.085057 0.007272
v -0.075987 -0.086164 0.007272
v -0.076471 -0.087189 0.007272
v -0.077549 -0.080704 0.007490
v -0.077722 -0.080583 0.007586
v -0.077297 -0.080877 0.007334
v -0.077467 -0.080761 0.007445
v -0.077808 -0.080523 0.007627
v -0.077983 -0.080399 0.007711
v -0.078072 -0.080335 0.007749
v -0.077511 -0.081211 0.010487
v -0.077220 -0.080933 0.007283
v -0.077228 -0.080924 0.007289
v -0.076854 -0.082021 0.010487
v -0.076395 -0.082957 0.010487
v -0.076155 -0.083972 0.010487
v -0.076147 -0.085015 0.010487
v -0.076371 -0.086033 0.010487
v -0.076816 -0.086976 0.010487
v -0.078825 -0.082546 0.012631
v -0.078432 -0.083030 0.012631
v -0.078157 -0.083590 0.012631
v -0.078014 -0.084196 0.012631
v -0.078009 -0.084820 0.012631
v -0.078143 -0.085428 0.012631
v -0.078409 -0.085992 0.012631
v -0.085568 -0.082895 0.007272
v -0.085812 -0.084001 0.007272
v -0.085803 -0.085135 0.007272
v -0.085543 -0.086238 0.007272
v -0.085043 -0.087255 0.007272
v -0.083993 -0.087399 0.007272
v -0.082863 -0.088097 0.007272
v -0.084348 -0.088113 0.007272
v -0.085185 -0.083025 0.010487
v -0.085409 -0.084044 0.010487
v -0.085401 -0.085086 0.010487
v -0.085161 -0.086101 0.010487
v -0.084702 -0.087037 0.010487
v -0.084045 -0.087848 0.010487
v -0.084336 -0.088126 0.007283
v -0.084328 -0.088135 0.007289
v -0.084259 -0.088182 0.007334
v -0.083225 -0.088491 0.010487
v -0.084089 -0.088297 0.007445
v -0.084007 -0.088354 0.007490
v -0.083834 -0.088475 0.007586
v -0.083748 -0.088536 0.007627
v -0.083573 -0.088660 0.007711
v -0.083484 -0.088723 0.007749
v -0.083404 -0.088781 0.007783
v -0.083413 -0.083630 0.012631
v -0.083547 -0.084239 0.012631
v -0.083542 -0.084862 0.012631
v -0.083399 -0.085469 0.012631
v -0.083124 -0.086029 0.012631
v -0.082731 -0.086513 0.012631
v -0.082241 -0.086898 0.012631
v -0.082413 -0.089320 0.007272
v -0.081306 -0.089563 0.007272
v -0.083115 -0.088984 0.007306
v -0.083207 -0.088945 0.007272
v -0.082920 -0.089066 0.007379
v -0.083169 -0.088851 0.007272
v -0.082822 -0.089107 0.007415
v -0.082623 -0.089191 0.007486
v -0.082531 -0.089230 0.007519
v -0.082229 -0.089316 0.007619
v -0.080172 -0.089555 0.007272
v -0.079069 -0.089294 0.007272
v -0.078052 -0.088794 0.007272
v -0.077171 -0.088081 0.007272
v -0.082401 -0.089285 0.007564
v -0.082319 -0.089300 0.007590
v -0.082296 -0.089304 0.007597
v -0.081995 -0.089358 0.007690
v -0.081920 -0.089372 0.007712
v -0.081614 -0.089428 0.007801
v -0.081674 -0.089417 0.007783
v -0.081357 -0.089476 0.007869
v -0.081082 -0.089479 0.007934
v -0.081298 -0.089487 0.007885
v -0.081311 -0.089484 0.007881
v -0.081021 -0.089477 0.007948
v -0.080687 -0.089465 0.008019
v -0.080995 -0.089476 0.007954
v -0.080684 -0.089465 0.008019
v -0.080649 -0.089464 0.008026
v -0.083299 -0.088825 0.007823
v -0.083231 -0.088854 0.007846
v -0.082282 -0.088937 0.010487
v -0.083203 -0.088866 0.007855
v -0.083005 -0.088950 0.007922
v -0.082914 -0.088990 0.007948
v -0.082709 -0.089079 0.008004
v -0.082623 -0.089116 0.008026
v -0.082414 -0.089208 0.008077
v -0.082380 -0.089223 0.008085
v -0.082330 -0.089233 0.008094
v -0.082100 -0.089278 0.008138
v -0.081264 -0.089161 0.010487
v -0.082027 -0.089292 0.008149
v -0.081785 -0.089341 0.008183
v -0.080221 -0.089153 0.010487
v -0.081726 -0.089353 0.008191
v -0.081474 -0.089405 0.008220
v -0.081429 -0.089414 0.008225
v -0.081293 -0.089443 0.008237
v -0.081160 -0.089440 0.008247
v -0.081130 -0.089440 0.008248
v -0.080974 -0.089438 0.008255
v -0.080841 -0.089436 0.008261
v -0.080697 -0.089435 0.008262
v -0.080831 -0.089436 0.008261
v -0.079206 -0.088913 0.010487
v -0.078270 -0.088453 0.010487
v -0.077460 -0.087797 0.010487
v -0.081677 -0.087164 0.012631
v -0.081068 -0.087298 0.012631
v -0.080445 -0.087293 0.012631
v -0.079838 -0.087150 0.012631
v -0.079279 -0.086875 0.012631
v -0.078794 -0.086483 0.012631
v -0.088827 -0.094599 0.006238
v -0.088337 -0.094902 0.006255
v -0.090422 -0.097009 0.005939
v -0.089835 -0.097371 0.005983
v -0.087182 -0.092220 0.006553
v -0.086798 -0.092457 0.006545
v -0.086416 -0.092693 0.006676
v -0.090118 -0.097196 0.006528
v -0.088566 -0.094760 0.006724
v -0.087854 -0.095200 0.006445
v -0.089263 -0.097724 0.006232
v -0.087380 -0.095492 0.006669
v -0.084093 -0.087337 0.006827
v -0.085412 -0.089917 0.006743
v -0.085725 -0.089724 0.006768
v -0.084356 -0.087175 0.006851
v -0.085542 -0.089838 0.007065
v -0.084203 -0.087269 0.007102
v -0.083827 -0.087502 0.006901
v -0.085096 -0.090113 0.006833
v -0.083564 -0.087664 0.006994
v -0.083304 -0.087824 0.007096
v -0.084784 -0.090305 0.006946
v -0.085273 -0.090004 0.007281
v -0.083045 -0.087985 0.007199
v -0.084475 -0.090496 0.007067
v -0.084986 -0.090181 0.007463
v -0.086968 -0.092352 0.006925
v -0.086040 -0.092925 0.006834
v -0.089651 -0.097485 0.006987
v -0.088168 -0.095006 0.007098
v -0.086648 -0.092549 0.007205
v -0.086306 -0.092761 0.007444
v -0.087739 -0.095271 0.007422
v -0.089146 -0.097797 0.007391
v -0.091840 -0.099528 0.005773
v -0.091196 -0.099926 0.005834
v -0.091506 -0.099734 0.006420
v -0.090571 -0.100312 0.006116
v -0.093143 -0.102118 0.005724
v -0.092787 -0.102338 0.006395
v -0.092470 -0.102534 0.005790
v -0.091816 -0.102938 0.006084
v -0.092249 -0.102670 0.006921
v -0.094419 -0.104725 0.005715
v -0.094042 -0.104958 0.006399
v -0.093726 -0.105153 0.005784
v -0.095650 -0.107360 0.005726
v -0.094949 -0.107793 0.005796
v -0.096843 -0.110018 0.005765
v -0.095260 -0.107601 0.006411
v -0.096446 -0.110264 0.006440
v -0.093483 -0.105303 0.006933
v -0.090996 -0.100049 0.006928
v -0.090444 -0.100390 0.007375
v -0.091670 -0.103028 0.007384
v -0.094690 -0.107953 0.006944
v -0.084690 -0.090364 0.007622
v -0.084387 -0.090551 0.007763
v -0.085950 -0.092980 0.007656
v -0.087293 -0.095546 0.007713
v -0.088704 -0.098070 0.006518
v -0.084167 -0.090687 0.007191
v -0.083858 -0.090877 0.007314
v -0.083550 -0.091068 0.007437
v -0.085668 -0.093155 0.007001
v -0.086912 -0.095782 0.006905
v -0.088150 -0.098412 0.006819
v -0.086444 -0.096070 0.007144
v -0.085296 -0.093384 0.007172
v -0.084924 -0.093614 0.007342
v -0.084552 -0.093844 0.007511
v -0.085976 -0.096359 0.007383
v -0.087597 -0.098753 0.007122
v -0.087044 -0.099095 0.007425
v -0.089960 -0.100689 0.006439
v -0.091177 -0.103333 0.006420
v -0.089355 -0.101063 0.006776
v -0.093052 -0.105570 0.006082
v -0.096145 -0.110449 0.005836
v -0.094266 -0.108215 0.006095
v -0.095465 -0.110870 0.006130
v -0.092391 -0.105978 0.006421
v -0.090542 -0.103724 0.006769
v -0.093596 -0.108628 0.006435
v -0.094797 -0.111282 0.006463
v -0.091736 -0.106382 0.006775
v -0.092932 -0.109039 0.006787
v -0.088750 -0.101436 0.007116
v -0.089909 -0.104115 0.007121
v -0.088146 -0.101810 0.007455
v -0.089276 -0.104507 0.007472
v -0.095874 -0.110617 0.006963
v -0.092883 -0.105674 0.007402
v -0.094079 -0.108330 0.007412
v -0.095263 -0.110994 0.007422
v -0.091082 -0.106786 0.007131
v -0.094134 -0.111691 0.006809
v -0.092269 -0.109448 0.007143
v -0.090427 -0.107191 0.007485
v -0.093472 -0.112100 0.007157
v -0.091604 -0.109859 0.007496
v -0.092809 -0.112510 0.007503
v -0.084079 -0.090741 0.007890
v -0.083240 -0.091259 0.007556
v -0.082929 -0.091451 0.007671
v -0.083768 -0.090933 0.008004
v -0.083453 -0.091128 0.008099
v -0.082816 -0.091521 0.008261
v -0.083135 -0.091324 0.008185
v -0.082617 -0.091644 0.007781
v -0.082304 -0.091837 0.007887
v -0.081989 -0.092032 0.007986
v -0.082494 -0.091720 0.008321
v -0.082171 -0.091919 0.008372
v -0.081847 -0.092119 0.008414
v -0.080412 -0.089611 0.008086
v -0.081673 -0.092227 0.008079
v -0.081356 -0.092423 0.008166
v -0.080143 -0.089777 0.008149
v -0.080548 -0.089526 0.008270
v -0.080274 -0.089696 0.008276
v -0.080000 -0.089865 0.008274
v -0.081037 -0.092620 0.008247
v -0.079726 -0.090034 0.008263
v -0.085586 -0.093205 0.007847
v -0.086835 -0.095829 0.007977
v -0.084179 -0.094074 0.007676
v -0.088620 -0.098122 0.007754
v -0.088080 -0.098455 0.008086
v -0.085216 -0.093434 0.008021
v -0.084841 -0.093666 0.008180
v -0.086369 -0.096117 0.008219
v -0.084459 -0.093901 0.008316
v -0.084074 -0.094139 0.008440
v -0.085896 -0.096409 0.008444
v -0.087529 -0.098796 0.008394
v -0.085507 -0.096649 0.007619
v -0.083804 -0.094306 0.007835
v -0.083427 -0.094539 0.007989
v -0.085037 -0.096939 0.007851
v -0.086490 -0.099437 0.007726
v -0.085933 -0.099781 0.008020
v -0.083049 -0.094772 0.008137
v -0.084564 -0.097232 0.008075
v -0.082668 -0.095007 0.008276
v -0.084089 -0.097525 0.008292
v -0.081522 -0.092320 0.008444
v -0.081197 -0.092521 0.008462
v -0.080871 -0.092722 0.008471
v -0.083687 -0.094378 0.008554
v -0.083297 -0.094619 0.008647
v -0.085414 -0.096706 0.008640
v -0.084928 -0.097007 0.008821
v -0.082904 -0.094862 0.008730
v -0.082510 -0.095105 0.008801
v -0.084438 -0.097309 0.008988
v -0.086969 -0.099141 0.008680
v -0.086398 -0.099494 0.008933
v -0.083943 -0.097615 0.009130
v -0.085822 -0.099850 0.009168
v -0.079873 -0.089943 0.008207
v -0.080717 -0.092817 0.008322
v -0.080397 -0.093015 0.008390
v -0.082286 -0.095244 0.008409
v -0.083611 -0.097820 0.008503
v -0.085374 -0.100127 0.008305
v -0.080545 -0.092923 0.008469
v -0.080220 -0.093125 0.008457
v -0.081901 -0.095481 0.008535
v -0.082114 -0.095350 0.008858
v -0.081717 -0.095595 0.008901
v -0.081515 -0.095719 0.008653
v -0.081128 -0.095959 0.008763
v -0.083130 -0.098117 0.008701
v -0.081319 -0.095841 0.008933
v -0.080921 -0.096087 0.008952
v -0.082647 -0.098416 0.008892
v -0.084811 -0.100474 0.008582
v -0.084245 -0.100824 0.008851
v -0.083445 -0.097923 0.009258
v -0.082944 -0.098232 0.009372
v -0.082441 -0.098543 0.009468
v -0.085241 -0.100209 0.009387
v -0.080739 -0.096199 0.008866
v -0.080522 -0.096333 0.008957
v -0.082161 -0.098716 0.009074
v -0.081672 -0.099018 0.009246
v -0.081935 -0.098855 0.009547
v -0.081428 -0.099168 0.009610
v -0.081181 -0.099321 0.009408
v -0.080688 -0.099626 0.009560
v -0.083675 -0.101176 0.009106
v -0.083102 -0.101530 0.009351
v -0.089870 -0.100745 0.007779
v -0.091067 -0.103400 0.007803
v -0.089279 -0.101110 0.008150
v -0.088676 -0.101482 0.008494
v -0.090448 -0.103783 0.008186
v -0.087540 -0.102184 0.007791
v -0.089816 -0.104173 0.008542
v -0.092259 -0.106060 0.007825
v -0.093445 -0.108722 0.007834
v -0.094629 -0.111386 0.007836
v -0.091618 -0.106455 0.008213
v -0.092795 -0.109124 0.008221
v -0.093979 -0.111787 0.008214
v -0.088065 -0.101860 0.008815
v -0.089175 -0.104569 0.008874
v -0.087440 -0.102246 0.009099
v -0.088521 -0.104973 0.009168
v -0.090965 -0.106858 0.008572
v -0.092132 -0.109533 0.008579
v -0.090303 -0.107267 0.008907
v -0.093318 -0.112196 0.008564
v -0.088641 -0.104899 0.007819
v -0.086931 -0.102560 0.008120
v -0.086318 -0.102938 0.008439
v -0.088003 -0.105293 0.008159
v -0.089771 -0.107596 0.007835
v -0.090939 -0.110270 0.007845
v -0.092145 -0.112920 0.007844
v -0.089111 -0.108003 0.008178
v -0.087361 -0.105689 0.008488
v -0.090270 -0.110683 0.008185
v -0.088448 -0.108413 0.008509
v -0.091477 -0.113333 0.008176
v -0.089597 -0.111099 0.008514
v -0.085703 -0.103318 0.008750
v -0.086809 -0.102635 0.009365
v -0.086716 -0.106088 0.008809
v -0.085084 -0.103701 0.009050
v -0.084459 -0.104086 0.009336
v -0.086067 -0.106489 0.009119
v -0.091461 -0.109947 0.008912
v -0.092648 -0.112609 0.008890
v -0.089627 -0.107685 0.009203
v -0.090776 -0.110370 0.009206
v -0.091965 -0.113031 0.009177
v -0.087781 -0.108825 0.008832
v -0.090805 -0.113748 0.008497
v -0.088920 -0.111516 0.008835
v -0.090130 -0.114164 0.008809
v -0.087111 -0.109239 0.009143
v -0.088240 -0.111936 0.009143
v -0.089451 -0.114584 0.009110
v -0.098025 -0.112684 0.005843
v -0.097338 -0.113108 0.005909
v -0.097621 -0.112933 0.006497
v -0.096666 -0.113523 0.006191
v -0.099184 -0.115363 0.005939
v -0.098781 -0.115612 0.006564
v -0.098516 -0.115775 0.006000
v -0.100347 -0.118040 0.006077
v -0.097862 -0.116179 0.006265
v -0.099704 -0.118436 0.006125
v -0.099944 -0.118288 0.006664
v -0.096006 -0.113930 0.006510
v -0.097220 -0.116576 0.006567
v -0.099072 -0.118827 0.006367
v -0.101482 -0.120733 0.006220
v -0.101088 -0.120977 0.006762
v -0.100875 -0.121108 0.006257
v -0.098450 -0.119211 0.006642
v -0.100275 -0.121479 0.006473
v -0.102628 -0.123421 0.006386
v -0.102060 -0.123772 0.006408
v -0.102244 -0.123658 0.006876
v -0.101495 -0.124120 0.006594
v -0.097052 -0.113284 0.007001
v -0.098221 -0.115957 0.007042
v -0.099397 -0.118626 0.007107
v -0.096445 -0.113659 0.007442
v -0.095351 -0.114335 0.006841
v -0.096580 -0.116971 0.006879
v -0.097627 -0.116324 0.007460
v -0.098819 -0.118983 0.007493
v -0.100564 -0.121301 0.007166
v -0.101745 -0.123966 0.007236
v -0.099684 -0.121844 0.006720
v -0.100938 -0.124464 0.006808
v -0.100011 -0.121642 0.007515
v -0.101221 -0.124290 0.007544
v -0.094696 -0.114739 0.007174
v -0.095942 -0.117365 0.007192
v -0.097831 -0.119594 0.006927
v -0.094041 -0.115144 0.007504
v -0.095302 -0.117760 0.007502
v -0.097212 -0.119976 0.007212
v -0.099095 -0.122208 0.006975
v -0.100383 -0.124807 0.007029
v -0.096592 -0.120359 0.007494
v -0.098506 -0.122572 0.007231
v -0.099828 -0.125150 0.007251
v -0.097916 -0.122936 0.007484
v -0.099272 -0.125493 0.007469
v -0.103769 -0.126111 0.006541
v -0.103246 -0.126434 0.006551
v -0.103404 -0.126337 0.006978
v -0.102724 -0.126756 0.006708
v -0.104886 -0.128817 0.006733
v -0.104419 -0.129105 0.006725
v -0.104544 -0.129028 0.007104
v -0.106002 -0.131522 0.006890
v -0.105693 -0.131713 0.007198
v -0.102936 -0.126626 0.007293
v -0.102448 -0.126927 0.007561
v -0.104118 -0.129291 0.007365
v -0.105596 -0.131773 0.006871
v -0.102208 -0.127075 0.006890
v -0.101693 -0.127393 0.007079
v -0.103949 -0.129395 0.006846
v -0.103484 -0.129682 0.006989
v -0.105186 -0.132026 0.006962
v -0.101179 -0.127711 0.007267
v -0.103674 -0.129565 0.007583
v -0.105316 -0.131946 0.007408
v -0.103020 -0.129969 0.007137
v -0.104778 -0.132278 0.007070
v -0.102556 -0.130255 0.007284
v -0.104371 -0.132529 0.007184
v -0.100663 -0.128029 0.007452
v -0.102091 -0.130542 0.007428
v -0.103965 -0.132781 0.007296
v -0.107071 -0.134257 0.006981
v -0.106739 -0.134462 0.006965
v -0.106403 -0.134670 0.007036
v -0.107426 -0.135170 0.007010
v -0.107120 -0.135359 0.006995
v -0.106815 -0.134415 0.007228
v -0.106504 -0.134607 0.007395
v -0.106069 -0.134876 0.007122
v -0.105735 -0.135082 0.007211
v -0.107188 -0.135316 0.007236
v -0.107671 -0.136150 0.007055
v -0.107412 -0.136310 0.007042
v -0.107469 -0.136275 0.007245
v -0.106902 -0.135493 0.007388
v -0.106810 -0.135550 0.007060
v -0.106502 -0.135740 0.007138
v -0.106195 -0.135930 0.007219
v -0.107150 -0.136472 0.007097
v -0.107532 -0.137368 0.007156
v -0.107422 -0.137436 0.007259
v -0.107391 -0.137454 0.007150
v -0.106889 -0.136633 0.007162
v -0.107249 -0.137542 0.007179
v -0.106605 -0.135676 0.007513
v -0.107226 -0.136425 0.007372
v -0.107289 -0.137517 0.007328
v -0.106975 -0.136580 0.007477
v -0.107153 -0.137602 0.007384
v -0.103557 -0.133032 0.007405
v -0.105401 -0.135288 0.007299
v -0.105067 -0.135495 0.007384
v -0.103149 -0.133284 0.007511
v -0.106629 -0.136794 0.007230
v -0.107107 -0.137630 0.007214
v -0.105887 -0.136120 0.007299
v -0.105579 -0.136310 0.007376
v -0.106368 -0.136954 0.007296
v -0.106966 -0.137717 0.007250
v -0.106274 -0.138144 0.007447
v -0.107014 -0.137687 0.007432
v -0.106824 -0.137805 0.007286
v -0.106108 -0.137115 0.007361
v -0.106683 -0.137892 0.007321
v -0.105847 -0.137277 0.007423
v -0.104733 -0.135701 0.007466
v -0.105271 -0.136501 0.007451
v -0.106541 -0.137980 0.007354
v -0.106399 -0.138067 0.007385
v -0.105585 -0.137438 0.007481
v -0.106256 -0.138156 0.007413
v -0.106113 -0.138244 0.007439
v -0.105322 -0.137601 0.007534
v -0.095817 -0.114047 0.007839
v -0.097013 -0.116703 0.007835
v -0.098222 -0.119352 0.007837
v -0.095174 -0.114444 0.008201
v -0.096385 -0.117091 0.008176
v -0.099442 -0.121994 0.007826
v -0.093383 -0.115550 0.007829
v -0.097612 -0.119728 0.008149
v -0.095747 -0.117485 0.008490
v -0.094661 -0.118156 0.007808
v -0.092723 -0.115958 0.008146
v -0.094016 -0.118554 0.008105
v -0.095970 -0.120743 0.007772
v -0.092058 -0.116369 0.008451
v -0.093368 -0.118955 0.008390
v -0.095346 -0.121128 0.008041
v -0.100682 -0.124623 0.007817
v -0.098861 -0.122352 0.008106
v -0.096994 -0.120111 0.008435
v -0.100134 -0.124961 0.008061
v -0.098273 -0.122716 0.008362
v -0.099579 -0.125304 0.008282
v -0.097325 -0.123301 0.007731
v -0.098715 -0.125838 0.007682
v -0.096732 -0.123668 0.007971
v -0.098156 -0.126183 0.007888
v -0.094520 -0.114848 0.008535
v -0.093857 -0.115257 0.008846
v -0.095101 -0.117885 0.008781
v -0.096368 -0.120497 0.008699
v -0.093183 -0.115674 0.009119
v -0.094444 -0.118290 0.009036
v -0.095732 -0.120890 0.008928
v -0.093781 -0.118700 0.009271
v -0.095092 -0.121285 0.009138
v -0.097678 -0.123083 0.008597
v -0.099019 -0.125650 0.008483
v -0.097074 -0.123456 0.008799
v -0.098451 -0.126000 0.008655
v -0.096467 -0.123831 0.008983
v -0.097880 -0.126353 0.008808
v -0.101947 -0.127236 0.007796
v -0.101438 -0.127551 0.008004
v -0.103221 -0.129845 0.007772
v -0.104925 -0.132187 0.007582
v -0.102762 -0.130128 0.007937
v -0.104527 -0.132434 0.007730
v -0.104123 -0.132683 0.007857
v -0.100924 -0.127869 0.008192
v -0.100146 -0.128349 0.007633
v -0.099628 -0.128669 0.007806
v -0.101626 -0.130830 0.007568
v -0.101159 -0.131119 0.007701
v -0.100404 -0.128189 0.008362
v -0.102298 -0.130415 0.008083
v -0.103716 -0.132934 0.007968
v -0.101830 -0.130704 0.008214
v -0.101358 -0.130996 0.008320
v -0.103307 -0.133187 0.008066
v -0.102894 -0.133442 0.008142
v -0.106183 -0.134806 0.007532
v -0.105855 -0.135008 0.007649
v -0.105524 -0.135212 0.007749
v -0.106304 -0.135863 0.007619
v -0.106719 -0.136738 0.007566
v -0.105191 -0.135418 0.007836
v -0.102740 -0.133537 0.007610
v -0.104397 -0.135909 0.007543
v -0.105999 -0.136051 0.007711
v -0.106874 -0.137774 0.007473
v -0.106461 -0.136897 0.007642
v -0.106732 -0.137861 0.007508
v -0.106201 -0.137058 0.007708
v -0.106590 -0.137949 0.007538
v -0.105691 -0.136241 0.007789
v -0.105382 -0.136432 0.007858
v -0.105939 -0.137220 0.007765
v -0.104962 -0.136692 0.007521
v -0.104060 -0.136116 0.007614
v -0.106447 -0.138038 0.007562
v -0.106303 -0.138127 0.007581
v -0.106159 -0.138216 0.007596
v -0.105675 -0.137383 0.007809
v -0.104652 -0.136883 0.007584
v -0.105970 -0.138332 0.007463
v -0.105826 -0.138421 0.007482
v -0.105059 -0.137763 0.007583
v -0.106014 -0.138305 0.007605
v -0.105682 -0.138510 0.007499
v -0.105538 -0.138599 0.007513
v -0.104795 -0.137926 0.007627
v -0.105870 -0.138394 0.007609
v -0.105725 -0.138483 0.007610
v -0.105581 -0.138573 0.007606
v -0.104855 -0.135626 0.007911
v -0.105070 -0.136625 0.007911
v -0.105410 -0.137546 0.007845
v -0.105145 -0.137710 0.007873
v -0.104517 -0.135835 0.007970
v -0.104177 -0.136044 0.008018
v -0.104757 -0.136818 0.007954
v -0.099879 -0.128514 0.008504
v -0.099351 -0.128840 0.008630
v -0.094719 -0.121516 0.008299
v -0.096135 -0.124036 0.008200
v -0.097594 -0.126530 0.008083
v -0.095536 -0.124406 0.008420
v -0.097029 -0.126879 0.008270
v -0.091391 -0.116781 0.008747
v -0.092717 -0.119357 0.008667
v -0.092063 -0.119761 0.008932
v -0.094088 -0.121905 0.008548
v -0.090720 -0.117195 0.009032
v -0.090044 -0.117613 0.009299
v -0.091404 -0.120168 0.009180
v -0.093455 -0.122296 0.008786
v -0.094934 -0.124778 0.008629
v -0.097306 -0.126708 0.008947
v -0.095855 -0.124209 0.009151
v -0.096728 -0.127065 0.009059
v -0.095239 -0.124589 0.009290
v -0.096463 -0.127228 0.008447
v -0.094328 -0.125152 0.008823
v -0.095893 -0.127580 0.008609
v -0.092818 -0.122690 0.009008
v -0.092177 -0.123085 0.009218
v -0.096148 -0.127423 0.009154
v -0.093721 -0.125527 0.009007
v -0.095322 -0.127933 0.008761
v -0.093110 -0.125904 0.009179
v -0.094748 -0.128287 0.008902
v -0.092497 -0.126283 0.009338
v -0.094173 -0.128643 0.009031
v -0.099107 -0.128991 0.007969
v -0.100690 -0.131408 0.007826
v -0.100219 -0.131699 0.007943
v -0.102329 -0.133791 0.007701
v -0.098585 -0.129313 0.008125
v -0.098060 -0.129637 0.008271
v -0.099748 -0.131990 0.008052
v -0.101918 -0.134045 0.007787
v -0.099274 -0.132282 0.008148
v -0.101505 -0.134300 0.007865
v -0.097533 -0.129963 0.008404
v -0.098799 -0.132576 0.008236
v -0.101091 -0.134555 0.007932
v -0.097004 -0.130289 0.008527
v -0.098323 -0.132870 0.008315
v -0.100676 -0.134812 0.007991
v -0.100261 -0.135068 0.008043
v -0.097846 -0.133164 0.008383
v -0.103723 -0.136325 0.007679
v -0.103385 -0.136534 0.007738
v -0.103046 -0.136743 0.007788
v -0.104341 -0.137075 0.007643
v -0.105394 -0.138688 0.007524
v -0.105436 -0.138662 0.007598
v -0.105249 -0.138777 0.007532
v -0.104531 -0.138089 0.007664
v -0.105292 -0.138751 0.007585
v -0.105104 -0.138867 0.007537
v -0.105148 -0.138840 0.007568
v -0.105004 -0.138929 0.007546
v -0.104266 -0.138253 0.007697
v -0.104029 -0.137267 0.007696
v -0.104000 -0.138417 0.007724
v -0.103734 -0.138581 0.007745
v -0.104879 -0.137874 0.007891
v -0.104613 -0.138039 0.007900
v -0.104346 -0.138203 0.007902
v -0.104080 -0.138368 0.007896
v -0.103468 -0.138746 0.007760
v -0.103202 -0.138910 0.007770
v -0.103283 -0.138860 0.007827
v -0.103018 -0.139023 0.007788
v -0.103717 -0.137461 0.007742
v -0.102706 -0.136953 0.007833
v -0.103404 -0.137654 0.007781
v -0.103814 -0.138532 0.007881
v -0.103548 -0.138696 0.007858
v -0.103090 -0.137848 0.007814
v -0.102479 -0.133698 0.008205
v -0.102064 -0.133954 0.008257
v -0.100883 -0.131289 0.008411
v -0.103837 -0.136255 0.008057
v -0.103496 -0.136465 0.008081
v -0.101647 -0.134212 0.008291
v -0.103154 -0.136676 0.008095
v -0.102812 -0.136888 0.008100
v -0.101230 -0.134470 0.008313
v -0.104444 -0.137011 0.007989
v -0.104129 -0.137206 0.008010
v -0.103815 -0.137400 0.008022
v -0.103500 -0.137594 0.008025
v -0.103185 -0.137789 0.008019
v -0.102365 -0.137163 0.007870
v -0.102024 -0.137374 0.007900
v -0.102776 -0.138042 0.007841
v -0.102461 -0.138236 0.007860
v -0.102147 -0.138430 0.007872
v -0.101683 -0.137585 0.007922
v -0.101931 -0.138564 0.007895
v -0.102243 -0.138371 0.007940
v -0.102470 -0.137099 0.008094
v -0.100812 -0.134728 0.008324
v -0.102129 -0.137310 0.008076
v -0.100394 -0.134986 0.008321
v -0.099844 -0.135325 0.008085
v -0.099427 -0.135583 0.008118
v -0.099976 -0.135244 0.008304
v -0.101787 -0.137520 0.008049
v -0.101447 -0.137731 0.008011
v -0.099559 -0.135501 0.008274
v -0.102871 -0.137983 0.008002
v -0.102557 -0.138177 0.007976
v -0.101341 -0.137796 0.007937
v -0.101108 -0.137940 0.007963
v -0.098820 -0.129168 0.008742
v -0.100407 -0.131583 0.008490
v -0.099929 -0.131878 0.008547
v -0.098286 -0.129497 0.008830
v -0.099450 -0.132174 0.008591
v -0.098970 -0.132470 0.008621
v -0.097751 -0.129828 0.008902
v -0.096474 -0.130617 0.008640
v -0.098009 -0.133064 0.008634
v -0.098489 -0.132767 0.008636
v -0.097214 -0.130160 0.008960
v -0.095565 -0.127783 0.009234
v -0.096676 -0.130492 0.009000
v -0.097368 -0.133460 0.008441
v -0.099010 -0.135841 0.008142
v -0.098728 -0.136015 0.008179
v -0.099143 -0.135759 0.008233
v -0.096889 -0.133756 0.008489
v -0.096569 -0.133953 0.008545
v -0.095942 -0.130945 0.008742
v -0.097528 -0.133361 0.008619
v -0.097048 -0.133657 0.008590
v -0.095408 -0.131275 0.008832
v -0.094873 -0.131605 0.008910
v -0.095059 -0.131490 0.009018
v -0.096137 -0.130825 0.009021
v -0.094982 -0.128143 0.009295
v -0.093595 -0.129000 0.009147
v -0.095598 -0.131158 0.009027
v -0.094397 -0.128505 0.009335
v -0.093811 -0.128866 0.009358
v -0.094521 -0.131823 0.008991
v -0.093015 -0.129358 0.009252
v -0.092639 -0.129590 0.009352
v -0.093225 -0.129228 0.009365
v -0.084652 -0.100572 0.009576
v -0.084060 -0.100938 0.009749
v -0.080920 -0.099482 0.009658
v -0.080411 -0.099797 0.009688
v -0.083465 -0.101306 0.009905
v -0.082525 -0.101886 0.009586
v -0.082865 -0.101676 0.010039
v -0.082263 -0.102048 0.010153
v -0.086173 -0.103028 0.009612
v -0.085529 -0.103426 0.009828
v -0.087861 -0.105381 0.009442
v -0.087195 -0.105792 0.009697
v -0.084880 -0.103826 0.010025
v -0.084228 -0.104229 0.010204
v -0.086521 -0.106208 0.009920
v -0.085842 -0.106627 0.010123
v -0.088946 -0.108106 0.009478
v -0.090085 -0.110797 0.009480
v -0.088259 -0.108530 0.009734
v -0.091276 -0.113457 0.009444
v -0.089389 -0.111227 0.009734
v -0.090582 -0.113885 0.009691
v -0.087563 -0.108960 0.009957
v -0.088685 -0.111662 0.009954
v -0.081945 -0.102244 0.009809
v -0.081658 -0.102421 0.010249
v -0.081362 -0.102604 0.010020
v -0.081051 -0.102796 0.010326
v -0.080776 -0.102966 0.010220
v -0.080443 -0.103172 0.010383
v -0.083832 -0.104474 0.009611
v -0.085413 -0.106893 0.009413
v -0.084755 -0.107299 0.009696
v -0.083201 -0.104864 0.009875
v -0.082565 -0.105256 0.010125
v -0.084094 -0.107707 0.009967
v -0.086435 -0.109656 0.009438
v -0.085756 -0.110076 0.009721
v -0.087555 -0.112360 0.009435
v -0.086863 -0.109392 0.010159
v -0.089880 -0.114319 0.009905
v -0.087976 -0.112100 0.010154
v -0.089174 -0.114755 0.010098
v -0.088767 -0.115006 0.009393
v -0.086866 -0.112785 0.009715
v -0.088080 -0.115431 0.009664
v -0.085072 -0.110498 0.009991
v -0.086173 -0.113213 0.009982
v -0.087389 -0.115858 0.009923
v -0.083571 -0.104635 0.010360
v -0.082911 -0.105043 0.010492
v -0.082248 -0.105452 0.010606
v -0.085159 -0.107049 0.010307
v -0.084472 -0.107473 0.010467
v -0.081927 -0.105651 0.010363
v -0.081583 -0.105863 0.010699
v -0.081284 -0.106047 0.010587
v -0.083428 -0.108118 0.010224
v -0.082759 -0.108532 0.010467
v -0.080915 -0.106275 0.010770
v -0.083782 -0.107900 0.010603
v -0.083088 -0.108328 0.010719
v -0.082392 -0.108758 0.010813
v -0.086159 -0.109826 0.010342
v -0.085451 -0.110264 0.010501
v -0.087263 -0.112540 0.010335
v -0.086547 -0.112982 0.010490
v -0.084385 -0.110922 0.010248
v -0.088464 -0.115193 0.010273
v -0.087750 -0.115634 0.010422
v -0.084739 -0.110704 0.010634
v -0.084025 -0.111145 0.010747
v -0.085826 -0.113427 0.010621
v -0.087032 -0.116078 0.010547
v -0.082086 -0.108947 0.010697
v -0.081695 -0.109189 0.010885
v -0.083694 -0.111349 0.010489
v -0.085477 -0.113643 0.010235
v -0.086694 -0.116287 0.010167
v -0.084776 -0.114076 0.010472
v -0.085995 -0.116718 0.010396
v -0.083308 -0.111587 0.010838
v -0.085103 -0.113874 0.010730
v -0.083000 -0.111778 0.010717
v -0.082590 -0.112031 0.010905
v -0.084378 -0.114322 0.010818
v -0.086313 -0.116522 0.010651
v -0.085591 -0.116968 0.010733
v -0.084072 -0.114511 0.010696
v -0.083651 -0.114771 0.010882
v -0.085293 -0.117152 0.010611
v -0.084867 -0.117415 0.010792
v -0.092503 -0.116094 0.009371
v -0.091818 -0.116517 0.009604
v -0.093114 -0.119112 0.009488
v -0.094448 -0.121683 0.009330
v -0.092440 -0.119528 0.009673
v -0.093797 -0.122085 0.009492
v -0.091125 -0.116945 0.009805
v -0.090429 -0.117375 0.009986
v -0.091763 -0.119946 0.009839
v -0.089365 -0.118032 0.009555
v -0.090742 -0.120577 0.009418
v -0.093144 -0.122488 0.009636
v -0.091082 -0.120366 0.009986
v -0.092488 -0.122894 0.009761
v -0.094620 -0.124972 0.009411
v -0.093999 -0.125355 0.009516
v -0.091829 -0.123301 0.009865
v -0.093375 -0.125740 0.009600
v -0.089729 -0.117807 0.010147
v -0.089025 -0.118242 0.010285
v -0.090398 -0.120789 0.010110
v -0.088682 -0.118454 0.009798
v -0.090077 -0.120987 0.009642
v -0.087996 -0.118878 0.010027
v -0.091534 -0.123482 0.009417
v -0.089408 -0.121400 0.009852
v -0.090888 -0.123881 0.009601
v -0.088737 -0.121815 0.010048
v -0.088062 -0.122232 0.010230
v -0.090239 -0.124282 0.009772
v -0.092750 -0.126127 0.009662
v -0.091882 -0.126663 0.009483
v -0.092123 -0.126514 0.009706
v -0.091167 -0.123709 0.009945
v -0.090505 -0.124118 0.010007
v -0.091264 -0.127044 0.009615
v -0.091496 -0.126901 0.009731
v -0.090868 -0.127289 0.009737
v -0.089588 -0.124684 0.009929
v -0.089841 -0.124528 0.010049
v -0.089176 -0.124939 0.010069
v -0.088318 -0.118678 0.010398
v -0.089711 -0.121213 0.010210
v -0.087306 -0.119304 0.010241
v -0.089023 -0.121638 0.010291
v -0.087610 -0.119116 0.010491
v -0.086613 -0.119732 0.010440
v -0.088333 -0.122065 0.010351
v -0.086899 -0.119555 0.010562
v -0.087641 -0.122492 0.010388
v -0.086187 -0.119995 0.010611
v -0.062828 -0.033044 0.008179
v -0.062546 -0.033218 0.008142
v -0.064987 -0.035105 0.008545
v -0.062129 -0.033476 0.008118
v -0.064667 -0.035303 0.008489
v -0.060215 -0.031263 0.007937
v -0.060448 -0.031118 0.007963
v -0.062413 -0.033300 0.008233
v -0.060109 -0.031328 0.008011
v -0.059873 -0.031474 0.007922
v -0.061997 -0.033557 0.008274
v -0.061712 -0.033733 0.008085
v -0.064188 -0.035599 0.008441
v -0.063710 -0.035894 0.008383
v -0.064508 -0.035401 0.008590
v -0.064028 -0.035698 0.008619
v -0.063547 -0.035995 0.008634
v -0.061580 -0.033815 0.008304
v -0.067035 -0.037236 0.008991
v -0.066683 -0.037453 0.008910
v -0.066497 -0.037568 0.009018
v -0.068917 -0.039468 0.009352
v -0.068331 -0.039830 0.009365
v -0.066148 -0.037784 0.008832
v -0.068540 -0.039701 0.009252
v -0.067961 -0.040059 0.009147
v -0.065614 -0.038113 0.008742
v -0.063233 -0.036189 0.008315
v -0.065082 -0.038442 0.008640
v -0.064552 -0.038769 0.008527
v -0.066808 -0.040771 0.008902
v -0.066234 -0.041125 0.008761
v -0.065958 -0.037901 0.009027
v -0.065419 -0.038234 0.009021
v -0.064880 -0.038567 0.009000
v -0.063067 -0.036292 0.008636
v -0.067745 -0.040192 0.009358
v -0.067159 -0.040554 0.009335
v -0.067383 -0.040416 0.009031
v -0.066574 -0.040915 0.009295
v -0.058538 -0.030035 0.007788
v -0.059625 -0.030495 0.007895
v -0.059313 -0.030688 0.007940
v -0.058354 -0.030149 0.007770
v -0.059409 -0.030629 0.007872
v -0.058273 -0.030198 0.007827
v -0.059094 -0.030823 0.007860
v -0.058780 -0.031017 0.007841
v -0.058088 -0.030313 0.007760
v -0.057821 -0.030477 0.007745
v -0.056451 -0.030192 0.007537
v -0.056552 -0.030130 0.007546
v -0.057556 -0.030642 0.007724
v -0.058466 -0.031211 0.007814
v -0.059531 -0.031685 0.007900
v -0.059190 -0.031895 0.007870
v -0.058152 -0.031405 0.007781
v -0.058850 -0.032106 0.007833
v -0.058510 -0.032315 0.007788
v -0.060880 -0.034247 0.007991
v -0.059768 -0.031538 0.008049
v -0.058999 -0.030882 0.007976
v -0.059427 -0.031749 0.008076
v -0.058008 -0.030362 0.007858
v -0.058685 -0.031076 0.008002
v -0.057742 -0.030526 0.007881
v -0.058371 -0.031270 0.008019
v -0.059086 -0.031960 0.008094
v -0.058744 -0.032171 0.008100
v -0.061295 -0.033990 0.008043
v -0.061162 -0.034073 0.008321
v -0.060465 -0.034503 0.007932
v -0.062757 -0.036483 0.008236
v -0.060051 -0.034759 0.007865
v -0.062282 -0.036776 0.008148
v -0.060744 -0.034331 0.008324
v -0.060326 -0.034589 0.008313
v -0.056408 -0.030219 0.007568
v -0.056307 -0.030281 0.007532
v -0.056162 -0.030370 0.007524
v -0.055874 -0.030549 0.007499
v -0.057290 -0.030806 0.007697
v -0.056264 -0.030308 0.007585
v -0.056018 -0.030460 0.007513
v -0.056120 -0.030397 0.007598
v -0.057025 -0.030969 0.007664
v -0.057839 -0.031598 0.007742
v -0.056761 -0.031133 0.007627
v -0.057527 -0.031791 0.007696
v -0.057476 -0.030691 0.007896
v -0.055975 -0.030486 0.007606
v -0.057210 -0.030855 0.007902
v -0.058171 -0.032525 0.007738
v -0.055730 -0.030638 0.007482
v -0.056497 -0.031296 0.007583
v -0.057215 -0.031984 0.007643
v -0.055282 -0.030914 0.007447
v -0.055586 -0.030726 0.007463
v -0.055443 -0.030815 0.007439
v -0.056234 -0.031458 0.007534
v -0.056904 -0.032176 0.007584
v -0.057833 -0.032734 0.007679
v -0.057495 -0.032942 0.007614
v -0.056594 -0.032367 0.007521
v -0.055831 -0.030575 0.007610
v -0.056943 -0.031020 0.007900
v -0.055686 -0.030665 0.007609
v -0.056677 -0.031184 0.007891
v -0.055542 -0.030754 0.007605
v -0.056411 -0.031349 0.007873
v -0.059638 -0.035014 0.007787
v -0.059227 -0.035268 0.007701
v -0.061337 -0.037360 0.007943
v -0.057159 -0.033150 0.007543
v -0.058816 -0.035522 0.007610
v -0.060866 -0.037650 0.007826
v -0.058056 -0.031464 0.008025
v -0.057741 -0.031659 0.008022
v -0.057427 -0.031853 0.008010
v -0.058402 -0.032382 0.008095
v -0.058060 -0.032593 0.008081
v -0.057112 -0.032047 0.007989
v -0.056799 -0.032241 0.007954
v -0.056146 -0.031512 0.007845
v -0.057719 -0.032804 0.008057
v -0.057379 -0.033014 0.008018
v -0.061808 -0.037069 0.008052
v -0.059909 -0.034847 0.008291
v -0.059492 -0.035104 0.008257
v -0.059076 -0.035361 0.008205
v -0.058662 -0.035617 0.008142
v -0.060673 -0.037770 0.008411
v -0.060198 -0.038063 0.008320
v -0.064023 -0.039096 0.008404
v -0.063496 -0.039421 0.008271
v -0.062971 -0.039745 0.008125
v -0.065093 -0.041830 0.008447
v -0.060397 -0.037940 0.007701
v -0.062449 -0.040068 0.007969
v -0.061928 -0.040390 0.007806
v -0.064526 -0.042180 0.008270
v -0.063962 -0.042528 0.008083
v -0.063400 -0.042876 0.007888
v -0.062586 -0.036588 0.008621
v -0.062106 -0.036885 0.008591
v -0.061627 -0.037181 0.008547
v -0.061149 -0.037476 0.008490
v -0.064342 -0.038899 0.008960
v -0.063805 -0.039231 0.008902
v -0.063270 -0.039561 0.008830
v -0.065662 -0.041478 0.008609
v -0.065990 -0.041276 0.009234
v -0.065408 -0.041635 0.009154
v -0.064828 -0.041994 0.009059
v -0.062736 -0.039891 0.008742
v -0.062205 -0.040219 0.008630
v -0.061677 -0.040545 0.008504
v -0.063676 -0.042706 0.008808
v -0.063105 -0.043058 0.008655
v -0.064250 -0.042351 0.008947
v -0.069059 -0.042776 0.009338
v -0.068446 -0.043154 0.009179
v -0.067835 -0.043531 0.009007
v -0.066020 -0.044653 0.008420
v -0.065421 -0.045023 0.008200
v -0.064824 -0.045391 0.007971
v -0.066837 -0.047543 0.008299
v -0.066210 -0.047931 0.008041
v -0.068188 -0.050104 0.008390
v -0.066622 -0.044281 0.008629
v -0.067228 -0.043907 0.008823
v -0.068101 -0.046763 0.008786
v -0.069379 -0.045973 0.009218
v -0.068738 -0.046369 0.009008
v -0.066317 -0.044469 0.009290
v -0.070152 -0.048891 0.009180
v -0.067468 -0.047154 0.008548
v -0.068839 -0.049702 0.008667
v -0.065701 -0.044850 0.009151
v -0.065089 -0.045228 0.008983
v -0.064482 -0.045603 0.008799
v -0.066464 -0.047774 0.009138
v -0.069493 -0.049298 0.008932
v -0.071512 -0.051446 0.009299
v -0.070836 -0.051863 0.009032
v -0.070165 -0.052278 0.008747
v -0.069498 -0.052690 0.008451
v -0.071426 -0.054894 0.008809
v -0.070751 -0.055311 0.008497
v -0.072105 -0.054475 0.009110
v -0.055300 -0.030903 0.007413
v -0.055157 -0.030991 0.007385
v -0.055971 -0.031620 0.007481
v -0.055015 -0.031079 0.007354
v -0.055709 -0.031782 0.007423
v -0.054873 -0.031167 0.007321
v -0.055448 -0.031943 0.007361
v -0.056285 -0.032558 0.007451
v -0.055977 -0.032749 0.007376
v -0.056823 -0.033357 0.007466
v -0.056489 -0.033564 0.007384
v -0.054449 -0.031429 0.007214
v -0.054307 -0.031516 0.007179
v -0.054667 -0.032426 0.007162
v -0.054927 -0.032265 0.007230
v -0.055361 -0.033129 0.007219
v -0.054732 -0.031254 0.007286
v -0.054590 -0.031341 0.007250
v -0.055187 -0.032104 0.007296
v -0.055669 -0.032939 0.007299
v -0.054403 -0.031457 0.007384
v -0.054266 -0.031541 0.007328
v -0.054542 -0.031371 0.007432
v -0.054165 -0.031604 0.007150
v -0.054024 -0.031691 0.007156
v -0.054134 -0.031623 0.007259
v -0.054581 -0.032479 0.007477
v -0.056154 -0.033770 0.007299
v -0.055821 -0.033976 0.007211
v -0.057999 -0.036026 0.007405
v -0.058407 -0.035774 0.007511
v -0.057591 -0.036278 0.007296
v -0.057185 -0.036529 0.007184
v -0.059464 -0.038516 0.007428
v -0.059000 -0.038803 0.007284
v -0.054436 -0.033700 0.006995
v -0.054817 -0.034597 0.006965
v -0.055153 -0.034389 0.007036
v -0.054130 -0.033889 0.007010
v -0.054485 -0.034802 0.006981
v -0.056370 -0.037032 0.006962
v -0.058072 -0.039376 0.006989
v -0.056778 -0.036780 0.007070
v -0.055960 -0.037286 0.006871
v -0.055554 -0.037536 0.006890
v -0.057606 -0.039664 0.006846
v -0.054144 -0.032749 0.007042
v -0.054406 -0.032587 0.007097
v -0.055054 -0.033318 0.007138
v -0.053885 -0.032909 0.007055
v -0.054746 -0.033509 0.007060
v -0.054087 -0.032784 0.007245
v -0.055487 -0.034182 0.007122
v -0.054330 -0.032634 0.007372
v -0.054368 -0.033742 0.007236
v -0.054654 -0.033565 0.007388
v -0.054951 -0.033382 0.007513
v -0.055052 -0.034451 0.007395
v -0.054741 -0.034643 0.007228
v -0.058536 -0.039090 0.007137
v -0.055862 -0.037346 0.007198
v -0.056240 -0.037113 0.007408
v -0.057012 -0.040031 0.007104
v -0.060893 -0.041029 0.007452
v -0.060377 -0.041348 0.007267
v -0.062284 -0.043565 0.007469
v -0.061728 -0.043909 0.007251
v -0.059348 -0.041983 0.006890
v -0.059863 -0.041665 0.007079
v -0.057137 -0.039954 0.006725
v -0.058832 -0.042302 0.006708
v -0.061173 -0.044251 0.007029
v -0.060618 -0.044594 0.006808
v -0.057438 -0.039768 0.007365
v -0.057882 -0.039494 0.007583
v -0.058620 -0.042433 0.007293
v -0.058310 -0.042625 0.006551
v -0.059496 -0.045287 0.006408
v -0.060061 -0.044938 0.006594
v -0.057787 -0.042948 0.006541
v -0.058928 -0.045637 0.006386
v -0.056670 -0.040242 0.006733
v -0.058152 -0.042722 0.006978
v -0.059312 -0.045401 0.006876
v -0.059811 -0.045092 0.007236
v -0.059108 -0.042131 0.007561
v -0.063640 -0.046123 0.007484
v -0.063050 -0.046487 0.007231
v -0.064964 -0.048700 0.007494
v -0.062461 -0.046851 0.006975
v -0.061872 -0.047214 0.006720
v -0.063725 -0.049465 0.006927
v -0.063106 -0.049848 0.006642
v -0.064976 -0.052088 0.006879
v -0.064344 -0.049083 0.007212
v -0.066254 -0.051298 0.007502
v -0.065614 -0.051693 0.007192
v -0.066205 -0.054724 0.006841
v -0.066860 -0.054319 0.007174
v -0.067515 -0.053914 0.007504
v -0.068747 -0.056549 0.007503
v -0.068084 -0.056958 0.007157
v -0.061281 -0.047580 0.006473
v -0.060681 -0.047950 0.006257
v -0.060073 -0.048325 0.006220
v -0.062484 -0.050232 0.006367
v -0.064336 -0.052483 0.006567
v -0.061852 -0.050622 0.006125
v -0.063694 -0.052880 0.006265
v -0.061209 -0.051019 0.006077
v -0.063040 -0.053284 0.006000
v -0.060468 -0.048082 0.006762
v -0.061612 -0.050770 0.006664
v -0.062372 -0.053696 0.005939
v -0.064890 -0.055536 0.006191
v -0.065550 -0.055128 0.006510
v -0.066759 -0.057777 0.006463
v -0.064218 -0.055951 0.005909
v -0.063531 -0.056375 0.005843
v -0.062775 -0.053447 0.006564
v -0.066091 -0.058189 0.006130
v -0.065411 -0.058609 0.005836
v -0.064713 -0.059040 0.005765
v -0.063935 -0.056126 0.006497
v -0.065110 -0.058795 0.006440
v -0.060992 -0.047758 0.007166
v -0.062159 -0.050432 0.007107
v -0.060335 -0.044769 0.007544
v -0.061545 -0.047417 0.007515
v -0.062737 -0.050075 0.007493
v -0.063335 -0.053101 0.007042
v -0.067422 -0.057367 0.006809
v -0.064504 -0.055774 0.007001
v -0.063929 -0.052735 0.007460
v -0.065111 -0.055400 0.007442
v -0.065682 -0.058442 0.006963
v -0.066293 -0.058064 0.007422
v -0.055397 -0.030843 0.007596
v -0.055253 -0.030932 0.007581
v -0.055109 -0.031021 0.007562
v -0.054966 -0.031109 0.007538
v -0.054824 -0.031197 0.007508
v -0.055881 -0.031676 0.007809
v -0.055617 -0.031839 0.007765
v -0.056486 -0.032434 0.007911
v -0.056174 -0.032626 0.007858
v -0.055865 -0.032818 0.007789
v -0.056701 -0.033433 0.007911
v -0.056365 -0.033640 0.007836
v -0.054682 -0.031285 0.007473
v -0.055095 -0.032161 0.007642
v -0.055355 -0.032001 0.007708
v -0.054837 -0.032321 0.007566
v -0.055557 -0.033007 0.007711
v -0.055252 -0.033196 0.007619
v -0.055701 -0.034051 0.007649
v -0.056032 -0.033846 0.007749
v -0.059930 -0.038229 0.007568
v -0.057433 -0.036376 0.007857
v -0.057029 -0.036625 0.007730
v -0.057039 -0.033224 0.007970
v -0.058249 -0.035872 0.008066
v -0.057840 -0.036125 0.007968
v -0.059726 -0.038355 0.008214
v -0.059258 -0.038644 0.008083
v -0.058794 -0.038930 0.007937
v -0.055373 -0.034253 0.007532
v -0.056631 -0.036871 0.007582
v -0.058335 -0.039214 0.007772
v -0.061409 -0.040710 0.007633
v -0.062841 -0.043221 0.007682
v -0.061152 -0.040869 0.008362
v -0.060118 -0.041508 0.008004
v -0.060632 -0.041190 0.008192
v -0.061976 -0.043755 0.008282
v -0.059609 -0.041822 0.007796
v -0.060874 -0.044436 0.007817
v -0.061422 -0.044098 0.008061
v -0.062537 -0.043409 0.008483
v -0.064231 -0.045758 0.007731
v -0.065586 -0.048316 0.007772
v -0.066895 -0.050902 0.007808
v -0.067540 -0.050504 0.008105
v -0.062114 -0.047065 0.007826
v -0.062695 -0.046707 0.008106
v -0.063283 -0.046343 0.008362
v -0.063944 -0.049330 0.008149
v -0.063334 -0.049707 0.007837
v -0.064543 -0.052355 0.007835
v -0.064562 -0.048948 0.008435
v -0.065171 -0.051967 0.008176
v -0.068173 -0.053508 0.007829
v -0.068833 -0.053100 0.008146
v -0.070079 -0.055726 0.008176
v -0.069411 -0.056138 0.007844
v -0.065809 -0.051573 0.008490
v -0.066382 -0.054614 0.008201
v -0.063878 -0.045976 0.008597
v -0.065188 -0.048562 0.008699
v -0.065824 -0.048169 0.008928
v -0.067112 -0.050768 0.009036
v -0.066455 -0.051174 0.008781
v -0.067775 -0.050359 0.009271
v -0.068373 -0.053385 0.009119
v -0.067699 -0.053801 0.008846
v -0.068908 -0.056449 0.008890
v -0.069591 -0.056027 0.009177
v -0.067036 -0.054210 0.008535
v -0.067577 -0.057271 0.008214
v -0.068238 -0.056863 0.008564
v -0.065739 -0.055012 0.007839
v -0.066927 -0.057673 0.007836
v -0.072635 -0.057542 0.008835
v -0.073316 -0.057122 0.009143
v -0.074445 -0.059820 0.009143
v -0.073775 -0.060234 0.008832
v -0.075489 -0.062570 0.009119
v -0.069951 -0.059200 0.007496
v -0.069287 -0.059610 0.007143
v -0.071129 -0.061868 0.007485
v -0.067959 -0.060430 0.006435
v -0.068624 -0.060020 0.006787
v -0.069820 -0.062676 0.006775
v -0.069165 -0.063081 0.006421
v -0.067290 -0.060844 0.006095
v -0.066607 -0.061265 0.005796
v -0.068504 -0.063489 0.006082
v -0.067830 -0.063906 0.005784
v -0.069740 -0.066121 0.006084
v -0.070379 -0.065726 0.006420
v -0.071014 -0.065334 0.006769
v -0.071596 -0.068370 0.006439
v -0.072201 -0.067996 0.006776
v -0.070985 -0.068747 0.006116
v -0.072852 -0.070989 0.006518
v -0.072293 -0.071334 0.006232
v -0.070474 -0.062272 0.007131
v -0.071647 -0.064943 0.007121
v -0.072280 -0.064552 0.007472
v -0.066296 -0.061457 0.006411
v -0.066866 -0.061105 0.006944
v -0.068073 -0.063755 0.006933
v -0.067514 -0.064101 0.006399
v -0.067477 -0.060728 0.007412
v -0.068673 -0.063385 0.007402
v -0.069307 -0.066388 0.006921
v -0.069886 -0.066031 0.007384
v -0.072806 -0.067622 0.007116
v -0.073410 -0.067249 0.007455
v -0.073959 -0.070305 0.007122
v -0.074512 -0.069964 0.007425
v -0.073406 -0.070647 0.006819
v -0.071112 -0.068669 0.007375
v -0.070560 -0.069009 0.006928
v -0.074175 -0.073567 0.006669
v -0.075580 -0.072699 0.007383
v -0.074644 -0.073277 0.006905
v -0.075112 -0.072988 0.007144
v -0.075888 -0.075904 0.007001
v -0.075516 -0.076134 0.006834
v -0.077081 -0.078562 0.007067
v -0.076260 -0.075674 0.007172
v -0.076631 -0.075445 0.007342
v -0.077004 -0.075215 0.007511
v -0.078006 -0.077991 0.007437
v -0.077698 -0.078181 0.007314
v -0.077389 -0.078372 0.007191
v -0.078511 -0.081074 0.007199
v -0.071286 -0.058376 0.008185
v -0.071959 -0.057960 0.008514
v -0.072445 -0.061055 0.008178
v -0.073108 -0.060645 0.008509
v -0.070617 -0.058789 0.007845
v -0.071785 -0.061463 0.007835
v -0.072915 -0.064160 0.007819
v -0.073553 -0.063766 0.008159
v -0.074195 -0.063369 0.008488
v -0.074016 -0.066875 0.007791
v -0.074625 -0.066499 0.008120
v -0.075238 -0.066120 0.008439
v -0.076182 -0.068932 0.008305
v -0.075623 -0.069278 0.008020
v -0.074840 -0.062971 0.008809
v -0.069424 -0.059526 0.008579
v -0.070095 -0.059111 0.008912
v -0.070591 -0.062200 0.008572
v -0.070780 -0.058688 0.009206
v -0.071253 -0.061791 0.008907
v -0.071928 -0.061374 0.009203
v -0.073035 -0.064086 0.009168
v -0.072381 -0.064490 0.008874
v -0.075853 -0.065740 0.008750
v -0.076745 -0.068585 0.008582
v -0.077311 -0.068235 0.008851
v -0.076472 -0.065358 0.009050
v -0.077096 -0.064972 0.009336
v -0.077881 -0.067883 0.009106
v -0.074116 -0.066813 0.009099
v -0.073491 -0.067199 0.008815
v -0.074747 -0.066424 0.009365
v -0.075158 -0.069565 0.008933
v -0.075734 -0.069209 0.009168
v -0.068111 -0.060337 0.007834
v -0.068761 -0.059935 0.008221
v -0.069297 -0.062999 0.007825
v -0.069938 -0.062603 0.008213
v -0.071108 -0.065276 0.008186
v -0.070489 -0.065658 0.007803
v -0.075066 -0.069621 0.007726
v -0.071740 -0.064886 0.008542
v -0.072277 -0.067949 0.008150
v -0.071686 -0.068314 0.007779
v -0.072410 -0.071262 0.007391
v -0.072936 -0.070937 0.007754
v -0.073476 -0.070603 0.008086
v -0.072880 -0.067577 0.008494
v -0.074027 -0.070263 0.008394
v -0.074587 -0.069917 0.008680
v -0.076992 -0.071827 0.008075
v -0.077467 -0.071534 0.008292
v -0.078888 -0.074051 0.008276
v -0.077945 -0.071239 0.008503
v -0.078507 -0.074286 0.008137
v -0.079883 -0.076832 0.008079
v -0.079270 -0.073815 0.008409
v -0.080200 -0.076636 0.008166
v -0.081682 -0.079115 0.008207
v -0.081159 -0.076043 0.008390
v -0.080839 -0.076242 0.008322
v -0.080519 -0.076439 0.008247
v -0.081144 -0.079448 0.008086
v -0.081413 -0.079282 0.008149
v -0.081830 -0.079025 0.008263
v -0.080817 -0.072860 0.008866
v -0.081336 -0.075934 0.008457
v -0.081034 -0.072726 0.008957
v -0.081011 -0.076135 0.008469
v -0.080428 -0.073100 0.008763
v -0.078909 -0.070643 0.008892
v -0.078454 -0.067529 0.009351
v -0.079395 -0.070343 0.009074
v -0.080375 -0.069738 0.009408
v -0.079884 -0.070041 0.009246
v -0.078426 -0.070941 0.008701
v -0.079655 -0.073578 0.008535
v -0.080041 -0.073339 0.008653
v -0.080868 -0.069433 0.009560
v -0.080635 -0.072972 0.008952
v -0.080128 -0.069890 0.009610
v -0.080237 -0.073218 0.008933
v -0.079839 -0.073464 0.008901
v -0.079442 -0.073709 0.008858
v -0.079621 -0.070204 0.009547
v -0.080685 -0.076336 0.008471
v -0.080359 -0.076538 0.008462
v -0.080034 -0.076739 0.008444
v -0.079709 -0.076939 0.008414
v -0.079046 -0.073954 0.008801
v -0.078652 -0.074197 0.008730
v -0.078111 -0.071136 0.009258
v -0.078612 -0.070827 0.009372
v -0.076315 -0.068850 0.009387
v -0.077117 -0.071750 0.008988
v -0.076628 -0.072052 0.008821
v -0.078259 -0.074439 0.008647
v -0.077613 -0.071444 0.009130
v -0.079115 -0.070516 0.009468
v -0.081556 -0.079194 0.008274
v -0.081282 -0.079363 0.008276
v -0.081008 -0.079532 0.008270
v -0.076519 -0.072119 0.007851
v -0.076049 -0.072410 0.007619
v -0.077377 -0.074984 0.007676
v -0.078316 -0.077799 0.007556
v -0.078627 -0.077607 0.007671
v -0.077752 -0.074753 0.007835
v -0.078939 -0.077415 0.007781
v -0.078129 -0.074520 0.007989
v -0.079252 -0.077221 0.007887
v -0.079567 -0.077027 0.007986
v -0.073817 -0.073788 0.007422
v -0.074263 -0.073513 0.007713
v -0.075606 -0.076078 0.007656
v -0.074721 -0.073230 0.007977
v -0.075970 -0.075853 0.007847
v -0.076866 -0.078695 0.007622
v -0.077169 -0.078508 0.007763
v -0.075187 -0.072942 0.008219
v -0.075660 -0.072650 0.008444
v -0.076340 -0.075625 0.008021
v -0.076715 -0.075393 0.008180
v -0.077476 -0.078318 0.007890
v -0.078103 -0.077931 0.008099
v -0.077097 -0.075157 0.008316
v -0.077481 -0.074920 0.008440
v -0.078421 -0.077735 0.008185
v -0.077787 -0.078126 0.008004
v -0.079385 -0.077139 0.008372
v -0.079062 -0.077339 0.008321
v -0.078740 -0.077538 0.008261
v -0.076142 -0.072352 0.008640
v -0.077868 -0.074681 0.008554
v -0.070688 -0.041770 0.009737
v -0.070292 -0.042015 0.009615
v -0.070060 -0.042158 0.009731
v -0.069674 -0.042396 0.009483
v -0.069433 -0.042545 0.009706
v -0.071317 -0.044777 0.009772
v -0.072380 -0.044120 0.010069
v -0.071968 -0.044374 0.009929
v -0.071715 -0.044530 0.010049
v -0.071051 -0.044940 0.010007
v -0.073494 -0.046827 0.010230
v -0.070668 -0.045177 0.009601
v -0.072819 -0.047244 0.010048
v -0.068806 -0.042932 0.009662
v -0.070022 -0.045576 0.009417
v -0.068181 -0.043318 0.009600
v -0.067557 -0.043703 0.009516
v -0.071479 -0.048071 0.009642
v -0.070389 -0.045350 0.009945
v -0.069727 -0.045758 0.009865
v -0.072148 -0.047658 0.009852
v -0.069068 -0.046165 0.009761
v -0.071158 -0.048270 0.010110
v -0.070814 -0.048482 0.009418
v -0.072191 -0.051026 0.009555
v -0.072874 -0.050605 0.009798
v -0.073560 -0.050181 0.010027
v -0.070474 -0.048692 0.009986
v -0.074862 -0.052772 0.010167
v -0.074167 -0.053201 0.009923
v -0.073915 -0.046567 0.010388
v -0.073223 -0.046994 0.010351
v -0.072533 -0.047420 0.010291
v -0.071844 -0.047846 0.010210
v -0.074943 -0.049327 0.010440
v -0.075369 -0.049064 0.010611
v -0.074657 -0.049504 0.010562
v -0.074250 -0.049755 0.010241
v -0.073946 -0.049942 0.010491
v -0.075561 -0.052340 0.010396
v -0.076263 -0.051907 0.010611
v -0.076689 -0.051644 0.010792
v -0.075965 -0.052091 0.010733
v -0.075243 -0.052537 0.010651
v -0.073238 -0.050380 0.010398
v -0.072531 -0.050817 0.010285
v -0.073806 -0.053424 0.010422
v -0.074524 -0.052981 0.010547
v -0.066936 -0.044087 0.009411
v -0.068412 -0.046570 0.009636
v -0.067759 -0.046974 0.009492
v -0.069116 -0.049531 0.009673
v -0.069793 -0.049113 0.009839
v -0.067108 -0.047376 0.009330
v -0.068442 -0.049947 0.009488
v -0.073476 -0.053628 0.009664
v -0.072789 -0.054052 0.009393
v -0.071127 -0.051684 0.009986
v -0.070431 -0.052114 0.009805
v -0.069053 -0.052965 0.009371
v -0.069738 -0.052541 0.009604
v -0.071676 -0.054740 0.009905
v -0.072382 -0.054304 0.010098
v -0.070974 -0.055173 0.009691
v -0.071827 -0.051251 0.010147
v -0.073092 -0.053865 0.010273
v -0.070280 -0.055602 0.009444
v -0.077905 -0.054288 0.010882
v -0.077483 -0.054548 0.010696
v -0.077178 -0.054737 0.010818
v -0.076780 -0.054983 0.010472
v -0.078556 -0.057281 0.010717
v -0.076453 -0.055185 0.010730
v -0.078966 -0.057027 0.010905
v -0.078248 -0.057471 0.010838
v -0.079861 -0.059870 0.010885
v -0.076079 -0.055415 0.010235
v -0.077862 -0.057710 0.010489
v -0.075383 -0.055846 0.009982
v -0.077171 -0.058136 0.010248
v -0.078797 -0.060527 0.010467
v -0.078128 -0.060940 0.010224
v -0.075730 -0.055631 0.010621
v -0.077531 -0.057914 0.010747
v -0.075009 -0.056076 0.010490
v -0.076817 -0.058355 0.010634
v -0.079469 -0.060112 0.010697
v -0.079164 -0.060301 0.010813
v -0.078468 -0.060730 0.010719
v -0.080640 -0.062784 0.010770
v -0.080272 -0.063011 0.010587
v -0.079629 -0.063408 0.010363
v -0.079973 -0.063196 0.010699
v -0.081113 -0.065887 0.010383
v -0.074001 -0.056699 0.009435
v -0.074690 -0.056273 0.009715
v -0.076484 -0.058561 0.009991
v -0.075800 -0.058983 0.009721
v -0.076801 -0.061760 0.009696
v -0.077462 -0.061351 0.009967
v -0.075121 -0.059402 0.009438
v -0.076143 -0.062166 0.009413
v -0.072871 -0.057397 0.009954
v -0.072167 -0.057832 0.009734
v -0.073580 -0.056959 0.010154
v -0.073993 -0.060099 0.009957
v -0.074693 -0.059667 0.010159
v -0.075035 -0.062850 0.009920
v -0.078355 -0.064195 0.009875
v -0.078991 -0.063803 0.010125
v -0.079611 -0.066815 0.009809
v -0.080194 -0.066454 0.010020
v -0.077724 -0.064585 0.009611
v -0.079031 -0.067173 0.009586
v -0.074292 -0.056519 0.010335
v -0.075396 -0.059232 0.010342
v -0.076105 -0.058795 0.010501
v -0.077084 -0.061585 0.010467
v -0.076397 -0.062010 0.010307
v -0.077774 -0.061159 0.010603
v -0.075714 -0.062431 0.010123
v -0.080780 -0.066092 0.010220
v -0.079898 -0.066637 0.010249
v -0.080505 -0.066263 0.010326
v -0.079293 -0.067011 0.010153
v -0.078645 -0.064016 0.010492
v -0.079308 -0.063606 0.010606
v -0.077985 -0.064424 0.010360
v -0.077328 -0.064829 0.010204
v -0.076676 -0.065232 0.010025
v -0.078691 -0.067383 0.010039
v -0.078091 -0.067753 0.009905
v -0.081145 -0.069262 0.009688
v -0.080636 -0.069576 0.009658
v -0.071470 -0.058262 0.009480
v -0.072610 -0.060953 0.009478
v -0.073297 -0.060529 0.009734
v -0.073695 -0.063678 0.009442
v -0.074361 -0.063267 0.009697
v -0.076027 -0.065633 0.009828
v -0.075383 -0.066031 0.009612
v -0.077496 -0.068121 0.009749
v -0.076904 -0.068486 0.009576
v -0.065906 -0.061699 0.005726
v -0.067137 -0.064334 0.005715
v -0.069086 -0.066525 0.005790
v -0.068413 -0.066940 0.005724
v -0.068769 -0.066720 0.006395
v -0.070360 -0.069133 0.005834
v -0.069716 -0.069530 0.005773
v -0.071721 -0.071688 0.005983
v -0.071134 -0.072050 0.005939
v -0.070050 -0.069325 0.006420
v -0.071438 -0.071862 0.006528
v -0.071905 -0.071574 0.006987
v -0.073219 -0.074157 0.006255
v -0.072729 -0.074460 0.006238
v -0.073702 -0.073859 0.006445
v -0.075140 -0.076366 0.006676
v -0.074758 -0.076602 0.006545
v -0.072990 -0.074299 0.006724
v -0.074374 -0.076839 0.006553
v -0.073388 -0.074053 0.007098
v -0.074588 -0.076707 0.006925
v -0.076460 -0.078946 0.006833
v -0.076772 -0.078753 0.006946
v -0.076144 -0.079141 0.006743
v -0.075831 -0.079334 0.006768
v -0.076014 -0.079221 0.007065
v -0.074907 -0.076510 0.007205
v -0.075250 -0.076298 0.007444
v -0.076283 -0.079055 0.007281
v -0.076570 -0.078878 0.007463
v -0.077991 -0.081395 0.006994
v -0.078252 -0.081234 0.007096
v -0.077729 -0.081557 0.006901
v -0.077463 -0.081722 0.006827
v -0.077200 -0.081884 0.006851
v -0.077353 -0.081789 0.007102
v 0.046645 -0.083239 0.028558
v 0.047608 -0.083837 0.028558
v 0.044472 -0.087811 0.028558
v 0.048413 -0.084635 0.028558
v 0.045573 -0.082870 0.028558
v 0.044446 -0.082749 0.028558
v 0.043321 -0.082882 0.028558
v 0.042253 -0.083261 0.028558
v 0.042436 -0.083242 0.028905
v 0.042060 -0.083415 0.028773
v 0.042146 -0.083366 0.028806
v 0.041873 -0.083524 0.028701
v 0.041511 -0.083732 0.028558
v 0.041561 -0.083821 0.028558
v 0.041958 -0.084531 0.028558
v 0.041782 -0.083577 0.028665
v 0.041598 -0.083682 0.028593
v 0.048098 -0.084889 0.031774
v 0.047357 -0.084155 0.031774
v 0.046471 -0.083605 0.031774
v 0.045485 -0.083265 0.031774
v 0.043614 -0.082932 0.029234
v 0.043640 -0.082930 0.029240
v 0.043947 -0.082902 0.029305
v 0.043950 -0.082902 0.029306
v 0.043984 -0.082898 0.029313
v 0.043553 -0.082938 0.029220
v 0.042736 -0.083148 0.028999
v 0.042974 -0.083073 0.029070
v 0.043032 -0.083054 0.029088
v 0.043281 -0.082975 0.029156
v 0.043338 -0.082957 0.029171
v 0.043326 -0.082961 0.029168
v 0.042663 -0.083171 0.028976
v 0.042370 -0.083263 0.028884
v 0.042348 -0.083270 0.028877
v 0.042269 -0.083294 0.028851
v 0.044448 -0.083154 0.031774
v 0.043941 -0.082933 0.029549
v 0.043807 -0.082949 0.029547
v 0.043798 -0.082950 0.029547
v 0.043413 -0.083276 0.031774
v 0.042930 -0.083143 0.029477
v 0.042873 -0.083162 0.029470
v 0.043666 -0.082965 0.029542
v 0.043511 -0.082982 0.029535
v 0.043481 -0.082986 0.029534
v 0.043348 -0.083000 0.029524
v 0.043217 -0.083045 0.029512
v 0.043173 -0.083060 0.029507
v 0.042430 -0.083625 0.031774
v 0.041525 -0.083810 0.029142
v 0.041499 -0.083826 0.029133
v 0.041550 -0.084185 0.031774
v 0.041436 -0.083862 0.029110
v 0.041336 -0.083919 0.029070
v 0.042639 -0.083241 0.029435
v 0.042569 -0.083264 0.029425
v 0.042345 -0.083338 0.029381
v 0.042298 -0.083353 0.029371
v 0.042266 -0.083373 0.029364
v 0.042069 -0.083490 0.029312
v 0.041797 -0.083651 0.029234
v 0.041711 -0.083702 0.029209
v 0.041989 -0.083538 0.029291
v 0.046640 -0.086064 0.033918
v 0.046197 -0.085625 0.033918
v 0.045667 -0.085296 0.033918
v 0.045078 -0.085093 0.033918
v 0.044458 -0.085027 0.033918
v 0.043839 -0.085100 0.033918
v 0.043251 -0.085309 0.033918
v 0.044472 -0.087811 0.033918
v 0.042725 -0.085643 0.033918
v 0.039900 -0.085637 0.028558
v 0.040483 -0.084700 0.028558
v 0.040925 -0.085364 0.028558
v 0.039531 -0.086709 0.028558
v 0.039410 -0.087836 0.028558
v 0.039543 -0.088962 0.028558
v 0.039922 -0.090030 0.028558
v 0.040530 -0.090987 0.028558
v 0.040948 -0.084276 0.028872
v 0.040791 -0.084418 0.028777
v 0.040717 -0.084485 0.028731
v 0.040563 -0.084621 0.028621
v 0.041184 -0.084061 0.028998
v 0.041025 -0.084206 0.028913
v 0.041264 -0.083987 0.029036
v 0.040816 -0.084926 0.031774
v 0.040500 -0.084676 0.028576
v 0.040494 -0.084685 0.028570
v 0.040266 -0.085811 0.031774
v 0.039927 -0.086797 0.031774
v 0.039815 -0.087834 0.031774
v 0.039937 -0.088870 0.031774
v 0.040286 -0.089852 0.031774
v 0.040846 -0.090732 0.031774
v 0.042287 -0.086086 0.033918
v 0.041958 -0.086615 0.033918
v 0.041755 -0.087205 0.033918
v 0.041688 -0.087825 0.033918
v 0.041761 -0.088444 0.033918
v 0.041970 -0.089031 0.033918
v 0.042304 -0.089557 0.033918
v 0.049021 -0.085592 0.028558
v 0.049401 -0.086660 0.028558
v 0.049534 -0.087785 0.028558
v 0.049412 -0.088912 0.028558
v 0.049043 -0.089984 0.028558
v 0.048019 -0.090258 0.028558
v 0.046986 -0.091090 0.028558
v 0.048461 -0.090922 0.028558
v 0.048657 -0.085769 0.031774
v 0.049007 -0.086752 0.031774
v 0.049129 -0.087787 0.031774
v 0.049017 -0.088824 0.031774
v 0.048678 -0.089810 0.031774
v 0.048127 -0.090696 0.031774
v 0.048450 -0.090936 0.028570
v 0.048443 -0.090945 0.028576
v 0.048381 -0.091001 0.028621
v 0.047394 -0.091437 0.031774
v 0.048227 -0.091137 0.028731
v 0.048153 -0.091203 0.028777
v 0.047995 -0.091345 0.028872
v 0.047918 -0.091416 0.028913
v 0.047760 -0.091561 0.028998
v 0.047680 -0.091635 0.029036
v 0.047607 -0.091702 0.029070
v 0.046974 -0.086590 0.033918
v 0.047183 -0.087178 0.033918
v 0.047256 -0.087797 0.033918
v 0.047189 -0.088417 0.033918
v 0.046986 -0.089006 0.033918
v 0.046657 -0.089535 0.033918
v 0.046219 -0.089979 0.033918
v 0.046691 -0.092360 0.028558
v 0.045623 -0.092740 0.028558
v 0.047345 -0.091939 0.028593
v 0.047162 -0.092045 0.028665
v 0.047432 -0.091889 0.028558
v 0.047383 -0.091800 0.028558
v 0.047071 -0.092097 0.028701
v 0.046883 -0.092206 0.028773
v 0.046797 -0.092256 0.028806
v 0.046508 -0.092379 0.028905
v 0.044497 -0.092872 0.028558
v 0.043370 -0.092751 0.028558
v 0.042299 -0.092382 0.028558
v 0.041336 -0.091784 0.028558
v 0.046675 -0.092327 0.028851
v 0.046595 -0.092352 0.028877
v 0.046574 -0.092359 0.028884
v 0.046281 -0.092450 0.028976
v 0.046208 -0.092473 0.028999
v 0.045970 -0.092548 0.029070
v 0.045912 -0.092567 0.029088
v 0.045663 -0.092646 0.029156
v 0.045391 -0.092684 0.029220
v 0.045618 -0.092661 0.029168
v 0.045605 -0.092665 0.029171
v 0.045330 -0.092689 0.029234
v 0.045304 -0.092692 0.029240
v 0.044997 -0.092719 0.029305
v 0.044994 -0.092720 0.029306
v 0.044959 -0.092723 0.029313
v 0.047508 -0.091759 0.029110
v 0.047445 -0.091796 0.029133
v 0.046513 -0.091996 0.031774
v 0.047418 -0.091811 0.029142
v 0.047232 -0.091920 0.029209
v 0.047147 -0.091970 0.029234
v 0.046955 -0.092084 0.029291
v 0.046874 -0.092132 0.029312
v 0.046678 -0.092249 0.029364
v 0.046646 -0.092268 0.029371
v 0.046598 -0.092284 0.029381
v 0.046375 -0.092357 0.029425
v 0.045531 -0.092345 0.031774
v 0.046305 -0.092381 0.029435
v 0.046071 -0.092459 0.029470
v 0.044495 -0.092467 0.031774
v 0.046014 -0.092479 0.029477
v 0.045771 -0.092561 0.029507
v 0.045727 -0.092576 0.029512
v 0.045595 -0.092621 0.029524
v 0.045463 -0.092636 0.029534
v 0.045433 -0.092639 0.029535
v 0.045278 -0.092657 0.029542
v 0.045146 -0.092671 0.029547
v 0.045003 -0.092688 0.029549
v 0.045136 -0.092672 0.029547
v 0.043458 -0.092356 0.031774
v 0.042472 -0.092016 0.031774
v 0.041587 -0.091466 0.031774
v 0.045692 -0.090313 0.033918
v 0.045105 -0.090522 0.033918
v 0.044486 -0.090595 0.033918
v 0.043866 -0.090528 0.033918
v 0.043277 -0.090325 0.033918
v 0.042747 -0.089996 0.033918
v 0.053713 -0.096798 0.027525
v 0.055596 -0.098991 0.027226
v 0.053264 -0.097160 0.027541
v 0.055059 -0.099423 0.027270
v 0.051433 -0.094926 0.027832
v 0.051784 -0.094643 0.027840
v 0.051083 -0.095208 0.027963
v 0.055318 -0.099215 0.027814
v 0.053474 -0.096991 0.028011
v 0.052822 -0.097516 0.027732
v 0.054536 -0.099845 0.027518
v 0.052389 -0.097865 0.027956
v 0.048111 -0.090183 0.028113
v 0.050028 -0.092349 0.028055
v 0.049742 -0.092579 0.028030
v 0.048351 -0.089990 0.028138
v 0.048212 -0.090102 0.028388
v 0.049860 -0.092484 0.028352
v 0.047867 -0.090380 0.028187
v 0.049452 -0.092813 0.028120
v 0.047627 -0.090573 0.028281
v 0.049167 -0.093042 0.028232
v 0.047389 -0.090765 0.028382
v 0.049614 -0.092682 0.028568
v 0.047152 -0.090957 0.028486
v 0.048884 -0.093270 0.028354
v 0.049352 -0.092893 0.028750
v 0.051589 -0.094801 0.028212
v 0.050739 -0.095485 0.028120
v 0.054890 -0.099560 0.028274
v 0.053110 -0.097285 0.028385
v 0.051296 -0.095036 0.028492
v 0.050983 -0.095289 0.028731
v 0.052717 -0.097601 0.028709
v 0.054428 -0.099932 0.028677
v 0.057317 -0.101314 0.027060
v 0.056728 -0.101788 0.027121
v 0.057012 -0.101560 0.027706
v 0.056156 -0.102249 0.027403
v 0.058933 -0.103721 0.027010
v 0.058607 -0.103984 0.027682
v 0.058317 -0.104217 0.027077
v 0.057719 -0.104700 0.027371
v 0.058115 -0.104380 0.028208
v 0.060524 -0.106149 0.027002
v 0.060179 -0.106427 0.027686
v 0.059890 -0.106660 0.027070
v 0.062074 -0.108610 0.027013
v 0.061432 -0.109127 0.027083
v 0.063589 -0.111098 0.027052
v 0.061716 -0.108898 0.027698
v 0.063225 -0.111392 0.027726
v 0.059667 -0.106839 0.028220
v 0.056544 -0.101936 0.028215
v 0.056040 -0.102343 0.028662
v 0.057585 -0.104807 0.028671
v 0.061195 -0.109318 0.028231
v 0.049080 -0.093112 0.028909
v 0.048803 -0.093335 0.029050
v 0.050657 -0.095551 0.028943
v 0.052309 -0.097930 0.028999
v 0.054024 -0.100258 0.027805
v 0.048602 -0.093498 0.028477
v 0.048319 -0.093725 0.028601
v 0.048037 -0.093953 0.028724
v 0.050398 -0.095760 0.028288
v 0.051960 -0.098211 0.028192
v 0.053517 -0.100666 0.028105
v 0.051532 -0.098556 0.028431
v 0.050058 -0.096034 0.028459
v 0.049718 -0.096308 0.028629
v 0.049378 -0.096582 0.028798
v 0.051104 -0.098901 0.028670
v 0.053011 -0.101074 0.028409
v 0.052505 -0.101482 0.028712
v 0.055597 -0.102700 0.027726
v 0.057133 -0.105171 0.027706
v 0.055042 -0.103146 0.028062
v 0.059273 -0.107157 0.027368
v 0.062950 -0.111613 0.027122
v 0.060807 -0.109631 0.027382
v 0.062327 -0.112115 0.027416
v 0.058668 -0.107644 0.027708
v 0.056553 -0.105639 0.028056
v 0.060194 -0.110124 0.027721
v 0.061716 -0.112607 0.027750
v 0.058068 -0.108127 0.028061
v 0.059586 -0.110614 0.028074
v 0.054489 -0.103592 0.028403
v 0.055973 -0.106106 0.028408
v 0.053936 -0.104038 0.028742
v 0.055393 -0.106573 0.028759
v 0.062701 -0.111813 0.028250
v 0.059118 -0.107282 0.028689
v 0.060636 -0.109768 0.028699
v 0.062142 -0.112264 0.028709
v 0.057470 -0.108610 0.028418
v 0.061110 -0.113096 0.028096
v 0.058979 -0.111103 0.028429
v 0.056870 -0.109093 0.028772
v 0.060504 -0.113584 0.028444
v 0.058371 -0.111593 0.028783
v 0.059897 -0.114073 0.028789
v 0.048522 -0.093562 0.029177
v 0.047753 -0.094181 0.028843
v 0.047469 -0.094411 0.028957
v 0.048237 -0.093791 0.029291
v 0.047948 -0.094024 0.029386
v 0.047365 -0.094494 0.029548
v 0.047658 -0.094258 0.029472
v 0.047183 -0.094641 0.029068
v 0.046897 -0.094872 0.029174
v 0.046608 -0.095104 0.029272
v 0.047071 -0.094731 0.029608
v 0.046775 -0.094969 0.029659
v 0.046479 -0.095208 0.029701
v 0.044742 -0.092898 0.029373
v 0.046319 -0.095337 0.029366
v 0.046029 -0.095571 0.029453
v 0.044496 -0.093096 0.029436
v 0.044867 -0.092797 0.029557
v 0.044616 -0.093000 0.029563
v 0.044365 -0.093202 0.029561
v 0.045737 -0.095806 0.029534
v 0.044115 -0.093404 0.029550
v 0.050324 -0.095820 0.029134
v 0.051890 -0.098267 0.029263
v 0.049036 -0.096857 0.028962
v 0.053947 -0.100320 0.029041
v 0.053452 -0.100718 0.029373
v 0.049985 -0.096093 0.029307
v 0.049641 -0.096370 0.029467
v 0.051464 -0.098611 0.029506
v 0.049292 -0.096651 0.029603
v 0.048940 -0.096934 0.029727
v 0.051031 -0.098959 0.029731
v 0.052948 -0.101124 0.029681
v 0.050675 -0.099246 0.028906
v 0.048693 -0.097134 0.029121
v 0.048348 -0.097412 0.029276
v 0.050244 -0.099593 0.029137
v 0.051997 -0.101890 0.029012
v 0.051488 -0.102301 0.029306
v 0.048002 -0.097691 0.029424
v 0.049811 -0.099942 0.029361
v 0.047653 -0.097972 0.029563
v 0.049377 -0.100292 0.029579
v 0.046181 -0.095448 0.029730
v 0.045884 -0.095688 0.029749
v 0.045585 -0.095928 0.029757
v 0.048586 -0.097220 0.029840
v 0.048229 -0.097508 0.029934
v 0.050590 -0.099315 0.029926
v 0.050145 -0.099673 0.030107
v 0.047869 -0.097797 0.030017
v 0.047509 -0.098088 0.030088
v 0.049697 -0.100035 0.030274
v 0.052436 -0.101537 0.029967
v 0.051913 -0.101958 0.030220
v 0.049243 -0.100400 0.030417
v 0.051386 -0.102383 0.030455
v 0.044249 -0.093295 0.029493
v 0.045445 -0.096041 0.029609
v 0.045151 -0.096278 0.029677
v 0.047303 -0.098254 0.029696
v 0.048940 -0.100645 0.029790
v 0.050976 -0.102714 0.029591
v 0.045287 -0.096168 0.029756
v 0.044989 -0.096409 0.029743
v 0.046952 -0.098537 0.029822
v 0.047146 -0.098380 0.030145
v 0.046783 -0.098673 0.030188
v 0.046598 -0.098822 0.029940
v 0.046243 -0.099107 0.030050
v 0.048499 -0.100999 0.029988
v 0.046419 -0.098966 0.030219
v 0.046054 -0.099260 0.030239
v 0.048057 -0.101356 0.030179
v 0.050461 -0.103128 0.029869
v 0.049943 -0.103546 0.030138
v 0.048787 -0.100767 0.030545
v 0.048329 -0.101136 0.030659
v 0.047869 -0.101508 0.030755
v 0.050854 -0.102812 0.030673
v 0.045887 -0.099394 0.030153
v 0.045689 -0.099554 0.030244
v 0.047612 -0.101714 0.030361
v 0.047165 -0.102075 0.030533
v 0.047406 -0.101880 0.030833
v 0.046942 -0.102254 0.030897
v 0.046715 -0.102437 0.030694
v 0.046264 -0.102801 0.030847
v 0.049421 -0.103966 0.030393
v 0.048896 -0.104389 0.030638
v 0.055514 -0.102767 0.029066
v 0.057033 -0.105252 0.029089
v 0.054973 -0.103202 0.029437
v 0.054422 -0.103647 0.029781
v 0.056466 -0.105709 0.029473
v 0.053381 -0.104485 0.029078
v 0.055888 -0.106175 0.029829
v 0.058547 -0.107742 0.029112
v 0.060055 -0.110236 0.029121
v 0.061562 -0.112732 0.029122
v 0.057960 -0.108215 0.029500
v 0.059460 -0.110715 0.029508
v 0.060967 -0.113211 0.029501
v 0.053862 -0.104098 0.030102
v 0.055302 -0.106647 0.030161
v 0.053290 -0.104558 0.030386
v 0.054703 -0.107130 0.030455
v 0.057363 -0.108696 0.029859
v 0.058854 -0.111204 0.029865
v 0.056757 -0.109184 0.030194
v 0.060362 -0.113698 0.029851
v 0.054812 -0.107041 0.029106
v 0.052824 -0.104934 0.029406
v 0.052264 -0.105385 0.029725
v 0.054228 -0.107512 0.029446
v 0.056270 -0.109577 0.029122
v 0.057762 -0.112084 0.029131
v 0.059288 -0.114563 0.029130
v 0.055666 -0.110063 0.029465
v 0.053641 -0.107985 0.029775
v 0.057149 -0.112577 0.029472
v 0.055059 -0.110552 0.029796
v 0.058677 -0.115056 0.029463
v 0.056533 -0.113074 0.029801
v 0.051700 -0.105839 0.030036
v 0.052713 -0.105024 0.030651
v 0.053050 -0.108461 0.030096
v 0.051134 -0.106296 0.030337
v 0.050562 -0.106756 0.030623
v 0.052457 -0.108939 0.030406
v 0.058240 -0.111699 0.030199
v 0.059749 -0.114192 0.030177
v 0.056138 -0.109682 0.030490
v 0.057613 -0.112204 0.030493
v 0.059124 -0.114696 0.030464
v 0.054449 -0.111044 0.030118
v 0.058062 -0.115551 0.029784
v 0.055915 -0.113572 0.030121
v 0.057445 -0.116049 0.030096
v 0.053835 -0.111538 0.030430
v 0.055292 -0.114074 0.030430
v 0.056823 -0.116550 0.030396
v 0.065093 -0.113596 0.027130
v 0.064464 -0.114103 0.027196
v 0.064724 -0.113893 0.027784
v 0.063850 -0.114598 0.027478
v 0.066577 -0.116110 0.027226
v 0.066208 -0.116407 0.027851
v 0.065966 -0.116602 0.027287
v 0.068065 -0.118621 0.027364
v 0.067477 -0.119094 0.027412
v 0.065368 -0.117084 0.027552
v 0.067696 -0.118918 0.027951
v 0.063246 -0.115084 0.027797
v 0.064780 -0.117558 0.027853
v 0.066898 -0.119560 0.027654
v 0.069527 -0.121152 0.027507
v 0.069167 -0.121442 0.028048
v 0.068972 -0.121600 0.027544
v 0.066329 -0.120019 0.027929
v 0.068422 -0.122042 0.027760
v 0.070999 -0.123676 0.027673
v 0.070479 -0.124095 0.027695
v 0.070648 -0.123959 0.028163
v 0.069962 -0.124511 0.027881
v 0.064203 -0.114313 0.028288
v 0.065696 -0.116819 0.028329
v 0.067196 -0.119321 0.028394
v 0.063648 -0.114760 0.028729
v 0.062646 -0.115567 0.028128
v 0.064195 -0.118029 0.028166
v 0.065153 -0.117257 0.028747
v 0.066666 -0.119748 0.028779
v 0.068687 -0.121829 0.028453
v 0.070191 -0.124327 0.028523
v 0.067881 -0.122478 0.028007
v 0.069452 -0.124922 0.028095
v 0.068181 -0.122237 0.028802
v 0.069711 -0.124713 0.028831
v 0.062047 -0.116050 0.028461
v 0.065762 -0.120476 0.028213
v 0.063610 -0.118500 0.028479
v 0.061447 -0.116534 0.028791
v 0.063024 -0.118972 0.028789
v 0.065196 -0.120932 0.028499
v 0.067342 -0.122912 0.028262
v 0.068945 -0.125331 0.028316
v 0.064628 -0.121390 0.028781
v 0.066803 -0.123347 0.028518
v 0.068437 -0.125740 0.028537
v 0.066264 -0.123781 0.028770
v 0.067928 -0.126150 0.028755
v 0.072467 -0.126202 0.027828
v 0.071988 -0.126588 0.027838
v 0.072132 -0.126472 0.028265
v 0.071510 -0.126973 0.027995
v 0.073912 -0.128748 0.028019
v 0.073484 -0.129092 0.028012
v 0.073599 -0.129000 0.028391
v 0.075357 -0.131293 0.028177
v 0.075074 -0.131521 0.028485
v 0.071704 -0.126817 0.028580
v 0.071257 -0.127177 0.028848
v 0.073209 -0.129314 0.028652
v 0.074985 -0.131593 0.028158
v 0.071038 -0.127354 0.028177
v 0.070567 -0.127733 0.028366
v 0.073055 -0.129438 0.028133
v 0.072629 -0.129781 0.028276
v 0.074609 -0.131895 0.028249
v 0.070096 -0.128113 0.028554
v 0.072803 -0.129641 0.028870
v 0.074729 -0.131799 0.028695
v 0.072204 -0.130123 0.028424
v 0.074236 -0.132196 0.028357
v 0.073864 -0.132496 0.028470
v 0.071780 -0.130466 0.028571
v 0.069624 -0.128493 0.028739
v 0.071354 -0.130808 0.028715
v 0.073492 -0.132796 0.028583
v 0.076758 -0.133873 0.028268
v 0.076454 -0.134118 0.028252
v 0.076146 -0.134366 0.028323
v 0.077224 -0.134735 0.028296
v 0.076944 -0.134960 0.028282
v 0.076523 -0.134063 0.028515
v 0.076239 -0.134292 0.028682
v 0.075841 -0.134613 0.028409
v 0.075535 -0.134859 0.028498
v 0.077006 -0.134910 0.028522
v 0.077589 -0.135677 0.028342
v 0.077352 -0.135868 0.028329
v 0.077404 -0.135826 0.028531
v 0.076744 -0.135121 0.028675
v 0.076660 -0.135189 0.028347
v 0.076378 -0.135416 0.028425
v 0.076097 -0.135643 0.028506
v 0.077112 -0.136061 0.028384
v 0.077603 -0.136902 0.028443
v 0.077502 -0.136984 0.028546
v 0.077474 -0.137006 0.028436
v 0.076873 -0.136254 0.028449
v 0.077344 -0.137111 0.028466
v 0.076473 -0.135340 0.028800
v 0.077182 -0.136005 0.028659
v 0.077381 -0.137081 0.028614
v 0.076952 -0.136190 0.028764
v 0.077256 -0.137182 0.028671
v 0.073119 -0.133096 0.028692
v 0.075230 -0.135105 0.028585
v 0.074924 -0.135351 0.028671
v 0.072745 -0.133397 0.028797
v 0.076635 -0.136445 0.028516
v 0.077214 -0.137216 0.028501
v 0.075816 -0.135869 0.028585
v 0.075534 -0.136096 0.028663
v 0.076397 -0.136637 0.028583
v 0.077085 -0.137320 0.028537
v 0.076452 -0.137830 0.028734
v 0.077129 -0.137284 0.028719
v 0.076955 -0.137424 0.028573
v 0.076158 -0.136830 0.028648
v 0.076826 -0.137528 0.028607
v 0.075920 -0.137022 0.028710
v 0.074618 -0.135598 0.028753
v 0.075252 -0.136324 0.028738
v 0.076696 -0.137633 0.028641
v 0.076566 -0.137738 0.028672
v 0.075680 -0.137215 0.028768
v 0.076435 -0.137843 0.028700
v 0.076304 -0.137949 0.028726
v 0.075440 -0.137409 0.028821
v 0.063073 -0.115224 0.029126
v 0.064591 -0.117710 0.029121
v 0.066120 -0.120188 0.029123
v 0.062484 -0.115698 0.029488
v 0.064016 -0.118173 0.029463
v 0.067660 -0.122657 0.029112
v 0.060845 -0.117019 0.029116
v 0.065562 -0.120637 0.029436
v 0.063432 -0.118644 0.029777
v 0.062437 -0.119445 0.029095
v 0.060241 -0.117506 0.029433
v 0.061848 -0.119920 0.029392
v 0.064059 -0.121848 0.029059
v 0.059633 -0.117996 0.029738
v 0.063488 -0.122308 0.029328
v 0.061255 -0.120398 0.029677
v 0.069218 -0.125110 0.029103
v 0.067128 -0.123085 0.029393
v 0.064996 -0.121093 0.029721
v 0.068717 -0.125514 0.029347
v 0.066590 -0.123519 0.029649
v 0.068209 -0.125924 0.029568
v 0.065723 -0.124217 0.029018
v 0.067418 -0.126561 0.028969
v 0.065179 -0.124655 0.029258
v 0.066906 -0.126974 0.029174
v 0.061886 -0.116180 0.029822
v 0.061279 -0.116669 0.030132
v 0.062840 -0.119121 0.030068
v 0.064423 -0.121555 0.029985
v 0.060662 -0.117166 0.030405
v 0.062239 -0.119605 0.030323
v 0.063842 -0.122023 0.030215
v 0.061633 -0.120094 0.030558
v 0.063256 -0.122496 0.030425
v 0.066045 -0.123957 0.029884
v 0.067696 -0.126337 0.029770
v 0.065493 -0.124402 0.030086
v 0.067176 -0.126756 0.029941
v 0.064937 -0.124851 0.030270
v 0.066654 -0.127177 0.030095
v 0.070799 -0.127546 0.029083
v 0.070333 -0.127922 0.029291
v 0.072388 -0.129975 0.029058
v 0.074371 -0.132087 0.028869
v 0.071968 -0.130314 0.029224
v 0.074006 -0.132381 0.029016
v 0.073637 -0.132679 0.029144
v 0.069862 -0.128301 0.029479
v 0.069151 -0.128874 0.028920
v 0.068676 -0.129257 0.029093
v 0.070928 -0.131152 0.028855
v 0.070500 -0.131496 0.028988
v 0.069387 -0.128684 0.029649
v 0.071543 -0.130656 0.029370
v 0.073264 -0.132979 0.029255
v 0.071115 -0.131001 0.029501
v 0.070683 -0.131350 0.029607
v 0.072890 -0.133281 0.029353
v 0.072512 -0.133585 0.029429
v 0.075945 -0.134529 0.028819
v 0.075645 -0.134770 0.028936
v 0.075342 -0.135014 0.029036
v 0.076197 -0.135562 0.028906
v 0.076718 -0.136379 0.028853
v 0.075037 -0.135260 0.029123
v 0.072371 -0.133699 0.028897
v 0.074311 -0.135845 0.028830
v 0.075917 -0.135787 0.028997
v 0.077001 -0.137388 0.028759
v 0.076482 -0.136569 0.028929
v 0.076871 -0.137492 0.028795
v 0.076243 -0.136761 0.028995
v 0.076741 -0.137597 0.028825
v 0.075636 -0.136014 0.029076
v 0.075353 -0.136242 0.029145
v 0.076004 -0.136954 0.029052
v 0.074969 -0.136552 0.028807
v 0.074003 -0.136094 0.028900
v 0.076610 -0.137703 0.028849
v 0.076478 -0.137809 0.028867
v 0.076346 -0.137915 0.028883
v 0.075762 -0.137149 0.029096
v 0.074685 -0.136781 0.028871
v 0.076173 -0.138054 0.028749
v 0.076042 -0.138160 0.028769
v 0.075199 -0.137603 0.028870
v 0.076214 -0.138021 0.028891
v 0.075910 -0.138266 0.028786
v 0.075778 -0.138373 0.028800
v 0.074957 -0.137797 0.028914
v 0.076082 -0.138128 0.028896
v 0.075949 -0.138235 0.028897
v 0.075817 -0.138341 0.028893
v 0.074730 -0.135508 0.029198
v 0.075068 -0.136472 0.029198
v 0.075520 -0.137344 0.029132
v 0.075277 -0.137540 0.029160
v 0.074420 -0.135757 0.029257
v 0.074109 -0.136008 0.029305
v 0.074781 -0.136703 0.029241
v 0.068906 -0.129071 0.029791
v 0.068423 -0.129461 0.029917
v 0.062914 -0.122771 0.029586
v 0.064633 -0.125095 0.029486
v 0.066391 -0.127388 0.029369
v 0.064085 -0.125537 0.029707
v 0.065875 -0.127804 0.029556
v 0.059022 -0.118488 0.030034
v 0.060659 -0.120878 0.029954
v 0.062337 -0.123236 0.029835
v 0.060060 -0.121361 0.030219
v 0.058408 -0.118983 0.030319
v 0.057789 -0.119481 0.030586
v 0.059457 -0.121847 0.030467
v 0.061757 -0.123703 0.030073
v 0.063534 -0.125981 0.029916
v 0.066128 -0.127600 0.030234
v 0.064377 -0.125301 0.030437
v 0.065599 -0.128027 0.030346
v 0.063813 -0.125756 0.030577
v 0.065357 -0.128222 0.029733
v 0.062980 -0.126427 0.030110
v 0.064835 -0.128642 0.029896
v 0.061174 -0.124173 0.030294
v 0.060588 -0.124645 0.030505
v 0.065068 -0.128454 0.030441
v 0.062423 -0.126876 0.030294
v 0.064312 -0.129063 0.030048
v 0.061865 -0.127326 0.030466
v 0.063787 -0.129486 0.030189
v 0.061304 -0.127778 0.030624
v 0.063260 -0.129911 0.030318
v 0.068200 -0.129641 0.029256
v 0.070071 -0.131842 0.029112
v 0.071995 -0.134002 0.028988
v 0.069641 -0.132189 0.029230
v 0.067721 -0.130026 0.029412
v 0.069209 -0.132537 0.029338
v 0.067241 -0.130413 0.029558
v 0.071618 -0.134305 0.029074
v 0.071241 -0.134610 0.029151
v 0.068776 -0.132886 0.029435
v 0.066759 -0.130801 0.029691
v 0.070862 -0.134915 0.029218
v 0.068341 -0.133236 0.029523
v 0.066275 -0.131191 0.029814
v 0.070482 -0.135221 0.029278
v 0.067905 -0.133587 0.029602
v 0.070102 -0.135527 0.029329
v 0.067469 -0.133939 0.029670
v 0.073694 -0.136342 0.028966
v 0.073384 -0.136592 0.029025
v 0.073074 -0.136842 0.029075
v 0.074400 -0.137010 0.028930
v 0.075646 -0.138479 0.028811
v 0.075685 -0.138448 0.028884
v 0.075514 -0.138586 0.028819
v 0.074715 -0.137993 0.028951
v 0.075553 -0.138554 0.028872
v 0.075381 -0.138692 0.028824
v 0.075421 -0.138660 0.028855
v 0.075290 -0.138766 0.028833
v 0.074473 -0.138188 0.028983
v 0.074115 -0.137240 0.028983
v 0.074230 -0.138384 0.029011
v 0.073986 -0.138580 0.029032
v 0.075034 -0.137736 0.029177
v 0.074790 -0.137932 0.029187
v 0.074546 -0.138129 0.029189
v 0.074302 -0.138325 0.029183
v 0.073743 -0.138776 0.029047
v 0.073499 -0.138972 0.029057
v 0.073573 -0.138913 0.029114
v 0.073331 -0.139108 0.029075
v 0.073829 -0.137470 0.029028
v 0.072763 -0.137093 0.029119
v 0.073542 -0.137701 0.029068
v 0.074059 -0.138521 0.029167
v 0.073816 -0.138717 0.029144
v 0.073255 -0.137932 0.029101
v 0.072133 -0.133891 0.029492
v 0.070249 -0.131699 0.029698
v 0.071752 -0.134197 0.029544
v 0.073798 -0.136259 0.029343
v 0.073486 -0.136510 0.029368
v 0.071371 -0.134505 0.029578
v 0.073173 -0.136762 0.029382
v 0.070989 -0.134813 0.029600
v 0.072860 -0.137014 0.029387
v 0.074495 -0.136934 0.029275
v 0.074207 -0.137166 0.029297
v 0.073919 -0.137398 0.029309
v 0.073631 -0.137630 0.029312
v 0.073343 -0.137862 0.029306
v 0.072451 -0.137344 0.029157
v 0.072139 -0.137595 0.029187
v 0.072968 -0.138164 0.029127
v 0.072680 -0.138396 0.029147
v 0.072392 -0.138628 0.029159
v 0.071827 -0.137847 0.029209
v 0.072194 -0.138787 0.029182
v 0.072480 -0.138557 0.029227
v 0.070606 -0.135121 0.029611
v 0.072547 -0.137266 0.029381
v 0.070224 -0.135429 0.029608
v 0.072235 -0.137518 0.029363
v 0.069721 -0.135834 0.029372
v 0.069339 -0.136142 0.029405
v 0.069842 -0.135737 0.029590
v 0.071922 -0.137770 0.029335
v 0.069460 -0.136044 0.029561
v 0.071611 -0.138021 0.029298
v 0.073055 -0.138094 0.029288
v 0.072767 -0.138326 0.029262
v 0.071514 -0.138099 0.029224
v 0.071300 -0.138271 0.029250
v 0.067937 -0.129852 0.030028
v 0.069813 -0.132050 0.029776
v 0.069375 -0.132403 0.029834
v 0.067449 -0.130246 0.030116
v 0.068937 -0.132756 0.029877
v 0.068497 -0.133110 0.029908
v 0.066958 -0.130641 0.030188
v 0.065790 -0.131582 0.029927
v 0.068058 -0.133465 0.029923
v 0.067618 -0.133819 0.029921
v 0.066467 -0.131037 0.030246
v 0.064535 -0.128884 0.030521
v 0.065975 -0.131433 0.030287
v 0.067031 -0.134292 0.029728
v 0.068957 -0.136449 0.029429
v 0.068699 -0.136658 0.029466
v 0.069079 -0.136351 0.029520
v 0.066593 -0.134645 0.029776
v 0.066300 -0.134881 0.029832
v 0.065303 -0.131975 0.030029
v 0.067178 -0.134174 0.029906
v 0.066738 -0.134528 0.029877
v 0.064814 -0.132368 0.030119
v 0.064325 -0.132763 0.030197
v 0.064495 -0.132626 0.030305
v 0.064001 -0.129314 0.030582
v 0.065482 -0.131831 0.030308
v 0.062732 -0.130337 0.030434
v 0.063465 -0.129746 0.030622
v 0.064988 -0.132228 0.030314
v 0.062929 -0.130178 0.030645
v 0.064002 -0.133023 0.030278
v 0.062201 -0.130764 0.030538
v 0.061857 -0.131042 0.030639
v 0.062393 -0.130610 0.030651
v 0.050315 -0.103246 0.030863
v 0.049774 -0.103682 0.031036
v 0.046476 -0.102629 0.030944
v 0.046010 -0.103005 0.030975
v 0.049228 -0.104121 0.031192
v 0.048369 -0.104814 0.030873
v 0.048680 -0.104563 0.031326
v 0.048129 -0.105008 0.031440
v 0.052131 -0.105493 0.030899
v 0.051541 -0.105968 0.031114
v 0.054098 -0.107617 0.030729
v 0.053489 -0.108108 0.030984
v 0.050947 -0.106446 0.031312
v 0.050350 -0.106927 0.031491
v 0.052872 -0.108605 0.031207
v 0.052251 -0.109105 0.031410
v 0.055515 -0.110185 0.030765
v 0.056981 -0.112713 0.030766
v 0.054886 -0.110692 0.031021
v 0.058494 -0.115204 0.030730
v 0.056344 -0.113227 0.031020
v 0.057858 -0.115716 0.030977
v 0.054249 -0.111205 0.031243
v 0.055699 -0.113746 0.031241
v 0.047838 -0.105242 0.031096
v 0.047575 -0.105454 0.031535
v 0.047304 -0.105672 0.031307
v 0.047020 -0.105901 0.031613
v 0.046768 -0.106104 0.031506
v 0.046463 -0.106349 0.031670
v 0.049988 -0.107219 0.030898
v 0.051858 -0.109422 0.030700
v 0.051256 -0.109907 0.030983
v 0.049410 -0.107685 0.031162
v 0.048829 -0.108153 0.031412
v 0.050651 -0.110395 0.031254
v 0.053217 -0.112037 0.030724
v 0.054665 -0.114579 0.030722
v 0.052595 -0.112538 0.031008
v 0.053609 -0.111721 0.031446
v 0.057216 -0.116233 0.031192
v 0.055050 -0.114269 0.031441
v 0.056569 -0.116754 0.031385
v 0.056197 -0.117054 0.030680
v 0.054034 -0.115087 0.031002
v 0.055568 -0.117561 0.030951
v 0.051970 -0.113042 0.031278
v 0.053400 -0.115598 0.031269
v 0.054936 -0.118071 0.031210
v 0.049749 -0.107411 0.031647
v 0.049145 -0.107898 0.031779
v 0.048538 -0.108387 0.031892
v 0.051626 -0.109609 0.031594
v 0.050997 -0.110115 0.031754
v 0.048244 -0.108624 0.031649
v 0.047929 -0.108878 0.031986
v 0.047656 -0.109098 0.031874
v 0.050042 -0.110885 0.031511
v 0.049429 -0.111379 0.031754
v 0.047319 -0.109370 0.032056
v 0.050365 -0.110625 0.031890
v 0.049730 -0.111136 0.032005
v 0.049094 -0.111649 0.032100
v 0.052964 -0.112240 0.031629
v 0.052316 -0.112762 0.031788
v 0.054398 -0.114794 0.031621
v 0.053742 -0.115323 0.031777
v 0.051341 -0.113548 0.031535
v 0.055920 -0.117278 0.031559
v 0.055266 -0.117804 0.031709
v 0.051665 -0.113287 0.031921
v 0.051011 -0.113814 0.032034
v 0.053082 -0.115854 0.031908
v 0.054610 -0.118333 0.031834
v 0.048814 -0.111875 0.031984
v 0.048455 -0.112164 0.032171
v 0.050708 -0.114058 0.031776
v 0.052763 -0.116112 0.031521
v 0.054300 -0.118583 0.031454
v 0.052122 -0.116628 0.031759
v 0.053660 -0.119098 0.031683
v 0.050355 -0.114342 0.032125
v 0.052421 -0.116387 0.032017
v 0.050073 -0.114570 0.032004
v 0.049697 -0.114872 0.032192
v 0.051757 -0.116922 0.032105
v 0.053951 -0.118864 0.031938
v 0.053290 -0.119397 0.032020
v 0.051478 -0.117147 0.031982
v 0.051092 -0.117458 0.032169
v 0.053018 -0.119616 0.031898
v 0.052628 -0.119930 0.032079
v 0.060039 -0.117668 0.030658
v 0.059412 -0.118173 0.030891
v 0.061022 -0.120586 0.030774
v 0.062666 -0.122971 0.030617
v 0.060405 -0.121083 0.030960
v 0.062071 -0.123450 0.030779
v 0.058779 -0.118684 0.031092
v 0.058141 -0.119197 0.031273
v 0.059785 -0.121582 0.031125
v 0.057167 -0.119982 0.030842
v 0.058851 -0.122335 0.030704
v 0.061473 -0.123932 0.030922
v 0.059163 -0.122084 0.031273
v 0.060872 -0.124416 0.031048
v 0.063247 -0.126212 0.030698
v 0.062678 -0.126670 0.030803
v 0.060269 -0.124902 0.031152
v 0.062107 -0.127130 0.030887
v 0.057501 -0.119713 0.031434
v 0.056857 -0.120232 0.031572
v 0.058537 -0.122588 0.031397
v 0.056543 -0.120485 0.031085
v 0.058242 -0.122825 0.030929
v 0.055914 -0.120992 0.031314
v 0.059999 -0.125119 0.030703
v 0.057631 -0.123318 0.031139
v 0.059408 -0.125596 0.030888
v 0.057016 -0.123814 0.031335
v 0.058814 -0.126074 0.031059
v 0.056398 -0.124311 0.031517
v 0.061535 -0.127592 0.030948
v 0.060741 -0.128232 0.030770
v 0.060962 -0.128054 0.030993
v 0.059664 -0.125390 0.031232
v 0.059057 -0.125879 0.031294
v 0.060176 -0.128687 0.030902
v 0.060388 -0.128516 0.031018
v 0.059813 -0.128979 0.031024
v 0.058218 -0.126554 0.031216
v 0.058449 -0.126368 0.031335
v 0.057841 -0.126858 0.031356
v 0.056210 -0.120754 0.031685
v 0.057908 -0.123095 0.031497
v 0.055283 -0.121500 0.031527
v 0.057278 -0.123603 0.031577
v 0.055561 -0.121276 0.031778
v 0.054649 -0.122011 0.031727
v 0.056646 -0.124112 0.031637
v 0.054911 -0.121800 0.031849
v 0.056013 -0.124622 0.031675
v 0.054259 -0.122326 0.031897
v 0.020245 -0.038964 0.029466
v 0.022644 -0.040740 0.029832
v 0.019987 -0.039172 0.029429
v 0.022351 -0.040976 0.029776
v 0.019605 -0.039480 0.029405
v 0.017430 -0.037523 0.029224
v 0.017644 -0.037350 0.029250
v 0.017333 -0.037601 0.029298
v 0.019865 -0.039270 0.029520
v 0.017117 -0.037775 0.029209
v 0.019484 -0.039577 0.029561
v 0.021913 -0.041330 0.029728
v 0.019223 -0.039787 0.029372
v 0.021475 -0.041682 0.029670
v 0.022205 -0.041094 0.029877
v 0.021766 -0.041448 0.029906
v 0.019102 -0.039885 0.029590
v 0.021326 -0.041802 0.029921
v 0.024941 -0.042599 0.030278
v 0.024619 -0.042859 0.030197
v 0.024449 -0.042996 0.030305
v 0.027087 -0.044579 0.030639
v 0.026551 -0.045012 0.030651
v 0.026742 -0.044857 0.030538
v 0.024129 -0.043253 0.030119
v 0.026212 -0.045284 0.030434
v 0.023641 -0.043647 0.030029
v 0.021038 -0.042034 0.029602
v 0.023154 -0.044039 0.029927
v 0.025156 -0.046135 0.030189
v 0.022669 -0.044430 0.029814
v 0.024631 -0.046558 0.030048
v 0.023955 -0.043393 0.030314
v 0.023462 -0.043791 0.030308
v 0.020886 -0.042157 0.029923
v 0.022969 -0.044188 0.030287
v 0.026014 -0.045444 0.030645
v 0.025478 -0.045876 0.030622
v 0.025683 -0.045710 0.030318
v 0.024943 -0.046307 0.030582
v 0.015613 -0.036514 0.029075
v 0.016463 -0.037065 0.029227
v 0.016749 -0.036834 0.029182
v 0.016551 -0.036994 0.029159
v 0.015445 -0.036649 0.029057
v 0.015371 -0.036708 0.029114
v 0.016263 -0.037226 0.029147
v 0.015976 -0.037458 0.029127
v 0.015201 -0.036845 0.029047
v 0.014957 -0.037042 0.029032
v 0.013562 -0.036929 0.028824
v 0.013654 -0.036855 0.028833
v 0.014714 -0.037238 0.029011
v 0.015688 -0.037689 0.029101
v 0.016804 -0.038026 0.029187
v 0.016492 -0.038278 0.029157
v 0.015401 -0.037920 0.029068
v 0.016181 -0.038529 0.029119
v 0.018462 -0.040401 0.029278
v 0.015870 -0.038779 0.029075
v 0.017021 -0.037852 0.029335
v 0.016176 -0.037296 0.029262
v 0.016709 -0.038103 0.029363
v 0.015128 -0.036904 0.029144
v 0.015889 -0.037527 0.029288
v 0.014885 -0.037100 0.029167
v 0.015601 -0.037759 0.029306
v 0.016397 -0.038355 0.029381
v 0.016084 -0.038607 0.029387
v 0.018842 -0.040094 0.029329
v 0.018720 -0.040193 0.029608
v 0.018082 -0.040707 0.029218
v 0.020603 -0.042385 0.029523
v 0.020168 -0.042735 0.029435
v 0.017703 -0.041012 0.029151
v 0.018337 -0.040501 0.029611
v 0.017955 -0.040809 0.029600
v 0.013523 -0.036961 0.028855
v 0.013430 -0.037036 0.028819
v 0.013298 -0.037142 0.028811
v 0.013034 -0.037355 0.028786
v 0.014471 -0.037433 0.028983
v 0.013391 -0.037067 0.028872
v 0.013166 -0.037249 0.028800
v 0.013259 -0.037174 0.028884
v 0.014229 -0.037629 0.028951
v 0.015115 -0.038151 0.029028
v 0.013986 -0.037824 0.028914
v 0.014829 -0.038382 0.028983
v 0.014641 -0.037296 0.029183
v 0.013127 -0.037280 0.028893
v 0.014398 -0.037493 0.029189
v 0.015559 -0.039030 0.029025
v 0.012902 -0.037461 0.028769
v 0.013745 -0.038018 0.028870
v 0.014543 -0.038612 0.028930
v 0.012492 -0.037792 0.028734
v 0.012770 -0.037567 0.028749
v 0.012639 -0.037673 0.028726
v 0.013504 -0.038212 0.028821
v 0.014259 -0.038841 0.028871
v 0.015250 -0.039279 0.028966
v 0.014941 -0.039528 0.028900
v 0.013975 -0.039070 0.028807
v 0.012994 -0.037387 0.028897
v 0.014154 -0.037689 0.029187
v 0.012862 -0.037493 0.028896
v 0.013910 -0.037886 0.029177
v 0.012730 -0.037600 0.028891
v 0.013667 -0.038082 0.029160
v 0.017325 -0.041316 0.029074
v 0.019303 -0.043432 0.029230
v 0.016949 -0.041620 0.028988
v 0.014633 -0.039776 0.028830
v 0.016573 -0.041922 0.028897
v 0.018872 -0.043779 0.029112
v 0.015313 -0.037992 0.029312
v 0.015025 -0.038224 0.029309
v 0.014737 -0.038456 0.029297
v 0.015771 -0.038859 0.029382
v 0.015458 -0.039111 0.029368
v 0.014449 -0.038688 0.029275
v 0.013424 -0.038277 0.029132
v 0.014162 -0.038919 0.029241
v 0.015146 -0.039363 0.029343
v 0.014834 -0.039614 0.029305
v 0.019735 -0.043085 0.029338
v 0.017573 -0.041117 0.029578
v 0.017191 -0.041424 0.029544
v 0.016811 -0.041730 0.029492
v 0.016432 -0.042036 0.029429
v 0.018695 -0.043922 0.029698
v 0.018261 -0.044272 0.029607
v 0.022185 -0.044820 0.029691
v 0.021702 -0.045209 0.029558
v 0.023587 -0.047400 0.029733
v 0.021222 -0.045595 0.029412
v 0.018443 -0.044125 0.028988
v 0.020744 -0.045981 0.029256
v 0.020267 -0.046365 0.029093
v 0.023069 -0.047817 0.029556
v 0.022552 -0.048233 0.029369
v 0.022038 -0.048648 0.029174
v 0.020446 -0.042511 0.029908
v 0.020007 -0.042865 0.029877
v 0.019569 -0.043218 0.029834
v 0.019131 -0.043571 0.029776
v 0.022476 -0.044585 0.030246
v 0.021985 -0.044981 0.030188
v 0.021495 -0.045376 0.030116
v 0.024108 -0.046980 0.029896
v 0.024409 -0.046738 0.030521
v 0.023876 -0.047167 0.030441
v 0.023345 -0.047595 0.030346
v 0.021007 -0.045769 0.030028
v 0.020521 -0.046160 0.029917
v 0.020038 -0.046550 0.029791
v 0.022290 -0.048445 0.030095
v 0.021767 -0.048866 0.029941
v 0.022815 -0.048021 0.030234
v 0.027640 -0.047844 0.030624
v 0.027079 -0.048296 0.030466
v 0.026520 -0.048746 0.030294
v 0.024859 -0.050084 0.029707
v 0.024311 -0.050526 0.029486
v 0.023765 -0.050966 0.029258
v 0.026030 -0.052850 0.029586
v 0.025456 -0.053313 0.029328
v 0.027689 -0.055223 0.029677
v 0.025410 -0.049641 0.029916
v 0.025964 -0.049194 0.030110
v 0.027186 -0.051919 0.030073
v 0.028356 -0.050976 0.030505
v 0.027770 -0.051448 0.030294
v 0.025130 -0.049866 0.030577
v 0.029487 -0.053775 0.030467
v 0.026607 -0.052386 0.029835
v 0.028285 -0.054743 0.029954
v 0.024566 -0.050320 0.030437
v 0.024007 -0.050771 0.030270
v 0.023451 -0.051219 0.030086
v 0.025688 -0.053126 0.030425
v 0.028884 -0.054261 0.030219
v 0.031155 -0.056140 0.030586
v 0.030536 -0.056639 0.030319
v 0.029922 -0.057134 0.030034
v 0.029311 -0.057626 0.029738
v 0.031499 -0.059572 0.030096
v 0.030881 -0.060070 0.029784
v 0.032120 -0.059072 0.030396
v 0.012509 -0.037778 0.028700
v 0.012378 -0.037883 0.028672
v 0.013264 -0.038406 0.028768
v 0.012248 -0.037988 0.028641
v 0.013024 -0.038599 0.028710
v 0.012118 -0.038093 0.028607
v 0.013692 -0.039298 0.028738
v 0.012785 -0.038792 0.028648
v 0.013410 -0.039525 0.028663
v 0.014326 -0.040023 0.028753
v 0.014020 -0.040270 0.028671
v 0.011730 -0.038406 0.028501
v 0.012070 -0.039368 0.028449
v 0.011600 -0.038510 0.028466
v 0.012308 -0.039176 0.028516
v 0.012847 -0.039979 0.028506
v 0.011988 -0.038197 0.028573
v 0.011859 -0.038302 0.028537
v 0.012547 -0.038984 0.028583
v 0.013128 -0.039752 0.028585
v 0.011563 -0.038540 0.028614
v 0.011688 -0.038440 0.028671
v 0.011815 -0.038337 0.028719
v 0.011470 -0.038615 0.028436
v 0.011341 -0.038719 0.028443
v 0.011442 -0.038638 0.028546
v 0.011992 -0.039431 0.028764
v 0.013714 -0.040517 0.028585
v 0.013408 -0.040763 0.028498
v 0.016198 -0.042224 0.028797
v 0.015825 -0.042525 0.028692
v 0.015452 -0.042826 0.028583
v 0.015080 -0.043126 0.028470
v 0.017589 -0.044813 0.028715
v 0.017164 -0.045156 0.028571
v 0.012000 -0.040661 0.028282
v 0.012797 -0.041255 0.028323
v 0.012490 -0.041503 0.028252
v 0.011720 -0.040887 0.028296
v 0.012185 -0.041748 0.028268
v 0.014334 -0.043726 0.028249
v 0.014707 -0.043426 0.028357
v 0.016315 -0.045840 0.028276
v 0.013959 -0.044029 0.028158
v 0.013587 -0.044328 0.028177
v 0.015889 -0.046183 0.028133
v 0.011592 -0.039753 0.028329
v 0.011832 -0.039560 0.028384
v 0.012565 -0.040205 0.028425
v 0.011354 -0.039945 0.028342
v 0.012284 -0.040432 0.028347
v 0.011539 -0.039796 0.028531
v 0.013103 -0.041009 0.028409
v 0.011762 -0.039616 0.028659
v 0.011937 -0.040711 0.028522
v 0.012200 -0.040500 0.028675
v 0.012705 -0.041330 0.028682
v 0.012471 -0.040282 0.028800
v 0.012420 -0.041559 0.028515
v 0.016739 -0.045498 0.028424
v 0.013870 -0.044101 0.028485
v 0.014215 -0.043822 0.028695
v 0.015345 -0.046622 0.028391
v 0.019320 -0.047128 0.028739
v 0.018848 -0.047508 0.028554
v 0.021016 -0.049471 0.028755
v 0.020507 -0.049881 0.028537
v 0.018377 -0.047888 0.028366
v 0.017906 -0.048268 0.028177
v 0.017433 -0.048648 0.027995
v 0.015459 -0.046529 0.028012
v 0.019999 -0.050290 0.028316
v 0.019491 -0.050700 0.028095
v 0.015735 -0.046307 0.028652
v 0.017239 -0.048805 0.028580
v 0.016141 -0.045980 0.028870
v 0.016956 -0.049033 0.027838
v 0.018981 -0.051111 0.027881
v 0.018465 -0.051527 0.027695
v 0.016477 -0.049419 0.027828
v 0.017945 -0.051946 0.027673
v 0.015032 -0.046874 0.028019
v 0.016812 -0.049149 0.028265
v 0.018296 -0.051663 0.028163
v 0.018753 -0.051294 0.028523
v 0.017687 -0.048444 0.028848
v 0.022680 -0.051840 0.028770
v 0.024315 -0.054232 0.028781
v 0.022140 -0.052275 0.028518
v 0.021602 -0.052709 0.028262
v 0.021063 -0.053143 0.028007
v 0.023182 -0.055145 0.028213
v 0.022615 -0.055602 0.027929
v 0.024749 -0.057592 0.028166
v 0.023748 -0.054689 0.028499
v 0.025919 -0.056649 0.028789
v 0.025334 -0.057121 0.028479
v 0.026897 -0.059571 0.028461
v 0.026297 -0.060054 0.028128
v 0.027497 -0.059088 0.028791
v 0.029047 -0.061548 0.028789
v 0.028440 -0.062037 0.028444
v 0.020521 -0.053579 0.027760
v 0.019972 -0.054022 0.027544
v 0.019416 -0.054470 0.027507
v 0.022045 -0.056061 0.027654
v 0.024164 -0.058063 0.027853
v 0.021467 -0.056527 0.027412
v 0.023576 -0.058537 0.027552
v 0.020879 -0.057001 0.027364
v 0.022977 -0.059020 0.027287
v 0.019777 -0.054179 0.028048
v 0.022366 -0.059512 0.027226
v 0.021248 -0.056704 0.027951
v 0.025698 -0.060537 0.027797
v 0.025094 -0.061024 0.027478
v 0.027227 -0.063014 0.027750
v 0.024479 -0.061519 0.027196
v 0.023850 -0.062026 0.027130
v 0.022735 -0.059214 0.027851
v 0.026617 -0.063506 0.027416
v 0.025994 -0.064008 0.027122
v 0.025355 -0.064523 0.027052
v 0.024220 -0.061728 0.027784
v 0.025719 -0.064230 0.027726
v 0.020257 -0.053792 0.028453
v 0.021748 -0.056300 0.028394
v 0.019233 -0.050908 0.028831
v 0.020763 -0.053385 0.028802
v 0.022278 -0.055874 0.028779
v 0.023247 -0.058802 0.028329
v 0.027834 -0.062525 0.028096
v 0.024741 -0.061308 0.028288
v 0.023791 -0.058364 0.028747
v 0.025296 -0.060861 0.028729
v 0.026242 -0.063808 0.028250
v 0.026802 -0.063357 0.028709
v 0.012597 -0.037707 0.028883
v 0.012466 -0.037813 0.028867
v 0.012334 -0.037919 0.028849
v 0.012073 -0.038129 0.028795
v 0.012203 -0.038025 0.028825
v 0.013181 -0.038473 0.029096
v 0.012940 -0.038667 0.029052
v 0.013876 -0.039149 0.029198
v 0.013591 -0.039379 0.029145
v 0.013308 -0.039607 0.029076
v 0.013907 -0.040361 0.029123
v 0.014214 -0.040114 0.029198
v 0.011943 -0.038234 0.028759
v 0.012462 -0.039052 0.028929
v 0.012700 -0.038860 0.028995
v 0.012225 -0.039243 0.028853
v 0.012747 -0.040059 0.028906
v 0.013026 -0.039834 0.028997
v 0.013298 -0.040851 0.028936
v 0.013601 -0.040607 0.029036
v 0.018016 -0.044470 0.028855
v 0.015307 -0.042943 0.029144
v 0.014938 -0.043240 0.029016
v 0.014524 -0.039864 0.029257
v 0.016054 -0.042340 0.029353
v 0.015679 -0.042643 0.029255
v 0.017829 -0.044620 0.029501
v 0.017401 -0.044965 0.029370
v 0.016976 -0.045307 0.029224
v 0.012999 -0.041093 0.028819
v 0.014573 -0.043534 0.028869
v 0.016555 -0.045646 0.029058
v 0.019793 -0.046747 0.028920
v 0.021526 -0.049060 0.028969
v 0.019557 -0.046937 0.029649
v 0.018610 -0.047700 0.029291
v 0.019082 -0.047320 0.029479
v 0.020735 -0.049698 0.029568
v 0.018145 -0.048075 0.029083
v 0.019725 -0.050511 0.029103
v 0.020227 -0.050107 0.029347
v 0.021248 -0.049284 0.029770
v 0.023221 -0.051404 0.029018
v 0.024884 -0.053773 0.029059
v 0.026506 -0.056176 0.029095
v 0.027096 -0.055701 0.029392
v 0.021284 -0.052965 0.029112
v 0.021815 -0.052537 0.029393
v 0.022354 -0.052103 0.029649
v 0.023382 -0.054984 0.029436
v 0.022824 -0.055434 0.029123
v 0.024353 -0.057911 0.029121
v 0.024928 -0.057448 0.029463
v 0.023948 -0.054528 0.029721
v 0.028099 -0.058603 0.029116
v 0.028703 -0.058116 0.029433
v 0.030266 -0.060565 0.029463
v 0.029655 -0.061058 0.029130
v 0.026460 -0.059923 0.029488
v 0.025512 -0.056977 0.029777
v 0.022898 -0.051664 0.029884
v 0.024520 -0.054067 0.029985
v 0.025102 -0.053598 0.030215
v 0.026705 -0.056016 0.030323
v 0.026103 -0.056501 0.030068
v 0.027311 -0.055528 0.030558
v 0.028282 -0.058455 0.030405
v 0.027664 -0.058952 0.030132
v 0.029195 -0.061429 0.030177
v 0.029820 -0.060925 0.030464
v 0.027058 -0.059441 0.029822
v 0.027976 -0.062411 0.029501
v 0.028581 -0.061923 0.029851
v 0.025871 -0.060398 0.029126
v 0.027382 -0.062890 0.029122
v 0.033029 -0.062049 0.030121
v 0.033652 -0.061547 0.030430
v 0.035109 -0.064083 0.030430
v 0.034495 -0.064578 0.030118
v 0.036487 -0.066682 0.030406
v 0.030573 -0.064028 0.028783
v 0.029965 -0.064518 0.028429
v 0.032073 -0.066529 0.028772
v 0.029358 -0.065007 0.028074
v 0.028750 -0.065497 0.027721
v 0.030875 -0.067494 0.028061
v 0.030276 -0.067977 0.027708
v 0.028137 -0.065991 0.027382
v 0.027512 -0.066494 0.027083
v 0.029671 -0.068464 0.027368
v 0.029054 -0.068962 0.027070
v 0.031225 -0.070922 0.027371
v 0.031811 -0.070450 0.027706
v 0.032391 -0.069982 0.028056
v 0.033901 -0.072475 0.028062
v 0.033347 -0.072922 0.027726
v 0.032788 -0.073372 0.027403
v 0.034920 -0.075364 0.027805
v 0.034408 -0.075776 0.027518
v 0.031474 -0.067012 0.028418
v 0.032970 -0.069516 0.028408
v 0.033550 -0.069048 0.028759
v 0.027227 -0.066724 0.027698
v 0.027749 -0.066303 0.028231
v 0.028765 -0.069195 0.027686
v 0.029276 -0.068782 0.028220
v 0.028308 -0.065853 0.028699
v 0.030829 -0.071241 0.028208
v 0.029826 -0.068340 0.028689
v 0.031359 -0.070814 0.028671
v 0.034454 -0.072029 0.028403
v 0.035008 -0.071583 0.028742
v 0.036439 -0.074140 0.028712
v 0.035933 -0.074548 0.028409
v 0.035427 -0.074955 0.028105
v 0.032399 -0.073685 0.028215
v 0.032904 -0.073279 0.028662
v 0.036554 -0.077756 0.027956
v 0.037840 -0.076721 0.028670
v 0.037412 -0.077066 0.028431
v 0.036984 -0.077411 0.028192
v 0.038545 -0.079862 0.028288
v 0.038204 -0.080136 0.028120
v 0.040060 -0.082351 0.028354
v 0.038885 -0.079588 0.028459
v 0.039225 -0.079314 0.028629
v 0.039566 -0.079039 0.028798
v 0.040907 -0.081669 0.028724
v 0.040624 -0.081896 0.028601
v 0.040342 -0.082124 0.028477
v 0.041792 -0.084665 0.028486
v 0.031794 -0.063044 0.029472
v 0.032410 -0.062548 0.029801
v 0.033885 -0.065069 0.029796
v 0.033278 -0.065558 0.029465
v 0.031182 -0.063537 0.029131
v 0.032674 -0.066045 0.029122
v 0.034132 -0.068580 0.029106
v 0.034715 -0.068109 0.029446
v 0.035303 -0.067636 0.029775
v 0.035562 -0.071137 0.029078
v 0.036680 -0.070236 0.029725
v 0.036120 -0.070688 0.029406
v 0.037968 -0.072908 0.029591
v 0.037456 -0.073321 0.029306
v 0.035893 -0.067160 0.030096
v 0.030090 -0.064418 0.029865
v 0.030704 -0.063922 0.030199
v 0.031581 -0.066925 0.029859
v 0.031331 -0.063417 0.030493
v 0.032187 -0.066437 0.030194
v 0.032805 -0.065939 0.030490
v 0.033642 -0.068974 0.030161
v 0.034241 -0.068492 0.030455
v 0.037243 -0.069782 0.030036
v 0.039001 -0.072076 0.030138
v 0.038483 -0.072493 0.029869
v 0.037810 -0.069326 0.030337
v 0.038381 -0.068865 0.030623
v 0.039523 -0.071655 0.030393
v 0.035654 -0.071063 0.030386
v 0.035082 -0.071524 0.030102
v 0.037030 -0.073663 0.030220
v 0.036231 -0.070598 0.030651
v 0.037558 -0.073238 0.030455
v 0.028888 -0.065386 0.029121
v 0.029483 -0.064906 0.029508
v 0.030397 -0.067879 0.029112
v 0.030984 -0.067407 0.029500
v 0.031911 -0.070369 0.029089
v 0.032478 -0.069912 0.029473
v 0.036946 -0.073731 0.029012
v 0.033971 -0.072419 0.029437
v 0.033056 -0.069447 0.029829
v 0.033430 -0.072855 0.029066
v 0.034515 -0.075690 0.028677
v 0.034997 -0.075302 0.029041
v 0.035491 -0.074903 0.029373
v 0.034522 -0.071975 0.029781
v 0.035996 -0.074497 0.029681
v 0.036508 -0.074084 0.029967
v 0.039132 -0.075679 0.029361
v 0.039567 -0.075329 0.029579
v 0.041291 -0.077650 0.029563
v 0.040942 -0.077931 0.029424
v 0.040004 -0.074977 0.029790
v 0.041641 -0.077368 0.029696
v 0.042625 -0.080285 0.029366
v 0.042915 -0.080051 0.029453
v 0.044695 -0.082326 0.029493
v 0.043499 -0.079580 0.029609
v 0.043792 -0.079344 0.029677
v 0.043206 -0.079816 0.029534
v 0.044202 -0.082723 0.029373
v 0.044448 -0.082525 0.029436
v 0.044829 -0.082218 0.029550
v 0.043056 -0.076227 0.030153
v 0.043955 -0.079213 0.029743
v 0.043255 -0.076067 0.030244
v 0.043657 -0.079453 0.029756
v 0.042700 -0.076514 0.030050
v 0.040047 -0.071232 0.030638
v 0.040887 -0.074265 0.030179
v 0.041332 -0.073907 0.030361
v 0.042228 -0.073185 0.030694
v 0.041779 -0.073547 0.030533
v 0.040445 -0.074622 0.029988
v 0.041992 -0.077084 0.029822
v 0.042345 -0.076800 0.029940
v 0.042680 -0.072821 0.030847
v 0.042890 -0.076361 0.030239
v 0.042002 -0.073367 0.030897
v 0.042161 -0.076949 0.030188
v 0.042525 -0.076655 0.030219
v 0.041538 -0.073741 0.030833
v 0.041797 -0.077241 0.030145
v 0.043358 -0.079693 0.029757
v 0.043060 -0.079934 0.029749
v 0.042762 -0.080174 0.029730
v 0.042465 -0.080413 0.029701
v 0.041435 -0.077533 0.030088
v 0.041074 -0.077824 0.030017
v 0.040614 -0.074485 0.030659
v 0.040156 -0.074854 0.030545
v 0.038090 -0.072810 0.030673
v 0.038799 -0.075948 0.030107
v 0.039247 -0.075587 0.030274
v 0.039700 -0.075222 0.030417
v 0.040715 -0.078113 0.029934
v 0.041075 -0.074114 0.030755
v 0.044578 -0.082420 0.029561
v 0.044328 -0.082622 0.029563
v 0.044077 -0.082824 0.029557
v 0.038699 -0.076028 0.029137
v 0.038269 -0.076375 0.028906
v 0.039908 -0.078764 0.028962
v 0.041190 -0.081440 0.028843
v 0.041475 -0.081211 0.028957
v 0.040251 -0.078487 0.029121
v 0.040596 -0.078210 0.029276
v 0.041760 -0.080981 0.029068
v 0.042047 -0.080750 0.029174
v 0.042335 -0.080518 0.029272
v 0.036226 -0.078021 0.028709
v 0.036634 -0.077692 0.028999
v 0.038287 -0.080070 0.028943
v 0.037053 -0.077354 0.029263
v 0.038620 -0.079802 0.029134
v 0.039863 -0.082509 0.028909
v 0.040141 -0.082286 0.029050
v 0.037480 -0.077011 0.029506
v 0.038959 -0.079529 0.029307
v 0.037913 -0.076662 0.029731
v 0.040422 -0.082059 0.029177
v 0.039302 -0.079252 0.029467
v 0.040995 -0.081597 0.029386
v 0.040003 -0.078687 0.029727
v 0.039652 -0.078970 0.029603
v 0.041286 -0.081363 0.029472
v 0.040707 -0.081830 0.029291
v 0.042168 -0.080652 0.029659
v 0.041873 -0.080890 0.029608
v 0.041578 -0.081128 0.029548
v 0.038354 -0.076306 0.029926
v 0.040358 -0.078402 0.029840
v 0.029131 -0.046642 0.031024
v 0.028768 -0.046934 0.030902
v 0.028556 -0.047105 0.031018
v 0.028203 -0.047390 0.030770
v 0.027982 -0.047568 0.030993
v 0.030129 -0.049547 0.031059
v 0.031103 -0.048763 0.031356
v 0.030725 -0.049067 0.031216
v 0.030494 -0.049253 0.031335
v 0.029887 -0.049743 0.031294
v 0.032545 -0.051310 0.031517
v 0.029536 -0.050026 0.030888
v 0.031928 -0.051808 0.031335
v 0.027409 -0.048030 0.030948
v 0.028944 -0.050502 0.030703
v 0.026836 -0.048491 0.030887
v 0.026266 -0.048951 0.030803
v 0.030701 -0.052796 0.030929
v 0.029280 -0.050232 0.031232
v 0.028675 -0.050719 0.031152
v 0.031313 -0.052303 0.031139
v 0.028072 -0.051205 0.031048
v 0.030407 -0.053033 0.031397
v 0.030092 -0.053287 0.030704
v 0.032401 -0.055136 0.031085
v 0.031776 -0.055639 0.030842
v 0.033029 -0.054630 0.031314
v 0.029781 -0.053537 0.031273
v 0.034644 -0.057038 0.031454
v 0.034008 -0.057551 0.031210
v 0.032930 -0.051000 0.031675
v 0.032298 -0.051510 0.031637
v 0.031666 -0.052019 0.031577
v 0.031036 -0.052526 0.031497
v 0.034295 -0.053610 0.031727
v 0.034685 -0.053296 0.031897
v 0.034033 -0.053821 0.031849
v 0.033661 -0.054121 0.031527
v 0.033383 -0.054345 0.031778
v 0.035283 -0.056523 0.031683
v 0.035926 -0.056006 0.031898
v 0.036316 -0.055691 0.032079
v 0.035654 -0.056225 0.032020
v 0.034993 -0.056757 0.031938
v 0.032734 -0.054868 0.031685
v 0.032087 -0.055389 0.031572
v 0.033677 -0.057817 0.031709
v 0.034334 -0.057288 0.031834
v 0.025697 -0.049409 0.030698
v 0.027471 -0.051689 0.030922
v 0.026873 -0.052171 0.030779
v 0.028538 -0.054539 0.030960
v 0.029158 -0.054039 0.031125
v 0.026278 -0.052651 0.030617
v 0.027922 -0.055036 0.030774
v 0.033376 -0.058060 0.030951
v 0.032746 -0.058567 0.030680
v 0.030802 -0.056424 0.031273
v 0.030165 -0.056938 0.031092
v 0.028904 -0.057954 0.030658
v 0.029531 -0.057448 0.030891
v 0.031728 -0.059388 0.031192
v 0.032374 -0.058867 0.031385
v 0.031085 -0.059906 0.030977
v 0.031443 -0.055908 0.031434
v 0.033024 -0.058344 0.031559
v 0.030450 -0.060417 0.030730
v 0.037852 -0.058163 0.032169
v 0.037466 -0.058474 0.031982
v 0.037187 -0.058699 0.032105
v 0.036822 -0.058993 0.031759
v 0.038871 -0.061052 0.032004
v 0.036523 -0.059234 0.032017
v 0.039246 -0.060749 0.032192
v 0.038589 -0.061279 0.032125
v 0.040489 -0.063458 0.032171
v 0.036181 -0.059509 0.031521
v 0.038235 -0.061564 0.031776
v 0.035543 -0.060023 0.031269
v 0.037603 -0.062073 0.031535
v 0.039515 -0.064243 0.031754
v 0.038902 -0.064736 0.031511
v 0.035861 -0.059767 0.031908
v 0.037933 -0.061807 0.032034
v 0.035202 -0.060298 0.031777
v 0.037279 -0.062334 0.031921
v 0.040130 -0.063747 0.031984
v 0.039850 -0.063972 0.032100
v 0.039213 -0.064485 0.032005
v 0.041625 -0.066252 0.032056
v 0.041287 -0.066524 0.031874
v 0.040700 -0.066997 0.031649
v 0.041014 -0.066744 0.031986
v 0.042480 -0.069272 0.031670
v 0.034279 -0.061042 0.030722
v 0.034909 -0.060534 0.031002
v 0.036974 -0.062580 0.031278
v 0.036349 -0.063084 0.031008
v 0.038293 -0.065227 0.031254
v 0.037688 -0.065715 0.030983
v 0.035727 -0.063585 0.030724
v 0.037086 -0.066200 0.030700
v 0.033245 -0.061875 0.031241
v 0.032600 -0.062395 0.031020
v 0.033894 -0.061353 0.031441
v 0.034695 -0.064417 0.031243
v 0.036072 -0.067016 0.031207
v 0.035335 -0.063901 0.031446
v 0.039534 -0.067937 0.031162
v 0.040115 -0.067468 0.031412
v 0.041640 -0.069949 0.031307
v 0.041106 -0.070380 0.031096
v 0.038956 -0.068402 0.030898
v 0.040575 -0.070807 0.030873
v 0.034546 -0.060827 0.031621
v 0.035979 -0.063382 0.031629
v 0.036627 -0.062859 0.031788
v 0.037318 -0.066013 0.031594
v 0.037947 -0.065506 0.031754
v 0.038579 -0.064997 0.031890
v 0.036693 -0.066516 0.031410
v 0.042176 -0.069517 0.031506
v 0.041369 -0.070168 0.031535
v 0.041924 -0.069720 0.031613
v 0.040815 -0.070614 0.031440
v 0.040406 -0.067234 0.031892
v 0.039799 -0.067723 0.031779
v 0.039194 -0.068210 0.031647
v 0.038593 -0.068694 0.031491
v 0.037996 -0.069175 0.031312
v 0.040264 -0.071058 0.031326
v 0.039715 -0.071500 0.031192
v 0.042933 -0.072617 0.030975
v 0.042467 -0.072992 0.030944
v 0.031963 -0.062908 0.030766
v 0.033429 -0.065436 0.030765
v 0.034845 -0.068005 0.030729
v 0.034058 -0.064930 0.031021
v 0.035455 -0.067514 0.030984
v 0.037403 -0.069654 0.031114
v 0.036813 -0.070129 0.030899
v 0.039170 -0.071939 0.031036
v 0.038628 -0.072376 0.030863
v 0.026870 -0.067012 0.027013
v 0.028420 -0.069473 0.027002
v 0.030627 -0.071404 0.027077
v 0.030011 -0.071900 0.027010
v 0.030337 -0.071637 0.027682
v 0.032216 -0.073833 0.027121
v 0.031627 -0.074308 0.027060
v 0.033885 -0.076198 0.027270
v 0.033348 -0.076630 0.027226
v 0.031932 -0.074062 0.027706
v 0.033626 -0.076406 0.027814
v 0.034054 -0.076062 0.028274
v 0.035679 -0.078461 0.027541
v 0.035230 -0.078823 0.027525
v 0.036121 -0.078105 0.027732
v 0.037861 -0.080413 0.027963
v 0.037510 -0.080696 0.027832
v 0.035470 -0.078631 0.028011
v 0.037159 -0.080978 0.027840
v 0.035834 -0.078337 0.028385
v 0.037355 -0.080821 0.028212
v 0.039492 -0.082809 0.028120
v 0.039777 -0.082579 0.028232
v 0.039202 -0.083042 0.028030
v 0.038916 -0.083273 0.028055
v 0.039084 -0.083137 0.028352
v 0.037648 -0.080585 0.028492
v 0.037961 -0.080332 0.028731
v 0.039330 -0.082939 0.028568
v 0.039592 -0.082728 0.028750
v 0.041316 -0.085048 0.028281
v 0.041555 -0.084856 0.028382
v 0.041076 -0.085241 0.028187
v 0.040832 -0.085438 0.028113
v 0.040592 -0.085632 0.028138
v 0.040732 -0.085519 0.028388
f 1 2 3
f 3 2 4
f 5 2 1
f 6 2 5
f 6 7 2
f 7 8 9
f 9 10 11
f 9 11 12
f 9 12 13
f 9 13 14
f 9 14 15
f 16 13 12
f 16 17 13
f 7 9 2
f 9 15 2
f 3 4 18
f 1 3 19
f 5 1 20
f 6 5 21
f 6 22 23
f 6 24 22
f 6 25 26
f 6 26 24
f 6 27 7
f 7 28 29
f 7 30 31
f 7 31 28
f 6 23 27
f 7 27 32
f 7 32 33
f 7 33 30
f 7 34 8
f 7 29 34
f 9 8 35
f 9 35 36
f 9 36 37
f 9 37 10
f 6 38 25
f 38 39 25
f 38 40 39
f 38 41 40
f 42 43 44
f 38 45 41
f 42 46 45
f 42 47 46
f 42 48 47
f 42 49 48
f 42 50 49
f 42 44 50
f 51 52 53
f 54 55 56
f 54 56 52
f 42 57 43
f 42 58 57
f 51 59 58
f 51 60 59
f 51 61 60
f 51 62 61
f 51 63 64
f 51 65 62
f 51 64 65
f 51 53 63
f 1 19 20
f 3 18 19
f 5 20 21
f 6 21 38
f 38 42 45
f 42 51 58
f 51 54 52
f 19 18 66
f 20 19 67
f 21 20 68
f 38 21 69
f 38 70 42
f 42 71 51
f 51 72 54
f 21 68 69
f 20 67 68
f 19 66 67
f 38 69 70
f 67 66 73
f 42 70 71
f 51 71 72
f 72 74 54
f 69 68 73
f 67 73 68
f 70 69 73
f 70 73 71
f 72 71 73
f 72 73 74
f 75 76 77
f 2 15 76
f 75 2 76
f 75 78 2
f 78 79 2
f 79 80 2
f 80 81 2
f 81 82 2
f 54 83 84
f 54 85 86
f 54 86 83
f 54 87 88
f 54 84 87
f 54 88 89
f 54 89 55
f 90 91 92
f 90 92 85
f 90 77 91
f 75 77 90
f 75 93 78
f 78 94 79
f 79 95 80
f 80 96 81
f 81 97 82
f 54 90 85
f 75 90 93
f 78 93 94
f 79 94 95
f 80 95 96
f 81 96 97
f 97 98 82
f 54 74 90
f 90 99 93
f 93 100 94
f 94 101 95
f 95 102 96
f 90 74 99
f 93 99 100
f 74 73 99
f 99 73 100
f 100 73 101
f 101 73 102
f 102 73 103
f 103 73 104
f 94 100 101
f 95 101 102
f 102 103 96
f 103 104 97
f 104 105 98
f 104 73 105
f 103 97 96
f 97 104 98
f 4 2 106
f 106 2 107
f 107 2 108
f 108 2 109
f 109 2 110
f 110 2 111
f 2 112 111
f 110 111 113
f 4 106 114
f 106 107 115
f 107 108 116
f 108 109 117
f 109 110 118
f 110 113 119
f 119 113 120
f 119 120 121
f 119 121 122
f 123 122 124
f 123 124 125
f 123 125 126
f 123 126 127
f 123 127 128
f 123 128 129
f 123 129 130
f 4 114 18
f 106 115 114
f 107 116 115
f 108 117 116
f 109 118 117
f 110 119 118
f 119 122 123
f 18 114 131
f 114 115 132
f 115 116 133
f 134 116 117
f 135 117 118
f 118 119 136
f 119 123 137
f 18 131 66
f 114 132 131
f 115 133 132
f 133 116 134
f 134 117 135
f 66 131 73
f 135 118 136
f 119 137 136
f 131 132 73
f 132 133 73
f 133 134 73
f 134 135 73
f 135 136 73
f 136 137 73
f 2 138 112
f 2 139 138
f 140 141 142
f 138 143 112
f 138 141 143
f 138 144 141
f 144 142 141
f 138 145 144
f 138 146 145
f 138 139 147
f 2 148 139
f 2 149 148
f 2 150 149
f 2 82 151
f 2 151 150
f 138 152 146
f 138 153 152
f 138 154 153
f 138 147 154
f 139 155 147
f 139 156 155
f 139 157 158
f 139 159 157
f 139 158 156
f 139 148 160
f 139 161 162
f 139 162 159
f 139 160 161
f 148 163 160
f 148 164 165
f 148 165 163
f 148 166 164
f 148 167 166
f 123 130 168
f 123 168 169
f 170 169 171
f 170 171 172
f 170 172 173
f 170 173 174
f 170 174 175
f 170 175 176
f 170 176 177
f 170 177 178
f 170 178 179
f 180 179 181
f 180 181 182
f 148 183 167
f 180 182 184
f 180 184 185
f 180 185 186
f 180 186 187
f 180 187 188
f 180 188 189
f 180 189 190
f 183 190 191
f 183 192 167
f 183 191 193
f 183 193 192
f 149 194 148
f 150 195 149
f 151 196 150
f 82 98 151
f 123 169 170
f 170 179 180
f 148 194 183
f 180 190 183
f 149 195 194
f 151 98 196
f 150 196 195
f 123 170 197
f 198 170 180
f 199 180 183
f 200 183 194
f 201 194 195
f 123 197 137
f 198 197 170
f 198 180 199
f 73 137 197
f 73 197 198
f 73 198 199
f 73 199 200
f 73 201 202
f 73 200 201
f 200 199 183
f 196 105 202
f 201 195 202
f 201 200 194
f 73 202 105
f 196 202 195
f 98 105 196
f 203 204 205
f 204 206 205
f 203 207 208
f 204 208 209
f 203 208 204
f 203 205 210
f 203 211 207
f 203 210 211
f 204 212 206
f 212 213 206
f 204 209 212
f 212 214 213
f 215 216 217
f 215 217 218
f 218 219 220
f 215 221 216
f 215 218 112
f 217 219 218
f 216 221 222
f 215 112 221
f 221 223 222
f 223 224 225
f 222 223 225
f 218 220 112
f 220 113 111
f 220 226 113
f 220 219 226
f 226 120 113
f 226 121 120
f 226 122 121
f 221 112 223
f 220 111 112
f 223 112 224
f 224 112 227
f 224 227 228
f 225 224 228
f 226 229 122
f 229 124 122
f 217 216 207
f 217 207 230
f 216 208 207
f 216 222 208
f 207 211 230
f 217 230 219
f 222 209 208
f 209 231 212
f 222 225 209
f 225 231 209
f 225 228 231
f 211 210 232
f 230 211 233
f 211 232 233
f 212 231 214
f 230 234 219
f 219 234 226
f 230 233 234
f 226 234 235
f 226 235 229
f 234 236 235
f 232 237 233
f 234 233 236
f 233 237 236
f 205 206 238
f 206 239 238
f 205 238 240
f 206 213 239
f 239 213 241
f 238 239 242
f 238 242 243
f 239 241 244
f 242 239 244
f 244 241 245
f 205 240 210
f 238 243 240
f 240 243 246
f 242 244 247
f 242 247 248
f 244 249 247
f 244 245 249
f 247 249 250
f 249 251 250
f 250 251 252
f 247 250 253
f 250 252 254
f 242 248 243
f 247 253 248
f 243 248 255
f 250 254 253
f 210 240 256
f 210 256 232
f 240 246 256
f 232 256 257
f 232 257 237
f 256 246 258
f 243 255 246
f 248 253 259
f 229 125 124
f 229 260 125
f 260 126 125
f 260 127 126
f 261 128 127
f 260 261 127
f 261 129 128
f 229 235 262
f 229 262 260
f 235 263 262
f 235 236 263
f 213 214 264
f 227 143 265
f 228 227 265
f 227 112 143
f 265 143 141
f 265 141 140
f 265 140 266
f 266 140 142
f 266 142 144
f 266 144 267
f 231 228 268
f 231 268 214
f 214 269 264
f 269 270 264
f 214 268 269
f 269 271 270
f 228 265 268
f 265 266 272
f 268 265 272
f 268 272 269
f 272 273 271
f 266 273 272
f 266 267 273
f 267 274 273
f 273 274 275
f 269 272 271
f 270 271 276
f 271 275 276
f 271 273 275
f 275 277 276
f 213 264 241
f 241 264 278
f 241 278 245
f 245 278 279
f 278 280 279
f 249 281 251
f 249 245 281
f 252 251 282
f 251 283 282
f 251 281 283
f 283 284 282
f 245 279 281
f 281 279 285
f 281 285 283
f 279 286 285
f 283 285 287
f 283 287 284
f 287 288 284
f 285 289 287
f 287 290 288
f 264 270 278
f 278 270 280
f 270 276 280
f 280 276 291
f 279 280 286
f 280 291 286
f 256 258 257
f 286 291 292
f 276 277 291
f 291 277 293
f 291 293 292
f 292 293 294
f 248 259 255
f 253 254 295
f 253 295 259
f 246 255 296
f 246 296 258
f 255 297 296
f 255 259 297
f 259 295 298
f 259 298 297
f 286 289 285
f 286 292 289
f 289 292 299
f 289 299 290
f 287 289 290
f 290 300 288
f 290 301 300
f 292 294 299
f 294 302 299
f 299 302 301
f 290 299 301
f 301 303 300
f 301 302 304
f 301 304 303
f 304 305 303
f 267 144 145
f 306 130 129
f 261 306 129
f 306 168 130
f 306 169 168
f 306 171 169
f 267 145 146
f 307 146 152
f 267 146 307
f 307 152 153
f 307 153 154
f 307 154 147
f 308 147 155
f 307 147 308
f 308 155 156
f 309 172 171
f 306 309 171
f 309 173 172
f 310 174 173
f 309 310 173
f 310 175 174
f 311 179 178
f 311 181 179
f 312 176 175
f 312 177 176
f 312 178 177
f 310 312 175
f 312 311 178
f 313 156 158
f 313 158 157
f 314 157 159
f 308 156 313
f 313 157 314
f 314 159 162
f 315 162 161
f 315 161 160
f 315 160 163
f 315 163 165
f 314 162 315
f 316 182 181
f 316 184 182
f 317 185 184
f 317 186 185
f 318 187 186
f 318 188 187
f 318 189 188
f 311 316 181
f 316 317 184
f 319 166 167
f 320 165 164
f 320 164 166
f 319 321 166
f 315 165 320
f 320 166 321
f 319 167 192
f 319 192 322
f 323 192 193
f 323 324 192
f 324 325 192
f 319 322 326
f 322 192 327
f 325 327 192
f 260 328 261
f 260 262 328
f 262 329 328
f 267 307 274
f 307 330 274
f 236 237 331
f 236 331 263
f 262 263 329
f 263 331 332
f 261 333 306
f 261 328 333
f 306 334 309
f 306 333 334
f 328 335 333
f 309 336 310
f 309 334 336
f 310 337 312
f 310 336 337
f 333 338 334
f 328 329 335
f 263 332 329
f 333 335 338
f 329 339 335
f 329 332 339
f 307 308 330
f 274 330 340
f 308 313 341
f 308 341 330
f 313 342 341
f 330 341 343
f 274 340 275
f 275 340 277
f 340 344 277
f 340 330 343
f 340 343 344
f 343 345 344
f 313 314 342
f 314 315 346
f 314 346 342
f 341 342 347
f 315 320 348
f 315 348 346
f 342 346 349
f 341 347 343
f 343 347 345
f 342 349 347
f 317 318 186
f 350 190 189
f 350 191 190
f 350 193 191
f 323 193 351
f 323 352 324
f 318 350 189
f 350 351 193
f 312 353 311
f 312 337 353
f 311 354 316
f 311 353 354
f 334 355 336
f 336 356 337
f 316 357 317
f 316 354 357
f 317 358 318
f 317 357 358
f 337 359 353
f 334 338 355
f 335 360 338
f 335 339 360
f 336 355 356
f 338 361 355
f 338 360 361
f 353 362 354
f 337 356 359
f 353 359 362
f 355 363 356
f 355 361 363
f 322 327 364
f 322 364 365
f 364 327 366
f 319 326 321
f 322 365 326
f 364 366 365
f 320 321 367
f 320 367 348
f 346 348 368
f 347 369 345
f 347 349 369
f 324 370 325
f 325 371 327
f 323 351 352
f 324 352 370
f 325 370 371
f 327 371 366
f 321 326 372
f 321 372 367
f 318 373 350
f 318 358 373
f 350 374 351
f 350 373 374
f 326 365 375
f 326 375 372
f 365 366 376
f 348 367 377
f 351 378 352
f 352 379 370
f 365 376 375
f 367 372 380
f 346 368 349
f 348 377 368
f 349 381 369
f 349 368 381
f 367 380 377
f 368 377 382
f 368 382 381
f 354 383 357
f 357 384 358
f 351 374 378
f 352 378 379
f 358 385 373
f 354 362 383
f 356 386 359
f 356 363 386
f 357 383 384
f 366 371 387
f 370 388 371
f 366 387 376
f 370 379 388
f 371 388 387
f 372 375 389
f 375 376 390
f 373 391 374
f 374 392 378
f 376 387 393
f 387 388 394
f 372 389 380
f 377 380 395
f 377 395 382
f 375 390 389
f 376 393 390
f 380 389 396
f 380 396 395
f 237 257 397
f 237 397 331
f 257 398 397
f 257 258 398
f 331 397 399
f 331 399 332
f 332 399 400
f 397 401 399
f 397 398 401
f 277 344 293
f 293 344 402
f 344 345 402
f 293 402 294
f 399 401 403
f 258 296 404
f 258 404 398
f 296 405 404
f 296 297 405
f 297 298 406
f 398 404 407
f 297 406 405
f 398 407 401
f 404 408 407
f 404 405 408
f 405 406 409
f 405 409 408
f 332 400 339
f 339 410 360
f 339 400 410
f 399 403 400
f 400 411 410
f 400 403 411
f 360 412 361
f 360 410 412
f 410 411 413
f 401 407 414
f 401 414 403
f 407 415 414
f 403 414 416
f 407 408 415
f 408 409 417
f 408 417 415
f 403 416 411
f 294 402 418
f 402 345 419
f 345 369 419
f 369 420 419
f 402 419 418
f 418 419 421
f 419 420 421
f 294 418 302
f 302 422 304
f 302 418 422
f 304 423 305
f 304 422 423
f 423 424 305
f 418 421 422
f 421 425 422
f 422 425 423
f 421 426 425
f 423 425 427
f 423 427 424
f 425 428 427
f 427 429 424
f 427 430 429
f 369 381 420
f 381 431 420
f 421 420 426
f 361 432 363
f 361 412 432
f 410 413 412
f 381 382 431
f 420 431 426
f 426 431 433
f 382 434 431
f 382 395 434
f 395 435 434
f 431 434 433
f 434 435 436
f 433 434 436
f 414 415 437
f 415 417 438
f 414 437 416
f 411 416 439
f 411 439 413
f 416 440 439
f 415 438 437
f 416 437 440
f 437 438 441
f 437 441 440
f 425 426 428
f 426 433 428
f 433 442 428
f 428 442 430
f 427 428 430
f 429 430 443
f 430 442 444
f 430 444 443
f 433 436 442
f 444 445 443
f 442 446 444
f 442 436 446
f 444 447 445
f 444 446 447
f 447 448 445
f 252 282 449
f 282 450 449
f 252 449 451
f 282 284 450
f 450 284 452
f 449 450 453
f 449 453 454
f 450 455 453
f 450 452 455
f 453 455 456
f 455 457 458
f 252 451 254
f 284 288 452
f 449 454 451
f 455 452 457
f 453 459 454
f 452 288 460
f 452 460 457
f 457 460 461
f 457 461 462
f 455 458 456
f 456 458 463
f 453 456 459
f 456 464 459
f 458 465 463
f 456 463 464
f 457 462 458
f 458 462 465
f 461 466 462
f 462 466 467
f 463 465 468
f 465 469 468
f 465 462 467
f 463 468 470
f 465 467 469
f 467 471 469
f 254 451 472
f 254 472 295
f 451 454 473
f 451 473 472
f 454 474 473
f 295 472 475
f 295 475 298
f 288 300 460
f 460 300 476
f 300 303 476
f 460 476 461
f 461 476 477
f 461 477 466
f 472 473 478
f 472 478 475
f 473 479 478
f 454 459 474
f 459 480 474
f 463 470 464
f 459 464 480
f 464 470 481
f 466 482 467
f 467 482 471
f 482 483 471
f 473 474 479
f 474 484 479
f 464 481 480
f 474 480 484
f 480 481 485
f 480 485 484
f 476 486 477
f 477 487 488
f 476 303 486
f 303 305 486
f 486 305 489
f 477 486 487
f 486 489 487
f 487 489 490
f 487 490 491
f 466 488 482
f 466 477 488
f 482 488 492
f 482 492 483
f 492 493 483
f 488 487 491
f 488 491 492
f 490 494 491
f 491 494 495
f 492 491 495
f 492 495 493
f 495 496 493
f 495 497 496
f 495 494 497
f 497 498 496
f 468 469 499
f 469 500 499
f 469 471 500
f 468 501 470
f 468 499 501
f 471 483 502
f 471 502 500
f 499 500 503
f 500 504 503
f 499 503 505
f 500 502 504
f 503 504 506
f 499 505 501
f 503 507 505
f 470 508 481
f 470 501 508
f 481 508 509
f 501 510 508
f 501 505 510
f 504 511 506
f 503 506 507
f 483 493 512
f 502 483 512
f 512 493 513
f 502 514 504
f 502 512 514
f 512 515 514
f 504 514 511
f 514 515 516
f 512 513 515
f 493 496 513
f 513 496 517
f 508 510 518
f 505 519 510
f 515 513 520
f 513 517 520
f 515 520 521
f 520 522 523
f 520 517 522
f 496 498 517
f 517 498 524
f 517 524 522
f 522 524 525
f 522 525 526
f 514 516 511
f 506 511 527
f 511 528 527
f 511 516 528
f 516 529 528
f 515 521 516
f 527 528 530
f 530 528 531
f 528 529 531
f 506 532 507
f 506 527 532
f 505 507 519
f 507 533 519
f 507 532 533
f 520 523 521
f 516 521 529
f 521 534 529
f 521 523 534
f 523 535 534
f 527 530 536
f 527 536 532
f 530 531 537
f 531 538 537
f 530 537 539
f 530 539 536
f 532 536 540
f 532 540 533
f 531 529 541
f 529 534 541
f 541 534 542
f 534 535 542
f 542 535 543
f 531 541 538
f 541 542 544
f 541 544 538
f 537 538 545
f 537 546 539
f 537 545 546
f 538 544 547
f 538 547 545
f 542 548 544
f 542 543 548
f 544 548 549
f 544 549 547
f 533 540 550
f 536 551 540
f 536 539 551
f 539 552 551
f 540 551 553
f 539 546 552
f 552 554 551
f 551 554 553
f 522 526 523
f 525 555 526
f 523 526 535
f 526 556 535
f 526 555 556
f 556 555 557
f 555 558 557
f 548 543 559
f 548 559 560
f 548 560 549
f 535 556 543
f 543 556 561
f 556 557 561
f 561 557 562
f 543 561 559
f 561 563 559
f 559 563 564
f 559 564 560
f 545 547 565
f 547 549 565
f 545 565 546
f 553 554 566
f 546 565 552
f 561 562 563
f 564 563 567
f 549 560 565
f 563 568 567
f 560 564 565
f 567 568 569
f 564 567 565
f 563 562 568
f 552 565 554
f 554 565 566
f 569 568 570
f 567 569 565
f 557 571 562
f 562 571 572
f 562 572 568
f 568 572 570
f 569 570 573
f 569 573 565
f 573 574 565
f 573 570 575
f 573 575 574
f 574 576 565
f 576 577 565
f 574 578 576
f 298 475 579
f 298 579 406
f 475 478 580
f 475 580 579
f 478 581 580
f 406 582 409
f 406 579 582
f 579 580 583
f 579 583 582
f 478 479 581
f 479 584 581
f 479 484 584
f 305 424 489
f 489 424 585
f 489 585 490
f 580 586 583
f 582 583 587
f 490 588 494
f 490 585 588
f 424 429 585
f 585 429 589
f 429 443 589
f 585 589 588
f 588 589 590
f 588 590 591
f 589 592 590
f 590 593 594
f 484 485 595
f 484 595 584
f 580 581 586
f 581 596 586
f 583 586 597
f 581 584 596
f 584 595 598
f 584 598 596
f 586 596 599
f 596 598 600
f 596 600 599
f 494 591 497
f 494 588 591
f 591 594 601
f 497 601 498
f 497 591 601
f 601 602 498
f 601 603 602
f 603 604 602
f 590 594 591
f 601 594 603
f 409 605 417
f 409 582 605
f 417 605 606
f 582 587 605
f 583 597 587
f 605 587 607
f 605 607 606
f 587 608 607
f 417 606 438
f 438 606 609
f 589 443 592
f 590 592 593
f 438 609 441
f 606 607 610
f 607 611 610
f 606 610 609
f 609 610 612
f 610 613 612
f 586 599 597
f 587 597 608
f 597 614 608
f 597 599 614
f 600 615 599
f 599 615 614
f 614 616 608
f 614 615 617
f 614 617 616
f 607 608 611
f 608 616 611
f 611 613 610
f 611 618 613
f 611 616 618
f 616 617 619
f 481 509 485
f 485 509 620
f 485 620 595
f 595 620 621
f 508 518 509
f 509 518 622
f 510 623 518
f 509 622 620
f 620 622 624
f 518 625 622
f 622 626 624
f 595 621 598
f 598 621 627
f 598 627 600
f 620 624 621
f 498 602 524
f 524 602 628
f 628 602 604
f 628 604 629
f 524 628 525
f 628 630 525
f 525 630 555
f 630 631 558
f 628 629 630
f 630 629 631
f 600 627 632
f 624 633 621
f 624 634 633
f 621 633 627
f 627 633 635
f 627 635 632
f 635 636 632
f 633 637 635
f 635 638 636
f 510 519 623
f 518 623 625
f 519 639 623
f 519 533 639
f 623 639 640
f 623 640 625
f 622 625 626
f 640 641 625
f 533 550 639
f 639 550 642
f 639 642 640
f 540 553 550
f 553 643 550
f 550 643 642
f 625 641 626
f 626 641 644
f 630 558 555
f 558 631 645
f 558 571 557
f 558 645 571
f 571 645 646
f 640 642 647
f 553 566 643
f 566 648 643
f 642 643 649
f 642 649 647
f 648 649 643
f 648 650 649
f 566 565 648
f 648 565 650
f 649 650 651
f 650 652 651
f 640 647 641
f 647 653 641
f 641 653 644
f 653 654 644
f 649 651 647
f 647 651 653
f 653 651 655
f 652 655 651
f 571 646 572
f 572 646 656
f 646 657 656
f 572 656 570
f 650 565 652
f 652 565 658
f 565 659 658
f 565 660 659
f 652 658 655
f 658 659 661
f 570 656 575
f 575 656 662
f 575 662 578
f 574 575 578
f 565 577 663
f 565 663 664
f 576 665 577
f 565 666 660
f 565 664 667
f 565 667 668
f 576 578 665
f 577 669 663
f 565 670 666
f 565 671 670
f 565 672 671
f 644 654 673
f 658 661 655
f 653 655 654
f 655 661 654
f 661 674 654
f 659 660 675
f 659 675 661
f 660 666 676
f 661 675 674
f 660 676 675
f 624 626 634
f 633 634 637
f 626 644 634
f 634 644 673
f 634 673 637
f 673 677 637
f 677 638 637
f 677 678 638
f 635 637 638
f 654 674 673
f 673 674 677
f 677 679 678
f 677 674 679
f 674 675 679
f 600 632 615
f 615 632 680
f 615 680 617
f 680 681 617
f 632 636 680
f 594 593 682
f 603 594 682
f 603 683 604
f 683 684 604
f 603 682 683
f 683 685 684
f 684 685 686
f 443 445 592
f 592 445 687
f 682 593 688
f 592 687 593
f 593 687 688
f 688 689 690
f 687 445 448
f 687 448 691
f 687 691 688
f 688 691 689
f 689 691 692
f 689 692 693
f 689 693 694
f 682 690 683
f 682 688 690
f 690 694 685
f 683 690 685
f 686 685 695
f 689 694 690
f 616 619 618
f 618 619 696
f 613 618 697
f 618 696 697
f 697 696 698
f 697 698 699
f 686 695 700
f 685 694 695
f 701 702 700
f 695 701 700
f 695 694 703
f 694 693 703
f 701 703 704
f 695 703 701
f 699 698 705
f 701 706 702
f 706 707 702
f 701 704 706
f 708 709 707
f 706 708 707
f 708 710 709
f 710 711 709
f 629 712 631
f 712 713 631
f 645 631 713
f 713 714 715
f 629 604 684
f 629 684 712
f 712 684 686
f 716 686 700
f 712 686 716
f 712 716 713
f 713 716 714
f 714 717 718
f 714 718 719
f 714 716 717
f 716 700 717
f 718 720 721
f 718 717 722
f 718 722 720
f 720 723 724
f 720 725 723
f 723 726 727
f 728 726 729
f 646 645 715
f 646 715 657
f 645 713 715
f 657 715 719
f 657 719 730
f 714 719 715
f 721 731 730
f 719 721 730
f 721 724 731
f 731 724 732
f 656 657 662
f 657 730 662
f 662 730 733
f 565 668 734
f 577 665 669
f 565 735 672
f 565 734 736
f 663 737 664
f 565 738 735
f 565 736 739
f 565 740 738
f 565 739 741
f 565 741 740
f 578 662 733
f 578 733 665
f 663 669 737
f 664 742 667
f 733 743 665
f 665 743 669
f 667 744 668
f 668 745 734
f 664 737 742
f 733 730 731
f 733 731 743
f 666 670 746
f 670 671 747
f 666 746 676
f 670 747 746
f 671 672 748
f 672 735 749
f 671 748 747
f 734 750 736
f 667 742 744
f 736 751 739
f 740 741 752
f 739 753 741
f 743 731 732
f 743 732 754
f 754 732 755
f 754 755 756
f 669 743 754
f 669 754 737
f 737 756 742
f 737 754 756
f 735 738 757
f 668 744 745
f 740 758 738
f 672 749 748
f 735 757 749
f 756 759 742
f 742 759 744
f 734 745 750
f 736 750 751
f 740 752 758
f 738 758 757
f 638 760 636
f 760 761 762
f 638 678 760
f 760 678 763
f 760 763 761
f 761 763 764
f 718 721 719
f 765 764 766
f 761 764 765
f 766 767 768
f 765 766 768
f 679 769 678
f 678 769 763
f 769 770 763
f 763 770 764
f 675 676 679
f 679 676 769
f 676 746 769
f 746 770 769
f 746 747 770
f 770 771 764
f 771 766 764
f 771 772 766
f 766 772 767
f 772 773 767
f 747 771 770
f 747 748 771
f 748 772 771
f 748 749 772
f 749 773 772
f 749 757 773
f 732 727 755
f 756 774 759
f 756 755 774
f 759 774 775
f 759 775 776
f 739 751 753
f 741 753 752
f 744 759 776
f 744 776 745
f 745 776 777
f 745 777 750
f 750 778 751
f 750 777 778
f 776 779 777
f 751 780 753
f 752 753 781
f 751 778 780
f 753 780 781
f 720 724 721
f 723 727 724
f 732 724 727
f 755 727 728
f 755 728 774
f 767 782 783
f 767 783 768
f 782 784 785
f 782 785 783
f 774 786 775
f 774 728 786
f 775 787 779
f 775 786 787
f 727 726 728
f 728 729 786
f 788 784 789
f 788 785 784
f 789 790 791
f 788 789 791
f 767 773 782
f 773 792 782
f 782 792 784
f 793 784 792
f 757 792 773
f 757 758 792
f 793 758 752
f 793 792 758
f 793 752 781
f 775 779 776
f 777 779 794
f 777 794 778
f 793 789 784
f 793 781 789
f 781 790 789
f 781 780 790
f 778 794 795
f 778 795 780
f 780 795 790
f 617 681 619
f 681 796 619
f 680 636 762
f 680 762 681
f 681 762 797
f 760 762 636
f 761 797 762
f 681 797 796
f 765 798 797
f 797 798 796
f 798 799 796
f 619 796 696
f 696 799 698
f 796 799 696
f 717 700 702
f 717 702 722
f 722 702 707
f 722 707 725
f 798 768 800
f 800 783 801
f 798 800 799
f 800 801 802
f 720 722 725
f 723 803 726
f 723 725 803
f 788 804 805
f 801 805 806
f 801 785 805
f 799 802 698
f 802 705 698
f 802 806 705
f 705 806 807
f 806 808 807
f 799 800 802
f 801 806 802
f 805 808 806
f 761 765 797
f 765 768 798
f 800 768 783
f 801 783 785
f 788 805 785
f 786 729 809
f 779 787 810
f 779 810 794
f 794 811 795
f 790 795 812
f 794 810 811
f 786 809 787
f 790 812 791
f 795 811 812
f 787 813 810
f 810 814 811
f 725 707 709
f 725 709 803
f 726 815 729
f 791 816 804
f 726 803 815
f 787 809 813
f 812 817 816
f 810 813 814
f 811 814 817
f 729 818 809
f 729 815 818
f 809 819 813
f 809 818 819
f 817 814 820
f 803 709 711
f 803 711 815
f 808 821 822
f 815 823 818
f 815 711 823
f 821 824 825
f 824 820 826
f 805 804 808
f 804 821 808
f 804 816 821
f 816 817 824
f 816 824 821
f 817 820 824
f 813 827 814
f 818 823 828
f 819 828 829
f 818 828 819
f 820 827 830
f 819 829 827
f 813 819 827
f 814 827 820
f 788 791 804
f 791 812 816
f 812 811 817
f 359 831 362
f 359 386 831
f 358 384 385
f 362 832 383
f 362 831 832
f 378 833 379
f 379 834 388
f 373 385 391
f 383 835 384
f 374 391 392
f 389 390 836
f 389 836 396
f 378 392 833
f 383 832 835
f 384 837 385
f 384 835 837
f 385 838 391
f 385 837 838
f 363 839 386
f 363 432 839
f 386 840 831
f 412 841 432
f 412 413 841
f 432 842 839
f 432 841 842
f 386 839 840
f 395 396 435
f 831 843 832
f 831 840 843
f 832 844 835
f 832 843 844
f 839 845 840
f 839 842 845
f 840 846 843
f 840 845 846
f 413 847 841
f 413 439 847
f 439 440 848
f 439 848 847
f 841 847 849
f 440 441 850
f 440 850 848
f 847 848 851
f 848 850 852
f 841 849 842
f 847 851 849
f 842 849 853
f 842 853 845
f 849 854 853
f 849 851 854
f 848 852 851
f 387 394 393
f 379 833 834
f 388 834 394
f 390 393 855
f 390 855 836
f 391 856 392
f 391 838 856
f 393 394 857
f 393 857 855
f 392 858 833
f 394 834 859
f 833 860 834
f 394 859 857
f 392 856 858
f 833 858 860
f 834 860 859
f 396 861 435
f 396 836 861
f 436 435 862
f 435 861 862
f 862 861 863
f 836 864 861
f 836 855 864
f 855 865 864
f 861 864 863
f 855 857 865
f 864 865 866
f 863 864 866
f 436 862 446
f 862 867 446
f 446 867 447
f 862 863 867
f 867 868 869
f 447 867 869
f 447 869 448
f 845 853 870
f 867 863 868
f 851 852 871
f 853 854 872
f 851 871 854
f 854 871 873
f 869 874 448
f 869 875 874
f 875 876 874
f 863 866 868
f 868 877 875
f 866 877 868
f 869 868 875
f 875 878 876
f 875 877 878
f 878 879 876
f 835 880 837
f 835 844 880
f 837 881 838
f 837 880 881
f 838 882 856
f 843 883 844
f 843 846 883
f 844 884 880
f 844 883 884
f 857 859 885
f 857 885 865
f 838 881 882
f 856 886 858
f 859 860 887
f 859 887 885
f 866 865 888
f 865 885 888
f 888 885 889
f 856 882 886
f 858 890 860
f 858 886 890
f 880 891 881
f 880 884 891
f 881 892 882
f 881 891 892
f 882 893 886
f 882 892 893
f 845 870 846
f 853 872 870
f 846 870 894
f 846 894 883
f 883 894 895
f 870 896 894
f 870 872 896
f 854 873 872
f 883 895 884
f 894 897 895
f 866 888 877
f 888 898 877
f 877 898 878
f 872 873 899
f 894 896 897
f 872 899 896
f 896 899 900
f 896 900 897
f 884 901 891
f 884 895 901
f 891 901 902
f 895 903 901
f 891 902 892
f 895 897 903
f 897 900 904
f 860 890 887
f 885 887 889
f 887 890 905
f 889 887 905
f 886 906 890
f 886 893 906
f 890 906 905
f 888 889 898
f 898 889 907
f 898 907 908
f 878 898 908
f 878 908 879
f 908 909 879
f 908 907 910
f 908 910 909
f 910 911 909
f 889 905 907
f 892 912 893
f 892 902 912
f 901 913 902
f 905 914 907
f 907 914 910
f 905 906 914
f 893 915 906
f 893 912 915
f 902 916 912
f 901 903 913
f 897 904 903
f 903 904 917
f 903 917 913
f 902 913 916
f 913 917 918
f 906 915 914
f 914 915 919
f 912 920 915
f 910 914 919
f 910 919 911
f 919 921 911
f 912 916 920
f 915 920 919
f 913 918 916
f 916 918 922
f 919 920 921
f 920 922 921
f 916 922 920
f 441 923 850
f 609 923 441
f 850 924 852
f 850 923 924
f 609 612 923
f 448 874 691
f 612 925 923
f 612 926 925
f 923 925 924
f 924 925 927
f 925 928 927
f 852 929 871
f 924 929 852
f 871 930 873
f 871 929 930
f 924 927 929
f 929 927 931
f 691 874 692
f 874 876 692
f 692 876 932
f 693 692 932
f 693 932 933
f 693 933 703
f 932 876 879
f 927 934 931
f 929 931 930
f 931 935 930
f 931 936 935
f 612 613 926
f 613 697 926
f 926 699 928
f 925 926 928
f 697 699 926
f 928 934 927
f 928 937 934
f 933 704 703
f 699 705 937
f 937 705 807
f 928 699 937
f 937 807 938
f 938 807 822
f 937 938 934
f 931 934 936
f 938 936 934
f 935 936 939
f 938 940 936
f 873 941 899
f 873 930 941
f 941 942 899
f 899 942 900
f 930 935 941
f 941 935 943
f 941 943 942
f 932 944 933
f 933 945 704
f 932 879 944
f 879 909 944
f 944 909 946
f 933 944 945
f 944 946 945
f 935 939 943
f 947 945 948
f 945 946 948
f 949 948 950
f 950 951 952
f 704 947 706
f 704 945 947
f 708 947 949
f 949 952 710
f 706 947 708
f 938 822 940
f 940 822 825
f 940 825 953
f 708 949 710
f 954 823 711
f 710 954 711
f 825 826 953
f 826 955 953
f 940 939 936
f 943 939 956
f 947 948 949
f 939 953 956
f 956 955 957
f 940 953 939
f 953 955 956
f 823 958 828
f 710 952 954
f 826 830 955
f 954 958 823
f 830 829 959
f 830 959 955
f 828 960 829
f 828 958 960
f 949 950 952
f 954 952 961
f 959 962 957
f 951 961 952
f 961 963 958
f 960 963 962
f 955 959 957
f 954 961 958
f 958 963 960
f 829 960 959
f 959 960 962
f 900 964 904
f 900 942 964
f 946 909 911
f 943 965 942
f 943 956 965
f 965 964 942
f 948 946 966
f 965 957 967
f 965 967 964
f 964 967 968
f 904 968 917
f 904 964 968
f 946 911 966
f 966 911 921
f 966 921 969
f 948 966 950
f 966 969 950
f 962 970 967
f 968 967 970
f 968 970 971
f 950 969 951
f 951 972 961
f 971 970 972
f 951 969 973
f 951 973 972
f 963 972 970
f 917 971 918
f 917 968 971
f 969 921 922
f 971 973 918
f 969 922 973
f 918 973 922
f 971 972 973
f 965 956 957
f 957 962 967
f 962 963 970
f 961 972 963
f 807 808 822
f 821 825 822
f 824 826 825
f 826 820 830
f 827 829 830
f 974 975 976
f 975 977 978
f 974 979 975
f 980 979 974
f 980 981 982
f 975 979 983
f 975 983 977
f 980 974 981
f 981 984 982
f 977 985 986
f 985 987 986
f 974 988 981
f 981 989 984
f 984 990 991
f 976 978 992
f 993 992 978
f 976 992 994
f 993 995 992
f 992 996 994
f 993 997 998
f 993 998 995
f 997 999 998
f 975 978 976
f 974 976 988
f 977 986 978
f 981 988 989
f 993 978 986
f 976 994 988
f 993 986 997
f 986 987 997
f 987 1000 997
f 984 989 990
f 987 1001 1000
f 1000 1001 1002
f 1002 1003 1004
f 1004 1003 1005
f 988 994 1006
f 988 1006 989
f 989 1006 1007
f 989 1007 990
f 990 1008 1009
f 990 1007 1008
f 1000 999 997
f 994 1010 1006
f 1006 1011 1007
f 1000 1012 999
f 1000 1002 1012
f 1002 1004 1012
f 1007 1013 1008
f 1014 1015 1016
f 1015 1017 1018
f 1014 1017 1015
f 1014 1016 1019
f 1020 1021 983
f 1018 1017 1022
f 1018 1022 1020
f 1020 1022 1023
f 1020 1023 1021
f 1024 1017 1014
f 1025 1014 1019
f 1023 1026 1021
f 1027 1021 1026
f 1027 1028 1021
f 1027 1029 1028
f 1027 1030 1029
f 1029 1030 1031
f 1031 1032 1033
f 980 1015 1018
f 980 1018 979
f 980 982 1015
f 1015 982 1016
f 1018 1020 979
f 979 1020 983
f 983 1021 1028
f 1016 982 1034
f 1016 1034 1035
f 1035 1034 1036
f 1016 1035 1019
f 1019 1035 1037
f 1037 1035 1038
f 1037 1038 1039
f 1038 1040 1039
f 1035 1036 1038
f 1038 1036 1041
f 1038 1041 1040
f 1040 1041 1042
f 977 983 1028
f 977 1028 985
f 1028 1029 985
f 1029 1043 985
f 984 1034 982
f 984 991 1034
f 1034 991 1036
f 1036 991 1044
f 985 1043 987
f 1043 1033 1001
f 1029 1031 1043
f 1031 1033 1043
f 1045 1033 1032
f 1045 1046 1033
f 1045 1047 1048
f 1036 1044 1041
f 1041 1044 1049
f 1041 1049 1042
f 1042 1049 1050
f 1025 1024 1014
f 1025 1019 1051
f 1024 1052 1017
f 1052 1053 1022
f 1054 1055 1026
f 1052 1022 1017
f 1051 1019 1037
f 1053 1023 1022
f 1027 1026 1055
f 1027 1055 1030
f 1056 1037 1039
f 1051 1037 1056
f 1057 1026 1023
f 1056 1039 1058
f 1055 1059 1030
f 1030 1059 1060
f 1061 1060 1059
f 1061 1062 1060
f 1058 1039 1063
f 1064 1063 1065
f 1031 1030 1060
f 1031 1060 1032
f 1032 1060 1062
f 1032 1062 1066
f 1053 1057 1023
f 1055 1067 1059
f 1054 1026 1057
f 1061 1068 1062
f 1068 1069 1062
f 1025 1070 1024
f 1025 1051 1070
f 1024 1070 1052
f 1051 1056 1070
f 1053 1070 1057
f 1052 1070 1053
f 1056 1058 1070
f 1059 1067 1071
f 1058 1064 1070
f 1061 1072 1068
f 1054 1067 1055
f 1061 1059 1071
f 1068 1073 1069
f 1069 1073 1074
f 1069 1074 1075
f 1074 1076 1075
f 1074 1077 1076
f 1058 1063 1064
f 1064 1065 1078
f 1078 1065 1079
f 1078 1079 1080
f 1081 1082 1080
f 1079 1081 1080
f 1081 1083 1082
f 1069 1066 1062
f 1069 1075 1066
f 1045 1032 1066
f 1045 1066 1047
f 1066 1075 1047
f 1075 1084 1047
f 1084 1085 1086
f 1076 1087 1085
f 1088 1085 1087
f 1076 1084 1075
f 1076 1085 1084
f 1088 1089 1085
f 1040 1063 1039
f 1040 1090 1063
f 1063 1090 1065
f 1065 1090 1091
f 1065 1091 1079
f 1079 1091 1092
f 1040 1042 1090
f 1090 1042 1093
f 1090 1093 1091
f 1091 1093 1094
f 1091 1094 1092
f 1079 1092 1081
f 1081 1092 1095
f 1081 1095 1083
f 1083 1096 1097
f 1083 1095 1096
f 1094 1098 1092
f 1092 1098 1095
f 1098 1099 1095
f 1096 1095 1099
f 1084 1100 1047
f 1042 1050 1093
f 1093 1050 1101
f 1093 1101 1094
f 1094 1101 1102
f 1094 1102 1098
f 1098 1102 1103
f 1098 1103 1099
f 1099 1103 1104
f 1102 1105 1103
f 1103 1106 1104
f 1043 1001 987
f 1033 1046 1001
f 1046 1048 1003
f 1047 1100 1048
f 1045 1048 1046
f 1048 1100 1107
f 1108 1107 1100
f 1108 1109 1110
f 1085 1089 1086
f 1088 1111 1089
f 1111 1112 1089
f 1111 1113 1112
f 1084 1086 1100
f 1108 1100 1086
f 1086 1089 1109
f 1089 1112 1109
f 1108 1086 1109
f 1112 1114 1109
f 1109 1114 1110
f 1112 1115 1114
f 1113 1115 1112
f 1113 1116 1115
f 991 1009 1044
f 1044 1117 1049
f 1049 1118 1050
f 1101 1050 1119
f 1101 1120 1102
f 991 990 1009
f 1046 1002 1001
f 1046 1003 1002
f 1048 1107 1003
f 1044 1009 1117
f 1117 1009 1121
f 1049 1117 1118
f 1050 1118 1119
f 1117 1122 1118
f 1118 1123 1119
f 1003 1107 1005
f 1124 1005 1107
f 1108 1124 1107
f 1108 1110 1124
f 1008 1121 1009
f 1117 1121 1122
f 1118 1122 1123
f 1008 1125 1121
f 1121 1125 1126
f 1122 1127 1123
f 1122 1121 1126
f 1122 1126 1127
f 1101 1119 1120
f 1119 1123 1128
f 1119 1128 1120
f 1102 1120 1105
f 1103 1105 1106
f 1120 1129 1105
f 1105 1130 1106
f 1105 1129 1130
f 1120 1128 1129
f 1129 1128 1131
f 1129 1131 1132
f 1128 1123 1133
f 1123 1127 1133
f 1128 1133 1131
f 1004 1134 1012
f 1004 1005 1135
f 1004 1135 1134
f 1005 1136 1135
f 1114 1115 1137
f 1115 1138 1137
f 1116 1138 1115
f 1116 1139 1138
f 1138 1139 1140
f 1140 1139 1141
f 1140 1141 1142
f 1114 1143 1110
f 1124 1110 1144
f 1110 1143 1144
f 1143 1137 1145
f 1124 1136 1005
f 1124 1144 1136
f 1144 1146 1136
f 1143 1147 1144
f 1126 1148 1127
f 1144 1147 1146
f 1143 1145 1147
f 1145 1149 1147
f 1114 1137 1143
f 1138 1150 1137
f 1140 1151 1150
f 1145 1137 1150
f 1138 1140 1150
f 1127 1148 1152
f 1133 1127 1152
f 1133 1153 1131
f 1131 1153 1154
f 1133 1152 1153
f 1152 1155 1153
f 1145 1150 1156
f 1145 1156 1149
f 1156 1157 1149
f 1156 1158 1157
f 1150 1151 1156
f 1140 1142 1151
f 1142 1159 1151
f 1142 1160 1159
f 1160 1161 1159
f 1160 1162 1161
f 1156 1151 1158
f 1151 1159 1158
f 1159 1161 1163
f 1159 1163 1158
f 1164 1165 1073
f 1072 1070 1164
f 1164 1070 1165
f 1166 1165 1167
f 1166 1167 1168
f 1169 1167 1070
f 1169 1168 1167
f 1165 1070 1167
f 1168 1170 1171
f 1171 1170 1172
f 1171 1172 1173
f 1173 1172 1174
f 1175 1176 1177
f 1175 1177 1178
f 1178 1177 1179
f 1180 1070 1181
f 1169 1180 1170
f 1175 1070 1176
f 1180 1181 1182
f 1181 1070 1175
f 1180 1182 1170
f 1182 1183 1172
f 1169 1070 1180
f 1169 1170 1168
f 1070 1184 1185
f 1070 1186 1184
f 1182 1172 1170
f 1176 1070 1187
f 1070 1188 1187
f 1181 1175 1178
f 1182 1181 1178
f 1070 1189 1188
f 1182 1178 1183
f 1178 1179 1183
f 1070 1185 1189
f 1184 1186 1190
f 1183 1191 1174
f 1183 1174 1172
f 1183 1179 1191
f 1179 1192 1191
f 1174 1193 1194
f 1191 1195 1193
f 1191 1193 1174
f 1192 1195 1191
f 1192 1196 1195
f 1195 1197 1193
f 1195 1196 1198
f 1199 1200 1201
f 1199 1202 1200
f 1200 1202 1203
f 1204 1205 1206
f 1200 1204 1201
f 1200 1207 1204
f 1200 1203 1207
f 1203 1208 1207
f 1204 1207 1209
f 1187 1188 1210
f 1187 1210 1211
f 1176 1187 1211
f 1176 1211 1177
f 1179 1177 1212
f 1177 1211 1212
f 1188 1213 1210
f 1211 1210 1214
f 1211 1214 1212
f 1199 1214 1210
f 1188 1189 1213
f 1189 1215 1213
f 1212 1214 1216
f 1192 1212 1216
f 1179 1212 1192
f 1216 1214 1201
f 1199 1201 1214
f 1189 1185 1215
f 1184 1217 1185
f 1184 1190 1217
f 1185 1217 1215
f 1215 1217 1218
f 1218 1217 1219
f 1190 1219 1217
f 1219 1220 1221
f 1199 1210 1213
f 1202 1213 1215
f 1199 1213 1202
f 1202 1215 1218
f 1202 1218 1203
f 1203 1218 1222
f 1218 1219 1222
f 1222 1219 1221
f 1192 1216 1196
f 1216 1206 1196
f 1216 1201 1206
f 1204 1206 1201
f 1206 1223 1196
f 1203 1222 1208
f 1208 1222 1224
f 1222 1221 1224
f 1224 1221 1225
f 1224 1225 1226
f 1195 1198 1197
f 1198 1227 1197
f 1198 1228 1227
f 1228 1229 1227
f 1228 1230 1229
f 1205 1231 1232
f 1209 1233 1234
f 1204 1209 1205
f 1207 1233 1209
f 1209 1231 1205
f 1209 1234 1231
f 1231 1235 1232
f 1236 1231 1234
f 1236 1235 1231
f 1196 1223 1198
f 1205 1223 1206
f 1228 1223 1232
f 1205 1232 1223
f 1198 1223 1228
f 1225 1237 1226
f 1237 1238 1239
f 1228 1232 1230
f 1232 1235 1230
f 1240 1241 1242
f 1240 1243 1241
f 1241 1243 1244
f 1207 1208 1233
f 1208 1224 1245
f 1208 1245 1233
f 1240 1234 1233
f 1240 1233 1245
f 1240 1245 1243
f 1243 1245 1226
f 1245 1224 1226
f 1243 1226 1246
f 1240 1242 1234
f 1236 1234 1242
f 1244 1243 1246
f 1244 1246 1247
f 1246 1226 1237
f 1246 1237 1239
f 1246 1239 1247
f 1247 1239 1248
f 1249 1248 1239
f 1229 1230 1250
f 1250 1251 1252
f 1236 1253 1235
f 1236 1254 1253
f 1253 1254 1255
f 1255 1254 1256
f 1255 1256 1257
f 1253 1251 1235
f 1235 1251 1230
f 1253 1258 1251
f 1230 1251 1250
f 1252 1251 1258
f 1252 1258 1259
f 1253 1255 1258
f 1255 1260 1258
f 1255 1257 1260
f 1257 1261 1262
f 1258 1260 1259
f 1260 1263 1259
f 1257 1262 1260
f 1260 1262 1263
f 1262 1264 1263
f 1261 1265 1262
f 1262 1265 1264
f 1242 1241 1266
f 1241 1244 1267
f 1244 1268 1267
f 1241 1267 1266
f 1244 1247 1268
f 1267 1269 1266
f 1266 1269 1256
f 1256 1269 1270
f 1267 1271 1269
f 1271 1272 1269
f 1268 1273 1271
f 1271 1273 1274
f 1267 1268 1271
f 1268 1275 1273
f 1273 1276 1277
f 1273 1275 1276
f 1272 1278 1279
f 1272 1270 1269
f 1272 1279 1270
f 1278 1280 1279
f 1271 1274 1272
f 1273 1277 1274
f 1274 1281 1278
f 1274 1277 1281
f 1277 1282 1281
f 1277 1283 1282
f 1281 1284 1278
f 1281 1285 1284
f 1281 1282 1285
f 1282 1286 1285
f 1282 1287 1286
f 1272 1274 1278
f 1277 1276 1283
f 1282 1283 1287
f 1278 1284 1280
f 1287 1288 1286
f 1242 1266 1254
f 1236 1242 1254
f 1266 1256 1254
f 1247 1275 1268
f 1247 1248 1275
f 1275 1289 1276
f 1276 1289 1290
f 1248 1291 1289
f 1291 1292 1289
f 1275 1248 1289
f 1289 1292 1290
f 1290 1292 1293
f 1290 1293 1294
f 1276 1290 1283
f 1257 1256 1270
f 1257 1270 1261
f 1270 1279 1261
f 1279 1295 1261
f 1261 1295 1265
f 1279 1280 1295
f 1296 1294 1297
f 1293 1297 1294
f 1296 1297 1298
f 1283 1294 1287
f 1283 1290 1294
f 1287 1294 1296
f 1287 1296 1288
f 1288 1296 1299
f 1296 1298 1299
f 1299 1298 1300
f 1054 1057 1070
f 1054 1070 1067
f 1061 1071 1072
f 1068 1164 1073
f 1067 1070 1071
f 1068 1072 1164
f 1071 1070 1072
f 1166 1073 1165
f 1070 1082 1301
f 1074 1073 1166
f 1074 1166 1077
f 1166 1168 1077
f 1064 1078 1070
f 1078 1080 1070
f 1070 1080 1082
f 1070 1301 1302
f 1070 1302 1303
f 1070 1304 1305
f 1070 1303 1304
f 1168 1171 1077
f 1303 1302 1306
f 1303 1307 1304
f 1171 1173 1087
f 1171 1087 1077
f 1076 1077 1087
f 1083 1301 1082
f 1301 1097 1302
f 1302 1097 1306
f 1083 1097 1301
f 1306 1097 1308
f 1303 1306 1307
f 1306 1309 1307
f 1306 1308 1309
f 1307 1309 1310
f 1309 1311 1312
f 1070 1305 1313
f 1070 1313 1186
f 1313 1305 1314
f 1304 1315 1305
f 1305 1315 1314
f 1313 1316 1186
f 1186 1316 1190
f 1313 1314 1316
f 1314 1317 1318
f 1316 1314 1318
f 1318 1317 1319
f 1304 1307 1315
f 1307 1310 1315
f 1314 1315 1317
f 1315 1310 1317
f 1309 1312 1310
f 1310 1312 1320
f 1310 1320 1317
f 1319 1317 1320
f 1088 1087 1173
f 1088 1173 1194
f 1173 1174 1194
f 1088 1194 1111
f 1194 1193 1321
f 1320 1312 1322
f 1320 1322 1323
f 1096 1308 1097
f 1096 1324 1308
f 1096 1099 1324
f 1308 1311 1309
f 1308 1324 1311
f 1099 1104 1324
f 1324 1104 1325
f 1324 1325 1311
f 1311 1325 1326
f 1104 1327 1325
f 1311 1326 1312
f 1312 1326 1322
f 1326 1325 1328
f 1326 1329 1322
f 1316 1220 1190
f 1316 1318 1220
f 1190 1220 1219
f 1318 1319 1330
f 1220 1318 1330
f 1221 1220 1330
f 1319 1323 1331
f 1221 1330 1225
f 1330 1331 1225
f 1319 1331 1330
f 1331 1323 1238
f 1319 1320 1323
f 1322 1332 1323
f 1331 1237 1225
f 1111 1194 1321
f 1193 1197 1321
f 1321 1197 1333
f 1197 1227 1333
f 1111 1321 1113
f 1113 1321 1333
f 1333 1227 1334
f 1113 1333 1116
f 1116 1333 1334
f 1227 1229 1334
f 1104 1106 1327
f 1325 1327 1328
f 1327 1106 1335
f 1326 1328 1329
f 1328 1336 1329
f 1327 1337 1328
f 1327 1335 1337
f 1328 1337 1336
f 1337 1335 1338
f 1322 1329 1332
f 1238 1323 1332
f 1332 1329 1339
f 1331 1238 1237
f 1238 1332 1249
f 1238 1249 1239
f 1249 1332 1339
f 1339 1336 1340
f 1249 1339 1291
f 1339 1340 1291
f 1329 1336 1339
f 1337 1341 1336
f 1340 1336 1341
f 1337 1338 1341
f 1106 1130 1335
f 1335 1130 1342
f 1129 1132 1130
f 1130 1132 1342
f 1338 1335 1342
f 1249 1291 1248
f 1229 1343 1334
f 1116 1334 1139
f 1334 1343 1139
f 1229 1250 1343
f 1250 1344 1343
f 1343 1344 1141
f 1250 1252 1344
f 1252 1345 1344
f 1343 1141 1139
f 1344 1346 1141
f 1340 1292 1291
f 1340 1347 1292
f 1338 1348 1341
f 1338 1349 1348
f 1348 1349 1350
f 1340 1341 1347
f 1341 1348 1347
f 1347 1348 1351
f 1348 1350 1351
f 1350 1352 1351
f 1350 1353 1354
f 1252 1259 1345
f 1259 1355 1345
f 1344 1345 1346
f 1345 1356 1346
f 1141 1346 1142
f 1346 1356 1160
f 1345 1355 1356
f 1356 1357 1162
f 1355 1357 1356
f 1355 1358 1357
f 1259 1263 1355
f 1263 1264 1358
f 1263 1358 1355
f 1350 1354 1352
f 1354 1359 1360
f 1342 1132 1361
f 1132 1154 1361
f 1338 1342 1349
f 1342 1361 1349
f 1361 1353 1349
f 1361 1154 1362
f 1361 1362 1353
f 1131 1154 1132
f 1153 1363 1154
f 1154 1363 1362
f 1153 1155 1363
f 1155 1364 1363
f 1363 1365 1362
f 1350 1349 1353
f 1362 1359 1353
f 1346 1160 1142
f 1356 1162 1160
f 1155 1366 1364
f 1366 1367 1364
f 1363 1364 1365
f 1365 1364 1368
f 1368 1364 1367
f 1369 1367 1370
f 1354 1353 1359
f 1362 1365 1359
f 1365 1368 1371
f 1365 1371 1359
f 1360 1359 1371
f 1360 1371 1372
f 1372 1371 1373
f 1371 1368 1373
f 1368 1367 1369
f 1373 1368 1369
f 1347 1293 1292
f 1293 1351 1297
f 1347 1351 1293
f 1297 1351 1352
f 1297 1352 1298
f 1298 1352 1374
f 1298 1374 1300
f 1300 1374 1375
f 1354 1374 1352
f 1354 1360 1374
f 1374 1360 1375
f 1375 1360 1372
f 1161 1162 1376
f 1161 1377 1163
f 1161 1376 1377
f 1376 1378 1377
f 1376 1379 1378
f 1378 1379 1380
f 1265 1381 1264
f 1265 1382 1381
f 1381 1382 1383
f 1280 1384 1385
f 1386 1384 1387
f 1285 1388 1284
f 1285 1389 1388
f 1285 1286 1389
f 1389 1390 1388
f 1389 1391 1390
f 1390 1391 1392
f 1284 1388 1384
f 1284 1384 1280
f 1388 1387 1384
f 1388 1390 1387
f 1390 1393 1387
f 1387 1393 1394
f 1390 1392 1393
f 1393 1395 1396
f 1392 1395 1393
f 1392 1397 1395
f 1395 1397 1398
f 1398 1397 1399
f 1295 1385 1382
f 1280 1385 1295
f 1385 1384 1386
f 1386 1387 1394
f 1385 1386 1400
f 1386 1401 1400
f 1386 1394 1401
f 1295 1382 1265
f 1385 1400 1382
f 1383 1382 1400
f 1383 1400 1402
f 1400 1401 1402
f 1288 1299 1403
f 1299 1404 1403
f 1404 1405 1406
f 1299 1300 1404
f 1300 1407 1404
f 1404 1407 1405
f 1405 1408 1409
f 1405 1407 1408
f 1408 1410 1409
f 1394 1411 1401
f 1401 1412 1402
f 1401 1411 1412
f 1411 1413 1414
f 1411 1414 1412
f 1394 1393 1396
f 1394 1396 1411
f 1395 1415 1396
f 1396 1413 1411
f 1396 1415 1413
f 1395 1398 1415
f 1410 1416 1417
f 1398 1399 1418
f 1414 1413 1419
f 1415 1420 1421
f 1398 1420 1415
f 1398 1418 1420
f 1418 1422 1420
f 1418 1423 1422
f 1422 1423 1424
f 1413 1421 1419
f 1415 1421 1413
f 1420 1425 1421
f 1419 1421 1426
f 1421 1425 1426
f 1419 1426 1427
f 1426 1428 1427
f 1425 1429 1426
f 1426 1429 1428
f 1420 1422 1425
f 1422 1430 1425
f 1425 1430 1429
f 1422 1424 1430
f 1430 1424 1431
f 1430 1431 14
f 1429 1430 17
f 1429 17 16
f 1429 12 1428
f 1429 16 12
f 1430 14 13
f 1430 13 17
f 1431 15 14
f 1357 1358 1432
f 1357 1432 1433
f 1432 1434 1435
f 1264 1381 1436
f 1264 1436 1358
f 1381 1437 1436
f 1381 1383 1437
f 1383 1402 1438
f 1383 1438 1437
f 1358 1436 1432
f 1432 1436 1434
f 1436 1437 1434
f 1437 1438 1439
f 1437 1439 1434
f 1434 1439 1440
f 1438 1402 1441
f 1439 1442 1443
f 1438 1442 1439
f 1438 1441 1442
f 1442 1444 1443
f 1442 1441 1445
f 1442 1445 1444
f 1357 1433 1162
f 1162 1433 1376
f 1376 1433 1379
f 1432 1435 1433
f 1433 1435 1379
f 1435 1446 1379
f 1434 1440 1435
f 1435 1440 1446
f 1379 1446 1380
f 1373 1369 1447
f 1448 1449 1447
f 1370 1450 1448
f 1369 1370 1448
f 1369 1448 1447
f 1448 1450 1451
f 1451 1450 1452
f 1448 1451 1449
f 1452 1453 1454
f 1451 1452 1454
f 1440 1455 1446
f 1440 1443 1455
f 1455 1456 1457
f 1446 1458 1380
f 1459 1380 1458
f 1446 1455 1458
f 1459 1458 1460
f 1455 1457 1458
f 1457 1460 1458
f 1439 1443 1440
f 1444 1456 1443
f 1455 1443 1456
f 1461 1462 1453
f 1461 1463 1464
f 1465 1464 1463
f 1375 1466 1407
f 1375 1372 1466
f 1372 1467 1466
f 1466 1467 1468
f 1467 1469 1468
f 1469 1470 1471
f 1300 1375 1407
f 1407 1466 1408
f 1408 1468 1410
f 1408 1466 1468
f 1410 1468 1471
f 1469 1471 1468
f 1402 1412 1441
f 1412 1472 1441
f 1412 1414 1472
f 1445 1441 1472
f 1470 1473 1474
f 1410 1471 1416
f 1416 1471 1475
f 1416 1475 1476
f 1475 1477 1476
f 1470 1475 1471
f 1470 1474 1475
f 1475 1474 1477
f 1477 1474 1478
f 1474 1479 1478
f 1372 1373 1467
f 1467 1373 1447
f 1467 1447 1469
f 1469 1447 1449
f 1451 1473 1449
f 1469 1449 1470
f 1470 1449 1473
f 1451 1454 1473
f 1473 1454 1479
f 1479 1454 1462
f 1474 1473 1479
f 1479 1462 1480
f 1462 1481 1480
f 1453 1462 1454
f 1461 1481 1462
f 1461 1464 1481
f 1478 1479 1480
f 1445 1482 1444
f 1444 1482 1483
f 1484 1485 1486
f 1484 1487 1488
f 1489 1488 1487
f 1490 1491 1492
f 1493 1489 1494
f 1493 1495 1492
f 1490 1496 1491
f 1490 1492 1495
f 1490 1495 1496
f 1497 1491 1498
f 1499 1498 1500
f 1501 1491 1497
f 1460 1502 1503
f 1503 1502 1504
f 1505 1506 1501
f 1457 1507 1460
f 1460 1507 1502
f 1502 1508 1504
f 1509 1506 1504
f 1510 1497 1499
f 1505 1501 1497
f 1501 1506 1509
f 1508 1509 1504
f 1499 1497 1498
f 1499 1500 1511
f 1512 1513 1514
f 1514 1515 1516
f 1444 1483 1456
f 1483 1485 1456
f 1484 1507 1485
f 1457 1456 1485
f 1457 1485 1507
f 1502 1507 1488
f 1483 1486 1485
f 1484 1488 1507
f 1501 1492 1491
f 1493 1492 1509
f 1493 1509 1508
f 1502 1488 1508
f 1501 1509 1492
f 1511 1500 1517
f 1513 1517 1518
f 1489 1508 1488
f 1493 1508 1489
f 1514 1518 1519
f 1514 1519 1515
f 1515 1519 1520
f 1515 1520 1521
f 1522 1523 1524
f 1525 1526 1527
f 1465 1525 1527
f 1523 1528 1529
f 1511 1517 1513
f 1513 1518 1514
f 1515 1521 1530
f 1522 1528 1523
f 1522 1524 1521
f 1496 1498 1491
f 1531 1500 1498
f 1532 1517 1500
f 1533 1518 1517
f 1496 1531 1498
f 1531 1532 1500
f 1445 1472 1534
f 1472 1535 1534
f 1414 1535 1472
f 1414 1419 1535
f 1419 1427 1535
f 1535 1536 1534
f 1535 1427 1536
f 1537 1538 1536
f 1534 1536 1539
f 1539 1540 1541
f 1536 1538 1539
f 1539 1538 1540
f 1445 1534 1482
f 1534 1539 1482
f 1483 1482 1541
f 1539 1541 1482
f 1486 1541 1542
f 1486 1542 1543
f 1483 1541 1486
f 1484 1486 1543
f 1484 1543 1487
f 1541 1540 1542
f 1477 1544 1476
f 1477 1545 1544
f 1477 1478 1545
f 1546 1545 1547
f 1427 1428 1537
f 1427 1537 1536
f 1546 1547 1548
f 1546 1548 1549
f 1548 1550 1549
f 1478 1480 1547
f 1547 1480 1551
f 1551 1552 1553
f 1478 1547 1545
f 1547 1551 1548
f 1548 1551 1553
f 1553 1554 1555
f 1553 1552 1554
f 1556 1557 1558
f 1556 1558 1559
f 1554 1557 1560
f 1556 1560 1557
f 1548 1553 1550
f 1553 1555 1550
f 1554 1560 1555
f 1538 29 1540
f 1540 31 1542
f 1540 29 28
f 1542 31 30
f 1540 28 31
f 1489 1487 26
f 1543 22 1487
f 1489 26 1494
f 1487 24 26
f 1487 22 24
f 1494 26 25
f 1493 1494 1495
f 1496 1495 39
f 1496 39 1531
f 1494 39 1495
f 1494 25 39
f 1531 39 1532
f 1532 39 1533
f 1533 39 40
f 1543 1542 33
f 1543 27 23
f 1543 23 22
f 1543 32 27
f 1543 33 32
f 1542 30 33
f 1561 44 1562
f 1563 1562 57
f 1520 46 47
f 1520 47 48
f 1520 48 49
f 1561 49 50
f 1561 50 44
f 1562 44 43
f 1562 43 57
f 1537 8 1538
f 1538 8 34
f 1428 10 1537
f 1537 10 37
f 1428 11 10
f 1537 37 36
f 1537 35 8
f 1537 36 35
f 1538 34 29
f 1428 12 11
f 1555 53 52
f 1555 52 56
f 1550 1555 89
f 1555 55 89
f 1555 56 55
f 1556 62 65
f 1563 59 1559
f 1556 1559 62
f 1559 60 61
f 1559 59 60
f 1559 61 62
f 1563 57 58
f 1563 58 59
f 1555 1560 53
f 1560 63 53
f 1560 64 63
f 1556 64 1560
f 1556 65 64
f 1551 1480 1481
f 1551 1481 1552
f 1554 1552 1564
f 1464 1552 1481
f 1464 1564 1552
f 1557 1564 1527
f 1522 1561 1562
f 1526 1565 1558
f 1521 1520 1561
f 1522 1521 1561
f 1522 1562 1528
f 1554 1564 1557
f 1563 1528 1562
f 1563 1565 1528
f 1559 1558 1565
f 1563 1559 1565
f 1558 1557 1527
f 1465 1564 1464
f 1465 1527 1564
f 1526 1529 1565
f 1526 1558 1527
f 1529 1528 1565
f 1518 40 1519
f 1519 46 1520
f 1532 1533 1517
f 1533 40 1518
f 1519 40 41
f 1519 41 45
f 1519 45 46
f 1561 1520 49
f 992 995 996
f 994 996 1010
f 1006 1010 1011
f 1007 1011 1013
f 1008 1013 1125
f 998 1566 995
f 998 1567 1566
f 998 999 1567
f 995 1568 996
f 999 1569 1567
f 996 1568 1570
f 996 1570 1010
f 1569 1134 1571
f 995 1566 1568
f 1566 1567 1572
f 1569 1573 1567
f 1566 1574 1568
f 1568 1575 1570
f 1567 1573 1572
f 1566 1572 1574
f 1573 1571 1576
f 1569 1571 1573
f 1577 1578 1571
f 1568 1574 1575
f 999 1012 1569
f 1012 1134 1569
f 1135 1577 1134
f 1010 1570 1579
f 1010 1579 1011
f 1135 1136 1580
f 1011 1581 1013
f 1011 1579 1581
f 1013 1581 1582
f 1134 1577 1571
f 1135 1580 1577
f 1580 1136 1146
f 1580 1146 1583
f 1570 1584 1579
f 1581 1579 1585
f 1577 1580 1586
f 1570 1575 1584
f 1579 1584 1585
f 1581 1585 1587
f 1585 1584 1588
f 1571 1578 1576
f 1146 1589 1583
f 1589 1590 1591
f 1580 1583 1586
f 1577 1586 1578
f 1586 1583 1592
f 1589 1591 1583
f 1585 1588 1593
f 1583 1591 1592
f 1591 1594 1592
f 1590 1595 1591
f 1591 1595 1594
f 1573 1596 1572
f 1572 1597 1574
f 1574 1598 1575
f 1575 1599 1584
f 1573 1576 1596
f 1576 1578 1600
f 1572 1596 1597
f 1576 1601 1596
f 1576 1600 1601
f 1596 1602 1597
f 1574 1597 1598
f 1578 1603 1600
f 1578 1586 1603
f 1597 1602 1604
f 1597 1604 1598
f 1603 1592 1605
f 1603 1606 1600
f 1603 1605 1606
f 1596 1601 1602
f 1600 1607 1601
f 1602 1601 1608
f 1600 1606 1607
f 1601 1607 1608
f 1602 1609 1604
f 1602 1608 1609
f 1575 1598 1599
f 1603 1586 1592
f 1598 1604 1610
f 1599 1598 1610
f 1584 1599 1588
f 1599 1611 1588
f 1599 1610 1611
f 1592 1594 1605
f 1610 1612 1611
f 1610 1613 1612
f 1604 1613 1610
f 1604 1609 1613
f 1013 1582 1125
f 1125 1582 1614
f 1582 1615 1614
f 1125 1614 1126
f 1126 1614 1148
f 1614 1616 1148
f 1147 1589 1146
f 1614 1615 1616
f 1616 1615 1617
f 1581 1587 1582
f 1582 1587 1615
f 1585 1593 1587
f 1587 1618 1615
f 1152 1148 1619
f 1148 1616 1619
f 1616 1620 1619
f 1152 1619 1155
f 1155 1619 1366
f 1147 1149 1589
f 1149 1590 1589
f 1149 1157 1590
f 1590 1157 1621
f 1157 1158 1622
f 1157 1622 1621
f 1587 1593 1618
f 1615 1618 1617
f 1618 1593 1623
f 1618 1623 1624
f 1590 1621 1595
f 1616 1617 1620
f 1619 1620 1366
f 1620 1625 1366
f 1620 1617 1626
f 1620 1626 1625
f 1622 1158 1163
f 1618 1624 1617
f 1626 1617 1624
f 1623 1627 1624
f 1623 1628 1627
f 1626 1624 1629
f 1624 1627 1629
f 1588 1630 1593
f 1588 1611 1630
f 1593 1630 1623
f 1611 1631 1630
f 1611 1612 1631
f 1630 1628 1623
f 1630 1631 1628
f 1366 1625 1367
f 1626 1632 1625
f 1626 1629 1632
f 1367 1625 1370
f 1370 1625 1632
f 1606 1633 1607
f 1606 1634 1633
f 1607 1633 1635
f 1605 1634 1606
f 1605 1636 1634
f 1634 1636 1637
f 1607 1635 1608
f 1608 1635 1638
f 1633 1634 1639
f 1633 1640 1635
f 1633 1639 1640
f 1634 1637 1639
f 1637 1641 1639
f 1594 1636 1605
f 1594 1642 1636
f 1642 1643 1636
f 1595 1642 1594
f 1595 1644 1642
f 1642 1644 1645
f 1642 1645 1643
f 1645 1646 1643
f 1645 1647 1646
f 1609 1638 1648
f 1608 1638 1609
f 1635 1649 1638
f 1613 1609 1648
f 1613 1648 1650
f 1638 1651 1648
f 1637 1636 1643
f 1637 1643 1652
f 1635 1640 1649
f 1637 1652 1641
f 1639 1653 1640
f 1639 1641 1653
f 1643 1646 1652
f 1638 1649 1651
f 1640 1654 1649
f 1640 1653 1654
f 1652 1655 1641
f 1646 1656 1652
f 1652 1656 1655
f 1646 1657 1656
f 1641 1658 1653
f 1641 1655 1658
f 1656 1659 1655
f 1622 1163 1660
f 1622 1661 1621
f 1622 1660 1661
f 1621 1661 1644
f 1595 1621 1644
f 1661 1662 1644
f 1660 1663 1661
f 1661 1663 1662
f 1663 1664 1665
f 1663 1665 1662
f 1163 1377 1660
f 1660 1377 1666
f 1377 1378 1666
f 1660 1666 1663
f 1666 1667 1664
f 1378 1667 1666
f 1378 1380 1667
f 1627 1628 1668
f 1629 1627 1669
f 1627 1668 1669
f 1670 1671 1668
f 1666 1664 1663
f 1671 1672 1673
f 1665 1664 1674
f 1665 1674 1675
f 1675 1676 1677
f 1667 1678 1664
f 1667 1380 1459
f 1667 1459 1678
f 1459 1503 1678
f 1679 1678 1503
f 1664 1678 1674
f 1679 1674 1678
f 1679 1676 1674
f 1675 1674 1676
f 1612 1680 1631
f 1612 1650 1680
f 1628 1631 1670
f 1631 1680 1670
f 1650 1681 1680
f 1645 1644 1662
f 1645 1662 1647
f 1662 1665 1647
f 1650 1682 1681
f 1682 1683 1684
f 1613 1650 1612
f 1648 1682 1650
f 1648 1651 1682
f 1649 1685 1651
f 1649 1654 1685
f 1682 1651 1683
f 1651 1685 1683
f 1628 1670 1668
f 1670 1680 1672
f 1672 1681 1686
f 1672 1680 1681
f 1682 1684 1681
f 1686 1681 1684
f 1670 1672 1671
f 1672 1686 1673
f 1647 1675 1657
f 1646 1647 1657
f 1647 1665 1675
f 1656 1657 1687
f 1656 1687 1659
f 1675 1677 1657
f 1677 1687 1657
f 1688 1658 1689
f 1690 1691 1692
f 1691 1685 1654
f 1691 1654 1692
f 1653 1692 1654
f 1653 1658 1692
f 1683 1685 1693
f 1691 1693 1685
f 1655 1659 1689
f 1655 1689 1658
f 1688 1692 1658
f 1694 1684 1683
f 1694 1683 1693
f 1686 1684 1695
f 1694 1695 1684
f 1690 1696 1691
f 1688 1690 1692
f 1696 1693 1691
f 1696 1697 1693
f 1694 1693 1697
f 1510 1687 1677
f 1510 1505 1497
f 1505 1676 1506
f 1679 1506 1676
f 1510 1499 1698
f 1698 1511 1699
f 1510 1677 1505
f 1505 1677 1676
f 1510 1698 1687
f 1659 1698 1699
f 1689 1699 1512
f 1688 1512 1516
f 1688 1516 1690
f 1687 1698 1659
f 1659 1699 1689
f 1688 1689 1512
f 1629 1700 1632
f 1632 1700 1450
f 1370 1632 1450
f 1700 1669 1701
f 1700 1701 1452
f 1701 1702 1703
f 1629 1669 1700
f 1668 1702 1669
f 1671 1704 1702
f 1668 1671 1702
f 1671 1673 1704
f 1701 1669 1702
f 1703 1702 1704
f 1700 1452 1450
f 1701 1453 1452
f 1701 1703 1453
f 1459 1460 1503
f 1686 1705 1673
f 1686 1695 1705
f 1673 1706 1704
f 1673 1705 1706
f 1694 1707 1695
f 1694 1697 1707
f 1708 1705 1695
f 1708 1695 1707
f 1703 1704 1463
f 1463 1704 1706
f 1461 1453 1703
f 1461 1703 1463
f 1465 1463 1706
f 1465 1706 1525
f 1525 1705 1708
f 1525 1706 1705
f 1679 1503 1504
f 1679 1504 1506
f 1512 1514 1516
f 1699 1513 1512
f 1515 1530 1516
f 1524 1523 1697
f 1698 1499 1511
f 1699 1511 1513
f 1690 1516 1530
f 1696 1530 1524
f 1696 1524 1697
f 1690 1530 1696
f 1523 1707 1697
f 1523 1529 1707
f 1521 1524 1530
f 1708 1707 1529
f 1708 1529 1526
f 1525 1708 1526
f 1389 1286 1709
f 1389 1709 1391
f 1288 1709 1286
f 1709 1403 1710
f 1709 1710 1391
f 1392 1391 1711
f 1391 1710 1711
f 1710 1712 1711
f 1710 1406 1712
f 1288 1403 1709
f 1710 1403 1406
f 1405 1713 1406
f 1712 1406 1713
f 1711 1712 1714
f 1711 1714 1397
f 1392 1711 1397
f 1714 1712 1715
f 1712 1713 1715
f 1714 1399 1397
f 1714 1716 1399
f 1714 1715 1716
f 1715 1717 1716
f 1715 1718 1717
f 1713 1409 1718
f 1715 1713 1718
f 1717 1718 1719
f 1404 1406 1403
f 1405 1409 1713
f 1718 1409 1417
f 1719 1417 1720
f 1718 1417 1719
f 1410 1417 1409
f 1416 1720 1417
f 1416 1476 1720
f 1716 1717 1721
f 1717 1722 1721
f 1716 1723 1399
f 1716 1721 1723
f 1418 1399 1723
f 1721 1724 1723
f 1717 1719 1722
f 1721 1722 1725
f 1719 1726 1722
f 1722 1726 1727
f 1721 1725 1724
f 1722 1727 1725
f 1418 1723 1423
f 1719 1720 1726
f 1720 1728 1726
f 1726 1728 1729
f 1723 1724 1423
f 1724 1725 1730
f 1724 1731 1423
f 1423 1731 1424
f 1724 1730 1731
f 1727 1726 1729
f 1725 1727 1732
f 1725 1732 1730
f 1727 1729 1733
f 1727 1733 1732
f 1729 1734 1733
f 1720 1476 1728
f 1476 1544 1728
f 1728 1544 1735
f 1735 1544 1736
f 1735 1736 1737
f 1736 1738 1737
f 1729 1728 1735
f 1729 1735 1734
f 1735 1737 1734
f 1730 1739 1731
f 1731 1739 1740
f 1730 1741 1739
f 1742 15 1741
f 1732 1733 1742
f 1730 1732 1741
f 1733 1734 1743
f 1732 1742 1741
f 1742 1743 15
f 1733 1743 1742
f 1743 1734 1744
f 1731 1740 1424
f 1424 1740 1431
f 1740 15 1431
f 1739 15 1740
f 1739 1741 15
f 1744 76 15
f 1737 1738 85
f 1738 86 85
f 1734 1737 1744
f 1743 1744 15
f 1744 1737 77
f 1744 77 76
f 1737 91 77
f 1737 85 92
f 1737 92 91
f 1545 1736 1544
f 1546 1736 1545
f 1546 1738 1736
f 1546 1549 1738
f 1549 87 84
f 1738 1549 83
f 1738 83 86
f 1549 84 83
f 1550 87 1549
f 1550 88 87
f 1550 89 88
f 1745 1746 1747
f 1746 1748 1747
f 1749 1745 1747
f 1750 1749 1747
f 1750 1747 1751
f 1751 1752 1753
f 1752 1754 1755
f 1752 1756 1754
f 1752 1757 1756
f 1752 1758 1757
f 1752 1759 1758
f 1760 1756 1757
f 1760 1757 1761
f 1751 1747 1752
f 1752 1747 1759
f 1746 1762 1748
f 1745 1763 1746
f 1749 1764 1745
f 1750 1765 1749
f 1750 1766 1767
f 1750 1767 1768
f 1750 1769 1770
f 1750 1768 1769
f 1750 1751 1771
f 1751 1772 1773
f 1751 1774 1775
f 1751 1773 1774
f 1750 1771 1766
f 1751 1776 1771
f 1751 1777 1776
f 1751 1775 1777
f 1751 1753 1778
f 1751 1778 1772
f 1752 1779 1753
f 1752 1780 1779
f 1752 1781 1780
f 1752 1755 1781
f 1750 1770 1782
f 1782 1770 1783
f 1782 1783 1784
f 1782 1784 1785
f 1786 1787 1788
f 1782 1785 1789
f 1786 1789 1790
f 1786 1790 1791
f 1786 1791 1792
f 1786 1792 1793
f 1786 1793 1794
f 1786 1794 1787
f 1795 1796 1797
f 1798 1799 1800
f 1798 1797 1799
f 1786 1788 1801
f 1786 1801 1802
f 1795 1802 1803
f 1795 1803 1804
f 1795 1804 1805
f 1795 1805 1806
f 1795 1807 1808
f 1795 1806 1809
f 1795 1809 1807
f 1795 1808 1796
f 1745 1764 1763
f 1746 1763 1762
f 1749 1765 1764
f 1750 1782 1765
f 1782 1789 1786
f 1786 1802 1795
f 1795 1797 1798
f 1763 1810 1762
f 1764 1811 1763
f 1765 1812 1764
f 1782 1813 1765
f 1782 1786 1814
f 1786 1795 1815
f 1795 1798 1816
f 1765 1813 1812
f 1764 1812 1811
f 1763 1811 1810
f 1782 1814 1813
f 1811 1817 1810
f 1786 1815 1814
f 1795 1816 1815
f 1816 1798 1818
f 1813 1817 1812
f 1811 1812 1817
f 1814 1817 1813
f 1814 1815 1817
f 1816 1817 1815
f 1816 1818 1817
f 1819 1820 1821
f 1747 1821 1759
f 1819 1821 1747
f 1819 1747 1822
f 1822 1747 1823
f 1823 1747 1824
f 1824 1747 1825
f 1825 1747 1826
f 1798 1827 1828
f 1798 1829 1830
f 1798 1828 1829
f 1798 1831 1832
f 1798 1832 1827
f 1798 1833 1831
f 1798 1800 1833
f 1834 1835 1836
f 1834 1830 1835
f 1834 1836 1820
f 1819 1834 1820
f 1819 1822 1837
f 1822 1823 1838
f 1823 1824 1839
f 1824 1825 1840
f 1825 1826 1841
f 1798 1830 1834
f 1819 1837 1834
f 1822 1838 1837
f 1823 1839 1838
f 1824 1840 1839
f 1825 1841 1840
f 1841 1826 1842
f 1798 1834 1818
f 1834 1837 1843
f 1837 1838 1844
f 1838 1839 1845
f 1839 1840 1846
f 1834 1843 1818
f 1837 1844 1843
f 1818 1843 1817
f 1843 1844 1817
f 1844 1845 1817
f 1845 1846 1817
f 1846 1847 1817
f 1847 1848 1817
f 1838 1845 1844
f 1839 1846 1845
f 1846 1840 1847
f 1847 1841 1848
f 1848 1842 1849
f 1848 1849 1817
f 1847 1840 1841
f 1841 1842 1848
f 1748 1850 1747
f 1850 1851 1747
f 1851 1852 1747
f 1852 1853 1747
f 1853 1854 1747
f 1854 1855 1747
f 1747 1855 1856
f 1854 1857 1855
f 1748 1858 1850
f 1850 1859 1851
f 1851 1860 1852
f 1852 1861 1853
f 1853 1862 1854
f 1854 1863 1857
f 1863 1864 1857
f 1863 1865 1864
f 1863 1866 1865
f 1867 1868 1866
f 1867 1869 1868
f 1867 1870 1869
f 1867 1871 1870
f 1867 1872 1871
f 1867 1873 1872
f 1867 1874 1873
f 1748 1762 1858
f 1850 1858 1859
f 1851 1859 1860
f 1852 1860 1861
f 1853 1861 1862
f 1854 1862 1863
f 1863 1867 1866
f 1762 1875 1858
f 1858 1876 1859
f 1859 1877 1860
f 1878 1861 1860
f 1879 1862 1861
f 1862 1880 1863
f 1863 1881 1867
f 1762 1810 1875
f 1858 1875 1876
f 1859 1876 1877
f 1877 1878 1860
f 1878 1879 1861
f 1810 1817 1875
f 1879 1880 1862
f 1863 1880 1881
f 1875 1817 1876
f 1876 1817 1877
f 1877 1817 1878
f 1878 1817 1879
f 1879 1817 1880
f 1880 1817 1881
f 1747 1856 1882
f 1747 1882 1883
f 1884 1885 1886
f 1882 1856 1887
f 1882 1887 1886
f 1882 1886 1888
f 1888 1886 1885
f 1882 1888 1889
f 1882 1889 1890
f 1882 1891 1883
f 1747 1883 1892
f 1747 1892 1893
f 1747 1893 1894
f 1747 1895 1826
f 1747 1894 1895
f 1882 1890 1896
f 1882 1896 1897
f 1882 1897 1898
f 1882 1898 1891
f 1883 1891 1899
f 1883 1899 1900
f 1883 1901 1902
f 1883 1902 1903
f 1883 1900 1901
f 1883 1904 1892
f 1883 1905 1906
f 1883 1903 1905
f 1883 1906 1904
f 1892 1904 1907
f 1892 1908 1909
f 1892 1907 1908
f 1892 1909 1910
f 1892 1910 1911
f 1867 1912 1874
f 1867 1913 1912
f 1914 1915 1913
f 1914 1916 1915
f 1914 1917 1916
f 1914 1918 1917
f 1914 1919 1918
f 1914 1920 1919
f 1914 1921 1920
f 1914 1922 1921
f 1914 1923 1922
f 1924 1925 1923
f 1924 1926 1925
f 1892 1911 1927
f 1924 1928 1926
f 1924 1929 1928
f 1924 1930 1929
f 1924 1931 1930
f 1924 1932 1931
f 1924 1933 1932
f 1924 1934 1933
f 1927 1935 1934
f 1927 1911 1936
f 1927 1937 1935
f 1927 1936 1937
f 1893 1892 1938
f 1894 1893 1939
f 1895 1894 1940
f 1826 1895 1842
f 1867 1914 1913
f 1914 1924 1923
f 1892 1927 1938
f 1924 1927 1934
f 1893 1938 1939
f 1895 1940 1842
f 1894 1939 1940
f 1867 1941 1914
f 1942 1924 1914
f 1943 1927 1924
f 1944 1938 1927
f 1945 1939 1938
f 1867 1881 1941
f 1942 1914 1941
f 1942 1943 1924
f 1817 1941 1881
f 1817 1942 1941
f 1817 1943 1942
f 1817 1944 1943
f 1817 1946 1945
f 1817 1945 1944
f 1944 1927 1943
f 1940 1946 1849
f 1945 1946 1939
f 1945 1938 1944
f 1817 1849 1946
f 1940 1939 1946
f 1842 1940 1849
f 1947 1948 1949
f 1949 1948 1950
f 1947 1951 1952
f 1949 1953 1951
f 1947 1949 1951
f 1947 1954 1948
f 1947 1952 1955
f 1947 1955 1954
f 1949 1950 1956
f 1956 1950 1957
f 1949 1956 1953
f 1956 1957 1958
f 1959 1960 1961
f 1959 1962 1960
f 1962 1963 1964
f 1959 1961 1965
f 1959 1856 1962
f 1960 1962 1964
f 1961 1966 1965
f 1959 1965 1856
f 1965 1966 1967
f 1967 1968 1969
f 1966 1968 1967
f 1962 1856 1963
f 1963 1855 1857
f 1963 1857 1970
f 1963 1970 1964
f 1970 1857 1864
f 1970 1864 1865
f 1970 1865 1866
f 1965 1967 1856
f 1963 1856 1855
f 1967 1969 1856
f 1969 1971 1856
f 1969 1972 1971
f 1968 1972 1969
f 1970 1866 1973
f 1973 1866 1868
f 1960 1952 1961
f 1960 1974 1952
f 1961 1952 1951
f 1961 1951 1966
f 1952 1974 1955
f 1960 1964 1974
f 1966 1951 1953
f 1953 1956 1975
f 1966 1953 1968
f 1968 1953 1975
f 1968 1975 1972
f 1955 1976 1954
f 1974 1977 1955
f 1955 1977 1976
f 1956 1958 1975
f 1974 1964 1978
f 1964 1970 1978
f 1974 1978 1977
f 1970 1979 1978
f 1970 1973 1979
f 1978 1979 1980
f 1976 1977 1981
f 1978 1980 1977
f 1977 1980 1981
f 1948 1982 1950
f 1950 1982 1983
f 1948 1984 1982
f 1950 1983 1957
f 1983 1985 1957
f 1982 1986 1983
f 1982 1987 1986
f 1983 1988 1985
f 1986 1988 1983
f 1988 1989 1985
f 1948 1954 1984
f 1982 1984 1987
f 1984 1990 1987
f 1986 1991 1988
f 1986 1992 1991
f 1988 1991 1993
f 1988 1993 1989
f 1991 1994 1993
f 1993 1994 1995
f 1994 1996 1995
f 1991 1997 1994
f 1994 1998 1996
f 1986 1987 1992
f 1991 1992 1997
f 1987 1999 1992
f 1994 1997 1998
f 1954 2000 1984
f 1954 1976 2000
f 1984 2000 1990
f 1976 2001 2000
f 1976 1981 2001
f 2000 2002 1990
f 1987 1990 1999
f 1992 2003 1997
f 1973 1868 1869
f 1973 1869 2004
f 2004 1869 1870
f 2004 1870 1871
f 2005 1871 1872
f 2004 1871 2005
f 2005 1872 1873
f 1973 2006 1979
f 1973 2004 2006
f 1979 2006 2007
f 1979 2007 1980
f 1957 2008 1958
f 1971 2009 1887
f 1972 2009 1971
f 1971 1887 1856
f 2009 1886 1887
f 2009 1884 1886
f 2009 2010 1884
f 2010 1885 1884
f 2010 1888 1885
f 2010 2011 1888
f 1975 2012 1972
f 1975 1958 2012
f 1958 2008 2013
f 2013 2008 2014
f 1958 2013 2012
f 2013 2014 2015
f 1972 2012 2009
f 2009 2016 2010
f 2012 2016 2009
f 2012 2013 2016
f 2016 2015 2017
f 2010 2016 2017
f 2010 2017 2011
f 2011 2017 2018
f 2017 2019 2018
f 2013 2015 2016
f 2014 2020 2015
f 2015 2020 2019
f 2015 2019 2017
f 2019 2020 2021
f 1957 1985 2008
f 1985 2022 2008
f 1985 1989 2022
f 1989 2023 2022
f 2022 2023 2024
f 1993 1995 2025
f 1993 2025 1989
f 1996 2026 1995
f 1995 2026 2027
f 1995 2027 2025
f 2027 2026 2028
f 1989 2025 2023
f 2025 2029 2023
f 2025 2027 2029
f 2023 2029 2030
f 2027 2031 2029
f 2027 2028 2031
f 2031 2028 2032
f 2029 2031 2033
f 2031 2032 2034
f 2008 2022 2014
f 2022 2024 2014
f 2014 2024 2020
f 2024 2035 2020
f 2023 2030 2024
f 2024 2030 2035
f 2000 2001 2002
f 2030 2036 2035
f 2020 2035 2021
f 2035 2037 2021
f 2035 2036 2037
f 2036 2038 2037
f 1992 1999 2003
f 1997 2039 1998
f 1997 2003 2039
f 1990 2040 1999
f 1990 2002 2040
f 1999 2040 2041
f 1999 2041 2003
f 2003 2042 2039
f 2003 2041 2042
f 2030 2029 2033
f 2030 2033 2036
f 2033 2043 2036
f 2033 2034 2043
f 2031 2034 2033
f 2034 2032 2044
f 2034 2044 2045
f 2036 2043 2038
f 2038 2043 2046
f 2043 2045 2046
f 2034 2045 2043
f 2045 2044 2047
f 2045 2048 2046
f 2045 2047 2048
f 2048 2047 2049
f 2011 1889 1888
f 2050 1873 1874
f 2005 1873 2050
f 2050 1874 1912
f 2050 1912 1913
f 2050 1913 1915
f 2011 1890 1889
f 2051 1896 1890
f 2011 2051 1890
f 2051 1897 1896
f 2051 1898 1897
f 2051 1891 1898
f 2052 1899 1891
f 2051 2052 1891
f 2052 1900 1899
f 2053 1915 1916
f 2050 1915 2053
f 2053 1916 1917
f 2054 1917 1918
f 2053 1917 2054
f 2054 1918 1919
f 2055 1922 1923
f 2055 1923 1925
f 2056 1919 1920
f 2056 1920 1921
f 2056 1921 1922
f 2054 1919 2056
f 2056 1922 2055
f 2057 1901 1900
f 2057 1902 1901
f 2058 1903 1902
f 2052 2057 1900
f 2057 2058 1902
f 2058 1905 1903
f 2059 1906 1905
f 2059 1904 1906
f 2059 1907 1904
f 2059 1908 1907
f 2058 2059 1905
f 2060 1925 1926
f 2060 1926 1928
f 2061 1928 1929
f 2061 1929 1930
f 2062 1930 1931
f 2062 1931 1932
f 2062 1932 1933
f 2055 1925 2060
f 2060 1928 2061
f 2063 1911 1910
f 2064 1909 1908
f 2064 1910 1909
f 2063 1910 2065
f 2059 2064 1908
f 2064 2065 1910
f 2063 1936 1911
f 2063 2066 1936
f 2067 1937 1936
f 2067 1936 2068
f 2068 1936 2069
f 2063 2070 2066
f 2066 2071 1936
f 2069 1936 2071
f 2004 2005 2072
f 2004 2072 2006
f 2006 2072 2073
f 2011 2018 2051
f 2051 2018 2074
f 1980 2075 1981
f 1980 2007 2075
f 2006 2073 2007
f 2007 2076 2075
f 2005 2050 2077
f 2005 2077 2072
f 2050 2053 2078
f 2050 2078 2077
f 2072 2077 2079
f 2053 2054 2080
f 2053 2080 2078
f 2054 2056 2081
f 2054 2081 2080
f 2077 2078 2082
f 2072 2079 2073
f 2007 2073 2076
f 2077 2082 2079
f 2073 2079 2083
f 2073 2083 2076
f 2051 2074 2052
f 2018 2084 2074
f 2052 2085 2057
f 2052 2074 2085
f 2057 2085 2086
f 2074 2087 2085
f 2018 2019 2084
f 2019 2021 2084
f 2084 2021 2088
f 2084 2087 2074
f 2084 2088 2087
f 2087 2088 2089
f 2057 2086 2058
f 2058 2090 2059
f 2058 2086 2090
f 2085 2091 2086
f 2059 2092 2064
f 2059 2090 2092
f 2086 2093 2090
f 2085 2087 2091
f 2087 2089 2091
f 2086 2091 2093
f 2061 1930 2062
f 2094 1933 1934
f 2094 1934 1935
f 2094 1935 1937
f 2067 2095 1937
f 2067 2068 2096
f 2062 1933 2094
f 2094 1937 2095
f 2056 2055 2097
f 2056 2097 2081
f 2055 2060 2098
f 2055 2098 2097
f 2078 2080 2099
f 2080 2081 2100
f 2060 2061 2101
f 2060 2101 2098
f 2061 2062 2102
f 2061 2102 2101
f 2081 2097 2103
f 2078 2099 2082
f 2079 2082 2104
f 2079 2104 2083
f 2080 2100 2099
f 2082 2099 2105
f 2082 2105 2104
f 2097 2098 2106
f 2081 2103 2100
f 2097 2106 2103
f 2099 2100 2107
f 2099 2107 2105
f 2066 2108 2071
f 2066 2109 2108
f 2108 2110 2071
f 2063 2065 2070
f 2066 2070 2109
f 2108 2109 2110
f 2064 2111 2065
f 2064 2092 2111
f 2090 2112 2092
f 2091 2089 2113
f 2091 2113 2093
f 2068 2069 2114
f 2069 2071 2115
f 2067 2096 2095
f 2068 2114 2096
f 2069 2115 2114
f 2071 2110 2115
f 2065 2116 2070
f 2065 2111 2116
f 2062 2094 2117
f 2062 2117 2102
f 2094 2095 2118
f 2094 2118 2117
f 2070 2119 2109
f 2070 2116 2119
f 2109 2120 2110
f 2092 2121 2111
f 2095 2096 2122
f 2096 2114 2123
f 2109 2119 2120
f 2111 2124 2116
f 2090 2093 2112
f 2092 2112 2121
f 2093 2113 2125
f 2093 2125 2112
f 2111 2121 2124
f 2112 2126 2121
f 2112 2125 2126
f 2098 2101 2127
f 2101 2102 2128
f 2095 2122 2118
f 2096 2123 2122
f 2102 2117 2129
f 2098 2127 2106
f 2100 2103 2130
f 2100 2130 2107
f 2101 2128 2127
f 2110 2131 2115
f 2114 2115 2132
f 2110 2120 2131
f 2114 2132 2123
f 2115 2131 2132
f 2116 2133 2119
f 2119 2134 2120
f 2117 2118 2135
f 2118 2122 2136
f 2120 2137 2131
f 2131 2138 2132
f 2116 2124 2133
f 2121 2139 2124
f 2121 2126 2139
f 2119 2133 2134
f 2120 2134 2137
f 2124 2140 2133
f 2124 2139 2140
f 1981 2141 2001
f 1981 2075 2141
f 2001 2141 2142
f 2001 2142 2002
f 2075 2143 2141
f 2075 2076 2143
f 2076 2144 2143
f 2141 2143 2145
f 2141 2145 2142
f 2021 2037 2088
f 2037 2146 2088
f 2088 2146 2089
f 2037 2038 2146
f 2143 2147 2145
f 2002 2148 2040
f 2002 2142 2148
f 2040 2148 2149
f 2040 2149 2041
f 2041 2150 2042
f 2142 2151 2148
f 2041 2149 2150
f 2142 2145 2151
f 2148 2151 2152
f 2148 2152 2149
f 2149 2153 2150
f 2149 2152 2153
f 2076 2083 2144
f 2083 2104 2154
f 2083 2154 2144
f 2143 2144 2147
f 2144 2154 2155
f 2144 2155 2147
f 2104 2105 2156
f 2104 2156 2154
f 2154 2157 2155
f 2145 2158 2151
f 2145 2147 2158
f 2151 2158 2159
f 2147 2160 2158
f 2151 2159 2152
f 2152 2161 2153
f 2152 2159 2161
f 2147 2155 2160
f 2038 2162 2146
f 2146 2163 2089
f 2089 2163 2113
f 2113 2163 2164
f 2146 2162 2163
f 2162 2165 2163
f 2163 2165 2164
f 2038 2046 2162
f 2046 2048 2166
f 2046 2166 2162
f 2048 2049 2167
f 2048 2167 2166
f 2167 2049 2168
f 2162 2166 2165
f 2165 2166 2169
f 2166 2167 2169
f 2165 2169 2170
f 2167 2171 2169
f 2167 2168 2171
f 2169 2171 2172
f 2171 2168 2173
f 2171 2173 2174
f 2113 2164 2125
f 2125 2164 2175
f 2165 2170 2164
f 2105 2107 2176
f 2105 2176 2156
f 2154 2156 2157
f 2125 2175 2126
f 2164 2170 2175
f 2170 2177 2175
f 2126 2175 2178
f 2126 2178 2139
f 2139 2178 2179
f 2175 2177 2178
f 2178 2180 2179
f 2177 2180 2178
f 2158 2181 2159
f 2159 2182 2161
f 2158 2160 2181
f 2155 2183 2160
f 2155 2157 2183
f 2160 2183 2184
f 2159 2181 2182
f 2160 2184 2181
f 2181 2185 2182
f 2181 2184 2185
f 2169 2172 2170
f 2170 2172 2177
f 2177 2172 2186
f 2172 2174 2186
f 2171 2174 2172
f 2173 2187 2174
f 2174 2188 2186
f 2174 2187 2188
f 2177 2186 2180
f 2188 2187 2189
f 2186 2188 2190
f 2186 2190 2180
f 2188 2189 2191
f 2188 2191 2190
f 2191 2189 2192
f 1996 2193 2026
f 2026 2193 2194
f 1996 2195 2193
f 2026 2194 2028
f 2194 2196 2028
f 2193 2197 2194
f 2193 2198 2197
f 2194 2197 2199
f 2194 2199 2196
f 2197 2200 2199
f 2199 2201 2202
f 1996 1998 2195
f 2028 2196 2032
f 2193 2195 2198
f 2199 2202 2196
f 2197 2198 2203
f 2196 2204 2032
f 2196 2202 2204
f 2202 2205 2204
f 2202 2206 2205
f 2199 2200 2201
f 2200 2207 2201
f 2197 2203 2200
f 2200 2203 2208
f 2201 2207 2209
f 2200 2208 2207
f 2202 2201 2206
f 2201 2209 2206
f 2205 2206 2210
f 2206 2211 2210
f 2207 2212 2209
f 2209 2212 2213
f 2209 2211 2206
f 2207 2214 2212
f 2209 2213 2211
f 2211 2213 2215
f 1998 2216 2195
f 1998 2039 2216
f 2195 2217 2198
f 2195 2216 2217
f 2198 2217 2218
f 2039 2219 2216
f 2039 2042 2219
f 2032 2204 2044
f 2204 2220 2044
f 2044 2220 2047
f 2204 2205 2220
f 2205 2221 2220
f 2205 2210 2221
f 2216 2222 2217
f 2216 2219 2222
f 2217 2222 2223
f 2198 2218 2203
f 2203 2218 2224
f 2207 2208 2214
f 2203 2224 2208
f 2208 2225 2214
f 2210 2211 2226
f 2211 2215 2226
f 2226 2215 2227
f 2217 2223 2218
f 2218 2223 2228
f 2208 2224 2225
f 2218 2228 2224
f 2224 2229 2225
f 2224 2228 2229
f 2220 2221 2230
f 2221 2231 2232
f 2220 2230 2047
f 2047 2230 2049
f 2230 2233 2049
f 2221 2232 2230
f 2230 2232 2233
f 2232 2234 2233
f 2232 2235 2234
f 2210 2226 2231
f 2210 2231 2221
f 2226 2236 2231
f 2226 2227 2236
f 2236 2227 2237
f 2231 2235 2232
f 2231 2236 2235
f 2234 2235 2238
f 2235 2239 2238
f 2236 2239 2235
f 2236 2237 2239
f 2239 2237 2240
f 2239 2240 2241
f 2239 2241 2238
f 2241 2240 2242
f 2212 2243 2213
f 2213 2243 2244
f 2213 2244 2215
f 2212 2214 2245
f 2212 2245 2243
f 2215 2246 2227
f 2215 2244 2246
f 2243 2247 2244
f 2244 2247 2248
f 2243 2249 2247
f 2244 2248 2246
f 2247 2250 2248
f 2243 2245 2249
f 2247 2249 2251
f 2214 2225 2252
f 2214 2252 2245
f 2225 2253 2252
f 2245 2252 2254
f 2245 2254 2249
f 2248 2250 2255
f 2247 2251 2250
f 2227 2256 2237
f 2246 2256 2227
f 2256 2257 2237
f 2246 2248 2258
f 2246 2258 2256
f 2256 2258 2259
f 2248 2255 2258
f 2258 2260 2259
f 2256 2259 2257
f 2237 2257 2240
f 2257 2261 2240
f 2252 2262 2254
f 2249 2254 2263
f 2259 2264 2257
f 2257 2264 2261
f 2259 2265 2264
f 2264 2266 2267
f 2264 2267 2261
f 2240 2261 2242
f 2261 2268 2242
f 2261 2267 2268
f 2267 2269 2268
f 2267 2270 2269
f 2258 2255 2260
f 2250 2271 2255
f 2255 2271 2272
f 2255 2272 2260
f 2260 2272 2273
f 2259 2260 2265
f 2271 2274 2272
f 2274 2275 2272
f 2272 2275 2273
f 2250 2251 2276
f 2250 2276 2271
f 2249 2263 2251
f 2251 2263 2277
f 2251 2277 2276
f 2264 2265 2266
f 2260 2273 2265
f 2265 2273 2278
f 2265 2278 2266
f 2266 2278 2279
f 2271 2280 2274
f 2271 2276 2280
f 2274 2281 2275
f 2275 2281 2282
f 2274 2283 2281
f 2274 2280 2283
f 2276 2284 2280
f 2276 2277 2284
f 2275 2285 2273
f 2273 2285 2278
f 2285 2286 2278
f 2278 2286 2279
f 2286 2287 2279
f 2275 2282 2285
f 2285 2288 2286
f 2285 2282 2288
f 2281 2289 2282
f 2281 2283 2290
f 2281 2290 2289
f 2282 2291 2288
f 2282 2289 2291
f 2286 2288 2292
f 2286 2292 2287
f 2288 2293 2292
f 2288 2291 2293
f 2277 2294 2284
f 2280 2284 2295
f 2280 2295 2283
f 2283 2295 2296
f 2284 2297 2295
f 2283 2296 2290
f 2296 2295 2298
f 2295 2297 2298
f 2267 2266 2270
f 2269 2270 2299
f 2266 2279 2270
f 2270 2279 2300
f 2270 2300 2299
f 2300 2301 2299
f 2299 2301 2302
f 2292 2303 2287
f 2292 2304 2303
f 2292 2293 2304
f 2279 2287 2300
f 2287 2305 2300
f 2300 2305 2301
f 2305 2306 2301
f 2287 2303 2305
f 2305 2303 2307
f 2303 2308 2307
f 2303 2304 2308
f 2289 2309 2291
f 2291 2309 2293
f 2289 2290 2309
f 2297 2310 2298
f 2290 2296 2309
f 2305 2307 2306
f 2308 2311 2307
f 2293 2309 2304
f 2307 2311 2312
f 2304 2309 2308
f 2311 2313 2312
f 2308 2309 2311
f 2307 2312 2306
f 2296 2298 2309
f 2298 2310 2309
f 2313 2314 2312
f 2311 2309 2313
f 2301 2306 2315
f 2306 2316 2315
f 2306 2312 2316
f 2312 2314 2316
f 2313 2317 2314
f 2313 2309 2317
f 2317 2309 2318
f 2317 2319 2314
f 2317 2318 2319
f 2318 2309 2320
f 2320 2309 2321
f 2318 2320 2322
f 2042 2323 2219
f 2042 2150 2323
f 2219 2324 2222
f 2219 2323 2324
f 2222 2324 2325
f 2150 2153 2326
f 2150 2326 2323
f 2323 2327 2324
f 2323 2326 2327
f 2222 2325 2223
f 2223 2325 2328
f 2223 2328 2228
f 2049 2233 2168
f 2233 2329 2168
f 2233 2234 2329
f 2324 2327 2330
f 2326 2331 2327
f 2234 2238 2332
f 2234 2332 2329
f 2168 2329 2173
f 2329 2333 2173
f 2173 2333 2187
f 2329 2332 2333
f 2332 2334 2333
f 2332 2335 2334
f 2333 2334 2336
f 2334 2337 2338
f 2228 2339 2229
f 2228 2328 2339
f 2324 2330 2325
f 2325 2330 2340
f 2327 2341 2330
f 2325 2340 2328
f 2328 2342 2339
f 2328 2340 2342
f 2330 2343 2340
f 2340 2344 2342
f 2340 2343 2344
f 2238 2241 2335
f 2238 2335 2332
f 2335 2345 2337
f 2241 2242 2345
f 2241 2345 2335
f 2345 2242 2346
f 2345 2346 2347
f 2347 2346 2348
f 2334 2335 2337
f 2345 2347 2337
f 2153 2161 2349
f 2153 2349 2326
f 2161 2350 2349
f 2326 2349 2331
f 2327 2331 2341
f 2349 2351 2331
f 2349 2350 2351
f 2331 2351 2352
f 2161 2182 2350
f 2182 2353 2350
f 2333 2336 2187
f 2334 2338 2336
f 2182 2185 2353
f 2350 2354 2351
f 2351 2354 2355
f 2350 2353 2354
f 2353 2356 2354
f 2354 2356 2357
f 2330 2341 2343
f 2331 2352 2341
f 2341 2352 2358
f 2341 2358 2343
f 2344 2343 2359
f 2343 2358 2359
f 2358 2352 2360
f 2358 2361 2359
f 2358 2360 2361
f 2351 2355 2352
f 2352 2355 2360
f 2355 2354 2357
f 2355 2357 2362
f 2355 2362 2360
f 2360 2363 2361
f 2225 2229 2253
f 2229 2364 2253
f 2229 2339 2364
f 2339 2365 2364
f 2252 2253 2262
f 2253 2366 2262
f 2254 2262 2367
f 2253 2364 2366
f 2364 2368 2366
f 2262 2366 2369
f 2366 2368 2370
f 2339 2342 2365
f 2342 2371 2365
f 2342 2344 2371
f 2364 2365 2368
f 2242 2268 2346
f 2268 2372 2346
f 2372 2348 2346
f 2372 2373 2348
f 2268 2269 2372
f 2372 2269 2374
f 2269 2299 2374
f 2374 2302 2375
f 2372 2374 2373
f 2374 2375 2373
f 2344 2376 2371
f 2368 2365 2377
f 2368 2377 2378
f 2365 2371 2377
f 2371 2379 2377
f 2371 2376 2379
f 2379 2376 2380
f 2377 2379 2381
f 2379 2380 2382
f 2254 2367 2263
f 2262 2369 2367
f 2263 2367 2383
f 2263 2383 2277
f 2367 2384 2383
f 2367 2369 2384
f 2366 2370 2369
f 2384 2369 2385
f 2277 2383 2294
f 2383 2386 2294
f 2383 2384 2386
f 2284 2294 2297
f 2297 2294 2387
f 2294 2386 2387
f 2369 2370 2385
f 2370 2388 2385
f 2374 2299 2302
f 2302 2389 2375
f 2302 2301 2315
f 2302 2315 2389
f 2315 2390 2389
f 2384 2391 2386
f 2297 2387 2310
f 2310 2387 2392
f 2386 2393 2387
f 2386 2391 2393
f 2392 2387 2393
f 2392 2393 2394
f 2310 2392 2309
f 2392 2394 2309
f 2393 2395 2394
f 2394 2395 2396
f 2384 2385 2391
f 2391 2385 2397
f 2385 2388 2397
f 2397 2388 2398
f 2393 2391 2395
f 2391 2397 2395
f 2397 2399 2395
f 2396 2395 2399
f 2315 2316 2390
f 2316 2400 2390
f 2390 2400 2401
f 2316 2314 2400
f 2394 2396 2309
f 2396 2402 2309
f 2309 2402 2403
f 2309 2403 2404
f 2396 2399 2402
f 2402 2405 2403
f 2314 2319 2400
f 2319 2406 2400
f 2319 2322 2406
f 2318 2322 2319
f 2309 2407 2321
f 2309 2408 2407
f 2320 2321 2409
f 2309 2404 2410
f 2309 2411 2408
f 2309 2412 2411
f 2320 2409 2322
f 2321 2407 2413
f 2309 2410 2414
f 2309 2414 2415
f 2309 2415 2416
f 2388 2417 2398
f 2402 2399 2405
f 2397 2398 2399
f 2399 2398 2405
f 2405 2398 2418
f 2403 2419 2404
f 2403 2405 2419
f 2404 2420 2410
f 2405 2418 2419
f 2404 2419 2420
f 2368 2378 2370
f 2377 2381 2378
f 2370 2378 2388
f 2378 2417 2388
f 2378 2381 2417
f 2417 2381 2421
f 2421 2381 2382
f 2421 2382 2422
f 2379 2382 2381
f 2398 2417 2418
f 2417 2421 2418
f 2421 2422 2423
f 2421 2423 2418
f 2418 2423 2419
f 2344 2359 2376
f 2359 2424 2376
f 2359 2361 2424
f 2424 2361 2425
f 2376 2424 2380
f 2337 2426 2338
f 2347 2426 2337
f 2347 2348 2427
f 2427 2348 2428
f 2347 2427 2426
f 2427 2428 2429
f 2428 2430 2429
f 2187 2336 2189
f 2336 2431 2189
f 2426 2432 2338
f 2336 2338 2431
f 2338 2432 2431
f 2432 2433 2434
f 2431 2192 2189
f 2431 2435 2192
f 2431 2432 2435
f 2432 2434 2435
f 2434 2436 2435
f 2434 2437 2436
f 2434 2438 2437
f 2426 2427 2433
f 2426 2433 2432
f 2433 2429 2438
f 2427 2429 2433
f 2430 2439 2429
f 2434 2433 2438
f 2360 2362 2363
f 2362 2440 2363
f 2357 2441 2362
f 2362 2441 2440
f 2441 2442 2440
f 2441 2443 2442
f 2430 2444 2439
f 2429 2439 2438
f 2445 2444 2446
f 2439 2444 2445
f 2439 2447 2438
f 2438 2447 2437
f 2445 2448 2447
f 2439 2445 2447
f 2443 2449 2442
f 2445 2446 2450
f 2450 2446 2451
f 2445 2450 2448
f 2452 2451 2453
f 2450 2451 2452
f 2452 2453 2454
f 2454 2453 2455
f 2373 2375 2456
f 2456 2375 2457
f 2389 2457 2375
f 2457 2458 2459
f 2373 2428 2348
f 2373 2456 2428
f 2456 2430 2428
f 2460 2444 2430
f 2456 2460 2430
f 2456 2457 2460
f 2457 2459 2460
f 2459 2461 2462
f 2459 2463 2461
f 2459 2462 2460
f 2460 2462 2444
f 2461 2464 2465
f 2461 2466 2462
f 2461 2465 2466
f 2465 2467 2468
f 2465 2468 2469
f 2468 2470 2471
f 2472 2473 2471
f 2390 2458 2389
f 2390 2401 2458
f 2389 2458 2457
f 2401 2463 2458
f 2401 2474 2463
f 2459 2458 2463
f 2464 2474 2475
f 2463 2474 2464
f 2464 2475 2467
f 2475 2476 2467
f 2400 2406 2401
f 2401 2406 2474
f 2406 2477 2474
f 2309 2478 2412
f 2321 2413 2409
f 2309 2416 2479
f 2309 2480 2478
f 2407 2408 2481
f 2309 2479 2482
f 2309 2483 2480
f 2309 2482 2484
f 2309 2485 2483
f 2309 2484 2485
f 2322 2477 2406
f 2322 2409 2477
f 2407 2481 2413
f 2408 2411 2486
f 2477 2409 2487
f 2409 2413 2487
f 2411 2412 2488
f 2412 2478 2489
f 2408 2486 2481
f 2477 2475 2474
f 2477 2487 2475
f 2410 2490 2414
f 2414 2491 2415
f 2410 2420 2490
f 2414 2490 2491
f 2415 2492 2416
f 2416 2493 2479
f 2415 2491 2492
f 2478 2480 2494
f 2411 2488 2486
f 2480 2483 2495
f 2484 2496 2485
f 2483 2485 2497
f 2487 2476 2475
f 2487 2498 2476
f 2498 2499 2476
f 2498 2500 2499
f 2413 2498 2487
f 2413 2481 2498
f 2481 2486 2500
f 2481 2500 2498
f 2479 2501 2482
f 2412 2489 2488
f 2484 2482 2502
f 2416 2492 2493
f 2479 2493 2501
f 2500 2486 2503
f 2486 2488 2503
f 2478 2494 2489
f 2480 2495 2494
f 2484 2502 2496
f 2482 2501 2502
f 2382 2380 2504
f 2504 2505 2506
f 2382 2504 2422
f 2504 2507 2422
f 2504 2506 2507
f 2506 2508 2507
f 2461 2463 2464
f 2509 2510 2508
f 2506 2509 2508
f 2510 2511 2512
f 2509 2511 2510
f 2423 2422 2513
f 2422 2507 2513
f 2513 2507 2514
f 2507 2508 2514
f 2419 2423 2420
f 2423 2513 2420
f 2420 2513 2490
f 2490 2513 2514
f 2490 2514 2491
f 2514 2508 2515
f 2515 2508 2510
f 2515 2510 2516
f 2510 2512 2516
f 2516 2512 2517
f 2491 2514 2515
f 2491 2515 2492
f 2492 2515 2516
f 2492 2516 2493
f 2493 2516 2517
f 2493 2517 2501
f 2476 2499 2470
f 2500 2503 2518
f 2500 2518 2499
f 2503 2519 2518
f 2503 2520 2519
f 2483 2497 2495
f 2485 2496 2497
f 2488 2520 2503
f 2488 2489 2520
f 2489 2521 2520
f 2489 2494 2521
f 2494 2495 2522
f 2494 2522 2521
f 2520 2521 2523
f 2495 2497 2524
f 2496 2525 2497
f 2495 2524 2522
f 2497 2525 2524
f 2465 2464 2467
f 2468 2467 2470
f 2476 2470 2467
f 2499 2472 2470
f 2499 2518 2472
f 2512 2526 2527
f 2512 2511 2526
f 2527 2528 2529
f 2527 2526 2528
f 2518 2519 2530
f 2518 2530 2472
f 2519 2523 2531
f 2519 2531 2530
f 2470 2472 2471
f 2472 2530 2473
f 2532 2533 2529
f 2532 2529 2528
f 2533 2534 2535
f 2532 2534 2533
f 2512 2527 2517
f 2517 2527 2536
f 2527 2529 2536
f 2537 2536 2529
f 2501 2517 2536
f 2501 2536 2502
f 2537 2496 2502
f 2537 2502 2536
f 2537 2525 2496
f 2519 2520 2523
f 2521 2538 2523
f 2521 2522 2538
f 2537 2529 2533
f 2537 2533 2525
f 2525 2533 2535
f 2525 2535 2524
f 2522 2539 2538
f 2522 2524 2539
f 2524 2535 2539
f 2361 2363 2425
f 2425 2363 2540
f 2424 2505 2380
f 2424 2425 2505
f 2425 2541 2505
f 2504 2380 2505
f 2506 2505 2541
f 2425 2540 2541
f 2509 2541 2542
f 2541 2540 2542
f 2542 2540 2543
f 2363 2440 2540
f 2440 2442 2543
f 2540 2440 2543
f 2462 2446 2444
f 2462 2466 2446
f 2466 2451 2446
f 2466 2469 2451
f 2542 2544 2511
f 2544 2545 2526
f 2542 2543 2544
f 2544 2546 2545
f 2465 2469 2466
f 2468 2471 2547
f 2468 2547 2469
f 2532 2548 2549
f 2545 2550 2548
f 2545 2548 2528
f 2543 2442 2546
f 2546 2442 2449
f 2546 2449 2550
f 2449 2551 2550
f 2550 2551 2552
f 2543 2546 2544
f 2545 2546 2550
f 2548 2550 2552
f 2506 2541 2509
f 2509 2542 2511
f 2544 2526 2511
f 2545 2528 2526
f 2532 2528 2548
f 2530 2553 2473
f 2523 2554 2531
f 2523 2538 2554
f 2538 2539 2555
f 2535 2556 2539
f 2538 2555 2554
f 2530 2531 2553
f 2535 2534 2556
f 2539 2556 2555
f 2531 2554 2557
f 2554 2555 2558
f 2469 2453 2451
f 2469 2547 2453
f 2471 2473 2559
f 2534 2549 2560
f 2471 2559 2547
f 2531 2557 2553
f 2556 2560 2561
f 2554 2558 2557
f 2555 2561 2558
f 2473 2553 2562
f 2473 2562 2559
f 2553 2557 2563
f 2553 2563 2562
f 2561 2564 2558
f 2547 2455 2453
f 2547 2559 2455
f 2552 2565 2566
f 2559 2562 2567
f 2559 2567 2455
f 2566 2568 2569
f 2569 2570 2564
f 2548 2552 2549
f 2549 2552 2566
f 2549 2566 2560
f 2560 2569 2561
f 2560 2566 2569
f 2561 2569 2564
f 2557 2558 2571
f 2562 2572 2567
f 2563 2573 2572
f 2562 2563 2572
f 2564 2574 2571
f 2563 2571 2573
f 2557 2571 2563
f 2558 2564 2571
f 2532 2549 2534
f 2534 2560 2556
f 2556 2561 2555
f 2103 2106 2575
f 2103 2575 2130
f 2102 2129 2128
f 2106 2127 2576
f 2106 2576 2575
f 2122 2123 2577
f 2123 2132 2578
f 2117 2135 2129
f 2127 2128 2579
f 2118 2136 2135
f 2133 2580 2134
f 2133 2140 2580
f 2122 2577 2136
f 2127 2579 2576
f 2128 2129 2581
f 2128 2581 2579
f 2129 2135 2582
f 2129 2582 2581
f 2107 2130 2583
f 2107 2583 2176
f 2130 2575 2584
f 2156 2176 2585
f 2156 2585 2157
f 2176 2583 2586
f 2176 2586 2585
f 2130 2584 2583
f 2139 2179 2140
f 2575 2576 2587
f 2575 2587 2584
f 2576 2579 2588
f 2576 2588 2587
f 2583 2584 2589
f 2583 2589 2586
f 2584 2587 2590
f 2584 2590 2589
f 2157 2585 2591
f 2157 2591 2183
f 2183 2592 2184
f 2183 2591 2592
f 2585 2593 2591
f 2184 2594 2185
f 2184 2592 2594
f 2591 2595 2592
f 2592 2596 2594
f 2585 2586 2593
f 2591 2593 2595
f 2586 2597 2593
f 2586 2589 2597
f 2593 2597 2598
f 2593 2598 2595
f 2592 2595 2596
f 2131 2137 2138
f 2123 2578 2577
f 2132 2138 2578
f 2134 2599 2137
f 2134 2580 2599
f 2135 2136 2600
f 2135 2600 2582
f 2137 2601 2138
f 2137 2599 2601
f 2136 2577 2602
f 2138 2603 2578
f 2577 2578 2604
f 2138 2601 2603
f 2136 2602 2600
f 2577 2604 2602
f 2578 2603 2604
f 2140 2179 2605
f 2140 2605 2580
f 2180 2606 2179
f 2179 2606 2605
f 2606 2607 2605
f 2580 2605 2608
f 2580 2608 2599
f 2599 2608 2609
f 2605 2607 2608
f 2599 2609 2601
f 2608 2610 2609
f 2607 2610 2608
f 2180 2190 2606
f 2606 2190 2611
f 2190 2191 2611
f 2606 2611 2607
f 2611 2612 2613
f 2191 2612 2611
f 2191 2192 2612
f 2589 2614 2597
f 2611 2613 2607
f 2595 2615 2596
f 2597 2616 2598
f 2595 2598 2615
f 2598 2617 2615
f 2612 2192 2618
f 2612 2618 2619
f 2619 2618 2620
f 2607 2613 2610
f 2613 2619 2621
f 2610 2613 2621
f 2612 2619 2613
f 2619 2620 2622
f 2619 2622 2621
f 2622 2620 2623
f 2579 2581 2624
f 2579 2624 2588
f 2581 2582 2625
f 2581 2625 2624
f 2582 2600 2626
f 2587 2588 2627
f 2587 2627 2590
f 2588 2624 2628
f 2588 2628 2627
f 2601 2629 2603
f 2601 2609 2629
f 2582 2626 2625
f 2600 2602 2630
f 2603 2631 2604
f 2603 2629 2631
f 2610 2632 2609
f 2609 2632 2629
f 2632 2633 2629
f 2600 2630 2626
f 2602 2604 2634
f 2602 2634 2630
f 2624 2625 2635
f 2624 2635 2628
f 2625 2626 2636
f 2625 2636 2635
f 2626 2630 2637
f 2626 2637 2636
f 2589 2590 2614
f 2597 2614 2616
f 2590 2638 2614
f 2590 2627 2638
f 2627 2639 2638
f 2614 2638 2640
f 2614 2640 2616
f 2598 2616 2617
f 2627 2628 2639
f 2638 2639 2641
f 2610 2621 2632
f 2632 2621 2642
f 2621 2622 2642
f 2616 2643 2617
f 2638 2641 2640
f 2616 2640 2643
f 2640 2644 2643
f 2640 2641 2644
f 2628 2635 2645
f 2628 2645 2639
f 2635 2646 2645
f 2639 2645 2647
f 2635 2636 2646
f 2639 2647 2641
f 2641 2648 2644
f 2604 2631 2634
f 2629 2633 2631
f 2631 2649 2634
f 2633 2649 2631
f 2630 2634 2650
f 2630 2650 2637
f 2634 2649 2650
f 2632 2642 2633
f 2642 2651 2633
f 2642 2652 2651
f 2622 2652 2642
f 2622 2623 2652
f 2652 2623 2653
f 2652 2654 2651
f 2652 2653 2654
f 2654 2653 2655
f 2633 2651 2649
f 2636 2637 2656
f 2636 2656 2646
f 2645 2646 2657
f 2649 2651 2658
f 2651 2654 2658
f 2649 2658 2650
f 2637 2650 2659
f 2637 2659 2656
f 2646 2656 2660
f 2645 2657 2647
f 2641 2647 2648
f 2647 2661 2648
f 2647 2657 2661
f 2646 2660 2657
f 2657 2662 2661
f 2650 2658 2659
f 2658 2663 2659
f 2656 2659 2664
f 2654 2663 2658
f 2654 2655 2663
f 2663 2655 2665
f 2656 2664 2660
f 2659 2663 2664
f 2657 2660 2662
f 2660 2666 2662
f 2663 2665 2664
f 2664 2665 2666
f 2660 2664 2666
f 2185 2594 2667
f 2353 2185 2667
f 2594 2596 2668
f 2594 2668 2667
f 2353 2667 2356
f 2192 2435 2618
f 2356 2667 2669
f 2356 2669 2670
f 2667 2668 2669
f 2668 2671 2669
f 2669 2671 2672
f 2596 2615 2673
f 2668 2596 2673
f 2615 2617 2674
f 2615 2674 2673
f 2668 2673 2671
f 2673 2675 2671
f 2435 2436 2618
f 2618 2436 2620
f 2436 2676 2620
f 2437 2676 2436
f 2437 2677 2676
f 2437 2447 2677
f 2676 2623 2620
f 2671 2675 2678
f 2673 2674 2675
f 2675 2674 2679
f 2675 2679 2680
f 2356 2670 2357
f 2357 2670 2441
f 2670 2672 2443
f 2669 2672 2670
f 2441 2670 2443
f 2672 2671 2678
f 2672 2678 2681
f 2677 2447 2448
f 2443 2681 2449
f 2681 2551 2449
f 2672 2681 2443
f 2681 2682 2551
f 2682 2565 2551
f 2681 2678 2682
f 2675 2680 2678
f 2682 2678 2680
f 2679 2683 2680
f 2682 2680 2684
f 2617 2643 2685
f 2617 2685 2674
f 2685 2643 2686
f 2643 2644 2686
f 2674 2685 2679
f 2685 2687 2679
f 2685 2686 2687
f 2676 2677 2688
f 2677 2448 2689
f 2676 2688 2623
f 2623 2688 2653
f 2688 2690 2653
f 2677 2689 2688
f 2688 2689 2690
f 2679 2687 2683
f 2691 2692 2689
f 2689 2692 2690
f 2693 2694 2692
f 2694 2695 2696
f 2448 2450 2691
f 2448 2691 2689
f 2452 2693 2691
f 2693 2454 2695
f 2450 2452 2691
f 2682 2684 2565
f 2684 2568 2565
f 2684 2697 2568
f 2452 2454 2693
f 2698 2455 2567
f 2454 2455 2698
f 2568 2697 2570
f 2570 2697 2699
f 2684 2680 2683
f 2687 2700 2683
f 2691 2693 2692
f 2683 2700 2697
f 2700 2701 2699
f 2684 2683 2697
f 2697 2700 2699
f 2567 2572 2702
f 2454 2698 2695
f 2570 2699 2574
f 2698 2567 2702
f 2574 2703 2573
f 2574 2699 2703
f 2572 2573 2704
f 2572 2704 2702
f 2693 2695 2694
f 2698 2705 2695
f 2703 2701 2706
f 2696 2695 2705
f 2705 2702 2707
f 2704 2706 2707
f 2699 2701 2703
f 2698 2702 2705
f 2702 2704 2707
f 2573 2703 2704
f 2703 2706 2704
f 2644 2648 2708
f 2644 2708 2686
f 2690 2655 2653
f 2687 2686 2709
f 2687 2709 2700
f 2709 2686 2708
f 2692 2710 2690
f 2709 2711 2701
f 2709 2708 2711
f 2708 2712 2711
f 2648 2661 2712
f 2648 2712 2708
f 2690 2710 2655
f 2710 2665 2655
f 2710 2713 2665
f 2692 2694 2710
f 2710 2694 2713
f 2706 2711 2714
f 2712 2714 2711
f 2712 2715 2714
f 2694 2696 2713
f 2696 2705 2716
f 2715 2716 2714
f 2696 2717 2713
f 2696 2716 2717
f 2707 2714 2716
f 2661 2662 2715
f 2661 2715 2712
f 2713 2666 2665
f 2715 2662 2717
f 2713 2717 2666
f 2662 2666 2717
f 2715 2717 2716
f 2709 2701 2700
f 2701 2711 2706
f 2706 2714 2707
f 2705 2707 2716
f 2551 2565 2552
f 2566 2565 2568
f 2569 2568 2570
f 2570 2574 2564
f 2571 2574 2573
f 2718 2719 2720
f 2720 2721 2722
f 2718 2720 2723
f 2724 2718 2723
f 2724 2725 2726
f 2720 2727 2723
f 2720 2722 2727
f 2724 2726 2718
f 2726 2725 2728
f 2722 2729 2730
f 2730 2729 2731
f 2718 2726 2732
f 2726 2728 2733
f 2728 2734 2735
f 2719 2736 2721
f 2737 2721 2736
f 2719 2738 2736
f 2737 2736 2739
f 2736 2738 2740
f 2737 2741 2742
f 2737 2739 2741
f 2742 2741 2743
f 2720 2719 2721
f 2718 2732 2719
f 2722 2721 2729
f 2726 2733 2732
f 2737 2729 2721
f 2719 2732 2738
f 2737 2742 2729
f 2729 2742 2731
f 2731 2742 2744
f 2728 2735 2733
f 2731 2744 2745
f 2744 2746 2745
f 2746 2747 2748
f 2747 2749 2748
f 2732 2750 2738
f 2732 2733 2750
f 2733 2751 2750
f 2733 2735 2751
f 2735 2752 2753
f 2735 2753 2751
f 2744 2742 2743
f 2738 2750 2754
f 2750 2751 2755
f 2744 2743 2756
f 2744 2756 2746
f 2746 2756 2747
f 2751 2753 2757
f 2758 2759 2760
f 2760 2761 2762
f 2758 2760 2762
f 2758 2763 2759
f 2764 2727 2765
f 2761 2766 2762
f 2761 2764 2766
f 2764 2767 2766
f 2764 2765 2767
f 2768 2758 2762
f 2769 2763 2758
f 2767 2765 2770
f 2771 2770 2765
f 2771 2765 2772
f 2771 2772 2773
f 2771 2773 2774
f 2773 2775 2774
f 2775 2776 2777
f 2724 2761 2760
f 2724 2723 2761
f 2724 2760 2725
f 2760 2759 2725
f 2761 2723 2764
f 2723 2727 2764
f 2727 2772 2765
f 2759 2778 2725
f 2759 2779 2778
f 2779 2780 2778
f 2759 2763 2779
f 2763 2781 2779
f 2781 2782 2779
f 2781 2783 2782
f 2782 2783 2784
f 2779 2782 2780
f 2782 2785 2780
f 2782 2784 2785
f 2784 2786 2785
f 2722 2772 2727
f 2722 2730 2772
f 2772 2730 2773
f 2773 2730 2787
f 2728 2725 2778
f 2728 2778 2734
f 2778 2780 2734
f 2780 2788 2734
f 2730 2731 2787
f 2787 2745 2776
f 2773 2787 2775
f 2775 2787 2776
f 2789 2777 2776
f 2789 2776 2790
f 2789 2791 2792
f 2780 2785 2788
f 2785 2793 2788
f 2785 2786 2793
f 2786 2794 2793
f 2769 2758 2768
f 2769 2795 2763
f 2768 2762 2796
f 2796 2766 2797
f 2798 2770 2799
f 2796 2762 2766
f 2795 2781 2763
f 2797 2766 2767
f 2771 2799 2770
f 2771 2774 2799
f 2800 2783 2781
f 2795 2800 2781
f 2801 2767 2770
f 2800 2802 2783
f 2799 2774 2803
f 2774 2804 2803
f 2805 2803 2804
f 2805 2804 2806
f 2802 2807 2783
f 2808 2809 2807
f 2775 2804 2774
f 2775 2777 2804
f 2777 2806 2804
f 2777 2810 2806
f 2797 2767 2801
f 2799 2803 2811
f 2798 2801 2770
f 2805 2806 2812
f 2812 2806 2813
f 2769 2768 2814
f 2769 2814 2795
f 2768 2796 2814
f 2795 2814 2800
f 2797 2801 2814
f 2796 2797 2814
f 2800 2814 2802
f 2803 2815 2811
f 2802 2814 2808
f 2805 2812 2816
f 2798 2799 2811
f 2805 2815 2803
f 2812 2813 2817
f 2813 2818 2817
f 2813 2819 2818
f 2818 2819 2820
f 2818 2820 2821
f 2802 2808 2807
f 2808 2822 2809
f 2822 2823 2809
f 2822 2824 2823
f 2825 2824 2826
f 2823 2824 2825
f 2825 2826 2827
f 2813 2806 2810
f 2813 2810 2819
f 2789 2810 2777
f 2789 2792 2810
f 2810 2792 2819
f 2819 2792 2828
f 2828 2829 2830
f 2820 2830 2831
f 2832 2831 2830
f 2820 2819 2828
f 2820 2828 2830
f 2832 2830 2833
f 2784 2783 2807
f 2784 2807 2834
f 2807 2809 2834
f 2809 2835 2834
f 2809 2823 2835
f 2823 2836 2835
f 2784 2834 2786
f 2834 2837 2786
f 2834 2835 2837
f 2835 2838 2837
f 2835 2836 2838
f 2823 2825 2836
f 2825 2839 2836
f 2825 2827 2839
f 2827 2840 2841
f 2827 2841 2839
f 2838 2836 2842
f 2836 2839 2842
f 2842 2839 2843
f 2841 2843 2839
f 2828 2792 2844
f 2786 2837 2794
f 2837 2845 2794
f 2837 2838 2845
f 2838 2846 2845
f 2838 2842 2846
f 2842 2847 2846
f 2842 2843 2847
f 2843 2848 2847
f 2846 2847 2849
f 2847 2848 2850
f 2787 2731 2745
f 2776 2745 2790
f 2790 2748 2791
f 2792 2791 2844
f 2789 2790 2791
f 2791 2851 2844
f 2852 2844 2851
f 2852 2853 2854
f 2830 2829 2833
f 2832 2833 2855
f 2855 2833 2856
f 2855 2856 2857
f 2828 2844 2829
f 2852 2829 2844
f 2829 2854 2833
f 2833 2854 2856
f 2852 2854 2829
f 2856 2854 2858
f 2854 2853 2858
f 2856 2858 2859
f 2857 2856 2859
f 2857 2859 2860
f 2734 2788 2752
f 2788 2793 2861
f 2793 2794 2862
f 2845 2863 2794
f 2845 2846 2864
f 2734 2752 2735
f 2790 2745 2746
f 2790 2746 2748
f 2791 2748 2851
f 2788 2861 2752
f 2861 2865 2752
f 2793 2862 2861
f 2794 2863 2862
f 2861 2862 2866
f 2862 2863 2867
f 2748 2749 2851
f 2868 2851 2749
f 2852 2851 2868
f 2852 2868 2853
f 2753 2752 2865
f 2861 2866 2865
f 2862 2867 2866
f 2753 2865 2869
f 2865 2870 2869
f 2866 2867 2871
f 2866 2870 2865
f 2866 2871 2870
f 2845 2864 2863
f 2863 2872 2867
f 2863 2864 2872
f 2846 2849 2864
f 2847 2850 2849
f 2864 2849 2873
f 2849 2850 2874
f 2849 2874 2873
f 2864 2873 2872
f 2873 2875 2872
f 2873 2876 2875
f 2872 2877 2867
f 2867 2877 2871
f 2872 2875 2877
f 2747 2756 2878
f 2747 2879 2749
f 2747 2878 2879
f 2749 2879 2880
f 2858 2881 2859
f 2859 2881 2882
f 2860 2859 2882
f 2860 2882 2883
f 2882 2884 2883
f 2884 2885 2883
f 2884 2886 2885
f 2858 2853 2887
f 2868 2888 2853
f 2853 2888 2887
f 2887 2889 2881
f 2868 2749 2880
f 2868 2880 2888
f 2888 2880 2890
f 2887 2888 2891
f 2870 2871 2892
f 2888 2890 2891
f 2887 2891 2889
f 2889 2891 2893
f 2858 2887 2881
f 2882 2881 2894
f 2884 2894 2895
f 2889 2894 2881
f 2882 2894 2884
f 2871 2896 2892
f 2877 2896 2871
f 2877 2875 2897
f 2875 2898 2897
f 2877 2897 2896
f 2896 2897 2899
f 2889 2900 2894
f 2889 2893 2900
f 2900 2893 2901
f 2900 2901 2902
f 2894 2900 2895
f 2884 2895 2886
f 2886 2895 2903
f 2886 2903 2904
f 2904 2903 2905
f 2904 2905 2906
f 2900 2902 2895
f 2895 2902 2903
f 2903 2907 2905
f 2903 2902 2907
f 2908 2817 2909
f 2816 2908 2814
f 2908 2909 2814
f 2910 2911 2909
f 2910 2912 2911
f 2913 2814 2911
f 2913 2911 2912
f 2909 2911 2814
f 2912 2914 2915
f 2914 2916 2915
f 2914 2917 2916
f 2917 2918 2916
f 2919 2920 2921
f 2919 2922 2920
f 2922 2923 2920
f 2924 2925 2814
f 2913 2915 2924
f 2919 2921 2814
f 2924 2926 2925
f 2925 2919 2814
f 2924 2915 2926
f 2926 2916 2927
f 2913 2924 2814
f 2913 2912 2915
f 2814 2928 2929
f 2814 2929 2930
f 2926 2915 2916
f 2921 2931 2814
f 2814 2931 2932
f 2925 2922 2919
f 2926 2922 2925
f 2814 2932 2933
f 2926 2927 2922
f 2922 2927 2923
f 2814 2933 2928
f 2929 2934 2930
f 2927 2918 2935
f 2927 2916 2918
f 2927 2935 2923
f 2923 2935 2936
f 2918 2937 2938
f 2935 2938 2939
f 2935 2918 2938
f 2936 2935 2939
f 2936 2939 2940
f 2939 2938 2941
f 2939 2942 2940
f 2943 2944 2945
f 2943 2945 2946
f 2945 2947 2946
f 2948 2949 2950
f 2945 2944 2948
f 2945 2948 2951
f 2945 2951 2947
f 2947 2951 2952
f 2948 2953 2951
f 2931 2954 2932
f 2931 2955 2954
f 2921 2955 2931
f 2921 2920 2955
f 2923 2956 2920
f 2920 2956 2955
f 2932 2954 2957
f 2955 2958 2954
f 2955 2956 2958
f 2943 2954 2958
f 2932 2957 2933
f 2933 2957 2959
f 2956 2960 2958
f 2936 2960 2956
f 2923 2936 2956
f 2960 2944 2958
f 2943 2958 2944
f 2933 2959 2928
f 2929 2928 2961
f 2929 2961 2934
f 2928 2959 2961
f 2959 2962 2961
f 2962 2963 2961
f 2934 2961 2963
f 2963 2964 2965
f 2943 2957 2954
f 2946 2959 2957
f 2943 2946 2957
f 2946 2962 2959
f 2946 2947 2962
f 2947 2966 2962
f 2962 2966 2963
f 2966 2964 2963
f 2936 2940 2960
f 2960 2940 2949
f 2960 2949 2944
f 2948 2944 2949
f 2949 2940 2967
f 2947 2952 2966
f 2952 2968 2966
f 2966 2968 2964
f 2968 2969 2964
f 2968 2970 2969
f 2939 2941 2942
f 2942 2941 2971
f 2942 2971 2972
f 2972 2971 2973
f 2972 2973 2974
f 2950 2975 2976
f 2953 2977 2978
f 2948 2950 2953
f 2951 2953 2978
f 2953 2950 2976
f 2953 2976 2977
f 2976 2975 2979
f 2980 2977 2976
f 2980 2976 2979
f 2940 2942 2967
f 2950 2949 2967
f 2972 2975 2967
f 2950 2967 2975
f 2942 2972 2967
f 2969 2970 2981
f 2981 2982 2983
f 2972 2974 2975
f 2975 2974 2979
f 2984 2985 2986
f 2984 2986 2987
f 2986 2988 2987
f 2951 2978 2952
f 2952 2989 2968
f 2952 2978 2989
f 2984 2978 2977
f 2984 2989 2978
f 2984 2987 2989
f 2987 2970 2989
f 2989 2970 2968
f 2987 2990 2970
f 2984 2977 2985
f 2980 2985 2977
f 2988 2990 2987
f 2988 2991 2990
f 2990 2981 2970
f 2990 2982 2981
f 2990 2991 2982
f 2991 2992 2982
f 2993 2982 2992
f 2973 2994 2974
f 2994 2995 2996
f 2980 2979 2997
f 2980 2997 2998
f 2997 2999 2998
f 2999 3000 2998
f 2999 3001 3000
f 2997 2979 2996
f 2979 2974 2996
f 2997 2996 3002
f 2974 2994 2996
f 2995 3002 2996
f 2995 3003 3002
f 2997 3002 2999
f 2999 3002 3004
f 2999 3004 3001
f 3001 3005 3006
f 3002 3003 3004
f 3004 3003 3007
f 3001 3004 3005
f 3004 3007 3005
f 3005 3007 3008
f 3006 3005 3009
f 3005 3008 3009
f 2985 3010 2986
f 2986 3011 2988
f 2988 3011 3012
f 2986 3010 3011
f 2988 3012 2991
f 3011 3010 3013
f 3010 3000 3013
f 3000 3014 3013
f 3011 3013 3015
f 3015 3013 3016
f 3012 3015 3017
f 3015 3018 3017
f 3011 3015 3012
f 3012 3017 3019
f 3017 3020 3021
f 3017 3021 3019
f 3016 3022 3023
f 3016 3013 3014
f 3016 3014 3022
f 3023 3022 3024
f 3015 3016 3018
f 3017 3018 3020
f 3018 3023 3025
f 3018 3025 3020
f 3020 3025 3026
f 3020 3026 3027
f 3025 3023 3028
f 3025 3028 3029
f 3025 3029 3026
f 3026 3029 3030
f 3026 3030 3031
f 3016 3023 3018
f 3020 3027 3021
f 3026 3031 3027
f 3023 3024 3028
f 3031 3030 3032
f 2985 2998 3010
f 2980 2998 2985
f 3010 2998 3000
f 2991 3012 3019
f 2991 3019 2992
f 3019 3021 3033
f 3021 3034 3033
f 2992 3033 3035
f 3035 3033 3036
f 3019 3033 2992
f 3033 3034 3036
f 3034 3037 3036
f 3034 3038 3037
f 3021 3027 3034
f 3001 3014 3000
f 3001 3006 3014
f 3014 3006 3022
f 3022 3006 3039
f 3006 3009 3039
f 3022 3039 3024
f 3040 3041 3038
f 3037 3038 3041
f 3040 3042 3041
f 3027 3031 3038
f 3027 3038 3034
f 3031 3040 3038
f 3031 3032 3040
f 3032 3043 3040
f 3040 3043 3042
f 3043 3044 3042
f 2798 2814 2801
f 2798 2811 2814
f 2805 2816 2815
f 2812 2817 2908
f 2811 2815 2814
f 2812 2908 2816
f 2815 2816 2814
f 2910 2909 2817
f 2814 3045 2826
f 2818 2910 2817
f 2818 2821 2910
f 2910 2821 2912
f 2808 2814 2822
f 2822 2814 2824
f 2814 2826 2824
f 2814 3046 3045
f 2814 3047 3046
f 2814 3048 3049
f 2814 3049 3047
f 2912 2821 2914
f 3047 3050 3046
f 3047 3049 3051
f 2914 2831 2917
f 2914 2821 2831
f 2820 2831 2821
f 2827 2826 3045
f 3045 3046 2840
f 3046 3050 2840
f 2827 3045 2840
f 3050 3052 2840
f 3047 3051 3050
f 3050 3051 3053
f 3050 3053 3052
f 3051 3054 3053
f 3053 3055 3056
f 2814 3057 3048
f 2814 2930 3057
f 3057 3058 3048
f 3049 3048 3059
f 3048 3058 3059
f 3057 2930 3060
f 2930 2934 3060
f 3057 3060 3058
f 3058 3061 3062
f 3060 3061 3058
f 3061 3063 3062
f 3049 3059 3051
f 3051 3059 3054
f 3058 3062 3059
f 3059 3062 3054
f 3053 3054 3055
f 3054 3064 3055
f 3054 3062 3064
f 3063 3064 3062
f 2832 2917 2831
f 2832 2937 2917
f 2917 2937 2918
f 2832 2855 2937
f 2937 3065 2938
f 3064 3066 3055
f 3064 3067 3066
f 2841 2840 3052
f 2841 3052 3068
f 2841 3068 2843
f 3052 3053 3056
f 3052 3056 3068
f 2843 3068 2848
f 3068 3069 2848
f 3068 3056 3069
f 3056 3070 3069
f 2848 3069 3071
f 3056 3055 3070
f 3055 3066 3070
f 3070 3072 3069
f 3070 3066 3073
f 3060 2934 2965
f 3060 2965 3061
f 2934 2963 2965
f 3061 3074 3063
f 2965 3074 3061
f 2964 3074 2965
f 3063 3075 3067
f 2964 2969 3074
f 3074 2969 3075
f 3063 3074 3075
f 3075 2983 3067
f 3063 3067 3064
f 3066 3067 3076
f 3075 2969 2981
f 2855 3065 2937
f 2938 3065 2941
f 3065 3077 2941
f 2941 3077 2971
f 2855 2857 3065
f 2857 3077 3065
f 3077 3078 2971
f 2857 2860 3077
f 2860 3078 3077
f 2971 3078 2973
f 2848 3071 2850
f 3069 3072 3071
f 3071 3079 2850
f 3070 3073 3072
f 3072 3073 3080
f 3071 3072 3081
f 3071 3081 3079
f 3072 3080 3081
f 3081 3082 3079
f 3066 3076 3073
f 2983 3076 3067
f 3076 3083 3073
f 3075 2981 2983
f 2983 2993 3076
f 2983 2982 2993
f 2993 3083 3076
f 3083 3084 3080
f 2993 3035 3083
f 3083 3035 3084
f 3073 3083 3080
f 3081 3080 3085
f 3084 3085 3080
f 3081 3085 3082
f 2850 3079 2874
f 3079 3086 2874
f 2873 2874 2876
f 2874 3086 2876
f 3082 3086 3079
f 2993 2992 3035
f 2973 3078 3087
f 2860 2883 3078
f 3078 2883 3087
f 2973 3087 2994
f 2994 3087 3088
f 3087 2885 3088
f 2994 3088 2995
f 2995 3088 3089
f 3087 2883 2885
f 3088 2885 3090
f 3084 3035 3036
f 3084 3036 3091
f 3082 3085 3092
f 3082 3092 3093
f 3092 3094 3093
f 3084 3091 3085
f 3085 3091 3092
f 3091 3095 3092
f 3092 3095 3094
f 3094 3095 3096
f 3094 3097 3098
f 2995 3089 3003
f 3003 3089 3099
f 3088 3090 3089
f 3089 3090 3100
f 2885 2886 3090
f 3090 2904 3100
f 3089 3100 3099
f 3100 2906 3101
f 3099 3100 3101
f 3099 3101 3102
f 3003 3099 3007
f 3007 3102 3008
f 3007 3099 3102
f 3094 3096 3097
f 3097 3103 3104
f 3086 3105 2876
f 2876 3105 2898
f 3082 3093 3086
f 3086 3093 3105
f 3105 3093 3098
f 3105 3106 2898
f 3105 3098 3106
f 2875 2876 2898
f 2897 2898 3107
f 2898 3106 3107
f 2897 3107 2899
f 2899 3107 3108
f 3107 3106 3109
f 3094 3098 3093
f 3106 3098 3104
f 3090 2886 2904
f 3100 2904 2906
f 2899 3108 3110
f 3110 3108 3111
f 3107 3109 3108
f 3109 3112 3108
f 3112 3111 3108
f 3113 3114 3111
f 3097 3104 3098
f 3106 3104 3109
f 3109 3115 3112
f 3109 3104 3115
f 3103 3115 3104
f 3103 3116 3115
f 3116 3117 3115
f 3115 3117 3112
f 3112 3113 3111
f 3117 3113 3112
f 3091 3036 3037
f 3037 3041 3095
f 3091 3037 3095
f 3041 3096 3095
f 3041 3042 3096
f 3042 3118 3096
f 3042 3044 3118
f 3044 3119 3118
f 3097 3096 3118
f 3097 3118 3103
f 3118 3119 3103
f 3119 3116 3103
f 2905 3120 2906
f 2905 2907 3121
f 2905 3121 3120
f 3120 3121 3122
f 3120 3122 3123
f 3122 3124 3123
f 3009 3008 3125
f 3009 3125 3126
f 3125 3127 3126
f 3024 3128 3129
f 3130 3131 3129
f 3029 3028 3132
f 3029 3132 3133
f 3029 3133 3030
f 3133 3132 3134
f 3133 3134 3135
f 3134 3136 3135
f 3028 3129 3132
f 3028 3024 3129
f 3132 3129 3131
f 3132 3131 3134
f 3134 3131 3137
f 3131 3138 3137
f 3134 3137 3136
f 3137 3139 3140
f 3136 3137 3140
f 3136 3140 3141
f 3140 3142 3141
f 3142 3143 3141
f 3039 3126 3128
f 3024 3039 3128
f 3128 3130 3129
f 3130 3138 3131
f 3128 3144 3130
f 3130 3144 3145
f 3130 3145 3138
f 3039 3009 3126
f 3128 3126 3144
f 3127 3144 3126
f 3127 3146 3144
f 3144 3146 3145
f 3032 3147 3043
f 3043 3147 3148
f 3148 3149 3150
f 3043 3148 3044
f 3044 3148 3151
f 3148 3150 3151
f 3150 3152 3153
f 3150 3153 3151
f 3153 3152 3154
f 3138 3145 3155
f 3145 3146 3156
f 3145 3156 3155
f 3155 3157 3158
f 3155 3156 3157
f 3138 3139 3137
f 3138 3155 3139
f 3140 3139 3159
f 3139 3155 3158
f 3139 3158 3159
f 3140 3159 3142
f 3154 3160 3161
f 3142 3162 3143
f 3157 3163 3158
f 3159 3164 3165
f 3142 3159 3165
f 3142 3165 3162
f 3162 3165 3166
f 3162 3166 3167
f 3166 3168 3167
f 3158 3163 3164
f 3159 3158 3164
f 3165 3164 3169
f 3163 3170 3164
f 3164 3170 3169
f 3163 3171 3170
f 3170 3171 3172
f 3169 3170 3173
f 3170 3172 3173
f 3165 3169 3166
f 3166 3169 3174
f 3169 3173 3174
f 3166 3174 3168
f 3174 3175 3168
f 3174 1758 3175
f 3173 1761 3174
f 3173 1760 1761
f 3173 3172 1756
f 3173 1756 1760
f 3174 1757 1758
f 3174 1761 1757
f 3175 1758 1759
f 3101 3176 3102
f 3101 3177 3176
f 3176 3178 3179
f 3008 3180 3125
f 3008 3102 3180
f 3125 3180 3181
f 3125 3181 3127
f 3127 3182 3146
f 3127 3181 3182
f 3102 3176 3180
f 3176 3179 3180
f 3180 3179 3181
f 3181 3183 3182
f 3181 3179 3183
f 3179 3184 3183
f 3182 3185 3146
f 3183 3186 3187
f 3182 3183 3187
f 3182 3187 3185
f 3187 3186 3188
f 3187 3189 3185
f 3187 3188 3189
f 3101 2906 3177
f 2906 3120 3177
f 3120 3123 3177
f 3176 3177 3178
f 3177 3123 3178
f 3178 3123 3190
f 3179 3178 3184
f 3178 3190 3184
f 3123 3124 3190
f 3117 3191 3113
f 3192 3191 3193
f 3114 3192 3194
f 3113 3192 3114
f 3113 3191 3192
f 3192 3195 3194
f 3195 3196 3194
f 3192 3193 3195
f 3196 3197 3198
f 3195 3197 3196
f 3184 3190 3199
f 3184 3199 3186
f 3199 3200 3201
f 3190 3124 3202
f 3203 3202 3124
f 3190 3202 3199
f 3203 3204 3202
f 3199 3202 3200
f 3200 3202 3204
f 3183 3184 3186
f 3188 3186 3201
f 3199 3201 3186
f 3205 3198 3206
f 3205 3207 3208
f 3209 3208 3207
f 3119 3151 3210
f 3119 3210 3116
f 3116 3210 3211
f 3210 3212 3211
f 3211 3212 3213
f 3213 3214 3215
f 3044 3151 3119
f 3151 3153 3210
f 3153 3154 3212
f 3153 3212 3210
f 3154 3214 3212
f 3213 3212 3214
f 3146 3185 3156
f 3156 3185 3216
f 3156 3216 3157
f 3189 3216 3185
f 3215 3217 3218
f 3154 3161 3214
f 3161 3219 3214
f 3161 3220 3219
f 3219 3220 3221
f 3215 3214 3219
f 3215 3219 3217
f 3219 3221 3217
f 3221 3222 3217
f 3217 3222 3223
f 3116 3211 3117
f 3211 3191 3117
f 3211 3213 3191
f 3213 3193 3191
f 3195 3193 3218
f 3213 3215 3193
f 3215 3218 3193
f 3195 3218 3197
f 3218 3223 3197
f 3223 3206 3197
f 3217 3223 3218
f 3223 3224 3206
f 3206 3224 3225
f 3198 3197 3206
f 3205 3206 3225
f 3205 3225 3207
f 3222 3224 3223
f 3189 3188 3226
f 3188 3227 3226
f 3228 3229 3230
f 3228 3231 3232
f 3233 3232 3231
f 3234 3235 3236
f 3237 3238 3233
f 3237 3235 3239
f 3234 3236 3240
f 3234 3239 3235
f 3234 3240 3239
f 3241 3242 3236
f 3243 3244 3242
f 3245 3241 3236
f 3204 3246 3247
f 3246 3248 3247
f 3249 3245 3250
f 3200 3204 3251
f 3204 3247 3251
f 3247 3248 3252
f 3253 3248 3250
f 3254 3243 3241
f 3249 3241 3245
f 3245 3253 3250
f 3252 3248 3253
f 3243 3242 3241
f 3243 3255 3244
f 3256 3257 3258
f 3257 3259 3260
f 3188 3201 3227
f 3227 3201 3230
f 3228 3230 3251
f 3200 3230 3201
f 3200 3251 3230
f 3247 3231 3251
f 3227 3230 3229
f 3228 3251 3231
f 3245 3236 3235
f 3237 3253 3235
f 3237 3252 3253
f 3247 3252 3231
f 3245 3235 3253
f 3255 3261 3244
f 3258 3262 3261
f 3233 3231 3252
f 3237 3233 3252
f 3257 3263 3262
f 3257 3260 3263
f 3260 3264 3263
f 3260 3265 3264
f 3266 3267 3268
f 3269 3270 3271
f 3209 3270 3269
f 3268 3272 3273
f 3255 3258 3261
f 3258 3257 3262
f 3260 3274 3265
f 3266 3268 3273
f 3266 3265 3267
f 3240 3236 3242
f 3275 3242 3244
f 3276 3244 3261
f 3277 3261 3262
f 3240 3242 3275
f 3275 3244 3276
f 3189 3278 3216
f 3216 3278 3279
f 3157 3216 3279
f 3157 3279 3163
f 3163 3279 3171
f 3279 3278 3280
f 3279 3280 3171
f 3281 3280 3282
f 3278 3283 3280
f 3283 3284 3285
f 3280 3283 3282
f 3283 3285 3282
f 3189 3226 3278
f 3278 3226 3283
f 3227 3284 3226
f 3283 3226 3284
f 3229 3286 3284
f 3229 3287 3286
f 3227 3229 3284
f 3228 3287 3229
f 3228 3232 3287
f 3284 3286 3285
f 3221 3220 3288
f 3221 3288 3289
f 3221 3289 3222
f 3290 3291 3289
f 3171 3281 3172
f 3171 3280 3281
f 3290 3292 3291
f 3290 3293 3292
f 3292 3293 3294
f 3222 3291 3224
f 3291 3295 3224
f 3295 3296 3297
f 3222 3289 3291
f 3291 3292 3295
f 3292 3296 3295
f 3296 3298 3299
f 3296 3299 3297
f 3300 3301 3302
f 3300 3303 3301
f 3299 3304 3302
f 3300 3302 3304
f 3292 3294 3296
f 3296 3294 3298
f 3299 3298 3304
f 3282 3285 1772
f 3285 3286 1774
f 3285 1773 1772
f 3286 1775 1774
f 3285 1774 1773
f 3233 1769 3232
f 3287 3232 1767
f 3233 3238 1769
f 3232 1769 1768
f 3232 1768 1767
f 3238 1770 1769
f 3237 3239 3238
f 3240 1783 3239
f 3240 3275 1783
f 3238 3239 1783
f 3238 1783 1770
f 3275 3276 1783
f 3276 3277 1783
f 3277 1784 1783
f 3287 1777 3286
f 3287 1766 1771
f 3287 1767 1766
f 3287 1771 1776
f 3287 1776 1777
f 3286 1777 1775
f 3305 3306 1787
f 3307 1801 3306
f 3264 1791 1790
f 3264 1792 1791
f 3264 1793 1792
f 3305 1794 1793
f 3305 1787 1794
f 3306 1788 1787
f 3306 1801 1788
f 3281 3282 1753
f 3282 1778 1753
f 3172 3281 1755
f 3281 1781 1755
f 3172 1755 1754
f 3281 1780 1781
f 3281 1753 1779
f 3281 1779 1780
f 3282 1772 1778
f 3172 1754 1756
f 3298 1797 1796
f 3298 1799 1797
f 3294 1833 3298
f 3298 1833 1800
f 3298 1800 1799
f 3300 1809 1806
f 3307 3303 1803
f 3300 1806 3303
f 3303 1805 1804
f 3303 1804 1803
f 3303 1806 1805
f 3307 1802 1801
f 3307 1803 1802
f 3298 1796 3304
f 3304 1796 1808
f 3304 1808 1807
f 3300 3304 1807
f 3300 1807 1809
f 3295 3225 3224
f 3295 3297 3225
f 3299 3308 3297
f 3207 3225 3297
f 3207 3297 3308
f 3302 3270 3308
f 3266 3306 3305
f 3271 3301 3309
f 3265 3305 3264
f 3266 3305 3265
f 3266 3273 3306
f 3299 3302 3308
f 3307 3306 3273
f 3307 3273 3309
f 3303 3309 3301
f 3307 3309 3303
f 3301 3270 3302
f 3209 3207 3308
f 3209 3308 3270
f 3271 3309 3272
f 3271 3270 3301
f 3272 3309 3273
f 3262 3263 1784
f 3263 3264 1790
f 3276 3261 3277
f 3277 3262 1784
f 3263 1785 1784
f 3263 1789 1785
f 3263 1790 1789
f 3305 1793 3264
f 2736 2740 2739
f 2738 2754 2740
f 2750 2755 2754
f 2751 2757 2755
f 2753 2869 2757
f 2741 2739 3310
f 2741 3310 3311
f 2741 3311 2743
f 2739 2740 3312
f 2743 3311 3313
f 2740 3314 3312
f 2740 2754 3314
f 3313 3315 2878
f 2739 3312 3310
f 3310 3316 3311
f 3313 3311 3317
f 3310 3312 3318
f 3312 3314 3319
f 3311 3316 3317
f 3310 3318 3316
f 3317 3320 3315
f 3313 3317 3315
f 3321 3315 3322
f 3312 3319 3318
f 2743 3313 2756
f 2756 3313 2878
f 2879 2878 3321
f 2754 3323 3314
f 2754 2755 3323
f 2879 3324 2880
f 2755 2757 3325
f 2755 3325 3323
f 2757 3326 3325
f 2878 3315 3321
f 2879 3321 3324
f 3324 2890 2880
f 3324 3327 2890
f 3314 3323 3328
f 3325 3329 3323
f 3321 3330 3324
f 3314 3328 3319
f 3323 3329 3328
f 3325 3331 3329
f 3329 3332 3328
f 3315 3320 3322
f 2890 3327 3333
f 3333 3334 3335
f 3324 3330 3327
f 3321 3322 3330
f 3330 3336 3327
f 3333 3327 3334
f 3329 3337 3332
f 3327 3336 3334
f 3334 3336 3338
f 3335 3334 3339
f 3334 3338 3339
f 3317 3316 3340
f 3316 3318 3341
f 3318 3319 3342
f 3319 3328 3343
f 3317 3340 3320
f 3320 3344 3322
f 3316 3341 3340
f 3320 3340 3345
f 3320 3345 3344
f 3340 3341 3346
f 3318 3342 3341
f 3322 3344 3347
f 3322 3347 3330
f 3341 3348 3346
f 3341 3342 3348
f 3347 3349 3336
f 3347 3344 3350
f 3347 3350 3349
f 3340 3346 3345
f 3344 3345 3351
f 3346 3352 3345
f 3344 3351 3350
f 3345 3352 3351
f 3346 3348 3353
f 3346 3353 3352
f 3319 3343 3342
f 3347 3336 3330
f 3342 3354 3348
f 3343 3354 3342
f 3328 3332 3343
f 3343 3332 3355
f 3343 3355 3354
f 3336 3349 3338
f 3354 3355 3356
f 3354 3356 3357
f 3348 3354 3357
f 3348 3357 3353
f 2757 2869 3326
f 2869 3358 3326
f 3326 3358 3359
f 2869 2870 3358
f 2870 2892 3358
f 3358 2892 3360
f 2891 2890 3333
f 3358 3360 3359
f 3360 3361 3359
f 3325 3326 3331
f 3326 3359 3331
f 3329 3331 3337
f 3331 3359 3362
f 2896 3363 2892
f 2892 3363 3360
f 3360 3363 3364
f 2896 2899 3363
f 2899 3110 3363
f 2891 3333 2893
f 2893 3333 3335
f 2893 3335 2901
f 3335 3365 2901
f 2901 3366 2902
f 2901 3365 3366
f 3331 3362 3337
f 3359 3361 3362
f 3362 3367 3337
f 3362 3368 3367
f 3335 3339 3365
f 3360 3364 3361
f 3363 3110 3364
f 3364 3110 3369
f 3364 3370 3361
f 3364 3369 3370
f 3366 2907 2902
f 3362 3361 3368
f 3370 3368 3361
f 3367 3368 3371
f 3367 3371 3372
f 3370 3373 3368
f 3368 3373 3371
f 3332 3337 3374
f 3332 3374 3355
f 3337 3367 3374
f 3355 3374 3375
f 3355 3375 3356
f 3374 3367 3372
f 3374 3372 3375
f 3110 3111 3369
f 3370 3369 3376
f 3370 3376 3373
f 3111 3114 3369
f 3114 3376 3369
f 3350 3351 3377
f 3350 3377 3378
f 3351 3379 3377
f 3349 3350 3378
f 3349 3378 3380
f 3378 3381 3380
f 3351 3352 3379
f 3352 3382 3379
f 3377 3383 3378
f 3377 3379 3384
f 3377 3384 3383
f 3378 3383 3381
f 3381 3383 3385
f 3338 3349 3380
f 3338 3380 3386
f 3386 3380 3387
f 3339 3338 3386
f 3339 3386 3388
f 3386 3389 3388
f 3386 3387 3389
f 3389 3387 3390
f 3389 3390 3391
f 3353 3392 3382
f 3352 3353 3382
f 3379 3382 3393
f 3357 3392 3353
f 3357 3394 3392
f 3382 3392 3395
f 3381 3387 3380
f 3381 3396 3387
f 3379 3393 3384
f 3381 3385 3396
f 3383 3384 3397
f 3383 3397 3385
f 3387 3396 3390
f 3382 3395 3393
f 3384 3393 3398
f 3384 3398 3397
f 3396 3385 3399
f 3390 3396 3400
f 3396 3399 3400
f 3390 3400 3401
f 3385 3397 3402
f 3385 3402 3399
f 3400 3399 3403
f 3366 3404 2907
f 3366 3365 3405
f 3366 3405 3404
f 3365 3388 3405
f 3339 3388 3365
f 3405 3388 3406
f 3404 3405 3407
f 3405 3406 3407
f 3407 3408 3409
f 3407 3406 3408
f 2907 3404 3121
f 3404 3410 3121
f 3121 3410 3122
f 3404 3407 3410
f 3410 3409 3411
f 3122 3410 3411
f 3122 3411 3124
f 3371 3412 3372
f 3373 3413 3371
f 3371 3413 3412
f 3414 3412 3415
f 3410 3407 3409
f 3415 3416 3417
f 3408 3418 3409
f 3408 3419 3418
f 3419 3420 3421
f 3411 3409 3422
f 3411 3203 3124
f 3411 3422 3203
f 3203 3422 3246
f 3423 3246 3422
f 3409 3418 3422
f 3423 3422 3418
f 3423 3418 3421
f 3419 3421 3418
f 3356 3375 3424
f 3356 3424 3394
f 3372 3414 3375
f 3375 3414 3424
f 3394 3424 3425
f 3389 3406 3388
f 3389 3391 3406
f 3406 3391 3408
f 3394 3425 3426
f 3426 3427 3428
f 3357 3356 3394
f 3392 3394 3426
f 3392 3426 3395
f 3393 3395 3429
f 3393 3429 3398
f 3426 3428 3395
f 3395 3428 3429
f 3372 3412 3414
f 3414 3417 3424
f 3417 3430 3425
f 3417 3425 3424
f 3426 3425 3427
f 3430 3427 3425
f 3414 3415 3417
f 3417 3416 3430
f 3391 3401 3419
f 3390 3401 3391
f 3391 3419 3408
f 3400 3431 3401
f 3400 3403 3431
f 3419 3401 3420
f 3420 3401 3431
f 3432 3433 3402
f 3434 3435 3436
f 3436 3398 3429
f 3436 3435 3398
f 3397 3398 3435
f 3397 3435 3402
f 3428 3437 3429
f 3436 3429 3437
f 3399 3433 3403
f 3399 3402 3433
f 3432 3402 3435
f 3438 3428 3427
f 3438 3437 3428
f 3430 3439 3427
f 3438 3427 3439
f 3434 3436 3440
f 3432 3435 3434
f 3440 3436 3437
f 3440 3437 3441
f 3438 3441 3437
f 3254 3420 3431
f 3254 3241 3249
f 3249 3250 3421
f 3423 3421 3250
f 3254 3442 3243
f 3442 3443 3255
f 3254 3249 3420
f 3249 3421 3420
f 3254 3431 3442
f 3403 3443 3442
f 3433 3256 3443
f 3432 3259 3256
f 3432 3434 3259
f 3431 3403 3442
f 3403 3433 3443
f 3432 3256 3433
f 3373 3376 3444
f 3376 3194 3444
f 3114 3194 3376
f 3444 3445 3413
f 3444 3196 3445
f 3445 3446 3447
f 3373 3444 3413
f 3412 3413 3447
f 3415 3447 3448
f 3412 3447 3415
f 3415 3448 3416
f 3445 3447 3413
f 3446 3448 3447
f 3444 3194 3196
f 3445 3196 3198
f 3445 3198 3446
f 3203 3246 3204
f 3430 3416 3449
f 3430 3449 3439
f 3416 3448 3450
f 3416 3450 3449
f 3438 3439 3451
f 3438 3451 3441
f 3452 3439 3449
f 3452 3451 3439
f 3446 3208 3448
f 3208 3450 3448
f 3205 3446 3198
f 3205 3208 3446
f 3209 3450 3208
f 3209 3269 3450
f 3269 3452 3449
f 3269 3449 3450
f 3423 3248 3246
f 3423 3250 3248
f 3256 3259 3257
f 3443 3256 3258
f 3260 3259 3274
f 3267 3441 3268
f 3442 3255 3243
f 3443 3258 3255
f 3434 3274 3259
f 3440 3267 3274
f 3440 3441 3267
f 3434 3440 3274
f 3268 3441 3451
f 3268 3451 3272
f 3265 3274 3267
f 3452 3272 3451
f 3452 3271 3272
f 3269 3271 3452
f 3133 3453 3030
f 3133 3135 3453
f 3032 3030 3453
f 3453 3454 3147
f 3453 3135 3454
f 3136 3455 3135
f 3135 3455 3454
f 3454 3455 3456
f 3454 3456 3149
f 3032 3453 3147
f 3454 3149 3147
f 3150 3149 3457
f 3456 3457 3149
f 3455 3458 3456
f 3455 3141 3458
f 3136 3141 3455
f 3458 3459 3456
f 3456 3459 3457
f 3458 3141 3143
f 3458 3143 3460
f 3458 3460 3459
f 3459 3460 3461
f 3459 3461 3462
f 3457 3462 3152
f 3459 3462 3457
f 3461 3463 3462
f 3148 3147 3149
f 3150 3457 3152
f 3462 3160 3152
f 3463 3464 3160
f 3462 3463 3160
f 3154 3152 3160
f 3161 3160 3464
f 3161 3464 3220
f 3460 3465 3461
f 3461 3465 3466
f 3460 3143 3467
f 3460 3467 3465
f 3162 3467 3143
f 3465 3467 3468
f 3461 3466 3463
f 3465 3469 3466
f 3463 3466 3470
f 3466 3471 3470
f 3465 3468 3469
f 3466 3469 3471
f 3162 3167 3467
f 3463 3470 3464
f 3464 3470 3472
f 3470 3473 3472
f 3467 3167 3468
f 3468 3474 3469
f 3468 3167 3475
f 3167 3168 3475
f 3468 3475 3474
f 3471 3473 3470
f 3469 3476 3471
f 3469 3474 3476
f 3471 3477 3473
f 3471 3476 3477
f 3473 3477 3478
f 3464 3472 3220
f 3220 3472 3288
f 3472 3479 3288
f 3479 3480 3288
f 3479 3481 3480
f 3480 3481 3482
f 3473 3479 3472
f 3473 3478 3479
f 3479 3478 3481
f 3474 3475 3483
f 3475 3484 3483
f 3474 3483 3485
f 3486 3485 1759
f 3476 3486 3477
f 3474 3485 3476
f 3477 3487 3478
f 3476 3485 3486
f 3486 1759 3487
f 3477 3486 3487
f 3487 3488 3478
f 3475 3168 3484
f 3168 3175 3484
f 3484 3175 1759
f 3483 3484 1759
f 3483 1759 3485
f 3488 1759 1821
f 3481 1830 3482
f 3482 1830 1829
f 3478 3488 3481
f 3487 1759 3488
f 3488 1820 3481
f 3488 1821 1820
f 3481 1820 1836
f 3481 1835 1830
f 3481 1836 1835
f 3289 3288 3480
f 3290 3289 3480
f 3290 3480 3482
f 3290 3482 3293
f 3293 1827 1832
f 3482 1828 3293
f 3482 1829 1828
f 3293 1828 1827
f 3294 3293 1832
f 3294 1832 1831
f 3294 1831 1833
f 3489 3490 3491
f 3491 3490 3492
f 3493 3490 3489
f 3494 3490 3493
f 3494 3495 3490
f 3495 3496 3497
f 3497 3498 3499
f 3497 3499 3500
f 3497 3500 3501
f 3497 3501 3502
f 3497 3502 3503
f 3504 3501 3500
f 3504 3505 3501
f 3495 3497 3490
f 3497 3503 3490
f 3491 3492 3506
f 3489 3491 3507
f 3493 3489 3508
f 3494 3493 3509
f 3494 3510 3511
f 3494 3512 3510
f 3494 3513 3514
f 3494 3514 3512
f 3494 3515 3495
f 3495 3516 3517
f 3495 3518 3519
f 3495 3519 3516
f 3494 3511 3515
f 3495 3515 3520
f 3495 3520 3521
f 3495 3521 3518
f 3495 3522 3496
f 3495 3517 3522
f 3497 3496 3523
f 3497 3523 3524
f 3497 3524 3525
f 3497 3525 3498
f 3494 3526 3513
f 3526 3527 3513
f 3526 3528 3527
f 3526 3529 3528
f 3530 3531 3532
f 3526 3533 3529
f 3530 3534 3533
f 3530 3535 3534
f 3530 3536 3535
f 3530 3537 3536
f 3530 3538 3537
f 3530 3532 3538
f 3539 3540 3541
f 3542 3543 3544
f 3542 3544 3540
f 3530 3545 3531
f 3530 3546 3545
f 3539 3547 3546
f 3539 3548 3547
f 3539 3549 3548
f 3539 3550 3549
f 3539 3551 3552
f 3539 3553 3550
f 3539 3552 3553
f 3539 3541 3551
f 3489 3507 3508
f 3491 3506 3507
f 3493 3508 3509
f 3494 3509 3526
f 3526 3530 3533
f 3530 3539 3546
f 3539 3542 3540
f 3507 3506 3554
f 3508 3507 3555
f 3509 3508 3556
f 3526 3509 3557
f 3526 3558 3530
f 3530 3559 3539
f 3539 3560 3542
f 3509 3556 3557
f 3508 3555 3556
f 3507 3554 3555
f 3526 3557 3558
f 3555 3554 3561
f 3530 3558 3559
f 3539 3559 3560
f 3560 3562 3542
f 3557 3556 3561
f 3555 3561 3556
f 3558 3557 3561
f 3558 3561 3559
f 3560 3559 3561
f 3560 3561 3562
f 3563 3564 3565
f 3490 3503 3564
f 3563 3490 3564
f 3563 3566 3490
f 3566 3567 3490
f 3567 3568 3490
f 3568 3569 3490
f 3569 3570 3490
f 3542 3571 3572
f 3542 3573 3574
f 3542 3574 3571
f 3542 3575 3576
f 3542 3572 3575
f 3542 3576 3577
f 3542 3577 3543
f 3578 3579 3580
f 3578 3580 3573
f 3578 3565 3579
f 3563 3565 3578
f 3563 3581 3566
f 3566 3582 3567
f 3567 3583 3568
f 3568 3584 3569
f 3569 3585 3570
f 3542 3578 3573
f 3563 3578 3581
f 3566 3581 3582
f 3567 3582 3583
f 3568 3583 3584
f 3569 3584 3585
f 3585 3586 3570
f 3542 3562 3578
f 3578 3587 3581
f 3581 3588 3582
f 3582 3589 3583
f 3583 3590 3584
f 3578 3562 3587
f 3581 3587 3588
f 3562 3561 3587
f 3587 3561 3588
f 3588 3561 3589
f 3589 3561 3590
f 3590 3561 3591
f 3591 3561 3592
f 3582 3588 3589
f 3583 3589 3590
f 3590 3591 3584
f 3591 3592 3585
f 3592 3593 3586
f 3592 3561 3593
f 3591 3585 3584
f 3585 3592 3586
f 3492 3490 3594
f 3594 3490 3595
f 3595 3490 3596
f 3596 3490 3597
f 3597 3490 3598
f 3598 3490 3599
f 3490 3600 3599
f 3598 3599 3601
f 3492 3594 3602
f 3594 3595 3603
f 3595 3596 3604
f 3596 3597 3605
f 3597 3598 3606
f 3598 3601 3607
f 3607 3601 3608
f 3607 3608 3609
f 3607 3609 3610
f 3611 3610 3612
f 3611 3612 3613
f 3611 3613 3614
f 3611 3614 3615
f 3611 3615 3616
f 3611 3616 3617
f 3611 3617 3618
f 3492 3602 3506
f 3594 3603 3602
f 3595 3604 3603
f 3596 3605 3604
f 3597 3606 3605
f 3598 3607 3606
f 3607 3610 3611
f 3506 3602 3619
f 3602 3603 3620
f 3603 3604 3621
f 3622 3604 3605
f 3623 3605 3606
f 3606 3607 3624
f 3607 3611 3625
f 3506 3619 3554
f 3602 3620 3619
f 3603 3621 3620
f 3621 3604 3622
f 3622 3605 3623
f 3554 3619 3561
f 3623 3606 3624
f 3607 3625 3624
f 3619 3620 3561
f 3620 3621 3561
f 3621 3622 3561
f 3622 3623 3561
f 3623 3624 3561
f 3624 3625 3561
f 3490 3626 3600
f 3490 3627 3626
f 3628 3629 3630
f 3626 3631 3600
f 3626 3629 3631
f 3626 3632 3629
f 3632 3630 3629
f 3626 3633 3632
f 3626 3634 3633
f 3626 3627 3635
f 3490 3636 3627
f 3490 3637 3636
f 3490 3638 3637
f 3490 3570 3639
f 3490 3639 3638
f 3626 3640 3634
f 3626 3641 3640
f 3626 3642 3641
f 3626 3635 3642
f 3627 3643 3635
f 3627 3644 3643
f 3627 3645 3646
f 3627 3647 3645
f 3627 3646 3644
f 3627 3636 3648
f 3627 3649 3650
f 3627 3650 3647
f 3627 3648 3649
f 3636 3651 3648
f 3636 3652 3653
f 3636 3653 3651
f 3636 3654 3652
f 3636 3655 3654
f 3611 3618 3656
f 3611 3656 3657
f 3658 3657 3659
f 3658 3659 3660
f 3658 3660 3661
f 3658 3661 3662
f 3658 3662 3663
f 3658 3663 3664
f 3658 3664 3665
f 3658 3665 3666
f 3658 3666 3667
f 3668 3667 3669
f 3668 3669 3670
f 3636 3671 3655
f 3668 3670 3672
f 3668 3672 3673
f 3668 3673 3674
f 3668 3674 3675
f 3668 3675 3676
f 3668 3676 3677
f 3668 3677 3678
f 3671 3678 3679
f 3671 3680 3655
f 3671 3679 3681
f 3671 3681 3680
f 3637 3682 3636
f 3638 3683 3637
f 3639 3684 3638
f 3570 3586 3639
f 3611 3657 3658
f 3658 3667 3668
f 3636 3682 3671
f 3668 3678 3671
f 3637 3683 3682
f 3639 3586 3684
f 3638 3684 3683
f 3611 3658 3685
f 3686 3658 3668
f 3687 3668 3671
f 3688 3671 3682
f 3689 3682 3683
f 3611 3685 3625
f 3686 3685 3658
f 3686 3668 3687
f 3561 3625 3685
f 3561 3685 3686
f 3561 3686 3687
f 3561 3687 3688
f 3561 3689 3690
f 3561 3688 3689
f 3688 3687 3671
f 3684 3593 3690
f 3689 3683 3690
f 3689 3688 3682
f 3561 3690 3593
f 3684 3690 3683
f 3586 3593 3684
f 3691 3692 3693
f 3692 3694 3693
f 3691 3695 3696
f 3692 3696 3697
f 3691 3696 3692
f 3691 3693 3698
f 3691 3699 3695
f 3691 3698 3699
f 3692 3700 3694
f 3700 3701 3694
f 3692 3697 3700
f 3700 3702 3701
f 3703 3704 3705
f 3703 3705 3706
f 3706 3707 3708
f 3703 3709 3704
f 3703 3706 3600
f 3705 3707 3706
f 3704 3709 3710
f 3703 3600 3709
f 3709 3711 3710
f 3711 3712 3713
f 3710 3711 3713
f 3706 3708 3600
f 3708 3601 3599
f 3708 3714 3601
f 3708 3707 3714
f 3714 3608 3601
f 3714 3609 3608
f 3714 3610 3609
f 3709 3600 3711
f 3708 3599 3600
f 3711 3600 3712
f 3712 3600 3715
f 3712 3715 3716
f 3713 3712 3716
f 3714 3717 3610
f 3717 3612 3610
f 3705 3704 3695
f 3705 3695 3718
f 3704 3696 3695
f 3704 3710 3696
f 3695 3699 3718
f 3705 3718 3707
f 3710 3697 3696
f 3697 3719 3700
f 3710 3713 3697
f 3713 3719 3697
f 3713 3716 3719
f 3699 3698 3720
f 3718 3699 3721
f 3699 3720 3721
f 3700 3719 3702
f 3718 3722 3707
f 3707 3722 3714
f 3718 3721 3722
f 3714 3722 3723
f 3714 3723 3717
f 3722 3724 3723
f 3720 3725 3721
f 3722 3721 3724
f 3721 3725 3724
f 3693 3694 3726
f 3694 3727 3726
f 3693 3726 3728
f 3694 3701 3727
f 3727 3701 3729
f 3726 3727 3730
f 3726 3730 3731
f 3727 3729 3732
f 3730 3727 3732
f 3732 3729 3733
f 3693 3728 3698
f 3726 3731 3728
f 3728 3731 3734
f 3730 3732 3735
f 3730 3735 3736
f 3732 3737 3735
f 3732 3733 3737
f 3735 3737 3738
f 3737 3739 3738
f 3738 3739 3740
f 3735 3738 3741
f 3738 3740 3742
f 3730 3736 3731
f 3735 3741 3736
f 3731 3736 3743
f 3738 3742 3741
f 3698 3728 3744
f 3698 3744 3720
f 3728 3734 3744
f 3720 3744 3745
f 3720 3745 3725
f 3744 3734 3746
f 3731 3743 3734
f 3736 3741 3747
f 3717 3613 3612
f 3717 3748 3613
f 3748 3614 3613
f 3748 3615 3614
f 3749 3616 3615
f 3748 3749 3615
f 3749 3617 3616
f 3717 3723 3750
f 3717 3750 3748
f 3723 3751 3750
f 3723 3724 3751
f 3701 3702 3752
f 3715 3631 3753
f 3716 3715 3753
f 3715 3600 3631
f 3753 3631 3629
f 3753 3629 3628
f 3753 3628 3754
f 3754 3628 3630
f 3754 3630 3632
f 3754 3632 3755
f 3719 3716 3756
f 3719 3756 3702
f 3702 3757 3752
f 3757 3758 3752
f 3702 3756 3757
f 3757 3759 3758
f 3716 3753 3756
f 3753 3754 3760
f 3756 3753 3760
f 3756 3760 3757
f 3760 3761 3759
f 3754 3761 3760
f 3754 3755 3761
f 3755 3762 3761
f 3761 3762 3763
f 3757 3760 3759
f 3758 3759 3764
f 3759 3763 3764
f 3759 3761 3763
f 3763 3765 3764
f 3701 3752 3729
f 3729 3752 3766
f 3729 3766 3733
f 3733 3766 3767
f 3766 3768 3767
f 3737 3769 3739
f 3737 3733 3769
f 3740 3739 3770
f 3739 3771 3770
f 3739 3769 3771
f 3771 3772 3770
f 3733 3767 3769
f 3769 3767 3773
f 3769 3773 3771
f 3767 3774 3773
f 3771 3773 3775
f 3771 3775 3772
f 3775 3776 3772
f 3773 3777 3775
f 3775 3778 3776
f 3752 3758 3766
f 3766 3758 3768
f 3758 3764 3768
f 3768 3764 3779
f 3767 3768 3774
f 3768 3779 3774
f 3744 3746 3745
f 3774 3779 3780
f 3764 3765 3779
f 3779 3765 3781
f 3779 3781 3780
f 3780 3781 3782
f 3736 3747 3743
f 3741 3742 3783
f 3741 3783 3747
f 3734 3743 3784
f 3734 3784 3746
f 3743 3785 3784
f 3743 3747 3785
f 3747 3783 3786
f 3747 3786 3785
f 3774 3777 3773
f 3774 3780 3777
f 3777 3780 3787
f 3777 3787 3778
f 3775 3777 3778
f 3778 3788 3776
f 3778 3789 3788
f 3780 3782 3787
f 3782 3790 3787
f 3787 3790 3789
f 3778 3787 3789
f 3789 3791 3788
f 3789 3790 3792
f 3789 3792 3791
f 3792 3793 3791
f 3755 3632 3633
f 3794 3618 3617
f 3749 3794 3617
f 3794 3656 3618
f 3794 3657 3656
f 3794 3659 3657
f 3755 3633 3634
f 3795 3634 3640
f 3755 3634 3795
f 3795 3640 3641
f 3795 3641 3642
f 3795 3642 3635
f 3796 3635 3643
f 3795 3635 3796
f 3796 3643 3644
f 3797 3660 3659
f 3794 3797 3659
f 3797 3661 3660
f 3798 3662 3661
f 3797 3798 3661
f 3798 3663 3662
f 3799 3667 3666
f 3799 3669 3667
f 3800 3664 3663
f 3800 3665 3664
f 3800 3666 3665
f 3798 3800 3663
f 3800 3799 3666
f 3801 3644 3646
f 3801 3646 3645
f 3802 3645 3647
f 3796 3644 3801
f 3801 3645 3802
f 3802 3647 3650
f 3803 3650 3649
f 3803 3649 3648
f 3803 3648 3651
f 3803 3651 3653
f 3802 3650 3803
f 3804 3670 3669
f 3804 3672 3670
f 3805 3673 3672
f 3805 3674 3673
f 3806 3675 3674
f 3806 3676 3675
f 3806 3677 3676
f 3799 3804 3669
f 3804 3805 3672
f 3807 3654 3655
f 3808 3653 3652
f 3808 3652 3654
f 3807 3809 3654
f 3803 3653 3808
f 3808 3654 3809
f 3807 3655 3680
f 3807 3680 3810
f 3811 3680 3681
f 3811 3812 3680
f 3812 3813 3680
f 3807 3810 3814
f 3810 3680 3815
f 3813 3815 3680
f 3748 3816 3749
f 3748 3750 3816
f 3750 3817 3816
f 3755 3795 3762
f 3795 3818 3762
f 3724 3725 3819
f 3724 3819 3751
f 3750 3751 3817
f 3751 3819 3820
f 3749 3821 3794
f 3749 3816 3821
f 3794 3822 3797
f 3794 3821 3822
f 3816 3823 3821
f 3797 3824 3798
f 3797 3822 3824
f 3798 3825 3800
f 3798 3824 3825
f 3821 3826 3822
f 3816 3817 3823
f 3751 3820 3817
f 3821 3823 3826
f 3817 3827 3823
f 3817 3820 3827
f 3795 3796 3818
f 3762 3818 3828
f 3796 3801 3829
f 3796 3829 3818
f 3801 3830 3829
f 3818 3829 3831
f 3762 3828 3763
f 3763 3828 3765
f 3828 3832 3765
f 3828 3818 3831
f 3828 3831 3832
f 3831 3833 3832
f 3801 3802 3830
f 3802 3803 3834
f 3802 3834 3830
f 3829 3830 3835
f 3803 3808 3836
f 3803 3836 3834
f 3830 3834 3837
f 3829 3835 3831
f 3831 3835 3833
f 3830 3837 3835
f 3805 3806 3674
f 3838 3678 3677
f 3838 3679 3678
f 3838 3681 3679
f 3811 3681 3839
f 3811 3840 3812
f 3806 3838 3677
f 3838 3839 3681
f 3800 3841 3799
f 3800 3825 3841
f 3799 3842 3804
f 3799 3841 3842
f 3822 3843 3824
f 3824 3844 3825
f 3804 3845 3805
f 3804 3842 3845
f 3805 3846 3806
f 3805 3845 3846
f 3825 3847 3841
f 3822 3826 3843
f 3823 3848 3826
f 3823 3827 3848
f 3824 3843 3844
f 3826 3849 3843
f 3826 3848 3849
f 3841 3850 3842
f 3825 3844 3847
f 3841 3847 3850
f 3843 3851 3844
f 3843 3849 3851
f 3810 3815 3852
f 3810 3852 3853
f 3852 3815 3854
f 3807 3814 3809
f 3810 3853 3814
f 3852 3854 3853
f 3808 3809 3855
f 3808 3855 3836
f 3834 3836 3856
f 3835 3857 3833
f 3835 3837 3857
f 3812 3858 3813
f 3813 3859 3815
f 3811 3839 3840
f 3812 3840 3858
f 3813 3858 3859
f 3815 3859 3854
f 3809 3814 3860
f 3809 3860 3855
f 3806 3861 3838
f 3806 3846 3861
f 3838 3862 3839
f 3838 3861 3862
f 3814 3853 3863
f 3814 3863 3860
f 3853 3854 3864
f 3836 3855 3865
f 3839 3866 3840
f 3840 3867 3858
f 3853 3864 3863
f 3855 3860 3868
f 3834 3856 3837
f 3836 3865 3856
f 3837 3869 3857
f 3837 3856 3869
f 3855 3868 3865
f 3856 3865 3870
f 3856 3870 3869
f 3842 3871 3845
f 3845 3872 3846
f 3839 3862 3866
f 3840 3866 3867
f 3846 3873 3861
f 3842 3850 3871
f 3844 3874 3847
f 3844 3851 3874
f 3845 3871 3872
f 3854 3859 3875
f 3858 3876 3859
f 3854 3875 3864
f 3858 3867 3876
f 3859 3876 3875
f 3860 3863 3877
f 3863 3864 3878
f 3861 3879 3862
f 3862 3880 3866
f 3864 3875 3881
f 3875 3876 3882
f 3860 3877 3868
f 3865 3868 3883
f 3865 3883 3870
f 3863 3878 3877
f 3864 3881 3878
f 3868 3877 3884
f 3868 3884 3883
f 3725 3745 3885
f 3725 3885 3819
f 3745 3886 3885
f 3745 3746 3886
f 3819 3885 3887
f 3819 3887 3820
f 3820 3887 3888
f 3885 3889 3887
f 3885 3886 3889
f 3765 3832 3781
f 3781 3832 3890
f 3832 3833 3890
f 3781 3890 3782
f 3887 3889 3891
f 3746 3784 3892
f 3746 3892 3886
f 3784 3893 3892
f 3784 3785 3893
f 3785 3786 3894
f 3886 3892 3895
f 3785 3894 3893
f 3886 3895 3889
f 3892 3896 3895
f 3892 3893 3896
f 3893 3894 3897
f 3893 3897 3896
f 3820 3888 3827
f 3827 3898 3848
f 3827 3888 3898
f 3887 3891 3888
f 3888 3899 3898
f 3888 3891 3899
f 3848 3900 3849
f 3848 3898 3900
f 3898 3899 3901
f 3889 3895 3902
f 3889 3902 3891
f 3895 3903 3902
f 3891 3902 3904
f 3895 3896 3903
f 3896 3897 3905
f 3896 3905 3903
f 3891 3904 3899
f 3782 3890 3906
f 3890 3833 3907
f 3833 3857 3907
f 3857 3908 3907
f 3890 3907 3906
f 3906 3907 3909
f 3907 3908 3909
f 3782 3906 3790
f 3790 3910 3792
f 3790 3906 3910
f 3792 3911 3793
f 3792 3910 3911
f 3911 3912 3793
f 3906 3909 3910
f 3909 3913 3910
f 3910 3913 3911
f 3909 3914 3913
f 3911 3913 3915
f 3911 3915 3912
f 3913 3916 3915
f 3915 3917 3912
f 3915 3918 3917
f 3857 3869 3908
f 3869 3919 3908
f 3909 3908 3914
f 3849 3920 3851
f 3849 3900 3920
f 3898 3901 3900
f 3869 3870 3919
f 3908 3919 3914
f 3914 3919 3921
f 3870 3922 3919
f 3870 3883 3922
f 3883 3923 3922
f 3919 3922 3921
f 3922 3923 3924
f 3921 3922 3924
f 3902 3903 3925
f 3903 3905 3926
f 3902 3925 3904
f 3899 3904 3927
f 3899 3927 3901
f 3904 3928 3927
f 3903 3926 3925
f 3904 3925 3928
f 3925 3926 3929
f 3925 3929 3928
f 3913 3914 3916
f 3914 3921 3916
f 3921 3930 3916
f 3916 3930 3918
f 3915 3916 3918
f 3917 3918 3931
f 3918 3930 3932
f 3918 3932 3931
f 3921 3924 3930
f 3932 3933 3931
f 3930 3934 3932
f 3930 3924 3934
f 3932 3935 3933
f 3932 3934 3935
f 3935 3936 3933
f 3740 3770 3937
f 3770 3938 3937
f 3740 3937 3939
f 3770 3772 3938
f 3938 3772 3940
f 3937 3938 3941
f 3937 3941 3942
f 3938 3943 3941
f 3938 3940 3943
f 3941 3943 3944
f 3943 3945 3946
f 3740 3939 3742
f 3772 3776 3940
f 3937 3942 3939
f 3943 3940 3945
f 3941 3947 3942
f 3940 3776 3948
f 3940 3948 3945
f 3945 3948 3949
f 3945 3949 3950
f 3943 3946 3944
f 3944 3946 3951
f 3941 3944 3947
f 3944 3952 3947
f 3946 3953 3951
f 3944 3951 3952
f 3945 3950 3946
f 3946 3950 3953
f 3949 3954 3950
f 3950 3954 3955
f 3951 3953 3956
f 3953 3957 3956
f 3953 3950 3955
f 3951 3956 3958
f 3953 3955 3957
f 3955 3959 3957
f 3742 3939 3960
f 3742 3960 3783
f 3939 3942 3961
f 3939 3961 3960
f 3942 3962 3961
f 3783 3960 3963
f 3783 3963 3786
f 3776 3788 3948
f 3948 3788 3964
f 3788 3791 3964
f 3948 3964 3949
f 3949 3964 3965
f 3949 3965 3954
f 3960 3961 3966
f 3960 3966 3963
f 3961 3967 3966
f 3942 3947 3962
f 3947 3968 3962
f 3951 3958 3952
f 3947 3952 3968
f 3952 3958 3969
f 3954 3970 3955
f 3955 3970 3959
f 3970 3971 3959
f 3961 3962 3967
f 3962 3972 3967
f 3952 3969 3968
f 3962 3968 3972
f 3968 3969 3973
f 3968 3973 3972
f 3964 3974 3965
f 3965 3975 3976
f 3964 3791 3974
f 3791 3793 3974
f 3974 3793 3977
f 3965 3974 3975
f 3974 3977 3975
f 3975 3977 3978
f 3975 3978 3979
f 3954 3976 3970
f 3954 3965 3976
f 3970 3976 3980
f 3970 3980 3971
f 3980 3981 3971
f 3976 3975 3979
f 3976 3979 3980
f 3978 3982 3979
f 3979 3982 3983
f 3980 3979 3983
f 3980 3983 3981
f 3983 3984 3981
f 3983 3985 3984
f 3983 3982 3985
f 3985 3986 3984
f 3956 3957 3987
f 3957 3988 3987
f 3957 3959 3988
f 3956 3989 3958
f 3956 3987 3989
f 3959 3971 3990
f 3959 3990 3988
f 3987 3988 3991
f 3988 3992 3991
f 3987 3991 3993
f 3988 3990 3992
f 3991 3992 3994
f 3987 3993 3989
f 3991 3995 3993
f 3958 3996 3969
f 3958 3989 3996
f 3969 3996 3997
f 3989 3998 3996
f 3989 3993 3998
f 3992 3999 3994
f 3991 3994 3995
f 3971 3981 4000
f 3990 3971 4000
f 4000 3981 4001
f 3990 4002 3992
f 3990 4000 4002
f 4000 4003 4002
f 3992 4002 3999
f 4002 4003 4004
f 4000 4001 4003
f 3981 3984 4001
f 4001 3984 4005
f 3996 3998 4006
f 3993 4007 3998
f 4003 4001 4008
f 4001 4005 4008
f 4003 4008 4009
f 4008 4010 4011
f 4008 4005 4010
f 3984 3986 4005
f 4005 3986 4012
f 4005 4012 4010
f 4010 4012 4013
f 4010 4013 4014
f 4002 4004 3999
f 3994 3999 4015
f 3999 4016 4015
f 3999 4004 4016
f 4004 4017 4016
f 4003 4009 4004
f 4015 4016 4018
f 4018 4016 4019
f 4016 4017 4019
f 3994 4020 3995
f 3994 4015 4020
f 3993 3995 4007
f 3995 4021 4007
f 3995 4020 4021
f 4008 4011 4009
f 4004 4009 4017
f 4009 4022 4017
f 4009 4011 4022
f 4011 4023 4022
f 4015 4018 4024
f 4015 4024 4020
f 4018 4019 4025
f 4019 4026 4025
f 4018 4025 4027
f 4018 4027 4024
f 4020 4024 4028
f 4020 4028 4021
f 4019 4017 4029
f 4017 4022 4029
f 4029 4022 4030
f 4022 4023 4030
f 4030 4023 4031
f 4019 4029 4026
f 4029 4030 4032
f 4029 4032 4026
f 4025 4026 4033
f 4025 4034 4027
f 4025 4033 4034
f 4026 4032 4035
f 4026 4035 4033
f 4030 4036 4032
f 4030 4031 4036
f 4032 4036 4037
f 4032 4037 4035
f 4021 4028 4038
f 4024 4039 4028
f 4024 4027 4039
f 4027 4040 4039
f 4028 4039 4041
f 4027 4034 4040
f 4040 4042 4039
f 4039 4042 4041
f 4010 4014 4011
f 4013 4043 4014
f 4011 4014 4023
f 4014 4044 4023
f 4014 4043 4044
f 4044 4043 4045
f 4043 4046 4045
f 4036 4031 4047
f 4036 4047 4048
f 4036 4048 4037
f 4023 4044 4031
f 4031 4044 4049
f 4044 4045 4049
f 4049 4045 4050
f 4031 4049 4047
f 4049 4051 4047
f 4047 4051 4052
f 4047 4052 4048
f 4033 4035 4053
f 4035 4037 4053
f 4033 4053 4034
f 4041 4042 4054
f 4034 4053 4040
f 4049 4050 4051
f 4052 4051 4055
f 4037 4048 4053
f 4051 4056 4055
f 4048 4052 4053
f 4055 4056 4057
f 4052 4055 4053
f 4051 4050 4056
f 4040 4053 4042
f 4042 4053 4054
f 4057 4056 4058
f 4055 4057 4053
f 4045 4059 4050
f 4050 4059 4060
f 4050 4060 4056
f 4056 4060 4058
f 4057 4058 4061
f 4057 4061 4053
f 4061 4062 4053
f 4061 4058 4063
f 4061 4063 4062
f 4062 4064 4053
f 4064 4065 4053
f 4062 4066 4064
f 3786 3963 4067
f 3786 4067 3894
f 3963 3966 4068
f 3963 4068 4067
f 3966 4069 4068
f 3894 4070 3897
f 3894 4067 4070
f 4067 4068 4071
f 4067 4071 4070
f 3966 3967 4069
f 3967 4072 4069
f 3967 3972 4072
f 3793 3912 3977
f 3977 3912 4073
f 3977 4073 3978
f 4068 4074 4071
f 4070 4071 4075
f 3978 4076 3982
f 3978 4073 4076
f 3912 3917 4073
f 4073 3917 4077
f 3917 3931 4077
f 4073 4077 4076
f 4076 4077 4078
f 4076 4078 4079
f 4077 4080 4078
f 4078 4081 4082
f 3972 3973 4083
f 3972 4083 4072
f 4068 4069 4074
f 4069 4084 4074
f 4071 4074 4085
f 4069 4072 4084
f 4072 4083 4086
f 4072 4086 4084
f 4074 4084 4087
f 4084 4086 4088
f 4084 4088 4087
f 3982 4079 3985
f 3982 4076 4079
f 4079 4082 4089
f 3985 4089 3986
f 3985 4079 4089
f 4089 4090 3986
f 4089 4091 4090
f 4091 4092 4090
f 4078 4082 4079
f 4089 4082 4091
f 3897 4093 3905
f 3897 4070 4093
f 3905 4093 4094
f 4070 4075 4093
f 4071 4085 4075
f 4093 4075 4095
f 4093 4095 4094
f 4075 4096 4095
f 3905 4094 3926
f 3926 4094 4097
f 4077 3931 4080
f 4078 4080 4081
f 3926 4097 3929
f 4094 4095 4098
f 4095 4099 4098
f 4094 4098 4097
f 4097 4098 4100
f 4098 4101 4100
f 4074 4087 4085
f 4075 4085 4096
f 4085 4102 4096
f 4085 4087 4102
f 4088 4103 4087
f 4087 4103 4102
f 4102 4104 4096
f 4102 4103 4105
f 4102 4105 4104
f 4095 4096 4099
f 4096 4104 4099
f 4099 4101 4098
f 4099 4106 4101
f 4099 4104 4106
f 4104 4105 4107
f 3969 3997 3973
f 3973 3997 4108
f 3973 4108 4083
f 4083 4108 4109
f 3996 4006 3997
f 3997 4006 4110
f 3998 4111 4006
f 3997 4110 4108
f 4108 4110 4112
f 4006 4113 4110
f 4110 4114 4112
f 4083 4109 4086
f 4086 4109 4115
f 4086 4115 4088
f 4108 4112 4109
f 3986 4090 4012
f 4012 4090 4116
f 4116 4090 4092
f 4116 4092 4117
f 4012 4116 4013
f 4116 4118 4013
f 4013 4118 4043
f 4118 4119 4046
f 4116 4117 4118
f 4118 4117 4119
f 4088 4115 4120
f 4112 4121 4109
f 4112 4122 4121
f 4109 4121 4115
f 4115 4121 4123
f 4115 4123 4120
f 4123 4124 4120
f 4121 4125 4123
f 4123 4126 4124
f 3998 4007 4111
f 4006 4111 4113
f 4007 4127 4111
f 4007 4021 4127
f 4111 4127 4128
f 4111 4128 4113
f 4110 4113 4114
f 4128 4129 4113
f 4021 4038 4127
f 4127 4038 4130
f 4127 4130 4128
f 4028 4041 4038
f 4041 4131 4038
f 4038 4131 4130
f 4113 4129 4114
f 4114 4129 4132
f 4118 4046 4043
f 4046 4119 4133
f 4046 4059 4045
f 4046 4133 4059
f 4059 4133 4134
f 4128 4130 4135
f 4041 4054 4131
f 4054 4136 4131
f 4130 4131 4137
f 4130 4137 4135
f 4136 4137 4131
f 4136 4138 4137
f 4054 4053 4136
f 4136 4053 4138
f 4137 4138 4139
f 4138 4140 4139
f 4128 4135 4129
f 4135 4141 4129
f 4129 4141 4132
f 4141 4142 4132
f 4137 4139 4135
f 4135 4139 4141
f 4141 4139 4143
f 4140 4143 4139
f 4059 4134 4060
f 4060 4134 4144
f 4134 4145 4144
f 4060 4144 4058
f 4138 4053 4140
f 4140 4053 4146
f 4053 4147 4146
f 4053 4148 4147
f 4140 4146 4143
f 4146 4147 4149
f 4058 4144 4063
f 4063 4144 4150
f 4063 4150 4066
f 4062 4063 4066
f 4053 4065 4151
f 4053 4151 4152
f 4064 4153 4065
f 4053 4154 4148
f 4053 4152 4155
f 4053 4155 4156
f 4064 4066 4153
f 4065 4157 4151
f 4053 4158 4154
f 4053 4159 4158
f 4053 4160 4159
f 4132 4142 4161
f 4146 4149 4143
f 4141 4143 4142
f 4143 4149 4142
f 4149 4162 4142
f 4147 4148 4163
f 4147 4163 4149
f 4148 4154 4164
f 4149 4163 4162
f 4148 4164 4163
f 4112 4114 4122
f 4121 4122 4125
f 4114 4132 4122
f 4122 4132 4161
f 4122 4161 4125
f 4161 4165 4125
f 4165 4126 4125
f 4165 4166 4126
f 4123 4125 4126
f 4142 4162 4161
f 4161 4162 4165
f 4165 4167 4166
f 4165 4162 4167
f 4162 4163 4167
f 4088 4120 4103
f 4103 4120 4168
f 4103 4168 4105
f 4168 4169 4105
f 4120 4124 4168
f 4082 4081 4170
f 4091 4082 4170
f 4091 4171 4092
f 4171 4172 4092
f 4091 4170 4171
f 4171 4173 4172
f 4172 4173 4174
f 3931 3933 4080
f 4080 3933 4175
f 4170 4081 4176
f 4080 4175 4081
f 4081 4175 4176
f 4176 4177 4178
f 4175 3933 3936
f 4175 3936 4179
f 4175 4179 4176
f 4176 4179 4177
f 4177 4179 4180
f 4177 4180 4181
f 4177 4181 4182
f 4170 4178 4171
f 4170 4176 4178
f 4178 4182 4173
f 4171 4178 4173
f 4174 4173 4183
f 4177 4182 4178
f 4104 4107 4106
f 4106 4107 4184
f 4101 4106 4185
f 4106 4184 4185
f 4185 4184 4186
f 4185 4186 4187
f 4174 4183 4188
f 4173 4182 4183
f 4189 4190 4188
f 4183 4189 4188
f 4183 4182 4191
f 4182 4181 4191
f 4189 4191 4192
f 4183 4191 4189
f 4187 4186 4193
f 4189 4194 4190
f 4194 4195 4190
f 4189 4192 4194
f 4196 4197 4195
f 4194 4196 4195
f 4196 4198 4197
f 4198 4199 4197
f 4117 4200 4119
f 4200 4201 4119
f 4133 4119 4201
f 4201 4202 4203
f 4117 4092 4172
f 4117 4172 4200
f 4200 4172 4174
f 4204 4174 4188
f 4200 4174 4204
f 4200 4204 4201
f 4201 4204 4202
f 4202 4205 4206
f 4202 4206 4207
f 4202 4204 4205
f 4204 4188 4205
f 4206 4208 4209
f 4206 4205 4210
f 4206 4210 4208
f 4208 4211 4212
f 4208 4213 4211
f 4211 4214 4215
f 4216 4214 4217
f 4134 4133 4203
f 4134 4203 4145
f 4133 4201 4203
f 4145 4203 4207
f 4145 4207 4218
f 4202 4207 4203
f 4209 4219 4218
f 4207 4209 4218
f 4209 4212 4219
f 4219 4212 4220
f 4144 4145 4150
f 4145 4218 4150
f 4150 4218 4221
f 4053 4156 4222
f 4065 4153 4157
f 4053 4223 4160
f 4053 4222 4224
f 4151 4225 4152
f 4053 4226 4223
f 4053 4224 4227
f 4053 4228 4226
f 4053 4227 4229
f 4053 4229 4228
f 4066 4150 4221
f 4066 4221 4153
f 4151 4157 4225
f 4152 4230 4155
f 4221 4231 4153
f 4153 4231 4157
f 4155 4232 4156
f 4156 4233 4222
f 4152 4225 4230
f 4221 4218 4219
f 4221 4219 4231
f 4154 4158 4234
f 4158 4159 4235
f 4154 4234 4164
f 4158 4235 4234
f 4159 4160 4236
f 4160 4223 4237
f 4159 4236 4235
f 4222 4238 4224
f 4155 4230 4232
f 4224 4239 4227
f 4228 4229 4240
f 4227 4241 4229
f 4231 4219 4220
f 4231 4220 4242
f 4242 4220 4243
f 4242 4243 4244
f 4157 4231 4242
f 4157 4242 4225
f 4225 4244 4230
f 4225 4242 4244
f 4223 4226 4245
f 4156 4232 4233
f 4228 4246 4226
f 4160 4237 4236
f 4223 4245 4237
f 4244 4247 4230
f 4230 4247 4232
f 4222 4233 4238
f 4224 4238 4239
f 4228 4240 4246
f 4226 4246 4245
f 4126 4248 4124
f 4248 4249 4250
f 4126 4166 4248
f 4248 4166 4251
f 4248 4251 4249
f 4249 4251 4252
f 4206 4209 4207
f 4253 4252 4254
f 4249 4252 4253
f 4254 4255 4256
f 4253 4254 4256
f 4167 4257 4166
f 4166 4257 4251
f 4257 4258 4251
f 4251 4258 4252
f 4163 4164 4167
f 4167 4164 4257
f 4164 4234 4257
f 4234 4258 4257
f 4234 4235 4258
f 4258 4259 4252
f 4259 4254 4252
f 4259 4260 4254
f 4254 4260 4255
f 4260 4261 4255
f 4235 4259 4258
f 4235 4236 4259
f 4236 4260 4259
f 4236 4237 4260
f 4237 4261 4260
f 4237 4245 4261
f 4220 4215 4243
f 4244 4262 4247
f 4244 4243 4262
f 4247 4262 4263
f 4247 4263 4264
f 4227 4239 4241
f 4229 4241 4240
f 4232 4247 4264
f 4232 4264 4233
f 4233 4264 4265
f 4233 4265 4238
f 4238 4266 4239
f 4238 4265 4266
f 4264 4267 4265
f 4239 4268 4241
f 4240 4241 4269
f 4239 4266 4268
f 4241 4268 4269
f 4208 4212 4209
f 4211 4215 4212
f 4220 4212 4215
f 4243 4215 4216
f 4243 4216 4262
f 4255 4270 4271
f 4255 4271 4256
f 4270 4272 4273
f 4270 4273 4271
f 4262 4274 4263
f 4262 4216 4274
f 4263 4275 4267
f 4263 4274 4275
f 4215 4214 4216
f 4216 4217 4274
f 4276 4272 4277
f 4276 4273 4272
f 4277 4278 4279
f 4276 4277 4279
f 4255 4261 4270
f 4261 4280 4270
f 4270 4280 4272
f 4281 4272 4280
f 4245 4280 4261
f 4245 4246 4280
f 4281 4246 4240
f 4281 4280 4246
f 4281 4240 4269
f 4263 4267 4264
f 4265 4267 4282
f 4265 4282 4266
f 4281 4277 4272
f 4281 4269 4277
f 4269 4278 4277
f 4269 4268 4278
f 4266 4282 4283
f 4266 4283 4268
f 4268 4283 4278
f 4105 4169 4107
f 4169 4284 4107
f 4168 4124 4250
f 4168 4250 4169
f 4169 4250 4285
f 4248 4250 4124
f 4249 4285 4250
f 4169 4285 4284
f 4253 4286 4285
f 4285 4286 4284
f 4286 4287 4284
f 4107 4284 4184
f 4184 4287 4186
f 4284 4287 4184
f 4205 4188 4190
f 4205 4190 4210
f 4210 4190 4195
f 4210 4195 4213
f 4286 4256 4288
f 4288 4271 4289
f 4286 4288 4287
f 4288 4289 4290
f 4208 4210 4213
f 4211 4291 4214
f 4211 4213 4291
f 4276 4292 4293
f 4289 4293 4294
f 4289 4273 4293
f 4287 4290 4186
f 4290 4193 4186
f 4290 4294 4193
f 4193 4294 4295
f 4294 4296 4295
f 4287 4288 4290
f 4289 4294 4290
f 4293 4296 4294
f 4249 4253 4285
f 4253 4256 4286
f 4288 4256 4271
f 4289 4271 4273
f 4276 4293 4273
f 4274 4217 4297
f 4267 4275 4298
f 4267 4298 4282
f 4282 4299 4283
f 4278 4283 4300
f 4282 4298 4299
f 4274 4297 4275
f 4278 4300 4279
f 4283 4299 4300
f 4275 4301 4298
f 4298 4302 4299
f 4213 4195 4197
f 4213 4197 4291
f 4214 4303 4217
f 4279 4304 4292
f 4214 4291 4303
f 4275 4297 4301
f 4300 4305 4304
f 4298 4301 4302
f 4299 4302 4305
f 4217 4306 4297
f 4217 4303 4306
f 4297 4307 4301
f 4297 4306 4307
f 4305 4302 4308
f 4291 4197 4199
f 4291 4199 4303
f 4296 4309 4310
f 4303 4311 4306
f 4303 4199 4311
f 4309 4312 4313
f 4312 4308 4314
f 4293 4292 4296
f 4292 4309 4296
f 4292 4304 4309
f 4304 4305 4312
f 4304 4312 4309
f 4305 4308 4312
f 4301 4315 4302
f 4306 4311 4316
f 4307 4316 4317
f 4306 4316 4307
f 4308 4315 4318
f 4307 4317 4315
f 4301 4307 4315
f 4302 4315 4308
f 4276 4279 4292
f 4279 4300 4304
f 4300 4299 4305
f 3847 4319 3850
f 3847 3874 4319
f 3846 3872 3873
f 3850 4320 3871
f 3850 4319 4320
f 3866 4321 3867
f 3867 4322 3876
f 3861 3873 3879
f 3871 4323 3872
f 3862 3879 3880
f 3877 3878 4324
f 3877 4324 3884
f 3866 3880 4321
f 3871 4320 4323
f 3872 4325 3873
f 3872 4323 4325
f 3873 4326 3879
f 3873 4325 4326
f 3851 4327 3874
f 3851 3920 4327
f 3874 4328 4319
f 3900 4329 3920
f 3900 3901 4329
f 3920 4330 4327
f 3920 4329 4330
f 3874 4327 4328
f 3883 3884 3923
f 4319 4331 4320
f 4319 4328 4331
f 4320 4332 4323
f 4320 4331 4332
f 4327 4333 4328
f 4327 4330 4333
f 4328 4334 4331
f 4328 4333 4334
f 3901 4335 4329
f 3901 3927 4335
f 3927 3928 4336
f 3927 4336 4335
f 4329 4335 4337
f 3928 3929 4338
f 3928 4338 4336
f 4335 4336 4339
f 4336 4338 4340
f 4329 4337 4330
f 4335 4339 4337
f 4330 4337 4341
f 4330 4341 4333
f 4337 4342 4341
f 4337 4339 4342
f 4336 4340 4339
f 3875 3882 3881
f 3867 4321 4322
f 3876 4322 3882
f 3878 3881 4343
f 3878 4343 4324
f 3879 4344 3880
f 3879 4326 4344
f 3881 3882 4345
f 3881 4345 4343
f 3880 4346 4321
f 3882 4322 4347
f 4321 4348 4322
f 3882 4347 4345
f 3880 4344 4346
f 4321 4346 4348
f 4322 4348 4347
f 3884 4349 3923
f 3884 4324 4349
f 3924 3923 4350
f 3923 4349 4350
f 4350 4349 4351
f 4324 4352 4349
f 4324 4343 4352
f 4343 4353 4352
f 4349 4352 4351
f 4343 4345 4353
f 4352 4353 4354
f 4351 4352 4354
f 3924 4350 3934
f 4350 4355 3934
f 3934 4355 3935
f 4350 4351 4355
f 4355 4356 4357
f 3935 4355 4357
f 3935 4357 3936
f 4333 4341 4358
f 4355 4351 4356
f 4339 4340 4359
f 4341 4342 4360
f 4339 4359 4342
f 4342 4359 4361
f 4357 4362 3936
f 4357 4363 4362
f 4363 4364 4362
f 4351 4354 4356
f 4356 4365 4363
f 4354 4365 4356
f 4357 4356 4363
f 4363 4366 4364
f 4363 4365 4366
f 4366 4367 4364
f 4323 4368 4325
f 4323 4332 4368
f 4325 4369 4326
f 4325 4368 4369
f 4326 4370 4344
f 4331 4371 4332
f 4331 4334 4371
f 4332 4372 4368
f 4332 4371 4372
f 4345 4347 4373
f 4345 4373 4353
f 4326 4369 4370
f 4344 4374 4346
f 4347 4348 4375
f 4347 4375 4373
f 4354 4353 4376
f 4353 4373 4376
f 4376 4373 4377
f 4344 4370 4374
f 4346 4378 4348
f 4346 4374 4378
f 4368 4379 4369
f 4368 4372 4379
f 4369 4380 4370
f 4369 4379 4380
f 4370 4381 4374
f 4370 4380 4381
f 4333 4358 4334
f 4341 4360 4358
f 4334 4358 4382
f 4334 4382 4371
f 4371 4382 4383
f 4358 4384 4382
f 4358 4360 4384
f 4342 4361 4360
f 4371 4383 4372
f 4382 4385 4383
f 4354 4376 4365
f 4376 4386 4365
f 4365 4386 4366
f 4360 4361 4387
f 4382 4384 4385
f 4360 4387 4384
f 4384 4387 4388
f 4384 4388 4385
f 4372 4389 4379
f 4372 4383 4389
f 4379 4389 4390
f 4383 4391 4389
f 4379 4390 4380
f 4383 4385 4391
f 4385 4388 4392
f 4348 4378 4375
f 4373 4375 4377
f 4375 4378 4393
f 4377 4375 4393
f 4374 4394 4378
f 4374 4381 4394
f 4378 4394 4393
f 4376 4377 4386
f 4386 4377 4395
f 4386 4395 4396
f 4366 4386 4396
f 4366 4396 4367
f 4396 4397 4367
f 4396 4395 4398
f 4396 4398 4397
f 4398 4399 4397
f 4377 4393 4395
f 4380 4400 4381
f 4380 4390 4400
f 4389 4401 4390
f 4393 4402 4395
f 4395 4402 4398
f 4393 4394 4402
f 4381 4403 4394
f 4381 4400 4403
f 4390 4404 4400
f 4389 4391 4401
f 4385 4392 4391
f 4391 4392 4405
f 4391 4405 4401
f 4390 4401 4404
f 4401 4405 4406
f 4394 4403 4402
f 4402 4403 4407
f 4400 4408 4403
f 4398 4402 4407
f 4398 4407 4399
f 4407 4409 4399
f 4400 4404 4408
f 4403 4408 4407
f 4401 4406 4404
f 4404 4406 4410
f 4407 4408 4409
f 4408 4410 4409
f 4404 4410 4408
f 3929 4411 4338
f 4097 4411 3929
f 4338 4412 4340
f 4338 4411 4412
f 4097 4100 4411
f 3936 4362 4179
f 4100 4413 4411
f 4100 4414 4413
f 4411 4413 4412
f 4412 4413 4415
f 4413 4416 4415
f 4340 4417 4359
f 4412 4417 4340
f 4359 4418 4361
f 4359 4417 4418
f 4412 4415 4417
f 4417 4415 4419
f 4179 4362 4180
f 4362 4364 4180
f 4180 4364 4420
f 4181 4180 4420
f 4181 4420 4421
f 4181 4421 4191
f 4420 4364 4367
f 4415 4422 4419
f 4417 4419 4418
f 4419 4423 4418
f 4419 4424 4423
f 4100 4101 4414
f 4101 4185 4414
f 4414 4187 4416
f 4413 4414 4416
f 4185 4187 4414
f 4416 4422 4415
f 4416 4425 4422
f 4421 4192 4191
f 4187 4193 4425
f 4425 4193 4295
f 4416 4187 4425
f 4425 4295 4426
f 4426 4295 4310
f 4425 4426 4422
f 4419 4422 4424
f 4426 4424 4422
f 4423 4424 4427
f 4426 4428 4424
f 4361 4429 4387
f 4361 4418 4429
f 4429 4430 4387
f 4387 4430 4388
f 4418 4423 4429
f 4429 4423 4431
f 4429 4431 4430
f 4420 4432 4421
f 4421 4433 4192
f 4420 4367 4432
f 4367 4397 4432
f 4432 4397 4434
f 4421 4432 4433
f 4432 4434 4433
f 4423 4427 4431
f 4435 4433 4436
f 4433 4434 4436
f 4437 4436 4438
f 4438 4439 4440
f 4192 4435 4194
f 4192 4433 4435
f 4196 4435 4437
f 4437 4440 4198
f 4194 4435 4196
f 4426 4310 4428
f 4428 4310 4313
f 4428 4313 4441
f 4196 4437 4198
f 4442 4311 4199
f 4198 4442 4199
f 4313 4314 4441
f 4314 4443 4441
f 4428 4427 4424
f 4431 4427 4444
f 4435 4436 4437
f 4427 4441 4444
f 4444 4443 4445
f 4428 4441 4427
f 4441 4443 4444
f 4311 4446 4316
f 4198 4440 4442
f 4314 4318 4443
f 4442 4446 4311
f 4318 4317 4447
f 4318 4447 4443
f 4316 4448 4317
f 4316 4446 4448
f 4437 4438 4440
f 4442 4440 4449
f 4447 4450 4445
f 4439 4449 4440
f 4449 4451 4446
f 4448 4451 4450
f 4443 4447 4445
f 4442 4449 4446
f 4446 4451 4448
f 4317 4448 4447
f 4447 4448 4450
f 4388 4452 4392
f 4388 4430 4452
f 4434 4397 4399
f 4431 4453 4430
f 4431 4444 4453
f 4453 4452 4430
f 4436 4434 4454
f 4453 4445 4455
f 4453 4455 4452
f 4452 4455 4456
f 4392 4456 4405
f 4392 4452 4456
f 4434 4399 4454
f 4454 4399 4409
f 4454 4409 4457
f 4436 4454 4438
f 4454 4457 4438
f 4450 4458 4455
f 4456 4455 4458
f 4456 4458 4459
f 4438 4457 4439
f 4439 4460 4449
f 4459 4458 4460
f 4439 4457 4461
f 4439 4461 4460
f 4451 4460 4458
f 4405 4459 4406
f 4405 4456 4459
f 4457 4409 4410
f 4459 4461 4406
f 4457 4410 4461
f 4406 4461 4410
f 4459 4460 4461
f 4453 4444 4445
f 4445 4450 4455
f 4450 4451 4458
f 4449 4460 4451
f 4295 4296 4310
f 4309 4313 4310
f 4312 4314 4313
f 4314 4308 4318
f 4315 4317 4318
f 4462 4463 4464
f 4463 4465 4466
f 4462 4467 4463
f 4468 4467 4462
f 4468 4469 4470
f 4463 4467 4471
f 4463 4471 4465
f 4468 4462 4469
f 4469 4472 4470
f 4465 4473 4474
f 4473 4475 4474
f 4462 4476 4469
f 4469 4477 4472
f 4472 4478 4479
f 4464 4466 4480
f 4481 4480 4466
f 4464 4480 4482
f 4481 4483 4480
f 4480 4484 4482
f 4481 4485 4486
f 4481 4486 4483
f 4485 4487 4486
f 4463 4466 4464
f 4462 4464 4476
f 4465 4474 4466
f 4469 4476 4477
f 4481 4466 4474
f 4464 4482 4476
f 4481 4474 4485
f 4474 4475 4485
f 4475 4488 4485
f 4472 4477 4478
f 4475 4489 4488
f 4488 4489 4490
f 4490 4491 4492
f 4492 4491 4493
f 4476 4482 4494
f 4476 4494 4477
f 4477 4494 4495
f 4477 4495 4478
f 4478 4496 4497
f 4478 4495 4496
f 4488 4487 4485
f 4482 4498 4494
f 4494 4499 4495
f 4488 4500 4487
f 4488 4490 4500
f 4490 4492 4500
f 4495 4501 4496
f 4502 4503 4504
f 4503 4505 4506
f 4502 4505 4503
f 4502 4504 4507
f 4508 4509 4471
f 4506 4505 4510
f 4506 4510 4508
f 4508 4510 4511
f 4508 4511 4509
f 4512 4505 4502
f 4513 4502 4507
f 4511 4514 4509
f 4515 4509 4514
f 4515 4516 4509
f 4515 4517 4516
f 4515 4518 4517
f 4517 4518 4519
f 4519 4520 4521
f 4468 4503 4506
f 4468 4506 4467
f 4468 4470 4503
f 4503 4470 4504
f 4506 4508 4467
f 4467 4508 4471
f 4471 4509 4516
f 4504 4470 4522
f 4504 4522 4523
f 4523 4522 4524
f 4504 4523 4507
f 4507 4523 4525
f 4525 4523 4526
f 4525 4526 4527
f 4526 4528 4527
f 4523 4524 4526
f 4526 4524 4529
f 4526 4529 4528
f 4528 4529 4530
f 4465 4471 4516
f 4465 4516 4473
f 4516 4517 4473
f 4517 4531 4473
f 4472 4522 4470
f 4472 4479 4522
f 4522 4479 4524
f 4524 4479 4532
f 4473 4531 4475
f 4531 4521 4489
f 4517 4519 4531
f 4519 4521 4531
f 4533 4521 4520
f 4533 4534 4521
f 4533 4535 4536
f 4524 4532 4529
f 4529 4532 4537
f 4529 4537 4530
f 4530 4537 4538
f 4513 4512 4502
f 4513 4507 4539
f 4512 4540 4505
f 4540 4541 4510
f 4542 4543 4514
f 4540 4510 4505
f 4539 4507 4525
f 4541 4511 4510
f 4515 4514 4543
f 4515 4543 4518
f 4544 4525 4527
f 4539 4525 4544
f 4545 4514 4511
f 4544 4527 4546
f 4543 4547 4518
f 4518 4547 4548
f 4549 4548 4547
f 4549 4550 4548
f 4546 4527 4551
f 4552 4551 4553
f 4519 4518 4548
f 4519 4548 4520
f 4520 4548 4550
f 4520 4550 4554
f 4541 4545 4511
f 4543 4555 4547
f 4542 4514 4545
f 4549 4556 4550
f 4556 4557 4550
f 4513 4558 4512
f 4513 4539 4558
f 4512 4558 4540
f 4539 4544 4558
f 4541 4558 4545
f 4540 4558 4541
f 4544 4546 4558
f 4547 4555 4559
f 4546 4552 4558
f 4549 4560 4556
f 4542 4555 4543
f 4549 4547 4559
f 4556 4561 4557
f 4557 4561 4562
f 4557 4562 4563
f 4562 4564 4563
f 4562 4565 4564
f 4546 4551 4552
f 4552 4553 4566
f 4566 4553 4567
f 4566 4567 4568
f 4569 4570 4568
f 4567 4569 4568
f 4569 4571 4570
f 4557 4554 4550
f 4557 4563 4554
f 4533 4520 4554
f 4533 4554 4535
f 4554 4563 4535
f 4563 4572 4535
f 4572 4573 4574
f 4564 4575 4573
f 4576 4573 4575
f 4564 4572 4563
f 4564 4573 4572
f 4576 4577 4573
f 4528 4551 4527
f 4528 4578 4551
f 4551 4578 4553
f 4553 4578 4579
f 4553 4579 4567
f 4567 4579 4580
f 4528 4530 4578
f 4578 4530 4581
f 4578 4581 4579
f 4579 4581 4582
f 4579 4582 4580
f 4567 4580 4569
f 4569 4580 4583
f 4569 4583 4571
f 4571 4584 4585
f 4571 4583 4584
f 4582 4586 4580
f 4580 4586 4583
f 4586 4587 4583
f 4584 4583 4587
f 4572 4588 4535
f 4530 4538 4581
f 4581 4538 4589
f 4581 4589 4582
f 4582 4589 4590
f 4582 4590 4586
f 4586 4590 4591
f 4586 4591 4587
f 4587 4591 4592
f 4590 4593 4591
f 4591 4594 4592
f 4531 4489 4475
f 4521 4534 4489
f 4534 4536 4491
f 4535 4588 4536
f 4533 4536 4534
f 4536 4588 4595
f 4596 4595 4588
f 4596 4597 4598
f 4573 4577 4574
f 4576 4599 4577
f 4599 4600 4577
f 4599 4601 4600
f 4572 4574 4588
f 4596 4588 4574
f 4574 4577 4597
f 4577 4600 4597
f 4596 4574 4597
f 4600 4602 4597
f 4597 4602 4598
f 4600 4603 4602
f 4601 4603 4600
f 4601 4604 4603
f 4479 4497 4532
f 4532 4605 4537
f 4537 4606 4538
f 4589 4538 4607
f 4589 4608 4590
f 4479 4478 4497
f 4534 4490 4489
f 4534 4491 4490
f 4536 4595 4491
f 4532 4497 4605
f 4605 4497 4609
f 4537 4605 4606
f 4538 4606 4607
f 4605 4610 4606
f 4606 4611 4607
f 4491 4595 4493
f 4612 4493 4595
f 4596 4612 4595
f 4596 4598 4612
f 4496 4609 4497
f 4605 4609 4610
f 4606 4610 4611
f 4496 4613 4609
f 4609 4613 4614
f 4610 4615 4611
f 4610 4609 4614
f 4610 4614 4615
f 4589 4607 4608
f 4607 4611 4616
f 4607 4616 4608
f 4590 4608 4593
f 4591 4593 4594
f 4608 4617 4593
f 4593 4618 4594
f 4593 4617 4618
f 4608 4616 4617
f 4617 4616 4619
f 4617 4619 4620
f 4616 4611 4621
f 4611 4615 4621
f 4616 4621 4619
f 4492 4622 4500
f 4492 4493 4623
f 4492 4623 4622
f 4493 4624 4623
f 4602 4603 4625
f 4603 4626 4625
f 4604 4626 4603
f 4604 4627 4626
f 4626 4627 4628
f 4628 4627 4629
f 4628 4629 4630
f 4602 4631 4598
f 4612 4598 4632
f 4598 4631 4632
f 4631 4625 4633
f 4612 4624 4493
f 4612 4632 4624
f 4632 4634 4624
f 4631 4635 4632
f 4614 4636 4615
f 4632 4635 4634
f 4631 4633 4635
f 4633 4637 4635
f 4602 4625 4631
f 4626 4638 4625
f 4628 4639 4638
f 4633 4625 4638
f 4626 4628 4638
f 4615 4636 4640
f 4621 4615 4640
f 4621 4641 4619
f 4619 4641 4642
f 4621 4640 4641
f 4640 4643 4641
f 4633 4638 4644
f 4633 4644 4637
f 4644 4645 4637
f 4644 4646 4645
f 4638 4639 4644
f 4628 4630 4639
f 4630 4647 4639
f 4630 4648 4647
f 4648 4649 4647
f 4648 4650 4649
f 4644 4639 4646
f 4639 4647 4646
f 4647 4649 4651
f 4647 4651 4646
f 4652 4653 4561
f 4560 4558 4652
f 4652 4558 4653
f 4654 4653 4655
f 4654 4655 4656
f 4657 4655 4558
f 4657 4656 4655
f 4653 4558 4655
f 4656 4658 4659
f 4659 4658 4660
f 4659 4660 4661
f 4661 4660 4662
f 4663 4664 4665
f 4663 4665 4666
f 4666 4665 4667
f 4668 4558 4669
f 4657 4668 4658
f 4663 4558 4664
f 4668 4669 4670
f 4669 4558 4663
f 4668 4670 4658
f 4670 4671 4660
f 4657 4558 4668
f 4657 4658 4656
f 4558 4672 4673
f 4558 4674 4672
f 4670 4660 4658
f 4664 4558 4675
f 4558 4676 4675
f 4669 4663 4666
f 4670 4669 4666
f 4558 4677 4676
f 4670 4666 4671
f 4666 4667 4671
f 4558 4673 4677
f 4672 4674 4678
f 4671 4679 4662
f 4671 4662 4660
f 4671 4667 4679
f 4667 4680 4679
f 4662 4681 4682
f 4679 4683 4681
f 4679 4681 4662
f 4680 4683 4679
f 4680 4684 4683
f 4683 4685 4681
f 4683 4684 4686
f 4687 4688 4689
f 4687 4690 4688
f 4688 4690 4691
f 4692 4693 4694
f 4688 4692 4689
f 4688 4695 4692
f 4688 4691 4695
f 4691 4696 4695
f 4692 4695 4697
f 4675 4676 4698
f 4675 4698 4699
f 4664 4675 4699
f 4664 4699 4665
f 4667 4665 4700
f 4665 4699 4700
f 4676 4701 4698
f 4699 4698 4702
f 4699 4702 4700
f 4687 4702 4698
f 4676 4677 4701
f 4677 4703 4701
f 4700 4702 4704
f 4680 4700 4704
f 4667 4700 4680
f 4704 4702 4689
f 4687 4689 4702
f 4677 4673 4703
f 4672 4705 4673
f 4672 4678 4705
f 4673 4705 4703
f 4703 4705 4706
f 4706 4705 4707
f 4678 4707 4705
f 4707 4708 4709
f 4687 4698 4701
f 4690 4701 4703
f 4687 4701 4690
f 4690 4703 4706
f 4690 4706 4691
f 4691 4706 4710
f 4706 4707 4710
f 4710 4707 4709
f 4680 4704 4684
f 4704 4694 4684
f 4704 4689 4694
f 4692 4694 4689
f 4694 4711 4684
f 4691 4710 4696
f 4696 4710 4712
f 4710 4709 4712
f 4712 4709 4713
f 4712 4713 4714
f 4683 4686 4685
f 4686 4715 4685
f 4686 4716 4715
f 4716 4717 4715
f 4716 4718 4717
f 4693 4719 4720
f 4697 4721 4722
f 4692 4697 4693
f 4695 4721 4697
f 4697 4719 4693
f 4697 4722 4719
f 4719 4723 4720
f 4724 4719 4722
f 4724 4723 4719
f 4684 4711 4686
f 4693 4711 4694
f 4716 4711 4720
f 4693 4720 4711
f 4686 4711 4716
f 4713 4725 4714
f 4725 4726 4727
f 4716 4720 4718
f 4720 4723 4718
f 4728 4729 4730
f 4728 4731 4729
f 4729 4731 4732
f 4695 4696 4721
f 4696 4712 4733
f 4696 4733 4721
f 4728 4722 4721
f 4728 4721 4733
f 4728 4733 4731
f 4731 4733 4714
f 4733 4712 4714
f 4731 4714 4734
f 4728 4730 4722
f 4724 4722 4730
f 4732 4731 4734
f 4732 4734 4735
f 4734 4714 4725
f 4734 4725 4727
f 4734 4727 4735
f 4735 4727 4736
f 4737 4736 4727
f 4717 4718 4738
f 4738 4739 4740
f 4724 4741 4723
f 4724 4742 4741
f 4741 4742 4743
f 4743 4742 4744
f 4743 4744 4745
f 4741 4739 4723
f 4723 4739 4718
f 4741 4746 4739
f 4718 4739 4738
f 4740 4739 4746
f 4740 4746 4747
f 4741 4743 4746
f 4743 4748 4746
f 4743 4745 4748
f 4745 4749 4750
f 4746 4748 4747
f 4748 4751 4747
f 4745 4750 4748
f 4748 4750 4751
f 4750 4752 4751
f 4749 4753 4750
f 4750 4753 4752
f 4730 4729 4754
f 4729 4732 4755
f 4732 4756 4755
f 4729 4755 4754
f 4732 4735 4756
f 4755 4757 4754
f 4754 4757 4744
f 4744 4757 4758
f 4755 4759 4757
f 4759 4760 4757
f 4756 4761 4759
f 4759 4761 4762
f 4755 4756 4759
f 4756 4763 4761
f 4761 4764 4765
f 4761 4763 4764
f 4760 4766 4767
f 4760 4758 4757
f 4760 4767 4758
f 4766 4768 4767
f 4759 4762 4760
f 4761 4765 4762
f 4762 4769 4766
f 4762 4765 4769
f 4765 4770 4769
f 4765 4771 4770
f 4769 4772 4766
f 4769 4773 4772
f 4769 4770 4773
f 4770 4774 4773
f 4770 4775 4774
f 4760 4762 4766
f 4765 4764 4771
f 4770 4771 4775
f 4766 4772 4768
f 4775 4776 4774
f 4730 4754 4742
f 4724 4730 4742
f 4754 4744 4742
f 4735 4763 4756
f 4735 4736 4763
f 4763 4777 4764
f 4764 4777 4778
f 4736 4779 4777
f 4779 4780 4777
f 4763 4736 4777
f 4777 4780 4778
f 4778 4780 4781
f 4778 4781 4782
f 4764 4778 4771
f 4745 4744 4758
f 4745 4758 4749
f 4758 4767 4749
f 4767 4783 4749
f 4749 4783 4753
f 4767 4768 4783
f 4784 4782 4785
f 4781 4785 4782
f 4784 4785 4786
f 4771 4782 4775
f 4771 4778 4782
f 4775 4782 4784
f 4775 4784 4776
f 4776 4784 4787
f 4784 4786 4787
f 4787 4786 4788
f 4542 4545 4558
f 4542 4558 4555
f 4549 4559 4560
f 4556 4652 4561
f 4555 4558 4559
f 4556 4560 4652
f 4559 4558 4560
f 4654 4561 4653
f 4558 4570 4789
f 4562 4561 4654
f 4562 4654 4565
f 4654 4656 4565
f 4552 4566 4558
f 4566 4568 4558
f 4558 4568 4570
f 4558 4789 4790
f 4558 4790 4791
f 4558 4792 4793
f 4558 4791 4792
f 4656 4659 4565
f 4791 4790 4794
f 4791 4795 4792
f 4659 4661 4575
f 4659 4575 4565
f 4564 4565 4575
f 4571 4789 4570
f 4789 4585 4790
f 4790 4585 4794
f 4571 4585 4789
f 4794 4585 4796
f 4791 4794 4795
f 4794 4797 4795
f 4794 4796 4797
f 4795 4797 4798
f 4797 4799 4800
f 4558 4793 4801
f 4558 4801 4674
f 4801 4793 4802
f 4792 4803 4793
f 4793 4803 4802
f 4801 4804 4674
f 4674 4804 4678
f 4801 4802 4804
f 4802 4805 4806
f 4804 4802 4806
f 4806 4805 4807
f 4792 4795 4803
f 4795 4798 4803
f 4802 4803 4805
f 4803 4798 4805
f 4797 4800 4798
f 4798 4800 4808
f 4798 4808 4805
f 4807 4805 4808
f 4576 4575 4661
f 4576 4661 4682
f 4661 4662 4682
f 4576 4682 4599
f 4682 4681 4809
f 4808 4800 4810
f 4808 4810 4811
f 4584 4796 4585
f 4584 4812 4796
f 4584 4587 4812
f 4796 4799 4797
f 4796 4812 4799
f 4587 4592 4812
f 4812 4592 4813
f 4812 4813 4799
f 4799 4813 4814
f 4592 4815 4813
f 4799 4814 4800
f 4800 4814 4810
f 4814 4813 4816
f 4814 4817 4810
f 4804 4708 4678
f 4804 4806 4708
f 4678 4708 4707
f 4806 4807 4818
f 4708 4806 4818
f 4709 4708 4818
f 4807 4811 4819
f 4709 4818 4713
f 4818 4819 4713
f 4807 4819 4818
f 4819 4811 4726
f 4807 4808 4811
f 4810 4820 4811
f 4819 4725 4713
f 4599 4682 4809
f 4681 4685 4809
f 4809 4685 4821
f 4685 4715 4821
f 4599 4809 4601
f 4601 4809 4821
f 4821 4715 4822
f 4601 4821 4604
f 4604 4821 4822
f 4715 4717 4822
f 4592 4594 4815
f 4813 4815 4816
f 4815 4594 4823
f 4814 4816 4817
f 4816 4824 4817
f 4815 4825 4816
f 4815 4823 4825
f 4816 4825 4824
f 4825 4823 4826
f 4810 4817 4820
f 4726 4811 4820
f 4820 4817 4827
f 4819 4726 4725
f 4726 4820 4737
f 4726 4737 4727
f 4737 4820 4827
f 4827 4824 4828
f 4737 4827 4779
f 4827 4828 4779
f 4817 4824 4827
f 4825 4829 4824
f 4828 4824 4829
f 4825 4826 4829
f 4594 4618 4823
f 4823 4618 4830
f 4617 4620 4618
f 4618 4620 4830
f 4826 4823 4830
f 4737 4779 4736
f 4717 4831 4822
f 4604 4822 4627
f 4822 4831 4627
f 4717 4738 4831
f 4738 4832 4831
f 4831 4832 4629
f 4738 4740 4832
f 4740 4833 4832
f 4831 4629 4627
f 4832 4834 4629
f 4828 4780 4779
f 4828 4835 4780
f 4826 4836 4829
f 4826 4837 4836
f 4836 4837 4838
f 4828 4829 4835
f 4829 4836 4835
f 4835 4836 4839
f 4836 4838 4839
f 4838 4840 4839
f 4838 4841 4842
f 4740 4747 4833
f 4747 4843 4833
f 4832 4833 4834
f 4833 4844 4834
f 4629 4834 4630
f 4834 4844 4648
f 4833 4843 4844
f 4844 4845 4650
f 4843 4845 4844
f 4843 4846 4845
f 4747 4751 4843
f 4751 4752 4846
f 4751 4846 4843
f 4838 4842 4840
f 4842 4847 4848
f 4830 4620 4849
f 4620 4642 4849
f 4826 4830 4837
f 4830 4849 4837
f 4849 4841 4837
f 4849 4642 4850
f 4849 4850 4841
f 4619 4642 4620
f 4641 4851 4642
f 4642 4851 4850
f 4641 4643 4851
f 4643 4852 4851
f 4851 4853 4850
f 4838 4837 4841
f 4850 4847 4841
f 4834 4648 4630
f 4844 4650 4648
f 4643 4854 4852
f 4854 4855 4852
f 4851 4852 4853
f 4853 4852 4856
f 4856 4852 4855
f 4857 4855 4858
f 4842 4841 4847
f 4850 4853 4847
f 4853 4856 4859
f 4853 4859 4847
f 4848 4847 4859
f 4848 4859 4860
f 4860 4859 4861
f 4859 4856 4861
f 4856 4855 4857
f 4861 4856 4857
f 4835 4781 4780
f 4781 4839 4785
f 4835 4839 4781
f 4785 4839 4840
f 4785 4840 4786
f 4786 4840 4862
f 4786 4862 4788
f 4788 4862 4863
f 4842 4862 4840
f 4842 4848 4862
f 4862 4848 4863
f 4863 4848 4860
f 4649 4650 4864
f 4649 4865 4651
f 4649 4864 4865
f 4864 4866 4865
f 4864 4867 4866
f 4866 4867 4868
f 4753 4869 4752
f 4753 4870 4869
f 4869 4870 4871
f 4768 4872 4873
f 4874 4872 4875
f 4773 4876 4772
f 4773 4877 4876
f 4773 4774 4877
f 4877 4878 4876
f 4877 4879 4878
f 4878 4879 4880
f 4772 4876 4872
f 4772 4872 4768
f 4876 4875 4872
f 4876 4878 4875
f 4878 4881 4875
f 4875 4881 4882
f 4878 4880 4881
f 4881 4883 4884
f 4880 4883 4881
f 4880 4885 4883
f 4883 4885 4886
f 4886 4885 4887
f 4783 4873 4870
f 4768 4873 4783
f 4873 4872 4874
f 4874 4875 4882
f 4873 4874 4888
f 4874 4889 4888
f 4874 4882 4889
f 4783 4870 4753
f 4873 4888 4870
f 4871 4870 4888
f 4871 4888 4890
f 4888 4889 4890
f 4776 4787 4891
f 4787 4892 4891
f 4892 4893 4894
f 4787 4788 4892
f 4788 4895 4892
f 4892 4895 4893
f 4893 4896 4897
f 4893 4895 4896
f 4896 4898 4897
f 4882 4899 4889
f 4889 4900 4890
f 4889 4899 4900
f 4899 4901 4902
f 4899 4902 4900
f 4882 4881 4884
f 4882 4884 4899
f 4883 4903 4884
f 4884 4901 4899
f 4884 4903 4901
f 4883 4886 4903
f 4898 4904 4905
f 4886 4887 4906
f 4902 4901 4907
f 4903 4908 4909
f 4886 4908 4903
f 4886 4906 4908
f 4906 4910 4908
f 4906 4911 4910
f 4910 4911 4912
f 4901 4909 4907
f 4903 4909 4901
f 4908 4913 4909
f 4907 4909 4914
f 4909 4913 4914
f 4907 4914 4915
f 4914 4916 4915
f 4913 4917 4914
f 4914 4917 4916
f 4908 4910 4913
f 4910 4918 4913
f 4913 4918 4917
f 4910 4912 4918
f 4918 4912 4919
f 4918 4919 3502
f 4917 4918 3505
f 4917 3505 3504
f 4917 3500 4916
f 4917 3504 3500
f 4918 3502 3501
f 4918 3501 3505
f 4919 3503 3502
f 4845 4846 4920
f 4845 4920 4921
f 4920 4922 4923
f 4752 4869 4924
f 4752 4924 4846
f 4869 4925 4924
f 4869 4871 4925
f 4871 4890 4926
f 4871 4926 4925
f 4846 4924 4920
f 4920 4924 4922
f 4924 4925 4922
f 4925 4926 4927
f 4925 4927 4922
f 4922 4927 4928
f 4926 4890 4929
f 4927 4930 4931
f 4926 4930 4927
f 4926 4929 4930
f 4930 4932 4931
f 4930 4929 4933
f 4930 4933 4932
f 4845 4921 4650
f 4650 4921 4864
f 4864 4921 4867
f 4920 4923 4921
f 4921 4923 4867
f 4923 4934 4867
f 4922 4928 4923
f 4923 4928 4934
f 4867 4934 4868
f 4861 4857 4935
f 4936 4937 4935
f 4858 4938 4936
f 4857 4858 4936
f 4857 4936 4935
f 4936 4938 4939
f 4939 4938 4940
f 4936 4939 4937
f 4940 4941 4942
f 4939 4940 4942
f 4928 4943 4934
f 4928 4931 4943
f 4943 4944 4945
f 4934 4946 4868
f 4947 4868 4946
f 4934 4943 4946
f 4947 4946 4948
f 4943 4945 4946
f 4945 4948 4946
f 4927 4931 4928
f 4932 4944 4931
f 4943 4931 4944
f 4949 4950 4941
f 4949 4951 4952
f 4953 4952 4951
f 4863 4954 4895
f 4863 4860 4954
f 4860 4955 4954
f 4954 4955 4956
f 4955 4957 4956
f 4957 4958 4959
f 4788 4863 4895
f 4895 4954 4896
f 4896 4956 4898
f 4896 4954 4956
f 4898 4956 4959
f 4957 4959 4956
f 4890 4900 4929
f 4900 4960 4929
f 4900 4902 4960
f 4933 4929 4960
f 4958 4961 4962
f 4898 4959 4904
f 4904 4959 4963
f 4904 4963 4964
f 4963 4965 4964
f 4958 4963 4959
f 4958 4962 4963
f 4963 4962 4965
f 4965 4962 4966
f 4962 4967 4966
f 4860 4861 4955
f 4955 4861 4935
f 4955 4935 4957
f 4957 4935 4937
f 4939 4961 4937
f 4957 4937 4958
f 4958 4937 4961
f 4939 4942 4961
f 4961 4942 4967
f 4967 4942 4950
f 4962 4961 4967
f 4967 4950 4968
f 4950 4969 4968
f 4941 4950 4942
f 4949 4969 4950
f 4949 4952 4969
f 4966 4967 4968
f 4933 4970 4932
f 4932 4970 4971
f 4972 4973 4974
f 4972 4975 4976
f 4977 4976 4975
f 4978 4979 4980
f 4981 4977 4982
f 4981 4983 4980
f 4978 4984 4979
f 4978 4980 4983
f 4978 4983 4984
f 4985 4979 4986
f 4987 4986 4988
f 4989 4979 4985
f 4948 4990 4991
f 4991 4990 4992
f 4993 4994 4989
f 4945 4995 4948
f 4948 4995 4990
f 4990 4996 4992
f 4997 4994 4992
f 4998 4985 4987
f 4993 4989 4985
f 4989 4994 4997
f 4996 4997 4992
f 4987 4985 4986
f 4987 4988 4999
f 5000 5001 5002
f 5002 5003 5004
f 4932 4971 4944
f 4971 4973 4944
f 4972 4995 4973
f 4945 4944 4973
f 4945 4973 4995
f 4990 4995 4976
f 4971 4974 4973
f 4972 4976 4995
f 4989 4980 4979
f 4981 4980 4997
f 4981 4997 4996
f 4990 4976 4996
f 4989 4997 4980
f 4999 4988 5005
f 5001 5005 5006
f 4977 4996 4976
f 4981 4996 4977
f 5002 5006 5007
f 5002 5007 5003
f 5003 5007 5008
f 5003 5008 5009
f 5010 5011 5012
f 5013 5014 5015
f 4953 5013 5015
f 5011 5016 5017
f 4999 5005 5001
f 5001 5006 5002
f 5003 5009 5018
f 5010 5016 5011
f 5010 5012 5009
f 4984 4986 4979
f 5019 4988 4986
f 5020 5005 4988
f 5021 5006 5005
f 4984 5019 4986
f 5019 5020 4988
f 4933 4960 5022
f 4960 5023 5022
f 4902 5023 4960
f 4902 4907 5023
f 4907 4915 5023
f 5023 5024 5022
f 5023 4915 5024
f 5025 5026 5024
f 5022 5024 5027
f 5027 5028 5029
f 5024 5026 5027
f 5027 5026 5028
f 4933 5022 4970
f 5022 5027 4970
f 4971 4970 5029
f 5027 5029 4970
f 4974 5029 5030
f 4974 5030 5031
f 4971 5029 4974
f 4972 4974 5031
f 4972 5031 4975
f 5029 5028 5030
f 4965 5032 4964
f 4965 5033 5032
f 4965 4966 5033
f 5034 5033 5035
f 4915 4916 5025
f 4915 5025 5024
f 5034 5035 5036
f 5034 5036 5037
f 5036 5038 5037
f 4966 4968 5035
f 5035 4968 5039
f 5039 5040 5041
f 4966 5035 5033
f 5035 5039 5036
f 5036 5039 5041
f 5041 5042 5043
f 5041 5040 5042
f 5044 5045 5046
f 5044 5046 5047
f 5042 5045 5048
f 5044 5048 5045
f 5036 5041 5038
f 5041 5043 5038
f 5042 5048 5043
f 5026 3517 5028
f 5028 3519 5030
f 5028 3517 3516
f 5030 3519 3518
f 5028 3516 3519
f 4977 4975 3514
f 5031 3510 4975
f 4977 3514 4982
f 4975 3512 3514
f 4975 3510 3512
f 4982 3514 3513
f 4981 4982 4983
f 4984 4983 3527
f 4984 3527 5019
f 4982 3527 4983
f 4982 3513 3527
f 5019 3527 5020
f 5020 3527 5021
f 5021 3527 3528
f 5031 5030 3521
f 5031 3515 3511
f 5031 3511 3510
f 5031 3520 3515
f 5031 3521 3520
f 5030 3518 3521
f 5049 3532 5050
f 5051 5050 3545
f 5008 3534 3535
f 5008 3535 3536
f 5008 3536 3537
f 5049 3537 3538
f 5049 3538 3532
f 5050 3532 3531
f 5050 3531 3545
f 5025 3496 5026
f 5026 3496 3522
f 4916 3498 5025
f 5025 3498 3525
f 4916 3499 3498
f 5025 3525 3524
f 5025 3523 3496
f 5025 3524 3523
f 5026 3522 3517
f 4916 3500 3499
f 5043 3541 3540
f 5043 3540 3544
f 5038 5043 3577
f 5043 3543 3577
f 5043 3544 3543
f 5044 3550 3553
f 5051 3547 5047
f 5044 5047 3550
f 5047 3548 3549
f 5047 3547 3548
f 5047 3549 3550
f 5051 3545 3546
f 5051 3546 3547
f 5043 5048 3541
f 5048 3551 3541
f 5048 3552 3551
f 5044 3552 5048
f 5044 3553 3552
f 5039 4968 4969
f 5039 4969 5040
f 5042 5040 5052
f 4952 5040 4969
f 4952 5052 5040
f 5045 5052 5015
f 5010 5049 5050
f 5014 5053 5046
f 5009 5008 5049
f 5010 5009 5049
f 5010 5050 5016
f 5042 5052 5045
f 5051 5016 5050
f 5051 5053 5016
f 5047 5046 5053
f 5051 5047 5053
f 5046 5045 5015
f 4953 5052 4952
f 4953 5015 5052
f 5014 5017 5053
f 5014 5046 5015
f 5017 5016 5053
f 5006 3528 5007
f 5007 3534 5008
f 5020 5021 5005
f 5021 3528 5006
f 5007 3528 3529
f 5007 3529 3533
f 5007 3533 3534
f 5049 5008 3537
f 4480 4483 4484
f 4482 4484 4498
f 4494 4498 4499
f 4495 4499 4501
f 4496 4501 4613
f 4486 5054 4483
f 4486 5055 5054
f 4486 4487 5055
f 4483 5056 4484
f 4487 5057 5055
f 4484 5056 5058
f 4484 5058 4498
f 5057 4622 5059
f 4483 5054 5056
f 5054 5055 5060
f 5057 5061 5055
f 5054 5062 5056
f 5056 5063 5058
f 5055 5061 5060
f 5054 5060 5062
f 5061 5059 5064
f 5057 5059 5061
f 5065 5066 5059
f 5056 5062 5063
f 4487 4500 5057
f 4500 4622 5057
f 4623 5065 4622
f 4498 5058 5067
f 4498 5067 4499
f 4623 4624 5068
f 4499 5069 4501
f 4499 5067 5069
f 4501 5069 5070
f 4622 5065 5059
f 4623 5068 5065
f 5068 4624 4634
f 5068 4634 5071
f 5058 5072 5067
f 5069 5067 5073
f 5065 5068 5074
f 5058 5063 5072
f 5067 5072 5073
f 5069 5073 5075
f 5073 5072 5076
f 5059 5066 5064
f 4634 5077 5071
f 5077 5078 5079
f 5068 5071 5074
f 5065 5074 5066
f 5074 5071 5080
f 5077 5079 5071
f 5073 5076 5081
f 5071 5079 5080
f 5079 5082 5080
f 5078 5083 5079
f 5079 5083 5082
f 5061 5084 5060
f 5060 5085 5062
f 5062 5086 5063
f 5063 5087 5072
f 5061 5064 5084
f 5064 5066 5088
f 5060 5084 5085
f 5064 5089 5084
f 5064 5088 5089
f 5084 5090 5085
f 5062 5085 5086
f 5066 5091 5088
f 5066 5074 5091
f 5085 5090 5092
f 5085 5092 5086
f 5091 5080 5093
f 5091 5094 5088
f 5091 5093 5094
f 5084 5089 5090
f 5088 5095 5089
f 5090 5089 5096
f 5088 5094 5095
f 5089 5095 5096
f 5090 5097 5092
f 5090 5096 5097
f 5063 5086 5087
f 5091 5074 5080
f 5086 5092 5098
f 5087 5086 5098
f 5072 5087 5076
f 5087 5099 5076
f 5087 5098 5099
f 5080 5082 5093
f 5098 5100 5099
f 5098 5101 5100
f 5092 5101 5098
f 5092 5097 5101
f 4501 5070 4613
f 4613 5070 5102
f 5070 5103 5102
f 4613 5102 4614
f 4614 5102 4636
f 5102 5104 4636
f 4635 5077 4634
f 5102 5103 5104
f 5104 5103 5105
f 5069 5075 5070
f 5070 5075 5103
f 5073 5081 5075
f 5075 5106 5103
f 4640 4636 5107
f 4636 5104 5107
f 5104 5108 5107
f 4640 5107 4643
f 4643 5107 4854
f 4635 4637 5077
f 4637 5078 5077
f 4637 4645 5078
f 5078 4645 5109
f 4645 4646 5110
f 4645 5110 5109
f 5075 5081 5106
f 5103 5106 5105
f 5106 5081 5111
f 5106 5111 5112
f 5078 5109 5083
f 5104 5105 5108
f 5107 5108 4854
f 5108 5113 4854
f 5108 5105 5114
f 5108 5114 5113
f 5110 4646 4651
f 5106 5112 5105
f 5114 5105 5112
f 5111 5115 5112
f 5111 5116 5115
f 5114 5112 5117
f 5112 5115 5117
f 5076 5118 5081
f 5076 5099 5118
f 5081 5118 5111
f 5099 5119 5118
f 5099 5100 5119
f 5118 5116 5111
f 5118 5119 5116
f 4854 5113 4855
f 5114 5120 5113
f 5114 5117 5120
f 4855 5113 4858
f 4858 5113 5120
f 5094 5121 5095
f 5094 5122 5121
f 5095 5121 5123
f 5093 5122 5094
f 5093 5124 5122
f 5122 5124 5125
f 5095 5123 5096
f 5096 5123 5126
f 5121 5122 5127
f 5121 5128 5123
f 5121 5127 5128
f 5122 5125 5127
f 5125 5129 5127
f 5082 5124 5093
f 5082 5130 5124
f 5130 5131 5124
f 5083 5130 5082
f 5083 5132 5130
f 5130 5132 5133
f 5130 5133 5131
f 5133 5134 5131
f 5133 5135 5134
f 5097 5126 5136
f 5096 5126 5097
f 5123 5137 5126
f 5101 5097 5136
f 5101 5136 5138
f 5126 5139 5136
f 5125 5124 5131
f 5125 5131 5140
f 5123 5128 5137
f 5125 5140 5129
f 5127 5141 5128
f 5127 5129 5141
f 5131 5134 5140
f 5126 5137 5139
f 5128 5142 5137
f 5128 5141 5142
f 5140 5143 5129
f 5134 5144 5140
f 5140 5144 5143
f 5134 5145 5144
f 5129 5146 5141
f 5129 5143 5146
f 5144 5147 5143
f 5110 4651 5148
f 5110 5149 5109
f 5110 5148 5149
f 5109 5149 5132
f 5083 5109 5132
f 5149 5150 5132
f 5148 5151 5149
f 5149 5151 5150
f 5151 5152 5153
f 5151 5153 5150
f 4651 4865 5148
f 5148 4865 5154
f 4865 4866 5154
f 5148 5154 5151
f 5154 5155 5152
f 4866 5155 5154
f 4866 4868 5155
f 5115 5116 5156
f 5117 5115 5157
f 5115 5156 5157
f 5158 5159 5156
f 5154 5152 5151
f 5159 5160 5161
f 5153 5152 5162
f 5153 5162 5163
f 5163 5164 5165
f 5155 5166 5152
f 5155 4868 4947
f 5155 4947 5166
f 4947 4991 5166
f 5167 5166 4991
f 5152 5166 5162
f 5167 5162 5166
f 5167 5164 5162
f 5163 5162 5164
f 5100 5168 5119
f 5100 5138 5168
f 5116 5119 5158
f 5119 5168 5158
f 5138 5169 5168
f 5133 5132 5150
f 5133 5150 5135
f 5150 5153 5135
f 5138 5170 5169
f 5170 5171 5172
f 5101 5138 5100
f 5136 5170 5138
f 5136 5139 5170
f 5137 5173 5139
f 5137 5142 5173
f 5170 5139 5171
f 5139 5173 5171
f 5116 5158 5156
f 5158 5168 5160
f 5160 5169 5174
f 5160 5168 5169
f 5170 5172 5169
f 5174 5169 5172
f 5158 5160 5159
f 5160 5174 5161
f 5135 5163 5145
f 5134 5135 5145
f 5135 5153 5163
f 5144 5145 5175
f 5144 5175 5147
f 5163 5165 5145
f 5165 5175 5145
f 5176 5146 5177
f 5178 5179 5180
f 5179 5173 5142
f 5179 5142 5180
f 5141 5180 5142
f 5141 5146 5180
f 5171 5173 5181
f 5179 5181 5173
f 5143 5147 5177
f 5143 5177 5146
f 5176 5180 5146
f 5182 5172 5171
f 5182 5171 5181
f 5174 5172 5183
f 5182 5183 5172
f 5178 5184 5179
f 5176 5178 5180
f 5184 5181 5179
f 5184 5185 5181
f 5182 5181 5185
f 4998 5175 5165
f 4998 4993 4985
f 4993 5164 4994
f 5167 4994 5164
f 4998 4987 5186
f 5186 4999 5187
f 4998 5165 4993
f 4993 5165 5164
f 4998 5186 5175
f 5147 5186 5187
f 5177 5187 5000
f 5176 5000 5004
f 5176 5004 5178
f 5175 5186 5147
f 5147 5187 5177
f 5176 5177 5000
f 5117 5188 5120
f 5120 5188 4938
f 4858 5120 4938
f 5188 5157 5189
f 5188 5189 4940
f 5189 5190 5191
f 5117 5157 5188
f 5156 5190 5157
f 5159 5192 5190
f 5156 5159 5190
f 5159 5161 5192
f 5189 5157 5190
f 5191 5190 5192
f 5188 4940 4938
f 5189 4941 4940
f 5189 5191 4941
f 4947 4948 4991
f 5174 5193 5161
f 5174 5183 5193
f 5161 5194 5192
f 5161 5193 5194
f 5182 5195 5183
f 5182 5185 5195
f 5196 5193 5183
f 5196 5183 5195
f 5191 5192 4951
f 4951 5192 5194
f 4949 4941 5191
f 4949 5191 4951
f 4953 4951 5194
f 4953 5194 5013
f 5013 5193 5196
f 5013 5194 5193
f 5167 4991 4992
f 5167 4992 4994
f 5000 5002 5004
f 5187 5001 5000
f 5003 5018 5004
f 5012 5011 5185
f 5186 4987 4999
f 5187 4999 5001
f 5178 5004 5018
f 5184 5018 5012
f 5184 5012 5185
f 5178 5018 5184
f 5011 5195 5185
f 5011 5017 5195
f 5009 5012 5018
f 5196 5195 5017
f 5196 5017 5014
f 5013 5196 5014
f 4877 4774 5197
f 4877 5197 4879
f 4776 5197 4774
f 5197 4891 5198
f 5197 5198 4879
f 4880 4879 5199
f 4879 5198 5199
f 5198 5200 5199
f 5198 4894 5200
f 4776 4891 5197
f 5198 4891 4894
f 4893 5201 4894
f 5200 4894 5201
f 5199 5200 5202
f 5199 5202 4885
f 4880 5199 4885
f 5202 5200 5203
f 5200 5201 5203
f 5202 4887 4885
f 5202 5204 4887
f 5202 5203 5204
f 5203 5205 5204
f 5203 5206 5205
f 5201 4897 5206
f 5203 5201 5206
f 5205 5206 5207
f 4892 4894 4891
f 4893 4897 5201
f 5206 4897 4905
f 5207 4905 5208
f 5206 4905 5207
f 4898 4905 4897
f 4904 5208 4905
f 4904 4964 5208
f 5204 5205 5209
f 5205 5210 5209
f 5204 5211 4887
f 5204 5209 5211
f 4906 4887 5211
f 5209 5212 5211
f 5205 5207 5210
f 5209 5210 5213
f 5207 5214 5210
f 5210 5214 5215
f 5209 5213 5212
f 5210 5215 5213
f 4906 5211 4911
f 5207 5208 5214
f 5208 5216 5214
f 5214 5216 5217
f 5211 5212 4911
f 5212 5213 5218
f 5212 5219 4911
f 4911 5219 4912
f 5212 5218 5219
f 5215 5214 5217
f 5213 5215 5220
f 5213 5220 5218
f 5215 5217 5221
f 5215 5221 5220
f 5217 5222 5221
f 5208 4964 5216
f 4964 5032 5216
f 5216 5032 5223
f 5223 5032 5224
f 5223 5224 5225
f 5224 5226 5225
f 5217 5216 5223
f 5217 5223 5222
f 5223 5225 5222
f 5218 5227 5219
f 5219 5227 5228
f 5218 5229 5227
f 5230 3503 5229
f 5220 5221 5230
f 5218 5220 5229
f 5221 5222 5231
f 5220 5230 5229
f 5230 5231 3503
f 5221 5231 5230
f 5231 5222 5232
f 5219 5228 4912
f 4912 5228 4919
f 5228 3503 4919
f 5227 3503 5228
f 5227 5229 3503
f 5232 3564 3503
f 5225 5226 3573
f 5226 3574 3573
f 5222 5225 5232
f 5231 5232 3503
f 5232 5225 3565
f 5232 3565 3564
f 5225 3579 3565
f 5225 3573 3580
f 5225 3580 3579
f 5033 5224 5032
f 5034 5224 5033
f 5034 5226 5224
f 5034 5037 5226
f 5037 3575 3572
f 5226 5037 3571
f 5226 3571 3574
f 5037 3572 3571
f 5038 3575 5037
f 5038 3576 3575
f 5038 3577 3576
f 5233 5234 5235
f 5234 5236 5235
f 5237 5233 5235
f 5238 5237 5235
f 5238 5235 5239
f 5239 5240 5241
f 5240 5242 5243
f 5240 5244 5242
f 5240 5245 5244
f 5240 5246 5245
f 5240 5247 5246
f 5248 5244 5245
f 5248 5245 5249
f 5239 5235 5240
f 5240 5235 5247
f 5234 5250 5236
f 5233 5251 5234
f 5237 5252 5233
f 5238 5253 5237
f 5238 5254 5255
f 5238 5255 5256
f 5238 5257 5258
f 5238 5256 5257
f 5238 5239 5259
f 5239 5260 5261
f 5239 5262 5263
f 5239 5261 5262
f 5238 5259 5254
f 5239 5264 5259
f 5239 5265 5264
f 5239 5263 5265
f 5239 5241 5266
f 5239 5266 5260
f 5240 5267 5241
f 5240 5268 5267
f 5240 5269 5268
f 5240 5243 5269
f 5238 5258 5270
f 5270 5258 5271
f 5270 5271 5272
f 5270 5272 5273
f 5274 5275 5276
f 5270 5273 5277
f 5274 5277 5278
f 5274 5278 5279
f 5274 5279 5280
f 5274 5280 5281
f 5274 5281 5282
f 5274 5282 5275
f 5283 5284 5285
f 5286 5287 5288
f 5286 5285 5287
f 5274 5276 5289
f 5274 5289 5290
f 5283 5290 5291
f 5283 5291 5292
f 5283 5292 5293
f 5283 5293 5294
f 5283 5295 5296
f 5283 5294 5297
f 5283 5297 5295
f 5283 5296 5284
f 5233 5252 5251
f 5234 5251 5250
f 5237 5253 5252
f 5238 5270 5253
f 5270 5277 5274
f 5274 5290 5283
f 5283 5285 5286
f 5251 5298 5250
f 5252 5299 5251
f 5253 5300 5252
f 5270 5301 5253
f 5270 5274 5302
f 5274 5283 5303
f 5283 5286 5304
f 5253 5301 5300
f 5252 5300 5299
f 5251 5299 5298
f 5270 5302 5301
f 5299 5305 5298
f 5274 5303 5302
f 5283 5304 5303
f 5304 5286 5306
f 5301 5305 5300
f 5299 5300 5305
f 5302 5305 5301
f 5302 5303 5305
f 5304 5305 5303
f 5304 5306 5305
f 5307 5308 5309
f 5235 5309 5247
f 5307 5309 5235
f 5307 5235 5310
f 5310 5235 5311
f 5311 5235 5312
f 5312 5235 5313
f 5313 5235 5314
f 5286 5315 5316
f 5286 5317 5318
f 5286 5316 5317
f 5286 5319 5320
f 5286 5320 5315
f 5286 5321 5319
f 5286 5288 5321
f 5322 5323 5324
f 5322 5318 5323
f 5322 5324 5308
f 5307 5322 5308
f 5307 5310 5325
f 5310 5311 5326
f 5311 5312 5327
f 5312 5313 5328
f 5313 5314 5329
f 5286 5318 5322
f 5307 5325 5322
f 5310 5326 5325
f 5311 5327 5326
f 5312 5328 5327
f 5313 5329 5328
f 5329 5314 5330
f 5286 5322 5306
f 5322 5325 5331
f 5325 5326 5332
f 5326 5327 5333
f 5327 5328 5334
f 5322 5331 5306
f 5325 5332 5331
f 5306 5331 5305
f 5331 5332 5305
f 5332 5333 5305
f 5333 5334 5305
f 5334 5335 5305
f 5335 5336 5305
f 5326 5333 5332
f 5327 5334 5333
f 5334 5328 5335
f 5335 5329 5336
f 5336 5330 5337
f 5336 5337 5305
f 5335 5328 5329
f 5329 5330 5336
f 5236 5338 5235
f 5338 5339 5235
f 5339 5340 5235
f 5340 5341 5235
f 5341 5342 5235
f 5342 5343 5235
f 5235 5343 5344
f 5342 5345 5343
f 5236 5346 5338
f 5338 5347 5339
f 5339 5348 5340
f 5340 5349 5341
f 5341 5350 5342
f 5342 5351 5345
f 5351 5352 5345
f 5351 5353 5352
f 5351 5354 5353
f 5355 5356 5354
f 5355 5357 5356
f 5355 5358 5357
f 5355 5359 5358
f 5355 5360 5359
f 5355 5361 5360
f 5355 5362 5361
f 5236 5250 5346
f 5338 5346 5347
f 5339 5347 5348
f 5340 5348 5349
f 5341 5349 5350
f 5342 5350 5351
f 5351 5355 5354
f 5250 5363 5346
f 5346 5364 5347
f 5347 5365 5348
f 5366 5349 5348
f 5367 5350 5349
f 5350 5368 5351
f 5351 5369 5355
f 5250 5298 5363
f 5346 5363 5364
f 5347 5364 5365
f 5365 5366 5348
f 5366 5367 5349
f 5298 5305 5363
f 5367 5368 5350
f 5351 5368 5369
f 5363 5305 5364
f 5364 5305 5365
f 5365 5305 5366
f 5366 5305 5367
f 5367 5305 5368
f 5368 5305 5369
f 5235 5344 5370
f 5235 5370 5371
f 5372 5373 5374
f 5370 5344 5375
f 5370 5375 5374
f 5370 5374 5376
f 5376 5374 5373
f 5370 5376 5377
f 5370 5377 5378
f 5370 5379 5371
f 5235 5371 5380
f 5235 5380 5381
f 5235 5381 5382
f 5235 5383 5314
f 5235 5382 5383
f 5370 5378 5384
f 5370 5384 5385
f 5370 5385 5386
f 5370 5386 5379
f 5371 5379 5387
f 5371 5387 5388
f 5371 5389 5390
f 5371 5390 5391
f 5371 5388 5389
f 5371 5392 5380
f 5371 5393 5394
f 5371 5391 5393
f 5371 5394 5392
f 5380 5392 5395
f 5380 5396 5397
f 5380 5395 5396
f 5380 5397 5398
f 5380 5398 5399
f 5355 5400 5362
f 5355 5401 5400
f 5402 5403 5401
f 5402 5404 5403
f 5402 5405 5404
f 5402 5406 5405
f 5402 5407 5406
f 5402 5408 5407
f 5402 5409 5408
f 5402 5410 5409
f 5402 5411 5410
f 5412 5413 5411
f 5412 5414 5413
f 5380 5399 5415
f 5412 5416 5414
f 5412 5417 5416
f 5412 5418 5417
f 5412 5419 5418
f 5412 5420 5419
f 5412 5421 5420
f 5412 5422 5421
f 5415 5423 5422
f 5415 5399 5424
f 5415 5425 5423
f 5415 5424 5425
f 5381 5380 5426
f 5382 5381 5427
f 5383 5382 5428
f 5314 5383 5330
f 5355 5402 5401
f 5402 5412 5411
f 5380 5415 5426
f 5412 5415 5422
f 5381 5426 5427
f 5383 5428 5330
f 5382 5427 5428
f 5355 5429 5402
f 5430 5412 5402
f 5431 5415 5412
f 5432 5426 5415
f 5433 5427 5426
f 5355 5369 5429
f 5430 5402 5429
f 5430 5431 5412
f 5305 5429 5369
f 5305 5430 5429
f 5305 5431 5430
f 5305 5432 5431
f 5305 5434 5433
f 5305 5433 5432
f 5432 5415 5431
f 5428 5434 5337
f 5433 5434 5427
f 5433 5426 5432
f 5305 5337 5434
f 5428 5427 5434
f 5330 5428 5337
f 5435 5436 5437
f 5437 5436 5438
f 5435 5439 5440
f 5437 5441 5439
f 5435 5437 5439
f 5435 5442 5436
f 5435 5440 5443
f 5435 5443 5442
f 5437 5438 5444
f 5444 5438 5445
f 5437 5444 5441
f 5444 5445 5446
f 5447 5448 5449
f 5447 5450 5448
f 5450 5451 5452
f 5447 5449 5453
f 5447 5344 5450
f 5448 5450 5452
f 5449 5454 5453
f 5447 5453 5344
f 5453 5454 5455
f 5455 5456 5457
f 5454 5456 5455
f 5450 5344 5451
f 5451 5343 5345
f 5451 5345 5458
f 5451 5458 5452
f 5458 5345 5352
f 5458 5352 5353
f 5458 5353 5354
f 5453 5455 5344
f 5451 5344 5343
f 5455 5457 5344
f 5457 5459 5344
f 5457 5460 5459
f 5456 5460 5457
f 5458 5354 5461
f 5461 5354 5356
f 5448 5440 5449
f 5448 5462 5440
f 5449 5440 5439
f 5449 5439 5454
f 5440 5462 5443
f 5448 5452 5462
f 5454 5439 5441
f 5441 5444 5463
f 5454 5441 5456
f 5456 5441 5463
f 5456 5463 5460
f 5443 5464 5442
f 5462 5465 5443
f 5443 5465 5464
f 5444 5446 5463
f 5462 5452 5466
f 5452 5458 5466
f 5462 5466 5465
f 5458 5467 5466
f 5458 5461 5467
f 5466 5467 5468
f 5464 5465 5469
f 5466 5468 5465
f 5465 5468 5469
f 5436 5470 5438
f 5438 5470 5471
f 5436 5472 5470
f 5438 5471 5445
f 5471 5473 5445
f 5470 5474 5471
f 5470 5475 5474
f 5471 5476 5473
f 5474 5476 5471
f 5476 5477 5473
f 5436 5442 5472
f 5470 5472 5475
f 5472 5478 5475
f 5474 5479 5476
f 5474 5480 5479
f 5476 5479 5481
f 5476 5481 5477
f 5479 5482 5481
f 5481 5482 5483
f 5482 5484 5483
f 5479 5485 5482
f 5482 5486 5484
f 5474 5475 5480
f 5479 5480 5485
f 5475 5487 5480
f 5482 5485 5486
f 5442 5488 5472
f 5442 5464 5488
f 5472 5488 5478
f 5464 5489 5488
f 5464 5469 5489
f 5488 5490 5478
f 5475 5478 5487
f 5480 5491 5485
f 5461 5356 5357
f 5461 5357 5492
f 5492 5357 5358
f 5492 5358 5359
f 5493 5359 5360
f 5492 5359 5493
f 5493 5360 5361
f 5461 5494 5467
f 5461 5492 5494
f 5467 5494 5495
f 5467 5495 5468
f 5445 5496 5446
f 5459 5497 5375
f 5460 5497 5459
f 5459 5375 5344
f 5497 5374 5375
f 5497 5372 5374
f 5497 5498 5372
f 5498 5373 5372
f 5498 5376 5373
f 5498 5499 5376
f 5463 5500 5460
f 5463 5446 5500
f 5446 5496 5501
f 5501 5496 5502
f 5446 5501 5500
f 5501 5502 5503
f 5460 5500 5497
f 5497 5504 5498
f 5500 5504 5497
f 5500 5501 5504
f 5504 5503 5505
f 5498 5504 5505
f 5498 5505 5499
f 5499 5505 5506
f 5505 5507 5506
f 5501 5503 5504
f 5502 5508 5503
f 5503 5508 5507
f 5503 5507 5505
f 5507 5508 5509
f 5445 5473 5496
f 5473 5510 5496
f 5473 5477 5510
f 5477 5511 5510
f 5510 5511 5512
f 5481 5483 5513
f 5481 5513 5477
f 5484 5514 5483
f 5483 5514 5515
f 5483 5515 5513
f 5515 5514 5516
f 5477 5513 5511
f 5513 5517 5511
f 5513 5515 5517
f 5511 5517 5518
f 5515 5519 5517
f 5515 5516 5519
f 5519 5516 5520
f 5517 5519 5521
f 5519 5520 5522
f 5496 5510 5502
f 5510 5512 5502
f 5502 5512 5508
f 5512 5523 5508
f 5511 5518 5512
f 5512 5518 5523
f 5488 5489 5490
f 5518 5524 5523
f 5508 5523 5509
f 5523 5525 5509
f 5523 5524 5525
f 5524 5526 5525
f 5480 5487 5491
f 5485 5527 5486
f 5485 5491 5527
f 5478 5528 5487
f 5478 5490 5528
f 5487 5528 5529
f 5487 5529 5491
f 5491 5530 5527
f 5491 5529 5530
f 5518 5517 5521
f 5518 5521 5524
f 5521 5531 5524
f 5521 5522 5531
f 5519 5522 5521
f 5522 5520 5532
f 5522 5532 5533
f 5524 5531 5526
f 5526 5531 5534
f 5531 5533 5534
f 5522 5533 5531
f 5533 5532 5535
f 5533 5536 5534
f 5533 5535 5536
f 5536 5535 5537
f 5499 5377 5376
f 5538 5361 5362
f 5493 5361 5538
f 5538 5362 5400
f 5538 5400 5401
f 5538 5401 5403
f 5499 5378 5377
f 5539 5384 5378
f 5499 5539 5378
f 5539 5385 5384
f 5539 5386 5385
f 5539 5379 5386
f 5540 5387 5379
f 5539 5540 5379
f 5540 5388 5387
f 5541 5403 5404
f 5538 5403 5541
f 5541 5404 5405
f 5542 5405 5406
f 5541 5405 5542
f 5542 5406 5407
f 5543 5410 5411
f 5543 5411 5413
f 5544 5407 5408
f 5544 5408 5409
f 5544 5409 5410
f 5542 5407 5544
f 5544 5410 5543
f 5545 5389 5388
f 5545 5390 5389
f 5546 5391 5390
f 5540 5545 5388
f 5545 5546 5390
f 5546 5393 5391
f 5547 5394 5393
f 5547 5392 5394
f 5547 5395 5392
f 5547 5396 5395
f 5546 5547 5393
f 5548 5413 5414
f 5548 5414 5416
f 5549 5416 5417
f 5549 5417 5418
f 5550 5418 5419
f 5550 5419 5420
f 5550 5420 5421
f 5543 5413 5548
f 5548 5416 5549
f 5551 5399 5398
f 5552 5397 5396
f 5552 5398 5397
f 5551 5398 5553
f 5547 5552 5396
f 5552 5553 5398
f 5551 5424 5399
f 5551 5554 5424
f 5555 5425 5424
f 5555 5424 5556
f 5556 5424 5557
f 5551 5558 5554
f 5554 5559 5424
f 5557 5424 5559
f 5492 5493 5560
f 5492 5560 5494
f 5494 5560 5561
f 5499 5506 5539
f 5539 5506 5562
f 5468 5563 5469
f 5468 5495 5563
f 5494 5561 5495
f 5495 5564 5563
f 5493 5538 5565
f 5493 5565 5560
f 5538 5541 5566
f 5538 5566 5565
f 5560 5565 5567
f 5541 5542 5568
f 5541 5568 5566
f 5542 5544 5569
f 5542 5569 5568
f 5565 5566 5570
f 5560 5567 5561
f 5495 5561 5564
f 5565 5570 5567
f 5561 5567 5571
f 5561 5571 5564
f 5539 5562 5540
f 5506 5572 5562
f 5540 5573 5545
f 5540 5562 5573
f 5545 5573 5574
f 5562 5575 5573
f 5506 5507 5572
f 5507 5509 5572
f 5572 5509 5576
f 5572 5575 5562
f 5572 5576 5575
f 5575 5576 5577
f 5545 5574 5546
f 5546 5578 5547
f 5546 5574 5578
f 5573 5579 5574
f 5547 5580 5552
f 5547 5578 5580
f 5574 5581 5578
f 5573 5575 5579
f 5575 5577 5579
f 5574 5579 5581
f 5549 5418 5550
f 5582 5421 5422
f 5582 5422 5423
f 5582 5423 5425
f 5555 5583 5425
f 5555 5556 5584
f 5550 5421 5582
f 5582 5425 5583
f 5544 5543 5585
f 5544 5585 5569
f 5543 5548 5586
f 5543 5586 5585
f 5566 5568 5587
f 5568 5569 5588
f 5548 5549 5589
f 5548 5589 5586
f 5549 5550 5590
f 5549 5590 5589
f 5569 5585 5591
f 5566 5587 5570
f 5567 5570 5592
f 5567 5592 5571
f 5568 5588 5587
f 5570 5587 5593
f 5570 5593 5592
f 5585 5586 5594
f 5569 5591 5588
f 5585 5594 5591
f 5587 5588 5595
f 5587 5595 5593
f 5554 5596 5559
f 5554 5597 5596
f 5596 5598 5559
f 5551 5553 5558
f 5554 5558 5597
f 5596 5597 5598
f 5552 5599 5553
f 5552 5580 5599
f 5578 5600 5580
f 5579 5577 5601
f 5579 5601 5581
f 5556 5557 5602
f 5557 5559 5603
f 5555 5584 5583
f 5556 5602 5584
f 5557 5603 5602
f 5559 5598 5603
f 5553 5604 5558
f 5553 5599 5604
f 5550 5582 5605
f 5550 5605 5590
f 5582 5583 5606
f 5582 5606 5605
f 5558 5607 5597
f 5558 5604 5607
f 5597 5608 5598
f 5580 5609 5599
f 5583 5584 5610
f 5584 5602 5611
f 5597 5607 5608
f 5599 5612 5604
f 5578 5581 5600
f 5580 5600 5609
f 5581 5601 5613
f 5581 5613 5600
f 5599 5609 5612
f 5600 5614 5609
f 5600 5613 5614
f 5586 5589 5615
f 5589 5590 5616
f 5583 5610 5606
f 5584 5611 5610
f 5590 5605 5617
f 5586 5615 5594
f 5588 5591 5618
f 5588 5618 5595
f 5589 5616 5615
f 5598 5619 5603
f 5602 5603 5620
f 5598 5608 5619
f 5602 5620 5611
f 5603 5619 5620
f 5604 5621 5607
f 5607 5622 5608
f 5605 5606 5623
f 5606 5610 5624
f 5608 5625 5619
f 5619 5626 5620
f 5604 5612 5621
f 5609 5627 5612
f 5609 5614 5627
f 5607 5621 5622
f 5608 5622 5625
f 5612 5628 5621
f 5612 5627 5628
f 5469 5629 5489
f 5469 5563 5629
f 5489 5629 5630
f 5489 5630 5490
f 5563 5631 5629
f 5563 5564 5631
f 5564 5632 5631
f 5629 5631 5633
f 5629 5633 5630
f 5509 5525 5576
f 5525 5634 5576
f 5576 5634 5577
f 5525 5526 5634
f 5631 5635 5633
f 5490 5636 5528
f 5490 5630 5636
f 5528 5636 5637
f 5528 5637 5529
f 5529 5638 5530
f 5630 5639 5636
f 5529 5637 5638
f 5630 5633 5639
f 5636 5639 5640
f 5636 5640 5637
f 5637 5641 5638
f 5637 5640 5641
f 5564 5571 5632
f 5571 5592 5642
f 5571 5642 5632
f 5631 5632 5635
f 5632 5642 5643
f 5632 5643 5635
f 5592 5593 5644
f 5592 5644 5642
f 5642 5645 5643
f 5633 5646 5639
f 5633 5635 5646
f 5639 5646 5647
f 5635 5648 5646
f 5639 5647 5640
f 5640 5649 5641
f 5640 5647 5649
f 5635 5643 5648
f 5526 5650 5634
f 5634 5651 5577
f 5577 5651 5601
f 5601 5651 5652
f 5634 5650 5651
f 5650 5653 5651
f 5651 5653 5652
f 5526 5534 5650
f 5534 5536 5654
f 5534 5654 5650
f 5536 5537 5655
f 5536 5655 5654
f 5655 5537 5656
f 5650 5654 5653
f 5653 5654 5657
f 5654 5655 5657
f 5653 5657 5658
f 5655 5659 5657
f 5655 5656 5659
f 5657 5659 5660
f 5659 5656 5661
f 5659 5661 5662
f 5601 5652 5613
f 5613 5652 5663
f 5653 5658 5652
f 5593 5595 5664
f 5593 5664 5644
f 5642 5644 5645
f 5613 5663 5614
f 5652 5658 5663
f 5658 5665 5663
f 5614 5663 5666
f 5614 5666 5627
f 5627 5666 5667
f 5663 5665 5666
f 5666 5668 5667
f 5665 5668 5666
f 5646 5669 5647
f 5647 5670 5649
f 5646 5648 5669
f 5643 5671 5648
f 5643 5645 5671
f 5648 5671 5672
f 5647 5669 5670
f 5648 5672 5669
f 5669 5673 5670
f 5669 5672 5673
f 5657 5660 5658
f 5658 5660 5665
f 5665 5660 5674
f 5660 5662 5674
f 5659 5662 5660
f 5661 5675 5662
f 5662 5676 5674
f 5662 5675 5676
f 5665 5674 5668
f 5676 5675 5677
f 5674 5676 5678
f 5674 5678 5668
f 5676 5677 5679
f 5676 5679 5678
f 5679 5677 5680
f 5484 5681 5514
f 5514 5681 5682
f 5484 5683 5681
f 5514 5682 5516
f 5682 5684 5516
f 5681 5685 5682
f 5681 5686 5685
f 5682 5685 5687
f 5682 5687 5684
f 5685 5688 5687
f 5687 5689 5690
f 5484 5486 5683
f 5516 5684 5520
f 5681 5683 5686
f 5687 5690 5684
f 5685 5686 5691
f 5684 5692 5520
f 5684 5690 5692
f 5690 5693 5692
f 5690 5694 5693
f 5687 5688 5689
f 5688 5695 5689
f 5685 5691 5688
f 5688 5691 5696
f 5689 5695 5697
f 5688 5696 5695
f 5690 5689 5694
f 5689 5697 5694
f 5693 5694 5698
f 5694 5699 5698
f 5695 5700 5697
f 5697 5700 5701
f 5697 5699 5694
f 5695 5702 5700
f 5697 5701 5699
f 5699 5701 5703
f 5486 5704 5683
f 5486 5527 5704
f 5683 5705 5686
f 5683 5704 5705
f 5686 5705 5706
f 5527 5707 5704
f 5527 5530 5707
f 5520 5692 5532
f 5692 5708 5532
f 5532 5708 5535
f 5692 5693 5708
f 5693 5709 5708
f 5693 5698 5709
f 5704 5710 5705
f 5704 5707 5710
f 5705 5710 5711
f 5686 5706 5691
f 5691 5706 5712
f 5695 5696 5702
f 5691 5712 5696
f 5696 5713 5702
f 5698 5699 5714
f 5699 5703 5714
f 5714 5703 5715
f 5705 5711 5706
f 5706 5711 5716
f 5696 5712 5713
f 5706 5716 5712
f 5712 5717 5713
f 5712 5716 5717
f 5708 5709 5718
f 5709 5719 5720
f 5708 5718 5535
f 5535 5718 5537
f 5718 5721 5537
f 5709 5720 5718
f 5718 5720 5721
f 5720 5722 5721
f 5720 5723 5722
f 5698 5714 5719
f 5698 5719 5709
f 5714 5724 5719
f 5714 5715 5724
f 5724 5715 5725
f 5719 5723 5720
f 5719 5724 5723
f 5722 5723 5726
f 5723 5727 5726
f 5724 5727 5723
f 5724 5725 5727
f 5727 5725 5728
f 5727 5728 5729
f 5727 5729 5726
f 5729 5728 5730
f 5700 5731 5701
f 5701 5731 5732
f 5701 5732 5703
f 5700 5702 5733
f 5700 5733 5731
f 5703 5734 5715
f 5703 5732 5734
f 5731 5735 5732
f 5732 5735 5736
f 5731 5737 5735
f 5732 5736 5734
f 5735 5738 5736
f 5731 5733 5737
f 5735 5737 5739
f 5702 5713 5740
f 5702 5740 5733
f 5713 5741 5740
f 5733 5740 5742
f 5733 5742 5737
f 5736 5738 5743
f 5735 5739 5738
f 5715 5744 5725
f 5734 5744 5715
f 5744 5745 5725
f 5734 5736 5746
f 5734 5746 5744
f 5744 5746 5747
f 5736 5743 5746
f 5746 5748 5747
f 5744 5747 5745
f 5725 5745 5728
f 5745 5749 5728
f 5740 5750 5742
f 5737 5742 5751
f 5747 5752 5745
f 5745 5752 5749
f 5747 5753 5752
f 5752 5754 5755
f 5752 5755 5749
f 5728 5749 5730
f 5749 5756 5730
f 5749 5755 5756
f 5755 5757 5756
f 5755 5758 5757
f 5746 5743 5748
f 5738 5759 5743
f 5743 5759 5760
f 5743 5760 5748
f 5748 5760 5761
f 5747 5748 5753
f 5759 5762 5760
f 5762 5763 5760
f 5760 5763 5761
f 5738 5739 5764
f 5738 5764 5759
f 5737 5751 5739
f 5739 5751 5765
f 5739 5765 5764
f 5752 5753 5754
f 5748 5761 5753
f 5753 5761 5766
f 5753 5766 5754
f 5754 5766 5767
f 5759 5768 5762
f 5759 5764 5768
f 5762 5769 5763
f 5763 5769 5770
f 5762 5771 5769
f 5762 5768 5771
f 5764 5772 5768
f 5764 5765 5772
f 5763 5773 5761
f 5761 5773 5766
f 5773 5774 5766
f 5766 5774 5767
f 5774 5775 5767
f 5763 5770 5773
f 5773 5776 5774
f 5773 5770 5776
f 5769 5777 5770
f 5769 5771 5778
f 5769 5778 5777
f 5770 5779 5776
f 5770 5777 5779
f 5774 5776 5780
f 5774 5780 5775
f 5776 5781 5780
f 5776 5779 5781
f 5765 5782 5772
f 5768 5772 5783
f 5768 5783 5771
f 5771 5783 5784
f 5772 5785 5783
f 5771 5784 5778
f 5784 5783 5786
f 5783 5785 5786
f 5755 5754 5758
f 5757 5758 5787
f 5754 5767 5758
f 5758 5767 5788
f 5758 5788 5787
f 5788 5789 5787
f 5787 5789 5790
f 5780 5791 5775
f 5780 5792 5791
f 5780 5781 5792
f 5767 5775 5788
f 5775 5793 5788
f 5788 5793 5789
f 5793 5794 5789
f 5775 5791 5793
f 5793 5791 5795
f 5791 5796 5795
f 5791 5792 5796
f 5777 5797 5779
f 5779 5797 5781
f 5777 5778 5797
f 5785 5798 5786
f 5778 5784 5797
f 5793 5795 5794
f 5796 5799 5795
f 5781 5797 5792
f 5795 5799 5800
f 5792 5797 5796
f 5799 5801 5800
f 5796 5797 5799
f 5795 5800 5794
f 5784 5786 5797
f 5786 5798 5797
f 5801 5802 5800
f 5799 5797 5801
f 5789 5794 5803
f 5794 5804 5803
f 5794 5800 5804
f 5800 5802 5804
f 5801 5805 5802
f 5801 5797 5805
f 5805 5797 5806
f 5805 5807 5802
f 5805 5806 5807
f 5806 5797 5808
f 5808 5797 5809
f 5806 5808 5810
f 5530 5811 5707
f 5530 5638 5811
f 5707 5812 5710
f 5707 5811 5812
f 5710 5812 5813
f 5638 5641 5814
f 5638 5814 5811
f 5811 5815 5812
f 5811 5814 5815
f 5710 5813 5711
f 5711 5813 5816
f 5711 5816 5716
f 5537 5721 5656
f 5721 5817 5656
f 5721 5722 5817
f 5812 5815 5818
f 5814 5819 5815
f 5722 5726 5820
f 5722 5820 5817
f 5656 5817 5661
f 5817 5821 5661
f 5661 5821 5675
f 5817 5820 5821
f 5820 5822 5821
f 5820 5823 5822
f 5821 5822 5824
f 5822 5825 5826
f 5716 5827 5717
f 5716 5816 5827
f 5812 5818 5813
f 5813 5818 5828
f 5815 5829 5818
f 5813 5828 5816
f 5816 5830 5827
f 5816 5828 5830
f 5818 5831 5828
f 5828 5832 5830
f 5828 5831 5832
f 5726 5729 5823
f 5726 5823 5820
f 5823 5833 5825
f 5729 5730 5833
f 5729 5833 5823
f 5833 5730 5834
f 5833 5834 5835
f 5835 5834 5836
f 5822 5823 5825
f 5833 5835 5825
f 5641 5649 5837
f 5641 5837 5814
f 5649 5838 5837
f 5814 5837 5819
f 5815 5819 5829
f 5837 5839 5819
f 5837 5838 5839
f 5819 5839 5840
f 5649 5670 5838
f 5670 5841 5838
f 5821 5824 5675
f 5822 5826 5824
f 5670 5673 5841
f 5838 5842 5839
f 5839 5842 5843
f 5838 5841 5842
f 5841 5844 5842
f 5842 5844 5845
f 5818 5829 5831
f 5819 5840 5829
f 5829 5840 5846
f 5829 5846 5831
f 5832 5831 5847
f 5831 5846 5847
f 5846 5840 5848
f 5846 5849 5847
f 5846 5848 5849
f 5839 5843 5840
f 5840 5843 5848
f 5843 5842 5845
f 5843 5845 5850
f 5843 5850 5848
f 5848 5851 5849
f 5713 5717 5741
f 5717 5852 5741
f 5717 5827 5852
f 5827 5853 5852
f 5740 5741 5750
f 5741 5854 5750
f 5742 5750 5855
f 5741 5852 5854
f 5852 5856 5854
f 5750 5854 5857
f 5854 5856 5858
f 5827 5830 5853
f 5830 5859 5853
f 5830 5832 5859
f 5852 5853 5856
f 5730 5756 5834
f 5756 5860 5834
f 5860 5836 5834
f 5860 5861 5836
f 5756 5757 5860
f 5860 5757 5862
f 5757 5787 5862
f 5862 5790 5863
f 5860 5862 5861
f 5862 5863 5861
f 5832 5864 5859
f 5856 5853 5865
f 5856 5865 5866
f 5853 5859 5865
f 5859 5867 5865
f 5859 5864 5867
f 5867 5864 5868
f 5865 5867 5869
f 5867 5868 5870
f 5742 5855 5751
f 5750 5857 5855
f 5751 5855 5871
f 5751 5871 5765
f 5855 5872 5871
f 5855 5857 5872
f 5854 5858 5857
f 5872 5857 5873
f 5765 5871 5782
f 5871 5874 5782
f 5871 5872 5874
f 5772 5782 5785
f 5785 5782 5875
f 5782 5874 5875
f 5857 5858 5873
f 5858 5876 5873
f 5862 5787 5790
f 5790 5877 5863
f 5790 5789 5803
f 5790 5803 5877
f 5803 5878 5877
f 5872 5879 5874
f 5785 5875 5798
f 5798 5875 5880
f 5874 5881 5875
f 5874 5879 5881
f 5880 5875 5881
f 5880 5881 5882
f 5798 5880 5797
f 5880 5882 5797
f 5881 5883 5882
f 5882 5883 5884
f 5872 5873 5879
f 5879 5873 5885
f 5873 5876 5885
f 5885 5876 5886
f 5881 5879 5883
f 5879 5885 5883
f 5885 5887 5883
f 5884 5883 5887
f 5803 5804 5878
f 5804 5888 5878
f 5878 5888 5889
f 5804 5802 5888
f 5882 5884 5797
f 5884 5890 5797
f 5797 5890 5891
f 5797 5891 5892
f 5884 5887 5890
f 5890 5893 5891
f 5802 5807 5888
f 5807 5894 5888
f 5807 5810 5894
f 5806 5810 5807
f 5797 5895 5809
f 5797 5896 5895
f 5808 5809 5897
f 5797 5892 5898
f 5797 5899 5896
f 5797 5900 5899
f 5808 5897 5810
f 5809 5895 5901
f 5797 5898 5902
f 5797 5902 5903
f 5797 5903 5904
f 5876 5905 5886
f 5890 5887 5893
f 5885 5886 5887
f 5887 5886 5893
f 5893 5886 5906
f 5891 5907 5892
f 5891 5893 5907
f 5892 5908 5898
f 5893 5906 5907
f 5892 5907 5908
f 5856 5866 5858
f 5865 5869 5866
f 5858 5866 5876
f 5866 5905 5876
f 5866 5869 5905
f 5905 5869 5909
f 5909 5869 5870
f 5909 5870 5910
f 5867 5870 5869
f 5886 5905 5906
f 5905 5909 5906
f 5909 5910 5911
f 5909 5911 5906
f 5906 5911 5907
f 5832 5847 5864
f 5847 5912 5864
f 5847 5849 5912
f 5912 5849 5913
f 5864 5912 5868
f 5825 5914 5826
f 5835 5914 5825
f 5835 5836 5915
f 5915 5836 5916
f 5835 5915 5914
f 5915 5916 5917
f 5916 5918 5917
f 5675 5824 5677
f 5824 5919 5677
f 5914 5920 5826
f 5824 5826 5919
f 5826 5920 5919
f 5920 5921 5922
f 5919 5680 5677
f 5919 5923 5680
f 5919 5920 5923
f 5920 5922 5923
f 5922 5924 5923
f 5922 5925 5924
f 5922 5926 5925
f 5914 5915 5921
f 5914 5921 5920
f 5921 5917 5926
f 5915 5917 5921
f 5918 5927 5917
f 5922 5921 5926
f 5848 5850 5851
f 5850 5928 5851
f 5845 5929 5850
f 5850 5929 5928
f 5929 5930 5928
f 5929 5931 5930
f 5918 5932 5927
f 5917 5927 5926
f 5933 5932 5934
f 5927 5932 5933
f 5927 5935 5926
f 5926 5935 5925
f 5933 5936 5935
f 5927 5933 5935
f 5931 5937 5930
f 5933 5934 5938
f 5938 5934 5939
f 5933 5938 5936
f 5940 5939 5941
f 5938 5939 5940
f 5940 5941 5942
f 5942 5941 5943
f 5861 5863 5944
f 5944 5863 5945
f 5877 5945 5863
f 5945 5946 5947
f 5861 5916 5836
f 5861 5944 5916
f 5944 5918 5916
f 5948 5932 5918
f 5944 5948 5918
f 5944 5945 5948
f 5945 5947 5948
f 5947 5949 5950
f 5947 5951 5949
f 5947 5950 5948
f 5948 5950 5932
f 5949 5952 5953
f 5949 5954 5950
f 5949 5953 5954
f 5953 5955 5956
f 5953 5956 5957
f 5956 5958 5959
f 5960 5961 5959
f 5878 5946 5877
f 5878 5889 5946
f 5877 5946 5945
f 5889 5951 5946
f 5889 5962 5951
f 5947 5946 5951
f 5952 5962 5963
f 5951 5962 5952
f 5952 5963 5955
f 5963 5964 5955
f 5888 5894 5889
f 5889 5894 5962
f 5894 5965 5962
f 5797 5966 5900
f 5809 5901 5897
f 5797 5904 5967
f 5797 5968 5966
f 5895 5896 5969
f 5797 5967 5970
f 5797 5971 5968
f 5797 5970 5972
f 5797 5973 5971
f 5797 5972 5973
f 5810 5965 5894
f 5810 5897 5965
f 5895 5969 5901
f 5896 5899 5974
f 5965 5897 5975
f 5897 5901 5975
f 5899 5900 5976
f 5900 5966 5977
f 5896 5974 5969
f 5965 5963 5962
f 5965 5975 5963
f 5898 5978 5902
f 5902 5979 5903
f 5898 5908 5978
f 5902 5978 5979
f 5903 5980 5904
f 5904 5981 5967
f 5903 5979 5980
f 5966 5968 5982
f 5899 5976 5974
f 5968 5971 5983
f 5972 5984 5973
f 5971 5973 5985
f 5975 5964 5963
f 5975 5986 5964
f 5986 5987 5964
f 5986 5988 5987
f 5901 5986 5975
f 5901 5969 5986
f 5969 5974 5988
f 5969 5988 5986
f 5967 5989 5970
f 5900 5977 5976
f 5972 5970 5990
f 5904 5980 5981
f 5967 5981 5989
f 5988 5974 5991
f 5974 5976 5991
f 5966 5982 5977
f 5968 5983 5982
f 5972 5990 5984
f 5970 5989 5990
f 5870 5868 5992
f 5992 5993 5994
f 5870 5992 5910
f 5992 5995 5910
f 5992 5994 5995
f 5994 5996 5995
f 5949 5951 5952
f 5997 5998 5996
f 5994 5997 5996
f 5998 5999 6000
f 5997 5999 5998
f 5911 5910 6001
f 5910 5995 6001
f 6001 5995 6002
f 5995 5996 6002
f 5907 5911 5908
f 5911 6001 5908
f 5908 6001 5978
f 5978 6001 6002
f 5978 6002 5979
f 6002 5996 6003
f 6003 5996 5998
f 6003 5998 6004
f 5998 6000 6004
f 6004 6000 6005
f 5979 6002 6003
f 5979 6003 5980
f 5980 6003 6004
f 5980 6004 5981
f 5981 6004 6005
f 5981 6005 5989
f 5964 5987 5958
f 5988 5991 6006
f 5988 6006 5987
f 5991 6007 6006
f 5991 6008 6007
f 5971 5985 5983
f 5973 5984 5985
f 5976 6008 5991
f 5976 5977 6008
f 5977 6009 6008
f 5977 5982 6009
f 5982 5983 6010
f 5982 6010 6009
f 6008 6009 6011
f 5983 5985 6012
f 5984 6013 5985
f 5983 6012 6010
f 5985 6013 6012
f 5953 5952 5955
f 5956 5955 5958
f 5964 5958 5955
f 5987 5960 5958
f 5987 6006 5960
f 6000 6014 6015
f 6000 5999 6014
f 6015 6016 6017
f 6015 6014 6016
f 6006 6007 6018
f 6006 6018 5960
f 6007 6011 6019
f 6007 6019 6018
f 5958 5960 5959
f 5960 6018 5961
f 6020 6021 6017
f 6020 6017 6016
f 6021 6022 6023
f 6020 6022 6021
f 6000 6015 6005
f 6005 6015 6024
f 6015 6017 6024
f 6025 6024 6017
f 5989 6005 6024
f 5989 6024 5990
f 6025 5984 5990
f 6025 5990 6024
f 6025 6013 5984
f 6007 6008 6011
f 6009 6026 6011
f 6009 6010 6026
f 6025 6017 6021
f 6025 6021 6013
f 6013 6021 6023
f 6013 6023 6012
f 6010 6027 6026
f 6010 6012 6027
f 6012 6023 6027
f 5849 5851 5913
f 5913 5851 6028
f 5912 5993 5868
f 5912 5913 5993
f 5913 6029 5993
f 5992 5868 5993
f 5994 5993 6029
f 5913 6028 6029
f 5997 6029 6030
f 6029 6028 6030
f 6030 6028 6031
f 5851 5928 6028
f 5928 5930 6031
f 6028 5928 6031
f 5950 5934 5932
f 5950 5954 5934
f 5954 5939 5934
f 5954 5957 5939
f 6030 6032 5999
f 6032 6033 6014
f 6030 6031 6032
f 6032 6034 6033
f 5953 5957 5954
f 5956 5959 6035
f 5956 6035 5957
f 6020 6036 6037
f 6033 6038 6036
f 6033 6036 6016
f 6031 5930 6034
f 6034 5930 5937
f 6034 5937 6038
f 5937 6039 6038
f 6038 6039 6040
f 6031 6034 6032
f 6033 6034 6038
f 6036 6038 6040
f 5994 6029 5997
f 5997 6030 5999
f 6032 6014 5999
f 6033 6016 6014
f 6020 6016 6036
f 6018 6041 5961
f 6011 6042 6019
f 6011 6026 6042
f 6026 6027 6043
f 6023 6044 6027
f 6026 6043 6042
f 6018 6019 6041
f 6023 6022 6044
f 6027 6044 6043
f 6019 6042 6045
f 6042 6043 6046
f 5957 5941 5939
f 5957 6035 5941
f 5959 5961 6047
f 6022 6037 6048
f 5959 6047 6035
f 6019 6045 6041
f 6044 6048 6049
f 6042 6046 6045
f 6043 6049 6046
f 5961 6041 6050
f 5961 6050 6047
f 6041 6045 6051
f 6041 6051 6050
f 6049 6052 6046
f 6035 5943 5941
f 6035 6047 5943
f 6040 6053 6054
f 6047 6050 6055
f 6047 6055 5943
f 6054 6056 6057
f 6057 6058 6052
f 6036 6040 6037
f 6037 6040 6054
f 6037 6054 6048
f 6048 6057 6049
f 6048 6054 6057
f 6049 6057 6052
f 6045 6046 6059
f 6050 6060 6055
f 6051 6061 6060
f 6050 6051 6060
f 6052 6062 6059
f 6051 6059 6061
f 6045 6059 6051
f 6046 6052 6059
f 6020 6037 6022
f 6022 6048 6044
f 6044 6049 6043
f 5591 5594 6063
f 5591 6063 5618
f 5590 5617 5616
f 5594 5615 6064
f 5594 6064 6063
f 5610 5611 6065
f 5611 5620 6066
f 5605 5623 5617
f 5615 5616 6067
f 5606 5624 5623
f 5621 6068 5622
f 5621 5628 6068
f 5610 6065 5624
f 5615 6067 6064
f 5616 5617 6069
f 5616 6069 6067
f 5617 5623 6070
f 5617 6070 6069
f 5595 5618 6071
f 5595 6071 5664
f 5618 6063 6072
f 5644 5664 6073
f 5644 6073 5645
f 5664 6071 6074
f 5664 6074 6073
f 5618 6072 6071
f 5627 5667 5628
f 6063 6064 6075
f 6063 6075 6072
f 6064 6067 6076
f 6064 6076 6075
f 6071 6072 6077
f 6071 6077 6074
f 6072 6075 6078
f 6072 6078 6077
f 5645 6073 6079
f 5645 6079 5671
f 5671 6080 5672
f 5671 6079 6080
f 6073 6081 6079
f 5672 6082 5673
f 5672 6080 6082
f 6079 6083 6080
f 6080 6084 6082
f 6073 6074 6081
f 6079 6081 6083
f 6074 6085 6081
f 6074 6077 6085
f 6081 6085 6086
f 6081 6086 6083
f 6080 6083 6084
f 5619 5625 5626
f 5611 6066 6065
f 5620 5626 6066
f 5622 6087 5625
f 5622 6068 6087
f 5623 5624 6088
f 5623 6088 6070
f 5625 6089 5626
f 5625 6087 6089
f 5624 6065 6090
f 5626 6091 6066
f 6065 6066 6092
f 5626 6089 6091
f 5624 6090 6088
f 6065 6092 6090
f 6066 6091 6092
f 5628 5667 6093
f 5628 6093 6068
f 5668 6094 5667
f 5667 6094 6093
f 6094 6095 6093
f 6068 6093 6096
f 6068 6096 6087
f 6087 6096 6097
f 6093 6095 6096
f 6087 6097 6089
f 6096 6098 6097
f 6095 6098 6096
f 5668 5678 6094
f 6094 5678 6099
f 5678 5679 6099
f 6094 6099 6095
f 6099 6100 6101
f 5679 6100 6099
f 5679 5680 6100
f 6077 6102 6085
f 6099 6101 6095
f 6083 6103 6084
f 6085 6104 6086
f 6083 6086 6103
f 6086 6105 6103
f 6100 5680 6106
f 6100 6106 6107
f 6107 6106 6108
f 6095 6101 6098
f 6101 6107 6109
f 6098 6101 6109
f 6100 6107 6101
f 6107 6108 6110
f 6107 6110 6109
f 6110 6108 6111
f 6067 6069 6112
f 6067 6112 6076
f 6069 6070 6113
f 6069 6113 6112
f 6070 6088 6114
f 6075 6076 6115
f 6075 6115 6078
f 6076 6112 6116
f 6076 6116 6115
f 6089 6117 6091
f 6089 6097 6117
f 6070 6114 6113
f 6088 6090 6118
f 6091 6119 6092
f 6091 6117 6119
f 6098 6120 6097
f 6097 6120 6117
f 6120 6121 6117
f 6088 6118 6114
f 6090 6092 6122
f 6090 6122 6118
f 6112 6113 6123
f 6112 6123 6116
f 6113 6114 6124
f 6113 6124 6123
f 6114 6118 6125
f 6114 6125 6124
f 6077 6078 6102
f 6085 6102 6104
f 6078 6126 6102
f 6078 6115 6126
f 6115 6127 6126
f 6102 6126 6128
f 6102 6128 6104
f 6086 6104 6105
f 6115 6116 6127
f 6126 6127 6129
f 6098 6109 6120
f 6120 6109 6130
f 6109 6110 6130
f 6104 6131 6105
f 6126 6129 6128
f 6104 6128 6131
f 6128 6132 6131
f 6128 6129 6132
f 6116 6123 6133
f 6116 6133 6127
f 6123 6134 6133
f 6127 6133 6135
f 6123 6124 6134
f 6127 6135 6129
f 6129 6136 6132
f 6092 6119 6122
f 6117 6121 6119
f 6119 6137 6122
f 6121 6137 6119
f 6118 6122 6138
f 6118 6138 6125
f 6122 6137 6138
f 6120 6130 6121
f 6130 6139 6121
f 6130 6140 6139
f 6110 6140 6130
f 6110 6111 6140
f 6140 6111 6141
f 6140 6142 6139
f 6140 6141 6142
f 6142 6141 6143
f 6121 6139 6137
f 6124 6125 6144
f 6124 6144 6134
f 6133 6134 6145
f 6137 6139 6146
f 6139 6142 6146
f 6137 6146 6138
f 6125 6138 6147
f 6125 6147 6144
f 6134 6144 6148
f 6133 6145 6135
f 6129 6135 6136
f 6135 6149 6136
f 6135 6145 6149
f 6134 6148 6145
f 6145 6150 6149
f 6138 6146 6147
f 6146 6151 6147
f 6144 6147 6152
f 6142 6151 6146
f 6142 6143 6151
f 6151 6143 6153
f 6144 6152 6148
f 6147 6151 6152
f 6145 6148 6150
f 6148 6154 6150
f 6151 6153 6152
f 6152 6153 6154
f 6148 6152 6154
f 5673 6082 6155
f 5841 5673 6155
f 6082 6084 6156
f 6082 6156 6155
f 5841 6155 5844
f 5680 5923 6106
f 5844 6155 6157
f 5844 6157 6158
f 6155 6156 6157
f 6156 6159 6157
f 6157 6159 6160
f 6084 6103 6161
f 6156 6084 6161
f 6103 6105 6162
f 6103 6162 6161
f 6156 6161 6159
f 6161 6163 6159
f 5923 5924 6106
f 6106 5924 6108
f 5924 6164 6108
f 5925 6164 5924
f 5925 6165 6164
f 5925 5935 6165
f 6164 6111 6108
f 6159 6163 6166
f 6161 6162 6163
f 6163 6162 6167
f 6163 6167 6168
f 5844 6158 5845
f 5845 6158 5929
f 6158 6160 5931
f 6157 6160 6158
f 5929 6158 5931
f 6160 6159 6166
f 6160 6166 6169
f 6165 5935 5936
f 5931 6169 5937
f 6169 6039 5937
f 6160 6169 5931
f 6169 6170 6039
f 6170 6053 6039
f 6169 6166 6170
f 6163 6168 6166
f 6170 6166 6168
f 6167 6171 6168
f 6170 6168 6172
f 6105 6131 6173
f 6105 6173 6162
f 6173 6131 6174
f 6131 6132 6174
f 6162 6173 6167
f 6173 6175 6167
f 6173 6174 6175
f 6164 6165 6176
f 6165 5936 6177
f 6164 6176 6111
f 6111 6176 6141
f 6176 6178 6141
f 6165 6177 6176
f 6176 6177 6178
f 6167 6175 6171
f 6179 6180 6177
f 6177 6180 6178
f 6181 6182 6180
f 6182 6183 6184
f 5936 5938 6179
f 5936 6179 6177
f 5940 6181 6179
f 6181 5942 6183
f 5938 5940 6179
f 6170 6172 6053
f 6172 6056 6053
f 6172 6185 6056
f 5940 5942 6181
f 6186 5943 6055
f 5942 5943 6186
f 6056 6185 6058
f 6058 6185 6187
f 6172 6168 6171
f 6175 6188 6171
f 6179 6181 6180
f 6171 6188 6185
f 6188 6189 6187
f 6172 6171 6185
f 6185 6188 6187
f 6055 6060 6190
f 5942 6186 6183
f 6058 6187 6062
f 6186 6055 6190
f 6062 6191 6061
f 6062 6187 6191
f 6060 6061 6192
f 6060 6192 6190
f 6181 6183 6182
f 6186 6193 6183
f 6191 6189 6194
f 6184 6183 6193
f 6193 6190 6195
f 6192 6194 6195
f 6187 6189 6191
f 6186 6190 6193
f 6190 6192 6195
f 6061 6191 6192
f 6191 6194 6192
f 6132 6136 6196
f 6132 6196 6174
f 6178 6143 6141
f 6175 6174 6197
f 6175 6197 6188
f 6197 6174 6196
f 6180 6198 6178
f 6197 6199 6189
f 6197 6196 6199
f 6196 6200 6199
f 6136 6149 6200
f 6136 6200 6196
f 6178 6198 6143
f 6198 6153 6143
f 6198 6201 6153
f 6180 6182 6198
f 6198 6182 6201
f 6194 6199 6202
f 6200 6202 6199
f 6200 6203 6202
f 6182 6184 6201
f 6184 6193 6204
f 6203 6204 6202
f 6184 6205 6201
f 6184 6204 6205
f 6195 6202 6204
f 6149 6150 6203
f 6149 6203 6200
f 6201 6154 6153
f 6203 6150 6205
f 6201 6205 6154
f 6150 6154 6205
f 6203 6205 6204
f 6197 6189 6188
f 6189 6199 6194
f 6194 6202 6195
f 6193 6195 6204
f 6039 6053 6040
f 6054 6053 6056
f 6057 6056 6058
f 6058 6062 6052
f 6059 6062 6061
f 6206 6207 6208
f 6208 6209 6210
f 6206 6208 6211
f 6212 6206 6211
f 6212 6213 6214
f 6208 6215 6211
f 6208 6210 6215
f 6212 6214 6206
f 6214 6213 6216
f 6210 6217 6218
f 6218 6217 6219
f 6206 6214 6220
f 6214 6216 6221
f 6216 6222 6223
f 6207 6224 6209
f 6225 6209 6224
f 6207 6226 6224
f 6225 6224 6227
f 6224 6226 6228
f 6225 6229 6230
f 6225 6227 6229
f 6230 6229 6231
f 6208 6207 6209
f 6206 6220 6207
f 6210 6209 6217
f 6214 6221 6220
f 6225 6217 6209
f 6207 6220 6226
f 6225 6230 6217
f 6217 6230 6219
f 6219 6230 6232
f 6216 6223 6221
f 6219 6232 6233
f 6232 6234 6233
f 6234 6235 6236
f 6235 6237 6236
f 6220 6238 6226
f 6220 6221 6238
f 6221 6239 6238
f 6221 6223 6239
f 6223 6240 6241
f 6223 6241 6239
f 6232 6230 6231
f 6226 6238 6242
f 6238 6239 6243
f 6232 6231 6244
f 6232 6244 6234
f 6234 6244 6235
f 6239 6241 6245
f 6246 6247 6248
f 6248 6249 6250
f 6246 6248 6250
f 6246 6251 6247
f 6252 6215 6253
f 6249 6254 6250
f 6249 6252 6254
f 6252 6255 6254
f 6252 6253 6255
f 6256 6246 6250
f 6257 6251 6246
f 6255 6253 6258
f 6259 6258 6253
f 6259 6253 6260
f 6259 6260 6261
f 6259 6261 6262
f 6261 6263 6262
f 6263 6264 6265
f 6212 6249 6248
f 6212 6211 6249
f 6212 6248 6213
f 6248 6247 6213
f 6249 6211 6252
f 6211 6215 6252
f 6215 6260 6253
f 6247 6266 6213
f 6247 6267 6266
f 6267 6268 6266
f 6247 6251 6267
f 6251 6269 6267
f 6269 6270 6267
f 6269 6271 6270
f 6270 6271 6272
f 6267 6270 6268
f 6270 6273 6268
f 6270 6272 6273
f 6272 6274 6273
f 6210 6260 6215
f 6210 6218 6260
f 6260 6218 6261
f 6261 6218 6275
f 6216 6213 6266
f 6216 6266 6222
f 6266 6268 6222
f 6268 6276 6222
f 6218 6219 6275
f 6275 6233 6264
f 6261 6275 6263
f 6263 6275 6264
f 6277 6265 6264
f 6277 6264 6278
f 6277 6279 6280
f 6268 6273 6276
f 6273 6281 6276
f 6273 6274 6281
f 6274 6282 6281
f 6257 6246 6256
f 6257 6283 6251
f 6256 6250 6284
f 6284 6254 6285
f 6286 6258 6287
f 6284 6250 6254
f 6283 6269 6251
f 6285 6254 6255
f 6259 6287 6258
f 6259 6262 6287
f 6288 6271 6269
f 6283 6288 6269
f 6289 6255 6258
f 6288 6290 6271
f 6287 6262 6291
f 6262 6292 6291
f 6293 6291 6292
f 6293 6292 6294
f 6290 6295 6271
f 6296 6297 6295
f 6263 6292 6262
f 6263 6265 6292
f 6265 6294 6292
f 6265 6298 6294
f 6285 6255 6289
f 6287 6291 6299
f 6286 6289 6258
f 6293 6294 6300
f 6300 6294 6301
f 6257 6256 6302
f 6257 6302 6283
f 6256 6284 6302
f 6283 6302 6288
f 6285 6289 6302
f 6284 6285 6302
f 6288 6302 6290
f 6291 6303 6299
f 6290 6302 6296
f 6293 6300 6304
f 6286 6287 6299
f 6293 6303 6291
f 6300 6301 6305
f 6301 6306 6305
f 6301 6307 6306
f 6306 6307 6308
f 6306 6308 6309
f 6290 6296 6295
f 6296 6310 6297
f 6310 6311 6297
f 6310 6312 6311
f 6313 6312 6314
f 6311 6312 6313
f 6313 6314 6315
f 6301 6294 6298
f 6301 6298 6307
f 6277 6298 6265
f 6277 6280 6298
f 6298 6280 6307
f 6307 6280 6316
f 6316 6317 6318
f 6308 6318 6319
f 6320 6319 6318
f 6308 6307 6316
f 6308 6316 6318
f 6320 6318 6321
f 6272 6271 6295
f 6272 6295 6322
f 6295 6297 6322
f 6297 6323 6322
f 6297 6311 6323
f 6311 6324 6323
f 6272 6322 6274
f 6322 6325 6274
f 6322 6323 6325
f 6323 6326 6325
f 6323 6324 6326
f 6311 6313 6324
f 6313 6327 6324
f 6313 6315 6327
f 6315 6328 6329
f 6315 6329 6327
f 6326 6324 6330
f 6324 6327 6330
f 6330 6327 6331
f 6329 6331 6327
f 6316 6280 6332
f 6274 6325 6282
f 6325 6333 6282
f 6325 6326 6333
f 6326 6334 6333
f 6326 6330 6334
f 6330 6335 6334
f 6330 6331 6335
f 6331 6336 6335
f 6334 6335 6337
f 6335 6336 6338
f 6275 6219 6233
f 6264 6233 6278
f 6278 6236 6279
f 6280 6279 6332
f 6277 6278 6279
f 6279 6339 6332
f 6340 6332 6339
f 6340 6341 6342
f 6318 6317 6321
f 6320 6321 6343
f 6343 6321 6344
f 6343 6344 6345
f 6316 6332 6317
f 6340 6317 6332
f 6317 6342 6321
f 6321 6342 6344
f 6340 6342 6317
f 6344 6342 6346
f 6342 6341 6346
f 6344 6346 6347
f 6345 6344 6347
f 6345 6347 6348
f 6222 6276 6240
f 6276 6281 6349
f 6281 6282 6350
f 6333 6351 6282
f 6333 6334 6352
f 6222 6240 6223
f 6278 6233 6234
f 6278 6234 6236
f 6279 6236 6339
f 6276 6349 6240
f 6349 6353 6240
f 6281 6350 6349
f 6282 6351 6350
f 6349 6350 6354
f 6350 6351 6355
f 6236 6237 6339
f 6356 6339 6237
f 6340 6339 6356
f 6340 6356 6341
f 6241 6240 6353
f 6349 6354 6353
f 6350 6355 6354
f 6241 6353 6357
f 6353 6358 6357
f 6354 6355 6359
f 6354 6358 6353
f 6354 6359 6358
f 6333 6352 6351
f 6351 6360 6355
f 6351 6352 6360
f 6334 6337 6352
f 6335 6338 6337
f 6352 6337 6361
f 6337 6338 6362
f 6337 6362 6361
f 6352 6361 6360
f 6361 6363 6360
f 6361 6364 6363
f 6360 6365 6355
f 6355 6365 6359
f 6360 6363 6365
f 6235 6244 6366
f 6235 6367 6237
f 6235 6366 6367
f 6237 6367 6368
f 6346 6369 6347
f 6347 6369 6370
f 6348 6347 6370
f 6348 6370 6371
f 6370 6372 6371
f 6372 6373 6371
f 6372 6374 6373
f 6346 6341 6375
f 6356 6376 6341
f 6341 6376 6375
f 6375 6377 6369
f 6356 6237 6368
f 6356 6368 6376
f 6376 6368 6378
f 6375 6376 6379
f 6358 6359 6380
f 6376 6378 6379
f 6375 6379 6377
f 6377 6379 6381
f 6346 6375 6369
f 6370 6369 6382
f 6372 6382 6383
f 6377 6382 6369
f 6370 6382 6372
f 6359 6384 6380
f 6365 6384 6359
f 6365 6363 6385
f 6363 6386 6385
f 6365 6385 6384
f 6384 6385 6387
f 6377 6388 6382
f 6377 6381 6388
f 6388 6381 6389
f 6388 6389 6390
f 6382 6388 6383
f 6372 6383 6374
f 6374 6383 6391
f 6374 6391 6392
f 6392 6391 6393
f 6392 6393 6394
f 6388 6390 6383
f 6383 6390 6391
f 6391 6395 6393
f 6391 6390 6395
f 6396 6305 6397
f 6304 6396 6302
f 6396 6397 6302
f 6398 6399 6397
f 6398 6400 6399
f 6401 6302 6399
f 6401 6399 6400
f 6397 6399 6302
f 6400 6402 6403
f 6402 6404 6403
f 6402 6405 6404
f 6405 6406 6404
f 6407 6408 6409
f 6407 6410 6408
f 6410 6411 6408
f 6412 6413 6302
f 6401 6403 6412
f 6407 6409 6302
f 6412 6414 6413
f 6413 6407 6302
f 6412 6403 6414
f 6414 6404 6415
f 6401 6412 6302
f 6401 6400 6403
f 6302 6416 6417
f 6302 6417 6418
f 6414 6403 6404
f 6409 6419 6302
f 6302 6419 6420
f 6413 6410 6407
f 6414 6410 6413
f 6302 6420 6421
f 6414 6415 6410
f 6410 6415 6411
f 6302 6421 6416
f 6417 6422 6418
f 6415 6406 6423
f 6415 6404 6406
f 6415 6423 6411
f 6411 6423 6424
f 6406 6425 6426
f 6423 6426 6427
f 6423 6406 6426
f 6424 6423 6427
f 6424 6427 6428
f 6427 6426 6429
f 6427 6430 6428
f 6431 6432 6433
f 6431 6433 6434
f 6433 6435 6434
f 6436 6437 6438
f 6433 6432 6436
f 6433 6436 6439
f 6433 6439 6435
f 6435 6439 6440
f 6436 6441 6439
f 6419 6442 6420
f 6419 6443 6442
f 6409 6443 6419
f 6409 6408 6443
f 6411 6444 6408
f 6408 6444 6443
f 6420 6442 6445
f 6443 6446 6442
f 6443 6444 6446
f 6431 6442 6446
f 6420 6445 6421
f 6421 6445 6447
f 6444 6448 6446
f 6424 6448 6444
f 6411 6424 6444
f 6448 6432 6446
f 6431 6446 6432
f 6421 6447 6416
f 6417 6416 6449
f 6417 6449 6422
f 6416 6447 6449
f 6447 6450 6449
f 6450 6451 6449
f 6422 6449 6451
f 6451 6452 6453
f 6431 6445 6442
f 6434 6447 6445
f 6431 6434 6445
f 6434 6450 6447
f 6434 6435 6450
f 6435 6454 6450
f 6450 6454 6451
f 6454 6452 6451
f 6424 6428 6448
f 6448 6428 6437
f 6448 6437 6432
f 6436 6432 6437
f 6437 6428 6455
f 6435 6440 6454
f 6440 6456 6454
f 6454 6456 6452
f 6456 6457 6452
f 6456 6458 6457
f 6427 6429 6430
f 6430 6429 6459
f 6430 6459 6460
f 6460 6459 6461
f 6460 6461 6462
f 6438 6463 6464
f 6441 6465 6466
f 6436 6438 6441
f 6439 6441 6466
f 6441 6438 6464
f 6441 6464 6465
f 6464 6463 6467
f 6468 6465 6464
f 6468 6464 6467
f 6428 6430 6455
f 6438 6437 6455
f 6460 6463 6455
f 6438 6455 6463
f 6430 6460 6455
f 6457 6458 6469
f 6469 6470 6471
f 6460 6462 6463
f 6463 6462 6467
f 6472 6473 6474
f 6472 6474 6475
f 6474 6476 6475
f 6439 6466 6440
f 6440 6477 6456
f 6440 6466 6477
f 6472 6466 6465
f 6472 6477 6466
f 6472 6475 6477
f 6475 6458 6477
f 6477 6458 6456
f 6475 6478 6458
f 6472 6465 6473
f 6468 6473 6465
f 6476 6478 6475
f 6476 6479 6478
f 6478 6469 6458
f 6478 6470 6469
f 6478 6479 6470
f 6479 6480 6470
f 6481 6470 6480
f 6461 6482 6462
f 6482 6483 6484
f 6468 6467 6485
f 6468 6485 6486
f 6485 6487 6486
f 6487 6488 6486
f 6487 6489 6488
f 6485 6467 6484
f 6467 6462 6484
f 6485 6484 6490
f 6462 6482 6484
f 6483 6490 6484
f 6483 6491 6490
f 6485 6490 6487
f 6487 6490 6492
f 6487 6492 6489
f 6489 6493 6494
f 6490 6491 6492
f 6492 6491 6495
f 6489 6492 6493
f 6492 6495 6493
f 6493 6495 6496
f 6494 6493 6497
f 6493 6496 6497
f 6473 6498 6474
f 6474 6499 6476
f 6476 6499 6500
f 6474 6498 6499
f 6476 6500 6479
f 6499 6498 6501
f 6498 6488 6501
f 6488 6502 6501
f 6499 6501 6503
f 6503 6501 6504
f 6500 6503 6505
f 6503 6506 6505
f 6499 6503 6500
f 6500 6505 6507
f 6505 6508 6509
f 6505 6509 6507
f 6504 6510 6511
f 6504 6501 6502
f 6504 6502 6510
f 6511 6510 6512
f 6503 6504 6506
f 6505 6506 6508
f 6506 6511 6513
f 6506 6513 6508
f 6508 6513 6514
f 6508 6514 6515
f 6513 6511 6516
f 6513 6516 6517
f 6513 6517 6514
f 6514 6517 6518
f 6514 6518 6519
f 6504 6511 6506
f 6508 6515 6509
f 6514 6519 6515
f 6511 6512 6516
f 6519 6518 6520
f 6473 6486 6498
f 6468 6486 6473
f 6498 6486 6488
f 6479 6500 6507
f 6479 6507 6480
f 6507 6509 6521
f 6509 6522 6521
f 6480 6521 6523
f 6523 6521 6524
f 6507 6521 6480
f 6521 6522 6524
f 6522 6525 6524
f 6522 6526 6525
f 6509 6515 6522
f 6489 6502 6488
f 6489 6494 6502
f 6502 6494 6510
f 6510 6494 6527
f 6494 6497 6527
f 6510 6527 6512
f 6528 6529 6526
f 6525 6526 6529
f 6528 6530 6529
f 6515 6519 6526
f 6515 6526 6522
f 6519 6528 6526
f 6519 6520 6528
f 6520 6531 6528
f 6528 6531 6530
f 6531 6532 6530
f 6286 6302 6289
f 6286 6299 6302
f 6293 6304 6303
f 6300 6305 6396
f 6299 6303 6302
f 6300 6396 6304
f 6303 6304 6302
f 6398 6397 6305
f 6302 6533 6314
f 6306 6398 6305
f 6306 6309 6398
f 6398 6309 6400
f 6296 6302 6310
f 6310 6302 6312
f 6302 6314 6312
f 6302 6534 6533
f 6302 6535 6534
f 6302 6536 6537
f 6302 6537 6535
f 6400 6309 6402
f 6535 6538 6534
f 6535 6537 6539
f 6402 6319 6405
f 6402 6309 6319
f 6308 6319 6309
f 6315 6314 6533
f 6533 6534 6328
f 6534 6538 6328
f 6315 6533 6328
f 6538 6540 6328
f 6535 6539 6538
f 6538 6539 6541
f 6538 6541 6540
f 6539 6542 6541
f 6541 6543 6544
f 6302 6545 6536
f 6302 6418 6545
f 6545 6546 6536
f 6537 6536 6547
f 6536 6546 6547
f 6545 6418 6548
f 6418 6422 6548
f 6545 6548 6546
f 6546 6549 6550
f 6548 6549 6546
f 6549 6551 6550
f 6537 6547 6539
f 6539 6547 6542
f 6546 6550 6547
f 6547 6550 6542
f 6541 6542 6543
f 6542 6552 6543
f 6542 6550 6552
f 6551 6552 6550
f 6320 6405 6319
f 6320 6425 6405
f 6405 6425 6406
f 6320 6343 6425
f 6425 6553 6426
f 6552 6554 6543
f 6552 6555 6554
f 6329 6328 6540
f 6329 6540 6556
f 6329 6556 6331
f 6540 6541 6544
f 6540 6544 6556
f 6331 6556 6336
f 6556 6557 6336
f 6556 6544 6557
f 6544 6558 6557
f 6336 6557 6559
f 6544 6543 6558
f 6543 6554 6558
f 6558 6560 6557
f 6558 6554 6561
f 6548 6422 6453
f 6548 6453 6549
f 6422 6451 6453
f 6549 6562 6551
f 6453 6562 6549
f 6452 6562 6453
f 6551 6563 6555
f 6452 6457 6562
f 6562 6457 6563
f 6551 6562 6563
f 6563 6471 6555
f 6551 6555 6552
f 6554 6555 6564
f 6563 6457 6469
f 6343 6553 6425
f 6426 6553 6429
f 6553 6565 6429
f 6429 6565 6459
f 6343 6345 6553
f 6345 6565 6553
f 6565 6566 6459
f 6345 6348 6565
f 6348 6566 6565
f 6459 6566 6461
f 6336 6559 6338
f 6557 6560 6559
f 6559 6567 6338
f 6558 6561 6560
f 6560 6561 6568
f 6559 6560 6569
f 6559 6569 6567
f 6560 6568 6569
f 6569 6570 6567
f 6554 6564 6561
f 6471 6564 6555
f 6564 6571 6561
f 6563 6469 6471
f 6471 6481 6564
f 6471 6470 6481
f 6481 6571 6564
f 6571 6572 6568
f 6481 6523 6571
f 6571 6523 6572
f 6561 6571 6568
f 6569 6568 6573
f 6572 6573 6568
f 6569 6573 6570
f 6338 6567 6362
f 6567 6574 6362
f 6361 6362 6364
f 6362 6574 6364
f 6570 6574 6567
f 6481 6480 6523
f 6461 6566 6575
f 6348 6371 6566
f 6566 6371 6575
f 6461 6575 6482
f 6482 6575 6576
f 6575 6373 6576
f 6482 6576 6483
f 6483 6576 6577
f 6575 6371 6373
f 6576 6373 6578
f 6572 6523 6524
f 6572 6524 6579
f 6570 6573 6580
f 6570 6580 6581
f 6580 6582 6581
f 6572 6579 6573
f 6573 6579 6580
f 6579 6583 6580
f 6580 6583 6582
f 6582 6583 6584
f 6582 6585 6586
f 6483 6577 6491
f 6491 6577 6587
f 6576 6578 6577
f 6577 6578 6588
f 6373 6374 6578
f 6578 6392 6588
f 6577 6588 6587
f 6588 6394 6589
f 6587 6588 6589
f 6587 6589 6590
f 6491 6587 6495
f 6495 6590 6496
f 6495 6587 6590
f 6582 6584 6585
f 6585 6591 6592
f 6574 6593 6364
f 6364 6593 6386
f 6570 6581 6574
f 6574 6581 6593
f 6593 6581 6586
f 6593 6594 6386
f 6593 6586 6594
f 6363 6364 6386
f 6385 6386 6595
f 6386 6594 6595
f 6385 6595 6387
f 6387 6595 6596
f 6595 6594 6597
f 6582 6586 6581
f 6594 6586 6592
f 6578 6374 6392
f 6588 6392 6394
f 6387 6596 6598
f 6598 6596 6599
f 6595 6597 6596
f 6597 6600 6596
f 6600 6599 6596
f 6601 6602 6599
f 6585 6592 6586
f 6594 6592 6597
f 6597 6603 6600
f 6597 6592 6603
f 6591 6603 6592
f 6591 6604 6603
f 6604 6605 6603
f 6603 6605 6600
f 6600 6601 6599
f 6605 6601 6600
f 6579 6524 6525
f 6525 6529 6583
f 6579 6525 6583
f 6529 6584 6583
f 6529 6530 6584
f 6530 6606 6584
f 6530 6532 6606
f 6532 6607 6606
f 6585 6584 6606
f 6585 6606 6591
f 6606 6607 6591
f 6607 6604 6591
f 6393 6608 6394
f 6393 6395 6609
f 6393 6609 6608
f 6608 6609 6610
f 6608 6610 6611
f 6610 6612 6611
f 6497 6496 6613
f 6497 6613 6614
f 6613 6615 6614
f 6512 6616 6617
f 6618 6619 6617
f 6517 6516 6620
f 6517 6620 6621
f 6517 6621 6518
f 6621 6620 6622
f 6621 6622 6623
f 6622 6624 6623
f 6516 6617 6620
f 6516 6512 6617
f 6620 6617 6619
f 6620 6619 6622
f 6622 6619 6625
f 6619 6626 6625
f 6622 6625 6624
f 6625 6627 6628
f 6624 6625 6628
f 6624 6628 6629
f 6628 6630 6629
f 6630 6631 6629
f 6527 6614 6616
f 6512 6527 6616
f 6616 6618 6617
f 6618 6626 6619
f 6616 6632 6618
f 6618 6632 6633
f 6618 6633 6626
f 6527 6497 6614
f 6616 6614 6632
f 6615 6632 6614
f 6615 6634 6632
f 6632 6634 6633
f 6520 6635 6531
f 6531 6635 6636
f 6636 6637 6638
f 6531 6636 6532
f 6532 6636 6639
f 6636 6638 6639
f 6638 6640 6641
f 6638 6641 6639
f 6641 6640 6642
f 6626 6633 6643
f 6633 6634 6644
f 6633 6644 6643
f 6643 6645 6646
f 6643 6644 6645
f 6626 6627 6625
f 6626 6643 6627
f 6628 6627 6647
f 6627 6643 6646
f 6627 6646 6647
f 6628 6647 6630
f 6642 6648 6649
f 6630 6650 6631
f 6645 6651 6646
f 6647 6652 6653
f 6630 6647 6653
f 6630 6653 6650
f 6650 6653 6654
f 6650 6654 6655
f 6654 6656 6655
f 6646 6651 6652
f 6647 6646 6652
f 6653 6652 6657
f 6651 6658 6652
f 6652 6658 6657
f 6651 6659 6658
f 6658 6659 6660
f 6657 6658 6661
f 6658 6660 6661
f 6653 6657 6654
f 6654 6657 6662
f 6657 6661 6662
f 6654 6662 6656
f 6662 6663 6656
f 6662 5246 6663
f 6661 5249 6662
f 6661 5248 5249
f 6661 6660 5244
f 6661 5244 5248
f 6662 5245 5246
f 6662 5249 5245
f 6663 5246 5247
f 6589 6664 6590
f 6589 6665 6664
f 6664 6666 6667
f 6496 6668 6613
f 6496 6590 6668
f 6613 6668 6669
f 6613 6669 6615
f 6615 6670 6634
f 6615 6669 6670
f 6590 6664 6668
f 6664 6667 6668
f 6668 6667 6669
f 6669 6671 6670
f 6669 6667 6671
f 6667 6672 6671
f 6670 6673 6634
f 6671 6674 6675
f 6670 6671 6675
f 6670 6675 6673
f 6675 6674 6676
f 6675 6677 6673
f 6675 6676 6677
f 6589 6394 6665
f 6394 6608 6665
f 6608 6611 6665
f 6664 6665 6666
f 6665 6611 6666
f 6666 6611 6678
f 6667 6666 6672
f 6666 6678 6672
f 6611 6612 6678
f 6605 6679 6601
f 6680 6679 6681
f 6602 6680 6682
f 6601 6680 6602
f 6601 6679 6680
f 6680 6683 6682
f 6683 6684 6682
f 6680 6681 6683
f 6684 6685 6686
f 6683 6685 6684
f 6672 6678 6687
f 6672 6687 6674
f 6687 6688 6689
f 6678 6612 6690
f 6691 6690 6612
f 6678 6690 6687
f 6691 6692 6690
f 6687 6690 6688
f 6688 6690 6692
f 6671 6672 6674
f 6676 6674 6689
f 6687 6689 6674
f 6693 6686 6694
f 6693 6695 6696
f 6697 6696 6695
f 6607 6639 6698
f 6607 6698 6604
f 6604 6698 6699
f 6698 6700 6699
f 6699 6700 6701
f 6701 6702 6703
f 6532 6639 6607
f 6639 6641 6698
f 6641 6642 6700
f 6641 6700 6698
f 6642 6702 6700
f 6701 6700 6702
f 6634 6673 6644
f 6644 6673 6704
f 6644 6704 6645
f 6677 6704 6673
f 6703 6705 6706
f 6642 6649 6702
f 6649 6707 6702
f 6649 6708 6707
f 6707 6708 6709
f 6703 6702 6707
f 6703 6707 6705
f 6707 6709 6705
f 6709 6710 6705
f 6705 6710 6711
f 6604 6699 6605
f 6699 6679 6605
f 6699 6701 6679
f 6701 6681 6679
f 6683 6681 6706
f 6701 6703 6681
f 6703 6706 6681
f 6683 6706 6685
f 6706 6711 6685
f 6711 6694 6685
f 6705 6711 6706
f 6711 6712 6694
f 6694 6712 6713
f 6686 6685 6694
f 6693 6694 6713
f 6693 6713 6695
f 6710 6712 6711
f 6677 6676 6714
f 6676 6715 6714
f 6716 6717 6718
f 6716 6719 6720
f 6721 6720 6719
f 6722 6723 6724
f 6725 6726 6721
f 6725 6723 6727
f 6722 6724 6728
f 6722 6727 6723
f 6722 6728 6727
f 6729 6730 6724
f 6731 6732 6730
f 6733 6729 6724
f 6692 6734 6735
f 6734 6736 6735
f 6737 6733 6738
f 6688 6692 6739
f 6692 6735 6739
f 6735 6736 6740
f 6741 6736 6738
f 6742 6731 6729
f 6737 6729 6733
f 6733 6741 6738
f 6740 6736 6741
f 6731 6730 6729
f 6731 6743 6732
f 6744 6745 6746
f 6745 6747 6748
f 6676 6689 6715
f 6715 6689 6718
f 6716 6718 6739
f 6688 6718 6689
f 6688 6739 6718
f 6735 6719 6739
f 6715 6718 6717
f 6716 6739 6719
f 6733 6724 6723
f 6725 6741 6723
f 6725 6740 6741
f 6735 6740 6719
f 6733 6723 6741
f 6743 6749 6732
f 6746 6750 6749
f 6721 6719 6740
f 6725 6721 6740
f 6745 6751 6750
f 6745 6748 6751
f 6748 6752 6751
f 6748 6753 6752
f 6754 6755 6756
f 6757 6758 6759
f 6697 6758 6757
f 6756 6760 6761
f 6743 6746 6749
f 6746 6745 6750
f 6748 6762 6753
f 6754 6756 6761
f 6754 6753 6755
f 6728 6724 6730
f 6763 6730 6732
f 6764 6732 6749
f 6765 6749 6750
f 6728 6730 6763
f 6763 6732 6764
f 6677 6766 6704
f 6704 6766 6767
f 6645 6704 6767
f 6645 6767 6651
f 6651 6767 6659
f 6767 6766 6768
f 6767 6768 6659
f 6769 6768 6770
f 6766 6771 6768
f 6771 6772 6773
f 6768 6771 6770
f 6771 6773 6770
f 6677 6714 6766
f 6766 6714 6771
f 6715 6772 6714
f 6771 6714 6772
f 6717 6774 6772
f 6717 6775 6774
f 6715 6717 6772
f 6716 6775 6717
f 6716 6720 6775
f 6772 6774 6773
f 6709 6708 6776
f 6709 6776 6777
f 6709 6777 6710
f 6778 6779 6777
f 6659 6769 6660
f 6659 6768 6769
f 6778 6780 6779
f 6778 6781 6780
f 6780 6781 6782
f 6710 6779 6712
f 6779 6783 6712
f 6783 6784 6785
f 6710 6777 6779
f 6779 6780 6783
f 6780 6784 6783
f 6784 6786 6787
f 6784 6787 6785
f 6788 6789 6790
f 6788 6791 6789
f 6787 6792 6790
f 6788 6790 6792
f 6780 6782 6784
f 6784 6782 6786
f 6787 6786 6792
f 6770 6773 5260
f 6773 6774 5262
f 6773 5261 5260
f 6774 5263 5262
f 6773 5262 5261
f 6721 5257 6720
f 6775 6720 5255
f 6721 6726 5257
f 6720 5257 5256
f 6720 5256 5255
f 6726 5258 5257
f 6725 6727 6726
f 6728 5271 6727
f 6728 6763 5271
f 6726 6727 5271
f 6726 5271 5258
f 6763 6764 5271
f 6764 6765 5271
f 6765 5272 5271
f 6775 5265 6774
f 6775 5254 5259
f 6775 5255 5254
f 6775 5259 5264
f 6775 5264 5265
f 6774 5265 5263
f 6793 6794 5275
f 6795 5289 6794
f 6752 5279 5278
f 6752 5280 5279
f 6752 5281 5280
f 6793 5282 5281
f 6793 5275 5282
f 6794 5276 5275
f 6794 5289 5276
f 6769 6770 5241
f 6770 5266 5241
f 6660 6769 5243
f 6769 5269 5243
f 6660 5243 5242
f 6769 5268 5269
f 6769 5241 5267
f 6769 5267 5268
f 6770 5260 5266
f 6660 5242 5244
f 6786 5285 5284
f 6786 5287 5285
f 6782 5321 6786
f 6786 5321 5288
f 6786 5288 5287
f 6788 5297 5294
f 6795 6791 5291
f 6788 5294 6791
f 6791 5293 5292
f 6791 5292 5291
f 6791 5294 5293
f 6795 5290 5289
f 6795 5291 5290
f 6786 5284 6792
f 6792 5284 5296
f 6792 5296 5295
f 6788 6792 5295
f 6788 5295 5297
f 6783 6713 6712
f 6783 6785 6713
f 6787 6796 6785
f 6695 6713 6785
f 6695 6785 6796
f 6790 6758 6796
f 6754 6794 6793
f 6759 6789 6797
f 6753 6793 6752
f 6754 6793 6753
f 6754 6761 6794
f 6787 6790 6796
f 6795 6794 6761
f 6795 6761 6797
f 6791 6797 6789
f 6795 6797 6791
f 6789 6758 6790
f 6697 6695 6796
f 6697 6796 6758
f 6759 6797 6760
f 6759 6758 6789
f 6760 6797 6761
f 6750 6751 5272
f 6751 6752 5278
f 6764 6749 6765
f 6765 6750 5272
f 6751 5273 5272
f 6751 5277 5273
f 6751 5278 5277
f 6793 5281 6752
f 6224 6228 6227
f 6226 6242 6228
f 6238 6243 6242
f 6239 6245 6243
f 6241 6357 6245
f 6229 6227 6798
f 6229 6798 6799
f 6229 6799 6231
f 6227 6228 6800
f 6231 6799 6801
f 6228 6802 6800
f 6228 6242 6802
f 6801 6803 6366
f 6227 6800 6798
f 6798 6804 6799
f 6801 6799 6805
f 6798 6800 6806
f 6800 6802 6807
f 6799 6804 6805
f 6798 6806 6804
f 6805 6808 6803
f 6801 6805 6803
f 6809 6803 6810
f 6800 6807 6806
f 6231 6801 6244
f 6244 6801 6366
f 6367 6366 6809
f 6242 6811 6802
f 6242 6243 6811
f 6367 6812 6368
f 6243 6245 6813
f 6243 6813 6811
f 6245 6814 6813
f 6366 6803 6809
f 6367 6809 6812
f 6812 6378 6368
f 6812 6815 6378
f 6802 6811 6816
f 6813 6817 6811
f 6809 6818 6812
f 6802 6816 6807
f 6811 6817 6816
f 6813 6819 6817
f 6817 6820 6816
f 6803 6808 6810
f 6378 6815 6821
f 6821 6822 6823
f 6812 6818 6815
f 6809 6810 6818
f 6818 6824 6815
f 6821 6815 6822
f 6817 6825 6820
f 6815 6824 6822
f 6822 6824 6826
f 6823 6822 6827
f 6822 6826 6827
f 6805 6804 6828
f 6804 6806 6829
f 6806 6807 6830
f 6807 6816 6831
f 6805 6828 6808
f 6808 6832 6810
f 6804 6829 6828
f 6808 6828 6833
f 6808 6833 6832
f 6828 6829 6834
f 6806 6830 6829
f 6810 6832 6835
f 6810 6835 6818
f 6829 6836 6834
f 6829 6830 6836
f 6835 6837 6824
f 6835 6832 6838
f 6835 6838 6837
f 6828 6834 6833
f 6832 6833 6839
f 6834 6840 6833
f 6832 6839 6838
f 6833 6840 6839
f 6834 6836 6841
f 6834 6841 6840
f 6807 6831 6830
f 6835 6824 6818
f 6830 6842 6836
f 6831 6842 6830
f 6816 6820 6831
f 6831 6820 6843
f 6831 6843 6842
f 6824 6837 6826
f 6842 6843 6844
f 6842 6844 6845
f 6836 6842 6845
f 6836 6845 6841
f 6245 6357 6814
f 6357 6846 6814
f 6814 6846 6847
f 6357 6358 6846
f 6358 6380 6846
f 6846 6380 6848
f 6379 6378 6821
f 6846 6848 6847
f 6848 6849 6847
f 6813 6814 6819
f 6814 6847 6819
f 6817 6819 6825
f 6819 6847 6850
f 6384 6851 6380
f 6380 6851 6848
f 6848 6851 6852
f 6384 6387 6851
f 6387 6598 6851
f 6379 6821 6381
f 6381 6821 6823
f 6381 6823 6389
f 6823 6853 6389
f 6389 6854 6390
f 6389 6853 6854
f 6819 6850 6825
f 6847 6849 6850
f 6850 6855 6825
f 6850 6856 6855
f 6823 6827 6853
f 6848 6852 6849
f 6851 6598 6852
f 6852 6598 6857
f 6852 6858 6849
f 6852 6857 6858
f 6854 6395 6390
f 6850 6849 6856
f 6858 6856 6849
f 6855 6856 6859
f 6855 6859 6860
f 6858 6861 6856
f 6856 6861 6859
f 6820 6825 6862
f 6820 6862 6843
f 6825 6855 6862
f 6843 6862 6863
f 6843 6863 6844
f 6862 6855 6860
f 6862 6860 6863
f 6598 6599 6857
f 6858 6857 6864
f 6858 6864 6861
f 6599 6602 6857
f 6602 6864 6857
f 6838 6839 6865
f 6838 6865 6866
f 6839 6867 6865
f 6837 6838 6866
f 6837 6866 6868
f 6866 6869 6868
f 6839 6840 6867
f 6840 6870 6867
f 6865 6871 6866
f 6865 6867 6872
f 6865 6872 6871
f 6866 6871 6869
f 6869 6871 6873
f 6826 6837 6868
f 6826 6868 6874
f 6874 6868 6875
f 6827 6826 6874
f 6827 6874 6876
f 6874 6877 6876
f 6874 6875 6877
f 6877 6875 6878
f 6877 6878 6879
f 6841 6880 6870
f 6840 6841 6870
f 6867 6870 6881
f 6845 6880 6841
f 6845 6882 6880
f 6870 6880 6883
f 6869 6875 6868
f 6869 6884 6875
f 6867 6881 6872
f 6869 6873 6884
f 6871 6872 6885
f 6871 6885 6873
f 6875 6884 6878
f 6870 6883 6881
f 6872 6881 6886
f 6872 6886 6885
f 6884 6873 6887
f 6878 6884 6888
f 6884 6887 6888
f 6878 6888 6889
f 6873 6885 6890
f 6873 6890 6887
f 6888 6887 6891
f 6854 6892 6395
f 6854 6853 6893
f 6854 6893 6892
f 6853 6876 6893
f 6827 6876 6853
f 6893 6876 6894
f 6892 6893 6895
f 6893 6894 6895
f 6895 6896 6897
f 6895 6894 6896
f 6395 6892 6609
f 6892 6898 6609
f 6609 6898 6610
f 6892 6895 6898
f 6898 6897 6899
f 6610 6898 6899
f 6610 6899 6612
f 6859 6900 6860
f 6861 6901 6859
f 6859 6901 6900
f 6902 6900 6903
f 6898 6895 6897
f 6903 6904 6905
f 6896 6906 6897
f 6896 6907 6906
f 6907 6908 6909
f 6899 6897 6910
f 6899 6691 6612
f 6899 6910 6691
f 6691 6910 6734
f 6911 6734 6910
f 6897 6906 6910
f 6911 6910 6906
f 6911 6906 6909
f 6907 6909 6906
f 6844 6863 6912
f 6844 6912 6882
f 6860 6902 6863
f 6863 6902 6912
f 6882 6912 6913
f 6877 6894 6876
f 6877 6879 6894
f 6894 6879 6896
f 6882 6913 6914
f 6914 6915 6916
f 6845 6844 6882
f 6880 6882 6914
f 6880 6914 6883
f 6881 6883 6917
f 6881 6917 6886
f 6914 6916 6883
f 6883 6916 6917
f 6860 6900 6902
f 6902 6905 6912
f 6905 6918 6913
f 6905 6913 6912
f 6914 6913 6915
f 6918 6915 6913
f 6902 6903 6905
f 6905 6904 6918
f 6879 6889 6907
f 6878 6889 6879
f 6879 6907 6896
f 6888 6919 6889
f 6888 6891 6919
f 6907 6889 6908
f 6908 6889 6919
f 6920 6921 6890
f 6922 6923 6924
f 6924 6886 6917
f 6924 6923 6886
f 6885 6886 6923
f 6885 6923 6890
f 6916 6925 6917
f 6924 6917 6925
f 6887 6921 6891
f 6887 6890 6921
f 6920 6890 6923
f 6926 6916 6915
f 6926 6925 6916
f 6918 6927 6915
f 6926 6915 6927
f 6922 6924 6928
f 6920 6923 6922
f 6928 6924 6925
f 6928 6925 6929
f 6926 6929 6925
f 6742 6908 6919
f 6742 6729 6737
f 6737 6738 6909
f 6911 6909 6738
f 6742 6930 6731
f 6930 6931 6743
f 6742 6737 6908
f 6737 6909 6908
f 6742 6919 6930
f 6891 6931 6930
f 6921 6744 6931
f 6920 6747 6744
f 6920 6922 6747
f 6919 6891 6930
f 6891 6921 6931
f 6920 6744 6921
f 6861 6864 6932
f 6864 6682 6932
f 6602 6682 6864
f 6932 6933 6901
f 6932 6684 6933
f 6933 6934 6935
f 6861 6932 6901
f 6900 6901 6935
f 6903 6935 6936
f 6900 6935 6903
f 6903 6936 6904
f 6933 6935 6901
f 6934 6936 6935
f 6932 6682 6684
f 6933 6684 6686
f 6933 6686 6934
f 6691 6734 6692
f 6918 6904 6937
f 6918 6937 6927
f 6904 6936 6938
f 6904 6938 6937
f 6926 6927 6939
f 6926 6939 6929
f 6940 6927 6937
f 6940 6939 6927
f 6934 6696 6936
f 6696 6938 6936
f 6693 6934 6686
f 6693 6696 6934
f 6697 6938 6696
f 6697 6757 6938
f 6757 6940 6937
f 6757 6937 6938
f 6911 6736 6734
f 6911 6738 6736
f 6744 6747 6745
f 6931 6744 6746
f 6748 6747 6762
f 6755 6929 6756
f 6930 6743 6731
f 6931 6746 6743
f 6922 6762 6747
f 6928 6755 6762
f 6928 6929 6755
f 6922 6928 6762
f 6756 6929 6939
f 6756 6939 6760
f 6753 6762 6755
f 6940 6760 6939
f 6940 6759 6760
f 6757 6759 6940
f 6621 6941 6518
f 6621 6623 6941
f 6520 6518 6941
f 6941 6942 6635
f 6941 6623 6942
f 6624 6943 6623
f 6623 6943 6942
f 6942 6943 6944
f 6942 6944 6637
f 6520 6941 6635
f 6942 6637 6635
f 6638 6637 6945
f 6944 6945 6637
f 6943 6946 6944
f 6943 6629 6946
f 6624 6629 6943
f 6946 6947 6944
f 6944 6947 6945
f 6946 6629 6631
f 6946 6631 6948
f 6946 6948 6947
f 6947 6948 6949
f 6947 6949 6950
f 6945 6950 6640
f 6947 6950 6945
f 6949 6951 6950
f 6636 6635 6637
f 6638 6945 6640
f 6950 6648 6640
f 6951 6952 6648
f 6950 6951 6648
f 6642 6640 6648
f 6649 6648 6952
f 6649 6952 6708
f 6948 6953 6949
f 6949 6953 6954
f 6948 6631 6955
f 6948 6955 6953
f 6650 6955 6631
f 6953 6955 6956
f 6949 6954 6951
f 6953 6957 6954
f 6951 6954 6958
f 6954 6959 6958
f 6953 6956 6957
f 6954 6957 6959
f 6650 6655 6955
f 6951 6958 6952
f 6952 6958 6960
f 6958 6961 6960
f 6955 6655 6956
f 6956 6962 6957
f 6956 6655 6963
f 6655 6656 6963
f 6956 6963 6962
f 6959 6961 6958
f 6957 6964 6959
f 6957 6962 6964
f 6959 6965 6961
f 6959 6964 6965
f 6961 6965 6966
f 6952 6960 6708
f 6708 6960 6776
f 6960 6967 6776
f 6967 6968 6776
f 6967 6969 6968
f 6968 6969 6970
f 6961 6967 6960
f 6961 6966 6967
f 6967 6966 6969
f 6962 6963 6971
f 6963 6972 6971
f 6962 6971 6973
f 6974 6973 5247
f 6964 6974 6965
f 6962 6973 6964
f 6965 6975 6966
f 6964 6973 6974
f 6974 5247 6975
f 6965 6974 6975
f 6975 6976 6966
f 6963 6656 6972
f 6656 6663 6972
f 6972 6663 5247
f 6971 6972 5247
f 6971 5247 6973
f 6976 5247 5309
f 6969 5318 6970
f 6970 5318 5317
f 6966 6976 6969
f 6975 5247 6976
f 6976 5308 6969
f 6976 5309 5308
f 6969 5308 5324
f 6969 5323 5318
f 6969 5324 5323
f 6777 6776 6968
f 6778 6777 6968
f 6778 6968 6970
f 6778 6970 6781
f 6781 5315 5320
f 6970 5316 6781
f 6970 5317 5316
f 6781 5316 5315
f 6782 6781 5320
f 6782 5320 5319
f 6782 5319 5321
