# sionna2 mesh — matrice4e__prop.obj
# group=prop  verts=6384  tris=12752
v 0.149234 0.175099 0.022440
v 0.139425 0.181374 0.022440
v 0.150385 0.177439 0.022440
v 0.147592 0.173073 0.022440
v 0.143182 0.170351 0.022440
v 0.141086 0.170081 0.023926
v 0.140635 0.169792 0.022440
v 0.138759 0.169914 0.023293
v 0.138027 0.169813 0.022440
v 0.145540 0.171464 0.022440
v 0.138037 0.169892 0.023076
v 0.137847 0.169929 0.023014
v 0.138267 0.169899 0.023146
v 0.138137 0.169896 0.023107
v 0.137267 0.170043 0.022826
v 0.136955 0.170103 0.022721
v 0.136388 0.170213 0.022532
v 0.136118 0.170265 0.022440
v 0.136196 0.170718 0.022440
v 0.136469 0.172315 0.022440
v 0.149508 0.177754 0.029838
v 0.148449 0.175601 0.029838
v 0.146939 0.173737 0.029838
v 0.145051 0.172257 0.029838
v 0.142881 0.171233 0.029838
v 0.142034 0.170317 0.024138
v 0.141372 0.170153 0.023993
v 0.140653 0.169973 0.023825
v 0.141430 0.170167 0.024007
v 0.139653 0.169939 0.023551
v 0.139000 0.169921 0.023365
v 0.139839 0.169944 0.023604
v 0.140520 0.169962 0.023789
v 0.140617 0.169964 0.023815
v 0.141852 0.170382 0.024961
v 0.141758 0.170362 0.024961
v 0.141765 0.170363 0.024961
v 0.141397 0.170281 0.024950
v 0.140538 0.170718 0.029838
v 0.141051 0.170203 0.024939
v 0.140981 0.170188 0.024937
v 0.140602 0.170102 0.024915
v 0.140294 0.170101 0.024889
v 0.140164 0.170101 0.024878
v 0.139495 0.170097 0.024804
v 0.139317 0.170096 0.024784
v 0.138794 0.170090 0.024701
v 0.135804 0.171291 0.029838
v 0.135552 0.170588 0.023912
v 0.135804 0.170540 0.023996
v 0.138139 0.170738 0.029838
v 0.138677 0.170088 0.024683
v 0.138450 0.170086 0.024646
v 0.138059 0.170080 0.024574
v 0.137570 0.170182 0.024471
v 0.137836 0.170127 0.024527
v 0.136974 0.170305 0.024328
v 0.136687 0.170364 0.024259
v 0.136110 0.170479 0.024087
v 0.136076 0.170486 0.024077
v 0.144820 0.177922 0.034770
v 0.145453 0.179210 0.034770
v 0.143917 0.176808 0.034770
v 0.142788 0.175923 0.034770
v 0.141491 0.175312 0.034770
v 0.140090 0.175004 0.034770
v 0.138656 0.175015 0.034770
v 0.139425 0.181374 0.034770
v 0.137260 0.175346 0.034770
v 0.133044 0.173545 0.022440
v 0.131124 0.173207 0.022440
v 0.132498 0.172093 0.022440
v 0.129515 0.175259 0.022440
v 0.128402 0.177617 0.022440
v 0.127843 0.180164 0.022440
v 0.127864 0.182771 0.022440
v 0.128465 0.185309 0.022440
v 0.133651 0.172349 0.029838
v 0.132592 0.172029 0.022514
v 0.131788 0.173860 0.029838
v 0.133587 0.171440 0.023089
v 0.134123 0.171212 0.023346
v 0.134408 0.171088 0.023465
v 0.134950 0.170853 0.023690
v 0.135249 0.170722 0.023801
v 0.133179 0.171611 0.022881
v 0.133315 0.171555 0.022959
v 0.132812 0.171872 0.022652
v 0.130307 0.175748 0.029838
v 0.129284 0.177918 0.029838
v 0.128769 0.180261 0.029838
v 0.128789 0.182660 0.029838
v 0.129342 0.184994 0.029838
v 0.135973 0.175979 0.034770
v 0.134859 0.176882 0.034770
v 0.133974 0.178010 0.034770
v 0.133362 0.179308 0.034770
v 0.133055 0.180708 0.034770
v 0.133066 0.182143 0.034770
v 0.133397 0.183538 0.034770
v 0.150986 0.179976 0.022440
v 0.151007 0.182584 0.022440
v 0.150447 0.185131 0.022440
v 0.149335 0.187489 0.022440
v 0.147725 0.189541 0.022440
v 0.145806 0.189203 0.022440
v 0.146352 0.190655 0.022440
v 0.142380 0.190433 0.022440
v 0.150061 0.180088 0.029838
v 0.150080 0.182487 0.029838
v 0.149565 0.184830 0.029838
v 0.148542 0.187000 0.029838
v 0.147061 0.188888 0.029838
v 0.145198 0.190399 0.029838
v 0.146258 0.190719 0.022514
v 0.146037 0.190876 0.022652
v 0.145670 0.191137 0.022881
v 0.145534 0.191193 0.022959
v 0.145263 0.191308 0.023089
v 0.143045 0.191457 0.029838
v 0.144727 0.191536 0.023346
v 0.144441 0.191659 0.023465
v 0.143899 0.191894 0.023690
v 0.143600 0.192026 0.023801
v 0.143297 0.192159 0.023912
v 0.145783 0.180605 0.034770
v 0.145795 0.182039 0.034770
v 0.145487 0.183440 0.034770
v 0.144875 0.184737 0.034770
v 0.143990 0.185866 0.034770
v 0.142876 0.186769 0.034770
v 0.141589 0.187402 0.034770
v 0.140822 0.192935 0.022440
v 0.138215 0.192956 0.022440
v 0.142654 0.192029 0.022440
v 0.142732 0.192483 0.022440
v 0.142461 0.192535 0.022532
v 0.141895 0.192645 0.022721
v 0.141583 0.192705 0.022826
v 0.141002 0.192818 0.023014
v 0.140813 0.192855 0.023076
v 0.140712 0.192852 0.023107
v 0.140583 0.192848 0.023146
v 0.140091 0.192834 0.023293
v 0.135668 0.192396 0.022440
v 0.131257 0.189675 0.022440
v 0.133309 0.191284 0.022440
v 0.137764 0.192666 0.023926
v 0.129615 0.187649 0.022440
v 0.139849 0.192827 0.023365
v 0.139011 0.192804 0.023604
v 0.139197 0.192809 0.023551
v 0.138329 0.192786 0.023789
v 0.138233 0.192784 0.023815
v 0.138196 0.192774 0.023825
v 0.137477 0.192595 0.023993
v 0.137419 0.192580 0.024007
v 0.136816 0.192431 0.024138
v 0.143046 0.192208 0.023996
v 0.142774 0.192262 0.024077
v 0.140711 0.192010 0.029838
v 0.142739 0.192269 0.024087
v 0.142163 0.192384 0.024259
v 0.141876 0.192443 0.024328
v 0.141280 0.192565 0.024471
v 0.141013 0.192621 0.024527
v 0.140790 0.192668 0.024574
v 0.140399 0.192662 0.024646
v 0.140172 0.192659 0.024683
v 0.140055 0.192658 0.024701
v 0.138312 0.192029 0.029838
v 0.139532 0.192652 0.024784
v 0.139355 0.192651 0.024804
v 0.138686 0.192647 0.024878
v 0.138555 0.192647 0.024889
v 0.138247 0.192646 0.024915
v 0.137869 0.192560 0.024937
v 0.135968 0.191514 0.029838
v 0.136998 0.192365 0.024961
v 0.137799 0.192544 0.024939
v 0.137453 0.192467 0.024950
v 0.137091 0.192386 0.024961
v 0.137084 0.192384 0.024961
v 0.133799 0.190491 0.029838
v 0.131911 0.189011 0.029838
v 0.130400 0.187147 0.029838
v 0.140193 0.187732 0.034770
v 0.138759 0.187744 0.034770
v 0.137358 0.187436 0.034770
v 0.136061 0.186824 0.034770
v 0.134933 0.185939 0.034770
v 0.134029 0.184825 0.034770
v 0.154514 0.207306 0.019571
v 0.152202 0.201059 0.020253
v 0.150850 0.201545 0.020208
v 0.152937 0.207872 0.019593
v 0.156370 0.213716 0.019085
v 0.154661 0.214330 0.019171
v 0.155462 0.214042 0.020619
v 0.148533 0.195300 0.020856
v 0.149495 0.202031 0.020606
v 0.149606 0.194915 0.020949
v 0.151433 0.201335 0.021429
v 0.147441 0.195692 0.021122
v 0.153654 0.207615 0.020969
v 0.151376 0.208432 0.020122
v 0.152985 0.214931 0.019797
v 0.148165 0.202509 0.021090
v 0.149847 0.208982 0.020748
v 0.151345 0.215520 0.020524
v 0.146844 0.188830 0.021361
v 0.146064 0.189110 0.021286
v 0.145268 0.189396 0.021475
v 0.148966 0.195145 0.021864
v 0.146382 0.188996 0.022030
v 0.148034 0.195479 0.022523
v 0.144485 0.189677 0.021718
v 0.146366 0.196078 0.021459
v 0.143707 0.189956 0.021980
v 0.145299 0.196461 0.021822
v 0.147043 0.195835 0.023077
v 0.142931 0.190235 0.022249
v 0.144234 0.196844 0.022193
v 0.150295 0.201744 0.022304
v 0.152359 0.208080 0.022034
v 0.154082 0.214537 0.021806
v 0.146845 0.202983 0.021605
v 0.149077 0.202182 0.023050
v 0.150968 0.208579 0.022954
v 0.152597 0.215071 0.022842
v 0.157497 0.220388 0.019046
v 0.156600 0.220710 0.020561
v 0.155810 0.220994 0.019161
v 0.154163 0.221585 0.019800
v 0.158243 0.227197 0.019306
v 0.157387 0.227504 0.020712
v 0.156665 0.227763 0.019420
v 0.155244 0.221197 0.021741
v 0.159114 0.233960 0.019565
v 0.158288 0.234257 0.020872
v 0.157631 0.234493 0.019672
v 0.156111 0.227962 0.021804
v 0.153784 0.221721 0.022774
v 0.146018 0.196203 0.023558
v 0.144971 0.196579 0.023983
v 0.147814 0.202635 0.023707
v 0.146522 0.203099 0.024296
v 0.149522 0.209098 0.023775
v 0.151051 0.215626 0.023772
v 0.148330 0.209526 0.021409
v 0.143170 0.197226 0.022564
v 0.142104 0.197609 0.022932
v 0.145528 0.203456 0.022129
v 0.149720 0.216104 0.021286
v 0.146817 0.210069 0.022080
v 0.148098 0.216686 0.022058
v 0.144211 0.203929 0.022653
v 0.142892 0.204402 0.023171
v 0.145303 0.210613 0.022748
v 0.146475 0.217269 0.022828
v 0.155125 0.228316 0.020015
v 0.152551 0.222164 0.020536
v 0.153616 0.228858 0.020699
v 0.150953 0.222737 0.021305
v 0.156181 0.235013 0.020223
v 0.160053 0.240700 0.019788
v 0.158660 0.241200 0.019891
v 0.161055 0.247416 0.020006
v 0.159749 0.247885 0.020105
v 0.159260 0.240984 0.021004
v 0.154760 0.235524 0.020855
v 0.157296 0.241690 0.020404
v 0.160295 0.247689 0.021134
v 0.152120 0.229395 0.021412
v 0.158470 0.248345 0.020581
v 0.155959 0.242170 0.020991
v 0.157214 0.248795 0.021123
v 0.154740 0.228454 0.022760
v 0.149358 0.223310 0.022082
v 0.150627 0.229931 0.022132
v 0.147763 0.223883 0.022857
v 0.149132 0.230468 0.022849
v 0.157078 0.234691 0.021883
v 0.158115 0.241396 0.021942
v 0.159214 0.248078 0.022001
v 0.155782 0.235157 0.022767
v 0.156891 0.241835 0.022761
v 0.153350 0.236030 0.021513
v 0.151941 0.236536 0.022178
v 0.154631 0.242647 0.021602
v 0.155967 0.249243 0.021687
v 0.158060 0.248492 0.022757
v 0.153304 0.243123 0.022218
v 0.150532 0.237042 0.022838
v 0.154721 0.249691 0.022255
v 0.151977 0.243600 0.022829
v 0.153473 0.250139 0.022818
v 0.141035 0.197992 0.023289
v 0.143910 0.196960 0.024363
v 0.142836 0.197346 0.024705
v 0.140653 0.198130 0.025240
v 0.141748 0.197736 0.024988
v 0.139962 0.198378 0.023632
v 0.138885 0.198764 0.023963
v 0.136664 0.192485 0.024177
v 0.137805 0.199152 0.024278
v 0.135867 0.192771 0.024365
v 0.145209 0.203570 0.024831
v 0.148040 0.209630 0.024518
v 0.143880 0.204047 0.025319
v 0.146532 0.210172 0.025199
v 0.149464 0.216196 0.024620
v 0.147847 0.216776 0.025401
v 0.141568 0.204877 0.023678
v 0.143787 0.211157 0.023411
v 0.140239 0.205355 0.024165
v 0.144849 0.217852 0.023590
v 0.142266 0.211704 0.024059
v 0.139552 0.198525 0.025463
v 0.138444 0.198923 0.025636
v 0.136284 0.192622 0.025009
v 0.137331 0.199322 0.025780
v 0.145003 0.210721 0.025827
v 0.142529 0.204532 0.025733
v 0.141169 0.205021 0.026110
v 0.143445 0.211280 0.026370
v 0.139799 0.205513 0.026451
v 0.146206 0.217365 0.026127
v 0.141876 0.211843 0.026871
v 0.144533 0.217966 0.026763
v 0.136718 0.199542 0.024570
v 0.135068 0.193058 0.024538
v 0.135628 0.199934 0.024846
v 0.134266 0.193346 0.024697
v 0.134534 0.200326 0.025104
v 0.133022 0.193793 0.024987
v 0.133461 0.193635 0.024842
v 0.133436 0.200721 0.025343
v 0.138905 0.205834 0.024637
v 0.137565 0.206315 0.025091
v 0.140736 0.212253 0.024685
v 0.143217 0.218439 0.024336
v 0.139200 0.212804 0.025293
v 0.141575 0.219028 0.025058
v 0.135468 0.192915 0.025038
v 0.134653 0.193207 0.025044
v 0.136216 0.199723 0.025895
v 0.133837 0.193500 0.025028
v 0.135098 0.200124 0.025974
v 0.133978 0.200526 0.026016
v 0.132858 0.200928 0.026029
v 0.132334 0.201116 0.025560
v 0.131737 0.201331 0.026010
v 0.131230 0.201513 0.025759
v 0.130618 0.201733 0.025958
v 0.138418 0.206009 0.026730
v 0.140295 0.212411 0.027331
v 0.137030 0.206507 0.026973
v 0.135638 0.207007 0.027180
v 0.142845 0.218572 0.027353
v 0.136216 0.206799 0.025515
v 0.134862 0.207285 0.025919
v 0.137656 0.213359 0.025879
v 0.133503 0.207773 0.026300
v 0.139926 0.219620 0.025761
v 0.134240 0.207509 0.027342
v 0.136102 0.213917 0.026431
v 0.132838 0.208012 0.027459
v 0.138267 0.220216 0.026440
v 0.152264 0.222267 0.023704
v 0.153315 0.228966 0.023621
v 0.151852 0.229491 0.024408
v 0.150704 0.222827 0.024555
v 0.149114 0.223398 0.025341
v 0.150362 0.230026 0.025135
v 0.154435 0.235640 0.023562
v 0.155620 0.242291 0.023498
v 0.153055 0.236136 0.024287
v 0.156865 0.248921 0.023437
v 0.154319 0.242758 0.024170
v 0.155642 0.249360 0.024056
v 0.151650 0.236640 0.024957
v 0.147500 0.223977 0.026072
v 0.148851 0.230569 0.025812
v 0.146164 0.224457 0.023624
v 0.147634 0.231006 0.023558
v 0.144558 0.225034 0.024374
v 0.146129 0.231546 0.024251
v 0.142942 0.225614 0.025101
v 0.144615 0.232089 0.024921
v 0.149119 0.237549 0.023491
v 0.150646 0.244077 0.023433
v 0.152996 0.243234 0.024790
v 0.154398 0.249807 0.024627
v 0.153137 0.250259 0.025157
v 0.147700 0.238058 0.024128
v 0.152222 0.250588 0.023374
v 0.149309 0.244557 0.024022
v 0.150966 0.251039 0.023915
v 0.146273 0.238571 0.024744
v 0.147964 0.245040 0.024590
v 0.145854 0.224568 0.026717
v 0.147310 0.231122 0.026407
v 0.145755 0.231680 0.026960
v 0.141319 0.226196 0.025808
v 0.143095 0.232635 0.025574
v 0.150225 0.237152 0.025580
v 0.151654 0.243715 0.025365
v 0.148773 0.237673 0.026127
v 0.150287 0.244206 0.025871
v 0.151854 0.250720 0.025621
v 0.150560 0.251185 0.026050
v 0.147309 0.238199 0.026634
v 0.148909 0.244701 0.026338
v 0.145833 0.238729 0.027103
v 0.147520 0.245200 0.026770
v 0.149257 0.251653 0.026446
v 0.132137 0.208264 0.026657
v 0.134540 0.214478 0.026960
v 0.131433 0.208516 0.027538
v 0.130028 0.209021 0.027578
v 0.130766 0.208756 0.026988
v 0.129389 0.209250 0.027295
v 0.128621 0.209526 0.027576
v 0.132970 0.215041 0.027463
v 0.136596 0.220816 0.027083
v 0.144839 0.239086 0.025343
v 0.149703 0.251492 0.024437
v 0.146614 0.245525 0.025142
v 0.148433 0.251948 0.024943
v 0.139687 0.226782 0.026492
v 0.138042 0.227373 0.027139
v 0.141566 0.233184 0.026204
v 0.140024 0.233738 0.026799
v 0.143397 0.239603 0.025920
v 0.145256 0.246013 0.025673
v 0.147158 0.252406 0.025430
v 0.141944 0.240125 0.026464
v 0.147939 0.252126 0.026786
v 0.146116 0.245704 0.027143
v 0.143887 0.246504 0.026173
v 0.145872 0.252868 0.025887
v 0.138475 0.234294 0.027372
v 0.140484 0.240649 0.026987
v 0.142512 0.246998 0.026653
v 0.144581 0.253332 0.026325
v 0.141130 0.247494 0.027109
v 0.143283 0.253798 0.026741
v 0.162160 0.254096 0.020241
v 0.161426 0.254360 0.021284
v 0.160934 0.254536 0.020329
v 0.159731 0.254968 0.020763
v 0.163331 0.260752 0.020466
v 0.162184 0.261164 0.020542
v 0.162626 0.261006 0.021425
v 0.161056 0.261569 0.020937
v 0.158548 0.255393 0.021259
v 0.164606 0.267371 0.020719
v 0.163533 0.267756 0.020777
v 0.163922 0.267617 0.021596
v 0.165945 0.273967 0.020949
v 0.160400 0.254728 0.022079
v 0.161656 0.261354 0.022152
v 0.163001 0.267947 0.022251
v 0.159309 0.255120 0.022772
v 0.158181 0.255525 0.023393
v 0.160628 0.261723 0.022784
v 0.165288 0.274203 0.021746
v 0.162473 0.268137 0.021126
v 0.164946 0.274325 0.020991
v 0.157373 0.255815 0.021774
v 0.159947 0.261968 0.021387
v 0.158843 0.262364 0.021855
v 0.156199 0.256237 0.022291
v 0.161429 0.268512 0.021526
v 0.159565 0.262104 0.023349
v 0.162028 0.268297 0.022819
v 0.157740 0.262760 0.022324
v 0.160391 0.268885 0.021941
v 0.155023 0.256659 0.022804
v 0.156636 0.263156 0.022788
v 0.153844 0.257082 0.023309
v 0.159352 0.269257 0.022357
v 0.155529 0.263554 0.023245
v 0.158312 0.269631 0.022768
v 0.163957 0.274681 0.021299
v 0.162980 0.275031 0.021652
v 0.167363 0.280534 0.021198
v 0.166731 0.280761 0.021912
v 0.166439 0.280866 0.021219
v 0.164419 0.274515 0.022334
v 0.165518 0.281197 0.021482
v 0.162008 0.275380 0.022019
v 0.164608 0.281523 0.021785
v 0.161025 0.268657 0.023323
v 0.163504 0.274843 0.022841
v 0.165913 0.281055 0.022431
v 0.165056 0.281363 0.022874
v 0.163702 0.281849 0.022099
v 0.161036 0.275729 0.022386
v 0.157270 0.270005 0.023171
v 0.160062 0.276079 0.022748
v 0.162795 0.282174 0.022414
v 0.161887 0.282500 0.022723
v 0.159086 0.276429 0.023103
v 0.168852 0.287076 0.021418
v 0.168252 0.287292 0.022053
v 0.168002 0.287381 0.021423
v 0.167152 0.287686 0.021645
v 0.170435 0.293584 0.021669
v 0.169658 0.293863 0.021650
v 0.169862 0.293790 0.022222
v 0.168876 0.294144 0.021825
v 0.172085 0.300068 0.021872
v 0.171384 0.300320 0.021838
v 0.167488 0.287566 0.022507
v 0.166691 0.287852 0.022892
v 0.169150 0.294046 0.022607
v 0.171548 0.300261 0.022350
v 0.170894 0.300496 0.022674
v 0.166311 0.287989 0.021903
v 0.168101 0.294422 0.022032
v 0.170673 0.300575 0.021974
v 0.165472 0.288290 0.022171
v 0.164633 0.288591 0.022438
v 0.163793 0.288892 0.022700
v 0.167327 0.294700 0.022248
v 0.169967 0.300829 0.022139
v 0.168409 0.294312 0.022929
v 0.170216 0.300740 0.022940
v 0.166554 0.294978 0.022462
v 0.169262 0.301082 0.022310
v 0.165779 0.295256 0.022672
v 0.168557 0.301335 0.022480
v 0.173694 0.306567 0.021983
v 0.173223 0.306736 0.022388
v 0.173087 0.306785 0.021953
v 0.172653 0.306941 0.022660
v 0.172472 0.307006 0.022066
v 0.171860 0.307226 0.022203
v 0.172064 0.307152 0.022883
v 0.171250 0.307445 0.022346
v 0.170639 0.307664 0.022487
v 0.171465 0.307367 0.023071
v 0.173553 0.313694 0.022317
v 0.173377 0.313757 0.022308
v 0.173415 0.313744 0.022431
v 0.173250 0.313803 0.022508
v 0.173200 0.313821 0.022340
v 0.173023 0.313885 0.022378
v 0.172847 0.313948 0.022418
v 0.171984 0.314258 0.022634
v 0.173079 0.313864 0.022570
v 0.172906 0.313927 0.022623
v 0.172731 0.313990 0.022668
v 0.157027 0.255939 0.023959
v 0.158480 0.262494 0.023862
v 0.160002 0.269024 0.023779
v 0.155854 0.256360 0.024478
v 0.154666 0.256787 0.024959
v 0.157379 0.262889 0.024332
v 0.152660 0.257507 0.023800
v 0.154417 0.263953 0.023689
v 0.158965 0.269397 0.024196
v 0.156264 0.263290 0.024767
v 0.157915 0.269773 0.024579
v 0.156850 0.270156 0.024910
v 0.155130 0.263697 0.025145
v 0.162563 0.275181 0.023290
v 0.161604 0.275525 0.023693
v 0.164176 0.281679 0.023263
v 0.163280 0.282000 0.023611
v 0.160632 0.275874 0.024060
v 0.162374 0.282325 0.023925
v 0.159650 0.276227 0.024396
v 0.161459 0.282654 0.024210
v 0.158655 0.276584 0.024684
v 0.153458 0.257221 0.025380
v 0.152240 0.257658 0.025767
v 0.153989 0.264107 0.025492
v 0.165874 0.288145 0.023228
v 0.165044 0.288443 0.023525
v 0.164206 0.288744 0.023791
v 0.163360 0.289048 0.024031
v 0.167653 0.294583 0.023205
v 0.169525 0.300988 0.023166
v 0.166887 0.294858 0.023446
v 0.168826 0.301239 0.023360
v 0.166113 0.295136 0.023660
v 0.168121 0.301492 0.023529
v 0.170859 0.307585 0.023232
v 0.170248 0.307804 0.023372
v 0.160977 0.282827 0.023026
v 0.162951 0.289195 0.022956
v 0.165003 0.295535 0.022875
v 0.167852 0.301588 0.022646
v 0.164224 0.295814 0.023068
v 0.167145 0.301842 0.022806
v 0.170028 0.307884 0.022623
v 0.169415 0.308104 0.022755
v 0.166436 0.302097 0.022955
v 0.165725 0.302352 0.023093
v 0.168801 0.308324 0.022878
v 0.172671 0.314011 0.022457
v 0.172494 0.314075 0.022495
v 0.172317 0.314138 0.022531
v 0.172554 0.314053 0.022706
v 0.172140 0.314202 0.022565
v 0.171962 0.314266 0.022596
v 0.172377 0.314117 0.022739
v 0.172198 0.314181 0.022764
v 0.172019 0.314245 0.022785
v 0.168185 0.308545 0.022990
v 0.171784 0.314330 0.022624
v 0.171605 0.314394 0.022649
v 0.171426 0.314458 0.022670
v 0.171246 0.314523 0.022688
v 0.171067 0.314587 0.022703
v 0.170887 0.314652 0.022714
v 0.171840 0.314310 0.022800
v 0.171660 0.314374 0.022809
v 0.171479 0.314439 0.022813
v 0.171299 0.314504 0.022813
v 0.171119 0.314568 0.022808
v 0.170939 0.314633 0.022796
v 0.167568 0.308767 0.023094
v 0.166949 0.308989 0.023187
v 0.170707 0.314716 0.022721
v 0.170527 0.314781 0.022725
v 0.170580 0.314762 0.022761
v 0.170760 0.314697 0.022781
v 0.170402 0.314826 0.022735
v 0.166328 0.309212 0.023266
v 0.165707 0.309435 0.023334
v 0.165084 0.309658 0.023392
v 0.164461 0.309882 0.023437
v 0.163837 0.310106 0.023469
v 0.151469 0.257935 0.024273
v 0.153298 0.264354 0.024115
v 0.156223 0.270381 0.023562
v 0.150273 0.258364 0.024731
v 0.152176 0.264758 0.024526
v 0.155170 0.270759 0.023936
v 0.149071 0.258796 0.025170
v 0.151047 0.265163 0.024920
v 0.154114 0.271138 0.024297
v 0.158106 0.276781 0.023445
v 0.160064 0.283155 0.023317
v 0.157121 0.277135 0.023772
v 0.159146 0.283484 0.023593
v 0.156133 0.277490 0.024085
v 0.158226 0.283815 0.023857
v 0.160533 0.282987 0.024451
v 0.157653 0.276944 0.024943
v 0.159601 0.283321 0.024666
v 0.158665 0.283657 0.024858
v 0.153052 0.271519 0.024640
v 0.151984 0.271903 0.024959
v 0.155140 0.277846 0.024383
v 0.157302 0.284147 0.024105
v 0.154142 0.278205 0.024658
v 0.156372 0.284480 0.024333
v 0.153139 0.278565 0.024917
v 0.155440 0.284815 0.024545
v 0.155777 0.270541 0.025211
v 0.152839 0.264519 0.025810
v 0.151014 0.258098 0.026123
v 0.154698 0.270928 0.025485
v 0.153610 0.271319 0.025714
v 0.151679 0.264936 0.026080
v 0.149776 0.258543 0.026427
v 0.148531 0.258990 0.026698
v 0.147860 0.259230 0.025582
v 0.149911 0.265571 0.025289
v 0.148770 0.265980 0.025639
v 0.146644 0.259667 0.025975
v 0.146615 0.252601 0.027092
v 0.150513 0.265355 0.026319
v 0.152516 0.271712 0.025915
v 0.149342 0.265775 0.026530
v 0.151419 0.272106 0.026089
v 0.147280 0.259439 0.026939
v 0.148165 0.266198 0.026704
v 0.150317 0.272501 0.026229
v 0.156645 0.277306 0.025178
v 0.155630 0.277670 0.025371
v 0.157723 0.283996 0.025012
v 0.154611 0.278036 0.025538
v 0.150911 0.272288 0.025262
v 0.153588 0.278404 0.025679
v 0.156777 0.284335 0.025140
v 0.155829 0.284676 0.025246
v 0.154878 0.285017 0.025323
v 0.152561 0.278772 0.025790
v 0.152133 0.278926 0.025159
v 0.154505 0.285151 0.024742
v 0.147624 0.266392 0.025970
v 0.145422 0.260106 0.026347
v 0.141978 0.254266 0.027132
v 0.144194 0.260547 0.026696
v 0.146472 0.266806 0.026278
v 0.149834 0.272675 0.025546
v 0.146984 0.266622 0.026841
v 0.146023 0.259890 0.027141
v 0.149212 0.272898 0.026334
v 0.148753 0.273063 0.025809
v 0.145315 0.267221 0.026564
v 0.142960 0.260990 0.027020
v 0.148105 0.273296 0.026411
v 0.145801 0.267046 0.026948
v 0.141721 0.261435 0.027322
v 0.144153 0.267638 0.026829
v 0.147667 0.273453 0.026050
v 0.146996 0.273694 0.026458
v 0.144615 0.267472 0.027023
v 0.143428 0.267898 0.027063
v 0.146577 0.273844 0.026272
v 0.145886 0.274092 0.026473
v 0.151123 0.279289 0.025381
v 0.153566 0.285488 0.024920
v 0.153926 0.285359 0.025370
v 0.151532 0.279142 0.025868
v 0.150109 0.279653 0.025583
v 0.152624 0.285826 0.025079
v 0.152972 0.285701 0.025393
v 0.150502 0.279512 0.025920
v 0.152019 0.286043 0.025391
v 0.149471 0.279882 0.025944
v 0.149092 0.280018 0.025766
v 0.151680 0.286165 0.025220
v 0.151066 0.286386 0.025361
v 0.148439 0.280252 0.025938
v 0.162107 0.289498 0.023201
v 0.161258 0.289803 0.023431
v 0.160407 0.290108 0.023651
v 0.165334 0.295416 0.023849
v 0.167411 0.301746 0.023675
v 0.166697 0.302003 0.023789
v 0.164547 0.295698 0.024001
v 0.163443 0.296095 0.023247
v 0.162659 0.296376 0.023417
v 0.162504 0.289355 0.024231
v 0.161645 0.289664 0.024406
v 0.160781 0.289974 0.024560
v 0.163758 0.295982 0.024131
v 0.162965 0.296266 0.024241
v 0.165979 0.302261 0.023883
v 0.165260 0.302519 0.023959
v 0.159553 0.290415 0.023856
v 0.165012 0.302608 0.023221
v 0.161873 0.296658 0.023573
v 0.158695 0.290723 0.024041
v 0.161084 0.296942 0.023711
v 0.164298 0.302864 0.023337
v 0.157834 0.291032 0.024213
v 0.160294 0.297225 0.023836
v 0.163581 0.303122 0.023437
v 0.159501 0.297510 0.023947
v 0.162863 0.303379 0.023524
v 0.159913 0.290286 0.024680
v 0.159042 0.290598 0.024776
v 0.158169 0.290912 0.024851
v 0.162169 0.296552 0.024321
v 0.164539 0.302778 0.024007
v 0.163817 0.303037 0.024035
v 0.161371 0.296838 0.024378
v 0.156971 0.291342 0.024369
v 0.163094 0.303296 0.024046
v 0.160573 0.297125 0.024417
v 0.162371 0.303556 0.024037
v 0.159773 0.297412 0.024433
v 0.157295 0.291226 0.024901
v 0.169634 0.308025 0.023492
v 0.169015 0.308247 0.023584
v 0.168394 0.308470 0.023659
v 0.167772 0.308694 0.023719
v 0.167148 0.308918 0.023754
v 0.166523 0.309142 0.023773
v 0.165898 0.309366 0.023777
v 0.165273 0.309591 0.023763
v 0.162144 0.303638 0.023599
v 0.161423 0.303896 0.023660
v 0.164649 0.309815 0.023729
v 0.161649 0.303815 0.024004
v 0.164026 0.310038 0.023679
v 0.163212 0.310331 0.023490
v 0.163404 0.310262 0.023614
v 0.162784 0.310484 0.023530
v 0.158707 0.297795 0.024043
v 0.157911 0.298081 0.024122
v 0.156105 0.291653 0.024509
v 0.155237 0.291964 0.024631
v 0.154367 0.292277 0.024737
v 0.158974 0.297699 0.024422
v 0.160928 0.304074 0.023953
v 0.158175 0.297986 0.024392
v 0.156419 0.291540 0.024922
v 0.155544 0.291854 0.024922
v 0.157114 0.298367 0.024186
v 0.160702 0.304155 0.023707
v 0.157377 0.298273 0.024341
v 0.160209 0.304333 0.023883
v 0.156581 0.298559 0.024266
v 0.159980 0.304415 0.023739
v 0.159491 0.304590 0.023793
v 0.154668 0.292169 0.024898
v 0.153794 0.292483 0.024849
v 0.138697 0.212985 0.027719
v 0.141144 0.219183 0.027900
v 0.137091 0.213562 0.028065
v 0.135477 0.214141 0.028371
v 0.139423 0.219801 0.028369
v 0.137692 0.220422 0.028794
v 0.144193 0.225165 0.027315
v 0.142518 0.225766 0.027871
v 0.144187 0.232243 0.027473
v 0.142602 0.232813 0.027917
v 0.140824 0.226374 0.028352
v 0.133855 0.214723 0.028624
v 0.132227 0.215308 0.028825
v 0.134917 0.221419 0.027700
v 0.135952 0.221047 0.029175
v 0.134201 0.221676 0.029499
v 0.131393 0.215607 0.027938
v 0.129808 0.216176 0.028382
v 0.133229 0.222025 0.028289
v 0.130594 0.215894 0.028982
v 0.128959 0.216481 0.029095
v 0.131531 0.222634 0.028847
v 0.132442 0.222307 0.029768
v 0.128216 0.216748 0.028798
v 0.127320 0.217070 0.029157
v 0.129824 0.223247 0.029373
v 0.130677 0.222941 0.029989
v 0.128908 0.223576 0.030162
v 0.128109 0.223863 0.029868
v 0.127134 0.224213 0.030281
v 0.139118 0.226987 0.028789
v 0.141006 0.233385 0.028319
v 0.139402 0.233961 0.028681
v 0.136389 0.227967 0.027762
v 0.134726 0.228564 0.028356
v 0.136918 0.234853 0.027918
v 0.144340 0.239265 0.027508
v 0.142839 0.239804 0.027873
v 0.144704 0.246211 0.027478
v 0.139017 0.241176 0.027484
v 0.145284 0.253079 0.027364
v 0.143285 0.246720 0.027778
v 0.143946 0.253560 0.027595
v 0.141858 0.247233 0.028034
v 0.141329 0.240346 0.028201
v 0.139812 0.240891 0.028482
v 0.137788 0.234541 0.028991
v 0.137404 0.227602 0.029183
v 0.135679 0.228222 0.029521
v 0.133945 0.228844 0.029805
v 0.136167 0.235123 0.029251
v 0.133054 0.229164 0.028920
v 0.135352 0.235415 0.028435
v 0.137541 0.241706 0.027954
v 0.139741 0.247993 0.027539
v 0.142602 0.254042 0.027784
v 0.138344 0.248494 0.027942
v 0.140667 0.254737 0.027497
v 0.138287 0.241438 0.028713
v 0.140424 0.247747 0.028243
v 0.136058 0.242239 0.028396
v 0.133777 0.235981 0.028922
v 0.138986 0.248264 0.028416
v 0.136757 0.241988 0.028905
v 0.141254 0.254526 0.027937
v 0.136942 0.248998 0.028320
v 0.139350 0.255210 0.027839
v 0.132195 0.236549 0.029380
v 0.134567 0.242774 0.028810
v 0.137545 0.248781 0.028549
v 0.135223 0.242538 0.029055
v 0.133685 0.243090 0.029159
v 0.139903 0.255011 0.028054
v 0.138549 0.255497 0.028131
v 0.136100 0.249300 0.028640
v 0.131372 0.229768 0.029452
v 0.134539 0.235707 0.029467
v 0.132205 0.229469 0.030042
v 0.130460 0.230095 0.030232
v 0.129683 0.230374 0.029954
v 0.132908 0.236293 0.029639
v 0.128710 0.230724 0.030369
v 0.131272 0.236880 0.029762
v 0.144761 0.260343 0.027303
v 0.143496 0.260798 0.027432
v 0.142228 0.261253 0.027527
v 0.140958 0.261709 0.027584
v 0.115013 0.052641 0.023469
v 0.108143 0.048031 0.022721
v 0.107963 0.048096 0.022714
v 0.107783 0.048161 0.022703
v 0.114388 0.052865 0.023437
v 0.107603 0.048225 0.022688
v 0.113765 0.053089 0.023392
v 0.107424 0.048290 0.022670
v 0.113142 0.053313 0.023334
v 0.108447 0.047922 0.022735
v 0.106865 0.048490 0.022634
v 0.108323 0.047967 0.022725
v 0.108269 0.047986 0.022761
v 0.108090 0.048050 0.022781
v 0.107910 0.048115 0.022796
v 0.112521 0.053536 0.023266
v 0.107244 0.048354 0.022649
v 0.111900 0.053759 0.023187
v 0.107066 0.048418 0.022624
v 0.111282 0.053981 0.023094
v 0.106888 0.048482 0.022596
v 0.110664 0.054202 0.022990
v 0.106710 0.048546 0.022565
v 0.110049 0.054424 0.022878
v 0.105826 0.048863 0.022378
v 0.106002 0.048800 0.022418
v 0.105650 0.048927 0.022340
v 0.106179 0.048737 0.022457
v 0.108210 0.055084 0.022487
v 0.106532 0.048610 0.022531
v 0.107730 0.048179 0.022808
v 0.107550 0.048244 0.022813
v 0.107370 0.048309 0.022813
v 0.107190 0.048374 0.022809
v 0.107010 0.048438 0.022800
v 0.106830 0.048503 0.022785
v 0.106355 0.048673 0.022495
v 0.106651 0.048567 0.022764
v 0.106472 0.048631 0.022739
v 0.106295 0.048695 0.022706
v 0.105770 0.048883 0.022570
v 0.105600 0.048944 0.022508
v 0.106118 0.048758 0.022668
v 0.105943 0.048821 0.022623
v 0.109434 0.054644 0.022755
v 0.108822 0.054864 0.022623
v 0.108601 0.054943 0.023372
v 0.107990 0.055163 0.023232
v 0.112414 0.060651 0.022955
v 0.113125 0.060396 0.023093
v 0.111705 0.060905 0.022806
v 0.114625 0.066933 0.023068
v 0.110998 0.061159 0.022646
v 0.110292 0.061413 0.022480
v 0.113847 0.067213 0.022875
v 0.113070 0.067492 0.022672
v 0.115898 0.073553 0.022956
v 0.115056 0.073855 0.022700
v 0.117872 0.079921 0.023026
v 0.116962 0.080247 0.022723
v 0.119763 0.086318 0.023103
v 0.116065 0.052263 0.023530
v 0.115637 0.052417 0.023490
v 0.119359 0.058157 0.023793
v 0.118870 0.058333 0.023739
v 0.118641 0.058415 0.023883
v 0.122269 0.064189 0.024266
v 0.118148 0.058592 0.023707
v 0.121736 0.064380 0.024186
v 0.115445 0.052486 0.023614
v 0.117921 0.058674 0.023953
v 0.117426 0.058851 0.023660
v 0.114823 0.052709 0.023679
v 0.117200 0.058932 0.024004
v 0.114200 0.052933 0.023729
v 0.120939 0.064667 0.024122
v 0.116706 0.059110 0.023599
v 0.120143 0.064952 0.024043
v 0.121472 0.064475 0.024341
v 0.120674 0.064762 0.024392
v 0.119875 0.065048 0.024422
v 0.125056 0.070265 0.024849
v 0.124482 0.070471 0.024737
v 0.124181 0.070579 0.024898
v 0.119348 0.065238 0.023947
v 0.123612 0.070783 0.024631
v 0.122744 0.071095 0.024509
v 0.123306 0.070893 0.024922
v 0.119076 0.065335 0.024433
v 0.118556 0.065522 0.023836
v 0.121878 0.071406 0.024369
v 0.122430 0.071208 0.024922
v 0.121555 0.071522 0.024901
v 0.127169 0.076583 0.025220
v 0.126225 0.076922 0.025079
v 0.125283 0.077260 0.024920
v 0.121015 0.071716 0.024213
v 0.124345 0.077597 0.024742
v 0.123409 0.077933 0.024545
v 0.127784 0.076362 0.025361
v 0.126831 0.076704 0.025391
v 0.125877 0.077047 0.025393
v 0.124924 0.077389 0.025370
v 0.123971 0.077731 0.025323
v 0.123021 0.078072 0.025246
v 0.113576 0.053157 0.023763
v 0.112951 0.053381 0.023777
v 0.112326 0.053606 0.023773
v 0.115986 0.059368 0.023524
v 0.115268 0.059626 0.023437
v 0.116478 0.059192 0.024037
v 0.115755 0.059451 0.024046
v 0.115033 0.059711 0.024035
v 0.114552 0.059883 0.023337
v 0.113837 0.060140 0.023221
v 0.116976 0.066089 0.023573
v 0.114310 0.059970 0.024007
v 0.111702 0.053830 0.023754
v 0.113589 0.060229 0.023959
v 0.117765 0.065806 0.023711
v 0.118277 0.065622 0.024417
v 0.117478 0.065909 0.024378
v 0.116680 0.066196 0.024321
v 0.115884 0.066481 0.024241
v 0.111078 0.054054 0.023719
v 0.110455 0.054278 0.023659
v 0.109835 0.054500 0.023584
v 0.109216 0.054723 0.023492
v 0.116190 0.066372 0.023417
v 0.115407 0.066653 0.023247
v 0.112870 0.060487 0.023883
v 0.112153 0.060745 0.023789
v 0.114302 0.067050 0.024001
v 0.110729 0.061256 0.023529
v 0.111438 0.061001 0.023675
v 0.113515 0.067332 0.023849
v 0.112736 0.067612 0.023660
v 0.115092 0.066766 0.024131
v 0.120154 0.072025 0.024041
v 0.119296 0.072333 0.023856
v 0.118442 0.072639 0.023651
v 0.121548 0.078601 0.024105
v 0.120623 0.078933 0.023857
v 0.120680 0.071836 0.024851
v 0.119808 0.072149 0.024776
v 0.118068 0.072774 0.024560
v 0.118937 0.072462 0.024680
v 0.122477 0.078267 0.024333
v 0.122072 0.078413 0.025140
v 0.121127 0.078752 0.025012
v 0.120184 0.079091 0.024858
v 0.117591 0.072945 0.023431
v 0.116743 0.073250 0.023201
v 0.114644 0.074003 0.023791
v 0.115490 0.073700 0.024031
v 0.119703 0.079263 0.023593
v 0.118785 0.079593 0.023317
v 0.117205 0.073084 0.024406
v 0.116345 0.073392 0.024231
v 0.119248 0.079427 0.024666
v 0.118316 0.079761 0.024451
v 0.117390 0.080094 0.024210
v 0.126716 0.083822 0.025159
v 0.125710 0.084183 0.024917
v 0.129757 0.082730 0.025766
v 0.130410 0.082496 0.025938
v 0.129379 0.082866 0.025944
v 0.128740 0.083095 0.025583
v 0.132273 0.088903 0.026272
v 0.132963 0.088655 0.026473
v 0.131854 0.089054 0.026458
v 0.131183 0.089295 0.026050
v 0.130745 0.089452 0.026411
v 0.134696 0.095110 0.026829
v 0.135421 0.094849 0.027063
v 0.134234 0.095276 0.027023
v 0.127726 0.083459 0.025381
v 0.128347 0.083236 0.025920
v 0.127317 0.083606 0.025868
v 0.130097 0.089685 0.025809
v 0.129015 0.090073 0.025546
v 0.126288 0.083976 0.025790
v 0.125262 0.084344 0.025679
v 0.132378 0.095942 0.026278
v 0.127938 0.090460 0.025262
v 0.131226 0.096356 0.025970
v 0.129638 0.089849 0.026334
v 0.128532 0.090246 0.026229
v 0.133535 0.095527 0.026564
v 0.133049 0.095701 0.026948
v 0.131865 0.096126 0.026841
v 0.127431 0.090642 0.026089
v 0.130684 0.096550 0.026704
v 0.137128 0.101313 0.027322
v 0.130080 0.096767 0.025639
v 0.134655 0.102201 0.026696
v 0.135889 0.101758 0.027020
v 0.133427 0.102642 0.026347
v 0.132205 0.103081 0.025975
v 0.132826 0.102858 0.027141
v 0.136871 0.108482 0.027132
v 0.135567 0.108950 0.026741
v 0.124708 0.084543 0.024658
v 0.123709 0.084902 0.024383
v 0.126865 0.090845 0.024959
v 0.122716 0.085258 0.024085
v 0.125797 0.091228 0.024640
v 0.124736 0.091609 0.024297
v 0.127802 0.097585 0.024920
v 0.121728 0.085613 0.023772
v 0.120743 0.085966 0.023445
v 0.123679 0.091989 0.023936
v 0.122627 0.092367 0.023562
v 0.121580 0.092743 0.023171
v 0.125551 0.098393 0.024115
v 0.124433 0.098795 0.023689
v 0.121196 0.085804 0.024943
v 0.119199 0.086521 0.024396
v 0.120194 0.086163 0.024684
v 0.121999 0.092592 0.024910
v 0.126674 0.097990 0.024526
v 0.120934 0.092974 0.024579
v 0.129778 0.103952 0.025170
v 0.126189 0.105240 0.023800
v 0.127380 0.104813 0.024273
v 0.128576 0.104384 0.024731
v 0.130416 0.110800 0.024943
v 0.129147 0.111255 0.024437
v 0.124239 0.084711 0.025538
v 0.126333 0.091036 0.025915
v 0.123219 0.085077 0.025371
v 0.122204 0.085442 0.025178
v 0.125240 0.091428 0.025714
v 0.128938 0.097177 0.025289
v 0.124151 0.091819 0.025485
v 0.127171 0.097812 0.026080
v 0.129508 0.096973 0.026530
v 0.128337 0.097393 0.026319
v 0.123072 0.092207 0.025211
v 0.126010 0.098228 0.025810
v 0.124861 0.098641 0.025492
v 0.123719 0.099051 0.025145
v 0.130989 0.103517 0.025582
v 0.132977 0.109880 0.025887
v 0.131692 0.110341 0.025430
v 0.131570 0.103309 0.026939
v 0.130319 0.103758 0.026698
v 0.129074 0.104205 0.026427
v 0.134269 0.109416 0.026325
v 0.132235 0.110146 0.027092
v 0.130910 0.110622 0.026786
v 0.126609 0.105090 0.025767
v 0.127835 0.104650 0.026123
v 0.125391 0.105527 0.025380
v 0.129593 0.111095 0.026446
v 0.128289 0.111563 0.026050
v 0.107466 0.062428 0.021838
v 0.105762 0.055963 0.021953
v 0.105155 0.056181 0.021983
v 0.108177 0.062172 0.021974
v 0.109973 0.068604 0.021825
v 0.105297 0.049053 0.022317
v 0.105472 0.048990 0.022308
v 0.105435 0.049004 0.022431
v 0.107600 0.055303 0.022346
v 0.106989 0.055522 0.022203
v 0.106378 0.055742 0.022066
v 0.105627 0.056011 0.022388
v 0.106785 0.055595 0.022883
v 0.107384 0.055380 0.023071
v 0.106196 0.055807 0.022660
v 0.109587 0.061666 0.022310
v 0.108883 0.061919 0.022139
v 0.112296 0.067770 0.022462
v 0.111522 0.068048 0.022248
v 0.108634 0.062008 0.022940
v 0.107301 0.062487 0.022350
v 0.110749 0.068325 0.022032
v 0.107956 0.062252 0.022674
v 0.109700 0.068702 0.022607
v 0.106764 0.062679 0.021872
v 0.109191 0.068885 0.021650
v 0.108415 0.069163 0.021669
v 0.108988 0.068958 0.022222
v 0.112539 0.074759 0.021903
v 0.111697 0.075061 0.021645
v 0.114241 0.081224 0.021785
v 0.115148 0.080899 0.022099
v 0.114216 0.074157 0.022438
v 0.113377 0.074458 0.022171
v 0.110440 0.068436 0.022929
v 0.111361 0.075182 0.022507
v 0.112159 0.074896 0.022892
v 0.116054 0.080573 0.022414
v 0.110847 0.075367 0.021423
v 0.109997 0.075672 0.021418
v 0.110598 0.075456 0.022053
v 0.112411 0.081882 0.021219
v 0.113331 0.081551 0.021482
v 0.111486 0.082213 0.021198
v 0.112118 0.081987 0.021912
v 0.112936 0.081693 0.022431
v 0.113794 0.081385 0.022874
v 0.113903 0.088422 0.020991
v 0.112904 0.088781 0.020949
v 0.115317 0.094991 0.020777
v 0.116376 0.094611 0.021126
v 0.117793 0.101179 0.020937
v 0.116841 0.087367 0.022019
v 0.115869 0.087716 0.021652
v 0.118787 0.086669 0.022748
v 0.117814 0.087018 0.022386
v 0.120537 0.093117 0.022768
v 0.119497 0.093490 0.022357
v 0.118459 0.093863 0.021941
v 0.121109 0.099988 0.022324
v 0.122214 0.099591 0.022788
v 0.114893 0.088067 0.021299
v 0.117420 0.094236 0.021526
v 0.113562 0.088545 0.021746
v 0.114431 0.088233 0.022334
v 0.114927 0.095131 0.021596
v 0.120006 0.100384 0.021855
v 0.118903 0.100780 0.021387
v 0.115345 0.087904 0.022841
v 0.115848 0.094800 0.022251
v 0.116821 0.094451 0.022819
v 0.117194 0.101394 0.022152
v 0.117824 0.094091 0.023323
v 0.118222 0.101025 0.022784
v 0.123321 0.099194 0.023245
v 0.122651 0.106511 0.022291
v 0.123827 0.106089 0.022804
v 0.125005 0.105666 0.023309
v 0.125376 0.112609 0.022818
v 0.121476 0.106933 0.021774
v 0.120301 0.107355 0.021259
v 0.121635 0.113952 0.021123
v 0.122882 0.113504 0.021687
v 0.124128 0.113057 0.022255
v 0.119284 0.100643 0.023349
v 0.119540 0.107628 0.022772
v 0.114244 0.095377 0.020719
v 0.116665 0.101584 0.020542
v 0.115519 0.101995 0.020466
v 0.119119 0.107779 0.020763
v 0.117915 0.108211 0.020329
v 0.116689 0.108651 0.020241
v 0.116224 0.101742 0.021425
v 0.117423 0.108388 0.021284
v 0.120379 0.114403 0.020581
v 0.119100 0.114862 0.020105
v 0.117794 0.115331 0.020006
v 0.118554 0.115058 0.021134
v 0.118449 0.108020 0.022079
v 0.119636 0.114670 0.022001
v 0.120669 0.107223 0.023393
v 0.120789 0.114256 0.022757
v 0.110024 0.061509 0.023360
v 0.109325 0.061760 0.023166
v 0.111962 0.067890 0.023446
v 0.111196 0.068165 0.023205
v 0.112975 0.074602 0.023228
v 0.113805 0.074304 0.023525
v 0.116475 0.080422 0.023925
v 0.115569 0.080748 0.023611
v 0.114674 0.081069 0.023263
v 0.118217 0.086873 0.024060
v 0.117245 0.087222 0.023693
v 0.116287 0.087567 0.023290
v 0.118847 0.093724 0.023779
v 0.119885 0.093351 0.024196
v 0.120369 0.100254 0.023862
v 0.122586 0.099458 0.024767
v 0.121471 0.099858 0.024332
v 0.127883 0.111709 0.023915
v 0.126627 0.112160 0.023374
v 0.122996 0.106387 0.024478
v 0.124183 0.105961 0.024959
v 0.124452 0.112941 0.024627
v 0.125712 0.112488 0.025157
v 0.121823 0.106808 0.023959
v 0.121984 0.113827 0.023437
v 0.123208 0.113388 0.024056
v 0.126996 0.112028 0.025621
v 0.137719 0.115254 0.027109
v 0.130885 0.117708 0.024590
v 0.132236 0.117223 0.025142
v 0.132577 0.124177 0.024744
v 0.134010 0.123662 0.025343
v 0.134962 0.116244 0.026173
v 0.133594 0.116735 0.025673
v 0.136337 0.115750 0.026653
v 0.138365 0.122099 0.026987
v 0.136905 0.122623 0.026464
v 0.135452 0.123144 0.025920
v 0.138825 0.129010 0.026799
v 0.140374 0.128454 0.027372
v 0.137284 0.129563 0.026204
v 0.135755 0.130112 0.025574
v 0.132733 0.117044 0.027143
v 0.131329 0.117548 0.026770
v 0.129941 0.118047 0.026338
v 0.140807 0.135375 0.027139
v 0.139162 0.135965 0.026492
v 0.137530 0.136551 0.025808
v 0.142253 0.141932 0.027083
v 0.140582 0.142532 0.026440
v 0.147620 0.161235 0.025759
v 0.149460 0.153497 0.027295
v 0.148084 0.153992 0.026988
v 0.146712 0.154484 0.026657
v 0.145413 0.162027 0.025343
v 0.146515 0.161631 0.025560
v 0.142748 0.148831 0.026431
v 0.144310 0.148270 0.026960
v 0.145879 0.147707 0.027463
v 0.145347 0.154974 0.026300
v 0.141193 0.149389 0.025879
v 0.143987 0.155463 0.025919
v 0.148232 0.161015 0.025958
v 0.147112 0.161417 0.026010
v 0.150228 0.153222 0.027576
v 0.145992 0.161819 0.026029
v 0.148822 0.153727 0.027578
v 0.147416 0.154231 0.027538
v 0.144871 0.162222 0.026016
v 0.124219 0.120101 0.021602
v 0.125545 0.119625 0.022218
v 0.126873 0.119148 0.022829
v 0.128318 0.125706 0.022838
v 0.126908 0.126212 0.022178
v 0.128223 0.132817 0.022132
v 0.129718 0.132280 0.022849
v 0.122891 0.120578 0.020991
v 0.121553 0.121058 0.020404
v 0.124090 0.127224 0.020855
v 0.125233 0.133890 0.020699
v 0.126729 0.133353 0.021412
v 0.120190 0.121548 0.019891
v 0.118796 0.122048 0.019788
v 0.121218 0.128255 0.019672
v 0.122668 0.127734 0.020223
v 0.119736 0.128787 0.019565
v 0.123724 0.134432 0.020015
v 0.122184 0.134985 0.019420
v 0.119589 0.121763 0.021004
v 0.120561 0.128491 0.020872
v 0.124687 0.141163 0.019800
v 0.126299 0.140584 0.020536
v 0.127896 0.140010 0.021305
v 0.127504 0.147228 0.020524
v 0.129130 0.146644 0.021286
v 0.125500 0.126718 0.021513
v 0.120735 0.121352 0.021942
v 0.121959 0.120913 0.022761
v 0.121771 0.128056 0.021883
v 0.121462 0.135244 0.020712
v 0.122738 0.134786 0.021804
v 0.123068 0.127591 0.022767
v 0.124109 0.134294 0.022760
v 0.129491 0.139438 0.022082
v 0.130752 0.146062 0.022058
v 0.131087 0.138865 0.022857
v 0.132374 0.145479 0.022828
v 0.123606 0.141551 0.021741
v 0.125065 0.141027 0.022774
v 0.129003 0.153766 0.020748
v 0.130519 0.153221 0.021409
v 0.132032 0.152678 0.022080
v 0.133546 0.152135 0.022748
v 0.134639 0.158819 0.022653
v 0.135958 0.158345 0.023171
v 0.136746 0.165139 0.022932
v 0.133322 0.159292 0.022129
v 0.132005 0.159765 0.021605
v 0.134615 0.165904 0.022193
v 0.133550 0.166286 0.021822
v 0.135680 0.165522 0.022564
v 0.135918 0.172513 0.022249
v 0.129541 0.118190 0.024022
v 0.128204 0.118670 0.023433
v 0.131149 0.124689 0.024128
v 0.129730 0.125199 0.023491
v 0.132720 0.131202 0.024251
v 0.134234 0.130658 0.024921
v 0.131216 0.131742 0.023558
v 0.125854 0.119514 0.024790
v 0.124530 0.119989 0.024170
v 0.125794 0.126612 0.024287
v 0.127200 0.126107 0.024957
v 0.135907 0.137134 0.025101
v 0.134292 0.137714 0.024374
v 0.137275 0.143720 0.025058
v 0.132686 0.138291 0.023624
v 0.134000 0.144895 0.023590
v 0.135633 0.144309 0.024336
v 0.128562 0.118542 0.025871
v 0.127196 0.119032 0.025365
v 0.131541 0.124549 0.026634
v 0.130076 0.125074 0.026127
v 0.133017 0.124019 0.027103
v 0.133095 0.131067 0.026960
v 0.131540 0.131626 0.026407
v 0.128624 0.125596 0.025580
v 0.129999 0.132179 0.025812
v 0.128487 0.132722 0.025135
v 0.138924 0.143127 0.025761
v 0.132996 0.138179 0.026717
v 0.131349 0.138770 0.026072
v 0.132643 0.145382 0.026127
v 0.134316 0.144782 0.026763
v 0.123229 0.120456 0.023498
v 0.124414 0.127107 0.023562
v 0.125535 0.133782 0.023621
v 0.126997 0.133257 0.024408
v 0.128146 0.139921 0.024555
v 0.129736 0.139350 0.025341
v 0.129386 0.146552 0.024620
v 0.126585 0.140481 0.023704
v 0.126252 0.147677 0.022842
v 0.127799 0.147122 0.023772
v 0.131003 0.145971 0.025401
v 0.135062 0.151590 0.023411
v 0.136584 0.151044 0.024059
v 0.138114 0.150495 0.024685
v 0.139944 0.156914 0.024637
v 0.139650 0.149943 0.025293
v 0.138610 0.157393 0.024165
v 0.141045 0.163595 0.024278
v 0.141285 0.156433 0.025091
v 0.142131 0.163205 0.024570
v 0.137281 0.157870 0.023678
v 0.139964 0.163983 0.023963
v 0.142982 0.169976 0.024365
v 0.144315 0.162421 0.025104
v 0.143221 0.162814 0.024846
v 0.144584 0.169401 0.024697
v 0.143781 0.169689 0.024538
v 0.145828 0.168955 0.024987
v 0.145388 0.169113 0.024842
v 0.142185 0.170262 0.024177
v 0.142633 0.155949 0.025515
v 0.146012 0.154736 0.027459
v 0.143751 0.162624 0.025974
v 0.144610 0.155239 0.027342
v 0.142633 0.163025 0.025895
v 0.143212 0.155741 0.027180
v 0.141518 0.163426 0.025780
v 0.141819 0.156241 0.026973
v 0.136004 0.144176 0.027353
v 0.135404 0.151468 0.026370
v 0.136973 0.150904 0.026871
v 0.138555 0.150337 0.027331
v 0.137681 0.157727 0.026110
v 0.140406 0.163825 0.025636
v 0.140432 0.156739 0.026730
v 0.139297 0.164223 0.025463
v 0.139050 0.157235 0.026451
v 0.145013 0.169247 0.025028
v 0.144197 0.169540 0.025044
v 0.143381 0.169833 0.025038
v 0.142566 0.170126 0.025009
v 0.138888 0.164370 0.023632
v 0.137815 0.164755 0.023289
v 0.130809 0.153117 0.024518
v 0.132318 0.152576 0.025199
v 0.132327 0.159649 0.024296
v 0.129327 0.153650 0.023775
v 0.131035 0.160113 0.023707
v 0.133640 0.159178 0.024831
v 0.134940 0.165788 0.024363
v 0.134969 0.158700 0.025319
v 0.136013 0.165402 0.024705
v 0.133878 0.166169 0.023983
v 0.138196 0.164618 0.025240
v 0.137102 0.165011 0.024988
v 0.133846 0.152027 0.025827
v 0.136320 0.158215 0.025733
v 0.137892 0.101039 0.027584
v 0.136622 0.101495 0.027527
v 0.135354 0.101950 0.027432
v 0.140300 0.107251 0.028131
v 0.139500 0.107538 0.027839
v 0.138947 0.107737 0.028054
v 0.137596 0.108222 0.027937
v 0.138183 0.108011 0.027497
v 0.134088 0.102404 0.027303
v 0.136248 0.108706 0.027784
v 0.134904 0.109188 0.027595
v 0.133566 0.109669 0.027364
v 0.141908 0.113750 0.028320
v 0.142749 0.113448 0.028640
v 0.141305 0.113966 0.028549
v 0.145164 0.119657 0.029159
v 0.139863 0.114484 0.028416
v 0.140505 0.114254 0.027942
v 0.144282 0.119974 0.028810
v 0.143627 0.120209 0.029055
v 0.142093 0.120760 0.028905
v 0.142792 0.120509 0.028396
v 0.146654 0.126199 0.029380
v 0.139108 0.114755 0.027539
v 0.139833 0.121572 0.027484
v 0.136992 0.115515 0.028034
v 0.141308 0.121042 0.027954
v 0.138425 0.115000 0.028243
v 0.140563 0.121309 0.028713
v 0.139038 0.121857 0.028482
v 0.145072 0.126767 0.028922
v 0.143497 0.127332 0.028435
v 0.141931 0.127895 0.027918
v 0.141061 0.128207 0.028991
v 0.145796 0.133584 0.028920
v 0.144123 0.134184 0.028356
v 0.147318 0.140113 0.028847
v 0.145621 0.140723 0.028289
v 0.147578 0.125867 0.029762
v 0.145942 0.126455 0.029639
v 0.144310 0.127041 0.029467
v 0.142683 0.127625 0.029251
v 0.150139 0.132024 0.030369
v 0.149166 0.132373 0.029954
v 0.146644 0.133279 0.030042
v 0.147477 0.132980 0.029452
v 0.150740 0.138885 0.029868
v 0.149025 0.139501 0.029373
v 0.148390 0.132652 0.030232
v 0.151715 0.138535 0.030281
v 0.149941 0.139172 0.030162
v 0.148172 0.139807 0.029989
v 0.144904 0.133904 0.029805
v 0.143171 0.134526 0.029521
v 0.146407 0.140440 0.029768
v 0.135565 0.116027 0.027778
v 0.134145 0.116537 0.027478
v 0.136011 0.122944 0.027873
v 0.137520 0.122402 0.028201
v 0.139447 0.128786 0.028681
v 0.137843 0.129362 0.028319
v 0.134509 0.123483 0.027508
v 0.136248 0.129935 0.027917
v 0.134662 0.130505 0.027473
v 0.142461 0.134781 0.027762
v 0.143932 0.141329 0.027700
v 0.139731 0.135761 0.028789
v 0.138026 0.136373 0.028352
v 0.136331 0.136982 0.027871
v 0.141157 0.142325 0.028794
v 0.139426 0.142947 0.028369
v 0.141445 0.135145 0.029183
v 0.144648 0.141072 0.029499
v 0.142898 0.141701 0.029175
v 0.150633 0.146000 0.028798
v 0.149041 0.146571 0.028382
v 0.151529 0.145678 0.029157
v 0.147456 0.147140 0.027938
v 0.149891 0.146266 0.029095
v 0.148255 0.146854 0.028982
v 0.146623 0.147440 0.028825
v 0.144994 0.148024 0.028624
v 0.143372 0.148607 0.028371
v 0.141759 0.149186 0.028065
v 0.134656 0.137583 0.027315
v 0.137705 0.143565 0.027900
v 0.140153 0.149763 0.027719
v 0.120606 0.135551 0.019306
v 0.123040 0.141754 0.019161
v 0.121353 0.142360 0.019046
v 0.125864 0.147816 0.019797
v 0.124189 0.148418 0.019171
v 0.122250 0.142038 0.020561
v 0.123388 0.148706 0.020619
v 0.122479 0.149032 0.019085
v 0.124767 0.148210 0.021806
v 0.127473 0.154315 0.020122
v 0.125912 0.154876 0.019593
v 0.130685 0.160239 0.021090
v 0.129354 0.160716 0.020606
v 0.127999 0.161203 0.020208
v 0.131408 0.167055 0.021122
v 0.124335 0.155442 0.019571
v 0.126647 0.161688 0.020253
v 0.125195 0.155133 0.020969
v 0.130317 0.167447 0.020856
v 0.127416 0.161412 0.021429
v 0.129243 0.167833 0.020949
v 0.132483 0.166669 0.021459
v 0.126490 0.154668 0.022034
v 0.127882 0.154169 0.022954
v 0.128555 0.161003 0.022304
v 0.129773 0.160566 0.023050
v 0.130815 0.167268 0.022523
v 0.131807 0.166912 0.023077
v 0.129884 0.167603 0.021864
v 0.135142 0.172791 0.021980
v 0.134365 0.173070 0.021718
v 0.133581 0.173352 0.021475
v 0.132786 0.173637 0.021286
v 0.132005 0.173918 0.021361
v 0.132467 0.173752 0.022030
v 0.132832 0.166544 0.023558
v -0.145185 0.147331 0.022440
v -0.147300 0.148857 0.022440
v -0.139471 0.157477 0.022440
v -0.142784 0.146314 0.022440
v -0.137613 0.145982 0.022440
v -0.135101 0.146683 0.022440
v -0.135635 0.146727 0.023926
v -0.132809 0.147927 0.022440
v -0.133502 0.147672 0.023293
v -0.140217 0.145856 0.022440
v -0.132705 0.148114 0.023014
v -0.132855 0.147992 0.023076
v -0.133061 0.147890 0.023146
v -0.132945 0.147948 0.023107
v -0.131998 0.148686 0.022721
v -0.132245 0.148486 0.022826
v -0.131335 0.149222 0.022440
v -0.131550 0.149049 0.022532
v -0.131617 0.149586 0.022440
v -0.132608 0.150867 0.022440
v -0.146674 0.149546 0.029838
v -0.144728 0.148142 0.029838
v -0.142519 0.147207 0.029838
v -0.140157 0.146786 0.029838
v -0.136583 0.146490 0.024138
v -0.137761 0.146901 0.029838
v -0.135922 0.146656 0.023993
v -0.135203 0.146835 0.023825
v -0.135980 0.146641 0.024007
v -0.133719 0.147565 0.023365
v -0.134303 0.147274 0.023551
v -0.134470 0.147192 0.023604
v -0.135079 0.146887 0.023789
v -0.135166 0.146844 0.023815
v -0.136453 0.146633 0.024961
v -0.136368 0.146657 0.024961
v -0.136360 0.146659 0.024961
v -0.136004 0.146757 0.024950
v -0.135451 0.147547 0.029838
v -0.135662 0.146851 0.024939
v -0.135592 0.146871 0.024937
v -0.135218 0.146972 0.024915
v -0.134946 0.147116 0.024889
v -0.134830 0.147177 0.024878
v -0.134238 0.147488 0.024804
v -0.134081 0.147570 0.024784
v -0.133616 0.147811 0.024701
v -0.131540 0.150275 0.029838
v -0.131187 0.149612 0.023996
v -0.130988 0.149773 0.023912
v -0.133342 0.148691 0.029838
v -0.133512 0.147864 0.024683
v -0.133311 0.147968 0.024646
v -0.132963 0.148147 0.024574
v -0.132787 0.148293 0.024527
v -0.132579 0.148467 0.024471
v -0.132110 0.148856 0.024328
v -0.131884 0.149042 0.024259
v -0.131429 0.149414 0.024087
v -0.131402 0.149437 0.024077
v -0.142614 0.151897 0.034770
v -0.143777 0.152736 0.034770
v -0.141293 0.151337 0.034770
v -0.139881 0.151086 0.034770
v -0.138449 0.151155 0.034770
v -0.137068 0.151541 0.034770
v -0.135807 0.152224 0.034770
v -0.139471 0.157477 0.034770
v -0.134730 0.153171 0.034770
v -0.130161 0.153561 0.022440
v -0.128307 0.154164 0.022440
v -0.128997 0.152536 0.022440
v -0.127850 0.156731 0.022440
v -0.127976 0.159336 0.022440
v -0.128677 0.161847 0.022440
v -0.129920 0.164140 0.022440
v -0.131642 0.166098 0.022440
v -0.130136 0.152220 0.029838
v -0.129050 0.152435 0.022514
v -0.129201 0.154429 0.029838
v -0.130019 0.150995 0.023346
v -0.129652 0.151448 0.023089
v -0.130581 0.150290 0.023690
v -0.130212 0.150752 0.023465
v -0.130783 0.150033 0.023801
v -0.129467 0.151677 0.022959
v -0.129373 0.151790 0.022881
v -0.129171 0.152193 0.022652
v -0.128780 0.156791 0.029838
v -0.128895 0.159187 0.029838
v -0.129541 0.161498 0.029838
v -0.130684 0.163607 0.029838
v -0.132269 0.165408 0.029838
v -0.133891 0.154334 0.034770
v -0.133331 0.155655 0.034770
v -0.133080 0.157067 0.034770
v -0.133149 0.158500 0.034770
v -0.133535 0.159881 0.034770
v -0.134218 0.161142 0.034770
v -0.135165 0.162219 0.034770
v -0.149022 0.150815 0.022440
v -0.150265 0.153107 0.022440
v -0.150967 0.155619 0.022440
v -0.151092 0.158223 0.022440
v -0.150635 0.160790 0.022440
v -0.149945 0.162419 0.022440
v -0.148781 0.161394 0.022440
v -0.146334 0.164088 0.022440
v -0.148258 0.151348 0.029838
v -0.149402 0.153457 0.029838
v -0.150047 0.155767 0.029838
v -0.150163 0.158164 0.029838
v -0.149742 0.160525 0.029838
v -0.148806 0.162734 0.029838
v -0.149892 0.162520 0.022514
v -0.149771 0.162762 0.022652
v -0.149569 0.163164 0.022881
v -0.149476 0.163278 0.022959
v -0.149290 0.163507 0.023089
v -0.147402 0.164680 0.029838
v -0.148924 0.163960 0.023346
v -0.148730 0.164203 0.023465
v -0.148362 0.164665 0.023690
v -0.148159 0.164922 0.023801
v -0.147955 0.165182 0.023912
v -0.144724 0.153813 0.034770
v -0.145408 0.155074 0.034770
v -0.145794 0.156455 0.034770
v -0.145863 0.157888 0.034770
v -0.145611 0.159300 0.034770
v -0.145052 0.160620 0.034770
v -0.144213 0.161783 0.034770
v -0.146134 0.167028 0.022440
v -0.143841 0.168271 0.022440
v -0.147325 0.165369 0.022440
v -0.147607 0.165733 0.022440
v -0.147393 0.165906 0.022532
v -0.146944 0.166268 0.022721
v -0.146697 0.166468 0.022826
v -0.146238 0.166841 0.023014
v -0.146088 0.166962 0.023076
v -0.145998 0.167007 0.023107
v -0.145882 0.167064 0.023146
v -0.145440 0.167283 0.023293
v -0.141330 0.168973 0.022440
v -0.138725 0.169098 0.022440
v -0.136158 0.168641 0.022440
v -0.143307 0.168227 0.023926
v -0.133757 0.167624 0.022440
v -0.145224 0.167390 0.023365
v -0.144639 0.167680 0.023551
v -0.144473 0.167763 0.023604
v -0.143863 0.168068 0.023789
v -0.143776 0.168111 0.023815
v -0.143740 0.168120 0.023825
v -0.143021 0.168299 0.023993
v -0.142963 0.168313 0.024007
v -0.142360 0.168465 0.024138
v -0.147756 0.165343 0.023996
v -0.147541 0.165518 0.024077
v -0.145601 0.166264 0.029838
v -0.147514 0.165540 0.024087
v -0.147058 0.165912 0.024259
v -0.146833 0.166099 0.024328
v -0.146364 0.166487 0.024471
v -0.146155 0.166662 0.024527
v -0.145980 0.166808 0.024574
v -0.145632 0.166986 0.024646
v -0.145430 0.167090 0.024683
v -0.145326 0.167144 0.024701
v -0.143492 0.167408 0.029838
v -0.144862 0.167384 0.024784
v -0.144704 0.167467 0.024804
v -0.144112 0.167777 0.024878
v -0.143997 0.167838 0.024889
v -0.143724 0.167982 0.024915
v -0.143350 0.168084 0.024937
v -0.141181 0.168053 0.029838
v -0.142490 0.168322 0.024961
v -0.143281 0.168103 0.024939
v -0.142939 0.168197 0.024950
v -0.142582 0.168296 0.024961
v -0.142575 0.168298 0.024961
v -0.138785 0.168169 0.029838
v -0.136423 0.167748 0.029838
v -0.134214 0.166812 0.029838
v -0.143136 0.162730 0.034770
v -0.141875 0.163414 0.034770
v -0.140494 0.163800 0.034770
v -0.139061 0.163869 0.034770
v -0.137649 0.163617 0.034770
v -0.136328 0.163058 0.034770
v -0.164970 0.173287 0.019571
v -0.159030 0.169921 0.020208
v -0.159996 0.168858 0.020253
v -0.169619 0.178076 0.019085
v -0.163844 0.174528 0.019593
v -0.168398 0.179420 0.019171
v -0.168970 0.178790 0.020619
v -0.154052 0.165496 0.020856
v -0.158062 0.170987 0.020606
v -0.154819 0.164652 0.020949
v -0.159447 0.169463 0.021429
v -0.153272 0.166355 0.021122
v -0.164356 0.173964 0.020969
v -0.162729 0.175756 0.020122
v -0.167201 0.180738 0.019797
v -0.157112 0.172034 0.021090
v -0.161636 0.176959 0.020748
v -0.166029 0.182028 0.020524
v -0.148966 0.161190 0.021286
v -0.149523 0.160576 0.021361
v -0.148397 0.161816 0.021475
v -0.154361 0.165156 0.021864
v -0.149193 0.160940 0.022030
v -0.153696 0.165888 0.022523
v -0.147838 0.162432 0.021718
v -0.152505 0.167200 0.021459
v -0.147282 0.163044 0.021980
v -0.151742 0.168040 0.021822
v -0.152988 0.166668 0.023077
v -0.146728 0.163654 0.022249
v -0.150982 0.168877 0.022193
v -0.158633 0.170358 0.022304
v -0.163431 0.174983 0.022034
v -0.167985 0.179875 0.021806
v -0.156169 0.173072 0.021605
v -0.157763 0.171316 0.023050
v -0.162437 0.176077 0.022954
v -0.166924 0.181043 0.022842
v -0.173746 0.183437 0.019046
v -0.173106 0.184143 0.020561
v -0.172541 0.184764 0.019161
v -0.171365 0.186060 0.019800
v -0.177602 0.189098 0.019306
v -0.176991 0.189771 0.020712
v -0.176475 0.190339 0.019420
v -0.172137 0.185209 0.021741
v -0.181547 0.194661 0.019565
v -0.180957 0.195310 0.020872
v -0.180488 0.195827 0.019672
v -0.176079 0.190775 0.021804
v -0.171094 0.186357 0.022774
v -0.152256 0.167475 0.023558
v -0.151508 0.168298 0.023983
v -0.156861 0.172310 0.023707
v -0.155939 0.173326 0.024296
v -0.161404 0.177214 0.023775
v -0.165819 0.182259 0.023772
v -0.160553 0.178152 0.021409
v -0.150221 0.169715 0.022564
v -0.149460 0.170553 0.022932
v -0.155228 0.174108 0.022129
v -0.164868 0.183306 0.021286
v -0.159472 0.179342 0.022080
v -0.163710 0.184582 0.022058
v -0.154288 0.175144 0.022653
v -0.153345 0.176181 0.023171
v -0.158391 0.180532 0.022748
v -0.162551 0.185859 0.022828
v -0.175375 0.191551 0.020015
v -0.170213 0.187327 0.020536
v -0.174297 0.192737 0.020699
v -0.169072 0.188584 0.021305
v -0.179452 0.196968 0.020223
v -0.185541 0.200170 0.019788
v -0.184546 0.201266 0.019891
v -0.189580 0.205630 0.020006
v -0.188646 0.206657 0.020105
v -0.184975 0.200794 0.021004
v -0.183572 0.202339 0.020404
v -0.178437 0.198086 0.020855
v -0.189037 0.206227 0.021134
v -0.173229 0.193914 0.021412
v -0.187733 0.207663 0.020581
v -0.182616 0.203391 0.020991
v -0.186836 0.208651 0.021123
v -0.175100 0.191853 0.022760
v -0.167933 0.189838 0.022082
v -0.172162 0.195089 0.022132
v -0.166793 0.191094 0.022857
v -0.171094 0.196265 0.022849
v -0.180093 0.196262 0.021883
v -0.184156 0.201695 0.021942
v -0.188264 0.207078 0.022001
v -0.179167 0.197282 0.022767
v -0.183282 0.202658 0.022761
v -0.177430 0.199195 0.021513
v -0.176424 0.200302 0.022178
v -0.181668 0.204435 0.021602
v -0.185945 0.209632 0.021687
v -0.187440 0.207985 0.022757
v -0.180720 0.205478 0.022218
v -0.175417 0.201411 0.022838
v -0.185055 0.210612 0.022255
v -0.179772 0.206523 0.022829
v -0.184164 0.211593 0.022818
v -0.148696 0.171394 0.023289
v -0.150750 0.169133 0.024363
v -0.149983 0.169977 0.024705
v -0.148423 0.171694 0.025240
v -0.149206 0.170833 0.024988
v -0.147930 0.172238 0.023632
v -0.147161 0.173085 0.023963
v -0.142251 0.168584 0.024177
v -0.146389 0.173935 0.024278
v -0.141682 0.169210 0.024365
v -0.155001 0.174358 0.024831
v -0.160346 0.178380 0.024518
v -0.154051 0.175404 0.025319
v -0.159268 0.179566 0.025199
v -0.164685 0.183508 0.024620
v -0.163530 0.184780 0.025401
v -0.152400 0.177222 0.023678
v -0.157308 0.181725 0.023411
v -0.151451 0.178268 0.024165
v -0.161389 0.187137 0.023590
v -0.156221 0.182922 0.024059
v -0.147637 0.172560 0.025463
v -0.146845 0.173432 0.025636
v -0.141980 0.168883 0.025009
v -0.146051 0.174307 0.025780
v -0.158176 0.180769 0.025827
v -0.153086 0.176467 0.025733
v -0.152115 0.177537 0.026110
v -0.157064 0.181994 0.026370
v -0.151137 0.178613 0.026451
v -0.162359 0.186070 0.026127
v -0.155943 0.183228 0.026871
v -0.161163 0.187386 0.026763
v -0.145613 0.174789 0.024570
v -0.141111 0.169839 0.024538
v -0.144834 0.175647 0.024846
v -0.140538 0.170470 0.024697
v -0.144053 0.176507 0.025104
v -0.139650 0.171449 0.024987
v -0.139964 0.171103 0.024842
v -0.143268 0.177371 0.025343
v -0.150498 0.179317 0.024637
v -0.149540 0.180371 0.025091
v -0.155128 0.184125 0.024685
v -0.160223 0.188421 0.024336
v -0.154031 0.185333 0.025293
v -0.159050 0.189713 0.025058
v -0.141397 0.169524 0.025038
v -0.140814 0.170166 0.025044
v -0.145254 0.175184 0.025895
v -0.140232 0.170808 0.025028
v -0.144455 0.176064 0.025974
v -0.143655 0.176944 0.026016
v -0.142855 0.177826 0.026029
v -0.142481 0.178237 0.025560
v -0.142055 0.178707 0.026010
v -0.141692 0.179106 0.025759
v -0.141255 0.179587 0.025958
v -0.150150 0.179700 0.026730
v -0.154813 0.184472 0.027331
v -0.149159 0.180792 0.026973
v -0.148164 0.181887 0.027180
v -0.159958 0.188713 0.027353
v -0.148577 0.181432 0.025515
v -0.147610 0.182497 0.025919
v -0.152928 0.186547 0.025879
v -0.146639 0.183566 0.026300
v -0.157872 0.191010 0.025761
v -0.147165 0.182987 0.027342
v -0.151818 0.187770 0.026431
v -0.146164 0.184089 0.027459
v -0.156688 0.192314 0.026440
v -0.170009 0.187553 0.023704
v -0.174082 0.192974 0.023621
v -0.173037 0.194125 0.024408
v -0.168894 0.188780 0.024555
v -0.167758 0.190031 0.025341
v -0.171973 0.195297 0.025135
v -0.178205 0.198341 0.023562
v -0.182375 0.203657 0.023498
v -0.177219 0.199427 0.024287
v -0.186587 0.208925 0.023437
v -0.181445 0.204680 0.024170
v -0.185713 0.209888 0.024056
v -0.176215 0.200532 0.024957
v -0.166606 0.191300 0.026072
v -0.170893 0.196486 0.025812
v -0.165651 0.192351 0.023624
v -0.170024 0.197443 0.023558
v -0.164504 0.193614 0.024374
v -0.168949 0.198626 0.024251
v -0.163350 0.194885 0.025101
v -0.167868 0.199817 0.024921
v -0.174408 0.202522 0.023491
v -0.178821 0.207570 0.023433
v -0.180500 0.205721 0.024790
v -0.184824 0.210866 0.024627
v -0.183923 0.211858 0.025157
v -0.173394 0.203639 0.024128
v -0.183270 0.212577 0.023374
v -0.177866 0.208621 0.024022
v -0.182373 0.213565 0.023915
v -0.172375 0.204761 0.024744
v -0.176906 0.209679 0.024590
v -0.165430 0.192595 0.026717
v -0.169792 0.197698 0.026407
v -0.168682 0.198921 0.026960
v -0.162191 0.196162 0.025808
v -0.166782 0.201013 0.025574
v -0.175198 0.201653 0.025580
v -0.179541 0.206777 0.025365
v -0.174161 0.202795 0.026127
v -0.178565 0.207852 0.025871
v -0.183007 0.212867 0.025621
v -0.182083 0.213885 0.026050
v -0.173114 0.203947 0.026634
v -0.177580 0.208936 0.026338
v -0.172060 0.205107 0.027103
v -0.176588 0.210028 0.026770
v -0.181152 0.214910 0.026446
v -0.145663 0.184640 0.026657
v -0.150702 0.188998 0.026960
v -0.145161 0.185194 0.027538
v -0.144156 0.186300 0.027578
v -0.144684 0.185719 0.026988
v -0.143700 0.186802 0.027295
v -0.143152 0.187406 0.027576
v -0.149581 0.190233 0.027463
v -0.155494 0.193629 0.027083
v -0.171350 0.205889 0.025343
v -0.181470 0.214559 0.024437
v -0.175941 0.210741 0.025142
v -0.180564 0.215557 0.024943
v -0.161025 0.197445 0.026492
v -0.159850 0.198739 0.027139
v -0.165689 0.202216 0.026204
v -0.164589 0.203428 0.026799
v -0.170321 0.207023 0.025920
v -0.174971 0.211809 0.025673
v -0.179652 0.216561 0.025430
v -0.169283 0.208166 0.026464
v -0.180211 0.215946 0.026786
v -0.175585 0.211132 0.027143
v -0.173993 0.212885 0.026173
v -0.178734 0.217572 0.025887
v -0.163482 0.204646 0.027372
v -0.168240 0.209314 0.026987
v -0.173011 0.213967 0.026653
v -0.177812 0.218588 0.026325
v -0.172024 0.215054 0.027109
v -0.176884 0.219609 0.026741
v -0.193692 0.211009 0.020241
v -0.193167 0.211586 0.021284
v -0.192816 0.211973 0.020329
v -0.191956 0.212919 0.020763
v -0.197851 0.216336 0.020466
v -0.197031 0.217238 0.020542
v -0.197347 0.216890 0.021425
v -0.196226 0.218125 0.020937
v -0.191112 0.213849 0.021259
v -0.202084 0.221581 0.020719
v -0.201318 0.222425 0.020777
v -0.201596 0.222118 0.021596
v -0.206364 0.226775 0.020949
v -0.192435 0.212393 0.022079
v -0.196654 0.217653 0.022152
v -0.200938 0.222843 0.022251
v -0.191655 0.213251 0.022772
v -0.190849 0.214139 0.023393
v -0.195920 0.218462 0.022784
v -0.205894 0.227292 0.021746
v -0.200561 0.223258 0.021126
v -0.205650 0.227561 0.020991
v -0.190272 0.214774 0.021774
v -0.195433 0.218998 0.021387
v -0.194645 0.219865 0.021855
v -0.189433 0.215697 0.022291
v -0.199815 0.224079 0.021526
v -0.195161 0.219297 0.023349
v -0.200243 0.223608 0.022819
v -0.193857 0.220733 0.022324
v -0.199073 0.224896 0.021941
v -0.188593 0.216622 0.022804
v -0.193068 0.221602 0.022788
v -0.187751 0.217550 0.023309
v -0.198332 0.225713 0.022357
v -0.197589 0.226531 0.022768
v -0.192277 0.222473 0.023245
v -0.204943 0.228339 0.021299
v -0.204246 0.229107 0.021652
v -0.210699 0.231908 0.021198
v -0.210248 0.232404 0.021912
v -0.210039 0.232635 0.021219
v -0.205273 0.227976 0.022334
v -0.209381 0.233359 0.021482
v -0.203551 0.229872 0.022019
v -0.208732 0.234075 0.021785
v -0.199527 0.224397 0.023323
v -0.204620 0.228695 0.022841
v -0.209664 0.233048 0.022431
v -0.209051 0.233722 0.022874
v -0.208084 0.234788 0.022099
v -0.202857 0.230637 0.022386
v -0.202161 0.231402 0.022748
v -0.196844 0.227351 0.023171
v -0.207437 0.235501 0.022414
v -0.206788 0.236215 0.022723
v -0.201464 0.232170 0.023103
v -0.215086 0.236984 0.021418
v -0.214657 0.237457 0.022053
v -0.214479 0.237653 0.021423
v -0.213872 0.238321 0.021645
v -0.219539 0.241988 0.021669
v -0.218984 0.242598 0.021650
v -0.219130 0.242438 0.022222
v -0.218426 0.243213 0.021825
v -0.224041 0.246937 0.021872
v -0.223540 0.247489 0.021838
v -0.214111 0.238057 0.022507
v -0.213542 0.238684 0.022892
v -0.218621 0.242998 0.022607
v -0.223658 0.247359 0.022350
v -0.223190 0.247874 0.022674
v -0.213271 0.238983 0.021903
v -0.217872 0.243823 0.022032
v -0.223032 0.248048 0.021974
v -0.212672 0.239643 0.022171
v -0.212072 0.240303 0.022438
v -0.211472 0.240963 0.022700
v -0.217319 0.244432 0.022248
v -0.222528 0.248603 0.022139
v -0.218092 0.243580 0.022929
v -0.222705 0.248408 0.022940
v -0.216767 0.245040 0.022462
v -0.222024 0.249158 0.022310
v -0.216213 0.245649 0.022672
v -0.221521 0.249712 0.022480
v -0.228513 0.251919 0.021983
v -0.228176 0.252290 0.022388
v -0.228079 0.252397 0.021953
v -0.227769 0.252738 0.022660
v -0.227640 0.252881 0.022066
v -0.227203 0.253362 0.022203
v -0.227349 0.253201 0.022883
v -0.226767 0.253842 0.022346
v -0.226331 0.254322 0.022487
v -0.226921 0.253673 0.023071
v -0.231735 0.258278 0.022317
v -0.231610 0.258416 0.022308
v -0.231636 0.258387 0.022431
v -0.231518 0.258517 0.022508
v -0.231483 0.258556 0.022340
v -0.231357 0.258695 0.022378
v -0.231231 0.258834 0.022418
v -0.230615 0.259512 0.022634
v -0.231397 0.258651 0.022570
v -0.231273 0.258787 0.022623
v -0.231148 0.258925 0.022668
v -0.190025 0.215046 0.023959
v -0.194386 0.220151 0.023862
v -0.198796 0.225202 0.023779
v -0.189187 0.215969 0.024478
v -0.188338 0.216903 0.024959
v -0.193599 0.221017 0.024332
v -0.186905 0.218481 0.023800
v -0.191483 0.223347 0.023689
v -0.198055 0.226018 0.024196
v -0.192802 0.221894 0.024767
v -0.197305 0.226843 0.024579
v -0.191993 0.222786 0.025145
v -0.196544 0.227681 0.024910
v -0.203948 0.229435 0.023290
v -0.203263 0.230190 0.023693
v -0.208423 0.234415 0.023263
v -0.207783 0.235119 0.023611
v -0.202569 0.230954 0.024060
v -0.207136 0.235832 0.023925
v -0.201867 0.231726 0.024396
v -0.206482 0.236551 0.024210
v -0.201156 0.232509 0.024684
v -0.187476 0.217853 0.025380
v -0.186606 0.218811 0.025767
v -0.191177 0.223684 0.025492
v -0.212959 0.239327 0.023228
v -0.212366 0.239979 0.023525
v -0.211767 0.240639 0.023791
v -0.211163 0.241304 0.024031
v -0.217553 0.244175 0.023205
v -0.222212 0.248951 0.023166
v -0.217005 0.244778 0.023446
v -0.221713 0.249501 0.023360
v -0.216452 0.245386 0.023660
v -0.221209 0.250055 0.023529
v -0.226488 0.254149 0.023232
v -0.226052 0.254630 0.023372
v -0.206138 0.236930 0.023026
v -0.210871 0.241626 0.022956
v -0.215659 0.246260 0.022875
v -0.221017 0.250267 0.022646
v -0.220512 0.250823 0.022806
v -0.215103 0.246872 0.023068
v -0.225894 0.254803 0.022623
v -0.225456 0.255285 0.022755
v -0.220005 0.251381 0.022955
v -0.225018 0.255768 0.022878
v -0.219498 0.251940 0.023093
v -0.231105 0.258972 0.022457
v -0.230979 0.259111 0.022495
v -0.230852 0.259250 0.022531
v -0.231022 0.259064 0.022706
v -0.230725 0.259390 0.022565
v -0.230598 0.259530 0.022596
v -0.230895 0.259203 0.022739
v -0.230767 0.259344 0.022764
v -0.230639 0.259485 0.022785
v -0.224578 0.256253 0.022990
v -0.230471 0.259670 0.022624
v -0.230344 0.259811 0.022649
v -0.230216 0.259951 0.022670
v -0.230087 0.260093 0.022688
v -0.229959 0.260234 0.022703
v -0.229831 0.260375 0.022714
v -0.230511 0.259626 0.022800
v -0.230383 0.259768 0.022809
v -0.230254 0.259909 0.022813
v -0.230125 0.260051 0.022813
v -0.229997 0.260193 0.022808
v -0.229868 0.260334 0.022796
v -0.224137 0.256738 0.023094
v -0.223695 0.257225 0.023187
v -0.229702 0.260517 0.022721
v -0.229573 0.260659 0.022725
v -0.229740 0.260475 0.022781
v -0.229612 0.260616 0.022761
v -0.229484 0.260757 0.022735
v -0.223252 0.257713 0.023266
v -0.222808 0.258202 0.023334
v -0.222363 0.258691 0.023392
v -0.221918 0.259182 0.023437
v -0.221472 0.259673 0.023469
v -0.186055 0.219418 0.024273
v -0.196096 0.228175 0.023562
v -0.190684 0.224227 0.024115
v -0.185201 0.220358 0.024731
v -0.195344 0.229002 0.023936
v -0.189882 0.225110 0.024526
v -0.184342 0.221304 0.025170
v -0.194590 0.229833 0.024297
v -0.189076 0.225997 0.024920
v -0.200764 0.232941 0.023445
v -0.205486 0.237649 0.023317
v -0.200061 0.233715 0.023772
v -0.204830 0.238370 0.023593
v -0.199355 0.234493 0.024085
v -0.204173 0.239095 0.023857
v -0.205821 0.237280 0.024451
v -0.200441 0.233297 0.024943
v -0.205155 0.238013 0.024666
v -0.204486 0.238749 0.024858
v -0.193831 0.230668 0.024640
v -0.198646 0.235274 0.024383
v -0.193068 0.231508 0.024959
v -0.203512 0.239822 0.024105
v -0.197932 0.236059 0.024658
v -0.202849 0.240553 0.024333
v -0.197217 0.236847 0.024917
v -0.202183 0.241286 0.024545
v -0.195778 0.228525 0.025211
v -0.185730 0.219775 0.026123
v -0.190356 0.224588 0.025810
v -0.195007 0.229374 0.025485
v -0.189527 0.225501 0.026080
v -0.194230 0.230230 0.025714
v -0.184845 0.220750 0.026427
v -0.183956 0.221729 0.026698
v -0.183477 0.222256 0.025582
v -0.188265 0.226891 0.025289
v -0.187450 0.227789 0.025639
v -0.182609 0.223213 0.025975
v -0.179265 0.216988 0.027092
v -0.188695 0.226418 0.026319
v -0.193449 0.231090 0.025915
v -0.187858 0.227339 0.026530
v -0.192665 0.231953 0.026089
v -0.183062 0.222713 0.026939
v -0.187018 0.228264 0.026704
v -0.191878 0.232820 0.026229
v -0.199721 0.234090 0.025178
v -0.198996 0.234889 0.025371
v -0.203813 0.239490 0.025012
v -0.198267 0.235690 0.025538
v -0.192302 0.232352 0.025262
v -0.197537 0.236495 0.025679
v -0.203138 0.240234 0.025140
v -0.202460 0.240980 0.025246
v -0.201781 0.241728 0.025323
v -0.196804 0.237302 0.025790
v -0.196498 0.237639 0.025159
v -0.201515 0.242022 0.024742
v -0.186631 0.228690 0.025970
v -0.181736 0.224174 0.026347
v -0.175952 0.220635 0.027132
v -0.180858 0.225140 0.026696
v -0.191533 0.233199 0.025546
v -0.185808 0.229596 0.026278
v -0.182165 0.223701 0.027141
v -0.186174 0.229193 0.026841
v -0.191088 0.233689 0.026334
v -0.190760 0.234050 0.025809
v -0.184982 0.230506 0.026564
v -0.179977 0.226110 0.027020
v -0.185329 0.230124 0.026948
v -0.190297 0.234560 0.026411
v -0.184152 0.231420 0.026829
v -0.179092 0.227085 0.027322
v -0.189984 0.234904 0.026050
v -0.184482 0.231057 0.027023
v -0.189505 0.235432 0.026458
v -0.189206 0.235762 0.026272
v -0.183634 0.231990 0.027063
v -0.188713 0.236305 0.026473
v -0.195776 0.238433 0.025381
v -0.200844 0.242760 0.024920
v -0.201101 0.242477 0.025370
v -0.196069 0.238111 0.025868
v -0.195052 0.239231 0.025583
v -0.200171 0.243501 0.025079
v -0.200420 0.243227 0.025393
v -0.195333 0.238922 0.025920
v -0.199739 0.243977 0.025391
v -0.194596 0.239733 0.025944
v -0.194325 0.240031 0.025766
v -0.199497 0.244243 0.025220
v -0.199058 0.244726 0.025361
v -0.193859 0.240544 0.025938
v -0.210267 0.242290 0.023201
v -0.209661 0.242957 0.023431
v -0.209054 0.243627 0.023651
v -0.215896 0.245999 0.023849
v -0.220702 0.250613 0.023675
v -0.215334 0.246618 0.024001
v -0.220192 0.251176 0.023789
v -0.214545 0.247487 0.023247
v -0.213985 0.248103 0.023417
v -0.210552 0.241977 0.024231
v -0.209937 0.242653 0.024406
v -0.209321 0.243333 0.024560
v -0.214770 0.247239 0.024131
v -0.214203 0.247863 0.024241
v -0.219680 0.251740 0.023883
v -0.219166 0.252305 0.023959
v -0.208443 0.244299 0.023856
v -0.218989 0.252500 0.023221
v -0.213424 0.248721 0.023573
v -0.207831 0.244973 0.024041
v -0.218478 0.253062 0.023337
v -0.212860 0.249342 0.023711
v -0.212295 0.249964 0.023836
v -0.207216 0.245650 0.024213
v -0.217966 0.253626 0.023437
v -0.217453 0.254191 0.023524
v -0.211729 0.250587 0.023947
v -0.208700 0.244016 0.024680
v -0.208078 0.244701 0.024776
v -0.207455 0.245387 0.024851
v -0.213635 0.248489 0.024321
v -0.218651 0.252873 0.024007
v -0.213065 0.249116 0.024378
v -0.218135 0.253441 0.024035
v -0.206599 0.246329 0.024369
v -0.212495 0.249744 0.024417
v -0.217619 0.254009 0.024046
v -0.211924 0.250373 0.024433
v -0.217102 0.254577 0.024037
v -0.206830 0.246075 0.024901
v -0.225613 0.255113 0.023492
v -0.225171 0.255600 0.023584
v -0.224727 0.256088 0.023659
v -0.224283 0.256578 0.023719
v -0.223837 0.257069 0.023754
v -0.223391 0.257560 0.023773
v -0.222944 0.258051 0.023777
v -0.222498 0.258543 0.023763
v -0.216940 0.254757 0.023599
v -0.216425 0.255323 0.023660
v -0.222052 0.259034 0.023729
v -0.216587 0.255145 0.024004
v -0.221607 0.259524 0.023679
v -0.221026 0.260164 0.023490
v -0.221163 0.260013 0.023614
v -0.220720 0.260501 0.023530
v -0.211162 0.251212 0.024043
v -0.210593 0.251838 0.024122
v -0.205981 0.247010 0.024509
v -0.205361 0.247693 0.024631
v -0.204739 0.248377 0.024737
v -0.211353 0.251002 0.024422
v -0.210782 0.251630 0.024392
v -0.216071 0.255713 0.023953
v -0.206205 0.246764 0.024922
v -0.205579 0.247452 0.024922
v -0.210024 0.252465 0.024186
v -0.215910 0.255891 0.023707
v -0.210212 0.252258 0.024341
v -0.215557 0.256279 0.023883
v -0.215394 0.256459 0.023739
v -0.209643 0.252884 0.024266
v -0.215045 0.256843 0.023793
v -0.204954 0.248141 0.024898
v -0.204330 0.248829 0.024849
v -0.153672 0.185729 0.027719
v -0.158743 0.190051 0.027900
v -0.152524 0.186992 0.028065
v -0.151372 0.188261 0.028371
v -0.157513 0.191405 0.028369
v -0.156277 0.192767 0.028794
v -0.164243 0.193901 0.027315
v -0.163047 0.195218 0.027871
v -0.167562 0.200154 0.027473
v -0.166429 0.201401 0.027917
v -0.161837 0.196552 0.028352
v -0.150213 0.189537 0.028624
v -0.149050 0.190818 0.028825
v -0.154295 0.194950 0.027700
v -0.155034 0.194136 0.029175
v -0.153783 0.195513 0.029499
v -0.148455 0.191473 0.027938
v -0.147322 0.192720 0.028382
v -0.153089 0.196277 0.028289
v -0.147884 0.192102 0.028982
v -0.146716 0.193388 0.029095
v -0.151876 0.197613 0.028847
v -0.152527 0.196896 0.029768
v -0.146185 0.193972 0.028798
v -0.145545 0.194677 0.029157
v -0.150657 0.198955 0.029373
v -0.151266 0.198284 0.029989
v -0.150002 0.199676 0.030162
v -0.149432 0.200304 0.029868
v -0.148735 0.201071 0.030281
v -0.160619 0.197893 0.028789
v -0.165290 0.202656 0.028319
v -0.164144 0.203918 0.028681
v -0.158669 0.200040 0.027762
v -0.157481 0.201348 0.028356
v -0.162370 0.205871 0.027918
v -0.170994 0.206281 0.027508
v -0.169922 0.207462 0.027873
v -0.174577 0.212243 0.027478
v -0.167192 0.210468 0.027484
v -0.178314 0.218035 0.027364
v -0.173563 0.213359 0.027778
v -0.177358 0.219087 0.027595
v -0.172544 0.214482 0.028034
v -0.168844 0.208649 0.028201
v -0.167759 0.209843 0.028482
v -0.162991 0.205187 0.028991
v -0.159394 0.199241 0.029183
v -0.158162 0.200598 0.029521
v -0.156923 0.201962 0.029805
v -0.161833 0.206462 0.029251
v -0.156287 0.202663 0.028920
v -0.161251 0.207103 0.028435
v -0.166138 0.211629 0.027954
v -0.171032 0.216147 0.027539
v -0.176398 0.220145 0.027784
v -0.170034 0.217245 0.027942
v -0.175016 0.221667 0.027497
v -0.166670 0.211043 0.028713
v -0.171520 0.215609 0.028243
v -0.165078 0.212796 0.028396
v -0.160126 0.208342 0.028922
v -0.165577 0.212246 0.028905
v -0.170493 0.216740 0.028416
v -0.175435 0.221205 0.027937
v -0.169032 0.218349 0.028320
v -0.174075 0.222702 0.027839
v -0.164013 0.213968 0.028810
v -0.158996 0.209586 0.029380
v -0.164482 0.213453 0.029055
v -0.169463 0.217874 0.028549
v -0.163383 0.214662 0.029159
v -0.174470 0.222267 0.028054
v -0.173503 0.223332 0.028131
v -0.168431 0.219011 0.028640
v -0.155086 0.203985 0.029452
v -0.160671 0.207742 0.029467
v -0.155680 0.203331 0.030042
v -0.154434 0.204703 0.030232
v -0.153879 0.205314 0.029954
v -0.159505 0.209026 0.029639
v -0.158336 0.210313 0.029762
v -0.153184 0.206079 0.030369
v -0.181263 0.224694 0.027303
v -0.180359 0.225689 0.027432
v -0.179454 0.226687 0.027527
v -0.178546 0.227685 0.027584
v -0.057471 0.055282 0.023469
v -0.049112 0.054579 0.022714
v -0.049240 0.054438 0.022721
v -0.057025 0.055773 0.023437
v -0.048983 0.054721 0.022703
v -0.056579 0.056263 0.023392
v -0.048855 0.054862 0.022688
v -0.048727 0.055003 0.022670
v -0.056135 0.056753 0.023334
v -0.049458 0.054198 0.022735
v -0.049369 0.054296 0.022725
v -0.048328 0.055443 0.022634
v -0.049331 0.054338 0.022761
v -0.049203 0.054479 0.022781
v -0.049074 0.054620 0.022796
v -0.055691 0.057242 0.023266
v -0.048599 0.055144 0.022649
v -0.055248 0.057730 0.023187
v -0.048471 0.055285 0.022624
v -0.054806 0.058216 0.023094
v -0.048344 0.055425 0.022596
v -0.054365 0.058702 0.022990
v -0.048217 0.055565 0.022565
v -0.053925 0.059186 0.022878
v -0.047712 0.056121 0.022418
v -0.047586 0.056260 0.022378
v -0.047460 0.056399 0.022340
v -0.047838 0.055982 0.022457
v -0.052612 0.060632 0.022487
v -0.048090 0.055704 0.022531
v -0.048946 0.054762 0.022808
v -0.048817 0.054904 0.022813
v -0.048689 0.055045 0.022813
v -0.048560 0.055187 0.022809
v -0.048431 0.055329 0.022800
v -0.048303 0.055470 0.022785
v -0.047964 0.055843 0.022495
v -0.048175 0.055611 0.022764
v -0.048047 0.055751 0.022739
v -0.047921 0.055891 0.022706
v -0.047424 0.056438 0.022508
v -0.047546 0.056304 0.022570
v -0.047795 0.056030 0.022668
v -0.047670 0.056167 0.022623
v -0.053486 0.059669 0.022755
v -0.053048 0.060151 0.022623
v -0.052891 0.060325 0.023372
v -0.052455 0.060805 0.023232
v -0.058937 0.063574 0.022955
v -0.059445 0.063015 0.023093
v -0.063840 0.068082 0.023068
v -0.058431 0.064132 0.022806
v -0.057926 0.064688 0.022646
v -0.057422 0.065243 0.022480
v -0.063283 0.068695 0.022875
v -0.062729 0.069305 0.022672
v -0.068072 0.073329 0.022956
v -0.067470 0.073991 0.022700
v -0.072804 0.078024 0.023026
v -0.072154 0.078740 0.022723
v -0.077478 0.082785 0.023103
v -0.058222 0.054454 0.023530
v -0.063898 0.058111 0.023793
v -0.057917 0.054790 0.023490
v -0.063549 0.058496 0.023739
v -0.063385 0.058676 0.023883
v -0.069299 0.062070 0.024266
v -0.068919 0.062489 0.024186
v -0.063033 0.059064 0.023707
v -0.057780 0.054942 0.023614
v -0.062871 0.059242 0.023953
v -0.062517 0.059631 0.023660
v -0.057335 0.055431 0.023679
v -0.056890 0.055921 0.023729
v -0.062356 0.059809 0.024004
v -0.068349 0.063116 0.024122
v -0.067781 0.063743 0.024043
v -0.062003 0.060198 0.023599
v -0.068730 0.062697 0.024341
v -0.068160 0.063324 0.024392
v -0.067590 0.063953 0.024422
v -0.074613 0.066126 0.024849
v -0.074203 0.066577 0.024737
v -0.073988 0.066814 0.024898
v -0.067213 0.064367 0.023947
v -0.073582 0.067262 0.024631
v -0.072962 0.067944 0.024509
v -0.073363 0.067502 0.024922
v -0.067019 0.064582 0.024433
v -0.072343 0.068625 0.024369
v -0.066647 0.064991 0.023836
v -0.072738 0.068191 0.024922
v -0.072112 0.068880 0.024901
v -0.079446 0.070711 0.025220
v -0.078771 0.071454 0.025079
v -0.078098 0.072195 0.024920
v -0.077428 0.072933 0.024742
v -0.071727 0.069304 0.024213
v -0.076760 0.073669 0.024545
v -0.079884 0.070228 0.025361
v -0.079204 0.070978 0.025391
v -0.078523 0.071728 0.025393
v -0.077842 0.072478 0.025370
v -0.077161 0.073227 0.025323
v -0.076482 0.073975 0.025246
v -0.056444 0.056412 0.023763
v -0.055998 0.056903 0.023777
v -0.055552 0.057395 0.023773
v -0.061489 0.060764 0.023524
v -0.060976 0.061329 0.023437
v -0.061840 0.060377 0.024037
v -0.061324 0.060946 0.024046
v -0.060808 0.061514 0.024035
v -0.060464 0.061892 0.023337
v -0.059954 0.062454 0.023221
v -0.065519 0.066233 0.023573
v -0.060292 0.062082 0.024007
v -0.055106 0.057886 0.023754
v -0.059777 0.062649 0.023959
v -0.066082 0.065613 0.023711
v -0.066448 0.065210 0.024417
v -0.065877 0.065838 0.024378
v -0.065308 0.066466 0.024321
v -0.064739 0.067092 0.024241
v -0.054660 0.058377 0.023719
v -0.054215 0.058866 0.023659
v -0.053772 0.059355 0.023584
v -0.053330 0.059841 0.023492
v -0.064957 0.066851 0.023417
v -0.064398 0.067468 0.023247
v -0.059263 0.063215 0.023883
v -0.058751 0.063779 0.023789
v -0.063609 0.068337 0.024001
v -0.057733 0.064899 0.023529
v -0.058240 0.064341 0.023675
v -0.063047 0.068955 0.023849
v -0.062490 0.069568 0.023660
v -0.064173 0.067715 0.024131
v -0.071112 0.069981 0.024041
v -0.070499 0.070656 0.023856
v -0.069889 0.071328 0.023651
v -0.075430 0.075133 0.024105
v -0.074770 0.075860 0.023857
v -0.071488 0.069568 0.024851
v -0.070864 0.070254 0.024776
v -0.069622 0.071622 0.024560
v -0.070242 0.070939 0.024680
v -0.076094 0.074402 0.024333
v -0.075805 0.074720 0.025140
v -0.075129 0.075464 0.025012
v -0.074456 0.076206 0.024858
v -0.069281 0.071997 0.023431
v -0.068675 0.072665 0.023201
v -0.067176 0.074316 0.023791
v -0.067780 0.073650 0.024031
v -0.074112 0.076584 0.023593
v -0.073457 0.077306 0.023317
v -0.069005 0.072301 0.024406
v -0.068391 0.072977 0.024231
v -0.073787 0.076942 0.024666
v -0.073122 0.077675 0.024451
v -0.072460 0.078403 0.024210
v -0.082445 0.077316 0.025159
v -0.081726 0.078107 0.024917
v -0.084617 0.074924 0.025766
v -0.085083 0.074410 0.025938
v -0.084346 0.075222 0.025944
v -0.083890 0.075724 0.025583
v -0.089737 0.079193 0.026272
v -0.090230 0.078650 0.026473
v -0.089437 0.079523 0.026458
v -0.088958 0.080050 0.026050
v -0.088645 0.080395 0.026411
v -0.094790 0.083535 0.026829
v -0.095309 0.082964 0.027063
v -0.094461 0.083898 0.027023
v -0.083166 0.076521 0.025381
v -0.083610 0.076033 0.025920
v -0.082874 0.076843 0.025868
v -0.088182 0.080905 0.025809
v -0.087410 0.081755 0.025546
v -0.082139 0.077653 0.025790
v -0.081406 0.078460 0.025679
v -0.093134 0.085358 0.026278
v -0.086640 0.082603 0.025262
v -0.092312 0.086264 0.025970
v -0.087854 0.081266 0.026334
v -0.087065 0.082135 0.026229
v -0.093961 0.084448 0.026564
v -0.093614 0.084831 0.026948
v -0.092768 0.085762 0.026841
v -0.086278 0.083002 0.026089
v -0.091925 0.086690 0.026704
v -0.099850 0.087870 0.027322
v -0.091493 0.087166 0.025639
v -0.098084 0.089815 0.026696
v -0.098965 0.088844 0.027020
v -0.097207 0.090781 0.026347
v -0.096334 0.091742 0.025975
v -0.096778 0.091253 0.027141
v -0.102990 0.094320 0.027132
v -0.102058 0.095346 0.026741
v -0.081010 0.078896 0.024658
v -0.085874 0.083446 0.024959
v -0.080297 0.079681 0.024383
v -0.079588 0.080462 0.024085
v -0.085111 0.084286 0.024640
v -0.084353 0.085121 0.024297
v -0.089866 0.088957 0.024920
v -0.078882 0.081239 0.023772
v -0.078178 0.082014 0.023445
v -0.083598 0.085952 0.023936
v -0.082846 0.086780 0.023562
v -0.082099 0.087604 0.023171
v -0.088258 0.090728 0.024115
v -0.087459 0.091607 0.023689
v -0.078502 0.081657 0.024943
v -0.077075 0.083228 0.024396
v -0.077786 0.082445 0.024684
v -0.082398 0.087274 0.024910
v -0.089060 0.089845 0.024526
v -0.081637 0.088111 0.024579
v -0.094600 0.093651 0.025170
v -0.092888 0.095537 0.024273
v -0.092037 0.096474 0.023800
v -0.093742 0.094596 0.024731
v -0.098379 0.099397 0.024943
v -0.097472 0.100395 0.024437
v -0.080675 0.079264 0.025538
v -0.085494 0.083865 0.025915
v -0.079947 0.080066 0.025371
v -0.079222 0.080865 0.025178
v -0.084713 0.084725 0.025714
v -0.090678 0.088064 0.025289
v -0.083935 0.085581 0.025485
v -0.089415 0.089454 0.026080
v -0.091084 0.087616 0.026530
v -0.090248 0.088537 0.026319
v -0.083165 0.086430 0.025211
v -0.088586 0.090367 0.025810
v -0.087765 0.091271 0.025492
v -0.086949 0.092169 0.025145
v -0.095465 0.092699 0.025582
v -0.100208 0.097382 0.025887
v -0.099290 0.098394 0.025430
v -0.095880 0.092242 0.026939
v -0.094987 0.093226 0.026698
v -0.094097 0.094205 0.026427
v -0.101131 0.096367 0.026325
v -0.098732 0.099008 0.026786
v -0.099678 0.097967 0.027092
v -0.092337 0.096144 0.025767
v -0.093213 0.095179 0.026123
v -0.091467 0.097101 0.025380
v -0.097791 0.100045 0.026446
v -0.096860 0.101070 0.026050
v -0.055403 0.067466 0.021838
v -0.050429 0.063035 0.021983
v -0.050863 0.062558 0.021953
v -0.055911 0.066906 0.021974
v -0.060517 0.071741 0.021825
v -0.047333 0.056538 0.022308
v -0.047208 0.056676 0.022317
v -0.047306 0.056568 0.022431
v -0.052175 0.061113 0.022346
v -0.051739 0.061593 0.022203
v -0.051303 0.062074 0.022066
v -0.050766 0.062664 0.022388
v -0.051594 0.061753 0.022883
v -0.052022 0.061282 0.023071
v -0.051173 0.062216 0.022660
v -0.056918 0.065797 0.022310
v -0.056415 0.066351 0.022139
v -0.062176 0.069915 0.022462
v -0.061623 0.070523 0.022248
v -0.056237 0.066547 0.022940
v -0.055285 0.067595 0.022350
v -0.061071 0.071131 0.022032
v -0.055753 0.067080 0.022674
v -0.060321 0.071956 0.022607
v -0.054901 0.068018 0.021872
v -0.059958 0.072356 0.021650
v -0.059403 0.072967 0.021669
v -0.059813 0.072517 0.022222
v -0.065672 0.075971 0.021903
v -0.065071 0.076633 0.021645
v -0.070211 0.080880 0.021785
v -0.070858 0.080167 0.022099
v -0.066870 0.074652 0.022438
v -0.066271 0.075312 0.022171
v -0.060850 0.071374 0.022929
v -0.064831 0.076897 0.022507
v -0.065401 0.076270 0.022892
v -0.071506 0.079454 0.022414
v -0.064464 0.077302 0.021423
v -0.063857 0.077970 0.021418
v -0.064286 0.077498 0.022053
v -0.068903 0.082320 0.021219
v -0.069561 0.081596 0.021482
v -0.068243 0.083047 0.021198
v -0.068694 0.082550 0.021912
v -0.069279 0.081907 0.022431
v -0.069891 0.081232 0.022874
v -0.073292 0.087394 0.020991
v -0.077625 0.092530 0.020777
v -0.072579 0.088180 0.020949
v -0.078381 0.091697 0.021126
v -0.082717 0.096830 0.020937
v -0.075391 0.085083 0.022019
v -0.074697 0.085847 0.021652
v -0.076781 0.083552 0.022748
v -0.076085 0.084318 0.022386
v -0.081354 0.088424 0.022768
v -0.080611 0.089242 0.022357
v -0.079869 0.090059 0.021941
v -0.085085 0.094222 0.022324
v -0.085874 0.093353 0.022788
v -0.073999 0.086616 0.021299
v -0.079127 0.090876 0.021526
v -0.073048 0.087663 0.021746
v -0.077347 0.092836 0.021596
v -0.073669 0.086979 0.022334
v -0.084297 0.095089 0.021855
v -0.083509 0.095957 0.021387
v -0.074323 0.086259 0.022841
v -0.078005 0.092112 0.022251
v -0.082288 0.097301 0.022152
v -0.078700 0.091346 0.022819
v -0.083023 0.096493 0.022784
v -0.079416 0.090558 0.023323
v -0.086665 0.092482 0.023245
v -0.090349 0.098332 0.022804
v -0.089509 0.099257 0.022291
v -0.091191 0.097405 0.023309
v -0.094779 0.103361 0.022818
v -0.088670 0.100181 0.021774
v -0.087831 0.101105 0.021259
v -0.092998 0.105323 0.021687
v -0.092107 0.106304 0.021123
v -0.093888 0.104343 0.022255
v -0.087287 0.101704 0.022772
v -0.083781 0.095657 0.023349
v -0.076858 0.093374 0.020719
v -0.081911 0.097717 0.020542
v -0.081092 0.098619 0.020466
v -0.086986 0.102035 0.020763
v -0.086127 0.102982 0.020329
v -0.085251 0.103946 0.020241
v -0.081596 0.098064 0.021425
v -0.085775 0.103369 0.021284
v -0.091210 0.107292 0.020581
v -0.090296 0.108298 0.020105
v -0.089363 0.109325 0.020006
v -0.089906 0.108727 0.021134
v -0.086508 0.102562 0.022079
v -0.090678 0.107876 0.022001
v -0.088093 0.100816 0.023393
v -0.091502 0.106969 0.022757
v -0.057230 0.065454 0.023360
v -0.056730 0.066004 0.023166
v -0.061937 0.070177 0.023446
v -0.061390 0.070780 0.023205
v -0.065984 0.075628 0.023228
v -0.066576 0.074975 0.023525
v -0.071807 0.079123 0.023925
v -0.071159 0.079836 0.023611
v -0.070520 0.080540 0.023263
v -0.075680 0.084765 0.023693
v -0.076374 0.084001 0.024060
v -0.074995 0.085519 0.023290
v -0.080147 0.089753 0.023779
v -0.084556 0.094804 0.023862
v -0.080888 0.088937 0.024196
v -0.086140 0.093060 0.024767
v -0.085343 0.093937 0.024332
v -0.096570 0.101389 0.023915
v -0.095672 0.102377 0.023374
v -0.089756 0.098986 0.024478
v -0.090604 0.098051 0.024959
v -0.094118 0.104088 0.024627
v -0.095019 0.103097 0.025157
v -0.088918 0.099908 0.023959
v -0.092356 0.106029 0.023437
v -0.093230 0.105067 0.024056
v -0.095936 0.102087 0.025621
v -0.106918 0.099901 0.027109
v -0.102037 0.105276 0.024590
v -0.103002 0.104214 0.025142
v -0.107592 0.109066 0.025343
v -0.106568 0.110193 0.024744
v -0.104949 0.102069 0.026173
v -0.103972 0.103145 0.025673
v -0.105931 0.100988 0.026653
v -0.110702 0.105641 0.026987
v -0.109660 0.106789 0.026464
v -0.108622 0.107932 0.025920
v -0.114354 0.111527 0.026799
v -0.115460 0.110308 0.027372
v -0.113253 0.112739 0.026204
v -0.112161 0.113942 0.025574
v -0.102354 0.104927 0.026770
v -0.103357 0.103822 0.027143
v -0.101362 0.106019 0.026338
v -0.119093 0.116215 0.027139
v -0.117918 0.117509 0.026492
v -0.116752 0.118793 0.025808
v -0.123448 0.121326 0.027083
v -0.122255 0.122640 0.026440
v -0.137250 0.135848 0.025759
v -0.134259 0.129236 0.026988
v -0.135242 0.128153 0.027295
v -0.133279 0.130314 0.026657
v -0.136461 0.136717 0.025560
v -0.135674 0.137584 0.025343
v -0.128240 0.125956 0.026960
v -0.127125 0.127185 0.026431
v -0.129361 0.124722 0.027463
v -0.132304 0.131388 0.026300
v -0.126014 0.128408 0.025879
v -0.131332 0.132458 0.025919
v -0.137687 0.135367 0.025958
v -0.135791 0.127549 0.027576
v -0.136888 0.136248 0.026010
v -0.134786 0.128655 0.027578
v -0.136087 0.137129 0.026029
v -0.133782 0.129761 0.027538
v -0.135287 0.138010 0.026016
v -0.098222 0.109476 0.022218
v -0.097275 0.110519 0.021602
v -0.099171 0.108432 0.022829
v -0.103526 0.113543 0.022838
v -0.102519 0.114652 0.022178
v -0.107848 0.118690 0.022849
v -0.106781 0.119866 0.022132
v -0.096326 0.111564 0.020991
v -0.095371 0.112616 0.020404
v -0.100505 0.116869 0.020855
v -0.105714 0.121041 0.021412
v -0.104645 0.122217 0.020699
v -0.094397 0.113688 0.019891
v -0.093401 0.114785 0.019788
v -0.098455 0.119127 0.019672
v -0.099490 0.117987 0.020223
v -0.097395 0.120294 0.019565
v -0.103567 0.123404 0.020015
v -0.102467 0.124616 0.019420
v -0.093968 0.114161 0.021004
v -0.097985 0.119644 0.020872
v -0.107578 0.128895 0.019800
v -0.108729 0.127627 0.020536
v -0.109870 0.126370 0.021305
v -0.112913 0.132927 0.020524
v -0.114074 0.131648 0.021286
v -0.101513 0.115760 0.021513
v -0.094786 0.113260 0.021942
v -0.095661 0.112297 0.022761
v -0.101952 0.125183 0.020712
v -0.098849 0.118692 0.021883
v -0.102863 0.124180 0.021804
v -0.099776 0.117673 0.022767
v -0.103842 0.123101 0.022760
v -0.111009 0.125116 0.022082
v -0.115233 0.130373 0.022058
v -0.112149 0.123861 0.022857
v -0.116392 0.129096 0.022828
v -0.106805 0.129745 0.021741
v -0.107848 0.128597 0.022774
v -0.118390 0.136803 0.021409
v -0.117306 0.137996 0.020748
v -0.120552 0.134422 0.022748
v -0.119470 0.135613 0.022080
v -0.124655 0.139811 0.022653
v -0.125597 0.138773 0.023171
v -0.129483 0.144401 0.022932
v -0.123714 0.140847 0.022129
v -0.122773 0.141883 0.021605
v -0.127961 0.146077 0.022193
v -0.127200 0.146915 0.021822
v -0.128721 0.145240 0.022564
v -0.132214 0.151300 0.022249
v -0.101076 0.106334 0.024022
v -0.100121 0.107385 0.023433
v -0.105548 0.111316 0.024128
v -0.104535 0.112432 0.023491
v -0.109993 0.116328 0.024251
v -0.111075 0.115138 0.024921
v -0.108919 0.117512 0.023558
v -0.098443 0.109233 0.024790
v -0.097497 0.110275 0.024170
v -0.101723 0.115528 0.024287
v -0.102727 0.114423 0.024957
v -0.115592 0.120070 0.025101
v -0.114439 0.121340 0.024374
v -0.119892 0.125242 0.025058
v -0.113291 0.122603 0.023624
v -0.117553 0.127817 0.023590
v -0.118719 0.126533 0.024336
v -0.100378 0.107103 0.025871
v -0.099401 0.108178 0.025365
v -0.105828 0.111008 0.026634
v -0.104782 0.112160 0.026127
v -0.106882 0.109847 0.027103
v -0.110261 0.116034 0.026960
v -0.109150 0.117257 0.026407
v -0.103745 0.113302 0.025580
v -0.108049 0.118469 0.025812
v -0.106969 0.119658 0.025135
v -0.121070 0.123945 0.025761
v -0.113513 0.122360 0.026717
v -0.112337 0.123655 0.026072
v -0.116584 0.128885 0.026127
v -0.117779 0.127569 0.026763
v -0.096568 0.111298 0.023498
v -0.100737 0.116614 0.023562
v -0.104861 0.121980 0.023621
v -0.105905 0.120830 0.024408
v -0.110048 0.126174 0.024555
v -0.114257 0.131447 0.024620
v -0.111184 0.124924 0.025341
v -0.108934 0.127402 0.023704
v -0.112019 0.133911 0.022842
v -0.113123 0.132695 0.023772
v -0.115412 0.130175 0.025401
v -0.122722 0.132033 0.024059
v -0.121635 0.133230 0.023411
v -0.123814 0.130830 0.024685
v -0.124911 0.129622 0.025293
v -0.128445 0.135638 0.024637
v -0.127492 0.136687 0.024165
v -0.129402 0.134584 0.025091
v -0.132554 0.141020 0.024278
v -0.133330 0.140165 0.024570
v -0.126542 0.137733 0.023678
v -0.131782 0.141870 0.023963
v -0.137260 0.145744 0.024365
v -0.134108 0.139308 0.024846
v -0.134890 0.138448 0.025104
v -0.138404 0.144484 0.024697
v -0.137831 0.145115 0.024538
v -0.138979 0.143852 0.024842
v -0.139293 0.143506 0.024987
v -0.136691 0.146371 0.024177
v -0.130365 0.133523 0.025515
v -0.132779 0.130865 0.027459
v -0.134487 0.138891 0.025974
v -0.131777 0.131968 0.027342
v -0.130779 0.133068 0.027180
v -0.133688 0.139771 0.025895
v -0.132892 0.140648 0.025780
v -0.129784 0.134163 0.026973
v -0.121879 0.132961 0.026370
v -0.118984 0.126241 0.027353
v -0.123000 0.131727 0.026871
v -0.124129 0.130483 0.027331
v -0.126828 0.137418 0.026110
v -0.132097 0.141523 0.025636
v -0.128793 0.135254 0.026730
v -0.127806 0.136341 0.026451
v -0.131305 0.142395 0.025463
v -0.138711 0.144147 0.025028
v -0.138128 0.144789 0.025044
v -0.137545 0.145430 0.025038
v -0.136963 0.146072 0.025009
v -0.131013 0.142717 0.023632
v -0.130246 0.143561 0.023289
v -0.118597 0.136575 0.024518
v -0.123004 0.141629 0.024296
v -0.119674 0.135389 0.025199
v -0.117538 0.137741 0.023775
v -0.122081 0.142645 0.023707
v -0.123941 0.140596 0.024831
v -0.128193 0.145822 0.024363
v -0.124891 0.139551 0.025319
v -0.128959 0.144978 0.024705
v -0.127434 0.146657 0.023983
v -0.130519 0.143260 0.025240
v -0.129737 0.144122 0.024988
v -0.120766 0.134186 0.025827
v -0.125856 0.138488 0.025733
v -0.100396 0.087269 0.027584
v -0.099489 0.088268 0.027527
v -0.098583 0.089265 0.027432
v -0.105439 0.091622 0.028131
v -0.104867 0.092252 0.027839
v -0.104472 0.092687 0.028054
v -0.103507 0.093750 0.027937
v -0.103927 0.093288 0.027497
v -0.097679 0.090261 0.027303
v -0.102545 0.094810 0.027784
v -0.101585 0.095867 0.027595
v -0.100629 0.096920 0.027364
v -0.109910 0.096606 0.028320
v -0.110511 0.095944 0.028640
v -0.109480 0.097080 0.028549
v -0.115559 0.100293 0.029159
v -0.108450 0.098214 0.028416
v -0.108908 0.097709 0.027942
v -0.114929 0.100986 0.028810
v -0.114461 0.101502 0.029055
v -0.113365 0.102709 0.028905
v -0.113865 0.102159 0.028396
v -0.119946 0.105368 0.029380
v -0.107911 0.098808 0.027539
v -0.111751 0.104486 0.027484
v -0.106399 0.100473 0.028034
v -0.112805 0.103326 0.027954
v -0.107423 0.099345 0.028243
v -0.112272 0.103912 0.028713
v -0.111183 0.105111 0.028482
v -0.118816 0.106613 0.028922
v -0.117692 0.107851 0.028435
v -0.116573 0.109083 0.027918
v -0.115951 0.109768 0.028991
v -0.122656 0.112292 0.028920
v -0.121461 0.113607 0.028356
v -0.127066 0.117342 0.028847
v -0.125854 0.118677 0.028289
v -0.120606 0.104642 0.029762
v -0.119438 0.105929 0.029639
v -0.118272 0.107212 0.029467
v -0.117110 0.108492 0.029251
v -0.125759 0.108875 0.030369
v -0.125064 0.109640 0.029954
v -0.123262 0.111624 0.030042
v -0.123857 0.110969 0.029452
v -0.129511 0.114651 0.029868
v -0.128286 0.115999 0.029373
v -0.124509 0.110251 0.030232
v -0.130207 0.113884 0.030281
v -0.128940 0.115279 0.030162
v -0.127676 0.116670 0.029989
v -0.122019 0.112993 0.029805
v -0.120781 0.114356 0.029521
v -0.126416 0.118058 0.029768
v -0.105379 0.101595 0.027778
v -0.104366 0.102712 0.027478
v -0.109021 0.107492 0.027873
v -0.110099 0.106305 0.028201
v -0.114798 0.111037 0.028681
v -0.113653 0.112299 0.028319
v -0.107948 0.108673 0.027508
v -0.112513 0.113554 0.027917
v -0.111380 0.114801 0.027473
v -0.120274 0.114915 0.027762
v -0.124648 0.120005 0.027700
v -0.118324 0.117062 0.028789
v -0.117106 0.118403 0.028352
v -0.115895 0.119736 0.027871
v -0.121429 0.123549 0.028369
v -0.122666 0.122188 0.028794
v -0.119549 0.115713 0.029183
v -0.125159 0.119442 0.029499
v -0.123909 0.120819 0.029175
v -0.132757 0.120982 0.028798
v -0.131620 0.122234 0.028382
v -0.133397 0.120278 0.029157
v -0.130488 0.123481 0.027938
v -0.132227 0.121566 0.029095
v -0.131058 0.122853 0.028982
v -0.129892 0.124137 0.028825
v -0.128729 0.125418 0.028624
v -0.127571 0.126693 0.028371
v -0.126418 0.127963 0.028065
v -0.114699 0.121053 0.027315
v -0.120200 0.124903 0.027900
v -0.125271 0.129226 0.027719
v -0.101340 0.125857 0.019306
v -0.106401 0.130191 0.019161
v -0.105196 0.131517 0.019046
v -0.111741 0.134217 0.019797
v -0.110545 0.135535 0.019171
v -0.105837 0.130812 0.020561
v -0.109972 0.136165 0.020619
v -0.109324 0.136879 0.019085
v -0.110958 0.135080 0.021806
v -0.116214 0.139199 0.020122
v -0.115099 0.140427 0.019593
v -0.121830 0.142921 0.021090
v -0.120880 0.143968 0.020606
v -0.119912 0.145033 0.020208
v -0.125670 0.148600 0.021122
v -0.113972 0.141667 0.019571
v -0.118947 0.146096 0.020253
v -0.114587 0.140991 0.020969
v -0.124890 0.149458 0.020856
v -0.119496 0.145492 0.021429
v -0.124124 0.150303 0.020949
v -0.126438 0.147754 0.021459
v -0.115512 0.139972 0.022034
v -0.120309 0.144596 0.022304
v -0.116505 0.138878 0.022954
v -0.121179 0.143638 0.023050
v -0.125246 0.149066 0.022523
v -0.125955 0.148286 0.023077
v -0.124581 0.149799 0.021864
v -0.131660 0.151911 0.021980
v -0.131105 0.152522 0.021718
v -0.130545 0.153138 0.021475
v -0.129977 0.153764 0.021286
v -0.129419 0.154378 0.021361
v -0.129749 0.154015 0.022030
v -0.126687 0.147480 0.023558
v -0.148819 -0.150533 0.022440
v -0.139471 -0.157477 0.022440
v -0.150130 -0.152787 0.022440
v -0.147040 -0.148627 0.022440
v -0.142450 -0.146220 0.022440
v -0.140341 -0.146096 0.023926
v -0.139870 -0.145839 0.022440
v -0.138008 -0.146092 0.023293
v -0.137271 -0.146042 0.022440
v -0.144880 -0.147165 0.022440
v -0.137286 -0.146121 0.023076
v -0.137099 -0.146171 0.023014
v -0.137516 -0.146112 0.023146
v -0.137386 -0.146117 0.023107
v -0.136528 -0.146324 0.022826
v -0.136221 -0.146406 0.022721
v -0.135664 -0.146555 0.022532
v -0.135398 -0.146626 0.022440
v -0.135507 -0.147073 0.022440
v -0.135891 -0.148646 0.022440
v -0.149277 -0.153162 0.029838
v -0.148071 -0.151089 0.029838
v -0.146434 -0.149335 0.029838
v -0.144448 -0.147990 0.029838
v -0.142212 -0.147120 0.029838
v -0.141303 -0.146265 0.024138
v -0.140631 -0.146148 0.023993
v -0.139902 -0.146019 0.023825
v -0.140690 -0.146158 0.024007
v -0.138901 -0.146054 0.023551
v -0.138249 -0.146082 0.023365
v -0.139087 -0.146046 0.023604
v -0.139768 -0.146016 0.023789
v -0.139864 -0.146012 0.023815
v -0.141126 -0.146343 0.024961
v -0.141031 -0.146329 0.024961
v -0.141038 -0.146330 0.024961
v -0.140665 -0.146274 0.024950
v -0.139838 -0.146770 0.029838
v -0.140314 -0.146221 0.024939
v -0.140243 -0.146210 0.024937
v -0.139860 -0.146151 0.024915
v -0.139552 -0.146171 0.024889
v -0.139422 -0.146180 0.024878
v -0.138755 -0.146223 0.024804
v -0.138577 -0.146234 0.024784
v -0.138055 -0.146265 0.024701
v -0.135156 -0.147671 0.029838
v -0.134856 -0.146988 0.023912
v -0.135103 -0.146922 0.023996
v -0.137447 -0.146957 0.029838
v -0.137938 -0.146271 0.024683
v -0.137712 -0.146285 0.024646
v -0.137321 -0.146306 0.024574
v -0.136840 -0.146442 0.024471
v -0.137102 -0.146368 0.024527
v -0.136254 -0.146607 0.024328
v -0.135972 -0.146685 0.024259
v -0.135405 -0.146840 0.024087
v -0.135371 -0.146849 0.024077
v -0.144613 -0.153658 0.034770
v -0.145334 -0.154898 0.034770
v -0.143634 -0.152610 0.034770
v -0.142446 -0.151805 0.034770
v -0.141110 -0.151286 0.034770
v -0.139691 -0.151076 0.034770
v -0.138261 -0.151188 0.034770
v -0.139471 -0.157477 0.034770
v -0.136892 -0.151615 0.034770
v -0.132560 -0.150112 0.022440
v -0.130621 -0.149909 0.022440
v -0.131914 -0.148702 0.022440
v -0.129159 -0.152068 0.022440
v -0.128214 -0.154498 0.022440
v -0.127833 -0.157078 0.022440
v -0.128036 -0.159678 0.022440
v -0.128812 -0.162167 0.022440
v -0.133083 -0.148877 0.029838
v -0.132003 -0.148631 0.022514
v -0.131329 -0.150514 0.029838
v -0.132955 -0.147975 0.023089
v -0.133473 -0.147710 0.023346
v -0.133749 -0.147567 0.023465
v -0.134274 -0.147295 0.023690
v -0.134563 -0.147142 0.023801
v -0.132560 -0.148174 0.022881
v -0.132692 -0.148109 0.022959
v -0.132212 -0.148460 0.022652
v -0.129984 -0.152501 0.029838
v -0.129114 -0.154737 0.029838
v -0.128764 -0.157110 0.029838
v -0.128951 -0.159502 0.029838
v -0.129665 -0.161792 0.029838
v -0.135652 -0.152336 0.034770
v -0.134604 -0.153315 0.034770
v -0.133799 -0.154502 0.034770
v -0.133280 -0.155839 0.034770
v -0.133070 -0.157258 0.034770
v -0.133182 -0.158688 0.034770
v -0.133609 -0.160057 0.034770
v -0.150906 -0.155277 0.022440
v -0.151109 -0.157876 0.022440
v -0.150729 -0.160456 0.022440
v -0.149784 -0.162887 0.022440
v -0.148321 -0.165046 0.022440
v -0.146383 -0.164842 0.022440
v -0.147029 -0.166253 0.022440
v -0.143051 -0.166308 0.022440
v -0.149992 -0.155453 0.029838
v -0.150178 -0.157845 0.029838
v -0.149828 -0.160218 0.029838
v -0.148959 -0.162454 0.029838
v -0.147613 -0.164440 0.029838
v -0.145860 -0.166077 0.029838
v -0.146940 -0.166323 0.022514
v -0.146730 -0.166495 0.022652
v -0.146382 -0.166781 0.022881
v -0.146251 -0.166846 0.022959
v -0.145988 -0.166980 0.023089
v -0.143786 -0.167283 0.029838
v -0.145469 -0.167245 0.023346
v -0.145193 -0.167388 0.023465
v -0.144669 -0.167660 0.023690
v -0.144379 -0.167812 0.023801
v -0.144087 -0.167966 0.023912
v -0.145761 -0.156267 0.034770
v -0.145872 -0.157697 0.034770
v -0.145663 -0.159116 0.034770
v -0.145143 -0.160452 0.034770
v -0.144339 -0.161640 0.034770
v -0.143291 -0.162619 0.034770
v -0.142051 -0.163340 0.034770
v -0.141672 -0.168912 0.022440
v -0.139072 -0.169115 0.022440
v -0.143435 -0.167882 0.022440
v -0.143545 -0.168328 0.022440
v -0.143279 -0.168399 0.022532
v -0.142721 -0.168548 0.022721
v -0.142414 -0.168630 0.022826
v -0.141843 -0.168784 0.023014
v -0.141657 -0.168834 0.023076
v -0.141557 -0.168838 0.023107
v -0.141427 -0.168843 0.023146
v -0.140935 -0.168863 0.023293
v -0.136492 -0.168735 0.022440
v -0.131903 -0.166328 0.022440
v -0.134062 -0.167790 0.022440
v -0.138602 -0.168858 0.023926
v -0.130123 -0.164422 0.022440
v -0.140694 -0.168873 0.023365
v -0.139856 -0.168908 0.023604
v -0.140042 -0.168900 0.023551
v -0.139175 -0.168938 0.023789
v -0.139078 -0.168942 0.023815
v -0.139041 -0.168936 0.023825
v -0.138311 -0.168807 0.023993
v -0.138252 -0.168796 0.024007
v -0.137640 -0.168689 0.024138
v -0.143839 -0.168033 0.023996
v -0.143571 -0.168105 0.024077
v -0.141496 -0.167998 0.029838
v -0.143538 -0.168115 0.024087
v -0.142970 -0.168269 0.024259
v -0.142688 -0.168348 0.024328
v -0.142102 -0.168512 0.024471
v -0.141841 -0.168586 0.024527
v -0.141621 -0.168649 0.024574
v -0.141231 -0.168670 0.024646
v -0.141004 -0.168683 0.024683
v -0.140887 -0.168690 0.024701
v -0.139104 -0.168184 0.029838
v -0.140365 -0.168720 0.024784
v -0.140188 -0.168732 0.024804
v -0.139520 -0.168775 0.024878
v -0.139390 -0.168783 0.024889
v -0.139083 -0.168804 0.024915
v -0.138699 -0.168745 0.024937
v -0.136731 -0.167834 0.029838
v -0.137817 -0.168611 0.024961
v -0.138628 -0.168734 0.024939
v -0.138278 -0.168681 0.024950
v -0.137912 -0.168625 0.024961
v -0.137904 -0.168624 0.024961
v -0.134495 -0.166965 0.029838
v -0.132508 -0.165620 0.029838
v -0.130871 -0.163866 0.029838
v -0.140682 -0.163767 0.034770
v -0.139252 -0.163878 0.034770
v -0.137833 -0.163669 0.034770
v -0.136496 -0.163149 0.034770
v -0.135309 -0.162345 0.034770
v -0.134330 -0.161297 0.034770
v -0.156333 -0.182294 0.019571
v -0.153590 -0.176224 0.020253
v -0.152276 -0.176802 0.020208
v -0.154799 -0.182969 0.019593
v -0.158631 -0.188559 0.019085
v -0.156969 -0.189290 0.019171
v -0.157748 -0.188947 0.020619
v -0.149528 -0.170735 0.020856
v -0.150958 -0.177382 0.020606
v -0.150573 -0.170275 0.020949
v -0.152843 -0.176553 0.021429
v -0.148467 -0.171202 0.021122
v -0.155496 -0.182662 0.020969
v -0.153281 -0.183636 0.020122
v -0.155339 -0.190007 0.019797
v -0.149664 -0.177951 0.021090
v -0.151793 -0.184291 0.020748
v -0.153745 -0.190709 0.020524
v -0.147393 -0.164398 0.021361
v -0.146634 -0.164732 0.021286
v -0.145860 -0.165072 0.021475
v -0.149949 -0.170549 0.021864
v -0.146944 -0.164595 0.022030
v -0.149044 -0.170948 0.022523
v -0.145098 -0.165408 0.021718
v -0.147422 -0.171662 0.021459
v -0.144342 -0.165740 0.021980
v -0.146384 -0.172118 0.021822
v -0.148079 -0.171372 0.023077
v -0.143588 -0.166072 0.022249
v -0.145348 -0.172574 0.022193
v -0.151736 -0.177040 0.022304
v -0.154237 -0.183216 0.022034
v -0.156406 -0.189538 0.021806
v -0.148381 -0.178516 0.021605
v -0.150551 -0.177561 0.023050
v -0.152884 -0.183811 0.022954
v -0.154962 -0.190173 0.022842
v -0.160220 -0.195136 0.019046
v -0.159348 -0.195520 0.020561
v -0.158580 -0.195858 0.019161
v -0.156978 -0.196563 0.019800
v -0.161440 -0.201876 0.019306
v -0.160607 -0.202242 0.020712
v -0.159906 -0.202551 0.019420
v -0.158030 -0.196100 0.021741
v -0.162780 -0.208562 0.019565
v -0.161977 -0.208916 0.020872
v -0.161338 -0.209197 0.019672
v -0.159366 -0.202788 0.021804
v -0.156610 -0.196725 0.022774
v -0.147083 -0.171811 0.023558
v -0.146065 -0.172259 0.023983
v -0.149323 -0.178101 0.023707
v -0.148067 -0.178654 0.024296
v -0.151478 -0.184430 0.023775
v -0.153458 -0.190835 0.023772
v -0.150318 -0.184940 0.021409
v -0.144313 -0.173030 0.022564
v -0.143276 -0.173486 0.022932
v -0.147100 -0.179080 0.022129
v -0.152164 -0.191405 0.021286
v -0.148847 -0.185587 0.022080
v -0.150586 -0.192099 0.022058
v -0.145819 -0.179643 0.022653
v -0.144536 -0.180208 0.023171
v -0.147375 -0.186235 0.022748
v -0.149008 -0.192793 0.022828
v -0.158408 -0.203210 0.020015
v -0.155411 -0.197252 0.020536
v -0.156940 -0.203856 0.020699
v -0.153857 -0.197936 0.021305
v -0.159928 -0.209817 0.020223
v -0.164188 -0.215220 0.019788
v -0.162832 -0.215816 0.019891
v -0.165656 -0.221850 0.020006
v -0.164385 -0.222409 0.020105
v -0.163416 -0.215559 0.021004
v -0.158546 -0.210426 0.020855
v -0.161506 -0.216400 0.020404
v -0.164917 -0.222175 0.021134
v -0.155485 -0.204496 0.021412
v -0.163142 -0.222957 0.020581
v -0.160206 -0.216972 0.020991
v -0.161920 -0.223494 0.021123
v -0.158033 -0.203375 0.022760
v -0.152306 -0.198618 0.022082
v -0.154033 -0.205135 0.022132
v -0.150754 -0.199301 0.022857
v -0.152579 -0.205775 0.022849
v -0.160801 -0.209434 0.021883
v -0.162302 -0.216049 0.021942
v -0.163865 -0.222638 0.022001
v -0.159540 -0.209988 0.022767
v -0.161112 -0.216573 0.022761
v -0.157175 -0.211029 0.021513
v -0.155805 -0.211632 0.022178
v -0.158914 -0.217540 0.021602
v -0.160707 -0.224028 0.021687
v -0.162743 -0.223132 0.022757
v -0.157624 -0.218108 0.022218
v -0.154434 -0.212235 0.022838
v -0.159495 -0.224561 0.022255
v -0.156333 -0.218676 0.022829
v -0.158282 -0.225095 0.022818
v -0.142236 -0.173943 0.023289
v -0.145033 -0.172713 0.024363
v -0.143989 -0.173172 0.024705
v -0.141865 -0.174107 0.025240
v -0.142930 -0.173638 0.024988
v -0.141193 -0.174402 0.023632
v -0.140146 -0.174863 0.023963
v -0.137492 -0.168754 0.024177
v -0.139095 -0.175325 0.024278
v -0.136718 -0.169095 0.024365
v -0.146790 -0.179216 0.024831
v -0.150037 -0.185064 0.024518
v -0.145497 -0.179785 0.025319
v -0.148570 -0.185709 0.025199
v -0.151915 -0.191514 0.024620
v -0.150342 -0.192206 0.025401
v -0.143249 -0.180774 0.023678
v -0.145901 -0.186884 0.023411
v -0.141956 -0.181343 0.024165
v -0.147427 -0.193489 0.023590
v -0.144421 -0.187535 0.024059
v -0.140795 -0.174578 0.025463
v -0.139717 -0.175052 0.025636
v -0.137123 -0.168917 0.025009
v -0.138635 -0.175528 0.025780
v -0.147083 -0.186364 0.025827
v -0.144183 -0.180363 0.025733
v -0.142860 -0.180945 0.026110
v -0.145568 -0.187030 0.026370
v -0.141529 -0.181531 0.026451
v -0.148747 -0.192908 0.026127
v -0.144042 -0.187702 0.026871
v -0.147119 -0.193624 0.026763
v -0.138039 -0.175790 0.024570
v -0.135940 -0.169437 0.024538
v -0.136978 -0.176257 0.024846
v -0.135160 -0.169780 0.024697
v -0.135915 -0.176725 0.025104
v -0.133950 -0.170313 0.024987
v -0.134378 -0.170125 0.024842
v -0.134847 -0.177195 0.025343
v -0.140659 -0.181914 0.024637
v -0.139356 -0.182487 0.025091
v -0.142933 -0.188190 0.024685
v -0.145839 -0.194187 0.024336
v -0.141439 -0.188847 0.025293
v -0.144243 -0.194890 0.025058
v -0.136330 -0.169266 0.025038
v -0.135536 -0.169615 0.025044
v -0.137550 -0.176005 0.025895
v -0.134743 -0.169964 0.025028
v -0.136463 -0.176484 0.025974
v -0.135374 -0.176963 0.026016
v -0.134284 -0.177442 0.026029
v -0.133775 -0.177666 0.025560
v -0.133195 -0.177922 0.026010
v -0.132701 -0.178139 0.025759
v -0.132106 -0.178401 0.025958
v -0.140185 -0.182122 0.026730
v -0.142504 -0.188378 0.027331
v -0.138836 -0.182716 0.026973
v -0.137481 -0.183312 0.027180
v -0.145478 -0.194346 0.027353
v -0.138044 -0.183064 0.025515
v -0.136727 -0.183644 0.025919
v -0.139938 -0.189508 0.025879
v -0.135405 -0.184226 0.026300
v -0.142639 -0.195596 0.025761
v -0.136122 -0.183910 0.027342
v -0.138426 -0.190173 0.026431
v -0.134758 -0.184510 0.027459
v -0.141026 -0.196305 0.026440
v -0.155132 -0.197375 0.023704
v -0.156647 -0.203985 0.023621
v -0.155225 -0.204611 0.024408
v -0.153614 -0.198043 0.024555
v -0.152068 -0.198723 0.025341
v -0.153776 -0.205248 0.025135
v -0.158230 -0.210565 0.023562
v -0.159877 -0.217117 0.023498
v -0.156888 -0.211155 0.024287
v -0.161581 -0.223643 0.023437
v -0.158611 -0.217673 0.024170
v -0.160391 -0.224167 0.024056
v -0.155521 -0.211756 0.024957
v -0.150499 -0.199414 0.026072
v -0.152306 -0.205895 0.025812
v -0.149199 -0.199986 0.023624
v -0.151122 -0.206416 0.023558
v -0.147637 -0.200673 0.024374
v -0.149659 -0.207060 0.024251
v -0.146066 -0.201364 0.025101
v -0.148187 -0.207707 0.024921
v -0.153060 -0.212839 0.023491
v -0.155039 -0.219245 0.023433
v -0.157324 -0.218240 0.024790
v -0.159181 -0.224699 0.024627
v -0.157955 -0.225239 0.025157
v -0.151680 -0.213447 0.024128
v -0.157066 -0.225630 0.023374
v -0.153738 -0.219817 0.024022
v -0.155844 -0.226168 0.023915
v -0.150292 -0.214057 0.024744
v -0.152431 -0.220393 0.024590
v -0.148898 -0.200118 0.026717
v -0.150807 -0.206554 0.026407
v -0.149295 -0.207220 0.026960
v -0.144488 -0.202059 0.025808
v -0.146708 -0.208358 0.025574
v -0.154136 -0.212366 0.025580
v -0.156019 -0.218814 0.025365
v -0.152724 -0.212988 0.026127
v -0.154690 -0.219399 0.025871
v -0.156707 -0.225788 0.025621
v -0.155449 -0.226341 0.026050
v -0.151300 -0.213614 0.026634
v -0.153349 -0.219989 0.026338
v -0.149864 -0.214246 0.027103
v -0.151999 -0.220583 0.026770
v -0.154181 -0.226899 0.026446
v -0.134077 -0.184810 0.026657
v -0.136907 -0.190841 0.026960
v -0.133393 -0.185111 0.027538
v -0.132026 -0.185713 0.027578
v -0.132743 -0.185397 0.026988
v -0.131405 -0.185986 0.027295
v -0.130658 -0.186314 0.027576
v -0.135381 -0.191513 0.027463
v -0.139401 -0.197020 0.027083
v -0.148898 -0.214671 0.025343
v -0.154615 -0.226708 0.024437
v -0.151117 -0.220971 0.025142
v -0.153381 -0.227251 0.024943
v -0.142900 -0.202757 0.026492
v -0.141301 -0.203461 0.027139
v -0.145221 -0.209012 0.026204
v -0.143722 -0.209672 0.026799
v -0.147496 -0.215288 0.025920
v -0.149797 -0.221552 0.025673
v -0.152140 -0.227797 0.025430
v -0.146083 -0.215910 0.026464
v -0.152900 -0.227463 0.026786
v -0.150633 -0.221184 0.027143
v -0.148466 -0.222138 0.026173
v -0.150890 -0.228347 0.025887
v -0.142216 -0.210335 0.027372
v -0.144663 -0.216534 0.026987
v -0.147129 -0.222726 0.026653
v -0.149634 -0.228900 0.026325
v -0.145785 -0.223317 0.027109
v -0.148371 -0.229456 0.026741
v -0.167224 -0.228437 0.020241
v -0.166510 -0.228751 0.021284
v -0.166031 -0.228961 0.020329
v -0.164861 -0.229476 0.020763
v -0.168856 -0.234995 0.020466
v -0.167741 -0.235486 0.020542
v -0.168170 -0.235297 0.021425
v -0.166644 -0.235968 0.020937
v -0.163711 -0.229982 0.021259
v -0.170590 -0.241509 0.020719
v -0.169546 -0.241968 0.020777
v -0.169925 -0.241801 0.021596
v -0.172386 -0.247995 0.020949
v -0.165512 -0.229190 0.022079
v -0.167227 -0.235712 0.022152
v -0.169029 -0.242196 0.022251
v -0.164451 -0.229657 0.022772
v -0.163354 -0.230140 0.023393
v -0.166227 -0.236152 0.022784
v -0.171746 -0.248276 0.021746
v -0.168516 -0.242421 0.021126
v -0.171414 -0.248422 0.020991
v -0.162568 -0.230485 0.021774
v -0.165565 -0.236443 0.021387
v -0.164492 -0.236915 0.021855
v -0.161426 -0.230988 0.022291
v -0.167500 -0.242868 0.021526
v -0.165194 -0.236606 0.023349
v -0.168083 -0.242612 0.022819
v -0.163419 -0.237387 0.022324
v -0.166490 -0.243312 0.021941
v -0.160283 -0.231491 0.022804
v -0.162345 -0.237860 0.022788
v -0.159136 -0.231995 0.023309
v -0.165480 -0.243757 0.022357
v -0.161268 -0.238334 0.023245
v -0.164469 -0.244202 0.022768
v -0.170452 -0.248846 0.021299
v -0.169502 -0.249264 0.021652
v -0.174258 -0.254447 0.021198
v -0.173644 -0.254718 0.021912
v -0.173359 -0.254843 0.021219
v -0.170901 -0.248648 0.022334
v -0.172464 -0.255237 0.021482
v -0.168557 -0.249680 0.022019
v -0.171579 -0.255626 0.021785
v -0.167107 -0.243041 0.023323
v -0.170011 -0.249040 0.022841
v -0.172848 -0.255068 0.022431
v -0.172014 -0.255435 0.022874
v -0.170697 -0.256014 0.022099
v -0.167611 -0.250096 0.022386
v -0.163455 -0.244648 0.023171
v -0.166664 -0.250512 0.022748
v -0.169816 -0.256402 0.022414
v -0.168933 -0.256791 0.022723
v -0.165715 -0.250930 0.023103
v -0.176200 -0.260869 0.021418
v -0.175616 -0.261126 0.022053
v -0.175374 -0.261233 0.021423
v -0.174547 -0.261597 0.021645
v -0.178232 -0.267252 0.021669
v -0.177477 -0.267584 0.021650
v -0.177675 -0.267497 0.022222
v -0.176717 -0.267919 0.021825
v -0.180332 -0.273604 0.021872
v -0.179649 -0.273905 0.021838
v -0.174873 -0.261453 0.022507
v -0.174098 -0.261794 0.022892
v -0.176983 -0.267802 0.022607
v -0.179809 -0.273834 0.022350
v -0.179172 -0.274114 0.022674
v -0.173728 -0.261957 0.021903
v -0.175963 -0.268250 0.022032
v -0.178958 -0.274209 0.021974
v -0.172913 -0.262316 0.022171
v -0.172097 -0.262675 0.022438
v -0.171280 -0.263034 0.022700
v -0.175211 -0.268581 0.022248
v -0.178271 -0.274511 0.022139
v -0.176263 -0.268118 0.022929
v -0.178513 -0.274405 0.022940
v -0.174458 -0.268912 0.022462
v -0.177586 -0.274813 0.022310
v -0.173705 -0.269244 0.022672
v -0.176900 -0.275114 0.022480
v -0.182390 -0.279975 0.021983
v -0.181931 -0.280177 0.022388
v -0.181799 -0.280235 0.021953
v -0.181377 -0.280421 0.022660
v -0.181201 -0.280498 0.022066
v -0.180606 -0.280760 0.022203
v -0.180805 -0.280673 0.022883
v -0.180012 -0.281021 0.022346
v -0.179419 -0.281283 0.022487
v -0.180222 -0.280929 0.023071
v -0.182746 -0.287095 0.022317
v -0.182575 -0.287170 0.022308
v -0.182612 -0.287154 0.022431
v -0.182451 -0.287225 0.022508
v -0.182403 -0.287246 0.022340
v -0.182231 -0.287322 0.022378
v -0.182059 -0.287397 0.022418
v -0.181221 -0.287766 0.022634
v -0.182285 -0.287298 0.022570
v -0.182117 -0.287372 0.022623
v -0.181947 -0.287447 0.022668
v -0.162231 -0.230633 0.023959
v -0.164139 -0.237071 0.023862
v -0.166112 -0.243479 0.023779
v -0.161091 -0.231135 0.024478
v -0.159936 -0.231644 0.024959
v -0.163067 -0.237542 0.024332
v -0.157985 -0.232502 0.023800
v -0.160187 -0.238810 0.023689
v -0.165103 -0.243923 0.024196
v -0.161983 -0.238019 0.024767
v -0.164083 -0.244372 0.024579
v -0.163047 -0.244828 0.024910
v -0.160881 -0.238504 0.025145
v -0.169096 -0.249442 0.023290
v -0.168164 -0.249853 0.023693
v -0.171158 -0.255811 0.023263
v -0.170288 -0.256194 0.023611
v -0.167219 -0.250268 0.024060
v -0.169406 -0.256582 0.023925
v -0.166264 -0.250689 0.024396
v -0.168517 -0.256974 0.024210
v -0.165296 -0.251115 0.024684
v -0.158761 -0.232161 0.025380
v -0.157577 -0.232682 0.025767
v -0.159770 -0.238993 0.025492
v -0.173304 -0.262144 0.023228
v -0.172497 -0.262499 0.023525
v -0.171681 -0.262858 0.023791
v -0.170858 -0.263220 0.024031
v -0.175528 -0.268442 0.023205
v -0.177841 -0.274700 0.023166
v -0.174783 -0.268770 0.023446
v -0.177161 -0.274999 0.023360
v -0.174030 -0.269101 0.023660
v -0.176476 -0.275301 0.023529
v -0.179632 -0.281189 0.023232
v -0.179038 -0.281450 0.023372
v -0.168048 -0.257180 0.023026
v -0.170461 -0.263395 0.022956
v -0.172950 -0.269576 0.022875
v -0.176214 -0.275416 0.022646
v -0.172193 -0.269909 0.023068
v -0.175527 -0.275719 0.022806
v -0.178824 -0.281544 0.022623
v -0.178228 -0.281806 0.022755
v -0.174837 -0.276022 0.022955
v -0.174146 -0.276326 0.023093
v -0.177631 -0.282069 0.022878
v -0.181888 -0.287473 0.022457
v -0.181716 -0.287548 0.022495
v -0.181544 -0.287624 0.022531
v -0.181775 -0.287522 0.022706
v -0.181372 -0.287700 0.022565
v -0.181199 -0.287776 0.022596
v -0.181602 -0.287598 0.022739
v -0.181429 -0.287675 0.022764
v -0.181254 -0.287751 0.022785
v -0.177032 -0.282333 0.022990
v -0.181025 -0.287852 0.022624
v -0.180851 -0.287929 0.022649
v -0.180677 -0.288005 0.022670
v -0.180503 -0.288082 0.022688
v -0.180328 -0.288159 0.022703
v -0.180153 -0.288236 0.022714
v -0.181080 -0.287828 0.022800
v -0.180905 -0.287905 0.022809
v -0.180729 -0.287982 0.022813
v -0.180554 -0.288059 0.022813
v -0.180379 -0.288137 0.022808
v -0.180204 -0.288213 0.022796
v -0.176432 -0.282597 0.023094
v -0.175830 -0.282862 0.023187
v -0.179978 -0.288313 0.022721
v -0.179803 -0.288390 0.022725
v -0.179855 -0.288367 0.022761
v -0.180029 -0.288290 0.022781
v -0.179681 -0.288443 0.022735
v -0.175226 -0.283127 0.023266
v -0.174622 -0.283393 0.023334
v -0.174017 -0.283660 0.023392
v -0.173410 -0.283926 0.023437
v -0.172803 -0.284194 0.023469
v -0.156827 -0.233012 0.024273
v -0.159099 -0.239288 0.024115
v -0.162437 -0.245096 0.023562
v -0.155664 -0.233523 0.024731
v -0.158007 -0.239769 0.024526
v -0.161413 -0.245546 0.023936
v -0.154495 -0.234038 0.025170
v -0.156910 -0.240252 0.024920
v -0.160386 -0.245999 0.024297
v -0.164762 -0.251349 0.023445
v -0.167160 -0.257571 0.023317
v -0.163804 -0.251771 0.023772
v -0.166267 -0.257963 0.023593
v -0.162843 -0.252194 0.024085
v -0.165372 -0.258357 0.023857
v -0.167616 -0.257370 0.024451
v -0.164321 -0.251543 0.024943
v -0.166710 -0.257769 0.024666
v -0.165799 -0.258169 0.024858
v -0.159353 -0.246453 0.024640
v -0.158314 -0.246910 0.024959
v -0.161878 -0.252618 0.024383
v -0.164473 -0.258753 0.024105
v -0.160907 -0.253046 0.024658
v -0.163569 -0.259151 0.024333
v -0.159932 -0.253475 0.024917
v -0.162663 -0.259550 0.024545
v -0.162004 -0.245287 0.025211
v -0.158653 -0.239485 0.025810
v -0.156384 -0.233206 0.026123
v -0.160954 -0.245748 0.025485
v -0.159895 -0.246214 0.025714
v -0.157524 -0.239981 0.026080
v -0.155180 -0.233736 0.026427
v -0.153969 -0.234269 0.026698
v -0.153317 -0.234556 0.025582
v -0.155805 -0.240738 0.025289
v -0.154695 -0.241226 0.025639
v -0.152134 -0.235076 0.025975
v -0.151612 -0.228030 0.027092
v -0.156390 -0.240480 0.026319
v -0.158832 -0.246682 0.025915
v -0.155251 -0.240981 0.026530
v -0.157765 -0.247152 0.026089
v -0.152752 -0.234804 0.026939
v -0.154107 -0.241485 0.026704
v -0.156693 -0.247623 0.026229
v -0.163341 -0.251974 0.025178
v -0.162354 -0.252409 0.025371
v -0.164883 -0.258573 0.025012
v -0.161362 -0.252845 0.025538
v -0.157271 -0.247369 0.025262
v -0.160368 -0.253283 0.025679
v -0.163963 -0.258977 0.025140
v -0.163041 -0.259383 0.025246
v -0.162116 -0.259790 0.025323
v -0.159370 -0.253722 0.025790
v -0.158953 -0.253905 0.025159
v -0.161753 -0.259950 0.024742
v -0.153580 -0.241717 0.025970
v -0.150946 -0.235599 0.026347
v -0.147103 -0.230014 0.027132
v -0.149752 -0.236125 0.026696
v -0.152460 -0.242209 0.026278
v -0.156224 -0.247830 0.025546
v -0.152959 -0.241990 0.026841
v -0.151530 -0.235342 0.027141
v -0.155619 -0.248096 0.026334
v -0.155172 -0.248293 0.025809
v -0.151335 -0.242704 0.026564
v -0.148552 -0.236653 0.027020
v -0.154542 -0.248570 0.026411
v -0.151808 -0.242497 0.026948
v -0.147347 -0.237183 0.027322
v -0.150205 -0.243201 0.026829
v -0.154116 -0.248757 0.026050
v -0.153463 -0.249044 0.026458
v -0.150655 -0.243004 0.027023
v -0.149500 -0.243512 0.027063
v -0.153056 -0.249224 0.026272
v -0.152384 -0.249519 0.026473
v -0.157971 -0.254338 0.025381
v -0.160840 -0.260351 0.024920
v -0.161190 -0.260198 0.025370
v -0.158369 -0.254162 0.025868
v -0.156985 -0.254771 0.025583
v -0.159924 -0.260754 0.025079
v -0.160263 -0.260606 0.025393
v -0.157367 -0.254603 0.025920
v -0.159336 -0.261014 0.025391
v -0.156364 -0.255045 0.025944
v -0.155996 -0.255207 0.025766
v -0.159006 -0.261158 0.025220
v -0.158409 -0.261421 0.025361
v -0.155361 -0.255486 0.025938
v -0.169640 -0.263756 0.023201
v -0.168815 -0.264119 0.023431
v -0.167987 -0.264483 0.023651
v -0.173272 -0.269434 0.023849
v -0.175786 -0.275605 0.023675
v -0.175091 -0.275910 0.023789
v -0.172507 -0.269771 0.024001
v -0.171433 -0.270244 0.023247
v -0.170671 -0.270579 0.023417
v -0.170027 -0.263586 0.024231
v -0.169190 -0.263954 0.024406
v -0.168351 -0.264323 0.024560
v -0.171739 -0.270109 0.024131
v -0.170968 -0.270448 0.024241
v -0.174393 -0.276217 0.023883
v -0.173694 -0.276525 0.023959
v -0.167156 -0.264849 0.023856
v -0.173453 -0.276631 0.023221
v -0.169907 -0.270915 0.023573
v -0.166322 -0.265216 0.024041
v -0.169139 -0.271253 0.023711
v -0.172758 -0.276937 0.023337
v -0.165485 -0.265584 0.024213
v -0.168370 -0.271591 0.023836
v -0.172061 -0.277244 0.023437
v -0.167599 -0.271930 0.023947
v -0.171363 -0.277551 0.023524
v -0.167506 -0.264695 0.024680
v -0.166659 -0.265068 0.024776
v -0.165810 -0.265441 0.024851
v -0.170194 -0.270789 0.024321
v -0.172992 -0.276834 0.024007
v -0.172290 -0.277143 0.024035
v -0.169418 -0.271130 0.024378
v -0.164645 -0.265954 0.024369
v -0.171587 -0.277452 0.024046
v -0.168642 -0.271472 0.024417
v -0.170885 -0.277761 0.024037
v -0.167864 -0.271814 0.024433
v -0.164960 -0.265815 0.024901
v -0.178441 -0.281713 0.023492
v -0.177839 -0.281978 0.023584
v -0.177235 -0.282243 0.023659
v -0.176630 -0.282510 0.023719
v -0.176023 -0.282777 0.023754
v -0.175416 -0.283044 0.023773
v -0.174808 -0.283311 0.023777
v -0.174200 -0.283579 0.023763
v -0.170663 -0.277859 0.023599
v -0.169962 -0.278167 0.023660
v -0.173593 -0.283846 0.023729
v -0.170182 -0.278070 0.024004
v -0.172987 -0.284112 0.023679
v -0.172196 -0.284461 0.023490
v -0.172383 -0.284379 0.023614
v -0.171780 -0.284644 0.023530
v -0.166827 -0.272270 0.024043
v -0.166053 -0.272611 0.024122
v -0.163804 -0.266324 0.024509
v -0.162959 -0.266696 0.024631
v -0.162113 -0.267068 0.024737
v -0.167087 -0.272156 0.024422
v -0.169481 -0.278379 0.023953
v -0.166310 -0.272498 0.024392
v -0.164109 -0.266190 0.024922
v -0.163257 -0.266565 0.024922
v -0.165277 -0.272952 0.024186
v -0.169261 -0.278476 0.023707
v -0.165534 -0.272839 0.024341
v -0.168781 -0.278687 0.023883
v -0.164759 -0.273180 0.024266
v -0.168559 -0.278785 0.023739
v -0.168083 -0.278994 0.023793
v -0.162406 -0.266939 0.024898
v -0.161555 -0.267313 0.024849
v -0.140950 -0.189062 0.027719
v -0.143824 -0.195074 0.027900
v -0.139388 -0.189750 0.028065
v -0.137819 -0.190440 0.028371
v -0.142150 -0.195811 0.028369
v -0.140466 -0.196551 0.028794
v -0.147282 -0.200829 0.027315
v -0.145654 -0.201545 0.027871
v -0.147771 -0.207890 0.027473
v -0.146228 -0.208569 0.027917
v -0.144006 -0.202271 0.028352
v -0.136241 -0.191134 0.028624
v -0.134658 -0.191831 0.028825
v -0.137768 -0.197739 0.027700
v -0.138774 -0.197296 0.029175
v -0.137071 -0.198045 0.029499
v -0.133847 -0.192188 0.027938
v -0.132306 -0.192866 0.028382
v -0.136126 -0.198461 0.028289
v -0.133070 -0.192529 0.028982
v -0.131479 -0.193229 0.029095
v -0.134475 -0.199188 0.028847
v -0.135361 -0.198798 0.029768
v -0.130758 -0.193547 0.028798
v -0.129886 -0.193930 0.029157
v -0.132815 -0.199918 0.029373
v -0.133645 -0.199553 0.029989
v -0.131924 -0.200310 0.030162
v -0.131147 -0.200652 0.029868
v -0.130199 -0.201069 0.030281
v -0.142347 -0.203000 0.028789
v -0.144677 -0.209252 0.028319
v -0.143117 -0.209938 0.028681
v -0.139692 -0.204169 0.027762
v -0.138076 -0.204880 0.028356
v -0.140701 -0.211001 0.027918
v -0.148413 -0.214884 0.027508
v -0.146952 -0.215527 0.027873
v -0.149260 -0.221788 0.027478
v -0.143236 -0.217162 0.027484
v -0.150318 -0.228599 0.027364
v -0.147880 -0.222395 0.027778
v -0.149016 -0.229172 0.027595
v -0.146492 -0.223006 0.028034
v -0.145485 -0.216173 0.028201
v -0.144009 -0.216822 0.028482
v -0.141547 -0.210629 0.028991
v -0.140680 -0.203734 0.029183
v -0.139002 -0.204472 0.029521
v -0.137316 -0.205214 0.029805
v -0.139970 -0.211323 0.029251
v -0.136449 -0.205596 0.028920
v -0.139178 -0.211671 0.028435
v -0.141801 -0.217794 0.027954
v -0.144434 -0.223912 0.027539
v -0.147709 -0.229747 0.027784
v -0.143075 -0.224509 0.027942
v -0.145827 -0.230575 0.027497
v -0.142526 -0.217475 0.028713
v -0.145098 -0.223619 0.028243
v -0.140358 -0.218429 0.028396
v -0.137646 -0.212345 0.028922
v -0.143700 -0.224235 0.028416
v -0.141038 -0.218130 0.028905
v -0.146398 -0.230324 0.027937
v -0.141711 -0.225110 0.028320
v -0.144547 -0.231139 0.027839
v -0.136108 -0.213022 0.029380
v -0.138909 -0.219066 0.028810
v -0.142298 -0.224852 0.028549
v -0.139546 -0.218786 0.029055
v -0.138051 -0.219444 0.029159
v -0.145084 -0.230902 0.028054
v -0.143768 -0.231481 0.028131
v -0.140893 -0.225470 0.028640
v -0.134814 -0.206315 0.029452
v -0.138388 -0.212019 0.029467
v -0.135624 -0.205959 0.030042
v -0.133927 -0.206706 0.030232
v -0.133171 -0.207038 0.029954
v -0.136801 -0.212717 0.029639
v -0.132225 -0.207454 0.030369
v -0.135210 -0.213417 0.029762
v -0.150303 -0.235882 0.027303
v -0.149072 -0.236424 0.027432
v -0.147839 -0.236966 0.027527
v -0.146604 -0.237510 0.027584
v -0.106139 -0.030761 0.023469
v -0.098964 -0.026642 0.022721
v -0.098789 -0.026719 0.022714
v -0.098614 -0.026796 0.022703
v -0.105532 -0.031028 0.023437
v -0.098440 -0.026873 0.022688
v -0.104926 -0.031295 0.023392
v -0.098265 -0.026949 0.022670
v -0.104321 -0.031561 0.023334
v -0.099261 -0.026511 0.022735
v -0.097722 -0.027188 0.022634
v -0.099140 -0.026565 0.022725
v -0.099087 -0.026588 0.022761
v -0.098913 -0.026664 0.022781
v -0.098738 -0.026741 0.022796
v -0.103716 -0.031827 0.023266
v -0.098091 -0.027026 0.022649
v -0.103113 -0.032093 0.023187
v -0.097917 -0.027102 0.022624
v -0.102511 -0.032358 0.023094
v -0.097744 -0.027179 0.022596
v -0.101911 -0.032622 0.022990
v -0.097571 -0.027255 0.022565
v -0.101312 -0.032885 0.022878
v -0.096712 -0.027633 0.022378
v -0.096883 -0.027558 0.022418
v -0.096540 -0.027709 0.022340
v -0.097055 -0.027482 0.022457
v -0.099524 -0.033672 0.022487
v -0.097398 -0.027331 0.022531
v -0.098563 -0.026818 0.022808
v -0.098388 -0.026895 0.022813
v -0.098213 -0.026972 0.022813
v -0.098038 -0.027049 0.022809
v -0.097863 -0.027126 0.022800
v -0.097688 -0.027203 0.022785
v -0.097226 -0.027406 0.022495
v -0.097514 -0.027280 0.022764
v -0.097340 -0.027356 0.022739
v -0.097168 -0.027432 0.022706
v -0.096657 -0.027657 0.022570
v -0.096491 -0.027730 0.022508
v -0.096996 -0.027508 0.022668
v -0.096826 -0.027583 0.022623
v -0.100714 -0.033148 0.022755
v -0.100119 -0.033410 0.022623
v -0.099904 -0.033505 0.023372
v -0.099310 -0.033766 0.023232
v -0.104105 -0.038933 0.022955
v -0.104797 -0.038628 0.023093
v -0.103416 -0.039236 0.022806
v -0.106750 -0.045045 0.023068
v -0.102728 -0.039538 0.022646
v -0.102042 -0.039840 0.022480
v -0.105993 -0.045379 0.022875
v -0.105238 -0.045711 0.022672
v -0.108481 -0.051560 0.022956
v -0.107662 -0.051920 0.022700
v -0.110895 -0.057775 0.023026
v -0.110010 -0.058164 0.022723
v -0.113227 -0.064025 0.023103
v -0.107163 -0.030311 0.023530
v -0.106747 -0.030494 0.023490
v -0.110859 -0.035961 0.023793
v -0.110384 -0.036170 0.023739
v -0.110161 -0.036268 0.023883
v -0.114183 -0.041775 0.024266
v -0.109682 -0.036479 0.023707
v -0.113665 -0.042003 0.024186
v -0.106560 -0.030576 0.023614
v -0.109461 -0.036576 0.023953
v -0.108980 -0.036788 0.023660
v -0.105955 -0.030842 0.023679
v -0.108760 -0.036884 0.024004
v -0.105349 -0.031109 0.023729
v -0.112890 -0.042344 0.024122
v -0.108279 -0.037096 0.023599
v -0.112116 -0.042684 0.024043
v -0.113409 -0.042115 0.024341
v -0.112633 -0.042457 0.024392
v -0.111856 -0.042799 0.024422
v -0.117387 -0.047641 0.024849
v -0.116829 -0.047887 0.024737
v -0.116537 -0.048016 0.024898
v -0.111343 -0.043024 0.023947
v -0.115983 -0.048259 0.024631
v -0.115139 -0.048631 0.024509
v -0.115685 -0.048390 0.024922
v -0.111078 -0.043141 0.024433
v -0.110572 -0.043364 0.023836
v -0.114297 -0.049001 0.024369
v -0.114834 -0.048765 0.024922
v -0.113982 -0.049139 0.024901
v -0.119936 -0.053796 0.025220
v -0.119018 -0.054200 0.025079
v -0.118102 -0.054603 0.024920
v -0.113458 -0.049370 0.024213
v -0.117189 -0.055005 0.024742
v -0.116280 -0.055405 0.024545
v -0.120534 -0.053533 0.025361
v -0.119607 -0.053941 0.025391
v -0.118680 -0.054349 0.025393
v -0.117753 -0.054757 0.025370
v -0.116826 -0.055165 0.025323
v -0.115902 -0.055571 0.025246
v -0.104742 -0.031376 0.023763
v -0.104135 -0.031643 0.023777
v -0.103527 -0.031911 0.023773
v -0.107580 -0.037404 0.023524
v -0.106882 -0.037711 0.023437
v -0.108058 -0.037193 0.024037
v -0.107355 -0.037503 0.024046
v -0.106652 -0.037812 0.024035
v -0.106185 -0.038018 0.023337
v -0.105490 -0.038323 0.023221
v -0.109036 -0.044039 0.023573
v -0.105950 -0.038121 0.024007
v -0.102919 -0.032178 0.023754
v -0.105248 -0.038430 0.023959
v -0.109803 -0.043702 0.023711
v -0.110301 -0.043483 0.024417
v -0.109524 -0.043825 0.024378
v -0.108748 -0.044166 0.024321
v -0.107974 -0.044507 0.024241
v -0.102313 -0.032445 0.023719
v -0.101707 -0.032711 0.023659
v -0.101104 -0.032977 0.023584
v -0.100502 -0.033242 0.023492
v -0.108272 -0.044376 0.023417
v -0.107510 -0.044711 0.023247
v -0.104549 -0.038737 0.023883
v -0.103852 -0.039044 0.023789
v -0.106435 -0.045184 0.024001
v -0.102467 -0.039654 0.023529
v -0.103156 -0.039350 0.023675
v -0.105670 -0.045520 0.023849
v -0.104912 -0.045854 0.023660
v -0.107203 -0.044846 0.024131
v -0.112621 -0.049739 0.024041
v -0.111786 -0.050106 0.023856
v -0.110955 -0.050471 0.023651
v -0.114469 -0.056202 0.024105
v -0.113570 -0.056597 0.023857
v -0.113132 -0.049514 0.024851
v -0.112283 -0.049887 0.024776
v -0.110592 -0.050631 0.024560
v -0.111436 -0.050260 0.024680
v -0.115373 -0.055804 0.024333
v -0.114979 -0.055977 0.025140
v -0.114060 -0.056382 0.025012
v -0.113143 -0.056785 0.024858
v -0.110128 -0.050836 0.023431
v -0.109303 -0.051199 0.023201
v -0.107261 -0.052097 0.023791
v -0.108084 -0.051735 0.024031
v -0.112675 -0.056991 0.023593
v -0.111783 -0.057384 0.023317
v -0.109752 -0.051001 0.024406
v -0.108916 -0.051369 0.024231
v -0.112233 -0.057186 0.024666
v -0.111327 -0.057584 0.024451
v -0.110426 -0.057981 0.024210
v -0.119989 -0.061049 0.025159
v -0.119011 -0.061480 0.024917
v -0.122947 -0.059748 0.025766
v -0.123582 -0.059469 0.025938
v -0.122578 -0.059910 0.025944
v -0.121958 -0.060183 0.025583
v -0.125887 -0.065731 0.026272
v -0.126558 -0.065435 0.026473
v -0.125479 -0.065910 0.026458
v -0.124827 -0.066197 0.026050
v -0.124401 -0.066385 0.026411
v -0.128737 -0.071753 0.026829
v -0.129443 -0.071443 0.027063
v -0.128288 -0.071951 0.027023
v -0.120972 -0.060617 0.025381
v -0.121576 -0.060351 0.025920
v -0.120573 -0.060792 0.025868
v -0.123770 -0.066662 0.025809
v -0.122718 -0.067125 0.025546
v -0.119573 -0.061233 0.025790
v -0.118575 -0.061672 0.025679
v -0.126482 -0.072745 0.026278
v -0.121671 -0.067586 0.025262
v -0.125362 -0.073238 0.025970
v -0.123324 -0.066858 0.026334
v -0.122249 -0.067331 0.026229
v -0.127607 -0.072250 0.026564
v -0.127135 -0.072458 0.026948
v -0.125984 -0.072965 0.026841
v -0.121178 -0.067803 0.026089
v -0.124835 -0.073470 0.026704
v -0.131596 -0.077772 0.027322
v -0.124247 -0.073729 0.025639
v -0.129191 -0.078830 0.026696
v -0.130391 -0.078302 0.027020
v -0.127996 -0.079355 0.026347
v -0.126808 -0.079878 0.025975
v -0.127412 -0.079612 0.027141
v -0.131840 -0.084941 0.027132
v -0.130571 -0.085499 0.026741
v -0.118036 -0.061909 0.024658
v -0.117065 -0.062336 0.024383
v -0.120628 -0.068045 0.024959
v -0.116099 -0.062761 0.024085
v -0.119589 -0.068502 0.024640
v -0.118557 -0.068956 0.024297
v -0.122033 -0.074703 0.024920
v -0.115138 -0.063184 0.023772
v -0.114180 -0.063605 0.023445
v -0.117529 -0.069408 0.023936
v -0.116506 -0.069859 0.023562
v -0.115488 -0.070307 0.023171
v -0.119843 -0.075666 0.024115
v -0.118756 -0.076145 0.023689
v -0.114621 -0.063411 0.024943
v -0.112679 -0.064266 0.024396
v -0.113647 -0.063840 0.024684
v -0.115896 -0.070127 0.024910
v -0.120935 -0.075186 0.024526
v -0.114860 -0.070583 0.024579
v -0.124448 -0.080917 0.025170
v -0.120958 -0.082453 0.023800
v -0.122116 -0.081943 0.024273
v -0.123279 -0.081431 0.024731
v -0.125562 -0.087703 0.024943
v -0.124327 -0.088246 0.024437
v -0.117580 -0.062109 0.025538
v -0.120110 -0.068273 0.025915
v -0.116589 -0.062546 0.025371
v -0.115601 -0.062980 0.025178
v -0.119047 -0.068740 0.025714
v -0.123138 -0.074217 0.025289
v -0.117988 -0.069206 0.025485
v -0.121418 -0.074973 0.026080
v -0.123691 -0.073973 0.026530
v -0.122552 -0.074474 0.026319
v -0.116939 -0.069668 0.025211
v -0.120290 -0.075470 0.025810
v -0.119172 -0.075962 0.025492
v -0.118062 -0.076450 0.025145
v -0.125625 -0.080399 0.025582
v -0.128053 -0.086607 0.025887
v -0.126803 -0.087157 0.025430
v -0.126190 -0.080150 0.026939
v -0.124974 -0.080686 0.026698
v -0.123763 -0.081218 0.026427
v -0.129309 -0.086055 0.026325
v -0.127330 -0.086925 0.027092
v -0.126042 -0.087492 0.026786
v -0.121366 -0.082273 0.025767
v -0.122558 -0.081748 0.026123
v -0.120182 -0.082794 0.025380
v -0.124761 -0.088056 0.026446
v -0.123494 -0.088613 0.026050
v -0.099293 -0.041050 0.021838
v -0.097143 -0.034720 0.021953
v -0.096552 -0.034979 0.021983
v -0.099985 -0.040746 0.021974
v -0.102226 -0.047036 0.021825
v -0.096197 -0.027860 0.022317
v -0.096367 -0.027785 0.022308
v -0.096331 -0.027800 0.022431
v -0.098930 -0.033933 0.022346
v -0.098336 -0.034194 0.022203
v -0.097742 -0.034456 0.022066
v -0.097011 -0.034778 0.022388
v -0.098138 -0.034282 0.022883
v -0.098721 -0.034025 0.023071
v -0.097565 -0.034534 0.022660
v -0.101357 -0.040142 0.022310
v -0.100671 -0.040443 0.022139
v -0.104484 -0.046042 0.022462
v -0.103732 -0.046373 0.022248
v -0.100429 -0.040550 0.022940
v -0.099133 -0.041120 0.022350
v -0.102980 -0.046704 0.022032
v -0.099770 -0.040840 0.022674
v -0.101960 -0.047153 0.022607
v -0.098611 -0.041350 0.021872
v -0.101465 -0.047371 0.021650
v -0.100710 -0.047703 0.021669
v -0.101267 -0.047458 0.022222
v -0.105214 -0.052998 0.021903
v -0.104396 -0.053358 0.021645
v -0.107364 -0.059328 0.021785
v -0.108245 -0.058940 0.022099
v -0.106845 -0.052280 0.022438
v -0.106030 -0.052639 0.022171
v -0.102679 -0.046836 0.022929
v -0.104069 -0.053501 0.022507
v -0.104845 -0.053160 0.022892
v -0.109127 -0.058553 0.022414
v -0.103569 -0.053722 0.021423
v -0.102742 -0.054085 0.021418
v -0.103327 -0.053828 0.022053
v -0.105583 -0.060112 0.021219
v -0.106479 -0.059718 0.021482
v -0.104684 -0.060507 0.021198
v -0.105299 -0.060237 0.021912
v -0.106094 -0.059887 0.022431
v -0.106928 -0.059520 0.022874
v -0.107528 -0.066532 0.020991
v -0.106557 -0.066960 0.020949
v -0.109396 -0.072987 0.020777
v -0.110427 -0.072533 0.021126
v -0.112299 -0.078986 0.020937
v -0.110386 -0.065275 0.022019
v -0.109440 -0.065691 0.021652
v -0.112278 -0.064442 0.022748
v -0.111331 -0.064859 0.022386
v -0.114474 -0.070753 0.022768
v -0.113462 -0.071198 0.022357
v -0.112452 -0.071642 0.021941
v -0.115523 -0.077567 0.022324
v -0.116598 -0.077095 0.022788
v -0.108491 -0.066109 0.021299
v -0.111442 -0.072087 0.021526
v -0.107196 -0.066678 0.021746
v -0.108041 -0.066307 0.022334
v -0.109018 -0.073153 0.021596
v -0.114451 -0.078039 0.021855
v -0.113378 -0.078511 0.021387
v -0.108931 -0.065915 0.022841
v -0.109914 -0.072759 0.022251
v -0.110860 -0.072343 0.022819
v -0.111716 -0.079243 0.022152
v -0.111835 -0.071914 0.023323
v -0.112716 -0.078803 0.022784
v -0.117674 -0.076621 0.023245
v -0.117516 -0.083967 0.022291
v -0.118660 -0.083464 0.022804
v -0.119806 -0.082959 0.023309
v -0.120660 -0.089860 0.022818
v -0.116374 -0.084469 0.021774
v -0.115231 -0.084972 0.021259
v -0.117022 -0.091461 0.021123
v -0.118235 -0.090927 0.021687
v -0.119447 -0.090394 0.022255
v -0.113748 -0.078348 0.023349
v -0.114491 -0.085298 0.022772
v -0.108353 -0.073446 0.020719
v -0.111202 -0.079469 0.020542
v -0.110086 -0.079960 0.020466
v -0.114081 -0.085478 0.020763
v -0.112911 -0.085993 0.020329
v -0.111719 -0.086518 0.020241
v -0.110772 -0.079658 0.021425
v -0.112432 -0.086204 0.021284
v -0.115801 -0.091998 0.020581
v -0.114557 -0.092545 0.020105
v -0.113287 -0.093104 0.020006
v -0.114026 -0.092779 0.021134
v -0.113430 -0.085765 0.022079
v -0.115078 -0.092316 0.022001
v -0.115589 -0.084815 0.023393
v -0.116199 -0.091823 0.022757
v -0.101781 -0.039955 0.023360
v -0.101101 -0.040254 0.023166
v -0.104160 -0.046185 0.023446
v -0.103415 -0.046513 0.023205
v -0.105639 -0.052811 0.023228
v -0.106446 -0.052456 0.023525
v -0.109536 -0.058372 0.023925
v -0.108655 -0.058760 0.023611
v -0.107784 -0.059143 0.023263
v -0.111724 -0.064686 0.024060
v -0.110779 -0.065102 0.023693
v -0.109846 -0.065512 0.023290
v -0.112830 -0.071476 0.023779
v -0.113839 -0.071032 0.024196
v -0.114804 -0.077884 0.023862
v -0.116960 -0.076935 0.024767
v -0.115875 -0.077413 0.024332
v -0.123099 -0.088787 0.023915
v -0.121877 -0.089325 0.023374
v -0.117852 -0.083819 0.024478
v -0.119007 -0.083311 0.024959
v -0.119761 -0.090255 0.024627
v -0.120987 -0.089716 0.025157
v -0.116711 -0.084321 0.023959
v -0.117362 -0.091311 0.023437
v -0.118551 -0.090788 0.024056
v -0.122235 -0.089167 0.025621
v -0.133158 -0.091637 0.027109
v -0.126512 -0.094562 0.024590
v -0.127825 -0.093984 0.025142
v -0.128650 -0.100897 0.024744
v -0.130045 -0.100284 0.025343
v -0.130477 -0.092817 0.026173
v -0.129146 -0.093403 0.025673
v -0.131814 -0.092229 0.026653
v -0.134279 -0.098420 0.026987
v -0.132860 -0.099045 0.026464
v -0.131447 -0.099667 0.025920
v -0.135220 -0.105283 0.026799
v -0.136727 -0.104620 0.027372
v -0.133722 -0.105942 0.026204
v -0.132235 -0.106597 0.025574
v -0.128309 -0.093771 0.027143
v -0.126944 -0.094372 0.026770
v -0.125593 -0.094966 0.026338
v -0.137642 -0.111494 0.027139
v -0.136042 -0.112198 0.026492
v -0.134455 -0.112896 0.025808
v -0.139542 -0.117934 0.027083
v -0.137916 -0.118649 0.026440
v -0.146242 -0.136816 0.025759
v -0.147538 -0.128969 0.027295
v -0.146199 -0.129558 0.026988
v -0.144866 -0.130145 0.026657
v -0.144096 -0.137760 0.025343
v -0.145167 -0.137288 0.025560
v -0.140516 -0.124782 0.026431
v -0.142035 -0.124114 0.026960
v -0.143561 -0.123442 0.027463
v -0.143537 -0.130729 0.026300
v -0.139004 -0.125447 0.025879
v -0.142215 -0.131311 0.025919
v -0.146837 -0.136554 0.025958
v -0.145748 -0.137033 0.026010
v -0.148285 -0.128640 0.027576
v -0.144658 -0.137512 0.026029
v -0.146917 -0.129242 0.027578
v -0.145550 -0.129844 0.027538
v -0.143569 -0.137992 0.026016
v -0.120028 -0.097414 0.021602
v -0.121318 -0.096847 0.022218
v -0.122610 -0.096279 0.022829
v -0.124508 -0.102720 0.022838
v -0.123137 -0.103323 0.022178
v -0.124910 -0.109820 0.022132
v -0.126363 -0.109180 0.022849
v -0.118737 -0.097983 0.020991
v -0.117436 -0.098555 0.020404
v -0.120396 -0.104529 0.020855
v -0.122002 -0.111099 0.020699
v -0.123457 -0.110459 0.021412
v -0.116110 -0.099139 0.019891
v -0.114755 -0.099735 0.019788
v -0.117604 -0.105758 0.019672
v -0.119014 -0.105137 0.020223
v -0.116162 -0.106392 0.019565
v -0.120535 -0.111745 0.020015
v -0.119037 -0.112404 0.019420
v -0.115526 -0.099396 0.021004
v -0.116965 -0.106039 0.020872
v -0.121964 -0.118392 0.019800
v -0.123532 -0.117702 0.020536
v -0.125086 -0.117019 0.021305
v -0.125198 -0.124246 0.020524
v -0.126779 -0.123550 0.021286
v -0.121768 -0.103926 0.021513
v -0.116640 -0.098905 0.021942
v -0.117831 -0.098382 0.022761
v -0.118142 -0.105521 0.021883
v -0.118335 -0.112713 0.020712
v -0.119576 -0.112167 0.021804
v -0.119403 -0.104966 0.022767
v -0.120909 -0.111580 0.022760
v -0.126637 -0.116336 0.022082
v -0.128356 -0.122856 0.022058
v -0.128188 -0.115653 0.022857
v -0.129934 -0.122162 0.022828
v -0.120913 -0.118855 0.021741
v -0.122333 -0.118230 0.022774
v -0.127149 -0.130664 0.020748
v -0.128624 -0.130015 0.021409
v -0.130095 -0.129367 0.022080
v -0.131567 -0.128720 0.022748
v -0.133124 -0.135311 0.022653
v -0.134406 -0.134747 0.023171
v -0.135666 -0.141469 0.022932
v -0.131843 -0.135875 0.022129
v -0.130562 -0.136438 0.021605
v -0.133594 -0.142381 0.022193
v -0.132559 -0.142836 0.021822
v -0.134630 -0.141925 0.022564
v -0.135355 -0.148882 0.022249
v -0.125204 -0.095137 0.024022
v -0.123904 -0.095709 0.023433
v -0.127262 -0.101508 0.024128
v -0.125882 -0.102115 0.023491
v -0.129284 -0.107895 0.024251
v -0.130756 -0.107247 0.024921
v -0.127820 -0.108539 0.023558
v -0.121619 -0.096715 0.024790
v -0.120331 -0.097281 0.024170
v -0.122054 -0.103799 0.024287
v -0.123421 -0.103198 0.024957
v -0.132876 -0.113591 0.025101
v -0.131305 -0.114282 0.024374
v -0.134700 -0.120065 0.025058
v -0.129743 -0.114969 0.023624
v -0.131515 -0.121466 0.023590
v -0.133103 -0.120767 0.024336
v -0.124253 -0.095556 0.025871
v -0.122924 -0.096141 0.025365
v -0.127643 -0.101340 0.026634
v -0.126219 -0.101967 0.026127
v -0.129078 -0.100709 0.027103
v -0.129648 -0.107735 0.026960
v -0.128135 -0.108400 0.026407
v -0.124807 -0.102588 0.025580
v -0.126637 -0.109060 0.025812
v -0.125167 -0.109706 0.025135
v -0.136304 -0.119359 0.025761
v -0.130045 -0.114837 0.026717
v -0.128444 -0.115541 0.026072
v -0.130196 -0.122047 0.026127
v -0.131823 -0.121331 0.026763
v -0.119066 -0.097838 0.023498
v -0.120712 -0.104390 0.023562
v -0.122295 -0.110970 0.023621
v -0.123718 -0.110344 0.024408
v -0.125328 -0.116912 0.024555
v -0.126875 -0.116231 0.025341
v -0.127028 -0.123441 0.024620
v -0.123811 -0.117580 0.023704
v -0.123981 -0.124781 0.022842
v -0.125484 -0.124120 0.023772
v -0.128600 -0.122749 0.025401
v -0.133042 -0.128071 0.023411
v -0.134522 -0.127420 0.024059
v -0.136009 -0.126765 0.024685
v -0.138284 -0.133041 0.024637
v -0.137503 -0.126108 0.025293
v -0.136986 -0.133612 0.024165
v -0.139847 -0.139629 0.024278
v -0.139587 -0.132467 0.025091
v -0.140904 -0.139164 0.024570
v -0.135693 -0.134181 0.023678
v -0.138797 -0.140092 0.023963
v -0.142225 -0.145860 0.024365
v -0.143028 -0.138230 0.025104
v -0.141964 -0.138698 0.024846
v -0.143782 -0.145174 0.024697
v -0.143002 -0.145517 0.024538
v -0.144992 -0.144642 0.024987
v -0.144565 -0.144830 0.024842
v -0.141450 -0.146200 0.024177
v -0.140898 -0.131890 0.025515
v -0.144184 -0.130444 0.027459
v -0.142480 -0.138471 0.025974
v -0.142821 -0.131044 0.027342
v -0.141392 -0.138949 0.025895
v -0.141461 -0.131643 0.027180
v -0.140308 -0.139427 0.025780
v -0.140107 -0.132239 0.026973
v -0.133464 -0.120608 0.027353
v -0.133374 -0.127925 0.026370
v -0.134901 -0.127253 0.026871
v -0.136438 -0.126576 0.027331
v -0.136082 -0.134009 0.026110
v -0.139226 -0.139903 0.025636
v -0.138757 -0.132832 0.026730
v -0.138148 -0.140377 0.025463
v -0.137414 -0.133424 0.026451
v -0.144200 -0.144991 0.025028
v -0.143406 -0.145340 0.025044
v -0.142613 -0.145689 0.025038
v -0.141820 -0.146038 0.025009
v -0.137750 -0.140552 0.023632
v -0.136706 -0.141011 0.023289
v -0.128906 -0.129891 0.024518
v -0.130373 -0.129245 0.025199
v -0.130876 -0.136300 0.024296
v -0.127465 -0.130525 0.023775
v -0.129619 -0.136853 0.023707
v -0.132152 -0.135739 0.024831
v -0.133910 -0.142242 0.024363
v -0.133445 -0.135170 0.025319
v -0.134954 -0.141782 0.024705
v -0.132877 -0.142696 0.023983
v -0.137077 -0.140848 0.025240
v -0.136012 -0.141317 0.024988
v -0.131860 -0.128591 0.025827
v -0.134759 -0.134592 0.025733
v -0.132338 -0.077445 0.027584
v -0.131103 -0.077988 0.027527
v -0.129870 -0.078531 0.027432
v -0.135175 -0.083473 0.028131
v -0.134396 -0.083816 0.027839
v -0.133858 -0.084053 0.028054
v -0.132544 -0.084631 0.027937
v -0.133115 -0.084380 0.027497
v -0.128640 -0.079072 0.027303
v -0.131233 -0.085208 0.027784
v -0.129926 -0.085783 0.027595
v -0.128625 -0.086355 0.027364
v -0.137231 -0.089845 0.028320
v -0.138050 -0.089485 0.028640
v -0.136645 -0.090103 0.028549
v -0.140892 -0.095511 0.029159
v -0.135243 -0.090720 0.028416
v -0.135867 -0.090445 0.027942
v -0.140034 -0.095888 0.028810
v -0.139397 -0.096169 0.029055
v -0.137905 -0.096825 0.028905
v -0.138585 -0.096526 0.028396
v -0.142835 -0.101932 0.029380
v -0.134509 -0.091043 0.027539
v -0.135707 -0.097792 0.027484
v -0.132450 -0.091949 0.028034
v -0.137142 -0.097161 0.027954
v -0.133845 -0.091335 0.028243
v -0.136417 -0.097480 0.028713
v -0.134934 -0.098132 0.028482
v -0.141296 -0.102609 0.028922
v -0.139765 -0.103283 0.028435
v -0.138241 -0.103953 0.027918
v -0.137395 -0.104326 0.028991
v -0.142493 -0.109359 0.028920
v -0.140867 -0.110075 0.028356
v -0.144468 -0.115767 0.028847
v -0.142817 -0.116493 0.028289
v -0.143733 -0.101537 0.029762
v -0.142142 -0.102237 0.029639
v -0.140555 -0.102936 0.029467
v -0.138972 -0.103632 0.029251
v -0.146717 -0.107500 0.030369
v -0.145771 -0.107917 0.029954
v -0.143319 -0.108996 0.030042
v -0.144128 -0.108640 0.029452
v -0.147795 -0.114303 0.029868
v -0.146128 -0.115036 0.029373
v -0.145016 -0.108249 0.030232
v -0.148743 -0.113885 0.030281
v -0.147019 -0.114644 0.030162
v -0.145298 -0.115401 0.029989
v -0.141627 -0.109740 0.029805
v -0.139940 -0.110482 0.029521
v -0.143582 -0.116157 0.029768
v -0.131063 -0.092559 0.027778
v -0.129682 -0.093167 0.027478
v -0.131990 -0.099428 0.027873
v -0.133458 -0.098782 0.028201
v -0.135826 -0.105016 0.028681
v -0.134266 -0.105703 0.028319
v -0.130530 -0.100070 0.027508
v -0.132714 -0.106386 0.027917
v -0.131172 -0.107064 0.027473
v -0.139250 -0.110786 0.027762
v -0.141175 -0.117216 0.027700
v -0.136595 -0.111954 0.028789
v -0.134937 -0.112684 0.028352
v -0.133289 -0.113409 0.027871
v -0.138476 -0.118403 0.028794
v -0.136792 -0.119144 0.028369
v -0.138263 -0.111221 0.029183
v -0.141871 -0.116909 0.029499
v -0.140169 -0.117658 0.029175
v -0.148185 -0.121408 0.028798
v -0.146637 -0.122089 0.028382
v -0.149056 -0.121024 0.029157
v -0.145095 -0.122767 0.027938
v -0.147463 -0.121725 0.029095
v -0.145872 -0.122425 0.028982
v -0.144285 -0.123124 0.028825
v -0.142701 -0.123820 0.028624
v -0.141124 -0.124515 0.028371
v -0.139554 -0.125205 0.028065
v -0.131660 -0.114126 0.027315
v -0.135118 -0.119881 0.027900
v -0.137992 -0.125892 0.027719
v -0.117503 -0.113079 0.019306
v -0.120363 -0.119097 0.019161
v -0.118722 -0.119819 0.019046
v -0.123603 -0.124948 0.019797
v -0.121973 -0.125665 0.019171
v -0.119594 -0.119435 0.020561
v -0.121195 -0.126007 0.020619
v -0.120311 -0.126396 0.019085
v -0.122536 -0.125417 0.021806
v -0.125661 -0.131318 0.020122
v -0.124144 -0.131986 0.019593
v -0.129278 -0.137003 0.021090
v -0.127984 -0.137573 0.020606
v -0.126667 -0.138152 0.020208
v -0.130476 -0.143753 0.021122
v -0.122610 -0.132661 0.019571
v -0.125352 -0.138731 0.020253
v -0.123446 -0.132293 0.020969
v -0.129414 -0.144220 0.020856
v -0.126100 -0.138402 0.021429
v -0.128370 -0.144679 0.020949
v -0.131521 -0.143293 0.021459
v -0.124706 -0.131739 0.022034
v -0.126059 -0.131143 0.022954
v -0.127207 -0.137915 0.022304
v -0.128391 -0.137394 0.023050
v -0.129899 -0.144007 0.022523
v -0.130863 -0.143582 0.023077
v -0.128993 -0.144405 0.021864
v -0.134601 -0.149214 0.021980
v -0.133844 -0.149547 0.021718
v -0.133083 -0.149882 0.021475
v -0.132309 -0.150223 0.021286
v -0.131550 -0.150557 0.021361
v -0.131999 -0.150359 0.022030
v -0.131860 -0.143144 0.023558
v 0.145833 -0.171651 0.022440
v 0.147836 -0.173320 0.022440
v 0.139425 -0.181374 0.022440
v 0.143508 -0.170468 0.022440
v 0.138372 -0.169776 0.022440
v 0.135818 -0.170301 0.022440
v 0.136348 -0.170382 0.023926
v 0.133445 -0.171382 0.022440
v 0.134154 -0.171176 0.023293
v 0.140979 -0.169833 0.022440
v 0.133328 -0.171561 0.023014
v 0.133486 -0.171450 0.023076
v 0.133699 -0.171363 0.023146
v 0.133579 -0.171412 0.023107
v 0.132583 -0.172083 0.022721
v 0.132844 -0.171901 0.022826
v 0.131885 -0.172571 0.022440
v 0.132110 -0.172414 0.022532
v 0.132140 -0.172954 0.022440
v 0.133040 -0.174301 0.022440
v 0.147163 -0.173965 0.029838
v 0.145320 -0.172428 0.029838
v 0.143182 -0.171341 0.029838
v 0.140855 -0.170756 0.029838
v 0.137310 -0.170212 0.024138
v 0.138457 -0.170704 0.029838
v 0.136639 -0.170331 0.023993
v 0.135909 -0.170460 0.023825
v 0.136697 -0.170321 0.024007
v 0.134377 -0.171084 0.023365
v 0.134981 -0.170835 0.023551
v 0.135153 -0.170764 0.023604
v 0.135782 -0.170503 0.023789
v 0.135872 -0.170466 0.023815
v 0.137170 -0.170346 0.024961
v 0.137084 -0.170363 0.024961
v 0.137076 -0.170365 0.024961
v 0.136713 -0.170438 0.024950
v 0.136107 -0.171187 0.029838
v 0.136366 -0.170508 0.024939
v 0.136295 -0.170522 0.024937
v 0.135915 -0.170598 0.024915
v 0.135633 -0.170722 0.024889
v 0.135514 -0.170775 0.024878
v 0.134901 -0.171044 0.024804
v 0.134738 -0.171115 0.024784
v 0.134258 -0.171322 0.024701
v 0.132015 -0.173636 0.029838
v 0.131709 -0.172950 0.023996
v 0.131499 -0.173097 0.023912
v 0.133923 -0.172181 0.029838
v 0.134151 -0.171369 0.024683
v 0.133942 -0.171458 0.024646
v 0.133583 -0.171612 0.024574
v 0.133398 -0.171746 0.024527
v 0.133177 -0.171905 0.024471
v 0.132683 -0.172260 0.024328
v 0.132445 -0.172430 0.024259
v 0.131964 -0.172770 0.024087
v 0.131936 -0.172790 0.024077
v 0.142949 -0.176026 0.034770
v 0.144051 -0.176944 0.034770
v 0.141671 -0.175376 0.034770
v 0.140280 -0.175026 0.034770
v 0.138846 -0.174995 0.034770
v 0.137441 -0.175284 0.034770
v 0.136136 -0.175878 0.034770
v 0.139425 -0.181374 0.034770
v 0.134995 -0.176748 0.034770
v 0.130411 -0.176818 0.022440
v 0.128519 -0.177290 0.022440
v 0.129321 -0.175714 0.022440
v 0.127884 -0.179819 0.022440
v 0.127827 -0.182426 0.022440
v 0.128352 -0.184980 0.022440
v 0.129432 -0.187354 0.022440
v 0.131014 -0.189427 0.022440
v 0.130479 -0.175478 0.029838
v 0.129381 -0.175617 0.022514
v 0.129392 -0.177617 0.029838
v 0.130447 -0.174248 0.023346
v 0.130050 -0.174674 0.023089
v 0.131057 -0.173584 0.023690
v 0.130658 -0.174019 0.023465
v 0.131277 -0.173342 0.023801
v 0.129849 -0.174890 0.022959
v 0.129748 -0.174996 0.022881
v 0.129518 -0.175384 0.022652
v 0.128807 -0.179944 0.029838
v 0.128755 -0.182342 0.029838
v 0.129238 -0.184692 0.029838
v 0.130232 -0.186875 0.029838
v 0.131687 -0.188783 0.029838
v 0.134077 -0.177849 0.034770
v 0.133427 -0.179128 0.034770
v 0.133077 -0.180519 0.034770
v 0.133046 -0.181953 0.034770
v 0.133335 -0.183357 0.034770
v 0.133929 -0.184663 0.034770
v 0.134799 -0.185803 0.034770
v 0.149417 -0.175394 0.022440
v 0.150497 -0.177767 0.022440
v 0.151022 -0.180322 0.022440
v 0.150965 -0.182929 0.022440
v 0.150330 -0.185458 0.022440
v 0.149528 -0.187034 0.022440
v 0.148439 -0.185930 0.022440
v 0.145810 -0.188447 0.022440
v 0.148618 -0.175872 0.029838
v 0.149611 -0.178056 0.029838
v 0.150094 -0.180406 0.029838
v 0.150042 -0.182804 0.029838
v 0.149458 -0.185131 0.029838
v 0.148370 -0.187269 0.029838
v 0.149469 -0.187131 0.022514
v 0.149331 -0.187364 0.022652
v 0.149102 -0.187751 0.022881
v 0.149000 -0.187858 0.022959
v 0.148799 -0.188074 0.023089
v 0.146834 -0.189112 0.029838
v 0.148402 -0.188500 0.023346
v 0.148192 -0.188729 0.023465
v 0.147792 -0.189164 0.023690
v 0.147572 -0.189406 0.023801
v 0.147350 -0.189651 0.023912
v 0.144920 -0.178085 0.034770
v 0.145515 -0.179390 0.034770
v 0.145803 -0.180795 0.034770
v 0.145772 -0.182229 0.034770
v 0.145423 -0.183620 0.034770
v 0.144772 -0.184898 0.034770
v 0.143854 -0.186000 0.034770
v 0.145405 -0.191366 0.022440
v 0.143031 -0.192446 0.022440
v 0.146709 -0.189794 0.022440
v 0.146965 -0.190176 0.022440
v 0.146739 -0.190334 0.022532
v 0.146266 -0.190665 0.022721
v 0.146006 -0.190847 0.022826
v 0.145522 -0.191186 0.023014
v 0.145364 -0.191297 0.023076
v 0.145271 -0.191335 0.023107
v 0.145151 -0.191385 0.023146
v 0.144695 -0.191572 0.023293
v 0.140477 -0.192971 0.022440
v 0.137870 -0.192915 0.022440
v 0.135341 -0.192279 0.022440
v 0.142501 -0.192365 0.023926
v 0.133017 -0.191097 0.022440
v 0.144472 -0.191664 0.023365
v 0.143869 -0.191912 0.023551
v 0.143697 -0.191983 0.023604
v 0.143067 -0.192245 0.023789
v 0.142978 -0.192282 0.023815
v 0.142940 -0.192288 0.023825
v 0.142211 -0.192417 0.023993
v 0.142152 -0.192427 0.024007
v 0.141540 -0.192536 0.024138
v 0.147140 -0.189798 0.023996
v 0.146914 -0.189958 0.024077
v 0.144926 -0.190567 0.029838
v 0.146885 -0.189978 0.024087
v 0.146405 -0.190317 0.024259
v 0.146167 -0.190488 0.024328
v 0.145672 -0.190843 0.024471
v 0.145452 -0.191002 0.024527
v 0.145267 -0.191136 0.024574
v 0.144907 -0.191289 0.024646
v 0.144699 -0.191379 0.024683
v 0.144591 -0.191426 0.024701
v 0.142743 -0.191560 0.029838
v 0.144111 -0.191633 0.024784
v 0.143948 -0.191704 0.024804
v 0.143336 -0.191973 0.024878
v 0.143217 -0.192025 0.024889
v 0.142935 -0.192150 0.024915
v 0.142554 -0.192225 0.024937
v 0.140393 -0.192043 0.029838
v 0.141679 -0.192402 0.024961
v 0.142484 -0.192240 0.024939
v 0.142136 -0.192310 0.024950
v 0.141773 -0.192383 0.024961
v 0.141766 -0.192384 0.024961
v 0.137994 -0.191991 0.029838
v 0.135668 -0.191407 0.029838
v 0.133529 -0.190319 0.029838
v 0.142714 -0.186870 0.034770
v 0.141408 -0.187464 0.034770
v 0.140003 -0.187752 0.034770
v 0.138570 -0.187721 0.034770
v 0.137179 -0.187372 0.034770
v 0.135900 -0.186722 0.034770
v 0.163759 -0.198924 0.019571
v 0.158068 -0.195152 0.020208
v 0.159105 -0.194159 0.020253
v 0.168062 -0.204025 0.019085
v 0.162548 -0.200083 0.019593
v 0.166750 -0.205281 0.019171
v 0.167365 -0.204692 0.020619
v 0.153411 -0.190390 0.020856
v 0.157028 -0.196147 0.020606
v 0.154235 -0.189601 0.020949
v 0.158516 -0.194723 0.021429
v 0.152573 -0.191193 0.021122
v 0.163099 -0.199556 0.020969
v 0.161351 -0.201230 0.020122
v 0.165464 -0.206512 0.019797
v 0.156007 -0.197125 0.021090
v 0.160177 -0.202354 0.020748
v 0.164206 -0.207717 0.020524
v 0.148637 -0.185740 0.021286
v 0.149236 -0.185167 0.021361
v 0.148026 -0.186325 0.021475
v 0.153743 -0.190072 0.021864
v 0.148881 -0.185506 0.022030
v 0.153028 -0.190757 0.022523
v 0.147425 -0.186900 0.021718
v 0.151748 -0.191982 0.021459
v 0.146828 -0.187472 0.021980
v 0.150929 -0.192766 0.021822
v 0.152267 -0.191485 0.023077
v 0.146233 -0.188042 0.022249
v 0.150112 -0.193549 0.022193
v 0.157642 -0.195560 0.022304
v 0.162105 -0.200508 0.022034
v 0.166306 -0.205706 0.021806
v 0.154994 -0.198095 0.021605
v 0.156707 -0.196455 0.023050
v 0.161037 -0.201530 0.022954
v 0.165166 -0.206797 0.022842
v 0.171805 -0.209661 0.019046
v 0.171117 -0.210320 0.020561
v 0.170511 -0.210901 0.019161
v 0.169247 -0.212111 0.019800
v 0.175257 -0.215577 0.019306
v 0.174600 -0.216206 0.020712
v 0.174047 -0.216736 0.019420
v 0.170077 -0.211317 0.021741
v 0.178804 -0.221402 0.019565
v 0.178171 -0.222009 0.020872
v 0.177666 -0.222491 0.019672
v 0.173621 -0.217144 0.021804
v 0.168956 -0.212389 0.022774
v 0.151481 -0.192238 0.023558
v 0.150677 -0.193007 0.023983
v 0.155738 -0.197383 0.023707
v 0.154747 -0.198332 0.024296
v 0.159928 -0.202592 0.023775
v 0.163980 -0.207933 0.023772
v 0.159013 -0.203468 0.021409
v 0.149295 -0.194331 0.022564
v 0.148477 -0.195115 0.022932
v 0.153984 -0.199063 0.022129
v 0.162958 -0.208912 0.021286
v 0.157852 -0.204580 0.022080
v 0.161714 -0.210103 0.022058
v 0.152973 -0.200031 0.022653
v 0.151960 -0.201000 0.023171
v 0.156690 -0.205692 0.022748
v 0.160468 -0.211296 0.022828
v 0.172864 -0.217868 0.020015
v 0.168010 -0.213296 0.020536
v 0.171707 -0.218977 0.020699
v 0.166784 -0.214470 0.021305
v 0.176554 -0.223557 0.020223
v 0.182404 -0.227176 0.019788
v 0.181335 -0.228200 0.019891
v 0.186052 -0.232904 0.020006
v 0.185050 -0.233864 0.020105
v 0.181796 -0.227759 0.021004
v 0.180288 -0.229202 0.020404
v 0.175463 -0.224601 0.020855
v 0.185469 -0.233462 0.021134
v 0.170558 -0.220077 0.021412
v 0.184068 -0.234804 0.020581
v 0.179262 -0.230185 0.020991
v 0.183105 -0.235727 0.021123
v 0.172569 -0.218151 0.022760
v 0.165560 -0.215641 0.022082
v 0.169412 -0.221174 0.022132
v 0.164335 -0.216814 0.022857
v 0.168265 -0.222272 0.022849
v 0.177242 -0.222898 0.021883
v 0.180917 -0.228600 0.021942
v 0.184639 -0.234257 0.022001
v 0.176247 -0.223850 0.022767
v 0.179977 -0.229500 0.022761
v 0.174381 -0.225638 0.021513
v 0.173300 -0.226672 0.022178
v 0.178243 -0.231161 0.021602
v 0.182147 -0.236643 0.021687
v 0.183754 -0.235105 0.022757
v 0.177225 -0.232135 0.022218
v 0.172218 -0.227708 0.022838
v 0.181191 -0.237559 0.022255
v 0.176206 -0.233111 0.022829
v 0.180233 -0.238476 0.022818
v 0.147656 -0.195900 0.023289
v 0.149863 -0.193787 0.024363
v 0.149039 -0.194576 0.024705
v 0.147363 -0.196181 0.025240
v 0.148204 -0.195376 0.024988
v 0.146833 -0.196689 0.023632
v 0.146007 -0.197480 0.023963
v 0.141423 -0.192647 0.024177
v 0.145177 -0.198274 0.024278
v 0.140812 -0.193233 0.024365
v 0.153739 -0.199297 0.024831
v 0.158790 -0.203681 0.024518
v 0.152719 -0.200274 0.025319
v 0.157633 -0.204790 0.025199
v 0.162762 -0.209100 0.024620
v 0.161521 -0.210288 0.025401
v 0.150945 -0.201972 0.023678
v 0.155527 -0.206806 0.023411
v 0.149925 -0.202949 0.024165
v 0.159221 -0.212490 0.023590
v 0.154359 -0.207925 0.024059
v 0.146519 -0.196989 0.025463
v 0.145668 -0.197804 0.025636
v 0.141131 -0.192927 0.025009
v 0.144814 -0.198621 0.025780
v 0.156460 -0.205913 0.025827
v 0.151682 -0.201266 0.025733
v 0.150638 -0.202266 0.026110
v 0.155264 -0.207057 0.026370
v 0.149587 -0.203272 0.026451
v 0.160262 -0.211493 0.026127
v 0.154060 -0.208211 0.026871
v 0.158978 -0.212723 0.026763
v 0.144344 -0.199072 0.024570
v 0.140198 -0.193820 0.024538
v 0.143507 -0.199873 0.024846
v 0.139583 -0.194410 0.024697
v 0.142668 -0.200677 0.025104
v 0.138628 -0.195324 0.024987
v 0.138965 -0.195001 0.024842
v 0.141825 -0.201484 0.025343
v 0.148901 -0.203929 0.024637
v 0.147872 -0.204914 0.025091
v 0.153185 -0.209049 0.024685
v 0.157968 -0.213690 0.024336
v 0.152006 -0.210177 0.025293
v 0.156708 -0.214896 0.025058
v 0.140506 -0.193526 0.025038
v 0.139880 -0.194125 0.025044
v 0.143958 -0.199441 0.025895
v 0.139253 -0.194725 0.025028
v 0.143100 -0.200262 0.025974
v 0.142241 -0.201085 0.026016
v 0.141381 -0.201909 0.026029
v 0.140979 -0.202293 0.025560
v 0.140521 -0.202732 0.026010
v 0.140132 -0.203105 0.025759
v 0.139662 -0.203555 0.025958
v 0.148527 -0.204288 0.026730
v 0.152846 -0.209373 0.027331
v 0.147462 -0.205307 0.026973
v 0.146393 -0.206330 0.027180
v 0.157683 -0.213963 0.027353
v 0.146838 -0.205905 0.025515
v 0.145798 -0.206900 0.025919
v 0.150821 -0.211312 0.025879
v 0.144755 -0.207899 0.026300
v 0.155442 -0.216108 0.025761
v 0.145320 -0.207358 0.027342
v 0.149628 -0.212454 0.026431
v 0.144245 -0.208388 0.027459
v 0.154169 -0.217327 0.026440
v 0.167790 -0.213506 0.023704
v 0.171475 -0.219199 0.023621
v 0.170353 -0.220273 0.024408
v 0.166592 -0.214653 0.024555
v 0.165372 -0.215821 0.025341
v 0.169209 -0.221368 0.025135
v 0.175214 -0.224840 0.023562
v 0.179002 -0.230433 0.023498
v 0.174155 -0.225854 0.024287
v 0.182837 -0.235983 0.023437
v 0.178004 -0.231389 0.024170
v 0.181898 -0.236882 0.024056
v 0.173076 -0.226887 0.024957
v 0.164134 -0.217007 0.026072
v 0.168049 -0.222479 0.025812
v 0.163108 -0.217989 0.023624
v 0.167115 -0.223373 0.023558
v 0.161876 -0.219169 0.024374
v 0.165961 -0.224479 0.024251
v 0.160636 -0.220356 0.025101
v 0.164799 -0.225591 0.024921
v 0.171134 -0.228746 0.023491
v 0.175185 -0.234089 0.023433
v 0.176988 -0.232362 0.024790
v 0.180943 -0.237796 0.024627
v 0.179976 -0.238723 0.025157
v 0.170045 -0.229789 0.024128
v 0.179274 -0.239395 0.023374
v 0.174159 -0.235071 0.024022
v 0.178310 -0.240318 0.023915
v 0.168950 -0.230838 0.024744
v 0.173127 -0.236059 0.024590
v 0.162870 -0.218217 0.026717
v 0.166867 -0.223611 0.026407
v 0.165673 -0.224754 0.026960
v 0.159391 -0.221549 0.025808
v 0.163632 -0.226708 0.025574
v 0.171983 -0.227934 0.025580
v 0.175958 -0.233348 0.025365
v 0.170869 -0.229000 0.026127
v 0.174909 -0.234352 0.025871
v 0.178991 -0.239666 0.025621
v 0.177998 -0.240616 0.026050
v 0.169745 -0.230077 0.026634
v 0.173852 -0.235365 0.026338
v 0.168612 -0.231161 0.027103
v 0.172786 -0.236386 0.026770
v 0.176998 -0.241574 0.026446
v 0.143707 -0.208903 0.026657
v 0.148430 -0.213602 0.026960
v 0.143167 -0.209420 0.027538
v 0.142088 -0.210453 0.027578
v 0.142654 -0.209910 0.026988
v 0.141598 -0.210922 0.027295
v 0.141009 -0.211486 0.027576
v 0.147225 -0.214755 0.027463
v 0.152887 -0.218555 0.027083
v 0.167849 -0.231891 0.025343
v 0.177340 -0.241246 0.024437
v 0.172090 -0.237052 0.025142
v 0.176366 -0.242179 0.024943
v 0.158138 -0.222748 0.026492
v 0.156875 -0.223957 0.027139
v 0.162458 -0.227832 0.026204
v 0.161276 -0.228965 0.026799
v 0.166743 -0.232951 0.025920
v 0.171048 -0.238050 0.025673
v 0.175387 -0.243116 0.025430
v 0.165628 -0.234018 0.026464
v 0.175987 -0.242542 0.026786
v 0.171708 -0.237417 0.027143
v 0.169998 -0.239055 0.026173
v 0.174400 -0.244061 0.025887
v 0.160087 -0.230103 0.027372
v 0.164508 -0.235091 0.026987
v 0.168943 -0.240065 0.026653
v 0.173409 -0.245010 0.026325
v 0.167882 -0.241081 0.027109
v 0.172413 -0.245964 0.026741
v 0.189779 -0.238557 0.020241
v 0.189216 -0.239096 0.021284
v 0.188838 -0.239458 0.020329
v 0.187915 -0.240342 0.020763
v 0.193556 -0.244161 0.020466
v 0.192676 -0.245004 0.020542
v 0.193015 -0.244679 0.021425
v 0.191811 -0.245832 0.020937
v 0.187007 -0.241211 0.021259
v 0.197414 -0.249688 0.020719
v 0.196590 -0.250477 0.020777
v 0.196889 -0.250191 0.021596
v 0.201321 -0.255169 0.020949
v 0.188429 -0.239850 0.022079
v 0.192271 -0.245392 0.022152
v 0.196182 -0.250868 0.022251
v 0.187591 -0.240651 0.022772
v 0.186725 -0.241481 0.023393
v 0.191482 -0.246147 0.022784
v 0.200816 -0.255652 0.021746
v 0.195777 -0.251255 0.021126
v 0.200554 -0.255903 0.020991
v 0.186105 -0.242074 0.021774
v 0.190959 -0.246648 0.021387
v 0.190112 -0.247459 0.021855
v 0.185204 -0.242937 0.022291
v 0.194976 -0.252022 0.021526
v 0.190667 -0.246928 0.023349
v 0.195436 -0.251583 0.022819
v 0.189266 -0.248269 0.022324
v 0.194179 -0.252786 0.021941
v 0.184302 -0.243801 0.022804
v 0.188418 -0.249080 0.022788
v 0.183397 -0.244668 0.023309
v 0.193382 -0.253549 0.022357
v 0.192584 -0.254313 0.022768
v 0.187569 -0.249894 0.023245
v 0.199795 -0.256630 0.021299
v 0.199045 -0.257347 0.021652
v 0.205288 -0.260591 0.021198
v 0.204803 -0.261055 0.021912
v 0.204578 -0.261270 0.021219
v 0.200149 -0.256290 0.022334
v 0.203872 -0.261947 0.021482
v 0.198299 -0.258062 0.022019
v 0.203173 -0.262616 0.021785
v 0.194666 -0.252319 0.023323
v 0.199447 -0.256963 0.022841
v 0.204175 -0.261656 0.022431
v 0.203517 -0.262287 0.022874
v 0.202478 -0.263282 0.022099
v 0.197553 -0.258776 0.022386
v 0.196806 -0.259492 0.022748
v 0.191784 -0.255079 0.023171
v 0.201782 -0.263948 0.022414
v 0.201085 -0.264615 0.022723
v 0.196057 -0.260209 0.023103
v 0.209309 -0.265961 0.021418
v 0.208849 -0.266403 0.022053
v 0.208657 -0.266586 0.021423
v 0.208005 -0.267211 0.021645
v 0.213403 -0.271263 0.021669
v 0.212807 -0.271834 0.021650
v 0.212963 -0.271684 0.022222
v 0.212207 -0.272408 0.021825
v 0.217549 -0.276514 0.021872
v 0.217010 -0.277030 0.021838
v 0.208263 -0.266964 0.022507
v 0.207651 -0.267550 0.022892
v 0.212417 -0.272207 0.022607
v 0.217137 -0.276909 0.022350
v 0.216634 -0.277390 0.022674
v 0.207359 -0.267829 0.021903
v 0.211612 -0.272978 0.022032
v 0.216464 -0.277553 0.021974
v 0.206716 -0.268445 0.022171
v 0.206072 -0.269061 0.022438
v 0.205427 -0.269679 0.022700
v 0.211018 -0.273546 0.022248
v 0.215923 -0.278071 0.022139
v 0.211849 -0.272751 0.022929
v 0.216114 -0.277888 0.022940
v 0.210424 -0.274115 0.022462
v 0.215382 -0.278589 0.022310
v 0.209830 -0.274684 0.022672
v 0.214841 -0.279107 0.022480
v 0.221662 -0.281796 0.021983
v 0.221300 -0.282143 0.022388
v 0.221196 -0.282243 0.021953
v 0.220863 -0.282562 0.022660
v 0.220724 -0.282695 0.022066
v 0.220255 -0.283144 0.022203
v 0.220411 -0.282994 0.022883
v 0.219786 -0.283593 0.022346
v 0.219318 -0.284042 0.022487
v 0.219951 -0.283435 0.023071
v 0.224433 -0.288365 0.022317
v 0.224298 -0.288494 0.022308
v 0.224327 -0.288466 0.022431
v 0.224200 -0.288588 0.022508
v 0.224162 -0.288624 0.022340
v 0.224026 -0.288754 0.022378
v 0.223891 -0.288884 0.022418
v 0.223229 -0.289518 0.022634
v 0.224069 -0.288713 0.022570
v 0.223936 -0.288840 0.022623
v 0.223802 -0.288969 0.022668
v 0.185839 -0.242329 0.023959
v 0.189834 -0.247725 0.023862
v 0.193881 -0.253071 0.023779
v 0.184939 -0.243191 0.024478
v 0.184028 -0.244064 0.024959
v 0.188989 -0.248535 0.024332
v 0.182488 -0.245538 0.023800
v 0.186715 -0.250711 0.023689
v 0.193085 -0.253834 0.024196
v 0.188133 -0.249354 0.024767
v 0.192279 -0.254605 0.024579
v 0.187263 -0.250187 0.025145
v 0.191462 -0.255388 0.024910
v 0.198725 -0.257654 0.023290
v 0.197989 -0.258359 0.023693
v 0.202842 -0.262933 0.023263
v 0.202155 -0.263591 0.023611
v 0.197243 -0.259073 0.024060
v 0.201459 -0.264257 0.023925
v 0.196490 -0.259794 0.024396
v 0.200757 -0.264929 0.024210
v 0.195726 -0.260526 0.024684
v 0.183101 -0.244951 0.025380
v 0.182166 -0.245846 0.025767
v 0.186387 -0.251026 0.025492
v 0.207024 -0.268150 0.023228
v 0.206387 -0.268759 0.023525
v 0.205744 -0.269376 0.023791
v 0.205094 -0.269997 0.024031
v 0.211268 -0.273307 0.023205
v 0.215584 -0.278396 0.023166
v 0.210680 -0.273870 0.023446
v 0.215047 -0.278910 0.023360
v 0.210087 -0.274438 0.023660
v 0.214506 -0.279428 0.023529
v 0.219486 -0.283880 0.023232
v 0.219018 -0.284329 0.023372
v 0.200387 -0.265284 0.023026
v 0.204781 -0.270297 0.022956
v 0.209234 -0.275255 0.022875
v 0.214299 -0.279626 0.022646
v 0.213757 -0.280145 0.022806
v 0.208637 -0.275827 0.023068
v 0.218848 -0.284491 0.022623
v 0.218378 -0.284941 0.022755
v 0.213213 -0.280666 0.022955
v 0.217907 -0.285392 0.022878
v 0.212667 -0.281188 0.023093
v 0.223756 -0.289013 0.022457
v 0.223620 -0.289143 0.022495
v 0.223484 -0.289273 0.022531
v 0.223666 -0.289099 0.022706
v 0.223348 -0.289403 0.022565
v 0.223212 -0.289534 0.022596
v 0.223530 -0.289229 0.022739
v 0.223393 -0.289360 0.022764
v 0.223256 -0.289492 0.022785
v 0.217434 -0.285845 0.022990
v 0.223075 -0.289665 0.022624
v 0.222938 -0.289796 0.022649
v 0.222800 -0.289928 0.022670
v 0.222663 -0.290060 0.022688
v 0.222525 -0.290192 0.022703
v 0.222387 -0.290324 0.022714
v 0.223118 -0.289624 0.022800
v 0.222980 -0.289756 0.022809
v 0.222841 -0.289889 0.022813
v 0.222703 -0.290021 0.022813
v 0.222565 -0.290153 0.022808
v 0.222427 -0.290286 0.022796
v 0.216960 -0.286299 0.023094
v 0.216486 -0.286753 0.023187
v 0.222248 -0.290456 0.022721
v 0.222110 -0.290589 0.022725
v 0.222289 -0.290417 0.022781
v 0.222152 -0.290549 0.022761
v 0.222014 -0.290680 0.022735
v 0.216009 -0.287209 0.023266
v 0.215532 -0.287666 0.023334
v 0.215055 -0.288123 0.023392
v 0.214576 -0.288581 0.023437
v 0.214097 -0.289040 0.023469
v 0.181574 -0.246413 0.024273
v 0.190980 -0.255849 0.023562
v 0.185857 -0.251533 0.024115
v 0.180657 -0.247291 0.024731
v 0.190173 -0.256622 0.023936
v 0.184996 -0.252358 0.024526
v 0.179734 -0.248175 0.025170
v 0.189362 -0.257398 0.024297
v 0.184129 -0.253187 0.024920
v 0.195305 -0.260929 0.023445
v 0.199686 -0.265955 0.023317
v 0.194549 -0.261652 0.023772
v 0.198982 -0.266629 0.023593
v 0.193791 -0.262379 0.024085
v 0.198276 -0.267305 0.023857
v 0.200046 -0.265610 0.024451
v 0.194957 -0.261262 0.024943
v 0.199331 -0.266295 0.024666
v 0.198613 -0.266983 0.024858
v 0.188547 -0.258178 0.024640
v 0.193029 -0.263108 0.024383
v 0.187727 -0.258963 0.024959
v 0.197566 -0.267985 0.024105
v 0.192262 -0.263842 0.024658
v 0.196853 -0.268667 0.024333
v 0.191493 -0.264578 0.024917
v 0.196138 -0.269352 0.024545
v 0.190639 -0.256176 0.025211
v 0.181225 -0.246747 0.026123
v 0.185505 -0.251870 0.025810
v 0.189810 -0.256969 0.025485
v 0.184614 -0.252723 0.026080
v 0.188975 -0.257769 0.025714
v 0.180275 -0.247657 0.026427
v 0.179319 -0.248572 0.026698
v 0.178805 -0.249064 0.025582
v 0.183258 -0.254022 0.025289
v 0.182382 -0.254861 0.025639
v 0.177872 -0.249958 0.025975
v 0.174970 -0.243515 0.027092
v 0.183719 -0.253580 0.026319
v 0.188136 -0.258572 0.025915
v 0.182821 -0.254440 0.026530
v 0.187294 -0.259378 0.026089
v 0.178359 -0.249491 0.026939
v 0.181918 -0.255305 0.026704
v 0.186448 -0.260188 0.026229
v 0.194184 -0.262002 0.025178
v 0.193404 -0.262748 0.025371
v 0.197889 -0.267675 0.025012
v 0.192622 -0.263498 0.025538
v 0.186904 -0.259751 0.025262
v 0.191837 -0.264249 0.025679
v 0.197164 -0.268370 0.025140
v 0.196436 -0.269067 0.025246
v 0.195706 -0.269765 0.025323
v 0.191049 -0.265003 0.025790
v 0.190721 -0.265318 0.025159
v 0.195420 -0.270040 0.024742
v 0.181502 -0.255703 0.025970
v 0.176934 -0.250856 0.026347
v 0.171412 -0.246922 0.027132
v 0.175992 -0.251758 0.026696
v 0.186078 -0.260543 0.025546
v 0.180618 -0.256549 0.026278
v 0.177395 -0.250415 0.027141
v 0.181012 -0.256173 0.026841
v 0.185600 -0.261000 0.026334
v 0.185248 -0.261338 0.025809
v 0.179730 -0.257399 0.026564
v 0.175045 -0.252665 0.027020
v 0.180103 -0.257042 0.026948
v 0.184750 -0.261814 0.026411
v 0.178839 -0.258253 0.026829
v 0.174094 -0.253575 0.027322
v 0.184414 -0.262136 0.026050
v 0.179193 -0.257913 0.027023
v 0.183899 -0.262629 0.026458
v 0.183578 -0.262937 0.026272
v 0.178282 -0.258786 0.027063
v 0.183048 -0.263444 0.026473
v 0.189946 -0.266060 0.025381
v 0.194699 -0.270730 0.024920
v 0.194975 -0.270465 0.025370
v 0.190260 -0.265759 0.025868
v 0.189168 -0.266805 0.025583
v 0.193977 -0.271421 0.025079
v 0.194244 -0.271166 0.025393
v 0.189469 -0.266516 0.025920
v 0.193512 -0.271866 0.025391
v 0.188678 -0.267274 0.025944
v 0.188387 -0.267553 0.025766
v 0.193252 -0.272115 0.025220
v 0.192781 -0.272567 0.025361
v 0.187886 -0.268032 0.025938
v 0.204133 -0.270918 0.023201
v 0.203482 -0.271542 0.023431
v 0.202828 -0.272167 0.023651
v 0.209488 -0.275011 0.023849
v 0.213962 -0.279949 0.023675
v 0.208885 -0.275589 0.024001
v 0.213413 -0.280474 0.023789
v 0.208037 -0.276401 0.023247
v 0.207436 -0.276977 0.023417
v 0.204438 -0.270626 0.024231
v 0.203778 -0.271258 0.024406
v 0.203115 -0.271892 0.024560
v 0.208279 -0.276169 0.024131
v 0.207670 -0.276752 0.024241
v 0.212863 -0.281001 0.023883
v 0.212311 -0.281530 0.023959
v 0.202173 -0.272795 0.023856
v 0.212120 -0.281712 0.023221
v 0.206833 -0.277554 0.023573
v 0.201514 -0.273425 0.024041
v 0.211572 -0.282237 0.023337
v 0.206227 -0.278134 0.023711
v 0.205620 -0.278715 0.023836
v 0.200854 -0.274057 0.024213
v 0.211022 -0.282764 0.023437
v 0.210471 -0.283291 0.023524
v 0.205012 -0.279297 0.023947
v 0.202449 -0.272530 0.024680
v 0.201781 -0.273170 0.024776
v 0.201111 -0.273812 0.024851
v 0.207059 -0.277337 0.024321
v 0.211757 -0.282060 0.024007
v 0.206447 -0.277923 0.024378
v 0.211203 -0.282590 0.024035
v 0.200192 -0.274692 0.024369
v 0.205835 -0.278510 0.024417
v 0.210648 -0.283121 0.024046
v 0.205221 -0.279097 0.024433
v 0.210094 -0.283652 0.024037
v 0.200440 -0.274454 0.024901
v 0.218546 -0.284780 0.023492
v 0.218071 -0.285235 0.023584
v 0.217595 -0.285691 0.023659
v 0.217117 -0.286149 0.023719
v 0.216638 -0.286607 0.023754
v 0.216159 -0.287066 0.023773
v 0.215679 -0.287525 0.023777
v 0.215200 -0.287984 0.023763
v 0.209919 -0.283820 0.023599
v 0.209366 -0.284349 0.023660
v 0.214721 -0.288443 0.023729
v 0.209540 -0.284183 0.024004
v 0.214243 -0.288901 0.023679
v 0.213618 -0.289499 0.023490
v 0.213765 -0.289358 0.023614
v 0.213290 -0.289813 0.023530
v 0.204402 -0.279881 0.024043
v 0.203792 -0.280466 0.024122
v 0.199527 -0.275328 0.024509
v 0.198861 -0.275966 0.024631
v 0.198193 -0.276605 0.024737
v 0.204608 -0.279684 0.024422
v 0.203994 -0.280272 0.024392
v 0.208986 -0.284713 0.023953
v 0.199768 -0.275097 0.024922
v 0.199096 -0.275741 0.024922
v 0.203180 -0.281052 0.024186
v 0.208812 -0.284879 0.023707
v 0.203382 -0.280858 0.024341
v 0.208434 -0.285242 0.023883
v 0.208258 -0.285410 0.023739
v 0.202771 -0.281443 0.024266
v 0.207883 -0.285769 0.023793
v 0.198424 -0.276384 0.024898
v 0.197753 -0.277027 0.024849
v 0.151620 -0.210547 0.027719
v 0.156377 -0.215213 0.027900
v 0.150387 -0.211727 0.028065
v 0.149149 -0.212913 0.028371
v 0.155056 -0.216478 0.028369
v 0.153728 -0.217750 0.028794
v 0.161596 -0.219437 0.027315
v 0.160311 -0.220667 0.027871
v 0.164471 -0.225906 0.027473
v 0.163253 -0.227071 0.027917
v 0.159010 -0.221913 0.028352
v 0.147904 -0.214105 0.028624
v 0.146655 -0.215301 0.028825
v 0.151598 -0.219789 0.027700
v 0.152392 -0.219028 0.029175
v 0.151049 -0.220315 0.029499
v 0.146015 -0.215914 0.027938
v 0.144798 -0.217079 0.028382
v 0.150303 -0.221029 0.028289
v 0.145402 -0.216501 0.028982
v 0.144147 -0.217703 0.029095
v 0.149000 -0.222277 0.028847
v 0.149699 -0.221607 0.029768
v 0.143577 -0.218248 0.028798
v 0.142889 -0.218906 0.029157
v 0.147690 -0.223531 0.029373
v 0.148345 -0.222904 0.029989
v 0.146987 -0.224204 0.030162
v 0.146374 -0.224791 0.029868
v 0.145626 -0.225508 0.030281
v 0.157701 -0.223166 0.028789
v 0.162029 -0.228243 0.028319
v 0.160798 -0.229422 0.028681
v 0.155606 -0.225172 0.027762
v 0.154331 -0.226394 0.028356
v 0.158892 -0.231247 0.027918
v 0.167467 -0.232258 0.027508
v 0.166314 -0.233361 0.027873
v 0.170625 -0.238455 0.027478
v 0.163381 -0.236169 0.027484
v 0.173949 -0.244493 0.027364
v 0.169536 -0.239498 0.027778
v 0.172922 -0.245477 0.027595
v 0.168440 -0.240546 0.028034
v 0.165156 -0.234470 0.028201
v 0.163991 -0.235585 0.028482
v 0.159560 -0.230608 0.028991
v 0.156386 -0.224426 0.029183
v 0.155062 -0.225693 0.029521
v 0.153731 -0.226968 0.029805
v 0.158315 -0.231799 0.029251
v 0.153047 -0.227622 0.028920
v 0.157690 -0.232398 0.028435
v 0.162249 -0.237254 0.027954
v 0.166816 -0.242102 0.027539
v 0.171890 -0.246464 0.027784
v 0.165744 -0.243128 0.027942
v 0.170405 -0.247886 0.027497
v 0.162821 -0.236706 0.028713
v 0.167340 -0.241600 0.028243
v 0.161110 -0.238344 0.028396
v 0.156481 -0.233555 0.028922
v 0.161647 -0.237830 0.028905
v 0.166237 -0.242656 0.028416
v 0.170856 -0.247455 0.027937
v 0.164668 -0.244159 0.028320
v 0.169395 -0.248854 0.027839
v 0.159967 -0.239439 0.028810
v 0.155267 -0.234718 0.029380
v 0.160470 -0.238957 0.029055
v 0.165130 -0.243716 0.028549
v 0.159290 -0.240087 0.029159
v 0.169819 -0.248447 0.028054
v 0.168780 -0.249442 0.028131
v 0.164022 -0.244777 0.028640
v 0.151757 -0.228858 0.029452
v 0.157066 -0.232995 0.029467
v 0.152396 -0.228246 0.030042
v 0.151057 -0.229528 0.030232
v 0.150460 -0.230099 0.029954
v 0.155814 -0.234194 0.029639
v 0.154559 -0.235396 0.029762
v 0.149714 -0.230814 0.030369
v 0.176426 -0.251342 0.027303
v 0.175455 -0.252272 0.027432
v 0.174482 -0.253203 0.027527
v 0.173508 -0.254137 0.027584
v 0.064752 -0.073708 0.023469
v 0.056463 -0.072424 0.022714
v 0.056601 -0.072291 0.022721
v 0.064273 -0.074166 0.023437
v 0.056325 -0.072556 0.022703
v 0.063795 -0.074624 0.023392
v 0.056187 -0.072688 0.022688
v 0.056049 -0.072820 0.022670
v 0.063317 -0.075082 0.023334
v 0.056835 -0.072067 0.022735
v 0.056739 -0.072159 0.022725
v 0.055620 -0.073230 0.022634
v 0.056698 -0.072199 0.022761
v 0.056560 -0.072330 0.022781
v 0.056422 -0.072462 0.022796
v 0.062840 -0.075539 0.023266
v 0.055912 -0.072951 0.022649
v 0.062364 -0.075994 0.023187
v 0.055775 -0.073083 0.022624
v 0.061889 -0.076449 0.023094
v 0.055638 -0.073214 0.022596
v 0.061415 -0.076903 0.022990
v 0.055501 -0.073344 0.022565
v 0.060943 -0.077355 0.022878
v 0.054958 -0.073864 0.022418
v 0.054823 -0.073994 0.022378
v 0.054688 -0.074123 0.022340
v 0.055094 -0.073734 0.022457
v 0.059532 -0.078706 0.022487
v 0.055365 -0.073475 0.022531
v 0.056284 -0.072594 0.022808
v 0.056146 -0.072727 0.022813
v 0.056008 -0.072859 0.022813
v 0.055870 -0.072991 0.022809
v 0.055732 -0.073124 0.022800
v 0.055594 -0.073256 0.022785
v 0.055229 -0.073605 0.022495
v 0.055456 -0.073387 0.022764
v 0.055319 -0.073519 0.022739
v 0.055183 -0.073649 0.022706
v 0.054649 -0.074160 0.022508
v 0.054780 -0.074035 0.022570
v 0.055048 -0.073779 0.022668
v 0.054913 -0.073907 0.022623
v 0.060471 -0.077807 0.022755
v 0.060001 -0.078257 0.022623
v 0.059832 -0.078419 0.023372
v 0.059363 -0.078868 0.023232
v 0.065637 -0.082082 0.022955
v 0.066182 -0.081559 0.023093
v 0.070213 -0.086921 0.023068
v 0.065093 -0.082603 0.022806
v 0.064550 -0.083122 0.022646
v 0.064008 -0.083641 0.022480
v 0.069615 -0.087493 0.022875
v 0.069020 -0.088064 0.022672
v 0.074068 -0.092450 0.022956
v 0.073422 -0.093069 0.022700
v 0.078462 -0.097464 0.023026
v 0.077764 -0.098133 0.022723
v 0.082793 -0.102539 0.023103
v 0.065560 -0.072934 0.023530
v 0.070966 -0.076979 0.023793
v 0.065232 -0.073249 0.023490
v 0.070591 -0.077338 0.023739
v 0.070415 -0.077506 0.023883
v 0.076079 -0.081305 0.024266
v 0.075670 -0.081696 0.024186
v 0.070037 -0.077868 0.023707
v 0.065084 -0.073390 0.023614
v 0.069863 -0.078035 0.023953
v 0.069483 -0.078399 0.023660
v 0.064607 -0.073847 0.023679
v 0.064129 -0.074305 0.023729
v 0.069310 -0.078565 0.024004
v 0.075058 -0.082282 0.024122
v 0.074447 -0.082867 0.024043
v 0.068930 -0.078928 0.023599
v 0.075467 -0.081890 0.024341
v 0.074855 -0.082476 0.024392
v 0.074242 -0.083063 0.024422
v 0.081096 -0.085721 0.024849
v 0.080656 -0.086143 0.024737
v 0.080425 -0.086364 0.024898
v 0.073837 -0.083451 0.023947
v 0.079988 -0.086782 0.024631
v 0.079322 -0.087420 0.024509
v 0.079753 -0.087007 0.024922
v 0.073628 -0.083651 0.024433
v 0.078658 -0.088056 0.024369
v 0.073229 -0.084033 0.023836
v 0.079081 -0.087650 0.024922
v 0.078410 -0.088294 0.024901
v 0.085597 -0.090632 0.025220
v 0.084873 -0.091326 0.025079
v 0.084150 -0.092018 0.024920
v 0.083430 -0.092708 0.024742
v 0.077995 -0.088690 0.024213
v 0.082712 -0.093395 0.024545
v 0.086069 -0.090181 0.025361
v 0.085337 -0.090881 0.025391
v 0.084606 -0.091582 0.025393
v 0.083874 -0.092282 0.025370
v 0.083143 -0.092982 0.025323
v 0.082413 -0.093681 0.025246
v 0.063650 -0.074763 0.023763
v 0.063170 -0.075222 0.023777
v 0.062691 -0.075681 0.023773
v 0.068378 -0.079456 0.023524
v 0.067827 -0.079984 0.023437
v 0.068756 -0.079095 0.024037
v 0.068201 -0.079626 0.024046
v 0.067646 -0.080157 0.024035
v 0.067277 -0.080511 0.023337
v 0.066729 -0.081036 0.023221
v 0.072017 -0.085194 0.023573
v 0.067092 -0.080688 0.024007
v 0.062211 -0.076140 0.023754
v 0.066539 -0.081218 0.023959
v 0.072622 -0.084614 0.023711
v 0.073015 -0.084238 0.024417
v 0.072402 -0.084825 0.024378
v 0.071790 -0.085411 0.024321
v 0.071179 -0.085996 0.024241
v 0.061732 -0.076599 0.023719
v 0.061255 -0.077056 0.023659
v 0.060778 -0.077512 0.023584
v 0.060303 -0.077967 0.023492
v 0.071414 -0.085771 0.023417
v 0.070812 -0.086347 0.023247
v 0.065987 -0.081746 0.023883
v 0.065436 -0.082273 0.023789
v 0.069965 -0.087159 0.024001
v 0.064343 -0.083320 0.023529
v 0.064888 -0.082799 0.023675
v 0.069361 -0.087737 0.023849
v 0.068763 -0.088309 0.023660
v 0.070571 -0.086578 0.024131
v 0.077335 -0.089323 0.024041
v 0.076676 -0.089953 0.023856
v 0.076021 -0.090581 0.023651
v 0.081283 -0.094763 0.024105
v 0.080574 -0.095442 0.023857
v 0.077738 -0.088936 0.024851
v 0.077069 -0.089577 0.024776
v 0.075734 -0.090855 0.024560
v 0.076400 -0.090217 0.024680
v 0.081996 -0.094080 0.024333
v 0.081686 -0.094378 0.025140
v 0.080960 -0.095073 0.025012
v 0.080237 -0.095765 0.024858
v 0.075368 -0.091206 0.023431
v 0.074717 -0.091829 0.023201
v 0.073106 -0.093372 0.023791
v 0.073755 -0.092750 0.024031
v 0.079867 -0.096119 0.023593
v 0.079163 -0.096793 0.023317
v 0.075071 -0.091490 0.024406
v 0.074411 -0.092122 0.024231
v 0.079518 -0.096453 0.024666
v 0.078803 -0.097138 0.024451
v 0.078092 -0.097818 0.024210
v 0.088128 -0.097430 0.025159
v 0.087356 -0.098169 0.024917
v 0.090462 -0.095195 0.025766
v 0.090963 -0.094715 0.025938
v 0.090172 -0.095473 0.025944
v 0.089682 -0.095943 0.025583
v 0.095272 -0.099811 0.026272
v 0.095802 -0.099304 0.026473
v 0.094950 -0.100119 0.026458
v 0.094435 -0.100612 0.026050
v 0.094099 -0.100934 0.026411
v 0.100010 -0.104495 0.026829
v 0.100567 -0.103962 0.027063
v 0.099656 -0.104834 0.027023
v 0.088904 -0.096688 0.025381
v 0.089380 -0.096231 0.025920
v 0.088590 -0.096988 0.025868
v 0.093602 -0.101410 0.025809
v 0.092772 -0.102205 0.025546
v 0.087800 -0.097744 0.025790
v 0.087012 -0.098499 0.025679
v 0.098231 -0.106199 0.026278
v 0.091945 -0.102996 0.025262
v 0.097347 -0.107045 0.025970
v 0.093249 -0.101748 0.026334
v 0.092401 -0.102560 0.026229
v 0.099119 -0.105348 0.026564
v 0.098746 -0.105705 0.026948
v 0.097838 -0.106575 0.026841
v 0.091556 -0.103369 0.026089
v 0.096932 -0.107443 0.026704
v 0.104756 -0.109172 0.027322
v 0.096468 -0.107887 0.025639
v 0.102858 -0.110989 0.026696
v 0.103805 -0.110083 0.027020
v 0.101915 -0.111892 0.026347
v 0.100978 -0.112790 0.025975
v 0.101454 -0.112333 0.027141
v 0.107438 -0.115825 0.027132
v 0.106436 -0.116784 0.026741
v 0.086587 -0.098906 0.024658
v 0.091122 -0.103785 0.024959
v 0.085821 -0.099639 0.024383
v 0.085059 -0.100369 0.024085
v 0.090302 -0.104569 0.024640
v 0.089488 -0.105350 0.024297
v 0.094720 -0.109561 0.024920
v 0.084300 -0.101095 0.023772
v 0.083545 -0.101819 0.023445
v 0.088677 -0.106126 0.023936
v 0.087869 -0.106899 0.023562
v 0.087066 -0.107668 0.023171
v 0.092992 -0.111215 0.024115
v 0.092134 -0.112036 0.023689
v 0.083892 -0.101486 0.024943
v 0.082360 -0.102954 0.024396
v 0.083123 -0.102222 0.024684
v 0.087388 -0.107360 0.024910
v 0.093854 -0.110390 0.024526
v 0.086570 -0.108143 0.024579
v 0.099115 -0.114573 0.025170
v 0.097275 -0.116335 0.024273
v 0.096361 -0.117210 0.023800
v 0.098193 -0.115456 0.024731
v 0.102483 -0.120569 0.024943
v 0.101510 -0.121501 0.024437
v 0.086227 -0.099250 0.025538
v 0.090713 -0.104176 0.025915
v 0.085445 -0.099999 0.025371
v 0.084666 -0.100745 0.025178
v 0.089874 -0.104979 0.025714
v 0.095592 -0.108726 0.025289
v 0.089039 -0.105779 0.025485
v 0.094235 -0.110025 0.026080
v 0.096029 -0.108307 0.026530
v 0.095130 -0.109168 0.026319
v 0.088211 -0.106572 0.025211
v 0.093345 -0.110877 0.025810
v 0.092463 -0.111722 0.025492
v 0.091586 -0.112561 0.025145
v 0.100044 -0.113683 0.025582
v 0.104449 -0.118687 0.025887
v 0.103463 -0.119631 0.025430
v 0.100490 -0.113257 0.026939
v 0.099530 -0.114176 0.026698
v 0.098575 -0.115091 0.026427
v 0.105440 -0.117738 0.026325
v 0.102863 -0.120206 0.026786
v 0.103879 -0.119232 0.027092
v 0.096683 -0.116902 0.025767
v 0.097624 -0.116001 0.026123
v 0.095749 -0.117796 0.025380
v 0.101852 -0.121174 0.026446
v 0.100852 -0.122131 0.026050
v 0.061839 -0.085718 0.021838
v 0.057187 -0.080951 0.021983
v 0.057653 -0.080505 0.021953
v 0.062385 -0.085195 0.021974
v 0.066643 -0.090339 0.021825
v 0.054551 -0.074254 0.022308
v 0.054417 -0.074383 0.022317
v 0.054523 -0.074281 0.022431
v 0.059063 -0.079155 0.022346
v 0.058595 -0.079603 0.022203
v 0.058125 -0.080053 0.022066
v 0.057549 -0.080604 0.022388
v 0.058438 -0.079753 0.022883
v 0.058898 -0.079313 0.023071
v 0.057986 -0.080186 0.022660
v 0.063467 -0.084159 0.022310
v 0.062927 -0.084676 0.022139
v 0.068425 -0.088633 0.022462
v 0.067831 -0.089201 0.022248
v 0.062736 -0.084859 0.022940
v 0.061713 -0.085839 0.022350
v 0.067238 -0.089770 0.022032
v 0.062215 -0.085357 0.022674
v 0.066433 -0.090540 0.022607
v 0.061301 -0.086233 0.021872
v 0.066042 -0.090914 0.021650
v 0.065447 -0.091485 0.021669
v 0.065886 -0.091064 0.022222
v 0.071490 -0.094919 0.021903
v 0.070845 -0.095537 0.021645
v 0.075676 -0.100132 0.021785
v 0.076371 -0.099466 0.022099
v 0.072778 -0.093686 0.022438
v 0.072134 -0.094303 0.022171
v 0.067001 -0.089997 0.022929
v 0.070587 -0.095784 0.022507
v 0.071199 -0.095198 0.022892
v 0.077067 -0.098800 0.022414
v 0.070192 -0.096162 0.021423
v 0.069540 -0.096786 0.021418
v 0.070001 -0.096345 0.022053
v 0.074271 -0.101477 0.021219
v 0.074978 -0.100801 0.021482
v 0.073562 -0.102157 0.021198
v 0.074046 -0.101692 0.021912
v 0.074674 -0.101091 0.022431
v 0.075332 -0.100461 0.022874
v 0.078295 -0.106845 0.020991
v 0.082259 -0.112271 0.020777
v 0.077529 -0.107579 0.020949
v 0.083072 -0.111492 0.021126
v 0.087039 -0.116915 0.020937
v 0.080550 -0.104686 0.022019
v 0.079804 -0.105400 0.021652
v 0.082044 -0.103256 0.022748
v 0.081296 -0.103972 0.022386
v 0.086266 -0.108435 0.022768
v 0.085467 -0.109199 0.022357
v 0.084670 -0.109962 0.021941
v 0.089583 -0.114479 0.022324
v 0.090431 -0.113667 0.022788
v 0.079055 -0.106118 0.021299
v 0.083873 -0.110725 0.021526
v 0.078033 -0.107096 0.021746
v 0.081960 -0.112557 0.021596
v 0.078700 -0.106457 0.022334
v 0.088737 -0.115289 0.021855
v 0.087890 -0.116100 0.021387
v 0.079402 -0.105785 0.022841
v 0.082667 -0.111880 0.022251
v 0.086578 -0.117356 0.022152
v 0.083414 -0.111165 0.022819
v 0.087368 -0.116600 0.022784
v 0.084183 -0.110428 0.023323
v 0.091281 -0.112854 0.023245
v 0.094548 -0.118946 0.022804
v 0.093645 -0.119811 0.022291
v 0.095452 -0.118080 0.023309
v 0.098616 -0.124272 0.022818
v 0.092744 -0.120673 0.021774
v 0.091842 -0.121537 0.021259
v 0.096702 -0.126105 0.021687
v 0.095745 -0.127021 0.021123
v 0.097658 -0.125189 0.022255
v 0.091258 -0.122096 0.022772
v 0.088183 -0.115820 0.023349
v 0.081435 -0.113059 0.020719
v 0.086173 -0.117744 0.020542
v 0.085293 -0.118587 0.020466
v 0.090935 -0.122406 0.020763
v 0.090011 -0.123290 0.020329
v 0.089070 -0.124191 0.020241
v 0.085834 -0.118069 0.021425
v 0.089633 -0.123652 0.021284
v 0.094781 -0.127944 0.020581
v 0.093800 -0.128884 0.020105
v 0.092797 -0.129844 0.020006
v 0.093380 -0.129285 0.021134
v 0.090421 -0.122898 0.022079
v 0.094210 -0.128490 0.022001
v 0.092124 -0.121267 0.023393
v 0.095096 -0.127643 0.022757
v 0.063802 -0.083838 0.023360
v 0.063266 -0.084352 0.023166
v 0.068169 -0.088878 0.023446
v 0.067581 -0.089441 0.023205
v 0.071825 -0.094598 0.023228
v 0.072462 -0.093988 0.023525
v 0.077390 -0.098491 0.023925
v 0.076695 -0.099156 0.023611
v 0.076008 -0.099814 0.023263
v 0.080860 -0.104389 0.023693
v 0.081606 -0.103675 0.024060
v 0.080124 -0.105094 0.023290
v 0.084968 -0.109677 0.023779
v 0.089015 -0.115023 0.023862
v 0.085765 -0.108914 0.024196
v 0.090717 -0.113394 0.024767
v 0.089861 -0.114213 0.024332
v 0.100540 -0.122430 0.023915
v 0.099576 -0.123353 0.023374
v 0.093910 -0.119557 0.024478
v 0.094822 -0.118684 0.024959
v 0.097906 -0.124951 0.024627
v 0.098874 -0.124025 0.025157
v 0.093010 -0.120419 0.023959
v 0.096013 -0.126765 0.023437
v 0.096952 -0.125866 0.024056
v 0.099859 -0.123082 0.025621
v 0.110967 -0.121667 0.027109
v 0.105723 -0.126688 0.024590
v 0.106759 -0.125696 0.025142
v 0.111000 -0.130856 0.025343
v 0.109900 -0.131910 0.024744
v 0.108851 -0.123693 0.026173
v 0.107801 -0.124698 0.025673
v 0.109907 -0.122682 0.026653
v 0.114342 -0.127657 0.026987
v 0.113221 -0.128729 0.026464
v 0.112106 -0.129797 0.025920
v 0.117574 -0.133783 0.026799
v 0.118762 -0.132645 0.027372
v 0.116391 -0.134916 0.026204
v 0.115217 -0.136039 0.025574
v 0.106063 -0.126362 0.026770
v 0.107141 -0.125330 0.027143
v 0.104998 -0.127382 0.026338
v 0.121974 -0.138791 0.027139
v 0.120711 -0.140000 0.026492
v 0.119459 -0.141199 0.025808
v 0.125962 -0.144193 0.027083
v 0.124680 -0.145421 0.026440
v 0.138718 -0.159643 0.025759
v 0.136195 -0.152837 0.026988
v 0.137251 -0.151826 0.027295
v 0.135142 -0.153845 0.026657
v 0.137870 -0.160455 0.025560
v 0.137024 -0.161264 0.025343
v 0.130420 -0.149146 0.026960
v 0.129221 -0.150294 0.026431
v 0.131624 -0.147993 0.027463
v 0.134094 -0.154849 0.026300
v 0.128028 -0.151436 0.025879
v 0.133051 -0.155848 0.025919
v 0.139187 -0.159193 0.025958
v 0.137841 -0.151262 0.027576
v 0.138328 -0.160016 0.026010
v 0.136761 -0.152295 0.027578
v 0.137468 -0.160839 0.026029
v 0.135682 -0.153328 0.027538
v 0.136608 -0.161662 0.026016
v 0.101624 -0.130613 0.022218
v 0.100607 -0.131587 0.021602
v 0.102643 -0.129637 0.022829
v 0.106631 -0.135040 0.022838
v 0.105549 -0.136075 0.022178
v 0.110584 -0.140475 0.022849
v 0.109437 -0.141574 0.022132
v 0.099587 -0.132563 0.020991
v 0.098561 -0.133546 0.020404
v 0.103386 -0.138147 0.020855
v 0.108291 -0.142671 0.021412
v 0.107143 -0.143771 0.020699
v 0.097515 -0.134548 0.019891
v 0.096445 -0.135572 0.019788
v 0.101183 -0.140256 0.019672
v 0.102296 -0.139191 0.020223
v 0.100045 -0.141346 0.019565
v 0.105985 -0.144879 0.020015
v 0.104803 -0.146011 0.019420
v 0.097054 -0.134989 0.021004
v 0.100679 -0.140739 0.020872
v 0.109602 -0.150637 0.019800
v 0.110839 -0.149452 0.020536
v 0.112066 -0.148278 0.021305
v 0.114644 -0.155031 0.020524
v 0.115891 -0.153836 0.021286
v 0.104469 -0.137110 0.021513
v 0.097933 -0.134147 0.021942
v 0.098872 -0.133248 0.022761
v 0.104249 -0.146541 0.020712
v 0.101607 -0.139850 0.021883
v 0.105228 -0.145604 0.021804
v 0.102602 -0.138897 0.022767
v 0.106280 -0.144597 0.022760
v 0.113289 -0.147106 0.022082
v 0.117136 -0.152644 0.022058
v 0.114514 -0.145934 0.022857
v 0.118381 -0.151452 0.022828
v 0.108773 -0.151431 0.021741
v 0.109893 -0.150358 0.022774
v 0.119837 -0.159279 0.021409
v 0.118673 -0.160394 0.020748
v 0.122159 -0.157055 0.022748
v 0.120998 -0.158168 0.022080
v 0.125877 -0.162717 0.022653
v 0.126889 -0.161748 0.023171
v 0.130373 -0.167633 0.022932
v 0.124866 -0.163685 0.022129
v 0.123855 -0.164653 0.021605
v 0.128737 -0.169199 0.022193
v 0.127920 -0.169981 0.021822
v 0.129555 -0.168416 0.022564
v 0.132616 -0.174706 0.022249
v 0.104691 -0.127677 0.024022
v 0.103665 -0.128659 0.023433
v 0.108804 -0.132959 0.024128
v 0.107715 -0.134002 0.023491
v 0.112889 -0.138269 0.024251
v 0.114050 -0.137157 0.024921
v 0.111734 -0.139374 0.023558
v 0.101861 -0.130386 0.024790
v 0.100845 -0.131358 0.024170
v 0.104695 -0.136894 0.024287
v 0.105773 -0.135861 0.024957
v 0.118213 -0.142392 0.025101
v 0.116974 -0.143579 0.024374
v 0.122142 -0.147851 0.025058
v 0.115741 -0.144759 0.023624
v 0.119629 -0.150257 0.023590
v 0.120882 -0.149058 0.024336
v 0.103940 -0.128395 0.025871
v 0.102891 -0.129400 0.025365
v 0.109105 -0.132671 0.026634
v 0.107981 -0.133747 0.026127
v 0.110237 -0.131587 0.027103
v 0.113176 -0.137994 0.026960
v 0.111983 -0.139136 0.026407
v 0.106867 -0.134814 0.025580
v 0.110800 -0.140269 0.025812
v 0.109640 -0.141379 0.025135
v 0.123407 -0.146639 0.025761
v 0.115979 -0.144531 0.026717
v 0.114716 -0.145741 0.026072
v 0.118587 -0.151254 0.026127
v 0.119871 -0.150025 0.026763
v 0.099847 -0.132314 0.023498
v 0.103635 -0.137908 0.023562
v 0.107374 -0.143549 0.023621
v 0.108497 -0.142474 0.024408
v 0.112257 -0.148095 0.024555
v 0.116088 -0.153648 0.024620
v 0.113477 -0.146926 0.025341
v 0.111059 -0.149241 0.023704
v 0.113683 -0.155950 0.022842
v 0.114870 -0.154814 0.023772
v 0.117328 -0.152460 0.025401
v 0.124491 -0.154823 0.024059
v 0.123323 -0.155941 0.023411
v 0.125665 -0.153699 0.024685
v 0.126843 -0.152570 0.025293
v 0.129949 -0.158818 0.024637
v 0.128925 -0.159799 0.024165
v 0.130977 -0.157833 0.025091
v 0.133672 -0.164474 0.024278
v 0.134506 -0.163676 0.024570
v 0.127904 -0.160775 0.023678
v 0.132843 -0.165268 0.023963
v 0.138038 -0.169515 0.024365
v 0.135342 -0.162875 0.024846
v 0.136182 -0.162071 0.025104
v 0.139267 -0.168338 0.024697
v 0.138651 -0.168928 0.024538
v 0.139884 -0.167747 0.024842
v 0.140221 -0.167424 0.024987
v 0.137426 -0.170100 0.024177
v 0.132012 -0.156843 0.025515
v 0.134605 -0.154360 0.027459
v 0.135749 -0.162485 0.025974
v 0.133529 -0.155390 0.027342
v 0.132456 -0.156417 0.027180
v 0.134891 -0.163307 0.025895
v 0.134035 -0.164126 0.025780
v 0.131387 -0.157441 0.026973
v 0.123585 -0.155690 0.026370
v 0.121167 -0.148785 0.027353
v 0.124790 -0.154537 0.026871
v 0.126003 -0.153375 0.027331
v 0.128211 -0.160482 0.026110
v 0.133182 -0.164944 0.025636
v 0.130322 -0.158460 0.026730
v 0.129262 -0.159475 0.026451
v 0.132331 -0.165758 0.025463
v 0.139596 -0.168023 0.025028
v 0.138970 -0.168622 0.025044
v 0.138344 -0.169222 0.025038
v 0.137718 -0.169821 0.025009
v 0.132017 -0.166059 0.023632
v 0.131193 -0.166848 0.023289
v 0.120059 -0.159066 0.024518
v 0.124103 -0.164416 0.024296
v 0.121216 -0.157958 0.025199
v 0.118922 -0.160155 0.023775
v 0.123111 -0.165365 0.023707
v 0.125110 -0.163451 0.024831
v 0.128987 -0.168960 0.024363
v 0.126130 -0.162474 0.025319
v 0.129810 -0.168172 0.024705
v 0.128172 -0.169740 0.023983
v 0.131486 -0.166567 0.025240
v 0.130646 -0.167372 0.024988
v 0.122390 -0.156835 0.025827
v 0.127167 -0.161481 0.025733
v 0.105342 -0.108611 0.027584
v 0.104367 -0.109544 0.027527
v 0.103394 -0.110476 0.027432
v 0.110069 -0.113306 0.028131
v 0.109455 -0.113894 0.027839
v 0.109030 -0.114300 0.028054
v 0.107993 -0.115293 0.027937
v 0.108444 -0.114862 0.027497
v 0.102423 -0.111406 0.027303
v 0.106959 -0.116284 0.027784
v 0.105928 -0.117271 0.027595
v 0.104901 -0.118254 0.027364
v 0.114182 -0.118589 0.028320
v 0.114828 -0.117971 0.028640
v 0.113719 -0.119032 0.028549
v 0.119560 -0.122661 0.029159
v 0.112613 -0.120091 0.028416
v 0.113105 -0.119620 0.027942
v 0.118883 -0.123309 0.028810
v 0.118380 -0.123790 0.029055
v 0.117202 -0.124918 0.028905
v 0.117739 -0.124404 0.028396
v 0.123582 -0.128030 0.029380
v 0.112033 -0.120646 0.027539
v 0.115468 -0.126578 0.027484
v 0.110409 -0.122201 0.028034
v 0.116600 -0.125494 0.027954
v 0.111509 -0.121148 0.028243
v 0.116028 -0.126042 0.028713
v 0.114858 -0.127162 0.028482
v 0.122368 -0.129193 0.028922
v 0.121160 -0.130350 0.028435
v 0.119958 -0.131500 0.027918
v 0.119290 -0.132140 0.028991
v 0.125802 -0.135125 0.028920
v 0.124519 -0.136354 0.028356
v 0.129850 -0.140471 0.028847
v 0.128547 -0.141718 0.028289
v 0.124291 -0.127351 0.029762
v 0.123035 -0.128553 0.029639
v 0.121783 -0.129753 0.029467
v 0.120534 -0.130948 0.029251
v 0.129135 -0.131934 0.030369
v 0.128389 -0.132648 0.029954
v 0.126454 -0.134502 0.030042
v 0.127092 -0.133890 0.029452
v 0.132475 -0.137957 0.029868
v 0.131160 -0.139217 0.029373
v 0.127793 -0.133219 0.030232
v 0.133224 -0.137240 0.030281
v 0.131863 -0.138543 0.030162
v 0.130505 -0.139844 0.029989
v 0.125118 -0.135780 0.029805
v 0.123788 -0.137054 0.029521
v 0.129151 -0.141140 0.029768
v 0.109314 -0.123250 0.027778
v 0.108225 -0.124293 0.027478
v 0.112535 -0.129387 0.027873
v 0.113693 -0.128278 0.028201
v 0.118051 -0.133326 0.028681
v 0.116820 -0.134504 0.028319
v 0.111383 -0.130490 0.027508
v 0.115596 -0.135677 0.027917
v 0.114379 -0.136842 0.027473
v 0.123243 -0.137576 0.027762
v 0.127251 -0.142959 0.027700
v 0.121148 -0.139582 0.028789
v 0.119839 -0.140835 0.028352
v 0.118539 -0.142080 0.027871
v 0.123793 -0.146270 0.028369
v 0.125122 -0.144998 0.028794
v 0.122464 -0.138322 0.029183
v 0.127801 -0.142433 0.029499
v 0.126457 -0.143719 0.029175
v 0.135272 -0.144500 0.028798
v 0.134051 -0.145669 0.028382
v 0.135960 -0.143841 0.029157
v 0.132835 -0.146834 0.027938
v 0.134703 -0.145045 0.029095
v 0.133447 -0.146247 0.028982
v 0.132195 -0.147446 0.028825
v 0.130945 -0.148643 0.028624
v 0.129700 -0.149835 0.028371
v 0.128462 -0.151021 0.028065
v 0.117254 -0.143311 0.027315
v 0.122472 -0.147535 0.027900
v 0.127229 -0.152201 0.027719
v 0.103592 -0.147170 0.019306
v 0.108338 -0.151847 0.019161
v 0.107044 -0.153086 0.019046
v 0.113385 -0.156236 0.019797
v 0.112099 -0.157467 0.019171
v 0.107732 -0.152427 0.020561
v 0.111484 -0.158056 0.020619
v 0.110787 -0.158723 0.019085
v 0.112543 -0.157042 0.021806
v 0.117499 -0.161518 0.020122
v 0.116301 -0.162665 0.019593
v 0.122842 -0.165623 0.021090
v 0.121821 -0.166600 0.020606
v 0.120781 -0.167596 0.020208
v 0.126277 -0.171555 0.021122
v 0.115090 -0.163824 0.019571
v 0.119744 -0.168589 0.020253
v 0.115751 -0.163192 0.020969
v 0.125439 -0.172357 0.020856
v 0.120334 -0.168024 0.021429
v 0.124615 -0.173146 0.020949
v 0.127101 -0.170765 0.021459
v 0.116745 -0.162240 0.022034
v 0.121208 -0.167188 0.022304
v 0.117812 -0.161218 0.022954
v 0.122142 -0.166293 0.023050
v 0.125821 -0.171991 0.022523
v 0.126582 -0.171262 0.023077
v 0.125107 -0.172675 0.021864
v 0.132021 -0.175276 0.021980
v 0.131424 -0.175847 0.021718
v 0.130823 -0.176423 0.021475
v 0.130212 -0.177007 0.021286
v 0.129613 -0.177581 0.021361
v 0.129968 -0.177242 0.022030
v 0.127369 -0.170509 0.023558
f 1 2 3
f 4 2 1
f 5 6 7
f 7 8 9
f 5 2 10
f 10 2 4
f 5 7 2
f 9 11 12
f 9 8 13
f 9 13 14
f 9 14 11
f 9 15 16
f 9 12 15
f 9 17 18
f 9 18 19
f 9 19 20
f 9 16 17
f 7 9 2
f 9 20 2
f 1 3 21
f 4 1 22
f 10 4 23
f 5 10 24
f 5 25 26
f 5 27 6
f 7 6 28
f 5 26 29
f 5 29 27
f 7 30 31
f 7 32 30
f 7 33 32
f 7 34 33
f 7 28 34
f 7 31 8
f 25 35 26
f 25 36 37
f 25 37 35
f 25 38 36
f 39 40 38
f 39 41 40
f 39 42 41
f 39 43 42
f 39 44 43
f 39 45 44
f 39 46 45
f 39 47 46
f 48 49 50
f 51 52 47
f 51 53 52
f 51 54 53
f 51 55 56
f 51 56 54
f 51 57 55
f 51 58 57
f 51 59 58
f 51 60 59
f 48 50 60
f 4 22 23
f 1 21 22
f 10 23 24
f 5 24 25
f 25 39 38
f 39 51 47
f 51 48 60
f 23 22 61
f 22 21 62
f 24 23 63
f 22 62 61
f 23 61 63
f 25 24 64
f 25 65 39
f 39 66 51
f 51 67 48
f 24 63 64
f 25 64 65
f 39 65 66
f 61 62 68
f 64 63 68
f 61 68 63
f 51 66 67
f 67 69 48
f 65 64 68
f 65 68 66
f 67 66 68
f 67 68 69
f 2 20 70
f 71 2 70
f 71 70 72
f 71 73 2
f 73 74 2
f 74 75 2
f 75 76 2
f 76 77 2
f 78 72 79
f 71 72 78
f 71 80 73
f 48 81 82
f 48 83 84
f 48 84 85
f 48 85 49
f 48 82 83
f 78 86 87
f 78 87 81
f 78 79 88
f 78 88 86
f 73 89 74
f 74 90 75
f 75 91 76
f 76 92 77
f 48 78 81
f 71 78 80
f 73 80 89
f 74 89 90
f 75 90 91
f 76 91 92
f 92 93 77
f 48 69 78
f 78 94 80
f 80 95 89
f 89 96 90
f 78 69 94
f 80 94 95
f 69 68 94
f 94 68 95
f 95 68 96
f 96 68 97
f 89 95 96
f 90 96 97
f 97 68 98
f 98 68 99
f 99 68 100
f 90 97 91
f 98 92 91
f 92 99 93
f 97 98 91
f 98 99 92
f 99 100 93
f 3 2 101
f 101 2 102
f 102 2 103
f 103 2 104
f 104 2 105
f 105 106 107
f 105 2 106
f 2 108 106
f 3 101 109
f 101 102 110
f 102 103 111
f 103 104 112
f 104 105 113
f 105 107 114
f 114 107 115
f 114 115 116
f 114 116 117
f 114 117 118
f 114 118 119
f 120 119 121
f 120 121 122
f 120 122 123
f 120 123 124
f 120 124 125
f 3 109 21
f 101 110 109
f 102 111 110
f 103 112 111
f 104 113 112
f 105 114 113
f 114 119 120
f 21 109 126
f 109 110 127
f 110 111 128
f 21 126 62
f 109 127 126
f 110 128 127
f 129 111 112
f 130 112 113
f 113 114 131
f 114 120 132
f 128 111 129
f 129 112 130
f 62 126 68
f 126 127 68
f 127 128 68
f 130 113 131
f 114 132 131
f 128 129 68
f 129 130 68
f 130 131 68
f 131 132 68
f 2 133 108
f 2 134 133
f 133 135 108
f 133 136 135
f 133 137 136
f 133 138 137
f 133 139 138
f 133 140 139
f 133 141 140
f 133 142 141
f 133 143 142
f 133 144 143
f 2 145 134
f 2 146 147
f 2 147 145
f 133 134 144
f 134 145 148
f 2 149 146
f 2 77 149
f 134 150 144
f 134 151 152
f 134 152 150
f 134 153 151
f 134 154 153
f 134 155 154
f 134 148 155
f 145 156 148
f 145 157 156
f 145 158 157
f 120 125 159
f 120 159 160
f 161 160 162
f 161 162 163
f 161 163 164
f 161 164 165
f 161 165 166
f 161 166 167
f 161 167 168
f 161 168 169
f 161 169 170
f 171 170 172
f 171 172 173
f 171 173 174
f 171 174 175
f 171 175 176
f 171 176 177
f 178 179 158
f 171 177 180
f 171 180 181
f 178 181 182
f 178 182 183
f 178 183 179
f 147 184 145
f 146 185 147
f 149 186 146
f 77 93 149
f 145 178 158
f 120 160 161
f 161 170 171
f 171 181 178
f 145 184 178
f 147 185 184
f 149 93 186
f 146 186 185
f 120 161 187
f 188 161 171
f 189 171 178
f 190 178 184
f 120 187 132
f 188 187 161
f 68 132 187
f 68 187 188
f 68 188 189
f 68 189 190
f 188 171 189
f 190 189 178
f 191 190 184
f 68 191 192
f 68 190 191
f 68 192 100
f 191 184 185
f 93 100 186
f 186 192 185
f 191 185 192
f 186 100 192
f 193 194 195
f 193 196 197
f 196 198 197
f 193 195 196
f 193 197 199
f 194 200 195
f 196 195 201
f 194 202 200
f 194 203 202
f 195 200 204
f 194 205 203
f 193 205 194
f 193 199 205
f 196 206 198
f 206 207 198
f 195 204 201
f 206 201 208
f 196 201 206
f 206 209 207
f 209 210 207
f 206 208 209
f 202 211 212
f 200 212 213
f 202 214 211
f 202 212 200
f 211 214 215
f 215 107 106
f 215 216 107
f 214 216 215
f 204 213 217
f 200 213 204
f 204 217 218
f 211 108 212
f 211 215 108
f 212 108 213
f 217 219 218
f 213 108 217
f 218 219 220
f 215 106 108
f 216 115 107
f 216 116 115
f 216 221 116
f 221 117 116
f 221 118 117
f 217 108 219
f 219 108 222
f 220 219 222
f 220 222 223
f 202 203 214
f 214 203 224
f 203 225 224
f 205 225 203
f 205 199 226
f 205 226 225
f 214 224 216
f 204 218 201
f 218 208 201
f 218 220 208
f 208 227 209
f 220 227 208
f 216 224 228
f 216 228 221
f 224 229 228
f 224 225 229
f 226 230 225
f 225 230 229
f 197 198 231
f 197 231 232
f 197 232 199
f 231 198 233
f 198 207 233
f 233 207 234
f 231 233 235
f 231 235 236
f 233 234 237
f 233 237 235
f 199 232 238
f 207 210 234
f 231 236 232
f 235 237 239
f 235 239 240
f 237 241 239
f 235 240 236
f 199 238 226
f 232 242 238
f 232 236 242
f 226 238 243
f 226 243 230
f 221 119 118
f 221 244 119
f 244 121 119
f 244 122 121
f 244 245 122
f 245 123 122
f 245 124 123
f 221 228 246
f 221 246 244
f 244 247 245
f 244 246 247
f 228 248 246
f 228 229 248
f 229 230 249
f 229 249 248
f 209 250 210
f 222 108 135
f 222 135 223
f 223 135 136
f 223 136 251
f 251 136 137
f 251 137 138
f 251 138 139
f 251 139 252
f 252 139 140
f 220 223 227
f 227 223 253
f 227 253 250
f 209 227 250
f 250 254 210
f 250 253 255
f 250 255 254
f 254 255 256
f 223 251 253
f 251 257 253
f 253 257 255
f 251 252 257
f 252 258 257
f 257 258 259
f 255 259 256
f 255 257 259
f 259 260 256
f 237 234 261
f 234 210 262
f 210 254 262
f 234 262 261
f 261 262 263
f 262 264 263
f 237 261 241
f 261 265 241
f 239 241 266
f 241 265 267
f 241 267 266
f 266 267 268
f 267 269 268
f 239 270 240
f 261 263 265
f 265 271 272
f 265 263 271
f 239 266 270
f 266 273 270
f 265 272 267
f 266 268 273
f 267 272 269
f 263 274 271
f 272 275 269
f 272 271 276
f 272 276 275
f 276 277 275
f 262 254 264
f 254 256 264
f 238 278 243
f 238 242 278
f 264 256 279
f 263 264 274
f 264 279 274
f 274 279 280
f 256 260 279
f 279 260 281
f 279 281 280
f 280 281 282
f 236 240 283
f 236 283 242
f 240 284 283
f 240 270 284
f 270 273 285
f 270 285 284
f 242 283 286
f 242 286 278
f 283 287 286
f 283 284 287
f 274 288 271
f 271 288 276
f 274 280 288
f 288 280 289
f 288 289 290
f 276 288 290
f 276 290 277
f 290 291 277
f 284 285 292
f 284 292 287
f 290 293 291
f 280 282 289
f 289 294 293
f 282 294 289
f 290 289 293
f 293 295 291
f 293 296 295
f 293 294 296
f 296 297 295
f 252 140 141
f 252 141 142
f 142 143 298
f 252 142 298
f 299 125 124
f 245 299 124
f 299 159 125
f 299 160 159
f 299 162 160
f 300 163 162
f 300 164 163
f 299 300 162
f 301 168 167
f 302 165 164
f 300 302 164
f 302 166 165
f 301 167 166
f 298 144 150
f 298 143 144
f 298 150 303
f 303 150 152
f 303 152 151
f 304 151 153
f 304 153 154
f 304 154 155
f 303 151 304
f 301 169 168
f 302 301 166
f 305 157 158
f 306 155 148
f 306 148 156
f 306 156 157
f 305 158 179
f 304 155 306
f 305 179 307
f 245 308 299
f 245 247 308
f 246 309 247
f 299 310 300
f 299 308 310
f 247 311 308
f 246 248 309
f 248 249 312
f 248 312 309
f 247 309 311
f 309 312 313
f 252 298 258
f 298 314 258
f 258 314 315
f 298 303 314
f 303 304 316
f 303 316 314
f 258 315 259
f 259 315 260
f 315 317 260
f 314 318 315
f 319 170 169
f 319 172 170
f 319 173 172
f 301 319 169
f 320 174 173
f 320 175 174
f 321 179 183
f 322 176 175
f 322 177 176
f 322 180 177
f 319 320 173
f 320 322 175
f 308 311 323
f 309 313 311
f 300 324 302
f 300 310 324
f 308 323 310
f 302 325 301
f 302 324 325
f 310 326 324
f 301 327 319
f 310 323 326
f 311 313 328
f 311 328 323
f 301 325 327
f 324 329 325
f 324 326 329
f 323 330 326
f 323 328 330
f 305 331 157
f 306 157 331
f 307 179 332
f 305 307 333
f 332 179 334
f 305 333 331
f 307 332 335
f 334 179 336
f 334 336 337
f 332 334 338
f 307 335 333
f 315 318 317
f 304 339 316
f 304 306 339
f 314 316 318
f 306 331 340
f 306 340 339
f 316 339 341
f 316 341 318
f 318 342 317
f 318 341 342
f 339 343 341
f 341 344 342
f 321 345 179
f 345 346 179
f 347 181 180
f 347 182 181
f 347 183 182
f 346 348 179
f 321 183 349
f 322 347 180
f 348 336 179
f 321 350 345
f 345 351 346
f 347 349 183
f 321 349 350
f 334 337 352
f 346 353 348
f 337 336 354
f 348 355 336
f 332 338 335
f 334 352 338
f 345 350 351
f 337 354 352
f 346 351 353
f 348 353 355
f 336 355 354
f 339 340 343
f 319 356 320
f 319 327 356
f 325 357 327
f 320 358 322
f 322 359 347
f 320 356 358
f 325 329 357
f 326 360 329
f 326 330 360
f 331 333 361
f 331 361 340
f 333 335 362
f 333 362 361
f 340 361 363
f 335 338 364
f 335 364 362
f 340 363 343
f 341 343 344
f 343 365 344
f 343 363 365
f 347 366 349
f 322 358 359
f 361 362 367
f 349 368 350
f 347 359 366
f 361 367 363
f 363 369 365
f 230 243 370
f 230 370 249
f 243 371 370
f 243 278 371
f 371 372 370
f 249 370 373
f 249 373 312
f 370 372 373
f 260 317 281
f 312 373 374
f 373 372 375
f 278 286 376
f 278 376 371
f 286 377 376
f 371 376 378
f 286 287 377
f 287 292 379
f 287 379 377
f 376 377 380
f 377 379 381
f 377 381 380
f 371 378 372
f 376 380 378
f 372 378 382
f 372 382 375
f 312 374 313
f 313 374 383
f 313 383 328
f 373 375 374
f 374 375 384
f 374 384 383
f 281 317 385
f 317 342 385
f 281 385 282
f 282 385 386
f 385 387 386
f 385 342 387
f 342 344 387
f 386 387 388
f 387 344 389
f 387 389 388
f 388 389 390
f 282 386 294
f 294 386 391
f 294 391 296
f 386 388 391
f 296 391 392
f 296 392 297
f 378 393 382
f 378 380 393
f 380 381 394
f 380 394 393
f 394 395 393
f 388 396 391
f 391 396 392
f 392 397 297
f 392 396 398
f 392 398 397
f 398 399 397
f 388 390 396
f 396 400 398
f 396 390 400
f 398 401 399
f 398 400 401
f 328 383 402
f 328 402 330
f 383 403 402
f 383 384 403
f 403 404 402
f 344 365 389
f 389 365 405
f 389 405 390
f 390 405 406
f 365 369 405
f 375 382 407
f 375 407 384
f 382 408 407
f 384 407 409
f 407 410 409
f 382 393 408
f 393 395 408
f 408 410 407
f 384 409 403
f 390 406 400
f 408 395 411
f 408 411 410
f 410 411 412
f 403 409 413
f 409 414 413
f 403 413 404
f 404 413 415
f 413 416 415
f 410 414 409
f 410 412 414
f 414 412 417
f 413 414 416
f 338 352 418
f 338 418 364
f 362 364 419
f 350 420 351
f 351 421 353
f 352 354 422
f 352 422 418
f 354 355 423
f 353 424 355
f 364 418 425
f 363 367 369
f 362 419 367
f 367 426 369
f 364 425 419
f 367 419 426
f 354 423 422
f 401 400 427
f 401 428 399
f 401 429 428
f 428 429 430
f 405 369 431
f 369 426 431
f 431 426 432
f 405 431 406
f 406 431 433
f 433 431 432
f 433 432 434
f 400 406 427
f 406 433 427
f 427 433 435
f 427 435 429
f 401 427 429
f 429 436 430
f 436 437 430
f 429 435 436
f 435 433 434
f 435 438 436
f 414 417 416
f 416 417 439
f 416 439 440
f 436 441 437
f 441 442 437
f 435 434 438
f 434 443 438
f 438 444 441
f 436 438 441
f 441 445 442
f 445 446 442
f 441 444 445
f 445 447 446
f 447 448 446
f 268 269 449
f 268 449 450
f 268 450 273
f 269 275 451
f 449 269 451
f 451 275 452
f 275 277 452
f 449 451 453
f 451 454 453
f 449 455 450
f 449 453 455
f 451 452 454
f 452 456 454
f 452 457 456
f 453 454 458
f 454 456 459
f 454 459 458
f 453 458 460
f 458 459 461
f 273 450 462
f 273 462 285
f 452 277 457
f 453 460 455
f 450 455 463
f 450 463 462
f 455 464 463
f 285 462 465
f 285 465 292
f 292 465 466
f 462 463 467
f 462 467 465
f 458 468 460
f 455 460 464
f 458 461 468
f 459 456 469
f 459 469 470
f 459 470 461
f 277 291 457
f 291 295 471
f 457 291 471
f 456 457 472
f 457 471 472
f 456 472 469
f 471 473 472
f 471 474 473
f 472 473 475
f 295 297 474
f 471 295 474
f 465 467 476
f 463 477 467
f 473 474 478
f 473 478 479
f 474 297 480
f 474 480 478
f 478 480 481
f 480 482 481
f 478 481 483
f 481 484 485
f 472 475 469
f 469 475 486
f 473 479 475
f 475 479 487
f 469 486 470
f 461 470 488
f 461 488 489
f 470 486 490
f 470 490 488
f 460 468 491
f 461 489 468
f 475 487 486
f 486 487 492
f 486 492 490
f 487 479 493
f 487 494 492
f 463 464 477
f 460 491 464
f 467 477 495
f 464 496 477
f 464 491 496
f 468 497 491
f 468 489 497
f 491 498 496
f 491 497 498
f 487 493 494
f 494 493 499
f 478 483 479
f 479 483 493
f 481 485 483
f 483 485 500
f 485 501 502
f 483 500 493
f 493 500 499
f 500 503 499
f 500 485 502
f 500 502 503
f 502 504 503
f 502 505 504
f 488 490 506
f 488 507 489
f 488 506 507
f 490 492 508
f 490 508 506
f 492 494 509
f 492 509 508
f 506 508 510
f 508 511 510
f 506 512 507
f 506 510 512
f 508 509 511
f 509 513 511
f 510 511 514
f 511 513 515
f 489 516 497
f 489 507 516
f 497 517 498
f 497 516 517
f 507 518 516
f 507 512 518
f 510 519 512
f 512 520 518
f 494 499 521
f 509 494 521
f 509 521 513
f 513 521 522
f 513 522 523
f 499 503 524
f 499 524 521
f 524 503 525
f 503 504 525
f 525 504 526
f 521 524 522
f 524 527 522
f 522 527 528
f 516 518 529
f 516 529 517
f 518 530 529
f 524 525 527
f 525 531 527
f 527 531 532
f 525 526 531
f 531 526 533
f 531 533 534
f 510 514 519
f 511 515 514
f 514 515 535
f 512 519 520
f 514 536 519
f 514 535 536
f 513 523 515
f 515 523 537
f 515 537 535
f 522 528 523
f 519 536 538
f 523 528 539
f 523 539 537
f 528 540 539
f 518 520 530
f 519 538 520
f 520 541 530
f 520 538 541
f 527 532 528
f 531 534 532
f 528 532 540
f 532 542 540
f 532 534 542
f 534 543 542
f 530 541 544
f 535 537 545
f 537 539 546
f 535 547 536
f 536 548 538
f 539 540 549
f 540 542 550
f 542 543 551
f 537 546 545
f 539 549 546
f 535 545 547
f 536 547 548
f 540 550 549
f 542 551 550
f 545 546 552
f 545 552 547
f 546 549 552
f 553 541 538
f 541 554 544
f 548 553 538
f 553 554 541
f 547 552 548
f 554 555 544
f 292 466 379
f 379 556 381
f 379 466 556
f 465 476 466
f 467 495 476
f 466 476 557
f 466 557 556
f 476 558 557
f 381 559 394
f 556 559 381
f 394 559 560
f 556 557 561
f 556 561 559
f 297 397 480
f 480 397 482
f 397 399 482
f 482 399 562
f 481 482 484
f 484 482 562
f 484 563 501
f 484 562 563
f 394 560 395
f 399 428 562
f 557 564 561
f 559 561 565
f 559 565 560
f 561 566 565
f 565 567 568
f 477 569 495
f 476 495 558
f 477 496 569
f 569 570 495
f 496 571 569
f 496 498 571
f 557 558 564
f 495 570 558
f 484 501 485
f 569 571 572
f 558 570 573
f 569 572 570
f 570 572 574
f 501 505 502
f 570 574 573
f 561 564 566
f 558 573 564
f 564 575 566
f 566 567 565
f 564 573 575
f 573 574 576
f 573 576 575
f 566 575 577
f 395 578 411
f 560 578 395
f 411 579 412
f 578 579 411
f 560 568 578
f 560 565 568
f 578 568 580
f 498 581 571
f 571 582 572
f 498 517 581
f 571 581 582
f 572 583 574
f 572 582 583
f 574 583 584
f 517 585 581
f 517 529 585
f 529 586 585
f 581 587 582
f 581 585 587
f 585 588 587
f 582 589 583
f 582 587 589
f 587 590 589
f 574 584 576
f 529 530 586
f 585 586 588
f 587 588 590
f 530 544 586
f 586 544 591
f 586 591 588
f 588 592 590
f 591 592 588
f 544 555 591
f 504 505 593
f 504 593 526
f 526 593 594
f 526 594 533
f 594 595 533
f 533 595 596
f 595 597 598
f 534 533 596
f 595 598 596
f 534 596 543
f 596 598 599
f 543 596 599
f 598 600 599
f 598 601 600
f 597 601 598
f 601 602 603
f 601 603 600
f 543 604 551
f 549 550 552
f 550 551 552
f 543 599 604
f 605 599 600
f 606 600 603
f 604 599 605
f 605 600 606
f 548 552 553
f 551 604 552
f 553 552 554
f 554 552 555
f 555 552 607
f 604 605 552
f 605 606 552
f 606 608 552
f 608 609 552
f 607 552 610
f 610 552 611
f 611 552 612
f 591 555 607
f 607 610 592
f 606 603 608
f 608 613 609
f 609 614 552
f 552 614 615
f 552 615 616
f 552 616 617
f 552 617 618
f 552 618 619
f 552 620 612
f 552 621 620
f 552 622 621
f 552 623 622
f 552 624 623
f 552 625 624
f 608 603 613
f 609 613 626
f 614 626 627
f 552 619 628
f 552 628 629
f 552 630 631
f 552 629 632
f 552 632 630
f 609 626 614
f 614 627 615
f 615 633 616
f 552 631 625
f 616 634 617
f 617 635 618
f 618 636 619
f 619 637 628
f 562 638 563
f 563 639 640
f 562 428 638
f 638 428 430
f 638 430 641
f 563 638 639
f 638 641 639
f 639 642 643
f 639 641 642
f 642 641 644
f 642 645 646
f 642 644 645
f 501 640 505
f 501 563 640
f 639 643 640
f 640 643 647
f 505 640 647
f 505 647 593
f 647 648 593
f 643 649 647
f 647 649 648
f 649 650 648
f 649 651 650
f 651 652 650
f 566 577 567
f 642 646 643
f 643 646 649
f 575 576 653
f 577 654 567
f 575 653 577
f 577 653 655
f 577 655 654
f 649 646 651
f 655 656 654
f 646 657 651
f 646 645 657
f 657 658 659
f 657 659 651
f 651 659 652
f 659 660 652
f 659 661 660
f 661 662 660
f 659 658 661
f 661 663 662
f 662 663 664
f 430 437 641
f 641 437 644
f 568 665 580
f 578 580 579
f 579 666 667
f 579 580 666
f 580 668 666
f 666 669 670
f 412 667 417
f 412 579 667
f 417 667 671
f 417 671 439
f 671 672 439
f 666 670 667
f 670 671 667
f 644 437 442
f 644 442 673
f 644 673 645
f 645 673 674
f 657 645 674
f 674 675 658
f 674 673 676
f 674 676 675
f 439 672 677
f 673 442 446
f 676 446 448
f 673 446 676
f 670 678 671
f 670 679 678
f 671 678 672
f 672 678 680
f 681 680 678
f 672 680 682
f 680 683 682
f 680 684 683
f 568 567 665
f 580 665 668
f 567 654 665
f 665 685 668
f 666 668 669
f 665 654 685
f 685 686 668
f 654 656 685
f 685 656 687
f 657 674 658
f 670 669 679
f 668 686 669
f 669 688 679
f 675 689 658
f 661 658 689
f 679 690 681
f 685 687 686
f 686 687 691
f 686 691 688
f 686 688 669
f 661 689 663
f 688 691 692
f 690 692 693
f 679 688 690
f 681 690 694
f 688 692 690
f 679 681 678
f 681 684 680
f 664 663 695
f 664 695 696
f 675 697 689
f 676 448 698
f 698 448 699
f 698 699 700
f 676 698 675
f 675 698 697
f 697 698 700
f 697 701 702
f 683 703 704
f 683 705 703
f 697 700 701
f 706 701 707
f 701 708 707
f 700 708 701
f 703 709 710
f 707 711 712
f 713 707 712
f 710 714 715
f 712 716 717
f 715 718 716
f 689 702 663
f 689 697 702
f 695 702 706
f 702 701 706
f 719 706 713
f 663 702 695
f 695 719 696
f 719 720 696
f 690 693 694
f 694 693 721
f 694 721 722
f 719 723 720
f 723 724 720
f 695 706 719
f 719 713 723
f 722 721 725
f 722 725 726
f 726 725 727
f 726 727 728
f 681 694 684
f 722 705 684
f 683 684 705
f 706 707 713
f 726 709 705
f 703 705 709
f 710 709 714
f 694 722 684
f 722 726 705
f 726 728 709
f 729 730 724
f 723 717 729
f 723 729 724
f 728 727 731
f 729 732 730
f 732 731 730
f 728 731 732
f 713 712 717
f 713 717 723
f 728 714 709
f 729 717 718
f 732 718 714
f 715 714 718
f 716 718 717
f 728 732 714
f 729 718 732
f 593 648 594
f 594 648 733
f 733 648 650
f 733 650 734
f 650 652 734
f 734 652 735
f 594 733 595
f 733 597 595
f 583 736 584
f 583 589 736
f 589 737 736
f 736 738 739
f 733 734 597
f 597 734 740
f 740 734 735
f 740 735 741
f 597 740 601
f 740 741 602
f 576 742 653
f 576 584 742
f 742 743 653
f 653 743 655
f 655 744 656
f 655 743 744
f 584 739 742
f 736 739 584
f 742 739 745
f 742 745 743
f 743 746 744
f 743 745 746
f 739 747 745
f 745 748 746
f 652 660 735
f 735 660 749
f 750 741 751
f 735 749 741
f 749 751 741
f 749 752 751
f 751 753 754
f 751 752 753
f 753 755 756
f 753 756 757
f 756 758 759
f 749 660 662
f 760 687 656
f 744 760 656
f 760 761 687
f 662 664 752
f 749 662 752
f 752 664 755
f 761 762 691
f 744 746 763
f 746 764 763
f 763 765 766
f 744 763 760
f 760 766 761
f 760 763 766
f 753 752 755
f 756 755 767
f 766 768 769
f 769 770 771
f 769 762 761
f 766 769 761
f 769 771 762
f 771 772 762
f 590 592 773
f 589 590 737
f 736 737 738
f 590 773 737
f 737 774 738
f 737 773 774
f 740 602 601
f 602 741 750
f 602 613 603
f 602 750 613
f 613 750 626
f 739 738 747
f 738 774 775
f 738 775 747
f 747 776 748
f 747 775 776
f 748 776 777
f 591 607 592
f 610 773 592
f 611 774 773
f 612 775 774
f 610 611 773
f 611 612 774
f 612 620 775
f 620 776 775
f 615 627 633
f 621 777 776
f 622 778 777
f 620 621 776
f 621 622 777
f 622 623 778
f 623 624 779
f 624 625 780
f 745 747 748
f 750 751 754
f 626 750 754
f 626 754 627
f 627 754 757
f 627 757 633
f 753 757 754
f 748 777 764
f 777 778 764
f 778 765 764
f 778 779 765
f 633 757 759
f 633 759 634
f 781 635 634
f 756 759 757
f 759 758 781
f 759 781 634
f 779 768 765
f 780 770 768
f 779 780 768
f 781 782 635
f 635 782 636
f 783 784 770
f 780 783 770
f 616 633 634
f 623 779 778
f 624 780 779
f 617 634 635
f 618 635 636
f 625 783 780
f 625 631 783
f 630 785 631
f 628 786 629
f 630 632 787
f 629 788 632
f 619 636 637
f 631 785 783
f 628 637 786
f 630 787 785
f 629 786 788
f 632 788 787
f 746 748 764
f 763 764 765
f 766 765 768
f 769 768 770
f 771 770 784
f 687 761 691
f 762 692 691
f 762 772 692
f 781 758 789
f 789 790 782
f 755 696 767
f 755 664 696
f 767 696 720
f 767 720 791
f 791 720 724
f 791 724 792
f 792 730 793
f 756 767 758
f 758 767 791
f 758 791 789
f 771 784 794
f 794 795 796
f 771 794 772
f 794 797 772
f 794 796 797
f 796 798 797
f 791 792 789
f 792 790 789
f 790 793 799
f 790 799 800
f 801 796 802
f 799 803 804
f 801 805 803
f 801 798 796
f 792 793 790
f 801 803 806
f 801 806 798
f 799 807 803
f 799 793 807
f 803 807 806
f 781 789 782
f 790 800 782
f 636 782 800
f 636 800 637
f 795 784 785
f 783 785 784
f 795 785 787
f 800 804 637
f 804 786 637
f 802 787 788
f 795 787 802
f 799 804 800
f 803 805 804
f 804 805 786
f 805 788 786
f 802 788 805
f 794 784 795
f 796 795 802
f 801 802 805
f 692 772 693
f 797 721 693
f 772 797 693
f 797 798 721
f 721 798 725
f 792 724 730
f 806 727 725
f 798 806 725
f 793 730 731
f 807 731 727
f 806 807 727
f 793 731 807
f 327 808 356
f 327 357 808
f 329 809 357
f 329 360 809
f 356 810 358
f 349 366 368
f 358 811 359
f 356 808 810
f 357 812 808
f 357 809 812
f 358 810 811
f 808 813 810
f 808 812 813
f 330 814 360
f 330 402 814
f 402 404 814
f 360 814 815
f 360 815 809
f 404 816 814
f 814 816 815
f 816 817 815
f 809 815 818
f 809 818 812
f 404 415 816
f 350 368 420
f 359 819 366
f 351 420 421
f 366 820 368
f 419 821 426
f 359 811 819
f 810 822 811
f 810 813 822
f 366 819 820
f 811 823 819
f 353 421 424
f 355 424 423
f 418 422 824
f 422 423 825
f 418 824 425
f 419 425 821
f 425 826 821
f 422 825 824
f 368 827 420
f 420 828 421
f 368 820 827
f 425 824 826
f 824 829 826
f 420 827 828
f 811 822 823
f 819 830 820
f 819 823 830
f 423 424 831
f 421 832 424
f 423 831 825
f 421 828 832
f 824 825 829
f 424 832 831
f 825 831 833
f 825 833 829
f 820 834 827
f 820 830 834
f 827 835 828
f 827 834 835
f 831 832 836
f 831 836 833
f 828 837 832
f 828 835 837
f 832 837 836
f 812 818 838
f 812 838 813
f 815 817 818
f 817 839 818
f 818 839 838
f 839 840 838
f 426 821 432
f 432 821 841
f 434 432 841
f 434 841 443
f 443 841 842
f 443 842 843
f 821 826 841
f 841 826 842
f 816 415 844
f 415 440 844
f 816 844 817
f 844 845 817
f 844 846 845
f 415 416 440
f 844 440 846
f 440 439 677
f 440 677 846
f 817 845 839
f 443 444 438
f 445 444 847
f 443 843 444
f 444 843 847
f 846 677 848
f 846 849 845
f 846 848 849
f 849 848 850
f 849 850 851
f 839 845 852
f 845 849 852
f 839 852 840
f 852 851 853
f 840 852 853
f 840 853 854
f 852 849 851
f 813 855 822
f 813 838 855
f 822 855 856
f 822 856 823
f 823 856 857
f 823 857 830
f 838 840 855
f 840 854 855
f 855 854 856
f 854 858 856
f 826 829 842
f 829 859 842
f 843 842 859
f 843 859 860
f 847 861 447
f 445 847 447
f 447 862 448
f 447 861 862
f 851 850 863
f 862 699 448
f 862 864 699
f 864 865 699
f 847 843 860
f 847 860 861
f 853 866 854
f 853 867 866
f 861 868 862
f 860 869 861
f 869 868 861
f 866 870 871
f 851 867 853
f 851 863 867
f 862 868 864
f 867 863 872
f 867 872 870
f 867 870 866
f 873 874 865
f 868 875 876
f 864 868 876
f 871 877 878
f 876 879 873
f 864 876 873
f 864 873 865
f 870 872 880
f 870 880 877
f 877 880 881
f 871 870 877
f 877 882 878
f 873 882 874
f 882 881 874
f 873 879 882
f 877 881 882
f 829 833 859
f 859 833 883
f 856 858 857
f 860 859 883
f 860 883 869
f 884 885 857
f 858 884 857
f 830 857 885
f 830 885 834
f 834 885 886
f 833 836 883
f 883 836 887
f 869 883 887
f 884 888 885
f 869 887 875
f 875 889 890
f 834 886 835
f 836 837 887
f 835 889 837
f 835 886 889
f 837 889 887
f 885 888 886
f 875 887 889
f 886 890 889
f 888 890 886
f 854 866 858
f 866 871 858
f 871 884 858
f 871 878 884
f 869 875 868
f 884 878 888
f 876 875 890
f 888 878 879
f 876 890 879
f 882 879 878
f 888 879 890
f 677 682 848
f 672 682 677
f 848 704 850
f 682 704 848
f 682 683 704
f 704 891 850
f 891 863 850
f 700 699 865
f 700 865 708
f 892 872 863
f 891 892 863
f 704 703 891
f 891 703 710
f 891 710 892
f 892 710 715
f 708 874 711
f 708 865 874
f 893 880 872
f 892 893 872
f 893 894 880
f 711 874 881
f 711 881 894
f 707 708 711
f 892 715 893
f 893 715 716
f 712 711 894
f 893 716 894
f 712 894 716
f 880 894 881
f 895 896 897
f 897 898 899
f 898 900 901
f 902 903 900
f 904 905 906
f 904 907 905
f 906 905 896
f 907 908 905
f 896 905 897
f 908 909 905
f 910 902 911
f 912 911 913
f 914 913 915
f 912 913 914
f 914 915 916
f 917 918 916
f 905 919 920
f 905 921 919
f 922 920 923
f 897 905 898
f 898 905 900
f 902 900 905
f 902 905 911
f 911 905 913
f 913 905 915
f 917 916 915
f 917 924 918
f 909 925 905
f 925 926 905
f 905 926 927
f 905 927 928
f 905 928 929
f 905 929 930
f 917 915 905
f 917 905 924
f 931 905 922
f 924 905 931
f 905 930 932
f 905 932 933
f 905 933 934
f 922 905 920
f 905 935 936
f 905 934 937
f 905 937 938
f 905 938 935
f 924 931 939
f 931 922 940
f 933 941 934
f 937 934 942
f 924 939 918
f 931 940 939
f 922 923 940
f 918 939 943
f 918 943 944
f 943 945 946
f 939 940 945
f 939 945 943
f 940 923 947
f 940 947 945
f 947 923 948
f 945 947 949
f 947 948 950
f 945 949 946
f 947 950 949
f 949 950 951
f 950 952 951
f 952 953 951
f 952 954 953
f 953 954 955
f 956 957 958
f 957 959 958
f 956 958 960
f 958 959 961
f 959 962 963
f 956 960 964
f 957 895 959
f 895 962 959
f 964 960 965
f 895 899 962
f 962 899 966
f 964 965 967
f 967 968 969
f 967 965 968
f 962 966 970
f 966 971 972
f 958 973 960
f 960 974 965
f 965 975 968
f 961 963 976
f 963 977 976
f 961 976 978
f 966 972 970
f 979 972 971
f 959 963 961
f 958 961 973
f 962 970 963
f 960 973 974
f 963 970 977
f 970 972 980
f 972 981 980
f 961 978 973
f 970 980 977
f 973 978 982
f 973 982 974
f 965 974 975
f 968 975 983
f 979 981 972
f 979 984 985
f 979 985 981
f 974 986 975
f 974 982 986
f 975 987 983
f 975 986 987
f 980 988 977
f 980 981 989
f 981 990 989
f 985 991 992
f 981 985 990
f 985 992 990
f 991 993 992
f 976 977 994
f 976 995 978
f 994 977 988
f 976 994 995
f 978 996 982
f 980 989 988
f 995 996 978
f 982 996 997
f 982 997 986
f 986 998 987
f 986 997 998
f 987 998 999
f 956 906 957
f 956 964 904
f 895 897 899
f 957 896 895
f 964 967 907
f 967 969 908
f 956 904 906
f 957 906 896
f 964 907 904
f 967 908 907
f 908 969 909
f 898 901 899
f 900 903 901
f 909 969 1000
f 910 903 902
f 925 1000 1001
f 926 1001 1002
f 901 903 971
f 910 1003 903
f 910 1004 1003
f 966 899 901
f 966 901 971
f 969 1005 1000
f 968 1005 969
f 903 1003 971
f 1000 1006 1001
f 1000 1005 1006
f 1001 1006 1007
f 979 971 1003
f 1004 984 1003
f 910 912 1004
f 912 1008 1004
f 912 914 1008
f 1009 1008 914
f 1009 1010 1008
f 1001 1007 1002
f 1002 1007 1011
f 1002 1011 1012
f 1012 1011 1013
f 1004 1008 1014
f 968 983 1005
f 1005 1015 1006
f 1006 1016 1007
f 1007 1017 1011
f 1011 1018 1013
f 909 1000 925
f 925 1001 926
f 926 1002 927
f 927 1012 928
f 928 1019 929
f 910 911 912
f 927 1002 1012
f 928 1012 1019
f 929 1019 1020
f 929 1020 930
f 930 1021 932
f 933 932 1022
f 930 1020 1021
f 932 1021 1022
f 933 1022 941
f 934 941 942
f 1009 914 916
f 1009 916 944
f 918 944 916
f 1009 944 1023
f 944 943 1024
f 1012 1013 1019
f 1019 1025 1020
f 1019 1013 1025
f 1020 1026 1021
f 1020 1025 1026
f 1026 1025 1027
f 1022 1028 941
f 1021 1029 1022
f 1021 1026 1029
f 1022 1029 1028
f 1026 1030 1029
f 1028 1029 1031
f 1013 1032 1025
f 979 1003 984
f 1004 1014 984
f 984 1014 991
f 1014 1010 1033
f 1009 1023 1010
f 1008 1010 1014
f 1010 1023 1034
f 1010 1034 1033
f 1023 1035 1034
f 1034 1035 1036
f 1035 1037 1036
f 1005 983 1015
f 1006 1015 1016
f 985 984 991
f 1014 1033 991
f 983 1038 1015
f 983 987 1038
f 1015 1039 1016
f 1015 1038 1039
f 1007 1016 1017
f 1011 1017 1018
f 1017 1040 1018
f 1017 1016 1041
f 1016 1039 1041
f 1017 1041 1040
f 991 1033 993
f 1034 1042 1033
f 1033 1042 993
f 1038 1043 1039
f 1034 1036 1042
f 1041 1039 1044
f 1041 1045 1040
f 1041 1044 1045
f 944 1024 1023
f 943 946 1024
f 1024 1035 1023
f 1024 1046 1035
f 1024 946 1046
f 946 1047 1046
f 946 949 1047
f 949 951 1047
f 1026 1027 1030
f 1029 1030 1031
f 1030 1048 1031
f 1030 1049 1048
f 1047 1050 1046
f 1047 1051 1050
f 1035 1046 1037
f 1037 1046 1050
f 1047 951 1051
f 951 953 1051
f 1013 1018 1032
f 1025 1032 1027
f 1018 1052 1032
f 1018 1040 1052
f 1032 1053 1027
f 1032 1052 1053
f 1030 1027 1049
f 1027 1053 1049
f 1040 1054 1052
f 1040 1045 1054
f 1052 1054 1055
f 1052 1055 1053
f 1053 1056 1049
f 1053 1055 1056
f 987 999 1038
f 1038 999 1043
f 1039 1043 1044
f 993 1057 992
f 993 1058 1057
f 988 989 1059
f 994 988 1060
f 988 1059 1060
f 994 1060 1061
f 994 1061 995
f 989 1062 1059
f 1059 1062 1063
f 1059 1064 1060
f 1060 1065 1061
f 1059 1063 1064
f 1060 1064 1065
f 1062 1066 1063
f 1061 1065 1067
f 1066 1068 1063
f 1064 1063 1069
f 1064 1070 1065
f 990 1062 989
f 990 1071 1062
f 995 1072 996
f 995 1061 1072
f 996 1073 997
f 996 1072 1073
f 1071 1066 1062
f 1071 1057 1074
f 990 992 1071
f 992 1057 1071
f 1057 1058 1075
f 997 1073 1076
f 997 1076 998
f 998 1076 1077
f 1071 1074 1066
f 1074 1075 1078
f 1075 1058 1079
f 1057 1075 1074
f 1075 1079 1080
f 1061 1067 1072
f 1072 1081 1073
f 1073 1082 1076
f 1072 1067 1081
f 1066 1074 1083
f 1065 1084 1067
f 1067 1085 1081
f 1073 1081 1082
f 1076 1082 1086
f 1081 1087 1082
f 1063 1068 1069
f 1064 1069 1070
f 1066 1083 1068
f 1065 1070 1084
f 1068 1083 1088
f 1080 1079 1089
f 1074 1078 1083
f 1080 1090 1078
f 1067 1084 1085
f 1083 1078 1091
f 1091 1078 1090
f 1075 1080 1078
f 1080 1092 1090
f 1080 1089 1092
f 1092 1089 1093
f 1081 1085 1087
f 1087 1085 1094
f 1090 1092 1095
f 1092 1093 1096
f 1092 1096 1095
f 1042 1036 1097
f 1042 1058 993
f 1042 1097 1058
f 1097 1098 1099
f 1036 1098 1097
f 1037 1098 1036
f 1037 1100 1098
f 1100 1101 1098
f 1100 1102 1101
f 1098 1101 1099
f 1101 1102 1103
f 1037 1050 1100
f 1050 1104 1100
f 1050 1051 1104
f 1051 1105 1104
f 1104 1105 1106
f 953 1105 1051
f 953 955 1105
f 955 1107 1105
f 955 1108 1107
f 1105 1107 1106
f 1106 1107 1109
f 1107 1108 1110
f 1100 1104 1102
f 1054 1045 1111
f 1056 1055 1112
f 1054 1113 1055
f 1054 1111 1113
f 1055 1113 1112
f 1113 1111 1114
f 1104 1106 1102
f 1106 1115 1102
f 1113 1114 1116
f 1115 1117 1103
f 1107 1110 1109
f 1110 1118 1119
f 1106 1109 1115
f 1109 1119 1120
f 1102 1115 1103
f 1115 1120 1117
f 1115 1109 1120
f 1110 1119 1109
f 1119 1121 1120
f 1119 1118 1122
f 1119 1122 1121
f 998 1077 999
f 999 1123 1043
f 1097 1079 1058
f 999 1077 1123
f 1076 1086 1077
f 1077 1124 1123
f 1043 1125 1044
f 1043 1123 1125
f 1044 1125 1126
f 1125 1123 1127
f 1097 1099 1079
f 1099 1089 1079
f 1077 1086 1124
f 1101 1128 1099
f 1123 1124 1127
f 1125 1127 1129
f 1127 1124 1130
f 1082 1131 1086
f 1086 1132 1124
f 1044 1126 1045
f 1045 1126 1111
f 1125 1129 1126
f 1111 1126 1133
f 1126 1129 1133
f 1127 1134 1129
f 1111 1133 1114
f 1133 1129 1135
f 1114 1133 1136
f 1099 1128 1089
f 1128 1093 1089
f 1128 1137 1093
f 1101 1103 1128
f 1128 1103 1137
f 1103 1117 1137
f 1117 1138 1137
f 1117 1139 1138
f 1086 1131 1132
f 1082 1087 1131
f 1087 1140 1131
f 1131 1140 1141
f 1124 1132 1130
f 1130 1132 1142
f 1131 1141 1132
f 1132 1141 1142
f 1093 1137 1143
f 1096 1093 1143
f 1137 1138 1143
f 1141 1144 1145
f 1127 1130 1134
f 1129 1134 1135
f 1133 1135 1136
f 1134 1146 1135
f 1134 1147 1146
f 1135 1146 1148
f 1117 1120 1139
f 1139 1120 1121
f 1130 1142 1147
f 1130 1147 1134
f 1142 1149 1147
f 1141 1145 1142
f 1142 1145 1149
f 1146 1147 1150
f 1147 1149 1150
f 1151 1152 1153
f 1151 1154 1152
f 1151 1155 1154
f 905 1156 1157
f 905 1157 921
f 905 1158 1156
f 919 1159 920
f 1160 919 921
f 921 1157 1161
f 1157 1156 1152
f 1156 1158 1153
f 1158 936 1162
f 920 1159 923
f 1160 1159 919
f 1160 921 1161
f 905 936 1158
f 935 938 1163
f 937 1164 938
f 935 1165 936
f 935 1163 1165
f 938 1164 1163
f 1157 1152 1161
f 1156 1153 1152
f 1158 1162 1153
f 936 1165 1162
f 1159 948 923
f 1159 1166 948
f 1160 1167 1166
f 1160 1166 1159
f 948 1166 1168
f 1166 1167 1169
f 1163 1164 1170
f 1160 1161 1167
f 1161 1152 1154
f 1161 1154 1167
f 1162 1165 1171
f 1167 1154 1172
f 1163 1173 1165
f 1163 1170 1173
f 1165 1173 1171
f 1173 1170 1174
f 1151 1153 1175
f 1151 1175 1176
f 1175 1171 1177
f 1175 1153 1162
f 1175 1162 1171
f 1173 1178 1171
f 1155 1172 1154
f 1155 1179 1172
f 1155 1180 1179
f 1181 1179 1180
f 1181 1182 1179
f 1166 1169 1168
f 1168 1169 1183
f 1169 1184 1183
f 950 948 1168
f 950 1168 952
f 952 1168 1183
f 1167 1172 1169
f 1169 1172 1184
f 1172 1179 1184
f 1170 1185 1174
f 1185 1186 1174
f 1185 1187 1186
f 1183 1184 1188
f 952 1183 954
f 1183 1188 954
f 1184 1179 1182
f 1188 1184 1182
f 1175 1177 1176
f 1151 1176 1155
f 1155 1176 1180
f 1176 1189 1180
f 1176 1177 1189
f 1177 1190 1189
f 1177 1178 1190
f 1190 1178 1191
f 1189 1190 1192
f 1189 1192 1193
f 1189 1193 1180
f 1181 1180 1193
f 1190 1194 1192
f 1190 1191 1194
f 1194 1191 1195
f 1177 1171 1178
f 1174 1191 1178
f 1174 1186 1191
f 1173 1174 1178
f 1191 1186 1195
f 1186 1196 1195
f 1187 1196 1186
f 1187 1197 1196
f 1198 1199 1200
f 1198 1200 1201
f 1201 1200 1202
f 1181 1203 1182
f 1181 1204 1203
f 1188 1205 954
f 955 954 1205
f 1188 1206 1205
f 1206 1207 1205
f 1182 1203 1206
f 1188 1182 1206
f 1203 1208 1206
f 1205 1207 1108
f 1203 1209 1208
f 1208 1209 1210
f 1206 1208 1207
f 1208 1211 1207
f 1193 1192 1212
f 1193 1212 1204
f 1212 1213 1204
f 1181 1193 1204
f 1204 1209 1203
f 1192 1194 1198
f 1192 1198 1212
f 1194 1199 1198
f 1194 1195 1199
f 1198 1201 1212
f 1214 1199 1195
f 1214 1215 1216
f 1204 1213 1209
f 1213 1217 1209
f 1201 1213 1212
f 1201 1218 1213
f 1196 1197 1215
f 1197 1219 1215
f 1214 1195 1196
f 1214 1196 1215
f 1215 1219 1220
f 1216 1215 1220
f 1220 1221 1222
f 1220 1219 1221
f 1221 1223 1224
f 1207 1211 1225
f 1210 1226 1227
f 1208 1210 1211
f 1211 1227 1228
f 1210 1227 1211
f 1227 1226 1229
f 1213 1218 1217
f 1217 1218 1230
f 1217 1230 1226
f 1201 1202 1218
f 1218 1231 1230
f 1202 1231 1218
f 1231 1232 1233
f 1231 1233 1230
f 1230 1233 1234
f 1217 1210 1209
f 1217 1226 1210
f 1221 1224 1222
f 1224 1235 1236
f 1230 1234 1226
f 1226 1234 1229
f 1199 1237 1200
f 1200 1237 1238
f 1237 1216 1239
f 1202 1200 1238
f 1237 1239 1238
f 1202 1238 1240
f 1202 1240 1231
f 1241 1240 1238
f 1241 1238 1239
f 1241 1239 1242
f 1242 1239 1243
f 1242 1243 1244
f 1240 1245 1232
f 1246 1241 1242
f 1246 1245 1241
f 1241 1245 1240
f 1247 1242 1244
f 1246 1242 1247
f 1247 1244 1248
f 1214 1237 1199
f 1214 1216 1237
f 1216 1220 1243
f 1216 1243 1239
f 1243 1220 1222
f 1243 1222 1244
f 1244 1222 1249
f 1231 1240 1232
f 1244 1249 1248
f 1248 1249 1250
f 1224 1249 1222
f 1224 1236 1249
f 1249 1236 1250
f 1251 1252 1236
f 1250 1236 1252
f 937 942 1164
f 941 1253 942
f 941 1028 1253
f 942 1253 1254
f 942 1254 1164
f 1164 1254 1170
f 1028 1255 1253
f 1254 1253 1256
f 1254 1185 1170
f 1256 1253 1255
f 1256 1255 1257
f 1257 1255 1258
f 1028 1031 1255
f 1255 1031 1258
f 1031 1048 1258
f 1254 1256 1185
f 1185 1256 1187
f 1256 1257 1187
f 1049 1259 1048
f 1258 1048 1260
f 1048 1259 1260
f 1257 1258 1261
f 1187 1257 1197
f 1261 1258 1260
f 1257 1261 1197
f 1049 1056 1259
f 955 1205 1108
f 1259 1262 1263
f 1261 1260 1264
f 1259 1263 1260
f 1260 1263 1264
f 1263 1262 1265
f 1207 1225 1108
f 1263 1265 1223
f 1265 1266 1267
f 1056 1262 1259
f 1056 1112 1262
f 1262 1112 1266
f 1113 1116 1112
f 1112 1116 1266
f 1116 1114 1268
f 1265 1262 1266
f 1116 1269 1266
f 1261 1219 1197
f 1261 1264 1219
f 1264 1263 1223
f 1219 1264 1221
f 1264 1223 1221
f 1265 1235 1223
f 1110 1108 1225
f 1225 1228 1118
f 1225 1211 1228
f 1110 1225 1118
f 1228 1270 1118
f 1228 1271 1270
f 1227 1271 1228
f 1227 1229 1271
f 1114 1136 1268
f 1266 1269 1267
f 1116 1268 1269
f 1272 1268 1273
f 1269 1268 1272
f 1122 1118 1270
f 1274 1273 1275
f 1265 1267 1235
f 1267 1251 1235
f 1267 1276 1251
f 1224 1223 1235
f 1235 1251 1236
f 1276 1277 1251
f 1276 1278 1277
f 1269 1276 1267
f 1269 1272 1276
f 1276 1272 1278
f 1272 1274 1278
f 1272 1273 1274
f 1135 1148 1136
f 1268 1136 1273
f 1136 1148 1273
f 1146 1279 1148
f 1146 1150 1279
f 1148 1275 1273
f 1148 1279 1275
f 1251 1277 1252
f 1096 1143 1280
f 1122 1270 1281
f 1122 1282 1121
f 1122 1281 1282
f 1281 1283 1284
f 1139 1285 1138
f 1139 1286 1285
f 1138 1287 1143
f 1143 1287 1280
f 1287 1285 1288
f 1138 1285 1287
f 1286 1289 1285
f 1290 1291 1289
f 1285 1289 1288
f 1289 1291 1292
f 1139 1121 1286
f 1121 1282 1286
f 1282 1290 1286
f 1281 1284 1282
f 1282 1284 1290
f 1284 1293 1290
f 1284 1283 1294
f 1284 1294 1293
f 1145 1295 1296
f 1145 1296 1149
f 1149 1296 1297
f 1286 1290 1289
f 1290 1293 1291
f 1291 1293 1298
f 1298 1293 1299
f 1294 1299 1293
f 1294 1300 1299
f 1298 1299 1301
f 1299 1302 1301
f 1299 1300 1302
f 1303 1304 1305
f 1306 1307 1308
f 1301 1309 1310
f 1311 1310 1312
f 1302 1313 1309
f 1302 1309 1301
f 1309 1314 1310
f 1315 1304 1303
f 1303 1305 1308
f 1305 1306 1308
f 1311 1312 1306
f 1315 1316 1317
f 1312 1310 1314
f 1306 1312 1307
f 1316 1318 1319
f 1320 1318 1321
f 1233 1322 1323
f 1234 1323 1324
f 1234 1324 1229
f 1323 1325 1324
f 1233 1323 1234
f 1322 1326 1323
f 1323 1326 1325
f 1326 1327 1328
f 1326 1328 1325
f 1232 1245 1329
f 1246 1330 1245
f 1245 1330 1329
f 1330 1331 1329
f 1331 1332 1333
f 1246 1247 1334
f 1247 1335 1334
f 1336 1334 1335
f 1336 1337 1334
f 1336 1335 1338
f 1336 1339 1337
f 1336 1340 1339
f 1246 1334 1330
f 1247 1248 1335
f 1330 1334 1337
f 1335 1341 1338
f 1248 1341 1335
f 1330 1337 1331
f 1337 1339 1332
f 1337 1332 1331
f 1341 1342 1338
f 1339 1340 1343
f 1339 1344 1332
f 1332 1344 1345
f 1339 1343 1344
f 1344 1343 1346
f 1344 1346 1347
f 1233 1232 1322
f 1232 1329 1322
f 1329 1348 1322
f 1322 1348 1326
f 1348 1327 1326
f 1348 1333 1327
f 1329 1331 1348
f 1331 1333 1348
f 1250 1252 1349
f 1252 1350 1349
f 1248 1250 1341
f 1250 1349 1341
f 1341 1349 1342
f 1342 1351 1352
f 1353 1352 1351
f 1342 1349 1351
f 1350 1351 1349
f 1350 1354 1351
f 1353 1351 1354
f 1353 1354 1355
f 1333 1332 1345
f 1333 1356 1327
f 1333 1345 1356
f 1345 1357 1356
f 1327 1356 1358
f 1328 1327 1358
f 1356 1359 1358
f 1356 1357 1359
f 1344 1347 1345
f 1345 1347 1357
f 1353 1355 1360
f 1355 1361 1360
f 1346 1362 1363
f 1357 1364 1365
f 1357 1365 1359
f 1365 1364 1366
f 1365 1366 1367
f 1367 1366 1368
f 1347 1364 1357
f 1347 1363 1364
f 1363 1369 1364
f 1346 1363 1347
f 1363 1362 1370
f 1363 1370 1369
f 1370 1371 1369
f 1370 1372 1371
f 1364 1369 1366
f 1369 1373 1366
f 1366 1373 1368
f 1369 1371 1373
f 1373 16 15
f 1373 15 1368
f 1368 15 12
f 1373 1371 18
f 1371 19 18
f 1371 1374 19
f 1374 20 19
f 1373 17 16
f 1373 18 17
f 1270 1271 1375
f 1229 1376 1271
f 1271 1376 1375
f 1376 1377 1375
f 1376 1378 1377
f 1377 1378 1379
f 1270 1375 1281
f 1281 1375 1283
f 1375 1377 1283
f 1377 1380 1283
f 1377 1379 1380
f 1229 1324 1376
f 1324 1378 1376
f 1324 1325 1378
f 1325 1381 1378
f 1378 1381 1379
f 1325 1328 1381
f 1274 1275 1382
f 1274 1383 1278
f 1383 1382 1384
f 1274 1382 1383
f 1384 1382 1385
f 1379 1386 1380
f 1379 1387 1386
f 1387 1388 1386
f 1381 1389 1387
f 1328 1389 1381
f 1328 1358 1389
f 1389 1358 1390
f 1389 1390 1391
f 1379 1381 1387
f 1389 1391 1387
f 1387 1391 1388
f 1279 1150 1392
f 1275 1279 1393
f 1279 1392 1393
f 1294 1283 1380
f 1149 1297 1150
f 1150 1297 1392
f 1296 1394 1297
f 1392 1297 1395
f 1296 1396 1394
f 1394 1396 1397
f 1297 1394 1395
f 1394 1398 1395
f 1394 1397 1398
f 1275 1393 1382
f 1392 1399 1393
f 1393 1385 1382
f 1393 1399 1385
f 1392 1395 1399
f 1399 1395 1400
f 1385 1399 1401
f 1399 1400 1401
f 1400 1395 1398
f 1380 1386 1300
f 1294 1380 1300
f 1386 1402 1300
f 1386 1388 1402
f 1302 1300 1402
f 1397 1403 1398
f 1400 1398 1404
f 1404 1398 1403
f 1404 1403 1405
f 1403 1406 1405
f 1252 1277 1350
f 1277 1407 1350
f 1278 1407 1277
f 1278 1383 1407
f 1383 1408 1407
f 1350 1407 1354
f 1354 1407 1408
f 1408 1384 1409
f 1383 1384 1408
f 1410 1385 1401
f 1384 1385 1410
f 1384 1410 1409
f 1354 1408 1355
f 1355 1408 1409
f 1390 1358 1359
f 1410 1401 1411
f 1411 1412 1413
f 1410 1414 1409
f 1355 1409 1361
f 1361 1409 1414
f 1361 1414 1415
f 1414 1416 1415
f 1410 1411 1414
f 1411 1416 1414
f 1411 1413 1416
f 1400 1412 1401
f 1400 1404 1412
f 1411 1401 1412
f 1404 1417 1412
f 1404 1405 1417
f 1413 1412 1417
f 1390 1418 1419
f 1391 1419 1420
f 1391 1420 1388
f 1420 1421 1422
f 1390 1419 1391
f 1420 1419 1423
f 1420 1423 1421
f 1421 1424 1425
f 1426 1425 1424
f 1419 1427 1423
f 1421 1428 1424
f 1421 1423 1428
f 1429 1430 1431
f 1432 1307 1433
f 1432 1434 1435
f 1433 1430 1429
f 1432 35 1434
f 1426 1424 29
f 1426 29 1436
f 1426 1436 1431
f 1429 1431 1436
f 1432 1433 35
f 1433 1429 35
f 1402 1422 1313
f 1388 1422 1402
f 1420 1422 1388
f 1422 1425 1313
f 1312 1430 1307
f 1312 1314 1430
f 1314 1437 1431
f 1314 1431 1430
f 1426 1437 1425
f 1426 1431 1437
f 1425 1437 1313
f 1302 1402 1313
f 1309 1313 1437
f 1309 1437 1314
f 1438 1321 1439
f 1440 1441 1442
f 1440 1439 1441
f 1443 1444 1442
f 1421 1425 1422
f 1406 1445 1446
f 1445 1447 1446
f 1448 1449 1447
f 1441 1443 1442
f 1450 1444 1443
f 1450 1451 1444
f 1451 1452 1453
f 1450 1452 1451
f 1453 1449 1448
f 1303 1308 1435
f 1315 1303 1434
f 1315 1454 1316
f 1316 1455 1318
f 1432 1308 1307
f 1433 1307 1430
f 1303 1435 1434
f 1315 1434 1454
f 1432 1435 1308
f 1316 1454 1455
f 1318 1456 1321
f 1318 1455 1456
f 1434 35 1454
f 1321 1456 1457
f 1321 1457 1439
f 1439 37 1441
f 1454 35 1455
f 1439 1457 37
f 1455 35 1456
f 1456 35 1457
f 1441 37 36
f 1441 36 38
f 1441 38 40
f 1441 40 1443
f 1390 1359 1418
f 1359 1365 1418
f 1419 1418 1427
f 1365 1367 1418
f 1367 1427 1418
f 1423 1427 1458
f 1423 1458 1428
f 1459 1458 1427
f 1367 1459 1427
f 1367 1368 1459
f 1413 1417 1460
f 1460 1461 1462
f 1416 1413 1463
f 1413 1460 1463
f 1460 1464 1463
f 1462 1461 1465
f 1466 1465 1467
f 1468 1466 1467
f 1460 1462 1464
f 1462 1465 1469
f 1466 1469 1465
f 1458 32 1428
f 1428 34 28
f 1428 32 33
f 1428 33 34
f 1459 31 1458
f 1459 13 8
f 1459 8 31
f 1458 31 30
f 1458 30 32
f 1424 1428 28
f 1424 27 29
f 1424 6 27
f 1424 28 6
f 1436 29 26
f 1436 26 35
f 1429 1436 35
f 1470 56 1471
f 1470 52 53
f 1459 1368 14
f 14 13 1459
f 1368 11 14
f 1368 12 11
f 1471 56 55
f 1470 54 56
f 1468 1471 57
f 1471 55 57
f 1470 53 54
f 1468 59 1466
f 1468 57 58
f 1468 58 59
f 1466 59 60
f 1466 50 49
f 1466 60 50
f 1466 85 1469
f 1466 49 85
f 1417 1405 1461
f 1405 1472 1461
f 1467 1472 1446
f 1453 1452 1470
f 1467 1465 1472
f 1468 1473 1471
f 1468 1467 1473
f 1467 1446 1473
f 1449 1471 1473
f 1449 1470 1471
f 1406 1472 1405
f 1406 1446 1472
f 1447 1473 1446
f 1447 1449 1473
f 1453 1470 1449
f 1460 1417 1461
f 1472 1465 1461
f 1450 45 1452
f 1457 35 37
f 1443 40 41
f 1443 41 42
f 1443 42 43
f 1450 43 44
f 1450 44 45
f 1450 1443 43
f 1470 1452 52
f 1452 45 46
f 46 47 1452
f 1452 47 52
f 1068 1474 1069
f 1068 1088 1474
f 1069 1474 1475
f 1069 1475 1070
f 1083 1091 1088
f 1070 1475 1476
f 1088 1477 1474
f 1088 1478 1477
f 1091 1478 1088
f 1475 1474 1479
f 1475 1480 1476
f 1091 1481 1478
f 1475 1479 1480
f 1474 1477 1479
f 1070 1476 1084
f 1084 1482 1085
f 1084 1476 1482
f 1085 1482 1094
f 1091 1090 1481
f 1481 1090 1095
f 1476 1483 1482
f 1476 1480 1483
f 1094 1482 1484
f 1482 1483 1484
f 1087 1094 1140
f 1094 1485 1140
f 1094 1484 1485
f 1141 1140 1144
f 1140 1485 1144
f 1481 1486 1478
f 1477 1478 1487
f 1478 1486 1487
f 1477 1487 1488
f 1486 1489 1487
f 1477 1488 1479
f 1479 1490 1480
f 1481 1491 1486
f 1479 1488 1490
f 1491 1492 1486
f 1487 1493 1488
f 1488 1494 1490
f 1486 1492 1489
f 1491 1495 1492
f 1488 1493 1494
f 1492 1495 1496
f 1096 1497 1095
f 1481 1095 1491
f 1095 1497 1491
f 1096 1280 1497
f 1280 1287 1498
f 1483 1499 1484
f 1280 1500 1497
f 1280 1498 1500
f 1480 1501 1483
f 1480 1490 1501
f 1491 1497 1495
f 1501 1490 1502
f 1483 1501 1499
f 1501 1503 1499
f 1495 1497 1500
f 1490 1494 1502
f 1495 1500 1504
f 1500 1505 1504
f 1498 1505 1500
f 1498 1506 1505
f 1501 1502 1503
f 1502 1507 1503
f 1506 1508 1505
f 1506 1509 1508
f 1508 1509 1510
f 1509 1511 1510
f 1487 1489 1493
f 1492 1512 1489
f 1489 1513 1493
f 1492 1496 1512
f 1489 1512 1513
f 1495 1504 1496
f 1494 1493 1514
f 1493 1513 1514
f 1494 1515 1502
f 1494 1514 1515
f 1502 1515 1507
f 1496 1516 1512
f 1504 1517 1496
f 1513 1518 1514
f 1504 1519 1517
f 1519 1520 1517
f 1519 1521 1520
f 1513 1512 1522
f 1496 1517 1516
f 1512 1516 1522
f 1513 1522 1518
f 1517 1523 1516
f 1517 1520 1523
f 1516 1524 1522
f 1516 1523 1524
f 1522 1524 1525
f 1504 1505 1519
f 1505 1508 1519
f 1514 1526 1515
f 1514 1518 1526
f 1515 1526 1527
f 1508 1521 1519
f 1508 1510 1521
f 1522 1525 1518
f 1518 1525 1528
f 1518 1528 1526
f 1484 1499 1529
f 1485 1484 1529
f 1485 1530 1144
f 1485 1529 1530
f 1530 1529 1531
f 1498 1287 1288
f 1289 1292 1288
f 1498 1288 1506
f 1288 1292 1506
f 1529 1499 1532
f 1499 1503 1532
f 1532 1503 1533
f 1503 1507 1533
f 1529 1532 1531
f 1532 1534 1531
f 1532 1533 1534
f 1144 1295 1145
f 1144 1530 1295
f 1530 1535 1295
f 1296 1295 1396
f 1530 1531 1535
f 1535 1531 1536
f 1295 1535 1396
f 1535 1537 1396
f 1535 1536 1537
f 1531 1534 1536
f 1292 1509 1506
f 1292 1538 1509
f 1291 1538 1292
f 1291 1298 1538
f 1298 1301 1539
f 1298 1539 1538
f 1509 1538 1511
f 1538 1539 1511
f 1533 1540 1534
f 1534 1540 1541
f 1536 1534 1541
f 1536 1541 1542
f 1540 1543 1544
f 1540 1544 1541
f 1515 1527 1507
f 1507 1527 1545
f 1533 1507 1545
f 1533 1545 1540
f 1526 1546 1527
f 1526 1528 1546
f 1527 1547 1545
f 1527 1546 1547
f 1540 1545 1543
f 1543 1545 1547
f 1304 1317 1548
f 1510 1549 1521
f 1521 1549 1548
f 1548 1317 1550
f 1304 1548 1549
f 1510 1551 1549
f 1550 1319 1552
f 1550 1317 1319
f 1520 1521 1548
f 1520 1548 1550
f 1523 1520 1550
f 1523 1550 1552
f 1523 1552 1524
f 1524 1552 1553
f 1524 1553 1525
f 1525 1553 1554
f 1525 1554 1528
f 1305 1549 1551
f 1311 1539 1310
f 1311 1306 1551
f 1311 1511 1539
f 1304 1549 1305
f 1305 1551 1306
f 1315 1317 1304
f 1316 1319 1317
f 1510 1511 1551
f 1311 1551 1511
f 1320 1553 1552
f 1438 1554 1553
f 1320 1552 1319
f 1320 1438 1553
f 1301 1310 1539
f 1320 1319 1318
f 1438 1440 1554
f 1320 1321 1438
f 1440 1442 1555
f 1440 1555 1554
f 1546 1555 1556
f 1555 1442 1556
f 1547 1556 1557
f 1543 1547 1557
f 1528 1555 1546
f 1528 1554 1555
f 1546 1556 1547
f 1396 1537 1397
f 1536 1542 1537
f 1537 1558 1397
f 1537 1542 1558
f 1558 1542 1445
f 1445 1542 1559
f 1541 1544 1559
f 1541 1559 1542
f 1397 1558 1403
f 1558 1406 1403
f 1558 1445 1406
f 1556 1444 1557
f 1448 1559 1544
f 1448 1544 1560
f 1451 1560 1557
f 1438 1439 1440
f 1556 1442 1444
f 1444 1451 1557
f 1543 1560 1544
f 1543 1557 1560
f 1445 1559 1447
f 1448 1447 1559
f 1453 1448 1560
f 1451 1453 1560
f 1338 1561 1340
f 1336 1338 1340
f 1342 1561 1338
f 1342 1352 1561
f 1340 1561 1562
f 1340 1562 1343
f 1561 1563 1562
f 1561 1352 1563
f 1562 1564 1343
f 1562 1565 1564
f 1562 1563 1565
f 1563 1352 1566
f 1346 1343 1564
f 1566 1360 1567
f 1565 1563 1568
f 1563 1566 1568
f 1568 1566 1567
f 1353 1566 1352
f 1353 1360 1566
f 1360 1569 1567
f 1361 1569 1360
f 1361 1415 1569
f 1565 1570 1564
f 1565 1571 1570
f 1346 1564 1362
f 1564 1570 1362
f 1570 1572 1362
f 1570 1571 1573
f 1570 1573 1572
f 1574 1575 1573
f 1565 1568 1571
f 1568 1576 1571
f 1568 1567 1576
f 1571 1576 1574
f 1576 1577 1574
f 1567 1578 1576
f 1576 1578 1577
f 1571 1574 1573
f 1574 1577 1579
f 1577 1578 1580
f 1574 1579 1575
f 1577 1581 1579
f 1577 1580 1581
f 1370 1362 1572
f 1572 1582 1372
f 1370 1572 1372
f 1572 1573 1582
f 1573 1575 1582
f 1569 1415 1583
f 1583 1584 1585
f 1415 1584 1583
f 1584 1586 1585
f 1586 1587 1585
f 1586 1588 1587
f 1569 1578 1567
f 1578 1583 1580
f 1569 1583 1578
f 1580 1589 1581
f 1580 1583 1585
f 1580 1585 1589
f 1589 1585 1587
f 1582 1590 1372
f 1582 1591 1590
f 1592 20 1591
f 1575 1591 1582
f 1575 1579 1592
f 1575 1592 1591
f 1592 1593 20
f 1593 1594 20
f 1594 1595 20
f 1371 1372 1374
f 1372 1590 1374
f 1590 20 1374
f 1591 20 1590
f 1595 70 20
f 1588 87 86
f 1587 79 72
f 1587 88 79
f 1587 1588 88
f 1588 86 88
f 1579 1581 1593
f 1581 1589 1594
f 1592 1579 1593
f 1581 1594 1593
f 1594 1589 1595
f 1589 1587 1595
f 1587 72 1595
f 1595 72 70
f 1416 1584 1415
f 1584 1463 1586
f 1416 1463 1584
f 1588 1464 1596
f 1586 1463 1464
f 1462 1596 1464
f 1462 1469 1596
f 1586 1464 1588
f 1596 82 81
f 1596 83 82
f 1469 84 83
f 1469 85 84
f 1596 1469 83
f 1588 81 87
f 1588 1596 81
f 1597 1598 1599
f 1600 1597 1599
f 1601 1602 1603
f 1602 1604 1605
f 1601 1606 1599
f 1606 1600 1599
f 1601 1599 1602
f 1604 1607 1608
f 1604 1609 1605
f 1604 1610 1609
f 1604 1608 1610
f 1604 1611 1612
f 1604 1612 1607
f 1604 1613 1614
f 1604 1615 1613
f 1604 1616 1615
f 1604 1614 1611
f 1602 1599 1604
f 1604 1599 1616
f 1597 1617 1598
f 1600 1618 1597
f 1606 1619 1600
f 1601 1620 1606
f 1601 1621 1622
f 1601 1603 1623
f 1602 1624 1603
f 1601 1625 1621
f 1601 1623 1625
f 1602 1626 1627
f 1602 1627 1628
f 1602 1628 1629
f 1602 1629 1630
f 1602 1630 1624
f 1602 1605 1626
f 1622 1621 1631
f 1622 1632 1633
f 1622 1631 1632
f 1622 1633 1634
f 1635 1634 1636
f 1635 1636 1637
f 1635 1637 1638
f 1635 1638 1639
f 1635 1639 1640
f 1635 1640 1641
f 1635 1641 1642
f 1635 1642 1643
f 1644 1645 1646
f 1647 1643 1648
f 1647 1648 1649
f 1647 1649 1650
f 1647 1651 1652
f 1647 1650 1651
f 1647 1652 1653
f 1647 1653 1654
f 1647 1654 1655
f 1647 1655 1656
f 1644 1656 1645
f 1600 1619 1618
f 1597 1618 1617
f 1606 1620 1619
f 1601 1622 1620
f 1622 1634 1635
f 1635 1643 1647
f 1647 1656 1644
f 1619 1657 1618
f 1618 1658 1617
f 1620 1659 1619
f 1618 1657 1658
f 1619 1659 1657
f 1622 1660 1620
f 1622 1635 1661
f 1635 1647 1662
f 1647 1644 1663
f 1620 1660 1659
f 1622 1661 1660
f 1635 1662 1661
f 1657 1664 1658
f 1660 1664 1659
f 1657 1659 1664
f 1647 1663 1662
f 1663 1644 1665
f 1661 1664 1660
f 1661 1662 1664
f 1663 1664 1662
f 1663 1665 1664
f 1599 1666 1616
f 1667 1666 1599
f 1667 1668 1666
f 1667 1599 1669
f 1669 1599 1670
f 1670 1599 1671
f 1671 1599 1672
f 1672 1599 1673
f 1674 1675 1668
f 1667 1674 1668
f 1667 1669 1676
f 1644 1677 1678
f 1644 1679 1680
f 1644 1681 1679
f 1644 1646 1681
f 1644 1680 1677
f 1674 1682 1683
f 1674 1678 1682
f 1674 1684 1675
f 1674 1683 1684
f 1669 1670 1685
f 1670 1671 1686
f 1671 1672 1687
f 1672 1673 1688
f 1644 1678 1674
f 1667 1676 1674
f 1669 1685 1676
f 1670 1686 1685
f 1671 1687 1686
f 1672 1688 1687
f 1688 1673 1689
f 1644 1674 1665
f 1674 1676 1690
f 1676 1685 1691
f 1685 1686 1692
f 1674 1690 1665
f 1676 1691 1690
f 1665 1690 1664
f 1690 1691 1664
f 1691 1692 1664
f 1692 1693 1664
f 1685 1692 1691
f 1686 1693 1692
f 1693 1694 1664
f 1694 1695 1664
f 1695 1696 1664
f 1686 1687 1693
f 1694 1687 1688
f 1688 1689 1695
f 1693 1687 1694
f 1694 1688 1695
f 1695 1689 1696
f 1598 1697 1599
f 1697 1698 1599
f 1698 1699 1599
f 1699 1700 1599
f 1700 1701 1599
f 1701 1702 1703
f 1701 1703 1599
f 1599 1703 1704
f 1598 1705 1697
f 1697 1706 1698
f 1698 1707 1699
f 1699 1708 1700
f 1700 1709 1701
f 1701 1710 1702
f 1710 1711 1702
f 1710 1712 1711
f 1710 1713 1712
f 1710 1714 1713
f 1710 1715 1714
f 1716 1717 1715
f 1716 1718 1717
f 1716 1719 1718
f 1716 1720 1719
f 1716 1721 1720
f 1598 1617 1705
f 1697 1705 1706
f 1698 1706 1707
f 1699 1707 1708
f 1700 1708 1709
f 1701 1709 1710
f 1710 1716 1715
f 1617 1722 1705
f 1705 1723 1706
f 1706 1724 1707
f 1617 1658 1722
f 1705 1722 1723
f 1706 1723 1724
f 1725 1708 1707
f 1726 1709 1708
f 1709 1727 1710
f 1710 1728 1716
f 1724 1725 1707
f 1725 1726 1708
f 1658 1664 1722
f 1722 1664 1723
f 1723 1664 1724
f 1726 1727 1709
f 1710 1727 1728
f 1724 1664 1725
f 1725 1664 1726
f 1726 1664 1727
f 1727 1664 1728
f 1599 1704 1729
f 1599 1729 1730
f 1729 1704 1731
f 1729 1731 1732
f 1729 1732 1733
f 1729 1733 1734
f 1729 1734 1735
f 1729 1735 1736
f 1729 1736 1737
f 1729 1737 1738
f 1729 1738 1739
f 1729 1739 1740
f 1599 1730 1741
f 1599 1742 1743
f 1599 1741 1742
f 1729 1740 1730
f 1730 1744 1741
f 1599 1743 1745
f 1599 1745 1673
f 1730 1740 1746
f 1730 1747 1748
f 1730 1746 1747
f 1730 1748 1749
f 1730 1749 1750
f 1730 1750 1751
f 1730 1751 1744
f 1741 1744 1752
f 1741 1752 1753
f 1741 1753 1754
f 1716 1755 1721
f 1716 1756 1755
f 1757 1758 1756
f 1757 1759 1758
f 1757 1760 1759
f 1757 1761 1760
f 1757 1762 1761
f 1757 1763 1762
f 1757 1764 1763
f 1757 1765 1764
f 1757 1766 1765
f 1767 1768 1766
f 1767 1769 1768
f 1767 1770 1769
f 1767 1771 1770
f 1767 1772 1771
f 1767 1773 1772
f 1774 1754 1775
f 1767 1776 1773
f 1767 1777 1776
f 1774 1778 1777
f 1774 1779 1778
f 1774 1775 1779
f 1742 1741 1780
f 1743 1742 1781
f 1745 1743 1782
f 1673 1745 1689
f 1741 1754 1774
f 1716 1757 1756
f 1757 1767 1766
f 1767 1774 1777
f 1741 1774 1780
f 1742 1780 1781
f 1745 1782 1689
f 1743 1781 1782
f 1716 1783 1757
f 1784 1767 1757
f 1785 1774 1767
f 1786 1780 1774
f 1716 1728 1783
f 1784 1757 1783
f 1664 1783 1728
f 1664 1784 1783
f 1664 1785 1784
f 1664 1786 1785
f 1784 1785 1767
f 1786 1774 1785
f 1787 1780 1786
f 1664 1788 1787
f 1664 1787 1786
f 1664 1696 1788
f 1787 1781 1780
f 1689 1782 1696
f 1782 1781 1788
f 1787 1788 1781
f 1782 1788 1696
f 1789 1790 1791
f 1789 1792 1793
f 1793 1792 1794
f 1789 1793 1790
f 1789 1795 1792
f 1791 1790 1796
f 1793 1797 1790
f 1791 1796 1798
f 1791 1798 1799
f 1790 1800 1796
f 1791 1799 1801
f 1789 1791 1801
f 1789 1801 1795
f 1793 1794 1802
f 1802 1794 1803
f 1790 1797 1800
f 1802 1804 1797
f 1793 1802 1797
f 1802 1803 1805
f 1805 1803 1806
f 1802 1805 1804
f 1798 1807 1808
f 1796 1809 1807
f 1798 1808 1810
f 1798 1796 1807
f 1808 1811 1810
f 1811 1703 1702
f 1811 1702 1812
f 1810 1811 1812
f 1800 1813 1809
f 1796 1800 1809
f 1800 1814 1813
f 1808 1807 1704
f 1808 1704 1811
f 1807 1809 1704
f 1813 1814 1815
f 1809 1813 1704
f 1814 1816 1815
f 1811 1704 1703
f 1812 1702 1711
f 1812 1711 1712
f 1812 1712 1817
f 1817 1712 1713
f 1817 1713 1714
f 1813 1815 1704
f 1815 1818 1704
f 1816 1818 1815
f 1816 1819 1818
f 1798 1810 1799
f 1810 1820 1799
f 1799 1820 1821
f 1801 1799 1821
f 1801 1822 1795
f 1801 1821 1822
f 1810 1812 1820
f 1800 1797 1814
f 1814 1797 1804
f 1814 1804 1816
f 1804 1805 1823
f 1816 1804 1823
f 1812 1824 1820
f 1812 1817 1824
f 1820 1824 1825
f 1820 1825 1821
f 1822 1821 1826
f 1821 1825 1826
f 1792 1827 1794
f 1792 1828 1827
f 1792 1795 1828
f 1827 1829 1794
f 1794 1829 1803
f 1829 1830 1803
f 1827 1831 1829
f 1827 1832 1831
f 1829 1833 1830
f 1829 1831 1833
f 1795 1834 1828
f 1803 1830 1806
f 1827 1828 1832
f 1831 1835 1833
f 1831 1836 1835
f 1833 1835 1837
f 1831 1832 1836
f 1795 1822 1834
f 1828 1834 1838
f 1828 1838 1832
f 1822 1839 1834
f 1822 1826 1839
f 1817 1714 1715
f 1817 1715 1840
f 1840 1715 1717
f 1840 1717 1718
f 1840 1718 1841
f 1841 1718 1719
f 1841 1719 1720
f 1817 1842 1824
f 1817 1840 1842
f 1840 1841 1843
f 1840 1843 1842
f 1824 1842 1844
f 1824 1844 1825
f 1825 1845 1826
f 1825 1844 1845
f 1805 1806 1846
f 1818 1731 1704
f 1818 1819 1731
f 1819 1732 1731
f 1819 1847 1732
f 1847 1733 1732
f 1847 1734 1733
f 1847 1735 1734
f 1847 1848 1735
f 1848 1736 1735
f 1816 1823 1819
f 1823 1849 1819
f 1823 1846 1849
f 1805 1846 1823
f 1846 1806 1850
f 1846 1851 1849
f 1846 1850 1851
f 1850 1852 1851
f 1819 1849 1847
f 1847 1849 1853
f 1849 1851 1853
f 1847 1853 1848
f 1848 1853 1854
f 1853 1855 1854
f 1851 1852 1855
f 1851 1855 1853
f 1855 1852 1856
f 1833 1857 1830
f 1830 1858 1806
f 1806 1858 1850
f 1830 1857 1858
f 1857 1859 1858
f 1858 1859 1860
f 1833 1837 1857
f 1857 1837 1861
f 1835 1862 1837
f 1837 1863 1861
f 1837 1862 1863
f 1862 1864 1863
f 1863 1864 1865
f 1835 1836 1866
f 1857 1861 1859
f 1861 1867 1868
f 1861 1868 1859
f 1835 1866 1862
f 1862 1866 1869
f 1861 1863 1867
f 1862 1869 1864
f 1863 1865 1867
f 1859 1868 1870
f 1867 1865 1871
f 1867 1872 1868
f 1867 1871 1872
f 1872 1871 1873
f 1858 1860 1850
f 1850 1860 1852
f 1834 1839 1874
f 1834 1874 1838
f 1860 1875 1852
f 1859 1870 1860
f 1860 1870 1875
f 1870 1876 1875
f 1852 1875 1856
f 1875 1877 1856
f 1875 1876 1877
f 1876 1878 1877
f 1832 1879 1836
f 1832 1838 1879
f 1836 1879 1880
f 1836 1880 1866
f 1866 1881 1869
f 1866 1880 1881
f 1838 1882 1879
f 1838 1874 1882
f 1879 1882 1883
f 1879 1883 1880
f 1870 1868 1884
f 1868 1872 1884
f 1870 1884 1876
f 1884 1885 1876
f 1884 1886 1885
f 1872 1886 1884
f 1872 1873 1886
f 1886 1873 1887
f 1880 1888 1881
f 1880 1883 1888
f 1886 1887 1889
f 1876 1885 1878
f 1885 1889 1890
f 1878 1885 1890
f 1886 1889 1885
f 1889 1887 1891
f 1889 1891 1892
f 1889 1892 1890
f 1892 1891 1893
f 1848 1737 1736
f 1848 1738 1737
f 1738 1894 1739
f 1848 1894 1738
f 1895 1720 1721
f 1841 1720 1895
f 1895 1721 1755
f 1895 1755 1756
f 1895 1756 1758
f 1896 1758 1759
f 1896 1759 1760
f 1895 1758 1896
f 1897 1763 1764
f 1898 1760 1761
f 1896 1760 1898
f 1898 1761 1762
f 1897 1762 1763
f 1894 1746 1740
f 1894 1740 1739
f 1894 1899 1746
f 1899 1747 1746
f 1899 1748 1747
f 1900 1749 1748
f 1900 1750 1749
f 1900 1751 1750
f 1899 1900 1748
f 1897 1764 1765
f 1898 1762 1897
f 1901 1754 1753
f 1902 1744 1751
f 1902 1752 1744
f 1902 1753 1752
f 1901 1775 1754
f 1900 1902 1751
f 1901 1903 1775
f 1841 1895 1904
f 1841 1904 1843
f 1842 1843 1905
f 1895 1896 1906
f 1895 1906 1904
f 1843 1904 1907
f 1842 1905 1844
f 1844 1908 1845
f 1844 1905 1908
f 1843 1907 1905
f 1905 1909 1908
f 1848 1854 1894
f 1894 1854 1910
f 1854 1911 1910
f 1894 1910 1899
f 1899 1912 1900
f 1899 1910 1912
f 1854 1855 1911
f 1855 1856 1911
f 1911 1856 1913
f 1910 1911 1914
f 1915 1765 1766
f 1915 1766 1768
f 1915 1768 1769
f 1897 1765 1915
f 1916 1769 1770
f 1916 1770 1771
f 1917 1779 1775
f 1918 1771 1772
f 1918 1772 1773
f 1918 1773 1776
f 1915 1769 1916
f 1916 1771 1918
f 1904 1919 1907
f 1905 1907 1909
f 1896 1898 1920
f 1896 1920 1906
f 1904 1906 1919
f 1898 1897 1921
f 1898 1921 1920
f 1906 1920 1922
f 1897 1915 1923
f 1906 1922 1919
f 1907 1924 1909
f 1907 1919 1924
f 1897 1923 1921
f 1920 1921 1925
f 1920 1925 1922
f 1919 1922 1926
f 1919 1926 1924
f 1901 1753 1927
f 1902 1927 1753
f 1903 1928 1775
f 1901 1929 1903
f 1928 1930 1775
f 1901 1927 1929
f 1903 1931 1928
f 1930 1932 1775
f 1930 1933 1932
f 1928 1934 1930
f 1903 1929 1931
f 1911 1913 1914
f 1900 1912 1935
f 1900 1935 1902
f 1910 1914 1912
f 1902 1936 1927
f 1902 1935 1936
f 1912 1937 1935
f 1912 1914 1937
f 1914 1913 1938
f 1914 1938 1937
f 1935 1937 1939
f 1937 1938 1940
f 1917 1775 1941
f 1941 1775 1942
f 1943 1776 1777
f 1943 1777 1778
f 1943 1778 1779
f 1942 1775 1944
f 1917 1945 1779
f 1918 1776 1943
f 1944 1775 1932
f 1917 1941 1946
f 1941 1942 1947
f 1943 1779 1945
f 1917 1946 1945
f 1930 1948 1933
f 1942 1944 1949
f 1933 1950 1932
f 1944 1932 1951
f 1928 1931 1934
f 1930 1934 1948
f 1941 1947 1946
f 1933 1948 1950
f 1942 1949 1947
f 1944 1951 1949
f 1932 1950 1951
f 1935 1939 1936
f 1915 1916 1952
f 1915 1952 1923
f 1921 1923 1953
f 1916 1918 1954
f 1918 1943 1955
f 1916 1954 1952
f 1921 1953 1925
f 1922 1925 1956
f 1922 1956 1926
f 1927 1957 1929
f 1927 1936 1957
f 1929 1958 1931
f 1929 1957 1958
f 1936 1959 1957
f 1931 1960 1934
f 1931 1958 1960
f 1936 1939 1959
f 1937 1940 1939
f 1939 1940 1961
f 1939 1961 1959
f 1943 1945 1962
f 1918 1955 1954
f 1957 1963 1958
f 1945 1946 1964
f 1943 1962 1955
f 1957 1959 1963
f 1959 1961 1965
f 1826 1966 1839
f 1826 1845 1966
f 1839 1966 1967
f 1839 1967 1874
f 1967 1966 1968
f 1845 1969 1966
f 1845 1908 1969
f 1966 1969 1968
f 1856 1877 1913
f 1908 1970 1969
f 1969 1971 1968
f 1874 1972 1882
f 1874 1967 1972
f 1882 1972 1973
f 1967 1974 1972
f 1882 1973 1883
f 1883 1975 1888
f 1883 1973 1975
f 1972 1976 1973
f 1973 1977 1975
f 1973 1976 1977
f 1967 1968 1974
f 1972 1974 1976
f 1968 1978 1974
f 1968 1971 1978
f 1908 1909 1970
f 1909 1979 1970
f 1909 1924 1979
f 1969 1970 1971
f 1970 1980 1971
f 1970 1979 1980
f 1877 1981 1913
f 1913 1981 1938
f 1877 1878 1981
f 1878 1982 1981
f 1981 1982 1983
f 1981 1983 1938
f 1938 1983 1940
f 1982 1984 1983
f 1983 1985 1940
f 1983 1984 1985
f 1984 1986 1985
f 1878 1890 1982
f 1890 1987 1982
f 1890 1892 1987
f 1982 1987 1984
f 1892 1988 1987
f 1892 1893 1988
f 1974 1978 1989
f 1974 1989 1976
f 1976 1990 1977
f 1976 1989 1990
f 1990 1989 1991
f 1984 1987 1992
f 1987 1988 1992
f 1988 1893 1993
f 1988 1994 1992
f 1988 1993 1994
f 1994 1993 1995
f 1984 1992 1986
f 1992 1994 1996
f 1992 1996 1986
f 1994 1995 1997
f 1994 1997 1996
f 1924 1998 1979
f 1924 1926 1998
f 1979 1998 1999
f 1979 1999 1980
f 1999 1998 2000
f 1940 1985 1961
f 1985 2001 1961
f 1985 1986 2001
f 1986 2002 2001
f 1961 2001 1965
f 1971 2003 1978
f 1971 1980 2003
f 1978 2003 2004
f 1980 2005 2003
f 2003 2005 2006
f 1978 2004 1989
f 1989 2004 1991
f 2004 2003 2006
f 1980 1999 2005
f 1986 1996 2002
f 2004 2007 1991
f 2004 2006 2007
f 2006 2008 2007
f 1999 2009 2005
f 2005 2009 2010
f 1999 2000 2009
f 2000 2011 2009
f 2009 2011 2012
f 2006 2005 2010
f 2006 2010 2008
f 2010 2013 2008
f 2009 2012 2010
f 1934 2014 1948
f 1934 1960 2014
f 1958 2015 1960
f 1946 1947 2016
f 1947 1949 2017
f 1948 2018 1950
f 1948 2014 2018
f 1950 2019 1951
f 1949 1951 2020
f 1960 2021 2014
f 1959 1965 1963
f 1958 1963 2015
f 1963 1965 2022
f 1960 2015 2021
f 1963 2022 2015
f 1950 2018 2019
f 1997 2023 1996
f 1997 1995 2024
f 1997 2024 2025
f 2024 2026 2025
f 2001 2027 1965
f 1965 2027 2022
f 2027 2028 2022
f 2001 2002 2027
f 2002 2029 2027
f 2029 2028 2027
f 2029 2030 2028
f 1996 2023 2002
f 2002 2023 2029
f 2023 2031 2029
f 2023 2025 2031
f 1997 2025 2023
f 2025 2026 2032
f 2032 2026 2033
f 2025 2032 2031
f 2031 2030 2029
f 2031 2032 2034
f 2010 2012 2013
f 2012 2035 2013
f 2012 2036 2035
f 2032 2033 2037
f 2037 2033 2038
f 2031 2034 2030
f 2030 2034 2039
f 2034 2037 2040
f 2032 2037 2034
f 2037 2038 2041
f 2041 2038 2042
f 2037 2041 2040
f 2041 2042 2043
f 2043 2042 2044
f 1864 2045 1865
f 1864 2046 2045
f 1864 1869 2046
f 1865 2047 1871
f 2045 2047 1865
f 2047 2048 1871
f 1871 2048 1873
f 2045 2049 2047
f 2047 2049 2050
f 2045 2046 2051
f 2045 2051 2049
f 2047 2050 2048
f 2048 2050 2052
f 2048 2052 2053
f 2049 2054 2050
f 2050 2055 2052
f 2050 2054 2055
f 2049 2056 2054
f 2054 2057 2055
f 1869 2058 2046
f 1869 1881 2058
f 2048 2053 1873
f 2049 2051 2056
f 2046 2059 2051
f 2046 2058 2059
f 2051 2059 2060
f 1881 2061 2058
f 1881 1888 2061
f 1888 2062 2061
f 2058 2063 2059
f 2058 2061 2063
f 2054 2056 2064
f 2051 2060 2056
f 2054 2064 2057
f 2055 2065 2052
f 2055 2066 2065
f 2055 2057 2066
f 1873 2053 1887
f 1887 2067 1891
f 2053 2067 1887
f 2052 2068 2053
f 2053 2068 2067
f 2052 2065 2068
f 2067 2068 2069
f 2067 2069 2070
f 2068 2071 2069
f 1891 2070 1893
f 2067 2070 1891
f 2061 2072 2063
f 2059 2063 2073
f 2069 2074 2070
f 2069 2075 2074
f 2070 2076 1893
f 2070 2074 2076
f 2074 2077 2076
f 2076 2077 2078
f 2074 2079 2077
f 2077 2080 2081
f 2068 2065 2071
f 2065 2082 2071
f 2069 2071 2075
f 2071 2083 2075
f 2065 2066 2082
f 2057 2084 2066
f 2057 2085 2084
f 2066 2086 2082
f 2066 2084 2086
f 2056 2087 2064
f 2057 2064 2085
f 2071 2082 2083
f 2082 2088 2083
f 2082 2086 2088
f 2083 2089 2075
f 2083 2088 2090
f 2059 2073 2060
f 2056 2060 2087
f 2063 2091 2073
f 2060 2073 2092
f 2060 2092 2087
f 2064 2087 2093
f 2064 2093 2085
f 2087 2092 2094
f 2087 2094 2093
f 2083 2090 2089
f 2090 2095 2089
f 2074 2075 2079
f 2075 2089 2079
f 2077 2079 2080
f 2079 2096 2080
f 2080 2097 2098
f 2079 2089 2096
f 2089 2095 2096
f 2096 2095 2099
f 2096 2097 2080
f 2096 2099 2097
f 2097 2099 2100
f 2097 2100 2101
f 2084 2102 2086
f 2084 2085 2103
f 2084 2103 2102
f 2086 2104 2088
f 2086 2102 2104
f 2088 2105 2090
f 2088 2104 2105
f 2102 2106 2104
f 2104 2106 2107
f 2102 2103 2108
f 2102 2108 2106
f 2104 2107 2105
f 2105 2107 2109
f 2106 2110 2107
f 2107 2111 2109
f 2085 2093 2112
f 2085 2112 2103
f 2093 2094 2113
f 2093 2113 2112
f 2103 2112 2114
f 2103 2114 2108
f 2106 2108 2115
f 2108 2114 2116
f 2090 2117 2095
f 2105 2117 2090
f 2105 2109 2117
f 2109 2118 2117
f 2109 2119 2118
f 2095 2120 2099
f 2095 2117 2120
f 2120 2121 2099
f 2099 2121 2100
f 2121 2122 2100
f 2117 2118 2120
f 2120 2118 2123
f 2118 2124 2123
f 2112 2125 2114
f 2112 2113 2125
f 2114 2125 2126
f 2120 2123 2121
f 2121 2123 2127
f 2123 2128 2127
f 2121 2127 2122
f 2127 2129 2122
f 2127 2130 2129
f 2106 2115 2110
f 2107 2110 2111
f 2110 2131 2111
f 2108 2116 2115
f 2110 2115 2132
f 2110 2132 2131
f 2109 2111 2119
f 2111 2133 2119
f 2111 2131 2133
f 2118 2119 2124
f 2115 2134 2132
f 2119 2135 2124
f 2119 2133 2135
f 2124 2135 2136
f 2114 2126 2116
f 2115 2116 2134
f 2116 2126 2137
f 2116 2137 2134
f 2123 2124 2128
f 2127 2128 2130
f 2124 2136 2128
f 2128 2136 2138
f 2128 2138 2130
f 2130 2138 2139
f 2126 2140 2137
f 2131 2141 2133
f 2133 2142 2135
f 2131 2132 2143
f 2132 2134 2144
f 2135 2145 2136
f 2136 2146 2138
f 2138 2147 2139
f 2133 2141 2142
f 2135 2142 2145
f 2131 2143 2141
f 2132 2144 2143
f 2136 2145 2146
f 2138 2146 2147
f 2141 2148 2142
f 2141 2143 2148
f 2142 2148 2145
f 2149 2134 2137
f 2137 2140 2150
f 2144 2134 2149
f 2149 2137 2150
f 2143 2144 2148
f 2150 2140 2151
f 1888 1975 2062
f 1975 1977 2152
f 1975 2152 2062
f 2061 2062 2072
f 2063 2072 2091
f 2062 2153 2072
f 2062 2152 2153
f 2072 2153 2154
f 1977 1990 2155
f 2152 1977 2155
f 1990 2156 2155
f 2152 2157 2153
f 2152 2155 2157
f 1893 2076 1993
f 2076 2078 1993
f 1993 2078 1995
f 2078 2158 1995
f 2077 2081 2078
f 2081 2158 2078
f 2081 2098 2159
f 2081 2159 2158
f 1990 1991 2156
f 1995 2158 2024
f 2153 2157 2160
f 2155 2161 2157
f 2155 2156 2161
f 2157 2161 2162
f 2161 2163 2164
f 2073 2091 2165
f 2072 2154 2091
f 2073 2165 2092
f 2165 2091 2166
f 2092 2165 2167
f 2092 2167 2094
f 2153 2160 2154
f 2091 2154 2166
f 2081 2080 2098
f 2165 2168 2167
f 2154 2169 2166
f 2165 2166 2168
f 2166 2170 2168
f 2098 2097 2101
f 2166 2169 2170
f 2157 2162 2160
f 2154 2160 2169
f 2160 2162 2171
f 2162 2161 2164
f 2160 2171 2169
f 2169 2172 2170
f 2169 2171 2172
f 2162 2173 2171
f 1991 2007 2174
f 2156 1991 2174
f 2007 2008 2175
f 2174 2007 2175
f 2156 2174 2163
f 2156 2163 2161
f 2174 2176 2163
f 2094 2167 2177
f 2167 2168 2178
f 2094 2177 2113
f 2167 2178 2177
f 2168 2170 2179
f 2168 2179 2178
f 2170 2180 2179
f 2113 2177 2181
f 2113 2181 2125
f 2125 2181 2182
f 2177 2178 2183
f 2177 2183 2181
f 2181 2183 2184
f 2178 2179 2185
f 2178 2185 2183
f 2183 2185 2186
f 2170 2172 2180
f 2125 2182 2126
f 2181 2184 2182
f 2183 2186 2184
f 2126 2182 2140
f 2182 2187 2140
f 2182 2184 2187
f 2184 2186 2188
f 2187 2184 2188
f 2140 2187 2151
f 2100 2189 2101
f 2100 2122 2189
f 2122 2190 2189
f 2122 2129 2190
f 2190 2129 2191
f 2129 2192 2191
f 2191 2193 2194
f 2130 2192 2129
f 2191 2192 2193
f 2130 2139 2192
f 2192 2195 2193
f 2139 2195 2192
f 2193 2195 2196
f 2193 2196 2197
f 2194 2193 2197
f 2197 2198 2199
f 2197 2196 2198
f 2139 2147 2200
f 2145 2148 2146
f 2146 2148 2147
f 2139 2200 2195
f 2201 2196 2195
f 2202 2198 2196
f 2200 2201 2195
f 2201 2202 2196
f 2144 2149 2148
f 2147 2148 2200
f 2149 2150 2148
f 2150 2151 2148
f 2151 2203 2148
f 2200 2148 2201
f 2201 2148 2202
f 2202 2148 2204
f 2204 2148 2205
f 2203 2206 2148
f 2206 2207 2148
f 2207 2208 2148
f 2187 2203 2151
f 2203 2188 2206
f 2202 2204 2198
f 2204 2205 2209
f 2205 2148 2210
f 2148 2211 2210
f 2148 2212 2211
f 2148 2213 2212
f 2148 2214 2213
f 2148 2215 2214
f 2148 2208 2216
f 2148 2216 2217
f 2148 2217 2218
f 2148 2218 2219
f 2148 2219 2220
f 2148 2220 2221
f 2204 2209 2198
f 2205 2222 2209
f 2210 2223 2222
f 2148 2224 2215
f 2148 2225 2224
f 2148 2226 2227
f 2148 2228 2225
f 2148 2227 2228
f 2205 2210 2222
f 2210 2211 2223
f 2211 2212 2229
f 2148 2221 2226
f 2212 2213 2230
f 2213 2214 2231
f 2214 2215 2232
f 2215 2224 2233
f 2158 2159 2234
f 2159 2235 2236
f 2158 2234 2024
f 2234 2026 2024
f 2234 2237 2026
f 2159 2236 2234
f 2234 2236 2237
f 2236 2238 2239
f 2236 2239 2237
f 2239 2240 2237
f 2239 2241 2242
f 2239 2242 2240
f 2098 2101 2235
f 2098 2235 2159
f 2236 2235 2238
f 2235 2243 2238
f 2101 2243 2235
f 2101 2189 2243
f 2243 2189 2244
f 2238 2243 2245
f 2243 2244 2245
f 2245 2244 2246
f 2245 2246 2247
f 2247 2246 2248
f 2162 2164 2173
f 2239 2238 2241
f 2238 2245 2241
f 2171 2249 2172
f 2173 2164 2250
f 2171 2173 2249
f 2173 2251 2249
f 2173 2250 2251
f 2245 2247 2241
f 2251 2250 2252
f 2241 2247 2253
f 2241 2253 2242
f 2253 2254 2255
f 2253 2247 2254
f 2247 2248 2254
f 2254 2248 2256
f 2254 2256 2257
f 2257 2256 2258
f 2254 2257 2255
f 2257 2258 2259
f 2258 2260 2259
f 2026 2237 2033
f 2237 2240 2033
f 2163 2176 2261
f 2174 2175 2176
f 2175 2262 2263
f 2175 2263 2176
f 2176 2263 2264
f 2263 2265 2266
f 2008 2013 2262
f 2008 2262 2175
f 2013 2267 2262
f 2013 2035 2267
f 2267 2035 2268
f 2263 2262 2265
f 2265 2262 2267
f 2240 2038 2033
f 2240 2269 2038
f 2240 2242 2269
f 2242 2270 2269
f 2253 2270 2242
f 2270 2255 2271
f 2270 2272 2269
f 2270 2271 2272
f 2035 2273 2268
f 2269 2042 2038
f 2272 2044 2042
f 2269 2272 2042
f 2265 2267 2274
f 2265 2274 2275
f 2267 2268 2274
f 2268 2276 2274
f 2277 2274 2276
f 2268 2278 2276
f 2276 2278 2279
f 2276 2279 2280
f 2163 2261 2164
f 2176 2264 2261
f 2164 2261 2250
f 2261 2264 2281
f 2263 2266 2264
f 2261 2281 2250
f 2281 2264 2282
f 2250 2281 2252
f 2281 2283 2252
f 2253 2255 2270
f 2265 2275 2266
f 2264 2266 2282
f 2266 2275 2284
f 2271 2255 2285
f 2257 2285 2255
f 2275 2277 2286
f 2281 2282 2283
f 2282 2287 2283
f 2282 2284 2287
f 2282 2266 2284
f 2257 2259 2285
f 2284 2288 2287
f 2286 2289 2288
f 2275 2286 2284
f 2277 2290 2286
f 2284 2286 2288
f 2275 2274 2277
f 2277 2276 2280
f 2260 2291 2259
f 2260 2292 2291
f 2271 2285 2293
f 2272 2294 2044
f 2294 2295 2044
f 2294 2296 2295
f 2272 2271 2294
f 2271 2293 2294
f 2293 2296 2294
f 2293 2297 2298
f 2279 2299 2300
f 2279 2300 2301
f 2293 2298 2296
f 2302 2303 2298
f 2298 2303 2304
f 2296 2298 2304
f 2300 2305 2306
f 2303 2307 2308
f 2309 2307 2303
f 2305 2310 2311
f 2307 2312 2313
f 2310 2313 2314
f 2285 2259 2297
f 2285 2297 2293
f 2291 2302 2297
f 2297 2302 2298
f 2315 2309 2302
f 2259 2291 2297
f 2291 2292 2315
f 2315 2292 2316
f 2286 2290 2289
f 2290 2317 2289
f 2290 2318 2317
f 2315 2316 2319
f 2319 2316 2320
f 2291 2315 2302
f 2315 2319 2309
f 2318 2321 2317
f 2318 2322 2321
f 2322 2323 2321
f 2322 2324 2323
f 2277 2280 2290
f 2318 2280 2301
f 2279 2301 2280
f 2302 2309 2303
f 2322 2301 2306
f 2300 2306 2301
f 2305 2311 2306
f 2290 2280 2318
f 2318 2301 2322
f 2322 2306 2324
f 2325 2320 2326
f 2319 2325 2312
f 2319 2320 2325
f 2324 2327 2323
f 2325 2326 2328
f 2328 2326 2327
f 2324 2328 2327
f 2309 2312 2307
f 2309 2319 2312
f 2324 2306 2311
f 2325 2314 2312
f 2328 2311 2314
f 2310 2314 2311
f 2313 2312 2314
f 2324 2311 2328
f 2325 2328 2314
f 2189 2190 2244
f 2190 2329 2244
f 2329 2246 2244
f 2329 2330 2246
f 2246 2330 2248
f 2330 2331 2248
f 2190 2191 2329
f 2329 2191 2194
f 2179 2180 2332
f 2179 2332 2185
f 2185 2332 2333
f 2332 2334 2335
f 2329 2194 2330
f 2194 2336 2330
f 2336 2331 2330
f 2336 2337 2331
f 2194 2197 2336
f 2336 2199 2337
f 2172 2249 2338
f 2172 2338 2180
f 2338 2249 2339
f 2249 2251 2339
f 2251 2252 2340
f 2251 2340 2339
f 2180 2338 2334
f 2332 2180 2334
f 2338 2341 2334
f 2338 2339 2341
f 2339 2340 2342
f 2339 2342 2341
f 2334 2341 2343
f 2341 2342 2344
f 2248 2331 2256
f 2331 2345 2256
f 2346 2347 2337
f 2331 2337 2345
f 2345 2337 2347
f 2345 2347 2348
f 2347 2349 2350
f 2347 2350 2348
f 2350 2351 2352
f 2350 2353 2351
f 2351 2354 2355
f 2345 2258 2256
f 2356 2252 2283
f 2340 2252 2356
f 2356 2283 2357
f 2258 2348 2260
f 2345 2348 2258
f 2348 2352 2260
f 2357 2287 2358
f 2340 2359 2342
f 2342 2359 2360
f 2359 2361 2362
f 2340 2356 2359
f 2356 2357 2361
f 2356 2361 2359
f 2350 2352 2348
f 2351 2363 2352
f 2361 2364 2365
f 2364 2366 2367
f 2364 2357 2358
f 2361 2357 2364
f 2364 2358 2366
f 2366 2358 2368
f 2186 2369 2188
f 2185 2333 2186
f 2332 2335 2333
f 2186 2333 2369
f 2333 2335 2370
f 2333 2370 2369
f 2336 2197 2199
f 2199 2346 2337
f 2199 2198 2209
f 2199 2209 2346
f 2209 2222 2346
f 2334 2343 2335
f 2335 2371 2370
f 2335 2343 2371
f 2343 2344 2372
f 2343 2372 2371
f 2344 2373 2372
f 2187 2188 2203
f 2206 2188 2369
f 2207 2369 2370
f 2208 2370 2371
f 2206 2369 2207
f 2207 2370 2208
f 2208 2371 2216
f 2216 2371 2372
f 2211 2229 2223
f 2217 2372 2373
f 2218 2373 2374
f 2216 2372 2217
f 2217 2373 2218
f 2218 2374 2219
f 2219 2375 2220
f 2220 2376 2221
f 2341 2344 2343
f 2346 2349 2347
f 2222 2349 2346
f 2222 2223 2349
f 2223 2353 2349
f 2223 2229 2353
f 2350 2349 2353
f 2344 2360 2373
f 2373 2360 2374
f 2374 2360 2362
f 2374 2362 2375
f 2229 2354 2353
f 2229 2230 2354
f 2377 2230 2231
f 2351 2353 2354
f 2354 2377 2355
f 2354 2230 2377
f 2375 2362 2365
f 2376 2365 2367
f 2375 2365 2376
f 2377 2231 2378
f 2231 2232 2378
f 2379 2367 2380
f 2376 2367 2379
f 2212 2230 2229
f 2219 2374 2375
f 2220 2375 2376
f 2213 2231 2230
f 2214 2232 2231
f 2221 2376 2379
f 2221 2379 2226
f 2227 2226 2381
f 2224 2225 2382
f 2227 2383 2228
f 2225 2228 2384
f 2215 2233 2232
f 2226 2379 2381
f 2224 2382 2233
f 2227 2381 2383
f 2225 2384 2382
f 2228 2383 2384
f 2342 2360 2344
f 2359 2362 2360
f 2361 2365 2362
f 2364 2367 2365
f 2366 2380 2367
f 2283 2287 2357
f 2358 2287 2288
f 2358 2288 2368
f 2377 2385 2355
f 2385 2378 2386
f 2352 2363 2292
f 2352 2292 2260
f 2363 2316 2292
f 2363 2387 2316
f 2387 2320 2316
f 2387 2388 2320
f 2388 2389 2326
f 2351 2355 2363
f 2355 2387 2363
f 2355 2385 2387
f 2366 2390 2380
f 2390 2391 2392
f 2366 2368 2390
f 2390 2368 2393
f 2390 2393 2391
f 2391 2393 2394
f 2387 2385 2388
f 2388 2385 2386
f 2386 2395 2389
f 2386 2396 2395
f 2397 2398 2391
f 2395 2399 2400
f 2397 2400 2401
f 2397 2391 2394
f 2388 2386 2389
f 2397 2402 2400
f 2397 2394 2402
f 2395 2400 2403
f 2395 2403 2389
f 2400 2402 2403
f 2377 2378 2385
f 2386 2378 2396
f 2232 2396 2378
f 2232 2233 2396
f 2392 2381 2380
f 2379 2380 2381
f 2392 2383 2381
f 2396 2233 2399
f 2399 2233 2382
f 2398 2384 2383
f 2392 2398 2383
f 2395 2396 2399
f 2400 2399 2401
f 2399 2382 2401
f 2401 2382 2384
f 2398 2401 2384
f 2390 2392 2380
f 2391 2398 2392
f 2397 2401 2398
f 2288 2289 2368
f 2393 2289 2317
f 2368 2289 2393
f 2393 2317 2394
f 2317 2321 2394
f 2388 2326 2320
f 2402 2321 2323
f 2394 2321 2402
f 2389 2327 2326
f 2403 2323 2327
f 2402 2323 2403
f 2389 2403 2327
f 1923 1952 2404
f 1923 2404 1953
f 1925 1953 2405
f 1925 2405 1956
f 1952 1954 2406
f 1945 1964 1962
f 1954 1955 2407
f 1952 2406 2404
f 1953 2404 2408
f 1953 2408 2405
f 1954 2407 2406
f 2404 2406 2409
f 2404 2409 2408
f 1926 1956 2410
f 1926 2410 1998
f 1998 2410 2000
f 1956 2411 2410
f 1956 2405 2411
f 2000 2410 2412
f 2410 2411 2412
f 2412 2411 2413
f 2405 2414 2411
f 2405 2408 2414
f 2000 2412 2011
f 1946 2016 1964
f 1955 1962 2415
f 1947 2017 2016
f 1962 1964 2416
f 2015 2022 2417
f 1955 2415 2407
f 2406 2407 2418
f 2406 2418 2409
f 1962 2416 2415
f 2407 2415 2419
f 1949 2020 2017
f 1951 2019 2020
f 2014 2420 2018
f 2018 2421 2019
f 2014 2021 2420
f 2015 2417 2021
f 2021 2417 2422
f 2018 2420 2421
f 1964 2016 2423
f 2016 2017 2424
f 1964 2423 2416
f 2021 2422 2420
f 2420 2422 2425
f 2016 2424 2423
f 2407 2419 2418
f 2415 2416 2426
f 2415 2426 2419
f 2019 2427 2020
f 2017 2020 2428
f 2019 2421 2427
f 2017 2428 2424
f 2420 2425 2421
f 2020 2427 2428
f 2421 2429 2427
f 2421 2425 2429
f 2416 2423 2430
f 2416 2430 2426
f 2423 2424 2431
f 2423 2431 2430
f 2427 2432 2428
f 2427 2429 2432
f 2424 2428 2433
f 2424 2433 2431
f 2428 2432 2433
f 2408 2434 2414
f 2408 2409 2434
f 2411 2414 2413
f 2413 2414 2435
f 2414 2434 2435
f 2435 2434 2436
f 2022 2028 2417
f 2028 2437 2417
f 2030 2437 2028
f 2030 2039 2437
f 2039 2438 2437
f 2039 2439 2438
f 2417 2437 2422
f 2437 2438 2422
f 2412 2440 2011
f 2011 2440 2036
f 2412 2413 2440
f 2440 2413 2441
f 2440 2441 2442
f 2011 2036 2012
f 2440 2442 2036
f 2036 2273 2035
f 2036 2442 2273
f 2413 2435 2441
f 2039 2034 2040
f 2041 2443 2040
f 2039 2040 2439
f 2040 2443 2439
f 2442 2444 2273
f 2442 2441 2445
f 2442 2445 2444
f 2445 2446 2444
f 2445 2447 2446
f 2435 2448 2441
f 2441 2448 2445
f 2435 2436 2448
f 2448 2449 2447
f 2436 2449 2448
f 2436 2450 2449
f 2448 2447 2445
f 2409 2418 2451
f 2409 2451 2434
f 2418 2452 2451
f 2418 2419 2452
f 2419 2453 2452
f 2419 2426 2453
f 2434 2451 2436
f 2436 2451 2450
f 2451 2452 2450
f 2450 2452 2454
f 2422 2438 2425
f 2425 2438 2455
f 2439 2455 2438
f 2439 2456 2455
f 2443 2043 2457
f 2041 2043 2443
f 2043 2044 2458
f 2043 2458 2457
f 2447 2459 2446
f 2458 2044 2295
f 2458 2295 2460
f 2460 2295 2461
f 2443 2456 2439
f 2443 2457 2456
f 2449 2450 2462
f 2449 2462 2463
f 2457 2458 2464
f 2456 2457 2465
f 2465 2457 2464
f 2462 2466 2467
f 2447 2449 2463
f 2447 2463 2459
f 2458 2460 2464
f 2463 2468 2459
f 2463 2467 2468
f 2463 2462 2467
f 2469 2461 2470
f 2464 2471 2472
f 2460 2471 2464
f 2466 2473 2474
f 2471 2469 2475
f 2460 2469 2471
f 2460 2461 2469
f 2467 2476 2468
f 2467 2474 2476
f 2474 2477 2476
f 2466 2474 2467
f 2474 2473 2478
f 2469 2470 2478
f 2478 2470 2477
f 2469 2478 2475
f 2474 2478 2477
f 2425 2455 2429
f 2455 2479 2429
f 2452 2453 2454
f 2456 2479 2455
f 2456 2465 2479
f 2480 2453 2481
f 2454 2453 2480
f 2426 2481 2453
f 2426 2430 2481
f 2430 2482 2481
f 2429 2479 2432
f 2479 2483 2432
f 2465 2483 2479
f 2480 2481 2484
f 2465 2472 2483
f 2472 2485 2486
f 2430 2431 2482
f 2432 2483 2433
f 2431 2433 2486
f 2431 2486 2482
f 2433 2483 2486
f 2481 2482 2484
f 2472 2486 2483
f 2482 2486 2485
f 2484 2482 2485
f 2450 2454 2462
f 2462 2454 2466
f 2466 2454 2480
f 2466 2480 2473
f 2465 2464 2472
f 2480 2484 2473
f 2471 2485 2472
f 2484 2475 2473
f 2471 2475 2485
f 2478 2473 2475
f 2484 2485 2475
f 2273 2444 2278
f 2268 2273 2278
f 2444 2446 2299
f 2278 2444 2299
f 2278 2299 2279
f 2299 2446 2487
f 2487 2446 2459
f 2296 2461 2295
f 2296 2304 2461
f 2488 2459 2468
f 2487 2459 2488
f 2299 2487 2300
f 2487 2305 2300
f 2487 2488 2305
f 2488 2310 2305
f 2304 2308 2470
f 2304 2470 2461
f 2489 2468 2476
f 2488 2468 2489
f 2489 2476 2490
f 2308 2477 2470
f 2308 2490 2477
f 2303 2308 2304
f 2488 2489 2310
f 2489 2313 2310
f 2307 2490 2308
f 2489 2490 2313
f 2307 2313 2490
f 2476 2477 2490
f 2491 2492 2493
f 2492 2494 2495
f 2495 2496 2497
f 2498 2497 2499
f 2500 2501 2502
f 2500 2502 2503
f 2501 2493 2502
f 2503 2502 2504
f 2493 2492 2502
f 2504 2502 2505
f 2506 2507 2498
f 2508 2509 2507
f 2510 2511 2509
f 2508 2510 2509
f 2510 2512 2511
f 2513 2512 2514
f 2502 2515 2516
f 2502 2516 2517
f 2518 2519 2515
f 2492 2495 2502
f 2495 2497 2502
f 2498 2502 2497
f 2498 2507 2502
f 2507 2509 2502
f 2509 2511 2502
f 2513 2511 2512
f 2513 2514 2520
f 2505 2502 2521
f 2521 2502 2522
f 2502 2523 2522
f 2502 2524 2523
f 2502 2525 2524
f 2502 2526 2525
f 2513 2502 2511
f 2513 2520 2502
f 2527 2518 2502
f 2520 2527 2502
f 2502 2528 2526
f 2502 2529 2528
f 2502 2530 2529
f 2518 2515 2502
f 2502 2531 2532
f 2502 2533 2530
f 2502 2534 2533
f 2502 2532 2534
f 2520 2535 2527
f 2527 2536 2518
f 2529 2530 2537
f 2533 2538 2530
f 2520 2514 2535
f 2527 2535 2536
f 2518 2536 2519
f 2514 2539 2535
f 2514 2540 2539
f 2539 2541 2542
f 2535 2542 2536
f 2535 2539 2542
f 2536 2543 2519
f 2536 2542 2543
f 2543 2544 2519
f 2542 2545 2543
f 2543 2546 2544
f 2542 2541 2545
f 2543 2545 2546
f 2545 2547 2546
f 2546 2547 2548
f 2548 2547 2549
f 2548 2549 2550
f 2549 2551 2550
f 2552 2553 2554
f 2554 2553 2555
f 2552 2556 2553
f 2553 2557 2555
f 2555 2558 2559
f 2552 2560 2556
f 2554 2555 2491
f 2491 2555 2559
f 2560 2561 2556
f 2491 2559 2494
f 2559 2562 2494
f 2560 2563 2561
f 2563 2564 2565
f 2563 2565 2561
f 2559 2566 2562
f 2562 2567 2568
f 2553 2556 2569
f 2556 2561 2570
f 2561 2565 2571
f 2557 2572 2558
f 2558 2572 2573
f 2557 2574 2572
f 2562 2566 2567
f 2575 2568 2567
f 2555 2557 2558
f 2553 2569 2557
f 2559 2558 2566
f 2556 2570 2569
f 2558 2573 2566
f 2566 2576 2567
f 2567 2576 2577
f 2557 2569 2574
f 2566 2573 2576
f 2569 2578 2574
f 2569 2570 2578
f 2561 2571 2570
f 2565 2579 2571
f 2575 2567 2577
f 2575 2580 2581
f 2575 2577 2580
f 2570 2571 2582
f 2570 2582 2578
f 2571 2579 2583
f 2571 2583 2582
f 2576 2573 2584
f 2576 2585 2577
f 2577 2585 2586
f 2580 2587 2588
f 2577 2586 2580
f 2580 2586 2587
f 2588 2587 2589
f 2572 2590 2573
f 2572 2574 2591
f 2590 2584 2573
f 2572 2591 2590
f 2574 2578 2592
f 2576 2584 2585
f 2591 2574 2592
f 2578 2593 2592
f 2578 2582 2593
f 2582 2583 2594
f 2582 2594 2593
f 2583 2595 2594
f 2552 2554 2501
f 2552 2500 2560
f 2491 2494 2492
f 2554 2491 2493
f 2560 2503 2563
f 2563 2504 2564
f 2552 2501 2500
f 2554 2493 2501
f 2560 2500 2503
f 2563 2503 2504
f 2504 2505 2564
f 2495 2494 2496
f 2497 2496 2499
f 2505 2596 2564
f 2506 2498 2499
f 2521 2597 2596
f 2522 2598 2597
f 2496 2568 2499
f 2506 2499 2599
f 2506 2599 2600
f 2562 2496 2494
f 2562 2568 2496
f 2564 2596 2601
f 2565 2564 2601
f 2499 2568 2599
f 2596 2597 2602
f 2596 2602 2601
f 2597 2603 2602
f 2575 2599 2568
f 2600 2599 2581
f 2506 2600 2508
f 2508 2600 2604
f 2508 2604 2510
f 2605 2510 2604
f 2605 2604 2606
f 2597 2598 2603
f 2598 2607 2603
f 2598 2608 2607
f 2608 2609 2607
f 2600 2610 2604
f 2565 2601 2579
f 2601 2602 2611
f 2602 2603 2612
f 2603 2607 2613
f 2607 2609 2614
f 2505 2521 2596
f 2521 2522 2597
f 2522 2523 2598
f 2523 2524 2608
f 2524 2525 2615
f 2506 2508 2507
f 2523 2608 2598
f 2524 2615 2608
f 2525 2616 2615
f 2525 2526 2616
f 2526 2528 2617
f 2529 2618 2528
f 2526 2617 2616
f 2528 2618 2617
f 2529 2537 2618
f 2530 2538 2537
f 2605 2512 2510
f 2605 2540 2512
f 2514 2512 2540
f 2605 2619 2540
f 2540 2620 2539
f 2608 2615 2609
f 2615 2616 2621
f 2615 2621 2609
f 2616 2617 2622
f 2616 2622 2621
f 2622 2623 2621
f 2618 2537 2624
f 2617 2618 2625
f 2617 2625 2622
f 2618 2624 2625
f 2622 2625 2626
f 2624 2627 2625
f 2609 2621 2628
f 2575 2581 2599
f 2600 2581 2610
f 2581 2588 2610
f 2610 2629 2606
f 2605 2606 2619
f 2604 2610 2606
f 2606 2630 2619
f 2606 2629 2630
f 2619 2630 2631
f 2630 2632 2631
f 2631 2632 2633
f 2601 2611 2579
f 2602 2612 2611
f 2580 2588 2581
f 2610 2588 2629
f 2579 2611 2634
f 2579 2634 2583
f 2611 2612 2635
f 2611 2635 2634
f 2603 2613 2612
f 2607 2614 2613
f 2613 2614 2636
f 2613 2637 2612
f 2612 2637 2635
f 2613 2636 2637
f 2588 2589 2629
f 2630 2629 2638
f 2629 2589 2638
f 2634 2635 2639
f 2630 2638 2632
f 2637 2640 2635
f 2637 2636 2641
f 2637 2641 2640
f 2540 2619 2620
f 2539 2620 2541
f 2620 2619 2631
f 2620 2631 2642
f 2620 2642 2541
f 2541 2642 2643
f 2541 2643 2545
f 2545 2643 2547
f 2622 2626 2623
f 2625 2627 2626
f 2626 2627 2644
f 2626 2644 2645
f 2643 2642 2646
f 2643 2646 2647
f 2631 2633 2642
f 2633 2646 2642
f 2643 2647 2547
f 2547 2647 2549
f 2609 2628 2614
f 2621 2623 2628
f 2614 2628 2648
f 2614 2648 2636
f 2628 2623 2649
f 2628 2649 2648
f 2626 2645 2623
f 2623 2645 2649
f 2636 2648 2650
f 2636 2650 2641
f 2648 2651 2650
f 2648 2649 2651
f 2649 2645 2652
f 2649 2652 2651
f 2583 2634 2595
f 2634 2639 2595
f 2635 2640 2639
f 2589 2587 2653
f 2589 2653 2654
f 2584 2655 2585
f 2590 2656 2584
f 2584 2656 2655
f 2590 2657 2656
f 2590 2591 2657
f 2585 2655 2658
f 2655 2659 2658
f 2655 2656 2660
f 2656 2657 2661
f 2655 2660 2659
f 2656 2661 2660
f 2658 2659 2662
f 2657 2663 2661
f 2662 2659 2664
f 2660 2665 2659
f 2660 2661 2666
f 2586 2585 2658
f 2586 2658 2667
f 2591 2592 2668
f 2591 2668 2657
f 2592 2593 2669
f 2592 2669 2668
f 2667 2658 2662
f 2667 2670 2653
f 2586 2667 2587
f 2587 2667 2653
f 2653 2671 2654
f 2593 2672 2669
f 2593 2594 2672
f 2594 2673 2672
f 2667 2662 2670
f 2670 2674 2671
f 2671 2675 2654
f 2653 2670 2671
f 2671 2676 2675
f 2657 2668 2663
f 2668 2669 2677
f 2669 2672 2678
f 2668 2677 2663
f 2662 2679 2670
f 2661 2663 2680
f 2663 2677 2681
f 2669 2678 2677
f 2672 2682 2678
f 2677 2678 2683
f 2659 2665 2664
f 2660 2666 2665
f 2662 2664 2679
f 2661 2680 2666
f 2664 2684 2679
f 2676 2685 2675
f 2670 2679 2674
f 2676 2674 2686
f 2663 2681 2680
f 2679 2687 2674
f 2687 2686 2674
f 2671 2674 2676
f 2676 2686 2688
f 2676 2688 2685
f 2688 2689 2685
f 2677 2683 2681
f 2683 2690 2681
f 2686 2691 2688
f 2688 2692 2689
f 2688 2691 2692
f 2638 2693 2632
f 2638 2589 2654
f 2638 2654 2693
f 2693 2694 2695
f 2632 2693 2695
f 2633 2632 2695
f 2633 2695 2696
f 2696 2695 2697
f 2696 2697 2698
f 2695 2694 2697
f 2697 2699 2698
f 2633 2696 2646
f 2646 2696 2700
f 2646 2700 2647
f 2647 2700 2701
f 2700 2702 2701
f 2549 2647 2701
f 2549 2701 2551
f 2551 2701 2703
f 2551 2703 2704
f 2701 2702 2703
f 2702 2705 2703
f 2703 2706 2704
f 2696 2698 2700
f 2650 2707 2641
f 2652 2708 2651
f 2650 2651 2709
f 2650 2709 2707
f 2651 2708 2709
f 2709 2710 2707
f 2700 2698 2702
f 2702 2698 2711
f 2709 2712 2710
f 2711 2699 2713
f 2703 2705 2706
f 2706 2714 2715
f 2702 2711 2705
f 2705 2716 2714
f 2698 2699 2711
f 2711 2713 2716
f 2711 2716 2705
f 2706 2705 2714
f 2714 2716 2717
f 2714 2718 2715
f 2714 2717 2718
f 2594 2595 2673
f 2595 2639 2719
f 2693 2654 2675
f 2595 2719 2673
f 2672 2673 2682
f 2673 2719 2720
f 2639 2640 2721
f 2639 2721 2719
f 2640 2722 2721
f 2721 2723 2719
f 2693 2675 2694
f 2694 2675 2685
f 2673 2720 2682
f 2697 2694 2724
f 2719 2723 2720
f 2721 2725 2723
f 2723 2726 2720
f 2678 2682 2727
f 2682 2720 2728
f 2640 2641 2722
f 2641 2707 2722
f 2721 2722 2725
f 2707 2729 2722
f 2722 2729 2725
f 2723 2725 2730
f 2707 2710 2729
f 2729 2731 2725
f 2710 2732 2729
f 2694 2685 2724
f 2724 2685 2689
f 2724 2689 2733
f 2697 2724 2699
f 2724 2733 2699
f 2699 2733 2713
f 2713 2733 2734
f 2713 2734 2735
f 2682 2728 2727
f 2678 2727 2683
f 2683 2727 2736
f 2727 2737 2736
f 2720 2726 2728
f 2726 2738 2728
f 2727 2728 2737
f 2728 2738 2737
f 2689 2739 2733
f 2692 2739 2689
f 2733 2739 2734
f 2737 2740 2741
f 2723 2730 2726
f 2725 2731 2730
f 2729 2732 2731
f 2730 2731 2742
f 2730 2742 2743
f 2731 2744 2742
f 2713 2735 2716
f 2735 2717 2716
f 2726 2743 2738
f 2726 2730 2743
f 2738 2743 2745
f 2737 2738 2740
f 2738 2745 2740
f 2742 2746 2743
f 2743 2746 2745
f 2747 2748 2749
f 2747 2749 2750
f 2747 2750 2751
f 2502 2752 2753
f 2502 2517 2752
f 2502 2753 2754
f 2516 2515 2755
f 2756 2517 2516
f 2517 2757 2752
f 2752 2749 2753
f 2753 2748 2754
f 2754 2758 2531
f 2515 2519 2755
f 2756 2516 2755
f 2756 2757 2517
f 2502 2754 2531
f 2532 2759 2534
f 2533 2534 2760
f 2532 2531 2761
f 2532 2761 2759
f 2534 2759 2760
f 2752 2757 2749
f 2753 2749 2748
f 2754 2748 2758
f 2531 2758 2761
f 2755 2519 2544
f 2755 2544 2762
f 2756 2762 2763
f 2756 2755 2762
f 2544 2764 2762
f 2762 2765 2763
f 2759 2766 2760
f 2756 2763 2757
f 2757 2750 2749
f 2757 2763 2750
f 2758 2767 2761
f 2763 2768 2750
f 2759 2761 2769
f 2759 2769 2766
f 2761 2767 2769
f 2769 2770 2766
f 2747 2771 2748
f 2747 2772 2771
f 2771 2773 2767
f 2771 2758 2748
f 2771 2767 2758
f 2769 2767 2774
f 2751 2750 2768
f 2751 2768 2775
f 2751 2775 2776
f 2777 2776 2775
f 2777 2775 2778
f 2762 2764 2765
f 2764 2779 2765
f 2765 2779 2780
f 2546 2764 2544
f 2546 2548 2764
f 2548 2779 2764
f 2763 2765 2768
f 2765 2780 2768
f 2768 2780 2775
f 2766 2770 2781
f 2781 2770 2782
f 2781 2782 2783
f 2779 2784 2780
f 2548 2550 2779
f 2779 2550 2784
f 2780 2778 2775
f 2784 2778 2780
f 2771 2772 2773
f 2747 2751 2772
f 2751 2776 2772
f 2772 2776 2785
f 2772 2785 2773
f 2773 2785 2786
f 2773 2786 2774
f 2786 2787 2774
f 2785 2788 2786
f 2785 2789 2788
f 2785 2776 2789
f 2777 2789 2776
f 2786 2788 2790
f 2786 2790 2787
f 2790 2791 2787
f 2773 2774 2767
f 2770 2774 2787
f 2770 2787 2782
f 2769 2774 2770
f 2787 2791 2782
f 2782 2791 2792
f 2783 2782 2792
f 2783 2792 2793
f 2794 2795 2796
f 2794 2797 2795
f 2797 2798 2795
f 2777 2778 2799
f 2777 2799 2800
f 2784 2550 2801
f 2551 2801 2550
f 2784 2801 2802
f 2802 2801 2803
f 2778 2802 2799
f 2784 2802 2778
f 2799 2802 2804
f 2801 2704 2803
f 2799 2804 2805
f 2804 2806 2805
f 2802 2803 2804
f 2804 2803 2807
f 2789 2808 2788
f 2789 2800 2808
f 2808 2800 2809
f 2777 2800 2789
f 2800 2799 2805
f 2788 2794 2790
f 2788 2808 2794
f 2790 2794 2796
f 2790 2796 2791
f 2794 2808 2797
f 2810 2791 2796
f 2810 2811 2812
f 2800 2805 2809
f 2809 2805 2813
f 2797 2808 2809
f 2797 2809 2814
f 2792 2812 2793
f 2793 2812 2815
f 2810 2792 2791
f 2810 2812 2792
f 2812 2816 2815
f 2811 2816 2812
f 2816 2817 2818
f 2816 2818 2815
f 2818 2819 2820
f 2803 2821 2807
f 2806 2822 2823
f 2804 2807 2806
f 2807 2824 2822
f 2806 2807 2822
f 2822 2825 2823
f 2809 2813 2814
f 2813 2826 2814
f 2813 2823 2826
f 2797 2814 2798
f 2814 2826 2827
f 2798 2814 2827
f 2827 2828 2829
f 2827 2826 2828
f 2826 2830 2828
f 2813 2805 2806
f 2813 2806 2823
f 2818 2817 2819
f 2819 2831 2832
f 2826 2823 2830
f 2823 2825 2830
f 2796 2795 2833
f 2795 2834 2833
f 2833 2835 2811
f 2798 2834 2795
f 2833 2834 2835
f 2798 2836 2834
f 2798 2827 2836
f 2837 2834 2836
f 2837 2835 2834
f 2837 2838 2835
f 2838 2839 2835
f 2838 2840 2839
f 2836 2829 2841
f 2842 2838 2837
f 2842 2837 2841
f 2837 2836 2841
f 2843 2840 2838
f 2842 2843 2838
f 2843 2844 2840
f 2810 2796 2833
f 2810 2833 2811
f 2811 2839 2816
f 2811 2835 2839
f 2839 2817 2816
f 2839 2840 2817
f 2840 2845 2817
f 2827 2829 2836
f 2840 2844 2845
f 2844 2846 2845
f 2819 2817 2845
f 2819 2845 2831
f 2845 2846 2831
f 2847 2831 2848
f 2846 2848 2831
f 2533 2760 2538
f 2537 2538 2849
f 2537 2849 2624
f 2538 2850 2849
f 2538 2760 2850
f 2760 2766 2850
f 2624 2849 2851
f 2850 2852 2849
f 2850 2766 2781
f 2852 2851 2849
f 2852 2853 2851
f 2853 2854 2851
f 2624 2851 2627
f 2851 2854 2627
f 2627 2854 2644
f 2850 2781 2852
f 2781 2783 2852
f 2852 2783 2853
f 2645 2644 2855
f 2854 2856 2644
f 2644 2856 2855
f 2853 2857 2854
f 2783 2793 2853
f 2857 2856 2854
f 2853 2793 2857
f 2645 2855 2652
f 2551 2704 2801
f 2855 2858 2859
f 2857 2860 2856
f 2855 2856 2858
f 2856 2860 2858
f 2858 2861 2859
f 2803 2704 2821
f 2858 2820 2861
f 2861 2862 2863
f 2652 2855 2859
f 2652 2859 2708
f 2859 2863 2708
f 2709 2708 2712
f 2708 2863 2712
f 2712 2864 2710
f 2861 2863 2859
f 2712 2863 2865
f 2857 2793 2815
f 2857 2815 2860
f 2860 2820 2858
f 2815 2818 2860
f 2860 2818 2820
f 2861 2820 2832
f 2706 2821 2704
f 2821 2715 2824
f 2821 2824 2807
f 2706 2715 2821
f 2824 2715 2866
f 2824 2866 2867
f 2822 2824 2867
f 2822 2867 2825
f 2710 2864 2732
f 2863 2862 2865
f 2712 2865 2864
f 2868 2869 2864
f 2865 2868 2864
f 2718 2866 2715
f 2870 2871 2869
f 2861 2832 2862
f 2862 2832 2847
f 2862 2847 2872
f 2819 2832 2820
f 2832 2831 2847
f 2872 2847 2873
f 2872 2873 2874
f 2865 2862 2872
f 2865 2872 2868
f 2872 2874 2868
f 2868 2874 2870
f 2868 2870 2869
f 2731 2732 2744
f 2864 2869 2732
f 2732 2869 2744
f 2742 2744 2875
f 2742 2875 2746
f 2744 2869 2871
f 2744 2871 2875
f 2847 2848 2873
f 2692 2876 2739
f 2718 2877 2866
f 2718 2717 2878
f 2718 2878 2877
f 2877 2879 2880
f 2735 2734 2881
f 2735 2881 2882
f 2734 2739 2883
f 2739 2876 2883
f 2883 2884 2881
f 2734 2883 2881
f 2882 2881 2885
f 2886 2885 2887
f 2881 2884 2885
f 2885 2888 2887
f 2735 2882 2717
f 2717 2882 2878
f 2878 2882 2886
f 2877 2878 2879
f 2878 2886 2879
f 2879 2886 2889
f 2879 2890 2880
f 2879 2889 2890
f 2740 2891 2892
f 2740 2745 2891
f 2745 2893 2891
f 2882 2885 2886
f 2886 2887 2889
f 2887 2894 2889
f 2894 2895 2889
f 2890 2889 2895
f 2890 2895 2896
f 2894 2897 2895
f 2895 2897 2898
f 2895 2898 2896
f 2899 2900 2901
f 2902 2903 2904
f 2897 2905 2906
f 2907 2908 2905
f 2898 2906 2909
f 2898 2897 2906
f 2906 2905 2910
f 2911 2899 2901
f 2899 2903 2900
f 2900 2903 2902
f 2907 2902 2908
f 2911 2912 2913
f 2908 2910 2905
f 2902 2904 2908
f 2913 2914 2915
f 2916 2917 2915
f 2828 2918 2919
f 2830 2920 2918
f 2830 2825 2920
f 2918 2920 2921
f 2828 2830 2918
f 2919 2918 2922
f 2918 2921 2922
f 2922 2923 2924
f 2922 2921 2923
f 2829 2925 2841
f 2842 2841 2926
f 2841 2925 2926
f 2926 2925 2927
f 2927 2928 2929
f 2842 2930 2843
f 2843 2930 2931
f 2932 2931 2930
f 2932 2930 2933
f 2932 2934 2931
f 2932 2933 2935
f 2932 2935 2936
f 2842 2926 2930
f 2843 2931 2844
f 2926 2933 2930
f 2931 2934 2937
f 2844 2931 2937
f 2926 2927 2933
f 2933 2929 2935
f 2933 2927 2929
f 2937 2934 2938
f 2935 2939 2936
f 2935 2929 2940
f 2929 2941 2940
f 2935 2940 2939
f 2940 2942 2939
f 2940 2943 2942
f 2828 2919 2829
f 2829 2919 2925
f 2925 2919 2944
f 2919 2922 2944
f 2944 2922 2924
f 2944 2924 2928
f 2925 2944 2927
f 2927 2944 2928
f 2846 2945 2848
f 2848 2945 2946
f 2844 2937 2846
f 2846 2937 2945
f 2937 2938 2945
f 2938 2947 2948
f 2949 2948 2947
f 2938 2948 2945
f 2946 2945 2948
f 2946 2948 2950
f 2949 2950 2948
f 2949 2951 2950
f 2928 2941 2929
f 2928 2924 2952
f 2928 2952 2941
f 2941 2952 2953
f 2924 2954 2952
f 2923 2954 2924
f 2952 2954 2955
f 2952 2955 2953
f 2940 2941 2943
f 2941 2953 2943
f 2949 2956 2951
f 2951 2956 2957
f 2942 2958 2959
f 2953 2960 2961
f 2953 2955 2960
f 2960 2962 2961
f 2960 2963 2962
f 2963 2964 2962
f 2943 2953 2961
f 2943 2961 2958
f 2958 2961 2965
f 2942 2943 2958
f 2958 2966 2959
f 2958 2965 2966
f 2966 2965 2967
f 2966 2967 2968
f 2961 2962 2965
f 2965 2962 2969
f 2962 2964 2969
f 2965 2969 2967
f 2969 1612 1611
f 2969 2964 1612
f 2964 1607 1612
f 2969 1613 2967
f 2967 1613 1615
f 2967 1615 2970
f 2970 1615 1616
f 2969 1611 1614
f 2969 1614 1613
f 2866 2971 2867
f 2825 2867 2972
f 2867 2971 2972
f 2972 2971 2973
f 2972 2973 2974
f 2973 2975 2974
f 2866 2877 2971
f 2877 2880 2971
f 2971 2880 2973
f 2973 2880 2976
f 2973 2976 2975
f 2825 2972 2920
f 2920 2972 2974
f 2920 2974 2921
f 2921 2974 2977
f 2974 2975 2977
f 2921 2977 2923
f 2870 2978 2871
f 2870 2874 2979
f 2979 2980 2978
f 2870 2979 2978
f 2980 2981 2978
f 2975 2976 2982
f 2975 2982 2983
f 2983 2982 2984
f 2977 2983 2985
f 2923 2977 2985
f 2923 2985 2954
f 2985 2986 2954
f 2985 2987 2986
f 2975 2983 2977
f 2985 2983 2987
f 2983 2984 2987
f 2875 2988 2746
f 2871 2989 2875
f 2875 2989 2988
f 2890 2976 2880
f 2745 2746 2893
f 2746 2988 2893
f 2891 2893 2990
f 2988 2991 2893
f 2891 2990 2992
f 2990 2993 2992
f 2893 2991 2990
f 2990 2991 2994
f 2990 2994 2993
f 2871 2978 2989
f 2988 2989 2995
f 2989 2978 2981
f 2989 2981 2995
f 2988 2995 2991
f 2995 2996 2991
f 2981 2997 2995
f 2995 2997 2996
f 2996 2994 2991
f 2976 2896 2982
f 2890 2896 2976
f 2982 2896 2998
f 2982 2998 2984
f 2898 2998 2896
f 2993 2994 2999
f 2996 3000 2994
f 3000 2999 2994
f 3000 3001 2999
f 2999 3001 3002
f 2848 2946 2873
f 2873 2946 3003
f 2874 2873 3003
f 2874 3003 2979
f 2979 3003 3004
f 2946 2950 3003
f 2950 3004 3003
f 3004 3005 2980
f 2979 3004 2980
f 3006 2997 2981
f 2980 3006 2981
f 2980 3005 3006
f 2950 2951 3004
f 2951 3005 3004
f 2986 2955 2954
f 3006 3007 2997
f 3007 3008 3009
f 3006 3005 3010
f 2951 2957 3005
f 2957 3010 3005
f 2957 3011 3010
f 3010 3011 3012
f 3006 3010 3007
f 3007 3010 3012
f 3007 3012 3008
f 2996 2997 3009
f 2996 3009 3000
f 3007 3009 2997
f 3000 3009 3013
f 3000 3013 3001
f 3008 3013 3009
f 2986 3014 3015
f 2987 3016 3014
f 2987 2984 3016
f 3016 3017 3018
f 2986 2987 3014
f 3016 3019 3014
f 3016 3018 3019
f 3018 3020 3021
f 3022 3021 3020
f 3014 3019 3023
f 3018 3021 3024
f 3018 3024 3019
f 3025 3026 3027
f 3028 3029 2904
f 3028 3030 3031
f 3029 3025 3027
f 3028 3031 1631
f 3022 1625 3021
f 3022 3032 1625
f 3022 3026 3032
f 3025 3032 3026
f 3028 1631 3029
f 3029 1631 3025
f 2998 2909 3017
f 2984 2998 3017
f 3016 2984 3017
f 3017 2909 3020
f 2908 2904 3027
f 2908 3027 2910
f 2910 3026 3033
f 2910 3027 3026
f 3022 3020 3033
f 3022 3033 3026
f 3020 2909 3033
f 2898 2909 2998
f 2906 3033 2909
f 2906 2910 3033
f 3034 3035 2917
f 3036 3037 3038
f 3036 3038 3035
f 3039 3037 3040
f 3018 3017 3020
f 3002 3041 3042
f 3042 3041 3043
f 3044 3043 3045
f 3038 3037 3039
f 3046 3039 3040
f 3046 3040 3047
f 3047 3048 3049
f 3046 3047 3049
f 3048 3044 3045
f 2899 3030 2903
f 2911 3031 2899
f 2911 2913 3050
f 2913 2915 3051
f 3028 2904 2903
f 3029 3027 2904
f 2899 3031 3030
f 2911 3050 3031
f 3028 2903 3030
f 2913 3051 3050
f 2915 2917 3052
f 2915 3052 3051
f 3031 3050 1631
f 2917 3053 3052
f 2917 3035 3053
f 3035 3038 1632
f 3050 3051 1631
f 3035 1632 3053
f 3051 3052 1631
f 3052 3053 1631
f 3038 1633 1632
f 3038 1634 1633
f 3038 1636 1634
f 3038 3039 1636
f 2986 3015 2955
f 2955 3015 2960
f 3014 3023 3015
f 2960 3015 2963
f 2963 3015 3023
f 3019 3054 3023
f 3019 3024 3054
f 3055 3023 3054
f 2963 3023 3055
f 2963 3055 2964
f 3008 3056 3013
f 3056 3057 3058
f 3012 3059 3008
f 3008 3059 3056
f 3056 3059 3060
f 3057 3061 3058
f 3062 3063 3061
f 3064 3063 3062
f 3056 3060 3057
f 3057 3065 3061
f 3062 3061 3065
f 3054 3024 1628
f 3024 1624 1630
f 3024 1629 1628
f 3024 1630 1629
f 3055 3054 1626
f 3055 1605 1609
f 3055 1626 1605
f 3054 1627 1626
f 3054 1628 1627
f 3021 1624 3024
f 3021 1625 1623
f 3021 1623 1603
f 3021 1603 1624
f 3032 1621 1625
f 3032 1631 1621
f 3025 1631 3032
f 3066 3067 1651
f 3066 1649 1648
f 3055 1610 2964
f 1610 3055 1609
f 2964 1610 1608
f 2964 1608 1607
f 3067 1652 1651
f 3066 1651 1650
f 3064 1653 3067
f 3067 1653 1652
f 3066 1650 1649
f 3064 3062 1655
f 3064 1654 1653
f 3064 1655 1654
f 3062 1656 1655
f 3062 1646 1645
f 3062 1645 1656
f 3062 3065 1681
f 3062 1681 1646
f 3013 3058 3001
f 3001 3058 3068
f 3063 3041 3068
f 3048 3066 3049
f 3063 3068 3061
f 3064 3067 3069
f 3064 3069 3063
f 3063 3069 3041
f 3045 3069 3067
f 3045 3067 3066
f 3002 3001 3068
f 3002 3068 3041
f 3043 3041 3069
f 3043 3069 3045
f 3048 3045 3066
f 3056 3058 3013
f 3068 3058 3061
f 3046 3049 1641
f 3053 1632 1631
f 3039 1637 1636
f 3039 1638 1637
f 3039 1639 1638
f 3046 1640 1639
f 3046 1641 1640
f 3046 1639 3039
f 3066 1648 3049
f 3049 1642 1641
f 1642 3049 1643
f 3049 1648 1643
f 2664 2665 3070
f 2664 3070 2684
f 2665 3071 3070
f 2665 2666 3071
f 2679 2684 2687
f 2666 3072 3071
f 2684 3070 3073
f 2684 3073 3074
f 2687 2684 3074
f 3071 3075 3070
f 3071 3072 3076
f 2687 3074 3077
f 3071 3076 3075
f 3070 3075 3073
f 2666 2680 3072
f 2680 2681 3078
f 2680 3078 3072
f 2681 2690 3078
f 2687 3077 2686
f 3077 2691 2686
f 3072 3078 3079
f 3072 3079 3076
f 2690 3080 3078
f 3078 3080 3079
f 2683 2736 2690
f 2690 2736 3081
f 2690 3081 3080
f 2737 2741 2736
f 2736 2741 3081
f 3077 3074 3082
f 3073 3083 3074
f 3074 3083 3082
f 3073 3084 3083
f 3082 3083 3085
f 3073 3075 3084
f 3075 3076 3086
f 3077 3082 3087
f 3075 3086 3084
f 3087 3082 3088
f 3083 3084 3089
f 3084 3086 3090
f 3082 3085 3088
f 3087 3088 3091
f 3084 3090 3089
f 3088 3092 3091
f 2692 2691 3093
f 3077 3087 2691
f 2691 3087 3093
f 2692 3093 2876
f 2876 3094 2883
f 3079 3080 3095
f 2876 3093 3096
f 2876 3096 3094
f 3076 3079 3097
f 3076 3097 3086
f 3087 3091 3093
f 3097 3098 3086
f 3079 3095 3097
f 3097 3095 3099
f 3091 3096 3093
f 3086 3098 3090
f 3091 3100 3096
f 3096 3100 3101
f 3094 3096 3101
f 3094 3101 3102
f 3097 3099 3098
f 3098 3099 3103
f 3102 3101 3104
f 3102 3104 3105
f 3104 3106 3105
f 3105 3106 3107
f 3083 3089 3085
f 3088 3085 3108
f 3085 3089 3109
f 3088 3108 3092
f 3085 3109 3108
f 3091 3092 3100
f 3090 3110 3089
f 3089 3110 3109
f 3090 3098 3111
f 3090 3111 3110
f 3098 3103 3111
f 3092 3108 3112
f 3100 3092 3113
f 3109 3110 3114
f 3100 3113 3115
f 3115 3113 3116
f 3115 3116 3117
f 3109 3118 3108
f 3092 3112 3113
f 3108 3118 3112
f 3109 3114 3118
f 3113 3112 3119
f 3113 3119 3116
f 3112 3118 3120
f 3112 3120 3119
f 3118 3121 3120
f 3100 3115 3101
f 3101 3115 3104
f 3110 3111 3122
f 3110 3122 3114
f 3111 3123 3122
f 3104 3115 3117
f 3104 3117 3106
f 3118 3114 3121
f 3114 3124 3121
f 3114 3122 3124
f 3080 3125 3095
f 3081 3125 3080
f 3081 2741 3126
f 3081 3126 3125
f 3126 3127 3125
f 3094 2884 2883
f 2885 2884 2888
f 3094 3102 2884
f 2884 3102 2888
f 3125 3128 3095
f 3095 3128 3099
f 3128 3129 3099
f 3099 3129 3103
f 3125 3127 3128
f 3128 3127 3130
f 3128 3130 3129
f 2741 2740 2892
f 2741 2892 3126
f 3126 2892 3131
f 2891 2992 2892
f 3126 3131 3127
f 3131 3132 3127
f 2892 2992 3131
f 3131 2992 3133
f 3131 3133 3132
f 3127 3132 3130
f 2888 3102 3105
f 2888 3105 3134
f 2887 2888 3134
f 2887 3134 2894
f 2894 3135 2897
f 2894 3134 3135
f 3105 3107 3134
f 3134 3107 3135
f 3129 3130 3136
f 3130 3137 3136
f 3132 3137 3130
f 3132 3138 3137
f 3136 3139 3140
f 3136 3137 3139
f 3111 3103 3123
f 3103 3141 3123
f 3129 3141 3103
f 3129 3136 3141
f 3122 3123 3142
f 3122 3142 3124
f 3123 3141 3143
f 3123 3143 3142
f 3136 3140 3141
f 3140 3143 3141
f 2901 3144 2912
f 3106 3117 3145
f 3117 3144 3145
f 3144 3146 2912
f 2901 3145 3144
f 3106 3145 3147
f 3146 3148 2914
f 3146 2914 2912
f 3116 3144 3117
f 3116 3146 3144
f 3119 3146 3116
f 3119 3148 3146
f 3119 3120 3148
f 3120 3149 3148
f 3120 3121 3149
f 3121 3150 3149
f 3121 3124 3150
f 2900 3147 3145
f 2907 2905 3135
f 2907 3147 2902
f 2907 3135 3107
f 2901 2900 3145
f 2900 2902 3147
f 2911 2901 2912
f 2913 2912 2914
f 3106 3147 3107
f 2907 3107 3147
f 2916 3148 3149
f 3034 3149 3150
f 2916 2914 3148
f 2916 3149 3034
f 2897 3135 2905
f 2916 2915 2914
f 3034 3150 3036
f 2916 3034 2917
f 3036 3151 3037
f 3036 3150 3151
f 3142 3152 3151
f 3151 3152 3037
f 3143 3153 3152
f 3140 3153 3143
f 3124 3142 3151
f 3124 3151 3150
f 3142 3143 3152
f 2992 2993 3133
f 3132 3133 3138
f 3133 2993 3154
f 3133 3154 3138
f 3154 3042 3138
f 3042 3155 3138
f 3137 3155 3139
f 3137 3138 3155
f 2993 2999 3154
f 3154 2999 3002
f 3154 3002 3042
f 3152 3153 3040
f 3044 3139 3155
f 3044 3156 3139
f 3047 3153 3156
f 3034 3036 3035
f 3152 3040 3037
f 3040 3153 3047
f 3140 3139 3156
f 3140 3156 3153
f 3042 3043 3155
f 3044 3155 3043
f 3048 3156 3044
f 3047 3156 3048
f 2934 2936 3157
f 2932 2936 2934
f 2938 2934 3157
f 2938 3157 2947
f 2936 3158 3157
f 2936 2939 3158
f 3157 3158 3159
f 3157 3159 2947
f 3158 2939 3160
f 3158 3160 3161
f 3158 3161 3159
f 3159 3162 2947
f 2942 3160 2939
f 3162 3163 2956
f 3161 3164 3159
f 3159 3164 3162
f 3164 3163 3162
f 2949 2947 3162
f 2949 3162 2956
f 2956 3163 3165
f 2957 2956 3165
f 2957 3165 3011
f 3161 3160 3166
f 3161 3166 3167
f 2942 2959 3160
f 3160 2959 3166
f 3166 2959 3168
f 3166 3169 3167
f 3166 3168 3169
f 3170 3169 3171
f 3161 3167 3164
f 3164 3167 3172
f 3164 3172 3163
f 3167 3170 3172
f 3172 3170 3173
f 3163 3172 3174
f 3172 3173 3174
f 3167 3169 3170
f 3170 3175 3173
f 3173 3176 3174
f 3170 3171 3175
f 3173 3175 3177
f 3173 3177 3176
f 2966 3168 2959
f 3168 2968 3178
f 2966 2968 3168
f 3168 3178 3169
f 3169 3178 3171
f 3165 3179 3011
f 3179 3180 3181
f 3011 3179 3181
f 3181 3180 3182
f 3182 3180 3183
f 3182 3183 3184
f 3165 3163 3174
f 3174 3176 3179
f 3165 3174 3179
f 3176 3177 3185
f 3176 3180 3179
f 3176 3185 3180
f 3185 3183 3180
f 3178 2968 3186
f 3178 3186 3187
f 3188 3187 1616
f 3171 3178 3187
f 3171 3188 3175
f 3171 3187 3188
f 3188 1616 3189
f 3189 1616 3190
f 3190 1616 3191
f 2967 2970 2968
f 2968 2970 3186
f 3186 2970 1616
f 3187 3186 1616
f 3191 1616 1666
f 3184 1683 1682
f 3183 1668 1675
f 3183 1675 1684
f 3183 1684 3184
f 3184 1684 1683
f 3175 3189 3177
f 3177 3190 3185
f 3188 3189 3175
f 3177 3189 3190
f 3190 3191 3185
f 3185 3191 3183
f 3183 3191 1668
f 3191 1666 1668
f 3012 3011 3181
f 3181 3182 3059
f 3012 3181 3059
f 3184 3192 3060
f 3182 3060 3059
f 3057 3060 3192
f 3057 3192 3065
f 3182 3184 3060
f 3192 1678 1677
f 3192 1677 1680
f 3065 1680 1679
f 3065 1679 1681
f 3192 1680 3065
f 3184 1682 1678
f 3184 1678 3192
f 3193 3194 3195
f 3196 3194 3193
f 3197 3198 3199
f 3199 3200 3201
f 3197 3194 3202
f 3202 3194 3196
f 3197 3199 3194
f 3201 3203 3204
f 3201 3200 3205
f 3201 3205 3206
f 3201 3206 3203
f 3201 3207 3208
f 3201 3204 3207
f 3201 3209 3210
f 3201 3210 3211
f 3201 3211 3212
f 3201 3208 3209
f 3199 3201 3194
f 3201 3212 3194
f 3193 3195 3213
f 3196 3193 3214
f 3202 3196 3215
f 3197 3202 3216
f 3197 3217 3218
f 3197 3219 3198
f 3199 3198 3220
f 3197 3218 3221
f 3197 3221 3219
f 3199 3222 3223
f 3199 3224 3222
f 3199 3225 3224
f 3199 3226 3225
f 3199 3220 3226
f 3199 3223 3200
f 3217 3227 3218
f 3217 3228 3229
f 3217 3229 3227
f 3217 3230 3228
f 3231 3232 3230
f 3231 3233 3232
f 3231 3234 3233
f 3231 3235 3234
f 3231 3236 3235
f 3231 3237 3236
f 3231 3238 3237
f 3231 3239 3238
f 3240 3241 3242
f 3243 3244 3239
f 3243 3245 3244
f 3243 3246 3245
f 3243 3247 3248
f 3243 3248 3246
f 3243 3249 3247
f 3243 3250 3249
f 3243 3251 3250
f 3243 3252 3251
f 3240 3242 3252
f 3196 3214 3215
f 3193 3213 3214
f 3202 3215 3216
f 3197 3216 3217
f 3217 3231 3230
f 3231 3243 3239
f 3243 3240 3252
f 3215 3214 3253
f 3214 3213 3254
f 3216 3215 3255
f 3214 3254 3253
f 3215 3253 3255
f 3217 3216 3256
f 3217 3257 3231
f 3231 3258 3243
f 3243 3259 3240
f 3216 3255 3256
f 3217 3256 3257
f 3231 3257 3258
f 3253 3254 3260
f 3256 3255 3260
f 3253 3260 3255
f 3243 3258 3259
f 3259 3261 3240
f 3257 3256 3260
f 3257 3260 3258
f 3259 3258 3260
f 3259 3260 3261
f 3194 3212 3262
f 3263 3194 3262
f 3263 3262 3264
f 3263 3265 3194
f 3265 3266 3194
f 3266 3267 3194
f 3267 3268 3194
f 3268 3269 3194
f 3270 3264 3271
f 3263 3264 3270
f 3263 3272 3265
f 3240 3273 3274
f 3240 3275 3276
f 3240 3276 3277
f 3240 3277 3241
f 3240 3274 3275
f 3270 3278 3279
f 3270 3279 3273
f 3270 3271 3280
f 3270 3280 3278
f 3265 3281 3266
f 3266 3282 3267
f 3267 3283 3268
f 3268 3284 3269
f 3240 3270 3273
f 3263 3270 3272
f 3265 3272 3281
f 3266 3281 3282
f 3267 3282 3283
f 3268 3283 3284
f 3284 3285 3269
f 3240 3261 3270
f 3270 3286 3272
f 3272 3287 3281
f 3281 3288 3282
f 3270 3261 3286
f 3272 3286 3287
f 3261 3260 3286
f 3286 3260 3287
f 3287 3260 3288
f 3288 3260 3289
f 3281 3287 3288
f 3282 3288 3289
f 3289 3260 3290
f 3290 3260 3291
f 3291 3260 3292
f 3282 3289 3283
f 3290 3284 3283
f 3284 3291 3285
f 3289 3290 3283
f 3290 3291 3284
f 3291 3292 3285
f 3195 3194 3293
f 3293 3194 3294
f 3294 3194 3295
f 3295 3194 3296
f 3296 3194 3297
f 3297 3298 3299
f 3297 3194 3298
f 3194 3300 3298
f 3195 3293 3301
f 3293 3294 3302
f 3294 3295 3303
f 3295 3296 3304
f 3296 3297 3305
f 3297 3299 3306
f 3306 3299 3307
f 3306 3307 3308
f 3306 3308 3309
f 3306 3309 3310
f 3306 3310 3311
f 3312 3311 3313
f 3312 3313 3314
f 3312 3314 3315
f 3312 3315 3316
f 3312 3316 3317
f 3195 3301 3213
f 3293 3302 3301
f 3294 3303 3302
f 3295 3304 3303
f 3296 3305 3304
f 3297 3306 3305
f 3306 3311 3312
f 3213 3301 3318
f 3301 3302 3319
f 3302 3303 3320
f 3213 3318 3254
f 3301 3319 3318
f 3302 3320 3319
f 3321 3303 3304
f 3322 3304 3305
f 3305 3306 3323
f 3306 3312 3324
f 3320 3303 3321
f 3321 3304 3322
f 3254 3318 3260
f 3318 3319 3260
f 3319 3320 3260
f 3322 3305 3323
f 3306 3324 3323
f 3320 3321 3260
f 3321 3322 3260
f 3322 3323 3260
f 3323 3324 3260
f 3194 3325 3300
f 3194 3326 3325
f 3325 3327 3300
f 3325 3328 3327
f 3325 3329 3328
f 3325 3330 3329
f 3325 3331 3330
f 3325 3332 3331
f 3325 3333 3332
f 3325 3334 3333
f 3325 3335 3334
f 3325 3336 3335
f 3194 3337 3326
f 3194 3338 3339
f 3194 3339 3337
f 3325 3326 3336
f 3326 3337 3340
f 3194 3341 3338
f 3194 3269 3341
f 3326 3342 3336
f 3326 3343 3344
f 3326 3344 3342
f 3326 3345 3343
f 3326 3346 3345
f 3326 3347 3346
f 3326 3340 3347
f 3337 3348 3340
f 3337 3349 3348
f 3337 3350 3349
f 3312 3317 3351
f 3312 3351 3352
f 3353 3352 3354
f 3353 3354 3355
f 3353 3355 3356
f 3353 3356 3357
f 3353 3357 3358
f 3353 3358 3359
f 3353 3359 3360
f 3353 3360 3361
f 3353 3361 3362
f 3363 3362 3364
f 3363 3364 3365
f 3363 3365 3366
f 3363 3366 3367
f 3363 3367 3368
f 3363 3368 3369
f 3370 3371 3350
f 3363 3369 3372
f 3363 3372 3373
f 3370 3373 3374
f 3370 3374 3375
f 3370 3375 3371
f 3339 3376 3337
f 3338 3377 3339
f 3341 3378 3338
f 3269 3285 3341
f 3337 3370 3350
f 3312 3352 3353
f 3353 3362 3363
f 3363 3373 3370
f 3337 3376 3370
f 3339 3377 3376
f 3341 3285 3378
f 3338 3378 3377
f 3312 3353 3379
f 3380 3353 3363
f 3381 3363 3370
f 3382 3370 3376
f 3312 3379 3324
f 3380 3379 3353
f 3260 3324 3379
f 3260 3379 3380
f 3260 3380 3381
f 3260 3381 3382
f 3380 3363 3381
f 3382 3381 3370
f 3383 3382 3376
f 3260 3383 3384
f 3260 3382 3383
f 3260 3384 3292
f 3383 3376 3377
f 3285 3292 3378
f 3378 3384 3377
f 3383 3377 3384
f 3378 3292 3384
f 3385 3386 3387
f 3385 3388 3389
f 3388 3390 3389
f 3385 3387 3388
f 3385 3389 3391
f 3386 3392 3387
f 3388 3387 3393
f 3386 3394 3392
f 3386 3395 3394
f 3387 3392 3396
f 3386 3397 3395
f 3385 3397 3386
f 3385 3391 3397
f 3388 3398 3390
f 3398 3399 3390
f 3387 3396 3393
f 3398 3393 3400
f 3388 3393 3398
f 3398 3401 3399
f 3401 3402 3399
f 3398 3400 3401
f 3394 3403 3404
f 3392 3404 3405
f 3394 3406 3403
f 3394 3404 3392
f 3403 3406 3407
f 3407 3299 3298
f 3407 3408 3299
f 3406 3408 3407
f 3396 3405 3409
f 3392 3405 3396
f 3396 3409 3410
f 3403 3300 3404
f 3403 3407 3300
f 3404 3300 3405
f 3409 3411 3410
f 3405 3300 3409
f 3410 3411 3412
f 3407 3298 3300
f 3408 3307 3299
f 3408 3308 3307
f 3408 3413 3308
f 3413 3309 3308
f 3413 3310 3309
f 3409 3300 3411
f 3411 3300 3414
f 3412 3411 3414
f 3412 3414 3415
f 3394 3395 3406
f 3406 3395 3416
f 3395 3417 3416
f 3397 3417 3395
f 3397 3391 3418
f 3397 3418 3417
f 3406 3416 3408
f 3396 3410 3393
f 3410 3400 3393
f 3410 3412 3400
f 3400 3419 3401
f 3412 3419 3400
f 3408 3416 3420
f 3408 3420 3413
f 3416 3421 3420
f 3416 3417 3421
f 3418 3422 3417
f 3417 3422 3421
f 3389 3390 3423
f 3389 3423 3424
f 3389 3424 3391
f 3423 3390 3425
f 3390 3399 3425
f 3425 3399 3426
f 3423 3425 3427
f 3423 3427 3428
f 3425 3426 3429
f 3425 3429 3427
f 3391 3424 3430
f 3399 3402 3426
f 3423 3428 3424
f 3427 3429 3431
f 3427 3431 3432
f 3429 3433 3431
f 3427 3432 3428
f 3391 3430 3418
f 3424 3434 3430
f 3424 3428 3434
f 3418 3430 3435
f 3418 3435 3422
f 3413 3311 3310
f 3413 3436 3311
f 3436 3313 3311
f 3436 3314 3313
f 3436 3437 3314
f 3437 3315 3314
f 3437 3316 3315
f 3413 3420 3438
f 3413 3438 3436
f 3436 3439 3437
f 3436 3438 3439
f 3420 3440 3438
f 3420 3421 3440
f 3421 3422 3441
f 3421 3441 3440
f 3401 3442 3402
f 3414 3300 3327
f 3414 3327 3415
f 3415 3327 3328
f 3415 3328 3443
f 3443 3328 3329
f 3443 3329 3330
f 3443 3330 3331
f 3443 3331 3444
f 3444 3331 3332
f 3412 3415 3419
f 3419 3415 3445
f 3419 3445 3442
f 3401 3419 3442
f 3442 3446 3402
f 3442 3445 3447
f 3442 3447 3446
f 3446 3447 3448
f 3415 3443 3445
f 3443 3449 3445
f 3445 3449 3447
f 3443 3444 3449
f 3444 3450 3449
f 3449 3450 3451
f 3447 3451 3448
f 3447 3449 3451
f 3451 3452 3448
f 3429 3426 3453
f 3426 3402 3454
f 3402 3446 3454
f 3426 3454 3453
f 3453 3454 3455
f 3454 3456 3455
f 3429 3453 3433
f 3453 3457 3433
f 3431 3433 3458
f 3433 3457 3459
f 3433 3459 3458
f 3458 3459 3460
f 3459 3461 3460
f 3431 3462 3432
f 3453 3455 3457
f 3457 3463 3464
f 3457 3455 3463
f 3431 3458 3462
f 3458 3465 3462
f 3457 3464 3459
f 3458 3460 3465
f 3459 3464 3461
f 3455 3466 3463
f 3464 3467 3461
f 3464 3463 3468
f 3464 3468 3467
f 3468 3469 3467
f 3454 3446 3456
f 3446 3448 3456
f 3430 3470 3435
f 3430 3434 3470
f 3456 3448 3471
f 3455 3456 3466
f 3456 3471 3466
f 3466 3471 3472
f 3448 3452 3471
f 3471 3452 3473
f 3471 3473 3472
f 3472 3473 3474
f 3428 3432 3475
f 3428 3475 3434
f 3432 3476 3475
f 3432 3462 3476
f 3462 3465 3477
f 3462 3477 3476
f 3434 3475 3478
f 3434 3478 3470
f 3475 3479 3478
f 3475 3476 3479
f 3466 3480 3463
f 3463 3480 3468
f 3466 3472 3480
f 3480 3472 3481
f 3480 3481 3482
f 3468 3480 3482
f 3468 3482 3469
f 3482 3483 3469
f 3476 3477 3484
f 3476 3484 3479
f 3482 3485 3483
f 3472 3474 3481
f 3481 3486 3485
f 3474 3486 3481
f 3482 3481 3485
f 3485 3487 3483
f 3485 3488 3487
f 3485 3486 3488
f 3488 3489 3487
f 3444 3332 3333
f 3444 3333 3334
f 3334 3335 3490
f 3444 3334 3490
f 3491 3317 3316
f 3437 3491 3316
f 3491 3351 3317
f 3491 3352 3351
f 3491 3354 3352
f 3492 3355 3354
f 3492 3356 3355
f 3491 3492 3354
f 3493 3360 3359
f 3494 3357 3356
f 3492 3494 3356
f 3494 3358 3357
f 3493 3359 3358
f 3490 3336 3342
f 3490 3335 3336
f 3490 3342 3495
f 3495 3342 3344
f 3495 3344 3343
f 3496 3343 3345
f 3496 3345 3346
f 3496 3346 3347
f 3495 3343 3496
f 3493 3361 3360
f 3494 3493 3358
f 3497 3349 3350
f 3498 3347 3340
f 3498 3340 3348
f 3498 3348 3349
f 3497 3350 3371
f 3496 3347 3498
f 3497 3371 3499
f 3437 3500 3491
f 3437 3439 3500
f 3438 3501 3439
f 3491 3502 3492
f 3491 3500 3502
f 3439 3503 3500
f 3438 3440 3501
f 3440 3441 3504
f 3440 3504 3501
f 3439 3501 3503
f 3501 3504 3505
f 3444 3490 3450
f 3490 3506 3450
f 3450 3506 3507
f 3490 3495 3506
f 3495 3496 3508
f 3495 3508 3506
f 3450 3507 3451
f 3451 3507 3452
f 3507 3509 3452
f 3506 3510 3507
f 3511 3362 3361
f 3511 3364 3362
f 3511 3365 3364
f 3493 3511 3361
f 3512 3366 3365
f 3512 3367 3366
f 3513 3371 3375
f 3514 3368 3367
f 3514 3369 3368
f 3514 3372 3369
f 3511 3512 3365
f 3512 3514 3367
f 3500 3503 3515
f 3501 3505 3503
f 3492 3516 3494
f 3492 3502 3516
f 3500 3515 3502
f 3494 3517 3493
f 3494 3516 3517
f 3502 3518 3516
f 3493 3519 3511
f 3502 3515 3518
f 3503 3505 3520
f 3503 3520 3515
f 3493 3517 3519
f 3516 3521 3517
f 3516 3518 3521
f 3515 3522 3518
f 3515 3520 3522
f 3497 3523 3349
f 3498 3349 3523
f 3499 3371 3524
f 3497 3499 3525
f 3524 3371 3526
f 3497 3525 3523
f 3499 3524 3527
f 3526 3371 3528
f 3526 3528 3529
f 3524 3526 3530
f 3499 3527 3525
f 3507 3510 3509
f 3496 3531 3508
f 3496 3498 3531
f 3506 3508 3510
f 3498 3523 3532
f 3498 3532 3531
f 3508 3531 3533
f 3508 3533 3510
f 3510 3534 3509
f 3510 3533 3534
f 3531 3535 3533
f 3533 3536 3534
f 3513 3537 3371
f 3537 3538 3371
f 3539 3373 3372
f 3539 3374 3373
f 3539 3375 3374
f 3538 3540 3371
f 3513 3375 3541
f 3514 3539 3372
f 3540 3528 3371
f 3513 3542 3537
f 3537 3543 3538
f 3539 3541 3375
f 3513 3541 3542
f 3526 3529 3544
f 3538 3545 3540
f 3529 3528 3546
f 3540 3547 3528
f 3524 3530 3527
f 3526 3544 3530
f 3537 3542 3543
f 3529 3546 3544
f 3538 3543 3545
f 3540 3545 3547
f 3528 3547 3546
f 3531 3532 3535
f 3511 3548 3512
f 3511 3519 3548
f 3517 3549 3519
f 3512 3550 3514
f 3514 3551 3539
f 3512 3548 3550
f 3517 3521 3549
f 3518 3552 3521
f 3518 3522 3552
f 3523 3525 3553
f 3523 3553 3532
f 3525 3527 3554
f 3525 3554 3553
f 3532 3553 3555
f 3527 3530 3556
f 3527 3556 3554
f 3532 3555 3535
f 3533 3535 3536
f 3535 3557 3536
f 3535 3555 3557
f 3539 3558 3541
f 3514 3550 3551
f 3553 3554 3559
f 3541 3560 3542
f 3539 3551 3558
f 3553 3559 3555
f 3555 3561 3557
f 3422 3435 3562
f 3422 3562 3441
f 3435 3563 3562
f 3435 3470 3563
f 3563 3564 3562
f 3441 3562 3565
f 3441 3565 3504
f 3562 3564 3565
f 3452 3509 3473
f 3504 3565 3566
f 3565 3564 3567
f 3470 3478 3568
f 3470 3568 3563
f 3478 3569 3568
f 3563 3568 3570
f 3478 3479 3569
f 3479 3484 3571
f 3479 3571 3569
f 3568 3569 3572
f 3569 3571 3573
f 3569 3573 3572
f 3563 3570 3564
f 3568 3572 3570
f 3564 3570 3574
f 3564 3574 3567
f 3504 3566 3505
f 3505 3566 3575
f 3505 3575 3520
f 3565 3567 3566
f 3566 3567 3576
f 3566 3576 3575
f 3473 3509 3577
f 3509 3534 3577
f 3473 3577 3474
f 3474 3577 3578
f 3577 3579 3578
f 3577 3534 3579
f 3534 3536 3579
f 3578 3579 3580
f 3579 3536 3581
f 3579 3581 3580
f 3580 3581 3582
f 3474 3578 3486
f 3486 3578 3583
f 3486 3583 3488
f 3578 3580 3583
f 3488 3583 3584
f 3488 3584 3489
f 3570 3585 3574
f 3570 3572 3585
f 3572 3573 3586
f 3572 3586 3585
f 3586 3587 3585
f 3580 3588 3583
f 3583 3588 3584
f 3584 3589 3489
f 3584 3588 3590
f 3584 3590 3589
f 3590 3591 3589
f 3580 3582 3588
f 3588 3592 3590
f 3588 3582 3592
f 3590 3593 3591
f 3590 3592 3593
f 3520 3575 3594
f 3520 3594 3522
f 3575 3595 3594
f 3575 3576 3595
f 3595 3596 3594
f 3536 3557 3581
f 3581 3557 3597
f 3581 3597 3582
f 3582 3597 3598
f 3557 3561 3597
f 3567 3574 3599
f 3567 3599 3576
f 3574 3600 3599
f 3576 3599 3601
f 3599 3602 3601
f 3574 3585 3600
f 3585 3587 3600
f 3600 3602 3599
f 3576 3601 3595
f 3582 3598 3592
f 3600 3587 3603
f 3600 3603 3602
f 3602 3603 3604
f 3595 3601 3605
f 3601 3606 3605
f 3595 3605 3596
f 3596 3605 3607
f 3605 3608 3607
f 3602 3606 3601
f 3602 3604 3606
f 3606 3604 3609
f 3605 3606 3608
f 3530 3544 3610
f 3530 3610 3556
f 3554 3556 3611
f 3542 3612 3543
f 3543 3613 3545
f 3544 3546 3614
f 3544 3614 3610
f 3546 3547 3615
f 3545 3616 3547
f 3556 3610 3617
f 3555 3559 3561
f 3554 3611 3559
f 3559 3618 3561
f 3556 3617 3611
f 3559 3611 3618
f 3546 3615 3614
f 3593 3592 3619
f 3593 3620 3591
f 3593 3621 3620
f 3620 3621 3622
f 3597 3561 3623
f 3561 3618 3623
f 3623 3618 3624
f 3597 3623 3598
f 3598 3623 3625
f 3625 3623 3624
f 3625 3624 3626
f 3592 3598 3619
f 3598 3625 3619
f 3619 3625 3627
f 3619 3627 3621
f 3593 3619 3621
f 3621 3628 3622
f 3628 3629 3622
f 3621 3627 3628
f 3627 3625 3626
f 3627 3630 3628
f 3606 3609 3608
f 3608 3609 3631
f 3608 3631 3632
f 3628 3633 3629
f 3633 3634 3629
f 3627 3626 3630
f 3626 3635 3630
f 3630 3636 3633
f 3628 3630 3633
f 3633 3637 3634
f 3637 3638 3634
f 3633 3636 3637
f 3637 3639 3638
f 3639 3640 3638
f 3460 3461 3641
f 3460 3641 3642
f 3460 3642 3465
f 3461 3467 3643
f 3641 3461 3643
f 3643 3467 3644
f 3467 3469 3644
f 3641 3643 3645
f 3643 3646 3645
f 3641 3647 3642
f 3641 3645 3647
f 3643 3644 3646
f 3644 3648 3646
f 3644 3649 3648
f 3645 3646 3650
f 3646 3648 3651
f 3646 3651 3650
f 3645 3650 3652
f 3650 3651 3653
f 3465 3642 3654
f 3465 3654 3477
f 3644 3469 3649
f 3645 3652 3647
f 3642 3647 3655
f 3642 3655 3654
f 3647 3656 3655
f 3477 3654 3657
f 3477 3657 3484
f 3484 3657 3658
f 3654 3655 3659
f 3654 3659 3657
f 3650 3660 3652
f 3647 3652 3656
f 3650 3653 3660
f 3651 3648 3661
f 3651 3661 3662
f 3651 3662 3653
f 3469 3483 3649
f 3483 3487 3663
f 3649 3483 3663
f 3648 3649 3664
f 3649 3663 3664
f 3648 3664 3661
f 3663 3665 3664
f 3663 3666 3665
f 3664 3665 3667
f 3487 3489 3666
f 3663 3487 3666
f 3657 3659 3668
f 3655 3669 3659
f 3665 3666 3670
f 3665 3670 3671
f 3666 3489 3672
f 3666 3672 3670
f 3670 3672 3673
f 3672 3674 3673
f 3670 3673 3675
f 3673 3676 3677
f 3664 3667 3661
f 3661 3667 3678
f 3665 3671 3667
f 3667 3671 3679
f 3661 3678 3662
f 3653 3662 3680
f 3653 3680 3681
f 3662 3678 3682
f 3662 3682 3680
f 3652 3660 3683
f 3653 3681 3660
f 3667 3679 3678
f 3678 3679 3684
f 3678 3684 3682
f 3679 3671 3685
f 3679 3686 3684
f 3655 3656 3669
f 3652 3683 3656
f 3659 3669 3687
f 3656 3688 3669
f 3656 3683 3688
f 3660 3689 3683
f 3660 3681 3689
f 3683 3690 3688
f 3683 3689 3690
f 3679 3685 3686
f 3686 3685 3691
f 3670 3675 3671
f 3671 3675 3685
f 3673 3677 3675
f 3675 3677 3692
f 3677 3693 3694
f 3675 3692 3685
f 3685 3692 3691
f 3692 3695 3691
f 3692 3677 3694
f 3692 3694 3695
f 3694 3696 3695
f 3694 3697 3696
f 3680 3682 3698
f 3680 3699 3681
f 3680 3698 3699
f 3682 3684 3700
f 3682 3700 3698
f 3684 3686 3701
f 3684 3701 3700
f 3698 3700 3702
f 3700 3703 3702
f 3698 3704 3699
f 3698 3702 3704
f 3700 3701 3703
f 3701 3705 3703
f 3702 3703 3706
f 3703 3705 3707
f 3681 3708 3689
f 3681 3699 3708
f 3689 3709 3690
f 3689 3708 3709
f 3699 3710 3708
f 3699 3704 3710
f 3702 3711 3704
f 3704 3712 3710
f 3686 3691 3713
f 3701 3686 3713
f 3701 3713 3705
f 3705 3713 3714
f 3705 3714 3715
f 3691 3695 3716
f 3691 3716 3713
f 3716 3695 3717
f 3695 3696 3717
f 3717 3696 3718
f 3713 3716 3714
f 3716 3719 3714
f 3714 3719 3720
f 3708 3710 3721
f 3708 3721 3709
f 3710 3722 3721
f 3716 3717 3719
f 3717 3723 3719
f 3719 3723 3724
f 3717 3718 3723
f 3723 3718 3725
f 3723 3725 3726
f 3702 3706 3711
f 3703 3707 3706
f 3706 3707 3727
f 3704 3711 3712
f 3706 3728 3711
f 3706 3727 3728
f 3705 3715 3707
f 3707 3715 3729
f 3707 3729 3727
f 3714 3720 3715
f 3711 3728 3730
f 3715 3720 3731
f 3715 3731 3729
f 3720 3732 3731
f 3710 3712 3722
f 3711 3730 3712
f 3712 3733 3722
f 3712 3730 3733
f 3719 3724 3720
f 3723 3726 3724
f 3720 3724 3732
f 3724 3734 3732
f 3724 3726 3734
f 3726 3735 3734
f 3722 3733 3736
f 3727 3729 3737
f 3729 3731 3738
f 3727 3739 3728
f 3728 3740 3730
f 3731 3732 3741
f 3732 3734 3742
f 3734 3735 3743
f 3729 3738 3737
f 3731 3741 3738
f 3727 3737 3739
f 3728 3739 3740
f 3732 3742 3741
f 3734 3743 3742
f 3737 3738 3744
f 3737 3744 3739
f 3738 3741 3744
f 3745 3733 3730
f 3733 3746 3736
f 3740 3745 3730
f 3745 3746 3733
f 3739 3744 3740
f 3746 3747 3736
f 3484 3658 3571
f 3571 3748 3573
f 3571 3658 3748
f 3657 3668 3658
f 3659 3687 3668
f 3658 3668 3749
f 3658 3749 3748
f 3668 3750 3749
f 3573 3751 3586
f 3748 3751 3573
f 3586 3751 3752
f 3748 3749 3753
f 3748 3753 3751
f 3489 3589 3672
f 3672 3589 3674
f 3589 3591 3674
f 3674 3591 3754
f 3673 3674 3676
f 3676 3674 3754
f 3676 3755 3693
f 3676 3754 3755
f 3586 3752 3587
f 3591 3620 3754
f 3749 3756 3753
f 3751 3753 3757
f 3751 3757 3752
f 3753 3758 3757
f 3757 3759 3760
f 3669 3761 3687
f 3668 3687 3750
f 3669 3688 3761
f 3761 3762 3687
f 3688 3763 3761
f 3688 3690 3763
f 3749 3750 3756
f 3687 3762 3750
f 3676 3693 3677
f 3761 3763 3764
f 3750 3762 3765
f 3761 3764 3762
f 3762 3764 3766
f 3693 3697 3694
f 3762 3766 3765
f 3753 3756 3758
f 3750 3765 3756
f 3756 3767 3758
f 3758 3759 3757
f 3756 3765 3767
f 3765 3766 3768
f 3765 3768 3767
f 3758 3767 3769
f 3587 3770 3603
f 3752 3770 3587
f 3603 3771 3604
f 3770 3771 3603
f 3752 3760 3770
f 3752 3757 3760
f 3770 3760 3772
f 3690 3773 3763
f 3763 3774 3764
f 3690 3709 3773
f 3763 3773 3774
f 3764 3775 3766
f 3764 3774 3775
f 3766 3775 3776
f 3709 3777 3773
f 3709 3721 3777
f 3721 3778 3777
f 3773 3779 3774
f 3773 3777 3779
f 3777 3780 3779
f 3774 3781 3775
f 3774 3779 3781
f 3779 3782 3781
f 3766 3776 3768
f 3721 3722 3778
f 3777 3778 3780
f 3779 3780 3782
f 3722 3736 3778
f 3778 3736 3783
f 3778 3783 3780
f 3780 3784 3782
f 3783 3784 3780
f 3736 3747 3783
f 3696 3697 3785
f 3696 3785 3718
f 3718 3785 3786
f 3718 3786 3725
f 3786 3787 3725
f 3725 3787 3788
f 3787 3789 3790
f 3726 3725 3788
f 3787 3790 3788
f 3726 3788 3735
f 3788 3790 3791
f 3735 3788 3791
f 3790 3792 3791
f 3790 3793 3792
f 3789 3793 3790
f 3793 3794 3795
f 3793 3795 3792
f 3735 3796 3743
f 3741 3742 3744
f 3742 3743 3744
f 3735 3791 3796
f 3797 3791 3792
f 3798 3792 3795
f 3796 3791 3797
f 3797 3792 3798
f 3740 3744 3745
f 3743 3796 3744
f 3745 3744 3746
f 3746 3744 3747
f 3747 3744 3799
f 3796 3797 3744
f 3797 3798 3744
f 3798 3800 3744
f 3800 3801 3744
f 3799 3744 3802
f 3802 3744 3803
f 3803 3744 3804
f 3783 3747 3799
f 3799 3802 3784
f 3798 3795 3800
f 3800 3805 3801
f 3801 3806 3744
f 3744 3806 3807
f 3744 3807 3808
f 3744 3808 3809
f 3744 3809 3810
f 3744 3810 3811
f 3744 3812 3804
f 3744 3813 3812
f 3744 3814 3813
f 3744 3815 3814
f 3744 3816 3815
f 3744 3817 3816
f 3800 3795 3805
f 3801 3805 3818
f 3806 3818 3819
f 3744 3811 3820
f 3744 3820 3821
f 3744 3822 3823
f 3744 3821 3824
f 3744 3824 3822
f 3801 3818 3806
f 3806 3819 3807
f 3807 3825 3808
f 3744 3823 3817
f 3808 3826 3809
f 3809 3827 3810
f 3810 3828 3811
f 3811 3829 3820
f 3754 3830 3755
f 3755 3831 3832
f 3754 3620 3830
f 3830 3620 3622
f 3830 3622 3833
f 3755 3830 3831
f 3830 3833 3831
f 3831 3834 3835
f 3831 3833 3834
f 3834 3833 3836
f 3834 3837 3838
f 3834 3836 3837
f 3693 3832 3697
f 3693 3755 3832
f 3831 3835 3832
f 3832 3835 3839
f 3697 3832 3839
f 3697 3839 3785
f 3839 3840 3785
f 3835 3841 3839
f 3839 3841 3840
f 3841 3842 3840
f 3841 3843 3842
f 3843 3844 3842
f 3758 3769 3759
f 3834 3838 3835
f 3835 3838 3841
f 3767 3768 3845
f 3769 3846 3759
f 3767 3845 3769
f 3769 3845 3847
f 3769 3847 3846
f 3841 3838 3843
f 3847 3848 3846
f 3838 3849 3843
f 3838 3837 3849
f 3849 3850 3851
f 3849 3851 3843
f 3843 3851 3844
f 3851 3852 3844
f 3851 3853 3852
f 3853 3854 3852
f 3851 3850 3853
f 3853 3855 3854
f 3854 3855 3856
f 3622 3629 3833
f 3833 3629 3836
f 3760 3857 3772
f 3770 3772 3771
f 3771 3858 3859
f 3771 3772 3858
f 3772 3860 3858
f 3858 3861 3862
f 3604 3859 3609
f 3604 3771 3859
f 3609 3859 3863
f 3609 3863 3631
f 3863 3864 3631
f 3858 3862 3859
f 3862 3863 3859
f 3836 3629 3634
f 3836 3634 3865
f 3836 3865 3837
f 3837 3865 3866
f 3849 3837 3866
f 3866 3867 3850
f 3866 3865 3868
f 3866 3868 3867
f 3631 3864 3869
f 3865 3634 3638
f 3868 3638 3640
f 3865 3638 3868
f 3862 3870 3863
f 3862 3871 3870
f 3863 3870 3864
f 3864 3870 3872
f 3873 3872 3870
f 3864 3872 3874
f 3872 3875 3874
f 3872 3876 3875
f 3760 3759 3857
f 3772 3857 3860
f 3759 3846 3857
f 3857 3877 3860
f 3858 3860 3861
f 3857 3846 3877
f 3877 3878 3860
f 3846 3848 3877
f 3877 3848 3879
f 3849 3866 3850
f 3862 3861 3871
f 3860 3878 3861
f 3861 3880 3871
f 3867 3881 3850
f 3853 3850 3881
f 3871 3882 3873
f 3877 3879 3878
f 3878 3879 3883
f 3878 3883 3880
f 3878 3880 3861
f 3853 3881 3855
f 3880 3883 3884
f 3882 3884 3885
f 3871 3880 3882
f 3873 3882 3886
f 3880 3884 3882
f 3871 3873 3870
f 3873 3876 3872
f 3856 3855 3887
f 3856 3887 3888
f 3867 3889 3881
f 3868 3640 3890
f 3890 3640 3891
f 3890 3891 3892
f 3868 3890 3867
f 3867 3890 3889
f 3889 3890 3892
f 3889 3893 3894
f 3875 3895 3896
f 3875 3897 3895
f 3889 3892 3893
f 3898 3893 3899
f 3893 3900 3899
f 3892 3900 3893
f 3895 3901 3902
f 3899 3903 3904
f 3905 3899 3904
f 3902 3906 3907
f 3904 3908 3909
f 3907 3910 3908
f 3881 3894 3855
f 3881 3889 3894
f 3887 3894 3898
f 3894 3893 3898
f 3911 3898 3905
f 3855 3894 3887
f 3887 3911 3888
f 3911 3912 3888
f 3882 3885 3886
f 3886 3885 3913
f 3886 3913 3914
f 3911 3915 3912
f 3915 3916 3912
f 3887 3898 3911
f 3911 3905 3915
f 3914 3913 3917
f 3914 3917 3918
f 3918 3917 3919
f 3918 3919 3920
f 3873 3886 3876
f 3914 3897 3876
f 3875 3876 3897
f 3898 3899 3905
f 3918 3901 3897
f 3895 3897 3901
f 3902 3901 3906
f 3886 3914 3876
f 3914 3918 3897
f 3918 3920 3901
f 3921 3922 3916
f 3915 3909 3921
f 3915 3921 3916
f 3920 3919 3923
f 3921 3924 3922
f 3924 3923 3922
f 3920 3923 3924
f 3905 3904 3909
f 3905 3909 3915
f 3920 3906 3901
f 3921 3909 3910
f 3924 3910 3906
f 3907 3906 3910
f 3908 3910 3909
f 3920 3924 3906
f 3921 3910 3924
f 3785 3840 3786
f 3786 3840 3925
f 3925 3840 3842
f 3925 3842 3926
f 3842 3844 3926
f 3926 3844 3927
f 3786 3925 3787
f 3925 3789 3787
f 3775 3928 3776
f 3775 3781 3928
f 3781 3929 3928
f 3928 3930 3931
f 3925 3926 3789
f 3789 3926 3932
f 3932 3926 3927
f 3932 3927 3933
f 3789 3932 3793
f 3932 3933 3794
f 3768 3934 3845
f 3768 3776 3934
f 3934 3935 3845
f 3845 3935 3847
f 3847 3936 3848
f 3847 3935 3936
f 3776 3931 3934
f 3928 3931 3776
f 3934 3931 3937
f 3934 3937 3935
f 3935 3938 3936
f 3935 3937 3938
f 3931 3939 3937
f 3937 3940 3938
f 3844 3852 3927
f 3927 3852 3941
f 3942 3933 3943
f 3927 3941 3933
f 3941 3943 3933
f 3941 3944 3943
f 3943 3945 3946
f 3943 3944 3945
f 3945 3947 3948
f 3945 3948 3949
f 3948 3950 3951
f 3941 3852 3854
f 3952 3879 3848
f 3936 3952 3848
f 3952 3953 3879
f 3854 3856 3944
f 3941 3854 3944
f 3944 3856 3947
f 3953 3954 3883
f 3936 3938 3955
f 3938 3956 3955
f 3955 3957 3958
f 3936 3955 3952
f 3952 3958 3953
f 3952 3955 3958
f 3945 3944 3947
f 3948 3947 3959
f 3958 3960 3961
f 3961 3962 3963
f 3961 3954 3953
f 3958 3961 3953
f 3961 3963 3954
f 3963 3964 3954
f 3782 3784 3965
f 3781 3782 3929
f 3928 3929 3930
f 3782 3965 3929
f 3929 3966 3930
f 3929 3965 3966
f 3932 3794 3793
f 3794 3933 3942
f 3794 3805 3795
f 3794 3942 3805
f 3805 3942 3818
f 3931 3930 3939
f 3930 3966 3967
f 3930 3967 3939
f 3939 3968 3940
f 3939 3967 3968
f 3940 3968 3969
f 3783 3799 3784
f 3802 3965 3784
f 3803 3966 3965
f 3804 3967 3966
f 3802 3803 3965
f 3803 3804 3966
f 3804 3812 3967
f 3812 3968 3967
f 3807 3819 3825
f 3813 3969 3968
f 3814 3970 3969
f 3812 3813 3968
f 3813 3814 3969
f 3814 3815 3970
f 3815 3816 3971
f 3816 3817 3972
f 3937 3939 3940
f 3942 3943 3946
f 3818 3942 3946
f 3818 3946 3819
f 3819 3946 3949
f 3819 3949 3825
f 3945 3949 3946
f 3940 3969 3956
f 3969 3970 3956
f 3970 3957 3956
f 3970 3971 3957
f 3825 3949 3951
f 3825 3951 3826
f 3973 3827 3826
f 3948 3951 3949
f 3951 3950 3973
f 3951 3973 3826
f 3971 3960 3957
f 3972 3962 3960
f 3971 3972 3960
f 3973 3974 3827
f 3827 3974 3828
f 3975 3976 3962
f 3972 3975 3962
f 3808 3825 3826
f 3815 3971 3970
f 3816 3972 3971
f 3809 3826 3827
f 3810 3827 3828
f 3817 3975 3972
f 3817 3823 3975
f 3822 3977 3823
f 3820 3978 3821
f 3822 3824 3979
f 3821 3980 3824
f 3811 3828 3829
f 3823 3977 3975
f 3820 3829 3978
f 3822 3979 3977
f 3821 3978 3980
f 3824 3980 3979
f 3938 3940 3956
f 3955 3956 3957
f 3958 3957 3960
f 3961 3960 3962
f 3963 3962 3976
f 3879 3953 3883
f 3954 3884 3883
f 3954 3964 3884
f 3973 3950 3981
f 3981 3982 3974
f 3947 3888 3959
f 3947 3856 3888
f 3959 3888 3912
f 3959 3912 3983
f 3983 3912 3916
f 3983 3916 3984
f 3984 3922 3985
f 3948 3959 3950
f 3950 3959 3983
f 3950 3983 3981
f 3963 3976 3986
f 3986 3987 3988
f 3963 3986 3964
f 3986 3989 3964
f 3986 3988 3989
f 3988 3990 3989
f 3983 3984 3981
f 3984 3982 3981
f 3982 3985 3991
f 3982 3991 3992
f 3993 3988 3994
f 3991 3995 3996
f 3993 3997 3995
f 3993 3990 3988
f 3984 3985 3982
f 3993 3995 3998
f 3993 3998 3990
f 3991 3999 3995
f 3991 3985 3999
f 3995 3999 3998
f 3973 3981 3974
f 3982 3992 3974
f 3828 3974 3992
f 3828 3992 3829
f 3987 3976 3977
f 3975 3977 3976
f 3987 3977 3979
f 3992 3996 3829
f 3996 3978 3829
f 3994 3979 3980
f 3987 3979 3994
f 3991 3996 3992
f 3995 3997 3996
f 3996 3997 3978
f 3997 3980 3978
f 3994 3980 3997
f 3986 3976 3987
f 3988 3987 3994
f 3993 3994 3997
f 3884 3964 3885
f 3989 3913 3885
f 3964 3989 3885
f 3989 3990 3913
f 3913 3990 3917
f 3984 3916 3922
f 3998 3919 3917
f 3990 3998 3917
f 3985 3922 3923
f 3999 3923 3919
f 3998 3999 3919
f 3985 3923 3999
f 3519 4000 3548
f 3519 3549 4000
f 3521 4001 3549
f 3521 3552 4001
f 3548 4002 3550
f 3541 3558 3560
f 3550 4003 3551
f 3548 4000 4002
f 3549 4004 4000
f 3549 4001 4004
f 3550 4002 4003
f 4000 4005 4002
f 4000 4004 4005
f 3522 4006 3552
f 3522 3594 4006
f 3594 3596 4006
f 3552 4006 4007
f 3552 4007 4001
f 3596 4008 4006
f 4006 4008 4007
f 4008 4009 4007
f 4001 4007 4010
f 4001 4010 4004
f 3596 3607 4008
f 3542 3560 3612
f 3551 4011 3558
f 3543 3612 3613
f 3558 4012 3560
f 3611 4013 3618
f 3551 4003 4011
f 4002 4014 4003
f 4002 4005 4014
f 3558 4011 4012
f 4003 4015 4011
f 3545 3613 3616
f 3547 3616 3615
f 3610 3614 4016
f 3614 3615 4017
f 3610 4016 3617
f 3611 3617 4013
f 3617 4018 4013
f 3614 4017 4016
f 3560 4019 3612
f 3612 4020 3613
f 3560 4012 4019
f 3617 4016 4018
f 4016 4021 4018
f 3612 4019 4020
f 4003 4014 4015
f 4011 4022 4012
f 4011 4015 4022
f 3615 3616 4023
f 3613 4024 3616
f 3615 4023 4017
f 3613 4020 4024
f 4016 4017 4021
f 3616 4024 4023
f 4017 4023 4025
f 4017 4025 4021
f 4012 4026 4019
f 4012 4022 4026
f 4019 4027 4020
f 4019 4026 4027
f 4023 4024 4028
f 4023 4028 4025
f 4020 4029 4024
f 4020 4027 4029
f 4024 4029 4028
f 4004 4010 4030
f 4004 4030 4005
f 4007 4009 4010
f 4009 4031 4010
f 4010 4031 4030
f 4031 4032 4030
f 3618 4013 3624
f 3624 4013 4033
f 3626 3624 4033
f 3626 4033 3635
f 3635 4033 4034
f 3635 4034 4035
f 4013 4018 4033
f 4033 4018 4034
f 4008 3607 4036
f 3607 3632 4036
f 4008 4036 4009
f 4036 4037 4009
f 4036 4038 4037
f 3607 3608 3632
f 4036 3632 4038
f 3632 3631 3869
f 3632 3869 4038
f 4009 4037 4031
f 3635 3636 3630
f 3637 3636 4039
f 3635 4035 3636
f 3636 4035 4039
f 4038 3869 4040
f 4038 4041 4037
f 4038 4040 4041
f 4041 4040 4042
f 4041 4042 4043
f 4031 4037 4044
f 4037 4041 4044
f 4031 4044 4032
f 4044 4043 4045
f 4032 4044 4045
f 4032 4045 4046
f 4044 4041 4043
f 4005 4047 4014
f 4005 4030 4047
f 4014 4047 4048
f 4014 4048 4015
f 4015 4048 4049
f 4015 4049 4022
f 4030 4032 4047
f 4032 4046 4047
f 4047 4046 4048
f 4046 4050 4048
f 4018 4021 4034
f 4021 4051 4034
f 4035 4034 4051
f 4035 4051 4052
f 4039 4053 3639
f 3637 4039 3639
f 3639 4054 3640
f 3639 4053 4054
f 4043 4042 4055
f 4054 3891 3640
f 4054 4056 3891
f 4056 4057 3891
f 4039 4035 4052
f 4039 4052 4053
f 4045 4058 4046
f 4045 4059 4058
f 4053 4060 4054
f 4052 4061 4053
f 4061 4060 4053
f 4058 4062 4063
f 4043 4059 4045
f 4043 4055 4059
f 4054 4060 4056
f 4059 4055 4064
f 4059 4064 4062
f 4059 4062 4058
f 4065 4066 4057
f 4060 4067 4068
f 4056 4060 4068
f 4063 4069 4070
f 4068 4071 4065
f 4056 4068 4065
f 4056 4065 4057
f 4062 4064 4072
f 4062 4072 4069
f 4069 4072 4073
f 4063 4062 4069
f 4069 4074 4070
f 4065 4074 4066
f 4074 4073 4066
f 4065 4071 4074
f 4069 4073 4074
f 4021 4025 4051
f 4051 4025 4075
f 4048 4050 4049
f 4052 4051 4075
f 4052 4075 4061
f 4076 4077 4049
f 4050 4076 4049
f 4022 4049 4077
f 4022 4077 4026
f 4026 4077 4078
f 4025 4028 4075
f 4075 4028 4079
f 4061 4075 4079
f 4076 4080 4077
f 4061 4079 4067
f 4067 4081 4082
f 4026 4078 4027
f 4028 4029 4079
f 4027 4081 4029
f 4027 4078 4081
f 4029 4081 4079
f 4077 4080 4078
f 4067 4079 4081
f 4078 4082 4081
f 4080 4082 4078
f 4046 4058 4050
f 4058 4063 4050
f 4063 4076 4050
f 4063 4070 4076
f 4061 4067 4060
f 4076 4070 4080
f 4068 4067 4082
f 4080 4070 4071
f 4068 4082 4071
f 4074 4071 4070
f 4080 4071 4082
f 3869 3874 4040
f 3864 3874 3869
f 4040 3896 4042
f 3874 3896 4040
f 3874 3875 3896
f 3896 4083 4042
f 4083 4055 4042
f 3892 3891 4057
f 3892 4057 3900
f 4084 4064 4055
f 4083 4084 4055
f 3896 3895 4083
f 4083 3895 3902
f 4083 3902 4084
f 4084 3902 3907
f 3900 4066 3903
f 3900 4057 4066
f 4085 4072 4064
f 4084 4085 4064
f 4085 4086 4072
f 3903 4066 4073
f 3903 4073 4086
f 3899 3900 3903
f 4084 3907 4085
f 4085 3907 3908
f 3904 3903 4086
f 4085 3908 4086
f 3904 4086 3908
f 4072 4086 4073
f 4087 4088 4089
f 4089 4090 4091
f 4090 4092 4093
f 4094 4095 4092
f 4096 4097 4098
f 4096 4099 4097
f 4098 4097 4088
f 4099 4100 4097
f 4088 4097 4089
f 4100 4101 4097
f 4102 4094 4103
f 4104 4103 4105
f 4106 4105 4107
f 4104 4105 4106
f 4106 4107 4108
f 4109 4110 4108
f 4097 4111 4112
f 4097 4113 4111
f 4114 4112 4115
f 4089 4097 4090
f 4090 4097 4092
f 4094 4092 4097
f 4094 4097 4103
f 4103 4097 4105
f 4105 4097 4107
f 4109 4108 4107
f 4109 4116 4110
f 4101 4117 4097
f 4117 4118 4097
f 4097 4118 4119
f 4097 4119 4120
f 4097 4120 4121
f 4097 4121 4122
f 4109 4107 4097
f 4109 4097 4116
f 4123 4097 4114
f 4116 4097 4123
f 4097 4122 4124
f 4097 4124 4125
f 4097 4125 4126
f 4114 4097 4112
f 4097 4127 4128
f 4097 4126 4129
f 4097 4129 4130
f 4097 4130 4127
f 4116 4123 4131
f 4123 4114 4132
f 4125 4133 4126
f 4129 4126 4134
f 4116 4131 4110
f 4123 4132 4131
f 4114 4115 4132
f 4110 4131 4135
f 4110 4135 4136
f 4135 4137 4138
f 4131 4132 4137
f 4131 4137 4135
f 4132 4115 4139
f 4132 4139 4137
f 4139 4115 4140
f 4137 4139 4141
f 4139 4140 4142
f 4137 4141 4138
f 4139 4142 4141
f 4141 4142 4143
f 4142 4144 4143
f 4144 4145 4143
f 4144 4146 4145
f 4145 4146 4147
f 4148 4149 4150
f 4149 4151 4150
f 4148 4150 4152
f 4150 4151 4153
f 4151 4154 4155
f 4148 4152 4156
f 4149 4087 4151
f 4087 4154 4151
f 4156 4152 4157
f 4087 4091 4154
f 4154 4091 4158
f 4156 4157 4159
f 4159 4160 4161
f 4159 4157 4160
f 4154 4158 4162
f 4158 4163 4164
f 4150 4165 4152
f 4152 4166 4157
f 4157 4167 4160
f 4153 4155 4168
f 4155 4169 4168
f 4153 4168 4170
f 4158 4164 4162
f 4171 4164 4163
f 4151 4155 4153
f 4150 4153 4165
f 4154 4162 4155
f 4152 4165 4166
f 4155 4162 4169
f 4162 4164 4172
f 4164 4173 4172
f 4153 4170 4165
f 4162 4172 4169
f 4165 4170 4174
f 4165 4174 4166
f 4157 4166 4167
f 4160 4167 4175
f 4171 4173 4164
f 4171 4176 4177
f 4171 4177 4173
f 4166 4178 4167
f 4166 4174 4178
f 4167 4179 4175
f 4167 4178 4179
f 4172 4180 4169
f 4172 4173 4181
f 4173 4182 4181
f 4177 4183 4184
f 4173 4177 4182
f 4177 4184 4182
f 4183 4185 4184
f 4168 4169 4186
f 4168 4187 4170
f 4186 4169 4180
f 4168 4186 4187
f 4170 4188 4174
f 4172 4181 4180
f 4187 4188 4170
f 4174 4188 4189
f 4174 4189 4178
f 4178 4190 4179
f 4178 4189 4190
f 4179 4190 4191
f 4148 4098 4149
f 4148 4156 4096
f 4087 4089 4091
f 4149 4088 4087
f 4156 4159 4099
f 4159 4161 4100
f 4148 4096 4098
f 4149 4098 4088
f 4156 4099 4096
f 4159 4100 4099
f 4100 4161 4101
f 4090 4093 4091
f 4092 4095 4093
f 4101 4161 4192
f 4102 4095 4094
f 4117 4192 4193
f 4118 4193 4194
f 4093 4095 4163
f 4102 4195 4095
f 4102 4196 4195
f 4158 4091 4093
f 4158 4093 4163
f 4161 4197 4192
f 4160 4197 4161
f 4095 4195 4163
f 4192 4198 4193
f 4192 4197 4198
f 4193 4198 4199
f 4171 4163 4195
f 4196 4176 4195
f 4102 4104 4196
f 4104 4200 4196
f 4104 4106 4200
f 4201 4200 4106
f 4201 4202 4200
f 4193 4199 4194
f 4194 4199 4203
f 4194 4203 4204
f 4204 4203 4205
f 4196 4200 4206
f 4160 4175 4197
f 4197 4207 4198
f 4198 4208 4199
f 4199 4209 4203
f 4203 4210 4205
f 4101 4192 4117
f 4117 4193 4118
f 4118 4194 4119
f 4119 4204 4120
f 4120 4211 4121
f 4102 4103 4104
f 4119 4194 4204
f 4120 4204 4211
f 4121 4211 4212
f 4121 4212 4122
f 4122 4213 4124
f 4125 4124 4214
f 4122 4212 4213
f 4124 4213 4214
f 4125 4214 4133
f 4126 4133 4134
f 4201 4106 4108
f 4201 4108 4136
f 4110 4136 4108
f 4201 4136 4215
f 4136 4135 4216
f 4204 4205 4211
f 4211 4217 4212
f 4211 4205 4217
f 4212 4218 4213
f 4212 4217 4218
f 4218 4217 4219
f 4214 4220 4133
f 4213 4221 4214
f 4213 4218 4221
f 4214 4221 4220
f 4218 4222 4221
f 4220 4221 4223
f 4205 4224 4217
f 4171 4195 4176
f 4196 4206 4176
f 4176 4206 4183
f 4206 4202 4225
f 4201 4215 4202
f 4200 4202 4206
f 4202 4215 4226
f 4202 4226 4225
f 4215 4227 4226
f 4226 4227 4228
f 4227 4229 4228
f 4197 4175 4207
f 4198 4207 4208
f 4177 4176 4183
f 4206 4225 4183
f 4175 4230 4207
f 4175 4179 4230
f 4207 4231 4208
f 4207 4230 4231
f 4199 4208 4209
f 4203 4209 4210
f 4209 4232 4210
f 4209 4208 4233
f 4208 4231 4233
f 4209 4233 4232
f 4183 4225 4185
f 4226 4234 4225
f 4225 4234 4185
f 4230 4235 4231
f 4226 4228 4234
f 4233 4231 4236
f 4233 4237 4232
f 4233 4236 4237
f 4136 4216 4215
f 4135 4138 4216
f 4216 4227 4215
f 4216 4238 4227
f 4216 4138 4238
f 4138 4239 4238
f 4138 4141 4239
f 4141 4143 4239
f 4218 4219 4222
f 4221 4222 4223
f 4222 4240 4223
f 4222 4241 4240
f 4239 4242 4238
f 4239 4243 4242
f 4227 4238 4229
f 4229 4238 4242
f 4239 4143 4243
f 4143 4145 4243
f 4205 4210 4224
f 4217 4224 4219
f 4210 4244 4224
f 4210 4232 4244
f 4224 4245 4219
f 4224 4244 4245
f 4222 4219 4241
f 4219 4245 4241
f 4232 4246 4244
f 4232 4237 4246
f 4244 4246 4247
f 4244 4247 4245
f 4245 4248 4241
f 4245 4247 4248
f 4179 4191 4230
f 4230 4191 4235
f 4231 4235 4236
f 4185 4249 4184
f 4185 4250 4249
f 4180 4181 4251
f 4186 4180 4252
f 4180 4251 4252
f 4186 4252 4253
f 4186 4253 4187
f 4181 4254 4251
f 4251 4254 4255
f 4251 4256 4252
f 4252 4257 4253
f 4251 4255 4256
f 4252 4256 4257
f 4254 4258 4255
f 4253 4257 4259
f 4258 4260 4255
f 4256 4255 4261
f 4256 4262 4257
f 4182 4254 4181
f 4182 4263 4254
f 4187 4264 4188
f 4187 4253 4264
f 4188 4265 4189
f 4188 4264 4265
f 4263 4258 4254
f 4263 4249 4266
f 4182 4184 4263
f 4184 4249 4263
f 4249 4250 4267
f 4189 4265 4268
f 4189 4268 4190
f 4190 4268 4269
f 4263 4266 4258
f 4266 4267 4270
f 4267 4250 4271
f 4249 4267 4266
f 4267 4271 4272
f 4253 4259 4264
f 4264 4273 4265
f 4265 4274 4268
f 4264 4259 4273
f 4258 4266 4275
f 4257 4276 4259
f 4259 4277 4273
f 4265 4273 4274
f 4268 4274 4278
f 4273 4279 4274
f 4255 4260 4261
f 4256 4261 4262
f 4258 4275 4260
f 4257 4262 4276
f 4260 4275 4280
f 4272 4271 4281
f 4266 4270 4275
f 4272 4282 4270
f 4259 4276 4277
f 4275 4270 4283
f 4283 4270 4282
f 4267 4272 4270
f 4272 4284 4282
f 4272 4281 4284
f 4284 4281 4285
f 4273 4277 4279
f 4279 4277 4286
f 4282 4284 4287
f 4284 4285 4288
f 4284 4288 4287
f 4234 4228 4289
f 4234 4250 4185
f 4234 4289 4250
f 4289 4290 4291
f 4228 4290 4289
f 4229 4290 4228
f 4229 4292 4290
f 4292 4293 4290
f 4292 4294 4293
f 4290 4293 4291
f 4293 4294 4295
f 4229 4242 4292
f 4242 4296 4292
f 4242 4243 4296
f 4243 4297 4296
f 4296 4297 4298
f 4145 4297 4243
f 4145 4147 4297
f 4147 4299 4297
f 4147 4300 4299
f 4297 4299 4298
f 4298 4299 4301
f 4299 4300 4302
f 4292 4296 4294
f 4246 4237 4303
f 4248 4247 4304
f 4246 4305 4247
f 4246 4303 4305
f 4247 4305 4304
f 4305 4303 4306
f 4296 4298 4294
f 4298 4307 4294
f 4305 4306 4308
f 4307 4309 4295
f 4299 4302 4301
f 4302 4310 4311
f 4298 4301 4307
f 4301 4311 4312
f 4294 4307 4295
f 4307 4312 4309
f 4307 4301 4312
f 4302 4311 4301
f 4311 4313 4312
f 4311 4310 4314
f 4311 4314 4313
f 4190 4269 4191
f 4191 4315 4235
f 4289 4271 4250
f 4191 4269 4315
f 4268 4278 4269
f 4269 4316 4315
f 4235 4317 4236
f 4235 4315 4317
f 4236 4317 4318
f 4317 4315 4319
f 4289 4291 4271
f 4291 4281 4271
f 4269 4278 4316
f 4293 4320 4291
f 4315 4316 4319
f 4317 4319 4321
f 4319 4316 4322
f 4274 4323 4278
f 4278 4324 4316
f 4236 4318 4237
f 4237 4318 4303
f 4317 4321 4318
f 4303 4318 4325
f 4318 4321 4325
f 4319 4326 4321
f 4303 4325 4306
f 4325 4321 4327
f 4306 4325 4328
f 4291 4320 4281
f 4320 4285 4281
f 4320 4329 4285
f 4293 4295 4320
f 4320 4295 4329
f 4295 4309 4329
f 4309 4330 4329
f 4309 4331 4330
f 4278 4323 4324
f 4274 4279 4323
f 4279 4332 4323
f 4323 4332 4333
f 4316 4324 4322
f 4322 4324 4334
f 4323 4333 4324
f 4324 4333 4334
f 4285 4329 4335
f 4288 4285 4335
f 4329 4330 4335
f 4333 4336 4337
f 4319 4322 4326
f 4321 4326 4327
f 4325 4327 4328
f 4326 4338 4327
f 4326 4339 4338
f 4327 4338 4340
f 4309 4312 4331
f 4331 4312 4313
f 4322 4334 4339
f 4322 4339 4326
f 4334 4341 4339
f 4333 4337 4334
f 4334 4337 4341
f 4338 4339 4342
f 4339 4341 4342
f 4343 4344 4345
f 4343 4346 4344
f 4343 4347 4346
f 4097 4348 4349
f 4097 4349 4113
f 4097 4350 4348
f 4111 4351 4112
f 4352 4111 4113
f 4113 4349 4353
f 4349 4348 4344
f 4348 4350 4345
f 4350 4128 4354
f 4112 4351 4115
f 4352 4351 4111
f 4352 4113 4353
f 4097 4128 4350
f 4127 4130 4355
f 4129 4356 4130
f 4127 4357 4128
f 4127 4355 4357
f 4130 4356 4355
f 4349 4344 4353
f 4348 4345 4344
f 4350 4354 4345
f 4128 4357 4354
f 4351 4140 4115
f 4351 4358 4140
f 4352 4359 4358
f 4352 4358 4351
f 4140 4358 4360
f 4358 4359 4361
f 4355 4356 4362
f 4352 4353 4359
f 4353 4344 4346
f 4353 4346 4359
f 4354 4357 4363
f 4359 4346 4364
f 4355 4365 4357
f 4355 4362 4365
f 4357 4365 4363
f 4365 4362 4366
f 4343 4345 4367
f 4343 4367 4368
f 4367 4363 4369
f 4367 4345 4354
f 4367 4354 4363
f 4365 4370 4363
f 4347 4364 4346
f 4347 4371 4364
f 4347 4372 4371
f 4373 4371 4372
f 4373 4374 4371
f 4358 4361 4360
f 4360 4361 4375
f 4361 4376 4375
f 4142 4140 4360
f 4142 4360 4144
f 4144 4360 4375
f 4359 4364 4361
f 4361 4364 4376
f 4364 4371 4376
f 4362 4377 4366
f 4377 4378 4366
f 4377 4379 4378
f 4375 4376 4380
f 4144 4375 4146
f 4375 4380 4146
f 4376 4371 4374
f 4380 4376 4374
f 4367 4369 4368
f 4343 4368 4347
f 4347 4368 4372
f 4368 4381 4372
f 4368 4369 4381
f 4369 4382 4381
f 4369 4370 4382
f 4382 4370 4383
f 4381 4382 4384
f 4381 4384 4385
f 4381 4385 4372
f 4373 4372 4385
f 4382 4386 4384
f 4382 4383 4386
f 4386 4383 4387
f 4369 4363 4370
f 4366 4383 4370
f 4366 4378 4383
f 4365 4366 4370
f 4383 4378 4387
f 4378 4388 4387
f 4379 4388 4378
f 4379 4389 4388
f 4390 4391 4392
f 4390 4392 4393
f 4393 4392 4394
f 4373 4395 4374
f 4373 4396 4395
f 4380 4397 4146
f 4147 4146 4397
f 4380 4398 4397
f 4398 4399 4397
f 4374 4395 4398
f 4380 4374 4398
f 4395 4400 4398
f 4397 4399 4300
f 4395 4401 4400
f 4400 4401 4402
f 4398 4400 4399
f 4400 4403 4399
f 4385 4384 4404
f 4385 4404 4396
f 4404 4405 4396
f 4373 4385 4396
f 4396 4401 4395
f 4384 4386 4390
f 4384 4390 4404
f 4386 4391 4390
f 4386 4387 4391
f 4390 4393 4404
f 4406 4391 4387
f 4406 4407 4408
f 4396 4405 4401
f 4405 4409 4401
f 4393 4405 4404
f 4393 4410 4405
f 4388 4389 4407
f 4389 4411 4407
f 4406 4387 4388
f 4406 4388 4407
f 4407 4411 4412
f 4408 4407 4412
f 4412 4413 4414
f 4412 4411 4413
f 4413 4415 4416
f 4399 4403 4417
f 4402 4418 4419
f 4400 4402 4403
f 4403 4419 4420
f 4402 4419 4403
f 4419 4418 4421
f 4405 4410 4409
f 4409 4410 4422
f 4409 4422 4418
f 4393 4394 4410
f 4410 4423 4422
f 4394 4423 4410
f 4423 4424 4425
f 4423 4425 4422
f 4422 4425 4426
f 4409 4402 4401
f 4409 4418 4402
f 4413 4416 4414
f 4416 4427 4428
f 4422 4426 4418
f 4418 4426 4421
f 4391 4429 4392
f 4392 4429 4430
f 4429 4408 4431
f 4394 4392 4430
f 4429 4431 4430
f 4394 4430 4432
f 4394 4432 4423
f 4433 4432 4430
f 4433 4430 4431
f 4433 4431 4434
f 4434 4431 4435
f 4434 4435 4436
f 4432 4437 4424
f 4438 4433 4434
f 4438 4437 4433
f 4433 4437 4432
f 4439 4434 4436
f 4438 4434 4439
f 4439 4436 4440
f 4406 4429 4391
f 4406 4408 4429
f 4408 4412 4435
f 4408 4435 4431
f 4435 4412 4414
f 4435 4414 4436
f 4436 4414 4441
f 4423 4432 4424
f 4436 4441 4440
f 4440 4441 4442
f 4416 4441 4414
f 4416 4428 4441
f 4441 4428 4442
f 4443 4444 4428
f 4442 4428 4444
f 4129 4134 4356
f 4133 4445 4134
f 4133 4220 4445
f 4134 4445 4446
f 4134 4446 4356
f 4356 4446 4362
f 4220 4447 4445
f 4446 4445 4448
f 4446 4377 4362
f 4448 4445 4447
f 4448 4447 4449
f 4449 4447 4450
f 4220 4223 4447
f 4447 4223 4450
f 4223 4240 4450
f 4446 4448 4377
f 4377 4448 4379
f 4448 4449 4379
f 4241 4451 4240
f 4450 4240 4452
f 4240 4451 4452
f 4449 4450 4453
f 4379 4449 4389
f 4453 4450 4452
f 4449 4453 4389
f 4241 4248 4451
f 4147 4397 4300
f 4451 4454 4455
f 4453 4452 4456
f 4451 4455 4452
f 4452 4455 4456
f 4455 4454 4457
f 4399 4417 4300
f 4455 4457 4415
f 4457 4458 4459
f 4248 4454 4451
f 4248 4304 4454
f 4454 4304 4458
f 4305 4308 4304
f 4304 4308 4458
f 4308 4306 4460
f 4457 4454 4458
f 4308 4461 4458
f 4453 4411 4389
f 4453 4456 4411
f 4456 4455 4415
f 4411 4456 4413
f 4456 4415 4413
f 4457 4427 4415
f 4302 4300 4417
f 4417 4420 4310
f 4417 4403 4420
f 4302 4417 4310
f 4420 4462 4310
f 4420 4463 4462
f 4419 4463 4420
f 4419 4421 4463
f 4306 4328 4460
f 4458 4461 4459
f 4308 4460 4461
f 4464 4460 4465
f 4461 4460 4464
f 4314 4310 4462
f 4466 4465 4467
f 4457 4459 4427
f 4459 4443 4427
f 4459 4468 4443
f 4416 4415 4427
f 4427 4443 4428
f 4468 4469 4443
f 4468 4470 4469
f 4461 4468 4459
f 4461 4464 4468
f 4468 4464 4470
f 4464 4466 4470
f 4464 4465 4466
f 4327 4340 4328
f 4460 4328 4465
f 4328 4340 4465
f 4338 4471 4340
f 4338 4342 4471
f 4340 4467 4465
f 4340 4471 4467
f 4443 4469 4444
f 4288 4335 4472
f 4314 4462 4473
f 4314 4474 4313
f 4314 4473 4474
f 4473 4475 4476
f 4331 4477 4330
f 4331 4478 4477
f 4330 4479 4335
f 4335 4479 4472
f 4479 4477 4480
f 4330 4477 4479
f 4478 4481 4477
f 4482 4483 4481
f 4477 4481 4480
f 4481 4483 4484
f 4331 4313 4478
f 4313 4474 4478
f 4474 4482 4478
f 4473 4476 4474
f 4474 4476 4482
f 4476 4485 4482
f 4476 4475 4486
f 4476 4486 4485
f 4337 4487 4488
f 4337 4488 4341
f 4341 4488 4489
f 4478 4482 4481
f 4482 4485 4483
f 4483 4485 4490
f 4490 4485 4491
f 4486 4491 4485
f 4486 4492 4491
f 4490 4491 4493
f 4491 4494 4493
f 4491 4492 4494
f 4495 4496 4497
f 4498 4499 4500
f 4493 4501 4502
f 4503 4502 4504
f 4494 4505 4501
f 4494 4501 4493
f 4501 4506 4502
f 4507 4496 4495
f 4495 4497 4500
f 4497 4498 4500
f 4503 4504 4498
f 4507 4508 4509
f 4504 4502 4506
f 4498 4504 4499
f 4508 4510 4511
f 4512 4510 4513
f 4425 4514 4515
f 4426 4515 4516
f 4426 4516 4421
f 4515 4517 4516
f 4425 4515 4426
f 4514 4518 4515
f 4515 4518 4517
f 4518 4519 4520
f 4518 4520 4517
f 4424 4437 4521
f 4438 4522 4437
f 4437 4522 4521
f 4522 4523 4521
f 4523 4524 4525
f 4438 4439 4526
f 4439 4527 4526
f 4528 4526 4527
f 4528 4529 4526
f 4528 4527 4530
f 4528 4531 4529
f 4528 4532 4531
f 4438 4526 4522
f 4439 4440 4527
f 4522 4526 4529
f 4527 4533 4530
f 4440 4533 4527
f 4522 4529 4523
f 4529 4531 4524
f 4529 4524 4523
f 4533 4534 4530
f 4531 4532 4535
f 4531 4536 4524
f 4524 4536 4537
f 4531 4535 4536
f 4536 4535 4538
f 4536 4538 4539
f 4425 4424 4514
f 4424 4521 4514
f 4521 4540 4514
f 4514 4540 4518
f 4540 4519 4518
f 4540 4525 4519
f 4521 4523 4540
f 4523 4525 4540
f 4442 4444 4541
f 4444 4542 4541
f 4440 4442 4533
f 4442 4541 4533
f 4533 4541 4534
f 4534 4543 4544
f 4545 4544 4543
f 4534 4541 4543
f 4542 4543 4541
f 4542 4546 4543
f 4545 4543 4546
f 4545 4546 4547
f 4525 4524 4537
f 4525 4548 4519
f 4525 4537 4548
f 4537 4549 4548
f 4519 4548 4550
f 4520 4519 4550
f 4548 4551 4550
f 4548 4549 4551
f 4536 4539 4537
f 4537 4539 4549
f 4545 4547 4552
f 4547 4553 4552
f 4538 4554 4555
f 4549 4556 4557
f 4549 4557 4551
f 4557 4556 4558
f 4557 4558 4559
f 4559 4558 4560
f 4539 4556 4549
f 4539 4555 4556
f 4555 4561 4556
f 4538 4555 4539
f 4555 4554 4562
f 4555 4562 4561
f 4562 4563 4561
f 4562 4564 4563
f 4556 4561 4558
f 4561 4565 4558
f 4558 4565 4560
f 4561 4563 4565
f 4565 3208 3207
f 4565 3207 4560
f 4560 3207 3204
f 4565 4563 3210
f 4563 3211 3210
f 4563 4566 3211
f 4566 3212 3211
f 4565 3209 3208
f 4565 3210 3209
f 4462 4463 4567
f 4421 4568 4463
f 4463 4568 4567
f 4568 4569 4567
f 4568 4570 4569
f 4569 4570 4571
f 4462 4567 4473
f 4473 4567 4475
f 4567 4569 4475
f 4569 4572 4475
f 4569 4571 4572
f 4421 4516 4568
f 4516 4570 4568
f 4516 4517 4570
f 4517 4573 4570
f 4570 4573 4571
f 4517 4520 4573
f 4466 4467 4574
f 4466 4575 4470
f 4575 4574 4576
f 4466 4574 4575
f 4576 4574 4577
f 4571 4578 4572
f 4571 4579 4578
f 4579 4580 4578
f 4573 4581 4579
f 4520 4581 4573
f 4520 4550 4581
f 4581 4550 4582
f 4581 4582 4583
f 4571 4573 4579
f 4581 4583 4579
f 4579 4583 4580
f 4471 4342 4584
f 4467 4471 4585
f 4471 4584 4585
f 4486 4475 4572
f 4341 4489 4342
f 4342 4489 4584
f 4488 4586 4489
f 4584 4489 4587
f 4488 4588 4586
f 4586 4588 4589
f 4489 4586 4587
f 4586 4590 4587
f 4586 4589 4590
f 4467 4585 4574
f 4584 4591 4585
f 4585 4577 4574
f 4585 4591 4577
f 4584 4587 4591
f 4591 4587 4592
f 4577 4591 4593
f 4591 4592 4593
f 4592 4587 4590
f 4572 4578 4492
f 4486 4572 4492
f 4578 4594 4492
f 4578 4580 4594
f 4494 4492 4594
f 4589 4595 4590
f 4592 4590 4596
f 4596 4590 4595
f 4596 4595 4597
f 4595 4598 4597
f 4444 4469 4542
f 4469 4599 4542
f 4470 4599 4469
f 4470 4575 4599
f 4575 4600 4599
f 4542 4599 4546
f 4546 4599 4600
f 4600 4576 4601
f 4575 4576 4600
f 4602 4577 4593
f 4576 4577 4602
f 4576 4602 4601
f 4546 4600 4547
f 4547 4600 4601
f 4582 4550 4551
f 4602 4593 4603
f 4603 4604 4605
f 4602 4606 4601
f 4547 4601 4553
f 4553 4601 4606
f 4553 4606 4607
f 4606 4608 4607
f 4602 4603 4606
f 4603 4608 4606
f 4603 4605 4608
f 4592 4604 4593
f 4592 4596 4604
f 4603 4593 4604
f 4596 4609 4604
f 4596 4597 4609
f 4605 4604 4609
f 4582 4610 4611
f 4583 4611 4612
f 4583 4612 4580
f 4612 4613 4614
f 4582 4611 4583
f 4612 4611 4615
f 4612 4615 4613
f 4613 4616 4617
f 4618 4617 4616
f 4611 4619 4615
f 4613 4620 4616
f 4613 4615 4620
f 4621 4622 4623
f 4624 4499 4625
f 4624 4626 4627
f 4625 4622 4621
f 4624 3227 4626
f 4618 4616 3221
f 4618 3221 4628
f 4618 4628 4623
f 4621 4623 4628
f 4624 4625 3227
f 4625 4621 3227
f 4594 4614 4505
f 4580 4614 4594
f 4612 4614 4580
f 4614 4617 4505
f 4504 4622 4499
f 4504 4506 4622
f 4506 4629 4623
f 4506 4623 4622
f 4618 4629 4617
f 4618 4623 4629
f 4617 4629 4505
f 4494 4594 4505
f 4501 4505 4629
f 4501 4629 4506
f 4630 4513 4631
f 4632 4633 4634
f 4632 4631 4633
f 4635 4636 4634
f 4613 4617 4614
f 4598 4637 4638
f 4637 4639 4638
f 4640 4641 4639
f 4633 4635 4634
f 4642 4636 4635
f 4642 4643 4636
f 4643 4644 4645
f 4642 4644 4643
f 4645 4641 4640
f 4495 4500 4627
f 4507 4495 4626
f 4507 4646 4508
f 4508 4647 4510
f 4624 4500 4499
f 4625 4499 4622
f 4495 4627 4626
f 4507 4626 4646
f 4624 4627 4500
f 4508 4646 4647
f 4510 4648 4513
f 4510 4647 4648
f 4626 3227 4646
f 4513 4648 4649
f 4513 4649 4631
f 4631 3229 4633
f 4646 3227 4647
f 4631 4649 3229
f 4647 3227 4648
f 4648 3227 4649
f 4633 3229 3228
f 4633 3228 3230
f 4633 3230 3232
f 4633 3232 4635
f 4582 4551 4610
f 4551 4557 4610
f 4611 4610 4619
f 4557 4559 4610
f 4559 4619 4610
f 4615 4619 4650
f 4615 4650 4620
f 4651 4650 4619
f 4559 4651 4619
f 4559 4560 4651
f 4605 4609 4652
f 4652 4653 4654
f 4608 4605 4655
f 4605 4652 4655
f 4652 4656 4655
f 4654 4653 4657
f 4658 4657 4659
f 4660 4658 4659
f 4652 4654 4656
f 4654 4657 4661
f 4658 4661 4657
f 4650 3224 4620
f 4620 3226 3220
f 4620 3224 3225
f 4620 3225 3226
f 4651 3223 4650
f 4651 3205 3200
f 4651 3200 3223
f 4650 3223 3222
f 4650 3222 3224
f 4616 4620 3220
f 4616 3219 3221
f 4616 3198 3219
f 4616 3220 3198
f 4628 3221 3218
f 4628 3218 3227
f 4621 4628 3227
f 4662 3248 4663
f 4662 3244 3245
f 4651 4560 3206
f 3206 3205 4651
f 4560 3203 3206
f 4560 3204 3203
f 4663 3248 3247
f 4662 3246 3248
f 4660 4663 3249
f 4663 3247 3249
f 4662 3245 3246
f 4660 3251 4658
f 4660 3249 3250
f 4660 3250 3251
f 4658 3251 3252
f 4658 3242 3241
f 4658 3252 3242
f 4658 3277 4661
f 4658 3241 3277
f 4609 4597 4653
f 4597 4664 4653
f 4659 4664 4638
f 4645 4644 4662
f 4659 4657 4664
f 4660 4665 4663
f 4660 4659 4665
f 4659 4638 4665
f 4641 4663 4665
f 4641 4662 4663
f 4598 4664 4597
f 4598 4638 4664
f 4639 4665 4638
f 4639 4641 4665
f 4645 4662 4641
f 4652 4609 4653
f 4664 4657 4653
f 4642 3237 4644
f 4649 3227 3229
f 4635 3232 3233
f 4635 3233 3234
f 4635 3234 3235
f 4642 3235 3236
f 4642 3236 3237
f 4642 4635 3235
f 4662 4644 3244
f 4644 3237 3238
f 3238 3239 4644
f 4644 3239 3244
f 4260 4666 4261
f 4260 4280 4666
f 4261 4666 4667
f 4261 4667 4262
f 4275 4283 4280
f 4262 4667 4668
f 4280 4669 4666
f 4280 4670 4669
f 4283 4670 4280
f 4667 4666 4671
f 4667 4672 4668
f 4283 4673 4670
f 4667 4671 4672
f 4666 4669 4671
f 4262 4668 4276
f 4276 4674 4277
f 4276 4668 4674
f 4277 4674 4286
f 4283 4282 4673
f 4673 4282 4287
f 4668 4675 4674
f 4668 4672 4675
f 4286 4674 4676
f 4674 4675 4676
f 4279 4286 4332
f 4286 4677 4332
f 4286 4676 4677
f 4333 4332 4336
f 4332 4677 4336
f 4673 4678 4670
f 4669 4670 4679
f 4670 4678 4679
f 4669 4679 4680
f 4678 4681 4679
f 4669 4680 4671
f 4671 4682 4672
f 4673 4683 4678
f 4671 4680 4682
f 4683 4684 4678
f 4679 4685 4680
f 4680 4686 4682
f 4678 4684 4681
f 4683 4687 4684
f 4680 4685 4686
f 4684 4687 4688
f 4288 4689 4287
f 4673 4287 4683
f 4287 4689 4683
f 4288 4472 4689
f 4472 4479 4690
f 4675 4691 4676
f 4472 4692 4689
f 4472 4690 4692
f 4672 4693 4675
f 4672 4682 4693
f 4683 4689 4687
f 4693 4682 4694
f 4675 4693 4691
f 4693 4695 4691
f 4687 4689 4692
f 4682 4686 4694
f 4687 4692 4696
f 4692 4697 4696
f 4690 4697 4692
f 4690 4698 4697
f 4693 4694 4695
f 4694 4699 4695
f 4698 4700 4697
f 4698 4701 4700
f 4700 4701 4702
f 4701 4703 4702
f 4679 4681 4685
f 4684 4704 4681
f 4681 4705 4685
f 4684 4688 4704
f 4681 4704 4705
f 4687 4696 4688
f 4686 4685 4706
f 4685 4705 4706
f 4686 4707 4694
f 4686 4706 4707
f 4694 4707 4699
f 4688 4708 4704
f 4696 4709 4688
f 4705 4710 4706
f 4696 4711 4709
f 4711 4712 4709
f 4711 4713 4712
f 4705 4704 4714
f 4688 4709 4708
f 4704 4708 4714
f 4705 4714 4710
f 4709 4715 4708
f 4709 4712 4715
f 4708 4716 4714
f 4708 4715 4716
f 4714 4716 4717
f 4696 4697 4711
f 4697 4700 4711
f 4706 4718 4707
f 4706 4710 4718
f 4707 4718 4719
f 4700 4713 4711
f 4700 4702 4713
f 4714 4717 4710
f 4710 4717 4720
f 4710 4720 4718
f 4676 4691 4721
f 4677 4676 4721
f 4677 4722 4336
f 4677 4721 4722
f 4722 4721 4723
f 4690 4479 4480
f 4481 4484 4480
f 4690 4480 4698
f 4480 4484 4698
f 4721 4691 4724
f 4691 4695 4724
f 4724 4695 4725
f 4695 4699 4725
f 4721 4724 4723
f 4724 4726 4723
f 4724 4725 4726
f 4336 4487 4337
f 4336 4722 4487
f 4722 4727 4487
f 4488 4487 4588
f 4722 4723 4727
f 4727 4723 4728
f 4487 4727 4588
f 4727 4729 4588
f 4727 4728 4729
f 4723 4726 4728
f 4484 4701 4698
f 4484 4730 4701
f 4483 4730 4484
f 4483 4490 4730
f 4490 4493 4731
f 4490 4731 4730
f 4701 4730 4703
f 4730 4731 4703
f 4725 4732 4726
f 4726 4732 4733
f 4728 4726 4733
f 4728 4733 4734
f 4732 4735 4736
f 4732 4736 4733
f 4707 4719 4699
f 4699 4719 4737
f 4725 4699 4737
f 4725 4737 4732
f 4718 4738 4719
f 4718 4720 4738
f 4719 4739 4737
f 4719 4738 4739
f 4732 4737 4735
f 4735 4737 4739
f 4496 4509 4740
f 4702 4741 4713
f 4713 4741 4740
f 4740 4509 4742
f 4496 4740 4741
f 4702 4743 4741
f 4742 4511 4744
f 4742 4509 4511
f 4712 4713 4740
f 4712 4740 4742
f 4715 4712 4742
f 4715 4742 4744
f 4715 4744 4716
f 4716 4744 4745
f 4716 4745 4717
f 4717 4745 4746
f 4717 4746 4720
f 4497 4741 4743
f 4503 4731 4502
f 4503 4498 4743
f 4503 4703 4731
f 4496 4741 4497
f 4497 4743 4498
f 4507 4509 4496
f 4508 4511 4509
f 4702 4703 4743
f 4503 4743 4703
f 4512 4745 4744
f 4630 4746 4745
f 4512 4744 4511
f 4512 4630 4745
f 4493 4502 4731
f 4512 4511 4510
f 4630 4632 4746
f 4512 4513 4630
f 4632 4634 4747
f 4632 4747 4746
f 4738 4747 4748
f 4747 4634 4748
f 4739 4748 4749
f 4735 4739 4749
f 4720 4747 4738
f 4720 4746 4747
f 4738 4748 4739
f 4588 4729 4589
f 4728 4734 4729
f 4729 4750 4589
f 4729 4734 4750
f 4750 4734 4637
f 4637 4734 4751
f 4733 4736 4751
f 4733 4751 4734
f 4589 4750 4595
f 4750 4598 4595
f 4750 4637 4598
f 4748 4636 4749
f 4640 4751 4736
f 4640 4736 4752
f 4643 4752 4749
f 4630 4631 4632
f 4748 4634 4636
f 4636 4643 4749
f 4735 4752 4736
f 4735 4749 4752
f 4637 4751 4639
f 4640 4639 4751
f 4645 4640 4752
f 4643 4645 4752
f 4530 4753 4532
f 4528 4530 4532
f 4534 4753 4530
f 4534 4544 4753
f 4532 4753 4754
f 4532 4754 4535
f 4753 4755 4754
f 4753 4544 4755
f 4754 4756 4535
f 4754 4757 4756
f 4754 4755 4757
f 4755 4544 4758
f 4538 4535 4756
f 4758 4552 4759
f 4757 4755 4760
f 4755 4758 4760
f 4760 4758 4759
f 4545 4758 4544
f 4545 4552 4758
f 4552 4761 4759
f 4553 4761 4552
f 4553 4607 4761
f 4757 4762 4756
f 4757 4763 4762
f 4538 4756 4554
f 4756 4762 4554
f 4762 4764 4554
f 4762 4763 4765
f 4762 4765 4764
f 4766 4767 4765
f 4757 4760 4763
f 4760 4768 4763
f 4760 4759 4768
f 4763 4768 4766
f 4768 4769 4766
f 4759 4770 4768
f 4768 4770 4769
f 4763 4766 4765
f 4766 4769 4771
f 4769 4770 4772
f 4766 4771 4767
f 4769 4773 4771
f 4769 4772 4773
f 4562 4554 4764
f 4764 4774 4564
f 4562 4764 4564
f 4764 4765 4774
f 4765 4767 4774
f 4761 4607 4775
f 4775 4776 4777
f 4607 4776 4775
f 4776 4778 4777
f 4778 4779 4777
f 4778 4780 4779
f 4761 4770 4759
f 4770 4775 4772
f 4761 4775 4770
f 4772 4781 4773
f 4772 4775 4777
f 4772 4777 4781
f 4781 4777 4779
f 4774 4782 4564
f 4774 4783 4782
f 4784 3212 4783
f 4767 4783 4774
f 4767 4771 4784
f 4767 4784 4783
f 4784 4785 3212
f 4785 4786 3212
f 4786 4787 3212
f 4563 4564 4566
f 4564 4782 4566
f 4782 3212 4566
f 4783 3212 4782
f 4787 3262 3212
f 4780 3279 3278
f 4779 3271 3264
f 4779 3280 3271
f 4779 4780 3280
f 4780 3278 3280
f 4771 4773 4785
f 4773 4781 4786
f 4784 4771 4785
f 4773 4786 4785
f 4786 4781 4787
f 4781 4779 4787
f 4779 3264 4787
f 4787 3264 3262
f 4608 4776 4607
f 4776 4655 4778
f 4608 4655 4776
f 4780 4656 4788
f 4778 4655 4656
f 4654 4788 4656
f 4654 4661 4788
f 4778 4656 4780
f 4788 3274 3273
f 4788 3275 3274
f 4661 3276 3275
f 4661 3277 3276
f 4788 4661 3275
f 4780 3273 3279
f 4780 4788 3273
f 4789 4790 4791
f 4792 4789 4791
f 4793 4794 4795
f 4794 4796 4797
f 4793 4798 4791
f 4798 4792 4791
f 4793 4791 4794
f 4796 4799 4800
f 4796 4801 4797
f 4796 4802 4801
f 4796 4800 4802
f 4796 4803 4804
f 4796 4804 4799
f 4796 4805 4806
f 4796 4807 4805
f 4796 4808 4807
f 4796 4806 4803
f 4794 4791 4796
f 4796 4791 4808
f 4789 4809 4790
f 4792 4810 4789
f 4798 4811 4792
f 4793 4812 4798
f 4793 4813 4814
f 4793 4795 4815
f 4794 4816 4795
f 4793 4817 4813
f 4793 4815 4817
f 4794 4818 4819
f 4794 4819 4820
f 4794 4820 4821
f 4794 4821 4822
f 4794 4822 4816
f 4794 4797 4818
f 4814 4813 4823
f 4814 4824 4825
f 4814 4823 4824
f 4814 4825 4826
f 4827 4826 4828
f 4827 4828 4829
f 4827 4829 4830
f 4827 4830 4831
f 4827 4831 4832
f 4827 4832 4833
f 4827 4833 4834
f 4827 4834 4835
f 4836 4837 4838
f 4839 4835 4840
f 4839 4840 4841
f 4839 4841 4842
f 4839 4843 4844
f 4839 4842 4843
f 4839 4844 4845
f 4839 4845 4846
f 4839 4846 4847
f 4839 4847 4848
f 4836 4848 4837
f 4792 4811 4810
f 4789 4810 4809
f 4798 4812 4811
f 4793 4814 4812
f 4814 4826 4827
f 4827 4835 4839
f 4839 4848 4836
f 4811 4849 4810
f 4810 4850 4809
f 4812 4851 4811
f 4810 4849 4850
f 4811 4851 4849
f 4814 4852 4812
f 4814 4827 4853
f 4827 4839 4854
f 4839 4836 4855
f 4812 4852 4851
f 4814 4853 4852
f 4827 4854 4853
f 4849 4856 4850
f 4852 4856 4851
f 4849 4851 4856
f 4839 4855 4854
f 4855 4836 4857
f 4853 4856 4852
f 4853 4854 4856
f 4855 4856 4854
f 4855 4857 4856
f 4791 4858 4808
f 4859 4858 4791
f 4859 4860 4858
f 4859 4791 4861
f 4861 4791 4862
f 4862 4791 4863
f 4863 4791 4864
f 4864 4791 4865
f 4866 4867 4860
f 4859 4866 4860
f 4859 4861 4868
f 4836 4869 4870
f 4836 4871 4872
f 4836 4873 4871
f 4836 4838 4873
f 4836 4872 4869
f 4866 4874 4875
f 4866 4870 4874
f 4866 4876 4867
f 4866 4875 4876
f 4861 4862 4877
f 4862 4863 4878
f 4863 4864 4879
f 4864 4865 4880
f 4836 4870 4866
f 4859 4868 4866
f 4861 4877 4868
f 4862 4878 4877
f 4863 4879 4878
f 4864 4880 4879
f 4880 4865 4881
f 4836 4866 4857
f 4866 4868 4882
f 4868 4877 4883
f 4877 4878 4884
f 4866 4882 4857
f 4868 4883 4882
f 4857 4882 4856
f 4882 4883 4856
f 4883 4884 4856
f 4884 4885 4856
f 4877 4884 4883
f 4878 4885 4884
f 4885 4886 4856
f 4886 4887 4856
f 4887 4888 4856
f 4878 4879 4885
f 4886 4879 4880
f 4880 4881 4887
f 4885 4879 4886
f 4886 4880 4887
f 4887 4881 4888
f 4790 4889 4791
f 4889 4890 4791
f 4890 4891 4791
f 4891 4892 4791
f 4892 4893 4791
f 4893 4894 4895
f 4893 4895 4791
f 4791 4895 4896
f 4790 4897 4889
f 4889 4898 4890
f 4890 4899 4891
f 4891 4900 4892
f 4892 4901 4893
f 4893 4902 4894
f 4902 4903 4894
f 4902 4904 4903
f 4902 4905 4904
f 4902 4906 4905
f 4902 4907 4906
f 4908 4909 4907
f 4908 4910 4909
f 4908 4911 4910
f 4908 4912 4911
f 4908 4913 4912
f 4790 4809 4897
f 4889 4897 4898
f 4890 4898 4899
f 4891 4899 4900
f 4892 4900 4901
f 4893 4901 4902
f 4902 4908 4907
f 4809 4914 4897
f 4897 4915 4898
f 4898 4916 4899
f 4809 4850 4914
f 4897 4914 4915
f 4898 4915 4916
f 4917 4900 4899
f 4918 4901 4900
f 4901 4919 4902
f 4902 4920 4908
f 4916 4917 4899
f 4917 4918 4900
f 4850 4856 4914
f 4914 4856 4915
f 4915 4856 4916
f 4918 4919 4901
f 4902 4919 4920
f 4916 4856 4917
f 4917 4856 4918
f 4918 4856 4919
f 4919 4856 4920
f 4791 4896 4921
f 4791 4921 4922
f 4921 4896 4923
f 4921 4923 4924
f 4921 4924 4925
f 4921 4925 4926
f 4921 4926 4927
f 4921 4927 4928
f 4921 4928 4929
f 4921 4929 4930
f 4921 4930 4931
f 4921 4931 4932
f 4791 4922 4933
f 4791 4934 4935
f 4791 4933 4934
f 4921 4932 4922
f 4922 4936 4933
f 4791 4935 4937
f 4791 4937 4865
f 4922 4932 4938
f 4922 4939 4940
f 4922 4938 4939
f 4922 4940 4941
f 4922 4941 4942
f 4922 4942 4943
f 4922 4943 4936
f 4933 4936 4944
f 4933 4944 4945
f 4933 4945 4946
f 4908 4947 4913
f 4908 4948 4947
f 4949 4950 4948
f 4949 4951 4950
f 4949 4952 4951
f 4949 4953 4952
f 4949 4954 4953
f 4949 4955 4954
f 4949 4956 4955
f 4949 4957 4956
f 4949 4958 4957
f 4959 4960 4958
f 4959 4961 4960
f 4959 4962 4961
f 4959 4963 4962
f 4959 4964 4963
f 4959 4965 4964
f 4966 4946 4967
f 4959 4968 4965
f 4959 4969 4968
f 4966 4970 4969
f 4966 4971 4970
f 4966 4967 4971
f 4934 4933 4972
f 4935 4934 4973
f 4937 4935 4974
f 4865 4937 4881
f 4933 4946 4966
f 4908 4949 4948
f 4949 4959 4958
f 4959 4966 4969
f 4933 4966 4972
f 4934 4972 4973
f 4937 4974 4881
f 4935 4973 4974
f 4908 4975 4949
f 4976 4959 4949
f 4977 4966 4959
f 4978 4972 4966
f 4908 4920 4975
f 4976 4949 4975
f 4856 4975 4920
f 4856 4976 4975
f 4856 4977 4976
f 4856 4978 4977
f 4976 4977 4959
f 4978 4966 4977
f 4979 4972 4978
f 4856 4980 4979
f 4856 4979 4978
f 4856 4888 4980
f 4979 4973 4972
f 4881 4974 4888
f 4974 4973 4980
f 4979 4980 4973
f 4974 4980 4888
f 4981 4982 4983
f 4981 4984 4985
f 4985 4984 4986
f 4981 4985 4982
f 4981 4987 4984
f 4983 4982 4988
f 4985 4989 4982
f 4983 4988 4990
f 4983 4990 4991
f 4982 4992 4988
f 4983 4991 4993
f 4981 4983 4993
f 4981 4993 4987
f 4985 4986 4994
f 4994 4986 4995
f 4982 4989 4992
f 4994 4996 4989
f 4985 4994 4989
f 4994 4995 4997
f 4997 4995 4998
f 4994 4997 4996
f 4990 4999 5000
f 4988 5001 4999
f 4990 5000 5002
f 4990 4988 4999
f 5000 5003 5002
f 5003 4895 4894
f 5003 4894 5004
f 5002 5003 5004
f 4992 5005 5001
f 4988 4992 5001
f 4992 5006 5005
f 5000 4999 4896
f 5000 4896 5003
f 4999 5001 4896
f 5005 5006 5007
f 5001 5005 4896
f 5006 5008 5007
f 5003 4896 4895
f 5004 4894 4903
f 5004 4903 4904
f 5004 4904 5009
f 5009 4904 4905
f 5009 4905 4906
f 5005 5007 4896
f 5007 5010 4896
f 5008 5010 5007
f 5008 5011 5010
f 4990 5002 4991
f 5002 5012 4991
f 4991 5012 5013
f 4993 4991 5013
f 4993 5014 4987
f 4993 5013 5014
f 5002 5004 5012
f 4992 4989 5006
f 5006 4989 4996
f 5006 4996 5008
f 4996 4997 5015
f 5008 4996 5015
f 5004 5016 5012
f 5004 5009 5016
f 5012 5016 5017
f 5012 5017 5013
f 5014 5013 5018
f 5013 5017 5018
f 4984 5019 4986
f 4984 5020 5019
f 4984 4987 5020
f 5019 5021 4986
f 4986 5021 4995
f 5021 5022 4995
f 5019 5023 5021
f 5019 5024 5023
f 5021 5025 5022
f 5021 5023 5025
f 4987 5026 5020
f 4995 5022 4998
f 5019 5020 5024
f 5023 5027 5025
f 5023 5028 5027
f 5025 5027 5029
f 5023 5024 5028
f 4987 5014 5026
f 5020 5026 5030
f 5020 5030 5024
f 5014 5031 5026
f 5014 5018 5031
f 5009 4906 4907
f 5009 4907 5032
f 5032 4907 4909
f 5032 4909 4910
f 5032 4910 5033
f 5033 4910 4911
f 5033 4911 4912
f 5009 5034 5016
f 5009 5032 5034
f 5032 5033 5035
f 5032 5035 5034
f 5016 5034 5036
f 5016 5036 5017
f 5017 5037 5018
f 5017 5036 5037
f 4997 4998 5038
f 5010 4923 4896
f 5010 5011 4923
f 5011 4924 4923
f 5011 5039 4924
f 5039 4925 4924
f 5039 4926 4925
f 5039 4927 4926
f 5039 5040 4927
f 5040 4928 4927
f 5008 5015 5011
f 5015 5041 5011
f 5015 5038 5041
f 4997 5038 5015
f 5038 4998 5042
f 5038 5043 5041
f 5038 5042 5043
f 5042 5044 5043
f 5011 5041 5039
f 5039 5041 5045
f 5041 5043 5045
f 5039 5045 5040
f 5040 5045 5046
f 5045 5047 5046
f 5043 5044 5047
f 5043 5047 5045
f 5047 5044 5048
f 5025 5049 5022
f 5022 5050 4998
f 4998 5050 5042
f 5022 5049 5050
f 5049 5051 5050
f 5050 5051 5052
f 5025 5029 5049
f 5049 5029 5053
f 5027 5054 5029
f 5029 5055 5053
f 5029 5054 5055
f 5054 5056 5055
f 5055 5056 5057
f 5027 5028 5058
f 5049 5053 5051
f 5053 5059 5060
f 5053 5060 5051
f 5027 5058 5054
f 5054 5058 5061
f 5053 5055 5059
f 5054 5061 5056
f 5055 5057 5059
f 5051 5060 5062
f 5059 5057 5063
f 5059 5064 5060
f 5059 5063 5064
f 5064 5063 5065
f 5050 5052 5042
f 5042 5052 5044
f 5026 5031 5066
f 5026 5066 5030
f 5052 5067 5044
f 5051 5062 5052
f 5052 5062 5067
f 5062 5068 5067
f 5044 5067 5048
f 5067 5069 5048
f 5067 5068 5069
f 5068 5070 5069
f 5024 5071 5028
f 5024 5030 5071
f 5028 5071 5072
f 5028 5072 5058
f 5058 5073 5061
f 5058 5072 5073
f 5030 5074 5071
f 5030 5066 5074
f 5071 5074 5075
f 5071 5075 5072
f 5062 5060 5076
f 5060 5064 5076
f 5062 5076 5068
f 5076 5077 5068
f 5076 5078 5077
f 5064 5078 5076
f 5064 5065 5078
f 5078 5065 5079
f 5072 5080 5073
f 5072 5075 5080
f 5078 5079 5081
f 5068 5077 5070
f 5077 5081 5082
f 5070 5077 5082
f 5078 5081 5077
f 5081 5079 5083
f 5081 5083 5084
f 5081 5084 5082
f 5084 5083 5085
f 5040 4929 4928
f 5040 4930 4929
f 4930 5086 4931
f 5040 5086 4930
f 5087 4912 4913
f 5033 4912 5087
f 5087 4913 4947
f 5087 4947 4948
f 5087 4948 4950
f 5088 4950 4951
f 5088 4951 4952
f 5087 4950 5088
f 5089 4955 4956
f 5090 4952 4953
f 5088 4952 5090
f 5090 4953 4954
f 5089 4954 4955
f 5086 4938 4932
f 5086 4932 4931
f 5086 5091 4938
f 5091 4939 4938
f 5091 4940 4939
f 5092 4941 4940
f 5092 4942 4941
f 5092 4943 4942
f 5091 5092 4940
f 5089 4956 4957
f 5090 4954 5089
f 5093 4946 4945
f 5094 4936 4943
f 5094 4944 4936
f 5094 4945 4944
f 5093 4967 4946
f 5092 5094 4943
f 5093 5095 4967
f 5033 5087 5096
f 5033 5096 5035
f 5034 5035 5097
f 5087 5088 5098
f 5087 5098 5096
f 5035 5096 5099
f 5034 5097 5036
f 5036 5100 5037
f 5036 5097 5100
f 5035 5099 5097
f 5097 5101 5100
f 5040 5046 5086
f 5086 5046 5102
f 5046 5103 5102
f 5086 5102 5091
f 5091 5104 5092
f 5091 5102 5104
f 5046 5047 5103
f 5047 5048 5103
f 5103 5048 5105
f 5102 5103 5106
f 5107 4957 4958
f 5107 4958 4960
f 5107 4960 4961
f 5089 4957 5107
f 5108 4961 4962
f 5108 4962 4963
f 5109 4971 4967
f 5110 4963 4964
f 5110 4964 4965
f 5110 4965 4968
f 5107 4961 5108
f 5108 4963 5110
f 5096 5111 5099
f 5097 5099 5101
f 5088 5090 5112
f 5088 5112 5098
f 5096 5098 5111
f 5090 5089 5113
f 5090 5113 5112
f 5098 5112 5114
f 5089 5107 5115
f 5098 5114 5111
f 5099 5116 5101
f 5099 5111 5116
f 5089 5115 5113
f 5112 5113 5117
f 5112 5117 5114
f 5111 5114 5118
f 5111 5118 5116
f 5093 4945 5119
f 5094 5119 4945
f 5095 5120 4967
f 5093 5121 5095
f 5120 5122 4967
f 5093 5119 5121
f 5095 5123 5120
f 5122 5124 4967
f 5122 5125 5124
f 5120 5126 5122
f 5095 5121 5123
f 5103 5105 5106
f 5092 5104 5127
f 5092 5127 5094
f 5102 5106 5104
f 5094 5128 5119
f 5094 5127 5128
f 5104 5129 5127
f 5104 5106 5129
f 5106 5105 5130
f 5106 5130 5129
f 5127 5129 5131
f 5129 5130 5132
f 5109 4967 5133
f 5133 4967 5134
f 5135 4968 4969
f 5135 4969 4970
f 5135 4970 4971
f 5134 4967 5136
f 5109 5137 4971
f 5110 4968 5135
f 5136 4967 5124
f 5109 5133 5138
f 5133 5134 5139
f 5135 4971 5137
f 5109 5138 5137
f 5122 5140 5125
f 5134 5136 5141
f 5125 5142 5124
f 5136 5124 5143
f 5120 5123 5126
f 5122 5126 5140
f 5133 5139 5138
f 5125 5140 5142
f 5134 5141 5139
f 5136 5143 5141
f 5124 5142 5143
f 5127 5131 5128
f 5107 5108 5144
f 5107 5144 5115
f 5113 5115 5145
f 5108 5110 5146
f 5110 5135 5147
f 5108 5146 5144
f 5113 5145 5117
f 5114 5117 5148
f 5114 5148 5118
f 5119 5149 5121
f 5119 5128 5149
f 5121 5150 5123
f 5121 5149 5150
f 5128 5151 5149
f 5123 5152 5126
f 5123 5150 5152
f 5128 5131 5151
f 5129 5132 5131
f 5131 5132 5153
f 5131 5153 5151
f 5135 5137 5154
f 5110 5147 5146
f 5149 5155 5150
f 5137 5138 5156
f 5135 5154 5147
f 5149 5151 5155
f 5151 5153 5157
f 5018 5158 5031
f 5018 5037 5158
f 5031 5158 5159
f 5031 5159 5066
f 5159 5158 5160
f 5037 5161 5158
f 5037 5100 5161
f 5158 5161 5160
f 5048 5069 5105
f 5100 5162 5161
f 5161 5163 5160
f 5066 5164 5074
f 5066 5159 5164
f 5074 5164 5165
f 5159 5166 5164
f 5074 5165 5075
f 5075 5167 5080
f 5075 5165 5167
f 5164 5168 5165
f 5165 5169 5167
f 5165 5168 5169
f 5159 5160 5166
f 5164 5166 5168
f 5160 5170 5166
f 5160 5163 5170
f 5100 5101 5162
f 5101 5171 5162
f 5101 5116 5171
f 5161 5162 5163
f 5162 5172 5163
f 5162 5171 5172
f 5069 5173 5105
f 5105 5173 5130
f 5069 5070 5173
f 5070 5174 5173
f 5173 5174 5175
f 5173 5175 5130
f 5130 5175 5132
f 5174 5176 5175
f 5175 5177 5132
f 5175 5176 5177
f 5176 5178 5177
f 5070 5082 5174
f 5082 5179 5174
f 5082 5084 5179
f 5174 5179 5176
f 5084 5180 5179
f 5084 5085 5180
f 5166 5170 5181
f 5166 5181 5168
f 5168 5182 5169
f 5168 5181 5182
f 5182 5181 5183
f 5176 5179 5184
f 5179 5180 5184
f 5180 5085 5185
f 5180 5186 5184
f 5180 5185 5186
f 5186 5185 5187
f 5176 5184 5178
f 5184 5186 5188
f 5184 5188 5178
f 5186 5187 5189
f 5186 5189 5188
f 5116 5190 5171
f 5116 5118 5190
f 5171 5190 5191
f 5171 5191 5172
f 5191 5190 5192
f 5132 5177 5153
f 5177 5193 5153
f 5177 5178 5193
f 5178 5194 5193
f 5153 5193 5157
f 5163 5195 5170
f 5163 5172 5195
f 5170 5195 5196
f 5172 5197 5195
f 5195 5197 5198
f 5170 5196 5181
f 5181 5196 5183
f 5196 5195 5198
f 5172 5191 5197
f 5178 5188 5194
f 5196 5199 5183
f 5196 5198 5199
f 5198 5200 5199
f 5191 5201 5197
f 5197 5201 5202
f 5191 5192 5201
f 5192 5203 5201
f 5201 5203 5204
f 5198 5197 5202
f 5198 5202 5200
f 5202 5205 5200
f 5201 5204 5202
f 5126 5206 5140
f 5126 5152 5206
f 5150 5207 5152
f 5138 5139 5208
f 5139 5141 5209
f 5140 5210 5142
f 5140 5206 5210
f 5142 5211 5143
f 5141 5143 5212
f 5152 5213 5206
f 5151 5157 5155
f 5150 5155 5207
f 5155 5157 5214
f 5152 5207 5213
f 5155 5214 5207
f 5142 5210 5211
f 5189 5215 5188
f 5189 5187 5216
f 5189 5216 5217
f 5216 5218 5217
f 5193 5219 5157
f 5157 5219 5214
f 5219 5220 5214
f 5193 5194 5219
f 5194 5221 5219
f 5221 5220 5219
f 5221 5222 5220
f 5188 5215 5194
f 5194 5215 5221
f 5215 5223 5221
f 5215 5217 5223
f 5189 5217 5215
f 5217 5218 5224
f 5224 5218 5225
f 5217 5224 5223
f 5223 5222 5221
f 5223 5224 5226
f 5202 5204 5205
f 5204 5227 5205
f 5204 5228 5227
f 5224 5225 5229
f 5229 5225 5230
f 5223 5226 5222
f 5222 5226 5231
f 5226 5229 5232
f 5224 5229 5226
f 5229 5230 5233
f 5233 5230 5234
f 5229 5233 5232
f 5233 5234 5235
f 5235 5234 5236
f 5056 5237 5057
f 5056 5238 5237
f 5056 5061 5238
f 5057 5239 5063
f 5237 5239 5057
f 5239 5240 5063
f 5063 5240 5065
f 5237 5241 5239
f 5239 5241 5242
f 5237 5238 5243
f 5237 5243 5241
f 5239 5242 5240
f 5240 5242 5244
f 5240 5244 5245
f 5241 5246 5242
f 5242 5247 5244
f 5242 5246 5247
f 5241 5248 5246
f 5246 5249 5247
f 5061 5250 5238
f 5061 5073 5250
f 5240 5245 5065
f 5241 5243 5248
f 5238 5251 5243
f 5238 5250 5251
f 5243 5251 5252
f 5073 5253 5250
f 5073 5080 5253
f 5080 5254 5253
f 5250 5255 5251
f 5250 5253 5255
f 5246 5248 5256
f 5243 5252 5248
f 5246 5256 5249
f 5247 5257 5244
f 5247 5258 5257
f 5247 5249 5258
f 5065 5245 5079
f 5079 5259 5083
f 5245 5259 5079
f 5244 5260 5245
f 5245 5260 5259
f 5244 5257 5260
f 5259 5260 5261
f 5259 5261 5262
f 5260 5263 5261
f 5083 5262 5085
f 5259 5262 5083
f 5253 5264 5255
f 5251 5255 5265
f 5261 5266 5262
f 5261 5267 5266
f 5262 5268 5085
f 5262 5266 5268
f 5266 5269 5268
f 5268 5269 5270
f 5266 5271 5269
f 5269 5272 5273
f 5260 5257 5263
f 5257 5274 5263
f 5261 5263 5267
f 5263 5275 5267
f 5257 5258 5274
f 5249 5276 5258
f 5249 5277 5276
f 5258 5278 5274
f 5258 5276 5278
f 5248 5279 5256
f 5249 5256 5277
f 5263 5274 5275
f 5274 5280 5275
f 5274 5278 5280
f 5275 5281 5267
f 5275 5280 5282
f 5251 5265 5252
f 5248 5252 5279
f 5255 5283 5265
f 5252 5265 5284
f 5252 5284 5279
f 5256 5279 5285
f 5256 5285 5277
f 5279 5284 5286
f 5279 5286 5285
f 5275 5282 5281
f 5282 5287 5281
f 5266 5267 5271
f 5267 5281 5271
f 5269 5271 5272
f 5271 5288 5272
f 5272 5289 5290
f 5271 5281 5288
f 5281 5287 5288
f 5288 5287 5291
f 5288 5289 5272
f 5288 5291 5289
f 5289 5291 5292
f 5289 5292 5293
f 5276 5294 5278
f 5276 5277 5295
f 5276 5295 5294
f 5278 5296 5280
f 5278 5294 5296
f 5280 5297 5282
f 5280 5296 5297
f 5294 5298 5296
f 5296 5298 5299
f 5294 5295 5300
f 5294 5300 5298
f 5296 5299 5297
f 5297 5299 5301
f 5298 5302 5299
f 5299 5303 5301
f 5277 5285 5304
f 5277 5304 5295
f 5285 5286 5305
f 5285 5305 5304
f 5295 5304 5306
f 5295 5306 5300
f 5298 5300 5307
f 5300 5306 5308
f 5282 5309 5287
f 5297 5309 5282
f 5297 5301 5309
f 5301 5310 5309
f 5301 5311 5310
f 5287 5312 5291
f 5287 5309 5312
f 5312 5313 5291
f 5291 5313 5292
f 5313 5314 5292
f 5309 5310 5312
f 5312 5310 5315
f 5310 5316 5315
f 5304 5317 5306
f 5304 5305 5317
f 5306 5317 5318
f 5312 5315 5313
f 5313 5315 5319
f 5315 5320 5319
f 5313 5319 5314
f 5319 5321 5314
f 5319 5322 5321
f 5298 5307 5302
f 5299 5302 5303
f 5302 5323 5303
f 5300 5308 5307
f 5302 5307 5324
f 5302 5324 5323
f 5301 5303 5311
f 5303 5325 5311
f 5303 5323 5325
f 5310 5311 5316
f 5307 5326 5324
f 5311 5327 5316
f 5311 5325 5327
f 5316 5327 5328
f 5306 5318 5308
f 5307 5308 5326
f 5308 5318 5329
f 5308 5329 5326
f 5315 5316 5320
f 5319 5320 5322
f 5316 5328 5320
f 5320 5328 5330
f 5320 5330 5322
f 5322 5330 5331
f 5318 5332 5329
f 5323 5333 5325
f 5325 5334 5327
f 5323 5324 5335
f 5324 5326 5336
f 5327 5337 5328
f 5328 5338 5330
f 5330 5339 5331
f 5325 5333 5334
f 5327 5334 5337
f 5323 5335 5333
f 5324 5336 5335
f 5328 5337 5338
f 5330 5338 5339
f 5333 5340 5334
f 5333 5335 5340
f 5334 5340 5337
f 5341 5326 5329
f 5329 5332 5342
f 5336 5326 5341
f 5341 5329 5342
f 5335 5336 5340
f 5342 5332 5343
f 5080 5167 5254
f 5167 5169 5344
f 5167 5344 5254
f 5253 5254 5264
f 5255 5264 5283
f 5254 5345 5264
f 5254 5344 5345
f 5264 5345 5346
f 5169 5182 5347
f 5344 5169 5347
f 5182 5348 5347
f 5344 5349 5345
f 5344 5347 5349
f 5085 5268 5185
f 5268 5270 5185
f 5185 5270 5187
f 5270 5350 5187
f 5269 5273 5270
f 5273 5350 5270
f 5273 5290 5351
f 5273 5351 5350
f 5182 5183 5348
f 5187 5350 5216
f 5345 5349 5352
f 5347 5353 5349
f 5347 5348 5353
f 5349 5353 5354
f 5353 5355 5356
f 5265 5283 5357
f 5264 5346 5283
f 5265 5357 5284
f 5357 5283 5358
f 5284 5357 5359
f 5284 5359 5286
f 5345 5352 5346
f 5283 5346 5358
f 5273 5272 5290
f 5357 5360 5359
f 5346 5361 5358
f 5357 5358 5360
f 5358 5362 5360
f 5290 5289 5293
f 5358 5361 5362
f 5349 5354 5352
f 5346 5352 5361
f 5352 5354 5363
f 5354 5353 5356
f 5352 5363 5361
f 5361 5364 5362
f 5361 5363 5364
f 5354 5365 5363
f 5183 5199 5366
f 5348 5183 5366
f 5199 5200 5367
f 5366 5199 5367
f 5348 5366 5355
f 5348 5355 5353
f 5366 5368 5355
f 5286 5359 5369
f 5359 5360 5370
f 5286 5369 5305
f 5359 5370 5369
f 5360 5362 5371
f 5360 5371 5370
f 5362 5372 5371
f 5305 5369 5373
f 5305 5373 5317
f 5317 5373 5374
f 5369 5370 5375
f 5369 5375 5373
f 5373 5375 5376
f 5370 5371 5377
f 5370 5377 5375
f 5375 5377 5378
f 5362 5364 5372
f 5317 5374 5318
f 5373 5376 5374
f 5375 5378 5376
f 5318 5374 5332
f 5374 5379 5332
f 5374 5376 5379
f 5376 5378 5380
f 5379 5376 5380
f 5332 5379 5343
f 5292 5381 5293
f 5292 5314 5381
f 5314 5382 5381
f 5314 5321 5382
f 5382 5321 5383
f 5321 5384 5383
f 5383 5385 5386
f 5322 5384 5321
f 5383 5384 5385
f 5322 5331 5384
f 5384 5387 5385
f 5331 5387 5384
f 5385 5387 5388
f 5385 5388 5389
f 5386 5385 5389
f 5389 5390 5391
f 5389 5388 5390
f 5331 5339 5392
f 5337 5340 5338
f 5338 5340 5339
f 5331 5392 5387
f 5393 5388 5387
f 5394 5390 5388
f 5392 5393 5387
f 5393 5394 5388
f 5336 5341 5340
f 5339 5340 5392
f 5341 5342 5340
f 5342 5343 5340
f 5343 5395 5340
f 5392 5340 5393
f 5393 5340 5394
f 5394 5340 5396
f 5396 5340 5397
f 5395 5398 5340
f 5398 5399 5340
f 5399 5400 5340
f 5379 5395 5343
f 5395 5380 5398
f 5394 5396 5390
f 5396 5397 5401
f 5397 5340 5402
f 5340 5403 5402
f 5340 5404 5403
f 5340 5405 5404
f 5340 5406 5405
f 5340 5407 5406
f 5340 5400 5408
f 5340 5408 5409
f 5340 5409 5410
f 5340 5410 5411
f 5340 5411 5412
f 5340 5412 5413
f 5396 5401 5390
f 5397 5414 5401
f 5402 5415 5414
f 5340 5416 5407
f 5340 5417 5416
f 5340 5418 5419
f 5340 5420 5417
f 5340 5419 5420
f 5397 5402 5414
f 5402 5403 5415
f 5403 5404 5421
f 5340 5413 5418
f 5404 5405 5422
f 5405 5406 5423
f 5406 5407 5424
f 5407 5416 5425
f 5350 5351 5426
f 5351 5427 5428
f 5350 5426 5216
f 5426 5218 5216
f 5426 5429 5218
f 5351 5428 5426
f 5426 5428 5429
f 5428 5430 5431
f 5428 5431 5429
f 5431 5432 5429
f 5431 5433 5434
f 5431 5434 5432
f 5290 5293 5427
f 5290 5427 5351
f 5428 5427 5430
f 5427 5435 5430
f 5293 5435 5427
f 5293 5381 5435
f 5435 5381 5436
f 5430 5435 5437
f 5435 5436 5437
f 5437 5436 5438
f 5437 5438 5439
f 5439 5438 5440
f 5354 5356 5365
f 5431 5430 5433
f 5430 5437 5433
f 5363 5441 5364
f 5365 5356 5442
f 5363 5365 5441
f 5365 5443 5441
f 5365 5442 5443
f 5437 5439 5433
f 5443 5442 5444
f 5433 5439 5445
f 5433 5445 5434
f 5445 5446 5447
f 5445 5439 5446
f 5439 5440 5446
f 5446 5440 5448
f 5446 5448 5449
f 5449 5448 5450
f 5446 5449 5447
f 5449 5450 5451
f 5450 5452 5451
f 5218 5429 5225
f 5429 5432 5225
f 5355 5368 5453
f 5366 5367 5368
f 5367 5454 5455
f 5367 5455 5368
f 5368 5455 5456
f 5455 5457 5458
f 5200 5205 5454
f 5200 5454 5367
f 5205 5459 5454
f 5205 5227 5459
f 5459 5227 5460
f 5455 5454 5457
f 5457 5454 5459
f 5432 5230 5225
f 5432 5461 5230
f 5432 5434 5461
f 5434 5462 5461
f 5445 5462 5434
f 5462 5447 5463
f 5462 5464 5461
f 5462 5463 5464
f 5227 5465 5460
f 5461 5234 5230
f 5464 5236 5234
f 5461 5464 5234
f 5457 5459 5466
f 5457 5466 5467
f 5459 5460 5466
f 5460 5468 5466
f 5469 5466 5468
f 5460 5470 5468
f 5468 5470 5471
f 5468 5471 5472
f 5355 5453 5356
f 5368 5456 5453
f 5356 5453 5442
f 5453 5456 5473
f 5455 5458 5456
f 5453 5473 5442
f 5473 5456 5474
f 5442 5473 5444
f 5473 5475 5444
f 5445 5447 5462
f 5457 5467 5458
f 5456 5458 5474
f 5458 5467 5476
f 5463 5447 5477
f 5449 5477 5447
f 5467 5469 5478
f 5473 5474 5475
f 5474 5479 5475
f 5474 5476 5479
f 5474 5458 5476
f 5449 5451 5477
f 5476 5480 5479
f 5478 5481 5480
f 5467 5478 5476
f 5469 5482 5478
f 5476 5478 5480
f 5467 5466 5469
f 5469 5468 5472
f 5452 5483 5451
f 5452 5484 5483
f 5463 5477 5485
f 5464 5486 5236
f 5486 5487 5236
f 5486 5488 5487
f 5464 5463 5486
f 5463 5485 5486
f 5485 5488 5486
f 5485 5489 5490
f 5471 5491 5492
f 5471 5492 5493
f 5485 5490 5488
f 5494 5495 5490
f 5490 5495 5496
f 5488 5490 5496
f 5492 5497 5498
f 5495 5499 5500
f 5501 5499 5495
f 5497 5502 5503
f 5499 5504 5505
f 5502 5505 5506
f 5477 5451 5489
f 5477 5489 5485
f 5483 5494 5489
f 5489 5494 5490
f 5507 5501 5494
f 5451 5483 5489
f 5483 5484 5507
f 5507 5484 5508
f 5478 5482 5481
f 5482 5509 5481
f 5482 5510 5509
f 5507 5508 5511
f 5511 5508 5512
f 5483 5507 5494
f 5507 5511 5501
f 5510 5513 5509
f 5510 5514 5513
f 5514 5515 5513
f 5514 5516 5515
f 5469 5472 5482
f 5510 5472 5493
f 5471 5493 5472
f 5494 5501 5495
f 5514 5493 5498
f 5492 5498 5493
f 5497 5503 5498
f 5482 5472 5510
f 5510 5493 5514
f 5514 5498 5516
f 5517 5512 5518
f 5511 5517 5504
f 5511 5512 5517
f 5516 5519 5515
f 5517 5518 5520
f 5520 5518 5519
f 5516 5520 5519
f 5501 5504 5499
f 5501 5511 5504
f 5516 5498 5503
f 5517 5506 5504
f 5520 5503 5506
f 5502 5506 5503
f 5505 5504 5506
f 5516 5503 5520
f 5517 5520 5506
f 5381 5382 5436
f 5382 5521 5436
f 5521 5438 5436
f 5521 5522 5438
f 5438 5522 5440
f 5522 5523 5440
f 5382 5383 5521
f 5521 5383 5386
f 5371 5372 5524
f 5371 5524 5377
f 5377 5524 5525
f 5524 5526 5527
f 5521 5386 5522
f 5386 5528 5522
f 5528 5523 5522
f 5528 5529 5523
f 5386 5389 5528
f 5528 5391 5529
f 5364 5441 5530
f 5364 5530 5372
f 5530 5441 5531
f 5441 5443 5531
f 5443 5444 5532
f 5443 5532 5531
f 5372 5530 5526
f 5524 5372 5526
f 5530 5533 5526
f 5530 5531 5533
f 5531 5532 5534
f 5531 5534 5533
f 5526 5533 5535
f 5533 5534 5536
f 5440 5523 5448
f 5523 5537 5448
f 5538 5539 5529
f 5523 5529 5537
f 5537 5529 5539
f 5537 5539 5540
f 5539 5541 5542
f 5539 5542 5540
f 5542 5543 5544
f 5542 5545 5543
f 5543 5546 5547
f 5537 5450 5448
f 5548 5444 5475
f 5532 5444 5548
f 5548 5475 5549
f 5450 5540 5452
f 5537 5540 5450
f 5540 5544 5452
f 5549 5479 5550
f 5532 5551 5534
f 5534 5551 5552
f 5551 5553 5554
f 5532 5548 5551
f 5548 5549 5553
f 5548 5553 5551
f 5542 5544 5540
f 5543 5555 5544
f 5553 5556 5557
f 5556 5558 5559
f 5556 5549 5550
f 5553 5549 5556
f 5556 5550 5558
f 5558 5550 5560
f 5378 5561 5380
f 5377 5525 5378
f 5524 5527 5525
f 5378 5525 5561
f 5525 5527 5562
f 5525 5562 5561
f 5528 5389 5391
f 5391 5538 5529
f 5391 5390 5401
f 5391 5401 5538
f 5401 5414 5538
f 5526 5535 5527
f 5527 5563 5562
f 5527 5535 5563
f 5535 5536 5564
f 5535 5564 5563
f 5536 5565 5564
f 5379 5380 5395
f 5398 5380 5561
f 5399 5561 5562
f 5400 5562 5563
f 5398 5561 5399
f 5399 5562 5400
f 5400 5563 5408
f 5408 5563 5564
f 5403 5421 5415
f 5409 5564 5565
f 5410 5565 5566
f 5408 5564 5409
f 5409 5565 5410
f 5410 5566 5411
f 5411 5567 5412
f 5412 5568 5413
f 5533 5536 5535
f 5538 5541 5539
f 5414 5541 5538
f 5414 5415 5541
f 5415 5545 5541
f 5415 5421 5545
f 5542 5541 5545
f 5536 5552 5565
f 5565 5552 5566
f 5566 5552 5554
f 5566 5554 5567
f 5421 5546 5545
f 5421 5422 5546
f 5569 5422 5423
f 5543 5545 5546
f 5546 5569 5547
f 5546 5422 5569
f 5567 5554 5557
f 5568 5557 5559
f 5567 5557 5568
f 5569 5423 5570
f 5423 5424 5570
f 5571 5559 5572
f 5568 5559 5571
f 5404 5422 5421
f 5411 5566 5567
f 5412 5567 5568
f 5405 5423 5422
f 5406 5424 5423
f 5413 5568 5571
f 5413 5571 5418
f 5419 5418 5573
f 5416 5417 5574
f 5419 5575 5420
f 5417 5420 5576
f 5407 5425 5424
f 5418 5571 5573
f 5416 5574 5425
f 5419 5573 5575
f 5417 5576 5574
f 5420 5575 5576
f 5534 5552 5536
f 5551 5554 5552
f 5553 5557 5554
f 5556 5559 5557
f 5558 5572 5559
f 5475 5479 5549
f 5550 5479 5480
f 5550 5480 5560
f 5569 5577 5547
f 5577 5570 5578
f 5544 5555 5484
f 5544 5484 5452
f 5555 5508 5484
f 5555 5579 5508
f 5579 5512 5508
f 5579 5580 5512
f 5580 5581 5518
f 5543 5547 5555
f 5547 5579 5555
f 5547 5577 5579
f 5558 5582 5572
f 5582 5583 5584
f 5558 5560 5582
f 5582 5560 5585
f 5582 5585 5583
f 5583 5585 5586
f 5579 5577 5580
f 5580 5577 5578
f 5578 5587 5581
f 5578 5588 5587
f 5589 5590 5583
f 5587 5591 5592
f 5589 5592 5593
f 5589 5583 5586
f 5580 5578 5581
f 5589 5594 5592
f 5589 5586 5594
f 5587 5592 5595
f 5587 5595 5581
f 5592 5594 5595
f 5569 5570 5577
f 5578 5570 5588
f 5424 5588 5570
f 5424 5425 5588
f 5584 5573 5572
f 5571 5572 5573
f 5584 5575 5573
f 5588 5425 5591
f 5591 5425 5574
f 5590 5576 5575
f 5584 5590 5575
f 5587 5588 5591
f 5592 5591 5593
f 5591 5574 5593
f 5593 5574 5576
f 5590 5593 5576
f 5582 5584 5572
f 5583 5590 5584
f 5589 5593 5590
f 5480 5481 5560
f 5585 5481 5509
f 5560 5481 5585
f 5585 5509 5586
f 5509 5513 5586
f 5580 5518 5512
f 5594 5513 5515
f 5586 5513 5594
f 5581 5519 5518
f 5595 5515 5519
f 5594 5515 5595
f 5581 5595 5519
f 5115 5144 5596
f 5115 5596 5145
f 5117 5145 5597
f 5117 5597 5148
f 5144 5146 5598
f 5137 5156 5154
f 5146 5147 5599
f 5144 5598 5596
f 5145 5596 5600
f 5145 5600 5597
f 5146 5599 5598
f 5596 5598 5601
f 5596 5601 5600
f 5118 5148 5602
f 5118 5602 5190
f 5190 5602 5192
f 5148 5603 5602
f 5148 5597 5603
f 5192 5602 5604
f 5602 5603 5604
f 5604 5603 5605
f 5597 5606 5603
f 5597 5600 5606
f 5192 5604 5203
f 5138 5208 5156
f 5147 5154 5607
f 5139 5209 5208
f 5154 5156 5608
f 5207 5214 5609
f 5147 5607 5599
f 5598 5599 5610
f 5598 5610 5601
f 5154 5608 5607
f 5599 5607 5611
f 5141 5212 5209
f 5143 5211 5212
f 5206 5612 5210
f 5210 5613 5211
f 5206 5213 5612
f 5207 5609 5213
f 5213 5609 5614
f 5210 5612 5613
f 5156 5208 5615
f 5208 5209 5616
f 5156 5615 5608
f 5213 5614 5612
f 5612 5614 5617
f 5208 5616 5615
f 5599 5611 5610
f 5607 5608 5618
f 5607 5618 5611
f 5211 5619 5212
f 5209 5212 5620
f 5211 5613 5619
f 5209 5620 5616
f 5612 5617 5613
f 5212 5619 5620
f 5613 5621 5619
f 5613 5617 5621
f 5608 5615 5622
f 5608 5622 5618
f 5615 5616 5623
f 5615 5623 5622
f 5619 5624 5620
f 5619 5621 5624
f 5616 5620 5625
f 5616 5625 5623
f 5620 5624 5625
f 5600 5626 5606
f 5600 5601 5626
f 5603 5606 5605
f 5605 5606 5627
f 5606 5626 5627
f 5627 5626 5628
f 5214 5220 5609
f 5220 5629 5609
f 5222 5629 5220
f 5222 5231 5629
f 5231 5630 5629
f 5231 5631 5630
f 5609 5629 5614
f 5629 5630 5614
f 5604 5632 5203
f 5203 5632 5228
f 5604 5605 5632
f 5632 5605 5633
f 5632 5633 5634
f 5203 5228 5204
f 5632 5634 5228
f 5228 5465 5227
f 5228 5634 5465
f 5605 5627 5633
f 5231 5226 5232
f 5233 5635 5232
f 5231 5232 5631
f 5232 5635 5631
f 5634 5636 5465
f 5634 5633 5637
f 5634 5637 5636
f 5637 5638 5636
f 5637 5639 5638
f 5627 5640 5633
f 5633 5640 5637
f 5627 5628 5640
f 5640 5641 5639
f 5628 5641 5640
f 5628 5642 5641
f 5640 5639 5637
f 5601 5610 5643
f 5601 5643 5626
f 5610 5644 5643
f 5610 5611 5644
f 5611 5645 5644
f 5611 5618 5645
f 5626 5643 5628
f 5628 5643 5642
f 5643 5644 5642
f 5642 5644 5646
f 5614 5630 5617
f 5617 5630 5647
f 5631 5647 5630
f 5631 5648 5647
f 5635 5235 5649
f 5233 5235 5635
f 5235 5236 5650
f 5235 5650 5649
f 5639 5651 5638
f 5650 5236 5487
f 5650 5487 5652
f 5652 5487 5653
f 5635 5648 5631
f 5635 5649 5648
f 5641 5642 5654
f 5641 5654 5655
f 5649 5650 5656
f 5648 5649 5657
f 5657 5649 5656
f 5654 5658 5659
f 5639 5641 5655
f 5639 5655 5651
f 5650 5652 5656
f 5655 5660 5651
f 5655 5659 5660
f 5655 5654 5659
f 5661 5653 5662
f 5656 5663 5664
f 5652 5663 5656
f 5658 5665 5666
f 5663 5661 5667
f 5652 5661 5663
f 5652 5653 5661
f 5659 5668 5660
f 5659 5666 5668
f 5666 5669 5668
f 5658 5666 5659
f 5666 5665 5670
f 5661 5662 5670
f 5670 5662 5669
f 5661 5670 5667
f 5666 5670 5669
f 5617 5647 5621
f 5647 5671 5621
f 5644 5645 5646
f 5648 5671 5647
f 5648 5657 5671
f 5672 5645 5673
f 5646 5645 5672
f 5618 5673 5645
f 5618 5622 5673
f 5622 5674 5673
f 5621 5671 5624
f 5671 5675 5624
f 5657 5675 5671
f 5672 5673 5676
f 5657 5664 5675
f 5664 5677 5678
f 5622 5623 5674
f 5624 5675 5625
f 5623 5625 5678
f 5623 5678 5674
f 5625 5675 5678
f 5673 5674 5676
f 5664 5678 5675
f 5674 5678 5677
f 5676 5674 5677
f 5642 5646 5654
f 5654 5646 5658
f 5658 5646 5672
f 5658 5672 5665
f 5657 5656 5664
f 5672 5676 5665
f 5663 5677 5664
f 5676 5667 5665
f 5663 5667 5677
f 5670 5665 5667
f 5676 5677 5667
f 5465 5636 5470
f 5460 5465 5470
f 5636 5638 5491
f 5470 5636 5491
f 5470 5491 5471
f 5491 5638 5679
f 5679 5638 5651
f 5488 5653 5487
f 5488 5496 5653
f 5680 5651 5660
f 5679 5651 5680
f 5491 5679 5492
f 5679 5497 5492
f 5679 5680 5497
f 5680 5502 5497
f 5496 5500 5662
f 5496 5662 5653
f 5681 5660 5668
f 5680 5660 5681
f 5681 5668 5682
f 5500 5669 5662
f 5500 5682 5669
f 5495 5500 5496
f 5680 5681 5502
f 5681 5505 5502
f 5499 5682 5500
f 5681 5682 5505
f 5499 5505 5682
f 5668 5669 5682
f 5683 5684 5685
f 5684 5686 5687
f 5687 5688 5689
f 5690 5689 5691
f 5692 5693 5694
f 5692 5694 5695
f 5693 5685 5694
f 5695 5694 5696
f 5685 5684 5694
f 5696 5694 5697
f 5698 5699 5690
f 5700 5701 5699
f 5702 5703 5701
f 5700 5702 5701
f 5702 5704 5703
f 5705 5704 5706
f 5694 5707 5708
f 5694 5708 5709
f 5710 5711 5707
f 5684 5687 5694
f 5687 5689 5694
f 5690 5694 5689
f 5690 5699 5694
f 5699 5701 5694
f 5701 5703 5694
f 5705 5703 5704
f 5705 5706 5712
f 5697 5694 5713
f 5713 5694 5714
f 5694 5715 5714
f 5694 5716 5715
f 5694 5717 5716
f 5694 5718 5717
f 5705 5694 5703
f 5705 5712 5694
f 5719 5710 5694
f 5712 5719 5694
f 5694 5720 5718
f 5694 5721 5720
f 5694 5722 5721
f 5710 5707 5694
f 5694 5723 5724
f 5694 5725 5722
f 5694 5726 5725
f 5694 5724 5726
f 5712 5727 5719
f 5719 5728 5710
f 5721 5722 5729
f 5725 5730 5722
f 5712 5706 5727
f 5719 5727 5728
f 5710 5728 5711
f 5706 5731 5727
f 5706 5732 5731
f 5731 5733 5734
f 5727 5734 5728
f 5727 5731 5734
f 5728 5735 5711
f 5728 5734 5735
f 5735 5736 5711
f 5734 5737 5735
f 5735 5738 5736
f 5734 5733 5737
f 5735 5737 5738
f 5737 5739 5738
f 5738 5739 5740
f 5740 5739 5741
f 5740 5741 5742
f 5741 5743 5742
f 5744 5745 5746
f 5746 5745 5747
f 5744 5748 5745
f 5745 5749 5747
f 5747 5750 5751
f 5744 5752 5748
f 5746 5747 5683
f 5683 5747 5751
f 5752 5753 5748
f 5683 5751 5686
f 5751 5754 5686
f 5752 5755 5753
f 5755 5756 5757
f 5755 5757 5753
f 5751 5758 5754
f 5754 5759 5760
f 5745 5748 5761
f 5748 5753 5762
f 5753 5757 5763
f 5749 5764 5750
f 5750 5764 5765
f 5749 5766 5764
f 5754 5758 5759
f 5767 5760 5759
f 5747 5749 5750
f 5745 5761 5749
f 5751 5750 5758
f 5748 5762 5761
f 5750 5765 5758
f 5758 5768 5759
f 5759 5768 5769
f 5749 5761 5766
f 5758 5765 5768
f 5761 5770 5766
f 5761 5762 5770
f 5753 5763 5762
f 5757 5771 5763
f 5767 5759 5769
f 5767 5772 5773
f 5767 5769 5772
f 5762 5763 5774
f 5762 5774 5770
f 5763 5771 5775
f 5763 5775 5774
f 5768 5765 5776
f 5768 5777 5769
f 5769 5777 5778
f 5772 5779 5780
f 5769 5778 5772
f 5772 5778 5779
f 5780 5779 5781
f 5764 5782 5765
f 5764 5766 5783
f 5782 5776 5765
f 5764 5783 5782
f 5766 5770 5784
f 5768 5776 5777
f 5783 5766 5784
f 5770 5785 5784
f 5770 5774 5785
f 5774 5775 5786
f 5774 5786 5785
f 5775 5787 5786
f 5744 5746 5693
f 5744 5692 5752
f 5683 5686 5684
f 5746 5683 5685
f 5752 5695 5755
f 5755 5696 5756
f 5744 5693 5692
f 5746 5685 5693
f 5752 5692 5695
f 5755 5695 5696
f 5696 5697 5756
f 5687 5686 5688
f 5689 5688 5691
f 5697 5788 5756
f 5698 5690 5691
f 5713 5789 5788
f 5714 5790 5789
f 5688 5760 5691
f 5698 5691 5791
f 5698 5791 5792
f 5754 5688 5686
f 5754 5760 5688
f 5756 5788 5793
f 5757 5756 5793
f 5691 5760 5791
f 5788 5789 5794
f 5788 5794 5793
f 5789 5795 5794
f 5767 5791 5760
f 5792 5791 5773
f 5698 5792 5700
f 5700 5792 5796
f 5700 5796 5702
f 5797 5702 5796
f 5797 5796 5798
f 5789 5790 5795
f 5790 5799 5795
f 5790 5800 5799
f 5800 5801 5799
f 5792 5802 5796
f 5757 5793 5771
f 5793 5794 5803
f 5794 5795 5804
f 5795 5799 5805
f 5799 5801 5806
f 5697 5713 5788
f 5713 5714 5789
f 5714 5715 5790
f 5715 5716 5800
f 5716 5717 5807
f 5698 5700 5699
f 5715 5800 5790
f 5716 5807 5800
f 5717 5808 5807
f 5717 5718 5808
f 5718 5720 5809
f 5721 5810 5720
f 5718 5809 5808
f 5720 5810 5809
f 5721 5729 5810
f 5722 5730 5729
f 5797 5704 5702
f 5797 5732 5704
f 5706 5704 5732
f 5797 5811 5732
f 5732 5812 5731
f 5800 5807 5801
f 5807 5808 5813
f 5807 5813 5801
f 5808 5809 5814
f 5808 5814 5813
f 5814 5815 5813
f 5810 5729 5816
f 5809 5810 5817
f 5809 5817 5814
f 5810 5816 5817
f 5814 5817 5818
f 5816 5819 5817
f 5801 5813 5820
f 5767 5773 5791
f 5792 5773 5802
f 5773 5780 5802
f 5802 5821 5798
f 5797 5798 5811
f 5796 5802 5798
f 5798 5822 5811
f 5798 5821 5822
f 5811 5822 5823
f 5822 5824 5823
f 5823 5824 5825
f 5793 5803 5771
f 5794 5804 5803
f 5772 5780 5773
f 5802 5780 5821
f 5771 5803 5826
f 5771 5826 5775
f 5803 5804 5827
f 5803 5827 5826
f 5795 5805 5804
f 5799 5806 5805
f 5805 5806 5828
f 5805 5829 5804
f 5804 5829 5827
f 5805 5828 5829
f 5780 5781 5821
f 5822 5821 5830
f 5821 5781 5830
f 5826 5827 5831
f 5822 5830 5824
f 5829 5832 5827
f 5829 5828 5833
f 5829 5833 5832
f 5732 5811 5812
f 5731 5812 5733
f 5812 5811 5823
f 5812 5823 5834
f 5812 5834 5733
f 5733 5834 5835
f 5733 5835 5737
f 5737 5835 5739
f 5814 5818 5815
f 5817 5819 5818
f 5818 5819 5836
f 5818 5836 5837
f 5835 5834 5838
f 5835 5838 5839
f 5823 5825 5834
f 5825 5838 5834
f 5835 5839 5739
f 5739 5839 5741
f 5801 5820 5806
f 5813 5815 5820
f 5806 5820 5840
f 5806 5840 5828
f 5820 5815 5841
f 5820 5841 5840
f 5818 5837 5815
f 5815 5837 5841
f 5828 5840 5842
f 5828 5842 5833
f 5840 5843 5842
f 5840 5841 5843
f 5841 5837 5844
f 5841 5844 5843
f 5775 5826 5787
f 5826 5831 5787
f 5827 5832 5831
f 5781 5779 5845
f 5781 5845 5846
f 5776 5847 5777
f 5782 5848 5776
f 5776 5848 5847
f 5782 5849 5848
f 5782 5783 5849
f 5777 5847 5850
f 5847 5851 5850
f 5847 5848 5852
f 5848 5849 5853
f 5847 5852 5851
f 5848 5853 5852
f 5850 5851 5854
f 5849 5855 5853
f 5854 5851 5856
f 5852 5857 5851
f 5852 5853 5858
f 5778 5777 5850
f 5778 5850 5859
f 5783 5784 5860
f 5783 5860 5849
f 5784 5785 5861
f 5784 5861 5860
f 5859 5850 5854
f 5859 5862 5845
f 5778 5859 5779
f 5779 5859 5845
f 5845 5863 5846
f 5785 5864 5861
f 5785 5786 5864
f 5786 5865 5864
f 5859 5854 5862
f 5862 5866 5863
f 5863 5867 5846
f 5845 5862 5863
f 5863 5868 5867
f 5849 5860 5855
f 5860 5861 5869
f 5861 5864 5870
f 5860 5869 5855
f 5854 5871 5862
f 5853 5855 5872
f 5855 5869 5873
f 5861 5870 5869
f 5864 5874 5870
f 5869 5870 5875
f 5851 5857 5856
f 5852 5858 5857
f 5854 5856 5871
f 5853 5872 5858
f 5856 5876 5871
f 5868 5877 5867
f 5862 5871 5866
f 5868 5866 5878
f 5855 5873 5872
f 5871 5879 5866
f 5879 5878 5866
f 5863 5866 5868
f 5868 5878 5880
f 5868 5880 5877
f 5880 5881 5877
f 5869 5875 5873
f 5875 5882 5873
f 5878 5883 5880
f 5880 5884 5881
f 5880 5883 5884
f 5830 5885 5824
f 5830 5781 5846
f 5830 5846 5885
f 5885 5886 5887
f 5824 5885 5887
f 5825 5824 5887
f 5825 5887 5888
f 5888 5887 5889
f 5888 5889 5890
f 5887 5886 5889
f 5889 5891 5890
f 5825 5888 5838
f 5838 5888 5892
f 5838 5892 5839
f 5839 5892 5893
f 5892 5894 5893
f 5741 5839 5893
f 5741 5893 5743
f 5743 5893 5895
f 5743 5895 5896
f 5893 5894 5895
f 5894 5897 5895
f 5895 5898 5896
f 5888 5890 5892
f 5842 5899 5833
f 5844 5900 5843
f 5842 5843 5901
f 5842 5901 5899
f 5843 5900 5901
f 5901 5902 5899
f 5892 5890 5894
f 5894 5890 5903
f 5901 5904 5902
f 5903 5891 5905
f 5895 5897 5898
f 5898 5906 5907
f 5894 5903 5897
f 5897 5908 5906
f 5890 5891 5903
f 5903 5905 5908
f 5903 5908 5897
f 5898 5897 5906
f 5906 5908 5909
f 5906 5910 5907
f 5906 5909 5910
f 5786 5787 5865
f 5787 5831 5911
f 5885 5846 5867
f 5787 5911 5865
f 5864 5865 5874
f 5865 5911 5912
f 5831 5832 5913
f 5831 5913 5911
f 5832 5914 5913
f 5913 5915 5911
f 5885 5867 5886
f 5886 5867 5877
f 5865 5912 5874
f 5889 5886 5916
f 5911 5915 5912
f 5913 5917 5915
f 5915 5918 5912
f 5870 5874 5919
f 5874 5912 5920
f 5832 5833 5914
f 5833 5899 5914
f 5913 5914 5917
f 5899 5921 5914
f 5914 5921 5917
f 5915 5917 5922
f 5899 5902 5921
f 5921 5923 5917
f 5902 5924 5921
f 5886 5877 5916
f 5916 5877 5881
f 5916 5881 5925
f 5889 5916 5891
f 5916 5925 5891
f 5891 5925 5905
f 5905 5925 5926
f 5905 5926 5927
f 5874 5920 5919
f 5870 5919 5875
f 5875 5919 5928
f 5919 5929 5928
f 5912 5918 5920
f 5918 5930 5920
f 5919 5920 5929
f 5920 5930 5929
f 5881 5931 5925
f 5884 5931 5881
f 5925 5931 5926
f 5929 5932 5933
f 5915 5922 5918
f 5917 5923 5922
f 5921 5924 5923
f 5922 5923 5934
f 5922 5934 5935
f 5923 5936 5934
f 5905 5927 5908
f 5927 5909 5908
f 5918 5935 5930
f 5918 5922 5935
f 5930 5935 5937
f 5929 5930 5932
f 5930 5937 5932
f 5934 5938 5935
f 5935 5938 5937
f 5939 5940 5941
f 5939 5941 5942
f 5939 5942 5943
f 5694 5944 5945
f 5694 5709 5944
f 5694 5945 5946
f 5708 5707 5947
f 5948 5709 5708
f 5709 5949 5944
f 5944 5941 5945
f 5945 5940 5946
f 5946 5950 5723
f 5707 5711 5947
f 5948 5708 5947
f 5948 5949 5709
f 5694 5946 5723
f 5724 5951 5726
f 5725 5726 5952
f 5724 5723 5953
f 5724 5953 5951
f 5726 5951 5952
f 5944 5949 5941
f 5945 5941 5940
f 5946 5940 5950
f 5723 5950 5953
f 5947 5711 5736
f 5947 5736 5954
f 5948 5954 5955
f 5948 5947 5954
f 5736 5956 5954
f 5954 5957 5955
f 5951 5958 5952
f 5948 5955 5949
f 5949 5942 5941
f 5949 5955 5942
f 5950 5959 5953
f 5955 5960 5942
f 5951 5953 5961
f 5951 5961 5958
f 5953 5959 5961
f 5961 5962 5958
f 5939 5963 5940
f 5939 5964 5963
f 5963 5965 5959
f 5963 5950 5940
f 5963 5959 5950
f 5961 5959 5966
f 5943 5942 5960
f 5943 5960 5967
f 5943 5967 5968
f 5969 5968 5967
f 5969 5967 5970
f 5954 5956 5957
f 5956 5971 5957
f 5957 5971 5972
f 5738 5956 5736
f 5738 5740 5956
f 5740 5971 5956
f 5955 5957 5960
f 5957 5972 5960
f 5960 5972 5967
f 5958 5962 5973
f 5973 5962 5974
f 5973 5974 5975
f 5971 5976 5972
f 5740 5742 5971
f 5971 5742 5976
f 5972 5970 5967
f 5976 5970 5972
f 5963 5964 5965
f 5939 5943 5964
f 5943 5968 5964
f 5964 5968 5977
f 5964 5977 5965
f 5965 5977 5978
f 5965 5978 5966
f 5978 5979 5966
f 5977 5980 5978
f 5977 5981 5980
f 5977 5968 5981
f 5969 5981 5968
f 5978 5980 5982
f 5978 5982 5979
f 5982 5983 5979
f 5965 5966 5959
f 5962 5966 5979
f 5962 5979 5974
f 5961 5966 5962
f 5979 5983 5974
f 5974 5983 5984
f 5975 5974 5984
f 5975 5984 5985
f 5986 5987 5988
f 5986 5989 5987
f 5989 5990 5987
f 5969 5970 5991
f 5969 5991 5992
f 5976 5742 5993
f 5743 5993 5742
f 5976 5993 5994
f 5994 5993 5995
f 5970 5994 5991
f 5976 5994 5970
f 5991 5994 5996
f 5993 5896 5995
f 5991 5996 5997
f 5996 5998 5997
f 5994 5995 5996
f 5996 5995 5999
f 5981 6000 5980
f 5981 5992 6000
f 6000 5992 6001
f 5969 5992 5981
f 5992 5991 5997
f 5980 5986 5982
f 5980 6000 5986
f 5982 5986 5988
f 5982 5988 5983
f 5986 6000 5989
f 6002 5983 5988
f 6002 6003 6004
f 5992 5997 6001
f 6001 5997 6005
f 5989 6000 6001
f 5989 6001 6006
f 5984 6004 5985
f 5985 6004 6007
f 6002 5984 5983
f 6002 6004 5984
f 6004 6008 6007
f 6003 6008 6004
f 6008 6009 6010
f 6008 6010 6007
f 6010 6011 6012
f 5995 6013 5999
f 5998 6014 6015
f 5996 5999 5998
f 5999 6016 6014
f 5998 5999 6014
f 6014 6017 6015
f 6001 6005 6006
f 6005 6018 6006
f 6005 6015 6018
f 5989 6006 5990
f 6006 6018 6019
f 5990 6006 6019
f 6019 6020 6021
f 6019 6018 6020
f 6018 6022 6020
f 6005 5997 5998
f 6005 5998 6015
f 6010 6009 6011
f 6011 6023 6024
f 6018 6015 6022
f 6015 6017 6022
f 5988 5987 6025
f 5987 6026 6025
f 6025 6027 6003
f 5990 6026 5987
f 6025 6026 6027
f 5990 6028 6026
f 5990 6019 6028
f 6029 6026 6028
f 6029 6027 6026
f 6029 6030 6027
f 6030 6031 6027
f 6030 6032 6031
f 6028 6021 6033
f 6034 6030 6029
f 6034 6029 6033
f 6029 6028 6033
f 6035 6032 6030
f 6034 6035 6030
f 6035 6036 6032
f 6002 5988 6025
f 6002 6025 6003
f 6003 6031 6008
f 6003 6027 6031
f 6031 6009 6008
f 6031 6032 6009
f 6032 6037 6009
f 6019 6021 6028
f 6032 6036 6037
f 6036 6038 6037
f 6011 6009 6037
f 6011 6037 6023
f 6037 6038 6023
f 6039 6023 6040
f 6038 6040 6023
f 5725 5952 5730
f 5729 5730 6041
f 5729 6041 5816
f 5730 6042 6041
f 5730 5952 6042
f 5952 5958 6042
f 5816 6041 6043
f 6042 6044 6041
f 6042 5958 5973
f 6044 6043 6041
f 6044 6045 6043
f 6045 6046 6043
f 5816 6043 5819
f 6043 6046 5819
f 5819 6046 5836
f 6042 5973 6044
f 5973 5975 6044
f 6044 5975 6045
f 5837 5836 6047
f 6046 6048 5836
f 5836 6048 6047
f 6045 6049 6046
f 5975 5985 6045
f 6049 6048 6046
f 6045 5985 6049
f 5837 6047 5844
f 5743 5896 5993
f 6047 6050 6051
f 6049 6052 6048
f 6047 6048 6050
f 6048 6052 6050
f 6050 6053 6051
f 5995 5896 6013
f 6050 6012 6053
f 6053 6054 6055
f 5844 6047 6051
f 5844 6051 5900
f 6051 6055 5900
f 5901 5900 5904
f 5900 6055 5904
f 5904 6056 5902
f 6053 6055 6051
f 5904 6055 6057
f 6049 5985 6007
f 6049 6007 6052
f 6052 6012 6050
f 6007 6010 6052
f 6052 6010 6012
f 6053 6012 6024
f 5898 6013 5896
f 6013 5907 6016
f 6013 6016 5999
f 5898 5907 6013
f 6016 5907 6058
f 6016 6058 6059
f 6014 6016 6059
f 6014 6059 6017
f 5902 6056 5924
f 6055 6054 6057
f 5904 6057 6056
f 6060 6061 6056
f 6057 6060 6056
f 5910 6058 5907
f 6062 6063 6061
f 6053 6024 6054
f 6054 6024 6039
f 6054 6039 6064
f 6011 6024 6012
f 6024 6023 6039
f 6064 6039 6065
f 6064 6065 6066
f 6057 6054 6064
f 6057 6064 6060
f 6064 6066 6060
f 6060 6066 6062
f 6060 6062 6061
f 5923 5924 5936
f 6056 6061 5924
f 5924 6061 5936
f 5934 5936 6067
f 5934 6067 5938
f 5936 6061 6063
f 5936 6063 6067
f 6039 6040 6065
f 5884 6068 5931
f 5910 6069 6058
f 5910 5909 6070
f 5910 6070 6069
f 6069 6071 6072
f 5927 5926 6073
f 5927 6073 6074
f 5926 5931 6075
f 5931 6068 6075
f 6075 6076 6073
f 5926 6075 6073
f 6074 6073 6077
f 6078 6077 6079
f 6073 6076 6077
f 6077 6080 6079
f 5927 6074 5909
f 5909 6074 6070
f 6070 6074 6078
f 6069 6070 6071
f 6070 6078 6071
f 6071 6078 6081
f 6071 6082 6072
f 6071 6081 6082
f 5932 6083 6084
f 5932 5937 6083
f 5937 6085 6083
f 6074 6077 6078
f 6078 6079 6081
f 6079 6086 6081
f 6086 6087 6081
f 6082 6081 6087
f 6082 6087 6088
f 6086 6089 6087
f 6087 6089 6090
f 6087 6090 6088
f 6091 6092 6093
f 6094 6095 6096
f 6089 6097 6098
f 6099 6100 6097
f 6090 6098 6101
f 6090 6089 6098
f 6098 6097 6102
f 6103 6091 6093
f 6091 6095 6092
f 6092 6095 6094
f 6099 6094 6100
f 6103 6104 6105
f 6100 6102 6097
f 6094 6096 6100
f 6105 6106 6107
f 6108 6109 6107
f 6020 6110 6111
f 6022 6112 6110
f 6022 6017 6112
f 6110 6112 6113
f 6020 6022 6110
f 6111 6110 6114
f 6110 6113 6114
f 6114 6115 6116
f 6114 6113 6115
f 6021 6117 6033
f 6034 6033 6118
f 6033 6117 6118
f 6118 6117 6119
f 6119 6120 6121
f 6034 6122 6035
f 6035 6122 6123
f 6124 6123 6122
f 6124 6122 6125
f 6124 6126 6123
f 6124 6125 6127
f 6124 6127 6128
f 6034 6118 6122
f 6035 6123 6036
f 6118 6125 6122
f 6123 6126 6129
f 6036 6123 6129
f 6118 6119 6125
f 6125 6121 6127
f 6125 6119 6121
f 6129 6126 6130
f 6127 6131 6128
f 6127 6121 6132
f 6121 6133 6132
f 6127 6132 6131
f 6132 6134 6131
f 6132 6135 6134
f 6020 6111 6021
f 6021 6111 6117
f 6117 6111 6136
f 6111 6114 6136
f 6136 6114 6116
f 6136 6116 6120
f 6117 6136 6119
f 6119 6136 6120
f 6038 6137 6040
f 6040 6137 6138
f 6036 6129 6038
f 6038 6129 6137
f 6129 6130 6137
f 6130 6139 6140
f 6141 6140 6139
f 6130 6140 6137
f 6138 6137 6140
f 6138 6140 6142
f 6141 6142 6140
f 6141 6143 6142
f 6120 6133 6121
f 6120 6116 6144
f 6120 6144 6133
f 6133 6144 6145
f 6116 6146 6144
f 6115 6146 6116
f 6144 6146 6147
f 6144 6147 6145
f 6132 6133 6135
f 6133 6145 6135
f 6141 6148 6143
f 6143 6148 6149
f 6134 6150 6151
f 6145 6152 6153
f 6145 6147 6152
f 6152 6154 6153
f 6152 6155 6154
f 6155 6156 6154
f 6135 6145 6153
f 6135 6153 6150
f 6150 6153 6157
f 6134 6135 6150
f 6150 6158 6151
f 6150 6157 6158
f 6158 6157 6159
f 6158 6159 6160
f 6153 6154 6157
f 6157 6154 6161
f 6154 6156 6161
f 6157 6161 6159
f 6161 4804 4803
f 6161 6156 4804
f 6156 4799 4804
f 6161 4805 6159
f 6159 4805 4807
f 6159 4807 6162
f 6162 4807 4808
f 6161 4803 4806
f 6161 4806 4805
f 6058 6163 6059
f 6017 6059 6164
f 6059 6163 6164
f 6164 6163 6165
f 6164 6165 6166
f 6165 6167 6166
f 6058 6069 6163
f 6069 6072 6163
f 6163 6072 6165
f 6165 6072 6168
f 6165 6168 6167
f 6017 6164 6112
f 6112 6164 6166
f 6112 6166 6113
f 6113 6166 6169
f 6166 6167 6169
f 6113 6169 6115
f 6062 6170 6063
f 6062 6066 6171
f 6171 6172 6170
f 6062 6171 6170
f 6172 6173 6170
f 6167 6168 6174
f 6167 6174 6175
f 6175 6174 6176
f 6169 6175 6177
f 6115 6169 6177
f 6115 6177 6146
f 6177 6178 6146
f 6177 6179 6178
f 6167 6175 6169
f 6177 6175 6179
f 6175 6176 6179
f 6067 6180 5938
f 6063 6181 6067
f 6067 6181 6180
f 6082 6168 6072
f 5937 5938 6085
f 5938 6180 6085
f 6083 6085 6182
f 6180 6183 6085
f 6083 6182 6184
f 6182 6185 6184
f 6085 6183 6182
f 6182 6183 6186
f 6182 6186 6185
f 6063 6170 6181
f 6180 6181 6187
f 6181 6170 6173
f 6181 6173 6187
f 6180 6187 6183
f 6187 6188 6183
f 6173 6189 6187
f 6187 6189 6188
f 6188 6186 6183
f 6168 6088 6174
f 6082 6088 6168
f 6174 6088 6190
f 6174 6190 6176
f 6090 6190 6088
f 6185 6186 6191
f 6188 6192 6186
f 6192 6191 6186
f 6192 6193 6191
f 6191 6193 6194
f 6040 6138 6065
f 6065 6138 6195
f 6066 6065 6195
f 6066 6195 6171
f 6171 6195 6196
f 6138 6142 6195
f 6142 6196 6195
f 6196 6197 6172
f 6171 6196 6172
f 6198 6189 6173
f 6172 6198 6173
f 6172 6197 6198
f 6142 6143 6196
f 6143 6197 6196
f 6178 6147 6146
f 6198 6199 6189
f 6199 6200 6201
f 6198 6197 6202
f 6143 6149 6197
f 6149 6202 6197
f 6149 6203 6202
f 6202 6203 6204
f 6198 6202 6199
f 6199 6202 6204
f 6199 6204 6200
f 6188 6189 6201
f 6188 6201 6192
f 6199 6201 6189
f 6192 6201 6205
f 6192 6205 6193
f 6200 6205 6201
f 6178 6206 6207
f 6179 6208 6206
f 6179 6176 6208
f 6208 6209 6210
f 6178 6179 6206
f 6208 6211 6206
f 6208 6210 6211
f 6210 6212 6213
f 6214 6213 6212
f 6206 6211 6215
f 6210 6213 6216
f 6210 6216 6211
f 6217 6218 6219
f 6220 6221 6096
f 6220 6222 6223
f 6221 6217 6219
f 6220 6223 4823
f 6214 4817 6213
f 6214 6224 4817
f 6214 6218 6224
f 6217 6224 6218
f 6220 4823 6221
f 6221 4823 6217
f 6190 6101 6209
f 6176 6190 6209
f 6208 6176 6209
f 6209 6101 6212
f 6100 6096 6219
f 6100 6219 6102
f 6102 6218 6225
f 6102 6219 6218
f 6214 6212 6225
f 6214 6225 6218
f 6212 6101 6225
f 6090 6101 6190
f 6098 6225 6101
f 6098 6102 6225
f 6226 6227 6109
f 6228 6229 6230
f 6228 6230 6227
f 6231 6229 6232
f 6210 6209 6212
f 6194 6233 6234
f 6234 6233 6235
f 6236 6235 6237
f 6230 6229 6231
f 6238 6231 6232
f 6238 6232 6239
f 6239 6240 6241
f 6238 6239 6241
f 6240 6236 6237
f 6091 6222 6095
f 6103 6223 6091
f 6103 6105 6242
f 6105 6107 6243
f 6220 6096 6095
f 6221 6219 6096
f 6091 6223 6222
f 6103 6242 6223
f 6220 6095 6222
f 6105 6243 6242
f 6107 6109 6244
f 6107 6244 6243
f 6223 6242 4823
f 6109 6245 6244
f 6109 6227 6245
f 6227 6230 4824
f 6242 6243 4823
f 6227 4824 6245
f 6243 6244 4823
f 6244 6245 4823
f 6230 4825 4824
f 6230 4826 4825
f 6230 4828 4826
f 6230 6231 4828
f 6178 6207 6147
f 6147 6207 6152
f 6206 6215 6207
f 6152 6207 6155
f 6155 6207 6215
f 6211 6246 6215
f 6211 6216 6246
f 6247 6215 6246
f 6155 6215 6247
f 6155 6247 6156
f 6200 6248 6205
f 6248 6249 6250
f 6204 6251 6200
f 6200 6251 6248
f 6248 6251 6252
f 6249 6253 6250
f 6254 6255 6253
f 6256 6255 6254
f 6248 6252 6249
f 6249 6257 6253
f 6254 6253 6257
f 6246 6216 4820
f 6216 4816 4822
f 6216 4821 4820
f 6216 4822 4821
f 6247 6246 4818
f 6247 4797 4801
f 6247 4818 4797
f 6246 4819 4818
f 6246 4820 4819
f 6213 4816 6216
f 6213 4817 4815
f 6213 4815 4795
f 6213 4795 4816
f 6224 4813 4817
f 6224 4823 4813
f 6217 4823 6224
f 6258 6259 4843
f 6258 4841 4840
f 6247 4802 6156
f 4802 6247 4801
f 6156 4802 4800
f 6156 4800 4799
f 6259 4844 4843
f 6258 4843 4842
f 6256 4845 6259
f 6259 4845 4844
f 6258 4842 4841
f 6256 6254 4847
f 6256 4846 4845
f 6256 4847 4846
f 6254 4848 4847
f 6254 4838 4837
f 6254 4837 4848
f 6254 6257 4873
f 6254 4873 4838
f 6205 6250 6193
f 6193 6250 6260
f 6255 6233 6260
f 6240 6258 6241
f 6255 6260 6253
f 6256 6259 6261
f 6256 6261 6255
f 6255 6261 6233
f 6237 6261 6259
f 6237 6259 6258
f 6194 6193 6260
f 6194 6260 6233
f 6235 6233 6261
f 6235 6261 6237
f 6240 6237 6258
f 6248 6250 6205
f 6260 6250 6253
f 6238 6241 4833
f 6245 4824 4823
f 6231 4829 4828
f 6231 4830 4829
f 6231 4831 4830
f 6238 4832 4831
f 6238 4833 4832
f 6238 4831 6231
f 6258 4840 6241
f 6241 4834 4833
f 4834 6241 4835
f 6241 4840 4835
f 5856 5857 6262
f 5856 6262 5876
f 5857 6263 6262
f 5857 5858 6263
f 5871 5876 5879
f 5858 6264 6263
f 5876 6262 6265
f 5876 6265 6266
f 5879 5876 6266
f 6263 6267 6262
f 6263 6264 6268
f 5879 6266 6269
f 6263 6268 6267
f 6262 6267 6265
f 5858 5872 6264
f 5872 5873 6270
f 5872 6270 6264
f 5873 5882 6270
f 5879 6269 5878
f 6269 5883 5878
f 6264 6270 6271
f 6264 6271 6268
f 5882 6272 6270
f 6270 6272 6271
f 5875 5928 5882
f 5882 5928 6273
f 5882 6273 6272
f 5929 5933 5928
f 5928 5933 6273
f 6269 6266 6274
f 6265 6275 6266
f 6266 6275 6274
f 6265 6276 6275
f 6274 6275 6277
f 6265 6267 6276
f 6267 6268 6278
f 6269 6274 6279
f 6267 6278 6276
f 6279 6274 6280
f 6275 6276 6281
f 6276 6278 6282
f 6274 6277 6280
f 6279 6280 6283
f 6276 6282 6281
f 6280 6284 6283
f 5884 5883 6285
f 6269 6279 5883
f 5883 6279 6285
f 5884 6285 6068
f 6068 6286 6075
f 6271 6272 6287
f 6068 6285 6288
f 6068 6288 6286
f 6268 6271 6289
f 6268 6289 6278
f 6279 6283 6285
f 6289 6290 6278
f 6271 6287 6289
f 6289 6287 6291
f 6283 6288 6285
f 6278 6290 6282
f 6283 6292 6288
f 6288 6292 6293
f 6286 6288 6293
f 6286 6293 6294
f 6289 6291 6290
f 6290 6291 6295
f 6294 6293 6296
f 6294 6296 6297
f 6296 6298 6297
f 6297 6298 6299
f 6275 6281 6277
f 6280 6277 6300
f 6277 6281 6301
f 6280 6300 6284
f 6277 6301 6300
f 6283 6284 6292
f 6282 6302 6281
f 6281 6302 6301
f 6282 6290 6303
f 6282 6303 6302
f 6290 6295 6303
f 6284 6300 6304
f 6292 6284 6305
f 6301 6302 6306
f 6292 6305 6307
f 6307 6305 6308
f 6307 6308 6309
f 6301 6310 6300
f 6284 6304 6305
f 6300 6310 6304
f 6301 6306 6310
f 6305 6304 6311
f 6305 6311 6308
f 6304 6310 6312
f 6304 6312 6311
f 6310 6313 6312
f 6292 6307 6293
f 6293 6307 6296
f 6302 6303 6314
f 6302 6314 6306
f 6303 6315 6314
f 6296 6307 6309
f 6296 6309 6298
f 6310 6306 6313
f 6306 6316 6313
f 6306 6314 6316
f 6272 6317 6287
f 6273 6317 6272
f 6273 5933 6318
f 6273 6318 6317
f 6318 6319 6317
f 6286 6076 6075
f 6077 6076 6080
f 6286 6294 6076
f 6076 6294 6080
f 6317 6320 6287
f 6287 6320 6291
f 6320 6321 6291
f 6291 6321 6295
f 6317 6319 6320
f 6320 6319 6322
f 6320 6322 6321
f 5933 5932 6084
f 5933 6084 6318
f 6318 6084 6323
f 6083 6184 6084
f 6318 6323 6319
f 6323 6324 6319
f 6084 6184 6323
f 6323 6184 6325
f 6323 6325 6324
f 6319 6324 6322
f 6080 6294 6297
f 6080 6297 6326
f 6079 6080 6326
f 6079 6326 6086
f 6086 6327 6089
f 6086 6326 6327
f 6297 6299 6326
f 6326 6299 6327
f 6321 6322 6328
f 6322 6329 6328
f 6324 6329 6322
f 6324 6330 6329
f 6328 6331 6332
f 6328 6329 6331
f 6303 6295 6315
f 6295 6333 6315
f 6321 6333 6295
f 6321 6328 6333
f 6314 6315 6334
f 6314 6334 6316
f 6315 6333 6335
f 6315 6335 6334
f 6328 6332 6333
f 6332 6335 6333
f 6093 6336 6104
f 6298 6309 6337
f 6309 6336 6337
f 6336 6338 6104
f 6093 6337 6336
f 6298 6337 6339
f 6338 6340 6106
f 6338 6106 6104
f 6308 6336 6309
f 6308 6338 6336
f 6311 6338 6308
f 6311 6340 6338
f 6311 6312 6340
f 6312 6341 6340
f 6312 6313 6341
f 6313 6342 6341
f 6313 6316 6342
f 6092 6339 6337
f 6099 6097 6327
f 6099 6339 6094
f 6099 6327 6299
f 6093 6092 6337
f 6092 6094 6339
f 6103 6093 6104
f 6105 6104 6106
f 6298 6339 6299
f 6099 6299 6339
f 6108 6340 6341
f 6226 6341 6342
f 6108 6106 6340
f 6108 6341 6226
f 6089 6327 6097
f 6108 6107 6106
f 6226 6342 6228
f 6108 6226 6109
f 6228 6343 6229
f 6228 6342 6343
f 6334 6344 6343
f 6343 6344 6229
f 6335 6345 6344
f 6332 6345 6335
f 6316 6334 6343
f 6316 6343 6342
f 6334 6335 6344
f 6184 6185 6325
f 6324 6325 6330
f 6325 6185 6346
f 6325 6346 6330
f 6346 6234 6330
f 6234 6347 6330
f 6329 6347 6331
f 6329 6330 6347
f 6185 6191 6346
f 6346 6191 6194
f 6346 6194 6234
f 6344 6345 6232
f 6236 6331 6347
f 6236 6348 6331
f 6239 6345 6348
f 6226 6228 6227
f 6344 6232 6229
f 6232 6345 6239
f 6332 6331 6348
f 6332 6348 6345
f 6234 6235 6347
f 6236 6347 6235
f 6240 6348 6236
f 6239 6348 6240
f 6126 6128 6349
f 6124 6128 6126
f 6130 6126 6349
f 6130 6349 6139
f 6128 6350 6349
f 6128 6131 6350
f 6349 6350 6351
f 6349 6351 6139
f 6350 6131 6352
f 6350 6352 6353
f 6350 6353 6351
f 6351 6354 6139
f 6134 6352 6131
f 6354 6355 6148
f 6353 6356 6351
f 6351 6356 6354
f 6356 6355 6354
f 6141 6139 6354
f 6141 6354 6148
f 6148 6355 6357
f 6149 6148 6357
f 6149 6357 6203
f 6353 6352 6358
f 6353 6358 6359
f 6134 6151 6352
f 6352 6151 6358
f 6358 6151 6360
f 6358 6361 6359
f 6358 6360 6361
f 6362 6361 6363
f 6353 6359 6356
f 6356 6359 6364
f 6356 6364 6355
f 6359 6362 6364
f 6364 6362 6365
f 6355 6364 6366
f 6364 6365 6366
f 6359 6361 6362
f 6362 6367 6365
f 6365 6368 6366
f 6362 6363 6367
f 6365 6367 6369
f 6365 6369 6368
f 6158 6360 6151
f 6360 6160 6370
f 6158 6160 6360
f 6360 6370 6361
f 6361 6370 6363
f 6357 6371 6203
f 6371 6372 6373
f 6203 6371 6373
f 6373 6372 6374
f 6374 6372 6375
f 6374 6375 6376
f 6357 6355 6366
f 6366 6368 6371
f 6357 6366 6371
f 6368 6369 6377
f 6368 6372 6371
f 6368 6377 6372
f 6377 6375 6372
f 6370 6160 6378
f 6370 6378 6379
f 6380 6379 4808
f 6363 6370 6379
f 6363 6380 6367
f 6363 6379 6380
f 6380 4808 6381
f 6381 4808 6382
f 6382 4808 6383
f 6159 6162 6160
f 6160 6162 6378
f 6378 6162 4808
f 6379 6378 4808
f 6383 4808 4858
f 6376 4875 4874
f 6375 4860 4867
f 6375 4867 4876
f 6375 4876 6376
f 6376 4876 4875
f 6367 6381 6369
f 6369 6382 6377
f 6380 6381 6367
f 6369 6381 6382
f 6382 6383 6377
f 6377 6383 6375
f 6375 6383 4860
f 6383 4858 4860
f 6204 6203 6373
f 6373 6374 6251
f 6204 6373 6251
f 6376 6384 6252
f 6374 6252 6251
f 6249 6252 6384
f 6249 6384 6257
f 6374 6376 6252
f 6384 4870 4869
f 6384 4869 4872
f 6257 4872 4871
f 6257 4871 4873
f 6384 4872 6257
f 6376 4874 4870
f 6376 4870 6384
