timestamp,timestamp_sample,q[0],q[1],q[2],q[3],delta_q_reset[0],delta_q_reset[1],delta_q_reset[2],delta_q_reset[3],quat_reset_counter,time_sec
683868000,683868000,0.9732664,0.07400592,-0.21321133,0.04272688,0.0,0.0,0.0,0.0,0,0.0
683888000,683888000,0.97546995,0.070784405,-0.2039583,0.043105554,0.0,0.0,0.0,0.0,0,0.02
683908000,683908000,0.9776363,0.06755667,-0.19440205,0.04336294,0.0,0.0,0.0,0.0,0,0.04
683928000,683928000,0.97975,0.06429928,-0.18458988,0.043488503,0.0,0.0,0.0,0.0,0,0.06
683948000,683948000,0.9817999,0.061032128,-0.1745345,0.043483637,0.0,0.0,0.0,0.0,0,0.08
683968000,683968000,0.98377925,0.05775139,-0.16423534,0.043347273,0.0,0.0,0.0,0.0,0,0.1
683988000,683988000,0.9856661,0.05446859,-0.15378276,0.04307601,0.0,0.0,0.0,0.0,0,0.12
684008000,684008000,0.98746204,0.051184557,-0.1431324,0.042673897,0.0,0.0,0.0,0.0,0,0.14
684028000,684028000,0.9891493,0.04790835,-0.13237026,0.042139616,0.0,0.0,0.0,0.0,0,0.16
684048000,684048000,0.9907258,0.044631276,-0.121487945,0.04147541,0.0,0.0,0.0,0.0,0,0.18
684068000,684068000,0.9921826,0.04135559,-0.11053248,0.04068302,0.0,0.0,0.0,0.0,0,0.2
684088000,684088000,0.9935119,0.038103916,-0.099548355,0.03976741,0.0,0.0,0.0,0.0,0,0.22
684108000,684108000,0.99471396,0.034841005,-0.08853952,0.038730357,0.0,0.0,0.0,0.0,0,0.24
684128000,684128000,0.9957807,0.031622954,-0.07757307,0.037580613,0.0,0.0,0.0,0.0,0,0.26
684148000,684148000,0.9967155,0.028394036,-0.06664746,0.036320843,0.0,0.0,0.0,0.0,0,0.28
684168000,684168000,0.99751455,0.025218347,-0.055817243,0.03496113,0.0,0.0,0.0,0.0,0,0.3
684188000,684188000,0.99818146,0.02205156,-0.04509977,0.03350622,0.0,0.0,0.0,0.0,0,0.32
684208000,684208000,0.9987178,0.018927544,-0.034522586,0.031965386,0.0,0.0,0.0,0.0,0,0.34
684228000,684228000,0.99912757,0.015841627,-0.024111317,0.030347053,0.0,0.0,0.0,0.0,0,0.36
684248000,684248000,0.9994154,0.012779191,-0.013903249,0.028659543,0.0,0.0,0.0,0.0,0,0.38
684268000,684268000,0.9995868,0.009782534,-0.003911014,0.026912475,0.0,0.0,0.0,0.0,0,0.4
684288000,684288000,0.999649,0.006800938,0.00583053,0.025114946,0.0,0.0,0.0,0.0,0,0.42
684308000,684308000,0.99960834,0.0038964762,0.015338431,0.023276577,0.0,0.0,0.0,0.0,0,0.44
684328000,684328000,0.9994734,0.0010144027,0.02455031,0.021407332,0.0,0.0,0.0,0.0,0,0.46
684348000,684348000,0.99925166,-0.0017828847,0.033484593,0.019515226,0.0,0.0,0.0,0.0,0,0.48
684368000,684368000,0.99895203,-0.004546947,0.04210822,0.017611338,0.0,0.0,0.0,0.0,0,0.5
684388000,684388000,0.99858254,-0.007239738,0.05042821,0.015703958,0.0,0.0,0.0,0.0,0,0.52
684408000,684408000,0.9981521,-0.009876705,0.05842493,0.01380318,0.0,0.0,0.0,0.0,0,0.54
684428000,684428000,0.9976687,-0.01244909,0.06610098,0.011917235,0.0,0.0,0.0,0.0,0,0.56
684448000,684448000,0.99714106,-0.014951671,0.073444605,0.010054765,0.0,0.0,0.0,0.0,0,0.58
684468000,684468000,0.9965788,-0.017391605,0.08043443,0.008224797,0.0,0.0,0.0,0.0,0,0.6
684488000,684488000,0.9959867,-0.019757213,0.087108456,0.006433263,0.0,0.0,0.0,0.0,0,0.62
684508000,684508000,0.99537224,-0.022067169,0.09345749,0.0046892203,0.0,0.0,0.0,0.0,0,0.64
684528000,684528000,0.9947419,-0.024285603,0.09949271,0.0029960985,0.0,0.0,0.0,0.0,0,0.66
684548000,684548000,0.9941035,-0.026446769,0.105195366,0.0013640244,0.0,0.0,0.0,0.0,0,0.68
684568000,684568000,0.9934617,-0.02851922,0.11058739,-0.0002048966,0.0,0.0,0.0,0.0,0,0.7
684588000,684588000,0.9928211,-0.030537168,0.11567171,-0.0017018022,0.0,0.0,0.0,0.0,0,0.72
684608000,684608000,0.9921883,-0.032455977,0.12045076,-0.0031275568,0.0,0.0,0.0,0.0,0,0.74
684628000,684628000,0.9915675,-0.03430299,0.12492504,-0.0044743763,0.0,0.0,0.0,0.0,0,0.76
684648000,684648000,0.9909618,-0.036065485,0.12911302,-0.005740801,0.0,0.0,0.0,0.0,0,0.78
684668000,684668000,0.99037206,-0.03776505,0.13303432,-0.0069213635,0.0,0.0,0.0,0.0,0,0.8
684688000,684688000,0.9898062,-0.039372846,0.13666862,-0.008016812,0.0,0.0,0.0,0.0,0,0.82
684708000,684708000,0.9892647,-0.040900197,0.140036,-0.009024701,0.0,0.0,0.0,0.0,0,0.84
684728000,684728000,0.98875076,-0.042341862,0.14314105,-0.009944161,0.0,0.0,0.0,0.0,0,0.86
684748000,684748000,0.9882653,-0.043701407,0.14599654,-0.010774614,0.0,0.0,0.0,0.0,0,0.88
684768000,684768000,0.9878117,-0.044986106,0.14859621,-0.01151388,0.0,0.0,0.0,0.0,0,0.9
684788000,684788000,0.9873888,-0.04619318,0.15096577,-0.012163644,0.0,0.0,0.0,0.0,0,0.92
684808000,684808000,0.98699784,-0.04732657,0.1531098,-0.012724281,0.0,0.0,0.0,0.0,0,0.94
684828000,684828000,0.9866397,-0.04837892,0.15503718,-0.013198689,0.0,0.0,0.0,0.0,0,0.96
684848000,684848000,0.9863165,-0.049356677,0.15674244,-0.013586759,0.0,0.0,0.0,0.0,0,0.98
684868000,684868000,0.98602676,-0.050261572,0.1582438,-0.01389083,0.0,0.0,0.0,0.0,0,1.0
684888000,684888000,0.9857705,-0.05109153,0.15954956,-0.014113205,0.0,0.0,0.0,0.0,0,1.02
684908000,684908000,0.9855486,-0.051840167,0.16066222,-0.014257648,0.0,0.0,0.0,0.0,0,1.04
684928000,684928000,0.98536026,-0.05251788,0.16158855,-0.014325325,0.0,0.0,0.0,0.0,0,1.06
684948000,684948000,0.985206,-0.053126074,0.16232933,-0.014318981,0.0,0.0,0.0,0.0,0,1.08
684968000,684968000,0.98508245,-0.05366456,0.1629076,-0.014243167,0.0,0.0,0.0,0.0,0,1.1
684988000,684988000,0.98499125,-0.05413005,0.16331682,-0.014101816,0.0,0.0,0.0,0.0,0,1.12
685008000,685008000,0.9849333,-0.05452806,0.16355145,-0.01389745,0.0,0.0,0.0,0.0,0,1.14
685028000,685028000,0.98490703,-0.054861426,0.16362007,-0.013634362,0.0,0.0,0.0,0.0,0,1.16
685048000,685048000,0.98491126,-0.05512393,0.16353233,-0.013318498,0.0,0.0,0.0,0.0,0,1.18
685068000,685068000,0.98494434,-0.055320904,0.16329604,-0.012953361,0.0,0.0,0.0,0.0,0,1.2
685088000,685088000,0.9850038,-0.055452503,0.16292389,-0.012543874,0.0,0.0,0.0,0.0,0,1.22
685108000,685108000,0.9850886,-0.055524677,0.16242018,-0.012093527,0.0,0.0,0.0,0.0,0,1.24
685128000,685128000,0.98519844,-0.055546165,0.16178115,-0.011604934,0.0,0.0,0.0,0.0,0,1.26
685148000,685148000,0.98533154,-0.055521037,0.16101392,-0.011082313,0.0,0.0,0.0,0.0,0,1.28
685168000,685168000,0.9854871,-0.055445768,0.16012226,-0.0105308145,0.0,0.0,0.0,0.0,0,1.3
685188000,685188000,0.9856662,-0.055318594,0.15909748,-0.009954741,0.0,0.0,0.0,0.0,0,1.32
685208000,685208000,0.9858658,-0.055137638,0.1579557,-0.009359804,0.0,0.0,0.0,0.0,0,1.34
685228000,685228000,0.9860835,-0.05490953,0.1567062,-0.008749898,0.0,0.0,0.0,0.0,0,1.36
685248000,685248000,0.9863179,-0.054641582,0.15535244,-0.008128034,0.0,0.0,0.0,0.0,0,1.38
685268000,685268000,0.98656684,-0.054333366,0.15390465,-0.007498713,0.0,0.0,0.0,0.0,0,1.4
685288000,685288000,0.98683065,-0.05398727,0.15235706,-0.006865248,0.0,0.0,0.0,0.0,0,1.42
685308000,685308000,0.9871087,-0.053605754,0.15070853,-0.006231213,0.0,0.0,0.0,0.0,0,1.44
685328000,685328000,0.98739886,-0.053192083,0.14896916,-0.005600307,0.0,0.0,0.0,0.0,0,1.46
685348000,685348000,0.98769957,-0.05274191,0.14714684,-0.0049771406,0.0,0.0,0.0,0.0,0,1.48
685368000,685368000,0.9880099,-0.052257814,0.1452431,-0.004364883,0.0,0.0,0.0,0.0,0,1.5
685388000,685388000,0.988329,-0.05174244,0.14326021,-0.0037661865,0.0,0.0,0.0,0.0,0,1.52
685408000,685408000,0.9886546,-0.051203154,0.14120662,-0.0031833455,0.0,0.0,0.0,0.0,0,1.54
685428000,685428000,0.9889868,-0.05063753,0.13907991,-0.0026193361,0.0,0.0,0.0,0.0,0,1.56
685448000,685448000,0.9893239,-0.050046477,0.13688816,-0.0020767218,0.0,0.0,0.0,0.0,0,1.58
685468000,685468000,0.9896646,-0.049428172,0.13463838,-0.0015586736,0.0,0.0,0.0,0.0,0,1.6
685488000,685488000,0.99000865,-0.048793208,0.13232568,-0.001065394,0.0,0.0,0.0,0.0,0,1.62
685508000,685508000,0.9903555,-0.048140038,0.12995107,-0.0005989811,0.0,0.0,0.0,0.0,0,1.64
685528000,685528000,0.9907026,-0.04747467,0.12752843,-0.00016095747,0.0,0.0,0.0,0.0,0,1.66
685548000,685548000,0.9910498,-0.0467831,0.12506238,0.00024539372,0.0,0.0,0.0,0.0,0,1.68
685568000,685568000,0.99139595,-0.046077374,0.12255453,0.00062038715,0.0,0.0,0.0,0.0,0,1.7
685588000,685588000,0.99174035,-0.04535391,0.12000973,0.0009622806,0.0,0.0,0.0,0.0,0,1.72
685608000,685608000,0.9920814,-0.044625122,0.11743335,0.0012716779,0.0,0.0,0.0,0.0,0,1.74
685628000,685628000,0.99241984,-0.043878853,0.11482231,0.0015468083,0.0,0.0,0.0,0.0,0,1.76
685648000,685648000,0.9927541,-0.04312505,0.112184815,0.001788253,0.0,0.0,0.0,0.0,0,1.78
685668000,685668000,0.9930837,-0.042353358,0.109526336,0.0019944883,0.0,0.0,0.0,0.0,0,1.8
685688000,685688000,0.99340755,-0.0415757,0.10685156,0.0021668435,0.0,0.0,0.0,0.0,0,1.82
685708000,685708000,0.9937257,-0.040788237,0.104160294,0.0023052339,0.0,0.0,0.0,0.0,0,1.84
685728000,685728000,0.9940373,-0.040002044,0.10145445,0.0024109446,0.0,0.0,0.0,0.0,0,1.86
685748000,685748000,0.99434245,-0.039206043,0.0987366,0.0024833484,0.0,0.0,0.0,0.0,0,1.88
685768000,685768000,0.99464023,-0.038414747,0.09600971,0.0025246653,0.0,0.0,0.0,0.0,0,1.9
685788000,685788000,0.9949303,-0.037612967,0.093282305,0.002533986,0.0,0.0,0.0,0.0,0,1.92
685808000,685808000,0.9952119,-0.036813866,0.090558216,0.0025134163,0.0,0.0,0.0,0.0,0,1.94
685828000,685828000,0.99548525,-0.03600112,0.08784094,0.002462489,0.0,0.0,0.0,0.0,0,1.96
685848000,685848000,0.9957501,-0.03518706,0.08512915,0.0023834342,0.0,0.0,0.0,0.0,0,1.98
685868000,685868000,0.99600637,-0.034354813,0.08243195,0.002276006,0.0,0.0,0.0,0.0,0,2.0
685888000,685888000,0.9962529,-0.033523347,0.079754926,0.002142907,0.0,0.0,0.0,0.0,0,2.02
685908000,685908000,0.9964901,-0.03268971,0.07709736,0.0019854258,0.0,0.0,0.0,0.0,0,2.04
685928000,685928000,0.9967182,-0.03186467,0.07445294,0.0018063341,0.0,0.0,0.0,0.0,0,2.06
685948000,685948000,0.99693763,-0.031030118,0.071825944,0.0016054655,0.0,0.0,0.0,0.0,0,2.08
685968000,685968000,0.9971482,-0.030198975,0.06921414,0.0013858222,0.0,0.0,0.0,0.0,0,2.1
685988000,685988000,0.997349,-0.029364519,0.066636294,0.0011477994,0.0,0.0,0.0,0.0,0,2.12
686008000,686008000,0.9975401,-0.028536778,0.06409135,0.00089393643,0.0,0.0,0.0,0.0,0,2.14
686028000,686028000,0.9977213,-0.027703514,0.061590318,0.00062494545,0.0,0.0,0.0,0.0,0,2.16
686048000,686048000,0.9978933,-0.026874794,0.059124645,0.00034340372,0.0,0.0,0.0,0.0,0,2.18
686068000,686068000,0.9980564,-0.026048534,0.056692146,5.070207e-05,0.0,0.0,0.0,0.0,0,2.2
686088000,686088000,0.9982109,-0.025233414,0.054289415,-0.0002509138,0.0,0.0,0.0,0.0,0,2.22
686108000,686108000,0.9983565,-0.024426047,0.051927384,-0.0005602654,0.0,0.0,0.0,0.0,0,2.24
686128000,686128000,0.9984937,-0.023628654,0.049602613,-0.00087567,0.0,0.0,0.0,0.0,0,2.26
686148000,686148000,0.9986231,-0.022829473,0.047312077,-0.0011958557,0.0,0.0,0.0,0.0,0,2.28
686168000,686168000,0.99874437,-0.02203709,0.04506444,-0.0015190254,0.0,0.0,0.0,0.0,0,2.3
686188000,686188000,0.9988574,-0.02124999,0.042872515,-0.0018439284,0.0,0.0,0.0,0.0,0,2.32
686208000,686208000,0.99896276,-0.02047578,0.040725335,-0.0021686188,0.0,0.0,0.0,0.0,0,2.34
686228000,686228000,0.9990608,-0.01971399,0.038623225,-0.0024917894,0.0,0.0,0.0,0.0,0,2.36
686248000,686248000,0.99915195,-0.018965526,0.03656339,-0.0028119986,0.0,0.0,0.0,0.0,0,2.38
686268000,686268000,0.9992361,-0.018229628,0.03455801,-0.0031282164,0.0,0.0,0.0,0.0,0,2.4
686288000,686288000,0.9993135,-0.01750912,0.032607395,-0.0034394383,0.0,0.0,0.0,0.0,0,2.42
686308000,686308000,0.9993845,-0.01680167,0.030714288,-0.0037447056,0.0,0.0,0.0,0.0,0,2.44
686328000,686328000,0.9994493,-0.016113864,0.028882833,-0.004042318,0.0,0.0,0.0,0.0,0,2.46
686348000,686348000,0.99950826,-0.01544873,0.027109731,-0.0043309717,0.0,0.0,0.0,0.0,0,2.48
686368000,686368000,0.99956214,-0.014803837,0.025381286,-0.004609847,0.0,0.0,0.0,0.0,0,2.5
686388000,686388000,0.99961126,-0.014184485,0.02369533,-0.004877699,0.0,0.0,0.0,0.0,0,2.52
686408000,686408000,0.9996555,-0.013592249,0.022067238,-0.005133966,0.0,0.0,0.0,0.0,0,2.54
686428000,686428000,0.999695,-0.013030741,0.020501103,-0.0053782454,0.0,0.0,0.0,0.0,0,2.56
686448000,686448000,0.99973035,-0.012488961,0.018998338,-0.0056099226,0.0,0.0,0.0,0.0,0,2.58
686468000,686468000,0.999762,-0.011966216,0.01754544,-0.0058284253,0.0,0.0,0.0,0.0,0,2.6
686488000,686488000,0.9997905,-0.011452543,0.01614041,-0.006032959,0.0,0.0,0.0,0.0,0,2.62
686508000,686508000,0.9998157,-0.010961206,0.014791428,-0.006222585,0.0,0.0,0.0,0.0,0,2.64
686528000,686528000,0.9998378,-0.010495363,0.013502603,-0.0063970983,0.0,0.0,0.0,0.0,0,2.66
686548000,686548000,0.9998572,-0.010057862,0.012271332,-0.006556309,0.0,0.0,0.0,0.0,0,2.68
686568000,686568000,0.999874,-0.009640891,0.011100154,-0.0067003123,0.0,0.0,0.0,0.0,0,2.7
686588000,686588000,0.9998886,-0.009249123,0.009983259,-0.0068293004,0.0,0.0,0.0,0.0,0,2.72
686608000,686608000,0.99990135,-0.008873068,0.0089158015,-0.00694343,0.0,0.0,0.0,0.0,0,2.74
686628000,686628000,0.9999123,-0.008508348,0.007903233,-0.0070425184,0.0,0.0,0.0,0.0,0,2.76
686648000,686648000,0.9999219,-0.008150197,0.0069357813,-0.007126403,0.0,0.0,0.0,0.0,0,2.78
686668000,686668000,0.9999301,-0.007812636,0.0060107894,-0.0071952282,0.0,0.0,0.0,0.0,0,2.8
686688000,686688000,0.9999371,-0.007482944,0.0051308223,-0.00725014,0.0,0.0,0.0,0.0,0,2.82
686708000,686708000,0.99994314,-0.007165134,0.0042869505,-0.007291117,0.0,0.0,0.0,0.0,0,2.84
686728000,686728000,0.9999482,-0.0068556527,0.0034841758,-0.007318257,0.0,0.0,0.0,0.0,0,2.86
686748000,686748000,0.9999525,-0.0065522343,0.0027214114,-0.007331946,0.0,0.0,0.0,0.0,0,2.88
686768000,686768000,0.99995613,-0.006250345,0.0019950282,-0.007332429,0.0,0.0,0.0,0.0,0,2.9
686788000,686788000,0.9999592,-0.0059538535,0.0013042628,-0.0073198327,0.0,0.0,0.0,0.0,0,2.92
686808000,686808000,0.99996173,-0.0056605223,0.00064743345,-0.0072947084,0.0,0.0,0.0,0.0,0,2.94
686828000,686828000,0.99996376,-0.0053735264,3.7746817e-05,-0.007258312,0.0,0.0,0.0,0.0,0,2.96
686848000,686848000,0.9999654,-0.005093789,-0.00051756273,-0.0072114645,0.0,0.0,0.0,0.0,0,2.98
686868000,686868000,0.99996674,-0.0048354147,-0.0010305808,-0.0071540894,0.0,0.0,0.0,0.0,0,3.0
686888000,686888000,0.9999678,-0.0045828284,-0.0015099654,-0.007086931,0.0,0.0,0.0,0.0,0,3.02
686908000,686908000,0.99996865,-0.0043389574,-0.0019604564,-0.0070112073,0.0,0.0,0.0,0.0,0,3.04
686928000,686928000,0.99996924,-0.004109608,-0.002389402,-0.006927578,0.0,0.0,0.0,0.0,0,3.06
686948000,686948000,0.9999697,-0.0038899276,-0.0027866673,-0.006836886,0.0,0.0,0.0,0.0,0,3.08
686968000,686968000,0.99997014,-0.0036750175,-0.0031484046,-0.0067396224,0.0,0.0,0.0,0.0,0,3.1
686988000,686988000,0.9999705,-0.0034681456,-0.0034758188,-0.0066359746,0.0,0.0,0.0,0.0,0,3.12
687008000,687008000,0.99997073,-0.0032740012,-0.0037778036,-0.0065265144,0.0,0.0,0.0,0.0,0,3.14
687028000,687028000,0.999971,-0.0030989973,-0.0040534413,-0.0064123874,0.0,0.0,0.0,0.0,0,3.16
687048000,687048000,0.9999712,-0.0029354591,-0.004291809,-0.00629492,0.0,0.0,0.0,0.0,0,3.18
687068000,687068000,0.99997145,-0.0027872294,-0.004504159,-0.0061751185,0.0,0.0,0.0,0.0,0,3.2
687088000,687088000,0.9999717,-0.0026570165,-0.0046976297,-0.0060532745,0.0,0.0,0.0,0.0,0,3.22
687108000,687108000,0.99997187,-0.0025431302,-0.0048719887,-0.0059298133,0.0,0.0,0.0,0.0,0,3.24
687128000,687128000,0.99997216,-0.0024342048,-0.005016868,-0.0058053457,0.0,0.0,0.0,0.0,0,3.26
687148000,687148000,0.9999725,-0.0023285479,-0.005134743,-0.0056808623,0.0,0.0,0.0,0.0,0,3.28
687168000,687168000,0.9999729,-0.0022272044,-0.005242307,-0.0055569336,0.0,0.0,0.0,0.0,0,3.3
687188000,687188000,0.99997324,-0.0021301273,-0.0053444104,-0.0054335757,0.0,0.0,0.0,0.0,0,3.32
687208000,687208000,0.9999736,-0.0020392102,-0.005438246,-0.005310648,0.0,0.0,0.0,0.0,0,3.34
687228000,687228000,0.999974,-0.0019550174,-0.005508475,-0.0051887194,0.0,0.0,0.0,0.0,0,3.36
687248000,687248000,0.9999745,-0.0018692203,-0.0055613574,-0.0050685355,0.0,0.0,0.0,0.0,0,3.38
687268000,687268000,0.999975,-0.0017836643,-0.0056048357,-0.0049512126,0.0,0.0,0.0,0.0,0,3.4
687288000,687288000,0.9999755,-0.001708098,-0.0056351507,-0.0048369956,0.0,0.0,0.0,0.0,0,3.42
687308000,687308000,0.9999761,-0.0016506793,-0.00564509,-0.004725552,0.0,0.0,0.0,0.0,0,3.44
687328000,687328000,0.9999767,-0.0015994771,-0.005645042,-0.00461704,0.0,0.0,0.0,0.0,0,3.46
687348000,687348000,0.99997735,-0.0015455496,-0.0056254226,-0.0045123133,0.0,0.0,0.0,0.0,0,3.48
687368000,687368000,0.99997807,-0.0014871402,-0.0055899005,-0.0044108904,0.0,0.0,0.0,0.0,0,3.5
687388000,687388000,0.9999789,-0.0014281116,-0.0055377507,-0.0043137064,0.0,0.0,0.0,0.0,0,3.52
687408000,687408000,0.99997973,-0.001377618,-0.005466837,-0.0042211465,0.0,0.0,0.0,0.0,0,3.54
687428000,687428000,0.9999806,-0.0013307261,-0.0053859735,-0.004133073,0.0,0.0,0.0,0.0,0,3.56
687448000,687448000,0.99998146,-0.0012837603,-0.0053031696,-0.004049833,0.0,0.0,0.0,0.0,0,3.58
687468000,687468000,0.9999823,-0.0012447035,-0.0052090646,-0.003971757,0.0,0.0,0.0,0.0,0,3.6
687488000,687488000,0.9999832,-0.0012133168,-0.005102766,-0.0038987913,0.0,0.0,0.0,0.0,0,3.62
687508000,687508000,0.999984,-0.0011763324,-0.0049979505,-0.0038310937,0.0,0.0,0.0,0.0,0,3.64
687528000,687528000,0.99998486,-0.0011355035,-0.004891929,-0.0037685295,0.0,0.0,0.0,0.0,0,3.66
687548000,687548000,0.99998564,-0.0011013737,-0.004774533,-0.0037113812,0.0,0.0,0.0,0.0,0,3.68
687568000,687568000,0.99998647,-0.0010686768,-0.0046500904,-0.0036597175,0.0,0.0,0.0,0.0,0,3.7
687588000,687588000,0.99998724,-0.0010315797,-0.004525046,-0.0036137942,0.0,0.0,0.0,0.0,0,3.72
687608000,687608000,0.999988,-0.0009908961,-0.004397535,-0.003573754,0.0,0.0,0.0,0.0,0,3.74
687628000,687628000,0.99998873,-0.0009477449,-0.004267072,-0.0035396318,0.0,0.0,0.0,0.0,0,3.76
687648000,687648000,0.99998945,-0.00090277166,-0.004133533,-0.0035112277,0.0,0.0,0.0,0.0,0,3.78
687668000,687668000,0.9999901,-0.0008579754,-0.0039984044,-0.0034881409,0.0,0.0,0.0,0.0,0,3.8
687688000,687688000,0.9999907,-0.00081981765,-0.0038678097,-0.0034700006,0.0,0.0,0.0,0.0,0,3.82
687708000,687708000,0.9999913,-0.00078263,-0.0037358394,-0.0034565069,0.0,0.0,0.0,0.0,0,3.84
687728000,687728000,0.99999183,-0.00074403884,-0.0035999687,-0.0034475103,0.0,0.0,0.0,0.0,0,3.86
687748000,687748000,0.9999924,-0.0007079595,-0.003463862,-0.0034426781,0.0,0.0,0.0,0.0,0,3.88
687768000,687768000,0.99999285,-0.00067163224,-0.0033246372,-0.0034418053,0.0,0.0,0.0,0.0,0,3.9
687788000,687788000,0.9999933,-0.0006368476,-0.0031823223,-0.003444832,0.0,0.0,0.0,0.0,0,3.92
687808000,687808000,0.9999938,-0.00060883566,-0.0030318564,-0.0034514596,0.0,0.0,0.0,0.0,0,3.94
687828000,687828000,0.9999943,-0.0005837772,-0.0028741139,-0.003461707,0.0,0.0,0.0,0.0,0,3.96
687848000,687848000,0.9999947,-0.00055277254,-0.0027156177,-0.0034751229,0.0,0.0,0.0,0.0,0,3.98
687868000,687868000,0.99999505,-0.0005093953,-0.0025626698,-0.0034911796,0.0,0.0,0.0,0.0,0,4.0
687888000,687888000,0.9999954,-0.00046189185,-0.0024059273,-0.0035096148,0.0,0.0,0.0,0.0,0,4.02
687908000,687908000,0.9999957,-0.00041858613,-0.002237552,-0.0035300376,0.0,0.0,0.0,0.0,0,4.04
687928000,687928000,0.999996,-0.0003819462,-0.0020683054,-0.0035520901,0.0,0.0,0.0,0.0,0,4.06
687948000,687948000,0.9999963,-0.0003533201,-0.0019024557,-0.0035758617,0.0,0.0,0.0,0.0,0,4.08
687968000,687968000,0.9999965,-0.000329313,-0.0017421641,-0.00360157,0.0,0.0,0.0,0.0,0,4.1
687988000,687988000,0.99999666,-0.00030567657,-0.0015805337,-0.00362894,0.0,0.0,0.0,0.0,0,4.12
688008000,688008000,0.99999684,-0.00028516867,-0.0014181654,-0.0036578407,0.0,0.0,0.0,0.0,0,4.14
688028000,688028000,0.99999696,-0.00026349563,-0.0012539936,-0.003687982,0.0,0.0,0.0,0.0,0,4.16
688048000,688048000,0.999997,-0.00023320675,-0.0010998247,-0.0037188693,0.0,0.0,0.0,0.0,0,4.18
688068000,688068000,0.999997,-0.00019221412,-0.00095184695,-0.003751044,0.0,0.0,0.0,0.0,0,4.2
688088000,688088000,0.9999971,-0.00014396546,-0.0008034774,-0.003784241,0.0,0.0,0.0,0.0,0,4.22
688108000,688108000,0.9999971,-9.937961e-05,-0.00064375723,-0.0038178898,0.0,0.0,0.0,0.0,0,4.24
688128000,688128000,0.999997,-5.4659882e-05,-0.0004893773,-0.0038514645,0.0,0.0,0.0,0.0,0,4.26
688148000,688148000,0.99999696,-1.1874899e-05,-0.0003415437,-0.003885013,0.0,0.0,0.0,0.0,0,4.28
688168000,688168000,0.99999684,3.3284192e-05,-0.00019449175,-0.003918389,0.0,0.0,0.0,0.0,0,4.3
688188000,688188000,0.9999967,7.811164e-05,-5.3833577e-05,-0.0039514536,0.0,0.0,0.0,0.0,0,4.32
688208000,688208000,0.9999966,0.00011591792,8.777387e-05,-0.003984117,0.0,0.0,0.0,0.0,0,4.34
688228000,688228000,0.9999964,0.00014506413,0.00022566628,-0.0040161097,0.0,0.0,0.0,0.0,0,4.36
688248000,688248000,0.9999963,0.00016692677,0.0003601464,-0.0040477505,0.0,0.0,0.0,0.0,0,4.38
688268000,688268000,0.99999607,0.0001848629,0.00049905875,-0.0040788846,0.0,0.0,0.0,0.0,0,4.4
688288000,688288000,0.9999959,0.0001961831,0.0006326188,-0.004109274,0.0,0.0,0.0,0.0,0,4.42
688308000,688308000,0.9999957,0.00019890044,0.00075876905,-0.0041390033,0.0,0.0,0.0,0.0,0,4.44
688328000,688328000,0.99999547,0.00020155979,0.00088884664,-0.0041680434,0.0,0.0,0.0,0.0,0,4.46
688348000,688348000,0.9999952,0.00020988256,0.0010288054,-0.0041963775,0.0,0.0,0.0,0.0,0,4.48
688368000,688368000,0.99999493,0.00021401499,0.0011648384,-0.0042241225,0.0,0.0,0.0,0.0,0,4.5
688388000,688388000,0.99999464,0.00021823155,0.0013016836,-0.004251325,0.0,0.0,0.0,0.0,0,4.52
688408000,688408000,0.99999434,0.00022082246,0.0014406437,-0.004277988,0.0,0.0,0.0,0.0,0,4.54
688428000,688428000,0.99999404,0.00022032579,0.0015805148,-0.004304052,0.0,0.0,0.0,0.0,0,4.56
688448000,688448000,0.9999937,0.00021345526,0.001718335,-0.0043293405,0.0,0.0,0.0,0.0,0,4.58
688468000,688468000,0.9999933,0.00020238168,0.0018558914,-0.004354221,0.0,0.0,0.0,0.0,0,4.6
688488000,688488000,0.99999297,0.00019152573,0.001997787,-0.0043787714,0.0,0.0,0.0,0.0,0,4.62
688508000,688508000,0.99999255,0.00017602422,0.0021387562,-0.0044025537,0.0,0.0,0.0,0.0,0,4.64
688528000,688528000,0.9999922,0.00015053953,0.0022704343,-0.0044251815,0.0,0.0,0.0,0.0,0,4.66
688548000,688548000,0.9999918,0.0001256147,0.0023912957,-0.004447031,0.0,0.0,0.0,0.0,0,4.68
688568000,688568000,0.9999914,0.00010853902,0.0025069718,-0.004468379,0.0,0.0,0.0,0.0,0,4.7
688588000,688588000,0.99999106,9.4811396e-05,0.0026205913,-0.0044892565,0.0,0.0,0.0,0.0,0,4.72
688608000,688608000,0.99999064,8.568957e-05,0.0027327163,-0.004509656,0.0,0.0,0.0,0.0,0,4.74
688628000,688628000,0.9999902,7.6940014e-05,0.0028425497,-0.004529573,0.0,0.0,0.0,0.0,0,4.76
688648000,688648000,0.99998987,6.332528e-05,0.0029527864,-0.0045485394,0.0,0.0,0.0,0.0,0,4.78
688668000,688668000,0.99998945,4.7259186e-05,0.0030538377,-0.004566436,0.0,0.0,0.0,0.0,0,4.8
688688000,688688000,0.9999891,2.9867777e-05,0.003149976,-0.0045833024,0.0,0.0,0.0,0.0,0,4.82
688708000,688708000,0.9999887,8.037385e-06,0.0032489079,-0.0045991275,0.0,0.0,0.0,0.0,0,4.84
688728000,688728000,0.9999883,-6.7374813e-06,0.003343011,-0.0046137893,0.0,0.0,0.0,0.0,0,4.86
688748000,688748000,0.999988,-1.476883e-05,0.003420393,-0.0046268958,0.0,0.0,0.0,0.0,0,4.88
688768000,688768000,0.99998766,-2.757333e-05,0.0034975598,-0.004638664,0.0,0.0,0.0,0.0,0,4.9
688788000,688788000,0.9999873,-5.313566e-05,0.0035819921,-0.0046491884,0.0,0.0,0.0,0.0,0,4.92
688808000,688808000,0.999987,-8.2333325e-05,0.003659192,-0.004658246,0.0,0.0,0.0,0.0,0,4.94
688828000,688828000,0.9999867,-0.000106747844,0.0037258356,-0.0046665724,0.0,0.0,0.0,0.0,0,4.96
688848000,688848000,0.99998647,-0.00012780893,0.0037888333,-0.0046744584,0.0,0.0,0.0,0.0,0,4.98
688868000,688868000,0.9999862,-0.0001453242,0.0038525166,-0.004681968,0.0,0.0,0.0,0.0,0,5.0
688888000,688888000,0.9999859,-0.0001616274,0.003916358,-0.0046890816,0.0,0.0,0.0,0.0,0,5.02
688908000,688908000,0.9999856,-0.0001754846,0.003978674,-0.004695908,0.0,0.0,0.0,0.0,0,5.04
688928000,688928000,0.99998534,-0.00018365202,0.004037246,-0.004702137,0.0,0.0,0.0,0.0,0,5.06
688948000,688948000,0.9999851,-0.00018448434,0.004084472,-0.004707771,0.0,0.0,0.0,0.0,0,5.08
688968000,688968000,0.9999849,-0.00018131471,0.004125087,-0.0047130403,0.0,0.0,0.0,0.0,0,5.1
688988000,688988000,0.99998474,-0.00017546253,0.0041632117,-0.0047182087,0.0,0.0,0.0,0.0,0,5.12
689008000,689008000,0.99998456,-0.00016682739,0.004197958,-0.0047227414,0.0,0.0,0.0,0.0,0,5.14
689028000,689028000,0.99998444,-0.00015888139,0.004218372,-0.0047264425,0.0,0.0,0.0,0.0,0,5.16
689048000,689048000,0.9999844,-0.00015000578,0.0042304643,-0.0047297194,0.0,0.0,0.0,0.0,0,5.18
689068000,689068000,0.9999844,-0.00012646322,0.0042336546,-0.004732019,0.0,0.0,0.0,0.0,0,5.2
689088000,689088000,0.99998444,-9.3426264e-05,0.004224469,-0.004733829,0.0,0.0,0.0,0.0,0,5.22
689108000,689108000,0.9999845,-5.462222e-05,0.004209815,-0.0047355145,0.0,0.0,0.0,0.0,0,5.24
689128000,689128000,0.99998456,-1.173333e-05,0.0041929623,-0.0047369986,0.0,0.0,0.0,0.0,0,5.26
689148000,689148000,0.9999847,3.4272765e-05,0.0041649663,-0.004737554,0.0,0.0,0.0,0.0,0,5.28
689168000,689168000,0.99998486,8.251743e-05,0.0041212062,-0.004737447,0.0,0.0,0.0,0.0,0,5.3
689188000,689188000,0.99998504,0.00013212502,0.0040686717,-0.0047371616,0.0,0.0,0.0,0.0,0,5.32
689208000,689208000,0.9999853,0.00018741461,0.0040107155,-0.0047366046,0.0,0.0,0.0,0.0,0,5.34
689228000,689228000,0.9999855,0.00024627676,0.003946652,-0.0047357767,0.0,0.0,0.0,0.0,0,5.36
689248000,689248000,0.99998575,0.00030961356,0.0038794393,-0.0047345646,0.0,0.0,0.0,0.0,0,5.38
689268000,689268000,0.99998605,0.0003802229,0.0037988026,-0.0047327033,0.0,0.0,0.0,0.0,0,5.4
689288000,689288000,0.99998635,0.0004575438,0.0037097451,-0.0047307196,0.0,0.0,0.0,0.0,0,5.42
689308000,689308000,0.9999867,0.00054033904,0.003616573,-0.0047287024,0.0,0.0,0.0,0.0,0,5.44
689328000,689328000,0.999987,0.00062698824,0.0035209875,-0.0047266856,0.0,0.0,0.0,0.0,0,5.46
689348000,689348000,0.99998724,0.0007174441,0.0034233532,-0.004724685,0.0,0.0,0.0,0.0,0,5.48
689368000,689368000,0.99998754,0.00080923137,0.0033239035,-0.004722429,0.0,0.0,0.0,0.0,0,5.5
689388000,689388000,0.9999878,0.00089942274,0.0032256288,-0.0047195256,0.0,0.0,0.0,0.0,0,5.52
689408000,689408000,0.9999881,0.0009956467,0.0031187441,-0.004715772,0.0,0.0,0.0,0.0,0,5.54
689428000,689428000,0.9999883,0.0010870025,0.003006099,-0.004711368,0.0,0.0,0.0,0.0,0,5.56
689448000,689448000,0.9999886,0.0011685382,0.0028988966,-0.0047060326,0.0,0.0,0.0,0.0,0,5.58
689468000,689468000,0.99998885,0.0012505273,0.0027901772,-0.0046997447,0.0,0.0,0.0,0.0,0,5.6
689488000,689488000,0.99998903,0.0013237746,0.0026860859,-0.004692627,0.0,0.0,0.0,0.0,0,5.62
689508000,689508000,0.9999893,0.0013850183,0.0025779614,-0.0046850117,0.0,0.0,0.0,0.0,0,5.64
689528000,689528000,0.99998957,0.0014410935,0.0024497085,-0.0046765767,0.0,0.0,0.0,0.0,0,5.66
689548000,689548000,0.99998987,0.0014901473,0.0023214999,-0.004667491,0.0,0.0,0.0,0.0,0,5.68
689568000,689568000,0.9999901,0.0015321862,0.0021989723,-0.0046575223,0.0,0.0,0.0,0.0,0,5.7
689588000,689588000,0.9999904,0.0015629788,0.002064185,-0.00464694,0.0,0.0,0.0,0.0,0,5.72
689608000,689608000,0.9999907,0.0015871131,0.0019250391,-0.004636522,0.0,0.0,0.0,0.0,0,5.74
689628000,689628000,0.99999094,0.0016051258,0.001796654,-0.0046267076,0.0,0.0,0.0,0.0,0,5.76
689648000,689648000,0.9999912,0.0016169426,0.0016729963,-0.0046169814,0.0,0.0,0.0,0.0,0,5.78
689668000,689668000,0.9999914,0.0016286412,0.0015469876,-0.0046073315,0.0,0.0,0.0,0.0,0,5.8
689688000,689688000,0.99999166,0.0016400049,0.0014195774,-0.004598075,0.0,0.0,0.0,0.0,0,5.82
689708000,689708000,0.99999183,0.0016450402,0.0012973635,-0.0045893863,0.0,0.0,0.0,0.0,0,5.84
689728000,689728000,0.999992,0.0016437588,0.0011798741,-0.0045810645,0.0,0.0,0.0,0.0,0,5.86
689748000,689748000,0.9999922,0.0016393468,0.0010640922,-0.004572944,0.0,0.0,0.0,0.0,0,5.88
689768000,689768000,0.9999924,0.0016343904,0.00094699726,-0.004565104,0.0,0.0,0.0,0.0,0,5.9
689788000,689788000,0.9999925,0.0016240545,0.00083357905,-0.0045577097,0.0,0.0,0.0,0.0,0,5.92
689808000,689808000,0.99999267,0.0016075216,0.00072435377,-0.004550227,0.0,0.0,0.0,0.0,0,5.94
689828000,689828000,0.9999928,0.0015840025,0.000620135,-0.0045426483,0.0,0.0,0.0,0.0,0,5.96
689848000,689848000,0.9999929,0.0015585701,0.00051560666,-0.004535177,0.0,0.0,0.0,0.0,0,5.98
689868000,689868000,0.999993,0.0015293187,0.00041262974,-0.004527936,0.0,0.0,0.0,0.0,0,6.0
689888000,689888000,0.99999315,0.0014983523,0.0003089828,-0.0045209345,0.0,0.0,0.0,0.0,0,6.02
689908000,689908000,0.99999326,0.0014640015,0.00020620803,-0.004514133,0.0,0.0,0.0,0.0,0,6.04
689928000,689928000,0.9999934,0.0014285265,0.00010202922,-0.0045072846,0.0,0.0,0.0,0.0,0,6.06
689948000,689948000,0.9999935,0.0013798985,8.359045e-06,-0.004499899,0.0,0.0,0.0,0.0,0,6.08
689968000,689968000,0.9999936,0.0013135753,-7.009843e-05,-0.004491976,0.0,0.0,0.0,0.0,0,6.1
689988000,689988000,0.99999374,0.0012323551,-0.00013803352,-0.004483851,0.0,0.0,0.0,0.0,0,6.12
690008000,690008000,0.99999386,0.0011399694,-0.00020807223,-0.0044760373,0.0,0.0,0.0,0.0,0,6.14
690028000,690028000,0.999994,0.0010460387,-0.00027900835,-0.0044686142,0.0,0.0,0.0,0.0,0,6.16
690048000,690048000,0.9999941,0.0009574208,-0.000346666,-0.00446157,0.0,0.0,0.0,0.0,0,6.18
690068000,690068000,0.99999416,0.00086730806,-0.00040437,-0.0044546626,0.0,0.0,0.0,0.0,0,6.2
690088000,690088000,0.9999943,0.00077639957,-0.00045656986,-0.0044478057,0.0,0.0,0.0,0.0,0,6.22
690108000,690108000,0.99999434,0.00068598817,-0.0005091351,-0.0044409977,0.0,0.0,0.0,0.0,0,6.24
690128000,690128000,0.9999944,0.00059645675,-0.00056396617,-0.0044342373,0.0,0.0,0.0,0.0,0,6.26
690148000,690148000,0.99999446,0.00050782337,-0.00062233815,-0.004427525,0.0,0.0,0.0,0.0,0,6.28
690168000,690168000,0.99999446,0.00042400608,-0.0006804652,-0.0044212234,0.0,0.0,0.0,0.0,0,6.3
690188000,690188000,0.99999446,0.00035045616,-0.0007333732,-0.004415226,0.0,0.0,0.0,0.0,0,6.32
690208000,690208000,0.99999446,0.00028054274,-0.0007841322,-0.004409599,0.0,0.0,0.0,0.0,0,6.34
690228000,690228000,0.9999945,0.00020952921,-0.0008254566,-0.004404602,0.0,0.0,0.0,0.0,0,6.36
690248000,690248000,0.9999945,0.00013827294,-0.00085767655,-0.004399809,0.0,0.0,0.0,0.0,0,6.38
690268000,690268000,0.9999945,6.8225345e-05,-0.0008845982,-0.0043951645,0.0,0.0,0.0,0.0,0,6.4
690288000,690288000,0.9999945,1.1734063e-06,-0.0009117147,-0.0043907817,0.0,0.0,0.0,0.0,0,6.42
690308000,690308000,0.9999945,-5.947682e-05,-0.0009299644,-0.0043869033,0.0,0.0,0.0,0.0,0,6.44
690328000,690328000,0.9999945,-0.00010798414,-0.00093619985,-0.004383792,0.0,0.0,0.0,0.0,0,6.46
690348000,690348000,0.9999945,-0.0001474295,-0.00094585837,-0.00438133,0.0,0.0,0.0,0.0,0,6.48
690368000,690368000,0.9999945,-0.00017377146,-0.0009538999,-0.0043795807,0.0,0.0,0.0,0.0,0,6.5
690388000,690388000,0.9999945,-0.00019090857,-0.0009603874,-0.004378087,0.0,0.0,0.0,0.0,0,6.52
690408000,690408000,0.99999446,-0.00020351623,-0.0009680506,-0.0043767123,0.0,0.0,0.0,0.0,0,6.54
690428000,690428000,0.99999446,-0.00021369598,-0.0009781881,-0.0043753954,0.0,0.0,0.0,0.0,0,6.56
690448000,690448000,0.99999446,-0.00022237349,-0.0009912626,-0.004374126,0.0,0.0,0.0,0.0,0,6.58
690468000,690468000,0.99999446,-0.00023324948,-0.0010042561,-0.0043732296,0.0,0.0,0.0,0.0,0,6.6
690488000,690488000,0.99999446,-0.00024795116,-0.0010152697,-0.0043725707,0.0,0.0,0.0,0.0,0,6.62
690508000,690508000,0.99999446,-0.00025999048,-0.0010207912,-0.004372494,0.0,0.0,0.0,0.0,0,6.64
690528000,690528000,0.99999446,-0.00027041216,-0.0010217953,-0.0043726335,0.0,0.0,0.0,0.0,0,6.66
690548000,690548000,0.99999446,-0.00027967137,-0.0010210114,-0.0043731895,0.0,0.0,0.0,0.0,0,6.68
690568000,690568000,0.99999446,-0.00028667093,-0.001011309,-0.004374399,0.0,0.0,0.0,0.0,0,6.7
690588000,690588000,0.99999446,-0.0002844367,-0.00099073,-0.0043764287,0.0,0.0,0.0,0.0,0,6.72
690608000,690608000,0.99999446,-0.0002683915,-0.0009589986,-0.004378923,0.0,0.0,0.0,0.0,0,6.74
690628000,690628000,0.9999946,-0.00024533353,-0.0008246676,-0.004381693,0.0,0.0,0.0,0.0,0,6.76
690648000,690648000,0.99998987,-0.00024613185,0.0031737073,-0.0043864576,0.0,0.0,0.0,0.0,0,6.78
690668000,690668000,0.9999121,-0.0002745945,0.012866917,-0.004395419,0.0,0.0,0.0,0.0,0,6.8
690688000,690688000,0.99971104,-0.00035579287,0.02382103,-0.004408036,0.0,0.0,0.0,0.0,0,6.82
690708000,690708000,0.99940485,-0.00044532452,0.034340777,-0.0044259992,0.0,0.0,0.0,0.0,0,6.84
690728000,690728000,0.9989812,-0.00053176173,0.045007505,-0.0044510174,0.0,0.0,0.0,0.0,0,6.86
690748000,690748000,0.9984457,-0.00064175663,0.055631198,-0.0044818916,0.0,0.0,0.0,0.0,0,6.88
690768000,690768000,0.9978372,-0.0007533795,0.065643094,-0.004519378,0.0,0.0,0.0,0.0,0,6.9
690788000,690788000,0.9971927,-0.0008685001,0.074794635,-0.0045635835,0.0,0.0,0.0,0.0,0,6.92
690808000,690808000,0.99653125,-0.0009721019,0.08314056,-0.0046155555,0.0,0.0,0.0,0.0,0,6.94
690828000,690828000,0.9958678,-0.0010555326,0.09073872,-0.0046759946,0.0,0.0,0.0,0.0,0,6.96
690848000,690848000,0.9952184,-0.0011347983,0.097599305,-0.004743536,0.0,0.0,0.0,0.0,0,6.98
690868000,690868000,0.994595,-0.0012009705,0.1037559,-0.0048187077,0.0,0.0,0.0,0.0,0,7.0
690888000,690888000,0.99400485,-0.0012557044,0.10926072,-0.00490064,0.0,0.0,0.0,0.0,0,7.02
690908000,690908000,0.9934515,-0.001306495,0.11417831,-0.0049876836,0.0,0.0,0.0,0.0,0,7.04
690928000,690928000,0.9929365,-0.0013424712,0.11856896,-0.0050808773,0.0,0.0,0.0,0.0,0,7.06
690948000,690948000,0.9924636,-0.0013675805,0.12245988,-0.0051791924,0.0,0.0,0.0,0.0,0,7.08
690968000,690968000,0.9920308,-0.0013922596,0.12591337,-0.0052807736,0.0,0.0,0.0,0.0,0,7.1
690988000,690988000,0.9916354,-0.0014095518,0.12898582,-0.0053855623,0.0,0.0,0.0,0.0,0,7.12
691008000,691008000,0.9912774,-0.0014188119,0.13170451,-0.0054928144,0.0,0.0,0.0,0.0,0,7.14
691028000,691028000,0.9909541,-0.0014230805,0.1341108,-0.0056013837,0.0,0.0,0.0,0.0,0,7.16
691048000,691048000,0.99063015,-0.0014156426,0.1364784,-0.0057127345,0.0,0.0,0.0,0.0,0,7.18
691068000,691068000,0.99012184,-0.0013366553,0.1401141,-0.0058359755,0.0,0.0,0.0,0.0,0,7.2
691088000,691088000,0.98922455,-0.0011313902,0.14631099,-0.0059794076,0.0,0.0,0.0,0.0,0,7.22
691108000,691108000,0.9878743,-0.00078242854,0.15516143,-0.0061463537,0.0,0.0,0.0,0.0,0,7.24
691128000,691128000,0.9861185,-0.00032240717,0.16594955,-0.0063332506,0.0,0.0,0.0,0.0,0,7.26
691148000,691148000,0.9839584,0.00025314747,0.1783033,-0.0065425034,0.0,0.0,0.0,0.0,0,7.28
691168000,691168000,0.98135996,0.00091909996,0.19208084,-0.0067716436,0.0,0.0,0.0,0.0,0,7.3
691188000,691188000,0.97830725,0.0016579044,0.20705555,-0.007019816,0.0,0.0,0.0,0.0,0,7.32
691208000,691208000,0.97486657,0.0024700344,0.22267698,-0.007290439,0.0,0.0,0.0,0.0,0,7.34
691228000,691228000,0.97120416,0.0032993464,0.2381246,-0.007576028,0.0,0.0,0.0,0.0,0,7.36
691248000,691248000,0.96749854,0.0041380296,0.252738,-0.007879402,0.0,0.0,0.0,0.0,0,7.38
691268000,691268000,0.96387565,0.0049511367,0.26619753,-0.008195237,0.0,0.0,0.0,0.0,0,7.4
691288000,691288000,0.96038043,0.005727126,0.27851945,-0.008520704,0.0,0.0,0.0,0.0,0,7.42
691308000,691308000,0.9570495,0.006475566,0.28973258,-0.0088593755,0.0,0.0,0.0,0.0,0,7.44
691328000,691328000,0.9539129,0.007168821,0.29987198,-0.009202693,0.0,0.0,0.0,0.0,0,7.46
691348000,691348000,0.950995,0.007832622,0.30897388,-0.009558206,0.0,0.0,0.0,0.0,0,7.48
691368000,691368000,0.9483102,0.008441855,0.3170919,-0.009917351,0.0,0.0,0.0,0.0,0,7.5
691388000,691388000,0.9458539,0.009026029,0.324318,-0.010288613,0.0,0.0,0.0,0.0,0,7.52
691408000,691408000,0.9436226,0.009573543,0.33072653,-0.010666633,0.0,0.0,0.0,0.0,0,7.54
691428000,691428000,0.9415986,0.010109933,0.33641744,-0.011058358,0.0,0.0,0.0,0.0,0,7.56
691448000,691448000,0.9397746,0.010618058,0.34145117,-0.011456009,0.0,0.0,0.0,0.0,0,7.58
691468000,691468000,0.9381357,0.011117205,0.3458991,-0.011864496,0.0,0.0,0.0,0.0,0,7.6
691488000,691488000,0.93667525,0.011601847,0.34980443,-0.012280426,0.0,0.0,0.0,0.0,0,7.62
691508000,691508000,0.9353788,0.012082429,0.3532254,-0.012706215,0.0,0.0,0.0,0.0,0,7.64
691528000,691528000,0.9342334,0.012559016,0.35621148,-0.013140674,0.0,0.0,0.0,0.0,0,7.66
691548000,691548000,0.93325776,0.013029669,0.35872665,-0.013583109,0.0,0.0,0.0,0.0,0,7.68
691568000,691568000,0.9325146,0.013494172,0.36061963,-0.014035564,0.0,0.0,0.0,0.0,0,7.7
691588000,691588000,0.9320705,0.013940467,0.36173084,-0.014495817,0.0,0.0,0.0,0.0,0,7.72
691608000,691608000,0.9319583,0.01437028,0.36198395,-0.014965068,0.0,0.0,0.0,0.0,0,7.74
691628000,691628000,0.93218726,0.014780907,0.36135724,-0.0154415965,0.0,0.0,0.0,0.0,0,7.76
691648000,691648000,0.93274903,0.015167254,0.3598677,-0.015922088,0.0,0.0,0.0,0.0,0,7.78
691668000,691668000,0.93362623,0.015530004,0.35754842,-0.01640446,0.0,0.0,0.0,0.0,0,7.8
691688000,691688000,0.9347987,0.015869936,0.354434,-0.01688646,0.0,0.0,0.0,0.0,0,7.82
691708000,691708000,0.93624794,0.016176479,0.35055074,-0.017361159,0.0,0.0,0.0,0.0,0,7.84
691728000,691728000,0.93794703,0.016461337,0.34594154,-0.017830797,0.0,0.0,0.0,0.0,0,7.86
691748000,691748000,0.9398813,0.016711244,0.34061486,-0.018288698,0.0,0.0,0.0,0.0,0,7.88
691768000,691768000,0.9420251,0.016941458,0.33460373,-0.018737597,0.0,0.0,0.0,0.0,0,7.9
691788000,691788000,0.9443632,0.017155943,0.32791036,-0.019176893,0.0,0.0,0.0,0.0,0,7.92
691808000,691808000,0.9468668,0.017333485,0.32057428,-0.019596385,0.0,0.0,0.0,0.0,0,7.94
691828000,691828000,0.9495101,0.017496495,0.31262365,-0.020001153,0.0,0.0,0.0,0.0,0,7.96
691848000,691848000,0.9522765,0.017615005,0.30406067,-0.020379357,0.0,0.0,0.0,0.0,0,7.98
691868000,691868000,0.9551371,0.01771608,0.29492107,-0.020736706,0.0,0.0,0.0,0.0,0,8.0
691888000,691888000,0.9580772,0.017767066,0.2851981,-0.021061717,0.0,0.0,0.0,0.0,0,8.02
691908000,691908000,0.9610589,0.017785458,0.27495903,-0.02135653,0.0,0.0,0.0,0.0,0,8.04
691928000,691928000,0.96406615,0.0177731,0.26420125,-0.021620011,0.0,0.0,0.0,0.0,0,8.06
691948000,691948000,0.9670724,0.017712926,0.2529605,-0.021845466,0.0,0.0,0.0,0.0,0,8.08
691968000,691968000,0.9700538,0.017636025,0.24126329,-0.022039162,0.0,0.0,0.0,0.0,0,8.1
691988000,691988000,0.97298783,0.017494112,0.2291408,-0.022187175,0.0,0.0,0.0,0.0,0,8.12
692008000,692008000,0.9758484,0.017334674,0.21663636,-0.022298753,0.0,0.0,0.0,0.0,0,8.14
692028000,692028000,0.9786181,0.017105447,0.2037724,-0.022361051,0.0,0.0,0.0,0.0,0,8.16
692048000,692048000,0.98126996,0.01685339,0.19061305,-0.022382397,0.0,0.0,0.0,0.0,0,8.18
692068000,692068000,0.98379344,0.016542953,0.17716129,-0.022355745,0.0,0.0,0.0,0.0,0,8.2
692088000,692088000,0.98616314,0.0161924,0.16350134,-0.022282694,0.0,0.0,0.0,0.0,0,8.22
692108000,692108000,0.9883703,0.015789174,0.14964212,-0.022161629,0.0,0.0,0.0,0.0,0,8.24
692128000,692128000,0.9903995,0.0153389005,0.13564305,-0.02199262,0.0,0.0,0.0,0.0,0,8.26
692148000,692148000,0.99224085,0.0148552535,0.12154117,-0.021777906,0.0,0.0,0.0,0.0,0,8.28
692168000,692168000,0.99388397,0.014302547,0.10740752,-0.021513807,0.0,0.0,0.0,0.0,0,8.3
692188000,692188000,0.9953257,0.013708076,0.093265206,-0.021204239,0.0,0.0,0.0,0.0,0,8.32
692208000,692208000,0.9965594,0.013043211,0.07920733,-0.02084657,0.0,0.0,0.0,0.0,0,8.34
692228000,692228000,0.9975869,0.0123568,0.06525835,-0.020446768,0.0,0.0,0.0,0.0,0,8.36
692248000,692248000,0.9984113,0.011608015,0.05146972,-0.02000363,0.0,0.0,0.0,0.0,0,8.38
692268000,692268000,0.9990375,0.0108513,0.037872136,-0.019522471,0.0,0.0,0.0,0.0,0,8.4
692288000,692288000,0.9994728,0.010033736,0.024524158,-0.019003442,0.0,0.0,0.0,0.0,0,8.42
692308000,692308000,0.9997265,0.009202048,0.011446289,-0.018451056,0.0,0.0,0.0,0.0,0,8.44
692328000,692328000,0.99980944,0.008319845,-0.0013084734,-0.017867312,0.0,0.0,0.0,0.0,0,8.46
692348000,692348000,0.9997338,0.007428246,-0.013729151,-0.017255263,0.0,0.0,0.0,0.0,0,8.48
692368000,692368000,0.99951327,0.0064993496,-0.025766952,-0.016618202,0.0,0.0,0.0,0.0,0,8.5
692388000,692388000,0.9991611,0.0055543417,-0.037423745,-0.015959611,0.0,0.0,0.0,0.0,0,8.52
692408000,692408000,0.99869233,0.0045804936,-0.04866365,-0.015283347,0.0,0.0,0.0,0.0,0,8.54
692428000,692428000,0.9981201,0.0035957396,-0.059493344,-0.014591419,0.0,0.0,0.0,0.0,0,8.56
692448000,692448000,0.9974598,0.0026073053,-0.06988089,-0.013886557,0.0,0.0,0.0,0.0,0,8.58
692468000,692468000,0.9967233,0.0016150959,-0.07984753,-0.013172158,0.0,0.0,0.0,0.0,0,8.6
692488000,692488000,0.9959254,0.00063703046,-0.089365825,-0.012449773,0.0,0.0,0.0,0.0,0,8.62
692508000,692508000,0.9950768,-0.00035040145,-0.09845686,-0.0117248995,0.0,0.0,0.0,0.0,0,8.64
692528000,692528000,0.9941935,-0.0013336646,-0.107079335,-0.010983619,0.0,0.0,0.0,0.0,0,8.66
692548000,692548000,0.9933757,-0.0034876443,-0.11443531,-0.010302677,0.0,0.0,0.0,0.0,0,8.68
692568000,692568000,0.99276006,-0.008702468,-0.11942088,-0.009973776,0.0,0.0,0.0,0.0,0,8.7
692588000,692588000,0.9921798,-0.016995072,-0.12327078,-0.0101884445,0.0,0.0,0.0,0.0,0,8.72
692608000,692608000,0.9914696,-0.02748122,-0.12696342,-0.011053852,0.0,0.0,0.0,0.0,0,8.74
692628000,692628000,0.990602,-0.039145425,-0.13047977,-0.0126271,0.0,0.0,0.0,0.0,0,8.76
692648000,692648000,0.9895837,-0.051452737,-0.13364567,-0.014989153,0.0,0.0,0.0,0.0,0,8.78
692668000,692668000,0.9884129,-0.064008,-0.13645902,-0.018191207,0.0,0.0,0.0,0.0,0,8.8
692688000,692688000,0.9870881,-0.0765228,-0.13897958,-0.022251176,0.0,0.0,0.0,0.0,0,8.82
692708000,692708000,0.98563826,-0.08870147,-0.1411417,-0.02715605,0.0,0.0,0.0,0.0,0,8.84
692728000,692728000,0.9840909,-0.10023087,-0.14299755,-0.032857485,0.0,0.0,0.0,0.0,0,8.86
692748000,692748000,0.98246324,-0.110925615,-0.14465922,-0.039297972,0.0,0.0,0.0,0.0,0,8.88
692768000,692768000,0.98079467,-0.12054258,-0.1461771,-0.046396498,0.0,0.0,0.0,0.0,0,8.9
692788000,692788000,0.9791295,-0.12881558,-0.14764951,-0.054043815,0.0,0.0,0.0,0.0,0,8.92
692808000,692808000,0.97750604,-0.1355924,-0.14914739,-0.0621352,0.0,0.0,0.0,0.0,0,8.94
692828000,692828000,0.97596335,-0.1407485,-0.15071623,-0.07056281,0.0,0.0,0.0,0.0,0,8.96
692848000,692848000,0.97452843,-0.14418969,-0.15244319,-0.07920788,0.0,0.0,0.0,0.0,0,8.98
692868000,692868000,0.97322035,-0.1458519,-0.15441306,-0.08794923,0.0,0.0,0.0,0.0,0,9.0
692888000,692888000,0.97205466,-0.14569196,-0.15667783,-0.09666821,0.0,0.0,0.0,0.0,0,9.02
692908000,692908000,0.9710392,-0.14368874,-0.15927526,-0.10524733,0.0,0.0,0.0,0.0,0,9.04
692928000,692928000,0.97017056,-0.13986972,-0.16221839,-0.113577366,0.0,0.0,0.0,0.0,0,9.06
692948000,692948000,0.9694354,-0.13429317,-0.16551165,-0.121554084,0.0,0.0,0.0,0.0,0,9.08
692968000,692968000,0.9688185,-0.12704167,-0.16910765,-0.12908457,0.0,0.0,0.0,0.0,0,9.1
692988000,692988000,0.96829313,-0.118243195,-0.17296714,-0.13608232,0.0,0.0,0.0,0.0,0,9.12
693008000,693008000,0.9678407,-0.10803019,-0.17698616,-0.14247426,0.0,0.0,0.0,0.0,0,9.14
693028000,693028000,0.9674293,-0.096592,-0.18110207,-0.14819477,0.0,0.0,0.0,0.0,0,9.16
693048000,693048000,0.9670446,-0.08407348,-0.18520346,-0.15318362,0.0,0.0,0.0,0.0,0,9.18
693068000,693068000,0.9666658,-0.07070709,-0.18918686,-0.1574012,0.0,0.0,0.0,0.0,0,9.2
693088000,693088000,0.96628106,-0.05665361,-0.1929859,-0.1608007,0.0,0.0,0.0,0.0,0,9.22
693108000,693108000,0.9658895,-0.042119045,-0.19648528,-0.16335885,0.0,0.0,0.0,0.0,0,9.24
693128000,693128000,0.9654835,-0.027298076,-0.19965613,-0.1650545,0.0,0.0,0.0,0.0,0,9.26
693148000,693148000,0.96507233,-0.012355644,-0.20242684,-0.16587716,0.0,0.0,0.0,0.0,0,9.28
693168000,693168000,0.96466464,0.0024937447,-0.20474735,-0.16584188,0.0,0.0,0.0,0.0,0,9.3
693188000,693188000,0.9642653,0.01709881,-0.20663238,-0.16496122,0.0,0.0,0.0,0.0,0,9.32
693208000,693208000,0.9638926,0.031324375,-0.20805481,-0.163255,0.0,0.0,0.0,0.0,0,9.34
693228000,693228000,0.9635631,0.044990677,-0.20901555,-0.1607596,0.0,0.0,0.0,0.0,0,9.36
693248000,693248000,0.9632909,0.057980567,-0.20954652,-0.1575062,0.0,0.0,0.0,0.0,0,9.38
693268000,693268000,0.9630983,0.07015295,-0.20965454,-0.15353931,0.0,0.0,0.0,0.0,0,9.4
693288000,693288000,0.9629979,0.081355385,-0.20940362,-0.14891475,0.0,0.0,0.0,0.0,0,9.42
693308000,693308000,0.96301126,0.09151324,-0.20880906,-0.14367512,0.0,0.0,0.0,0.0,0,9.44
693328000,693328000,0.96316415,0.10053509,-0.20786525,-0.13787194,0.0,0.0,0.0,0.0,0,9.46
693348000,693348000,0.9634658,0.10835314,-0.20662326,-0.13156453,0.0,0.0,0.0,0.0,0,9.48
693368000,693368000,0.96392167,0.114948936,-0.20511912,-0.124808006,0.0,0.0,0.0,0.0,0,9.5
693388000,693388000,0.9645366,0.12028883,-0.20338076,-0.11766522,0.0,0.0,0.0,0.0,0,9.52
693408000,693408000,0.9653003,0.124375425,-0.20147304,-0.1101989,0.0,0.0,0.0,0.0,0,9.54
693428000,693428000,0.9662025,0.12721968,-0.19944079,-0.102471516,0.0,0.0,0.0,0.0,0,9.56
693448000,693448000,0.9672304,0.12883514,-0.19732413,-0.09454705,0.0,0.0,0.0,0.0,0,9.58
693468000,693468000,0.9683645,0.12927051,-0.1951644,-0.08648309,0.0,0.0,0.0,0.0,0,9.6
693488000,693488000,0.96958476,0.1285917,-0.19298375,-0.07833259,0.0,0.0,0.0,0.0,0,9.62
693508000,693508000,0.9708676,0.12687014,-0.19080977,-0.07014873,0.0,0.0,0.0,0.0,0,9.64
693528000,693528000,0.9721879,0.124190815,-0.18866551,-0.061981916,0.0,0.0,0.0,0.0,0,9.66
693548000,693548000,0.97352564,0.1206499,-0.1865421,-0.05387582,0.0,0.0,0.0,0.0,0,9.68
693568000,693568000,0.9748585,0.11634632,-0.18444243,-0.045874942,0.0,0.0,0.0,0.0,0,9.7
693588000,693588000,0.97616863,0.111383356,-0.18235184,-0.03801971,0.0,0.0,0.0,0.0,0,9.72
693608000,693608000,0.9774393,0.10585316,-0.18026479,-0.030351747,0.0,0.0,0.0,0.0,0,9.74
693628000,693628000,0.9786576,0.09986005,-0.17816168,-0.022906933,0.0,0.0,0.0,0.0,0,9.76
693648000,693648000,0.97981364,0.09350178,-0.17602447,-0.01572026,0.0,0.0,0.0,0.0,0,9.78
693668000,693668000,0.98090124,0.08687812,-0.17382798,-0.0088226795,0.0,0.0,0.0,0.0,0,9.8
693688000,693688000,0.98191625,0.08007245,-0.17156042,-0.0022456024,0.0,0.0,0.0,0.0,0,9.82
693708000,693708000,0.98285633,0.07318218,-0.16920717,0.003986191,0.0,0.0,0.0,0.0,0,9.84
693728000,693728000,0.98372376,0.06628965,-0.16674927,0.009850156,0.0,0.0,0.0,0.0,0,9.86
693748000,693748000,0.9845245,0.05948079,-0.16415751,0.015328981,0.0,0.0,0.0,0.0,0,9.88
693768000,693768000,0.98526096,0.05281571,-0.16144386,0.020402458,0.0,0.0,0.0,0.0,0,9.9
693788000,693788000,0.9859402,0.046350714,-0.1586027,0.025055524,0.0,0.0,0.0,0.0,0,9.92
693808000,693808000,0.98656887,0.040149894,-0.15563346,0.029278664,0.0,0.0,0.0,0.0,0,9.94
693828000,693828000,0.987156,0.03426104,-0.152529,0.033064205,0.0,0.0,0.0,0.0,0,9.96
693848000,693848000,0.98770845,0.028725602,-0.14929995,0.03640699,0.0,0.0,0.0,0.0,0,9.98
693868000,693868000,0.9882342,0.023580704,-0.14594957,0.03930533,0.0,0.0,0.0,0.0,0,10.0
693888000,693888000,0.9887422,0.018861102,-0.14247179,0.041761514,0.0,0.0,0.0,0.0,0,10.02
693908000,693908000,0.9892373,0.014584429,-0.13888672,0.04377762,0.0,0.0,0.0,0.0,0,10.04
693928000,693928000,0.989724,0.010758553,-0.13521294,0.04535768,0.0,0.0,0.0,0.0,0,10.06
693948000,693948000,0.990207,0.0073920023,-0.13145855,0.046509568,0.0,0.0,0.0,0.0,0,10.08
693968000,693968000,0.99069095,0.0044892672,-0.12762614,0.047243536,0.0,0.0,0.0,0.0,0,10.1
693988000,693988000,0.9911773,0.0020543407,-0.12373024,0.047573175,0.0,0.0,0.0,0.0,0,10.12
694008000,694008000,0.99166715,7.350023e-05,-0.11978303,0.047512077,0.0,0.0,0.0,0.0,0,10.14
694028000,694028000,0.99216115,-0.0014642678,-0.115788646,0.04707673,0.0,0.0,0.0,0.0,0,10.16
694048000,694048000,0.9926565,-0.0025776215,-0.111772984,0.04628421,0.0,0.0,0.0,0.0,0,10.18
694068000,694068000,0.99315315,-0.0032949357,-0.10773281,0.045152567,0.0,0.0,0.0,0.0,0,10.2
694088000,694088000,0.9936477,-0.0036340654,-0.10368331,0.043702174,0.0,0.0,0.0,0.0,0,10.22
694108000,694108000,0.9941371,-0.003631128,-0.099635705,0.041953046,0.0,0.0,0.0,0.0,0,10.24
694128000,694128000,0.9946181,-0.003310756,-0.095597126,0.039927315,0.0,0.0,0.0,0.0,0,10.26
694148000,694148000,0.99508697,-0.0027089769,-0.0915769,0.037647326,0.0,0.0,0.0,0.0,0,10.28
694168000,694168000,0.9955406,-0.0018516004,-0.087578475,0.035136666,0.0,0.0,0.0,0.0,0,10.3
694188000,694188000,0.99597514,-0.0007649436,-0.08361234,0.032419395,0.0,0.0,0.0,0.0,0,10.32
694208000,694208000,0.9963883,0.0005139826,-0.07967315,0.029518915,0.0,0.0,0.0,0.0,0,10.34
694228000,694228000,0.99677557,0.0019578533,-0.07578673,0.026459992,0.0,0.0,0.0,0.0,0,10.36
694248000,694248000,0.997135,0.0035287861,-0.07195239,0.02326601,0.0,0.0,0.0,0.0,0,10.38
694268000,694268000,0.9974641,0.005200354,-0.06818338,0.019961001,0.0,0.0,0.0,0.0,0,10.4
694288000,694288000,0.9977628,0.0069291554,-0.06446666,0.016567482,0.0,0.0,0.0,0.0,0,10.42
694308000,694308000,0.99802923,0.008700867,-0.06082093,0.013109373,0.0,0.0,0.0,0.0,0,10.44
694328000,694328000,0.9982635,0.010476479,-0.057245873,0.009608251,0.0,0.0,0.0,0.0,0,10.46
694348000,694348000,0.9984659,0.012238115,-0.053741712,0.006086523,0.0,0.0,0.0,0.0,0,10.48
694368000,694368000,0.99863756,0.013952421,-0.050308064,0.0025645846,0.0,0.0,0.0,0.0,0,10.5
694388000,694388000,0.9987787,0.015617016,-0.046962228,-0.00093664875,0.0,0.0,0.0,0.0,0,10.52
694408000,694408000,0.9988916,0.017198117,-0.043698806,-0.004398377,0.0,0.0,0.0,0.0,0,10.54
694428000,694428000,0.998978,0.018691577,-0.040518124,-0.0078021334,0.0,0.0,0.0,0.0,0,10.56
694448000,694448000,0.9990406,0.020072885,-0.03741814,-0.011131536,0.0,0.0,0.0,0.0,0,10.58
694468000,694468000,0.9990813,0.021336343,-0.034407318,-0.014370824,0.0,0.0,0.0,0.0,0,10.6
694488000,694488000,0.99910283,0.022468971,-0.031485673,-0.017505681,0.0,0.0,0.0,0.0,0,10.62
694508000,694508000,0.99910706,0.023480203,-0.028663978,-0.02052295,0.0,0.0,0.0,0.0,0,10.64
694528000,694528000,0.99909776,0.024347365,-0.02592131,-0.023410551,0.0,0.0,0.0,0.0,0,10.66
694548000,694548000,0.99907666,0.025080955,-0.023272129,-0.026158174,0.0,0.0,0.0,0.0,0,10.68
694568000,694568000,0.9990464,0.025677698,-0.020715443,-0.028756732,0.0,0.0,0.0,0.0,0,10.7
694588000,694588000,0.99900895,0.026140768,-0.018262578,-0.031198526,0.0,0.0,0.0,0.0,0,10.72
694608000,694608000,0.99896705,0.026464142,-0.0159012,-0.03347697,0.0,0.0,0.0,0.0,0,10.74
694628000,694628000,0.9989228,0.026645135,-0.013634565,-0.035586957,0.0,0.0,0.0,0.0,0,10.76
694648000,694648000,0.99887806,0.026692122,-0.011453823,-0.037524275,0.0,0.0,0.0,0.0,0,10.78
694668000,694668000,0.99883425,0.026609987,-0.009369026,-0.039285958,0.0,0.0,0.0,0.0,0,10.8
694688000,694688000,0.9987926,0.026412297,-0.007382152,-0.04087022,0.0,0.0,0.0,0.0,0,10.82
694708000,694708000,0.9987544,0.026101913,-0.0054873703,-0.04227668,0.0,0.0,0.0,0.0,0,10.84
694728000,694728000,0.99872077,0.02568616,-0.003675391,-0.043505225,0.0,0.0,0.0,0.0,0,10.86
694748000,694748000,0.9986927,0.025158912,-0.0019387819,-0.04455686,0.0,0.0,0.0,0.0,0,10.88
694768000,694768000,0.9986705,0.024536315,-0.00028612142,-0.045433562,0.0,0.0,0.0,0.0,0,10.9
694788000,694788000,0.99865466,0.023822641,0.0012693431,-0.046138782,0.0,0.0,0.0,0.0,0,10.92
694808000,694808000,0.99864537,0.023030862,0.002729235,-0.046676107,0.0,0.0,0.0,0.0,0,10.94
694828000,694828000,0.9986425,0.022174492,0.004112237,-0.047049645,0.0,0.0,0.0,0.0,0,10.96
694848000,694848000,0.998646,0.021258974,0.0054141358,-0.047264833,0.0,0.0,0.0,0.0,0,10.98
694868000,694868000,0.99865586,0.020291023,0.006633357,-0.047327332,0.0,0.0,0.0,0.0,0,11.0
694888000,694888000,0.99867165,0.019279413,0.0077697136,-0.047243312,0.0,0.0,0.0,0.0,0,11.02
694908000,694908000,0.9986931,0.01823025,0.008829336,-0.047019493,0.0,0.0,0.0,0.0,0,11.04
694928000,694928000,0.9987199,0.017145133,0.009813615,-0.04666296,0.0,0.0,0.0,0.0,0,11.06
694948000,694948000,0.99875116,0.016041521,0.010731995,-0.04618109,0.0,0.0,0.0,0.0,0,11.08
694968000,694968000,0.9987867,0.01491767,0.0115780905,-0.045581643,0.0,0.0,0.0,0.0,0,11.1
694988000,694988000,0.9988259,0.013777374,0.012348201,-0.044872697,0.0,0.0,0.0,0.0,0,11.12
695008000,695008000,0.99886817,0.012628646,0.013057499,-0.044062193,0.0,0.0,0.0,0.0,0,11.14
695028000,695028000,0.9989131,0.011469807,0.013694966,-0.04315834,0.0,0.0,0.0,0.0,0,11.16
695048000,695048000,0.99895996,0.0103100585,0.014265953,-0.04216958,0.0,0.0,0.0,0.0,0,11.18
695068000,695068000,0.9990082,0.009155452,0.014778912,-0.041104168,0.0,0.0,0.0,0.0,0,11.2
695088000,695088000,0.9990571,0.008011658,0.015236632,-0.039970648,0.0,0.0,0.0,0.0,0,11.22
695108000,695108000,0.9991064,0.006881134,0.015633456,-0.038777344,0.0,0.0,0.0,0.0,0,11.24
695128000,695128000,0.99915564,0.0057689683,0.0159719,-0.037532564,0.0,0.0,0.0,0.0,0,11.26
695148000,695148000,0.9992043,0.0046747164,0.01626087,-0.036244415,0.0,0.0,0.0,0.0,0,11.28
695168000,695168000,0.99925196,0.0036055616,0.016495474,-0.03492097,0.0,0.0,0.0,0.0,0,11.3
695188000,695188000,0.99929845,0.002560551,0.01668004,-0.033569843,0.0,0.0,0.0,0.0,0,11.32
695208000,695208000,0.99934334,0.0015459236,0.01681991,-0.032198206,0.0,0.0,0.0,0.0,0,11.34
695228000,695228000,0.99938637,0.0005585101,0.01691858,-0.030813253,0.0,0.0,0.0,0.0,0,11.36
695248000,695248000,0.9994274,-0.00039294333,0.016976831,-0.02942226,0.0,0.0,0.0,0.0,0,11.38
695268000,695268000,0.99946606,-0.0013092991,0.017004428,-0.028031759,0.0,0.0,0.0,0.0,0,11.4
695288000,695288000,0.99950266,-0.0021918041,0.016989633,-0.026647652,0.0,0.0,0.0,0.0,0,11.42
695308000,695308000,0.999537,-0.0030430157,0.016934758,-0.025276018,0.0,0.0,0.0,0.0,0,11.44
695328000,695328000,0.99956894,-0.0038532629,0.016849704,-0.023922665,0.0,0.0,0.0,0.0,0,11.46
695348000,695348000,0.9995984,-0.0046230606,0.016744735,-0.022592831,0.0,0.0,0.0,0.0,0,11.48
695368000,695368000,0.99962544,-0.0053561153,0.016614247,-0.021291457,0.0,0.0,0.0,0.0,0,11.5
695388000,695388000,0.9996502,-0.006054211,0.016464084,-0.020023039,0.0,0.0,0.0,0.0,0,11.52
695408000,695408000,0.99967253,-0.0067085424,0.016302386,-0.018792214,0.0,0.0,0.0,0.0,0,11.54
695428000,695428000,0.9996927,-0.0073280777,0.016127866,-0.017602298,0.0,0.0,0.0,0.0,0,11.56
695448000,695448000,0.9997109,-0.007913948,0.015930954,-0.016456528,0.0,0.0,0.0,0.0,0,11.58
695468000,695468000,0.99972725,-0.008461852,0.015719462,-0.015358263,0.0,0.0,0.0,0.0,0,11.6
695488000,695488000,0.99974185,-0.008973139,0.015493648,-0.014309979,0.0,0.0,0.0,0.0,0,11.62
695508000,695508000,0.99975497,-0.009454772,0.0152456025,-0.013313999,0.0,0.0,0.0,0.0,0,11.64
695528000,695528000,0.9997668,-0.009896829,0.014979876,-0.012372186,0.0,0.0,0.0,0.0,0,11.66
695548000,695548000,0.99977726,-0.010297321,0.014714806,-0.011486304,0.0,0.0,0.0,0.0,0,11.68
695568000,695568000,0.9997867,-0.01066428,0.01443731,-0.010657471,0.0,0.0,0.0,0.0,0,11.7
695588000,695588000,0.9997951,-0.010997474,0.014147632,-0.009886709,0.0,0.0,0.0,0.0,0,11.72
695608000,695608000,0.99980277,-0.011294848,0.013850185,-0.009174601,0.0,0.0,0.0,0.0,0,11.74
695628000,695628000,0.99980974,-0.011558264,0.01354231,-0.008521053,0.0,0.0,0.0,0.0,0,11.76
695648000,695648000,0.99981624,-0.011788497,0.0132230725,-0.007925612,0.0,0.0,0.0,0.0,0,11.78
695668000,695668000,0.99982226,-0.011987701,0.012895599,-0.0073878476,0.0,0.0,0.0,0.0,0,11.8
695688000,695688000,0.9998279,-0.012155047,0.01255867,-0.0069073597,0.0,0.0,0.0,0.0,0,11.82
695708000,695708000,0.9998333,-0.012295004,0.012217898,-0.0064836745,0.0,0.0,0.0,0.0,0,11.84
695728000,695728000,0.9998384,-0.012405523,0.011871023,-0.0061160806,0.0,0.0,0.0,0.0,0,11.86
695748000,695748000,0.99984324,-0.012494228,0.01152672,-0.0058035916,0.0,0.0,0.0,0.0,0,11.88
695768000,695768000,0.9998478,-0.012557125,0.011180939,-0.005544999,0.0,0.0,0.0,0.0,0,11.9
695788000,695788000,0.9998523,-0.012597115,0.010830416,-0.0053385235,0.0,0.0,0.0,0.0,0,11.92
695808000,695808000,0.99985665,-0.012620388,0.010472217,-0.005182276,0.0,0.0,0.0,0.0,0,11.94
695828000,695828000,0.9998609,-0.012622856,0.010110313,-0.005074383,0.0,0.0,0.0,0.0,0,11.96
695848000,695848000,0.99986494,-0.012608959,0.009751198,-0.005012879,0.0,0.0,0.0,0.0,0,11.98
695868000,695868000,0.99986875,-0.012580558,0.0094003845,-0.0049955724,0.0,0.0,0.0,0.0,0,12.0
695888000,695888000,0.99987245,-0.012530039,0.009051693,-0.005020663,0.0,0.0,0.0,0.0,0,12.02
695908000,695908000,0.9998762,-0.012459166,0.0086945165,-0.005085407,0.0,0.0,0.0,0.0,0,12.04
695928000,695928000,0.9998797,-0.0123768775,0.008337608,-0.005187363,0.0,0.0,0.0,0.0,0,12.06
695948000,695948000,0.9998831,-0.012279573,0.00798494,-0.005324233,0.0,0.0,0.0,0.0,0,12.08
695968000,695968000,0.99988645,-0.012160944,0.007626808,-0.005493049,0.0,0.0,0.0,0.0,0,12.1
695988000,695988000,0.99988955,-0.012025528,0.007277136,-0.005691561,0.0,0.0,0.0,0.0,0,12.12
696008000,696008000,0.9998925,-0.01187283,0.0069399583,-0.0059172036,0.0,0.0,0.0,0.0,0,12.14
696028000,696028000,0.99989516,-0.011709061,0.0066038687,-0.0061671888,0.0,0.0,0.0,0.0,0,12.16
696048000,696048000,0.9998976,-0.011539136,0.006267057,-0.006438768,0.0,0.0,0.0,0.0,0,12.18
696068000,696068000,0.99989974,-0.011367242,0.00592884,-0.006729597,0.0,0.0,0.0,0.0,0,12.2
696088000,696088000,0.99990153,-0.011194222,0.005588612,-0.0070373067,0.0,0.0,0.0,0.0,0,12.22
696108000,696108000,0.9999029,-0.011025685,0.005247153,-0.0073593366,0.0,0.0,0.0,0.0,0,12.24
696128000,696128000,0.9999039,-0.010861137,0.0049096965,-0.0076937634,0.0,0.0,0.0,0.0,0,12.26
696148000,696148000,0.9999046,-0.010694922,0.0045737308,-0.008037947,0.0,0.0,0.0,0.0,0,12.28
696168000,696168000,0.99990493,-0.01052603,0.004245005,-0.008389875,0.0,0.0,0.0,0.0,0,12.3
696188000,696188000,0.999905,-0.010353766,0.0039221537,-0.0087471325,0.0,0.0,0.0,0.0,0,12.32
696208000,696208000,0.99990475,-0.010182341,0.0036038482,-0.00910782,0.0,0.0,0.0,0.0,0,12.34
696228000,696228000,0.9999042,-0.010012128,0.0032866325,-0.009469582,0.0,0.0,0.0,0.0,0,12.36
696248000,696248000,0.99990326,-0.009849052,0.0029787393,-0.00983066,0.0,0.0,0.0,0.0,0,12.38
696268000,696268000,0.99990207,-0.00969738,0.0026754676,-0.010189093,0.0,0.0,0.0,0.0,0,12.4
696288000,696288000,0.9999006,-0.009551614,0.0023658965,-0.010542898,0.0,0.0,0.0,0.0,0,12.42
696308000,696308000,0.99989885,-0.009411506,0.0020486552,-0.010890192,0.0,0.0,0.0,0.0,0,12.44
696328000,696328000,0.99989694,-0.009276932,0.0017419836,-0.011229466,0.0,0.0,0.0,0.0,0,12.46
696348000,696348000,0.99989486,-0.009147003,0.0014528781,-0.011559134,0.0,0.0,0.0,0.0,0,12.48
696368000,696368000,0.99989265,-0.009016922,0.0011713883,-0.01187835,0.0,0.0,0.0,0.0,0,12.5
696388000,696388000,0.9998904,-0.008890325,0.00088745065,-0.012186044,0.0,0.0,0.0,0.0,0,12.52
696408000,696408000,0.999888,-0.008771757,0.000594709,-0.012480307,0.0,0.0,0.0,0.0,0,12.54
696428000,696428000,0.9998856,-0.008658432,0.0002991375,-0.012760187,0.0,0.0,0.0,0.0,0,12.56
696448000,696448000,0.9998832,-0.008550017,1.7562517e-05,-0.013025142,0.0,0.0,0.0,0.0,0,12.58
696468000,696468000,0.9998808,-0.008441354,-0.00025033246,-0.013274956,0.0,0.0,0.0,0.0,0,12.6
696488000,696488000,0.9998784,-0.008336099,-0.00051749765,-0.013508547,0.0,0.0,0.0,0.0,0,12.62
696508000,696508000,0.9998761,-0.008242018,-0.00077482045,-0.013725307,0.0,0.0,0.0,0.0,0,12.64
696528000,696528000,0.9998738,-0.0081526805,-0.0010239067,-0.013924759,0.0,0.0,0.0,0.0,0,12.66
696548000,696548000,0.99987173,-0.008063004,-0.0012683693,-0.014106761,0.0,0.0,0.0,0.0,0,12.68
696568000,696568000,0.9998698,-0.007970757,-0.0015085455,-0.014271341,0.0,0.0,0.0,0.0,0,12.7
696588000,696588000,0.99986804,-0.00787811,-0.0017418612,-0.0144182695,0.0,0.0,0.0,0.0,0,12.72
696608000,696608000,0.9998664,-0.007792312,-0.0019595583,-0.014547488,0.0,0.0,0.0,0.0,0,12.74
696628000,696628000,0.999865,-0.007710602,-0.0021654216,-0.014659423,0.0,0.0,0.0,0.0,0,12.76
696648000,696648000,0.9998638,-0.0076299007,-0.002364981,-0.014754125,0.0,0.0,0.0,0.0,0,12.78
696668000,696668000,0.9998628,-0.0075491616,-0.0025620435,-0.014831635,0.0,0.0,0.0,0.0,0,12.8
696688000,696688000,0.999862,-0.0074670957,-0.0027472128,-0.014892125,0.0,0.0,0.0,0.0,0,12.82
696708000,696708000,0.99986136,-0.0073949597,-0.0029231557,-0.014935901,0.0,0.0,0.0,0.0,0,12.84
696728000,696728000,0.99986094,-0.0073315674,-0.003087802,-0.014962831,0.0,0.0,0.0,0.0,0,12.86
696748000,696748000,0.9998607,-0.0072752414,-0.0032394873,-0.014973456,0.0,0.0,0.0,0.0,0,12.88
696768000,696768000,0.99986076,-0.007221555,-0.0033686566,-0.014968347,0.0,0.0,0.0,0.0,0,12.9
696788000,696788000,0.99986094,-0.00717695,-0.003493552,-0.014947953,0.0,0.0,0.0,0.0,0,12.92
696808000,696808000,0.9998613,-0.007141187,-0.0036218183,-0.014912607,0.0,0.0,0.0,0.0,0,12.94
696828000,696828000,0.9998619,-0.0070997337,-0.0037410152,-0.0148630245,0.0,0.0,0.0,0.0,0,12.96
696848000,696848000,0.99986273,-0.0070568006,-0.0038420549,-0.0148002505,0.0,0.0,0.0,0.0,0,12.98
696868000,696868000,0.9998638,-0.0070176804,-0.0039260793,-0.014724696,0.0,0.0,0.0,0.0,0,13.0
696888000,696888000,0.99986506,-0.006980602,-0.0040023727,-0.014636898,0.0,0.0,0.0,0.0,0,13.02
696908000,696908000,0.9998665,-0.006942974,-0.0040746536,-0.0145374695,0.0,0.0,0.0,0.0,0,13.04
696928000,696928000,0.99986804,-0.0069078724,-0.0041478705,-0.014426733,0.0,0.0,0.0,0.0,0,13.06
696948000,696948000,0.99986976,-0.006872203,-0.004207655,-0.014305514,0.0,0.0,0.0,0.0,0,13.08
696968000,696968000,0.99987155,-0.0068492456,-0.004255099,-0.014174748,0.0,0.0,0.0,0.0,0,13.1
696988000,696988000,0.99987346,-0.0068365773,-0.0042945966,-0.014035698,0.0,0.0,0.0,0.0,0,13.12
697008000,697008000,0.9998755,-0.0068202275,-0.004323309,-0.013888879,0.0,0.0,0.0,0.0,0,13.14
697028000,697028000,0.9998777,-0.006795817,-0.0043418445,-0.013734643,0.0,0.0,0.0,0.0,0,13.16
697048000,697048000,0.99988,-0.0067704055,-0.004361094,-0.013573889,0.0,0.0,0.0,0.0,0,13.18
697068000,697068000,0.99988234,-0.0067456965,-0.004380858,-0.013407701,0.0,0.0,0.0,0.0,0,13.2
697088000,697088000,0.9998847,-0.0067173787,-0.0043913,-0.013236875,0.0,0.0,0.0,0.0,0,13.22
697108000,697108000,0.99988717,-0.0066844216,-0.00440965,-0.013062243,0.0,0.0,0.0,0.0,0,13.24
697128000,697128000,0.9998896,-0.0066550868,-0.0044234693,-0.012884206,0.0,0.0,0.0,0.0,0,13.26
697148000,697148000,0.9998922,-0.0066223294,-0.00441818,-0.012704066,0.0,0.0,0.0,0.0,0,13.28
697168000,697168000,0.9998948,-0.006583459,-0.004400101,-0.012522272,0.0,0.0,0.0,0.0,0,13.3
697188000,697188000,0.99989736,-0.006551447,-0.004386662,-0.012339409,0.0,0.0,0.0,0.0,0,13.32
697208000,697208000,0.9998998,-0.0065262504,-0.0043788576,-0.012156111,0.0,0.0,0.0,0.0,0,13.34
697228000,697228000,0.99990225,-0.006498762,-0.0043641864,-0.011973145,0.0,0.0,0.0,0.0,0,13.36
697248000,697248000,0.99990475,-0.006459725,-0.0043374537,-0.011790487,0.0,0.0,0.0,0.0,0,13.38
697268000,697268000,0.9999074,-0.0064090844,-0.004298798,-0.01160858,0.0,0.0,0.0,0.0,0,13.4
697288000,697288000,0.99991,-0.0063593686,-0.004256207,-0.011428231,0.0,0.0,0.0,0.0,0,13.42
697308000,697308000,0.99991244,-0.0063208267,-0.0042085247,-0.0112497145,0.0,0.0,0.0,0.0,0,13.44
697328000,697328000,0.9999149,-0.0062826816,-0.004152435,-0.011073425,0.0,0.0,0.0,0.0,0,13.46
697348000,697348000,0.9999174,-0.006237099,-0.0040789065,-0.010899904,0.0,0.0,0.0,0.0,0,13.48
697368000,697368000,0.99991983,-0.0061957804,-0.0039873943,-0.010730174,0.0,0.0,0.0,0.0,0,13.5
697388000,697388000,0.9999222,-0.0061619733,-0.003890719,-0.010564233,0.0,0.0,0.0,0.0,0,13.52
697408000,697408000,0.9999245,-0.006121952,-0.0038061305,-0.010402026,0.0,0.0,0.0,0.0,0,13.54
697428000,697428000,0.9999267,-0.006076406,-0.0037272219,-0.010243999,0.0,0.0,0.0,0.0,0,13.56
697448000,697448000,0.99992883,-0.006031186,-0.003630755,-0.010090613,0.0,0.0,0.0,0.0,0,13.58
697468000,697468000,0.99993104,-0.0059794863,-0.0035228676,-0.0099416375,0.0,0.0,0.0,0.0,0,13.6
697488000,697488000,0.99993324,-0.0059112627,-0.0034196342,-0.009796906,0.0,0.0,0.0,0.0,0,13.62
697508000,697508000,0.99993545,-0.0058294227,-0.003309059,-0.009656985,0.0,0.0,0.0,0.0,0,13.64
697528000,697528000,0.9999376,-0.005744,-0.0031932385,-0.009522253,0.0,0.0,0.0,0.0,0,13.66
697548000,697548000,0.99993974,-0.005652133,-0.0030803124,-0.009393431,0.0,0.0,0.0,0.0,0,13.68
697568000,697568000,0.99994177,-0.005550909,-0.0029630025,-0.009270461,0.0,0.0,0.0,0.0,0,13.7
697588000,697588000,0.9999438,-0.0054436685,-0.0028432063,-0.009153595,0.0,0.0,0.0,0.0,0,13.72
697608000,697608000,0.9999457,-0.0053382027,-0.0027272713,-0.009042947,0.0,0.0,0.0,0.0,0,13.74
697628000,697628000,0.99994755,-0.005231158,-0.002606862,-0.008938356,0.0,0.0,0.0,0.0,0,13.76
697648000,697648000,0.9999493,-0.0051231715,-0.0024845654,-0.008839908,0.0,0.0,0.0,0.0,0,13.78
697668000,697668000,0.99995095,-0.0050103506,-0.0023635377,-0.008747519,0.0,0.0,0.0,0.0,0,13.8
697688000,697688000,0.9999526,-0.004889261,-0.0022392657,-0.008660966,0.0,0.0,0.0,0.0,0,13.82
697708000,697708000,0.99995416,-0.0047603124,-0.002116344,-0.008580477,0.0,0.0,0.0,0.0,0,13.84
697728000,697728000,0.99995565,-0.0046318653,-0.001991362,-0.008505827,0.0,0.0,0.0,0.0,0,13.86
697748000,697748000,0.9999571,-0.0045049447,-0.0018616582,-0.008437071,0.0,0.0,0.0,0.0,0,13.88
697768000,697768000,0.99995846,-0.004371746,-0.0017276617,-0.0083736675,0.0,0.0,0.0,0.0,0,13.9
697788000,697788000,0.99995977,-0.0042303973,-0.0016045979,-0.008315431,0.0,0.0,0.0,0.0,0,13.92
697808000,697808000,0.99996096,-0.0040921746,-0.0014787463,-0.008262174,0.0,0.0,0.0,0.0,0,13.94
697828000,697828000,0.9999621,-0.003956881,-0.0013512125,-0.0082136,0.0,0.0,0.0,0.0,0,13.96
697848000,697848000,0.99996316,-0.0038161916,-0.0012371772,-0.00816924,0.0,0.0,0.0,0.0,0,13.98
697868000,697868000,0.9999641,-0.0036716904,-0.0011322937,-0.0081287045,0.0,0.0,0.0,0.0,0,14.0
697888000,697888000,0.999965,-0.0035327405,-0.0010402674,-0.008091548,0.0,0.0,0.0,0.0,0,14.02
697908000,697908000,0.99996585,-0.0034013921,-0.0009514832,-0.008058054,0.0,0.0,0.0,0.0,0,14.04
697928000,697928000,0.9999666,-0.003264394,-0.00085502345,-0.008027828,0.0,0.0,0.0,0.0,0,14.06
697948000,697948000,0.99996734,-0.0031318457,-0.00076423114,-0.008000826,0.0,0.0,0.0,0.0,0,14.08
697968000,697968000,0.999968,-0.0030073586,-0.0006839665,-0.007976497,0.0,0.0,0.0,0.0,0,14.1
697988000,697988000,0.9999686,-0.0028869936,-0.0006100747,-0.007954692,0.0,0.0,0.0,0.0,0,14.12
698008000,698008000,0.99996907,-0.0027709184,-0.00054330594,-0.00793525,0.0,0.0,0.0,0.0,0,14.14
698028000,698028000,0.99996954,-0.0026553941,-0.0004795538,-0.007917964,0.0,0.0,0.0,0.0,0,14.16
698048000,698048000,0.99997,-0.0025378098,-0.0004168106,-0.007902722,0.0,0.0,0.0,0.0,0,14.18
698068000,698068000,0.99997044,-0.0024229179,-0.00034839244,-0.007888936,0.0,0.0,0.0,0.0,0,14.2
698088000,698088000,0.9999708,-0.0023126502,-0.0002747435,-0.007876688,0.0,0.0,0.0,0.0,0,14.22
698108000,698108000,0.99997115,-0.0022087456,-0.00020693612,-0.007865811,0.0,0.0,0.0,0.0,0,14.24
698128000,698128000,0.99997145,-0.0021135074,-0.00013484246,-0.007856308,0.0,0.0,0.0,0.0,0,14.26
698148000,698148000,0.99997175,-0.002016864,-6.7544046e-05,-0.007847861,0.0,0.0,0.0,0.0,0,14.28
698168000,698168000,0.999972,-0.0019255353,-1.1379935e-05,-0.007840142,0.0,0.0,0.0,0.0,0,14.3
698188000,698188000,0.99997216,-0.0018468464,4.105838e-05,-0.007833265,0.0,0.0,0.0,0.0,0,14.32
698208000,698208000,0.99997234,-0.0017839195,8.742619e-05,-0.00782726,0.0,0.0,0.0,0.0,0,14.34
698228000,698228000,0.99997246,-0.0017353124,0.00012427013,-0.0078214705,0.0,0.0,0.0,0.0,0,14.36
698248000,698248000,0.9999726,-0.0016849404,0.00014908657,-0.007814942,0.0,0.0,0.0,0.0,0,14.38
698268000,698268000,0.9999727,-0.0016356242,0.00017350336,-0.0078074113,0.0,0.0,0.0,0.0,0,14.4
698288000,698288000,0.9999729,-0.0015883021,0.00020269962,-0.0077986666,0.0,0.0,0.0,0.0,0,14.42
698308000,698308000,0.999973,-0.0015323069,0.0002275228,-0.0077887257,0.0,0.0,0.0,0.0,0,14.44
698328000,698328000,0.9999732,-0.001476431,0.00025796238,-0.007777705,0.0,0.0,0.0,0.0,0,14.46
698348000,698348000,0.99997336,-0.0014204936,0.00028800964,-0.007765508,0.0,0.0,0.0,0.0,0,14.48
698368000,698368000,0.99997354,-0.0013605669,0.00030211994,-0.0077519235,0.0,0.0,0.0,0.0,0,14.5
698388000,698388000,0.9999737,-0.0013030643,0.0003118685,-0.007737118,0.0,0.0,0.0,0.0,0,14.52
698408000,698408000,0.9999739,-0.0012533923,0.0003335616,-0.0077211703,0.0,0.0,0.0,0.0,0,14.54
698428000,698428000,0.9999741,-0.001216858,0.00035457496,-0.007704279,0.0,0.0,0.0,0.0,0,14.56
698448000,698448000,0.99997425,-0.0011921331,0.0003635621,-0.007686153,0.0,0.0,0.0,0.0,0,14.58
698468000,698468000,0.9999744,-0.0011626112,0.00036010824,-0.007666877,0.0,0.0,0.0,0.0,0,14.6
698488000,698488000,0.9999746,-0.0011205719,0.00035741014,-0.0076465993,0.0,0.0,0.0,0.0,0,14.62
698508000,698508000,0.99997485,-0.0010738937,0.0003620644,-0.0076248343,0.0,0.0,0.0,0.0,0,14.64
698528000,698528000,0.9999751,-0.0010235057,0.00037293707,-0.0076015904,0.0,0.0,0.0,0.0,0,14.66
698548000,698548000,0.9999753,-0.00097104046,0.00038472214,-0.0075767636,0.0,0.0,0.0,0.0,0,14.68
698568000,698568000,0.99997556,-0.00091463624,0.0003974197,-0.0075504486,0.0,0.0,0.0,0.0,0,14.7
698588000,698588000,0.99997324,-0.0011935267,-0.0021322328,-0.007524386,0.0,0.0,0.0,0.0,0,14.72
698608000,698608000,0.9999196,-0.0023707636,-0.010395865,-0.0074989046,0.0,0.0,0.0,0.0,0,14.74
698628000,698628000,0.99975395,-0.0041958992,-0.02067832,-0.007481296,0.0,0.0,0.0,0.0,0,14.76
698648000,698648000,0.9994904,-0.0063052825,-0.030535465,-0.0074749836,0.0,0.0,0.0,0.0,0,14.78
698668000,698668000,0.9991205,-0.008504761,-0.040487666,-0.0074739847,0.0,0.0,0.0,0.0,0,14.8
698688000,698688000,0.99864006,-0.010723176,-0.050559316,-0.0074772947,0.0,0.0,0.0,0.0,0,14.82
698708000,698708000,0.99808306,-0.012914768,-0.060136396,-0.0074894824,0.0,0.0,0.0,0.0,0,14.84
698728000,698728000,0.99748474,-0.015010228,-0.068931594,-0.0075110057,0.0,0.0,0.0,0.0,0,14.86
698748000,698748000,0.99686646,-0.016972149,-0.07695073,-0.0075394046,0.0,0.0,0.0,0.0,0,14.88
698768000,698768000,0.9962409,-0.0187886,-0.0842782,-0.007573027,0.0,0.0,0.0,0.0,0,14.9
698788000,698788000,0.99555975,-0.020522073,-0.09160181,-0.0076058316,0.0,0.0,0.0,0.0,0,14.92
698808000,698808000,0.9946551,-0.022389375,-0.10055358,-0.0076246606,0.0,0.0,0.0,0.0,0,14.94
698828000,698828000,0.9933568,-0.024523277,-0.11221332,-0.0076190215,0.0,0.0,0.0,0.0,0,14.96
698848000,698848000,0.9915872,-0.026948212,-0.12641177,-0.007598446,0.0,0.0,0.0,0.0,0,14.98
698868000,698868000,0.9893363,-0.029656053,-0.14242788,-0.0075862086,0.0,0.0,0.0,0.0,0,15.0
698888000,698888000,0.9865528,-0.03257491,-0.16001274,-0.0075865625,0.0,0.0,0.0,0.0,0,15.02
698908000,698908000,0.9832399,-0.03563948,-0.17866254,-0.007612827,0.0,0.0,0.0,0.0,0,15.04
698928000,698928000,0.9795518,-0.0387478,-0.197299,-0.0076912325,0.0,0.0,0.0,0.0,0,15.06
698948000,698948000,0.9756856,-0.04175627,-0.21503894,-0.007832364,0.0,0.0,0.0,0.0,0,15.08
698968000,698968000,0.97179955,-0.04463064,-0.23142606,-0.008051315,0.0,0.0,0.0,0.0,0,15.1
698988000,698988000,0.9679564,-0.047266863,-0.24650763,-0.008322992,0.0,0.0,0.0,0.0,0,15.12
699008000,699008000,0.9642246,-0.049700767,-0.26025948,-0.0086566135,0.0,0.0,0.0,0.0,0,15.14
699028000,699028000,0.9606461,-0.05187005,-0.2727566,-0.009030175,0.0,0.0,0.0,0.0,0,15.16
699048000,699048000,0.9572716,-0.053829677,-0.2839951,-0.009457275,0.0,0.0,0.0,0.0,0,15.18
699068000,699068000,0.954119,-0.05552981,-0.29408187,-0.009914916,0.0,0.0,0.0,0.0,0,15.2
699088000,699088000,0.95121247,-0.057023413,-0.30305743,-0.0104140425,0.0,0.0,0.0,0.0,0,15.22
699108000,699108000,0.94855416,-0.058280434,-0.31102723,-0.010936047,0.0,0.0,0.0,0.0,0,15.24
699128000,699128000,0.9461439,-0.059342667,-0.3180681,-0.0114864,0.0,0.0,0.0,0.0,0,15.26
699148000,699148000,0.9439637,-0.060194287,-0.32430413,-0.012047822,0.0,0.0,0.0,0.0,0,15.28
699168000,699168000,0.9420021,-0.060868822,-0.32981318,-0.012623173,0.0,0.0,0.0,0.0,0,15.3
699188000,699188000,0.9402521,-0.061391905,-0.33465123,-0.013214478,0.0,0.0,0.0,0.0,0,15.32
699208000,699208000,0.9386985,-0.061766706,-0.33889276,-0.013814518,0.0,0.0,0.0,0.0,0,15.34
699228000,699228000,0.9373246,-0.062018074,-0.3426039,-0.014424105,0.0,0.0,0.0,0.0,0,15.36
699248000,699248000,0.93611324,-0.062154207,-0.34584936,-0.015038495,0.0,0.0,0.0,0.0,0,15.38
699268000,699268000,0.9350556,-0.06218765,-0.3486655,-0.015656456,0.0,0.0,0.0,0.0,0,15.4
699288000,699288000,0.9341329,-0.062112514,-0.3511157,-0.016267926,0.0,0.0,0.0,0.0,0,15.42
699308000,699308000,0.9333313,-0.061961662,-0.35323882,-0.016878841,0.0,0.0,0.0,0.0,0,15.44
699328000,699328000,0.9326357,-0.061741896,-0.35508007,-0.017485645,0.0,0.0,0.0,0.0,0,15.46
699348000,699348000,0.93203366,-0.06147198,-0.35667393,-0.018089317,0.0,0.0,0.0,0.0,0,15.48
699368000,699368000,0.93151695,-0.06115002,-0.35804585,-0.018684309,0.0,0.0,0.0,0.0,0,15.5
699388000,699388000,0.93107337,-0.060784675,-0.35922888,-0.019268714,0.0,0.0,0.0,0.0,0,15.52
699408000,699408000,0.9306913,-0.060387485,-0.36025333,-0.019841725,0.0,0.0,0.0,0.0,0,15.54
699428000,699428000,0.9303676,-0.05996589,-0.3611274,-0.020403143,0.0,0.0,0.0,0.0,0,15.56
699448000,699448000,0.9300941,-0.0595232,-0.36187303,-0.020949624,0.0,0.0,0.0,0.0,0,15.58
699468000,699468000,0.9298677,-0.0590698,-0.36249763,-0.021481857,0.0,0.0,0.0,0.0,0,15.6
699488000,699488000,0.9296792,-0.058603458,-0.36302546,-0.021995526,0.0,0.0,0.0,0.0,0,15.62
699508000,699508000,0.9295178,-0.058128625,-0.36348468,-0.022488462,0.0,0.0,0.0,0.0,0,15.64
699528000,699528000,0.9293806,-0.057650376,-0.36388204,-0.022960069,0.0,0.0,0.0,0.0,0,15.66
699548000,699548000,0.92927015,-0.057179254,-0.36420935,-0.023412999,0.0,0.0,0.0,0.0,0,15.68
699568000,699568000,0.9291838,-0.056715377,-0.3644741,-0.023845537,0.0,0.0,0.0,0.0,0,15.7
699588000,699588000,0.9291148,-0.05625926,-0.36469352,-0.024255728,0.0,0.0,0.0,0.0,0,15.72
699608000,699608000,0.9290596,-0.055816445,-0.364876,-0.024644224,0.0,0.0,0.0,0.0,0,15.74
699628000,699628000,0.92901903,-0.05538874,-0.36501965,-0.025010128,0.0,0.0,0.0,0.0,0,15.76
699648000,699648000,0.9289887,-0.05497265,-0.36513627,-0.025351012,0.0,0.0,0.0,0.0,0,15.78
699668000,699668000,0.9289712,-0.054564703,-0.36522013,-0.025664791,0.0,0.0,0.0,0.0,0,15.8
699688000,699688000,0.9289746,-0.054163963,-0.36525065,-0.025952255,0.0,0.0,0.0,0.0,0,15.82
699708000,699708000,0.92905545,-0.05376189,-0.36508527,-0.026219426,0.0,0.0,0.0,0.0,0,15.84
699728000,699728000,0.92929393,-0.053333636,-0.36452273,-0.02646975,0.0,0.0,0.0,0.0,0,15.86
699748000,699748000,0.92973053,-0.05286581,-0.3634588,-0.026704323,0.0,0.0,0.0,0.0,0,15.88
699768000,699768000,0.9303694,-0.052345023,-0.36188024,-0.026918245,0.0,0.0,0.0,0.0,0,15.9
699788000,699788000,0.93119836,-0.05177808,-0.3598093,-0.027111728,0.0,0.0,0.0,0.0,0,15.92
699808000,699808000,0.93219715,-0.051161785,-0.3572896,-0.027279314,0.0,0.0,0.0,0.0,0,15.94
699828000,699828000,0.9333504,-0.05050511,-0.3543494,-0.027421512,0.0,0.0,0.0,0.0,0,15.96
699848000,699848000,0.9346361,-0.049806666,-0.35103515,-0.027533691,0.0,0.0,0.0,0.0,0,15.98
699868000,699868000,0.9360383,-0.049074203,-0.34737659,-0.027615996,0.0,0.0,0.0,0.0,0,16.0
699888000,699888000,0.93753713,-0.04830402,-0.34341624,-0.02766366,0.0,0.0,0.0,0.0,0,16.02
699908000,699908000,0.93912244,-0.04750489,-0.33916855,-0.027678413,0.0,0.0,0.0,0.0,0,16.04
699928000,699928000,0.94077754,-0.046674017,-0.33466896,-0.027656881,0.0,0.0,0.0,0.0,0,16.06
699948000,699948000,0.94249403,-0.045818344,-0.3299288,-0.027600909,0.0,0.0,0.0,0.0,0,16.08
699968000,699968000,0.9442566,-0.04493714,-0.32498083,-0.027508086,0.0,0.0,0.0,0.0,0,16.1
699988000,699988000,0.9460763,-0.044035923,-0.31978095,-0.02738285,0.0,0.0,0.0,0.0,0,16.12
700008000,700008000,0.9480284,-0.043089874,-0.31409088,-0.027230239,0.0,0.0,0.0,0.0,0,16.14
700028000,700028000,0.95019954,-0.0420553,-0.30761904,-0.027051708,0.0,0.0,0.0,0.0,0,16.16
700048000,700048000,0.9526234,-0.040902667,-0.30020663,-0.026846023,0.0,0.0,0.0,0.0,0,16.18
700068000,700068000,0.9552901,-0.039605763,-0.29181063,-0.026607374,0.0,0.0,0.0,0.0,0,16.2
700088000,700088000,0.9581649,-0.03815584,-0.28245342,-0.026331622,0.0,0.0,0.0,0.0,0,16.22
700108000,700108000,0.9612114,-0.03653973,-0.2721579,-0.026013734,0.0,0.0,0.0,0.0,0,16.24
700128000,700128000,0.9643855,-0.034763105,-0.26096576,-0.025653848,0.0,0.0,0.0,0.0,0,16.26
700148000,700148000,0.9676485,-0.032824717,-0.24889843,-0.025251394,0.0,0.0,0.0,0.0,0,16.28
700168000,700168000,0.97094584,-0.030727582,-0.23603782,-0.024805091,0.0,0.0,0.0,0.0,0,16.3
700188000,700188000,0.9742409,-0.028472753,-0.22240004,-0.024316192,0.0,0.0,0.0,0.0,0,16.32
700208000,700208000,0.9774751,-0.026085546,-0.20809887,-0.023787944,0.0,0.0,0.0,0.0,0,16.34
700228000,700228000,0.98062044,-0.023561977,-0.19312756,-0.023222152,0.0,0.0,0.0,0.0,0,16.36
700248000,700248000,0.9836267,-0.02091225,-0.1775908,-0.022621252,0.0,0.0,0.0,0.0,0,16.38
700268000,700268000,0.98646563,-0.018143248,-0.16149893,-0.021989768,0.0,0.0,0.0,0.0,0,16.4
700288000,700288000,0.98908556,-0.015290723,-0.14501707,-0.021333382,0.0,0.0,0.0,0.0,0,16.42
700308000,700308000,0.9914671,-0.012353207,-0.12815155,-0.020656139,0.0,0.0,0.0,0.0,0,16.44
700328000,700328000,0.99357253,-0.009364228,-0.11106971,-0.019964205,0.0,0.0,0.0,0.0,0,16.46
700348000,700348000,0.9953925,-0.006324793,-0.09376457,-0.019262698,0.0,0.0,0.0,0.0,0,16.48
700368000,700368000,0.9969012,-0.0032772126,-0.076432556,-0.018559052,0.0,0.0,0.0,0.0,0,16.5
700388000,700388000,0.9980984,-0.00022590898,-0.0590744,-0.017858973,0.0,0.0,0.0,0.0,0,16.52
700408000,700408000,0.99897623,0.0028165083,-0.041868307,-0.017168479,0.0,0.0,0.0,0.0,0,16.54
700428000,700428000,0.9995434,0.0058373613,-0.024818987,-0.016493153,0.0,0.0,0.0,0.0,0,16.56
700448000,700448000,0.9998076,0.008798035,-0.008095623,-0.015839761,0.0,0.0,0.0,0.0,0,16.58
700468000,700468000,0.99978596,0.011695181,0.00830432,-0.0152128935,0.0,0.0,0.0,0.0,0,16.6
700488000,700488000,0.99949735,0.014530573,0.024276566,-0.014618574,0.0,0.0,0.0,0.0,0,16.62
700508000,700508000,0.99896306,0.017280437,0.039819937,-0.014061005,0.0,0.0,0.0,0.0,0,16.64
700528000,700528000,0.99820966,0.019935012,0.05482457,-0.013545178,0.0,0.0,0.0,0.0,0,16.66
700548000,700548000,0.9972614,0.02248177,0.06929952,-0.013074082,0.0,0.0,0.0,0.0,0,16.68
700568000,700568000,0.99614614,0.024934558,0.08318724,-0.012653346,0.0,0.0,0.0,0.0,0,16.7
700588000,700588000,0.99488837,0.027268572,0.09649728,-0.012283578,0.0,0.0,0.0,0.0,0,16.72
700608000,700608000,0.99351466,0.029499607,0.109198146,-0.011969213,0.0,0.0,0.0,0.0,0,16.74
700628000,700628000,0.99205023,0.031600505,0.12128364,-0.011709264,0.0,0.0,0.0,0.0,0,16.76
700648000,700648000,0.9905173,0.03359962,0.13275231,-0.011508579,0.0,0.0,0.0,0.0,0,16.78
700668000,700668000,0.9889355,0.035472363,0.14362548,-0.011364223,0.0,0.0,0.0,0.0,0,16.8
700688000,700688000,0.98732233,0.0372386,0.15391475,-0.011279083,0.0,0.0,0.0,0.0,0,16.82
700708000,700708000,0.98569775,0.038880166,0.16361788,-0.0112507725,0.0,0.0,0.0,0.0,0,16.84
700728000,700728000,0.98407614,0.04042115,0.17274849,-0.011282339,0.0,0.0,0.0,0.0,0,16.86
700748000,700748000,0.98247164,0.041841023,0.18132477,-0.011368824,0.0,0.0,0.0,0.0,0,16.88
700768000,700768000,0.9808931,0.043163456,0.1893735,-0.011512257,0.0,0.0,0.0,0.0,0,16.9
700788000,700788000,0.97935325,0.044368617,0.19690286,-0.011707095,0.0,0.0,0.0,0.0,0,16.92
700808000,700808000,0.9778573,0.0454765,0.20394409,-0.01195403,0.0,0.0,0.0,0.0,0,16.94
700828000,700828000,0.9764167,0.046483744,0.21049641,-0.0122501,0.0,0.0,0.0,0.0,0,16.96
700848000,700848000,0.97503626,0.047401372,0.21658233,-0.012594425,0.0,0.0,0.0,0.0,0,16.98
700868000,700868000,0.97372174,0.048220437,0.22221912,-0.01298141,0.0,0.0,0.0,0.0,0,17.0
700888000,700888000,0.9724762,0.04895189,0.22742704,-0.013409557,0.0,0.0,0.0,0.0,0,17.02
700908000,700908000,0.97130346,0.049592976,0.23222134,-0.013874746,0.0,0.0,0.0,0.0,0,17.04
700928000,700928000,0.97020346,0.05015962,0.23662569,-0.014376099,0.0,0.0,0.0,0.0,0,17.06
700948000,700948000,0.96917963,0.050639786,0.24065189,-0.014906407,0.0,0.0,0.0,0.0,0,17.08
700968000,700968000,0.9682333,0.05104208,0.24431331,-0.015463714,0.0,0.0,0.0,0.0,0,17.1
700988000,700988000,0.9673656,0.051368333,0.24762215,-0.016044531,0.0,0.0,0.0,0.0,0,17.12
701008000,701008000,0.96657366,0.05163863,0.25060084,-0.016649114,0.0,0.0,0.0,0.0,0,17.14
701028000,701028000,0.9658577,0.051838886,0.25326374,-0.017268835,0.0,0.0,0.0,0.0,0,17.16
701048000,701048000,0.96522176,0.051977757,0.25560492,-0.01790261,0.0,0.0,0.0,0.0,0,17.18
701068000,701068000,0.96466315,0.052049514,0.25764525,-0.018544102,0.0,0.0,0.0,0.0,0,17.2
701088000,701088000,0.9641782,0.05206551,0.25940388,-0.019191738,0.0,0.0,0.0,0.0,0,17.22
701108000,701108000,0.96376365,0.052030824,0.26089802,-0.019842325,0.0,0.0,0.0,0.0,0,17.24
701128000,701128000,0.96342444,0.051955905,0.26211253,-0.020495947,0.0,0.0,0.0,0.0,0,17.26
701148000,701148000,0.96315897,0.05182964,0.2630598,-0.021145094,0.0,0.0,0.0,0.0,0,17.28
701168000,701168000,0.9629642,0.051648796,0.26375553,-0.021784073,0.0,0.0,0.0,0.0,0,17.3
701188000,701188000,0.9628363,0.05142121,0.2642138,-0.022410853,0.0,0.0,0.0,0.0,0,17.32
701208000,701208000,0.96277183,0.051150057,0.26444888,-0.023022236,0.0,0.0,0.0,0.0,0,17.34
701228000,701228000,0.96277,0.05083301,0.26446435,-0.023614448,0.0,0.0,0.0,0.0,0,17.36
701248000,701248000,0.9628313,0.050477326,0.2642573,-0.024187014,0.0,0.0,0.0,0.0,0,17.38
701268000,701268000,0.96295244,0.050086323,0.2638393,-0.024737142,0.0,0.0,0.0,0.0,0,17.4
701288000,701288000,0.9631305,0.0496645,0.26321864,-0.025262944,0.0,0.0,0.0,0.0,0,17.42
701308000,701308000,0.9633648,0.049212612,0.2623964,-0.02576245,0.0,0.0,0.0,0.0,0,17.44
701328000,701328000,0.96365136,0.048729904,0.26138562,-0.026232295,0.0,0.0,0.0,0.0,0,17.46
701348000,701348000,0.9639887,0.048213087,0.2601906,-0.026669059,0.0,0.0,0.0,0.0,0,17.48
701368000,701368000,0.9643769,0.047669753,0.25880674,-0.027073475,0.0,0.0,0.0,0.0,0,17.5
701388000,701388000,0.96481305,0.047100287,0.2572416,-0.027443651,0.0,0.0,0.0,0.0,0,17.52
701408000,701408000,0.96529317,0.046504643,0.25550714,-0.027777476,0.0,0.0,0.0,0.0,0,17.54
701428000,701428000,0.96581215,0.045880515,0.25361964,-0.028072177,0.0,0.0,0.0,0.0,0,17.56
701448000,701448000,0.96636903,0.045239817,0.25157666,-0.028329965,0.0,0.0,0.0,0.0,0,17.58
701468000,701468000,0.96696067,0.04458085,0.24938656,-0.028548954,0.0,0.0,0.0,0.0,0,17.6
701488000,701488000,0.96758556,0.04391036,0.24705005,-0.028730012,0.0,0.0,0.0,0.0,0,17.62
701508000,701508000,0.96823937,0.043217726,0.24458224,-0.028869215,0.0,0.0,0.0,0.0,0,17.64
701528000,701528000,0.9689222,0.042512964,0.24197586,-0.028969238,0.0,0.0,0.0,0.0,0,17.66
701548000,701548000,0.9696293,0.041788712,0.23924726,-0.02902717,0.0,0.0,0.0,0.0,0,17.68
701568000,701568000,0.9703614,0.041051283,0.23638748,-0.029044848,0.0,0.0,0.0,0.0,0,17.7
701588000,701588000,0.9711136,0.04029683,0.23341238,-0.029021038,0.0,0.0,0.0,0.0,0,17.72
701608000,701608000,0.971885,0.039530534,0.23032019,-0.02895745,0.0,0.0,0.0,0.0,0,17.74
701628000,701628000,0.97267157,0.038748745,0.2271236,-0.028853264,0.0,0.0,0.0,0.0,0,17.76
701648000,701648000,0.9734729,0.03795105,0.22381945,-0.028709149,0.0,0.0,0.0,0.0,0,17.78
701668000,701668000,0.9742877,0.037132744,0.2204089,-0.028524742,0.0,0.0,0.0,0.0,0,17.8
701688000,701688000,0.9751129,0.03629402,0.21690027,-0.028300654,0.0,0.0,0.0,0.0,0,17.82
701708000,701708000,0.97594446,0.035429664,0.21330771,-0.028036265,0.0,0.0,0.0,0.0,0,17.84
701728000,701728000,0.97678024,0.034545433,0.20963521,-0.027733795,0.0,0.0,0.0,0.0,0,17.86
701748000,701748000,0.97761947,0.03363224,0.20588294,-0.027392725,0.0,0.0,0.0,0.0,0,17.88
701768000,701768000,0.97845846,0.032696012,0.20206258,-0.02701556,0.0,0.0,0.0,0.0,0,17.9
701788000,701788000,0.97929627,0.03173264,0.19817494,-0.026602909,0.0,0.0,0.0,0.0,0,17.92
701808000,701808000,0.9801288,0.030749204,0.194234,-0.026157694,0.0,0.0,0.0,0.0,0,17.94
701828000,701828000,0.9809562,0.029743565,0.19023614,-0.025681274,0.0,0.0,0.0,0.0,0,17.96
701848000,701848000,0.9817757,0.02872183,0.18619028,-0.025176292,0.0,0.0,0.0,0.0,0,17.98
701868000,701868000,0.9825897,0.027679289,0.18207982,-0.024644237,0.0,0.0,0.0,0.0,0,18.0
701888000,701888000,0.98339427,0.026622657,0.17792088,-0.02408764,0.0,0.0,0.0,0.0,0,18.02
701908000,701908000,0.98418784,0.025549108,0.17371804,-0.023508055,0.0,0.0,0.0,0.0,0,18.04
701928000,701928000,0.9849644,0.02446867,0.1695017,-0.022908377,0.0,0.0,0.0,0.0,0,18.06
701948000,701948000,0.9857266,0.023376884,0.16525404,-0.022290457,0.0,0.0,0.0,0.0,0,18.08
701968000,701968000,0.9864706,0.022281209,0.16099519,-0.021657014,0.0,0.0,0.0,0.0,0,18.1
701988000,701988000,0.987198,0.021177543,0.15671407,-0.021009665,0.0,0.0,0.0,0.0,0,18.12
702008000,702008000,0.98790485,0.020070108,0.15243399,-0.02035018,0.0,0.0,0.0,0.0,0,18.14
702028000,702028000,0.98859286,0.018958423,0.14814362,-0.019681007,0.0,0.0,0.0,0.0,0,18.16
702048000,702048000,0.98925775,0.01785469,0.14386871,-0.019005721,0.0,0.0,0.0,0.0,0,18.18
702068000,702068000,0.9899016,0.016749114,0.13959776,-0.018324772,0.0,0.0,0.0,0.0,0,18.2
702088000,702088000,0.99052167,0.015648248,0.13535082,-0.017640362,0.0,0.0,0.0,0.0,0,18.22
702108000,702108000,0.9911198,0.014553838,0.13111563,-0.016955128,0.0,0.0,0.0,0.0,0,18.24
702128000,702128000,0.99169326,0.013482244,0.12691328,-0.016272664,0.0,0.0,0.0,0.0,0,18.26
702148000,702148000,0.9922451,0.012429483,0.12272355,-0.015594581,0.0,0.0,0.0,0.0,0,18.28
702168000,702168000,0.99277323,0.011398884,0.118565634,-0.014922764,0.0,0.0,0.0,0.0,0,18.3
702188000,702188000,0.9932793,0.010390222,0.11442936,-0.014259099,0.0,0.0,0.0,0.0,0,18.32
702208000,702208000,0.99375993,0.009414788,0.1103474,-0.013606083,0.0,0.0,0.0,0.0,0,18.34
702228000,702228000,0.9942176,0.00846568,0.10630505,-0.012964577,0.0,0.0,0.0,0.0,0,18.36
702248000,702248000,0.9946508,0.0075481357,0.1023219,-0.0123363715,0.0,0.0,0.0,0.0,0,18.38
702268000,702268000,0.9950608,0.006657009,0.098394066,-0.011722412,0.0,0.0,0.0,0.0,0,18.4
702288000,702288000,0.99544644,0.0058014197,0.09454149,-0.011124827,0.0,0.0,0.0,0.0,0,18.42
702308000,702308000,0.995811,0.0049793255,0.090739235,-0.010544694,0.0,0.0,0.0,0.0,0,18.44
702328000,702328000,0.99615294,0.0041978164,0.08701211,-0.009983875,0.0,0.0,0.0,0.0,0,18.46
702348000,702348000,0.99647385,0.003451697,0.08335402,-0.0094428165,0.0,0.0,0.0,0.0,0,18.48
702368000,702368000,0.99677324,0.0027429785,0.079781376,-0.008922558,0.0,0.0,0.0,0.0,0,18.5
702388000,702388000,0.99705344,0.0020626567,0.0762781,-0.008423253,0.0,0.0,0.0,0.0,0,18.52
702408000,702408000,0.9973142,0.0014147874,0.07285834,-0.007945951,0.0,0.0,0.0,0.0,0,18.54
702428000,702428000,0.99755764,0.0007948286,0.06950625,-0.0074908654,0.0,0.0,0.0,0.0,0,18.56
702448000,702448000,0.9977832,0.00020716953,0.06624189,-0.007059099,0.0,0.0,0.0,0.0,0,18.58
702468000,702468000,0.9979926,-0.00035196068,0.063051954,-0.0066509396,0.0,0.0,0.0,0.0,0,18.6
702488000,702488000,0.99818575,-0.000880208,0.05995191,-0.006266798,0.0,0.0,0.0,0.0,0,18.62
702508000,702508000,0.9983645,-0.001386241,0.05692668,-0.005906421,0.0,0.0,0.0,0.0,0,18.64
702528000,702528000,0.9985288,-0.0018667589,0.053989302,-0.0055702287,0.0,0.0,0.0,0.0,0,18.66
702548000,702548000,0.9986801,-0.0023198738,0.05112848,-0.005258368,0.0,0.0,0.0,0.0,0,18.68
702568000,702568000,0.9988183,-0.0027391715,0.048362736,-0.0049712383,0.0,0.0,0.0,0.0,0,18.7
702588000,702588000,0.9989443,-0.0031315733,0.045688525,-0.004708325,0.0,0.0,0.0,0.0,0,18.72
702608000,702608000,0.9990587,-0.0034993733,0.043110915,-0.0044694054,0.0,0.0,0.0,0.0,0,18.74
702628000,702628000,0.999163,-0.0038533097,0.040613655,-0.004253955,0.0,0.0,0.0,0.0,0,18.76
702648000,702648000,0.99925756,-0.0041890796,0.03820191,-0.004061583,0.0,0.0,0.0,0.0,0,18.78
702668000,702668000,0.99934316,-0.0045032487,0.035874233,-0.0038919912,0.0,0.0,0.0,0.0,0,18.8
702688000,702688000,0.9994199,-0.004791626,0.033644293,-0.003744917,0.0,0.0,0.0,0.0,0,18.82
702708000,702708000,0.99948895,-0.0050515765,0.031501923,-0.0036196013,0.0,0.0,0.0,0.0,0,18.84
702728000,702728000,0.99955076,-0.0052846503,0.029446749,-0.003515198,0.0,0.0,0.0,0.0,0,18.86
702748000,702748000,0.99960613,-0.005499043,0.02747193,-0.0034309707,0.0,0.0,0.0,0.0,0,18.88
702768000,702768000,0.99965525,-0.0056906934,0.025588334,-0.003366574,0.0,0.0,0.0,0.0,0,18.9
702788000,702788000,0.999699,-0.0058593024,0.023782685,-0.0033212088,0.0,0.0,0.0,0.0,0,18.92
702808000,702808000,0.99973786,-0.006000461,0.022056062,-0.0032940959,0.0,0.0,0.0,0.0,0,18.94
702828000,702828000,0.9997723,-0.0061134133,0.020401897,-0.0032840695,0.0,0.0,0.0,0.0,0,18.96
702848000,702848000,0.99980265,-0.0061978097,0.01882747,-0.0032905757,0.0,0.0,0.0,0.0,0,18.98
702868000,702868000,0.99982923,-0.006258313,0.017334195,-0.0033120757,0.0,0.0,0.0,0.0,0,19.0
702888000,702888000,0.99985254,-0.0062934477,0.015912501,-0.0033472478,0.0,0.0,0.0,0.0,0,19.02
702908000,702908000,0.999873,-0.006305901,0.014556205,-0.0033951392,0.0,0.0,0.0,0.0,0,19.04
702928000,702928000,0.99989045,-0.0063017686,0.013285634,-0.0034551222,0.0,0.0,0.0,0.0,0,19.06
702948000,702948000,0.9999055,-0.006280613,0.012089775,-0.0035261973,0.0,0.0,0.0,0.0,0,19.08
702968000,702968000,0.9999186,-0.0062405975,0.010955205,-0.003607363,0.0,0.0,0.0,0.0,0,19.1
702988000,702988000,0.99992967,-0.006191035,0.009885532,-0.0036971085,0.0,0.0,0.0,0.0,0,19.12
703008000,703008000,0.9999391,-0.0061356504,0.008884848,-0.0037949474,0.0,0.0,0.0,0.0,0,19.14
703028000,703028000,0.99994695,-0.006072605,0.007945247,-0.0038997661,0.0,0.0,0.0,0.0,0,19.16
703048000,703048000,0.9999535,-0.005998452,0.0070685153,-0.0040110056,0.0,0.0,0.0,0.0,0,19.18
703068000,703068000,0.999959,-0.0059138695,0.00625218,-0.004127635,0.0,0.0,0.0,0.0,0,19.2
703088000,703088000,0.9999635,-0.0058219642,0.005486164,-0.0042484473,0.0,0.0,0.0,0.0,0,19.22
703108000,703108000,0.9999672,-0.005724966,0.0047731176,-0.004372415,0.0,0.0,0.0,0.0,0,19.24
703128000,703128000,0.9999702,-0.005617724,0.004106491,-0.0044985157,0.0,0.0,0.0,0.0,0,19.26
703148000,703148000,0.99997264,-0.0055010123,0.0034827203,-0.0046265367,0.0,0.0,0.0,0.0,0,19.28
703168000,703168000,0.9999746,-0.0053775175,0.002900524,-0.004755481,0.0,0.0,0.0,0.0,0,19.3
703188000,703188000,0.999976,-0.005256298,0.0023726583,-0.0048845,0.0,0.0,0.0,0.0,0,19.32
703208000,703208000,0.99997705,-0.0051289424,0.0018979881,-0.00501331,0.0,0.0,0.0,0.0,0,19.34
703228000,703228000,0.99997777,-0.004996347,0.0014680908,-0.0051407986,0.0,0.0,0.0,0.0,0,19.36
703248000,703248000,0.9999783,-0.0048565976,0.0010729069,-0.0052662934,0.0,0.0,0.0,0.0,0,19.38
703268000,703268000,0.99997866,-0.0047116405,0.00071239914,-0.0053894543,0.0,0.0,0.0,0.0,0,19.4
703288000,703288000,0.9999789,-0.0045617507,0.00038439955,-0.005510061,0.0,0.0,0.0,0.0,0,19.42
703308000,703308000,0.999979,-0.0044063004,8.8896944e-05,-0.0056280396,0.0,0.0,0.0,0.0,0,19.44
703328000,703328000,0.999979,-0.004249689,-0.00018011392,-0.005742984,0.0,0.0,0.0,0.0,0,19.46
703348000,703348000,0.99997896,-0.0040967884,-0.0004266973,-0.005854666,0.0,0.0,0.0,0.0,0,19.48
703368000,703368000,0.9999788,-0.0039459476,-0.00064014795,-0.0059625017,0.0,0.0,0.0,0.0,0,19.5
703388000,703388000,0.9999786,-0.0037951004,-0.0008130356,-0.006066483,0.0,0.0,0.0,0.0,0,19.52
703408000,703408000,0.9999784,-0.0036428762,-0.00095944287,-0.0061660795,0.0,0.0,0.0,0.0,0,19.54
703428000,703428000,0.9999783,-0.003487069,-0.0010879936,-0.0062607853,0.0,0.0,0.0,0.0,0,19.56
703448000,703448000,0.9999781,-0.0033352931,-0.0011880333,-0.006350175,0.0,0.0,0.0,0.0,0,19.58
703468000,703468000,0.99997795,-0.0031854436,-0.0012692581,-0.006434266,0.0,0.0,0.0,0.0,0,19.6
703488000,703488000,0.9999778,-0.0030424919,-0.0013317344,-0.0065129083,0.0,0.0,0.0,0.0,0,19.62
703508000,703508000,0.9999777,-0.002910456,-0.0013762788,-0.006585678,0.0,0.0,0.0,0.0,0,19.64
703528000,703528000,0.9999775,-0.002784108,-0.0014117215,-0.00665287,0.0,0.0,0.0,0.0,0,19.66
703548000,703548000,0.9999774,-0.0026659458,-0.0014358783,-0.0067147543,0.0,0.0,0.0,0.0,0,19.68
703568000,703568000,0.9999773,-0.0025581445,-0.0014475599,-0.0067714285,0.0,0.0,0.0,0.0,0,19.7
703588000,703588000,0.99997723,-0.002458064,-0.0014432372,-0.0068227053,0.0,0.0,0.0,0.0,0,19.72
703608000,703608000,0.9999772,-0.00236569,-0.0014218534,-0.0068688123,0.0,0.0,0.0,0.0,0,19.74
703628000,703628000,0.9999771,-0.0022814246,-0.0013855516,-0.006909643,0.0,0.0,0.0,0.0,0,19.76
703648000,703648000,0.9999771,-0.0021985704,-0.0013372075,-0.0069447174,0.0,0.0,0.0,0.0,0,19.78
703668000,703668000,0.9999772,-0.002113697,-0.0012694517,-0.0069743055,0.0,0.0,0.0,0.0,0,19.8
703688000,703688000,0.9999773,-0.002027219,-0.0011872292,-0.006998601,0.0,0.0,0.0,0.0,0,19.82
703708000,703708000,0.99997747,-0.0019350626,-0.001096024,-0.0070176614,0.0,0.0,0.0,0.0,0,19.84
703728000,703728000,0.99997765,-0.0018431968,-0.0009906865,-0.0070315315,0.0,0.0,0.0,0.0,0,19.86
703748000,703748000,0.9999779,-0.0017469358,-0.00086997147,-0.007040691,0.0,0.0,0.0,0.0,0,19.88
703768000,703768000,0.99997807,-0.0016483009,-0.0007476502,-0.0070456243,0.0,0.0,0.0,0.0,0,19.9
703788000,703788000,0.99997836,-0.0015447476,-0.0006283043,-0.0070466134,0.0,0.0,0.0,0.0,0,19.92
703808000,703808000,0.9999786,-0.0014357928,-0.0005139541,-0.00704356,0.0,0.0,0.0,0.0,0,19.94
703828000,703828000,0.99997884,-0.0013213268,-0.00040619625,-0.007036644,0.0,0.0,0.0,0.0,0,19.96
703848000,703848000,0.9999791,-0.0012061818,-0.00029615223,-0.007025857,0.0,0.0,0.0,0.0,0,19.98
703868000,703868000,0.9999794,-0.0010909744,-0.00018256735,-0.007011269,0.0,0.0,0.0,0.0,0,20.0
703888000,703888000,0.9999796,-0.0009760261,-6.502917e-05,-0.006992973,0.0,0.0,0.0,0.0,0,20.02
703908000,703908000,0.99997985,-0.00087100896,5.0282215e-05,-0.0069717285,0.0,0.0,0.0,0.0,0,20.04
703928000,703928000,0.9999801,-0.00078045286,0.0001586113,-0.0069476785,0.0,0.0,0.0,0.0,0,20.06
703948000,703948000,0.99998033,-0.0006968049,0.0002633818,-0.0069206073,0.0,0.0,0.0,0.0,0,20.08
703968000,703968000,0.99998057,-0.0006168823,0.00036506855,-0.0068911873,0.0,0.0,0.0,0.0,0,20.1
703988000,703988000,0.99998075,-0.00054128823,0.0004576437,-0.0068593984,0.0,0.0,0.0,0.0,0,20.12
704008000,704008000,0.999981,-0.00047612138,0.00055633363,-0.0068253637,0.0,0.0,0.0,0.0,0,20.14
704028000,704028000,0.9999812,-0.00041794713,0.00066409394,-0.00678939,0.0,0.0,0.0,0.0,0,20.16
704048000,704048000,0.9999814,-0.00036542356,0.00076529436,-0.0067523345,0.0,0.0,0.0,0.0,0,20.18
704068000,704068000,0.9999816,-0.00032530076,0.00085608003,-0.006713678,0.0,0.0,0.0,0.0,0,20.2
704088000,704088000,0.9999818,-0.00029427808,0.0009423086,-0.006673887,0.0,0.0,0.0,0.0,0,20.22
704108000,704108000,0.999982,-0.0002695656,0.0010270858,-0.006633072,0.0,0.0,0.0,0.0,0,20.24
704128000,704128000,0.9999822,-0.00023975383,0.001097229,-0.006591041,0.0,0.0,0.0,0.0,0,20.26
704148000,704148000,0.9999824,-0.00021070954,0.0011651405,-0.0065481258,0.0,0.0,0.0,0.0,0,20.28
704168000,704168000,0.99998266,-0.00018090683,0.0012274558,-0.006504548,0.0,0.0,0.0,0.0,0,20.3
704188000,704188000,0.9999829,-0.00014761688,0.0012660094,-0.006460597,0.0,0.0,0.0,0.0,0,20.32
704208000,704208000,0.99998313,-0.000116036674,0.0012907947,-0.0064168265,0.0,0.0,0.0,0.0,0,20.34
704228000,704228000,0.9999834,-8.249397e-05,0.001313854,-0.0063734073,0.0,0.0,0.0,0.0,0,20.36
704248000,704248000,0.9999836,-4.4252116e-05,0.0013330955,-0.006330313,0.0,0.0,0.0,0.0,0,20.38
704268000,704268000,0.99998385,5.973999e-07,0.0013488072,-0.00628768,0.0,0.0,0.0,0.0,0,20.4
704288000,704288000,0.99998415,4.9102753e-05,0.0013624089,-0.0062456327,0.0,0.0,0.0,0.0,0,20.42
704308000,704308000,0.9999844,9.617296e-05,0.0013652929,-0.0062044263,0.0,0.0,0.0,0.0,0,20.44
704328000,704328000,0.9999846,0.00013529672,0.0013530308,-0.006164498,0.0,0.0,0.0,0.0,0,20.46
704348000,704348000,0.9999849,0.00016678352,0.0013288177,-0.006126167,0.0,0.0,0.0,0.0,0,20.48
704368000,704368000,0.99998516,0.00018957524,0.0013046779,-0.0060896333,0.0,0.0,0.0,0.0,0,20.5
704388000,704388000,0.9999854,0.00020401603,0.0012757699,-0.0060552456,0.0,0.0,0.0,0.0,0,20.52
704408000,704408000,0.99998564,0.00021973376,0.0012462181,-0.006023087,0.0,0.0,0.0,0.0,0,20.54
704428000,704428000,0.9999858,0.00024171548,0.001213051,-0.0059929537,0.0,0.0,0.0,0.0,0,20.56
704448000,704448000,0.99998605,0.00026761158,0.0011790643,-0.0059646214,0.0,0.0,0.0,0.0,0,20.58
704468000,704468000,0.99998623,0.00029052037,0.0011456195,-0.0059379037,0.0,0.0,0.0,0.0,0,20.6
704488000,704488000,0.9999864,0.0003146521,0.0011087803,-0.0059130746,0.0,0.0,0.0,0.0,0,20.62
704508000,704508000,0.9999866,0.00034195883,0.0010655882,-0.0058900015,0.0,0.0,0.0,0.0,0,20.64
704528000,704528000,0.99998677,0.0003637902,0.0010271227,-0.005868559,0.0,0.0,0.0,0.0,0,20.66
704548000,704548000,0.9999869,0.00037504002,0.0010001676,-0.0058487533,0.0,0.0,0.0,0.0,0,20.68
704568000,704568000,0.999987,0.00038097752,0.0009696781,-0.0058308854,0.0,0.0,0.0,0.0,0,20.7
704588000,704588000,0.9999871,0.00038898236,0.00093372364,-0.005815024,0.0,0.0,0.0,0.0,0,20.72
704608000,704608000,0.99998724,0.00040219675,0.00089183147,-0.0058011566,0.0,0.0,0.0,0.0,0,20.74
704628000,704628000,0.99998736,0.00040956974,0.00083168055,-0.0057893908,0.0,0.0,0.0,0.0,0,20.76
704648000,704648000,0.9999875,0.00040590702,0.0007625709,-0.005780025,0.0,0.0,0.0,0.0,0,20.78
704668000,704668000,0.99998754,0.0003961679,0.00069411594,-0.0057728374,0.0,0.0,0.0,0.0,0,20.8
704688000,704688000,0.99998766,0.00038900258,0.0006209305,-0.0057675163,0.0,0.0,0.0,0.0,0,20.82
704708000,704708000,0.9999877,0.00038351203,0.00053947413,-0.0057640057,0.0,0.0,0.0,0.0,0,20.84
704728000,704728000,0.9999878,0.0003778605,0.000461777,-0.0057625556,0.0,0.0,0.0,0.0,0,20.86
704748000,704748000,0.9999878,0.00037281663,0.00039641338,-0.0057628816,0.0,0.0,0.0,0.0,0,20.88
704768000,704768000,0.99998784,0.0003632113,0.00032786318,-0.0057646674,0.0,0.0,0.0,0.0,0,20.9
704788000,704788000,0.99998784,0.00034433242,0.0002604527,-0.005767832,0.0,0.0,0.0,0.0,0,20.92
704808000,704808000,0.99998784,0.00031709467,0.00020283773,-0.0057720966,0.0,0.0,0.0,0.0,0,20.94
704828000,704828000,0.99998784,0.0002853264,0.00015159506,-0.0057772,0.0,0.0,0.0,0.0,0,20.96
704848000,704848000,0.9999878,0.0002616479,9.430105e-05,-0.005783266,0.0,0.0,0.0,0.0,0,20.98
704868000,704868000,0.9999878,0.0002387473,3.833133e-05,-0.005790497,0.0,0.0,0.0,0.0,0,21.0
704888000,704888000,0.9999877,0.0002165529,-1.6115824e-05,-0.0057990304,0.0,0.0,0.0,0.0,0,21.02
704908000,704908000,0.99998766,0.00019525675,-6.9310925e-05,-0.0058091446,0.0,0.0,0.0,0.0,0,21.04
704928000,704928000,0.9999876,0.00018069864,-0.0001230198,-0.0058206622,0.0,0.0,0.0,0.0,0,21.06
704948000,704948000,0.9999875,0.00017876913,-0.00017478636,-0.005833464,0.0,0.0,0.0,0.0,0,21.08
704968000,704968000,0.9999874,0.0001787098,-0.00023691123,-0.00584734,0.0,0.0,0.0,0.0,0,21.1
704988000,704988000,0.9999873,0.0001838997,-0.00030298682,-0.005862,0.0,0.0,0.0,0.0,0,21.12
705008000,705008000,0.9999872,0.00019279568,-0.00037282225,-0.005877354,0.0,0.0,0.0,0.0,0,21.14
705028000,705028000,0.99998707,0.00020451844,-0.00045030323,-0.0058928705,0.0,0.0,0.0,0.0,0,21.16
705048000,705048000,0.99998695,0.00021767674,-0.0005303012,-0.005908007,0.0,0.0,0.0,0.0,0,21.18
705068000,705068000,0.9999868,0.00022814216,-0.0006067525,-0.0059224935,0.0,0.0,0.0,0.0,0,21.2
705088000,705088000,0.99998665,0.00023329111,-0.00067521166,-0.0059362897,0.0,0.0,0.0,0.0,0,21.22
705108000,705108000,0.9999865,0.0002362757,-0.0007346525,-0.005949948,0.0,0.0,0.0,0.0,0,21.24
705128000,705128000,0.9999864,0.00023697862,-0.00079802057,-0.005963726,0.0,0.0,0.0,0.0,0,21.26
705148000,705148000,0.9999863,0.00023803469,-0.00086522574,-0.0059772637,0.0,0.0,0.0,0.0,0,21.28
705168000,705168000,0.9999862,0.00023828354,-0.0009321113,-0.0059902035,0.0,0.0,0.0,0.0,0,21.3
705188000,705188000,0.999986,0.00023400913,-0.0009932766,-0.0060026376,0.0,0.0,0.0,0.0,0,21.32
705208000,705208000,0.9999859,0.00023094364,-0.001054068,-0.0060148383,0.0,0.0,0.0,0.0,0,21.34
705228000,705228000,0.99998575,0.00023240974,-0.0011173417,-0.006026885,0.0,0.0,0.0,0.0,0,21.36
705248000,705248000,0.9999856,0.00023993298,-0.0011847332,-0.006038815,0.0,0.0,0.0,0.0,0,21.38
705268000,705268000,0.9999854,0.00025415074,-0.0012565177,-0.0060506426,0.0,0.0,0.0,0.0,0,21.4
705288000,705288000,0.9999853,0.00027529994,-0.0013332405,-0.006062377,0.0,0.0,0.0,0.0,0,21.42
705308000,705308000,0.99998504,0.00029812456,-0.0014091405,-0.0060738306,0.0,0.0,0.0,0.0,0,21.44
705328000,705328000,0.9999849,0.0003087285,-0.0014705299,-0.006084942,0.0,0.0,0.0,0.0,0,21.46
705348000,705348000,0.99998474,0.00031666417,-0.0015266911,-0.0060958057,0.0,0.0,0.0,0.0,0,21.48
705368000,705368000,0.9999846,0.00032743093,-0.0015834593,-0.0061066058,0.0,0.0,0.0,0.0,0,21.5
705388000,705388000,0.99998444,0.00034086892,-0.0016403372,-0.0061174054,0.0,0.0,0.0,0.0,0,21.52
705408000,705408000,0.99998426,0.00035926502,-0.0016997026,-0.0061281775,0.0,0.0,0.0,0.0,0,21.54
705428000,705428000,0.9999841,0.00038089135,-0.001752406,-0.006139149,0.0,0.0,0.0,0.0,0,21.56
705448000,705448000,0.99998397,0.00039317354,-0.0017981355,-0.0061503886,0.0,0.0,0.0,0.0,0,21.58
705468000,705468000,0.9999838,0.0003974176,-0.0018396504,-0.006161705,0.0,0.0,0.0,0.0,0,21.6
705488000,705488000,0.99998367,0.00040340895,-0.0018787746,-0.006172799,0.0,0.0,0.0,0.0,0,21.62
705508000,705508000,0.9999835,0.00040548822,-0.0019286338,-0.006183868,0.0,0.0,0.0,0.0,0,21.64
705528000,705528000,0.9999833,0.00040374763,-0.001970135,-0.0061950805,0.0,0.0,0.0,0.0,0,21.66
705548000,705548000,0.99998325,0.00040313613,-0.0019916052,-0.0062063127,0.0,0.0,0.0,0.0,0,21.68
705568000,705568000,0.99998313,0.00040393943,-0.002013551,-0.0062175896,0.0,0.0,0.0,0.0,0,21.7
705588000,705588000,0.99998295,0.0004087611,-0.0020521064,-0.0062286668,0.0,0.0,0.0,0.0,0,21.72
705608000,705608000,0.99998283,0.00041132557,-0.002090272,-0.0062397667,0.0,0.0,0.0,0.0,0,21.74
705628000,705628000,0.9999827,0.00041343647,-0.0021154953,-0.006251128,0.0,0.0,0.0,0.0,0,21.76
705648000,705648000,0.9999826,0.0004173835,-0.0021256607,-0.006262531,0.0,0.0,0.0,0.0,0,21.78
705668000,705668000,0.99998254,0.00042424913,-0.0021304914,-0.006273753,0.0,0.0,0.0,0.0,0,21.8
705688000,705688000,0.9999824,0.00043472808,-0.0021379455,-0.0062847375,0.0,0.0,0.0,0.0,0,21.82
705708000,705708000,0.99998236,0.00045192603,-0.0021448154,-0.0062955967,0.0,0.0,0.0,0.0,0,21.84
705728000,705728000,0.99998224,0.00047533898,-0.0021536897,-0.0063063665,0.0,0.0,0.0,0.0,0,21.86
705748000,705748000,0.9999821,0.00050299265,-0.0021634519,-0.006316711,0.0,0.0,0.0,0.0,0,21.88
705768000,705768000,0.99998206,0.00052404206,-0.0021632574,-0.0063261376,0.0,0.0,0.0,0.0,0,21.9
705788000,705788000,0.999982,0.00053458224,-0.002160503,-0.006335172,0.0,0.0,0.0,0.0,0,21.92
705808000,705808000,0.99998194,0.0005440392,-0.0021735774,-0.0063439226,0.0,0.0,0.0,0.0,0,21.94
705828000,705828000,0.9999818,0.00055840984,-0.002176426,-0.006352581,0.0,0.0,0.0,0.0,0,21.96
705848000,705848000,0.9999818,0.0005737983,-0.0021719695,-0.0063610766,0.0,0.0,0.0,0.0,0,21.98
705868000,705868000,0.99998176,0.00059291517,-0.002168396,-0.0063695,0.0,0.0,0.0,0.0,0,22.0
705888000,705888000,0.9999817,0.0006172517,-0.0021667304,-0.0063778544,0.0,0.0,0.0,0.0,0,22.02
705908000,705908000,0.9999816,0.00064701174,-0.0021671222,-0.006386141,0.0,0.0,0.0,0.0,0,22.04
705928000,705928000,0.9999815,0.000682241,-0.0021694861,-0.006394326,0.0,0.0,0.0,0.0,0,22.06
705948000,705948000,0.99998146,0.0007172119,-0.0021680982,-0.0064017894,0.0,0.0,0.0,0.0,0,22.08
705968000,705968000,0.9999814,0.00074204383,-0.0021527947,-0.0064083077,0.0,0.0,0.0,0.0,0,22.1
705988000,705988000,0.9999814,0.0007617193,-0.002128691,-0.0064141434,0.0,0.0,0.0,0.0,0,22.12
706008000,706008000,0.9999814,0.00078092277,-0.0021040947,-0.00641951,0.0,0.0,0.0,0.0,0,22.14
706028000,706028000,0.99998146,0.00080272683,-0.0020690404,-0.0064246887,0.0,0.0,0.0,0.0,0,22.16
706048000,706048000,0.99998146,0.0008321657,-0.0020436414,-0.006429876,0.0,0.0,0.0,0.0,0,22.18
706068000,706068000,0.99998146,0.0008689401,-0.0020097925,-0.006435113,0.0,0.0,0.0,0.0,0,22.2
706088000,706088000,0.99998146,0.00090590556,-0.0019649812,-0.006440825,0.0,0.0,0.0,0.0,0,22.22
706108000,706108000,0.99998146,0.0009347832,-0.0019236029,-0.006447053,0.0,0.0,0.0,0.0,0,22.24
706128000,706128000,0.9999815,0.00095343764,-0.0018737962,-0.006453644,0.0,0.0,0.0,0.0,0,22.26
706148000,706148000,0.9999816,0.0009651399,-0.0018195162,-0.0064604757,0.0,0.0,0.0,0.0,0,22.28
706168000,706168000,0.9999816,0.0009774539,-0.0017865094,-0.0064673536,0.0,0.0,0.0,0.0,0,22.3
706188000,706188000,0.9999815,0.0009953958,-0.0017595403,-0.00647435,0.0,0.0,0.0,0.0,0,22.32
706208000,706208000,0.9999816,0.001019629,-0.0017127251,-0.0064813257,0.0,0.0,0.0,0.0,0,22.34
706228000,706228000,0.9999816,0.0010450147,-0.0016552885,-0.006488387,0.0,0.0,0.0,0.0,0,22.36
706248000,706248000,0.9999816,0.0010699831,-0.0016091481,-0.0064958176,0.0,0.0,0.0,0.0,0,22.38
706268000,706268000,0.9999816,0.001098278,-0.0015676167,-0.0065034833,0.0,0.0,0.0,0.0,0,22.4
706288000,706288000,0.9999815,0.0011375432,-0.0015215107,-0.0065117795,0.0,0.0,0.0,0.0,0,22.42
706308000,706308000,0.9999815,0.001186661,-0.0014705856,-0.0065205293,0.0,0.0,0.0,0.0,0,22.44
706328000,706328000,0.99998146,0.0012437024,-0.0014166808,-0.006529634,0.0,0.0,0.0,0.0,0,22.46
706348000,706348000,0.9999814,0.001299859,-0.0013665184,-0.0065391995,0.0,0.0,0.0,0.0,0,22.48
706368000,706368000,0.99998134,0.0013546231,-0.0013152589,-0.00654918,0.0,0.0,0.0,0.0,0,22.5
706388000,706388000,0.9999813,0.0014141818,-0.0012497959,-0.006559553,0.0,0.0,0.0,0.0,0,22.52
706408000,706408000,0.99998116,0.0014743947,-0.0011938394,-0.0065701357,0.0,0.0,0.0,0.0,0,22.54
706428000,706428000,0.99998105,0.0015330575,-0.0011568181,-0.0065810755,0.0,0.0,0.0,0.0,0,22.56
706448000,706448000,0.9999809,0.0015910325,-0.0011095984,-0.006592122,0.0,0.0,0.0,0.0,0,22.58
706468000,706468000,0.9999808,0.0016512227,-0.0010593623,-0.006603428,0.0,0.0,0.0,0.0,0,22.6
706488000,706488000,0.9999807,0.0017091645,-0.0010109767,-0.006614976,0.0,0.0,0.0,0.0,0,22.62
706508000,706508000,0.99998057,0.0017669165,-0.0009457952,-0.006626505,0.0,0.0,0.0,0.0,0,22.64
706528000,706528000,0.99998045,0.0018266909,-0.00088631886,-0.0066380417,0.0,0.0,0.0,0.0,0,22.66
706548000,706548000,0.9999772,0.0031877751,0.0005527976,-0.0066520874,0.0,0.0,0.0,0.0,0,22.68
706568000,706568000,0.9999385,0.007834631,0.005115304,-0.006676593,0.0,0.0,0.0,0.0,0,22.7
706588000,706588000,0.9998161,0.014731456,0.010701248,-0.0067281695,0.0,0.0,0.0,0.0,0,22.72
706608000,706608000,0.9995997,0.022509001,0.016011635,-0.00681771,0.0,0.0,0.0,0.0,0,22.74
706628000,706628000,0.9992813,0.03064565,0.02141832,-0.006938254,0.0,0.0,0.0,0.0,0,22.76
706648000,706648000,0.9988611,0.03887438,0.026909314,-0.007091601,0.0,0.0,0.0,0.0,0,22.78
706668000,706668000,0.9983571,0.04696967,0.03213845,-0.007286708,0.0,0.0,0.0,0.0,0,22.8
706688000,706688000,0.9977943,0.054724615,0.03693587,-0.0075261532,0.0,0.0,0.0,0.0,0,22.82
706708000,706708000,0.99719536,0.062005267,0.041290812,-0.0078064036,0.0,0.0,0.0,0.0,0,22.84
706728000,706728000,0.99658096,0.06871794,0.045248326,-0.008121283,0.0,0.0,0.0,0.0,0,22.86
706748000,706748000,0.9959702,0.07480567,0.048836023,-0.008465335,0.0,0.0,0.0,0.0,0,22.88
706768000,706768000,0.9953758,0.08029901,0.05205827,-0.008837608,0.0,0.0,0.0,0.0,0,22.9
706788000,706788000,0.9948077,0.08522419,0.05493842,-0.009235356,0.0,0.0,0.0,0.0,0,22.92
706808000,706808000,0.99427235,0.08961155,0.057516877,-0.00965431,0.0,0.0,0.0,0.0,0,22.94
706828000,706828000,0.9937738,0.09350033,0.059821494,-0.010091256,0.0,0.0,0.0,0.0,0,22.96
706848000,706848000,0.99331546,0.09692222,0.06187465,-0.010542915,0.0,0.0,0.0,0.0,0,22.98
706868000,706868000,0.99289733,0.09992677,0.06369866,-0.011006915,0.0,0.0,0.0,0.0,0,23.0
706888000,706888000,0.99251807,0.102560565,0.06531897,-0.01148036,0.0,0.0,0.0,0.0,0,23.02
706908000,706908000,0.9921771,0.10485251,0.06675737,-0.011959883,0.0,0.0,0.0,0.0,0,23.04
706928000,706928000,0.99186844,0.1068677,0.068047866,-0.012444343,0.0,0.0,0.0,0.0,0,23.06
706948000,706948000,0.9915173,0.1090486,0.069598734,-0.012920645,0.0,0.0,0.0,0.0,0,23.08
706968000,706968000,0.99092484,0.11251782,0.072375596,-0.013364106,0.0,0.0,0.0,0.0,0,23.1
706988000,706988000,0.98990595,0.11823761,0.07697424,-0.01378799,0.0,0.0,0.0,0.0,0,23.12
707008000,707008000,0.988366,0.1265077,0.08327308,-0.014252577,0.0,0.0,0.0,0.0,0,23.14
707028000,707028000,0.986309,0.13697265,0.090675086,-0.014837802,0.0,0.0,0.0,0.0,0,23.16
707048000,707048000,0.98385155,0.14875144,0.09836068,-0.015601328,0.0,0.0,0.0,0.0,0,23.18
707068000,707068000,0.981142,0.16096137,0.105767876,-0.016556997,0.0,0.0,0.0,0.0,0,23.2
707088000,707088000,0.9783292,0.17290817,0.11256414,-0.017696423,0.0,0.0,0.0,0.0,0,23.22
707108000,707108000,0.9755538,0.18407199,0.11857754,-0.01899456,0.0,0.0,0.0,0.0,0,23.24
707128000,707128000,0.97291,0.19421294,0.1237713,-0.020427184,0.0,0.0,0.0,0.0,0,23.26
707148000,707148000,0.9704733,0.20319015,0.12814757,-0.021970171,0.0,0.0,0.0,0.0,0,23.28
707168000,707168000,0.96827734,0.21100041,0.13179572,-0.023596173,0.0,0.0,0.0,0.0,0,23.3
707188000,707188000,0.9663591,0.21762945,0.13474871,-0.02528665,0.0,0.0,0.0,0.0,0,23.32
707208000,707208000,0.96473134,0.22311981,0.13707632,-0.027021527,0.0,0.0,0.0,0.0,0,23.34
707228000,707228000,0.9634073,0.22749576,0.13882636,-0.028782973,0.0,0.0,0.0,0.0,0,23.36
707248000,707248000,0.96238875,0.23080848,0.14003779,-0.030558217,0.0,0.0,0.0,0.0,0,23.38
707268000,707268000,0.96166945,0.23310964,0.14076792,-0.032329865,0.0,0.0,0.0,0.0,0,23.4
707288000,707288000,0.9612437,0.23444688,0.14104028,-0.03408693,0.0,0.0,0.0,0.0,0,23.42
707308000,707308000,0.96109796,0.23487745,0.1408885,-0.035816476,0.0,0.0,0.0,0.0,0,23.44
707328000,707328000,0.96121633,0.23446049,0.14033398,-0.037509114,0.0,0.0,0.0,0.0,0,23.46
707348000,707348000,0.9615797,0.23325376,0.13940343,-0.039154075,0.0,0.0,0.0,0.0,0,23.48
707368000,707368000,0.96216977,0.23130508,0.13811788,-0.04074115,0.0,0.0,0.0,0.0,0,23.5
707388000,707388000,0.9629629,0.22867523,0.13650344,-0.04226077,0.0,0.0,0.0,0.0,0,23.52
707408000,707408000,0.96394134,0.22540839,0.13456208,-0.043707285,0.0,0.0,0.0,0.0,0,23.54
707428000,707428000,0.96507865,0.22156811,0.13231914,-0.045072485,0.0,0.0,0.0,0.0,0,23.56
707448000,707448000,0.96635664,0.2171914,0.12978278,-0.046349175,0.0,0.0,0.0,0.0,0,23.58
707468000,707468000,0.9677568,0.21231773,0.12695545,-0.04753243,0.0,0.0,0.0,0.0,0,23.6
707488000,707488000,0.969252,0.20700966,0.12386811,-0.04861426,0.0,0.0,0.0,0.0,0,23.62
707508000,707508000,0.9708333,0.20126878,0.1205143,-0.049588397,0.0,0.0,0.0,0.0,0,23.64
707528000,707528000,0.97247463,0.1951584,0.116919994,-0.05044939,0.0,0.0,0.0,0.0,0,23.66
707548000,707548000,0.9741655,0.18868181,0.1130906,-0.05118979,0.0,0.0,0.0,0.0,0,23.68
707568000,707568000,0.97588474,0.18189001,0.10904231,-0.051806033,0.0,0.0,0.0,0.0,0,23.7
707588000,707588000,0.9776145,0.17482032,0.10479568,-0.052293744,0.0,0.0,0.0,0.0,0,23.72
707608000,707608000,0.97934294,0.1674875,0.10036221,-0.052648325,0.0,0.0,0.0,0.0,0,23.74
707628000,707628000,0.98105216,0.15995057,0.095738955,-0.052873496,0.0,0.0,0.0,0.0,0,23.76
707648000,707648000,0.98273444,0.1521853,0.09098008,-0.052956544,0.0,0.0,0.0,0.0,0,23.78
707668000,707668000,0.984374,0.14426021,0.086062945,-0.05290644,0.0,0.0,0.0,0.0,0,23.8
707688000,707688000,0.985962,0.1361688,0.08103884,-0.052714877,0.0,0.0,0.0,0.0,0,23.82
707708000,707708000,0.9874877,0.1279513,0.0759023,-0.052387565,0.0,0.0,0.0,0.0,0,23.84
707728000,707728000,0.9889412,0.1196269,0.07069625,-0.051921923,0.0,0.0,0.0,0.0,0,23.86
707748000,707748000,0.99031514,0.11121994,0.06543043,-0.05132212,0.0,0.0,0.0,0.0,0,23.88
707768000,707768000,0.9916025,0.10276626,0.06010806,-0.050594345,0.0,0.0,0.0,0.0,0,23.9
707788000,707788000,0.9927962,0.09427774,0.054797027,-0.04973733,0.0,0.0,0.0,0.0,0,23.92
707808000,707808000,0.9938945,0.08577942,0.04946701,-0.048761625,0.0,0.0,0.0,0.0,0,23.94
707828000,707828000,0.99489146,0.077303044,0.044180766,-0.047669735,0.0,0.0,0.0,0.0,0,23.96
707848000,707848000,0.9957894,0.06884379,0.038902946,-0.046472102,0.0,0.0,0.0,0.0,0,23.98
707868000,707868000,0.99658275,0.060453724,0.033714287,-0.045173023,0.0,0.0,0.0,0.0,0,24.0
707888000,707888000,0.9972758,0.052116614,0.02858352,-0.043782227,0.0,0.0,0.0,0.0,0,24.02
707908000,707908000,0.99786663,0.04389057,0.02355711,-0.04230783,0.0,0.0,0.0,0.0,0,24.04
707928000,707928000,0.99835986,0.035756998,0.018623661,-0.04075962,0.0,0.0,0.0,0.0,0,24.06
707948000,707948000,0.9987564,0.027771618,0.013821025,-0.039146807,0.0,0.0,0.0,0.0,0,24.08
707968000,707968000,0.9990615,0.019920774,0.009144099,-0.037479114,0.0,0.0,0.0,0.0,0,24.1
707988000,707988000,0.9992791,0.0122439815,0.004609894,-0.035766423,0.0,0.0,0.0,0.0,0,24.12
708008000,708008000,0.99941456,0.004732571,0.00022497741,-0.0340181,0.0,0.0,0.0,0.0,0,24.14
708028000,708028000,0.99947315,-0.0025912556,-0.00401264,-0.032243915,0.0,0.0,0.0,0.0,0,24.16
708048000,708048000,0.9994608,-0.009713926,-0.008089897,-0.030453382,0.0,0.0,0.0,0.0,0,24.18
708068000,708068000,0.99938345,-0.016633084,-0.011999537,-0.02865602,0.0,0.0,0.0,0.0,0,24.2
708088000,708088000,0.9992479,-0.02332113,-0.015725398,-0.026861386,0.0,0.0,0.0,0.0,0,24.22
708108000,708108000,0.99905974,-0.02979607,-0.019289626,-0.025077913,0.0,0.0,0.0,0.0,0,24.24
708128000,708128000,0.99882585,-0.036023993,-0.022690218,-0.023313086,0.0,0.0,0.0,0.0,0,24.26
708148000,708148000,0.99855155,-0.04202157,-0.025934387,-0.02157499,0.0,0.0,0.0,0.0,0,24.28
708168000,708168000,0.9982447,-0.04775332,-0.02900728,-0.01987121,0.0,0.0,0.0,0.0,0,24.3
708188000,708188000,0.9979096,-0.05324849,-0.031915158,-0.018209511,0.0,0.0,0.0,0.0,0,24.32
708208000,708208000,0.99755365,-0.05847784,-0.034652185,-0.016596308,0.0,0.0,0.0,0.0,0,24.34
708228000,708228000,0.9971793,-0.06347682,-0.03724261,-0.015037528,0.0,0.0,0.0,0.0,0,24.36
708248000,708248000,0.9967945,-0.0682099,-0.03967209,-0.013538829,0.0,0.0,0.0,0.0,0,24.38
708268000,708268000,0.99640065,-0.07271028,-0.041970573,-0.012104642,0.0,0.0,0.0,0.0,0,24.4
708288000,708288000,0.99600416,-0.076954514,-0.044129625,-0.010739109,0.0,0.0,0.0,0.0,0,24.42
708308000,708308000,0.99560845,-0.08095403,-0.04615269,-0.009446843,0.0,0.0,0.0,0.0,0,24.44
708328000,708328000,0.9952191,-0.08469644,-0.0480288,-0.0082317535,0.0,0.0,0.0,0.0,0,24.46
708348000,708348000,0.99483657,-0.0882061,-0.04978572,-0.007095439,0.0,0.0,0.0,0.0,0,24.48
708368000,708368000,0.9944647,-0.09148056,-0.051418506,-0.0060404423,0.0,0.0,0.0,0.0,0,24.5
708388000,708388000,0.99410516,-0.09452901,-0.052940115,-0.0050679343,0.0,0.0,0.0,0.0,0,24.52
708408000,708408000,0.9937616,-0.097347975,-0.054340266,-0.0041802353,0.0,0.0,0.0,0.0,0,24.54
708428000,708428000,0.99343616,-0.09993459,-0.055636402,-0.0033760448,0.0,0.0,0.0,0.0,0,24.56
708448000,708448000,0.9931308,-0.10229222,-0.056829043,-0.0026557073,0.0,0.0,0.0,0.0,0,24.58
708468000,708468000,0.9928468,-0.10442939,-0.05792059,-0.002019389,0.0,0.0,0.0,0.0,0,24.6
708488000,708488000,0.99258465,-0.106355086,-0.058917843,-0.0014663566,0.0,0.0,0.0,0.0,0,24.62
708508000,708508000,0.992345,-0.10807462,-0.05982815,-0.0009950078,0.0,0.0,0.0,0.0,0,24.64
708528000,708528000,0.99212766,-0.10960334,-0.06065116,-0.00060483813,0.0,0.0,0.0,0.0,0,24.66
708548000,708548000,0.99193496,-0.11093516,-0.06137974,-0.00029457852,0.0,0.0,0.0,0.0,0,24.68
708568000,708568000,0.9917657,-0.112080745,-0.062031217,-6.035267e-05,0.0,0.0,0.0,0.0,0,24.7
708588000,708588000,0.9916197,-0.11304772,-0.062606916,0.00010035889,0.0,0.0,0.0,0.0,0,24.72
708608000,708608000,0.9914974,-0.113843195,-0.063100815,0.00018893958,0.0,0.0,0.0,0.0,0,24.74
708628000,708628000,0.9913991,-0.11446673,-0.06351522,0.0002089948,0.0,0.0,0.0,0.0,0,24.76
708648000,708648000,0.99132234,-0.11493296,-0.06387116,0.00016489535,0.0,0.0,0.0,0.0,0,24.78
708668000,708668000,0.99126595,-0.11525306,-0.06416918,5.958075e-05,0.0,0.0,0.0,0.0,0,24.8
708688000,708688000,0.99123037,-0.11542812,-0.06440353,-0.000103978746,0.0,0.0,0.0,0.0,0,24.82
708708000,708708000,0.99121654,-0.115456104,-0.064564824,-0.00032321372,0.0,0.0,0.0,0.0,0,24.84
708728000,708728000,0.99122363,-0.11533862,-0.06466441,-0.00059281336,0.0,0.0,0.0,0.0,0,24.86
708748000,708748000,0.99124974,-0.115086876,-0.06470854,-0.0009082331,0.0,0.0,0.0,0.0,0,24.88
708768000,708768000,0.99129444,-0.11470491,-0.06469657,-0.0012657711,0.0,0.0,0.0,0.0,0,24.9
708788000,708788000,0.9913564,-0.114208095,-0.064617515,-0.0016636816,0.0,0.0,0.0,0.0,0,24.92
708808000,708808000,0.9914347,-0.113596335,-0.06448089,-0.0020965624,0.0,0.0,0.0,0.0,0,24.94
708828000,708828000,0.99152786,-0.1128718,-0.06430461,-0.0025578374,0.0,0.0,0.0,0.0,0,24.96
708848000,708848000,0.99163455,-0.11204778,-0.06407853,-0.0030455599,0.0,0.0,0.0,0.0,0,24.98
708868000,708868000,0.9917541,-0.111131325,-0.06379714,-0.003556655,0.0,0.0,0.0,0.0,0,25.0
708888000,708888000,0.99188536,-0.110126846,-0.063465804,-0.0040864637,0.0,0.0,0.0,0.0,0,25.02
708908000,708908000,0.9920273,-0.109036684,-0.06309109,-0.004629981,0.0,0.0,0.0,0.0,0,25.04
708928000,708928000,0.99217904,-0.107866436,-0.06267221,-0.0051835557,0.0,0.0,0.0,0.0,0,25.06
708948000,708948000,0.9923396,-0.10662327,-0.06220642,-0.005744141,0.0,0.0,0.0,0.0,0,25.08
708968000,708968000,0.9925079,-0.10531292,-0.061697632,-0.0063079963,0.0,0.0,0.0,0.0,0,25.1
708988000,708988000,0.99268275,-0.10393575,-0.061156906,-0.0068702525,0.0,0.0,0.0,0.0,0,25.12
709008000,709008000,0.9928638,-0.10249463,-0.06058273,-0.007427526,0.0,0.0,0.0,0.0,0,25.14
709028000,709028000,0.9930507,-0.10099772,-0.059960414,-0.007978382,0.0,0.0,0.0,0.0,0,25.16
709048000,709048000,0.9932422,-0.09944889,-0.059298772,-0.008519003,0.0,0.0,0.0,0.0,0,25.18
709068000,709068000,0.99343777,-0.09784753,-0.058605134,-0.009045442,0.0,0.0,0.0,0.0,0,25.2
709088000,709088000,0.993636,-0.0962011,-0.05788447,-0.009554793,0.0,0.0,0.0,0.0,0,25.22
709108000,709108000,0.9938363,-0.09451113,-0.057142906,-0.010044127,0.0,0.0,0.0,0.0,0,25.24
709128000,709128000,0.994037,-0.0927932,-0.056377776,-0.010512557,0.0,0.0,0.0,0.0,0,25.26
709148000,709148000,0.9942382,-0.0910529,-0.055576876,-0.010959179,0.0,0.0,0.0,0.0,0,25.28
709168000,709168000,0.9944395,-0.08928194,-0.05475815,-0.011379773,0.0,0.0,0.0,0.0,0,25.3
709188000,709188000,0.99464065,-0.087482095,-0.05392029,-0.011772872,0.0,0.0,0.0,0.0,0,25.32
709208000,709208000,0.9948403,-0.08566669,-0.053063255,-0.01213804,0.0,0.0,0.0,0.0,0,25.34
709228000,709228000,0.99503815,-0.08384511,-0.052178647,-0.012474712,0.0,0.0,0.0,0.0,0,25.36
709248000,709248000,0.9952328,-0.08202136,-0.05128217,-0.012780683,0.0,0.0,0.0,0.0,0,25.38
709268000,709268000,0.995425,-0.08018927,-0.050372604,-0.013055091,0.0,0.0,0.0,0.0,0,25.4
709288000,709288000,0.99561447,-0.07834936,-0.049451962,-0.01329717,0.0,0.0,0.0,0.0,0,25.42
709308000,709308000,0.99580145,-0.076499164,-0.048517838,-0.013506732,0.0,0.0,0.0,0.0,0,25.44
709328000,709328000,0.99598503,-0.074648045,-0.04757421,-0.013683424,0.0,0.0,0.0,0.0,0,25.46
709348000,709348000,0.99616516,-0.07279917,-0.046616845,-0.013827401,0.0,0.0,0.0,0.0,0,25.48
709368000,709368000,0.99634063,-0.07096237,-0.045655765,-0.013938798,0.0,0.0,0.0,0.0,0,25.5
709388000,709388000,0.99651223,-0.06912913,-0.0446901,-0.014017423,0.0,0.0,0.0,0.0,0,25.52
709408000,709408000,0.99667865,-0.06731022,-0.04372956,-0.014063689,0.0,0.0,0.0,0.0,0,25.54
709428000,709428000,0.99684083,-0.065503776,-0.04276068,-0.014079332,0.0,0.0,0.0,0.0,0,25.56
709448000,709448000,0.9969978,-0.06372428,-0.041783996,-0.014065453,0.0,0.0,0.0,0.0,0,25.58
709468000,709468000,0.99715,-0.06196626,-0.040798917,-0.014022555,0.0,0.0,0.0,0.0,0,25.6
709488000,709488000,0.99729717,-0.060229577,-0.039814614,-0.013950874,0.0,0.0,0.0,0.0,0,25.62
709508000,709508000,0.99744034,-0.058505498,-0.038821224,-0.013851644,0.0,0.0,0.0,0.0,0,25.64
709528000,709528000,0.9975777,-0.056815922,-0.03783237,-0.01372605,0.0,0.0,0.0,0.0,0,25.66
709548000,709548000,0.99771005,-0.055148695,-0.036852017,-0.0135744475,0.0,0.0,0.0,0.0,0,25.68
709568000,709568000,0.99783725,-0.053508956,-0.03587732,-0.013398252,0.0,0.0,0.0,0.0,0,25.7
709588000,709588000,0.9979601,-0.05188663,-0.03490445,-0.013198457,0.0,0.0,0.0,0.0,0,25.72
709608000,709608000,0.99807787,-0.050289538,-0.033945024,-0.0129763065,0.0,0.0,0.0,0.0,0,25.74
709628000,709628000,0.9981914,-0.048706748,-0.03299215,-0.012733558,0.0,0.0,0.0,0.0,0,25.76
709648000,709648000,0.99830014,-0.04715051,-0.032050405,-0.012472055,0.0,0.0,0.0,0.0,0,25.78
709668000,709668000,0.9984045,-0.04561412,-0.031117069,-0.012193475,0.0,0.0,0.0,0.0,0,25.8
709688000,709688000,0.99850404,-0.044108767,-0.030192351,-0.011899769,0.0,0.0,0.0,0.0,0,25.82
709708000,709708000,0.99859965,-0.04262051,-0.029273828,-0.011591944,0.0,0.0,0.0,0.0,0,25.84
709728000,709728000,0.9986911,-0.0411559,-0.028360952,-0.0112718595,0.0,0.0,0.0,0.0,0,25.86
709748000,709748000,0.9987785,-0.039712384,-0.027455926,-0.010941085,0.0,0.0,0.0,0.0,0,25.88
709768000,709768000,0.9988616,-0.038297467,-0.026561726,-0.010601499,0.0,0.0,0.0,0.0,0,25.9
709788000,709788000,0.9989404,-0.036909927,-0.0256841,-0.010254351,0.0,0.0,0.0,0.0,0,25.92
709808000,709808000,0.99901515,-0.035550002,-0.024819562,-0.009901124,0.0,0.0,0.0,0.0,0,25.94
709828000,709828000,0.9990862,-0.034209713,-0.023969462,-0.009543322,0.0,0.0,0.0,0.0,0,25.96
709848000,709848000,0.9991532,-0.032895915,-0.023142558,-0.009181954,0.0,0.0,0.0,0.0,0,25.98
709868000,709868000,0.9992166,-0.031600673,-0.02233564,-0.0088187875,0.0,0.0,0.0,0.0,0,26.0
709888000,709888000,0.9992769,-0.030321104,-0.021539925,-0.008455489,0.0,0.0,0.0,0.0,0,26.02
709908000,709908000,0.9993337,-0.029067378,-0.020756938,-0.008093619,0.0,0.0,0.0,0.0,0,26.04
709928000,709928000,0.99938697,-0.027849242,-0.01998513,-0.007734842,0.0,0.0,0.0,0.0,0,26.06
709948000,709948000,0.99943686,-0.026661362,-0.019229308,-0.007380012,0.0,0.0,0.0,0.0,0,26.08
709968000,709968000,0.99948376,-0.025501898,-0.018482259,-0.007030353,0.0,0.0,0.0,0.0,0,26.1
709988000,709988000,0.9995275,-0.024375156,-0.017749274,-0.006687357,0.0,0.0,0.0,0.0,0,26.12
710008000,710008000,0.9995682,-0.023279157,-0.017034981,-0.0063518854,0.0,0.0,0.0,0.0,0,26.14
710028000,710028000,0.99960643,-0.022205785,-0.01633078,-0.0060247234,0.0,0.0,0.0,0.0,0,26.16
710048000,710048000,0.99964225,-0.021158699,-0.015628802,-0.005707001,0.0,0.0,0.0,0.0,0,26.18
710068000,710068000,0.9996754,-0.020148108,-0.014938664,-0.005399728,0.0,0.0,0.0,0.0,0,26.2
710088000,710088000,0.99970603,-0.019168727,-0.014265656,-0.0051034978,0.0,0.0,0.0,0.0,0,26.22
710108000,710108000,0.99973464,-0.018208751,-0.013601718,-0.004818825,0.0,0.0,0.0,0.0,0,26.24
710128000,710128000,0.9997612,-0.017264409,-0.012954657,-0.004546307,0.0,0.0,0.0,0.0,0,26.26
710148000,710148000,0.9997858,-0.016347378,-0.012321833,-0.0042864303,0.0,0.0,0.0,0.0,0,26.28
710168000,710168000,0.99980843,-0.015462502,-0.011697991,-0.004040209,0.0,0.0,0.0,0.0,0,26.3
710188000,710188000,0.99982905,-0.014610273,-0.011089858,-0.0038080292,0.0,0.0,0.0,0.0,0,26.32
710208000,710208000,0.9998481,-0.013778939,-0.0104935095,-0.0035899729,0.0,0.0,0.0,0.0,0,26.34
710228000,710228000,0.99986553,-0.012972798,-0.009912842,-0.0033859145,0.0,0.0,0.0,0.0,0,26.36
710248000,710248000,0.99988157,-0.012184565,-0.00934381,-0.0031963328,0.0,0.0,0.0,0.0,0,26.38
710268000,710268000,0.9998963,-0.011412335,-0.008780081,-0.0030212216,0.0,0.0,0.0,0.0,0,26.4
710288000,710288000,0.99990976,-0.010661372,-0.008231819,-0.0028603263,0.0,0.0,0.0,0.0,0,26.42
710308000,710308000,0.99992174,-0.009941652,-0.0077066286,-0.0027137233,0.0,0.0,0.0,0.0,0,26.44
710328000,710328000,0.9999327,-0.009237665,-0.0071921763,-0.0025814145,0.0,0.0,0.0,0.0,0,26.46
710348000,710348000,0.9999425,-0.008561402,-0.0066945315,-0.0024635303,0.0,0.0,0.0,0.0,0,26.48
710368000,710368000,0.99995106,-0.007917208,-0.0062193093,-0.002359775,0.0,0.0,0.0,0.0,0,26.5
710388000,710388000,0.9999587,-0.007302245,-0.005764446,-0.0022698848,0.0,0.0,0.0,0.0,0,26.52
710408000,710408000,0.99996555,-0.006701669,-0.005318553,-0.0021937601,0.0,0.0,0.0,0.0,0,26.54
710428000,710428000,0.9999716,-0.0061205784,-0.004883182,-0.0021312756,0.0,0.0,0.0,0.0,0,26.56
710448000,710448000,0.99997693,-0.0055675018,-0.00446807,-0.002082416,0.0,0.0,0.0,0.0,0,26.58
710468000,710468000,0.9999814,-0.0050459,-0.004076136,-0.0020466,0.0,0.0,0.0,0.0,0,26.6
710488000,710488000,0.9999853,-0.0045485077,-0.0037022508,-0.0020234408,0.0,0.0,0.0,0.0,0,26.62
710508000,710508000,0.9999886,-0.0040819924,-0.003338636,-0.0020123136,0.0,0.0,0.0,0.0,0,26.64
710528000,710528000,0.9999914,-0.0036364144,-0.002989979,-0.0020124125,0.0,0.0,0.0,0.0,0,26.66
710548000,710548000,0.9999938,-0.0032112168,-0.0026585697,-0.0020230378,0.0,0.0,0.0,0.0,0,26.68
710568000,710568000,0.99999577,-0.0028056777,-0.0023417193,-0.0020440805,0.0,0.0,0.0,0.0,0,26.7
710588000,710588000,0.9999974,-0.002421888,-0.0020393794,-0.0020754635,0.0,0.0,0.0,0.0,0,26.72
710608000,710608000,0.9999986,-0.0020590231,-0.0017518424,-0.0021169046,0.0,0.0,0.0,0.0,0,26.74
710628000,710628000,0.9999996,-0.0017254521,-0.0014862717,-0.0021678344,0.0,0.0,0.0,0.0,0,26.76
710648000,710648000,1.0000004,-0.0014126863,-0.00123518,-0.0022279872,0.0,0.0,0.0,0.0,0,26.78
710668000,710668000,1.0000008,-0.0011137623,-0.0009962975,-0.002296463,0.0,0.0,0.0,0.0,0,26.8
710688000,710688000,1.0000011,-0.00082992675,-0.00077145593,-0.0023723224,0.0,0.0,0.0,0.0,0,26.82
710708000,710708000,1.0000012,-0.0005657013,-0.00055905804,-0.0024543062,0.0,0.0,0.0,0.0,0,26.84
710728000,710728000,1.0000012,-0.00032783154,-0.0003669348,-0.0025416475,0.0,0.0,0.0,0.0,0,26.86
710748000,710748000,1.0000011,-0.000117413576,-0.00019532748,-0.0026336364,0.0,0.0,0.0,0.0,0,26.88
710768000,710768000,1.0000008,6.985832e-05,-4.0197465e-05,-0.002729949,0.0,0.0,0.0,0.0,0,26.9
710788000,710788000,1.0000005,0.00023882596,0.000103544735,-0.0028300288,0.0,0.0,0.0,0.0,0,26.92
710808000,710808000,1.0000001,0.00039755678,0.00024371491,-0.0029332726,0.0,0.0,0.0,0.0,0,26.94
710828000,710828000,0.9999997,0.00054296514,0.00037738934,-0.0030390578,0.0,0.0,0.0,0.0,0,26.96
710848000,710848000,0.9999992,0.00067465106,0.0004975517,-0.0031467106,0.0,0.0,0.0,0.0,0,26.98
710868000,710868000,0.99999875,0.00079683156,0.00059731124,-0.003256003,0.0,0.0,0.0,0.0,0,27.0
710888000,710888000,0.9999982,0.0009127074,0.0006766682,-0.0033662461,0.0,0.0,0.0,0.0,0,27.02
710908000,710908000,0.99999774,0.0010155617,0.000745175,-0.0034763936,0.0,0.0,0.0,0.0,0,27.04
710928000,710928000,0.9999972,0.0011098755,0.00081127166,-0.003585975,0.0,0.0,0.0,0.0,0,27.06
710948000,710948000,0.99999666,0.0011898129,0.0008695693,-0.003694883,0.0,0.0,0.0,0.0,0,27.08
710968000,710968000,0.9999961,0.0012588304,0.0009219127,-0.0038029184,0.0,0.0,0.0,0.0,0,27.1
710988000,710988000,0.9999956,0.0013140361,0.0009651681,-0.003909512,0.0,0.0,0.0,0.0,0,27.12
711008000,711008000,0.9999951,0.0013569425,0.0009915057,-0.0040139505,0.0,0.0,0.0,0.0,0,27.14
711028000,711028000,0.9999946,0.0013971414,0.0010021046,-0.0041165217,0.0,0.0,0.0,0.0,0,27.16
711048000,711048000,0.9999941,0.0014431991,0.0010145081,-0.0042170477,0.0,0.0,0.0,0.0,0,27.18
711068000,711068000,0.9999936,0.0014925459,0.0010205427,-0.0043151462,0.0,0.0,0.0,0.0,0,27.2
711088000,711088000,0.99999315,0.0015393728,0.0010136698,-0.0044102473,0.0,0.0,0.0,0.0,0,27.22
711108000,711108000,0.99999267,0.0015721853,0.0010143983,-0.0045017214,0.0,0.0,0.0,0.0,0,27.24
711128000,711128000,0.99999225,0.0015987824,0.0010197832,-0.004589445,0.0,0.0,0.0,0.0,0,27.26
711148000,711148000,0.9999918,0.0016216326,0.0010129185,-0.004673462,0.0,0.0,0.0,0.0,0,27.28
711168000,711168000,0.9999914,0.0016369341,0.0009995449,-0.004753299,0.0,0.0,0.0,0.0,0,27.3
711188000,711188000,0.99999106,0.0016474382,0.0009867903,-0.0048289364,0.0,0.0,0.0,0.0,0,27.32
711208000,711208000,0.9999907,0.0016519392,0.00097423734,-0.0049004573,0.0,0.0,0.0,0.0,0,27.34
711228000,711228000,0.9999904,0.0016519782,0.0009636515,-0.004967782,0.0,0.0,0.0,0.0,0,27.36
711248000,711248000,0.9999901,0.0016449332,0.000952394,-0.005031245,0.0,0.0,0.0,0.0,0,27.38
711268000,711268000,0.9999898,0.0016298002,0.0009395252,-0.005090738,0.0,0.0,0.0,0.0,0,27.4
711288000,711288000,0.9999896,0.001600016,0.00092522666,-0.005146052,0.0,0.0,0.0,0.0,0,27.42
711308000,711308000,0.99998945,0.0015567719,0.00089861796,-0.005197303,0.0,0.0,0.0,0.0,0,27.44
711328000,711328000,0.9999893,0.001508591,0.00087607646,-0.00524443,0.0,0.0,0.0,0.0,0,27.46
711348000,711348000,0.99998915,0.0014619055,0.0008530081,-0.005287096,0.0,0.0,0.0,0.0,0,27.48
711368000,711368000,0.99998903,0.0014041604,0.00082220143,-0.005325557,0.0,0.0,0.0,0.0,0,27.5
711388000,711388000,0.999989,0.0013362501,0.0007968834,-0.0053599565,0.0,0.0,0.0,0.0,0,27.52
711408000,711408000,0.9999889,0.0012690705,0.00077155774,-0.0053904788,0.0,0.0,0.0,0.0,0,27.54
711428000,711428000,0.9999889,0.0012013139,0.0007408239,-0.0054170103,0.0,0.0,0.0,0.0,0,27.56
711448000,711448000,0.99998885,0.001131686,0.00071183033,-0.005439551,0.0,0.0,0.0,0.0,0,27.58
711468000,711468000,0.99998885,0.0010616201,0.00068409747,-0.0054584257,0.0,0.0,0.0,0.0,0,27.6
711488000,711488000,0.99998885,0.0009953316,0.0006539365,-0.005473652,0.0,0.0,0.0,0.0,0,27.62
711508000,711508000,0.99998885,0.0009309796,0.00062240945,-0.005485209,0.0,0.0,0.0,0.0,0,27.64
711528000,711528000,0.9999889,0.00086117425,0.00058700575,-0.0054933834,0.0,0.0,0.0,0.0,0,27.66
711548000,711548000,0.999989,0.00078794284,0.00054623943,-0.005498192,0.0,0.0,0.0,0.0,0,27.68
711568000,711568000,0.99998903,0.00071552093,0.00050153496,-0.005499968,0.0,0.0,0.0,0.0,0,27.7
711588000,711588000,0.9999891,0.00064515875,0.00045116895,-0.0054993527,0.0,0.0,0.0,0.0,0,27.72
711608000,711608000,0.9999892,0.00057620055,0.0003913632,-0.0054963348,0.0,0.0,0.0,0.0,0,27.74
711628000,711628000,0.9999893,0.0005171529,0.00033681956,-0.005491086,0.0,0.0,0.0,0.0,0,27.76
711648000,711648000,0.9999894,0.00046510727,0.00028649255,-0.0054836175,0.0,0.0,0.0,0.0,0,27.78
711668000,711668000,0.99998945,0.00042450955,0.00024041695,-0.0054743686,0.0,0.0,0.0,0.0,0,27.8
711688000,711688000,0.9999895,0.00039304732,0.00018663598,-0.0054638176,0.0,0.0,0.0,0.0,0,27.82
711708000,711708000,0.9999896,0.00036800912,0.00012730708,-0.0054525714,0.0,0.0,0.0,0.0,0,27.84
711728000,711728000,0.9999897,0.0003413612,6.424194e-05,-0.005440636,0.0,0.0,0.0,0.0,0,27.86
711748000,711748000,0.99998975,0.00031750495,6.352027e-06,-0.005428266,0.0,0.0,0.0,0.0,0,27.88
711768000,711768000,0.99998987,0.00029763143,-4.3162105e-05,-0.0054152077,0.0,0.0,0.0,0.0,0,27.9
711788000,711788000,0.9999899,0.00027405669,-9.101358e-05,-0.005401552,0.0,0.0,0.0,0.0,0,27.92
711808000,711808000,0.99999,0.0002556846,-0.00012795163,-0.0053872657,0.0,0.0,0.0,0.0,0,27.94
711828000,711828000,0.9999901,0.00023386415,-0.00016327009,-0.00537244,0.0,0.0,0.0,0.0,0,27.96
711848000,711848000,0.99999017,0.00020824106,-0.00020107298,-0.0053572906,0.0,0.0,0.0,0.0,0,27.98
711868000,711868000,0.9999902,0.00018058365,-0.0002399719,-0.005342033,0.0,0.0,0.0,0.0,0,28.0
711888000,711888000,0.99999034,0.00015729987,-0.00027188784,-0.005326561,0.0,0.0,0.0,0.0,0,28.02
711908000,711908000,0.9999904,0.00014372428,-0.00030573813,-0.0053111035,0.0,0.0,0.0,0.0,0,28.04
711928000,711928000,0.99999046,0.00012356442,-0.00033711066,-0.0052959165,0.0,0.0,0.0,0.0,0,28.06
711948000,711948000,0.9999905,9.088485e-05,-0.0003566363,-0.005281395,0.0,0.0,0.0,0.0,0,28.08
711968000,711968000,0.9999906,5.9714002e-05,-0.00036792288,-0.0052674985,0.0,0.0,0.0,0.0,0,28.1
711988000,711988000,0.99999064,2.8106435e-05,-0.0003873725,-0.005254645,0.0,0.0,0.0,0.0,0,28.12
712008000,712008000,0.9999907,3.4052348e-06,-0.00040070762,-0.005242971,0.0,0.0,0.0,0.0,0,28.14
712028000,712028000,0.99999076,-1.904069e-05,-0.00040879854,-0.0052326303,0.0,0.0,0.0,0.0,0,28.16
712048000,712048000,0.9999908,-5.2064806e-05,-0.0004226064,-0.0052237655,0.0,0.0,0.0,0.0,0,28.18
712068000,712068000,0.9999908,-8.975257e-05,-0.00043554345,-0.005216535,0.0,0.0,0.0,0.0,0,28.2
712088000,712088000,0.9999909,-0.00012295767,-0.00044641286,-0.0052107684,0.0,0.0,0.0,0.0,0,28.22
712108000,712108000,0.9999909,-0.00015310018,-0.00045817057,-0.0052068,0.0,0.0,0.0,0.0,0,28.24
712128000,712128000,0.9999909,-0.00018368458,-0.00046871073,-0.0052047,0.0,0.0,0.0,0.0,0,28.26
712148000,712148000,0.9999909,-0.00021344604,-0.0004793565,-0.005204044,0.0,0.0,0.0,0.0,0,28.28
712168000,712168000,0.9999909,-0.0002467456,-0.00048591674,-0.005204559,0.0,0.0,0.0,0.0,0,28.3
712188000,712188000,0.9999908,-0.00028125464,-0.0004905242,-0.0052061025,0.0,0.0,0.0,0.0,0,28.32
712208000,712208000,0.9999908,-0.0003107149,-0.00049968023,-0.0052083824,0.0,0.0,0.0,0.0,0,28.34
712228000,712228000,0.99999076,-0.00034501666,-0.0005031608,-0.005211401,0.0,0.0,0.0,0.0,0,28.36
712248000,712248000,0.99999076,-0.00037677356,-0.0005085904,-0.00521532,0.0,0.0,0.0,0.0,0,28.38
712268000,712268000,0.9999907,-0.00041025804,-0.00051099696,-0.0052200113,0.0,0.0,0.0,0.0,0,28.4
712288000,712288000,0.9999907,-0.00045300738,-0.00049722934,-0.0052254936,0.0,0.0,0.0,0.0,0,28.42
712308000,712308000,0.99999064,-0.0004940998,-0.00047994315,-0.005231624,0.0,0.0,0.0,0.0,0,28.44
712328000,712328000,0.9999906,-0.00053258537,-0.0004727808,-0.005238807,0.0,0.0,0.0,0.0,0,28.46
712348000,712348000,0.9999905,-0.0005709919,-0.00046767807,-0.0052469433,0.0,0.0,0.0,0.0,0,28.48
712368000,712368000,0.99999046,-0.0006060399,-0.00045443678,-0.0052560708,0.0,0.0,0.0,0.0,0,28.5
712388000,712388000,0.99999034,-0.00065044535,-0.0004475436,-0.0052663065,0.0,0.0,0.0,0.0,0,28.52
712408000,712408000,0.9999903,-0.00070397893,-0.00044819972,-0.0052773654,0.0,0.0,0.0,0.0,0,28.54
712428000,712428000,0.99999017,-0.0007549184,-0.0004411598,-0.0052891364,0.0,0.0,0.0,0.0,0,28.56
712448000,712448000,0.9999901,-0.0008016865,-0.0004262434,-0.0053016124,0.0,0.0,0.0,0.0,0,28.58
712468000,712468000,0.99999,-0.0008528195,-0.00041805845,-0.0053150626,0.0,0.0,0.0,0.0,0,28.6
712488000,712488000,0.99998987,-0.0009091193,-0.00041409658,-0.0053291563,0.0,0.0,0.0,0.0,0,28.62
712508000,712508000,0.99998975,-0.0009604348,-0.00040707912,-0.005344049,0.0,0.0,0.0,0.0,0,28.64
712528000,712528000,0.9999896,-0.0010071287,-0.00039748088,-0.005359692,0.0,0.0,0.0,0.0,0,28.66
712548000,712548000,0.99998945,-0.001047386,-0.00038990323,-0.0053764093,0.0,0.0,0.0,0.0,0,28.68
712568000,712568000,0.99998933,-0.0010872781,-0.00038604753,-0.0053939605,0.0,0.0,0.0,0.0,0,28.7
712588000,712588000,0.9999892,-0.001122794,-0.00037404386,-0.005412571,0.0,0.0,0.0,0.0,0,28.72
712608000,712608000,0.99998903,-0.001162132,-0.00036234217,-0.0054323594,0.0,0.0,0.0,0.0,0,28.74
712628000,712628000,0.9999889,-0.0011944046,-0.0003559113,-0.0054529393,0.0,0.0,0.0,0.0,0,28.76
712648000,712648000,0.9999888,-0.0012144756,-0.00034714554,-0.005474326,0.0,0.0,0.0,0.0,0,28.78
712668000,712668000,0.9999886,-0.0012267085,-0.00033604802,-0.0054964763,0.0,0.0,0.0,0.0,0,28.8
712688000,712688000,0.9999885,-0.0012338758,-0.00034097873,-0.005518925,0.0,0.0,0.0,0.0,0,28.82
712708000,712708000,0.9999884,-0.0012328862,-0.00034480705,-0.0055420073,0.0,0.0,0.0,0.0,0,28.84
712728000,712728000,0.99998826,-0.0012224586,-0.00033865825,-0.005565334,0.0,0.0,0.0,0.0,0,28.86
712748000,712748000,0.99998814,-0.0012084864,-0.0003290521,-0.0055886577,0.0,0.0,0.0,0.0,0,28.88
712768000,712768000,0.999988,-0.0011919582,-0.0003346146,-0.005611925,0.0,0.0,0.0,0.0,0,28.9
712788000,712788000,0.99998796,-0.0011650058,-0.00034131104,-0.005635684,0.0,0.0,0.0,0.0,0,28.92
712808000,712808000,0.99998784,-0.0011257593,-0.00033796794,-0.0056599868,0.0,0.0,0.0,0.0,0,28.94
712828000,712828000,0.9999877,-0.0010838574,-0.00033527726,-0.0056847255,0.0,0.0,0.0,0.0,0,28.96
712848000,712848000,0.99998766,-0.0010431588,-0.00034071808,-0.0057098665,0.0,0.0,0.0,0.0,0,28.98
712868000,712868000,0.99998754,-0.0010048,-0.00034875338,-0.0057350956,0.0,0.0,0.0,0.0,0,29.0
712888000,712888000,0.9999874,-0.0009665952,-0.00035762714,-0.0057600536,0.0,0.0,0.0,0.0,0,29.02
712908000,712908000,0.9999873,-0.0009269049,-0.00036636958,-0.0057849153,0.0,0.0,0.0,0.0,0,29.04
712928000,712928000,0.99998724,-0.0008822903,-0.00036795347,-0.005810019,0.0,0.0,0.0,0.0,0,29.06
712948000,712948000,0.9999871,-0.00083889667,-0.0003721724,-0.005835431,0.0,0.0,0.0,0.0,0,29.08
712968000,712968000,0.999987,-0.00079054665,-0.00038556143,-0.0058607673,0.0,0.0,0.0,0.0,0,29.1
712988000,712988000,0.9999869,-0.0007410586,-0.00040010177,-0.005886012,0.0,0.0,0.0,0.0,0,29.12
713008000,713008000,0.99998677,-0.0007017677,-0.000399229,-0.0059111807,0.0,0.0,0.0,0.0,0,29.14
713028000,713028000,0.99998665,-0.00066292856,-0.00039451275,-0.0059362566,0.0,0.0,0.0,0.0,0,29.16
713048000,713048000,0.9999865,-0.00061848597,-0.00039768775,-0.0059611825,0.0,0.0,0.0,0.0,0,29.18
713068000,713068000,0.9999864,-0.0005711201,-0.00039884416,-0.0059859585,0.0,0.0,0.0,0.0,0,29.2
713088000,713088000,0.9999863,-0.0005272578,-0.00039446392,-0.0060103917,0.0,0.0,0.0,0.0,0,29.22
713108000,713108000,0.9999862,-0.00049006,-0.0003992667,-0.006034459,0.0,0.0,0.0,0.0,0,29.24
713128000,713128000,0.999986,-0.0004548211,-0.0004118565,-0.0060581947,0.0,0.0,0.0,0.0,0,29.26
713148000,713148000,0.9999859,-0.00041518247,-0.00040992713,-0.0060814666,0.0,0.0,0.0,0.0,0,29.28
713168000,713168000,0.99998575,-0.00037047872,-0.00041254226,-0.0061044935,0.0,0.0,0.0,0.0,0,29.3
713188000,713188000,0.99998564,-0.00033282366,-0.0004285027,-0.006126847,0.0,0.0,0.0,0.0,0,29.32
713208000,713208000,0.9999855,-0.00030016198,-0.00044180083,-0.0061486633,0.0,0.0,0.0,0.0,0,29.34
713228000,713228000,0.9999854,-0.0002578941,-0.0004530232,-0.0061700027,0.0,0.0,0.0,0.0,0,29.36
713248000,713248000,0.9999853,-0.00021909963,-0.00046736666,-0.006190784,0.0,0.0,0.0,0.0,0,29.38
713268000,713268000,0.99998516,-0.00019065914,-0.00047144623,-0.0062115015,0.0,0.0,0.0,0.0,0,29.4
713288000,713288000,0.999985,-0.0001677758,-0.00046846058,-0.006232134,0.0,0.0,0.0,0.0,0,29.42
713308000,713308000,0.99998486,-0.00014105451,-0.00047178473,-0.0062524253,0.0,0.0,0.0,0.0,0,29.44
713328000,713328000,0.99998474,-0.00010696585,-0.00047100015,-0.0062722103,0.0,0.0,0.0,0.0,0,29.46
713348000,713348000,0.9999846,-7.939149e-05,-0.00047318797,-0.006291322,0.0,0.0,0.0,0.0,0,29.48
713368000,713368000,0.9999845,-5.5825705e-05,-0.00047657423,-0.006310236,0.0,0.0,0.0,0.0,0,29.5
713388000,713388000,0.9999844,-3.343215e-05,-0.00048756204,-0.006328906,0.0,0.0,0.0,0.0,0,29.52
713408000,713408000,0.99998426,-1.3002632e-05,-0.0004997184,-0.0063474574,0.0,0.0,0.0,0.0,0,29.54
713428000,713428000,0.99998415,7.597332e-06,-0.0005130919,-0.006365937,0.0,0.0,0.0,0.0,0,29.56
713448000,713448000,0.999984,2.7642964e-05,-0.00053037325,-0.006384333,0.0,0.0,0.0,0.0,0,29.58
713468000,713468000,0.9999839,4.8576036e-05,-0.0005450278,-0.0064024255,0.0,0.0,0.0,0.0,0,29.6
713488000,713488000,0.9999838,7.208863e-05,-0.00055464753,-0.006420103,0.0,0.0,0.0,0.0,0,29.62
713508000,713508000,0.99998367,9.1831935e-05,-0.00057153177,-0.0064374227,0.0,0.0,0.0,0.0,0,29.64
713528000,713528000,0.99998355,0.00010980638,-0.00059030607,-0.0064546363,0.0,0.0,0.0,0.0,0,29.66
713548000,713548000,0.99998343,0.000128314,-0.0006047794,-0.006471651,0.0,0.0,0.0,0.0,0,29.68
713568000,713568000,0.9999833,0.00014301376,-0.0006179182,-0.006488118,0.0,0.0,0.0,0.0,0,29.7
713588000,713588000,0.9999832,0.00014922224,-0.0006358667,-0.0065043066,0.0,0.0,0.0,0.0,0,29.72
713608000,713608000,0.9999831,0.00015424922,-0.0006547458,-0.0065204413,0.0,0.0,0.0,0.0,0,29.74
713628000,713628000,0.99998295,0.00015848449,-0.0006702676,-0.006536467,0.0,0.0,0.0,0.0,0,29.76
713648000,713648000,0.99998283,0.00016183764,-0.00068139104,-0.0065523833,0.0,0.0,0.0,0.0,0,29.78
713668000,713668000,0.9999827,0.00016429402,-0.0006879059,-0.0065681916,0.0,0.0,0.0,0.0,0,29.8
713688000,713688000,0.99998266,0.00016583112,-0.0006897443,-0.006583892,0.0,0.0,0.0,0.0,0,29.82
713708000,713708000,0.99998254,0.00016825636,-0.0006887266,-0.006599166,0.0,0.0,0.0,0.0,0,29.84
713728000,713728000,0.9999824,0.0001772729,-0.0006921968,-0.0066141207,0.0,0.0,0.0,0.0,0,29.86
713748000,713748000,0.9999823,0.00018412957,-0.00070157915,-0.0066291573,0.0,0.0,0.0,0.0,0,29.88
713768000,713768000,0.99998224,0.0001884643,-0.00071196246,-0.0066441656,0.0,0.0,0.0,0.0,0,29.9
713788000,713788000,0.9999821,0.00018567026,-0.0007255553,-0.006659715,0.0,0.0,0.0,0.0,0,29.92
713808000,713808000,0.999982,0.0001699931,-0.00074690505,-0.0066756173,0.0,0.0,0.0,0.0,0,29.94
713828000,713828000,0.9999819,0.00014719962,-0.0007698742,-0.0066915457,0.0,0.0,0.0,0.0,0,29.96
713848000,713848000,0.99998176,0.00012482733,-0.0007951925,-0.006706724,0.0,0.0,0.0,0.0,0,29.98
713868000,713868000,0.99998164,9.844022e-05,-0.0008166286,-0.006721009,0.0,0.0,0.0,0.0,0,30.0
713888000,713888000,0.9999815,6.407882e-05,-0.00083897,-0.0067347763,0.0,0.0,0.0,0.0,0,30.02
713908000,713908000,0.9999814,2.10429e-05,-0.0008558213,-0.006747936,0.0,0.0,0.0,0.0,0,30.04
713928000,713928000,0.99998134,-2.6302132e-05,-0.00085798843,-0.006760899,0.0,0.0,0.0,0.0,0,30.06
713948000,713948000,0.9999812,-7.255054e-05,-0.0008704231,-0.006773751,0.0,0.0,0.0,0.0,0,30.08
713968000,713968000,0.9999811,-0.000118311305,-0.00089453196,-0.006786135,0.0,0.0,0.0,0.0,0,30.1
713988000,713988000,0.99998105,-0.00016393856,-0.00090286345,-0.006798252,0.0,0.0,0.0,0.0,0,30.12
714008000,714008000,0.9999809,-0.00021201829,-0.0009119638,-0.0068101985,0.0,0.0,0.0,0.0,0,30.14
714028000,714028000,0.9999808,-0.00026179414,-0.0009417807,-0.0068219975,0.0,0.0,0.0,0.0,0,30.16
714048000,714048000,0.9999807,-0.00030793186,-0.0009810813,-0.006833983,0.0,0.0,0.0,0.0,0,30.18
714068000,714068000,0.99998057,-0.0003491495,-0.001014636,-0.0068463893,0.0,0.0,0.0,0.0,0,30.2
714088000,714088000,0.9999804,-0.0003954813,-0.0010492671,-0.006859145,0.0,0.0,0.0,0.0,0,30.22
714108000,714108000,0.9999803,-0.0004452228,-0.0010821123,-0.0068720644,0.0,0.0,0.0,0.0,0,30.24
714128000,714128000,0.9999801,-0.0004928579,-0.0011069912,-0.00688548,0.0,0.0,0.0,0.0,0,30.26
714148000,714148000,0.99998,-0.0005426857,-0.0011295018,-0.006899043,0.0,0.0,0.0,0.0,0,30.28
714168000,714168000,0.9999798,-0.0005863671,-0.0011578804,-0.006912046,0.0,0.0,0.0,0.0,0,30.3
714188000,714188000,0.9999797,-0.0006241784,-0.0011893649,-0.00692482,0.0,0.0,0.0,0.0,0,30.32
714208000,714208000,0.99997956,-0.0006599989,-0.0012192337,-0.0069374465,0.0,0.0,0.0,0.0,0,30.34
714228000,714228000,0.9999794,-0.00069713197,-0.0012470683,-0.0069502704,0.0,0.0,0.0,0.0,0,30.36
714248000,714248000,0.9999792,-0.0007423655,-0.0012827747,-0.006963333,0.0,0.0,0.0,0.0,0,30.38
714268000,714268000,0.999979,-0.0007922338,-0.0013220515,-0.0069764126,0.0,0.0,0.0,0.0,0,30.4
714288000,714288000,0.99997884,-0.00084478577,-0.0013598049,-0.0069894544,0.0,0.0,0.0,0.0,0,30.42
714308000,714308000,0.99997866,-0.00089961494,-0.0013943799,-0.0070026326,0.0,0.0,0.0,0.0,0,30.44
714328000,714328000,0.9999784,-0.0009647901,-0.0014329919,-0.0070163473,0.0,0.0,0.0,0.0,0,30.46
714348000,714348000,0.99997824,-0.0010375865,-0.0014727532,-0.0070303604,0.0,0.0,0.0,0.0,0,30.48
714368000,714368000,0.999978,-0.0011089384,-0.0015044868,-0.007044781,0.0,0.0,0.0,0.0,0,30.5
714388000,714388000,0.99997777,-0.0011840692,-0.0015333258,-0.0070596426,0.0,0.0,0.0,0.0,0,30.52
714408000,714408000,0.99997747,-0.0012646102,-0.0015690634,-0.007074741,0.0,0.0,0.0,0.0,0,30.54
714428000,714428000,0.99997723,-0.0013400344,-0.0016030218,-0.0070905304,0.0,0.0,0.0,0.0,0,30.56
714448000,714448000,0.999977,-0.0014077239,-0.0016270512,-0.007106884,0.0,0.0,0.0,0.0,0,30.58
714468000,714468000,0.9999767,-0.0014813958,-0.001652209,-0.0071240584,0.0,0.0,0.0,0.0,0,30.6
714488000,714488000,0.9999764,-0.0015653674,-0.0016815951,-0.00714235,0.0,0.0,0.0,0.0,0,30.62
714508000,714508000,0.9999666,-0.003473476,-0.0034910627,-0.0071854996,0.0,0.0,0.0,0.0,0,30.64
714528000,714528000,0.99987227,-0.010464847,-0.0100829145,-0.0073058796,0.0,0.0,0.0,0.0,0,30.66
714548000,714548000,0.9994988,-0.022711376,-0.020941244,-0.007544421,0.0,0.0,0.0,0.0,0,30.68
714568000,714568000,0.9986218,-0.039075185,-0.034259986,-0.007936113,0.0,0.0,0.0,0.0,0,30.7
714588000,714588000,0.9970881,-0.05823811,-0.048584893,-0.0085027935,0.0,0.0,0.0,0.0,0,30.72
714608000,714608000,0.9948342,-0.0791805,-0.06291671,-0.009275085,0.0,0.0,0.0,0.0,0,30.74
714628000,714628000,0.99186337,-0.101055056,-0.07680217,-0.010271459,0.0,0.0,0.0,0.0,0,30.76
714648000,714648000,0.9882468,-0.12306723,-0.08999919,-0.011489117,0.0,0.0,0.0,0.0,0,30.78
714668000,714668000,0.9840839,-0.1448128,-0.102222994,-0.012951852,0.0,0.0,0.0,0.0,0,30.8
714688000,714688000,0.97954094,-0.16567254,-0.11334418,-0.014639104,0.0,0.0,0.0,0.0,0,30.82
714708000,714708000,0.97475004,-0.18540072,-0.12338792,-0.01653553,0.0,0.0,0.0,0.0,0,30.84
714728000,714728000,0.96986336,-0.20373385,-0.13236323,-0.018618772,0.0,0.0,0.0,0.0,0,30.86
714748000,714748000,0.96501714,-0.22050479,-0.14033367,-0.020859547,0.0,0.0,0.0,0.0,0,30.88
714768000,714768000,0.9603041,-0.2356915,-0.14742862,-0.023227466,0.0,0.0,0.0,0.0,0,30.9
714788000,714788000,0.955825,-0.24924916,-0.15369427,-0.025702387,0.0,0.0,0.0,0.0,0,30.92
714808000,714808000,0.95162296,-0.2612483,-0.15929279,-0.02824768,0.0,0.0,0.0,0.0,0,30.94
714828000,714828000,0.94775933,-0.27172,-0.16424856,-0.030854061,0.0,0.0,0.0,0.0,0,30.96
714848000,714848000,0.94423985,-0.28077447,-0.16871466,-0.03348602,0.0,0.0,0.0,0.0,0,30.98
714868000,714868000,0.9410823,-0.28850755,-0.17271504,-0.036140606,0.0,0.0,0.0,0.0,0,31.0
714888000,714888000,0.9383187,-0.29494774,-0.17625791,-0.038807962,0.0,0.0,0.0,0.0,0,31.02
714908000,714908000,0.9360101,-0.30007282,-0.1792434,-0.04150083,0.0,0.0,0.0,0.0,0,31.04
714928000,714928000,0.9341947,-0.3038647,-0.18166442,-0.044200134,0.0,0.0,0.0,0.0,0,31.06
714948000,714948000,0.9328877,-0.3063509,-0.18352139,-0.046890248,0.0,0.0,0.0,0.0,0,31.08
714968000,714968000,0.9320782,-0.30759335,-0.18485421,-0.049544226,0.0,0.0,0.0,0.0,0,31.1
714988000,714988000,0.931744,-0.30767253,-0.18569162,-0.052138913,0.0,0.0,0.0,0.0,0,31.12
715008000,715008000,0.9318539,-0.30667394,-0.18606888,-0.054652397,0.0,0.0,0.0,0.0,0,31.14
715028000,715028000,0.93238026,-0.30467564,-0.18598813,-0.057072803,0.0,0.0,0.0,0.0,0,31.16
715048000,715048000,0.93330204,-0.30173224,-0.18543763,-0.059388366,0.0,0.0,0.0,0.0,0,31.18
715068000,715068000,0.93458873,-0.29790264,-0.18443096,-0.06158102,0.0,0.0,0.0,0.0,0,31.2
715088000,715088000,0.9362136,-0.29323772,-0.18296199,-0.06363749,0.0,0.0,0.0,0.0,0,31.22
715108000,715108000,0.9381483,-0.28778744,-0.18102178,-0.06554647,0.0,0.0,0.0,0.0,0,31.24
715128000,715128000,0.94036275,-0.28159583,-0.1786124,-0.06729347,0.0,0.0,0.0,0.0,0,31.26
715148000,715148000,0.9428206,-0.2747275,-0.17572667,-0.06887172,0.0,0.0,0.0,0.0,0,31.28
715168000,715168000,0.94548553,-0.2672305,-0.17238642,-0.0702641,0.0,0.0,0.0,0.0,0,31.3
715188000,715188000,0.9483212,-0.25915933,-0.16859934,-0.07146102,0.0,0.0,0.0,0.0,0,31.32
715208000,715208000,0.9512898,-0.25056863,-0.16438729,-0.07245054,0.0,0.0,0.0,0.0,0,31.34
715228000,715228000,0.9543609,-0.2414929,-0.15976249,-0.07322259,0.0,0.0,0.0,0.0,0,31.36
715244000,715244000,0.95686924,-0.23392315,-0.15575935,-0.07368436,0.0,0.0,0.0,0.0,0,31.376
715264000,715264000,0.96004117,-0.22411042,-0.15039846,-0.07405971,0.0,0.0,0.0,0.0,0,31.396
715280000,715280000,0.96258867,-0.21600959,-0.1458311,-0.074197695,0.0,0.0,0.0,0.0,0,31.412
715300000,715300000,0.96576124,-0.20559298,-0.13980788,-0.07415945,0.0,0.0,0.0,0.0,0,31.432
715320000,715320000,0.9688941,-0.19489548,-0.13345258,-0.073887825,0.0,0.0,0.0,0.0,0,31.452
715340000,715340000,0.9719572,-0.18396251,-0.12681358,-0.07337872,0.0,0.0,0.0,0.0,0,31.472
715360000,715360000,0.9749294,-0.17282784,-0.11990009,-0.07263772,0.0,0.0,0.0,0.0,0,31.492
715380000,715380000,0.9777808,-0.16156134,-0.11276211,-0.07166878,0.0,0.0,0.0,0.0,0,31.512
715400000,715400000,0.9804976,-0.1501728,-0.10542705,-0.070475794,0.0,0.0,0.0,0.0,0,31.532
715420000,715420000,0.98305666,-0.13873413,-0.09793364,-0.06906928,0.0,0.0,0.0,0.0,0,31.552
715440000,715440000,0.9854462,-0.12726034,-0.09033003,-0.06745517,0.0,0.0,0.0,0.0,0,31.572
715460000,715460000,0.98765326,-0.11580571,-0.08264077,-0.06564859,0.0,0.0,0.0,0.0,0,31.592
715480000,715480000,0.9896683,-0.104395255,-0.0749336,-0.063657776,0.0,0.0,0.0,0.0,0,31.612
715500000,715500000,0.9914877,-0.09306014,-0.067222066,-0.06150015,0.0,0.0,0.0,0.0,0,31.632
715520000,715520000,0.993104,-0.08185854,-0.059576415,-0.059189893,0.0,0.0,0.0,0.0,0,31.652
715540000,715540000,0.99451953,-0.070804335,-0.052027747,-0.056743473,0.0,0.0,0.0,0.0,0,31.672
715560000,715560000,0.99573696,-0.059941877,-0.044592302,-0.054180156,0.0,0.0,0.0,0.0,0,31.692
715580000,715580000,0.9967625,-0.049278878,-0.037298035,-0.051517334,0.0,0.0,0.0,0.0,0,31.712
715600000,715600000,0.9976018,-0.03886424,-0.030172525,-0.048774723,0.0,0.0,0.0,0.0,0,31.732
715620000,715620000,0.99826425,-0.028702252,-0.023250619,-0.045969907,0.0,0.0,0.0,0.0,0,31.752
715640000,715640000,0.9987598,-0.018826721,-0.016553044,-0.04312247,0.0,0.0,0.0,0.0,0,31.772
715660000,715660000,0.9991002,-0.0092475135,-0.010108204,-0.04025091,0.0,0.0,0.0,0.0,0,31.792
715680000,715680000,0.9992982,1.7840768e-05,-0.0039251237,-0.037373103,0.0,0.0,0.0,0.0,0,31.812
715700000,715700000,0.9993669,0.008960773,0.002003084,-0.03450638,0.0,0.0,0.0,0.0,0,31.832
715720000,715720000,0.99931884,0.0175865,0.0076723443,-0.031667266,0.0,0.0,0.0,0.0,0,31.852
715740000,715740000,0.99916744,0.025866888,0.013072685,-0.02887093,0.0,0.0,0.0,0.0,0,31.872
715760000,715760000,0.99892503,0.033821404,0.018196085,-0.026132483,0.0,0.0,0.0,0.0,0,31.892
715780000,715780000,0.9986052,0.041418523,0.023036193,-0.023465281,0.0,0.0,0.0,0.0,0,31.912
715800000,715800000,0.99821854,0.04869475,0.027597863,-0.020882336,0.0,0.0,0.0,0.0,0,31.932
715820000,715820000,0.9977769,0.05562571,0.03190282,-0.01839294,0.0,0.0,0.0,0.0,0,31.952
715840000,715840000,0.997289,0.0622516,0.035947945,-0.016008899,0.0,0.0,0.0,0.0,0,31.972
715860000,715860000,0.9967665,0.06854207,0.03973501,-0.013738487,0.0,0.0,0.0,0.0,0,31.992
715880000,715880000,0.9962163,0.07453074,0.043279085,-0.011589944,0.0,0.0,0.0,0.0,0,32.012
715900000,715900000,0.9956487,0.08019356,0.04658628,-0.009568651,0.0,0.0,0.0,0.0,0,32.032
715920000,715920000,0.9950684,0.085560024,0.0496844,-0.0076792655,0.0,0.0,0.0,0.0,0,32.052
715940000,715940000,0.9944861,0.09060323,0.05255857,-0.0059268805,0.0,0.0,0.0,0.0,0,32.072
715960000,715960000,0.99390435,0.095357925,0.055239987,-0.0043145716,0.0,0.0,0.0,0.0,0,32.092
715980000,715980000,0.99333143,0.09981359,0.057714563,-0.0028461097,0.0,0.0,0.0,0.0,0,32.112
716000000,716000000,0.99276894,0.10399612,0.06001201,-0.0015220988,0.0,0.0,0.0,0.0,0,32.132
716020000,716020000,0.9922224,0.10790465,0.062130317,-0.00034368766,0.0,0.0,0.0,0.0,0,32.152
716040000,716040000,0.991694,0.11154779,0.06409937,0.00069166755,0.0,0.0,0.0,0.0,0,32.172
716060000,716060000,0.99118817,0.114929765,0.06590686,0.0015827706,0.0,0.0,0.0,0.0,0,32.192
716080000,716080000,0.9907062,0.11805938,0.067578405,0.0023332306,0.0,0.0,0.0,0.0,0,32.212
716100000,716100000,0.99025065,0.12094698,0.06910814,0.002943806,0.0,0.0,0.0,0.0,0,32.232
716120000,716120000,0.9898221,0.12360089,0.07051534,0.0034188216,0.0,0.0,0.0,0.0,0,32.252
716140000,716140000,0.9894222,0.12603495,0.071790636,0.003759672,0.0,0.0,0.0,0.0,0,32.272
716160000,716160000,0.9890525,0.12824626,0.07294777,0.003972121,0.0,0.0,0.0,0.0,0,32.292
716180000,716180000,0.9887141,0.13024032,0.07398949,0.004060988,0.0,0.0,0.0,0.0,0,32.312
716200000,716200000,0.9884079,0.13201791,0.07492622,0.004032673,0.0,0.0,0.0,0.0,0,32.332
716220000,716220000,0.9881324,0.1335945,0.07576764,0.00389278,0.0,0.0,0.0,0.0,0,32.352
716240000,716240000,0.98788714,0.13497655,0.07652497,0.0036482196,0.0,0.0,0.0,0.0,0,32.372
716260000,716260000,0.98767155,0.13617603,0.07719611,0.0033034338,0.0,0.0,0.0,0.0,0,32.392
716280000,716280000,0.9874867,0.13719477,0.077771835,0.002863359,0.0,0.0,0.0,0.0,0,32.412
716300000,716300000,0.987332,0.1380365,0.0782635,0.0023360455,0.0,0.0,0.0,0.0,0,32.432
716320000,716320000,0.9872066,0.13870525,0.07867726,0.0017288869,0.0,0.0,0.0,0.0,0,32.452
716340000,716340000,0.9871101,0.13921069,0.079006754,0.0010469843,0.0,0.0,0.0,0.0,0,32.472
716360000,716360000,0.98704195,0.13955404,0.07925848,0.0002981173,0.0,0.0,0.0,0.0,0,32.492
716380000,716380000,0.98700064,0.13974097,0.07944176,-0.0005097861,0.0,0.0,0.0,0.0,0,32.512
716400000,716400000,0.9869861,0.13977744,0.079547994,-0.001371256,0.0,0.0,0.0,0.0,0,32.532
716420000,716420000,0.98699826,0.13966595,0.079572484,-0.0022800644,0.0,0.0,0.0,0.0,0,32.552
716440000,716440000,0.98703635,0.1394081,0.07951889,-0.003228801,0.0,0.0,0.0,0.0,0,32.572
716460000,716460000,0.98709834,0.13901563,0.0793909,-0.0042109927,0.0,0.0,0.0,0.0,0,32.592
716480000,716480000,0.98718244,0.13849427,0.07919619,-0.005219379,0.0,0.0,0.0,0.0,0,32.612
716500000,716500000,0.98728704,0.13785048,0.078940846,-0.0062470078,0.0,0.0,0.0,0.0,0,32.632
716520000,716520000,0.9874113,0.1370914,0.07861843,-0.0072886823,0.0,0.0,0.0,0.0,0,32.652
716540000,716540000,0.9875553,0.13622116,0.078216344,-0.008340456,0.0,0.0,0.0,0.0,0,32.672
716560000,716560000,0.987718,0.13524078,0.077742495,-0.00939517,0.0,0.0,0.0,0.0,0,32.692
716580000,716580000,0.98789805,0.13415529,0.0771993,-0.010446818,0.0,0.0,0.0,0.0,0,32.712
716600000,716600000,0.9880945,0.13296396,0.07659575,-0.011488647,0.0,0.0,0.0,0.0,0,32.732
716620000,716620000,0.9883056,0.13167882,0.07592839,-0.012516424,0.0,0.0,0.0,0.0,0,32.752
716640000,716640000,0.98853076,0.1302998,0.07520003,-0.013524923,0.0,0.0,0.0,0.0,0,32.772
716660000,716660000,0.98876816,0.12882796,0.074427836,-0.014507337,0.0,0.0,0.0,0.0,0,32.792
716680000,716680000,0.98901737,0.12726972,0.073601484,-0.015461091,0.0,0.0,0.0,0.0,0,32.812
716700000,716700000,0.9892766,0.12563601,0.07271957,-0.01638338,0.0,0.0,0.0,0.0,0,32.832
716720000,716720000,0.98954564,0.123927295,0.071778916,-0.017271241,0.0,0.0,0.0,0.0,0,32.852
716740000,716740000,0.98982275,0.12214689,0.070794895,-0.018118726,0.0,0.0,0.0,0.0,0,32.872
716760000,716760000,0.9901072,0.120294236,0.06977223,-0.01892217,0.0,0.0,0.0,0.0,0,32.892
716780000,716780000,0.99039704,0.11838475,0.06870585,-0.019680561,0.0,0.0,0.0,0.0,0,32.912
716800000,716800000,0.99069214,0.11642115,0.067590415,-0.020392915,0.0,0.0,0.0,0.0,0,32.932
716820000,716820000,0.9909912,0.11440348,0.06643869,-0.021055235,0.0,0.0,0.0,0.0,0,32.952
716840000,716840000,0.99129397,0.11232466,0.065262996,-0.021663813,0.0,0.0,0.0,0.0,0,32.972
716860000,716860000,0.9915992,0.110191345,0.064065926,-0.02221713,0.0,0.0,0.0,0.0,0,32.992
716880000,716880000,0.9919061,0.10801636,0.06283101,-0.022717007,0.0,0.0,0.0,0.0,0,33.012
716900000,716900000,0.9922131,0.105810694,0.06156212,-0.023163049,0.0,0.0,0.0,0.0,0,33.032
716920000,716920000,0.9925197,0.103572436,0.060263652,-0.023553839,0.0,0.0,0.0,0.0,0,33.052
716940000,716940000,0.99282473,0.101304375,0.05894886,-0.023887705,0.0,0.0,0.0,0.0,0,33.072
716960000,716960000,0.99312854,0.098996885,0.057624344,-0.024163038,0.0,0.0,0.0,0.0,0,33.092
716980000,716980000,0.99343014,0.09665925,0.05628729,-0.024380816,0.0,0.0,0.0,0.0,0,33.112
717000000,717000000,0.99372923,0.09429108,0.054938827,-0.024541605,0.0,0.0,0.0,0.0,0,33.132
717020000,717020000,0.99402404,0.09190558,0.05358379,-0.02464646,0.0,0.0,0.0,0.0,0,33.152
717040000,717040000,0.9943143,0.08950241,0.052226257,-0.024696061,0.0,0.0,0.0,0.0,0,33.172
717060000,717060000,0.99459887,0.08709124,0.050868332,-0.024691952,0.0,0.0,0.0,0.0,0,33.192
717080000,717080000,0.9948777,0.08467302,0.049507827,-0.02463573,0.0,0.0,0.0,0.0,0,33.212
717100000,717100000,0.9951502,0.08225385,0.04814321,-0.024529595,0.0,0.0,0.0,0.0,0,33.232
717120000,717120000,0.9954163,0.079830155,0.046781432,-0.024374604,0.0,0.0,0.0,0.0,0,33.252
717140000,717140000,0.995675,0.07741167,0.04542508,-0.024172975,0.0,0.0,0.0,0.0,0,33.272
717160000,717160000,0.99592686,0.07499367,0.04407165,-0.023926925,0.0,0.0,0.0,0.0,0,33.292
717180000,717180000,0.9961701,0.07258913,0.042734515,-0.023638295,0.0,0.0,0.0,0.0,0,33.312
717200000,717200000,0.99640554,0.07019389,0.041408002,-0.023309663,0.0,0.0,0.0,0.0,0,33.332
717220000,717220000,0.9966323,0.06781695,0.040095516,-0.02294355,0.0,0.0,0.0,0.0,0,33.352
717240000,717240000,0.9968509,0.06545008,0.038800675,-0.022542052,0.0,0.0,0.0,0.0,0,33.372
717260000,717260000,0.9970606,0.06310474,0.03752791,-0.022108048,0.0,0.0,0.0,0.0,0,33.392
717280000,717280000,0.99726135,0.060780402,0.036279842,-0.021644054,0.0,0.0,0.0,0.0,0,33.412
717300000,717300000,0.99745333,0.058482,0.035047222,-0.021153806,0.0,0.0,0.0,0.0,0,33.432
717320000,717320000,0.997637,0.0562062,0.033829384,-0.020640103,0.0,0.0,0.0,0.0,0,33.452
717340000,717340000,0.99781156,0.05396321,0.03263346,-0.020105619,0.0,0.0,0.0,0.0,0,33.472
717360000,717360000,0.997977,0.051754408,0.03146678,-0.019552486,0.0,0.0,0.0,0.0,0,33.492
717380000,717380000,0.99813324,0.049589884,0.030324196,-0.018984351,0.0,0.0,0.0,0.0,0,33.512
717400000,717400000,0.9982812,0.047460612,0.029197963,-0.01840397,0.0,0.0,0.0,0.0,0,33.532
717420000,717420000,0.9984207,0.045372527,0.02809282,-0.017814042,0.0,0.0,0.0,0.0,0,33.552
717440000,717440000,0.99855155,0.043327916,0.027022716,-0.017216507,0.0,0.0,0.0,0.0,0,33.572
717460000,717460000,0.9986742,0.04132743,0.025978936,-0.016614478,0.0,0.0,0.0,0.0,0,33.592
717480000,717480000,0.99878967,0.03936088,0.024953764,-0.016010247,0.0,0.0,0.0,0.0,0,33.612
717500000,717500000,0.99889743,0.03744369,0.023950202,-0.015406565,0.0,0.0,0.0,0.0,0,33.632
717520000,717520000,0.99899787,0.035573043,0.022972785,-0.014805437,0.0,0.0,0.0,0.0,0,33.652
717540000,717540000,0.99909097,0.0337526,0.022026911,-0.0142087,0.0,0.0,0.0,0.0,0,33.672
717560000,717560000,0.99917734,0.031978354,0.021112068,-0.013618809,0.0,0.0,0.0,0.0,0,33.692
717580000,717580000,0.99925715,0.03025348,0.020224417,-0.013038033,0.0,0.0,0.0,0.0,0,33.712
717600000,717600000,0.99933106,0.028570725,0.019360203,-0.012468038,0.0,0.0,0.0,0.0,0,33.732
717620000,717620000,0.99939895,0.02694321,0.018521223,-0.011911068,0.0,0.0,0.0,0.0,0,33.752
717640000,717640000,0.9994612,0.025368627,0.01770956,-0.011368129,0.0,0.0,0.0,0.0,0,33.772
717660000,717660000,0.99951786,0.023853136,0.016931051,-0.010840852,0.0,0.0,0.0,0.0,0,33.792
717680000,717680000,0.99956954,0.022386424,0.016186282,-0.01033057,0.0,0.0,0.0,0.0,0,33.812
717700000,717700000,0.99961686,0.020960512,0.01546061,-0.009838899,0.0,0.0,0.0,0.0,0,33.832
717720000,717720000,0.99966013,0.019577116,0.014756882,-0.009366535,0.0,0.0,0.0,0.0,0,33.852
717740000,717740000,0.9996992,0.018246409,0.014081942,-0.008914248,0.0,0.0,0.0,0.0,0,33.872
717760000,717760000,0.9997344,0.016963925,0.013434634,-0.008482906,0.0,0.0,0.0,0.0,0,33.892
717780000,717780000,0.999766,0.015735693,0.012815995,-0.0080731325,0.0,0.0,0.0,0.0,0,33.912
717800000,717800000,0.99979436,0.014554861,0.012224686,-0.0076858304,0.0,0.0,0.0,0.0,0,33.932
717820000,717820000,0.99981964,0.013424671,0.011661767,-0.0073216907,0.0,0.0,0.0,0.0,0,33.952
717840000,717840000,0.99984217,0.012342637,0.011123031,-0.0069811568,0.0,0.0,0.0,0.0,0,33.972
717860000,717860000,0.999862,0.011317418,0.01060734,-0.0066648484,0.0,0.0,0.0,0.0,0,33.992
717880000,717880000,0.99987954,0.010346758,0.010113931,-0.0063729403,0.0,0.0,0.0,0.0,0,34.012
717900000,717900000,0.9998949,0.00942665,0.009650585,-0.0061056823,0.0,0.0,0.0,0.0,0,34.032
717920000,717920000,0.9999084,0.008543283,0.009217217,-0.0058626295,0.0,0.0,0.0,0.0,0,34.052
717940000,717940000,0.9999202,0.007693879,0.008815151,-0.0056436514,0.0,0.0,0.0,0.0,0,34.072
717960000,717960000,0.9999305,0.006882989,0.008428107,-0.005448235,0.0,0.0,0.0,0.0,0,34.092
717980000,717980000,0.99993956,0.0061042835,0.008056477,-0.0052760914,0.0,0.0,0.0,0.0,0,34.112
718000000,718000000,0.99994737,0.005352455,0.007706496,-0.0051267003,0.0,0.0,0.0,0.0,0,34.132
718020000,718020000,0.9999541,0.004637681,0.0073775095,-0.0049991556,0.0,0.0,0.0,0.0,0,34.152
718040000,718040000,0.99995977,0.003973974,0.0070621404,-0.004893439,0.0,0.0,0.0,0.0,0,34.172
718060000,718060000,0.9999645,0.0033575315,0.0067685093,-0.004808898,0.0,0.0,0.0,0.0,0,34.192
718080000,718080000,0.9999684,0.002783742,0.0064855875,-0.0047446303,0.0,0.0,0.0,0.0,0,34.212
718100000,718100000,0.9999717,0.0022511585,0.0062094196,-0.004699986,0.0,0.0,0.0,0.0,0,34.232
718120000,718120000,0.9999744,0.0017637903,0.0059425337,-0.004674037,0.0,0.0,0.0,0.0,0,34.252
718140000,718140000,0.99997663,0.0013115183,0.005691072,-0.004665405,0.0,0.0,0.0,0.0,0,34.272
718160000,718160000,0.99997836,0.0008835695,0.005460136,-0.0046735224,0.0,0.0,0.0,0.0,0,34.292
718180000,718180000,0.9999796,0.00047492032,0.005249387,-0.0046979953,0.0,0.0,0.0,0.0,0,34.312
718200000,718200000,0.99998057,9.0773494e-05,0.0050550736,-0.0047376645,0.0,0.0,0.0,0.0,0,34.332
718220000,718220000,0.99998116,-0.00025827397,0.004868827,-0.0047912267,0.0,0.0,0.0,0.0,0,34.352
718240000,718240000,0.99998164,-0.0005709658,0.00468281,-0.004858234,0.0,0.0,0.0,0.0,0,34.372
718260000,718260000,0.9999819,-0.0008508238,0.00449702,-0.0049378565,0.0,0.0,0.0,0.0,0,34.392
718280000,718280000,0.99998194,-0.0011117663,0.004321468,-0.0050284863,0.0,0.0,0.0,0.0,0,34.412
718300000,718300000,0.9999818,-0.0013539805,0.0041578477,-0.0051295254,0.0,0.0,0.0,0.0,0,34.432
718320000,718320000,0.9999816,-0.0015733377,0.0039983955,-0.0052398723,0.0,0.0,0.0,0.0,0,34.452
718340000,718340000,0.9999813,-0.0017668048,0.0038405135,-0.0053588673,0.0,0.0,0.0,0.0,0,34.472
718360000,718360000,0.9999808,-0.0019367656,0.0036929185,-0.005485851,0.0,0.0,0.0,0.0,0,34.492
718380000,718380000,0.99998033,-0.0020789036,0.0035478629,-0.0056197695,0.0,0.0,0.0,0.0,0,34.512
718400000,718400000,0.9999798,-0.0021976286,0.0033980377,-0.0057592546,0.0,0.0,0.0,0.0,0,34.532
718420000,718420000,0.99997914,-0.0023039202,0.0032588493,-0.005903223,0.0,0.0,0.0,0.0,0,34.552
718440000,718440000,0.9999785,-0.0023956322,0.0031326737,-0.00605124,0.0,0.0,0.0,0.0,0,34.572
718460000,718460000,0.9999777,-0.0024712593,0.0030199846,-0.006202625,0.0,0.0,0.0,0.0,0,34.592
718480000,718480000,0.99997693,-0.0025245447,0.0029116105,-0.0063562314,0.0,0.0,0.0,0.0,0,34.612
718500000,718500000,0.99997616,-0.0025561964,0.0028039683,-0.006511819,0.0,0.0,0.0,0.0,0,34.632
718520000,718520000,0.9999754,-0.002568574,0.0027042346,-0.0066685276,0.0,0.0,0.0,0.0,0,34.652
718540000,718540000,0.99997455,-0.00257055,0.0026197333,-0.0068253065,0.0,0.0,0.0,0.0,0,34.672
718560000,718560000,0.99997365,-0.002565734,0.002538862,-0.006981545,0.0,0.0,0.0,0.0,0,34.692
718580000,718580000,0.9999728,-0.0025551324,0.002457286,-0.0071365526,0.0,0.0,0.0,0.0,0,34.712
718600000,718600000,0.9999719,-0.0025330265,0.002381141,-0.0072897756,0.0,0.0,0.0,0.0,0,34.732
718620000,718620000,0.9999711,-0.0024928679,0.0023120535,-0.0074410406,0.0,0.0,0.0,0.0,0,34.752
718640000,718640000,0.99997026,-0.0024363913,0.0022512653,-0.007589965,0.0,0.0,0.0,0.0,0,34.772
718660000,718660000,0.9999694,-0.0023692779,0.002190136,-0.0077353274,0.0,0.0,0.0,0.0,0,34.792
718680000,718680000,0.99996865,-0.002295519,0.0021232693,-0.0078763915,0.0,0.0,0.0,0.0,0,34.812
718700000,718700000,0.9999679,-0.0022195012,0.0020547071,-0.008012965,0.0,0.0,0.0,0.0,0,34.832
718720000,718720000,0.9999671,-0.0021402123,0.001984151,-0.008144909,0.0,0.0,0.0,0.0,0,34.852
718740000,718740000,0.9999664,-0.002054137,0.0019149358,-0.008272212,0.0,0.0,0.0,0.0,0,34.872
718760000,718760000,0.99996567,-0.0019670615,0.001846486,-0.008394496,0.0,0.0,0.0,0.0,0,34.892
718780000,718780000,0.99996495,-0.0018856145,0.0017873623,-0.008510966,0.0,0.0,0.0,0.0,0,34.912
718800000,718800000,0.99996424,-0.0018019871,0.0017347123,-0.008621196,0.0,0.0,0.0,0.0,0,34.932
718820000,718820000,0.99996364,-0.0017108752,0.0016768674,-0.008725051,0.0,0.0,0.0,0.0,0,34.952
718840000,718840000,0.99996305,-0.001618083,0.0016149561,-0.008822611,0.0,0.0,0.0,0.0,0,34.972
718860000,718860000,0.99996245,-0.0015199532,0.0015530677,-0.008914027,0.0,0.0,0.0,0.0,0,34.992
718880000,718880000,0.9999619,-0.0014060322,0.0015001649,-0.008999732,0.0,0.0,0.0,0.0,0,35.012
718900000,718900000,0.99996144,-0.0012715462,0.0014609405,-0.009079641,0.0,0.0,0.0,0.0,0,35.032
718920000,718920000,0.999961,-0.0011283468,0.0014265844,-0.009153244,0.0,0.0,0.0,0.0,0,35.052
718940000,718940000,0.9999606,-0.000985391,0.001397129,-0.009220617,0.0,0.0,0.0,0.0,0,35.072
718960000,718960000,0.9999602,-0.0008408936,0.0013696146,-0.00928168,0.0,0.0,0.0,0.0,0,35.092
718980000,718980000,0.9999598,-0.0007010973,0.0013460787,-0.009336101,0.0,0.0,0.0,0.0,0,35.112
719000000,719000000,0.99995947,-0.0005532264,0.001325211,-0.009384526,0.0,0.0,0.0,0.0,0,35.132
719020000,719020000,0.9999592,-0.00038712512,0.001304813,-0.009427049,0.0,0.0,0.0,0.0,0,35.152
719040000,719040000,0.99995893,-0.0002223835,0.0012846299,-0.009463889,0.0,0.0,0.0,0.0,0,35.172
719060000,719060000,0.9999587,-6.1482104e-05,0.0012702598,-0.009494948,0.0,0.0,0.0,0.0,0,35.192
719080000,719080000,0.99995846,0.000102501355,0.0012430426,-0.009520367,0.0,0.0,0.0,0.0,0,35.212
719100000,719100000,0.9999583,0.00027223816,0.0012203987,-0.009540479,0.0,0.0,0.0,0.0,0,35.232
719120000,719120000,0.9999581,0.00044651362,0.0012007878,-0.00955605,0.0,0.0,0.0,0.0,0,35.252
719140000,719140000,0.9999579,0.0006241575,0.00117997,-0.009567025,0.0,0.0,0.0,0.0,0,35.272
719160000,719160000,0.99995774,0.0007977023,0.0011484909,-0.009573628,0.0,0.0,0.0,0.0,0,35.292
719180000,719180000,0.9999576,0.0009701922,0.0011099958,-0.009576084,0.0,0.0,0.0,0.0,0,35.312
719200000,719200000,0.9999575,0.001148333,0.0010749074,-0.009574255,0.0,0.0,0.0,0.0,0,35.332
719220000,719220000,0.9999574,0.0013247555,0.0010368844,-0.009568483,0.0,0.0,0.0,0.0,0,35.352
719240000,719240000,0.9999572,0.0014988432,0.0010094878,-0.009559031,0.0,0.0,0.0,0.0,0,35.372
719260000,719260000,0.9999571,0.00166122,0.0009926155,-0.00954648,0.0,0.0,0.0,0.0,0,35.392
719280000,719280000,0.999957,0.0018100082,0.0009767801,-0.009531352,0.0,0.0,0.0,0.0,0,35.412
719300000,719300000,0.99995697,0.0019464685,0.0009638834,-0.009513832,0.0,0.0,0.0,0.0,0,35.432
719320000,719320000,0.99995685,0.0020764128,0.00095024396,-0.009494314,0.0,0.0,0.0,0.0,0,35.452
719340000,719340000,0.99995685,0.0022033802,0.000932532,-0.009472992,0.0,0.0,0.0,0.0,0,35.472
719360000,719360000,0.9999568,0.0023238508,0.0009134999,-0.009450273,0.0,0.0,0.0,0.0,0,35.492
719380000,719380000,0.9999568,0.0024271442,0.0008958216,-0.009426234,0.0,0.0,0.0,0.0,0,35.512
719400000,719400000,0.9999568,0.0025190227,0.0008749913,-0.009400882,0.0,0.0,0.0,0.0,0,35.532
719420000,719420000,0.99995685,0.002598599,0.0008566886,-0.009374123,0.0,0.0,0.0,0.0,0,35.552
719440000,719440000,0.99995697,0.0026655754,0.00083701016,-0.009346434,0.0,0.0,0.0,0.0,0,35.572
719460000,719460000,0.9999571,0.002723691,0.0008097966,-0.009318002,0.0,0.0,0.0,0.0,0,35.592
719480000,719480000,0.99995726,0.0027746866,0.0007720856,-0.009289027,0.0,0.0,0.0,0.0,0,35.612
719500000,719500000,0.9999574,0.0028285813,0.0007326459,-0.009259817,0.0,0.0,0.0,0.0,0,35.632
719520000,719520000,0.99995756,0.0028810496,0.0006939109,-0.009230466,0.0,0.0,0.0,0.0,0,35.652
719540000,719540000,0.99995774,0.0029217678,0.00064148806,-0.009200826,0.0,0.0,0.0,0.0,0,35.672
719560000,719560000,0.999958,0.002948682,0.00058333157,-0.009171553,0.0,0.0,0.0,0.0,0,35.692
719580000,719580000,0.9999582,0.0029672738,0.0005361088,-0.00914277,0.0,0.0,0.0,0.0,0,35.712
719600000,719600000,0.99995846,0.0029790509,0.0004914968,-0.009114351,0.0,0.0,0.0,0.0,0,35.732
719620000,719620000,0.9999587,0.002985385,0.00044417309,-0.009086414,0.0,0.0,0.0,0.0,0,35.752
719640000,719640000,0.999959,0.0029845969,0.0003950311,-0.009059002,0.0,0.0,0.0,0.0,0,35.772
719660000,719660000,0.9999593,0.002972082,0.00034839197,-0.009032477,0.0,0.0,0.0,0.0,0,35.792
719680000,719680000,0.9999596,0.0029510339,0.00030084065,-0.009006792,0.0,0.0,0.0,0.0,0,35.812
719700000,719700000,0.9999599,0.0029248998,0.000248715,-0.008981998,0.0,0.0,0.0,0.0,0,35.832
719720000,719720000,0.99996024,0.0028852073,0.00020044872,-0.008958399,0.0,0.0,0.0,0.0,0,35.852
719740000,719740000,0.9999606,0.0028373215,0.00015051934,-0.00893629,0.0,0.0,0.0,0.0,0,35.872
719760000,719760000,0.9999609,0.0027883134,9.260433e-05,-0.008915482,0.0,0.0,0.0,0.0,0,35.892
719780000,719780000,0.99996126,0.0027302755,3.598272e-05,-0.008896054,0.0,0.0,0.0,0.0,0,35.912
719800000,719800000,0.99996156,0.0026662815,-2.091285e-05,-0.008878716,0.0,0.0,0.0,0.0,0,35.932
719820000,719820000,0.99996185,0.002607567,-6.800523e-05,-0.008864008,0.0,0.0,0.0,0.0,0,35.952
719840000,719840000,0.9999621,0.0025603517,-0.000108838634,-0.008851339,0.0,0.0,0.0,0.0,0,35.972
719860000,719860000,0.9999623,0.0025217126,-0.00015480249,-0.008840574,0.0,0.0,0.0,0.0,0,35.992
719880000,719880000,0.99996245,0.0024830033,-0.00020530194,-0.008831482,0.0,0.0,0.0,0.0,0,36.012
719900000,719900000,0.9999626,0.0024426829,-0.0002558553,-0.008823962,0.0,0.0,0.0,0.0,0,36.032
719920000,719920000,0.99996275,0.0023980406,-0.00029589565,-0.00881771,0.0,0.0,0.0,0.0,0,36.052
719940000,719940000,0.99996287,0.0023594224,-0.00034326356,-0.00881278,0.0,0.0,0.0,0.0,0,36.072
719960000,719960000,0.999963,0.00232507,-0.00039114125,-0.008809278,0.0,0.0,0.0,0.0,0,36.092
719980000,719980000,0.99996305,0.0022880307,-0.00042555967,-0.008807085,0.0,0.0,0.0,0.0,0,36.112
720000000,720000000,0.9999631,0.0022556076,-0.00046016567,-0.008806004,0.0,0.0,0.0,0.0,0,36.132
720020000,720020000,0.99996316,0.0022186663,-0.0005143626,-0.008806322,0.0,0.0,0.0,0.0,0,36.152
720040000,720040000,0.9999632,0.0021768836,-0.0005685912,-0.008808358,0.0,0.0,0.0,0.0,0,36.172
720060000,720060000,0.9999633,0.0021285913,-0.00060732436,-0.008811733,0.0,0.0,0.0,0.0,0,36.192
720080000,720080000,0.99996334,0.002071974,-0.0006400591,-0.008816006,0.0,0.0,0.0,0.0,0,36.212
720100000,720100000,0.9999634,0.0020167422,-0.0006841352,-0.008821152,0.0,0.0,0.0,0.0,0,36.232
720120000,720120000,0.9999634,0.0019680674,-0.00072756555,-0.0088272495,0.0,0.0,0.0,0.0,0,36.252
720140000,720140000,0.9999634,0.0019227589,-0.000758324,-0.0088345725,0.0,0.0,0.0,0.0,0,36.272
720160000,720160000,0.99996334,0.0018799265,-0.00079225126,-0.008843112,0.0,0.0,0.0,0.0,0,36.292
720180000,720180000,0.99996334,0.0018380951,-0.00083441776,-0.008852743,0.0,0.0,0.0,0.0,0,36.312
720200000,720200000,0.9999633,0.0017982592,-0.0008686515,-0.008863333,0.0,0.0,0.0,0.0,0,36.332
720220000,720220000,0.9999632,0.001758538,-0.00090012787,-0.008874265,0.0,0.0,0.0,0.0,0,36.352
720240000,720240000,0.99996316,0.0017173585,-0.0009312481,-0.008885597,0.0,0.0,0.0,0.0,0,36.372
720260000,720260000,0.9999631,0.0016711291,-0.00096432015,-0.008897241,0.0,0.0,0.0,0.0,0,36.392
720280000,720280000,0.99996305,0.0016229503,-0.001004013,-0.008909475,0.0,0.0,0.0,0.0,0,36.412
720300000,720300000,0.999963,0.0015720229,-0.0010365667,-0.008922687,0.0,0.0,0.0,0.0,0,36.432
720320000,720320000,0.9999629,0.0015137201,-0.0010626069,-0.008936632,0.0,0.0,0.0,0.0,0,36.452
720340000,720340000,0.9999628,0.0014579121,-0.0010984842,-0.008951348,0.0,0.0,0.0,0.0,0,36.472
720360000,720360000,0.99996275,0.0014000399,-0.0011322545,-0.008967057,0.0,0.0,0.0,0.0,0,36.492
720380000,720380000,0.9999626,0.0013395224,-0.0011507728,-0.008983936,0.0,0.0,0.0,0.0,0,36.512
720400000,720400000,0.99996257,0.0012753193,-0.0011676995,-0.009001857,0.0,0.0,0.0,0.0,0,36.532
720420000,720420000,0.9999624,0.0012133372,-0.0011908489,-0.009021063,0.0,0.0,0.0,0.0,0,36.552
720440000,720440000,0.9999623,0.0011514392,-0.0012190104,-0.009041695,0.0,0.0,0.0,0.0,0,36.572
720460000,720460000,0.9999621,0.0010944181,-0.0012454882,-0.009063339,0.0,0.0,0.0,0.0,0,36.592
720480000,720480000,0.9999619,0.0010471011,-0.0012648489,-0.009085959,0.0,0.0,0.0,0.0,0,36.612
720500000,720500000,0.99996173,0.0010053597,-0.0012805437,-0.009109903,0.0,0.0,0.0,0.0,0,36.632
720520000,720520000,0.9999615,0.00097018824,-0.0012914548,-0.009134901,0.0,0.0,0.0,0.0,0,36.652
720540000,720540000,0.9999613,0.0009406937,-0.0012981802,-0.009161077,0.0,0.0,0.0,0.0,0,36.672
720560000,720560000,0.9999611,0.00091685675,-0.0013006729,-0.009188242,0.0,0.0,0.0,0.0,0,36.692
720580000,720580000,0.99996084,0.00089065096,-0.0013066313,-0.009216346,0.0,0.0,0.0,0.0,0,36.712
720600000,720600000,0.9999606,0.0008674623,-0.0013107029,-0.009245182,0.0,0.0,0.0,0.0,0,36.732
720620000,720620000,0.9999603,0.0008369254,-0.0013228956,-0.009274582,0.0,0.0,0.0,0.0,0,36.752
720640000,720640000,0.99996006,0.00080158794,-0.0013373685,-0.0093043875,0.0,0.0,0.0,0.0,0,36.772
720660000,720660000,0.99995977,0.00076780084,-0.0013459191,-0.0093337605,0.0,0.0,0.0,0.0,0,36.792
720680000,720680000,0.9999595,0.0007423827,-0.0013647523,-0.009362491,0.0,0.0,0.0,0.0,0,36.812
720700000,720700000,0.99995923,0.0007158719,-0.0013900697,-0.009390413,0.0,0.0,0.0,0.0,0,36.832
720720000,720720000,0.999959,0.0006770895,-0.0014129812,-0.009417685,0.0,0.0,0.0,0.0,0,36.852
720740000,720740000,0.9999587,0.00062854803,-0.001437266,-0.0094446475,0.0,0.0,0.0,0.0,0,36.872
720760000,720760000,0.99995846,0.000576581,-0.0014613483,-0.00947174,0.0,0.0,0.0,0.0,0,36.892
720780000,720780000,0.9999582,0.0005228214,-0.0014855303,-0.009498749,0.0,0.0,0.0,0.0,0,36.912
720800000,720800000,0.9999579,0.0004670519,-0.0015109294,-0.009525302,0.0,0.0,0.0,0.0,0,36.932
720820000,720820000,0.9999577,0.00041880156,-0.0015284619,-0.009551404,0.0,0.0,0.0,0.0,0,36.952
720840000,720840000,0.99995744,0.0003784128,-0.0015379088,-0.009577342,0.0,0.0,0.0,0.0,0,36.972
720860000,720860000,0.9999572,0.0003388457,-0.0015461614,-0.009602912,0.0,0.0,0.0,0.0,0,36.992
720880000,720880000,0.99995697,0.00029792375,-0.0015501503,-0.009627665,0.0,0.0,0.0,0.0,0,37.012
720900000,720900000,0.9999567,0.00025990864,-0.0015458738,-0.009651722,0.0,0.0,0.0,0.0,0,37.032
720920000,720920000,0.99995655,0.0002200827,-0.001540523,-0.009675437,0.0,0.0,0.0,0.0,0,37.052
720940000,720940000,0.9999563,0.00018191568,-0.0015318897,-0.009698337,0.0,0.0,0.0,0.0,0,37.072
720960000,720960000,0.99995613,0.00015093006,-0.0015149289,-0.009720409,0.0,0.0,0.0,0.0,0,37.092
720980000,720980000,0.99995595,0.00012507406,-0.0014919136,-0.009741768,0.0,0.0,0.0,0.0,0,37.112
721000000,721000000,0.99995583,0.00010574877,-0.0014665177,-0.009762243,0.0,0.0,0.0,0.0,0,37.132
721020000,721020000,0.99995565,9.465564e-05,-0.0014369183,-0.009781884,0.0,0.0,0.0,0.0,0,37.152
721040000,721040000,0.99995553,9.046781e-05,-0.0014015555,-0.009800729,0.0,0.0,0.0,0.0,0,37.172
721060000,721060000,0.9999554,8.076452e-05,-0.0013714076,-0.0098189395,0.0,0.0,0.0,0.0,0,37.192
721080000,721080000,0.9999553,7.025901e-05,-0.0013411538,-0.009836356,0.0,0.0,0.0,0.0,0,37.212
721100000,721100000,0.9999552,6.6513414e-05,-0.0013031375,-0.00985297,0.0,0.0,0.0,0.0,0,37.232
721120000,721120000,0.99995506,6.398275e-05,-0.00126254,-0.0098690465,0.0,0.0,0.0,0.0,0,37.252
721140000,721140000,0.99995494,5.409951e-05,-0.0012277057,-0.00988445,0.0,0.0,0.0,0.0,0,37.272
721160000,721160000,0.9999548,3.8083872e-05,-0.0011972834,-0.00989909,0.0,0.0,0.0,0.0,0,37.292
721180000,721180000,0.99995476,2.2462988e-05,-0.0011648653,-0.009912958,0.0,0.0,0.0,0.0,0,37.312
721200000,721200000,0.99995464,1.6349412e-06,-0.0011358032,-0.009926063,0.0,0.0,0.0,0.0,0,37.332
721220000,721220000,0.9999546,-1.924579e-05,-0.0011050536,-0.009938401,0.0,0.0,0.0,0.0,0,37.352
721240000,721240000,0.99995446,-5.280112e-05,-0.0010848509,-0.009949967,0.0,0.0,0.0,0.0,0,37.372
721260000,721260000,0.99995434,-9.064571e-05,-0.0010678696,-0.009960904,0.0,0.0,0.0,0.0,0,37.392
721280000,721280000,0.9999543,-0.000127058,-0.0010558971,-0.009971064,0.0,0.0,0.0,0.0,0,37.412
721300000,721300000,0.99995416,-0.00015956441,-0.0010417011,-0.009980218,0.0,0.0,0.0,0.0,0,37.432
721320000,721320000,0.9999541,-0.00019238969,-0.0010273014,-0.009988415,0.0,0.0,0.0,0.0,0,37.452
721340000,721340000,0.99995404,-0.00022042438,-0.0010170195,-0.009995805,0.0,0.0,0.0,0.0,0,37.472
721360000,721360000,0.999954,-0.00023845687,-0.0010031196,-0.010002348,0.0,0.0,0.0,0.0,0,37.492
721380000,721380000,0.9999539,-0.00025258464,-0.0010007911,-0.010008447,0.0,0.0,0.0,0.0,0,37.512
721400000,721400000,0.99995387,-0.00026489788,-0.0010055414,-0.010013742,0.0,0.0,0.0,0.0,0,37.532
721420000,721420000,0.9999538,-0.0002702129,-0.0010043618,-0.010018224,0.0,0.0,0.0,0.0,0,37.552
721440000,721440000,0.9999538,-0.00027329792,-0.0010099671,-0.010021714,0.0,0.0,0.0,0.0,0,37.572
721460000,721460000,0.99995375,-0.00027843213,-0.0010193768,-0.010024026,0.0,0.0,0.0,0.0,0,37.592
721480000,721480000,0.99995375,-0.0002830388,-0.001020764,-0.0100255,0.0,0.0,0.0,0.0,0,37.612
721500000,721500000,0.99995375,-0.00028373144,-0.0010296593,-0.010026185,0.0,0.0,0.0,0.0,0,37.632
721520000,721520000,0.9999537,-0.0002854948,-0.0010417835,-0.010026257,0.0,0.0,0.0,0.0,0,37.652
721540000,721540000,0.9999537,-0.0002909572,-0.0010472842,-0.010025842,0.0,0.0,0.0,0.0,0,37.672
721560000,721560000,0.9999537,-0.00029449537,-0.0010578088,-0.010024973,0.0,0.0,0.0,0.0,0,37.692
721580000,721580000,0.9999537,-0.00030007685,-0.0010723089,-0.010023879,0.0,0.0,0.0,0.0,0,37.712
721600000,721600000,0.9999537,-0.00030999415,-0.0010798458,-0.010022779,0.0,0.0,0.0,0.0,0,37.732
721620000,721620000,0.9999537,-0.00032418562,-0.0010831285,-0.010021679,0.0,0.0,0.0,0.0,0,37.752
721640000,721640000,0.9999537,-0.0003435736,-0.0010861433,-0.010020587,0.0,0.0,0.0,0.0,0,37.772
721660000,721660000,0.9999537,-0.00036790952,-0.001090052,-0.010019617,0.0,0.0,0.0,0.0,0,37.792
721680000,721680000,0.9999537,-0.0003947921,-0.0010930675,-0.010018806,0.0,0.0,0.0,0.0,0,37.812
721700000,721700000,0.9999537,-0.0004256444,-0.0010968567,-0.010018052,0.0,0.0,0.0,0.0,0,37.832
721720000,721720000,0.9999537,-0.00046152069,-0.0011025188,-0.010017343,0.0,0.0,0.0,0.0,0,37.852
721740000,721740000,0.9999536,-0.000499002,-0.0011067424,-0.010016771,0.0,0.0,0.0,0.0,0,37.872
721760000,721760000,0.9999536,-0.0005383831,-0.0011109108,-0.0100163445,0.0,0.0,0.0,0.0,0,37.892
721780000,721780000,0.99995357,-0.0005790616,-0.0011194734,-0.010016233,0.0,0.0,0.0,0.0,0,37.912
721800000,721800000,0.99995357,-0.0006155235,-0.0011292903,-0.010016417,0.0,0.0,0.0,0.0,0,37.932
721820000,721820000,0.9999535,-0.00064512936,-0.001129599,-0.010016913,0.0,0.0,0.0,0.0,0,37.952
721840000,721840000,0.9999535,-0.00067603425,-0.0011265574,-0.010017521,0.0,0.0,0.0,0.0,0,37.972
721860000,721860000,0.9999535,-0.00070732035,-0.0011203802,-0.010018655,0.0,0.0,0.0,0.0,0,37.992
721880000,721880000,0.99995345,-0.00073258695,-0.0011050687,-0.010020383,0.0,0.0,0.0,0.0,0,38.012
721900000,721900000,0.99995345,-0.0007520645,-0.0010807897,-0.010022877,0.0,0.0,0.0,0.0,0,38.032
721920000,721920000,0.99995345,-0.0007671891,-0.0010490323,-0.010026451,0.0,0.0,0.0,0.0,0,38.052
721940000,721940000,0.9999534,-0.0007854771,-0.0010170402,-0.010031534,0.0,0.0,0.0,0.0,0,38.072
721960000,721960000,0.9999533,-0.0008137378,-0.0009850969,-0.010038025,0.0,0.0,0.0,0.0,0,38.092
721980000,721980000,0.99995327,-0.00085647136,-0.00094640144,-0.010045919,0.0,0.0,0.0,0.0,0,38.112
722000000,722000000,0.9999532,-0.00091318524,-0.0009009194,-0.010054487,0.0,0.0,0.0,0.0,0,38.132
722020000,722020000,0.9999531,-0.0009740044,-0.00085853983,-0.010063209,0.0,0.0,0.0,0.0,0,38.152
722040000,722040000,0.999953,-0.0010392662,-0.00081877655,-0.01007189,0.0,0.0,0.0,0.0,0,38.172
722060000,722060000,0.99995285,-0.0011078021,-0.0007790699,-0.010080763,0.0,0.0,0.0,0.0,0,38.192
722080000,722080000,0.9999527,-0.0011736696,-0.0007335911,-0.010090139,0.0,0.0,0.0,0.0,0,38.212
722100000,722100000,0.99995255,-0.0012370693,-0.0006822635,-0.010099906,0.0,0.0,0.0,0.0,0,38.232
722120000,722120000,0.9999524,-0.001306346,-0.0006334989,-0.010110655,0.0,0.0,0.0,0.0,0,38.252
722140000,722140000,0.9999522,-0.0013716583,-0.0005774414,-0.010122544,0.0,0.0,0.0,0.0,0,38.272
722160000,722160000,0.999952,-0.0014401397,-0.0005213319,-0.010135737,0.0,0.0,0.0,0.0,0,38.292
722180000,722180000,0.9999518,-0.0015131339,-0.00046474856,-0.010150199,0.0,0.0,0.0,0.0,0,38.312
722200000,722200000,0.99995154,-0.0015960033,-0.00040012333,-0.010165502,0.0,0.0,0.0,0.0,0,38.332
722220000,722220000,0.99995124,-0.0016811491,-0.00033857563,-0.010181044,0.0,0.0,0.0,0.0,0,38.352
722240000,722240000,0.99995095,-0.00176809,-0.00028091442,-0.0101966495,0.0,0.0,0.0,0.0,0,38.372
722260000,722260000,0.99995065,-0.001856314,-0.0002237877,-0.0102121895,0.0,0.0,0.0,0.0,0,38.392
722280000,722280000,0.99995035,-0.0019441211,-0.00016130577,-0.010227887,0.0,0.0,0.0,0.0,0,38.412
722300000,722300000,0.99995005,-0.0020265088,-0.00010617135,-0.01024383,0.0,0.0,0.0,0.0,0,38.432
722320000,722320000,0.9999497,-0.0021075227,-5.4419346e-05,-0.010259677,0.0,0.0,0.0,0.0,0,38.452
722340000,722340000,0.99994934,-0.002192787,-2.8939294e-06,-0.010275463,0.0,0.0,0.0,0.0,0,38.472
722360000,722360000,0.999949,-0.002280944,4.9129667e-05,-0.010291068,0.0,0.0,0.0,0.0,0,38.492
722380000,722380000,0.9999486,-0.0023719426,0.000101208265,-0.010306465,0.0,0.0,0.0,0.0,0,38.512
722400000,722400000,0.99994826,-0.0024630101,0.00015459381,-0.010321739,0.0,0.0,0.0,0.0,0,38.532
722420000,722420000,0.99994785,-0.0025513417,0.00020485611,-0.010337075,0.0,0.0,0.0,0.0,0,38.552
722440000,722440000,0.9999475,-0.0026261073,0.0002605122,-0.010352204,0.0,0.0,0.0,0.0,0,38.572
722460000,722460000,0.9999469,-0.002402684,0.0013344436,-0.0103819035,0.0,0.0,0.0,0.0,0,38.592
722480000,722480000,0.9999048,-0.00022698905,0.009464749,-0.010479468,0.0,0.0,0.0,0.0,0,38.612
722500000,722500000,0.99960357,0.0043958747,0.025854373,-0.01067782,0.0,0.0,0.0,0.0,0,38.632
722520000,722520000,0.99874854,0.010966396,0.04763954,-0.010986964,0.0,0.0,0.0,0.0,0,38.652
722540000,722540000,0.9971685,0.018803831,0.07197434,-0.01141054,0.0,0.0,0.0,0.0,0,38.672
722560000,722560000,0.99484944,0.027440013,0.096889265,-0.0119658485,0.0,0.0,0.0,0.0,0,38.692
722580000,722580000,0.9918562,0.036461502,0.12141091,-0.012660803,0.0,0.0,0.0,0.0,0,38.712
722600000,722600000,0.98828816,0.045507263,0.14506091,-0.013491002,0.0,0.0,0.0,0.0,0,38.732
722620000,722620000,0.98430496,0.054454416,0.16726562,-0.014481926,0.0,0.0,0.0,0.0,0,38.752
722640000,722640000,0.9800653,0.063001834,0.18779822,-0.015612448,0.0,0.0,0.0,0.0,0,38.772
722660000,722660000,0.97571486,0.071101956,0.20651563,-0.01689386,0.0,0.0,0.0,0.0,0,38.792
722680000,722680000,0.971385,0.07864238,0.22338368,-0.01831345,0.0,0.0,0.0,0.0,0,38.812
722700000,722700000,0.96717227,0.08553853,0.23848695,-0.019851191,0.0,0.0,0.0,0.0,0,38.832
722720000,722720000,0.9631454,0.09182258,0.25192487,-0.021507004,0.0,0.0,0.0,0.0,0,38.852
722740000,722740000,0.9593542,0.09744142,0.26384288,-0.023252526,0.0,0.0,0.0,0.0,0,38.872
722760000,722760000,0.95581657,0.1024753,0.27439585,-0.025089396,0.0,0.0,0.0,0.0,0,38.892
722780000,722780000,0.9525658,0.1068915,0.28367788,-0.026993332,0.0,0.0,0.0,0.0,0,38.912
722800000,722800000,0.9495873,0.1107735,0.29186216,-0.028961696,0.0,0.0,0.0,0.0,0,38.932
722820000,722820000,0.94689375,0.11411542,0.29903105,-0.03097492,0.0,0.0,0.0,0.0,0,38.952
722840000,722840000,0.944456,0.11699683,0.30534062,-0.033028882,0.0,0.0,0.0,0.0,0,38.972
722860000,722860000,0.94226897,0.119434625,0.31087127,-0.03510926,0.0,0.0,0.0,0.0,0,38.992
722880000,722880000,0.94030666,0.12147694,0.31573966,-0.037205603,0.0,0.0,0.0,0.0,0,39.012
722900000,722900000,0.9385576,0.12316394,0.3200062,-0.03931187,0.0,0.0,0.0,0.0,0,39.032
722920000,722920000,0.9369934,0.12454669,0.32376665,-0.041421164,0.0,0.0,0.0,0.0,0,39.052
722940000,722940000,0.93560004,0.12565255,0.3270762,-0.043523423,0.0,0.0,0.0,0.0,0,39.072
722960000,722960000,0.93436,0.12651737,0.3299898,-0.04561234,0.0,0.0,0.0,0.0,0,39.092
722980000,722980000,0.9332574,0.12717392,0.33255526,-0.047681514,0.0,0.0,0.0,0.0,0,39.112
723000000,723000000,0.93227804,0.12764905,0.3348134,-0.049723946,0.0,0.0,0.0,0.0,0,39.132
723020000,723020000,0.9314059,0.12796885,0.33680844,-0.051731862,0.0,0.0,0.0,0.0,0,39.152
723040000,723040000,0.9306314,0.12816323,0.33856243,-0.05370251,0.0,0.0,0.0,0.0,0,39.172
723060000,723060000,0.9299402,0.12825905,0.3401105,-0.05563055,0.0,0.0,0.0,0.0,0,39.192
723080000,723080000,0.929325,0.12826462,0.34147525,-0.057507187,0.0,0.0,0.0,0.0,0,39.212
723100000,723100000,0.9287775,0.12819205,0.34267876,-0.05932529,0.0,0.0,0.0,0.0,0,39.232
723120000,723120000,0.9282913,0.12805547,0.34373742,-0.06107952,0.0,0.0,0.0,0.0,0,39.252
723140000,723140000,0.9278601,0.12786807,0.34466648,-0.06276589,0.0,0.0,0.0,0.0,0,39.272
723160000,723160000,0.92747587,0.1276441,0.34548473,-0.06438061,0.0,0.0,0.0,0.0,0,39.292
723180000,723180000,0.9271353,0.12739412,0.34620005,-0.065920606,0.0,0.0,0.0,0.0,0,39.312
723200000,723200000,0.92683434,0.12711638,0.34682682,-0.06737818,0.0,0.0,0.0,0.0,0,39.332
723220000,723220000,0.9265717,0.12681395,0.34736964,-0.068749644,0.0,0.0,0.0,0.0,0,39.352
723240000,723240000,0.92634094,0.12650256,0.34784162,-0.07003516,0.0,0.0,0.0,0.0,0,39.372
723260000,723260000,0.9261393,0.12618253,0.34825167,-0.07123067,0.0,0.0,0.0,0.0,0,39.392
723280000,723280000,0.9259648,0.1258573,0.3486057,-0.07233498,0.0,0.0,0.0,0.0,0,39.412
723300000,723300000,0.92581666,0.12552632,0.348907,-0.07334614,0.0,0.0,0.0,0.0,0,39.432
723320000,723320000,0.92569417,0.12518437,0.34916133,-0.07426055,0.0,0.0,0.0,0.0,0,39.452
723340000,723340000,0.9255951,0.12483672,0.34937334,-0.07507875,0.0,0.0,0.0,0.0,0,39.472
723360000,723360000,0.92551666,0.124496184,0.34954593,-0.075805046,0.0,0.0,0.0,0.0,0,39.492
723380000,723380000,0.9254626,0.12415889,0.34967068,-0.07644019,0.0,0.0,0.0,0.0,0,39.512
723400000,723400000,0.9254894,0.123787545,0.34960988,-0.07699373,0.0,0.0,0.0,0.0,0,39.532
723420000,723420000,0.92574024,0.12329451,0.34900948,-0.07749139,0.0,0.0,0.0,0.0,0,39.552
723440000,723440000,0.9263379,0.12258918,0.3475676,-0.077947736,0.0,0.0,0.0,0.0,0,39.572
723460000,723460000,0.92732996,0.12160193,0.34516945,-0.07835315,0.0,0.0,0.0,0.0,0,39.592
723480000,723480000,0.9287084,0.12031102,0.3418222,-0.07869398,0.0,0.0,0.0,0.0,0,39.612
723500000,723500000,0.9304476,0.11869919,0.33757013,-0.07895116,0.0,0.0,0.0,0.0,0,39.632
723520000,723520000,0.9325225,0.1167729,0.33243886,-0.07911652,0.0,0.0,0.0,0.0,0,39.652
723540000,723540000,0.934905,0.114538476,0.32645538,-0.07918095,0.0,0.0,0.0,0.0,0,39.672
723560000,723560000,0.937568,0.11200162,0.31963792,-0.07913638,0.0,0.0,0.0,0.0,0,39.692
723580000,723580000,0.9404815,0.10916326,0.31201038,-0.078972355,0.0,0.0,0.0,0.0,0,39.712
723600000,723600000,0.9436143,0.106033735,0.30359027,-0.07868274,0.0,0.0,0.0,0.0,0,39.732
723620000,723620000,0.94693065,0.10261439,0.29441062,-0.07825701,0.0,0.0,0.0,0.0,0,39.752
723640000,723640000,0.9504018,0.09891036,0.2844758,-0.07769037,0.0,0.0,0.0,0.0,0,39.772
723660000,723660000,0.9539911,0.09492557,0.27381375,-0.076975726,0.0,0.0,0.0,0.0,0,39.792
723680000,723680000,0.957664,0.09066985,0.26244032,-0.076110125,0.0,0.0,0.0,0.0,0,39.812
723700000,723700000,0.9613753,0.08615354,0.250412,-0.07508691,0.0,0.0,0.0,0.0,0,39.832
723720000,723720000,0.9650908,0.081384644,0.23774645,-0.07390502,0.0,0.0,0.0,0.0,0,39.852
723740000,723740000,0.96876746,0.0763838,0.22449662,-0.07256409,0.0,0.0,0.0,0.0,0,39.872
723760000,723760000,0.9723766,0.07114583,0.21066803,-0.071064286,0.0,0.0,0.0,0.0,0,39.892
723780000,723780000,0.97586775,0.06570795,0.19635724,-0.069408216,0.0,0.0,0.0,0.0,0,39.912
723800000,723800000,0.9792135,0.060046595,0.18159136,-0.06759465,0.0,0.0,0.0,0.0,0,39.932
723820000,723820000,0.98237175,0.054217484,0.16645554,-0.065634444,0.0,0.0,0.0,0.0,0,39.952
723840000,723840000,0.9853168,0.048200026,0.15099886,-0.06352916,0.0,0.0,0.0,0.0,0,39.972
723860000,723860000,0.988015,0.042063173,0.13531134,-0.061294246,0.0,0.0,0.0,0.0,0,39.992
723880000,723880000,0.99044883,0.0357745,0.119445436,-0.0589336,0.0,0.0,0.0,0.0,0,40.012
723900000,723900000,0.9925961,0.029414395,0.10348194,-0.05646621,0.0,0.0,0.0,0.0,0,40.032
723920000,723920000,0.99444574,0.022950059,0.08749219,-0.053899933,0.0,0.0,0.0,0.0,0,40.052
723940000,723940000,0.99598604,0.016469462,0.07157242,-0.051254824,0.0,0.0,0.0,0.0,0,40.072
723960000,723960000,0.9972161,0.009948183,0.05580105,-0.048542906,0.0,0.0,0.0,0.0,0,40.092
723980000,723980000,0.998139,0.0034543276,0.040243052,-0.04578392,0.0,0.0,0.0,0.0,0,40.112
724000000,724000000,0.99876326,-0.003021991,0.024969548,-0.04299322,0.0,0.0,0.0,0.0,0,40.132
724020000,724020000,0.9991018,-0.009412907,0.010039347,-0.040189736,0.0,0.0,0.0,0.0,0,40.152
724040000,724040000,0.9991712,-0.015739607,-0.004509966,-0.03738949,0.0,0.0,0.0,0.0,0,40.172
724060000,724060000,0.998991,-0.021942588,-0.01861942,-0.03460985,0.0,0.0,0.0,0.0,0,40.192
724080000,724080000,0.9985831,-0.028024904,-0.032249525,-0.031867336,0.0,0.0,0.0,0.0,0,40.212
724100000,724100000,0.9979716,-0.033944067,-0.045368597,-0.029176991,0.0,0.0,0.0,0.0,0,40.232
724120000,724120000,0.997179,-0.039703604,-0.05798071,-0.026553022,0.0,0.0,0.0,0.0,0,40.252
724140000,724140000,0.996232,-0.045263886,-0.07004059,-0.02400901,0.0,0.0,0.0,0.0,0,40.272
724160000,724160000,0.99515265,-0.05062607,-0.08156353,-0.021557122,0.0,0.0,0.0,0.0,0,40.292
724180000,724180000,0.99396634,-0.055768423,-0.09252541,-0.01920868,0.0,0.0,0.0,0.0,0,40.312
724200000,724200000,0.9926936,-0.060684845,-0.10294577,-0.016972937,0.0,0.0,0.0,0.0,0,40.332
724220000,724220000,0.99135804,-0.065363005,-0.11280582,-0.014859491,0.0,0.0,0.0,0.0,0,40.352
724240000,724240000,0.9899758,-0.06980771,-0.1221398,-0.012874984,0.0,0.0,0.0,0.0,0,40.372
724260000,724260000,0.98856556,-0.07401652,-0.13094744,-0.011026436,0.0,0.0,0.0,0.0,0,40.392
724280000,724280000,0.98714405,-0.077970356,-0.13924637,-0.009316371,0.0,0.0,0.0,0.0,0,40.412
724300000,724300000,0.9857278,-0.081668556,-0.14703736,-0.007749727,0.0,0.0,0.0,0.0,0,40.432
724320000,724320000,0.98432654,-0.08511292,-0.15435709,-0.006327988,0.0,0.0,0.0,0.0,0,40.452
724340000,724340000,0.982953,-0.08830469,-0.16121182,-0.005053679,0.0,0.0,0.0,0.0,0,40.472
724360000,724360000,0.9816142,-0.09125262,-0.16763148,-0.003927584,0.0,0.0,0.0,0.0,0,40.492
724380000,724380000,0.9803217,-0.09395251,-0.17361642,-0.0029496814,0.0,0.0,0.0,0.0,0,40.512
724400000,724400000,0.9790814,-0.09640334,-0.17919438,-0.002116795,0.0,0.0,0.0,0.0,0,40.532
724420000,724420000,0.9778979,-0.098613605,-0.1843859,-0.0014269887,0.0,0.0,0.0,0.0,0,40.552
724440000,724440000,0.97677386,-0.1005968,-0.1892126,-0.00087856094,0.0,0.0,0.0,0.0,0,40.572
724460000,724460000,0.97571623,-0.10235776,-0.19367385,-0.00046963946,0.0,0.0,0.0,0.0,0,40.592
724480000,724480000,0.9747284,-0.103897355,-0.19778496,-0.00019506378,0.0,0.0,0.0,0.0,0,40.612
724500000,724500000,0.97381556,-0.10521746,-0.20154808,-5.078512e-05,0.0,0.0,0.0,0.0,0,40.632
724520000,724520000,0.9729749,-0.10632188,-0.20499916,-2.8491515e-05,0.0,0.0,0.0,0.0,0,40.652
724540000,724540000,0.9722108,-0.10722366,-0.20813043,-0.00012630605,0.0,0.0,0.0,0.0,0,40.672
724560000,724560000,0.97151935,-0.10793348,-0.21097283,-0.00033701953,0.0,0.0,0.0,0.0,0,40.692
724580000,724580000,0.97090364,-0.10846074,-0.21352066,-0.00065665285,0.0,0.0,0.0,0.0,0,40.712
724600000,724600000,0.97036,-0.108800024,-0.21580541,-0.0010730559,0.0,0.0,0.0,0.0,0,40.732
724620000,724620000,0.96988887,-0.108965695,-0.21782717,-0.0015821097,0.0,0.0,0.0,0.0,0,40.752
724640000,724640000,0.96948874,-0.1089697,-0.2195941,-0.0021775332,0.0,0.0,0.0,0.0,0,40.772
724660000,724660000,0.9691581,-0.10881957,-0.22111504,-0.0028518739,0.0,0.0,0.0,0.0,0,40.792
724680000,724680000,0.96889216,-0.10852584,-0.22241026,-0.0035968453,0.0,0.0,0.0,0.0,0,40.812
724700000,724700000,0.96868974,-0.10809913,-0.22348262,-0.004405709,0.0,0.0,0.0,0.0,0,40.832
724720000,724720000,0.9685506,-0.10754148,-0.22433418,-0.0052698976,0.0,0.0,0.0,0.0,0,40.852
724740000,724740000,0.96847355,-0.10685661,-0.22497015,-0.0061810375,0.0,0.0,0.0,0.0,0,40.872
724760000,724760000,0.9684544,-0.1060533,-0.22540401,-0.0071310527,0.0,0.0,0.0,0.0,0,40.892
724780000,724780000,0.96849036,-0.105148904,-0.22563985,-0.008114642,0.0,0.0,0.0,0.0,0,40.912
724800000,724800000,0.9685782,-0.104152426,-0.22568649,-0.009124259,0.0,0.0,0.0,0.0,0,40.932
724820000,724820000,0.9687167,-0.10307132,-0.22554451,-0.010153332,0.0,0.0,0.0,0.0,0,40.952
724840000,724840000,0.9689043,-0.10191061,-0.22521646,-0.011194483,0.0,0.0,0.0,0.0,0,40.972
724860000,724860000,0.96913856,-0.100679815,-0.22470705,-0.012240883,0.0,0.0,0.0,0.0,0,40.992
724880000,724880000,0.96941715,-0.099391304,-0.22401853,-0.013286931,0.0,0.0,0.0,0.0,0,41.012
724900000,724900000,0.9697359,-0.098053664,-0.22316277,-0.014325973,0.0,0.0,0.0,0.0,0,41.032
724920000,724920000,0.97009397,-0.09666286,-0.2221429,-0.015349887,0.0,0.0,0.0,0.0,0,41.052
724940000,724940000,0.9704869,-0.09524151,-0.22096574,-0.016356554,0.0,0.0,0.0,0.0,0,41.072
724960000,724960000,0.9709123,-0.093786106,-0.21964061,-0.017337663,0.0,0.0,0.0,0.0,0,41.092
724980000,724980000,0.97136855,-0.09230338,-0.21816938,-0.018288828,0.0,0.0,0.0,0.0,0,41.112
725000000,725000000,0.97185755,-0.09078882,-0.21654227,-0.019204287,0.0,0.0,0.0,0.0,0,41.132
725020000,725020000,0.9723756,-0.08926245,-0.2147643,-0.020082744,0.0,0.0,0.0,0.0,0,41.152
725040000,725040000,0.9729183,-0.08771976,-0.21285413,-0.020917028,0.0,0.0,0.0,0.0,0,41.172
725060000,725060000,0.9734828,-0.08617769,-0.210814,-0.021706745,0.0,0.0,0.0,0.0,0,41.192
725080000,725080000,0.9740694,-0.08462548,-0.20864461,-0.022445597,0.0,0.0,0.0,0.0,0,41.212
725100000,725100000,0.97467625,-0.08307429,-0.20634659,-0.02313254,0.0,0.0,0.0,0.0,0,41.232
725120000,725120000,0.9753011,-0.08150982,-0.20393257,-0.023760697,0.0,0.0,0.0,0.0,0,41.252
725140000,725140000,0.97594213,-0.07994978,-0.2014001,-0.02433176,0.0,0.0,0.0,0.0,0,41.272
725160000,725160000,0.97659713,-0.07839326,-0.19875717,-0.024843078,0.0,0.0,0.0,0.0,0,41.292
725180000,725180000,0.97726494,-0.076850414,-0.19600113,-0.025295302,0.0,0.0,0.0,0.0,0,41.312
725200000,725200000,0.9779415,-0.075313695,-0.19315197,-0.025683848,0.0,0.0,0.0,0.0,0,41.332
725220000,725220000,0.9786254,-0.07379158,-0.19020946,-0.026009886,0.0,0.0,0.0,0.0,0,41.352
725240000,725240000,0.9793141,-0.07227942,-0.18718591,-0.026270999,0.0,0.0,0.0,0.0,0,41.372
725260000,725260000,0.980008,-0.07078107,-0.18407302,-0.02646875,0.0,0.0,0.0,0.0,0,41.392
725280000,725280000,0.98070425,-0.069290884,-0.18088512,-0.026601426,0.0,0.0,0.0,0.0,0,41.412
725300000,725300000,0.9814003,-0.067813486,-0.17763032,-0.026670385,0.0,0.0,0.0,0.0,0,41.432
725320000,725320000,0.98209506,-0.06634266,-0.17431414,-0.026675303,0.0,0.0,0.0,0.0,0,41.452
725340000,725340000,0.98278713,-0.06488165,-0.1709396,-0.02661829,0.0,0.0,0.0,0.0,0,41.472
725360000,725360000,0.9834746,-0.063431665,-0.1675141,-0.026500806,0.0,0.0,0.0,0.0,0,41.492
725380000,725380000,0.9841556,-0.061995845,-0.16404384,-0.026324905,0.0,0.0,0.0,0.0,0,41.512
725400000,725400000,0.984829,-0.060569007,-0.16053513,-0.026091408,0.0,0.0,0.0,0.0,0,41.532
725420000,725420000,0.9854952,-0.059149813,-0.15698354,-0.025802866,0.0,0.0,0.0,0.0,0,41.552
725440000,725440000,0.9861526,-0.057737667,-0.15339565,-0.025461651,0.0,0.0,0.0,0.0,0,41.572
725460000,725460000,0.98679894,-0.056331646,-0.14978375,-0.02506969,0.0,0.0,0.0,0.0,0,41.592
725480000,725480000,0.98743314,-0.05493308,-0.1461526,-0.024629941,0.0,0.0,0.0,0.0,0,41.612
725500000,725500000,0.9880541,-0.05354247,-0.14250754,-0.024145462,0.0,0.0,0.0,0.0,0,41.632
725520000,725520000,0.988662,-0.0521562,-0.13884676,-0.023619305,0.0,0.0,0.0,0.0,0,41.652
725540000,725540000,0.98925525,-0.050769266,-0.13518219,-0.023053305,0.0,0.0,0.0,0.0,0,41.672
725560000,725560000,0.98983425,-0.049372748,-0.1315127,-0.02244997,0.0,0.0,0.0,0.0,0,41.692
725580000,725580000,0.9903977,-0.04797037,-0.12784587,-0.021813104,0.0,0.0,0.0,0.0,0,41.712
725600000,725600000,0.9909444,-0.046568304,-0.124187455,-0.021146894,0.0,0.0,0.0,0.0,0,41.732
725620000,725620000,0.9914729,-0.045168415,-0.120548904,-0.020454502,0.0,0.0,0.0,0.0,0,41.752
725640000,725640000,0.99198383,-0.043765184,-0.116928205,-0.019738901,0.0,0.0,0.0,0.0,0,41.772
725660000,725660000,0.9924766,-0.042362526,-0.113329425,-0.019003863,0.0,0.0,0.0,0.0,0,41.792
725680000,725680000,0.9929506,-0.04096548,-0.10975795,-0.018253036,0.0,0.0,0.0,0.0,0,41.812
725700000,725700000,0.993405,-0.039576028,-0.106223755,-0.017489882,0.0,0.0,0.0,0.0,0,41.832
725720000,725720000,0.99384075,-0.038188286,-0.102722116,-0.01671736,0.0,0.0,0.0,0.0,0,41.852
725740000,725740000,0.9942576,-0.036804456,-0.09925848,-0.015938804,0.0,0.0,0.0,0.0,0,41.872
725760000,725760000,0.9946562,-0.03542277,-0.09583095,-0.015157288,0.0,0.0,0.0,0.0,0,41.892
725780000,725780000,0.9950359,-0.03404615,-0.09244916,-0.014376187,0.0,0.0,0.0,0.0,0,41.912
725800000,725800000,0.99539644,-0.032679662,-0.08911875,-0.013598766,0.0,0.0,0.0,0.0,0,41.932
725820000,725820000,0.99573815,-0.031321567,-0.085842885,-0.012827462,0.0,0.0,0.0,0.0,0,41.952
725840000,725840000,0.9960618,-0.029975949,-0.08261871,-0.01206532,0.0,0.0,0.0,0.0,0,41.972
725860000,725860000,0.9963676,-0.02864977,-0.07944781,-0.011315638,0.0,0.0,0.0,0.0,0,41.992
725880000,725880000,0.99665636,-0.027342144,-0.07632615,-0.010580869,0.0,0.0,0.0,0.0,0,42.012
725900000,725900000,0.99692917,-0.026047183,-0.07325048,-0.009863041,0.0,0.0,0.0,0.0,0,42.032
725920000,725920000,0.99718577,-0.024766605,-0.07022983,-0.009164057,0.0,0.0,0.0,0.0,0,42.052
725940000,725940000,0.99742717,-0.023495475,-0.0672614,-0.008485741,0.0,0.0,0.0,0.0,0,42.072
725960000,725960000,0.997653,-0.022237753,-0.06435693,-0.007829792,0.0,0.0,0.0,0.0,0,42.092
725980000,725980000,0.99786395,-0.020993082,-0.061514944,-0.0071979915,0.0,0.0,0.0,0.0,0,42.112
726000000,726000000,0.9980607,-0.019762507,-0.058736134,-0.0065918304,0.0,0.0,0.0,0.0,0,42.132
726020000,726020000,0.99824435,-0.018545492,-0.056011252,-0.0060127014,0.0,0.0,0.0,0.0,0,42.152
726040000,726040000,0.99841446,-0.017351229,-0.053355306,-0.0054618274,0.0,0.0,0.0,0.0,0,42.172
726060000,726060000,0.9985721,-0.016173547,-0.050762195,-0.0049401447,0.0,0.0,0.0,0.0,0,42.192
726080000,726080000,0.9987178,-0.015012413,-0.048235983,-0.004448403,0.0,0.0,0.0,0.0,0,42.212
726100000,726100000,0.9988523,-0.013870827,-0.045770228,-0.0039877645,0.0,0.0,0.0,0.0,0,42.232
726120000,726120000,0.9989756,-0.012754636,-0.043377034,-0.0035588788,0.0,0.0,0.0,0.0,0,42.252
726140000,726140000,0.9990889,-0.011662581,-0.041042153,-0.0031622148,0.0,0.0,0.0,0.0,0,42.272
726160000,726160000,0.9991924,-0.010595921,-0.03877535,-0.0027978462,0.0,0.0,0.0,0.0,0,42.292
726180000,726180000,0.9992869,-0.00954716,-0.036573593,-0.002465248,0.0,0.0,0.0,0.0,0,42.312
726200000,726200000,0.9993725,-0.008524275,-0.034443993,-0.0021646353,0.0,0.0,0.0,0.0,0,42.332
726220000,726220000,0.99945,-0.007532197,-0.032379936,-0.0018962361,0.0,0.0,0.0,0.0,0,42.352
726240000,726240000,0.99951965,-0.0065640165,-0.030393282,-0.0016593969,0.0,0.0,0.0,0.0,0,42.372
726260000,726260000,0.9995824,-0.005614285,-0.028469676,-0.0014535158,0.0,0.0,0.0,0.0,0,42.392
726280000,726280000,0.9996384,-0.004686387,-0.026620133,-0.0012781237,0.0,0.0,0.0,0.0,0,42.412
726300000,726300000,0.9996882,-0.0037810714,-0.02483953,-0.0011326505,0.0,0.0,0.0,0.0,0,42.432
726320000,726320000,0.9997323,-0.0028932276,-0.023131186,-0.0010160855,0.0,0.0,0.0,0.0,0,42.452
726340000,726340000,0.99977136,-0.0020340334,-0.021479446,-0.0009273409,0.0,0.0,0.0,0.0,0,42.472
726360000,726360000,0.9998055,-0.0012149041,-0.01989483,-0.0008658718,0.0,0.0,0.0,0.0,0,42.492
726380000,726380000,0.9998353,-0.00043296203,-0.018374257,-0.0008308216,0.0,0.0,0.0,0.0,0,42.512
726400000,726400000,0.99986094,0.00031251527,-0.01692528,-0.00082105515,0.0,0.0,0.0,0.0,0,42.532
726420000,726420000,0.99988306,0.0010137205,-0.015533865,-0.0008354268,0.0,0.0,0.0,0.0,0,42.552
726440000,726440000,0.99990165,0.0016825348,-0.014220091,-0.00087214116,0.0,0.0,0.0,0.0,0,42.572
726460000,726460000,0.99991727,0.0023229632,-0.012975232,-0.0009300174,0.0,0.0,0.0,0.0,0,42.592
726480000,726480000,0.9999301,0.0029415698,-0.0118021965,-0.0010078129,0.0,0.0,0.0,0.0,0,42.612
726500000,726500000,0.9999406,0.0035306104,-0.010689122,-0.0011039143,0.0,0.0,0.0,0.0,0,42.632
726520000,726520000,0.9999491,0.0040855603,-0.009628985,-0.0012171193,0.0,0.0,0.0,0.0,0,42.652
726540000,726540000,0.99995595,0.0045987484,-0.008618715,-0.0013463097,0.0,0.0,0.0,0.0,0,42.672
726560000,726560000,0.9999611,0.005082219,-0.0076740077,-0.0014899631,0.0,0.0,0.0,0.0,0,42.692
726580000,726580000,0.9999649,0.00553541,-0.006781724,-0.0016466421,0.0,0.0,0.0,0.0,0,42.712
726600000,726600000,0.9999676,0.0059520793,-0.005939929,-0.001815313,0.0,0.0,0.0,0.0,0,42.732
726620000,726620000,0.99996924,0.0063345022,-0.0051468015,-0.0019944103,0.0,0.0,0.0,0.0,0,42.752
726640000,726640000,0.99997,0.0066940733,-0.0044147973,-0.0021824923,0.0,0.0,0.0,0.0,0,42.772
726660000,726660000,0.9999701,0.0070260903,-0.0037322077,-0.0023781564,0.0,0.0,0.0,0.0,0,42.792
726680000,726680000,0.99996954,0.007333685,-0.0030962497,-0.002580044,0.0,0.0,0.0,0.0,0,42.812
726700000,726700000,0.99996847,0.0076252595,-0.002505158,-0.0027866636,0.0,0.0,0.0,0.0,0,42.832
726720000,726720000,0.9999669,0.007903387,-0.0019687798,-0.0029973283,0.0,0.0,0.0,0.0,0,42.852
726740000,726740000,0.999965,0.008155917,-0.0014812079,-0.0032106282,0.0,0.0,0.0,0.0,0,42.872
726760000,726760000,0.99996305,0.008380174,-0.0010320721,-0.0034256482,0.0,0.0,0.0,0.0,0,42.892
726780000,726780000,0.9999609,0.008582021,-0.0006239558,-0.0036408447,0.0,0.0,0.0,0.0,0,42.912
726800000,726800000,0.99995863,0.008770145,-0.00025737105,-0.0038548438,0.0,0.0,0.0,0.0,0,42.932
726820000,726820000,0.9999563,0.008939742,8.008075e-05,-0.0040667364,0.0,0.0,0.0,0.0,0,42.952
726840000,726840000,0.9999541,0.009082049,0.00038530104,-0.0042758724,0.0,0.0,0.0,0.0,0,42.972
726860000,726860000,0.999952,0.009195636,0.00065991684,-0.00448147,0.0,0.0,0.0,0.0,0,42.992
726880000,726880000,0.99995,0.009292102,0.0009016307,-0.0046824915,0.0,0.0,0.0,0.0,0,43.012
726900000,726900000,0.99994814,0.009367647,0.0011192177,-0.0048779976,0.0,0.0,0.0,0.0,0,43.032
726920000,726920000,0.99994653,0.009417989,0.0013092062,-0.005067141,0.0,0.0,0.0,0.0,0,43.052
726940000,726940000,0.9999451,0.009442143,0.0014712025,-0.0052490905,0.0,0.0,0.0,0.0,0,43.072
726960000,726960000,0.999944,0.009442582,0.0016085005,-0.0054235524,0.0,0.0,0.0,0.0,0,43.092
726980000,726980000,0.9999431,0.009422235,0.0017209656,-0.005590106,0.0,0.0,0.0,0.0,0,43.112
727000000,727000000,0.9999423,0.009391619,0.00179858,-0.005748367,0.0,0.0,0.0,0.0,0,43.132
727020000,727020000,0.99994177,0.009346104,0.0018515761,-0.0058978037,0.0,0.0,0.0,0.0,0,43.152
727040000,727040000,0.9999415,0.009275724,0.001897624,-0.006038069,0.0,0.0,0.0,0.0,0,43.172
727060000,727060000,0.99994147,0.009187219,0.0019220319,-0.006169315,0.0,0.0,0.0,0.0,0,43.192
727080000,727080000,0.9999416,0.009088609,0.0019254904,-0.0062909,0.0,0.0,0.0,0.0,0,43.212
727100000,727100000,0.9999419,0.008983677,0.0019163565,-0.006402388,0.0,0.0,0.0,0.0,0,43.232
727120000,727120000,0.9999423,0.0088688275,0.0018936772,-0.0065037757,0.0,0.0,0.0,0.0,0,43.252
727140000,727140000,0.9999429,0.008740322,0.0018473293,-0.006595098,0.0,0.0,0.0,0.0,0,43.272
727160000,727160000,0.99994373,0.008594719,0.0017771127,-0.0066762897,0.0,0.0,0.0,0.0,0,43.292
727180000,727180000,0.99994475,0.0084382575,0.0016961058,-0.0067475024,0.0,0.0,0.0,0.0,0,43.312
727200000,727200000,0.9999459,0.008271669,0.0016061746,-0.0068088886,0.0,0.0,0.0,0.0,0,43.332
727220000,727220000,0.9999472,0.00809014,0.0015018999,-0.0068606855,0.0,0.0,0.0,0.0,0,43.352
727240000,727240000,0.99994856,0.0079001095,0.0013868364,-0.0069029634,0.0,0.0,0.0,0.0,0,43.372
727260000,727260000,0.99995,0.0077053714,0.0012578941,-0.006936184,0.0,0.0,0.0,0.0,0,43.392
727280000,727280000,0.9999516,0.007494102,0.0011157655,-0.006960644,0.0,0.0,0.0,0.0,0,43.412
727300000,727300000,0.9999534,0.007263387,0.00096764154,-0.006976513,0.0,0.0,0.0,0.0,0,43.432
727320000,727320000,0.9999552,0.0070179356,0.0008198157,-0.0069839,0.0,0.0,0.0,0.0,0,43.452
727340000,727340000,0.9999571,0.0067617884,0.00067129656,-0.006983915,0.0,0.0,0.0,0.0,0,43.472
727360000,727360000,0.99995893,0.006501736,0.0005244647,-0.0069773155,0.0,0.0,0.0,0.0,0,43.492
727380000,727380000,0.9999608,0.00623348,0.0003752552,-0.0069645937,0.0,0.0,0.0,0.0,0,43.512
727400000,727400000,0.9999627,0.005954898,0.00021882325,-0.006946195,0.0,0.0,0.0,0.0,0,43.532
727420000,727420000,0.99996454,0.0056665973,6.116466e-05,-0.0069222036,0.0,0.0,0.0,0.0,0,43.552
727440000,727440000,0.9999664,0.0053727822,-8.6261934e-05,-0.0068929335,0.0,0.0,0.0,0.0,0,43.572
727460000,727460000,0.9999681,0.0050749057,-0.00022620134,-0.0068586236,0.0,0.0,0.0,0.0,0,43.592
727480000,727480000,0.99996984,0.0047766683,-0.0003600918,-0.0068194014,0.0,0.0,0.0,0.0,0,43.612
727500000,727500000,0.9999715,0.0044716857,-0.00048504188,-0.0067756856,0.0,0.0,0.0,0.0,0,43.632
727520000,727520000,0.99997306,0.004168767,-0.00061355194,-0.0067282454,0.0,0.0,0.0,0.0,0,43.652
727540000,727540000,0.99997455,0.0038582722,-0.0007442059,-0.0066774474,0.0,0.0,0.0,0.0,0,43.672
727560000,727560000,0.999976,0.0035378363,-0.0008584116,-0.00662352,0.0,0.0,0.0,0.0,0,43.692
727580000,727580000,0.99997735,0.0032110193,-0.00096656394,-0.00656722,0.0,0.0,0.0,0.0,0,43.712
727600000,727600000,0.99997866,0.0028810718,-0.0010761538,-0.0065092216,0.0,0.0,0.0,0.0,0,43.732
727620000,727620000,0.9999798,0.0025528965,-0.0011792657,-0.006449747,0.0,0.0,0.0,0.0,0,43.752
727640000,727640000,0.9999808,0.0022342498,-0.0012761569,-0.0063893716,0.0,0.0,0.0,0.0,0,43.772
727660000,727660000,0.9999817,0.0019235723,-0.0013791751,-0.006328672,0.0,0.0,0.0,0.0,0,43.792
727680000,727680000,0.9999825,0.0016173291,-0.0014901225,-0.00626765,0.0,0.0,0.0,0.0,0,43.812
727700000,727700000,0.99998313,0.0013172263,-0.0015958602,-0.006206336,0.0,0.0,0.0,0.0,0,43.832
727720000,727720000,0.9999837,0.0010163898,-0.0016919321,-0.0061451825,0.0,0.0,0.0,0.0,0,43.852
727740000,727740000,0.9999842,0.0007153175,-0.0017858221,-0.0060844067,0.0,0.0,0.0,0.0,0,43.872
727760000,727760000,0.99998456,0.00041789375,-0.0018845279,-0.0060244915,0.0,0.0,0.0,0.0,0,43.892
727780000,727780000,0.99998474,0.00012983033,-0.0019919088,-0.005965765,0.0,0.0,0.0,0.0,0,43.912
727800000,727800000,0.99998486,-0.00014869212,-0.002103513,-0.005908813,0.0,0.0,0.0,0.0,0,43.932
727820000,727820000,0.99998486,-0.0004256018,-0.0022197857,-0.005853861,0.0,0.0,0.0,0.0,0,43.952
727840000,727840000,0.99998474,-0.0007000827,-0.002330431,-0.0058010807,0.0,0.0,0.0,0.0,0,43.972
727860000,727860000,0.99998456,-0.00097012706,-0.0024316397,-0.0057506477,0.0,0.0,0.0,0.0,0,43.992
727880000,727880000,0.9999843,-0.0012336829,-0.002528081,-0.00570266,0.0,0.0,0.0,0.0,0,44.012
727900000,727900000,0.999984,-0.001484673,-0.0026229084,-0.005657445,0.0,0.0,0.0,0.0,0,44.032
727920000,727920000,0.9999836,-0.0017257101,-0.002721577,-0.005615208,0.0,0.0,0.0,0.0,0,44.052
727940000,727940000,0.99998313,-0.0019520925,-0.0028203963,-0.0055760276,0.0,0.0,0.0,0.0,0,44.072
727960000,727960000,0.99998266,-0.0021601755,-0.0029133533,-0.005540115,0.0,0.0,0.0,0.0,0,44.092
727980000,727980000,0.99998206,-0.0023572268,-0.00300679,-0.005507447,0.0,0.0,0.0,0.0,0,44.112
728000000,728000000,0.9999815,-0.0025476145,-0.003097323,-0.005477979,0.0,0.0,0.0,0.0,0,44.132
728020000,728020000,0.99998087,-0.0027315267,-0.0031874853,-0.005451898,0.0,0.0,0.0,0.0,0,44.152
728040000,728040000,0.9999802,-0.0029084492,-0.0032785453,-0.0054292623,0.0,0.0,0.0,0.0,0,44.172
728060000,728060000,0.9999795,-0.003077302,-0.0033642869,-0.005410148,0.0,0.0,0.0,0.0,0,44.192
728080000,728080000,0.99997884,-0.003235185,-0.00344174,-0.005394484,0.0,0.0,0.0,0.0,0,44.212
728100000,728100000,0.9999782,-0.0033807636,-0.003512677,-0.00538213,0.0,0.0,0.0,0.0,0,44.232
728120000,728120000,0.9999775,-0.0035134864,-0.0035820308,-0.005373174,0.0,0.0,0.0,0.0,0,44.252
728140000,728140000,0.99997693,-0.0036292032,-0.0036452424,-0.005367312,0.0,0.0,0.0,0.0,0,44.272
728160000,728160000,0.99997634,-0.0037267888,-0.0037049344,-0.0053643584,0.0,0.0,0.0,0.0,0,44.292
728180000,728180000,0.9999758,-0.0038096318,-0.0037657341,-0.0053642406,0.0,0.0,0.0,0.0,0,44.312
728200000,728200000,0.9999753,-0.0038804985,-0.0038279628,-0.005366951,0.0,0.0,0.0,0.0,0,44.332
728220000,728220000,0.99997485,-0.003942468,-0.0038809122,-0.0053724353,0.0,0.0,0.0,0.0,0,44.352
728240000,728240000,0.99997437,-0.003997621,-0.003925617,-0.005380598,0.0,0.0,0.0,0.0,0,44.372
728260000,728260000,0.999974,-0.0040395837,-0.00396769,-0.005391363,0.0,0.0,0.0,0.0,0,44.392
728280000,728280000,0.99997365,-0.0040664286,-0.004008622,-0.005404701,0.0,0.0,0.0,0.0,0,44.412
728300000,728300000,0.99997336,-0.0040824236,-0.004045271,-0.0054204697,0.0,0.0,0.0,0.0,0,44.432
728320000,728320000,0.9999731,-0.004088841,-0.0040769586,-0.00543881,0.0,0.0,0.0,0.0,0,44.452
728340000,728340000,0.9999729,-0.0040876144,-0.0041000037,-0.0054593403,0.0,0.0,0.0,0.0,0,44.472
728360000,728360000,0.99997276,-0.004081069,-0.004107912,-0.0054820627,0.0,0.0,0.0,0.0,0,44.492
728380000,728380000,0.9999727,-0.004069261,-0.0041078124,-0.005506671,0.0,0.0,0.0,0.0,0,44.512
728400000,728400000,0.9999726,-0.004048906,-0.0041093617,-0.0055325422,0.0,0.0,0.0,0.0,0,44.532
728420000,728420000,0.9999726,-0.004016872,-0.0041072746,-0.005559452,0.0,0.0,0.0,0.0,0,44.552
728440000,728440000,0.99997264,-0.0039720777,-0.004100815,-0.0055876034,0.0,0.0,0.0,0.0,0,44.572
728460000,728460000,0.99997276,-0.0039201537,-0.0040891143,-0.005616722,0.0,0.0,0.0,0.0,0,44.592
728480000,728480000,0.9999729,-0.003864806,-0.0040711113,-0.005646538,0.0,0.0,0.0,0.0,0,44.612
728500000,728500000,0.99997306,-0.0038071054,-0.0040386925,-0.00567697,0.0,0.0,0.0,0.0,0,44.632
728520000,728520000,0.9999733,-0.0037457345,-0.0039945883,-0.0057077915,0.0,0.0,0.0,0.0,0,44.652
728540000,728540000,0.99997354,-0.003677286,-0.0039486135,-0.005739143,0.0,0.0,0.0,0.0,0,44.672
728560000,728560000,0.99997383,-0.0036010193,-0.00389712,-0.0057707494,0.0,0.0,0.0,0.0,0,44.692
728580000,728580000,0.99997413,-0.003522629,-0.003839338,-0.005802377,0.0,0.0,0.0,0.0,0,44.712
728600000,728600000,0.9999744,-0.00345325,-0.0037741584,-0.0058340263,0.0,0.0,0.0,0.0,0,44.732
728620000,728620000,0.9999747,-0.003397143,-0.0037022776,-0.0058655967,0.0,0.0,0.0,0.0,0,44.752
728640000,728640000,0.99997497,-0.0033491654,-0.0036233847,-0.005897032,0.0,0.0,0.0,0.0,0,44.772
728660000,728660000,0.99997526,-0.00330339,-0.003530255,-0.005928115,0.0,0.0,0.0,0.0,0,44.792
728680000,728680000,0.9999756,-0.003254323,-0.0034286953,-0.005958824,0.0,0.0,0.0,0.0,0,44.812
728700000,728700000,0.999976,-0.0032073953,-0.0033224034,-0.0059889606,0.0,0.0,0.0,0.0,0,44.832
728720000,728720000,0.9999762,-0.0031710463,-0.0032172273,-0.0060180766,0.0,0.0,0.0,0.0,0,44.852
728740000,728740000,0.9999765,-0.0031372767,-0.0031157576,-0.0060461615,0.0,0.0,0.0,0.0,0,44.872
728760000,728760000,0.99997675,-0.0031020008,-0.0030159878,-0.006073644,0.0,0.0,0.0,0.0,0,44.892
728780000,728780000,0.999977,-0.0030645353,-0.002911303,-0.0061005764,0.0,0.0,0.0,0.0,0,44.912
728800000,728800000,0.9999773,-0.003017607,-0.0028041473,-0.0061266376,0.0,0.0,0.0,0.0,0,44.932
728820000,728820000,0.9999776,-0.002960443,-0.002699043,-0.006152065,0.0,0.0,0.0,0.0,0,44.952
728840000,728840000,0.99997795,-0.002898577,-0.0025907778,-0.006176959,0.0,0.0,0.0,0.0,0,44.972
728860000,728860000,0.99997824,-0.0028373052,-0.0024787586,-0.006200836,0.0,0.0,0.0,0.0,0,44.992
728880000,728880000,0.99997854,-0.0027752165,-0.002367979,-0.006223659,0.0,0.0,0.0,0.0,0,45.012
728900000,728900000,0.99997884,-0.0027102188,-0.0022574123,-0.0062459465,0.0,0.0,0.0,0.0,0,45.032
728920000,728920000,0.9999791,-0.0026484684,-0.0021463095,-0.0062675048,0.0,0.0,0.0,0.0,0,45.052
728940000,728940000,0.9999793,-0.0025956347,-0.002039639,-0.006287883,0.0,0.0,0.0,0.0,0,45.072
728960000,728960000,0.99997956,-0.0025472173,-0.0019351376,-0.006306855,0.0,0.0,0.0,0.0,0,45.092
728980000,728980000,0.99997973,-0.0024929328,-0.001836154,-0.006324733,0.0,0.0,0.0,0.0,0,45.112
729000000,729000000,0.99998,-0.0024333773,-0.0017397777,-0.0063419593,0.0,0.0,0.0,0.0,0,45.132
729020000,729020000,0.99998015,-0.0023782796,-0.0016461356,-0.006358145,0.0,0.0,0.0,0.0,0,45.152
729040000,729040000,0.99998033,-0.0023292825,-0.0015544787,-0.0063728867,0.0,0.0,0.0,0.0,0,45.172
729060000,729060000,0.9999805,-0.002279433,-0.0014639598,-0.0063862167,0.0,0.0,0.0,0.0,0,45.192
729080000,729080000,0.9999807,-0.0022224712,-0.001376744,-0.006398615,0.0,0.0,0.0,0.0,0,45.212
729100000,729100000,0.99998087,-0.0021570646,-0.0012832942,-0.0064102393,0.0,0.0,0.0,0.0,0,45.232
729120000,729120000,0.99998105,-0.0020896818,-0.0011838167,-0.0064211637,0.0,0.0,0.0,0.0,0,45.252
729140000,729140000,0.9999812,-0.0020308236,-0.0010856406,-0.0064308615,0.0,0.0,0.0,0.0,0,45.272
729160000,729160000,0.9999814,-0.0019766171,-0.0009860514,-0.006439073,0.0,0.0,0.0,0.0,0,45.292
729180000,729180000,0.9999815,-0.0019229455,-0.0008830774,-0.006446181,0.0,0.0,0.0,0.0,0,45.312
729200000,729200000,0.9999817,-0.0018694315,-0.00077449327,-0.006452764,0.0,0.0,0.0,0.0,0,45.332
729220000,729220000,0.9999818,-0.0018165533,-0.00065923255,-0.006458992,0.0,0.0,0.0,0.0,0,45.352
729240000,729240000,0.99998194,-0.001767567,-0.0005406699,-0.006464402,0.0,0.0,0.0,0.0,0,45.372
729260000,729260000,0.99998206,-0.001713239,-0.00042174803,-0.006468905,0.0,0.0,0.0,0.0,0,45.392
729280000,729280000,0.9999822,-0.0016464976,-0.00030834446,-0.006472561,0.0,0.0,0.0,0.0,0,45.412
729300000,729300000,0.99998236,-0.0015704682,-0.00019647005,-0.006475855,0.0,0.0,0.0,0.0,0,45.432
729320000,729320000,0.9999825,-0.0014902569,-8.113937e-05,-0.006478989,0.0,0.0,0.0,0.0,0,45.452
729340000,729340000,0.99998254,-0.0014083192,3.067813e-05,-0.006481997,0.0,0.0,0.0,0.0,0,45.472
729360000,729360000,0.99998266,-0.001322609,0.00012841997,-0.0064846813,0.0,0.0,0.0,0.0,0,45.492
729380000,729380000,0.9999827,-0.0012285784,0.0002236359,-0.0064875605,0.0,0.0,0.0,0.0,0,45.512
729400000,729400000,0.9999828,-0.0011276292,0.00032494083,-0.006490498,0.0,0.0,0.0,0.0,0,45.532
729420000,729420000,0.99998283,-0.0010234159,0.00043337632,-0.006493518,0.0,0.0,0.0,0.0,0,45.552
729440000,729440000,0.9999829,-0.0009172298,0.0005391408,-0.006496464,0.0,0.0,0.0,0.0,0,45.572
729460000,729460000,0.9999829,-0.00081146794,0.00063755806,-0.0064993314,0.0,0.0,0.0,0.0,0,45.592
729480000,729480000,0.9999829,-0.0007052544,0.0007230756,-0.006502203,0.0,0.0,0.0,0.0,0,45.612
729500000,729500000,0.9999829,-0.0005999209,0.0008040259,-0.0065050684,0.0,0.0,0.0,0.0,0,45.632
729520000,729520000,0.99998283,-0.00049459137,0.0008870857,-0.006507923,0.0,0.0,0.0,0.0,0,45.652
729540000,729540000,0.99998283,-0.00038927514,0.00097579684,-0.0065108016,0.0,0.0,0.0,0.0,0,45.672
729560000,729560000,0.9999827,-0.00028200517,0.001067775,-0.006513852,0.0,0.0,0.0,0.0,0,45.692
729580000,729580000,0.99998266,-0.00016676824,0.0011565443,-0.006517461,0.0,0.0,0.0,0.0,0,45.712
729600000,729600000,0.99998254,-4.3470052e-05,0.0012306436,-0.006521298,0.0,0.0,0.0,0.0,0,45.732
729620000,729620000,0.9999824,8.018611e-05,0.0012855608,-0.0065255165,0.0,0.0,0.0,0.0,0,45.752
729640000,729640000,0.9999823,0.00020123775,0.0013312126,-0.0065298895,0.0,0.0,0.0,0.0,0,45.772
729660000,729660000,0.9999822,0.0003213922,0.0013765723,-0.006534385,0.0,0.0,0.0,0.0,0,45.792
729680000,729680000,0.99998206,0.00044386231,0.0014216559,-0.006539087,0.0,0.0,0.0,0.0,0,45.812
729700000,729700000,0.99998194,0.00056970783,0.001459284,-0.0065439553,0.0,0.0,0.0,0.0,0,45.832
729720000,729720000,0.99998176,0.0006988665,0.0014815931,-0.0065492326,0.0,0.0,0.0,0.0,0,45.852
729740000,729740000,0.99998164,0.0008247001,0.0014865109,-0.006554843,0.0,0.0,0.0,0.0,0,45.872
729760000,729760000,0.9999815,0.0009482121,0.0014716493,-0.0065606222,0.0,0.0,0.0,0.0,0,45.892
729780000,729780000,0.99998134,0.0010696574,0.001449759,-0.0065664463,0.0,0.0,0.0,0.0,0,45.912
729800000,729800000,0.9999812,0.0011890343,0.0014268471,-0.0065725846,0.0,0.0,0.0,0.0,0,45.932
729820000,729820000,0.9999811,0.0012969188,0.0013973286,-0.006579331,0.0,0.0,0.0,0.0,0,45.952
729840000,729840000,0.9999809,0.0013968876,0.0013654225,-0.006586246,0.0,0.0,0.0,0.0,0,45.972
729860000,729860000,0.9999808,0.0014928598,0.0013361318,-0.0065932055,0.0,0.0,0.0,0.0,0,45.992
729880000,729880000,0.9999806,0.0015879922,0.0013104505,-0.0066003567,0.0,0.0,0.0,0.0,0,46.012
729900000,729900000,0.9999805,0.0016758847,0.0012715148,-0.006608172,0.0,0.0,0.0,0.0,0,46.032
729920000,729920000,0.9999804,0.0017596539,0.0012094745,-0.0066167265,0.0,0.0,0.0,0.0,0,46.052
729940000,729940000,0.9999803,0.0018434401,0.0011406178,-0.0066257794,0.0,0.0,0.0,0.0,0,46.072
729960000,729960000,0.9999801,0.0019213315,0.0010754048,-0.0066350247,0.0,0.0,0.0,0.0,0,46.092
729980000,729980000,0.99998,0.0019931358,0.0010025598,-0.006644787,0.0,0.0,0.0,0.0,0,46.112
730000000,730000000,0.99997985,0.002056067,0.00093123585,-0.0066555114,0.0,0.0,0.0,0.0,0,46.132
730020000,730020000,0.99997973,0.0021051222,0.0008552889,-0.0066671222,0.0,0.0,0.0,0.0,0,46.152
730040000,730040000,0.9999797,0.0021403239,0.00077343924,-0.006679631,0.0,0.0,0.0,0.0,0,46.172
730060000,730060000,0.99997956,0.0021626,0.0006859446,-0.006692883,0.0,0.0,0.0,0.0,0,46.192
730080000,730080000,0.9999795,0.0021738978,0.000594659,-0.0067064655,0.0,0.0,0.0,0.0,0,46.212
730100000,730100000,0.9999795,0.00217912,0.00050409377,-0.006720123,0.0,0.0,0.0,0.0,0,46.232
730120000,730120000,0.99997944,0.0021811079,0.00041728118,-0.006733755,0.0,0.0,0.0,0.0,0,46.252
730140000,730140000,0.9999794,0.0021798257,0.0003339505,-0.0067474796,0.0,0.0,0.0,0.0,0,46.272
730160000,730160000,0.9999793,0.00217381,0.0002529278,-0.0067612347,0.0,0.0,0.0,0.0,0,46.292
730180000,730180000,0.99997926,0.0021647923,0.00017572653,-0.006774935,0.0,0.0,0.0,0.0,0,46.312
730200000,730200000,0.9999792,0.0021532131,0.000103047285,-0.0067884354,0.0,0.0,0.0,0.0,0,46.332
730220000,730220000,0.99997914,0.0021314598,3.0200417e-05,-0.006801422,0.0,0.0,0.0,0.0,0,46.352
730240000,730240000,0.99997914,0.002094161,-4.4394954e-05,-0.0068141017,0.0,0.0,0.0,0.0,0,46.372
730260000,730260000,0.99997914,0.0020463048,-0.00011935832,-0.0068262075,0.0,0.0,0.0,0.0,0,46.392
730280000,730280000,0.9999792,0.0019828896,-0.00019963935,-0.0068378276,0.0,0.0,0.0,0.0,0,46.412
730300000,730300000,0.99997926,0.0019051037,-0.00026980872,-0.006849599,0.0,0.0,0.0,0.0,0,46.432
730320000,730320000,0.9999793,0.0018156706,-0.0003319257,-0.006861366,0.0,0.0,0.0,0.0,0,46.452
730340000,730340000,0.9999794,0.0017161669,-0.0003962363,-0.006873371,0.0,0.0,0.0,0.0,0,46.472
730360000,730360000,0.99997944,0.0016049136,-0.00045547535,-0.006885951,0.0,0.0,0.0,0.0,0,46.492
730380000,730380000,0.9999795,0.0014838213,-0.00051176484,-0.0068991794,0.0,0.0,0.0,0.0,0,46.512
730400000,730400000,0.99997956,0.0013629744,-0.0005579344,-0.006913243,0.0,0.0,0.0,0.0,0,46.532
730420000,730420000,0.99997646,0.000441974,-0.0028009117,-0.0069417674,0.0,0.0,0.0,0.0,0,46.552
730440000,730440000,0.9999257,-0.002625324,-0.010093805,-0.0069948966,0.0,0.0,0.0,0.0,0,46.572
730460000,730460000,0.99976796,-0.0073089898,-0.019223874,-0.0070792013,0.0,0.0,0.0,0.0,0,46.592
730480000,730480000,0.99950665,-0.012681511,-0.02798151,-0.0071953544,0.0,0.0,0.0,0.0,0,46.612
730500000,730500000,0.9991303,-0.018288827,-0.036871463,-0.0073329085,0.0,0.0,0.0,0.0,0,46.632
730520000,730520000,0.99863696,-0.02395023,-0.04586498,-0.007491572,0.0,0.0,0.0,0.0,0,46.652
730540000,730540000,0.9980569,-0.02951247,-0.05442049,-0.007678382,0.0,0.0,0.0,0.0,0,46.672
730560000,730560000,0.9974232,-0.034841813,-0.06228858,-0.007894758,0.0,0.0,0.0,0.0,0,46.692
730580000,730580000,0.99676114,-0.039854024,-0.06943884,-0.008137154,0.0,0.0,0.0,0.0,0,46.712
730600000,730600000,0.99608827,-0.044469684,-0.07595515,-0.008397448,0.0,0.0,0.0,0.0,0,46.732
730620000,730620000,0.9954218,-0.048664294,-0.08185974,-0.008672564,0.0,0.0,0.0,0.0,0,46.752
730640000,730640000,0.99477714,-0.05245392,-0.08715396,-0.008962741,0.0,0.0,0.0,0.0,0,46.772
730660000,730660000,0.994162,-0.055834785,-0.09191091,-0.009262309,0.0,0.0,0.0,0.0,0,46.792
730680000,730680000,0.99358356,-0.05884053,-0.09616152,-0.009570879,0.0,0.0,0.0,0.0,0,46.812
730700000,730700000,0.99304456,-0.061499298,-0.099958606,-0.009886717,0.0,0.0,0.0,0.0,0,46.832
730720000,730720000,0.9925472,-0.06383002,-0.10334711,-0.010206879,0.0,0.0,0.0,0.0,0,46.852
730740000,730740000,0.9920938,-0.06585815,-0.106352344,-0.010529787,0.0,0.0,0.0,0.0,0,46.872
730760000,730760000,0.9916817,-0.06761382,-0.109028034,-0.010852907,0.0,0.0,0.0,0.0,0,46.892
730780000,730780000,0.9913097,-0.06912907,-0.11140206,-0.011175942,0.0,0.0,0.0,0.0,0,46.912
730800000,730800000,0.9909753,-0.07043078,-0.11350909,-0.0114972945,0.0,0.0,0.0,0.0,0,46.932
730820000,730820000,0.9906753,-0.07153887,-0.11538746,-0.011814632,0.0,0.0,0.0,0.0,0,46.952
730840000,730840000,0.99040496,-0.07247757,-0.11707725,-0.012126548,0.0,0.0,0.0,0.0,0,46.972
730860000,730860000,0.9900846,-0.073452115,-0.11913122,-0.012416915,0.0,0.0,0.0,0.0,0,46.992
730880000,730880000,0.98951566,-0.074933365,-0.12285324,-0.012646723,0.0,0.0,0.0,0.0,0,47.012
730900000,730900000,0.98854595,-0.0773074,-0.1290173,-0.01281139,0.0,0.0,0.0,0.0,0,47.032
730920000,730920000,0.98714274,-0.080698736,-0.13739781,-0.012957787,0.0,0.0,0.0,0.0,0,47.052
730940000,730940000,0.985336,-0.08498852,-0.14739904,-0.013136078,0.0,0.0,0.0,0.0,0,47.072
730960000,730960000,0.983139,-0.09004036,-0.15862088,-0.013377996,0.0,0.0,0.0,0.0,0,47.092
730980000,730980000,0.98052335,-0.095726185,-0.17097406,-0.013690153,0.0,0.0,0.0,0.0,0,47.112
731000000,731000000,0.9774848,-0.10191651,-0.18424705,-0.014090611,0.0,0.0,0.0,0.0,0,47.132
731020000,731020000,0.97408736,-0.10843371,-0.19796827,-0.014617356,0.0,0.0,0.0,0.0,0,47.152
731040000,731040000,0.9704871,-0.11497703,-0.21144743,-0.015300859,0.0,0.0,0.0,0.0,0,47.172
731060000,731060000,0.96682894,-0.1213687,-0.22418539,-0.016170414,0.0,0.0,0.0,0.0,0,47.192
731080000,731080000,0.9632083,-0.12741761,-0.23602441,-0.017207634,0.0,0.0,0.0,0.0,0,47.212
731100000,731100000,0.95969313,-0.13302103,-0.2469113,-0.018395023,0.0,0.0,0.0,0.0,0,47.232
731120000,731120000,0.9563276,-0.1381256,-0.25686434,-0.019713566,0.0,0.0,0.0,0.0,0,47.252
731140000,731140000,0.9531728,-0.1426452,-0.2658499,-0.021139236,0.0,0.0,0.0,0.0,0,47.272
731160000,731160000,0.9503146,-0.14654142,-0.27372015,-0.02267512,0.0,0.0,0.0,0.0,0,47.292
731180000,731180000,0.94785583,-0.14970763,-0.28031293,-0.024305036,0.0,0.0,0.0,0.0,0,47.312
731200000,731200000,0.9458422,-0.15213731,-0.28560272,-0.026017563,0.0,0.0,0.0,0.0,0,47.332
731220000,731220000,0.9443007,-0.1537904,-0.289624,-0.02777989,0.0,0.0,0.0,0.0,0,47.352
731240000,731240000,0.94322264,-0.1547018,-0.29246023,-0.02957194,0.0,0.0,0.0,0.0,0,47.372
731260000,731260000,0.9426027,-0.15487911,-0.294173,-0.031367544,0.0,0.0,0.0,0.0,0,47.392
731280000,731280000,0.9424226,-0.15436085,-0.29482657,-0.033147432,0.0,0.0,0.0,0.0,0,47.412
731300000,731300000,0.94266486,-0.15318422,-0.29446375,-0.034895442,0.0,0.0,0.0,0.0,0,47.432
731320000,731320000,0.94331026,-0.15137872,-0.2931214,-0.03659461,0.0,0.0,0.0,0.0,0,47.452
731340000,731340000,0.9443267,-0.14899439,-0.29085264,-0.03823158,0.0,0.0,0.0,0.0,0,47.472
731360000,731360000,0.9456885,-0.14605625,-0.28769213,-0.03978953,0.0,0.0,0.0,0.0,0,47.492
731380000,731380000,0.94735706,-0.14261952,-0.283692,-0.041257925,0.0,0.0,0.0,0.0,0,47.512
731400000,731400000,0.9493078,-0.13870382,-0.27886978,-0.04262237,0.0,0.0,0.0,0.0,0,47.532
731420000,731420000,0.95150286,-0.13437046,-0.2732593,-0.043878604,0.0,0.0,0.0,0.0,0,47.552
731440000,731440000,0.95391566,-0.12962705,-0.26688,-0.045010258,0.0,0.0,0.0,0.0,0,47.572
731460000,731460000,0.95650274,-0.12454482,-0.25977433,-0.046016112,0.0,0.0,0.0,0.0,0,47.592
731480000,731480000,0.9592317,-0.11912513,-0.25198287,-0.046877816,0.0,0.0,0.0,0.0,0,47.612
731500000,731500000,0.9620655,-0.11344497,-0.24352285,-0.047601346,0.0,0.0,0.0,0.0,0,47.632
731520000,731520000,0.96497303,-0.107501745,-0.23443338,-0.048171252,0.0,0.0,0.0,0.0,0,47.652
731540000,731540000,0.9679146,-0.10136693,-0.22475351,-0.048591435,0.0,0.0,0.0,0.0,0,47.672
731560000,731560000,0.9708552,-0.09504044,-0.21454726,-0.048848003,0.0,0.0,0.0,0.0,0,47.692
731580000,731580000,0.9737658,-0.088589825,-0.20382619,-0.048949517,0.0,0.0,0.0,0.0,0,47.712
731600000,731600000,0.97661346,-0.08201615,-0.19266225,-0.04888582,0.0,0.0,0.0,0.0,0,47.732
731620000,731620000,0.979371,-0.07536701,-0.18108924,-0.048662037,0.0,0.0,0.0,0.0,0,47.752
731640000,731640000,0.98201215,-0.06865591,-0.16916576,-0.04827606,0.0,0.0,0.0,0.0,0,47.772
731660000,731660000,0.9845188,-0.06191742,-0.15690592,-0.04773473,0.0,0.0,0.0,0.0,0,47.792
731680000,731680000,0.9868635,-0.055186998,-0.14439878,-0.04704146,0.0,0.0,0.0,0.0,0,47.812
731700000,731700000,0.98903054,-0.04848151,-0.13169146,-0.046201326,0.0,0.0,0.0,0.0,0,47.832
731720000,731720000,0.99100155,-0.041837618,-0.118868396,-0.045221206,0.0,0.0,0.0,0.0,0,47.852
731740000,731740000,0.99276924,-0.03526759,-0.10596654,-0.044108726,0.0,0.0,0.0,0.0,0,47.872
731760000,731760000,0.9943245,-0.028803516,-0.09305971,-0.042873465,0.0,0.0,0.0,0.0,0,47.892
731780000,731780000,0.9956666,-0.022438176,-0.080183245,-0.04152415,0.0,0.0,0.0,0.0,0,47.912
731800000,731800000,0.9967932,-0.016215831,-0.06740559,-0.04007378,0.0,0.0,0.0,0.0,0,47.932
731820000,731820000,0.99770844,-0.010125397,-0.054768603,-0.03853328,0.0,0.0,0.0,0.0,0,47.952
731840000,731840000,0.99841726,-0.00419921,-0.042327814,-0.036916114,0.0,0.0,0.0,0.0,0,47.972
731860000,731860000,0.9989281,0.0015792955,-0.030128399,-0.035234638,0.0,0.0,0.0,0.0,0,47.992
731880000,731880000,0.9992514,0.007165468,-0.018217867,-0.03350359,0.0,0.0,0.0,0.0,0,48.012
731900000,731900000,0.99939966,0.012570712,-0.0066426573,-0.031736985,0.0,0.0,0.0,0.0,0,48.032
731920000,731920000,0.9993875,0.017771672,0.004586822,-0.029948382,0.0,0.0,0.0,0.0,0,48.052
731940000,731940000,0.9992291,0.022792794,0.015437524,-0.028151166,0.0,0.0,0.0,0.0,0,48.072
731960000,731960000,0.99894047,0.027601983,0.025893562,-0.02635786,0.0,0.0,0.0,0.0,0,48.092
731980000,731980000,0.998536,0.032226365,0.03594664,-0.024581764,0.0,0.0,0.0,0.0,0,48.112
732000000,732000000,0.9980315,0.03663997,0.045589026,-0.022833671,0.0,0.0,0.0,0.0,0,48.132
732020000,732020000,0.9974413,0.040868092,0.054803904,-0.021126136,0.0,0.0,0.0,0.0,0,48.152
732040000,732040000,0.99678063,0.04488747,0.063588746,-0.019468496,0.0,0.0,0.0,0.0,0,48.172
732060000,732060000,0.9960622,0.048726458,0.0719406,-0.017872501,0.0,0.0,0.0,0.0,0,48.192
732080000,732080000,0.9953001,0.052367613,0.07985729,-0.016345717,0.0,0.0,0.0,0.0,0,48.212
732100000,732100000,0.99450505,0.05583422,0.08734685,-0.014897086,0.0,0.0,0.0,0.0,0,48.232
732120000,732120000,0.9936892,0.05911448,0.094409876,-0.013533017,0.0,0.0,0.0,0.0,0,48.252
732140000,732140000,0.9928605,0.062231865,0.1010646,-0.012260771,0.0,0.0,0.0,0.0,0,48.272
732160000,732160000,0.9920292,0.06517124,0.10731752,-0.0110834595,0.0,0.0,0.0,0.0,0,48.292
732180000,732180000,0.991203,0.06794472,0.11317744,-0.010005957,0.0,0.0,0.0,0.0,0,48.312
732200000,732200000,0.99039,0.07054828,0.118651316,-0.009030831,0.0,0.0,0.0,0.0,0,48.332
732220000,732220000,0.9895945,0.0729928,0.12376309,-0.008160387,0.0,0.0,0.0,0.0,0,48.352
732240000,732240000,0.98882437,0.075269364,0.12851174,-0.007395459,0.0,0.0,0.0,0.0,0,48.372
732260000,732260000,0.9880831,0.07738985,0.13291468,-0.006737331,0.0,0.0,0.0,0.0,0,48.392
732280000,732280000,0.9873766,0.079353146,0.13697246,-0.00618573,0.0,0.0,0.0,0.0,0,48.412
732300000,732300000,0.9867069,0.08116136,0.1407071,-0.005738305,0.0,0.0,0.0,0.0,0,48.432
732320000,732320000,0.9860768,0.08282596,0.14412662,-0.0053948867,0.0,0.0,0.0,0.0,0,48.452
732340000,732340000,0.9854878,0.08434308,0.14725022,-0.005151412,0.0,0.0,0.0,0.0,0,48.472
732360000,732360000,0.984942,0.085715435,0.15008701,-0.005005318,0.0,0.0,0.0,0.0,0,48.492
732380000,732380000,0.9844412,0.08694244,0.15264669,-0.0049528037,0.0,0.0,0.0,0.0,0,48.512
732400000,732400000,0.9839872,0.088029474,0.15493293,-0.0049909195,0.0,0.0,0.0,0.0,0,48.532
732420000,732420000,0.9835802,0.088981785,0.15695623,-0.005115789,0.0,0.0,0.0,0.0,0,48.552
732440000,732440000,0.9832186,0.089804165,0.15873626,-0.005322148,0.0,0.0,0.0,0.0,0,48.572
732460000,732460000,0.98290193,0.090505555,0.16028164,-0.0056062355,0.0,0.0,0.0,0.0,0,48.592
732480000,732480000,0.98263025,0.09108932,0.16159844,-0.0059631784,0.0,0.0,0.0,0.0,0,48.612
732500000,732500000,0.98240346,0.09155382,0.16269495,-0.0063869543,0.0,0.0,0.0,0.0,0,48.632
732520000,732520000,0.9822197,0.09190635,0.16358338,-0.0068724602,0.0,0.0,0.0,0.0,0,48.652
732540000,732540000,0.9820785,0.09215011,0.1642691,-0.00741438,0.0,0.0,0.0,0.0,0,48.672
732560000,732560000,0.98197913,0.09229102,0.16475537,-0.008007709,0.0,0.0,0.0,0.0,0,48.692
732580000,732580000,0.9819195,0.09232777,0.16505767,-0.008645129,0.0,0.0,0.0,0.0,0,48.712
732600000,732600000,0.98189694,0.09226339,0.16519116,-0.00932026,0.0,0.0,0.0,0.0,0,48.732
732620000,732620000,0.9819122,0.092101716,0.16514918,-0.010028497,0.0,0.0,0.0,0.0,0,48.752
732640000,732640000,0.9819642,0.09185449,0.16493115,-0.01076659,0.0,0.0,0.0,0.0,0,48.772
732660000,732660000,0.9820493,0.09152628,0.16455497,-0.011527562,0.0,0.0,0.0,0.0,0,48.792
732680000,732680000,0.9821657,0.09111232,0.16403301,-0.012303694,0.0,0.0,0.0,0.0,0,48.812
732700000,732700000,0.98231304,0.09061283,0.16336513,-0.013090019,0.0,0.0,0.0,0.0,0,48.832
732720000,732720000,0.9824899,0.09003729,0.16255254,-0.0138830375,0.0,0.0,0.0,0.0,0,48.852
732740000,732740000,0.982695,0.08938491,0.1616002,-0.014676889,0.0,0.0,0.0,0.0,0,48.872
732760000,732760000,0.982926,0.088659525,0.16051732,-0.015466095,0.0,0.0,0.0,0.0,0,48.892
732780000,732780000,0.98317754,0.08787414,0.15932746,-0.016246175,0.0,0.0,0.0,0.0,0,48.912
732800000,732800000,0.9834427,0.08704493,0.15806091,-0.01701297,0.0,0.0,0.0,0.0,0,48.932
732820000,732820000,0.98371506,0.08618232,0.15675138,-0.017761216,0.0,0.0,0.0,0.0,0,48.952
732840000,732840000,0.9839898,0.085303865,0.15541762,-0.018488448,0.0,0.0,0.0,0.0,0,48.972
732860000,732860000,0.98426175,0.08442426,0.15408504,-0.019191496,0.0,0.0,0.0,0.0,0,48.992
732880000,732880000,0.984529,0.08354742,0.15276416,-0.019867344,0.0,0.0,0.0,0.0,0,49.012
732900000,732900000,0.9847892,0.08268339,0.15146619,-0.020514393,0.0,0.0,0.0,0.0,0,49.032
732920000,732920000,0.9850429,0.08183137,0.15018858,-0.02113032,0.0,0.0,0.0,0.0,0,49.052
732940000,732940000,0.9852914,0.080997005,0.14892226,-0.021714788,0.0,0.0,0.0,0.0,0,49.072
732960000,732960000,0.98553604,0.08018003,0.14765885,-0.022266941,0.0,0.0,0.0,0.0,0,49.092
732980000,732980000,0.98577857,0.07938325,0.14638563,-0.022786638,0.0,0.0,0.0,0.0,0,49.112
733000000,733000000,0.9860194,0.07860531,0.14510164,-0.023272227,0.0,0.0,0.0,0.0,0,49.132
733020000,733020000,0.9862612,0.07784194,0.1437908,-0.023723014,0.0,0.0,0.0,0.0,0,49.152
733040000,733040000,0.98650414,0.077086374,0.14245632,-0.024136331,0.0,0.0,0.0,0.0,0,49.172
733060000,733060000,0.9867497,0.07632619,0.14109482,-0.024509454,0.0,0.0,0.0,0.0,0,49.192
733080000,733080000,0.9869986,0.07555792,0.1397022,-0.024841227,0.0,0.0,0.0,0.0,0,49.212
733100000,733100000,0.98725134,0.07477452,0.1382792,-0.025129814,0.0,0.0,0.0,0.0,0,49.232
733120000,733120000,0.98750854,0.073978536,0.13681807,-0.025375916,0.0,0.0,0.0,0.0,0,49.252
733140000,733140000,0.9877709,0.07316602,0.13531508,-0.02557896,0.0,0.0,0.0,0.0,0,49.272
733160000,733160000,0.98804045,0.07233011,0.13375726,-0.025739,0.0,0.0,0.0,0.0,0,49.292
733180000,733180000,0.98831457,0.07146997,0.13216273,-0.025854293,0.0,0.0,0.0,0.0,0,49.312
733200000,733200000,0.9885948,0.070579596,0.13052149,-0.025925186,0.0,0.0,0.0,0.0,0,49.332
733220000,733220000,0.9888809,0.06966362,0.12882985,-0.02595292,0.0,0.0,0.0,0.0,0,49.352
733240000,733240000,0.98917174,0.06872165,0.12709445,-0.025937226,0.0,0.0,0.0,0.0,0,49.372
733260000,733260000,0.9894684,0.0677494,0.12530625,-0.025878986,0.0,0.0,0.0,0.0,0,49.392
733280000,733280000,0.9897694,0.06674844,0.1234735,-0.025778467,0.0,0.0,0.0,0.0,0,49.412
733300000,733300000,0.9900749,0.06571529,0.12159389,-0.025636531,0.0,0.0,0.0,0.0,0,49.432
733320000,733320000,0.9903826,0.06465701,0.119678736,-0.025454098,0.0,0.0,0.0,0.0,0,49.452
733340000,733340000,0.99069315,0.06356515,0.11772462,-0.025231222,0.0,0.0,0.0,0.0,0,49.472
733360000,733360000,0.99100584,0.062449396,0.11572845,-0.024970844,0.0,0.0,0.0,0.0,0,49.492
733380000,733380000,0.9913192,0.061302856,0.113704205,-0.024672424,0.0,0.0,0.0,0.0,0,49.512
733400000,733400000,0.99163264,0.060129177,0.1116513,-0.024337891,0.0,0.0,0.0,0.0,0,49.532
733420000,733420000,0.9919459,0.058929898,0.109567836,-0.023969037,0.0,0.0,0.0,0.0,0,49.552
733440000,733440000,0.9922586,0.057702545,0.10745685,-0.023567108,0.0,0.0,0.0,0.0,0,49.572
733460000,733460000,0.992568,0.056451455,0.1053373,-0.023133136,0.0,0.0,0.0,0.0,0,49.592
733480000,733480000,0.9928756,0.055178717,0.103191964,-0.022670468,0.0,0.0,0.0,0.0,0,49.612
733500000,733500000,0.9931795,0.05388983,0.10103218,-0.022180604,0.0,0.0,0.0,0.0,0,49.632
733520000,733520000,0.99348027,0.052579015,0.098854095,-0.021665018,0.0,0.0,0.0,0.0,0,49.652
733540000,733540000,0.9937755,0.051262926,0.09667024,-0.02112706,0.0,0.0,0.0,0.0,0,49.672
733560000,733560000,0.9940658,0.04992795,0.09447971,-0.020567402,0.0,0.0,0.0,0.0,0,49.692
733580000,733580000,0.994351,0.048581913,0.092278555,-0.019988775,0.0,0.0,0.0,0.0,0,49.712
733600000,733600000,0.99462986,0.047224306,0.09007937,-0.019392528,0.0,0.0,0.0,0.0,0,49.732
733620000,733620000,0.9949021,0.045865703,0.087878145,-0.018782176,0.0,0.0,0.0,0.0,0,49.752
733640000,733640000,0.99516773,0.044501804,0.08567428,-0.018159427,0.0,0.0,0.0,0.0,0,49.772
733660000,733660000,0.9954274,0.043127097,0.08346426,-0.017526064,0.0,0.0,0.0,0.0,0,49.792
733680000,733680000,0.99567884,0.041750938,0.0812685,-0.016883748,0.0,0.0,0.0,0.0,0,49.812
733700000,733700000,0.99592274,0.04037463,0.079078056,-0.016235046,0.0,0.0,0.0,0.0,0,49.832
733720000,733720000,0.99615836,0.039004374,0.07689932,-0.015581948,0.0,0.0,0.0,0.0,0,49.852
733740000,733740000,0.99638647,0.03763233,0.074726894,-0.014926161,0.0,0.0,0.0,0.0,0,49.872
733760000,733760000,0.9966055,0.036269143,0.07257756,-0.014269872,0.0,0.0,0.0,0.0,0,49.892
733780000,733780000,0.99681675,0.034907427,0.07043806,-0.0136150075,0.0,0.0,0.0,0.0,0,49.912
733800000,733800000,0.99701935,0.033554904,0.06831896,-0.012963527,0.0,0.0,0.0,0.0,0,49.932
733820000,733820000,0.99721444,0.032202363,0.0662102,-0.012316606,0.0,0.0,0.0,0.0,0,49.952
733840000,733840000,0.99740136,0.030857876,0.06411776,-0.011676026,0.0,0.0,0.0,0.0,0,49.972
733860000,733860000,0.99757975,0.029520076,0.062051054,-0.0110433055,0.0,0.0,0.0,0.0,0,49.992
733880000,733880000,0.9977497,0.028197464,0.060008414,-0.010420704,0.0,0.0,0.0,0.0,0,50.012
733900000,733900000,0.9979115,0.026883308,0.057989128,-0.009809179,0.0,0.0,0.0,0.0,0,50.032
733920000,733920000,0.9980652,0.025579926,0.055998918,-0.00920993,0.0,0.0,0.0,0.0,0,50.052
733940000,733940000,0.9982112,0.02428966,0.05402861,-0.008624526,0.0,0.0,0.0,0.0,0,50.072
733960000,733960000,0.9983499,0.023014657,0.052076556,-0.008054525,0.0,0.0,0.0,0.0,0,50.092
733980000,733980000,0.9984809,0.021765178,0.050149824,-0.00750155,0.0,0.0,0.0,0.0,0,50.112
734000000,734000000,0.9986046,0.0205452,0.048241835,-0.0069667883,0.0,0.0,0.0,0.0,0,50.132
734020000,734020000,0.99872047,0.019358166,0.046370257,-0.0064508403,0.0,0.0,0.0,0.0,0,50.152
734040000,734040000,0.9988294,0.018194588,0.04452441,-0.0059545287,0.0,0.0,0.0,0.0,0,50.172
734060000,734060000,0.99893147,0.01705756,0.04270929,-0.0054783663,0.0,0.0,0.0,0.0,0,50.192
734080000,734080000,0.9990269,0.01593592,0.040928777,-0.005022602,0.0,0.0,0.0,0.0,0,50.212
734100000,734100000,0.9991155,0.014843112,0.0391912,-0.004588124,0.0,0.0,0.0,0.0,0,50.232
734120000,734120000,0.99919814,0.013778319,0.03748288,-0.0041754288,0.0,0.0,0.0,0.0,0,50.252
734140000,734140000,0.9992748,0.012739383,0.035810985,-0.0037846824,0.0,0.0,0.0,0.0,0,50.272
734160000,734160000,0.999346,0.0117173325,0.034170765,-0.0034159345,0.0,0.0,0.0,0.0,0,50.292
734180000,734180000,0.9994119,0.010729563,0.03256536,-0.0030697268,0.0,0.0,0.0,0.0,0,50.312
734200000,734200000,0.9994725,0.009765651,0.030999007,-0.0027459047,0.0,0.0,0.0,0.0,0,50.332
734220000,734220000,0.999528,0.00883123,0.029476648,-0.002444745,0.0,0.0,0.0,0.0,0,50.352
734240000,734240000,0.99957925,0.0079264315,0.027980063,-0.0021658994,0.0,0.0,0.0,0.0,0,50.372
734260000,734260000,0.9996263,0.007048369,0.026516387,-0.0019092822,0.0,0.0,0.0,0.0,0,50.392
734280000,734280000,0.9996691,0.0061989836,0.025092794,-0.0016748778,0.0,0.0,0.0,0.0,0,50.412
734300000,734300000,0.99970776,0.0053842026,0.023715205,-0.0014621496,0.0,0.0,0.0,0.0,0,50.432
734320000,734320000,0.99974275,0.0045988364,0.022378862,-0.0012709403,0.0,0.0,0.0,0.0,0,50.452
734340000,734340000,0.99977446,0.0038496922,0.021074375,-0.0011011412,0.0,0.0,0.0,0.0,0,50.472
734360000,734360000,0.9998031,0.0031345612,0.019800508,-0.0009518014,0.0,0.0,0.0,0.0,0,50.492
734380000,734380000,0.99982893,0.0024523532,0.018559894,-0.00082282047,0.0,0.0,0.0,0.0,0,50.512
734400000,734400000,0.99985194,0.0018153425,0.017362393,-0.00071347744,0.0,0.0,0.0,0.0,0,50.532
734420000,734420000,0.99987227,0.001219703,0.016206678,-0.00062360615,0.0,0.0,0.0,0.0,0,50.552
734440000,734440000,0.99989045,0.0006599265,0.01508324,-0.00055217574,0.0,0.0,0.0,0.0,0,50.572
734460000,734460000,0.9999066,0.0001300109,0.013988701,-0.0004984535,0.0,0.0,0.0,0.0,0,50.592
734480000,734480000,0.9999207,-0.00037525425,0.012935808,-0.00046115235,0.0,0.0,0.0,0.0,0,50.612
734500000,734500000,0.999933,-0.00084633805,0.0119228745,-0.0004403371,0.0,0.0,0.0,0.0,0,50.632
734520000,734520000,0.9999437,-0.0012758553,0.010951815,-0.00043559866,0.0,0.0,0.0,0.0,0,50.652
734540000,734540000,0.999953,-0.0016762785,0.010005928,-0.00044586125,0.0,0.0,0.0,0.0,0,50.672
734560000,734560000,0.9999609,-0.0020515,0.009100889,-0.00047019348,0.0,0.0,0.0,0.0,0,50.692
734580000,734580000,0.99996763,-0.0024076288,0.0082340315,-0.00050780893,0.0,0.0,0.0,0.0,0,50.712
734600000,734600000,0.9999733,-0.0027323915,0.0074012876,-0.00055791106,0.0,0.0,0.0,0.0,0,50.732
734620000,734620000,0.999978,-0.003029075,0.0065995664,-0.00061925786,0.0,0.0,0.0,0.0,0,50.752
734640000,734640000,0.9999819,-0.0032967227,0.0058302456,-0.00069131976,0.0,0.0,0.0,0.0,0,50.772
734660000,734660000,0.999985,-0.0035472265,0.005098754,-0.00077307416,0.0,0.0,0.0,0.0,0,50.792
734680000,734680000,0.99998736,-0.0037730115,0.0044071586,-0.00086384977,0.0,0.0,0.0,0.0,0,50.812
734700000,734700000,0.9999892,-0.003969636,0.0037399032,-0.00096241647,0.0,0.0,0.0,0.0,0,50.832
734720000,734720000,0.99999064,-0.004136031,0.003096386,-0.001067921,0.0,0.0,0.0,0.0,0,50.852
734740000,734740000,0.9999916,-0.0042808983,0.0024844415,-0.0011795793,0.0,0.0,0.0,0.0,0,50.872
734760000,734760000,0.99999213,-0.0044117332,0.0019132869,-0.0012970603,0.0,0.0,0.0,0.0,0,50.892
734780000,734780000,0.9999923,-0.004530828,0.001384035,-0.0014194043,0.0,0.0,0.0,0.0,0,50.912
734800000,734800000,0.99999225,-0.0046335612,0.0008914802,-0.0015457468,0.0,0.0,0.0,0.0,0,50.932
734820000,734820000,0.99999195,-0.004715544,0.00043015202,-0.0016751112,0.0,0.0,0.0,0.0,0,50.952
734840000,734840000,0.9999915,-0.004778854,2.6663363e-06,-0.0018069664,0.0,0.0,0.0,0.0,0,50.972
734860000,734860000,0.99999094,-0.0048278845,-0.00039010475,-0.0019405682,0.0,0.0,0.0,0.0,0,50.992
734880000,734880000,0.9999903,-0.0048643723,-0.00075490755,-0.002075182,0.0,0.0,0.0,0.0,0,51.012
734900000,734900000,0.99998957,-0.004886917,-0.0011023126,-0.0022099488,0.0,0.0,0.0,0.0,0,51.032
734920000,734920000,0.9999888,-0.0048982697,-0.0014206148,-0.0023447927,0.0,0.0,0.0,0.0,0,51.052
734940000,734940000,0.999988,-0.0049026525,-0.0017080965,-0.002479149,0.0,0.0,0.0,0.0,0,51.072
734960000,734960000,0.9999871,-0.004906612,-0.0019803182,-0.002611513,0.0,0.0,0.0,0.0,0,51.092
734980000,734980000,0.99998623,-0.0049132453,-0.0022299732,-0.002741727,0.0,0.0,0.0,0.0,0,51.112
735000000,735000000,0.99998534,-0.004914742,-0.0024468352,-0.0028699858,0.0,0.0,0.0,0.0,0,51.132
735020000,735020000,0.9999845,-0.004911448,-0.0026453566,-0.0029955786,0.0,0.0,0.0,0.0,0,51.152
735040000,735040000,0.9999836,-0.0049102823,-0.0028339904,-0.0031178258,0.0,0.0,0.0,0.0,0,51.172
735060000,735060000,0.99998283,-0.004903399,-0.0029917683,-0.0032367946,0.0,0.0,0.0,0.0,0,51.192
735080000,735080000,0.99998206,-0.004893518,-0.0031251702,-0.0033520972,0.0,0.0,0.0,0.0,0,51.212
735100000,735100000,0.99998134,-0.004885485,-0.0032532483,-0.003462882,0.0,0.0,0.0,0.0,0,51.232
735120000,735120000,0.9999806,-0.0048825797,-0.0033649076,-0.0035692588,0.0,0.0,0.0,0.0,0,51.252
735140000,735140000,0.9999799,-0.0048837955,-0.0034535944,-0.003671183,0.0,0.0,0.0,0.0,0,51.272
735160000,735160000,0.9999793,-0.0048814015,-0.0035259267,-0.0037679474,0.0,0.0,0.0,0.0,0,51.292
735180000,735180000,0.99997884,-0.0048682815,-0.0035879249,-0.0038590352,0.0,0.0,0.0,0.0,0,51.312
735200000,735200000,0.9999784,-0.0048525115,-0.0036313243,-0.0039440696,0.0,0.0,0.0,0.0,0,51.332
735220000,735220000,0.99997807,-0.004837731,-0.003651768,-0.0040230346,0.0,0.0,0.0,0.0,0,51.352
735240000,735240000,0.9999779,-0.0048260298,-0.0036472122,-0.0040959925,0.0,0.0,0.0,0.0,0,51.372
735260000,735260000,0.9999777,-0.004815593,-0.0036261273,-0.0041625984,0.0,0.0,0.0,0.0,0,51.392
735280000,735280000,0.9999776,-0.004803186,-0.0036049485,-0.0042231074,0.0,0.0,0.0,0.0,0,51.412
735300000,735300000,0.9999775,-0.004783765,-0.00358274,-0.004277839,0.0,0.0,0.0,0.0,0,51.432
735320000,735320000,0.9999776,-0.004759876,-0.0035425534,-0.004326806,0.0,0.0,0.0,0.0,0,51.452
735340000,735340000,0.9999777,-0.004733752,-0.0034848365,-0.004369935,0.0,0.0,0.0,0.0,0,51.472
735360000,735360000,0.99997795,-0.0047067637,-0.0034074713,-0.0044072852,0.0,0.0,0.0,0.0,0,51.492
735380000,735380000,0.99997824,-0.004678478,-0.0033182309,-0.0044391425,0.0,0.0,0.0,0.0,0,51.512
735400000,735400000,0.99997854,-0.0046514287,-0.0032267177,-0.0044649444,0.0,0.0,0.0,0.0,0,51.532
735420000,735420000,0.9999789,-0.0046210177,-0.0031372996,-0.0044850865,0.0,0.0,0.0,0.0,0,51.552
735440000,735440000,0.9999793,-0.00457612,-0.0030409233,-0.0045000915,0.0,0.0,0.0,0.0,0,51.572
735460000,735460000,0.99997985,-0.0045231204,-0.0029259063,-0.004509788,0.0,0.0,0.0,0.0,0,51.592
735480000,735480000,0.9999805,-0.0044671213,-0.0027900992,-0.004514775,0.0,0.0,0.0,0.0,0,51.612
735500000,735500000,0.9999811,-0.004415889,-0.0026466898,-0.0045153233,0.0,0.0,0.0,0.0,0,51.632
735520000,735520000,0.9999817,-0.00436932,-0.0025008703,-0.0045115743,0.0,0.0,0.0,0.0,0,51.652
735540000,735540000,0.99998236,-0.004309085,-0.0023526507,-0.0045036306,0.0,0.0,0.0,0.0,0,51.672
735560000,735560000,0.9999831,-0.0042416337,-0.0021870735,-0.0044919667,0.0,0.0,0.0,0.0,0,51.692
735580000,735580000,0.9999838,-0.004171575,-0.0020176144,-0.004476927,0.0,0.0,0.0,0.0,0,51.712
735600000,735600000,0.9999845,-0.00409769,-0.0018591257,-0.004458251,0.0,0.0,0.0,0.0,0,51.732
735620000,735620000,0.99998516,-0.004022693,-0.0017091624,-0.004435889,0.0,0.0,0.0,0.0,0,51.752
735640000,735640000,0.9999858,-0.003945436,-0.0015658002,-0.004410175,0.0,0.0,0.0,0.0,0,51.772
735660000,735660000,0.9999865,-0.0038585842,-0.0014155222,-0.004381679,0.0,0.0,0.0,0.0,0,51.792
735680000,735680000,0.9999872,-0.0037732604,-0.0012565252,-0.004350763,0.0,0.0,0.0,0.0,0,51.812
735700000,735700000,0.9999878,-0.003694839,-0.0010938479,-0.0043179058,0.0,0.0,0.0,0.0,0,51.832
735720000,735720000,0.9999884,-0.0036197011,-0.00093785254,-0.00428327,0.0,0.0,0.0,0.0,0,51.852
735740000,735740000,0.9999889,-0.0035494983,-0.0007923709,-0.004246912,0.0,0.0,0.0,0.0,0,51.872
735760000,735760000,0.99998945,-0.0034819448,-0.00063488394,-0.0042091706,0.0,0.0,0.0,0.0,0,51.892
735780000,735780000,0.9999899,-0.003413101,-0.00048327228,-0.004170011,0.0,0.0,0.0,0.0,0,51.912
735800000,735800000,0.99999034,-0.0033452446,-0.00034127652,-0.00412972,0.0,0.0,0.0,0.0,0,51.932
735820000,735820000,0.99999076,-0.0032829926,-0.00020545437,-0.004088145,0.0,0.0,0.0,0.0,0,51.952
735840000,735840000,0.9999912,-0.0032208182,-7.899279e-05,-0.0040453817,0.0,0.0,0.0,0.0,0,51.972
735860000,735860000,0.99999154,-0.003166232,3.8433536e-05,-0.0040017515,0.0,0.0,0.0,0.0,0,51.992
735880000,735880000,0.99999183,-0.0031223288,0.0001452164,-0.003957926,0.0,0.0,0.0,0.0,0,52.012
735900000,735900000,0.99999213,-0.003080027,0.00024354452,-0.003914357,0.0,0.0,0.0,0.0,0,52.032
735920000,735920000,0.9999924,-0.0030374767,0.00033768374,-0.0038711573,0.0,0.0,0.0,0.0,0,52.052
735940000,735940000,0.99999267,-0.002993269,0.000428111,-0.0038283032,0.0,0.0,0.0,0.0,0,52.072
735960000,735960000,0.9999929,-0.0029511156,0.0005168739,-0.0037861313,0.0,0.0,0.0,0.0,0,52.092
735980000,735980000,0.9999931,-0.0029133733,0.00060671836,-0.003744657,0.0,0.0,0.0,0.0,0,52.112
736000000,736000000,0.9999933,-0.0028701518,0.0007015754,-0.0037040194,0.0,0.0,0.0,0.0,0,52.132
736020000,736020000,0.99999356,-0.0028134394,0.00080793095,-0.003664442,0.0,0.0,0.0,0.0,0,52.152
736040000,736040000,0.99999374,-0.0027536242,0.0009147839,-0.0036257033,0.0,0.0,0.0,0.0,0,52.172
736060000,736060000,0.999994,-0.0026955812,0.0010190662,-0.0035881002,0.0,0.0,0.0,0.0,0,52.192
736080000,736080000,0.99999416,-0.002631192,0.0011252316,-0.0035521016,0.0,0.0,0.0,0.0,0,52.212
736100000,736100000,0.99999434,-0.0025670994,0.0012295209,-0.0035184268,0.0,0.0,0.0,0.0,0,52.232
736120000,736120000,0.99999446,-0.002503151,0.0013286436,-0.0034867926,0.0,0.0,0.0,0.0,0,52.252
736140000,736140000,0.9999946,-0.0024364225,0.0014210219,-0.0034572573,0.0,0.0,0.0,0.0,0,52.272
736160000,736160000,0.99999475,-0.0023671712,0.0015079853,-0.0034297283,0.0,0.0,0.0,0.0,0,52.292
736180000,736180000,0.9999948,-0.0023097321,0.0016044495,-0.0034040106,0.0,0.0,0.0,0.0,0,52.312
736200000,736200000,0.9999948,-0.002261564,0.0017078962,-0.0033799827,0.0,0.0,0.0,0.0,0,52.332
736220000,736220000,0.9999949,-0.0022092077,0.0017962886,-0.0033576654,0.0,0.0,0.0,0.0,0,52.352
736240000,736240000,0.9999949,-0.0021613452,0.0018711857,-0.0033367649,0.0,0.0,0.0,0.0,0,52.372
736260000,736260000,0.99999493,-0.002119552,0.0019438092,-0.003317561,0.0,0.0,0.0,0.0,0,52.392
736280000,736280000,0.99999493,-0.0020780647,0.002012214,-0.0033002545,0.0,0.0,0.0,0.0,0,52.412
736300000,736300000,0.99999493,-0.0020345112,0.0020742381,-0.0032850145,0.0,0.0,0.0,0.0,0,52.432
736320000,736320000,0.99999493,-0.001993328,0.0021236814,-0.00327235,0.0,0.0,0.0,0.0,0,52.452
736340000,736340000,0.999995,-0.001961659,0.0021544846,-0.0032619874,0.0,0.0,0.0,0.0,0,52.472
736360000,736360000,0.999995,-0.0019402741,0.002178704,-0.003253172,0.0,0.0,0.0,0.0,0,52.492
736380000,736380000,0.999995,-0.0019280043,0.0022039157,-0.0032458012,0.0,0.0,0.0,0.0,0,52.512
736400000,736400000,0.999995,-0.00191976,0.002231021,-0.0032399448,0.0,0.0,0.0,0.0,0,52.532
736420000,736420000,0.999995,-0.0019092093,0.0022361109,-0.0032356575,0.0,0.0,0.0,0.0,0,52.552
736440000,736440000,0.99999505,-0.001894448,0.0022390576,-0.0032330565,0.0,0.0,0.0,0.0,0,52.572
736460000,736460000,0.99999505,-0.0018753017,0.0022384636,-0.0032318363,0.0,0.0,0.0,0.0,0,52.592
736480000,736480000,0.9999952,-0.0018492332,0.0022193072,-0.003232168,0.0,0.0,0.0,0.0,0,52.612
736500000,736500000,0.99999523,-0.00181723,0.0022043171,-0.0032342742,0.0,0.0,0.0,0.0,0,52.632
736520000,736520000,0.9999953,-0.0017804052,0.0021943713,-0.0032377294,0.0,0.0,0.0,0.0,0,52.652
736540000,736540000,0.9999954,-0.00174618,0.0021712785,-0.0032424477,0.0,0.0,0.0,0.0,0,52.672
736560000,736560000,0.9999955,-0.0017050441,0.0021420205,-0.0032485737,0.0,0.0,0.0,0.0,0,52.692
736580000,736580000,0.99999565,-0.001660393,0.0021068885,-0.0032565645,0.0,0.0,0.0,0.0,0,52.712
736600000,736600000,0.99999577,-0.001617464,0.0020771853,-0.0032663587,0.0,0.0,0.0,0.0,0,52.732
736620000,736620000,0.9999958,-0.0015817815,0.00205867,-0.0032777416,0.0,0.0,0.0,0.0,0,52.752
736640000,736640000,0.9999959,-0.0015483787,0.0020370453,-0.0032906814,0.0,0.0,0.0,0.0,0,52.772
736660000,736660000,0.99999595,-0.0015121152,0.0020089352,-0.0033052738,0.0,0.0,0.0,0.0,0,52.792
736680000,736680000,0.999996,-0.0014783262,0.0019814675,-0.0033208784,0.0,0.0,0.0,0.0,0,52.812
736700000,736700000,0.999996,-0.001454357,0.0019584787,-0.0033373516,0.0,0.0,0.0,0.0,0,52.832
736720000,736720000,0.999996,-0.0014418466,0.0019285228,-0.0033546542,0.0,0.0,0.0,0.0,0,52.852
736740000,736740000,0.999996,-0.0014372581,0.0018973228,-0.0033728445,0.0,0.0,0.0,0.0,0,52.872
736760000,736760000,0.99999607,-0.0014326059,0.0018631349,-0.0033917674,0.0,0.0,0.0,0.0,0,52.892
736780000,736780000,0.99999607,-0.0014278243,0.0018273558,-0.0034110816,0.0,0.0,0.0,0.0,0,52.912
736800000,736800000,0.99999607,-0.0014163327,0.0017817551,-0.0034304769,0.0,0.0,0.0,0.0,0,52.932
736820000,736820000,0.9999961,-0.0014037297,0.0017320041,-0.0034501385,0.0,0.0,0.0,0.0,0,52.952
736840000,736840000,0.9999961,-0.0013941359,0.0016836644,-0.0034702206,0.0,0.0,0.0,0.0,0,52.972
736860000,736860000,0.9999962,-0.0013831824,0.0016328116,-0.0034902338,0.0,0.0,0.0,0.0,0,52.992
736880000,736880000,0.99999624,-0.0013668251,0.0015753298,-0.0035101396,0.0,0.0,0.0,0.0,0,53.012
736900000,736900000,0.99999624,-0.001353944,0.0015203094,-0.0035298988,0.0,0.0,0.0,0.0,0,53.032
736920000,736920000,0.9999963,-0.0013412159,0.0014639241,-0.0035495018,0.0,0.0,0.0,0.0,0,53.052
736940000,736940000,0.9999963,-0.0013295828,0.0014015367,-0.003568645,0.0,0.0,0.0,0.0,0,53.072
736960000,736960000,0.99999636,-0.0013256867,0.0013416889,-0.0035868865,0.0,0.0,0.0,0.0,0,53.092
736980000,736980000,0.99999636,-0.0013312821,0.0012885405,-0.0036042035,0.0,0.0,0.0,0.0,0,53.112
737000000,737000000,0.9999963,-0.001344377,0.001236538,-0.0036210024,0.0,0.0,0.0,0.0,0,53.132
737020000,737020000,0.99999636,-0.0013457254,0.0011790695,-0.003637591,0.0,0.0,0.0,0.0,0,53.152
737040000,737040000,0.99999636,-0.0013416181,0.0011185475,-0.0036543398,0.0,0.0,0.0,0.0,0,53.172
737060000,737060000,0.99999636,-0.0013381926,0.0010602932,-0.003671549,0.0,0.0,0.0,0.0,0,53.192
737080000,737080000,0.99999636,-0.0013373673,0.0010044702,-0.0036889887,0.0,0.0,0.0,0.0,0,53.212
737100000,737100000,0.99999636,-0.0013318246,0.0009440643,-0.0037061712,0.0,0.0,0.0,0.0,0,53.232
737120000,737120000,0.99999636,-0.0013237321,0.0008890026,-0.003722961,0.0,0.0,0.0,0.0,0,53.252
737140000,737140000,0.99999636,-0.0013126542,0.00083378295,-0.0037395312,0.0,0.0,0.0,0.0,0,53.272
737160000,737160000,0.99999636,-0.0012956348,0.00077276543,-0.0037558384,0.0,0.0,0.0,0.0,0,53.292
737180000,737180000,0.99999636,-0.0012789943,0.00071400835,-0.0037715177,0.0,0.0,0.0,0.0,0,53.312
737200000,737200000,0.99999636,-0.0012591017,0.0006824024,-0.0037868486,0.0,0.0,0.0,0.0,0,53.332
737220000,737220000,0.99999636,-0.0012301524,0.00066687266,-0.0038018352,0.0,0.0,0.0,0.0,0,53.352
737240000,737240000,0.99999636,-0.0011869678,0.00064678944,-0.0038159227,0.0,0.0,0.0,0.0,0,53.372
737260000,737260000,0.99999636,-0.001141872,0.0006285424,-0.0038289393,0.0,0.0,0.0,0.0,0,53.392
737280000,737280000,0.99999636,-0.0011048921,0.0006159866,-0.0038412143,0.0,0.0,0.0,0.0,0,53.412
737300000,737300000,0.99999636,-0.0010694748,0.000606838,-0.0038526251,0.0,0.0,0.0,0.0,0,53.432
737320000,737320000,0.99999636,-0.0010290836,0.0005908397,-0.0038631952,0.0,0.0,0.0,0.0,0,53.452
737340000,737340000,0.9999964,-0.0009931363,0.0005695284,-0.003872942,0.0,0.0,0.0,0.0,0,53.472
737360000,737360000,0.9999964,-0.000953031,0.0005574679,-0.0038821914,0.0,0.0,0.0,0.0,0,53.492
737380000,737380000,0.9999964,-0.0009094423,0.0005428988,-0.0038906971,0.0,0.0,0.0,0.0,0,53.512
737400000,737400000,0.9999964,-0.00086481986,0.00051288196,-0.0038985766,0.0,0.0,0.0,0.0,0,53.532
737420000,737420000,0.9999965,-0.0008121105,0.00048726427,-0.003906209,0.0,0.0,0.0,0.0,0,53.552
737440000,737440000,0.9999965,-0.0007596716,0.0004629333,-0.003913732,0.0,0.0,0.0,0.0,0,53.572
737460000,737460000,0.99999654,-0.0007112102,0.00043590605,-0.0039212857,0.0,0.0,0.0,0.0,0,53.592
737480000,737480000,0.99999654,-0.0006623277,0.00041138486,-0.0039288187,0.0,0.0,0.0,0.0,0,53.612
737500000,737500000,0.99999654,-0.00061214477,0.00036810862,-0.0039361375,0.0,0.0,0.0,0.0,0,53.632
737520000,737520000,0.99999654,-0.00056117773,0.00032570693,-0.003943355,0.0,0.0,0.0,0.0,0,53.652
737540000,737540000,0.99999654,-0.00052138953,0.00028420612,-0.003950654,0.0,0.0,0.0,0.0,0,53.672
737560000,737560000,0.99999654,-0.0004919284,0.00023880038,-0.0039579608,0.0,0.0,0.0,0.0,0,53.692
737580000,737580000,0.99999654,-0.0004665924,0.0001943206,-0.003964915,0.0,0.0,0.0,0.0,0,53.712
737600000,737600000,0.99999654,-0.00043305042,0.00014034874,-0.0039710663,0.0,0.0,0.0,0.0,0,53.732
737620000,737620000,0.99999654,-0.00039713026,8.292784e-05,-0.003976246,0.0,0.0,0.0,0.0,0,53.752
737640000,737640000,0.99999654,-0.00036998608,2.8316661e-05,-0.003980629,0.0,0.0,0.0,0.0,0,53.772
737660000,737660000,0.99999654,-0.00034938392,-2.3915904e-05,-0.0039844476,0.0,0.0,0.0,0.0,0,53.792
737680000,737680000,0.99999654,-0.00032496484,-8.1624115e-05,-0.003987529,0.0,0.0,0.0,0.0,0,53.812
737700000,737700000,0.99999654,-0.0002963228,-0.00014433573,-0.003989877,0.0,0.0,0.0,0.0,0,53.832
737720000,737720000,0.99999654,-0.0002686507,-0.000206125,-0.003991654,0.0,0.0,0.0,0.0,0,53.852
737740000,737740000,0.99999654,-0.00023723245,-0.00026647787,-0.0039932057,0.0,0.0,0.0,0.0,0,53.872
737760000,737760000,0.9999965,-0.00019944271,-0.0003180619,-0.0039947755,0.0,0.0,0.0,0.0,0,53.892
737780000,737780000,0.9999965,-0.00015107503,-0.00037535184,-0.0039964383,0.0,0.0,0.0,0.0,0,53.912
737800000,737800000,0.9999964,-9.450089e-05,-0.0004534041,-0.0039982237,0.0,0.0,0.0,0.0,0,53.932
737820000,737820000,0.9999964,-3.0448413e-05,-0.00052359316,-0.0040000323,0.0,0.0,0.0,0.0,0,53.952
737840000,737840000,0.99999636,3.6724203e-05,-0.0005774382,-0.0040020547,0.0,0.0,0.0,0.0,0,53.972
737860000,737860000,0.9999963,9.325708e-05,-0.0006325919,-0.0040046447,0.0,0.0,0.0,0.0,0,53.992
737880000,737880000,0.99999624,0.00014385115,-0.00068643386,-0.0040080226,0.0,0.0,0.0,0.0,0,54.012
737900000,737900000,0.9999962,0.0001990183,-0.0007383723,-0.004012769,0.0,0.0,0.0,0.0,0,54.032
737920000,737920000,0.9999961,0.00025580695,-0.0007987958,-0.004018784,0.0,0.0,0.0,0.0,0,54.052
737940000,737940000,0.999996,0.0003064674,-0.0008636097,-0.0040254965,0.0,0.0,0.0,0.0,0,54.072
737960000,737960000,0.99999595,0.00035431675,-0.0009171336,-0.004032973,0.0,0.0,0.0,0.0,0,54.092
737980000,737980000,0.9999958,0.0004036359,-0.00096957595,-0.004041093,0.0,0.0,0.0,0.0,0,54.112
738000000,738000000,0.9999957,0.00045844415,-0.0010274812,-0.0040496057,0.0,0.0,0.0,0.0,0,54.132
738020000,738020000,0.9999956,0.00051904365,-0.0010822662,-0.004058478,0.0,0.0,0.0,0.0,0,54.152
738040000,738040000,0.99999547,0.0005845555,-0.0011446195,-0.0040674726,0.0,0.0,0.0,0.0,0,54.172
738060000,738060000,0.9999953,0.00064555724,-0.0012068747,-0.004076722,0.0,0.0,0.0,0.0,0,54.192
738080000,738080000,0.9999952,0.0007105197,-0.0012602125,-0.0040858937,0.0,0.0,0.0,0.0,0,54.212
738100000,738100000,0.999995,0.0007802414,-0.0013159063,-0.0040949523,0.0,0.0,0.0,0.0,0,54.232
738120000,738120000,0.9999948,0.00085025013,-0.0013751682,-0.0041043074,0.0,0.0,0.0,0.0,0,54.252
738140000,738140000,0.99999464,0.0009223966,-0.0014367009,-0.004113875,0.0,0.0,0.0,0.0,0,54.272
738160000,738160000,0.99999446,0.0009913641,-0.0014969655,-0.004123798,0.0,0.0,0.0,0.0,0,54.292
738180000,738180000,0.9999942,0.0010509556,-0.0015614978,-0.0041336394,0.0,0.0,0.0,0.0,0,54.312
738200000,738200000,0.99999404,0.0011038246,-0.0016320247,-0.004143457,0.0,0.0,0.0,0.0,0,54.332
738220000,738220000,0.9999938,0.0011533782,-0.001699212,-0.0041536246,0.0,0.0,0.0,0.0,0,54.352
738240000,738240000,0.9999936,0.001197218,-0.0017652788,-0.0041641667,0.0,0.0,0.0,0.0,0,54.372
738260000,738260000,0.9999934,0.0012339378,-0.0018318596,-0.004174559,0.0,0.0,0.0,0.0,0,54.392
738280000,738280000,0.9999932,0.0012686605,-0.001903412,-0.004184622,0.0,0.0,0.0,0.0,0,54.412
738300000,738300000,0.99999297,0.0013024232,-0.001967419,-0.0041945297,0.0,0.0,0.0,0.0,0,54.432
738320000,738320000,0.9999928,0.0013271866,-0.002031852,-0.004203659,0.0,0.0,0.0,0.0,0,54.452
738340000,738340000,0.99999255,0.0013599308,-0.0020913219,-0.0042120623,0.0,0.0,0.0,0.0,0,54.472
738360000,738360000,0.9999951,0.0010948826,-0.00014375463,-0.004208509,0.0,0.0,0.0,0.0,0,54.492
738380000,738380000,0.9999457,-0.00043244078,0.010009198,-0.0041648196,0.0,0.0,0.0,0.0,0,54.512
738400000,738400000,0.99958885,-0.003340965,0.028346756,-0.0040636524,0.0,0.0,0.0,0.0,0,54.532
738420000,738420000,0.9986236,-0.0073865834,0.051867604,-0.0038983424,0.0,0.0,0.0,0.0,0,54.552
738440000,738440000,0.9968951,-0.012177025,0.07776632,-0.003665352,0.0,0.0,0.0,0.0,0,54.572
738460000,738460000,0.9944024,-0.017439704,0.10419949,-0.0033566132,0.0,0.0,0.0,0.0,0,54.592
738480000,738480000,0.9912095,-0.022964519,0.13029449,-0.002967825,0.0,0.0,0.0,0.0,0,54.612
738500000,738500000,0.9874462,-0.028488874,0.15537463,-0.002505969,0.0,0.0,0.0,0.0,0,54.632
738520000,738520000,0.98328024,-0.033927996,0.17892489,-0.001961815,0.0,0.0,0.0,0.0,0,54.652
738540000,738540000,0.9788666,-0.039134935,0.20073855,-0.0013472219,0.0,0.0,0.0,0.0,0,54.672
738560000,738560000,0.9743766,-0.04404151,0.22058846,-0.0006620813,0.0,0.0,0.0,0.0,0,54.692
738580000,738580000,0.96991193,-0.04859574,0.2385758,8.0974416e-05,0.0,0.0,0.0,0.0,0,54.712
738600000,738600000,0.965596,-0.052760717,0.25465456,0.00087668205,0.0,0.0,0.0,0.0,0,54.732
738620000,738620000,0.9614819,-0.05652877,0.26900402,0.001713226,0.0,0.0,0.0,0.0,0,54.752
738640000,738640000,0.95763075,-0.059893716,0.2817064,0.002583121,0.0,0.0,0.0,0.0,0,54.772
738660000,738660000,0.95406723,-0.0628512,0.29292062,0.0034731666,0.0,0.0,0.0,0.0,0,54.792
738680000,738680000,0.95080566,-0.06543257,0.30278227,0.0043810755,0.0,0.0,0.0,0.0,0,54.812
738700000,738700000,0.94784313,-0.06765018,0.3114449,0.0052965772,0.0,0.0,0.0,0.0,0,54.832
738720000,738720000,0.94517285,-0.06954028,0.3190343,0.006218521,0.0,0.0,0.0,0.0,0,54.852
738740000,738740000,0.9427785,-0.07111512,0.32568306,0.007136575,0.0,0.0,0.0,0.0,0,54.872
738760000,738760000,0.9406409,-0.072417654,0.33150348,0.00805179,0.0,0.0,0.0,0.0,0,54.892
738780000,738780000,0.93874294,-0.07346687,0.3365906,0.008957928,0.0,0.0,0.0,0.0,0,54.912
738800000,738800000,0.9370645,-0.07429586,0.3410311,0.009854535,0.0,0.0,0.0,0.0,0,54.932
738820000,738820000,0.9355812,-0.07491643,0.34491926,0.010733039,0.0,0.0,0.0,0.0,0,54.952
738840000,738840000,0.93427825,-0.07536735,0.348308,0.011597799,0.0,0.0,0.0,0.0,0,54.972
738860000,738860000,0.93313026,-0.07566122,0.3512799,0.01244144,0.0,0.0,0.0,0.0,0,54.992
738880000,738880000,0.93212414,-0.07582148,0.3538769,0.013263909,0.0,0.0,0.0,0.0,0,55.012
738900000,738900000,0.9312437,-0.07586101,0.35614836,0.014061356,0.0,0.0,0.0,0.0,0,55.032
738920000,738920000,0.93047255,-0.07580395,0.35813907,0.014834158,0.0,0.0,0.0,0.0,0,55.052
738940000,738940000,0.929801,-0.075662054,0.35987744,0.015580151,0.0,0.0,0.0,0.0,0,55.072
738960000,738960000,0.92921966,-0.075444706,0.36138952,0.016296819,0.0,0.0,0.0,0.0,0,55.092
738980000,738980000,0.9287157,-0.07516937,0.36270845,0.01698349,0.0,0.0,0.0,0.0,0,55.112
739000000,739000000,0.92828065,-0.07484991,0.36385503,0.017640201,0.0,0.0,0.0,0.0,0,55.132
739020000,739020000,0.9279053,-0.074494466,0.3648531,0.018264914,0.0,0.0,0.0,0.0,0,55.152
739040000,739040000,0.92759454,-0.07409797,0.3656931,0.018854048,0.0,0.0,0.0,0.0,0,55.172
739060000,739060000,0.9274411,-0.073640816,0.36614484,0.019418057,0.0,0.0,0.0,0.0,0,55.192
739080000,739080000,0.9275779,-0.07309081,0.36587873,0.01996931,0.0,0.0,0.0,0.0,0,55.212
739100000,739100000,0.9280761,-0.07241904,0.36471736,0.020507617,0.0,0.0,0.0,0.0,0,55.232
739120000,739120000,0.9289449,-0.071613304,0.36262915,0.02102643,0.0,0.0,0.0,0.0,0,55.252
739140000,739140000,0.9301621,-0.0706786,0.3596513,0.02151947,0.0,0.0,0.0,0.0,0,55.272
739160000,739160000,0.93170446,-0.0696125,0.3558187,0.021977624,0.0,0.0,0.0,0.0,0,55.292
739180000,739180000,0.93354595,-0.068413846,0.35116833,0.022391943,0.0,0.0,0.0,0.0,0,55.312
739200000,739200000,0.9356607,-0.06707972,0.3457321,0.022753688,0.0,0.0,0.0,0.0,0,55.332
739220000,739220000,0.9380202,-0.065622605,0.33954242,0.023060104,0.0,0.0,0.0,0.0,0,55.352
739240000,739240000,0.9405968,-0.06404898,0.33262786,0.02330669,0.0,0.0,0.0,0.0,0,55.372
739260000,739260000,0.94336665,-0.062371463,0.32500207,0.023492575,0.0,0.0,0.0,0.0,0,55.392
739280000,739280000,0.9463175,-0.06058426,0.3166453,0.023612995,0.0,0.0,0.0,0.0,0,55.412
739300000,739300000,0.94941443,-0.05870157,0.30759612,0.023666535,0.0,0.0,0.0,0.0,0,55.432
739320000,739320000,0.95261514,-0.056721188,0.29792127,0.02364531,0.0,0.0,0.0,0.0,0,55.452
739340000,739340000,0.9558939,-0.05465802,0.287635,0.023550961,0.0,0.0,0.0,0.0,0,55.472
739360000,739360000,0.9592223,-0.05250258,0.2767645,0.023377294,0.0,0.0,0.0,0.0,0,55.492
739380000,739380000,0.96257764,-0.050264176,0.26531518,0.023125784,0.0,0.0,0.0,0.0,0,55.512
739400000,739400000,0.9659273,-0.047945596,0.25332814,0.022794446,0.0,0.0,0.0,0.0,0,55.532
739420000,739420000,0.9692464,-0.04555219,0.24082036,0.022384973,0.0,0.0,0.0,0.0,0,55.552
739440000,739440000,0.9725021,-0.04308398,0.22784445,0.02189643,0.0,0.0,0.0,0.0,0,55.572
739460000,739460000,0.9756687,-0.0405454,0.21443118,0.021330658,0.0,0.0,0.0,0.0,0,55.592
739480000,739480000,0.978716,-0.037945602,0.20063926,0.020690085,0.0,0.0,0.0,0.0,0,55.612
739500000,739500000,0.9816225,-0.03529437,0.18649784,0.019979425,0.0,0.0,0.0,0.0,0,55.632
739520000,739520000,0.9843616,-0.032595605,0.17207627,0.019201197,0.0,0.0,0.0,0.0,0,55.652
739540000,739540000,0.9869177,-0.02984323,0.15740074,0.018358946,0.0,0.0,0.0,0.0,0,55.672
739560000,739560000,0.98926705,-0.027056154,0.14255846,0.017458778,0.0,0.0,0.0,0.0,0,55.692
739580000,739580000,0.9913948,-0.024226118,0.12761703,0.016504092,0.0,0.0,0.0,0.0,0,55.712
739600000,739600000,0.9932896,-0.021383666,0.11263796,0.015504177,0.0,0.0,0.0,0.0,0,55.732
739620000,739620000,0.9949464,-0.018526249,0.09766401,0.014465264,0.0,0.0,0.0,0.0,0,55.752
739640000,739640000,0.9963607,-0.015678499,0.08275943,0.013396047,0.0,0.0,0.0,0.0,0,55.772
739660000,739660000,0.99753296,-0.012819592,0.067981414,0.012301478,0.0,0.0,0.0,0.0,0,55.792
739680000,739680000,0.99846596,-0.009983109,0.053384323,0.011191003,0.0,0.0,0.0,0.0,0,55.812
739700000,739700000,0.99916655,-0.007154782,0.039021287,0.010071684,0.0,0.0,0.0,0.0,0,55.832
739720000,739720000,0.9996438,-0.0043693683,0.024941972,0.008952382,0.0,0.0,0.0,0.0,0,55.852
739740000,739740000,0.99990994,-0.001604035,0.011190778,0.007840434,0.0,0.0,0.0,0.0,0,55.872
739760000,739760000,0.9999788,0.0010982358,-0.0021967345,0.0067435433,0.0,0.0,0.0,0.0,0,55.892
739780000,739780000,0.99986625,0.0037547743,-0.015176352,0.005669151,0.0,0.0,0.0,0.0,0,55.912
739800000,739800000,0.999589,0.006332527,-0.027738795,0.0046235817,0.0,0.0,0.0,0.0,0,55.932
739820000,739820000,0.9991636,0.008865218,-0.03986842,0.0036148808,0.0,0.0,0.0,0.0,0,55.952
739840000,739840000,0.9986084,0.0113045,-0.05153174,0.0026480502,0.0,0.0,0.0,0.0,0,55.972
739860000,739860000,0.9979406,0.013678293,-0.06271776,0.001730058,0.0,0.0,0.0,0.0,0,55.992
739880000,739880000,0.9971771,0.015951453,-0.073428445,0.000863754,0.0,0.0,0.0,0.0,0,56.012
739900000,739900000,0.9963327,0.018145801,-0.08367201,5.4852142e-05,0.0,0.0,0.0,0.0,0,56.032
739920000,739920000,0.99542487,0.020223347,-0.09342922,-0.0006952611,0.0,0.0,0.0,0.0,0,56.052
739940000,739940000,0.9944667,0.02221543,-0.102711484,-0.0013802184,0.0,0.0,0.0,0.0,0,56.072
739960000,739960000,0.993473,0.024090378,-0.11151732,-0.0020000897,0.0,0.0,0.0,0.0,0,56.092
739980000,739980000,0.9924544,0.025871124,-0.1198648,-0.002550562,0.0,0.0,0.0,0.0,0,56.112
740000000,740000000,0.9914246,0.027537042,-0.12774545,-0.003032092,0.0,0.0,0.0,0.0,0,56.132
740020000,740020000,0.99039155,0.02910424,-0.13518424,-0.0034420013,0.0,0.0,0.0,0.0,0,56.152
740040000,740040000,0.9893665,0.030552473,-0.14218079,-0.0037822642,0.0,0.0,0.0,0.0,0,56.172
740060000,740060000,0.98835695,0.031894363,-0.14874801,-0.0040512616,0.0,0.0,0.0,0.0,0,56.192
740080000,740080000,0.98737127,0.033127096,-0.15489244,-0.0042496957,0.0,0.0,0.0,0.0,0,56.212
740100000,740100000,0.98641276,0.03425299,-0.1606439,-0.0043791765,0.0,0.0,0.0,0.0,0,56.232
740120000,740120000,0.98548937,0.03526822,-0.16600078,-0.004441668,0.0,0.0,0.0,0.0,0,56.252
740140000,740140000,0.9846047,0.036187135,-0.17097782,-0.004437127,0.0,0.0,0.0,0.0,0,56.272
740160000,740160000,0.9837636,0.037005197,-0.17558429,-0.0043683215,0.0,0.0,0.0,0.0,0,56.292
740180000,740180000,0.98296684,0.03772757,-0.17984428,-0.0042377254,0.0,0.0,0.0,0.0,0,56.312
740200000,740200000,0.98222077,0.038355492,-0.18374974,-0.0040474143,0.0,0.0,0.0,0.0,0,56.332
740220000,740220000,0.9815262,0.038886838,-0.18732011,-0.0038020357,0.0,0.0,0.0,0.0,0,56.352
740240000,740240000,0.98088545,0.0393247,-0.1905627,-0.0035048728,0.0,0.0,0.0,0.0,0,56.372
740260000,740260000,0.98029846,0.039684165,-0.19349217,-0.003156898,0.0,0.0,0.0,0.0,0,56.392
740280000,740280000,0.97976273,0.03996232,-0.19613637,-0.0027632455,0.0,0.0,0.0,0.0,0,56.412
740300000,740300000,0.97928035,0.040168133,-0.19849472,-0.0023263053,0.0,0.0,0.0,0.0,0,56.432
740320000,740320000,0.9788514,0.040305167,-0.20057702,-0.0018496419,0.0,0.0,0.0,0.0,0,56.452
740340000,740340000,0.97847617,0.04036871,-0.20239085,-0.0013390147,0.0,0.0,0.0,0.0,0,56.472
740360000,740360000,0.9781535,0.04036858,-0.20394723,-0.0007970079,0.0,0.0,0.0,0.0,0,56.492
740380000,740380000,0.9778815,0.04031234,-0.2052601,-0.0002268746,0.0,0.0,0.0,0.0,0,56.512
740400000,740400000,0.97765833,0.040200897,-0.20634207,0.00036684528,0.0,0.0,0.0,0.0,0,56.532
740420000,740420000,0.97748375,0.04004378,-0.20719601,0.0009815856,0.0,0.0,0.0,0.0,0,56.552
740440000,740440000,0.97735745,0.039848976,-0.20782438,0.0016145022,0.0,0.0,0.0,0.0,0,56.572
740460000,740460000,0.9772768,0.039617434,-0.20824157,0.002261119,0.0,0.0,0.0,0.0,0,56.592
740480000,740480000,0.97724044,0.03935239,-0.2084541,0.0029176383,0.0,0.0,0.0,0.0,0,56.612
740500000,740500000,0.97724706,0.039052706,-0.2084691,0.0035793344,0.0,0.0,0.0,0.0,0,56.632
740520000,740520000,0.9772948,0.038717747,-0.20829514,0.0042416523,0.0,0.0,0.0,0.0,0,56.652
740540000,740540000,0.97738206,0.038356412,-0.2079379,0.0049022236,0.0,0.0,0.0,0.0,0,56.672
740560000,740560000,0.9775082,0.037975572,-0.20739764,0.00555852,0.0,0.0,0.0,0.0,0,56.692
740580000,740580000,0.97767067,0.037572097,-0.20668583,0.006205971,0.0,0.0,0.0,0.0,0,56.712
740600000,740600000,0.97786623,0.03714943,-0.20581505,0.0068412432,0.0,0.0,0.0,0.0,0,56.732
740620000,740620000,0.9780938,0.03671254,-0.204788,0.0074620047,0.0,0.0,0.0,0.0,0,56.752
740640000,740640000,0.9783534,0.036264908,-0.20360138,0.008066069,0.0,0.0,0.0,0.0,0,56.772
740660000,740660000,0.9786433,0.035801753,-0.20226191,0.008649058,0.0,0.0,0.0,0.0,0,56.792
740680000,740680000,0.9789603,0.03533151,-0.20078039,0.009209607,0.0,0.0,0.0,0.0,0,56.812
740700000,740700000,0.97930384,0.03486319,-0.19915478,0.009747091,0.0,0.0,0.0,0.0,0,56.832
740720000,740720000,0.9796715,0.034392476,-0.19739506,0.010257632,0.0,0.0,0.0,0.0,0,56.852
740740000,740740000,0.9800632,0.033914674,-0.19549872,0.010738186,0.0,0.0,0.0,0.0,0,56.872
740760000,740760000,0.98047566,0.03343223,-0.19347793,0.011187033,0.0,0.0,0.0,0.0,0,56.892
740780000,740780000,0.9809064,0.032945566,-0.19134185,0.011602023,0.0,0.0,0.0,0.0,0,56.912
740800000,740800000,0.98135287,0.032459974,-0.18909888,0.011982167,0.0,0.0,0.0,0.0,0,56.932
740820000,740820000,0.98181486,0.031977635,-0.18674627,0.012326629,0.0,0.0,0.0,0.0,0,56.952
740840000,740840000,0.9822895,0.031501647,-0.18429446,0.01263442,0.0,0.0,0.0,0.0,0,56.972
740860000,740860000,0.98277676,0.031030169,-0.18174036,0.012904658,0.0,0.0,0.0,0.0,0,56.992
740880000,740880000,0.98327297,0.030568322,-0.17909859,0.0131373415,0.0,0.0,0.0,0.0,0,57.012
740900000,740900000,0.98377734,0.030114872,-0.17637058,0.013331489,0.0,0.0,0.0,0.0,0,57.032
740920000,740920000,0.98428804,0.02967419,-0.17356169,0.013487562,0.0,0.0,0.0,0.0,0,57.052
740940000,740940000,0.9848051,0.02923865,-0.17066948,0.013604301,0.0,0.0,0.0,0.0,0,57.072
740960000,740960000,0.98532516,0.028812254,-0.16770847,0.013682062,0.0,0.0,0.0,0.0,0,57.092
740980000,740980000,0.98584837,0.028392814,-0.1646744,0.0137211075,0.0,0.0,0.0,0.0,0,57.112
741000000,741000000,0.9863715,0.027983315,-0.16158283,0.013721987,0.0,0.0,0.0,0.0,0,57.132
741020000,741020000,0.9868941,0.02757736,-0.15843442,0.013684418,0.0,0.0,0.0,0.0,0,57.152
741040000,741040000,0.98741233,0.027178679,-0.1552484,0.0136091765,0.0,0.0,0.0,0.0,0,57.172
741060000,741060000,0.9879272,0.026778426,-0.1520188,0.013496132,0.0,0.0,0.0,0.0,0,57.192
741080000,741080000,0.9884358,0.026385969,-0.14875935,0.013347895,0.0,0.0,0.0,0.0,0,57.212
741100000,741100000,0.9889393,0.02599445,-0.14546183,0.013165,0.0,0.0,0.0,0.0,0,57.232
741120000,741120000,0.9894349,0.02560894,-0.14214148,0.012949133,0.0,0.0,0.0,0.0,0,57.252
741140000,741140000,0.9899225,0.025220992,-0.13879879,0.012700668,0.0,0.0,0.0,0.0,0,57.272
741160000,741160000,0.9903994,0.024843438,-0.13544944,0.012422475,0.0,0.0,0.0,0.0,0,57.292
741180000,741180000,0.9908669,0.024472909,-0.13208392,0.012116271,0.0,0.0,0.0,0.0,0,57.312
741200000,741200000,0.9913232,0.024116851,-0.12871294,0.011784653,0.0,0.0,0.0,0.0,0,57.332
741220000,741220000,0.99176973,0.023760183,-0.12532681,0.011427789,0.0,0.0,0.0,0.0,0,57.352
741240000,741240000,0.99220437,0.023416622,-0.12193897,0.01104927,0.0,0.0,0.0,0.0,0,57.372
741260000,741260000,0.9926279,0.023073772,-0.11854591,0.010649411,0.0,0.0,0.0,0.0,0,57.392
741280000,741280000,0.99303865,0.022737589,-0.11515919,0.0102308905,0.0,0.0,0.0,0.0,0,57.412
741300000,741300000,0.9934369,0.022398828,-0.11177963,0.009794423,0.0,0.0,0.0,0.0,0,57.432
741320000,741320000,0.9938213,0.022064112,-0.10841684,0.009342515,0.0,0.0,0.0,0.0,0,57.452
741340000,741340000,0.99419284,0.021721656,-0.105067044,0.008876128,0.0,0.0,0.0,0.0,0,57.472
741360000,741360000,0.99455047,0.021384869,-0.10173782,0.008398584,0.0,0.0,0.0,0.0,0,57.492
741380000,741380000,0.9948946,0.021043422,-0.098429486,0.007910763,0.0,0.0,0.0,0.0,0,57.512
741400000,741400000,0.99522406,0.020709217,-0.09515395,0.0074155866,0.0,0.0,0.0,0.0,0,57.532
741420000,741420000,0.99553984,0.020369781,-0.091906376,0.0069137975,0.0,0.0,0.0,0.0,0,57.552
741440000,741440000,0.9958417,0.020030443,-0.088691525,0.0064079394,0.0,0.0,0.0,0.0,0,57.572
741460000,741460000,0.9961299,0.019683817,-0.0855108,0.005899294,0.0,0.0,0.0,0.0,0,57.592
741480000,741480000,0.9964042,0.019339647,-0.08236936,0.005390496,0.0,0.0,0.0,0.0,0,57.612
741500000,741500000,0.9966649,0.018989319,-0.07927008,0.0048824847,0.0,0.0,0.0,0.0,0,57.632
741520000,741520000,0.99691194,0.01864091,-0.076217026,0.004377251,0.0,0.0,0.0,0.0,0,57.652
741540000,741540000,0.9971461,0.018285638,-0.073207535,0.0038760172,0.0,0.0,0.0,0.0,0,57.672
741560000,741560000,0.9973672,0.017930394,-0.070248306,0.0033804972,0.0,0.0,0.0,0.0,0,57.692
741580000,741580000,0.99757564,0.01756702,-0.067342706,0.0028915242,0.0,0.0,0.0,0.0,0,57.712
741600000,741600000,0.9977712,0.017203998,-0.06449787,0.0024111827,0.0,0.0,0.0,0.0,0,57.732
741620000,741620000,0.9979545,0.016838912,-0.061713673,0.0019404035,0.0,0.0,0.0,0.0,0,57.752
741640000,741640000,0.9981265,0.016474787,-0.058983244,0.0014806179,0.0,0.0,0.0,0.0,0,57.772
741660000,741660000,0.9982877,0.016105017,-0.056306385,0.0010326706,0.0,0.0,0.0,0.0,0,57.792
741680000,741680000,0.9984381,0.01573286,-0.05368963,0.00059762987,0.0,0.0,0.0,0.0,0,57.812
741700000,741700000,0.9985776,0.015354754,-0.0511479,0.00017632588,0.0,0.0,0.0,0.0,0,57.832
741720000,741720000,0.998707,0.014974992,-0.04867425,-0.00023050849,0.0,0.0,0.0,0.0,0,57.852
741740000,741740000,0.99882674,0.014588236,-0.04627183,-0.00062246504,0.0,0.0,0.0,0.0,0,57.872
741760000,741760000,0.9989376,0.014195946,-0.04393496,-0.0009988709,0.0,0.0,0.0,0.0,0,57.892
741780000,741780000,0.99904025,0.013796324,-0.041659802,-0.0013592332,0.0,0.0,0.0,0.0,0,57.912
741800000,741800000,0.99913514,0.013396713,-0.03944254,-0.0017023755,0.0,0.0,0.0,0.0,0,57.932
741820000,741820000,0.99922246,0.012995689,-0.037291035,-0.0020277968,0.0,0.0,0.0,0.0,0,57.952
741840000,741840000,0.9993028,0.012593688,-0.03519813,-0.0023353258,0.0,0.0,0.0,0.0,0,57.972
741860000,741860000,0.99937683,0.012184449,-0.03316083,-0.0026248698,0.0,0.0,0.0,0.0,0,57.992
741880000,741880000,0.9994445,0.011772373,-0.03119006,-0.0028961715,0.0,0.0,0.0,0.0,0,58.012
741900000,741900000,0.9995058,0.011361493,-0.029295709,-0.0031491674,0.0,0.0,0.0,0.0,0,58.032
741920000,741920000,0.9995615,0.010953239,-0.027469104,-0.0033836914,0.0,0.0,0.0,0.0,0,58.052
741940000,741940000,0.99961185,0.0105464915,-0.025711387,-0.003600112,0.0,0.0,0.0,0.0,0,58.072
741960000,741960000,0.9996575,0.010143044,-0.02401443,-0.0037982562,0.0,0.0,0.0,0.0,0,58.092
741980000,741980000,0.99969876,0.009746182,-0.022376098,-0.0039782417,0.0,0.0,0.0,0.0,0,58.112
742000000,742000000,0.9997359,0.009346467,-0.020802783,-0.0041405903,0.0,0.0,0.0,0.0,0,58.132
742020000,742020000,0.99976903,0.008950854,-0.019300446,-0.004285931,0.0,0.0,0.0,0.0,0,58.152
742040000,742040000,0.99979866,0.0085684825,-0.017856292,-0.0044142692,0.0,0.0,0.0,0.0,0,58.172
742060000,742060000,0.999825,0.008188824,-0.016479284,-0.004526356,0.0,0.0,0.0,0.0,0,58.192
742080000,742080000,0.99984854,0.007814158,-0.015150052,-0.0046223523,0.0,0.0,0.0,0.0,0,58.212
742100000,742100000,0.9998695,0.0074384105,-0.013876924,-0.0047028656,0.0,0.0,0.0,0.0,0,58.232
742120000,742120000,0.9998881,0.007061877,-0.012657635,-0.0047686603,0.0,0.0,0.0,0.0,0,58.252
742140000,742140000,0.9999044,0.006689116,-0.011500745,-0.0048203617,0.0,0.0,0.0,0.0,0,58.272
742160000,742160000,0.9999187,0.006326056,-0.010398434,-0.0048578787,0.0,0.0,0.0,0.0,0,58.292
742180000,742180000,0.9999311,0.005967817,-0.009352115,-0.004882213,0.0,0.0,0.0,0.0,0,58.312
742200000,742200000,0.9999419,0.00560826,-0.008362058,-0.0048941453,0.0,0.0,0.0,0.0,0,58.332
742220000,742220000,0.9999511,0.005257978,-0.007430809,-0.004894559,0.0,0.0,0.0,0.0,0,58.352
742240000,742240000,0.99995905,0.004919228,-0.006551181,-0.0048840004,0.0,0.0,0.0,0.0,0,58.372
742260000,742260000,0.9999658,0.0045959465,-0.005722566,-0.0048630503,0.0,0.0,0.0,0.0,0,58.392
742280000,742280000,0.9999715,0.004286339,-0.004934062,-0.004832296,0.0,0.0,0.0,0.0,0,58.412
742300000,742300000,0.9999764,0.0039841626,-0.0041820565,-0.004792145,0.0,0.0,0.0,0.0,0,58.432
742320000,742320000,0.99998045,0.0036909168,-0.0034806693,-0.0047437483,0.0,0.0,0.0,0.0,0,58.452
742340000,742340000,0.9999837,0.0034009633,-0.0028442305,-0.0046878937,0.0,0.0,0.0,0.0,0,58.472
742360000,742360000,0.9999864,0.003120661,-0.0022590663,-0.004625224,0.0,0.0,0.0,0.0,0,58.492
742380000,742380000,0.9999886,0.0028558925,-0.0017051995,-0.0045566508,0.0,0.0,0.0,0.0,0,58.512
742400000,742400000,0.99999046,0.0025978454,-0.0011793259,-0.0044827494,0.0,0.0,0.0,0.0,0,58.532
742420000,742420000,0.9999919,0.0023455452,-0.0006868891,-0.0044040363,0.0,0.0,0.0,0.0,0,58.552
742440000,742440000,0.99999297,0.0021049967,-0.00023289521,-0.0043209796,0.0,0.0,0.0,0.0,0,58.572
742460000,742460000,0.9999938,0.0018763443,0.00018036431,-0.004234074,0.0,0.0,0.0,0.0,0,58.592
742480000,742480000,0.99999446,0.0016545585,0.00055945147,-0.0041437647,0.0,0.0,0.0,0.0,0,58.612
742500000,742500000,0.99999493,0.0014350706,0.0009057963,-0.004050725,0.0,0.0,0.0,0.0,0,58.632
742520000,742520000,0.99999523,0.0012257885,0.0012311034,-0.003955907,0.0,0.0,0.0,0.0,0,58.652
742540000,742540000,0.9999954,0.0010284611,0.0015243829,-0.0038604133,0.0,0.0,0.0,0.0,0,58.672
742560000,742560000,0.9999955,0.00084580044,0.001776622,-0.003764499,0.0,0.0,0.0,0.0,0,58.692
742580000,742580000,0.9999956,0.00067591795,0.001996245,-0.0036683958,0.0,0.0,0.0,0.0,0,58.712
742600000,742600000,0.9999956,0.0005176992,0.0022109807,-0.0035726302,0.0,0.0,0.0,0.0,0,58.732
742620000,742620000,0.9999955,0.0003719675,0.002405126,-0.0034770991,0.0,0.0,0.0,0.0,0,58.752
742640000,742640000,0.99999547,0.0002412645,0.002577186,-0.0033826933,0.0,0.0,0.0,0.0,0,58.772
742660000,742660000,0.9999954,0.0001287195,0.0027336613,-0.0032897615,0.0,0.0,0.0,0.0,0,58.792
742680000,742680000,0.9999953,3.1402553e-05,0.0028740189,-0.0031985878,0.0,0.0,0.0,0.0,0,58.812
742700000,742700000,0.99999523,-5.5980126e-05,0.002995537,-0.0031093839,0.0,0.0,0.0,0.0,0,58.832
742720000,742720000,0.9999952,-0.0001315253,0.0030969668,-0.0030223248,0.0,0.0,0.0,0.0,0,58.852
742740000,742740000,0.9999952,-0.00019148762,0.003182207,-0.0029373248,0.0,0.0,0.0,0.0,0,58.872
742760000,742760000,0.9999952,-0.00023574942,0.0032562157,-0.0028546124,0.0,0.0,0.0,0.0,0,58.892
742780000,742780000,0.9999952,-0.00026705797,0.003323492,-0.0027749103,0.0,0.0,0.0,0.0,0,58.912
742800000,742800000,0.9999952,-0.00028913483,0.0033744518,-0.0026991123,0.0,0.0,0.0,0.0,0,58.932
742820000,742820000,0.99999523,-0.00029780305,0.0034144807,-0.0026273783,0.0,0.0,0.0,0.0,0,58.952
742840000,742840000,0.9999953,-0.00029334927,0.0034415172,-0.0025597196,0.0,0.0,0.0,0.0,0,58.972
742860000,742860000,0.9999954,-0.00027761018,0.0034569253,-0.0024959366,0.0,0.0,0.0,0.0,0,58.992
742880000,742880000,0.9999955,-0.00025469405,0.0034721992,-0.0024360495,0.0,0.0,0.0,0.0,0,59.012
742900000,742900000,0.9999956,-0.00022723211,0.0034869523,-0.0023798572,0.0,0.0,0.0,0.0,0,59.032
742920000,742920000,0.9999957,-0.00019341937,0.0035002374,-0.002327593,0.0,0.0,0.0,0.0,0,59.052
742940000,742940000,0.9999958,-0.00015541381,0.0035053177,-0.0022789352,0.0,0.0,0.0,0.0,0,59.072
742960000,742960000,0.9999959,-0.00011552516,0.0035049513,-0.0022340126,0.0,0.0,0.0,0.0,0,59.092
742980000,742980000,0.999996,-6.797841e-05,0.0035083464,-0.0021929578,0.0,0.0,0.0,0.0,0,59.112
743000000,743000000,0.99999607,-1.0230375e-05,0.0035051766,-0.0021559142,0.0,0.0,0.0,0.0,0,59.132
743020000,743020000,0.9999962,5.2123898e-05,0.0034963978,-0.0021228327,0.0,0.0,0.0,0.0,0,59.152
743040000,743040000,0.99999624,0.0001170515,0.0034979868,-0.0020935112,0.0,0.0,0.0,0.0,0,59.172
743060000,743060000,0.9999963,0.00019057313,0.00349256,-0.002067996,0.0,0.0,0.0,0.0,0,59.192
743080000,743080000,0.99999636,0.00026311298,0.0034793492,-0.0020462235,0.0,0.0,0.0,0.0,0,59.212
743096000,743096000,0.99999636,0.00031951148,0.0034830081,-0.002031474,0.0,0.0,0.0,0.0,0,59.228
743116000,743116000,0.9999963,0.00039259827,0.0034957477,-0.0020162833,0.0,0.0,0.0,0.0,0,59.248
743136000,743136000,0.9999963,0.0004682009,0.003494714,-0.0020045594,0.0,0.0,0.0,0.0,0,59.268
743156000,743156000,0.9999963,0.00054320745,0.0034889516,-0.0019956601,0.0,0.0,0.0,0.0,0,59.288
743176000,743176000,0.9999963,0.00061418745,0.0034873744,-0.0019893546,0.0,0.0,0.0,0.0,0,59.308
743196000,743196000,0.99999624,0.0006857742,0.0034864226,-0.0019858256,0.0,0.0,0.0,0.0,0,59.328
743216000,743216000,0.99999624,0.00075769273,0.003470546,-0.001984998,0.0,0.0,0.0,0.0,0,59.348
743236000,743236000,0.9999963,0.00082752825,0.0034490346,-0.001986258,0.0,0.0,0.0,0.0,0,59.368
743256000,743256000,0.9999963,0.0008977103,0.0034260114,-0.0019896785,0.0,0.0,0.0,0.0,0,59.388
743276000,743276000,0.9999963,0.0009701689,0.00340271,-0.0019950625,0.0,0.0,0.0,0.0,0,59.408
743296000,743296000,0.9999963,0.0010425412,0.0033804146,-0.0020021987,0.0,0.0,0.0,0.0,0,59.428
743316000,743316000,0.9999963,0.001110993,0.0033560912,-0.0020108446,0.0,0.0,0.0,0.0,0,59.448
743336000,743336000,0.9999963,0.0011744595,0.0033280095,-0.0020211288,0.0,0.0,0.0,0.0,0,59.468
743356000,743356000,0.9999963,0.0012346474,0.00329593,-0.0020329717,0.0,0.0,0.0,0.0,0,59.488
743376000,743376000,0.99999636,0.0012877666,0.0032538767,-0.0020462594,0.0,0.0,0.0,0.0,0,59.508
743396000,743396000,0.9999964,0.0013375126,0.0032021871,-0.0020612597,0.0,0.0,0.0,0.0,0,59.528
743416000,743416000,0.9999965,0.0013828165,0.0031454824,-0.0020776943,0.0,0.0,0.0,0.0,0,59.548
743436000,743436000,0.9999966,0.0014226065,0.003084409,-0.0020957163,0.0,0.0,0.0,0.0,0,59.568
743456000,743456000,0.99999666,0.0014608459,0.0030228698,-0.0021154888,0.0,0.0,0.0,0.0,0,59.588
743476000,743476000,0.9999968,0.0014955765,0.0029591531,-0.0021366172,0.0,0.0,0.0,0.0,0,59.608
743496000,743496000,0.9999969,0.001525795,0.0028859004,-0.0021591568,0.0,0.0,0.0,0.0,0,59.628
743516000,743516000,0.999997,0.0015617037,0.002805446,-0.002182719,0.0,0.0,0.0,0.0,0,59.648
743536000,743536000,0.9999971,0.0016102716,0.002733498,-0.0022071614,0.0,0.0,0.0,0.0,0,59.668
743556000,743556000,0.99999714,0.0016667013,0.0026576198,-0.0022319541,0.0,0.0,0.0,0.0,0,59.688
743576000,743576000,0.99999726,0.0017256439,0.0025609469,-0.00225691,0.0,0.0,0.0,0.0,0,59.708
743596000,743596000,0.9999973,0.0017855798,0.0024538867,-0.002282008,0.0,0.0,0.0,0.0,0,59.728
743616000,743616000,0.99999744,0.0018515951,0.0023476125,-0.002307233,0.0,0.0,0.0,0.0,0,59.748
743636000,743636000,0.9999975,0.0019240418,0.002240028,-0.0023321852,0.0,0.0,0.0,0.0,0,59.768
743656000,743656000,0.9999975,0.0020027757,0.0021286677,-0.0023568254,0.0,0.0,0.0,0.0,0,59.788
743676000,743676000,0.9999975,0.0020843719,0.0020150032,-0.0023813588,0.0,0.0,0.0,0.0,0,59.808
743696000,743696000,0.99999756,0.0021599047,0.0018945134,-0.0024061112,0.0,0.0,0.0,0.0,0,59.828
743716000,743716000,0.99999756,0.002228881,0.0017673166,-0.002430241,0.0,0.0,0.0,0.0,0,59.848
743736000,743736000,0.99999756,0.0022955614,0.0016364058,-0.0024533253,0.0,0.0,0.0,0.0,0,59.868
743756000,743756000,0.99999756,0.0023550075,0.001509371,-0.0024752545,0.0,0.0,0.0,0.0,0,59.888
743776000,743776000,0.99999756,0.0024171576,0.0013696528,-0.0024962747,0.0,0.0,0.0,0.0,0,59.908
743796000,743796000,0.9999976,0.0024714533,0.0012217332,-0.002516131,0.0,0.0,0.0,0.0,0,59.928
743816000,743816000,0.9999976,0.0025118298,0.0010779954,-0.0025345779,0.0,0.0,0.0,0.0,0,59.948
743836000,743836000,0.9999976,0.0025485174,0.0009324409,-0.0025515833,0.0,0.0,0.0,0.0,0,59.968
743856000,743856000,0.9999976,0.0025841529,0.00078498526,-0.0025671634,0.0,0.0,0.0,0.0,0,59.988
743876000,743876000,0.9999976,0.0026092173,0.0006455476,-0.0025813067,0.0,0.0,0.0,0.0,0,60.008
743896000,743896000,0.9999976,0.0026349428,0.00050363323,-0.002594043,0.0,0.0,0.0,0.0,0,60.028
743916000,743916000,0.99999756,0.0026609947,0.0003591653,-0.0026053418,0.0,0.0,0.0,0.0,0,60.048
743936000,743936000,0.9999975,0.0026788854,0.00022110957,-0.0026149978,0.0,0.0,0.0,0.0,0,60.068
743956000,743956000,0.9999975,0.0026966562,8.0838065e-05,-0.0026232598,0.0,0.0,0.0,0.0,0,60.088
743976000,743976000,0.9999974,0.0027158416,-6.285345e-05,-0.0026302212,0.0,0.0,0.0,0.0,0,60.108
743996000,743996000,0.9999973,0.0027248366,-0.00019884192,-0.0026360166,0.0,0.0,0.0,0.0,0,60.128
744016000,744016000,0.99999726,0.0027304054,-0.00033362993,-0.002640787,0.0,0.0,0.0,0.0,0,60.148
744036000,744036000,0.9999972,0.002730502,-0.00046561798,-0.0026450243,0.0,0.0,0.0,0.0,0,60.168
744056000,744056000,0.99999714,0.0027230124,-0.0005924616,-0.0026486483,0.0,0.0,0.0,0.0,0,60.188
744076000,744076000,0.9999971,0.0027113804,-0.0007179918,-0.0026515268,0.0,0.0,0.0,0.0,0,60.208
744096000,744096000,0.999997,0.0027026662,-0.0008491772,-0.002654231,0.0,0.0,0.0,0.0,0,60.228
744116000,744116000,0.99999696,0.0026842598,-0.0009815018,-0.0026568123,0.0,0.0,0.0,0.0,0,60.248
744136000,744136000,0.9999969,0.0026487699,-0.0011114206,-0.002658763,0.0,0.0,0.0,0.0,0,60.268
744156000,744156000,0.99999684,0.0026004834,-0.0012412126,-0.0026601579,0.0,0.0,0.0,0.0,0,60.288
744176000,744176000,0.99999684,0.002547805,-0.0013601328,-0.0026610778,0.0,0.0,0.0,0.0,0,60.308
744196000,744196000,0.99999684,0.0024889088,-0.0014703752,-0.0026612526,0.0,0.0,0.0,0.0,0,60.328
744216000,744216000,0.99999684,0.002414322,-0.0015906432,-0.0026608922,0.0,0.0,0.0,0.0,0,60.348
744236000,744236000,0.99999684,0.002324998,-0.0017043424,-0.0026600107,0.0,0.0,0.0,0.0,0,60.368
744256000,744256000,0.9999969,0.002228531,-0.0018068085,-0.0026589176,0.0,0.0,0.0,0.0,0,60.388
744276000,744276000,0.99999696,0.002121315,-0.0019109154,-0.0026576244,0.0,0.0,0.0,0.0,0,60.408
744296000,744296000,0.999997,0.0020032555,-0.002004203,-0.0026560617,0.0,0.0,0.0,0.0,0,60.428
744316000,744316000,0.9999971,0.0018811004,-0.0020838492,-0.0026543878,0.0,0.0,0.0,0.0,0,60.448
744336000,744336000,0.99999714,0.0017548845,-0.0021593608,-0.0026526474,0.0,0.0,0.0,0.0,0,60.468
744356000,744356000,0.9999972,0.0016273422,-0.0022361497,-0.0026507422,0.0,0.0,0.0,0.0,0,60.488
744376000,744376000,0.99999726,0.0014973293,-0.0023132362,-0.0026488008,0.0,0.0,0.0,0.0,0,60.508
744396000,744396000,0.99999726,0.0013627436,-0.0023863125,-0.002647088,0.0,0.0,0.0,0.0,0,60.528
744416000,744416000,0.9999973,0.0012217654,-0.0024537889,-0.0026456795,0.0,0.0,0.0,0.0,0,60.548
744436000,744436000,0.9999973,0.001076051,-0.0025146753,-0.0026447491,0.0,0.0,0.0,0.0,0,60.568
744456000,744456000,0.9999973,0.0009323681,-0.0025655774,-0.002644087,0.0,0.0,0.0,0.0,0,60.588
744476000,744476000,0.9999973,0.0007937872,-0.002611304,-0.0026436287,0.0,0.0,0.0,0.0,0,60.608
744496000,744496000,0.9999973,0.00066111056,-0.0026537029,-0.002643508,0.0,0.0,0.0,0.0,0,60.628
744516000,744516000,0.9999973,0.0005228083,-0.0026928403,-0.0026441417,0.0,0.0,0.0,0.0,0,60.648
744536000,744536000,0.99999726,0.00037976852,-0.0027280706,-0.002645563,0.0,0.0,0.0,0.0,0,60.668
744556000,744556000,0.9999972,0.00023819653,-0.0027555968,-0.002647788,0.0,0.0,0.0,0.0,0,60.688
744576000,744576000,0.9999972,9.80253e-05,-0.0027773364,-0.0026507443,0.0,0.0,0.0,0.0,0,60.708
744596000,744596000,0.9999971,-4.283662e-05,-0.002800819,-0.0026540868,0.0,0.0,0.0,0.0,0,60.728
744616000,744616000,0.999997,-0.00018280183,-0.0028271182,-0.002658117,0.0,0.0,0.0,0.0,0,60.748
744636000,744636000,0.9999969,-0.00031642686,-0.0028511635,-0.002662669,0.0,0.0,0.0,0.0,0,60.768
744656000,744656000,0.9999968,-0.00044317773,-0.002867281,-0.0026675905,0.0,0.0,0.0,0.0,0,60.788
744676000,744676000,0.9999967,-0.0005682217,-0.0028705983,-0.0026727077,0.0,0.0,0.0,0.0,0,60.808
744696000,744696000,0.9999966,-0.0006906708,-0.0028742624,-0.002678205,0.0,0.0,0.0,0.0,0,60.828
744716000,744716000,0.9999965,-0.0008053046,-0.0028779514,-0.0026840868,0.0,0.0,0.0,0.0,0,60.848
744736000,744736000,0.99999636,-0.0009130271,-0.0028751225,-0.0026902896,0.0,0.0,0.0,0.0,0,60.868
744756000,744756000,0.9999963,-0.0010099475,-0.002863589,-0.0026968506,0.0,0.0,0.0,0.0,0,60.888
744776000,744776000,0.99999624,-0.0010980102,-0.0028469113,-0.0027037046,0.0,0.0,0.0,0.0,0,60.908
744796000,744796000,0.9999962,-0.0011796459,-0.0028289703,-0.0027107494,0.0,0.0,0.0,0.0,0,60.928
744816000,744816000,0.9999961,-0.0012542336,-0.0028115984,-0.0027179336,0.0,0.0,0.0,0.0,0,60.948
744836000,744836000,0.99999607,-0.0013183168,-0.002789702,-0.0027254494,0.0,0.0,0.0,0.0,0,60.968
744856000,744856000,0.99999607,-0.0013712613,-0.0027639153,-0.0027332339,0.0,0.0,0.0,0.0,0,60.988
744876000,744876000,0.99999607,-0.0014181361,-0.0027253267,-0.002741317,0.0,0.0,0.0,0.0,0,61.008
744896000,744896000,0.9999961,-0.0014587463,-0.002676308,-0.002749685,0.0,0.0,0.0,0.0,0,61.028
744916000,744916000,0.9999962,-0.0014937745,-0.0026208654,-0.0027583342,0.0,0.0,0.0,0.0,0,61.048
744936000,744936000,0.9999963,-0.0015274921,-0.0025599462,-0.0027672574,0.0,0.0,0.0,0.0,0,61.068
744956000,744956000,0.99999636,-0.0015545492,-0.0024970924,-0.0027763757,0.0,0.0,0.0,0.0,0,61.088
744976000,744976000,0.9999965,-0.0015741795,-0.002432947,-0.0027856173,0.0,0.0,0.0,0.0,0,61.108
744996000,744996000,0.9999966,-0.0015867327,-0.0023709028,-0.0027947633,0.0,0.0,0.0,0.0,0,61.128
745016000,745016000,0.9999967,-0.0015949856,-0.0023014813,-0.002804079,0.0,0.0,0.0,0.0,0,61.148
745036000,745036000,0.99999684,-0.0016007575,-0.0022230267,-0.0028134556,0.0,0.0,0.0,0.0,0,61.168
745056000,745056000,0.99999696,-0.0016017223,-0.0021431379,-0.0028228255,0.0,0.0,0.0,0.0,0,61.188
745076000,745076000,0.99999714,-0.0015961872,-0.0020680625,-0.0028323357,0.0,0.0,0.0,0.0,0,61.208
745096000,745096000,0.99999726,-0.0015885988,-0.0019943558,-0.002841811,0.0,0.0,0.0,0.0,0,61.228
745116000,745116000,0.9999974,-0.0015772413,-0.001919694,-0.0028511113,0.0,0.0,0.0,0.0,0,61.248
745136000,745136000,0.9999975,-0.0015668519,-0.0018492319,-0.002860227,0.0,0.0,0.0,0.0,0,61.268
745156000,745156000,0.9999976,-0.0015589646,-0.001784356,-0.0028692533,0.0,0.0,0.0,0.0,0,61.288
745176000,745176000,0.99999774,-0.0015508708,-0.001721553,-0.0028785104,0.0,0.0,0.0,0.0,0,61.308
745196000,745196000,0.9999978,-0.0015463083,-0.0016587572,-0.0028879745,0.0,0.0,0.0,0.0,0,61.328
745216000,745216000,0.9999979,-0.0015481284,-0.0015892226,-0.0028976134,0.0,0.0,0.0,0.0,0,61.348
745236000,745236000,0.999998,-0.0015550115,-0.0015128145,-0.002907302,0.0,0.0,0.0,0.0,0,61.368
745256000,745256000,0.99999803,-0.0015626691,-0.0014358885,-0.0029168676,0.0,0.0,0.0,0.0,0,61.388
745276000,745276000,0.9999981,-0.0015689993,-0.001359245,-0.0029263103,0.0,0.0,0.0,0.0,0,61.408
745296000,745296000,0.99999815,-0.0015756724,-0.0012824099,-0.0029356754,0.0,0.0,0.0,0.0,0,61.428
745316000,745316000,0.9999983,-0.0015770723,-0.00120328,-0.002945351,0.0,0.0,0.0,0.0,0,61.448
745336000,745336000,0.99999833,-0.0015729781,-0.0011155009,-0.0029551578,0.0,0.0,0.0,0.0,0,61.468
745356000,745356000,0.9999984,-0.0015638224,-0.0010240948,-0.0029648405,0.0,0.0,0.0,0.0,0,61.488
745376000,745376000,0.9999985,-0.0015514162,-0.0009294165,-0.0029744417,0.0,0.0,0.0,0.0,0,61.508
745396000,745396000,0.99999857,-0.001537901,-0.0008284505,-0.0029841678,0.0,0.0,0.0,0.0,0,61.528
745416000,745416000,0.9999986,-0.001520382,-0.00071599236,-0.0029940861,0.0,0.0,0.0,0.0,0,61.548
745436000,745436000,0.99999875,-0.0015027102,-0.0005951539,-0.0030038788,0.0,0.0,0.0,0.0,0,61.568
745456000,745456000,0.9999988,-0.0014872785,-0.00047766257,-0.0030135289,0.0,0.0,0.0,0.0,0,61.588
745476000,745476000,0.99999887,-0.0014642724,-0.00035884455,-0.0030234202,0.0,0.0,0.0,0.0,0,61.608
745496000,745496000,0.99999887,-0.0014351798,-0.00023430848,-0.0030334617,0.0,0.0,0.0,0.0,0,61.628
745516000,745516000,0.9999989,-0.0014012059,-0.00011650067,-0.0030435557,0.0,0.0,0.0,0.0,0,61.648
745536000,745536000,0.999999,-0.0013576295,-8.508357e-06,-0.0030533974,0.0,0.0,0.0,0.0,0,61.668
745556000,745556000,0.999999,-0.0013073289,9.718197e-05,-0.0030631216,0.0,0.0,0.0,0.0,0,61.688
745576000,745576000,0.99999905,-0.0012542492,0.00020725314,-0.003072642,0.0,0.0,0.0,0.0,0,61.708
745596000,745596000,0.99999905,-0.0011973295,0.00032278977,-0.0030817788,0.0,0.0,0.0,0.0,0,61.728
745616000,745616000,0.99999905,-0.001133483,0.00043536568,-0.0030904585,0.0,0.0,0.0,0.0,0,61.748
745636000,745636000,0.99999905,-0.0010660439,0.0005488166,-0.003098948,0.0,0.0,0.0,0.0,0,61.768
745656000,745656000,0.999999,-0.000997892,0.000666399,-0.0031073247,0.0,0.0,0.0,0.0,0,61.788
745676000,745676000,0.999999,-0.0009299311,0.00077974476,-0.003115551,0.0,0.0,0.0,0.0,0,61.808
745696000,745696000,0.9999989,-0.0008613314,0.00088603614,-0.0031236212,0.0,0.0,0.0,0.0,0,61.828
745716000,745716000,0.99999887,-0.0007929847,0.000992315,-0.0031315868,0.0,0.0,0.0,0.0,0,61.848
745736000,745736000,0.99999875,-0.0007284947,0.0010995241,-0.0031391964,0.0,0.0,0.0,0.0,0,61.868
745756000,745756000,0.9999986,-0.0006679542,0.0012068817,-0.003146767,0.0,0.0,0.0,0.0,0,61.888
745776000,745776000,0.99999857,-0.0006056174,0.0013061513,-0.0031546757,0.0,0.0,0.0,0.0,0,61.908
745796000,745796000,0.99999845,-0.00054432347,0.0013957398,-0.003162728,0.0,0.0,0.0,0.0,0,61.928
745816000,745816000,0.9999983,-0.00050335965,0.0014839653,-0.0031708926,0.0,0.0,0.0,0.0,0,61.948
745836000,745836000,0.99999815,-0.000477764,0.001572582,-0.0031790943,0.0,0.0,0.0,0.0,0,61.968
745856000,745856000,0.999998,-0.0004594517,0.0016645318,-0.0031872336,0.0,0.0,0.0,0.0,0,61.988
745876000,745876000,0.9999978,-0.00043707225,0.0017531837,-0.0031951445,0.0,0.0,0.0,0.0,0,62.008
745896000,745896000,0.9999977,-0.00041255934,0.0018370798,-0.0032028295,0.0,0.0,0.0,0.0,0,62.028
745916000,745916000,0.9999975,-0.0003881585,0.0019161841,-0.003210411,0.0,0.0,0.0,0.0,0,62.048
745936000,745936000,0.9999973,-0.00036435615,0.0019808067,-0.0032179102,0.0,0.0,0.0,0.0,0,62.068
745956000,745956000,0.99999726,-0.00034127836,0.002030843,-0.0032253421,0.0,0.0,0.0,0.0,0,62.088
745976000,745976000,0.99999714,-0.00031891535,0.00208102,-0.0032327583,0.0,0.0,0.0,0.0,0,62.108
745996000,745996000,0.999997,-0.000295619,0.0021266856,-0.0032402242,0.0,0.0,0.0,0.0,0,62.128
746016000,746016000,0.9999969,-0.00027216924,0.0021534744,-0.003247703,0.0,0.0,0.0,0.0,0,62.148
746036000,746036000,0.99999684,-0.00025260643,0.0021734356,-0.0032552767,0.0,0.0,0.0,0.0,0,62.168
746056000,746056000,0.99999684,-0.00023988758,0.002184911,-0.0032627697,0.0,0.0,0.0,0.0,0,62.188
746076000,746076000,0.9999968,-0.00022788538,0.0021767428,-0.0032700275,0.0,0.0,0.0,0.0,0,62.208
746092000,746092000,0.9999968,-0.0002181088,0.0021717446,-0.003275594,0.0,0.0,0.0,0.0,0,62.224
746112000,746112000,0.9999968,-0.00020276173,0.0021695269,-0.003281923,0.0,0.0,0.0,0.0,0,62.244
746132000,746132000,0.9999968,-0.00018001854,0.0021657306,-0.003287883,0.0,0.0,0.0,0.0,0,62.264
746152000,746152000,0.9999968,-0.00015670196,0.002160699,-0.003294019,0.0,0.0,0.0,0.0,0,62.284
746172000,746172000,0.9999968,-0.00013783675,0.0021531635,-0.0033002521,0.0,0.0,0.0,0.0,0,62.304
746192000,746192000,0.9999968,-0.00012375001,0.002144423,-0.003306662,0.0,0.0,0.0,0.0,0,62.324
746212000,746212000,0.9999968,-0.00011331404,0.0021362037,-0.0033131011,0.0,0.0,0.0,0.0,0,62.344
746232000,746232000,0.9999968,-0.00010475674,0.0021305094,-0.0033195291,0.0,0.0,0.0,0.0,0,62.364
746252000,746252000,0.9999968,-9.727869e-05,0.0021278984,-0.0033259273,0.0,0.0,0.0,0.0,0,62.384
746272000,746272000,0.9999967,-8.944126e-05,0.0021224811,-0.0033324081,0.0,0.0,0.0,0.0,0,62.404
746292000,746292000,0.9999967,-8.156472e-05,0.0021114803,-0.0033387695,0.0,0.0,0.0,0.0,0,62.424
746312000,746312000,0.99999744,-2.7731086e-05,0.0017595728,-0.0033427984,0.0,0.0,0.0,0.0,0,62.444
746332000,746332000,0.99999404,0.0007317077,-0.0030585928,-0.0033378117,0.0,0.0,0.0,0.0,0,62.464
746352000,746352000,0.9999185,0.0025041408,-0.012440235,-0.0033171633,0.0,0.0,0.0,0.0,0,62.484
746372000,746372000,0.99973774,0.0048800115,-0.022340339,-0.0032704002,0.0,0.0,0.0,0.0,0,62.504
746392000,746392000,0.9994615,0.007469018,-0.031934775,-0.0031982078,0.0,0.0,0.0,0.0,0,62.524
746412000,746412000,0.99907565,0.010127912,-0.041769363,-0.0031038788,0.0,0.0,0.0,0.0,0,62.544
746432000,746432000,0.9985919,0.012781934,-0.051487695,-0.0029843738,0.0,0.0,0.0,0.0,0,62.564
746452000,746452000,0.9980465,0.015354965,-0.06056779,-0.0028359476,0.0,0.0,0.0,0.0,0,62.584
746472000,746472000,0.99746937,0.01779057,-0.0688507,-0.002659296,0.0,0.0,0.0,0.0,0,62.604
746492000,746492000,0.99687594,0.020061737,-0.07641312,-0.002457319,0.0,0.0,0.0,0.0,0,62.624
746512000,746512000,0.9962819,0.022144238,-0.083283104,-0.0022326831,0.0,0.0,0.0,0.0,0,62.644
746532000,746532000,0.99570256,0.024027625,-0.08946645,-0.00198798,0.0,0.0,0.0,0.0,0,62.664
746552000,746552000,0.99514717,0.025721082,-0.095008776,-0.0017246542,0.0,0.0,0.0,0.0,0,62.684
746572000,746572000,0.99462134,0.02722977,-0.0999695,-0.0014456512,0.0,0.0,0.0,0.0,0,62.704
746592000,746592000,0.99412924,0.028569933,-0.10439649,-0.0011527681,0.0,0.0,0.0,0.0,0,62.724
746612000,746612000,0.9936731,0.029749284,-0.108338006,-0.0008485033,0.0,0.0,0.0,0.0,0,62.744
746632000,746632000,0.9932539,0.030766435,-0.11184366,-0.000536852,0.0,0.0,0.0,0.0,0,62.764
746652000,746652000,0.9928714,0.031649854,-0.114951015,-0.00021775402,0.0,0.0,0.0,0.0,0,62.784
746672000,746672000,0.99252343,0.03241803,-0.11770881,0.000107047825,0.0,0.0,0.0,0.0,0,62.804
746692000,746692000,0.9922089,0.033075873,-0.12015135,0.00043442962,0.0,0.0,0.0,0.0,0,62.824
746708000,746708000,0.9919805,0.033530023,-0.121897936,0.000697187,0.0,0.0,0.0,0.0,0,62.84
746728000,746728000,0.9917206,0.03401197,-0.12386051,0.0010244387,0.0,0.0,0.0,0.0,0,62.86
746748000,746748000,0.99148685,0.03441497,-0.12560552,0.0013494851,0.0,0.0,0.0,0.0,0,62.88
746768000,746768000,0.99124306,0.034808952,-0.12740432,0.0016710606,0.0,0.0,0.0,0.0,0,62.9
746788000,746788000,0.99081373,0.03546704,-0.13051988,0.0019811697,0.0,0.0,0.0,0.0,0,62.92
746808000,746808000,0.9900105,0.036699366,-0.13614781,0.0022824153,0.0,0.0,0.0,0.0,0,62.94
746828000,746828000,0.9887752,0.03865351,-0.14433227,0.0026020312,0.0,0.0,0.0,0.0,0,62.96
746848000,746848000,0.9871463,0.041292723,-0.15439342,0.0029734236,0.0,0.0,0.0,0.0,0,62.98
746868000,746868000,0.98513347,0.044538856,-0.16590883,0.0034148241,0.0,0.0,0.0,0.0,0,63.0
746888000,746888000,0.98270714,0.048301782,-0.1787381,0.003932268,0.0,0.0,0.0,0.0,0,63.02
746908000,746908000,0.9798484,0.052510694,-0.1926871,0.004537623,0.0,0.0,0.0,0.0,0,63.04
746928000,746928000,0.976613,0.057030246,-0.20725869,0.005247678,0.0,0.0,0.0,0.0,0,63.06
746948000,746948000,0.9731568,0.061661888,-0.22166596,0.0060773804,0.0,0.0,0.0,0.0,0,63.08
746968000,746968000,0.9696215,0.06626169,-0.23537883,0.007034871,0.0,0.0,0.0,0.0,0,63.1
746988000,746988000,0.96611845,0.0706852,-0.248117,0.008109398,0.0,0.0,0.0,0.0,0,63.12
747008000,747008000,0.96271473,0.074848354,-0.2598094,0.009286138,0.0,0.0,0.0,0.0,0,63.14
747028000,747028000,0.95945686,0.07870169,-0.27045578,0.010550784,0.0,0.0,0.0,0.0,0,63.16
747048000,747048000,0.9563793,0.082211606,-0.280085,0.011888821,0.0,0.0,0.0,0.0,0,63.18
747068000,747068000,0.9535072,0.08537312,-0.28873503,0.013291152,0.0,0.0,0.0,0.0,0,63.2
747088000,747088000,0.950854,0.088171974,-0.29646942,0.0147424545,0.0,0.0,0.0,0.0,0,63.22
747108000,747108000,0.94842243,0.09062785,-0.30335948,0.01623628,0.0,0.0,0.0,0.0,0,63.24
747128000,747128000,0.94620824,0.09273871,-0.30948886,0.017756412,0.0,0.0,0.0,0.0,0,63.26
747148000,747148000,0.94420207,0.09453355,-0.3149328,0.019295467,0.0,0.0,0.0,0.0,0,63.28
747168000,747168000,0.9423941,0.09603949,-0.3197567,0.020847179,0.0,0.0,0.0,0.0,0,63.3
747188000,747188000,0.9407692,0.09728986,-0.32402936,0.022407172,0.0,0.0,0.0,0.0,0,63.32
747208000,747208000,0.93931735,0.09830806,-0.32780027,0.023970237,0.0,0.0,0.0,0.0,0,63.34
747228000,747228000,0.938026,0.09911758,-0.33111963,0.025530994,0.0,0.0,0.0,0.0,0,63.36
747248000,747248000,0.93688196,0.09973674,-0.33403665,0.02708252,0.0,0.0,0.0,0.0,0,63.38
747268000,747268000,0.93586695,0.10019095,-0.33660796,0.028619159,0.0,0.0,0.0,0.0,0,63.4
747288000,747288000,0.9349744,0.100497864,-0.33885682,0.030137181,0.0,0.0,0.0,0.0,0,63.42
747308000,747308000,0.9341902,0.10067996,-0.34082362,0.03163223,0.0,0.0,0.0,0.0,0,63.44
747328000,747328000,0.9335045,0.10076774,-0.3425323,0.033104602,0.0,0.0,0.0,0.0,0,63.46
747348000,747348000,0.9329066,0.10076334,-0.3440172,0.034543954,0.0,0.0,0.0,0.0,0,63.48
747368000,747368000,0.9323858,0.100693144,-0.34530327,0.0359498,0.0,0.0,0.0,0.0,0,63.5
747388000,747388000,0.93193334,0.100575246,-0.34641185,0.03732047,0.0,0.0,0.0,0.0,0,63.52
747408000,747408000,0.93154,0.10042572,-0.34736562,0.03865343,0.0,0.0,0.0,0.0,0,63.54
747428000,747428000,0.9312187,0.100240536,-0.3481336,0.039946795,0.0,0.0,0.0,0.0,0,63.56
747448000,747448000,0.9310302,0.09999522,-0.34856114,0.041205846,0.0,0.0,0.0,0.0,0,63.58
747468000,747468000,0.9310505,0.09964871,-0.34845895,0.042433083,0.0,0.0,0.0,0.0,0,63.6
747488000,747488000,0.9313154,0.0991748,-0.3477385,0.043623537,0.0,0.0,0.0,0.0,0,63.62
747508000,747508000,0.931822,0.09855551,-0.34641,0.04476298,0.0,0.0,0.0,0.0,0,63.64
747528000,747528000,0.9325495,0.09779949,-0.34452045,0.045841973,0.0,0.0,0.0,0.0,0,63.66
747548000,747548000,0.93347627,0.09690981,-0.34211823,0.046848822,0.0,0.0,0.0,0.0,0,63.68
747568000,747568000,0.9345836,0.095905654,-0.3392371,0.047779325,0.0,0.0,0.0,0.0,0,63.7
747588000,747588000,0.93584687,0.094804704,-0.33592737,0.048627328,0.0,0.0,0.0,0.0,0,63.72
747608000,747608000,0.93724895,0.093631014,-0.33221555,0.04939179,0.0,0.0,0.0,0.0,0,63.74
747628000,747628000,0.93876886,0.09238167,-0.32814887,0.050060377,0.0,0.0,0.0,0.0,0,63.76
747648000,747648000,0.940393,0.0910742,-0.3237469,0.05063196,0.0,0.0,0.0,0.0,0,63.78
747668000,747668000,0.94210434,0.08971174,-0.3190442,0.051099073,0.0,0.0,0.0,0.0,0,63.8
747688000,747688000,0.94389373,0.08831585,-0.31404683,0.051464584,0.0,0.0,0.0,0.0,0,63.82
747708000,747708000,0.94579077,0.0868678,-0.30865338,0.05173047,0.0,0.0,0.0,0.0,0,63.84
747728000,747728000,0.94787866,0.08533679,-0.3025851,0.05191402,0.0,0.0,0.0,0.0,0,63.86
747748000,747748000,0.95021546,0.08366467,-0.29562518,0.052016307,0.0,0.0,0.0,0.0,0,63.88
747768000,747768000,0.9528093,0.08181988,-0.28768334,0.05203303,0.0,0.0,0.0,0.0,0,63.9
747788000,747788000,0.9556343,0.079760306,-0.27876866,0.05194673,0.0,0.0,0.0,0.0,0,63.92
747808000,747808000,0.9586574,0.07748302,-0.2688927,0.051751647,0.0,0.0,0.0,0.0,0,63.94
747828000,747828000,0.9618347,0.07496459,-0.2581046,0.051433474,0.0,0.0,0.0,0.0,0,63.96
747848000,747848000,0.9651264,0.072216116,-0.24642421,0.050991587,0.0,0.0,0.0,0.0,0,63.98
747868000,747868000,0.9684766,0.06924647,-0.23393333,0.050421104,0.0,0.0,0.0,0.0,0,64.0
747888000,747888000,0.9718437,0.06606018,-0.22066431,0.04972144,0.0,0.0,0.0,0.0,0,64.02
747908000,747908000,0.97516406,0.06268843,-0.20674597,0.048891883,0.0,0.0,0.0,0.0,0,64.04
747928000,747928000,0.9783977,0.05910482,-0.19224147,0.04792503,0.0,0.0,0.0,0.0,0,64.06
747948000,747948000,0.981494,0.05538683,-0.17725004,0.046832725,0.0,0.0,0.0,0.0,0,64.08
747968000,747968000,0.984419,0.051496454,-0.16185303,0.04560736,0.0,0.0,0.0,0.0,0,64.1
747988000,747988000,0.9871383,0.04751481,-0.14611699,0.044263862,0.0,0.0,0.0,0.0,0,64.12
748008000,748008000,0.98962325,0.043415483,-0.130147,0.042798787,0.0,0.0,0.0,0.0,0,64.14
748028000,748028000,0.99185556,0.03923197,-0.11398809,0.041222144,0.0,0.0,0.0,0.0,0,64.16
748048000,748048000,0.9938147,0.035002638,-0.097738065,0.0395417,0.0,0.0,0.0,0.0,0,64.18
748068000,748068000,0.9954925,0.030715559,-0.08145101,0.037763078,0.0,0.0,0.0,0.0,0,64.2
748088000,748088000,0.9968821,0.026431644,-0.06517489,0.035899673,0.0,0.0,0.0,0.0,0,64.22
748108000,748108000,0.9979806,0.022129497,-0.048999403,0.033957757,0.0,0.0,0.0,0.0,0,64.24
748128000,748128000,0.9987916,0.017842652,-0.03294434,0.0319499,0.0,0.0,0.0,0.0,0,64.26
748148000,748148000,0.9993194,0.013579666,-0.017095927,0.029886361,0.0,0.0,0.0,0.0,0,64.28
748168000,748168000,0.9995739,0.0093447035,-0.0015006508,0.027778264,0.0,0.0,0.0,0.0,0,64.3
748188000,748188000,0.9995673,0.005152053,0.013804327,0.02563751,0.0,0.0,0.0,0.0,0,64.32
748208000,748208000,0.99931407,0.0010003427,0.02878066,0.023476204,0.0,0.0,0.0,0.0,0,64.34
748228000,748228000,0.9988314,-0.0030894643,0.043376043,0.021306217,0.0,0.0,0.0,0.0,0,64.36
748248000,748248000,0.99813825,-0.0071160775,0.057550866,0.019140625,0.0,0.0,0.0,0.0,0,64.38
748268000,748268000,0.99725586,-0.011075502,0.07126373,0.016991433,0.0,0.0,0.0,0.0,0,64.4
748288000,748288000,0.99620456,-0.01494977,0.08450459,0.014869135,0.0,0.0,0.0,0.0,0,64.42
748308000,748308000,0.9950072,-0.018736798,0.097237945,0.012785069,0.0,0.0,0.0,0.0,0,64.44
748328000,748328000,0.99368435,-0.022423493,0.10946295,0.010748993,0.0,0.0,0.0,0.0,0,64.46
748348000,748348000,0.99225783,-0.026011337,0.121160895,0.0087720165,0.0,0.0,0.0,0.0,0,64.48
748368000,748368000,0.9907489,-0.029499667,0.13231954,0.0068639675,0.0,0.0,0.0,0.0,0,64.5
748388000,748388000,0.98917526,-0.03286394,0.14295492,0.0050304807,0.0,0.0,0.0,0.0,0,64.52
748408000,748408000,0.9875559,-0.036125414,0.15305759,0.0032832366,0.0,0.0,0.0,0.0,0,64.54
748428000,748428000,0.9859054,-0.039254136,0.16265334,0.001624701,0.0,0.0,0.0,0.0,0,64.56
748448000,748448000,0.98424315,-0.0422879,0.17171577,6.985108e-05,0.0,0.0,0.0,0.0,0,64.58
748468000,748468000,0.9825816,-0.04517842,0.18027619,-0.0013845662,0.0,0.0,0.0,0.0,0,64.6
748488000,748488000,0.9809349,-0.047965523,0.18832877,-0.0027258075,0.0,0.0,0.0,0.0,0,64.62
748508000,748508000,0.979312,-0.050607026,0.19590907,-0.003959313,0.0,0.0,0.0,0.0,0,64.64
748528000,748528000,0.97772366,-0.053138066,0.20301776,-0.0050739604,0.0,0.0,0.0,0.0,0,64.66
748548000,748548000,0.9761789,-0.05552812,0.20967513,-0.006073542,0.0,0.0,0.0,0.0,0,64.68
748568000,748568000,0.97468615,-0.05780111,0.21588594,-0.0069510355,0.0,0.0,0.0,0.0,0,64.7
748588000,748588000,0.9732506,-0.059940316,0.22167557,-0.0077101644,0.0,0.0,0.0,0.0,0,64.72
748608000,748608000,0.97187704,-0.061955832,0.22705926,-0.008348761,0.0,0.0,0.0,0.0,0,64.74
748628000,748628000,0.9705694,-0.0638533,0.23205255,-0.008866045,0.0,0.0,0.0,0.0,0,64.76
748648000,748648000,0.96933335,-0.06562322,0.23666361,-0.009265203,0.0,0.0,0.0,0.0,0,64.78
748668000,748668000,0.9681666,-0.0672738,0.24092673,-0.009547714,0.0,0.0,0.0,0.0,0,64.8
748688000,748688000,0.9670733,-0.06880015,0.24484779,-0.009716881,0.0,0.0,0.0,0.0,0,64.82
748708000,748708000,0.96605504,-0.070215434,0.24843735,-0.009772116,0.0,0.0,0.0,0.0,0,64.84
748728000,748728000,0.9651158,-0.07150846,0.25169954,-0.009720045,0.0,0.0,0.0,0.0,0,64.86
748748000,748748000,0.96425176,-0.072686814,0.25466207,-0.009563795,0.0,0.0,0.0,0.0,0,64.88
748768000,748768000,0.96346545,-0.073752195,0.25732747,-0.009306918,0.0,0.0,0.0,0.0,0,64.9
748788000,748788000,0.9627538,-0.07471228,0.25971556,-0.008953587,0.0,0.0,0.0,0.0,0,64.92
748808000,748808000,0.9621195,-0.07555902,0.26182726,-0.008511451,0.0,0.0,0.0,0.0,0,64.94
748828000,748828000,0.96156025,-0.07629763,0.26367757,-0.007985718,0.0,0.0,0.0,0.0,0,64.96
748848000,748848000,0.9610754,-0.07693259,0.26527357,-0.0073814807,0.0,0.0,0.0,0.0,0,64.98
748868000,748868000,0.9606611,-0.07746944,0.26663247,-0.0067050895,0.0,0.0,0.0,0.0,0,65.0
748888000,748888000,0.96032023,-0.07791235,0.26774663,-0.0059609474,0.0,0.0,0.0,0.0,0,65.02
748908000,748908000,0.96004957,-0.078264184,0.2686301,-0.005155484,0.0,0.0,0.0,0.0,0,65.04
748928000,748928000,0.95984876,-0.07852233,0.26928654,-0.00429679,0.0,0.0,0.0,0.0,0,65.06
748948000,748948000,0.959717,-0.078684695,0.2697214,-0.0033923304,0.0,0.0,0.0,0.0,0,65.08
748968000,748968000,0.95964617,-0.07876021,0.26996133,-0.0024487416,0.0,0.0,0.0,0.0,0,65.1
748988000,748988000,0.9596356,-0.078759454,0.2700062,-0.0014703312,0.0,0.0,0.0,0.0,0,65.12
749008000,749008000,0.9596893,-0.078689754,0.26983932,-0.00046043337,0.0,0.0,0.0,0.0,0,65.14
749028000,749028000,0.959804,-0.0785442,0.2694734,0.0005711404,0.0,0.0,0.0,0.0,0,65.16
749048000,749048000,0.9599752,-0.07832986,0.26892117,0.0016183238,0.0,0.0,0.0,0.0,0,65.18
749068000,749068000,0.9602029,-0.07805705,0.268178,0.0026778895,0.0,0.0,0.0,0.0,0,65.2
749088000,749088000,0.9604836,-0.077727646,0.2672541,0.003743254,0.0,0.0,0.0,0.0,0,65.22
749108000,749108000,0.9608148,-0.07733355,0.26615873,0.0048044473,0.0,0.0,0.0,0.0,0,65.24
749128000,749128000,0.96119434,-0.07689011,0.26489276,0.0058593927,0.0,0.0,0.0,0.0,0,65.26
749148000,749148000,0.96162254,-0.07640217,0.26345068,0.0069039413,0.0,0.0,0.0,0.0,0,65.28
749168000,749168000,0.96209383,-0.075872734,0.26184914,0.007931578,0.0,0.0,0.0,0.0,0,65.3
749188000,749188000,0.9626079,-0.075297065,0.26008773,0.008935576,0.0,0.0,0.0,0.0,0,65.32
749208000,749208000,0.9631614,-0.07468796,0.25817168,0.00991361,0.0,0.0,0.0,0.0,0,65.34
749228000,749228000,0.9637542,-0.07404331,0.25609884,0.010860197,0.0,0.0,0.0,0.0,0,65.36
749248000,749248000,0.96438015,-0.073375486,0.25388482,0.011773045,0.0,0.0,0.0,0.0,0,65.38
749268000,749268000,0.96503925,-0.072672114,0.2515298,0.012644335,0.0,0.0,0.0,0.0,0,65.4
749288000,749288000,0.96572906,-0.07194344,0.24903648,0.013472638,0.0,0.0,0.0,0.0,0,65.42
749308000,749308000,0.96645254,-0.07118497,0.24639015,0.014254468,0.0,0.0,0.0,0.0,0,65.44
749328000,749328000,0.96720207,-0.07040537,0.24361394,0.01498677,0.0,0.0,0.0,0.0,0,65.46
749348000,749348000,0.9679771,-0.069590084,0.24070999,0.015662927,0.0,0.0,0.0,0.0,0,65.48
749368000,749368000,0.9687748,-0.06876325,0.23767814,0.01628661,0.0,0.0,0.0,0.0,0,65.5
749388000,749388000,0.9695952,-0.067913264,0.23451668,0.016853021,0.0,0.0,0.0,0.0,0,65.52
749408000,749408000,0.9704331,-0.067048945,0.23123933,0.017361514,0.0,0.0,0.0,0.0,0,65.54
749428000,749428000,0.9712897,-0.06615537,0.22784165,0.017807346,0.0,0.0,0.0,0.0,0,65.56
749448000,749448000,0.97216064,-0.065248616,0.22433105,0.018192831,0.0,0.0,0.0,0.0,0,65.58
749468000,749468000,0.9730436,-0.06432191,0.22071502,0.01851529,0.0,0.0,0.0,0.0,0,65.6
749488000,749488000,0.97393477,-0.063392535,0.217,0.018777722,0.0,0.0,0.0,0.0,0,65.62
749508000,749508000,0.97483206,-0.062442444,0.21319574,0.018975228,0.0,0.0,0.0,0.0,0,65.64
749528000,749528000,0.975733,-0.061484963,0.20930524,0.019110799,0.0,0.0,0.0,0.0,0,65.66
749548000,749548000,0.97663677,-0.06050699,0.20533071,0.019181922,0.0,0.0,0.0,0.0,0,65.68
749568000,749568000,0.97754055,-0.05952665,0.20127547,0.0191934,0.0,0.0,0.0,0.0,0,65.7
749588000,749588000,0.9784419,-0.058538005,0.19714805,0.019144552,0.0,0.0,0.0,0.0,0,65.72
749608000,749608000,0.9793401,-0.057545915,0.19294597,0.019038048,0.0,0.0,0.0,0.0,0,65.74
749628000,749628000,0.9802327,-0.056533888,0.18868135,0.01887167,0.0,0.0,0.0,0.0,0,65.76
749648000,749648000,0.981117,-0.055518154,0.18435949,0.018650403,0.0,0.0,0.0,0.0,0,65.78
749668000,749668000,0.9819894,-0.054491702,0.17999716,0.018373795,0.0,0.0,0.0,0.0,0,65.8
749688000,749688000,0.9828502,-0.053461354,0.17558728,0.018045621,0.0,0.0,0.0,0.0,0,65.82
749708000,749708000,0.98369807,-0.052411694,0.1711378,0.017665103,0.0,0.0,0.0,0.0,0,65.84
749728000,749728000,0.9845321,-0.051352795,0.16664763,0.017236752,0.0,0.0,0.0,0.0,0,65.86
749748000,749748000,0.9853486,-0.050278127,0.16213721,0.016761696,0.0,0.0,0.0,0.0,0,65.88
749768000,749768000,0.9861448,-0.049203992,0.15761553,0.016245533,0.0,0.0,0.0,0.0,0,65.9
749788000,749788000,0.98691946,-0.048121873,0.1530922,0.015689539,0.0,0.0,0.0,0.0,0,65.92
749808000,749808000,0.9876732,-0.047040455,0.14855956,0.015098317,0.0,0.0,0.0,0.0,0,65.94
749828000,749828000,0.98840475,-0.04594795,0.14402933,0.014472703,0.0,0.0,0.0,0.0,0,65.96
749848000,749848000,0.98911333,-0.04485333,0.13950351,0.01381762,0.0,0.0,0.0,0.0,0,65.98
749868000,749868000,0.98979646,-0.043753695,0.13500063,0.013135071,0.0,0.0,0.0,0.0,0,66.0
749888000,749888000,0.9904551,-0.042653956,0.13051404,0.012429675,0.0,0.0,0.0,0.0,0,66.02
749908000,749908000,0.99108815,-0.041548245,0.12605612,0.011703643,0.0,0.0,0.0,0.0,0,66.04
749928000,749928000,0.9916967,-0.04044603,0.1216167,0.010962147,0.0,0.0,0.0,0.0,0,66.06
749948000,749948000,0.9922781,-0.039345585,0.11722216,0.010207105,0.0,0.0,0.0,0.0,0,66.08
749968000,749968000,0.992834,-0.038252022,0.112860024,0.009442799,0.0,0.0,0.0,0.0,0,66.1
749988000,749988000,0.9933635,-0.03715467,0.10854674,0.008670736,0.0,0.0,0.0,0.0,0,66.12
750008000,750008000,0.9938676,-0.03606342,0.104276046,0.007895552,0.0,0.0,0.0,0.0,0,66.14
750028000,750028000,0.9943443,-0.034973644,0.100073434,0.007118982,0.0,0.0,0.0,0.0,0,66.16
750048000,750048000,0.99479586,-0.03389148,0.09592397,0.0063451524,0.0,0.0,0.0,0.0,0,66.18
750068000,750068000,0.99522144,-0.03280918,0.09184693,0.005575183,0.0,0.0,0.0,0.0,0,66.2
750088000,750088000,0.99562347,-0.031729806,0.08782391,0.004813084,0.0,0.0,0.0,0.0,0,66.22
750108000,750108000,0.9960011,-0.030656403,0.08387216,0.004061179,0.0,0.0,0.0,0.0,0,66.24
750128000,750128000,0.9963555,-0.029604785,0.07998347,0.0033232875,0.0,0.0,0.0,0.0,0,66.26
750148000,750148000,0.99668634,-0.0285615,0.0761771,0.0025999416,0.0,0.0,0.0,0.0,0,66.28
750168000,750168000,0.9969953,-0.02753558,0.07244098,0.0018943588,0.0,0.0,0.0,0.0,0,66.3
750188000,750188000,0.9972823,-0.026511986,0.06879506,0.0012068609,0.0,0.0,0.0,0.0,0,66.32
750208000,750208000,0.99754965,-0.025506036,0.06521487,0.0005411411,0.0,0.0,0.0,0.0,0,66.34
750228000,750228000,0.9977967,-0.024517203,0.061722904,-0.000101722115,0.0,0.0,0.0,0.0,0,66.36
750248000,750248000,0.99802494,-0.023558034,0.05830834,-0.0007191947,0.0,0.0,0.0,0.0,0,66.38
750268000,750268000,0.99823487,-0.022614637,0.05498329,-0.0013113095,0.0,0.0,0.0,0.0,0,66.4
750288000,750288000,0.9984281,-0.02170061,0.05173047,-0.0018755194,0.0,0.0,0.0,0.0,0,66.42
750308000,750308000,0.99860495,-0.020800548,0.04856715,-0.0024120612,0.0,0.0,0.0,0.0,0,66.44
750328000,750328000,0.99876666,-0.01992861,0.045481186,-0.0029188972,0.0,0.0,0.0,0.0,0,66.46
750348000,750348000,0.9989136,-0.019070404,0.042492162,-0.0033963916,0.0,0.0,0.0,0.0,0,66.48
750368000,750368000,0.9990466,-0.018243603,0.039589968,-0.0038428383,0.0,0.0,0.0,0.0,0,66.5
750388000,750388000,0.99916655,-0.017437391,0.036785375,-0.0042583537,0.0,0.0,0.0,0.0,0,66.52
750408000,750408000,0.9992745,-0.016667917,0.03406235,-0.0046417387,0.0,0.0,0.0,0.0,0,66.54
750428000,750428000,0.999371,-0.015920186,0.031437837,-0.0049938043,0.0,0.0,0.0,0.0,0,66.56
750448000,750448000,0.9994572,-0.0152046885,0.028896183,-0.005313657,0.0,0.0,0.0,0.0,0,66.58
750468000,750468000,0.9995337,-0.014511946,0.026448557,-0.005601494,0.0,0.0,0.0,0.0,0,66.6
750488000,750488000,0.99960124,-0.0138510205,0.024090402,-0.0058569526,0.0,0.0,0.0,0.0,0,66.62
750508000,750508000,0.99966055,-0.013209763,0.021827936,-0.006081264,0.0,0.0,0.0,0.0,0,66.64
750528000,750528000,0.99971235,-0.012599021,0.019651737,-0.0062744375,0.0,0.0,0.0,0.0,0,66.66
750548000,750548000,0.9997575,-0.012006731,0.01755937,-0.006437242,0.0,0.0,0.0,0.0,0,66.68
750568000,750568000,0.9997966,-0.0114447195,0.015546146,-0.006570049,0.0,0.0,0.0,0.0,0,66.7
750588000,750588000,0.99983007,-0.010907977,0.013618647,-0.006674094,0.0,0.0,0.0,0.0,0,66.72
750608000,750608000,0.99985844,-0.01040043,0.011769898,-0.0067499797,0.0,0.0,0.0,0.0,0,66.74
750628000,750628000,0.9998823,-0.009904248,0.010011658,-0.00679896,0.0,0.0,0.0,0.0,0,66.76
750648000,750648000,0.99990207,-0.00942526,0.008338794,-0.006821762,0.0,0.0,0.0,0.0,0,66.78
750668000,750668000,0.9999184,-0.008962601,0.006741459,-0.006819174,0.0,0.0,0.0,0.0,0,66.8
750688000,750688000,0.9999315,-0.008523364,0.0052195303,-0.006792268,0.0,0.0,0.0,0.0,0,66.82
750708000,750708000,0.9999418,-0.0081040375,0.003775315,-0.0067428,0.0,0.0,0.0,0.0,0,66.84
750728000,750728000,0.99994975,-0.00770089,0.0024082179,-0.0066722143,0.0,0.0,0.0,0.0,0,66.86
750748000,750748000,0.9999556,-0.0073082414,0.0011099046,-0.0065814587,0.0,0.0,0.0,0.0,0,66.88
750768000,750768000,0.9999596,-0.0069274264,-0.00012081577,-0.006471422,0.0,0.0,0.0,0.0,0,66.9
750788000,750788000,0.99996203,-0.006570332,-0.0012823946,-0.0063438164,0.0,0.0,0.0,0.0,0,66.92
750808000,750808000,0.99996305,-0.0062416634,-0.0023766272,-0.006200025,0.0,0.0,0.0,0.0,0,66.94
750828000,750828000,0.9999629,-0.0059335036,-0.0034054383,-0.0060411813,0.0,0.0,0.0,0.0,0,66.96
750848000,750848000,0.99996185,-0.0056381794,-0.004372735,-0.005868681,0.0,0.0,0.0,0.0,0,66.98
750868000,750868000,0.9999602,-0.0053537185,-0.005274535,-0.005683808,0.0,0.0,0.0,0.0,0,67.0
750888000,750888000,0.99995786,-0.005084821,-0.006116017,-0.005488243,0.0,0.0,0.0,0.0,0,67.02
750908000,750908000,0.99995506,-0.004840794,-0.0069043394,-0.0052832207,0.0,0.0,0.0,0.0,0,67.04
750928000,750928000,0.9999519,-0.004611419,-0.007637368,-0.0050703674,0.0,0.0,0.0,0.0,0,67.06
750948000,750948000,0.9999486,-0.0043936213,-0.008304663,-0.004850743,0.0,0.0,0.0,0.0,0,67.08
750968000,750968000,0.9999454,-0.0041793594,-0.008911036,-0.0046252985,0.0,0.0,0.0,0.0,0,67.1
750988000,750988000,0.9999422,-0.0039816415,-0.00946626,-0.0043956023,0.0,0.0,0.0,0.0,0,67.12
751008000,751008000,0.99993896,-0.003797732,-0.009973293,-0.004163006,0.0,0.0,0.0,0.0,0,67.14
751028000,751028000,0.9999359,-0.003617426,-0.010424939,-0.003928266,0.0,0.0,0.0,0.0,0,67.16
751048000,751048000,0.9999332,-0.0034420884,-0.010825492,-0.0036926477,0.0,0.0,0.0,0.0,0,67.18
751068000,751068000,0.9999307,-0.0032794438,-0.011184327,-0.003457256,0.0,0.0,0.0,0.0,0,67.2
751088000,751088000,0.99992836,-0.0031258704,-0.011499895,-0.003223062,0.0,0.0,0.0,0.0,0,67.22
751108000,751108000,0.9999264,-0.0029807107,-0.01176841,-0.0029912966,0.0,0.0,0.0,0.0,0,67.24
751128000,751128000,0.9999247,-0.0028454603,-0.011995689,-0.002762491,0.0,0.0,0.0,0.0,0,67.26
751148000,751148000,0.99992347,-0.0027176605,-0.012178352,-0.0025379874,0.0,0.0,0.0,0.0,0,67.28
751168000,751168000,0.9999226,-0.0025935068,-0.012324078,-0.0023188018,0.0,0.0,0.0,0.0,0,67.3
751188000,751188000,0.999922,-0.002474388,-0.012435119,-0.0021053194,0.0,0.0,0.0,0.0,0,67.32
751208000,751208000,0.9999216,-0.0023659132,-0.012515289,-0.0018985622,0.0,0.0,0.0,0.0,0,67.34
751228000,751228000,0.9999217,-0.0022657607,-0.012560882,-0.0016992503,0.0,0.0,0.0,0.0,0,67.36
751248000,751248000,0.99992216,-0.002173085,-0.012563291,-0.0015079117,0.0,0.0,0.0,0.0,0,67.38
751268000,751268000,0.99992305,-0.0020917917,-0.012523222,-0.0013247872,0.0,0.0,0.0,0.0,0,67.4
751288000,751288000,0.99992424,-0.0020140628,-0.01245952,-0.0011504319,0.0,0.0,0.0,0.0,0,67.42
751308000,751308000,0.9999257,-0.001929903,-0.012372639,-0.0009852236,0.0,0.0,0.0,0.0,0,67.44
751328000,751328000,0.9999274,-0.0018449504,-0.012254535,-0.00082930695,0.0,0.0,0.0,0.0,0,67.46
751348000,751348000,0.99992955,-0.0017656533,-0.012098393,-0.0006830726,0.0,0.0,0.0,0.0,0,67.48
751368000,751368000,0.9999319,-0.0016913213,-0.011923794,-0.0005469293,0.0,0.0,0.0,0.0,0,67.5
751388000,751388000,0.99993426,-0.0016149073,-0.011738796,-0.00042036714,0.0,0.0,0.0,0.0,0,67.52
751408000,751408000,0.99993676,-0.0015398669,-0.0115358615,-0.00030369565,0.0,0.0,0.0,0.0,0,67.54
751428000,751428000,0.99993956,-0.0014644674,-0.011307271,-0.00019720329,0.0,0.0,0.0,0.0,0,67.56
751448000,751448000,0.99994254,-0.0013869919,-0.01105037,-0.000101012105,0.0,0.0,0.0,0.0,0,67.58
751468000,751468000,0.99994564,-0.001315029,-0.010776703,-1.5566506e-05,0.0,0.0,0.0,0.0,0,67.6
751488000,751488000,0.9999487,-0.0012503847,-0.010496169,5.9629354e-05,0.0,0.0,0.0,0.0,0,67.62
751508000,751508000,0.9999518,-0.0011806579,-0.010202377,0.00012503714,0.0,0.0,0.0,0.0,0,67.64
751528000,751528000,0.9999549,-0.0011052473,-0.009902544,0.00018057831,0.0,0.0,0.0,0.0,0,67.66
751548000,751548000,0.9999579,-0.001023913,-0.009602722,0.00022650069,0.0,0.0,0.0,0.0,0,67.68
751568000,751568000,0.99996084,-0.00093945616,-0.009299785,0.00026320326,0.0,0.0,0.0,0.0,0,67.7
751588000,751588000,0.99996376,-0.00086449675,-0.008985272,0.0002908609,0.0,0.0,0.0,0.0,0,67.72
751608000,751608000,0.9999667,-0.0007964265,-0.008661624,0.0003091648,0.0,0.0,0.0,0.0,0,67.74
751628000,751628000,0.99996954,-0.00073670066,-0.008328074,0.0003186097,0.0,0.0,0.0,0.0,0,67.76
751648000,751648000,0.99997234,-0.00068120233,-0.007987313,0.000319685,0.0,0.0,0.0,0.0,0,67.78
751668000,751668000,0.999975,-0.0006202492,-0.007649994,0.0003130708,0.0,0.0,0.0,0.0,0,67.8
751688000,751688000,0.9999776,-0.0005545934,-0.007313538,0.00029892745,0.0,0.0,0.0,0.0,0,67.82
751708000,751708000,0.99998003,-0.00048564133,-0.006977897,0.00027730459,0.0,0.0,0.0,0.0,0,67.84
751728000,751728000,0.99998236,-0.00041320993,-0.006641132,0.00024840224,0.0,0.0,0.0,0.0,0,67.86
751748000,751748000,0.9999846,-0.0003408348,-0.006301423,0.00021310775,0.0,0.0,0.0,0.0,0,67.88
751768000,751768000,0.9999867,-0.00026958846,-0.00596215,0.0001725538,0.0,0.0,0.0,0.0,0,67.9
751788000,751788000,0.9999887,-0.00020216488,-0.0056293528,0.00012672172,0.0,0.0,0.0,0.0,0,67.92
751808000,751808000,0.9999905,-0.0001327762,-0.005296676,7.5556585e-05,0.0,0.0,0.0,0.0,0,67.94
751828000,751828000,0.9999922,-6.283451e-05,-0.004968474,1.9669975e-05,0.0,0.0,0.0,0.0,0,67.96
751848000,751848000,0.99999374,8.252659e-06,-0.0046446687,-4.0245966e-05,0.0,0.0,0.0,0.0,0,67.98
751868000,751868000,0.9999952,7.778924e-05,-0.0043244506,-0.00010332137,0.0,0.0,0.0,0.0,0,68.0
751888000,751888000,0.9999965,0.00014370502,-0.0040094387,-0.00016932185,0.0,0.0,0.0,0.0,0,68.02
751908000,751908000,0.9999976,0.0001998403,-0.0037053558,-0.0002378443,0.0,0.0,0.0,0.0,0,68.04
751928000,751928000,0.9999986,0.00025458168,-0.0034188603,-0.00030858553,0.0,0.0,0.0,0.0,0,68.06
751948000,751948000,0.99999946,0.00031370853,-0.003142427,-0.00038119065,0.0,0.0,0.0,0.0,0,68.08
751968000,751968000,1.0000002,0.00037161045,-0.002868817,-0.00045522943,0.0,0.0,0.0,0.0,0,68.1
751988000,751988000,1.000001,0.00042248445,-0.0025973113,-0.00053021207,0.0,0.0,0.0,0.0,0,68.12
752008000,752008000,1.0000015,0.0004626561,-0.0023347712,-0.0006058262,0.0,0.0,0.0,0.0,0,68.14
752028000,752028000,1.000002,0.00048837165,-0.0020856902,-0.0006819868,0.0,0.0,0.0,0.0,0,68.16
752048000,752048000,1.0000024,0.0004992814,-0.0018506304,-0.0007586164,0.0,0.0,0.0,0.0,0,68.18
752068000,752068000,1.0000027,0.00050201075,-0.0016335831,-0.00083547115,0.0,0.0,0.0,0.0,0,68.2
752088000,752088000,1.000003,0.0005034662,-0.0014348401,-0.00091241475,0.0,0.0,0.0,0.0,0,68.22
752108000,752108000,1.0000032,0.0004911919,-0.001242543,-0.0009887719,0.0,0.0,0.0,0.0,0,68.24
752128000,752128000,1.0000033,0.00047662534,-0.0010542695,-0.0010639401,0.0,0.0,0.0,0.0,0,68.26
752148000,752148000,1.0000035,0.00045662088,-0.00087790383,-0.0011377688,0.0,0.0,0.0,0.0,0,68.28
752168000,752168000,1.0000035,0.00043132633,-0.000708797,-0.001209574,0.0,0.0,0.0,0.0,0,68.3
752188000,752188000,1.0000035,0.00040158123,-0.00054307556,-0.0012794645,0.0,0.0,0.0,0.0,0,68.32
752208000,752208000,1.0000035,0.0003674731,-0.0003803805,-0.00134721,0.0,0.0,0.0,0.0,0,68.34
752228000,752228000,1.0000035,0.00033036235,-0.00021889794,-0.0014124392,0.0,0.0,0.0,0.0,0,68.36
752248000,752248000,1.0000035,0.00028994566,-5.9166156e-05,-0.0014751466,0.0,0.0,0.0,0.0,0,68.38
752268000,752268000,1.0000033,0.00024284024,9.5736366e-05,-0.0015349044,0.0,0.0,0.0,0.0,0,68.4
752288000,752288000,1.0000032,0.0001853273,0.00024186449,-0.0015917314,0.0,0.0,0.0,0.0,0,68.42
752308000,752308000,1.0000031,0.0001157319,0.0003777846,-0.001645542,0.0,0.0,0.0,0.0,0,68.44
752328000,752328000,1.000003,3.907032e-05,0.0005082917,-0.0016969105,0.0,0.0,0.0,0.0,0,68.46
752348000,752348000,1.0000029,-4.0632356e-05,0.00063752226,-0.0017457103,0.0,0.0,0.0,0.0,0,68.48
752368000,752368000,1.0000026,-0.00012429802,0.0007648566,-0.0017918455,0.0,0.0,0.0,0.0,0,68.5
752388000,752388000,1.0000024,-0.00021874977,0.00089891005,-0.0018348851,0.0,0.0,0.0,0.0,0,68.52
752408000,752408000,1.0000023,-0.0003229254,0.0010355216,-0.0018746109,0.0,0.0,0.0,0.0,0,68.54
752428000,752428000,1.0000019,-0.00043687513,0.0011531607,-0.0019112212,0.0,0.0,0.0,0.0,0,68.56
752448000,752448000,1.0000017,-0.000558582,0.0012674874,-0.0019440483,0.0,0.0,0.0,0.0,0,68.58
752468000,752468000,1.0000014,-0.00068127876,0.001382307,-0.0019729855,0.0,0.0,0.0,0.0,0,68.6
752488000,752488000,1.0000011,-0.0008019431,0.0014981632,-0.0019980012,0.0,0.0,0.0,0.0,0,68.62
752508000,752508000,1.0000008,-0.00092360645,0.0016132004,-0.0020195642,0.0,0.0,0.0,0.0,0,68.64
752528000,752528000,1.0000005,-0.0010557941,0.0017189056,-0.0020378607,0.0,0.0,0.0,0.0,0,68.66
752548000,752548000,1.0000001,-0.0011970027,0.0018161454,-0.0020533504,0.0,0.0,0.0,0.0,0,68.68
752568000,752568000,0.9999997,-0.0013448233,0.0019058305,-0.0020665354,0.0,0.0,0.0,0.0,0,68.7
752588000,752588000,0.9999993,-0.0014859376,0.0019899665,-0.0020776957,0.0,0.0,0.0,0.0,0,68.72
752608000,752608000,0.9999989,-0.0016136409,0.002078433,-0.002086788,0.0,0.0,0.0,0.0,0,68.74
752628000,752628000,0.9999985,-0.0017327138,0.0021554069,-0.0020939899,0.0,0.0,0.0,0.0,0,68.76
752648000,752648000,0.9999982,-0.0018456405,0.0022124185,-0.0020993205,0.0,0.0,0.0,0.0,0,68.78
752668000,752668000,0.99999785,-0.0019496218,0.0022671511,-0.0021025103,0.0,0.0,0.0,0.0,0,68.8
752688000,752688000,0.99999756,-0.0020418386,0.0023191725,-0.0021037916,0.0,0.0,0.0,0.0,0,68.82
752708000,752708000,0.9999973,-0.002119316,0.0023630993,-0.0021031003,0.0,0.0,0.0,0.0,0,68.84
752728000,752728000,0.9999971,-0.0021897287,0.0024059324,-0.0021004775,0.0,0.0,0.0,0.0,0,68.86
752748000,752748000,0.99999684,-0.002251637,0.002446314,-0.002096384,0.0,0.0,0.0,0.0,0,68.88
752768000,752768000,0.99999666,-0.0022997102,0.0024787073,-0.0020908688,0.0,0.0,0.0,0.0,0,68.9
752788000,752788000,0.9999965,-0.0023393666,0.00250873,-0.002083543,0.0,0.0,0.0,0.0,0,68.92
752808000,752808000,0.99999636,-0.0023731538,0.0025388082,-0.002074448,0.0,0.0,0.0,0.0,0,68.94
752828000,752828000,0.99999624,-0.0023999978,0.0025643813,-0.0020637459,0.0,0.0,0.0,0.0,0,68.96
752848000,752848000,0.9999962,-0.0024290779,0.002572915,-0.0020516063,0.0,0.0,0.0,0.0,0,68.98
752868000,752868000,0.9999962,-0.0024549153,0.0025623858,-0.0020380467,0.0,0.0,0.0,0.0,0,69.0
752888000,752888000,0.9999962,-0.0024646057,0.0025517128,-0.0020236406,0.0,0.0,0.0,0.0,0,69.02
752908000,752908000,0.99999624,-0.0024632604,0.0025430236,-0.0020087035,0.0,0.0,0.0,0.0,0,69.04
752928000,752928000,0.99999636,-0.002461013,0.0025277718,-0.0019933253,0.0,0.0,0.0,0.0,0,69.06
752948000,752948000,0.9999965,-0.0024473409,0.002494151,-0.0019774241,0.0,0.0,0.0,0.0,0,69.08
752968000,752968000,0.9999967,-0.0024209062,0.0024493213,-0.0019614287,0.0,0.0,0.0,0.0,0,69.1
752988000,752988000,0.9999969,-0.0023862151,0.002401397,-0.0019454616,0.0,0.0,0.0,0.0,0,69.12
753008000,753008000,0.9999972,-0.002344812,0.0023529702,-0.0019295762,0.0,0.0,0.0,0.0,0,69.14
753028000,753028000,0.99999744,-0.0022977358,0.0023050406,-0.0019137945,0.0,0.0,0.0,0.0,0,69.16
753048000,753048000,0.9999977,-0.0022449747,0.0022578554,-0.0018981268,0.0,0.0,0.0,0.0,0,69.18
753068000,753068000,0.9999979,-0.0021869796,0.002211498,-0.0018825392,0.0,0.0,0.0,0.0,0,69.2
753088000,753088000,0.9999982,-0.0021246583,0.002164641,-0.0018670028,0.0,0.0,0.0,0.0,0,69.22
753108000,753108000,0.99999845,-0.00205738,0.0021181707,-0.0018515799,0.0,0.0,0.0,0.0,0,69.24
753128000,753128000,0.99999875,-0.0019874352,0.00206928,-0.0018361763,0.0,0.0,0.0,0.0,0,69.26
753148000,753148000,0.99999905,-0.0019197806,0.0020149308,-0.0018209844,0.0,0.0,0.0,0.0,0,69.28
753168000,753168000,0.9999993,-0.0018518309,0.0019574184,-0.0018061675,0.0,0.0,0.0,0.0,0,69.3
753188000,753188000,0.9999996,-0.0017931265,0.0018858088,-0.0017919926,0.0,0.0,0.0,0.0,0,69.32
753208000,753208000,0.9999998,-0.0017402308,0.0018074126,-0.001778364,0.0,0.0,0.0,0.0,0,69.34
753228000,753228000,1.0000001,-0.0016926153,0.0017326849,-0.0017655009,0.0,0.0,0.0,0.0,0,69.36
753248000,753248000,1.0000002,-0.0016532915,0.0016693501,-0.0017533924,0.0,0.0,0.0,0.0,0,69.38
753268000,753268000,1.0000005,-0.0016153199,0.0016124027,-0.0017414705,0.0,0.0,0.0,0.0,0,69.4
753288000,753288000,1.0000006,-0.0015731625,0.0015571918,-0.0017297793,0.0,0.0,0.0,0.0,0,69.42
753308000,753308000,1.0000007,-0.0015304594,0.0015077766,-0.001718547,0.0,0.0,0.0,0.0,0,69.44
753328000,753328000,1.000001,-0.0014858413,0.0014629433,-0.0017075158,0.0,0.0,0.0,0.0,0,69.46
753348000,753348000,1.0000011,-0.0014360524,0.0014195584,-0.001696613,0.0,0.0,0.0,0.0,0,69.48
753368000,753368000,1.0000012,-0.0013847301,0.0013716178,-0.0016863568,0.0,0.0,0.0,0.0,0,69.5
753388000,753388000,1.0000014,-0.0013417933,0.0013154165,-0.0016771072,0.0,0.0,0.0,0.0,0,69.52
753408000,753408000,1.0000015,-0.001308955,0.0012620216,-0.0016685481,0.0,0.0,0.0,0.0,0,69.54
753428000,753428000,1.0000017,-0.0012774231,0.0012089743,-0.0016603532,0.0,0.0,0.0,0.0,0,69.56
753448000,753448000,1.0000018,-0.0012501443,0.0011463778,-0.0016528866,0.0,0.0,0.0,0.0,0,69.58
753468000,753468000,1.0000019,-0.0012275549,0.0010742501,-0.0016459897,0.0,0.0,0.0,0.0,0,69.6
753488000,753488000,1.000002,-0.0012072653,0.0010009544,-0.00163946,0.0,0.0,0.0,0.0,0,69.62
753508000,753508000,1.0000021,-0.001181227,0.0009258815,-0.0016332872,0.0,0.0,0.0,0.0,0,69.64
753528000,753528000,1.0000023,-0.0011430506,0.00085503963,-0.001627512,0.0,0.0,0.0,0.0,0,69.66
753548000,753548000,1.0000024,-0.0010945781,0.0007872544,-0.0016219533,0.0,0.0,0.0,0.0,0,69.68
753568000,753568000,1.0000025,-0.0010397881,0.0007211185,-0.0016167926,0.0,0.0,0.0,0.0,0,69.7
753588000,753588000,1.0000025,-0.0009889551,0.00065144163,-0.0016124565,0.0,0.0,0.0,0.0,0,69.72
753608000,753608000,1.0000026,-0.00093482033,0.0005846336,-0.0016089849,0.0,0.0,0.0,0.0,0,69.74
753628000,753628000,1.0000027,-0.00087155594,0.00052886334,-0.0016063272,0.0,0.0,0.0,0.0,0,69.76
753648000,753648000,1.0000029,-0.0008029351,0.00048041955,-0.0016043568,0.0,0.0,0.0,0.0,0,69.78
753668000,753668000,1.0000029,-0.00073552615,0.00042782965,-0.0016035328,0.0,0.0,0.0,0.0,0,69.8
753688000,753688000,1.000003,-0.00066601794,0.0003850052,-0.0016037734,0.0,0.0,0.0,0.0,0,69.82
753708000,753708000,1.000003,-0.0005970901,0.00034752034,-0.0016049935,0.0,0.0,0.0,0.0,0,69.84
753728000,753728000,1.0000031,-0.0005386646,0.0003077296,-0.0016076199,0.0,0.0,0.0,0.0,0,69.86
753748000,753748000,1.0000031,-0.00048294937,0.00028004855,-0.0016113877,0.0,0.0,0.0,0.0,0,69.88
753768000,753768000,1.0000031,-0.00042664306,0.0002636809,-0.0016159159,0.0,0.0,0.0,0.0,0,69.9
753788000,753788000,1.0000031,-0.00037108408,0.0002560603,-0.0016208594,0.0,0.0,0.0,0.0,0,69.92
753808000,753808000,1.0000031,-0.0003152892,0.00024985583,-0.0016263243,0.0,0.0,0.0,0.0,0,69.94
753828000,753828000,1.0000031,-0.00026285992,0.00025082985,-0.0016322851,0.0,0.0,0.0,0.0,0,69.96
753848000,753848000,1.0000031,-0.00021189326,0.0002588578,-0.0016387539,0.0,0.0,0.0,0.0,0,69.98
753868000,753868000,1.0000031,-0.00016550427,0.0002774188,-0.001645647,0.0,0.0,0.0,0.0,0,70.0
753888000,753888000,1.0000031,-0.000117986456,0.00029889945,-0.0016524708,0.0,0.0,0.0,0.0,0,70.02
753908000,753908000,1.0000031,-6.711574e-05,0.00031952464,-0.0016592592,0.0,0.0,0.0,0.0,0,70.04
753928000,753928000,1.0000031,-1.6966173e-05,0.00034290514,-0.0016663128,0.0,0.0,0.0,0.0,0,70.06
753948000,753948000,1.0000031,3.10113e-05,0.0003682012,-0.0016731912,0.0,0.0,0.0,0.0,0,70.08
753968000,753968000,1.0000031,7.66575e-05,0.0003908863,-0.0016801108,0.0,0.0,0.0,0.0,0,70.1
753988000,753988000,1.000003,0.00011889292,0.0004136613,-0.0016872308,0.0,0.0,0.0,0.0,0,70.12
754008000,754008000,1.000003,0.00015932936,0.00042840897,-0.001694633,0.0,0.0,0.0,0.0,0,70.14
754028000,754028000,1.000003,0.00019742038,0.00044000312,-0.0017023087,0.0,0.0,0.0,0.0,0,70.16
754048000,754048000,1.000003,0.00023286068,0.00045265537,-0.0017105227,0.0,0.0,0.0,0.0,0,70.18
754068000,754068000,1.000003,0.00026793228,0.0004704478,-0.001718813,0.0,0.0,0.0,0.0,0,70.2
754088000,754088000,1.0000029,0.00030766407,0.0004898161,-0.0017271611,0.0,0.0,0.0,0.0,0,70.22
754108000,754108000,1.0000029,0.0003533477,0.0005095646,-0.0017354646,0.0,0.0,0.0,0.0,0,70.24
754128000,754128000,1.0000029,0.00040604034,0.00052875583,-0.0017437172,0.0,0.0,0.0,0.0,0,70.26
754148000,754148000,1.0000027,0.00046473087,0.00054580334,-0.0017519776,0.0,0.0,0.0,0.0,0,70.28
754168000,754168000,1.0000027,0.0005204591,0.0005518453,-0.0017602844,0.0,0.0,0.0,0.0,0,70.3
754188000,754188000,1.0000026,0.0005779392,0.00055145257,-0.0017686432,0.0,0.0,0.0,0.0,0,70.32
754208000,754208000,1.0000026,0.0006393583,0.00054929906,-0.0017770873,0.0,0.0,0.0,0.0,0,70.34
754228000,754228000,1.0000025,0.000703452,0.0005489403,-0.001785784,0.0,0.0,0.0,0.0,0,70.36
754248000,754248000,1.0000025,0.0007702093,0.0005512732,-0.001793934,0.0,0.0,0.0,0.0,0,70.38
754268000,754268000,0.9999958,0.00011677411,0.0037801382,-0.0017796928,0.0,0.0,0.0,0.0,0,70.4
754288000,754288000,0.9998795,-0.0024853332,0.015527257,-0.0017074136,0.0,0.0,0.0,0.0,0,70.42
754308000,754308000,0.9993742,-0.007014302,0.034766175,-0.0015556414,0.0,0.0,0.0,0.0,0,70.44
754328000,754328000,0.9982117,-0.013014185,0.05840768,-0.0013156271,0.0,0.0,0.0,0.0,0,70.46
754348000,754348000,0.99628407,-0.019983606,0.083826296,-0.0009769293,0.0,0.0,0.0,0.0,0,70.48
754368000,754368000,0.9936025,-0.02756847,0.109557614,-0.00052813644,0.0,0.0,0.0,0.0,0,70.5
754388000,754388000,0.99024516,-0.03538647,0.1348013,2.8888213e-05,0.0,0.0,0.0,0.0,0,70.52
754408000,754408000,0.98635644,-0.043225303,0.15887465,0.00070502766,0.0,0.0,0.0,0.0,0,70.54
754428000,754428000,0.98208225,-0.05087701,0.18147403,0.0014927947,0.0,0.0,0.0,0.0,0,70.56
754448000,754448000,0.977601,-0.05819043,0.202271,0.0023913998,0.0,0.0,0.0,0.0,0,70.58
754468000,754468000,0.9730594,-0.065063715,0.22117782,0.0033925932,0.0,0.0,0.0,0.0,0,70.6
754488000,754488000,0.9685726,-0.0714112,0.23823635,0.00447918,0.0,0.0,0.0,0.0,0,70.62
754508000,754508000,0.964245,-0.07721282,0.25346968,0.005646803,0.0,0.0,0.0,0.0,0,70.64
754528000,754528000,0.9601325,-0.08243618,0.26704252,0.0068746815,0.0,0.0,0.0,0.0,0,70.66
754548000,754548000,0.9562921,-0.08711285,0.27903277,0.008162935,0.0,0.0,0.0,0.0,0,70.68
754568000,754568000,0.95273995,-0.09122131,0.28962797,0.0094849635,0.0,0.0,0.0,0.0,0,70.7
754588000,754588000,0.94948995,-0.094818324,0.29894805,0.010841434,0.0,0.0,0.0,0.0,0,70.72
754608000,754608000,0.9465367,-0.09790575,0.3071525,0.012211743,0.0,0.0,0.0,0.0,0,70.74
754628000,754628000,0.94387454,-0.10054244,0.3143506,0.013596981,0.0,0.0,0.0,0.0,0,70.76
754648000,754648000,0.941484,-0.102748685,0.32067943,0.014982066,0.0,0.0,0.0,0.0,0,70.78
754668000,754668000,0.9393526,-0.10457295,0.3262245,0.016366804,0.0,0.0,0.0,0.0,0,70.8
754688000,754688000,0.9374576,-0.10604512,0.3310921,0.017741783,0.0,0.0,0.0,0.0,0,70.82
754708000,754708000,0.9357796,-0.10721325,0.3353594,0.019106764,0.0,0.0,0.0,0.0,0,70.84
754728000,754728000,0.93429583,-0.108107336,0.3391088,0.020454785,0.0,0.0,0.0,0.0,0,70.86
754748000,754748000,0.93299055,-0.1087634,0.34239414,0.02178404,0.0,0.0,0.0,0.0,0,70.88
754768000,754768000,0.93184054,-0.10920916,0.34528622,0.023088437,0.0,0.0,0.0,0.0,0,70.9
754788000,754788000,0.9308298,-0.10947242,0.34783202,0.024364563,0.0,0.0,0.0,0.0,0,70.92
754808000,754808000,0.9299398,-0.10957966,0.35008225,0.025608568,0.0,0.0,0.0,0.0,0,70.94
754828000,754828000,0.92916185,-0.10955295,0.35206005,0.026818521,0.0,0.0,0.0,0.0,0,70.96
754848000,754848000,0.9284803,-0.109405965,0.35380837,0.02798784,0.0,0.0,0.0,0.0,0,70.98
754868000,754868000,0.92788357,-0.109160714,0.35535535,0.02911519,0.0,0.0,0.0,0.0,0,71.0
754888000,754888000,0.9273733,-0.10883568,0.35669374,0.030203382,0.0,0.0,0.0,0.0,0,71.02
754908000,754908000,0.9270166,-0.10840473,0.35765997,0.0312587,0.0,0.0,0.0,0.0,0,71.04
754928000,754928000,0.92693186,-0.10781387,0.35796627,0.03229144,0.0,0.0,0.0,0.0,0,71.06
754948000,754948000,0.9271964,-0.10702357,0.35742518,0.033303544,0.0,0.0,0.0,0.0,0,71.08
754968000,754968000,0.9278279,-0.10601845,0.35599023,0.03428692,0.0,0.0,0.0,0.0,0,71.1
754988000,754988000,0.9288169,-0.10479698,0.35367298,0.035230976,0.0,0.0,0.0,0.0,0,71.12
755008000,755008000,0.93013585,-0.10337093,0.35052216,0.036125015,0.0,0.0,0.0,0.0,0,71.14
755024000,755024000,0.9314137,-0.102085106,0.34742224,0.036796253,0.0,0.0,0.0,0.0,0,71.156
755044000,755044000,0.933261,-0.10031183,0.3428686,0.03757321,0.0,0.0,0.0,0.0,0,71.176
755064000,755064000,0.9353711,-0.0983506,0.3375685,0.038271233,0.0,0.0,0.0,0.0,0,71.196
755084000,755084000,0.93771154,-0.09622819,0.33156323,0.038886674,0.0,0.0,0.0,0.0,0,71.216
755104000,755104000,0.94026357,-0.09393401,0.32486472,0.03940671,0.0,0.0,0.0,0.0,0,71.236
755124000,755124000,0.94299686,-0.091481544,0.31750765,0.03982528,0.0,0.0,0.0,0.0,0,71.256
755144000,755144000,0.9458965,-0.08885431,0.3094887,0.04013114,0.0,0.0,0.0,0.0,0,71.276
755164000,755164000,0.94893056,-0.08609252,0.30083477,0.040329035,0.0,0.0,0.0,0.0,0,71.296
755184000,755184000,0.9520781,-0.08317152,0.29155833,0.04040534,0.0,0.0,0.0,0.0,0,71.316
755204000,755204000,0.9553074,-0.08013373,0.28168404,0.040367253,0.0,0.0,0.0,0.0,0,71.336
755224000,755224000,0.9585946,-0.076946445,0.2712353,0.040200513,0.0,0.0,0.0,0.0,0,71.356
755244000,755244000,0.9619038,-0.0736547,0.260254,0.039912295,0.0,0.0,0.0,0.0,0,71.376
755264000,755264000,0.96520996,-0.070221715,0.24877371,0.03948929,0.0,0.0,0.0,0.0,0,71.396
755284000,755284000,0.9684895,-0.066695474,0.23679546,0.038944956,0.0,0.0,0.0,0.0,0,71.416
755304000,755304000,0.97170925,-0.063051954,0.2243883,0.038269985,0.0,0.0,0.0,0.0,0,71.436
755324000,755324000,0.97484475,-0.059326902,0.21157227,0.03747476,0.0,0.0,0.0,0.0,0,71.456
755344000,755344000,0.9778656,-0.05549944,0.19842306,0.03655357,0.0,0.0,0.0,0.0,0,71.476
755364000,755364000,0.98075575,-0.051603783,0.18493967,0.03551925,0.0,0.0,0.0,0.0,0,71.496
755384000,755384000,0.9834868,-0.04762675,0.17121117,0.034370653,0.0,0.0,0.0,0.0,0,71.516
755404000,755404000,0.986045,-0.043590274,0.1572494,0.0331187,0.0,0.0,0.0,0.0,0,71.536
755424000,755424000,0.98840475,-0.03949692,0.14316437,0.03176659,0.0,0.0,0.0,0.0,0,71.556
755444000,755444000,0.99056125,-0.035351273,0.12895024,0.030325163,0.0,0.0,0.0,0.0,0,71.576
755464000,755464000,0.99249655,-0.031172719,0.11470982,0.028802687,0.0,0.0,0.0,0.0,0,71.596
755484000,755484000,0.994207,-0.026966516,0.10046857,0.027209697,0.0,0.0,0.0,0.0,0,71.616
755504000,755504000,0.9956843,-0.022758136,0.086317524,0.025556918,0.0,0.0,0.0,0.0,0,71.636
755524000,755524000,0.9969323,-0.0185335,0.07226713,0.023854734,0.0,0.0,0.0,0.0,0,71.656
755544000,755544000,0.9979499,-0.014341023,0.05839816,0.022116689,0.0,0.0,0.0,0.0,0,71.676
755564000,755564000,0.9987441,-0.010166549,0.044740822,0.020353759,0.0,0.0,0.0,0.0,0,71.696
755584000,755584000,0.99932194,-0.006040818,0.031354744,0.018578827,0.0,0.0,0.0,0.0,0,71.716
755604000,755604000,0.9996947,-0.0019469232,0.018260943,0.016802821,0.0,0.0,0.0,0.0,0,71.736
755624000,755624000,0.99987423,0.0020683487,0.005500227,0.015038111,0.0,0.0,0.0,0.0,0,71.756
755644000,755644000,0.9998742,0.0060277716,-0.006904001,0.013295821,0.0,0.0,0.0,0.0,0,71.776
755664000,755664000,0.99970996,0.009873613,-0.018904168,0.011586516,0.0,0.0,0.0,0.0,0,71.796
755684000,755684000,0.9993973,0.013639178,-0.030491525,0.0099210655,0.0,0.0,0.0,0.0,0,71.816
755704000,755704000,0.9989528,0.017279385,-0.041651383,0.008308006,0.0,0.0,0.0,0.0,0,71.836
755724000,755724000,0.9983923,0.020825054,-0.052369855,0.0067576435,0.0,0.0,0.0,0.0,0,71.856
755744000,755744000,0.99773246,0.02423707,-0.06263974,0.005277028,0.0,0.0,0.0,0.0,0,71.876
755764000,755764000,0.9969887,0.027544761,-0.072448716,0.0038756959,0.0,0.0,0.0,0.0,0,71.896
755784000,755784000,0.99617684,0.030709386,-0.08179955,0.0025577657,0.0,0.0,0.0,0.0,0,71.916
755804000,755804000,0.99530816,0.03375419,-0.09071713,0.0013303751,0.0,0.0,0.0,0.0,0,71.936
755824000,755824000,0.99439937,0.036629446,-0.09918309,0.00019485544,0.0,0.0,0.0,0.0,0,71.956
755844000,755844000,0.99346024,0.039370004,-0.10721535,-0.00084170065,0.0,0.0,0.0,0.0,0,71.976
755864000,755864000,0.99250406,0.04194804,-0.11481295,-0.001778564,0.0,0.0,0.0,0.0,0,71.996
755884000,755884000,0.99153876,0.044385903,-0.12199605,-0.0026114222,0.0,0.0,0.0,0.0,0,72.016
755904000,755904000,0.99057746,0.04665283,-0.12875457,-0.003341877,0.0,0.0,0.0,0.0,0,72.036
755924000,755924000,0.98962384,0.04877238,-0.13512671,-0.0039675427,0.0,0.0,0.0,0.0,0,72.056
755944000,755944000,0.9886906,0.05072117,-0.141093,-0.0044899853,0.0,0.0,0.0,0.0,0,72.076
755964000,755964000,0.9877797,0.052514523,-0.1466918,-0.0049096374,0.0,0.0,0.0,0.0,0,72.096
755984000,755984000,0.9869009,0.054135043,-0.15191336,-0.0052296566,0.0,0.0,0.0,0.0,0,72.116
756004000,756004000,0.9860556,0.055592086,-0.15679044,-0.00545196,0.0,0.0,0.0,0.0,0,72.136
756024000,756024000,0.98525155,0.05689184,-0.1613095,-0.0055771014,0.0,0.0,0.0,0.0,0,72.156
756044000,756044000,0.9844884,0.05804888,-0.16550101,-0.005606958,0.0,0.0,0.0,0.0,0,72.176
756064000,756064000,0.98377275,0.059062134,-0.16935538,-0.005544205,0.0,0.0,0.0,0.0,0,72.196
756084000,756084000,0.9831029,0.05992717,-0.17290871,-0.0053959214,0.0,0.0,0.0,0.0,0,72.216
756104000,756104000,0.9824825,0.060652036,-0.17615864,-0.005164646,0.0,0.0,0.0,0.0,0,72.236
756124000,756124000,0.98191035,0.06124275,-0.17912838,-0.0048553683,0.0,0.0,0.0,0.0,0,72.256
756144000,756144000,0.9813891,0.061709084,-0.18181454,-0.0044706436,0.0,0.0,0.0,0.0,0,72.276
756164000,756164000,0.9809184,0.062060215,-0.18422973,-0.0040147007,0.0,0.0,0.0,0.0,0,72.296
756184000,756184000,0.9804984,0.062301952,-0.1863823,-0.0034923593,0.0,0.0,0.0,0.0,0,72.316
756204000,756204000,0.98012817,0.062432036,-0.18828608,-0.0029105637,0.0,0.0,0.0,0.0,0,72.336
756224000,756224000,0.97980833,0.062455833,-0.18994437,-0.002274655,0.0,0.0,0.0,0.0,0,72.356
756244000,756244000,0.9795384,0.062383432,-0.19136219,-0.0015886405,0.0,0.0,0.0,0.0,0,72.376
756264000,756264000,0.97931623,0.06222078,-0.19255286,-0.000858242,0.0,0.0,0.0,0.0,0,72.396
756284000,756284000,0.9791401,0.06197436,-0.1935276,-8.905376e-05,0.0,0.0,0.0,0.0,0,72.416
756304000,756304000,0.97900933,0.061654463,-0.19428854,0.0007146777,0.0,0.0,0.0,0.0,0,72.436
756324000,756324000,0.9789217,0.061262544,-0.19484845,0.0015460053,0.0,0.0,0.0,0.0,0,72.456
756344000,756344000,0.97887546,0.060799405,-0.19521675,0.0023982034,0.0,0.0,0.0,0.0,0,72.476
756364000,756364000,0.97887015,0.060275856,-0.19539317,0.0032672847,0.0,0.0,0.0,0.0,0,72.496
756384000,756384000,0.9789052,0.05969775,-0.19537833,0.0041483557,0.0,0.0,0.0,0.0,0,72.516
756404000,756404000,0.9789766,0.0590669,-0.19519143,0.005034696,0.0,0.0,0.0,0.0,0,72.536
756424000,756424000,0.97908324,0.05839142,-0.19483446,0.005922008,0.0,0.0,0.0,0.0,0,72.556
756444000,756444000,0.97922546,0.05768056,-0.19430205,0.0068062274,0.0,0.0,0.0,0.0,0,72.576
756464000,756464000,0.9793992,0.05693971,-0.19361083,0.0076810075,0.0,0.0,0.0,0.0,0,72.596
756484000,756484000,0.97960305,0.056173123,-0.1927657,0.008541429,0.0,0.0,0.0,0.0,0,72.616
756504000,756504000,0.97983885,0.055386428,-0.19175288,0.00938432,0.0,0.0,0.0,0.0,0,72.636
756524000,756524000,0.98010665,0.05457247,-0.1905724,0.01020387,0.0,0.0,0.0,0.0,0,72.656
756544000,756544000,0.98041016,0.0537321,-0.18920088,0.010996937,0.0,0.0,0.0,0.0,0,72.676
756564000,756564000,0.9807511,0.052860472,-0.18762708,0.01175862,0.0,0.0,0.0,0.0,0,72.696
756584000,756584000,0.9811292,0.051947266,-0.1858498,0.012483086,0.0,0.0,0.0,0.0,0,72.716
756604000,756604000,0.981541,0.051006973,-0.18387848,0.01316883,0.0,0.0,0.0,0.0,0,72.736
756624000,756624000,0.98198503,0.05003789,-0.18171379,0.01381201,0.0,0.0,0.0,0.0,0,72.756
756644000,756644000,0.98245996,0.049042363,-0.17935641,0.014410086,0.0,0.0,0.0,0.0,0,72.776
756664000,756664000,0.9829637,0.048018325,-0.17681052,0.014959887,0.0,0.0,0.0,0.0,0,72.796
756684000,756684000,0.98349136,0.04697544,-0.17409244,0.0154601075,0.0,0.0,0.0,0.0,0,72.816
756704000,756704000,0.98403865,0.045911618,-0.17121945,0.015907625,0.0,0.0,0.0,0.0,0,72.836
756724000,756724000,0.9846031,0.044837452,-0.1681954,0.016302805,0.0,0.0,0.0,0.0,0,72.856
756744000,756744000,0.98517895,0.04375481,-0.16504548,0.016643547,0.0,0.0,0.0,0.0,0,72.876
756764000,756764000,0.9857622,0.042671807,-0.16178562,0.016929498,0.0,0.0,0.0,0.0,0,72.896
756784000,756784000,0.9863506,0.041591205,-0.15842143,0.017160289,0.0,0.0,0.0,0.0,0,72.916
756804000,756804000,0.98694175,0.040516138,-0.15496138,0.017335711,0.0,0.0,0.0,0.0,0,72.936
756824000,756824000,0.9875333,0.03945278,-0.15141301,0.017456438,0.0,0.0,0.0,0.0,0,72.956
756844000,756844000,0.98812145,0.03840562,-0.14779389,0.017523019,0.0,0.0,0.0,0.0,0,72.976
756864000,756864000,0.98870385,0.03737129,-0.14411716,0.017535098,0.0,0.0,0.0,0.0,0,72.996
756884000,756884000,0.9892772,0.036356196,-0.14039944,0.017493948,0.0,0.0,0.0,0.0,0,73.016
756904000,756904000,0.9898403,0.03536642,-0.13664426,0.017401554,0.0,0.0,0.0,0.0,0,73.036
756924000,756924000,0.9903913,0.03439769,-0.13286504,0.017258178,0.0,0.0,0.0,0.0,0,73.056
756944000,756944000,0.9909291,0.033449896,-0.12906781,0.01706554,0.0,0.0,0.0,0.0,0,73.076
756964000,756964000,0.9914515,0.032522522,-0.12526886,0.016824983,0.0,0.0,0.0,0.0,0,73.096
756984000,756984000,0.99195904,0.03161734,-0.12146255,0.016538965,0.0,0.0,0.0,0.0,0,73.116
757004000,757004000,0.9924506,0.030736633,-0.11765825,0.016209694,0.0,0.0,0.0,0.0,0,73.136
757024000,757024000,0.99292535,0.029882014,-0.11386167,0.015839966,0.0,0.0,0.0,0.0,0,73.156
757044000,757044000,0.9933821,0.029052394,-0.11008608,0.015432055,0.0,0.0,0.0,0.0,0,73.176
757064000,757064000,0.9938207,0.028246833,-0.10633403,0.014988706,0.0,0.0,0.0,0.0,0,73.196
757084000,757084000,0.99424136,0.027458996,-0.10260889,0.014512018,0.0,0.0,0.0,0.0,0,73.216
757104000,757104000,0.9946437,0.02669448,-0.098915726,0.0140054,0.0,0.0,0.0,0.0,0,73.236
757124000,757124000,0.9950269,0.025949974,-0.09526689,0.01347126,0.0,0.0,0.0,0.0,0,73.256
757144000,757144000,0.99539113,0.025228938,-0.09166413,0.012913099,0.0,0.0,0.0,0.0,0,73.276
757164000,757164000,0.99573684,0.024524068,-0.0881118,0.012333254,0.0,0.0,0.0,0.0,0,73.296
757184000,757184000,0.99606436,0.023841228,-0.08460916,0.011735461,0.0,0.0,0.0,0.0,0,73.316
757204000,757204000,0.9963744,0.023178909,-0.08115497,0.01112265,0.0,0.0,0.0,0.0,0,73.336
757224000,757224000,0.99666667,0.022539653,-0.07775875,0.010497854,0.0,0.0,0.0,0.0,0,73.356
757244000,757244000,0.9969413,0.021916693,-0.07442782,0.009863335,0.0,0.0,0.0,0.0,0,73.376
757264000,757264000,0.9971983,0.021313474,-0.07117185,0.00922209,0.0,0.0,0.0,0.0,0,73.396
757284000,757284000,0.9974387,0.020728745,-0.06798404,0.008576886,0.0,0.0,0.0,0.0,0,73.416
757304000,757304000,0.9976632,0.02016673,-0.06486644,0.007931019,0.0,0.0,0.0,0.0,0,73.436
757324000,757324000,0.9978723,0.01961759,-0.0618227,0.0072863516,0.0,0.0,0.0,0.0,0,73.456
757344000,757344000,0.9980666,0.019087426,-0.058853067,0.0066458345,0.0,0.0,0.0,0.0,0,73.476
757364000,757364000,0.99824715,0.01856966,-0.055953287,0.006011526,0.0,0.0,0.0,0.0,0,73.496
757384000,757384000,0.9984143,0.018062487,-0.05312943,0.005385372,0.0,0.0,0.0,0.0,0,73.516
757404000,757404000,0.9985689,0.017560268,-0.050380427,0.004769248,0.0,0.0,0.0,0.0,0,73.536
757424000,757424000,0.99871147,0.017066086,-0.047706433,0.004165346,0.0,0.0,0.0,0.0,0,73.556
757444000,757444000,0.9988427,0.016577737,-0.04510779,0.0035754715,0.0,0.0,0.0,0.0,0,73.576
757464000,757464000,0.9989632,0.01609577,-0.04258655,0.0030013316,0.0,0.0,0.0,0.0,0,73.596
757484000,757484000,0.9990736,0.015616913,-0.040139645,0.0024445073,0.0,0.0,0.0,0.0,0,73.616
757504000,757504000,0.9991744,0.015142862,-0.0377708,0.001906425,0.0,0.0,0.0,0.0,0,73.636
757524000,757524000,0.9992662,0.014674494,-0.035480205,0.001388582,0.0,0.0,0.0,0.0,0,73.656
757544000,757544000,0.9993493,0.014219315,-0.033272475,0.00089231465,0.0,0.0,0.0,0.0,0,73.676
757564000,757564000,0.99942434,0.013774033,-0.031148473,0.0004187013,0.0,0.0,0.0,0.0,0,73.696
757584000,757584000,0.9994919,0.013335659,-0.029108541,-3.1361797e-05,0.0,0.0,0.0,0.0,0,73.716
757604000,757604000,0.9995525,0.012903065,-0.027151784,-0.00045723925,0.0,0.0,0.0,0.0,0,73.736
757624000,757624000,0.9996068,0.012476339,-0.025277657,-0.00085858617,0.0,0.0,0.0,0.0,0,73.756
757644000,757644000,0.9996555,0.012053784,-0.023477983,-0.001234956,0.0,0.0,0.0,0.0,0,73.776
757664000,757664000,0.9996989,0.011638232,-0.021756658,-0.0015860437,0.0,0.0,0.0,0.0,0,73.796
757684000,757684000,0.9997375,0.011226124,-0.020107651,-0.0019115506,0.0,0.0,0.0,0.0,0,73.816
757704000,757704000,0.9997718,0.010819136,-0.018536674,-0.0022110657,0.0,0.0,0.0,0.0,0,73.836
757724000,757724000,0.9998021,0.010417383,-0.017034829,-0.00248424,0.0,0.0,0.0,0.0,0,73.856
757744000,757744000,0.99982876,0.010025064,-0.015606232,-0.0027311419,0.0,0.0,0.0,0.0,0,73.876
757764000,757764000,0.9998521,0.009639282,-0.014256647,-0.0029522185,0.0,0.0,0.0,0.0,0,73.896
757784000,757784000,0.99987245,0.009255214,-0.012984492,-0.003147873,0.0,0.0,0.0,0.0,0,73.916
757804000,757804000,0.99989027,0.008875232,-0.011781305,-0.003318447,0.0,0.0,0.0,0.0,0,73.936
757824000,757824000,0.9999057,0.00849747,-0.010651813,-0.0034646657,0.0,0.0,0.0,0.0,0,73.956
757844000,757844000,0.9999191,0.008121517,-0.009594955,-0.0035871791,0.0,0.0,0.0,0.0,0,73.976
757864000,757864000,0.99993074,0.007749491,-0.008602333,-0.0036864174,0.0,0.0,0.0,0.0,0,73.996
757884000,757884000,0.9999408,0.00738904,-0.007666141,-0.003762997,0.0,0.0,0.0,0.0,0,74.016
757904000,757904000,0.99994946,0.0070352573,-0.0067904512,-0.0038177173,0.0,0.0,0.0,0.0,0,74.036
757924000,757924000,0.99995697,0.0066822893,-0.005976284,-0.00385158,0.0,0.0,0.0,0.0,0,74.056
757944000,757944000,0.99996346,0.006329618,-0.0052178763,-0.0038654464,0.0,0.0,0.0,0.0,0,74.076
757964000,757964000,0.99996907,0.005986304,-0.00450421,-0.0038603405,0.0,0.0,0.0,0.0,0,74.096
757984000,757984000,0.99997383,0.005654104,-0.0038336634,-0.0038373845,0.0,0.0,0.0,0.0,0,74.116
758004000,758004000,0.99997795,0.005334954,-0.0032063958,-0.0037977102,0.0,0.0,0.0,0.0,0,74.136
758024000,758024000,0.99998146,0.0050303875,-0.0026196372,-0.003742218,0.0,0.0,0.0,0.0,0,74.156
758044000,758044000,0.99998444,0.00473826,-0.002071694,-0.0036722077,0.0,0.0,0.0,0.0,0,74.176
758064000,758064000,0.9999869,0.004469321,-0.0015566598,-0.0035885903,0.0,0.0,0.0,0.0,0,74.196
758084000,758084000,0.999989,0.0042170086,-0.0010804891,-0.0034924173,0.0,0.0,0.0,0.0,0,74.216
758104000,758104000,0.99999076,0.0039683795,-0.00064563245,-0.0033845883,0.0,0.0,0.0,0.0,0,74.236
758124000,758124000,0.99999225,0.0037263383,-0.00025029836,-0.0032661902,0.0,0.0,0.0,0.0,0,74.256
758144000,758144000,0.9999935,0.0034975384,0.00010609827,-0.003138583,0.0,0.0,0.0,0.0,0,74.276
758164000,758164000,0.9999946,0.0032873815,0.00043234782,-0.0030028003,0.0,0.0,0.0,0.0,0,74.296
758184000,758184000,0.9999954,0.0030959628,0.0007231906,-0.0028595864,0.0,0.0,0.0,0.0,0,74.316
758204000,758204000,0.9999961,0.002915326,0.0009785385,-0.0027098015,0.0,0.0,0.0,0.0,0,74.336
758224000,758224000,0.9999968,0.002745854,0.0012076704,-0.0025550975,0.0,0.0,0.0,0.0,0,74.356
758244000,758244000,0.9999973,0.0025895908,0.0014150864,-0.0023964343,0.0,0.0,0.0,0.0,0,74.376
758264000,758264000,0.9999978,0.0024478058,0.0016070327,-0.002235131,0.0,0.0,0.0,0.0,0,74.396
758284000,758284000,0.99999815,0.0023129652,0.0017684187,-0.002072149,0.0,0.0,0.0,0.0,0,74.416
758304000,758304000,0.9999985,0.0021925878,0.0018926272,-0.001908543,0.0,0.0,0.0,0.0,0,74.436
758324000,758324000,0.99999887,0.002092012,0.0019882154,-0.0017451344,0.0,0.0,0.0,0.0,0,74.456
758344000,758344000,0.99999917,0.0020018339,0.0020520063,-0.0015824694,0.0,0.0,0.0,0.0,0,74.476
758364000,758364000,0.9999995,0.0019194756,0.002097527,-0.0014209001,0.0,0.0,0.0,0.0,0,74.496
758384000,758384000,0.99999976,0.0018491357,0.0021289145,-0.0012610741,0.0,0.0,0.0,0.0,0,74.516
758404000,758404000,1.0,0.0017904503,0.0021476818,-0.0011038311,0.0,0.0,0.0,0.0,0,74.536
758424000,758424000,1.0000004,0.0017311828,0.0021455777,-0.0009499158,0.0,0.0,0.0,0.0,0,74.556
758444000,758444000,1.0000006,0.0016764224,0.002127677,-0.0007995525,0.0,0.0,0.0,0.0,0,74.576
758464000,758464000,1.0000008,0.0016322032,0.0020970101,-0.00065341865,0.0,0.0,0.0,0.0,0,74.596
758484000,758484000,1.0000011,0.001595584,0.0020598709,-0.0005119977,0.0,0.0,0.0,0.0,0,74.616
758504000,758504000,1.0000012,0.0015697909,0.0020142163,-0.00037579358,0.0,0.0,0.0,0.0,0,74.636
758524000,758524000,1.0000014,0.001559064,0.0019562736,-0.00024508472,0.0,0.0,0.0,0.0,0,74.656
758544000,758544000,1.0000015,0.0015660679,0.0018834539,-0.000120218356,0.0,0.0,0.0,0.0,0,74.676
758564000,758564000,1.0000017,0.0015823301,0.0017987152,-1.7481545e-06,0.0,0.0,0.0,0.0,0,74.696
758584000,758584000,1.0000018,0.0015950545,0.0016995583,0.00011018381,0.0,0.0,0.0,0.0,0,74.716
758604000,758604000,1.0000019,0.0016082941,0.0015935708,0.00021544816,0.0,0.0,0.0,0.0,0,74.736
758624000,758624000,1.000002,0.0016291293,0.001477216,0.00031373228,0.0,0.0,0.0,0.0,0,74.756
758644000,758644000,1.0000021,0.0016548942,0.0013515253,0.00040491525,0.0,0.0,0.0,0.0,0,74.776
758664000,758664000,1.0000023,0.0016781854,0.0012242766,0.0004889948,0.0,0.0,0.0,0.0,0,74.796
758684000,758684000,1.0000024,0.0017028619,0.0010775409,0.0005663493,0.0,0.0,0.0,0.0,0,74.816
758704000,758704000,1.0000025,0.0017258547,0.0009091068,0.00063654955,0.0,0.0,0.0,0.0,0,74.836
758724000,758724000,1.0000025,0.0017478277,0.00072891597,0.00069941446,0.0,0.0,0.0,0.0,0,74.856
758744000,758744000,1.0000025,0.0017811878,0.0005540967,0.0007552051,0.0,0.0,0.0,0.0,0,74.876
758764000,758764000,1.0000025,0.0018213725,0.0003818337,0.00080435147,0.0,0.0,0.0,0.0,0,74.896
758784000,758784000,1.0000024,0.0018626251,0.00020757678,0.0008469991,0.0,0.0,0.0,0.0,0,74.916
758804000,758804000,1.0000024,0.0019040415,2.6536438e-05,0.0008832849,0.0,0.0,0.0,0.0,0,74.936
758824000,758824000,1.0000023,0.0019534524,-0.00016873157,0.00091287395,0.0,0.0,0.0,0.0,0,74.956
758844000,758844000,1.000002,0.002009709,-0.0003687003,0.0009361505,0.0,0.0,0.0,0.0,0,74.976
758864000,758864000,1.0000018,0.0020620825,-0.00056626374,0.0009529315,0.0,0.0,0.0,0.0,0,74.996
758884000,758884000,1.0000015,0.0021092435,-0.00076689327,0.0009635866,0.0,0.0,0.0,0.0,0,75.016
758904000,758904000,1.0000013,0.0021544734,-0.00096925074,0.00096830755,0.0,0.0,0.0,0.0,0,75.036
758924000,758924000,1.000001,0.002198725,-0.0011696909,0.0009676085,0.0,0.0,0.0,0.0,0,75.056
758944000,758944000,1.0000006,0.0022443067,-0.0013553472,0.0009620181,0.0,0.0,0.0,0.0,0,75.076
758964000,758964000,1.0000004,0.0022907008,-0.0015345234,0.0009517046,0.0,0.0,0.0,0.0,0,75.096
758984000,758984000,0.99999994,0.00233492,-0.0017139333,0.00093726994,0.0,0.0,0.0,0.0,0,75.116
759004000,759004000,0.9999995,0.002378654,-0.0018936398,0.0009189408,0.0,0.0,0.0,0.0,0,75.136
759024000,759024000,0.99999905,0.002422247,-0.0020734165,0.0008968332,0.0,0.0,0.0,0.0,0,75.156
759044000,759044000,0.9999986,0.0024659343,-0.0022433898,0.00087098504,0.0,0.0,0.0,0.0,0,75.176
759064000,759064000,0.99999815,0.0025074854,-0.002400115,0.000841568,0.0,0.0,0.0,0.0,0,75.196
759084000,759084000,0.99999774,0.0025487156,-0.002553143,0.0008092174,0.0,0.0,0.0,0.0,0,75.216
759104000,759104000,0.99999726,0.0025895878,-0.0027055547,0.000774268,0.0,0.0,0.0,0.0,0,75.236
759124000,759124000,0.9999968,0.00263515,-0.0028468268,0.00073662546,0.0,0.0,0.0,0.0,0,75.256
759144000,759144000,0.9999963,0.0026765636,-0.0029736503,0.00069653353,0.0,0.0,0.0,0.0,0,75.276
759164000,759164000,0.9999959,0.002712599,-0.0030904557,0.0006545628,0.0,0.0,0.0,0.0,0,75.296
759184000,759184000,0.99999547,0.0027473115,-0.003204123,0.0006109038,0.0,0.0,0.0,0.0,0,75.316
759204000,759204000,0.99999505,0.0027808456,-0.003316982,0.00056567765,0.0,0.0,0.0,0.0,0,75.336
759224000,759224000,0.9999946,0.002811156,-0.0034291,0.00051900407,0.0,0.0,0.0,0.0,0,75.356
759244000,759244000,0.9999942,0.0028314197,-0.003525635,0.0004716411,0.0,0.0,0.0,0.0,0,75.376
759264000,759264000,0.9999939,0.00284432,-0.0036096768,0.00042373623,0.0,0.0,0.0,0.0,0,75.396
759284000,759284000,0.9999936,0.0028571615,-0.0036839058,0.00037540463,0.0,0.0,0.0,0.0,0,75.416
759304000,759304000,0.9999933,0.0028665967,-0.0037519943,0.0003273993,0.0,0.0,0.0,0.0,0,75.436
759324000,759324000,0.99999315,0.0028642048,-0.0038070225,0.00028007844,0.0,0.0,0.0,0.0,0,75.456
759344000,759344000,0.9999931,0.0028536702,-0.003841323,0.0002332473,0.0,0.0,0.0,0.0,0,75.476
759364000,759364000,0.999993,0.0028373464,-0.0038723412,0.00018699271,0.0,0.0,0.0,0.0,0,75.496
759384000,759384000,0.99999297,0.00281526,-0.0039033652,0.00014138335,0.0,0.0,0.0,0.0,0,75.516
759404000,759404000,0.999993,0.0027881253,-0.0039122286,9.6657175e-05,0.0,0.0,0.0,0.0,0,75.536
759424000,759424000,0.9999931,0.0027606303,-0.0039099013,5.3560496e-05,0.0,0.0,0.0,0.0,0,75.556
759444000,759444000,0.99999315,0.0027387692,-0.0039086794,1.2190219e-05,0.0,0.0,0.0,0.0,0,75.576
759464000,759464000,0.9999932,0.0027183131,-0.0039056076,-2.736411e-05,0.0,0.0,0.0,0.0,0,75.596
759484000,759484000,0.9999933,0.00269951,-0.0038922273,-6.5228756e-05,0.0,0.0,0.0,0.0,0,75.616
759504000,759504000,0.99999344,0.0026850402,-0.003876166,-0.0001012246,0.0,0.0,0.0,0.0,0,75.636
759524000,759524000,0.99999356,0.0026705882,-0.0038573418,-0.00013511545,0.0,0.0,0.0,0.0,0,75.656
759544000,759544000,0.9999937,0.0026527813,-0.0038342443,-0.00016702489,0.0,0.0,0.0,0.0,0,75.676
759564000,759564000,0.99999386,0.0026290342,-0.0038051729,-0.00019689629,0.0,0.0,0.0,0.0,0,75.696
759584000,759584000,0.99999404,0.002600915,-0.003772044,-0.00022466555,0.0,0.0,0.0,0.0,0,75.716
759604000,759604000,0.9999942,0.0025687178,-0.003735373,-0.00025034096,0.0,0.0,0.0,0.0,0,75.736
759624000,759624000,0.99999446,0.0025334263,-0.003696177,-0.00027411646,0.0,0.0,0.0,0.0,0,75.756
759644000,759644000,0.9999947,0.0024984614,-0.0036579687,-0.00029603386,0.0,0.0,0.0,0.0,0,75.776
759664000,759664000,0.99999493,0.0024619482,-0.0036188453,-0.00031601024,0.0,0.0,0.0,0.0,0,75.796
759684000,759684000,0.9999952,0.002425409,-0.003580388,-0.00033422196,0.0,0.0,0.0,0.0,0,75.816
759704000,759704000,0.99999535,0.0023883474,-0.0035390616,-0.00035023128,0.0,0.0,0.0,0.0,0,75.836
759724000,759724000,0.99999565,0.0023492568,-0.003491844,-0.00036416147,0.0,0.0,0.0,0.0,0,75.856
759744000,759744000,0.9999959,0.0023079796,-0.0034376802,-0.00037588264,0.0,0.0,0.0,0.0,0,75.876
759764000,759764000,0.9999962,0.0022638438,-0.0033775214,-0.00038564924,0.0,0.0,0.0,0.0,0,75.896
759784000,759784000,0.99999654,0.0022172262,-0.0033147833,-0.0003936702,0.0,0.0,0.0,0.0,0,75.916
759804000,759804000,0.99999684,0.0021702496,-0.0032522446,-0.00039992543,0.0,0.0,0.0,0.0,0,75.936
759824000,759824000,0.99999714,0.0021199011,-0.0031869889,-0.00040446277,0.0,0.0,0.0,0.0,0,75.956
759844000,759844000,0.99999744,0.0020677545,-0.003120641,-0.00040737295,0.0,0.0,0.0,0.0,0,75.976
759864000,759864000,0.9999978,0.002016208,-0.0030555865,-0.00040883964,0.0,0.0,0.0,0.0,0,75.996
759884000,759884000,0.99999803,0.0019680199,-0.0029945988,-0.0004092552,0.0,0.0,0.0,0.0,0,76.016
759904000,759904000,0.99999833,0.001914288,-0.0029270295,-0.00040877884,0.0,0.0,0.0,0.0,0,76.036
759924000,759924000,0.9999986,0.0018604446,-0.002858119,-0.00040732796,0.0,0.0,0.0,0.0,0,76.056
759944000,759944000,0.9999989,0.0018114472,-0.0027943724,-0.00040531612,0.0,0.0,0.0,0.0,0,76.076
759964000,759964000,0.99999917,0.0017618833,-0.0027306683,-0.000403101,0.0,0.0,0.0,0.0,0,76.096
759984000,759984000,0.99999946,0.001708451,-0.0026637774,-0.00040080788,0.0,0.0,0.0,0.0,0,76.116
760004000,760004000,0.99999976,0.0016499499,-0.0025924875,-0.000398394,0.0,0.0,0.0,0.0,0,76.136
760024000,760024000,1.0,0.001591999,-0.002522447,-0.0003954373,0.0,0.0,0.0,0.0,0,76.156
760044000,760044000,1.0000002,0.0015376351,-0.0024566595,-0.00039199492,0.0,0.0,0.0,0.0,0,76.176
760064000,760064000,1.0000005,0.0014837227,-0.0023920196,-0.00038838363,0.0,0.0,0.0,0.0,0,76.196
760084000,760084000,1.0000007,0.0014263022,-0.0023245174,-0.00038471457,0.0,0.0,0.0,0.0,0,76.216
760104000,760104000,1.000001,0.0013651567,-0.0022537473,-0.00038075686,0.0,0.0,0.0,0.0,0,76.236
760124000,760124000,1.0000013,0.0013107096,-0.0021761374,-0.0003763764,0.0,0.0,0.0,0.0,0,76.256
760144000,760144000,1.0000015,0.0012593851,-0.002088632,-0.0003718746,0.0,0.0,0.0,0.0,0,76.276
760164000,760164000,1.0000018,0.001211284,-0.0019981957,-0.00036714814,0.0,0.0,0.0,0.0,0,76.296
760184000,760184000,1.0000019,0.0011781604,-0.0019213118,-0.00036230718,0.0,0.0,0.0,0.0,0,76.316
760204000,760204000,1.0000021,0.0011516557,-0.0018468915,-0.00035700525,0.0,0.0,0.0,0.0,0,76.336
760224000,760224000,1.0000023,0.0011320439,-0.0017599156,-0.0003510271,0.0,0.0,0.0,0.0,0,76.356
760244000,760244000,1.0000025,0.0011181852,-0.0016634499,-0.00034532824,0.0,0.0,0.0,0.0,0,76.376
760264000,760264000,1.0000026,0.0011138121,-0.0015733337,-0.0003399452,0.0,0.0,0.0,0.0,0,76.396
760284000,760284000,1.0000027,0.0011241977,-0.0014887163,-0.00033436983,0.0,0.0,0.0,0.0,0,76.416
760304000,760304000,1.0000029,0.0011387942,-0.0013997714,-0.00032862407,0.0,0.0,0.0,0.0,0,76.436
760324000,760324000,1.000003,0.0011555367,-0.0013027602,-0.00032297726,0.0,0.0,0.0,0.0,0,76.456
760344000,760344000,1.0000031,0.0011782225,-0.0012073972,-0.00031793557,0.0,0.0,0.0,0.0,0,76.476
760364000,760364000,1.0000031,0.0012160362,-0.0011133568,-0.00031319514,0.0,0.0,0.0,0.0,0,76.496
760384000,760384000,1.0000032,0.0012725628,-0.0010193408,-0.00030909662,0.0,0.0,0.0,0.0,0,76.516
760404000,760404000,1.0000032,0.0013427545,-0.00093090435,-0.00030592826,0.0,0.0,0.0,0.0,0,76.536
760424000,760424000,1.0000031,0.0014248037,-0.0008393359,-0.00030369303,0.0,0.0,0.0,0.0,0,76.556
760444000,760444000,1.0000031,0.0015146452,-0.0007356963,-0.000302385,0.0,0.0,0.0,0.0,0,76.576
760464000,760464000,1.000003,0.0015962672,-0.0006302054,-0.0003018166,0.0,0.0,0.0,0.0,0,76.596
760484000,760484000,1.000003,0.0016679068,-0.0005217879,-0.000301518,0.0,0.0,0.0,0.0,0,76.616
760504000,760504000,1.000003,0.0017293717,-0.000410417,-0.00030165495,0.0,0.0,0.0,0.0,0,76.636
760524000,760524000,1.0000029,0.0017849884,-0.00030098305,-0.00030225803,0.0,0.0,0.0,0.0,0,76.656
760544000,760544000,1.0000029,0.0018341901,-0.00019150952,-0.00030297088,0.0,0.0,0.0,0.0,0,76.676
760564000,760564000,1.0000027,0.001879621,-8.975433e-05,-0.0003041988,0.0,0.0,0.0,0.0,0,76.696
760584000,760584000,1.0000026,0.0019235129,-2.0020927e-06,-0.0003059347,0.0,0.0,0.0,0.0,0,76.716
760604000,760604000,1.0000026,0.0019561464,7.870056e-05,-0.0003081609,0.0,0.0,0.0,0.0,0,76.736
760624000,760624000,1.0000025,0.0019812335,0.00017507242,-0.00031103284,0.0,0.0,0.0,0.0,0,76.756
760644000,760644000,1.0000025,0.0019948955,0.0002734165,-0.00031442082,0.0,0.0,0.0,0.0,0,76.776
760664000,760664000,1.0000025,0.0019953235,0.00035999576,-0.00031816476,0.0,0.0,0.0,0.0,0,76.796
760684000,760684000,1.0000024,0.0019838777,0.00044316595,-0.0003220234,0.0,0.0,0.0,0.0,0,76.816
760704000,760704000,1.0000024,0.0019623,0.00052838784,-0.0003259084,0.0,0.0,0.0,0.0,0,76.836
760724000,760724000,1.0000024,0.0019318581,0.00061760447,-0.00032985676,0.0,0.0,0.0,0.0,0,76.856
760744000,760744000,1.0000025,0.0018935113,0.00071117823,-0.0003338216,0.0,0.0,0.0,0.0,0,76.876
760764000,760764000,1.0000025,0.001853143,0.00080379954,-0.00033775688,0.0,0.0,0.0,0.0,0,76.896
760784000,760784000,1.0000024,0.0018225466,0.00088380824,-0.00034185126,0.0,0.0,0.0,0.0,0,76.916
760804000,760804000,1.0000024,0.0017981196,0.00095482566,-0.00034591788,0.0,0.0,0.0,0.0,0,76.936
760824000,760824000,1.0000024,0.0017700457,0.00102618,-0.000349979,0.0,0.0,0.0,0.0,0,76.956
760844000,760844000,1.0000024,0.0017305618,0.0010908704,-0.00035412793,0.0,0.0,0.0,0.0,0,76.976
760864000,760864000,1.0000024,0.0016839823,0.0011418987,-0.00035808462,0.0,0.0,0.0,0.0,0,76.996
760884000,760884000,1.0000025,0.0016298834,0.0011891613,-0.0003619341,0.0,0.0,0.0,0.0,0,77.016
760904000,760904000,1.0000025,0.0015704841,0.001229346,-0.00036554667,0.0,0.0,0.0,0.0,0,77.036
760924000,760924000,1.0000025,0.001509102,0.001255517,-0.0003689066,0.0,0.0,0.0,0.0,0,77.056
760944000,760944000,1.0000026,0.0014421489,0.0012778355,-0.00037214975,0.0,0.0,0.0,0.0,0,77.076
760964000,760964000,1.0000027,0.0013717292,0.0012973461,-0.0003750208,0.0,0.0,0.0,0.0,0,77.096
760984000,760984000,1.0000027,0.0013102473,0.0013029034,-0.00037726984,0.0,0.0,0.0,0.0,0,77.116
761004000,761004000,1.0000029,0.0012517831,0.0013014419,-0.000379315,0.0,0.0,0.0,0.0,0,77.136
761024000,761024000,1.0000029,0.0011938389,0.0013042298,-0.00038167654,0.0,0.0,0.0,0.0,0,77.156
761044000,761044000,1.000003,0.0011312715,0.0012973351,-0.00038405377,0.0,0.0,0.0,0.0,0,77.176
761064000,761064000,1.0000031,0.001066603,0.0012711332,-0.00038654808,0.0,0.0,0.0,0.0,0,77.196
761084000,761084000,1.0000032,0.0010080341,0.0012458725,-0.00038961958,0.0,0.0,0.0,0.0,0,77.216
761104000,761104000,1.0000032,0.000950222,0.0012270263,-0.00039282246,0.0,0.0,0.0,0.0,0,77.236
761124000,761124000,1.0000033,0.00089111825,0.001206698,-0.00039568823,0.0,0.0,0.0,0.0,0,77.256
761144000,761144000,1.0000035,0.0008397808,0.0011769834,-0.00039816322,0.0,0.0,0.0,0.0,0,77.276
761164000,761164000,1.0000035,0.0008024894,0.0011423167,-0.0004002968,0.0,0.0,0.0,0.0,0,77.296
761184000,761184000,1.0000036,0.00076581194,0.0010993801,-0.00040282137,0.0,0.0,0.0,0.0,0,77.316
761204000,761204000,1.0000037,0.00071973825,0.0010548913,-0.00040575556,0.0,0.0,0.0,0.0,0,77.336
761224000,761224000,1.0000037,0.00067125895,0.0010070635,-0.00040862284,0.0,0.0,0.0,0.0,0,77.356
761244000,761244000,1.0000038,0.0006240713,0.0009575715,-0.00041168742,0.0,0.0,0.0,0.0,0,77.376
761264000,761264000,1.0000038,0.00057780475,0.0009250187,-0.00041521454,0.0,0.0,0.0,0.0,0,77.396
761284000,761284000,1.0000039,0.00052471954,0.0008978977,-0.00041918017,0.0,0.0,0.0,0.0,0,77.416
761304000,761304000,1.0000039,0.0004694305,0.0008590411,-0.00042262106,0.0,0.0,0.0,0.0,0,77.436
761324000,761324000,1.000004,0.000417637,0.0008136884,-0.00042624894,0.0,0.0,0.0,0.0,0,77.456
761344000,761344000,1.000004,0.000372824,0.00077780103,-0.00043045348,0.0,0.0,0.0,0.0,0,77.476
761364000,761364000,1.0000042,0.00032759723,0.00074906193,-0.00043526877,0.0,0.0,0.0,0.0,0,77.496
761384000,761384000,1.0000042,0.00026942423,0.00071259285,-0.00044055042,0.0,0.0,0.0,0.0,0,77.516
761404000,761404000,1.0000042,0.00020226226,0.000675928,-0.00044637758,0.0,0.0,0.0,0.0,0,77.536
761424000,761424000,1.0000042,0.00014334479,0.0006486949,-0.0004527534,0.0,0.0,0.0,0.0,0,77.556
761444000,761444000,1.0000043,9.21603e-05,0.0006314179,-0.00045926656,0.0,0.0,0.0,0.0,0,77.576
761464000,761464000,1.0000043,4.3582168e-05,0.00061703095,-0.00046556926,0.0,0.0,0.0,0.0,0,77.596
761484000,761484000,1.0000043,-7.062777e-06,0.0006041654,-0.00047177894,0.0,0.0,0.0,0.0,0,77.616
761504000,761504000,1.0000043,-6.3750915e-05,0.0005941126,-0.00047792072,0.0,0.0,0.0,0.0,0,77.636
761524000,761524000,1.0000043,-0.00012752997,0.00058822386,-0.00048415016,0.0,0.0,0.0,0.0,0,77.656
761544000,761544000,1.0000043,-0.0001879282,0.0005856469,-0.0004900803,0.0,0.0,0.0,0.0,0,77.676
761564000,761564000,1.0000043,-0.00024057423,0.0005776577,-0.00049573864,0.0,0.0,0.0,0.0,0,77.696
761584000,761584000,1.0000042,-0.00028787061,0.00057505927,-0.00050177216,0.0,0.0,0.0,0.0,0,77.716
761604000,761604000,1.0000042,-0.00033028715,0.0005845784,-0.00050831825,0.0,0.0,0.0,0.0,0,77.736
761624000,761624000,1.0000042,-0.0003710893,0.000606011,-0.00051506946,0.0,0.0,0.0,0.0,0,77.756
761644000,761644000,1.0000042,-0.0004155341,0.00063385745,-0.0005217466,0.0,0.0,0.0,0.0,0,77.776
761664000,761664000,1.000004,-0.00045946502,0.0006535656,-0.00052776147,0.0,0.0,0.0,0.0,0,77.796
761684000,761684000,1.000004,-0.0004991559,0.00066264195,-0.00053352374,0.0,0.0,0.0,0.0,0,77.816
761704000,761704000,1.000004,-0.00053107325,0.0006781755,-0.00053994416,0.0,0.0,0.0,0.0,0,77.836
761724000,761724000,1.000004,-0.00055604585,0.000706434,-0.0005468595,0.0,0.0,0.0,0.0,0,77.856
761744000,761744000,1.0000039,-0.0005844503,0.00072787167,-0.0005539844,0.0,0.0,0.0,0.0,0,77.876
761764000,761764000,1.0000039,-0.0006191237,0.00074137765,-0.00056124903,0.0,0.0,0.0,0.0,0,77.896
761784000,761784000,1.0000039,-0.00065344624,0.0007580121,-0.0005687686,0.0,0.0,0.0,0.0,0,77.916
761804000,761804000,1.0000038,-0.00068575307,0.0007745748,-0.00057639735,0.0,0.0,0.0,0.0,0,77.936
761824000,761824000,1.0000038,-0.00072091393,0.0007879348,-0.000583723,0.0,0.0,0.0,0.0,0,77.956
761844000,761844000,1.0000038,-0.0007568432,0.0007986437,-0.0005909935,0.0,0.0,0.0,0.0,0,77.976
761864000,761864000,1.0000037,-0.0007904111,0.00080776867,-0.00059780467,0.0,0.0,0.0,0.0,0,77.996
761884000,761884000,1.0000037,-0.0008194035,0.0008163055,-0.00060480996,0.0,0.0,0.0,0.0,0,78.016
761904000,761904000,1.0000037,-0.000844592,0.0008261805,-0.0006120193,0.0,0.0,0.0,0.0,0,78.036
761924000,761924000,1.0000037,-0.0008752099,0.0008260988,-0.0006189134,0.0,0.0,0.0,0.0,0,78.056
761944000,761944000,1.0000036,-0.0009165809,0.00083054363,-0.00062520726,0.0,0.0,0.0,0.0,0,78.076
761964000,761964000,1.0000036,-0.00096023345,0.0008311305,-0.0006312342,0.0,0.0,0.0,0.0,0,78.096
761984000,761984000,1.0000035,-0.0010083956,0.000829523,-0.00063696323,0.0,0.0,0.0,0.0,0,78.116
762004000,762004000,1.0000035,-0.0010529192,0.0008301592,-0.0006422231,0.0,0.0,0.0,0.0,0,78.136
762024000,762024000,1.0000033,-0.0011012843,0.0008282171,-0.0006470218,0.0,0.0,0.0,0.0,0,78.156
762044000,762044000,1.0000033,-0.0011543417,0.000843137,-0.0006516829,0.0,0.0,0.0,0.0,0,78.176
762064000,762064000,1.0000032,-0.0012049775,0.0008606783,-0.00065635826,0.0,0.0,0.0,0.0,0,78.196
762084000,762084000,1.0000032,-0.0012559852,0.0008627248,-0.00066105573,0.0,0.0,0.0,0.0,0,78.216
762104000,762104000,1.0000031,-0.0013085565,0.0008655437,-0.00066552573,0.0,0.0,0.0,0.0,0,78.236
762124000,762124000,1.000003,-0.0013554014,0.0008751887,-0.0006696115,0.0,0.0,0.0,0.0,0,78.256
762144000,762144000,1.000003,-0.0014056152,0.0008879021,-0.0006732902,0.0,0.0,0.0,0.0,0,78.276
762164000,762164000,1.0000029,-0.0014561861,0.00089862023,-0.00067690073,0.0,0.0,0.0,0.0,0,78.296
762184000,762184000,1.0000027,-0.0015054971,0.0009141361,-0.0006800501,0.0,0.0,0.0,0.0,0,78.316
762204000,762204000,1.0000026,-0.0015536558,0.00093337666,-0.0006834114,0.0,0.0,0.0,0.0,0,78.336
762224000,762224000,1.0000026,-0.0015963145,0.0009299952,-0.00068604766,0.0,0.0,0.0,0.0,0,78.356
762244000,762244000,1.000003,-0.0015430463,0.00063200237,-0.00068659504,0.0,0.0,0.0,0.0,0,78.376
762264000,762264000,1.0000033,-0.0013925608,4.406435e-05,-0.0006858508,0.0,0.0,0.0,0.0,0,78.396
762284000,762284000,1.0000035,-0.001192505,-0.0006378651,-0.00068439305,0.0,0.0,0.0,0.0,0,78.416
762304000,762304000,1.000003,-0.0009683212,-0.001325071,-0.0006822066,0.0,0.0,0.0,0.0,0,78.436
762324000,762324000,1.000002,-0.0007411171,-0.0019844517,-0.0006791504,0.0,0.0,0.0,0.0,0,78.456
762344000,762344000,1.0000008,-0.0005163237,-0.0026030226,-0.00067541667,0.0,0.0,0.0,0.0,0,78.476
762364000,762364000,0.9999993,-0.00030520413,-0.0031657582,-0.00067090674,0.0,0.0,0.0,0.0,0,78.496
762384000,762384000,0.9999976,-0.00011487141,-0.0036687457,-0.00066581997,0.0,0.0,0.0,0.0,0,78.516
762404000,762404000,0.9999959,4.472232e-05,-0.004105294,-0.00066058116,0.0,0.0,0.0,0.0,0,78.536
762424000,762424000,0.99999434,0.000173228,-0.0044730077,-0.0006550754,0.0,0.0,0.0,0.0,0,78.556
762444000,762444000,0.9999929,0.00027755884,-0.0047762357,-0.0006494682,0.0,0.0,0.0,0.0,0,78.576
762464000,762464000,0.9999917,0.0003595864,-0.005018669,-0.0006439954,0.0,0.0,0.0,0.0,0,78.596
762484000,762484000,0.9999907,0.00041618035,-0.0052087586,-0.0006385627,0.0,0.0,0.0,0.0,0,78.616
762504000,762504000,0.99999,0.0004487552,-0.005346433,-0.00063307275,0.0,0.0,0.0,0.0,0,78.636
762524000,762524000,0.99998945,0.00045688558,-0.00543636,-0.0006273086,0.0,0.0,0.0,0.0,0,78.656
762544000,762544000,0.99998915,0.00044666132,-0.005495229,-0.00062144216,0.0,0.0,0.0,0.0,0,78.676
762564000,762564000,0.99998903,0.0004220715,-0.005524184,-0.0006152299,0.0,0.0,0.0,0.0,0,78.696
762584000,762584000,0.9999891,0.00038429027,-0.005514906,-0.00060896884,0.0,0.0,0.0,0.0,0,78.716
762604000,762604000,0.99998933,0.00033507604,-0.005475604,-0.00060287124,0.0,0.0,0.0,0.0,0,78.736
762624000,762624000,0.9999897,0.0002775678,-0.005415615,-0.00059686066,0.0,0.0,0.0,0.0,0,78.756
762644000,762644000,0.9999901,0.00020877787,-0.0053378926,-0.00059090246,0.0,0.0,0.0,0.0,0,78.776
762664000,762664000,0.99999064,0.00013470282,-0.0052370103,-0.00058537605,0.0,0.0,0.0,0.0,0,78.796
762684000,762684000,0.9999913,6.279045e-05,-0.005112249,-0.0005803327,0.0,0.0,0.0,0.0,0,78.816
762704000,762704000,0.999992,-1.2629206e-05,-0.004972287,-0.0005756755,0.0,0.0,0.0,0.0,0,78.836
762724000,762724000,0.9999925,-9.311626e-05,-0.0048714555,-0.00057100406,0.0,0.0,0.0,0.0,0,78.856
762744000,762744000,0.9999926,-0.00017162743,-0.0048504006,-0.0005663051,0.0,0.0,0.0,0.0,0,78.876
762764000,762764000,0.99999243,-0.00024623703,-0.004887065,-0.00056148606,0.0,0.0,0.0,0.0,0,78.896
762784000,762784000,0.9999921,-0.00031901937,-0.004952033,-0.0005566488,0.0,0.0,0.0,0.0,0,78.916
762804000,762804000,0.9999917,-0.00038379667,-0.00502335,-0.0005517696,0.0,0.0,0.0,0.0,0,78.936
762824000,762824000,0.99999136,-0.00039384197,-0.005095213,-0.00054663833,0.0,0.0,0.0,0.0,0,78.956
762844000,762844000,0.99999106,-0.0003317977,-0.005155869,-0.0005410668,0.0,0.0,0.0,0.0,0,78.976
762864000,762864000,0.9999909,-0.00021379658,-0.0051960424,-0.00053503294,0.0,0.0,0.0,0.0,0,78.996
762884000,762884000,0.99999076,-5.4301097e-05,-0.0052208337,-0.0005289336,0.0,0.0,0.0,0.0,0,79.016
762904000,762904000,0.99999076,0.00013088684,-0.0052264035,-0.00052301784,0.0,0.0,0.0,0.0,0,79.036
762924000,762924000,0.99999076,0.0003321428,-0.005212087,-0.00051699113,0.0,0.0,0.0,0.0,0,79.056
762944000,762944000,0.9999909,0.0005356463,-0.0051803617,-0.0005112583,0.0,0.0,0.0,0.0,0,79.076
762964000,762964000,0.99999106,0.00073275686,-0.00512039,-0.0005057204,0.0,0.0,0.0,0.0,0,79.096
762984000,762984000,0.9999913,0.0009211092,-0.0050406903,-0.00050042075,0.0,0.0,0.0,0.0,0,79.116
763004000,763004000,0.9999916,0.0010988457,-0.0049468474,-0.0004958156,0.0,0.0,0.0,0.0,0,79.136
763024000,763024000,0.99999195,0.0012595525,-0.0048383926,-0.0004916742,0.0,0.0,0.0,0.0,0,79.156
763044000,763044000,0.9999923,0.0014059431,-0.004713208,-0.00048785814,0.0,0.0,0.0,0.0,0,79.176
763064000,763064000,0.9999928,0.0015394617,-0.0045783287,-0.0004843296,0.0,0.0,0.0,0.0,0,79.196
763084000,763084000,0.9999932,0.0016570117,-0.004440331,-0.0004813543,0.0,0.0,0.0,0.0,0,79.216
763104000,763104000,0.9999937,0.0017572683,-0.0042964164,-0.0004785815,0.0,0.0,0.0,0.0,0,79.236
763124000,763124000,0.99999416,0.0018350218,-0.0041433745,-0.00047657982,0.0,0.0,0.0,0.0,0,79.256
763144000,763144000,0.99999475,0.001886326,-0.003981706,-0.0004750514,0.0,0.0,0.0,0.0,0,79.276
763164000,763164000,0.99999535,0.0019163743,-0.0038138006,-0.000473555,0.0,0.0,0.0,0.0,0,79.296
763184000,763184000,0.999996,0.0019206078,-0.003626008,-0.00047232007,0.0,0.0,0.0,0.0,0,79.316
763204000,763204000,0.9999967,0.0018959738,-0.0034341027,-0.00047166165,0.0,0.0,0.0,0.0,0,79.336
763224000,763224000,0.99999744,0.0018656339,-0.003251639,-0.00047163485,0.0,0.0,0.0,0.0,0,79.356
763244000,763244000,0.9999981,0.0018202508,-0.0030703016,-0.00047222595,0.0,0.0,0.0,0.0,0,79.376
763264000,763264000,0.99999875,0.001757656,-0.0028785593,-0.0004733149,0.0,0.0,0.0,0.0,0,79.396
763284000,763284000,0.9999994,0.0016866061,-0.0026798577,-0.00047480373,0.0,0.0,0.0,0.0,0,79.416
763304000,763304000,1.0000001,0.0016021236,-0.002477966,-0.00047684007,0.0,0.0,0.0,0.0,0,79.436
763324000,763324000,1.0000007,0.0015018549,-0.0022755482,-0.00047947656,0.0,0.0,0.0,0.0,0,79.456
763344000,763344000,1.0000013,0.0013865271,-0.002074889,-0.0004828916,0.0,0.0,0.0,0.0,0,79.476
763364000,763364000,1.0000019,0.0012696311,-0.0018760375,-0.00048682507,0.0,0.0,0.0,0.0,0,79.496
763384000,763384000,1.0000024,0.0011473349,-0.0016771405,-0.0004913251,0.0,0.0,0.0,0.0,0,79.516
763404000,763404000,1.0000029,0.0010159905,-0.0014808616,-0.0004961827,0.0,0.0,0.0,0.0,0,79.536
763424000,763424000,1.0000032,0.0008828511,-0.0012904514,-0.0005015933,0.0,0.0,0.0,0.0,0,79.556
763444000,763444000,1.0000036,0.00074449315,-0.0011066365,-0.00050786394,0.0,0.0,0.0,0.0,0,79.576
763464000,763464000,1.0000038,0.0005947206,-0.0009160352,-0.0005142138,0.0,0.0,0.0,0.0,0,79.596
763484000,763484000,1.000004,0.00043491257,-0.00072809804,-0.0005206451,0.0,0.0,0.0,0.0,0,79.616
763504000,763504000,1.0000042,0.0002692352,-0.00054744375,-0.0005274181,0.0,0.0,0.0,0.0,0,79.636
763524000,763524000,1.0000043,9.368598e-05,-0.00037832948,-0.00053435843,0.0,0.0,0.0,0.0,0,79.656
763544000,763544000,1.0000044,-8.546449e-05,-0.00020837967,-0.0005416935,0.0,0.0,0.0,0.0,0,79.676
763564000,763564000,1.0000044,-0.00026465466,-3.1353433e-05,-0.0005492328,0.0,0.0,0.0,0.0,0,79.696
763584000,763584000,1.0000043,-0.00044733754,0.00014702888,-0.00055723696,0.0,0.0,0.0,0.0,0,79.716
763604000,763604000,1.0000042,-0.0006346562,0.00032437823,-0.0005658391,0.0,0.0,0.0,0.0,0,79.736
763624000,763624000,1.0000039,-0.0008214952,0.0004987828,-0.0005749788,0.0,0.0,0.0,0.0,0,79.756
763644000,763644000,1.0000037,-0.0010131757,0.000666556,-0.0005842703,0.0,0.0,0.0,0.0,0,79.776
763664000,763664000,1.0000033,-0.0012091479,0.000829675,-0.00059339503,0.0,0.0,0.0,0.0,0,79.796
763684000,763684000,1.0000029,-0.0014095542,0.0009895455,-0.0006026376,0.0,0.0,0.0,0.0,0,79.816
763704000,763704000,1.0000024,-0.0016089317,0.0011426728,-0.0006123949,0.0,0.0,0.0,0.0,0,79.836
763724000,763724000,1.0000019,-0.0018018651,0.001293968,-0.00062244077,0.0,0.0,0.0,0.0,0,79.856
763744000,763744000,1.0000013,-0.0019843762,0.001436558,-0.00063260295,0.0,0.0,0.0,0.0,0,79.876
763764000,763764000,1.0000008,-0.0021603701,0.0015684826,-0.00064267224,0.0,0.0,0.0,0.0,0,79.896
763784000,763784000,1.0000002,-0.0023227772,0.0016968136,-0.0006526027,0.0,0.0,0.0,0.0,0,79.916
763804000,763804000,0.99999964,-0.0024700891,0.0018162057,-0.0006626774,0.0,0.0,0.0,0.0,0,79.936
763824000,763824000,0.9999991,-0.0026068897,0.0019243348,-0.0006723535,0.0,0.0,0.0,0.0,0,79.956
763844000,763844000,0.99999857,-0.0027237392,0.0020290564,-0.0006819497,0.0,0.0,0.0,0.0,0,79.976
763864000,763864000,0.9999981,-0.0028187819,0.0021167346,-0.00069167215,0.0,0.0,0.0,0.0,0,79.996
763884000,763884000,0.99999774,-0.002895161,0.0021891878,-0.00070180034,0.0,0.0,0.0,0.0,0,80.016
763904000,763904000,0.9999974,-0.0029625073,0.0022563161,-0.0007120875,0.0,0.0,0.0,0.0,0,80.036
763924000,763924000,0.999997,-0.0030257038,0.0023224438,-0.000721773,0.0,0.0,0.0,0.0,0,80.056
763944000,763944000,0.9999967,-0.0030792563,0.002381902,-0.00073065213,0.0,0.0,0.0,0.0,0,80.076
763964000,763964000,0.9999964,-0.0031194747,0.0024373874,-0.00073944044,0.0,0.0,0.0,0.0,0,80.096
763984000,763984000,0.9999962,-0.0031511737,0.0024952146,-0.0007481521,0.0,0.0,0.0,0.0,0,80.116
764004000,764004000,0.99999595,-0.0031772803,0.002552927,-0.00075615034,0.0,0.0,0.0,0.0,0,80.136
764024000,764024000,0.99999577,-0.0031919684,0.0026037195,-0.0007632491,0.0,0.0,0.0,0.0,0,80.156
764044000,764044000,0.99999565,-0.0031922937,0.0026469594,-0.0007695576,0.0,0.0,0.0,0.0,0,80.176
764064000,764064000,0.9999956,-0.0031859968,0.0026890468,-0.00077553437,0.0,0.0,0.0,0.0,0,80.196
764084000,764084000,0.99999547,-0.0031766393,0.0027334364,-0.00078108546,0.0,0.0,0.0,0.0,0,80.216
764104000,764104000,0.9999954,-0.00316118,0.002767871,-0.00078582426,0.0,0.0,0.0,0.0,0,80.236
764124000,764124000,0.9999954,-0.003134383,0.002800912,-0.00078992255,0.0,0.0,0.0,0.0,0,80.256
764144000,764144000,0.9999954,-0.0031051955,0.0028402265,-0.0007938349,0.0,0.0,0.0,0.0,0,80.276
764164000,764164000,0.99999535,-0.003068633,0.00288358,-0.00079728535,0.0,0.0,0.0,0.0,0,80.296
764184000,764184000,0.99999535,-0.003026297,0.0029281252,-0.0008004776,0.0,0.0,0.0,0.0,0,80.316
764204000,764204000,0.99999535,-0.0029819654,0.0029748932,-0.0008033827,0.0,0.0,0.0,0.0,0,80.336
764224000,764224000,0.99999535,-0.0029415654,0.0030246826,-0.0008061163,0.0,0.0,0.0,0.0,0,80.356
764244000,764244000,0.9999953,-0.002905562,0.0030776432,-0.00080878485,0.0,0.0,0.0,0.0,0,80.376
764264000,764264000,0.99999523,-0.002872268,0.0031199825,-0.0008112449,0.0,0.0,0.0,0.0,0,80.396
764284000,764284000,0.99999523,-0.0028416924,0.0031488133,-0.0008137394,0.0,0.0,0.0,0.0,0,80.416
764304000,764304000,0.99999523,-0.002815479,0.0031749818,-0.00081621046,0.0,0.0,0.0,0.0,0,80.436
764324000,764324000,0.9999952,-0.0027914518,0.003204101,-0.0008187251,0.0,0.0,0.0,0.0,0,80.456
764344000,764344000,0.9999952,-0.0027618532,0.0032315948,-0.0008210461,0.0,0.0,0.0,0.0,0,80.476
764364000,764364000,0.9999952,-0.0027233516,0.003260218,-0.00082312204,0.0,0.0,0.0,0.0,0,80.496
764384000,764384000,0.99999523,-0.002687803,0.003283735,-0.0008250401,0.0,0.0,0.0,0.0,0,80.516
764404000,764404000,0.99999523,-0.0026566738,0.0032929142,-0.000826835,0.0,0.0,0.0,0.0,0,80.536
764424000,764424000,0.99999535,-0.0026252633,0.0032957108,-0.0008285312,0.0,0.0,0.0,0.0,0,80.556
764444000,764444000,0.9999954,-0.0025952493,0.0033009034,-0.00083013374,0.0,0.0,0.0,0.0,0,80.576
764464000,764464000,0.9999954,-0.0025689013,0.0033127484,-0.00083170354,0.0,0.0,0.0,0.0,0,80.596
764484000,764484000,0.9999954,-0.0025424056,0.0033277422,-0.00083331147,0.0,0.0,0.0,0.0,0,80.616
764504000,764504000,0.99999547,-0.0025210455,0.0033389658,-0.0008346145,0.0,0.0,0.0,0.0,0,80.636
764524000,764524000,0.99999547,-0.0025034857,0.0033523412,-0.0008359177,0.0,0.0,0.0,0.0,0,80.656
764544000,764544000,0.9999954,-0.0024846024,0.003373023,-0.0008374863,0.0,0.0,0.0,0.0,0,80.676
764564000,764564000,0.9999954,-0.002463788,0.0033975092,-0.000839019,0.0,0.0,0.0,0.0,0,80.696
764584000,764584000,0.99999535,-0.0024384107,0.0034211057,-0.0008402794,0.0,0.0,0.0,0.0,0,80.716
764604000,764604000,0.99999535,-0.0024107571,0.0034393931,-0.0008415577,0.0,0.0,0.0,0.0,0,80.736
764624000,764624000,0.9999954,-0.0023869677,0.0034536035,-0.0008429737,0.0,0.0,0.0,0.0,0,80.756
764644000,764644000,0.99999535,-0.002362965,0.003471102,-0.00084438425,0.0,0.0,0.0,0.0,0,80.776
764664000,764664000,0.9999954,-0.0023339367,0.0034884093,-0.0008460964,0.0,0.0,0.0,0.0,0,80.796
764684000,764684000,0.9999954,-0.0022994857,0.0035073154,-0.0008478855,0.0,0.0,0.0,0.0,0,80.816
764704000,764704000,0.9999954,-0.0022560093,0.0035290828,-0.0008497147,0.0,0.0,0.0,0.0,0,80.836
764724000,764724000,0.9999954,-0.0021991516,0.0035601358,-0.0008517549,0.0,0.0,0.0,0.0,0,80.856
764744000,764744000,0.9999954,-0.0021363914,0.0035984425,-0.000853717,0.0,0.0,0.0,0.0,0,80.876
764764000,764764000,0.9999954,-0.0020735306,0.0036340952,-0.000855634,0.0,0.0,0.0,0.0,0,80.896
764784000,764784000,0.9999954,-0.0020103597,0.0036713104,-0.0008575407,0.0,0.0,0.0,0.0,0,80.916
764804000,764804000,0.9999954,-0.0019458259,0.0037103442,-0.0008596132,0.0,0.0,0.0,0.0,0,80.936
764824000,764824000,0.99999535,-0.0018742076,0.0037534982,-0.0008618139,0.0,0.0,0.0,0.0,0,80.956
764844000,764844000,0.99999535,-0.0017959303,0.0037985092,-0.0008643736,0.0,0.0,0.0,0.0,0,80.976
764864000,764864000,0.99999535,-0.0017121508,0.0038341698,-0.00086703483,0.0,0.0,0.0,0.0,0,80.996
764884000,764884000,0.99999535,-0.001625899,0.0038712341,-0.0008697303,0.0,0.0,0.0,0.0,0,81.016
764904000,764904000,0.9999954,-0.0015348509,0.0038986523,-0.00087287766,0.0,0.0,0.0,0.0,0,81.036
764924000,764924000,0.99999547,-0.0014336338,0.003913662,-0.00087635516,0.0,0.0,0.0,0.0,0,81.056
764944000,764944000,0.9999955,-0.0013281386,0.0039350386,-0.0008799398,0.0,0.0,0.0,0.0,0,81.076
764964000,764964000,0.9999956,-0.0012238079,0.0039625675,-0.00088391226,0.0,0.0,0.0,0.0,0,81.096
764984000,764984000,0.9999956,-0.0011194241,0.0039884257,-0.0008880697,0.0,0.0,0.0,0.0,0,81.116
765004000,765004000,0.9999956,-0.001012692,0.0040085483,-0.000892129,0.0,0.0,0.0,0.0,0,81.136
765024000,765024000,0.99999565,-0.00090644555,0.0040191775,-0.000896061,0.0,0.0,0.0,0.0,0,81.156
765044000,765044000,0.9999957,-0.0008050353,0.004022197,-0.00090002676,0.0,0.0,0.0,0.0,0,81.176
765064000,765064000,0.99999577,-0.000709295,0.004027484,-0.00090422726,0.0,0.0,0.0,0.0,0,81.196
765084000,765084000,0.9999958,-0.0006157915,0.0040356177,-0.0009084347,0.0,0.0,0.0,0.0,0,81.216
765104000,765104000,0.9999958,-0.0005242816,0.004042136,-0.00091246254,0.0,0.0,0.0,0.0,0,81.236
765124000,765124000,0.9999959,-0.00043326797,0.004043474,-0.000916425,0.0,0.0,0.0,0.0,0,81.256
765144000,765144000,0.99999595,-0.00034130985,0.0040332987,-0.000920355,0.0,0.0,0.0,0.0,0,81.276
765164000,765164000,0.999996,-0.00024776848,0.004016561,-0.00092426117,0.0,0.0,0.0,0.0,0,81.296
765184000,765184000,0.9999961,-0.00015703909,0.004002128,-0.00092813146,0.0,0.0,0.0,0.0,0,81.316
765204000,765204000,0.9999962,-6.789376e-05,0.0039889985,-0.0009319037,0.0,0.0,0.0,0.0,0,81.336
765224000,765224000,0.99999624,2.3866009e-05,0.003973902,-0.00093563856,0.0,0.0,0.0,0.0,0,81.356
765244000,765244000,0.99999624,0.000115097675,0.0039607193,-0.0009395228,0.0,0.0,0.0,0.0,0,81.376
765264000,765264000,0.99999624,0.00020459988,0.003955132,-0.0009435514,0.0,0.0,0.0,0.0,0,81.396
765284000,765284000,0.99999624,0.0002936105,0.0039530452,-0.0009475701,0.0,0.0,0.0,0.0,0,81.416
765304000,765304000,0.99999624,0.0003786558,0.0039507924,-0.00095154945,0.0,0.0,0.0,0.0,0,81.436
765324000,765324000,0.9999962,0.00045891295,0.003945089,-0.0009555969,0.0,0.0,0.0,0.0,0,81.456
765344000,765344000,0.9999962,0.00053553825,0.0039386433,-0.00095973775,0.0,0.0,0.0,0.0,0,81.476
765364000,765364000,0.9999962,0.0006114597,0.0039311615,-0.0009638529,0.0,0.0,0.0,0.0,0,81.496
765384000,765384000,0.9999962,0.00068124564,0.003919604,-0.0009677687,0.0,0.0,0.0,0.0,0,81.516
765404000,765404000,0.9999962,0.0007480429,0.0039042374,-0.00097167847,0.0,0.0,0.0,0.0,0,81.536
765424000,765424000,0.9999962,0.00081213535,0.0038841474,-0.00097577425,0.0,0.0,0.0,0.0,0,81.556
765444000,765444000,0.99999624,0.0008727131,0.003862076,-0.0009801334,0.0,0.0,0.0,0.0,0,81.576
765464000,765464000,0.9999963,0.0009260279,0.003834336,-0.0009849186,0.0,0.0,0.0,0.0,0,81.596
765484000,765484000,0.99999636,0.00096749404,0.0038037717,-0.0009898217,0.0,0.0,0.0,0.0,0,81.616
765504000,765504000,0.9999964,0.0010039086,0.0037719798,-0.000994866,0.0,0.0,0.0,0.0,0,81.636
765524000,765524000,0.9999965,0.0010355096,0.0037447691,-0.0009997211,0.0,0.0,0.0,0.0,0,81.656
765544000,765544000,0.9999966,0.0010578032,0.0037144115,-0.0010044073,0.0,0.0,0.0,0.0,0,81.676
765564000,765564000,0.9999967,0.0010677966,0.0036789998,-0.0010089104,0.0,0.0,0.0,0.0,0,81.696
765584000,765584000,0.99999684,0.0010760464,0.0036400298,-0.0010135322,0.0,0.0,0.0,0.0,0,81.716
765604000,765604000,0.99999696,0.0010862885,0.0035946763,-0.0010181142,0.0,0.0,0.0,0.0,0,81.736
765624000,765624000,0.99999714,0.0010938919,0.0035404535,-0.001022623,0.0,0.0,0.0,0.0,0,81.756
765644000,765644000,0.9999973,0.00110157,0.003487458,-0.0010270958,0.0,0.0,0.0,0.0,0,81.776
765664000,765664000,0.9999975,0.0011087913,0.0034389617,-0.0010317254,0.0,0.0,0.0,0.0,0,81.796
765684000,765684000,0.9999977,0.0011155605,0.0033803647,-0.0010364668,0.0,0.0,0.0,0.0,0,81.816
765704000,765704000,0.9999979,0.0011220028,0.0033114238,-0.0010408103,0.0,0.0,0.0,0.0,0,81.836
765724000,765724000,0.9999981,0.0011174355,0.0032436324,-0.0010447962,0.0,0.0,0.0,0.0,0,81.856
765744000,765744000,0.99999833,0.0011078872,0.0031731261,-0.0010487303,0.0,0.0,0.0,0.0,0,81.876
765764000,765764000,0.99999857,0.0010993885,0.003096733,-0.0010527229,0.0,0.0,0.0,0.0,0,81.896
765784000,765784000,0.99999887,0.0010895265,0.0030110588,-0.0010571565,0.0,0.0,0.0,0.0,0,81.916
765804000,765804000,0.99999917,0.0010742844,0.0029131747,-0.0010620677,0.0,0.0,0.0,0.0,0,81.936
765824000,765824000,0.9999994,0.0010633827,0.0028273321,-0.0010671153,0.0,0.0,0.0,0.0,0,81.956
765844000,765844000,0.99999964,0.0010568458,0.0027525055,-0.0010722715,0.0,0.0,0.0,0.0,0,81.976
765864000,765864000,0.9999999,0.0010500317,0.002664954,-0.0010770105,0.0,0.0,0.0,0.0,0,81.996
765884000,765884000,1.0000001,0.001037121,0.0025604267,-0.0010813954,0.0,0.0,0.0,0.0,0,82.016
765904000,765904000,1.0000005,0.0010208447,0.002457245,-0.0010856277,0.0,0.0,0.0,0.0,0,82.036
765924000,765924000,1.0000007,0.0010046964,0.0023537981,-0.0010898261,0.0,0.0,0.0,0.0,0,82.056
765944000,765944000,1.000001,0.0009966146,0.0022484853,-0.0010941675,0.0,0.0,0.0,0.0,0,82.076
765964000,765964000,1.0000012,0.0009939075,0.0021390773,-0.0010986021,0.0,0.0,0.0,0.0,0,82.096
765984000,765984000,1.0000014,0.0009838603,0.0020248117,-0.0011035484,0.0,0.0,0.0,0.0,0,82.116
766004000,766004000,1.0000017,0.00096392125,0.0019115777,-0.0011087547,0.0,0.0,0.0,0.0,0,82.136
766024000,766024000,1.0000019,0.0009388157,0.0018007105,-0.0011138293,0.0,0.0,0.0,0.0,0,82.156
766044000,766044000,1.0000021,0.0009143448,0.0016841897,-0.001119082,0.0,0.0,0.0,0.0,0,82.176
766064000,766064000,1.0000023,0.00088561204,0.0015616459,-0.0011244398,0.0,0.0,0.0,0.0,0,82.196
766084000,766084000,1.0000025,0.0008518661,0.0014439805,-0.001129773,0.0,0.0,0.0,0.0,0,82.216
766104000,766104000,1.0000027,0.0008173767,0.0013244598,-0.0011350871,0.0,0.0,0.0,0.0,0,82.236
766124000,766124000,1.0000029,0.00078297197,0.0011999595,-0.0011405571,0.0,0.0,0.0,0.0,0,82.256
766144000,766144000,1.000003,0.00075133936,0.0010708353,-0.0011462057,0.0,0.0,0.0,0.0,0,82.276
766164000,766164000,1.0000032,0.0007226854,0.00094698573,-0.0011519594,0.0,0.0,0.0,0.0,0,82.296
766184000,766184000,1.0000033,0.00069375767,0.00082752353,-0.0011577519,0.0,0.0,0.0,0.0,0,82.316
766204000,766204000,1.0000035,0.0006651829,0.0007076834,-0.0011635296,0.0,0.0,0.0,0.0,0,82.336
766224000,766224000,1.0000035,0.000635706,0.0006008613,-0.0011694566,0.0,0.0,0.0,0.0,0,82.356
766244000,766244000,1.0000036,0.0006034522,0.00049680314,-0.0011754544,0.0,0.0,0.0,0.0,0,82.376
766264000,766264000,1.0000036,0.0005699102,0.00038445988,-0.0011809506,0.0,0.0,0.0,0.0,0,82.396
766284000,766284000,1.0000037,0.00053974625,0.00027833504,-0.0011861689,0.0,0.0,0.0,0.0,0,82.416
766304000,766304000,1.0000037,0.00051115995,0.00018848428,-0.0011913113,0.0,0.0,0.0,0.0,0,82.436
766324000,766324000,1.0000037,0.00048342178,0.0001027263,-0.0011963309,0.0,0.0,0.0,0.0,0,82.456
766344000,766344000,1.0000037,0.0004508528,2.3424547e-05,-0.001201641,0.0,0.0,0.0,0.0,0,82.476
766364000,766364000,1.0000037,0.0004097692,-5.7917674e-05,-0.0012074139,0.0,0.0,0.0,0.0,0,82.496
