# sionna2 mesh — mavic4pro__prop.obj
# group=prop  verts=7000  tris=13984
v 0.146327 0.165114 0.043683
v 0.137565 0.172325 0.043683
v 0.147712 0.167244 0.043683
v 0.144503 0.163345 0.043683
v 0.137390 0.160979 0.043683
v 0.135597 0.161317 0.044536
v 0.134870 0.161303 0.043683
v 0.139919 0.161225 0.043683
v 0.142330 0.162027 0.043683
v 0.137501 0.161150 0.044959
v 0.138202 0.161237 0.045107
v 0.138186 0.161235 0.045102
v 0.137956 0.161204 0.045032
v 0.137914 0.161199 0.045025
v 0.137437 0.161143 0.044947
v 0.137392 0.161137 0.044940
v 0.136161 0.161262 0.044677
v 0.136060 0.161272 0.044652
v 0.136521 0.161226 0.044760
v 0.136979 0.161180 0.044858
v 0.136609 0.161218 0.044780
v 0.135711 0.161306 0.044566
v 0.137054 0.161172 0.044874
v 0.134376 0.161550 0.044180
v 0.134241 0.161594 0.044135
v 0.133944 0.161690 0.044037
v 0.133804 0.161735 0.043988
v 0.133512 0.161829 0.043887
v 0.132943 0.162010 0.043683
v 0.133008 0.162225 0.043683
v 0.133539 0.163963 0.043683
v 0.133366 0.161875 0.043835
v 0.133079 0.161967 0.043733
v 0.135258 0.161349 0.044447
v 0.134889 0.161383 0.044343
v 0.134808 0.161410 0.044318
v 0.135130 0.161361 0.044411
v 0.134678 0.161452 0.044276
v 0.145626 0.165691 0.050892
v 0.146900 0.167651 0.050892
v 0.143948 0.164064 0.050892
v 0.141949 0.162851 0.050892
v 0.139731 0.162113 0.050892
v 0.135085 0.162184 0.050892
v 0.132798 0.162169 0.044473
v 0.132943 0.162122 0.044520
v 0.133233 0.162028 0.044615
v 0.132765 0.162179 0.044461
v 0.132891 0.162991 0.050892
v 0.132523 0.162256 0.044372
v 0.137859 0.161206 0.045128
v 0.137404 0.161887 0.050892
v 0.137793 0.161200 0.045132
v 0.137746 0.161196 0.045135
v 0.137393 0.161163 0.045146
v 0.137350 0.161169 0.045147
v 0.137287 0.161177 0.045148
v 0.136912 0.161225 0.045146
v 0.136382 0.161291 0.045131
v 0.136470 0.161280 0.045134
v 0.136836 0.161235 0.045145
v 0.136025 0.161334 0.045109
v 0.135924 0.161346 0.045102
v 0.135577 0.161387 0.045069
v 0.135463 0.161400 0.045058
v 0.135126 0.161438 0.045017
v 0.134999 0.161452 0.045002
v 0.134909 0.161462 0.044988
v 0.134553 0.161585 0.044931
v 0.134681 0.161541 0.044952
v 0.134245 0.161690 0.044866
v 0.133673 0.161882 0.044733
v 0.133809 0.161836 0.044766
v 0.134113 0.161735 0.044838
v 0.133375 0.161981 0.044653
v 0.143146 0.169531 0.055698
v 0.142384 0.168359 0.055698
v 0.141381 0.167386 0.055698
v 0.140186 0.166661 0.055698
v 0.138860 0.166220 0.055698
v 0.137469 0.166085 0.055698
v 0.136083 0.166263 0.055698
v 0.137565 0.172325 0.055698
v 0.134771 0.166745 0.055698
v 0.130354 0.163564 0.043683
v 0.131837 0.164816 0.043683
v 0.131191 0.163020 0.043683
v 0.128585 0.165388 0.043683
v 0.127267 0.167560 0.043683
v 0.126465 0.169972 0.043683
v 0.126219 0.172501 0.043683
v 0.126543 0.175021 0.043683
v 0.127419 0.177406 0.043683
v 0.131217 0.163006 0.043703
v 0.131341 0.162937 0.043779
v 0.131593 0.162796 0.043934
v 0.131981 0.162574 0.044135
v 0.132115 0.162496 0.044195
v 0.132377 0.162343 0.044314
v 0.131722 0.162722 0.044001
v 0.132515 0.162262 0.044369
v 0.130931 0.164265 0.050892
v 0.129304 0.165943 0.050892
v 0.128091 0.167942 0.050892
v 0.127353 0.170160 0.050892
v 0.127127 0.172487 0.050892
v 0.127425 0.174805 0.050892
v 0.128231 0.177000 0.050892
v 0.133599 0.167506 0.055698
v 0.132626 0.168510 0.055698
v 0.131901 0.169705 0.055698
v 0.131460 0.171031 0.055698
v 0.131325 0.172422 0.055698
v 0.131503 0.173808 0.055698
v 0.131985 0.175120 0.055698
v 0.148588 0.169629 0.043683
v 0.148912 0.172150 0.043683
v 0.148666 0.174679 0.043683
v 0.147864 0.177090 0.043683
v 0.146546 0.179262 0.043683
v 0.144777 0.181087 0.043683
v 0.143294 0.179835 0.043683
v 0.141591 0.180687 0.043683
v 0.143940 0.181631 0.043683
v 0.147706 0.169845 0.050892
v 0.148004 0.172164 0.050892
v 0.147778 0.174491 0.050892
v 0.147040 0.176709 0.050892
v 0.145827 0.178707 0.050892
v 0.144200 0.180386 0.050892
v 0.142240 0.181660 0.050892
v 0.143914 0.181644 0.043703
v 0.143790 0.181714 0.043779
v 0.143538 0.181855 0.043934
v 0.143409 0.181929 0.044001
v 0.143150 0.182077 0.044135
v 0.143016 0.182155 0.044195
v 0.142754 0.182308 0.044314
v 0.142616 0.182389 0.044369
v 0.142608 0.182394 0.044372
v 0.143628 0.170843 0.055698
v 0.143806 0.172229 0.055698
v 0.143671 0.173620 0.055698
v 0.143230 0.174946 0.055698
v 0.142505 0.176141 0.055698
v 0.141532 0.177144 0.055698
v 0.140360 0.177906 0.055698
v 0.140261 0.183348 0.043683
v 0.137741 0.183671 0.043683
v 0.142052 0.182684 0.043733
v 0.142188 0.182640 0.043683
v 0.141765 0.182775 0.043835
v 0.142122 0.182426 0.043683
v 0.141619 0.182822 0.043887
v 0.141327 0.182916 0.043988
v 0.141187 0.182961 0.044037
v 0.140890 0.183057 0.044135
v 0.140755 0.183100 0.044180
v 0.140453 0.183198 0.044276
v 0.140323 0.183241 0.044318
v 0.140241 0.183267 0.044343
v 0.140001 0.183290 0.044411
v 0.139873 0.183301 0.044447
v 0.139534 0.183334 0.044536
v 0.135212 0.183426 0.043683
v 0.130628 0.181305 0.043683
v 0.132801 0.182624 0.043683
v 0.139420 0.183345 0.044566
v 0.139071 0.183379 0.044652
v 0.138522 0.183433 0.044780
v 0.138610 0.183424 0.044760
v 0.138152 0.183470 0.044858
v 0.138970 0.183388 0.044677
v 0.138077 0.183478 0.044874
v 0.137738 0.183513 0.044940
v 0.137630 0.183500 0.044959
v 0.137694 0.183508 0.044947
v 0.137217 0.183452 0.045025
v 0.137175 0.183447 0.045032
v 0.136945 0.183416 0.045102
v 0.136929 0.183414 0.045107
v 0.128804 0.179537 0.043683
v 0.142366 0.182471 0.044461
v 0.140046 0.182466 0.050892
v 0.142333 0.182482 0.044473
v 0.142188 0.182528 0.044520
v 0.141897 0.182623 0.044615
v 0.135400 0.182538 0.050892
v 0.141756 0.182669 0.044653
v 0.141458 0.182768 0.044733
v 0.141322 0.182814 0.044766
v 0.141018 0.182916 0.044838
v 0.140886 0.182961 0.044866
v 0.140578 0.183065 0.044931
v 0.140450 0.183110 0.044952
v 0.140222 0.183188 0.044988
v 0.140131 0.183198 0.045002
v 0.140005 0.183213 0.045017
v 0.139667 0.183251 0.045058
v 0.137727 0.182764 0.050892
v 0.139554 0.183264 0.045069
v 0.139207 0.183304 0.045102
v 0.139106 0.183316 0.045109
v 0.138749 0.183359 0.045131
v 0.138661 0.183370 0.045134
v 0.138294 0.183416 0.045145
v 0.138219 0.183426 0.045146
v 0.137844 0.183473 0.045148
v 0.137780 0.183482 0.045147
v 0.137738 0.183487 0.045146
v 0.137385 0.183454 0.045135
v 0.137338 0.183450 0.045132
v 0.137272 0.183444 0.045128
v 0.133182 0.181800 0.050892
v 0.131183 0.180587 0.050892
v 0.129505 0.178960 0.050892
v 0.139048 0.178388 0.055698
v 0.137662 0.178566 0.055698
v 0.136271 0.178431 0.055698
v 0.134945 0.177990 0.055698
v 0.133750 0.177264 0.055698
v 0.132747 0.176292 0.055698
v 0.146163 0.185655 0.042968
v 0.143837 0.179563 0.043085
v 0.143442 0.179761 0.043050
v 0.145693 0.185890 0.042931
v 0.143041 0.179961 0.043155
v 0.145217 0.186129 0.043059
v 0.150637 0.197928 0.042236
v 0.153179 0.203913 0.041847
v 0.154061 0.203470 0.041786
v 0.151375 0.197559 0.042214
v 0.153602 0.203700 0.042628
v 0.148625 0.191679 0.042662
v 0.148048 0.191968 0.042649
v 0.147473 0.192256 0.042835
v 0.148303 0.191840 0.043194
v 0.144749 0.186363 0.043219
v 0.150981 0.197756 0.042909
v 0.152898 0.204053 0.043285
v 0.145887 0.185793 0.043393
v 0.143607 0.179678 0.043444
v 0.142647 0.180159 0.043289
v 0.142255 0.180355 0.043433
v 0.141865 0.180550 0.043580
v 0.144284 0.186596 0.043392
v 0.145483 0.185996 0.043701
v 0.145051 0.186212 0.043960
v 0.144605 0.186435 0.044187
v 0.144150 0.186663 0.044388
v 0.147821 0.192081 0.043593
v 0.150381 0.198057 0.043441
v 0.147306 0.192340 0.043934
v 0.156521 0.209496 0.041535
v 0.156014 0.209750 0.042466
v 0.149911 0.198292 0.042507
v 0.152317 0.204344 0.042201
v 0.146908 0.192539 0.043060
v 0.146347 0.192820 0.043298
v 0.149199 0.198649 0.042826
v 0.151474 0.204766 0.042610
v 0.148493 0.199002 0.043162
v 0.150639 0.205184 0.043038
v 0.143820 0.186828 0.043568
v 0.143356 0.187061 0.043744
v 0.142892 0.187293 0.043918
v 0.142426 0.187526 0.044088
v 0.143687 0.186895 0.044568
v 0.143219 0.187129 0.044730
v 0.142745 0.187367 0.044866
v 0.141958 0.187761 0.044251
v 0.141489 0.187996 0.044409
v 0.142267 0.187606 0.044987
v 0.141018 0.188231 0.044559
v 0.140544 0.188469 0.044699
v 0.140069 0.188707 0.044831
v 0.139592 0.188946 0.044956
v 0.145788 0.193100 0.043541
v 0.149736 0.198380 0.043904
v 0.145229 0.193380 0.043783
v 0.144669 0.193660 0.044024
v 0.147789 0.199354 0.043502
v 0.147085 0.199707 0.043842
v 0.152137 0.204434 0.043861
v 0.146770 0.192608 0.044236
v 0.146222 0.192882 0.044508
v 0.149064 0.198716 0.044318
v 0.145665 0.193161 0.044755
v 0.148375 0.199061 0.044694
v 0.144107 0.193941 0.044258
v 0.145101 0.193444 0.044982
v 0.147674 0.199412 0.045039
v 0.151344 0.204831 0.044379
v 0.150529 0.205239 0.044853
v 0.149806 0.205601 0.043471
v 0.146380 0.200060 0.044178
v 0.148973 0.206019 0.043902
v 0.143543 0.194224 0.044484
v 0.145672 0.200415 0.044507
v 0.142976 0.194508 0.044704
v 0.142407 0.194793 0.044915
v 0.141834 0.195080 0.045113
v 0.144960 0.200771 0.044826
v 0.144245 0.201129 0.045136
v 0.148137 0.206437 0.044330
v 0.147299 0.206857 0.044749
v 0.146455 0.207280 0.045155
v 0.155545 0.209984 0.041620
v 0.154597 0.210459 0.042025
v 0.158869 0.215577 0.041429
v 0.157833 0.216096 0.041525
v 0.158319 0.215852 0.042411
v 0.153670 0.210924 0.042488
v 0.156826 0.216600 0.041953
v 0.155238 0.210138 0.043197
v 0.157489 0.216268 0.043180
v 0.155840 0.217094 0.042441
v 0.152751 0.211384 0.042971
v 0.154862 0.217583 0.042950
v 0.161230 0.221651 0.041368
v 0.160140 0.222197 0.041467
v 0.160635 0.221949 0.042390
v 0.163555 0.227744 0.041329
v 0.162924 0.228060 0.042377
v 0.159078 0.222729 0.041911
v 0.162425 0.228310 0.041434
v 0.165832 0.233861 0.041336
v 0.165175 0.234190 0.042392
v 0.164682 0.234437 0.041445
v 0.159754 0.222391 0.043187
v 0.162005 0.228521 0.043192
v 0.164232 0.234662 0.043210
v 0.158038 0.223250 0.042417
v 0.161324 0.228861 0.041889
v 0.163561 0.234998 0.041903
v 0.160245 0.229402 0.042407
v 0.157006 0.223767 0.042943
v 0.153886 0.218072 0.043464
v 0.155976 0.224283 0.043474
v 0.159174 0.229938 0.042945
v 0.162460 0.235549 0.042422
v 0.154401 0.210557 0.043840
v 0.156597 0.216715 0.043856
v 0.153528 0.210994 0.044421
v 0.152632 0.211443 0.044954
v 0.155667 0.217180 0.044467
v 0.151834 0.211843 0.043460
v 0.150917 0.212302 0.043946
v 0.152910 0.218561 0.043975
v 0.149997 0.212763 0.044428
v 0.154712 0.217659 0.045027
v 0.158808 0.222864 0.043886
v 0.161020 0.229014 0.043907
v 0.163224 0.235167 0.043927
v 0.157825 0.223357 0.044518
v 0.159997 0.229526 0.044552
v 0.156816 0.223862 0.045096
v 0.158948 0.230051 0.045142
v 0.162178 0.235691 0.044573
v 0.161367 0.236097 0.042962
v 0.149073 0.213225 0.044900
v 0.151931 0.219051 0.044482
v 0.150948 0.219544 0.044977
v 0.154945 0.224799 0.044001
v 0.158104 0.230474 0.043487
v 0.160275 0.236643 0.043505
v 0.157033 0.231010 0.044025
v 0.159182 0.237191 0.044044
v 0.153911 0.225317 0.044523
v 0.152873 0.225837 0.045033
v 0.161107 0.236227 0.045164
v 0.155960 0.231548 0.044557
v 0.158086 0.237740 0.044576
v 0.154881 0.232088 0.045077
v 0.156985 0.238291 0.045094
v 0.141787 0.187846 0.045096
v 0.141303 0.188089 0.045181
v 0.140817 0.188332 0.045252
v 0.140330 0.188576 0.045311
v 0.139842 0.188820 0.045353
v 0.139352 0.189065 0.045378
v 0.139113 0.189186 0.045071
v 0.138863 0.189311 0.045389
v 0.138373 0.189556 0.045386
v 0.138632 0.189426 0.045176
v 0.138150 0.189668 0.045273
v 0.137883 0.189801 0.045368
v 0.144527 0.193731 0.045175
v 0.143948 0.194021 0.045352
v 0.146962 0.199769 0.045359
v 0.149699 0.205655 0.045291
v 0.143366 0.194312 0.045513
v 0.142779 0.194607 0.045646
v 0.146237 0.200132 0.045637
v 0.142188 0.194902 0.045762
v 0.145506 0.200498 0.045895
v 0.141259 0.195368 0.045301
v 0.141595 0.195199 0.045863
v 0.141000 0.195497 0.045943
v 0.140403 0.195796 0.046004
v 0.144769 0.200867 0.046132
v 0.148856 0.206077 0.045700
v 0.147996 0.206508 0.046059
v 0.144024 0.201240 0.046334
v 0.147127 0.206943 0.046394
v 0.140681 0.195657 0.045480
v 0.140101 0.195948 0.045648
v 0.143526 0.201489 0.045435
v 0.139805 0.196096 0.046047
v 0.139517 0.196240 0.045804
v 0.139206 0.196396 0.046073
v 0.142802 0.201852 0.045718
v 0.142075 0.202216 0.045989
v 0.138932 0.196533 0.045950
v 0.138606 0.196696 0.046080
v 0.141344 0.202582 0.046247
v 0.145607 0.207704 0.045551
v 0.144755 0.208131 0.045934
v 0.143274 0.201615 0.046515
v 0.142521 0.201992 0.046677
v 0.141764 0.202372 0.046812
v 0.140609 0.202950 0.046491
v 0.141004 0.202752 0.046922
v 0.140241 0.203134 0.047011
v 0.146252 0.207381 0.046705
v 0.145365 0.207825 0.046974
v 0.143896 0.208561 0.046297
v 0.144473 0.208272 0.047219
v 0.139870 0.203320 0.046721
v 0.139477 0.203517 0.047078
v 0.139128 0.203692 0.046937
v 0.138711 0.203900 0.047120
v 0.143032 0.208994 0.046646
v 0.142163 0.209429 0.046980
v 0.143577 0.208721 0.047440
v 0.142674 0.209173 0.047631
v 0.141767 0.209627 0.047791
v 0.141289 0.209866 0.047298
v 0.140856 0.210083 0.047926
v 0.151718 0.211901 0.045447
v 0.150789 0.212366 0.045908
v 0.153739 0.218146 0.045545
v 0.152751 0.218641 0.046029
v 0.149842 0.212841 0.046315
v 0.155788 0.224377 0.045630
v 0.148144 0.213691 0.045358
v 0.147210 0.214158 0.045804
v 0.149958 0.220039 0.045457
v 0.148885 0.213320 0.046695
v 0.147920 0.213803 0.047049
v 0.151743 0.219145 0.046457
v 0.150725 0.219655 0.046856
v 0.148964 0.220537 0.045924
v 0.146271 0.214629 0.046235
v 0.145324 0.215103 0.046645
v 0.147964 0.221037 0.046376
v 0.146956 0.221542 0.046804
v 0.154745 0.224899 0.046129
v 0.157880 0.230586 0.045687
v 0.160017 0.236773 0.045710
v 0.153682 0.225431 0.046569
v 0.156797 0.231128 0.046195
v 0.152608 0.225969 0.046979
v 0.155694 0.231681 0.046644
v 0.158912 0.237326 0.046217
v 0.151828 0.226360 0.045526
v 0.150778 0.226885 0.046007
v 0.153796 0.232631 0.045579
v 0.155878 0.238846 0.045595
v 0.157786 0.237890 0.046665
v 0.146943 0.214292 0.047358
v 0.149699 0.220169 0.047227
v 0.145959 0.214785 0.047640
v 0.144970 0.215280 0.047896
v 0.144371 0.215580 0.047039
v 0.148660 0.220689 0.047550
v 0.147615 0.221212 0.047845
v 0.143974 0.215779 0.048118
v 0.146564 0.221739 0.048113
v 0.151527 0.226511 0.047359
v 0.154580 0.232238 0.047060
v 0.150432 0.227059 0.047690
v 0.153458 0.232800 0.047447
v 0.156651 0.238458 0.047080
v 0.155507 0.239031 0.047464
v 0.140411 0.210306 0.047597
v 0.139943 0.210541 0.048034
v 0.139528 0.210748 0.047881
v 0.139027 0.210999 0.048113
v 0.152706 0.233177 0.046067
v 0.149723 0.227414 0.046470
v 0.148658 0.227947 0.046908
v 0.151609 0.233726 0.046537
v 0.154765 0.239403 0.046081
v 0.153646 0.239963 0.046549
v 0.150504 0.234280 0.046981
v 0.143414 0.216059 0.047417
v 0.142450 0.216542 0.047776
v 0.145943 0.222050 0.047216
v 0.144924 0.222560 0.047610
v 0.142973 0.216280 0.048306
v 0.141968 0.216784 0.048467
v 0.141481 0.217027 0.048115
v 0.140959 0.217289 0.048599
v 0.145505 0.222269 0.048344
v 0.144441 0.222802 0.048541
v 0.140507 0.217515 0.048437
v 0.139948 0.217795 0.048698
v 0.143898 0.223074 0.047984
v 0.143373 0.223337 0.048707
v 0.142867 0.223590 0.048337
v 0.141831 0.224109 0.048671
v 0.152323 0.233369 0.047782
v 0.147589 0.228483 0.047330
v 0.154350 0.239611 0.047797
v 0.149330 0.227611 0.047990
v 0.148222 0.228165 0.048261
v 0.151180 0.233941 0.048086
v 0.147108 0.228723 0.048496
v 0.150032 0.234516 0.048359
v 0.153186 0.240194 0.048098
v 0.146513 0.229021 0.047732
v 0.149393 0.234836 0.047408
v 0.152518 0.240528 0.046990
v 0.151385 0.241095 0.047413
v 0.148277 0.235395 0.047814
v 0.145432 0.229563 0.048113
v 0.145988 0.229284 0.048693
v 0.148877 0.235095 0.048595
v 0.144344 0.230107 0.048472
v 0.152016 0.240779 0.048368
v 0.147154 0.235957 0.048199
v 0.150246 0.241666 0.047816
v 0.150839 0.241369 0.048600
v 0.146025 0.236523 0.048560
v 0.149100 0.242239 0.048196
v 0.147949 0.242816 0.048552
v 0.168077 0.239994 0.041420
v 0.167399 0.240333 0.042462
v 0.166925 0.240570 0.041523
v 0.165799 0.241134 0.041969
v 0.170266 0.246154 0.041547
v 0.169134 0.246721 0.041642
v 0.172344 0.252371 0.041790
v 0.169581 0.246497 0.042554
v 0.168025 0.247277 0.042068
v 0.164692 0.241688 0.042476
v 0.171267 0.252910 0.041864
v 0.166443 0.240812 0.043263
v 0.171667 0.252710 0.042725
v 0.168631 0.246973 0.043323
v 0.170749 0.253169 0.043430
v 0.174405 0.258595 0.042034
v 0.173398 0.259100 0.042091
v 0.176477 0.264815 0.042318
v 0.173750 0.258923 0.042888
v 0.165425 0.241321 0.043963
v 0.167623 0.247478 0.043995
v 0.164371 0.241849 0.044594
v 0.163593 0.242239 0.043001
v 0.166934 0.247823 0.042552
v 0.170207 0.253441 0.042248
v 0.165849 0.248366 0.043053
v 0.169162 0.253964 0.042684
v 0.172402 0.259598 0.042430
v 0.168124 0.254484 0.043136
v 0.171420 0.260090 0.042818
v 0.175551 0.265278 0.042351
v 0.175851 0.265128 0.043078
v 0.172879 0.259360 0.043524
v 0.174631 0.265739 0.042638
v 0.170443 0.260579 0.043219
v 0.173723 0.266194 0.042968
v 0.162495 0.242789 0.043529
v 0.169778 0.253656 0.044043
v 0.164765 0.248909 0.043556
v 0.163292 0.242390 0.045169
v 0.166580 0.248000 0.044597
v 0.168776 0.254157 0.044589
v 0.165514 0.248534 0.045145
v 0.161395 0.243340 0.044052
v 0.163679 0.249453 0.044054
v 0.167085 0.255004 0.043589
v 0.160292 0.243892 0.044569
v 0.159184 0.244447 0.045071
v 0.162591 0.249998 0.044545
v 0.166045 0.255525 0.044037
v 0.171961 0.259819 0.044073
v 0.175036 0.265536 0.043634
v 0.174181 0.265964 0.044111
v 0.171016 0.260292 0.044562
v 0.167754 0.254669 0.045085
v 0.173303 0.266404 0.044532
v 0.170053 0.260775 0.045002
v 0.169466 0.261069 0.043620
v 0.172817 0.266647 0.043310
v 0.171912 0.267101 0.043651
v 0.168487 0.261559 0.044017
v 0.171005 0.267555 0.043988
v 0.165002 0.256047 0.044478
v 0.172409 0.266852 0.044909
v 0.167506 0.262050 0.044406
v 0.178577 0.271020 0.042578
v 0.177739 0.271439 0.042592
v 0.177990 0.271314 0.043243
v 0.176904 0.271858 0.042830
v 0.180655 0.277236 0.042887
v 0.179925 0.277602 0.042875
v 0.180120 0.277504 0.043439
v 0.179191 0.277969 0.043054
v 0.182591 0.283524 0.043164
v 0.176077 0.272272 0.043106
v 0.182007 0.283816 0.043138
v 0.177242 0.271689 0.043721
v 0.176459 0.272081 0.044128
v 0.179453 0.277838 0.043826
v 0.182147 0.283746 0.043586
v 0.175253 0.272685 0.043392
v 0.174428 0.273098 0.043677
v 0.173603 0.273511 0.043958
v 0.178464 0.278334 0.043265
v 0.181416 0.284112 0.043261
v 0.178760 0.278185 0.044149
v 0.181603 0.284019 0.043873
v 0.177738 0.278697 0.043484
v 0.180829 0.284406 0.043410
v 0.177012 0.279061 0.043702
v 0.180244 0.284699 0.043564
v 0.175657 0.272482 0.044484
v 0.174842 0.272890 0.044801
v 0.178051 0.278540 0.044429
v 0.181040 0.284300 0.044110
v 0.180466 0.284588 0.044312
v 0.177332 0.278900 0.044674
v 0.176606 0.279264 0.044891
v 0.179885 0.284879 0.044486
v 0.179300 0.285172 0.044638
v 0.184494 0.289828 0.043335
v 0.184168 0.289991 0.043633
v 0.184073 0.290039 0.043315
v 0.183646 0.290252 0.043401
v 0.183774 0.290188 0.043834
v 0.183222 0.290465 0.043504
v 0.182799 0.290676 0.043611
v 0.179658 0.284993 0.043717
v 0.183367 0.290392 0.043999
v 0.182376 0.290888 0.043716
v 0.185260 0.291863 0.043370
v 0.184872 0.292058 0.043351
v 0.184959 0.292014 0.043642
v 0.185892 0.293966 0.043424
v 0.185635 0.294094 0.043652
v 0.184479 0.292254 0.043430
v 0.184089 0.292450 0.043523
v 0.185563 0.294130 0.043408
v 0.185230 0.294297 0.043474
v 0.186040 0.296311 0.043545
v 0.185861 0.296400 0.043537
v 0.185900 0.296381 0.043669
v 0.183699 0.292645 0.043620
v 0.184900 0.294463 0.043552
v 0.185681 0.296490 0.043572
v 0.184595 0.292196 0.043825
v 0.184219 0.292384 0.043976
v 0.185327 0.294249 0.043806
v 0.185732 0.296465 0.043752
v 0.185008 0.294408 0.043933
v 0.183309 0.292840 0.043716
v 0.184570 0.294628 0.043633
v 0.185559 0.296551 0.043820
v 0.185501 0.296580 0.043614
v 0.185322 0.296670 0.043658
v 0.184445 0.297109 0.043894
v 0.184684 0.294570 0.044039
v 0.185383 0.296640 0.043877
v 0.182952 0.290600 0.044139
v 0.182532 0.290810 0.044260
v 0.183836 0.292576 0.044104
v 0.183449 0.292770 0.044213
v 0.184357 0.294735 0.044131
v 0.162195 0.242939 0.045699
v 0.164431 0.249076 0.045649
v 0.166716 0.255189 0.045539
v 0.161084 0.243495 0.046191
v 0.159953 0.244062 0.046624
v 0.163335 0.249625 0.046117
v 0.165666 0.255715 0.045958
v 0.162220 0.250184 0.046526
v 0.164600 0.256248 0.046321
v 0.169076 0.261264 0.045404
v 0.168089 0.261758 0.045773
v 0.171504 0.267305 0.045250
v 0.170590 0.267763 0.045561
v 0.158812 0.244633 0.047023
v 0.174018 0.273303 0.045085
v 0.173186 0.273719 0.045343
v 0.161498 0.250545 0.045021
v 0.163955 0.256571 0.044905
v 0.170097 0.268010 0.044317
v 0.166521 0.262544 0.044782
v 0.169184 0.268467 0.044634
v 0.165531 0.263039 0.045141
v 0.168268 0.268926 0.044935
v 0.176285 0.279425 0.043916
v 0.175557 0.279789 0.044123
v 0.179071 0.285286 0.043866
v 0.172775 0.273925 0.044232
v 0.171945 0.274341 0.044494
v 0.171111 0.274759 0.044741
v 0.174826 0.280155 0.044320
v 0.178484 0.285581 0.044010
v 0.178710 0.285467 0.044770
v 0.175875 0.279630 0.045084
v 0.177894 0.285876 0.044145
v 0.174093 0.280523 0.044504
v 0.177303 0.286172 0.044270
v 0.173357 0.280891 0.044678
v 0.170274 0.275178 0.044977
v 0.169434 0.275598 0.045198
v 0.172620 0.281260 0.044838
v 0.176711 0.286468 0.044386
v 0.171879 0.281631 0.044981
v 0.176117 0.286766 0.044492
v 0.171136 0.282003 0.045111
v 0.175521 0.287064 0.044583
v 0.181953 0.291100 0.043819
v 0.181528 0.291313 0.043918
v 0.182918 0.293036 0.043809
v 0.182527 0.293232 0.043899
v 0.181102 0.291526 0.044010
v 0.182135 0.293428 0.043983
v 0.184240 0.294793 0.043713
v 0.183909 0.294959 0.043791
v 0.185143 0.296760 0.043701
v 0.184963 0.296850 0.043743
v 0.183578 0.295125 0.043866
v 0.184783 0.296940 0.043783
v 0.185205 0.296729 0.043926
v 0.185026 0.296819 0.043968
v 0.184845 0.296909 0.044005
v 0.181742 0.293625 0.044059
v 0.183246 0.295291 0.043936
v 0.184603 0.297030 0.043820
v 0.184422 0.297121 0.043854
v 0.184241 0.297212 0.043885
v 0.184663 0.297000 0.044033
v 0.184481 0.297091 0.044056
v 0.184299 0.297183 0.044074
v 0.182913 0.295458 0.043999
v 0.184059 0.297303 0.043913
v 0.184115 0.297274 0.044084
v 0.182579 0.295625 0.044058
v 0.183877 0.297394 0.043936
v 0.183694 0.297485 0.043957
v 0.183932 0.297366 0.044090
v 0.182244 0.295792 0.044111
v 0.183511 0.297577 0.043974
v 0.183328 0.297668 0.043987
v 0.183145 0.297760 0.043996
v 0.183382 0.297642 0.044075
v 0.183565 0.297550 0.044086
v 0.183199 0.297733 0.044059
v 0.182962 0.297852 0.044001
v 0.181909 0.295960 0.044155
v 0.183017 0.297824 0.044039
v 0.182835 0.297916 0.044013
v 0.182108 0.291022 0.044364
v 0.178116 0.285765 0.044874
v 0.181682 0.291236 0.044455
v 0.181253 0.291451 0.044525
v 0.180676 0.291740 0.044094
v 0.180248 0.291954 0.044173
v 0.179819 0.292169 0.044244
v 0.180823 0.291666 0.044582
v 0.177519 0.286064 0.044960
v 0.180391 0.291882 0.044629
v 0.176921 0.286363 0.045031
v 0.179959 0.292099 0.044657
v 0.183059 0.292965 0.044308
v 0.182667 0.293162 0.044390
v 0.182272 0.293360 0.044454
v 0.184026 0.294900 0.044210
v 0.183694 0.295066 0.044279
v 0.183360 0.295234 0.044331
v 0.183749 0.297458 0.044091
v 0.183024 0.295402 0.044374
v 0.182688 0.295570 0.044408
v 0.181875 0.293558 0.044505
v 0.181347 0.293822 0.044130
v 0.180952 0.294020 0.044194
v 0.179389 0.292384 0.044304
v 0.180556 0.294219 0.044248
v 0.182350 0.295739 0.044428
v 0.181573 0.296129 0.044194
v 0.182012 0.295908 0.044439
v 0.181675 0.296078 0.044442
v 0.181478 0.293757 0.044547
v 0.181236 0.296297 0.044226
v 0.181337 0.296247 0.044434
v 0.180899 0.296466 0.044251
v 0.180562 0.296635 0.044269
v 0.180999 0.296416 0.044415
v 0.180663 0.296584 0.044387
v 0.181079 0.293957 0.044572
v 0.180680 0.294157 0.044586
v 0.179525 0.292316 0.044674
v 0.174924 0.287363 0.044664
v 0.178958 0.292600 0.044357
v 0.176321 0.286664 0.045077
v 0.179092 0.292533 0.044679
v 0.175720 0.286965 0.045106
v 0.174326 0.287663 0.044734
v 0.178526 0.292816 0.044402
v 0.178658 0.292750 0.044672
v 0.175119 0.287266 0.045120
v 0.170392 0.282376 0.045227
v 0.173726 0.287963 0.044791
v 0.178093 0.293033 0.044437
v 0.178225 0.292967 0.044650
v 0.174517 0.287567 0.045115
v 0.177793 0.293184 0.044616
v 0.173916 0.287868 0.045091
v 0.173126 0.288264 0.044836
v 0.177661 0.293250 0.044464
v 0.172525 0.288564 0.044868
v 0.177227 0.293467 0.044481
v 0.173316 0.288169 0.045050
v 0.177361 0.293400 0.044571
v 0.180159 0.294418 0.044295
v 0.179761 0.294617 0.044335
v 0.179363 0.294816 0.044366
v 0.180224 0.296804 0.044281
v 0.180326 0.296753 0.044350
v 0.179991 0.296921 0.044303
v 0.179483 0.294756 0.044560
v 0.178964 0.295016 0.044389
v 0.179085 0.294956 0.044529
v 0.180281 0.294357 0.044590
v 0.179882 0.294556 0.044582
v 0.178565 0.295216 0.044403
v 0.176931 0.293615 0.044513
v 0.178291 0.295353 0.044431
v 0.178687 0.295155 0.044486
v 0.172716 0.288469 0.044993
v 0.172119 0.288768 0.044918
v 0.158070 0.245005 0.045555
v 0.160398 0.251096 0.045479
v 0.156951 0.245565 0.046025
v 0.159293 0.251649 0.045923
v 0.162902 0.257099 0.045314
v 0.155826 0.246129 0.046476
v 0.161096 0.250746 0.046902
v 0.163526 0.256786 0.046654
v 0.158183 0.252205 0.046348
v 0.161845 0.257628 0.045709
v 0.154692 0.246696 0.046900
v 0.157065 0.252765 0.046747
v 0.160783 0.258160 0.046086
v 0.169665 0.268226 0.045825
v 0.164536 0.263537 0.045486
v 0.167087 0.262260 0.046091
v 0.166079 0.262765 0.046379
v 0.168733 0.268692 0.046062
v 0.167797 0.269161 0.046275
v 0.165065 0.263273 0.046641
v 0.167348 0.269386 0.045224
v 0.163538 0.264037 0.045815
v 0.166424 0.269849 0.045496
v 0.162533 0.264541 0.046119
v 0.165495 0.270314 0.045746
v 0.159713 0.258696 0.046438
v 0.166854 0.269633 0.046447
v 0.164042 0.263785 0.046859
v 0.165908 0.270107 0.046593
v 0.157664 0.245208 0.047392
v 0.156502 0.245790 0.047710
v 0.159964 0.251313 0.047249
v 0.162445 0.257328 0.046958
v 0.158821 0.251886 0.047545
v 0.153553 0.247267 0.047305
v 0.161354 0.257874 0.047215
v 0.160258 0.258423 0.047441
v 0.157671 0.252461 0.047810
v 0.155942 0.253327 0.047127
v 0.155335 0.246374 0.047995
v 0.154161 0.246962 0.048251
v 0.152982 0.247553 0.048468
v 0.156517 0.253039 0.048045
v 0.159158 0.258974 0.047639
v 0.163015 0.264299 0.047048
v 0.161985 0.264815 0.047211
v 0.164959 0.270582 0.046715
v 0.158639 0.259233 0.046772
v 0.161524 0.265046 0.046407
v 0.164563 0.270781 0.045981
v 0.160511 0.265553 0.046676
v 0.163628 0.271249 0.046198
v 0.159494 0.266062 0.046925
v 0.162689 0.271719 0.046397
v 0.158473 0.266573 0.047152
v 0.161747 0.272191 0.046575
v 0.152408 0.247840 0.047690
v 0.154813 0.253892 0.047486
v 0.157561 0.259774 0.047086
v 0.153679 0.254460 0.047823
v 0.151257 0.248416 0.048052
v 0.150101 0.248995 0.048390
v 0.158053 0.259527 0.047802
v 0.155357 0.253620 0.048243
v 0.154192 0.254203 0.048401
v 0.151797 0.248146 0.048645
v 0.156944 0.260082 0.047928
v 0.152540 0.255031 0.048136
v 0.156477 0.260316 0.047378
v 0.148939 0.249577 0.048705
v 0.155833 0.260639 0.048023
v 0.153024 0.254788 0.048529
v 0.151395 0.255604 0.048428
v 0.155389 0.260861 0.047648
v 0.154720 0.261196 0.048088
v 0.151854 0.255374 0.048623
v 0.154297 0.261408 0.047896
v 0.150681 0.255962 0.048680
v 0.153605 0.261754 0.048118
v 0.160950 0.265333 0.047341
v 0.164007 0.271059 0.046808
v 0.163054 0.271537 0.046868
v 0.162099 0.272015 0.046903
v 0.159913 0.265853 0.047437
v 0.158873 0.266373 0.047504
v 0.161144 0.272493 0.046911
v 0.157449 0.267086 0.047359
v 0.160803 0.272664 0.046735
v 0.157833 0.266894 0.047543
v 0.160188 0.272971 0.046889
v 0.156792 0.267415 0.047549
v 0.172345 0.274141 0.045558
v 0.171500 0.274564 0.045748
v 0.175136 0.280000 0.045241
v 0.174395 0.280371 0.045375
v 0.173650 0.280744 0.045491
v 0.170650 0.274990 0.045917
v 0.168590 0.276021 0.045399
v 0.172902 0.281119 0.045576
v 0.172153 0.281494 0.045639
v 0.169795 0.275418 0.046049
v 0.167744 0.276445 0.045586
v 0.171403 0.281870 0.045684
v 0.170651 0.282246 0.045705
v 0.168938 0.275847 0.046158
v 0.168079 0.276277 0.046244
v 0.166894 0.276870 0.045756
v 0.169646 0.282749 0.045328
v 0.168898 0.283124 0.045413
v 0.166042 0.277297 0.045910
v 0.169900 0.282622 0.045701
v 0.169149 0.282998 0.045678
v 0.168149 0.283499 0.045483
v 0.167649 0.283749 0.045566
v 0.165188 0.277725 0.046045
v 0.164332 0.278154 0.046163
v 0.168398 0.283374 0.045633
v 0.167217 0.276709 0.046304
v 0.166355 0.277140 0.046335
v 0.165492 0.277572 0.046343
v 0.164630 0.278004 0.046328
v 0.163767 0.278436 0.046285
v 0.142302 0.223873 0.048843
v 0.141227 0.224411 0.048945
v 0.144863 0.229847 0.048859
v 0.143736 0.230412 0.048992
v 0.147716 0.235676 0.048792
v 0.146551 0.236259 0.048957
v 0.149657 0.241961 0.048792
v 0.143251 0.230655 0.048810
v 0.142605 0.230978 0.049090
v 0.145382 0.236844 0.049089
v 0.144891 0.237091 0.048900
v 0.144211 0.237431 0.049184
v 0.148471 0.242554 0.048952
v 0.147282 0.243150 0.049078
v 0.146792 0.243395 0.048886
v 0.146090 0.243747 0.049167
v 0.150609 0.248741 0.048790
v 0.149418 0.249337 0.048901
v 0.148224 0.249935 0.048975
v 0.103012 0.055883 0.044918
v 0.102414 0.056182 0.044993
v 0.098200 0.051035 0.044513
v 0.097904 0.051184 0.044481
v 0.102606 0.056086 0.044868
v 0.097770 0.051251 0.044571
v 0.097470 0.051401 0.044464
v 0.102005 0.056387 0.044836
v 0.101815 0.056482 0.045050
v 0.096840 0.049297 0.044431
v 0.094907 0.047847 0.044281
v 0.096566 0.049435 0.044403
v 0.095140 0.047730 0.044303
v 0.096444 0.049496 0.044486
v 0.094569 0.048016 0.044269
v 0.096167 0.049635 0.044389
v 0.094805 0.047898 0.044350
v 0.096046 0.049695 0.044529
v 0.095768 0.049834 0.044366
v 0.097037 0.051618 0.044437
v 0.097338 0.051467 0.044616
v 0.096906 0.051684 0.044650
v 0.092169 0.046799 0.044001
v 0.092296 0.046735 0.044013
v 0.094232 0.048185 0.044251
v 0.094468 0.048066 0.044387
v 0.093895 0.048353 0.044226
v 0.095370 0.050034 0.044335
v 0.095648 0.049894 0.044560
v 0.094131 0.048235 0.044415
v 0.091986 0.046890 0.043996
v 0.092114 0.046826 0.044039
v 0.091803 0.046982 0.043987
v 0.091620 0.047074 0.043974
v 0.093558 0.048522 0.044194
v 0.093222 0.048690 0.044155
v 0.094972 0.050233 0.044295
v 0.094575 0.050432 0.044248
v 0.091932 0.046917 0.044059
v 0.096605 0.051834 0.044402
v 0.096173 0.052050 0.044357
v 0.095742 0.052266 0.044304
v 0.095249 0.050094 0.044582
v 0.093794 0.048404 0.044434
v 0.094850 0.050294 0.044590
v 0.093456 0.048573 0.044442
v 0.094451 0.050494 0.044586
v 0.096473 0.051900 0.044672
v 0.096039 0.052118 0.044679
v 0.095605 0.052335 0.044674
v 0.101405 0.056688 0.044791
v 0.100805 0.056988 0.044734
v 0.101215 0.056783 0.045091
v 0.100207 0.057287 0.044664
v 0.100614 0.057084 0.045115
v 0.104739 0.062275 0.045227
v 0.099610 0.057586 0.044583
v 0.103994 0.062648 0.045111
v 0.095312 0.052482 0.044244
v 0.099014 0.057885 0.044492
v 0.094883 0.052696 0.044173
v 0.098420 0.058182 0.044386
v 0.100012 0.057385 0.045120
v 0.099411 0.057686 0.045106
v 0.098810 0.057987 0.045077
v 0.095172 0.052552 0.044657
v 0.103252 0.063019 0.044981
v 0.102511 0.063390 0.044838
v 0.090686 0.047541 0.043894
v 0.091254 0.047257 0.043936
v 0.091072 0.047348 0.043913
v 0.091749 0.047009 0.044075
v 0.091566 0.047101 0.044086
v 0.091437 0.047165 0.043957
v 0.092886 0.048858 0.044111
v 0.090890 0.047439 0.043885
v 0.092552 0.049026 0.044058
v 0.092218 0.049193 0.043999
v 0.090709 0.047530 0.043854
v 0.091885 0.049360 0.043936
v 0.093389 0.051025 0.044059
v 0.090528 0.047620 0.043820
v 0.091199 0.047284 0.044090
v 0.091016 0.047376 0.044084
v 0.090832 0.047468 0.044074
v 0.090348 0.047711 0.043783
v 0.091553 0.049526 0.043866
v 0.090650 0.047559 0.044056
v 0.090467 0.047651 0.044033
v 0.090286 0.047742 0.044005
v 0.092996 0.051222 0.043983
v 0.091222 0.049692 0.043791
v 0.092604 0.051419 0.043899
v 0.090168 0.047801 0.043743
v 0.089988 0.047891 0.043701
v 0.089809 0.047980 0.043658
v 0.089270 0.048251 0.043537
v 0.089450 0.048160 0.043572
v 0.090561 0.050023 0.043633
v 0.090891 0.049857 0.043713
v 0.089630 0.048070 0.043614
v 0.089399 0.048186 0.043752
v 0.089231 0.048270 0.043669
v 0.092213 0.051615 0.043809
v 0.091822 0.051810 0.043716
v 0.089926 0.047922 0.043926
v 0.089748 0.048011 0.043877
v 0.090105 0.047832 0.043968
v 0.089572 0.048099 0.043820
v 0.090774 0.049916 0.044131
v 0.090447 0.050080 0.044039
v 0.094028 0.053124 0.044010
v 0.093603 0.053337 0.043918
v 0.093178 0.053550 0.043819
v 0.091432 0.052006 0.043620
v 0.092755 0.053762 0.043716
v 0.096647 0.059070 0.044010
v 0.096060 0.059364 0.043866
v 0.095473 0.059658 0.043717
v 0.099574 0.064861 0.044123
v 0.098846 0.065226 0.043916
v 0.094179 0.050630 0.044194
v 0.093783 0.050828 0.044130
v 0.091382 0.047193 0.044091
v 0.093118 0.048742 0.044439
v 0.092781 0.048911 0.044428
v 0.092443 0.049080 0.044408
v 0.092107 0.049249 0.044374
v 0.093653 0.050893 0.044547
v 0.093256 0.051092 0.044505
v 0.094455 0.052911 0.044094
v 0.094052 0.050694 0.044572
v 0.094739 0.052768 0.044629
v 0.094308 0.052984 0.044582
v 0.093877 0.053200 0.044525
v 0.091771 0.049417 0.044331
v 0.091437 0.049584 0.044279
v 0.092859 0.051291 0.044454
v 0.092464 0.051489 0.044390
v 0.091105 0.049751 0.044210
v 0.091681 0.051881 0.044213
v 0.092071 0.051685 0.044308
v 0.093448 0.053415 0.044455
v 0.093023 0.053628 0.044364
v 0.092599 0.053840 0.044260
v 0.097828 0.058479 0.044270
v 0.097236 0.058775 0.044145
v 0.101774 0.063760 0.044678
v 0.101038 0.064128 0.044504
v 0.100305 0.064495 0.044320
v 0.098210 0.058287 0.045031
v 0.097612 0.058587 0.044960
v 0.097015 0.058886 0.044874
v 0.095245 0.059772 0.044486
v 0.096421 0.059183 0.044770
v 0.095831 0.059478 0.044638
v 0.099256 0.065020 0.045084
v 0.098525 0.065387 0.044891
v 0.105697 0.069052 0.045198
v 0.104857 0.069473 0.044977
v 0.104020 0.069892 0.044741
v 0.098119 0.065590 0.043702
v 0.101528 0.071139 0.043958
v 0.103186 0.070309 0.044494
v 0.102356 0.070725 0.044232
v 0.105947 0.076184 0.044634
v 0.106863 0.075725 0.044935
v 0.105034 0.076641 0.044317
v 0.104125 0.077096 0.043988
v 0.109600 0.081611 0.045141
v 0.108610 0.082107 0.044782
v 0.107625 0.082600 0.044406
v 0.106644 0.083092 0.044017
v 0.110129 0.088604 0.044478
v 0.111176 0.088079 0.044905
v 0.113633 0.094105 0.045021
v 0.112540 0.094653 0.044545
v 0.115946 0.100204 0.045071
v 0.107482 0.060901 0.045566
v 0.106982 0.061152 0.045483
v 0.106733 0.061276 0.045633
v 0.106233 0.061527 0.045413
v 0.105982 0.061652 0.045678
v 0.105485 0.061901 0.045328
v 0.105231 0.062028 0.045701
v 0.111363 0.066214 0.046285
v 0.110799 0.066497 0.046163
v 0.110501 0.066646 0.046328
v 0.109943 0.066926 0.046045
v 0.114942 0.071679 0.046889
v 0.114328 0.071987 0.046735
v 0.113987 0.072157 0.046911
v 0.113032 0.072636 0.046903
v 0.109639 0.067078 0.046343
v 0.113384 0.072460 0.046575
v 0.109088 0.067354 0.045910
v 0.108237 0.067780 0.045756
v 0.104480 0.062405 0.045705
v 0.107387 0.068205 0.045586
v 0.106541 0.068629 0.045399
v 0.110568 0.073870 0.045981
v 0.108776 0.067510 0.046335
v 0.107913 0.067942 0.046304
v 0.107052 0.068373 0.046244
v 0.112442 0.072931 0.046397
v 0.111503 0.073401 0.046198
v 0.112077 0.073114 0.046868
v 0.111123 0.073591 0.046808
v 0.110172 0.074068 0.046715
v 0.103728 0.062781 0.045684
v 0.102978 0.063157 0.045639
v 0.102228 0.063532 0.045576
v 0.101481 0.063906 0.045491
v 0.100736 0.064279 0.045375
v 0.099995 0.064651 0.045241
v 0.105336 0.069233 0.046049
v 0.104481 0.069661 0.045917
v 0.109636 0.074337 0.045746
v 0.108707 0.074802 0.045496
v 0.107783 0.075264 0.045224
v 0.106193 0.068804 0.046158
v 0.109223 0.074543 0.046593
v 0.108276 0.075017 0.046447
v 0.107334 0.075489 0.046275
v 0.103631 0.070086 0.045748
v 0.102786 0.070510 0.045558
v 0.101944 0.070931 0.045343
v 0.101113 0.071348 0.045085
v 0.105466 0.076424 0.045825
v 0.104540 0.076888 0.045561
v 0.103626 0.077346 0.045250
v 0.106397 0.075958 0.046062
v 0.116657 0.078077 0.047152
v 0.115636 0.078588 0.046925
v 0.114619 0.079098 0.046676
v 0.113607 0.079605 0.046407
v 0.112598 0.080110 0.046119
v 0.116492 0.085417 0.046772
v 0.115418 0.085955 0.046438
v 0.118339 0.077235 0.047549
v 0.117298 0.077756 0.047543
v 0.117682 0.077564 0.047359
v 0.120834 0.083242 0.047896
v 0.116258 0.078277 0.047504
v 0.115218 0.078798 0.047437
v 0.119742 0.083789 0.047648
v 0.118654 0.084334 0.047378
v 0.121526 0.082896 0.048118
v 0.120411 0.083454 0.048088
v 0.119298 0.084012 0.048023
v 0.123736 0.089047 0.048428
v 0.124450 0.088689 0.048680
v 0.123277 0.089276 0.048623
v 0.118187 0.084568 0.047928
v 0.122591 0.089620 0.048136
v 0.122107 0.089862 0.048529
v 0.114181 0.079317 0.047341
v 0.117078 0.085124 0.047802
v 0.113146 0.079835 0.047211
v 0.117570 0.084877 0.047086
v 0.115973 0.085677 0.047639
v 0.121452 0.090190 0.047823
v 0.120317 0.090758 0.047486
v 0.119189 0.091323 0.047127
v 0.119774 0.091030 0.048243
v 0.120939 0.090447 0.048401
v 0.118614 0.091611 0.048045
v 0.126192 0.095073 0.048705
v 0.125030 0.095655 0.048390
v 0.122723 0.096811 0.047690
v 0.121578 0.097384 0.047305
v 0.124885 0.102985 0.047816
v 0.123874 0.096234 0.048052
v 0.123334 0.096505 0.048645
v 0.122149 0.097098 0.048468
v 0.120969 0.097689 0.048251
v 0.126030 0.102411 0.048196
v 0.127182 0.101835 0.048552
v 0.111593 0.080613 0.045815
v 0.110594 0.081113 0.045486
v 0.114348 0.086490 0.046086
v 0.113286 0.087022 0.045709
v 0.111089 0.080866 0.046859
v 0.110066 0.081378 0.046641
v 0.118066 0.091886 0.046747
v 0.116948 0.092446 0.046348
v 0.112229 0.087552 0.045314
v 0.107042 0.082892 0.045773
v 0.114733 0.093555 0.045479
v 0.115837 0.093002 0.045923
v 0.109052 0.081886 0.046379
v 0.108044 0.082391 0.046091
v 0.111605 0.087864 0.046654
v 0.110531 0.088402 0.046321
v 0.109465 0.088936 0.045958
v 0.112911 0.094467 0.046526
v 0.120439 0.097954 0.046900
v 0.119305 0.098522 0.046476
v 0.118180 0.099085 0.046025
v 0.121485 0.104687 0.046549
v 0.122613 0.104123 0.046990
v 0.117061 0.099646 0.045555
v 0.119253 0.105805 0.045595
v 0.120366 0.105248 0.046081
v 0.114035 0.093904 0.046902
v 0.115178 0.100589 0.046624
v 0.112116 0.080351 0.047048
v 0.114872 0.086228 0.047441
v 0.113776 0.086777 0.047215
v 0.112686 0.087323 0.046958
v 0.116310 0.092765 0.047545
v 0.117459 0.092189 0.047810
v 0.115167 0.093337 0.047249
v 0.123746 0.103555 0.047413
v 0.119796 0.098276 0.047995
v 0.118629 0.098861 0.047710
v 0.123115 0.103871 0.048368
v 0.124291 0.103282 0.048600
v 0.120781 0.105040 0.047797
v 0.121945 0.104457 0.048098
v 0.117467 0.099442 0.047392
v 0.116319 0.100018 0.047023
v 0.119624 0.105619 0.047464
v 0.118480 0.106192 0.047080
v 0.093124 0.060834 0.043138
v 0.092540 0.061127 0.043164
v 0.095206 0.067049 0.042875
v 0.095940 0.066681 0.043054
v 0.098227 0.072792 0.042830
v 0.099054 0.072378 0.043106
v 0.101408 0.078456 0.042968
v 0.094476 0.067414 0.042887
v 0.097391 0.073211 0.042592
v 0.096554 0.073630 0.042578
v 0.095011 0.067146 0.043439
v 0.097141 0.073337 0.043243
v 0.099580 0.079372 0.042351
v 0.100500 0.078911 0.042638
v 0.098654 0.079836 0.042318
v 0.099280 0.079522 0.043078
v 0.089901 0.050353 0.043474
v 0.090231 0.050188 0.043552
v 0.091042 0.052201 0.043523
v 0.089568 0.050520 0.043408
v 0.089091 0.048340 0.043545
v 0.089239 0.050685 0.043424
v 0.090652 0.052396 0.043430
v 0.090259 0.052593 0.043351
v 0.091908 0.054186 0.043504
v 0.092331 0.053974 0.043611
v 0.091485 0.054398 0.043401
v 0.091058 0.054612 0.043315
v 0.089804 0.050402 0.043806
v 0.089496 0.050556 0.043652
v 0.090123 0.050242 0.043933
v 0.090912 0.052266 0.043976
v 0.090172 0.052636 0.043642
v 0.090536 0.052454 0.043825
v 0.090963 0.054660 0.043633
v 0.091357 0.054462 0.043834
v 0.091764 0.054258 0.043999
v 0.089871 0.052787 0.043370
v 0.090637 0.054823 0.043335
v 0.094887 0.059951 0.043564
v 0.094302 0.060244 0.043410
v 0.093715 0.060538 0.043261
v 0.097393 0.065953 0.043484
v 0.093528 0.060632 0.043873
v 0.094091 0.060350 0.044110
v 0.092984 0.060904 0.043586
v 0.096667 0.066317 0.043265
v 0.095678 0.066812 0.043826
v 0.091294 0.052074 0.044104
v 0.092179 0.054050 0.044139
v 0.094665 0.060063 0.044312
v 0.097080 0.066110 0.044429
v 0.097799 0.065750 0.044674
v 0.096371 0.066465 0.044149
v 0.099878 0.071966 0.043392
v 0.100703 0.071553 0.043677
v 0.097889 0.072962 0.043721
v 0.098672 0.072570 0.044128
v 0.103219 0.077550 0.043651
v 0.102313 0.078003 0.043310
v 0.100289 0.071760 0.044801
v 0.099474 0.072168 0.044484
v 0.100950 0.078686 0.044111
v 0.101828 0.078246 0.044532
v 0.102721 0.077799 0.044909
v 0.100095 0.079114 0.043634
v 0.101733 0.085551 0.042091
v 0.103864 0.091741 0.041864
v 0.104924 0.091210 0.042248
v 0.107106 0.097374 0.042068
v 0.102729 0.085052 0.042430
v 0.103711 0.084561 0.042818
v 0.105968 0.090687 0.042684
v 0.104688 0.084071 0.043219
v 0.107007 0.090167 0.043136
v 0.100726 0.086055 0.042034
v 0.101381 0.085727 0.042888
v 0.103464 0.091941 0.042725
v 0.102252 0.085291 0.043524
v 0.109282 0.096284 0.043053
v 0.108197 0.096828 0.042552
v 0.111538 0.102412 0.043001
v 0.110439 0.102962 0.042476
v 0.112671 0.109101 0.042422
v 0.113764 0.108554 0.042962
v 0.105665 0.083582 0.043620
v 0.109086 0.089126 0.044037
v 0.108046 0.089647 0.043589
v 0.110366 0.095742 0.043556
v 0.111452 0.095198 0.044054
v 0.104115 0.084358 0.044562
v 0.105078 0.083876 0.045002
v 0.107377 0.089981 0.045085
v 0.106355 0.090493 0.044589
v 0.103170 0.084831 0.044073
v 0.104382 0.091481 0.043430
v 0.105353 0.090995 0.044043
v 0.106500 0.097677 0.043323
v 0.108551 0.096650 0.044597
v 0.107508 0.097173 0.043995
v 0.113736 0.101311 0.044052
v 0.112636 0.101862 0.043529
v 0.115949 0.107460 0.044044
v 0.114839 0.100759 0.044569
v 0.118146 0.106360 0.045094
v 0.117045 0.106911 0.044576
v 0.114855 0.108007 0.043505
v 0.109617 0.096117 0.045145
v 0.110760 0.102801 0.044594
v 0.109706 0.103329 0.043963
v 0.111839 0.102261 0.045169
v 0.112953 0.108960 0.044573
v 0.102787 0.092280 0.041790
v 0.105997 0.097929 0.041642
v 0.104865 0.098496 0.041547
v 0.105550 0.098153 0.042554
v 0.108206 0.104080 0.041523
v 0.109332 0.103516 0.041969
v 0.107054 0.104657 0.041420
v 0.107732 0.104317 0.042462
v 0.111570 0.109652 0.041903
v 0.110449 0.110214 0.041445
v 0.108688 0.103839 0.043263
v 0.109956 0.110461 0.042392
v 0.110899 0.109988 0.043210
v 0.109298 0.110790 0.041336
v 0.111907 0.109484 0.043927
v 0.106055 0.083387 0.045404
v 0.108415 0.089462 0.045539
v 0.110700 0.095574 0.045649
v 0.111796 0.095025 0.046117
v 0.114047 0.101155 0.046191
v 0.112936 0.101712 0.045699
v 0.115114 0.107878 0.045710
v 0.116219 0.107324 0.046217
v 0.117345 0.106761 0.046665
v 0.114024 0.108424 0.045164
v 0.129106 0.108128 0.048560
v 0.126854 0.109256 0.047814
v 0.127977 0.108693 0.048199
v 0.130787 0.114543 0.048472
v 0.129699 0.115088 0.048113
v 0.121335 0.112019 0.045579
v 0.122425 0.111473 0.046067
v 0.123522 0.110924 0.046537
v 0.124627 0.110371 0.046981
v 0.124353 0.117765 0.046007
v 0.125408 0.117237 0.046470
v 0.126472 0.116704 0.046908
v 0.127166 0.123613 0.046376
v 0.128175 0.123108 0.046804
v 0.125737 0.109815 0.047408
v 0.127542 0.116168 0.047330
v 0.128618 0.115629 0.047732
v 0.130207 0.122090 0.047610
v 0.125099 0.110134 0.048359
v 0.123951 0.110710 0.048086
v 0.126254 0.109556 0.048595
v 0.126909 0.116485 0.048261
v 0.132264 0.121061 0.048337
v 0.133300 0.120542 0.048671
v 0.131232 0.121577 0.047984
v 0.128023 0.115927 0.048496
v 0.129143 0.115366 0.048693
v 0.129626 0.122382 0.048344
v 0.121673 0.111850 0.047447
v 0.122808 0.111282 0.047782
v 0.123604 0.118140 0.047359
v 0.129188 0.122601 0.047216
v 0.124699 0.117592 0.047690
v 0.125801 0.117040 0.047990
v 0.128567 0.122912 0.048113
v 0.127516 0.123438 0.047845
v 0.126470 0.123962 0.047550
v 0.134624 0.127136 0.048437
v 0.132681 0.128109 0.047776
v 0.133650 0.127623 0.048115
v 0.131758 0.121314 0.048707
v 0.133163 0.127867 0.048467
v 0.132158 0.128370 0.048306
v 0.136104 0.133651 0.048113
v 0.135183 0.126855 0.048698
v 0.135603 0.133902 0.047881
v 0.135188 0.134110 0.048034
v 0.134172 0.127362 0.048599
v 0.131717 0.128591 0.047417
v 0.130759 0.129071 0.047039
v 0.129807 0.129548 0.046645
v 0.132968 0.135222 0.046980
v 0.133841 0.134784 0.047298
v 0.134720 0.134344 0.047597
v 0.131157 0.128872 0.048118
v 0.130690 0.121849 0.048541
v 0.130161 0.129370 0.047896
v 0.134275 0.134567 0.047926
v 0.133364 0.135023 0.047791
v 0.132457 0.135478 0.047631
v 0.135261 0.141330 0.046721
v 0.136003 0.140959 0.046937
v 0.136420 0.140750 0.047120
v 0.135654 0.141134 0.047078
v 0.134890 0.141516 0.047011
v 0.115957 0.114713 0.042945
v 0.120250 0.112563 0.045077
v 0.119171 0.113103 0.044557
v 0.122258 0.118814 0.045033
v 0.121220 0.119334 0.044523
v 0.118098 0.113641 0.044025
v 0.117027 0.114177 0.043487
v 0.120186 0.119852 0.044001
v 0.119155 0.120368 0.043474
v 0.122221 0.126089 0.043975
v 0.121244 0.126579 0.043464
v 0.115134 0.115125 0.044552
v 0.123200 0.125599 0.044482
v 0.124183 0.125107 0.044977
v 0.126058 0.131425 0.044900
v 0.125134 0.131888 0.044428
v 0.124214 0.132348 0.043946
v 0.127832 0.137793 0.044749
v 0.126994 0.138213 0.044330
v 0.113806 0.115789 0.041889
v 0.112705 0.116341 0.041434
v 0.116053 0.121921 0.041911
v 0.114886 0.115249 0.042407
v 0.117093 0.121401 0.042417
v 0.118125 0.120884 0.042943
v 0.113126 0.116130 0.043192
v 0.112207 0.116591 0.042377
v 0.120269 0.127067 0.042950
v 0.119291 0.127557 0.042441
v 0.111576 0.116906 0.041329
v 0.114991 0.122453 0.041467
v 0.113900 0.122999 0.041368
v 0.118305 0.128050 0.041953
v 0.117298 0.128555 0.041525
v 0.116261 0.129074 0.041429
v 0.114496 0.122701 0.042390
v 0.116812 0.128798 0.042411
v 0.115377 0.122260 0.043187
v 0.117641 0.128383 0.043180
v 0.121461 0.133727 0.042488
v 0.122380 0.133267 0.042971
v 0.124492 0.139466 0.043038
v 0.120534 0.134191 0.042025
v 0.119586 0.134666 0.041620
v 0.118610 0.135155 0.041535
v 0.119117 0.134901 0.042466
v 0.121952 0.140738 0.041847
v 0.122814 0.140306 0.042201
v 0.119893 0.134512 0.043197
v 0.123657 0.139884 0.042610
v 0.121528 0.140950 0.042628
v 0.122233 0.140597 0.043285
v 0.114111 0.115637 0.043907
v 0.116323 0.121786 0.043886
v 0.116183 0.114599 0.045142
v 0.117306 0.121294 0.044518
v 0.118315 0.120789 0.045096
v 0.119464 0.127470 0.044467
v 0.120419 0.126992 0.045027
v 0.118534 0.127936 0.043856
v 0.123297 0.132808 0.043460
v 0.126158 0.138632 0.043902
v 0.125325 0.139049 0.043471
v 0.121602 0.133656 0.044421
v 0.122499 0.133207 0.044954
v 0.120730 0.134093 0.043840
v 0.122994 0.140216 0.043861
v 0.123787 0.139819 0.044379
v 0.124602 0.139411 0.044853
v 0.130171 0.143879 0.044826
v 0.128676 0.137371 0.045155
v 0.125220 0.146358 0.042507
v 0.124493 0.146722 0.042236
v 0.126638 0.145648 0.043162
v 0.125932 0.146002 0.042826
v 0.128784 0.151831 0.043298
v 0.127658 0.152394 0.042835
v 0.128223 0.152111 0.043060
v 0.130382 0.158287 0.043219
v 0.127342 0.145296 0.043502
v 0.128046 0.144943 0.043842
v 0.128751 0.144590 0.044178
v 0.130462 0.150991 0.044024
v 0.129459 0.144236 0.044507
v 0.130886 0.143521 0.045136
v 0.132154 0.150143 0.044704
v 0.131588 0.150427 0.044484
v 0.131023 0.150709 0.044258
v 0.132724 0.149858 0.044915
v 0.134587 0.156182 0.044699
v 0.133297 0.149571 0.045113
v 0.134113 0.156419 0.044559
v 0.135062 0.155944 0.044831
v 0.133173 0.156890 0.044251
v 0.133642 0.156655 0.044409
v 0.129343 0.151551 0.043541
v 0.129902 0.151271 0.043783
v 0.124750 0.146594 0.043441
v 0.125395 0.146271 0.043904
v 0.127310 0.152569 0.043593
v 0.132239 0.157357 0.043918
v 0.132705 0.157124 0.044088
v 0.131775 0.157590 0.043744
v 0.131311 0.157822 0.043568
v 0.130847 0.158055 0.043392
v 0.127825 0.152311 0.043934
v 0.126067 0.145935 0.044318
v 0.126755 0.145590 0.044694
v 0.127457 0.145238 0.045039
v 0.128909 0.151768 0.044508
v 0.128361 0.152043 0.044236
v 0.129466 0.151489 0.044755
v 0.130030 0.151207 0.044982
v 0.131444 0.157756 0.044568
v 0.131912 0.157521 0.044730
v 0.130080 0.158439 0.043960
v 0.130526 0.158215 0.044187
v 0.130981 0.157987 0.044388
v 0.135539 0.155705 0.044956
v 0.133266 0.164100 0.043580
v 0.132864 0.157045 0.044987
v 0.132386 0.157284 0.044866
v 0.123303 0.118291 0.045526
v 0.126167 0.124114 0.045924
v 0.125173 0.124612 0.045457
v 0.118333 0.113522 0.046195
v 0.119437 0.112970 0.046644
v 0.117251 0.114065 0.045687
v 0.119343 0.120274 0.045630
v 0.120386 0.119752 0.046129
v 0.121392 0.126505 0.045545
v 0.121449 0.119219 0.046569
v 0.122380 0.126010 0.046029
v 0.122522 0.118682 0.046979
v 0.123388 0.125505 0.046457
v 0.127921 0.130492 0.045804
v 0.126987 0.130960 0.045358
v 0.128860 0.130022 0.046235
v 0.131235 0.136089 0.046297
v 0.132099 0.135657 0.046646
v 0.130376 0.136520 0.045934
v 0.129524 0.136947 0.045551
v 0.124406 0.124996 0.046856
v 0.125289 0.131810 0.046315
v 0.126246 0.131331 0.046695
v 0.124341 0.132285 0.045908
v 0.127211 0.130848 0.047049
v 0.128004 0.137708 0.046394
v 0.128879 0.137269 0.046705
v 0.127135 0.138142 0.046059
v 0.120551 0.112412 0.047060
v 0.125432 0.124482 0.047227
v 0.128188 0.130358 0.047358
v 0.129172 0.129866 0.047640
v 0.130657 0.136379 0.047219
v 0.131554 0.135930 0.047440
v 0.129766 0.136825 0.046974
v 0.123413 0.132749 0.045447
v 0.125432 0.138995 0.045291
v 0.126275 0.138573 0.045700
v 0.133787 0.142068 0.046247
v 0.136525 0.147954 0.046080
v 0.136199 0.148118 0.045950
v 0.135030 0.148703 0.045648
v 0.134522 0.141700 0.046491
v 0.133056 0.142435 0.045989
v 0.135613 0.148411 0.045804
v 0.135326 0.148555 0.046047
v 0.134728 0.148854 0.046004
v 0.134127 0.141898 0.046922
v 0.135925 0.148255 0.046073
v 0.131604 0.143161 0.045435
v 0.132328 0.142799 0.045718
v 0.133872 0.149283 0.045301
v 0.134450 0.148993 0.045480
v 0.137248 0.154849 0.045368
v 0.136981 0.154983 0.045273
v 0.136758 0.155094 0.045386
v 0.136499 0.155224 0.045176
v 0.136018 0.155465 0.045071
v 0.135778 0.155585 0.045378
v 0.136268 0.155340 0.045389
v 0.134131 0.149153 0.045943
v 0.135289 0.155830 0.045353
v 0.131856 0.143035 0.046515
v 0.131107 0.143410 0.046334
v 0.133367 0.142279 0.046812
v 0.133535 0.149451 0.045863
v 0.132609 0.142658 0.046677
v 0.130362 0.143784 0.046132
v 0.129625 0.144153 0.045895
v 0.132352 0.150044 0.045646
v 0.132943 0.149748 0.045762
v 0.128169 0.144882 0.045359
v 0.128894 0.144519 0.045637
v 0.131182 0.150630 0.045352
v 0.130604 0.150919 0.045175
v 0.131765 0.150338 0.045513
v 0.134801 0.156075 0.045311
v 0.133828 0.156562 0.045181
v 0.134314 0.156319 0.045252
v 0.133344 0.156804 0.045096
v 0.126907 0.094715 0.048975
v 0.125713 0.095313 0.048901
v 0.124522 0.095910 0.048790
v 0.129041 0.100904 0.049167
v 0.128339 0.101255 0.048886
v 0.127849 0.101501 0.049078
v 0.126660 0.102096 0.048952
v 0.125474 0.102690 0.048792
v 0.130240 0.107560 0.048900
v 0.130920 0.107220 0.049184
v 0.129749 0.107806 0.049089
v 0.131880 0.113996 0.048810
v 0.128580 0.108391 0.048957
v 0.132526 0.113672 0.049090
v 0.131395 0.114238 0.048992
v 0.127415 0.108975 0.048792
v 0.130268 0.114803 0.048859
v 0.133904 0.120239 0.048945
v 0.132829 0.120777 0.048843
v 0.121069 0.141180 0.041786
v 0.123756 0.147092 0.042214
v 0.124150 0.146894 0.042909
v 0.127083 0.152683 0.042649
v 0.126506 0.152971 0.042662
v 0.126828 0.152810 0.043194
v 0.129914 0.158522 0.043059
v 0.129437 0.158760 0.042931
v 0.128968 0.158996 0.042968
v 0.132090 0.164689 0.043155
v 0.131689 0.164890 0.043050
v 0.131294 0.165087 0.043085
v 0.129244 0.158857 0.043393
v 0.129648 0.158655 0.043701
v 0.132875 0.164296 0.043433
v 0.132484 0.164492 0.043289
v 0.131524 0.164972 0.043444
v -0.142636 0.162174 0.043683
v -0.144768 0.163557 0.043683
v -0.137565 0.172325 0.043683
v -0.140250 0.161300 0.043683
v -0.132790 0.162031 0.043683
v -0.130619 0.163352 0.043683
v -0.131289 0.163069 0.044536
v -0.135201 0.161227 0.043683
v -0.137730 0.160979 0.043683
v -0.132961 0.162143 0.044959
v -0.133621 0.161941 0.045102
v -0.133637 0.161937 0.045107
v -0.133358 0.162019 0.045025
v -0.133398 0.162006 0.045032
v -0.132857 0.162175 0.044940
v -0.132900 0.162162 0.044947
v -0.131695 0.162840 0.044652
v -0.131783 0.162790 0.044677
v -0.132097 0.162611 0.044760
v -0.132174 0.162567 0.044780
v -0.132497 0.162382 0.044858
v -0.131390 0.163013 0.044566
v -0.132562 0.162345 0.044874
v -0.130163 0.163874 0.044135
v -0.130269 0.163779 0.044180
v -0.129821 0.164181 0.043988
v -0.129931 0.164082 0.044037
v -0.129593 0.164385 0.043887
v -0.129147 0.164782 0.043683
v -0.129294 0.164952 0.043683
v -0.130486 0.166324 0.043683
v -0.129479 0.164487 0.043835
v -0.129254 0.164687 0.043733
v -0.130993 0.163236 0.044447
v -0.130607 0.163475 0.044318
v -0.130670 0.163418 0.044343
v -0.130881 0.163299 0.044411
v -0.130505 0.163567 0.044276
v -0.142231 0.162986 0.050892
v -0.144192 0.164258 0.050892
v -0.140035 0.162182 0.050892
v -0.137716 0.161887 0.050892
v -0.135390 0.162115 0.050892
v -0.131175 0.164070 0.050892
v -0.129192 0.164884 0.044520
v -0.129079 0.164986 0.044473
v -0.129420 0.164680 0.044615
v -0.129053 0.165009 0.044461
v -0.129498 0.165699 0.050892
v -0.128864 0.165178 0.044372
v -0.133311 0.162048 0.045128
v -0.133172 0.162855 0.050892
v -0.133248 0.162070 0.045132
v -0.133204 0.162085 0.045135
v -0.132868 0.162198 0.045146
v -0.132831 0.162221 0.045147
v -0.132777 0.162254 0.045148
v -0.132454 0.162450 0.045146
v -0.132072 0.162681 0.045134
v -0.131996 0.162726 0.045131
v -0.132389 0.162490 0.045145
v -0.131688 0.162911 0.045109
v -0.131601 0.162963 0.045102
v -0.131300 0.163141 0.045069
v -0.131201 0.163199 0.045058
v -0.130908 0.163372 0.045017
v -0.130799 0.163436 0.045002
v -0.130720 0.163482 0.044988
v -0.130544 0.163647 0.044952
v -0.130445 0.163739 0.044931
v -0.130206 0.163960 0.044866
v -0.129868 0.164271 0.044766
v -0.129762 0.164368 0.044733
v -0.130104 0.164055 0.044838
v -0.129530 0.164580 0.044653
v -0.141527 0.167503 0.055698
v -0.140354 0.166742 0.055698
v -0.139042 0.166261 0.055698
v -0.137656 0.166085 0.055698
v -0.136265 0.166221 0.055698
v -0.134939 0.166664 0.055698
v -0.133745 0.167390 0.055698
v -0.137565 0.172325 0.055698
v -0.132743 0.168364 0.055698
v -0.127414 0.167254 0.043683
v -0.127957 0.166417 0.043683
v -0.129278 0.167795 0.043683
v -0.126540 0.169640 0.043683
v -0.126219 0.172161 0.043683
v -0.126467 0.174690 0.043683
v -0.127272 0.177100 0.043683
v -0.128592 0.179271 0.043683
v -0.130363 0.181094 0.043683
v -0.128060 0.166280 0.043779
v -0.127975 0.166394 0.043703
v -0.128233 0.166049 0.043934
v -0.128588 0.165563 0.044195
v -0.128497 0.165688 0.044135
v -0.128765 0.165316 0.044314
v -0.128321 0.165929 0.044001
v -0.128858 0.165186 0.044369
v -0.128226 0.167660 0.050892
v -0.127422 0.169855 0.050892
v -0.127127 0.172174 0.050892
v -0.127355 0.174501 0.050892
v -0.128095 0.176718 0.050892
v -0.129310 0.178716 0.050892
v -0.130939 0.180392 0.050892
v -0.131982 0.169536 0.055698
v -0.131502 0.170849 0.055698
v -0.131325 0.172235 0.055698
v -0.131461 0.173626 0.055698
v -0.131904 0.174952 0.055698
v -0.132630 0.176146 0.055698
v -0.133604 0.177148 0.055698
v -0.146539 0.165379 0.043683
v -0.147859 0.167550 0.043683
v -0.148664 0.169960 0.043683
v -0.148912 0.172489 0.043683
v -0.148591 0.175010 0.043683
v -0.147717 0.177396 0.043683
v -0.145853 0.176856 0.043683
v -0.144645 0.178327 0.043683
v -0.147173 0.178234 0.043683
v -0.145821 0.165935 0.050892
v -0.147036 0.167932 0.050892
v -0.147776 0.170150 0.050892
v -0.148004 0.172476 0.050892
v -0.147709 0.174795 0.050892
v -0.146905 0.176990 0.050892
v -0.145633 0.178952 0.050892
v -0.147156 0.178256 0.043703
v -0.147071 0.178370 0.043779
v -0.146898 0.178601 0.043934
v -0.146810 0.178722 0.044001
v -0.146634 0.178962 0.044135
v -0.146543 0.179088 0.044195
v -0.146366 0.179334 0.044314
v -0.146273 0.179464 0.044369
v -0.146267 0.179473 0.044372
v -0.142501 0.168505 0.055698
v -0.143227 0.169699 0.055698
v -0.143670 0.171025 0.055698
v -0.143806 0.172416 0.055698
v -0.143629 0.173802 0.055698
v -0.143149 0.175114 0.055698
v -0.142388 0.176287 0.055698
v -0.144511 0.181298 0.043683
v -0.142341 0.182619 0.043683
v -0.145877 0.179963 0.043733
v -0.145652 0.180164 0.043835
v -0.145984 0.179868 0.043683
v -0.145837 0.179699 0.043683
v -0.145538 0.180266 0.043887
v -0.145310 0.180470 0.043988
v -0.145200 0.180568 0.044037
v -0.144968 0.180777 0.044135
v -0.144862 0.180872 0.044180
v -0.144626 0.181084 0.044276
v -0.144524 0.181175 0.044318
v -0.144461 0.181233 0.044343
v -0.144250 0.181351 0.044411
v -0.144138 0.181414 0.044447
v -0.143842 0.181581 0.044536
v -0.139930 0.183424 0.043683
v -0.137401 0.183672 0.043683
v -0.134881 0.183351 0.043683
v -0.143741 0.181638 0.044566
v -0.143436 0.181811 0.044652
v -0.143034 0.182040 0.044760
v -0.142957 0.182083 0.044780
v -0.142634 0.182268 0.044858
v -0.143348 0.181861 0.044677
v -0.142569 0.182306 0.044874
v -0.142274 0.182476 0.044940
v -0.142170 0.182508 0.044959
v -0.142231 0.182489 0.044947
v -0.141773 0.182632 0.045025
v -0.141733 0.182644 0.045032
v -0.141509 0.182709 0.045102
v -0.141494 0.182714 0.045107
v -0.132495 0.182477 0.043683
v -0.146078 0.179641 0.044461
v -0.143956 0.180581 0.050892
v -0.146052 0.179664 0.044473
v -0.145939 0.179766 0.044520
v -0.145711 0.179970 0.044615
v -0.139741 0.182536 0.050892
v -0.145601 0.180071 0.044653
v -0.145369 0.180282 0.044733
v -0.145263 0.180380 0.044766
v -0.145027 0.180596 0.044838
v -0.144925 0.180691 0.044866
v -0.144686 0.180912 0.044931
v -0.144587 0.181004 0.044952
v -0.144411 0.181169 0.044988
v -0.144332 0.181215 0.045002
v -0.144222 0.181279 0.045017
v -0.143930 0.181451 0.045058
v -0.141959 0.181796 0.050892
v -0.143831 0.181509 0.045069
v -0.143530 0.181688 0.045102
v -0.143443 0.181740 0.045109
v -0.143134 0.181924 0.045131
v -0.143058 0.181970 0.045134
v -0.142742 0.182161 0.045145
v -0.142677 0.182200 0.045146
v -0.142354 0.182396 0.045148
v -0.142300 0.182430 0.045147
v -0.142263 0.182452 0.045146
v -0.141883 0.182581 0.045132
v -0.141927 0.182566 0.045135
v -0.141820 0.182602 0.045128
v -0.137414 0.182764 0.050892
v -0.135095 0.182469 0.050892
v -0.132900 0.181665 0.050892
v -0.141386 0.177261 0.055698
v -0.140192 0.177987 0.055698
v -0.138866 0.178429 0.055698
v -0.137475 0.178566 0.055698
v -0.136089 0.178389 0.055698
v -0.134776 0.177909 0.055698
v -0.150842 0.181006 0.042968
v -0.145958 0.176728 0.043050
v -0.146238 0.176387 0.043085
v -0.150508 0.181411 0.042931
v -0.145674 0.177074 0.043155
v -0.150170 0.181823 0.043059
v -0.159921 0.190398 0.042236
v -0.165303 0.194068 0.041786
v -0.164677 0.194831 0.041847
v -0.160445 0.189760 0.042214
v -0.164977 0.194465 0.042628
v -0.155131 0.186006 0.042649
v -0.155541 0.185508 0.042662
v -0.154723 0.186503 0.042835
v -0.155312 0.185786 0.043194
v -0.149838 0.182228 0.043219
v -0.160165 0.190101 0.042909
v -0.164477 0.195074 0.043285
v -0.146075 0.176585 0.043444
v -0.150645 0.181244 0.043393
v -0.145394 0.177415 0.043289
v -0.145116 0.177753 0.043433
v -0.144839 0.178090 0.043580
v -0.149507 0.182630 0.043392
v -0.150358 0.181594 0.043701
v -0.150052 0.181966 0.043960
v -0.149736 0.182352 0.044187
v -0.149412 0.182746 0.044388
v -0.154970 0.186202 0.043593
v -0.159739 0.190619 0.043441
v -0.154604 0.186648 0.043934
v -0.170001 0.198572 0.041535
v -0.169641 0.199011 0.042466
v -0.159405 0.191026 0.042507
v -0.164065 0.195576 0.042201
v -0.154322 0.186992 0.043060
v -0.158900 0.191641 0.042826
v -0.153924 0.187476 0.043298
v -0.163467 0.196304 0.042610
v -0.158399 0.192251 0.043162
v -0.162874 0.197026 0.043038
v -0.149178 0.183031 0.043568
v -0.148849 0.183431 0.043744
v -0.148519 0.183833 0.043918
v -0.148189 0.184235 0.044088
v -0.149084 0.183145 0.044568
v -0.148752 0.183550 0.044730
v -0.148415 0.183960 0.044866
v -0.147857 0.184640 0.044251
v -0.147523 0.185045 0.044409
v -0.148076 0.184372 0.044987
v -0.147189 0.185452 0.044559
v -0.146853 0.185861 0.044699
v -0.146515 0.186272 0.044831
v -0.146177 0.186685 0.044956
v -0.153527 0.187959 0.043541
v -0.159281 0.191177 0.043904
v -0.153130 0.188442 0.043783
v -0.152733 0.188926 0.044024
v -0.157899 0.192859 0.043502
v -0.157399 0.193468 0.043842
v -0.163937 0.195732 0.043861
v -0.154224 0.187110 0.044236
v -0.153835 0.187584 0.044508
v -0.158804 0.191757 0.044318
v -0.153440 0.188065 0.044755
v -0.158315 0.192353 0.044694
v -0.152334 0.189412 0.044258
v -0.153039 0.188553 0.044982
v -0.157817 0.192959 0.045039
v -0.163374 0.196417 0.044379
v -0.162796 0.197121 0.044853
v -0.162282 0.197746 0.043471
v -0.156899 0.194077 0.044178
v -0.161691 0.198466 0.043902
v -0.151933 0.189899 0.044484
v -0.156396 0.194689 0.044507
v -0.151531 0.190389 0.044704
v -0.151127 0.190881 0.044915
v -0.150720 0.191376 0.045113
v -0.155891 0.195304 0.044826
v -0.155383 0.195922 0.045136
v -0.161098 0.199188 0.044330
v -0.160503 0.199913 0.044749
v -0.159904 0.200642 0.045155
v -0.169308 0.199415 0.041620
v -0.168635 0.200235 0.042025
v -0.174620 0.203172 0.041429
v -0.173884 0.204068 0.041525
v -0.174229 0.203648 0.042411
v -0.173169 0.204939 0.041953
v -0.167977 0.201036 0.042488
v -0.169090 0.199681 0.043197
v -0.173640 0.204365 0.043180
v -0.172469 0.205791 0.042441
v -0.167325 0.201830 0.042971
v -0.171775 0.206635 0.042950
v -0.179247 0.207761 0.041368
v -0.178473 0.208704 0.041467
v -0.178825 0.208276 0.042390
v -0.183849 0.212382 0.041329
v -0.183401 0.212927 0.042377
v -0.177719 0.209622 0.041911
v -0.183047 0.213358 0.041434
v -0.188417 0.217043 0.041336
v -0.187951 0.217611 0.042392
v -0.187601 0.218037 0.041445
v -0.178199 0.209037 0.043187
v -0.182748 0.213722 0.043192
v -0.187281 0.218427 0.043210
v -0.182266 0.214310 0.041889
v -0.176981 0.210520 0.042417
v -0.186805 0.219007 0.041903
v -0.181499 0.215242 0.042407
v -0.176248 0.211412 0.042943
v -0.171082 0.207479 0.043464
v -0.180739 0.216168 0.042945
v -0.175517 0.212302 0.043474
v -0.186023 0.219958 0.042422
v -0.168496 0.200404 0.043840
v -0.173006 0.205136 0.043856
v -0.167877 0.201158 0.044421
v -0.167240 0.201933 0.044954
v -0.172346 0.205940 0.044467
v -0.166674 0.202623 0.043460
v -0.166022 0.203416 0.043946
v -0.170389 0.208323 0.043975
v -0.165370 0.204210 0.044428
v -0.171668 0.206765 0.045027
v -0.177528 0.209855 0.043886
v -0.182049 0.214573 0.043907
v -0.186565 0.219298 0.043927
v -0.176830 0.210705 0.044518
v -0.181323 0.215457 0.044552
v -0.176113 0.211577 0.045096
v -0.180579 0.216363 0.045142
v -0.185823 0.220202 0.044573
v -0.185248 0.220902 0.042962
v -0.164714 0.205009 0.044900
v -0.169694 0.209169 0.044482
v -0.168996 0.210018 0.044977
v -0.174785 0.213194 0.044001
v -0.179980 0.217093 0.043487
v -0.184473 0.221846 0.043505
v -0.179219 0.218018 0.044025
v -0.183697 0.222791 0.044044
v -0.174051 0.214087 0.044523
v -0.173314 0.214984 0.045033
v -0.185063 0.221127 0.045164
v -0.178457 0.218946 0.044557
v -0.182919 0.223738 0.044576
v -0.177692 0.219878 0.045077
v -0.182137 0.224689 0.045094
v -0.147735 0.184788 0.045096
v -0.147391 0.185206 0.045181
v -0.147047 0.185625 0.045252
v -0.146701 0.186046 0.045311
v -0.146354 0.186468 0.045353
v -0.146007 0.186891 0.045378
v -0.145837 0.187099 0.045071
v -0.145659 0.187315 0.045389
v -0.145311 0.187738 0.045386
v -0.145495 0.187514 0.045176
v -0.145153 0.187931 0.045273
v -0.144964 0.188161 0.045368
v -0.152631 0.189049 0.045175
v -0.152221 0.189549 0.045352
v -0.157312 0.193574 0.045359
v -0.162206 0.197838 0.045291
v -0.151808 0.190052 0.045513
v -0.151391 0.190560 0.045646
v -0.156797 0.194201 0.045637
v -0.150971 0.191070 0.045762
v -0.156278 0.194833 0.045895
v -0.150312 0.191873 0.045301
v -0.150551 0.191582 0.045863
v -0.150128 0.192097 0.045943
v -0.149704 0.192613 0.046004
v -0.155755 0.195469 0.046132
v -0.161608 0.198567 0.045700
v -0.160997 0.199311 0.046059
v -0.155226 0.196113 0.046334
v -0.160381 0.200061 0.046394
v -0.149902 0.192373 0.045480
v -0.149490 0.192874 0.045648
v -0.154873 0.196543 0.045435
v -0.149280 0.193130 0.046047
v -0.149076 0.193378 0.045804
v -0.148854 0.193648 0.046073
v -0.154359 0.197169 0.045718
v -0.153843 0.197798 0.045989
v -0.148660 0.193884 0.045950
v -0.148429 0.194166 0.046080
v -0.153324 0.198429 0.046247
v -0.159302 0.201374 0.045551
v -0.158697 0.202111 0.045934
v -0.154694 0.196761 0.046515
v -0.154160 0.197412 0.046677
v -0.153622 0.198066 0.046812
v -0.152802 0.199065 0.046491
v -0.153082 0.198723 0.046922
v -0.152541 0.199382 0.047011
v -0.159759 0.200817 0.046705
v -0.159130 0.201584 0.046974
v -0.158087 0.202854 0.046297
v -0.158497 0.202354 0.047219
v -0.152278 0.199703 0.046721
v -0.151998 0.200043 0.047078
v -0.151751 0.200344 0.046937
v -0.151455 0.200705 0.047120
v -0.157474 0.203600 0.046646
v -0.156857 0.204351 0.046980
v -0.157860 0.203129 0.047440
v -0.157220 0.203910 0.047631
v -0.156575 0.204694 0.047791
v -0.156237 0.205106 0.047298
v -0.155929 0.205481 0.047926
v -0.166591 0.202723 0.045447
v -0.165932 0.203526 0.045908
v -0.170977 0.207606 0.045545
v -0.170276 0.208460 0.046029
v -0.165259 0.204345 0.046315
v -0.175384 0.212465 0.045630
v -0.164054 0.205812 0.045358
v -0.163391 0.206619 0.045804
v -0.168294 0.210873 0.045457
v -0.164580 0.205171 0.046695
v -0.163895 0.206005 0.047049
v -0.169561 0.209331 0.046457
v -0.168838 0.210210 0.046856
v -0.167588 0.211732 0.045924
v -0.162725 0.207431 0.046235
v -0.162052 0.208249 0.046645
v -0.166878 0.212596 0.046376
v -0.166163 0.213468 0.046804
v -0.174643 0.213366 0.046129
v -0.179821 0.217286 0.045687
v -0.184289 0.222069 0.045710
v -0.173888 0.214285 0.046569
v -0.179052 0.218222 0.046195
v -0.173127 0.215213 0.046979
v -0.178269 0.219176 0.046644
v -0.183505 0.223024 0.046217
v -0.172573 0.215887 0.045526
v -0.171828 0.216794 0.046007
v -0.176921 0.220816 0.045579
v -0.181351 0.225646 0.045595
v -0.182706 0.223997 0.046665
v -0.163202 0.206850 0.047358
v -0.168110 0.211097 0.047227
v -0.162503 0.207700 0.047640
v -0.161801 0.208555 0.047896
v -0.161376 0.209072 0.047039
v -0.167373 0.211995 0.047550
v -0.166630 0.212898 0.047845
v -0.161094 0.209415 0.048118
v -0.165884 0.213807 0.048113
v -0.172359 0.216148 0.047359
v -0.177478 0.220138 0.047060
v -0.171582 0.217094 0.047690
v -0.176681 0.221108 0.047447
v -0.181900 0.224978 0.047080
v -0.181087 0.225967 0.047464
v -0.155613 0.205865 0.047597
v -0.155281 0.206270 0.048034
v -0.154986 0.206628 0.047881
v -0.154631 0.207061 0.048113
v -0.176147 0.221758 0.046067
v -0.171078 0.217707 0.046470
v -0.175369 0.222706 0.046537
v -0.170323 0.218626 0.046908
v -0.180561 0.226608 0.046081
v -0.179766 0.227575 0.046549
v -0.174585 0.223661 0.046981
v -0.160696 0.209900 0.047417
v -0.160012 0.210732 0.047776
v -0.165443 0.214344 0.047216
v -0.164720 0.215224 0.047610
v -0.160383 0.210281 0.048306
v -0.159670 0.211149 0.048467
v -0.159325 0.211570 0.048115
v -0.158954 0.212021 0.048599
v -0.165133 0.214722 0.048344
v -0.164377 0.215641 0.048541
v -0.158633 0.212411 0.048437
v -0.158236 0.212895 0.048698
v -0.163992 0.216110 0.047984
v -0.163619 0.216564 0.048707
v -0.163260 0.217001 0.048337
v -0.162525 0.217897 0.048671
v -0.175875 0.222089 0.047782
v -0.169563 0.219551 0.047330
v -0.180266 0.226967 0.047797
v -0.170800 0.218046 0.047990
v -0.170013 0.219003 0.048261
v -0.175065 0.223076 0.048086
v -0.169222 0.219966 0.048496
v -0.174249 0.224069 0.048359
v -0.179440 0.227973 0.048098
v -0.168800 0.220480 0.047732
v -0.173796 0.224621 0.047408
v -0.178966 0.228550 0.046990
v -0.178162 0.229529 0.047413
v -0.173004 0.225586 0.047814
v -0.168032 0.221415 0.048113
v -0.168427 0.220934 0.048693
v -0.173429 0.225067 0.048595
v -0.167260 0.222355 0.048472
v -0.178609 0.228984 0.048368
v -0.172206 0.226556 0.048199
v -0.177353 0.230513 0.047816
v -0.177774 0.230000 0.048600
v -0.171405 0.227532 0.048560
v -0.176540 0.231503 0.048196
v -0.175722 0.232498 0.048552
v -0.192962 0.221733 0.041420
v -0.192481 0.222319 0.042462
v -0.192144 0.222729 0.041523
v -0.191345 0.223702 0.041969
v -0.197468 0.226471 0.041547
v -0.196664 0.227449 0.041642
v -0.201895 0.231305 0.041790
v -0.196981 0.227063 0.042554
v -0.195877 0.228408 0.042068
v -0.190560 0.224658 0.042476
v -0.201130 0.232235 0.041864
v -0.191802 0.223145 0.043263
v -0.201414 0.231890 0.042725
v -0.196307 0.227884 0.043323
v -0.200762 0.232683 0.043430
v -0.206309 0.236153 0.042034
v -0.205594 0.237024 0.042091
v -0.210732 0.240992 0.042318
v -0.205844 0.236719 0.042888
v -0.191080 0.224025 0.043963
v -0.195591 0.228755 0.043995
v -0.190332 0.224936 0.044594
v -0.189779 0.225608 0.043001
v -0.195102 0.229351 0.042552
v -0.200377 0.233152 0.042248
v -0.194332 0.230288 0.043053
v -0.199636 0.234054 0.042684
v -0.204887 0.237884 0.042430
v -0.198899 0.234952 0.043136
v -0.204191 0.238732 0.042818
v -0.210075 0.241792 0.042351
v -0.210287 0.241533 0.043078
v -0.205226 0.237472 0.043524
v -0.209422 0.242587 0.042638
v -0.203497 0.239577 0.043219
v -0.208777 0.243372 0.042968
v -0.189000 0.226557 0.043529
v -0.200073 0.233522 0.044043
v -0.193563 0.231225 0.043556
v -0.189566 0.225868 0.045169
v -0.194851 0.229656 0.044597
v -0.199362 0.234388 0.044589
v -0.194095 0.230578 0.045145
v -0.188219 0.227508 0.044052
v -0.192792 0.232163 0.044054
v -0.198162 0.235849 0.043589
v -0.187436 0.228461 0.044569
v -0.186650 0.229418 0.045071
v -0.192020 0.233104 0.044545
v -0.197423 0.236748 0.044037
v -0.204575 0.238265 0.044073
v -0.209709 0.242237 0.043634
v -0.209102 0.242976 0.044111
v -0.203904 0.239082 0.044562
v -0.198636 0.235271 0.045085
v -0.208479 0.243735 0.044532
v -0.203220 0.239914 0.045002
v -0.202803 0.240421 0.043620
v -0.208134 0.244155 0.043310
v -0.207491 0.244937 0.043651
v -0.202108 0.241267 0.044017
v -0.206848 0.245720 0.043988
v -0.196683 0.237649 0.044478
v -0.207844 0.244507 0.044909
v -0.201412 0.242115 0.044406
v -0.215174 0.245807 0.042578
v -0.214580 0.246530 0.042592
v -0.214758 0.246314 0.043243
v -0.213986 0.247253 0.042830
v -0.219601 0.250640 0.042887
v -0.219083 0.251271 0.042875
v -0.219221 0.251102 0.043439
v -0.218562 0.251905 0.043054
v -0.223927 0.255597 0.043164
v -0.213399 0.247967 0.043106
v -0.223512 0.256101 0.043138
v -0.214226 0.246961 0.043721
v -0.213671 0.247637 0.044128
v -0.218748 0.251679 0.043826
v -0.223611 0.255981 0.043586
v -0.212814 0.248680 0.043392
v -0.212229 0.249392 0.043677
v -0.211643 0.250105 0.043958
v -0.218045 0.252534 0.043265
v -0.223093 0.256612 0.043261
v -0.218256 0.252278 0.044149
v -0.223226 0.256450 0.043873
v -0.217530 0.253161 0.043484
v -0.222676 0.257119 0.043410
v -0.217015 0.253788 0.043702
v -0.222261 0.257625 0.043564
v -0.213102 0.248330 0.044484
v -0.212523 0.249034 0.044801
v -0.217752 0.252891 0.044429
v -0.222826 0.256937 0.044110
v -0.222419 0.257433 0.044312
v -0.217242 0.253512 0.044674
v -0.216727 0.254139 0.044891
v -0.222006 0.257935 0.044486
v -0.221590 0.258441 0.044638
v -0.228230 0.260581 0.043335
v -0.227998 0.260863 0.043633
v -0.227930 0.260946 0.043315
v -0.227628 0.261314 0.043401
v -0.227718 0.261204 0.043834
v -0.227327 0.261681 0.043504
v -0.227027 0.262046 0.043611
v -0.221845 0.258132 0.043717
v -0.227429 0.261556 0.043999
v -0.226726 0.262412 0.043716
v -0.229757 0.262129 0.043370
v -0.229482 0.262465 0.043351
v -0.229543 0.262390 0.043642
v -0.231189 0.263794 0.043424
v -0.231007 0.264015 0.043652
v -0.229203 0.262804 0.043430
v -0.228925 0.263142 0.043523
v -0.230956 0.264078 0.043408
v -0.230720 0.264365 0.043474
v -0.232278 0.265875 0.043545
v -0.232152 0.266030 0.043537
v -0.232179 0.265996 0.043669
v -0.230485 0.264651 0.043552
v -0.228649 0.263479 0.043620
v -0.232023 0.266186 0.043572
v -0.229285 0.262704 0.043825
v -0.229018 0.263029 0.043976
v -0.230788 0.264282 0.043806
v -0.232060 0.266141 0.043752
v -0.230562 0.264557 0.043933
v -0.230251 0.264936 0.043633
v -0.228372 0.263816 0.043716
v -0.231937 0.266291 0.043820
v -0.231896 0.266341 0.043614
v -0.231769 0.266496 0.043658
v -0.231146 0.267253 0.043894
v -0.230332 0.264837 0.044039
v -0.231812 0.266443 0.043877
v -0.227134 0.261915 0.044139
v -0.226836 0.262277 0.044260
v -0.228747 0.263360 0.044104
v -0.228472 0.263694 0.044213
v -0.230100 0.265120 0.044131
v -0.188787 0.226816 0.045699
v -0.193326 0.231513 0.045649
v -0.197900 0.236168 0.045539
v -0.187998 0.227777 0.046191
v -0.187195 0.228754 0.046624
v -0.192547 0.232461 0.046117
v -0.197154 0.237075 0.045958
v -0.191756 0.233425 0.046526
v -0.196398 0.237997 0.046321
v -0.202527 0.240758 0.045404
v -0.201826 0.241611 0.045773
v -0.207202 0.245289 0.045250
v -0.206553 0.246079 0.045561
v -0.186386 0.229740 0.047023
v -0.211938 0.249746 0.045085
v -0.211348 0.250465 0.045343
v -0.191243 0.234049 0.045021
v -0.195940 0.238554 0.044905
v -0.206203 0.246506 0.044317
v -0.200713 0.242967 0.044782
v -0.205555 0.247294 0.044634
v -0.200010 0.243822 0.045141
v -0.204904 0.248086 0.044935
v -0.216499 0.254417 0.043916
v -0.221428 0.258638 0.043866
v -0.215982 0.255046 0.044123
v -0.211056 0.250820 0.044232
v -0.210466 0.251538 0.044494
v -0.209874 0.252259 0.044741
v -0.221011 0.259146 0.044010
v -0.215463 0.255678 0.044320
v -0.216208 0.254771 0.045084
v -0.221172 0.258951 0.044770
v -0.220593 0.259655 0.044145
v -0.214943 0.256311 0.044504
v -0.220173 0.260166 0.044270
v -0.214421 0.256947 0.044678
v -0.209280 0.252982 0.044977
v -0.213897 0.257584 0.044838
v -0.208684 0.253708 0.045198
v -0.219753 0.260678 0.044386
v -0.219331 0.261192 0.044492
v -0.213371 0.258225 0.044981
v -0.218908 0.261707 0.044583
v -0.212844 0.258866 0.045111
v -0.226425 0.262778 0.043819
v -0.226124 0.263145 0.043918
v -0.228095 0.264153 0.043809
v -0.227817 0.264491 0.043899
v -0.225822 0.263513 0.044010
v -0.227539 0.264830 0.043983
v -0.230017 0.265221 0.043713
v -0.229782 0.265507 0.043791
v -0.231641 0.266651 0.043701
v -0.231514 0.266806 0.043743
v -0.231386 0.266961 0.043783
v -0.229547 0.265793 0.043866
v -0.231686 0.266597 0.043926
v -0.231558 0.266752 0.043968
v -0.231430 0.266908 0.044005
v -0.229311 0.266080 0.043936
v -0.227259 0.265170 0.044059
v -0.231258 0.267117 0.043820
v -0.231130 0.267274 0.043854
v -0.231001 0.267430 0.043885
v -0.231301 0.267065 0.044033
v -0.231172 0.267222 0.044056
v -0.231042 0.267380 0.044074
v -0.229075 0.266368 0.043999
v -0.230872 0.267587 0.043913
v -0.230912 0.267538 0.044084
v -0.228838 0.266656 0.044058
v -0.230743 0.267745 0.043936
v -0.230613 0.267902 0.043957
v -0.230782 0.267697 0.044090
v -0.228600 0.266945 0.044111
v -0.230484 0.268060 0.043974
v -0.230354 0.268219 0.043987
v -0.230224 0.268377 0.043996
v -0.230522 0.268014 0.044086
v -0.230392 0.268172 0.044075
v -0.230262 0.268330 0.044059
v -0.230093 0.268535 0.044001
v -0.228362 0.267235 0.044155
v -0.230132 0.268488 0.044039
v -0.230003 0.268645 0.044013
v -0.226536 0.262643 0.044364
v -0.220750 0.259464 0.044874
v -0.226234 0.263011 0.044455
v -0.225929 0.263382 0.044525
v -0.225519 0.263882 0.044094
v -0.225215 0.264251 0.044173
v -0.224911 0.264622 0.044244
v -0.225623 0.263754 0.044582
v -0.220327 0.259980 0.044960
v -0.225317 0.264127 0.044629
v -0.219902 0.260497 0.045031
v -0.225010 0.264501 0.044657
v -0.228195 0.264031 0.044308
v -0.227916 0.264370 0.044390
v -0.227636 0.264712 0.044454
v -0.229865 0.265405 0.044210
v -0.229629 0.265693 0.044279
v -0.229392 0.265982 0.044331
v -0.230652 0.267855 0.044091
v -0.229154 0.266272 0.044374
v -0.228915 0.266562 0.044408
v -0.227354 0.265055 0.044505
v -0.226980 0.265511 0.044130
v -0.226699 0.265852 0.044194
v -0.224605 0.264994 0.044304
v -0.226418 0.266195 0.044248
v -0.228675 0.266854 0.044428
v -0.228124 0.267526 0.044194
v -0.228436 0.267146 0.044439
v -0.228196 0.267438 0.044442
v -0.227072 0.265398 0.044547
v -0.227885 0.267817 0.044226
v -0.227956 0.267730 0.044434
v -0.227645 0.268108 0.044251
v -0.227406 0.268400 0.044269
v -0.227717 0.268021 0.044415
v -0.227477 0.268312 0.044387
v -0.226789 0.265743 0.044572
v -0.226506 0.266087 0.044586
v -0.224702 0.264876 0.044674
v -0.218484 0.262223 0.044664
v -0.224299 0.265366 0.044357
v -0.219476 0.261015 0.045077
v -0.219049 0.261535 0.045106
v -0.224395 0.265250 0.044679
v -0.218060 0.262740 0.044734
v -0.223993 0.265739 0.044402
v -0.218623 0.262054 0.045120
v -0.224087 0.265625 0.044672
v -0.212316 0.259510 0.045227
v -0.223686 0.266113 0.044437
v -0.217634 0.263258 0.044791
v -0.218196 0.262574 0.045115
v -0.223779 0.265999 0.044650
v -0.217769 0.263094 0.045091
v -0.223472 0.266373 0.044616
v -0.217208 0.263776 0.044836
v -0.223379 0.266487 0.044464
v -0.223071 0.266862 0.044481
v -0.216782 0.264296 0.044868
v -0.217343 0.263612 0.045050
v -0.223166 0.266746 0.044571
v -0.226136 0.266538 0.044295
v -0.225854 0.266882 0.044335
v -0.225571 0.267226 0.044366
v -0.227166 0.268691 0.044281
v -0.227239 0.268603 0.044350
v -0.227001 0.268893 0.044303
v -0.225656 0.267122 0.044560
v -0.225288 0.267570 0.044389
v -0.225373 0.267466 0.044529
v -0.226223 0.266432 0.044590
v -0.225939 0.266777 0.044582
v -0.225005 0.267915 0.044403
v -0.222860 0.267118 0.044513
v -0.224810 0.268152 0.044431
v -0.225091 0.267810 0.044486
v -0.216917 0.264130 0.044993
v -0.216493 0.264647 0.044918
v -0.185859 0.230381 0.045555
v -0.190463 0.234999 0.045479
v -0.185064 0.231348 0.046025
v -0.189679 0.235953 0.045923
v -0.195192 0.239464 0.045314
v -0.184265 0.232321 0.046476
v -0.190958 0.234396 0.046902
v -0.195635 0.238925 0.046654
v -0.188891 0.236913 0.046348
v -0.194442 0.240378 0.045709
v -0.183461 0.233301 0.046900
v -0.188097 0.237879 0.046747
v -0.193688 0.241296 0.046086
v -0.205896 0.246879 0.045825
v -0.199304 0.244681 0.045486
v -0.201115 0.242477 0.046091
v -0.200399 0.243348 0.046379
v -0.205235 0.247684 0.046062
v -0.204570 0.248493 0.046275
v -0.199679 0.244225 0.046641
v -0.204251 0.248881 0.045224
v -0.198595 0.245545 0.045815
v -0.203596 0.249680 0.045496
v -0.197882 0.246413 0.046119
v -0.202936 0.250482 0.045746
v -0.192928 0.242220 0.046438
v -0.203901 0.249308 0.046447
v -0.198953 0.245109 0.046859
v -0.203229 0.250125 0.046593
v -0.185570 0.230733 0.047392
v -0.184746 0.231736 0.047710
v -0.190155 0.235374 0.047249
v -0.194868 0.239859 0.046958
v -0.189343 0.236362 0.047545
v -0.182652 0.234285 0.047305
v -0.194093 0.240802 0.047215
v -0.188527 0.237355 0.047810
v -0.193315 0.241749 0.047441
v -0.187300 0.238850 0.047127
v -0.183917 0.232745 0.047995
v -0.183084 0.233759 0.048251
v -0.182247 0.234778 0.048468
v -0.187708 0.238353 0.048045
v -0.192534 0.242700 0.047639
v -0.198224 0.245996 0.047048
v -0.197492 0.246887 0.047211
v -0.202556 0.250946 0.046715
v -0.192166 0.243148 0.046772
v -0.197166 0.247285 0.046407
v -0.202275 0.251288 0.045981
v -0.196447 0.248160 0.046676
v -0.201611 0.252096 0.046198
v -0.195725 0.249039 0.046925
v -0.200944 0.252907 0.046397
v -0.195000 0.249921 0.047152
v -0.200276 0.253721 0.046575
v -0.181839 0.235274 0.047690
v -0.186499 0.239825 0.047486
v -0.191400 0.244080 0.047086
v -0.185693 0.240805 0.047823
v -0.181023 0.236269 0.048052
v -0.180202 0.237268 0.048390
v -0.186884 0.239355 0.048243
v -0.191750 0.243655 0.047802
v -0.186057 0.240362 0.048401
v -0.181406 0.235802 0.048645
v -0.190963 0.244613 0.047928
v -0.190631 0.245017 0.047378
v -0.184884 0.241790 0.048136
v -0.179377 0.238272 0.048705
v -0.190174 0.245574 0.048023
v -0.185228 0.241371 0.048529
v -0.189859 0.245957 0.047648
v -0.184072 0.242779 0.048428
v -0.189384 0.246536 0.048088
v -0.184398 0.242383 0.048623
v -0.189083 0.246901 0.047896
v -0.183565 0.243396 0.048680
v -0.188593 0.247499 0.048118
v -0.196758 0.247781 0.047341
v -0.201880 0.251768 0.046808
v -0.201203 0.252592 0.046868
v -0.196022 0.248677 0.047437
v -0.200525 0.253418 0.046903
v -0.195284 0.249576 0.047504
v -0.199847 0.254243 0.046911
v -0.199605 0.254538 0.046735
v -0.194273 0.250806 0.047359
v -0.194545 0.250475 0.047543
v -0.199169 0.255069 0.046889
v -0.193806 0.251374 0.047549
v -0.210750 0.251192 0.045558
v -0.210150 0.251923 0.045748
v -0.215683 0.255410 0.045241
v -0.215157 0.256050 0.045375
v -0.214628 0.256694 0.045491
v -0.209547 0.252657 0.045917
v -0.208085 0.254437 0.045399
v -0.214098 0.257340 0.045576
v -0.208940 0.253396 0.046049
v -0.213566 0.257988 0.045639
v -0.207484 0.255169 0.045586
v -0.213033 0.258636 0.045684
v -0.212500 0.259285 0.045705
v -0.208332 0.254137 0.046158
v -0.207722 0.254879 0.046244
v -0.206881 0.255903 0.045756
v -0.211786 0.260154 0.045328
v -0.211255 0.260801 0.045413
v -0.206276 0.256639 0.045910
v -0.211966 0.259935 0.045701
v -0.211433 0.260584 0.045678
v -0.210723 0.261448 0.045483
v -0.210368 0.261880 0.045566
v -0.205670 0.257377 0.046045
v -0.205062 0.258117 0.046163
v -0.210900 0.261233 0.045633
v -0.207110 0.255624 0.046304
v -0.206498 0.256369 0.046335
v -0.205886 0.257114 0.046343
v -0.205273 0.257860 0.046328
v -0.204661 0.258605 0.046285
v -0.162859 0.217490 0.048843
v -0.162096 0.218419 0.048945
v -0.167629 0.221906 0.048859
v -0.166828 0.222881 0.048992
v -0.172605 0.226071 0.048792
v -0.171778 0.227077 0.048957
v -0.176935 0.231022 0.048792
v -0.166484 0.223300 0.048810
v -0.166026 0.223858 0.049090
v -0.170949 0.228087 0.049089
v -0.170600 0.228512 0.048900
v -0.170117 0.229099 0.049184
v -0.176093 0.232047 0.048952
v -0.175249 0.233075 0.049078
v -0.174901 0.233498 0.048886
v -0.174403 0.234105 0.049167
v -0.180562 0.236829 0.048790
v -0.179717 0.237859 0.048901
v -0.178869 0.238890 0.048975
v -0.058638 0.080004 0.044918
v -0.052270 0.077533 0.044513
v -0.058214 0.080520 0.044993
v -0.058349 0.080355 0.044868
v -0.052060 0.077789 0.044481
v -0.051965 0.077905 0.044571
v -0.057923 0.080874 0.044836
v -0.051752 0.078163 0.044464
v -0.057788 0.081038 0.045050
v -0.050321 0.076498 0.044431
v -0.050126 0.076735 0.044403
v -0.047965 0.075959 0.044281
v -0.048130 0.075758 0.044303
v -0.050040 0.076841 0.044486
v -0.047725 0.076251 0.044269
v -0.049843 0.077080 0.044389
v -0.047892 0.076048 0.044350
v -0.049758 0.077184 0.044529
v -0.049560 0.077425 0.044366
v -0.051445 0.078538 0.044437
v -0.051658 0.078278 0.044616
v -0.051351 0.078651 0.044650
v -0.045038 0.076115 0.044001
v -0.045128 0.076006 0.044013
v -0.047486 0.076543 0.044251
v -0.047654 0.076338 0.044387
v -0.047246 0.076834 0.044226
v -0.049277 0.077769 0.044335
v -0.047414 0.076629 0.044415
v -0.049475 0.077528 0.044560
v -0.044907 0.076274 0.043996
v -0.044998 0.076163 0.044039
v -0.044777 0.076432 0.043987
v -0.044647 0.076590 0.043974
v -0.047007 0.077125 0.044194
v -0.048995 0.078113 0.044295
v -0.046769 0.077415 0.044155
v -0.048713 0.078456 0.044248
v -0.044869 0.076320 0.044059
v -0.051138 0.078911 0.044402
v -0.050832 0.079284 0.044357
v -0.050526 0.079657 0.044304
v -0.049192 0.077873 0.044582
v -0.047175 0.076921 0.044434
v -0.048908 0.078218 0.044590
v -0.046935 0.077213 0.044442
v -0.048625 0.078563 0.044586
v -0.051044 0.079026 0.044672
v -0.050736 0.079400 0.044679
v -0.050429 0.079775 0.044674
v -0.057497 0.081393 0.044791
v -0.057071 0.081911 0.044734
v -0.057362 0.081557 0.045091
v -0.056647 0.082428 0.044664
v -0.056935 0.082076 0.045115
v -0.062815 0.085141 0.045227
v -0.062287 0.085784 0.045111
v -0.056223 0.082944 0.044583
v -0.050220 0.080029 0.044244
v -0.055800 0.083459 0.044492
v -0.049916 0.080399 0.044173
v -0.055378 0.083972 0.044386
v -0.056508 0.082596 0.045120
v -0.056081 0.083116 0.045106
v -0.050121 0.080149 0.044657
v -0.055655 0.083635 0.045077
v -0.061760 0.086426 0.044981
v -0.061234 0.087066 0.044838
v -0.043985 0.077397 0.043894
v -0.044388 0.076906 0.043936
v -0.044259 0.077063 0.043913
v -0.044739 0.076478 0.044075
v -0.044609 0.076637 0.044086
v -0.044518 0.076748 0.043957
v -0.046531 0.077705 0.044111
v -0.044130 0.077220 0.043885
v -0.046293 0.077994 0.044058
v -0.046056 0.078283 0.043999
v -0.044001 0.077377 0.043854
v -0.047871 0.079480 0.044059
v -0.045820 0.078571 0.043936
v -0.043873 0.077533 0.043820
v -0.044349 0.076954 0.044090
v -0.044219 0.077112 0.044084
v -0.044089 0.077270 0.044074
v -0.043745 0.077689 0.043783
v -0.045584 0.078857 0.043866
v -0.043959 0.077428 0.044056
v -0.043830 0.077586 0.044033
v -0.043701 0.077743 0.044005
v -0.047592 0.079820 0.043983
v -0.047314 0.080159 0.043899
v -0.045349 0.079144 0.043791
v -0.043617 0.077845 0.043743
v -0.043489 0.078000 0.043701
v -0.043362 0.078155 0.043658
v -0.043107 0.078465 0.043572
v -0.042979 0.078621 0.043537
v -0.045114 0.079429 0.043713
v -0.044880 0.079715 0.043633
v -0.043235 0.078310 0.043614
v -0.042952 0.078654 0.043669
v -0.043071 0.078509 0.043752
v -0.047036 0.080497 0.043809
v -0.046759 0.080835 0.043716
v -0.043319 0.078208 0.043877
v -0.043445 0.078054 0.043926
v -0.043572 0.077899 0.043968
v -0.043194 0.078360 0.043820
v -0.045031 0.079531 0.044131
v -0.044799 0.079814 0.044039
v -0.049309 0.081138 0.044010
v -0.049007 0.081506 0.043918
v -0.048706 0.081873 0.043819
v -0.048405 0.082239 0.043716
v -0.046482 0.081172 0.043620
v -0.054120 0.085504 0.044010
v -0.053703 0.086012 0.043866
v -0.053286 0.086519 0.043717
v -0.059149 0.089604 0.044123
v -0.058632 0.090234 0.043916
v -0.048432 0.078798 0.044194
v -0.048151 0.079140 0.044130
v -0.044479 0.076795 0.044091
v -0.046695 0.077505 0.044439
v -0.046456 0.077797 0.044428
v -0.046216 0.078088 0.044408
v -0.045977 0.078379 0.044374
v -0.048059 0.079252 0.044547
v -0.047777 0.079596 0.044505
v -0.049612 0.080769 0.044094
v -0.048342 0.078908 0.044572
v -0.049814 0.080523 0.044629
v -0.049507 0.080896 0.044582
v -0.049202 0.081268 0.044525
v -0.045739 0.078669 0.044331
v -0.045502 0.078958 0.044279
v -0.047495 0.079939 0.044454
v -0.047215 0.080280 0.044390
v -0.045266 0.079245 0.044210
v -0.046659 0.080956 0.044213
v -0.046936 0.080619 0.044308
v -0.048897 0.081639 0.044455
v -0.048595 0.082007 0.044364
v -0.048295 0.082373 0.044260
v -0.054958 0.084484 0.044270
v -0.054538 0.084995 0.044145
v -0.060710 0.087704 0.044678
v -0.060188 0.088339 0.044504
v -0.059668 0.088973 0.044320
v -0.055229 0.084154 0.045031
v -0.054804 0.084671 0.044960
v -0.054381 0.085186 0.044874
v -0.053125 0.086716 0.044486
v -0.053959 0.085700 0.044770
v -0.053541 0.086209 0.044638
v -0.058923 0.089879 0.045084
v -0.058404 0.090511 0.044891
v -0.066447 0.090943 0.045198
v -0.065851 0.091669 0.044977
v -0.065257 0.092392 0.044741
v -0.058116 0.090862 0.043702
v -0.063488 0.094545 0.043958
v -0.064665 0.093112 0.044494
v -0.064075 0.093830 0.044232
v -0.069576 0.097356 0.044634
v -0.070227 0.096564 0.044935
v -0.068928 0.098145 0.044317
v -0.068283 0.098930 0.043988
v -0.075121 0.100828 0.045141
v -0.074418 0.101684 0.044782
v -0.073719 0.102535 0.044406
v -0.078448 0.107001 0.044478
v -0.073022 0.103383 0.044017
v -0.079191 0.106096 0.044905
v -0.083888 0.110602 0.045021
v -0.083111 0.111547 0.044545
v -0.088481 0.115232 0.045071
v -0.064763 0.082770 0.045566
v -0.064407 0.083203 0.045483
v -0.064231 0.083418 0.045633
v -0.063876 0.083850 0.045413
v -0.063698 0.084066 0.045678
v -0.063345 0.084496 0.045328
v -0.063165 0.084716 0.045701
v -0.070470 0.086045 0.046285
v -0.070069 0.086533 0.046163
v -0.069858 0.086790 0.046328
v -0.069461 0.087273 0.046045
v -0.075962 0.089582 0.046889
v -0.075526 0.090113 0.046735
v -0.075284 0.090407 0.046911
v -0.069245 0.087536 0.046343
v -0.074606 0.091233 0.046903
v -0.074855 0.090929 0.046575
v -0.068855 0.088012 0.045910
v -0.068250 0.088748 0.045756
v -0.062631 0.085365 0.045705
v -0.067647 0.089482 0.045586
v -0.072856 0.093363 0.045981
v -0.067046 0.090213 0.045399
v -0.068633 0.088282 0.046335
v -0.068021 0.089027 0.046304
v -0.067409 0.089771 0.046244
v -0.074187 0.091743 0.046397
v -0.073520 0.092554 0.046198
v -0.073928 0.092058 0.046868
v -0.073251 0.092882 0.046808
v -0.072575 0.093705 0.046715
v -0.062098 0.086014 0.045684
v -0.061565 0.086663 0.045639
v -0.061033 0.087310 0.045576
v -0.060502 0.087957 0.045491
v -0.059974 0.088600 0.045375
v -0.059447 0.089241 0.045241
v -0.066191 0.091255 0.046049
v -0.065584 0.091993 0.045917
v -0.072195 0.094168 0.045746
v -0.071535 0.094971 0.045496
v -0.070880 0.095769 0.045224
v -0.066799 0.090514 0.046158
v -0.071902 0.094525 0.046593
v -0.071230 0.095343 0.046447
v -0.070561 0.096158 0.046275
v -0.064981 0.092728 0.045748
v -0.064380 0.093458 0.045558
v -0.063783 0.094185 0.045343
v -0.063193 0.094904 0.045085
v -0.069235 0.097772 0.045825
v -0.068578 0.098571 0.045561
v -0.067929 0.099361 0.045250
v -0.069896 0.096967 0.046062
v -0.080131 0.094729 0.047152
v -0.079406 0.095612 0.046925
v -0.078684 0.096491 0.046676
v -0.077965 0.097366 0.046407
v -0.077249 0.098238 0.046119
v -0.082965 0.101502 0.046772
v -0.082202 0.102430 0.046438
v -0.081325 0.093276 0.047549
v -0.080586 0.094176 0.047543
v -0.080858 0.093844 0.047359
v -0.086048 0.097749 0.047896
v -0.079847 0.095075 0.047504
v -0.079109 0.095973 0.047437
v -0.085272 0.098693 0.047648
v -0.084500 0.099634 0.047378
v -0.086538 0.097152 0.048118
v -0.085747 0.098115 0.048088
v -0.084957 0.099077 0.048023
v -0.091059 0.101872 0.048428
v -0.091566 0.101254 0.048680
v -0.090733 0.102268 0.048623
v -0.084168 0.100037 0.047928
v -0.090246 0.102860 0.048136
v -0.089902 0.103279 0.048529
v -0.078373 0.096870 0.047341
v -0.083381 0.100996 0.047802
v -0.077639 0.097764 0.047211
v -0.083731 0.100570 0.047086
v -0.082597 0.101951 0.047639
v -0.089437 0.103845 0.047823
v -0.088632 0.104825 0.047486
v -0.087831 0.105801 0.047127
v -0.088247 0.105295 0.048243
v -0.089073 0.104288 0.048401
v -0.087423 0.106298 0.048045
v -0.095754 0.106378 0.048705
v -0.094929 0.107382 0.048390
v -0.093291 0.109376 0.047690
v -0.092479 0.110366 0.047305
v -0.097778 0.114137 0.047816
v -0.094108 0.108382 0.048052
v -0.092884 0.109872 0.048468
v -0.093725 0.108848 0.048645
v -0.092047 0.110891 0.048251
v -0.098591 0.113147 0.048196
v -0.099408 0.112152 0.048552
v -0.076536 0.099106 0.045815
v -0.075827 0.099969 0.045486
v -0.081443 0.103355 0.046086
v -0.080689 0.104273 0.045709
v -0.076178 0.099542 0.046859
v -0.075452 0.100426 0.046641
v -0.087034 0.106771 0.046747
v -0.086240 0.107738 0.046348
v -0.079939 0.105186 0.045314
v -0.073305 0.103039 0.045773
v -0.084668 0.109651 0.045479
v -0.085452 0.108697 0.045923
v -0.074732 0.101302 0.046379
v -0.074016 0.102174 0.046091
v -0.079496 0.105725 0.046654
v -0.078733 0.106654 0.046321
v -0.077977 0.107575 0.045958
v -0.083375 0.111226 0.046526
v -0.091670 0.111350 0.046900
v -0.090865 0.112330 0.046476
v -0.090067 0.113302 0.046025
v -0.096165 0.116101 0.046990
v -0.095364 0.117075 0.046549
v -0.089272 0.114269 0.045555
v -0.093780 0.119004 0.045595
v -0.094570 0.118042 0.046081
v -0.084173 0.110254 0.046902
v -0.087936 0.115896 0.046624
v -0.076907 0.098654 0.047048
v -0.081815 0.102902 0.047441
v -0.081037 0.103849 0.047215
v -0.080263 0.104791 0.046958
v -0.085788 0.108288 0.047545
v -0.086603 0.107295 0.047810
v -0.084976 0.109276 0.047249
v -0.096969 0.115122 0.047413
v -0.091214 0.111905 0.047995
v -0.090385 0.112915 0.047710
v -0.096521 0.115667 0.048368
v -0.097357 0.114650 0.048600
v -0.094865 0.117684 0.047797
v -0.095691 0.116678 0.048098
v -0.089561 0.113918 0.047392
v -0.088745 0.114911 0.047023
v -0.094043 0.118684 0.047464
v -0.093231 0.119672 0.047080
v -0.051619 0.088549 0.043138
v -0.056048 0.093380 0.042875
v -0.051204 0.089054 0.043164
v -0.056569 0.092745 0.043054
v -0.061732 0.096683 0.043106
v -0.061145 0.097398 0.042830
v -0.066354 0.101278 0.042968
v -0.055530 0.094010 0.042887
v -0.060551 0.098120 0.042592
v -0.059957 0.098844 0.042578
v -0.055910 0.093548 0.043439
v -0.060373 0.098337 0.043243
v -0.065709 0.102064 0.042638
v -0.065056 0.102859 0.042351
v -0.064399 0.103659 0.042318
v -0.064843 0.103118 0.043078
v -0.044411 0.080286 0.043474
v -0.044646 0.080000 0.043552
v -0.046205 0.081509 0.043523
v -0.044175 0.080573 0.043408
v -0.043942 0.080857 0.043424
v -0.042853 0.078775 0.043545
v -0.045928 0.081846 0.043430
v -0.045649 0.082186 0.043351
v -0.048104 0.082604 0.043611
v -0.047804 0.082970 0.043504
v -0.047503 0.083336 0.043401
v -0.047200 0.083705 0.043315
v -0.044343 0.080369 0.043806
v -0.044124 0.080635 0.043652
v -0.044569 0.080094 0.043933
v -0.046113 0.081621 0.043976
v -0.045588 0.082261 0.043642
v -0.045846 0.081946 0.043825
v -0.047133 0.083788 0.043633
v -0.047412 0.083447 0.043834
v -0.047702 0.083095 0.043999
v -0.045374 0.082521 0.043370
v -0.046901 0.084069 0.043335
v -0.052870 0.087025 0.043564
v -0.052455 0.087531 0.043410
v -0.052038 0.088038 0.043261
v -0.057601 0.091489 0.043484
v -0.051905 0.088200 0.043873
v -0.052305 0.087714 0.044110
v -0.051520 0.088670 0.043586
v -0.057086 0.092116 0.043265
v -0.056383 0.092972 0.043826
v -0.046384 0.081291 0.044104
v -0.047996 0.082736 0.044139
v -0.052712 0.087218 0.044312
v -0.057379 0.091760 0.044429
v -0.057889 0.091139 0.044674
v -0.056875 0.092372 0.044149
v -0.062317 0.095971 0.043392
v -0.062902 0.095259 0.043677
v -0.060905 0.097690 0.043721
v -0.061460 0.097014 0.044128
v -0.067640 0.099714 0.043651
v -0.066997 0.100496 0.043310
v -0.062608 0.095616 0.044801
v -0.062029 0.096321 0.044484
v -0.066029 0.101675 0.044111
v -0.066652 0.100916 0.044532
v -0.067287 0.100143 0.044909
v -0.065422 0.102414 0.043634
v -0.069537 0.107627 0.042091
v -0.074754 0.111499 0.042248
v -0.074001 0.112415 0.041864
v -0.079254 0.116243 0.042068
v -0.070243 0.106767 0.042430
v -0.070940 0.105918 0.042818
v -0.075495 0.110596 0.042684
v -0.071634 0.105074 0.043219
v -0.076232 0.109699 0.043136
v -0.068822 0.108498 0.042034
v -0.069287 0.107931 0.042888
v -0.073717 0.112761 0.042725
v -0.069905 0.107179 0.043524
v -0.080798 0.114362 0.043053
v -0.080029 0.115300 0.042552
v -0.085352 0.119042 0.043001
v -0.084571 0.119992 0.042476
v -0.089883 0.123748 0.042962
v -0.089108 0.124693 0.042422
v -0.072328 0.104229 0.043620
v -0.077708 0.107902 0.044037
v -0.076969 0.108801 0.043589
v -0.081568 0.113426 0.043556
v -0.082339 0.112487 0.044054
v -0.071227 0.105569 0.044562
v -0.071911 0.104737 0.045002
v -0.075769 0.110263 0.044589
v -0.076495 0.109379 0.045085
v -0.070556 0.106386 0.044073
v -0.074369 0.111967 0.043430
v -0.075058 0.111128 0.044043
v -0.078824 0.116767 0.043323
v -0.080280 0.114994 0.044597
v -0.079540 0.115895 0.043995
v -0.086912 0.117143 0.044052
v -0.086131 0.118093 0.043529
v -0.091434 0.121860 0.044044
v -0.087695 0.116190 0.044569
v -0.092994 0.119961 0.045094
v -0.092212 0.120913 0.044576
v -0.090658 0.122805 0.043505
v -0.084799 0.119715 0.044594
v -0.081036 0.114073 0.045145
v -0.084051 0.120626 0.043963
v -0.089308 0.124449 0.044573
v -0.085565 0.118782 0.045169
v -0.073236 0.113346 0.041790
v -0.078467 0.117201 0.041642
v -0.077663 0.118180 0.041547
v -0.078150 0.117587 0.042554
v -0.083786 0.120948 0.041969
v -0.082986 0.121922 0.041523
v -0.082169 0.122917 0.041420
v -0.082650 0.122331 0.042462
v -0.088326 0.125644 0.041903
v -0.087530 0.126613 0.041445
v -0.083328 0.121505 0.043263
v -0.087180 0.127039 0.042392
v -0.087850 0.126224 0.043210
v -0.086714 0.127607 0.041336
v -0.088565 0.125353 0.043927
v -0.072604 0.103892 0.045404
v -0.077231 0.108482 0.045539
v -0.081805 0.113137 0.045649
v -0.082583 0.112189 0.046117
v -0.087133 0.116874 0.046191
v -0.086344 0.117834 0.045699
v -0.090842 0.122581 0.045710
v -0.091626 0.121626 0.046217
v -0.092425 0.120654 0.046665
v -0.090068 0.123523 0.045164
v -0.103726 0.117119 0.048560
v -0.102925 0.118095 0.048199
v -0.102127 0.119065 0.047814
v -0.107871 0.122296 0.048472
v -0.107099 0.123236 0.048113
v -0.098984 0.122892 0.046067
v -0.098210 0.123835 0.045579
v -0.100546 0.120990 0.046981
v -0.099762 0.121945 0.046537
v -0.103303 0.127856 0.046007
v -0.104053 0.126944 0.046470
v -0.104808 0.126024 0.046908
v -0.108252 0.132054 0.046376
v -0.108968 0.131183 0.046804
v -0.101335 0.120030 0.047408
v -0.105567 0.125100 0.047330
v -0.106331 0.124170 0.047732
v -0.110411 0.129426 0.047610
v -0.100882 0.120582 0.048359
v -0.100066 0.121574 0.048086
v -0.101702 0.119583 0.048595
v -0.105118 0.125647 0.048261
v -0.111871 0.127649 0.048337
v -0.112606 0.126754 0.048671
v -0.111139 0.128540 0.047984
v -0.105909 0.124684 0.048496
v -0.106704 0.123716 0.048693
v -0.109998 0.129929 0.048344
v -0.098449 0.123543 0.047447
v -0.102772 0.128503 0.047359
v -0.099256 0.122561 0.047782
v -0.109688 0.130307 0.047216
v -0.103549 0.127557 0.047690
v -0.104331 0.126605 0.047990
v -0.109247 0.130843 0.048113
v -0.108501 0.131752 0.047845
v -0.107758 0.132656 0.047550
v -0.116498 0.132239 0.048437
v -0.115118 0.133918 0.047776
v -0.115806 0.133081 0.048115
v -0.111512 0.128086 0.048707
v -0.114747 0.134370 0.048306
v -0.115461 0.133501 0.048467
v -0.120500 0.137589 0.048113
v -0.116895 0.131755 0.048698
v -0.120145 0.138022 0.047881
v -0.119850 0.138381 0.048034
v -0.116177 0.132630 0.048599
v -0.114435 0.134751 0.047417
v -0.113755 0.135578 0.047039
v -0.113079 0.136401 0.046645
v -0.118274 0.140300 0.046980
v -0.118894 0.139545 0.047298
v -0.119518 0.138785 0.047597
v -0.114037 0.135235 0.048118
v -0.110753 0.129009 0.048541
v -0.113330 0.136096 0.047896
v -0.119202 0.139170 0.047926
v -0.118555 0.139957 0.047791
v -0.117911 0.140741 0.047631
v -0.123380 0.144306 0.046937
v -0.122853 0.144947 0.046721
v -0.123676 0.143946 0.047120
v -0.123132 0.144608 0.047078
v -0.122590 0.145268 0.047011
v -0.094392 0.128482 0.042945
v -0.097439 0.124772 0.045077
v -0.096674 0.125704 0.044557
v -0.101817 0.129666 0.045033
v -0.101079 0.130564 0.044523
v -0.095912 0.126632 0.044025
v -0.095151 0.127558 0.043487
v -0.100346 0.131457 0.044001
v -0.099614 0.132348 0.043474
v -0.104742 0.136328 0.043975
v -0.104049 0.137172 0.043464
v -0.093808 0.129194 0.044552
v -0.105437 0.135482 0.044482
v -0.106135 0.134632 0.044977
v -0.110417 0.139642 0.044900
v -0.109761 0.140440 0.044428
v -0.109109 0.141235 0.043946
v -0.114628 0.144738 0.044749
v -0.114033 0.145463 0.044330
v -0.092865 0.130341 0.041889
v -0.092084 0.131292 0.041434
v -0.097412 0.135029 0.041911
v -0.093631 0.129408 0.042407
v -0.098150 0.134130 0.042417
v -0.098882 0.133238 0.042943
v -0.091730 0.131723 0.042377
v -0.092382 0.130929 0.043192
v -0.103356 0.138015 0.042950
v -0.102662 0.138860 0.042441
v -0.091282 0.132269 0.041329
v -0.096658 0.135947 0.041467
v -0.095884 0.136889 0.041368
v -0.101962 0.139712 0.041953
v -0.101247 0.140583 0.041525
v -0.100511 0.141478 0.041429
v -0.096306 0.136375 0.042390
v -0.100902 0.141002 0.042411
v -0.096932 0.135613 0.043187
v -0.101491 0.140286 0.043180
v -0.107806 0.142820 0.042971
v -0.107154 0.143614 0.042488
v -0.112257 0.147625 0.043038
v -0.106496 0.144416 0.042025
v -0.105823 0.145235 0.041620
v -0.105130 0.146078 0.041535
v -0.105490 0.145640 0.042466
v -0.110454 0.149819 0.041847
v -0.111066 0.149075 0.042201
v -0.106041 0.144969 0.043197
v -0.111664 0.148346 0.042610
v -0.110154 0.150186 0.042628
v -0.110654 0.149576 0.043285
v -0.093082 0.130078 0.043907
v -0.097603 0.134796 0.043886
v -0.094552 0.128287 0.045142
v -0.098301 0.133946 0.044518
v -0.099018 0.133074 0.045096
v -0.102785 0.138711 0.044467
v -0.103463 0.137885 0.045027
v -0.102125 0.139514 0.043856
v -0.108457 0.142028 0.043460
v -0.113440 0.146184 0.043902
v -0.112848 0.146905 0.043471
v -0.107254 0.143492 0.044421
v -0.107891 0.142717 0.044954
v -0.106635 0.144246 0.043840
v -0.111194 0.148919 0.043861
v -0.111757 0.148234 0.044379
v -0.112335 0.147530 0.044853
v -0.115227 0.144009 0.045155
v -0.119240 0.149346 0.044826
v -0.115726 0.153624 0.042507
v -0.115210 0.154253 0.042236
v -0.116732 0.152399 0.043162
v -0.116231 0.153009 0.042826
v -0.121207 0.157175 0.043298
v -0.120408 0.158147 0.042835
v -0.120809 0.157659 0.043060
v -0.125293 0.162423 0.043219
v -0.117232 0.151791 0.043502
v -0.117732 0.151183 0.043842
v -0.118232 0.150573 0.044178
v -0.122398 0.155724 0.044024
v -0.118735 0.149961 0.044507
v -0.119748 0.148728 0.045136
v -0.123600 0.154262 0.044704
v -0.123198 0.154751 0.044484
v -0.122797 0.155239 0.044258
v -0.124004 0.153770 0.044915
v -0.124411 0.153274 0.045113
v -0.128278 0.158789 0.044699
v -0.127942 0.159198 0.044559
v -0.128616 0.158378 0.044831
v -0.127274 0.160011 0.044251
v -0.127607 0.159606 0.044409
v -0.121604 0.156691 0.043541
v -0.122001 0.156208 0.043783
v -0.115392 0.154031 0.043441
v -0.115850 0.153473 0.043904
v -0.120161 0.158449 0.043593
v -0.126612 0.160818 0.043918
v -0.126942 0.160415 0.044088
v -0.126282 0.161219 0.043744
v -0.125953 0.161620 0.043568
v -0.125623 0.162021 0.043392
v -0.120527 0.158003 0.043934
v -0.116327 0.152893 0.044318
v -0.116816 0.152298 0.044694
v -0.121296 0.157067 0.044508
v -0.117314 0.151692 0.045039
v -0.120907 0.157540 0.044236
v -0.121691 0.156585 0.044755
v -0.126047 0.161505 0.044568
v -0.122092 0.156097 0.044982
v -0.126379 0.161101 0.044730
v -0.125079 0.162684 0.043960
v -0.125395 0.162299 0.044187
v -0.125719 0.161905 0.044388
v -0.128954 0.157966 0.044956
v -0.130292 0.166560 0.043580
v -0.127055 0.160278 0.044987
v -0.126716 0.160691 0.044866
v -0.102558 0.128763 0.045526
v -0.107543 0.132918 0.045924
v -0.106837 0.133777 0.045457
v -0.096079 0.126429 0.046195
v -0.096862 0.125475 0.046644
v -0.095310 0.127364 0.045687
v -0.099747 0.132186 0.045630
v -0.104153 0.137044 0.045545
v -0.100487 0.131284 0.046129
v -0.104855 0.136191 0.046029
v -0.101242 0.130365 0.046569
v -0.102004 0.129438 0.046979
v -0.105570 0.135319 0.046457
v -0.111740 0.138032 0.045804
v -0.111077 0.138839 0.045358
v -0.112406 0.137220 0.046235
v -0.117044 0.141797 0.046297
v -0.117657 0.141050 0.046646
v -0.116434 0.142539 0.045934
v -0.115829 0.143276 0.045551
v -0.109872 0.140306 0.046315
v -0.106293 0.134440 0.046856
v -0.110551 0.139479 0.046695
v -0.109199 0.141125 0.045908
v -0.114750 0.144590 0.046394
v -0.111236 0.138645 0.047049
v -0.115372 0.143833 0.046705
v -0.114134 0.145340 0.046059
v -0.097653 0.124512 0.047060
v -0.107021 0.133553 0.047227
v -0.111929 0.137801 0.047358
v -0.112627 0.136951 0.047640
v -0.116634 0.142296 0.047219
v -0.117271 0.141521 0.047440
v -0.116001 0.143067 0.046974
v -0.108540 0.141927 0.045447
v -0.112924 0.146812 0.045291
v -0.113523 0.146084 0.045700
v -0.121807 0.146221 0.046247
v -0.126702 0.150485 0.046080
v -0.126471 0.150766 0.045950
v -0.125641 0.151776 0.045648
v -0.122329 0.145586 0.046491
v -0.121288 0.146853 0.045989
v -0.126055 0.151272 0.045804
v -0.125851 0.151520 0.046047
v -0.125427 0.152038 0.046004
v -0.122048 0.145927 0.046922
v -0.126277 0.151003 0.046073
v -0.120258 0.148107 0.045435
v -0.120772 0.147482 0.045718
v -0.124819 0.152777 0.045301
v -0.125229 0.152278 0.045480
v -0.130167 0.156489 0.045368
v -0.129978 0.156720 0.045273
v -0.129819 0.156913 0.045386
v -0.129636 0.157137 0.045176
v -0.129294 0.157552 0.045071
v -0.129124 0.157759 0.045378
v -0.129472 0.157336 0.045389
v -0.125003 0.152554 0.045943
v -0.128777 0.158182 0.045353
v -0.119905 0.148537 0.046334
v -0.120437 0.147890 0.046515
v -0.121509 0.146584 0.046812
v -0.124580 0.153068 0.045863
v -0.120971 0.147239 0.046677
v -0.118853 0.149818 0.045895
v -0.119376 0.149181 0.046132
v -0.123740 0.154091 0.045646
v -0.124159 0.153580 0.045762
v -0.117819 0.151077 0.045359
v -0.118334 0.150450 0.045637
v -0.122910 0.155102 0.045352
v -0.122499 0.155601 0.045175
v -0.123323 0.154598 0.045513
v -0.128430 0.158604 0.045311
v -0.127740 0.159445 0.045181
v -0.128084 0.159025 0.045252
v -0.127396 0.159863 0.045096
v -0.096262 0.105760 0.048975
v -0.095414 0.106792 0.048901
v -0.094569 0.107821 0.048790
v -0.100728 0.110546 0.049167
v -0.100230 0.111153 0.048886
v -0.099882 0.111576 0.049078
v -0.099038 0.112604 0.048952
v -0.098196 0.113628 0.048792
v -0.104531 0.116139 0.048900
v -0.105014 0.115551 0.049184
v -0.104182 0.116564 0.049089
v -0.108647 0.121351 0.048810
v -0.103353 0.117573 0.048957
v -0.109105 0.120793 0.049090
v -0.108303 0.121770 0.048992
v -0.102526 0.118580 0.048792
v -0.107502 0.122745 0.048859
v -0.113035 0.126232 0.048945
v -0.112272 0.127160 0.048843
v -0.109828 0.150582 0.041786
v -0.114686 0.154890 0.042214
v -0.114966 0.154549 0.042909
v -0.120000 0.158645 0.042649
v -0.119590 0.159143 0.042662
v -0.119819 0.158864 0.043194
v -0.124961 0.162828 0.043059
v -0.124623 0.163239 0.042931
v -0.124289 0.163645 0.042968
v -0.129457 0.167577 0.043155
v -0.129173 0.167923 0.043050
v -0.128893 0.168264 0.043085
v -0.124486 0.163406 0.043393
v -0.124773 0.163057 0.043701
v -0.130015 0.166897 0.043433
v -0.129737 0.167236 0.043289
v -0.129056 0.168065 0.043444
v -0.146327 -0.165114 0.043683
v -0.137565 -0.172325 0.043683
v -0.147712 -0.167244 0.043683
v -0.144503 -0.163345 0.043683
v -0.137390 -0.160979 0.043683
v -0.135597 -0.161317 0.044536
v -0.134870 -0.161303 0.043683
v -0.139919 -0.161225 0.043683
v -0.142330 -0.162027 0.043683
v -0.137501 -0.161150 0.044959
v -0.138202 -0.161237 0.045107
v -0.138186 -0.161235 0.045102
v -0.137956 -0.161204 0.045032
v -0.137914 -0.161199 0.045025
v -0.137437 -0.161143 0.044947
v -0.137392 -0.161137 0.044940
v -0.136161 -0.161262 0.044677
v -0.136060 -0.161272 0.044652
v -0.136521 -0.161226 0.044760
v -0.136979 -0.161180 0.044858
v -0.136609 -0.161218 0.044780
v -0.135711 -0.161306 0.044566
v -0.137054 -0.161172 0.044874
v -0.134376 -0.161550 0.044180
v -0.134241 -0.161594 0.044135
v -0.133944 -0.161690 0.044037
v -0.133804 -0.161735 0.043988
v -0.133512 -0.161829 0.043887
v -0.132943 -0.162010 0.043683
v -0.133008 -0.162225 0.043683
v -0.133539 -0.163963 0.043683
v -0.133366 -0.161875 0.043835
v -0.133079 -0.161967 0.043733
v -0.135258 -0.161349 0.044447
v -0.134889 -0.161383 0.044343
v -0.134808 -0.161410 0.044318
v -0.135130 -0.161361 0.044411
v -0.134678 -0.161452 0.044276
v -0.145626 -0.165691 0.050892
v -0.146900 -0.167651 0.050892
v -0.143948 -0.164064 0.050892
v -0.141949 -0.162851 0.050892
v -0.139731 -0.162113 0.050892
v -0.135085 -0.162184 0.050892
v -0.132798 -0.162169 0.044473
v -0.132943 -0.162122 0.044520
v -0.133233 -0.162028 0.044615
v -0.132765 -0.162179 0.044461
v -0.132891 -0.162991 0.050892
v -0.132523 -0.162256 0.044372
v -0.137859 -0.161206 0.045128
v -0.137404 -0.161887 0.050892
v -0.137793 -0.161200 0.045132
v -0.137746 -0.161196 0.045135
v -0.137393 -0.161163 0.045146
v -0.137350 -0.161169 0.045147
v -0.137287 -0.161177 0.045148
v -0.136912 -0.161225 0.045146
v -0.136382 -0.161291 0.045131
v -0.136470 -0.161280 0.045134
v -0.136836 -0.161235 0.045145
v -0.136025 -0.161334 0.045109
v -0.135924 -0.161346 0.045102
v -0.135577 -0.161387 0.045069
v -0.135463 -0.161400 0.045058
v -0.135126 -0.161438 0.045017
v -0.134999 -0.161452 0.045002
v -0.134909 -0.161462 0.044988
v -0.134553 -0.161585 0.044931
v -0.134681 -0.161541 0.044952
v -0.134245 -0.161690 0.044866
v -0.133673 -0.161882 0.044733
v -0.133809 -0.161836 0.044766
v -0.134113 -0.161735 0.044838
v -0.133375 -0.161981 0.044653
v -0.143146 -0.169531 0.055698
v -0.142384 -0.168359 0.055698
v -0.141381 -0.167386 0.055698
v -0.140186 -0.166661 0.055698
v -0.138860 -0.166220 0.055698
v -0.137469 -0.166085 0.055698
v -0.136083 -0.166263 0.055698
v -0.137565 -0.172325 0.055698
v -0.134771 -0.166745 0.055698
v -0.130354 -0.163564 0.043683
v -0.131837 -0.164816 0.043683
v -0.131191 -0.163020 0.043683
v -0.128585 -0.165388 0.043683
v -0.127267 -0.167560 0.043683
v -0.126465 -0.169972 0.043683
v -0.126219 -0.172501 0.043683
v -0.126543 -0.175021 0.043683
v -0.127419 -0.177406 0.043683
v -0.131217 -0.163006 0.043703
v -0.131341 -0.162937 0.043779
v -0.131593 -0.162796 0.043934
v -0.131981 -0.162574 0.044135
v -0.132115 -0.162496 0.044195
v -0.132377 -0.162343 0.044314
v -0.131722 -0.162722 0.044001
v -0.132515 -0.162262 0.044369
v -0.130931 -0.164265 0.050892
v -0.129304 -0.165943 0.050892
v -0.128091 -0.167942 0.050892
v -0.127353 -0.170160 0.050892
v -0.127127 -0.172487 0.050892
v -0.127425 -0.174805 0.050892
v -0.128231 -0.177000 0.050892
v -0.133599 -0.167506 0.055698
v -0.132626 -0.168510 0.055698
v -0.131901 -0.169705 0.055698
v -0.131460 -0.171031 0.055698
v -0.131325 -0.172422 0.055698
v -0.131503 -0.173808 0.055698
v -0.131985 -0.175120 0.055698
v -0.148588 -0.169629 0.043683
v -0.148912 -0.172150 0.043683
v -0.148666 -0.174679 0.043683
v -0.147864 -0.177090 0.043683
v -0.146546 -0.179262 0.043683
v -0.144777 -0.181087 0.043683
v -0.143294 -0.179835 0.043683
v -0.141591 -0.180687 0.043683
v -0.143940 -0.181631 0.043683
v -0.147706 -0.169845 0.050892
v -0.148004 -0.172164 0.050892
v -0.147778 -0.174491 0.050892
v -0.147040 -0.176709 0.050892
v -0.145827 -0.178707 0.050892
v -0.144200 -0.180386 0.050892
v -0.142240 -0.181660 0.050892
v -0.143914 -0.181644 0.043703
v -0.143790 -0.181714 0.043779
v -0.143538 -0.181855 0.043934
v -0.143409 -0.181929 0.044001
v -0.143150 -0.182077 0.044135
v -0.143016 -0.182155 0.044195
v -0.142754 -0.182308 0.044314
v -0.142616 -0.182389 0.044369
v -0.142608 -0.182394 0.044372
v -0.143628 -0.170843 0.055698
v -0.143806 -0.172229 0.055698
v -0.143671 -0.173620 0.055698
v -0.143230 -0.174946 0.055698
v -0.142505 -0.176141 0.055698
v -0.141532 -0.177144 0.055698
v -0.140360 -0.177906 0.055698
v -0.140261 -0.183348 0.043683
v -0.137741 -0.183671 0.043683
v -0.142052 -0.182684 0.043733
v -0.142188 -0.182640 0.043683
v -0.141765 -0.182775 0.043835
v -0.142122 -0.182426 0.043683
v -0.141619 -0.182822 0.043887
v -0.141327 -0.182916 0.043988
v -0.141187 -0.182961 0.044037
v -0.140890 -0.183057 0.044135
v -0.140755 -0.183100 0.044180
v -0.140453 -0.183198 0.044276
v -0.140323 -0.183241 0.044318
v -0.140241 -0.183267 0.044343
v -0.140001 -0.183290 0.044411
v -0.139873 -0.183301 0.044447
v -0.139534 -0.183334 0.044536
v -0.135212 -0.183426 0.043683
v -0.130628 -0.181305 0.043683
v -0.132801 -0.182624 0.043683
v -0.139420 -0.183345 0.044566
v -0.139071 -0.183379 0.044652
v -0.138522 -0.183433 0.044780
v -0.138610 -0.183424 0.044760
v -0.138152 -0.183470 0.044858
v -0.138970 -0.183388 0.044677
v -0.138077 -0.183478 0.044874
v -0.137738 -0.183513 0.044940
v -0.137630 -0.183500 0.044959
v -0.137694 -0.183508 0.044947
v -0.137217 -0.183452 0.045025
v -0.137175 -0.183447 0.045032
v -0.136945 -0.183416 0.045102
v -0.136929 -0.183414 0.045107
v -0.128804 -0.179537 0.043683
v -0.142366 -0.182471 0.044461
v -0.140046 -0.182466 0.050892
v -0.142333 -0.182482 0.044473
v -0.142188 -0.182528 0.044520
v -0.141897 -0.182623 0.044615
v -0.135400 -0.182538 0.050892
v -0.141756 -0.182669 0.044653
v -0.141458 -0.182768 0.044733
v -0.141322 -0.182814 0.044766
v -0.141018 -0.182916 0.044838
v -0.140886 -0.182961 0.044866
v -0.140578 -0.183065 0.044931
v -0.140450 -0.183110 0.044952
v -0.140222 -0.183188 0.044988
v -0.140131 -0.183198 0.045002
v -0.140005 -0.183213 0.045017
v -0.139667 -0.183251 0.045058
v -0.137727 -0.182764 0.050892
v -0.139554 -0.183264 0.045069
v -0.139207 -0.183304 0.045102
v -0.139106 -0.183316 0.045109
v -0.138749 -0.183359 0.045131
v -0.138661 -0.183370 0.045134
v -0.138294 -0.183416 0.045145
v -0.138219 -0.183426 0.045146
v -0.137844 -0.183473 0.045148
v -0.137780 -0.183482 0.045147
v -0.137738 -0.183487 0.045146
v -0.137385 -0.183454 0.045135
v -0.137338 -0.183450 0.045132
v -0.137272 -0.183444 0.045128
v -0.133182 -0.181800 0.050892
v -0.131183 -0.180587 0.050892
v -0.129505 -0.178960 0.050892
v -0.139048 -0.178388 0.055698
v -0.137662 -0.178566 0.055698
v -0.136271 -0.178431 0.055698
v -0.134945 -0.177990 0.055698
v -0.133750 -0.177264 0.055698
v -0.132747 -0.176292 0.055698
v -0.146163 -0.185655 0.042968
v -0.143837 -0.179563 0.043085
v -0.143442 -0.179761 0.043050
v -0.145693 -0.185890 0.042931
v -0.143041 -0.179961 0.043155
v -0.145217 -0.186129 0.043059
v -0.150637 -0.197928 0.042236
v -0.153179 -0.203913 0.041847
v -0.154061 -0.203470 0.041786
v -0.151375 -0.197559 0.042214
v -0.153602 -0.203700 0.042628
v -0.148625 -0.191679 0.042662
v -0.148048 -0.191968 0.042649
v -0.147473 -0.192256 0.042835
v -0.148303 -0.191840 0.043194
v -0.144749 -0.186363 0.043219
v -0.150981 -0.197756 0.042909
v -0.152898 -0.204053 0.043285
v -0.145887 -0.185793 0.043393
v -0.143607 -0.179678 0.043444
v -0.142647 -0.180159 0.043289
v -0.142255 -0.180355 0.043433
v -0.141865 -0.180550 0.043580
v -0.144284 -0.186596 0.043392
v -0.145483 -0.185996 0.043701
v -0.145051 -0.186212 0.043960
v -0.144605 -0.186435 0.044187
v -0.144150 -0.186663 0.044388
v -0.147821 -0.192081 0.043593
v -0.150381 -0.198057 0.043441
v -0.147306 -0.192340 0.043934
v -0.156521 -0.209496 0.041535
v -0.156014 -0.209750 0.042466
v -0.149911 -0.198292 0.042507
v -0.152317 -0.204344 0.042201
v -0.146908 -0.192539 0.043060
v -0.146347 -0.192820 0.043298
v -0.149199 -0.198649 0.042826
v -0.151474 -0.204766 0.042610
v -0.148493 -0.199002 0.043162
v -0.150639 -0.205184 0.043038
v -0.143820 -0.186828 0.043568
v -0.143356 -0.187061 0.043744
v -0.142892 -0.187293 0.043918
v -0.142426 -0.187526 0.044088
v -0.143687 -0.186895 0.044568
v -0.143219 -0.187129 0.044730
v -0.142745 -0.187367 0.044866
v -0.141958 -0.187761 0.044251
v -0.141489 -0.187996 0.044409
v -0.142267 -0.187606 0.044987
v -0.141018 -0.188231 0.044559
v -0.140544 -0.188469 0.044699
v -0.140069 -0.188707 0.044831
v -0.139592 -0.188946 0.044956
v -0.145788 -0.193100 0.043541
v -0.149736 -0.198380 0.043904
v -0.145229 -0.193380 0.043783
v -0.144669 -0.193660 0.044024
v -0.147789 -0.199354 0.043502
v -0.147085 -0.199707 0.043842
v -0.152137 -0.204434 0.043861
v -0.146770 -0.192608 0.044236
v -0.146222 -0.192882 0.044508
v -0.149064 -0.198716 0.044318
v -0.145665 -0.193161 0.044755
v -0.148375 -0.199061 0.044694
v -0.144107 -0.193941 0.044258
v -0.145101 -0.193444 0.044982
v -0.147674 -0.199412 0.045039
v -0.151344 -0.204831 0.044379
v -0.150529 -0.205239 0.044853
v -0.149806 -0.205601 0.043471
v -0.146380 -0.200060 0.044178
v -0.148973 -0.206019 0.043902
v -0.143543 -0.194224 0.044484
v -0.145672 -0.200415 0.044507
v -0.142976 -0.194508 0.044704
v -0.142407 -0.194793 0.044915
v -0.141834 -0.195080 0.045113
v -0.144960 -0.200771 0.044826
v -0.144245 -0.201129 0.045136
v -0.148137 -0.206437 0.044330
v -0.147299 -0.206857 0.044749
v -0.146455 -0.207280 0.045155
v -0.155545 -0.209984 0.041620
v -0.154597 -0.210459 0.042025
v -0.158869 -0.215577 0.041429
v -0.157833 -0.216096 0.041525
v -0.158319 -0.215852 0.042411
v -0.153670 -0.210924 0.042488
v -0.156826 -0.216600 0.041953
v -0.155238 -0.210138 0.043197
v -0.157489 -0.216268 0.043180
v -0.155840 -0.217094 0.042441
v -0.152751 -0.211384 0.042971
v -0.154862 -0.217583 0.042950
v -0.161230 -0.221651 0.041368
v -0.160140 -0.222197 0.041467
v -0.160635 -0.221949 0.042390
v -0.163555 -0.227744 0.041329
v -0.162924 -0.228060 0.042377
v -0.159078 -0.222729 0.041911
v -0.162425 -0.228310 0.041434
v -0.165832 -0.233861 0.041336
v -0.165175 -0.234190 0.042392
v -0.164682 -0.234437 0.041445
v -0.159754 -0.222391 0.043187
v -0.162005 -0.228521 0.043192
v -0.164232 -0.234662 0.043210
v -0.158038 -0.223250 0.042417
v -0.161324 -0.228861 0.041889
v -0.163561 -0.234998 0.041903
v -0.160245 -0.229402 0.042407
v -0.157006 -0.223767 0.042943
v -0.153886 -0.218072 0.043464
v -0.155976 -0.224283 0.043474
v -0.159174 -0.229938 0.042945
v -0.162460 -0.235549 0.042422
v -0.154401 -0.210557 0.043840
v -0.156597 -0.216715 0.043856
v -0.153528 -0.210994 0.044421
v -0.152632 -0.211443 0.044954
v -0.155667 -0.217180 0.044467
v -0.151834 -0.211843 0.043460
v -0.150917 -0.212302 0.043946
v -0.152910 -0.218561 0.043975
v -0.149997 -0.212763 0.044428
v -0.154712 -0.217659 0.045027
v -0.158808 -0.222864 0.043886
v -0.161020 -0.229014 0.043907
v -0.163224 -0.235167 0.043927
v -0.157825 -0.223357 0.044518
v -0.159997 -0.229526 0.044552
v -0.156816 -0.223862 0.045096
v -0.158948 -0.230051 0.045142
v -0.162178 -0.235691 0.044573
v -0.161367 -0.236097 0.042962
v -0.149073 -0.213225 0.044900
v -0.151931 -0.219051 0.044482
v -0.150948 -0.219544 0.044977
v -0.154945 -0.224799 0.044001
v -0.158104 -0.230474 0.043487
v -0.160275 -0.236643 0.043505
v -0.157033 -0.231010 0.044025
v -0.159182 -0.237191 0.044044
v -0.153911 -0.225317 0.044523
v -0.152873 -0.225837 0.045033
v -0.161107 -0.236227 0.045164
v -0.155960 -0.231548 0.044557
v -0.158086 -0.237740 0.044576
v -0.154881 -0.232088 0.045077
v -0.156985 -0.238291 0.045094
v -0.141787 -0.187846 0.045096
v -0.141303 -0.188089 0.045181
v -0.140817 -0.188332 0.045252
v -0.140330 -0.188576 0.045311
v -0.139842 -0.188820 0.045353
v -0.139352 -0.189065 0.045378
v -0.139113 -0.189186 0.045071
v -0.138863 -0.189311 0.045389
v -0.138373 -0.189556 0.045386
v -0.138632 -0.189426 0.045176
v -0.138150 -0.189668 0.045273
v -0.137883 -0.189801 0.045368
v -0.144527 -0.193731 0.045175
v -0.143948 -0.194021 0.045352
v -0.146962 -0.199769 0.045359
v -0.149699 -0.205655 0.045291
v -0.143366 -0.194312 0.045513
v -0.142779 -0.194607 0.045646
v -0.146237 -0.200132 0.045637
v -0.142188 -0.194902 0.045762
v -0.145506 -0.200498 0.045895
v -0.141259 -0.195368 0.045301
v -0.141595 -0.195199 0.045863
v -0.141000 -0.195497 0.045943
v -0.140403 -0.195796 0.046004
v -0.144769 -0.200867 0.046132
v -0.148856 -0.206077 0.045700
v -0.147996 -0.206508 0.046059
v -0.144024 -0.201240 0.046334
v -0.147127 -0.206943 0.046394
v -0.140681 -0.195657 0.045480
v -0.140101 -0.195948 0.045648
v -0.143526 -0.201489 0.045435
v -0.139805 -0.196096 0.046047
v -0.139517 -0.196240 0.045804
v -0.139206 -0.196396 0.046073
v -0.142802 -0.201852 0.045718
v -0.142075 -0.202216 0.045989
v -0.138932 -0.196533 0.045950
v -0.138606 -0.196696 0.046080
v -0.141344 -0.202582 0.046247
v -0.145607 -0.207704 0.045551
v -0.144755 -0.208131 0.045934
v -0.143274 -0.201615 0.046515
v -0.142521 -0.201992 0.046677
v -0.141764 -0.202372 0.046812
v -0.140609 -0.202950 0.046491
v -0.141004 -0.202752 0.046922
v -0.140241 -0.203134 0.047011
v -0.146252 -0.207381 0.046705
v -0.145365 -0.207825 0.046974
v -0.143896 -0.208561 0.046297
v -0.144473 -0.208272 0.047219
v -0.139870 -0.203320 0.046721
v -0.139477 -0.203517 0.047078
v -0.139128 -0.203692 0.046937
v -0.138711 -0.203900 0.047120
v -0.143032 -0.208994 0.046646
v -0.142163 -0.209429 0.046980
v -0.143577 -0.208721 0.047440
v -0.142674 -0.209173 0.047631
v -0.141767 -0.209627 0.047791
v -0.141289 -0.209866 0.047298
v -0.140856 -0.210083 0.047926
v -0.151718 -0.211901 0.045447
v -0.150789 -0.212366 0.045908
v -0.153739 -0.218146 0.045545
v -0.152751 -0.218641 0.046029
v -0.149842 -0.212841 0.046315
v -0.155788 -0.224377 0.045630
v -0.148144 -0.213691 0.045358
v -0.147210 -0.214158 0.045804
v -0.149958 -0.220039 0.045457
v -0.148885 -0.213320 0.046695
v -0.147920 -0.213803 0.047049
v -0.151743 -0.219145 0.046457
v -0.150725 -0.219655 0.046856
v -0.148964 -0.220537 0.045924
v -0.146271 -0.214629 0.046235
v -0.145324 -0.215103 0.046645
v -0.147964 -0.221037 0.046376
v -0.146956 -0.221542 0.046804
v -0.154745 -0.224899 0.046129
v -0.157880 -0.230586 0.045687
v -0.160017 -0.236773 0.045710
v -0.153682 -0.225431 0.046569
v -0.156797 -0.231128 0.046195
v -0.152608 -0.225969 0.046979
v -0.155694 -0.231681 0.046644
v -0.158912 -0.237326 0.046217
v -0.151828 -0.226360 0.045526
v -0.150778 -0.226885 0.046007
v -0.153796 -0.232631 0.045579
v -0.155878 -0.238846 0.045595
v -0.157786 -0.237890 0.046665
v -0.146943 -0.214292 0.047358
v -0.149699 -0.220169 0.047227
v -0.145959 -0.214785 0.047640
v -0.144970 -0.215280 0.047896
v -0.144371 -0.215580 0.047039
v -0.148660 -0.220689 0.047550
v -0.147615 -0.221212 0.047845
v -0.143974 -0.215779 0.048118
v -0.146564 -0.221739 0.048113
v -0.151527 -0.226511 0.047359
v -0.154580 -0.232238 0.047060
v -0.150432 -0.227059 0.047690
v -0.153458 -0.232800 0.047447
v -0.156651 -0.238458 0.047080
v -0.155507 -0.239031 0.047464
v -0.140411 -0.210306 0.047597
v -0.139943 -0.210541 0.048034
v -0.139528 -0.210748 0.047881
v -0.139027 -0.210999 0.048113
v -0.152706 -0.233177 0.046067
v -0.149723 -0.227414 0.046470
v -0.148658 -0.227947 0.046908
v -0.151609 -0.233726 0.046537
v -0.154765 -0.239403 0.046081
v -0.153646 -0.239963 0.046549
v -0.150504 -0.234280 0.046981
v -0.143414 -0.216059 0.047417
v -0.142450 -0.216542 0.047776
v -0.145943 -0.222050 0.047216
v -0.144924 -0.222560 0.047610
v -0.142973 -0.216280 0.048306
v -0.141968 -0.216784 0.048467
v -0.141481 -0.217027 0.048115
v -0.140959 -0.217289 0.048599
v -0.145505 -0.222269 0.048344
v -0.144441 -0.222802 0.048541
v -0.140507 -0.217515 0.048437
v -0.139948 -0.217795 0.048698
v -0.143898 -0.223074 0.047984
v -0.143373 -0.223337 0.048707
v -0.142867 -0.223590 0.048337
v -0.141831 -0.224109 0.048671
v -0.152323 -0.233369 0.047782
v -0.147589 -0.228483 0.047330
v -0.154350 -0.239611 0.047797
v -0.149330 -0.227611 0.047990
v -0.148222 -0.228165 0.048261
v -0.151180 -0.233941 0.048086
v -0.147108 -0.228723 0.048496
v -0.150032 -0.234516 0.048359
v -0.153186 -0.240194 0.048098
v -0.146513 -0.229021 0.047732
v -0.149393 -0.234836 0.047408
v -0.152518 -0.240528 0.046990
v -0.151385 -0.241095 0.047413
v -0.148277 -0.235395 0.047814
v -0.145432 -0.229563 0.048113
v -0.145988 -0.229284 0.048693
v -0.148877 -0.235095 0.048595
v -0.144344 -0.230107 0.048472
v -0.152016 -0.240779 0.048368
v -0.147154 -0.235957 0.048199
v -0.150246 -0.241666 0.047816
v -0.150839 -0.241369 0.048600
v -0.146025 -0.236523 0.048560
v -0.149100 -0.242239 0.048196
v -0.147949 -0.242816 0.048552
v -0.168077 -0.239994 0.041420
v -0.167399 -0.240333 0.042462
v -0.166925 -0.240570 0.041523
v -0.165799 -0.241134 0.041969
v -0.170266 -0.246154 0.041547
v -0.169134 -0.246721 0.041642
v -0.172344 -0.252371 0.041790
v -0.169581 -0.246497 0.042554
v -0.168025 -0.247277 0.042068
v -0.164692 -0.241688 0.042476
v -0.171267 -0.252910 0.041864
v -0.166443 -0.240812 0.043263
v -0.171667 -0.252710 0.042725
v -0.168631 -0.246973 0.043323
v -0.170749 -0.253169 0.043430
v -0.174405 -0.258595 0.042034
v -0.173398 -0.259100 0.042091
v -0.176477 -0.264815 0.042318
v -0.173750 -0.258923 0.042888
v -0.165425 -0.241321 0.043963
v -0.167623 -0.247478 0.043995
v -0.164371 -0.241849 0.044594
v -0.163593 -0.242239 0.043001
v -0.166934 -0.247823 0.042552
v -0.170207 -0.253441 0.042248
v -0.165849 -0.248366 0.043053
v -0.169162 -0.253964 0.042684
v -0.172402 -0.259598 0.042430
v -0.168124 -0.254484 0.043136
v -0.171420 -0.260090 0.042818
v -0.175551 -0.265278 0.042351
v -0.175851 -0.265128 0.043078
v -0.172879 -0.259360 0.043524
v -0.174631 -0.265739 0.042638
v -0.170443 -0.260579 0.043219
v -0.173723 -0.266194 0.042968
v -0.162495 -0.242789 0.043529
v -0.169778 -0.253656 0.044043
v -0.164765 -0.248909 0.043556
v -0.163292 -0.242390 0.045169
v -0.166580 -0.248000 0.044597
v -0.168776 -0.254157 0.044589
v -0.165514 -0.248534 0.045145
v -0.161395 -0.243340 0.044052
v -0.163679 -0.249453 0.044054
v -0.167085 -0.255004 0.043589
v -0.160292 -0.243892 0.044569
v -0.159184 -0.244447 0.045071
v -0.162591 -0.249998 0.044545
v -0.166045 -0.255525 0.044037
v -0.171961 -0.259819 0.044073
v -0.175036 -0.265536 0.043634
v -0.174181 -0.265964 0.044111
v -0.171016 -0.260292 0.044562
v -0.167754 -0.254669 0.045085
v -0.173303 -0.266404 0.044532
v -0.170053 -0.260775 0.045002
v -0.169466 -0.261069 0.043620
v -0.172817 -0.266647 0.043310
v -0.171912 -0.267101 0.043651
v -0.168487 -0.261559 0.044017
v -0.171005 -0.267555 0.043988
v -0.165002 -0.256047 0.044478
v -0.172409 -0.266852 0.044909
v -0.167506 -0.262050 0.044406
v -0.178577 -0.271020 0.042578
v -0.177739 -0.271439 0.042592
v -0.177990 -0.271314 0.043243
v -0.176904 -0.271858 0.042830
v -0.180655 -0.277236 0.042887
v -0.179925 -0.277602 0.042875
v -0.180120 -0.277504 0.043439
v -0.179191 -0.277969 0.043054
v -0.182591 -0.283524 0.043164
v -0.176077 -0.272272 0.043106
v -0.182007 -0.283816 0.043138
v -0.177242 -0.271689 0.043721
v -0.176459 -0.272081 0.044128
v -0.179453 -0.277838 0.043826
v -0.182147 -0.283746 0.043586
v -0.175253 -0.272685 0.043392
v -0.174428 -0.273098 0.043677
v -0.173603 -0.273511 0.043958
v -0.178464 -0.278334 0.043265
v -0.181416 -0.284112 0.043261
v -0.178760 -0.278185 0.044149
v -0.181603 -0.284019 0.043873
v -0.177738 -0.278697 0.043484
v -0.180829 -0.284406 0.043410
v -0.177012 -0.279061 0.043702
v -0.180244 -0.284699 0.043564
v -0.175657 -0.272482 0.044484
v -0.174842 -0.272890 0.044801
v -0.178051 -0.278540 0.044429
v -0.181040 -0.284300 0.044110
v -0.180466 -0.284588 0.044312
v -0.177332 -0.278900 0.044674
v -0.176606 -0.279264 0.044891
v -0.179885 -0.284879 0.044486
v -0.179300 -0.285172 0.044638
v -0.184494 -0.289828 0.043335
v -0.184168 -0.289991 0.043633
v -0.184073 -0.290039 0.043315
v -0.183646 -0.290252 0.043401
v -0.183774 -0.290188 0.043834
v -0.183222 -0.290465 0.043504
v -0.182799 -0.290676 0.043611
v -0.179658 -0.284993 0.043717
v -0.183367 -0.290392 0.043999
v -0.182376 -0.290888 0.043716
v -0.185260 -0.291863 0.043370
v -0.184872 -0.292058 0.043351
v -0.184959 -0.292014 0.043642
v -0.185892 -0.293966 0.043424
v -0.185635 -0.294094 0.043652
v -0.184479 -0.292254 0.043430
v -0.184089 -0.292450 0.043523
v -0.185563 -0.294130 0.043408
v -0.185230 -0.294297 0.043474
v -0.186040 -0.296311 0.043545
v -0.185861 -0.296400 0.043537
v -0.185900 -0.296381 0.043669
v -0.183699 -0.292645 0.043620
v -0.184900 -0.294463 0.043552
v -0.185681 -0.296490 0.043572
v -0.184595 -0.292196 0.043825
v -0.184219 -0.292384 0.043976
v -0.185327 -0.294249 0.043806
v -0.185732 -0.296465 0.043752
v -0.185008 -0.294408 0.043933
v -0.183309 -0.292840 0.043716
v -0.184570 -0.294628 0.043633
v -0.185559 -0.296551 0.043820
v -0.185501 -0.296580 0.043614
v -0.185322 -0.296670 0.043658
v -0.184445 -0.297109 0.043894
v -0.184684 -0.294570 0.044039
v -0.185383 -0.296640 0.043877
v -0.182952 -0.290600 0.044139
v -0.182532 -0.290810 0.044260
v -0.183836 -0.292576 0.044104
v -0.183449 -0.292770 0.044213
v -0.184357 -0.294735 0.044131
v -0.162195 -0.242939 0.045699
v -0.164431 -0.249076 0.045649
v -0.166716 -0.255189 0.045539
v -0.161084 -0.243495 0.046191
v -0.159953 -0.244062 0.046624
v -0.163335 -0.249625 0.046117
v -0.165666 -0.255715 0.045958
v -0.162220 -0.250184 0.046526
v -0.164600 -0.256248 0.046321
v -0.169076 -0.261264 0.045404
v -0.168089 -0.261758 0.045773
v -0.171504 -0.267305 0.045250
v -0.170590 -0.267763 0.045561
v -0.158812 -0.244633 0.047023
v -0.174018 -0.273303 0.045085
v -0.173186 -0.273719 0.045343
v -0.161498 -0.250545 0.045021
v -0.163955 -0.256571 0.044905
v -0.170097 -0.268010 0.044317
v -0.166521 -0.262544 0.044782
v -0.169184 -0.268467 0.044634
v -0.165531 -0.263039 0.045141
v -0.168268 -0.268926 0.044935
v -0.176285 -0.279425 0.043916
v -0.175557 -0.279789 0.044123
v -0.179071 -0.285286 0.043866
v -0.172775 -0.273925 0.044232
v -0.171945 -0.274341 0.044494
v -0.171111 -0.274759 0.044741
v -0.174826 -0.280155 0.044320
v -0.178484 -0.285581 0.044010
v -0.178710 -0.285467 0.044770
v -0.175875 -0.279630 0.045084
v -0.177894 -0.285876 0.044145
v -0.174093 -0.280523 0.044504
v -0.177303 -0.286172 0.044270
v -0.173357 -0.280891 0.044678
v -0.170274 -0.275178 0.044977
v -0.169434 -0.275598 0.045198
v -0.172620 -0.281260 0.044838
v -0.176711 -0.286468 0.044386
v -0.171879 -0.281631 0.044981
v -0.176117 -0.286766 0.044492
v -0.171136 -0.282003 0.045111
v -0.175521 -0.287064 0.044583
v -0.181953 -0.291100 0.043819
v -0.181528 -0.291313 0.043918
v -0.182918 -0.293036 0.043809
v -0.182527 -0.293232 0.043899
v -0.181102 -0.291526 0.044010
v -0.182135 -0.293428 0.043983
v -0.184240 -0.294793 0.043713
v -0.183909 -0.294959 0.043791
v -0.185143 -0.296760 0.043701
v -0.184963 -0.296850 0.043743
v -0.183578 -0.295125 0.043866
v -0.184783 -0.296940 0.043783
v -0.185205 -0.296729 0.043926
v -0.185026 -0.296819 0.043968
v -0.184845 -0.296909 0.044005
v -0.181742 -0.293625 0.044059
v -0.183246 -0.295291 0.043936
v -0.184603 -0.297030 0.043820
v -0.184422 -0.297121 0.043854
v -0.184241 -0.297212 0.043885
v -0.184663 -0.297000 0.044033
v -0.184481 -0.297091 0.044056
v -0.184299 -0.297183 0.044074
v -0.182913 -0.295458 0.043999
v -0.184059 -0.297303 0.043913
v -0.184115 -0.297274 0.044084
v -0.182579 -0.295625 0.044058
v -0.183877 -0.297394 0.043936
v -0.183694 -0.297485 0.043957
v -0.183932 -0.297366 0.044090
v -0.182244 -0.295792 0.044111
v -0.183511 -0.297577 0.043974
v -0.183328 -0.297668 0.043987
v -0.183145 -0.297760 0.043996
v -0.183382 -0.297642 0.044075
v -0.183565 -0.297550 0.044086
v -0.183199 -0.297733 0.044059
v -0.182962 -0.297852 0.044001
v -0.181909 -0.295960 0.044155
v -0.183017 -0.297824 0.044039
v -0.182835 -0.297916 0.044013
v -0.182108 -0.291022 0.044364
v -0.178116 -0.285765 0.044874
v -0.181682 -0.291236 0.044455
v -0.181253 -0.291451 0.044525
v -0.180676 -0.291740 0.044094
v -0.180248 -0.291954 0.044173
v -0.179819 -0.292169 0.044244
v -0.180823 -0.291666 0.044582
v -0.177519 -0.286064 0.044960
v -0.180391 -0.291882 0.044629
v -0.176921 -0.286363 0.045031
v -0.179959 -0.292099 0.044657
v -0.183059 -0.292965 0.044308
v -0.182667 -0.293162 0.044390
v -0.182272 -0.293360 0.044454
v -0.184026 -0.294900 0.044210
v -0.183694 -0.295066 0.044279
v -0.183360 -0.295234 0.044331
v -0.183749 -0.297458 0.044091
v -0.183024 -0.295402 0.044374
v -0.182688 -0.295570 0.044408
v -0.181875 -0.293558 0.044505
v -0.181347 -0.293822 0.044130
v -0.180952 -0.294020 0.044194
v -0.179389 -0.292384 0.044304
v -0.180556 -0.294219 0.044248
v -0.182350 -0.295739 0.044428
v -0.181573 -0.296129 0.044194
v -0.182012 -0.295908 0.044439
v -0.181675 -0.296078 0.044442
v -0.181478 -0.293757 0.044547
v -0.181236 -0.296297 0.044226
v -0.181337 -0.296247 0.044434
v -0.180899 -0.296466 0.044251
v -0.180562 -0.296635 0.044269
v -0.180999 -0.296416 0.044415
v -0.180663 -0.296584 0.044387
v -0.181079 -0.293957 0.044572
v -0.180680 -0.294157 0.044586
v -0.179525 -0.292316 0.044674
v -0.174924 -0.287363 0.044664
v -0.178958 -0.292600 0.044357
v -0.176321 -0.286664 0.045077
v -0.179092 -0.292533 0.044679
v -0.175720 -0.286965 0.045106
v -0.174326 -0.287663 0.044734
v -0.178526 -0.292816 0.044402
v -0.178658 -0.292750 0.044672
v -0.175119 -0.287266 0.045120
v -0.170392 -0.282376 0.045227
v -0.173726 -0.287963 0.044791
v -0.178093 -0.293033 0.044437
v -0.178225 -0.292967 0.044650
v -0.174517 -0.287567 0.045115
v -0.177793 -0.293184 0.044616
v -0.173916 -0.287868 0.045091
v -0.173126 -0.288264 0.044836
v -0.177661 -0.293250 0.044464
v -0.172525 -0.288564 0.044868
v -0.177227 -0.293467 0.044481
v -0.173316 -0.288169 0.045050
v -0.177361 -0.293400 0.044571
v -0.180159 -0.294418 0.044295
v -0.179761 -0.294617 0.044335
v -0.179363 -0.294816 0.044366
v -0.180224 -0.296804 0.044281
v -0.180326 -0.296753 0.044350
v -0.179991 -0.296921 0.044303
v -0.179483 -0.294756 0.044560
v -0.178964 -0.295016 0.044389
v -0.179085 -0.294956 0.044529
v -0.180281 -0.294357 0.044590
v -0.179882 -0.294556 0.044582
v -0.178565 -0.295216 0.044403
v -0.176931 -0.293615 0.044513
v -0.178291 -0.295353 0.044431
v -0.178687 -0.295155 0.044486
v -0.172716 -0.288469 0.044993
v -0.172119 -0.288768 0.044918
v -0.158070 -0.245005 0.045555
v -0.160398 -0.251096 0.045479
v -0.156951 -0.245565 0.046025
v -0.159293 -0.251649 0.045923
v -0.162902 -0.257099 0.045314
v -0.155826 -0.246129 0.046476
v -0.161096 -0.250746 0.046902
v -0.163526 -0.256786 0.046654
v -0.158183 -0.252205 0.046348
v -0.161845 -0.257628 0.045709
v -0.154692 -0.246696 0.046900
v -0.157065 -0.252765 0.046747
v -0.160783 -0.258160 0.046086
v -0.169665 -0.268226 0.045825
v -0.164536 -0.263537 0.045486
v -0.167087 -0.262260 0.046091
v -0.166079 -0.262765 0.046379
v -0.168733 -0.268692 0.046062
v -0.167797 -0.269161 0.046275
v -0.165065 -0.263273 0.046641
v -0.167348 -0.269386 0.045224
v -0.163538 -0.264037 0.045815
v -0.166424 -0.269849 0.045496
v -0.162533 -0.264541 0.046119
v -0.165495 -0.270314 0.045746
v -0.159713 -0.258696 0.046438
v -0.166854 -0.269633 0.046447
v -0.164042 -0.263785 0.046859
v -0.165908 -0.270107 0.046593
v -0.157664 -0.245208 0.047392
v -0.156502 -0.245790 0.047710
v -0.159964 -0.251313 0.047249
v -0.162445 -0.257328 0.046958
v -0.158821 -0.251886 0.047545
v -0.153553 -0.247267 0.047305
v -0.161354 -0.257874 0.047215
v -0.160258 -0.258423 0.047441
v -0.157671 -0.252461 0.047810
v -0.155942 -0.253327 0.047127
v -0.155335 -0.246374 0.047995
v -0.154161 -0.246962 0.048251
v -0.152982 -0.247553 0.048468
v -0.156517 -0.253039 0.048045
v -0.159158 -0.258974 0.047639
v -0.163015 -0.264299 0.047048
v -0.161985 -0.264815 0.047211
v -0.164959 -0.270582 0.046715
v -0.158639 -0.259233 0.046772
v -0.161524 -0.265046 0.046407
v -0.164563 -0.270781 0.045981
v -0.160511 -0.265553 0.046676
v -0.163628 -0.271249 0.046198
v -0.159494 -0.266062 0.046925
v -0.162689 -0.271719 0.046397
v -0.158473 -0.266573 0.047152
v -0.161747 -0.272191 0.046575
v -0.152408 -0.247840 0.047690
v -0.154813 -0.253892 0.047486
v -0.157561 -0.259774 0.047086
v -0.153679 -0.254460 0.047823
v -0.151257 -0.248416 0.048052
v -0.150101 -0.248995 0.048390
v -0.158053 -0.259527 0.047802
v -0.155357 -0.253620 0.048243
v -0.154192 -0.254203 0.048401
v -0.151797 -0.248146 0.048645
v -0.156944 -0.260082 0.047928
v -0.152540 -0.255031 0.048136
v -0.156477 -0.260316 0.047378
v -0.148939 -0.249577 0.048705
v -0.155833 -0.260639 0.048023
v -0.153024 -0.254788 0.048529
v -0.151395 -0.255604 0.048428
v -0.155389 -0.260861 0.047648
v -0.154720 -0.261196 0.048088
v -0.151854 -0.255374 0.048623
v -0.154297 -0.261408 0.047896
v -0.150681 -0.255962 0.048680
v -0.153605 -0.261754 0.048118
v -0.160950 -0.265333 0.047341
v -0.164007 -0.271059 0.046808
v -0.163054 -0.271537 0.046868
v -0.162099 -0.272015 0.046903
v -0.159913 -0.265853 0.047437
v -0.158873 -0.266373 0.047504
v -0.161144 -0.272493 0.046911
v -0.157449 -0.267086 0.047359
v -0.160803 -0.272664 0.046735
v -0.157833 -0.266894 0.047543
v -0.160188 -0.272971 0.046889
v -0.156792 -0.267415 0.047549
v -0.172345 -0.274141 0.045558
v -0.171500 -0.274564 0.045748
v -0.175136 -0.280000 0.045241
v -0.174395 -0.280371 0.045375
v -0.173650 -0.280744 0.045491
v -0.170650 -0.274990 0.045917
v -0.168590 -0.276021 0.045399
v -0.172902 -0.281119 0.045576
v -0.172153 -0.281494 0.045639
v -0.169795 -0.275418 0.046049
v -0.167744 -0.276445 0.045586
v -0.171403 -0.281870 0.045684
v -0.170651 -0.282246 0.045705
v -0.168938 -0.275847 0.046158
v -0.168079 -0.276277 0.046244
v -0.166894 -0.276870 0.045756
v -0.169646 -0.282749 0.045328
v -0.168898 -0.283124 0.045413
v -0.166042 -0.277297 0.045910
v -0.169900 -0.282622 0.045701
v -0.169149 -0.282998 0.045678
v -0.168149 -0.283499 0.045483
v -0.167649 -0.283749 0.045566
v -0.165188 -0.277725 0.046045
v -0.164332 -0.278154 0.046163
v -0.168398 -0.283374 0.045633
v -0.167217 -0.276709 0.046304
v -0.166355 -0.277140 0.046335
v -0.165492 -0.277572 0.046343
v -0.164630 -0.278004 0.046328
v -0.163767 -0.278436 0.046285
v -0.142302 -0.223873 0.048843
v -0.141227 -0.224411 0.048945
v -0.144863 -0.229847 0.048859
v -0.143736 -0.230412 0.048992
v -0.147716 -0.235676 0.048792
v -0.146551 -0.236259 0.048957
v -0.149657 -0.241961 0.048792
v -0.143251 -0.230655 0.048810
v -0.142605 -0.230978 0.049090
v -0.145382 -0.236844 0.049089
v -0.144891 -0.237091 0.048900
v -0.144211 -0.237431 0.049184
v -0.148471 -0.242554 0.048952
v -0.147282 -0.243150 0.049078
v -0.146792 -0.243395 0.048886
v -0.146090 -0.243747 0.049167
v -0.150609 -0.248741 0.048790
v -0.149418 -0.249337 0.048901
v -0.148224 -0.249935 0.048975
v -0.103012 -0.055883 0.044918
v -0.102414 -0.056182 0.044993
v -0.098200 -0.051035 0.044513
v -0.097904 -0.051184 0.044481
v -0.102606 -0.056086 0.044868
v -0.097770 -0.051251 0.044571
v -0.097470 -0.051401 0.044464
v -0.102005 -0.056387 0.044836
v -0.101815 -0.056482 0.045050
v -0.096840 -0.049297 0.044431
v -0.094907 -0.047847 0.044281
v -0.096566 -0.049435 0.044403
v -0.095140 -0.047730 0.044303
v -0.096444 -0.049496 0.044486
v -0.094569 -0.048016 0.044269
v -0.096167 -0.049635 0.044389
v -0.094805 -0.047898 0.044350
v -0.096046 -0.049695 0.044529
v -0.095768 -0.049834 0.044366
v -0.097037 -0.051618 0.044437
v -0.097338 -0.051467 0.044616
v -0.096906 -0.051684 0.044650
v -0.092169 -0.046799 0.044001
v -0.092296 -0.046735 0.044013
v -0.094232 -0.048185 0.044251
v -0.094468 -0.048066 0.044387
v -0.093895 -0.048353 0.044226
v -0.095370 -0.050034 0.044335
v -0.095648 -0.049894 0.044560
v -0.094131 -0.048235 0.044415
v -0.091986 -0.046890 0.043996
v -0.092114 -0.046826 0.044039
v -0.091803 -0.046982 0.043987
v -0.091620 -0.047074 0.043974
v -0.093558 -0.048522 0.044194
v -0.093222 -0.048690 0.044155
v -0.094972 -0.050233 0.044295
v -0.094575 -0.050432 0.044248
v -0.091932 -0.046917 0.044059
v -0.096605 -0.051834 0.044402
v -0.096173 -0.052050 0.044357
v -0.095742 -0.052266 0.044304
v -0.095249 -0.050094 0.044582
v -0.093794 -0.048404 0.044434
v -0.094850 -0.050294 0.044590
v -0.093456 -0.048573 0.044442
v -0.094451 -0.050494 0.044586
v -0.096473 -0.051900 0.044672
v -0.096039 -0.052118 0.044679
v -0.095605 -0.052335 0.044674
v -0.101405 -0.056688 0.044791
v -0.100805 -0.056988 0.044734
v -0.101215 -0.056783 0.045091
v -0.100207 -0.057287 0.044664
v -0.100614 -0.057084 0.045115
v -0.104739 -0.062275 0.045227
v -0.099610 -0.057586 0.044583
v -0.103994 -0.062648 0.045111
v -0.095312 -0.052482 0.044244
v -0.099014 -0.057885 0.044492
v -0.094883 -0.052696 0.044173
v -0.098420 -0.058182 0.044386
v -0.100012 -0.057385 0.045120
v -0.099411 -0.057686 0.045106
v -0.098810 -0.057987 0.045077
v -0.095172 -0.052552 0.044657
v -0.103252 -0.063019 0.044981
v -0.102511 -0.063390 0.044838
v -0.090686 -0.047541 0.043894
v -0.091254 -0.047257 0.043936
v -0.091072 -0.047348 0.043913
v -0.091749 -0.047009 0.044075
v -0.091566 -0.047101 0.044086
v -0.091437 -0.047165 0.043957
v -0.092886 -0.048858 0.044111
v -0.090890 -0.047439 0.043885
v -0.092552 -0.049026 0.044058
v -0.092218 -0.049193 0.043999
v -0.090709 -0.047530 0.043854
v -0.091885 -0.049360 0.043936
v -0.093389 -0.051025 0.044059
v -0.090528 -0.047620 0.043820
v -0.091199 -0.047284 0.044090
v -0.091016 -0.047376 0.044084
v -0.090832 -0.047468 0.044074
v -0.090348 -0.047711 0.043783
v -0.091553 -0.049526 0.043866
v -0.090650 -0.047559 0.044056
v -0.090467 -0.047651 0.044033
v -0.090286 -0.047742 0.044005
v -0.092996 -0.051222 0.043983
v -0.091222 -0.049692 0.043791
v -0.092604 -0.051419 0.043899
v -0.090168 -0.047801 0.043743
v -0.089988 -0.047891 0.043701
v -0.089809 -0.047980 0.043658
v -0.089270 -0.048251 0.043537
v -0.089450 -0.048160 0.043572
v -0.090561 -0.050023 0.043633
v -0.090891 -0.049857 0.043713
v -0.089630 -0.048070 0.043614
v -0.089399 -0.048186 0.043752
v -0.089231 -0.048270 0.043669
v -0.092213 -0.051615 0.043809
v -0.091822 -0.051810 0.043716
v -0.089926 -0.047922 0.043926
v -0.089748 -0.048011 0.043877
v -0.090105 -0.047832 0.043968
v -0.089572 -0.048099 0.043820
v -0.090774 -0.049916 0.044131
v -0.090447 -0.050080 0.044039
v -0.094028 -0.053124 0.044010
v -0.093603 -0.053337 0.043918
v -0.093178 -0.053550 0.043819
v -0.091432 -0.052006 0.043620
v -0.092755 -0.053762 0.043716
v -0.096647 -0.059070 0.044010
v -0.096060 -0.059364 0.043866
v -0.095473 -0.059658 0.043717
v -0.099574 -0.064861 0.044123
v -0.098846 -0.065226 0.043916
v -0.094179 -0.050630 0.044194
v -0.093783 -0.050828 0.044130
v -0.091382 -0.047193 0.044091
v -0.093118 -0.048742 0.044439
v -0.092781 -0.048911 0.044428
v -0.092443 -0.049080 0.044408
v -0.092107 -0.049249 0.044374
v -0.093653 -0.050893 0.044547
v -0.093256 -0.051092 0.044505
v -0.094455 -0.052911 0.044094
v -0.094052 -0.050694 0.044572
v -0.094739 -0.052768 0.044629
v -0.094308 -0.052984 0.044582
v -0.093877 -0.053200 0.044525
v -0.091771 -0.049417 0.044331
v -0.091437 -0.049584 0.044279
v -0.092859 -0.051291 0.044454
v -0.092464 -0.051489 0.044390
v -0.091105 -0.049751 0.044210
v -0.091681 -0.051881 0.044213
v -0.092071 -0.051685 0.044308
v -0.093448 -0.053415 0.044455
v -0.093023 -0.053628 0.044364
v -0.092599 -0.053840 0.044260
v -0.097828 -0.058479 0.044270
v -0.097236 -0.058775 0.044145
v -0.101774 -0.063760 0.044678
v -0.101038 -0.064128 0.044504
v -0.100305 -0.064495 0.044320
v -0.098210 -0.058287 0.045031
v -0.097612 -0.058587 0.044960
v -0.097015 -0.058886 0.044874
v -0.095245 -0.059772 0.044486
v -0.096421 -0.059183 0.044770
v -0.095831 -0.059478 0.044638
v -0.099256 -0.065020 0.045084
v -0.098525 -0.065387 0.044891
v -0.105697 -0.069052 0.045198
v -0.104857 -0.069473 0.044977
v -0.104020 -0.069892 0.044741
v -0.098119 -0.065590 0.043702
v -0.101528 -0.071139 0.043958
v -0.103186 -0.070309 0.044494
v -0.102356 -0.070725 0.044232
v -0.105947 -0.076184 0.044634
v -0.106863 -0.075725 0.044935
v -0.105034 -0.076641 0.044317
v -0.104125 -0.077096 0.043988
v -0.109600 -0.081611 0.045141
v -0.108610 -0.082107 0.044782
v -0.107625 -0.082600 0.044406
v -0.106644 -0.083092 0.044017
v -0.110129 -0.088604 0.044478
v -0.111176 -0.088079 0.044905
v -0.113633 -0.094105 0.045021
v -0.112540 -0.094653 0.044545
v -0.115946 -0.100204 0.045071
v -0.107482 -0.060901 0.045566
v -0.106982 -0.061152 0.045483
v -0.106733 -0.061276 0.045633
v -0.106233 -0.061527 0.045413
v -0.105982 -0.061652 0.045678
v -0.105485 -0.061901 0.045328
v -0.105231 -0.062028 0.045701
v -0.111363 -0.066214 0.046285
v -0.110799 -0.066497 0.046163
v -0.110501 -0.066646 0.046328
v -0.109943 -0.066926 0.046045
v -0.114942 -0.071679 0.046889
v -0.114328 -0.071987 0.046735
v -0.113987 -0.072157 0.046911
v -0.113032 -0.072636 0.046903
v -0.109639 -0.067078 0.046343
v -0.113384 -0.072460 0.046575
v -0.109088 -0.067354 0.045910
v -0.108237 -0.067780 0.045756
v -0.104480 -0.062405 0.045705
v -0.107387 -0.068205 0.045586
v -0.106541 -0.068629 0.045399
v -0.110568 -0.073870 0.045981
v -0.108776 -0.067510 0.046335
v -0.107913 -0.067942 0.046304
v -0.107052 -0.068373 0.046244
v -0.112442 -0.072931 0.046397
v -0.111503 -0.073401 0.046198
v -0.112077 -0.073114 0.046868
v -0.111123 -0.073591 0.046808
v -0.110172 -0.074068 0.046715
v -0.103728 -0.062781 0.045684
v -0.102978 -0.063157 0.045639
v -0.102228 -0.063532 0.045576
v -0.101481 -0.063906 0.045491
v -0.100736 -0.064279 0.045375
v -0.099995 -0.064651 0.045241
v -0.105336 -0.069233 0.046049
v -0.104481 -0.069661 0.045917
v -0.109636 -0.074337 0.045746
v -0.108707 -0.074802 0.045496
v -0.107783 -0.075264 0.045224
v -0.106193 -0.068804 0.046158
v -0.109223 -0.074543 0.046593
v -0.108276 -0.075017 0.046447
v -0.107334 -0.075489 0.046275
v -0.103631 -0.070086 0.045748
v -0.102786 -0.070510 0.045558
v -0.101944 -0.070931 0.045343
v -0.101113 -0.071348 0.045085
v -0.105466 -0.076424 0.045825
v -0.104540 -0.076888 0.045561
v -0.103626 -0.077346 0.045250
v -0.106397 -0.075958 0.046062
v -0.116657 -0.078077 0.047152
v -0.115636 -0.078588 0.046925
v -0.114619 -0.079098 0.046676
v -0.113607 -0.079605 0.046407
v -0.112598 -0.080110 0.046119
v -0.116492 -0.085417 0.046772
v -0.115418 -0.085955 0.046438
v -0.118339 -0.077235 0.047549
v -0.117298 -0.077756 0.047543
v -0.117682 -0.077564 0.047359
v -0.120834 -0.083242 0.047896
v -0.116258 -0.078277 0.047504
v -0.115218 -0.078798 0.047437
v -0.119742 -0.083789 0.047648
v -0.118654 -0.084334 0.047378
v -0.121526 -0.082896 0.048118
v -0.120411 -0.083454 0.048088
v -0.119298 -0.084012 0.048023
v -0.123736 -0.089047 0.048428
v -0.124450 -0.088689 0.048680
v -0.123277 -0.089276 0.048623
v -0.118187 -0.084568 0.047928
v -0.122591 -0.089620 0.048136
v -0.122107 -0.089862 0.048529
v -0.114181 -0.079317 0.047341
v -0.117078 -0.085124 0.047802
v -0.113146 -0.079835 0.047211
v -0.117570 -0.084877 0.047086
v -0.115973 -0.085677 0.047639
v -0.121452 -0.090190 0.047823
v -0.120317 -0.090758 0.047486
v -0.119189 -0.091323 0.047127
v -0.119774 -0.091030 0.048243
v -0.120939 -0.090447 0.048401
v -0.118614 -0.091611 0.048045
v -0.126192 -0.095073 0.048705
v -0.125030 -0.095655 0.048390
v -0.122723 -0.096811 0.047690
v -0.121578 -0.097384 0.047305
v -0.124885 -0.102985 0.047816
v -0.123874 -0.096234 0.048052
v -0.123334 -0.096505 0.048645
v -0.122149 -0.097098 0.048468
v -0.120969 -0.097689 0.048251
v -0.126030 -0.102411 0.048196
v -0.127182 -0.101835 0.048552
v -0.111593 -0.080613 0.045815
v -0.110594 -0.081113 0.045486
v -0.114348 -0.086490 0.046086
v -0.113286 -0.087022 0.045709
v -0.111089 -0.080866 0.046859
v -0.110066 -0.081378 0.046641
v -0.118066 -0.091886 0.046747
v -0.116948 -0.092446 0.046348
v -0.112229 -0.087552 0.045314
v -0.107042 -0.082892 0.045773
v -0.114733 -0.093555 0.045479
v -0.115837 -0.093002 0.045923
v -0.109052 -0.081886 0.046379
v -0.108044 -0.082391 0.046091
v -0.111605 -0.087864 0.046654
v -0.110531 -0.088402 0.046321
v -0.109465 -0.088936 0.045958
v -0.112911 -0.094467 0.046526
v -0.120439 -0.097954 0.046900
v -0.119305 -0.098522 0.046476
v -0.118180 -0.099085 0.046025
v -0.121485 -0.104687 0.046549
v -0.122613 -0.104123 0.046990
v -0.117061 -0.099646 0.045555
v -0.119253 -0.105805 0.045595
v -0.120366 -0.105248 0.046081
v -0.114035 -0.093904 0.046902
v -0.115178 -0.100589 0.046624
v -0.112116 -0.080351 0.047048
v -0.114872 -0.086228 0.047441
v -0.113776 -0.086777 0.047215
v -0.112686 -0.087323 0.046958
v -0.116310 -0.092765 0.047545
v -0.117459 -0.092189 0.047810
v -0.115167 -0.093337 0.047249
v -0.123746 -0.103555 0.047413
v -0.119796 -0.098276 0.047995
v -0.118629 -0.098861 0.047710
v -0.123115 -0.103871 0.048368
v -0.124291 -0.103282 0.048600
v -0.120781 -0.105040 0.047797
v -0.121945 -0.104457 0.048098
v -0.117467 -0.099442 0.047392
v -0.116319 -0.100018 0.047023
v -0.119624 -0.105619 0.047464
v -0.118480 -0.106192 0.047080
v -0.093124 -0.060834 0.043138
v -0.092540 -0.061127 0.043164
v -0.095206 -0.067049 0.042875
v -0.095940 -0.066681 0.043054
v -0.098227 -0.072792 0.042830
v -0.099054 -0.072378 0.043106
v -0.101408 -0.078456 0.042968
v -0.094476 -0.067414 0.042887
v -0.097391 -0.073211 0.042592
v -0.096554 -0.073630 0.042578
v -0.095011 -0.067146 0.043439
v -0.097141 -0.073337 0.043243
v -0.099580 -0.079372 0.042351
v -0.100500 -0.078911 0.042638
v -0.098654 -0.079836 0.042318
v -0.099280 -0.079522 0.043078
v -0.089901 -0.050353 0.043474
v -0.090231 -0.050188 0.043552
v -0.091042 -0.052201 0.043523
v -0.089568 -0.050520 0.043408
v -0.089091 -0.048340 0.043545
v -0.089239 -0.050685 0.043424
v -0.090652 -0.052396 0.043430
v -0.090259 -0.052593 0.043351
v -0.091908 -0.054186 0.043504
v -0.092331 -0.053974 0.043611
v -0.091485 -0.054398 0.043401
v -0.091058 -0.054612 0.043315
v -0.089804 -0.050402 0.043806
v -0.089496 -0.050556 0.043652
v -0.090123 -0.050242 0.043933
v -0.090912 -0.052266 0.043976
v -0.090172 -0.052636 0.043642
v -0.090536 -0.052454 0.043825
v -0.090963 -0.054660 0.043633
v -0.091357 -0.054462 0.043834
v -0.091764 -0.054258 0.043999
v -0.089871 -0.052787 0.043370
v -0.090637 -0.054823 0.043335
v -0.094887 -0.059951 0.043564
v -0.094302 -0.060244 0.043410
v -0.093715 -0.060538 0.043261
v -0.097393 -0.065953 0.043484
v -0.093528 -0.060632 0.043873
v -0.094091 -0.060350 0.044110
v -0.092984 -0.060904 0.043586
v -0.096667 -0.066317 0.043265
v -0.095678 -0.066812 0.043826
v -0.091294 -0.052074 0.044104
v -0.092179 -0.054050 0.044139
v -0.094665 -0.060063 0.044312
v -0.097080 -0.066110 0.044429
v -0.097799 -0.065750 0.044674
v -0.096371 -0.066465 0.044149
v -0.099878 -0.071966 0.043392
v -0.100703 -0.071553 0.043677
v -0.097889 -0.072962 0.043721
v -0.098672 -0.072570 0.044128
v -0.103219 -0.077550 0.043651
v -0.102313 -0.078003 0.043310
v -0.100289 -0.071760 0.044801
v -0.099474 -0.072168 0.044484
v -0.100950 -0.078686 0.044111
v -0.101828 -0.078246 0.044532
v -0.102721 -0.077799 0.044909
v -0.100095 -0.079114 0.043634
v -0.101733 -0.085551 0.042091
v -0.103864 -0.091741 0.041864
v -0.104924 -0.091210 0.042248
v -0.107106 -0.097374 0.042068
v -0.102729 -0.085052 0.042430
v -0.103711 -0.084561 0.042818
v -0.105968 -0.090687 0.042684
v -0.104688 -0.084071 0.043219
v -0.107007 -0.090167 0.043136
v -0.100726 -0.086055 0.042034
v -0.101381 -0.085727 0.042888
v -0.103464 -0.091941 0.042725
v -0.102252 -0.085291 0.043524
v -0.109282 -0.096284 0.043053
v -0.108197 -0.096828 0.042552
v -0.111538 -0.102412 0.043001
v -0.110439 -0.102962 0.042476
v -0.112671 -0.109101 0.042422
v -0.113764 -0.108554 0.042962
v -0.105665 -0.083582 0.043620
v -0.109086 -0.089126 0.044037
v -0.108046 -0.089647 0.043589
v -0.110366 -0.095742 0.043556
v -0.111452 -0.095198 0.044054
v -0.104115 -0.084358 0.044562
v -0.105078 -0.083876 0.045002
v -0.107377 -0.089981 0.045085
v -0.106355 -0.090493 0.044589
v -0.103170 -0.084831 0.044073
v -0.104382 -0.091481 0.043430
v -0.105353 -0.090995 0.044043
v -0.106500 -0.097677 0.043323
v -0.108551 -0.096650 0.044597
v -0.107508 -0.097173 0.043995
v -0.113736 -0.101311 0.044052
v -0.112636 -0.101862 0.043529
v -0.115949 -0.107460 0.044044
v -0.114839 -0.100759 0.044569
v -0.118146 -0.106360 0.045094
v -0.117045 -0.106911 0.044576
v -0.114855 -0.108007 0.043505
v -0.109617 -0.096117 0.045145
v -0.110760 -0.102801 0.044594
v -0.109706 -0.103329 0.043963
v -0.111839 -0.102261 0.045169
v -0.112953 -0.108960 0.044573
v -0.102787 -0.092280 0.041790
v -0.105997 -0.097929 0.041642
v -0.104865 -0.098496 0.041547
v -0.105550 -0.098153 0.042554
v -0.108206 -0.104080 0.041523
v -0.109332 -0.103516 0.041969
v -0.107054 -0.104657 0.041420
v -0.107732 -0.104317 0.042462
v -0.111570 -0.109652 0.041903
v -0.110449 -0.110214 0.041445
v -0.108688 -0.103839 0.043263
v -0.109956 -0.110461 0.042392
v -0.110899 -0.109988 0.043210
v -0.109298 -0.110790 0.041336
v -0.111907 -0.109484 0.043927
v -0.106055 -0.083387 0.045404
v -0.108415 -0.089462 0.045539
v -0.110700 -0.095574 0.045649
v -0.111796 -0.095025 0.046117
v -0.114047 -0.101155 0.046191
v -0.112936 -0.101712 0.045699
v -0.115114 -0.107878 0.045710
v -0.116219 -0.107324 0.046217
v -0.117345 -0.106761 0.046665
v -0.114024 -0.108424 0.045164
v -0.129106 -0.108128 0.048560
v -0.126854 -0.109256 0.047814
v -0.127977 -0.108693 0.048199
v -0.130787 -0.114543 0.048472
v -0.129699 -0.115088 0.048113
v -0.121335 -0.112019 0.045579
v -0.122425 -0.111473 0.046067
v -0.123522 -0.110924 0.046537
v -0.124627 -0.110371 0.046981
v -0.124353 -0.117765 0.046007
v -0.125408 -0.117237 0.046470
v -0.126472 -0.116704 0.046908
v -0.127166 -0.123613 0.046376
v -0.128175 -0.123108 0.046804
v -0.125737 -0.109815 0.047408
v -0.127542 -0.116168 0.047330
v -0.128618 -0.115629 0.047732
v -0.130207 -0.122090 0.047610
v -0.125099 -0.110134 0.048359
v -0.123951 -0.110710 0.048086
v -0.126254 -0.109556 0.048595
v -0.126909 -0.116485 0.048261
v -0.132264 -0.121061 0.048337
v -0.133300 -0.120542 0.048671
v -0.131232 -0.121577 0.047984
v -0.128023 -0.115927 0.048496
v -0.129143 -0.115366 0.048693
v -0.129626 -0.122382 0.048344
v -0.121673 -0.111850 0.047447
v -0.122808 -0.111282 0.047782
v -0.123604 -0.118140 0.047359
v -0.129188 -0.122601 0.047216
v -0.124699 -0.117592 0.047690
v -0.125801 -0.117040 0.047990
v -0.128567 -0.122912 0.048113
v -0.127516 -0.123438 0.047845
v -0.126470 -0.123962 0.047550
v -0.134624 -0.127136 0.048437
v -0.132681 -0.128109 0.047776
v -0.133650 -0.127623 0.048115
v -0.131758 -0.121314 0.048707
v -0.133163 -0.127867 0.048467
v -0.132158 -0.128370 0.048306
v -0.136104 -0.133651 0.048113
v -0.135183 -0.126855 0.048698
v -0.135603 -0.133902 0.047881
v -0.135188 -0.134110 0.048034
v -0.134172 -0.127362 0.048599
v -0.131717 -0.128591 0.047417
v -0.130759 -0.129071 0.047039
v -0.129807 -0.129548 0.046645
v -0.132968 -0.135222 0.046980
v -0.133841 -0.134784 0.047298
v -0.134720 -0.134344 0.047597
v -0.131157 -0.128872 0.048118
v -0.130690 -0.121849 0.048541
v -0.130161 -0.129370 0.047896
v -0.134275 -0.134567 0.047926
v -0.133364 -0.135023 0.047791
v -0.132457 -0.135478 0.047631
v -0.135261 -0.141330 0.046721
v -0.136003 -0.140959 0.046937
v -0.136420 -0.140750 0.047120
v -0.135654 -0.141134 0.047078
v -0.134890 -0.141516 0.047011
v -0.115957 -0.114713 0.042945
v -0.120250 -0.112563 0.045077
v -0.119171 -0.113103 0.044557
v -0.122258 -0.118814 0.045033
v -0.121220 -0.119334 0.044523
v -0.118098 -0.113641 0.044025
v -0.117027 -0.114177 0.043487
v -0.120186 -0.119852 0.044001
v -0.119155 -0.120368 0.043474
v -0.122221 -0.126089 0.043975
v -0.121244 -0.126579 0.043464
v -0.115134 -0.115125 0.044552
v -0.123200 -0.125599 0.044482
v -0.124183 -0.125107 0.044977
v -0.126058 -0.131425 0.044900
v -0.125134 -0.131888 0.044428
v -0.124214 -0.132348 0.043946
v -0.127832 -0.137793 0.044749
v -0.126994 -0.138213 0.044330
v -0.113806 -0.115789 0.041889
v -0.112705 -0.116341 0.041434
v -0.116053 -0.121921 0.041911
v -0.114886 -0.115249 0.042407
v -0.117093 -0.121401 0.042417
v -0.118125 -0.120884 0.042943
v -0.113126 -0.116130 0.043192
v -0.112207 -0.116591 0.042377
v -0.120269 -0.127067 0.042950
v -0.119291 -0.127557 0.042441
v -0.111576 -0.116906 0.041329
v -0.114991 -0.122453 0.041467
v -0.113900 -0.122999 0.041368
v -0.118305 -0.128050 0.041953
v -0.117298 -0.128555 0.041525
v -0.116261 -0.129074 0.041429
v -0.114496 -0.122701 0.042390
v -0.116812 -0.128798 0.042411
v -0.115377 -0.122260 0.043187
v -0.117641 -0.128383 0.043180
v -0.121461 -0.133727 0.042488
v -0.122380 -0.133267 0.042971
v -0.124492 -0.139466 0.043038
v -0.120534 -0.134191 0.042025
v -0.119586 -0.134666 0.041620
v -0.118610 -0.135155 0.041535
v -0.119117 -0.134901 0.042466
v -0.121952 -0.140738 0.041847
v -0.122814 -0.140306 0.042201
v -0.119893 -0.134512 0.043197
v -0.123657 -0.139884 0.042610
v -0.121528 -0.140950 0.042628
v -0.122233 -0.140597 0.043285
v -0.114111 -0.115637 0.043907
v -0.116323 -0.121786 0.043886
v -0.116183 -0.114599 0.045142
v -0.117306 -0.121294 0.044518
v -0.118315 -0.120789 0.045096
v -0.119464 -0.127470 0.044467
v -0.120419 -0.126992 0.045027
v -0.118534 -0.127936 0.043856
v -0.123297 -0.132808 0.043460
v -0.126158 -0.138632 0.043902
v -0.125325 -0.139049 0.043471
v -0.121602 -0.133656 0.044421
v -0.122499 -0.133207 0.044954
v -0.120730 -0.134093 0.043840
v -0.122994 -0.140216 0.043861
v -0.123787 -0.139819 0.044379
v -0.124602 -0.139411 0.044853
v -0.130171 -0.143879 0.044826
v -0.128676 -0.137371 0.045155
v -0.125220 -0.146358 0.042507
v -0.124493 -0.146722 0.042236
v -0.126638 -0.145648 0.043162
v -0.125932 -0.146002 0.042826
v -0.128784 -0.151831 0.043298
v -0.127658 -0.152394 0.042835
v -0.128223 -0.152111 0.043060
v -0.130382 -0.158287 0.043219
v -0.127342 -0.145296 0.043502
v -0.128046 -0.144943 0.043842
v -0.128751 -0.144590 0.044178
v -0.130462 -0.150991 0.044024
v -0.129459 -0.144236 0.044507
v -0.130886 -0.143521 0.045136
v -0.132154 -0.150143 0.044704
v -0.131588 -0.150427 0.044484
v -0.131023 -0.150709 0.044258
v -0.132724 -0.149858 0.044915
v -0.134587 -0.156182 0.044699
v -0.133297 -0.149571 0.045113
v -0.134113 -0.156419 0.044559
v -0.135062 -0.155944 0.044831
v -0.133173 -0.156890 0.044251
v -0.133642 -0.156655 0.044409
v -0.129343 -0.151551 0.043541
v -0.129902 -0.151271 0.043783
v -0.124750 -0.146594 0.043441
v -0.125395 -0.146271 0.043904
v -0.127310 -0.152569 0.043593
v -0.132239 -0.157357 0.043918
v -0.132705 -0.157124 0.044088
v -0.131775 -0.157590 0.043744
v -0.131311 -0.157822 0.043568
v -0.130847 -0.158055 0.043392
v -0.127825 -0.152311 0.043934
v -0.126067 -0.145935 0.044318
v -0.126755 -0.145590 0.044694
v -0.127457 -0.145238 0.045039
v -0.128909 -0.151768 0.044508
v -0.128361 -0.152043 0.044236
v -0.129466 -0.151489 0.044755
v -0.130030 -0.151207 0.044982
v -0.131444 -0.157756 0.044568
v -0.131912 -0.157521 0.044730
v -0.130080 -0.158439 0.043960
v -0.130526 -0.158215 0.044187
v -0.130981 -0.157987 0.044388
v -0.135539 -0.155705 0.044956
v -0.133266 -0.164100 0.043580
v -0.132864 -0.157045 0.044987
v -0.132386 -0.157284 0.044866
v -0.123303 -0.118291 0.045526
v -0.126167 -0.124114 0.045924
v -0.125173 -0.124612 0.045457
v -0.118333 -0.113522 0.046195
v -0.119437 -0.112970 0.046644
v -0.117251 -0.114065 0.045687
v -0.119343 -0.120274 0.045630
v -0.120386 -0.119752 0.046129
v -0.121392 -0.126505 0.045545
v -0.121449 -0.119219 0.046569
v -0.122380 -0.126010 0.046029
v -0.122522 -0.118682 0.046979
v -0.123388 -0.125505 0.046457
v -0.127921 -0.130492 0.045804
v -0.126987 -0.130960 0.045358
v -0.128860 -0.130022 0.046235
v -0.131235 -0.136089 0.046297
v -0.132099 -0.135657 0.046646
v -0.130376 -0.136520 0.045934
v -0.129524 -0.136947 0.045551
v -0.124406 -0.124996 0.046856
v -0.125289 -0.131810 0.046315
v -0.126246 -0.131331 0.046695
v -0.124341 -0.132285 0.045908
v -0.127211 -0.130848 0.047049
v -0.128004 -0.137708 0.046394
v -0.128879 -0.137269 0.046705
v -0.127135 -0.138142 0.046059
v -0.120551 -0.112412 0.047060
v -0.125432 -0.124482 0.047227
v -0.128188 -0.130358 0.047358
v -0.129172 -0.129866 0.047640
v -0.130657 -0.136379 0.047219
v -0.131554 -0.135930 0.047440
v -0.129766 -0.136825 0.046974
v -0.123413 -0.132749 0.045447
v -0.125432 -0.138995 0.045291
v -0.126275 -0.138573 0.045700
v -0.133787 -0.142068 0.046247
v -0.136525 -0.147954 0.046080
v -0.136199 -0.148118 0.045950
v -0.135030 -0.148703 0.045648
v -0.134522 -0.141700 0.046491
v -0.133056 -0.142435 0.045989
v -0.135613 -0.148411 0.045804
v -0.135326 -0.148555 0.046047
v -0.134728 -0.148854 0.046004
v -0.134127 -0.141898 0.046922
v -0.135925 -0.148255 0.046073
v -0.131604 -0.143161 0.045435
v -0.132328 -0.142799 0.045718
v -0.133872 -0.149283 0.045301
v -0.134450 -0.148993 0.045480
v -0.137248 -0.154849 0.045368
v -0.136981 -0.154983 0.045273
v -0.136758 -0.155094 0.045386
v -0.136499 -0.155224 0.045176
v -0.136018 -0.155465 0.045071
v -0.135778 -0.155585 0.045378
v -0.136268 -0.155340 0.045389
v -0.134131 -0.149153 0.045943
v -0.135289 -0.155830 0.045353
v -0.131856 -0.143035 0.046515
v -0.131107 -0.143410 0.046334
v -0.133367 -0.142279 0.046812
v -0.133535 -0.149451 0.045863
v -0.132609 -0.142658 0.046677
v -0.130362 -0.143784 0.046132
v -0.129625 -0.144153 0.045895
v -0.132352 -0.150044 0.045646
v -0.132943 -0.149748 0.045762
v -0.128169 -0.144882 0.045359
v -0.128894 -0.144519 0.045637
v -0.131182 -0.150630 0.045352
v -0.130604 -0.150919 0.045175
v -0.131765 -0.150338 0.045513
v -0.134801 -0.156075 0.045311
v -0.133828 -0.156562 0.045181
v -0.134314 -0.156319 0.045252
v -0.133344 -0.156804 0.045096
v -0.126907 -0.094715 0.048975
v -0.125713 -0.095313 0.048901
v -0.124522 -0.095910 0.048790
v -0.129041 -0.100904 0.049167
v -0.128339 -0.101255 0.048886
v -0.127849 -0.101501 0.049078
v -0.126660 -0.102096 0.048952
v -0.125474 -0.102690 0.048792
v -0.130240 -0.107560 0.048900
v -0.130920 -0.107220 0.049184
v -0.129749 -0.107806 0.049089
v -0.131880 -0.113996 0.048810
v -0.128580 -0.108391 0.048957
v -0.132526 -0.113672 0.049090
v -0.131395 -0.114238 0.048992
v -0.127415 -0.108975 0.048792
v -0.130268 -0.114803 0.048859
v -0.133904 -0.120239 0.048945
v -0.132829 -0.120777 0.048843
v -0.121069 -0.141180 0.041786
v -0.123756 -0.147092 0.042214
v -0.124150 -0.146894 0.042909
v -0.127083 -0.152683 0.042649
v -0.126506 -0.152971 0.042662
v -0.126828 -0.152810 0.043194
v -0.129914 -0.158522 0.043059
v -0.129437 -0.158760 0.042931
v -0.128968 -0.158996 0.042968
v -0.132090 -0.164689 0.043155
v -0.131689 -0.164890 0.043050
v -0.131294 -0.165087 0.043085
v -0.129244 -0.158857 0.043393
v -0.129648 -0.158655 0.043701
v -0.132875 -0.164296 0.043433
v -0.132484 -0.164492 0.043289
v -0.131524 -0.164972 0.043444
v 0.142636 -0.162174 0.043683
v 0.144768 -0.163557 0.043683
v 0.137565 -0.172325 0.043683
v 0.140250 -0.161300 0.043683
v 0.132790 -0.162031 0.043683
v 0.130619 -0.163352 0.043683
v 0.131289 -0.163069 0.044536
v 0.135201 -0.161227 0.043683
v 0.137730 -0.160979 0.043683
v 0.132961 -0.162143 0.044959
v 0.133621 -0.161941 0.045102
v 0.133637 -0.161937 0.045107
v 0.133358 -0.162019 0.045025
v 0.133398 -0.162006 0.045032
v 0.132857 -0.162175 0.044940
v 0.132900 -0.162162 0.044947
v 0.131695 -0.162840 0.044652
v 0.131783 -0.162790 0.044677
v 0.132097 -0.162611 0.044760
v 0.132174 -0.162567 0.044780
v 0.132497 -0.162382 0.044858
v 0.131390 -0.163013 0.044566
v 0.132562 -0.162345 0.044874
v 0.130163 -0.163874 0.044135
v 0.130269 -0.163779 0.044180
v 0.129821 -0.164181 0.043988
v 0.129931 -0.164082 0.044037
v 0.129593 -0.164385 0.043887
v 0.129147 -0.164782 0.043683
v 0.129294 -0.164952 0.043683
v 0.130486 -0.166324 0.043683
v 0.129479 -0.164487 0.043835
v 0.129254 -0.164687 0.043733
v 0.130993 -0.163236 0.044447
v 0.130607 -0.163475 0.044318
v 0.130670 -0.163418 0.044343
v 0.130881 -0.163299 0.044411
v 0.130505 -0.163567 0.044276
v 0.142231 -0.162986 0.050892
v 0.144192 -0.164258 0.050892
v 0.140035 -0.162182 0.050892
v 0.137716 -0.161887 0.050892
v 0.135390 -0.162115 0.050892
v 0.131175 -0.164070 0.050892
v 0.129192 -0.164884 0.044520
v 0.129079 -0.164986 0.044473
v 0.129420 -0.164680 0.044615
v 0.129053 -0.165009 0.044461
v 0.129498 -0.165699 0.050892
v 0.128864 -0.165178 0.044372
v 0.133311 -0.162048 0.045128
v 0.133172 -0.162855 0.050892
v 0.133248 -0.162070 0.045132
v 0.133204 -0.162085 0.045135
v 0.132868 -0.162198 0.045146
v 0.132831 -0.162221 0.045147
v 0.132777 -0.162254 0.045148
v 0.132454 -0.162450 0.045146
v 0.132072 -0.162681 0.045134
v 0.131996 -0.162726 0.045131
v 0.132389 -0.162490 0.045145
v 0.131688 -0.162911 0.045109
v 0.131601 -0.162963 0.045102
v 0.131300 -0.163141 0.045069
v 0.131201 -0.163199 0.045058
v 0.130908 -0.163372 0.045017
v 0.130799 -0.163436 0.045002
v 0.130720 -0.163482 0.044988
v 0.130544 -0.163647 0.044952
v 0.130445 -0.163739 0.044931
v 0.130206 -0.163960 0.044866
v 0.129868 -0.164271 0.044766
v 0.129762 -0.164368 0.044733
v 0.130104 -0.164055 0.044838
v 0.129530 -0.164580 0.044653
v 0.141527 -0.167503 0.055698
v 0.140354 -0.166742 0.055698
v 0.139042 -0.166261 0.055698
v 0.137656 -0.166085 0.055698
v 0.136265 -0.166221 0.055698
v 0.134939 -0.166664 0.055698
v 0.133745 -0.167390 0.055698
v 0.137565 -0.172325 0.055698
v 0.132743 -0.168364 0.055698
v 0.127414 -0.167254 0.043683
v 0.127957 -0.166417 0.043683
v 0.129278 -0.167795 0.043683
v 0.126540 -0.169640 0.043683
v 0.126219 -0.172161 0.043683
v 0.126467 -0.174690 0.043683
v 0.127272 -0.177100 0.043683
v 0.128592 -0.179271 0.043683
v 0.130363 -0.181094 0.043683
v 0.128060 -0.166280 0.043779
v 0.127975 -0.166394 0.043703
v 0.128233 -0.166049 0.043934
v 0.128588 -0.165563 0.044195
v 0.128497 -0.165688 0.044135
v 0.128765 -0.165316 0.044314
v 0.128321 -0.165929 0.044001
v 0.128858 -0.165186 0.044369
v 0.128226 -0.167660 0.050892
v 0.127422 -0.169855 0.050892
v 0.127127 -0.172174 0.050892
v 0.127355 -0.174501 0.050892
v 0.128095 -0.176718 0.050892
v 0.129310 -0.178716 0.050892
v 0.130939 -0.180392 0.050892
v 0.131982 -0.169536 0.055698
v 0.131502 -0.170849 0.055698
v 0.131325 -0.172235 0.055698
v 0.131461 -0.173626 0.055698
v 0.131904 -0.174952 0.055698
v 0.132630 -0.176146 0.055698
v 0.133604 -0.177148 0.055698
v 0.146539 -0.165379 0.043683
v 0.147859 -0.167550 0.043683
v 0.148664 -0.169960 0.043683
v 0.148912 -0.172489 0.043683
v 0.148591 -0.175010 0.043683
v 0.147717 -0.177396 0.043683
v 0.145853 -0.176856 0.043683
v 0.144645 -0.178327 0.043683
v 0.147173 -0.178234 0.043683
v 0.145821 -0.165935 0.050892
v 0.147036 -0.167932 0.050892
v 0.147776 -0.170150 0.050892
v 0.148004 -0.172476 0.050892
v 0.147709 -0.174795 0.050892
v 0.146905 -0.176990 0.050892
v 0.145633 -0.178952 0.050892
v 0.147156 -0.178256 0.043703
v 0.147071 -0.178370 0.043779
v 0.146898 -0.178601 0.043934
v 0.146810 -0.178722 0.044001
v 0.146634 -0.178962 0.044135
v 0.146543 -0.179088 0.044195
v 0.146366 -0.179334 0.044314
v 0.146273 -0.179464 0.044369
v 0.146267 -0.179473 0.044372
v 0.142501 -0.168505 0.055698
v 0.143227 -0.169699 0.055698
v 0.143670 -0.171025 0.055698
v 0.143806 -0.172416 0.055698
v 0.143629 -0.173802 0.055698
v 0.143149 -0.175114 0.055698
v 0.142388 -0.176287 0.055698
v 0.144511 -0.181298 0.043683
v 0.142341 -0.182619 0.043683
v 0.145877 -0.179963 0.043733
v 0.145652 -0.180164 0.043835
v 0.145984 -0.179868 0.043683
v 0.145837 -0.179699 0.043683
v 0.145538 -0.180266 0.043887
v 0.145310 -0.180470 0.043988
v 0.145200 -0.180568 0.044037
v 0.144968 -0.180777 0.044135
v 0.144862 -0.180872 0.044180
v 0.144626 -0.181084 0.044276
v 0.144524 -0.181175 0.044318
v 0.144461 -0.181233 0.044343
v 0.144250 -0.181351 0.044411
v 0.144138 -0.181414 0.044447
v 0.143842 -0.181581 0.044536
v 0.139930 -0.183424 0.043683
v 0.137401 -0.183672 0.043683
v 0.134881 -0.183351 0.043683
v 0.143741 -0.181638 0.044566
v 0.143436 -0.181811 0.044652
v 0.143034 -0.182040 0.044760
v 0.142957 -0.182083 0.044780
v 0.142634 -0.182268 0.044858
v 0.143348 -0.181861 0.044677
v 0.142569 -0.182306 0.044874
v 0.142274 -0.182476 0.044940
v 0.142170 -0.182508 0.044959
v 0.142231 -0.182489 0.044947
v 0.141773 -0.182632 0.045025
v 0.141733 -0.182644 0.045032
v 0.141509 -0.182709 0.045102
v 0.141494 -0.182714 0.045107
v 0.132495 -0.182477 0.043683
v 0.146078 -0.179641 0.044461
v 0.143956 -0.180581 0.050892
v 0.146052 -0.179664 0.044473
v 0.145939 -0.179766 0.044520
v 0.145711 -0.179970 0.044615
v 0.139741 -0.182536 0.050892
v 0.145601 -0.180071 0.044653
v 0.145369 -0.180282 0.044733
v 0.145263 -0.180380 0.044766
v 0.145027 -0.180596 0.044838
v 0.144925 -0.180691 0.044866
v 0.144686 -0.180912 0.044931
v 0.144587 -0.181004 0.044952
v 0.144411 -0.181169 0.044988
v 0.144332 -0.181215 0.045002
v 0.144222 -0.181279 0.045017
v 0.143930 -0.181451 0.045058
v 0.141959 -0.181796 0.050892
v 0.143831 -0.181509 0.045069
v 0.143530 -0.181688 0.045102
v 0.143443 -0.181740 0.045109
v 0.143134 -0.181924 0.045131
v 0.143058 -0.181970 0.045134
v 0.142742 -0.182161 0.045145
v 0.142677 -0.182200 0.045146
v 0.142354 -0.182396 0.045148
v 0.142300 -0.182430 0.045147
v 0.142263 -0.182452 0.045146
v 0.141883 -0.182581 0.045132
v 0.141927 -0.182566 0.045135
v 0.141820 -0.182602 0.045128
v 0.137414 -0.182764 0.050892
v 0.135095 -0.182469 0.050892
v 0.132900 -0.181665 0.050892
v 0.141386 -0.177261 0.055698
v 0.140192 -0.177987 0.055698
v 0.138866 -0.178429 0.055698
v 0.137475 -0.178566 0.055698
v 0.136089 -0.178389 0.055698
v 0.134776 -0.177909 0.055698
v 0.150842 -0.181006 0.042968
v 0.145958 -0.176728 0.043050
v 0.146238 -0.176387 0.043085
v 0.150508 -0.181411 0.042931
v 0.145674 -0.177074 0.043155
v 0.150170 -0.181823 0.043059
v 0.159921 -0.190398 0.042236
v 0.165303 -0.194068 0.041786
v 0.164677 -0.194831 0.041847
v 0.160445 -0.189760 0.042214
v 0.164977 -0.194465 0.042628
v 0.155131 -0.186006 0.042649
v 0.155541 -0.185508 0.042662
v 0.154723 -0.186503 0.042835
v 0.155312 -0.185786 0.043194
v 0.149838 -0.182228 0.043219
v 0.160165 -0.190101 0.042909
v 0.164477 -0.195074 0.043285
v 0.146075 -0.176585 0.043444
v 0.150645 -0.181244 0.043393
v 0.145394 -0.177415 0.043289
v 0.145116 -0.177753 0.043433
v 0.144839 -0.178090 0.043580
v 0.149507 -0.182630 0.043392
v 0.150358 -0.181594 0.043701
v 0.150052 -0.181966 0.043960
v 0.149736 -0.182352 0.044187
v 0.149412 -0.182746 0.044388
v 0.154970 -0.186202 0.043593
v 0.159739 -0.190619 0.043441
v 0.154604 -0.186648 0.043934
v 0.170001 -0.198572 0.041535
v 0.169641 -0.199011 0.042466
v 0.159405 -0.191026 0.042507
v 0.164065 -0.195576 0.042201
v 0.154322 -0.186992 0.043060
v 0.158900 -0.191641 0.042826
v 0.153924 -0.187476 0.043298
v 0.163467 -0.196304 0.042610
v 0.158399 -0.192251 0.043162
v 0.162874 -0.197026 0.043038
v 0.149178 -0.183031 0.043568
v 0.148849 -0.183431 0.043744
v 0.148519 -0.183833 0.043918
v 0.148189 -0.184235 0.044088
v 0.149084 -0.183145 0.044568
v 0.148752 -0.183550 0.044730
v 0.148415 -0.183960 0.044866
v 0.147857 -0.184640 0.044251
v 0.147523 -0.185045 0.044409
v 0.148076 -0.184372 0.044987
v 0.147189 -0.185452 0.044559
v 0.146853 -0.185861 0.044699
v 0.146515 -0.186272 0.044831
v 0.146177 -0.186685 0.044956
v 0.153527 -0.187959 0.043541
v 0.159281 -0.191177 0.043904
v 0.153130 -0.188442 0.043783
v 0.152733 -0.188926 0.044024
v 0.157899 -0.192859 0.043502
v 0.157399 -0.193468 0.043842
v 0.163937 -0.195732 0.043861
v 0.154224 -0.187110 0.044236
v 0.153835 -0.187584 0.044508
v 0.158804 -0.191757 0.044318
v 0.153440 -0.188065 0.044755
v 0.158315 -0.192353 0.044694
v 0.152334 -0.189412 0.044258
v 0.153039 -0.188553 0.044982
v 0.157817 -0.192959 0.045039
v 0.163374 -0.196417 0.044379
v 0.162796 -0.197121 0.044853
v 0.162282 -0.197746 0.043471
v 0.156899 -0.194077 0.044178
v 0.161691 -0.198466 0.043902
v 0.151933 -0.189899 0.044484
v 0.156396 -0.194689 0.044507
v 0.151531 -0.190389 0.044704
v 0.151127 -0.190881 0.044915
v 0.150720 -0.191376 0.045113
v 0.155891 -0.195304 0.044826
v 0.155383 -0.195922 0.045136
v 0.161098 -0.199188 0.044330
v 0.160503 -0.199913 0.044749
v 0.159904 -0.200642 0.045155
v 0.169308 -0.199415 0.041620
v 0.168635 -0.200235 0.042025
v 0.174620 -0.203172 0.041429
v 0.173884 -0.204068 0.041525
v 0.174229 -0.203648 0.042411
v 0.173169 -0.204939 0.041953
v 0.167977 -0.201036 0.042488
v 0.169090 -0.199681 0.043197
v 0.173640 -0.204365 0.043180
v 0.172469 -0.205791 0.042441
v 0.167325 -0.201830 0.042971
v 0.171775 -0.206635 0.042950
v 0.179247 -0.207761 0.041368
v 0.178473 -0.208704 0.041467
v 0.178825 -0.208276 0.042390
v 0.183849 -0.212382 0.041329
v 0.183401 -0.212927 0.042377
v 0.177719 -0.209622 0.041911
v 0.183047 -0.213358 0.041434
v 0.188417 -0.217043 0.041336
v 0.187951 -0.217611 0.042392
v 0.187601 -0.218037 0.041445
v 0.178199 -0.209037 0.043187
v 0.182748 -0.213722 0.043192
v 0.187281 -0.218427 0.043210
v 0.182266 -0.214310 0.041889
v 0.176981 -0.210520 0.042417
v 0.186805 -0.219007 0.041903
v 0.181499 -0.215242 0.042407
v 0.176248 -0.211412 0.042943
v 0.171082 -0.207479 0.043464
v 0.180739 -0.216168 0.042945
v 0.175517 -0.212302 0.043474
v 0.186023 -0.219958 0.042422
v 0.168496 -0.200404 0.043840
v 0.173006 -0.205136 0.043856
v 0.167877 -0.201158 0.044421
v 0.167240 -0.201933 0.044954
v 0.172346 -0.205940 0.044467
v 0.166674 -0.202623 0.043460
v 0.166022 -0.203416 0.043946
v 0.170389 -0.208323 0.043975
v 0.165370 -0.204210 0.044428
v 0.171668 -0.206765 0.045027
v 0.177528 -0.209855 0.043886
v 0.182049 -0.214573 0.043907
v 0.186565 -0.219298 0.043927
v 0.176830 -0.210705 0.044518
v 0.181323 -0.215457 0.044552
v 0.176113 -0.211577 0.045096
v 0.180579 -0.216363 0.045142
v 0.185823 -0.220202 0.044573
v 0.185248 -0.220902 0.042962
v 0.164714 -0.205009 0.044900
v 0.169694 -0.209169 0.044482
v 0.168996 -0.210018 0.044977
v 0.174785 -0.213194 0.044001
v 0.179980 -0.217093 0.043487
v 0.184473 -0.221846 0.043505
v 0.179219 -0.218018 0.044025
v 0.183697 -0.222791 0.044044
v 0.174051 -0.214087 0.044523
v 0.173314 -0.214984 0.045033
v 0.185063 -0.221127 0.045164
v 0.178457 -0.218946 0.044557
v 0.182919 -0.223738 0.044576
v 0.177692 -0.219878 0.045077
v 0.182137 -0.224689 0.045094
v 0.147735 -0.184788 0.045096
v 0.147391 -0.185206 0.045181
v 0.147047 -0.185625 0.045252
v 0.146701 -0.186046 0.045311
v 0.146354 -0.186468 0.045353
v 0.146007 -0.186891 0.045378
v 0.145837 -0.187099 0.045071
v 0.145659 -0.187315 0.045389
v 0.145311 -0.187738 0.045386
v 0.145495 -0.187514 0.045176
v 0.145153 -0.187931 0.045273
v 0.144964 -0.188161 0.045368
v 0.152631 -0.189049 0.045175
v 0.152221 -0.189549 0.045352
v 0.157312 -0.193574 0.045359
v 0.162206 -0.197838 0.045291
v 0.151808 -0.190052 0.045513
v 0.151391 -0.190560 0.045646
v 0.156797 -0.194201 0.045637
v 0.150971 -0.191070 0.045762
v 0.156278 -0.194833 0.045895
v 0.150312 -0.191873 0.045301
v 0.150551 -0.191582 0.045863
v 0.150128 -0.192097 0.045943
v 0.149704 -0.192613 0.046004
v 0.155755 -0.195469 0.046132
v 0.161608 -0.198567 0.045700
v 0.160997 -0.199311 0.046059
v 0.155226 -0.196113 0.046334
v 0.160381 -0.200061 0.046394
v 0.149902 -0.192373 0.045480
v 0.149490 -0.192874 0.045648
v 0.154873 -0.196543 0.045435
v 0.149280 -0.193130 0.046047
v 0.149076 -0.193378 0.045804
v 0.148854 -0.193648 0.046073
v 0.154359 -0.197169 0.045718
v 0.153843 -0.197798 0.045989
v 0.148660 -0.193884 0.045950
v 0.148429 -0.194166 0.046080
v 0.153324 -0.198429 0.046247
v 0.159302 -0.201374 0.045551
v 0.158697 -0.202111 0.045934
v 0.154694 -0.196761 0.046515
v 0.154160 -0.197412 0.046677
v 0.153622 -0.198066 0.046812
v 0.152802 -0.199065 0.046491
v 0.153082 -0.198723 0.046922
v 0.152541 -0.199382 0.047011
v 0.159759 -0.200817 0.046705
v 0.159130 -0.201584 0.046974
v 0.158087 -0.202854 0.046297
v 0.158497 -0.202354 0.047219
v 0.152278 -0.199703 0.046721
v 0.151998 -0.200043 0.047078
v 0.151751 -0.200344 0.046937
v 0.151455 -0.200705 0.047120
v 0.157474 -0.203600 0.046646
v 0.156857 -0.204351 0.046980
v 0.157860 -0.203129 0.047440
v 0.157220 -0.203910 0.047631
v 0.156575 -0.204694 0.047791
v 0.156237 -0.205106 0.047298
v 0.155929 -0.205481 0.047926
v 0.166591 -0.202723 0.045447
v 0.165932 -0.203526 0.045908
v 0.170977 -0.207606 0.045545
v 0.170276 -0.208460 0.046029
v 0.165259 -0.204345 0.046315
v 0.175384 -0.212465 0.045630
v 0.164054 -0.205812 0.045358
v 0.163391 -0.206619 0.045804
v 0.168294 -0.210873 0.045457
v 0.164580 -0.205171 0.046695
v 0.163895 -0.206005 0.047049
v 0.169561 -0.209331 0.046457
v 0.168838 -0.210210 0.046856
v 0.167588 -0.211732 0.045924
v 0.162725 -0.207431 0.046235
v 0.162052 -0.208249 0.046645
v 0.166878 -0.212596 0.046376
v 0.166163 -0.213468 0.046804
v 0.174643 -0.213366 0.046129
v 0.179821 -0.217286 0.045687
v 0.184289 -0.222069 0.045710
v 0.173888 -0.214285 0.046569
v 0.179052 -0.218222 0.046195
v 0.173127 -0.215213 0.046979
v 0.178269 -0.219176 0.046644
v 0.183505 -0.223024 0.046217
v 0.172573 -0.215887 0.045526
v 0.171828 -0.216794 0.046007
v 0.176921 -0.220816 0.045579
v 0.181351 -0.225646 0.045595
v 0.182706 -0.223997 0.046665
v 0.163202 -0.206850 0.047358
v 0.168110 -0.211097 0.047227
v 0.162503 -0.207700 0.047640
v 0.161801 -0.208555 0.047896
v 0.161376 -0.209072 0.047039
v 0.167373 -0.211995 0.047550
v 0.166630 -0.212898 0.047845
v 0.161094 -0.209415 0.048118
v 0.165884 -0.213807 0.048113
v 0.172359 -0.216148 0.047359
v 0.177478 -0.220138 0.047060
v 0.171582 -0.217094 0.047690
v 0.176681 -0.221108 0.047447
v 0.181900 -0.224978 0.047080
v 0.181087 -0.225967 0.047464
v 0.155613 -0.205865 0.047597
v 0.155281 -0.206270 0.048034
v 0.154986 -0.206628 0.047881
v 0.154631 -0.207061 0.048113
v 0.176147 -0.221758 0.046067
v 0.171078 -0.217707 0.046470
v 0.175369 -0.222706 0.046537
v 0.170323 -0.218626 0.046908
v 0.180561 -0.226608 0.046081
v 0.179766 -0.227575 0.046549
v 0.174585 -0.223661 0.046981
v 0.160696 -0.209900 0.047417
v 0.160012 -0.210732 0.047776
v 0.165443 -0.214344 0.047216
v 0.164720 -0.215224 0.047610
v 0.160383 -0.210281 0.048306
v 0.159670 -0.211149 0.048467
v 0.159325 -0.211570 0.048115
v 0.158954 -0.212021 0.048599
v 0.165133 -0.214722 0.048344
v 0.164377 -0.215641 0.048541
v 0.158633 -0.212411 0.048437
v 0.158236 -0.212895 0.048698
v 0.163992 -0.216110 0.047984
v 0.163619 -0.216564 0.048707
v 0.163260 -0.217001 0.048337
v 0.162525 -0.217897 0.048671
v 0.175875 -0.222089 0.047782
v 0.169563 -0.219551 0.047330
v 0.180266 -0.226967 0.047797
v 0.170800 -0.218046 0.047990
v 0.170013 -0.219003 0.048261
v 0.175065 -0.223076 0.048086
v 0.169222 -0.219966 0.048496
v 0.174249 -0.224069 0.048359
v 0.179440 -0.227973 0.048098
v 0.168800 -0.220480 0.047732
v 0.173796 -0.224621 0.047408
v 0.178966 -0.228550 0.046990
v 0.178162 -0.229529 0.047413
v 0.173004 -0.225586 0.047814
v 0.168032 -0.221415 0.048113
v 0.168427 -0.220934 0.048693
v 0.173429 -0.225067 0.048595
v 0.167260 -0.222355 0.048472
v 0.178609 -0.228984 0.048368
v 0.172206 -0.226556 0.048199
v 0.177353 -0.230513 0.047816
v 0.177774 -0.230000 0.048600
v 0.171405 -0.227532 0.048560
v 0.176540 -0.231503 0.048196
v 0.175722 -0.232498 0.048552
v 0.192962 -0.221733 0.041420
v 0.192481 -0.222319 0.042462
v 0.192144 -0.222729 0.041523
v 0.191345 -0.223702 0.041969
v 0.197468 -0.226471 0.041547
v 0.196664 -0.227449 0.041642
v 0.201895 -0.231305 0.041790
v 0.196981 -0.227063 0.042554
v 0.195877 -0.228408 0.042068
v 0.190560 -0.224658 0.042476
v 0.201130 -0.232235 0.041864
v 0.191802 -0.223145 0.043263
v 0.201414 -0.231890 0.042725
v 0.196307 -0.227884 0.043323
v 0.200762 -0.232683 0.043430
v 0.206309 -0.236153 0.042034
v 0.205594 -0.237024 0.042091
v 0.210732 -0.240992 0.042318
v 0.205844 -0.236719 0.042888
v 0.191080 -0.224025 0.043963
v 0.195591 -0.228755 0.043995
v 0.190332 -0.224936 0.044594
v 0.189779 -0.225608 0.043001
v 0.195102 -0.229351 0.042552
v 0.200377 -0.233152 0.042248
v 0.194332 -0.230288 0.043053
v 0.199636 -0.234054 0.042684
v 0.204887 -0.237884 0.042430
v 0.198899 -0.234952 0.043136
v 0.204191 -0.238732 0.042818
v 0.210075 -0.241792 0.042351
v 0.210287 -0.241533 0.043078
v 0.205226 -0.237472 0.043524
v 0.209422 -0.242587 0.042638
v 0.203497 -0.239577 0.043219
v 0.208777 -0.243372 0.042968
v 0.189000 -0.226557 0.043529
v 0.200073 -0.233522 0.044043
v 0.193563 -0.231225 0.043556
v 0.189566 -0.225868 0.045169
v 0.194851 -0.229656 0.044597
v 0.199362 -0.234388 0.044589
v 0.194095 -0.230578 0.045145
v 0.188219 -0.227508 0.044052
v 0.192792 -0.232163 0.044054
v 0.198162 -0.235849 0.043589
v 0.187436 -0.228461 0.044569
v 0.186650 -0.229418 0.045071
v 0.192020 -0.233104 0.044545
v 0.197423 -0.236748 0.044037
v 0.204575 -0.238265 0.044073
v 0.209709 -0.242237 0.043634
v 0.209102 -0.242976 0.044111
v 0.203904 -0.239082 0.044562
v 0.198636 -0.235271 0.045085
v 0.208479 -0.243735 0.044532
v 0.203220 -0.239914 0.045002
v 0.202803 -0.240421 0.043620
v 0.208134 -0.244155 0.043310
v 0.207491 -0.244937 0.043651
v 0.202108 -0.241267 0.044017
v 0.206848 -0.245720 0.043988
v 0.196683 -0.237649 0.044478
v 0.207844 -0.244507 0.044909
v 0.201412 -0.242115 0.044406
v 0.215174 -0.245807 0.042578
v 0.214580 -0.246530 0.042592
v 0.214758 -0.246314 0.043243
v 0.213986 -0.247253 0.042830
v 0.219601 -0.250640 0.042887
v 0.219083 -0.251271 0.042875
v 0.219221 -0.251102 0.043439
v 0.218562 -0.251905 0.043054
v 0.223927 -0.255597 0.043164
v 0.213399 -0.247967 0.043106
v 0.223512 -0.256101 0.043138
v 0.214226 -0.246961 0.043721
v 0.213671 -0.247637 0.044128
v 0.218748 -0.251679 0.043826
v 0.223611 -0.255981 0.043586
v 0.212814 -0.248680 0.043392
v 0.212229 -0.249392 0.043677
v 0.211643 -0.250105 0.043958
v 0.218045 -0.252534 0.043265
v 0.223093 -0.256612 0.043261
v 0.218256 -0.252278 0.044149
v 0.223226 -0.256450 0.043873
v 0.217530 -0.253161 0.043484
v 0.222676 -0.257119 0.043410
v 0.217015 -0.253788 0.043702
v 0.222261 -0.257625 0.043564
v 0.213102 -0.248330 0.044484
v 0.212523 -0.249034 0.044801
v 0.217752 -0.252891 0.044429
v 0.222826 -0.256937 0.044110
v 0.222419 -0.257433 0.044312
v 0.217242 -0.253512 0.044674
v 0.216727 -0.254139 0.044891
v 0.222006 -0.257935 0.044486
v 0.221590 -0.258441 0.044638
v 0.228230 -0.260581 0.043335
v 0.227998 -0.260863 0.043633
v 0.227930 -0.260946 0.043315
v 0.227628 -0.261314 0.043401
v 0.227718 -0.261204 0.043834
v 0.227327 -0.261681 0.043504
v 0.227027 -0.262046 0.043611
v 0.221845 -0.258132 0.043717
v 0.227429 -0.261556 0.043999
v 0.226726 -0.262412 0.043716
v 0.229757 -0.262129 0.043370
v 0.229482 -0.262465 0.043351
v 0.229543 -0.262390 0.043642
v 0.231189 -0.263794 0.043424
v 0.231007 -0.264015 0.043652
v 0.229203 -0.262804 0.043430
v 0.228925 -0.263142 0.043523
v 0.230956 -0.264078 0.043408
v 0.230720 -0.264365 0.043474
v 0.232278 -0.265875 0.043545
v 0.232152 -0.266030 0.043537
v 0.232179 -0.265996 0.043669
v 0.230485 -0.264651 0.043552
v 0.228649 -0.263479 0.043620
v 0.232023 -0.266186 0.043572
v 0.229285 -0.262704 0.043825
v 0.229018 -0.263029 0.043976
v 0.230788 -0.264282 0.043806
v 0.232060 -0.266141 0.043752
v 0.230562 -0.264557 0.043933
v 0.230251 -0.264936 0.043633
v 0.228372 -0.263816 0.043716
v 0.231937 -0.266291 0.043820
v 0.231896 -0.266341 0.043614
v 0.231769 -0.266496 0.043658
v 0.231146 -0.267253 0.043894
v 0.230332 -0.264837 0.044039
v 0.231812 -0.266443 0.043877
v 0.227134 -0.261915 0.044139
v 0.226836 -0.262277 0.044260
v 0.228747 -0.263360 0.044104
v 0.228472 -0.263694 0.044213
v 0.230100 -0.265120 0.044131
v 0.188787 -0.226816 0.045699
v 0.193326 -0.231513 0.045649
v 0.197900 -0.236168 0.045539
v 0.187998 -0.227777 0.046191
v 0.187195 -0.228754 0.046624
v 0.192547 -0.232461 0.046117
v 0.197154 -0.237075 0.045958
v 0.191756 -0.233425 0.046526
v 0.196398 -0.237997 0.046321
v 0.202527 -0.240758 0.045404
v 0.201826 -0.241611 0.045773
v 0.207202 -0.245289 0.045250
v 0.206553 -0.246079 0.045561
v 0.186386 -0.229740 0.047023
v 0.211938 -0.249746 0.045085
v 0.211348 -0.250465 0.045343
v 0.191243 -0.234049 0.045021
v 0.195940 -0.238554 0.044905
v 0.206203 -0.246506 0.044317
v 0.200713 -0.242967 0.044782
v 0.205555 -0.247294 0.044634
v 0.200010 -0.243822 0.045141
v 0.204904 -0.248086 0.044935
v 0.216499 -0.254417 0.043916
v 0.221428 -0.258638 0.043866
v 0.215982 -0.255046 0.044123
v 0.211056 -0.250820 0.044232
v 0.210466 -0.251538 0.044494
v 0.209874 -0.252259 0.044741
v 0.221011 -0.259146 0.044010
v 0.215463 -0.255678 0.044320
v 0.216208 -0.254771 0.045084
v 0.221172 -0.258951 0.044770
v 0.220593 -0.259655 0.044145
v 0.214943 -0.256311 0.044504
v 0.220173 -0.260166 0.044270
v 0.214421 -0.256947 0.044678
v 0.209280 -0.252982 0.044977
v 0.213897 -0.257584 0.044838
v 0.208684 -0.253708 0.045198
v 0.219753 -0.260678 0.044386
v 0.219331 -0.261192 0.044492
v 0.213371 -0.258225 0.044981
v 0.218908 -0.261707 0.044583
v 0.212844 -0.258866 0.045111
v 0.226425 -0.262778 0.043819
v 0.226124 -0.263145 0.043918
v 0.228095 -0.264153 0.043809
v 0.227817 -0.264491 0.043899
v 0.225822 -0.263513 0.044010
v 0.227539 -0.264830 0.043983
v 0.230017 -0.265221 0.043713
v 0.229782 -0.265507 0.043791
v 0.231641 -0.266651 0.043701
v 0.231514 -0.266806 0.043743
v 0.231386 -0.266961 0.043783
v 0.229547 -0.265793 0.043866
v 0.231686 -0.266597 0.043926
v 0.231558 -0.266752 0.043968
v 0.231430 -0.266908 0.044005
v 0.229311 -0.266080 0.043936
v 0.227259 -0.265170 0.044059
v 0.231258 -0.267117 0.043820
v 0.231130 -0.267274 0.043854
v 0.231001 -0.267430 0.043885
v 0.231301 -0.267065 0.044033
v 0.231172 -0.267222 0.044056
v 0.231042 -0.267380 0.044074
v 0.229075 -0.266368 0.043999
v 0.230872 -0.267587 0.043913
v 0.230912 -0.267538 0.044084
v 0.228838 -0.266656 0.044058
v 0.230743 -0.267745 0.043936
v 0.230613 -0.267902 0.043957
v 0.230782 -0.267697 0.044090
v 0.228600 -0.266945 0.044111
v 0.230484 -0.268060 0.043974
v 0.230354 -0.268219 0.043987
v 0.230224 -0.268377 0.043996
v 0.230522 -0.268014 0.044086
v 0.230392 -0.268172 0.044075
v 0.230262 -0.268330 0.044059
v 0.230093 -0.268535 0.044001
v 0.228362 -0.267235 0.044155
v 0.230132 -0.268488 0.044039
v 0.230003 -0.268645 0.044013
v 0.226536 -0.262643 0.044364
v 0.220750 -0.259464 0.044874
v 0.226234 -0.263011 0.044455
v 0.225929 -0.263382 0.044525
v 0.225519 -0.263882 0.044094
v 0.225215 -0.264251 0.044173
v 0.224911 -0.264622 0.044244
v 0.225623 -0.263754 0.044582
v 0.220327 -0.259980 0.044960
v 0.225317 -0.264127 0.044629
v 0.219902 -0.260497 0.045031
v 0.225010 -0.264501 0.044657
v 0.228195 -0.264031 0.044308
v 0.227916 -0.264370 0.044390
v 0.227636 -0.264712 0.044454
v 0.229865 -0.265405 0.044210
v 0.229629 -0.265693 0.044279
v 0.229392 -0.265982 0.044331
v 0.230652 -0.267855 0.044091
v 0.229154 -0.266272 0.044374
v 0.228915 -0.266562 0.044408
v 0.227354 -0.265055 0.044505
v 0.226980 -0.265511 0.044130
v 0.226699 -0.265852 0.044194
v 0.224605 -0.264994 0.044304
v 0.226418 -0.266195 0.044248
v 0.228675 -0.266854 0.044428
v 0.228124 -0.267526 0.044194
v 0.228436 -0.267146 0.044439
v 0.228196 -0.267438 0.044442
v 0.227072 -0.265398 0.044547
v 0.227885 -0.267817 0.044226
v 0.227956 -0.267730 0.044434
v 0.227645 -0.268108 0.044251
v 0.227406 -0.268400 0.044269
v 0.227717 -0.268021 0.044415
v 0.227477 -0.268312 0.044387
v 0.226789 -0.265743 0.044572
v 0.226506 -0.266087 0.044586
v 0.224702 -0.264876 0.044674
v 0.218484 -0.262223 0.044664
v 0.224299 -0.265366 0.044357
v 0.219476 -0.261015 0.045077
v 0.219049 -0.261535 0.045106
v 0.224395 -0.265250 0.044679
v 0.218060 -0.262740 0.044734
v 0.223993 -0.265739 0.044402
v 0.218623 -0.262054 0.045120
v 0.224087 -0.265625 0.044672
v 0.212316 -0.259510 0.045227
v 0.223686 -0.266113 0.044437
v 0.217634 -0.263258 0.044791
v 0.218196 -0.262574 0.045115
v 0.223779 -0.265999 0.044650
v 0.217769 -0.263094 0.045091
v 0.223472 -0.266373 0.044616
v 0.217208 -0.263776 0.044836
v 0.223379 -0.266487 0.044464
v 0.223071 -0.266862 0.044481
v 0.216782 -0.264296 0.044868
v 0.217343 -0.263612 0.045050
v 0.223166 -0.266746 0.044571
v 0.226136 -0.266538 0.044295
v 0.225854 -0.266882 0.044335
v 0.225571 -0.267226 0.044366
v 0.227166 -0.268691 0.044281
v 0.227239 -0.268603 0.044350
v 0.227001 -0.268893 0.044303
v 0.225656 -0.267122 0.044560
v 0.225288 -0.267570 0.044389
v 0.225373 -0.267466 0.044529
v 0.226223 -0.266432 0.044590
v 0.225939 -0.266777 0.044582
v 0.225005 -0.267915 0.044403
v 0.222860 -0.267118 0.044513
v 0.224810 -0.268152 0.044431
v 0.225091 -0.267810 0.044486
v 0.216917 -0.264130 0.044993
v 0.216493 -0.264647 0.044918
v 0.185859 -0.230381 0.045555
v 0.190463 -0.234999 0.045479
v 0.185064 -0.231348 0.046025
v 0.189679 -0.235953 0.045923
v 0.195192 -0.239464 0.045314
v 0.184265 -0.232321 0.046476
v 0.190958 -0.234396 0.046902
v 0.195635 -0.238925 0.046654
v 0.188891 -0.236913 0.046348
v 0.194442 -0.240378 0.045709
v 0.183461 -0.233301 0.046900
v 0.188097 -0.237879 0.046747
v 0.193688 -0.241296 0.046086
v 0.205896 -0.246879 0.045825
v 0.199304 -0.244681 0.045486
v 0.201115 -0.242477 0.046091
v 0.200399 -0.243348 0.046379
v 0.205235 -0.247684 0.046062
v 0.204570 -0.248493 0.046275
v 0.199679 -0.244225 0.046641
v 0.204251 -0.248881 0.045224
v 0.198595 -0.245545 0.045815
v 0.203596 -0.249680 0.045496
v 0.197882 -0.246413 0.046119
v 0.202936 -0.250482 0.045746
v 0.192928 -0.242220 0.046438
v 0.203901 -0.249308 0.046447
v 0.198953 -0.245109 0.046859
v 0.203229 -0.250125 0.046593
v 0.185570 -0.230733 0.047392
v 0.184746 -0.231736 0.047710
v 0.190155 -0.235374 0.047249
v 0.194868 -0.239859 0.046958
v 0.189343 -0.236362 0.047545
v 0.182652 -0.234285 0.047305
v 0.194093 -0.240802 0.047215
v 0.188527 -0.237355 0.047810
v 0.193315 -0.241749 0.047441
v 0.187300 -0.238850 0.047127
v 0.183917 -0.232745 0.047995
v 0.183084 -0.233759 0.048251
v 0.182247 -0.234778 0.048468
v 0.187708 -0.238353 0.048045
v 0.192534 -0.242700 0.047639
v 0.198224 -0.245996 0.047048
v 0.197492 -0.246887 0.047211
v 0.202556 -0.250946 0.046715
v 0.192166 -0.243148 0.046772
v 0.197166 -0.247285 0.046407
v 0.202275 -0.251288 0.045981
v 0.196447 -0.248160 0.046676
v 0.201611 -0.252096 0.046198
v 0.195725 -0.249039 0.046925
v 0.200944 -0.252907 0.046397
v 0.195000 -0.249921 0.047152
v 0.200276 -0.253721 0.046575
v 0.181839 -0.235274 0.047690
v 0.186499 -0.239825 0.047486
v 0.191400 -0.244080 0.047086
v 0.185693 -0.240805 0.047823
v 0.181023 -0.236269 0.048052
v 0.180202 -0.237268 0.048390
v 0.186884 -0.239355 0.048243
v 0.191750 -0.243655 0.047802
v 0.186057 -0.240362 0.048401
v 0.181406 -0.235802 0.048645
v 0.190963 -0.244613 0.047928
v 0.190631 -0.245017 0.047378
v 0.184884 -0.241790 0.048136
v 0.179377 -0.238272 0.048705
v 0.190174 -0.245574 0.048023
v 0.185228 -0.241371 0.048529
v 0.189859 -0.245957 0.047648
v 0.184072 -0.242779 0.048428
v 0.189384 -0.246536 0.048088
v 0.184398 -0.242383 0.048623
v 0.189083 -0.246901 0.047896
v 0.183565 -0.243396 0.048680
v 0.188593 -0.247499 0.048118
v 0.196758 -0.247781 0.047341
v 0.201880 -0.251768 0.046808
v 0.201203 -0.252592 0.046868
v 0.196022 -0.248677 0.047437
v 0.200525 -0.253418 0.046903
v 0.195284 -0.249576 0.047504
v 0.199847 -0.254243 0.046911
v 0.199605 -0.254538 0.046735
v 0.194273 -0.250806 0.047359
v 0.194545 -0.250475 0.047543
v 0.199169 -0.255069 0.046889
v 0.193806 -0.251374 0.047549
v 0.210750 -0.251192 0.045558
v 0.210150 -0.251923 0.045748
v 0.215683 -0.255410 0.045241
v 0.215157 -0.256050 0.045375
v 0.214628 -0.256694 0.045491
v 0.209547 -0.252657 0.045917
v 0.208085 -0.254437 0.045399
v 0.214098 -0.257340 0.045576
v 0.208940 -0.253396 0.046049
v 0.213566 -0.257988 0.045639
v 0.207484 -0.255169 0.045586
v 0.213033 -0.258636 0.045684
v 0.212500 -0.259285 0.045705
v 0.208332 -0.254137 0.046158
v 0.207722 -0.254879 0.046244
v 0.206881 -0.255903 0.045756
v 0.211786 -0.260154 0.045328
v 0.211255 -0.260801 0.045413
v 0.206276 -0.256639 0.045910
v 0.211966 -0.259935 0.045701
v 0.211433 -0.260584 0.045678
v 0.210723 -0.261448 0.045483
v 0.210368 -0.261880 0.045566
v 0.205670 -0.257377 0.046045
v 0.205062 -0.258117 0.046163
v 0.210900 -0.261233 0.045633
v 0.207110 -0.255624 0.046304
v 0.206498 -0.256369 0.046335
v 0.205886 -0.257114 0.046343
v 0.205273 -0.257860 0.046328
v 0.204661 -0.258605 0.046285
v 0.162859 -0.217490 0.048843
v 0.162096 -0.218419 0.048945
v 0.167629 -0.221906 0.048859
v 0.166828 -0.222881 0.048992
v 0.172605 -0.226071 0.048792
v 0.171778 -0.227077 0.048957
v 0.176935 -0.231022 0.048792
v 0.166484 -0.223300 0.048810
v 0.166026 -0.223858 0.049090
v 0.170949 -0.228087 0.049089
v 0.170600 -0.228512 0.048900
v 0.170117 -0.229099 0.049184
v 0.176093 -0.232047 0.048952
v 0.175249 -0.233075 0.049078
v 0.174901 -0.233498 0.048886
v 0.174403 -0.234105 0.049167
v 0.180562 -0.236829 0.048790
v 0.179717 -0.237859 0.048901
v 0.178869 -0.238890 0.048975
v 0.058638 -0.080004 0.044918
v 0.052270 -0.077533 0.044513
v 0.058214 -0.080520 0.044993
v 0.058349 -0.080355 0.044868
v 0.052060 -0.077789 0.044481
v 0.051965 -0.077905 0.044571
v 0.057923 -0.080874 0.044836
v 0.051752 -0.078163 0.044464
v 0.057788 -0.081038 0.045050
v 0.050321 -0.076498 0.044431
v 0.050126 -0.076735 0.044403
v 0.047965 -0.075959 0.044281
v 0.048130 -0.075758 0.044303
v 0.050040 -0.076841 0.044486
v 0.047725 -0.076251 0.044269
v 0.049843 -0.077080 0.044389
v 0.047892 -0.076048 0.044350
v 0.049758 -0.077184 0.044529
v 0.049560 -0.077425 0.044366
v 0.051445 -0.078538 0.044437
v 0.051658 -0.078278 0.044616
v 0.051351 -0.078651 0.044650
v 0.045038 -0.076115 0.044001
v 0.045128 -0.076006 0.044013
v 0.047486 -0.076543 0.044251
v 0.047654 -0.076338 0.044387
v 0.047246 -0.076834 0.044226
v 0.049277 -0.077769 0.044335
v 0.047414 -0.076629 0.044415
v 0.049475 -0.077528 0.044560
v 0.044907 -0.076274 0.043996
v 0.044998 -0.076163 0.044039
v 0.044777 -0.076432 0.043987
v 0.044647 -0.076590 0.043974
v 0.047007 -0.077125 0.044194
v 0.048995 -0.078113 0.044295
v 0.046769 -0.077415 0.044155
v 0.048713 -0.078456 0.044248
v 0.044869 -0.076320 0.044059
v 0.051138 -0.078911 0.044402
v 0.050832 -0.079284 0.044357
v 0.050526 -0.079657 0.044304
v 0.049192 -0.077873 0.044582
v 0.047175 -0.076921 0.044434
v 0.048908 -0.078218 0.044590
v 0.046935 -0.077213 0.044442
v 0.048625 -0.078563 0.044586
v 0.051044 -0.079026 0.044672
v 0.050736 -0.079400 0.044679
v 0.050429 -0.079775 0.044674
v 0.057497 -0.081393 0.044791
v 0.057071 -0.081911 0.044734
v 0.057362 -0.081557 0.045091
v 0.056647 -0.082428 0.044664
v 0.056935 -0.082076 0.045115
v 0.062815 -0.085141 0.045227
v 0.062287 -0.085784 0.045111
v 0.056223 -0.082944 0.044583
v 0.050220 -0.080029 0.044244
v 0.055800 -0.083459 0.044492
v 0.049916 -0.080399 0.044173
v 0.055378 -0.083972 0.044386
v 0.056508 -0.082596 0.045120
v 0.056081 -0.083116 0.045106
v 0.050121 -0.080149 0.044657
v 0.055655 -0.083635 0.045077
v 0.061760 -0.086426 0.044981
v 0.061234 -0.087066 0.044838
v 0.043985 -0.077397 0.043894
v 0.044388 -0.076906 0.043936
v 0.044259 -0.077063 0.043913
v 0.044739 -0.076478 0.044075
v 0.044609 -0.076637 0.044086
v 0.044518 -0.076748 0.043957
v 0.046531 -0.077705 0.044111
v 0.044130 -0.077220 0.043885
v 0.046293 -0.077994 0.044058
v 0.046056 -0.078283 0.043999
v 0.044001 -0.077377 0.043854
v 0.047871 -0.079480 0.044059
v 0.045820 -0.078571 0.043936
v 0.043873 -0.077533 0.043820
v 0.044349 -0.076954 0.044090
v 0.044219 -0.077112 0.044084
v 0.044089 -0.077270 0.044074
v 0.043745 -0.077689 0.043783
v 0.045584 -0.078857 0.043866
v 0.043959 -0.077428 0.044056
v 0.043830 -0.077586 0.044033
v 0.043701 -0.077743 0.044005
v 0.047592 -0.079820 0.043983
v 0.047314 -0.080159 0.043899
v 0.045349 -0.079144 0.043791
v 0.043617 -0.077845 0.043743
v 0.043489 -0.078000 0.043701
v 0.043362 -0.078155 0.043658
v 0.043107 -0.078465 0.043572
v 0.042979 -0.078621 0.043537
v 0.045114 -0.079429 0.043713
v 0.044880 -0.079715 0.043633
v 0.043235 -0.078310 0.043614
v 0.042952 -0.078654 0.043669
v 0.043071 -0.078509 0.043752
v 0.047036 -0.080497 0.043809
v 0.046759 -0.080835 0.043716
v 0.043319 -0.078208 0.043877
v 0.043445 -0.078054 0.043926
v 0.043572 -0.077899 0.043968
v 0.043194 -0.078360 0.043820
v 0.045031 -0.079531 0.044131
v 0.044799 -0.079814 0.044039
v 0.049309 -0.081138 0.044010
v 0.049007 -0.081506 0.043918
v 0.048706 -0.081873 0.043819
v 0.048405 -0.082239 0.043716
v 0.046482 -0.081172 0.043620
v 0.054120 -0.085504 0.044010
v 0.053703 -0.086012 0.043866
v 0.053286 -0.086519 0.043717
v 0.059149 -0.089604 0.044123
v 0.058632 -0.090234 0.043916
v 0.048432 -0.078798 0.044194
v 0.048151 -0.079140 0.044130
v 0.044479 -0.076795 0.044091
v 0.046695 -0.077505 0.044439
v 0.046456 -0.077797 0.044428
v 0.046216 -0.078088 0.044408
v 0.045977 -0.078379 0.044374
v 0.048059 -0.079252 0.044547
v 0.047777 -0.079596 0.044505
v 0.049612 -0.080769 0.044094
v 0.048342 -0.078908 0.044572
v 0.049814 -0.080523 0.044629
v 0.049507 -0.080896 0.044582
v 0.049202 -0.081268 0.044525
v 0.045739 -0.078669 0.044331
v 0.045502 -0.078958 0.044279
v 0.047495 -0.079939 0.044454
v 0.047215 -0.080280 0.044390
v 0.045266 -0.079245 0.044210
v 0.046659 -0.080956 0.044213
v 0.046936 -0.080619 0.044308
v 0.048897 -0.081639 0.044455
v 0.048595 -0.082007 0.044364
v 0.048295 -0.082373 0.044260
v 0.054958 -0.084484 0.044270
v 0.054538 -0.084995 0.044145
v 0.060710 -0.087704 0.044678
v 0.060188 -0.088339 0.044504
v 0.059668 -0.088973 0.044320
v 0.055229 -0.084154 0.045031
v 0.054804 -0.084671 0.044960
v 0.054381 -0.085186 0.044874
v 0.053125 -0.086716 0.044486
v 0.053959 -0.085700 0.044770
v 0.053541 -0.086209 0.044638
v 0.058923 -0.089879 0.045084
v 0.058404 -0.090511 0.044891
v 0.066447 -0.090943 0.045198
v 0.065851 -0.091669 0.044977
v 0.065257 -0.092392 0.044741
v 0.058116 -0.090862 0.043702
v 0.063488 -0.094545 0.043958
v 0.064665 -0.093112 0.044494
v 0.064075 -0.093830 0.044232
v 0.069576 -0.097356 0.044634
v 0.070227 -0.096564 0.044935
v 0.068928 -0.098145 0.044317
v 0.068283 -0.098930 0.043988
v 0.075121 -0.100828 0.045141
v 0.074418 -0.101684 0.044782
v 0.073719 -0.102535 0.044406
v 0.078448 -0.107001 0.044478
v 0.073022 -0.103383 0.044017
v 0.079191 -0.106096 0.044905
v 0.083888 -0.110602 0.045021
v 0.083111 -0.111547 0.044545
v 0.088481 -0.115232 0.045071
v 0.064763 -0.082770 0.045566
v 0.064407 -0.083203 0.045483
v 0.064231 -0.083418 0.045633
v 0.063876 -0.083850 0.045413
v 0.063698 -0.084066 0.045678
v 0.063345 -0.084496 0.045328
v 0.063165 -0.084716 0.045701
v 0.070470 -0.086045 0.046285
v 0.070069 -0.086533 0.046163
v 0.069858 -0.086790 0.046328
v 0.069461 -0.087273 0.046045
v 0.075962 -0.089582 0.046889
v 0.075526 -0.090113 0.046735
v 0.075284 -0.090407 0.046911
v 0.069245 -0.087536 0.046343
v 0.074606 -0.091233 0.046903
v 0.074855 -0.090929 0.046575
v 0.068855 -0.088012 0.045910
v 0.068250 -0.088748 0.045756
v 0.062631 -0.085365 0.045705
v 0.067647 -0.089482 0.045586
v 0.072856 -0.093363 0.045981
v 0.067046 -0.090213 0.045399
v 0.068633 -0.088282 0.046335
v 0.068021 -0.089027 0.046304
v 0.067409 -0.089771 0.046244
v 0.074187 -0.091743 0.046397
v 0.073520 -0.092554 0.046198
v 0.073928 -0.092058 0.046868
v 0.073251 -0.092882 0.046808
v 0.072575 -0.093705 0.046715
v 0.062098 -0.086014 0.045684
v 0.061565 -0.086663 0.045639
v 0.061033 -0.087310 0.045576
v 0.060502 -0.087957 0.045491
v 0.059974 -0.088600 0.045375
v 0.059447 -0.089241 0.045241
v 0.066191 -0.091255 0.046049
v 0.065584 -0.091993 0.045917
v 0.072195 -0.094168 0.045746
v 0.071535 -0.094971 0.045496
v 0.070880 -0.095769 0.045224
v 0.066799 -0.090514 0.046158
v 0.071902 -0.094525 0.046593
v 0.071230 -0.095343 0.046447
v 0.070561 -0.096158 0.046275
v 0.064981 -0.092728 0.045748
v 0.064380 -0.093458 0.045558
v 0.063783 -0.094185 0.045343
v 0.063193 -0.094904 0.045085
v 0.069235 -0.097772 0.045825
v 0.068578 -0.098571 0.045561
v 0.067929 -0.099361 0.045250
v 0.069896 -0.096967 0.046062
v 0.080131 -0.094729 0.047152
v 0.079406 -0.095612 0.046925
v 0.078684 -0.096491 0.046676
v 0.077965 -0.097366 0.046407
v 0.077249 -0.098238 0.046119
v 0.082965 -0.101502 0.046772
v 0.082202 -0.102430 0.046438
v 0.081325 -0.093276 0.047549
v 0.080586 -0.094176 0.047543
v 0.080858 -0.093844 0.047359
v 0.086048 -0.097749 0.047896
v 0.079847 -0.095075 0.047504
v 0.079109 -0.095973 0.047437
v 0.085272 -0.098693 0.047648
v 0.084500 -0.099634 0.047378
v 0.086538 -0.097152 0.048118
v 0.085747 -0.098115 0.048088
v 0.084957 -0.099077 0.048023
v 0.091059 -0.101872 0.048428
v 0.091566 -0.101254 0.048680
v 0.090733 -0.102268 0.048623
v 0.084168 -0.100037 0.047928
v 0.090246 -0.102860 0.048136
v 0.089902 -0.103279 0.048529
v 0.078373 -0.096870 0.047341
v 0.083381 -0.100996 0.047802
v 0.077639 -0.097764 0.047211
v 0.083731 -0.100570 0.047086
v 0.082597 -0.101951 0.047639
v 0.089437 -0.103845 0.047823
v 0.088632 -0.104825 0.047486
v 0.087831 -0.105801 0.047127
v 0.088247 -0.105295 0.048243
v 0.089073 -0.104288 0.048401
v 0.087423 -0.106298 0.048045
v 0.095754 -0.106378 0.048705
v 0.094929 -0.107382 0.048390
v 0.093291 -0.109376 0.047690
v 0.092479 -0.110366 0.047305
v 0.097778 -0.114137 0.047816
v 0.094108 -0.108382 0.048052
v 0.092884 -0.109872 0.048468
v 0.093725 -0.108848 0.048645
v 0.092047 -0.110891 0.048251
v 0.098591 -0.113147 0.048196
v 0.099408 -0.112152 0.048552
v 0.076536 -0.099106 0.045815
v 0.075827 -0.099969 0.045486
v 0.081443 -0.103355 0.046086
v 0.080689 -0.104273 0.045709
v 0.076178 -0.099542 0.046859
v 0.075452 -0.100426 0.046641
v 0.087034 -0.106771 0.046747
v 0.086240 -0.107738 0.046348
v 0.079939 -0.105186 0.045314
v 0.073305 -0.103039 0.045773
v 0.084668 -0.109651 0.045479
v 0.085452 -0.108697 0.045923
v 0.074732 -0.101302 0.046379
v 0.074016 -0.102174 0.046091
v 0.079496 -0.105725 0.046654
v 0.078733 -0.106654 0.046321
v 0.077977 -0.107575 0.045958
v 0.083375 -0.111226 0.046526
v 0.091670 -0.111350 0.046900
v 0.090865 -0.112330 0.046476
v 0.090067 -0.113302 0.046025
v 0.096165 -0.116101 0.046990
v 0.095364 -0.117075 0.046549
v 0.089272 -0.114269 0.045555
v 0.093780 -0.119004 0.045595
v 0.094570 -0.118042 0.046081
v 0.084173 -0.110254 0.046902
v 0.087936 -0.115896 0.046624
v 0.076907 -0.098654 0.047048
v 0.081815 -0.102902 0.047441
v 0.081037 -0.103849 0.047215
v 0.080263 -0.104791 0.046958
v 0.085788 -0.108288 0.047545
v 0.086603 -0.107295 0.047810
v 0.084976 -0.109276 0.047249
v 0.096969 -0.115122 0.047413
v 0.091214 -0.111905 0.047995
v 0.090385 -0.112915 0.047710
v 0.096521 -0.115667 0.048368
v 0.097357 -0.114650 0.048600
v 0.094865 -0.117684 0.047797
v 0.095691 -0.116678 0.048098
v 0.089561 -0.113918 0.047392
v 0.088745 -0.114911 0.047023
v 0.094043 -0.118684 0.047464
v 0.093231 -0.119672 0.047080
v 0.051619 -0.088549 0.043138
v 0.056048 -0.093380 0.042875
v 0.051204 -0.089054 0.043164
v 0.056569 -0.092745 0.043054
v 0.061732 -0.096683 0.043106
v 0.061145 -0.097398 0.042830
v 0.066354 -0.101278 0.042968
v 0.055530 -0.094010 0.042887
v 0.060551 -0.098120 0.042592
v 0.059957 -0.098844 0.042578
v 0.055910 -0.093548 0.043439
v 0.060373 -0.098337 0.043243
v 0.065709 -0.102064 0.042638
v 0.065056 -0.102859 0.042351
v 0.064399 -0.103659 0.042318
v 0.064843 -0.103118 0.043078
v 0.044411 -0.080286 0.043474
v 0.044646 -0.080000 0.043552
v 0.046205 -0.081509 0.043523
v 0.044175 -0.080573 0.043408
v 0.043942 -0.080857 0.043424
v 0.042853 -0.078775 0.043545
v 0.045928 -0.081846 0.043430
v 0.045649 -0.082186 0.043351
v 0.048104 -0.082604 0.043611
v 0.047804 -0.082970 0.043504
v 0.047503 -0.083336 0.043401
v 0.047200 -0.083705 0.043315
v 0.044343 -0.080369 0.043806
v 0.044124 -0.080635 0.043652
v 0.044569 -0.080094 0.043933
v 0.046113 -0.081621 0.043976
v 0.045588 -0.082261 0.043642
v 0.045846 -0.081946 0.043825
v 0.047133 -0.083788 0.043633
v 0.047412 -0.083447 0.043834
v 0.047702 -0.083095 0.043999
v 0.045374 -0.082521 0.043370
v 0.046901 -0.084069 0.043335
v 0.052870 -0.087025 0.043564
v 0.052455 -0.087531 0.043410
v 0.052038 -0.088038 0.043261
v 0.057601 -0.091489 0.043484
v 0.051905 -0.088200 0.043873
v 0.052305 -0.087714 0.044110
v 0.051520 -0.088670 0.043586
v 0.057086 -0.092116 0.043265
v 0.056383 -0.092972 0.043826
v 0.046384 -0.081291 0.044104
v 0.047996 -0.082736 0.044139
v 0.052712 -0.087218 0.044312
v 0.057379 -0.091760 0.044429
v 0.057889 -0.091139 0.044674
v 0.056875 -0.092372 0.044149
v 0.062317 -0.095971 0.043392
v 0.062902 -0.095259 0.043677
v 0.060905 -0.097690 0.043721
v 0.061460 -0.097014 0.044128
v 0.067640 -0.099714 0.043651
v 0.066997 -0.100496 0.043310
v 0.062608 -0.095616 0.044801
v 0.062029 -0.096321 0.044484
v 0.066029 -0.101675 0.044111
v 0.066652 -0.100916 0.044532
v 0.067287 -0.100143 0.044909
v 0.065422 -0.102414 0.043634
v 0.069537 -0.107627 0.042091
v 0.074754 -0.111499 0.042248
v 0.074001 -0.112415 0.041864
v 0.079254 -0.116243 0.042068
v 0.070243 -0.106767 0.042430
v 0.070940 -0.105918 0.042818
v 0.075495 -0.110596 0.042684
v 0.071634 -0.105074 0.043219
v 0.076232 -0.109699 0.043136
v 0.068822 -0.108498 0.042034
v 0.069287 -0.107931 0.042888
v 0.073717 -0.112761 0.042725
v 0.069905 -0.107179 0.043524
v 0.080798 -0.114362 0.043053
v 0.080029 -0.115300 0.042552
v 0.085352 -0.119042 0.043001
v 0.084571 -0.119992 0.042476
v 0.089883 -0.123748 0.042962
v 0.089108 -0.124693 0.042422
v 0.072328 -0.104229 0.043620
v 0.077708 -0.107902 0.044037
v 0.076969 -0.108801 0.043589
v 0.081568 -0.113426 0.043556
v 0.082339 -0.112487 0.044054
v 0.071227 -0.105569 0.044562
v 0.071911 -0.104737 0.045002
v 0.075769 -0.110263 0.044589
v 0.076495 -0.109379 0.045085
v 0.070556 -0.106386 0.044073
v 0.074369 -0.111967 0.043430
v 0.075058 -0.111128 0.044043
v 0.078824 -0.116767 0.043323
v 0.080280 -0.114994 0.044597
v 0.079540 -0.115895 0.043995
v 0.086912 -0.117143 0.044052
v 0.086131 -0.118093 0.043529
v 0.091434 -0.121860 0.044044
v 0.087695 -0.116190 0.044569
v 0.092994 -0.119961 0.045094
v 0.092212 -0.120913 0.044576
v 0.090658 -0.122805 0.043505
v 0.084799 -0.119715 0.044594
v 0.081036 -0.114073 0.045145
v 0.084051 -0.120626 0.043963
v 0.089308 -0.124449 0.044573
v 0.085565 -0.118782 0.045169
v 0.073236 -0.113346 0.041790
v 0.078467 -0.117201 0.041642
v 0.077663 -0.118180 0.041547
v 0.078150 -0.117587 0.042554
v 0.083786 -0.120948 0.041969
v 0.082986 -0.121922 0.041523
v 0.082169 -0.122917 0.041420
v 0.082650 -0.122331 0.042462
v 0.088326 -0.125644 0.041903
v 0.087530 -0.126613 0.041445
v 0.083328 -0.121505 0.043263
v 0.087180 -0.127039 0.042392
v 0.087850 -0.126224 0.043210
v 0.086714 -0.127607 0.041336
v 0.088565 -0.125353 0.043927
v 0.072604 -0.103892 0.045404
v 0.077231 -0.108482 0.045539
v 0.081805 -0.113137 0.045649
v 0.082583 -0.112189 0.046117
v 0.087133 -0.116874 0.046191
v 0.086344 -0.117834 0.045699
v 0.090842 -0.122581 0.045710
v 0.091626 -0.121626 0.046217
v 0.092425 -0.120654 0.046665
v 0.090068 -0.123523 0.045164
v 0.103726 -0.117119 0.048560
v 0.102925 -0.118095 0.048199
v 0.102127 -0.119065 0.047814
v 0.107871 -0.122296 0.048472
v 0.107099 -0.123236 0.048113
v 0.098984 -0.122892 0.046067
v 0.098210 -0.123835 0.045579
v 0.100546 -0.120990 0.046981
v 0.099762 -0.121945 0.046537
v 0.103303 -0.127856 0.046007
v 0.104053 -0.126944 0.046470
v 0.104808 -0.126024 0.046908
v 0.108252 -0.132054 0.046376
v 0.108968 -0.131183 0.046804
v 0.101335 -0.120030 0.047408
v 0.105567 -0.125100 0.047330
v 0.106331 -0.124170 0.047732
v 0.110411 -0.129426 0.047610
v 0.100882 -0.120582 0.048359
v 0.100066 -0.121574 0.048086
v 0.101702 -0.119583 0.048595
v 0.105118 -0.125647 0.048261
v 0.111871 -0.127649 0.048337
v 0.112606 -0.126754 0.048671
v 0.111139 -0.128540 0.047984
v 0.105909 -0.124684 0.048496
v 0.106704 -0.123716 0.048693
v 0.109998 -0.129929 0.048344
v 0.098449 -0.123543 0.047447
v 0.102772 -0.128503 0.047359
v 0.099256 -0.122561 0.047782
v 0.109688 -0.130307 0.047216
v 0.103549 -0.127557 0.047690
v 0.104331 -0.126605 0.047990
v 0.109247 -0.130843 0.048113
v 0.108501 -0.131752 0.047845
v 0.107758 -0.132656 0.047550
v 0.116498 -0.132239 0.048437
v 0.115118 -0.133918 0.047776
v 0.115806 -0.133081 0.048115
v 0.111512 -0.128086 0.048707
v 0.114747 -0.134370 0.048306
v 0.115461 -0.133501 0.048467
v 0.120500 -0.137589 0.048113
v 0.116895 -0.131755 0.048698
v 0.120145 -0.138022 0.047881
v 0.119850 -0.138381 0.048034
v 0.116177 -0.132630 0.048599
v 0.114435 -0.134751 0.047417
v 0.113755 -0.135578 0.047039
v 0.113079 -0.136401 0.046645
v 0.118274 -0.140300 0.046980
v 0.118894 -0.139545 0.047298
v 0.119518 -0.138785 0.047597
v 0.114037 -0.135235 0.048118
v 0.110753 -0.129009 0.048541
v 0.113330 -0.136096 0.047896
v 0.119202 -0.139170 0.047926
v 0.118555 -0.139957 0.047791
v 0.117911 -0.140741 0.047631
v 0.123380 -0.144306 0.046937
v 0.122853 -0.144947 0.046721
v 0.123676 -0.143946 0.047120
v 0.123132 -0.144608 0.047078
v 0.122590 -0.145268 0.047011
v 0.094392 -0.128482 0.042945
v 0.097439 -0.124772 0.045077
v 0.096674 -0.125704 0.044557
v 0.101817 -0.129666 0.045033
v 0.101079 -0.130564 0.044523
v 0.095912 -0.126632 0.044025
v 0.095151 -0.127558 0.043487
v 0.100346 -0.131457 0.044001
v 0.099614 -0.132348 0.043474
v 0.104742 -0.136328 0.043975
v 0.104049 -0.137172 0.043464
v 0.093808 -0.129194 0.044552
v 0.105437 -0.135482 0.044482
v 0.106135 -0.134632 0.044977
v 0.110417 -0.139642 0.044900
v 0.109761 -0.140440 0.044428
v 0.109109 -0.141235 0.043946
v 0.114628 -0.144738 0.044749
v 0.114033 -0.145463 0.044330
v 0.092865 -0.130341 0.041889
v 0.092084 -0.131292 0.041434
v 0.097412 -0.135029 0.041911
v 0.093631 -0.129408 0.042407
v 0.098150 -0.134130 0.042417
v 0.098882 -0.133238 0.042943
v 0.091730 -0.131723 0.042377
v 0.092382 -0.130929 0.043192
v 0.103356 -0.138015 0.042950
v 0.102662 -0.138860 0.042441
v 0.091282 -0.132269 0.041329
v 0.096658 -0.135947 0.041467
v 0.095884 -0.136889 0.041368
v 0.101962 -0.139712 0.041953
v 0.101247 -0.140583 0.041525
v 0.100511 -0.141478 0.041429
v 0.096306 -0.136375 0.042390
v 0.100902 -0.141002 0.042411
v 0.096932 -0.135613 0.043187
v 0.101491 -0.140286 0.043180
v 0.107806 -0.142820 0.042971
v 0.107154 -0.143614 0.042488
v 0.112257 -0.147625 0.043038
v 0.106496 -0.144416 0.042025
v 0.105823 -0.145235 0.041620
v 0.105130 -0.146078 0.041535
v 0.105490 -0.145640 0.042466
v 0.110454 -0.149819 0.041847
v 0.111066 -0.149075 0.042201
v 0.106041 -0.144969 0.043197
v 0.111664 -0.148346 0.042610
v 0.110154 -0.150186 0.042628
v 0.110654 -0.149576 0.043285
v 0.093082 -0.130078 0.043907
v 0.097603 -0.134796 0.043886
v 0.094552 -0.128287 0.045142
v 0.098301 -0.133946 0.044518
v 0.099018 -0.133074 0.045096
v 0.102785 -0.138711 0.044467
v 0.103463 -0.137885 0.045027
v 0.102125 -0.139514 0.043856
v 0.108457 -0.142028 0.043460
v 0.113440 -0.146184 0.043902
v 0.112848 -0.146905 0.043471
v 0.107254 -0.143492 0.044421
v 0.107891 -0.142717 0.044954
v 0.106635 -0.144246 0.043840
v 0.111194 -0.148919 0.043861
v 0.111757 -0.148234 0.044379
v 0.112335 -0.147530 0.044853
v 0.115227 -0.144009 0.045155
v 0.119240 -0.149346 0.044826
v 0.115726 -0.153624 0.042507
v 0.115210 -0.154253 0.042236
v 0.116732 -0.152399 0.043162
v 0.116231 -0.153009 0.042826
v 0.121207 -0.157175 0.043298
v 0.120408 -0.158147 0.042835
v 0.120809 -0.157659 0.043060
v 0.125293 -0.162423 0.043219
v 0.117232 -0.151791 0.043502
v 0.117732 -0.151183 0.043842
v 0.118232 -0.150573 0.044178
v 0.122398 -0.155724 0.044024
v 0.118735 -0.149961 0.044507
v 0.119748 -0.148728 0.045136
v 0.123600 -0.154262 0.044704
v 0.123198 -0.154751 0.044484
v 0.122797 -0.155239 0.044258
v 0.124004 -0.153770 0.044915
v 0.124411 -0.153274 0.045113
v 0.128278 -0.158789 0.044699
v 0.127942 -0.159198 0.044559
v 0.128616 -0.158378 0.044831
v 0.127274 -0.160011 0.044251
v 0.127607 -0.159606 0.044409
v 0.121604 -0.156691 0.043541
v 0.122001 -0.156208 0.043783
v 0.115392 -0.154031 0.043441
v 0.115850 -0.153473 0.043904
v 0.120161 -0.158449 0.043593
v 0.126612 -0.160818 0.043918
v 0.126942 -0.160415 0.044088
v 0.126282 -0.161219 0.043744
v 0.125953 -0.161620 0.043568
v 0.125623 -0.162021 0.043392
v 0.120527 -0.158003 0.043934
v 0.116327 -0.152893 0.044318
v 0.116816 -0.152298 0.044694
v 0.121296 -0.157067 0.044508
v 0.117314 -0.151692 0.045039
v 0.120907 -0.157540 0.044236
v 0.121691 -0.156585 0.044755
v 0.126047 -0.161505 0.044568
v 0.122092 -0.156097 0.044982
v 0.126379 -0.161101 0.044730
v 0.125079 -0.162684 0.043960
v 0.125395 -0.162299 0.044187
v 0.125719 -0.161905 0.044388
v 0.128954 -0.157966 0.044956
v 0.130292 -0.166560 0.043580
v 0.127055 -0.160278 0.044987
v 0.126716 -0.160691 0.044866
v 0.102558 -0.128763 0.045526
v 0.107543 -0.132918 0.045924
v 0.106837 -0.133777 0.045457
v 0.096079 -0.126429 0.046195
v 0.096862 -0.125475 0.046644
v 0.095310 -0.127364 0.045687
v 0.099747 -0.132186 0.045630
v 0.104153 -0.137044 0.045545
v 0.100487 -0.131284 0.046129
v 0.104855 -0.136191 0.046029
v 0.101242 -0.130365 0.046569
v 0.102004 -0.129438 0.046979
v 0.105570 -0.135319 0.046457
v 0.111740 -0.138032 0.045804
v 0.111077 -0.138839 0.045358
v 0.112406 -0.137220 0.046235
v 0.117044 -0.141797 0.046297
v 0.117657 -0.141050 0.046646
v 0.116434 -0.142539 0.045934
v 0.115829 -0.143276 0.045551
v 0.109872 -0.140306 0.046315
v 0.106293 -0.134440 0.046856
v 0.110551 -0.139479 0.046695
v 0.109199 -0.141125 0.045908
v 0.114750 -0.144590 0.046394
v 0.111236 -0.138645 0.047049
v 0.115372 -0.143833 0.046705
v 0.114134 -0.145340 0.046059
v 0.097653 -0.124512 0.047060
v 0.107021 -0.133553 0.047227
v 0.111929 -0.137801 0.047358
v 0.112627 -0.136951 0.047640
v 0.116634 -0.142296 0.047219
v 0.117271 -0.141521 0.047440
v 0.116001 -0.143067 0.046974
v 0.108540 -0.141927 0.045447
v 0.112924 -0.146812 0.045291
v 0.113523 -0.146084 0.045700
v 0.121807 -0.146221 0.046247
v 0.126702 -0.150485 0.046080
v 0.126471 -0.150766 0.045950
v 0.125641 -0.151776 0.045648
v 0.122329 -0.145586 0.046491
v 0.121288 -0.146853 0.045989
v 0.126055 -0.151272 0.045804
v 0.125851 -0.151520 0.046047
v 0.125427 -0.152038 0.046004
v 0.122048 -0.145927 0.046922
v 0.126277 -0.151003 0.046073
v 0.120258 -0.148107 0.045435
v 0.120772 -0.147482 0.045718
v 0.124819 -0.152777 0.045301
v 0.125229 -0.152278 0.045480
v 0.130167 -0.156489 0.045368
v 0.129978 -0.156720 0.045273
v 0.129819 -0.156913 0.045386
v 0.129636 -0.157137 0.045176
v 0.129294 -0.157552 0.045071
v 0.129124 -0.157759 0.045378
v 0.129472 -0.157336 0.045389
v 0.125003 -0.152554 0.045943
v 0.128777 -0.158182 0.045353
v 0.119905 -0.148537 0.046334
v 0.120437 -0.147890 0.046515
v 0.121509 -0.146584 0.046812
v 0.124580 -0.153068 0.045863
v 0.120971 -0.147239 0.046677
v 0.118853 -0.149818 0.045895
v 0.119376 -0.149181 0.046132
v 0.123740 -0.154091 0.045646
v 0.124159 -0.153580 0.045762
v 0.117819 -0.151077 0.045359
v 0.118334 -0.150450 0.045637
v 0.122910 -0.155102 0.045352
v 0.122499 -0.155601 0.045175
v 0.123323 -0.154598 0.045513
v 0.128430 -0.158604 0.045311
v 0.127740 -0.159445 0.045181
v 0.128084 -0.159025 0.045252
v 0.127396 -0.159863 0.045096
v 0.096262 -0.105760 0.048975
v 0.095414 -0.106792 0.048901
v 0.094569 -0.107821 0.048790
v 0.100728 -0.110546 0.049167
v 0.100230 -0.111153 0.048886
v 0.099882 -0.111576 0.049078
v 0.099038 -0.112604 0.048952
v 0.098196 -0.113628 0.048792
v 0.104531 -0.116139 0.048900
v 0.105014 -0.115551 0.049184
v 0.104182 -0.116564 0.049089
v 0.108647 -0.121351 0.048810
v 0.103353 -0.117573 0.048957
v 0.109105 -0.120793 0.049090
v 0.108303 -0.121770 0.048992
v 0.102526 -0.118580 0.048792
v 0.107502 -0.122745 0.048859
v 0.113035 -0.126232 0.048945
v 0.112272 -0.127160 0.048843
v 0.109828 -0.150582 0.041786
v 0.114686 -0.154890 0.042214
v 0.114966 -0.154549 0.042909
v 0.120000 -0.158645 0.042649
v 0.119590 -0.159143 0.042662
v 0.119819 -0.158864 0.043194
v 0.124961 -0.162828 0.043059
v 0.124623 -0.163239 0.042931
v 0.124289 -0.163645 0.042968
v 0.129457 -0.167577 0.043155
v 0.129173 -0.167923 0.043050
v 0.128893 -0.168264 0.043085
v 0.124486 -0.163406 0.043393
v 0.124773 -0.163057 0.043701
v 0.130015 -0.166897 0.043433
v 0.129737 -0.167236 0.043289
v 0.129056 -0.168065 0.043444
f 1 2 3
f 4 2 1
f 5 6 7
f 8 2 9
f 9 2 4
f 8 5 2
f 8 10 5
f 8 11 12
f 8 13 14
f 8 14 10
f 8 12 13
f 5 15 16
f 5 10 15
f 5 17 18
f 5 19 17
f 5 20 21
f 5 21 19
f 5 18 22
f 5 22 6
f 5 16 23
f 5 23 20
f 7 24 25
f 7 26 27
f 7 27 28
f 7 25 26
f 7 28 29
f 7 29 30
f 7 30 31
f 32 29 28
f 33 29 32
f 5 7 2
f 7 31 2
f 7 6 34
f 7 35 36
f 7 34 37
f 7 37 35
f 7 38 24
f 7 36 38
f 4 1 39
f 1 3 40
f 9 4 41
f 8 9 42
f 1 40 39
f 4 39 41
f 9 41 42
f 8 42 43
f 8 43 11
f 44 45 46
f 44 46 47
f 44 48 45
f 49 50 48
f 43 51 11
f 52 53 51
f 52 54 53
f 52 55 54
f 52 56 55
f 52 57 56
f 52 58 57
f 52 59 60
f 52 61 58
f 52 60 61
f 52 62 59
f 52 63 62
f 52 64 63
f 52 65 64
f 44 66 65
f 44 67 66
f 44 68 67
f 44 69 70
f 44 71 69
f 44 72 73
f 44 74 71
f 44 73 74
f 44 70 68
f 44 75 72
f 44 47 75
f 43 52 51
f 52 44 65
f 44 49 48
f 39 40 76
f 41 39 77
f 42 41 78
f 43 42 79
f 39 76 77
f 41 77 78
f 43 80 52
f 52 81 44
f 44 82 49
f 42 78 79
f 43 79 80
f 52 80 81
f 77 76 83
f 79 78 83
f 77 83 78
f 44 81 82
f 82 84 49
f 80 79 83
f 80 83 81
f 82 81 83
f 82 83 84
f 85 86 87
f 2 31 86
f 85 2 86
f 85 88 2
f 88 89 2
f 89 90 2
f 90 91 2
f 91 92 2
f 92 93 2
f 49 94 95
f 49 87 94
f 49 95 96
f 85 87 49
f 49 97 98
f 49 98 99
f 49 100 97
f 49 96 100
f 49 101 50
f 49 99 101
f 85 102 88
f 88 103 89
f 85 49 102
f 88 102 103
f 89 103 104
f 89 104 90
f 90 105 91
f 91 106 92
f 92 107 93
f 90 104 105
f 91 105 106
f 92 106 107
f 107 108 93
f 49 84 102
f 102 109 103
f 103 110 104
f 104 111 105
f 102 84 109
f 103 109 110
f 84 83 109
f 109 83 110
f 110 83 111
f 111 83 112
f 104 110 111
f 105 111 112
f 112 83 113
f 113 83 114
f 114 83 115
f 105 112 106
f 113 107 106
f 107 114 108
f 112 113 106
f 113 114 107
f 114 115 108
f 3 2 116
f 116 2 117
f 117 2 118
f 118 2 119
f 119 2 120
f 120 2 121
f 121 2 122
f 2 123 122
f 121 122 124
f 3 116 125
f 116 117 126
f 117 118 127
f 118 119 128
f 3 125 40
f 116 126 125
f 117 127 126
f 118 128 127
f 119 120 129
f 120 121 130
f 121 124 131
f 131 124 132
f 131 132 133
f 131 133 134
f 131 134 135
f 131 135 136
f 131 136 137
f 131 137 138
f 131 138 139
f 131 139 140
f 119 129 128
f 120 130 129
f 121 131 130
f 40 125 141
f 125 126 142
f 126 127 143
f 40 141 76
f 125 142 141
f 126 143 142
f 144 127 128
f 145 128 129
f 129 130 146
f 130 131 147
f 143 127 144
f 144 128 145
f 76 141 83
f 141 142 83
f 142 143 83
f 145 129 146
f 130 147 146
f 143 144 83
f 144 145 83
f 145 146 83
f 146 147 83
f 2 148 123
f 2 149 148
f 150 151 152
f 148 153 123
f 148 151 153
f 148 154 151
f 154 152 151
f 148 155 154
f 148 156 155
f 148 157 156
f 148 158 157
f 148 159 158
f 148 160 159
f 148 161 160
f 148 162 161
f 148 163 162
f 148 164 163
f 2 165 149
f 2 166 167
f 2 167 165
f 148 149 164
f 149 168 164
f 149 169 168
f 149 170 171
f 149 172 170
f 149 173 169
f 149 171 173
f 149 174 172
f 149 175 174
f 149 165 176
f 149 177 175
f 149 176 177
f 165 178 176
f 165 179 178
f 165 180 179
f 165 181 180
f 2 182 166
f 2 93 182
f 131 140 183
f 184 183 185
f 184 185 186
f 184 186 187
f 165 188 181
f 184 187 189
f 184 189 190
f 184 190 191
f 184 191 192
f 184 192 193
f 184 193 194
f 184 194 195
f 184 195 196
f 184 196 197
f 184 197 198
f 184 198 199
f 200 199 201
f 200 201 202
f 200 202 203
f 200 203 204
f 200 204 205
f 200 205 206
f 200 206 207
f 200 207 208
f 200 208 209
f 200 209 210
f 200 211 212
f 200 212 213
f 200 210 211
f 188 213 181
f 167 214 165
f 166 215 167
f 93 108 182
f 182 216 166
f 165 214 188
f 167 215 214
f 166 216 215
f 182 108 216
f 131 183 184
f 184 199 200
f 200 213 188
f 131 184 217
f 218 184 200
f 219 200 188
f 131 217 147
f 218 217 184
f 83 147 217
f 83 217 218
f 83 218 219
f 83 219 220
f 218 200 219
f 220 219 188
f 221 220 214
f 83 221 222
f 83 220 221
f 83 222 115
f 220 188 214
f 221 214 215
f 216 222 215
f 108 115 216
f 221 215 222
f 216 115 222
f 223 224 225
f 223 225 226
f 225 227 226
f 226 227 228
f 229 230 231
f 232 229 231
f 232 231 233
f 232 234 235
f 229 235 236
f 223 226 234
f 226 228 235
f 226 235 234
f 223 234 237
f 228 236 235
f 228 238 236
f 234 239 237
f 232 239 234
f 232 235 229
f 232 233 239
f 239 233 240
f 224 241 242
f 223 241 224
f 242 124 122
f 224 123 225
f 225 123 227
f 227 243 228
f 224 242 123
f 243 244 238
f 227 123 243
f 243 123 244
f 244 123 245
f 244 245 246
f 242 241 247
f 243 238 228
f 238 244 246
f 242 122 123
f 242 247 124
f 247 132 124
f 247 133 132
f 248 134 133
f 247 248 133
f 248 135 134
f 249 136 135
f 248 249 135
f 249 137 136
f 250 138 137
f 223 237 241
f 241 251 247
f 237 251 241
f 237 252 251
f 247 251 253
f 247 253 248
f 237 239 252
f 239 240 252
f 231 230 254
f 231 254 255
f 231 255 233
f 229 256 230
f 256 257 230
f 238 258 236
f 256 236 258
f 258 259 260
f 229 236 256
f 256 260 257
f 260 261 257
f 256 258 260
f 260 259 262
f 260 262 261
f 262 263 261
f 245 264 246
f 245 123 153
f 245 153 264
f 264 153 151
f 264 151 150
f 264 150 265
f 265 150 152
f 265 152 154
f 265 154 266
f 266 154 155
f 266 155 156
f 266 156 267
f 250 139 138
f 249 250 137
f 268 140 139
f 268 183 140
f 250 268 139
f 268 185 183
f 268 186 185
f 269 187 186
f 269 189 187
f 268 269 186
f 270 190 189
f 270 191 190
f 269 270 189
f 267 156 157
f 267 157 158
f 271 158 159
f 267 158 271
f 271 159 160
f 272 160 161
f 271 160 272
f 272 161 162
f 272 162 163
f 273 192 191
f 273 193 192
f 270 273 191
f 272 163 274
f 274 164 168
f 275 168 169
f 275 169 173
f 276 173 171
f 276 171 170
f 277 170 172
f 274 163 164
f 274 168 275
f 275 173 276
f 277 172 174
f 276 170 277
f 238 246 258
f 258 246 259
f 246 264 259
f 264 278 259
f 264 265 278
f 251 279 253
f 262 259 278
f 265 280 278
f 265 266 280
f 266 267 281
f 266 281 280
f 278 280 282
f 280 281 283
f 240 284 252
f 251 252 279
f 252 284 279
f 262 278 282
f 262 282 263
f 282 280 283
f 248 285 249
f 248 253 285
f 249 286 250
f 249 285 286
f 253 287 285
f 250 288 268
f 250 286 288
f 285 289 286
f 267 271 290
f 267 290 281
f 268 291 269
f 268 288 291
f 286 292 288
f 253 279 287
f 285 287 289
f 279 293 287
f 279 284 293
f 286 289 292
f 287 294 289
f 287 293 294
f 263 282 295
f 281 296 283
f 282 283 295
f 283 297 295
f 283 296 297
f 271 272 298
f 271 298 290
f 281 290 296
f 290 298 299
f 272 274 300
f 272 300 298
f 274 275 301
f 275 276 302
f 274 301 300
f 275 302 301
f 298 300 303
f 300 301 304
f 290 299 296
f 296 305 297
f 296 299 305
f 298 303 299
f 300 304 303
f 299 303 306
f 299 306 305
f 303 307 306
f 254 230 308
f 308 230 257
f 308 257 309
f 254 308 310
f 311 308 309
f 310 308 311
f 254 312 255
f 254 310 312
f 309 313 314
f 311 309 314
f 233 255 315
f 233 315 240
f 257 261 309
f 309 261 313
f 261 263 313
f 255 316 315
f 255 312 316
f 314 313 317
f 313 263 318
f 313 318 317
f 317 318 319
f 310 311 320
f 311 321 320
f 310 320 322
f 320 321 323
f 310 322 312
f 320 324 322
f 311 314 321
f 314 325 321
f 321 325 326
f 314 317 325
f 320 323 324
f 321 326 323
f 323 326 327
f 323 327 328
f 326 329 327
f 323 328 324
f 312 322 330
f 312 330 316
f 322 331 330
f 322 324 331
f 324 328 332
f 325 333 334
f 326 325 334
f 326 334 329
f 334 335 329
f 334 336 335
f 325 317 333
f 317 319 333
f 333 337 336
f 319 337 333
f 319 338 337
f 337 339 340
f 334 333 336
f 324 332 331
f 336 341 335
f 336 340 341
f 336 337 340
f 240 315 342
f 240 342 284
f 315 316 343
f 315 343 342
f 284 344 293
f 284 342 344
f 293 344 345
f 293 345 294
f 342 346 344
f 342 343 346
f 263 295 318
f 318 295 347
f 295 297 347
f 347 297 348
f 318 347 319
f 319 347 338
f 347 348 338
f 338 348 349
f 297 305 348
f 348 305 350
f 344 351 345
f 344 346 351
f 316 330 352
f 316 352 343
f 330 353 352
f 337 338 339
f 330 331 353
f 331 332 354
f 331 354 353
f 343 352 355
f 343 355 346
f 352 356 355
f 346 355 357
f 346 357 351
f 355 358 357
f 352 353 356
f 353 354 359
f 353 359 356
f 355 356 358
f 340 360 341
f 305 306 350
f 306 361 350
f 348 350 349
f 349 350 362
f 350 361 362
f 362 361 363
f 338 349 339
f 349 364 339
f 339 364 365
f 340 339 365
f 340 365 360
f 365 366 360
f 365 364 367
f 365 367 366
f 367 368 366
f 349 362 364
f 364 362 369
f 364 369 367
f 362 363 369
f 363 370 369
f 356 359 371
f 367 369 372
f 367 372 368
f 369 370 372
f 372 373 368
f 372 370 374
f 372 374 373
f 374 375 373
f 376 194 193
f 376 195 194
f 273 376 193
f 377 196 195
f 377 197 196
f 377 198 197
f 376 377 195
f 378 201 199
f 379 202 201
f 379 203 202
f 380 204 203
f 380 205 204
f 381 206 205
f 378 199 198
f 377 378 198
f 378 379 201
f 379 380 203
f 382 174 175
f 382 175 177
f 382 177 176
f 381 207 206
f 383 208 207
f 383 209 208
f 384 210 209
f 385 176 178
f 385 178 179
f 386 179 180
f 384 211 210
f 384 212 211
f 387 213 212
f 386 180 181
f 387 181 213
f 277 174 382
f 380 381 205
f 381 383 207
f 382 176 385
f 385 179 386
f 383 384 209
f 269 388 270
f 270 389 273
f 269 291 388
f 270 388 389
f 288 390 291
f 288 292 390
f 289 391 292
f 289 294 391
f 273 392 376
f 273 389 392
f 376 393 377
f 291 394 388
f 377 395 378
f 376 392 393
f 388 396 389
f 276 277 397
f 276 397 302
f 378 398 379
f 377 393 395
f 378 395 398
f 379 399 380
f 380 400 381
f 379 398 399
f 389 401 392
f 291 390 394
f 292 402 390
f 292 391 402
f 388 394 396
f 389 396 401
f 390 403 394
f 390 402 403
f 392 404 393
f 392 401 404
f 394 405 396
f 394 403 405
f 386 181 387
f 384 387 212
f 277 382 406
f 382 385 407
f 277 406 397
f 301 302 408
f 381 409 383
f 380 399 400
f 385 386 410
f 382 407 406
f 385 410 407
f 383 411 384
f 381 400 409
f 302 397 412
f 397 406 413
f 386 387 414
f 384 415 387
f 386 414 410
f 387 415 414
f 406 407 416
f 301 408 304
f 303 304 307
f 304 417 307
f 302 412 408
f 304 408 417
f 397 413 412
f 408 412 418
f 408 418 417
f 393 419 395
f 395 420 398
f 398 421 399
f 383 409 411
f 384 411 415
f 407 410 422
f 399 423 400
f 400 424 409
f 393 404 419
f 396 425 401
f 395 419 420
f 396 405 425
f 401 426 404
f 401 425 426
f 406 416 413
f 412 413 427
f 412 427 418
f 398 420 421
f 399 421 423
f 404 428 419
f 410 414 429
f 409 430 411
f 414 415 431
f 411 432 415
f 407 422 416
f 400 423 424
f 410 429 422
f 409 424 430
f 413 416 433
f 413 433 427
f 416 422 434
f 414 431 429
f 415 432 431
f 416 434 433
f 404 426 428
f 419 435 420
f 419 428 435
f 420 436 421
f 421 437 423
f 420 435 436
f 411 430 432
f 422 429 438
f 422 438 434
f 423 439 424
f 421 436 437
f 423 437 439
f 294 345 440
f 294 440 391
f 391 440 441
f 391 441 402
f 345 442 440
f 345 351 442
f 440 443 441
f 440 442 443
f 402 444 403
f 402 441 444
f 351 357 445
f 351 445 442
f 306 307 361
f 307 446 361
f 307 417 446
f 417 447 446
f 417 418 447
f 361 446 363
f 363 446 448
f 403 449 405
f 403 444 449
f 405 450 425
f 405 449 450
f 441 451 444
f 441 443 451
f 444 452 449
f 444 451 452
f 446 447 448
f 448 447 453
f 418 454 447
f 418 427 454
f 454 427 455
f 427 433 455
f 447 454 453
f 454 456 453
f 454 455 456
f 456 455 457
f 442 445 458
f 357 459 445
f 357 358 459
f 356 371 358
f 358 371 460
f 358 460 459
f 442 458 443
f 443 458 461
f 445 462 458
f 443 461 451
f 451 461 463
f 458 464 461
f 445 459 462
f 459 465 462
f 459 460 465
f 458 462 464
f 363 448 370
f 370 448 466
f 370 466 374
f 448 453 466
f 453 467 466
f 466 467 468
f 374 468 375
f 374 466 468
f 375 468 469
f 453 456 467
f 462 465 470
f 462 470 464
f 425 471 426
f 425 450 471
f 449 472 450
f 449 452 472
f 426 473 428
f 426 471 473
f 428 474 435
f 433 434 475
f 433 475 455
f 428 473 474
f 450 476 471
f 450 472 476
f 471 477 473
f 471 476 477
f 435 478 436
f 435 474 478
f 473 479 474
f 473 477 479
f 451 463 452
f 452 480 472
f 452 463 480
f 461 481 463
f 472 482 476
f 472 480 482
f 463 483 480
f 461 464 481
f 463 481 483
f 464 484 481
f 464 470 484
f 481 485 483
f 481 484 485
f 429 431 486
f 424 487 430
f 429 486 438
f 431 432 488
f 430 489 432
f 431 488 486
f 424 439 487
f 430 487 489
f 432 489 488
f 468 490 469
f 467 491 490
f 467 456 491
f 456 457 491
f 491 492 493
f 468 467 490
f 490 494 469
f 490 493 494
f 490 491 493
f 493 495 494
f 493 496 495
f 434 497 475
f 434 438 497
f 438 486 498
f 438 498 497
f 455 475 457
f 457 475 499
f 475 497 499
f 497 498 500
f 499 497 500
f 436 501 437
f 436 478 501
f 437 502 439
f 486 503 498
f 486 488 503
f 437 501 502
f 439 504 487
f 439 502 504
f 474 505 478
f 474 479 505
f 478 506 501
f 478 505 506
f 488 489 507
f 487 508 489
f 488 507 503
f 487 504 508
f 489 508 507
f 498 503 509
f 500 498 509
f 501 510 502
f 503 507 511
f 503 511 509
f 507 512 511
f 457 492 491
f 457 499 492
f 480 513 482
f 499 514 492
f 492 514 496
f 499 500 514
f 480 483 513
f 483 485 515
f 493 492 496
f 476 516 477
f 476 482 516
f 477 516 517
f 482 518 516
f 477 517 479
f 479 519 505
f 479 517 519
f 516 520 517
f 482 513 518
f 483 515 513
f 513 515 521
f 513 521 518
f 516 518 520
f 500 522 514
f 514 522 523
f 496 524 495
f 496 523 524
f 496 514 523
f 523 525 524
f 523 526 525
f 500 509 522
f 509 527 522
f 505 519 528
f 517 529 519
f 522 527 526
f 509 511 527
f 511 512 530
f 527 511 530
f 517 520 529
f 518 531 520
f 518 521 531
f 523 522 526
f 527 532 526
f 526 533 525
f 520 531 534
f 527 530 532
f 526 532 533
f 532 530 535
f 532 536 533
f 532 535 536
f 535 537 536
f 327 329 538
f 327 538 539
f 327 539 328
f 329 335 540
f 538 329 540
f 335 341 541
f 540 335 541
f 538 540 542
f 540 543 542
f 542 543 544
f 538 542 545
f 538 545 539
f 540 541 543
f 543 541 546
f 541 547 546
f 543 546 548
f 328 549 332
f 328 539 549
f 541 341 547
f 542 550 545
f 539 545 551
f 539 551 549
f 545 552 551
f 542 544 550
f 543 548 544
f 544 548 553
f 548 554 553
f 553 554 555
f 544 556 550
f 545 550 552
f 544 553 556
f 332 549 557
f 332 557 354
f 549 551 558
f 549 558 557
f 354 559 359
f 354 557 559
f 341 360 547
f 547 360 560
f 546 547 561
f 546 561 562
f 547 560 561
f 561 560 563
f 561 563 564
f 546 562 548
f 548 562 554
f 562 561 564
f 562 564 565
f 563 566 564
f 564 566 567
f 562 565 554
f 554 568 555
f 553 569 556
f 553 555 569
f 554 565 568
f 550 556 570
f 564 567 565
f 565 567 571
f 565 571 568
f 566 572 567
f 567 573 571
f 567 572 573
f 360 366 560
f 560 366 574
f 366 368 574
f 551 575 558
f 560 574 563
f 563 574 576
f 563 576 566
f 359 559 577
f 557 558 578
f 557 578 559
f 558 579 578
f 559 578 580
f 574 368 581
f 574 581 576
f 576 581 582
f 576 582 583
f 368 373 581
f 581 373 584
f 373 375 584
f 584 375 585
f 581 584 582
f 582 584 586
f 582 586 587
f 584 585 586
f 550 570 552
f 551 552 575
f 552 588 575
f 556 589 570
f 556 569 589
f 552 570 588
f 570 589 590
f 570 590 588
f 558 575 579
f 575 591 579
f 578 579 592
f 575 588 591
f 588 590 593
f 588 593 591
f 579 591 594
f 566 576 583
f 566 583 572
f 582 587 583
f 583 587 595
f 572 583 595
f 572 596 573
f 572 595 596
f 595 597 596
f 595 587 598
f 595 598 597
f 598 599 597
f 579 594 592
f 587 586 600
f 587 600 598
f 591 593 601
f 591 601 594
f 598 602 599
f 555 568 603
f 568 604 603
f 555 605 569
f 555 603 605
f 568 571 604
f 571 573 606
f 571 606 604
f 603 604 607
f 604 608 607
f 603 609 605
f 603 607 609
f 604 606 608
f 606 610 608
f 607 608 611
f 606 573 612
f 606 612 610
f 608 610 613
f 608 613 611
f 569 614 589
f 569 605 614
f 589 615 590
f 589 614 615
f 605 609 616
f 607 617 609
f 605 616 614
f 573 596 612
f 596 597 618
f 612 596 618
f 618 597 619
f 597 599 619
f 619 599 620
f 612 621 610
f 612 618 621
f 610 621 622
f 614 623 615
f 614 616 623
f 609 624 616
f 618 619 625
f 621 618 625
f 621 625 626
f 619 620 627
f 619 627 625
f 625 627 628
f 590 629 593
f 590 615 629
f 593 630 601
f 629 630 593
f 615 623 631
f 615 631 629
f 616 632 623
f 623 633 631
f 629 634 630
f 629 631 634
f 634 635 630
f 631 636 634
f 634 637 635
f 607 611 617
f 610 622 613
f 621 626 622
f 611 613 638
f 611 639 617
f 611 638 639
f 613 622 640
f 613 640 638
f 622 641 640
f 609 617 624
f 616 624 632
f 617 642 624
f 617 639 642
f 625 628 626
f 622 626 641
f 626 628 643
f 626 643 641
f 628 644 643
f 627 645 628
f 624 646 632
f 624 642 646
f 628 645 644
f 645 647 644
f 638 640 648
f 640 649 648
f 638 648 650
f 638 650 639
f 648 649 651
f 648 652 650
f 648 651 652
f 640 641 649
f 641 653 649
f 641 643 653
f 653 643 654
f 643 644 654
f 649 653 655
f 649 655 651
f 653 656 655
f 653 654 656
f 655 657 651
f 655 656 658
f 655 658 657
f 651 657 659
f 654 660 661
f 654 661 656
f 656 661 662
f 656 662 658
f 639 663 642
f 639 650 663
f 642 663 664
f 642 664 646
f 654 644 660
f 644 647 660
f 650 665 663
f 650 652 665
f 651 659 652
f 652 666 665
f 663 665 667
f 663 667 664
f 660 668 669
f 660 669 661
f 652 659 666
f 666 670 665
f 661 669 671
f 661 671 662
f 669 672 671
f 658 673 657
f 657 673 659
f 664 667 674
f 665 670 667
f 670 675 667
f 667 675 674
f 623 632 633
f 631 633 636
f 632 676 633
f 632 646 676
f 676 677 633
f 677 636 633
f 634 636 637
f 646 678 676
f 646 664 678
f 676 679 677
f 676 678 679
f 664 674 678
f 678 674 680
f 678 680 679
f 359 577 371
f 371 577 681
f 371 681 460
f 559 580 577
f 577 580 682
f 578 592 580
f 577 682 681
f 375 469 585
f 580 683 682
f 460 684 465
f 460 681 684
f 465 685 470
f 465 684 685
f 681 686 684
f 681 682 686
f 682 687 686
f 684 688 685
f 684 686 688
f 686 689 688
f 580 592 683
f 592 690 683
f 682 683 687
f 683 691 687
f 592 594 690
f 594 601 692
f 594 692 690
f 683 690 691
f 690 693 691
f 692 693 690
f 686 687 689
f 470 694 484
f 470 685 694
f 601 695 692
f 601 630 695
f 692 695 696
f 630 635 695
f 586 585 697
f 586 697 600
f 697 698 600
f 600 698 602
f 598 600 602
f 599 602 699
f 602 698 700
f 602 700 699
f 700 701 699
f 700 702 701
f 702 703 701
f 627 620 704
f 627 704 645
f 704 705 706
f 599 699 620
f 707 699 701
f 620 699 707
f 707 701 708
f 708 701 703
f 708 703 709
f 620 707 704
f 707 705 704
f 707 708 705
f 705 710 711
f 635 712 713
f 705 708 710
f 714 710 715
f 708 709 710
f 709 715 710
f 716 715 717
f 709 718 715
f 715 718 717
f 717 719 720
f 717 720 721
f 720 722 723
f 722 724 725
f 645 704 706
f 705 711 706
f 645 706 647
f 647 706 726
f 706 711 726
f 711 727 726
f 660 647 668
f 647 726 668
f 668 726 728
f 726 727 728
f 728 727 729
f 729 727 730
f 729 730 731
f 668 728 732
f 669 668 732
f 732 728 733
f 669 732 672
f 658 662 673
f 732 733 734
f 659 673 666
f 672 732 734
f 662 671 673
f 671 672 673
f 734 733 735
f 672 734 673
f 735 736 737
f 734 735 673
f 728 729 733
f 666 673 670
f 670 673 675
f 674 675 738
f 738 739 680
f 735 733 736
f 675 673 738
f 735 737 673
f 738 673 739
f 739 673 740
f 729 736 733
f 729 731 736
f 731 741 742
f 731 742 736
f 737 736 742
f 737 742 743
f 737 743 673
f 743 744 673
f 744 745 673
f 740 673 746
f 673 747 746
f 673 748 747
f 743 749 744
f 673 745 750
f 743 742 749
f 673 751 748
f 744 752 745
f 673 750 753
f 673 753 754
f 673 755 751
f 742 741 749
f 744 749 752
f 745 752 756
f 673 754 757
f 745 756 750
f 673 757 758
f 673 758 759
f 673 760 761
f 673 762 760
f 673 759 763
f 750 764 753
f 673 765 762
f 673 763 766
f 673 766 765
f 677 767 636
f 711 714 727
f 714 730 727
f 635 637 712
f 713 712 768
f 636 767 637
f 637 769 712
f 637 767 769
f 769 770 712
f 770 768 712
f 711 710 714
f 714 715 716
f 716 717 721
f 714 716 730
f 716 771 730
f 771 721 772
f 716 721 771
f 772 723 773
f 770 774 768
f 774 775 768
f 774 776 775
f 776 777 775
f 776 778 777
f 677 779 767
f 677 679 779
f 767 779 780
f 767 780 769
f 780 781 769
f 679 782 779
f 679 680 782
f 674 738 680
f 739 782 680
f 739 740 782
f 740 746 783
f 740 783 782
f 779 783 780
f 782 783 779
f 746 784 783
f 746 747 784
f 673 785 755
f 747 748 786
f 748 751 787
f 780 783 784
f 780 784 781
f 781 786 788
f 781 784 786
f 747 786 784
f 769 781 770
f 781 788 770
f 730 771 731
f 731 771 741
f 771 772 741
f 741 772 789
f 789 772 773
f 789 773 790
f 773 791 790
f 790 791 792
f 749 741 789
f 749 789 752
f 673 761 785
f 751 755 793
f 750 756 764
f 753 794 754
f 755 785 795
f 785 761 796
f 786 787 788
f 787 793 797
f 748 787 786
f 751 793 787
f 755 795 793
f 789 790 752
f 790 756 752
f 790 792 756
f 756 792 764
f 753 764 794
f 754 798 757
f 761 760 799
f 754 794 798
f 757 800 758
f 758 801 759
f 760 762 802
f 762 765 803
f 785 796 795
f 761 799 796
f 760 802 799
f 770 788 774
f 788 797 774
f 774 797 776
f 776 797 804
f 776 804 778
f 805 806 778
f 804 805 778
f 788 787 797
f 793 804 797
f 793 795 804
f 795 805 804
f 795 796 805
f 772 721 723
f 773 723 725
f 773 725 791
f 807 808 791
f 720 723 721
f 722 725 723
f 778 806 809
f 806 810 811
f 725 807 791
f 812 813 808
f 810 814 815
f 724 807 725
f 807 816 812
f 807 812 808
f 813 817 818
f 814 819 820
f 819 821 822
f 812 817 813
f 818 817 823
f 818 823 824
f 824 825 826
f 821 827 822
f 821 828 827
f 792 791 808
f 792 808 829
f 808 813 829
f 829 813 830
f 830 813 818
f 830 818 831
f 764 792 829
f 764 829 794
f 759 832 763
f 766 833 765
f 763 834 766
f 757 798 800
f 758 800 801
f 759 801 832
f 794 829 830
f 794 830 798
f 762 803 802
f 765 833 803
f 763 832 834
f 766 834 833
f 798 830 831
f 798 831 800
f 802 803 835
f 800 831 836
f 800 836 801
f 803 833 837
f 838 810 806
f 805 838 806
f 838 839 810
f 810 839 814
f 839 835 814
f 835 837 819
f 835 819 814
f 796 838 805
f 796 799 838
f 799 839 838
f 799 802 839
f 802 835 839
f 803 837 835
f 831 818 824
f 831 824 836
f 836 824 826
f 836 826 840
f 840 826 841
f 840 841 842
f 801 836 840
f 801 840 832
f 832 842 834
f 833 843 837
f 833 834 843
f 832 840 842
f 843 834 842
f 843 821 837
f 819 837 821
f 843 828 821
f 841 828 842
f 843 842 828
f 841 844 828
f 826 845 841
f 824 823 825
f 828 844 827
f 826 825 845
f 841 845 844
f 469 494 846
f 585 469 846
f 585 846 697
f 697 846 847
f 697 847 698
f 846 848 847
f 847 848 849
f 847 849 850
f 494 495 848
f 846 494 848
f 848 495 851
f 685 688 852
f 688 853 852
f 495 524 851
f 848 851 849
f 849 851 854
f 849 854 855
f 851 856 854
f 854 856 857
f 858 854 857
f 698 847 850
f 698 850 700
f 849 855 850
f 702 850 855
f 691 693 859
f 700 850 702
f 702 860 703
f 687 861 689
f 688 689 853
f 689 862 853
f 687 691 861
f 861 862 689
f 691 859 861
f 861 859 863
f 861 863 862
f 862 863 864
f 853 862 865
f 862 864 865
f 855 858 860
f 703 860 866
f 702 855 860
f 860 858 867
f 866 860 867
f 866 867 868
f 867 869 868
f 869 870 868
f 855 854 858
f 858 871 867
f 858 857 871
f 865 864 872
f 865 872 873
f 867 871 869
f 873 872 874
f 484 694 875
f 484 875 485
f 485 875 876
f 685 852 694
f 694 852 877
f 694 877 875
f 852 878 877
f 875 879 876
f 875 877 879
f 485 876 515
f 851 524 856
f 524 525 856
f 525 533 880
f 856 525 880
f 881 879 877
f 879 882 883
f 856 880 857
f 857 880 884
f 857 884 871
f 515 885 521
f 876 885 515
f 521 886 531
f 521 885 886
f 531 887 534
f 531 886 887
f 876 879 883
f 876 883 885
f 885 883 888
f 883 889 888
f 885 888 886
f 852 853 878
f 878 881 877
f 853 865 878
f 878 873 881
f 881 882 879
f 881 890 882
f 891 889 882
f 878 865 873
f 881 873 890
f 873 874 890
f 890 874 892
f 890 892 891
f 890 891 882
f 883 882 889
f 869 871 893
f 869 894 870
f 894 895 870
f 869 893 894
f 894 896 895
f 896 897 895
f 896 898 897
f 898 899 897
f 900 901 899
f 880 533 902
f 884 903 893
f 884 880 902
f 884 902 903
f 904 903 905
f 902 533 536
f 902 536 906
f 536 537 906
f 906 537 907
f 888 908 909
f 888 909 886
f 886 909 887
f 887 909 910
f 902 906 903
f 903 906 905
f 887 910 911
f 906 907 905
f 912 910 909
f 905 913 914
f 905 907 913
f 913 907 915
f 916 917 910
f 913 918 919
f 920 921 917
f 913 915 918
f 922 918 923
f 924 923 921
f 871 884 893
f 893 903 904
f 894 893 904
f 889 925 908
f 896 904 914
f 904 905 914
f 894 904 896
f 891 892 926
f 891 926 925
f 891 925 889
f 896 914 898
f 926 927 925
f 927 928 929
f 925 929 908
f 927 929 925
f 888 889 908
f 908 912 909
f 929 912 908
f 912 916 910
f 929 930 912
f 898 914 919
f 900 919 922
f 898 900 899
f 928 931 930
f 901 932 933
f 900 932 901
f 898 919 900
f 928 930 929
f 931 934 930
f 931 935 934
f 933 936 935
f 900 922 932
f 933 932 936
f 935 936 934
f 913 919 914
f 912 930 916
f 934 920 916
f 916 920 917
f 919 918 922
f 932 922 924
f 936 924 920
f 920 924 921
f 922 923 924
f 930 934 916
f 934 936 920
f 932 924 936
f 692 696 693
f 693 937 859
f 696 937 693
f 937 938 859
f 695 635 713
f 695 713 696
f 713 939 696
f 713 768 939
f 939 937 696
f 939 775 940
f 777 941 940
f 937 940 938
f 939 940 937
f 940 941 938
f 938 941 942
f 859 938 863
f 863 942 864
f 938 942 863
f 709 703 866
f 718 866 868
f 709 866 718
f 718 868 719
f 719 868 870
f 943 870 895
f 719 870 943
f 717 718 719
f 941 944 942
f 944 945 946
f 809 944 941
f 811 945 944
f 719 943 720
f 720 943 722
f 722 943 947
f 722 947 724
f 724 816 807
f 815 948 945
f 820 949 948
f 946 872 864
f 942 946 864
f 946 950 872
f 950 874 872
f 951 892 874
f 950 951 874
f 944 946 942
f 945 950 946
f 945 948 950
f 948 951 950
f 948 949 951
f 939 768 775
f 775 777 940
f 778 809 777
f 777 809 941
f 809 811 944
f 806 811 809
f 810 815 811
f 811 815 945
f 815 820 948
f 820 822 949
f 814 820 815
f 819 822 820
f 943 895 947
f 724 952 816
f 812 816 953
f 817 953 954
f 724 947 952
f 816 955 953
f 816 952 955
f 822 956 949
f 827 957 956
f 823 954 958
f 825 958 959
f 953 955 960
f 953 960 954
f 954 961 958
f 844 962 957
f 845 959 962
f 947 895 897
f 947 897 952
f 963 926 892
f 951 963 892
f 963 964 926
f 952 897 899
f 952 899 955
f 955 901 960
f 964 927 926
f 955 899 901
f 965 928 927
f 964 965 927
f 951 949 963
f 949 956 963
f 956 964 963
f 956 957 964
f 957 965 964
f 957 962 965
f 962 966 965
f 958 967 959
f 960 901 933
f 966 931 928
f 965 966 928
f 960 933 961
f 966 967 931
f 961 933 935
f 967 935 931
f 961 935 967
f 954 960 961
f 962 959 966
f 958 961 967
f 959 967 966
f 812 953 817
f 822 827 956
f 817 954 823
f 844 957 827
f 823 958 825
f 825 959 845
f 844 845 962
f 502 968 504
f 501 506 510
f 502 510 968
f 507 508 512
f 504 969 508
f 504 968 969
f 508 969 512
f 505 528 506
f 506 970 510
f 506 528 970
f 510 971 968
f 510 970 971
f 519 972 528
f 528 973 970
f 519 529 972
f 528 972 973
f 520 534 529
f 529 974 972
f 529 534 974
f 512 975 530
f 512 969 975
f 968 976 969
f 530 975 535
f 968 971 976
f 970 977 971
f 969 976 975
f 975 976 978
f 971 979 976
f 972 980 973
f 972 974 980
f 970 973 977
f 535 975 978
f 535 978 537
f 971 977 979
f 976 979 978
f 973 981 977
f 973 980 981
f 978 982 537
f 978 979 982
f 977 983 979
f 977 981 983
f 979 983 982
f 534 911 974
f 534 887 911
f 974 984 980
f 911 984 974
f 911 917 984
f 911 910 917
f 537 982 907
f 980 984 985
f 907 982 915
f 980 985 981
f 985 986 981
f 982 983 915
f 915 983 986
f 981 986 983
f 917 921 984
f 921 985 984
f 918 915 986
f 921 923 985
f 918 986 923
f 923 986 985
f 987 988 989
f 987 990 991
f 987 989 990
f 988 992 989
f 991 993 994
f 988 995 992
f 996 997 998
f 999 996 1000
f 999 997 996
f 1001 998 997
f 1001 1002 998
f 999 1000 1003
f 1000 1004 1003
f 996 998 989
f 989 998 990
f 990 998 1002
f 990 1002 993
f 1002 1005 993
f 993 1005 1006
f 996 992 1000
f 996 989 992
f 1000 992 1007
f 1000 1007 1004
f 1004 1007 1008
f 1009 997 999
f 1010 999 1003
f 1001 1011 1002
f 1011 1005 1002
f 1004 1012 1003
f 1011 1013 1005
f 1013 1014 1005
f 1012 1015 1016
f 1001 997 1017
f 1010 1009 999
f 1009 1017 997
f 1010 1003 1018
f 1001 1019 1011
f 1011 1020 1013
f 1021 1022 1023
f 1024 1023 1022
f 1018 1003 1012
f 1025 1012 1016
f 1021 1014 1013
f 1021 1023 1014
f 1006 1005 1014
f 1006 1014 1026
f 1014 1023 1026
f 1026 1023 1027
f 1024 1027 1023
f 1024 1028 1027
f 1004 1015 1012
f 1016 1015 1029
f 1016 1029 1030
f 1030 1029 1031
f 1030 1031 1032
f 1031 1033 1032
f 1004 1008 1015
f 1015 1008 1034
f 1015 1034 1029
f 1029 1034 1035
f 1029 1035 1031
f 1031 1036 1033
f 1031 1035 1036
f 991 990 993
f 994 993 1006
f 994 1006 1037
f 1037 1026 1038
f 995 1007 992
f 995 1039 1007
f 1037 1006 1026
f 1027 1040 1038
f 1007 1039 1008
f 1008 1041 1034
f 1042 1038 1040
f 1040 1043 1044
f 1027 1028 1040
f 1045 1043 1028
f 1045 1046 1043
f 1047 1048 1046
f 1026 1027 1038
f 1028 1043 1040
f 1034 1049 1035
f 1035 1050 1036
f 1036 1051 1052
f 1046 1053 1043
f 1048 1054 1046
f 1010 1055 1009
f 1010 1018 1055
f 1009 1055 1017
f 1018 1025 1055
f 1056 1057 1022
f 1017 1055 1019
f 1019 1055 1020
f 1025 1058 1055
f 1058 1059 1055
f 1020 1055 1060
f 1061 1057 1062
f 1061 1062 1063
f 1064 1063 1065
f 1064 1066 1067
f 1062 1057 1055
f 1064 1065 1068
f 1060 1055 1056
f 1056 1055 1057
f 1063 1062 1065
f 1069 1070 1055
f 1055 1070 1071
f 1064 1068 1066
f 1062 1055 1065
f 1068 1065 1055
f 1072 1068 1055
f 1072 1066 1068
f 1072 1073 1066
f 1055 1071 1074
f 1055 1074 1075
f 1055 1075 1076
f 1073 1077 1066
f 1067 1066 1077
f 1073 1078 1079
f 1073 1079 1077
f 1080 1055 1081
f 1072 1080 1073
f 1082 1081 1055
f 1080 1081 1078
f 1055 1083 1084
f 1082 1085 1086
f 1082 1055 1087
f 1055 1084 1087
f 1082 1086 1081
f 1055 1088 1089
f 1081 1086 1078
f 1086 1090 1078
f 1086 1085 1091
f 1086 1091 1090
f 1072 1055 1080
f 1055 1092 1093
f 1080 1078 1073
f 1055 1076 1094
f 1055 1094 1092
f 1055 1093 1095
f 1055 1095 1088
f 1094 1096 1092
f 1093 1092 1097
f 1078 1090 1079
f 1079 1098 1077
f 1079 1099 1098
f 1079 1090 1099
f 1091 1100 1090
f 1091 1101 1102
f 1091 1102 1100
f 1099 1090 1100
f 1099 1100 1103
f 1100 1104 1103
f 1102 1105 1104
f 1102 1104 1100
f 1103 1104 1106
f 1104 1105 1107
f 1001 1017 1019
f 1011 1019 1020
f 1021 1013 1060
f 1018 1012 1025
f 1025 1016 1058
f 1013 1020 1060
f 1021 1056 1022
f 1058 1030 1059
f 1024 1022 1061
f 1024 1061 1108
f 1061 1063 1108
f 1063 1109 1108
f 1058 1016 1030
f 1059 1030 1032
f 1110 1032 1111
f 1021 1060 1056
f 1061 1022 1057
f 1059 1032 1110
f 1069 1110 1111
f 1059 1110 1055
f 1069 1112 1070
f 1064 1109 1063
f 1064 1067 1109
f 1069 1111 1112
f 1070 1112 1113
f 1071 1113 1114
f 1112 1115 1113
f 1113 1116 1114
f 1108 1045 1028
f 1108 1109 1045
f 1045 1109 1047
f 1024 1108 1028
f 1047 1109 1067
f 1047 1067 1117
f 1067 1077 1117
f 1117 1077 1098
f 1032 1033 1111
f 1111 1033 1118
f 1111 1118 1112
f 1112 1118 1115
f 1113 1115 1116
f 1033 1052 1118
f 1036 1052 1033
f 1118 1119 1115
f 1118 1052 1119
f 1115 1119 1120
f 1116 1115 1120
f 1116 1120 1121
f 1069 1055 1110
f 1070 1113 1071
f 1071 1114 1074
f 1074 1122 1075
f 1075 1122 1123
f 1074 1114 1122
f 1122 1114 1124
f 1116 1124 1114
f 1122 1125 1123
f 1122 1124 1125
f 1076 1075 1123
f 1076 1126 1094
f 1076 1123 1126
f 1094 1126 1096
f 1092 1096 1097
f 1096 1126 1127
f 1126 1128 1127
f 1126 1123 1128
f 1123 1125 1128
f 1125 1124 1129
f 1125 1130 1128
f 1125 1129 1130
f 1127 1128 1131
f 1128 1130 1131
f 1116 1121 1124
f 1124 1121 1129
f 1047 1117 1048
f 1045 1047 1046
f 1117 1132 1048
f 1117 1098 1132
f 1098 1133 1132
f 1132 1134 1048
f 1132 1133 1135
f 1133 1103 1136
f 1052 1137 1119
f 1119 1137 1138
f 1120 1139 1121
f 1119 1138 1120
f 1120 1138 1139
f 1098 1099 1133
f 1099 1103 1133
f 1130 1140 1131
f 1129 1121 1141
f 1121 1139 1141
f 1129 1142 1130
f 1129 1141 1142
f 1130 1142 1140
f 1139 1143 1141
f 1142 1141 1144
f 1043 1053 1044
f 1046 1054 1053
f 1048 1134 1054
f 1134 1145 1054
f 1134 1135 1146
f 1146 1135 1147
f 1107 1105 1148
f 1104 1107 1106
f 1107 1148 1149
f 1133 1136 1135
f 1106 1150 1136
f 1132 1135 1134
f 1135 1136 1147
f 1136 1150 1147
f 1103 1106 1136
f 1107 1151 1106
f 1106 1151 1150
f 1107 1149 1151
f 1141 1143 1144
f 1151 1152 1150
f 1150 1153 1147
f 1150 1152 1153
f 1149 1154 1151
f 1151 1154 1152
f 1149 1155 1154
f 1152 1156 1153
f 1152 1157 1156
f 1154 1155 1158
f 1158 1159 1160
f 1152 1154 1157
f 1154 1158 1157
f 1158 1161 1157
f 1158 1160 1161
f 1160 1162 1161
f 1160 1163 1162
f 1162 1163 1164
f 987 991 1165
f 991 994 1166
f 987 1167 988
f 994 1037 1168
f 988 1169 995
f 1037 1038 1170
f 995 1171 1039
f 1165 1166 1172
f 1173 1172 1166
f 1165 1172 1174
f 1165 1174 1167
f 1173 1168 1175
f 1173 1176 1172
f 1173 1177 1176
f 1172 1176 1178
f 1173 1175 1177
f 1172 1178 1174
f 1174 1179 1180
f 1175 1181 1177
f 1174 1178 1179
f 991 1166 1165
f 994 1168 1166
f 987 1165 1167
f 988 1167 1169
f 1173 1166 1168
f 1168 1170 1175
f 1170 1182 1175
f 1037 1170 1168
f 1042 1170 1038
f 1042 1044 1183
f 995 1169 1171
f 1039 1171 1184
f 1042 1182 1170
f 1042 1183 1182
f 1044 1185 1183
f 1185 1186 1187
f 1167 1180 1169
f 1167 1174 1180
f 1169 1188 1171
f 1169 1180 1188
f 1171 1189 1184
f 1171 1188 1189
f 1184 1189 1190
f 1182 1181 1175
f 1182 1183 1191
f 1192 1191 1183
f 1180 1193 1188
f 1182 1191 1181
f 1179 1193 1180
f 1188 1193 1194
f 1185 1192 1183
f 1185 1187 1192
f 1188 1194 1189
f 1189 1195 1190
f 1189 1194 1195
f 1008 1039 1041
f 1034 1041 1049
f 1039 1184 1041
f 1041 1196 1049
f 1049 1197 1050
f 1035 1049 1050
f 1036 1050 1051
f 1050 1198 1051
f 1051 1199 1137
f 1051 1137 1052
f 1138 1137 1200
f 1139 1138 1201
f 1042 1040 1044
f 1053 1185 1044
f 1053 1186 1185
f 1053 1054 1186
f 1054 1145 1186
f 1041 1184 1196
f 1049 1196 1197
f 1134 1146 1145
f 1050 1197 1198
f 1051 1198 1199
f 1197 1202 1198
f 1199 1198 1203
f 1145 1204 1186
f 1187 1186 1204
f 1145 1205 1204
f 1145 1146 1205
f 1146 1147 1206
f 1146 1206 1205
f 1206 1147 1153
f 1184 1190 1196
f 1196 1190 1207
f 1196 1207 1197
f 1197 1207 1202
f 1198 1202 1203
f 1207 1190 1208
f 1195 1208 1190
f 1207 1208 1209
f 1207 1209 1202
f 1203 1202 1210
f 1202 1209 1210
f 1137 1199 1200
f 1138 1200 1201
f 1199 1211 1200
f 1199 1203 1211
f 1201 1200 1212
f 1200 1211 1212
f 1139 1201 1143
f 1201 1213 1143
f 1144 1143 1214
f 1143 1213 1214
f 1201 1212 1213
f 1212 1211 1215
f 1212 1216 1213
f 1212 1215 1216
f 1217 1213 1216
f 1203 1218 1211
f 1203 1210 1218
f 1211 1218 1215
f 1181 1191 1219
f 1192 1220 1191
f 1192 1221 1220
f 1187 1204 1222
f 1204 1223 1222
f 1192 1187 1221
f 1187 1222 1221
f 1222 1223 1224
f 1224 1223 1225
f 1177 1226 1176
f 1176 1227 1178
f 1177 1228 1226
f 1176 1226 1227
f 1219 1229 1228
f 1181 1228 1177
f 1181 1219 1228
f 1191 1220 1219
f 1178 1230 1179
f 1178 1227 1230
f 1179 1230 1231
f 1219 1220 1232
f 1219 1232 1229
f 1220 1233 1232
f 1228 1234 1226
f 1226 1235 1227
f 1227 1236 1230
f 1228 1229 1234
f 1226 1234 1235
f 1232 1237 1229
f 1229 1238 1234
f 1234 1239 1235
f 1227 1235 1236
f 1230 1236 1240
f 1232 1233 1241
f 1235 1242 1236
f 1179 1231 1193
f 1193 1243 1194
f 1221 1233 1220
f 1193 1231 1243
f 1231 1244 1243
f 1194 1243 1245
f 1195 1194 1245
f 1221 1222 1246
f 1245 1243 1247
f 1221 1246 1233
f 1246 1248 1233
f 1222 1224 1246
f 1246 1224 1249
f 1224 1225 1250
f 1243 1244 1247
f 1230 1240 1231
f 1231 1240 1244
f 1240 1251 1244
f 1236 1252 1240
f 1247 1244 1253
f 1229 1237 1238
f 1234 1238 1239
f 1241 1254 1237
f 1233 1248 1241
f 1232 1241 1237
f 1235 1239 1242
f 1236 1242 1252
f 1241 1255 1254
f 1241 1248 1255
f 1246 1249 1248
f 1224 1250 1249
f 1250 1256 1249
f 1250 1257 1256
f 1256 1257 1258
f 1249 1259 1248
f 1249 1256 1259
f 1240 1252 1251
f 1248 1259 1255
f 1252 1260 1261
f 1244 1251 1253
f 1252 1261 1251
f 1251 1262 1253
f 1251 1261 1262
f 1256 1263 1259
f 1259 1264 1255
f 1259 1263 1264
f 1256 1258 1263
f 1205 1223 1204
f 1205 1265 1223
f 1206 1153 1266
f 1206 1265 1205
f 1206 1266 1265
f 1266 1267 1265
f 1156 1268 1266
f 1266 1268 1267
f 1265 1225 1223
f 1208 1269 1209
f 1209 1269 1270
f 1209 1270 1210
f 1265 1267 1225
f 1267 1271 1225
f 1268 1272 1267
f 1153 1156 1266
f 1157 1273 1156
f 1216 1215 1274
f 1157 1161 1273
f 1161 1275 1273
f 1156 1273 1268
f 1268 1273 1276
f 1218 1210 1277
f 1218 1277 1278
f 1210 1270 1277
f 1270 1279 1277
f 1218 1278 1215
f 1215 1278 1274
f 1278 1277 1280
f 1278 1281 1274
f 1278 1280 1281
f 1277 1279 1280
f 1279 1282 1280
f 1267 1272 1271
f 1272 1283 1271
f 1268 1276 1272
f 1276 1284 1272
f 1276 1285 1284
f 1272 1284 1283
f 1284 1286 1287
f 1273 1275 1276
f 1276 1275 1285
f 1275 1288 1285
f 1161 1162 1275
f 1162 1288 1275
f 1162 1164 1288
f 1164 1289 1288
f 1288 1289 1290
f 1279 1291 1282
f 1291 1292 1282
f 1288 1290 1285
f 1285 1290 1286
f 1285 1286 1284
f 1195 1293 1208
f 1195 1245 1293
f 1208 1293 1269
f 1245 1294 1293
f 1293 1295 1269
f 1270 1269 1296
f 1245 1247 1294
f 1293 1294 1295
f 1269 1295 1296
f 1295 1294 1297
f 1247 1298 1294
f 1270 1296 1279
f 1295 1299 1296
f 1279 1296 1291
f 1250 1225 1271
f 1250 1271 1257
f 1271 1283 1257
f 1294 1298 1297
f 1295 1297 1299
f 1283 1287 1300
f 1283 1300 1257
f 1258 1257 1300
f 1284 1287 1283
f 1247 1253 1298
f 1298 1253 1301
f 1253 1262 1301
f 1298 1301 1302
f 1297 1298 1302
f 1261 1303 1262
f 1261 1304 1303
f 1301 1305 1302
f 1301 1306 1305
f 1301 1262 1306
f 1306 1262 1303
f 1296 1299 1291
f 1297 1307 1299
f 1297 1302 1307
f 1291 1299 1308
f 1291 1308 1292
f 1308 1299 1307
f 1307 1302 1309
f 1308 1307 1310
f 1307 1309 1310
f 1302 1305 1309
f 1311 1312 1313
f 1311 1313 1314
f 1314 1315 1316
f 1317 1316 1315
f 1312 1318 1313
f 1319 1315 1313
f 1314 1313 1315
f 1319 1313 1318
f 1319 1318 1320
f 1320 1318 1321
f 1320 1321 1322
f 1319 1323 1324
f 1319 1324 1315
f 1317 1315 1324
f 1319 1320 1323
f 1323 1320 1325
f 1325 1320 1322
f 1325 1322 1326
f 1083 1327 1084
f 1327 1328 1084
f 1327 1329 1328
f 1329 1101 1328
f 1330 1331 1332
f 1083 1331 1330
f 1332 1331 1089
f 1083 1330 1327
f 1330 1333 1327
f 1327 1333 1329
f 1330 1332 1334
f 1330 1334 1333
f 1329 1335 1336
f 1335 1333 1337
f 1329 1333 1335
f 1334 1337 1333
f 1334 1338 1337
f 1055 1331 1083
f 1082 1087 1085
f 1084 1328 1087
f 1087 1328 1085
f 1055 1089 1331
f 1088 1095 1339
f 1088 1340 1089
f 1085 1328 1101
f 1091 1085 1101
f 1093 1341 1095
f 1093 1097 1341
f 1095 1341 1339
f 1341 1097 1342
f 1332 1089 1340
f 1088 1339 1340
f 1340 1339 1343
f 1343 1339 1344
f 1341 1344 1339
f 1341 1342 1344
f 1102 1101 1336
f 1329 1336 1101
f 1343 1344 1345
f 1345 1344 1346
f 1344 1342 1346
f 1346 1342 1347
f 1332 1348 1334
f 1332 1340 1348
f 1340 1343 1348
f 1334 1348 1338
f 1348 1349 1338
f 1348 1343 1349
f 1349 1343 1345
f 1335 1350 1336
f 1335 1337 1351
f 1335 1351 1350
f 1352 1351 1337
f 1351 1353 1350
f 1102 1336 1105
f 1336 1350 1105
f 1346 1347 1354
f 1347 1355 1354
f 1350 1148 1105
f 1352 1337 1338
f 1311 1338 1349
f 1352 1338 1311
f 1311 1349 1312
f 1312 1349 1345
f 1312 1345 1356
f 1352 1357 1351
f 1352 1311 1314
f 1345 1346 1356
f 1356 1346 1354
f 1355 1358 1354
f 1356 1354 1321
f 1096 1359 1097
f 1096 1127 1359
f 1342 1097 1359
f 1127 1360 1359
f 1127 1131 1360
f 1342 1359 1347
f 1347 1359 1360
f 1360 1131 1361
f 1131 1140 1361
f 1347 1360 1355
f 1360 1361 1355
f 1140 1362 1361
f 1142 1363 1140
f 1355 1361 1364
f 1312 1356 1318
f 1357 1353 1351
f 1357 1365 1353
f 1353 1365 1366
f 1350 1353 1148
f 1353 1366 1148
f 1149 1148 1366
f 1352 1314 1357
f 1357 1316 1365
f 1357 1314 1316
f 1354 1358 1321
f 1358 1364 1367
f 1364 1368 1367
f 1366 1365 1369
f 1149 1366 1155
f 1366 1369 1155
f 1316 1370 1365
f 1369 1365 1370
f 1317 1370 1316
f 1364 1361 1362
f 1142 1144 1363
f 1140 1363 1362
f 1144 1371 1363
f 1362 1363 1372
f 1363 1371 1372
f 1355 1364 1358
f 1364 1362 1368
f 1368 1362 1372
f 1368 1372 1373
f 1373 1372 1374
f 1372 1371 1374
f 1374 1371 1375
f 1318 1356 1321
f 1322 1321 1358
f 1322 1358 1367
f 1322 1367 1326
f 1326 1367 1376
f 1368 1376 1367
f 1368 1373 1376
f 1377 1378 1379
f 1379 1378 1380
f 1324 1323 1381
f 1324 1381 1382
f 1381 1383 1382
f 1317 1324 1382
f 1317 1382 1384
f 1384 1382 1385
f 1323 1377 1381
f 1323 1325 1377
f 1325 1326 1386
f 1326 1387 1386
f 1377 1379 1381
f 1388 1387 1389
f 1383 1385 1382
f 1383 1390 1385
f 1379 1383 1381
f 1379 1391 1383
f 1383 1391 1390
f 1391 1392 1390
f 1379 1380 1391
f 1391 1380 1393
f 1391 1393 1392
f 1393 1394 1395
f 1393 1395 1392
f 1369 1159 1155
f 1369 1396 1159
f 1396 1397 1159
f 1369 1370 1396
f 1384 1396 1370
f 1317 1384 1370
f 1384 1398 1396
f 1384 1385 1398
f 1385 1399 1398
f 1396 1398 1397
f 1398 1400 1397
f 1158 1155 1159
f 1374 1375 1401
f 1375 1402 1401
f 1160 1159 1397
f 1160 1397 1163
f 1402 1403 1404
f 1376 1373 1389
f 1373 1405 1389
f 1326 1376 1387
f 1387 1376 1389
f 1389 1405 1406
f 1388 1389 1406
f 1406 1405 1407
f 1406 1407 1408
f 1373 1374 1405
f 1374 1401 1405
f 1405 1401 1407
f 1402 1404 1401
f 1407 1401 1404
f 1403 1409 1404
f 1407 1404 1410
f 1398 1399 1400
f 1399 1411 1400
f 1399 1412 1411
f 1411 1412 1413
f 1397 1400 1163
f 1400 1414 1163
f 1164 1163 1414
f 1400 1411 1414
f 1164 1414 1415
f 1414 1416 1415
f 1411 1416 1414
f 1411 1413 1416
f 1385 1390 1399
f 1390 1412 1399
f 1390 1392 1412
f 1407 1410 1408
f 1392 1417 1412
f 1413 1412 1417
f 1392 1395 1417
f 1409 1418 1419
f 1410 1404 1409
f 1410 1409 1420
f 1409 1419 1420
f 1419 1421 1422
f 1325 1386 1377
f 1377 1386 1378
f 1423 1424 1378
f 1423 1378 1386
f 1423 1388 1425
f 1423 1386 1387
f 1423 1387 1388
f 1388 1406 1426
f 1424 1427 1428
f 1378 1424 1380
f 1424 1428 1380
f 1393 1380 1428
f 1423 1425 1424
f 1424 1425 1427
f 1425 1429 1427
f 1425 1426 1429
f 1429 1426 1430
f 1427 1431 1428
f 1428 1431 1394
f 1427 1429 1432
f 1427 1432 1431
f 1426 1406 1408
f 1425 1388 1426
f 1426 1408 1430
f 1430 1408 1433
f 1393 1428 1394
f 1430 1433 1434
f 1433 1435 1434
f 1429 1430 1436
f 1432 1429 1436
f 1436 1430 1434
f 1433 1408 1410
f 1433 1410 1420
f 1433 1420 1435
f 1435 1420 1437
f 1419 1437 1420
f 1419 1422 1437
f 1144 1214 1371
f 1214 1213 1217
f 1371 1214 1375
f 1214 1217 1375
f 1217 1402 1375
f 1217 1438 1402
f 1217 1216 1438
f 1216 1274 1438
f 1438 1274 1439
f 1402 1438 1403
f 1439 1274 1281
f 1403 1438 1439
f 1403 1439 1418
f 1439 1281 1440
f 1280 1441 1281
f 1418 1439 1440
f 1164 1415 1289
f 1281 1441 1440
f 1280 1282 1441
f 1441 1282 1442
f 1442 1282 1292
f 1440 1441 1443
f 1441 1442 1443
f 1442 1444 1443
f 1442 1445 1444
f 1442 1292 1445
f 1445 1292 1446
f 1403 1418 1409
f 1418 1440 1421
f 1419 1418 1421
f 1421 1440 1443
f 1421 1443 1447
f 1447 1443 1444
f 1421 1447 1422
f 1308 1446 1292
f 1308 1310 1446
f 1263 1448 1264
f 1258 1449 1450
f 1263 1258 1450
f 1263 1450 1448
f 1450 1451 1448
f 1450 1452 1451
f 1289 1453 1454
f 1286 1455 1456
f 1290 1455 1286
f 1289 1454 1290
f 1290 1454 1455
f 1454 1453 1457
f 1454 1458 1455
f 1455 1458 1459
f 1454 1457 1458
f 1458 1457 1460
f 1458 1460 1461
f 1300 1462 1449
f 1287 1456 1462
f 1287 1286 1456
f 1287 1462 1300
f 1456 1463 1462
f 1462 1463 1464
f 1463 1465 1464
f 1258 1300 1449
f 1450 1449 1452
f 1462 1464 1449
f 1303 1304 1466
f 1306 1303 1467
f 1303 1466 1467
f 1468 1469 1466
f 1449 1464 1452
f 1451 1452 1470
f 1451 1470 1471
f 1452 1472 1470
f 1452 1464 1472
f 1464 1465 1472
f 1468 1473 1469
f 1474 1475 1473
f 1456 1455 1459
f 1309 1305 1476
f 1476 1477 1478
f 1456 1459 1463
f 1459 1479 1463
f 1479 1465 1463
f 1458 1461 1459
f 1459 1461 1479
f 1480 1478 1477
f 1306 1467 1477
f 1306 1477 1305
f 1467 1466 1481
f 1305 1477 1476
f 1480 1477 1467
f 1481 1466 1469
f 1482 1469 1473
f 1482 1473 1475
f 1480 1467 1481
f 1481 1469 1483
f 1480 1481 1484
f 1481 1483 1484
f 1483 1469 1482
f 1471 1470 1485
f 1472 1465 1486
f 1472 1486 1487
f 1472 1487 1470
f 1487 1485 1470
f 1488 1489 1490
f 1491 1492 1485
f 1487 1493 1485
f 1493 1491 1485
f 1491 1494 1492
f 1494 1495 1492
f 1479 1496 1465
f 1465 1496 1486
f 1479 1461 1497
f 1461 1498 1497
f 1479 1497 1496
f 1497 1499 1496
f 1496 1500 1486
f 1500 1501 1486
f 1496 1499 1500
f 1502 1475 1503
f 1502 1503 1490
f 1482 1475 1504
f 1502 1504 1475
f 1487 1486 1501
f 1487 1501 1493
f 1494 1505 1495
f 1505 1489 1495
f 1506 1490 1489
f 1505 1506 1489
f 1502 1490 1507
f 1506 1507 1490
f 1501 1508 1509
f 1510 1493 1509
f 1501 1509 1493
f 1510 1511 1491
f 1500 1508 1501
f 1494 1511 1512
f 1510 1491 1493
f 1491 1511 1494
f 1494 1512 1505
f 1395 1394 1513
f 1416 1514 1415
f 1413 1515 1416
f 1416 1515 1514
f 1515 1516 1514
f 1515 1517 1516
f 1413 1417 1518
f 1417 1519 1518
f 1519 1520 1518
f 1395 1519 1417
f 1395 1513 1519
f 1513 1521 1519
f 1519 1521 1520
f 1521 1522 1520
f 1521 1523 1522
f 1413 1518 1515
f 1518 1517 1515
f 1447 1524 1422
f 1518 1520 1517
f 1520 1525 1517
f 1516 1517 1526
f 1517 1525 1526
f 1520 1522 1525
f 1525 1527 1526
f 1522 1528 1525
f 1522 1529 1528
f 1525 1528 1527
f 1528 1530 1527
f 1528 1531 1530
f 1432 1532 1431
f 1432 1533 1532
f 1532 1533 1534
f 1431 1532 1535
f 1532 1534 1536
f 1394 1535 1513
f 1431 1535 1394
f 1513 1535 1537
f 1532 1536 1535
f 1435 1538 1539
f 1535 1536 1537
f 1513 1537 1521
f 1536 1540 1537
f 1537 1540 1523
f 1536 1541 1540
f 1534 1541 1536
f 1432 1436 1533
f 1436 1542 1533
f 1436 1434 1542
f 1533 1542 1543
f 1434 1539 1542
f 1542 1539 1544
f 1534 1533 1543
f 1534 1543 1545
f 1543 1546 1545
f 1534 1545 1541
f 1542 1544 1543
f 1543 1544 1546
f 1544 1547 1546
f 1544 1548 1547
f 1544 1539 1548
f 1547 1548 1549
f 1435 1539 1434
f 1538 1548 1539
f 1548 1550 1549
f 1538 1550 1548
f 1550 1551 1549
f 1541 1552 1553
f 1541 1553 1540
f 1553 1552 1554
f 1546 1555 1545
f 1545 1555 1552
f 1546 1547 1556
f 1546 1556 1555
f 1547 1557 1556
f 1547 1549 1557
f 1549 1558 1557
f 1556 1557 1559
f 1556 1560 1555
f 1556 1559 1560
f 1545 1552 1541
f 1549 1551 1558
f 1558 1551 1561
f 1555 1562 1552
f 1555 1560 1562
f 1552 1562 1554
f 1558 1561 1563
f 1561 1564 1563
f 1435 1437 1538
f 1538 1565 1550
f 1437 1565 1538
f 1537 1523 1521
f 1550 1565 1566
f 1437 1422 1565
f 1422 1524 1565
f 1567 1568 1524
f 1565 1524 1566
f 1567 1569 1568
f 1568 1569 1570
f 1569 1571 1570
f 1566 1524 1568
f 1566 1568 1572
f 1572 1568 1570
f 1550 1566 1551
f 1551 1566 1572
f 1540 1573 1523
f 1522 1523 1529
f 1523 1573 1529
f 1540 1553 1573
f 1573 1574 1529
f 1553 1575 1573
f 1553 1554 1575
f 1573 1575 1574
f 1570 1571 1576
f 1571 1577 1576
f 1528 1529 1531
f 1529 1574 1531
f 1551 1572 1561
f 1561 1572 1578
f 1561 1578 1564
f 1564 1578 1579
f 1572 1570 1578
f 1578 1570 1576
f 1578 1576 1579
f 1579 1576 1580
f 1577 1580 1576
f 1577 1581 1580
f 1530 1582 1583
f 1559 1584 1560
f 1559 1585 1584
f 1562 1586 1554
f 1562 1587 1586
f 1586 1587 1588
f 1560 1587 1562
f 1560 1584 1587
f 1584 1585 1589
f 1584 1590 1587
f 1587 1590 1588
f 1584 1589 1590
f 1589 1591 1590
f 1554 1592 1575
f 1575 1593 1574
f 1574 1593 1594
f 1575 1592 1593
f 1593 1595 1594
f 1574 1594 1531
f 1531 1594 1596
f 1530 1531 1596
f 1530 1596 1582
f 1597 1582 1598
f 1596 1599 1582
f 1594 1600 1596
f 1597 1598 1601
f 1598 1582 1599
f 1601 1602 1603
f 1598 1604 1601
f 1603 1602 1605
f 1600 1599 1596
f 1594 1595 1600
f 1600 1606 1599
f 1606 1607 1599
f 1598 1599 1607
f 1598 1607 1604
f 1601 1604 1602
f 1554 1586 1592
f 1586 1608 1592
f 1593 1592 1609
f 1564 1579 1610
f 1579 1611 1610
f 1610 1611 1612
f 1586 1588 1608
f 1592 1608 1609
f 1593 1609 1595
f 1609 1613 1595
f 1595 1613 1614
f 1608 1615 1609
f 1609 1615 1613
f 1608 1588 1616
f 1588 1617 1616
f 1590 1617 1588
f 1590 1591 1617
f 1611 1618 1612
f 1608 1616 1615
f 1580 1581 1619
f 1581 1620 1619
f 1620 1621 1622
f 1579 1580 1611
f 1580 1619 1611
f 1611 1619 1618
f 1623 1619 1620
f 1600 1595 1614
f 1600 1614 1606
f 1624 1622 1621
f 1624 1625 1626
f 1625 1627 1626
f 1618 1619 1623
f 1618 1623 1628
f 1623 1629 1628
f 1623 1622 1629
f 1629 1622 1630
f 1623 1620 1622
f 1624 1630 1622
f 1624 1626 1630
f 1631 1605 21
f 1631 20 23
f 1607 34 1604
f 1602 17 1605
f 1604 22 1602
f 1604 34 6
f 1631 21 20
f 1605 19 21
f 1605 17 19
f 1602 18 17
f 1602 22 18
f 1604 6 22
f 1613 26 1614
f 1613 27 26
f 1617 1632 1616
f 1616 33 1615
f 1615 33 32
f 1615 28 1613
f 1613 28 27
f 1615 32 28
f 1616 30 29
f 1616 29 33
f 1616 1632 30
f 1632 31 30
f 1614 24 1606
f 1606 24 38
f 1606 36 1607
f 1607 37 34
f 1607 35 37
f 1607 36 35
f 1606 38 36
f 1614 25 24
f 1614 26 25
f 1633 73 1634
f 1633 71 74
f 1633 74 73
f 1630 1626 101
f 1626 48 50
f 1629 1630 98
f 1630 101 99
f 1626 50 101
f 1626 1627 46
f 1627 75 47
f 1627 47 46
f 1627 1634 75
f 1634 73 72
f 1634 72 75
f 1626 46 45
f 1626 45 48
f 1415 1514 1453
f 1415 1453 1289
f 1514 1635 1453
f 1453 1635 1457
f 1635 1636 1457
f 1514 1516 1635
f 1516 1637 1635
f 1516 1526 1637
f 1635 1637 1636
f 1445 1446 1638
f 1446 1639 1638
f 1457 1636 1460
f 1447 1444 1567
f 1447 1567 1524
f 1567 1640 1569
f 1567 1444 1640
f 1569 1640 1641
f 1641 1642 1643
f 1445 1640 1444
f 1445 1638 1640
f 1638 1639 1642
f 1640 1638 1641
f 1641 1638 1642
f 1642 1644 1645
f 1642 1639 1644
f 1646 1647 1644
f 1645 1644 1647
f 1642 1645 1643
f 1637 1648 1636
f 1637 1649 1648
f 1636 1650 1460
f 1461 1460 1498
f 1650 1498 1460
f 1636 1648 1650
f 1650 1651 1498
f 1498 1651 1652
f 1648 1653 1650
f 1650 1653 1651
f 1526 1649 1637
f 1526 1527 1649
f 1527 1583 1649
f 1583 1654 1649
f 1648 1649 1654
f 1648 1654 1653
f 1530 1583 1527
f 1647 1655 1656
f 1657 1656 1655
f 1645 1647 1658
f 1647 1656 1658
f 1657 1659 1660
f 1660 1659 1661
f 1657 1662 1656
f 1657 1660 1662
f 1446 1310 1639
f 1310 1663 1639
f 1476 1646 1663
f 1309 1663 1310
f 1309 1476 1663
f 1639 1663 1644
f 1476 1478 1646
f 1480 1664 1478
f 1480 1484 1664
f 1663 1646 1644
f 1646 1478 1655
f 1655 1478 1664
f 1646 1655 1647
f 1483 1665 1484
f 1483 1666 1665
f 1659 1664 1484
f 1659 1484 1665
f 1497 1498 1652
f 1497 1652 1499
f 1667 1666 1504
f 1667 1504 1668
f 1669 1665 1666
f 1667 1669 1666
f 1483 1482 1666
f 1482 1504 1666
f 1502 1668 1504
f 1502 1507 1668
f 1657 1655 1664
f 1657 1664 1659
f 1661 1659 1665
f 1661 1665 1669
f 1569 1641 1571
f 1571 1641 1643
f 1571 1643 1577
f 1577 1643 1670
f 1645 1670 1643
f 1645 1658 1670
f 1670 1658 1671
f 1672 1671 1658
f 1577 1670 1581
f 1581 1670 1671
f 1656 1672 1658
f 1656 1662 1672
f 1652 1673 1499
f 1510 1509 1674
f 1675 1509 1508
f 1676 1677 1673
f 1652 1651 1678
f 1499 1673 1677
f 1652 1678 1673
f 1679 1508 1677
f 1680 1512 1511
f 1681 1682 1512
f 1679 1675 1508
f 1674 1509 1675
f 1510 1674 1683
f 1683 1680 1511
f 1654 1684 1653
f 1653 1684 1685
f 1685 1686 1678
f 1583 1597 1654
f 1583 1582 1597
f 1597 1601 1684
f 1597 1684 1654
f 1603 1685 1684
f 1676 1673 1687
f 1674 1675 1688
f 1675 1689 1688
f 1679 1689 1675
f 1674 1688 1690
f 1601 1603 1684
f 1631 1687 1686
f 1691 1676 1692
f 1631 1692 1687
f 1687 1678 1686
f 1603 1686 1685
f 1691 1679 1676
f 1692 1676 1687
f 1691 1689 1679
f 1680 1693 1681
f 1683 1690 1694
f 1695 1681 1696
f 1680 1694 1693
f 1653 1685 1651
f 1651 1685 1678
f 1687 1673 1678
f 1667 1697 1698
f 1695 1699 1682
f 1700 1701 1699
f 1661 1702 1703
f 1698 1697 1704
f 1669 1698 1702
f 1661 1669 1702
f 1660 1661 1703
f 1701 1705 1697
f 1676 1679 1677
f 1674 1690 1683
f 1683 1694 1680
f 1680 1681 1512
f 1695 1682 1681
f 1695 1700 1699
f 1697 1705 1704
f 1700 1705 1701
f 1689 11 1688
f 1688 53 1690
f 1500 1499 1677
f 1500 1677 1508
f 1510 1683 1511
f 1505 1682 1506
f 1505 1512 1682
f 1506 1699 1507
f 1699 1701 1507
f 1701 1668 1507
f 1506 1682 1699
f 1701 1697 1668
f 1667 1668 1697
f 1667 1698 1669
f 1672 1662 1706
f 1662 1707 1706
f 1708 1703 1702
f 1621 1671 1672
f 1621 1672 1706
f 1625 1706 1707
f 1709 1707 1703
f 1603 1605 1686
f 1631 1686 1605
f 1708 1702 1710
f 1681 1693 1696
f 1695 1696 1711
f 1695 1711 1700
f 1712 1704 1705
f 1713 1700 1711
f 1713 1705 1700
f 1709 1625 1707
f 1712 1714 1704
f 1633 1708 1710
f 1633 1710 1714
f 1709 1703 1708
f 1714 1710 1704
f 1713 1712 1705
f 1660 1707 1662
f 1660 1703 1707
f 1698 1710 1702
f 1698 1704 1710
f 1581 1671 1620
f 1620 1671 1621
f 1624 1621 1706
f 1624 1706 1625
f 1709 1708 1634
f 1709 1627 1625
f 1633 1634 1708
f 1709 1634 1627
f 1691 1692 10
f 1691 13 1689
f 1690 56 1694
f 1631 23 1692
f 1694 58 1693
f 1693 60 1696
f 1689 13 12
f 1691 14 13
f 1691 10 14
f 1689 12 11
f 1688 11 51
f 1688 51 53
f 1690 53 54
f 1690 54 55
f 1692 15 10
f 1692 16 15
f 1692 23 16
f 1690 55 56
f 1694 56 57
f 1694 57 58
f 1693 58 61
f 1696 62 1711
f 1713 1711 64
f 1713 65 66
f 1713 66 1712
f 1693 61 60
f 1696 59 62
f 1696 60 59
f 1713 64 65
f 1711 62 63
f 1711 63 64
f 1712 70 1714
f 1712 67 68
f 1712 66 67
f 1712 68 70
f 1633 1714 71
f 1714 70 69
f 1714 69 71
f 1237 1715 1238
f 1238 1715 1716
f 1238 1716 1239
f 1237 1254 1715
f 1239 1717 1242
f 1239 1716 1717
f 1254 1718 1715
f 1254 1719 1718
f 1715 1718 1720
f 1255 1719 1254
f 1716 1721 1717
f 1255 1264 1719
f 1715 1720 1716
f 1716 1720 1721
f 1242 1260 1252
f 1242 1717 1260
f 1717 1722 1260
f 1717 1721 1722
f 1260 1304 1261
f 1260 1722 1304
f 1719 1264 1723
f 1718 1719 1724
f 1718 1725 1720
f 1719 1723 1724
f 1718 1724 1725
f 1264 1448 1723
f 1448 1726 1723
f 1720 1727 1721
f 1720 1725 1727
f 1724 1723 1728
f 1724 1729 1725
f 1721 1730 1722
f 1721 1727 1730
f 1725 1731 1727
f 1723 1726 1728
f 1726 1732 1728
f 1724 1728 1729
f 1448 1451 1726
f 1726 1471 1732
f 1728 1732 1733
f 1451 1471 1726
f 1725 1729 1731
f 1728 1733 1729
f 1722 1468 1304
f 1722 1730 1468
f 1304 1468 1466
f 1727 1474 1730
f 1468 1730 1473
f 1727 1731 1474
f 1474 1473 1730
f 1729 1488 1731
f 1729 1733 1488
f 1474 1731 1503
f 1731 1488 1503
f 1474 1503 1475
f 1471 1492 1732
f 1732 1495 1733
f 1471 1485 1492
f 1732 1492 1495
f 1733 1489 1488
f 1503 1488 1490
f 1495 1489 1733
f 1559 1557 1734
f 1558 1734 1557
f 1558 1563 1734
f 1559 1734 1585
f 1734 1563 1735
f 1734 1735 1585
f 1563 1736 1735
f 1585 1735 1737
f 1735 1736 1738
f 1564 1736 1563
f 1589 1585 1737
f 1735 1738 1737
f 1738 1736 1739
f 1589 1737 1740
f 1589 1740 1591
f 1737 1738 1741
f 1737 1741 1740
f 1738 1742 1741
f 1738 1739 1742
f 1741 1743 1740
f 1741 1744 1743
f 1741 1742 1744
f 1742 1745 1744
f 1564 1610 1736
f 1610 1739 1736
f 1610 1612 1739
f 1739 1746 1742
f 1739 1612 1746
f 1612 1747 1746
f 1618 1747 1612
f 1618 1628 1747
f 1617 1591 1748
f 1740 1749 1591
f 1746 1747 1750
f 1591 1749 1748
f 1617 1748 1632
f 1748 31 1632
f 1743 31 1749
f 1749 31 1748
f 1740 1743 1749
f 1743 1744 31
f 1744 1745 31
f 1745 1750 31
f 1747 95 94
f 1747 94 87
f 1747 1628 95
f 1628 96 95
f 1628 100 96
f 1747 87 1750
f 1750 86 31
f 1742 1746 1745
f 1745 1746 1750
f 1750 87 86
f 1629 98 97
f 1629 100 1628
f 1629 97 100
f 1630 99 98
f 1751 1752 1753
f 1754 1751 1753
f 1755 1756 1757
f 1758 1759 1753
f 1759 1754 1753
f 1758 1753 1755
f 1758 1755 1760
f 1758 1761 1762
f 1758 1763 1764
f 1758 1760 1763
f 1758 1764 1761
f 1755 1765 1766
f 1755 1766 1760
f 1755 1767 1768
f 1755 1768 1769
f 1755 1770 1771
f 1755 1769 1770
f 1755 1772 1767
f 1755 1757 1772
f 1755 1773 1765
f 1755 1771 1773
f 1756 1774 1775
f 1756 1776 1777
f 1756 1778 1776
f 1756 1777 1774
f 1756 1779 1778
f 1756 1780 1779
f 1756 1781 1780
f 1782 1778 1779
f 1783 1782 1779
f 1755 1753 1756
f 1756 1753 1781
f 1756 1784 1757
f 1756 1785 1786
f 1756 1787 1784
f 1756 1786 1787
f 1756 1775 1788
f 1756 1788 1785
f 1754 1789 1751
f 1751 1790 1752
f 1759 1791 1754
f 1758 1792 1759
f 1751 1789 1790
f 1754 1791 1789
f 1759 1792 1791
f 1758 1793 1792
f 1758 1762 1793
f 1794 1795 1796
f 1794 1797 1795
f 1794 1796 1798
f 1799 1798 1800
f 1793 1762 1801
f 1802 1801 1803
f 1802 1803 1804
f 1802 1804 1805
f 1802 1805 1806
f 1802 1806 1807
f 1802 1807 1808
f 1802 1809 1810
f 1802 1808 1811
f 1802 1811 1809
f 1802 1810 1812
f 1802 1812 1813
f 1802 1813 1814
f 1802 1814 1815
f 1794 1815 1816
f 1794 1816 1817
f 1794 1817 1818
f 1794 1819 1820
f 1794 1820 1821
f 1794 1822 1823
f 1794 1821 1824
f 1794 1824 1822
f 1794 1818 1819
f 1794 1823 1825
f 1794 1825 1797
f 1793 1801 1802
f 1802 1815 1794
f 1794 1798 1799
f 1789 1826 1790
f 1791 1827 1789
f 1792 1828 1791
f 1793 1829 1792
f 1789 1827 1826
f 1791 1828 1827
f 1793 1802 1830
f 1802 1794 1831
f 1794 1799 1832
f 1792 1829 1828
f 1793 1830 1829
f 1802 1831 1830
f 1827 1833 1826
f 1829 1833 1828
f 1827 1828 1833
f 1794 1832 1831
f 1832 1799 1834
f 1830 1833 1829
f 1830 1831 1833
f 1832 1833 1831
f 1832 1834 1833
f 1835 1836 1837
f 1753 1837 1781
f 1835 1837 1753
f 1835 1753 1838
f 1838 1753 1839
f 1839 1753 1840
f 1840 1753 1841
f 1841 1753 1842
f 1842 1753 1843
f 1799 1844 1845
f 1799 1845 1836
f 1799 1846 1844
f 1835 1799 1836
f 1799 1847 1848
f 1799 1849 1847
f 1799 1848 1850
f 1799 1850 1846
f 1799 1800 1851
f 1799 1851 1849
f 1835 1838 1852
f 1838 1839 1853
f 1835 1852 1799
f 1838 1853 1852
f 1839 1854 1853
f 1839 1840 1854
f 1840 1841 1855
f 1841 1842 1856
f 1842 1843 1857
f 1840 1855 1854
f 1841 1856 1855
f 1842 1857 1856
f 1857 1843 1858
f 1799 1852 1834
f 1852 1853 1859
f 1853 1854 1860
f 1854 1855 1861
f 1852 1859 1834
f 1853 1860 1859
f 1834 1859 1833
f 1859 1860 1833
f 1860 1861 1833
f 1861 1862 1833
f 1854 1861 1860
f 1855 1862 1861
f 1862 1863 1833
f 1863 1864 1833
f 1864 1865 1833
f 1855 1856 1862
f 1863 1856 1857
f 1857 1858 1864
f 1862 1856 1863
f 1863 1857 1864
f 1864 1858 1865
f 1752 1866 1753
f 1866 1867 1753
f 1867 1868 1753
f 1868 1869 1753
f 1869 1870 1753
f 1870 1871 1753
f 1871 1872 1753
f 1753 1872 1873
f 1871 1874 1872
f 1752 1875 1866
f 1866 1876 1867
f 1867 1877 1868
f 1868 1878 1869
f 1752 1790 1875
f 1866 1875 1876
f 1867 1876 1877
f 1868 1877 1878
f 1869 1879 1870
f 1870 1880 1871
f 1871 1881 1874
f 1881 1882 1874
f 1881 1883 1882
f 1881 1884 1883
f 1881 1885 1884
f 1881 1886 1885
f 1881 1887 1886
f 1881 1888 1887
f 1881 1889 1888
f 1881 1890 1889
f 1869 1878 1879
f 1870 1879 1880
f 1871 1880 1881
f 1790 1891 1875
f 1875 1892 1876
f 1876 1893 1877
f 1790 1826 1891
f 1875 1891 1892
f 1876 1892 1893
f 1894 1878 1877
f 1895 1879 1878
f 1879 1896 1880
f 1880 1897 1881
f 1893 1894 1877
f 1894 1895 1878
f 1826 1833 1891
f 1891 1833 1892
f 1892 1833 1893
f 1895 1896 1879
f 1880 1896 1897
f 1893 1833 1894
f 1894 1833 1895
f 1895 1833 1896
f 1896 1833 1897
f 1753 1873 1898
f 1753 1898 1899
f 1900 1901 1902
f 1898 1873 1903
f 1898 1903 1902
f 1898 1902 1904
f 1904 1902 1901
f 1898 1904 1905
f 1898 1905 1906
f 1898 1906 1907
f 1898 1907 1908
f 1898 1908 1909
f 1898 1909 1910
f 1898 1910 1911
f 1898 1911 1912
f 1898 1912 1913
f 1898 1913 1914
f 1753 1899 1915
f 1753 1916 1917
f 1753 1915 1916
f 1898 1914 1899
f 1899 1914 1918
f 1899 1918 1919
f 1899 1920 1921
f 1899 1921 1922
f 1899 1919 1923
f 1899 1923 1920
f 1899 1922 1924
f 1899 1924 1925
f 1899 1926 1915
f 1899 1925 1927
f 1899 1927 1926
f 1915 1926 1928
f 1915 1928 1929
f 1915 1929 1930
f 1915 1930 1931
f 1753 1917 1932
f 1753 1932 1843
f 1881 1933 1890
f 1934 1935 1933
f 1934 1936 1935
f 1934 1937 1936
f 1915 1931 1938
f 1934 1939 1937
f 1934 1940 1939
f 1934 1941 1940
f 1934 1942 1941
f 1934 1943 1942
f 1934 1944 1943
f 1934 1945 1944
f 1934 1946 1945
f 1934 1947 1946
f 1934 1948 1947
f 1934 1949 1948
f 1950 1951 1949
f 1950 1952 1951
f 1950 1953 1952
f 1950 1954 1953
f 1950 1955 1954
f 1950 1956 1955
f 1950 1957 1956
f 1950 1958 1957
f 1950 1959 1958
f 1950 1960 1959
f 1950 1961 1962
f 1950 1963 1961
f 1950 1962 1960
f 1938 1931 1963
f 1916 1915 1964
f 1917 1916 1965
f 1843 1932 1858
f 1932 1917 1966
f 1915 1938 1964
f 1916 1964 1965
f 1917 1965 1966
f 1932 1966 1858
f 1881 1934 1933
f 1934 1950 1949
f 1950 1938 1963
f 1881 1967 1934
f 1968 1950 1934
f 1969 1938 1950
f 1881 1897 1967
f 1968 1934 1967
f 1833 1967 1897
f 1833 1968 1967
f 1833 1969 1968
f 1833 1970 1969
f 1968 1969 1950
f 1970 1938 1969
f 1971 1964 1970
f 1833 1972 1971
f 1833 1971 1970
f 1833 1865 1972
f 1970 1964 1938
f 1971 1965 1964
f 1966 1965 1972
f 1858 1966 1865
f 1971 1972 1965
f 1966 1972 1865
f 1973 1974 1975
f 1973 1976 1974
f 1974 1976 1977
f 1976 1978 1977
f 1979 1980 1981
f 1982 1980 1979
f 1982 1983 1980
f 1982 1984 1985
f 1979 1986 1984
f 1973 1985 1976
f 1976 1984 1978
f 1976 1985 1984
f 1973 1987 1985
f 1978 1984 1986
f 1978 1986 1988
f 1985 1987 1989
f 1982 1985 1989
f 1982 1979 1984
f 1982 1989 1983
f 1989 1990 1983
f 1975 1991 1992
f 1973 1975 1992
f 1991 1872 1874
f 1975 1974 1873
f 1974 1977 1873
f 1977 1978 1993
f 1975 1873 1991
f 1993 1988 1994
f 1977 1993 1873
f 1993 1994 1873
f 1994 1995 1873
f 1994 1996 1995
f 1991 1997 1992
f 1993 1978 1988
f 1988 1996 1994
f 1991 1873 1872
f 1991 1874 1997
f 1997 1874 1882
f 1997 1882 1883
f 1998 1883 1884
f 1997 1883 1998
f 1998 1884 1885
f 1999 1885 1886
f 1998 1885 1999
f 1999 1886 1887
f 2000 1887 1888
f 1973 1992 1987
f 1992 1997 2001
f 1987 1992 2001
f 1987 2001 2002
f 1997 2003 2001
f 1997 1998 2003
f 1987 2002 1989
f 1989 2002 1990
f 1980 2004 1981
f 1980 2005 2004
f 1980 1983 2005
f 1979 1981 2006
f 2006 1981 2007
f 1988 1986 2008
f 2006 2008 1986
f 2008 2009 2010
f 1979 2006 1986
f 2006 2007 2009
f 2009 2007 2011
f 2006 2009 2008
f 2009 2012 2010
f 2009 2011 2012
f 2012 2011 2013
f 1995 1996 2014
f 1995 1903 1873
f 1995 2014 1903
f 2014 1902 1903
f 2014 1900 1902
f 2014 2015 1900
f 2015 1901 1900
f 2015 1904 1901
f 2015 2016 1904
f 2016 1905 1904
f 2016 1906 1905
f 2016 2017 1906
f 2000 1888 1889
f 1999 1887 2000
f 2018 1889 1890
f 2018 1890 1933
f 2000 1889 2018
f 2018 1933 1935
f 2018 1935 1936
f 2019 1936 1937
f 2019 1937 1939
f 2018 1936 2019
f 2020 1939 1940
f 2020 1940 1941
f 2019 1939 2020
f 2017 1907 1906
f 2017 1908 1907
f 2021 1909 1908
f 2017 2021 1908
f 2021 1910 1909
f 2022 1911 1910
f 2021 2022 1910
f 2022 1912 1911
f 2022 1913 1912
f 2023 1941 1942
f 2023 1942 1943
f 2020 1941 2023
f 2022 2024 1913
f 2024 1918 1914
f 2025 1919 1918
f 2025 1923 1919
f 2026 1920 1923
f 2026 1921 1920
f 2027 1922 1921
f 2024 1914 1913
f 2024 2025 1918
f 2025 2026 1923
f 2027 1924 1922
f 2026 2027 1921
f 1988 2008 1996
f 2008 2010 1996
f 1996 2010 2014
f 2014 2010 2028
f 2014 2028 2015
f 2001 2003 2029
f 2012 2028 2010
f 2015 2028 2030
f 2015 2030 2016
f 2016 2031 2017
f 2016 2030 2031
f 2028 2032 2030
f 2030 2033 2031
f 1990 2002 2034
f 2001 2029 2002
f 2002 2029 2034
f 2012 2032 2028
f 2012 2013 2032
f 2032 2033 2030
f 1998 1999 2035
f 1998 2035 2003
f 1999 2000 2036
f 1999 2036 2035
f 2003 2035 2037
f 2000 2018 2038
f 2000 2038 2036
f 2035 2036 2039
f 2017 2040 2021
f 2017 2031 2040
f 2018 2019 2041
f 2018 2041 2038
f 2036 2038 2042
f 2003 2037 2029
f 2035 2039 2037
f 2029 2037 2043
f 2029 2043 2034
f 2036 2042 2039
f 2037 2039 2044
f 2037 2044 2043
f 2013 2045 2032
f 2031 2033 2046
f 2032 2045 2033
f 2033 2045 2047
f 2033 2047 2046
f 2021 2048 2022
f 2021 2040 2048
f 2031 2046 2040
f 2040 2049 2048
f 2022 2050 2024
f 2022 2048 2050
f 2024 2051 2025
f 2025 2052 2026
f 2024 2050 2051
f 2025 2051 2052
f 2048 2053 2050
f 2050 2054 2051
f 2040 2046 2049
f 2046 2047 2055
f 2046 2055 2049
f 2048 2049 2053
f 2050 2053 2054
f 2049 2056 2053
f 2049 2055 2056
f 2053 2056 2057
f 2004 2058 1981
f 2058 2007 1981
f 2058 2059 2007
f 2004 2060 2058
f 2061 2059 2058
f 2060 2061 2058
f 2004 2005 2062
f 2004 2062 2060
f 2059 2063 2064
f 2061 2063 2059
f 1983 2065 2005
f 1983 1990 2065
f 2007 2059 2011
f 2059 2064 2011
f 2011 2064 2013
f 2005 2065 2066
f 2005 2066 2062
f 2063 2067 2064
f 2064 2068 2013
f 2064 2067 2068
f 2067 2069 2068
f 2060 2070 2061
f 2061 2070 2071
f 2060 2072 2070
f 2070 2073 2071
f 2060 2062 2072
f 2070 2072 2074
f 2061 2071 2063
f 2063 2071 2075
f 2071 2076 2075
f 2063 2075 2067
f 2070 2074 2073
f 2071 2073 2076
f 2073 2077 2076
f 2073 2078 2077
f 2076 2077 2079
f 2073 2074 2078
f 2062 2080 2072
f 2062 2066 2080
f 2072 2080 2081
f 2072 2081 2074
f 2074 2082 2078
f 2075 2083 2084
f 2076 2083 2075
f 2076 2079 2083
f 2083 2079 2085
f 2083 2085 2086
f 2075 2084 2067
f 2067 2084 2069
f 2084 2086 2087
f 2069 2084 2087
f 2069 2087 2088
f 2087 2089 2090
f 2083 2086 2084
f 2074 2081 2082
f 2086 2085 2091
f 2086 2091 2089
f 2086 2089 2087
f 1990 2092 2065
f 1990 2034 2092
f 2065 2093 2066
f 2065 2092 2093
f 2034 2043 2094
f 2034 2094 2092
f 2043 2095 2094
f 2043 2044 2095
f 2092 2094 2096
f 2092 2096 2093
f 2013 2068 2045
f 2068 2097 2045
f 2045 2097 2047
f 2097 2098 2047
f 2068 2069 2097
f 2069 2088 2097
f 2097 2088 2098
f 2088 2099 2098
f 2047 2098 2055
f 2098 2100 2055
f 2094 2095 2101
f 2094 2101 2096
f 2066 2102 2080
f 2066 2093 2102
f 2080 2102 2103
f 2087 2090 2088
f 2080 2103 2081
f 2081 2104 2082
f 2081 2103 2104
f 2093 2105 2102
f 2093 2096 2105
f 2102 2105 2106
f 2096 2107 2105
f 2096 2101 2107
f 2105 2107 2108
f 2102 2106 2103
f 2103 2109 2104
f 2103 2106 2109
f 2105 2108 2106
f 2089 2091 2110
f 2055 2100 2056
f 2056 2100 2111
f 2098 2099 2100
f 2099 2112 2100
f 2100 2112 2111
f 2112 2113 2111
f 2088 2090 2099
f 2099 2090 2114
f 2090 2115 2114
f 2089 2115 2090
f 2089 2110 2115
f 2115 2110 2116
f 2115 2117 2114
f 2115 2116 2117
f 2117 2116 2118
f 2099 2114 2112
f 2114 2119 2112
f 2114 2117 2119
f 2112 2119 2113
f 2113 2119 2120
f 2106 2121 2109
f 2117 2122 2119
f 2117 2118 2122
f 2119 2122 2120
f 2122 2118 2123
f 2122 2124 2120
f 2122 2123 2124
f 2124 2123 2125
f 2126 1943 1944
f 2126 1944 1945
f 2023 1943 2126
f 2127 1945 1946
f 2127 1946 1947
f 2127 1947 1948
f 2126 1945 2127
f 2128 1949 1951
f 2129 1951 1952
f 2129 1952 1953
f 2130 1953 1954
f 2130 1954 1955
f 2131 1955 1956
f 2128 1948 1949
f 2127 1948 2128
f 2128 1951 2129
f 2129 1953 2130
f 2132 1925 1924
f 2132 1927 1925
f 2132 1926 1927
f 2131 1956 1957
f 2133 1957 1958
f 2133 1958 1959
f 2134 1959 1960
f 2135 1928 1926
f 2135 1929 1928
f 2136 1930 1929
f 2134 1960 1962
f 2134 1962 1961
f 2137 1961 1963
f 2136 1931 1930
f 2137 1963 1931
f 2027 2132 1924
f 2130 1955 2131
f 2131 1957 2133
f 2132 2135 1926
f 2135 2136 1929
f 2133 1959 2134
f 2019 2020 2138
f 2020 2023 2139
f 2019 2138 2041
f 2020 2139 2138
f 2038 2041 2140
f 2038 2140 2042
f 2039 2042 2141
f 2039 2141 2044
f 2023 2126 2142
f 2023 2142 2139
f 2126 2127 2143
f 2041 2138 2144
f 2127 2128 2145
f 2126 2143 2142
f 2138 2139 2146
f 2026 2147 2027
f 2026 2052 2147
f 2128 2129 2148
f 2127 2145 2143
f 2128 2148 2145
f 2129 2130 2149
f 2130 2131 2150
f 2129 2149 2148
f 2139 2142 2151
f 2041 2144 2140
f 2042 2140 2152
f 2042 2152 2141
f 2138 2146 2144
f 2139 2151 2146
f 2140 2144 2153
f 2140 2153 2152
f 2142 2143 2154
f 2142 2154 2151
f 2144 2146 2155
f 2144 2155 2153
f 2136 2137 1931
f 2134 1961 2137
f 2027 2156 2132
f 2132 2157 2135
f 2027 2147 2156
f 2051 2158 2052
f 2131 2133 2159
f 2130 2150 2149
f 2135 2160 2136
f 2132 2156 2157
f 2135 2157 2160
f 2133 2134 2161
f 2131 2159 2150
f 2052 2162 2147
f 2147 2163 2156
f 2136 2164 2137
f 2134 2137 2165
f 2136 2160 2164
f 2137 2164 2165
f 2156 2166 2157
f 2051 2054 2158
f 2053 2057 2054
f 2054 2057 2167
f 2052 2158 2162
f 2054 2167 2158
f 2147 2162 2163
f 2158 2168 2162
f 2158 2167 2168
f 2143 2145 2169
f 2145 2148 2170
f 2148 2149 2171
f 2133 2161 2159
f 2134 2165 2161
f 2157 2172 2160
f 2149 2150 2173
f 2150 2159 2174
f 2143 2169 2154
f 2146 2151 2175
f 2145 2170 2169
f 2146 2175 2155
f 2151 2154 2176
f 2151 2176 2175
f 2156 2163 2166
f 2162 2177 2163
f 2162 2168 2177
f 2148 2171 2170
f 2149 2173 2171
f 2154 2169 2178
f 2160 2179 2164
f 2159 2161 2180
f 2164 2181 2165
f 2161 2165 2182
f 2157 2166 2172
f 2150 2174 2173
f 2160 2172 2179
f 2159 2180 2174
f 2163 2183 2166
f 2163 2177 2183
f 2166 2184 2172
f 2164 2179 2181
f 2165 2181 2182
f 2166 2183 2184
f 2154 2178 2176
f 2169 2170 2185
f 2169 2185 2178
f 2170 2171 2186
f 2171 2173 2187
f 2170 2186 2185
f 2161 2182 2180
f 2172 2188 2179
f 2172 2184 2188
f 2173 2174 2189
f 2171 2187 2186
f 2173 2189 2187
f 2044 2190 2095
f 2044 2141 2190
f 2141 2191 2190
f 2141 2152 2191
f 2095 2190 2192
f 2095 2192 2101
f 2190 2191 2193
f 2190 2193 2192
f 2152 2153 2194
f 2152 2194 2191
f 2101 2195 2107
f 2101 2192 2195
f 2056 2111 2057
f 2057 2111 2196
f 2057 2196 2167
f 2167 2196 2197
f 2167 2197 2168
f 2111 2113 2196
f 2113 2198 2196
f 2153 2155 2199
f 2153 2199 2194
f 2155 2175 2200
f 2155 2200 2199
f 2191 2194 2201
f 2191 2201 2193
f 2194 2199 2202
f 2194 2202 2201
f 2196 2198 2197
f 2198 2203 2197
f 2168 2197 2204
f 2168 2204 2177
f 2204 2205 2177
f 2177 2205 2183
f 2197 2203 2204
f 2204 2203 2206
f 2204 2206 2205
f 2206 2207 2205
f 2192 2208 2195
f 2107 2195 2209
f 2107 2209 2108
f 2106 2108 2121
f 2108 2210 2121
f 2108 2209 2210
f 2192 2193 2208
f 2193 2211 2208
f 2195 2208 2212
f 2193 2201 2211
f 2201 2213 2211
f 2208 2211 2214
f 2195 2212 2209
f 2209 2212 2215
f 2209 2215 2210
f 2208 2214 2212
f 2113 2120 2198
f 2120 2216 2198
f 2120 2124 2216
f 2198 2216 2203
f 2203 2216 2217
f 2216 2218 2217
f 2124 2125 2218
f 2124 2218 2216
f 2125 2219 2218
f 2203 2217 2206
f 2212 2220 2215
f 2212 2214 2220
f 2175 2176 2221
f 2175 2221 2200
f 2199 2200 2222
f 2199 2222 2202
f 2176 2178 2223
f 2176 2223 2221
f 2178 2185 2224
f 2183 2225 2184
f 2183 2205 2225
f 2178 2224 2223
f 2200 2221 2226
f 2200 2226 2222
f 2221 2223 2227
f 2221 2227 2226
f 2185 2186 2228
f 2185 2228 2224
f 2223 2224 2229
f 2223 2229 2227
f 2201 2202 2213
f 2202 2222 2230
f 2202 2230 2213
f 2211 2213 2231
f 2222 2226 2232
f 2222 2232 2230
f 2213 2230 2233
f 2211 2231 2214
f 2213 2233 2231
f 2214 2231 2234
f 2214 2234 2220
f 2231 2233 2235
f 2231 2235 2234
f 2179 2236 2181
f 2174 2180 2237
f 2179 2188 2236
f 2181 2238 2182
f 2180 2182 2239
f 2181 2236 2238
f 2174 2237 2189
f 2180 2239 2237
f 2182 2238 2239
f 2218 2219 2240
f 2217 2240 2241
f 2217 2241 2206
f 2206 2241 2207
f 2241 2242 2243
f 2218 2240 2217
f 2240 2219 2244
f 2240 2244 2242
f 2240 2242 2241
f 2242 2244 2245
f 2242 2245 2246
f 2184 2225 2247
f 2184 2247 2188
f 2188 2248 2236
f 2188 2247 2248
f 2205 2207 2225
f 2207 2249 2225
f 2225 2249 2247
f 2247 2250 2248
f 2249 2250 2247
f 2186 2187 2251
f 2186 2251 2228
f 2187 2189 2252
f 2236 2248 2253
f 2236 2253 2238
f 2187 2252 2251
f 2189 2237 2254
f 2189 2254 2252
f 2224 2228 2255
f 2224 2255 2229
f 2228 2251 2256
f 2228 2256 2255
f 2238 2257 2239
f 2237 2239 2258
f 2238 2253 2257
f 2237 2258 2254
f 2239 2257 2258
f 2248 2259 2253
f 2250 2259 2248
f 2251 2252 2260
f 2253 2261 2257
f 2253 2259 2261
f 2257 2261 2262
f 2207 2241 2243
f 2207 2243 2249
f 2230 2232 2263
f 2249 2243 2264
f 2243 2246 2264
f 2249 2264 2250
f 2230 2263 2233
f 2233 2265 2235
f 2242 2246 2243
f 2226 2227 2266
f 2226 2266 2232
f 2227 2267 2266
f 2232 2266 2268
f 2227 2229 2267
f 2229 2255 2269
f 2229 2269 2267
f 2266 2267 2270
f 2232 2268 2263
f 2233 2263 2265
f 2263 2271 2265
f 2263 2268 2271
f 2266 2270 2268
f 2250 2264 2272
f 2264 2273 2272
f 2246 2245 2274
f 2246 2274 2273
f 2246 2273 2264
f 2273 2274 2275
f 2273 2275 2276
f 2250 2272 2259
f 2259 2272 2277
f 2255 2278 2269
f 2267 2269 2279
f 2272 2276 2277
f 2259 2277 2261
f 2261 2280 2262
f 2277 2280 2261
f 2267 2279 2270
f 2268 2270 2281
f 2268 2281 2271
f 2273 2276 2272
f 2277 2276 2282
f 2276 2275 2283
f 2270 2284 2281
f 2277 2282 2280
f 2276 2283 2282
f 2282 2285 2280
f 2282 2283 2286
f 2282 2286 2285
f 2285 2286 2287
f 2077 2288 2079
f 2077 2289 2288
f 2077 2078 2289
f 2079 2290 2085
f 2288 2290 2079
f 2085 2291 2091
f 2290 2291 2085
f 2288 2292 2290
f 2290 2292 2293
f 2292 2294 2293
f 2288 2295 2292
f 2288 2289 2295
f 2290 2293 2291
f 2293 2296 2291
f 2291 2296 2297
f 2293 2298 2296
f 2078 2082 2299
f 2078 2299 2289
f 2291 2297 2091
f 2292 2295 2300
f 2289 2301 2295
f 2289 2299 2301
f 2295 2301 2302
f 2292 2300 2294
f 2293 2294 2298
f 2294 2303 2298
f 2298 2303 2304
f 2303 2305 2304
f 2294 2300 2306
f 2295 2302 2300
f 2294 2306 2303
f 2082 2307 2299
f 2082 2104 2307
f 2299 2308 2301
f 2299 2307 2308
f 2104 2109 2309
f 2104 2309 2307
f 2091 2297 2110
f 2297 2310 2110
f 2296 2311 2297
f 2296 2312 2311
f 2297 2311 2310
f 2311 2313 2310
f 2311 2314 2313
f 2296 2298 2312
f 2298 2304 2312
f 2312 2314 2311
f 2312 2315 2314
f 2313 2314 2316
f 2314 2317 2316
f 2312 2304 2315
f 2304 2305 2318
f 2303 2306 2319
f 2303 2319 2305
f 2304 2318 2315
f 2300 2320 2306
f 2314 2315 2317
f 2315 2321 2317
f 2315 2318 2321
f 2316 2317 2322
f 2317 2321 2323
f 2317 2323 2322
f 2110 2310 2116
f 2310 2324 2116
f 2116 2324 2118
f 2301 2308 2325
f 2310 2313 2324
f 2313 2326 2324
f 2313 2316 2326
f 2109 2327 2309
f 2307 2328 2308
f 2307 2309 2328
f 2308 2328 2329
f 2309 2330 2328
f 2324 2331 2118
f 2324 2326 2331
f 2326 2332 2331
f 2326 2333 2332
f 2118 2331 2123
f 2331 2334 2123
f 2123 2334 2125
f 2334 2335 2125
f 2331 2332 2334
f 2332 2336 2334
f 2332 2337 2336
f 2334 2336 2335
f 2300 2302 2320
f 2301 2325 2302
f 2302 2325 2338
f 2306 2320 2339
f 2306 2339 2319
f 2302 2338 2320
f 2320 2340 2339
f 2320 2338 2340
f 2308 2329 2325
f 2325 2329 2341
f 2328 2342 2329
f 2325 2341 2338
f 2338 2343 2340
f 2338 2341 2343
f 2329 2344 2341
f 2316 2333 2326
f 2316 2322 2333
f 2332 2333 2337
f 2333 2345 2337
f 2322 2345 2333
f 2322 2323 2346
f 2322 2346 2345
f 2345 2346 2347
f 2345 2348 2337
f 2345 2347 2348
f 2348 2347 2349
f 2329 2342 2344
f 2337 2350 2336
f 2337 2348 2350
f 2341 2351 2343
f 2341 2344 2351
f 2348 2349 2352
f 2305 2353 2318
f 2318 2353 2354
f 2305 2319 2355
f 2305 2355 2353
f 2318 2354 2321
f 2321 2356 2323
f 2321 2354 2356
f 2353 2357 2354
f 2354 2357 2358
f 2353 2355 2359
f 2353 2359 2357
f 2354 2358 2356
f 2356 2358 2360
f 2357 2361 2358
f 2356 2362 2323
f 2356 2360 2362
f 2358 2363 2360
f 2358 2361 2363
f 2319 2339 2364
f 2319 2364 2355
f 2339 2340 2365
f 2339 2365 2364
f 2355 2366 2359
f 2357 2359 2367
f 2355 2364 2366
f 2323 2362 2346
f 2346 2368 2347
f 2362 2368 2346
f 2368 2369 2347
f 2347 2369 2349
f 2369 2370 2349
f 2362 2360 2371
f 2362 2371 2368
f 2360 2372 2371
f 2364 2365 2373
f 2364 2373 2366
f 2359 2366 2374
f 2368 2375 2369
f 2371 2375 2368
f 2371 2376 2375
f 2369 2377 2370
f 2369 2375 2377
f 2375 2378 2377
f 2340 2343 2379
f 2340 2379 2365
f 2343 2351 2380
f 2379 2343 2380
f 2365 2381 2373
f 2365 2379 2381
f 2366 2373 2382
f 2373 2381 2383
f 2379 2380 2384
f 2379 2384 2381
f 2384 2380 2385
f 2381 2384 2386
f 2384 2385 2387
f 2357 2367 2361
f 2360 2363 2372
f 2371 2372 2376
f 2361 2388 2363
f 2361 2367 2389
f 2361 2389 2388
f 2363 2390 2372
f 2363 2388 2390
f 2372 2390 2391
f 2359 2374 2367
f 2366 2382 2374
f 2367 2374 2392
f 2367 2392 2389
f 2375 2376 2378
f 2372 2391 2376
f 2376 2393 2378
f 2376 2391 2393
f 2378 2393 2394
f 2377 2378 2395
f 2374 2382 2396
f 2374 2396 2392
f 2378 2394 2395
f 2395 2394 2397
f 2388 2398 2390
f 2390 2398 2399
f 2388 2400 2398
f 2388 2389 2400
f 2398 2401 2399
f 2398 2400 2402
f 2398 2402 2401
f 2390 2399 2391
f 2391 2399 2403
f 2391 2403 2393
f 2403 2404 2393
f 2393 2404 2394
f 2399 2405 2403
f 2399 2401 2405
f 2403 2405 2406
f 2403 2406 2404
f 2405 2401 2407
f 2405 2408 2406
f 2405 2407 2408
f 2401 2409 2407
f 2404 2410 2411
f 2404 2406 2410
f 2406 2412 2410
f 2406 2408 2412
f 2389 2392 2413
f 2389 2413 2400
f 2392 2414 2413
f 2392 2396 2414
f 2404 2411 2394
f 2394 2411 2397
f 2400 2413 2415
f 2400 2415 2402
f 2401 2402 2409
f 2402 2415 2416
f 2413 2417 2415
f 2413 2414 2417
f 2411 2418 2419
f 2411 2410 2418
f 2402 2416 2409
f 2416 2415 2420
f 2410 2421 2418
f 2410 2412 2421
f 2418 2421 2422
f 2408 2407 2423
f 2407 2409 2423
f 2414 2424 2417
f 2415 2417 2420
f 2420 2417 2425
f 2417 2424 2425
f 2373 2383 2382
f 2381 2386 2383
f 2382 2383 2426
f 2382 2426 2396
f 2426 2383 2427
f 2427 2383 2386
f 2384 2387 2386
f 2396 2426 2428
f 2396 2428 2414
f 2426 2427 2429
f 2426 2429 2428
f 2414 2428 2424
f 2428 2430 2424
f 2428 2429 2430
f 2109 2121 2327
f 2121 2431 2327
f 2121 2210 2431
f 2309 2327 2330
f 2327 2432 2330
f 2328 2330 2342
f 2327 2431 2432
f 2125 2335 2219
f 2330 2432 2433
f 2210 2215 2434
f 2210 2434 2431
f 2215 2220 2435
f 2215 2435 2434
f 2431 2434 2436
f 2431 2436 2432
f 2432 2436 2437
f 2434 2435 2438
f 2434 2438 2436
f 2436 2438 2439
f 2330 2433 2342
f 2342 2433 2440
f 2432 2437 2433
f 2433 2437 2441
f 2342 2440 2344
f 2344 2442 2351
f 2344 2440 2442
f 2433 2441 2440
f 2440 2441 2443
f 2442 2440 2443
f 2436 2439 2437
f 2220 2234 2444
f 2220 2444 2435
f 2351 2442 2445
f 2351 2445 2380
f 2442 2446 2445
f 2380 2445 2385
f 2336 2447 2335
f 2336 2350 2447
f 2447 2350 2448
f 2350 2352 2448
f 2348 2352 2350
f 2349 2449 2352
f 2352 2450 2448
f 2352 2449 2450
f 2450 2449 2451
f 2450 2451 2452
f 2452 2451 2453
f 2377 2454 2370
f 2377 2395 2454
f 2454 2455 2456
f 2349 2370 2449
f 2457 2451 2449
f 2370 2457 2449
f 2457 2458 2451
f 2458 2453 2451
f 2458 2459 2453
f 2370 2454 2457
f 2457 2454 2456
f 2457 2456 2458
f 2456 2460 2461
f 2385 2462 2463
f 2456 2461 2458
f 2464 2465 2461
f 2458 2461 2459
f 2459 2461 2465
f 2466 2467 2465
f 2459 2465 2468
f 2465 2467 2468
f 2467 2469 2470
f 2467 2471 2469
f 2469 2472 2473
f 2473 2474 2475
f 2395 2455 2454
f 2456 2455 2460
f 2395 2397 2455
f 2397 2476 2455
f 2455 2476 2460
f 2460 2476 2477
f 2411 2419 2397
f 2397 2419 2476
f 2419 2478 2476
f 2476 2478 2477
f 2478 2479 2477
f 2479 2480 2477
f 2479 2481 2480
f 2419 2482 2478
f 2418 2482 2419
f 2482 2483 2478
f 2418 2422 2482
f 2408 2423 2412
f 2482 2484 2483
f 2409 2416 2423
f 2422 2484 2482
f 2412 2423 2421
f 2421 2423 2422
f 2484 2485 2483
f 2422 2423 2484
f 2485 2486 2487
f 2484 2423 2485
f 2478 2483 2479
f 2416 2420 2423
f 2420 2425 2423
f 2424 2488 2425
f 2488 2430 2489
f 2485 2487 2483
f 2425 2488 2423
f 2485 2423 2486
f 2488 2489 2423
f 2489 2490 2423
f 2479 2483 2487
f 2479 2487 2481
f 2481 2491 2492
f 2481 2487 2491
f 2486 2491 2487
f 2486 2493 2491
f 2486 2423 2493
f 2493 2423 2494
f 2494 2423 2495
f 2490 2496 2423
f 2423 2496 2497
f 2423 2497 2498
f 2493 2494 2499
f 2423 2500 2495
f 2493 2499 2491
f 2423 2498 2501
f 2494 2495 2502
f 2423 2503 2500
f 2423 2504 2503
f 2423 2501 2505
f 2491 2499 2492
f 2494 2502 2499
f 2495 2506 2502
f 2423 2507 2504
f 2495 2500 2506
f 2423 2508 2507
f 2423 2509 2508
f 2423 2510 2511
f 2423 2511 2512
f 2423 2513 2509
f 2500 2503 2514
f 2423 2512 2515
f 2423 2516 2513
f 2423 2515 2516
f 2427 2386 2517
f 2460 2477 2464
f 2464 2477 2480
f 2385 2463 2387
f 2462 2518 2463
f 2386 2387 2517
f 2387 2463 2519
f 2387 2519 2517
f 2519 2463 2520
f 2520 2463 2518
f 2460 2464 2461
f 2464 2466 2465
f 2466 2471 2467
f 2464 2480 2466
f 2466 2480 2521
f 2521 2522 2471
f 2466 2521 2471
f 2522 2523 2472
f 2520 2518 2524
f 2524 2518 2525
f 2524 2525 2526
f 2526 2525 2527
f 2526 2527 2528
f 2427 2517 2529
f 2427 2529 2429
f 2517 2530 2529
f 2517 2519 2530
f 2530 2519 2531
f 2429 2529 2532
f 2429 2532 2430
f 2424 2430 2488
f 2489 2430 2532
f 2489 2532 2490
f 2490 2533 2496
f 2490 2532 2533
f 2529 2530 2533
f 2532 2529 2533
f 2496 2533 2534
f 2496 2534 2497
f 2423 2505 2535
f 2497 2536 2498
f 2498 2537 2501
f 2530 2534 2533
f 2530 2531 2534
f 2531 2538 2536
f 2531 2536 2534
f 2497 2534 2536
f 2519 2520 2531
f 2531 2520 2538
f 2480 2481 2521
f 2481 2492 2521
f 2521 2492 2522
f 2492 2539 2522
f 2539 2523 2522
f 2539 2540 2523
f 2523 2540 2541
f 2540 2542 2541
f 2499 2539 2492
f 2499 2502 2539
f 2423 2535 2510
f 2501 2543 2505
f 2500 2514 2506
f 2503 2504 2544
f 2505 2545 2535
f 2535 2546 2510
f 2536 2538 2537
f 2537 2547 2543
f 2498 2536 2537
f 2501 2537 2543
f 2505 2543 2545
f 2539 2502 2540
f 2540 2502 2506
f 2540 2506 2542
f 2506 2514 2542
f 2503 2544 2514
f 2504 2507 2548
f 2510 2549 2511
f 2504 2548 2544
f 2507 2508 2550
f 2508 2509 2551
f 2511 2552 2512
f 2512 2553 2515
f 2535 2545 2546
f 2510 2546 2549
f 2511 2549 2552
f 2520 2524 2538
f 2538 2524 2547
f 2524 2526 2547
f 2526 2554 2547
f 2526 2528 2554
f 2555 2528 2556
f 2554 2528 2555
f 2538 2547 2537
f 2543 2547 2554
f 2543 2554 2545
f 2545 2554 2555
f 2545 2555 2546
f 2522 2472 2471
f 2523 2474 2472
f 2523 2541 2474
f 2557 2541 2558
f 2469 2471 2472
f 2473 2472 2474
f 2528 2559 2556
f 2556 2560 2561
f 2474 2541 2557
f 2562 2558 2563
f 2561 2564 2565
f 2475 2474 2557
f 2557 2562 2566
f 2557 2558 2562
f 2563 2567 2568
f 2565 2569 2570
f 2570 2571 2572
f 2562 2563 2568
f 2567 2573 2568
f 2567 2574 2573
f 2574 2575 2576
f 2572 2571 2577
f 2572 2577 2578
f 2542 2558 2541
f 2542 2579 2558
f 2558 2579 2563
f 2579 2580 2563
f 2580 2567 2563
f 2580 2581 2567
f 2514 2579 2542
f 2514 2544 2579
f 2509 2513 2582
f 2516 2515 2583
f 2513 2516 2584
f 2507 2550 2548
f 2508 2551 2550
f 2509 2582 2551
f 2544 2580 2579
f 2544 2548 2580
f 2512 2552 2553
f 2515 2553 2583
f 2513 2584 2582
f 2516 2583 2584
f 2548 2581 2580
f 2548 2550 2581
f 2552 2585 2553
f 2550 2586 2581
f 2550 2551 2586
f 2553 2587 2583
f 2588 2556 2561
f 2555 2556 2588
f 2588 2561 2589
f 2561 2565 2589
f 2589 2565 2585
f 2585 2570 2587
f 2585 2565 2570
f 2546 2555 2588
f 2546 2588 2549
f 2549 2588 2589
f 2549 2589 2552
f 2552 2589 2585
f 2553 2585 2587
f 2581 2574 2567
f 2581 2586 2574
f 2586 2575 2574
f 2586 2590 2575
f 2590 2591 2575
f 2590 2592 2591
f 2551 2590 2586
f 2551 2582 2590
f 2582 2584 2592
f 2583 2587 2593
f 2583 2593 2584
f 2582 2592 2590
f 2593 2592 2584
f 2593 2587 2572
f 2570 2572 2587
f 2593 2572 2578
f 2591 2592 2578
f 2593 2578 2592
f 2591 2578 2594
f 2575 2591 2595
f 2574 2576 2573
f 2578 2577 2594
f 2575 2595 2576
f 2591 2594 2595
f 2219 2596 2244
f 2335 2596 2219
f 2335 2447 2596
f 2447 2597 2596
f 2447 2448 2597
f 2596 2597 2598
f 2597 2599 2598
f 2597 2600 2599
f 2244 2598 2245
f 2596 2598 2244
f 2598 2601 2245
f 2435 2602 2438
f 2438 2602 2603
f 2245 2601 2274
f 2598 2599 2601
f 2599 2604 2601
f 2599 2605 2604
f 2601 2604 2606
f 2604 2607 2606
f 2608 2607 2604
f 2448 2600 2597
f 2448 2450 2600
f 2599 2600 2605
f 2452 2605 2600
f 2441 2609 2443
f 2450 2452 2600
f 2452 2453 2610
f 2437 2439 2611
f 2438 2603 2439
f 2439 2603 2612
f 2437 2611 2441
f 2611 2439 2612
f 2441 2611 2609
f 2611 2613 2609
f 2611 2612 2613
f 2612 2614 2613
f 2603 2615 2612
f 2612 2615 2614
f 2605 2610 2608
f 2453 2616 2610
f 2452 2610 2605
f 2610 2617 2608
f 2616 2617 2610
f 2616 2618 2617
f 2617 2618 2619
f 2619 2618 2620
f 2605 2608 2604
f 2608 2617 2621
f 2608 2621 2607
f 2615 2622 2614
f 2615 2623 2622
f 2617 2619 2621
f 2623 2624 2622
f 2234 2625 2444
f 2234 2235 2625
f 2235 2626 2625
f 2435 2444 2602
f 2444 2627 2602
f 2444 2625 2627
f 2602 2627 2628
f 2625 2626 2629
f 2625 2629 2627
f 2235 2265 2626
f 2601 2606 2274
f 2274 2606 2275
f 2275 2630 2283
f 2606 2630 2275
f 2631 2627 2629
f 2629 2632 2633
f 2606 2607 2630
f 2607 2634 2630
f 2607 2621 2634
f 2265 2271 2635
f 2626 2265 2635
f 2271 2281 2636
f 2271 2636 2635
f 2281 2284 2637
f 2281 2637 2636
f 2626 2632 2629
f 2626 2635 2632
f 2635 2638 2632
f 2632 2638 2639
f 2635 2636 2638
f 2602 2628 2603
f 2628 2627 2631
f 2603 2628 2615
f 2628 2631 2623
f 2631 2629 2633
f 2631 2633 2640
f 2641 2633 2639
f 2628 2623 2615
f 2631 2640 2623
f 2623 2640 2624
f 2640 2642 2624
f 2640 2641 2642
f 2640 2633 2641
f 2632 2639 2633
f 2619 2643 2621
f 2619 2620 2644
f 2644 2620 2645
f 2619 2644 2643
f 2644 2645 2646
f 2646 2645 2647
f 2646 2647 2648
f 2648 2647 2649
f 2650 2649 2651
f 2630 2652 2283
f 2634 2643 2653
f 2634 2652 2630
f 2634 2653 2652
f 2654 2655 2653
f 2652 2286 2283
f 2652 2656 2286
f 2286 2656 2287
f 2656 2657 2287
f 2638 2658 2659
f 2638 2636 2658
f 2636 2637 2658
f 2637 2660 2658
f 2652 2653 2656
f 2653 2655 2656
f 2637 2661 2660
f 2656 2655 2657
f 2662 2658 2660
f 2655 2663 2664
f 2655 2664 2657
f 2664 2665 2657
f 2666 2660 2667
f 2664 2668 2669
f 2670 2667 2671
f 2664 2669 2665
f 2672 2673 2669
f 2674 2671 2673
f 2621 2643 2634
f 2643 2654 2653
f 2644 2654 2643
f 2639 2659 2675
f 2646 2663 2654
f 2654 2663 2655
f 2644 2646 2654
f 2641 2676 2642
f 2641 2675 2676
f 2641 2639 2675
f 2646 2648 2663
f 2676 2675 2677
f 2677 2678 2679
f 2675 2659 2678
f 2677 2675 2678
f 2638 2659 2639
f 2659 2658 2662
f 2678 2659 2662
f 2662 2660 2666
f 2678 2662 2680
f 2648 2668 2663
f 2650 2672 2668
f 2648 2649 2650
f 2679 2680 2681
f 2651 2682 2683
f 2650 2651 2683
f 2648 2650 2668
f 2679 2678 2680
f 2681 2680 2684
f 2681 2684 2685
f 2682 2685 2686
f 2650 2683 2672
f 2682 2686 2683
f 2685 2684 2686
f 2664 2663 2668
f 2662 2666 2680
f 2684 2666 2670
f 2666 2667 2670
f 2668 2672 2669
f 2683 2674 2672
f 2686 2670 2674
f 2670 2671 2674
f 2672 2674 2673
f 2680 2666 2684
f 2684 2670 2686
f 2683 2686 2674
f 2442 2443 2446
f 2443 2609 2687
f 2446 2443 2687
f 2687 2609 2688
f 2445 2462 2385
f 2445 2446 2462
f 2462 2446 2689
f 2462 2689 2518
f 2689 2446 2687
f 2689 2690 2525
f 2527 2690 2691
f 2687 2688 2690
f 2689 2687 2690
f 2690 2688 2691
f 2688 2692 2691
f 2609 2613 2688
f 2613 2614 2692
f 2688 2613 2692
f 2459 2616 2453
f 2468 2618 2616
f 2459 2468 2616
f 2468 2470 2618
f 2470 2620 2618
f 2693 2645 2620
f 2470 2693 2620
f 2467 2470 2468
f 2691 2692 2694
f 2694 2695 2696
f 2559 2691 2694
f 2560 2694 2696
f 2470 2469 2693
f 2469 2473 2693
f 2473 2697 2693
f 2473 2475 2697
f 2475 2557 2566
f 2564 2696 2698
f 2569 2698 2699
f 2695 2614 2622
f 2692 2614 2695
f 2695 2622 2700
f 2700 2622 2624
f 2701 2624 2642
f 2700 2624 2701
f 2694 2692 2695
f 2696 2695 2700
f 2696 2700 2698
f 2698 2700 2701
f 2698 2701 2699
f 2689 2525 2518
f 2525 2690 2527
f 2528 2527 2559
f 2527 2691 2559
f 2559 2694 2560
f 2556 2559 2560
f 2561 2560 2564
f 2560 2696 2564
f 2564 2698 2569
f 2569 2699 2571
f 2565 2564 2569
f 2570 2569 2571
f 2693 2697 2645
f 2475 2566 2702
f 2562 2703 2566
f 2568 2704 2703
f 2475 2702 2697
f 2566 2703 2705
f 2566 2705 2702
f 2571 2699 2706
f 2577 2706 2707
f 2573 2708 2704
f 2576 2709 2708
f 2703 2710 2705
f 2703 2704 2710
f 2704 2708 2711
f 2594 2707 2712
f 2595 2712 2709
f 2697 2647 2645
f 2697 2702 2647
f 2713 2642 2676
f 2701 2642 2713
f 2713 2676 2714
f 2702 2649 2647
f 2702 2705 2649
f 2705 2710 2651
f 2714 2676 2677
f 2705 2651 2649
f 2715 2677 2679
f 2714 2677 2715
f 2701 2713 2699
f 2699 2713 2706
f 2706 2713 2714
f 2706 2714 2707
f 2707 2714 2715
f 2707 2715 2712
f 2712 2715 2716
f 2708 2709 2717
f 2710 2682 2651
f 2716 2679 2681
f 2715 2679 2716
f 2710 2711 2682
f 2716 2681 2717
f 2711 2685 2682
f 2717 2681 2685
f 2711 2717 2685
f 2704 2711 2710
f 2712 2716 2709
f 2708 2717 2711
f 2709 2716 2717
f 2562 2568 2703
f 2571 2706 2577
f 2568 2573 2704
f 2594 2577 2707
f 2573 2576 2708
f 2576 2595 2709
f 2594 2712 2595
f 2252 2254 2718
f 2251 2260 2256
f 2252 2718 2260
f 2257 2262 2258
f 2254 2258 2719
f 2254 2719 2718
f 2258 2262 2719
f 2255 2256 2278
f 2256 2260 2720
f 2256 2720 2278
f 2260 2718 2721
f 2260 2721 2720
f 2269 2278 2722
f 2278 2720 2723
f 2269 2722 2279
f 2278 2723 2722
f 2270 2279 2284
f 2279 2722 2724
f 2279 2724 2284
f 2262 2280 2725
f 2262 2725 2719
f 2718 2719 2726
f 2280 2285 2725
f 2718 2726 2721
f 2720 2721 2727
f 2719 2725 2726
f 2725 2728 2726
f 2721 2726 2729
f 2722 2723 2730
f 2722 2730 2724
f 2720 2727 2723
f 2285 2728 2725
f 2285 2287 2728
f 2721 2729 2727
f 2726 2728 2729
f 2723 2727 2731
f 2723 2731 2730
f 2728 2287 2732
f 2728 2732 2729
f 2727 2729 2733
f 2727 2733 2731
f 2729 2732 2733
f 2284 2724 2661
f 2284 2661 2637
f 2724 2730 2734
f 2661 2724 2734
f 2661 2734 2667
f 2661 2667 2660
f 2287 2657 2732
f 2730 2735 2734
f 2657 2665 2732
f 2730 2731 2735
f 2735 2731 2736
f 2732 2665 2733
f 2665 2736 2733
f 2731 2733 2736
f 2667 2734 2671
f 2671 2734 2735
f 2669 2736 2665
f 2671 2735 2673
f 2669 2673 2736
f 2673 2735 2736
f 2737 2738 2739
f 2737 2740 2741
f 2737 2741 2738
f 2739 2738 2742
f 2740 2743 2744
f 2739 2742 2745
f 2746 2747 2748
f 2749 2750 2746
f 2749 2746 2748
f 2751 2748 2747
f 2751 2747 2752
f 2749 2753 2750
f 2750 2753 2754
f 2746 2738 2747
f 2738 2741 2747
f 2741 2752 2747
f 2741 2744 2752
f 2752 2744 2755
f 2744 2756 2755
f 2746 2750 2742
f 2746 2742 2738
f 2750 2757 2742
f 2750 2754 2757
f 2754 2758 2757
f 2759 2749 2748
f 2760 2753 2749
f 2751 2752 2761
f 2761 2752 2755
f 2754 2753 2762
f 2761 2755 2763
f 2763 2755 2764
f 2762 2765 2766
f 2751 2767 2748
f 2760 2749 2759
f 2759 2748 2767
f 2760 2768 2753
f 2751 2761 2769
f 2761 2763 2770
f 2771 2772 2773
f 2774 2773 2772
f 2768 2762 2753
f 2775 2765 2762
f 2771 2763 2764
f 2771 2764 2772
f 2756 2764 2755
f 2756 2776 2764
f 2764 2776 2772
f 2776 2777 2772
f 2774 2772 2777
f 2774 2777 2778
f 2754 2762 2766
f 2765 2779 2766
f 2765 2780 2779
f 2780 2781 2779
f 2780 2782 2781
f 2781 2782 2783
f 2754 2766 2758
f 2766 2784 2758
f 2766 2779 2784
f 2779 2785 2784
f 2779 2781 2785
f 2781 2783 2786
f 2781 2786 2785
f 2740 2744 2741
f 2743 2756 2744
f 2743 2787 2756
f 2787 2788 2776
f 2745 2742 2757
f 2745 2757 2789
f 2787 2776 2756
f 2777 2788 2790
f 2757 2758 2789
f 2758 2784 2791
f 2792 2790 2788
f 2790 2793 2794
f 2777 2790 2778
f 2795 2778 2794
f 2795 2794 2796
f 2797 2796 2798
f 2776 2788 2777
f 2778 2790 2794
f 2784 2785 2799
f 2785 2786 2800
f 2786 2801 2802
f 2796 2794 2803
f 2798 2796 2804
f 2760 2759 2805
f 2760 2805 2768
f 2759 2767 2805
f 2768 2805 2775
f 2806 2773 2807
f 2767 2769 2805
f 2769 2770 2805
f 2775 2805 2808
f 2808 2805 2809
f 2770 2810 2805
f 2811 2812 2807
f 2811 2813 2812
f 2814 2815 2813
f 2814 2816 2817
f 2812 2805 2807
f 2814 2818 2815
f 2810 2806 2805
f 2806 2807 2805
f 2813 2815 2812
f 2819 2805 2820
f 2805 2821 2820
f 2814 2817 2818
f 2812 2815 2805
f 2818 2805 2815
f 2822 2805 2818
f 2822 2818 2817
f 2822 2817 2823
f 2805 2824 2821
f 2805 2825 2824
f 2805 2826 2825
f 2823 2817 2827
f 2816 2827 2817
f 2823 2828 2829
f 2823 2827 2828
f 2830 2831 2805
f 2822 2823 2830
f 2832 2805 2831
f 2830 2829 2831
f 2805 2833 2834
f 2832 2835 2836
f 2832 2837 2805
f 2805 2837 2833
f 2832 2831 2835
f 2805 2838 2839
f 2831 2829 2835
f 2835 2829 2840
f 2835 2841 2836
f 2835 2840 2841
f 2822 2830 2805
f 2805 2842 2843
f 2830 2823 2829
f 2805 2844 2826
f 2805 2843 2844
f 2805 2845 2842
f 2805 2839 2845
f 2844 2843 2846
f 2842 2847 2843
f 2829 2828 2840
f 2828 2827 2848
f 2828 2848 2849
f 2828 2849 2840
f 2841 2840 2850
f 2841 2851 2852
f 2841 2850 2851
f 2849 2850 2840
f 2849 2853 2850
f 2850 2853 2854
f 2851 2854 2855
f 2851 2850 2854
f 2853 2856 2854
f 2854 2857 2855
f 2751 2769 2767
f 2761 2770 2769
f 2771 2810 2763
f 2768 2775 2762
f 2775 2808 2765
f 2763 2810 2770
f 2771 2773 2806
f 2808 2809 2780
f 2774 2811 2773
f 2774 2858 2811
f 2811 2858 2813
f 2813 2858 2859
f 2808 2780 2765
f 2809 2782 2780
f 2860 2861 2782
f 2771 2806 2810
f 2811 2807 2773
f 2809 2860 2782
f 2819 2861 2860
f 2809 2805 2860
f 2819 2820 2862
f 2814 2813 2859
f 2814 2859 2816
f 2819 2862 2861
f 2820 2863 2862
f 2821 2864 2863
f 2862 2863 2865
f 2863 2864 2866
f 2858 2778 2795
f 2858 2795 2859
f 2795 2797 2859
f 2774 2778 2858
f 2797 2816 2859
f 2797 2867 2816
f 2816 2867 2827
f 2867 2848 2827
f 2782 2861 2783
f 2861 2868 2783
f 2861 2862 2868
f 2862 2865 2868
f 2863 2866 2865
f 2783 2868 2801
f 2786 2783 2801
f 2868 2865 2869
f 2868 2869 2801
f 2865 2870 2869
f 2866 2870 2865
f 2866 2871 2870
f 2819 2860 2805
f 2820 2821 2863
f 2821 2824 2864
f 2824 2825 2872
f 2825 2873 2872
f 2824 2872 2864
f 2872 2874 2864
f 2866 2864 2874
f 2872 2873 2875
f 2872 2875 2874
f 2826 2873 2825
f 2826 2844 2876
f 2826 2876 2873
f 2844 2846 2876
f 2843 2847 2846
f 2846 2877 2876
f 2876 2877 2878
f 2876 2878 2873
f 2873 2878 2875
f 2875 2879 2874
f 2875 2878 2880
f 2875 2880 2879
f 2877 2881 2878
f 2878 2881 2880
f 2866 2874 2871
f 2874 2879 2871
f 2797 2798 2867
f 2795 2796 2797
f 2867 2798 2882
f 2867 2882 2848
f 2848 2882 2883
f 2882 2798 2884
f 2882 2885 2883
f 2883 2886 2853
f 2801 2869 2887
f 2869 2888 2887
f 2870 2871 2889
f 2869 2870 2888
f 2870 2889 2888
f 2848 2883 2849
f 2849 2883 2853
f 2880 2881 2890
f 2879 2891 2871
f 2871 2891 2889
f 2879 2880 2892
f 2879 2892 2891
f 2880 2890 2892
f 2889 2891 2893
f 2892 2894 2891
f 2794 2793 2803
f 2796 2803 2804
f 2798 2804 2884
f 2884 2804 2895
f 2884 2896 2885
f 2896 2897 2885
f 2857 2898 2855
f 2854 2856 2857
f 2857 2899 2898
f 2883 2885 2886
f 2856 2886 2900
f 2882 2884 2885
f 2885 2897 2886
f 2886 2897 2900
f 2853 2886 2856
f 2857 2856 2901
f 2856 2900 2901
f 2857 2901 2899
f 2891 2894 2893
f 2901 2900 2902
f 2900 2897 2903
f 2900 2903 2902
f 2899 2901 2904
f 2901 2902 2904
f 2899 2904 2905
f 2902 2903 2906
f 2902 2906 2907
f 2904 2908 2905
f 2908 2909 2910
f 2902 2907 2904
f 2904 2907 2908
f 2908 2907 2911
f 2908 2911 2909
f 2909 2911 2912
f 2909 2912 2913
f 2912 2914 2913
f 2737 2915 2740
f 2740 2916 2743
f 2737 2739 2917
f 2743 2918 2787
f 2739 2745 2919
f 2787 2920 2788
f 2745 2789 2921
f 2915 2922 2916
f 2923 2916 2922
f 2915 2924 2922
f 2915 2917 2924
f 2923 2925 2918
f 2923 2922 2926
f 2923 2926 2927
f 2922 2928 2926
f 2923 2927 2925
f 2922 2924 2928
f 2924 2929 2930
f 2925 2927 2931
f 2924 2930 2928
f 2740 2915 2916
f 2743 2916 2918
f 2737 2917 2915
f 2739 2919 2917
f 2923 2918 2916
f 2918 2925 2920
f 2920 2925 2932
f 2787 2918 2920
f 2792 2788 2920
f 2792 2933 2793
f 2745 2921 2919
f 2789 2934 2921
f 2792 2920 2932
f 2792 2932 2933
f 2793 2933 2935
f 2935 2936 2937
f 2917 2919 2929
f 2917 2929 2924
f 2919 2921 2938
f 2919 2938 2929
f 2921 2934 2939
f 2921 2939 2938
f 2934 2940 2939
f 2932 2925 2931
f 2932 2941 2933
f 2942 2933 2941
f 2929 2938 2943
f 2932 2931 2941
f 2930 2929 2943
f 2938 2944 2943
f 2935 2933 2942
f 2935 2942 2936
f 2938 2939 2944
f 2939 2940 2945
f 2939 2945 2944
f 2758 2791 2789
f 2784 2799 2791
f 2789 2791 2934
f 2791 2799 2946
f 2799 2800 2947
f 2785 2800 2799
f 2786 2802 2800
f 2800 2802 2948
f 2802 2887 2949
f 2802 2801 2887
f 2888 2950 2887
f 2889 2951 2888
f 2792 2793 2790
f 2803 2793 2935
f 2803 2935 2937
f 2803 2937 2804
f 2804 2937 2895
f 2791 2946 2934
f 2799 2947 2946
f 2884 2895 2896
f 2800 2948 2947
f 2802 2949 2948
f 2947 2948 2952
f 2949 2953 2948
f 2895 2937 2954
f 2936 2954 2937
f 2895 2954 2955
f 2895 2955 2896
f 2896 2956 2897
f 2896 2955 2956
f 2956 2903 2897
f 2934 2946 2940
f 2946 2957 2940
f 2946 2947 2957
f 2947 2952 2957
f 2948 2953 2952
f 2957 2958 2940
f 2945 2940 2958
f 2957 2959 2958
f 2957 2952 2959
f 2953 2960 2952
f 2952 2960 2959
f 2887 2950 2949
f 2888 2951 2950
f 2949 2950 2961
f 2949 2961 2953
f 2951 2962 2950
f 2950 2962 2961
f 2889 2893 2951
f 2951 2893 2963
f 2894 2964 2893
f 2893 2964 2963
f 2951 2963 2962
f 2962 2965 2961
f 2962 2963 2966
f 2962 2966 2965
f 2967 2966 2963
f 2953 2961 2968
f 2953 2968 2960
f 2961 2965 2968
f 2931 2969 2941
f 2942 2941 2970
f 2942 2970 2971
f 2936 2972 2954
f 2954 2972 2973
f 2942 2971 2936
f 2936 2971 2972
f 2972 2974 2973
f 2974 2975 2973
f 2927 2926 2976
f 2926 2928 2977
f 2927 2976 2978
f 2926 2977 2976
f 2969 2978 2979
f 2931 2927 2978
f 2931 2978 2969
f 2941 2969 2970
f 2928 2930 2980
f 2928 2980 2977
f 2930 2981 2980
f 2969 2982 2970
f 2969 2979 2982
f 2970 2982 2983
f 2978 2976 2984
f 2976 2977 2985
f 2977 2980 2986
f 2978 2984 2979
f 2976 2985 2984
f 2982 2979 2987
f 2979 2984 2988
f 2984 2985 2989
f 2977 2986 2985
f 2980 2990 2986
f 2982 2991 2983
f 2985 2986 2992
f 2930 2943 2981
f 2943 2944 2993
f 2971 2970 2983
f 2943 2993 2981
f 2981 2993 2994
f 2944 2995 2993
f 2945 2995 2944
f 2971 2996 2972
f 2995 2997 2993
f 2971 2983 2996
f 2996 2983 2998
f 2972 2996 2974
f 2996 2999 2974
f 2974 3000 2975
f 2993 2997 2994
f 2980 2981 2990
f 2981 2994 2990
f 2990 2994 3001
f 2986 2990 3002
f 2997 3003 2994
f 2979 2988 2987
f 2984 2989 2988
f 2991 2987 3004
f 2983 2991 2998
f 2982 2987 2991
f 2985 2992 2989
f 2986 3002 2992
f 2991 3004 3005
f 2991 3005 2998
f 2996 2998 2999
f 2974 2999 3000
f 3000 2999 3006
f 3000 3006 3007
f 3006 3008 3007
f 2999 2998 3009
f 2999 3009 3006
f 2990 3001 3002
f 2998 3005 3009
f 3002 3010 3011
f 2994 3003 3001
f 3002 3001 3010
f 3001 3003 3012
f 3001 3012 3010
f 3006 3009 3013
f 3009 3005 3014
f 3009 3014 3013
f 3006 3013 3008
f 2955 2954 2973
f 2955 2973 3015
f 2956 3016 2903
f 2956 2955 3015
f 2956 3015 3016
f 3016 3015 3017
f 2906 3016 3018
f 3016 3017 3018
f 3015 2973 2975
f 2958 2959 3019
f 2959 3020 3019
f 2959 2960 3020
f 3015 2975 3017
f 3017 2975 3021
f 3018 3017 3022
f 2903 3016 2906
f 2907 2906 3023
f 2966 3024 2965
f 2907 3023 2911
f 2911 3023 3025
f 2906 3018 3023
f 3018 3026 3023
f 2968 3027 2960
f 2968 3028 3027
f 2960 3027 3020
f 3020 3027 3029
f 2968 2965 3028
f 2965 3024 3028
f 3028 3030 3027
f 3028 3024 3031
f 3028 3031 3030
f 3027 3030 3029
f 3029 3030 3032
f 3017 3021 3022
f 3022 3021 3033
f 3018 3022 3026
f 3026 3022 3034
f 3026 3034 3035
f 3022 3033 3034
f 3034 3036 3037
f 3023 3026 3025
f 3026 3035 3025
f 3025 3035 3038
f 2911 3025 2912
f 2912 3025 3038
f 2912 3038 2914
f 2914 3038 3039
f 3038 3040 3039
f 3029 3032 3041
f 3041 3032 3042
f 3038 3035 3040
f 3035 3037 3040
f 3035 3034 3037
f 2945 2958 3043
f 2945 3043 2995
f 2958 3019 3043
f 2995 3043 3044
f 3043 3019 3045
f 3020 3046 3019
f 2995 3044 2997
f 3043 3045 3044
f 3019 3046 3045
f 3045 3047 3044
f 2997 3044 3048
f 3020 3029 3046
f 3045 3046 3049
f 3029 3041 3046
f 3000 3021 2975
f 3000 3007 3021
f 3021 3007 3033
f 3044 3047 3048
f 3045 3049 3047
f 3033 3050 3036
f 3033 3007 3050
f 3008 3050 3007
f 3034 3033 3036
f 2997 3048 3003
f 3048 3051 3003
f 3003 3051 3012
f 3048 3052 3051
f 3047 3052 3048
f 3010 3012 3053
f 3010 3053 3054
f 3051 3052 3055
f 3051 3055 3056
f 3051 3056 3012
f 3056 3053 3012
f 3046 3041 3049
f 3047 3049 3057
f 3047 3057 3052
f 3041 3058 3049
f 3041 3042 3058
f 3058 3057 3049
f 3057 3059 3052
f 3058 3060 3057
f 3057 3060 3059
f 3052 3059 3055
f 3061 3062 3063
f 3061 3064 3062
f 3064 3065 3066
f 3067 3066 3065
f 3063 3062 3068
f 3069 3062 3066
f 3064 3066 3062
f 3069 3068 3062
f 3069 3070 3068
f 3070 3071 3068
f 3070 3072 3071
f 3069 3073 3074
f 3069 3066 3073
f 3067 3073 3066
f 3069 3074 3070
f 3074 3075 3070
f 3075 3072 3070
f 3075 3076 3072
f 2834 2833 3077
f 3077 2833 3078
f 3077 3078 3079
f 3079 3078 2852
f 3080 3081 3082
f 2834 3080 3082
f 3081 2838 3082
f 2834 3077 3080
f 3080 3077 3083
f 3077 3079 3083
f 3080 3084 3081
f 3080 3083 3084
f 3079 3085 3086
f 3086 3087 3083
f 3079 3086 3083
f 3084 3083 3087
f 3084 3087 3088
f 2805 2834 3082
f 2832 2836 2837
f 2833 2837 3078
f 2837 2836 3078
f 2805 3082 2838
f 2839 3089 2845
f 2839 2838 3090
f 2836 2852 3078
f 2841 2852 2836
f 2842 2845 3091
f 2842 3091 2847
f 2845 3089 3091
f 3091 3092 2847
f 3081 3090 2838
f 2839 3090 3089
f 3090 3093 3089
f 3093 3094 3089
f 3091 3089 3094
f 3091 3094 3092
f 2851 3085 2852
f 3079 2852 3085
f 3093 3095 3094
f 3095 3096 3094
f 3094 3096 3092
f 3096 3097 3092
f 3081 3084 3098
f 3081 3098 3090
f 3090 3098 3093
f 3084 3088 3098
f 3098 3088 3099
f 3098 3099 3093
f 3099 3095 3093
f 3086 3085 3100
f 3086 3101 3087
f 3086 3100 3101
f 3102 3087 3101
f 3101 3100 3103
f 2851 2855 3085
f 3085 2855 3100
f 3096 3104 3097
f 3097 3104 3105
f 3100 2855 2898
f 3102 3088 3087
f 3061 3099 3088
f 3102 3061 3088
f 3061 3063 3099
f 3063 3095 3099
f 3063 3106 3095
f 3102 3101 3107
f 3102 3064 3061
f 3095 3106 3096
f 3106 3104 3096
f 3105 3104 3108
f 3106 3071 3104
f 2846 2847 3109
f 2846 3109 2877
f 3092 3109 2847
f 2877 3109 3110
f 2877 3110 2881
f 3092 3097 3109
f 3097 3110 3109
f 3110 3111 2881
f 2881 3111 2890
f 3097 3105 3110
f 3110 3105 3111
f 2890 3111 3112
f 2892 2890 3113
f 3105 3114 3111
f 3063 3068 3106
f 3107 3101 3103
f 3107 3103 3115
f 3103 3116 3115
f 3100 2898 3103
f 3103 2898 3116
f 2899 3116 2898
f 3102 3107 3064
f 3107 3115 3065
f 3107 3065 3064
f 3104 3071 3108
f 3108 3117 3114
f 3114 3117 3118
f 3116 3119 3115
f 2899 2905 3116
f 3116 2905 3119
f 3065 3115 3120
f 3119 3120 3115
f 3067 3065 3120
f 3114 3112 3111
f 2892 3113 2894
f 2890 3112 3113
f 2894 3113 3121
f 3112 3122 3113
f 3113 3122 3121
f 3105 3108 3114
f 3114 3118 3112
f 3118 3122 3112
f 3118 3123 3122
f 3123 3124 3122
f 3122 3124 3121
f 3124 3125 3121
f 3068 3071 3106
f 3072 3108 3071
f 3072 3117 3108
f 3072 3076 3117
f 3076 3126 3117
f 3118 3117 3126
f 3118 3126 3123
f 3127 3128 3129
f 3128 3130 3129
f 3073 3131 3074
f 3073 3132 3131
f 3131 3132 3133
f 3067 3132 3073
f 3067 3134 3132
f 3134 3135 3132
f 3074 3131 3127
f 3074 3127 3075
f 3075 3136 3076
f 3076 3136 3137
f 3127 3131 3128
f 3138 3139 3137
f 3133 3132 3135
f 3133 3135 3140
f 3128 3131 3133
f 3128 3133 3141
f 3133 3140 3141
f 3141 3140 3142
f 3128 3141 3130
f 3141 3143 3130
f 3141 3142 3143
f 3143 3144 3145
f 3143 3142 3144
f 3119 2905 2910
f 3119 2910 3146
f 3146 2910 3147
f 3119 3146 3120
f 3134 3120 3146
f 3067 3120 3134
f 3134 3146 3148
f 3134 3148 3135
f 3135 3148 3149
f 3146 3147 3148
f 3148 3147 3150
f 2908 2910 2905
f 3124 3151 3125
f 3125 3151 3152
f 2909 3147 2910
f 2909 2913 3147
f 3152 3153 3154
f 3126 3139 3123
f 3123 3139 3155
f 3076 3137 3126
f 3137 3139 3126
f 3139 3156 3155
f 3138 3156 3139
f 3156 3157 3155
f 3156 3158 3157
f 3123 3155 3124
f 3124 3155 3151
f 3155 3157 3151
f 3152 3151 3153
f 3157 3153 3151
f 3154 3153 3159
f 3157 3160 3153
f 3148 3150 3149
f 3149 3150 3161
f 3149 3161 3162
f 3161 3163 3162
f 3147 2913 3150
f 3150 2913 3164
f 2914 3164 2913
f 3150 3164 3161
f 2914 3165 3164
f 3164 3165 3166
f 3161 3164 3166
f 3161 3166 3163
f 3135 3149 3140
f 3140 3149 3162
f 3140 3162 3142
f 3157 3158 3160
f 3142 3162 3167
f 3163 3167 3162
f 3142 3167 3144
f 3159 3168 3169
f 3160 3159 3153
f 3160 3170 3159
f 3159 3170 3168
f 3168 3171 3172
f 3075 3127 3136
f 3127 3129 3136
f 3173 3129 3174
f 3173 3136 3129
f 3173 3175 3138
f 3173 3137 3136
f 3173 3138 3137
f 3138 3176 3156
f 3174 3177 3178
f 3129 3130 3174
f 3174 3130 3177
f 3143 3177 3130
f 3173 3174 3175
f 3174 3178 3175
f 3175 3178 3179
f 3175 3179 3176
f 3179 3180 3176
f 3178 3177 3181
f 3177 3145 3181
f 3178 3182 3179
f 3178 3181 3182
f 3176 3158 3156
f 3175 3176 3138
f 3176 3180 3158
f 3180 3183 3158
f 3143 3145 3177
f 3180 3184 3183
f 3183 3184 3185
f 3179 3186 3180
f 3182 3186 3179
f 3186 3184 3180
f 3183 3160 3158
f 3183 3170 3160
f 3183 3185 3170
f 3185 3187 3170
f 3168 3170 3187
f 3168 3187 3171
f 2894 3121 2964
f 2964 2967 2963
f 3121 3125 2964
f 2964 3125 2967
f 2967 3125 3152
f 2967 3152 3188
f 2967 3188 2966
f 2966 3188 3024
f 3188 3189 3024
f 3152 3154 3188
f 3189 3031 3024
f 3154 3189 3188
f 3154 3169 3189
f 3189 3190 3031
f 3030 3031 3191
f 3169 3190 3189
f 2914 3039 3165
f 3031 3190 3191
f 3030 3191 3032
f 3191 3192 3032
f 3192 3042 3032
f 3190 3193 3191
f 3191 3193 3192
f 3192 3193 3194
f 3192 3194 3195
f 3192 3195 3042
f 3195 3196 3042
f 3154 3159 3169
f 3169 3172 3190
f 3168 3172 3169
f 3172 3193 3190
f 3172 3197 3193
f 3197 3194 3193
f 3172 3171 3197
f 3058 3042 3196
f 3058 3196 3060
f 3013 3014 3198
f 3008 3199 3200
f 3013 3199 3008
f 3013 3198 3199
f 3199 3198 3201
f 3199 3201 3202
f 3039 3203 3204
f 3037 3205 3206
f 3040 3037 3206
f 3039 3040 3203
f 3040 3206 3203
f 3203 3207 3204
f 3203 3206 3208
f 3206 3209 3208
f 3203 3208 3207
f 3208 3210 3207
f 3208 3211 3210
f 3050 3200 3212
f 3036 3212 3205
f 3036 3205 3037
f 3036 3050 3212
f 3205 3212 3213
f 3212 3214 3213
f 3213 3214 3215
f 3008 3200 3050
f 3199 3202 3200
f 3212 3200 3214
f 3053 3216 3054
f 3056 3217 3053
f 3053 3217 3216
f 3218 3216 3219
f 3200 3202 3214
f 3201 3220 3202
f 3201 3221 3220
f 3202 3220 3222
f 3202 3222 3214
f 3214 3222 3215
f 3218 3219 3223
f 3224 3223 3225
f 3205 3209 3206
f 3059 3226 3055
f 3226 3227 3228
f 3205 3213 3209
f 3209 3213 3229
f 3229 3213 3215
f 3208 3209 3211
f 3209 3229 3211
f 3230 3228 3227
f 3056 3228 3217
f 3056 3055 3228
f 3217 3231 3216
f 3055 3226 3228
f 3230 3217 3228
f 3231 3219 3216
f 3232 3223 3219
f 3232 3225 3223
f 3230 3231 3217
f 3231 3233 3219
f 3230 3234 3231
f 3231 3234 3233
f 3233 3232 3219
f 3221 3235 3220
f 3222 3236 3215
f 3222 3237 3236
f 3222 3220 3237
f 3237 3220 3235
f 3238 3239 3240
f 3241 3235 3242
f 3237 3235 3243
f 3243 3235 3241
f 3241 3242 3244
f 3244 3242 3245
f 3229 3215 3246
f 3215 3236 3246
f 3229 3247 3211
f 3211 3247 3248
f 3229 3246 3247
f 3247 3246 3249
f 3246 3236 3250
f 3250 3236 3251
f 3246 3250 3249
f 3252 3253 3225
f 3252 3239 3253
f 3232 3254 3225
f 3252 3225 3254
f 3237 3251 3236
f 3237 3243 3251
f 3244 3245 3255
f 3255 3245 3240
f 3256 3240 3239
f 3255 3240 3256
f 3252 3257 3239
f 3256 3239 3257
f 3251 3258 3259
f 3260 3258 3243
f 3251 3243 3258
f 3260 3241 3261
f 3250 3251 3259
f 3244 3262 3261
f 3260 3243 3241
f 3241 3244 3261
f 3244 3255 3262
f 3144 3263 3145
f 3166 3165 3264
f 3163 3166 3265
f 3166 3264 3265
f 3265 3264 3266
f 3265 3266 3267
f 3163 3268 3167
f 3167 3268 3269
f 3269 3268 3270
f 3144 3167 3269
f 3144 3269 3263
f 3263 3269 3271
f 3269 3270 3271
f 3271 3270 3272
f 3271 3272 3273
f 3163 3265 3268
f 3268 3265 3267
f 3197 3171 3274
f 3268 3267 3270
f 3270 3267 3275
f 3266 3276 3267
f 3267 3276 3275
f 3270 3275 3272
f 3275 3276 3277
f 3272 3275 3278
f 3272 3278 3279
f 3275 3277 3278
f 3278 3277 3280
f 3278 3280 3281
f 3182 3181 3282
f 3182 3282 3283
f 3282 3284 3283
f 3181 3285 3282
f 3282 3286 3284
f 3145 3263 3285
f 3181 3145 3285
f 3263 3287 3285
f 3282 3285 3286
f 3185 3288 3289
f 3285 3287 3286
f 3263 3271 3287
f 3286 3287 3290
f 3287 3273 3290
f 3286 3290 3291
f 3284 3286 3291
f 3182 3283 3186
f 3186 3283 3292
f 3186 3292 3184
f 3283 3293 3292
f 3184 3292 3288
f 3292 3294 3288
f 3284 3293 3283
f 3284 3295 3293
f 3293 3295 3296
f 3284 3291 3295
f 3292 3293 3294
f 3293 3296 3294
f 3294 3296 3297
f 3294 3297 3298
f 3294 3298 3288
f 3297 3299 3298
f 3185 3184 3288
f 3289 3288 3298
f 3298 3299 3300
f 3289 3298 3300
f 3300 3299 3301
f 3291 3302 3303
f 3291 3290 3302
f 3302 3304 3303
f 3296 3295 3305
f 3295 3303 3305
f 3296 3306 3297
f 3296 3305 3306
f 3297 3306 3307
f 3297 3307 3299
f 3299 3307 3308
f 3306 3309 3307
f 3306 3305 3310
f 3306 3310 3309
f 3295 3291 3303
f 3299 3308 3301
f 3308 3311 3301
f 3305 3303 3312
f 3305 3312 3310
f 3303 3304 3312
f 3308 3313 3311
f 3311 3313 3314
f 3185 3289 3187
f 3289 3300 3315
f 3187 3289 3315
f 3287 3271 3273
f 3300 3316 3315
f 3187 3315 3171
f 3171 3315 3274
f 3317 3274 3318
f 3315 3316 3274
f 3317 3318 3319
f 3318 3320 3319
f 3319 3320 3321
f 3316 3318 3274
f 3316 3322 3318
f 3322 3320 3318
f 3300 3301 3316
f 3301 3322 3316
f 3290 3273 3323
f 3272 3279 3273
f 3273 3279 3323
f 3290 3323 3302
f 3323 3279 3324
f 3302 3323 3325
f 3302 3325 3304
f 3323 3324 3325
f 3320 3326 3321
f 3321 3326 3327
f 3278 3281 3279
f 3279 3281 3324
f 3301 3311 3322
f 3311 3328 3322
f 3311 3314 3328
f 3314 3329 3328
f 3322 3328 3320
f 3328 3326 3320
f 3328 3329 3326
f 3329 3330 3326
f 3327 3326 3330
f 3327 3330 3331
f 3280 3332 3333
f 3309 3310 3334
f 3309 3334 3335
f 3312 3304 3336
f 3312 3336 3337
f 3336 3338 3337
f 3310 3312 3337
f 3310 3337 3334
f 3334 3339 3335
f 3334 3337 3340
f 3337 3338 3340
f 3334 3340 3339
f 3339 3340 3341
f 3304 3325 3342
f 3325 3324 3343
f 3324 3344 3343
f 3325 3343 3342
f 3343 3344 3345
f 3324 3281 3344
f 3281 3346 3344
f 3280 3346 3281
f 3280 3333 3346
f 3347 3348 3333
f 3346 3333 3349
f 3344 3346 3350
f 3347 3351 3348
f 3348 3349 3333
f 3351 3352 3353
f 3348 3351 3354
f 3352 3355 3353
f 3350 3346 3349
f 3344 3350 3345
f 3350 3349 3356
f 3356 3349 3357
f 3348 3357 3349
f 3348 3354 3357
f 3351 3353 3354
f 3304 3342 3336
f 3336 3342 3358
f 3343 3359 3342
f 3314 3360 3329
f 3329 3360 3361
f 3360 3362 3361
f 3336 3358 3338
f 3342 3359 3358
f 3343 3345 3359
f 3359 3345 3363
f 3345 3364 3363
f 3358 3359 3365
f 3359 3363 3365
f 3358 3366 3338
f 3338 3366 3367
f 3340 3338 3367
f 3340 3367 3341
f 3361 3362 3368
f 3358 3365 3366
f 3330 3369 3331
f 3331 3369 3370
f 3370 3371 3372
f 3329 3361 3330
f 3330 3361 3369
f 3361 3368 3369
f 3373 3370 3369
f 3350 3364 3345
f 3350 3356 3364
f 3374 3372 3371
f 3374 3375 3376
f 3376 3375 3377
f 3368 3373 3369
f 3368 3378 3373
f 3373 3378 3379
f 3373 3379 3371
f 3379 3380 3371
f 3373 3371 3370
f 3374 3371 3380
f 3374 3380 3375
f 3381 1770 3355
f 3381 1773 1771
f 3357 3354 1784
f 3353 3355 1768
f 3354 3353 1772
f 3354 1757 1784
f 3381 1771 1770
f 3355 1770 1769
f 3355 1769 1768
f 3353 1768 1767
f 3353 1767 1772
f 3354 1772 1757
f 3363 3364 1777
f 3363 1777 1776
f 3367 3366 3382
f 3366 3365 1783
f 3365 1782 1783
f 3365 3363 1778
f 3363 1776 1778
f 3365 1778 1782
f 3366 1779 1780
f 3366 1783 1779
f 3366 1780 3382
f 3382 1780 1781
f 3364 3356 1775
f 3356 1788 1775
f 3356 3357 1785
f 3357 1784 1787
f 3357 1787 1786
f 3357 1786 1785
f 3356 1785 1788
f 3364 1775 1774
f 3364 1774 1777
f 3383 3384 1822
f 3383 1824 1821
f 3383 1822 1824
f 3380 1851 3375
f 3375 1800 1798
f 3379 1847 3380
f 3380 1849 1851
f 3375 1851 1800
f 3375 1795 3377
f 3377 1797 1825
f 3377 1795 1797
f 3377 1825 3384
f 3384 1823 1822
f 3384 1825 1823
f 3375 1796 1795
f 3375 1798 1796
f 3165 3204 3264
f 3165 3039 3204
f 3264 3204 3385
f 3204 3207 3385
f 3385 3207 3386
f 3264 3385 3266
f 3266 3385 3387
f 3266 3387 3276
f 3385 3386 3387
f 3195 3388 3196
f 3196 3388 3389
f 3207 3210 3386
f 3197 3317 3194
f 3197 3274 3317
f 3317 3319 3390
f 3317 3390 3194
f 3319 3391 3390
f 3391 3392 3393
f 3195 3194 3390
f 3195 3390 3388
f 3388 3393 3389
f 3390 3391 3388
f 3391 3393 3388
f 3393 3394 3395
f 3393 3395 3389
f 3396 3395 3397
f 3394 3397 3395
f 3393 3392 3394
f 3387 3386 3398
f 3387 3398 3399
f 3386 3210 3400
f 3211 3248 3210
f 3400 3210 3248
f 3386 3400 3398
f 3400 3248 3401
f 3248 3402 3401
f 3398 3400 3403
f 3400 3401 3403
f 3276 3387 3399
f 3276 3399 3277
f 3277 3399 3332
f 3332 3399 3404
f 3398 3404 3399
f 3398 3403 3404
f 3280 3277 3332
f 3397 3405 3406
f 3407 3406 3405
f 3394 3408 3397
f 3397 3408 3405
f 3407 3409 3410
f 3409 3411 3410
f 3407 3405 3412
f 3407 3412 3409
f 3196 3389 3060
f 3060 3389 3413
f 3226 3413 3396
f 3059 3060 3413
f 3059 3413 3226
f 3389 3395 3413
f 3226 3396 3227
f 3230 3227 3414
f 3230 3414 3234
f 3413 3395 3396
f 3396 3406 3227
f 3406 3414 3227
f 3396 3397 3406
f 3233 3234 3415
f 3233 3415 3416
f 3410 3234 3414
f 3410 3415 3234
f 3247 3402 3248
f 3247 3249 3402
f 3417 3254 3416
f 3417 3418 3254
f 3419 3416 3415
f 3417 3416 3419
f 3233 3416 3232
f 3232 3416 3254
f 3252 3254 3418
f 3252 3418 3257
f 3407 3414 3406
f 3407 3410 3414
f 3411 3415 3410
f 3411 3419 3415
f 3319 3321 3391
f 3321 3392 3391
f 3321 3327 3392
f 3327 3420 3392
f 3394 3392 3420
f 3394 3420 3408
f 3420 3421 3408
f 3422 3408 3421
f 3327 3331 3420
f 3331 3421 3420
f 3405 3408 3422
f 3405 3422 3412
f 3402 3249 3423
f 3260 3424 3258
f 3425 3259 3258
f 3426 3423 3427
f 3402 3428 3401
f 3249 3427 3423
f 3402 3423 3428
f 3429 3427 3259
f 3430 3261 3262
f 3431 3262 3432
f 3429 3259 3425
f 3424 3425 3258
f 3260 3433 3424
f 3433 3261 3430
f 3404 3403 3434
f 3403 3435 3434
f 3435 3428 3436
f 3332 3404 3347
f 3332 3347 3333
f 3347 3434 3351
f 3347 3404 3434
f 3352 3434 3435
f 3426 3437 3423
f 3424 3438 3425
f 3425 3438 3439
f 3429 3425 3439
f 3424 3440 3438
f 3351 3434 3352
f 3381 3436 3437
f 3441 3442 3426
f 3381 3437 3442
f 3437 3436 3428
f 3352 3435 3436
f 3441 3426 3429
f 3442 3437 3426
f 3441 3429 3439
f 3430 3431 3443
f 3433 3444 3440
f 3445 3446 3431
f 3430 3443 3444
f 3403 3401 3435
f 3401 3428 3435
f 3437 3428 3423
f 3417 3447 3448
f 3445 3432 3449
f 3450 3449 3451
f 3411 3452 3453
f 3447 3454 3448
f 3419 3453 3447
f 3411 3453 3419
f 3409 3452 3411
f 3451 3448 3455
f 3426 3427 3429
f 3424 3433 3440
f 3433 3430 3444
f 3430 3262 3431
f 3445 3431 3432
f 3445 3449 3450
f 3448 3454 3455
f 3450 3451 3455
f 3439 3438 1762
f 3438 3440 1803
f 3250 3427 3249
f 3250 3259 3427
f 3260 3261 3433
f 3255 3256 3432
f 3255 3432 3262
f 3256 3257 3449
f 3449 3257 3451
f 3451 3257 3418
f 3256 3449 3432
f 3451 3418 3448
f 3417 3448 3418
f 3417 3419 3447
f 3422 3456 3412
f 3412 3456 3457
f 3458 3453 3452
f 3372 3422 3421
f 3372 3456 3422
f 3376 3457 3456
f 3459 3452 3457
f 3352 3436 3355
f 3381 3355 3436
f 3458 3460 3453
f 3431 3446 3443
f 3445 3461 3446
f 3445 3450 3461
f 3462 3455 3454
f 3463 3461 3450
f 3463 3450 3455
f 3459 3457 3376
f 3462 3454 3464
f 3383 3460 3458
f 3383 3464 3460
f 3459 3458 3452
f 3464 3454 3460
f 3463 3455 3462
f 3409 3412 3457
f 3409 3457 3452
f 3447 3453 3460
f 3447 3460 3454
f 3331 3370 3421
f 3370 3372 3421
f 3374 3456 3372
f 3374 3376 3456
f 3459 3384 3458
f 3459 3376 3377
f 3383 3458 3384
f 3459 3377 3384
f 3441 1760 3442
f 3441 3439 1764
f 3440 3444 1806
f 3381 3442 1773
f 3444 3443 1808
f 3443 3446 1809
f 3439 1761 1764
f 3441 1764 1763
f 3441 1763 1760
f 3439 1762 1761
f 3438 1801 1762
f 3438 1803 1801
f 3440 1804 1803
f 3440 1805 1804
f 3442 1760 1766
f 3442 1766 1765
f 3442 1765 1773
f 3440 1806 1805
f 3444 1807 1806
f 3444 1808 1807
f 3443 1811 1808
f 3446 3461 1812
f 3463 1814 3461
f 3463 1816 1815
f 3463 3462 1816
f 3443 1809 1811
f 3446 1812 1810
f 3446 1810 1809
f 3463 1815 1814
f 3461 1813 1812
f 3461 1814 1813
f 3462 3464 1819
f 3462 1818 1817
f 3462 1817 1816
f 3462 1819 1818
f 3383 1821 3464
f 3464 1820 1819
f 3464 1821 1820
f 2987 2988 3465
f 2988 3466 3465
f 2988 2989 3466
f 2987 3465 3004
f 2989 2992 3467
f 2989 3467 3466
f 3004 3465 3468
f 3004 3468 3469
f 3465 3470 3468
f 3005 3004 3469
f 3466 3467 3471
f 3005 3469 3014
f 3465 3466 3470
f 3466 3471 3470
f 2992 3002 3011
f 2992 3011 3467
f 3467 3011 3472
f 3467 3472 3471
f 3011 3010 3054
f 3011 3054 3472
f 3469 3473 3014
f 3468 3474 3469
f 3468 3470 3475
f 3469 3474 3473
f 3468 3475 3474
f 3014 3473 3198
f 3198 3473 3476
f 3470 3471 3477
f 3470 3477 3475
f 3474 3478 3473
f 3474 3475 3479
f 3471 3472 3480
f 3471 3480 3477
f 3475 3477 3481
f 3473 3478 3476
f 3476 3478 3482
f 3474 3479 3478
f 3198 3476 3201
f 3476 3482 3221
f 3478 3483 3482
f 3201 3476 3221
f 3475 3481 3479
f 3478 3479 3483
f 3472 3054 3218
f 3472 3218 3480
f 3054 3216 3218
f 3477 3480 3224
f 3218 3223 3480
f 3477 3224 3481
f 3224 3480 3223
f 3479 3481 3238
f 3479 3238 3483
f 3224 3253 3481
f 3481 3253 3238
f 3224 3225 3253
f 3221 3482 3242
f 3482 3483 3245
f 3221 3242 3235
f 3482 3245 3242
f 3483 3238 3240
f 3253 3239 3238
f 3245 3483 3240
f 3309 3484 3307
f 3308 3307 3484
f 3308 3484 3313
f 3309 3335 3484
f 3484 3485 3313
f 3484 3335 3485
f 3313 3485 3486
f 3335 3487 3485
f 3485 3488 3486
f 3314 3313 3486
f 3339 3487 3335
f 3485 3487 3488
f 3488 3489 3486
f 3339 3490 3487
f 3339 3341 3490
f 3487 3491 3488
f 3487 3490 3491
f 3488 3491 3492
f 3488 3492 3489
f 3491 3490 3493
f 3491 3493 3494
f 3491 3494 3492
f 3492 3494 3495
f 3314 3486 3360
f 3360 3486 3489
f 3360 3489 3362
f 3489 3492 3496
f 3489 3496 3362
f 3362 3496 3497
f 3368 3362 3497
f 3368 3497 3378
f 3367 3498 3341
f 3490 3341 3499
f 3496 3500 3497
f 3341 3498 3499
f 3367 3382 3498
f 3498 3382 1781
f 3493 3499 1781
f 3499 3498 1781
f 3490 3499 3493
f 3493 1781 3494
f 3494 1781 3495
f 3495 1781 3500
f 3497 1845 1844
f 3497 1836 1845
f 3497 1844 3378
f 3378 1844 1846
f 3378 1846 1850
f 3497 3500 1836
f 3500 1781 1837
f 3492 3495 3496
f 3495 3500 3496
f 3500 1837 1836
f 3379 1848 1847
f 3379 3378 1850
f 3379 1850 1848
f 3380 1847 1849
f 3501 3502 3503
f 3504 3502 3501
f 3505 3506 3507
f 3508 3502 3509
f 3509 3502 3504
f 3508 3505 3502
f 3508 3510 3505
f 3508 3511 3512
f 3508 3513 3514
f 3508 3514 3510
f 3508 3512 3513
f 3505 3515 3516
f 3505 3510 3515
f 3505 3517 3518
f 3505 3519 3517
f 3505 3520 3521
f 3505 3521 3519
f 3505 3518 3522
f 3505 3522 3506
f 3505 3516 3523
f 3505 3523 3520
f 3507 3524 3525
f 3507 3526 3527
f 3507 3527 3528
f 3507 3525 3526
f 3507 3528 3529
f 3507 3529 3530
f 3507 3530 3531
f 3532 3529 3528
f 3533 3529 3532
f 3505 3507 3502
f 3507 3531 3502
f 3507 3506 3534
f 3507 3535 3536
f 3507 3534 3537
f 3507 3537 3535
f 3507 3538 3524
f 3507 3536 3538
f 3504 3501 3539
f 3501 3503 3540
f 3509 3504 3541
f 3508 3509 3542
f 3501 3540 3539
f 3504 3539 3541
f 3509 3541 3542
f 3508 3542 3543
f 3508 3543 3511
f 3544 3545 3546
f 3544 3546 3547
f 3544 3548 3545
f 3549 3550 3548
f 3543 3551 3511
f 3552 3553 3551
f 3552 3554 3553
f 3552 3555 3554
f 3552 3556 3555
f 3552 3557 3556
f 3552 3558 3557
f 3552 3559 3560
f 3552 3561 3558
f 3552 3560 3561
f 3552 3562 3559
f 3552 3563 3562
f 3552 3564 3563
f 3552 3565 3564
f 3544 3566 3565
f 3544 3567 3566
f 3544 3568 3567
f 3544 3569 3570
f 3544 3571 3569
f 3544 3572 3573
f 3544 3574 3571
f 3544 3573 3574
f 3544 3570 3568
f 3544 3575 3572
f 3544 3547 3575
f 3543 3552 3551
f 3552 3544 3565
f 3544 3549 3548
f 3539 3540 3576
f 3541 3539 3577
f 3542 3541 3578
f 3543 3542 3579
f 3539 3576 3577
f 3541 3577 3578
f 3543 3580 3552
f 3552 3581 3544
f 3544 3582 3549
f 3542 3578 3579
f 3543 3579 3580
f 3552 3580 3581
f 3577 3576 3583
f 3579 3578 3583
f 3577 3583 3578
f 3544 3581 3582
f 3582 3584 3549
f 3580 3579 3583
f 3580 3583 3581
f 3582 3581 3583
f 3582 3583 3584
f 3585 3586 3587
f 3502 3531 3586
f 3585 3502 3586
f 3585 3588 3502
f 3588 3589 3502
f 3589 3590 3502
f 3590 3591 3502
f 3591 3592 3502
f 3592 3593 3502
f 3549 3594 3595
f 3549 3587 3594
f 3549 3595 3596
f 3585 3587 3549
f 3549 3597 3598
f 3549 3598 3599
f 3549 3600 3597
f 3549 3596 3600
f 3549 3601 3550
f 3549 3599 3601
f 3585 3602 3588
f 3588 3603 3589
f 3585 3549 3602
f 3588 3602 3603
f 3589 3603 3604
f 3589 3604 3590
f 3590 3605 3591
f 3591 3606 3592
f 3592 3607 3593
f 3590 3604 3605
f 3591 3605 3606
f 3592 3606 3607
f 3607 3608 3593
f 3549 3584 3602
f 3602 3609 3603
f 3603 3610 3604
f 3604 3611 3605
f 3602 3584 3609
f 3603 3609 3610
f 3584 3583 3609
f 3609 3583 3610
f 3610 3583 3611
f 3611 3583 3612
f 3604 3610 3611
f 3605 3611 3612
f 3612 3583 3613
f 3613 3583 3614
f 3614 3583 3615
f 3605 3612 3606
f 3613 3607 3606
f 3607 3614 3608
f 3612 3613 3606
f 3613 3614 3607
f 3614 3615 3608
f 3503 3502 3616
f 3616 3502 3617
f 3617 3502 3618
f 3618 3502 3619
f 3619 3502 3620
f 3620 3502 3621
f 3621 3502 3622
f 3502 3623 3622
f 3621 3622 3624
f 3503 3616 3625
f 3616 3617 3626
f 3617 3618 3627
f 3618 3619 3628
f 3503 3625 3540
f 3616 3626 3625
f 3617 3627 3626
f 3618 3628 3627
f 3619 3620 3629
f 3620 3621 3630
f 3621 3624 3631
f 3631 3624 3632
f 3631 3632 3633
f 3631 3633 3634
f 3631 3634 3635
f 3631 3635 3636
f 3631 3636 3637
f 3631 3637 3638
f 3631 3638 3639
f 3631 3639 3640
f 3619 3629 3628
f 3620 3630 3629
f 3621 3631 3630
f 3540 3625 3641
f 3625 3626 3642
f 3626 3627 3643
f 3540 3641 3576
f 3625 3642 3641
f 3626 3643 3642
f 3644 3627 3628
f 3645 3628 3629
f 3629 3630 3646
f 3630 3631 3647
f 3643 3627 3644
f 3644 3628 3645
f 3576 3641 3583
f 3641 3642 3583
f 3642 3643 3583
f 3645 3629 3646
f 3630 3647 3646
f 3643 3644 3583
f 3644 3645 3583
f 3645 3646 3583
f 3646 3647 3583
f 3502 3648 3623
f 3502 3649 3648
f 3650 3651 3652
f 3648 3653 3623
f 3648 3651 3653
f 3648 3654 3651
f 3654 3652 3651
f 3648 3655 3654
f 3648 3656 3655
f 3648 3657 3656
f 3648 3658 3657
f 3648 3659 3658
f 3648 3660 3659
f 3648 3661 3660
f 3648 3662 3661
f 3648 3663 3662
f 3648 3664 3663
f 3502 3665 3649
f 3502 3666 3667
f 3502 3667 3665
f 3648 3649 3664
f 3649 3668 3664
f 3649 3669 3668
f 3649 3670 3671
f 3649 3672 3670
f 3649 3673 3669
f 3649 3671 3673
f 3649 3674 3672
f 3649 3675 3674
f 3649 3665 3676
f 3649 3677 3675
f 3649 3676 3677
f 3665 3678 3676
f 3665 3679 3678
f 3665 3680 3679
f 3665 3681 3680
f 3502 3682 3666
f 3502 3593 3682
f 3631 3640 3683
f 3684 3683 3685
f 3684 3685 3686
f 3684 3686 3687
f 3665 3688 3681
f 3684 3687 3689
f 3684 3689 3690
f 3684 3690 3691
f 3684 3691 3692
f 3684 3692 3693
f 3684 3693 3694
f 3684 3694 3695
f 3684 3695 3696
f 3684 3696 3697
f 3684 3697 3698
f 3684 3698 3699
f 3700 3699 3701
f 3700 3701 3702
f 3700 3702 3703
f 3700 3703 3704
f 3700 3704 3705
f 3700 3705 3706
f 3700 3706 3707
f 3700 3707 3708
f 3700 3708 3709
f 3700 3709 3710
f 3700 3711 3712
f 3700 3712 3713
f 3700 3710 3711
f 3688 3713 3681
f 3667 3714 3665
f 3666 3715 3667
f 3593 3608 3682
f 3682 3716 3666
f 3665 3714 3688
f 3667 3715 3714
f 3666 3716 3715
f 3682 3608 3716
f 3631 3683 3684
f 3684 3699 3700
f 3700 3713 3688
f 3631 3684 3717
f 3718 3684 3700
f 3719 3700 3688
f 3631 3717 3647
f 3718 3717 3684
f 3583 3647 3717
f 3583 3717 3718
f 3583 3718 3719
f 3583 3719 3720
f 3718 3700 3719
f 3720 3719 3688
f 3721 3720 3714
f 3583 3721 3722
f 3583 3720 3721
f 3583 3722 3615
f 3720 3688 3714
f 3721 3714 3715
f 3716 3722 3715
f 3608 3615 3716
f 3721 3715 3722
f 3716 3615 3722
f 3723 3724 3725
f 3723 3725 3726
f 3725 3727 3726
f 3726 3727 3728
f 3729 3730 3731
f 3732 3729 3731
f 3732 3731 3733
f 3732 3734 3735
f 3729 3735 3736
f 3723 3726 3734
f 3726 3728 3735
f 3726 3735 3734
f 3723 3734 3737
f 3728 3736 3735
f 3728 3738 3736
f 3734 3739 3737
f 3732 3739 3734
f 3732 3735 3729
f 3732 3733 3739
f 3739 3733 3740
f 3724 3741 3742
f 3723 3741 3724
f 3742 3624 3622
f 3724 3623 3725
f 3725 3623 3727
f 3727 3743 3728
f 3724 3742 3623
f 3743 3744 3738
f 3727 3623 3743
f 3743 3623 3744
f 3744 3623 3745
f 3744 3745 3746
f 3742 3741 3747
f 3743 3738 3728
f 3738 3744 3746
f 3742 3622 3623
f 3742 3747 3624
f 3747 3632 3624
f 3747 3633 3632
f 3748 3634 3633
f 3747 3748 3633
f 3748 3635 3634
f 3749 3636 3635
f 3748 3749 3635
f 3749 3637 3636
f 3750 3638 3637
f 3723 3737 3741
f 3741 3751 3747
f 3737 3751 3741
f 3737 3752 3751
f 3747 3751 3753
f 3747 3753 3748
f 3737 3739 3752
f 3739 3740 3752
f 3731 3730 3754
f 3731 3754 3755
f 3731 3755 3733
f 3729 3756 3730
f 3756 3757 3730
f 3738 3758 3736
f 3756 3736 3758
f 3758 3759 3760
f 3729 3736 3756
f 3756 3760 3757
f 3760 3761 3757
f 3756 3758 3760
f 3760 3759 3762
f 3760 3762 3761
f 3762 3763 3761
f 3745 3764 3746
f 3745 3623 3653
f 3745 3653 3764
f 3764 3653 3651
f 3764 3651 3650
f 3764 3650 3765
f 3765 3650 3652
f 3765 3652 3654
f 3765 3654 3766
f 3766 3654 3655
f 3766 3655 3656
f 3766 3656 3767
f 3750 3639 3638
f 3749 3750 3637
f 3768 3640 3639
f 3768 3683 3640
f 3750 3768 3639
f 3768 3685 3683
f 3768 3686 3685
f 3769 3687 3686
f 3769 3689 3687
f 3768 3769 3686
f 3770 3690 3689
f 3770 3691 3690
f 3769 3770 3689
f 3767 3656 3657
f 3767 3657 3658
f 3771 3658 3659
f 3767 3658 3771
f 3771 3659 3660
f 3772 3660 3661
f 3771 3660 3772
f 3772 3661 3662
f 3772 3662 3663
f 3773 3692 3691
f 3773 3693 3692
f 3770 3773 3691
f 3772 3663 3774
f 3774 3664 3668
f 3775 3668 3669
f 3775 3669 3673
f 3776 3673 3671
f 3776 3671 3670
f 3777 3670 3672
f 3774 3663 3664
f 3774 3668 3775
f 3775 3673 3776
f 3777 3672 3674
f 3776 3670 3777
f 3738 3746 3758
f 3758 3746 3759
f 3746 3764 3759
f 3764 3778 3759
f 3764 3765 3778
f 3751 3779 3753
f 3762 3759 3778
f 3765 3780 3778
f 3765 3766 3780
f 3766 3767 3781
f 3766 3781 3780
f 3778 3780 3782
f 3780 3781 3783
f 3740 3784 3752
f 3751 3752 3779
f 3752 3784 3779
f 3762 3778 3782
f 3762 3782 3763
f 3782 3780 3783
f 3748 3785 3749
f 3748 3753 3785
f 3749 3786 3750
f 3749 3785 3786
f 3753 3787 3785
f 3750 3788 3768
f 3750 3786 3788
f 3785 3789 3786
f 3767 3771 3790
f 3767 3790 3781
f 3768 3791 3769
f 3768 3788 3791
f 3786 3792 3788
f 3753 3779 3787
f 3785 3787 3789
f 3779 3793 3787
f 3779 3784 3793
f 3786 3789 3792
f 3787 3794 3789
f 3787 3793 3794
f 3763 3782 3795
f 3781 3796 3783
f 3782 3783 3795
f 3783 3797 3795
f 3783 3796 3797
f 3771 3772 3798
f 3771 3798 3790
f 3781 3790 3796
f 3790 3798 3799
f 3772 3774 3800
f 3772 3800 3798
f 3774 3775 3801
f 3775 3776 3802
f 3774 3801 3800
f 3775 3802 3801
f 3798 3800 3803
f 3800 3801 3804
f 3790 3799 3796
f 3796 3805 3797
f 3796 3799 3805
f 3798 3803 3799
f 3800 3804 3803
f 3799 3803 3806
f 3799 3806 3805
f 3803 3807 3806
f 3754 3730 3808
f 3808 3730 3757
f 3808 3757 3809
f 3754 3808 3810
f 3811 3808 3809
f 3810 3808 3811
f 3754 3812 3755
f 3754 3810 3812
f 3809 3813 3814
f 3811 3809 3814
f 3733 3755 3815
f 3733 3815 3740
f 3757 3761 3809
f 3809 3761 3813
f 3761 3763 3813
f 3755 3816 3815
f 3755 3812 3816
f 3814 3813 3817
f 3813 3763 3818
f 3813 3818 3817
f 3817 3818 3819
f 3810 3811 3820
f 3811 3821 3820
f 3810 3820 3822
f 3820 3821 3823
f 3810 3822 3812
f 3820 3824 3822
f 3811 3814 3821
f 3814 3825 3821
f 3821 3825 3826
f 3814 3817 3825
f 3820 3823 3824
f 3821 3826 3823
f 3823 3826 3827
f 3823 3827 3828
f 3826 3829 3827
f 3823 3828 3824
f 3812 3822 3830
f 3812 3830 3816
f 3822 3831 3830
f 3822 3824 3831
f 3824 3828 3832
f 3825 3833 3834
f 3826 3825 3834
f 3826 3834 3829
f 3834 3835 3829
f 3834 3836 3835
f 3825 3817 3833
f 3817 3819 3833
f 3833 3837 3836
f 3819 3837 3833
f 3819 3838 3837
f 3837 3839 3840
f 3834 3833 3836
f 3824 3832 3831
f 3836 3841 3835
f 3836 3840 3841
f 3836 3837 3840
f 3740 3815 3842
f 3740 3842 3784
f 3815 3816 3843
f 3815 3843 3842
f 3784 3844 3793
f 3784 3842 3844
f 3793 3844 3845
f 3793 3845 3794
f 3842 3846 3844
f 3842 3843 3846
f 3763 3795 3818
f 3818 3795 3847
f 3795 3797 3847
f 3847 3797 3848
f 3818 3847 3819
f 3819 3847 3838
f 3847 3848 3838
f 3838 3848 3849
f 3797 3805 3848
f 3848 3805 3850
f 3844 3851 3845
f 3844 3846 3851
f 3816 3830 3852
f 3816 3852 3843
f 3830 3853 3852
f 3837 3838 3839
f 3830 3831 3853
f 3831 3832 3854
f 3831 3854 3853
f 3843 3852 3855
f 3843 3855 3846
f 3852 3856 3855
f 3846 3855 3857
f 3846 3857 3851
f 3855 3858 3857
f 3852 3853 3856
f 3853 3854 3859
f 3853 3859 3856
f 3855 3856 3858
f 3840 3860 3841
f 3805 3806 3850
f 3806 3861 3850
f 3848 3850 3849
f 3849 3850 3862
f 3850 3861 3862
f 3862 3861 3863
f 3838 3849 3839
f 3849 3864 3839
f 3839 3864 3865
f 3840 3839 3865
f 3840 3865 3860
f 3865 3866 3860
f 3865 3864 3867
f 3865 3867 3866
f 3867 3868 3866
f 3849 3862 3864
f 3864 3862 3869
f 3864 3869 3867
f 3862 3863 3869
f 3863 3870 3869
f 3856 3859 3871
f 3867 3869 3872
f 3867 3872 3868
f 3869 3870 3872
f 3872 3873 3868
f 3872 3870 3874
f 3872 3874 3873
f 3874 3875 3873
f 3876 3694 3693
f 3876 3695 3694
f 3773 3876 3693
f 3877 3696 3695
f 3877 3697 3696
f 3877 3698 3697
f 3876 3877 3695
f 3878 3701 3699
f 3879 3702 3701
f 3879 3703 3702
f 3880 3704 3703
f 3880 3705 3704
f 3881 3706 3705
f 3878 3699 3698
f 3877 3878 3698
f 3878 3879 3701
f 3879 3880 3703
f 3882 3674 3675
f 3882 3675 3677
f 3882 3677 3676
f 3881 3707 3706
f 3883 3708 3707
f 3883 3709 3708
f 3884 3710 3709
f 3885 3676 3678
f 3885 3678 3679
f 3886 3679 3680
f 3884 3711 3710
f 3884 3712 3711
f 3887 3713 3712
f 3886 3680 3681
f 3887 3681 3713
f 3777 3674 3882
f 3880 3881 3705
f 3881 3883 3707
f 3882 3676 3885
f 3885 3679 3886
f 3883 3884 3709
f 3769 3888 3770
f 3770 3889 3773
f 3769 3791 3888
f 3770 3888 3889
f 3788 3890 3791
f 3788 3792 3890
f 3789 3891 3792
f 3789 3794 3891
f 3773 3892 3876
f 3773 3889 3892
f 3876 3893 3877
f 3791 3894 3888
f 3877 3895 3878
f 3876 3892 3893
f 3888 3896 3889
f 3776 3777 3897
f 3776 3897 3802
f 3878 3898 3879
f 3877 3893 3895
f 3878 3895 3898
f 3879 3899 3880
f 3880 3900 3881
f 3879 3898 3899
f 3889 3901 3892
f 3791 3890 3894
f 3792 3902 3890
f 3792 3891 3902
f 3888 3894 3896
f 3889 3896 3901
f 3890 3903 3894
f 3890 3902 3903
f 3892 3904 3893
f 3892 3901 3904
f 3894 3905 3896
f 3894 3903 3905
f 3886 3681 3887
f 3884 3887 3712
f 3777 3882 3906
f 3882 3885 3907
f 3777 3906 3897
f 3801 3802 3908
f 3881 3909 3883
f 3880 3899 3900
f 3885 3886 3910
f 3882 3907 3906
f 3885 3910 3907
f 3883 3911 3884
f 3881 3900 3909
f 3802 3897 3912
f 3897 3906 3913
f 3886 3887 3914
f 3884 3915 3887
f 3886 3914 3910
f 3887 3915 3914
f 3906 3907 3916
f 3801 3908 3804
f 3803 3804 3807
f 3804 3917 3807
f 3802 3912 3908
f 3804 3908 3917
f 3897 3913 3912
f 3908 3912 3918
f 3908 3918 3917
f 3893 3919 3895
f 3895 3920 3898
f 3898 3921 3899
f 3883 3909 3911
f 3884 3911 3915
f 3907 3910 3922
f 3899 3923 3900
f 3900 3924 3909
f 3893 3904 3919
f 3896 3925 3901
f 3895 3919 3920
f 3896 3905 3925
f 3901 3926 3904
f 3901 3925 3926
f 3906 3916 3913
f 3912 3913 3927
f 3912 3927 3918
f 3898 3920 3921
f 3899 3921 3923
f 3904 3928 3919
f 3910 3914 3929
f 3909 3930 3911
f 3914 3915 3931
f 3911 3932 3915
f 3907 3922 3916
f 3900 3923 3924
f 3910 3929 3922
f 3909 3924 3930
f 3913 3916 3933
f 3913 3933 3927
f 3916 3922 3934
f 3914 3931 3929
f 3915 3932 3931
f 3916 3934 3933
f 3904 3926 3928
f 3919 3935 3920
f 3919 3928 3935
f 3920 3936 3921
f 3921 3937 3923
f 3920 3935 3936
f 3911 3930 3932
f 3922 3929 3938
f 3922 3938 3934
f 3923 3939 3924
f 3921 3936 3937
f 3923 3937 3939
f 3794 3845 3940
f 3794 3940 3891
f 3891 3940 3941
f 3891 3941 3902
f 3845 3942 3940
f 3845 3851 3942
f 3940 3943 3941
f 3940 3942 3943
f 3902 3944 3903
f 3902 3941 3944
f 3851 3857 3945
f 3851 3945 3942
f 3806 3807 3861
f 3807 3946 3861
f 3807 3917 3946
f 3917 3947 3946
f 3917 3918 3947
f 3861 3946 3863
f 3863 3946 3948
f 3903 3949 3905
f 3903 3944 3949
f 3905 3950 3925
f 3905 3949 3950
f 3941 3951 3944
f 3941 3943 3951
f 3944 3952 3949
f 3944 3951 3952
f 3946 3947 3948
f 3948 3947 3953
f 3918 3954 3947
f 3918 3927 3954
f 3954 3927 3955
f 3927 3933 3955
f 3947 3954 3953
f 3954 3956 3953
f 3954 3955 3956
f 3956 3955 3957
f 3942 3945 3958
f 3857 3959 3945
f 3857 3858 3959
f 3856 3871 3858
f 3858 3871 3960
f 3858 3960 3959
f 3942 3958 3943
f 3943 3958 3961
f 3945 3962 3958
f 3943 3961 3951
f 3951 3961 3963
f 3958 3964 3961
f 3945 3959 3962
f 3959 3965 3962
f 3959 3960 3965
f 3958 3962 3964
f 3863 3948 3870
f 3870 3948 3966
f 3870 3966 3874
f 3948 3953 3966
f 3953 3967 3966
f 3966 3967 3968
f 3874 3968 3875
f 3874 3966 3968
f 3875 3968 3969
f 3953 3956 3967
f 3962 3965 3970
f 3962 3970 3964
f 3925 3971 3926
f 3925 3950 3971
f 3949 3972 3950
f 3949 3952 3972
f 3926 3973 3928
f 3926 3971 3973
f 3928 3974 3935
f 3933 3934 3975
f 3933 3975 3955
f 3928 3973 3974
f 3950 3976 3971
f 3950 3972 3976
f 3971 3977 3973
f 3971 3976 3977
f 3935 3978 3936
f 3935 3974 3978
f 3973 3979 3974
f 3973 3977 3979
f 3951 3963 3952
f 3952 3980 3972
f 3952 3963 3980
f 3961 3981 3963
f 3972 3982 3976
f 3972 3980 3982
f 3963 3983 3980
f 3961 3964 3981
f 3963 3981 3983
f 3964 3984 3981
f 3964 3970 3984
f 3981 3985 3983
f 3981 3984 3985
f 3929 3931 3986
f 3924 3987 3930
f 3929 3986 3938
f 3931 3932 3988
f 3930 3989 3932
f 3931 3988 3986
f 3924 3939 3987
f 3930 3987 3989
f 3932 3989 3988
f 3968 3990 3969
f 3967 3991 3990
f 3967 3956 3991
f 3956 3957 3991
f 3991 3992 3993
f 3968 3967 3990
f 3990 3994 3969
f 3990 3993 3994
f 3990 3991 3993
f 3993 3995 3994
f 3993 3996 3995
f 3934 3997 3975
f 3934 3938 3997
f 3938 3986 3998
f 3938 3998 3997
f 3955 3975 3957
f 3957 3975 3999
f 3975 3997 3999
f 3997 3998 4000
f 3999 3997 4000
f 3936 4001 3937
f 3936 3978 4001
f 3937 4002 3939
f 3986 4003 3998
f 3986 3988 4003
f 3937 4001 4002
f 3939 4004 3987
f 3939 4002 4004
f 3974 4005 3978
f 3974 3979 4005
f 3978 4006 4001
f 3978 4005 4006
f 3988 3989 4007
f 3987 4008 3989
f 3988 4007 4003
f 3987 4004 4008
f 3989 4008 4007
f 3998 4003 4009
f 4000 3998 4009
f 4001 4010 4002
f 4003 4007 4011
f 4003 4011 4009
f 4007 4012 4011
f 3957 3992 3991
f 3957 3999 3992
f 3980 4013 3982
f 3999 4014 3992
f 3992 4014 3996
f 3999 4000 4014
f 3980 3983 4013
f 3983 3985 4015
f 3993 3992 3996
f 3976 4016 3977
f 3976 3982 4016
f 3977 4016 4017
f 3982 4018 4016
f 3977 4017 3979
f 3979 4019 4005
f 3979 4017 4019
f 4016 4020 4017
f 3982 4013 4018
f 3983 4015 4013
f 4013 4015 4021
f 4013 4021 4018
f 4016 4018 4020
f 4000 4022 4014
f 4014 4022 4023
f 3996 4024 3995
f 3996 4023 4024
f 3996 4014 4023
f 4023 4025 4024
f 4023 4026 4025
f 4000 4009 4022
f 4009 4027 4022
f 4005 4019 4028
f 4017 4029 4019
f 4022 4027 4026
f 4009 4011 4027
f 4011 4012 4030
f 4027 4011 4030
f 4017 4020 4029
f 4018 4031 4020
f 4018 4021 4031
f 4023 4022 4026
f 4027 4032 4026
f 4026 4033 4025
f 4020 4031 4034
f 4027 4030 4032
f 4026 4032 4033
f 4032 4030 4035
f 4032 4036 4033
f 4032 4035 4036
f 4035 4037 4036
f 3827 3829 4038
f 3827 4038 4039
f 3827 4039 3828
f 3829 3835 4040
f 4038 3829 4040
f 3835 3841 4041
f 4040 3835 4041
f 4038 4040 4042
f 4040 4043 4042
f 4042 4043 4044
f 4038 4042 4045
f 4038 4045 4039
f 4040 4041 4043
f 4043 4041 4046
f 4041 4047 4046
f 4043 4046 4048
f 3828 4049 3832
f 3828 4039 4049
f 4041 3841 4047
f 4042 4050 4045
f 4039 4045 4051
f 4039 4051 4049
f 4045 4052 4051
f 4042 4044 4050
f 4043 4048 4044
f 4044 4048 4053
f 4048 4054 4053
f 4053 4054 4055
f 4044 4056 4050
f 4045 4050 4052
f 4044 4053 4056
f 3832 4049 4057
f 3832 4057 3854
f 4049 4051 4058
f 4049 4058 4057
f 3854 4059 3859
f 3854 4057 4059
f 3841 3860 4047
f 4047 3860 4060
f 4046 4047 4061
f 4046 4061 4062
f 4047 4060 4061
f 4061 4060 4063
f 4061 4063 4064
f 4046 4062 4048
f 4048 4062 4054
f 4062 4061 4064
f 4062 4064 4065
f 4063 4066 4064
f 4064 4066 4067
f 4062 4065 4054
f 4054 4068 4055
f 4053 4069 4056
f 4053 4055 4069
f 4054 4065 4068
f 4050 4056 4070
f 4064 4067 4065
f 4065 4067 4071
f 4065 4071 4068
f 4066 4072 4067
f 4067 4073 4071
f 4067 4072 4073
f 3860 3866 4060
f 4060 3866 4074
f 3866 3868 4074
f 4051 4075 4058
f 4060 4074 4063
f 4063 4074 4076
f 4063 4076 4066
f 3859 4059 4077
f 4057 4058 4078
f 4057 4078 4059
f 4058 4079 4078
f 4059 4078 4080
f 4074 3868 4081
f 4074 4081 4076
f 4076 4081 4082
f 4076 4082 4083
f 3868 3873 4081
f 4081 3873 4084
f 3873 3875 4084
f 4084 3875 4085
f 4081 4084 4082
f 4082 4084 4086
f 4082 4086 4087
f 4084 4085 4086
f 4050 4070 4052
f 4051 4052 4075
f 4052 4088 4075
f 4056 4089 4070
f 4056 4069 4089
f 4052 4070 4088
f 4070 4089 4090
f 4070 4090 4088
f 4058 4075 4079
f 4075 4091 4079
f 4078 4079 4092
f 4075 4088 4091
f 4088 4090 4093
f 4088 4093 4091
f 4079 4091 4094
f 4066 4076 4083
f 4066 4083 4072
f 4082 4087 4083
f 4083 4087 4095
f 4072 4083 4095
f 4072 4096 4073
f 4072 4095 4096
f 4095 4097 4096
f 4095 4087 4098
f 4095 4098 4097
f 4098 4099 4097
f 4079 4094 4092
f 4087 4086 4100
f 4087 4100 4098
f 4091 4093 4101
f 4091 4101 4094
f 4098 4102 4099
f 4055 4068 4103
f 4068 4104 4103
f 4055 4105 4069
f 4055 4103 4105
f 4068 4071 4104
f 4071 4073 4106
f 4071 4106 4104
f 4103 4104 4107
f 4104 4108 4107
f 4103 4109 4105
f 4103 4107 4109
f 4104 4106 4108
f 4106 4110 4108
f 4107 4108 4111
f 4106 4073 4112
f 4106 4112 4110
f 4108 4110 4113
f 4108 4113 4111
f 4069 4114 4089
f 4069 4105 4114
f 4089 4115 4090
f 4089 4114 4115
f 4105 4109 4116
f 4107 4117 4109
f 4105 4116 4114
f 4073 4096 4112
f 4096 4097 4118
f 4112 4096 4118
f 4118 4097 4119
f 4097 4099 4119
f 4119 4099 4120
f 4112 4121 4110
f 4112 4118 4121
f 4110 4121 4122
f 4114 4123 4115
f 4114 4116 4123
f 4109 4124 4116
f 4118 4119 4125
f 4121 4118 4125
f 4121 4125 4126
f 4119 4120 4127
f 4119 4127 4125
f 4125 4127 4128
f 4090 4129 4093
f 4090 4115 4129
f 4093 4130 4101
f 4129 4130 4093
f 4115 4123 4131
f 4115 4131 4129
f 4116 4132 4123
f 4123 4133 4131
f 4129 4134 4130
f 4129 4131 4134
f 4134 4135 4130
f 4131 4136 4134
f 4134 4137 4135
f 4107 4111 4117
f 4110 4122 4113
f 4121 4126 4122
f 4111 4113 4138
f 4111 4139 4117
f 4111 4138 4139
f 4113 4122 4140
f 4113 4140 4138
f 4122 4141 4140
f 4109 4117 4124
f 4116 4124 4132
f 4117 4142 4124
f 4117 4139 4142
f 4125 4128 4126
f 4122 4126 4141
f 4126 4128 4143
f 4126 4143 4141
f 4128 4144 4143
f 4127 4145 4128
f 4124 4146 4132
f 4124 4142 4146
f 4128 4145 4144
f 4145 4147 4144
f 4138 4140 4148
f 4140 4149 4148
f 4138 4148 4150
f 4138 4150 4139
f 4148 4149 4151
f 4148 4152 4150
f 4148 4151 4152
f 4140 4141 4149
f 4141 4153 4149
f 4141 4143 4153
f 4153 4143 4154
f 4143 4144 4154
f 4149 4153 4155
f 4149 4155 4151
f 4153 4156 4155
f 4153 4154 4156
f 4155 4157 4151
f 4155 4156 4158
f 4155 4158 4157
f 4151 4157 4159
f 4154 4160 4161
f 4154 4161 4156
f 4156 4161 4162
f 4156 4162 4158
f 4139 4163 4142
f 4139 4150 4163
f 4142 4163 4164
f 4142 4164 4146
f 4154 4144 4160
f 4144 4147 4160
f 4150 4165 4163
f 4150 4152 4165
f 4151 4159 4152
f 4152 4166 4165
f 4163 4165 4167
f 4163 4167 4164
f 4160 4168 4169
f 4160 4169 4161
f 4152 4159 4166
f 4166 4170 4165
f 4161 4169 4171
f 4161 4171 4162
f 4169 4172 4171
f 4158 4173 4157
f 4157 4173 4159
f 4164 4167 4174
f 4165 4170 4167
f 4170 4175 4167
f 4167 4175 4174
f 4123 4132 4133
f 4131 4133 4136
f 4132 4176 4133
f 4132 4146 4176
f 4176 4177 4133
f 4177 4136 4133
f 4134 4136 4137
f 4146 4178 4176
f 4146 4164 4178
f 4176 4179 4177
f 4176 4178 4179
f 4164 4174 4178
f 4178 4174 4180
f 4178 4180 4179
f 3859 4077 3871
f 3871 4077 4181
f 3871 4181 3960
f 4059 4080 4077
f 4077 4080 4182
f 4078 4092 4080
f 4077 4182 4181
f 3875 3969 4085
f 4080 4183 4182
f 3960 4184 3965
f 3960 4181 4184
f 3965 4185 3970
f 3965 4184 4185
f 4181 4186 4184
f 4181 4182 4186
f 4182 4187 4186
f 4184 4188 4185
f 4184 4186 4188
f 4186 4189 4188
f 4080 4092 4183
f 4092 4190 4183
f 4182 4183 4187
f 4183 4191 4187
f 4092 4094 4190
f 4094 4101 4192
f 4094 4192 4190
f 4183 4190 4191
f 4190 4193 4191
f 4192 4193 4190
f 4186 4187 4189
f 3970 4194 3984
f 3970 4185 4194
f 4101 4195 4192
f 4101 4130 4195
f 4192 4195 4196
f 4130 4135 4195
f 4086 4085 4197
f 4086 4197 4100
f 4197 4198 4100
f 4100 4198 4102
f 4098 4100 4102
f 4099 4102 4199
f 4102 4198 4200
f 4102 4200 4199
f 4200 4201 4199
f 4200 4202 4201
f 4202 4203 4201
f 4127 4120 4204
f 4127 4204 4145
f 4204 4205 4206
f 4099 4199 4120
f 4207 4199 4201
f 4120 4199 4207
f 4207 4201 4208
f 4208 4201 4203
f 4208 4203 4209
f 4120 4207 4204
f 4207 4205 4204
f 4207 4208 4205
f 4205 4210 4211
f 4135 4212 4213
f 4205 4208 4210
f 4214 4210 4215
f 4208 4209 4210
f 4209 4215 4210
f 4216 4215 4217
f 4209 4218 4215
f 4215 4218 4217
f 4217 4219 4220
f 4217 4220 4221
f 4220 4222 4223
f 4222 4224 4225
f 4145 4204 4206
f 4205 4211 4206
f 4145 4206 4147
f 4147 4206 4226
f 4206 4211 4226
f 4211 4227 4226
f 4160 4147 4168
f 4147 4226 4168
f 4168 4226 4228
f 4226 4227 4228
f 4228 4227 4229
f 4229 4227 4230
f 4229 4230 4231
f 4168 4228 4232
f 4169 4168 4232
f 4232 4228 4233
f 4169 4232 4172
f 4158 4162 4173
f 4232 4233 4234
f 4159 4173 4166
f 4172 4232 4234
f 4162 4171 4173
f 4171 4172 4173
f 4234 4233 4235
f 4172 4234 4173
f 4235 4236 4237
f 4234 4235 4173
f 4228 4229 4233
f 4166 4173 4170
f 4170 4173 4175
f 4174 4175 4238
f 4238 4239 4180
f 4235 4233 4236
f 4175 4173 4238
f 4235 4237 4173
f 4238 4173 4239
f 4239 4173 4240
f 4229 4236 4233
f 4229 4231 4236
f 4231 4241 4242
f 4231 4242 4236
f 4237 4236 4242
f 4237 4242 4243
f 4237 4243 4173
f 4243 4244 4173
f 4244 4245 4173
f 4240 4173 4246
f 4173 4247 4246
f 4173 4248 4247
f 4243 4249 4244
f 4173 4245 4250
f 4243 4242 4249
f 4173 4251 4248
f 4244 4252 4245
f 4173 4250 4253
f 4173 4253 4254
f 4173 4255 4251
f 4242 4241 4249
f 4244 4249 4252
f 4245 4252 4256
f 4173 4254 4257
f 4245 4256 4250
f 4173 4257 4258
f 4173 4258 4259
f 4173 4260 4261
f 4173 4262 4260
f 4173 4259 4263
f 4250 4264 4253
f 4173 4265 4262
f 4173 4263 4266
f 4173 4266 4265
f 4177 4267 4136
f 4211 4214 4227
f 4214 4230 4227
f 4135 4137 4212
f 4213 4212 4268
f 4136 4267 4137
f 4137 4269 4212
f 4137 4267 4269
f 4269 4270 4212
f 4270 4268 4212
f 4211 4210 4214
f 4214 4215 4216
f 4216 4217 4221
f 4214 4216 4230
f 4216 4271 4230
f 4271 4221 4272
f 4216 4221 4271
f 4272 4223 4273
f 4270 4274 4268
f 4274 4275 4268
f 4274 4276 4275
f 4276 4277 4275
f 4276 4278 4277
f 4177 4279 4267
f 4177 4179 4279
f 4267 4279 4280
f 4267 4280 4269
f 4280 4281 4269
f 4179 4282 4279
f 4179 4180 4282
f 4174 4238 4180
f 4239 4282 4180
f 4239 4240 4282
f 4240 4246 4283
f 4240 4283 4282
f 4279 4283 4280
f 4282 4283 4279
f 4246 4284 4283
f 4246 4247 4284
f 4173 4285 4255
f 4247 4248 4286
f 4248 4251 4287
f 4280 4283 4284
f 4280 4284 4281
f 4281 4286 4288
f 4281 4284 4286
f 4247 4286 4284
f 4269 4281 4270
f 4281 4288 4270
f 4230 4271 4231
f 4231 4271 4241
f 4271 4272 4241
f 4241 4272 4289
f 4289 4272 4273
f 4289 4273 4290
f 4273 4291 4290
f 4290 4291 4292
f 4249 4241 4289
f 4249 4289 4252
f 4173 4261 4285
f 4251 4255 4293
f 4250 4256 4264
f 4253 4294 4254
f 4255 4285 4295
f 4285 4261 4296
f 4286 4287 4288
f 4287 4293 4297
f 4248 4287 4286
f 4251 4293 4287
f 4255 4295 4293
f 4289 4290 4252
f 4290 4256 4252
f 4290 4292 4256
f 4256 4292 4264
f 4253 4264 4294
f 4254 4298 4257
f 4261 4260 4299
f 4254 4294 4298
f 4257 4300 4258
f 4258 4301 4259
f 4260 4262 4302
f 4262 4265 4303
f 4285 4296 4295
f 4261 4299 4296
f 4260 4302 4299
f 4270 4288 4274
f 4288 4297 4274
f 4274 4297 4276
f 4276 4297 4304
f 4276 4304 4278
f 4305 4306 4278
f 4304 4305 4278
f 4288 4287 4297
f 4293 4304 4297
f 4293 4295 4304
f 4295 4305 4304
f 4295 4296 4305
f 4272 4221 4223
f 4273 4223 4225
f 4273 4225 4291
f 4307 4308 4291
f 4220 4223 4221
f 4222 4225 4223
f 4278 4306 4309
f 4306 4310 4311
f 4225 4307 4291
f 4312 4313 4308
f 4310 4314 4315
f 4224 4307 4225
f 4307 4316 4312
f 4307 4312 4308
f 4313 4317 4318
f 4314 4319 4320
f 4319 4321 4322
f 4312 4317 4313
f 4318 4317 4323
f 4318 4323 4324
f 4324 4325 4326
f 4321 4327 4322
f 4321 4328 4327
f 4292 4291 4308
f 4292 4308 4329
f 4308 4313 4329
f 4329 4313 4330
f 4330 4313 4318
f 4330 4318 4331
f 4264 4292 4329
f 4264 4329 4294
f 4259 4332 4263
f 4266 4333 4265
f 4263 4334 4266
f 4257 4298 4300
f 4258 4300 4301
f 4259 4301 4332
f 4294 4329 4330
f 4294 4330 4298
f 4262 4303 4302
f 4265 4333 4303
f 4263 4332 4334
f 4266 4334 4333
f 4298 4330 4331
f 4298 4331 4300
f 4302 4303 4335
f 4300 4331 4336
f 4300 4336 4301
f 4303 4333 4337
f 4338 4310 4306
f 4305 4338 4306
f 4338 4339 4310
f 4310 4339 4314
f 4339 4335 4314
f 4335 4337 4319
f 4335 4319 4314
f 4296 4338 4305
f 4296 4299 4338
f 4299 4339 4338
f 4299 4302 4339
f 4302 4335 4339
f 4303 4337 4335
f 4331 4318 4324
f 4331 4324 4336
f 4336 4324 4326
f 4336 4326 4340
f 4340 4326 4341
f 4340 4341 4342
f 4301 4336 4340
f 4301 4340 4332
f 4332 4342 4334
f 4333 4343 4337
f 4333 4334 4343
f 4332 4340 4342
f 4343 4334 4342
f 4343 4321 4337
f 4319 4337 4321
f 4343 4328 4321
f 4341 4328 4342
f 4343 4342 4328
f 4341 4344 4328
f 4326 4345 4341
f 4324 4323 4325
f 4328 4344 4327
f 4326 4325 4345
f 4341 4345 4344
f 3969 3994 4346
f 4085 3969 4346
f 4085 4346 4197
f 4197 4346 4347
f 4197 4347 4198
f 4346 4348 4347
f 4347 4348 4349
f 4347 4349 4350
f 3994 3995 4348
f 4346 3994 4348
f 4348 3995 4351
f 4185 4188 4352
f 4188 4353 4352
f 3995 4024 4351
f 4348 4351 4349
f 4349 4351 4354
f 4349 4354 4355
f 4351 4356 4354
f 4354 4356 4357
f 4358 4354 4357
f 4198 4347 4350
f 4198 4350 4200
f 4349 4355 4350
f 4202 4350 4355
f 4191 4193 4359
f 4200 4350 4202
f 4202 4360 4203
f 4187 4361 4189
f 4188 4189 4353
f 4189 4362 4353
f 4187 4191 4361
f 4361 4362 4189
f 4191 4359 4361
f 4361 4359 4363
f 4361 4363 4362
f 4362 4363 4364
f 4353 4362 4365
f 4362 4364 4365
f 4355 4358 4360
f 4203 4360 4366
f 4202 4355 4360
f 4360 4358 4367
f 4366 4360 4367
f 4366 4367 4368
f 4367 4369 4368
f 4369 4370 4368
f 4355 4354 4358
f 4358 4371 4367
f 4358 4357 4371
f 4365 4364 4372
f 4365 4372 4373
f 4367 4371 4369
f 4373 4372 4374
f 3984 4194 4375
f 3984 4375 3985
f 3985 4375 4376
f 4185 4352 4194
f 4194 4352 4377
f 4194 4377 4375
f 4352 4378 4377
f 4375 4379 4376
f 4375 4377 4379
f 3985 4376 4015
f 4351 4024 4356
f 4024 4025 4356
f 4025 4033 4380
f 4356 4025 4380
f 4381 4379 4377
f 4379 4382 4383
f 4356 4380 4357
f 4357 4380 4384
f 4357 4384 4371
f 4015 4385 4021
f 4376 4385 4015
f 4021 4386 4031
f 4021 4385 4386
f 4031 4387 4034
f 4031 4386 4387
f 4376 4379 4383
f 4376 4383 4385
f 4385 4383 4388
f 4383 4389 4388
f 4385 4388 4386
f 4352 4353 4378
f 4378 4381 4377
f 4353 4365 4378
f 4378 4373 4381
f 4381 4382 4379
f 4381 4390 4382
f 4391 4389 4382
f 4378 4365 4373
f 4381 4373 4390
f 4373 4374 4390
f 4390 4374 4392
f 4390 4392 4391
f 4390 4391 4382
f 4383 4382 4389
f 4369 4371 4393
f 4369 4394 4370
f 4394 4395 4370
f 4369 4393 4394
f 4394 4396 4395
f 4396 4397 4395
f 4396 4398 4397
f 4398 4399 4397
f 4400 4401 4399
f 4380 4033 4402
f 4384 4403 4393
f 4384 4380 4402
f 4384 4402 4403
f 4404 4403 4405
f 4402 4033 4036
f 4402 4036 4406
f 4036 4037 4406
f 4406 4037 4407
f 4388 4408 4409
f 4388 4409 4386
f 4386 4409 4387
f 4387 4409 4410
f 4402 4406 4403
f 4403 4406 4405
f 4387 4410 4411
f 4406 4407 4405
f 4412 4410 4409
f 4405 4413 4414
f 4405 4407 4413
f 4413 4407 4415
f 4416 4417 4410
f 4413 4418 4419
f 4420 4421 4417
f 4413 4415 4418
f 4422 4418 4423
f 4424 4423 4421
f 4371 4384 4393
f 4393 4403 4404
f 4394 4393 4404
f 4389 4425 4408
f 4396 4404 4414
f 4404 4405 4414
f 4394 4404 4396
f 4391 4392 4426
f 4391 4426 4425
f 4391 4425 4389
f 4396 4414 4398
f 4426 4427 4425
f 4427 4428 4429
f 4425 4429 4408
f 4427 4429 4425
f 4388 4389 4408
f 4408 4412 4409
f 4429 4412 4408
f 4412 4416 4410
f 4429 4430 4412
f 4398 4414 4419
f 4400 4419 4422
f 4398 4400 4399
f 4428 4431 4430
f 4401 4432 4433
f 4400 4432 4401
f 4398 4419 4400
f 4428 4430 4429
f 4431 4434 4430
f 4431 4435 4434
f 4433 4436 4435
f 4400 4422 4432
f 4433 4432 4436
f 4435 4436 4434
f 4413 4419 4414
f 4412 4430 4416
f 4434 4420 4416
f 4416 4420 4417
f 4419 4418 4422
f 4432 4422 4424
f 4436 4424 4420
f 4420 4424 4421
f 4422 4423 4424
f 4430 4434 4416
f 4434 4436 4420
f 4432 4424 4436
f 4192 4196 4193
f 4193 4437 4359
f 4196 4437 4193
f 4437 4438 4359
f 4195 4135 4213
f 4195 4213 4196
f 4213 4439 4196
f 4213 4268 4439
f 4439 4437 4196
f 4439 4275 4440
f 4277 4441 4440
f 4437 4440 4438
f 4439 4440 4437
f 4440 4441 4438
f 4438 4441 4442
f 4359 4438 4363
f 4363 4442 4364
f 4438 4442 4363
f 4209 4203 4366
f 4218 4366 4368
f 4209 4366 4218
f 4218 4368 4219
f 4219 4368 4370
f 4443 4370 4395
f 4219 4370 4443
f 4217 4218 4219
f 4441 4444 4442
f 4444 4445 4446
f 4309 4444 4441
f 4311 4445 4444
f 4219 4443 4220
f 4220 4443 4222
f 4222 4443 4447
f 4222 4447 4224
f 4224 4316 4307
f 4315 4448 4445
f 4320 4449 4448
f 4446 4372 4364
f 4442 4446 4364
f 4446 4450 4372
f 4450 4374 4372
f 4451 4392 4374
f 4450 4451 4374
f 4444 4446 4442
f 4445 4450 4446
f 4445 4448 4450
f 4448 4451 4450
f 4448 4449 4451
f 4439 4268 4275
f 4275 4277 4440
f 4278 4309 4277
f 4277 4309 4441
f 4309 4311 4444
f 4306 4311 4309
f 4310 4315 4311
f 4311 4315 4445
f 4315 4320 4448
f 4320 4322 4449
f 4314 4320 4315
f 4319 4322 4320
f 4443 4395 4447
f 4224 4452 4316
f 4312 4316 4453
f 4317 4453 4454
f 4224 4447 4452
f 4316 4455 4453
f 4316 4452 4455
f 4322 4456 4449
f 4327 4457 4456
f 4323 4454 4458
f 4325 4458 4459
f 4453 4455 4460
f 4453 4460 4454
f 4454 4461 4458
f 4344 4462 4457
f 4345 4459 4462
f 4447 4395 4397
f 4447 4397 4452
f 4463 4426 4392
f 4451 4463 4392
f 4463 4464 4426
f 4452 4397 4399
f 4452 4399 4455
f 4455 4401 4460
f 4464 4427 4426
f 4455 4399 4401
f 4465 4428 4427
f 4464 4465 4427
f 4451 4449 4463
f 4449 4456 4463
f 4456 4464 4463
f 4456 4457 4464
f 4457 4465 4464
f 4457 4462 4465
f 4462 4466 4465
f 4458 4467 4459
f 4460 4401 4433
f 4466 4431 4428
f 4465 4466 4428
f 4460 4433 4461
f 4466 4467 4431
f 4461 4433 4435
f 4467 4435 4431
f 4461 4435 4467
f 4454 4460 4461
f 4462 4459 4466
f 4458 4461 4467
f 4459 4467 4466
f 4312 4453 4317
f 4322 4327 4456
f 4317 4454 4323
f 4344 4457 4327
f 4323 4458 4325
f 4325 4459 4345
f 4344 4345 4462
f 4002 4468 4004
f 4001 4006 4010
f 4002 4010 4468
f 4007 4008 4012
f 4004 4469 4008
f 4004 4468 4469
f 4008 4469 4012
f 4005 4028 4006
f 4006 4470 4010
f 4006 4028 4470
f 4010 4471 4468
f 4010 4470 4471
f 4019 4472 4028
f 4028 4473 4470
f 4019 4029 4472
f 4028 4472 4473
f 4020 4034 4029
f 4029 4474 4472
f 4029 4034 4474
f 4012 4475 4030
f 4012 4469 4475
f 4468 4476 4469
f 4030 4475 4035
f 4468 4471 4476
f 4470 4477 4471
f 4469 4476 4475
f 4475 4476 4478
f 4471 4479 4476
f 4472 4480 4473
f 4472 4474 4480
f 4470 4473 4477
f 4035 4475 4478
f 4035 4478 4037
f 4471 4477 4479
f 4476 4479 4478
f 4473 4481 4477
f 4473 4480 4481
f 4478 4482 4037
f 4478 4479 4482
f 4477 4483 4479
f 4477 4481 4483
f 4479 4483 4482
f 4034 4411 4474
f 4034 4387 4411
f 4474 4484 4480
f 4411 4484 4474
f 4411 4417 4484
f 4411 4410 4417
f 4037 4482 4407
f 4480 4484 4485
f 4407 4482 4415
f 4480 4485 4481
f 4485 4486 4481
f 4482 4483 4415
f 4415 4483 4486
f 4481 4486 4483
f 4417 4421 4484
f 4421 4485 4484
f 4418 4415 4486
f 4421 4423 4485
f 4418 4486 4423
f 4423 4486 4485
f 4487 4488 4489
f 4487 4490 4491
f 4487 4489 4490
f 4488 4492 4489
f 4491 4493 4494
f 4488 4495 4492
f 4496 4497 4498
f 4499 4496 4500
f 4499 4497 4496
f 4501 4498 4497
f 4501 4502 4498
f 4499 4500 4503
f 4500 4504 4503
f 4496 4498 4489
f 4489 4498 4490
f 4490 4498 4502
f 4490 4502 4493
f 4502 4505 4493
f 4493 4505 4506
f 4496 4492 4500
f 4496 4489 4492
f 4500 4492 4507
f 4500 4507 4504
f 4504 4507 4508
f 4509 4497 4499
f 4510 4499 4503
f 4501 4511 4502
f 4511 4505 4502
f 4504 4512 4503
f 4511 4513 4505
f 4513 4514 4505
f 4512 4515 4516
f 4501 4497 4517
f 4510 4509 4499
f 4509 4517 4497
f 4510 4503 4518
f 4501 4519 4511
f 4511 4520 4513
f 4521 4522 4523
f 4524 4523 4522
f 4518 4503 4512
f 4525 4512 4516
f 4521 4514 4513
f 4521 4523 4514
f 4506 4505 4514
f 4506 4514 4526
f 4514 4523 4526
f 4526 4523 4527
f 4524 4527 4523
f 4524 4528 4527
f 4504 4515 4512
f 4516 4515 4529
f 4516 4529 4530
f 4530 4529 4531
f 4530 4531 4532
f 4531 4533 4532
f 4504 4508 4515
f 4515 4508 4534
f 4515 4534 4529
f 4529 4534 4535
f 4529 4535 4531
f 4531 4536 4533
f 4531 4535 4536
f 4491 4490 4493
f 4494 4493 4506
f 4494 4506 4537
f 4537 4526 4538
f 4495 4507 4492
f 4495 4539 4507
f 4537 4506 4526
f 4527 4540 4538
f 4507 4539 4508
f 4508 4541 4534
f 4542 4538 4540
f 4540 4543 4544
f 4527 4528 4540
f 4545 4543 4528
f 4545 4546 4543
f 4547 4548 4546
f 4526 4527 4538
f 4528 4543 4540
f 4534 4549 4535
f 4535 4550 4536
f 4536 4551 4552
f 4546 4553 4543
f 4548 4554 4546
f 4510 4555 4509
f 4510 4518 4555
f 4509 4555 4517
f 4518 4525 4555
f 4556 4557 4522
f 4517 4555 4519
f 4519 4555 4520
f 4525 4558 4555
f 4558 4559 4555
f 4520 4555 4560
f 4561 4557 4562
f 4561 4562 4563
f 4564 4563 4565
f 4564 4566 4567
f 4562 4557 4555
f 4564 4565 4568
f 4560 4555 4556
f 4556 4555 4557
f 4563 4562 4565
f 4569 4570 4555
f 4555 4570 4571
f 4564 4568 4566
f 4562 4555 4565
f 4568 4565 4555
f 4572 4568 4555
f 4572 4566 4568
f 4572 4573 4566
f 4555 4571 4574
f 4555 4574 4575
f 4555 4575 4576
f 4573 4577 4566
f 4567 4566 4577
f 4573 4578 4579
f 4573 4579 4577
f 4580 4555 4581
f 4572 4580 4573
f 4582 4581 4555
f 4580 4581 4578
f 4555 4583 4584
f 4582 4585 4586
f 4582 4555 4587
f 4555 4584 4587
f 4582 4586 4581
f 4555 4588 4589
f 4581 4586 4578
f 4586 4590 4578
f 4586 4585 4591
f 4586 4591 4590
f 4572 4555 4580
f 4555 4592 4593
f 4580 4578 4573
f 4555 4576 4594
f 4555 4594 4592
f 4555 4593 4595
f 4555 4595 4588
f 4594 4596 4592
f 4593 4592 4597
f 4578 4590 4579
f 4579 4598 4577
f 4579 4599 4598
f 4579 4590 4599
f 4591 4600 4590
f 4591 4601 4602
f 4591 4602 4600
f 4599 4590 4600
f 4599 4600 4603
f 4600 4604 4603
f 4602 4605 4604
f 4602 4604 4600
f 4603 4604 4606
f 4604 4605 4607
f 4501 4517 4519
f 4511 4519 4520
f 4521 4513 4560
f 4518 4512 4525
f 4525 4516 4558
f 4513 4520 4560
f 4521 4556 4522
f 4558 4530 4559
f 4524 4522 4561
f 4524 4561 4608
f 4561 4563 4608
f 4563 4609 4608
f 4558 4516 4530
f 4559 4530 4532
f 4610 4532 4611
f 4521 4560 4556
f 4561 4522 4557
f 4559 4532 4610
f 4569 4610 4611
f 4559 4610 4555
f 4569 4612 4570
f 4564 4609 4563
f 4564 4567 4609
f 4569 4611 4612
f 4570 4612 4613
f 4571 4613 4614
f 4612 4615 4613
f 4613 4616 4614
f 4608 4545 4528
f 4608 4609 4545
f 4545 4609 4547
f 4524 4608 4528
f 4547 4609 4567
f 4547 4567 4617
f 4567 4577 4617
f 4617 4577 4598
f 4532 4533 4611
f 4611 4533 4618
f 4611 4618 4612
f 4612 4618 4615
f 4613 4615 4616
f 4533 4552 4618
f 4536 4552 4533
f 4618 4619 4615
f 4618 4552 4619
f 4615 4619 4620
f 4616 4615 4620
f 4616 4620 4621
f 4569 4555 4610
f 4570 4613 4571
f 4571 4614 4574
f 4574 4622 4575
f 4575 4622 4623
f 4574 4614 4622
f 4622 4614 4624
f 4616 4624 4614
f 4622 4625 4623
f 4622 4624 4625
f 4576 4575 4623
f 4576 4626 4594
f 4576 4623 4626
f 4594 4626 4596
f 4592 4596 4597
f 4596 4626 4627
f 4626 4628 4627
f 4626 4623 4628
f 4623 4625 4628
f 4625 4624 4629
f 4625 4630 4628
f 4625 4629 4630
f 4627 4628 4631
f 4628 4630 4631
f 4616 4621 4624
f 4624 4621 4629
f 4547 4617 4548
f 4545 4547 4546
f 4617 4632 4548
f 4617 4598 4632
f 4598 4633 4632
f 4632 4634 4548
f 4632 4633 4635
f 4633 4603 4636
f 4552 4637 4619
f 4619 4637 4638
f 4620 4639 4621
f 4619 4638 4620
f 4620 4638 4639
f 4598 4599 4633
f 4599 4603 4633
f 4630 4640 4631
f 4629 4621 4641
f 4621 4639 4641
f 4629 4642 4630
f 4629 4641 4642
f 4630 4642 4640
f 4639 4643 4641
f 4642 4641 4644
f 4543 4553 4544
f 4546 4554 4553
f 4548 4634 4554
f 4634 4645 4554
f 4634 4635 4646
f 4646 4635 4647
f 4607 4605 4648
f 4604 4607 4606
f 4607 4648 4649
f 4633 4636 4635
f 4606 4650 4636
f 4632 4635 4634
f 4635 4636 4647
f 4636 4650 4647
f 4603 4606 4636
f 4607 4651 4606
f 4606 4651 4650
f 4607 4649 4651
f 4641 4643 4644
f 4651 4652 4650
f 4650 4653 4647
f 4650 4652 4653
f 4649 4654 4651
f 4651 4654 4652
f 4649 4655 4654
f 4652 4656 4653
f 4652 4657 4656
f 4654 4655 4658
f 4658 4659 4660
f 4652 4654 4657
f 4654 4658 4657
f 4658 4661 4657
f 4658 4660 4661
f 4660 4662 4661
f 4660 4663 4662
f 4662 4663 4664
f 4487 4491 4665
f 4491 4494 4666
f 4487 4667 4488
f 4494 4537 4668
f 4488 4669 4495
f 4537 4538 4670
f 4495 4671 4539
f 4665 4666 4672
f 4673 4672 4666
f 4665 4672 4674
f 4665 4674 4667
f 4673 4668 4675
f 4673 4676 4672
f 4673 4677 4676
f 4672 4676 4678
f 4673 4675 4677
f 4672 4678 4674
f 4674 4679 4680
f 4675 4681 4677
f 4674 4678 4679
f 4491 4666 4665
f 4494 4668 4666
f 4487 4665 4667
f 4488 4667 4669
f 4673 4666 4668
f 4668 4670 4675
f 4670 4682 4675
f 4537 4670 4668
f 4542 4670 4538
f 4542 4544 4683
f 4495 4669 4671
f 4539 4671 4684
f 4542 4682 4670
f 4542 4683 4682
f 4544 4685 4683
f 4685 4686 4687
f 4667 4680 4669
f 4667 4674 4680
f 4669 4688 4671
f 4669 4680 4688
f 4671 4689 4684
f 4671 4688 4689
f 4684 4689 4690
f 4682 4681 4675
f 4682 4683 4691
f 4692 4691 4683
f 4680 4693 4688
f 4682 4691 4681
f 4679 4693 4680
f 4688 4693 4694
f 4685 4692 4683
f 4685 4687 4692
f 4688 4694 4689
f 4689 4695 4690
f 4689 4694 4695
f 4508 4539 4541
f 4534 4541 4549
f 4539 4684 4541
f 4541 4696 4549
f 4549 4697 4550
f 4535 4549 4550
f 4536 4550 4551
f 4550 4698 4551
f 4551 4699 4637
f 4551 4637 4552
f 4638 4637 4700
f 4639 4638 4701
f 4542 4540 4544
f 4553 4685 4544
f 4553 4686 4685
f 4553 4554 4686
f 4554 4645 4686
f 4541 4684 4696
f 4549 4696 4697
f 4634 4646 4645
f 4550 4697 4698
f 4551 4698 4699
f 4697 4702 4698
f 4699 4698 4703
f 4645 4704 4686
f 4687 4686 4704
f 4645 4705 4704
f 4645 4646 4705
f 4646 4647 4706
f 4646 4706 4705
f 4706 4647 4653
f 4684 4690 4696
f 4696 4690 4707
f 4696 4707 4697
f 4697 4707 4702
f 4698 4702 4703
f 4707 4690 4708
f 4695 4708 4690
f 4707 4708 4709
f 4707 4709 4702
f 4703 4702 4710
f 4702 4709 4710
f 4637 4699 4700
f 4638 4700 4701
f 4699 4711 4700
f 4699 4703 4711
f 4701 4700 4712
f 4700 4711 4712
f 4639 4701 4643
f 4701 4713 4643
f 4644 4643 4714
f 4643 4713 4714
f 4701 4712 4713
f 4712 4711 4715
f 4712 4716 4713
f 4712 4715 4716
f 4717 4713 4716
f 4703 4718 4711
f 4703 4710 4718
f 4711 4718 4715
f 4681 4691 4719
f 4692 4720 4691
f 4692 4721 4720
f 4687 4704 4722
f 4704 4723 4722
f 4692 4687 4721
f 4687 4722 4721
f 4722 4723 4724
f 4724 4723 4725
f 4677 4726 4676
f 4676 4727 4678
f 4677 4728 4726
f 4676 4726 4727
f 4719 4729 4728
f 4681 4728 4677
f 4681 4719 4728
f 4691 4720 4719
f 4678 4730 4679
f 4678 4727 4730
f 4679 4730 4731
f 4719 4720 4732
f 4719 4732 4729
f 4720 4733 4732
f 4728 4734 4726
f 4726 4735 4727
f 4727 4736 4730
f 4728 4729 4734
f 4726 4734 4735
f 4732 4737 4729
f 4729 4738 4734
f 4734 4739 4735
f 4727 4735 4736
f 4730 4736 4740
f 4732 4733 4741
f 4735 4742 4736
f 4679 4731 4693
f 4693 4743 4694
f 4721 4733 4720
f 4693 4731 4743
f 4731 4744 4743
f 4694 4743 4745
f 4695 4694 4745
f 4721 4722 4746
f 4745 4743 4747
f 4721 4746 4733
f 4746 4748 4733
f 4722 4724 4746
f 4746 4724 4749
f 4724 4725 4750
f 4743 4744 4747
f 4730 4740 4731
f 4731 4740 4744
f 4740 4751 4744
f 4736 4752 4740
f 4747 4744 4753
f 4729 4737 4738
f 4734 4738 4739
f 4741 4754 4737
f 4733 4748 4741
f 4732 4741 4737
f 4735 4739 4742
f 4736 4742 4752
f 4741 4755 4754
f 4741 4748 4755
f 4746 4749 4748
f 4724 4750 4749
f 4750 4756 4749
f 4750 4757 4756
f 4756 4757 4758
f 4749 4759 4748
f 4749 4756 4759
f 4740 4752 4751
f 4748 4759 4755
f 4752 4760 4761
f 4744 4751 4753
f 4752 4761 4751
f 4751 4762 4753
f 4751 4761 4762
f 4756 4763 4759
f 4759 4764 4755
f 4759 4763 4764
f 4756 4758 4763
f 4705 4723 4704
f 4705 4765 4723
f 4706 4653 4766
f 4706 4765 4705
f 4706 4766 4765
f 4766 4767 4765
f 4656 4768 4766
f 4766 4768 4767
f 4765 4725 4723
f 4708 4769 4709
f 4709 4769 4770
f 4709 4770 4710
f 4765 4767 4725
f 4767 4771 4725
f 4768 4772 4767
f 4653 4656 4766
f 4657 4773 4656
f 4716 4715 4774
f 4657 4661 4773
f 4661 4775 4773
f 4656 4773 4768
f 4768 4773 4776
f 4718 4710 4777
f 4718 4777 4778
f 4710 4770 4777
f 4770 4779 4777
f 4718 4778 4715
f 4715 4778 4774
f 4778 4777 4780
f 4778 4781 4774
f 4778 4780 4781
f 4777 4779 4780
f 4779 4782 4780
f 4767 4772 4771
f 4772 4783 4771
f 4768 4776 4772
f 4776 4784 4772
f 4776 4785 4784
f 4772 4784 4783
f 4784 4786 4787
f 4773 4775 4776
f 4776 4775 4785
f 4775 4788 4785
f 4661 4662 4775
f 4662 4788 4775
f 4662 4664 4788
f 4664 4789 4788
f 4788 4789 4790
f 4779 4791 4782
f 4791 4792 4782
f 4788 4790 4785
f 4785 4790 4786
f 4785 4786 4784
f 4695 4793 4708
f 4695 4745 4793
f 4708 4793 4769
f 4745 4794 4793
f 4793 4795 4769
f 4770 4769 4796
f 4745 4747 4794
f 4793 4794 4795
f 4769 4795 4796
f 4795 4794 4797
f 4747 4798 4794
f 4770 4796 4779
f 4795 4799 4796
f 4779 4796 4791
f 4750 4725 4771
f 4750 4771 4757
f 4771 4783 4757
f 4794 4798 4797
f 4795 4797 4799
f 4783 4787 4800
f 4783 4800 4757
f 4758 4757 4800
f 4784 4787 4783
f 4747 4753 4798
f 4798 4753 4801
f 4753 4762 4801
f 4798 4801 4802
f 4797 4798 4802
f 4761 4803 4762
f 4761 4804 4803
f 4801 4805 4802
f 4801 4806 4805
f 4801 4762 4806
f 4806 4762 4803
f 4796 4799 4791
f 4797 4807 4799
f 4797 4802 4807
f 4791 4799 4808
f 4791 4808 4792
f 4808 4799 4807
f 4807 4802 4809
f 4808 4807 4810
f 4807 4809 4810
f 4802 4805 4809
f 4811 4812 4813
f 4811 4813 4814
f 4814 4815 4816
f 4817 4816 4815
f 4812 4818 4813
f 4819 4815 4813
f 4814 4813 4815
f 4819 4813 4818
f 4819 4818 4820
f 4820 4818 4821
f 4820 4821 4822
f 4819 4823 4824
f 4819 4824 4815
f 4817 4815 4824
f 4819 4820 4823
f 4823 4820 4825
f 4825 4820 4822
f 4825 4822 4826
f 4583 4827 4584
f 4827 4828 4584
f 4827 4829 4828
f 4829 4601 4828
f 4830 4831 4832
f 4583 4831 4830
f 4832 4831 4589
f 4583 4830 4827
f 4830 4833 4827
f 4827 4833 4829
f 4830 4832 4834
f 4830 4834 4833
f 4829 4835 4836
f 4835 4833 4837
f 4829 4833 4835
f 4834 4837 4833
f 4834 4838 4837
f 4555 4831 4583
f 4582 4587 4585
f 4584 4828 4587
f 4587 4828 4585
f 4555 4589 4831
f 4588 4595 4839
f 4588 4840 4589
f 4585 4828 4601
f 4591 4585 4601
f 4593 4841 4595
f 4593 4597 4841
f 4595 4841 4839
f 4841 4597 4842
f 4832 4589 4840
f 4588 4839 4840
f 4840 4839 4843
f 4843 4839 4844
f 4841 4844 4839
f 4841 4842 4844
f 4602 4601 4836
f 4829 4836 4601
f 4843 4844 4845
f 4845 4844 4846
f 4844 4842 4846
f 4846 4842 4847
f 4832 4848 4834
f 4832 4840 4848
f 4840 4843 4848
f 4834 4848 4838
f 4848 4849 4838
f 4848 4843 4849
f 4849 4843 4845
f 4835 4850 4836
f 4835 4837 4851
f 4835 4851 4850
f 4852 4851 4837
f 4851 4853 4850
f 4602 4836 4605
f 4836 4850 4605
f 4846 4847 4854
f 4847 4855 4854
f 4850 4648 4605
f 4852 4837 4838
f 4811 4838 4849
f 4852 4838 4811
f 4811 4849 4812
f 4812 4849 4845
f 4812 4845 4856
f 4852 4857 4851
f 4852 4811 4814
f 4845 4846 4856
f 4856 4846 4854
f 4855 4858 4854
f 4856 4854 4821
f 4596 4859 4597
f 4596 4627 4859
f 4842 4597 4859
f 4627 4860 4859
f 4627 4631 4860
f 4842 4859 4847
f 4847 4859 4860
f 4860 4631 4861
f 4631 4640 4861
f 4847 4860 4855
f 4860 4861 4855
f 4640 4862 4861
f 4642 4863 4640
f 4855 4861 4864
f 4812 4856 4818
f 4857 4853 4851
f 4857 4865 4853
f 4853 4865 4866
f 4850 4853 4648
f 4853 4866 4648
f 4649 4648 4866
f 4852 4814 4857
f 4857 4816 4865
f 4857 4814 4816
f 4854 4858 4821
f 4858 4864 4867
f 4864 4868 4867
f 4866 4865 4869
f 4649 4866 4655
f 4866 4869 4655
f 4816 4870 4865
f 4869 4865 4870
f 4817 4870 4816
f 4864 4861 4862
f 4642 4644 4863
f 4640 4863 4862
f 4644 4871 4863
f 4862 4863 4872
f 4863 4871 4872
f 4855 4864 4858
f 4864 4862 4868
f 4868 4862 4872
f 4868 4872 4873
f 4873 4872 4874
f 4872 4871 4874
f 4874 4871 4875
f 4818 4856 4821
f 4822 4821 4858
f 4822 4858 4867
f 4822 4867 4826
f 4826 4867 4876
f 4868 4876 4867
f 4868 4873 4876
f 4877 4878 4879
f 4879 4878 4880
f 4824 4823 4881
f 4824 4881 4882
f 4881 4883 4882
f 4817 4824 4882
f 4817 4882 4884
f 4884 4882 4885
f 4823 4877 4881
f 4823 4825 4877
f 4825 4826 4886
f 4826 4887 4886
f 4877 4879 4881
f 4888 4887 4889
f 4883 4885 4882
f 4883 4890 4885
f 4879 4883 4881
f 4879 4891 4883
f 4883 4891 4890
f 4891 4892 4890
f 4879 4880 4891
f 4891 4880 4893
f 4891 4893 4892
f 4893 4894 4895
f 4893 4895 4892
f 4869 4659 4655
f 4869 4896 4659
f 4896 4897 4659
f 4869 4870 4896
f 4884 4896 4870
f 4817 4884 4870
f 4884 4898 4896
f 4884 4885 4898
f 4885 4899 4898
f 4896 4898 4897
f 4898 4900 4897
f 4658 4655 4659
f 4874 4875 4901
f 4875 4902 4901
f 4660 4659 4897
f 4660 4897 4663
f 4902 4903 4904
f 4876 4873 4889
f 4873 4905 4889
f 4826 4876 4887
f 4887 4876 4889
f 4889 4905 4906
f 4888 4889 4906
f 4906 4905 4907
f 4906 4907 4908
f 4873 4874 4905
f 4874 4901 4905
f 4905 4901 4907
f 4902 4904 4901
f 4907 4901 4904
f 4903 4909 4904
f 4907 4904 4910
f 4898 4899 4900
f 4899 4911 4900
f 4899 4912 4911
f 4911 4912 4913
f 4897 4900 4663
f 4900 4914 4663
f 4664 4663 4914
f 4900 4911 4914
f 4664 4914 4915
f 4914 4916 4915
f 4911 4916 4914
f 4911 4913 4916
f 4885 4890 4899
f 4890 4912 4899
f 4890 4892 4912
f 4907 4910 4908
f 4892 4917 4912
f 4913 4912 4917
f 4892 4895 4917
f 4909 4918 4919
f 4910 4904 4909
f 4910 4909 4920
f 4909 4919 4920
f 4919 4921 4922
f 4825 4886 4877
f 4877 4886 4878
f 4923 4924 4878
f 4923 4878 4886
f 4923 4888 4925
f 4923 4886 4887
f 4923 4887 4888
f 4888 4906 4926
f 4924 4927 4928
f 4878 4924 4880
f 4924 4928 4880
f 4893 4880 4928
f 4923 4925 4924
f 4924 4925 4927
f 4925 4929 4927
f 4925 4926 4929
f 4929 4926 4930
f 4927 4931 4928
f 4928 4931 4894
f 4927 4929 4932
f 4927 4932 4931
f 4926 4906 4908
f 4925 4888 4926
f 4926 4908 4930
f 4930 4908 4933
f 4893 4928 4894
f 4930 4933 4934
f 4933 4935 4934
f 4929 4930 4936
f 4932 4929 4936
f 4936 4930 4934
f 4933 4908 4910
f 4933 4910 4920
f 4933 4920 4935
f 4935 4920 4937
f 4919 4937 4920
f 4919 4922 4937
f 4644 4714 4871
f 4714 4713 4717
f 4871 4714 4875
f 4714 4717 4875
f 4717 4902 4875
f 4717 4938 4902
f 4717 4716 4938
f 4716 4774 4938
f 4938 4774 4939
f 4902 4938 4903
f 4939 4774 4781
f 4903 4938 4939
f 4903 4939 4918
f 4939 4781 4940
f 4780 4941 4781
f 4918 4939 4940
f 4664 4915 4789
f 4781 4941 4940
f 4780 4782 4941
f 4941 4782 4942
f 4942 4782 4792
f 4940 4941 4943
f 4941 4942 4943
f 4942 4944 4943
f 4942 4945 4944
f 4942 4792 4945
f 4945 4792 4946
f 4903 4918 4909
f 4918 4940 4921
f 4919 4918 4921
f 4921 4940 4943
f 4921 4943 4947
f 4947 4943 4944
f 4921 4947 4922
f 4808 4946 4792
f 4808 4810 4946
f 4763 4948 4764
f 4758 4949 4950
f 4763 4758 4950
f 4763 4950 4948
f 4950 4951 4948
f 4950 4952 4951
f 4789 4953 4954
f 4786 4955 4956
f 4790 4955 4786
f 4789 4954 4790
f 4790 4954 4955
f 4954 4953 4957
f 4954 4958 4955
f 4955 4958 4959
f 4954 4957 4958
f 4958 4957 4960
f 4958 4960 4961
f 4800 4962 4949
f 4787 4956 4962
f 4787 4786 4956
f 4787 4962 4800
f 4956 4963 4962
f 4962 4963 4964
f 4963 4965 4964
f 4758 4800 4949
f 4950 4949 4952
f 4962 4964 4949
f 4803 4804 4966
f 4806 4803 4967
f 4803 4966 4967
f 4968 4969 4966
f 4949 4964 4952
f 4951 4952 4970
f 4951 4970 4971
f 4952 4972 4970
f 4952 4964 4972
f 4964 4965 4972
f 4968 4973 4969
f 4974 4975 4973
f 4956 4955 4959
f 4809 4805 4976
f 4976 4977 4978
f 4956 4959 4963
f 4959 4979 4963
f 4979 4965 4963
f 4958 4961 4959
f 4959 4961 4979
f 4980 4978 4977
f 4806 4967 4977
f 4806 4977 4805
f 4967 4966 4981
f 4805 4977 4976
f 4980 4977 4967
f 4981 4966 4969
f 4982 4969 4973
f 4982 4973 4975
f 4980 4967 4981
f 4981 4969 4983
f 4980 4981 4984
f 4981 4983 4984
f 4983 4969 4982
f 4971 4970 4985
f 4972 4965 4986
f 4972 4986 4987
f 4972 4987 4970
f 4987 4985 4970
f 4988 4989 4990
f 4991 4992 4985
f 4987 4993 4985
f 4993 4991 4985
f 4991 4994 4992
f 4994 4995 4992
f 4979 4996 4965
f 4965 4996 4986
f 4979 4961 4997
f 4961 4998 4997
f 4979 4997 4996
f 4997 4999 4996
f 4996 5000 4986
f 5000 5001 4986
f 4996 4999 5000
f 5002 4975 5003
f 5002 5003 4990
f 4982 4975 5004
f 5002 5004 4975
f 4987 4986 5001
f 4987 5001 4993
f 4994 5005 4995
f 5005 4989 4995
f 5006 4990 4989
f 5005 5006 4989
f 5002 4990 5007
f 5006 5007 4990
f 5001 5008 5009
f 5010 4993 5009
f 5001 5009 4993
f 5010 5011 4991
f 5000 5008 5001
f 4994 5011 5012
f 5010 4991 4993
f 4991 5011 4994
f 4994 5012 5005
f 4895 4894 5013
f 4916 5014 4915
f 4913 5015 4916
f 4916 5015 5014
f 5015 5016 5014
f 5015 5017 5016
f 4913 4917 5018
f 4917 5019 5018
f 5019 5020 5018
f 4895 5019 4917
f 4895 5013 5019
f 5013 5021 5019
f 5019 5021 5020
f 5021 5022 5020
f 5021 5023 5022
f 4913 5018 5015
f 5018 5017 5015
f 4947 5024 4922
f 5018 5020 5017
f 5020 5025 5017
f 5016 5017 5026
f 5017 5025 5026
f 5020 5022 5025
f 5025 5027 5026
f 5022 5028 5025
f 5022 5029 5028
f 5025 5028 5027
f 5028 5030 5027
f 5028 5031 5030
f 4932 5032 4931
f 4932 5033 5032
f 5032 5033 5034
f 4931 5032 5035
f 5032 5034 5036
f 4894 5035 5013
f 4931 5035 4894
f 5013 5035 5037
f 5032 5036 5035
f 4935 5038 5039
f 5035 5036 5037
f 5013 5037 5021
f 5036 5040 5037
f 5037 5040 5023
f 5036 5041 5040
f 5034 5041 5036
f 4932 4936 5033
f 4936 5042 5033
f 4936 4934 5042
f 5033 5042 5043
f 4934 5039 5042
f 5042 5039 5044
f 5034 5033 5043
f 5034 5043 5045
f 5043 5046 5045
f 5034 5045 5041
f 5042 5044 5043
f 5043 5044 5046
f 5044 5047 5046
f 5044 5048 5047
f 5044 5039 5048
f 5047 5048 5049
f 4935 5039 4934
f 5038 5048 5039
f 5048 5050 5049
f 5038 5050 5048
f 5050 5051 5049
f 5041 5052 5053
f 5041 5053 5040
f 5053 5052 5054
f 5046 5055 5045
f 5045 5055 5052
f 5046 5047 5056
f 5046 5056 5055
f 5047 5057 5056
f 5047 5049 5057
f 5049 5058 5057
f 5056 5057 5059
f 5056 5060 5055
f 5056 5059 5060
f 5045 5052 5041
f 5049 5051 5058
f 5058 5051 5061
f 5055 5062 5052
f 5055 5060 5062
f 5052 5062 5054
f 5058 5061 5063
f 5061 5064 5063
f 4935 4937 5038
f 5038 5065 5050
f 4937 5065 5038
f 5037 5023 5021
f 5050 5065 5066
f 4937 4922 5065
f 4922 5024 5065
f 5067 5068 5024
f 5065 5024 5066
f 5067 5069 5068
f 5068 5069 5070
f 5069 5071 5070
f 5066 5024 5068
f 5066 5068 5072
f 5072 5068 5070
f 5050 5066 5051
f 5051 5066 5072
f 5040 5073 5023
f 5022 5023 5029
f 5023 5073 5029
f 5040 5053 5073
f 5073 5074 5029
f 5053 5075 5073
f 5053 5054 5075
f 5073 5075 5074
f 5070 5071 5076
f 5071 5077 5076
f 5028 5029 5031
f 5029 5074 5031
f 5051 5072 5061
f 5061 5072 5078
f 5061 5078 5064
f 5064 5078 5079
f 5072 5070 5078
f 5078 5070 5076
f 5078 5076 5079
f 5079 5076 5080
f 5077 5080 5076
f 5077 5081 5080
f 5030 5082 5083
f 5059 5084 5060
f 5059 5085 5084
f 5062 5086 5054
f 5062 5087 5086
f 5086 5087 5088
f 5060 5087 5062
f 5060 5084 5087
f 5084 5085 5089
f 5084 5090 5087
f 5087 5090 5088
f 5084 5089 5090
f 5089 5091 5090
f 5054 5092 5075
f 5075 5093 5074
f 5074 5093 5094
f 5075 5092 5093
f 5093 5095 5094
f 5074 5094 5031
f 5031 5094 5096
f 5030 5031 5096
f 5030 5096 5082
f 5097 5082 5098
f 5096 5099 5082
f 5094 5100 5096
f 5097 5098 5101
f 5098 5082 5099
f 5101 5102 5103
f 5098 5104 5101
f 5103 5102 5105
f 5100 5099 5096
f 5094 5095 5100
f 5100 5106 5099
f 5106 5107 5099
f 5098 5099 5107
f 5098 5107 5104
f 5101 5104 5102
f 5054 5086 5092
f 5086 5108 5092
f 5093 5092 5109
f 5064 5079 5110
f 5079 5111 5110
f 5110 5111 5112
f 5086 5088 5108
f 5092 5108 5109
f 5093 5109 5095
f 5109 5113 5095
f 5095 5113 5114
f 5108 5115 5109
f 5109 5115 5113
f 5108 5088 5116
f 5088 5117 5116
f 5090 5117 5088
f 5090 5091 5117
f 5111 5118 5112
f 5108 5116 5115
f 5080 5081 5119
f 5081 5120 5119
f 5120 5121 5122
f 5079 5080 5111
f 5080 5119 5111
f 5111 5119 5118
f 5123 5119 5120
f 5100 5095 5114
f 5100 5114 5106
f 5124 5122 5121
f 5124 5125 5126
f 5125 5127 5126
f 5118 5119 5123
f 5118 5123 5128
f 5123 5129 5128
f 5123 5122 5129
f 5129 5122 5130
f 5123 5120 5122
f 5124 5130 5122
f 5124 5126 5130
f 5131 5105 3521
f 5131 3520 3523
f 5107 3534 5104
f 5102 3517 5105
f 5104 3522 5102
f 5104 3534 3506
f 5131 3521 3520
f 5105 3519 3521
f 5105 3517 3519
f 5102 3518 3517
f 5102 3522 3518
f 5104 3506 3522
f 5113 3526 5114
f 5113 3527 3526
f 5117 5132 5116
f 5116 3533 5115
f 5115 3533 3532
f 5115 3528 5113
f 5113 3528 3527
f 5115 3532 3528
f 5116 3530 3529
f 5116 3529 3533
f 5116 5132 3530
f 5132 3531 3530
f 5114 3524 5106
f 5106 3524 3538
f 5106 3536 5107
f 5107 3537 3534
f 5107 3535 3537
f 5107 3536 3535
f 5106 3538 3536
f 5114 3525 3524
f 5114 3526 3525
f 5133 3573 5134
f 5133 3571 3574
f 5133 3574 3573
f 5130 5126 3601
f 5126 3548 3550
f 5129 5130 3598
f 5130 3601 3599
f 5126 3550 3601
f 5126 5127 3546
f 5127 3575 3547
f 5127 3547 3546
f 5127 5134 3575
f 5134 3573 3572
f 5134 3572 3575
f 5126 3546 3545
f 5126 3545 3548
f 4915 5014 4953
f 4915 4953 4789
f 5014 5135 4953
f 4953 5135 4957
f 5135 5136 4957
f 5014 5016 5135
f 5016 5137 5135
f 5016 5026 5137
f 5135 5137 5136
f 4945 4946 5138
f 4946 5139 5138
f 4957 5136 4960
f 4947 4944 5067
f 4947 5067 5024
f 5067 5140 5069
f 5067 4944 5140
f 5069 5140 5141
f 5141 5142 5143
f 4945 5140 4944
f 4945 5138 5140
f 5138 5139 5142
f 5140 5138 5141
f 5141 5138 5142
f 5142 5144 5145
f 5142 5139 5144
f 5146 5147 5144
f 5145 5144 5147
f 5142 5145 5143
f 5137 5148 5136
f 5137 5149 5148
f 5136 5150 4960
f 4961 4960 4998
f 5150 4998 4960
f 5136 5148 5150
f 5150 5151 4998
f 4998 5151 5152
f 5148 5153 5150
f 5150 5153 5151
f 5026 5149 5137
f 5026 5027 5149
f 5027 5083 5149
f 5083 5154 5149
f 5148 5149 5154
f 5148 5154 5153
f 5030 5083 5027
f 5147 5155 5156
f 5157 5156 5155
f 5145 5147 5158
f 5147 5156 5158
f 5157 5159 5160
f 5160 5159 5161
f 5157 5162 5156
f 5157 5160 5162
f 4946 4810 5139
f 4810 5163 5139
f 4976 5146 5163
f 4809 5163 4810
f 4809 4976 5163
f 5139 5163 5144
f 4976 4978 5146
f 4980 5164 4978
f 4980 4984 5164
f 5163 5146 5144
f 5146 4978 5155
f 5155 4978 5164
f 5146 5155 5147
f 4983 5165 4984
f 4983 5166 5165
f 5159 5164 4984
f 5159 4984 5165
f 4997 4998 5152
f 4997 5152 4999
f 5167 5166 5004
f 5167 5004 5168
f 5169 5165 5166
f 5167 5169 5166
f 4983 4982 5166
f 4982 5004 5166
f 5002 5168 5004
f 5002 5007 5168
f 5157 5155 5164
f 5157 5164 5159
f 5161 5159 5165
f 5161 5165 5169
f 5069 5141 5071
f 5071 5141 5143
f 5071 5143 5077
f 5077 5143 5170
f 5145 5170 5143
f 5145 5158 5170
f 5170 5158 5171
f 5172 5171 5158
f 5077 5170 5081
f 5081 5170 5171
f 5156 5172 5158
f 5156 5162 5172
f 5152 5173 4999
f 5010 5009 5174
f 5175 5009 5008
f 5176 5177 5173
f 5152 5151 5178
f 4999 5173 5177
f 5152 5178 5173
f 5179 5008 5177
f 5180 5012 5011
f 5181 5182 5012
f 5179 5175 5008
f 5174 5009 5175
f 5010 5174 5183
f 5183 5180 5011
f 5154 5184 5153
f 5153 5184 5185
f 5185 5186 5178
f 5083 5097 5154
f 5083 5082 5097
f 5097 5101 5184
f 5097 5184 5154
f 5103 5185 5184
f 5176 5173 5187
f 5174 5175 5188
f 5175 5189 5188
f 5179 5189 5175
f 5174 5188 5190
f 5101 5103 5184
f 5131 5187 5186
f 5191 5176 5192
f 5131 5192 5187
f 5187 5178 5186
f 5103 5186 5185
f 5191 5179 5176
f 5192 5176 5187
f 5191 5189 5179
f 5180 5193 5181
f 5183 5190 5194
f 5195 5181 5196
f 5180 5194 5193
f 5153 5185 5151
f 5151 5185 5178
f 5187 5173 5178
f 5167 5197 5198
f 5195 5199 5182
f 5200 5201 5199
f 5161 5202 5203
f 5198 5197 5204
f 5169 5198 5202
f 5161 5169 5202
f 5160 5161 5203
f 5201 5205 5197
f 5176 5179 5177
f 5174 5190 5183
f 5183 5194 5180
f 5180 5181 5012
f 5195 5182 5181
f 5195 5200 5199
f 5197 5205 5204
f 5200 5205 5201
f 5189 3511 5188
f 5188 3553 5190
f 5000 4999 5177
f 5000 5177 5008
f 5010 5183 5011
f 5005 5182 5006
f 5005 5012 5182
f 5006 5199 5007
f 5199 5201 5007
f 5201 5168 5007
f 5006 5182 5199
f 5201 5197 5168
f 5167 5168 5197
f 5167 5198 5169
f 5172 5162 5206
f 5162 5207 5206
f 5208 5203 5202
f 5121 5171 5172
f 5121 5172 5206
f 5125 5206 5207
f 5209 5207 5203
f 5103 5105 5186
f 5131 5186 5105
f 5208 5202 5210
f 5181 5193 5196
f 5195 5196 5211
f 5195 5211 5200
f 5212 5204 5205
f 5213 5200 5211
f 5213 5205 5200
f 5209 5125 5207
f 5212 5214 5204
f 5133 5208 5210
f 5133 5210 5214
f 5209 5203 5208
f 5214 5210 5204
f 5213 5212 5205
f 5160 5207 5162
f 5160 5203 5207
f 5198 5210 5202
f 5198 5204 5210
f 5081 5171 5120
f 5120 5171 5121
f 5124 5121 5206
f 5124 5206 5125
f 5209 5208 5134
f 5209 5127 5125
f 5133 5134 5208
f 5209 5134 5127
f 5191 5192 3510
f 5191 3513 5189
f 5190 3556 5194
f 5131 3523 5192
f 5194 3558 5193
f 5193 3560 5196
f 5189 3513 3512
f 5191 3514 3513
f 5191 3510 3514
f 5189 3512 3511
f 5188 3511 3551
f 5188 3551 3553
f 5190 3553 3554
f 5190 3554 3555
f 5192 3515 3510
f 5192 3516 3515
f 5192 3523 3516
f 5190 3555 3556
f 5194 3556 3557
f 5194 3557 3558
f 5193 3558 3561
f 5196 3562 5211
f 5213 5211 3564
f 5213 3565 3566
f 5213 3566 5212
f 5193 3561 3560
f 5196 3559 3562
f 5196 3560 3559
f 5213 3564 3565
f 5211 3562 3563
f 5211 3563 3564
f 5212 3570 5214
f 5212 3567 3568
f 5212 3566 3567
f 5212 3568 3570
f 5133 5214 3571
f 5214 3570 3569
f 5214 3569 3571
f 4737 5215 4738
f 4738 5215 5216
f 4738 5216 4739
f 4737 4754 5215
f 4739 5217 4742
f 4739 5216 5217
f 4754 5218 5215
f 4754 5219 5218
f 5215 5218 5220
f 4755 5219 4754
f 5216 5221 5217
f 4755 4764 5219
f 5215 5220 5216
f 5216 5220 5221
f 4742 4760 4752
f 4742 5217 4760
f 5217 5222 4760
f 5217 5221 5222
f 4760 4804 4761
f 4760 5222 4804
f 5219 4764 5223
f 5218 5219 5224
f 5218 5225 5220
f 5219 5223 5224
f 5218 5224 5225
f 4764 4948 5223
f 4948 5226 5223
f 5220 5227 5221
f 5220 5225 5227
f 5224 5223 5228
f 5224 5229 5225
f 5221 5230 5222
f 5221 5227 5230
f 5225 5231 5227
f 5223 5226 5228
f 5226 5232 5228
f 5224 5228 5229
f 4948 4951 5226
f 5226 4971 5232
f 5228 5232 5233
f 4951 4971 5226
f 5225 5229 5231
f 5228 5233 5229
f 5222 4968 4804
f 5222 5230 4968
f 4804 4968 4966
f 5227 4974 5230
f 4968 5230 4973
f 5227 5231 4974
f 4974 4973 5230
f 5229 4988 5231
f 5229 5233 4988
f 4974 5231 5003
f 5231 4988 5003
f 4974 5003 4975
f 4971 4992 5232
f 5232 4995 5233
f 4971 4985 4992
f 5232 4992 4995
f 5233 4989 4988
f 5003 4988 4990
f 4995 4989 5233
f 5059 5057 5234
f 5058 5234 5057
f 5058 5063 5234
f 5059 5234 5085
f 5234 5063 5235
f 5234 5235 5085
f 5063 5236 5235
f 5085 5235 5237
f 5235 5236 5238
f 5064 5236 5063
f 5089 5085 5237
f 5235 5238 5237
f 5238 5236 5239
f 5089 5237 5240
f 5089 5240 5091
f 5237 5238 5241
f 5237 5241 5240
f 5238 5242 5241
f 5238 5239 5242
f 5241 5243 5240
f 5241 5244 5243
f 5241 5242 5244
f 5242 5245 5244
f 5064 5110 5236
f 5110 5239 5236
f 5110 5112 5239
f 5239 5246 5242
f 5239 5112 5246
f 5112 5247 5246
f 5118 5247 5112
f 5118 5128 5247
f 5117 5091 5248
f 5240 5249 5091
f 5246 5247 5250
f 5091 5249 5248
f 5117 5248 5132
f 5248 3531 5132
f 5243 3531 5249
f 5249 3531 5248
f 5240 5243 5249
f 5243 5244 3531
f 5244 5245 3531
f 5245 5250 3531
f 5247 3595 3594
f 5247 3594 3587
f 5247 5128 3595
f 5128 3596 3595
f 5128 3600 3596
f 5247 3587 5250
f 5250 3586 3531
f 5242 5246 5245
f 5245 5246 5250
f 5250 3587 3586
f 5129 3598 3597
f 5129 3600 5128
f 5129 3597 3600
f 5130 3599 3598
f 5251 5252 5253
f 5254 5251 5253
f 5255 5256 5257
f 5258 5259 5253
f 5259 5254 5253
f 5258 5253 5255
f 5258 5255 5260
f 5258 5261 5262
f 5258 5263 5264
f 5258 5260 5263
f 5258 5264 5261
f 5255 5265 5266
f 5255 5266 5260
f 5255 5267 5268
f 5255 5268 5269
f 5255 5270 5271
f 5255 5269 5270
f 5255 5272 5267
f 5255 5257 5272
f 5255 5273 5265
f 5255 5271 5273
f 5256 5274 5275
f 5256 5276 5277
f 5256 5278 5276
f 5256 5277 5274
f 5256 5279 5278
f 5256 5280 5279
f 5256 5281 5280
f 5282 5278 5279
f 5283 5282 5279
f 5255 5253 5256
f 5256 5253 5281
f 5256 5284 5257
f 5256 5285 5286
f 5256 5287 5284
f 5256 5286 5287
f 5256 5275 5288
f 5256 5288 5285
f 5254 5289 5251
f 5251 5290 5252
f 5259 5291 5254
f 5258 5292 5259
f 5251 5289 5290
f 5254 5291 5289
f 5259 5292 5291
f 5258 5293 5292
f 5258 5262 5293
f 5294 5295 5296
f 5294 5297 5295
f 5294 5296 5298
f 5299 5298 5300
f 5293 5262 5301
f 5302 5301 5303
f 5302 5303 5304
f 5302 5304 5305
f 5302 5305 5306
f 5302 5306 5307
f 5302 5307 5308
f 5302 5309 5310
f 5302 5308 5311
f 5302 5311 5309
f 5302 5310 5312
f 5302 5312 5313
f 5302 5313 5314
f 5302 5314 5315
f 5294 5315 5316
f 5294 5316 5317
f 5294 5317 5318
f 5294 5319 5320
f 5294 5320 5321
f 5294 5322 5323
f 5294 5321 5324
f 5294 5324 5322
f 5294 5318 5319
f 5294 5323 5325
f 5294 5325 5297
f 5293 5301 5302
f 5302 5315 5294
f 5294 5298 5299
f 5289 5326 5290
f 5291 5327 5289
f 5292 5328 5291
f 5293 5329 5292
f 5289 5327 5326
f 5291 5328 5327
f 5293 5302 5330
f 5302 5294 5331
f 5294 5299 5332
f 5292 5329 5328
f 5293 5330 5329
f 5302 5331 5330
f 5327 5333 5326
f 5329 5333 5328
f 5327 5328 5333
f 5294 5332 5331
f 5332 5299 5334
f 5330 5333 5329
f 5330 5331 5333
f 5332 5333 5331
f 5332 5334 5333
f 5335 5336 5337
f 5253 5337 5281
f 5335 5337 5253
f 5335 5253 5338
f 5338 5253 5339
f 5339 5253 5340
f 5340 5253 5341
f 5341 5253 5342
f 5342 5253 5343
f 5299 5344 5345
f 5299 5345 5336
f 5299 5346 5344
f 5335 5299 5336
f 5299 5347 5348
f 5299 5349 5347
f 5299 5348 5350
f 5299 5350 5346
f 5299 5300 5351
f 5299 5351 5349
f 5335 5338 5352
f 5338 5339 5353
f 5335 5352 5299
f 5338 5353 5352
f 5339 5354 5353
f 5339 5340 5354
f 5340 5341 5355
f 5341 5342 5356
f 5342 5343 5357
f 5340 5355 5354
f 5341 5356 5355
f 5342 5357 5356
f 5357 5343 5358
f 5299 5352 5334
f 5352 5353 5359
f 5353 5354 5360
f 5354 5355 5361
f 5352 5359 5334
f 5353 5360 5359
f 5334 5359 5333
f 5359 5360 5333
f 5360 5361 5333
f 5361 5362 5333
f 5354 5361 5360
f 5355 5362 5361
f 5362 5363 5333
f 5363 5364 5333
f 5364 5365 5333
f 5355 5356 5362
f 5363 5356 5357
f 5357 5358 5364
f 5362 5356 5363
f 5363 5357 5364
f 5364 5358 5365
f 5252 5366 5253
f 5366 5367 5253
f 5367 5368 5253
f 5368 5369 5253
f 5369 5370 5253
f 5370 5371 5253
f 5371 5372 5253
f 5253 5372 5373
f 5371 5374 5372
f 5252 5375 5366
f 5366 5376 5367
f 5367 5377 5368
f 5368 5378 5369
f 5252 5290 5375
f 5366 5375 5376
f 5367 5376 5377
f 5368 5377 5378
f 5369 5379 5370
f 5370 5380 5371
f 5371 5381 5374
f 5381 5382 5374
f 5381 5383 5382
f 5381 5384 5383
f 5381 5385 5384
f 5381 5386 5385
f 5381 5387 5386
f 5381 5388 5387
f 5381 5389 5388
f 5381 5390 5389
f 5369 5378 5379
f 5370 5379 5380
f 5371 5380 5381
f 5290 5391 5375
f 5375 5392 5376
f 5376 5393 5377
f 5290 5326 5391
f 5375 5391 5392
f 5376 5392 5393
f 5394 5378 5377
f 5395 5379 5378
f 5379 5396 5380
f 5380 5397 5381
f 5393 5394 5377
f 5394 5395 5378
f 5326 5333 5391
f 5391 5333 5392
f 5392 5333 5393
f 5395 5396 5379
f 5380 5396 5397
f 5393 5333 5394
f 5394 5333 5395
f 5395 5333 5396
f 5396 5333 5397
f 5253 5373 5398
f 5253 5398 5399
f 5400 5401 5402
f 5398 5373 5403
f 5398 5403 5402
f 5398 5402 5404
f 5404 5402 5401
f 5398 5404 5405
f 5398 5405 5406
f 5398 5406 5407
f 5398 5407 5408
f 5398 5408 5409
f 5398 5409 5410
f 5398 5410 5411
f 5398 5411 5412
f 5398 5412 5413
f 5398 5413 5414
f 5253 5399 5415
f 5253 5416 5417
f 5253 5415 5416
f 5398 5414 5399
f 5399 5414 5418
f 5399 5418 5419
f 5399 5420 5421
f 5399 5421 5422
f 5399 5419 5423
f 5399 5423 5420
f 5399 5422 5424
f 5399 5424 5425
f 5399 5426 5415
f 5399 5425 5427
f 5399 5427 5426
f 5415 5426 5428
f 5415 5428 5429
f 5415 5429 5430
f 5415 5430 5431
f 5253 5417 5432
f 5253 5432 5343
f 5381 5433 5390
f 5434 5435 5433
f 5434 5436 5435
f 5434 5437 5436
f 5415 5431 5438
f 5434 5439 5437
f 5434 5440 5439
f 5434 5441 5440
f 5434 5442 5441
f 5434 5443 5442
f 5434 5444 5443
f 5434 5445 5444
f 5434 5446 5445
f 5434 5447 5446
f 5434 5448 5447
f 5434 5449 5448
f 5450 5451 5449
f 5450 5452 5451
f 5450 5453 5452
f 5450 5454 5453
f 5450 5455 5454
f 5450 5456 5455
f 5450 5457 5456
f 5450 5458 5457
f 5450 5459 5458
f 5450 5460 5459
f 5450 5461 5462
f 5450 5463 5461
f 5450 5462 5460
f 5438 5431 5463
f 5416 5415 5464
f 5417 5416 5465
f 5343 5432 5358
f 5432 5417 5466
f 5415 5438 5464
f 5416 5464 5465
f 5417 5465 5466
f 5432 5466 5358
f 5381 5434 5433
f 5434 5450 5449
f 5450 5438 5463
f 5381 5467 5434
f 5468 5450 5434
f 5469 5438 5450
f 5381 5397 5467
f 5468 5434 5467
f 5333 5467 5397
f 5333 5468 5467
f 5333 5469 5468
f 5333 5470 5469
f 5468 5469 5450
f 5470 5438 5469
f 5471 5464 5470
f 5333 5472 5471
f 5333 5471 5470
f 5333 5365 5472
f 5470 5464 5438
f 5471 5465 5464
f 5466 5465 5472
f 5358 5466 5365
f 5471 5472 5465
f 5466 5472 5365
f 5473 5474 5475
f 5473 5476 5474
f 5474 5476 5477
f 5476 5478 5477
f 5479 5480 5481
f 5482 5480 5479
f 5482 5483 5480
f 5482 5484 5485
f 5479 5486 5484
f 5473 5485 5476
f 5476 5484 5478
f 5476 5485 5484
f 5473 5487 5485
f 5478 5484 5486
f 5478 5486 5488
f 5485 5487 5489
f 5482 5485 5489
f 5482 5479 5484
f 5482 5489 5483
f 5489 5490 5483
f 5475 5491 5492
f 5473 5475 5492
f 5491 5372 5374
f 5475 5474 5373
f 5474 5477 5373
f 5477 5478 5493
f 5475 5373 5491
f 5493 5488 5494
f 5477 5493 5373
f 5493 5494 5373
f 5494 5495 5373
f 5494 5496 5495
f 5491 5497 5492
f 5493 5478 5488
f 5488 5496 5494
f 5491 5373 5372
f 5491 5374 5497
f 5497 5374 5382
f 5497 5382 5383
f 5498 5383 5384
f 5497 5383 5498
f 5498 5384 5385
f 5499 5385 5386
f 5498 5385 5499
f 5499 5386 5387
f 5500 5387 5388
f 5473 5492 5487
f 5492 5497 5501
f 5487 5492 5501
f 5487 5501 5502
f 5497 5503 5501
f 5497 5498 5503
f 5487 5502 5489
f 5489 5502 5490
f 5480 5504 5481
f 5480 5505 5504
f 5480 5483 5505
f 5479 5481 5506
f 5506 5481 5507
f 5488 5486 5508
f 5506 5508 5486
f 5508 5509 5510
f 5479 5506 5486
f 5506 5507 5509
f 5509 5507 5511
f 5506 5509 5508
f 5509 5512 5510
f 5509 5511 5512
f 5512 5511 5513
f 5495 5496 5514
f 5495 5403 5373
f 5495 5514 5403
f 5514 5402 5403
f 5514 5400 5402
f 5514 5515 5400
f 5515 5401 5400
f 5515 5404 5401
f 5515 5516 5404
f 5516 5405 5404
f 5516 5406 5405
f 5516 5517 5406
f 5500 5388 5389
f 5499 5387 5500
f 5518 5389 5390
f 5518 5390 5433
f 5500 5389 5518
f 5518 5433 5435
f 5518 5435 5436
f 5519 5436 5437
f 5519 5437 5439
f 5518 5436 5519
f 5520 5439 5440
f 5520 5440 5441
f 5519 5439 5520
f 5517 5407 5406
f 5517 5408 5407
f 5521 5409 5408
f 5517 5521 5408
f 5521 5410 5409
f 5522 5411 5410
f 5521 5522 5410
f 5522 5412 5411
f 5522 5413 5412
f 5523 5441 5442
f 5523 5442 5443
f 5520 5441 5523
f 5522 5524 5413
f 5524 5418 5414
f 5525 5419 5418
f 5525 5423 5419
f 5526 5420 5423
f 5526 5421 5420
f 5527 5422 5421
f 5524 5414 5413
f 5524 5525 5418
f 5525 5526 5423
f 5527 5424 5422
f 5526 5527 5421
f 5488 5508 5496
f 5508 5510 5496
f 5496 5510 5514
f 5514 5510 5528
f 5514 5528 5515
f 5501 5503 5529
f 5512 5528 5510
f 5515 5528 5530
f 5515 5530 5516
f 5516 5531 5517
f 5516 5530 5531
f 5528 5532 5530
f 5530 5533 5531
f 5490 5502 5534
f 5501 5529 5502
f 5502 5529 5534
f 5512 5532 5528
f 5512 5513 5532
f 5532 5533 5530
f 5498 5499 5535
f 5498 5535 5503
f 5499 5500 5536
f 5499 5536 5535
f 5503 5535 5537
f 5500 5518 5538
f 5500 5538 5536
f 5535 5536 5539
f 5517 5540 5521
f 5517 5531 5540
f 5518 5519 5541
f 5518 5541 5538
f 5536 5538 5542
f 5503 5537 5529
f 5535 5539 5537
f 5529 5537 5543
f 5529 5543 5534
f 5536 5542 5539
f 5537 5539 5544
f 5537 5544 5543
f 5513 5545 5532
f 5531 5533 5546
f 5532 5545 5533
f 5533 5545 5547
f 5533 5547 5546
f 5521 5548 5522
f 5521 5540 5548
f 5531 5546 5540
f 5540 5549 5548
f 5522 5550 5524
f 5522 5548 5550
f 5524 5551 5525
f 5525 5552 5526
f 5524 5550 5551
f 5525 5551 5552
f 5548 5553 5550
f 5550 5554 5551
f 5540 5546 5549
f 5546 5547 5555
f 5546 5555 5549
f 5548 5549 5553
f 5550 5553 5554
f 5549 5556 5553
f 5549 5555 5556
f 5553 5556 5557
f 5504 5558 5481
f 5558 5507 5481
f 5558 5559 5507
f 5504 5560 5558
f 5561 5559 5558
f 5560 5561 5558
f 5504 5505 5562
f 5504 5562 5560
f 5559 5563 5564
f 5561 5563 5559
f 5483 5565 5505
f 5483 5490 5565
f 5507 5559 5511
f 5559 5564 5511
f 5511 5564 5513
f 5505 5565 5566
f 5505 5566 5562
f 5563 5567 5564
f 5564 5568 5513
f 5564 5567 5568
f 5567 5569 5568
f 5560 5570 5561
f 5561 5570 5571
f 5560 5572 5570
f 5570 5573 5571
f 5560 5562 5572
f 5570 5572 5574
f 5561 5571 5563
f 5563 5571 5575
f 5571 5576 5575
f 5563 5575 5567
f 5570 5574 5573
f 5571 5573 5576
f 5573 5577 5576
f 5573 5578 5577
f 5576 5577 5579
f 5573 5574 5578
f 5562 5580 5572
f 5562 5566 5580
f 5572 5580 5581
f 5572 5581 5574
f 5574 5582 5578
f 5575 5583 5584
f 5576 5583 5575
f 5576 5579 5583
f 5583 5579 5585
f 5583 5585 5586
f 5575 5584 5567
f 5567 5584 5569
f 5584 5586 5587
f 5569 5584 5587
f 5569 5587 5588
f 5587 5589 5590
f 5583 5586 5584
f 5574 5581 5582
f 5586 5585 5591
f 5586 5591 5589
f 5586 5589 5587
f 5490 5592 5565
f 5490 5534 5592
f 5565 5593 5566
f 5565 5592 5593
f 5534 5543 5594
f 5534 5594 5592
f 5543 5595 5594
f 5543 5544 5595
f 5592 5594 5596
f 5592 5596 5593
f 5513 5568 5545
f 5568 5597 5545
f 5545 5597 5547
f 5597 5598 5547
f 5568 5569 5597
f 5569 5588 5597
f 5597 5588 5598
f 5588 5599 5598
f 5547 5598 5555
f 5598 5600 5555
f 5594 5595 5601
f 5594 5601 5596
f 5566 5602 5580
f 5566 5593 5602
f 5580 5602 5603
f 5587 5590 5588
f 5580 5603 5581
f 5581 5604 5582
f 5581 5603 5604
f 5593 5605 5602
f 5593 5596 5605
f 5602 5605 5606
f 5596 5607 5605
f 5596 5601 5607
f 5605 5607 5608
f 5602 5606 5603
f 5603 5609 5604
f 5603 5606 5609
f 5605 5608 5606
f 5589 5591 5610
f 5555 5600 5556
f 5556 5600 5611
f 5598 5599 5600
f 5599 5612 5600
f 5600 5612 5611
f 5612 5613 5611
f 5588 5590 5599
f 5599 5590 5614
f 5590 5615 5614
f 5589 5615 5590
f 5589 5610 5615
f 5615 5610 5616
f 5615 5617 5614
f 5615 5616 5617
f 5617 5616 5618
f 5599 5614 5612
f 5614 5619 5612
f 5614 5617 5619
f 5612 5619 5613
f 5613 5619 5620
f 5606 5621 5609
f 5617 5622 5619
f 5617 5618 5622
f 5619 5622 5620
f 5622 5618 5623
f 5622 5624 5620
f 5622 5623 5624
f 5624 5623 5625
f 5626 5443 5444
f 5626 5444 5445
f 5523 5443 5626
f 5627 5445 5446
f 5627 5446 5447
f 5627 5447 5448
f 5626 5445 5627
f 5628 5449 5451
f 5629 5451 5452
f 5629 5452 5453
f 5630 5453 5454
f 5630 5454 5455
f 5631 5455 5456
f 5628 5448 5449
f 5627 5448 5628
f 5628 5451 5629
f 5629 5453 5630
f 5632 5425 5424
f 5632 5427 5425
f 5632 5426 5427
f 5631 5456 5457
f 5633 5457 5458
f 5633 5458 5459
f 5634 5459 5460
f 5635 5428 5426
f 5635 5429 5428
f 5636 5430 5429
f 5634 5460 5462
f 5634 5462 5461
f 5637 5461 5463
f 5636 5431 5430
f 5637 5463 5431
f 5527 5632 5424
f 5630 5455 5631
f 5631 5457 5633
f 5632 5635 5426
f 5635 5636 5429
f 5633 5459 5634
f 5519 5520 5638
f 5520 5523 5639
f 5519 5638 5541
f 5520 5639 5638
f 5538 5541 5640
f 5538 5640 5542
f 5539 5542 5641
f 5539 5641 5544
f 5523 5626 5642
f 5523 5642 5639
f 5626 5627 5643
f 5541 5638 5644
f 5627 5628 5645
f 5626 5643 5642
f 5638 5639 5646
f 5526 5647 5527
f 5526 5552 5647
f 5628 5629 5648
f 5627 5645 5643
f 5628 5648 5645
f 5629 5630 5649
f 5630 5631 5650
f 5629 5649 5648
f 5639 5642 5651
f 5541 5644 5640
f 5542 5640 5652
f 5542 5652 5641
f 5638 5646 5644
f 5639 5651 5646
f 5640 5644 5653
f 5640 5653 5652
f 5642 5643 5654
f 5642 5654 5651
f 5644 5646 5655
f 5644 5655 5653
f 5636 5637 5431
f 5634 5461 5637
f 5527 5656 5632
f 5632 5657 5635
f 5527 5647 5656
f 5551 5658 5552
f 5631 5633 5659
f 5630 5650 5649
f 5635 5660 5636
f 5632 5656 5657
f 5635 5657 5660
f 5633 5634 5661
f 5631 5659 5650
f 5552 5662 5647
f 5647 5663 5656
f 5636 5664 5637
f 5634 5637 5665
f 5636 5660 5664
f 5637 5664 5665
f 5656 5666 5657
f 5551 5554 5658
f 5553 5557 5554
f 5554 5557 5667
f 5552 5658 5662
f 5554 5667 5658
f 5647 5662 5663
f 5658 5668 5662
f 5658 5667 5668
f 5643 5645 5669
f 5645 5648 5670
f 5648 5649 5671
f 5633 5661 5659
f 5634 5665 5661
f 5657 5672 5660
f 5649 5650 5673
f 5650 5659 5674
f 5643 5669 5654
f 5646 5651 5675
f 5645 5670 5669
f 5646 5675 5655
f 5651 5654 5676
f 5651 5676 5675
f 5656 5663 5666
f 5662 5677 5663
f 5662 5668 5677
f 5648 5671 5670
f 5649 5673 5671
f 5654 5669 5678
f 5660 5679 5664
f 5659 5661 5680
f 5664 5681 5665
f 5661 5665 5682
f 5657 5666 5672
f 5650 5674 5673
f 5660 5672 5679
f 5659 5680 5674
f 5663 5683 5666
f 5663 5677 5683
f 5666 5684 5672
f 5664 5679 5681
f 5665 5681 5682
f 5666 5683 5684
f 5654 5678 5676
f 5669 5670 5685
f 5669 5685 5678
f 5670 5671 5686
f 5671 5673 5687
f 5670 5686 5685
f 5661 5682 5680
f 5672 5688 5679
f 5672 5684 5688
f 5673 5674 5689
f 5671 5687 5686
f 5673 5689 5687
f 5544 5690 5595
f 5544 5641 5690
f 5641 5691 5690
f 5641 5652 5691
f 5595 5690 5692
f 5595 5692 5601
f 5690 5691 5693
f 5690 5693 5692
f 5652 5653 5694
f 5652 5694 5691
f 5601 5695 5607
f 5601 5692 5695
f 5556 5611 5557
f 5557 5611 5696
f 5557 5696 5667
f 5667 5696 5697
f 5667 5697 5668
f 5611 5613 5696
f 5613 5698 5696
f 5653 5655 5699
f 5653 5699 5694
f 5655 5675 5700
f 5655 5700 5699
f 5691 5694 5701
f 5691 5701 5693
f 5694 5699 5702
f 5694 5702 5701
f 5696 5698 5697
f 5698 5703 5697
f 5668 5697 5704
f 5668 5704 5677
f 5704 5705 5677
f 5677 5705 5683
f 5697 5703 5704
f 5704 5703 5706
f 5704 5706 5705
f 5706 5707 5705
f 5692 5708 5695
f 5607 5695 5709
f 5607 5709 5608
f 5606 5608 5621
f 5608 5710 5621
f 5608 5709 5710
f 5692 5693 5708
f 5693 5711 5708
f 5695 5708 5712
f 5693 5701 5711
f 5701 5713 5711
f 5708 5711 5714
f 5695 5712 5709
f 5709 5712 5715
f 5709 5715 5710
f 5708 5714 5712
f 5613 5620 5698
f 5620 5716 5698
f 5620 5624 5716
f 5698 5716 5703
f 5703 5716 5717
f 5716 5718 5717
f 5624 5625 5718
f 5624 5718 5716
f 5625 5719 5718
f 5703 5717 5706
f 5712 5720 5715
f 5712 5714 5720
f 5675 5676 5721
f 5675 5721 5700
f 5699 5700 5722
f 5699 5722 5702
f 5676 5678 5723
f 5676 5723 5721
f 5678 5685 5724
f 5683 5725 5684
f 5683 5705 5725
f 5678 5724 5723
f 5700 5721 5726
f 5700 5726 5722
f 5721 5723 5727
f 5721 5727 5726
f 5685 5686 5728
f 5685 5728 5724
f 5723 5724 5729
f 5723 5729 5727
f 5701 5702 5713
f 5702 5722 5730
f 5702 5730 5713
f 5711 5713 5731
f 5722 5726 5732
f 5722 5732 5730
f 5713 5730 5733
f 5711 5731 5714
f 5713 5733 5731
f 5714 5731 5734
f 5714 5734 5720
f 5731 5733 5735
f 5731 5735 5734
f 5679 5736 5681
f 5674 5680 5737
f 5679 5688 5736
f 5681 5738 5682
f 5680 5682 5739
f 5681 5736 5738
f 5674 5737 5689
f 5680 5739 5737
f 5682 5738 5739
f 5718 5719 5740
f 5717 5740 5741
f 5717 5741 5706
f 5706 5741 5707
f 5741 5742 5743
f 5718 5740 5717
f 5740 5719 5744
f 5740 5744 5742
f 5740 5742 5741
f 5742 5744 5745
f 5742 5745 5746
f 5684 5725 5747
f 5684 5747 5688
f 5688 5748 5736
f 5688 5747 5748
f 5705 5707 5725
f 5707 5749 5725
f 5725 5749 5747
f 5747 5750 5748
f 5749 5750 5747
f 5686 5687 5751
f 5686 5751 5728
f 5687 5689 5752
f 5736 5748 5753
f 5736 5753 5738
f 5687 5752 5751
f 5689 5737 5754
f 5689 5754 5752
f 5724 5728 5755
f 5724 5755 5729
f 5728 5751 5756
f 5728 5756 5755
f 5738 5757 5739
f 5737 5739 5758
f 5738 5753 5757
f 5737 5758 5754
f 5739 5757 5758
f 5748 5759 5753
f 5750 5759 5748
f 5751 5752 5760
f 5753 5761 5757
f 5753 5759 5761
f 5757 5761 5762
f 5707 5741 5743
f 5707 5743 5749
f 5730 5732 5763
f 5749 5743 5764
f 5743 5746 5764
f 5749 5764 5750
f 5730 5763 5733
f 5733 5765 5735
f 5742 5746 5743
f 5726 5727 5766
f 5726 5766 5732
f 5727 5767 5766
f 5732 5766 5768
f 5727 5729 5767
f 5729 5755 5769
f 5729 5769 5767
f 5766 5767 5770
f 5732 5768 5763
f 5733 5763 5765
f 5763 5771 5765
f 5763 5768 5771
f 5766 5770 5768
f 5750 5764 5772
f 5764 5773 5772
f 5746 5745 5774
f 5746 5774 5773
f 5746 5773 5764
f 5773 5774 5775
f 5773 5775 5776
f 5750 5772 5759
f 5759 5772 5777
f 5755 5778 5769
f 5767 5769 5779
f 5772 5776 5777
f 5759 5777 5761
f 5761 5780 5762
f 5777 5780 5761
f 5767 5779 5770
f 5768 5770 5781
f 5768 5781 5771
f 5773 5776 5772
f 5777 5776 5782
f 5776 5775 5783
f 5770 5784 5781
f 5777 5782 5780
f 5776 5783 5782
f 5782 5785 5780
f 5782 5783 5786
f 5782 5786 5785
f 5785 5786 5787
f 5577 5788 5579
f 5577 5789 5788
f 5577 5578 5789
f 5579 5790 5585
f 5788 5790 5579
f 5585 5791 5591
f 5790 5791 5585
f 5788 5792 5790
f 5790 5792 5793
f 5792 5794 5793
f 5788 5795 5792
f 5788 5789 5795
f 5790 5793 5791
f 5793 5796 5791
f 5791 5796 5797
f 5793 5798 5796
f 5578 5582 5799
f 5578 5799 5789
f 5791 5797 5591
f 5792 5795 5800
f 5789 5801 5795
f 5789 5799 5801
f 5795 5801 5802
f 5792 5800 5794
f 5793 5794 5798
f 5794 5803 5798
f 5798 5803 5804
f 5803 5805 5804
f 5794 5800 5806
f 5795 5802 5800
f 5794 5806 5803
f 5582 5807 5799
f 5582 5604 5807
f 5799 5808 5801
f 5799 5807 5808
f 5604 5609 5809
f 5604 5809 5807
f 5591 5797 5610
f 5797 5810 5610
f 5796 5811 5797
f 5796 5812 5811
f 5797 5811 5810
f 5811 5813 5810
f 5811 5814 5813
f 5796 5798 5812
f 5798 5804 5812
f 5812 5814 5811
f 5812 5815 5814
f 5813 5814 5816
f 5814 5817 5816
f 5812 5804 5815
f 5804 5805 5818
f 5803 5806 5819
f 5803 5819 5805
f 5804 5818 5815
f 5800 5820 5806
f 5814 5815 5817
f 5815 5821 5817
f 5815 5818 5821
f 5816 5817 5822
f 5817 5821 5823
f 5817 5823 5822
f 5610 5810 5616
f 5810 5824 5616
f 5616 5824 5618
f 5801 5808 5825
f 5810 5813 5824
f 5813 5826 5824
f 5813 5816 5826
f 5609 5827 5809
f 5807 5828 5808
f 5807 5809 5828
f 5808 5828 5829
f 5809 5830 5828
f 5824 5831 5618
f 5824 5826 5831
f 5826 5832 5831
f 5826 5833 5832
f 5618 5831 5623
f 5831 5834 5623
f 5623 5834 5625
f 5834 5835 5625
f 5831 5832 5834
f 5832 5836 5834
f 5832 5837 5836
f 5834 5836 5835
f 5800 5802 5820
f 5801 5825 5802
f 5802 5825 5838
f 5806 5820 5839
f 5806 5839 5819
f 5802 5838 5820
f 5820 5840 5839
f 5820 5838 5840
f 5808 5829 5825
f 5825 5829 5841
f 5828 5842 5829
f 5825 5841 5838
f 5838 5843 5840
f 5838 5841 5843
f 5829 5844 5841
f 5816 5833 5826
f 5816 5822 5833
f 5832 5833 5837
f 5833 5845 5837
f 5822 5845 5833
f 5822 5823 5846
f 5822 5846 5845
f 5845 5846 5847
f 5845 5848 5837
f 5845 5847 5848
f 5848 5847 5849
f 5829 5842 5844
f 5837 5850 5836
f 5837 5848 5850
f 5841 5851 5843
f 5841 5844 5851
f 5848 5849 5852
f 5805 5853 5818
f 5818 5853 5854
f 5805 5819 5855
f 5805 5855 5853
f 5818 5854 5821
f 5821 5856 5823
f 5821 5854 5856
f 5853 5857 5854
f 5854 5857 5858
f 5853 5855 5859
f 5853 5859 5857
f 5854 5858 5856
f 5856 5858 5860
f 5857 5861 5858
f 5856 5862 5823
f 5856 5860 5862
f 5858 5863 5860
f 5858 5861 5863
f 5819 5839 5864
f 5819 5864 5855
f 5839 5840 5865
f 5839 5865 5864
f 5855 5866 5859
f 5857 5859 5867
f 5855 5864 5866
f 5823 5862 5846
f 5846 5868 5847
f 5862 5868 5846
f 5868 5869 5847
f 5847 5869 5849
f 5869 5870 5849
f 5862 5860 5871
f 5862 5871 5868
f 5860 5872 5871
f 5864 5865 5873
f 5864 5873 5866
f 5859 5866 5874
f 5868 5875 5869
f 5871 5875 5868
f 5871 5876 5875
f 5869 5877 5870
f 5869 5875 5877
f 5875 5878 5877
f 5840 5843 5879
f 5840 5879 5865
f 5843 5851 5880
f 5879 5843 5880
f 5865 5881 5873
f 5865 5879 5881
f 5866 5873 5882
f 5873 5881 5883
f 5879 5880 5884
f 5879 5884 5881
f 5884 5880 5885
f 5881 5884 5886
f 5884 5885 5887
f 5857 5867 5861
f 5860 5863 5872
f 5871 5872 5876
f 5861 5888 5863
f 5861 5867 5889
f 5861 5889 5888
f 5863 5890 5872
f 5863 5888 5890
f 5872 5890 5891
f 5859 5874 5867
f 5866 5882 5874
f 5867 5874 5892
f 5867 5892 5889
f 5875 5876 5878
f 5872 5891 5876
f 5876 5893 5878
f 5876 5891 5893
f 5878 5893 5894
f 5877 5878 5895
f 5874 5882 5896
f 5874 5896 5892
f 5878 5894 5895
f 5895 5894 5897
f 5888 5898 5890
f 5890 5898 5899
f 5888 5900 5898
f 5888 5889 5900
f 5898 5901 5899
f 5898 5900 5902
f 5898 5902 5901
f 5890 5899 5891
f 5891 5899 5903
f 5891 5903 5893
f 5903 5904 5893
f 5893 5904 5894
f 5899 5905 5903
f 5899 5901 5905
f 5903 5905 5906
f 5903 5906 5904
f 5905 5901 5907
f 5905 5908 5906
f 5905 5907 5908
f 5901 5909 5907
f 5904 5910 5911
f 5904 5906 5910
f 5906 5912 5910
f 5906 5908 5912
f 5889 5892 5913
f 5889 5913 5900
f 5892 5914 5913
f 5892 5896 5914
f 5904 5911 5894
f 5894 5911 5897
f 5900 5913 5915
f 5900 5915 5902
f 5901 5902 5909
f 5902 5915 5916
f 5913 5917 5915
f 5913 5914 5917
f 5911 5918 5919
f 5911 5910 5918
f 5902 5916 5909
f 5916 5915 5920
f 5910 5921 5918
f 5910 5912 5921
f 5918 5921 5922
f 5908 5907 5923
f 5907 5909 5923
f 5914 5924 5917
f 5915 5917 5920
f 5920 5917 5925
f 5917 5924 5925
f 5873 5883 5882
f 5881 5886 5883
f 5882 5883 5926
f 5882 5926 5896
f 5926 5883 5927
f 5927 5883 5886
f 5884 5887 5886
f 5896 5926 5928
f 5896 5928 5914
f 5926 5927 5929
f 5926 5929 5928
f 5914 5928 5924
f 5928 5930 5924
f 5928 5929 5930
f 5609 5621 5827
f 5621 5931 5827
f 5621 5710 5931
f 5809 5827 5830
f 5827 5932 5830
f 5828 5830 5842
f 5827 5931 5932
f 5625 5835 5719
f 5830 5932 5933
f 5710 5715 5934
f 5710 5934 5931
f 5715 5720 5935
f 5715 5935 5934
f 5931 5934 5936
f 5931 5936 5932
f 5932 5936 5937
f 5934 5935 5938
f 5934 5938 5936
f 5936 5938 5939
f 5830 5933 5842
f 5842 5933 5940
f 5932 5937 5933
f 5933 5937 5941
f 5842 5940 5844
f 5844 5942 5851
f 5844 5940 5942
f 5933 5941 5940
f 5940 5941 5943
f 5942 5940 5943
f 5936 5939 5937
f 5720 5734 5944
f 5720 5944 5935
f 5851 5942 5945
f 5851 5945 5880
f 5942 5946 5945
f 5880 5945 5885
f 5836 5947 5835
f 5836 5850 5947
f 5947 5850 5948
f 5850 5852 5948
f 5848 5852 5850
f 5849 5949 5852
f 5852 5950 5948
f 5852 5949 5950
f 5950 5949 5951
f 5950 5951 5952
f 5952 5951 5953
f 5877 5954 5870
f 5877 5895 5954
f 5954 5955 5956
f 5849 5870 5949
f 5957 5951 5949
f 5870 5957 5949
f 5957 5958 5951
f 5958 5953 5951
f 5958 5959 5953
f 5870 5954 5957
f 5957 5954 5956
f 5957 5956 5958
f 5956 5960 5961
f 5885 5962 5963
f 5956 5961 5958
f 5964 5965 5961
f 5958 5961 5959
f 5959 5961 5965
f 5966 5967 5965
f 5959 5965 5968
f 5965 5967 5968
f 5967 5969 5970
f 5967 5971 5969
f 5969 5972 5973
f 5973 5974 5975
f 5895 5955 5954
f 5956 5955 5960
f 5895 5897 5955
f 5897 5976 5955
f 5955 5976 5960
f 5960 5976 5977
f 5911 5919 5897
f 5897 5919 5976
f 5919 5978 5976
f 5976 5978 5977
f 5978 5979 5977
f 5979 5980 5977
f 5979 5981 5980
f 5919 5982 5978
f 5918 5982 5919
f 5982 5983 5978
f 5918 5922 5982
f 5908 5923 5912
f 5982 5984 5983
f 5909 5916 5923
f 5922 5984 5982
f 5912 5923 5921
f 5921 5923 5922
f 5984 5985 5983
f 5922 5923 5984
f 5985 5986 5987
f 5984 5923 5985
f 5978 5983 5979
f 5916 5920 5923
f 5920 5925 5923
f 5924 5988 5925
f 5988 5930 5989
f 5985 5987 5983
f 5925 5988 5923
f 5985 5923 5986
f 5988 5989 5923
f 5989 5990 5923
f 5979 5983 5987
f 5979 5987 5981
f 5981 5991 5992
f 5981 5987 5991
f 5986 5991 5987
f 5986 5993 5991
f 5986 5923 5993
f 5993 5923 5994
f 5994 5923 5995
f 5990 5996 5923
f 5923 5996 5997
f 5923 5997 5998
f 5993 5994 5999
f 5923 6000 5995
f 5993 5999 5991
f 5923 5998 6001
f 5994 5995 6002
f 5923 6003 6000
f 5923 6004 6003
f 5923 6001 6005
f 5991 5999 5992
f 5994 6002 5999
f 5995 6006 6002
f 5923 6007 6004
f 5995 6000 6006
f 5923 6008 6007
f 5923 6009 6008
f 5923 6010 6011
f 5923 6011 6012
f 5923 6013 6009
f 6000 6003 6014
f 5923 6012 6015
f 5923 6016 6013
f 5923 6015 6016
f 5927 5886 6017
f 5960 5977 5964
f 5964 5977 5980
f 5885 5963 5887
f 5962 6018 5963
f 5886 5887 6017
f 5887 5963 6019
f 5887 6019 6017
f 6019 5963 6020
f 6020 5963 6018
f 5960 5964 5961
f 5964 5966 5965
f 5966 5971 5967
f 5964 5980 5966
f 5966 5980 6021
f 6021 6022 5971
f 5966 6021 5971
f 6022 6023 5972
f 6020 6018 6024
f 6024 6018 6025
f 6024 6025 6026
f 6026 6025 6027
f 6026 6027 6028
f 5927 6017 6029
f 5927 6029 5929
f 6017 6030 6029
f 6017 6019 6030
f 6030 6019 6031
f 5929 6029 6032
f 5929 6032 5930
f 5924 5930 5988
f 5989 5930 6032
f 5989 6032 5990
f 5990 6033 5996
f 5990 6032 6033
f 6029 6030 6033
f 6032 6029 6033
f 5996 6033 6034
f 5996 6034 5997
f 5923 6005 6035
f 5997 6036 5998
f 5998 6037 6001
f 6030 6034 6033
f 6030 6031 6034
f 6031 6038 6036
f 6031 6036 6034
f 5997 6034 6036
f 6019 6020 6031
f 6031 6020 6038
f 5980 5981 6021
f 5981 5992 6021
f 6021 5992 6022
f 5992 6039 6022
f 6039 6023 6022
f 6039 6040 6023
f 6023 6040 6041
f 6040 6042 6041
f 5999 6039 5992
f 5999 6002 6039
f 5923 6035 6010
f 6001 6043 6005
f 6000 6014 6006
f 6003 6004 6044
f 6005 6045 6035
f 6035 6046 6010
f 6036 6038 6037
f 6037 6047 6043
f 5998 6036 6037
f 6001 6037 6043
f 6005 6043 6045
f 6039 6002 6040
f 6040 6002 6006
f 6040 6006 6042
f 6006 6014 6042
f 6003 6044 6014
f 6004 6007 6048
f 6010 6049 6011
f 6004 6048 6044
f 6007 6008 6050
f 6008 6009 6051
f 6011 6052 6012
f 6012 6053 6015
f 6035 6045 6046
f 6010 6046 6049
f 6011 6049 6052
f 6020 6024 6038
f 6038 6024 6047
f 6024 6026 6047
f 6026 6054 6047
f 6026 6028 6054
f 6055 6028 6056
f 6054 6028 6055
f 6038 6047 6037
f 6043 6047 6054
f 6043 6054 6045
f 6045 6054 6055
f 6045 6055 6046
f 6022 5972 5971
f 6023 5974 5972
f 6023 6041 5974
f 6057 6041 6058
f 5969 5971 5972
f 5973 5972 5974
f 6028 6059 6056
f 6056 6060 6061
f 5974 6041 6057
f 6062 6058 6063
f 6061 6064 6065
f 5975 5974 6057
f 6057 6062 6066
f 6057 6058 6062
f 6063 6067 6068
f 6065 6069 6070
f 6070 6071 6072
f 6062 6063 6068
f 6067 6073 6068
f 6067 6074 6073
f 6074 6075 6076
f 6072 6071 6077
f 6072 6077 6078
f 6042 6058 6041
f 6042 6079 6058
f 6058 6079 6063
f 6079 6080 6063
f 6080 6067 6063
f 6080 6081 6067
f 6014 6079 6042
f 6014 6044 6079
f 6009 6013 6082
f 6016 6015 6083
f 6013 6016 6084
f 6007 6050 6048
f 6008 6051 6050
f 6009 6082 6051
f 6044 6080 6079
f 6044 6048 6080
f 6012 6052 6053
f 6015 6053 6083
f 6013 6084 6082
f 6016 6083 6084
f 6048 6081 6080
f 6048 6050 6081
f 6052 6085 6053
f 6050 6086 6081
f 6050 6051 6086
f 6053 6087 6083
f 6088 6056 6061
f 6055 6056 6088
f 6088 6061 6089
f 6061 6065 6089
f 6089 6065 6085
f 6085 6070 6087
f 6085 6065 6070
f 6046 6055 6088
f 6046 6088 6049
f 6049 6088 6089
f 6049 6089 6052
f 6052 6089 6085
f 6053 6085 6087
f 6081 6074 6067
f 6081 6086 6074
f 6086 6075 6074
f 6086 6090 6075
f 6090 6091 6075
f 6090 6092 6091
f 6051 6090 6086
f 6051 6082 6090
f 6082 6084 6092
f 6083 6087 6093
f 6083 6093 6084
f 6082 6092 6090
f 6093 6092 6084
f 6093 6087 6072
f 6070 6072 6087
f 6093 6072 6078
f 6091 6092 6078
f 6093 6078 6092
f 6091 6078 6094
f 6075 6091 6095
f 6074 6076 6073
f 6078 6077 6094
f 6075 6095 6076
f 6091 6094 6095
f 5719 6096 5744
f 5835 6096 5719
f 5835 5947 6096
f 5947 6097 6096
f 5947 5948 6097
f 6096 6097 6098
f 6097 6099 6098
f 6097 6100 6099
f 5744 6098 5745
f 6096 6098 5744
f 6098 6101 5745
f 5935 6102 5938
f 5938 6102 6103
f 5745 6101 5774
f 6098 6099 6101
f 6099 6104 6101
f 6099 6105 6104
f 6101 6104 6106
f 6104 6107 6106
f 6108 6107 6104
f 5948 6100 6097
f 5948 5950 6100
f 6099 6100 6105
f 5952 6105 6100
f 5941 6109 5943
f 5950 5952 6100
f 5952 5953 6110
f 5937 5939 6111
f 5938 6103 5939
f 5939 6103 6112
f 5937 6111 5941
f 6111 5939 6112
f 5941 6111 6109
f 6111 6113 6109
f 6111 6112 6113
f 6112 6114 6113
f 6103 6115 6112
f 6112 6115 6114
f 6105 6110 6108
f 5953 6116 6110
f 5952 6110 6105
f 6110 6117 6108
f 6116 6117 6110
f 6116 6118 6117
f 6117 6118 6119
f 6119 6118 6120
f 6105 6108 6104
f 6108 6117 6121
f 6108 6121 6107
f 6115 6122 6114
f 6115 6123 6122
f 6117 6119 6121
f 6123 6124 6122
f 5734 6125 5944
f 5734 5735 6125
f 5735 6126 6125
f 5935 5944 6102
f 5944 6127 6102
f 5944 6125 6127
f 6102 6127 6128
f 6125 6126 6129
f 6125 6129 6127
f 5735 5765 6126
f 6101 6106 5774
f 5774 6106 5775
f 5775 6130 5783
f 6106 6130 5775
f 6131 6127 6129
f 6129 6132 6133
f 6106 6107 6130
f 6107 6134 6130
f 6107 6121 6134
f 5765 5771 6135
f 6126 5765 6135
f 5771 5781 6136
f 5771 6136 6135
f 5781 5784 6137
f 5781 6137 6136
f 6126 6132 6129
f 6126 6135 6132
f 6135 6138 6132
f 6132 6138 6139
f 6135 6136 6138
f 6102 6128 6103
f 6128 6127 6131
f 6103 6128 6115
f 6128 6131 6123
f 6131 6129 6133
f 6131 6133 6140
f 6141 6133 6139
f 6128 6123 6115
f 6131 6140 6123
f 6123 6140 6124
f 6140 6142 6124
f 6140 6141 6142
f 6140 6133 6141
f 6132 6139 6133
f 6119 6143 6121
f 6119 6120 6144
f 6144 6120 6145
f 6119 6144 6143
f 6144 6145 6146
f 6146 6145 6147
f 6146 6147 6148
f 6148 6147 6149
f 6150 6149 6151
f 6130 6152 5783
f 6134 6143 6153
f 6134 6152 6130
f 6134 6153 6152
f 6154 6155 6153
f 6152 5786 5783
f 6152 6156 5786
f 5786 6156 5787
f 6156 6157 5787
f 6138 6158 6159
f 6138 6136 6158
f 6136 6137 6158
f 6137 6160 6158
f 6152 6153 6156
f 6153 6155 6156
f 6137 6161 6160
f 6156 6155 6157
f 6162 6158 6160
f 6155 6163 6164
f 6155 6164 6157
f 6164 6165 6157
f 6166 6160 6167
f 6164 6168 6169
f 6170 6167 6171
f 6164 6169 6165
f 6172 6173 6169
f 6174 6171 6173
f 6121 6143 6134
f 6143 6154 6153
f 6144 6154 6143
f 6139 6159 6175
f 6146 6163 6154
f 6154 6163 6155
f 6144 6146 6154
f 6141 6176 6142
f 6141 6175 6176
f 6141 6139 6175
f 6146 6148 6163
f 6176 6175 6177
f 6177 6178 6179
f 6175 6159 6178
f 6177 6175 6178
f 6138 6159 6139
f 6159 6158 6162
f 6178 6159 6162
f 6162 6160 6166
f 6178 6162 6180
f 6148 6168 6163
f 6150 6172 6168
f 6148 6149 6150
f 6179 6180 6181
f 6151 6182 6183
f 6150 6151 6183
f 6148 6150 6168
f 6179 6178 6180
f 6181 6180 6184
f 6181 6184 6185
f 6182 6185 6186
f 6150 6183 6172
f 6182 6186 6183
f 6185 6184 6186
f 6164 6163 6168
f 6162 6166 6180
f 6184 6166 6170
f 6166 6167 6170
f 6168 6172 6169
f 6183 6174 6172
f 6186 6170 6174
f 6170 6171 6174
f 6172 6174 6173
f 6180 6166 6184
f 6184 6170 6186
f 6183 6186 6174
f 5942 5943 5946
f 5943 6109 6187
f 5946 5943 6187
f 6187 6109 6188
f 5945 5962 5885
f 5945 5946 5962
f 5962 5946 6189
f 5962 6189 6018
f 6189 5946 6187
f 6189 6190 6025
f 6027 6190 6191
f 6187 6188 6190
f 6189 6187 6190
f 6190 6188 6191
f 6188 6192 6191
f 6109 6113 6188
f 6113 6114 6192
f 6188 6113 6192
f 5959 6116 5953
f 5968 6118 6116
f 5959 5968 6116
f 5968 5970 6118
f 5970 6120 6118
f 6193 6145 6120
f 5970 6193 6120
f 5967 5970 5968
f 6191 6192 6194
f 6194 6195 6196
f 6059 6191 6194
f 6060 6194 6196
f 5970 5969 6193
f 5969 5973 6193
f 5973 6197 6193
f 5973 5975 6197
f 5975 6057 6066
f 6064 6196 6198
f 6069 6198 6199
f 6195 6114 6122
f 6192 6114 6195
f 6195 6122 6200
f 6200 6122 6124
f 6201 6124 6142
f 6200 6124 6201
f 6194 6192 6195
f 6196 6195 6200
f 6196 6200 6198
f 6198 6200 6201
f 6198 6201 6199
f 6189 6025 6018
f 6025 6190 6027
f 6028 6027 6059
f 6027 6191 6059
f 6059 6194 6060
f 6056 6059 6060
f 6061 6060 6064
f 6060 6196 6064
f 6064 6198 6069
f 6069 6199 6071
f 6065 6064 6069
f 6070 6069 6071
f 6193 6197 6145
f 5975 6066 6202
f 6062 6203 6066
f 6068 6204 6203
f 5975 6202 6197
f 6066 6203 6205
f 6066 6205 6202
f 6071 6199 6206
f 6077 6206 6207
f 6073 6208 6204
f 6076 6209 6208
f 6203 6210 6205
f 6203 6204 6210
f 6204 6208 6211
f 6094 6207 6212
f 6095 6212 6209
f 6197 6147 6145
f 6197 6202 6147
f 6213 6142 6176
f 6201 6142 6213
f 6213 6176 6214
f 6202 6149 6147
f 6202 6205 6149
f 6205 6210 6151
f 6214 6176 6177
f 6205 6151 6149
f 6215 6177 6179
f 6214 6177 6215
f 6201 6213 6199
f 6199 6213 6206
f 6206 6213 6214
f 6206 6214 6207
f 6207 6214 6215
f 6207 6215 6212
f 6212 6215 6216
f 6208 6209 6217
f 6210 6182 6151
f 6216 6179 6181
f 6215 6179 6216
f 6210 6211 6182
f 6216 6181 6217
f 6211 6185 6182
f 6217 6181 6185
f 6211 6217 6185
f 6204 6211 6210
f 6212 6216 6209
f 6208 6217 6211
f 6209 6216 6217
f 6062 6068 6203
f 6071 6206 6077
f 6068 6073 6204
f 6094 6077 6207
f 6073 6076 6208
f 6076 6095 6209
f 6094 6212 6095
f 5752 5754 6218
f 5751 5760 5756
f 5752 6218 5760
f 5757 5762 5758
f 5754 5758 6219
f 5754 6219 6218
f 5758 5762 6219
f 5755 5756 5778
f 5756 5760 6220
f 5756 6220 5778
f 5760 6218 6221
f 5760 6221 6220
f 5769 5778 6222
f 5778 6220 6223
f 5769 6222 5779
f 5778 6223 6222
f 5770 5779 5784
f 5779 6222 6224
f 5779 6224 5784
f 5762 5780 6225
f 5762 6225 6219
f 6218 6219 6226
f 5780 5785 6225
f 6218 6226 6221
f 6220 6221 6227
f 6219 6225 6226
f 6225 6228 6226
f 6221 6226 6229
f 6222 6223 6230
f 6222 6230 6224
f 6220 6227 6223
f 5785 6228 6225
f 5785 5787 6228
f 6221 6229 6227
f 6226 6228 6229
f 6223 6227 6231
f 6223 6231 6230
f 6228 5787 6232
f 6228 6232 6229
f 6227 6229 6233
f 6227 6233 6231
f 6229 6232 6233
f 5784 6224 6161
f 5784 6161 6137
f 6224 6230 6234
f 6161 6224 6234
f 6161 6234 6167
f 6161 6167 6160
f 5787 6157 6232
f 6230 6235 6234
f 6157 6165 6232
f 6230 6231 6235
f 6235 6231 6236
f 6232 6165 6233
f 6165 6236 6233
f 6231 6233 6236
f 6167 6234 6171
f 6171 6234 6235
f 6169 6236 6165
f 6171 6235 6173
f 6169 6173 6236
f 6173 6235 6236
f 6237 6238 6239
f 6237 6240 6241
f 6237 6241 6238
f 6239 6238 6242
f 6240 6243 6244
f 6239 6242 6245
f 6246 6247 6248
f 6249 6250 6246
f 6249 6246 6248
f 6251 6248 6247
f 6251 6247 6252
f 6249 6253 6250
f 6250 6253 6254
f 6246 6238 6247
f 6238 6241 6247
f 6241 6252 6247
f 6241 6244 6252
f 6252 6244 6255
f 6244 6256 6255
f 6246 6250 6242
f 6246 6242 6238
f 6250 6257 6242
f 6250 6254 6257
f 6254 6258 6257
f 6259 6249 6248
f 6260 6253 6249
f 6251 6252 6261
f 6261 6252 6255
f 6254 6253 6262
f 6261 6255 6263
f 6263 6255 6264
f 6262 6265 6266
f 6251 6267 6248
f 6260 6249 6259
f 6259 6248 6267
f 6260 6268 6253
f 6251 6261 6269
f 6261 6263 6270
f 6271 6272 6273
f 6274 6273 6272
f 6268 6262 6253
f 6275 6265 6262
f 6271 6263 6264
f 6271 6264 6272
f 6256 6264 6255
f 6256 6276 6264
f 6264 6276 6272
f 6276 6277 6272
f 6274 6272 6277
f 6274 6277 6278
f 6254 6262 6266
f 6265 6279 6266
f 6265 6280 6279
f 6280 6281 6279
f 6280 6282 6281
f 6281 6282 6283
f 6254 6266 6258
f 6266 6284 6258
f 6266 6279 6284
f 6279 6285 6284
f 6279 6281 6285
f 6281 6283 6286
f 6281 6286 6285
f 6240 6244 6241
f 6243 6256 6244
f 6243 6287 6256
f 6287 6288 6276
f 6245 6242 6257
f 6245 6257 6289
f 6287 6276 6256
f 6277 6288 6290
f 6257 6258 6289
f 6258 6284 6291
f 6292 6290 6288
f 6290 6293 6294
f 6277 6290 6278
f 6295 6278 6294
f 6295 6294 6296
f 6297 6296 6298
f 6276 6288 6277
f 6278 6290 6294
f 6284 6285 6299
f 6285 6286 6300
f 6286 6301 6302
f 6296 6294 6303
f 6298 6296 6304
f 6260 6259 6305
f 6260 6305 6268
f 6259 6267 6305
f 6268 6305 6275
f 6306 6273 6307
f 6267 6269 6305
f 6269 6270 6305
f 6275 6305 6308
f 6308 6305 6309
f 6270 6310 6305
f 6311 6312 6307
f 6311 6313 6312
f 6314 6315 6313
f 6314 6316 6317
f 6312 6305 6307
f 6314 6318 6315
f 6310 6306 6305
f 6306 6307 6305
f 6313 6315 6312
f 6319 6305 6320
f 6305 6321 6320
f 6314 6317 6318
f 6312 6315 6305
f 6318 6305 6315
f 6322 6305 6318
f 6322 6318 6317
f 6322 6317 6323
f 6305 6324 6321
f 6305 6325 6324
f 6305 6326 6325
f 6323 6317 6327
f 6316 6327 6317
f 6323 6328 6329
f 6323 6327 6328
f 6330 6331 6305
f 6322 6323 6330
f 6332 6305 6331
f 6330 6329 6331
f 6305 6333 6334
f 6332 6335 6336
f 6332 6337 6305
f 6305 6337 6333
f 6332 6331 6335
f 6305 6338 6339
f 6331 6329 6335
f 6335 6329 6340
f 6335 6341 6336
f 6335 6340 6341
f 6322 6330 6305
f 6305 6342 6343
f 6330 6323 6329
f 6305 6344 6326
f 6305 6343 6344
f 6305 6345 6342
f 6305 6339 6345
f 6344 6343 6346
f 6342 6347 6343
f 6329 6328 6340
f 6328 6327 6348
f 6328 6348 6349
f 6328 6349 6340
f 6341 6340 6350
f 6341 6351 6352
f 6341 6350 6351
f 6349 6350 6340
f 6349 6353 6350
f 6350 6353 6354
f 6351 6354 6355
f 6351 6350 6354
f 6353 6356 6354
f 6354 6357 6355
f 6251 6269 6267
f 6261 6270 6269
f 6271 6310 6263
f 6268 6275 6262
f 6275 6308 6265
f 6263 6310 6270
f 6271 6273 6306
f 6308 6309 6280
f 6274 6311 6273
f 6274 6358 6311
f 6311 6358 6313
f 6313 6358 6359
f 6308 6280 6265
f 6309 6282 6280
f 6360 6361 6282
f 6271 6306 6310
f 6311 6307 6273
f 6309 6360 6282
f 6319 6361 6360
f 6309 6305 6360
f 6319 6320 6362
f 6314 6313 6359
f 6314 6359 6316
f 6319 6362 6361
f 6320 6363 6362
f 6321 6364 6363
f 6362 6363 6365
f 6363 6364 6366
f 6358 6278 6295
f 6358 6295 6359
f 6295 6297 6359
f 6274 6278 6358
f 6297 6316 6359
f 6297 6367 6316
f 6316 6367 6327
f 6367 6348 6327
f 6282 6361 6283
f 6361 6368 6283
f 6361 6362 6368
f 6362 6365 6368
f 6363 6366 6365
f 6283 6368 6301
f 6286 6283 6301
f 6368 6365 6369
f 6368 6369 6301
f 6365 6370 6369
f 6366 6370 6365
f 6366 6371 6370
f 6319 6360 6305
f 6320 6321 6363
f 6321 6324 6364
f 6324 6325 6372
f 6325 6373 6372
f 6324 6372 6364
f 6372 6374 6364
f 6366 6364 6374
f 6372 6373 6375
f 6372 6375 6374
f 6326 6373 6325
f 6326 6344 6376
f 6326 6376 6373
f 6344 6346 6376
f 6343 6347 6346
f 6346 6377 6376
f 6376 6377 6378
f 6376 6378 6373
f 6373 6378 6375
f 6375 6379 6374
f 6375 6378 6380
f 6375 6380 6379
f 6377 6381 6378
f 6378 6381 6380
f 6366 6374 6371
f 6374 6379 6371
f 6297 6298 6367
f 6295 6296 6297
f 6367 6298 6382
f 6367 6382 6348
f 6348 6382 6383
f 6382 6298 6384
f 6382 6385 6383
f 6383 6386 6353
f 6301 6369 6387
f 6369 6388 6387
f 6370 6371 6389
f 6369 6370 6388
f 6370 6389 6388
f 6348 6383 6349
f 6349 6383 6353
f 6380 6381 6390
f 6379 6391 6371
f 6371 6391 6389
f 6379 6380 6392
f 6379 6392 6391
f 6380 6390 6392
f 6389 6391 6393
f 6392 6394 6391
f 6294 6293 6303
f 6296 6303 6304
f 6298 6304 6384
f 6384 6304 6395
f 6384 6396 6385
f 6396 6397 6385
f 6357 6398 6355
f 6354 6356 6357
f 6357 6399 6398
f 6383 6385 6386
f 6356 6386 6400
f 6382 6384 6385
f 6385 6397 6386
f 6386 6397 6400
f 6353 6386 6356
f 6357 6356 6401
f 6356 6400 6401
f 6357 6401 6399
f 6391 6394 6393
f 6401 6400 6402
f 6400 6397 6403
f 6400 6403 6402
f 6399 6401 6404
f 6401 6402 6404
f 6399 6404 6405
f 6402 6403 6406
f 6402 6406 6407
f 6404 6408 6405
f 6408 6409 6410
f 6402 6407 6404
f 6404 6407 6408
f 6408 6407 6411
f 6408 6411 6409
f 6409 6411 6412
f 6409 6412 6413
f 6412 6414 6413
f 6237 6415 6240
f 6240 6416 6243
f 6237 6239 6417
f 6243 6418 6287
f 6239 6245 6419
f 6287 6420 6288
f 6245 6289 6421
f 6415 6422 6416
f 6423 6416 6422
f 6415 6424 6422
f 6415 6417 6424
f 6423 6425 6418
f 6423 6422 6426
f 6423 6426 6427
f 6422 6428 6426
f 6423 6427 6425
f 6422 6424 6428
f 6424 6429 6430
f 6425 6427 6431
f 6424 6430 6428
f 6240 6415 6416
f 6243 6416 6418
f 6237 6417 6415
f 6239 6419 6417
f 6423 6418 6416
f 6418 6425 6420
f 6420 6425 6432
f 6287 6418 6420
f 6292 6288 6420
f 6292 6433 6293
f 6245 6421 6419
f 6289 6434 6421
f 6292 6420 6432
f 6292 6432 6433
f 6293 6433 6435
f 6435 6436 6437
f 6417 6419 6429
f 6417 6429 6424
f 6419 6421 6438
f 6419 6438 6429
f 6421 6434 6439
f 6421 6439 6438
f 6434 6440 6439
f 6432 6425 6431
f 6432 6441 6433
f 6442 6433 6441
f 6429 6438 6443
f 6432 6431 6441
f 6430 6429 6443
f 6438 6444 6443
f 6435 6433 6442
f 6435 6442 6436
f 6438 6439 6444
f 6439 6440 6445
f 6439 6445 6444
f 6258 6291 6289
f 6284 6299 6291
f 6289 6291 6434
f 6291 6299 6446
f 6299 6300 6447
f 6285 6300 6299
f 6286 6302 6300
f 6300 6302 6448
f 6302 6387 6449
f 6302 6301 6387
f 6388 6450 6387
f 6389 6451 6388
f 6292 6293 6290
f 6303 6293 6435
f 6303 6435 6437
f 6303 6437 6304
f 6304 6437 6395
f 6291 6446 6434
f 6299 6447 6446
f 6384 6395 6396
f 6300 6448 6447
f 6302 6449 6448
f 6447 6448 6452
f 6449 6453 6448
f 6395 6437 6454
f 6436 6454 6437
f 6395 6454 6455
f 6395 6455 6396
f 6396 6456 6397
f 6396 6455 6456
f 6456 6403 6397
f 6434 6446 6440
f 6446 6457 6440
f 6446 6447 6457
f 6447 6452 6457
f 6448 6453 6452
f 6457 6458 6440
f 6445 6440 6458
f 6457 6459 6458
f 6457 6452 6459
f 6453 6460 6452
f 6452 6460 6459
f 6387 6450 6449
f 6388 6451 6450
f 6449 6450 6461
f 6449 6461 6453
f 6451 6462 6450
f 6450 6462 6461
f 6389 6393 6451
f 6451 6393 6463
f 6394 6464 6393
f 6393 6464 6463
f 6451 6463 6462
f 6462 6465 6461
f 6462 6463 6466
f 6462 6466 6465
f 6467 6466 6463
f 6453 6461 6468
f 6453 6468 6460
f 6461 6465 6468
f 6431 6469 6441
f 6442 6441 6470
f 6442 6470 6471
f 6436 6472 6454
f 6454 6472 6473
f 6442 6471 6436
f 6436 6471 6472
f 6472 6474 6473
f 6474 6475 6473
f 6427 6426 6476
f 6426 6428 6477
f 6427 6476 6478
f 6426 6477 6476
f 6469 6478 6479
f 6431 6427 6478
f 6431 6478 6469
f 6441 6469 6470
f 6428 6430 6480
f 6428 6480 6477
f 6430 6481 6480
f 6469 6482 6470
f 6469 6479 6482
f 6470 6482 6483
f 6478 6476 6484
f 6476 6477 6485
f 6477 6480 6486
f 6478 6484 6479
f 6476 6485 6484
f 6482 6479 6487
f 6479 6484 6488
f 6484 6485 6489
f 6477 6486 6485
f 6480 6490 6486
f 6482 6491 6483
f 6485 6486 6492
f 6430 6443 6481
f 6443 6444 6493
f 6471 6470 6483
f 6443 6493 6481
f 6481 6493 6494
f 6444 6495 6493
f 6445 6495 6444
f 6471 6496 6472
f 6495 6497 6493
f 6471 6483 6496
f 6496 6483 6498
f 6472 6496 6474
f 6496 6499 6474
f 6474 6500 6475
f 6493 6497 6494
f 6480 6481 6490
f 6481 6494 6490
f 6490 6494 6501
f 6486 6490 6502
f 6497 6503 6494
f 6479 6488 6487
f 6484 6489 6488
f 6491 6487 6504
f 6483 6491 6498
f 6482 6487 6491
f 6485 6492 6489
f 6486 6502 6492
f 6491 6504 6505
f 6491 6505 6498
f 6496 6498 6499
f 6474 6499 6500
f 6500 6499 6506
f 6500 6506 6507
f 6506 6508 6507
f 6499 6498 6509
f 6499 6509 6506
f 6490 6501 6502
f 6498 6505 6509
f 6502 6510 6511
f 6494 6503 6501
f 6502 6501 6510
f 6501 6503 6512
f 6501 6512 6510
f 6506 6509 6513
f 6509 6505 6514
f 6509 6514 6513
f 6506 6513 6508
f 6455 6454 6473
f 6455 6473 6515
f 6456 6516 6403
f 6456 6455 6515
f 6456 6515 6516
f 6516 6515 6517
f 6406 6516 6518
f 6516 6517 6518
f 6515 6473 6475
f 6458 6459 6519
f 6459 6520 6519
f 6459 6460 6520
f 6515 6475 6517
f 6517 6475 6521
f 6518 6517 6522
f 6403 6516 6406
f 6407 6406 6523
f 6466 6524 6465
f 6407 6523 6411
f 6411 6523 6525
f 6406 6518 6523
f 6518 6526 6523
f 6468 6527 6460
f 6468 6528 6527
f 6460 6527 6520
f 6520 6527 6529
f 6468 6465 6528
f 6465 6524 6528
f 6528 6530 6527
f 6528 6524 6531
f 6528 6531 6530
f 6527 6530 6529
f 6529 6530 6532
f 6517 6521 6522
f 6522 6521 6533
f 6518 6522 6526
f 6526 6522 6534
f 6526 6534 6535
f 6522 6533 6534
f 6534 6536 6537
f 6523 6526 6525
f 6526 6535 6525
f 6525 6535 6538
f 6411 6525 6412
f 6412 6525 6538
f 6412 6538 6414
f 6414 6538 6539
f 6538 6540 6539
f 6529 6532 6541
f 6541 6532 6542
f 6538 6535 6540
f 6535 6537 6540
f 6535 6534 6537
f 6445 6458 6543
f 6445 6543 6495
f 6458 6519 6543
f 6495 6543 6544
f 6543 6519 6545
f 6520 6546 6519
f 6495 6544 6497
f 6543 6545 6544
f 6519 6546 6545
f 6545 6547 6544
f 6497 6544 6548
f 6520 6529 6546
f 6545 6546 6549
f 6529 6541 6546
f 6500 6521 6475
f 6500 6507 6521
f 6521 6507 6533
f 6544 6547 6548
f 6545 6549 6547
f 6533 6550 6536
f 6533 6507 6550
f 6508 6550 6507
f 6534 6533 6536
f 6497 6548 6503
f 6548 6551 6503
f 6503 6551 6512
f 6548 6552 6551
f 6547 6552 6548
f 6510 6512 6553
f 6510 6553 6554
f 6551 6552 6555
f 6551 6555 6556
f 6551 6556 6512
f 6556 6553 6512
f 6546 6541 6549
f 6547 6549 6557
f 6547 6557 6552
f 6541 6558 6549
f 6541 6542 6558
f 6558 6557 6549
f 6557 6559 6552
f 6558 6560 6557
f 6557 6560 6559
f 6552 6559 6555
f 6561 6562 6563
f 6561 6564 6562
f 6564 6565 6566
f 6567 6566 6565
f 6563 6562 6568
f 6569 6562 6566
f 6564 6566 6562
f 6569 6568 6562
f 6569 6570 6568
f 6570 6571 6568
f 6570 6572 6571
f 6569 6573 6574
f 6569 6566 6573
f 6567 6573 6566
f 6569 6574 6570
f 6574 6575 6570
f 6575 6572 6570
f 6575 6576 6572
f 6334 6333 6577
f 6577 6333 6578
f 6577 6578 6579
f 6579 6578 6352
f 6580 6581 6582
f 6334 6580 6582
f 6581 6338 6582
f 6334 6577 6580
f 6580 6577 6583
f 6577 6579 6583
f 6580 6584 6581
f 6580 6583 6584
f 6579 6585 6586
f 6586 6587 6583
f 6579 6586 6583
f 6584 6583 6587
f 6584 6587 6588
f 6305 6334 6582
f 6332 6336 6337
f 6333 6337 6578
f 6337 6336 6578
f 6305 6582 6338
f 6339 6589 6345
f 6339 6338 6590
f 6336 6352 6578
f 6341 6352 6336
f 6342 6345 6591
f 6342 6591 6347
f 6345 6589 6591
f 6591 6592 6347
f 6581 6590 6338
f 6339 6590 6589
f 6590 6593 6589
f 6593 6594 6589
f 6591 6589 6594
f 6591 6594 6592
f 6351 6585 6352
f 6579 6352 6585
f 6593 6595 6594
f 6595 6596 6594
f 6594 6596 6592
f 6596 6597 6592
f 6581 6584 6598
f 6581 6598 6590
f 6590 6598 6593
f 6584 6588 6598
f 6598 6588 6599
f 6598 6599 6593
f 6599 6595 6593
f 6586 6585 6600
f 6586 6601 6587
f 6586 6600 6601
f 6602 6587 6601
f 6601 6600 6603
f 6351 6355 6585
f 6585 6355 6600
f 6596 6604 6597
f 6597 6604 6605
f 6600 6355 6398
f 6602 6588 6587
f 6561 6599 6588
f 6602 6561 6588
f 6561 6563 6599
f 6563 6595 6599
f 6563 6606 6595
f 6602 6601 6607
f 6602 6564 6561
f 6595 6606 6596
f 6606 6604 6596
f 6605 6604 6608
f 6606 6571 6604
f 6346 6347 6609
f 6346 6609 6377
f 6592 6609 6347
f 6377 6609 6610
f 6377 6610 6381
f 6592 6597 6609
f 6597 6610 6609
f 6610 6611 6381
f 6381 6611 6390
f 6597 6605 6610
f 6610 6605 6611
f 6390 6611 6612
f 6392 6390 6613
f 6605 6614 6611
f 6563 6568 6606
f 6607 6601 6603
f 6607 6603 6615
f 6603 6616 6615
f 6600 6398 6603
f 6603 6398 6616
f 6399 6616 6398
f 6602 6607 6564
f 6607 6615 6565
f 6607 6565 6564
f 6604 6571 6608
f 6608 6617 6614
f 6614 6617 6618
f 6616 6619 6615
f 6399 6405 6616
f 6616 6405 6619
f 6565 6615 6620
f 6619 6620 6615
f 6567 6565 6620
f 6614 6612 6611
f 6392 6613 6394
f 6390 6612 6613
f 6394 6613 6621
f 6612 6622 6613
f 6613 6622 6621
f 6605 6608 6614
f 6614 6618 6612
f 6618 6622 6612
f 6618 6623 6622
f 6623 6624 6622
f 6622 6624 6621
f 6624 6625 6621
f 6568 6571 6606
f 6572 6608 6571
f 6572 6617 6608
f 6572 6576 6617
f 6576 6626 6617
f 6618 6617 6626
f 6618 6626 6623
f 6627 6628 6629
f 6628 6630 6629
f 6573 6631 6574
f 6573 6632 6631
f 6631 6632 6633
f 6567 6632 6573
f 6567 6634 6632
f 6634 6635 6632
f 6574 6631 6627
f 6574 6627 6575
f 6575 6636 6576
f 6576 6636 6637
f 6627 6631 6628
f 6638 6639 6637
f 6633 6632 6635
f 6633 6635 6640
f 6628 6631 6633
f 6628 6633 6641
f 6633 6640 6641
f 6641 6640 6642
f 6628 6641 6630
f 6641 6643 6630
f 6641 6642 6643
f 6643 6644 6645
f 6643 6642 6644
f 6619 6405 6410
f 6619 6410 6646
f 6646 6410 6647
f 6619 6646 6620
f 6634 6620 6646
f 6567 6620 6634
f 6634 6646 6648
f 6634 6648 6635
f 6635 6648 6649
f 6646 6647 6648
f 6648 6647 6650
f 6408 6410 6405
f 6624 6651 6625
f 6625 6651 6652
f 6409 6647 6410
f 6409 6413 6647
f 6652 6653 6654
f 6626 6639 6623
f 6623 6639 6655
f 6576 6637 6626
f 6637 6639 6626
f 6639 6656 6655
f 6638 6656 6639
f 6656 6657 6655
f 6656 6658 6657
f 6623 6655 6624
f 6624 6655 6651
f 6655 6657 6651
f 6652 6651 6653
f 6657 6653 6651
f 6654 6653 6659
f 6657 6660 6653
f 6648 6650 6649
f 6649 6650 6661
f 6649 6661 6662
f 6661 6663 6662
f 6647 6413 6650
f 6650 6413 6664
f 6414 6664 6413
f 6650 6664 6661
f 6414 6665 6664
f 6664 6665 6666
f 6661 6664 6666
f 6661 6666 6663
f 6635 6649 6640
f 6640 6649 6662
f 6640 6662 6642
f 6657 6658 6660
f 6642 6662 6667
f 6663 6667 6662
f 6642 6667 6644
f 6659 6668 6669
f 6660 6659 6653
f 6660 6670 6659
f 6659 6670 6668
f 6668 6671 6672
f 6575 6627 6636
f 6627 6629 6636
f 6673 6629 6674
f 6673 6636 6629
f 6673 6675 6638
f 6673 6637 6636
f 6673 6638 6637
f 6638 6676 6656
f 6674 6677 6678
f 6629 6630 6674
f 6674 6630 6677
f 6643 6677 6630
f 6673 6674 6675
f 6674 6678 6675
f 6675 6678 6679
f 6675 6679 6676
f 6679 6680 6676
f 6678 6677 6681
f 6677 6645 6681
f 6678 6682 6679
f 6678 6681 6682
f 6676 6658 6656
f 6675 6676 6638
f 6676 6680 6658
f 6680 6683 6658
f 6643 6645 6677
f 6680 6684 6683
f 6683 6684 6685
f 6679 6686 6680
f 6682 6686 6679
f 6686 6684 6680
f 6683 6660 6658
f 6683 6670 6660
f 6683 6685 6670
f 6685 6687 6670
f 6668 6670 6687
f 6668 6687 6671
f 6394 6621 6464
f 6464 6467 6463
f 6621 6625 6464
f 6464 6625 6467
f 6467 6625 6652
f 6467 6652 6688
f 6467 6688 6466
f 6466 6688 6524
f 6688 6689 6524
f 6652 6654 6688
f 6689 6531 6524
f 6654 6689 6688
f 6654 6669 6689
f 6689 6690 6531
f 6530 6531 6691
f 6669 6690 6689
f 6414 6539 6665
f 6531 6690 6691
f 6530 6691 6532
f 6691 6692 6532
f 6692 6542 6532
f 6690 6693 6691
f 6691 6693 6692
f 6692 6693 6694
f 6692 6694 6695
f 6692 6695 6542
f 6695 6696 6542
f 6654 6659 6669
f 6669 6672 6690
f 6668 6672 6669
f 6672 6693 6690
f 6672 6697 6693
f 6697 6694 6693
f 6672 6671 6697
f 6558 6542 6696
f 6558 6696 6560
f 6513 6514 6698
f 6508 6699 6700
f 6513 6699 6508
f 6513 6698 6699
f 6699 6698 6701
f 6699 6701 6702
f 6539 6703 6704
f 6537 6705 6706
f 6540 6537 6706
f 6539 6540 6703
f 6540 6706 6703
f 6703 6707 6704
f 6703 6706 6708
f 6706 6709 6708
f 6703 6708 6707
f 6708 6710 6707
f 6708 6711 6710
f 6550 6700 6712
f 6536 6712 6705
f 6536 6705 6537
f 6536 6550 6712
f 6705 6712 6713
f 6712 6714 6713
f 6713 6714 6715
f 6508 6700 6550
f 6699 6702 6700
f 6712 6700 6714
f 6553 6716 6554
f 6556 6717 6553
f 6553 6717 6716
f 6718 6716 6719
f 6700 6702 6714
f 6701 6720 6702
f 6701 6721 6720
f 6702 6720 6722
f 6702 6722 6714
f 6714 6722 6715
f 6718 6719 6723
f 6724 6723 6725
f 6705 6709 6706
f 6559 6726 6555
f 6726 6727 6728
f 6705 6713 6709
f 6709 6713 6729
f 6729 6713 6715
f 6708 6709 6711
f 6709 6729 6711
f 6730 6728 6727
f 6556 6728 6717
f 6556 6555 6728
f 6717 6731 6716
f 6555 6726 6728
f 6730 6717 6728
f 6731 6719 6716
f 6732 6723 6719
f 6732 6725 6723
f 6730 6731 6717
f 6731 6733 6719
f 6730 6734 6731
f 6731 6734 6733
f 6733 6732 6719
f 6721 6735 6720
f 6722 6736 6715
f 6722 6737 6736
f 6722 6720 6737
f 6737 6720 6735
f 6738 6739 6740
f 6741 6735 6742
f 6737 6735 6743
f 6743 6735 6741
f 6741 6742 6744
f 6744 6742 6745
f 6729 6715 6746
f 6715 6736 6746
f 6729 6747 6711
f 6711 6747 6748
f 6729 6746 6747
f 6747 6746 6749
f 6746 6736 6750
f 6750 6736 6751
f 6746 6750 6749
f 6752 6753 6725
f 6752 6739 6753
f 6732 6754 6725
f 6752 6725 6754
f 6737 6751 6736
f 6737 6743 6751
f 6744 6745 6755
f 6755 6745 6740
f 6756 6740 6739
f 6755 6740 6756
f 6752 6757 6739
f 6756 6739 6757
f 6751 6758 6759
f 6760 6758 6743
f 6751 6743 6758
f 6760 6741 6761
f 6750 6751 6759
f 6744 6762 6761
f 6760 6743 6741
f 6741 6744 6761
f 6744 6755 6762
f 6644 6763 6645
f 6666 6665 6764
f 6663 6666 6765
f 6666 6764 6765
f 6765 6764 6766
f 6765 6766 6767
f 6663 6768 6667
f 6667 6768 6769
f 6769 6768 6770
f 6644 6667 6769
f 6644 6769 6763
f 6763 6769 6771
f 6769 6770 6771
f 6771 6770 6772
f 6771 6772 6773
f 6663 6765 6768
f 6768 6765 6767
f 6697 6671 6774
f 6768 6767 6770
f 6770 6767 6775
f 6766 6776 6767
f 6767 6776 6775
f 6770 6775 6772
f 6775 6776 6777
f 6772 6775 6778
f 6772 6778 6779
f 6775 6777 6778
f 6778 6777 6780
f 6778 6780 6781
f 6682 6681 6782
f 6682 6782 6783
f 6782 6784 6783
f 6681 6785 6782
f 6782 6786 6784
f 6645 6763 6785
f 6681 6645 6785
f 6763 6787 6785
f 6782 6785 6786
f 6685 6788 6789
f 6785 6787 6786
f 6763 6771 6787
f 6786 6787 6790
f 6787 6773 6790
f 6786 6790 6791
f 6784 6786 6791
f 6682 6783 6686
f 6686 6783 6792
f 6686 6792 6684
f 6783 6793 6792
f 6684 6792 6788
f 6792 6794 6788
f 6784 6793 6783
f 6784 6795 6793
f 6793 6795 6796
f 6784 6791 6795
f 6792 6793 6794
f 6793 6796 6794
f 6794 6796 6797
f 6794 6797 6798
f 6794 6798 6788
f 6797 6799 6798
f 6685 6684 6788
f 6789 6788 6798
f 6798 6799 6800
f 6789 6798 6800
f 6800 6799 6801
f 6791 6802 6803
f 6791 6790 6802
f 6802 6804 6803
f 6796 6795 6805
f 6795 6803 6805
f 6796 6806 6797
f 6796 6805 6806
f 6797 6806 6807
f 6797 6807 6799
f 6799 6807 6808
f 6806 6809 6807
f 6806 6805 6810
f 6806 6810 6809
f 6795 6791 6803
f 6799 6808 6801
f 6808 6811 6801
f 6805 6803 6812
f 6805 6812 6810
f 6803 6804 6812
f 6808 6813 6811
f 6811 6813 6814
f 6685 6789 6687
f 6789 6800 6815
f 6687 6789 6815
f 6787 6771 6773
f 6800 6816 6815
f 6687 6815 6671
f 6671 6815 6774
f 6817 6774 6818
f 6815 6816 6774
f 6817 6818 6819
f 6818 6820 6819
f 6819 6820 6821
f 6816 6818 6774
f 6816 6822 6818
f 6822 6820 6818
f 6800 6801 6816
f 6801 6822 6816
f 6790 6773 6823
f 6772 6779 6773
f 6773 6779 6823
f 6790 6823 6802
f 6823 6779 6824
f 6802 6823 6825
f 6802 6825 6804
f 6823 6824 6825
f 6820 6826 6821
f 6821 6826 6827
f 6778 6781 6779
f 6779 6781 6824
f 6801 6811 6822
f 6811 6828 6822
f 6811 6814 6828
f 6814 6829 6828
f 6822 6828 6820
f 6828 6826 6820
f 6828 6829 6826
f 6829 6830 6826
f 6827 6826 6830
f 6827 6830 6831
f 6780 6832 6833
f 6809 6810 6834
f 6809 6834 6835
f 6812 6804 6836
f 6812 6836 6837
f 6836 6838 6837
f 6810 6812 6837
f 6810 6837 6834
f 6834 6839 6835
f 6834 6837 6840
f 6837 6838 6840
f 6834 6840 6839
f 6839 6840 6841
f 6804 6825 6842
f 6825 6824 6843
f 6824 6844 6843
f 6825 6843 6842
f 6843 6844 6845
f 6824 6781 6844
f 6781 6846 6844
f 6780 6846 6781
f 6780 6833 6846
f 6847 6848 6833
f 6846 6833 6849
f 6844 6846 6850
f 6847 6851 6848
f 6848 6849 6833
f 6851 6852 6853
f 6848 6851 6854
f 6852 6855 6853
f 6850 6846 6849
f 6844 6850 6845
f 6850 6849 6856
f 6856 6849 6857
f 6848 6857 6849
f 6848 6854 6857
f 6851 6853 6854
f 6804 6842 6836
f 6836 6842 6858
f 6843 6859 6842
f 6814 6860 6829
f 6829 6860 6861
f 6860 6862 6861
f 6836 6858 6838
f 6842 6859 6858
f 6843 6845 6859
f 6859 6845 6863
f 6845 6864 6863
f 6858 6859 6865
f 6859 6863 6865
f 6858 6866 6838
f 6838 6866 6867
f 6840 6838 6867
f 6840 6867 6841
f 6861 6862 6868
f 6858 6865 6866
f 6830 6869 6831
f 6831 6869 6870
f 6870 6871 6872
f 6829 6861 6830
f 6830 6861 6869
f 6861 6868 6869
f 6873 6870 6869
f 6850 6864 6845
f 6850 6856 6864
f 6874 6872 6871
f 6874 6875 6876
f 6876 6875 6877
f 6868 6873 6869
f 6868 6878 6873
f 6873 6878 6879
f 6873 6879 6871
f 6879 6880 6871
f 6873 6871 6870
f 6874 6871 6880
f 6874 6880 6875
f 6881 5270 6855
f 6881 5273 5271
f 6857 6854 5284
f 6853 6855 5268
f 6854 6853 5272
f 6854 5257 5284
f 6881 5271 5270
f 6855 5270 5269
f 6855 5269 5268
f 6853 5268 5267
f 6853 5267 5272
f 6854 5272 5257
f 6863 6864 5277
f 6863 5277 5276
f 6867 6866 6882
f 6866 6865 5283
f 6865 5282 5283
f 6865 6863 5278
f 6863 5276 5278
f 6865 5278 5282
f 6866 5279 5280
f 6866 5283 5279
f 6866 5280 6882
f 6882 5280 5281
f 6864 6856 5275
f 6856 5288 5275
f 6856 6857 5285
f 6857 5284 5287
f 6857 5287 5286
f 6857 5286 5285
f 6856 5285 5288
f 6864 5275 5274
f 6864 5274 5277
f 6883 6884 5322
f 6883 5324 5321
f 6883 5322 5324
f 6880 5351 6875
f 6875 5300 5298
f 6879 5347 6880
f 6880 5349 5351
f 6875 5351 5300
f 6875 5295 6877
f 6877 5297 5325
f 6877 5295 5297
f 6877 5325 6884
f 6884 5323 5322
f 6884 5325 5323
f 6875 5296 5295
f 6875 5298 5296
f 6665 6704 6764
f 6665 6539 6704
f 6764 6704 6885
f 6704 6707 6885
f 6885 6707 6886
f 6764 6885 6766
f 6766 6885 6887
f 6766 6887 6776
f 6885 6886 6887
f 6695 6888 6696
f 6696 6888 6889
f 6707 6710 6886
f 6697 6817 6694
f 6697 6774 6817
f 6817 6819 6890
f 6817 6890 6694
f 6819 6891 6890
f 6891 6892 6893
f 6695 6694 6890
f 6695 6890 6888
f 6888 6893 6889
f 6890 6891 6888
f 6891 6893 6888
f 6893 6894 6895
f 6893 6895 6889
f 6896 6895 6897
f 6894 6897 6895
f 6893 6892 6894
f 6887 6886 6898
f 6887 6898 6899
f 6886 6710 6900
f 6711 6748 6710
f 6900 6710 6748
f 6886 6900 6898
f 6900 6748 6901
f 6748 6902 6901
f 6898 6900 6903
f 6900 6901 6903
f 6776 6887 6899
f 6776 6899 6777
f 6777 6899 6832
f 6832 6899 6904
f 6898 6904 6899
f 6898 6903 6904
f 6780 6777 6832
f 6897 6905 6906
f 6907 6906 6905
f 6894 6908 6897
f 6897 6908 6905
f 6907 6909 6910
f 6909 6911 6910
f 6907 6905 6912
f 6907 6912 6909
f 6696 6889 6560
f 6560 6889 6913
f 6726 6913 6896
f 6559 6560 6913
f 6559 6913 6726
f 6889 6895 6913
f 6726 6896 6727
f 6730 6727 6914
f 6730 6914 6734
f 6913 6895 6896
f 6896 6906 6727
f 6906 6914 6727
f 6896 6897 6906
f 6733 6734 6915
f 6733 6915 6916
f 6910 6734 6914
f 6910 6915 6734
f 6747 6902 6748
f 6747 6749 6902
f 6917 6754 6916
f 6917 6918 6754
f 6919 6916 6915
f 6917 6916 6919
f 6733 6916 6732
f 6732 6916 6754
f 6752 6754 6918
f 6752 6918 6757
f 6907 6914 6906
f 6907 6910 6914
f 6911 6915 6910
f 6911 6919 6915
f 6819 6821 6891
f 6821 6892 6891
f 6821 6827 6892
f 6827 6920 6892
f 6894 6892 6920
f 6894 6920 6908
f 6920 6921 6908
f 6922 6908 6921
f 6827 6831 6920
f 6831 6921 6920
f 6905 6908 6922
f 6905 6922 6912
f 6902 6749 6923
f 6760 6924 6758
f 6925 6759 6758
f 6926 6923 6927
f 6902 6928 6901
f 6749 6927 6923
f 6902 6923 6928
f 6929 6927 6759
f 6930 6761 6762
f 6931 6762 6932
f 6929 6759 6925
f 6924 6925 6758
f 6760 6933 6924
f 6933 6761 6930
f 6904 6903 6934
f 6903 6935 6934
f 6935 6928 6936
f 6832 6904 6847
f 6832 6847 6833
f 6847 6934 6851
f 6847 6904 6934
f 6852 6934 6935
f 6926 6937 6923
f 6924 6938 6925
f 6925 6938 6939
f 6929 6925 6939
f 6924 6940 6938
f 6851 6934 6852
f 6881 6936 6937
f 6941 6942 6926
f 6881 6937 6942
f 6937 6936 6928
f 6852 6935 6936
f 6941 6926 6929
f 6942 6937 6926
f 6941 6929 6939
f 6930 6931 6943
f 6933 6944 6940
f 6945 6946 6931
f 6930 6943 6944
f 6903 6901 6935
f 6901 6928 6935
f 6937 6928 6923
f 6917 6947 6948
f 6945 6932 6949
f 6950 6949 6951
f 6911 6952 6953
f 6947 6954 6948
f 6919 6953 6947
f 6911 6953 6919
f 6909 6952 6911
f 6951 6948 6955
f 6926 6927 6929
f 6924 6933 6940
f 6933 6930 6944
f 6930 6762 6931
f 6945 6931 6932
f 6945 6949 6950
f 6948 6954 6955
f 6950 6951 6955
f 6939 6938 5262
f 6938 6940 5303
f 6750 6927 6749
f 6750 6759 6927
f 6760 6761 6933
f 6755 6756 6932
f 6755 6932 6762
f 6756 6757 6949
f 6949 6757 6951
f 6951 6757 6918
f 6756 6949 6932
f 6951 6918 6948
f 6917 6948 6918
f 6917 6919 6947
f 6922 6956 6912
f 6912 6956 6957
f 6958 6953 6952
f 6872 6922 6921
f 6872 6956 6922
f 6876 6957 6956
f 6959 6952 6957
f 6852 6936 6855
f 6881 6855 6936
f 6958 6960 6953
f 6931 6946 6943
f 6945 6961 6946
f 6945 6950 6961
f 6962 6955 6954
f 6963 6961 6950
f 6963 6950 6955
f 6959 6957 6876
f 6962 6954 6964
f 6883 6960 6958
f 6883 6964 6960
f 6959 6958 6952
f 6964 6954 6960
f 6963 6955 6962
f 6909 6912 6957
f 6909 6957 6952
f 6947 6953 6960
f 6947 6960 6954
f 6831 6870 6921
f 6870 6872 6921
f 6874 6956 6872
f 6874 6876 6956
f 6959 6884 6958
f 6959 6876 6877
f 6883 6958 6884
f 6959 6877 6884
f 6941 5260 6942
f 6941 6939 5264
f 6940 6944 5306
f 6881 6942 5273
f 6944 6943 5308
f 6943 6946 5309
f 6939 5261 5264
f 6941 5264 5263
f 6941 5263 5260
f 6939 5262 5261
f 6938 5301 5262
f 6938 5303 5301
f 6940 5304 5303
f 6940 5305 5304
f 6942 5260 5266
f 6942 5266 5265
f 6942 5265 5273
f 6940 5306 5305
f 6944 5307 5306
f 6944 5308 5307
f 6943 5311 5308
f 6946 6961 5312
f 6963 5314 6961
f 6963 5316 5315
f 6963 6962 5316
f 6943 5309 5311
f 6946 5312 5310
f 6946 5310 5309
f 6963 5315 5314
f 6961 5313 5312
f 6961 5314 5313
f 6962 6964 5319
f 6962 5318 5317
f 6962 5317 5316
f 6962 5319 5318
f 6883 5321 6964
f 6964 5320 5319
f 6964 5321 5320
f 6487 6488 6965
f 6488 6966 6965
f 6488 6489 6966
f 6487 6965 6504
f 6489 6492 6967
f 6489 6967 6966
f 6504 6965 6968
f 6504 6968 6969
f 6965 6970 6968
f 6505 6504 6969
f 6966 6967 6971
f 6505 6969 6514
f 6965 6966 6970
f 6966 6971 6970
f 6492 6502 6511
f 6492 6511 6967
f 6967 6511 6972
f 6967 6972 6971
f 6511 6510 6554
f 6511 6554 6972
f 6969 6973 6514
f 6968 6974 6969
f 6968 6970 6975
f 6969 6974 6973
f 6968 6975 6974
f 6514 6973 6698
f 6698 6973 6976
f 6970 6971 6977
f 6970 6977 6975
f 6974 6978 6973
f 6974 6975 6979
f 6971 6972 6980
f 6971 6980 6977
f 6975 6977 6981
f 6973 6978 6976
f 6976 6978 6982
f 6974 6979 6978
f 6698 6976 6701
f 6976 6982 6721
f 6978 6983 6982
f 6701 6976 6721
f 6975 6981 6979
f 6978 6979 6983
f 6972 6554 6718
f 6972 6718 6980
f 6554 6716 6718
f 6977 6980 6724
f 6718 6723 6980
f 6977 6724 6981
f 6724 6980 6723
f 6979 6981 6738
f 6979 6738 6983
f 6724 6753 6981
f 6981 6753 6738
f 6724 6725 6753
f 6721 6982 6742
f 6982 6983 6745
f 6721 6742 6735
f 6982 6745 6742
f 6983 6738 6740
f 6753 6739 6738
f 6745 6983 6740
f 6809 6984 6807
f 6808 6807 6984
f 6808 6984 6813
f 6809 6835 6984
f 6984 6985 6813
f 6984 6835 6985
f 6813 6985 6986
f 6835 6987 6985
f 6985 6988 6986
f 6814 6813 6986
f 6839 6987 6835
f 6985 6987 6988
f 6988 6989 6986
f 6839 6990 6987
f 6839 6841 6990
f 6987 6991 6988
f 6987 6990 6991
f 6988 6991 6992
f 6988 6992 6989
f 6991 6990 6993
f 6991 6993 6994
f 6991 6994 6992
f 6992 6994 6995
f 6814 6986 6860
f 6860 6986 6989
f 6860 6989 6862
f 6989 6992 6996
f 6989 6996 6862
f 6862 6996 6997
f 6868 6862 6997
f 6868 6997 6878
f 6867 6998 6841
f 6990 6841 6999
f 6996 7000 6997
f 6841 6998 6999
f 6867 6882 6998
f 6998 6882 5281
f 6993 6999 5281
f 6999 6998 5281
f 6990 6999 6993
f 6993 5281 6994
f 6994 5281 6995
f 6995 5281 7000
f 6997 5345 5344
f 6997 5336 5345
f 6997 5344 6878
f 6878 5344 5346
f 6878 5346 5350
f 6997 7000 5336
f 7000 5281 5337
f 6992 6995 6996
f 6995 7000 6996
f 7000 5337 5336
f 6879 5348 5347
f 6879 6878 5350
f 6879 5350 5348
f 6880 5347 5349
