timestamp,timestamp_sample,q[0],q[1],q[2],q[3],delta_q_reset[0],delta_q_reset[1],delta_q_reset[2],delta_q_reset[3],quat_reset_counter,time_sec
29976000,29976000,0.99503297,0.010475398,-0.098605864,0.009251836,0.0,0.0,0.0,0.0,0,0.0
29996000,29996000,0.9950553,0.010524213,-0.0984201,0.008763458,0.0,0.0,0.0,0.0,0,0.02
30016000,30016000,0.9950778,0.010562488,-0.09822811,0.008301724,0.0,0.0,0.0,0.0,0,0.04
30036000,30036000,0.99509984,0.01059824,-0.09803638,0.007867535,0.0,0.0,0.0,0.0,0,0.06
30056000,30056000,0.99512184,0.010621496,-0.09784276,0.007460009,0.0,0.0,0.0,0.0,0,0.08
30076000,30076000,0.9951451,0.010636217,-0.097632855,0.007078872,0.0,0.0,0.0,0.0,0,0.1
30096000,30096000,0.9951682,0.010649264,-0.09742056,0.0067241467,0.0,0.0,0.0,0.0,0,0.12
30116000,30116000,0.9951923,0.010664202,-0.09719442,0.006395725,0.0,0.0,0.0,0.0,0,0.14
30136000,30136000,0.9952474,0.010654241,-0.09664871,0.006093521,0.0,0.0,0.0,0.0,0,0.16
30156000,30156000,0.99538594,0.01056241,-0.09523932,0.005817044,0.0,0.0,0.0,0.0,0,0.18
30176000,30176000,0.9956373,0.010337741,-0.09261576,0.0055640456,0.0,0.0,0.0,0.0,0,0.2
30196000,30196000,0.99600345,0.009964667,-0.08864798,0.0053330297,0.0,0.0,0.0,0.0,0,0.22
30216000,30216000,0.99646795,0.009419242,-0.08334104,0.005120853,0.0,0.0,0.0,0.0,0,0.24
30236000,30236000,0.9970052,0.008714783,-0.07674294,0.004926594,0.0,0.0,0.0,0.0,0,0.26
30256000,30256000,0.99758327,0.00784926,-0.068938956,0.0047485502,0.0,0.0,0.0,0.0,0,0.28
30276000,30276000,0.99816686,0.006833964,-0.060035508,0.0045863027,0.0,0.0,0.0,0.0,0,0.3
30296000,30296000,0.9987195,0.0056725764,-0.050165817,0.0044384836,0.0,0.0,0.0,0.0,0,0.32
30316000,30316000,0.9992076,0.0043766974,-0.03944136,0.0043043536,0.0,0.0,0.0,0.0,0,0.34
30336000,30336000,0.9995992,0.0029682505,-0.02800286,0.0041840924,0.0,0.0,0.0,0.0,0,0.36
30356000,30356000,0.9998675,0.0014628402,-0.015980583,0.0040776157,0.0,0.0,0.0,0.0,0,0.38
30376000,30376000,0.99999046,-0.00010836873,-0.0034996553,0.0039848583,0.0,0.0,0.0,0.0,0,0.4
30396000,30396000,0.99995196,-0.0017431928,0.009320119,0.0039057734,0.0,0.0,0.0,0.0,0,0.42
30416000,30416000,0.9997414,-0.0034093978,0.022358038,0.0038404977,0.0,0.0,0.0,0.0,0,0.44
30436000,30436000,0.99935395,-0.005100624,0.035501778,0.0037893765,0.0,0.0,0.0,0.0,0,0.46
30456000,30456000,0.99879014,-0.006778573,0.048655123,0.0037517345,0.0,0.0,0.0,0.0,0,0.48
30476000,30476000,0.99805677,-0.008448043,0.06169724,0.0037292165,0.0,0.0,0.0,0.0,0,0.5
30496000,30496000,0.99716,-0.010089724,0.074600935,0.0037216353,0.0,0.0,0.0,0.0,0,0.52
30516000,30516000,0.9961121,-0.01168521,0.08728845,0.003728239,0.0,0.0,0.0,0.0,0,0.54
30536000,30536000,0.9949261,-0.013226127,0.09971023,0.003749378,0.0,0.0,0.0,0.0,0,0.56
30556000,30556000,0.99362177,-0.014711802,0.11177699,0.0037862882,0.0,0.0,0.0,0.0,0,0.58
30576000,30576000,0.99221015,-0.016126193,0.12350437,0.0038369254,0.0,0.0,0.0,0.0,0,0.6
30596000,30596000,0.9907124,-0.017469002,0.13482451,0.0039018667,0.0,0.0,0.0,0.0,0,0.62
30616000,30616000,0.98914105,-0.018735623,0.14574696,0.0039798343,0.0,0.0,0.0,0.0,0,0.64
30636000,30636000,0.9875174,-0.019925715,0.15622066,0.004071111,0.0,0.0,0.0,0.0,0,0.66
30656000,30656000,0.985847,-0.021030309,0.16629826,0.004172285,0.0,0.0,0.0,0.0,0,0.68
30676000,30676000,0.98414767,-0.022057766,0.17594767,0.0042844126,0.0,0.0,0.0,0.0,0,0.7
30696000,30696000,0.9824205,-0.023003738,0.18523096,0.0044049406,0.0,0.0,0.0,0.0,0,0.72
30716000,30716000,0.9806816,-0.023887504,0.19411722,0.0045374637,0.0,0.0,0.0,0.0,0,0.74
30736000,30736000,0.97892964,-0.024695696,0.2026675,0.0046768845,0.0,0.0,0.0,0.0,0,0.76
30756000,30756000,0.9771799,-0.025446128,0.21085003,0.0048272316,0.0,0.0,0.0,0.0,0,0.78
30776000,30776000,0.97543126,-0.026126947,0.21871315,0.0049838875,0.0,0.0,0.0,0.0,0,0.8
30796000,30796000,0.97369426,-0.02674691,0.22624463,0.005148359,0.0,0.0,0.0,0.0,0,0.82
30816000,30816000,0.97197443,-0.027305394,0.23345433,0.0053196056,0.0,0.0,0.0,0.0,0,0.84
30836000,30836000,0.9702793,-0.027806578,0.24034098,0.0054975674,0.0,0.0,0.0,0.0,0,0.86
30856000,30856000,0.968617,-0.028256288,0.24689966,0.005683291,0.0,0.0,0.0,0.0,0,0.88
30876000,30876000,0.9669877,-0.028655112,0.25315648,0.0058754277,0.0,0.0,0.0,0.0,0,0.9
30896000,30896000,0.9654073,-0.02902156,0.25907263,0.006079507,0.0,0.0,0.0,0.0,0,0.92
30916000,30916000,0.9638687,-0.02933954,0.26469973,0.0062887324,0.0,0.0,0.0,0.0,0,0.94
30936000,30936000,0.9623896,-0.029626379,0.26999137,0.006508353,0.0,0.0,0.0,0.0,0,0.96
30956000,30956000,0.96096724,-0.02987044,0.274979,0.0067331493,0.0,0.0,0.0,0.0,0,0.98
30976000,30976000,0.95960927,-0.030081252,0.27965292,0.0069653424,0.0,0.0,0.0,0.0,0,1.0
30996000,30996000,0.9583098,-0.030251406,0.28405005,0.007200659,0.0,0.0,0.0,0.0,0,1.02
31016000,31016000,0.9570789,-0.03040181,0.2881482,0.007445553,0.0,0.0,0.0,0.0,0,1.04
31036000,31036000,0.95591336,-0.030525899,0.29197213,0.007695844,0.0,0.0,0.0,0.0,0,1.06
31056000,31056000,0.9548193,-0.03063174,0.29551247,0.007953096,0.0,0.0,0.0,0.0,0,1.08
31076000,31076000,0.9537966,-0.0307186,0.29878077,0.008215877,0.0,0.0,0.0,0.0,0,1.1
31096000,31096000,0.9528501,-0.030784655,0.30177167,0.008482722,0.0,0.0,0.0,0.0,0,1.12
31116000,31116000,0.9519808,-0.030826366,0.30449095,0.0087507805,0.0,0.0,0.0,0.0,0,1.14
31136000,31136000,0.95118374,-0.030857971,0.3069608,0.009023259,0.0,0.0,0.0,0.0,0,1.16
31156000,31156000,0.9504628,-0.030880185,0.3091754,0.00929954,0.0,0.0,0.0,0.0,0,1.18
31176000,31176000,0.9498194,-0.030892689,0.31113693,0.009578233,0.0,0.0,0.0,0.0,0,1.2
31196000,31196000,0.9492508,-0.030892741,0.31285855,0.009856592,0.0,0.0,0.0,0.0,0,1.22
31216000,31216000,0.94875413,-0.030881204,0.31435385,0.010133368,0.0,0.0,0.0,0.0,0,1.24
31236000,31236000,0.9483302,-0.030870603,0.31562236,0.010412195,0.0,0.0,0.0,0.0,0,1.26
31256000,31256000,0.94798154,-0.030857135,0.3166602,0.010690602,0.0,0.0,0.0,0.0,0,1.28
31276000,31276000,0.9477056,-0.030837724,0.31747743,0.010965796,0.0,0.0,0.0,0.0,0,1.3
31296000,31296000,0.94749796,-0.030818205,0.31808907,0.011238786,0.0,0.0,0.0,0.0,0,1.32
31316000,31316000,0.9473581,-0.030802237,0.3184973,0.011509833,0.0,0.0,0.0,0.0,0,1.34
31336000,31336000,0.94728535,-0.0307791,0.31870604,0.011774288,0.0,0.0,0.0,0.0,0,1.36
31356000,31356000,0.9472777,-0.030748993,0.31872213,0.012030897,0.0,0.0,0.0,0.0,0,1.38
31376000,31376000,0.94733536,-0.030709341,0.31854522,0.012277622,0.0,0.0,0.0,0.0,0,1.4
31396000,31396000,0.94745815,-0.030666584,0.31817454,0.012515555,0.0,0.0,0.0,0.0,0,1.42
31416000,31416000,0.94764495,-0.030623345,0.31761295,0.012744644,0.0,0.0,0.0,0.0,0,1.44
31436000,31436000,0.94789046,-0.03057846,0.31687498,0.01296303,0.0,0.0,0.0,0.0,0,1.46
31456000,31456000,0.94819564,-0.030535573,0.31595597,0.013171678,0.0,0.0,0.0,0.0,0,1.48
31476000,31476000,0.94856185,-0.030492894,0.31485063,0.013369509,0.0,0.0,0.0,0.0,0,1.5
31496000,31496000,0.9489813,-0.030450633,0.3135803,0.0135552725,0.0,0.0,0.0,0.0,0,1.52
31516000,31516000,0.94945204,-0.0304105,0.3121484,0.01372908,0.0,0.0,0.0,0.0,0,1.54
31536000,31536000,0.94997734,-0.030372627,0.31054252,0.013891184,0.0,0.0,0.0,0.0,0,1.56
31556000,31556000,0.950553,-0.030333512,0.30877316,0.014039402,0.0,0.0,0.0,0.0,0,1.58
31576000,31576000,0.9511744,-0.030290179,0.30685177,0.014171921,0.0,0.0,0.0,0.0,0,1.6
31596000,31596000,0.9518394,-0.030251024,0.30478108,0.014291376,0.0,0.0,0.0,0.0,0,1.62
31616000,31616000,0.95255035,-0.030211022,0.3025508,0.014396135,0.0,0.0,0.0,0.0,0,1.64
31636000,31636000,0.95330507,-0.030163452,0.3001648,0.014483911,0.0,0.0,0.0,0.0,0,1.66
31656000,31656000,0.95409966,-0.03010917,0.29763156,0.014554431,0.0,0.0,0.0,0.0,0,1.68
31676000,31676000,0.95492893,-0.030054124,0.2949629,0.014609405,0.0,0.0,0.0,0.0,0,1.7
31696000,31696000,0.9557954,-0.029997481,0.29214683,0.01464913,0.0,0.0,0.0,0.0,0,1.72
31716000,31716000,0.95669436,-0.029932061,0.28919512,0.014671035,0.0,0.0,0.0,0.0,0,1.74
31736000,31736000,0.95762515,-0.029857853,0.2861054,0.014675242,0.0,0.0,0.0,0.0,0,1.76
31756000,31756000,0.95858026,-0.029769775,0.28289893,0.014659832,0.0,0.0,0.0,0.0,0,1.78
31776000,31776000,0.95956194,-0.029674808,0.2795629,0.014627522,0.0,0.0,0.0,0.0,0,1.8
31796000,31796000,0.9605658,-0.029566567,0.27610832,0.014576401,0.0,0.0,0.0,0.0,0,1.82
31816000,31816000,0.96159154,-0.029451909,0.27253047,0.014509325,0.0,0.0,0.0,0.0,0,1.84
31836000,31836000,0.96263224,-0.029324066,0.26885,0.01442426,0.0,0.0,0.0,0.0,0,1.86
31856000,31856000,0.9636911,-0.029185966,0.26505008,0.014323018,0.0,0.0,0.0,0.0,0,1.88
31876000,31876000,0.96476394,-0.029026981,0.26114243,0.014202797,0.0,0.0,0.0,0.0,0,1.9
31896000,31896000,0.9658489,-0.028855352,0.25712743,0.014066765,0.0,0.0,0.0,0.0,0,1.92
31916000,31916000,0.96694136,-0.02866988,0.25301772,0.01391485,0.0,0.0,0.0,0.0,0,1.94
31936000,31936000,0.96804214,-0.028471675,0.24880499,0.013748267,0.0,0.0,0.0,0.0,0,1.96
31956000,31956000,0.969146,-0.02825347,0.24450536,0.0135652805,0.0,0.0,0.0,0.0,0,1.98
31976000,31976000,0.9702521,-0.02802206,0.24011679,0.013368421,0.0,0.0,0.0,0.0,0,2.0
31996000,31996000,0.9713562,-0.027767928,0.23565239,0.013155667,0.0,0.0,0.0,0.0,0,2.02
32016000,32016000,0.97245944,-0.02749748,0.23110268,0.012929604,0.0,0.0,0.0,0.0,0,2.04
32036000,32036000,0.9735569,-0.027203275,0.2264841,0.012688769,0.0,0.0,0.0,0.0,0,2.06
32056000,32056000,0.9746465,-0.02689118,0.22180055,0.012435481,0.0,0.0,0.0,0.0,0,2.08
32076000,32076000,0.97572446,-0.026554072,0.21706605,0.012168703,0.0,0.0,0.0,0.0,0,2.1
32096000,32096000,0.9767896,-0.026204871,0.21228074,0.011892477,0.0,0.0,0.0,0.0,0,2.12
32116000,32116000,0.9778414,-0.025840681,0.20744362,0.011607079,0.0,0.0,0.0,0.0,0,2.14
32136000,32136000,0.9788791,-0.025466984,0.20255439,0.011314574,0.0,0.0,0.0,0.0,0,2.16
32156000,32156000,0.9798987,-0.025079234,0.19762948,0.011014426,0.0,0.0,0.0,0.0,0,2.18
32176000,32176000,0.980899,-0.02468287,0.1926718,0.010708372,0.0,0.0,0.0,0.0,0,2.2
32196000,32196000,0.981879,-0.02427199,0.18768471,0.010396136,0.0,0.0,0.0,0.0,0,2.22
32216000,32216000,0.9828364,-0.02385347,0.1826776,0.010079851,0.0,0.0,0.0,0.0,0,2.24
32236000,32236000,0.9837687,-0.023422042,0.1776637,0.009759318,0.0,0.0,0.0,0.0,0,2.26
32256000,32256000,0.9846746,-0.022984548,0.1726492,0.009436668,0.0,0.0,0.0,0.0,0,2.28
32276000,32276000,0.98555416,-0.022531902,0.16763487,0.009111246,0.0,0.0,0.0,0.0,0,2.3
32296000,32296000,0.9864072,-0.022071883,0.16262102,0.008785011,0.0,0.0,0.0,0.0,0,2.32
32316000,32316000,0.9872322,-0.021600455,0.15761825,0.0084583005,0.0,0.0,0.0,0.0,0,2.34
32336000,32336000,0.98802817,-0.021121537,0.15263428,0.008132212,0.0,0.0,0.0,0.0,0,2.36
32356000,32356000,0.9887939,-0.020627536,0.14767979,0.007806292,0.0,0.0,0.0,0.0,0,2.38
32376000,32376000,0.98953074,-0.020123988,0.14274824,0.0074823033,0.0,0.0,0.0,0.0,0,2.4
32396000,32396000,0.9902375,-0.019607643,0.1378518,0.007160515,0.0,0.0,0.0,0.0,0,2.42
32416000,32416000,0.9909141,-0.01908238,0.13299403,0.006842275,0.0,0.0,0.0,0.0,0,2.44
32436000,32436000,0.99156004,-0.0185469,0.12818435,0.006528127,0.0,0.0,0.0,0.0,0,2.46
32456000,32456000,0.992176,-0.018007087,0.12342184,0.0062195007,0.0,0.0,0.0,0.0,0,2.48
32476000,32476000,0.99276084,-0.017456789,0.1187238,0.0059161144,0.0,0.0,0.0,0.0,0,2.5
32496000,32496000,0.9933153,-0.016905881,0.11408956,0.0056197536,0.0,0.0,0.0,0.0,0,2.52
32516000,32516000,0.9938394,-0.016348846,0.10952948,0.0053303153,0.0,0.0,0.0,0.0,0,2.54
32536000,32536000,0.994335,-0.015793033,0.1050337,0.0050493903,0.0,0.0,0.0,0.0,0,2.56
32556000,32556000,0.99480176,-0.015233838,0.10061664,0.0047766683,0.0,0.0,0.0,0.0,0,2.58
32576000,32576000,0.99524176,-0.014677053,0.09626611,0.0045136656,0.0,0.0,0.0,0.0,0,2.6
32596000,32596000,0.9956542,-0.014118482,0.092001624,0.0042601665,0.0,0.0,0.0,0.0,0,2.62
32616000,32616000,0.9960403,-0.013560885,0.08782259,0.004016788,0.0,0.0,0.0,0.0,0,2.64
32636000,32636000,0.9964004,-0.012994779,0.083738595,0.0037830493,0.0,0.0,0.0,0.0,0,2.66
32656000,32656000,0.99673706,-0.012432272,0.07973123,0.003560551,0.0,0.0,0.0,0.0,0,2.68
32676000,32676000,0.99704957,-0.011871313,0.07582277,0.0033489533,0.0,0.0,0.0,0.0,0,2.7
32696000,32696000,0.9973395,-0.011314687,0.07200737,0.003148629,0.0,0.0,0.0,0.0,0,2.72
32716000,32716000,0.99760723,-0.010756055,0.06829719,0.0029591117,0.0,0.0,0.0,0.0,0,2.74
32736000,32736000,0.997855,-0.010205596,0.06467324,0.002781413,0.0,0.0,0.0,0.0,0,2.76
32756000,32756000,0.998083,-0.009661056,0.061149087,0.0026151694,0.0,0.0,0.0,0.0,0,2.78
32776000,32776000,0.9982933,-0.0091269305,0.05770882,0.0024608762,0.0,0.0,0.0,0.0,0,2.8
32796000,32796000,0.99848545,-0.008596166,0.054375477,0.0023178488,0.0,0.0,0.0,0.0,0,2.82
32816000,32816000,0.9986612,-0.008068827,0.051136807,0.0021862017,0.0,0.0,0.0,0.0,0,2.84
32836000,32836000,0.998821,-0.007541789,0.048005305,0.0020655047,0.0,0.0,0.0,0.0,0,2.86
32856000,32856000,0.9989667,-0.0070223464,0.044960663,0.0019562065,0.0,0.0,0.0,0.0,0,2.88
32876000,32876000,0.99909866,-0.006510505,0.042013384,0.0018583436,0.0,0.0,0.0,0.0,0,2.9
32896000,32896000,0.99921805,-0.0060113673,0.03915585,0.0017718697,0.0,0.0,0.0,0.0,0,2.92
32916000,32916000,0.99932534,-0.005518006,0.036395594,0.0016960955,0.0,0.0,0.0,0.0,0,2.94
32936000,32936000,0.99942183,-0.0050375764,0.03372102,0.0016309731,0.0,0.0,0.0,0.0,0,2.96
32956000,32956000,0.99950755,-0.0045762793,0.031151017,0.0015761968,0.0,0.0,0.0,0.0,0,2.98
32976000,32976000,0.9995835,-0.0041343896,0.028678712,0.001531342,0.0,0.0,0.0,0.0,0,3.0
32996000,32996000,0.99965054,-0.0037052883,0.026304198,0.0014958063,0.0,0.0,0.0,0.0,0,3.02
33016000,33016000,0.9997096,-0.0032862478,0.024017379,0.0014694037,0.0,0.0,0.0,0.0,0,3.04
33036000,33036000,0.99976104,-0.0028813388,0.021829301,0.0014520185,0.0,0.0,0.0,0.0,0,3.06
33056000,33056000,0.99980557,-0.0024916301,0.019737964,0.0014432948,0.0,0.0,0.0,0.0,0,3.08
33076000,33076000,0.99984384,-0.0021179211,0.017745156,0.0014426638,0.0,0.0,0.0,0.0,0,3.1
33096000,33096000,0.9998765,-0.0017610872,0.015839402,0.0014499129,0.0,0.0,0.0,0.0,0,3.12
33116000,33116000,0.99990416,-0.0014233567,0.01402351,0.001464405,0.0,0.0,0.0,0.0,0,3.14
33136000,33136000,0.99992734,-0.0011007682,0.012289273,0.0014861559,0.0,0.0,0.0,0.0,0,3.16
33156000,33156000,0.9999466,-0.0007967396,0.010630308,0.0015144788,0.0,0.0,0.0,0.0,0,3.18
33176000,33176000,0.99996233,-0.00051148207,0.009046449,0.0015490192,0.0,0.0,0.0,0.0,0,3.2
33196000,33196000,0.99997485,-0.0002463745,0.007537691,0.0015891093,0.0,0.0,0.0,0.0,0,3.22
33216000,33216000,0.9999845,7.85868e-06,0.0061132684,0.0016339778,0.0,0.0,0.0,0.0,0,3.24
33236000,33236000,0.9999917,0.00024784773,0.0047710007,0.0016830396,0.0,0.0,0.0,0.0,0,3.26
33256000,33256000,0.99999684,0.0004631103,0.0034979791,0.0017361843,0.0,0.0,0.0,0.0,0,3.28
33276000,33276000,1.0000001,0.00065824186,0.0022872747,0.0017930274,0.0,0.0,0.0,0.0,0,3.3
33296000,33296000,1.0000018,0.0008366612,0.0011492118,0.0018529058,0.0,0.0,0.0,0.0,0,3.32
33316000,33316000,1.0000023,0.0009911216,7.738116e-05,0.0019154195,0.0,0.0,0.0,0.0,0,3.34
33336000,33336000,1.0000015,0.0011268895,-0.0009251614,0.0019798714,0.0,0.0,0.0,0.0,0,3.36
33356000,33356000,0.99999994,0.0012563803,-0.001872377,0.00204622,0.0,0.0,0.0,0.0,0,3.38
33376000,33376000,0.99999756,0.0013875302,-0.0027534931,0.0021135793,0.0,0.0,0.0,0.0,0,3.4
33396000,33396000,0.99999464,0.0015095519,-0.0035802913,0.0021816946,0.0,0.0,0.0,0.0,0,3.42
33416000,33416000,0.9999912,0.001623058,-0.0043661706,0.002250345,0.0,0.0,0.0,0.0,0,3.44
33436000,33436000,0.99998736,0.0017278184,-0.005105474,0.002318793,0.0,0.0,0.0,0.0,0,3.46
33456000,33456000,0.9999833,0.0018191657,-0.005789084,0.002387113,0.0,0.0,0.0,0.0,0,3.48
33476000,33476000,0.99997914,0.001908317,-0.006413139,0.0024550713,0.0,0.0,0.0,0.0,0,3.5
33496000,33496000,0.99997497,0.0020054597,-0.006986636,0.0025220152,0.0,0.0,0.0,0.0,0,3.52
33516000,33516000,0.99997073,0.0021026514,-0.0075181467,0.0025881343,0.0,0.0,0.0,0.0,0,3.54
33536000,33536000,0.9999667,0.0021866346,-0.007995431,0.0026534596,0.0,0.0,0.0,0.0,0,3.56
33556000,33556000,0.9999628,0.002255698,-0.008430117,0.002716984,0.0,0.0,0.0,0.0,0,3.58
33576000,33576000,0.99995905,0.0023104514,-0.008830324,0.0027783408,0.0,0.0,0.0,0.0,0,3.6
33596000,33596000,0.9999556,0.002353987,-0.009179427,0.002837508,0.0,0.0,0.0,0.0,0,3.62
33616000,33616000,0.99995255,0.002390951,-0.009481084,0.0028946493,0.0,0.0,0.0,0.0,0,3.64
33636000,33636000,0.9999497,0.0024281917,-0.009753727,0.002949653,0.0,0.0,0.0,0.0,0,3.66
33656000,33656000,0.999947,0.0024535088,-0.01000309,0.0030021146,0.0,0.0,0.0,0.0,0,3.68
33676000,33676000,0.9999446,0.002472835,-0.010221142,0.0030515152,0.0,0.0,0.0,0.0,0,3.7
33696000,33696000,0.9999425,0.002493766,-0.010409538,0.003097995,0.0,0.0,0.0,0.0,0,3.72
33716000,33716000,0.99994045,0.0025157474,-0.010584778,0.003141513,0.0,0.0,0.0,0.0,0,3.74
33736000,33736000,0.99993867,0.0025364035,-0.010732196,0.0031819623,0.0,0.0,0.0,0.0,0,3.76
33756000,33756000,0.9999373,0.0025552749,-0.010845584,0.0032189242,0.0,0.0,0.0,0.0,0,3.78
33776000,33776000,0.9999361,0.0025676442,-0.010940557,0.0032527684,0.0,0.0,0.0,0.0,0,3.8
33796000,33796000,0.99993515,0.002576158,-0.011019808,0.0032835435,0.0,0.0,0.0,0.0,0,3.82
33816000,33816000,0.99993443,0.0025815836,-0.011073498,0.0033109495,0.0,0.0,0.0,0.0,0,3.84
33836000,33836000,0.9999341,0.002585852,-0.01109764,0.0033351246,0.0,0.0,0.0,0.0,0,3.86
33856000,33856000,0.9999341,0.0025857287,-0.011090384,0.0033561466,0.0,0.0,0.0,0.0,0,3.88
33876000,33876000,0.99993426,0.0025828097,-0.0110684065,0.0033741733,0.0,0.0,0.0,0.0,0,3.9
33896000,33896000,0.99993455,0.0025783472,-0.011036537,0.003389136,0.0,0.0,0.0,0.0,0,3.92
33916000,33916000,0.9999351,0.0025736117,-0.010987937,0.0034004436,0.0,0.0,0.0,0.0,0,3.94
33936000,33936000,0.99993575,0.0025674952,-0.01092593,0.0034083608,0.0,0.0,0.0,0.0,0,3.96
33956000,33956000,0.9999365,0.0025610046,-0.01085504,0.0034133622,0.0,0.0,0.0,0.0,0,3.98
33976000,33976000,0.9999374,0.002552435,-0.010773631,0.003415477,0.0,0.0,0.0,0.0,0,4.0
33996000,33996000,0.9999385,0.0025412352,-0.0106798215,0.003414641,0.0,0.0,0.0,0.0,0,4.02
34016000,34016000,0.99993974,0.002533746,-0.010562501,0.003410496,0.0,0.0,0.0,0.0,0,4.04
34036000,34036000,0.99994105,0.002530705,-0.010440898,0.0034033868,0.0,0.0,0.0,0.0,0,4.06
34056000,34056000,0.9999424,0.0025274209,-0.010315336,0.0033935797,0.0,0.0,0.0,0.0,0,4.08
34076000,34076000,0.99994385,0.0025234274,-0.010175903,0.0033811105,0.0,0.0,0.0,0.0,0,4.1
34096000,34096000,0.9999455,0.0025163086,-0.010021727,0.0033658845,0.0,0.0,0.0,0.0,0,4.12
34116000,34116000,0.99994725,0.0025049713,-0.00985313,0.0033479042,0.0,0.0,0.0,0.0,0,4.14
34136000,34136000,0.99994916,0.0024892965,-0.009669274,0.0033272891,0.0,0.0,0.0,0.0,0,4.16
34156000,34156000,0.9999511,0.002475999,-0.009477262,0.00330499,0.0,0.0,0.0,0.0,0,4.18
34176000,34176000,0.9999531,0.0024636965,-0.009274831,0.0032817998,0.0,0.0,0.0,0.0,0,4.2
34196000,34196000,0.99995524,0.002449867,-0.009059394,0.003257515,0.0,0.0,0.0,0.0,0,4.22
34216000,34216000,0.99995744,0.0024361964,-0.008825288,0.003231862,0.0,0.0,0.0,0.0,0,4.24
34236000,34236000,0.9999596,0.0024196794,-0.008590254,0.0032048358,0.0,0.0,0.0,0.0,0,4.26
34256000,34256000,0.9999617,0.0024060614,-0.008362373,0.0031765816,0.0,0.0,0.0,0.0,0,4.28
34276000,34276000,0.99996364,0.002404668,-0.008132611,0.0031471946,0.0,0.0,0.0,0.0,0,4.3
34296000,34296000,0.9999657,0.0024091306,-0.007884511,0.0031167688,0.0,0.0,0.0,0.0,0,4.32
34316000,34316000,0.99996775,0.002415318,-0.007631023,0.003085461,0.0,0.0,0.0,0.0,0,4.34
34336000,34336000,0.9999698,0.0024154456,-0.0073731015,0.0030534093,0.0,0.0,0.0,0.0,0,4.36
34356000,34356000,0.99997187,0.0024102784,-0.0071006543,0.0030204228,0.0,0.0,0.0,0.0,0,4.38
34376000,34376000,0.999974,0.0024019554,-0.0068143345,0.002986675,0.0,0.0,0.0,0.0,0,4.4
34396000,34396000,0.999976,0.0024031922,-0.0065294,0.0029524614,0.0,0.0,0.0,0.0,0,4.42
34416000,34416000,0.99997795,0.0024066372,-0.006239972,0.002917882,0.0,0.0,0.0,0.0,0,4.44
34436000,34436000,0.99997985,0.0024099774,-0.00594161,0.002883134,0.0,0.0,0.0,0.0,0,4.46
34456000,34456000,0.9999816,0.0024093057,-0.0056552654,0.0028481542,0.0,0.0,0.0,0.0,0,4.48
34476000,34476000,0.99998325,0.0024063906,-0.005379381,0.0028127541,0.0,0.0,0.0,0.0,0,4.5
34496000,34496000,0.99998474,0.0024007661,-0.0051126857,0.002777092,0.0,0.0,0.0,0.0,0,4.52
34516000,34516000,0.9999862,0.0023955065,-0.0048502833,0.0027412407,0.0,0.0,0.0,0.0,0,4.54
34536000,34536000,0.99998754,0.0023739545,-0.0045891074,0.0027055652,0.0,0.0,0.0,0.0,0,4.56
34556000,34556000,0.99998885,0.0023376797,-0.0043306,0.0026704464,0.0,0.0,0.0,0.0,0,4.58
34576000,34576000,0.9999901,0.0023049186,-0.0040712175,0.0026356254,0.0,0.0,0.0,0.0,0,4.6
34596000,34596000,0.9999913,0.0022809654,-0.0038069498,0.0026010983,0.0,0.0,0.0,0.0,0,4.62
34616000,34616000,0.99999243,0.0022659025,-0.003537383,0.0025668582,0.0,0.0,0.0,0.0,0,4.64
34636000,34636000,0.99999684,0.0018418399,-0.0023593537,0.0025372626,0.0,0.0,0.0,0.0,0,4.66
34656000,34656000,0.99999833,-0.00031185252,0.0024395683,0.002530624,0.0,0.0,0.0,0.0,0,4.68
34676000,34676000,0.9999326,-0.0044087344,0.010860295,0.0025596528,0.0,0.0,0.0,0.0,0,4.7
34696000,34696000,0.9997142,-0.010124466,0.021707945,0.0026338506,0.0,0.0,0.0,0.0,0,4.72
34716000,34716000,0.9992857,-0.017052667,0.03374624,0.0027580268,0.0,0.0,0.0,0.0,0,4.74
34736000,34736000,0.9986283,-0.024799297,0.046118893,0.0029376661,0.0,0.0,0.0,0.0,0,4.76
34756000,34756000,0.99774796,-0.033043128,0.05836276,0.0031796857,0.0,0.0,0.0,0.0,0,4.78
34776000,34776000,0.99667037,-0.041488923,0.07017018,0.0034872459,0.0,0.0,0.0,0.0,0,4.8
34796000,34796000,0.99544144,-0.0498947,0.08124686,0.0038637011,0.0,0.0,0.0,0.0,0,4.82
34816000,34816000,0.9941147,-0.058056876,0.0914109,0.0043088845,0.0,0.0,0.0,0.0,0,4.84
34836000,34836000,0.9927454,-0.06579704,0.10056471,0.0048177205,0.0,0.0,0.0,0.0,0,4.86
34856000,34856000,0.99138606,-0.072981246,0.108662516,0.005383148,0.0,0.0,0.0,0.0,0,4.88
34876000,34876000,0.990084,-0.07951853,0.11568782,0.0059982557,0.0,0.0,0.0,0.0,0,4.9
34896000,34896000,0.9888782,-0.08534068,0.12166254,0.006653384,0.0,0.0,0.0,0.0,0,4.92
34916000,34916000,0.9877967,-0.09040808,0.1266462,0.0073371897,0.0,0.0,0.0,0.0,0,4.94
34936000,34936000,0.9868601,-0.09471891,0.13069017,0.008042185,0.0,0.0,0.0,0.0,0,4.96
34956000,34956000,0.98608285,-0.09826926,0.13385107,0.008758654,0.0,0.0,0.0,0.0,0,4.98
34976000,34976000,0.9854702,-0.10108743,0.13619505,0.009479395,0.0,0.0,0.0,0.0,0,5.0
34996000,34996000,0.9850218,-0.103201896,0.13779154,0.010196266,0.0,0.0,0.0,0.0,0,5.02
35016000,35016000,0.984732,-0.10465526,0.13870989,0.010902889,0.0,0.0,0.0,0.0,0,5.04
35036000,35036000,0.98459494,-0.105479494,0.13900208,0.011592323,0.0,0.0,0.0,0.0,0,5.06
35056000,35056000,0.98460156,-0.10571777,0.13871658,0.0122596705,0.0,0.0,0.0,0.0,0,5.08
35076000,35076000,0.9847373,-0.1054279,0.13791351,0.012900952,0.0,0.0,0.0,0.0,0,5.1
35096000,35096000,0.984989,-0.10465888,0.13663724,0.013512326,0.0,0.0,0.0,0.0,0,5.12
35116000,35116000,0.98534214,-0.103459015,0.13493566,0.014090087,0.0,0.0,0.0,0.0,0,5.14
35136000,35136000,0.9857828,-0.10186355,0.13285756,0.014628986,0.0,0.0,0.0,0.0,0,5.16
35156000,35156000,0.9862992,-0.09991389,0.13042775,0.015126922,0.0,0.0,0.0,0.0,0,5.18
35176000,35176000,0.98687655,-0.0976617,0.12768394,0.015582667,0.0,0.0,0.0,0.0,0,5.2
35196000,35196000,0.9875027,-0.09514351,0.124657124,0.015993496,0.0,0.0,0.0,0.0,0,5.22
35216000,35216000,0.9881645,-0.09240311,0.12138431,0.016357508,0.0,0.0,0.0,0.0,0,5.24
35236000,35236000,0.9888545,-0.08945929,0.11787653,0.016672783,0.0,0.0,0.0,0.0,0,5.26
35256000,35256000,0.9895613,-0.08635172,0.11416629,0.016938645,0.0,0.0,0.0,0.0,0,5.28
35276000,35276000,0.9902764,-0.08310083,0.11028062,0.01715272,0.0,0.0,0.0,0.0,0,5.3
35296000,35296000,0.99099064,-0.079743035,0.10624472,0.0173154,0.0,0.0,0.0,0.0,0,5.32
35316000,35316000,0.9916988,-0.07628972,0.10207269,0.01742516,0.0,0.0,0.0,0.0,0,5.34
35336000,35336000,0.9923934,-0.07277432,0.09778956,0.017482702,0.0,0.0,0.0,0.0,0,5.36
35356000,35356000,0.99307036,-0.06920361,0.09340977,0.0174872,0.0,0.0,0.0,0.0,0,5.38
35376000,35376000,0.99372494,-0.06560277,0.088949166,0.017440047,0.0,0.0,0.0,0.0,0,5.4
35396000,35396000,0.9943545,-0.0619655,0.08442692,0.017339794,0.0,0.0,0.0,0.0,0,5.42
35416000,35416000,0.9949548,-0.058324404,0.07985482,0.01718944,0.0,0.0,0.0,0.0,0,5.44
35436000,35436000,0.99552387,-0.054678086,0.075253166,0.016989235,0.0,0.0,0.0,0.0,0,5.46
35456000,35456000,0.99606,-0.0510437,0.070624575,0.016742114,0.0,0.0,0.0,0.0,0,5.48
35476000,35476000,0.99656194,-0.047413662,0.06599103,0.016448166,0.0,0.0,0.0,0.0,0,5.5
35496000,35496000,0.9970284,-0.04381434,0.06135327,0.016111495,0.0,0.0,0.0,0.0,0,5.52
35516000,35516000,0.99745816,-0.040248863,0.056734603,0.01573357,0.0,0.0,0.0,0.0,0,5.54
35536000,35536000,0.99785066,-0.036737744,0.052142862,0.01531837,0.0,0.0,0.0,0.0,0,5.56
35556000,35556000,0.998206,-0.033272866,0.047598973,0.014867512,0.0,0.0,0.0,0.0,0,5.58
35576000,35576000,0.9985248,-0.029869791,0.04310672,0.014384859,0.0,0.0,0.0,0.0,0,5.6
35596000,35596000,0.99880767,-0.026519654,0.038686614,0.013872528,0.0,0.0,0.0,0.0,0,5.62
35616000,35616000,0.9990562,-0.02323437,0.034323573,0.013334885,0.0,0.0,0.0,0.0,0,5.64
35636000,35636000,0.99927115,-0.020013088,0.030042613,0.012774679,0.0,0.0,0.0,0.0,0,5.66
35656000,35656000,0.9994541,-0.016863558,0.025837041,0.01219583,0.0,0.0,0.0,0.0,0,5.68
35676000,35676000,0.9996062,-0.013783638,0.02172412,0.011601715,0.0,0.0,0.0,0.0,0,5.7
35696000,35696000,0.9997293,-0.01078243,0.01769996,0.010995907,0.0,0.0,0.0,0.0,0,5.72
35716000,35716000,0.9998249,-0.007858515,0.013773967,0.010382002,0.0,0.0,0.0,0.0,0,5.74
35736000,35736000,0.999895,-0.005018011,0.009931487,0.009763632,0.0,0.0,0.0,0.0,0,5.76
35756000,35756000,0.999941,-0.002264234,0.0061915433,0.009144084,0.0,0.0,0.0,0.0,0,5.78
35776000,35776000,0.99996483,0.00039043068,0.0025590905,0.008526469,0.0,0.0,0.0,0.0,0,5.8
35796000,35796000,0.9999684,0.0029521638,-0.00095710607,0.007913798,0.0,0.0,0.0,0.0,0,5.82
35816000,35816000,0.9999536,0.0054214518,-0.004366007,0.0073091174,0.0,0.0,0.0,0.0,0,5.84
35836000,35836000,0.9999223,0.007794752,-0.007661556,0.0067152036,0.0,0.0,0.0,0.0,0,5.86
35856000,35856000,0.9998762,0.010065699,-0.010849143,0.006134623,0.0,0.0,0.0,0.0,0,5.88
35876000,35876000,0.99981725,0.012234953,-0.013922578,0.0055699195,0.0,0.0,0.0,0.0,0,5.9
35896000,35896000,0.9997469,0.014307564,-0.016888304,0.005023217,0.0,0.0,0.0,0.0,0,5.92
35916000,35916000,0.99966705,0.01628422,-0.019736325,0.004496735,0.0,0.0,0.0,0.0,0,5.94
35936000,35936000,0.9995791,0.018163906,-0.022471134,0.00399243,0.0,0.0,0.0,0.0,0,5.96
35956000,35956000,0.9994846,0.019946009,-0.025089063,0.0035121096,0.0,0.0,0.0,0.0,0,5.98
35976000,35976000,0.9993852,0.021627147,-0.027592354,0.0030568845,0.0,0.0,0.0,0.0,0,6.0
35996000,35996000,0.9992817,0.02321422,-0.029989257,0.0026280852,0.0,0.0,0.0,0.0,0,6.02
36016000,36016000,0.9991755,0.02471085,-0.032277822,0.0022267243,0.0,0.0,0.0,0.0,0,6.04
36036000,36036000,0.9990675,0.026119005,-0.034461193,0.0018538879,0.0,0.0,0.0,0.0,0,6.06
36056000,36056000,0.9989589,0.027434899,-0.036542147,0.001510095,0.0,0.0,0.0,0.0,0,6.08
36076000,36076000,0.99885094,0.02866038,-0.038510937,0.0011962509,0.0,0.0,0.0,0.0,0,6.1
36096000,36096000,0.99874467,0.029796092,-0.040368047,0.0009122573,0.0,0.0,0.0,0.0,0,6.12
36116000,36116000,0.99864006,0.030847555,-0.042132568,0.0006574382,0.0,0.0,0.0,0.0,0,6.14
36136000,36136000,0.99853843,0.031810414,-0.043794803,0.0004322012,0.0,0.0,0.0,0.0,0,6.16
36156000,36156000,0.9984405,0.032692183,-0.045351885,0.00023690079,0.0,0.0,0.0,0.0,0,6.18
36176000,36176000,0.99834645,0.03350185,-0.046809252,7.1324015e-05,0.0,0.0,0.0,0.0,0,6.2
36196000,36196000,0.9982572,0.034230605,-0.048164867,-6.6068395e-05,0.0,0.0,0.0,0.0,0,6.22
36216000,36216000,0.9981736,0.034867417,-0.04942527,-0.00017655139,0.0,0.0,0.0,0.0,0,6.24
36236000,36236000,0.99809533,0.035419792,-0.050598226,-0.0002613486,0.0,0.0,0.0,0.0,0,6.26
36256000,36256000,0.9980233,0.03589766,-0.051670965,-0.00032059653,0.0,0.0,0.0,0.0,0,6.28
36276000,36276000,0.9979579,0.036299944,-0.05264343,-0.00035568178,0.0,0.0,0.0,0.0,0,6.3
36296000,36296000,0.997899,0.03662064,-0.05353078,-0.00036868014,0.0,0.0,0.0,0.0,0,6.32
36316000,36316000,0.99784607,0.03686759,-0.054341212,-0.00036085374,0.0,0.0,0.0,0.0,0,6.34
36336000,36336000,0.99779904,0.037057556,-0.05507094,-0.00033202887,0.0,0.0,0.0,0.0,0,6.36
36356000,36356000,0.9977581,0.037193432,-0.05571751,-0.0002832166,0.0,0.0,0.0,0.0,0,6.38
36376000,36376000,0.9977233,0.037276607,-0.05628291,-0.00021643423,0.0,0.0,0.0,0.0,0,6.4
36396000,36396000,0.9976941,0.037315886,-0.05677252,-0.00013215795,0.0,0.0,0.0,0.0,0,6.42
36416000,36416000,0.99767053,0.03730587,-0.05719204,-3.2958214e-05,0.0,0.0,0.0,0.0,0,6.44
36436000,36436000,0.9976523,0.03725295,-0.057542816,7.9816426e-05,0.0,0.0,0.0,0.0,0,6.46
36456000,36456000,0.9976395,0.03715953,-0.05782451,0.00020477614,0.0,0.0,0.0,0.0,0,6.48
36476000,36476000,0.9976323,0.037015997,-0.058039114,0.00033954,0.0,0.0,0.0,0.0,0,6.5
36496000,36496000,0.99763113,0.036827434,-0.05817859,0.00048328866,0.0,0.0,0.0,0.0,0,6.52
36516000,36516000,0.99763566,0.036596682,-0.058245327,0.00063448725,0.0,0.0,0.0,0.0,0,6.54
36536000,36536000,0.99764514,0.03631901,-0.058254387,0.00079069386,0.0,0.0,0.0,0.0,0,6.56
36556000,36556000,0.9976593,0.036003392,-0.058204684,0.00095098367,0.0,0.0,0.0,0.0,0,6.58
36576000,36576000,0.99767786,0.0356593,-0.05809602,0.0011146701,0.0,0.0,0.0,0.0,0,6.6
36596000,36596000,0.99770015,0.035286583,-0.057937253,0.0012792717,0.0,0.0,0.0,0.0,0,6.62
36616000,36616000,0.99772644,0.034887467,-0.05772228,0.0014438924,0.0,0.0,0.0,0.0,0,6.64
36636000,36636000,0.99775624,0.034462783,-0.05745739,0.001607108,0.0,0.0,0.0,0.0,0,6.66
36656000,36656000,0.9977893,0.034013614,-0.05714464,0.001767606,0.0,0.0,0.0,0.0,0,6.68
36676000,36676000,0.997826,0.033548947,-0.056773383,0.0019248932,0.0,0.0,0.0,0.0,0,6.7
36696000,36696000,0.99786574,0.033069596,-0.05634882,0.0020777113,0.0,0.0,0.0,0.0,0,6.72
36716000,36716000,0.99790835,0.032576866,-0.055872947,0.002225079,0.0,0.0,0.0,0.0,0,6.74
36736000,36736000,0.99795353,0.032063454,-0.055354726,0.002365164,0.0,0.0,0.0,0.0,0,6.76
36756000,36756000,0.99800074,0.03152876,-0.054802492,0.0024963527,0.0,0.0,0.0,0.0,0,6.78
36776000,36776000,0.9980499,0.030985236,-0.0542085,0.002618679,0.0,0.0,0.0,0.0,0,6.8
36796000,36796000,0.998101,0.030435447,-0.05356993,0.0027317223,0.0,0.0,0.0,0.0,0,6.82
36816000,36816000,0.9981535,0.029885039,-0.052891437,0.0028350234,0.0,0.0,0.0,0.0,0,6.84
36836000,36836000,0.99820757,0.02932909,-0.05217296,0.0029279043,0.0,0.0,0.0,0.0,0,6.86
36856000,36856000,0.99826276,0.028768372,-0.05141921,0.0030095493,0.0,0.0,0.0,0.0,0,6.88
36876000,36876000,0.9983184,0.028199617,-0.050643783,0.0030786265,0.0,0.0,0.0,0.0,0,6.9
36896000,36896000,0.9983741,0.027622182,-0.049854357,0.0031347778,0.0,0.0,0.0,0.0,0,6.92
36916000,36916000,0.9984298,0.027039073,-0.049049493,0.0031783169,0.0,0.0,0.0,0.0,0,6.94
36936000,36936000,0.9984852,0.026463155,-0.04822595,0.003209982,0.0,0.0,0.0,0.0,0,6.96
36956000,36956000,0.9985402,0.025898721,-0.047384996,0.0032294577,0.0,0.0,0.0,0.0,0,6.98
36976000,36976000,0.99859494,0.025339331,-0.046526246,0.0032359369,0.0,0.0,0.0,0.0,0,7.0
36996000,36996000,0.99864966,0.02478233,-0.045644052,0.0032297361,0.0,0.0,0.0,0.0,0,7.02
37016000,37016000,0.9987038,0.024233947,-0.04474623,0.0032107797,0.0,0.0,0.0,0.0,0,7.04
37036000,37036000,0.99875695,0.023701154,-0.043838482,0.0031796845,0.0,0.0,0.0,0.0,0,7.06
37056000,37056000,0.9988097,0.023175322,-0.042911474,0.0031365391,0.0,0.0,0.0,0.0,0,7.08
37076000,37076000,0.99886143,0.02265369,-0.041978993,0.0030810244,0.0,0.0,0.0,0.0,0,7.1
37096000,37096000,0.99891186,0.022141054,-0.041047525,0.0030135124,0.0,0.0,0.0,0.0,0,7.12
37116000,37116000,0.9989609,0.021636069,-0.04011859,0.0029338645,0.0,0.0,0.0,0.0,0,7.14
37136000,37136000,0.99900883,0.021134743,-0.039187785,0.002842323,0.0,0.0,0.0,0.0,0,7.16
37156000,37156000,0.9990555,0.020637205,-0.0382593,0.0027400719,0.0,0.0,0.0,0.0,0,7.18
37176000,37176000,0.99910104,0.020143587,-0.037329614,0.002627482,0.0,0.0,0.0,0.0,0,7.2
37196000,37196000,0.99914545,0.019653736,-0.03639953,0.0025050165,0.0,0.0,0.0,0.0,0,7.22
37216000,37216000,0.9991886,0.019172492,-0.035469133,0.002373331,0.0,0.0,0.0,0.0,0,7.24
37236000,37236000,0.9992305,0.01870342,-0.03453556,0.002233592,0.0,0.0,0.0,0.0,0,7.26
37256000,37256000,0.9992713,0.018244028,-0.033598494,0.0020862923,0.0,0.0,0.0,0.0,0,7.28
37276000,37276000,0.9993107,0.017794052,-0.03266451,0.0019320082,0.0,0.0,0.0,0.0,0,7.3
37296000,37296000,0.99934864,0.017353905,-0.03173413,0.0017710587,0.0,0.0,0.0,0.0,0,7.32
37316000,37316000,0.9993851,0.01691995,-0.030815668,0.0016039312,0.0,0.0,0.0,0.0,0,7.34
37336000,37336000,0.9994199,0.016493522,-0.02991396,0.0014313172,0.0,0.0,0.0,0.0,0,7.36
37356000,37356000,0.9994531,0.016078424,-0.02902547,0.0012538258,0.0,0.0,0.0,0.0,0,7.38
37376000,37376000,0.9994847,0.01567789,-0.028149713,0.0010721233,0.0,0.0,0.0,0.0,0,7.4
37396000,37396000,0.9995147,0.015286619,-0.027294675,0.00088675466,0.0,0.0,0.0,0.0,0,7.42
37416000,37416000,0.9995435,0.014896163,-0.02644889,0.00069888687,0.0,0.0,0.0,0.0,0,7.44
37436000,37436000,0.99957144,0.014503333,-0.025601672,0.00050904945,0.0,0.0,0.0,0.0,0,7.46
37456000,37456000,0.9995984,0.014109615,-0.024759231,0.0003176862,0.0,0.0,0.0,0.0,0,7.48
37476000,37476000,0.9996239,0.013725781,-0.023932688,0.00012527188,0.0,0.0,0.0,0.0,0,7.5
37496000,37496000,0.9996481,0.0133519685,-0.023118947,-6.690865e-05,0.0,0.0,0.0,0.0,0,7.52
37516000,37516000,0.99967116,0.012987339,-0.022313446,-0.000258307,0.0,0.0,0.0,0.0,0,7.54
37536000,37536000,0.99969316,0.012633208,-0.02151393,-0.0004484461,0.0,0.0,0.0,0.0,0,7.56
37556000,37556000,0.9997141,0.012291931,-0.02072174,-0.0006371338,0.0,0.0,0.0,0.0,0,7.58
37576000,37576000,0.99973387,0.011959995,-0.019938793,-0.00082424306,0.0,0.0,0.0,0.0,0,7.6
37596000,37596000,0.99975264,0.011633002,-0.019169243,-0.0010095339,0.0,0.0,0.0,0.0,0,7.62
37616000,37616000,0.9997704,0.011317368,-0.018403612,-0.0011925569,0.0,0.0,0.0,0.0,0,7.64
37636000,37636000,0.999787,0.011020669,-0.017656418,-0.001372693,0.0,0.0,0.0,0.0,0,7.66
37656000,37656000,0.9998024,0.010735183,-0.01693033,-0.001550143,0.0,0.0,0.0,0.0,0,7.68
37676000,37676000,0.9998168,0.010459502,-0.016221454,-0.0017243339,0.0,0.0,0.0,0.0,0,7.7
37696000,37696000,0.99983037,0.010191111,-0.015520251,-0.0018945815,0.0,0.0,0.0,0.0,0,7.72
37716000,37716000,0.9998431,0.009933366,-0.01482836,-0.0020603605,0.0,0.0,0.0,0.0,0,7.74
37736000,37736000,0.9998551,0.009686111,-0.014147859,-0.0022212684,0.0,0.0,0.0,0.0,0,7.76
37756000,37756000,0.99986625,0.009447333,-0.013479147,-0.0023772004,0.0,0.0,0.0,0.0,0,7.78
37776000,37776000,0.9998767,0.009212191,-0.012824971,-0.002528141,0.0,0.0,0.0,0.0,0,7.8
37796000,37796000,0.9998864,0.008976585,-0.012187388,-0.0026737605,0.0,0.0,0.0,0.0,0,7.82
37816000,37816000,0.9998956,0.008731615,-0.0115655335,-0.002813951,0.0,0.0,0.0,0.0,0,7.84
37836000,37836000,0.99990404,0.008485075,-0.0109693175,-0.0029486506,0.0,0.0,0.0,0.0,0,7.86
37856000,37856000,0.9999116,0.008252559,-0.010405956,-0.0030782104,0.0,0.0,0.0,0.0,0,7.88
37876000,37876000,0.9999186,0.008033572,-0.009854315,-0.0032023096,0.0,0.0,0.0,0.0,0,7.9
37896000,37896000,0.99992514,0.007818234,-0.009310823,-0.0033209105,0.0,0.0,0.0,0.0,0,7.92
37916000,37916000,0.99993104,0.007608747,-0.0087948255,-0.0034341658,0.0,0.0,0.0,0.0,0,7.94
37936000,37936000,0.99993646,0.007395811,-0.008304769,-0.0035420463,0.0,0.0,0.0,0.0,0,7.96
37956000,37956000,0.9999415,0.0071746325,-0.007832046,-0.0036447323,0.0,0.0,0.0,0.0,0,7.98
37976000,37976000,0.99994624,0.006959558,-0.007359129,-0.0037422567,0.0,0.0,0.0,0.0,0,8.0
37996000,37996000,0.99995065,0.006751247,-0.006894902,-0.0038349472,0.0,0.0,0.0,0.0,0,8.02
38016000,38016000,0.9999546,0.0065472317,-0.0064578853,-0.003923069,0.0,0.0,0.0,0.0,0,8.04
38036000,38036000,0.99995816,0.0063401004,-0.0060470384,-0.004006414,0.0,0.0,0.0,0.0,0,8.06
38056000,38056000,0.99996144,0.006129309,-0.0056590587,-0.004085475,0.0,0.0,0.0,0.0,0,8.08
38076000,38076000,0.9999644,0.005921658,-0.0052836128,-0.004160512,0.0,0.0,0.0,0.0,0,8.1
38096000,38096000,0.9999671,0.005722312,-0.00492053,-0.004231634,0.0,0.0,0.0,0.0,0,8.12
38116000,38116000,0.99996954,0.005528226,-0.004574798,-0.004298726,0.0,0.0,0.0,0.0,0,8.14
38136000,38136000,0.9999718,0.005340048,-0.0042380067,-0.004362157,0.0,0.0,0.0,0.0,0,8.16
38156000,38156000,0.9999738,0.005162659,-0.0039164596,-0.0044219526,0.0,0.0,0.0,0.0,0,8.18
38176000,38176000,0.99997556,0.004993928,-0.0036106477,-0.0044786953,0.0,0.0,0.0,0.0,0,8.2
38196000,38196000,0.9999771,0.004827599,-0.0033128525,-0.004532766,0.0,0.0,0.0,0.0,0,8.22
38216000,38216000,0.9999786,0.004659247,-0.0030213792,-0.0045847422,0.0,0.0,0.0,0.0,0,8.24
38236000,38236000,0.99998,0.004481979,-0.0027554322,-0.0046345433,0.0,0.0,0.0,0.0,0,8.26
38256000,38256000,0.9999812,0.0042962185,-0.0025102058,-0.004682374,0.0,0.0,0.0,0.0,0,8.28
38276000,38276000,0.99998236,0.0041036885,-0.0022749028,-0.0047284765,0.0,0.0,0.0,0.0,0,8.3
38296000,38296000,0.99998343,0.003904951,-0.0020523854,-0.004772863,0.0,0.0,0.0,0.0,0,8.32
38316000,38316000,0.9999843,0.00371098,-0.0018537226,-0.0048161643,0.0,0.0,0.0,0.0,0,8.34
38336000,38336000,0.99998516,0.0035271023,-0.0016635554,-0.004858384,0.0,0.0,0.0,0.0,0,8.36
38356000,38356000,0.9999858,0.003354843,-0.0014749831,-0.0049001095,0.0,0.0,0.0,0.0,0,8.38
38376000,38376000,0.9999864,0.0031862624,-0.0013064845,-0.0049415645,0.0,0.0,0.0,0.0,0,8.4
38396000,38396000,0.9999869,0.00302742,-0.0011449417,-0.0049824333,0.0,0.0,0.0,0.0,0,8.42
38416000,38416000,0.9999873,0.0028768643,-0.0009906493,-0.005022967,0.0,0.0,0.0,0.0,0,8.44
38436000,38436000,0.99998766,0.0027318466,-0.0008538603,-0.005063797,0.0,0.0,0.0,0.0,0,8.46
38456000,38456000,0.9999879,0.0026008862,-0.00073153025,-0.005105103,0.0,0.0,0.0,0.0,0,8.48
38476000,38476000,0.999988,0.0024787963,-0.0006138767,-0.0051466124,0.0,0.0,0.0,0.0,0,8.5
38496000,38496000,0.9999882,0.0023608464,-0.0005093087,-0.005188597,0.0,0.0,0.0,0.0,0,8.52
38516000,38516000,0.99998826,0.0022439389,-0.00041541035,-0.0052315067,0.0,0.0,0.0,0.0,0,8.54
38536000,38536000,0.9999883,0.0021327785,-0.00033160346,-0.0052752164,0.0,0.0,0.0,0.0,0,8.56
38556000,38556000,0.9999883,0.0020318544,-0.00024533243,-0.0053199385,0.0,0.0,0.0,0.0,0,8.58
38576000,38576000,0.99998826,0.001934611,-0.0001578794,-0.0053657466,0.0,0.0,0.0,0.0,0,8.6
38596000,38596000,0.9999882,0.0018390268,-8.6316424e-05,-0.005411801,0.0,0.0,0.0,0.0,0,8.62
38616000,38616000,0.99998814,0.0017518473,-2.9238972e-05,-0.0054587317,0.0,0.0,0.0,0.0,0,8.64
38636000,38636000,0.999988,0.0016702757,2.4625942e-05,-0.0055069276,0.0,0.0,0.0,0.0,0,8.66
38656000,38656000,0.99998784,0.0015942926,8.0930935e-05,-0.00555616,0.0,0.0,0.0,0.0,0,8.68
38676000,38676000,0.99998766,0.0015263724,0.0001271785,-0.005606521,0.0,0.0,0.0,0.0,0,8.7
38696000,38696000,0.9999875,0.0014631299,0.00016730824,-0.005658375,0.0,0.0,0.0,0.0,0,8.72
38716000,38716000,0.99998724,0.0014009174,0.00020506172,-0.005711681,0.0,0.0,0.0,0.0,0,8.74
38736000,38736000,0.999987,0.0013374215,0.00022991771,-0.0057662134,0.0,0.0,0.0,0.0,0,8.76
38756000,38756000,0.99998677,0.0012828808,0.00023202936,-0.005822116,0.0,0.0,0.0,0.0,0,8.78
38776000,38776000,0.99998647,0.001243406,0.00023404355,-0.0058788816,0.0,0.0,0.0,0.0,0,8.8
38796000,38796000,0.9999862,0.0012140226,0.00023744792,-0.005936771,0.0,0.0,0.0,0.0,0,8.82
38816000,38816000,0.9999859,0.0011810486,0.00022795804,-0.005995864,0.0,0.0,0.0,0.0,0,8.84
38836000,38836000,0.9999855,0.0011532301,0.00021517447,-0.0060560084,0.0,0.0,0.0,0.0,0,8.86
38856000,38856000,0.99998516,0.0011406664,0.0002091293,-0.0061172456,0.0,0.0,0.0,0.0,0,8.88
38876000,38876000,0.9999848,0.0011328883,0.00019930894,-0.00617968,0.0,0.0,0.0,0.0,0,8.9
38896000,38896000,0.9999844,0.0011327558,0.00018899536,-0.006243089,0.0,0.0,0.0,0.0,0,8.92
38916000,38916000,0.99998397,0.001140154,0.00018375728,-0.006307373,0.0,0.0,0.0,0.0,0,8.94
38936000,38936000,0.99998355,0.0011438471,0.00016517569,-0.0063728574,0.0,0.0,0.0,0.0,0,8.96
38956000,38956000,0.99998313,0.0011469693,0.00014105346,-0.0064391806,0.0,0.0,0.0,0.0,0,8.98
38976000,38976000,0.9999827,0.0011594841,0.00012845181,-0.0065062866,0.0,0.0,0.0,0.0,0,9.0
38996000,38996000,0.99998224,0.001183086,0.00011792103,-0.006574746,0.0,0.0,0.0,0.0,0,9.02
39016000,39016000,0.99998176,0.0012114523,0.00010007356,-0.006644212,0.0,0.0,0.0,0.0,0,9.04
39036000,39036000,0.9999812,0.0012423111,8.538958e-05,-0.0067144586,0.0,0.0,0.0,0.0,0,9.06
39056000,39056000,0.99998075,0.0012726466,7.469662e-05,-0.0067854584,0.0,0.0,0.0,0.0,0,9.08
39076000,39076000,0.9999802,0.0012905034,5.6937453e-05,-0.0068568895,0.0,0.0,0.0,0.0,0,9.1
39096000,39096000,0.9999797,0.0013010071,3.739629e-05,-0.0069285985,0.0,0.0,0.0,0.0,0,9.12
39116000,39116000,0.9999792,0.0013130145,2.3996554e-05,-0.007000367,0.0,0.0,0.0,0.0,0,9.14
39136000,39136000,0.99997866,0.0013295488,1.219087e-05,-0.007072271,0.0,0.0,0.0,0.0,0,9.16
39156000,39156000,0.9999781,0.0013481397,3.2715764e-06,-0.0071445447,0.0,0.0,0.0,0.0,0,9.18
39176000,39176000,0.9999776,0.0013647974,-5.0391204e-06,-0.007217306,0.0,0.0,0.0,0.0,0,9.2
39196000,39196000,0.999977,0.0013833034,-7.407897e-06,-0.00729047,0.0,0.0,0.0,0.0,0,9.22
39216000,39216000,0.99997646,0.0013965581,-1.783575e-05,-0.00736421,0.0,0.0,0.0,0.0,0,9.24
39236000,39236000,0.9999759,0.0014059958,-2.9854029e-05,-0.0074382965,0.0,0.0,0.0,0.0,0,9.26
39256000,39256000,0.9999753,0.0014088658,-4.324792e-05,-0.0075124265,0.0,0.0,0.0,0.0,0,9.28
39276000,39276000,0.9999748,0.0014129666,-5.0811603e-05,-0.0075868582,0.0,0.0,0.0,0.0,0,9.3
39296000,39296000,0.9999742,0.0014128573,-5.8966805e-05,-0.0076616188,0.0,0.0,0.0,0.0,0,9.32
39316000,39316000,0.99997365,0.0014094579,-6.4931635e-05,-0.0077370037,0.0,0.0,0.0,0.0,0,9.34
39336000,39336000,0.99997306,0.0014132282,-5.795302e-05,-0.007813008,0.0,0.0,0.0,0.0,0,9.36
39356000,39356000,0.9999724,0.0014146259,-5.160856e-05,-0.007889887,0.0,0.0,0.0,0.0,0,9.38
39376000,39376000,0.9999718,0.001401,-5.7527453e-05,-0.007967357,0.0,0.0,0.0,0.0,0,9.4
39396000,39396000,0.9999713,0.0013720456,-7.312463e-05,-0.008045504,0.0,0.0,0.0,0.0,0,9.42
39416000,39416000,0.9999707,0.0013389689,-8.679325e-05,-0.008124364,0.0,0.0,0.0,0.0,0,9.44
39436000,39436000,0.99997,0.0013085586,-9.168099e-05,-0.008203859,0.0,0.0,0.0,0.0,0,9.46
39456000,39456000,0.9999694,0.0012785662,-0.00010253437,-0.008283915,0.0,0.0,0.0,0.0,0,9.48
39476000,39476000,0.99996877,0.0012432492,-0.00012703535,-0.008364848,0.0,0.0,0.0,0.0,0,9.5
39496000,39496000,0.9999682,0.0012045224,-0.00015623638,-0.00844656,0.0,0.0,0.0,0.0,0,9.52
39516000,39516000,0.99996746,0.001172102,-0.00017687725,-0.008528929,0.0,0.0,0.0,0.0,0,9.54
39536000,39536000,0.9999668,0.0011481945,-0.00020761763,-0.00861193,0.0,0.0,0.0,0.0,0,9.56
39556000,39556000,0.9999661,0.0011297631,-0.00025498285,-0.008695531,0.0,0.0,0.0,0.0,0,9.58
39576000,39576000,0.9999653,0.0011189157,-0.00029984093,-0.008779806,0.0,0.0,0.0,0.0,0,9.6
39596000,39596000,0.9999646,0.0011086023,-0.00034210488,-0.0088648815,0.0,0.0,0.0,0.0,0,9.62
39616000,39616000,0.9999638,0.0011004192,-0.00037763573,-0.008951054,0.0,0.0,0.0,0.0,0,9.64
39636000,39636000,0.99996305,0.0010925434,-0.0004102778,-0.009038012,0.0,0.0,0.0,0.0,0,9.66
39656000,39656000,0.9999622,0.0010908064,-0.000442369,-0.0091254795,0.0,0.0,0.0,0.0,0,9.68
39676000,39676000,0.9999614,0.0010908514,-0.00047900112,-0.009213531,0.0,0.0,0.0,0.0,0,9.7
39696000,39696000,0.99996054,0.0010936556,-0.00052783225,-0.009302054,0.0,0.0,0.0,0.0,0,9.72
39716000,39716000,0.9999597,0.0011052878,-0.00056997355,-0.0093908785,0.0,0.0,0.0,0.0,0,9.74
39736000,39736000,0.9999588,0.0011214073,-0.0006043298,-0.009479631,0.0,0.0,0.0,0.0,0,9.76
39756000,39756000,0.9999579,0.0011343545,-0.0006361882,-0.009568678,0.0,0.0,0.0,0.0,0,9.78
39776000,39776000,0.999957,0.0011501419,-0.0006603639,-0.009657652,0.0,0.0,0.0,0.0,0,9.8
39796000,39796000,0.99995613,0.0011665699,-0.00069512427,-0.009746063,0.0,0.0,0.0,0.0,0,9.82
39816000,39816000,0.99995524,0.0011836169,-0.00073729496,-0.0098342355,0.0,0.0,0.0,0.0,0,9.84
39836000,39836000,0.9999543,0.0012093381,-0.0007703733,-0.009922669,0.0,0.0,0.0,0.0,0,9.86
39856000,39856000,0.9999533,0.0012433392,-0.00079249905,-0.010011089,0.0,0.0,0.0,0.0,0,9.88
39876000,39876000,0.9999524,0.0012762903,-0.00082475593,-0.010099336,0.0,0.0,0.0,0.0,0,9.9
39896000,39896000,0.9999514,0.0013084548,-0.00086162426,-0.010187788,0.0,0.0,0.0,0.0,0,9.92
39916000,39916000,0.99995047,0.0013458038,-0.00089073903,-0.010276164,0.0,0.0,0.0,0.0,0,9.94
39936000,39936000,0.99994946,0.0013873798,-0.0009117319,-0.010364242,0.0,0.0,0.0,0.0,0,9.96
39956000,39956000,0.99994844,0.001439958,-0.000935172,-0.010451124,0.0,0.0,0.0,0.0,0,9.98
39976000,39976000,0.9999474,0.001501185,-0.00096419285,-0.010537094,0.0,0.0,0.0,0.0,0,10.0
39996000,39996000,0.9999464,0.0015607155,-0.0009832055,-0.010622261,0.0,0.0,0.0,0.0,0,10.02
40016000,40016000,0.9999454,0.0016128494,-0.0010009635,-0.010707108,0.0,0.0,0.0,0.0,0,10.04
40036000,40036000,0.99994445,0.001664631,-0.0010111312,-0.010791841,0.0,0.0,0.0,0.0,0,10.06
40056000,40056000,0.99994344,0.001718714,-0.0010108072,-0.010876502,0.0,0.0,0.0,0.0,0,10.08
40076000,40076000,0.9999424,0.0017772166,-0.001008607,-0.010960723,0.0,0.0,0.0,0.0,0,10.1
40096000,40096000,0.99994135,0.0018321982,-0.0010276345,-0.011044874,0.0,0.0,0.0,0.0,0,10.12
40116000,40116000,0.9999403,0.0018774527,-0.0010559679,-0.01112902,0.0,0.0,0.0,0.0,0,10.14
40136000,40136000,0.99993926,0.0019208229,-0.0010692292,-0.011213052,0.0,0.0,0.0,0.0,0,10.16
40156000,40156000,0.9999382,0.0019747005,-0.0010779517,-0.011296082,0.0,0.0,0.0,0.0,0,10.18
40176000,40176000,0.9999371,0.002037002,-0.0010961652,-0.011378273,0.0,0.0,0.0,0.0,0,10.2
40196000,40196000,0.99993604,0.0020998446,-0.0011195076,-0.0114598125,0.0,0.0,0.0,0.0,0,10.22
40216000,40216000,0.999935,0.0021589617,-0.0011437357,-0.0115407575,0.0,0.0,0.0,0.0,0,10.24
40236000,40236000,0.9999339,0.002212278,-0.0011669929,-0.011621136,0.0,0.0,0.0,0.0,0,10.26
40256000,40256000,0.9999328,0.002256058,-0.0011911065,-0.011701322,0.0,0.0,0.0,0.0,0,10.28
40276000,40276000,0.9999318,0.0022868752,-0.0012185484,-0.011781158,0.0,0.0,0.0,0.0,0,10.3
40296000,40296000,0.99993074,0.0023102867,-0.0012488965,-0.011860181,0.0,0.0,0.0,0.0,0,10.32
40316000,40316000,0.9999297,0.0023303968,-0.001283558,-0.011938531,0.0,0.0,0.0,0.0,0,10.34
40336000,40336000,0.9999287,0.0023445159,-0.0013188977,-0.012016399,0.0,0.0,0.0,0.0,0,10.36
40356000,40356000,0.99992776,0.0023462758,-0.0013581591,-0.012094121,0.0,0.0,0.0,0.0,0,10.38
40376000,40376000,0.99992675,0.002340276,-0.0013953043,-0.01217181,0.0,0.0,0.0,0.0,0,10.4
40396000,40396000,0.9999258,0.00232923,-0.0014270067,-0.012249077,0.0,0.0,0.0,0.0,0,10.42
40416000,40416000,0.99992484,0.002310614,-0.0014551193,-0.012325831,0.0,0.0,0.0,0.0,0,10.44
40436000,40436000,0.99992394,0.0022863944,-0.0014795704,-0.01240202,0.0,0.0,0.0,0.0,0,10.46
40456000,40456000,0.99992305,0.0022573231,-0.0015015806,-0.012477819,0.0,0.0,0.0,0.0,0,10.48
40476000,40476000,0.99992216,0.0022190812,-0.001521815,-0.01255389,0.0,0.0,0.0,0.0,0,10.5
40496000,40496000,0.99992126,0.002181457,-0.0015301085,-0.012629944,0.0,0.0,0.0,0.0,0,10.52
40516000,40516000,0.99992037,0.0021416822,-0.0015363696,-0.0127057005,0.0,0.0,0.0,0.0,0,10.54
40536000,40536000,0.9999195,0.0020897684,-0.0015400172,-0.012781016,0.0,0.0,0.0,0.0,0,10.56
40556000,40556000,0.99991864,0.0020286073,-0.0015414478,-0.012855848,0.0,0.0,0.0,0.0,0,10.58
40576000,40576000,0.9999178,0.0019639167,-0.0015418374,-0.0129307965,0.0,0.0,0.0,0.0,0,10.6
40596000,40596000,0.999917,0.0018999969,-0.0015329703,-0.013005764,0.0,0.0,0.0,0.0,0,10.62
40616000,40616000,0.99991614,0.0018338823,-0.0015184723,-0.01308079,0.0,0.0,0.0,0.0,0,10.64
40636000,40636000,0.9999153,0.0017670924,-0.0015023927,-0.01315563,0.0,0.0,0.0,0.0,0,10.66
40656000,40656000,0.99991447,0.0017014082,-0.0014823381,-0.013230454,0.0,0.0,0.0,0.0,0,10.68
40676000,40676000,0.99991363,0.0016414582,-0.0014671923,-0.013305177,0.0,0.0,0.0,0.0,0,10.7
40696000,40696000,0.99991274,0.0015757483,-0.0014510456,-0.013379502,0.0,0.0,0.0,0.0,0,10.72
40716000,40716000,0.9999119,0.001504058,-0.0014338722,-0.013453667,0.0,0.0,0.0,0.0,0,10.74
40736000,40736000,0.999911,0.0014397767,-0.0014158604,-0.013527785,0.0,0.0,0.0,0.0,0,10.76
40756000,40756000,0.9999101,0.0013854433,-0.0013874063,-0.013602051,0.0,0.0,0.0,0.0,0,10.78
40776000,40776000,0.9999092,0.0013349251,-0.0013588973,-0.013676344,0.0,0.0,0.0,0.0,0,10.8
40796000,40796000,0.99990827,0.0012796767,-0.0013375395,-0.013750825,0.0,0.0,0.0,0.0,0,10.82
40816000,40816000,0.9999074,0.0012234981,-0.001315845,-0.0138255935,0.0,0.0,0.0,0.0,0,10.84
40836000,40836000,0.9999064,0.0011649316,-0.0012893641,-0.013900647,0.0,0.0,0.0,0.0,0,10.86
40856000,40856000,0.99990547,0.0011083643,-0.0012617955,-0.01397584,0.0,0.0,0.0,0.0,0,10.88
40876000,40876000,0.9999045,0.001056295,-0.0012339397,-0.01405127,0.0,0.0,0.0,0.0,0,10.9
40896000,40896000,0.99990356,0.0010025391,-0.0012075591,-0.014126862,0.0,0.0,0.0,0.0,0,10.92
40916000,40916000,0.99990255,0.0009510569,-0.0011836942,-0.014202763,0.0,0.0,0.0,0.0,0,10.94
40936000,40936000,0.99990153,0.0009033873,-0.0011596506,-0.014279031,0.0,0.0,0.0,0.0,0,10.96
40956000,40956000,0.9999005,0.000855674,-0.0011344623,-0.014355479,0.0,0.0,0.0,0.0,0,10.98
40976000,40976000,0.99989945,0.00080791774,-0.0011036411,-0.014432211,0.0,0.0,0.0,0.0,0,11.0
40996000,40996000,0.99989843,0.00076026923,-0.001069145,-0.014509319,0.0,0.0,0.0,0.0,0,11.02
41016000,41016000,0.99989736,0.00070849655,-0.0010371292,-0.014586717,0.0,0.0,0.0,0.0,0,11.04
41036000,41036000,0.9998963,0.0006530706,-0.0010117829,-0.014664266,0.0,0.0,0.0,0.0,0,11.06
41056000,41056000,0.9998952,0.00059458433,-0.0009963241,-0.014742002,0.0,0.0,0.0,0.0,0,11.08
41076000,41076000,0.9998941,0.0005358705,-0.0009918616,-0.0148199005,0.0,0.0,0.0,0.0,0,11.1
41096000,41096000,0.99989295,0.00047956186,-0.000986696,-0.014898118,0.0,0.0,0.0,0.0,0,11.12
41116000,41116000,0.9998918,0.00042422145,-0.0009800798,-0.014976609,0.0,0.0,0.0,0.0,0,11.14
41136000,41136000,0.9998907,0.00036663387,-0.0009682356,-0.015055128,0.0,0.0,0.0,0.0,0,11.16
41156000,41156000,0.99988955,0.0003078127,-0.0009566421,-0.015133643,0.0,0.0,0.0,0.0,0,11.18
41176000,41176000,0.99988836,0.00024900175,-0.0009556308,-0.015212272,0.0,0.0,0.0,0.0,0,11.2
41196000,41196000,0.99988717,0.00018601152,-0.00096057367,-0.015291166,0.0,0.0,0.0,0.0,0,11.22
41216000,41216000,0.999886,0.00012120848,-0.0009649964,-0.0153703345,0.0,0.0,0.0,0.0,0,11.24
41236000,41236000,0.9998847,5.2547475e-05,-0.0009713716,-0.015449541,0.0,0.0,0.0,0.0,0,11.26
41256000,41256000,0.9998835,-2.4384903e-05,-0.00097781,-0.015528744,0.0,0.0,0.0,0.0,0,11.28
41276000,41276000,0.9998822,-0.00010955662,-0.000988456,-0.015607932,0.0,0.0,0.0,0.0,0,11.3
41296000,41296000,0.99988097,-0.0002014018,-0.0010040397,-0.015687084,0.0,0.0,0.0,0.0,0,11.32
41316000,41316000,0.9998797,-0.00029427305,-0.0010143794,-0.015766293,0.0,0.0,0.0,0.0,0,11.34
41336000,41336000,0.9998784,-0.00038680664,-0.0010202377,-0.015845437,0.0,0.0,0.0,0.0,0,11.36
41356000,41356000,0.9998771,-0.00048124717,-0.0010253607,-0.015924495,0.0,0.0,0.0,0.0,0,11.38
41376000,41376000,0.9998758,-0.00058026,-0.0010344816,-0.016003372,0.0,0.0,0.0,0.0,0,11.4
41396000,41396000,0.9998745,-0.0006771865,-0.0010433882,-0.016082082,0.0,0.0,0.0,0.0,0,11.42
41416000,41416000,0.9998731,-0.0007709751,-0.0010534587,-0.016160922,0.0,0.0,0.0,0.0,0,11.44
41436000,41436000,0.99987173,-0.0008621447,-0.0010583836,-0.0162399,0.0,0.0,0.0,0.0,0,11.46
41456000,41456000,0.99987036,-0.0009499516,-0.0010623652,-0.016319001,0.0,0.0,0.0,0.0,0,11.48
41476000,41476000,0.999869,-0.0010369123,-0.0010644415,-0.01639797,0.0,0.0,0.0,0.0,0,11.5
41496000,41496000,0.9998676,-0.0011191617,-0.0010649649,-0.01647689,0.0,0.0,0.0,0.0,0,11.52
41516000,41516000,0.99986625,-0.0011948047,-0.001058356,-0.01655575,0.0,0.0,0.0,0.0,0,11.54
41536000,41536000,0.9998648,-0.001265525,-0.0010501592,-0.016634692,0.0,0.0,0.0,0.0,0,11.56
41556000,41556000,0.99986345,-0.001334691,-0.0010398406,-0.016713468,0.0,0.0,0.0,0.0,0,11.58
41576000,41576000,0.999862,-0.0014014385,-0.0010325437,-0.01679236,0.0,0.0,0.0,0.0,0,11.6
41596000,41596000,0.99986064,-0.0014654914,-0.0010342728,-0.016871206,0.0,0.0,0.0,0.0,0,11.62
41616000,41616000,0.9998592,-0.0015290977,-0.0010361176,-0.01694987,0.0,0.0,0.0,0.0,0,11.64
41636000,41636000,0.9998577,-0.0015936125,-0.0010377507,-0.017028613,0.0,0.0,0.0,0.0,0,11.66
41656000,41656000,0.9998563,-0.0016642553,-0.0010380746,-0.017107341,0.0,0.0,0.0,0.0,0,11.68
41676000,41676000,0.9998548,-0.0017399666,-0.001039084,-0.017186146,0.0,0.0,0.0,0.0,0,11.7
41696000,41696000,0.9998533,-0.001813686,-0.0010485894,-0.017265026,0.0,0.0,0.0,0.0,0,11.72
41716000,41716000,0.99985176,-0.0018836515,-0.0010685711,-0.017343832,0.0,0.0,0.0,0.0,0,11.74
41736000,41736000,0.9998503,-0.001951593,-0.0010884057,-0.017422387,0.0,0.0,0.0,0.0,0,11.76
41756000,41756000,0.9998487,-0.002017556,-0.0011096015,-0.017500889,0.0,0.0,0.0,0.0,0,11.78
41776000,41776000,0.99984723,-0.0020756759,-0.0011357646,-0.017578967,0.0,0.0,0.0,0.0,0,11.8
41796000,41796000,0.9998457,-0.0021329848,-0.0011642257,-0.017656567,0.0,0.0,0.0,0.0,0,11.82
41816000,41816000,0.9998442,-0.0021936977,-0.0011908531,-0.01773377,0.0,0.0,0.0,0.0,0,11.84
41836000,41836000,0.99984264,-0.002256817,-0.0012232442,-0.017810656,0.0,0.0,0.0,0.0,0,11.86
41856000,41856000,0.9998411,-0.002317099,-0.0012612208,-0.01788747,0.0,0.0,0.0,0.0,0,11.88
41876000,41876000,0.99983954,-0.0023752358,-0.0012947259,-0.017963989,0.0,0.0,0.0,0.0,0,11.9
41896000,41896000,0.999838,-0.002432734,-0.001326114,-0.018040445,0.0,0.0,0.0,0.0,0,11.92
41916000,41916000,0.99983644,-0.0024804869,-0.001359567,-0.01811679,0.0,0.0,0.0,0.0,0,11.94
41936000,41936000,0.9998349,-0.0025182166,-0.0013922872,-0.018193208,0.0,0.0,0.0,0.0,0,11.96
41956000,41956000,0.9998334,-0.0025499857,-0.0014164571,-0.018269438,0.0,0.0,0.0,0.0,0,11.98
41976000,41976000,0.9998319,-0.0025823535,-0.0014329881,-0.01834533,0.0,0.0,0.0,0.0,0,12.0
41996000,41996000,0.9998304,-0.0026142471,-0.0014481364,-0.018420966,0.0,0.0,0.0,0.0,0,12.02
42016000,42016000,0.99982893,-0.0026407882,-0.0014670303,-0.018496074,0.0,0.0,0.0,0.0,0,12.04
42036000,42036000,0.99982744,-0.0026673244,-0.0014854408,-0.018570682,0.0,0.0,0.0,0.0,0,12.06
42056000,42056000,0.99982595,-0.0026962028,-0.0015008936,-0.018644981,0.0,0.0,0.0,0.0,0,12.08
42076000,42076000,0.99982446,-0.0027185301,-0.0015165799,-0.018719153,0.0,0.0,0.0,0.0,0,12.1
42096000,42096000,0.99982303,-0.002727994,-0.0015299129,-0.018793542,0.0,0.0,0.0,0.0,0,12.12
42116000,42116000,0.99982166,-0.0027264173,-0.0015313498,-0.018868044,0.0,0.0,0.0,0.0,0,12.14
42136000,42136000,0.99982023,-0.00272438,-0.0015247598,-0.018942421,0.0,0.0,0.0,0.0,0,12.16
42156000,42156000,0.99981886,-0.0027254606,-0.0015116469,-0.019016571,0.0,0.0,0.0,0.0,0,12.18
42176000,42176000,0.9998175,-0.0027243663,-0.0014983288,-0.019090883,0.0,0.0,0.0,0.0,0,12.2
42196000,42196000,0.99981606,-0.0027143597,-0.0014911692,-0.019165378,0.0,0.0,0.0,0.0,0,12.22
42216000,42216000,0.9998147,-0.0026906445,-0.0014869936,-0.01924021,0.0,0.0,0.0,0.0,0,12.24
42236000,42236000,0.9998133,-0.002670044,-0.0014745593,-0.01931516,0.0,0.0,0.0,0.0,0,12.26
42256000,42256000,0.99981195,-0.0026624368,-0.0014521787,-0.019390384,0.0,0.0,0.0,0.0,0,12.28
42276000,42276000,0.9998105,-0.0026583497,-0.0014161449,-0.01946553,0.0,0.0,0.0,0.0,0,12.3
42296000,42296000,0.99980915,-0.0026570663,-0.0013703975,-0.019540554,0.0,0.0,0.0,0.0,0,12.32
42316000,42316000,0.9998078,-0.0026515394,-0.0013242506,-0.019615803,0.0,0.0,0.0,0.0,0,12.34
42336000,42336000,0.99980634,-0.0026340527,-0.0012823426,-0.01969108,0.0,0.0,0.0,0.0,0,12.36
42356000,42356000,0.99980503,-0.0025985385,-0.001242697,-0.019766282,0.0,0.0,0.0,0.0,0,12.38
42376000,42376000,0.9998037,-0.002551655,-0.0011953863,-0.019841233,0.0,0.0,0.0,0.0,0,12.4
42396000,42396000,0.9998024,-0.0024931254,-0.0011476572,-0.019916443,0.0,0.0,0.0,0.0,0,12.42
42416000,42416000,0.99980116,-0.002421367,-0.0010935582,-0.019992018,0.0,0.0,0.0,0.0,0,12.44
42436000,42436000,0.9997999,-0.0023361368,-0.001022969,-0.020067886,0.0,0.0,0.0,0.0,0,12.46
42456000,42456000,0.99979866,-0.0022502148,-0.0009434764,-0.020144077,0.0,0.0,0.0,0.0,0,12.48
42476000,42476000,0.99979734,-0.0021726424,-0.000861878,-0.020220181,0.0,0.0,0.0,0.0,0,12.5
42496000,42496000,0.9997961,-0.002097539,-0.00077894767,-0.020295823,0.0,0.0,0.0,0.0,0,12.52
42516000,42516000,0.9997948,-0.0020239572,-0.0006926217,-0.020371078,0.0,0.0,0.0,0.0,0,12.54
42536000,42536000,0.9997934,-0.0019535876,-0.0006054947,-0.020446213,0.0,0.0,0.0,0.0,0,12.56
42556000,42556000,0.9997921,-0.0018769725,-0.0005245752,-0.020521266,0.0,0.0,0.0,0.0,0,12.58
42576000,42576000,0.9997907,-0.0017904389,-0.00045121592,-0.020596504,0.0,0.0,0.0,0.0,0,12.6
42596000,42596000,0.99978685,-0.0024009491,-0.001428049,-0.020677323,0.0,0.0,0.0,0.0,0,12.62
42616000,42616000,0.9997515,-0.005895224,-0.0063095135,-0.020770404,0.0,0.0,0.0,0.0,0,12.64
42636000,42636000,0.9996303,-0.01182309,-0.013123067,-0.020889489,0.0,0.0,0.0,0.0,0,12.66
42656000,42656000,0.9994136,-0.018778548,-0.01964424,-0.021046665,0.0,0.0,0.0,0.0,0,12.68
42676000,42676000,0.99909735,-0.02608263,-0.02612407,-0.021232918,0.0,0.0,0.0,0.0,0,12.7
42696000,42696000,0.99867505,-0.03352357,-0.032764073,-0.02144608,0.0,0.0,0.0,0.0,0,12.72
42716000,42716000,0.99816626,-0.0408665,-0.03914596,-0.02169517,0.0,0.0,0.0,0.0,0,12.74
42736000,42736000,0.9975987,-0.047936715,-0.044995844,-0.021985887,0.0,0.0,0.0,0.0,0,12.76
42756000,42756000,0.9969948,-0.054598674,-0.050315157,-0.022313036,0.0,0.0,0.0,0.0,0,12.78
42776000,42776000,0.99637365,-0.060747184,-0.055177327,-0.0226685,0.0,0.0,0.0,0.0,0,12.8
42796000,42796000,0.9957517,-0.0663621,-0.059603047,-0.023049956,0.0,0.0,0.0,0.0,0,12.82
42816000,42816000,0.99510735,-0.07165897,-0.06391742,-0.023451667,0.0,0.0,0.0,0.0,0,12.84
42836000,42836000,0.9943054,-0.07743103,-0.06929618,-0.02384019,0.0,0.0,0.0,0.0,0,12.86
42856000,42856000,0.99320215,-0.08437019,-0.07651317,-0.024206668,0.0,0.0,0.0,0.0,0,12.88
42876000,42876000,0.9918231,-0.09228836,-0.08469156,-0.024622675,0.0,0.0,0.0,0.0,0,12.9
42896000,42896000,0.9902951,-0.100516245,-0.09267618,-0.025144909,0.0,0.0,0.0,0.0,0,12.92
42916000,42916000,0.9887282,-0.10850096,-0.09994175,-0.025782466,0.0,0.0,0.0,0.0,0,12.94
42936000,42936000,0.9872021,-0.11587015,-0.10635819,-0.026516771,0.0,0.0,0.0,0.0,0,12.96
42956000,42956000,0.9857655,-0.122450784,-0.11195792,-0.0273253,0.0,0.0,0.0,0.0,0,12.98
42976000,42976000,0.98446167,-0.12815334,-0.116730854,-0.028196022,0.0,0.0,0.0,0.0,0,13.0
42996000,42996000,0.9833183,-0.13295496,-0.12070343,-0.029117156,0.0,0.0,0.0,0.0,0,13.02
43016000,43016000,0.98235554,-0.13685875,-0.12390193,-0.030078804,0.0,0.0,0.0,0.0,0,13.04
43036000,43036000,0.98157597,-0.13989703,-0.12641789,-0.031064603,0.0,0.0,0.0,0.0,0,13.06
43056000,43056000,0.9809811,-0.1421086,-0.12830493,-0.032064002,0.0,0.0,0.0,0.0,0,13.08
43076000,43076000,0.98056793,-0.14353426,-0.12961535,-0.03306646,0.0,0.0,0.0,0.0,0,13.1
43096000,43096000,0.98033094,-0.1442237,-0.13038193,-0.034065124,0.0,0.0,0.0,0.0,0,13.12
43116000,43116000,0.98026067,-0.14422658,-0.13064511,-0.03505223,0.0,0.0,0.0,0.0,0,13.14
43136000,43136000,0.9803457,-0.14358748,-0.13044779,-0.03601928,0.0,0.0,0.0,0.0,0,13.16
43156000,43156000,0.98057383,-0.14235431,-0.12982006,-0.036959942,0.0,0.0,0.0,0.0,0,13.18
43176000,43176000,0.9809307,-0.14058003,-0.12879172,-0.03786838,0.0,0.0,0.0,0.0,0,13.2
43196000,43196000,0.9814002,-0.13831834,-0.12739739,-0.03873843,0.0,0.0,0.0,0.0,0,13.22
43216000,43216000,0.9819689,-0.13561158,-0.12566002,-0.039564267,0.0,0.0,0.0,0.0,0,13.24
43236000,43236000,0.9826216,-0.13250576,-0.123607196,-0.04034045,0.0,0.0,0.0,0.0,0,13.26
43256000,43256000,0.98334426,-0.12904982,-0.121256344,-0.04106386,0.0,0.0,0.0,0.0,0,13.28
43276000,43276000,0.9841243,-0.12527397,-0.118632406,-0.041728415,0.0,0.0,0.0,0.0,0,13.3
43296000,43296000,0.9849488,-0.1212167,-0.11575631,-0.04233053,0.0,0.0,0.0,0.0,0,13.32
43316000,43316000,0.98580676,-0.116901614,-0.112653315,-0.042864744,0.0,0.0,0.0,0.0,0,13.34
43336000,43336000,0.986686,-0.11237655,-0.109333366,-0.043330807,0.0,0.0,0.0,0.0,0,13.36
43356000,43356000,0.98757744,-0.1076591,-0.10581912,-0.04372393,0.0,0.0,0.0,0.0,0,13.38
43376000,43376000,0.9884711,-0.10278561,-0.102124035,-0.044043355,0.0,0.0,0.0,0.0,0,13.4
43396000,43396000,0.9893593,-0.09776722,-0.09827342,-0.04428546,0.0,0.0,0.0,0.0,0,13.42
43416000,43416000,0.9902335,-0.09264125,-0.094278984,-0.04445027,0.0,0.0,0.0,0.0,0,13.44
43436000,43436000,0.9910869,-0.08742696,-0.090160444,-0.04453649,0.0,0.0,0.0,0.0,0,13.46
43456000,43456000,0.9919132,-0.08214902,-0.085934184,-0.044544134,0.0,0.0,0.0,0.0,0,13.48
43476000,43476000,0.99270743,-0.076832846,-0.08160763,-0.044474777,0.0,0.0,0.0,0.0,0,13.5
43496000,43496000,0.9934655,-0.07148524,-0.07720401,-0.044326976,0.0,0.0,0.0,0.0,0,13.52
43516000,43516000,0.9941828,-0.06613082,-0.07274115,-0.044102725,0.0,0.0,0.0,0.0,0,13.54
43536000,43536000,0.994855,-0.06078528,-0.06825746,-0.04380269,0.0,0.0,0.0,0.0,0,13.56
43556000,43556000,0.9954815,-0.055464927,-0.06374213,-0.04343074,0.0,0.0,0.0,0.0,0,13.58
43576000,43576000,0.99605995,-0.05018316,-0.059222125,-0.042988464,0.0,0.0,0.0,0.0,0,13.6
43596000,43596000,0.9965899,-0.044956464,-0.054699514,-0.042479623,0.0,0.0,0.0,0.0,0,13.62
43616000,43616000,0.9970701,-0.03979811,-0.050203063,-0.041906245,0.0,0.0,0.0,0.0,0,13.64
43636000,43636000,0.9975011,-0.03472,-0.04573681,-0.04127246,0.0,0.0,0.0,0.0,0,13.66
43656000,43656000,0.99788356,-0.029731179,-0.04131087,-0.040582452,0.0,0.0,0.0,0.0,0,13.68
43676000,43676000,0.99821883,-0.024843108,-0.03692874,-0.039840993,0.0,0.0,0.0,0.0,0,13.7
43696000,43696000,0.998508,-0.020055668,-0.032612674,-0.039052267,0.0,0.0,0.0,0.0,0,13.72
43716000,43716000,0.9987526,-0.015387099,-0.0283672,-0.038221143,0.0,0.0,0.0,0.0,0,13.74
43736000,43736000,0.99895495,-0.010836387,-0.024196919,-0.037352066,0.0,0.0,0.0,0.0,0,13.76
43756000,43756000,0.9991172,-0.0064143185,-0.020105215,-0.036450066,0.0,0.0,0.0,0.0,0,13.78
43776000,43776000,0.99924135,-0.0021151672,-0.016116053,-0.035519395,0.0,0.0,0.0,0.0,0,13.8
43796000,43796000,0.99933016,0.0020520452,-0.012221506,-0.034564823,0.0,0.0,0.0,0.0,0,13.82
43816000,43816000,0.99938613,0.006090151,-0.008426398,-0.033591636,0.0,0.0,0.0,0.0,0,13.84
43836000,43836000,0.9994118,0.0099829575,-0.004731943,-0.03260495,0.0,0.0,0.0,0.0,0,13.86
43856000,43856000,0.9994099,0.013727522,-0.0011506047,-0.03160981,0.0,0.0,0.0,0.0,0,13.88
43876000,43876000,0.9993831,0.017325101,0.0023185287,-0.030611027,0.0,0.0,0.0,0.0,0,13.9
43896000,43896000,0.999334,0.020775197,0.0056679402,-0.029613376,0.0,0.0,0.0,0.0,0,13.92
43916000,43916000,0.999265,0.024084644,0.008903471,-0.028621228,0.0,0.0,0.0,0.0,0,13.94
43936000,43936000,0.99917847,0.02725689,0.012026807,-0.027638864,0.0,0.0,0.0,0.0,0,13.96
43956000,43956000,0.9990768,0.03028971,0.015028603,-0.02667044,0.0,0.0,0.0,0.0,0,13.98
43976000,43976000,0.9989622,0.03318372,0.017913025,-0.025720017,0.0,0.0,0.0,0.0,0,14.0
43996000,43996000,0.9988366,0.035948183,0.020681944,-0.024791416,0.0,0.0,0.0,0.0,0,14.02
44016000,44016000,0.9987021,0.03857462,0.023336552,-0.023888187,0.0,0.0,0.0,0.0,0,14.04
44036000,44036000,0.9985604,0.04107399,0.025874846,-0.023013657,0.0,0.0,0.0,0.0,0,14.06
44056000,44056000,0.99841386,0.043438952,0.028290365,-0.022170588,0.0,0.0,0.0,0.0,0,14.08
44076000,44076000,0.9982639,0.04567796,0.030586237,-0.021362029,0.0,0.0,0.0,0.0,0,14.1
44096000,44096000,0.99811155,0.047797173,0.03277132,-0.02059026,0.0,0.0,0.0,0.0,0,14.12
44116000,44116000,0.997958,0.04980423,0.034844596,-0.01985791,0.0,0.0,0.0,0.0,0,14.14
44136000,44136000,0.9978054,0.05168421,0.03680763,-0.019166043,0.0,0.0,0.0,0.0,0,14.16
44156000,44156000,0.99765486,0.053448502,0.03865618,-0.01851679,0.0,0.0,0.0,0.0,0,14.18
44176000,44176000,0.9975075,0.055089228,0.04040163,-0.017910656,0.0,0.0,0.0,0.0,0,14.2
44196000,44196000,0.9973641,0.056612603,0.04204726,-0.017348826,0.0,0.0,0.0,0.0,0,14.22
44216000,44216000,0.99722594,0.05801602,0.043592364,-0.016832137,0.0,0.0,0.0,0.0,0,14.24
44236000,44236000,0.9970931,0.059317917,0.045035418,-0.016362226,0.0,0.0,0.0,0.0,0,14.26
44256000,44256000,0.99696636,0.060510173,0.046385918,-0.01593907,0.0,0.0,0.0,0.0,0,14.28
44276000,44276000,0.996846,0.061608408,0.047637265,-0.015563606,0.0,0.0,0.0,0.0,0,14.3
44296000,44296000,0.99673194,0.06262085,0.048795283,-0.015236246,0.0,0.0,0.0,0.0,0,14.32
44316000,44316000,0.9966252,0.063541695,0.04986076,-0.014956373,0.0,0.0,0.0,0.0,0,14.34
44336000,44336000,0.9965275,0.06435222,0.050834432,-0.014722772,0.0,0.0,0.0,0.0,0,14.36
44356000,44356000,0.99643874,0.065066636,0.05171068,-0.014535659,0.0,0.0,0.0,0.0,0,14.38
44376000,44376000,0.99635905,0.06568535,0.052497733,-0.014393485,0.0,0.0,0.0,0.0,0,14.4
44396000,44396000,0.99628854,0.06621458,0.0531935,-0.014295575,0.0,0.0,0.0,0.0,0,14.42
44416000,44416000,0.996226,0.066661015,0.0538179,-0.014239687,0.0,0.0,0.0,0.0,0,14.44
44436000,44436000,0.996172,0.067023724,0.054368127,-0.014224747,0.0,0.0,0.0,0.0,0,14.46
44456000,44456000,0.9961272,0.06730458,0.05483364,-0.014250073,0.0,0.0,0.0,0.0,0,14.48
44476000,44476000,0.9960909,0.067513414,0.05521878,-0.014314506,0.0,0.0,0.0,0.0,0,14.5
44496000,44496000,0.9960616,0.06765949,0.055540808,-0.01441589,0.0,0.0,0.0,0.0,0,14.52
44516000,44516000,0.99603987,0.06773217,0.05580619,-0.0145509895,0.0,0.0,0.0,0.0,0,14.54
44536000,44536000,0.9960266,0.06772887,0.056003444,-0.01471858,0.0,0.0,0.0,0.0,0,14.56
44556000,44556000,0.99602115,0.067658745,0.056130994,-0.01491753,0.0,0.0,0.0,0.0,0,14.58
44576000,44576000,0.99602354,0.0675211,0.056193903,-0.015146022,0.0,0.0,0.0,0.0,0,14.6
44596000,44596000,0.99603313,0.06731948,0.05619643,-0.01540168,0.0,0.0,0.0,0.0,0,14.62
44616000,44616000,0.9960494,0.06705144,0.056150395,-0.015681649,0.0,0.0,0.0,0.0,0,14.64
44636000,44636000,0.9960718,0.06672585,0.056055635,-0.015984658,0.0,0.0,0.0,0.0,0,14.66
44656000,44656000,0.9961004,0.06635066,0.055898514,-0.016310109,0.0,0.0,0.0,0.0,0,14.68
44676000,44676000,0.99613523,0.06591615,0.05569046,-0.01665426,0.0,0.0,0.0,0.0,0,14.7
44696000,44696000,0.9961757,0.065426275,0.05543411,-0.017015388,0.0,0.0,0.0,0.0,0,14.72
44716000,44716000,0.9962212,0.06489401,0.055124745,-0.017392553,0.0,0.0,0.0,0.0,0,14.74
44736000,44736000,0.99627095,0.06431697,0.054775413,-0.017783025,0.0,0.0,0.0,0.0,0,14.76
44756000,44756000,0.9963254,0.06368865,0.054386638,-0.018184477,0.0,0.0,0.0,0.0,0,14.78
44776000,44776000,0.99638456,0.063020125,0.053939875,-0.018596735,0.0,0.0,0.0,0.0,0,14.8
44796000,44796000,0.9964477,0.062311593,0.05344824,-0.019016925,0.0,0.0,0.0,0.0,0,14.82
44816000,44816000,0.99651414,0.061560918,0.05292368,-0.019442536,0.0,0.0,0.0,0.0,0,14.84
44836000,44836000,0.99658316,0.06077863,0.052365422,-0.019872835,0.0,0.0,0.0,0.0,0,14.86
44856000,44856000,0.99665445,0.059969127,0.051772706,-0.020306412,0.0,0.0,0.0,0.0,0,14.88
44876000,44876000,0.99672747,0.05913916,0.0511446,-0.02074173,0.0,0.0,0.0,0.0,0,14.9
44896000,44896000,0.9968029,0.058282252,0.05047481,-0.02117738,0.0,0.0,0.0,0.0,0,14.92
44916000,44916000,0.9968797,0.057396982,0.049784705,-0.021610714,0.0,0.0,0.0,0.0,0,14.94
44936000,44936000,0.9969578,0.056485686,0.049070094,-0.02204089,0.0,0.0,0.0,0.0,0,14.96
44956000,44956000,0.99703705,0.055549566,0.048328623,-0.022466972,0.0,0.0,0.0,0.0,0,14.98
44976000,44976000,0.99711764,0.054593746,0.047551803,-0.02288836,0.0,0.0,0.0,0.0,0,15.0
44996000,44996000,0.99719864,0.05362311,0.046748437,-0.023303851,0.0,0.0,0.0,0.0,0,15.02
45016000,45016000,0.9972799,0.05262995,0.045931946,-0.023711337,0.0,0.0,0.0,0.0,0,15.04
45036000,45036000,0.9973611,0.05161689,0.045102883,-0.024109991,0.0,0.0,0.0,0.0,0,15.06
45056000,45056000,0.9974422,0.05059163,0.044254333,-0.024499482,0.0,0.0,0.0,0.0,0,15.08
45076000,45076000,0.99752265,0.049551368,0.043397855,-0.024878237,0.0,0.0,0.0,0.0,0,15.1
45096000,45096000,0.9976032,0.04848439,0.042532064,-0.025245406,0.0,0.0,0.0,0.0,0,15.12
45116000,45116000,0.99768317,0.0473942,0.041662633,-0.025600199,0.0,0.0,0.0,0.0,0,15.14
45136000,45136000,0.9977627,0.04628122,0.0407903,-0.0259415,0.0,0.0,0.0,0.0,0,15.16
45156000,45156000,0.99784136,0.04515242,0.039911028,-0.026269287,0.0,0.0,0.0,0.0,0,15.18
45176000,45176000,0.99791944,0.04400238,0.03902615,-0.026583059,0.0,0.0,0.0,0.0,0,15.2
45196000,45196000,0.9979957,0.04284705,0.03814763,-0.02688273,0.0,0.0,0.0,0.0,0,15.22
45216000,45216000,0.9980703,0.041682325,0.037273094,-0.02716784,0.0,0.0,0.0,0.0,0,15.24
45236000,45236000,0.9981433,0.04051263,0.03639865,-0.027437793,0.0,0.0,0.0,0.0,0,15.26
45256000,45256000,0.998215,0.039327037,0.035530433,-0.027691549,0.0,0.0,0.0,0.0,0,15.28
45276000,45276000,0.99828523,0.03813683,0.0346587,-0.027929457,0.0,0.0,0.0,0.0,0,15.3
45296000,45296000,0.99835396,0.03693503,0.03379004,-0.028150989,0.0,0.0,0.0,0.0,0,15.32
45316000,45316000,0.9984206,0.03572747,0.032937933,-0.028355578,0.0,0.0,0.0,0.0,0,15.34
45336000,45336000,0.998485,0.034518827,0.032100767,-0.028543018,0.0,0.0,0.0,0.0,0,15.36
45356000,45356000,0.9985473,0.033314336,0.031273093,-0.02871375,0.0,0.0,0.0,0.0,0,15.38
45376000,45376000,0.99860764,0.032108095,0.030457335,-0.028867565,0.0,0.0,0.0,0.0,0,15.4
45396000,45396000,0.998666,0.03090912,0.029643359,-0.029005133,0.0,0.0,0.0,0.0,0,15.42
45416000,45416000,0.9987222,0.029713664,0.02884212,-0.02912597,0.0,0.0,0.0,0.0,0,15.44
45436000,45436000,0.9987764,0.02852256,0.02805177,-0.029229935,0.0,0.0,0.0,0.0,0,15.46
45456000,45456000,0.9988283,0.027339581,0.027279522,-0.029316923,0.0,0.0,0.0,0.0,0,15.48
45476000,45476000,0.99887794,0.026173467,0.02651878,-0.029387634,0.0,0.0,0.0,0.0,0,15.5
45496000,45496000,0.9989254,0.025013888,0.025781801,-0.02944178,0.0,0.0,0.0,0.0,0,15.52
45516000,45516000,0.99897075,0.023861872,0.0250607,-0.029480191,0.0,0.0,0.0,0.0,0,15.54
45536000,45536000,0.99901426,0.022714311,0.02435665,-0.02950305,0.0,0.0,0.0,0.0,0,15.56
45556000,45556000,0.9990557,0.021577563,0.023671465,-0.029511398,0.0,0.0,0.0,0.0,0,15.58
45576000,45576000,0.99909514,0.020456763,0.022997886,-0.02950566,0.0,0.0,0.0,0.0,0,15.6
45596000,45596000,0.99913275,0.019351294,0.022337154,-0.029486272,0.0,0.0,0.0,0.0,0,15.62
45616000,45616000,0.99916834,0.018260317,0.021696413,-0.029453756,0.0,0.0,0.0,0.0,0,15.64
45636000,45636000,0.99920243,0.017178228,0.02106253,-0.029408457,0.0,0.0,0.0,0.0,0,15.66
45656000,45656000,0.99923474,0.016108181,0.020446751,-0.029350525,0.0,0.0,0.0,0.0,0,15.68
45676000,45676000,0.9992652,0.0150509905,0.01985659,-0.0292805,0.0,0.0,0.0,0.0,0,15.7
45696000,45696000,0.9992939,0.014004878,0.019286545,-0.029199691,0.0,0.0,0.0,0.0,0,15.72
45716000,45716000,0.99932134,0.012971288,0.018718064,-0.029108632,0.0,0.0,0.0,0.0,0,15.74
45736000,45736000,0.99934703,0.011964236,0.01816539,-0.02900787,0.0,0.0,0.0,0.0,0,15.76
45756000,45756000,0.99937105,0.010982012,0.017631685,-0.02889817,0.0,0.0,0.0,0.0,0,15.78
45776000,45776000,0.9993935,0.010027706,0.017114565,-0.02877998,0.0,0.0,0.0,0.0,0,15.8
45796000,45796000,0.9994145,0.009102971,0.016606124,-0.028654294,0.0,0.0,0.0,0.0,0,15.82
45816000,45816000,0.9994342,0.008208392,0.016109934,-0.028521894,0.0,0.0,0.0,0.0,0,15.84
45836000,45836000,0.99945265,0.007336821,0.01562244,-0.028383715,0.0,0.0,0.0,0.0,0,15.86
45856000,45856000,0.99947,0.0064856056,0.015141214,-0.028240785,0.0,0.0,0.0,0.0,0,15.88
45876000,45876000,0.9994862,0.005658345,0.014667645,-0.028093688,0.0,0.0,0.0,0.0,0,15.9
45896000,45896000,0.9995012,0.0048546423,0.014214237,-0.027943298,0.0,0.0,0.0,0.0,0,15.92
45916000,45916000,0.999515,0.0040769265,0.013780843,-0.027790457,0.0,0.0,0.0,0.0,0,15.94
45936000,45936000,0.9995276,0.003337008,0.013372678,-0.02763605,0.0,0.0,0.0,0.0,0,15.96
45956000,45956000,0.99953914,0.002629891,0.012980007,-0.02748099,0.0,0.0,0.0,0.0,0,15.98
45976000,45976000,0.99955,0.0019561641,0.012586697,-0.027326282,0.0,0.0,0.0,0.0,0,16.0
45996000,45996000,0.99956006,0.0013116902,0.012194413,-0.027172625,0.0,0.0,0.0,0.0,0,16.02
46016000,46016000,0.99956936,0.00070167717,0.011812383,-0.0270208,0.0,0.0,0.0,0.0,0,16.04
46036000,46036000,0.99957794,0.00011832816,0.011441611,-0.026871486,0.0,0.0,0.0,0.0,0,16.06
46056000,46056000,0.9995857,-0.00043728558,0.01109412,-0.02672552,0.0,0.0,0.0,0.0,0,16.08
46076000,46076000,0.99959284,-0.0009649791,0.010755089,-0.026583621,0.0,0.0,0.0,0.0,0,16.1
46096000,46096000,0.99959946,-0.001463239,0.01041593,-0.026446303,0.0,0.0,0.0,0.0,0,16.12
46116000,46116000,0.9996056,-0.0019344301,0.010079474,-0.026313988,0.0,0.0,0.0,0.0,0,16.14
46136000,46136000,0.99961114,-0.0023702853,0.009757424,-0.026187828,0.0,0.0,0.0,0.0,0,16.16
46156000,46156000,0.9996161,-0.0027746004,0.00946242,-0.026068453,0.0,0.0,0.0,0.0,0,16.18
46176000,46176000,0.99962056,-0.003153198,0.009173427,-0.025956435,0.0,0.0,0.0,0.0,0,16.2
46196000,46196000,0.9996246,-0.0035148337,0.008894431,-0.025851913,0.0,0.0,0.0,0.0,0,16.22
46216000,46216000,0.9996281,-0.0038599689,0.008626828,-0.025755389,0.0,0.0,0.0,0.0,0,16.24
46236000,46236000,0.99963135,-0.0041841376,0.008366094,-0.025667116,0.0,0.0,0.0,0.0,0,16.26
46256000,46256000,0.9996342,-0.0044802767,0.008111582,-0.025587723,0.0,0.0,0.0,0.0,0,16.28
46276000,46276000,0.99963665,-0.004740683,0.007872275,-0.025518052,0.0,0.0,0.0,0.0,0,16.3
46296000,46296000,0.9996389,-0.004977989,0.0076346467,-0.02545802,0.0,0.0,0.0,0.0,0,16.32
46316000,46316000,0.9996409,-0.005194343,0.0073943227,-0.025407951,0.0,0.0,0.0,0.0,0,16.34
46336000,46336000,0.99964255,-0.005390068,0.0071606054,-0.025368482,0.0,0.0,0.0,0.0,0,16.36
46356000,46356000,0.99964386,-0.0055706273,0.006940221,-0.02533958,0.0,0.0,0.0,0.0,0,16.38
46376000,46376000,0.9996449,-0.0057308,0.006726937,-0.025320794,0.0,0.0,0.0,0.0,0,16.4
46396000,46396000,0.99964565,-0.00586824,0.006519178,-0.025312085,0.0,0.0,0.0,0.0,0,16.42
46416000,46416000,0.9996462,-0.005987145,0.006320619,-0.025313227,0.0,0.0,0.0,0.0,0,16.44
46436000,46436000,0.9996466,-0.0060816277,0.0061260434,-0.025323933,0.0,0.0,0.0,0.0,0,16.46
46456000,46456000,0.9996467,-0.006157655,0.0059405686,-0.025343841,0.0,0.0,0.0,0.0,0,16.48
46476000,46476000,0.9996466,-0.0062219724,0.0057660397,-0.025372772,0.0,0.0,0.0,0.0,0,16.5
46496000,46496000,0.99964625,-0.006280135,0.005594527,-0.025411265,0.0,0.0,0.0,0.0,0,16.52
46516000,46516000,0.99964565,-0.0063310424,0.005422135,-0.025458677,0.0,0.0,0.0,0.0,0,16.54
46536000,46536000,0.9996449,-0.0063731694,0.0052589984,-0.025514597,0.0,0.0,0.0,0.0,0,16.56
46556000,46556000,0.9996438,-0.006406748,0.005105742,-0.025579559,0.0,0.0,0.0,0.0,0,16.58
46576000,46576000,0.9996425,-0.006433091,0.0049519395,-0.025653431,0.0,0.0,0.0,0.0,0,16.6
46596000,46596000,0.99964094,-0.0064520948,0.0048042815,-0.02573576,0.0,0.0,0.0,0.0,0,16.62
46616000,46616000,0.9996393,-0.006461498,0.004664513,-0.025825929,0.0,0.0,0.0,0.0,0,16.64
46636000,46636000,0.9996374,-0.006460532,0.0045123454,-0.025922827,0.0,0.0,0.0,0.0,0,16.66
46656000,46656000,0.9996355,-0.0064486926,0.004351455,-0.026026482,0.0,0.0,0.0,0.0,0,16.68
46676000,46676000,0.99963343,-0.0064292164,0.0041954233,-0.026136553,0.0,0.0,0.0,0.0,0,16.7
46696000,46696000,0.9996313,-0.00640046,0.004035876,-0.026252426,0.0,0.0,0.0,0.0,0,16.72
46716000,46716000,0.9996289,-0.0063720103,0.0038778891,-0.026373586,0.0,0.0,0.0,0.0,0,16.74
46736000,46736000,0.9996263,-0.0063451487,0.0037250556,-0.026499463,0.0,0.0,0.0,0.0,0,16.76
46756000,46756000,0.9996236,-0.006311678,0.003579404,-0.026629677,0.0,0.0,0.0,0.0,0,16.78
46776000,46776000,0.99962074,-0.006270685,0.0034408097,-0.026764236,0.0,0.0,0.0,0.0,0,16.8
46796000,46796000,0.99961776,-0.0062240646,0.0033147868,-0.026902488,0.0,0.0,0.0,0.0,0,16.82
46816000,46816000,0.99961454,-0.0061784987,0.003209615,-0.027043898,0.0,0.0,0.0,0.0,0,16.84
46836000,46836000,0.9996112,-0.0061343494,0.0031126293,-0.027187897,0.0,0.0,0.0,0.0,0,16.86
46856000,46856000,0.99960786,-0.0060914145,0.0030065216,-0.027333686,0.0,0.0,0.0,0.0,0,16.88
46876000,46876000,0.9996044,-0.0060432362,0.0029009858,-0.02748106,0.0,0.0,0.0,0.0,0,16.9
46896000,46896000,0.99960095,-0.005987985,0.0027990334,-0.027629882,0.0,0.0,0.0,0.0,0,16.92
46916000,46916000,0.99959743,-0.005928101,0.0026978368,-0.0277798,0.0,0.0,0.0,0.0,0,16.94
46936000,46936000,0.99959385,-0.005868037,0.0025968165,-0.027930347,0.0,0.0,0.0,0.0,0,16.96
46956000,46956000,0.99959016,-0.0058158943,0.0025019904,-0.028080378,0.0,0.0,0.0,0.0,0,16.98
46976000,46976000,0.9995865,-0.005763406,0.0024098735,-0.02822918,0.0,0.0,0.0,0.0,0,17.0
46996000,46996000,0.9995829,-0.0057063587,0.002318504,-0.028376786,0.0,0.0,0.0,0.0,0,17.02
47016000,47016000,0.9995793,-0.005640998,0.002230331,-0.028522851,0.0,0.0,0.0,0.0,0,17.04
47036000,47036000,0.9995758,-0.0055606286,0.002150886,-0.028667165,0.0,0.0,0.0,0.0,0,17.06
47056000,47056000,0.99957234,-0.005465717,0.002087677,-0.028809378,0.0,0.0,0.0,0.0,0,17.08
47076000,47076000,0.999569,-0.0053580417,0.002033886,-0.028949846,0.0,0.0,0.0,0.0,0,17.1
47096000,47096000,0.9995657,-0.0052433056,0.0019752341,-0.029088333,0.0,0.0,0.0,0.0,0,17.12
47116000,47116000,0.9995624,-0.005136277,0.0019225435,-0.02922426,0.0,0.0,0.0,0.0,0,17.14
47136000,47136000,0.99955916,-0.0050226506,0.001878875,-0.029357016,0.0,0.0,0.0,0.0,0,17.16
47156000,47156000,0.999556,-0.004903527,0.0018314591,-0.029486587,0.0,0.0,0.0,0.0,0,17.18
47176000,47176000,0.999553,-0.004774882,0.0017850712,-0.029612862,0.0,0.0,0.0,0.0,0,17.2
47196000,47196000,0.99955004,-0.0046384567,0.0017447963,-0.029736111,0.0,0.0,0.0,0.0,0,17.22
47216000,47216000,0.9995472,-0.0044961856,0.0017115716,-0.029855968,0.0,0.0,0.0,0.0,0,17.24
47236000,47236000,0.9995444,-0.004354744,0.0016719262,-0.029972399,0.0,0.0,0.0,0.0,0,17.26
47256000,47256000,0.9995417,-0.0042006746,0.0016360603,-0.030085377,0.0,0.0,0.0,0.0,0,17.28
47276000,47276000,0.99953914,-0.004033842,0.001603985,-0.030194905,0.0,0.0,0.0,0.0,0,17.3
47296000,47296000,0.9995367,-0.00386078,0.0015695547,-0.030301224,0.0,0.0,0.0,0.0,0,17.32
47316000,47316000,0.99953425,-0.0036900227,0.0015325476,-0.030404428,0.0,0.0,0.0,0.0,0,17.34
47336000,47336000,0.99953187,-0.0035299074,0.0014921051,-0.030504417,0.0,0.0,0.0,0.0,0,17.36
47356000,47356000,0.9995295,-0.0033726704,0.0014690146,-0.030601291,0.0,0.0,0.0,0.0,0,17.38
47376000,47376000,0.99952716,-0.0032136077,0.0014489293,-0.03069488,0.0,0.0,0.0,0.0,0,17.4
47396000,47396000,0.9995249,-0.003061051,0.0014176817,-0.030785356,0.0,0.0,0.0,0.0,0,17.42
47416000,47416000,0.9995227,-0.002907755,0.001391197,-0.030873207,0.0,0.0,0.0,0.0,0,17.44
47436000,47436000,0.9995205,-0.0027552703,0.0013678942,-0.030958127,0.0,0.0,0.0,0.0,0,17.46
47456000,47456000,0.9995184,-0.0026084615,0.001342531,-0.031040723,0.0,0.0,0.0,0.0,0,17.48
47476000,47476000,0.99951625,-0.0024706456,0.0013247627,-0.031121293,0.0,0.0,0.0,0.0,0,17.5
47496000,47496000,0.9995141,-0.0023454118,0.0013161944,-0.031199783,0.0,0.0,0.0,0.0,0,17.52
47516000,47516000,0.999512,-0.0022335935,0.0013043272,-0.031275485,0.0,0.0,0.0,0.0,0,17.54
47536000,47536000,0.99951,-0.0021251773,0.0012845846,-0.03134878,0.0,0.0,0.0,0.0,0,17.56
47556000,47556000,0.99950796,-0.0020174442,0.0012641826,-0.031420097,0.0,0.0,0.0,0.0,0,17.58
47576000,47576000,0.99950606,-0.0019137576,0.0012459904,-0.031489193,0.0,0.0,0.0,0.0,0,17.6
47596000,47596000,0.99950415,-0.001813255,0.0012236374,-0.03155577,0.0,0.0,0.0,0.0,0,17.62
47616000,47616000,0.9995023,-0.0017222425,0.0011974882,-0.03162027,0.0,0.0,0.0,0.0,0,17.64
47636000,47636000,0.99950045,-0.0016425361,0.0011750493,-0.03168307,0.0,0.0,0.0,0.0,0,17.66
47656000,47656000,0.9994987,-0.0015616858,0.0011499181,-0.031744167,0.0,0.0,0.0,0.0,0,17.68
47676000,47676000,0.99949694,-0.0014844644,0.0011243903,-0.031803474,0.0,0.0,0.0,0.0,0,17.7
47696000,47696000,0.99949527,-0.0014079812,0.001097032,-0.031861234,0.0,0.0,0.0,0.0,0,17.72
47716000,47716000,0.9994936,-0.0013313883,0.0010533072,-0.031917654,0.0,0.0,0.0,0.0,0,17.74
47736000,47736000,0.999492,-0.0012618854,0.0010096398,-0.03197267,0.0,0.0,0.0,0.0,0,17.76
47756000,47756000,0.9994904,-0.0011988595,0.0009713657,-0.0320264,0.0,0.0,0.0,0.0,0,17.78
47776000,47776000,0.99948883,-0.0011313009,0.0009288223,-0.03207928,0.0,0.0,0.0,0.0,0,17.8
47796000,47796000,0.9994872,-0.0010593985,0.0008747544,-0.032131806,0.0,0.0,0.0,0.0,0,17.82
47816000,47816000,0.99948573,-0.00098493,0.00081332546,-0.032183774,0.0,0.0,0.0,0.0,0,17.84
47836000,47836000,0.9994841,-0.00091175514,0.0007615281,-0.032235496,0.0,0.0,0.0,0.0,0,17.86
47856000,47856000,0.9994826,-0.00084347837,0.00070455344,-0.03228721,0.0,0.0,0.0,0.0,0,17.88
47876000,47876000,0.999481,-0.0007738319,0.00064682745,-0.032339156,0.0,0.0,0.0,0.0,0,17.9
47896000,47896000,0.9994794,-0.00069471763,0.0005757668,-0.0323915,0.0,0.0,0.0,0.0,0,17.92
47916000,47916000,0.9994778,-0.00061557296,0.00050581456,-0.032444265,0.0,0.0,0.0,0.0,0,17.94
47936000,47936000,0.99947613,-0.0005411445,0.00044286798,-0.032497432,0.0,0.0,0.0,0.0,0,17.96
47956000,47956000,0.99947447,-0.00046320632,0.00037874756,-0.03255091,0.0,0.0,0.0,0.0,0,17.98
47976000,47976000,0.99947274,-0.0003732206,0.00030402304,-0.032604836,0.0,0.0,0.0,0.0,0,18.0
47996000,47996000,0.999471,-0.00028236848,0.00023106199,-0.03265917,0.0,0.0,0.0,0.0,0,18.02
48016000,48016000,0.9994693,-0.00019570896,0.0001648173,-0.03271416,0.0,0.0,0.0,0.0,0,18.04
48036000,48036000,0.9994675,-0.000103251536,9.5085335e-05,-0.032770004,0.0,0.0,0.0,0.0,0,18.06
48056000,48056000,0.99946564,-1.1485227e-05,2.3838222e-05,-0.032826435,0.0,0.0,0.0,0.0,0,18.08
48076000,48076000,0.99946374,7.517834e-05,-4.293757e-05,-0.03288369,0.0,0.0,0.0,0.0,0,18.1
48096000,48096000,0.9994618,0.00015768694,-0.00011064886,-0.032941848,0.0,0.0,0.0,0.0,0,18.12
48116000,48116000,0.9994598,0.00023897122,-0.00018486427,-0.03300128,0.0,0.0,0.0,0.0,0,18.14
48136000,48136000,0.9994578,0.00031789398,-0.00026425772,-0.033061292,0.0,0.0,0.0,0.0,0,18.16
48156000,48156000,0.99945575,0.00038345243,-0.00035150218,-0.03312173,0.0,0.0,0.0,0.0,0,18.18
48176000,48176000,0.99945366,0.00043770298,-0.00044989793,-0.033182792,0.0,0.0,0.0,0.0,0,18.2
48196000,48196000,0.9994515,0.0004874712,-0.00054564397,-0.033244587,0.0,0.0,0.0,0.0,0,18.22
48216000,48216000,0.9994494,0.0005286491,-0.0006404365,-0.033307385,0.0,0.0,0.0,0.0,0,18.24
48236000,48236000,0.99944717,0.0005596317,-0.0007253462,-0.03337106,0.0,0.0,0.0,0.0,0,18.26
48256000,48256000,0.99944496,0.00058540155,-0.0008132226,-0.03343533,0.0,0.0,0.0,0.0,0,18.28
48276000,48276000,0.99944264,0.00060718134,-0.0008984412,-0.033500582,0.0,0.0,0.0,0.0,0,18.3
48296000,48296000,0.9994404,0.00061874226,-0.00097642414,-0.033566978,0.0,0.0,0.0,0.0,0,18.32
48316000,48316000,0.99943805,0.000624017,-0.0010425017,-0.03363442,0.0,0.0,0.0,0.0,0,18.34
48336000,48336000,0.99943566,0.0006281866,-0.0011039516,-0.033703018,0.0,0.0,0.0,0.0,0,18.36
48356000,48356000,0.9994332,0.0006312842,-0.0011611886,-0.03377265,0.0,0.0,0.0,0.0,0,18.38
48376000,48376000,0.9994308,0.0006379047,-0.001219679,-0.03384311,0.0,0.0,0.0,0.0,0,18.4
48396000,48396000,0.9994283,0.0006406194,-0.0012722599,-0.03391414,0.0,0.0,0.0,0.0,0,18.42
48416000,48416000,0.99942577,0.00063670694,-0.0013265866,-0.03398601,0.0,0.0,0.0,0.0,0,18.44
48436000,48436000,0.9994232,0.000631824,-0.001385707,-0.034059055,0.0,0.0,0.0,0.0,0,18.46
48456000,48456000,0.9994206,0.0006301105,-0.0014492108,-0.03413329,0.0,0.0,0.0,0.0,0,18.48
48476000,48476000,0.99941796,0.0006309149,-0.001516071,-0.034208238,0.0,0.0,0.0,0.0,0,18.5
48496000,48496000,0.9994152,0.0006267339,-0.0015827552,-0.034283973,0.0,0.0,0.0,0.0,0,18.52
48516000,48516000,0.99941254,0.00061095605,-0.0016434811,-0.03436062,0.0,0.0,0.0,0.0,0,18.54
48536000,48536000,0.9994098,0.00058736757,-0.0016942385,-0.03443753,0.0,0.0,0.0,0.0,0,18.56
48556000,48556000,0.99940705,0.00055765297,-0.0017361577,-0.03451478,0.0,0.0,0.0,0.0,0,18.58
48576000,48576000,0.9994044,0.00051844574,-0.0017656157,-0.03459243,0.0,0.0,0.0,0.0,0,18.6
48596000,48596000,0.9994016,0.0004682193,-0.0017806826,-0.034670506,0.0,0.0,0.0,0.0,0,18.62
48616000,48616000,0.99939895,0.00040836967,-0.0017829383,-0.03474923,0.0,0.0,0.0,0.0,0,18.64
48636000,48636000,0.9993962,0.00035254247,-0.0017867975,-0.03482855,0.0,0.0,0.0,0.0,0,18.66
48656000,48656000,0.9993934,0.00030445706,-0.0017963861,-0.034908734,0.0,0.0,0.0,0.0,0,18.68
48676000,48676000,0.9993906,0.00025841288,-0.0017994537,-0.03498929,0.0,0.0,0.0,0.0,0,18.7
48696000,48696000,0.99938774,0.00021120906,-0.0017987005,-0.035070434,0.0,0.0,0.0,0.0,0,18.72
48716000,48716000,0.99938494,0.00015743944,-0.0017928608,-0.035151802,0.0,0.0,0.0,0.0,0,18.74
48736000,48736000,0.9993821,9.786754e-05,-0.001779085,-0.035233676,0.0,0.0,0.0,0.0,0,18.76
48756000,48756000,0.99937916,3.4134584e-05,-0.0017668918,-0.035316546,0.0,0.0,0.0,0.0,0,18.78
48776000,48776000,0.99937624,-3.043786e-05,-0.001753408,-0.035399996,0.0,0.0,0.0,0.0,0,18.8
48796000,48796000,0.99937326,-9.064945e-05,-0.0017446947,-0.03548372,0.0,0.0,0.0,0.0,0,18.82
48816000,48816000,0.99937034,-0.00015286753,-0.0017320298,-0.03556751,0.0,0.0,0.0,0.0,0,18.84
48836000,48836000,0.99936736,-0.00021662614,-0.0017146781,-0.03565138,0.0,0.0,0.0,0.0,0,18.86
48856000,48856000,0.9993644,-0.0002735317,-0.0017059098,-0.03573511,0.0,0.0,0.0,0.0,0,18.88
48876000,48876000,0.99936134,-0.00032773754,-0.0016976178,-0.035818897,0.0,0.0,0.0,0.0,0,18.9
48896000,48896000,0.99935836,-0.00038801198,-0.0016795081,-0.035902757,0.0,0.0,0.0,0.0,0,18.92
48916000,48916000,0.9993554,-0.00044868895,-0.0016651042,-0.035986252,0.0,0.0,0.0,0.0,0,18.94
48936000,48936000,0.99935234,-0.0005018314,-0.0016605695,-0.03606955,0.0,0.0,0.0,0.0,0,18.96
48956000,48956000,0.9993493,-0.0005525649,-0.0016559719,-0.036152635,0.0,0.0,0.0,0.0,0,18.98
48976000,48976000,0.9993463,-0.00060039235,-0.0016511425,-0.03623518,0.0,0.0,0.0,0.0,0,19.0
48996000,48996000,0.9993433,-0.00064312125,-0.0016479971,-0.03631716,0.0,0.0,0.0,0.0,0,19.02
49016000,49016000,0.9993403,-0.0006804604,-0.0016468976,-0.03639857,0.0,0.0,0.0,0.0,0,19.04
49036000,49036000,0.9993373,-0.00071333995,-0.0016459704,-0.036479544,0.0,0.0,0.0,0.0,0,19.06
49056000,49056000,0.9993344,-0.00073963293,-0.0016415998,-0.036559634,0.0,0.0,0.0,0.0,0,19.08
49076000,49076000,0.9993315,-0.00076059665,-0.0016401383,-0.036638685,0.0,0.0,0.0,0.0,0,19.1
49096000,49096000,0.9993286,-0.00078443903,-0.0016529034,-0.036716606,0.0,0.0,0.0,0.0,0,19.12
49116000,49116000,0.99932575,-0.0008050893,-0.0016636844,-0.0367936,0.0,0.0,0.0,0.0,0,19.14
49136000,49136000,0.99932295,-0.0008148677,-0.0016619323,-0.036869586,0.0,0.0,0.0,0.0,0,19.16
49156000,49156000,0.99932015,-0.0008231416,-0.001664943,-0.03694456,0.0,0.0,0.0,0.0,0,19.18
49176000,49176000,0.9993174,-0.0008269228,-0.0016728381,-0.037018392,0.0,0.0,0.0,0.0,0,19.2
49196000,49196000,0.99931467,-0.0008326217,-0.0016840039,-0.037091285,0.0,0.0,0.0,0.0,0,19.22
49216000,49216000,0.999312,-0.0008462458,-0.0017027848,-0.037163198,0.0,0.0,0.0,0.0,0,19.24
49236000,49236000,0.99930924,-0.0008571274,-0.0017240737,-0.037234195,0.0,0.0,0.0,0.0,0,19.26
49256000,49256000,0.9993066,-0.0008576228,-0.0017380478,-0.03730463,0.0,0.0,0.0,0.0,0,19.28
49276000,49276000,0.999304,-0.00085732347,-0.0017498952,-0.03737425,0.0,0.0,0.0,0.0,0,19.3
49296000,49296000,0.9993014,-0.0008594083,-0.0017681781,-0.037443098,0.0,0.0,0.0,0.0,0,19.32
49316000,49316000,0.99929875,-0.00086126855,-0.0017918728,-0.037511326,0.0,0.0,0.0,0.0,0,19.34
49336000,49336000,0.9992962,-0.00085900084,-0.0018175596,-0.037579075,0.0,0.0,0.0,0.0,0,19.36
49356000,49356000,0.9992936,-0.00085143594,-0.0018441074,-0.037646346,0.0,0.0,0.0,0.0,0,19.38
49376000,49376000,0.99929106,-0.00083824375,-0.0018711752,-0.037713118,0.0,0.0,0.0,0.0,0,19.4
49396000,49396000,0.9992885,-0.0008219456,-0.001895948,-0.03777923,0.0,0.0,0.0,0.0,0,19.42
49416000,49416000,0.99928606,-0.00080400915,-0.001916639,-0.037844498,0.0,0.0,0.0,0.0,0,19.44
49436000,49436000,0.9992836,-0.0007945712,-0.0019251647,-0.037908915,0.0,0.0,0.0,0.0,0,19.46
49456000,49456000,0.9992811,-0.00079552835,-0.0019298035,-0.03797329,0.0,0.0,0.0,0.0,0,19.48
49476000,49476000,0.99927866,-0.0007992636,-0.0019323912,-0.038037878,0.0,0.0,0.0,0.0,0,19.5
49496000,49496000,0.9992762,-0.0008054835,-0.0019199172,-0.038102858,0.0,0.0,0.0,0.0,0,19.52
49516000,49516000,0.9992737,-0.0008044854,-0.0019072561,-0.038168106,0.0,0.0,0.0,0.0,0,19.54
49536000,49536000,0.9992713,-0.00078656594,-0.001906095,-0.038233638,0.0,0.0,0.0,0.0,0,19.56
49556000,49556000,0.9992688,-0.0007630489,-0.0019043358,-0.0382994,0.0,0.0,0.0,0.0,0,19.58
49576000,49576000,0.99926627,-0.00073900784,-0.0018965295,-0.03836521,0.0,0.0,0.0,0.0,0,19.6
49596000,49596000,0.99926376,-0.0007104791,-0.0018867691,-0.038430754,0.0,0.0,0.0,0.0,0,19.62
49616000,49616000,0.9992613,-0.0006758144,-0.0018768625,-0.03849622,0.0,0.0,0.0,0.0,0,19.64
49636000,49636000,0.9992589,-0.0006383923,-0.0018629289,-0.038561337,0.0,0.0,0.0,0.0,0,19.66
49656000,49656000,0.99925643,-0.0005960742,-0.0018473563,-0.03862601,0.0,0.0,0.0,0.0,0,19.68
49676000,49676000,0.999254,-0.0005481689,-0.0018306235,-0.038690235,0.0,0.0,0.0,0.0,0,19.7
49696000,49696000,0.99925154,-0.0004946652,-0.001812871,-0.038754016,0.0,0.0,0.0,0.0,0,19.72
49716000,49716000,0.99924916,-0.00043202535,-0.001790791,-0.038817786,0.0,0.0,0.0,0.0,0,19.74
49736000,49736000,0.9992468,-0.0003579109,-0.0017584843,-0.038881857,0.0,0.0,0.0,0.0,0,19.76
49756000,49756000,0.99924433,-0.0002871246,-0.0017257779,-0.03894631,0.0,0.0,0.0,0.0,0,19.78
49776000,49776000,0.9992419,-0.0002173939,-0.0016862354,-0.03901073,0.0,0.0,0.0,0.0,0,19.8
49796000,49796000,0.99923944,-0.00015038962,-0.0016372337,-0.03907555,0.0,0.0,0.0,0.0,0,19.82
49816000,49816000,0.999237,-9.432169e-05,-0.0015869458,-0.03914095,0.0,0.0,0.0,0.0,0,19.84
49836000,49836000,0.9992345,-4.0569095e-05,-0.0015263696,-0.039207183,0.0,0.0,0.0,0.0,0,19.86
49856000,49856000,0.99923193,1.4859909e-05,-0.0014596389,-0.03927422,0.0,0.0,0.0,0.0,0,19.88
49876000,49876000,0.9992294,6.36765e-05,-0.0013986081,-0.039341923,0.0,0.0,0.0,0.0,0,19.9
49896000,49896000,0.9992268,0.00010861517,-0.0013277347,-0.039409753,0.0,0.0,0.0,0.0,0,19.92
49916000,49916000,0.99922425,0.00015495771,-0.0012374878,-0.03947799,0.0,0.0,0.0,0.0,0,19.94
49936000,49936000,0.9992216,0.00019385864,-0.0011468263,-0.039546784,0.0,0.0,0.0,0.0,0,19.96
49956000,49956000,0.99921894,0.00022615535,-0.0010609293,-0.03961624,0.0,0.0,0.0,0.0,0,19.98
49976000,49976000,0.99921626,0.00026252685,-0.00097202376,-0.0396863,0.0,0.0,0.0,0.0,0,20.0
49996000,49996000,0.9992135,0.00029515722,-0.00088526367,-0.039756615,0.0,0.0,0.0,0.0,0,20.02
50016000,50016000,0.9992108,0.00032600717,-0.0007864201,-0.039827265,0.0,0.0,0.0,0.0,0,20.04
50036000,50036000,0.999208,0.00034806062,-0.00068939565,-0.039898418,0.0,0.0,0.0,0.0,0,20.06
50056000,50056000,0.9992052,0.00035930084,-0.0006007774,-0.039969962,0.0,0.0,0.0,0.0,0,20.08
50076000,50076000,0.9992024,0.00037268654,-0.00051111047,-0.040042058,0.0,0.0,0.0,0.0,0,20.1
50096000,50096000,0.99919945,0.00040086225,-0.0004094498,-0.040114604,0.0,0.0,0.0,0.0,0,20.12
50116000,50116000,0.9991966,0.00043502246,-0.00030463203,-0.040187757,0.0,0.0,0.0,0.0,0,20.14
50136000,50136000,0.9991936,0.00046211598,-0.00020856899,-0.04026136,0.0,0.0,0.0,0.0,0,20.16
50156000,50156000,0.9991906,0.00048433105,-0.00011954646,-0.040334858,0.0,0.0,0.0,0.0,0,20.18
50176000,50176000,0.9991877,0.0005070964,-3.2352338e-05,-0.040408026,0.0,0.0,0.0,0.0,0,20.2
50196000,50196000,0.9991847,0.00053279626,5.503663e-05,-0.040480766,0.0,0.0,0.0,0.0,0,20.22
50216000,50216000,0.99918175,0.00056259014,0.00014388286,-0.040553063,0.0,0.0,0.0,0.0,0,20.24
50236000,50236000,0.9991788,0.0005977265,0.0002229945,-0.040625196,0.0,0.0,0.0,0.0,0,20.26
50256000,50256000,0.99917585,0.0006364039,0.00028999633,-0.040696956,0.0,0.0,0.0,0.0,0,20.28
50276000,50276000,0.99917287,0.00067875936,0.00035294166,-0.040768266,0.0,0.0,0.0,0.0,0,20.3
50296000,50296000,0.99916995,0.00072588614,0.00041486506,-0.040839184,0.0,0.0,0.0,0.0,0,20.32
50316000,50316000,0.99916697,0.0007785728,0.00047636358,-0.040909655,0.0,0.0,0.0,0.0,0,20.34
50336000,50336000,0.99916404,0.0008363598,0.00053549744,-0.040980235,0.0,0.0,0.0,0.0,0,20.36
50356000,50356000,0.99916106,0.0008996032,0.00058289204,-0.04105089,0.0,0.0,0.0,0.0,0,20.38
50376000,50376000,0.999158,0.0009671797,0.00062608934,-0.041121285,0.0,0.0,0.0,0.0,0,20.4
50396000,50396000,0.99915504,0.0010425708,0.00066457165,-0.041191477,0.0,0.0,0.0,0.0,0,20.42
50416000,50416000,0.99915206,0.0011225347,0.00070130423,-0.041261386,0.0,0.0,0.0,0.0,0,20.44
50436000,50436000,0.9991491,0.0012035329,0.000735867,-0.04133104,0.0,0.0,0.0,0.0,0,20.46
50456000,50456000,0.99914604,0.00128145,0.0007632679,-0.04140106,0.0,0.0,0.0,0.0,0,20.48
50476000,50476000,0.999143,0.0013567271,0.00077233545,-0.041471727,0.0,0.0,0.0,0.0,0,20.5
50496000,50496000,0.99913996,0.0014289684,0.00076960423,-0.041542325,0.0,0.0,0.0,0.0,0,20.52
50516000,50516000,0.9991369,0.0015025274,0.00076440285,-0.041613076,0.0,0.0,0.0,0.0,0,20.54
50536000,50536000,0.9991339,0.0015713921,0.0007525322,-0.04168417,0.0,0.0,0.0,0.0,0,20.56
50556000,50556000,0.9991306,0.0009900646,0.001897377,-0.04174333,0.0,0.0,0.0,0.0,0,20.58
50576000,50576000,0.99910146,-0.0022838581,0.007438413,-0.041770805,0.0,0.0,0.0,0.0,0,20.6
50596000,50596000,0.9989836,-0.007969275,0.01528928,-0.041755725,0.0,0.0,0.0,0.0,0,20.62
50616000,50616000,0.998763,-0.01475268,0.022926949,-0.041692786,0.0,0.0,0.0,0.0,0,20.64
50636000,50636000,0.99843305,-0.021889836,0.030521529,-0.041591313,0.0,0.0,0.0,0.0,0,20.66
50656000,50656000,0.9979856,-0.029137999,0.03829292,-0.04145439,0.0,0.0,0.0,0.0,0,20.68
50676000,50676000,0.99744266,-0.036295447,0.04578436,-0.04127551,0.0,0.0,0.0,0.0,0,20.7
50696000,50696000,0.9968349,-0.043210767,0.052697565,-0.041051026,0.0,0.0,0.0,0.0,0,20.72
50716000,50716000,0.9961879,-0.0497301,0.05900837,-0.040788107,0.0,0.0,0.0,0.0,0,20.74
50736000,50736000,0.9955235,-0.05575826,0.0647551,-0.04049428,0.0,0.0,0.0,0.0,0,20.76
50756000,50756000,0.994858,-0.061281413,0.06997977,-0.040174406,0.0,0.0,0.0,0.0,0,20.78
50776000,50776000,0.99420744,-0.06628858,0.074698605,-0.03983231,0.0,0.0,0.0,0.0,0,20.8
50796000,50796000,0.9935824,-0.070806004,0.078940995,-0.03947057,0.0,0.0,0.0,0.0,0,20.82
50816000,50816000,0.99299,-0.074850366,0.0827586,-0.03909461,0.0,0.0,0.0,0.0,0,20.84
50836000,50836000,0.99243623,-0.07844539,0.086182505,-0.038707834,0.0,0.0,0.0,0.0,0,20.86
50856000,50856000,0.99192274,-0.08163544,0.08925358,-0.038312577,0.0,0.0,0.0,0.0,0,20.88
50876000,50876000,0.99145055,-0.084453695,0.09200652,-0.037911896,0.0,0.0,0.0,0.0,0,20.9
50896000,50896000,0.9910206,-0.08693558,0.0944596,-0.037507188,0.0,0.0,0.0,0.0,0,20.92
50916000,50916000,0.99063003,-0.089118086,0.09665749,-0.03710155,0.0,0.0,0.0,0.0,0,20.94
50936000,50936000,0.99027735,-0.09102797,0.098625705,-0.03669792,0.0,0.0,0.0,0.0,0,20.96
50956000,50956000,0.9899591,-0.092700884,0.100394644,-0.036297813,0.0,0.0,0.0,0.0,0,20.98
50976000,50976000,0.989616,-0.0943662,0.10234598,-0.035911497,0.0,0.0,0.0,0.0,0,21.0
50996000,50996000,0.9890741,-0.096663676,0.10551344,-0.03556106,0.0,0.0,0.0,0.0,0,21.02
51016000,51016000,0.9882148,-0.100081615,0.11037844,-0.035227247,0.0,0.0,0.0,0.0,0,21.04
51036000,51036000,0.9871485,-0.1043409,0.11595827,-0.034836188,0.0,0.0,0.0,0.0,0,21.06
51056000,51056000,0.98604107,-0.10888491,0.12122853,-0.03434874,0.0,0.0,0.0,0.0,0,21.08
51076000,51076000,0.98499805,-0.113257445,0.1257773,-0.033776116,0.0,0.0,0.0,0.0,0,21.1
51096000,51096000,0.98407876,-0.11715434,0.12951499,-0.033148237,0.0,0.0,0.0,0.0,0,21.12
51116000,51116000,0.983312,-0.120437115,0.13246131,-0.03248913,0.0,0.0,0.0,0.0,0,21.14
51136000,51136000,0.98271984,-0.12303577,0.13461411,-0.03181324,0.0,0.0,0.0,0.0,0,21.16
51156000,51156000,0.9823134,-0.1249376,0.13598183,-0.03112953,0.0,0.0,0.0,0.0,0,21.18
51176000,51176000,0.9820938,-0.12614113,0.13660929,-0.030450324,0.0,0.0,0.0,0.0,0,21.2
51196000,51196000,0.9820551,-0.12666492,0.13654898,-0.02978661,0.0,0.0,0.0,0.0,0,21.22
51216000,51216000,0.98218876,-0.12653336,0.13584556,-0.02914763,0.0,0.0,0.0,0.0,0,21.24
51236000,51236000,0.9824823,-0.12578109,0.13454406,-0.02854098,0.0,0.0,0.0,0.0,0,21.26
51256000,51256000,0.98292214,-0.12445149,0.13267502,-0.027971055,0.0,0.0,0.0,0.0,0,21.28
51276000,51276000,0.98349226,-0.12258185,0.13027902,-0.027444234,0.0,0.0,0.0,0.0,0,21.3
51296000,51296000,0.98417544,-0.12021349,0.1273946,-0.02696591,0.0,0.0,0.0,0.0,0,21.32
51316000,51316000,0.98495394,-0.1173768,0.124068335,-0.026543848,0.0,0.0,0.0,0.0,0,21.34
51336000,51336000,0.9858093,-0.11412667,0.12032784,-0.026179723,0.0,0.0,0.0,0.0,0,21.36
51356000,51356000,0.9867251,-0.11048968,0.11621099,-0.025879387,0.0,0.0,0.0,0.0,0,21.38
51376000,51376000,0.98768324,-0.106520385,0.111744195,-0.025643235,0.0,0.0,0.0,0.0,0,21.4
51396000,51396000,0.9886679,-0.10223705,0.10697349,-0.025477625,0.0,0.0,0.0,0.0,0,21.42
51416000,51416000,0.9896631,-0.09769638,0.101917885,-0.025380928,0.0,0.0,0.0,0.0,0,21.44
51436000,51436000,0.99065554,-0.09291534,0.09661534,-0.025356798,0.0,0.0,0.0,0.0,0,21.46
51456000,51456000,0.9916306,-0.08795319,0.0910866,-0.025402233,0.0,0.0,0.0,0.0,0,21.48
51476000,51476000,0.9925769,-0.082815245,0.08538416,-0.025521826,0.0,0.0,0.0,0.0,0,21.5
51496000,51496000,0.99348354,-0.07756394,0.07951316,-0.0257101,0.0,0.0,0.0,0.0,0,21.52
51516000,51516000,0.9943418,-0.072206736,0.07352091,-0.025968937,0.0,0.0,0.0,0.0,0,21.54
51536000,51536000,0.9951437,-0.06679811,0.067414545,-0.026293246,0.0,0.0,0.0,0.0,0,21.56
51556000,51556000,0.9958836,-0.06134218,0.06123834,-0.026683368,0.0,0.0,0.0,0.0,0,21.58
51576000,51576000,0.9965566,-0.05587906,0.0550033,-0.027134608,0.0,0.0,0.0,0.0,0,21.6
51596000,51596000,0.9971595,-0.050409507,0.04875049,-0.027645955,0.0,0.0,0.0,0.0,0,21.62
51616000,51616000,0.9976901,-0.04497385,0.042486407,-0.028211854,0.0,0.0,0.0,0.0,0,21.64
51636000,51636000,0.99814713,-0.03957118,0.036254343,-0.028829824,0.0,0.0,0.0,0.0,0,21.66
51656000,51656000,0.9985304,-0.034242667,0.030060796,-0.029494042,0.0,0.0,0.0,0.0,0,21.68
51676000,51676000,0.99884075,-0.028994441,0.02394637,-0.03020109,0.0,0.0,0.0,0.0,0,21.7
51696000,51696000,0.9990804,-0.023855887,0.017909145,-0.03094483,0.0,0.0,0.0,0.0,0,21.72
51716000,51716000,0.99925226,-0.018822508,0.011982216,-0.03172075,0.0,0.0,0.0,0.0,0,21.74
51736000,51736000,0.9993596,-0.013921202,0.00615817,-0.032522693,0.0,0.0,0.0,0.0,0,21.76
51756000,51756000,0.9994065,-0.00914374,0.00046464728,-0.033345535,0.0,0.0,0.0,0.0,0,21.78
51776000,51776000,0.9993969,-0.004517658,-0.0050991913,-0.03418366,0.0,0.0,0.0,0.0,0,21.8
51796000,51796000,0.99933547,-3.441878e-05,-0.010510603,-0.035031583,0.0,0.0,0.0,0.0,0,21.82
51816000,51816000,0.99922705,0.004283925,-0.015762888,-0.035883848,0.0,0.0,0.0,0.0,0,21.84
51836000,51836000,0.99907637,0.008454348,-0.020846058,-0.03673493,0.0,0.0,0.0,0.0,0,21.86
51856000,51856000,0.99888843,0.012451905,-0.025761759,-0.037579823,0.0,0.0,0.0,0.0,0,21.88
51876000,51876000,0.9986683,0.016291225,-0.030492168,-0.038412686,0.0,0.0,0.0,0.0,0,21.9
51896000,51896000,0.99842095,0.019946504,-0.03504215,-0.0392292,0.0,0.0,0.0,0.0,0,21.92
51916000,51916000,0.99815077,0.023436489,-0.039407052,-0.040024083,0.0,0.0,0.0,0.0,0,21.94
51936000,51936000,0.9978631,0.026739316,-0.043580268,-0.040793404,0.0,0.0,0.0,0.0,0,21.96
51956000,51956000,0.9975617,0.02987898,-0.047561888,-0.041531876,0.0,0.0,0.0,0.0,0,21.98
51976000,51976000,0.99725133,0.032833368,-0.05135109,-0.042236853,0.0,0.0,0.0,0.0,0,22.0
51996000,51996000,0.9969349,0.03562612,-0.054954514,-0.042904023,0.0,0.0,0.0,0.0,0,22.02
52016000,52016000,0.99661696,0.038240854,-0.058364473,-0.04353088,0.0,0.0,0.0,0.0,0,22.04
52036000,52036000,0.99629945,0.040699825,-0.06159552,-0.044114005,0.0,0.0,0.0,0.0,0,22.06
52056000,52056000,0.99598664,0.04298266,-0.06464047,-0.044652138,0.0,0.0,0.0,0.0,0,22.08
52076000,52076000,0.99567986,0.045112252,-0.06751135,-0.045142613,0.0,0.0,0.0,0.0,0,22.1
52096000,52096000,0.9953827,0.047070697,-0.07020422,-0.045585655,0.0,0.0,0.0,0.0,0,22.12
52116000,52116000,0.9950965,0.04888123,-0.0727226,-0.045979287,0.0,0.0,0.0,0.0,0,22.14
52136000,52136000,0.99482375,0.050538447,-0.07506529,-0.046323836,0.0,0.0,0.0,0.0,0,22.16
52156000,52156000,0.99456316,0.052060947,-0.07726276,-0.04661961,0.0,0.0,0.0,0.0,0,22.18
52176000,52176000,0.9943152,0.05345117,-0.079327114,-0.046867635,0.0,0.0,0.0,0.0,0,22.2
52196000,52196000,0.99407923,0.05472956,-0.08127068,-0.047067825,0.0,0.0,0.0,0.0,0,22.22
52216000,52216000,0.9938555,0.055901837,-0.08309991,-0.047220938,0.0,0.0,0.0,0.0,0,22.24
52236000,52236000,0.99364257,0.056986142,-0.08483097,-0.047327306,0.0,0.0,0.0,0.0,0,22.26
52256000,52256000,0.99344,0.057992857,-0.08647198,-0.04738747,0.0,0.0,0.0,0.0,0,22.28
52276000,52276000,0.9932478,0.058925625,-0.0880268,-0.04740252,0.0,0.0,0.0,0.0,0,22.3
52296000,52296000,0.9930659,0.059790097,-0.089499585,-0.04737343,0.0,0.0,0.0,0.0,0,22.32
52316000,52316000,0.9928955,0.060584623,-0.09088331,-0.04730112,0.0,0.0,0.0,0.0,0,22.34
52336000,52336000,0.9927364,0.06131751,-0.09218021,-0.047186073,0.0,0.0,0.0,0.0,0,22.36
52356000,52356000,0.99258953,0.061988696,-0.093384914,-0.047029685,0.0,0.0,0.0,0.0,0,22.38
52376000,52376000,0.9924542,0.062603,-0.09450521,-0.0468337,0.0,0.0,0.0,0.0,0,22.4
52396000,52396000,0.99233097,0.06315854,-0.09553952,-0.046600502,0.0,0.0,0.0,0.0,0,22.42
52416000,52416000,0.99222106,0.06365955,-0.096475035,-0.04633073,0.0,0.0,0.0,0.0,0,22.44
52436000,52436000,0.9921243,0.06410607,-0.097315885,-0.04602716,0.0,0.0,0.0,0.0,0,22.46
52456000,52456000,0.99204123,0.0644982,-0.098058864,-0.045691967,0.0,0.0,0.0,0.0,0,22.48
52476000,52476000,0.9919706,0.064842604,-0.09871316,-0.045327395,0.0,0.0,0.0,0.0,0,22.5
52496000,52496000,0.9919139,0.06513531,-0.09926793,-0.044935446,0.0,0.0,0.0,0.0,0,22.52
52516000,52516000,0.9918706,0.06536952,-0.09973309,-0.044519816,0.0,0.0,0.0,0.0,0,22.54
52536000,52536000,0.9918412,0.065545656,-0.10010315,-0.044082463,0.0,0.0,0.0,0.0,0,22.56
52556000,52556000,0.9918265,0.065667786,-0.10036934,-0.043624822,0.0,0.0,0.0,0.0,0,22.58
52576000,52576000,0.99182457,0.06573802,-0.10054709,-0.043150518,0.0,0.0,0.0,0.0,0,22.6
52596000,52596000,0.9918356,0.065754786,-0.10063564,-0.042662457,0.0,0.0,0.0,0.0,0,22.62
52616000,52616000,0.99186015,0.06572222,-0.10062536,-0.042162012,0.0,0.0,0.0,0.0,0,22.64
52636000,52636000,0.9918978,0.06564277,-0.1005185,-0.041651685,0.0,0.0,0.0,0.0,0,22.66
52656000,52656000,0.9919472,0.065521464,-0.100323476,-0.041134406,0.0,0.0,0.0,0.0,0,22.68
52676000,52676000,0.99200696,0.06535494,-0.10005264,-0.04061394,0.0,0.0,0.0,0.0,0,22.7
52696000,52696000,0.9920781,0.065149255,-0.0996911,-0.040091652,0.0,0.0,0.0,0.0,0,22.72
52716000,52716000,0.9921606,0.06490039,-0.09923985,-0.039570082,0.0,0.0,0.0,0.0,0,22.74
52736000,52736000,0.99225307,0.064615056,-0.09870581,-0.039051227,0.0,0.0,0.0,0.0,0,22.76
52756000,52756000,0.9923549,0.06429367,-0.09809187,-0.038537547,0.0,0.0,0.0,0.0,0,22.78
52776000,52776000,0.9924648,0.06394116,-0.09740571,-0.038031492,0.0,0.0,0.0,0.0,0,22.8
52796000,52796000,0.9925831,0.06355888,-0.09664,-0.03753479,0.0,0.0,0.0,0.0,0,22.82
52816000,52816000,0.99270904,0.06314078,-0.09580364,-0.0370504,0.0,0.0,0.0,0.0,0,22.84
52836000,52836000,0.9928418,0.06269387,-0.09489853,-0.036579605,0.0,0.0,0.0,0.0,0,22.86
52856000,52856000,0.9929809,0.062224694,-0.0939215,-0.036123723,0.0,0.0,0.0,0.0,0,22.88
52876000,52876000,0.99312496,0.061733868,-0.09288375,-0.035685163,0.0,0.0,0.0,0.0,0,22.9
52896000,52896000,0.9932746,0.061223567,-0.09177529,-0.035264887,0.0,0.0,0.0,0.0,0,22.92
52916000,52916000,0.99342877,0.060688123,-0.090607904,-0.03486541,0.0,0.0,0.0,0.0,0,22.94
52936000,52936000,0.9935868,0.060123928,-0.08938688,-0.03448874,0.0,0.0,0.0,0.0,0,22.96
52956000,52956000,0.993748,0.059538078,-0.08811351,-0.034135625,0.0,0.0,0.0,0.0,0,22.98
52976000,52976000,0.9939129,0.058940653,-0.08677301,-0.03380523,0.0,0.0,0.0,0.0,0,23.0
52996000,52996000,0.9940786,0.058343545,-0.08538627,-0.03349864,0.0,0.0,0.0,0.0,0,23.02
53016000,53016000,0.9942456,0.05773564,-0.083952114,-0.03321762,0.0,0.0,0.0,0.0,0,23.04
53036000,53036000,0.9944136,0.057124045,-0.08246852,-0.03296223,0.0,0.0,0.0,0.0,0,23.06
53056000,53056000,0.99458253,0.056507926,-0.0809327,-0.032732762,0.0,0.0,0.0,0.0,0,23.08
53076000,53076000,0.99475104,0.055887137,-0.0793594,-0.032530054,0.0,0.0,0.0,0.0,0,23.1
53096000,53096000,0.9949186,0.05526613,-0.07774964,-0.032354016,0.0,0.0,0.0,0.0,0,23.12
53116000,53116000,0.9950854,0.05463758,-0.07610272,-0.0322054,0.0,0.0,0.0,0.0,0,23.14
53136000,53136000,0.99525124,0.054003917,-0.07441993,-0.03208386,0.0,0.0,0.0,0.0,0,23.16
53156000,53156000,0.9954158,0.0533581,-0.07270485,-0.03198972,0.0,0.0,0.0,0.0,0,23.18
53176000,53176000,0.99557734,0.052711204,-0.07097456,-0.031922787,0.0,0.0,0.0,0.0,0,23.2
53196000,53196000,0.9957356,0.05206021,-0.069231465,-0.031882793,0.0,0.0,0.0,0.0,0,23.22
53216000,53216000,0.9958906,0.05140496,-0.06747495,-0.031869028,0.0,0.0,0.0,0.0,0,23.24
53236000,53236000,0.9960436,0.050737668,-0.06569308,-0.031880412,0.0,0.0,0.0,0.0,0,23.26
53256000,53256000,0.996193,0.0500737,-0.06389575,-0.031915724,0.0,0.0,0.0,0.0,0,23.28
53276000,53276000,0.9963394,0.049400963,-0.062081818,-0.031974856,0.0,0.0,0.0,0.0,0,23.3
53296000,53296000,0.99648196,0.048715673,-0.06026535,-0.03205776,0.0,0.0,0.0,0.0,0,23.32
53316000,53316000,0.99662095,0.04802126,-0.058440145,-0.0321627,0.0,0.0,0.0,0.0,0,23.34
53336000,53336000,0.9967557,0.047320794,-0.05661562,-0.03228887,0.0,0.0,0.0,0.0,0,23.36
53356000,53356000,0.9968866,0.046609245,-0.054788306,-0.03243536,0.0,0.0,0.0,0.0,0,23.38
53376000,53376000,0.997013,0.04589928,-0.052959595,-0.03259998,0.0,0.0,0.0,0.0,0,23.4
53396000,53396000,0.99713457,0.045184813,-0.05114085,-0.032782447,0.0,0.0,0.0,0.0,0,23.42
53416000,53416000,0.99725163,0.044464033,-0.049330037,-0.03298148,0.0,0.0,0.0,0.0,0,23.44
53436000,53436000,0.9973643,0.04374429,-0.047519352,-0.033194877,0.0,0.0,0.0,0.0,0,23.46
53456000,53456000,0.9974727,0.04302562,-0.04570695,-0.03342109,0.0,0.0,0.0,0.0,0,23.48
53476000,53476000,0.9975765,0.042311117,-0.043898724,-0.033658653,0.0,0.0,0.0,0.0,0,23.5
53496000,53496000,0.99767584,0.041589577,-0.042102568,-0.033907615,0.0,0.0,0.0,0.0,0,23.52
53516000,53516000,0.9977702,0.040870238,-0.04032422,-0.034166016,0.0,0.0,0.0,0.0,0,23.54
53536000,53536000,0.99786,0.040147174,-0.038563423,-0.034432802,0.0,0.0,0.0,0.0,0,23.56
53556000,53556000,0.9979447,0.039434746,-0.036821734,-0.03470616,0.0,0.0,0.0,0.0,0,23.58
53576000,53576000,0.9980251,0.038726076,-0.035090342,-0.034984536,0.0,0.0,0.0,0.0,0,23.6
53596000,53596000,0.9981009,0.03802964,-0.03337392,-0.035265893,0.0,0.0,0.0,0.0,0,23.62
53616000,53616000,0.99817246,0.037336636,-0.03167187,-0.03554936,0.0,0.0,0.0,0.0,0,23.64
53636000,53636000,0.9982396,0.03664568,-0.029997801,-0.035834257,0.0,0.0,0.0,0.0,0,23.66
53656000,53656000,0.99830276,0.035958845,-0.028339155,-0.036118716,0.0,0.0,0.0,0.0,0,23.68
53676000,53676000,0.99836206,0.035280555,-0.026693806,-0.036401544,0.0,0.0,0.0,0.0,0,23.7
53696000,53696000,0.9984175,0.03460425,-0.025071323,-0.036681786,0.0,0.0,0.0,0.0,0,23.72
53716000,53716000,0.998469,0.033937663,-0.023476295,-0.036958218,0.0,0.0,0.0,0.0,0,23.74
53736000,53736000,0.99851704,0.0332741,-0.02190032,-0.037229594,0.0,0.0,0.0,0.0,0,23.76
53756000,53756000,0.9985616,0.032618742,-0.020346208,-0.03749446,0.0,0.0,0.0,0.0,0,23.78
53776000,53776000,0.99860275,0.03197232,-0.018821787,-0.03775211,0.0,0.0,0.0,0.0,0,23.8
53796000,53796000,0.9986408,0.031330854,-0.017320186,-0.03800153,0.0,0.0,0.0,0.0,0,23.82
53816000,53816000,0.99867606,0.030690715,-0.015838938,-0.038242437,0.0,0.0,0.0,0.0,0,23.84
53836000,53836000,0.99870837,0.030056046,-0.0143887075,-0.038474433,0.0,0.0,0.0,0.0,0,23.86
53856000,53856000,0.99873805,0.0294263,-0.012966393,-0.038696416,0.0,0.0,0.0,0.0,0,23.88
53876000,53876000,0.9987651,0.028802726,-0.011573485,-0.03890756,0.0,0.0,0.0,0.0,0,23.9
53896000,53896000,0.99879,0.028179713,-0.010204929,-0.039107308,0.0,0.0,0.0,0.0,0,23.92
53916000,53916000,0.9988128,0.02755705,-0.0088680675,-0.03929524,0.0,0.0,0.0,0.0,0,23.94
53936000,53936000,0.9988335,0.026933745,-0.0075767213,-0.039470986,0.0,0.0,0.0,0.0,0,23.96
53956000,53956000,0.9988523,0.026311679,-0.0063224286,-0.039633982,0.0,0.0,0.0,0.0,0,23.98
53976000,53976000,0.99886954,0.025693322,-0.0050894073,-0.039783638,0.0,0.0,0.0,0.0,0,24.0
53996000,53996000,0.9988852,0.02507396,-0.00388607,-0.039919775,0.0,0.0,0.0,0.0,0,24.02
54016000,54016000,0.9988994,0.024459489,-0.0027204454,-0.04004257,0.0,0.0,0.0,0.0,0,24.04
54036000,54036000,0.9989123,0.02384716,-0.0015917958,-0.040151842,0.0,0.0,0.0,0.0,0,24.06
54056000,54056000,0.9989238,0.023243811,-0.0005138025,-0.04024778,0.0,0.0,0.0,0.0,0,24.08
54076000,54076000,0.99893427,0.022639362,0.0005198261,-0.0403307,0.0,0.0,0.0,0.0,0,24.1
54096000,54096000,0.9989439,0.022035876,0.0015119013,-0.0404007,0.0,0.0,0.0,0.0,0,24.12
54116000,54116000,0.99895287,0.021432953,0.0024742468,-0.0404579,0.0,0.0,0.0,0.0,0,24.14
54136000,54136000,0.99896073,0.020846074,0.003405596,-0.040502205,0.0,0.0,0.0,0.0,0,24.16
54156000,54156000,0.99896795,0.020265859,0.0042984122,-0.040534053,0.0,0.0,0.0,0.0,0,24.18
54176000,54176000,0.9989747,0.01968827,0.005147294,-0.04055352,0.0,0.0,0.0,0.0,0,24.2
54196000,54196000,0.99898094,0.019114302,0.005966592,-0.04056121,0.0,0.0,0.0,0.0,0,24.22
54216000,54216000,0.9989869,0.018541705,0.0067503937,-0.040557995,0.0,0.0,0.0,0.0,0,24.24
54236000,54236000,0.9989927,0.017964287,0.00749745,-0.040544342,0.0,0.0,0.0,0.0,0,24.26
54256000,54256000,0.99899817,0.017394353,0.008203557,-0.04052089,0.0,0.0,0.0,0.0,0,24.28
54276000,54276000,0.99900347,0.016830036,0.008869508,-0.04048837,0.0,0.0,0.0,0.0,0,24.3
54296000,54296000,0.9990085,0.016277716,0.009496702,-0.040447097,0.0,0.0,0.0,0.0,0,24.32
54316000,54316000,0.9990135,0.015724918,0.010099695,-0.040397145,0.0,0.0,0.0,0.0,0,24.34
54336000,54336000,0.9990185,0.015169385,0.010665112,-0.040339667,0.0,0.0,0.0,0.0,0,24.36
54356000,54356000,0.99902344,0.014624674,0.01119273,-0.04027511,0.0,0.0,0.0,0.0,0,24.38
54376000,54376000,0.99902844,0.014083442,0.011687097,-0.040204234,0.0,0.0,0.0,0.0,0,24.4
54396000,54396000,0.9990334,0.013547679,0.012147791,-0.040127907,0.0,0.0,0.0,0.0,0,24.42
54416000,54416000,0.9990383,0.013026768,0.012574786,-0.040046994,0.0,0.0,0.0,0.0,0,24.44
54436000,54436000,0.99904317,0.012520363,0.012967775,-0.039962333,0.0,0.0,0.0,0.0,0,24.46
54456000,54456000,0.99904805,0.01201983,0.013329069,-0.039874088,0.0,0.0,0.0,0.0,0,24.48
54476000,54476000,0.9990531,0.011526804,0.013655894,-0.039782606,0.0,0.0,0.0,0.0,0,24.5
54496000,54496000,0.9990581,0.011053153,0.0139473025,-0.03968943,0.0,0.0,0.0,0.0,0,24.52
54516000,54516000,0.99906325,0.01059433,0.014201537,-0.03959503,0.0,0.0,0.0,0.0,0,24.54
54536000,54536000,0.99906856,0.010138382,0.014427088,-0.039499562,0.0,0.0,0.0,0.0,0,24.56
54556000,54556000,0.9990739,0.009698064,0.014617145,-0.039403882,0.0,0.0,0.0,0.0,0,24.58
54576000,54576000,0.9990792,0.009276384,0.01478297,-0.039308745,0.0,0.0,0.0,0.0,0,24.6
54596000,54596000,0.99908465,0.00885885,0.014922106,-0.039215125,0.0,0.0,0.0,0.0,0,24.62
54616000,54616000,0.99909,0.008449561,0.01503747,-0.039123826,0.0,0.0,0.0,0.0,0,24.64
54636000,54636000,0.9990953,0.008054804,0.015135214,-0.03903516,0.0,0.0,0.0,0.0,0,24.66
54656000,54656000,0.9991004,0.007676551,0.015213951,-0.038949616,0.0,0.0,0.0,0.0,0,24.68
54676000,54676000,0.99910563,0.0073050405,0.015261254,-0.038867917,0.0,0.0,0.0,0.0,0,24.7
54696000,54696000,0.9991109,0.006946679,0.015282511,-0.038790703,0.0,0.0,0.0,0.0,0,24.72
54716000,54716000,0.99911606,0.0066062203,0.015281792,-0.038717963,0.0,0.0,0.0,0.0,0,24.74
54736000,54736000,0.999121,0.0062784487,0.015270147,-0.038649324,0.0,0.0,0.0,0.0,0,24.76
54756000,54756000,0.99912566,0.0059675868,0.015252099,-0.03858536,0.0,0.0,0.0,0.0,0,24.78
54776000,54776000,0.99913,0.0056800037,0.015223302,-0.03852699,0.0,0.0,0.0,0.0,0,24.8
54796000,54796000,0.9991344,0.0054032933,0.015165901,-0.03847429,0.0,0.0,0.0,0.0,0,24.82
54816000,54816000,0.99913883,0.0051405816,0.01508651,-0.03842707,0.0,0.0,0.0,0.0,0,24.84
54836000,54836000,0.99914306,0.0048828963,0.014997837,-0.038385082,0.0,0.0,0.0,0.0,0,24.86
54856000,54856000,0.99914706,0.004630436,0.01490519,-0.038348746,0.0,0.0,0.0,0.0,0,24.88
54876000,54876000,0.9991507,0.004394079,0.014811122,-0.03831858,0.0,0.0,0.0,0.0,0,24.9
54896000,54896000,0.99915385,0.0041773818,0.014720566,-0.03829465,0.0,0.0,0.0,0.0,0,24.92
54916000,54916000,0.99915683,0.003969559,0.014621513,-0.03827719,0.0,0.0,0.0,0.0,0,24.94
54936000,54936000,0.99915975,0.0037613234,0.014508164,-0.038266167,0.0,0.0,0.0,0.0,0,24.96
54956000,54956000,0.9991625,0.0035613207,0.014381977,-0.038261387,0.0,0.0,0.0,0.0,0,24.98
54976000,54976000,0.9991651,0.0033727582,0.014240795,-0.038262855,0.0,0.0,0.0,0.0,0,25.0
54996000,54996000,0.9991677,0.0031990132,0.014079117,-0.03827071,0.0,0.0,0.0,0.0,0,25.02
55016000,55016000,0.9991698,0.0030383095,0.013919541,-0.038284764,0.0,0.0,0.0,0.0,0,25.04
55036000,55036000,0.99917185,0.0028909154,0.013752208,-0.038304616,0.0,0.0,0.0,0.0,0,25.06
55056000,55056000,0.9991737,0.0027590275,0.013572611,-0.03833007,0.0,0.0,0.0,0.0,0,25.08
55076000,55076000,0.9991753,0.002635363,0.013389884,-0.038360976,0.0,0.0,0.0,0.0,0,25.1
55096000,55096000,0.9991766,0.0025219761,0.013207043,-0.03839753,0.0,0.0,0.0,0.0,0,25.12
55116000,55116000,0.99917775,0.0024197306,0.013021054,-0.038439117,0.0,0.0,0.0,0.0,0,25.14
55136000,55136000,0.9991787,0.0023232892,0.012824345,-0.03848531,0.0,0.0,0.0,0.0,0,25.16
55156000,55156000,0.9991795,0.002227884,0.01262962,-0.038535867,0.0,0.0,0.0,0.0,0,25.18
55176000,55176000,0.99917996,0.0021269042,0.012436185,-0.03859114,0.0,0.0,0.0,0.0,0,25.2
55196000,55196000,0.9991804,0.0020185576,0.012234124,-0.0386509,0.0,0.0,0.0,0.0,0,25.22
55216000,55216000,0.9991805,0.001908071,0.012039501,-0.03871497,0.0,0.0,0.0,0.0,0,25.24
55236000,55236000,0.9991804,0.0017978033,0.011845326,-0.038783003,0.0,0.0,0.0,0.0,0,25.26
55256000,55256000,0.99918014,0.00168343,0.011644378,-0.038854517,0.0,0.0,0.0,0.0,0,25.28
55276000,55276000,0.9991798,0.0015602782,0.011443307,-0.038929716,0.0,0.0,0.0,0.0,0,25.3
55296000,55296000,0.9991792,0.0014372711,0.0112433825,-0.03900811,0.0,0.0,0.0,0.0,0,25.32
55316000,55316000,0.99917847,0.0013202939,0.011036646,-0.039089542,0.0,0.0,0.0,0.0,0,25.34
55336000,55336000,0.9991777,0.0012082323,0.0108147515,-0.03917363,0.0,0.0,0.0,0.0,0,25.36
55356000,55356000,0.99917686,0.0010936565,0.010589263,-0.039260566,0.0,0.0,0.0,0.0,0,25.38
55376000,55376000,0.9991758,0.0009732968,0.0103682885,-0.03934995,0.0,0.0,0.0,0.0,0,25.4
55396000,55396000,0.99917465,0.00085357163,0.010134844,-0.03944156,0.0,0.0,0.0,0.0,0,25.42
55416000,55416000,0.9991734,0.0007299491,0.00989973,-0.03953513,0.0,0.0,0.0,0.0,0,25.44
55436000,55436000,0.9991719,0.0006101488,0.009673149,-0.039630692,0.0,0.0,0.0,0.0,0,25.46
55456000,55456000,0.9991704,0.00049297104,0.009434533,-0.039728276,0.0,0.0,0.0,0.0,0,25.48
55476000,55476000,0.99916875,0.00037369045,0.009193941,-0.03982715,0.0,0.0,0.0,0.0,0,25.5
55496000,55496000,0.9991669,0.00024956092,0.008963348,-0.039926965,0.0,0.0,0.0,0.0,0,25.52
55516000,55516000,0.99916494,0.00013388682,0.008734515,-0.040027585,0.0,0.0,0.0,0.0,0,25.54
55536000,55536000,0.99916285,1.9949872e-05,0.008508293,-0.040128943,0.0,0.0,0.0,0.0,0,25.56
55556000,55556000,0.99916065,-9.6449745e-05,0.0082843285,-0.04023069,0.0,0.0,0.0,0.0,0,25.58
55576000,55576000,0.99915826,-0.00021353974,0.008064916,-0.04033268,0.0,0.0,0.0,0.0,0,25.6
55596000,55596000,0.9991558,-0.00032707123,0.007851126,-0.040435012,0.0,0.0,0.0,0.0,0,25.62
55616000,55616000,0.9991533,-0.00044325244,0.007633609,-0.04053776,0.0,0.0,0.0,0.0,0,25.64
55636000,55636000,0.9991508,-0.00057034916,0.007401119,-0.040640578,0.0,0.0,0.0,0.0,0,25.66
55656000,55656000,0.99914825,-0.00070190313,0.0071659163,-0.040743563,0.0,0.0,0.0,0.0,0,25.68
55676000,55676000,0.9991456,-0.0008379782,0.006928361,-0.040846255,0.0,0.0,0.0,0.0,0,25.7
55696000,55696000,0.99914294,-0.0009789668,0.006688595,-0.040948812,0.0,0.0,0.0,0.0,0,25.72
55716000,55716000,0.9991402,-0.0011255094,0.006445083,-0.04105102,0.0,0.0,0.0,0.0,0,25.74
55736000,55736000,0.99913734,-0.0012738226,0.006201428,-0.041153338,0.0,0.0,0.0,0.0,0,25.76
55756000,55756000,0.9991344,-0.001420702,0.0059597087,-0.04125565,0.0,0.0,0.0,0.0,0,25.78
55776000,55776000,0.99913144,-0.0015652418,0.005712782,-0.04135735,0.0,0.0,0.0,0.0,0,25.8
55796000,55796000,0.9991284,-0.0017117877,0.0054542706,-0.041458756,0.0,0.0,0.0,0.0,0,25.82
55816000,55816000,0.99912536,-0.0018632552,0.0051898127,-0.04155995,0.0,0.0,0.0,0.0,0,25.84
55836000,55836000,0.99912226,-0.0020064146,0.0049207616,-0.041660726,0.0,0.0,0.0,0.0,0,25.86
55856000,55856000,0.9991191,-0.0021417188,0.004636522,-0.041761078,0.0,0.0,0.0,0.0,0,25.88
55876000,55876000,0.99911594,-0.0022821196,0.0043514483,-0.041860584,0.0,0.0,0.0,0.0,0,25.9
55896000,55896000,0.99911267,-0.0024274806,0.0040744357,-0.041958876,0.0,0.0,0.0,0.0,0,25.92
55916000,55916000,0.99910927,-0.0025763602,0.0037961337,-0.042056106,0.0,0.0,0.0,0.0,0,25.94
55936000,55936000,0.9991059,-0.0027302683,0.0035115816,-0.042152338,0.0,0.0,0.0,0.0,0,25.96
55956000,55956000,0.99910235,-0.0028810166,0.0032275396,-0.042247865,0.0,0.0,0.0,0.0,0,25.98
55976000,55976000,0.9990988,-0.0030205634,0.002961235,-0.042342424,0.0,0.0,0.0,0.0,0,26.0
55996000,55996000,0.9990951,-0.003164136,0.0027054502,-0.042436346,0.0,0.0,0.0,0.0,0,26.02
56016000,56016000,0.99909127,-0.0033042922,0.0024525542,-0.04252972,0.0,0.0,0.0,0.0,0,26.04
56036000,56036000,0.9990874,-0.0034452397,0.0022115433,-0.042622525,0.0,0.0,0.0,0.0,0,26.06
56056000,56056000,0.9990835,-0.0035813008,0.0019779142,-0.042714406,0.0,0.0,0.0,0.0,0,26.08
56076000,56076000,0.9990796,-0.0037032631,0.0017413426,-0.042805247,0.0,0.0,0.0,0.0,0,26.1
56096000,56096000,0.9990757,-0.0038178193,0.0015101032,-0.042894747,0.0,0.0,0.0,0.0,0,26.12
56116000,56116000,0.99907184,-0.003923405,0.0012819013,-0.0429828,0.0,0.0,0.0,0.0,0,26.14
56136000,56136000,0.999068,-0.004018911,0.0010566306,-0.043069333,0.0,0.0,0.0,0.0,0,26.16
56156000,56156000,0.9990642,-0.004105383,0.0008363947,-0.043154385,0.0,0.0,0.0,0.0,0,26.18
56176000,56176000,0.9990604,-0.0041823876,0.00063680083,-0.043238062,0.0,0.0,0.0,0.0,0,26.2
56196000,56196000,0.99905664,-0.004250769,0.0004516209,-0.043320466,0.0,0.0,0.0,0.0,0,26.22
56216000,56216000,0.9990529,-0.0043155723,0.00027377275,-0.043401614,0.0,0.0,0.0,0.0,0,26.24
56236000,56236000,0.9990492,-0.00437349,0.00011057471,-0.04348143,0.0,0.0,0.0,0.0,0,26.26
56256000,56256000,0.9990456,-0.0044208765,-4.419205e-05,-0.043559734,0.0,0.0,0.0,0.0,0,26.28
56276000,56276000,0.9990421,-0.0044534267,-0.0002082869,-0.043636855,0.0,0.0,0.0,0.0,0,26.3
56296000,56296000,0.99903864,-0.0044731717,-0.00036239842,-0.043712728,0.0,0.0,0.0,0.0,0,26.32
56316000,56316000,0.99903524,-0.0044887885,-0.0004953843,-0.04378753,0.0,0.0,0.0,0.0,0,26.34
56336000,56336000,0.99903184,-0.004505129,-0.0006228403,-0.043860577,0.0,0.0,0.0,0.0,0,26.36
56356000,56356000,0.99902856,-0.0045149256,-0.00074788096,-0.043932162,0.0,0.0,0.0,0.0,0,26.38
56376000,56376000,0.9990254,-0.0045135114,-0.00086917746,-0.044002313,0.0,0.0,0.0,0.0,0,26.4
56396000,56396000,0.9990223,-0.004500445,-0.000986192,-0.04407104,0.0,0.0,0.0,0.0,0,26.42
56416000,56416000,0.9990194,-0.0044757794,-0.0010998319,-0.04413821,0.0,0.0,0.0,0.0,0,26.44
56436000,56436000,0.99901646,-0.0044416687,-0.0012114719,-0.044203874,0.0,0.0,0.0,0.0,0,26.46
56456000,56456000,0.99901366,-0.0044019995,-0.00132545,-0.04426803,0.0,0.0,0.0,0.0,0,26.48
56476000,56476000,0.9990109,-0.00435497,-0.0014394611,-0.044330835,0.0,0.0,0.0,0.0,0,26.5
56496000,56496000,0.9990083,-0.0042979335,-0.0015494474,-0.044392273,0.0,0.0,0.0,0.0,0,26.52
56516000,56516000,0.9990057,-0.0042497567,-0.0016491971,-0.04445221,0.0,0.0,0.0,0.0,0,26.54
56536000,56536000,0.99900305,-0.0042184438,-0.0017513419,-0.04451052,0.0,0.0,0.0,0.0,0,26.56
56556000,56556000,0.9990004,-0.0041978643,-0.001848182,-0.04456783,0.0,0.0,0.0,0.0,0,26.58
56576000,56576000,0.9989978,-0.004180947,-0.0019434356,-0.04462346,0.0,0.0,0.0,0.0,0,26.6
56596000,56596000,0.99899524,-0.004171869,-0.0020414235,-0.044677403,0.0,0.0,0.0,0.0,0,26.62
56616000,56616000,0.9989926,-0.004176716,-0.002138839,-0.044730112,0.0,0.0,0.0,0.0,0,26.64
56636000,56636000,0.99899006,-0.0041853855,-0.0022328517,-0.044781845,0.0,0.0,0.0,0.0,0,26.66
56656000,56656000,0.99898756,-0.0041912515,-0.0023254678,-0.04483291,0.0,0.0,0.0,0.0,0,26.68
56676000,56676000,0.99898505,-0.004196229,-0.0024217048,-0.0448831,0.0,0.0,0.0,0.0,0,26.7
56696000,56696000,0.9989826,-0.004193023,-0.002516663,-0.044932142,0.0,0.0,0.0,0.0,0,26.72
56716000,56716000,0.9989803,-0.004177718,-0.0026072715,-0.044979956,0.0,0.0,0.0,0.0,0,26.74
56736000,56736000,0.9989781,-0.004148264,-0.0026921094,-0.04502655,0.0,0.0,0.0,0.0,0,26.76
56756000,56756000,0.998976,-0.0041082418,-0.0027744458,-0.045072313,0.0,0.0,0.0,0.0,0,26.78
56776000,56776000,0.9989739,-0.004063678,-0.002859908,-0.045117147,0.0,0.0,0.0,0.0,0,26.8
56796000,56796000,0.9989719,-0.004011041,-0.002943196,-0.045161042,0.0,0.0,0.0,0.0,0,26.82
56816000,56816000,0.99897,-0.003949391,-0.0030173035,-0.045204002,0.0,0.0,0.0,0.0,0,26.84
56836000,56836000,0.99896806,-0.0038837434,-0.003092444,-0.045246173,0.0,0.0,0.0,0.0,0,26.86
56856000,56856000,0.9989662,-0.0038156717,-0.0031668628,-0.04528759,0.0,0.0,0.0,0.0,0,26.88
56876000,56876000,0.9989644,-0.0037530204,-0.003229001,-0.045328964,0.0,0.0,0.0,0.0,0,26.9
56896000,56896000,0.9989625,-0.003699712,-0.0032867426,-0.045370232,0.0,0.0,0.0,0.0,0,26.92
56916000,56916000,0.9989607,-0.0036495102,-0.003346166,-0.045410905,0.0,0.0,0.0,0.0,0,26.94
56936000,56936000,0.9989589,-0.0035942341,-0.003405648,-0.045450788,0.0,0.0,0.0,0.0,0,26.96
56956000,56956000,0.9989571,-0.003537033,-0.0034653605,-0.045490015,0.0,0.0,0.0,0.0,0,26.98
56976000,56976000,0.99895537,-0.0034869718,-0.003506604,-0.045528717,0.0,0.0,0.0,0.0,0,27.0
56996000,56996000,0.99895364,-0.003438522,-0.0035321866,-0.045567352,0.0,0.0,0.0,0.0,0,27.02
57016000,57016000,0.99895203,-0.0033898135,-0.003541512,-0.045605656,0.0,0.0,0.0,0.0,0,27.04
57036000,57036000,0.9989505,-0.0033420164,-0.0035365093,-0.0456435,0.0,0.0,0.0,0.0,0,27.06
57056000,57056000,0.99894905,-0.0032788506,-0.0035258785,-0.04568056,0.0,0.0,0.0,0.0,0,27.08
57076000,57076000,0.9989477,-0.0032067706,-0.0035133888,-0.04571724,0.0,0.0,0.0,0.0,0,27.1
57096000,57096000,0.99894625,-0.0031339726,-0.0035060674,-0.045753635,0.0,0.0,0.0,0.0,0,27.12
57116000,57116000,0.9989448,-0.0030623348,-0.003505858,-0.045789763,0.0,0.0,0.0,0.0,0,27.14
57136000,57136000,0.9989433,-0.0029920049,-0.0035126202,-0.04582566,0.0,0.0,0.0,0.0,0,27.16
57156000,57156000,0.9989419,-0.002917723,-0.003520544,-0.045861818,0.0,0.0,0.0,0.0,0,27.18
57176000,57176000,0.99894047,-0.0028363047,-0.0035180883,-0.04589788,0.0,0.0,0.0,0.0,0,27.2
57196000,57196000,0.99893916,-0.0027533802,-0.00349455,-0.045933835,0.0,0.0,0.0,0.0,0,27.22
57216000,57216000,0.9989378,-0.0026738094,-0.0034592377,-0.04597026,0.0,0.0,0.0,0.0,0,27.24
57236000,57236000,0.9989364,-0.0026001437,-0.0034307437,-0.046007108,0.0,0.0,0.0,0.0,0,27.26
57256000,57256000,0.99893504,-0.0025244018,-0.0033907965,-0.046043962,0.0,0.0,0.0,0.0,0,27.28
57276000,57276000,0.9989337,-0.00244886,-0.0033430166,-0.04608064,0.0,0.0,0.0,0.0,0,27.3
57296000,57296000,0.9989323,-0.0023746772,-0.0033090808,-0.046117138,0.0,0.0,0.0,0.0,0,27.32
57316000,57316000,0.9989309,-0.0023098865,-0.0032729032,-0.046153598,0.0,0.0,0.0,0.0,0,27.34
57336000,57336000,0.9989295,-0.0022481596,-0.0032209023,-0.04619003,0.0,0.0,0.0,0.0,0,27.36
57356000,57356000,0.9989281,-0.002177698,-0.0031710984,-0.04622666,0.0,0.0,0.0,0.0,0,27.38
57376000,57376000,0.99892676,-0.0020985852,-0.0031217472,-0.046263374,0.0,0.0,0.0,0.0,0,27.4
57396000,57396000,0.9989253,-0.0020292716,-0.0030697777,-0.04630028,0.0,0.0,0.0,0.0,0,27.42
57416000,57416000,0.99892396,-0.001967084,-0.0030048152,-0.046337426,0.0,0.0,0.0,0.0,0,27.44
57436000,57436000,0.9989225,-0.0018991301,-0.0029432743,-0.046374727,0.0,0.0,0.0,0.0,0,27.46
57456000,57456000,0.9989211,-0.0018262024,-0.002894186,-0.04641203,0.0,0.0,0.0,0.0,0,27.48
57476000,57476000,0.99891967,-0.0017516424,-0.0028333676,-0.046449218,0.0,0.0,0.0,0.0,0,27.5
57496000,57496000,0.99891824,-0.0016808256,-0.0027707992,-0.046486244,0.0,0.0,0.0,0.0,0,27.52
57516000,57516000,0.9989168,-0.001613833,-0.0027142079,-0.04652303,0.0,0.0,0.0,0.0,0,27.54
57536000,57536000,0.9989154,-0.001543986,-0.0026431757,-0.046559732,0.0,0.0,0.0,0.0,0,27.56
57556000,57556000,0.998914,-0.0014729374,-0.0025624896,-0.046596307,0.0,0.0,0.0,0.0,0,27.58
57576000,57576000,0.9989126,-0.0014066462,-0.0024972612,-0.046632767,0.0,0.0,0.0,0.0,0,27.6
57596000,57596000,0.9989111,-0.0013457432,-0.0024383953,-0.046669304,0.0,0.0,0.0,0.0,0,27.62
57616000,57616000,0.99890953,-0.0012920793,-0.0023814351,-0.046706237,0.0,0.0,0.0,0.0,0,27.64
57636000,57636000,0.99890804,-0.0012347153,-0.0023157264,-0.046743706,0.0,0.0,0.0,0.0,0,27.66
57656000,57656000,0.9989065,-0.0011700407,-0.0022434648,-0.046781417,0.0,0.0,0.0,0.0,0,27.68
57676000,57676000,0.99890494,-0.0011043835,-0.0021897338,-0.04681903,0.0,0.0,0.0,0.0,0,27.7
57696000,57696000,0.99890333,-0.0010418954,-0.0021441304,-0.046856407,0.0,0.0,0.0,0.0,0,27.72
57716000,57716000,0.9989018,-0.0009775134,-0.0020834536,-0.04689348,0.0,0.0,0.0,0.0,0,27.74
57736000,57736000,0.99890023,-0.0009088231,-0.0020302115,-0.046930436,0.0,0.0,0.0,0.0,0,27.76
57756000,57756000,0.9988986,-0.000847282,-0.001992777,-0.046967223,0.0,0.0,0.0,0.0,0,27.78
57776000,57776000,0.998897,-0.00079442706,-0.0019551346,-0.047003962,0.0,0.0,0.0,0.0,0,27.8
57796000,57796000,0.9988954,-0.00074524485,-0.0019156141,-0.04704103,0.0,0.0,0.0,0.0,0,27.82
57816000,57816000,0.9988938,-0.0006893654,-0.0018742372,-0.047077578,0.0,0.0,0.0,0.0,0,27.84
57836000,57836000,0.99889225,-0.0006200252,-0.0018373097,-0.047113378,0.0,0.0,0.0,0.0,0,27.86
57856000,57856000,0.9988907,-0.00055336783,-0.0017914462,-0.04714818,0.0,0.0,0.0,0.0,0,27.88
57876000,57876000,0.9988892,-0.0004985319,-0.0017454635,-0.04718257,0.0,0.0,0.0,0.0,0,27.9
57896000,57896000,0.99888766,-0.00044822544,-0.0017083446,-0.0472166,0.0,0.0,0.0,0.0,0,27.92
57916000,57916000,0.99888617,-0.00039390277,-0.0016679205,-0.047250804,0.0,0.0,0.0,0.0,0,27.94
57936000,57936000,0.9988846,-0.00033247174,-0.0016220673,-0.04728495,0.0,0.0,0.0,0.0,0,27.96
57956000,57956000,0.9988831,-0.00026780093,-0.0015735235,-0.047318816,0.0,0.0,0.0,0.0,0,27.98
57976000,57976000,0.99888164,-0.00020425882,-0.0015213516,-0.04735234,0.0,0.0,0.0,0.0,0,28.0
57996000,57996000,0.99888015,-0.00014099535,-0.0014675257,-0.047385603,0.0,0.0,0.0,0.0,0,28.02
58016000,58016000,0.99887866,-7.771944e-05,-0.0014135013,-0.047418624,0.0,0.0,0.0,0.0,0,28.04
58036000,58036000,0.99887717,-1.5796493e-05,-0.0013575187,-0.04745174,0.0,0.0,0.0,0.0,0,28.06
58056000,58056000,0.9988757,3.8455713e-05,-0.001295453,-0.047484733,0.0,0.0,0.0,0.0,0,28.08
58076000,58076000,0.9988742,8.65252e-05,-0.0012351607,-0.047517374,0.0,0.0,0.0,0.0,0,28.1
58096000,58096000,0.9988727,0.00013131832,-0.0011741425,-0.04755004,0.0,0.0,0.0,0.0,0,28.12
58116000,58116000,0.9988712,0.00017163307,-0.0011083614,-0.04758281,0.0,0.0,0.0,0.0,0,28.14
58136000,58136000,0.9988697,0.0002036471,-0.0010345333,-0.047615662,0.0,0.0,0.0,0.0,0,28.16
58156000,58156000,0.9988682,0.00022768149,-0.0009604458,-0.04764822,0.0,0.0,0.0,0.0,0,28.18
58176000,58176000,0.99886674,0.00024658963,-0.0008844652,-0.047680676,0.0,0.0,0.0,0.0,0,28.2
58196000,58196000,0.9988653,0.0002641697,-0.0008073232,-0.047712993,0.0,0.0,0.0,0.0,0,28.22
58216000,58216000,0.9988638,0.0002806181,-0.0007289996,-0.047745116,0.0,0.0,0.0,0.0,0,28.24
58236000,58236000,0.9988623,0.00029741324,-0.00065060094,-0.047777023,0.0,0.0,0.0,0.0,0,28.26
58256000,58256000,0.99886084,0.00031441805,-0.000572326,-0.047808714,0.0,0.0,0.0,0.0,0,28.28
58276000,58276000,0.99885935,0.00033011462,-0.000495961,-0.04784051,0.0,0.0,0.0,0.0,0,28.3
58296000,58296000,0.99885786,0.00033576798,-0.00042908124,-0.04787274,0.0,0.0,0.0,0.0,0,28.32
58316000,58316000,0.9988563,0.00033008252,-0.00036660745,-0.047905214,0.0,0.0,0.0,0.0,0,28.34
58336000,58336000,0.9988548,0.00032064706,-0.00028290245,-0.04793779,0.0,0.0,0.0,0.0,0,28.36
58356000,58356000,0.99885327,0.00031582333,-0.00019829506,-0.047970578,0.0,0.0,0.0,0.0,0,28.38
58376000,58376000,0.99885166,0.00031398356,-0.00013364934,-0.048003975,0.0,0.0,0.0,0.0,0,28.4
58396000,58396000,0.99885,0.000315642,-7.572473e-05,-0.04803805,0.0,0.0,0.0,0.0,0,28.42
58416000,58416000,0.9988483,0.00032267714,-1.237472e-05,-0.04807293,0.0,0.0,0.0,0.0,0,28.44
58436000,58436000,0.9988466,0.0003226622,4.3250395e-05,-0.048108537,0.0,0.0,0.0,0.0,0,28.46
58456000,58456000,0.99884486,0.00032547885,8.4579e-05,-0.048144653,0.0,0.0,0.0,0.0,0,28.48
58476000,58476000,0.9988431,0.00033604703,0.00012408332,-0.048181746,0.0,0.0,0.0,0.0,0,28.5
58496000,58496000,0.9988412,0.00034641573,0.00016669136,-0.0482197,0.0,0.0,0.0,0.0,0,28.52
58516000,58516000,0.99883884,0.0007848907,-0.0010842627,-0.04825191,0.0,0.0,0.0,0.0,0,28.54
58536000,58536000,0.99880826,0.0030187657,-0.0072288797,-0.048267458,0.0,0.0,0.0,0.0,0,28.56
58556000,58556000,0.9986908,0.006870823,-0.015827764,-0.04825004,0.0,0.0,0.0,0.0,0,28.58
58576000,58576000,0.9984848,0.011533495,-0.024122804,-0.04818986,0.0,0.0,0.0,0.0,0,28.6
58596000,58596000,0.99818677,0.016429849,-0.032390174,-0.048095632,0.0,0.0,0.0,0.0,0,28.62
58616000,58616000,0.9977883,0.021378167,-0.040859837,-0.047969066,0.0,0.0,0.0,0.0,0,28.64
58636000,58636000,0.9973112,0.026264898,-0.049035724,-0.047803435,0.0,0.0,0.0,0.0,0,28.66
58656000,58656000,0.9967879,0.030969521,-0.056554947,-0.04759621,0.0,0.0,0.0,0.0,0,28.68
58676000,58676000,0.99623823,0.035403196,-0.0634254,-0.047353227,0.0,0.0,0.0,0.0,0,28.7
58696000,58696000,0.9956766,0.039493147,-0.06971969,-0.047082093,0.0,0.0,0.0,0.0,0,28.72
58716000,58716000,0.995119,0.04321762,-0.07543696,-0.046785466,0.0,0.0,0.0,0.0,0,28.74
58736000,58736000,0.9945763,0.04659456,-0.080604315,-0.046465293,0.0,0.0,0.0,0.0,0,28.76
58756000,58756000,0.9940542,0.04963803,-0.08528714,-0.046124868,0.0,0.0,0.0,0.0,0,28.78
58776000,58776000,0.993472,0.052648954,-0.090307556,-0.04577266,0.0,0.0,0.0,0.0,0,28.8
58796000,58796000,0.9926415,0.05623466,-0.09719268,-0.045422208,0.0,0.0,0.0,0.0,0,28.82
58816000,58816000,0.9914157,0.060814504,-0.106655926,-0.04505728,0.0,0.0,0.0,0.0,0,28.84
58836000,58836000,0.9897407,0.06651191,-0.11835252,-0.04462388,0.0,0.0,0.0,0.0,0,28.86
58856000,58856000,0.9876095,0.07322447,-0.13165322,-0.044070374,0.0,0.0,0.0,0.0,0,28.88
58876000,58876000,0.984982,0.08082177,-0.1463097,-0.04336809,0.0,0.0,0.0,0.0,0,28.9
58896000,58896000,0.9818842,0.08902702,-0.1618076,-0.042486265,0.0,0.0,0.0,0.0,0,28.92
58916000,58916000,0.9784762,0.0974526,-0.17715317,-0.041389287,0.0,0.0,0.0,0.0,0,28.94
58936000,58936000,0.974904,0.10579597,-0.1917628,-0.04006866,0.0,0.0,0.0,0.0,0,28.96
58956000,58956000,0.9712872,0.11382526,-0.20535064,-0.038538173,0.0,0.0,0.0,0.0,0,28.98
58976000,58976000,0.96770424,0.121377714,-0.21787322,-0.036828812,0.0,0.0,0.0,0.0,0,29.0
58996000,58996000,0.9642134,0.1283673,-0.22934842,-0.034968313,0.0,0.0,0.0,0.0,0,29.02
59016000,59016000,0.96086645,0.13475402,-0.23978883,-0.032976057,0.0,0.0,0.0,0.0,0,29.04
59036000,59036000,0.9577013,0.1405172,-0.2492369,-0.030873068,0.0,0.0,0.0,0.0,0,29.06
59056000,59056000,0.9547438,0.14564955,-0.25775376,-0.0286801,0.0,0.0,0.0,0.0,0,29.08
59076000,59076000,0.95201516,0.15016772,-0.26538345,-0.026410427,0.0,0.0,0.0,0.0,0,29.1
59096000,59096000,0.94955367,0.15403996,-0.27211872,-0.024084322,0.0,0.0,0.0,0.0,0,29.12
59116000,59116000,0.947403,0.1572787,-0.27790114,-0.021702863,0.0,0.0,0.0,0.0,0,29.14
59136000,59136000,0.94560516,0.15984322,-0.28269795,-0.019287365,0.0,0.0,0.0,0.0,0,29.16
59156000,59156000,0.94417393,0.16176596,-0.2865183,-0.016845012,0.0,0.0,0.0,0.0,0,29.18
59176000,59176000,0.9431153,0.16303417,-0.28940457,-0.014404037,0.0,0.0,0.0,0.0,0,29.2
59196000,59196000,0.94241756,0.1636935,-0.29140896,-0.011977437,0.0,0.0,0.0,0.0,0,29.22
59216000,59216000,0.94207156,0.16377938,-0.29256606,-0.009578837,0.0,0.0,0.0,0.0,0,29.24
59236000,59236000,0.94206214,0.16332164,-0.29291958,-0.0072242343,0.0,0.0,0.0,0.0,0,29.26
59256000,59256000,0.9423688,0.16236393,-0.29251295,-0.0049253474,0.0,0.0,0.0,0.0,0,29.28
59276000,59276000,0.94296896,0.16094734,-0.29138863,-0.0026947206,0.0,0.0,0.0,0.0,0,29.3
59296000,59296000,0.9438422,0.15910041,-0.28958204,-0.000546858,0.0,0.0,0.0,0.0,0,29.32
59316000,59316000,0.9449653,0.15688083,-0.28711638,0.0015144927,0.0,0.0,0.0,0.0,0,29.34
59336000,59336000,0.9463171,0.15431532,-0.2840208,0.0034764833,0.0,0.0,0.0,0.0,0,29.36
59356000,59356000,0.94787097,0.15145637,-0.28032526,0.005334032,0.0,0.0,0.0,0.0,0,29.38
59376000,59376000,0.9496094,0.1483162,-0.2760496,0.007071803,0.0,0.0,0.0,0.0,0,29.4
59396000,59396000,0.9515127,0.14493845,-0.27120113,0.008686301,0.0,0.0,0.0,0.0,0,29.42
59416000,59416000,0.9535588,0.1413435,-0.26580697,0.010165849,0.0,0.0,0.0,0.0,0,29.44
59436000,59436000,0.9557199,0.13756229,-0.25990957,0.011499503,0.0,0.0,0.0,0.0,0,29.46
59456000,59456000,0.9579806,0.13363177,-0.25350338,0.012686239,0.0,0.0,0.0,0.0,0,29.48
59476000,59476000,0.9603201,0.12956549,-0.2466152,0.013714942,0.0,0.0,0.0,0.0,0,29.5
59496000,59496000,0.9627228,0.12539235,-0.23924465,0.0145844035,0.0,0.0,0.0,0.0,0,29.52
59516000,59516000,0.96515733,0.121128626,-0.23146234,0.015280965,0.0,0.0,0.0,0.0,0,29.54
59536000,59536000,0.9676158,0.116799,-0.22324175,0.015807731,0.0,0.0,0.0,0.0,0,29.56
59556000,59556000,0.97006875,0.11242379,-0.2146523,0.016155645,0.0,0.0,0.0,0.0,0,29.58
59576000,59576000,0.9725124,0.10799855,-0.2056662,0.01632387,0.0,0.0,0.0,0.0,0,29.6
59596000,59596000,0.9749193,0.10355637,-0.19634527,0.016310453,0.0,0.0,0.0,0.0,0,29.62
59616000,59616000,0.9772799,0.09908855,-0.18669476,0.01611294,0.0,0.0,0.0,0.0,0,29.64
59636000,59636000,0.97957116,0.094632916,-0.17676695,0.015733872,0.0,0.0,0.0,0.0,0,29.66
59656000,59656000,0.98178375,0.09017482,-0.16657758,0.015171642,0.0,0.0,0.0,0.0,0,29.68
59676000,59676000,0.9839013,0.0857482,-0.15616095,0.014433078,0.0,0.0,0.0,0.0,0,29.7
59696000,59696000,0.98591363,0.081340834,-0.14554837,0.01351886,0.0,0.0,0.0,0.0,0,29.72
59716000,59716000,0.98780674,0.07696909,-0.1347889,0.01243414,0.0,0.0,0.0,0.0,0,29.74
59736000,59736000,0.9895743,0.07263457,-0.12389876,0.01118591,0.0,0.0,0.0,0.0,0,29.76
59756000,59756000,0.9912063,0.06834063,-0.11292968,0.009779795,0.0,0.0,0.0,0.0,0,29.78
59776000,59776000,0.99269754,0.06409153,-0.1019087,0.008224746,0.0,0.0,0.0,0.0,0,29.8
59796000,59796000,0.9940421,0.059886277,-0.09088663,0.0065286052,0.0,0.0,0.0,0.0,0,29.82
59816000,59816000,0.9952395,0.055724703,-0.07987519,0.004702902,0.0,0.0,0.0,0.0,0,29.84
59836000,59836000,0.9962842,0.051615715,-0.06895778,0.0027567558,0.0,0.0,0.0,0.0,0,29.86
59856000,59856000,0.997181,0.047548704,-0.05811907,0.0007041875,0.0,0.0,0.0,0.0,0,29.88
59876000,59876000,0.99792826,0.04354146,-0.047437456,-0.0014433302,0.0,0.0,0.0,0.0,0,29.9
59896000,59896000,0.99853265,0.039576866,-0.03690238,-0.0036715188,0.0,0.0,0.0,0.0,0,29.92
59916000,59916000,0.9989966,0.035674963,-0.02658093,-0.0059676985,0.0,0.0,0.0,0.0,0,29.94
59936000,59936000,0.9993284,0.031809255,-0.01645974,-0.008316986,0.0,0.0,0.0,0.0,0,29.96
59956000,59956000,0.9995325,0.028024396,-0.0066217678,-0.010705939,0.0,0.0,0.0,0.0,0,29.98
59976000,59976000,0.99961936,0.024273906,0.0029741558,-0.013118887,0.0,0.0,0.0,0.0,0,30.0
59996000,59996000,0.9995962,0.020605758,0.012264384,-0.015543154,0.0,0.0,0.0,0.0,0,30.02
60016000,60016000,0.9994725,0.016980035,0.021280099,-0.017963748,0.0,0.0,0.0,0.0,0,30.04
60036000,60036000,0.99925756,0.0134362085,0.029966718,-0.020368263,0.0,0.0,0.0,0.0,0,30.06
60056000,60056000,0.99896026,0.0099352095,0.03836148,-0.022741498,0.0,0.0,0.0,0.0,0,30.08
60076000,60076000,0.998591,0.0065141786,0.046410922,-0.025072763,0.0,0.0,0.0,0.0,0,30.1
60096000,60096000,0.99815804,0.0031372395,0.05414604,-0.027348652,0.0,0.0,0.0,0.0,0,30.12
60116000,60116000,0.997673,-0.00016312143,0.06151362,-0.02955958,0.0,0.0,0.0,0.0,0,30.14
60136000,60136000,0.9971422,-0.003414759,0.0685593,-0.031693105,0.0,0.0,0.0,0.0,0,30.16
60156000,60156000,0.99657667,-0.0065858853,0.07524702,-0.03374193,0.0,0.0,0.0,0.0,0,30.18
60176000,60176000,0.9959819,-0.009688141,0.08161576,-0.035696484,0.0,0.0,0.0,0.0,0,30.2
60196000,60196000,0.9953681,-0.01271042,0.08763525,-0.037549492,0.0,0.0,0.0,0.0,0,30.22
60216000,60216000,0.99473894,-0.015666492,0.09334915,-0.039293736,0.0,0.0,0.0,0.0,0,30.24
60236000,60236000,0.9941036,-0.018546142,0.09873381,-0.040923633,0.0,0.0,0.0,0.0,0,30.26
60256000,60256000,0.9934664,-0.021341572,0.10381481,-0.04243497,0.0,0.0,0.0,0.0,0,30.28
60276000,60276000,0.99283516,-0.024053784,0.108574234,-0.043823205,0.0,0.0,0.0,0.0,0,30.3
60296000,60296000,0.99221325,-0.026681844,0.11303694,-0.04508523,0.0,0.0,0.0,0.0,0,30.32
60316000,60316000,0.9916057,-0.029232971,0.11720312,-0.046217788,0.0,0.0,0.0,0.0,0,30.34
60336000,60336000,0.99101406,-0.03169661,0.12110192,-0.04722123,0.0,0.0,0.0,0.0,0,30.36
60356000,60356000,0.9904432,-0.034080233,0.12472705,-0.04809363,0.0,0.0,0.0,0.0,0,30.38
60376000,60376000,0.98989606,-0.036371812,0.12808956,-0.048837047,0.0,0.0,0.0,0.0,0,30.4
60396000,60396000,0.98937535,-0.038573205,0.13119474,-0.049452376,0.0,0.0,0.0,0.0,0,30.42
60416000,60416000,0.9888842,-0.040662155,0.13404979,-0.04994401,0.0,0.0,0.0,0.0,0,30.44
60436000,60436000,0.98842484,-0.042646337,0.13665771,-0.05031305,0.0,0.0,0.0,0.0,0,30.46
60456000,60456000,0.98799825,-0.04452099,0.13903154,-0.05056352,0.0,0.0,0.0,0.0,0,30.48
60476000,60476000,0.987605,-0.04629649,0.14118056,-0.05069773,0.0,0.0,0.0,0.0,0,30.5
60496000,60496000,0.98724705,-0.04797314,0.14310299,-0.050719086,0.0,0.0,0.0,0.0,0,30.52
60516000,60516000,0.9869249,-0.04954944,0.14480856,-0.050632626,0.0,0.0,0.0,0.0,0,30.54
60536000,60536000,0.98663837,-0.05102276,0.1463075,-0.050444048,0.0,0.0,0.0,0.0,0,30.56
60556000,60556000,0.9863864,-0.05240295,0.14761135,-0.050157096,0.0,0.0,0.0,0.0,0,30.58
60576000,60576000,0.9861689,-0.053688042,0.14872701,-0.049777955,0.0,0.0,0.0,0.0,0,30.6
60596000,60596000,0.9859858,-0.05487555,0.14965932,-0.049313206,0.0,0.0,0.0,0.0,0,30.62
60616000,60616000,0.9858363,-0.05597123,0.15041532,-0.048768334,0.0,0.0,0.0,0.0,0,30.64
60636000,60636000,0.9857193,-0.056973975,0.15100358,-0.04815,0.0,0.0,0.0,0.0,0,30.66
60656000,60656000,0.9856348,-0.057885054,0.15142535,-0.0474644,0.0,0.0,0.0,0.0,0,30.68
60676000,60676000,0.9855808,-0.05870653,0.15169205,-0.046718508,0.0,0.0,0.0,0.0,0,30.7
60696000,60696000,0.985555,-0.05944065,0.15181781,-0.04591938,0.0,0.0,0.0,0.0,0,30.72
60716000,60716000,0.9855576,-0.060091995,0.15179794,-0.045073412,0.0,0.0,0.0,0.0,0,30.74
60736000,60736000,0.9855878,-0.060659055,0.15163693,-0.04418829,0.0,0.0,0.0,0.0,0,30.76
60756000,60756000,0.98564357,-0.06114223,0.15134406,-0.043271456,0.0,0.0,0.0,0.0,0,30.78
60776000,60776000,0.98572314,-0.061542485,0.15092945,-0.04233034,0.0,0.0,0.0,0.0,0,30.8
60796000,60796000,0.9858269,-0.06186836,0.15038355,-0.04136975,0.0,0.0,0.0,0.0,0,30.82
60816000,60816000,0.98595285,-0.06211681,0.14971828,-0.04039803,0.0,0.0,0.0,0.0,0,30.84
60836000,60836000,0.9860986,-0.06228624,0.14894618,-0.039422758,0.0,0.0,0.0,0.0,0,30.86
60856000,60856000,0.98626316,-0.06238176,0.14806822,-0.038449757,0.0,0.0,0.0,0.0,0,30.88
60876000,60876000,0.9864463,-0.06241233,0.1470799,-0.037483376,0.0,0.0,0.0,0.0,0,30.9
60896000,60896000,0.9866458,-0.062372338,0.1459939,-0.036531493,0.0,0.0,0.0,0.0,0,30.92
60916000,60916000,0.9868613,-0.06227478,0.14480542,-0.035597626,0.0,0.0,0.0,0.0,0,30.94
60936000,60936000,0.9870912,-0.062118612,0.14352046,-0.034687713,0.0,0.0,0.0,0.0,0,30.96
60956000,60956000,0.9873337,-0.061906267,0.14214757,-0.033807207,0.0,0.0,0.0,0.0,0,30.98
60976000,60976000,0.9875867,-0.061637618,0.14069803,-0.032961737,0.0,0.0,0.0,0.0,0,31.0
60996000,60996000,0.9878505,-0.061327502,0.13916054,-0.03215313,0.0,0.0,0.0,0.0,0,31.02
61016000,61016000,0.98812366,-0.06096881,0.13754442,-0.03138691,0.0,0.0,0.0,0.0,0,31.04
61036000,61036000,0.988406,-0.06056705,0.13584511,-0.030665945,0.0,0.0,0.0,0.0,0,31.06
61056000,61056000,0.98869723,-0.060121953,0.13406195,-0.02999359,0.0,0.0,0.0,0.0,0,31.08
61076000,61076000,0.98899543,-0.05964331,0.13220102,-0.029372137,0.0,0.0,0.0,0.0,0,31.1
61096000,61096000,0.98929876,-0.05912218,0.13027585,-0.028806534,0.0,0.0,0.0,0.0,0,31.12
61116000,61116000,0.9896061,-0.058571648,0.12828669,-0.028297348,0.0,0.0,0.0,0.0,0,31.14
61136000,61136000,0.9899156,-0.057997614,0.12624215,-0.027846128,0.0,0.0,0.0,0.0,0,31.16
61156000,61156000,0.9902271,-0.057408158,0.12413705,-0.027452938,0.0,0.0,0.0,0.0,0,31.18
61176000,61176000,0.9905395,-0.05680616,0.121976495,-0.027119257,0.0,0.0,0.0,0.0,0,31.2
61196000,61196000,0.9908522,-0.05619261,0.119761266,-0.026846105,0.0,0.0,0.0,0.0,0,31.22
61216000,61216000,0.9911637,-0.055567525,0.117501445,-0.026634587,0.0,0.0,0.0,0.0,0,31.24
61236000,61236000,0.99147433,-0.05493439,0.11518925,-0.026483929,0.0,0.0,0.0,0.0,0,31.26
61256000,61256000,0.9917829,-0.05428654,0.11283648,-0.026395163,0.0,0.0,0.0,0.0,0,31.28
61276000,61276000,0.99208933,-0.05362893,0.11043823,-0.026367044,0.0,0.0,0.0,0.0,0,31.3
61296000,61296000,0.99239135,-0.052968904,0.1080087,-0.026398461,0.0,0.0,0.0,0.0,0,31.32
61316000,61316000,0.99269015,-0.052308507,0.10553487,-0.026487453,0.0,0.0,0.0,0.0,0,31.34
61336000,61336000,0.992984,-0.05165361,0.10302647,-0.026632331,0.0,0.0,0.0,0.0,0,31.36
61356000,61356000,0.9932733,-0.050999954,0.10048022,-0.02683177,0.0,0.0,0.0,0.0,0,31.38
61376000,61376000,0.99355596,-0.05034913,0.097913325,-0.027084533,0.0,0.0,0.0,0.0,0,31.4
61396000,61396000,0.9938328,-0.049701825,0.095315546,-0.027387677,0.0,0.0,0.0,0.0,0,31.42
61416000,61416000,0.9941025,-0.049063552,0.09269705,-0.027738864,0.0,0.0,0.0,0.0,0,31.44
61436000,61436000,0.99436474,-0.048435085,0.090057,-0.028135302,0.0,0.0,0.0,0.0,0,31.46
61456000,61456000,0.9946179,-0.04781954,0.0874136,-0.0285748,0.0,0.0,0.0,0.0,0,31.48
61476000,61476000,0.9948629,-0.047210433,0.08475797,-0.029054435,0.0,0.0,0.0,0.0,0,31.5
61496000,61496000,0.99509937,-0.046607994,0.08209533,-0.02957136,0.0,0.0,0.0,0.0,0,31.52
61516000,61516000,0.9953273,-0.04601143,0.0794247,-0.030122744,0.0,0.0,0.0,0.0,0,31.54
61536000,61536000,0.995546,-0.04542369,0.076753736,-0.030705491,0.0,0.0,0.0,0.0,0,31.56
61556000,61556000,0.99575603,-0.044840533,0.07407876,-0.031316362,0.0,0.0,0.0,0.0,0,31.58
61576000,61576000,0.9959555,-0.044271,0.071420185,-0.031952403,0.0,0.0,0.0,0.0,0,31.6
61596000,61596000,0.99614525,-0.04370866,0.06877378,-0.032610282,0.0,0.0,0.0,0.0,0,31.62
61616000,61616000,0.9963248,-0.043162346,0.066144325,-0.033286154,0.0,0.0,0.0,0.0,0,31.64
61636000,61636000,0.9964951,-0.04262653,0.06352264,-0.033976655,0.0,0.0,0.0,0.0,0,31.66
61656000,61656000,0.99665564,-0.042103827,0.060920764,-0.034678735,0.0,0.0,0.0,0.0,0,31.68
61676000,61676000,0.99680656,-0.04158635,0.058343485,-0.035389654,0.0,0.0,0.0,0.0,0,31.7
61696000,61696000,0.99694765,-0.041080352,0.055796437,-0.036105964,0.0,0.0,0.0,0.0,0,31.72
61716000,61716000,0.99707997,-0.040582083,0.053270686,-0.036824185,0.0,0.0,0.0,0.0,0,31.74
61736000,61736000,0.997203,-0.040101107,0.050773066,-0.037540976,0.0,0.0,0.0,0.0,0,31.76
61756000,61756000,0.9973177,-0.03962718,0.048300106,-0.03825372,0.0,0.0,0.0,0.0,0,31.78
61776000,61776000,0.99742407,-0.03916177,0.045857448,-0.03895933,0.0,0.0,0.0,0.0,0,31.8
61796000,61796000,0.99752206,-0.038709275,0.04344976,-0.039655037,0.0,0.0,0.0,0.0,0,31.82
61816000,61816000,0.9976121,-0.038274717,0.041074004,-0.040337663,0.0,0.0,0.0,0.0,0,31.84
61836000,61836000,0.9976943,-0.0378562,0.0387387,-0.041004878,0.0,0.0,0.0,0.0,0,31.86
61856000,61856000,0.9977695,-0.03744837,0.036438517,-0.041654337,0.0,0.0,0.0,0.0,0,31.88
61876000,61876000,0.9978377,-0.0370507,0.034180503,-0.042284183,0.0,0.0,0.0,0.0,0,31.9
61896000,61896000,0.99789935,-0.036662266,0.031970806,-0.042892728,0.0,0.0,0.0,0.0,0,31.92
61916000,61916000,0.99795514,-0.036279988,0.029800158,-0.04347773,0.0,0.0,0.0,0.0,0,31.94
61936000,61936000,0.9980053,-0.03590843,0.027674338,-0.044037312,0.0,0.0,0.0,0.0,0,31.96
61956000,61956000,0.99805,-0.03554776,0.025597684,-0.044570316,0.0,0.0,0.0,0.0,0,31.98
61976000,61976000,0.99808973,-0.03519498,0.023569128,-0.045075588,0.0,0.0,0.0,0.0,0,32.0
61996000,61996000,0.9981253,-0.034844235,0.02158484,-0.045551453,0.0,0.0,0.0,0.0,0,32.02
62016000,62016000,0.9981571,-0.03449396,0.019645806,-0.045996975,0.0,0.0,0.0,0.0,0,32.04
62036000,62036000,0.99818486,-0.034153156,0.017765235,-0.04641127,0.0,0.0,0.0,0.0,0,32.06
62056000,62056000,0.99820954,-0.033812515,0.015934063,-0.046793226,0.0,0.0,0.0,0.0,0,32.08
62076000,62076000,0.99823153,-0.033469103,0.014155424,-0.047142357,0.0,0.0,0.0,0.0,0,32.1
62096000,62096000,0.99825114,-0.03312377,0.012419984,-0.047458075,0.0,0.0,0.0,0.0,0,32.12
62116000,62116000,0.99826866,-0.032776188,0.010738,-0.047740385,0.0,0.0,0.0,0.0,0,32.14
62136000,62136000,0.99828446,-0.032424204,0.009110479,-0.047989227,0.0,0.0,0.0,0.0,0,32.16
62156000,62156000,0.99829835,-0.03207746,0.0075412975,-0.048204415,0.0,0.0,0.0,0.0,0,32.18
62176000,62176000,0.99831074,-0.03173732,0.0060239644,-0.048386008,0.0,0.0,0.0,0.0,0,32.2
62196000,62196000,0.9983218,-0.031405665,0.004563392,-0.048534703,0.0,0.0,0.0,0.0,0,32.22
62216000,62216000,0.99833196,-0.031074798,0.003147545,-0.048650615,0.0,0.0,0.0,0.0,0,32.24
62236000,62236000,0.9983414,-0.030746011,0.0017838744,-0.048734628,0.0,0.0,0.0,0.0,0,32.26
62256000,62256000,0.9983503,-0.03041954,0.00046939158,-0.04878738,0.0,0.0,0.0,0.0,0,32.28
62276000,62276000,0.9983588,-0.030096024,-0.00078792934,-0.048809804,0.0,0.0,0.0,0.0,0,32.3
62296000,62296000,0.9983672,-0.029772092,-0.001995443,-0.04880243,0.0,0.0,0.0,0.0,0,32.32
62316000,62316000,0.9983755,-0.0294523,-0.003140206,-0.048766498,0.0,0.0,0.0,0.0,0,32.34
62336000,62336000,0.998384,-0.029130572,-0.004233343,-0.048702564,0.0,0.0,0.0,0.0,0,32.36
62356000,62356000,0.998393,-0.02880287,-0.0052784537,-0.04861176,0.0,0.0,0.0,0.0,0,32.38
62376000,62376000,0.9984022,-0.028476002,-0.0062844628,-0.048495434,0.0,0.0,0.0,0.0,0,32.4
62396000,62396000,0.99841195,-0.02814566,-0.0072291535,-0.048355605,0.0,0.0,0.0,0.0,0,32.42
62416000,62416000,0.9984222,-0.02781662,-0.008117528,-0.048193302,0.0,0.0,0.0,0.0,0,32.44
62436000,62436000,0.9984332,-0.027483718,-0.008946815,-0.04800991,0.0,0.0,0.0,0.0,0,32.46
62456000,62456000,0.99844456,-0.027154548,-0.009736689,-0.047806177,0.0,0.0,0.0,0.0,0,32.48
62476000,62476000,0.99845636,-0.026829952,-0.010486115,-0.04758361,0.0,0.0,0.0,0.0,0,32.5
62496000,62496000,0.99846876,-0.026505439,-0.01118805,-0.047344424,0.0,0.0,0.0,0.0,0,32.52
62516000,62516000,0.9984819,-0.02617946,-0.011839019,-0.047089975,0.0,0.0,0.0,0.0,0,32.54
62536000,62536000,0.99849564,-0.025852848,-0.01244741,-0.046821438,0.0,0.0,0.0,0.0,0,32.56
62556000,62556000,0.99851006,-0.025523074,-0.013013408,-0.046539947,0.0,0.0,0.0,0.0,0,32.58
62576000,62576000,0.9985253,-0.025187865,-0.013529651,-0.046247546,0.0,0.0,0.0,0.0,0,32.6
62596000,62596000,0.99854136,-0.024844965,-0.014002019,-0.045945525,0.0,0.0,0.0,0.0,0,32.62
62616000,62616000,0.9985577,-0.024506075,-0.014440295,-0.04563561,0.0,0.0,0.0,0.0,0,32.64
62636000,62636000,0.9985744,-0.024166936,-0.014849179,-0.04531901,0.0,0.0,0.0,0.0,0,32.66
62656000,62656000,0.9985917,-0.023816794,-0.015224154,-0.044996493,0.0,0.0,0.0,0.0,0,32.68
62676000,62676000,0.99860954,-0.023462148,-0.015562381,-0.044669572,0.0,0.0,0.0,0.0,0,32.7
62696000,62696000,0.99862754,-0.023113657,-0.015870932,-0.044339444,0.0,0.0,0.0,0.0,0,32.72
62716000,62716000,0.998646,-0.022757472,-0.016146634,-0.044007055,0.0,0.0,0.0,0.0,0,32.74
62736000,62736000,0.998665,-0.022391073,-0.016390128,-0.04367333,0.0,0.0,0.0,0.0,0,32.76
62756000,62756000,0.9986841,-0.022025073,-0.016603433,-0.04333962,0.0,0.0,0.0,0.0,0,32.78
62776000,62776000,0.9987037,-0.021651369,-0.016780695,-0.0430075,0.0,0.0,0.0,0.0,0,32.8
62796000,62796000,0.99872357,-0.021269312,-0.016927166,-0.04267786,0.0,0.0,0.0,0.0,0,32.82
62816000,62816000,0.9987436,-0.020885075,-0.017045487,-0.042351186,0.0,0.0,0.0,0.0,0,32.84
62836000,62836000,0.9987638,-0.02049342,-0.017135456,-0.04202868,0.0,0.0,0.0,0.0,0,32.86
62856000,62856000,0.9987839,-0.02010613,-0.017195975,-0.04171172,0.0,0.0,0.0,0.0,0,32.88
62876000,62876000,0.99880403,-0.019718139,-0.01722719,-0.041400906,0.0,0.0,0.0,0.0,0,32.9
62896000,62896000,0.99882424,-0.01932475,-0.01722949,-0.0410964,0.0,0.0,0.0,0.0,0,32.92
62916000,62916000,0.99884444,-0.018927258,-0.017205795,-0.040798984,0.0,0.0,0.0,0.0,0,32.94
62936000,62936000,0.9988645,-0.018526964,-0.017163884,-0.040509526,0.0,0.0,0.0,0.0,0,32.96
62956000,62956000,0.9988845,-0.018116081,-0.017098892,-0.040228225,0.0,0.0,0.0,0.0,0,32.98
62972000,62972000,0.9989005,-0.017780453,-0.017028617,-0.04000981,0.0,0.0,0.0,0.0,0,32.996
62992000,62992000,0.99892014,-0.017367179,-0.016921679,-0.039745744,0.0,0.0,0.0,0.0,0,33.016
63012000,63012000,0.9989393,-0.016954519,-0.016803745,-0.03949172,0.0,0.0,0.0,0.0,0,33.036
63032000,63032000,0.9989582,-0.016538544,-0.016664993,-0.03924857,0.0,0.0,0.0,0.0,0,33.056
63052000,63052000,0.9989769,-0.016115887,-0.016501319,-0.039016243,0.0,0.0,0.0,0.0,0,33.076
63072000,63072000,0.99899536,-0.015691275,-0.016312456,-0.03879498,0.0,0.0,0.0,0.0,0,33.096
63092000,63092000,0.9990137,-0.015257877,-0.016094008,-0.03858519,0.0,0.0,0.0,0.0,0,33.116
63112000,63112000,0.9990316,-0.014827003,-0.015862757,-0.038386695,0.0,0.0,0.0,0.0,0,33.136
63132000,63132000,0.99904877,-0.014392279,-0.015632622,-0.038199443,0.0,0.0,0.0,0.0,0,33.156
63152000,63152000,0.99906534,-0.013958421,-0.015389469,-0.03802396,0.0,0.0,0.0,0.0,0,33.176
63172000,63172000,0.99908155,-0.01352233,-0.015132127,-0.03785972,0.0,0.0,0.0,0.0,0,33.196
63192000,63192000,0.9990972,-0.013078879,-0.014865255,-0.0377065,0.0,0.0,0.0,0.0,0,33.216
63212000,63212000,0.99911255,-0.01262827,-0.014583039,-0.037564807,0.0,0.0,0.0,0.0,0,33.236
63232000,63232000,0.9991272,-0.012174867,-0.014294429,-0.037434444,0.0,0.0,0.0,0.0,0,33.256
63252000,63252000,0.99914116,-0.011728622,-0.014001888,-0.03731524,0.0,0.0,0.0,0.0,0,33.276
63272000,63272000,0.9991546,-0.011288783,-0.013683776,-0.037207544,0.0,0.0,0.0,0.0,0,33.296
63292000,63292000,0.9991675,-0.010852802,-0.013358055,-0.03711084,0.0,0.0,0.0,0.0,0,33.316
63312000,63312000,0.9991796,-0.010430481,-0.013025192,-0.037024517,0.0,0.0,0.0,0.0,0,33.336
63332000,63332000,0.999191,-0.010013704,-0.01268981,-0.03694852,0.0,0.0,0.0,0.0,0,33.356
63352000,63352000,0.9992019,-0.009596516,-0.012341523,-0.03688264,0.0,0.0,0.0,0.0,0,33.376
63372000,63372000,0.99921215,-0.009176176,-0.01199274,-0.03682596,0.0,0.0,0.0,0.0,0,33.396
63392000,63392000,0.9992218,-0.008758121,-0.01164527,-0.036778193,0.0,0.0,0.0,0.0,0,33.416
63412000,63412000,0.99923074,-0.008352539,-0.011289682,-0.036739185,0.0,0.0,0.0,0.0,0,33.436
63432000,63432000,0.99923915,-0.007957115,-0.010923971,-0.0367089,0.0,0.0,0.0,0.0,0,33.456
63452000,63452000,0.99924695,-0.00756959,-0.0105534615,-0.03668704,0.0,0.0,0.0,0.0,0,33.476
63472000,63472000,0.99925417,-0.0071926974,-0.010176624,-0.03667312,0.0,0.0,0.0,0.0,0,33.496
63492000,63492000,0.9992608,-0.0068223584,-0.009798354,-0.03666622,0.0,0.0,0.0,0.0,0,33.516
63512000,63512000,0.99926686,-0.006455228,-0.009421971,-0.036666058,0.0,0.0,0.0,0.0,0,33.536
63532000,63532000,0.9992723,-0.0060931817,-0.009054019,-0.036672056,0.0,0.0,0.0,0.0,0,33.556
63552000,63552000,0.9992772,-0.0057377615,-0.008695823,-0.03668375,0.0,0.0,0.0,0.0,0,33.576
63572000,63572000,0.9992815,-0.005385655,-0.008341683,-0.03670075,0.0,0.0,0.0,0.0,0,33.596
63592000,63592000,0.99928546,-0.0050351336,-0.007989067,-0.036722653,0.0,0.0,0.0,0.0,0,33.616
63612000,63612000,0.9992889,-0.004688955,-0.0076366095,-0.036748704,0.0,0.0,0.0,0.0,0,33.636
63632000,63632000,0.99929196,-0.0043532643,-0.0072811753,-0.036779,0.0,0.0,0.0,0.0,0,33.656
63652000,63652000,0.9992946,-0.004027538,-0.006929366,-0.036813248,0.0,0.0,0.0,0.0,0,33.676
63672000,63672000,0.9992967,-0.003716934,-0.0065841307,-0.036851082,0.0,0.0,0.0,0.0,0,33.696
63692000,63692000,0.99929845,-0.0034310357,-0.006241036,-0.036891803,0.0,0.0,0.0,0.0,0,33.716
63712000,63712000,0.99929976,-0.00316242,-0.0059099,-0.036934953,0.0,0.0,0.0,0.0,0,33.736
63732000,63732000,0.9993008,-0.0029021967,-0.005578523,-0.03698012,0.0,0.0,0.0,0.0,0,33.756
63752000,63752000,0.99930155,-0.00264923,-0.005243141,-0.037026647,0.0,0.0,0.0,0.0,0,33.776
63772000,63772000,0.9993021,-0.002404784,-0.004913271,-0.037074335,0.0,0.0,0.0,0.0,0,33.796
63792000,63792000,0.9993023,-0.0021724,-0.0045959377,-0.037123013,0.0,0.0,0.0,0.0,0,33.816
63812000,63812000,0.9993023,-0.0019467364,-0.0042848447,-0.03717236,0.0,0.0,0.0,0.0,0,33.836
63832000,63832000,0.99930215,-0.001729456,-0.0039831307,-0.03722179,0.0,0.0,0.0,0.0,0,33.856
63852000,63852000,0.99930173,-0.0015262435,-0.0036941455,-0.03727128,0.0,0.0,0.0,0.0,0,33.876
63872000,63872000,0.99930114,-0.001331702,-0.003414504,-0.037320964,0.0,0.0,0.0,0.0,0,33.896
63892000,63892000,0.9993004,-0.001147057,-0.0031433606,-0.037370484,0.0,0.0,0.0,0.0,0,33.916
63912000,63912000,0.9992996,-0.0009664653,-0.002876976,-0.037419662,0.0,0.0,0.0,0.0,0,33.936
63932000,63932000,0.99929863,-0.0007895159,-0.002612963,-0.037468534,0.0,0.0,0.0,0.0,0,33.956
63952000,63952000,0.99929756,-0.0006238416,-0.002360157,-0.03751705,0.0,0.0,0.0,0.0,0,33.976
63972000,63972000,0.9992964,-0.00046117444,-0.00210887,-0.037564963,0.0,0.0,0.0,0.0,0,33.996
63992000,63992000,0.9992952,-0.0003020269,-0.0018613504,-0.03761245,0.0,0.0,0.0,0.0,0,34.016
64012000,64012000,0.99929386,-0.0001563662,-0.0016248513,-0.037659463,0.0,0.0,0.0,0.0,0,34.036
64032000,64032000,0.9992925,-1.8602097e-05,-0.0013959224,-0.0377055,0.0,0.0,0.0,0.0,0,34.056
64052000,64052000,0.99929106,0.00011535209,-0.0011689056,-0.037750423,0.0,0.0,0.0,0.0,0,34.076
64072000,64072000,0.99928963,0.00024118053,-0.00095297996,-0.037794024,0.0,0.0,0.0,0.0,0,34.096
64092000,64092000,0.99928814,0.00035388887,-0.0007672587,-0.03783616,0.0,0.0,0.0,0.0,0,34.116
64112000,64112000,0.9992867,0.0004598942,-0.0005946582,-0.037876736,0.0,0.0,0.0,0.0,0,34.136
64132000,64132000,0.9992852,0.00055913953,-0.00042133548,-0.0379159,0.0,0.0,0.0,0.0,0,34.156
64152000,64152000,0.99928385,0.00065318926,-0.00025128748,-0.037953157,0.0,0.0,0.0,0.0,0,34.176
64172000,64172000,0.9992825,0.00074328505,-9.908741e-05,-0.037987933,0.0,0.0,0.0,0.0,0,34.196
64192000,64192000,0.99928117,0.0008283406,4.65262e-05,-0.038020533,0.0,0.0,0.0,0.0,0,34.216
64212000,64212000,0.9992799,0.00091524137,0.0001857854,-0.038050734,0.0,0.0,0.0,0.0,0,34.236
64232000,64232000,0.9992788,0.0010006365,0.00031599976,-0.038078472,0.0,0.0,0.0,0.0,0,34.256
64252000,64252000,0.99927765,0.0010822123,0.00043754748,-0.03810413,0.0,0.0,0.0,0.0,0,34.276
64272000,64272000,0.9992766,0.0011524254,0.00055093714,-0.038127918,0.0,0.0,0.0,0.0,0,34.296
64292000,64292000,0.9992756,0.001213585,0.00065728545,-0.038149856,0.0,0.0,0.0,0.0,0,34.316
64312000,64312000,0.99927473,0.0012665265,0.00075141824,-0.038170148,0.0,0.0,0.0,0.0,0,34.336
64332000,64332000,0.9992739,0.0013130355,0.00083793903,-0.038188826,0.0,0.0,0.0,0.0,0,34.356
64352000,64352000,0.9992731,0.0013524794,0.00091761694,-0.038206007,0.0,0.0,0.0,0.0,0,34.376
64372000,64372000,0.99927235,0.0013914834,0.0009977169,-0.0382216,0.0,0.0,0.0,0.0,0,34.396
64392000,64392000,0.99927175,0.00141998,0.0010689712,-0.038235396,0.0,0.0,0.0,0.0,0,34.416
64412000,64412000,0.9992712,0.0014358697,0.0011277728,-0.038247347,0.0,0.0,0.0,0.0,0,34.436
64432000,64432000,0.99927074,0.0014553266,0.0011826009,-0.038257316,0.0,0.0,0.0,0.0,0,34.456
64452000,64452000,0.9992703,0.0014823169,0.0012327976,-0.03826521,0.0,0.0,0.0,0.0,0,34.476
64472000,64472000,0.99926996,0.0015211013,0.0012711841,-0.03827111,0.0,0.0,0.0,0.0,0,34.496
64492000,64492000,0.9992697,0.0015672753,0.001301243,-0.038275048,0.0,0.0,0.0,0.0,0,34.516
64512000,64512000,0.99926955,0.0016126414,0.00133112,-0.038277093,0.0,0.0,0.0,0.0,0,34.536
64532000,64532000,0.99926937,0.001659431,0.0013579715,-0.038277805,0.0,0.0,0.0,0.0,0,34.556
64552000,64552000,0.9992693,0.0017062201,0.0013829716,-0.038277306,0.0,0.0,0.0,0.0,0,34.576
64572000,64572000,0.99926925,0.0017570343,0.0014019634,-0.038275547,0.0,0.0,0.0,0.0,0,34.596
64592000,64592000,0.99926925,0.0018133839,0.0014188883,-0.038272906,0.0,0.0,0.0,0.0,0,34.616
64612000,64612000,0.99926925,0.0018719359,0.0014352127,-0.038269334,0.0,0.0,0.0,0.0,0,34.636
64632000,64632000,0.99926925,0.0019281842,0.0014472019,-0.03826529,0.0,0.0,0.0,0.0,0,34.656
64652000,64652000,0.9992693,0.0019799431,0.0014534502,-0.03826078,0.0,0.0,0.0,0.0,0,34.676
64672000,64672000,0.99926937,0.0020316897,0.0014598481,-0.03825603,0.0,0.0,0.0,0.0,0,34.696
64692000,64692000,0.9992695,0.002077724,0.0014591918,-0.038251556,0.0,0.0,0.0,0.0,0,34.716
64712000,64712000,0.99926955,0.0021234716,0.0014580699,-0.038247313,0.0,0.0,0.0,0.0,0,34.736
64732000,64732000,0.99926955,0.002175183,0.001460678,-0.038243428,0.0,0.0,0.0,0.0,0,34.756
64752000,64752000,0.99926955,0.0022301357,0.0014661145,-0.038240086,0.0,0.0,0.0,0.0,0,34.776
64772000,64772000,0.99926955,0.002277925,0.0014613359,-0.03823742,0.0,0.0,0.0,0.0,0,34.796
64792000,64792000,0.99926955,0.0023226247,0.0014554795,-0.03823573,0.0,0.0,0.0,0.0,0,34.816
64812000,64812000,0.9992695,0.0023669745,0.0014461146,-0.0382352,0.0,0.0,0.0,0.0,0,34.836
64832000,64832000,0.99926937,0.0024077508,0.0014366732,-0.03823565,0.0,0.0,0.0,0.0,0,34.856
64852000,64852000,0.99926925,0.0024455625,0.0014259592,-0.03823696,0.0,0.0,0.0,0.0,0,34.876
64872000,64872000,0.99926907,0.0024826254,0.0014156795,-0.038239103,0.0,0.0,0.0,0.0,0,34.896
64892000,64892000,0.9992689,0.0025170404,0.0014039305,-0.03824218,0.0,0.0,0.0,0.0,0,34.916
64912000,64912000,0.9992687,0.0025477442,0.0013897656,-0.038246192,0.0,0.0,0.0,0.0,0,34.936
64932000,64932000,0.9992685,0.002574459,0.0013731142,-0.038251188,0.0,0.0,0.0,0.0,0,34.956
64952000,64952000,0.9992682,0.002594454,0.0013563649,-0.03825725,0.0,0.0,0.0,0.0,0,34.976
64972000,64972000,0.99926794,0.0026089796,0.0013380636,-0.038264226,0.0,0.0,0.0,0.0,0,34.996
64992000,64992000,0.99926764,0.002618825,0.0013169175,-0.038272116,0.0,0.0,0.0,0.0,0,35.016
65012000,65012000,0.9992673,0.0026240777,0.001292693,-0.038280908,0.0,0.0,0.0,0.0,0,35.036
65032000,65032000,0.999267,0.0026246249,0.0012651086,-0.0382906,0.0,0.0,0.0,0.0,0,35.056
65052000,65052000,0.9992666,0.0026203142,0.0012341636,-0.03830119,0.0,0.0,0.0,0.0,0,35.076
65072000,65072000,0.9992662,0.0026110422,0.0011995994,-0.038312662,0.0,0.0,0.0,0.0,0,35.096
65092000,65092000,0.99926585,0.0025974128,0.0011621994,-0.03832522,0.0,0.0,0.0,0.0,0,35.116
65112000,65112000,0.9992653,0.002588883,0.0011305255,-0.03833935,0.0,0.0,0.0,0.0,0,35.136
65132000,65132000,0.9992648,0.002585006,0.0011093477,-0.03835489,0.0,0.0,0.0,0.0,0,35.156
65152000,65152000,0.9992642,0.002572125,0.0010856887,-0.038372334,0.0,0.0,0.0,0.0,0,35.176
65172000,65172000,0.99926347,0.002555293,0.0010628888,-0.038391627,0.0,0.0,0.0,0.0,0,35.196
65192000,65192000,0.99926275,0.0025414107,0.0010542453,-0.03841231,0.0,0.0,0.0,0.0,0,35.216
65212000,65212000,0.9992619,0.0025284933,0.001062962,-0.03843413,0.0,0.0,0.0,0.0,0,35.236
65232000,65232000,0.9992611,0.002513578,0.0010578452,-0.038457062,0.0,0.0,0.0,0.0,0,35.256
65252000,65252000,0.9992602,0.0024968376,0.0010417703,-0.0384814,0.0,0.0,0.0,0.0,0,35.276
65272000,65272000,0.9992593,0.0024802554,0.0010379159,-0.03850674,0.0,0.0,0.0,0.0,0,35.296
65292000,65292000,0.9992583,0.0024651769,0.0010489182,-0.038533,0.0,0.0,0.0,0.0,0,35.316
65312000,65312000,0.99925727,0.0024608846,0.0010559749,-0.038560342,0.0,0.0,0.0,0.0,0,35.336
65332000,65332000,0.9992561,0.0024715946,0.0010655293,-0.038589176,0.0,0.0,0.0,0.0,0,35.356
65352000,65352000,0.9992549,0.0024926446,0.0010803314,-0.038619213,0.0,0.0,0.0,0.0,0,35.376
65372000,65372000,0.9992536,0.002518553,0.0010984071,-0.03865049,0.0,0.0,0.0,0.0,0,35.396
65392000,65392000,0.9992522,0.0025487174,0.0011206949,-0.038683,0.0,0.0,0.0,0.0,0,35.416
65412000,65412000,0.9992508,0.0025793368,0.0011442691,-0.038716424,0.0,0.0,0.0,0.0,0,35.436
65432000,65432000,0.9992494,0.0026061307,0.0011655142,-0.038750734,0.0,0.0,0.0,0.0,0,35.456
65452000,65452000,0.9992479,0.0026300182,0.0011854125,-0.03878606,0.0,0.0,0.0,0.0,0,35.476
65472000,65472000,0.9992464,0.0026539478,0.0012067715,-0.0388225,0.0,0.0,0.0,0.0,0,35.496
65492000,65492000,0.99924487,0.0026752388,0.0012271629,-0.038859777,0.0,0.0,0.0,0.0,0,35.516
65512000,65512000,0.9992434,0.0026915753,0.0012429461,-0.038897626,0.0,0.0,0.0,0.0,0,35.536
65532000,65532000,0.99924177,0.0027133976,0.0012540116,-0.038935963,0.0,0.0,0.0,0.0,0,35.556
65552000,65552000,0.99924016,0.0027542622,0.0012727131,-0.038974978,0.0,0.0,0.0,0.0,0,35.576
65572000,65572000,0.99923843,0.0028008572,0.0012908612,-0.03901476,0.0,0.0,0.0,0.0,0,35.596
65592000,65592000,0.9992367,0.0028466159,0.00130643,-0.039054945,0.0,0.0,0.0,0.0,0,35.616
65612000,65612000,0.999235,0.0028976444,0.0013235623,-0.039094876,0.0,0.0,0.0,0.0,0,35.636
65632000,65632000,0.99923325,0.0029634777,0.0013335219,-0.039134294,0.0,0.0,0.0,0.0,0,35.656
65652000,65652000,0.99923146,0.0030405615,0.0013423669,-0.0391732,0.0,0.0,0.0,0.0,0,35.676
65672000,65672000,0.99922967,0.0031179872,0.001357261,-0.039212145,0.0,0.0,0.0,0.0,0,35.696
65692000,65692000,0.9992279,0.0031928103,0.0013638132,-0.03925098,0.0,0.0,0.0,0.0,0,35.716
65712000,65712000,0.99922615,0.0032742587,0.001363681,-0.039289374,0.0,0.0,0.0,0.0,0,35.736
65732000,65732000,0.99922436,0.0033578197,0.0013755618,-0.039327554,0.0,0.0,0.0,0.0,0,35.756
65752000,65752000,0.9992225,0.0034441955,0.0013866546,-0.039365344,0.0,0.0,0.0,0.0,0,35.776
65772000,65772000,0.9992207,0.0035366786,0.001397227,-0.039402325,0.0,0.0,0.0,0.0,0,35.796
65792000,65792000,0.999219,0.0036205659,0.0014199681,-0.03943856,0.0,0.0,0.0,0.0,0,35.816
65812000,65812000,0.9992173,0.0036966647,0.0014478186,-0.03947411,0.0,0.0,0.0,0.0,0,35.836
65832000,65832000,0.9992156,0.0037701977,0.0014656878,-0.039509065,0.0,0.0,0.0,0.0,0,35.856
65852000,65852000,0.99921393,0.0038325877,0.0014901119,-0.03954304,0.0,0.0,0.0,0.0,0,35.876
65872000,65872000,0.9992124,0.0038891572,0.0015166901,-0.039576054,0.0,0.0,0.0,0.0,0,35.896
65892000,65892000,0.9992109,0.0039384244,0.0015382363,-0.03960816,0.0,0.0,0.0,0.0,0,35.916
65912000,65912000,0.99920946,0.003974896,0.0015689875,-0.039639138,0.0,0.0,0.0,0.0,0,35.936
65932000,65932000,0.99920815,0.003999708,0.0016138371,-0.03966896,0.0,0.0,0.0,0.0,0,35.956
65952000,65952000,0.99920684,0.0040140324,0.0016558042,-0.039697662,0.0,0.0,0.0,0.0,0,35.976
65972000,65972000,0.9992057,0.0040166085,0.0016908299,-0.039725397,0.0,0.0,0.0,0.0,0,35.996
65992000,65992000,0.9992045,0.0040152557,0.001734981,-0.03975255,0.0,0.0,0.0,0.0,0,36.016
66012000,66012000,0.9992034,0.0040160767,0.0017894963,-0.039778795,0.0,0.0,0.0,0.0,0,36.036
66032000,66032000,0.9992023,0.004010653,0.0018415779,-0.039804038,0.0,0.0,0.0,0.0,0,36.056
66052000,66052000,0.9992013,0.0039951256,0.0018869543,-0.03982826,0.0,0.0,0.0,0.0,0,36.076
66072000,66072000,0.9992004,0.003973505,0.001928989,-0.03985204,0.0,0.0,0.0,0.0,0,36.096
66092000,66092000,0.99919945,0.0039532273,0.0019746663,-0.039875355,0.0,0.0,0.0,0.0,0,36.116
66112000,66112000,0.9991985,0.0039338022,0.0020234045,-0.03989831,0.0,0.0,0.0,0.0,0,36.136
66132000,66132000,0.9991976,0.0039140503,0.0020742686,-0.03992106,0.0,0.0,0.0,0.0,0,36.156
66152000,66152000,0.9991967,0.0038789415,0.0021152645,-0.039943736,0.0,0.0,0.0,0.0,0,36.176
66172000,66172000,0.9991959,0.0038329475,0.0021601692,-0.039966304,0.0,0.0,0.0,0.0,0,36.196
66192000,66192000,0.9991951,0.0037807366,0.0022069633,-0.039988607,0.0,0.0,0.0,0.0,0,36.216
66212000,66212000,0.9991944,0.0037126115,0.0022433482,-0.04001098,0.0,0.0,0.0,0.0,0,36.236
66232000,66232000,0.99919367,0.0036393513,0.0022781612,-0.040033348,0.0,0.0,0.0,0.0,0,36.256
66252000,66252000,0.99919295,0.0035675962,0.002317019,-0.040055618,0.0,0.0,0.0,0.0,0,36.276
66272000,66272000,0.99919224,0.0034952178,0.0023578033,-0.04007813,0.0,0.0,0.0,0.0,0,36.296
66292000,66292000,0.9991915,0.003406562,0.0023859078,-0.04010094,0.0,0.0,0.0,0.0,0,36.316
66312000,66312000,0.9991909,0.003304574,0.002404098,-0.040123947,0.0,0.0,0.0,0.0,0,36.336
66332000,66332000,0.9991903,0.003200124,0.0024222475,-0.040146943,0.0,0.0,0.0,0.0,0,36.356
66352000,66352000,0.9991896,0.00309726,0.0024441392,-0.040169843,0.0,0.0,0.0,0.0,0,36.376
66372000,66372000,0.99918896,0.0029965544,0.0024701918,-0.040192403,0.0,0.0,0.0,0.0,0,36.396
66392000,66392000,0.9991883,0.0028923387,0.0024951801,-0.04021441,0.0,0.0,0.0,0.0,0,36.416
66412000,66412000,0.9991877,0.0027850245,0.0025193938,-0.040235896,0.0,0.0,0.0,0.0,0,36.436
66432000,66432000,0.9991871,0.0026743785,0.0025409388,-0.0402569,0.0,0.0,0.0,0.0,0,36.456
66452000,66452000,0.9991865,0.0025634156,0.0025558157,-0.040277887,0.0,0.0,0.0,0.0,0,36.476
66472000,66472000,0.9991869,0.0018199467,0.0028000716,-0.040293764,0.0,0.0,0.0,0.0,0,36.496
66492000,66492000,0.9991765,-0.0034386923,0.004683426,-0.0402695,0.0,0.0,0.0,0.0,0,36.516
66512000,66512000,0.99905264,-0.014663211,0.008597732,-0.040174805,0.0,0.0,0.0,0.0,0,36.536
66532000,66532000,0.9986253,-0.03103895,0.013942506,-0.03998593,0.0,0.0,0.0,0.0,0,36.556
66552000,66552000,0.9977108,-0.051085543,0.019932406,-0.039689083,0.0,0.0,0.0,0.0,0,36.576
66572000,66572000,0.9961869,-0.07346122,0.02610876,-0.039275434,0.0,0.0,0.0,0.0,0,36.596
66592000,66592000,0.9940109,-0.097022615,0.032204915,-0.038740028,0.0,0.0,0.0,0.0,0,36.616
66612000,66612000,0.9911958,-0.12101999,0.03800691,-0.038074363,0.0,0.0,0.0,0.0,0,36.636
66632000,66632000,0.987816,-0.14474283,0.043448422,-0.037288114,0.0,0.0,0.0,0.0,0,36.656
66652000,66652000,0.9840058,-0.16755429,0.04840574,-0.036388595,0.0,0.0,0.0,0.0,0,36.676
66672000,66672000,0.97989994,-0.18909515,0.052873816,-0.035392273,0.0,0.0,0.0,0.0,0,36.696
66692000,66692000,0.9756716,-0.2089674,0.056823634,-0.034318235,0.0,0.0,0.0,0.0,0,36.716
66712000,66712000,0.9714572,-0.22703753,0.060273055,-0.03318326,0.0,0.0,0.0,0.0,0,36.736
66732000,66732000,0.9674022,-0.24313734,0.06325689,-0.032012574,0.0,0.0,0.0,0.0,0,36.756
66752000,66752000,0.9636143,-0.25724983,0.0657969,-0.030820709,0.0,0.0,0.0,0.0,0,36.776
66772000,66772000,0.9601816,-0.26938114,0.067944095,-0.029628403,0.0,0.0,0.0,0.0,0,36.796
66792000,66792000,0.95717067,-0.2795791,0.06971269,-0.028445078,0.0,0.0,0.0,0.0,0,36.816
66812000,66812000,0.9546215,-0.287923,0.07115179,-0.027287839,0.0,0.0,0.0,0.0,0,36.836
66832000,66832000,0.9525523,-0.2945239,0.072279535,-0.02616263,0.0,0.0,0.0,0.0,0,36.856
66852000,66852000,0.9509672,-0.29948938,0.07312742,-0.025078988,0.0,0.0,0.0,0.0,0,36.876
66872000,66872000,0.94985485,-0.30293858,0.07372214,-0.024044205,0.0,0.0,0.0,0.0,0,36.896
66892000,66892000,0.9491999,-0.3049753,0.07407364,-0.02306112,0.0,0.0,0.0,0.0,0,36.916
66912000,66912000,0.9489716,-0.3057236,0.07419661,-0.022132542,0.0,0.0,0.0,0.0,0,36.936
66932000,66932000,0.94913584,-0.30529678,0.07410835,-0.02126276,0.0,0.0,0.0,0.0,0,36.956
66952000,66952000,0.9496574,-0.30379707,0.07381732,-0.020453306,0.0,0.0,0.0,0.0,0,36.976
66972000,66972000,0.9504989,-0.30132088,0.073336914,-0.01970757,0.0,0.0,0.0,0.0,0,36.996
66992000,66992000,0.9516262,-0.29794905,0.072671056,-0.019027116,0.0,0.0,0.0,0.0,0,37.016
67012000,67012000,0.9530005,-0.29377082,0.071825385,-0.018412821,0.0,0.0,0.0,0.0,0,37.036
67032000,67032000,0.9545919,-0.28884366,0.070806794,-0.017867623,0.0,0.0,0.0,0.0,0,37.056
67052000,67052000,0.95636255,-0.28325048,0.06961695,-0.017390843,0.0,0.0,0.0,0.0,0,37.076
67072000,67072000,0.9582862,-0.2770378,0.068251334,-0.016982103,0.0,0.0,0.0,0.0,0,37.096
67092000,67092000,0.9603264,-0.27028155,0.06673221,-0.016645595,0.0,0.0,0.0,0.0,0,37.116
67112000,67112000,0.9624624,-0.2630102,0.06505686,-0.016382143,0.0,0.0,0.0,0.0,0,37.136
67132000,67132000,0.9646619,-0.25529775,0.06322592,-0.01618956,0.0,0.0,0.0,0.0,0,37.156
67152000,67152000,0.9669103,-0.24715321,0.06124249,-0.01607041,0.0,0.0,0.0,0.0,0,37.176
67172000,67172000,0.969177,-0.23864694,0.059125256,-0.016025983,0.0,0.0,0.0,0.0,0,37.196
67192000,67192000,0.97144765,-0.22979091,0.056892365,-0.016060578,0.0,0.0,0.0,0.0,0,37.216
67212000,67212000,0.9736951,-0.22066008,0.05454057,-0.016168924,0.0,0.0,0.0,0.0,0,37.236
67232000,67232000,0.9759102,-0.21125495,0.052080628,-0.01635292,0.0,0.0,0.0,0.0,0,37.256
67252000,67252000,0.9780721,-0.20163554,0.049511243,-0.016607905,0.0,0.0,0.0,0.0,0,37.276
67272000,67272000,0.9801725,-0.19180326,0.04685664,-0.016936962,0.0,0.0,0.0,0.0,0,37.296
67292000,67292000,0.9821945,-0.18181755,0.04410247,-0.017332215,0.0,0.0,0.0,0.0,0,37.316
67312000,67312000,0.9841306,-0.17168316,0.041282408,-0.017796973,0.0,0.0,0.0,0.0,0,37.336
67332000,67332000,0.9859669,-0.16145737,0.038392924,-0.018324664,0.0,0.0,0.0,0.0,0,37.356
67352000,67352000,0.9876995,-0.15114062,0.03546089,-0.018915951,0.0,0.0,0.0,0.0,0,37.376
67372000,67372000,0.98931915,-0.1407839,0.032464303,-0.01956123,0.0,0.0,0.0,0.0,0,37.396
67392000,67392000,0.99082106,-0.13040476,0.029441714,-0.020261059,0.0,0.0,0.0,0.0,0,37.416
67412000,67412000,0.992199,-0.12005195,0.026389604,-0.021008631,0.0,0.0,0.0,0.0,0,37.436
67432000,67432000,0.9934518,-0.10973623,0.023351528,-0.021803213,0.0,0.0,0.0,0.0,0,37.456
67452000,67452000,0.9945785,-0.09948958,0.020302285,-0.022635475,0.0,0.0,0.0,0.0,0,37.476
67472000,67472000,0.9955793,-0.089331776,0.017274763,-0.023502594,0.0,0.0,0.0,0.0,0,37.496
67492000,67492000,0.9964552,-0.07929514,0.014257044,-0.024396922,0.0,0.0,0.0,0.0,0,37.516
67512000,67512000,0.997209,-0.06939198,0.011279251,-0.025314845,0.0,0.0,0.0,0.0,0,37.536
67532000,67532000,0.9978437,-0.05965404,0.008334169,-0.026249615,0.0,0.0,0.0,0.0,0,37.556
67552000,67552000,0.99836355,-0.05010009,0.0054472815,-0.027196882,0.0,0.0,0.0,0.0,0,37.576
67572000,67572000,0.998774,-0.04074718,0.0026113458,-0.028149964,0.0,0.0,0.0,0.0,0,37.596
67592000,67592000,0.999081,-0.03160931,-0.00015079397,-0.02910393,0.0,0.0,0.0,0.0,0,37.616
67612000,67612000,0.9992908,-0.022708911,-0.002846572,-0.03005271,0.0,0.0,0.0,0.0,0,37.636
67632000,67632000,0.9994104,-0.014058229,-0.0054683,-0.030990856,0.0,0.0,0.0,0.0,0,37.656
67652000,67652000,0.999447,-0.005666563,-0.008017166,-0.031913128,0.0,0.0,0.0,0.0,0,37.676
67672000,67672000,0.9994081,0.0024490745,-0.01047081,-0.032814734,0.0,0.0,0.0,0.0,0,37.696
67692000,67692000,0.9993016,0.010283615,-0.01283014,-0.033691037,0.0,0.0,0.0,0.0,0,37.716
67712000,67712000,0.9991346,0.017835362,-0.015104477,-0.03453796,0.0,0.0,0.0,0.0,0,37.736
67732000,67732000,0.9989148,0.02509903,-0.017284457,-0.035351027,0.0,0.0,0.0,0.0,0,37.756
67752000,67752000,0.9986493,0.03207478,-0.019358853,-0.03612595,0.0,0.0,0.0,0.0,0,37.776
67772000,67772000,0.998345,0.038764056,-0.02133154,-0.036859173,0.0,0.0,0.0,0.0,0,37.796
67792000,67792000,0.9980082,0.0451621,-0.023221483,-0.03754827,0.0,0.0,0.0,0.0,0,37.816
67812000,67812000,0.9976452,0.05126878,-0.025023378,-0.038190532,0.0,0.0,0.0,0.0,0,37.836
67832000,67832000,0.99726224,0.057080045,-0.02673632,-0.03878351,0.0,0.0,0.0,0.0,0,37.856
67852000,67852000,0.99686563,0.06259528,-0.028345611,-0.039324153,0.0,0.0,0.0,0.0,0,37.876
67872000,67872000,0.9964607,0.067810945,-0.029864544,-0.039811943,0.0,0.0,0.0,0.0,0,37.896
67892000,67892000,0.9960515,0.072743826,-0.031292416,-0.04024506,0.0,0.0,0.0,0.0,0,37.916
67912000,67912000,0.9956424,0.07739313,-0.03263936,-0.04062365,0.0,0.0,0.0,0.0,0,37.936
67932000,67932000,0.9952368,0.08177082,-0.033906776,-0.040946882,0.0,0.0,0.0,0.0,0,37.956
67952000,67952000,0.99483776,0.08588663,-0.035097383,-0.041214533,0.0,0.0,0.0,0.0,0,37.976
67972000,67972000,0.9944482,0.089751,-0.03620238,-0.041425645,0.0,0.0,0.0,0.0,0,37.996
67992000,67992000,0.9940718,0.09335469,-0.037232906,-0.04158195,0.0,0.0,0.0,0.0,0,38.016
68012000,68012000,0.9937109,0.09670005,-0.038199704,-0.041685212,0.0,0.0,0.0,0.0,0,38.036
68032000,68032000,0.9933683,0.09978618,-0.03910537,-0.041737217,0.0,0.0,0.0,0.0,0,38.056
68052000,68052000,0.99304485,0.10263155,-0.039946213,-0.04173817,0.0,0.0,0.0,0.0,0,38.076
68072000,68072000,0.99274296,0.105234995,-0.04071968,-0.041689355,0.0,0.0,0.0,0.0,0,38.096
68092000,68092000,0.992463,0.10761608,-0.041416653,-0.041590918,0.0,0.0,0.0,0.0,0,38.116
68112000,68112000,0.99220645,0.10976741,-0.042056065,-0.041447196,0.0,0.0,0.0,0.0,0,38.136
68132000,68132000,0.99197274,0.111706905,-0.04264116,-0.04126052,0.0,0.0,0.0,0.0,0,38.156
68152000,68152000,0.99176335,0.11342976,-0.043179218,-0.04103479,0.0,0.0,0.0,0.0,0,38.176
68172000,68172000,0.9915774,0.11495531,-0.04366258,-0.04077108,0.0,0.0,0.0,0.0,0,38.196
68192000,68192000,0.991416,0.11627974,-0.044095717,-0.04047285,0.0,0.0,0.0,0.0,0,38.216
68212000,68212000,0.99127764,0.11742284,-0.04447767,-0.040142275,0.0,0.0,0.0,0.0,0,38.236
68232000,68232000,0.9911627,0.118384846,-0.04480992,-0.039782234,0.0,0.0,0.0,0.0,0,38.256
68252000,68252000,0.99107,0.11917819,-0.045098335,-0.03939628,0.0,0.0,0.0,0.0,0,38.276
68272000,68272000,0.9909996,0.11980474,-0.045339838,-0.03898746,0.0,0.0,0.0,0.0,0,38.296
68292000,68292000,0.99095064,0.12027361,-0.045534827,-0.038558736,0.0,0.0,0.0,0.0,0,38.316
68312000,68312000,0.9909227,0.12058923,-0.04568329,-0.038112994,0.0,0.0,0.0,0.0,0,38.336
68332000,68332000,0.9909152,0.12075583,-0.045786902,-0.03765363,0.0,0.0,0.0,0.0,0,38.356
68352000,68352000,0.9909273,0.12077608,-0.04585503,-0.0371849,0.0,0.0,0.0,0.0,0,38.376
68372000,68372000,0.99095696,0.120663494,-0.045892384,-0.036710147,0.0,0.0,0.0,0.0,0,38.396
68392000,68392000,0.9910028,0.120434776,-0.045884784,-0.036229774,0.0,0.0,0.0,0.0,0,38.416
68412000,68412000,0.99106425,0.120090894,-0.045837123,-0.03574734,0.0,0.0,0.0,0.0,0,38.436
68432000,68432000,0.99114114,0.1196308,-0.045750044,-0.035266295,0.0,0.0,0.0,0.0,0,38.456
68452000,68452000,0.9912331,0.119056866,-0.04562075,-0.034789067,0.0,0.0,0.0,0.0,0,38.476
68472000,68472000,0.99133813,0.118382595,-0.04544932,-0.034317937,0.0,0.0,0.0,0.0,0,38.496
68492000,68492000,0.9914553,0.11761061,-0.045243043,-0.033856492,0.0,0.0,0.0,0.0,0,38.516
68512000,68512000,0.99158305,0.116753615,-0.04499829,-0.03340607,0.0,0.0,0.0,0.0,0,38.536
68532000,68532000,0.9917208,0.11581602,-0.04470645,-0.03296823,0.0,0.0,0.0,0.0,0,38.556
68552000,68552000,0.99186724,0.11480294,-0.044379007,-0.032546498,0.0,0.0,0.0,0.0,0,38.576
68572000,68572000,0.9920216,0.11371821,-0.044014465,-0.032142814,0.0,0.0,0.0,0.0,0,38.596
68592000,68592000,0.99218214,0.11257743,-0.04360586,-0.0317578,0.0,0.0,0.0,0.0,0,38.616
68612000,68612000,0.99234897,0.11137074,-0.04316859,-0.031395867,0.0,0.0,0.0,0.0,0,38.636
68632000,68632000,0.9925214,0.11010169,-0.04270126,-0.031058341,0.0,0.0,0.0,0.0,0,38.656
68652000,68652000,0.9927,0.10876571,-0.042196356,-0.030746466,0.0,0.0,0.0,0.0,0,38.676
68672000,68672000,0.9928826,0.107381456,-0.041648798,-0.030460091,0.0,0.0,0.0,0.0,0,38.696
68692000,68692000,0.9930693,0.10594477,-0.041062012,-0.030200575,0.0,0.0,0.0,0.0,0,38.716
68712000,68712000,0.99325854,0.104465544,-0.040440682,-0.029968714,0.0,0.0,0.0,0.0,0,38.736
68732000,68732000,0.99345046,0.10293645,-0.039791074,-0.029766455,0.0,0.0,0.0,0.0,0,38.756
68752000,68752000,0.99364364,0.10137341,-0.039104313,-0.02959313,0.0,0.0,0.0,0.0,0,38.776
68772000,68772000,0.9938378,0.09977393,-0.038386323,-0.029449662,0.0,0.0,0.0,0.0,0,38.796
68792000,68792000,0.9940313,0.0981521,-0.03763613,-0.029335462,0.0,0.0,0.0,0.0,0,38.816
68812000,68812000,0.9942243,0.096502386,-0.03686183,-0.02925168,0.0,0.0,0.0,0.0,0,38.836
68832000,68832000,0.99441564,0.09483475,-0.036062013,-0.029197952,0.0,0.0,0.0,0.0,0,38.856
68852000,68852000,0.99460524,0.09314528,-0.03524539,-0.029175345,0.0,0.0,0.0,0.0,0,38.876
68872000,68872000,0.99479187,0.091450274,-0.034401465,-0.029182065,0.0,0.0,0.0,0.0,0,38.896
68892000,68892000,0.99497634,0.08974141,-0.03352667,-0.029217837,0.0,0.0,0.0,0.0,0,38.916
68912000,68912000,0.99515796,0.088028155,-0.032610103,-0.029280385,0.0,0.0,0.0,0.0,0,38.936
68932000,68932000,0.9953372,0.08630063,-0.031663164,-0.02937057,0.0,0.0,0.0,0.0,0,38.956
68952000,68952000,0.9955123,0.08457649,-0.030687595,-0.029487006,0.0,0.0,0.0,0.0,0,38.976
68972000,68972000,0.99568325,0.08284952,-0.029698225,-0.029630067,0.0,0.0,0.0,0.0,0,38.996
68992000,68992000,0.99585027,0.0811177,-0.028693637,-0.029798707,0.0,0.0,0.0,0.0,0,39.016
69012000,69012000,0.99601346,0.07937552,-0.027680624,-0.029992487,0.0,0.0,0.0,0.0,0,39.036
69032000,69032000,0.9961722,0.077635266,-0.026650224,-0.030208994,0.0,0.0,0.0,0.0,0,39.056
69052000,69052000,0.9963262,0.07589499,-0.025613787,-0.03044777,0.0,0.0,0.0,0.0,0,39.076
69072000,69072000,0.99647516,0.074162476,-0.024564534,-0.03070685,0.0,0.0,0.0,0.0,0,39.096
69092000,69092000,0.99661934,0.07243133,-0.023507673,-0.030985313,0.0,0.0,0.0,0.0,0,39.116
69112000,69112000,0.9967583,0.070713036,-0.022433601,-0.03128075,0.0,0.0,0.0,0.0,0,39.136
69132000,69132000,0.9968921,0.06900432,-0.0213462,-0.031591557,0.0,0.0,0.0,0.0,0,39.156
69152000,69152000,0.9970207,0.06730709,-0.02024699,-0.031915933,0.0,0.0,0.0,0.0,0,39.176
69172000,69172000,0.99714476,0.065611124,-0.019142052,-0.032252993,0.0,0.0,0.0,0.0,0,39.196
69192000,69192000,0.9972644,0.06391457,-0.018025998,-0.032600597,0.0,0.0,0.0,0.0,0,39.216
69212000,69212000,0.9973789,0.062227484,-0.016911246,-0.03295767,0.0,0.0,0.0,0.0,0,39.236
69232000,69232000,0.9974879,0.060556736,-0.01579525,-0.033322413,0.0,0.0,0.0,0.0,0,39.256
69252000,69252000,0.9975912,0.05890701,-0.014682618,-0.033693213,0.0,0.0,0.0,0.0,0,39.276
69272000,69272000,0.9976887,0.057283483,-0.01357581,-0.03406822,0.0,0.0,0.0,0.0,0,39.296
69292000,69292000,0.9977812,0.055675082,-0.012471042,-0.03444582,0.0,0.0,0.0,0.0,0,39.316
69312000,69312000,0.997869,0.054079723,-0.011365356,-0.03482427,0.0,0.0,0.0,0.0,0,39.336
69332000,69332000,0.99795187,0.05250094,-0.010273285,-0.035202798,0.0,0.0,0.0,0.0,0,39.356
69352000,69352000,0.9980297,0.05094426,-0.00919487,-0.03557992,0.0,0.0,0.0,0.0,0,39.376
69372000,69372000,0.9981026,0.04941225,-0.008130379,-0.035953574,0.0,0.0,0.0,0.0,0,39.396
69392000,69392000,0.9981704,0.047910187,-0.007090499,-0.03632258,0.0,0.0,0.0,0.0,0,39.416
69412000,69412000,0.9982337,0.04643327,-0.006068903,-0.036685284,0.0,0.0,0.0,0.0,0,39.436
69432000,69432000,0.99829286,0.044977043,-0.005058724,-0.037040345,0.0,0.0,0.0,0.0,0,39.456
69452000,69452000,0.9983481,0.043542374,-0.0040595257,-0.03738652,0.0,0.0,0.0,0.0,0,39.476
69472000,69472000,0.99839956,0.04213058,-0.0030753026,-0.037722282,0.0,0.0,0.0,0.0,0,39.496
69492000,69492000,0.9984475,0.040739775,-0.0021048114,-0.038046397,0.0,0.0,0.0,0.0,0,39.516
69512000,69512000,0.9984921,0.039369643,-0.0011487129,-0.038358252,0.0,0.0,0.0,0.0,0,39.536
69532000,69532000,0.9985333,0.03802489,-0.00021275456,-0.038657315,0.0,0.0,0.0,0.0,0,39.556
69552000,69552000,0.99857146,0.03670352,0.0006908764,-0.03894294,0.0,0.0,0.0,0.0,0,39.576
69572000,69572000,0.9986065,0.035411265,0.0015629577,-0.039214462,0.0,0.0,0.0,0.0,0,39.596
69592000,69592000,0.99863905,0.034137897,0.0024149753,-0.03947042,0.0,0.0,0.0,0.0,0,39.616
69612000,69612000,0.998669,0.03288967,0.0032611478,-0.039709736,0.0,0.0,0.0,0.0,0,39.636
69632000,69632000,0.9986966,0.031667523,0.004090106,-0.03993245,0.0,0.0,0.0,0.0,0,39.656
69652000,69652000,0.99872196,0.030470436,0.004898612,-0.040138345,0.0,0.0,0.0,0.0,0,39.676
69672000,69672000,0.99874556,0.029288633,0.005684121,-0.04032738,0.0,0.0,0.0,0.0,0,39.696
69692000,69692000,0.9987673,0.028126428,0.006447604,-0.040499702,0.0,0.0,0.0,0.0,0,39.716
69712000,69712000,0.9987874,0.026987504,0.007182872,-0.04065542,0.0,0.0,0.0,0.0,0,39.736
69732000,69732000,0.9988057,0.025878832,0.007901922,-0.04079376,0.0,0.0,0.0,0.0,0,39.756
69752000,69752000,0.9988223,0.02480458,0.008594664,-0.040915467,0.0,0.0,0.0,0.0,0,39.776
69772000,69772000,0.9988373,0.023765353,0.009256186,-0.041020546,0.0,0.0,0.0,0.0,0,39.796
69792000,69792000,0.9988511,0.022751583,0.009897478,-0.041108392,0.0,0.0,0.0,0.0,0,39.816
69812000,69812000,0.9988637,0.021770447,0.010524228,-0.041179474,0.0,0.0,0.0,0.0,0,39.836
69832000,69832000,0.99887514,0.020821748,0.011124131,-0.0412346,0.0,0.0,0.0,0.0,0,39.856
69852000,69852000,0.9988855,0.019912362,0.011696526,-0.041274104,0.0,0.0,0.0,0.0,0,39.876
69872000,69872000,0.99889517,0.019035498,0.012232186,-0.041298337,0.0,0.0,0.0,0.0,0,39.896
69892000,69892000,0.9989041,0.018198568,0.012735561,-0.041307233,0.0,0.0,0.0,0.0,0,39.916
69912000,69912000,0.9989127,0.017392926,0.013200346,-0.041301653,0.0,0.0,0.0,0.0,0,39.936
69932000,69932000,0.9989211,0.016607605,0.013629156,-0.04128211,0.0,0.0,0.0,0.0,0,39.956
69952000,69952000,0.9989293,0.01584118,0.01403159,-0.041249067,0.0,0.0,0.0,0.0,0,39.976
69972000,69972000,0.9989371,0.015110808,0.014414184,-0.041203525,0.0,0.0,0.0,0.0,0,39.996
69992000,69992000,0.99894476,0.014408094,0.014759212,-0.0411462,0.0,0.0,0.0,0.0,0,40.016
70012000,70012000,0.9989524,0.013739486,0.015069384,-0.041077893,0.0,0.0,0.0,0.0,0,40.036
70032000,70032000,0.99895996,0.013097506,0.015352134,-0.04099899,0.0,0.0,0.0,0.0,0,40.056
70052000,70052000,0.9989674,0.012481967,0.015613494,-0.040909655,0.0,0.0,0.0,0.0,0,40.076
70072000,70072000,0.998975,0.011888843,0.015852267,-0.040810045,0.0,0.0,0.0,0.0,0,40.096
70092000,70092000,0.99898255,0.011322709,0.016068786,-0.040700838,0.0,0.0,0.0,0.0,0,40.116
70112000,70112000,0.9989904,0.010780702,0.016249605,-0.04058345,0.0,0.0,0.0,0.0,0,40.136
70132000,70132000,0.9989984,0.010261214,0.016405024,-0.040458187,0.0,0.0,0.0,0.0,0,40.156
70152000,70152000,0.99900633,0.009766538,0.016549747,-0.040325843,0.0,0.0,0.0,0.0,0,40.176
70172000,70172000,0.9990143,0.009294973,0.016675875,-0.04018709,0.0,0.0,0.0,0.0,0,40.196
70192000,70192000,0.9990225,0.008843139,0.016778477,-0.04004269,0.0,0.0,0.0,0.0,0,40.216
70212000,70212000,0.9990309,0.0084122885,0.016856847,-0.03989364,0.0,0.0,0.0,0.0,0,40.236
70232000,70232000,0.99903923,0.008007553,0.016916877,-0.039741192,0.0,0.0,0.0,0.0,0,40.256
70252000,70252000,0.9990478,0.0076235873,0.01695324,-0.039585955,0.0,0.0,0.0,0.0,0,40.276
70272000,70272000,0.99905664,0.0072517833,0.016963214,-0.039428633,0.0,0.0,0.0,0.0,0,40.296
70292000,70292000,0.9990656,0.00688893,0.01695546,-0.039269652,0.0,0.0,0.0,0.0,0,40.316
70312000,70312000,0.9990747,0.0065369457,0.016927518,-0.039109685,0.0,0.0,0.0,0.0,0,40.336
70332000,70332000,0.999084,0.0062033124,0.01687518,-0.038949538,0.0,0.0,0.0,0.0,0,40.356
70352000,70352000,0.9990932,0.0058936137,0.016808905,-0.038790558,0.0,0.0,0.0,0.0,0,40.376
70372000,70372000,0.9991022,0.0056006517,0.016732981,-0.038633265,0.0,0.0,0.0,0.0,0,40.396
70392000,70392000,0.99911124,0.005315969,0.01664548,-0.038478024,0.0,0.0,0.0,0.0,0,40.416
70412000,70412000,0.99912024,0.005036918,0.016544515,-0.038324915,0.0,0.0,0.0,0.0,0,40.436
70432000,70432000,0.9991293,0.0047672326,0.016422901,-0.038174734,0.0,0.0,0.0,0.0,0,40.456
70452000,70452000,0.9991384,0.004507145,0.016282845,-0.038028095,0.0,0.0,0.0,0.0,0,40.476
70472000,70472000,0.99914706,0.0042592227,0.016148157,-0.037885524,0.0,0.0,0.0,0.0,0,40.496
70492000,70492000,0.9991554,0.0040246653,0.01601614,-0.037747227,0.0,0.0,0.0,0.0,0,40.516
70512000,70512000,0.9991635,0.0038014948,0.015879156,-0.037613306,0.0,0.0,0.0,0.0,0,40.536
70532000,70532000,0.99917144,0.0035887659,0.015735662,-0.037484046,0.0,0.0,0.0,0.0,0,40.556
70552000,70552000,0.99917895,0.003385179,0.015596162,-0.03736013,0.0,0.0,0.0,0.0,0,40.576
70572000,70572000,0.9991863,0.0031943452,0.015451948,-0.03724196,0.0,0.0,0.0,0.0,0,40.596
70592000,70592000,0.9991936,0.0030077067,0.015284317,-0.0371297,0.0,0.0,0.0,0.0,0,40.616
70612000,70612000,0.99920064,0.0028230473,0.015115527,-0.03702303,0.0,0.0,0.0,0.0,0,40.636
70632000,70632000,0.9992074,0.0026394236,0.014950036,-0.036922492,0.0,0.0,0.0,0.0,0,40.656
70652000,70652000,0.999214,0.0024516212,0.014771162,-0.0368286,0.0,0.0,0.0,0.0,0,40.676
70672000,70672000,0.99922043,0.0022715009,0.014580019,-0.036741447,0.0,0.0,0.0,0.0,0,40.696
70692000,70692000,0.9992266,0.0021019473,0.014382423,-0.036660433,0.0,0.0,0.0,0.0,0,40.716
70712000,70712000,0.99923253,0.0019402396,0.01418525,-0.03658573,0.0,0.0,0.0,0.0,0,40.736
70732000,70732000,0.9992382,0.001779668,0.013977404,-0.03651787,0.0,0.0,0.0,0.0,0,40.756
70752000,70752000,0.99924386,0.0016176132,0.013754056,-0.036456324,0.0,0.0,0.0,0.0,0,40.776
70772000,70772000,0.9992492,0.0014524898,0.0135252075,-0.036400896,0.0,0.0,0.0,0.0,0,40.796
70792000,70792000,0.9992544,0.0012883049,0.0132893715,-0.036351312,0.0,0.0,0.0,0.0,0,40.816
70812000,70812000,0.99925935,0.0011291875,0.013052666,-0.03630749,0.0,0.0,0.0,0.0,0,40.836
70832000,70832000,0.999264,0.0009686906,0.0128088975,-0.036269847,0.0,0.0,0.0,0.0,0,40.856
70852000,70852000,0.9992685,0.0008044532,0.0125601515,-0.03623761,0.0,0.0,0.0,0.0,0,40.876
70872000,70872000,0.99927264,0.00064157235,0.012313763,-0.03621064,0.0,0.0,0.0,0.0,0,40.896
70892000,70892000,0.9992765,0.00048586307,0.012070151,-0.03618902,0.0,0.0,0.0,0.0,0,40.916
70912000,70912000,0.99928004,0.0003385936,0.011830295,-0.036172513,0.0,0.0,0.0,0.0,0,40.936
70932000,70932000,0.9992832,0.00019563019,0.011596356,-0.036161184,0.0,0.0,0.0,0.0,0,40.956
70952000,70952000,0.9992861,5.3906006e-05,0.011364393,-0.036154967,0.0,0.0,0.0,0.0,0,40.976
70972000,70972000,0.99928874,-8.59149e-05,0.011136432,-0.03615384,0.0,0.0,0.0,0.0,0,40.996
70992000,70992000,0.9992911,-0.00021607707,0.010904062,-0.036158428,0.0,0.0,0.0,0.0,0,41.016
71012000,71012000,0.9992933,-0.0003278067,0.010664196,-0.036168538,0.0,0.0,0.0,0.0,0,41.036
71032000,71032000,0.9992953,-0.00042997155,0.010419033,-0.03618396,0.0,0.0,0.0,0.0,0,41.056
71052000,71052000,0.99929714,-0.0005289071,0.010164909,-0.03620404,0.0,0.0,0.0,0.0,0,41.076
71072000,71072000,0.99929875,-0.0006226244,0.009908533,-0.03622884,0.0,0.0,0.0,0.0,0,41.096
71092000,71092000,0.9993002,-0.00071736175,0.009649367,-0.036257498,0.0,0.0,0.0,0.0,0,41.116
71112000,71112000,0.99930143,-0.0008172146,0.009385387,-0.036289893,0.0,0.0,0.0,0.0,0,41.136
71132000,71132000,0.9993025,-0.00092070183,0.009124258,-0.036325693,0.0,0.0,0.0,0.0,0,41.156
71152000,71152000,0.99930334,-0.0010257739,0.008861563,-0.036365002,0.0,0.0,0.0,0.0,0,41.176
71172000,71172000,0.9993038,-0.0011236388,0.008613149,-0.03640734,0.0,0.0,0.0,0.0,0,41.196
71192000,71192000,0.99930423,-0.0012150239,0.008359202,-0.03645255,0.0,0.0,0.0,0.0,0,41.216
71212000,71212000,0.9993044,-0.0013013035,0.008112864,-0.03650038,0.0,0.0,0.0,0.0,0,41.236
71232000,71232000,0.9993044,-0.0013851242,0.007867011,-0.03655033,0.0,0.0,0.0,0.0,0,41.256
71252000,71252000,0.9993043,-0.0014717453,0.0076213833,-0.036602236,0.0,0.0,0.0,0.0,0,41.276
71272000,71272000,0.99930394,-0.0015644218,0.007391794,-0.03665559,0.0,0.0,0.0,0.0,0,41.296
71292000,71292000,0.9993034,-0.001658674,0.007170538,-0.036710057,0.0,0.0,0.0,0.0,0,41.316
71312000,71312000,0.9993028,-0.001750712,0.0069476888,-0.036765426,0.0,0.0,0.0,0.0,0,41.336
71332000,71332000,0.999302,-0.0018408918,0.006729801,-0.036822,0.0,0.0,0.0,0.0,0,41.356
71352000,71352000,0.99930114,-0.0019298651,0.006517433,-0.03687947,0.0,0.0,0.0,0.0,0,41.376
71372000,71372000,0.9993002,-0.0020166987,0.006305755,-0.03693745,0.0,0.0,0.0,0.0,0,41.396
71392000,71392000,0.99929917,-0.0021007361,0.006094075,-0.036995802,0.0,0.0,0.0,0.0,0,41.416
71412000,71412000,0.9992981,-0.0021782792,0.005882898,-0.03705415,0.0,0.0,0.0,0.0,0,41.436
71432000,71432000,0.999297,-0.0022538325,0.005676592,-0.037112173,0.0,0.0,0.0,0.0,0,41.456
71452000,71452000,0.9992958,-0.0023320473,0.0054794555,-0.037169874,0.0,0.0,0.0,0.0,0,41.476
71472000,71472000,0.9992945,-0.0024115392,0.0052878624,-0.037226915,0.0,0.0,0.0,0.0,0,41.496
71492000,71492000,0.9992932,-0.002487227,0.0050934036,-0.03728294,0.0,0.0,0.0,0.0,0,41.516
71512000,71512000,0.99929196,-0.0025569405,0.00490116,-0.037337903,0.0,0.0,0.0,0.0,0,41.536
71532000,71532000,0.99929065,-0.0026202968,0.0047166217,-0.03739194,0.0,0.0,0.0,0.0,0,41.556
71552000,71552000,0.99928933,-0.0026803992,0.0045380346,-0.03744487,0.0,0.0,0.0,0.0,0,41.576
71572000,71572000,0.999288,-0.0027406823,0.00436083,-0.037496384,0.0,0.0,0.0,0.0,0,41.596
71592000,71592000,0.9992868,-0.0028014407,0.0041836393,-0.037546314,0.0,0.0,0.0,0.0,0,41.616
71612000,71612000,0.99928546,-0.0028635305,0.004013351,-0.037594654,0.0,0.0,0.0,0.0,0,41.636
71632000,71632000,0.9992842,-0.0029274554,0.003846884,-0.037641164,0.0,0.0,0.0,0.0,0,41.656
71652000,71652000,0.99928296,-0.00298784,0.003673801,-0.037685994,0.0,0.0,0.0,0.0,0,41.676
71672000,71672000,0.99928176,-0.0030401389,0.0035017128,-0.037729427,0.0,0.0,0.0,0.0,0,41.696
71692000,71692000,0.99928063,-0.003086037,0.0033322386,-0.037771083,0.0,0.0,0.0,0.0,0,41.716
71712000,71712000,0.99927956,-0.0031326788,0.003163872,-0.037811022,0.0,0.0,0.0,0.0,0,41.736
71732000,71732000,0.9992785,-0.0031835954,0.0029938642,-0.03784917,0.0,0.0,0.0,0.0,0,41.756
71752000,71752000,0.9992774,-0.0032388126,0.0028265736,-0.037885703,0.0,0.0,0.0,0.0,0,41.776
71772000,71772000,0.99927634,-0.0032945955,0.0026599276,-0.03792031,0.0,0.0,0.0,0.0,0,41.796
71792000,71792000,0.9992754,-0.0033450983,0.002492271,-0.037953097,0.0,0.0,0.0,0.0,0,41.816
71812000,71812000,0.99927443,-0.0033911422,0.0023214782,-0.037984025,0.0,0.0,0.0,0.0,0,41.836
71832000,71832000,0.9992736,-0.0034340941,0.0021493821,-0.03801315,0.0,0.0,0.0,0.0,0,41.856
71852000,71852000,0.99927276,-0.0034699673,0.0019692243,-0.038040716,0.0,0.0,0.0,0.0,0,41.876
71872000,71872000,0.999272,-0.003499575,0.0017901912,-0.03806685,0.0,0.0,0.0,0.0,0,41.896
71892000,71892000,0.9992713,-0.0035213304,0.0016186209,-0.03809167,0.0,0.0,0.0,0.0,0,41.916
71912000,71912000,0.9992706,-0.003531886,0.0014550994,-0.03811519,0.0,0.0,0.0,0.0,0,41.936
71932000,71932000,0.99926996,-0.0035365273,0.0012899487,-0.03813739,0.0,0.0,0.0,0.0,0,41.956
71952000,71952000,0.99926937,-0.003535275,0.0011262994,-0.038158152,0.0,0.0,0.0,0.0,0,41.976
71972000,71972000,0.99926883,-0.003524865,0.0009668442,-0.03817776,0.0,0.0,0.0,0.0,0,41.996
71992000,71992000,0.99926835,-0.0035046756,0.0008065612,-0.03819643,0.0,0.0,0.0,0.0,0,42.016
72012000,72012000,0.9992679,-0.003476557,0.0006492203,-0.038214125,0.0,0.0,0.0,0.0,0,42.036
72032000,72032000,0.99926746,-0.0034417436,0.0004970254,-0.03823093,0.0,0.0,0.0,0.0,0,42.056
72052000,72052000,0.99926704,-0.0034043363,0.00034971954,-0.038246926,0.0,0.0,0.0,0.0,0,42.076
72072000,72072000,0.9992666,-0.0033635073,0.00020551067,-0.038262323,0.0,0.0,0.0,0.0,0,42.096
72092000,72092000,0.9992662,-0.003318038,6.30044e-05,-0.038276803,0.0,0.0,0.0,0.0,0,42.116
72112000,72112000,0.99926585,-0.0032659152,-8.02282e-05,-0.03829027,0.0,0.0,0.0,0.0,0,42.136
72132000,72132000,0.99926555,-0.0032164427,-0.00021755873,-0.038302835,0.0,0.0,0.0,0.0,0,42.156
72152000,72152000,0.9992652,-0.0031678341,-0.00034886127,-0.038314562,0.0,0.0,0.0,0.0,0,42.176
72172000,72172000,0.9992649,-0.0031186393,-0.00047829642,-0.038325634,0.0,0.0,0.0,0.0,0,42.196
72192000,72192000,0.99926454,-0.0030718015,-0.00060369686,-0.038335867,0.0,0.0,0.0,0.0,0,42.216
72212000,72212000,0.99926424,-0.0030307113,-0.0007307493,-0.038345464,0.0,0.0,0.0,0.0,0,42.236
72232000,72232000,0.99926394,-0.002988175,-0.0008563409,-0.038354572,0.0,0.0,0.0,0.0,0,42.256
72252000,72252000,0.9992636,-0.002946091,-0.00097594206,-0.038363375,0.0,0.0,0.0,0.0,0,42.276
72272000,72272000,0.9992632,-0.0029057446,-0.0010991428,-0.038372066,0.0,0.0,0.0,0.0,0,42.296
72292000,72292000,0.99926287,-0.0028629967,-0.0012242488,-0.038380954,0.0,0.0,0.0,0.0,0,42.316
72312000,72312000,0.9992625,-0.0028182177,-0.0013495857,-0.038389996,0.0,0.0,0.0,0.0,0,42.336
72332000,72332000,0.9992621,-0.0027749783,-0.0014749474,-0.038399264,0.0,0.0,0.0,0.0,0,42.356
72352000,72352000,0.9992617,-0.002728376,-0.0015935784,-0.038408786,0.0,0.0,0.0,0.0,0,42.376
72372000,72372000,0.99926126,-0.0026797252,-0.0017081362,-0.03841834,0.0,0.0,0.0,0.0,0,42.396
72392000,72392000,0.9992608,-0.0026298782,-0.0018290046,-0.03842794,0.0,0.0,0.0,0.0,0,42.416
72412000,72412000,0.9992603,-0.0025771228,-0.0019510309,-0.03843769,0.0,0.0,0.0,0.0,0,42.436
72432000,72432000,0.9992599,-0.0025195316,-0.0020650798,-0.038447596,0.0,0.0,0.0,0.0,0,42.456
72452000,72452000,0.9992594,-0.002458486,-0.0021781235,-0.038457554,0.0,0.0,0.0,0.0,0,42.476
72472000,72472000,0.9992589,-0.0023981705,-0.0022945285,-0.0384677,0.0,0.0,0.0,0.0,0,42.496
72492000,72492000,0.9992584,-0.002339625,-0.0024030786,-0.038477916,0.0,0.0,0.0,0.0,0,42.516
72512000,72512000,0.99925786,-0.0022778306,-0.0024987299,-0.038488507,0.0,0.0,0.0,0.0,0,42.536
72532000,72532000,0.9992574,-0.002209592,-0.0025912141,-0.038499273,0.0,0.0,0.0,0.0,0,42.556
72552000,72552000,0.99925685,-0.002140398,-0.0026876659,-0.038510334,0.0,0.0,0.0,0.0,0,42.576
72572000,72572000,0.9992563,-0.0020765353,-0.002782658,-0.038521763,0.0,0.0,0.0,0.0,0,42.596
72592000,72592000,0.9992557,-0.0020155571,-0.0028669497,-0.03853352,0.0,0.0,0.0,0.0,0,42.616
72612000,72612000,0.9992552,-0.0019509589,-0.0029452066,-0.038545527,0.0,0.0,0.0,0.0,0,42.636
72632000,72632000,0.9992546,-0.0018838007,-0.0030278035,-0.03855754,0.0,0.0,0.0,0.0,0,42.656
72652000,72652000,0.9992539,-0.0018173796,-0.0031181294,-0.03856978,0.0,0.0,0.0,0.0,0,42.676
72672000,72672000,0.99925333,-0.0017546272,-0.0032048055,-0.03858216,0.0,0.0,0.0,0.0,0,42.696
72692000,72692000,0.9992527,-0.001692374,-0.0032780855,-0.03859465,0.0,0.0,0.0,0.0,0,42.716
72712000,72712000,0.9992521,-0.0016261326,-0.0033441456,-0.038607407,0.0,0.0,0.0,0.0,0,42.736
72732000,72732000,0.9992515,-0.0015554514,-0.0034103587,-0.038620334,0.0,0.0,0.0,0.0,0,42.756
72752000,72752000,0.9992508,-0.0014839917,-0.0034816922,-0.038633455,0.0,0.0,0.0,0.0,0,42.776
72772000,72772000,0.9992502,-0.0014177277,-0.0035523118,-0.0386469,0.0,0.0,0.0,0.0,0,42.796
72792000,72792000,0.9992495,-0.0013538171,-0.0036100978,-0.038660537,0.0,0.0,0.0,0.0,0,42.816
72812000,72812000,0.99924886,-0.0012915813,-0.0036621813,-0.038674396,0.0,0.0,0.0,0.0,0,42.836
72832000,72832000,0.9992482,-0.0012300855,-0.0037185554,-0.038688276,0.0,0.0,0.0,0.0,0,42.856
72852000,72852000,0.9992475,-0.0011716748,-0.0037796302,-0.038702425,0.0,0.0,0.0,0.0,0,42.876
72872000,72872000,0.99924684,-0.0011168129,-0.0038322776,-0.038716663,0.0,0.0,0.0,0.0,0,42.896
72892000,72892000,0.9992462,-0.001062641,-0.0038664478,-0.038730912,0.0,0.0,0.0,0.0,0,42.916
72912000,72912000,0.9992456,-0.0010079215,-0.0038876927,-0.038745377,0.0,0.0,0.0,0.0,0,42.936
72932000,72932000,0.9992449,-0.0009530327,-0.003922586,-0.03875998,0.0,0.0,0.0,0.0,0,42.956
72952000,72952000,0.9992443,-0.00089019566,-0.0039628902,-0.0387749,0.0,0.0,0.0,0.0,0,42.976
72972000,72972000,0.9992436,-0.0008270616,-0.0040013194,-0.03878978,0.0,0.0,0.0,0.0,0,42.996
72992000,72992000,0.9992429,-0.000768623,-0.0040374645,-0.038804967,0.0,0.0,0.0,0.0,0,43.016
73012000,73012000,0.9992422,-0.0007145931,-0.004073491,-0.038820177,0.0,0.0,0.0,0.0,0,43.036
73032000,73032000,0.9992415,-0.00066338177,-0.004111472,-0.038835544,0.0,0.0,0.0,0.0,0,43.056
73052000,73052000,0.9992408,-0.000614424,-0.0041377577,-0.038850915,0.0,0.0,0.0,0.0,0,43.076
73072000,73072000,0.9992402,-0.00056431134,-0.004145805,-0.03886638,0.0,0.0,0.0,0.0,0,43.096
73092000,73092000,0.9992396,-0.00051641784,-0.0041508074,-0.038882174,0.0,0.0,0.0,0.0,0,43.116
73112000,73112000,0.99923897,-0.0004721965,-0.0041622734,-0.03889803,0.0,0.0,0.0,0.0,0,43.136
73132000,73132000,0.9992383,-0.0004295273,-0.004181549,-0.038913842,0.0,0.0,0.0,0.0,0,43.156
73152000,73152000,0.9992376,-0.00038771523,-0.0042074495,-0.038929667,0.0,0.0,0.0,0.0,0,43.176
73172000,73172000,0.9992369,-0.00034707462,-0.00422619,-0.03894547,0.0,0.0,0.0,0.0,0,43.196
73192000,73192000,0.9992363,-0.00030582878,-0.0042249616,-0.03896117,0.0,0.0,0.0,0.0,0,43.216
73212000,73212000,0.99923575,-0.00026260188,-0.0042127995,-0.038976677,0.0,0.0,0.0,0.0,0,43.236
73232000,73232000,0.9992352,-0.00022785286,-0.0042058513,-0.03899179,0.0,0.0,0.0,0.0,0,43.256
73252000,73252000,0.9992347,-0.00020204924,-0.004201558,-0.039006684,0.0,0.0,0.0,0.0,0,43.276
73272000,73272000,0.9992341,-0.00018178263,-0.00419824,-0.03902119,0.0,0.0,0.0,0.0,0,43.296
73292000,73292000,0.9992336,-0.0001671522,-0.0041903397,-0.039035436,0.0,0.0,0.0,0.0,0,43.316
73312000,73312000,0.99923307,-0.00015298247,-0.0041817348,-0.03904922,0.0,0.0,0.0,0.0,0,43.336
73332000,73332000,0.9992326,-0.0001338906,-0.004171713,-0.03906263,0.0,0.0,0.0,0.0,0,43.356
73352000,73352000,0.9992322,-0.0001111985,-0.0041568037,-0.03907586,0.0,0.0,0.0,0.0,0,43.376
73372000,73372000,0.99923176,-8.94138e-05,-0.0041292314,-0.039089106,0.0,0.0,0.0,0.0,0,43.396
73392000,73392000,0.9992314,-6.7799396e-05,-0.0040921206,-0.039102256,0.0,0.0,0.0,0.0,0,43.416
73412000,73412000,0.99923104,-4.789149e-05,-0.0040582055,-0.03911508,0.0,0.0,0.0,0.0,0,43.436
73432000,73432000,0.9992307,-2.4673624e-05,-0.004023358,-0.039127786,0.0,0.0,0.0,0.0,0,43.456
73452000,73452000,0.9992303,2.116849e-06,-0.003983342,-0.039140422,0.0,0.0,0.0,0.0,0,43.476
73472000,73472000,0.99923,3.0606217e-05,-0.0039438773,-0.039152972,0.0,0.0,0.0,0.0,0,43.496
73492000,73492000,0.99922967,5.970189e-05,-0.003907299,-0.039165433,0.0,0.0,0.0,0.0,0,43.516
73512000,73512000,0.9992293,8.903697e-05,-0.0038747173,-0.03917781,0.0,0.0,0.0,0.0,0,43.536
73532000,73532000,0.9992289,0.00011828268,-0.0038463804,-0.039190102,0.0,0.0,0.0,0.0,0,43.556
73552000,73552000,0.99922854,0.00014785095,-0.0038219865,-0.03920221,0.0,0.0,0.0,0.0,0,43.576
73572000,73572000,0.9992281,0.00017960681,-0.003798669,-0.03921421,0.0,0.0,0.0,0.0,0,43.596
73592000,73592000,0.99922776,0.00020707274,-0.003771208,-0.039226443,0.0,0.0,0.0,0.0,0,43.616
73612000,73612000,0.9992274,0.00022913005,-0.0037389798,-0.039238647,0.0,0.0,0.0,0.0,0,43.636
73632000,73632000,0.99922705,0.00025028927,-0.0036996345,-0.039250687,0.0,0.0,0.0,0.0,0,43.656
73652000,73652000,0.99922675,0.0002702167,-0.0036499752,-0.039262734,0.0,0.0,0.0,0.0,0,43.676
73672000,73672000,0.99922645,0.0002873351,-0.0036086347,-0.039274525,0.0,0.0,0.0,0.0,0,43.696
73692000,73692000,0.9992261,0.00030528367,-0.003582574,-0.039286666,0.0,0.0,0.0,0.0,0,43.716
73712000,73712000,0.9992257,0.0003291609,-0.0035481334,-0.03929903,0.0,0.0,0.0,0.0,0,43.736
73732000,73732000,0.9992254,0.0003586099,-0.003501953,-0.039311513,0.0,0.0,0.0,0.0,0,43.756
73752000,73752000,0.999225,0.00039042975,-0.0034516915,-0.03932398,0.0,0.0,0.0,0.0,0,43.776
73772000,73772000,0.9992247,0.00042286172,-0.0034009323,-0.0393364,0.0,0.0,0.0,0.0,0,43.796
73792000,73792000,0.99922436,0.00045508187,-0.003351193,-0.039348748,0.0,0.0,0.0,0.0,0,43.816
73812000,73812000,0.999224,0.0004867112,-0.0033030936,-0.03936102,0.0,0.0,0.0,0.0,0,43.836
73832000,73832000,0.9992237,0.0005175137,-0.0032567806,-0.039373197,0.0,0.0,0.0,0.0,0,43.856
73852000,73852000,0.99922335,0.00054618414,-0.0032125784,-0.03938522,0.0,0.0,0.0,0.0,0,43.876
73872000,73872000,0.999223,0.00057111954,-0.0031671708,-0.039396863,0.0,0.0,0.0,0.0,0,43.896
73892000,73892000,0.9992227,0.00059154816,-0.003125632,-0.039408073,0.0,0.0,0.0,0.0,0,43.916
73912000,73912000,0.9992224,0.00061133393,-0.0030770337,-0.03941891,0.0,0.0,0.0,0.0,0,43.936
73932000,73932000,0.99922216,0.00063114904,-0.0030196903,-0.039429057,0.0,0.0,0.0,0.0,0,43.956
73952000,73952000,0.9992219,0.00065421785,-0.00296262,-0.039438866,0.0,0.0,0.0,0.0,0,43.976
73972000,73972000,0.9992217,0.0006752657,-0.002909016,-0.03944885,0.0,0.0,0.0,0.0,0,43.996
73992000,73992000,0.99922144,0.0006898789,-0.002861242,-0.039458845,0.0,0.0,0.0,0.0,0,44.016
74012000,74012000,0.99922115,0.00069795095,-0.0028136566,-0.039468657,0.0,0.0,0.0,0.0,0,44.036
74032000,74032000,0.9992209,0.00070150854,-0.0027655903,-0.039478384,0.0,0.0,0.0,0.0,0,44.056
74052000,74052000,0.99922067,0.00070218253,-0.0027176715,-0.039488036,0.0,0.0,0.0,0.0,0,44.076
74072000,74072000,0.99922043,0.00070064364,-0.0026698587,-0.03949762,0.0,0.0,0.0,0.0,0,44.096
74092000,74092000,0.99922013,0.00069717964,-0.0026223399,-0.039507143,0.0,0.0,0.0,0.0,0,44.116
74112000,74112000,0.9992199,0.0006918863,-0.0025748499,-0.039516605,0.0,0.0,0.0,0.0,0,44.136
74132000,74132000,0.99921966,0.0006847692,-0.0025275042,-0.039526004,0.0,0.0,0.0,0.0,0,44.156
74152000,74152000,0.9992194,0.0006758232,-0.0024799847,-0.039535344,0.0,0.0,0.0,0.0,0,44.176
74172000,74172000,0.9992192,0.00066498393,-0.0024324078,-0.039544623,0.0,0.0,0.0,0.0,0,44.196
74192000,74192000,0.99921894,0.0006522435,-0.0023844368,-0.039553847,0.0,0.0,0.0,0.0,0,44.216
74212000,74212000,0.9992187,0.0006365581,-0.0023370804,-0.039562855,0.0,0.0,0.0,0.0,0,44.236
74232000,74232000,0.99921846,0.00061621837,-0.0022915893,-0.039571464,0.0,0.0,0.0,0.0,0,44.256
74252000,74252000,0.9992183,0.00059052,-0.0022486288,-0.039579634,0.0,0.0,0.0,0.0,0,44.276
74272000,74272000,0.99921805,0.0005614917,-0.0022066527,-0.039587524,0.0,0.0,0.0,0.0,0,44.296
74292000,74292000,0.99921787,0.0005317826,-0.002165089,-0.039594878,0.0,0.0,0.0,0.0,0,44.316
74312000,74312000,0.99921775,0.0005083789,-0.0021174978,-0.039601848,0.0,0.0,0.0,0.0,0,44.336
74332000,74332000,0.9992175,0.0004863127,-0.0020811327,-0.039608736,0.0,0.0,0.0,0.0,0,44.356
74352000,74352000,0.9992174,0.00047059968,-0.0020445443,-0.039615132,0.0,0.0,0.0,0.0,0,44.376
74372000,74372000,0.9992172,0.0004627332,-0.0020081091,-0.03962137,0.0,0.0,0.0,0.0,0,44.396
74392000,74392000,0.999217,0.00045942428,-0.0019868,-0.039627645,0.0,0.0,0.0,0.0,0,44.416
74412000,74412000,0.9992168,0.0004656678,-0.0019649772,-0.03963408,0.0,0.0,0.0,0.0,0,44.436
74432000,74432000,0.9992176,0.0010017141,0.00057951687,-0.039647307,0.0,0.0,0.0,0.0,0,44.456
74452000,74452000,0.999174,0.002951673,0.008839194,-0.03966841,0.0,0.0,0.0,0.0,0,44.476
74472000,74472000,0.99901646,0.005897868,0.019071298,-0.039707284,0.0,0.0,0.0,0.0,0,44.496
74492000,74492000,0.9987565,0.0092003625,0.028778452,-0.03977014,0.0,0.0,0.0,0.0,0,44.516
74512000,74512000,0.9983872,0.0126066785,0.038537808,-0.039850097,0.0,0.0,0.0,0.0,0,44.536
74532000,74532000,0.99790406,0.016016472,0.048417956,-0.039946463,0.0,0.0,0.0,0.0,0,44.556
74552000,74552000,0.9973403,0.019338628,0.057810687,-0.040066775,0.0,0.0,0.0,0.0,0,44.576
74572000,74572000,0.9967316,0.022498917,0.06642181,-0.040214278,0.0,0.0,0.0,0.0,0,44.596
74592000,74592000,0.99610025,0.025442611,0.07426323,-0.040385704,0.0,0.0,0.0,0.0,0,44.616
74612000,74612000,0.9954604,0.028157922,0.08141374,-0.040578876,0.0,0.0,0.0,0.0,0,44.636
74632000,74632000,0.99482644,0.030631304,0.08790456,-0.04079178,0.0,0.0,0.0,0.0,0,44.656
74652000,74652000,0.9942118,0.03287063,0.09374717,-0.041023977,0.0,0.0,0.0,0.0,0,44.676
74672000,74672000,0.9936226,0.03489706,0.099004105,-0.04127415,0.0,0.0,0.0,0.0,0,44.696
74692000,74692000,0.9930641,0.03671318,0.1037278,-0.041539147,0.0,0.0,0.0,0.0,0,44.716
74712000,74712000,0.99254054,0.038341444,0.10795141,-0.041818444,0.0,0.0,0.0,0.0,0,44.736
74732000,74732000,0.9920527,0.03979179,0.111732155,-0.04210902,0.0,0.0,0.0,0.0,0,44.756
74752000,74752000,0.9916013,0.041081294,0.11510795,-0.042408846,0.0,0.0,0.0,0.0,0,44.776
74772000,74772000,0.99118567,0.042229477,0.118119046,-0.042716254,0.0,0.0,0.0,0.0,0,44.796
74792000,74792000,0.9908039,0.043234903,0.12081472,-0.04302707,0.0,0.0,0.0,0.0,0,44.816
74812000,74812000,0.990455,0.044122174,0.12321839,-0.04334129,0.0,0.0,0.0,0.0,0,44.836
74832000,74832000,0.99013597,0.044918675,0.12536392,-0.043658964,0.0,0.0,0.0,0.0,0,44.856
74852000,74852000,0.9898044,0.045697335,0.12757169,-0.043972746,0.0,0.0,0.0,0.0,0,44.876
74872000,74872000,0.9892806,0.046791837,0.13108948,-0.044261944,0.0,0.0,0.0,0.0,0,44.896
74892000,74892000,0.98838085,0.04855127,0.13701591,-0.044517424,0.0,0.0,0.0,0.0,0,44.916
74912000,74912000,0.98705715,0.051086273,0.1453055,-0.044763364,0.0,0.0,0.0,0.0,0,44.936
74932000,74932000,0.9853571,0.05432611,0.15524346,-0.04503974,0.0,0.0,0.0,0.0,0,44.956
74952000,74952000,0.98332244,0.058090627,0.16629432,-0.045362834,0.0,0.0,0.0,0.0,0,44.976
74972000,74972000,0.9811003,0.06208499,0.17749152,-0.045754038,0.0,0.0,0.0,0.0,0,44.996
74992000,74992000,0.97888213,0.06601608,0.18789142,-0.046233796,0.0,0.0,0.0,0.0,0,45.016
75012000,75012000,0.9768077,0.069634445,0.19702044,-0.046794586,0.0,0.0,0.0,0.0,0,45.036
75032000,75032000,0.9749395,0.07286809,0.20479916,-0.04742961,0.0,0.0,0.0,0.0,0,45.056
75052000,75052000,0.97330093,0.07565025,0.21132043,-0.048115704,0.0,0.0,0.0,0.0,0,45.076
75072000,75072000,0.9719039,0.07800625,0.21665817,-0.04884835,0.0,0.0,0.0,0.0,0,45.096
75092000,75092000,0.9707548,0.0799209,0.22089708,-0.049612567,0.0,0.0,0.0,0.0,0,45.116
75112000,75112000,0.9698529,0.081424765,0.22410691,-0.050404,0.0,0.0,0.0,0.0,0,45.136
75132000,75132000,0.9691951,0.08252599,0.22635494,-0.05121346,0.0,0.0,0.0,0.0,0,45.156
75152000,75152000,0.96877193,0.083238825,0.22771475,-0.05203165,0.0,0.0,0.0,0.0,0,45.176
75172000,75172000,0.9685733,0.08358519,0.22824337,-0.052852795,0.0,0.0,0.0,0.0,0,45.196
75192000,75192000,0.96858734,0.083582506,0.22799386,-0.05367018,0.0,0.0,0.0,0.0,0,45.216
75212000,75212000,0.968799,0.08324978,0.22702268,-0.054477453,0.0,0.0,0.0,0.0,0,45.236
75232000,75232000,0.96919304,0.08260884,0.22537746,-0.055269398,0.0,0.0,0.0,0.0,0,45.256
75252000,75252000,0.96975416,0.081672594,0.22310357,-0.056038633,0.0,0.0,0.0,0.0,0,45.276
75272000,75272000,0.9704671,0.08045436,0.22024094,-0.056778137,0.0,0.0,0.0,0.0,0,45.296
75292000,75292000,0.97131634,0.078984305,0.21681912,-0.057485625,0.0,0.0,0.0,0.0,0,45.316
75312000,75312000,0.97228557,0.077256426,0.21288484,-0.05814998,0.0,0.0,0.0,0.0,0,45.336
75332000,75332000,0.9733567,0.07531453,0.20846903,-0.058772616,0.0,0.0,0.0,0.0,0,45.356
75352000,75352000,0.9745135,0.07317089,0.20360874,-0.059347577,0.0,0.0,0.0,0.0,0,45.376
75372000,75372000,0.97574025,0.07084418,0.19833454,-0.059871465,0.0,0.0,0.0,0.0,0,45.396
75392000,75392000,0.977023,0.06836589,0.19266477,-0.060344923,0.0,0.0,0.0,0.0,0,45.416
75412000,75412000,0.9783482,0.06571481,0.18663883,-0.060756806,0.0,0.0,0.0,0.0,0,45.436
75432000,75432000,0.97970235,0.062938444,0.18026808,-0.06111149,0.0,0.0,0.0,0.0,0,45.456
75452000,75452000,0.9810689,0.060028512,0.1736073,-0.06140033,0.0,0.0,0.0,0.0,0,45.476
75472000,75472000,0.98243797,0.0569954,0.1666704,-0.061621618,0.0,0.0,0.0,0.0,0,45.496
75492000,75492000,0.98379815,0.053866275,0.15947507,-0.061777044,0.0,0.0,0.0,0.0,0,45.516
75512000,75512000,0.98513484,0.05063687,0.15207776,-0.061860543,0.0,0.0,0.0,0.0,0,45.536
75532000,75532000,0.9864439,0.047333274,0.14445949,-0.061875846,0.0,0.0,0.0,0.0,0,45.556
75552000,75552000,0.98770946,0.0439461,0.13669892,-0.06181626,0.0,0.0,0.0,0.0,0,45.576
75572000,75572000,0.98892874,0.040504973,0.12877494,-0.061687645,0.0,0.0,0.0,0.0,0,45.596
75592000,75592000,0.99008983,0.037009954,0.12075115,-0.061487027,0.0,0.0,0.0,0.0,0,45.616
75612000,75612000,0.99118775,0.03346968,0.112642646,-0.061215807,0.0,0.0,0.0,0.0,0,45.636
75632000,75632000,0.9922188,0.02989905,0.10445608,-0.060876828,0.0,0.0,0.0,0.0,0,45.656
75652000,75652000,0.99317455,0.02630245,0.09625452,-0.060470354,0.0,0.0,0.0,0.0,0,45.676
75672000,75672000,0.99405706,0.02269987,0.08800101,-0.06000182,0.0,0.0,0.0,0.0,0,45.696
75692000,75692000,0.99485683,0.01910146,0.07979478,-0.059471972,0.0,0.0,0.0,0.0,0,45.716
75712000,75712000,0.9955783,0.015507761,0.07158916,-0.05888535,0.0,0.0,0.0,0.0,0,45.736
75732000,75732000,0.99621624,0.0119390255,0.06346104,-0.058244806,0.0,0.0,0.0,0.0,0,45.756
75752000,75752000,0.996774,0.008382834,0.055388566,-0.057553813,0.0,0.0,0.0,0.0,0,45.776
75772000,75772000,0.99725074,0.004859135,0.047414873,-0.05681776,0.0,0.0,0.0,0.0,0,45.796
75792000,75792000,0.9976482,0.0013701387,0.039556824,-0.056040682,0.0,0.0,0.0,0.0,0,45.816
75812000,75812000,0.9979691,-0.002072471,0.03181784,-0.055227607,0.0,0.0,0.0,0.0,0,45.836
75832000,75832000,0.99821573,-0.0054552276,0.024229813,-0.05438384,0.0,0.0,0.0,0.0,0,45.856
75852000,75852000,0.99839187,-0.008793349,0.016784003,-0.05351381,0.0,0.0,0.0,0.0,0,45.876
75872000,75872000,0.9985007,-0.0120579805,0.009530076,-0.052622933,0.0,0.0,0.0,0.0,0,45.896
75892000,75892000,0.9985468,-0.0152647905,0.0024355594,-0.05171583,0.0,0.0,0.0,0.0,0,45.916
75912000,75912000,0.99853456,-0.018375224,-0.0044398517,-0.05079828,0.0,0.0,0.0,0.0,0,45.936
75932000,75932000,0.9984683,-0.021417499,-0.011137157,-0.049874432,0.0,0.0,0.0,0.0,0,45.956
75952000,75952000,0.9983533,-0.024360396,-0.017614206,-0.04894995,0.0,0.0,0.0,0.0,0,45.976
75972000,75972000,0.9981938,-0.027218403,-0.023887558,-0.04802925,0.0,0.0,0.0,0.0,0,45.996
75992000,75992000,0.9979958,-0.029966295,-0.029925585,-0.04711688,0.0,0.0,0.0,0.0,0,46.016
76012000,76012000,0.9977628,-0.032623876,-0.035751946,-0.0462168,0.0,0.0,0.0,0.0,0,46.036
76032000,76032000,0.9975009,-0.035169743,-0.041341394,-0.04533321,0.0,0.0,0.0,0.0,0,46.056
76052000,76052000,0.99721426,-0.037605952,-0.04670219,-0.0444697,0.0,0.0,0.0,0.0,0,46.076
76072000,76072000,0.99690765,-0.039929725,-0.05182951,-0.043629743,0.0,0.0,0.0,0.0,0,46.096
76092000,76092000,0.99658465,-0.042148307,-0.056731302,-0.042816613,0.0,0.0,0.0,0.0,0,46.116
76112000,76112000,0.996249,-0.04426232,-0.06140861,-0.04203331,0.0,0.0,0.0,0.0,0,46.136
76132000,76132000,0.99590605,-0.046251412,-0.06585441,-0.04128208,0.0,0.0,0.0,0.0,0,46.156
76152000,76152000,0.99555784,-0.048133723,-0.07008036,-0.040565394,0.0,0.0,0.0,0.0,0,46.176
76172000,76172000,0.995208,-0.04990899,-0.074083425,-0.039885785,0.0,0.0,0.0,0.0,0,46.196
76192000,76192000,0.9948588,-0.051580675,-0.07787408,-0.039244976,0.0,0.0,0.0,0.0,0,46.216
76212000,76212000,0.9945148,-0.053128853,-0.08144572,-0.038643368,0.0,0.0,0.0,0.0,0,46.236
76232000,76232000,0.99417716,-0.054570705,-0.08480882,-0.0380831,0.0,0.0,0.0,0.0,0,46.256
76252000,76252000,0.99384993,-0.05590046,-0.08795082,-0.037565496,0.0,0.0,0.0,0.0,0,46.276
76272000,76272000,0.99353313,-0.05712442,-0.09089619,-0.03709065,0.0,0.0,0.0,0.0,0,46.296
76292000,76292000,0.99323,-0.05823643,-0.09363762,-0.036658846,0.0,0.0,0.0,0.0,0,46.316
76312000,76312000,0.99294174,-0.059238307,-0.09618292,-0.03627024,0.0,0.0,0.0,0.0,0,46.336
76332000,76332000,0.99267125,-0.060125813,-0.098525316,-0.03592446,0.0,0.0,0.0,0.0,0,46.356
76352000,76352000,0.9924175,-0.060912352,-0.100684606,-0.03562151,0.0,0.0,0.0,0.0,0,46.376
76372000,76372000,0.9921819,-0.061596587,-0.10266307,-0.035360694,0.0,0.0,0.0,0.0,0,46.396
76392000,76392000,0.9919642,-0.06218574,-0.104470834,-0.035141055,0.0,0.0,0.0,0.0,0,46.416
76412000,76412000,0.9917651,-0.06268343,-0.10611141,-0.034961406,0.0,0.0,0.0,0.0,0,46.436
76432000,76432000,0.9915864,-0.06307637,-0.107585184,-0.034819122,0.0,0.0,0.0,0.0,0,46.456
76452000,76452000,0.99142873,-0.06337098,-0.10889101,-0.03471416,0.0,0.0,0.0,0.0,0,46.476
76472000,76472000,0.9912904,-0.06357515,-0.1100473,-0.034644604,0.0,0.0,0.0,0.0,0,46.496
76492000,76492000,0.99117225,-0.06369069,-0.11105148,-0.034608904,0.0,0.0,0.0,0.0,0,46.516
76512000,76512000,0.9910732,-0.06372294,-0.11191488,-0.03460541,0.0,0.0,0.0,0.0,0,46.536
76532000,76532000,0.9909933,-0.06368058,-0.11263524,-0.03463345,0.0,0.0,0.0,0.0,0,46.556
76552000,76552000,0.9909333,-0.06356026,-0.11321221,-0.0346905,0.0,0.0,0.0,0.0,0,46.576
76572000,76572000,0.99089146,-0.06335903,-0.11366515,-0.034772735,0.0,0.0,0.0,0.0,0,46.596
76592000,76592000,0.9908677,-0.06308327,-0.11399282,-0.03487854,0.0,0.0,0.0,0.0,0,46.616
76612000,76612000,0.99086165,-0.062742226,-0.11419366,-0.035006963,0.0,0.0,0.0,0.0,0,46.636
76632000,76632000,0.9908717,-0.062341403,-0.11428022,-0.035155468,0.0,0.0,0.0,0.0,0,46.656
76652000,76652000,0.9908987,-0.06187536,-0.11424795,-0.03532145,0.0,0.0,0.0,0.0,0,46.676
76672000,76672000,0.9909414,-0.061346784,-0.114107035,-0.035502203,0.0,0.0,0.0,0.0,0,46.696
76692000,76692000,0.990999,-0.060752895,-0.11386444,-0.035694484,0.0,0.0,0.0,0.0,0,46.716
76712000,76712000,0.99107116,-0.060101327,-0.11351789,-0.035897218,0.0,0.0,0.0,0.0,0,46.736
76732000,76732000,0.9911575,-0.059392735,-0.113069266,-0.036107972,0.0,0.0,0.0,0.0,0,46.756
76752000,76752000,0.9912573,-0.05862762,-0.112523,-0.036324274,0.0,0.0,0.0,0.0,0,46.776
76772000,76772000,0.9913691,-0.05780548,-0.11189066,-0.036542807,0.0,0.0,0.0,0.0,0,46.796
76792000,76792000,0.99149126,-0.05693356,-0.111181445,-0.036761887,0.0,0.0,0.0,0.0,0,46.816
76812000,76812000,0.99162334,-0.05602118,-0.110391594,-0.036980737,0.0,0.0,0.0,0.0,0,46.836
76832000,76832000,0.9917644,-0.05507479,-0.10952427,-0.03719794,0.0,0.0,0.0,0.0,0,46.856
76852000,76852000,0.9919142,-0.054091334,-0.108581334,-0.03741073,0.0,0.0,0.0,0.0,0,46.876
76872000,76872000,0.99207133,-0.05307185,-0.1075729,-0.037617017,0.0,0.0,0.0,0.0,0,46.896
76892000,76892000,0.99223584,-0.0520146,-0.10649723,-0.03781472,0.0,0.0,0.0,0.0,0,46.916
76912000,76912000,0.9924072,-0.050922725,-0.10535538,-0.038002577,0.0,0.0,0.0,0.0,0,46.936
76932000,76932000,0.99258494,-0.049798235,-0.10414787,-0.038178943,0.0,0.0,0.0,0.0,0,46.956
76952000,76952000,0.9927673,-0.048646104,-0.102886334,-0.03834261,0.0,0.0,0.0,0.0,0,46.976
76972000,76972000,0.99295396,-0.047475275,-0.10156706,-0.0384934,0.0,0.0,0.0,0.0,0,46.996
76992000,76992000,0.9931437,-0.046286967,-0.100199774,-0.038629696,0.0,0.0,0.0,0.0,0,47.016
77012000,77012000,0.993336,-0.045080684,-0.09878624,-0.038750567,0.0,0.0,0.0,0.0,0,47.036
77032000,77032000,0.9935297,-0.043853592,-0.09733993,-0.038854048,0.0,0.0,0.0,0.0,0,47.056
77052000,77052000,0.99372375,-0.04261165,-0.095865324,-0.03893969,0.0,0.0,0.0,0.0,0,47.076
77072000,77072000,0.9939189,-0.041365333,-0.0943482,-0.039008554,0.0,0.0,0.0,0.0,0,47.096
77092000,77092000,0.9941151,-0.04010857,-0.09278965,-0.03905962,0.0,0.0,0.0,0.0,0,47.116
77112000,77112000,0.99431086,-0.038833093,-0.09120796,-0.039090734,0.0,0.0,0.0,0.0,0,47.136
77132000,77132000,0.99450576,-0.03754739,-0.08960224,-0.039102145,0.0,0.0,0.0,0.0,0,47.156
77152000,77152000,0.99469984,-0.03625602,-0.08796854,-0.03909431,0.0,0.0,0.0,0.0,0,47.176
77172000,77172000,0.9948917,-0.03496549,-0.08631748,-0.039067626,0.0,0.0,0.0,0.0,0,47.196
77192000,77192000,0.9950814,-0.03367638,-0.084648125,-0.039021835,0.0,0.0,0.0,0.0,0,47.216
77212000,77212000,0.99526817,-0.032386433,-0.08296898,-0.038956333,0.0,0.0,0.0,0.0,0,47.236
77232000,77232000,0.99545187,-0.031089745,-0.08128414,-0.03887088,0.0,0.0,0.0,0.0,0,47.256
77252000,77252000,0.9956327,-0.029789926,-0.07958862,-0.03876628,0.0,0.0,0.0,0.0,0,47.276
77272000,77272000,0.9958108,-0.028488245,-0.0778786,-0.038642894,0.0,0.0,0.0,0.0,0,47.296
77292000,77292000,0.9959849,-0.027195588,-0.07616508,-0.038501713,0.0,0.0,0.0,0.0,0,47.316
77312000,77312000,0.99615514,-0.025902156,-0.074451104,-0.03834235,0.0,0.0,0.0,0.0,0,47.336
77332000,77332000,0.9963219,-0.024611657,-0.07272839,-0.038165934,0.0,0.0,0.0,0.0,0,47.356
77352000,77352000,0.9964855,-0.02332682,-0.070990436,-0.037973702,0.0,0.0,0.0,0.0,0,47.376
77372000,77372000,0.9966442,-0.02206001,-0.069256395,-0.03776676,0.0,0.0,0.0,0.0,0,47.396
77392000,77392000,0.9967978,-0.020809071,-0.067532435,-0.037545346,0.0,0.0,0.0,0.0,0,47.416
77412000,77412000,0.9969464,-0.019575253,-0.06581639,-0.037310246,0.0,0.0,0.0,0.0,0,47.436
77432000,77432000,0.9970907,-0.01835273,-0.06410007,-0.03706185,0.0,0.0,0.0,0.0,0,47.456
77452000,77452000,0.99723035,-0.017151782,-0.062387645,-0.036801834,0.0,0.0,0.0,0.0,0,47.476
77472000,77472000,0.9973651,-0.01597191,-0.06068197,-0.036530964,0.0,0.0,0.0,0.0,0,47.496
77492000,77492000,0.997495,-0.014812628,-0.05898636,-0.03625013,0.0,0.0,0.0,0.0,0,47.516
77512000,77512000,0.99761975,-0.013669105,-0.057305876,-0.035959873,0.0,0.0,0.0,0.0,0,47.536
77532000,77532000,0.99774,-0.012546744,-0.055632073,-0.03566174,0.0,0.0,0.0,0.0,0,47.556
77552000,77552000,0.9978552,-0.011442878,-0.05397351,-0.035356667,0.0,0.0,0.0,0.0,0,47.576
77572000,77572000,0.99796486,-0.010367782,-0.052341036,-0.03504573,0.0,0.0,0.0,0.0,0,47.596
77592000,77592000,0.99806947,-0.00931667,-0.050729875,-0.034729537,0.0,0.0,0.0,0.0,0,47.616
77612000,77612000,0.9981694,-0.008296639,-0.049132757,-0.0344093,0.0,0.0,0.0,0.0,0,47.636
77632000,77632000,0.99826455,-0.0073041623,-0.047558837,-0.034086004,0.0,0.0,0.0,0.0,0,47.656
77652000,77652000,0.99835414,-0.006342738,-0.046022583,-0.033760708,0.0,0.0,0.0,0.0,0,47.676
77672000,77672000,0.99843895,-0.0053958665,-0.04451722,-0.033433978,0.0,0.0,0.0,0.0,0,47.696
77692000,77692000,0.99851966,-0.0044672433,-0.04303027,-0.033106778,0.0,0.0,0.0,0.0,0,47.716
77712000,77712000,0.9985962,-0.00355944,-0.041564196,-0.03278018,0.0,0.0,0.0,0.0,0,47.736
77732000,77732000,0.9986682,-0.0026790777,-0.04012952,-0.032455456,0.0,0.0,0.0,0.0,0,47.756
77752000,77752000,0.9987359,-0.0018304872,-0.03872679,-0.03213342,0.0,0.0,0.0,0.0,0,47.776
77772000,77772000,0.9987996,-0.0010187288,-0.037352204,-0.031814843,0.0,0.0,0.0,0.0,0,47.796
77792000,77792000,0.9988595,-0.0002311139,-0.036005475,-0.031500336,0.0,0.0,0.0,0.0,0,47.816
77812000,77812000,0.99891603,0.000541212,-0.03467995,-0.031190306,0.0,0.0,0.0,0.0,0,47.836
77832000,77832000,0.99896884,0.0012895629,-0.033388346,-0.030885592,0.0,0.0,0.0,0.0,0,47.856
77852000,77852000,0.9990179,0.002012779,-0.03213663,-0.030587116,0.0,0.0,0.0,0.0,0,47.876
77872000,77872000,0.99906355,0.002709642,-0.03091878,-0.03029542,0.0,0.0,0.0,0.0,0,47.896
77892000,77892000,0.9991063,0.003375786,-0.02972614,-0.030010922,0.0,0.0,0.0,0.0,0,47.916
77912000,77912000,0.99914646,0.004022345,-0.028551044,-0.0297341,0.0,0.0,0.0,0.0,0,47.936
77932000,77932000,0.99918395,0.0046450426,-0.027399238,-0.0294654,0.0,0.0,0.0,0.0,0,47.956
77952000,77952000,0.9992185,0.0052349707,-0.026287349,-0.029205576,0.0,0.0,0.0,0.0,0,47.976
77972000,77972000,0.9992507,0.005805208,-0.025201393,-0.028954156,0.0,0.0,0.0,0.0,0,47.996
77992000,77992000,0.99928063,0.006356079,-0.024137385,-0.028711785,0.0,0.0,0.0,0.0,0,48.016
78012000,78012000,0.9993081,0.0068896553,-0.02310598,-0.028478902,0.0,0.0,0.0,0.0,0,48.036
78032000,78032000,0.99933356,0.007399525,-0.022100177,-0.028255798,0.0,0.0,0.0,0.0,0,48.056
78052000,78052000,0.99935716,0.007882574,-0.02111483,-0.02804294,0.0,0.0,0.0,0.0,0,48.076
78072000,78072000,0.99937886,0.0083425045,-0.020158514,-0.027839854,0.0,0.0,0.0,0.0,0,48.096
78092000,78092000,0.9993987,0.008784879,-0.019230671,-0.027647125,0.0,0.0,0.0,0.0,0,48.116
78112000,78112000,0.9994169,0.00921509,-0.018323118,-0.02746429,0.0,0.0,0.0,0.0,0,48.136
78132000,78132000,0.9994334,0.0096366955,-0.017443867,-0.027291074,0.0,0.0,0.0,0.0,0,48.156
78152000,78152000,0.9994484,0.010048339,-0.016583083,-0.027128229,0.0,0.0,0.0,0.0,0,48.176
78172000,78172000,0.9994622,0.0104443515,-0.015736751,-0.026975239,0.0,0.0,0.0,0.0,0,48.196
78192000,78192000,0.9994746,0.010819178,-0.0149215935,-0.026831964,0.0,0.0,0.0,0.0,0,48.216
78212000,78212000,0.9994856,0.011177293,-0.014139311,-0.026698535,0.0,0.0,0.0,0.0,0,48.236
78232000,78232000,0.99949557,0.011517802,-0.013371838,-0.026574444,0.0,0.0,0.0,0.0,0,48.256
78252000,78252000,0.9995049,0.011828336,-0.012608802,-0.02645951,0.0,0.0,0.0,0.0,0,48.276
78272000,78272000,0.99951345,0.0121151535,-0.011861842,-0.026353972,0.0,0.0,0.0,0.0,0,48.296
78292000,78292000,0.999521,0.0123757,-0.011146812,-0.026257716,0.0,0.0,0.0,0.0,0,48.316
78312000,78312000,0.9995277,0.012613529,-0.010462618,-0.02617061,0.0,0.0,0.0,0.0,0,48.336
78332000,78332000,0.9995338,0.012831007,-0.009794807,-0.026091862,0.0,0.0,0.0,0.0,0,48.356
78352000,78352000,0.99953926,0.013025957,-0.009144499,-0.026021102,0.0,0.0,0.0,0.0,0,48.376
78372000,78372000,0.999544,0.01320416,-0.008524189,-0.02595826,0.0,0.0,0.0,0.0,0,48.396
78392000,78392000,0.99954844,0.013351319,-0.007923665,-0.025902929,0.0,0.0,0.0,0.0,0,48.416
78412000,78412000,0.9995525,0.013475801,-0.0073435004,-0.025854472,0.0,0.0,0.0,0.0,0,48.436
78432000,78432000,0.999556,0.013583507,-0.0067894896,-0.02581244,0.0,0.0,0.0,0.0,0,48.456
78452000,78452000,0.99955916,0.013674591,-0.006259715,-0.02577629,0.0,0.0,0.0,0.0,0,48.476
78472000,78472000,0.99956197,0.01375246,-0.005746135,-0.025745643,0.0,0.0,0.0,0.0,0,48.496
78492000,78492000,0.9995644,0.01382074,-0.005246375,-0.025720231,0.0,0.0,0.0,0.0,0,48.516
78512000,78512000,0.99956656,0.013879945,-0.004759199,-0.02569995,0.0,0.0,0.0,0.0,0,48.536
78532000,78532000,0.9995684,0.013930517,-0.0042845397,-0.025684813,0.0,0.0,0.0,0.0,0,48.556
78552000,78552000,0.99957,0.013968588,-0.003824478,-0.025674924,0.0,0.0,0.0,0.0,0,48.576
78572000,78572000,0.9995713,0.013994911,-0.0033783743,-0.025670053,0.0,0.0,0.0,0.0,0,48.596
78592000,78592000,0.9995726,0.014004679,-0.002949354,-0.025669776,0.0,0.0,0.0,0.0,0,48.616
78612000,78612000,0.99957377,0.013991975,-0.002541494,-0.025673753,0.0,0.0,0.0,0.0,0,48.636
78632000,78632000,0.99957514,0.013945448,-0.002150498,-0.025681647,0.0,0.0,0.0,0.0,0,48.656
78652000,78652000,0.99957657,0.013871951,-0.0017757536,-0.025693681,0.0,0.0,0.0,0.0,0,48.676
78672000,78672000,0.99957806,0.013778576,-0.0014284658,-0.025709245,0.0,0.0,0.0,0.0,0,48.696
78692000,78692000,0.99957955,0.013662924,-0.0010990914,-0.025728106,0.0,0.0,0.0,0.0,0,48.716
78712000,78712000,0.99958116,0.013526133,-0.0007928064,-0.025749614,0.0,0.0,0.0,0.0,0,48.736
78732000,78732000,0.9995828,0.013367131,-0.0005107821,-0.025773566,0.0,0.0,0.0,0.0,0,48.756
78752000,78752000,0.9995846,0.013193577,-0.00024399166,-0.025799667,0.0,0.0,0.0,0.0,0,48.776
78772000,78772000,0.99958634,0.013004592,6.8847635e-06,-0.025827726,0.0,0.0,0.0,0.0,0,48.796
78792000,78792000,0.99958813,0.012806223,0.0002385061,-0.025858019,0.0,0.0,0.0,0.0,0,48.816
78812000,78812000,0.9995899,0.01259541,0.00044628468,-0.025890099,0.0,0.0,0.0,0.0,0,48.836
78832000,78832000,0.9995917,0.012373478,0.00064866064,-0.02592403,0.0,0.0,0.0,0.0,0,48.856
78852000,78852000,0.9995935,0.012140579,0.00084362197,-0.025959387,0.0,0.0,0.0,0.0,0,48.876
78872000,78872000,0.9995953,0.01189824,0.0010215007,-0.025996167,0.0,0.0,0.0,0.0,0,48.896
78892000,78892000,0.99959713,0.0116432225,0.0011840982,-0.026033832,0.0,0.0,0.0,0.0,0,48.916
78912000,78912000,0.99959904,0.011373112,0.0013335751,-0.026072312,0.0,0.0,0.0,0.0,0,48.936
78932000,78932000,0.99960095,0.0110968305,0.0014721436,-0.02611137,0.0,0.0,0.0,0.0,0,48.956
78952000,78952000,0.99960274,0.0108195795,0.0016050865,-0.026150456,0.0,0.0,0.0,0.0,0,48.976
78972000,78972000,0.99960446,0.0105396295,0.0017390512,-0.026189338,0.0,0.0,0.0,0.0,0,48.996
78992000,78992000,0.9996061,0.0102691455,0.0018627011,-0.026228052,0.0,0.0,0.0,0.0,0,49.016
79012000,79012000,0.99960744,0.010008434,0.001972638,-0.026266802,0.0,0.0,0.0,0.0,0,49.036
79032000,79032000,0.99960893,0.009739208,0.0020705704,-0.026305806,0.0,0.0,0.0,0.0,0,49.056
79052000,79052000,0.99961036,0.0094629,0.002162377,-0.026344396,0.0,0.0,0.0,0.0,0,49.076
79072000,79072000,0.99961174,0.009187468,0.002242845,-0.02638249,0.0,0.0,0.0,0.0,0,49.096
79092000,79092000,0.9996131,0.008911229,0.002308472,-0.026420267,0.0,0.0,0.0,0.0,0,49.116
79112000,79112000,0.9996144,0.008631981,0.0023675857,-0.02645767,0.0,0.0,0.0,0.0,0,49.136
79132000,79132000,0.99961567,0.00835326,0.0024167607,-0.026494402,0.0,0.0,0.0,0.0,0,49.156
79152000,79152000,0.9996169,0.008077083,0.0024523868,-0.02653049,0.0,0.0,0.0,0.0,0,49.176
79172000,79172000,0.99961805,0.0078052892,0.0024764556,-0.026565747,0.0,0.0,0.0,0.0,0,49.196
79192000,79192000,0.99961925,0.00752902,0.0024989753,-0.026599739,0.0,0.0,0.0,0.0,0,49.216
79212000,79212000,0.9996204,0.0072524743,0.0025159153,-0.026632363,0.0,0.0,0.0,0.0,0,49.236
79232000,79232000,0.9996215,0.006971762,0.0025272474,-0.026663842,0.0,0.0,0.0,0.0,0,49.256
79252000,79252000,0.9996225,0.0066926368,0.0025476378,-0.02669444,0.0,0.0,0.0,0.0,0,49.276
79272000,79272000,0.99962354,0.00640829,0.00257144,-0.026724715,0.0,0.0,0.0,0.0,0,49.296
79292000,79292000,0.9996245,0.0061179586,0.0025940754,-0.026754733,0.0,0.0,0.0,0.0,0,49.316
79312000,79312000,0.9996254,0.005828695,0.0026131845,-0.026784258,0.0,0.0,0.0,0.0,0,49.336
79332000,79332000,0.9996262,0.0055385325,0.0026274247,-0.02681338,0.0,0.0,0.0,0.0,0,49.356
79352000,79352000,0.999627,0.005249266,0.002632438,-0.026841551,0.0,0.0,0.0,0.0,0,49.376
79372000,79372000,0.9996277,0.0049697123,0.0026238845,-0.026868993,0.0,0.0,0.0,0.0,0,49.396
79392000,79392000,0.9996283,0.0047037816,0.0026172586,-0.026895761,0.0,0.0,0.0,0.0,0,49.416
79412000,79412000,0.9996287,0.0044558616,0.002614871,-0.026922181,0.0,0.0,0.0,0.0,0,49.436
79432000,79432000,0.99962914,0.004214165,0.002603471,-0.026947971,0.0,0.0,0.0,0.0,0,49.456
79452000,79452000,0.99962944,0.0039738375,0.002595663,-0.026973082,0.0,0.0,0.0,0.0,0,49.476
79472000,79472000,0.99962974,0.0037346492,0.002594987,-0.02699746,0.0,0.0,0.0,0.0,0,49.496
79492000,79492000,0.9996299,0.003506831,0.0025831885,-0.027021328,0.0,0.0,0.0,0.0,0,49.516
79512000,79512000,0.9996301,0.0032842811,0.0025580009,-0.027044851,0.0,0.0,0.0,0.0,0,49.536
79532000,79532000,0.9996303,0.0030567748,0.0025273557,-0.027068103,0.0,0.0,0.0,0.0,0,49.556
79552000,79552000,0.99963045,0.0028218946,0.0024953163,-0.027091175,0.0,0.0,0.0,0.0,0,49.576
79572000,79572000,0.9996305,0.0025949592,0.002467996,-0.027113674,0.0,0.0,0.0,0.0,0,49.596
79592000,79592000,0.9996305,0.0023817422,0.0024324881,-0.02713556,0.0,0.0,0.0,0.0,0,49.616
79612000,79612000,0.9996305,0.0021825058,0.0023925903,-0.027156644,0.0,0.0,0.0,0.0,0,49.636
79632000,79632000,0.99963045,0.001985923,0.0023620436,-0.027176606,0.0,0.0,0.0,0.0,0,49.656
79652000,79652000,0.99963033,0.0017953566,0.002330011,-0.027195567,0.0,0.0,0.0,0.0,0,49.676
79672000,79672000,0.9996303,0.0016111474,0.0022898363,-0.027213357,0.0,0.0,0.0,0.0,0,49.696
79692000,79692000,0.9996302,0.0014334028,0.0022383688,-0.027230078,0.0,0.0,0.0,0.0,0,49.716
79712000,79712000,0.99963015,0.0012577691,0.0021875363,-0.027245887,0.0,0.0,0.0,0.0,0,49.736
79732000,79732000,0.99963003,0.0010790147,0.0021369166,-0.027261145,0.0,0.0,0.0,0.0,0,49.756
79752000,79752000,0.9996299,0.0008983275,0.0020808289,-0.027276142,0.0,0.0,0.0,0.0,0,49.776
79772000,79772000,0.9996298,0.00071202096,0.002013036,-0.027290678,0.0,0.0,0.0,0.0,0,49.796
79792000,79792000,0.9996297,0.0005312728,0.001946775,-0.027304754,0.0,0.0,0.0,0.0,0,49.816
79812000,79812000,0.9996295,0.00035944209,0.0018762858,-0.027319025,0.0,0.0,0.0,0.0,0,49.836
79832000,79832000,0.9996293,0.00018810091,0.0017848186,-0.027333427,0.0,0.0,0.0,0.0,0,49.856
79852000,79852000,0.99962914,2.7682605e-05,0.00167963,-0.027347736,0.0,0.0,0.0,0.0,0,49.876
79872000,79872000,0.9996289,-0.00011905589,0.001575053,-0.027361607,0.0,0.0,0.0,0.0,0,49.896
79892000,79892000,0.99962866,-0.00024770456,0.0014719043,-0.027375141,0.0,0.0,0.0,0.0,0,49.916
79912000,79912000,0.9996284,-0.00036412023,0.0013618062,-0.027388424,0.0,0.0,0.0,0.0,0,49.936
79932000,79932000,0.9996282,-0.0004705664,0.0012470227,-0.027401088,0.0,0.0,0.0,0.0,0,49.956
79952000,79952000,0.99962795,-0.00056540704,0.0011344643,-0.02741309,0.0,0.0,0.0,0.0,0,49.976
79972000,79972000,0.9996277,-0.00065561145,0.0010198324,-0.027424535,0.0,0.0,0.0,0.0,0,49.996
79992000,79992000,0.9996275,-0.0007379519,0.00090186077,-0.027435355,0.0,0.0,0.0,0.0,0,50.016
80012000,80012000,0.99962723,-0.00081832655,0.0007873432,-0.027445419,0.0,0.0,0.0,0.0,0,50.036
80032000,80032000,0.999627,-0.00089475035,0.00066541217,-0.027454458,0.0,0.0,0.0,0.0,0,50.056
80052000,80052000,0.99962676,-0.0009643732,0.000530535,-0.027462786,0.0,0.0,0.0,0.0,0,50.076
80072000,80072000,0.9996266,-0.0010342827,0.00040091833,-0.027470391,0.0,0.0,0.0,0.0,0,50.096
80092000,80092000,0.99962634,-0.0011039774,0.0002689486,-0.027477266,0.0,0.0,0.0,0.0,0,50.116
80112000,80112000,0.9996261,-0.0011654489,0.00013853367,-0.027483886,0.0,0.0,0.0,0.0,0,50.136
80132000,80132000,0.99962586,-0.0012278662,1.5958187e-05,-0.02748982,0.0,0.0,0.0,0.0,0,50.156
80152000,80152000,0.9996256,-0.0012895487,-0.00011107868,-0.027495457,0.0,0.0,0.0,0.0,0,50.176
80172000,80172000,0.9996254,-0.0013436988,-0.00024197224,-0.027501775,0.0,0.0,0.0,0.0,0,50.196
80192000,80192000,0.9996251,-0.001398757,-0.00037058705,-0.02750864,0.0,0.0,0.0,0.0,0,50.216
80212000,80212000,0.9996247,-0.0014477873,-0.0004942211,-0.027515728,0.0,0.0,0.0,0.0,0,50.236
80232000,80232000,0.9996244,-0.0014947588,-0.00063258526,-0.02752343,0.0,0.0,0.0,0.0,0,50.256
80252000,80252000,0.999624,-0.0015434093,-0.0007715394,-0.0275316,0.0,0.0,0.0,0.0,0,50.276
80272000,80272000,0.9996236,-0.0015851343,-0.00090663636,-0.027540138,0.0,0.0,0.0,0.0,0,50.296
80292000,80292000,0.9996231,-0.0016280685,-0.0010407642,-0.027549319,0.0,0.0,0.0,0.0,0,50.316
80312000,80312000,0.99962264,-0.0016627292,-0.0011720099,-0.02755875,0.0,0.0,0.0,0.0,0,50.336
80332000,80332000,0.9996222,-0.0016806996,-0.0013005949,-0.027568426,0.0,0.0,0.0,0.0,0,50.356
80352000,80352000,0.99962175,-0.0016849859,-0.001432451,-0.027578909,0.0,0.0,0.0,0.0,0,50.376
80372000,80372000,0.9996212,-0.0016977127,-0.0015618132,-0.027589837,0.0,0.0,0.0,0.0,0,50.396
80392000,80392000,0.9996207,-0.0017194109,-0.0016716229,-0.027600802,0.0,0.0,0.0,0.0,0,50.416
80412000,80412000,0.9996202,-0.0017362719,-0.0017769949,-0.02761218,0.0,0.0,0.0,0.0,0,50.436
80432000,80432000,0.9996196,-0.001746559,-0.0018899291,-0.02762424,0.0,0.0,0.0,0.0,0,50.456
80452000,80452000,0.99961907,-0.0017577747,-0.0019962182,-0.027636467,0.0,0.0,0.0,0.0,0,50.476
80472000,80472000,0.9996185,-0.0017706112,-0.0020895007,-0.027648998,0.0,0.0,0.0,0.0,0,50.496
80492000,80492000,0.99961793,-0.0017795549,-0.0021859412,-0.02766176,0.0,0.0,0.0,0.0,0,50.516
80512000,80512000,0.99961734,-0.0017852368,-0.0022729372,-0.02767436,0.0,0.0,0.0,0.0,0,50.536
80532000,80532000,0.99961686,-0.0017786854,-0.0023544426,-0.027686916,0.0,0.0,0.0,0.0,0,50.556
80552000,80552000,0.9996163,-0.0017733673,-0.0024218971,-0.02769971,0.0,0.0,0.0,0.0,0,50.576
80572000,80572000,0.99961585,-0.0017672309,-0.0024740065,-0.027712535,0.0,0.0,0.0,0.0,0,50.596
80592000,80592000,0.99961543,-0.0017486591,-0.0025222616,-0.027725652,0.0,0.0,0.0,0.0,0,50.616
80612000,80612000,0.99961495,-0.0017236832,-0.0025762469,-0.027739167,0.0,0.0,0.0,0.0,0,50.636
80632000,80632000,0.9996145,-0.0017056897,-0.0026169051,-0.02775285,0.0,0.0,0.0,0.0,0,50.656
80652000,80652000,0.99961406,-0.0016951376,-0.0026421628,-0.027766991,0.0,0.0,0.0,0.0,0,50.676
80672000,80672000,0.9996136,-0.0016806478,-0.0026705,-0.027781364,0.0,0.0,0.0,0.0,0,50.696
80692000,80692000,0.99961317,-0.0016590579,-0.0026960245,-0.02779628,0.0,0.0,0.0,0.0,0,50.716
80712000,80712000,0.9996127,-0.001641854,-0.0027126286,-0.027811496,0.0,0.0,0.0,0.0,0,50.736
80732000,80732000,0.9996123,-0.0016245351,-0.0027334765,-0.027827026,0.0,0.0,0.0,0.0,0,50.756
80752000,80752000,0.9996118,-0.0015972883,-0.0027602755,-0.027842687,0.0,0.0,0.0,0.0,0,50.776
80772000,80772000,0.9996113,-0.0015675975,-0.0027865788,-0.02785873,0.0,0.0,0.0,0.0,0,50.796
80792000,80792000,0.99961084,-0.0015458895,-0.0027963864,-0.027874937,0.0,0.0,0.0,0.0,0,50.816
80812000,80812000,0.9996104,-0.0015226953,-0.0027990453,-0.027891431,0.0,0.0,0.0,0.0,0,50.836
80832000,80832000,0.99961,-0.0014910564,-0.0028031666,-0.027907765,0.0,0.0,0.0,0.0,0,50.856
80852000,80852000,0.99960965,-0.0014590081,-0.00279652,-0.027924083,0.0,0.0,0.0,0.0,0,50.876
80872000,80872000,0.99960923,-0.0014293643,-0.0027959268,-0.027940745,0.0,0.0,0.0,0.0,0,50.896
80892000,80892000,0.9996088,-0.0013993991,-0.002792903,-0.027957188,0.0,0.0,0.0,0.0,0,50.916
80912000,80912000,0.9996084,-0.0013689621,-0.0027782952,-0.027973307,0.0,0.0,0.0,0.0,0,50.936
80932000,80932000,0.9996081,-0.0013469016,-0.0027518435,-0.027989484,0.0,0.0,0.0,0.0,0,50.956
80952000,80952000,0.9996077,-0.0013334369,-0.0027250745,-0.028005864,0.0,0.0,0.0,0.0,0,50.976
80972000,80972000,0.9996073,-0.0013219478,-0.0026998473,-0.028022056,0.0,0.0,0.0,0.0,0,50.996
80992000,80992000,0.99960697,-0.001309516,-0.0026704096,-0.028037963,0.0,0.0,0.0,0.0,0,51.016
81012000,81012000,0.9996066,-0.0012968548,-0.002647426,-0.028053848,0.0,0.0,0.0,0.0,0,51.036
81032000,81032000,0.99960625,-0.0012855303,-0.002623936,-0.028069614,0.0,0.0,0.0,0.0,0,51.056
81052000,81052000,0.9996059,-0.0012812483,-0.002584849,-0.028085353,0.0,0.0,0.0,0.0,0,51.076
81072000,81072000,0.9996056,-0.00128294,-0.0025421528,-0.028101264,0.0,0.0,0.0,0.0,0,51.096
81092000,81092000,0.99960524,-0.0012869994,-0.0025012393,-0.028117232,0.0,0.0,0.0,0.0,0,51.116
81112000,81112000,0.9996049,-0.0012965063,-0.0024589757,-0.028133119,0.0,0.0,0.0,0.0,0,51.136
81132000,81132000,0.9996045,-0.0013120237,-0.0024146766,-0.028148992,0.0,0.0,0.0,0.0,0,51.156
81152000,81152000,0.99960417,-0.0013315215,-0.0023672278,-0.02816462,0.0,0.0,0.0,0.0,0,51.176
81172000,81172000,0.9996038,-0.0013551319,-0.0023147091,-0.028180124,0.0,0.0,0.0,0.0,0,51.196
81192000,81192000,0.99960345,-0.0013847806,-0.0022585832,-0.028195508,0.0,0.0,0.0,0.0,0,51.216
81212000,81212000,0.99960315,-0.0014150222,-0.0022052308,-0.028210215,0.0,0.0,0.0,0.0,0,51.236
81232000,81232000,0.9996028,-0.0014347573,-0.0021640614,-0.02822451,0.0,0.0,0.0,0.0,0,51.256
81252000,81252000,0.99960244,-0.0014453752,-0.0021214206,-0.028238963,0.0,0.0,0.0,0.0,0,51.276
81272000,81272000,0.99960214,-0.0014525112,-0.002072929,-0.028253395,0.0,0.0,0.0,0.0,0,51.296
81292000,81292000,0.99960184,-0.0014550892,-0.002019877,-0.028267749,0.0,0.0,0.0,0.0,0,51.316
81312000,81312000,0.9996016,-0.0014347455,-0.0019641942,-0.028281927,0.0,0.0,0.0,0.0,0,51.336
81332000,81332000,0.9996013,-0.0014086519,-0.0019108828,-0.028295932,0.0,0.0,0.0,0.0,0,51.356
81352000,81352000,0.99960107,-0.0013990155,-0.001848466,-0.028309839,0.0,0.0,0.0,0.0,0,51.376
81372000,81372000,0.9996008,-0.0013870109,-0.0017703514,-0.028323345,0.0,0.0,0.0,0.0,0,51.396
81392000,81392000,0.99960065,-0.0013696678,-0.001686997,-0.02833677,0.0,0.0,0.0,0.0,0,51.416
81412000,81412000,0.9996004,-0.001354942,-0.0016071022,-0.028350115,0.0,0.0,0.0,0.0,0,51.436
81432000,81432000,0.9996002,-0.0013454277,-0.0015247576,-0.02836338,0.0,0.0,0.0,0.0,0,51.456
81452000,81452000,0.99959993,-0.001341532,-0.0014384193,-0.028376605,0.0,0.0,0.0,0.0,0,51.476
81472000,81472000,0.9995997,-0.0013421079,-0.0013489891,-0.028389815,0.0,0.0,0.0,0.0,0,51.496
81492000,81492000,0.9995994,-0.0013479071,-0.0012554589,-0.028402936,0.0,0.0,0.0,0.0,0,51.516
81512000,81512000,0.99959916,-0.0013522317,-0.00116482,-0.028415618,0.0,0.0,0.0,0.0,0,51.536
81532000,81532000,0.9995989,-0.0013518553,-0.0010778506,-0.028427914,0.0,0.0,0.0,0.0,0,51.556
81552000,81552000,0.9995986,-0.0013525921,-0.0009893433,-0.028440034,0.0,0.0,0.0,0.0,0,51.576
81572000,81572000,0.9995984,-0.0013553175,-0.00089933694,-0.028451702,0.0,0.0,0.0,0.0,0,51.596
81592000,81592000,0.99959815,-0.00135071,-0.00081787957,-0.028462378,0.0,0.0,0.0,0.0,0,51.616
81612000,81612000,0.99959797,-0.0013374567,-0.0007462265,-0.028472465,0.0,0.0,0.0,0.0,0,51.636
81632000,81632000,0.9995977,-0.00132174,-0.0006761933,-0.02848249,0.0,0.0,0.0,0.0,0,51.656
81652000,81652000,0.99959755,-0.0012985847,-0.0005954709,-0.02849296,0.0,0.0,0.0,0.0,0,51.676
81672000,81672000,0.9995973,-0.0012673202,-0.0005103081,-0.028503114,0.0,0.0,0.0,0.0,0,51.696
81692000,81692000,0.99959713,-0.0012309104,-0.00043025348,-0.028513057,0.0,0.0,0.0,0.0,0,51.716
81712000,81712000,0.9995969,-0.0011922896,-0.00034273113,-0.028523188,0.0,0.0,0.0,0.0,0,51.736
81732000,81732000,0.9995967,-0.0011540158,-0.00024563508,-0.028533645,0.0,0.0,0.0,0.0,0,51.756
81752000,81752000,0.9995965,-0.0011156157,-0.00015346592,-0.028543554,0.0,0.0,0.0,0.0,0,51.776
81772000,81772000,0.99959624,-0.0010752262,-6.3993495e-05,-0.028552817,0.0,0.0,0.0,0.0,0,51.796
81792000,81792000,0.99959606,-0.0010417075,4.3992546e-05,-0.028561948,0.0,0.0,0.0,0.0,0,51.816
81812000,81812000,0.9995958,-0.001017838,0.00015090145,-0.028570842,0.0,0.0,0.0,0.0,0,51.836
81832000,81832000,0.9995955,-0.0009980041,0.0002491829,-0.028579516,0.0,0.0,0.0,0.0,0,51.856
81852000,81852000,0.9995953,-0.0009819102,0.00034621815,-0.028588144,0.0,0.0,0.0,0.0,0,51.876
81872000,81872000,0.999595,-0.00096709,0.0004483366,-0.02859687,0.0,0.0,0.0,0.0,0,51.896
81892000,81892000,0.99959475,-0.0009543637,0.0005562263,-0.028605588,0.0,0.0,0.0,0.0,0,51.916
81912000,81912000,0.9995944,-0.0009449068,0.00066929165,-0.028614169,0.0,0.0,0.0,0.0,0,51.936
81932000,81932000,0.99959415,-0.0009315159,0.0007793716,-0.028621992,0.0,0.0,0.0,0.0,0,51.956
81952000,81952000,0.99959385,-0.0009116571,0.0008832737,-0.028629407,0.0,0.0,0.0,0.0,0,51.976
81972000,81972000,0.99959356,-0.00089071697,0.0009867714,-0.028636636,0.0,0.0,0.0,0.0,0,51.996
81992000,81992000,0.99959326,-0.00087169703,0.0010927902,-0.028643753,0.0,0.0,0.0,0.0,0,52.016
82012000,82012000,0.99959296,-0.0008555912,0.0012025691,-0.028650796,0.0,0.0,0.0,0.0,0,52.036
82032000,82032000,0.9995926,-0.0008422492,0.0013157475,-0.028657936,0.0,0.0,0.0,0.0,0,52.056
82052000,82052000,0.99959224,-0.00082812994,0.0014287665,-0.028665325,0.0,0.0,0.0,0.0,0,52.076
82072000,82072000,0.9995919,-0.00080923305,0.0015371946,-0.028673297,0.0,0.0,0.0,0.0,0,52.096
82092000,82092000,0.9995915,-0.0007848216,0.0016404344,-0.028681448,0.0,0.0,0.0,0.0,0,52.116
82112000,82112000,0.9995911,-0.00076059985,0.0017425444,-0.028689789,0.0,0.0,0.0,0.0,0,52.136
82132000,82132000,0.9995907,-0.00073386804,0.0018333056,-0.028698355,0.0,0.0,0.0,0.0,0,52.156
82152000,82152000,0.99959034,-0.0007075251,0.001912288,-0.028706815,0.0,0.0,0.0,0.0,0,52.176
82172000,82172000,0.99959,-0.00068249175,0.001993502,-0.02871519,0.0,0.0,0.0,0.0,0,52.196
82192000,82192000,0.9995896,-0.0006619342,0.0020630637,-0.028723704,0.0,0.0,0.0,0.0,0,52.216
82212000,82212000,0.9995892,-0.0006502637,0.0021311003,-0.028732711,0.0,0.0,0.0,0.0,0,52.236
82232000,82232000,0.9995888,-0.0006478037,0.0022006435,-0.028741945,0.0,0.0,0.0,0.0,0,52.256
82252000,82252000,0.9995884,-0.000652753,0.0022531084,-0.02875145,0.0,0.0,0.0,0.0,0,52.276
82272000,82272000,0.999588,-0.0006582277,0.0023010632,-0.02876163,0.0,0.0,0.0,0.0,0,52.296
82292000,82292000,0.99958754,-0.0006603883,0.002353892,-0.028772056,0.0,0.0,0.0,0.0,0,52.316
82312000,82312000,0.9995871,-0.0006627866,0.002407726,-0.028782535,0.0,0.0,0.0,0.0,0,52.336
82332000,82332000,0.9995867,-0.00066953304,0.0024514606,-0.028793273,0.0,0.0,0.0,0.0,0,52.356
82352000,82352000,0.9995863,-0.0006837131,0.0024880755,-0.02880406,0.0,0.0,0.0,0.0,0,52.376
82372000,82372000,0.99958515,-0.0011093973,0.0026782614,-0.02881306,0.0,0.0,0.0,0.0,0,52.396
82392000,82392000,0.999578,-0.0032236923,0.0035033806,-0.028814342,0.0,0.0,0.0,0.0,0,52.416
82412000,82412000,0.9995511,-0.0072302334,0.0049695508,-0.028804706,0.0,0.0,0.0,0.0,0,52.436
82432000,82432000,0.999484,-0.012851322,0.0068801506,-0.028781872,0.0,0.0,0.0,0.0,0,52.456
82452000,82452000,0.9993574,-0.019658258,0.009009623,-0.028745685,0.0,0.0,0.0,0.0,0,52.476
82472000,82472000,0.9991576,-0.027280694,0.011203095,-0.02869568,0.0,0.0,0.0,0.0,0,52.496
82492000,82492000,0.9988769,-0.035425868,0.013386646,-0.0286314,0.0,0.0,0.0,0.0,0,52.516
82512000,82512000,0.99851584,-0.043811828,0.0155077195,-0.02855297,0.0,0.0,0.0,0.0,0,52.536
82532000,82532000,0.9980831,-0.052183498,0.017496474,-0.028460413,0.0,0.0,0.0,0.0,0,52.556
82552000,82552000,0.9975936,-0.060318228,0.019334646,-0.028355619,0.0,0.0,0.0,0.0,0,52.576
82572000,82572000,0.99706835,-0.06801307,0.020987835,-0.028240535,0.0,0.0,0.0,0.0,0,52.596
82592000,82592000,0.99652916,-0.07513219,0.022435652,-0.028116697,0.0,0.0,0.0,0.0,0,52.616
82612000,82612000,0.99599725,-0.081570394,0.023695193,-0.027988093,0.0,0.0,0.0,0.0,0,52.636
82632000,82632000,0.9954939,-0.087249205,0.02475238,-0.027856162,0.0,0.0,0.0,0.0,0,52.656
82652000,82652000,0.99503607,-0.09212746,0.025618449,-0.02772374,0.0,0.0,0.0,0.0,0,52.676
82672000,82672000,0.9946371,-0.09619003,0.02631049,-0.027593583,0.0,0.0,0.0,0.0,0,52.696
82692000,82692000,0.9943072,-0.0994378,0.026832286,-0.027466891,0.0,0.0,0.0,0.0,0,52.716
82712000,82712000,0.99405223,-0.10189488,0.027184019,-0.027344279,0.0,0.0,0.0,0.0,0,52.736
82732000,82732000,0.99387455,-0.10359195,0.027384093,-0.027227875,0.0,0.0,0.0,0.0,0,52.756
82752000,82752000,0.993774,-0.10456417,0.027446186,-0.027118875,0.0,0.0,0.0,0.0,0,52.776
82772000,82772000,0.9937472,-0.10486277,0.027376262,-0.0270175,0.0,0.0,0.0,0.0,0,52.796
82792000,82792000,0.9937887,-0.104540505,0.027192546,-0.026925074,0.0,0.0,0.0,0.0,0,52.816
82812000,82812000,0.99389166,-0.10365107,0.026913393,-0.026843162,0.0,0.0,0.0,0.0,0,52.836
82832000,82832000,0.99404824,-0.102255724,0.026538339,-0.026770683,0.0,0.0,0.0,0.0,0,52.856
82852000,82852000,0.99425155,-0.10039849,0.026072571,-0.026707724,0.0,0.0,0.0,0.0,0,52.876
82872000,82872000,0.9944938,-0.09812849,0.025526363,-0.026654785,0.0,0.0,0.0,0.0,0,52.896
82892000,82892000,0.99476564,-0.09550504,0.024919247,-0.026612667,0.0,0.0,0.0,0.0,0,52.916
82912000,82912000,0.9950599,-0.092576124,0.024248669,-0.026580613,0.0,0.0,0.0,0.0,0,52.936
82932000,82932000,0.9953701,-0.08938096,0.023520295,-0.026558777,0.0,0.0,0.0,0.0,0,52.956
82952000,82952000,0.99568903,-0.08596913,0.022739515,-0.026546722,0.0,0.0,0.0,0.0,0,52.976
82972000,82972000,0.99601066,-0.08238258,0.021916652,-0.0265444,0.0,0.0,0.0,0.0,0,52.996
82992000,82992000,0.9963303,-0.07865285,0.021063887,-0.026552519,0.0,0.0,0.0,0.0,0,53.016
83012000,83012000,0.9966435,-0.074816,0.02018452,-0.026570711,0.0,0.0,0.0,0.0,0,53.036
83032000,83032000,0.9969467,-0.070902996,0.019278966,-0.0265984,0.0,0.0,0.0,0.0,0,53.056
83052000,83052000,0.99723786,-0.06692615,0.018359968,-0.026636355,0.0,0.0,0.0,0.0,0,53.076
83072000,83072000,0.9975152,-0.06290333,0.017425125,-0.026683906,0.0,0.0,0.0,0.0,0,53.096
83092000,83092000,0.9977765,-0.058861785,0.016474856,-0.026740307,0.0,0.0,0.0,0.0,0,53.116
83112000,83112000,0.99802005,-0.054826718,0.015509468,-0.026805203,0.0,0.0,0.0,0.0,0,53.136
83132000,83132000,0.99824494,-0.0508158,0.014542099,-0.026878873,0.0,0.0,0.0,0.0,0,53.156
83152000,83152000,0.9984506,-0.046844438,0.013574556,-0.026960915,0.0,0.0,0.0,0.0,0,53.176
83172000,83172000,0.9986368,-0.04292818,0.0126121435,-0.027050879,0.0,0.0,0.0,0.0,0,53.196
83192000,83192000,0.998804,-0.039075337,0.011654588,-0.027148357,0.0,0.0,0.0,0.0,0,53.216
83212000,83212000,0.99895245,-0.03529473,0.010707075,-0.027252952,0.0,0.0,0.0,0.0,0,53.236
83232000,83232000,0.999083,-0.03159213,0.009769587,-0.027364165,0.0,0.0,0.0,0.0,0,53.256
83252000,83252000,0.9991963,-0.027973343,0.008841865,-0.027481342,0.0,0.0,0.0,0.0,0,53.276
83272000,83272000,0.9992931,-0.02444587,0.007925527,-0.027603853,0.0,0.0,0.0,0.0,0,53.296
83292000,83292000,0.9993744,-0.021017073,0.007017298,-0.027730886,0.0,0.0,0.0,0.0,0,53.316
83312000,83312000,0.9994411,-0.017687028,0.0061190804,-0.027861994,0.0,0.0,0.0,0.0,0,53.336
83332000,83332000,0.99949425,-0.014460625,0.005235014,-0.027996385,0.0,0.0,0.0,0.0,0,53.356
83352000,83352000,0.99953485,-0.011342752,0.004367591,-0.028133398,0.0,0.0,0.0,0.0,0,53.376
83372000,83372000,0.9995639,-0.008338031,0.0035116025,-0.028272208,0.0,0.0,0.0,0.0,0,53.396
83392000,83392000,0.99958247,-0.0054442235,0.00266891,-0.02841216,0.0,0.0,0.0,0.0,0,53.416
83412000,83412000,0.99959165,-0.0026547997,0.00184214,-0.02855256,0.0,0.0,0.0,0.0,0,53.436
83432000,83432000,0.9995923,3.189126e-05,0.0010302407,-0.028692773,0.0,0.0,0.0,0.0,0,53.456
83452000,83452000,0.9995854,0.002611388,0.00023449722,-0.028832028,0.0,0.0,0.0,0.0,0,53.476
83472000,83472000,0.9995718,0.0050821407,-0.00054192665,-0.028969504,0.0,0.0,0.0,0.0,0,53.496
83492000,83492000,0.99955237,0.00744609,-0.0013040863,-0.029104479,0.0,0.0,0.0,0.0,0,53.516
83512000,83512000,0.9995279,0.009707439,-0.0020481572,-0.029236397,0.0,0.0,0.0,0.0,0,53.536
83532000,83532000,0.999499,0.011867232,-0.0027727732,-0.029364724,0.0,0.0,0.0,0.0,0,53.556
83552000,83552000,0.9994666,0.0139249135,-0.0034761787,-0.029488925,0.0,0.0,0.0,0.0,0,53.576
83572000,83572000,0.9994313,0.015882954,-0.00415614,-0.029608347,0.0,0.0,0.0,0.0,0,53.596
83592000,83592000,0.9993937,0.017743172,-0.004810988,-0.02972226,0.0,0.0,0.0,0.0,0,53.616
83612000,83612000,0.9993544,0.01950485,-0.0054410687,-0.029830305,0.0,0.0,0.0,0.0,0,53.636
83632000,83632000,0.999314,0.021168275,-0.0060526268,-0.029932214,0.0,0.0,0.0,0.0,0,53.656
83652000,83652000,0.99927294,0.022735465,-0.0066454397,-0.03002763,0.0,0.0,0.0,0.0,0,53.676
83672000,83672000,0.99923176,0.024208372,-0.00721246,-0.030115891,0.0,0.0,0.0,0.0,0,53.696
83692000,83692000,0.9991909,0.025584763,-0.0077563263,-0.03019697,0.0,0.0,0.0,0.0,0,53.716
83712000,83712000,0.9991509,0.026866652,-0.008278758,-0.030270698,0.0,0.0,0.0,0.0,0,53.736
83732000,83732000,0.99911183,0.028058825,-0.008778786,-0.030336922,0.0,0.0,0.0,0.0,0,53.756
83752000,83752000,0.99907404,0.029166505,-0.009251197,-0.030395253,0.0,0.0,0.0,0.0,0,53.776
83772000,83772000,0.99903786,0.030190432,-0.009694596,-0.030445933,0.0,0.0,0.0,0.0,0,53.796
83792000,83792000,0.99900365,0.0311286,-0.010111745,-0.030489154,0.0,0.0,0.0,0.0,0,53.816
83812000,83812000,0.99897146,0.031984847,-0.010505322,-0.030525025,0.0,0.0,0.0,0.0,0,53.836
83832000,83832000,0.9989415,0.03275945,-0.010875811,-0.030553568,0.0,0.0,0.0,0.0,0,53.856
83852000,83852000,0.9989139,0.033455253,-0.011229314,-0.030574583,0.0,0.0,0.0,0.0,0,53.876
83872000,83872000,0.9988885,0.03408039,-0.011565586,-0.030588008,0.0,0.0,0.0,0.0,0,53.896
83892000,83892000,0.9988654,0.034642376,-0.011871383,-0.030593362,0.0,0.0,0.0,0.0,0,53.916
83912000,83912000,0.9988445,0.03514774,-0.012147857,-0.03059084,0.0,0.0,0.0,0.0,0,53.936
83932000,83932000,0.9988261,0.0355895,-0.012398919,-0.030581234,0.0,0.0,0.0,0.0,0,53.956
83952000,83952000,0.99881035,0.035963025,-0.01262754,-0.0305651,0.0,0.0,0.0,0.0,0,53.976
83972000,83972000,0.9987971,0.036274895,-0.012834553,-0.030542808,0.0,0.0,0.0,0.0,0,53.996
83992000,83992000,0.9987865,0.036525436,-0.013014292,-0.030514358,0.0,0.0,0.0,0.0,0,54.016
84012000,84012000,0.9987787,0.036715206,-0.0131602315,-0.030480037,0.0,0.0,0.0,0.0,0,54.036
84032000,84032000,0.9987735,0.03684766,-0.013275441,-0.0304403,0.0,0.0,0.0,0.0,0,54.056
84052000,84052000,0.99877083,0.036924552,-0.013365101,-0.030395692,0.0,0.0,0.0,0.0,0,54.076
84072000,84072000,0.99877036,0.03695221,-0.013432998,-0.030346736,0.0,0.0,0.0,0.0,0,54.096
84092000,84092000,0.9987718,0.03693789,-0.013486621,-0.030294303,0.0,0.0,0.0,0.0,0,54.116
84112000,84112000,0.9987751,0.036878373,-0.0135249095,-0.030238558,0.0,0.0,0.0,0.0,0,54.136
84132000,84132000,0.9987804,0.036776464,-0.013545371,-0.030179964,0.0,0.0,0.0,0.0,0,54.156
84152000,84152000,0.9987873,0.036640216,-0.013542439,-0.030118434,0.0,0.0,0.0,0.0,0,54.176
84172000,84172000,0.9987959,0.036465496,-0.013522401,-0.030054491,0.0,0.0,0.0,0.0,0,54.196
84192000,84192000,0.9988062,0.036248814,-0.0134900715,-0.029988931,0.0,0.0,0.0,0.0,0,54.216
84212000,84212000,0.9988181,0.03599165,-0.013448166,-0.029921783,0.0,0.0,0.0,0.0,0,54.236
84232000,84232000,0.9988312,0.035704173,-0.013392261,-0.029853301,0.0,0.0,0.0,0.0,0,54.256
84252000,84252000,0.99884534,0.035392676,-0.013316178,-0.029783769,0.0,0.0,0.0,0.0,0,54.276
84272000,84272000,0.9988606,0.035056636,-0.013219274,-0.02971359,0.0,0.0,0.0,0.0,0,54.296
84292000,84292000,0.9988765,0.034701455,-0.0131096365,-0.029643442,0.0,0.0,0.0,0.0,0,54.316
84312000,84312000,0.99889296,0.034329657,-0.012991291,-0.029573657,0.0,0.0,0.0,0.0,0,54.336
84332000,84332000,0.9989101,0.03393664,-0.0128615955,-0.029504744,0.0,0.0,0.0,0.0,0,54.356
84352000,84352000,0.9989282,0.033516012,-0.012715035,-0.029437205,0.0,0.0,0.0,0.0,0,54.376
84372000,84372000,0.99894696,0.033070836,-0.012557045,-0.029371683,0.0,0.0,0.0,0.0,0,54.396
84392000,84392000,0.9989663,0.032604188,-0.0123889875,-0.029308192,0.0,0.0,0.0,0.0,0,54.416
84412000,84412000,0.998986,0.03211768,-0.012213067,-0.029247297,0.0,0.0,0.0,0.0,0,54.436
84432000,84432000,0.9990059,0.031614233,-0.012035042,-0.029189538,0.0,0.0,0.0,0.0,0,54.456
84452000,84452000,0.9990259,0.031098386,-0.011848819,-0.029134959,0.0,0.0,0.0,0.0,0,54.476
84472000,84472000,0.9990461,0.030569889,-0.011646691,-0.029083334,0.0,0.0,0.0,0.0,0,54.496
84492000,84492000,0.9990665,0.030030252,-0.011424731,-0.029034542,0.0,0.0,0.0,0.0,0,54.516
84512000,84512000,0.99908674,0.02948298,-0.011189977,-0.028989045,0.0,0.0,0.0,0.0,0,54.536
84532000,84532000,0.9991067,0.028925294,-0.010966683,-0.028947666,0.0,0.0,0.0,0.0,0,54.556
84552000,84552000,0.99912626,0.02836193,-0.01074939,-0.028910587,0.0,0.0,0.0,0.0,0,54.576
84572000,84572000,0.9991454,0.027798783,-0.010530338,-0.028877523,0.0,0.0,0.0,0.0,0,54.596
84592000,84592000,0.99916416,0.02723261,-0.010309688,-0.028848084,0.0,0.0,0.0,0.0,0,54.616
84612000,84612000,0.99918264,0.026655814,-0.010091628,-0.028822238,0.0,0.0,0.0,0.0,0,54.636
84632000,84632000,0.99920094,0.026071886,-0.009872506,-0.028799765,0.0,0.0,0.0,0.0,0,54.656
84652000,84652000,0.9992188,0.02548686,-0.0096407095,-0.028780295,0.0,0.0,0.0,0.0,0,54.676
84672000,84672000,0.9992364,0.024901047,-0.009397999,-0.02876358,0.0,0.0,0.0,0.0,0,54.696
84692000,84692000,0.9992534,0.02431912,-0.009154293,-0.028750055,0.0,0.0,0.0,0.0,0,54.716
84712000,84712000,0.9992698,0.023740614,-0.008912314,-0.028739978,0.0,0.0,0.0,0.0,0,54.736
84732000,84732000,0.99928564,0.02316216,-0.008670187,-0.02873331,0.0,0.0,0.0,0.0,0,54.756
84752000,84752000,0.99930114,0.022581689,-0.00842759,-0.02873029,0.0,0.0,0.0,0.0,0,54.776
84772000,84772000,0.9993163,0.02199442,-0.008180345,-0.028730981,0.0,0.0,0.0,0.0,0,54.796
84792000,84792000,0.9993311,0.02139872,-0.007928383,-0.028735189,0.0,0.0,0.0,0.0,0,54.816
84812000,84812000,0.9993455,0.020799134,-0.007676872,-0.02874249,0.0,0.0,0.0,0.0,0,54.836
84832000,84832000,0.9993593,0.020203646,-0.0074259858,-0.028752476,0.0,0.0,0.0,0.0,0,54.856
84852000,84852000,0.99937254,0.01961628,-0.0071733585,-0.028764851,0.0,0.0,0.0,0.0,0,54.876
84872000,84872000,0.9993851,0.019036891,-0.006911332,-0.028779615,0.0,0.0,0.0,0.0,0,54.896
84892000,84892000,0.9993973,0.018466057,-0.0066343183,-0.02879635,0.0,0.0,0.0,0.0,0,54.916
84912000,84912000,0.9994086,0.017909605,-0.0063601965,-0.028814891,0.0,0.0,0.0,0.0,0,54.936
84932000,84932000,0.99941957,0.017353559,-0.006086758,-0.028835315,0.0,0.0,0.0,0.0,0,54.956
84952000,84952000,0.99943,0.016796099,-0.005819545,-0.02885813,0.0,0.0,0.0,0.0,0,54.976
84972000,84972000,0.99944,0.016238928,-0.005556705,-0.028883196,0.0,0.0,0.0,0.0,0,54.996
84992000,84992000,0.99944943,0.015688857,-0.005295322,-0.028910274,0.0,0.0,0.0,0.0,0,55.016
85012000,85012000,0.99945825,0.015149892,-0.005031453,-0.028939081,0.0,0.0,0.0,0.0,0,55.036
85032000,85032000,0.99946654,0.014623713,-0.004762605,-0.028969444,0.0,0.0,0.0,0.0,0,55.056
85052000,85052000,0.9994743,0.0141071305,-0.004489872,-0.029001124,0.0,0.0,0.0,0.0,0,55.076
85072000,85072000,0.9994816,0.013597233,-0.0042159217,-0.029033964,0.0,0.0,0.0,0.0,0,55.096
85092000,85092000,0.99948853,0.013087174,-0.003945735,-0.02906779,0.0,0.0,0.0,0.0,0,55.116
85112000,85112000,0.9994951,0.012573896,-0.0036847892,-0.02910258,0.0,0.0,0.0,0.0,0,55.136
85132000,85132000,0.9995013,0.012064678,-0.003425034,-0.029138178,0.0,0.0,0.0,0.0,0,55.156
85152000,85152000,0.99950695,0.011566379,-0.0031668937,-0.029174428,0.0,0.0,0.0,0.0,0,55.176
85172000,85172000,0.99951214,0.011081977,-0.0029133086,-0.029211339,0.0,0.0,0.0,0.0,0,55.196
85192000,85192000,0.9995167,0.010619017,-0.0026687987,-0.029248904,0.0,0.0,0.0,0.0,0,55.216
85212000,85212000,0.99952084,0.0101759825,-0.0024342784,-0.02928737,0.0,0.0,0.0,0.0,0,55.236
85232000,85232000,0.9995245,0.009747944,-0.0022039432,-0.029326823,0.0,0.0,0.0,0.0,0,55.256
85252000,85252000,0.99952775,0.009328458,-0.0019729717,-0.029366722,0.0,0.0,0.0,0.0,0,55.276
85272000,85272000,0.9995308,0.008915355,-0.0017557389,-0.029406656,0.0,0.0,0.0,0.0,0,55.296
85292000,85292000,0.9995335,0.0085105,-0.0015494524,-0.029446412,0.0,0.0,0.0,0.0,0,55.316
85312000,85312000,0.9995359,0.0081131095,-0.001344557,-0.029485907,0.0,0.0,0.0,0.0,0,55.336
85332000,85332000,0.9995381,0.0077223256,-0.0011350746,-0.029525125,0.0,0.0,0.0,0.0,0,55.356
85352000,85352000,0.99954003,0.007340277,-0.00092698843,-0.029564386,0.0,0.0,0.0,0.0,0,55.376
85372000,85372000,0.9995417,0.0069711036,-0.00072532584,-0.02960346,0.0,0.0,0.0,0.0,0,55.396
85392000,85392000,0.9995431,0.0066185407,-0.0005191885,-0.02964185,0.0,0.0,0.0,0.0,0,55.416
85412000,85412000,0.9995442,0.0062823743,-0.00031675503,-0.029679481,0.0,0.0,0.0,0.0,0,55.436
85432000,85432000,0.9995451,0.0059653814,-0.00012389793,-0.029716114,0.0,0.0,0.0,0.0,0,55.456
85452000,85452000,0.9995458,0.0056676343,6.0405306e-05,-0.0297514,0.0,0.0,0.0,0.0,0,55.476
85472000,85472000,0.99954635,0.0053859227,0.00023903469,-0.029785303,0.0,0.0,0.0,0.0,0,55.496
85492000,85492000,0.9995467,0.005122923,0.00040944119,-0.029817995,0.0,0.0,0.0,0.0,0,55.516
85512000,85512000,0.9995469,0.0048746457,0.00057030615,-0.029849654,0.0,0.0,0.0,0.0,0,55.536
85532000,85532000,0.99954706,0.00462735,0.00072683225,-0.029880354,0.0,0.0,0.0,0.0,0,55.556
85552000,85552000,0.9995472,0.0043782676,0.00088804524,-0.029909948,0.0,0.0,0.0,0.0,0,55.576
85572000,85572000,0.99954724,0.0041299765,0.0010396484,-0.029937811,0.0,0.0,0.0,0.0,0,55.596
85592000,85592000,0.99954724,0.0038893675,0.0011829749,-0.029964278,0.0,0.0,0.0,0.0,0,55.616
85612000,85612000,0.9995472,0.0036599224,0.0013297616,-0.029989058,0.0,0.0,0.0,0.0,0,55.636
85632000,85632000,0.9995471,0.0034346797,0.0014661913,-0.030012034,0.0,0.0,0.0,0.0,0,55.656
85652000,85652000,0.999547,0.0032119208,0.0015941146,-0.030033158,0.0,0.0,0.0,0.0,0,55.676
85672000,85672000,0.9995469,0.0029979518,0.0017248439,-0.030052368,0.0,0.0,0.0,0.0,0,55.696
85692000,85692000,0.9995467,0.0027953454,0.0018573974,-0.030069467,0.0,0.0,0.0,0.0,0,55.716
85712000,85712000,0.9995465,0.002608648,0.001983538,-0.03008446,0.0,0.0,0.0,0.0,0,55.736
85732000,85732000,0.99954635,0.0024398125,0.0020997103,-0.030097293,0.0,0.0,0.0,0.0,0,55.756
85752000,85752000,0.9995462,0.0022787738,0.002215659,-0.030108048,0.0,0.0,0.0,0.0,0,55.776
85772000,85772000,0.99954593,0.0021226539,0.002333988,-0.030116906,0.0,0.0,0.0,0.0,0,55.796
85792000,85792000,0.99954575,0.0019736702,0.0024519423,-0.030124214,0.0,0.0,0.0,0.0,0,55.816
85812000,85812000,0.9995456,0.0018363631,0.0025644223,-0.030130258,0.0,0.0,0.0,0.0,0,55.836
85832000,85832000,0.9995454,0.0017101035,0.002671849,-0.030134667,0.0,0.0,0.0,0.0,0,55.856
85852000,85852000,0.9995452,0.0015887485,0.0027804878,-0.030137232,0.0,0.0,0.0,0.0,0,55.876
85872000,85872000,0.99954504,0.0014711035,0.0028909869,-0.03013831,0.0,0.0,0.0,0.0,0,55.896
85892000,85892000,0.9995449,0.0013567402,0.0029900658,-0.030138563,0.0,0.0,0.0,0.0,0,55.916
85912000,85912000,0.9995448,0.0012441985,0.00307948,-0.030137457,0.0,0.0,0.0,0.0,0,55.936
85932000,85932000,0.99954474,0.001135011,0.0031652371,-0.030134724,0.0,0.0,0.0,0.0,0,55.956
85952000,85952000,0.9995447,0.0010315416,0.0032539077,-0.03013067,0.0,0.0,0.0,0.0,0,55.976
85972000,85972000,0.9995447,0.00093880587,0.0033394545,-0.0301254,0.0,0.0,0.0,0.0,0,55.996
85992000,85992000,0.9995446,0.00085554126,0.003421377,-0.030119108,0.0,0.0,0.0,0.0,0,56.016
86012000,86012000,0.9995446,0.00078148895,0.0034988904,-0.030112214,0.0,0.0,0.0,0.0,0,56.036
86032000,86032000,0.9995446,0.0007086551,0.0035800275,-0.030104756,0.0,0.0,0.0,0.0,0,56.056
86052000,86052000,0.9995446,0.0006317425,0.003669985,-0.030096948,0.0,0.0,0.0,0.0,0,56.076
86072000,86072000,0.99954456,0.00055363314,0.0037655358,-0.030088868,0.0,0.0,0.0,0.0,0,56.096
86092000,86092000,0.99954444,0.00048054015,0.0038597696,-0.030080495,0.0,0.0,0.0,0.0,0,56.116
86112000,86112000,0.9995444,0.0004109044,0.0039542373,-0.030072067,0.0,0.0,0.0,0.0,0,56.136
86132000,86132000,0.99954426,0.00034325867,0.0040502185,-0.03006368,0.0,0.0,0.0,0.0,0,56.156
86152000,86152000,0.99954414,0.0002778021,0.00414697,-0.030055478,0.0,0.0,0.0,0.0,0,56.176
86172000,86172000,0.999544,0.00020436164,0.0042354073,-0.030047767,0.0,0.0,0.0,0.0,0,56.196
86192000,86192000,0.99954396,0.00013196775,0.0043040123,-0.03004045,0.0,0.0,0.0,0.0,0,56.216
86212000,86212000,0.99954396,6.4501546e-05,0.004361207,-0.030033253,0.0,0.0,0.0,0.0,0,56.236
86232000,86232000,0.9995439,-1.4067601e-06,0.00441571,-0.030026115,0.0,0.0,0.0,0.0,0,56.256
86252000,86252000,0.9995439,-6.6408735e-05,0.0044701146,-0.030019026,0.0,0.0,0.0,0.0,0,56.276
86272000,86272000,0.99954385,-0.00012962605,0.004524389,-0.030012198,0.0,0.0,0.0,0.0,0,56.296
86292000,86292000,0.9995438,-0.000184226,0.0045714183,-0.030006029,0.0,0.0,0.0,0.0,0,56.316
86312000,86312000,0.9995438,-0.00022928513,0.004610346,-0.030000307,0.0,0.0,0.0,0.0,0,56.336
86332000,86332000,0.9995438,-0.0002695814,0.004637464,-0.02999555,0.0,0.0,0.0,0.0,0,56.356
86352000,86352000,0.99954385,-0.00030728633,0.0046532927,-0.029991094,0.0,0.0,0.0,0.0,0,56.376
86372000,86372000,0.99954385,-0.00034137155,0.004668991,-0.029987251,0.0,0.0,0.0,0.0,0,56.396
86392000,86392000,0.99954385,-0.00036769055,0.0046840655,-0.029984694,0.0,0.0,0.0,0.0,0,56.416
86412000,86412000,0.9995439,-0.00038962803,0.004678699,-0.029983725,0.0,0.0,0.0,0.0,0,56.436
86432000,86432000,0.999544,-0.00040394714,0.004652598,-0.02998407,0.0,0.0,0.0,0.0,0,56.456
86452000,86452000,0.9995441,-0.00040316908,0.004629631,-0.02998573,0.0,0.0,0.0,0.0,0,56.476
86472000,86472000,0.99954414,-0.00039030262,0.004600369,-0.029989174,0.0,0.0,0.0,0.0,0,56.496
86492000,86492000,0.9995442,-0.00037510306,0.004557346,-0.029993925,0.0,0.0,0.0,0.0,0,56.516
86512000,86512000,0.9995442,-0.0003525591,0.0045092492,-0.029999882,0.0,0.0,0.0,0.0,0,56.536
86532000,86532000,0.9995443,-0.00032384257,0.004446371,-0.030006494,0.0,0.0,0.0,0.0,0,56.556
86552000,86552000,0.9995444,-0.0002851461,0.004383697,-0.030013986,0.0,0.0,0.0,0.0,0,56.576
86572000,86572000,0.9995444,-0.00023988003,0.004322357,-0.030022506,0.0,0.0,0.0,0.0,0,56.596
86592000,86592000,0.99954444,-0.00020063823,0.004247667,-0.030032078,0.0,0.0,0.0,0.0,0,56.616
86612000,86612000,0.9995445,-0.0001583934,0.004164677,-0.03004249,0.0,0.0,0.0,0.0,0,56.636
86632000,86632000,0.9995445,-0.0001070704,0.0040845154,-0.030053556,0.0,0.0,0.0,0.0,0,56.656
86652000,86652000,0.99954444,-5.2731142e-05,0.0040030377,-0.0300655,0.0,0.0,0.0,0.0,0,56.676
86672000,86672000,0.99954444,-6.6635853e-06,0.003909484,-0.030078134,0.0,0.0,0.0,0.0,0,56.696
86692000,86692000,0.99954444,4.4869365e-05,0.0038126872,-0.030091878,0.0,0.0,0.0,0.0,0,56.716
86712000,86712000,0.9995443,0.000108258406,0.0037189815,-0.030106481,0.0,0.0,0.0,0.0,0,56.736
86732000,86732000,0.9995442,0.0001678715,0.0036164606,-0.030122126,0.0,0.0,0.0,0.0,0,56.756
86752000,86752000,0.9995441,0.00023029858,0.0035114712,-0.030138707,0.0,0.0,0.0,0.0,0,56.776
86772000,86772000,0.9995439,0.0003022993,0.0034105272,-0.03015586,0.0,0.0,0.0,0.0,0,56.796
86792000,86792000,0.99954367,0.00037972027,0.0033073188,-0.030173535,0.0,0.0,0.0,0.0,0,56.816
86812000,86812000,0.9995435,0.0004640536,0.0031970583,-0.030191593,0.0,0.0,0.0,0.0,0,56.836
86832000,86832000,0.99954325,0.00055471284,0.0030843685,-0.030209806,0.0,0.0,0.0,0.0,0,56.856
86852000,86852000,0.99954295,0.0006516405,0.0029626691,-0.030228658,0.0,0.0,0.0,0.0,0,56.876
86872000,86872000,0.99954265,0.0007544527,0.0028332155,-0.030248445,0.0,0.0,0.0,0.0,0,56.896
86892000,86892000,0.9995423,0.0008695087,0.0027102556,-0.030268846,0.0,0.0,0.0,0.0,0,56.916
86912000,86912000,0.9995419,0.0009928305,0.0025893704,-0.030289382,0.0,0.0,0.0,0.0,0,56.936
86932000,86932000,0.9995414,0.0011208648,0.0024669024,-0.030309903,0.0,0.0,0.0,0.0,0,56.956
86952000,86952000,0.999541,0.0012520441,0.002341169,-0.030330347,0.0,0.0,0.0,0.0,0,56.976
86972000,86972000,0.99954045,0.001384384,0.002210244,-0.030350866,0.0,0.0,0.0,0.0,0,56.996
86992000,86992000,0.9995399,0.0015121417,0.002075326,-0.0303718,0.0,0.0,0.0,0.0,0,57.016
87012000,87012000,0.9995394,0.001629675,0.0019452333,-0.030393181,0.0,0.0,0.0,0.0,0,57.036
87032000,87032000,0.9995387,0.0017397966,0.0018185357,-0.030414838,0.0,0.0,0.0,0.0,0,57.056
87052000,87052000,0.9995381,0.001843041,0.0016946947,-0.030436715,0.0,0.0,0.0,0.0,0,57.076
87072000,87072000,0.99953747,0.0019371527,0.001562956,-0.030459039,0.0,0.0,0.0,0.0,0,57.096
87092000,87092000,0.9995368,0.0020212757,0.0014244741,-0.030481404,0.0,0.0,0.0,0.0,0,57.116
87112000,87112000,0.9995362,0.0020881516,0.0012944023,-0.030503556,0.0,0.0,0.0,0.0,0,57.136
87132000,87132000,0.99953556,0.00214731,0.0011657608,-0.0305256,0.0,0.0,0.0,0.0,0,57.156
87152000,87152000,0.9995349,0.0021984202,0.0010403065,-0.030547943,0.0,0.0,0.0,0.0,0,57.176
87172000,87172000,0.99953425,0.002241176,0.00091885997,-0.030570382,0.0,0.0,0.0,0.0,0,57.196
87192000,87192000,0.99953353,0.0022804623,0.0007963924,-0.030592902,0.0,0.0,0.0,0.0,0,57.216
87212000,87212000,0.9995329,0.0023113026,0.0006781842,-0.030615928,0.0,0.0,0.0,0.0,0,57.236
87232000,87232000,0.99953216,0.002332287,0.0005700993,-0.030639106,0.0,0.0,0.0,0.0,0,57.256
87252000,87252000,0.9995315,0.0023500884,0.00046418048,-0.03066223,0.0,0.0,0.0,0.0,0,57.276
87272000,87272000,0.9995308,0.0023659992,0.00035592236,-0.03068536,0.0,0.0,0.0,0.0,0,57.296
87292000,87292000,0.9995301,0.0023752516,0.00024973435,-0.030708935,0.0,0.0,0.0,0.0,0,57.316
87312000,87312000,0.99952936,0.0023727946,0.00015310933,-0.030732969,0.0,0.0,0.0,0.0,0,57.336
87332000,87332000,0.99952865,0.002362043,6.135329e-05,-0.030757116,0.0,0.0,0.0,0.0,0,57.356
87352000,87352000,0.99952793,0.002342975,-2.5144916e-05,-0.030781673,0.0,0.0,0.0,0.0,0,57.376
87372000,87372000,0.9995272,0.0023131892,-0.00010381706,-0.030806534,0.0,0.0,0.0,0.0,0,57.396
87392000,87392000,0.99952656,0.002276375,-0.00018053834,-0.030831398,0.0,0.0,0.0,0.0,0,57.416
87412000,87412000,0.99952585,0.0022372308,-0.0002605418,-0.030856237,0.0,0.0,0.0,0.0,0,57.436
87432000,87432000,0.9995251,0.0021910863,-0.0003392644,-0.030881438,0.0,0.0,0.0,0.0,0,57.456
87452000,87452000,0.9995245,0.0021365988,-0.00041514268,-0.030906705,0.0,0.0,0.0,0.0,0,57.476
87472000,87472000,0.99952376,0.0020767176,-0.0004961614,-0.03093165,0.0,0.0,0.0,0.0,0,57.496
87492000,87492000,0.9995231,0.002012994,-0.0005810872,-0.030956589,0.0,0.0,0.0,0.0,0,57.516
87512000,87512000,0.9995224,0.0019441553,-0.0006624733,-0.030981576,0.0,0.0,0.0,0.0,0,57.536
87532000,87532000,0.99952173,0.0018725124,-0.0007459636,-0.031006416,0.0,0.0,0.0,0.0,0,57.556
87552000,87552000,0.999521,0.0017984672,-0.00083339674,-0.03103131,0.0,0.0,0.0,0.0,0,57.576
87572000,87572000,0.9995203,0.0017180425,-0.00091929367,-0.031056292,0.0,0.0,0.0,0.0,0,57.596
87592000,87592000,0.9995196,0.0016349509,-0.0010024427,-0.03108074,0.0,0.0,0.0,0.0,0,57.616
87612000,87612000,0.99951893,0.0015455016,-0.0010702291,-0.03110436,0.0,0.0,0.0,0.0,0,57.636
87632000,87632000,0.9995183,0.001445784,-0.001137216,-0.031127466,0.0,0.0,0.0,0.0,0,57.656
87652000,87652000,0.9995176,0.0013407978,-0.0012078253,-0.031150348,0.0,0.0,0.0,0.0,0,57.676
87672000,87672000,0.999517,0.0012297477,-0.0012795186,-0.031172568,0.0,0.0,0.0,0.0,0,57.696
87692000,87692000,0.99951637,0.0011069896,-0.001345526,-0.031194214,0.0,0.0,0.0,0.0,0,57.716
87712000,87712000,0.9995158,0.0009772087,-0.0014111019,-0.03121557,0.0,0.0,0.0,0.0,0,57.736
87732000,87732000,0.9995151,0.0008417142,-0.001477266,-0.031236438,0.0,0.0,0.0,0.0,0,57.756
87752000,87752000,0.9995145,0.0006950354,-0.0015385109,-0.031256605,0.0,0.0,0.0,0.0,0,57.776
87772000,87772000,0.9995139,0.0005394449,-0.0015968935,-0.031276446,0.0,0.0,0.0,0.0,0,57.796
87792000,87792000,0.99951327,0.00037982402,-0.0016559935,-0.031295933,0.0,0.0,0.0,0.0,0,57.816
87812000,87812000,0.9995126,0.00022171183,-0.0017175742,-0.031314928,0.0,0.0,0.0,0.0,0,57.836
87832000,87832000,0.99951196,7.411131e-05,-0.0017734898,-0.031333547,0.0,0.0,0.0,0.0,0,57.856
87852000,87852000,0.9995113,-5.6906054e-05,-0.0018165074,-0.03135174,0.0,0.0,0.0,0.0,0,57.876
87872000,87872000,0.99951065,-0.00017626445,-0.0018614408,-0.031369496,0.0,0.0,0.0,0.0,0,57.896
87892000,87892000,0.99951,-0.00028760952,-0.0019069561,-0.031386614,0.0,0.0,0.0,0.0,0,57.916
87912000,87912000,0.9995094,-0.0003878204,-0.0019472359,-0.03140311,0.0,0.0,0.0,0.0,0,57.936
87932000,87932000,0.99950874,-0.00048176385,-0.0019854056,-0.031419083,0.0,0.0,0.0,0.0,0,57.956
87952000,87952000,0.9995082,-0.00056478113,-0.0020164677,-0.031434167,0.0,0.0,0.0,0.0,0,57.976
87972000,87972000,0.99950767,-0.0006331954,-0.0020365613,-0.031448353,0.0,0.0,0.0,0.0,0,57.996
87992000,87992000,0.9995071,-0.0006918355,-0.002050049,-0.031462092,0.0,0.0,0.0,0.0,0,58.016
88012000,88012000,0.99950665,-0.0007464647,-0.002062161,-0.031475604,0.0,0.0,0.0,0.0,0,58.036
88032000,88032000,0.9995062,-0.00079771713,-0.0020733934,-0.03148856,0.0,0.0,0.0,0.0,0,58.056
88052000,88052000,0.99950576,-0.000838266,-0.0020767408,-0.03150065,0.0,0.0,0.0,0.0,0,58.076
88072000,88072000,0.9995054,-0.0008659892,-0.0020661855,-0.031512093,0.0,0.0,0.0,0.0,0,58.096
88092000,88092000,0.9995051,-0.0008852676,-0.0020355226,-0.031522643,0.0,0.0,0.0,0.0,0,58.116
88112000,88112000,0.9995049,-0.00089972734,-0.0019945484,-0.031531643,0.0,0.0,0.0,0.0,0,58.136
88132000,88132000,0.99950475,-0.0009146655,-0.0019488726,-0.031539023,0.0,0.0,0.0,0.0,0,58.156
88152000,88152000,0.9995046,-0.00093228265,-0.0019011003,-0.031544738,0.0,0.0,0.0,0.0,0,58.176
88172000,88172000,0.99950457,-0.00095496356,-0.0018508575,-0.03154918,0.0,0.0,0.0,0.0,0,58.196
88192000,88192000,0.99950457,-0.0009776078,-0.0017987038,-0.031552866,0.0,0.0,0.0,0.0,0,58.216
88212000,88212000,0.9995045,-0.0009935681,-0.0017461841,-0.031555578,0.0,0.0,0.0,0.0,0,58.236
88232000,88232000,0.99950457,-0.0009974313,-0.0017053431,-0.03155727,0.0,0.0,0.0,0.0,0,58.256
88252000,88252000,0.99950457,-0.001003113,-0.0016642947,-0.031557884,0.0,0.0,0.0,0.0,0,58.276
88272000,88272000,0.9995047,-0.0010191408,-0.0016128909,-0.031557735,0.0,0.0,0.0,0.0,0,58.296
88292000,88292000,0.99950475,-0.0010338088,-0.0015587694,-0.031556707,0.0,0.0,0.0,0.0,0,58.316
88312000,88312000,0.9995049,-0.0010371743,-0.0015109265,-0.031554796,0.0,0.0,0.0,0.0,0,58.336
88332000,88332000,0.99950504,-0.0010436143,-0.0014585158,-0.031551976,0.0,0.0,0.0,0.0,0,58.356
88352000,88352000,0.9995052,-0.0010488826,-0.0014050307,-0.031548887,0.0,0.0,0.0,0.0,0,58.376
88372000,88372000,0.9995054,-0.0010422674,-0.0013411598,-0.03154625,0.0,0.0,0.0,0.0,0,58.396
88392000,88392000,0.9995056,-0.0010315339,-0.001270874,-0.03154441,0.0,0.0,0.0,0.0,0,58.416
88412000,88412000,0.9995057,-0.001025996,-0.001214743,-0.031543165,0.0,0.0,0.0,0.0,0,58.436
88432000,88432000,0.99950576,-0.0010190096,-0.0011574291,-0.031542547,0.0,0.0,0.0,0.0,0,58.456
88452000,88452000,0.9995058,-0.0010112495,-0.001094071,-0.031542957,0.0,0.0,0.0,0.0,0,58.476
88472000,88472000,0.9995059,-0.0010125362,-0.0010371527,-0.031544227,0.0,0.0,0.0,0.0,0,58.496
88492000,88492000,0.9995059,-0.0010126018,-0.0009787155,-0.031546406,0.0,0.0,0.0,0.0,0,58.516
88512000,88512000,0.9995058,-0.0010040594,-0.00091233785,-0.031549133,0.0,0.0,0.0,0.0,0,58.536
88532000,88532000,0.9995058,-0.000991243,-0.0008425444,-0.031552054,0.0,0.0,0.0,0.0,0,58.556
88552000,88552000,0.9995058,-0.0009770843,-0.00077204756,-0.03155505,0.0,0.0,0.0,0.0,0,58.576
88572000,88572000,0.99950576,-0.0009626571,-0.0007020622,-0.031558067,0.0,0.0,0.0,0.0,0,58.596
88592000,88592000,0.99950576,-0.0009486393,-0.0006330902,-0.031561084,0.0,0.0,0.0,0.0,0,58.616
88612000,88612000,0.9995057,-0.0009351026,-0.00056534726,-0.03156409,0.0,0.0,0.0,0.0,0,58.636
88632000,88632000,0.99950564,-0.0009222579,-0.0004988974,-0.031567074,0.0,0.0,0.0,0.0,0,58.656
88652000,88652000,0.9995056,-0.00090998714,-0.00043375746,-0.031570043,0.0,0.0,0.0,0.0,0,58.676
88672000,88672000,0.9995055,-0.0008983945,-0.0003699113,-0.03157299,0.0,0.0,0.0,0.0,0,58.696
88692000,88692000,0.99950546,-0.0008869143,-0.00030778736,-0.031576037,0.0,0.0,0.0,0.0,0,58.716
88712000,88712000,0.9995054,-0.0008694436,-0.0002539394,-0.03157966,0.0,0.0,0.0,0.0,0,58.736
88732000,88732000,0.9995053,-0.00084180065,-0.00020612871,-0.03158376,0.0,0.0,0.0,0.0,0,58.756
88752000,88752000,0.99950516,-0.00080870604,-0.00015427728,-0.031588294,0.0,0.0,0.0,0.0,0,58.776
88772000,88772000,0.99950504,-0.00077292806,-0.000100665566,-0.03159296,0.0,0.0,0.0,0.0,0,58.796
88792000,88792000,0.9995049,-0.0007362085,-4.6926503e-05,-0.031597674,0.0,0.0,0.0,0.0,0,58.816
88812000,88812000,0.9995048,-0.00069922005,6.273503e-06,-0.031602405,0.0,0.0,0.0,0.0,0,58.836
88832000,88832000,0.9995047,-0.00066114904,5.733072e-05,-0.0316072,0.0,0.0,0.0,0.0,0,58.856
88852000,88852000,0.99950457,-0.00062208663,0.00010615649,-0.031612094,0.0,0.0,0.0,0.0,0,58.876
88872000,88872000,0.99950445,-0.00057661464,0.00014681072,-0.0316175,0.0,0.0,0.0,0.0,0,58.896
88892000,88892000,0.99950427,-0.0005276563,0.0001824313,-0.03162329,0.0,0.0,0.0,0.0,0,58.916
88912000,88912000,0.9995041,-0.00047759,0.00021552044,-0.031629387,0.0,0.0,0.0,0.0,0,58.936
88932000,88932000,0.9995039,-0.00042288782,0.00024235119,-0.03163583,0.0,0.0,0.0,0.0,0,58.956
88952000,88952000,0.9995037,-0.00036678268,0.00026638166,-0.031642932,0.0,0.0,0.0,0.0,0,58.976
88972000,88972000,0.99950343,-0.00030778637,0.0002860263,-0.03165098,0.0,0.0,0.0,0.0,0,58.996
88992000,88992000,0.9995032,-0.0002501722,0.0003016989,-0.03166018,0.0,0.0,0.0,0.0,0,59.016
89012000,89012000,0.99950284,-0.00019612981,0.0003124599,-0.03167053,0.0,0.0,0.0,0.0,0,59.036
89032000,89032000,0.9995025,-0.0001391882,0.0003309809,-0.031681422,0.0,0.0,0.0,0.0,0,59.056
89052000,89052000,0.9995022,-8.330161e-05,0.0003392897,-0.03169273,0.0,0.0,0.0,0.0,0,59.076
89072000,89072000,0.99950176,-2.729635e-05,0.00033835744,-0.03170495,0.0,0.0,0.0,0.0,0,59.096
89092000,89092000,0.99950135,2.4237232e-05,0.0003347304,-0.031718053,0.0,0.0,0.0,0.0,0,59.116
89112000,89112000,0.99950093,6.759316e-05,0.00033982037,-0.031731486,0.0,0.0,0.0,0.0,0,59.136
89132000,89132000,0.9995005,0.00010956518,0.00034095798,-0.03174497,0.0,0.0,0.0,0.0,0,59.156
89152000,89152000,0.99950004,0.0001507795,0.00032363614,-0.03175846,0.0,0.0,0.0,0.0,0,59.176
89172000,89172000,0.9994996,0.00019205039,0.00030737635,-0.03177181,0.0,0.0,0.0,0.0,0,59.196
89192000,89192000,0.9994992,0.00023379935,0.00029180365,-0.03178506,0.0,0.0,0.0,0.0,0,59.216
89212000,89212000,0.9994988,0.0002755586,0.00027534107,-0.03179822,0.0,0.0,0.0,0.0,0,59.236
89232000,89232000,0.99949837,0.00031723574,0.00025775994,-0.031811293,0.0,0.0,0.0,0.0,0,59.256
89252000,89252000,0.99949795,0.00035890605,0.00023878342,-0.031824335,0.0,0.0,0.0,0.0,0,59.276
89272000,89272000,0.99949753,0.00040301526,0.0002158567,-0.03183744,0.0,0.0,0.0,0.0,0,59.296
89292000,89292000,0.99949706,0.00044910103,0.00018934556,-0.031850565,0.0,0.0,0.0,0.0,0,59.316
89312000,89312000,0.99949664,0.0004962341,0.0001603075,-0.03186361,0.0,0.0,0.0,0.0,0,59.336
89332000,89332000,0.9994962,0.0005434341,0.0001296597,-0.03187657,0.0,0.0,0.0,0.0,0,59.356
89352000,89352000,0.9994958,0.0005904562,9.772494e-05,-0.031889446,0.0,0.0,0.0,0.0,0,59.376
89372000,89372000,0.9994953,0.00063726475,6.441692e-05,-0.03190223,0.0,0.0,0.0,0.0,0,59.396
89392000,89392000,0.9994949,0.0006837899,2.9860666e-05,-0.03191493,0.0,0.0,0.0,0.0,0,59.416
89412000,89412000,0.9994945,0.0007292598,-9.00804e-06,-0.0319277,0.0,0.0,0.0,0.0,0,59.436
89432000,89432000,0.999494,0.000767391,-6.6365596e-05,-0.03194097,0.0,0.0,0.0,0.0,0,59.456
89452000,89452000,0.99949354,0.0008046225,-0.00012942884,-0.03195482,0.0,0.0,0.0,0.0,0,59.476
89472000,89472000,0.99949306,0.0008365077,-0.00017884705,-0.031968776,0.0,0.0,0.0,0.0,0,59.496
89492000,89492000,0.9994926,0.0008570254,-0.00022948507,-0.03198245,0.0,0.0,0.0,0.0,0,59.516
89512000,89512000,0.9994921,0.0008772323,-0.00028157016,-0.03199598,0.0,0.0,0.0,0.0,0,59.536
89532000,89532000,0.99949163,0.00090648205,-0.00033410537,-0.032009207,0.0,0.0,0.0,0.0,0,59.556
89552000,89552000,0.9994912,0.00093654846,-0.000389059,-0.032022182,0.0,0.0,0.0,0.0,0,59.576
89572000,89572000,0.99949074,0.0009650084,-0.00044571154,-0.032035135,0.0,0.0,0.0,0.0,0,59.596
89592000,89592000,0.99949026,0.0009915386,-0.00050257926,-0.03204802,0.0,0.0,0.0,0.0,0,59.616
89612000,89612000,0.9994898,0.001017131,-0.0005604802,-0.032060828,0.0,0.0,0.0,0.0,0,59.636
89632000,89632000,0.9994893,0.0010418718,-0.0006195298,-0.032073546,0.0,0.0,0.0,0.0,0,59.656
89652000,89652000,0.9994889,0.0010658373,-0.0006797924,-0.032086182,0.0,0.0,0.0,0.0,0,59.676
89672000,89672000,0.9994884,0.001087356,-0.00074265985,-0.032098554,0.0,0.0,0.0,0.0,0,59.696
89692000,89692000,0.99948794,0.0011056511,-0.00080889167,-0.032110814,0.0,0.0,0.0,0.0,0,59.716
89712000,89712000,0.99948746,0.0011224278,-0.0008767102,-0.032122992,0.0,0.0,0.0,0.0,0,59.736
89732000,89732000,0.999487,0.0011381081,-0.0009457161,-0.032135054,0.0,0.0,0.0,0.0,0,59.756
89752000,89752000,0.99948657,0.001145752,-0.0010084342,-0.032146554,0.0,0.0,0.0,0.0,0,59.776
89772000,89772000,0.99948615,0.0011370177,-0.0010558954,-0.03215743,0.0,0.0,0.0,0.0,0,59.796
89792000,89792000,0.9994858,0.0011191289,-0.0010958707,-0.03216803,0.0,0.0,0.0,0.0,0,59.816
89812000,89812000,0.99948543,0.0010965487,-0.0011330948,-0.032178473,0.0,0.0,0.0,0.0,0,59.836
89832000,89832000,0.9994851,0.0010711381,-0.0011696026,-0.032188803,0.0,0.0,0.0,0.0,0,59.856
89852000,89852000,0.9994848,0.0010436873,-0.0012062296,-0.03219905,0.0,0.0,0.0,0.0,0,59.876
89872000,89872000,0.9994844,0.0010145209,-0.0012433492,-0.03220922,0.0,0.0,0.0,0.0,0,59.896
89892000,89892000,0.99948406,0.0009837386,-0.0012810729,-0.032219302,0.0,0.0,0.0,0.0,0,59.916
89912000,89912000,0.99948376,0.0009480081,-0.0013226061,-0.032228973,0.0,0.0,0.0,0.0,0,59.936
89932000,89932000,0.9994834,0.00090555876,-0.0013695296,-0.03223849,0.0,0.0,0.0,0.0,0,59.956
89952000,89952000,0.99948305,0.0008602776,-0.0014181723,-0.032247942,0.0,0.0,0.0,0.0,0,59.976
89972000,89972000,0.99948275,0.00081303803,-0.0014675652,-0.032257326,0.0,0.0,0.0,0.0,0,59.996
89992000,89992000,0.9994824,0.0007640534,-0.0015174682,-0.032266654,0.0,0.0,0.0,0.0,0,60.016
90012000,90012000,0.9994821,0.0007133612,-0.0015676757,-0.03227588,0.0,0.0,0.0,0.0,0,60.036
90032000,90032000,0.99948174,0.0006622514,-0.0016169382,-0.03228499,0.0,0.0,0.0,0.0,0,60.056
90052000,90052000,0.9994814,0.0006097543,-0.0016659867,-0.032294013,0.0,0.0,0.0,0.0,0,60.076
90072000,90072000,0.9994811,0.0005572413,-0.0017098536,-0.03230282,0.0,0.0,0.0,0.0,0,60.096
90092000,90092000,0.9994807,0.00050614297,-0.0017433746,-0.03231149,0.0,0.0,0.0,0.0,0,60.116
90112000,90112000,0.9994804,0.00045542532,-0.0017754734,-0.032320146,0.0,0.0,0.0,0.0,0,60.136
90132000,90132000,0.9994801,0.0004082116,-0.0018029715,-0.03232866,0.0,0.0,0.0,0.0,0,60.156
90152000,90152000,0.99947983,0.00036550275,-0.0018243614,-0.032337148,0.0,0.0,0.0,0.0,0,60.176
90172000,90172000,0.99947953,0.0003227717,-0.0018436619,-0.032345604,0.0,0.0,0.0,0.0,0,60.196
90192000,90192000,0.99947923,0.00027892203,-0.001862187,-0.03235392,0.0,0.0,0.0,0.0,0,60.216
90212000,90212000,0.999479,0.00024100766,-0.0018884544,-0.032361418,0.0,0.0,0.0,0.0,0,60.236
90232000,90232000,0.9994787,0.0002121425,-0.0019221758,-0.0323682,0.0,0.0,0.0,0.0,0,60.256
90252000,90252000,0.99947846,0.00018826488,-0.001937889,-0.032374974,0.0,0.0,0.0,0.0,0,60.276
90272000,90272000,0.9994782,0.00016829754,-0.0019491711,-0.032381725,0.0,0.0,0.0,0.0,0,60.296
90292000,90292000,0.999478,0.0001558008,-0.0019704746,-0.032388307,0.0,0.0,0.0,0.0,0,60.316
90312000,90312000,0.99947786,0.00016517918,-0.0018943839,-0.032395612,0.0,0.0,0.0,0.0,0,60.336
90332000,90332000,0.9994772,0.00086764345,0.0017980081,-0.032410495,0.0,0.0,0.0,0.0,0,60.356
90352000,90352000,0.9994151,0.002852555,0.010879569,-0.032435045,0.0,0.0,0.0,0.0,0,60.376
90372000,90372000,0.99923885,0.0056107584,0.021081556,-0.032479435,0.0,0.0,0.0,0.0,0,60.396
90392000,90392000,0.9989634,0.008614941,0.030785097,-0.032545518,0.0,0.0,0.0,0.0,0,60.416
90412000,90412000,0.99857694,0.011687896,0.04064599,-0.032627024,0.0,0.0,0.0,0.0,0,60.436
90432000,90432000,0.99808353,0.014748397,0.050496433,-0.032726064,0.0,0.0,0.0,0.0,0,60.456
90452000,90452000,0.9975182,0.017709333,0.05978225,-0.032848105,0.0,0.0,0.0,0.0,0,60.476
90472000,90472000,0.9969159,0.020516325,0.06825081,-0.032995794,0.0,0.0,0.0,0.0,0,60.496
90492000,90492000,0.9962933,0.0231386,0.0759828,-0.033166625,0.0,0.0,0.0,0.0,0,60.516
90512000,90512000,0.99566454,0.02554826,0.08304086,-0.033357278,0.0,0.0,0.0,0.0,0,60.536
90532000,90532000,0.99504584,0.027750282,0.089420296,-0.033567704,0.0,0.0,0.0,0.0,0,60.556
90552000,90552000,0.99444765,0.02975308,0.09516017,-0.033796743,0.0,0.0,0.0,0.0,0,60.576
90572000,90572000,0.9938765,0.03156037,0.100317776,-0.034041975,0.0,0.0,0.0,0.0,0,60.596
90592000,90592000,0.99333537,0.033188775,0.10495659,-0.034301456,0.0,0.0,0.0,0.0,0,60.616
90612000,90612000,0.9928278,0.034652025,0.10911463,-0.034573548,0.0,0.0,0.0,0.0,0,60.636
90632000,90632000,0.9923574,0.035960034,0.112817846,-0.03485681,0.0,0.0,0.0,0.0,0,60.656
90652000,90652000,0.9919183,0.03714316,0.11615518,-0.03514974,0.0,0.0,0.0,0.0,0,60.676
90672000,90672000,0.9914648,0.038296953,0.11951389,-0.03544697,0.0,0.0,0.0,0.0,0,60.696
90692000,90692000,0.9910041,0.03941863,0.12283377,-0.03574889,0.0,0.0,0.0,0.0,0,60.716
90712000,90712000,0.99060565,0.04040744,0.12560327,-0.036063977,0.0,0.0,0.0,0.0,0,60.736
90732000,90732000,0.9903149,0.04117455,0.12753743,-0.03639219,0.0,0.0,0.0,0.0,0,60.756
90752000,90752000,0.99013317,0.041698117,0.1286773,-0.036726635,0.0,0.0,0.0,0.0,0,60.776
90772000,90772000,0.9900463,0.04198976,0.12915394,-0.0370606,0.0,0.0,0.0,0.0,0,60.796
90792000,90792000,0.9900422,0.04207155,0.12906374,-0.037390098,0.0,0.0,0.0,0.0,0,60.816
90812000,90812000,0.99011135,0.041961066,0.12847432,-0.037712052,0.0,0.0,0.0,0.0,0,60.836
90832000,90832000,0.9902459,0.04167206,0.12743546,-0.038024124,0.0,0.0,0.0,0.0,0,60.856
90852000,90852000,0.9904376,0.04122472,0.12599249,-0.038324922,0.0,0.0,0.0,0.0,0,60.876
90872000,90872000,0.99067897,0.040635396,0.12418586,-0.038612835,0.0,0.0,0.0,0.0,0,60.896
90892000,90892000,0.990963,0.03992253,0.12204695,-0.038887177,0.0,0.0,0.0,0.0,0,60.916
90912000,90912000,0.9912847,0.0390922,0.11959549,-0.03914641,0.0,0.0,0.0,0.0,0,60.936
90932000,90932000,0.99163777,0.03815563,0.11686026,-0.039389398,0.0,0.0,0.0,0.0,0,60.956
90952000,90952000,0.9920157,0.037125036,0.1138697,-0.039615322,0.0,0.0,0.0,0.0,0,60.976
90972000,90972000,0.9924135,0.036002837,0.110645674,-0.03982281,0.0,0.0,0.0,0.0,0,60.996
90992000,90992000,0.9928257,0.03480046,0.10721131,-0.040011395,0.0,0.0,0.0,0.0,0,61.016
91012000,91012000,0.99324787,0.03352039,0.10358452,-0.04018011,0.0,0.0,0.0,0.0,0,61.036
91032000,91032000,0.9936751,0.032178305,0.09978481,-0.04032916,0.0,0.0,0.0,0.0,0,61.056
91052000,91052000,0.9941043,0.030768253,0.09582399,-0.04045727,0.0,0.0,0.0,0.0,0,61.076
91072000,91072000,0.9945307,0.029304987,0.091725364,-0.040564712,0.0,0.0,0.0,0.0,0,61.096
91092000,91092000,0.9949492,0.027796378,0.08752131,-0.04065121,0.0,0.0,0.0,0.0,0,61.116
91112000,91112000,0.9953578,0.026244575,0.08321842,-0.04071678,0.0,0.0,0.0,0.0,0,61.136
91132000,91132000,0.99575424,0.024658754,0.078822695,-0.040762432,0.0,0.0,0.0,0.0,0,61.156
91152000,91152000,0.9961352,0.023035614,0.0743611,-0.040787864,0.0,0.0,0.0,0.0,0,61.176
91172000,91172000,0.99649847,0.021398714,0.06984052,-0.040795486,0.0,0.0,0.0,0.0,0,61.196
91192000,91192000,0.99684227,0.019736484,0.06528145,-0.040784497,0.0,0.0,0.0,0.0,0,61.216
91212000,91212000,0.99716526,0.018058958,0.06069016,-0.040756255,0.0,0.0,0.0,0.0,0,61.236
91232000,91232000,0.9974664,0.016364291,0.056077596,-0.040711295,0.0,0.0,0.0,0.0,0,61.256
91252000,91252000,0.9977443,0.01465557,0.051460467,-0.040650323,0.0,0.0,0.0,0.0,0,61.276
91272000,91272000,0.99799794,0.01295168,0.046852335,-0.040574946,0.0,0.0,0.0,0.0,0,61.296
91292000,91292000,0.9982267,0.011242756,0.042273786,-0.04048586,0.0,0.0,0.0,0.0,0,61.316
91312000,91312000,0.9984306,0.00954483,0.037726503,-0.040385317,0.0,0.0,0.0,0.0,0,61.336
91332000,91332000,0.9986102,0.007840351,0.0332167,-0.040273607,0.0,0.0,0.0,0.0,0,61.356
91352000,91352000,0.9987652,0.006153104,0.028760673,-0.04015256,0.0,0.0,0.0,0.0,0,61.376
91372000,91372000,0.99889606,0.0044817524,0.024368549,-0.040023662,0.0,0.0,0.0,0.0,0,61.396
91392000,91392000,0.9990035,0.002826254,0.020049935,-0.039888058,0.0,0.0,0.0,0.0,0,61.416
91412000,91412000,0.9990887,0.0011863393,0.015798647,-0.039747126,0.0,0.0,0.0,0.0,0,61.436
91432000,91432000,0.99915224,-0.00043528242,0.011635305,-0.039602038,0.0,0.0,0.0,0.0,0,61.456
91452000,91452000,0.9991953,-0.0020253267,0.007562673,-0.039454196,0.0,0.0,0.0,0.0,0,61.476
91472000,91472000,0.99921894,-0.0035909647,0.003587793,-0.039304882,0.0,0.0,0.0,0.0,0,61.496
91492000,91492000,0.9992245,-0.0051245154,-0.0002908671,-0.03915565,0.0,0.0,0.0,0.0,0,61.516
91512000,91512000,0.99921316,-0.0066346233,-0.0040684063,-0.03900761,0.0,0.0,0.0,0.0,0,61.536
91532000,91532000,0.9991863,-0.00810575,-0.007740846,-0.038862195,0.0,0.0,0.0,0.0,0,61.556
91552000,91552000,0.99914515,-0.009545039,-0.011296477,-0.03872084,0.0,0.0,0.0,0.0,0,61.576
91572000,91572000,0.99909145,-0.010946894,-0.0147237815,-0.038584508,0.0,0.0,0.0,0.0,0,61.596
91592000,91592000,0.9990261,-0.012317795,-0.018041423,-0.038453847,0.0,0.0,0.0,0.0,0,61.616
91612000,91612000,0.99895096,-0.013643195,-0.021231774,-0.03833,0.0,0.0,0.0,0.0,0,61.636
91632000,91632000,0.9988671,-0.014918906,-0.02430529,-0.038213477,0.0,0.0,0.0,0.0,0,61.656
91652000,91652000,0.9987759,-0.016148463,-0.02725938,-0.03810505,0.0,0.0,0.0,0.0,0,61.676
91672000,91672000,0.9986787,-0.017327165,-0.03008876,-0.038004912,0.0,0.0,0.0,0.0,0,61.696
91692000,91692000,0.9985769,-0.0184601,-0.032788854,-0.037913956,0.0,0.0,0.0,0.0,0,61.716
91712000,91712000,0.99847096,-0.01954594,-0.035376567,-0.03783222,0.0,0.0,0.0,0.0,0,61.736
91732000,91732000,0.9983624,-0.020584956,-0.037841845,-0.037760254,0.0,0.0,0.0,0.0,0,61.756
91752000,91752000,0.99825245,-0.021573296,-0.040181685,-0.037698317,0.0,0.0,0.0,0.0,0,61.776
91772000,91772000,0.9981418,-0.022513887,-0.04240109,-0.03764667,0.0,0.0,0.0,0.0,0,61.796
91792000,91792000,0.99803126,-0.023403814,-0.044507194,-0.037604973,0.0,0.0,0.0,0.0,0,61.816
91812000,91812000,0.9979217,-0.024243178,-0.04649652,-0.037573364,0.0,0.0,0.0,0.0,0,61.836
91832000,91832000,0.9978142,-0.025032816,-0.04836473,-0.037551835,0.0,0.0,0.0,0.0,0,61.856
91852000,91852000,0.99770916,-0.025777103,-0.050118357,-0.03754041,0.0,0.0,0.0,0.0,0,61.876
91872000,91872000,0.99760747,-0.026467662,-0.051756773,-0.03753836,0.0,0.0,0.0,0.0,0,61.896
91892000,91892000,0.99750984,-0.027104167,-0.053281553,-0.037545167,0.0,0.0,0.0,0.0,0,61.916
91912000,91912000,0.9974168,-0.027687185,-0.054694667,-0.037560407,0.0,0.0,0.0,0.0,0,61.936
91932000,91932000,0.9973281,-0.02822239,-0.056006826,-0.037583433,0.0,0.0,0.0,0.0,0,61.956
91952000,91952000,0.9972451,-0.028713582,-0.057202015,-0.037614483,0.0,0.0,0.0,0.0,0,61.976
91972000,91972000,0.99716705,-0.029158926,-0.058300458,-0.037652776,0.0,0.0,0.0,0.0,0,61.996
91992000,91992000,0.99709404,-0.029553862,-0.059313495,-0.037696917,0.0,0.0,0.0,0.0,0,62.016
92012000,92012000,0.99702704,-0.029902363,-0.060225993,-0.03774691,0.0,0.0,0.0,0.0,0,62.036
92032000,92032000,0.99696714,-0.030205037,-0.061026365,-0.037802868,0.0,0.0,0.0,0.0,0,62.056
92052000,92052000,0.9969136,-0.030461004,-0.061732262,-0.03786363,0.0,0.0,0.0,0.0,0,62.076
92072000,92072000,0.99686605,-0.030674845,-0.06235156,-0.037928186,0.0,0.0,0.0,0.0,0,62.096
92092000,92092000,0.996824,-0.030848945,-0.06289341,-0.03799609,0.0,0.0,0.0,0.0,0,62.116
92112000,92112000,0.9967882,-0.030983971,-0.06335003,-0.038067177,0.0,0.0,0.0,0.0,0,62.136
92132000,92132000,0.9967586,-0.031076297,-0.06372626,-0.038140118,0.0,0.0,0.0,0.0,0,62.156
92152000,92152000,0.9967345,-0.031130228,-0.064031705,-0.038213942,0.0,0.0,0.0,0.0,0,62.176
92172000,92172000,0.9967168,-0.031140016,-0.06425734,-0.03828812,0.0,0.0,0.0,0.0,0,62.196
92192000,92192000,0.9967059,-0.031098716,-0.064403385,-0.0383614,0.0,0.0,0.0,0.0,0,62.216
92212000,92212000,0.99670094,-0.031015603,-0.064477034,-0.03843352,0.0,0.0,0.0,0.0,0,62.236
92232000,92232000,0.996701,-0.03090211,-0.06448794,-0.03850446,0.0,0.0,0.0,0.0,0,62.256
92252000,92252000,0.996706,-0.030761505,-0.06443623,-0.038573477,0.0,0.0,0.0,0.0,0,62.276
92272000,92272000,0.99671644,-0.030587194,-0.06431888,-0.038639266,0.0,0.0,0.0,0.0,0,62.296
92292000,92292000,0.9967319,-0.030373069,-0.064143576,-0.038701005,0.0,0.0,0.0,0.0,0,62.316
92312000,92312000,0.9967522,-0.030120011,-0.06391171,-0.038757853,0.0,0.0,0.0,0.0,0,62.336
92332000,92332000,0.99677765,-0.029830024,-0.063619174,-0.03880941,0.0,0.0,0.0,0.0,0,62.356
92352000,92352000,0.99680734,-0.029510332,-0.0632737,-0.038855683,0.0,0.0,0.0,0.0,0,62.376
92372000,92372000,0.99684095,-0.029166026,-0.062877655,-0.03889609,0.0,0.0,0.0,0.0,0,62.396
92392000,92392000,0.99687815,-0.028801814,-0.062433798,-0.03893061,0.0,0.0,0.0,0.0,0,62.416
92412000,92412000,0.99691844,-0.028419506,-0.061945193,-0.038959105,0.0,0.0,0.0,0.0,0,62.436
92432000,92432000,0.9969627,-0.028009716,-0.061402947,-0.038980857,0.0,0.0,0.0,0.0,0,62.456
92452000,92452000,0.99701023,-0.027573733,-0.060817692,-0.03899543,0.0,0.0,0.0,0.0,0,62.476
92472000,92472000,0.99706036,-0.02711599,-0.060193606,-0.0390025,0.0,0.0,0.0,0.0,0,62.496
92492000,92492000,0.99711317,-0.026639787,-0.059528336,-0.03900173,0.0,0.0,0.0,0.0,0,62.516
92512000,92512000,0.99716836,-0.026141379,-0.058826834,-0.03899271,0.0,0.0,0.0,0.0,0,62.536
92532000,92532000,0.9972249,-0.025628742,-0.058100555,-0.038975634,0.0,0.0,0.0,0.0,0,62.556
92552000,92552000,0.9972835,-0.0251059,-0.05733398,-0.03895075,0.0,0.0,0.0,0.0,0,62.576
92572000,92572000,0.9973441,-0.024561068,-0.056534275,-0.038917113,0.0,0.0,0.0,0.0,0,62.596
92592000,92592000,0.997406,-0.024000876,-0.05570435,-0.03887555,0.0,0.0,0.0,0.0,0,62.616
92612000,92612000,0.99746877,-0.02342475,-0.054854862,-0.03882535,0.0,0.0,0.0,0.0,0,62.636
92632000,92632000,0.99753267,-0.022829851,-0.05397836,-0.0387659,0.0,0.0,0.0,0.0,0,62.656
92652000,92652000,0.9975975,-0.022223055,-0.053074732,-0.03869803,0.0,0.0,0.0,0.0,0,62.676
92672000,92672000,0.9976628,-0.021614771,-0.05214521,-0.038622756,0.0,0.0,0.0,0.0,0,62.696
92692000,92692000,0.99772847,-0.020997696,-0.05119427,-0.038539335,0.0,0.0,0.0,0.0,0,62.716
92712000,92712000,0.9977938,-0.020370338,-0.050233897,-0.038447686,0.0,0.0,0.0,0.0,0,62.736
92732000,92732000,0.9978595,-0.019729352,-0.04925158,-0.038347725,0.0,0.0,0.0,0.0,0,62.756
92752000,92752000,0.9979256,-0.019083919,-0.04824069,-0.038240537,0.0,0.0,0.0,0.0,0,62.776
92772000,92772000,0.9979914,-0.01844126,-0.047207717,-0.038126815,0.0,0.0,0.0,0.0,0,62.796
92792000,92792000,0.9980563,-0.017791158,-0.046171512,-0.038005963,0.0,0.0,0.0,0.0,0,62.816
92812000,92812000,0.9981205,-0.01712447,-0.04512901,-0.03787779,0.0,0.0,0.0,0.0,0,62.836
92832000,92832000,0.99818414,-0.016446484,-0.044073697,-0.037743114,0.0,0.0,0.0,0.0,0,62.856
92852000,92852000,0.99824685,-0.015765809,-0.04300876,-0.03760279,0.0,0.0,0.0,0.0,0,62.876
92872000,92872000,0.9983082,-0.015091614,-0.04194113,-0.037457574,0.0,0.0,0.0,0.0,0,62.896
92892000,92892000,0.99836785,-0.014429737,-0.040873054,-0.037308324,0.0,0.0,0.0,0.0,0,62.916
92912000,92912000,0.9984261,-0.013773315,-0.03980349,-0.037155103,0.0,0.0,0.0,0.0,0,62.936
92932000,92932000,0.9984832,-0.013114785,-0.03872438,-0.03699803,0.0,0.0,0.0,0.0,0,62.956
92952000,92952000,0.99853855,-0.012459333,-0.037652507,-0.036837023,0.0,0.0,0.0,0.0,0,62.976
92972000,92972000,0.9985919,-0.0118123675,-0.036591664,-0.03667278,0.0,0.0,0.0,0.0,0,62.996
92992000,92992000,0.99864334,-0.011176988,-0.03553889,-0.03650565,0.0,0.0,0.0,0.0,0,63.016
93012000,93012000,0.9986932,-0.0105468035,-0.03448769,-0.036335696,0.0,0.0,0.0,0.0,0,63.036
93032000,93032000,0.9987413,-0.009921201,-0.033445127,-0.03616368,0.0,0.0,0.0,0.0,0,63.056
93052000,93052000,0.99878776,-0.009303689,-0.032406863,-0.03599031,0.0,0.0,0.0,0.0,0,63.076
93072000,93072000,0.9988324,-0.008690819,-0.03138029,-0.035815213,0.0,0.0,0.0,0.0,0,63.096
93092000,93092000,0.99887526,-0.0080873845,-0.030359844,-0.03563908,0.0,0.0,0.0,0.0,0,63.116
93112000,93112000,0.9989161,-0.007494628,-0.02935943,-0.035462666,0.0,0.0,0.0,0.0,0,63.136
93132000,93132000,0.99895483,-0.00691568,-0.028380116,-0.035286665,0.0,0.0,0.0,0.0,0,63.156
93152000,93152000,0.99899143,-0.0063536665,-0.027423488,-0.03511154,0.0,0.0,0.0,0.0,0,63.176
93172000,93172000,0.9990262,-0.0058053187,-0.02648612,-0.034937434,0.0,0.0,0.0,0.0,0,63.196
93192000,93192000,0.999059,-0.00526788,-0.025569495,-0.0347647,0.0,0.0,0.0,0.0,0,63.216
93212000,93212000,0.99909055,-0.004735756,-0.024659265,-0.034593683,0.0,0.0,0.0,0.0,0,63.236
93232000,93232000,0.9991202,-0.0042110435,-0.023774032,-0.03442434,0.0,0.0,0.0,0.0,0,63.256
93252000,93252000,0.9991481,-0.0037008605,-0.022910852,-0.034257576,0.0,0.0,0.0,0.0,0,63.276
93272000,93272000,0.9991745,-0.0032032141,-0.02206401,-0.03409353,0.0,0.0,0.0,0.0,0,63.296
93292000,93292000,0.99919933,-0.0027150558,-0.021238439,-0.03393176,0.0,0.0,0.0,0.0,0,63.316
93312000,93312000,0.99922264,-0.0022368825,-0.020435402,-0.033772755,0.0,0.0,0.0,0.0,0,63.336
93332000,93332000,0.9992447,-0.0017721844,-0.019646743,-0.033616606,0.0,0.0,0.0,0.0,0,63.356
93352000,93352000,0.9992653,-0.0013170281,-0.018878844,-0.033463124,0.0,0.0,0.0,0.0,0,63.376
93372000,93372000,0.99928457,-0.000868613,-0.0181374,-0.033312432,0.0,0.0,0.0,0.0,0,63.396
93392000,93392000,0.9993026,-0.0004330631,-0.017416574,-0.033164743,0.0,0.0,0.0,0.0,0,63.416
93412000,93412000,0.9993194,-1.4035428e-05,-0.016717512,-0.033020575,0.0,0.0,0.0,0.0,0,63.436
93432000,93432000,0.999335,0.00039177894,-0.016044986,-0.03288041,0.0,0.0,0.0,0.0,0,63.456
93452000,93452000,0.9993496,0.0007864408,-0.015384319,-0.032744702,0.0,0.0,0.0,0.0,0,63.476
93472000,93472000,0.9993633,0.0011688132,-0.014733757,-0.032613307,0.0,0.0,0.0,0.0,0,63.496
93492000,93492000,0.99937606,0.0015459659,-0.0141018545,-0.032485764,0.0,0.0,0.0,0.0,0,63.516
93512000,93512000,0.99938786,0.0019187825,-0.013489131,-0.032362185,0.0,0.0,0.0,0.0,0,63.536
93532000,93532000,0.9993988,0.0022819708,-0.012895901,-0.032242887,0.0,0.0,0.0,0.0,0,63.556
93552000,93552000,0.99940884,0.0026306808,-0.01232664,-0.032128096,0.0,0.0,0.0,0.0,0,63.576
93572000,93572000,0.999418,0.0029596775,-0.011784105,-0.032018017,0.0,0.0,0.0,0.0,0,63.596
93592000,93592000,0.9994264,0.0032734512,-0.011261779,-0.03191221,0.0,0.0,0.0,0.0,0,63.616
93612000,93612000,0.99943423,0.0035701303,-0.010756177,-0.03181081,0.0,0.0,0.0,0.0,0,63.636
93632000,93632000,0.9994413,0.0038496389,-0.010274909,-0.03171391,0.0,0.0,0.0,0.0,0,63.656
93652000,93652000,0.99944776,0.004113128,-0.0098204585,-0.031621814,0.0,0.0,0.0,0.0,0,63.676
93672000,93672000,0.9994538,0.0043698903,-0.009367402,-0.03153421,0.0,0.0,0.0,0.0,0,63.696
93692000,93692000,0.99945945,0.0046138247,-0.008912612,-0.03145166,0.0,0.0,0.0,0.0,0,63.716
93712000,93712000,0.99946463,0.004846799,-0.008467483,-0.031374186,0.0,0.0,0.0,0.0,0,63.736
93732000,93732000,0.99946934,0.0050697806,-0.008037534,-0.031301815,0.0,0.0,0.0,0.0,0,63.756
93752000,93752000,0.9994736,0.0052815303,-0.0076246383,-0.031234564,0.0,0.0,0.0,0.0,0,63.776
93772000,93772000,0.9994774,0.005485322,-0.0072269165,-0.031172449,0.0,0.0,0.0,0.0,0,63.796
93792000,93792000,0.9994809,0.0056767897,-0.0068343314,-0.031114759,0.0,0.0,0.0,0.0,0,63.816
93812000,93812000,0.9994841,0.0058531584,-0.0064399987,-0.03106131,0.0,0.0,0.0,0.0,0,63.836
93832000,93832000,0.99948704,0.006024117,-0.006060855,-0.031012017,0.0,0.0,0.0,0.0,0,63.856
93852000,93852000,0.99948955,0.006191518,-0.0057016807,-0.030966934,0.0,0.0,0.0,0.0,0,63.876
93872000,93872000,0.99949175,0.0063467403,-0.0053509898,-0.030925862,0.0,0.0,0.0,0.0,0,63.896
93892000,93892000,0.99949384,0.006481759,-0.005002377,-0.030888675,0.0,0.0,0.0,0.0,0,63.916
93912000,93912000,0.9994957,0.006609457,-0.004667738,-0.03085535,0.0,0.0,0.0,0.0,0,63.936
93932000,93932000,0.9994971,0.0067366594,-0.0043564863,-0.03082559,0.0,0.0,0.0,0.0,0,63.956
93952000,93952000,0.99949837,0.006856782,-0.00405985,-0.030799082,0.0,0.0,0.0,0.0,0,63.976
93972000,93972000,0.9994995,0.0069668028,-0.0037690918,-0.030775618,0.0,0.0,0.0,0.0,0,63.996
93992000,93992000,0.99950045,0.0070662107,-0.003486726,-0.03075513,0.0,0.0,0.0,0.0,0,64.016
94012000,94012000,0.9995013,0.007155576,-0.003215528,-0.03073746,0.0,0.0,0.0,0.0,0,64.036
94032000,94032000,0.99950194,0.007237636,-0.0029518756,-0.030722309,0.0,0.0,0.0,0.0,0,64.056
94052000,94052000,0.9995025,0.0073148217,-0.002694221,-0.030709488,0.0,0.0,0.0,0.0,0,64.076
94072000,94072000,0.999503,0.0073779705,-0.0024497774,-0.03069881,0.0,0.0,0.0,0.0,0,64.096
94092000,94092000,0.9995034,0.0074371407,-0.0022096124,-0.030690305,0.0,0.0,0.0,0.0,0,64.116
94112000,94112000,0.9995037,0.007489495,-0.001975132,-0.030683858,0.0,0.0,0.0,0.0,0,64.136
94132000,94132000,0.99950397,0.0075273123,-0.0017540235,-0.030679297,0.0,0.0,0.0,0.0,0,64.156
94152000,94152000,0.99950415,0.0075555565,-0.001540535,-0.030676564,0.0,0.0,0.0,0.0,0,64.176
94172000,94172000,0.9995043,0.007580875,-0.0013353255,-0.030674841,0.0,0.0,0.0,0.0,0,64.196
94192000,94192000,0.9995044,0.0076078153,-0.0011433669,-0.030673593,0.0,0.0,0.0,0.0,0,64.216
94212000,94212000,0.99950445,0.007633621,-0.0009524251,-0.030672844,0.0,0.0,0.0,0.0,0,64.236
94232000,94232000,0.99950445,0.0076557505,-0.0007685202,-0.030672556,0.0,0.0,0.0,0.0,0,64.256
94252000,94252000,0.9995045,0.0076609687,-0.00060776673,-0.030672992,0.0,0.0,0.0,0.0,0,64.276
94272000,94272000,0.99950457,0.007652538,-0.0004510731,-0.030674139,0.0,0.0,0.0,0.0,0,64.296
94292000,94292000,0.99950475,0.007637467,-0.00028895136,-0.030675698,0.0,0.0,0.0,0.0,0,64.316
94312000,94312000,0.99950486,0.0076162205,-0.00014012244,-0.030677954,0.0,0.0,0.0,0.0,0,64.336
94332000,94332000,0.99950504,0.0075851153,-3.2755984e-06,-0.03068046,0.0,0.0,0.0,0.0,0,64.356
94352000,94352000,0.9995052,0.0075468104,0.00012975193,-0.030683435,0.0,0.0,0.0,0.0,0,64.376
94372000,94372000,0.99950546,0.007497319,0.0002562857,-0.030686872,0.0,0.0,0.0,0.0,0,64.396
94392000,94392000,0.9995057,0.0074399943,0.00038014416,-0.030690555,0.0,0.0,0.0,0.0,0,64.416
94412000,94412000,0.9995061,0.007364259,0.00049143494,-0.03069473,0.0,0.0,0.0,0.0,0,64.436
94432000,94432000,0.99950653,0.007277579,0.00059764565,-0.030699128,0.0,0.0,0.0,0.0,0,64.456
94452000,94452000,0.999507,0.007183697,0.0007022387,-0.030704008,0.0,0.0,0.0,0.0,0,64.476
94472000,94472000,0.99950755,0.0070793354,0.0008026438,-0.030709347,0.0,0.0,0.0,0.0,0,64.496
94492000,94492000,0.9995081,0.006965151,0.0008978064,-0.030715019,0.0,0.0,0.0,0.0,0,64.516
94512000,94512000,0.9995086,0.00684776,0.0009767244,-0.030720528,0.0,0.0,0.0,0.0,0,64.536
94532000,94532000,0.9995092,0.0067262705,0.0010495767,-0.030725386,0.0,0.0,0.0,0.0,0,64.556
94552000,94552000,0.99950993,0.0065883817,0.0011217473,-0.03072997,0.0,0.0,0.0,0.0,0,64.576
94572000,94572000,0.99951065,0.006447262,0.0011789262,-0.030734645,0.0,0.0,0.0,0.0,0,64.596
94592000,94592000,0.9995113,0.006307549,0.0012310348,-0.03073931,0.0,0.0,0.0,0.0,0,64.616
94612000,94612000,0.99951196,0.006171768,0.0012939905,-0.030744001,0.0,0.0,0.0,0.0,0,64.636
94632000,94632000,0.99951255,0.006037447,0.0013445568,-0.030748814,0.0,0.0,0.0,0.0,0,64.656
94652000,94652000,0.9995132,0.0058993236,0.0013776263,-0.030753676,0.0,0.0,0.0,0.0,0,64.676
94672000,94672000,0.9995138,0.005753553,0.0014229512,-0.030758617,0.0,0.0,0.0,0.0,0,64.696
94692000,94692000,0.99951446,0.005596514,0.0014754566,-0.030763619,0.0,0.0,0.0,0.0,0,64.716
94712000,94712000,0.9995152,0.0054325503,0.001511347,-0.030768689,0.0,0.0,0.0,0.0,0,64.736
94732000,94732000,0.9995159,0.0052660555,0.0015322712,-0.030773934,0.0,0.0,0.0,0.0,0,64.756
94752000,94752000,0.99951655,0.0050972872,0.0015660768,-0.030779181,0.0,0.0,0.0,0.0,0,64.776
94772000,94772000,0.9995172,0.0049266666,0.0015940332,-0.030784491,0.0,0.0,0.0,0.0,0,64.796
94792000,94792000,0.99951786,0.0047517666,0.0016065071,-0.03078985,0.0,0.0,0.0,0.0,0,64.816
94812000,94812000,0.9995185,0.0045740185,0.0016195147,-0.030795366,0.0,0.0,0.0,0.0,0,64.836
94832000,94832000,0.9995191,0.0043961774,0.001624653,-0.030801134,0.0,0.0,0.0,0.0,0,64.856
94852000,94852000,0.9995197,0.0042163874,0.0016247494,-0.030806987,0.0,0.0,0.0,0.0,0,64.876
94872000,94872000,0.99952024,0.00403626,0.0016162804,-0.030812882,0.0,0.0,0.0,0.0,0,64.896
94892000,94892000,0.9995208,0.00386103,0.0016002316,-0.030819058,0.0,0.0,0.0,0.0,0,64.916
94912000,94912000,0.99952126,0.0036920388,0.0015841532,-0.030825436,0.0,0.0,0.0,0.0,0,64.936
94932000,94932000,0.99952173,0.0035221279,0.0015607516,-0.030832183,0.0,0.0,0.0,0.0,0,64.956
94952000,94952000,0.99952215,0.0033506406,0.0015277088,-0.030839493,0.0,0.0,0.0,0.0,0,64.976
94972000,94972000,0.9995225,0.0031755844,0.0014876248,-0.030846953,0.0,0.0,0.0,0.0,0,64.996
94992000,94992000,0.9995229,0.0029941092,0.0014493912,-0.03085475,0.0,0.0,0.0,0.0,0,65.016
95012000,95012000,0.9995232,0.0028197486,0.0014189071,-0.030862875,0.0,0.0,0.0,0.0,0,65.036
95032000,95032000,0.99952346,0.002650609,0.0013785645,-0.030871285,0.0,0.0,0.0,0.0,0,65.056
95052000,95052000,0.9995237,0.0024796934,0.0013395047,-0.030879857,0.0,0.0,0.0,0.0,0,65.076
95072000,95072000,0.9995239,0.0023042117,0.0012864615,-0.030888684,0.0,0.0,0.0,0.0,0,65.096
95092000,95092000,0.99952406,0.002135119,0.0012283126,-0.03089805,0.0,0.0,0.0,0.0,0,65.116
95112000,95112000,0.9995242,0.0019677314,0.0011893418,-0.030907432,0.0,0.0,0.0,0.0,0,65.136
95132000,95132000,0.99952424,0.0017993498,0.0011605897,-0.030916994,0.0,0.0,0.0,0.0,0,65.156
95152000,95152000,0.99952424,0.001629854,0.0011198837,-0.03092681,0.0,0.0,0.0,0.0,0,65.176
95172000,95172000,0.99952424,0.0014587361,0.0010753938,-0.030936569,0.0,0.0,0.0,0.0,0,65.196
95192000,95192000,0.99952424,0.0012863495,0.0010333315,-0.030945998,0.0,0.0,0.0,0.0,0,65.216
95212000,95212000,0.99952424,0.0011112015,0.0009955014,-0.03095531,0.0,0.0,0.0,0.0,0,65.236
95232000,95232000,0.9995241,0.0009307992,0.00095857464,-0.030964684,0.0,0.0,0.0,0.0,0,65.256
95252000,95252000,0.99952406,0.0007462803,0.00092040206,-0.030974085,0.0,0.0,0.0,0.0,0,65.276
95272000,95272000,0.9995239,0.0005568891,0.00088156655,-0.030983599,0.0,0.0,0.0,0.0,0,65.296
95292000,95292000,0.9995237,0.00036836055,0.0008496386,-0.030993573,0.0,0.0,0.0,0.0,0,65.316
95312000,95312000,0.99952346,0.000179824,0.0008248093,-0.03100365,0.0,0.0,0.0,0.0,0,65.336
95332000,95332000,0.99952316,-6.569111e-06,0.0008042248,-0.031013872,0.0,0.0,0.0,0.0,0,65.356
95352000,95352000,0.99952286,-0.00017763914,0.0007910995,-0.031024395,0.0,0.0,0.0,0.0,0,65.376
95372000,95372000,0.9995225,-0.0003324895,0.0007798766,-0.031035205,0.0,0.0,0.0,0.0,0,65.396
95392000,95392000,0.9995221,-0.0004778354,0.0007602452,-0.031046497,0.0,0.0,0.0,0.0,0,65.416
95412000,95412000,0.9995217,-0.00061607535,0.0007417267,-0.031058272,0.0,0.0,0.0,0.0,0,65.436
95432000,95432000,0.9995212,-0.0007469053,0.00071431405,-0.031070879,0.0,0.0,0.0,0.0,0,65.456
95452000,95452000,0.9995207,-0.0008717477,0.0006775151,-0.03108412,0.0,0.0,0.0,0.0,0,65.476
95472000,95472000,0.9995202,-0.0010001373,0.0006530091,-0.03109761,0.0,0.0,0.0,0.0,0,65.496
95492000,95492000,0.99951965,-0.0011304329,0.0006369682,-0.031111464,0.0,0.0,0.0,0.0,0,65.516
95512000,95512000,0.99951905,-0.0012580362,0.00062096026,-0.031125577,0.0,0.0,0.0,0.0,0,65.536
95532000,95532000,0.99951845,-0.0013807281,0.0006021439,-0.031139962,0.0,0.0,0.0,0.0,0,65.556
95552000,95552000,0.99951786,-0.0014959495,0.00058907166,-0.03115409,0.0,0.0,0.0,0.0,0,65.576
95572000,95572000,0.99951726,-0.0016107111,0.000589594,-0.031168085,0.0,0.0,0.0,0.0,0,65.596
95592000,95592000,0.9995166,-0.0017248427,0.00058885606,-0.031182425,0.0,0.0,0.0,0.0,0,65.616
95612000,95612000,0.99951595,-0.0018380923,0.0005831979,-0.031196741,0.0,0.0,0.0,0.0,0,65.636
95632000,95632000,0.9995153,-0.0019476378,0.0005822674,-0.031210456,0.0,0.0,0.0,0.0,0,65.656
95652000,95652000,0.9995147,-0.0020499702,0.00059596443,-0.031223373,0.0,0.0,0.0,0.0,0,65.676
95672000,95672000,0.9995141,-0.00213944,0.0006213214,-0.03123611,0.0,0.0,0.0,0.0,0,65.696
95692000,95692000,0.9995135,-0.002217616,0.00064347347,-0.031249182,0.0,0.0,0.0,0.0,0,65.716
95712000,95712000,0.9995129,-0.002287787,0.00067025947,-0.03126241,0.0,0.0,0.0,0.0,0,65.736
95732000,95732000,0.9995123,-0.002349027,0.00069529103,-0.03127594,0.0,0.0,0.0,0.0,0,65.756
95752000,95752000,0.9995118,-0.0024010562,0.0007279938,-0.031289827,0.0,0.0,0.0,0.0,0,65.776
95772000,95772000,0.9995112,-0.0024461143,0.0007544129,-0.031304047,0.0,0.0,0.0,0.0,0,65.796
95792000,95792000,0.9995106,-0.0024901067,0.00078773,-0.031318594,0.0,0.0,0.0,0.0,0,65.816
95812000,95812000,0.99951,-0.0025287685,0.00083646603,-0.031333342,0.0,0.0,0.0,0.0,0,65.836
95832000,95832000,0.9995094,-0.0025612013,0.00087818626,-0.031347904,0.0,0.0,0.0,0.0,0,65.856
95852000,95852000,0.99950886,-0.0025890644,0.0009117094,-0.031362783,0.0,0.0,0.0,0.0,0,65.876
95872000,95872000,0.99950826,-0.0026069537,0.0009548092,-0.031378124,0.0,0.0,0.0,0.0,0,65.896
95892000,95892000,0.9995077,-0.002616959,0.0010054595,-0.031393126,0.0,0.0,0.0,0.0,0,65.916
95912000,95912000,0.99950725,-0.0026173587,0.0010511285,-0.031407703,0.0,0.0,0.0,0.0,0,65.936
95932000,95932000,0.9995067,-0.002612045,0.0010974989,-0.03142245,0.0,0.0,0.0,0.0,0,65.956
95952000,95952000,0.99950624,-0.002600388,0.0011552989,-0.031437352,0.0,0.0,0.0,0.0,0,65.976
95972000,95972000,0.9995057,-0.0025900737,0.0012058949,-0.03145245,0.0,0.0,0.0,0.0,0,65.996
95992000,95992000,0.9995052,-0.0025801533,0.0012387194,-0.03146755,0.0,0.0,0.0,0.0,0,66.016
96012000,96012000,0.99950475,-0.0025668654,0.0012818374,-0.031482615,0.0,0.0,0.0,0.0,0,66.036
96032000,96032000,0.99950427,-0.0025476809,0.0013394832,-0.031497505,0.0,0.0,0.0,0.0,0,66.056
96052000,96052000,0.9995038,-0.0025235268,0.0013851598,-0.03151206,0.0,0.0,0.0,0.0,0,66.076
96072000,96072000,0.9995033,-0.002499601,0.0014308937,-0.031526275,0.0,0.0,0.0,0.0,0,66.096
96092000,96092000,0.9995029,-0.0024747928,0.0014864554,-0.031540122,0.0,0.0,0.0,0.0,0,66.116
96112000,96112000,0.9995024,-0.002447454,0.0015300596,-0.03155356,0.0,0.0,0.0,0.0,0,66.136
96132000,96132000,0.99950206,-0.0024157797,0.001576999,-0.031566728,0.0,0.0,0.0,0.0,0,66.156
96152000,96152000,0.99950165,-0.0023683982,0.0016268286,-0.031579297,0.0,0.0,0.0,0.0,0,66.176
96172000,96172000,0.99950135,-0.0023144386,0.0016752376,-0.031591214,0.0,0.0,0.0,0.0,0,66.196
96192000,96192000,0.99950105,-0.0022609653,0.0017168479,-0.031602506,0.0,0.0,0.0,0.0,0,66.216
96212000,96212000,0.99950075,-0.0022002566,0.0017598039,-0.031613473,0.0,0.0,0.0,0.0,0,66.236
96232000,96232000,0.99950045,-0.002137428,0.0018114763,-0.031624384,0.0,0.0,0.0,0.0,0,66.256
96252000,96252000,0.99950016,-0.0020776559,0.0018500623,-0.03163529,0.0,0.0,0.0,0.0,0,66.276
96272000,96272000,0.9994999,-0.0020159052,0.0018743508,-0.031646524,0.0,0.0,0.0,0.0,0,66.296
96292000,96292000,0.9994996,-0.0019525542,0.0019083491,-0.03165736,0.0,0.0,0.0,0.0,0,66.316
96312000,96312000,0.9994994,-0.0018826823,0.0019409208,-0.031667285,0.0,0.0,0.0,0.0,0,66.336
96332000,96332000,0.9994992,-0.001800917,0.001962236,-0.03167655,0.0,0.0,0.0,0.0,0,66.356
96352000,96352000,0.999499,-0.0017130269,0.0019764274,-0.03168556,0.0,0.0,0.0,0.0,0,66.376
96372000,96372000,0.99949884,-0.0016280788,0.0019825175,-0.031694926,0.0,0.0,0.0,0.0,0,66.396
96392000,96392000,0.99949867,-0.0015530724,0.0019771277,-0.031704433,0.0,0.0,0.0,0.0,0,66.416
96412000,96412000,0.9994985,-0.0014899913,0.0019717033,-0.031713456,0.0,0.0,0.0,0.0,0,66.436
96432000,96432000,0.99949837,-0.0014311254,0.0019640375,-0.031721592,0.0,0.0,0.0,0.0,0,66.456
96452000,96452000,0.99949825,-0.0013622533,0.0019415646,-0.03172872,0.0,0.0,0.0,0.0,0,66.476
96472000,96472000,0.99949825,-0.0012883903,0.0019109863,-0.031734735,0.0,0.0,0.0,0.0,0,66.496
96492000,96492000,0.9994982,-0.0012196342,0.0018855183,-0.031740323,0.0,0.0,0.0,0.0,0,66.516
96512000,96512000,0.9994982,-0.0011531379,0.0018452018,-0.031745702,0.0,0.0,0.0,0.0,0,66.536
96532000,96532000,0.9994982,-0.0010867548,0.0017924898,-0.03175089,0.0,0.0,0.0,0.0,0,66.556
96552000,96552000,0.9994982,-0.0010183745,0.0017480054,-0.031755924,0.0,0.0,0.0,0.0,0,66.576
96572000,96572000,0.9994981,-0.0009527416,0.0016920231,-0.031761326,0.0,0.0,0.0,0.0,0,66.596
96592000,96592000,0.9994981,-0.00089544285,0.0016215936,-0.031767204,0.0,0.0,0.0,0.0,0,66.616
96612000,96612000,0.99949807,-0.0008360527,0.0015557421,-0.031773552,0.0,0.0,0.0,0.0,0,66.636
96632000,96632000,0.999498,-0.0007729242,0.001499838,-0.03178009,0.0,0.0,0.0,0.0,0,66.656
96652000,96652000,0.99949795,-0.00070654816,0.0014275587,-0.03178668,0.0,0.0,0.0,0.0,0,66.676
96672000,96672000,0.9994979,-0.0006337118,0.0013486806,-0.03179327,0.0,0.0,0.0,0.0,0,66.696
96692000,96692000,0.99949783,-0.0005667252,0.0012686435,-0.0317999,0.0,0.0,0.0,0.0,0,66.716
96712000,96712000,0.9994978,-0.0005051782,0.0011900901,-0.031806737,0.0,0.0,0.0,0.0,0,66.736
96732000,96732000,0.99949765,-0.00044066296,0.0011073018,-0.031813577,0.0,0.0,0.0,0.0,0,66.756
96752000,96752000,0.9994976,-0.00037784252,0.0010189343,-0.0318204,0.0,0.0,0.0,0.0,0,66.776
96772000,96772000,0.9994975,-0.00031160843,0.0009387177,-0.031827323,0.0,0.0,0.0,0.0,0,66.796
96792000,96792000,0.9994973,-0.00024475172,0.00085339823,-0.031834383,0.0,0.0,0.0,0.0,0,66.816
96812000,96812000,0.9994972,-0.00018471827,0.0007635925,-0.031841777,0.0,0.0,0.0,0.0,0,66.836
96832000,96832000,0.99949706,-0.00011587267,0.0006646582,-0.031848684,0.0,0.0,0.0,0.0,0,66.856
96852000,96852000,0.9994969,-4.270844e-05,0.00056580605,-0.031855002,0.0,0.0,0.0,0.0,0,66.876
96872000,96872000,0.99949676,2.3962992e-05,0.0004724512,-0.031861056,0.0,0.0,0.0,0.0,0,66.896
96892000,96892000,0.9994966,8.798112e-05,0.00037202908,-0.031867597,0.0,0.0,0.0,0.0,0,66.916
96912000,96912000,0.9994964,0.00015657014,0.0002820795,-0.031874306,0.0,0.0,0.0,0.0,0,66.936
96932000,96932000,0.99949616,0.0002250084,0.00018437381,-0.031881157,0.0,0.0,0.0,0.0,0,66.956
96952000,96952000,0.999496,0.00029136136,6.731882e-05,-0.031888105,0.0,0.0,0.0,0.0,0,66.976
96972000,96972000,0.99949574,0.00035389108,-4.2369018e-05,-0.031894863,0.0,0.0,0.0,0.0,0,66.996
96992000,96992000,0.99949545,0.0004140912,-0.00014097655,-0.031901814,0.0,0.0,0.0,0.0,0,67.016
97012000,97012000,0.9994952,0.00047162158,-0.00025525384,-0.031908844,0.0,0.0,0.0,0.0,0,67.036
97032000,97032000,0.9994949,0.0005268516,-0.00037152777,-0.03191589,0.0,0.0,0.0,0.0,0,67.056
97052000,97052000,0.9994946,0.00057716697,-0.0004832358,-0.031922694,0.0,0.0,0.0,0.0,0,67.076
97072000,97072000,0.9994943,0.00061678624,-0.0005967021,-0.031929944,0.0,0.0,0.0,0.0,0,67.096
97092000,97092000,0.99949396,0.0006433719,-0.0007199653,-0.031937636,0.0,0.0,0.0,0.0,0,67.116
97112000,97112000,0.9994936,0.00067298225,-0.0008437056,-0.031945933,0.0,0.0,0.0,0.0,0,67.136
97132000,97132000,0.9994932,0.0007161921,-0.0009564532,-0.031954844,0.0,0.0,0.0,0.0,0,67.156
97152000,97152000,0.9994927,0.0007605749,-0.0010672596,-0.0319647,0.0,0.0,0.0,0.0,0,67.176
97172000,97172000,0.99949217,0.0007928655,-0.0011901278,-0.031975385,0.0,0.0,0.0,0.0,0,67.196
97192000,97192000,0.9994917,0.0008119341,-0.001316785,-0.03198608,0.0,0.0,0.0,0.0,0,67.216
97212000,97212000,0.99949116,0.000822084,-0.0014388877,-0.031996727,0.0,0.0,0.0,0.0,0,67.236
97232000,97232000,0.9994906,0.00082779897,-0.0015598809,-0.032007318,0.0,0.0,0.0,0.0,0,67.256
97252000,97252000,0.9994901,0.00083150005,-0.0016811598,-0.032017846,0.0,0.0,0.0,0.0,0,67.276
97272000,97272000,0.99948955,0.0008338848,-0.0018035634,-0.03202831,0.0,0.0,0.0,0.0,0,67.296
97292000,97292000,0.99948895,0.0008356065,-0.001927118,-0.032038704,0.0,0.0,0.0,0.0,0,67.316
97312000,97312000,0.9994884,0.0008365424,-0.0020521423,-0.032049034,0.0,0.0,0.0,0.0,0,67.336
97332000,97332000,0.9994878,0.0008370024,-0.0021783237,-0.032059293,0.0,0.0,0.0,0.0,0,67.356
97352000,97352000,0.99948716,0.00083668384,-0.0023059188,-0.032069486,0.0,0.0,0.0,0.0,0,67.376
97372000,97372000,0.99948657,0.0008358351,-0.0024344875,-0.03207961,0.0,0.0,0.0,0.0,0,67.396
97392000,97392000,0.9994859,0.00082995585,-0.00255988,-0.032089487,0.0,0.0,0.0,0.0,0,67.416
97412000,97412000,0.9994853,0.000813508,-0.002679903,-0.03209899,0.0,0.0,0.0,0.0,0,67.436
97432000,97432000,0.9994847,0.00079124176,-0.0027994728,-0.032108366,0.0,0.0,0.0,0.0,0,67.456
97452000,97452000,0.9994841,0.0007665604,-0.0029185372,-0.03211765,0.0,0.0,0.0,0.0,0,67.476
97472000,97472000,0.99948347,0.000740095,-0.0030360182,-0.032126974,0.0,0.0,0.0,0.0,0,67.496
97492000,97492000,0.99948287,0.00070650264,-0.0031453865,-0.03213657,0.0,0.0,0.0,0.0,0,67.516
97512000,97512000,0.9994822,0.00066502864,-0.003252316,-0.0321461,0.0,0.0,0.0,0.0,0,67.536
97532000,97532000,0.9994816,0.00061831274,-0.0033471058,-0.03215554,0.0,0.0,0.0,0.0,0,67.556
97552000,97552000,0.9994811,0.0005660029,-0.0034374946,-0.032164905,0.0,0.0,0.0,0.0,0,67.576
97572000,97572000,0.9994805,0.00050894736,-0.0035246175,-0.03217446,0.0,0.0,0.0,0.0,0,67.596
97592000,97592000,0.9994799,0.00044333126,-0.0036018833,-0.032184284,0.0,0.0,0.0,0.0,0,67.616
97612000,97612000,0.9994794,0.00037858347,-0.003663358,-0.032193664,0.0,0.0,0.0,0.0,0,67.636
97632000,97632000,0.999479,0.00031645666,-0.003709282,-0.032202918,0.0,0.0,0.0,0.0,0,67.656
97652000,97652000,0.9994785,0.00025371814,-0.0037501974,-0.032212105,0.0,0.0,0.0,0.0,0,67.676
97672000,97672000,0.9994781,0.0001897697,-0.003789495,-0.03222123,0.0,0.0,0.0,0.0,0,67.696
97692000,97692000,0.9994777,0.00012467601,-0.0038270045,-0.03223021,0.0,0.0,0.0,0.0,0,67.716
97712000,97712000,0.9994773,6.0198476e-05,-0.0038550317,-0.032238204,0.0,0.0,0.0,0.0,0,67.736
97732000,97732000,0.9994771,-4.6801765e-06,-0.003864435,-0.032245543,0.0,0.0,0.0,0.0,0,67.756
97752000,97752000,0.99947685,-7.189455e-05,-0.003865183,-0.03225271,0.0,0.0,0.0,0.0,0,67.776
97772000,97772000,0.9994766,-0.00014201622,-0.0038612625,-0.032259796,0.0,0.0,0.0,0.0,0,67.796
97792000,97792000,0.99947643,-0.00021370583,-0.0038384853,-0.03226686,0.0,0.0,0.0,0.0,0,67.816
97812000,97812000,0.99947643,-0.00028050592,-0.0037886598,-0.032273594,0.0,0.0,0.0,0.0,0,67.836
97832000,97832000,0.99947643,-0.00033134513,-0.0037350443,-0.03227942,0.0,0.0,0.0,0.0,0,67.856
97852000,97852000,0.9994764,-0.00037040297,-0.0036934444,-0.032284886,0.0,0.0,0.0,0.0,0,67.876
97872000,97872000,0.9994764,-0.00040549607,-0.0036462562,-0.032290023,0.0,0.0,0.0,0.0,0,67.896
97892000,97892000,0.99947643,-0.00043268446,-0.0035810291,-0.03229463,0.0,0.0,0.0,0.0,0,67.916
97912000,97912000,0.99947655,-0.00045803998,-0.0035100826,-0.032299057,0.0,0.0,0.0,0.0,0,67.936
97932000,97932000,0.9994766,-0.00048741937,-0.003447184,-0.032303263,0.0,0.0,0.0,0.0,0,67.956
97952000,97952000,0.99947673,-0.0005171821,-0.0033755985,-0.032307167,0.0,0.0,0.0,0.0,0,67.976
97972000,97972000,0.99947685,-0.0005445366,-0.0032949785,-0.032310717,0.0,0.0,0.0,0.0,0,67.996
97992000,97992000,0.99947697,-0.00057413784,-0.0032107336,-0.032314114,0.0,0.0,0.0,0.0,0,68.016
98012000,98012000,0.99947715,-0.0006056181,-0.003123632,-0.032317586,0.0,0.0,0.0,0.0,0,68.036
98032000,98032000,0.99947727,-0.00063641305,-0.0030355796,-0.032321148,0.0,0.0,0.0,0.0,0,68.056
98052000,98052000,0.99947745,-0.00066737056,-0.0029453372,-0.032324515,0.0,0.0,0.0,0.0,0,68.076
98072000,98072000,0.99947757,-0.0006937241,-0.002857918,-0.03232736,0.0,0.0,0.0,0.0,0,68.096
98092000,98092000,0.9994777,-0.0007115243,-0.0027772463,-0.03232965,0.0,0.0,0.0,0.0,0,68.116
98112000,98112000,0.99947786,-0.0007248634,-0.0026989991,-0.03233173,0.0,0.0,0.0,0.0,0,68.136
98132000,98132000,0.999478,-0.00073710346,-0.0026192479,-0.03233372,0.0,0.0,0.0,0.0,0,68.156
98152000,98152000,0.9994781,-0.0007480584,-0.0025378568,-0.032335557,0.0,0.0,0.0,0.0,0,68.176
98172000,98172000,0.9994783,-0.00074978,-0.0024494187,-0.0323376,0.0,0.0,0.0,0.0,0,68.196
98192000,98192000,0.99947846,-0.00073787296,-0.0023591865,-0.03233929,0.0,0.0,0.0,0.0,0,68.216
98212000,98212000,0.99947864,-0.0007188328,-0.0022672163,-0.032340873,0.0,0.0,0.0,0.0,0,68.236
98232000,98232000,0.9994788,-0.00069769076,-0.0021717816,-0.032342408,0.0,0.0,0.0,0.0,0,68.256
98252000,98252000,0.999479,-0.00067646115,-0.0020716935,-0.03234392,0.0,0.0,0.0,0.0,0,68.276
98272000,98272000,0.9994792,-0.0006557085,-0.0019673933,-0.032345302,0.0,0.0,0.0,0.0,0,68.296
98292000,98292000,0.9994784,-0.00064621086,-0.002304112,-0.032345954,0.0,0.0,0.0,0.0,0,68.316
98312000,98312000,0.99944305,-0.000810546,-0.008727849,-0.032340143,0.0,0.0,0.0,0.0,0,68.336
98332000,98332000,0.99919015,-0.0012310672,-0.02412626,-0.032319,0.0,0.0,0.0,0.0,0,68.356
98352000,98352000,0.9984245,-0.0018567793,-0.04596288,-0.032274123,0.0,0.0,0.0,0.0,0,68.376
98372000,98372000,0.99696416,-0.0025649518,-0.07090927,-0.032200053,0.0,0.0,0.0,0.0,0,68.396
98392000,98392000,0.9947995,-0.0032741989,-0.09665488,-0.03209578,0.0,0.0,0.0,0.0,0,68.416
98412000,98412000,0.9919891,-0.0040105674,-0.12218337,-0.031968024,0.0,0.0,0.0,0.0,0,68.436
98432000,98432000,0.9886389,-0.0046894667,-0.14686121,-0.031812716,0.0,0.0,0.0,0.0,0,68.456
98452000,98452000,0.9849009,-0.0053301696,-0.1701467,-0.03163915,0.0,0.0,0.0,0.0,0,68.476
98472000,98472000,0.98091054,-0.005941113,-0.19183056,-0.031453677,0.0,0.0,0.0,0.0,0,68.496
98492000,98492000,0.9768214,-0.0064836657,-0.211684,-0.031255525,0.0,0.0,0.0,0.0,0,68.516
98512000,98512000,0.9727421,-0.006994507,-0.2297141,-0.031055419,0.0,0.0,0.0,0.0,0,68.536
98532000,98532000,0.9687664,-0.0074441684,-0.24595459,-0.03084962,0.0,0.0,0.0,0.0,0,68.556
98552000,98552000,0.9649646,-0.007867929,-0.2604826,-0.030648267,0.0,0.0,0.0,0.0,0,68.576
98572000,98572000,0.9613807,-0.008233358,-0.27342567,-0.03044387,0.0,0.0,0.0,0.0,0,68.596
98592000,98592000,0.9580472,-0.008570527,-0.28489718,-0.030244982,0.0,0.0,0.0,0.0,0,68.616
98612000,98612000,0.9549662,-0.008863912,-0.29507166,-0.030046111,0.0,0.0,0.0,0.0,0,68.636
98632000,98632000,0.9521433,-0.009136941,-0.30406824,-0.029853953,0.0,0.0,0.0,0.0,0,68.656
98652000,98652000,0.9495689,-0.009370718,-0.31202617,-0.029661227,0.0,0.0,0.0,0.0,0,68.676
98672000,98672000,0.9472349,-0.009592762,-0.3190522,-0.029475672,0.0,0.0,0.0,0.0,0,68.696
98692000,98692000,0.9451259,-0.00978641,-0.32525742,-0.029291108,0.0,0.0,0.0,0.0,0,68.716
98712000,98712000,0.9432357,-0.009964689,-0.3307095,-0.029112017,0.0,0.0,0.0,0.0,0,68.736
98732000,98732000,0.94154125,-0.010110465,-0.3355144,-0.028930997,0.0,0.0,0.0,0.0,0,68.756
98752000,98752000,0.94002736,-0.010242643,-0.33974394,-0.028753627,0.0,0.0,0.0,0.0,0,68.776
98772000,98772000,0.938678,-0.010360936,-0.3434655,-0.028579133,0.0,0.0,0.0,0.0,0,68.796
98792000,98792000,0.93747807,-0.010462384,-0.34673858,-0.028406208,0.0,0.0,0.0,0.0,0,68.816
98812000,98812000,0.93641245,-0.010544561,-0.3496176,-0.028233256,0.0,0.0,0.0,0.0,0,68.836
98832000,98832000,0.9354687,-0.010611616,-0.35214683,-0.02806212,0.0,0.0,0.0,0.0,0,68.856
98852000,98852000,0.93463117,-0.010659303,-0.35437572,-0.027890587,0.0,0.0,0.0,0.0,0,68.876
98872000,98872000,0.9338916,-0.0106856655,-0.35633293,-0.027717913,0.0,0.0,0.0,0.0,0,68.896
98892000,98892000,0.9332427,-0.010692208,-0.35804215,-0.027544454,0.0,0.0,0.0,0.0,0,68.916
98912000,98912000,0.9326734,-0.010676764,-0.35953632,-0.027369164,0.0,0.0,0.0,0.0,0,68.936
98932000,98932000,0.9321733,-0.010641359,-0.36084533,-0.027193155,0.0,0.0,0.0,0.0,0,68.956
98952000,98952000,0.93173885,-0.010581745,-0.36198077,-0.027014395,0.0,0.0,0.0,0.0,0,68.976
98972000,98972000,0.9313607,-0.0104921255,-0.36296877,-0.026830286,0.0,0.0,0.0,0.0,0,68.996
98992000,98992000,0.9310381,-0.010373855,-0.36381283,-0.026642224,0.0,0.0,0.0,0.0,0,69.016
99012000,99012000,0.9308443,-0.010223382,-0.3643264,-0.026453333,0.0,0.0,0.0,0.0,0,69.036
99032000,99032000,0.9309066,-0.01003581,-0.36418572,-0.026269099,0.0,0.0,0.0,0.0,0,69.056
99052000,99052000,0.93130445,-0.009810201,-0.36318582,-0.02609377,0.0,0.0,0.0,0.0,0,69.076
99072000,99072000,0.9320506,-0.009538816,-0.3612862,-0.02592548,0.0,0.0,0.0,0.0,0,69.096
99092000,99092000,0.9331208,-0.009224014,-0.35853294,-0.025764428,0.0,0.0,0.0,0.0,0,69.116
99112000,99112000,0.9344909,-0.00886238,-0.3549669,-0.025608491,0.0,0.0,0.0,0.0,0,69.136
99132000,99132000,0.9361398,-0.008461676,-0.35061592,-0.025460077,0.0,0.0,0.0,0.0,0,69.156
99152000,99152000,0.93804884,-0.008014502,-0.34549722,-0.025316222,0.0,0.0,0.0,0.0,0,69.176
99172000,99172000,0.9401942,-0.007522058,-0.33963725,-0.025177253,0.0,0.0,0.0,0.0,0,69.196
99192000,99192000,0.942552,-0.00696992,-0.33306065,-0.025037862,0.0,0.0,0.0,0.0,0,69.216
99212000,99212000,0.9450944,-0.0063740527,-0.3257988,-0.02490325,0.0,0.0,0.0,0.0,0,69.236
99232000,99232000,0.94779915,-0.0057196394,-0.31786743,-0.024768049,0.0,0.0,0.0,0.0,0,69.256
99252000,99252000,0.95064235,-0.005008265,-0.30928355,-0.024633136,0.0,0.0,0.0,0.0,0,69.276
99272000,99272000,0.9536009,-0.0042281393,-0.30006105,-0.024494741,0.0,0.0,0.0,0.0,0,69.296
99292000,99292000,0.956646,-0.0033941,-0.29022866,-0.024357565,0.0,0.0,0.0,0.0,0,69.316
99312000,99312000,0.95975316,-0.0024956148,-0.2798038,-0.024218326,0.0,0.0,0.0,0.0,0,69.336
99332000,99332000,0.962891,-0.0015518172,-0.26882645,-0.024082456,0.0,0.0,0.0,0.0,0,69.356
99352000,99352000,0.9660342,-0.00054688985,-0.25731966,-0.02394551,0.0,0.0,0.0,0.0,0,69.376
99372000,99372000,0.96915406,0.0005015354,-0.24532074,-0.023812285,0.0,0.0,0.0,0.0,0,69.396
99392000,99392000,0.9722249,0.0016016836,-0.23286162,-0.023680585,0.0,0.0,0.0,0.0,0,69.416
99412000,99412000,0.97521865,0.0027383894,-0.2199896,-0.023554323,0.0,0.0,0.0,0.0,0,69.436
99432000,99432000,0.978116,0.003928175,-0.2067216,-0.02343004,0.0,0.0,0.0,0.0,0,69.456
99452000,99452000,0.98089033,0.005150617,-0.19311453,-0.023312218,0.0,0.0,0.0,0.0,0,69.476
99472000,99472000,0.9835291,0.0064050066,-0.17916551,-0.023200976,0.0,0.0,0.0,0.0,0,69.496
99492000,99492000,0.9860121,0.0076765236,-0.16491418,-0.023099361,0.0,0.0,0.0,0.0,0,69.516
99512000,99512000,0.98831964,0.008967336,-0.15041174,-0.02300672,0.0,0.0,0.0,0.0,0,69.536
99532000,99532000,0.99043506,0.010252802,-0.13570815,-0.02292688,0.0,0.0,0.0,0.0,0,69.556
99552000,99552000,0.99234533,0.011542956,-0.12084754,-0.022858487,0.0,0.0,0.0,0.0,0,69.576
99572000,99572000,0.99403685,0.012822621,-0.10590267,-0.02280398,0.0,0.0,0.0,0.0,0,69.596
99592000,99592000,0.9955006,0.014081765,-0.090945445,-0.02276462,0.0,0.0,0.0,0.0,0,69.616
99612000,99612000,0.9967323,0.015310327,-0.07604106,-0.02274159,0.0,0.0,0.0,0.0,0,69.636
99632000,99632000,0.99773055,0.016500933,-0.061267525,-0.022735173,0.0,0.0,0.0,0.0,0,69.656
99652000,99652000,0.9984997,0.017646825,-0.046676625,-0.022745743,0.0,0.0,0.0,0.0,0,69.676
99672000,99672000,0.9990468,0.018749386,-0.03231785,-0.02277291,0.0,0.0,0.0,0.0,0,69.696
99692000,99692000,0.999381,0.019795723,-0.018282406,-0.022817515,0.0,0.0,0.0,0.0,0,69.716
99712000,99712000,0.9995161,0.020785818,-0.0045978837,-0.02287903,0.0,0.0,0.0,0.0,0,69.736
99732000,99732000,0.99946743,0.021711256,0.008688134,-0.022957299,0.0,0.0,0.0,0.0,0,69.756
99752000,99752000,0.9992513,0.022575796,0.021561183,-0.02305113,0.0,0.0,0.0,0.0,0,69.776
99772000,99772000,0.9988852,0.023378553,0.033976972,-0.02316008,0.0,0.0,0.0,0.0,0,69.796
99792000,99792000,0.99838746,0.024115693,0.045912165,-0.023283025,0.0,0.0,0.0,0.0,0,69.816
99812000,99812000,0.9977753,0.024786664,0.057364956,-0.023418158,0.0,0.0,0.0,0.0,0,69.836
99832000,99832000,0.9970673,0.025392102,0.06830774,-0.023564836,0.0,0.0,0.0,0.0,0,69.856
99852000,99852000,0.9962791,0.025935363,0.07875043,-0.023721354,0.0,0.0,0.0,0.0,0,69.876
99872000,99872000,0.9954295,0.026411556,0.08866241,-0.023886353,0.0,0.0,0.0,0.0,0,69.896
99892000,99892000,0.99453086,0.026829299,0.09807592,-0.024058044,0.0,0.0,0.0,0.0,0,69.916
99912000,99912000,0.9935999,0.02718663,0.106966905,-0.024235329,0.0,0.0,0.0,0.0,0,69.936
99932000,99932000,0.99264365,0.027493266,0.115393646,-0.02441591,0.0,0.0,0.0,0.0,0,69.956
99952000,99952000,0.9916769,0.027740056,0.12333452,-0.024597693,0.0,0.0,0.0,0.0,0,69.976
99972000,99972000,0.99070656,0.027934095,0.13082565,-0.024778662,0.0,0.0,0.0,0.0,0,69.996
99992000,99992000,0.9897461,0.028071802,0.13784374,-0.024957802,0.0,0.0,0.0,0.0,0,70.016
100012000,100012000,0.9887986,0.028161796,0.14443545,-0.02513367,0.0,0.0,0.0,0.0,0,70.036
100032000,100032000,0.9878748,0.028200565,0.15058838,-0.025304118,0.0,0.0,0.0,0.0,0,70.056
100052000,100052000,0.98697877,0.028190797,0.1563289,-0.025467437,0.0,0.0,0.0,0.0,0,70.076
100072000,100072000,0.9861178,0.028127361,0.16165793,-0.025621248,0.0,0.0,0.0,0.0,0,70.096
100092000,100092000,0.9852954,0.028016893,0.16659324,-0.02576525,0.0,0.0,0.0,0.0,0,70.116
100112000,100112000,0.9845152,0.027867576,0.17114781,-0.025899433,0.0,0.0,0.0,0.0,0,70.136
100132000,100132000,0.98377985,0.027679125,0.17533673,-0.026022311,0.0,0.0,0.0,0.0,0,70.156
100152000,100152000,0.9830902,0.027456554,0.1791813,-0.026133325,0.0,0.0,0.0,0.0,0,70.176
100172000,100172000,0.9824485,0.027204521,0.1826903,-0.026232429,0.0,0.0,0.0,0.0,0,70.196
100192000,100192000,0.98185486,0.026928209,0.18588255,-0.026319532,0.0,0.0,0.0,0.0,0,70.216
100212000,100212000,0.98131335,0.026618995,0.18875396,-0.026392639,0.0,0.0,0.0,0.0,0,70.236
100232000,100232000,0.98082227,0.026281876,0.19132777,-0.026451537,0.0,0.0,0.0,0.0,0,70.256
100252000,100252000,0.980383,0.025913239,0.19360986,-0.026495196,0.0,0.0,0.0,0.0,0,70.276
100272000,100272000,0.9799945,0.025523456,0.19561428,-0.02652526,0.0,0.0,0.0,0.0,0,70.296
100292000,100292000,0.9796598,0.025112368,0.1973338,-0.026542297,0.0,0.0,0.0,0.0,0,70.316
100312000,100312000,0.9793768,0.024686547,0.19878648,-0.026547352,0.0,0.0,0.0,0.0,0,70.336
100332000,100332000,0.9791452,0.02424773,0.1999785,-0.026540786,0.0,0.0,0.0,0.0,0,70.356
100352000,100352000,0.9789631,0.023803111,0.20092359,-0.026523834,0.0,0.0,0.0,0.0,0,70.376
100372000,100372000,0.97883046,0.023346175,0.20162588,-0.026495636,0.0,0.0,0.0,0.0,0,70.396
100392000,100392000,0.97874504,0.02288248,0.20209804,-0.026457313,0.0,0.0,0.0,0.0,0,70.416
100412000,100412000,0.97870725,0.02240968,0.2023402,-0.026408952,0.0,0.0,0.0,0.0,0,70.436
100432000,100432000,0.9787138,0.021931922,0.20236836,-0.02635174,0.0,0.0,0.0,0.0,0,70.456
100452000,100452000,0.9787628,0.021451533,0.20219123,-0.02628692,0.0,0.0,0.0,0.0,0,70.476
100472000,100472000,0.97885346,0.02096643,0.2018123,-0.026214493,0.0,0.0,0.0,0.0,0,70.496
100492000,100492000,0.97898257,0.020475777,0.20124605,-0.026134485,0.0,0.0,0.0,0.0,0,70.516
100512000,100512000,0.9791495,0.019978732,0.20049371,-0.026047144,0.0,0.0,0.0,0.0,0,70.536
100532000,100532000,0.9793524,0.019474033,0.19956248,-0.025952714,0.0,0.0,0.0,0.0,0,70.556
100552000,100552000,0.9795892,0.01896548,0.19845913,-0.025852725,0.0,0.0,0.0,0.0,0,70.576
100572000,100572000,0.9798576,0.018453058,0.19719188,-0.02574752,0.0,0.0,0.0,0.0,0,70.596
100592000,100592000,0.9801558,0.017933417,0.19576725,-0.025636667,0.0,0.0,0.0,0.0,0,70.616
100612000,100612000,0.9804817,0.0174045,0.19419207,-0.025520522,0.0,0.0,0.0,0.0,0,70.636
100632000,100632000,0.9808334,0.016866874,0.19247158,-0.025399545,0.0,0.0,0.0,0.0,0,70.656
100652000,100652000,0.98121053,0.016315157,0.19060464,-0.025273118,0.0,0.0,0.0,0.0,0,70.676
100672000,100672000,0.9816104,0.015756665,0.18859914,-0.025143268,0.0,0.0,0.0,0.0,0,70.696
100692000,100692000,0.98203075,0.015189931,0.18646315,-0.025010208,0.0,0.0,0.0,0.0,0,70.716
100712000,100712000,0.98246694,0.01461735,0.18421552,-0.02487482,0.0,0.0,0.0,0.0,0,70.736
100732000,100732000,0.9829183,0.014034431,0.18185657,-0.024736706,0.0,0.0,0.0,0.0,0,70.756
100752000,100752000,0.9833823,0.013444959,0.17939514,-0.024596605,0.0,0.0,0.0,0.0,0,70.776
100772000,100772000,0.98385847,0.012842234,0.17682958,-0.024453942,0.0,0.0,0.0,0.0,0,70.796
100792000,100792000,0.9843438,0.012235186,0.17417112,-0.024310742,0.0,0.0,0.0,0.0,0,70.816
100812000,100812000,0.9848374,0.011616817,0.17142162,-0.02416602,0.0,0.0,0.0,0.0,0,70.836
100832000,100832000,0.9853365,0.010991931,0.16859207,-0.024020882,0.0,0.0,0.0,0.0,0,70.856
100852000,100852000,0.9858411,0.010357714,0.1656779,-0.02387529,0.0,0.0,0.0,0.0,0,70.876
100872000,100872000,0.9863479,0.009719184,0.16269407,-0.023730243,0.0,0.0,0.0,0.0,0,70.896
100892000,100892000,0.98685706,0.00907198,0.15963614,-0.023585109,0.0,0.0,0.0,0.0,0,70.916
100912000,100912000,0.9873647,0.008416986,0.15652385,-0.023439977,0.0,0.0,0.0,0.0,0,70.936
100932000,100932000,0.98787063,0.0077509843,0.15335566,-0.023294711,0.0,0.0,0.0,0.0,0,70.956
100952000,100952000,0.9883725,0.0070776227,0.150143,-0.023150196,0.0,0.0,0.0,0.0,0,70.976
100972000,100972000,0.9888689,0.0064052194,0.14689128,-0.023008116,0.0,0.0,0.0,0.0,0,70.996
100992000,100992000,0.9893565,0.005732613,0.1436211,-0.022868248,0.0,0.0,0.0,0.0,0,71.016
101012000,101012000,0.9898368,0.005057002,0.14032106,-0.022730466,0.0,0.0,0.0,0.0,0,71.036
101032000,101032000,0.99030906,0.00437433,0.13699406,-0.022594357,0.0,0.0,0.0,0.0,0,71.056
101052000,101052000,0.99077314,0.0036904293,0.13363962,-0.022460997,0.0,0.0,0.0,0.0,0,71.076
101072000,101072000,0.99122685,0.003003898,0.13027184,-0.022330131,0.0,0.0,0.0,0.0,0,71.096
101092000,101092000,0.99167013,0.0023162263,0.12689057,-0.022202078,0.0,0.0,0.0,0.0,0,71.116
101112000,101112000,0.99210083,0.0016244805,0.12351145,-0.022076413,0.0,0.0,0.0,0.0,0,71.136
101132000,101132000,0.99251884,0.0009347258,0.12013574,-0.021953918,0.0,0.0,0.0,0.0,0,71.156
101152000,101152000,0.99292356,0.00024060474,0.11676946,-0.02183395,0.0,0.0,0.0,0.0,0,71.176
101172000,101172000,0.99331594,-0.00045245976,0.11340506,-0.021717312,0.0,0.0,0.0,0.0,0,71.196
101192000,101192000,0.9936946,-0.0011471064,0.11005503,-0.021603728,0.0,0.0,0.0,0.0,0,71.216
101212000,101212000,0.99405915,-0.0018389779,0.106724545,-0.021493785,0.0,0.0,0.0,0.0,0,71.236
101232000,101232000,0.9944087,-0.002529777,0.10342425,-0.021387113,0.0,0.0,0.0,0.0,0,71.256
101252000,101252000,0.9947444,-0.00321112,0.100146145,-0.02128457,0.0,0.0,0.0,0.0,0,71.276
101272000,101272000,0.99506533,-0.0038893442,0.09690272,-0.021185493,0.0,0.0,0.0,0.0,0,71.296
101292000,101292000,0.9953718,-0.004558274,0.09369358,-0.021090306,0.0,0.0,0.0,0.0,0,71.316
101312000,101312000,0.9956633,-0.0052231853,0.09052913,-0.020998593,0.0,0.0,0.0,0.0,0,71.336
101332000,101332000,0.99594015,-0.005873932,0.0874101,-0.020911168,0.0,0.0,0.0,0.0,0,71.356
101352000,101352000,0.99620306,-0.006514086,0.08433498,-0.02082761,0.0,0.0,0.0,0.0,0,71.376
101372000,101372000,0.9964526,-0.0071377438,0.08130068,-0.020748274,0.0,0.0,0.0,0.0,0,71.396
101392000,101392000,0.99668854,-0.0077497656,0.07831755,-0.020672577,0.0,0.0,0.0,0.0,0,71.416
101412000,101412000,0.9969108,-0.008342619,0.07539197,-0.02060107,0.0,0.0,0.0,0.0,0,71.436
101432000,101432000,0.9971199,-0.008920479,0.07252459,-0.020533556,0.0,0.0,0.0,0.0,0,71.456
101452000,101452000,0.9973173,-0.009481201,0.069702186,-0.02046998,0.0,0.0,0.0,0.0,0,71.476
101472000,101472000,0.99750245,-0.010031571,0.06693834,-0.020409789,0.0,0.0,0.0,0.0,0,71.496
101492000,101492000,0.9976759,-0.010558706,0.064234644,-0.020353781,0.0,0.0,0.0,0.0,0,71.516
101512000,101512000,0.9978378,-0.01106804,0.06159718,-0.020301463,0.0,0.0,0.0,0.0,0,71.536
101532000,101532000,0.9979892,-0.011555782,0.059016474,-0.020252882,0.0,0.0,0.0,0.0,0,71.556
101552000,101552000,0.9981302,-0.0120273335,0.05649947,-0.020207634,0.0,0.0,0.0,0.0,0,71.576
101572000,101572000,0.9982617,-0.012481655,0.054039128,-0.020165268,0.0,0.0,0.0,0.0,0,71.596
101592000,101592000,0.99838376,-0.012927344,0.051641487,-0.020125316,0.0,0.0,0.0,0.0,0,71.616
101612000,101612000,0.998497,-0.013357704,0.049303774,-0.020087551,0.0,0.0,0.0,0.0,0,71.636
101632000,101632000,0.9986016,-0.013779057,0.047032118,-0.020051736,0.0,0.0,0.0,0.0,0,71.656
101652000,101652000,0.9986982,-0.014184409,0.044823147,-0.02001787,0.0,0.0,0.0,0.0,0,71.676
101672000,101672000,0.9987871,-0.014573513,0.04267957,-0.019985834,0.0,0.0,0.0,0.0,0,71.696
101692000,101692000,0.99886924,-0.014945668,0.040593054,-0.0199553,0.0,0.0,0.0,0.0,0,71.716
101712000,101712000,0.99894434,-0.015307232,0.03857332,-0.019925777,0.0,0.0,0.0,0.0,0,71.736
101732000,101732000,0.9990133,-0.015648963,0.036616456,-0.019897755,0.0,0.0,0.0,0.0,0,71.756
101752000,101752000,0.9990762,-0.015979106,0.034722578,-0.019870814,0.0,0.0,0.0,0.0,0,71.776
101772000,101772000,0.99913377,-0.016288558,0.032889035,-0.019845184,0.0,0.0,0.0,0.0,0,71.796
101792000,101792000,0.99918634,-0.016572282,0.031117553,-0.019820988,0.0,0.0,0.0,0.0,0,71.816
101812000,101812000,0.99923426,-0.016827138,0.02940931,-0.019798119,0.0,0.0,0.0,0.0,0,71.836
101832000,101832000,0.99927765,-0.017061774,0.027768487,-0.0197761,0.0,0.0,0.0,0.0,0,71.856
101852000,101852000,0.99931717,-0.01727407,0.026184088,-0.019754708,0.0,0.0,0.0,0.0,0,71.876
101872000,101872000,0.99935305,-0.01747083,0.024657175,-0.019733561,0.0,0.0,0.0,0.0,0,71.896
101892000,101892000,0.9993855,-0.017649906,0.023187518,-0.019712487,0.0,0.0,0.0,0.0,0,71.916
101912000,101912000,0.99941474,-0.017816534,0.021774594,-0.019691085,0.0,0.0,0.0,0.0,0,71.936
101932000,101932000,0.9994412,-0.017967908,0.020413473,-0.019669238,0.0,0.0,0.0,0.0,0,71.956
101952000,101952000,0.9994648,-0.01810571,0.019116271,-0.019647107,0.0,0.0,0.0,0.0,0,71.976
101972000,101972000,0.99948597,-0.018230315,0.017873969,-0.019624379,0.0,0.0,0.0,0.0,0,71.996
101992000,101992000,0.9995049,-0.0183441,0.016683059,-0.01960073,0.0,0.0,0.0,0.0,0,72.016
102012000,102012000,0.999522,-0.01845024,0.015535084,-0.0195756,0.0,0.0,0.0,0.0,0,72.036
102032000,102032000,0.999537,-0.018553425,0.014437697,-0.019549215,0.0,0.0,0.0,0.0,0,72.056
102052000,102052000,0.9995504,-0.018648237,0.013386179,-0.019521797,0.0,0.0,0.0,0.0,0,72.076
102072000,102072000,0.9995624,-0.018731864,0.012379979,-0.019493433,0.0,0.0,0.0,0.0,0,72.096
102092000,102092000,0.99957323,-0.018796705,0.011416817,-0.019463932,0.0,0.0,0.0,0.0,0,72.116
102112000,102112000,0.99958307,-0.01883444,0.010505407,-0.019433241,0.0,0.0,0.0,0.0,0,72.136
102132000,102132000,0.99959224,-0.018843908,0.009639211,-0.01940168,0.0,0.0,0.0,0.0,0,72.156
102152000,102152000,0.99960065,-0.018839492,0.008810189,-0.019368993,0.0,0.0,0.0,0.0,0,72.176
102172000,102172000,0.99960816,-0.018824887,0.008023388,-0.019334903,0.0,0.0,0.0,0.0,0,72.196
102192000,102192000,0.999615,-0.018798979,0.0072832024,-0.019299783,0.0,0.0,0.0,0.0,0,72.216
102212000,102212000,0.99962133,-0.018756757,0.0065845805,-0.019263774,0.0,0.0,0.0,0.0,0,72.236
102232000,102232000,0.99962723,-0.018698113,0.0059316717,-0.01922717,0.0,0.0,0.0,0.0,0,72.256
102252000,102252000,0.9996327,-0.018625623,0.005324225,-0.019190023,0.0,0.0,0.0,0.0,0,72.276
102272000,102272000,0.9996378,-0.018546162,0.004752354,-0.019152489,0.0,0.0,0.0,0.0,0,72.296
102292000,102292000,0.9996426,-0.018456176,0.00421152,-0.019114176,0.0,0.0,0.0,0.0,0,72.316
102312000,102312000,0.9996474,-0.018346973,0.0037065195,-0.019075025,0.0,0.0,0.0,0.0,0,72.336
102332000,102332000,0.9996522,-0.018214932,0.0032383827,-0.019034984,0.0,0.0,0.0,0.0,0,72.356
102352000,102352000,0.9996571,-0.018060286,0.002806235,-0.018993787,0.0,0.0,0.0,0.0,0,72.376
102372000,102372000,0.9996619,-0.017894426,0.002409905,-0.018951692,0.0,0.0,0.0,0.0,0,72.396
102392000,102392000,0.99966663,-0.017720886,0.0020453508,-0.018909076,0.0,0.0,0.0,0.0,0,72.416
102412000,102412000,0.9996713,-0.017537335,0.0017072603,-0.018866027,0.0,0.0,0.0,0.0,0,72.436
102432000,102432000,0.999676,-0.01734232,0.0013922823,-0.018822635,0.0,0.0,0.0,0.0,0,72.456
102452000,102452000,0.99968076,-0.017136024,0.001098699,-0.018778905,0.0,0.0,0.0,0.0,0,72.476
102472000,102472000,0.9996856,-0.016916713,0.0008280535,-0.018734908,0.0,0.0,0.0,0.0,0,72.496
102492000,102492000,0.9996904,-0.016686697,0.0005927438,-0.01869108,0.0,0.0,0.0,0.0,0,72.516
102512000,102512000,0.9996952,-0.016456243,0.00039055463,-0.018647578,0.0,0.0,0.0,0.0,0,72.536
102532000,102532000,0.9996998,-0.016228298,0.00020320194,-0.018604008,0.0,0.0,0.0,0.0,0,72.556
102552000,102552000,0.9997045,-0.0159877,2.514112e-05,-0.0185607,0.0,0.0,0.0,0.0,0,72.576
102572000,102572000,0.9997095,-0.015721247,-0.00012657314,-0.018518042,0.0,0.0,0.0,0.0,0,72.596
102592000,102592000,0.9997146,-0.01544013,-0.0002567476,-0.018476209,0.0,0.0,0.0,0.0,0,72.616
102612000,102612000,0.9997197,-0.015154623,-0.00037581986,-0.018434813,0.0,0.0,0.0,0.0,0,72.636
102632000,102632000,0.99972475,-0.014866587,-0.0004881263,-0.018393826,0.0,0.0,0.0,0.0,0,72.656
102652000,102652000,0.9997297,-0.014577325,-0.0005822837,-0.018353386,0.0,0.0,0.0,0.0,0,72.676
102672000,102672000,0.9997345,-0.014289743,-0.00064975076,-0.01831401,0.0,0.0,0.0,0.0,0,72.696
102692000,102692000,0.9997391,-0.014010708,-0.00069738086,-0.018275984,0.0,0.0,0.0,0.0,0,72.716
102712000,102712000,0.9997437,-0.013726086,-0.0007286013,-0.018239189,0.0,0.0,0.0,0.0,0,72.736
102732000,102732000,0.99974835,-0.013431621,-0.00076278654,-0.018203378,0.0,0.0,0.0,0.0,0,72.756
102752000,102752000,0.9997529,-0.01313395,-0.00080378476,-0.018168751,0.0,0.0,0.0,0.0,0,72.776
102772000,102772000,0.99975747,-0.012828833,-0.00083334715,-0.018135156,0.0,0.0,0.0,0.0,0,72.796
102792000,102792000,0.999762,-0.012515384,-0.0008429727,-0.018102767,0.0,0.0,0.0,0.0,0,72.816
102812000,102812000,0.9997664,-0.0122049535,-0.00084920577,-0.018071536,0.0,0.0,0.0,0.0,0,72.836
102832000,102832000,0.99977064,-0.011897822,-0.00085680635,-0.018040895,0.0,0.0,0.0,0.0,0,72.856
102852000,102852000,0.9997748,-0.01159065,-0.0008617956,-0.018010853,0.0,0.0,0.0,0.0,0,72.876
102872000,102872000,0.99977887,-0.01128225,-0.0008661196,-0.0179812,0.0,0.0,0.0,0.0,0,72.896
102892000,102892000,0.99978286,-0.010968756,-0.0008672333,-0.017951848,0.0,0.0,0.0,0.0,0,72.916
102912000,102912000,0.9997868,-0.010650878,-0.0008627729,-0.017923076,0.0,0.0,0.0,0.0,0,72.936
102932000,102932000,0.99979067,-0.010331321,-0.00084852974,-0.017894963,0.0,0.0,0.0,0.0,0,72.956
102952000,102952000,0.9997944,-0.010013312,-0.0008317785,-0.017867723,0.0,0.0,0.0,0.0,0,72.976
102972000,102972000,0.999798,-0.009700291,-0.0008037753,-0.0178416,0.0,0.0,0.0,0.0,0,72.996
102992000,102992000,0.9998014,-0.009392549,-0.00077062484,-0.017816344,0.0,0.0,0.0,0.0,0,73.016
103012000,103012000,0.99980474,-0.009085624,-0.00072893774,-0.017791945,0.0,0.0,0.0,0.0,0,73.036
103032000,103032000,0.99980795,-0.008776381,-0.00067798165,-0.017768538,0.0,0.0,0.0,0.0,0,73.056
103052000,103052000,0.99981105,-0.008465571,-0.00061727845,-0.017746234,0.0,0.0,0.0,0.0,0,73.076
103072000,103072000,0.9998141,-0.008148321,-0.0005637592,-0.017724978,0.0,0.0,0.0,0.0,0,73.096
103092000,103092000,0.999817,-0.007830171,-0.0005102265,-0.01770476,0.0,0.0,0.0,0.0,0,73.116
103112000,103112000,0.9998198,-0.007517682,-0.0004408617,-0.017685603,0.0,0.0,0.0,0.0,0,73.136
103132000,103132000,0.9998224,-0.0072130137,-0.00036134978,-0.017667724,0.0,0.0,0.0,0.0,0,73.156
103152000,103152000,0.99982476,-0.0069188504,-0.00028643652,-0.017650986,0.0,0.0,0.0,0.0,0,73.176
103172000,103172000,0.999827,-0.0066325204,-0.00022069401,-0.01763531,0.0,0.0,0.0,0.0,0,73.196
103192000,103192000,0.99982905,-0.0063566957,-0.00015173643,-0.0176212,0.0,0.0,0.0,0.0,0,73.216
103212000,103212000,0.99983096,-0.006088825,-6.441379e-05,-0.0176088,0.0,0.0,0.0,0.0,0,73.236
103232000,103232000,0.99983275,-0.0058240006,2.6963746e-05,-0.0175977,0.0,0.0,0.0,0.0,0,73.256
103252000,103252000,0.99983436,-0.005565161,0.00011541264,-0.017587835,0.0,0.0,0.0,0.0,0,73.276
103272000,103272000,0.9998359,-0.005313293,0.00020200237,-0.017579269,0.0,0.0,0.0,0.0,0,73.296
103292000,103292000,0.9998373,-0.005059831,0.00030100773,-0.017572204,0.0,0.0,0.0,0.0,0,73.316
103312000,103312000,0.99983865,-0.004803789,0.0004016523,-0.017566282,0.0,0.0,0.0,0.0,0,73.336
103332000,103332000,0.99983984,-0.0045479774,0.0005020347,-0.01756145,0.0,0.0,0.0,0.0,0,73.356
103352000,103352000,0.999841,-0.004292659,0.00061249797,-0.017557552,0.0,0.0,0.0,0.0,0,73.376
103372000,103372000,0.99984205,-0.0040323627,0.0007289143,-0.017554693,0.0,0.0,0.0,0.0,0,73.396
103392000,103392000,0.999843,-0.0037733142,0.00084111263,-0.017552683,0.0,0.0,0.0,0.0,0,73.416
103412000,103412000,0.9998439,-0.0035135176,0.000950888,-0.017551627,0.0,0.0,0.0,0.0,0,73.436
103432000,103432000,0.9998446,-0.0032575277,0.0010634462,-0.01755186,0.0,0.0,0.0,0.0,0,73.456
103452000,103452000,0.99984527,-0.0030044601,0.0011809652,-0.017553288,0.0,0.0,0.0,0.0,0,73.476
103472000,103472000,0.9998458,-0.002753376,0.0012924942,-0.01755571,0.0,0.0,0.0,0.0,0,73.496
103492000,103492000,0.9998463,-0.0025009504,0.0014002951,-0.017559106,0.0,0.0,0.0,0.0,0,73.516
103512000,103512000,0.99984664,-0.002255156,0.0015129364,-0.017562972,0.0,0.0,0.0,0.0,0,73.536
103532000,103532000,0.9998469,-0.0020054737,0.0016412581,-0.017567636,0.0,0.0,0.0,0.0,0,73.556
103552000,103552000,0.999847,-0.0017557539,0.0017767465,-0.01757324,0.0,0.0,0.0,0.0,0,73.576
103572000,103572000,0.99984705,-0.0015084341,0.0019061763,-0.017579753,0.0,0.0,0.0,0.0,0,73.596
103592000,103592000,0.99984705,-0.0012645223,0.0020264534,-0.017587056,0.0,0.0,0.0,0.0,0,73.616
103612000,103612000,0.99984694,-0.0010268197,0.0021377846,-0.017595103,0.0,0.0,0.0,0.0,0,73.636
103632000,103632000,0.99984676,-0.00079191435,0.0022400164,-0.017604155,0.0,0.0,0.0,0.0,0,73.656
103652000,103652000,0.9998466,-0.0005490083,0.002329508,-0.017613627,0.0,0.0,0.0,0.0,0,73.676
103672000,103672000,0.9998463,-0.00030979133,0.0024131313,-0.017622994,0.0,0.0,0.0,0.0,0,73.696
103692000,103692000,0.999846,-7.681151e-05,0.002497228,-0.017632041,0.0,0.0,0.0,0.0,0,73.716
103712000,103712000,0.9998456,0.00015667963,0.002572255,-0.017640732,0.0,0.0,0.0,0.0,0,73.736
103732000,103732000,0.99984527,0.00038628172,0.0026300875,-0.017649166,0.0,0.0,0.0,0.0,0,73.756
103752000,103752000,0.99984485,0.00061636535,0.0026808607,-0.01765788,0.0,0.0,0.0,0.0,0,73.776
103772000,103772000,0.9998444,0.00084662373,0.0027282177,-0.017667009,0.0,0.0,0.0,0.0,0,73.796
103792000,103792000,0.99984396,0.0010694735,0.0027593246,-0.017676823,0.0,0.0,0.0,0.0,0,73.816
103812000,103812000,0.9998434,0.001289164,0.002776672,-0.017687377,0.0,0.0,0.0,0.0,0,73.836
103832000,103832000,0.9998429,0.0015099008,0.00278924,-0.017698495,0.0,0.0,0.0,0.0,0,73.856
103852000,103852000,0.9998423,0.0017328423,0.0027950464,-0.017710354,0.0,0.0,0.0,0.0,0,73.876
103872000,103872000,0.9998417,0.001954218,0.0027885893,-0.017723069,0.0,0.0,0.0,0.0,0,73.896
103892000,103892000,0.99984103,0.0021730585,0.0027714665,-0.017736532,0.0,0.0,0.0,0.0,0,73.916
103912000,103912000,0.9998404,0.0023828093,0.002756986,-0.017750962,0.0,0.0,0.0,0.0,0,73.936
103932000,103932000,0.9998396,0.0025837475,0.0027402353,-0.017766152,0.0,0.0,0.0,0.0,0,73.956
103952000,103952000,0.9998389,0.0027809783,0.0027163904,-0.017782075,0.0,0.0,0.0,0.0,0,73.976
103972000,103972000,0.9998382,0.0029664526,0.002676917,-0.017798373,0.0,0.0,0.0,0.0,0,73.996
103992000,103992000,0.99983746,0.0031393825,0.0026361814,-0.017815152,0.0,0.0,0.0,0.0,0,74.016
104012000,104012000,0.9998367,0.003303854,0.0026070417,-0.017831901,0.0,0.0,0.0,0.0,0,74.036
104032000,104032000,0.99983597,0.0034640557,0.0025741835,-0.017848177,0.0,0.0,0.0,0.0,0,74.056
104052000,104052000,0.9998352,0.003622684,0.0025320507,-0.01786389,0.0,0.0,0.0,0.0,0,74.076
104072000,104072000,0.9998345,0.0037758457,0.0024840476,-0.01787922,0.0,0.0,0.0,0.0,0,74.096
104092000,104092000,0.9998338,0.0039188424,0.00242907,-0.01789393,0.0,0.0,0.0,0.0,0,74.116
104112000,104112000,0.99983317,0.004050025,0.0023721554,-0.0179086,0.0,0.0,0.0,0.0,0,74.136
104132000,104132000,0.9998326,0.004173648,0.0023126095,-0.017922608,0.0,0.0,0.0,0.0,0,74.156
104152000,104152000,0.999832,0.0042873546,0.0022465053,-0.017936233,0.0,0.0,0.0,0.0,0,74.176
104172000,104172000,0.99983144,0.0043830904,0.0021782564,-0.017949628,0.0,0.0,0.0,0.0,0,74.196
104192000,104192000,0.999831,0.0044579823,0.0021094917,-0.017962703,0.0,0.0,0.0,0.0,0,74.216
104212000,104212000,0.99983066,0.004524787,0.0020367177,-0.01797554,0.0,0.0,0.0,0.0,0,74.236
104232000,104232000,0.9998302,0.0046024774,0.0019750113,-0.017988017,0.0,0.0,0.0,0.0,0,74.256
104252000,104252000,0.9998297,0.0046813395,0.0019176714,-0.018000338,0.0,0.0,0.0,0.0,0,74.276
104272000,104272000,0.9998293,0.00474512,0.0018628661,-0.018012412,0.0,0.0,0.0,0.0,0,74.296
104292000,104292000,0.99982893,0.004796125,0.0018128974,-0.018024033,0.0,0.0,0.0,0.0,0,74.316
104312000,104312000,0.99982864,0.0048453906,0.0017516246,-0.018035267,0.0,0.0,0.0,0.0,0,74.336
104332000,104332000,0.99982834,0.0048888708,0.0016881377,-0.018045686,0.0,0.0,0.0,0.0,0,74.356
104352000,104352000,0.99982804,0.0049267,0.0016362023,-0.018055579,0.0,0.0,0.0,0.0,0,74.376
104372000,104372000,0.9998278,0.0049584876,0.0015829323,-0.018064953,0.0,0.0,0.0,0.0,0,74.396
104392000,104392000,0.9998276,0.0049849395,0.0015236549,-0.018073749,0.0,0.0,0.0,0.0,0,74.416
104412000,104412000,0.9998275,0.004999431,0.0014649682,-0.018081913,0.0,0.0,0.0,0.0,0,74.436
104432000,104432000,0.9998274,0.0050023748,0.0014135415,-0.018089408,0.0,0.0,0.0,0.0,0,74.456
104452000,104452000,0.9998274,0.004993807,0.0013689848,-0.018096332,0.0,0.0,0.0,0.0,0,74.476
104472000,104472000,0.99982744,0.0049801795,0.0013114833,-0.018102957,0.0,0.0,0.0,0.0,0,74.496
104492000,104492000,0.99982744,0.004968814,0.0012468065,-0.018109296,0.0,0.0,0.0,0.0,0,74.516
104512000,104512000,0.9998275,0.0049470626,0.0011843763,-0.018115338,0.0,0.0,0.0,0.0,0,74.536
104532000,104532000,0.9998276,0.0049178023,0.0011106957,-0.018121159,0.0,0.0,0.0,0.0,0,74.556
104552000,104552000,0.99982774,0.0048883324,0.0010367531,-0.018126763,0.0,0.0,0.0,0.0,0,74.576
104572000,104572000,0.99982786,0.004860938,0.0009824714,-0.018132202,0.0,0.0,0.0,0.0,0,74.596
104592000,104592000,0.999828,0.004824424,0.000932979,-0.01813752,0.0,0.0,0.0,0.0,0,74.616
104612000,104612000,0.99982816,0.0047838544,0.00086621405,-0.018142868,0.0,0.0,0.0,0.0,0,74.636
104632000,104632000,0.99982834,0.004736781,0.00079926295,-0.018148258,0.0,0.0,0.0,0.0,0,74.656
104652000,104652000,0.9998286,0.0046767164,0.00073972123,-0.01815331,0.0,0.0,0.0,0.0,0,74.676
104672000,104672000,0.9998288,0.004608165,0.0006775158,-0.0181582,0.0,0.0,0.0,0.0,0,74.696
104692000,104692000,0.9998291,0.0045380187,0.00062404794,-0.01816325,0.0,0.0,0.0,0.0,0,74.716
104712000,104712000,0.9998294,0.0044535073,0.0005775922,-0.018168397,0.0,0.0,0.0,0.0,0,74.736
104732000,104732000,0.99982977,0.0043555666,0.0005381853,-0.018173821,0.0,0.0,0.0,0.0,0,74.756
104752000,104752000,0.9998301,0.004254187,0.00050120143,-0.018179448,0.0,0.0,0.0,0.0,0,74.776
104772000,104772000,0.9998304,0.0041594408,0.00047253468,-0.018185051,0.0,0.0,0.0,0.0,0,74.796
104792000,104792000,0.9998307,0.004065903,0.0004503824,-0.018190484,0.0,0.0,0.0,0.0,0,74.816
104812000,104812000,0.999831,0.0039737266,0.00040826644,-0.018195862,0.0,0.0,0.0,0.0,0,74.836
104832000,104832000,0.9998313,0.003878742,0.0003589109,-0.01820124,0.0,0.0,0.0,0.0,0,74.856
104852000,104852000,0.99983156,0.0037860682,0.0003290738,-0.018206565,0.0,0.0,0.0,0.0,0,74.876
104872000,104872000,0.99983186,0.003692758,0.00031735323,-0.018211966,0.0,0.0,0.0,0.0,0,74.896
104892000,104892000,0.99983215,0.00358492,0.00030980463,-0.018217368,0.0,0.0,0.0,0.0,0,74.916
104912000,104912000,0.99983245,0.0034714753,0.0003135926,-0.01822266,0.0,0.0,0.0,0.0,0,74.936
104932000,104932000,0.9998327,0.0033587937,0.00032164992,-0.018227948,0.0,0.0,0.0,0.0,0,74.956
104952000,104952000,0.999833,0.0032375949,0.0003387092,-0.018233394,0.0,0.0,0.0,0.0,0,74.976
104972000,104972000,0.9998333,0.003112322,0.00034879692,-0.018239165,0.0,0.0,0.0,0.0,0,74.996
104992000,104992000,0.9998336,0.0029817848,0.00034538013,-0.018245358,0.0,0.0,0.0,0.0,0,75.016
105012000,105012000,0.9998338,0.0028509295,0.00035237125,-0.018251706,0.0,0.0,0.0,0.0,0,75.036
105032000,105032000,0.99983406,0.0027242138,0.00035398404,-0.018258026,0.0,0.0,0.0,0.0,0,75.056
105052000,105052000,0.9998343,0.0025999243,0.00035787103,-0.018264249,0.0,0.0,0.0,0.0,0,75.076
105072000,105072000,0.9998345,0.0024795644,0.00037508758,-0.018270392,0.0,0.0,0.0,0.0,0,75.096
105092000,105092000,0.99983466,0.0023604739,0.00038119068,-0.018276524,0.0,0.0,0.0,0.0,0,75.116
105112000,105112000,0.99983484,0.0022420068,0.00038333843,-0.018282557,0.0,0.0,0.0,0.0,0,75.136
105132000,105132000,0.99983495,0.0021278001,0.00038423095,-0.01828827,0.0,0.0,0.0,0.0,0,75.156
105152000,105152000,0.99983513,0.0020090947,0.00037878496,-0.018293759,0.0,0.0,0.0,0.0,0,75.176
105172000,105172000,0.99983525,0.001888076,0.00038364847,-0.018299146,0.0,0.0,0.0,0.0,0,75.196
105192000,105192000,0.9998354,0.0017793012,0.0003957413,-0.01830459,0.0,0.0,0.0,0.0,0,75.216
105212000,105212000,0.99983543,0.0016810396,0.00039150481,-0.018310107,0.0,0.0,0.0,0.0,0,75.236
105232000,105232000,0.9998355,0.0015868319,0.00038288944,-0.018315537,0.0,0.0,0.0,0.0,0,75.256
105252000,105252000,0.9998355,0.0014928955,0.00039030137,-0.01832099,0.0,0.0,0.0,0.0,0,75.276
105272000,105272000,0.99983555,0.0013906372,0.00039531686,-0.018326642,0.0,0.0,0.0,0.0,0,75.296
105292000,105292000,0.9998356,0.0012905608,0.00039020658,-0.018332362,0.0,0.0,0.0,0.0,0,75.316
105312000,105312000,0.9998356,0.0011982532,0.00038671494,-0.018337773,0.0,0.0,0.0,0.0,0,75.336
105332000,105332000,0.9998356,0.0011118788,0.00037440876,-0.018342983,0.0,0.0,0.0,0.0,0,75.356
105352000,105352000,0.9998356,0.0010237655,0.0003656315,-0.018347586,0.0,0.0,0.0,0.0,0,75.376
105372000,105372000,0.9998356,0.0009365672,0.0003736405,-0.018351847,0.0,0.0,0.0,0.0,0,75.396
105392000,105392000,0.9998356,0.000860628,0.0003811109,-0.018355763,0.0,0.0,0.0,0.0,0,75.416
105412000,105412000,0.9998356,0.00078230107,0.00037321166,-0.01835985,0.0,0.0,0.0,0.0,0,75.436
105432000,105432000,0.9998356,0.0006884687,0.00036320914,-0.018363237,0.0,0.0,0.0,0.0,0,75.456
105452000,105452000,0.99983567,0.00058340747,0.00035647495,-0.018365853,0.0,0.0,0.0,0.0,0,75.476
105472000,105472000,0.99983567,0.0004783172,0.00034588767,-0.01836813,0.0,0.0,0.0,0.0,0,75.496
105492000,105492000,0.99983567,0.00037298046,0.00033374247,-0.018370062,0.0,0.0,0.0,0.0,0,75.516
105512000,105512000,0.99983567,0.00026712683,0.0003211132,-0.018371848,0.0,0.0,0.0,0.0,0,75.536
105532000,105532000,0.99983567,0.0001647529,0.00030277384,-0.018373296,0.0,0.0,0.0,0.0,0,75.556
105552000,105552000,0.99983567,5.829303e-05,0.00027101967,-0.018374603,0.0,0.0,0.0,0.0,0,75.576
105572000,105572000,0.99983567,-5.0212213e-05,0.0002458903,-0.018376032,0.0,0.0,0.0,0.0,0,75.596
105592000,105592000,0.9998356,-0.00015908765,0.00023015622,-0.018377252,0.0,0.0,0.0,0.0,0,75.616
105612000,105612000,0.9998356,-0.0002772869,0.00020557377,-0.0183785,0.0,0.0,0.0,0.0,0,75.636
105632000,105632000,0.99983555,-0.00039387203,0.00016808056,-0.018379763,0.0,0.0,0.0,0.0,0,75.656
105652000,105652000,0.9998355,-0.0005062132,0.00014614641,-0.018381085,0.0,0.0,0.0,0.0,0,75.676
105672000,105672000,0.9998354,-0.00061377266,0.0001251798,-0.018382486,0.0,0.0,0.0,0.0,0,75.696
105692000,105692000,0.9998353,-0.0007149692,8.3743806e-05,-0.018384073,0.0,0.0,0.0,0.0,0,75.716
105712000,105712000,0.9998352,-0.00081055774,4.2916738e-05,-0.018385991,0.0,0.0,0.0,0.0,0,75.736
105732000,105732000,0.9998351,-0.0009054238,1.3497841e-05,-0.018388133,0.0,0.0,0.0,0.0,0,75.756
105752000,105752000,0.99983495,-0.0009858573,-1.8405459e-05,-0.01839057,0.0,0.0,0.0,0.0,0,75.776
105772000,105772000,0.99983484,-0.0010523689,-6.144274e-05,-0.018393347,0.0,0.0,0.0,0.0,0,75.796
105792000,105792000,0.99983466,-0.0011208731,-0.00010219362,-0.018396659,0.0,0.0,0.0,0.0,0,75.816
105812000,105812000,0.99983454,-0.0011939523,-0.00013250533,-0.018400302,0.0,0.0,0.0,0.0,0,75.836
105832000,105832000,0.99983436,-0.0012622214,-0.00016241608,-0.01840448,0.0,0.0,0.0,0.0,0,75.856
105852000,105852000,0.9998342,-0.0013176511,-0.00020390644,-0.018409176,0.0,0.0,0.0,0.0,0,75.876
105872000,105872000,0.999834,-0.001371008,-0.0002444348,-0.018414343,0.0,0.0,0.0,0.0,0,75.896
105892000,105892000,0.9998338,-0.0014244101,-0.00028334465,-0.018419933,0.0,0.0,0.0,0.0,0,75.916
105912000,105912000,0.99983364,-0.0014683439,-0.00033061297,-0.018425649,0.0,0.0,0.0,0.0,0,75.936
105932000,105932000,0.99983346,-0.001502315,-0.00037489855,-0.018431174,0.0,0.0,0.0,0.0,0,75.956
105952000,105952000,0.99983335,-0.0015289518,-0.0004152722,-0.018436804,0.0,0.0,0.0,0.0,0,75.976
105972000,105972000,0.99983317,-0.0015490329,-0.00045693695,-0.018442377,0.0,0.0,0.0,0.0,0,75.996
105992000,105992000,0.99983305,-0.0015641799,-0.00050188677,-0.018448113,0.0,0.0,0.0,0.0,0,76.016
106012000,106012000,0.99983287,-0.001570045,-0.000554416,-0.018454049,0.0,0.0,0.0,0.0,0,76.036
106032000,106032000,0.99983275,-0.0015719517,-0.0006034106,-0.01846003,0.0,0.0,0.0,0.0,0,76.056
106052000,106052000,0.9998326,-0.0015698721,-0.0006592003,-0.01846621,0.0,0.0,0.0,0.0,0,76.076
106072000,106072000,0.99983245,-0.0015652628,-0.000715502,-0.01847264,0.0,0.0,0.0,0.0,0,76.096
106092000,106092000,0.9998323,-0.0015571298,-0.0007634205,-0.018479047,0.0,0.0,0.0,0.0,0,76.116
106112000,106112000,0.99983215,-0.0015403174,-0.00080310233,-0.018485317,0.0,0.0,0.0,0.0,0,76.136
106132000,106132000,0.99983203,-0.0015248443,-0.00085329806,-0.018491479,0.0,0.0,0.0,0.0,0,76.156
106152000,106152000,0.9998319,-0.001517598,-0.00089718564,-0.01849777,0.0,0.0,0.0,0.0,0,76.176
106172000,106172000,0.9998318,-0.0015066456,-0.00092307717,-0.018504431,0.0,0.0,0.0,0.0,0,76.196
106192000,106192000,0.9998316,-0.001489054,-0.0009537798,-0.018511157,0.0,0.0,0.0,0.0,0,76.216
106212000,106212000,0.9998315,-0.0014625863,-0.0009915225,-0.018517831,0.0,0.0,0.0,0.0,0,76.236
106232000,106232000,0.99983144,-0.0014312102,-0.0010112908,-0.018524248,0.0,0.0,0.0,0.0,0,76.256
106252000,106252000,0.9998313,-0.0014017433,-0.0010210975,-0.018530602,0.0,0.0,0.0,0.0,0,76.276
106272000,106272000,0.99983126,-0.0013768944,-0.0010451867,-0.018536994,0.0,0.0,0.0,0.0,0,76.296
106292000,106292000,0.99983126,-0.0013559683,-0.00090193655,-0.018543495,0.0,0.0,0.0,0.0,0,76.316
106312000,106312000,0.9998316,-0.0013257234,-0.00010935408,-0.018550696,0.0,0.0,0.0,0.0,0,76.336
106332000,106332000,0.9998307,-0.0012822892,0.0012359141,-0.018558849,0.0,0.0,0.0,0.0,0,76.356
106352000,106352000,0.9998275,-0.0012336965,0.0027884939,-0.01856743,0.0,0.0,0.0,0.0,0,76.376
106372000,106372000,0.99982196,-0.001178194,0.0043240623,-0.018576324,0.0,0.0,0.0,0.0,0,76.396
106392000,106392000,0.99981457,-0.0011193574,0.0057667024,-0.01858531,0.0,0.0,0.0,0.0,0,76.416
106412000,106412000,0.99980587,-0.0010557,0.0071063275,-0.018594256,0.0,0.0,0.0,0.0,0,76.436
106432000,106432000,0.9997963,-0.0009910354,0.008331334,-0.01860307,0.0,0.0,0.0,0.0,0,76.456
106452000,106452000,0.9997865,-0.00092200615,0.009426162,-0.018611845,0.0,0.0,0.0,0.0,0,76.476
106472000,106472000,0.9997769,-0.00085152517,0.0103834625,-0.018620724,0.0,0.0,0.0,0.0,0,76.496
106492000,106492000,0.9997679,-0.0007724626,0.01120894,-0.018629743,0.0,0.0,0.0,0.0,0,76.516
106512000,106512000,0.9997598,-0.00068805396,0.01189775,-0.0186388,0.0,0.0,0.0,0.0,0,76.536
106532000,106532000,0.9997529,-0.00060160534,0.012457505,-0.01864785,0.0,0.0,0.0,0.0,0,76.556
106552000,106552000,0.99974716,-0.0005134642,0.012898311,-0.018656874,0.0,0.0,0.0,0.0,0,76.576
106572000,106572000,0.99974275,-0.0004246173,0.013226918,-0.018666064,0.0,0.0,0.0,0.0,0,76.596
106592000,106592000,0.9997395,-0.00034010893,0.013455328,-0.018675208,0.0,0.0,0.0,0.0,0,76.616
106612000,106612000,0.9997375,-0.00025704372,0.0135973375,-0.018684305,0.0,0.0,0.0,0.0,0,76.636
106632000,106632000,0.9997364,-0.00017383727,0.013663647,-0.018693246,0.0,0.0,0.0,0.0,0,76.656
106652000,106652000,0.9997363,-9.5622854e-05,0.013664099,-0.018701686,0.0,0.0,0.0,0.0,0,76.676
106672000,106672000,0.999737,-1.8780014e-05,0.013600804,-0.018709976,0.0,0.0,0.0,0.0,0,76.696
106692000,106692000,0.99973845,6.0717586e-05,0.013482623,-0.018717846,0.0,0.0,0.0,0.0,0,76.716
106712000,106712000,0.99974054,0.00014207991,0.013314409,-0.01872531,0.0,0.0,0.0,0.0,0,76.736
106732000,106732000,0.99974334,0.00021944627,0.01309288,-0.01873248,0.0,0.0,0.0,0.0,0,76.756
106752000,106752000,0.9997466,0.00029500568,0.012825301,-0.018739367,0.0,0.0,0.0,0.0,0,76.776
106772000,106772000,0.9997504,0.00037531968,0.012520198,-0.018745894,0.0,0.0,0.0,0.0,0,76.796
106792000,106792000,0.99975437,0.0004579964,0.012183166,-0.018752197,0.0,0.0,0.0,0.0,0,76.816
106812000,106812000,0.99975854,0.00054242957,0.011821724,-0.018758172,0.0,0.0,0.0,0.0,0,76.836
106832000,106832000,0.9997629,0.0006264486,0.011438565,-0.018763777,0.0,0.0,0.0,0.0,0,76.856
106852000,106852000,0.99976724,0.00070816436,0.011033294,-0.018768985,0.0,0.0,0.0,0.0,0,76.876
106872000,106872000,0.9997717,0.0007904434,0.010608253,-0.018773923,0.0,0.0,0.0,0.0,0,76.896
106892000,106892000,0.99977607,0.0008720479,0.010173063,-0.018778546,0.0,0.0,0.0,0.0,0,76.916
106912000,106912000,0.99978036,0.0009543909,0.00972755,-0.01878292,0.0,0.0,0.0,0.0,0,76.936
106932000,106932000,0.9997845,0.0010323449,0.009273796,-0.018786887,0.0,0.0,0.0,0.0,0,76.956
106952000,106952000,0.9997886,0.0011051886,0.008806465,-0.018790308,0.0,0.0,0.0,0.0,0,76.976
106972000,106972000,0.9997925,0.001175513,0.008331336,-0.01879327,0.0,0.0,0.0,0.0,0,76.996
106992000,106992000,0.9997963,0.001242329,0.007856918,-0.018795786,0.0,0.0,0.0,0.0,0,77.016
107012000,107012000,0.9997997,0.0013074975,0.007387215,-0.018797796,0.0,0.0,0.0,0.0,0,77.036
107032000,107032000,0.999803,0.001368554,0.0069124456,-0.01879923,0.0,0.0,0.0,0.0,0,77.056
107052000,107052000,0.9998061,0.0014259228,0.0064301607,-0.01880026,0.0,0.0,0.0,0.0,0,77.076
107072000,107072000,0.999809,0.0014790585,0.0059436117,-0.018801391,0.0,0.0,0.0,0.0,0,77.096
107092000,107092000,0.99981177,0.0015321637,0.0054467698,-0.018802607,0.0,0.0,0.0,0.0,0,77.116
107112000,107112000,0.9998143,0.001575931,0.00495087,-0.01880374,0.0,0.0,0.0,0.0,0,77.136
107132000,107132000,0.9998165,0.0015991656,0.0044650985,-0.018804776,0.0,0.0,0.0,0.0,0,77.156
107152000,107152000,0.99981844,0.0016124004,0.003988147,-0.018805817,0.0,0.0,0.0,0.0,0,77.176
107172000,107172000,0.99982023,0.0016219781,0.0035106698,-0.018806847,0.0,0.0,0.0,0.0,0,77.196
107192000,107192000,0.9998217,0.0016265536,0.0030317756,-0.018807929,0.0,0.0,0.0,0.0,0,77.216
107212000,107212000,0.9998231,0.0016170703,0.0025519705,-0.01880906,0.0,0.0,0.0,0.0,0,77.236
107232000,107232000,0.99982417,0.0016002223,0.0020778617,-0.0188105,0.0,0.0,0.0,0.0,0,77.256
107252000,107252000,0.99982506,0.0015725835,0.0016084664,-0.018812336,0.0,0.0,0.0,0.0,0,77.276
107272000,107272000,0.9998257,0.0015368987,0.0011451144,-0.01881446,0.0,0.0,0.0,0.0,0,77.296
107292000,107292000,0.99982613,0.0014960818,0.00069251773,-0.018817179,0.0,0.0,0.0,0.0,0,77.316
107312000,107312000,0.9998264,0.0014523327,0.00024948156,-0.018819945,0.0,0.0,0.0,0.0,0,77.336
107332000,107332000,0.9998264,0.001403588,-0.00018636884,-0.018822659,0.0,0.0,0.0,0.0,0,77.356
107352000,107352000,0.99982625,0.001346808,-0.0006190067,-0.018825894,0.0,0.0,0.0,0.0,0,77.376
107372000,107372000,0.9998259,0.0012868987,-0.0010474408,-0.018829307,0.0,0.0,0.0,0.0,0,77.396
107392000,107392000,0.99982536,0.0012284308,-0.0014648417,-0.01883298,0.0,0.0,0.0,0.0,0,77.416
107412000,107412000,0.9998247,0.0011672643,-0.0018765706,-0.01883692,0.0,0.0,0.0,0.0,0,77.436
107432000,107432000,0.99982387,0.0011038503,-0.0022729533,-0.018840881,0.0,0.0,0.0,0.0,0,77.456
107452000,107452000,0.99982285,0.0010413443,-0.0026623632,-0.018845145,0.0,0.0,0.0,0.0,0,77.476
107472000,107472000,0.9998218,0.0009788895,-0.0030379752,-0.018849695,0.0,0.0,0.0,0.0,0,77.496
107492000,107492000,0.9998206,0.0009154633,-0.0034064185,-0.018854517,0.0,0.0,0.0,0.0,0,77.516
107512000,107512000,0.9998193,0.00084377016,-0.0037628815,-0.018859651,0.0,0.0,0.0,0.0,0,77.536
107532000,107532000,0.9998179,0.000771762,-0.004098464,-0.01886483,0.0,0.0,0.0,0.0,0,77.556
107552000,107552000,0.9998165,0.00070178567,-0.004420581,-0.018870179,0.0,0.0,0.0,0.0,0,77.576
107572000,107572000,0.99981505,0.000637546,-0.004718769,-0.018875865,0.0,0.0,0.0,0.0,0,77.596
107592000,107592000,0.99981385,0.00056616595,-0.0049509574,-0.018881885,0.0,0.0,0.0,0.0,0,77.616
107612000,107612000,0.9998129,0.00048213985,-0.005129228,-0.018888593,0.0,0.0,0.0,0.0,0,77.636
107632000,107632000,0.99981195,0.00038649465,-0.005286575,-0.018895278,0.0,0.0,0.0,0.0,0,77.656
107652000,107652000,0.9998111,0.00028831363,-0.0054271766,-0.018902097,0.0,0.0,0.0,0.0,0,77.676
107672000,107672000,0.99981034,0.00018858422,-0.0055545764,-0.018909188,0.0,0.0,0.0,0.0,0,77.696
107692000,107692000,0.99980956,8.738539e-05,-0.0056634014,-0.018916441,0.0,0.0,0.0,0.0,0,77.716
107712000,107712000,0.9998089,-8.4811545e-06,-0.005759473,-0.018923802,0.0,0.0,0.0,0.0,0,77.736
107732000,107732000,0.99980825,-0.00010167505,-0.0058457428,-0.01893128,0.0,0.0,0.0,0.0,0,77.756
107752000,107752000,0.99980766,-0.00019117477,-0.0059193685,-0.018938754,0.0,0.0,0.0,0.0,0,77.776
107772000,107772000,0.9998071,-0.0002767503,-0.0059822225,-0.018946186,0.0,0.0,0.0,0.0,0,77.796
107792000,107792000,0.9998066,-0.00035808558,-0.0060399515,-0.018953558,0.0,0.0,0.0,0.0,0,77.816
107812000,107812000,0.99980605,-0.0004359408,-0.006100197,-0.018960966,0.0,0.0,0.0,0.0,0,77.836
107832000,107832000,0.99980557,-0.0005139553,-0.006157278,-0.018968662,0.0,0.0,0.0,0.0,0,77.856
107852000,107852000,0.9998051,-0.0005934168,-0.0062011518,-0.018976532,0.0,0.0,0.0,0.0,0,77.876
107872000,107872000,0.9998047,-0.00067126605,-0.0062294193,-0.018984422,0.0,0.0,0.0,0.0,0,77.896
107892000,107892000,0.9998044,-0.00074610725,-0.0062454897,-0.018992277,0.0,0.0,0.0,0.0,0,77.916
107912000,107912000,0.9998041,-0.00081737275,-0.006259904,-0.01900007,0.0,0.0,0.0,0.0,0,77.936
107932000,107932000,0.9998038,-0.0008847466,-0.0062780906,-0.01900785,0.0,0.0,0.0,0.0,0,77.956
107952000,107952000,0.9998035,-0.00094657723,-0.006295417,-0.019015618,0.0,0.0,0.0,0.0,0,77.976
107972000,107972000,0.99980325,-0.0010037392,-0.006296832,-0.019023329,0.0,0.0,0.0,0.0,0,77.996
107992000,107992000,0.9998031,-0.0010560107,-0.006289293,-0.019030813,0.0,0.0,0.0,0.0,0,78.016
108012000,108012000,0.999803,-0.0011062542,-0.0062749884,-0.019037956,0.0,0.0,0.0,0.0,0,78.036
108032000,108032000,0.99980295,-0.0011525911,-0.0062584635,-0.019044647,0.0,0.0,0.0,0.0,0,78.056
108052000,108052000,0.99980295,-0.0011875544,-0.006230394,-0.01905064,0.0,0.0,0.0,0.0,0,78.076
108072000,108072000,0.99980307,-0.0012116757,-0.0061933333,-0.019056238,0.0,0.0,0.0,0.0,0,78.096
108092000,108092000,0.9998032,-0.0012322802,-0.006150664,-0.01906164,0.0,0.0,0.0,0.0,0,78.116
108112000,108112000,0.99980336,-0.0012502589,-0.0061040367,-0.019066742,0.0,0.0,0.0,0.0,0,78.136
108132000,108132000,0.9998036,-0.0012586458,-0.0060430295,-0.01907117,0.0,0.0,0.0,0.0,0,78.156
108152000,108152000,0.99980396,-0.0012593454,-0.005970738,-0.01907497,0.0,0.0,0.0,0.0,0,78.176
108172000,108172000,0.9998044,-0.0012643122,-0.005896893,-0.019078124,0.0,0.0,0.0,0.0,0,78.196
108192000,108192000,0.99980474,-0.0012757053,-0.0058228783,-0.019080674,0.0,0.0,0.0,0.0,0,78.216
108212000,108212000,0.9998052,-0.0012829781,-0.0057364083,-0.019082401,0.0,0.0,0.0,0.0,0,78.236
108232000,108232000,0.9998057,-0.0012809512,-0.0056397347,-0.019083565,0.0,0.0,0.0,0.0,0,78.256
108252000,108252000,0.9998063,-0.0012821554,-0.0055320705,-0.019083934,0.0,0.0,0.0,0.0,0,78.276
108272000,108272000,0.99980694,-0.001284256,-0.005413893,-0.019083954,0.0,0.0,0.0,0.0,0,78.296
108292000,108292000,0.9998076,-0.0012824913,-0.0052955584,-0.019083655,0.0,0.0,0.0,0.0,0,78.316
108312000,108312000,0.99980825,-0.0012739007,-0.00517335,-0.019082902,0.0,0.0,0.0,0.0,0,78.336
108332000,108332000,0.99980897,-0.001256373,-0.005044318,-0.019081887,0.0,0.0,0.0,0.0,0,78.356
108352000,108352000,0.9998097,-0.0012368887,-0.0049090288,-0.019080268,0.0,0.0,0.0,0.0,0,78.376
108372000,108372000,0.99981046,-0.0012274148,-0.0047619436,-0.019077959,0.0,0.0,0.0,0.0,0,78.396
108392000,108392000,0.99981123,-0.0012222624,-0.0046068868,-0.01907533,0.0,0.0,0.0,0.0,0,78.416
108412000,108412000,0.999812,-0.0012136749,-0.004452102,-0.019072343,0.0,0.0,0.0,0.0,0,78.436
108432000,108432000,0.9998128,-0.0011894217,-0.0043039187,-0.019068807,0.0,0.0,0.0,0.0,0,78.456
108452000,108452000,0.9998135,-0.0011520184,-0.0041598505,-0.019064868,0.0,0.0,0.0,0.0,0,78.476
108472000,108472000,0.9998142,-0.001108384,-0.004018531,-0.019060817,0.0,0.0,0.0,0.0,0,78.496
108492000,108492000,0.99981487,-0.001060479,-0.0038785024,-0.019056734,0.0,0.0,0.0,0.0,0,78.516
108512000,108512000,0.9998155,-0.0010098426,-0.0037375232,-0.019052563,0.0,0.0,0.0,0.0,0,78.536
108532000,108532000,0.9998162,-0.00095660734,-0.0035961105,-0.019048452,0.0,0.0,0.0,0.0,0,78.556
108552000,108552000,0.9998168,-0.0009070756,-0.0034577602,-0.01904457,0.0,0.0,0.0,0.0,0,78.576
108572000,108572000,0.9998174,-0.0008718108,-0.0033173217,-0.019040631,0.0,0.0,0.0,0.0,0,78.596
108592000,108592000,0.9998179,-0.00084022776,-0.0031834838,-0.019036954,0.0,0.0,0.0,0.0,0,78.616
108612000,108612000,0.9998184,-0.00079596805,-0.00305744,-0.019033229,0.0,0.0,0.0,0.0,0,78.636
108632000,108632000,0.9998189,-0.0007446455,-0.0029330372,-0.019029232,0.0,0.0,0.0,0.0,0,78.656
108652000,108652000,0.99981934,-0.00070036214,-0.00281868,-0.019024692,0.0,0.0,0.0,0.0,0,78.676
108672000,108672000,0.99981976,-0.0006596845,-0.0027076942,-0.019019753,0.0,0.0,0.0,0.0,0,78.696
108692000,108692000,0.99982023,-0.0006080607,-0.0025876092,-0.019014223,0.0,0.0,0.0,0.0,0,78.716
108712000,108712000,0.9998207,-0.00055072,-0.0024642232,-0.01900814,0.0,0.0,0.0,0.0,0,78.736
108732000,108732000,0.9998211,-0.0004992407,-0.0023493364,-0.01900159,0.0,0.0,0.0,0.0,0,78.756
108752000,108752000,0.99982154,-0.00044879326,-0.0022411142,-0.018994896,0.0,0.0,0.0,0.0,0,78.776
108772000,108772000,0.9998219,-0.00040162008,-0.0021394086,-0.01898787,0.0,0.0,0.0,0.0,0,78.796
108792000,108792000,0.99982226,-0.00035546932,-0.0020413417,-0.01898079,0.0,0.0,0.0,0.0,0,78.816
108812000,108812000,0.9998226,-0.00030734032,-0.0019434404,-0.018973734,0.0,0.0,0.0,0.0,0,78.836
108832000,108832000,0.9998229,-0.000256091,-0.0018446271,-0.018966708,0.0,0.0,0.0,0.0,0,78.856
108852000,108852000,0.9998233,-0.00020165186,-0.0017445149,-0.018959723,0.0,0.0,0.0,0.0,0,78.876
108872000,108872000,0.9998236,-0.00014369152,-0.001642913,-0.018952778,0.0,0.0,0.0,0.0,0,78.896
108892000,108892000,0.99982387,-8.2306644e-05,-0.0015485183,-0.01894634,0.0,0.0,0.0,0.0,0,78.916
108912000,108912000,0.9998241,-1.5990661e-05,-0.0014654052,-0.018940182,0.0,0.0,0.0,0.0,0,78.936
108932000,108932000,0.99982435,5.2470383e-05,-0.0013863104,-0.01893432,0.0,0.0,0.0,0.0,0,78.956
108952000,108952000,0.9998245,0.00011815064,-0.0013110683,-0.018928759,0.0,0.0,0.0,0.0,0,78.976
108972000,108972000,0.9998247,0.0001752616,-0.0012403085,-0.018923545,0.0,0.0,0.0,0.0,0,78.996
108992000,108992000,0.9998249,0.0002221005,-0.001172222,-0.018918544,0.0,0.0,0.0,0.0,0,79.016
109012000,109012000,0.999825,0.0002669712,-0.0011061364,-0.018913912,0.0,0.0,0.0,0.0,0,79.036
109032000,109032000,0.9998252,0.0003086115,-0.0010443339,-0.018909663,0.0,0.0,0.0,0.0,0,79.056
109052000,109052000,0.9998253,0.00034044625,-0.0009810559,-0.0189056,0.0,0.0,0.0,0.0,0,79.076
109072000,109072000,0.9998254,0.000372437,-0.0009218673,-0.018901732,0.0,0.0,0.0,0.0,0,79.096
109092000,109092000,0.9998255,0.0004065906,-0.0008707942,-0.018898202,0.0,0.0,0.0,0.0,0,79.116
109112000,109112000,0.9998256,0.00043880104,-0.00081434794,-0.018895296,0.0,0.0,0.0,0.0,0,79.136
109132000,109132000,0.99982566,0.00046863162,-0.0007592135,-0.018892791,0.0,0.0,0.0,0.0,0,79.156
109152000,109152000,0.9998257,0.0005032457,-0.0007080116,-0.018890392,0.0,0.0,0.0,0.0,0,79.176
109172000,109172000,0.9998258,0.00054172386,-0.0006583277,-0.018888231,0.0,0.0,0.0,0.0,0,79.196
109192000,109192000,0.99982584,0.00058053416,-0.0006122532,-0.018886182,0.0,0.0,0.0,0.0,0,79.216
109212000,109212000,0.9998259,0.00062078674,-0.00057005347,-0.0188844,0.0,0.0,0.0,0.0,0,79.236
109232000,109232000,0.9998259,0.0006611343,-0.0005309577,-0.018883053,0.0,0.0,0.0,0.0,0,79.256
109252000,109252000,0.9998259,0.00070083013,-0.0004881738,-0.018881924,0.0,0.0,0.0,0.0,0,79.276
109272000,109272000,0.9998259,0.00073262217,-0.00045107206,-0.018881144,0.0,0.0,0.0,0.0,0,79.296
109292000,109292000,0.9998259,0.00076119375,-0.00041906987,-0.018880896,0.0,0.0,0.0,0.0,0,79.316
109312000,109312000,0.9998259,0.00078805425,-0.0003854631,-0.018881073,0.0,0.0,0.0,0.0,0,79.336
109332000,109332000,0.9998259,0.00081211515,-0.0003550465,-0.01888152,0.0,0.0,0.0,0.0,0,79.356
109352000,109352000,0.99982584,0.00083946745,-0.00033441468,-0.018882057,0.0,0.0,0.0,0.0,0,79.376
109372000,109372000,0.99982584,0.00087087345,-0.0003178666,-0.018882725,0.0,0.0,0.0,0.0,0,79.396
109392000,109392000,0.9998258,0.0009022397,-0.0003114646,-0.018883683,0.0,0.0,0.0,0.0,0,79.416
109412000,109412000,0.9998257,0.00093118614,-0.0003110517,-0.018884934,0.0,0.0,0.0,0.0,0,79.436
109432000,109432000,0.99982566,0.0009595715,-0.0003102356,-0.01888647,0.0,0.0,0.0,0.0,0,79.456
109452000,109452000,0.9998256,0.000988664,-0.00030646744,-0.018888125,0.0,0.0,0.0,0.0,0,79.476
109472000,109472000,0.99982554,0.0010165413,-0.00029649798,-0.018889839,0.0,0.0,0.0,0.0,0,79.496
109492000,109492000,0.99982554,0.001039307,-0.00028349864,-0.018891655,0.0,0.0,0.0,0.0,0,79.516
109512000,109512000,0.9998255,0.0010514577,-0.00027710685,-0.018893864,0.0,0.0,0.0,0.0,0,79.536
109532000,109532000,0.9998254,0.0010566042,-0.00028177205,-0.018896272,0.0,0.0,0.0,0.0,0,79.556
109552000,109552000,0.99982536,0.0010581164,-0.00029006737,-0.01889869,0.0,0.0,0.0,0.0,0,79.576
109572000,109572000,0.9998253,0.0010561438,-0.0002920574,-0.018901156,0.0,0.0,0.0,0.0,0,79.596
109592000,109592000,0.99982524,0.0010531276,-0.00028778313,-0.018903824,0.0,0.0,0.0,0.0,0,79.616
109612000,109612000,0.99982524,0.001050233,-0.00028636432,-0.018906595,0.0,0.0,0.0,0.0,0,79.636
109632000,109632000,0.9998252,0.0010514396,-0.00029090274,-0.018909153,0.0,0.0,0.0,0.0,0,79.656
109652000,109652000,0.9998251,0.0010533045,-0.00029433778,-0.018911658,0.0,0.0,0.0,0.0,0,79.676
109672000,109672000,0.99982506,0.0010562472,-0.000296924,-0.0189141,0.0,0.0,0.0,0.0,0,79.696
109692000,109692000,0.999825,0.0010618329,-0.00029656576,-0.018916417,0.0,0.0,0.0,0.0,0,79.716
109712000,109712000,0.99982494,0.0010711206,-0.00029860696,-0.018918695,0.0,0.0,0.0,0.0,0,79.736
109732000,109732000,0.9998249,0.0010858735,-0.00029591387,-0.018920947,0.0,0.0,0.0,0.0,0,79.756
109752000,109752000,0.9998248,0.0010987975,-0.00029112012,-0.01892342,0.0,0.0,0.0,0.0,0,79.776
109772000,109772000,0.99982476,0.0011070729,-0.0002887581,-0.018926099,0.0,0.0,0.0,0.0,0,79.796
109792000,109792000,0.9998247,0.0011145277,-0.0002879566,-0.018928893,0.0,0.0,0.0,0.0,0,79.816
109812000,109812000,0.99982464,0.0011246473,-0.00028492344,-0.018931886,0.0,0.0,0.0,0.0,0,79.836
109832000,109832000,0.9998246,0.0011339915,-0.00027716206,-0.018934952,0.0,0.0,0.0,0.0,0,79.856
109852000,109852000,0.9998245,0.0011459873,-0.00026813213,-0.01893795,0.0,0.0,0.0,0.0,0,79.876
109872000,109872000,0.99982446,0.0011632271,-0.00026442995,-0.018940864,0.0,0.0,0.0,0.0,0,79.896
109892000,109892000,0.99982435,0.0011827223,-0.00025878713,-0.018943746,0.0,0.0,0.0,0.0,0,79.916
109912000,109912000,0.9998243,0.0012077421,-0.00024626983,-0.018946493,0.0,0.0,0.0,0.0,0,79.936
109932000,109932000,0.9998242,0.0012303904,-0.00023576083,-0.018948916,0.0,0.0,0.0,0.0,0,79.956
109952000,109952000,0.99982417,0.0012502492,-0.00022375667,-0.018951427,0.0,0.0,0.0,0.0,0,79.976
109972000,109972000,0.9998241,0.0012717162,-0.00019833201,-0.018954016,0.0,0.0,0.0,0.0,0,79.996
109992000,109992000,0.999824,0.0012962064,-0.00017211234,-0.018956505,0.0,0.0,0.0,0.0,0,80.016
110012000,110012000,0.9998239,0.0013253953,-0.00015502331,-0.018958582,0.0,0.0,0.0,0.0,0,80.036
110032000,110032000,0.99982387,0.0013585694,-0.00014241348,-0.018960552,0.0,0.0,0.0,0.0,0,80.056
110052000,110052000,0.99982375,0.0013931139,-0.00013067153,-0.01896249,0.0,0.0,0.0,0.0,0,80.076
110072000,110072000,0.9998237,0.0014275444,-0.00012485438,-0.018964307,0.0,0.0,0.0,0.0,0,80.096
110092000,110092000,0.99982363,0.0014595216,-0.00012180642,-0.018966002,0.0,0.0,0.0,0.0,0,80.116
110112000,110112000,0.9998235,0.0014909348,-0.00011544484,-0.018967757,0.0,0.0,0.0,0.0,0,80.136
110132000,110132000,0.99982345,0.0015241565,-0.00011280504,-0.018969549,0.0,0.0,0.0,0.0,0,80.156
110152000,110152000,0.9998234,0.0015549979,-0.00011448198,-0.018971046,0.0,0.0,0.0,0.0,0,80.176
110172000,110172000,0.99982333,0.0015811761,-0.00013213117,-0.01897222,0.0,0.0,0.0,0.0,0,80.196
110192000,110192000,0.9998232,0.0016075054,-0.00015878129,-0.018973168,0.0,0.0,0.0,0.0,0,80.216
110212000,110212000,0.9998232,0.0016313338,-0.00017864429,-0.018973915,0.0,0.0,0.0,0.0,0,80.236
110232000,110232000,0.99982315,0.0016532775,-0.00019165593,-0.018974595,0.0,0.0,0.0,0.0,0,80.256
110252000,110252000,0.9998231,0.0016746479,-0.00021341888,-0.018975185,0.0,0.0,0.0,0.0,0,80.276
110272000,110272000,0.99982303,0.0016943207,-0.00024539744,-0.018975725,0.0,0.0,0.0,0.0,0,80.296
110292000,110292000,0.999823,0.0017104191,-0.00026192097,-0.018976314,0.0,0.0,0.0,0.0,0,80.316
110312000,110312000,0.999823,0.0017279404,-0.00027344192,-0.018976841,0.0,0.0,0.0,0.0,0,80.336
110332000,110332000,0.9998229,0.0017458105,-0.00029411647,-0.018977351,0.0,0.0,0.0,0.0,0,80.356
110352000,110352000,0.99982285,0.0017604491,-0.00031873924,-0.018977629,0.0,0.0,0.0,0.0,0,80.376
110372000,110372000,0.99982285,0.0017696989,-0.00034056715,-0.018977553,0.0,0.0,0.0,0.0,0,80.396
110392000,110392000,0.99982285,0.001771363,-0.0003661882,-0.01897713,0.0,0.0,0.0,0.0,0,80.416
110412000,110412000,0.99982285,0.0017610495,-0.00039034666,-0.018976666,0.0,0.0,0.0,0.0,0,80.436
110432000,110432000,0.99982285,0.0017431987,-0.00041131998,-0.018976431,0.0,0.0,0.0,0.0,0,80.456
110452000,110452000,0.9998229,0.0017314475,-0.00043628112,-0.018976681,0.0,0.0,0.0,0.0,0,80.476
110472000,110472000,0.99982285,0.0017280227,-0.00046311642,-0.018977145,0.0,0.0,0.0,0.0,0,80.496
110492000,110492000,0.99982285,0.0017265512,-0.00048024952,-0.01897766,0.0,0.0,0.0,0.0,0,80.516
110512000,110512000,0.99982285,0.0017308037,-0.00049346103,-0.018978216,0.0,0.0,0.0,0.0,0,80.536
110532000,110532000,0.9998228,0.0017408845,-0.00051277404,-0.018978585,0.0,0.0,0.0,0.0,0,80.556
110552000,110552000,0.99982274,0.0017536967,-0.00053099135,-0.01897886,0.0,0.0,0.0,0.0,0,80.576
110572000,110572000,0.99982274,0.0017744343,-0.00054884376,-0.018978702,0.0,0.0,0.0,0.0,0,80.596
110592000,110592000,0.9998227,0.0017976894,-0.0005712617,-0.018978307,0.0,0.0,0.0,0.0,0,80.616
110612000,110612000,0.9998226,0.0018199736,-0.00059339777,-0.018977862,0.0,0.0,0.0,0.0,0,80.636
110632000,110632000,0.99982256,0.0018458948,-0.0006080928,-0.018977417,0.0,0.0,0.0,0.0,0,80.656
110652000,110652000,0.9998225,0.0018767007,-0.0006186585,-0.018976867,0.0,0.0,0.0,0.0,0,80.676
110672000,110672000,0.99982244,0.0019108189,-0.0006330589,-0.018976172,0.0,0.0,0.0,0.0,0,80.696
110692000,110692000,0.9998224,0.0019447904,-0.00065632,-0.018975543,0.0,0.0,0.0,0.0,0,80.716
110712000,110712000,0.9998223,0.0019786214,-0.0006776867,-0.018974971,0.0,0.0,0.0,0.0,0,80.736
110732000,110732000,0.99982226,0.0020108633,-0.00068900635,-0.018974395,0.0,0.0,0.0,0.0,0,80.756
110752000,110752000,0.9998222,0.0020384586,-0.00070203224,-0.018973831,0.0,0.0,0.0,0.0,0,80.776
110772000,110772000,0.99982214,0.0020584345,-0.0007197663,-0.01897325,0.0,0.0,0.0,0.0,0,80.796
110792000,110792000,0.99982214,0.0020719718,-0.00074037106,-0.018972598,0.0,0.0,0.0,0.0,0,80.816
110812000,110812000,0.9998221,0.0020808824,-0.0007690198,-0.018971922,0.0,0.0,0.0,0.0,0,80.836
110832000,110832000,0.9998221,0.0020855914,-0.00079973374,-0.018971032,0.0,0.0,0.0,0.0,0,80.856
110852000,110852000,0.9998221,0.0020884543,-0.00083145365,-0.018970069,0.0,0.0,0.0,0.0,0,80.876
110872000,110872000,0.9998221,0.0020885596,-0.0008624318,-0.018969087,0.0,0.0,0.0,0.0,0,80.896
110892000,110892000,0.9998221,0.002085408,-0.000891771,-0.018968109,0.0,0.0,0.0,0.0,0,80.916
110912000,110912000,0.9998221,0.0020787716,-0.0009197232,-0.0189671,0.0,0.0,0.0,0.0,0,80.936
110932000,110932000,0.9998221,0.0020631836,-0.000953048,-0.018966006,0.0,0.0,0.0,0.0,0,80.956
110952000,110952000,0.99982214,0.0020368758,-0.0009879305,-0.01896498,0.0,0.0,0.0,0.0,0,80.976
110972000,110972000,0.9998222,0.0020090719,-0.0010121694,-0.018964365,0.0,0.0,0.0,0.0,0,80.996
110992000,110992000,0.9998222,0.0019845797,-0.0010287227,-0.018964058,0.0,0.0,0.0,0.0,0,81.016
111012000,111012000,0.99982226,0.0019615758,-0.0010419476,-0.018964123,0.0,0.0,0.0,0.0,0,81.036
111032000,111032000,0.99982226,0.0019395004,-0.0010557896,-0.018964676,0.0,0.0,0.0,0.0,0,81.056
111052000,111052000,0.9998223,0.0019141193,-0.0010696477,-0.018965404,0.0,0.0,0.0,0.0,0,81.076
111072000,111072000,0.9998223,0.0018874969,-0.0010786179,-0.018966552,0.0,0.0,0.0,0.0,0,81.096
111092000,111092000,0.9998223,0.001858577,-0.0010842686,-0.018967958,0.0,0.0,0.0,0.0,0,81.116
111112000,111112000,0.9998224,0.0018261665,-0.001087643,-0.01896973,0.0,0.0,0.0,0.0,0,81.136
111132000,111132000,0.9998224,0.0017856901,-0.0010935735,-0.018971791,0.0,0.0,0.0,0.0,0,81.156
111152000,111152000,0.9998224,0.0017422504,-0.0010990716,-0.01897413,0.0,0.0,0.0,0.0,0,81.176
111172000,111172000,0.99982244,0.001702993,-0.0010896432,-0.018976353,0.0,0.0,0.0,0.0,0,81.196
111192000,111192000,0.9998225,0.0016645332,-0.0010686947,-0.018978577,0.0,0.0,0.0,0.0,0,81.216
111212000,111212000,0.9998225,0.0016268155,-0.0010522922,-0.01898119,0.0,0.0,0.0,0.0,0,81.236
111232000,111232000,0.99982256,0.0015899016,-0.0010409427,-0.018983934,0.0,0.0,0.0,0.0,0,81.256
111252000,111252000,0.99982256,0.0015523131,-0.0010213334,-0.018986871,0.0,0.0,0.0,0.0,0,81.276
111272000,111272000,0.99982256,0.0015141111,-0.0009934838,-0.018990079,0.0,0.0,0.0,0.0,0,81.296
111292000,111292000,0.9998226,0.0014793159,-0.000964838,-0.018993698,0.0,0.0,0.0,0.0,0,81.316
111312000,111312000,0.9998226,0.001445149,-0.0009364991,-0.018997438,0.0,0.0,0.0,0.0,0,81.336
111332000,111332000,0.9998226,0.0014153299,-0.0009091913,-0.019001372,0.0,0.0,0.0,0.0,0,81.356
111352000,111352000,0.99982256,0.0013866526,-0.00088169856,-0.019005336,0.0,0.0,0.0,0.0,0,81.376
111372000,111372000,0.9998226,0.0013547558,-0.00083856157,-0.01900927,0.0,0.0,0.0,0.0,0,81.396
111392000,111392000,0.9998226,0.0013184773,-0.00077966624,-0.019013168,0.0,0.0,0.0,0.0,0,81.416
111412000,111412000,0.9998226,0.0012784414,-0.00072148605,-0.019017244,0.0,0.0,0.0,0.0,0,81.436
111432000,111432000,0.9998226,0.0012356538,-0.0006655888,-0.019021321,0.0,0.0,0.0,0.0,0,81.456
111452000,111452000,0.9998227,0.0011896209,-0.0006015227,-0.01902522,0.0,0.0,0.0,0.0,0,81.476
111472000,111472000,0.9998227,0.0011414543,-0.00052960066,-0.01902915,0.0,0.0,0.0,0.0,0,81.496
111492000,111492000,0.99982274,0.0010832449,-0.00046592558,-0.019033257,0.0,0.0,0.0,0.0,0,81.516
111512000,111512000,0.99982274,0.0010139025,-0.00040715685,-0.019037401,0.0,0.0,0.0,0.0,0,81.536
111532000,111532000,0.99982274,0.0009406382,-0.00035801335,-0.019041454,0.0,0.0,0.0,0.0,0,81.556
111552000,111552000,0.99982274,0.0008645899,-0.00031745574,-0.019045563,0.0,0.0,0.0,0.0,0,81.576
111572000,111572000,0.99982274,0.00077822385,-0.0002856607,-0.019050006,0.0,0.0,0.0,0.0,0,81.596
111592000,111592000,0.99982274,0.0006822009,-0.00026168503,-0.019054543,0.0,0.0,0.0,0.0,0,81.616
111612000,111612000,0.99982274,0.00058434054,-0.00022893604,-0.01905915,0.0,0.0,0.0,0.0,0,81.636
111632000,111632000,0.9998227,0.00048697446,-0.00018778372,-0.019063763,0.0,0.0,0.0,0.0,0,81.656
111652000,111652000,0.9998227,0.00037515277,-0.0001421244,-0.019068353,0.0,0.0,0.0,0.0,0,81.676
111672000,111672000,0.9998226,0.00025173253,-9.546004e-05,-0.01907267,0.0,0.0,0.0,0.0,0,81.696
111692000,111692000,0.99982256,0.00012576063,-6.422536e-05,-0.019076867,0.0,0.0,0.0,0.0,0,81.716
111712000,111712000,0.9998225,-2.3510293e-06,-4.2357773e-05,-0.019081065,0.0,0.0,0.0,0.0,0,81.736
111732000,111732000,0.9998224,-0.00012343308,-1.3168248e-05,-0.019085303,0.0,0.0,0.0,0.0,0,81.756
111752000,111752000,0.9998223,-0.00024048735,1.642374e-05,-0.019089535,0.0,0.0,0.0,0.0,0,81.776
111772000,111772000,0.9998222,-0.00036040344,2.8592372e-05,-0.019093735,0.0,0.0,0.0,0.0,0,81.796
111792000,111792000,0.999822,-0.00048343994,3.276306e-05,-0.019098144,0.0,0.0,0.0,0.0,0,81.816
111812000,111812000,0.9998219,-0.0006056816,5.074962e-05,-0.019102797,0.0,0.0,0.0,0.0,0,81.836
111832000,111832000,0.9998217,-0.0007282354,7.597454e-05,-0.019107418,0.0,0.0,0.0,0.0,0,81.856
111852000,111852000,0.99982154,-0.00085000094,9.029602e-05,-0.019112147,0.0,0.0,0.0,0.0,0,81.876
111872000,111872000,0.9998213,-0.0009723927,0.000101064885,-0.019117018,0.0,0.0,0.0,0.0,0,81.896
111892000,111892000,0.9998211,-0.0010960181,0.00013006944,-0.019121919,0.0,0.0,0.0,0.0,0,81.916
111912000,111912000,0.9998209,-0.0012187619,0.00016553211,-0.019126492,0.0,0.0,0.0,0.0,0,81.936
111932000,111932000,0.99982065,-0.0013333341,0.00018912627,-0.019131422,0.0,0.0,0.0,0.0,0,81.956
111952000,111952000,0.99982035,-0.0014400689,0.00020785141,-0.019136718,0.0,0.0,0.0,0.0,0,81.976
111972000,111972000,0.9998201,-0.0015364455,0.00023767316,-0.019141894,0.0,0.0,0.0,0.0,0,81.996
111992000,111992000,0.9998199,-0.001624039,0.00027726457,-0.019147271,0.0,0.0,0.0,0.0,0,82.016
112012000,112012000,0.99981964,-0.0016962417,0.00031453444,-0.019153098,0.0,0.0,0.0,0.0,0,82.036
112032000,112032000,0.9998194,-0.0017610579,0.000345411,-0.019158838,0.0,0.0,0.0,0.0,0,82.056
112052000,112052000,0.99981916,-0.0018248516,0.00036900572,-0.01916451,0.0,0.0,0.0,0.0,0,82.076
112072000,112072000,0.9998189,-0.0018844,0.00039283664,-0.019170517,0.0,0.0,0.0,0.0,0,82.096
112092000,112092000,0.9998187,-0.0019309486,0.0004221496,-0.019176789,0.0,0.0,0.0,0.0,0,82.116
112112000,112112000,0.9998185,-0.0019697917,0.0004510557,-0.019182893,0.0,0.0,0.0,0.0,0,82.136
112132000,112132000,0.9998183,-0.002004757,0.00046648277,-0.0191888,0.0,0.0,0.0,0.0,0,82.156
112152000,112152000,0.99981815,-0.0020346185,0.00047631114,-0.019194687,0.0,0.0,0.0,0.0,0,82.176
112172000,112172000,0.99981797,-0.0020502845,0.0004920681,-0.019200219,0.0,0.0,0.0,0.0,0,82.196
112192000,112192000,0.99981785,-0.0020618553,0.00050675037,-0.019205544,0.0,0.0,0.0,0.0,0,82.216
112212000,112212000,0.9998177,-0.0020768777,0.0005217697,-0.019210724,0.0,0.0,0.0,0.0,0,82.236
112232000,112232000,0.9998176,-0.0020915035,0.0005387721,-0.0192154,0.0,0.0,0.0,0.0,0,82.256
112252000,112252000,0.9998175,-0.0021002134,0.00056428777,-0.019219704,0.0,0.0,0.0,0.0,0,82.276
112272000,112272000,0.9998174,-0.0021044572,0.0005922645,-0.019223569,0.0,0.0,0.0,0.0,0,82.296
112292000,112292000,0.9998173,-0.0021012395,0.00061418005,-0.01922733,0.0,0.0,0.0,0.0,0,82.316
112312000,112312000,0.9998172,-0.0020982092,0.0006352656,-0.019230893,0.0,0.0,0.0,0.0,0,82.336
112332000,112332000,0.99981713,-0.0021039755,0.00065988774,-0.01923436,0.0,0.0,0.0,0.0,0,82.356
112352000,112352000,0.999817,-0.0021061294,0.00068589894,-0.019237645,0.0,0.0,0.0,0.0,0,82.376
112372000,112372000,0.999817,-0.0020920022,0.00071250735,-0.019240867,0.0,0.0,0.0,0.0,0,82.396
112392000,112392000,0.99981695,-0.0020757767,0.0007454101,-0.019243626,0.0,0.0,0.0,0.0,0,82.416
112412000,112412000,0.9998169,-0.0020645193,0.0007806848,-0.01924625,0.0,0.0,0.0,0.0,0,82.436
112432000,112432000,0.99981683,-0.0020555886,0.000814097,-0.019248601,0.0,0.0,0.0,0.0,0,82.456
112452000,112452000,0.99981683,-0.0020380802,0.00084289024,-0.019250657,0.0,0.0,0.0,0.0,0,82.476
112472000,112472000,0.9998168,-0.0020117583,0.0008688019,-0.01925251,0.0,0.0,0.0,0.0,0,82.496
112492000,112492000,0.99981683,-0.001983613,0.000886324,-0.019254273,0.0,0.0,0.0,0.0,0,82.516
112512000,112512000,0.99981683,-0.0019516045,0.00089849957,-0.019255988,0.0,0.0,0.0,0.0,0,82.536
