# sionna2 mesh — m350rtk__body.obj
# group=body  verts=3790  tris=7560
v -0.109431 -0.077288 -0.035488
v -0.106738 -0.082098 -0.026481
v -0.114655 -0.080951 -0.026481
v -0.101868 -0.078372 -0.035488
v -0.094106 -0.079037 -0.035488
v -0.098606 -0.082792 -0.026481
v -0.127584 -0.053846 -0.035488
v -0.119897 -0.042740 -0.044795
v -0.118189 -0.049747 -0.044795
v -0.129437 -0.046288 -0.035488
v -0.121485 -0.035754 -0.044795
v -0.106941 -0.067303 -0.044795
v -0.111992 -0.062162 -0.044795
v -0.101878 -0.056759 -0.052962
v -0.101452 -0.071543 -0.044795
v -0.097301 -0.061455 -0.052962
v -0.092241 -0.065159 -0.052962
v -0.120843 -0.067210 -0.035488
v -0.116235 -0.056598 -0.044795
v -0.115368 -0.072739 -0.035488
v -0.094468 -0.072602 -0.044795
v -0.105831 -0.051748 -0.052962
v -0.107702 -0.045571 -0.052962
v -0.109213 -0.039181 -0.052962
v -0.125463 -0.061231 -0.035488
v -0.120870 -0.076177 -0.026481
v -0.126607 -0.070387 -0.026481
v -0.131437 -0.064119 -0.026481
v -0.131176 -0.038753 -0.035488
v -0.133654 -0.056380 -0.026481
v -0.135598 -0.048464 -0.026481
v -0.137414 -0.040570 -0.026481
v -0.121639 -0.028590 -0.044795
v -0.131349 -0.031024 -0.035488
v -0.121588 -0.021401 -0.044795
v -0.131296 -0.023267 -0.035488
v -0.121588 -0.014218 -0.044795
v -0.131296 -0.015517 -0.035488
v -0.121588 -0.007035 -0.044795
v -0.131296 -0.007766 -0.035488
v -0.121588 0.000148 -0.044795
v -0.110704 -0.032833 -0.052962
v -0.110908 -0.026326 -0.052962
v -0.110846 -0.019785 -0.052962
v -0.110846 -0.013253 -0.052962
v -0.110846 -0.006720 -0.052962
v -0.110846 -0.000187 -0.052962
v -0.137593 -0.032473 -0.026481
v -0.137538 -0.024348 -0.026481
v -0.131296 -0.000016 -0.035488
v -0.137538 -0.016229 -0.026481
v -0.137538 -0.008110 -0.026481
v -0.137538 0.000009 -0.026481
v -0.078681 -0.080537 -0.035488
v -0.072986 -0.074629 -0.044795
v -0.070935 -0.080636 -0.035488
v -0.086396 -0.079828 -0.035488
v -0.090528 -0.083620 -0.026481
v -0.082447 -0.084364 -0.026481
v -0.074333 -0.084470 -0.026481
v -0.065808 -0.074730 -0.044795
v -0.063184 -0.080621 -0.035488
v -0.058625 -0.074720 -0.044795
v -0.055434 -0.080620 -0.035488
v -0.051442 -0.074719 -0.044795
v -0.047684 -0.080620 -0.035488
v -0.066214 -0.084454 -0.026481
v -0.058095 -0.084453 -0.026481
v -0.049976 -0.084453 -0.026481
v -0.044259 -0.074719 -0.044795
v -0.039933 -0.080620 -0.035488
v -0.037076 -0.074719 -0.044795
v -0.032182 -0.080636 -0.035488
v -0.029892 -0.074734 -0.044795
v -0.024434 -0.080593 -0.035488
v -0.041857 -0.084453 -0.026481
v -0.033738 -0.084469 -0.026481
v -0.025621 -0.084425 -0.026481
v -0.022711 -0.074696 -0.044795
v -0.016705 -0.080093 -0.035488
v -0.017524 -0.083903 -0.026481
v -0.009434 -0.083223 -0.026481
v -0.008981 -0.079444 -0.035488
v -0.001258 -0.078796 -0.035488
v -0.001343 -0.082544 -0.026481
v -0.085843 -0.066025 -0.052962
v -0.087283 -0.073236 -0.044795
v -0.079326 -0.066638 -0.052962
v -0.080137 -0.073969 -0.044795
v -0.072827 -0.067312 -0.052962
v -0.066323 -0.067887 -0.052962
v -0.059794 -0.067959 -0.052962
v -0.053261 -0.067956 -0.052962
v -0.046728 -0.067955 -0.052962
v -0.005837 -0.000000 -0.054403
v -0.040195 -0.067955 -0.052962
v -0.033663 -0.067955 -0.052962
v -0.027129 -0.067973 -0.052962
v -0.020598 -0.067922 -0.052962
v -0.015547 -0.074240 -0.044795
v -0.014084 -0.067490 -0.052962
v -0.008389 -0.073642 -0.044795
v -0.007574 -0.066948 -0.052962
v -0.001231 -0.073042 -0.044795
v -0.001064 -0.066403 -0.052962
v 0.005447 -0.065860 -0.052962
v 0.002000 -0.028767 -0.053768
v 0.002000 -0.041097 -0.053502
v 0.002000 -0.020887 -0.053938
v 0.002000 -0.016339 -0.054037
v 0.002000 -0.013355 -0.054100
v 0.002000 -0.011178 -0.054145
v 0.002000 -0.009553 -0.054178
v 0.002000 -0.007296 -0.054224
v 0.002000 -0.006483 -0.054240
v 0.002000 -0.005799 -0.054254
v 0.002000 -0.005173 -0.054265
v 0.002000 -0.004618 -0.054275
v 0.002000 -0.004135 -0.054283
v 0.002000 -0.003675 -0.054290
v 0.002000 -0.003192 -0.054296
v 0.002000 -0.002728 -0.054300
v 0.002000 -0.002245 -0.054302
v 0.002000 -0.001776 -0.054303
v 0.002000 -0.001322 -0.054305
v 0.002000 -0.000873 -0.054305
v 0.002000 -0.000428 -0.054306
v 0.002000 0.000013 -0.054306
v -0.118459 -0.080132 -0.020923
v -0.118734 -0.079940 -0.020873
v -0.115963 -0.081878 -0.021377
v -0.115161 -0.081964 -0.021515
v -0.111658 -0.082408 -0.021802
v -0.107777 -0.082901 -0.022121
v -0.103207 -0.083209 -0.022516
v -0.107313 -0.082932 -0.022161
v -0.105580 -0.083049 -0.022311
v -0.103985 -0.083156 -0.022449
v -0.094784 -0.083858 -0.023239
v -0.096265 -0.083732 -0.023113
v -0.099406 -0.083466 -0.022845
v -0.125226 -0.078931 0.027562
v -0.125221 -0.078927 0.018839
v -0.124908 -0.079168 0.018993
v -0.118787 -0.083881 0.027562
v -0.122725 -0.080848 0.020065
v -0.121751 -0.081596 0.020543
v -0.118787 -0.083881 0.036569
v -0.118784 -0.083878 0.020866
v -0.116406 -0.084222 0.021166
v -0.110584 -0.085068 0.027562
v -0.114857 -0.084447 0.021361
v -0.110581 -0.085066 0.021707
v -0.107376 -0.085337 0.021980
v -0.102155 -0.085781 0.027562
v -0.102153 -0.085779 0.022425
v -0.110583 -0.085068 0.036569
v -0.098253 -0.086178 0.022752
v -0.093786 -0.086638 0.027562
v -0.102155 -0.085780 0.036569
v -0.093786 -0.086638 0.036569
v -0.134085 -0.065417 -0.017474
v -0.136345 -0.057521 -0.017474
v -0.129157 -0.071811 -0.017474
v -0.123782 -0.076651 -0.018782
v -0.125780 -0.075217 -0.017474
v -0.124746 -0.075959 -0.018151
v -0.122770 -0.077379 -0.019445
v -0.121116 -0.078274 -0.020441
v -0.135368 -0.066044 -0.008467
v -0.126112 -0.074932 -0.017242
v -0.127736 -0.073832 -0.014736
v -0.130434 -0.072422 -0.008566
v -0.128832 -0.073090 -0.013043
v -0.129517 -0.072627 -0.011987
v -0.130315 -0.072457 -0.009033
v -0.138331 -0.049446 -0.017474
v -0.140184 -0.041393 -0.017474
v -0.137649 -0.058073 -0.008467
v -0.139655 -0.049921 -0.008467
v -0.131018 -0.072007 -0.005579
v -0.131271 -0.072277 -0.000155
v -0.135923 -0.066316 0.000540
v -0.130459 -0.072414 -0.008467
v -0.130845 -0.072133 -0.006475
v -0.131304 -0.072312 0.000540
v -0.131311 -0.072320 0.000997
v -0.138213 -0.058312 0.000540
v -0.141525 -0.041790 -0.008467
v -0.140229 -0.050126 0.000540
v -0.142107 -0.041963 0.000540
v -0.140365 -0.033133 -0.017474
v -0.140310 -0.024844 -0.017474
v -0.141707 -0.033451 -0.008467
v -0.141652 -0.025083 -0.008467
v -0.140309 -0.016561 -0.017474
v -0.140309 -0.008279 -0.017474
v -0.140309 0.000003 -0.017474
v -0.141652 -0.016721 -0.008467
v -0.141652 -0.008360 -0.008467
v -0.142289 -0.033590 0.000540
v -0.142234 -0.025187 0.000540
v -0.142233 -0.016791 0.000540
v -0.141652 0.000002 -0.008467
v -0.142233 -0.008395 0.000540
v -0.142233 0.000001 0.000540
v -0.131193 -0.072704 0.006858
v -0.131180 -0.072747 0.007514
v -0.131086 -0.072887 0.007958
v -0.131120 -0.072906 0.009548
v -0.136122 -0.066414 0.009548
v -0.138415 -0.058398 0.009548
v -0.130699 -0.073330 0.009548
v -0.131169 -0.072933 0.018555
v -0.136173 -0.066439 0.018555
v -0.138467 -0.058420 0.018555
v -0.129840 -0.074224 0.012911
v -0.130430 -0.073610 0.010601
v -0.129674 -0.074397 0.013562
v -0.126907 -0.077219 0.017543
v -0.140434 -0.050200 0.009548
v -0.142315 -0.042025 0.009548
v -0.140486 -0.050219 0.018555
v -0.142368 -0.042041 0.018555
v -0.142497 -0.033639 0.009548
v -0.131175 -0.072937 0.027562
v -0.136179 -0.066442 0.027562
v -0.126477 -0.077658 0.018162
v -0.125748 -0.078396 0.018555
v -0.131174 -0.072936 0.036569
v -0.138473 -0.058422 0.027562
v -0.136178 -0.066442 0.036569
v -0.125225 -0.078931 0.036569
v -0.140492 -0.050222 0.027562
v -0.142374 -0.042043 0.027562
v -0.142550 -0.033652 0.018555
v -0.138472 -0.058422 0.036569
v -0.140492 -0.050221 0.036569
v -0.142373 -0.042043 0.036569
v -0.142557 -0.033654 0.027562
v -0.142442 -0.025224 0.009548
v -0.142442 -0.016816 0.009548
v -0.142495 -0.025234 0.018555
v -0.142494 -0.016822 0.018555
v -0.142442 -0.008408 0.009548
v -0.142442 0.000001 0.009548
v -0.142494 -0.008411 0.018555
v -0.142494 0.000000 0.018555
v -0.142501 -0.025235 0.027562
v -0.142556 -0.033654 0.036569
v -0.142501 -0.016823 0.027562
v -0.142501 -0.025235 0.036569
v -0.142501 -0.008412 0.027562
v -0.142500 -0.016823 0.036569
v -0.142501 0.000000 0.027562
v -0.142500 -0.008412 0.036569
v -0.091151 -0.084197 -0.023400
v -0.088420 -0.084423 -0.023525
v -0.086276 -0.084600 -0.023623
v -0.083288 -0.084847 -0.023760
v -0.082957 -0.084888 -0.023705
v -0.080194 -0.084995 -0.023334
v -0.080127 -0.084998 -0.023325
v -0.074971 -0.085198 -0.022634
v -0.071056 -0.085284 -0.022134
v -0.070888 -0.085288 -0.022112
v -0.067162 -0.085668 -0.020057
v -0.059260 -0.086155 -0.017474
v -0.064445 -0.085952 -0.018552
v -0.062498 -0.086155 -0.017474
v -0.050978 -0.086155 -0.017474
v -0.061676 -0.086193 -0.017062
v -0.059519 -0.086532 -0.013357
v -0.051464 -0.086979 -0.008467
v -0.057373 -0.086869 -0.009672
v -0.057324 -0.086877 -0.009587
v -0.057366 -0.086979 -0.008467
v -0.043102 -0.086979 -0.008467
v -0.057010 -0.087261 -0.001347
v -0.051674 -0.087336 0.000540
v -0.043279 -0.087336 0.000540
v -0.057006 -0.087264 -0.001271
v -0.057128 -0.087336 0.000540
v -0.042696 -0.086155 -0.017474
v -0.034413 -0.086171 -0.017474
v -0.026132 -0.086126 -0.017474
v -0.034740 -0.086995 -0.008467
v -0.026380 -0.086950 -0.008467
v -0.017872 -0.085594 -0.017474
v -0.009619 -0.084900 -0.017474
v -0.001365 -0.084207 -0.017474
v -0.018041 -0.086413 -0.008467
v -0.009709 -0.085712 -0.008467
v -0.001376 -0.085013 -0.008467
v -0.034882 -0.087352 0.000540
v -0.026488 -0.087308 0.000540
v -0.018115 -0.086768 0.000540
v -0.009748 -0.086064 0.000540
v -0.001381 -0.085362 0.000540
v -0.057286 -0.087429 0.007084
v -0.051750 -0.087464 0.009548
v -0.058517 -0.087464 0.009548
v -0.043341 -0.087464 0.009548
v -0.060180 -0.087497 0.018555
v -0.060490 -0.087479 0.013644
v -0.060166 -0.087476 0.012973
v -0.061119 -0.087484 0.014952
v -0.062668 -0.087487 0.015883
v -0.051769 -0.087497 0.018555
v -0.043357 -0.087497 0.018555
v -0.077007 -0.087520 0.027562
v -0.077005 -0.087517 0.021914
v -0.074355 -0.087511 0.021391
v -0.094646 -0.086548 0.023055
v -0.093784 -0.086636 0.023058
v -0.089577 -0.087024 0.023080
v -0.085413 -0.087410 0.027562
v -0.085411 -0.087408 0.023102
v -0.083021 -0.087439 0.023147
v -0.085413 -0.087409 0.036569
v -0.081430 -0.087460 0.022821
v -0.068594 -0.087502 0.027562
v -0.077006 -0.087519 0.036569
v -0.066512 -0.087496 0.018192
v -0.067115 -0.087498 0.018555
v -0.068060 -0.087498 0.019124
v -0.068592 -0.087498 0.019445
v -0.070597 -0.087503 0.020649
v -0.060182 -0.087500 0.027562
v -0.051771 -0.087500 0.027562
v -0.068594 -0.087502 0.036569
v -0.060182 -0.087500 0.036569
v -0.043359 -0.087500 0.027562
v -0.051770 -0.087500 0.036569
v -0.034933 -0.087480 0.009548
v -0.026526 -0.087435 0.009548
v -0.034945 -0.087513 0.018555
v -0.026536 -0.087468 0.018555
v -0.018141 -0.086895 0.009548
v -0.009762 -0.086189 0.009548
v -0.001383 -0.085487 0.009548
v -0.018147 -0.086927 0.018555
v -0.009765 -0.086221 0.018555
v -0.001383 -0.085518 0.018555
v -0.034947 -0.087517 0.027562
v -0.026537 -0.087472 0.027562
v -0.043359 -0.087500 0.036569
v -0.034946 -0.087516 0.036569
v -0.026537 -0.087471 0.036569
v -0.018148 -0.086931 0.027562
v -0.009765 -0.086225 0.027562
v -0.001383 -0.085522 0.027562
v -0.018148 -0.086931 0.036569
v -0.009765 -0.086225 0.036569
v -0.001383 -0.085522 0.036569
v -0.118787 -0.083881 0.045576
v -0.125225 -0.078931 0.045576
v -0.110583 -0.085068 0.045576
v -0.102155 -0.085780 0.045576
v -0.093786 -0.086638 0.045576
v -0.118783 -0.083878 0.054583
v -0.125222 -0.078929 0.054583
v -0.118761 -0.083863 0.063590
v -0.110580 -0.085066 0.054583
v -0.102152 -0.085778 0.054583
v -0.093783 -0.086636 0.054583
v -0.110559 -0.085050 0.063590
v -0.102133 -0.085762 0.063590
v -0.093765 -0.086619 0.063590
v -0.125198 -0.078914 0.063590
v -0.118681 -0.083806 0.072597
v -0.125114 -0.078861 0.072597
v -0.110485 -0.084993 0.072597
v -0.102064 -0.085705 0.072597
v -0.093702 -0.086561 0.072597
v -0.118470 -0.083658 0.081605
v -0.124892 -0.078721 0.081605
v -0.118005 -0.083329 0.090612
v -0.124401 -0.078411 0.090612
v -0.110289 -0.084842 0.081605
v -0.101882 -0.085552 0.081605
v -0.093536 -0.086407 0.081605
v -0.109855 -0.084509 0.090612
v -0.101482 -0.085217 0.090612
v -0.093168 -0.086068 0.090612
v -0.131174 -0.072936 0.045576
v -0.136178 -0.066442 0.045576
v -0.138472 -0.058422 0.045576
v -0.140492 -0.050221 0.045576
v -0.142373 -0.042043 0.045576
v -0.131170 -0.072934 0.054583
v -0.136175 -0.066440 0.054583
v -0.138468 -0.058421 0.054583
v -0.131146 -0.072921 0.063590
v -0.136149 -0.066428 0.063590
v -0.140488 -0.050220 0.054583
v -0.142369 -0.042042 0.054583
v -0.142556 -0.033654 0.045576
v -0.138443 -0.058410 0.063590
v -0.140462 -0.050211 0.063590
v -0.142343 -0.042034 0.063590
v -0.142552 -0.033653 0.054583
v -0.142501 -0.025235 0.045576
v -0.142500 -0.016823 0.045576
v -0.142500 0.000000 0.036569
v -0.142500 -0.008412 0.045576
v -0.142500 -0.000000 0.045576
v -0.142497 -0.025234 0.054583
v -0.142496 -0.016823 0.054583
v -0.142525 -0.033647 0.063590
v -0.142470 -0.025230 0.063590
v -0.142496 -0.008412 0.054583
v -0.142496 -0.000000 0.054583
v -0.142470 -0.016820 0.063590
v -0.142470 -0.008410 0.063590
v -0.131058 -0.072872 0.072597
v -0.136057 -0.066383 0.072597
v -0.138349 -0.058371 0.072597
v -0.140367 -0.050177 0.072597
v -0.142247 -0.042006 0.072597
v -0.130825 -0.072743 0.081605
v -0.135816 -0.066266 0.081605
v -0.138103 -0.058267 0.081605
v -0.135282 -0.066006 0.090612
v -0.130311 -0.072458 0.090612
v -0.137561 -0.058039 0.090612
v -0.140118 -0.050088 0.081605
v -0.141994 -0.041931 0.081605
v -0.142430 -0.033624 0.072597
v -0.139568 -0.049892 0.090612
v -0.141437 -0.041767 0.090612
v -0.142375 -0.025213 0.072597
v -0.142374 -0.016809 0.072597
v -0.142470 -0.000000 0.063590
v -0.142374 -0.008405 0.072597
v -0.142374 -0.000000 0.072597
v -0.142177 -0.033565 0.081605
v -0.142122 -0.025169 0.081605
v -0.142121 -0.016779 0.081605
v -0.141618 -0.033433 0.090612
v -0.141564 -0.025070 0.090612
v -0.142121 -0.008390 0.081605
v -0.142121 -0.000001 0.081605
v -0.141564 -0.016714 0.090612
v -0.141564 -0.008357 0.090612
v -0.141564 -0.000001 0.090612
v -0.085413 -0.087409 0.045576
v -0.077006 -0.087519 0.045576
v -0.068594 -0.087501 0.045576
v -0.060182 -0.087500 0.045576
v -0.051770 -0.087500 0.045576
v -0.043359 -0.087500 0.045576
v -0.085410 -0.087407 0.054583
v -0.077004 -0.087517 0.054583
v -0.068592 -0.087499 0.054583
v -0.085394 -0.087391 0.063590
v -0.076990 -0.087501 0.063590
v -0.060180 -0.087498 0.054583
v -0.051769 -0.087498 0.054583
v -0.043357 -0.087498 0.054583
v -0.068579 -0.087483 0.063590
v -0.060169 -0.087481 0.063590
v -0.051759 -0.087481 0.063590
v -0.034946 -0.087516 0.045576
v -0.026537 -0.087471 0.045576
v -0.018147 -0.086931 0.045576
v -0.009765 -0.086225 0.045576
v -0.001383 -0.085522 0.045576
v -0.034945 -0.087514 0.054583
v -0.026536 -0.087469 0.054583
v -0.043349 -0.087481 0.063590
v -0.034939 -0.087497 0.063590
v -0.026531 -0.087453 0.063590
v -0.018147 -0.086928 0.054583
v -0.009765 -0.086223 0.054583
v -0.001383 -0.085519 0.054583
v -0.018143 -0.086912 0.063590
v -0.009763 -0.086206 0.063590
v -0.001382 -0.085503 0.063590
v -0.085337 -0.087332 0.072597
v -0.076938 -0.087442 0.072597
v -0.068533 -0.087424 0.072597
v -0.060128 -0.087423 0.072597
v -0.051724 -0.087423 0.072597
v -0.043320 -0.087423 0.072597
v -0.085185 -0.087177 0.081605
v -0.076801 -0.087287 0.081605
v -0.068411 -0.087269 0.081605
v -0.084850 -0.086835 0.090612
v -0.076499 -0.086944 0.090612
v -0.068142 -0.086926 0.090612
v -0.060021 -0.087267 0.081605
v -0.051632 -0.087267 0.081605
v -0.043243 -0.087267 0.081605
v -0.059786 -0.086925 0.090612
v -0.051429 -0.086925 0.090612
v -0.043073 -0.086925 0.090612
v -0.034915 -0.087439 0.072597
v -0.026513 -0.087394 0.072597
v -0.018131 -0.086854 0.072597
v -0.009756 -0.086149 0.072597
v -0.001381 -0.085446 0.072597
v -0.034853 -0.087283 0.081605
v -0.026465 -0.087239 0.081605
v -0.034716 -0.086941 0.090612
v -0.026361 -0.086896 0.090612
v -0.018099 -0.086700 0.081605
v -0.009739 -0.085996 0.081605
v -0.001379 -0.085294 0.081605
v -0.018027 -0.086359 0.090612
v -0.009700 -0.085658 0.090612
v -0.001373 -0.084959 0.090612
v -0.117090 -0.082684 0.099619
v -0.123437 -0.077804 0.099619
v -0.109004 -0.083856 0.099619
v -0.100696 -0.084557 0.099619
v -0.115417 -0.081503 0.108626
v -0.107447 -0.082659 0.108626
v -0.092446 -0.085402 0.099619
v -0.099257 -0.083350 0.108626
v -0.121673 -0.076692 0.108626
v -0.091125 -0.084183 0.108626
v -0.112470 -0.079425 0.117633
v -0.104704 -0.080554 0.117633
v -0.096722 -0.081226 0.117633
v -0.099250 -0.076334 0.126640
v -0.091684 -0.076968 0.126640
v -0.134234 -0.065495 0.099619
v -0.129302 -0.071897 0.099619
v -0.136495 -0.057590 0.099619
v -0.132316 -0.064561 0.108626
v -0.127456 -0.070872 0.108626
v -0.138488 -0.049507 0.099619
v -0.134545 -0.056768 0.108626
v -0.140341 -0.041444 0.099619
v -0.136511 -0.048802 0.108626
v -0.118566 -0.074737 0.117633
v -0.124203 -0.069069 0.117633
v -0.128939 -0.062918 0.117633
v -0.138338 -0.040854 0.108626
v -0.131112 -0.055325 0.117633
v -0.133030 -0.047562 0.117633
v -0.134809 -0.039818 0.117633
v -0.140521 -0.033175 0.099619
v -0.140468 -0.024877 0.099619
v -0.138515 -0.032703 0.108626
v -0.138463 -0.024523 0.108626
v -0.140467 -0.016585 0.099619
v -0.140467 -0.008293 0.099619
v -0.138462 -0.016350 0.108626
v -0.140467 -0.000002 0.099619
v -0.138462 -0.008176 0.108626
v -0.134982 -0.031874 0.117633
v -0.134933 -0.023903 0.117633
v -0.138462 -0.000003 0.108626
v -0.134933 -0.015938 0.117633
v -0.134933 -0.007973 0.117633
v -0.134933 -0.000008 0.117633
v -0.122199 -0.059598 0.126640
v -0.117719 -0.065430 0.126640
v -0.124249 -0.052397 0.126640
v -0.126070 -0.045042 0.126640
v -0.127753 -0.037703 0.126640
v -0.114615 -0.048559 0.135947
v -0.116309 -0.041772 0.135947
v -0.112376 -0.070801 0.126640
v -0.106606 -0.075258 0.126640
v -0.108518 -0.060558 0.135947
v -0.103568 -0.065493 0.135947
v -0.098209 -0.069550 0.135947
v -0.091406 -0.070527 0.135947
v -0.112679 -0.055186 0.135947
v -0.096544 -0.060494 0.144114
v -0.091627 -0.064378 0.144114
v -0.101147 -0.055940 0.144114
v -0.104894 -0.050897 0.144114
v -0.106623 -0.044713 0.144114
v -0.108236 -0.038435 0.144114
v -0.127910 -0.030175 0.126640
v -0.127864 -0.022621 0.126640
v -0.117871 -0.034994 0.135947
v -0.118043 -0.028043 0.135947
v -0.118008 -0.021067 0.135947
v -0.127864 -0.015074 0.126640
v -0.127864 -0.007526 0.126640
v -0.127864 0.000022 0.126640
v -0.118007 -0.014096 0.135947
v -0.118007 -0.007124 0.135947
v -0.118007 -0.000152 0.135947
v -0.109622 -0.032140 0.144114
v -0.109734 -0.025688 0.144114
v -0.109718 -0.019220 0.144114
v -0.109718 -0.012753 0.144114
v -0.109718 -0.006287 0.144114
v -0.109718 0.000179 0.144114
v -0.084192 -0.086162 0.099619
v -0.075906 -0.086271 0.099619
v -0.082989 -0.084932 0.108626
v -0.067614 -0.086253 0.099619
v -0.074821 -0.085040 0.108626
v -0.059322 -0.086252 0.099619
v -0.051030 -0.086252 0.099619
v -0.066647 -0.085022 0.108626
v -0.058474 -0.085021 0.108626
v -0.042739 -0.086252 0.099619
v -0.050300 -0.085021 0.108626
v -0.088797 -0.082037 0.117633
v -0.080869 -0.082767 0.117633
v -0.072909 -0.082872 0.117633
v -0.064943 -0.082855 0.117633
v -0.056978 -0.082853 0.117633
v -0.049013 -0.082853 0.117633
v -0.034446 -0.086267 0.099619
v -0.026156 -0.086223 0.099619
v -0.042127 -0.085021 0.108626
v -0.033953 -0.085036 0.108626
v -0.025782 -0.084992 0.108626
v -0.017887 -0.085691 0.099619
v -0.009624 -0.084995 0.099619
v -0.001361 -0.084302 0.099619
v -0.017630 -0.084467 0.108626
v -0.009485 -0.083781 0.108626
v -0.001341 -0.083098 0.108626
v -0.041048 -0.082853 0.117633
v -0.033083 -0.082868 0.117633
v -0.025119 -0.082825 0.117633
v -0.017176 -0.082314 0.117633
v -0.009239 -0.081645 0.117633
v -0.001301 -0.080979 0.117633
v -0.084175 -0.077736 0.126640
v -0.076662 -0.078430 0.126640
v -0.069119 -0.078531 0.126640
v -0.061571 -0.078514 0.126640
v -0.054023 -0.078513 0.126640
v -0.046475 -0.078513 0.126640
v -0.038927 -0.078513 0.126640
v -0.031379 -0.078526 0.126640
v -0.023833 -0.078488 0.126640
v -0.016305 -0.078005 0.126640
v -0.008784 -0.077371 0.126640
v -0.001263 -0.076740 0.126640
v -0.084417 -0.071110 0.135947
v -0.077481 -0.071817 0.135947
v -0.070541 -0.072448 0.135947
v -0.063574 -0.072538 0.135947
v -0.056601 -0.072521 0.135947
v -0.049630 -0.072520 0.135947
v -0.078882 -0.065924 0.144114
v -0.085380 -0.065416 0.144114
v -0.072448 -0.066572 0.144114
v -0.042658 -0.072520 0.135947
v -0.066012 -0.067176 0.144114
v -0.059551 -0.067284 0.144114
v -0.053084 -0.067265 0.144114
v -0.046617 -0.067264 0.144114
v -0.005808 0.000000 0.145555
v -0.035686 -0.072520 0.135947
v -0.028714 -0.072531 0.135947
v -0.021745 -0.072487 0.135947
v -0.014792 -0.072037 0.135947
v -0.007845 -0.071451 0.135947
v -0.000897 -0.070868 0.135947
v -0.040151 -0.067264 0.144114
v -0.033685 -0.067264 0.144114
v -0.027218 -0.067268 0.144114
v -0.020753 -0.067240 0.144114
v -0.014304 -0.066844 0.144114
v -0.007860 -0.066299 0.144114
v -0.001416 -0.065758 0.144114
v 0.005028 -0.065220 0.144114
v -0.121588 0.007331 -0.044795
v -0.131296 0.007734 -0.035488
v -0.121588 0.014514 -0.044795
v -0.131296 0.015484 -0.035488
v -0.121588 0.021697 -0.044795
v -0.131296 0.023235 -0.035488
v -0.121623 0.028885 -0.044795
v -0.131343 0.030991 -0.035488
v -0.121448 0.036046 -0.044795
v -0.110846 0.006346 -0.052962
v -0.110846 0.012878 -0.052962
v -0.110846 0.019411 -0.052962
v -0.110862 0.025946 -0.052962
v -0.110750 0.032465 -0.052962
v -0.109351 0.038824 -0.052962
v -0.137538 0.008127 -0.026481
v -0.137538 0.016246 -0.026481
v -0.131180 0.038721 -0.035488
v -0.137538 0.024365 -0.026481
v -0.137589 0.032490 -0.026481
v -0.137412 0.040587 -0.026481
v -0.119840 0.043030 -0.044795
v -0.129451 0.046257 -0.035488
v -0.118094 0.050022 -0.044795
v -0.127582 0.053809 -0.035488
v -0.116101 0.056851 -0.044795
v -0.107720 0.045167 -0.052962
v -0.105975 0.051416 -0.052962
v -0.111816 0.062388 -0.044795
v -0.102192 0.056512 -0.052962
v -0.097541 0.061112 -0.052962
v -0.106716 0.067472 -0.044795
v -0.092574 0.065038 -0.052962
v -0.101196 0.071655 -0.044795
v -0.125475 0.061202 -0.035488
v -0.120873 0.067190 -0.035488
v -0.115387 0.072705 -0.035488
v -0.109460 0.077278 -0.035488
v -0.094188 0.072664 -0.044795
v -0.135598 0.048481 -0.026481
v -0.133643 0.056393 -0.026481
v -0.131428 0.064133 -0.026481
v -0.126601 0.070402 -0.026481
v -0.120855 0.076181 -0.026481
v -0.101907 0.078382 -0.035488
v -0.114641 0.080958 -0.026481
v -0.106725 0.082109 -0.026481
v -0.094139 0.079034 -0.035488
v -0.098589 0.082794 -0.026481
v -0.086264 0.066090 -0.052962
v -0.079698 0.066601 -0.052962
v -0.086988 0.073265 -0.044795
v -0.073198 0.067256 -0.052962
v -0.079841 0.073993 -0.044795
v -0.066696 0.067866 -0.052962
v -0.072690 0.074644 -0.044795
v -0.086428 0.079823 -0.035488
v -0.078713 0.080535 -0.035488
v -0.065512 0.074737 -0.044795
v -0.060169 0.067977 -0.052962
v -0.053635 0.067957 -0.052962
v -0.058328 0.074720 -0.044795
v -0.047102 0.067955 -0.052962
v -0.051145 0.074719 -0.044795
v -0.070968 0.080639 -0.035488
v -0.063217 0.080621 -0.035488
v -0.055466 0.080620 -0.035488
v -0.043962 0.074719 -0.044795
v 0.002000 0.000898 -0.054305
v 0.002000 0.000453 -0.054305
v 0.002000 0.001348 -0.054304
v 0.002000 0.001803 -0.054303
v 0.002000 0.002275 -0.054302
v 0.002000 0.002755 -0.054300
v 0.002000 0.003221 -0.054295
v 0.002000 0.003702 -0.054290
v 0.002000 0.004159 -0.054283
v 0.002000 0.004648 -0.054274
v 0.002000 0.005209 -0.054265
v 0.002000 0.006524 -0.054239
v 0.002000 0.005836 -0.054253
v 0.002000 0.007348 -0.054223
v 0.002000 0.009634 -0.054176
v 0.002000 0.011289 -0.054143
v 0.002000 0.013500 -0.054097
v 0.002000 0.016544 -0.054032
v 0.002000 0.021222 -0.053931
v 0.002000 0.041097 -0.053502
v -0.040569 0.067955 -0.052962
v -0.034037 0.067955 -0.052962
v -0.036779 0.074719 -0.044795
v -0.027504 0.067960 -0.052962
v -0.029596 0.074729 -0.044795
v -0.020972 0.067932 -0.052962
v -0.022415 0.074685 -0.044795
v -0.047716 0.080620 -0.035488
v -0.039966 0.080620 -0.035488
v -0.032215 0.080634 -0.035488
v -0.014456 0.067531 -0.052962
v -0.007946 0.066982 -0.052962
v -0.001436 0.066434 -0.052962
v 0.005074 0.065891 -0.052962
v -0.015251 0.074222 -0.044795
v -0.008093 0.073618 -0.044795
v -0.000935 0.073017 -0.044795
v -0.024466 0.080594 -0.035488
v -0.016737 0.080097 -0.035488
v -0.009014 0.079447 -0.035488
v -0.001290 0.078799 -0.035488
v -0.090511 0.083621 -0.026481
v -0.082430 0.084365 -0.026481
v -0.074316 0.084472 -0.026481
v -0.066197 0.084454 -0.026481
v -0.058078 0.084453 -0.026481
v -0.049959 0.084453 -0.026481
v -0.041840 0.084453 -0.026481
v -0.033721 0.084468 -0.026481
v -0.025604 0.084424 -0.026481
v -0.017507 0.083903 -0.026481
v -0.009417 0.083222 -0.026481
v -0.001326 0.082543 -0.026481
v -0.140309 0.008286 -0.017474
v -0.140309 0.016568 -0.017474
v -0.141652 0.008363 -0.008467
v -0.141652 0.016725 -0.008467
v -0.140310 0.024851 -0.017474
v -0.140363 0.033139 -0.017474
v -0.140183 0.041400 -0.017474
v -0.141652 0.025087 -0.008467
v -0.141706 0.033455 -0.008467
v -0.142233 0.008397 0.000540
v -0.142233 0.016793 0.000540
v -0.142234 0.025189 0.000540
v -0.141525 0.041794 -0.008467
v -0.142289 0.033592 0.000540
v -0.142106 0.041965 0.000540
v -0.138332 0.049453 -0.017474
v -0.136340 0.057526 -0.017474
v -0.139655 0.049924 -0.008467
v -0.134081 0.065422 -0.017474
v -0.129155 0.071817 -0.017474
v -0.124688 0.075897 -0.018417
v -0.121408 0.078216 -0.019988
v -0.120468 0.078776 -0.020417
v -0.122786 0.077395 -0.019358
v -0.137646 0.058075 -0.008467
v -0.135366 0.066047 -0.008467
v -0.125798 0.075268 -0.017145
v -0.125536 0.075461 -0.017474
v -0.128553 0.073236 -0.013684
v -0.128990 0.073055 -0.012475
v -0.130363 0.072487 -0.008677
v -0.140229 0.050128 0.000540
v -0.138212 0.058313 0.000540
v -0.135922 0.066318 0.000540
v -0.130467 0.072419 -0.008345
v -0.130433 0.072449 -0.008467
v -0.130686 0.072223 -0.007544
v -0.131232 0.072236 -0.000997
v -0.130763 0.072225 -0.006618
v -0.131304 0.072312 0.000540
v -0.131315 0.072324 0.001212
v -0.142442 0.008409 0.009548
v -0.142442 0.016817 0.009548
v -0.142494 0.008412 0.018555
v -0.142494 0.016823 0.018555
v -0.142442 0.025225 0.009548
v -0.142497 0.033640 0.009548
v -0.142495 0.025234 0.018555
v -0.142550 0.033652 0.018555
v -0.142314 0.042026 0.009548
v -0.142501 0.008412 0.027562
v -0.142501 0.016823 0.027562
v -0.142500 0.008412 0.036569
v -0.142501 0.025235 0.027562
v -0.142557 0.033654 0.027562
v -0.142367 0.042041 0.018555
v -0.142500 0.016823 0.036569
v -0.142501 0.025235 0.036569
v -0.142556 0.033654 0.036569
v -0.142374 0.042043 0.027562
v -0.140434 0.050201 0.009548
v -0.138415 0.058399 0.009548
v -0.140486 0.050220 0.018555
v -0.138467 0.058420 0.018555
v -0.136122 0.066415 0.009548
v -0.131388 0.072401 0.005562
v -0.131304 0.072536 0.006206
v -0.131084 0.072887 0.007885
v -0.131120 0.072907 0.009548
v -0.130884 0.073132 0.009202
v -0.130832 0.073196 0.009548
v -0.136173 0.066439 0.018555
v -0.131169 0.072934 0.018555
v -0.130448 0.073604 0.011897
v -0.130155 0.073903 0.012433
v -0.128777 0.075313 0.014961
v -0.127646 0.076470 0.017035
v -0.140492 0.050222 0.027562
v -0.142373 0.042043 0.036569
v -0.138473 0.058422 0.027562
v -0.140492 0.050221 0.036569
v -0.136179 0.066442 0.027562
v -0.127110 0.077014 0.017434
v -0.125604 0.078540 0.018555
v -0.125347 0.078800 0.018746
v -0.131174 0.072937 0.027562
v -0.138472 0.058422 0.036569
v -0.136178 0.066442 0.036569
v -0.125226 0.078931 0.027562
v -0.131174 0.072936 0.036569
v -0.119385 0.079421 -0.020912
v -0.116424 0.081575 -0.021237
v -0.115976 0.081900 -0.021286
v -0.112079 0.082361 -0.021767
v -0.112368 0.082324 -0.021744
v -0.109848 0.082644 -0.021951
v -0.103109 0.083219 -0.022524
v -0.107768 0.082909 -0.022121
v -0.103204 0.083213 -0.022516
v -0.102650 0.083250 -0.022564
v -0.102368 0.083269 -0.022589
v -0.099393 0.083467 -0.022846
v -0.095394 0.083805 -0.023187
v -0.125220 0.078928 0.018840
v -0.123346 0.080370 0.020097
v -0.120286 0.082723 0.020657
v -0.118787 0.083881 0.027562
v -0.125225 0.078931 0.036569
v -0.118783 0.083878 0.020931
v -0.117557 0.084056 0.021143
v -0.113254 0.084679 0.021490
v -0.110580 0.085066 0.021707
v -0.110584 0.085068 0.027562
v -0.105506 0.085495 0.022139
v -0.118787 0.083881 0.036569
v -0.102155 0.085781 0.027562
v -0.102152 0.085779 0.022425
v -0.097926 0.086212 0.022779
v -0.097718 0.086233 0.022789
v -0.093786 0.086638 0.027562
v -0.110583 0.085068 0.036569
v -0.102155 0.085780 0.036569
v -0.094067 0.083918 -0.023300
v -0.091364 0.084147 -0.023530
v -0.091110 0.084172 -0.023531
v -0.087804 0.084473 -0.023549
v -0.085642 0.084670 -0.023561
v -0.082967 0.084913 -0.023576
v -0.080239 0.084939 -0.023629
v -0.079338 0.084948 -0.023646
v -0.079701 0.084944 -0.023639
v -0.077778 0.085036 -0.023293
v -0.074955 0.085195 -0.022654
v -0.072112 0.085306 -0.022035
v -0.071166 0.085342 -0.021829
v -0.067401 0.085489 -0.021010
v -0.067050 0.085539 -0.020741
v -0.065420 0.085775 -0.019489
v -0.065029 0.085832 -0.019188
v -0.062797 0.086155 -0.017474
v -0.059253 0.086155 -0.017474
v -0.050971 0.086155 -0.017474
v -0.060672 0.086286 -0.016043
v -0.059398 0.086364 -0.015185
v -0.059265 0.086373 -0.015096
v -0.059089 0.086423 -0.014541
v -0.051460 0.086979 -0.008467
v -0.042689 0.086155 -0.017474
v -0.057164 0.086979 -0.008467
v -0.057011 0.086994 -0.008088
v -0.056664 0.087028 -0.007236
v -0.056612 0.087033 -0.007109
v -0.056862 0.087180 -0.003405
v -0.051672 0.087336 0.000540
v -0.043099 0.086979 -0.008467
v -0.057128 0.087336 0.000540
v -0.057146 0.087347 0.001270
v -0.057168 0.087349 0.001427
v -0.034406 0.086170 -0.017474
v -0.026125 0.086126 -0.017474
v -0.034737 0.086995 -0.008467
v -0.017865 0.085594 -0.017474
v -0.009612 0.084899 -0.017474
v -0.001358 0.084207 -0.017474
v -0.026377 0.086950 -0.008467
v -0.018038 0.086413 -0.008467
v -0.009705 0.085711 -0.008467
v -0.043277 0.087336 0.000540
v -0.034880 0.087352 0.000540
v -0.026486 0.087307 0.000540
v -0.018113 0.086768 0.000540
v -0.001373 0.085012 -0.008467
v -0.009746 0.086063 0.000540
v -0.001379 0.085361 0.000540
v -0.051749 0.087464 0.009548
v -0.058318 0.087464 0.009538
v -0.058325 0.087464 0.009548
v -0.060179 0.087497 0.018555
v -0.060163 0.087473 0.012002
v -0.063812 0.087491 0.016873
v -0.058855 0.087467 0.010255
v -0.051768 0.087497 0.018555
v -0.043340 0.087464 0.009548
v -0.077007 0.087520 0.027562
v -0.077004 0.087517 0.022010
v -0.080653 0.087470 0.022464
v -0.074344 0.087512 0.021694
v -0.069419 0.087500 0.019441
v -0.093784 0.086636 0.022959
v -0.089676 0.087015 0.023142
v -0.085413 0.087410 0.027562
v -0.086800 0.087280 0.023270
v -0.085411 0.087408 0.023056
v -0.093786 0.086638 0.036569
v -0.085413 0.087409 0.036569
v -0.077006 0.087519 0.036569
v -0.068594 0.087502 0.027562
v -0.067485 0.087498 0.018555
v -0.068591 0.087498 0.019062
v -0.060182 0.087500 0.027562
v -0.051771 0.087500 0.027562
v -0.043357 0.087497 0.018555
v -0.068594 0.087502 0.036569
v -0.060182 0.087500 0.036569
v -0.051770 0.087500 0.036569
v -0.043359 0.087500 0.027562
v -0.034932 0.087480 0.009548
v -0.026525 0.087435 0.009548
v -0.034945 0.087513 0.018555
v -0.026535 0.087468 0.018555
v -0.018139 0.086895 0.009548
v -0.009761 0.086189 0.009548
v -0.001382 0.085486 0.009548
v -0.018147 0.086927 0.018555
v -0.009765 0.086221 0.018555
v -0.001383 0.085518 0.018555
v -0.034946 0.087517 0.027562
v -0.043359 0.087500 0.036569
v -0.026537 0.087472 0.027562
v -0.034946 0.087516 0.036569
v -0.018147 0.086931 0.027562
v -0.009765 0.086225 0.027562
v -0.026537 0.087471 0.036569
v -0.018148 0.086931 0.036569
v -0.001383 0.085522 0.027562
v -0.009765 0.086225 0.036569
v -0.142500 0.008412 0.045576
v -0.142500 0.016823 0.045576
v -0.142501 0.025235 0.045576
v -0.142556 0.033654 0.045576
v -0.142496 0.008411 0.054583
v -0.142496 0.016823 0.054583
v -0.142470 0.008410 0.063590
v -0.142497 0.025234 0.054583
v -0.142552 0.033653 0.054583
v -0.142373 0.042043 0.045576
v -0.142470 0.016820 0.063590
v -0.142470 0.025229 0.063590
v -0.142525 0.033646 0.063590
v -0.142369 0.042041 0.054583
v -0.140492 0.050221 0.045576
v -0.138472 0.058422 0.045576
v -0.136178 0.066442 0.045576
v -0.131174 0.072936 0.045576
v -0.125225 0.078931 0.045576
v -0.140488 0.050220 0.054583
v -0.138469 0.058420 0.054583
v -0.142343 0.042033 0.063590
v -0.140462 0.050210 0.063590
v -0.136175 0.066440 0.054583
v -0.131170 0.072934 0.054583
v -0.125222 0.078928 0.054583
v -0.138443 0.058409 0.063590
v -0.136149 0.066427 0.063590
v -0.131146 0.072920 0.063590
v -0.142374 0.008404 0.072597
v -0.142374 0.016808 0.072597
v -0.142375 0.025212 0.072597
v -0.142430 0.033623 0.072597
v -0.142121 0.008389 0.081605
v -0.142121 0.016778 0.081605
v -0.141564 0.008355 0.090612
v -0.141564 0.016712 0.090612
v -0.142122 0.025167 0.081605
v -0.142177 0.033563 0.081605
v -0.142247 0.042005 0.072597
v -0.141564 0.025068 0.090612
v -0.141619 0.033431 0.090612
v -0.141995 0.041930 0.081605
v -0.141437 0.041765 0.090612
v -0.140367 0.050177 0.072597
v -0.138350 0.058370 0.072597
v -0.136058 0.066383 0.072597
v -0.125199 0.078914 0.063590
v -0.131058 0.072871 0.072597
v -0.125115 0.078861 0.072597
v -0.140118 0.050087 0.081605
v -0.138104 0.058266 0.081605
v -0.139568 0.049890 0.090612
v -0.137563 0.058037 0.090612
v -0.135816 0.066265 0.081605
v -0.130825 0.072742 0.081605
v -0.124893 0.078720 0.081605
v -0.135283 0.066004 0.090612
v -0.130312 0.072456 0.090612
v -0.124403 0.078411 0.090612
v -0.118787 0.083881 0.045576
v -0.110583 0.085068 0.045576
v -0.102155 0.085780 0.045576
v -0.093786 0.086638 0.045576
v -0.118784 0.083878 0.054583
v -0.110580 0.085066 0.054583
v -0.102152 0.085778 0.054583
v -0.093783 0.086636 0.054583
v -0.118762 0.083863 0.063590
v -0.110560 0.085050 0.063590
v -0.102133 0.085762 0.063590
v -0.118682 0.083806 0.072597
v -0.093766 0.086619 0.063590
v -0.110486 0.084992 0.072597
v -0.102065 0.085704 0.072597
v -0.093703 0.086561 0.072597
v -0.118471 0.083657 0.081605
v -0.110289 0.084841 0.081605
v -0.101884 0.085552 0.081605
v -0.118007 0.083328 0.090612
v -0.109857 0.084508 0.090612
v -0.101484 0.085216 0.090612
v -0.093537 0.086408 0.081605
v -0.085413 0.087409 0.045576
v -0.077006 0.087519 0.045576
v -0.068594 0.087501 0.045576
v -0.060182 0.087500 0.045576
v -0.051770 0.087500 0.045576
v -0.085410 0.087407 0.054583
v -0.077004 0.087517 0.054583
v -0.085394 0.087391 0.063590
v -0.076990 0.087501 0.063590
v -0.068592 0.087499 0.054583
v -0.060181 0.087498 0.054583
v -0.051769 0.087498 0.054583
v -0.043359 0.087500 0.045576
v -0.068579 0.087483 0.063590
v -0.060169 0.087481 0.063590
v -0.051760 0.087481 0.063590
v -0.043358 0.087498 0.054583
v -0.034946 0.087516 0.045576
v -0.026537 0.087471 0.045576
v -0.001383 0.085522 0.036569
v -0.018148 0.086931 0.045576
v -0.009765 0.086225 0.045576
v -0.001383 0.085522 0.045576
v -0.034946 0.087514 0.054583
v -0.026536 0.087469 0.054583
v -0.043350 0.087481 0.063590
v -0.034939 0.087497 0.063590
v -0.018147 0.086928 0.054583
v -0.009765 0.086223 0.054583
v -0.001383 0.085519 0.054583
v -0.026531 0.087453 0.063590
v -0.018144 0.086912 0.063590
v -0.009763 0.086206 0.063590
v -0.085337 0.087332 0.072597
v -0.076939 0.087442 0.072597
v -0.068534 0.087424 0.072597
v -0.060129 0.087423 0.072597
v -0.051725 0.087423 0.072597
v -0.085186 0.087177 0.081605
v -0.076802 0.087286 0.081605
v -0.093170 0.086068 0.090612
v -0.084852 0.086835 0.090612
v -0.076501 0.086944 0.090612
v -0.068412 0.087269 0.081605
v -0.060023 0.087267 0.081605
v -0.051633 0.087267 0.081605
v -0.043321 0.087423 0.072597
v -0.068144 0.086926 0.090612
v -0.059788 0.086925 0.090612
v -0.051431 0.086925 0.090612
v -0.043244 0.087267 0.081605
v -0.034916 0.087439 0.072597
v -0.026514 0.087394 0.072597
v -0.018132 0.086854 0.072597
v -0.001383 0.085503 0.063590
v -0.009757 0.086149 0.072597
v -0.001382 0.085446 0.072597
v -0.034854 0.087283 0.081605
v -0.026467 0.087239 0.081605
v -0.043075 0.086925 0.090612
v -0.034718 0.086941 0.090612
v -0.026363 0.086896 0.090612
v -0.018100 0.086700 0.081605
v -0.009740 0.085996 0.081605
v -0.001380 0.085294 0.081605
v -0.018029 0.086359 0.090612
v -0.009702 0.085658 0.090612
v -0.001375 0.084960 0.090612
v -0.140467 0.008290 0.099619
v -0.140467 0.016582 0.099619
v -0.138462 0.008170 0.108626
v -0.138462 0.016343 0.108626
v -0.140468 0.024873 0.099619
v -0.140523 0.033172 0.099619
v -0.138463 0.024517 0.108626
v -0.140342 0.041441 0.099619
v -0.138517 0.032697 0.108626
v -0.134933 0.007957 0.117633
v -0.134933 0.015922 0.117633
v -0.138338 0.040848 0.108626
v -0.134933 0.023887 0.117633
v -0.134987 0.031858 0.117633
v -0.134811 0.039802 0.117633
v -0.138487 0.049503 0.099619
v -0.136498 0.057587 0.099619
v -0.136510 0.048795 0.108626
v -0.134236 0.065492 0.099619
v -0.129302 0.071894 0.099619
v -0.134551 0.056764 0.108626
v -0.132320 0.064556 0.108626
v -0.123440 0.077804 0.099619
v -0.127456 0.070866 0.108626
v -0.133030 0.047546 0.117633
v -0.131123 0.055313 0.117633
v -0.121679 0.076693 0.108626
v -0.128947 0.062905 0.117633
v -0.124208 0.069054 0.117633
v -0.118581 0.074735 0.117633
v -0.115422 0.081500 0.108626
v -0.127864 0.007570 0.126640
v -0.127864 0.015117 0.126640
v -0.118007 0.006819 0.135947
v -0.118007 0.013791 0.135947
v -0.127865 0.022665 0.126640
v -0.127917 0.030219 0.126640
v -0.127747 0.037746 0.126640
v -0.118008 0.020762 0.135947
v -0.118057 0.027740 0.135947
v -0.117908 0.034693 0.135947
v -0.109718 0.006645 0.144114
v -0.109718 0.013112 0.144114
v -0.109719 0.019578 0.144114
v -0.109779 0.026052 0.144114
v -0.109578 0.032493 0.144114
v -0.116369 0.041474 0.135947
v -0.108103 0.038777 0.144114
v -0.126053 0.045084 0.126640
v -0.124248 0.052445 0.126640
v -0.122183 0.059637 0.126640
v -0.117681 0.065459 0.126640
v -0.114712 0.048276 0.135947
v -0.112349 0.070843 0.126640
v -0.112483 0.079418 0.117633
v -0.106567 0.075272 0.126640
v -0.104715 0.080543 0.117633
v -0.099200 0.076325 0.126640
v -0.112816 0.054925 0.135947
v -0.108701 0.060327 0.135947
v -0.103799 0.065318 0.135947
v -0.098472 0.069435 0.135947
v -0.106607 0.045101 0.144114
v -0.104756 0.051216 0.144114
v -0.100846 0.056177 0.144114
v -0.091695 0.070466 0.135947
v -0.096314 0.060823 0.144114
v -0.117093 0.082682 0.099619
v -0.109006 0.083852 0.099619
v -0.100699 0.084557 0.099619
v -0.107451 0.082654 0.108626
v -0.099263 0.083349 0.108626
v -0.092450 0.085402 0.099619
v -0.096738 0.081224 0.117633
v -0.091641 0.076972 0.126640
v -0.084721 0.071080 0.135947
v -0.084131 0.077743 0.126640
v -0.077785 0.071792 0.135947
v -0.076618 0.078433 0.126640
v -0.070845 0.072432 0.135947
v -0.069075 0.078529 0.126640
v -0.063878 0.072531 0.135947
v -0.061527 0.078514 0.126640
v -0.056906 0.072521 0.135947
v -0.053979 0.078513 0.126640
v -0.049934 0.072520 0.135947
v -0.046431 0.078513 0.126640
v -0.091308 0.064493 0.144114
v -0.084976 0.065352 0.144114
v -0.078525 0.065959 0.144114
v -0.072092 0.066626 0.144114
v -0.065654 0.067196 0.144114
v -0.059192 0.067268 0.144114
v -0.052725 0.067264 0.144114
v -0.046259 0.067264 0.144114
v -0.042963 0.072520 0.135947
v -0.038884 0.078513 0.126640
v -0.035991 0.072520 0.135947
v -0.031335 0.078528 0.126640
v -0.029019 0.072535 0.135947
v -0.023789 0.078487 0.126640
v -0.022049 0.072498 0.135947
v -0.016262 0.077999 0.126640
v -0.015096 0.072056 0.135947
v -0.008740 0.077367 0.126640
v -0.008148 0.071475 0.135947
v -0.001219 0.076736 0.126640
v -0.039793 0.067264 0.144114
v -0.033326 0.067264 0.144114
v -0.026859 0.067281 0.144114
v -0.020395 0.067231 0.144114
v -0.013947 0.066803 0.144114
v -0.007503 0.066267 0.144114
v -0.001059 0.065728 0.144114
v 0.005385 0.065190 0.144114
v -0.001201 0.070893 0.135947
v -0.084196 0.086162 0.099619
v -0.075910 0.086270 0.099619
v -0.091132 0.084183 0.108626
v -0.082996 0.084932 0.108626
v -0.074828 0.085039 0.108626
v -0.067617 0.086253 0.099619
v -0.059325 0.086252 0.099619
v -0.051034 0.086252 0.099619
v -0.066653 0.085022 0.108626
v -0.058480 0.085021 0.108626
v -0.088813 0.082037 0.117633
v -0.080885 0.082766 0.117633
v -0.072925 0.082870 0.117633
v -0.050307 0.085021 0.108626
v -0.064959 0.082855 0.117633
v -0.056994 0.082853 0.117633
v -0.049029 0.082853 0.117633
v -0.042742 0.086252 0.099619
v -0.034450 0.086268 0.099619
v -0.042133 0.085021 0.108626
v -0.026160 0.086223 0.099619
v -0.033959 0.085037 0.108626
v -0.017890 0.085690 0.099619
v -0.009628 0.084995 0.099619
v -0.025788 0.084993 0.108626
v -0.017636 0.084467 0.108626
v -0.001365 0.084302 0.099619
v -0.009492 0.083782 0.108626
v -0.041064 0.082853 0.117633
v -0.033099 0.082869 0.117633
v -0.025135 0.082826 0.117633
v -0.001347 0.083099 0.108626
v -0.017192 0.082314 0.117633
v -0.009255 0.081646 0.117633
v -0.001317 0.080981 0.117633
v 0.006465 -0.078151 -0.035488
v 0.006747 -0.081869 -0.026481
v 0.014189 -0.077506 -0.035488
v 0.014838 -0.081193 -0.026481
v 0.021912 -0.076863 -0.035488
v 0.022929 -0.080520 -0.026481
v 0.031022 -0.079862 -0.026481
v 0.029638 -0.076236 -0.035488
v 0.039094 -0.079058 -0.026481
v 0.005927 -0.072444 -0.044795
v 0.013085 -0.071847 -0.044795
v 0.011957 -0.065316 -0.052962
v 0.020243 -0.071251 -0.044795
v 0.018467 -0.064775 -0.052962
v 0.027404 -0.070670 -0.044795
v 0.024980 -0.064251 -0.052962
v 0.005284 -0.040822 -0.053502
v 0.009353 -0.040484 -0.053502
v 0.013424 -0.040157 -0.053502
v 0.017481 -0.039736 -0.053502
v 0.031472 -0.063578 -0.052962
v 0.021492 -0.038982 -0.053502
v 0.034546 -0.069961 -0.044795
v 0.041606 -0.068655 -0.044795
v 0.037890 -0.062371 -0.052962
v 0.048655 -0.067267 -0.044795
v 0.044302 -0.061117 -0.052962
v 0.037344 -0.075467 -0.035488
v 0.044960 -0.074047 -0.035488
v 0.052565 -0.072546 -0.035488
v 0.025500 -0.038198 -0.053502
v 0.029507 -0.037418 -0.053502
v 0.050714 -0.059869 -0.052962
v 0.033515 -0.036638 -0.053502
v 0.057127 -0.058621 -0.052962
v 0.037528 -0.035876 -0.053502
v 0.063547 -0.057402 -0.052962
v 0.041522 -0.035047 -0.053502
v 0.047073 -0.077572 -0.026481
v 0.055706 -0.065895 -0.044795
v 0.062756 -0.064523 -0.044795
v 0.069813 -0.063175 -0.044795
v 0.076848 -0.061745 -0.044795
v 0.060173 -0.071066 -0.035488
v 0.067780 -0.069585 -0.035488
v 0.075395 -0.068130 -0.035488
v 0.069938 -0.056075 -0.052962
v 0.045410 -0.033828 -0.053502
v 0.076158 -0.054125 -0.052962
v 0.049263 -0.032471 -0.053502
v 0.082323 -0.051954 -0.052962
v 0.083697 -0.059635 -0.044795
v 0.082984 -0.066583 -0.035488
v 0.090370 -0.064294 -0.035488
v 0.090472 -0.057241 -0.044795
v 0.097678 -0.061704 -0.035488
v 0.053109 -0.031099 -0.053502
v 0.088477 -0.049758 -0.052962
v 0.056744 -0.029344 -0.053502
v 0.094293 -0.046951 -0.052962
v 0.097240 -0.054828 -0.044795
v 0.103676 -0.051821 -0.044795
v 0.055039 -0.076000 -0.026481
v 0.063008 -0.074449 -0.026481
v 0.070978 -0.072898 -0.026481
v 0.067662 -0.073676 -0.025801
v 0.071079 -0.073002 -0.025843
v 0.071648 -0.072892 -0.025850
v 0.072939 -0.072642 -0.025865
v 0.078954 -0.071373 -0.026481
v 0.075072 -0.072229 -0.025891
v 0.086904 -0.069754 -0.026481
v 0.080007 -0.071350 -0.025504
v 0.094642 -0.067359 -0.026481
v 0.102297 -0.064645 -0.026481
v 0.059918 -0.026786 -0.053502
v 0.099371 -0.042857 -0.052962
v 0.062512 -0.023794 -0.053502
v 0.103521 -0.038070 -0.052962
v 0.063890 -0.019978 -0.053502
v 0.105726 -0.031965 -0.052962
v 0.065090 -0.016076 -0.053502
v 0.107647 -0.025721 -0.052962
v 0.108811 -0.019335 -0.052962
v 0.065818 -0.012084 -0.053502
v 0.109401 -0.012833 -0.052962
v 0.066186 -0.008020 -0.053502
v 0.066559 -0.003952 -0.053502
v 0.109997 -0.006323 -0.052962
v 0.066822 0.000116 -0.053502
v 0.110418 0.000186 -0.052962
v 0.109285 -0.047364 -0.044795
v 0.113963 -0.042167 -0.044795
v 0.104978 -0.059095 -0.035488
v 0.111914 -0.055835 -0.035488
v 0.117944 -0.050995 -0.035488
v 0.122968 -0.045366 -0.035488
v 0.109944 -0.061913 -0.026481
v 0.117212 -0.058502 -0.026481
v 0.123532 -0.053437 -0.026481
v 0.125608 -0.038145 -0.035488
v 0.128800 -0.047543 -0.026481
v 0.131573 -0.039984 -0.026481
v 0.116450 -0.035501 -0.044795
v 0.118564 -0.028622 -0.044795
v 0.119899 -0.021612 -0.044795
v 0.120558 -0.014464 -0.044795
v 0.121193 -0.007305 -0.044795
v 0.121706 -0.000148 -0.044795
v 0.127872 -0.030714 -0.035488
v 0.129296 -0.023147 -0.035488
v 0.129992 -0.015432 -0.035488
v 0.130674 -0.007706 -0.035488
v 0.131222 0.000016 -0.035488
v 0.133944 -0.032198 -0.026481
v 0.135440 -0.024272 -0.026481
v 0.136171 -0.016191 -0.026481
v 0.136883 -0.008098 -0.026481
v 0.137459 -0.000009 -0.026481
v 0.006889 -0.083518 -0.017474
v 0.015142 -0.082829 -0.017474
v 0.023396 -0.082142 -0.017474
v 0.006956 -0.084317 -0.008467
v 0.015289 -0.083621 -0.008467
v 0.023622 -0.082928 -0.008467
v 0.031652 -0.081470 -0.017474
v 0.039888 -0.080650 -0.017474
v 0.048027 -0.079135 -0.017474
v 0.049157 -0.078912 -0.017474
v 0.031957 -0.082249 -0.008467
v 0.048078 -0.079219 -0.016474
v 0.047563 -0.079359 -0.016004
v 0.047055 -0.079654 -0.013860
v 0.040271 -0.081422 -0.008467
v 0.046316 -0.080084 -0.010741
v 0.006986 -0.084663 0.000540
v 0.015352 -0.083965 0.000540
v 0.023719 -0.083268 0.000540
v 0.032089 -0.082587 0.000540
v 0.045777 -0.080397 -0.008467
v 0.040437 -0.081756 0.000540
v 0.045484 -0.080490 -0.007510
v 0.045740 -0.080641 -0.002614
v 0.045906 -0.080738 0.000540
v 0.045921 -0.080747 0.001342
v 0.046159 -0.080735 0.003550
v 0.048559 -0.079082 -0.016920
v 0.006996 -0.084787 0.009548
v 0.015375 -0.084087 0.009548
v 0.023755 -0.083390 0.009548
v 0.006999 -0.084819 0.018555
v 0.015381 -0.084119 0.018555
v 0.023764 -0.083421 0.018555
v 0.032136 -0.082708 0.009548
v 0.040497 -0.081876 0.009548
v 0.046549 -0.080715 0.007155
v 0.046807 -0.080701 0.009548
v 0.032148 -0.082739 0.018555
v 0.040512 -0.081906 0.018555
v 0.046859 -0.080694 0.010098
v 0.048388 -0.080419 0.012806
v 0.048778 -0.080368 0.018555
v 0.007000 -0.084822 0.027562
v 0.015382 -0.084122 0.027562
v 0.023765 -0.083424 0.027562
v 0.007000 -0.084822 0.036569
v 0.015382 -0.084122 0.036569
v 0.023765 -0.083424 0.036569
v 0.032150 -0.082742 0.027562
v 0.040514 -0.081910 0.027562
v 0.048780 -0.080371 0.027562
v 0.032150 -0.082742 0.036569
v 0.040514 -0.081910 0.036569
v 0.048780 -0.080371 0.036569
v 0.048768 -0.080351 0.013477
v 0.051277 -0.079872 0.017986
v 0.052171 -0.079698 0.018555
v 0.057032 -0.078739 0.021654
v 0.057034 -0.078741 0.027562
v 0.059855 -0.078190 0.023446
v 0.057034 -0.078741 0.036569
v 0.053915 -0.076990 -0.022530
v 0.052535 -0.077547 -0.021063
v 0.051514 -0.077960 -0.019979
v 0.057795 -0.075985 -0.023796
v 0.055465 -0.076585 -0.023037
v 0.057809 -0.075981 -0.023801
v 0.063142 -0.074606 -0.025538
v 0.063800 -0.074437 -0.025752
v 0.063777 -0.074443 -0.025745
v 0.065057 -0.074189 -0.025768
v 0.079115 -0.071518 -0.025573
v 0.080674 -0.071224 -0.025452
v 0.085888 -0.070242 -0.025047
v 0.087204 -0.069994 -0.024945
v 0.088022 -0.069753 -0.024888
v 0.088659 -0.069566 -0.024843
v 0.093726 -0.068074 -0.024489
v 0.095085 -0.067674 -0.024394
v 0.094841 -0.067746 -0.024411
v 0.095163 -0.067647 -0.024389
v 0.097161 -0.066993 -0.024148
v 0.061872 -0.077798 0.023834
v 0.065291 -0.077134 0.027562
v 0.065290 -0.077133 0.024491
v 0.070648 -0.076091 0.025521
v 0.071647 -0.075896 0.025489
v 0.073547 -0.075527 0.027562
v 0.065290 -0.077134 0.036569
v 0.073547 -0.075527 0.036569
v 0.073547 -0.075526 0.025428
v 0.079670 -0.074355 0.025228
v 0.081811 -0.073946 0.027562
v 0.081603 -0.073985 0.025165
v 0.081810 -0.073945 0.025149
v 0.087447 -0.072798 0.024718
v 0.081811 -0.073946 0.036569
v 0.090049 -0.072270 0.027562
v 0.090048 -0.072269 0.024519
v 0.095050 -0.070721 0.024175
v 0.098066 -0.069789 0.027562
v 0.090049 -0.072270 0.036569
v 0.098066 -0.069789 0.036569
v 0.101501 -0.065573 -0.023623
v 0.102995 -0.065084 -0.023442
v 0.103578 -0.064892 -0.023371
v 0.107302 -0.063891 -0.021912
v 0.107760 -0.063768 -0.021733
v 0.111377 -0.062796 -0.020316
v 0.119580 -0.059680 -0.017474
v 0.111488 -0.062779 -0.020218
v 0.113283 -0.062360 -0.018549
v 0.114439 -0.062091 -0.017474
v 0.116954 -0.061222 -0.014952
v 0.117447 -0.061132 -0.013798
v 0.118909 -0.060867 -0.010377
v 0.120725 -0.060251 -0.008467
v 0.126025 -0.054511 -0.017474
v 0.131401 -0.048498 -0.017474
v 0.134228 -0.040786 -0.017474
v 0.127232 -0.055032 -0.008467
v 0.132660 -0.048962 -0.008467
v 0.135514 -0.041176 -0.008467
v 0.119726 -0.060719 -0.008467
v 0.119824 -0.060687 -0.008210
v 0.119868 -0.060692 -0.007728
v 0.120475 -0.060761 -0.001085
v 0.120504 -0.060791 -0.000270
v 0.121222 -0.060498 0.000540
v 0.120532 -0.060821 0.000540
v 0.120600 -0.060894 0.006052
v 0.127756 -0.055258 0.000540
v 0.133205 -0.049162 0.000540
v 0.136071 -0.041344 0.000540
v 0.136645 -0.032842 -0.017474
v 0.138171 -0.024756 -0.017474
v 0.138916 -0.016512 -0.017474
v 0.137952 -0.033155 -0.008467
v 0.139494 -0.024992 -0.008467
v 0.139641 -0.008256 -0.017474
v 0.140230 -0.000003 -0.017474
v 0.140245 -0.016668 -0.008467
v 0.140977 -0.008333 -0.008467
v 0.141572 -0.000002 -0.008467
v 0.138519 -0.033290 0.000540
v 0.140067 -0.025094 0.000540
v 0.140822 -0.016736 0.000540
v 0.141556 -0.008366 0.000540
v 0.142154 -0.000001 0.000540
v 0.121400 -0.060586 0.009548
v 0.119854 -0.061311 0.009548
v 0.120163 -0.061139 0.008100
v 0.119086 -0.061688 0.012993
v 0.121445 -0.060609 0.018555
v 0.118011 -0.062199 0.014471
v 0.120565 -0.060914 0.006216
v 0.127943 -0.055339 0.009548
v 0.127991 -0.055359 0.018555
v 0.133401 -0.049234 0.009548
v 0.136271 -0.041405 0.009548
v 0.133451 -0.049252 0.018555
v 0.136321 -0.041420 0.018555
v 0.115041 -0.063612 0.018555
v 0.113919 -0.064143 0.027562
v 0.113915 -0.064140 0.019324
v 0.114348 -0.063937 0.019073
v 0.108238 -0.066171 0.022425
v 0.109022 -0.065891 0.021997
v 0.121451 -0.060611 0.027562
v 0.114893 -0.063681 0.018757
v 0.098064 -0.069788 0.023967
v 0.100301 -0.068994 0.023821
v 0.105997 -0.066975 0.027562
v 0.102379 -0.068257 0.023455
v 0.105995 -0.066974 0.022820
v 0.105997 -0.066975 0.036569
v 0.113919 -0.064143 0.036569
v 0.121450 -0.060611 0.036569
v 0.127997 -0.055361 0.027562
v 0.133457 -0.049254 0.027562
v 0.136327 -0.041421 0.027562
v 0.127996 -0.055361 0.036569
v 0.133456 -0.049254 0.036569
v 0.136327 -0.041421 0.036569
v 0.138722 -0.033339 0.009548
v 0.140272 -0.025130 0.009548
v 0.141028 -0.016760 0.009548
v 0.138774 -0.033351 0.018555
v 0.140324 -0.025139 0.018555
v 0.141080 -0.016766 0.018555
v 0.141763 -0.008378 0.009548
v 0.142362 -0.000001 0.009548
v 0.141816 -0.008381 0.018555
v 0.142415 -0.000000 0.018555
v 0.138780 -0.033352 0.027562
v 0.140331 -0.025140 0.027562
v 0.138779 -0.033352 0.036569
v 0.141087 -0.016767 0.027562
v 0.140330 -0.025140 0.036569
v 0.141822 -0.008381 0.027562
v 0.142421 -0.000000 0.027562
v 0.141086 -0.016766 0.036569
v 0.141822 -0.008381 0.036569
v 0.142420 -0.000000 0.036569
v 0.007000 -0.084822 0.045576
v 0.015382 -0.084122 0.045576
v 0.023765 -0.083424 0.045576
v 0.032150 -0.082742 0.045576
v 0.040514 -0.081910 0.045576
v 0.048780 -0.080371 0.045576
v 0.007000 -0.084820 0.054583
v 0.015382 -0.084120 0.054583
v 0.023764 -0.083422 0.054583
v 0.006998 -0.084804 0.063590
v 0.015379 -0.084104 0.063590
v 0.023760 -0.083406 0.063590
v 0.032149 -0.082740 0.054583
v 0.040513 -0.081907 0.054583
v 0.048779 -0.080369 0.054583
v 0.032143 -0.082724 0.063590
v 0.040506 -0.081892 0.063590
v 0.048770 -0.080354 0.063590
v 0.057034 -0.078741 0.045576
v 0.057032 -0.078739 0.054583
v 0.057022 -0.078724 0.063590
v 0.006994 -0.084747 0.072597
v 0.015369 -0.084048 0.072597
v 0.023744 -0.083350 0.072597
v 0.032122 -0.082669 0.072597
v 0.040479 -0.081837 0.072597
v 0.048737 -0.080300 0.072597
v 0.006982 -0.084596 0.081605
v 0.015342 -0.083898 0.081605
v 0.023702 -0.083202 0.081605
v 0.006955 -0.084264 0.090612
v 0.015282 -0.083569 0.090612
v 0.023610 -0.082876 0.090612
v 0.032065 -0.082522 0.081605
v 0.040407 -0.081692 0.081605
v 0.048651 -0.080157 0.081605
v 0.031939 -0.082198 0.090612
v 0.040249 -0.081371 0.090612
v 0.048461 -0.079842 0.090612
v 0.056984 -0.078671 0.072597
v 0.056883 -0.078531 0.081605
v 0.056660 -0.078223 0.090612
v 0.065290 -0.077134 0.045576
v 0.073547 -0.075527 0.045576
v 0.081811 -0.073946 0.045576
v 0.090049 -0.072270 0.045576
v 0.098066 -0.069789 0.045576
v 0.065289 -0.077132 0.054583
v 0.073545 -0.075525 0.054583
v 0.065277 -0.077117 0.063590
v 0.073532 -0.075511 0.063590
v 0.081809 -0.073944 0.054583
v 0.090046 -0.072268 0.054583
v 0.098063 -0.069787 0.054583
v 0.081794 -0.073930 0.063590
v 0.090030 -0.072254 0.063590
v 0.098045 -0.069774 0.063590
v 0.065233 -0.077066 0.072597
v 0.073483 -0.075460 0.072597
v 0.081739 -0.073880 0.072597
v 0.089970 -0.072206 0.072597
v 0.097979 -0.069727 0.072597
v 0.065117 -0.076929 0.081605
v 0.073352 -0.075326 0.081605
v 0.064862 -0.076627 0.090612
v 0.073065 -0.075030 0.090612
v 0.081594 -0.073749 0.081605
v 0.089810 -0.072077 0.081605
v 0.097806 -0.069603 0.081605
v 0.081274 -0.073459 0.090612
v 0.089458 -0.071794 0.090612
v 0.097422 -0.069330 0.090612
v 0.105997 -0.066975 0.045576
v 0.113919 -0.064143 0.045576
v 0.121450 -0.060611 0.045576
v 0.127996 -0.055361 0.045576
v 0.133456 -0.049254 0.045576
v 0.136327 -0.041421 0.045576
v 0.105994 -0.066973 0.054583
v 0.113916 -0.064141 0.054583
v 0.121447 -0.060609 0.054583
v 0.105974 -0.066961 0.063590
v 0.113895 -0.064129 0.063590
v 0.121424 -0.060598 0.063590
v 0.127993 -0.055360 0.054583
v 0.133453 -0.049253 0.054583
v 0.136323 -0.041420 0.054583
v 0.127969 -0.055349 0.063590
v 0.133428 -0.049243 0.063590
v 0.136298 -0.041412 0.063590
v 0.138779 -0.033352 0.045576
v 0.140330 -0.025140 0.045576
v 0.141086 -0.016766 0.045576
v 0.141822 -0.008381 0.045576
v 0.142420 0.000000 0.045576
v 0.138775 -0.033351 0.054583
v 0.140326 -0.025139 0.054583
v 0.141082 -0.016766 0.054583
v 0.138750 -0.033344 0.063590
v 0.140300 -0.025134 0.063590
v 0.141818 -0.008381 0.054583
v 0.142416 0.000000 0.054583
v 0.141056 -0.016763 0.063590
v 0.141791 -0.008379 0.063590
v 0.142390 0.000000 0.063590
v 0.105903 -0.066916 0.072597
v 0.113818 -0.064086 0.072597
v 0.121343 -0.060557 0.072597
v 0.127883 -0.055312 0.072597
v 0.133338 -0.049210 0.072597
v 0.136206 -0.041384 0.072597
v 0.105715 -0.066797 0.081605
v 0.113616 -0.063972 0.081605
v 0.121128 -0.060449 0.081605
v 0.105301 -0.066534 0.090612
v 0.113171 -0.063720 0.090612
v 0.120652 -0.060212 0.090612
v 0.127656 -0.055213 0.081605
v 0.133101 -0.049123 0.081605
v 0.135965 -0.041311 0.081605
v 0.127155 -0.054996 0.090612
v 0.132579 -0.048929 0.090612
v 0.135431 -0.041148 0.090612
v 0.138656 -0.033322 0.072597
v 0.140206 -0.025117 0.072597
v 0.140961 -0.016751 0.072597
v 0.141696 -0.008373 0.072597
v 0.142294 0.000000 0.072597
v 0.138410 -0.033262 0.081605
v 0.139957 -0.025072 0.081605
v 0.140711 -0.016721 0.081605
v 0.137867 -0.033132 0.090612
v 0.139408 -0.024973 0.090612
v 0.140159 -0.016655 0.090612
v 0.141444 -0.008358 0.081605
v 0.142042 0.000001 0.081605
v 0.140889 -0.008325 0.090612
v 0.141484 0.000001 0.090612
v 0.006901 -0.083612 0.099619
v 0.015164 -0.082922 0.099619
v 0.023428 -0.082234 0.099619
v 0.006804 -0.082418 0.108626
v 0.014949 -0.081738 0.108626
v 0.023095 -0.081060 0.108626
v 0.031693 -0.081561 0.099619
v 0.039938 -0.080741 0.099619
v 0.048086 -0.079224 0.099619
v 0.031242 -0.080396 0.108626
v 0.039369 -0.079588 0.108626
v 0.047401 -0.078093 0.108626
v 0.006636 -0.080317 0.117633
v 0.014573 -0.079654 0.117633
v 0.022511 -0.078993 0.117633
v 0.030450 -0.078346 0.117633
v 0.038370 -0.077558 0.117633
v 0.056222 -0.077617 0.099619
v 0.006259 -0.076112 0.126640
v 0.013780 -0.075484 0.126640
v 0.046198 -0.076102 0.117633
v 0.064361 -0.076033 0.099619
v 0.072500 -0.074449 0.099619
v 0.055421 -0.076509 0.108626
v 0.063444 -0.074948 0.108626
v 0.071466 -0.073386 0.108626
v 0.080645 -0.072890 0.099619
v 0.088766 -0.071238 0.099619
v 0.096669 -0.068793 0.099619
v 0.079496 -0.071849 0.108626
v 0.087500 -0.070221 0.108626
v 0.095290 -0.067810 0.108626
v 0.054013 -0.074558 0.117633
v 0.061831 -0.073036 0.117633
v 0.069649 -0.071515 0.117633
v 0.077474 -0.070016 0.117633
v 0.085274 -0.068429 0.117633
v 0.092866 -0.066080 0.117633
v 0.100375 -0.063415 0.117633
v 0.021302 -0.074857 0.126640
v 0.006050 -0.070288 0.135947
v 0.012998 -0.069708 0.135947
v 0.019945 -0.069129 0.135947
v 0.028826 -0.074244 0.126640
v 0.036331 -0.073500 0.126640
v 0.043749 -0.072121 0.126640
v 0.051154 -0.070658 0.126640
v 0.026894 -0.068559 0.135947
v 0.033825 -0.067860 0.135947
v 0.040676 -0.066584 0.135947
v 0.047516 -0.065231 0.135947
v 0.011471 -0.064682 0.144114
v 0.017915 -0.064144 0.144114
v 0.024360 -0.063610 0.144114
v 0.030791 -0.062984 0.144114
v 0.037149 -0.061825 0.144114
v 0.043493 -0.060564 0.144114
v 0.049840 -0.059329 0.144114
v 0.056187 -0.058094 0.144114
v 0.062536 -0.056866 0.144114
v 0.068871 -0.055587 0.144114
v 0.075043 -0.053711 0.144114
v 0.058563 -0.069216 0.126640
v 0.065972 -0.067774 0.126640
v 0.073386 -0.066353 0.126640
v 0.054359 -0.063900 0.135947
v 0.061203 -0.062568 0.135947
v 0.068050 -0.061252 0.135947
v 0.080779 -0.064852 0.126640
v 0.087973 -0.062629 0.126640
v 0.095089 -0.060103 0.126640
v 0.074875 -0.059853 0.135947
v 0.081518 -0.057792 0.135947
v 0.088089 -0.055455 0.135947
v 0.094646 -0.053091 0.135947
v 0.081135 -0.051540 0.144114
v 0.087214 -0.049342 0.144114
v 0.100872 -0.050141 0.135947
v 0.093020 -0.046666 0.144114
v 0.098052 -0.042663 0.144114
v 0.102304 -0.037995 0.144114
v 0.104581 -0.032028 0.144114
v 0.106443 -0.025807 0.144114
v 0.107678 -0.019503 0.144114
v 0.108274 -0.013069 0.144114
v 0.108813 -0.006621 0.144114
v 0.109293 -0.000179 0.144114
v 0.104486 -0.066019 0.099619
v 0.112295 -0.063226 0.099619
v 0.119718 -0.059745 0.099619
v 0.102996 -0.065076 0.108626
v 0.110693 -0.062322 0.108626
v 0.118010 -0.058891 0.108626
v 0.126170 -0.054570 0.099619
v 0.131552 -0.048550 0.099619
v 0.134383 -0.040829 0.099619
v 0.124369 -0.053789 0.108626
v 0.129675 -0.047855 0.108626
v 0.132465 -0.040245 0.108626
v 0.107875 -0.060730 0.117633
v 0.115005 -0.057386 0.117633
v 0.121200 -0.052413 0.117633
v 0.126370 -0.046630 0.117633
v 0.129090 -0.039215 0.117633
v 0.136799 -0.032874 0.099619
v 0.138328 -0.024779 0.099619
v 0.134847 -0.032403 0.108626
v 0.139074 -0.016526 0.099619
v 0.136354 -0.024424 0.108626
v 0.139798 -0.008260 0.099619
v 0.140388 0.000002 0.099619
v 0.137089 -0.016288 0.108626
v 0.137802 -0.008140 0.108626
v 0.138384 0.000003 0.108626
v 0.131409 -0.031572 0.117633
v 0.132879 -0.023797 0.117633
v 0.133595 -0.015868 0.117633
v 0.134289 -0.007928 0.117633
v 0.134856 0.000008 0.117633
v 0.102196 -0.057559 0.126640
v 0.108957 -0.054397 0.126640
v 0.114829 -0.049688 0.126640
v 0.119739 -0.044214 0.126640
v 0.106271 -0.045770 0.135947
v 0.110763 -0.040684 0.135947
v 0.122320 -0.037190 0.126640
v 0.113132 -0.034187 0.135947
v 0.124518 -0.029947 0.126640
v 0.125915 -0.022580 0.126640
v 0.126594 -0.015066 0.126640
v 0.115144 -0.027493 0.135947
v 0.116420 -0.020685 0.135947
v 0.127251 -0.007542 0.126640
v 0.127792 -0.000022 0.126640
v 0.117044 -0.013744 0.135947
v 0.117645 -0.006794 0.135947
v 0.118127 0.000152 0.135947
v 0.011584 0.065347 -0.052962
v 0.009120 0.040503 -0.053502
v 0.005051 0.040842 -0.053502
v 0.018094 0.064804 -0.052962
v 0.013189 0.040165 -0.053502
v 0.024605 0.064264 -0.052962
v 0.017250 0.039770 -0.053502
v 0.031102 0.063632 -0.052962
v 0.021265 0.039039 -0.053502
v 0.006223 0.072420 -0.044795
v 0.013381 0.071822 -0.044795
v 0.020539 0.071226 -0.044795
v 0.006433 0.078154 -0.035488
v 0.014157 0.077509 -0.035488
v 0.021880 0.076866 -0.035488
v 0.027699 0.070638 -0.044795
v 0.037526 0.062462 -0.052962
v 0.025270 0.038242 -0.053502
v 0.043935 0.061188 -0.052962
v 0.029278 0.037463 -0.053502
v 0.050347 0.059940 -0.052962
v 0.033286 0.036683 -0.053502
v 0.056759 0.058692 -0.052962
v 0.037295 0.035907 -0.053502
v 0.063174 0.057452 -0.052962
v 0.041295 0.035100 -0.053502
v 0.034840 0.069919 -0.044795
v 0.041898 0.068604 -0.044795
v 0.048946 0.067211 -0.044795
v 0.029606 0.076236 -0.035488
v 0.037312 0.075471 -0.035488
v 0.044929 0.074055 -0.035488
v 0.022946 0.080518 -0.026481
v 0.031039 0.079858 -0.026481
v 0.039111 0.079055 -0.026481
v 0.047090 0.077571 -0.026481
v 0.052533 0.072553 -0.035488
v 0.081964 0.052072 -0.052962
v 0.052877 0.031157 -0.053502
v 0.049039 0.032545 -0.053502
v 0.088106 0.049852 -0.052962
v 0.056543 0.029469 -0.053502
v 0.093972 0.047150 -0.052962
v 0.059721 0.026942 -0.053502
v 0.109932 0.006695 -0.052962
v 0.066518 0.004185 -0.053502
v 0.066178 0.008256 -0.053502
v 0.109387 0.013209 -0.052962
v 0.065802 0.012318 -0.053502
v 0.108786 0.019709 -0.052962
v 0.065021 0.016299 -0.053502
v 0.105656 0.032364 -0.052962
v 0.063846 0.020227 -0.053502
v 0.103354 0.038391 -0.052962
v 0.062408 0.023994 -0.053502
v 0.099056 0.043107 -0.052962
v 0.107537 0.026078 -0.052962
v 0.069574 0.056160 -0.052962
v 0.045192 0.033916 -0.053502
v 0.075809 0.054265 -0.052962
v 0.055997 0.065839 -0.044795
v 0.063048 0.064466 -0.044795
v 0.070103 0.063111 -0.044795
v 0.077135 0.061669 -0.044795
v 0.060141 0.071072 -0.035488
v 0.067748 0.069592 -0.035488
v 0.083980 0.059547 -0.044795
v 0.090750 0.057139 -0.044795
v 0.097505 0.054703 -0.044795
v 0.097647 0.061714 -0.035488
v 0.075362 0.068133 -0.035488
v 0.082953 0.066591 -0.035488
v 0.090340 0.064307 -0.035488
v 0.055056 0.075997 -0.026481
v 0.063025 0.074446 -0.026481
v 0.070994 0.072895 -0.026481
v 0.067229 0.073722 -0.025998
v 0.067695 0.073634 -0.025983
v 0.066887 0.073802 -0.025927
v 0.070553 0.073096 -0.025888
v 0.071091 0.072995 -0.025871
v 0.078970 0.071368 -0.026481
v 0.078350 0.071651 -0.025628
v 0.086921 0.069750 -0.026481
v 0.094659 0.067356 -0.026481
v 0.006764 0.081867 -0.026481
v 0.014855 0.081192 -0.026481
v 0.121208 0.007009 -0.044795
v 0.120589 0.014170 -0.044795
v 0.119946 0.021321 -0.044795
v 0.114115 0.041925 -0.044795
v 0.118631 0.028335 -0.044795
v 0.116556 0.035232 -0.044795
v 0.125604 0.038182 -0.035488
v 0.130666 0.007738 -0.035488
v 0.129992 0.015464 -0.035488
v 0.129295 0.023179 -0.035488
v 0.127861 0.030745 -0.035488
v 0.136174 0.016174 -0.026481
v 0.136882 0.008081 -0.026481
v 0.135444 0.024256 -0.026481
v 0.133946 0.032182 -0.026481
v 0.131582 0.039971 -0.026481
v 0.103921 0.051665 -0.044795
v 0.109484 0.047163 -0.044795
v 0.104944 0.059101 -0.035488
v 0.117915 0.051017 -0.035488
v 0.122954 0.045394 -0.035488
v 0.111886 0.055853 -0.035488
v 0.117226 0.058493 -0.026481
v 0.123540 0.053425 -0.026481
v 0.102313 0.064639 -0.026481
v 0.109958 0.061902 -0.026481
v 0.128810 0.047530 -0.026481
v 0.048034 0.079135 -0.017474
v 0.055499 0.076612 -0.022868
v 0.056739 0.076185 -0.023823
v 0.061799 0.074997 -0.024872
v 0.052588 0.077624 -0.020617
v 0.063210 0.074665 -0.025165
v 0.078460 0.071631 -0.025625
v 0.079130 0.071513 -0.025572
v 0.085907 0.070237 -0.025046
v 0.088847 0.069511 -0.024830
v 0.093352 0.068185 -0.024515
v 0.093725 0.068075 -0.024489
v 0.095100 0.067671 -0.024393
v 0.097752 0.066769 -0.024217
v 0.085975 0.070224 -0.025041
v 0.087219 0.069990 -0.024944
v 0.057034 0.078741 0.027562
v 0.057034 0.078741 0.036569
v 0.065291 0.077134 0.027562
v 0.065290 0.077133 0.024717
v 0.060842 0.077998 0.023407
v 0.067229 0.076756 0.025288
v 0.067373 0.076728 0.025289
v 0.073548 0.075527 0.027562
v 0.073547 0.075526 0.025364
v 0.065290 0.077134 0.036569
v 0.075542 0.075145 0.025387
v 0.078328 0.074612 0.025419
v 0.081811 0.073946 0.027562
v 0.081810 0.073945 0.025149
v 0.084183 0.073463 0.024968
v 0.073547 0.075527 0.036569
v 0.090049 0.072270 0.027562
v 0.090048 0.072269 0.024519
v 0.092933 0.071376 0.024320
v 0.098066 0.069789 0.027562
v 0.097777 0.069877 0.023987
v 0.081811 0.073946 0.036569
v 0.090049 0.072270 0.036569
v 0.006895 0.083518 -0.017474
v 0.015149 0.082828 -0.017474
v 0.023403 0.082141 -0.017474
v 0.006960 0.084317 -0.008467
v 0.015292 0.083621 -0.008467
v 0.031659 0.081469 -0.017474
v 0.039894 0.080650 -0.017474
v 0.023625 0.082927 -0.008467
v 0.031960 0.082249 -0.008467
v 0.040274 0.081422 -0.008467
v 0.048157 0.079339 -0.015045
v 0.046906 0.079840 -0.012175
v 0.006988 0.084663 0.000540
v 0.015354 0.083964 0.000540
v 0.023721 0.083268 0.000540
v 0.032091 0.082587 0.000540
v 0.046017 0.080196 -0.010139
v 0.046070 0.080343 -0.008467
v 0.045966 0.080477 -0.005642
v 0.040439 0.081756 0.000540
v 0.045883 0.080583 -0.003398
v 0.045807 0.080680 -0.001343
v 0.045906 0.080738 0.000540
v 0.045962 0.080772 0.003540
v 0.049402 0.078733 -0.018153
v 0.049199 0.078905 -0.017474
v 0.006997 0.084787 0.009548
v 0.015376 0.084087 0.009548
v 0.023756 0.083390 0.009548
v 0.007000 0.084818 0.018555
v 0.015382 0.084119 0.018555
v 0.023764 0.083421 0.018555
v 0.032137 0.082708 0.009548
v 0.040498 0.081876 0.009548
v 0.046036 0.080815 0.007490
v 0.046815 0.080700 0.009548
v 0.032149 0.082739 0.018555
v 0.047368 0.080602 0.011068
v 0.040513 0.081906 0.018555
v 0.048119 0.080470 0.013127
v 0.048771 0.080356 0.014919
v 0.007000 0.084822 0.027562
v 0.015382 0.084122 0.027562
v 0.007000 0.084822 0.036569
v 0.023765 0.083424 0.027562
v 0.015382 0.084122 0.036569
v 0.032150 0.082742 0.027562
v 0.048778 0.080368 0.018555
v 0.040514 0.081910 0.027562
v 0.023765 0.083424 0.036569
v 0.032150 0.082742 0.036569
v 0.048780 0.080371 0.027562
v 0.040514 0.081910 0.036569
v 0.049117 0.080291 0.015884
v 0.050316 0.080058 0.016872
v 0.052357 0.079661 0.018555
v 0.052876 0.079558 0.018984
v 0.055016 0.079137 0.020755
v 0.056772 0.078790 0.022208
v 0.057033 0.078739 0.022285
v 0.048780 0.080371 0.036569
v 0.139641 0.008249 -0.017474
v 0.138917 0.016505 -0.017474
v 0.138173 0.024750 -0.017474
v 0.140977 0.008329 -0.008467
v 0.140246 0.016665 -0.008467
v 0.136645 0.032835 -0.017474
v 0.134232 0.040781 -0.017474
v 0.139495 0.024988 -0.008467
v 0.137953 0.033151 -0.008467
v 0.135516 0.041173 -0.008467
v 0.141556 0.008364 0.000540
v 0.140822 0.016734 0.000540
v 0.140067 0.025092 0.000540
v 0.136072 0.041343 0.000540
v 0.138519 0.033288 0.000540
v 0.119585 0.059676 -0.017474
v 0.099263 0.066293 -0.023952
v 0.100554 0.065886 -0.023726
v 0.103042 0.065101 -0.023290
v 0.106073 0.064137 -0.022758
v 0.107269 0.063847 -0.022147
v 0.110337 0.063105 -0.020579
v 0.113097 0.062299 -0.019126
v 0.111561 0.062809 -0.019953
v 0.113410 0.062195 -0.018957
v 0.114725 0.061955 -0.017474
v 0.117318 0.061135 -0.014255
v 0.117477 0.061085 -0.014058
v 0.118272 0.060834 -0.013072
v 0.120728 0.060249 -0.008467
v 0.131405 0.048493 -0.017474
v 0.126029 0.054507 -0.017474
v 0.127234 0.055030 -0.008467
v 0.132662 0.048959 -0.008467
v 0.119677 0.060741 -0.008467
v 0.119940 0.060672 -0.007456
v 0.120204 0.060602 -0.006443
v 0.120302 0.060576 -0.006066
v 0.121223 0.060497 0.000540
v 0.127757 0.055257 0.000540
v 0.133206 0.049161 0.000540
v 0.120532 0.060821 0.000540
v 0.120538 0.060828 0.001085
v 0.120525 0.060841 0.001397
v 0.141763 0.008377 0.009548
v 0.141028 0.016759 0.009548
v 0.140272 0.025129 0.009548
v 0.141816 0.008380 0.018555
v 0.141080 0.016766 0.018555
v 0.140324 0.025138 0.018555
v 0.138722 0.033338 0.009548
v 0.136271 0.041404 0.009548
v 0.138774 0.033350 0.018555
v 0.136322 0.041419 0.018555
v 0.141822 0.008381 0.027562
v 0.141087 0.016766 0.027562
v 0.141822 0.008381 0.036569
v 0.140331 0.025140 0.027562
v 0.141086 0.016766 0.036569
v 0.136328 0.041421 0.027562
v 0.138780 0.033352 0.027562
v 0.140330 0.025140 0.036569
v 0.136327 0.041421 0.036569
v 0.138779 0.033352 0.036569
v 0.121401 0.060586 0.009548
v 0.120224 0.061111 0.008185
v 0.119766 0.061352 0.009548
v 0.118601 0.061915 0.012916
v 0.121445 0.060609 0.018555
v 0.118155 0.062130 0.014206
v 0.117934 0.062237 0.014845
v 0.127944 0.055338 0.009548
v 0.133401 0.049233 0.009548
v 0.127991 0.055359 0.018555
v 0.133451 0.049252 0.018555
v 0.120234 0.061102 0.007952
v 0.105997 0.066975 0.027562
v 0.112308 0.064715 0.020382
v 0.105995 0.066974 0.022967
v 0.114518 0.063857 0.018555
v 0.113919 0.064143 0.027562
v 0.113915 0.064140 0.019208
v 0.113055 0.064448 0.020076
v 0.101619 0.068527 0.023525
v 0.105885 0.067013 0.023012
v 0.098065 0.069788 0.023952
v 0.098066 0.069789 0.036569
v 0.121451 0.060611 0.027562
v 0.105997 0.066975 0.036569
v 0.113919 0.064143 0.036569
v 0.127997 0.055361 0.027562
v 0.133457 0.049254 0.027562
v 0.127996 0.055361 0.036569
v 0.133456 0.049254 0.036569
v 0.121450 0.060611 0.036569
v 0.057034 0.078741 0.045576
v 0.065290 0.077134 0.045576
v 0.073547 0.075527 0.045576
v 0.081811 0.073946 0.045576
v 0.090049 0.072270 0.045576
v 0.098066 0.069789 0.045576
v 0.057032 0.078739 0.054583
v 0.065289 0.077132 0.054583
v 0.073545 0.075525 0.054583
v 0.057021 0.078724 0.063590
v 0.065276 0.077117 0.063590
v 0.081809 0.073944 0.054583
v 0.090046 0.072268 0.054583
v 0.098063 0.069787 0.054583
v 0.073531 0.075511 0.063590
v 0.081793 0.073930 0.063590
v 0.090029 0.072255 0.063590
v 0.056983 0.078671 0.072597
v 0.065232 0.077066 0.072597
v 0.073482 0.075460 0.072597
v 0.098045 0.069774 0.063590
v 0.081738 0.073881 0.072597
v 0.089969 0.072206 0.072597
v 0.097979 0.069727 0.072597
v 0.056881 0.078531 0.081605
v 0.065116 0.076929 0.081605
v 0.073351 0.075326 0.081605
v 0.056658 0.078223 0.090612
v 0.064860 0.076627 0.090612
v 0.073063 0.075031 0.090612
v 0.081593 0.073749 0.081605
v 0.089809 0.072078 0.081605
v 0.097804 0.069603 0.081605
v 0.081272 0.073460 0.090612
v 0.089456 0.071795 0.090612
v 0.097420 0.069330 0.090612
v 0.007000 0.084822 0.045576
v 0.015382 0.084122 0.045576
v 0.023765 0.083424 0.045576
v 0.032150 0.082742 0.045576
v 0.040514 0.081910 0.045576
v 0.048780 0.080371 0.045576
v 0.006999 0.084820 0.054583
v 0.015382 0.084120 0.054583
v 0.023764 0.083422 0.054583
v 0.006998 0.084804 0.063590
v 0.015379 0.084104 0.063590
v 0.032149 0.082740 0.054583
v 0.040513 0.081907 0.054583
v 0.048779 0.080369 0.054583
v 0.023760 0.083406 0.063590
v 0.032143 0.082724 0.063590
v 0.040505 0.081892 0.063590
v 0.048770 0.080354 0.063590
v 0.006993 0.084747 0.072597
v 0.015368 0.084048 0.072597
v 0.023743 0.083350 0.072597
v 0.032121 0.082669 0.072597
v 0.040478 0.081837 0.072597
v 0.048737 0.080300 0.072597
v 0.006980 0.084596 0.081605
v 0.015341 0.083898 0.081605
v 0.023701 0.083202 0.081605
v 0.006953 0.084264 0.090612
v 0.015280 0.083569 0.090612
v 0.023608 0.082876 0.090612
v 0.032064 0.082522 0.081605
v 0.040406 0.081692 0.081605
v 0.048650 0.080157 0.081605
v 0.031938 0.082198 0.090612
v 0.040247 0.081371 0.090612
v 0.048459 0.079843 0.090612
v 0.141822 0.008381 0.045576
v 0.141086 0.016766 0.045576
v 0.140330 0.025140 0.045576
v 0.138779 0.033352 0.045576
v 0.136327 0.041421 0.045576
v 0.141818 0.008381 0.054583
v 0.141082 0.016766 0.054583
v 0.140326 0.025139 0.054583
v 0.141791 0.008379 0.063590
v 0.141056 0.016763 0.063590
v 0.138775 0.033351 0.054583
v 0.136323 0.041420 0.054583
v 0.140300 0.025135 0.063590
v 0.136298 0.041412 0.063590
v 0.138750 0.033345 0.063590
v 0.105997 0.066975 0.045576
v 0.113919 0.064143 0.045576
v 0.121450 0.060611 0.045576
v 0.127996 0.055361 0.045576
v 0.133456 0.049254 0.045576
v 0.105994 0.066973 0.054583
v 0.113916 0.064141 0.054583
v 0.121447 0.060609 0.054583
v 0.105974 0.066961 0.063590
v 0.113894 0.064129 0.063590
v 0.127993 0.055360 0.054583
v 0.133452 0.049253 0.054583
v 0.127969 0.055349 0.063590
v 0.133427 0.049244 0.063590
v 0.121424 0.060598 0.063590
v 0.141696 0.008374 0.072597
v 0.140961 0.016752 0.072597
v 0.140206 0.025118 0.072597
v 0.136206 0.041385 0.072597
v 0.138656 0.033323 0.072597
v 0.141445 0.008359 0.081605
v 0.140711 0.016722 0.081605
v 0.139957 0.025073 0.081605
v 0.140890 0.008327 0.090612
v 0.140158 0.016657 0.090612
v 0.139407 0.024975 0.090612
v 0.138410 0.033264 0.081605
v 0.135964 0.041311 0.081605
v 0.137867 0.033133 0.090612
v 0.135430 0.041149 0.090612
v 0.105903 0.066916 0.072597
v 0.113818 0.064086 0.072597
v 0.121342 0.060558 0.072597
v 0.127883 0.055312 0.072597
v 0.133338 0.049211 0.072597
v 0.105714 0.066797 0.081605
v 0.113615 0.063972 0.081605
v 0.121127 0.060450 0.081605
v 0.105299 0.066535 0.090612
v 0.113169 0.063722 0.090612
v 0.120651 0.060213 0.090612
v 0.127655 0.055214 0.081605
v 0.133101 0.049124 0.081605
v 0.127154 0.054998 0.090612
v 0.132578 0.048931 0.090612
v 0.046182 0.076103 0.117633
v 0.047395 0.078093 0.108626
v 0.038354 0.077560 0.117633
v 0.056218 0.077618 0.099619
v 0.064357 0.076034 0.099619
v 0.055415 0.076510 0.108626
v 0.072496 0.074450 0.099619
v 0.063437 0.074949 0.108626
v 0.080642 0.072891 0.099619
v 0.088763 0.071239 0.099619
v 0.071460 0.073388 0.108626
v 0.079490 0.071852 0.108626
v 0.096665 0.068793 0.099619
v 0.087494 0.070223 0.108626
v 0.053997 0.074561 0.117633
v 0.061815 0.073039 0.117633
v 0.069634 0.071518 0.117633
v 0.095284 0.067811 0.108626
v 0.077459 0.070021 0.117633
v 0.085259 0.068433 0.117633
v 0.092850 0.066083 0.117633
v 0.056539 0.058025 0.144114
v 0.050192 0.059261 0.144114
v 0.062894 0.056818 0.144114
v 0.069220 0.055505 0.144114
v 0.075377 0.053576 0.144114
v 0.006303 0.076108 0.126640
v 0.006620 0.080318 0.117633
v 0.014557 0.079655 0.117633
v 0.013824 0.075480 0.126640
v 0.022495 0.078995 0.117633
v 0.021346 0.074854 0.126640
v 0.005746 0.070313 0.135947
v 0.012694 0.069733 0.135947
v 0.019641 0.069155 0.135947
v 0.028870 0.074243 0.126640
v 0.030435 0.078349 0.117633
v 0.036374 0.073494 0.126640
v 0.043791 0.072110 0.126640
v 0.026591 0.068591 0.135947
v 0.033524 0.067903 0.135947
v 0.040376 0.066636 0.135947
v 0.051197 0.070649 0.126640
v 0.011829 0.064652 0.144114
v 0.018273 0.064116 0.144114
v 0.024719 0.063597 0.144114
v 0.031145 0.062932 0.144114
v 0.037498 0.061738 0.144114
v 0.043845 0.060496 0.144114
v 0.047217 0.065290 0.135947
v 0.108876 0.006264 0.144114
v 0.108286 0.012708 0.144114
v 0.107702 0.019144 0.144114
v 0.106549 0.025465 0.144114
v 0.104647 0.031645 0.144114
v 0.081479 0.051427 0.144114
v 0.087570 0.049253 0.144114
v 0.093327 0.046476 0.144114
v 0.102464 0.037687 0.144114
v 0.098353 0.042424 0.144114
v 0.058606 0.069207 0.126640
v 0.066015 0.067765 0.126640
v 0.054060 0.063958 0.135947
v 0.060903 0.062626 0.135947
v 0.073430 0.066348 0.126640
v 0.087804 0.055560 0.135947
v 0.102240 0.057549 0.126640
v 0.095131 0.060089 0.126640
v 0.080821 0.064842 0.126640
v 0.088014 0.062612 0.126640
v 0.100360 0.063421 0.117633
v 0.067753 0.061317 0.135947
v 0.074581 0.059930 0.135947
v 0.081228 0.057883 0.135947
v 0.094373 0.053218 0.135947
v 0.100621 0.050300 0.135947
v 0.006898 0.083612 0.099619
v 0.015161 0.082922 0.099619
v 0.006798 0.082419 0.108626
v 0.023424 0.082234 0.099619
v 0.014943 0.081739 0.108626
v 0.031690 0.081562 0.099619
v 0.039934 0.080741 0.099619
v 0.023088 0.081061 0.108626
v 0.031236 0.080398 0.108626
v 0.048083 0.079224 0.099619
v 0.039363 0.079589 0.108626
v 0.139799 0.008263 0.099619
v 0.139073 0.016529 0.099619
v 0.137803 0.008147 0.108626
v 0.138327 0.024783 0.099619
v 0.137087 0.016294 0.108626
v 0.136799 0.032878 0.099619
v 0.134380 0.040831 0.099619
v 0.136352 0.024430 0.108626
v 0.134846 0.032410 0.108626
v 0.132461 0.040249 0.108626
v 0.134290 0.007944 0.117633
v 0.133592 0.015884 0.117633
v 0.132874 0.023812 0.117633
v 0.129081 0.039226 0.117633
v 0.131407 0.031588 0.117633
v 0.104483 0.066020 0.099619
v 0.112292 0.063229 0.099619
v 0.102990 0.065078 0.108626
v 0.119716 0.059747 0.099619
v 0.110688 0.062327 0.108626
v 0.126169 0.054572 0.099619
v 0.131550 0.048552 0.099619
v 0.129671 0.047860 0.108626
v 0.118006 0.058894 0.108626
v 0.124367 0.053793 0.108626
v 0.114993 0.057394 0.117633
v 0.121192 0.052424 0.117633
v 0.107862 0.060740 0.117633
v 0.126361 0.046642 0.117633
v 0.124532 0.029905 0.126640
v 0.122327 0.037142 0.126640
v 0.113023 0.034464 0.135947
v 0.127259 0.007498 0.126640
v 0.126596 0.015022 0.126640
v 0.125918 0.022536 0.126640
v 0.117629 0.007098 0.135947
v 0.117012 0.014047 0.135947
v 0.116372 0.020984 0.135947
v 0.115075 0.027788 0.135947
v 0.110608 0.040933 0.135947
v 0.114867 0.049659 0.126640
v 0.119758 0.044176 0.126640
v 0.108995 0.054374 0.126640
v 0.106065 0.045976 0.135947
v 0.062626 0.079973 -0.023111
v 0.067484 0.073898 -0.025962
v 0.086228 0.077450 -0.024489
v 0.081373 0.083520 -0.024027
v 0.091112 0.071343 -0.024489
v 0.104217 0.081946 -0.022516
v 0.089628 0.073198 0.024489
v 0.102853 0.083652 0.022516
v 0.084745 0.079305 0.024489
v 0.058968 0.084547 -0.017303
v 0.076878 0.089142 -0.021388
v 0.057175 0.086789 -0.009594
v 0.073493 0.093375 -0.016013
v 0.091130 0.098311 -0.019665
v 0.099727 0.087561 -0.022516
v 0.095263 0.093142 -0.022091
v 0.071833 0.095450 -0.008879
v 0.088018 0.102203 -0.014723
v 0.105382 0.107480 -0.017942
v 0.086492 0.104110 -0.008163
v 0.102542 0.111031 -0.013433
v 0.056862 0.087180 -0.001272
v 0.071544 0.095812 -0.001177
v 0.056862 0.087180 0.007100
v 0.086226 0.104443 -0.001082
v 0.101150 0.112771 -0.007448
v 0.071544 0.095812 0.006570
v 0.086226 0.104443 0.006041
v 0.100908 0.113075 -0.000987
v 0.058077 0.085661 0.015188
v 0.072668 0.094405 0.014056
v 0.075644 0.090684 0.020080
v 0.087260 0.103150 0.012923
v 0.100908 0.113075 0.005512
v 0.089996 0.099729 0.018463
v 0.101851 0.111895 0.011791
v 0.061293 0.081639 0.021698
v 0.079918 0.085340 0.023568
v 0.093925 0.094815 0.021669
v 0.098363 0.089267 0.022516
v 0.104347 0.108774 0.016845
v 0.113145 0.070783 -0.021669
v 0.108707 0.076331 -0.022516
v 0.117074 0.065869 -0.018463
v 0.129053 0.077881 -0.016845
v 0.125468 0.082364 -0.019770
v 0.119811 0.062448 -0.012923
v 0.131549 0.074759 -0.011791
v 0.120844 0.061155 -0.006041
v 0.132493 0.073580 -0.005512
v 0.144141 0.086005 -0.004982
v 0.120844 0.061155 0.001082
v 0.132493 0.073580 0.000987
v 0.144141 0.086005 0.000892
v 0.120578 0.061488 0.008163
v 0.119053 0.063395 0.014723
v 0.115940 0.067287 0.019665
v 0.132250 0.073883 0.007448
v 0.130858 0.075624 0.013433
v 0.143921 0.086279 0.006733
v 0.128018 0.079175 0.017942
v 0.107343 0.078037 0.022516
v 0.111807 0.072456 0.022091
v 0.124247 0.083890 0.020155
v 0.117322 0.092549 -0.020543
v 0.113226 0.097672 -0.020543
v 0.109153 0.102764 -0.020155
v 0.121419 0.087427 -0.020543
v 0.130428 0.103152 -0.018570
v 0.126724 0.107783 -0.018570
v 0.123043 0.112386 -0.018219
v 0.119634 0.116649 -0.016218
v 0.117067 0.119859 -0.012142
v 0.137791 0.093945 -0.017871
v 0.134131 0.098522 -0.018570
v 0.141032 0.089893 -0.015227
v 0.143288 0.087071 -0.010658
v 0.153010 0.101905 -0.013609
v 0.140223 0.117894 -0.016597
v 0.136933 0.122008 -0.016283
v 0.146843 0.109617 -0.016597
v 0.150114 0.105527 -0.015972
v 0.143533 0.113755 -0.016597
v 0.115809 0.121432 -0.006733
v 0.115589 0.121707 -0.000892
v 0.133886 0.125818 -0.014495
v 0.131592 0.128687 -0.010852
v 0.153722 0.128005 -0.014624
v 0.150823 0.131630 -0.014348
v 0.148138 0.134987 -0.012772
v 0.130467 0.130093 -0.006017
v 0.146117 0.137515 -0.009562
v 0.145126 0.138754 -0.005302
v 0.115589 0.121707 0.004982
v 0.130271 0.130338 -0.000798
v 0.144953 0.138970 -0.000703
v 0.130271 0.130338 0.004453
v 0.144953 0.138970 0.003924
v 0.155027 0.099383 -0.009526
v 0.164989 0.113917 -0.011991
v 0.159554 0.120712 -0.014624
v 0.162437 0.117108 -0.014073
v 0.155789 0.098430 -0.004453
v 0.155789 0.098430 0.000798
v 0.166766 0.111694 -0.008394
v 0.167437 0.110855 -0.003924
v 0.156195 0.124912 -0.000000
v 0.167437 0.110855 0.000703
v 0.167264 0.111071 0.005302
v 0.156638 0.124358 -0.014624
v 0.116442 0.120640 0.010658
v 0.118699 0.117819 0.015227
v 0.142663 0.087853 0.012142
v 0.140096 0.091062 0.016218
v 0.107932 0.104291 0.019770
v 0.111981 0.099228 0.020543
v 0.120174 0.088983 0.020543
v 0.116078 0.094105 0.020543
v 0.121940 0.113766 0.017871
v 0.125599 0.109190 0.018570
v 0.136687 0.095325 0.018219
v 0.133006 0.099928 0.018570
v 0.129303 0.104559 0.018570
v 0.149127 0.106760 0.016283
v 0.139218 0.119151 0.016597
v 0.135947 0.123241 0.015972
v 0.145837 0.110874 0.016597
v 0.142527 0.115013 0.016597
v 0.131033 0.129385 0.009526
v 0.145625 0.138130 0.008394
v 0.133050 0.126863 0.013609
v 0.149954 0.132717 0.014073
v 0.147402 0.135908 0.011991
v 0.155593 0.098675 0.006017
v 0.154468 0.100081 0.010852
v 0.152174 0.102950 0.014495
v 0.166274 0.112310 0.009562
v 0.164252 0.114838 0.012772
v 0.155752 0.125466 0.014624
v 0.161568 0.118194 0.014348
v 0.158668 0.121820 0.014624
v 0.152836 0.129113 0.014624
v 0.336329 0.260442 -0.023700
v 0.334848 0.248805 -0.015456
v 0.329311 0.250283 -0.015456
v 0.328983 0.267441 -0.023700
v 0.318048 0.261014 -0.015456
v 0.328011 0.270843 -0.023700
v 0.316558 0.266231 -0.015456
v 0.327864 0.274578 -0.023700
v 0.330743 0.264502 -0.023700
v 0.320747 0.256507 -0.015456
v 0.333223 0.262139 -0.023700
v 0.324550 0.252884 -0.015456
v 0.339940 0.259478 -0.023700
v 0.349487 0.279491 -0.025760
v 0.316333 0.271957 -0.015456
v 0.322381 0.250570 0.000000
v 0.318248 0.254509 0.000000
v 0.327557 0.247743 0.000000
v 0.333575 0.246136 0.000000
v 0.340205 0.245811 0.000000
v 0.315314 0.259407 0.000000
v 0.313694 0.265078 0.000000
v 0.313450 0.271302 0.000000
v 0.317382 0.277973 -0.015456
v 0.328549 0.278501 -0.023700
v 0.330037 0.282462 -0.023700
v 0.332274 0.286310 -0.023700
v 0.319665 0.284047 -0.015456
v 0.323093 0.289946 -0.015456
v 0.335171 0.289895 -0.023700
v 0.327537 0.295443 -0.015456
v 0.338619 0.293080 -0.023700
v 0.332823 0.300328 -0.015456
v 0.314590 0.277841 0.000000
v 0.317071 0.284443 0.000000
v 0.320798 0.290855 0.000000
v 0.325628 0.296831 0.000000
v 0.331374 0.302140 0.000000
v 0.338750 0.304411 -0.015456
v 0.337817 0.306578 0.000000
v 0.340947 0.248506 -0.015456
v 0.343917 0.259283 -0.023700
v 0.347375 0.249397 -0.015456
v 0.348109 0.259865 -0.023700
v 0.353883 0.251445 -0.015456
v 0.352354 0.261200 -0.023700
v 0.356489 0.263239 -0.023700
v 0.360223 0.254571 -0.015456
v 0.360354 0.265902 -0.023700
v 0.366150 0.258655 -0.015456
v 0.363802 0.269088 -0.023700
v 0.366700 0.272673 -0.023700
v 0.371437 0.263539 -0.015456
v 0.375880 0.269036 -0.015456
v 0.379309 0.274935 -0.015456
v 0.347191 0.246780 0.000000
v 0.354266 0.249007 0.000000
v 0.361156 0.252404 0.000000
v 0.367599 0.256843 0.000000
v 0.373345 0.262152 0.000000
v 0.378175 0.268127 0.000000
v 0.381902 0.274539 0.000000
v 0.342485 0.295743 -0.023700
v 0.346619 0.297782 -0.023700
v 0.350864 0.299118 -0.023700
v 0.355056 0.299699 -0.023700
v 0.359034 0.299504 -0.023700
v 0.362645 0.298540 -0.023700
v 0.365750 0.296844 -0.023700
v 0.368230 0.294481 -0.023700
v 0.345090 0.307537 -0.015456
v 0.351599 0.309585 -0.015456
v 0.358026 0.310477 -0.015456
v 0.364125 0.310178 -0.015456
v 0.368936 0.276520 -0.023700
v 0.370425 0.280482 -0.023700
v 0.371109 0.284405 -0.023700
v 0.370962 0.288139 -0.023700
v 0.369990 0.291542 -0.023700
v 0.381592 0.281010 -0.015456
v 0.382641 0.287025 -0.015456
v 0.382416 0.292752 -0.015456
v 0.380925 0.297968 -0.015456
v 0.369662 0.308699 -0.015456
v 0.378227 0.302475 -0.015456
v 0.374423 0.306098 -0.015456
v 0.344708 0.309976 0.000000
v 0.351782 0.312202 0.000000
v 0.358769 0.313171 0.000000
v 0.384383 0.281142 0.000000
v 0.385524 0.287681 0.000000
v 0.385279 0.293905 0.000000
v 0.365398 0.312846 0.000000
v 0.371416 0.311239 0.000000
v 0.383659 0.299575 0.000000
v 0.380726 0.304474 0.000000
v 0.376592 0.308412 0.000000
v 0.324008 0.252306 0.011335
v 0.320122 0.256008 0.011335
v 0.328873 0.249648 0.011335
v 0.334530 0.248138 0.011335
v 0.340762 0.247832 0.011335
v 0.333697 0.256633 0.020608
v 0.338030 0.255476 0.020608
v 0.317365 0.260612 0.011335
v 0.315842 0.265942 0.011335
v 0.315612 0.271793 0.011335
v 0.329971 0.258668 0.020608
v 0.326995 0.261504 0.020608
v 0.324883 0.265031 0.020608
v 0.323716 0.269113 0.020608
v 0.323540 0.273595 0.020608
v 0.338645 0.267923 0.024730
v 0.340715 0.266792 0.024730
v 0.335818 0.271458 0.024730
v 0.336991 0.269498 0.024730
v 0.335170 0.273726 0.024730
v 0.316684 0.277940 0.011335
v 0.319016 0.284146 0.011335
v 0.322520 0.290173 0.011335
v 0.324361 0.278303 0.020608
v 0.326148 0.283057 0.020608
v 0.328831 0.287673 0.020608
v 0.327059 0.295790 0.011335
v 0.332461 0.300781 0.011335
v 0.338517 0.304953 0.011335
v 0.332308 0.291975 0.020608
v 0.336446 0.295798 0.020608
v 0.335072 0.276215 0.024730
v 0.335528 0.278831 0.024730
v 0.336521 0.281472 0.024730
v 0.338011 0.284037 0.024730
v 0.339943 0.286427 0.024730
v 0.347329 0.248743 0.011335
v 0.353979 0.250836 0.011335
v 0.360456 0.254029 0.011335
v 0.342804 0.255242 0.020608
v 0.347834 0.255939 0.020608
v 0.352927 0.257542 0.020608
v 0.357889 0.259989 0.020608
v 0.366512 0.258202 0.011335
v 0.371914 0.263192 0.011335
v 0.376454 0.268809 0.011335
v 0.379957 0.274836 0.011335
v 0.362527 0.263184 0.020608
v 0.366665 0.267007 0.020608
v 0.370142 0.271309 0.020608
v 0.372826 0.275926 0.020608
v 0.345774 0.266019 0.024730
v 0.343122 0.266149 0.024730
v 0.348568 0.266407 0.024730
v 0.351398 0.267297 0.024730
v 0.354155 0.268656 0.024730
v 0.356732 0.270432 0.024730
v 0.359030 0.272556 0.024730
v 0.349487 0.279491 0.025760
v 0.360962 0.274946 0.024730
v 0.344994 0.308147 0.011335
v 0.351645 0.310239 0.011335
v 0.358212 0.311150 0.011335
v 0.341084 0.298994 0.020608
v 0.346046 0.301440 0.020608
v 0.351140 0.303043 0.020608
v 0.356170 0.303741 0.020608
v 0.364444 0.310845 0.011335
v 0.382289 0.281043 0.011335
v 0.383361 0.287189 0.011335
v 0.383131 0.293040 0.011335
v 0.374612 0.280680 0.020608
v 0.375433 0.285388 0.020608
v 0.375257 0.289869 0.020608
v 0.370101 0.309334 0.011335
v 0.381609 0.298370 0.011335
v 0.378851 0.302975 0.011335
v 0.374966 0.306677 0.011335
v 0.360943 0.303507 0.020608
v 0.365276 0.302350 0.020608
v 0.369002 0.300314 0.020608
v 0.371979 0.297479 0.020608
v 0.374091 0.293952 0.020608
v 0.342242 0.288551 0.024730
v 0.344819 0.290326 0.024730
v 0.347575 0.291685 0.024730
v 0.350405 0.292576 0.024730
v 0.362453 0.277510 0.024730
v 0.363445 0.280151 0.024730
v 0.363901 0.282767 0.024730
v 0.363804 0.285257 0.024730
v 0.353199 0.292963 0.024730
v 0.355851 0.292833 0.024730
v 0.358259 0.292190 0.024730
v 0.363156 0.287525 0.024730
v 0.361982 0.289484 0.024730
v 0.360329 0.291060 0.024730
v -0.130858 0.075624 -0.013433
v -0.128018 0.079175 -0.017942
v -0.132250 0.073883 -0.007448
v -0.132493 0.073580 -0.000987
v -0.143921 0.086279 -0.006733
v -0.132493 0.073580 0.005512
v -0.144141 0.086005 -0.000892
v -0.131549 0.074759 0.011791
v -0.144141 0.086005 0.004982
v -0.129053 0.077881 0.016845
v -0.152174 0.102950 -0.014495
v -0.140096 0.091062 -0.016218
v -0.142663 0.087853 -0.012142
v -0.154468 0.100081 -0.010852
v -0.164252 0.114838 -0.012772
v -0.161568 0.118194 -0.014348
v -0.149127 0.106760 -0.016283
v -0.158668 0.121820 -0.014624
v -0.145837 0.110874 -0.016597
v -0.155752 0.125466 -0.014624
v -0.142527 0.115013 -0.016597
v -0.155593 0.098675 -0.006017
v -0.155789 0.098430 -0.000798
v -0.166274 0.112310 -0.009562
v -0.167264 0.111071 -0.005302
v -0.156195 0.124912 -0.000000
v -0.167437 0.110855 -0.000703
v -0.155789 0.098430 0.004453
v -0.167437 0.110855 0.003924
v -0.152836 0.129113 -0.014624
v -0.139218 0.119151 -0.016597
v -0.149954 0.132717 -0.014073
v -0.147402 0.135908 -0.011991
v -0.145625 0.138130 -0.008394
v -0.144953 0.138970 -0.003924
v -0.144953 0.138970 0.000703
v -0.145126 0.138754 0.005302
v -0.124247 0.083890 -0.020155
v -0.136687 0.095325 -0.018219
v -0.133006 0.099928 -0.018570
v -0.120174 0.088983 -0.020543
v -0.129303 0.104559 -0.018570
v -0.116078 0.094105 -0.020543
v -0.125599 0.109190 -0.018570
v -0.135947 0.123241 -0.015972
v -0.121940 0.113766 -0.017871
v -0.102853 0.083652 -0.022516
v -0.111981 0.099228 -0.020543
v -0.098363 0.089267 -0.022516
v -0.107932 0.104291 -0.019770
v -0.093925 0.094815 -0.021669
v -0.104347 0.108774 -0.016845
v -0.118699 0.117819 -0.015227
v -0.116442 0.120640 -0.010658
v -0.101851 0.111895 -0.011791
v -0.089996 0.099729 -0.018463
v -0.100908 0.113075 -0.005512
v -0.087260 0.103150 -0.012923
v -0.115589 0.121707 -0.004982
v -0.115589 0.121707 0.000892
v -0.100908 0.113075 0.000987
v -0.133050 0.126863 -0.013609
v -0.131033 0.129385 -0.009526
v -0.130271 0.130338 -0.004453
v -0.130271 0.130338 0.000798
v -0.143288 0.087071 0.010658
v -0.155027 0.099383 0.009526
v -0.141032 0.089893 0.015227
v -0.153010 0.101905 0.013609
v -0.166766 0.111694 0.008394
v -0.164989 0.113917 0.011991
v -0.150114 0.105527 0.015972
v -0.162437 0.117108 0.014073
v -0.137791 0.093945 0.017871
v -0.146843 0.109617 0.016597
v -0.159554 0.120712 0.014624
v -0.143533 0.113755 0.016597
v -0.146117 0.137515 0.009562
v -0.153722 0.128005 0.014624
v -0.150823 0.131630 0.014348
v -0.148138 0.134987 0.012772
v -0.156638 0.124358 0.014624
v -0.140223 0.117894 0.016597
v -0.136933 0.122008 0.016283
v -0.115809 0.121432 0.006733
v -0.101150 0.112771 0.007448
v -0.102542 0.111031 0.013433
v -0.086492 0.104110 0.008163
v -0.119634 0.116649 0.016218
v -0.105382 0.107480 0.017942
v -0.117067 0.119859 0.012142
v -0.088018 0.102203 0.014723
v -0.125468 0.082364 0.019770
v -0.121419 0.087427 0.020543
v -0.134131 0.098522 0.018570
v -0.117322 0.092549 0.020543
v -0.130428 0.103152 0.018570
v -0.126724 0.107783 0.018570
v -0.123043 0.112386 0.018219
v -0.113226 0.097672 0.020543
v -0.099727 0.087561 0.022516
v -0.095263 0.093142 0.022091
v -0.109153 0.102764 0.020155
v -0.091130 0.098311 0.019665
v -0.130467 0.130093 0.006017
v -0.131592 0.128687 0.010852
v -0.133886 0.125818 0.014495
v -0.079918 0.085340 -0.023568
v -0.075644 0.090684 -0.020080
v -0.072668 0.094405 -0.014056
v -0.086226 0.104443 -0.006041
v -0.071544 0.095812 -0.006570
v -0.086226 0.104443 0.001082
v -0.071544 0.095812 0.001177
v -0.056862 0.087180 -0.007100
v -0.071833 0.095450 0.008879
v -0.073493 0.093375 0.016013
v -0.076878 0.089142 0.021388
v -0.366700 0.272673 -0.023700
v -0.375880 0.269036 -0.015456
v -0.368936 0.276520 -0.023700
v -0.363802 0.269088 -0.023700
v -0.371437 0.263539 -0.015456
v -0.360354 0.265902 -0.023700
v -0.366150 0.258655 -0.015456
v -0.379309 0.274935 -0.015456
v -0.360223 0.254571 -0.015456
v -0.352354 0.261200 -0.023700
v -0.347375 0.249397 -0.015456
v -0.353883 0.251445 -0.015456
v -0.348109 0.259865 -0.023700
v -0.340947 0.248506 -0.015456
v -0.343917 0.259283 -0.023700
v -0.334848 0.248805 -0.015456
v -0.356489 0.263239 -0.023700
v -0.349487 0.279491 -0.025760
v -0.339940 0.259478 -0.023700
v -0.336329 0.260442 -0.023700
v -0.333223 0.262139 -0.023700
v -0.330743 0.264502 -0.023700
v -0.373345 0.262152 0.000000
v -0.378175 0.268127 0.000000
v -0.381902 0.274539 0.000000
v -0.367599 0.256843 0.000000
v -0.361156 0.252404 0.000000
v -0.354266 0.249007 0.000000
v -0.347191 0.246780 0.000000
v -0.340205 0.245811 0.000000
v -0.333575 0.246136 0.000000
v -0.370425 0.280482 -0.023700
v -0.381592 0.281010 -0.015456
v -0.371109 0.284405 -0.023700
v -0.382641 0.287025 -0.015456
v -0.370962 0.288139 -0.023700
v -0.382416 0.292752 -0.015456
v -0.369990 0.291542 -0.023700
v -0.368230 0.294481 -0.023700
v -0.380925 0.297968 -0.015456
v -0.378227 0.302475 -0.015456
v -0.365750 0.296844 -0.023700
v -0.374423 0.306098 -0.015456
v -0.362645 0.298540 -0.023700
v -0.369662 0.308699 -0.015456
v -0.359034 0.299504 -0.023700
v -0.364125 0.310178 -0.015456
v -0.355056 0.299699 -0.023700
v -0.350864 0.299118 -0.023700
v -0.346619 0.297782 -0.023700
v -0.342485 0.295743 -0.023700
v -0.338619 0.293080 -0.023700
v -0.335171 0.289895 -0.023700
v -0.332274 0.286310 -0.023700
v -0.358026 0.310477 -0.015456
v -0.351599 0.309585 -0.015456
v -0.345090 0.307537 -0.015456
v -0.338750 0.304411 -0.015456
v -0.384383 0.281142 0.000000
v -0.385524 0.287681 0.000000
v -0.385279 0.293905 0.000000
v -0.383659 0.299575 0.000000
v -0.380726 0.304474 0.000000
v -0.376592 0.308412 0.000000
v -0.371416 0.311239 0.000000
v -0.365398 0.312846 0.000000
v -0.358769 0.313171 0.000000
v -0.351782 0.312202 0.000000
v -0.344708 0.309976 0.000000
v -0.337817 0.306578 0.000000
v -0.329311 0.250283 -0.015456
v -0.324550 0.252884 -0.015456
v -0.320747 0.256507 -0.015456
v -0.328983 0.267441 -0.023700
v -0.328011 0.270843 -0.023700
v -0.318048 0.261014 -0.015456
v -0.316558 0.266231 -0.015456
v -0.327864 0.274578 -0.023700
v -0.316333 0.271957 -0.015456
v -0.327557 0.247743 0.000000
v -0.322381 0.250570 0.000000
v -0.318248 0.254509 0.000000
v -0.315314 0.259407 0.000000
v -0.313694 0.265078 0.000000
v -0.313450 0.271302 0.000000
v -0.314590 0.277841 0.000000
v -0.328549 0.278501 -0.023700
v -0.330037 0.282462 -0.023700
v -0.319665 0.284047 -0.015456
v -0.327537 0.295443 -0.015456
v -0.323093 0.289946 -0.015456
v -0.317382 0.277973 -0.015456
v -0.332823 0.300328 -0.015456
v -0.317071 0.284443 0.000000
v -0.320798 0.290855 0.000000
v -0.325628 0.296831 0.000000
v -0.331374 0.302140 0.000000
v -0.360456 0.254029 0.011335
v -0.371914 0.263192 0.011335
v -0.376454 0.268809 0.011335
v -0.379957 0.274836 0.011335
v -0.366512 0.258202 0.011335
v -0.370142 0.271309 0.020608
v -0.357889 0.259989 0.020608
v -0.362527 0.263184 0.020608
v -0.366665 0.267007 0.020608
v -0.353979 0.250836 0.011335
v -0.347329 0.248743 0.011335
v -0.340762 0.247832 0.011335
v -0.334530 0.248138 0.011335
v -0.352927 0.257542 0.020608
v -0.347834 0.255939 0.020608
v -0.342804 0.255242 0.020608
v -0.338030 0.255476 0.020608
v -0.372826 0.275926 0.020608
v -0.356732 0.270432 0.024730
v -0.359030 0.272556 0.024730
v -0.360962 0.274946 0.024730
v -0.354155 0.268656 0.024730
v -0.351398 0.267297 0.024730
v -0.348568 0.266407 0.024730
v -0.345774 0.266019 0.024730
v -0.343122 0.266149 0.024730
v -0.333697 0.256633 0.020608
v -0.340715 0.266792 0.024730
v -0.338645 0.267923 0.024730
v -0.349487 0.279491 0.025760
v -0.336991 0.269498 0.024730
v -0.335818 0.271458 0.024730
v -0.382289 0.281043 0.011335
v -0.383361 0.287189 0.011335
v -0.383131 0.293040 0.011335
v -0.374612 0.280680 0.020608
v -0.375433 0.285388 0.020608
v -0.381609 0.298370 0.011335
v -0.378851 0.302975 0.011335
v -0.374966 0.306677 0.011335
v -0.370101 0.309334 0.011335
v -0.364444 0.310845 0.011335
v -0.375257 0.289869 0.020608
v -0.374091 0.293952 0.020608
v -0.371979 0.297479 0.020608
v -0.369002 0.300314 0.020608
v -0.365276 0.302350 0.020608
v -0.358212 0.311150 0.011335
v -0.351645 0.310239 0.011335
v -0.344994 0.308147 0.011335
v -0.338517 0.304953 0.011335
v -0.360943 0.303507 0.020608
v -0.356170 0.303741 0.020608
v -0.341084 0.298994 0.020608
v -0.332461 0.300781 0.011335
v -0.351140 0.303043 0.020608
v -0.346046 0.301440 0.020608
v -0.362453 0.277510 0.024730
v -0.363445 0.280151 0.024730
v -0.363901 0.282767 0.024730
v -0.363804 0.285257 0.024730
v -0.363156 0.287525 0.024730
v -0.361982 0.289484 0.024730
v -0.360329 0.291060 0.024730
v -0.358259 0.292190 0.024730
v -0.344819 0.290326 0.024730
v -0.342242 0.288551 0.024730
v -0.336446 0.295798 0.020608
v -0.339943 0.286427 0.024730
v -0.332308 0.291975 0.020608
v -0.355851 0.292833 0.024730
v -0.353199 0.292963 0.024730
v -0.350405 0.292576 0.024730
v -0.335170 0.273726 0.024730
v -0.335072 0.276215 0.024730
v -0.335528 0.278831 0.024730
v -0.336521 0.281472 0.024730
v -0.338011 0.284037 0.024730
v -0.347575 0.291685 0.024730
v -0.328873 0.249648 0.011335
v -0.324008 0.252306 0.011335
v -0.320122 0.256008 0.011335
v -0.329971 0.258668 0.020608
v -0.317365 0.260612 0.011335
v -0.315842 0.265942 0.011335
v -0.315612 0.271793 0.011335
v -0.316684 0.277940 0.011335
v -0.326995 0.261504 0.020608
v -0.324883 0.265031 0.020608
v -0.323716 0.269113 0.020608
v -0.323540 0.273595 0.020608
v -0.319016 0.284146 0.011335
v -0.322520 0.290173 0.011335
v -0.327059 0.295790 0.011335
v -0.326148 0.283057 0.020608
v -0.324361 0.278303 0.020608
v -0.328831 0.287673 0.020608
v -0.156638 -0.124358 -0.014624
v -0.143533 -0.113755 -0.016597
v -0.140223 -0.117894 -0.016597
v -0.159554 -0.120712 -0.014624
v -0.153722 -0.128005 -0.014624
v -0.136933 -0.122008 -0.016283
v -0.150823 -0.131630 -0.014348
v -0.156195 -0.124912 -0.000000
v -0.162437 -0.117108 -0.014073
v -0.164989 -0.113917 -0.011991
v -0.148138 -0.134987 -0.012772
v -0.146117 -0.137515 -0.009562
v -0.145126 -0.138754 -0.005302
v -0.144953 -0.138970 -0.000703
v -0.144953 -0.138970 0.003924
v -0.150114 -0.105527 -0.015972
v -0.146843 -0.109617 -0.016597
v -0.153010 -0.101905 -0.013609
v -0.137791 -0.093945 -0.017871
v -0.155027 -0.099383 -0.009526
v -0.141032 -0.089893 -0.015227
v -0.143288 -0.087071 -0.010658
v -0.166766 -0.111694 -0.008394
v -0.167437 -0.110855 -0.003924
v -0.155789 -0.098430 -0.004453
v -0.167437 -0.110855 0.000703
v -0.167264 -0.111071 0.005302
v -0.155789 -0.098430 0.000798
v -0.144141 -0.086005 -0.004982
v -0.144141 -0.086005 0.000892
v -0.133886 -0.125818 -0.014495
v -0.131592 -0.128687 -0.010852
v -0.119634 -0.116649 -0.016218
v -0.117067 -0.119859 -0.012142
v -0.130467 -0.130093 -0.006017
v -0.115809 -0.121432 -0.006733
v -0.130271 -0.130338 -0.000798
v -0.130271 -0.130338 0.004453
v -0.115589 -0.121707 -0.000892
v -0.115589 -0.121707 0.004982
v -0.101150 -0.112771 -0.007448
v -0.100908 -0.113075 -0.000987
v -0.117322 -0.092549 -0.020543
v -0.130428 -0.103152 -0.018570
v -0.134131 -0.098522 -0.018570
v -0.113226 -0.097672 -0.020543
v -0.126724 -0.107783 -0.018570
v -0.123043 -0.112386 -0.018219
v -0.121419 -0.087427 -0.020543
v -0.125468 -0.082364 -0.019770
v -0.129053 -0.077881 -0.016845
v -0.131549 -0.074759 -0.011791
v -0.109153 -0.102764 -0.020155
v -0.091130 -0.098311 -0.019665
v -0.105382 -0.107480 -0.017942
v -0.095263 -0.093142 -0.022091
v -0.102542 -0.111031 -0.013433
v -0.088018 -0.102203 -0.014723
v -0.099727 -0.087561 -0.022516
v -0.132493 -0.073580 -0.005512
v -0.086492 -0.104110 -0.008163
v -0.100908 -0.113075 0.005512
v -0.161568 -0.118194 0.014348
v -0.164252 -0.114838 0.012772
v -0.158668 -0.121820 0.014624
v -0.145625 -0.138130 0.008394
v -0.147402 -0.135908 0.011991
v -0.149954 -0.132717 0.014073
v -0.152836 -0.129113 0.014624
v -0.155752 -0.125466 0.014624
v -0.145837 -0.110874 0.016597
v -0.142527 -0.115013 0.016597
v -0.139218 -0.119151 0.016597
v -0.166274 -0.112310 0.009562
v -0.155593 -0.098675 0.006017
v -0.154468 -0.100081 0.010852
v -0.152174 -0.102950 0.014495
v -0.149127 -0.106760 0.016283
v -0.140096 -0.091062 0.016218
v -0.143921 -0.086279 0.006733
v -0.142663 -0.087853 0.012142
v -0.131033 -0.129385 0.009526
v -0.116442 -0.120640 0.010658
v -0.133050 -0.126863 0.013609
v -0.135947 -0.123241 0.015972
v -0.118699 -0.117819 0.015227
v -0.121940 -0.113766 0.017871
v -0.101851 -0.111895 0.011791
v -0.132493 -0.073580 0.000987
v -0.132250 -0.073883 0.007448
v -0.130858 -0.075624 0.013433
v -0.128018 -0.079175 0.017942
v -0.104347 -0.108774 0.016845
v -0.087260 -0.103150 0.012923
v -0.089996 -0.099729 0.018463
v -0.133006 -0.099928 0.018570
v -0.129303 -0.104559 0.018570
v -0.125599 -0.109190 0.018570
v -0.136687 -0.095325 0.018219
v -0.116078 -0.094105 0.020543
v -0.124247 -0.083890 0.020155
v -0.120174 -0.088983 0.020543
v -0.107932 -0.104291 0.019770
v -0.111981 -0.099228 0.020543
v -0.093925 -0.094815 0.021669
v -0.098363 -0.089267 0.022516
v -0.073493 -0.093375 -0.016013
v -0.076878 -0.089142 -0.021388
v -0.071833 -0.095450 -0.008879
v -0.086226 -0.104443 -0.001082
v -0.071544 -0.095812 -0.001177
v -0.086226 -0.104443 0.006041
v -0.071544 -0.095812 0.006570
v -0.072668 -0.094405 0.014056
v -0.075644 -0.090684 0.020080
v -0.368230 -0.294481 -0.023700
v -0.365750 -0.296844 -0.023700
v -0.374423 -0.306098 -0.015456
v -0.378227 -0.302475 -0.015456
v -0.369990 -0.291542 -0.023700
v -0.362645 -0.298540 -0.023700
v -0.369662 -0.308699 -0.015456
v -0.359034 -0.299504 -0.023700
v -0.364125 -0.310178 -0.015456
v -0.380925 -0.297968 -0.015456
v -0.370962 -0.288139 -0.023700
v -0.382416 -0.292752 -0.015456
v -0.371109 -0.284405 -0.023700
v -0.382641 -0.287025 -0.015456
v -0.370425 -0.280482 -0.023700
v -0.381592 -0.281010 -0.015456
v -0.368936 -0.276520 -0.023700
v -0.349487 -0.279491 -0.025760
v -0.366700 -0.272673 -0.023700
v -0.379309 -0.274935 -0.015456
v -0.355056 -0.299699 -0.023700
v -0.358026 -0.310477 -0.015456
v -0.350864 -0.299118 -0.023700
v -0.351599 -0.309585 -0.015456
v -0.346619 -0.297782 -0.023700
v -0.345090 -0.307537 -0.015456
v -0.342485 -0.295743 -0.023700
v -0.338750 -0.304411 -0.015456
v -0.338619 -0.293080 -0.023700
v -0.332823 -0.300328 -0.015456
v -0.335171 -0.289895 -0.023700
v -0.332274 -0.286310 -0.023700
v -0.376592 -0.308412 0.000000
v -0.371416 -0.311239 0.000000
v -0.380726 -0.304474 0.000000
v -0.383659 -0.299575 0.000000
v -0.385279 -0.293905 0.000000
v -0.365398 -0.312846 0.000000
v -0.358769 -0.313171 0.000000
v -0.385524 -0.287681 0.000000
v -0.384383 -0.281142 0.000000
v -0.381902 -0.274539 0.000000
v -0.351782 -0.312202 0.000000
v -0.344708 -0.309976 0.000000
v -0.337817 -0.306578 0.000000
v -0.375880 -0.269036 -0.015456
v -0.363802 -0.269088 -0.023700
v -0.371437 -0.263539 -0.015456
v -0.360354 -0.265902 -0.023700
v -0.366150 -0.258655 -0.015456
v -0.356489 -0.263239 -0.023700
v -0.352354 -0.261200 -0.023700
v -0.348109 -0.259865 -0.023700
v -0.360223 -0.254571 -0.015456
v -0.353883 -0.251445 -0.015456
v -0.343917 -0.259283 -0.023700
v -0.339940 -0.259478 -0.023700
v -0.336329 -0.260442 -0.023700
v -0.333223 -0.262139 -0.023700
v -0.330743 -0.264502 -0.023700
v -0.347375 -0.249397 -0.015456
v -0.340947 -0.248506 -0.015456
v -0.334848 -0.248805 -0.015456
v -0.378175 -0.268127 0.000000
v -0.373345 -0.262152 0.000000
v -0.367599 -0.256843 0.000000
v -0.361156 -0.252404 0.000000
v -0.354266 -0.249007 0.000000
v -0.347191 -0.246780 0.000000
v -0.340205 -0.245811 0.000000
v -0.327537 -0.295443 -0.015456
v -0.323093 -0.289946 -0.015456
v -0.330037 -0.282462 -0.023700
v -0.319665 -0.284047 -0.015456
v -0.328549 -0.278501 -0.023700
v -0.327864 -0.274578 -0.023700
v -0.328011 -0.270843 -0.023700
v -0.317382 -0.277973 -0.015456
v -0.316333 -0.271957 -0.015456
v -0.331374 -0.302140 0.000000
v -0.325628 -0.296831 0.000000
v -0.320798 -0.290855 0.000000
v -0.317071 -0.284443 0.000000
v -0.314590 -0.277841 0.000000
v -0.313450 -0.271302 0.000000
v -0.328983 -0.267441 -0.023700
v -0.329311 -0.250283 -0.015456
v -0.324550 -0.252884 -0.015456
v -0.320747 -0.256507 -0.015456
v -0.316558 -0.266231 -0.015456
v -0.318048 -0.261014 -0.015456
v -0.313694 -0.265078 0.000000
v -0.315314 -0.259407 0.000000
v -0.318248 -0.254509 0.000000
v -0.333575 -0.246136 0.000000
v -0.327557 -0.247743 0.000000
v -0.322381 -0.250570 0.000000
v -0.374966 -0.306677 0.011335
v -0.378851 -0.302975 0.011335
v -0.370101 -0.309334 0.011335
v -0.381609 -0.298370 0.011335
v -0.383131 -0.293040 0.011335
v -0.364444 -0.310845 0.011335
v -0.358212 -0.311150 0.011335
v -0.374091 -0.293952 0.020608
v -0.371979 -0.297479 0.020608
v -0.369002 -0.300314 0.020608
v -0.365276 -0.302350 0.020608
v -0.360943 -0.303507 0.020608
v -0.383361 -0.287189 0.011335
v -0.382289 -0.281043 0.011335
v -0.379957 -0.274836 0.011335
v -0.375257 -0.289869 0.020608
v -0.375433 -0.285388 0.020608
v -0.374612 -0.280680 0.020608
v -0.351645 -0.310239 0.011335
v -0.344994 -0.308147 0.011335
v -0.338517 -0.304953 0.011335
v -0.356170 -0.303741 0.020608
v -0.351140 -0.303043 0.020608
v -0.346046 -0.301440 0.020608
v -0.341084 -0.298994 0.020608
v -0.361982 -0.289484 0.024730
v -0.360329 -0.291060 0.024730
v -0.358259 -0.292190 0.024730
v -0.372826 -0.275926 0.020608
v -0.363156 -0.287525 0.024730
v -0.363804 -0.285257 0.024730
v -0.363901 -0.282767 0.024730
v -0.363445 -0.280151 0.024730
v -0.362453 -0.277510 0.024730
v -0.370142 -0.271309 0.020608
v -0.360962 -0.274946 0.024730
v -0.355851 -0.292833 0.024730
v -0.353199 -0.292963 0.024730
v -0.350405 -0.292576 0.024730
v -0.347575 -0.291685 0.024730
v -0.336446 -0.295798 0.020608
v -0.344819 -0.290326 0.024730
v -0.342242 -0.288551 0.024730
v -0.339943 -0.286427 0.024730
v -0.349487 -0.279491 0.025760
v -0.359030 -0.272556 0.024730
v -0.356732 -0.270432 0.024730
v -0.338011 -0.284037 0.024730
v -0.336521 -0.281472 0.024730
v -0.335528 -0.278831 0.024730
v -0.335072 -0.276215 0.024730
v -0.335170 -0.273726 0.024730
v -0.335818 -0.271458 0.024730
v -0.376454 -0.268809 0.011335
v -0.371914 -0.263192 0.011335
v -0.366512 -0.258202 0.011335
v -0.360456 -0.254029 0.011335
v -0.366665 -0.267007 0.020608
v -0.362527 -0.263184 0.020608
v -0.357889 -0.259989 0.020608
v -0.353979 -0.250836 0.011335
v -0.347329 -0.248743 0.011335
v -0.340762 -0.247832 0.011335
v -0.352927 -0.257542 0.020608
v -0.347834 -0.255939 0.020608
v -0.342804 -0.255242 0.020608
v -0.334530 -0.248138 0.011335
v -0.354155 -0.268656 0.024730
v -0.351398 -0.267297 0.024730
v -0.348568 -0.266407 0.024730
v -0.345774 -0.266019 0.024730
v -0.338030 -0.255476 0.020608
v -0.343122 -0.266149 0.024730
v -0.333697 -0.256633 0.020608
v -0.340715 -0.266792 0.024730
v -0.336991 -0.269498 0.024730
v -0.338645 -0.267923 0.024730
v -0.332461 -0.300781 0.011335
v -0.327059 -0.295790 0.011335
v -0.322520 -0.290173 0.011335
v -0.332308 -0.291975 0.020608
v -0.319016 -0.284146 0.011335
v -0.316684 -0.277940 0.011335
v -0.315612 -0.271793 0.011335
v -0.328831 -0.287673 0.020608
v -0.326148 -0.283057 0.020608
v -0.324361 -0.278303 0.020608
v -0.323540 -0.273595 0.020608
v -0.315842 -0.265942 0.011335
v -0.317365 -0.260612 0.011335
v -0.320122 -0.256008 0.011335
v -0.323716 -0.269113 0.020608
v -0.324883 -0.265031 0.020608
v -0.326995 -0.261504 0.020608
v -0.324008 -0.252306 0.011335
v -0.329971 -0.258668 0.020608
v -0.328873 -0.249648 0.011335
v 0.061293 -0.081639 -0.021698
v 0.058077 -0.085661 -0.015188
v 0.079918 -0.085340 -0.023568
v 0.065911 -0.075865 -0.025466
v 0.075644 -0.090684 -0.020080
v 0.056862 -0.087180 -0.007100
v 0.072668 -0.094405 -0.014056
v 0.071544 -0.095812 -0.006570
v 0.093925 -0.094815 -0.021669
v 0.104347 -0.108774 -0.016845
v 0.089996 -0.099729 -0.018463
v 0.101851 -0.111895 -0.011791
v 0.087260 -0.103150 -0.012923
v 0.084745 -0.079305 -0.024489
v 0.098363 -0.089267 -0.022516
v 0.089628 -0.073198 -0.024489
v 0.056862 -0.087180 0.001272
v 0.071544 -0.095812 0.001177
v 0.086226 -0.104443 -0.006041
v 0.100908 -0.113075 -0.005512
v 0.086226 -0.104443 0.001082
v 0.100908 -0.113075 0.000987
v 0.057175 -0.086789 0.009594
v 0.071833 -0.095450 0.008879
v 0.058968 -0.084547 0.017303
v 0.073493 -0.093375 0.016013
v 0.086492 -0.104110 0.008163
v 0.101150 -0.112771 0.007448
v 0.088018 -0.102203 0.014723
v 0.091130 -0.098311 0.019665
v 0.102542 -0.111031 0.013433
v 0.062626 -0.079973 0.023111
v 0.076878 -0.089142 0.021388
v 0.081373 -0.083520 0.024027
v 0.105382 -0.107480 0.017942
v 0.095263 -0.093142 0.022091
v 0.099727 -0.087561 0.022516
v 0.086228 -0.077450 0.024489
v 0.102853 -0.083652 -0.022516
v 0.104217 -0.081946 0.022516
v 0.118699 -0.117819 -0.015227
v 0.121940 -0.113766 -0.017871
v 0.133050 -0.126863 -0.013609
v 0.135947 -0.123241 -0.015972
v 0.131033 -0.129385 -0.009526
v 0.116442 -0.120640 -0.010658
v 0.147402 -0.135908 -0.011991
v 0.149954 -0.132717 -0.014073
v 0.139218 -0.119151 -0.016597
v 0.115589 -0.121707 -0.004982
v 0.115589 -0.121707 0.000892
v 0.130271 -0.130338 -0.004453
v 0.145625 -0.138130 -0.008394
v 0.144953 -0.138970 -0.003924
v 0.130271 -0.130338 0.000798
v 0.144953 -0.138970 0.000703
v 0.145126 -0.138754 0.005302
v 0.107932 -0.104291 -0.019770
v 0.111981 -0.099228 -0.020543
v 0.125599 -0.109190 -0.018570
v 0.116078 -0.094105 -0.020543
v 0.107343 -0.078037 -0.022516
v 0.120174 -0.088983 -0.020543
v 0.111807 -0.072456 -0.022091
v 0.124247 -0.083890 -0.020155
v 0.129303 -0.104559 -0.018570
v 0.142527 -0.115013 -0.016597
v 0.133006 -0.099928 -0.018570
v 0.145837 -0.110874 -0.016597
v 0.136687 -0.095325 -0.018219
v 0.149127 -0.106760 -0.016283
v 0.128018 -0.079175 -0.017942
v 0.140096 -0.091062 -0.016218
v 0.130858 -0.075624 -0.013433
v 0.142663 -0.087853 -0.012142
v 0.132250 -0.073883 -0.007448
v 0.143921 -0.086279 -0.006733
v 0.132493 -0.073580 -0.000987
v 0.144141 -0.086005 -0.000892
v 0.152836 -0.129113 -0.014624
v 0.155752 -0.125466 -0.014624
v 0.158668 -0.121820 -0.014624
v 0.156195 -0.124912 -0.000000
v 0.161568 -0.118194 -0.014348
v 0.164252 -0.114838 -0.012772
v 0.152174 -0.102950 -0.014495
v 0.154468 -0.100081 -0.010852
v 0.166274 -0.112310 -0.009562
v 0.167264 -0.111071 -0.005302
v 0.155593 -0.098675 -0.006017
v 0.167437 -0.110855 -0.000703
v 0.167437 -0.110855 0.003924
v 0.155789 -0.098430 -0.000798
v 0.155789 -0.098430 0.004453
v 0.144141 -0.086005 0.004982
v 0.115809 -0.121432 0.006733
v 0.117067 -0.119859 0.012142
v 0.130467 -0.130093 0.006017
v 0.131592 -0.128687 0.010852
v 0.146117 -0.137515 0.009562
v 0.133886 -0.125818 0.014495
v 0.119634 -0.116649 0.016218
v 0.136933 -0.122008 0.016283
v 0.148138 -0.134987 0.012772
v 0.150823 -0.131630 0.014348
v 0.153722 -0.128005 0.014624
v 0.140223 -0.117894 0.016597
v 0.132493 -0.073580 0.005512
v 0.131549 -0.074759 0.011791
v 0.143288 -0.087071 0.010658
v 0.153010 -0.101905 0.013609
v 0.141032 -0.089893 0.015227
v 0.137791 -0.093945 0.017871
v 0.129053 -0.077881 0.016845
v 0.109153 -0.102764 0.020155
v 0.123043 -0.112386 0.018219
v 0.126724 -0.107783 0.018570
v 0.113226 -0.097672 0.020543
v 0.117322 -0.092549 0.020543
v 0.130428 -0.103152 0.018570
v 0.121419 -0.087427 0.020543
v 0.108707 -0.076331 0.022516
v 0.125468 -0.082364 0.019770
v 0.134131 -0.098522 0.018570
v 0.143533 -0.113755 0.016597
v 0.146843 -0.109617 0.016597
v 0.150114 -0.105527 0.015972
v 0.162437 -0.117108 0.014073
v 0.159554 -0.120712 0.014624
v 0.164989 -0.113917 0.011991
v 0.156638 -0.124358 0.014624
v 0.166766 -0.111694 0.008394
v 0.155027 -0.099383 0.009526
v 0.115940 -0.067287 -0.019665
v 0.119053 -0.063395 -0.014723
v 0.120578 -0.061488 -0.008163
v 0.120844 -0.061155 -0.001082
v 0.120844 -0.061155 0.006041
v 0.119811 -0.062448 0.012923
v 0.117074 -0.065869 0.018463
v 0.113145 -0.070783 0.021669
v 0.335171 -0.289895 -0.023700
v 0.338619 -0.293080 -0.023700
v 0.332823 -0.300328 -0.015456
v 0.338750 -0.304411 -0.015456
v 0.327537 -0.295443 -0.015456
v 0.327864 -0.274578 -0.023700
v 0.328549 -0.278501 -0.023700
v 0.317382 -0.277973 -0.015456
v 0.332274 -0.286310 -0.023700
v 0.323093 -0.289946 -0.015456
v 0.330037 -0.282462 -0.023700
v 0.349487 -0.279491 -0.025760
v 0.328011 -0.270843 -0.023700
v 0.319665 -0.284047 -0.015456
v 0.316333 -0.271957 -0.015456
v 0.337817 -0.306578 0.000000
v 0.331374 -0.302140 0.000000
v 0.325628 -0.296831 0.000000
v 0.320798 -0.290855 0.000000
v 0.317071 -0.284443 0.000000
v 0.314590 -0.277841 0.000000
v 0.316558 -0.266231 -0.015456
v 0.328983 -0.267441 -0.023700
v 0.330743 -0.264502 -0.023700
v 0.318048 -0.261014 -0.015456
v 0.320747 -0.256507 -0.015456
v 0.333223 -0.262139 -0.023700
v 0.324550 -0.252884 -0.015456
v 0.336329 -0.260442 -0.023700
v 0.329311 -0.250283 -0.015456
v 0.339940 -0.259478 -0.023700
v 0.334848 -0.248805 -0.015456
v 0.313450 -0.271302 0.000000
v 0.313694 -0.265078 0.000000
v 0.315314 -0.259407 0.000000
v 0.318248 -0.254509 0.000000
v 0.322381 -0.250570 0.000000
v 0.327557 -0.247743 0.000000
v 0.333575 -0.246136 0.000000
v 0.340947 -0.248506 -0.015456
v 0.342485 -0.295743 -0.023700
v 0.346619 -0.297782 -0.023700
v 0.345090 -0.307537 -0.015456
v 0.350864 -0.299118 -0.023700
v 0.351599 -0.309585 -0.015456
v 0.355056 -0.299699 -0.023700
v 0.358026 -0.310477 -0.015456
v 0.359034 -0.299504 -0.023700
v 0.364125 -0.310178 -0.015456
v 0.362645 -0.298540 -0.023700
v 0.365750 -0.296844 -0.023700
v 0.368230 -0.294481 -0.023700
v 0.369662 -0.308699 -0.015456
v 0.374423 -0.306098 -0.015456
v 0.378227 -0.302475 -0.015456
v 0.369990 -0.291542 -0.023700
v 0.380925 -0.297968 -0.015456
v 0.382416 -0.292752 -0.015456
v 0.370962 -0.288139 -0.023700
v 0.371109 -0.284405 -0.023700
v 0.370425 -0.280482 -0.023700
v 0.368936 -0.276520 -0.023700
v 0.366700 -0.272673 -0.023700
v 0.379309 -0.274935 -0.015456
v 0.382641 -0.287025 -0.015456
v 0.381592 -0.281010 -0.015456
v 0.344708 -0.309976 0.000000
v 0.351782 -0.312202 0.000000
v 0.358769 -0.313171 0.000000
v 0.365398 -0.312846 0.000000
v 0.371416 -0.311239 0.000000
v 0.376592 -0.308412 0.000000
v 0.380726 -0.304474 0.000000
v 0.383659 -0.299575 0.000000
v 0.385279 -0.293905 0.000000
v 0.385524 -0.287681 0.000000
v 0.384383 -0.281142 0.000000
v 0.381902 -0.274539 0.000000
v 0.343917 -0.259283 -0.023700
v 0.348109 -0.259865 -0.023700
v 0.347375 -0.249397 -0.015456
v 0.352354 -0.261200 -0.023700
v 0.356489 -0.263239 -0.023700
v 0.360354 -0.265902 -0.023700
v 0.363802 -0.269088 -0.023700
v 0.353883 -0.251445 -0.015456
v 0.360223 -0.254571 -0.015456
v 0.366150 -0.258655 -0.015456
v 0.371437 -0.263539 -0.015456
v 0.375880 -0.269036 -0.015456
v 0.340205 -0.245811 0.000000
v 0.347191 -0.246780 0.000000
v 0.354266 -0.249007 0.000000
v 0.361156 -0.252404 0.000000
v 0.367599 -0.256843 0.000000
v 0.373345 -0.262152 0.000000
v 0.378175 -0.268127 0.000000
v 0.327059 -0.295790 0.011335
v 0.338517 -0.304953 0.011335
v 0.332461 -0.300781 0.011335
v 0.336446 -0.295798 0.020608
v 0.322520 -0.290173 0.011335
v 0.319016 -0.284146 0.011335
v 0.316684 -0.277940 0.011335
v 0.328831 -0.287673 0.020608
v 0.324361 -0.278303 0.020608
v 0.315612 -0.271793 0.011335
v 0.326148 -0.283057 0.020608
v 0.332308 -0.291975 0.020608
v 0.341084 -0.298994 0.020608
v 0.323540 -0.273595 0.020608
v 0.338011 -0.284037 0.024730
v 0.342242 -0.288551 0.024730
v 0.339943 -0.286427 0.024730
v 0.336521 -0.281472 0.024730
v 0.335528 -0.278831 0.024730
v 0.335072 -0.276215 0.024730
v 0.315842 -0.265942 0.011335
v 0.317365 -0.260612 0.011335
v 0.320122 -0.256008 0.011335
v 0.323716 -0.269113 0.020608
v 0.324883 -0.265031 0.020608
v 0.326995 -0.261504 0.020608
v 0.324008 -0.252306 0.011335
v 0.328873 -0.249648 0.011335
v 0.334530 -0.248138 0.011335
v 0.329971 -0.258668 0.020608
v 0.333697 -0.256633 0.020608
v 0.335170 -0.273726 0.024730
v 0.335818 -0.271458 0.024730
v 0.336991 -0.269498 0.024730
v 0.338645 -0.267923 0.024730
v 0.338030 -0.255476 0.020608
v 0.344994 -0.308147 0.011335
v 0.351645 -0.310239 0.011335
v 0.358212 -0.311150 0.011335
v 0.364444 -0.310845 0.011335
v 0.346046 -0.301440 0.020608
v 0.351140 -0.303043 0.020608
v 0.356170 -0.303741 0.020608
v 0.360943 -0.303507 0.020608
v 0.370101 -0.309334 0.011335
v 0.374966 -0.306677 0.011335
v 0.378851 -0.302975 0.011335
v 0.381609 -0.298370 0.011335
v 0.383131 -0.293040 0.011335
v 0.365276 -0.302350 0.020608
v 0.369002 -0.300314 0.020608
v 0.371979 -0.297479 0.020608
v 0.374091 -0.293952 0.020608
v 0.375257 -0.289869 0.020608
v 0.383361 -0.287189 0.011335
v 0.382289 -0.281043 0.011335
v 0.379957 -0.274836 0.011335
v 0.375433 -0.285388 0.020608
v 0.372826 -0.275926 0.020608
v 0.374612 -0.280680 0.020608
v 0.344819 -0.290326 0.024730
v 0.350405 -0.292576 0.024730
v 0.347575 -0.291685 0.024730
v 0.353199 -0.292963 0.024730
v 0.355851 -0.292833 0.024730
v 0.358259 -0.292190 0.024730
v 0.360329 -0.291060 0.024730
v 0.349487 -0.279491 0.025760
v 0.361982 -0.289484 0.024730
v 0.363156 -0.287525 0.024730
v 0.363804 -0.285257 0.024730
v 0.359030 -0.272556 0.024730
v 0.356732 -0.270432 0.024730
v 0.363901 -0.282767 0.024730
v 0.363445 -0.280151 0.024730
v 0.362453 -0.277510 0.024730
v 0.360962 -0.274946 0.024730
v 0.370142 -0.271309 0.020608
v 0.340762 -0.247832 0.011335
v 0.347329 -0.248743 0.011335
v 0.353979 -0.250836 0.011335
v 0.360456 -0.254029 0.011335
v 0.342804 -0.255242 0.020608
v 0.347834 -0.255939 0.020608
v 0.352927 -0.257542 0.020608
v 0.366512 -0.258202 0.011335
v 0.371914 -0.263192 0.011335
v 0.376454 -0.268809 0.011335
v 0.366665 -0.267007 0.020608
v 0.362527 -0.263184 0.020608
v 0.357889 -0.259989 0.020608
v 0.340715 -0.266792 0.024730
v 0.343122 -0.266149 0.024730
v 0.345774 -0.266019 0.024730
v 0.348568 -0.266407 0.024730
v 0.351398 -0.267297 0.024730
v 0.354155 -0.268656 0.024730
v 0.002000 -0.046000 -0.083226
v 0.102000 -0.046000 -0.083226
v 0.002000 -0.046000 -0.053502
v 0.002000 0.046000 -0.083226
v 0.102000 -0.046000 -0.053502
v 0.102000 0.046000 -0.083226
v 0.002000 0.046000 -0.053502
v 0.102000 0.046000 -0.053502
f 1 2 3
f 1 4 2
f 4 5 6
f 4 6 2
f 7 8 9
f 10 11 8
f 12 13 14
f 15 16 17
f 12 16 15
f 12 14 16
f 18 19 13
f 12 20 13
f 1 12 15
f 4 15 21
f 19 22 13
f 19 23 22
f 19 9 23
f 9 8 24
f 9 24 23
f 13 22 14
f 25 9 19
f 18 25 19
f 18 26 27
f 25 28 7
f 18 27 25
f 27 28 25
f 25 7 9
f 10 29 11
f 7 10 8
f 10 30 31
f 31 32 29
f 7 30 10
f 7 28 30
f 10 31 29
f 1 20 12
f 18 13 20
f 1 15 4
f 4 21 5
f 18 20 26
f 1 3 20
f 20 3 26
f 29 33 11
f 34 35 33
f 36 37 35
f 38 39 37
f 40 41 39
f 8 11 42
f 11 33 43
f 8 42 24
f 11 43 42
f 33 44 43
f 33 35 44
f 35 37 45
f 35 45 44
f 37 46 45
f 37 39 46
f 39 41 47
f 39 47 46
f 29 34 33
f 34 36 35
f 29 32 34
f 34 32 48
f 34 48 36
f 36 49 38
f 36 48 49
f 36 38 37
f 38 40 39
f 40 50 41
f 38 51 40
f 49 51 38
f 40 51 52
f 40 52 50
f 50 52 53
f 54 55 56
f 5 57 58
f 5 58 6
f 57 59 58
f 57 54 59
f 54 56 60
f 54 60 59
f 56 61 62
f 62 63 64
f 64 65 66
f 56 62 67
f 60 56 67
f 62 68 67
f 62 64 68
f 64 66 69
f 64 69 68
f 66 70 71
f 71 72 73
f 73 74 75
f 66 71 76
f 66 76 69
f 71 77 76
f 71 73 77
f 73 75 78
f 73 78 77
f 75 79 80
f 75 80 81
f 75 81 78
f 80 82 81
f 80 83 82
f 83 84 85
f 83 85 82
f 15 17 21
f 21 86 87
f 21 17 86
f 87 86 88
f 87 88 89
f 89 88 90
f 89 90 55
f 5 21 87
f 57 87 89
f 54 89 55
f 55 90 91
f 55 91 61
f 61 91 92
f 61 92 63
f 63 92 93
f 63 93 65
f 65 93 94
f 55 61 56
f 62 61 63
f 64 63 65
f 14 95 16
f 16 95 17
f 86 17 95
f 86 95 88
f 88 95 90
f 90 95 91
f 5 87 57
f 57 89 54
f 23 95 22
f 23 24 95
f 42 43 95
f 24 42 95
f 43 44 95
f 44 45 95
f 45 46 95
f 46 47 95
f 14 22 95
f 94 96 70
f 65 94 70
f 72 96 97
f 70 96 72
f 74 97 98
f 72 97 74
f 74 98 79
f 66 65 70
f 71 70 72
f 72 74 73
f 75 74 79
f 91 95 92
f 92 95 93
f 93 95 94
f 94 95 96
f 96 95 97
f 98 99 79
f 79 99 100
f 99 101 100
f 100 101 102
f 101 103 102
f 104 103 105
f 102 103 104
f 79 100 80
f 83 100 102
f 84 102 104
f 97 95 98
f 98 95 99
f 99 95 101
f 101 95 103
f 103 95 105
f 105 95 106
f 80 100 83
f 83 102 84
f 95 107 108
f 95 109 107
f 95 110 109
f 95 111 110
f 95 112 111
f 95 113 112
f 95 114 113
f 95 115 114
f 95 116 115
f 95 117 116
f 95 118 117
f 95 119 118
f 95 120 119
f 95 121 120
f 95 122 121
f 95 123 122
f 95 124 123
f 95 125 124
f 95 126 125
f 95 127 126
f 95 128 127
f 3 129 26
f 26 129 130
f 3 131 129
f 3 132 131
f 3 2 133
f 3 133 132
f 2 134 133
f 2 6 135
f 2 136 134
f 2 137 136
f 2 138 137
f 2 135 138
f 6 139 140
f 6 140 141
f 6 141 135
f 142 143 144
f 145 144 146
f 145 146 147
f 142 144 145
f 142 145 148
f 145 149 150
f 145 147 149
f 151 150 152
f 151 152 153
f 151 153 154
f 155 154 156
f 145 150 151
f 145 151 157
f 151 154 155
f 155 156 158
f 155 158 159
f 151 155 160
f 155 159 161
f 162 30 28
f 162 163 30
f 164 28 27
f 27 26 165
f 164 27 166
f 27 165 167
f 27 167 166
f 26 168 165
f 26 169 168
f 164 162 28
f 170 163 162
f 164 166 171
f 164 171 172
f 164 173 162
f 164 172 174
f 164 174 175
f 164 175 176
f 30 163 31
f 163 177 31
f 177 32 31
f 177 178 32
f 163 179 177
f 177 180 178
f 26 130 169
f 170 181 182
f 170 162 173
f 170 179 163
f 170 183 179
f 164 176 173
f 170 173 184
f 170 184 185
f 170 185 181
f 183 182 186
f 183 186 187
f 170 182 183
f 179 183 188
f 179 180 177
f 179 188 180
f 180 189 178
f 180 190 189
f 180 188 190
f 190 191 189
f 32 178 48
f 192 49 48
f 178 192 48
f 49 193 51
f 192 193 49
f 178 189 192
f 192 194 193
f 193 195 196
f 196 52 51
f 193 196 51
f 196 197 52
f 52 197 53
f 197 198 53
f 196 199 197
f 197 200 198
f 192 189 194
f 189 191 194
f 194 201 195
f 194 195 193
f 195 202 199
f 194 191 201
f 195 201 202
f 195 199 196
f 199 200 197
f 199 203 200
f 200 204 198
f 200 205 204
f 199 202 203
f 200 203 205
f 205 206 204
f 183 187 207
f 183 207 208
f 183 208 209
f 183 209 210
f 183 210 211
f 183 211 188
f 211 212 188
f 210 209 213
f 211 210 214
f 211 214 215
f 211 215 212
f 215 216 212
f 217 210 218
f 210 217 219
f 210 213 218
f 210 219 214
f 214 219 220
f 188 212 190
f 212 221 190
f 190 221 191
f 191 222 201
f 221 222 191
f 212 216 221
f 216 223 221
f 221 223 222
f 222 224 225
f 223 224 222
f 215 214 226
f 215 227 216
f 214 220 228
f 214 229 143
f 214 228 229
f 214 143 142
f 215 226 227
f 227 226 230
f 227 231 216
f 227 232 231
f 214 142 226
f 142 233 226
f 216 231 223
f 223 234 224
f 224 235 236
f 223 231 234
f 231 237 234
f 234 235 224
f 234 238 235
f 235 239 240
f 201 225 202
f 201 222 225
f 202 241 203
f 225 241 202
f 241 242 203
f 225 236 241
f 224 236 225
f 241 243 242
f 236 243 241
f 243 244 242
f 203 242 205
f 242 245 205
f 205 245 206
f 245 246 206
f 242 244 245
f 244 247 245
f 245 247 246
f 247 248 246
f 236 240 243
f 243 249 244
f 236 235 240
f 240 250 249
f 243 240 249
f 249 251 244
f 249 252 251
f 244 251 247
f 247 253 248
f 247 251 253
f 251 254 253
f 253 255 248
f 253 256 255
f 6 58 139
f 58 257 139
f 58 258 257
f 58 259 258
f 58 59 259
f 59 260 259
f 59 261 260
f 59 262 261
f 59 60 263
f 59 263 262
f 60 264 263
f 60 265 264
f 60 67 265
f 67 266 265
f 67 267 266
f 67 68 268
f 67 269 267
f 67 270 269
f 67 268 270
f 68 69 271
f 68 271 268
f 268 272 270
f 268 273 272
f 268 274 273
f 268 271 274
f 274 275 273
f 274 276 275
f 274 277 276
f 271 278 274
f 274 279 277
f 274 280 279
f 274 281 280
f 280 282 279
f 280 283 282
f 69 76 284
f 76 77 285
f 69 284 271
f 76 285 284
f 77 78 286
f 77 286 285
f 271 284 278
f 284 285 287
f 285 286 288
f 78 81 289
f 81 82 290
f 78 289 286
f 81 290 289
f 82 85 291
f 82 291 290
f 286 289 292
f 289 290 293
f 290 291 294
f 284 287 278
f 274 278 281
f 278 287 295
f 285 288 287
f 287 288 296
f 278 295 281
f 287 296 295
f 286 292 288
f 292 289 293
f 288 292 297
f 292 293 298
f 290 294 293
f 293 294 299
f 288 297 296
f 292 298 297
f 293 299 298
f 280 300 283
f 280 301 300
f 301 302 300
f 280 303 301
f 304 305 306
f 304 307 305
f 304 308 307
f 301 306 302
f 301 309 306
f 304 306 309
f 301 310 309
f 311 312 313
f 159 158 314
f 159 314 315
f 159 315 316
f 317 316 318
f 317 318 319
f 159 316 317
f 159 317 320
f 311 319 321
f 311 321 312
f 317 319 311
f 311 313 322
f 317 311 323
f 324 304 325
f 304 324 308
f 304 326 325
f 322 327 326
f 322 313 328
f 322 328 327
f 304 329 326
f 304 309 330
f 322 326 329
f 311 322 331
f 322 329 332
f 304 330 329
f 309 333 330
f 329 330 334
f 280 281 303
f 281 295 335
f 281 335 303
f 295 296 336
f 295 336 335
f 301 303 310
f 303 335 337
f 303 337 310
f 335 336 338
f 335 338 337
f 296 297 339
f 297 298 340
f 296 339 336
f 297 340 339
f 298 299 341
f 298 341 340
f 336 339 342
f 339 340 343
f 336 342 338
f 339 343 342
f 340 341 344
f 340 344 343
f 309 310 333
f 310 337 345
f 337 338 346
f 310 345 333
f 330 333 347
f 333 345 348
f 337 346 345
f 345 346 349
f 338 342 350
f 342 343 351
f 343 344 352
f 338 350 346
f 342 351 350
f 346 350 353
f 350 351 354
f 343 352 351
f 351 352 355
f 142 148 233
f 233 148 356
f 233 356 357
f 145 157 148
f 151 160 157
f 155 161 160
f 148 157 358
f 148 358 356
f 157 160 359
f 160 161 360
f 157 359 358
f 160 360 359
f 357 356 361
f 357 361 362
f 362 361 363
f 356 358 364
f 356 364 361
f 358 359 365
f 359 360 366
f 358 365 364
f 359 366 365
f 361 364 367
f 364 365 368
f 365 366 369
f 362 363 370
f 370 363 371
f 370 371 372
f 361 367 363
f 363 367 373
f 364 368 367
f 365 369 368
f 367 368 374
f 368 369 375
f 363 373 371
f 367 374 373
f 368 375 374
f 372 371 376
f 372 376 377
f 377 378 379
f 371 373 380
f 371 380 376
f 373 374 381
f 374 375 382
f 373 381 380
f 374 382 381
f 377 376 378
f 376 380 383
f 376 383 378
f 380 381 384
f 380 384 383
f 381 385 384
f 227 230 232
f 232 237 231
f 233 230 226
f 232 230 386
f 232 386 387
f 232 387 237
f 237 387 388
f 233 357 230
f 230 357 386
f 237 238 234
f 238 239 235
f 237 388 238
f 238 388 389
f 238 389 239
f 239 390 250
f 239 389 390
f 387 386 391
f 387 391 392
f 387 392 388
f 392 393 388
f 357 362 386
f 362 391 386
f 392 391 394
f 392 395 393
f 362 370 391
f 388 393 389
f 393 396 389
f 389 396 390
f 390 397 398
f 396 397 390
f 393 399 396
f 396 400 397
f 397 401 402
f 240 239 250
f 250 252 249
f 252 254 251
f 250 398 252
f 250 390 398
f 252 403 254
f 252 398 403
f 254 403 404
f 254 256 253
f 256 405 255
f 254 404 256
f 256 404 406
f 256 406 405
f 406 407 405
f 398 402 403
f 397 402 398
f 403 408 404
f 402 408 403
f 408 409 404
f 402 410 408
f 408 411 409
f 404 409 406
f 409 412 406
f 406 412 407
f 412 413 407
f 409 414 412
f 412 415 413
f 392 394 395
f 395 394 416
f 395 399 393
f 395 417 399
f 370 394 391
f 370 372 394
f 395 416 417
f 417 418 399
f 394 372 416
f 399 400 396
f 399 418 400
f 400 401 397
f 400 419 401
f 401 420 410
f 400 418 419
f 419 420 401
f 417 416 421
f 417 422 418
f 417 421 422
f 422 423 418
f 372 377 416
f 377 421 416
f 422 424 423
f 422 425 424
f 424 426 423
f 377 379 421
f 422 421 425
f 421 379 425
f 418 423 419
f 423 427 419
f 419 427 420
f 420 428 429
f 427 428 420
f 423 426 427
f 426 430 427
f 427 430 428
f 430 431 428
f 402 401 410
f 410 429 411
f 410 411 408
f 411 414 409
f 411 432 414
f 410 420 429
f 411 429 432
f 432 433 414
f 414 415 412
f 414 433 415
f 413 415 434
f 415 435 434
f 415 433 435
f 434 435 436
f 429 437 432
f 428 437 429
f 432 438 433
f 437 438 432
f 438 439 433
f 428 431 437
f 437 440 438
f 437 431 440
f 438 441 439
f 440 441 438
f 433 439 435
f 439 442 435
f 435 442 436
f 442 443 436
f 439 444 442
f 441 444 439
f 444 445 442
f 442 445 443
f 443 445 446
f 159 320 161
f 317 323 320
f 311 331 323
f 161 320 447
f 161 447 360
f 320 323 448
f 320 448 447
f 323 449 448
f 322 332 331
f 329 334 332
f 330 347 334
f 323 331 449
f 331 332 450
f 331 450 449
f 332 334 451
f 332 451 450
f 334 452 451
f 360 447 453
f 360 453 366
f 447 448 454
f 447 454 453
f 448 455 454
f 366 453 456
f 453 454 457
f 448 449 455
f 449 450 458
f 449 458 455
f 450 451 459
f 450 459 458
f 451 460 459
f 454 455 461
f 455 458 462
f 458 459 463
f 333 348 347
f 345 349 348
f 334 347 452
f 347 348 464
f 347 464 452
f 348 349 465
f 348 465 464
f 346 353 349
f 350 354 353
f 351 355 354
f 349 353 466
f 353 354 467
f 349 466 465
f 353 467 466
f 354 355 468
f 354 468 467
f 451 452 460
f 452 464 469
f 452 469 460
f 464 465 470
f 464 470 469
f 459 460 471
f 460 469 472
f 469 470 473
f 465 466 474
f 466 467 475
f 465 474 470
f 466 475 474
f 467 468 476
f 467 476 475
f 470 474 477
f 474 475 478
f 475 476 479
f 366 456 369
f 369 456 480
f 453 457 456
f 454 461 457
f 456 457 481
f 369 480 375
f 456 481 480
f 457 482 481
f 455 462 461
f 457 461 482
f 461 462 483
f 458 463 462
f 459 471 463
f 462 463 484
f 461 483 482
f 462 484 483
f 463 485 484
f 375 480 486
f 375 486 382
f 480 481 487
f 480 487 486
f 481 488 487
f 381 382 385
f 382 486 489
f 382 489 385
f 486 487 490
f 486 490 489
f 487 491 490
f 481 482 488
f 482 483 492
f 482 492 488
f 483 484 493
f 483 493 492
f 484 494 493
f 487 488 491
f 488 492 495
f 488 495 491
f 492 493 496
f 492 496 495
f 493 497 496
f 460 472 471
f 463 471 485
f 471 472 498
f 469 473 472
f 472 473 499
f 471 498 485
f 472 499 498
f 470 477 473
f 474 478 477
f 473 477 500
f 477 478 501
f 475 479 478
f 478 479 502
f 473 500 499
f 477 501 500
f 478 502 501
f 484 485 494
f 485 498 503
f 485 503 494
f 498 499 504
f 498 504 503
f 493 494 497
f 494 503 505
f 494 505 497
f 503 504 506
f 503 506 505
f 499 500 507
f 500 501 508
f 499 507 504
f 500 508 507
f 501 502 509
f 501 509 508
f 504 507 510
f 507 508 511
f 504 510 506
f 507 511 510
f 508 509 512
f 508 512 511
f 379 513 514
f 378 513 379
f 378 383 515
f 383 384 516
f 378 515 513
f 513 517 514
f 513 515 518
f 383 516 515
f 384 519 516
f 515 516 520
f 514 517 521
f 513 518 517
f 515 520 518
f 516 522 520
f 521 517 523
f 518 524 517
f 517 524 523
f 518 520 525
f 518 525 524
f 523 524 526
f 524 525 527
f 424 528 426
f 424 425 529
f 425 379 514
f 424 529 528
f 426 528 530
f 528 531 530
f 425 514 529
f 529 532 528
f 529 514 521
f 426 530 430
f 430 533 431
f 430 530 533
f 530 534 533
f 533 535 431
f 533 536 535
f 530 531 534
f 529 521 532
f 532 531 528
f 532 521 537
f 532 537 538
f 532 538 531
f 534 531 539
f 538 539 531
f 534 536 533
f 536 540 535
f 534 541 536
f 541 542 536
f 536 542 540
f 542 543 540
f 534 539 541
f 521 523 537
f 431 535 440
f 440 544 441
f 441 545 444
f 440 535 544
f 535 540 544
f 544 546 545
f 441 544 545
f 545 547 548
f 444 548 445
f 445 549 446
f 444 545 548
f 445 548 549
f 548 550 549
f 446 549 551
f 549 552 551
f 544 540 546
f 545 546 547
f 540 543 546
f 546 553 547
f 543 553 546
f 547 554 550
f 553 554 547
f 547 550 548
f 550 552 549
f 551 552 555
f 550 556 552
f 554 556 550
f 556 557 552
f 552 557 555
f 557 558 555
f 539 559 541
f 538 560 539
f 539 560 559
f 541 561 542
f 541 559 561
f 542 562 543
f 542 561 562
f 562 563 543
f 562 561 564
f 562 565 563
f 537 566 538
f 523 567 537
f 537 567 566
f 538 566 560
f 523 526 567
f 524 527 526
f 560 568 559
f 566 569 560
f 566 567 570
f 567 526 571
f 559 572 561
f 560 569 568
f 566 570 569
f 567 571 570
f 568 569 573
f 570 574 569
f 568 573 575
f 569 574 573
f 559 568 572
f 572 564 561
f 562 564 565
f 572 576 564
f 564 577 565
f 564 576 577
f 577 578 565
f 568 575 572
f 572 575 576
f 553 579 554
f 554 580 556
f 543 563 553
f 553 563 579
f 554 579 580
f 563 581 579
f 579 582 580
f 580 583 584
f 556 584 557
f 557 585 558
f 580 584 556
f 557 584 585
f 558 585 586
f 584 587 585
f 585 588 586
f 563 565 581
f 579 581 582
f 580 582 583
f 584 583 587
f 585 587 588
f 588 589 586
f 581 590 582
f 565 578 581
f 581 578 590
f 582 591 583
f 582 590 591
f 591 592 583
f 583 592 587
f 587 593 588
f 587 592 593
f 588 594 589
f 593 594 588
f 589 594 595
f 384 385 519
f 385 489 596
f 489 490 597
f 385 596 519
f 516 519 522
f 519 596 598
f 489 597 596
f 490 599 597
f 596 597 600
f 490 491 599
f 491 495 601
f 495 496 602
f 491 601 599
f 597 599 603
f 599 601 604
f 495 602 601
f 496 605 602
f 601 602 606
f 519 598 522
f 596 600 598
f 597 603 600
f 520 522 607
f 522 598 608
f 520 607 525
f 522 608 607
f 598 600 609
f 598 609 608
f 599 604 603
f 601 606 604
f 600 603 610
f 603 604 611
f 600 610 609
f 603 611 610
f 604 606 612
f 604 612 611
f 496 497 605
f 497 505 613
f 505 506 614
f 497 613 605
f 602 605 615
f 605 613 616
f 505 614 613
f 613 614 617
f 506 510 618
f 510 511 619
f 511 512 620
f 506 618 614
f 510 619 618
f 614 618 621
f 618 619 622
f 511 620 619
f 619 620 623
f 602 615 606
f 605 616 615
f 613 617 616
f 606 615 624
f 615 616 625
f 606 624 612
f 615 625 624
f 616 617 626
f 616 626 625
f 614 621 617
f 618 622 621
f 619 623 622
f 617 621 627
f 621 622 628
f 617 627 626
f 621 628 627
f 622 623 629
f 622 629 628
f 525 630 527
f 525 607 630
f 608 631 607
f 607 631 630
f 608 609 632
f 608 632 631
f 609 610 633
f 609 633 632
f 610 611 634
f 610 634 633
f 611 612 635
f 611 635 634
f 612 624 636
f 612 636 635
f 624 637 636
f 624 625 637
f 625 626 638
f 625 638 637
f 626 627 639
f 626 639 638
f 627 640 639
f 627 628 640
f 628 641 640
f 628 629 641
f 527 642 526
f 527 630 643
f 630 631 644
f 631 632 645
f 632 633 646
f 633 634 647
f 526 642 571
f 527 643 642
f 630 644 643
f 571 642 648
f 570 571 649
f 570 649 574
f 571 648 649
f 642 643 650
f 642 650 648
f 631 645 644
f 632 646 645
f 633 647 646
f 634 651 647
f 643 644 652
f 643 652 650
f 644 645 653
f 644 653 652
f 645 646 654
f 645 654 653
f 646 647 655
f 646 655 654
f 573 574 656
f 574 649 656
f 648 656 649
f 648 650 656
f 576 656 577
f 577 656 578
f 578 656 590
f 590 656 591
f 591 656 592
f 592 656 593
f 593 656 594
f 594 656 595
f 575 656 576
f 575 573 656
f 634 635 651
f 635 636 657
f 636 637 658
f 637 638 659
f 638 639 660
f 639 640 661
f 640 641 662
f 635 657 651
f 636 658 657
f 637 659 658
f 647 651 663
f 647 663 655
f 651 657 664
f 651 664 663
f 657 658 665
f 657 665 664
f 658 666 665
f 650 652 656
f 652 653 656
f 653 654 656
f 654 655 656
f 655 663 656
f 663 664 656
f 638 660 659
f 639 661 660
f 640 662 661
f 658 659 666
f 659 667 666
f 659 660 667
f 660 668 667
f 660 661 668
f 661 662 669
f 661 669 668
f 664 665 656
f 665 666 656
f 666 667 656
f 667 668 656
f 668 669 656
f 669 670 656
f 50 671 41
f 672 673 671
f 674 675 673
f 675 676 677
f 678 679 677
f 41 671 680
f 47 41 680
f 671 681 680
f 671 673 681
f 673 675 682
f 673 682 681
f 675 677 683
f 675 683 682
f 677 684 683
f 677 679 684
f 684 679 685
f 50 672 671
f 672 674 673
f 50 53 672
f 672 53 686
f 672 686 674
f 674 687 676
f 674 686 687
f 674 676 675
f 676 678 677
f 678 688 679
f 676 689 678
f 687 689 676
f 678 689 690
f 678 690 688
f 688 690 691
f 688 692 679
f 692 693 694
f 695 696 694
f 679 692 685
f 692 694 697
f 692 697 685
f 694 698 697
f 694 696 698
f 696 699 700
f 696 700 698
f 699 701 700
f 699 702 701
f 701 702 703
f 703 702 704
f 705 699 696
f 699 706 702
f 707 704 702
f 708 709 704
f 688 693 692
f 693 695 694
f 695 705 696
f 688 691 693
f 691 710 693
f 693 710 695
f 695 711 705
f 695 710 711
f 705 712 706
f 705 711 712
f 712 713 706
f 706 713 707
f 707 713 714
f 705 706 699
f 706 707 702
f 707 708 704
f 708 715 709
f 707 714 708
f 708 714 716
f 708 716 715
f 715 717 718
f 716 717 715
f 718 717 719
f 47 680 95
f 95 680 681
f 95 681 682
f 95 682 683
f 95 683 684
f 95 684 685
f 95 685 697
f 95 697 698
f 95 698 700
f 703 704 720
f 709 721 720
f 704 709 720
f 709 722 721
f 722 723 721
f 722 724 723
f 723 724 725
f 724 726 725
f 709 715 722
f 718 724 722
f 724 727 726
f 726 728 729
f 95 700 701
f 95 701 703
f 95 703 720
f 95 720 721
f 95 721 723
f 95 723 725
f 726 730 725
f 726 729 730
f 729 731 730
f 729 732 731
f 731 732 733
f 732 734 733
f 729 735 732
f 732 736 734
f 737 738 734
f 715 718 722
f 718 727 724
f 95 739 740
f 95 740 128
f 95 741 739
f 95 742 741
f 95 743 742
f 95 744 743
f 95 745 744
f 95 746 745
f 95 747 746
f 95 748 747
f 95 749 748
f 95 750 751
f 95 751 749
f 95 752 750
f 95 753 752
f 95 754 753
f 95 755 754
f 95 756 755
f 95 757 756
f 95 758 757
f 95 725 730
f 95 730 731
f 95 731 733
f 95 733 759
f 95 759 760
f 733 734 759
f 734 738 759
f 759 738 760
f 738 761 760
f 761 762 760
f 761 763 762
f 762 763 764
f 763 765 764
f 738 766 761
f 761 767 763
f 763 768 765
f 95 760 762
f 95 762 764
f 95 764 769
f 95 769 770
f 95 770 771
f 95 771 772
f 764 765 769
f 769 773 770
f 765 773 769
f 773 774 770
f 770 774 771
f 771 774 775
f 765 776 773
f 773 777 774
f 774 778 775
f 774 777 778
f 775 778 779
f 726 727 728
f 718 719 727
f 727 780 728
f 727 719 780
f 728 781 735
f 728 780 781
f 781 782 735
f 728 735 729
f 732 735 736
f 736 737 734
f 737 766 738
f 782 736 735
f 736 783 737
f 782 783 736
f 737 784 766
f 737 783 784
f 766 784 785
f 761 766 767
f 767 768 763
f 765 768 776
f 766 785 767
f 767 786 768
f 767 785 786
f 768 787 776
f 786 787 768
f 776 787 788
f 776 777 773
f 776 788 777
f 777 789 778
f 777 788 789
f 778 790 779
f 778 789 790
f 779 790 791
f 53 198 686
f 198 792 686
f 686 792 687
f 687 793 689
f 792 793 687
f 198 204 792
f 792 794 793
f 793 795 796
f 689 796 690
f 793 796 689
f 690 797 691
f 796 797 690
f 797 798 691
f 796 799 797
f 797 800 798
f 792 204 794
f 204 206 794
f 794 795 793
f 794 801 795
f 795 802 799
f 794 206 801
f 795 801 802
f 795 799 796
f 799 803 800
f 799 800 797
f 798 800 804
f 800 805 804
f 799 802 803
f 800 803 805
f 804 805 806
f 691 798 710
f 798 807 710
f 710 807 711
f 807 808 711
f 798 804 807
f 807 809 808
f 808 712 711
f 808 810 712
f 810 713 712
f 713 811 714
f 810 811 713
f 811 812 714
f 714 813 814
f 714 815 813
f 714 812 815
f 808 816 810
f 810 817 811
f 811 818 819
f 811 820 818
f 811 819 812
f 811 821 820
f 811 822 821
f 804 809 807
f 804 806 809
f 809 816 808
f 809 823 816
f 806 823 809
f 816 823 824
f 810 816 817
f 816 824 817
f 817 825 826
f 811 817 822
f 817 826 827
f 817 827 822
f 825 828 826
f 817 824 825
f 825 829 830
f 825 831 829
f 825 832 831
f 825 830 828
f 206 246 801
f 801 246 833
f 801 833 802
f 833 834 802
f 246 248 833
f 248 835 833
f 833 835 834
f 835 836 834
f 802 834 803
f 803 837 805
f 834 837 803
f 805 838 806
f 837 838 805
f 834 836 837
f 837 839 838
f 836 839 837
f 838 840 841
f 839 840 838
f 248 255 835
f 835 842 836
f 835 255 842
f 255 405 842
f 836 842 843
f 842 844 843
f 836 843 839
f 839 845 840
f 840 846 847
f 843 845 839
f 843 848 845
f 845 849 846
f 840 845 846
f 846 850 851
f 806 841 823
f 806 838 841
f 841 852 823
f 823 852 824
f 852 853 824
f 841 847 852
f 840 847 841
f 847 854 852
f 852 854 853
f 854 855 853
f 824 853 825
f 825 856 832
f 853 856 825
f 856 857 832
f 856 858 857
f 856 859 858
f 856 860 859
f 860 861 859
f 860 862 861
f 853 855 856
f 855 863 856
f 856 863 860
f 863 864 860
f 860 865 862
f 860 864 865
f 864 866 865
f 864 867 866
f 864 868 867
f 847 851 854
f 854 869 855
f 847 846 851
f 851 869 854
f 851 870 869
f 855 869 871
f 869 872 871
f 855 871 863
f 863 873 864
f 864 874 868
f 864 875 874
f 864 876 875
f 864 877 876
f 871 873 863
f 871 878 873
f 864 873 877
f 873 879 877
f 877 880 876
f 877 881 880
f 714 814 716
f 716 814 882
f 716 882 883
f 716 883 884
f 716 885 717
f 716 884 886
f 716 886 885
f 887 717 885
f 717 888 719
f 717 887 889
f 717 889 890
f 717 890 888
f 719 888 891
f 719 891 892
f 719 892 893
f 719 893 894
f 880 895 876
f 880 896 895
f 880 897 896
f 880 898 897
f 880 899 898
f 898 900 897
f 898 901 900
f 898 902 901
f 898 903 902
f 904 905 903
f 898 904 903
f 898 906 904
f 904 907 905
f 907 908 905
f 907 909 908
f 907 910 909
f 907 911 910
f 904 912 907
f 907 913 911
f 719 914 780
f 719 894 914
f 780 914 915
f 780 915 916
f 780 916 917
f 780 917 918
f 780 918 781
f 781 918 919
f 781 919 920
f 781 921 782
f 781 920 922
f 781 922 921
f 782 921 923
f 782 923 924
f 782 924 925
f 782 925 783
f 783 925 926
f 783 926 927
f 783 927 928
f 783 929 784
f 783 928 929
f 784 929 930
f 784 930 931
f 784 932 785
f 784 931 932
f 932 933 785
f 932 931 934
f 932 934 935
f 932 935 933
f 933 935 936
f 933 936 937
f 933 938 939
f 933 937 938
f 938 937 940
f 938 940 941
f 938 941 942
f 938 942 943
f 938 943 944
f 938 945 946
f 938 944 945
f 945 944 947
f 945 947 948
f 945 948 949
f 785 933 786
f 786 939 787
f 933 939 786
f 939 950 787
f 787 950 788
f 950 951 788
f 939 946 950
f 950 952 951
f 788 951 789
f 789 953 790
f 951 953 789
f 790 953 954
f 790 954 791
f 954 955 791
f 951 956 953
f 957 954 953
f 954 958 955
f 939 938 946
f 946 952 950
f 946 959 952
f 951 952 956
f 952 960 956
f 946 945 959
f 952 959 960
f 956 960 961
f 956 957 953
f 957 958 954
f 956 961 957
f 957 962 958
f 955 958 963
f 958 964 963
f 957 961 962
f 958 962 964
f 963 964 965
f 945 949 966
f 945 966 959
f 966 949 967
f 966 967 968
f 969 970 971
f 966 968 972
f 966 972 970
f 966 973 974
f 969 966 970
f 969 973 966
f 975 976 977
f 975 978 976
f 975 979 978
f 911 980 910
f 911 981 980
f 982 983 981
f 982 984 983
f 911 982 981
f 911 985 982
f 982 977 984
f 982 975 977
f 982 986 975
f 975 987 988
f 969 971 989
f 969 989 990
f 988 990 979
f 969 990 988
f 969 991 973
f 973 992 993
f 975 988 979
f 969 988 991
f 988 994 991
f 973 991 992
f 991 995 992
f 992 996 997
f 959 974 960
f 959 966 974
f 974 998 960
f 960 998 961
f 961 998 999
f 974 993 998
f 973 993 974
f 993 1000 998
f 998 1000 999
f 1000 1001 999
f 961 999 962
f 962 1002 964
f 962 999 1002
f 1002 1003 964
f 964 1003 965
f 965 1003 1004
f 999 1001 1002
f 1002 1005 1003
f 1002 1001 1005
f 1005 1006 1003
f 1003 1006 1004
f 1006 1007 1004
f 993 997 1000
f 1000 1008 1001
f 993 992 997
f 997 1008 1000
f 997 1009 1008
f 1001 1008 1010
f 1008 1011 1010
f 1001 1010 1005
f 1005 1012 1006
f 1006 1013 1007
f 1005 1010 1012
f 1006 1012 1013
f 1010 1014 1012
f 1012 1015 1013
f 1007 1013 1016
f 1013 1017 1016
f 842 405 844
f 844 848 843
f 407 844 405
f 407 1018 844
f 844 1018 848
f 848 1018 1019
f 848 849 845
f 849 850 846
f 848 1019 849
f 849 1020 850
f 849 1019 1020
f 850 1021 870
f 850 1020 1021
f 407 413 1018
f 413 1022 1018
f 1018 1022 1019
f 1022 1023 1019
f 413 434 1022
f 1022 1024 1023
f 1019 1023 1020
f 1020 1025 1021
f 1023 1025 1020
f 1021 1026 1027
f 1025 1026 1021
f 1023 1028 1025
f 1025 1029 1026
f 1026 1030 1031
f 851 850 870
f 870 872 869
f 872 878 871
f 870 1027 872
f 870 1021 1027
f 872 1027 1032
f 872 1032 878
f 878 1032 1033
f 878 879 873
f 877 879 881
f 881 899 880
f 878 1033 879
f 879 1033 1034
f 879 1034 881
f 881 1034 1035
f 881 1035 899
f 899 1035 1036
f 1027 1031 1032
f 1026 1031 1027
f 1031 1037 1032
f 1032 1037 1033
f 1037 1038 1033
f 1031 1039 1037
f 1037 1040 1038
f 1033 1038 1034
f 1038 1041 1034
f 1034 1041 1035
f 1041 1042 1035
f 1035 1042 1036
f 1042 1043 1036
f 1038 1044 1041
f 1041 1045 1042
f 1042 1046 1043
f 434 1024 1022
f 434 436 1024
f 1024 1028 1023
f 1024 1047 1028
f 436 1047 1024
f 1028 1047 1048
f 1028 1029 1025
f 1028 1048 1029
f 1029 1049 1030
f 1029 1030 1026
f 1030 1050 1039
f 1048 1049 1029
f 1030 1049 1050
f 436 443 1047
f 443 1051 1047
f 1047 1051 1048
f 1051 1052 1048
f 443 446 1051
f 446 1053 1051
f 1051 1053 1052
f 1052 1054 1055
f 1053 1054 1052
f 1048 1052 1049
f 1049 1055 1050
f 1052 1055 1049
f 1050 1056 1057
f 1055 1056 1050
f 1055 1058 1056
f 1054 1058 1055
f 1056 1059 1060
f 1058 1059 1056
f 1060 1059 1061
f 1031 1030 1039
f 1039 1040 1037
f 1039 1057 1040
f 1040 1044 1038
f 1040 1062 1044
f 1039 1050 1057
f 1057 1062 1040
f 1044 1062 1063
f 1044 1045 1041
f 1044 1063 1045
f 1042 1045 1046
f 1045 1064 1046
f 1046 1065 1043
f 1046 1066 1065
f 1063 1064 1045
f 1046 1064 1066
f 1065 1066 1067
f 1057 1060 1062
f 1056 1060 1057
f 1060 1068 1062
f 1062 1068 1063
f 1068 1069 1063
f 1060 1061 1068
f 1061 1070 1068
f 1068 1070 1069
f 1070 1071 1069
f 1063 1069 1064
f 1064 1072 1066
f 1069 1072 1064
f 1072 1073 1066
f 1066 1073 1067
f 1073 1074 1067
f 1069 1071 1072
f 1072 1075 1073
f 1071 1075 1072
f 1073 1076 1074
f 1073 1075 1076
f 1076 1077 1074
f 899 906 898
f 899 1036 906
f 906 1036 1078
f 904 906 912
f 912 913 907
f 911 913 985
f 906 1078 912
f 912 1078 1079
f 912 1079 913
f 913 1080 985
f 913 1079 1080
f 985 1080 1081
f 1036 1043 1078
f 1043 1082 1078
f 1043 1065 1082
f 1078 1082 1079
f 1082 1083 1079
f 1079 1083 1080
f 1080 1084 1081
f 1083 1084 1080
f 1084 1085 1081
f 1082 1086 1083
f 1083 1087 1084
f 1084 1088 1085
f 1065 1086 1082
f 1065 1067 1086
f 1086 1067 1089
f 1083 1086 1087
f 1086 1089 1087
f 1087 1088 1084
f 1085 1088 1090
f 1087 1091 1088
f 1088 1092 1090
f 1087 1089 1091
f 1091 1092 1088
f 1090 1092 1093
f 1067 1074 1089
f 1074 1094 1089
f 1074 1077 1094
f 1089 1094 1091
f 1094 1095 1091
f 1091 1095 1092
f 1092 1096 1093
f 1095 1096 1092
f 1094 1097 1095
f 1094 1077 1097
f 1095 1097 1098
f 1095 1098 1096
f 1096 1099 1100
f 1098 1099 1096
f 985 986 982
f 975 986 987
f 985 1081 986
f 986 1081 1101
f 986 1101 987
f 987 1102 994
f 987 1101 1102
f 987 994 988
f 991 994 995
f 995 996 992
f 994 1103 995
f 994 1102 1103
f 995 1103 1104
f 995 1104 996
f 996 1105 1009
f 996 1104 1105
f 1081 1085 1101
f 1085 1106 1101
f 1101 1106 1102
f 1102 1107 1103
f 1106 1107 1102
f 1085 1090 1106
f 1106 1108 1107
f 1107 1109 1110
f 1103 1110 1104
f 1107 1110 1103
f 1110 1111 1104
f 1104 1111 1105
f 1105 1112 1113
f 1111 1112 1105
f 1110 1114 1111
f 1111 1115 1112
f 1112 1116 1117
f 997 996 1009
f 1009 1011 1008
f 1010 1011 1014
f 1009 1113 1011
f 1009 1105 1113
f 1011 1113 1118
f 1011 1118 1014
f 1014 1118 1119
f 1012 1014 1015
f 1015 1017 1013
f 1016 1017 1120
f 1014 1119 1015
f 1015 1121 1017
f 1015 1119 1121
f 1017 1121 1122
f 1017 1122 1120
f 1120 1122 1123
f 1113 1117 1118
f 1112 1117 1113
f 1117 1124 1118
f 1118 1124 1119
f 1124 1125 1119
f 1117 1126 1124
f 1124 1127 1125
f 1119 1125 1121
f 1121 1128 1122
f 1121 1125 1128
f 1128 1129 1122
f 1122 1129 1123
f 1129 1130 1123
f 1125 1131 1128
f 1128 1132 1129
f 1129 1133 1130
f 1090 1108 1106
f 1090 1093 1108
f 1107 1108 1109
f 1108 1134 1109
f 1109 1135 1114
f 1108 1093 1134
f 1109 1134 1135
f 1109 1114 1110
f 1111 1114 1115
f 1114 1136 1115
f 1115 1116 1112
f 1115 1137 1116
f 1116 1138 1126
f 1135 1136 1114
f 1115 1136 1137
f 1116 1137 1138
f 1093 1100 1134
f 1096 1100 1093
f 1100 1139 1134
f 1134 1139 1135
f 1135 1140 1136
f 1139 1140 1135
f 1100 1141 1139
f 1100 1099 1141
f 1141 1142 1139
f 1139 1142 1140
f 1140 1143 1144
f 1140 1142 1143
f 1136 1144 1137
f 1140 1144 1136
f 1144 1145 1137
f 1137 1145 1138
f 1138 1146 1147
f 1145 1146 1138
f 1144 1148 1145
f 1143 1148 1144
f 1145 1148 1149
f 1145 1149 1146
f 1146 1150 1151
f 1149 1150 1146
f 1117 1116 1126
f 1126 1127 1124
f 1126 1147 1127
f 1125 1127 1131
f 1127 1152 1131
f 1126 1138 1147
f 1147 1152 1127
f 1131 1152 1153
f 1128 1131 1132
f 1132 1133 1129
f 1131 1153 1132
f 1132 1154 1133
f 1130 1133 1155
f 1133 1156 1155
f 1132 1153 1154
f 1133 1154 1156
f 1155 1156 1157
f 1147 1151 1152
f 1146 1151 1147
f 1151 1158 1152
f 1152 1158 1153
f 1158 1159 1153
f 1151 1160 1158
f 1151 1150 1160
f 1160 1161 1158
f 1158 1161 1159
f 1159 1161 1162
f 1153 1159 1154
f 1154 1163 1156
f 1154 1159 1163
f 1163 1164 1156
f 1156 1164 1157
f 1164 1165 1157
f 1159 1162 1163
f 1163 1166 1164
f 1163 1162 1166
f 1166 1167 1164
f 1164 1167 1165
f 1165 1167 1168
f 446 551 1053
f 1053 1169 1054
f 1054 1170 1058
f 551 1169 1053
f 551 555 1169
f 1054 1169 1170
f 1169 1171 1170
f 1170 1172 1173
f 1058 1173 1059
f 1059 1174 1061
f 1058 1170 1173
f 1173 1175 1174
f 1059 1173 1174
f 1061 1174 1176
f 1177 1176 1174
f 555 1171 1169
f 1171 1172 1170
f 555 558 1171
f 558 1178 1171
f 1171 1178 1172
f 1172 1179 1175
f 1178 1179 1172
f 1172 1175 1173
f 1175 1177 1174
f 1177 1180 1176
f 1175 1181 1177
f 1179 1181 1175
f 1177 1182 1180
f 1181 1182 1177
f 1182 1183 1180
f 1061 1176 1070
f 1070 1184 1071
f 1176 1184 1070
f 1176 1180 1184
f 1071 1184 1185
f 1184 1186 1185
f 1071 1185 1075
f 1075 1187 1076
f 1076 1188 1077
f 1075 1185 1187
f 1185 1189 1187
f 1187 1190 1188
f 1076 1187 1188
f 1077 1188 1191
f 1188 1192 1191
f 1180 1186 1184
f 1186 1189 1185
f 1180 1183 1186
f 1183 1193 1186
f 1186 1193 1189
f 1193 1194 1189
f 1187 1189 1190
f 1190 1192 1188
f 1192 1195 1191
f 1189 1194 1190
f 1190 1196 1192
f 1194 1196 1190
f 1196 1197 1192
f 1192 1197 1195
f 1197 1198 1195
f 1198 1199 1195
f 558 586 1178
f 1178 1200 1179
f 1179 1201 1181
f 1178 586 1200
f 1179 1200 1201
f 589 1200 586
f 1200 1202 1201
f 1201 1203 1204
f 1181 1204 1182
f 1182 1205 1183
f 1201 1204 1181
f 1182 1204 1205
f 1183 1205 1206
f 1207 1205 1204
f 1205 1208 1206
f 589 1202 1200
f 1201 1202 1203
f 1203 1207 1204
f 1207 1208 1205
f 1206 1208 1209
f 589 595 1202
f 1202 1210 1203
f 1202 595 1210
f 1203 1211 1207
f 1210 1211 1203
f 1207 1211 1212
f 1207 1212 1208
f 1212 1213 1208
f 1208 1213 1209
f 1214 1215 1209
f 1213 1214 1209
f 1214 1216 1215
f 1183 1206 1193
f 1206 1217 1193
f 1193 1217 1194
f 1194 1217 1218
f 1194 1218 1196
f 1196 1218 1219
f 1206 1209 1217
f 1215 1218 1217
f 1196 1219 1197
f 1219 1220 1197
f 1218 1221 1219
f 1220 1198 1197
f 1220 1222 1198
f 1198 1222 1223
f 1223 1222 1224
f 1225 1224 1226
f 1219 1227 1220
f 1220 1228 1222
f 1222 1229 1224
f 1224 1230 1226
f 1209 1215 1217
f 1215 1221 1218
f 1221 1227 1219
f 1215 1216 1221
f 1216 1231 1221
f 1221 1231 1227
f 1227 1232 1228
f 1227 1231 1232
f 1228 1232 1233
f 1220 1227 1228
f 1228 1229 1222
f 1229 1230 1224
f 1226 1230 1234
f 1228 1233 1229
f 1233 1235 1229
f 1229 1235 1230
f 1077 1191 1097
f 1191 1195 1236
f 1097 1236 1098
f 1098 1237 1099
f 1099 1238 1141
f 1097 1191 1236
f 1098 1236 1237
f 1236 1199 1237
f 1099 1237 1238
f 1237 1239 1238
f 1238 1240 1241
f 1236 1195 1199
f 1237 1199 1239
f 1239 1240 1238
f 1199 1223 1239
f 1198 1223 1199
f 1239 1225 1240
f 1223 1225 1239
f 1225 1242 1240
f 1223 1224 1225
f 1225 1226 1242
f 656 1210 595
f 656 1211 1210
f 656 1212 1211
f 656 1213 1212
f 656 1214 1213
f 656 1216 1214
f 656 1231 1216
f 656 1232 1231
f 656 1233 1232
f 656 1235 1233
f 1242 1226 1243
f 1226 1234 1243
f 1243 1244 1245
f 1246 1247 1245
f 1247 1248 1249
f 1250 1251 1249
f 1252 1253 1251
f 1253 1254 1255
f 1234 1244 1243
f 1244 1246 1245
f 1246 1248 1247
f 1256 1234 1230
f 1235 1256 1230
f 1256 1257 1234
f 1257 1244 1234
f 1257 1258 1244
f 1258 1259 1246
f 1244 1258 1246
f 1259 1248 1246
f 656 1256 1235
f 656 1257 1256
f 656 1258 1257
f 656 1259 1258
f 1248 1250 1249
f 1250 1252 1251
f 1252 1254 1253
f 1260 1250 1248
f 1259 1260 1248
f 1260 1261 1250
f 1250 1261 1252
f 1261 1262 1252
f 1252 1262 1254
f 1262 1263 1254
f 1264 1265 1255
f 1266 1267 1265
f 1268 1269 1267
f 1270 1271 1269
f 1272 1273 1271
f 1274 1275 1273
f 656 1260 1259
f 656 1261 1260
f 656 1262 1261
f 656 1263 1262
f 656 1276 1263
f 656 1277 1276
f 1254 1264 1255
f 1264 1266 1265
f 1266 1268 1267
f 1268 1270 1269
f 1263 1264 1254
f 1263 1276 1264
f 1276 1266 1264
f 1276 1277 1266
f 1266 1277 1268
f 1278 1270 1268
f 1277 1278 1268
f 656 1278 1277
f 656 1279 1278
f 656 1280 1279
f 656 1281 1280
f 656 1282 1281
f 656 1283 1282
f 1270 1272 1271
f 1272 1274 1273
f 1284 1275 1274
f 1279 1272 1270
f 1278 1279 1270
f 1280 1274 1272
f 1279 1280 1272
f 1280 1281 1274
f 1284 1281 1282
f 1284 1274 1281
f 1141 1241 1142
f 1142 1285 1143
f 1143 1286 1148
f 1141 1238 1241
f 1142 1241 1285
f 1241 1287 1285
f 1143 1285 1286
f 1285 1288 1286
f 1286 1289 1290
f 1148 1290 1149
f 1149 1291 1150
f 1150 1292 1160
f 1286 1290 1148
f 1149 1290 1291
f 1290 1293 1291
f 1150 1291 1292
f 1291 1294 1292
f 1241 1240 1287
f 1287 1288 1285
f 1286 1288 1289
f 1240 1242 1287
f 1287 1295 1288
f 1242 1295 1287
f 1288 1296 1289
f 1295 1296 1288
f 1296 1297 1289
f 1289 1293 1290
f 1291 1293 1294
f 1294 1298 1292
f 1289 1297 1293
f 1293 1299 1294
f 1297 1299 1293
f 1294 1300 1298
f 1299 1300 1294
f 1300 1301 1298
f 1160 1302 1161
f 1161 1303 1162
f 1160 1292 1302
f 1161 1302 1303
f 1292 1298 1302
f 1302 1304 1303
f 1162 1303 1305
f 1303 1306 1305
f 1162 1305 1166
f 1166 1307 1167
f 1167 1308 1168
f 1166 1305 1307
f 1167 1307 1308
f 1305 1309 1307
f 1307 1310 1308
f 1168 1308 1311
f 1308 1312 1311
f 1302 1298 1304
f 1304 1306 1303
f 1305 1306 1309
f 1298 1301 1304
f 1304 1313 1306
f 1301 1313 1304
f 1306 1314 1309
f 1313 1314 1306
f 1314 1315 1309
f 1307 1309 1310
f 1308 1310 1312
f 1311 1312 1316
f 1309 1315 1310
f 1310 1317 1312
f 1315 1317 1310
f 1318 1316 1312
f 1318 1312 1317
f 1318 1319 1316
f 1242 1243 1295
f 1295 1245 1296
f 1295 1243 1245
f 1296 1245 1247
f 1296 1247 1297
f 1297 1247 1249
f 1297 1249 1299
f 1299 1251 1300
f 1299 1249 1251
f 1300 1251 1253
f 1300 1253 1301
f 1301 1253 1255
f 1301 1255 1313
f 1313 1265 1314
f 1313 1255 1265
f 1265 1267 1314
f 1314 1267 1315
f 1315 1267 1269
f 1315 1269 1317
f 1317 1269 1271
f 1318 1317 1271
f 1318 1273 1319
f 1318 1271 1273
f 1319 1273 1275
f 84 1320 1321
f 1320 1322 1323
f 84 1321 85
f 1320 1323 1321
f 1322 1324 1325
f 1322 1325 1323
f 1324 1326 1325
f 1327 1328 1326
f 104 105 1329
f 1329 106 1330
f 105 106 1329
f 106 1331 1330
f 1330 1331 1332
f 1332 1333 1334
f 1332 1331 1333
f 1334 1333 1335
f 104 1329 1320
f 1322 1329 1330
f 1330 1332 1324
f 106 108 1336
f 106 1336 1331
f 1331 1336 1337
f 1331 1337 1333
f 1333 1338 1335
f 1333 1337 1338
f 1335 1338 1339
f 1340 1339 1341
f 1334 1335 1342
f 1342 1335 1340
f 1342 1340 1343
f 1340 1344 1343
f 1343 1344 1345
f 1345 1344 1346
f 1332 1334 1327
f 1334 1342 1347
f 1342 1343 1348
f 1343 1345 1349
f 1335 1339 1340
f 1340 1341 1344
f 1344 1350 1346
f 1344 1341 1350
f 1346 1350 1351
f 1346 1351 1352
f 1352 1353 1354
f 1352 1351 1353
f 1354 1353 1355
f 1356 1355 1357
f 84 104 1320
f 1320 1329 1322
f 1322 1330 1324
f 1324 1332 1327
f 1334 1347 1327
f 1342 1348 1347
f 1343 1349 1348
f 1324 1327 1326
f 1327 1347 1328
f 1347 1348 1358
f 1347 1358 1328
f 95 108 106
f 1345 1346 1359
f 1359 1346 1352
f 1352 1354 1360
f 1359 1352 1360
f 1354 1356 1361
f 1354 1361 1360
f 1361 1356 1362
f 1345 1359 1363
f 1359 1360 1364
f 1360 1361 1365
f 1354 1355 1356
f 1356 1357 1366
f 1366 1357 1367
f 1368 1367 1369
f 1356 1366 1362
f 1366 1367 1368
f 1368 1369 1370
f 1366 1371 1362
f 1361 1362 1372
f 1362 1371 1373
f 1371 1374 1375
f 1366 1368 1371
f 1368 1370 1374
f 1371 1368 1374
f 1370 1376 1377
f 1377 1378 1379
f 1370 1380 1374
f 1370 1377 1380
f 1377 1379 1381
f 1345 1363 1349
f 1359 1364 1363
f 1364 1360 1365
f 1348 1349 1382
f 1349 1363 1383
f 1348 1382 1358
f 1349 1383 1382
f 1363 1364 1384
f 1363 1384 1383
f 1383 1384 1385
f 1384 1386 1385
f 1384 1387 1386
f 1384 1388 1387
f 1361 1372 1365
f 1372 1362 1373
f 1371 1375 1373
f 1364 1365 1389
f 1364 1389 1384
f 1384 1389 1388
f 1389 1390 1388
f 1365 1391 1389
f 1389 1391 1392
f 1365 1372 1391
f 1372 1373 1393
f 1372 1393 1391
f 1393 1373 1394
f 1370 1369 1376
f 1377 1376 1378
f 1379 1378 1395
f 1396 1395 1397
f 1398 1397 1399
f 1400 1399 1401
f 1379 1395 1396
f 1396 1397 1398
f 1398 1399 1400
f 1400 1401 1402
f 1402 1401 1403
f 1403 1401 1404
f 1405 1404 1406
f 1405 1406 1407
f 1408 1407 1409
f 1403 1404 1405
f 1405 1407 1408
f 1408 1409 1410
f 1377 1381 1380
f 1379 1396 1411
f 1379 1411 1381
f 1411 1396 1412
f 1396 1398 1412
f 1374 1380 1413
f 1380 1381 1414
f 1381 1411 1415
f 1411 1412 1416
f 1374 1413 1375
f 1373 1375 1394
f 1375 1413 1417
f 1375 1417 1394
f 1413 1418 1417
f 1380 1414 1413
f 1381 1415 1414
f 1411 1416 1415
f 1413 1414 1418
f 1414 1415 1419
f 1414 1419 1418
f 1416 1412 1420
f 1415 1421 1419
f 1415 1416 1421
f 1416 1420 1422
f 1416 1422 1421
f 1398 1400 1423
f 1398 1423 1412
f 1400 1424 1423
f 1400 1402 1424
f 1402 1403 1425
f 1402 1425 1424
f 1412 1423 1420
f 1403 1405 1426
f 1403 1426 1425
f 1405 1427 1426
f 1405 1408 1427
f 1408 1410 1428
f 1408 1428 1427
f 1423 1424 1429
f 1424 1425 1430
f 1425 1426 1431
f 1426 1427 1432
f 1427 1428 1433
f 1423 1429 1420
f 1424 1430 1429
f 1430 1425 1431
f 1420 1429 1434
f 1420 1434 1422
f 1429 1430 1435
f 1429 1435 1434
f 1430 1436 1435
f 1426 1432 1431
f 1427 1433 1432
f 1430 1431 1436
f 1431 1432 1437
f 1431 1437 1436
f 1432 1433 1438
f 1432 1438 1437
f 85 1321 1439
f 85 1439 291
f 1439 1321 1440
f 1321 1323 1440
f 1323 1325 1441
f 1440 1323 1441
f 291 1439 1442
f 1439 1440 1443
f 1440 1441 1444
f 1325 1326 1445
f 1441 1325 1445
f 1326 1446 1445
f 1326 1328 1446
f 1328 1358 1447
f 1328 1447 1446
f 1358 1448 1447
f 1441 1445 1449
f 1446 1447 1450
f 1446 1450 1451
f 1446 1451 1452
f 1445 1446 1453
f 1446 1454 1453
f 1446 1452 1454
f 291 1442 294
f 1439 1443 1442
f 294 1442 1455
f 1440 1444 1443
f 1442 1443 1456
f 1443 1444 1457
f 294 1455 299
f 1442 1456 1455
f 1443 1457 1456
f 1441 1449 1444
f 1445 1453 1449
f 1444 1449 1458
f 1453 1454 1459
f 1449 1453 1460
f 1453 1459 1461
f 1453 1461 1462
f 1444 1458 1457
f 1449 1460 1458
f 1453 1462 1460
f 1460 1462 1463
f 1460 1463 1464
f 1460 1464 1465
f 1447 1448 1466
f 1447 1466 1450
f 299 1455 1467
f 299 1467 341
f 1455 1468 1467
f 1455 1456 1468
f 1456 1457 1469
f 1456 1469 1468
f 341 1467 1470
f 341 1470 344
f 1467 1471 1470
f 1467 1468 1471
f 1468 1469 1472
f 1468 1472 1471
f 1457 1458 1473
f 1457 1473 1469
f 1458 1474 1473
f 1458 1460 1474
f 1460 1465 1475
f 1460 1475 1474
f 1474 1475 1476
f 1469 1473 1477
f 1469 1477 1472
f 1473 1478 1477
f 1473 1474 1478
f 1474 1476 1479
f 1474 1479 1480
f 1474 1480 1481
f 1474 1481 1478
f 344 1470 1482
f 1470 1471 1483
f 1471 1472 1484
f 344 1482 352
f 1470 1483 1482
f 352 1482 1485
f 1471 1484 1483
f 1482 1483 1486
f 1483 1484 1487
f 1472 1477 1488
f 1477 1478 1489
f 1478 1481 1490
f 1472 1488 1484
f 1477 1489 1488
f 1484 1488 1491
f 1478 1490 1489
f 1488 1489 1492
f 1489 1490 1493
f 1481 1480 1494
f 1481 1494 1495
f 1481 1495 1496
f 1481 1496 1497
f 1481 1497 1498
f 1481 1498 1490
f 1498 1497 1499
f 1490 1498 1500
f 1358 1382 1501
f 1358 1501 1502
f 1358 1502 1503
f 1382 1504 1505
f 1382 1383 1504
f 1383 1506 1504
f 1382 1505 1501
f 1358 1503 1448
f 1383 1507 1506
f 1383 1508 1509
f 1383 1510 1508
f 1383 1509 1507
f 1383 1385 1510
f 1389 1511 1390
f 1389 1392 1511
f 1391 1512 1392
f 1391 1513 1512
f 1391 1514 1513
f 1391 1515 1514
f 1391 1516 1515
f 1391 1393 1516
f 1393 1517 1516
f 1393 1518 1519
f 1393 1519 1517
f 1393 1520 1518
f 1393 1521 1520
f 1498 1499 1522
f 1523 1522 1524
f 1498 1522 1523
f 1523 1524 1525
f 1523 1525 1526
f 1523 1526 1527
f 1498 1523 1528
f 1523 1527 1529
f 1527 1526 1530
f 1527 1530 1531
f 1532 1531 1533
f 1527 1531 1532
f 1532 1533 1534
f 1532 1534 1535
f 1527 1532 1536
f 1537 1535 1538
f 1532 1535 1537
f 1537 1538 1539
f 1537 1539 1540
f 1532 1537 1541
f 1537 1540 1542
f 1393 1394 1521
f 1394 1543 1521
f 1394 1544 1543
f 1394 1545 1544
f 1394 1546 1545
f 1394 1417 1546
f 1417 1547 1546
f 1417 1548 1547
f 1417 1418 1549
f 1417 1550 1548
f 1417 1551 1550
f 1417 1549 1551
f 1549 1552 1551
f 1549 1553 1552
f 1549 1554 1553
f 1549 1555 1554
f 1549 1556 1555
f 1418 1419 1557
f 1419 1421 1558
f 1418 1557 1549
f 1419 1558 1557
f 1421 1422 1559
f 1421 1559 1558
f 1549 1557 1560
f 1557 1558 1561
f 1558 1559 1562
f 1556 1563 1555
f 1556 1564 1563
f 1556 1565 1564
f 1556 1566 1565
f 1556 1567 1566
f 1556 1568 1567
f 1568 1569 1567
f 1568 1570 1569
f 1549 1560 1556
f 1560 1557 1561
f 1556 1560 1571
f 1560 1561 1572
f 1558 1562 1561
f 1561 1562 1573
f 1556 1571 1568
f 1560 1572 1571
f 1561 1573 1572
f 1422 1434 1574
f 1422 1574 1559
f 1574 1434 1575
f 1434 1435 1575
f 1435 1576 1575
f 1559 1574 1577
f 1574 1575 1578
f 1435 1436 1576
f 1436 1437 1579
f 1576 1436 1579
f 1437 1438 1580
f 1437 1580 1579
f 1575 1576 1581
f 1576 1579 1582
f 1579 1580 1583
f 1559 1577 1562
f 1574 1578 1577
f 1562 1577 1584
f 1575 1581 1578
f 1577 1578 1585
f 1562 1584 1573
f 1577 1585 1584
f 1578 1586 1585
f 1576 1582 1581
f 1578 1581 1586
f 1581 1582 1587
f 1579 1583 1582
f 1582 1583 1588
f 1581 1587 1586
f 1582 1588 1587
f 1589 1590 1591
f 1589 1592 1590
f 1593 1594 1592
f 1568 1589 1570
f 1589 1595 1570
f 1568 1596 1589
f 1589 1591 1595
f 1589 1593 1592
f 1589 1597 1593
f 1568 1571 1596
f 1571 1572 1598
f 1571 1598 1596
f 1572 1573 1599
f 1572 1599 1598
f 1589 1596 1597
f 1596 1598 1600
f 1596 1600 1597
f 1598 1599 1601
f 1598 1601 1600
f 1593 1602 1594
f 1603 1604 1605
f 1603 1606 1607
f 1603 1607 1604
f 1608 1609 1602
f 1608 1605 1609
f 1593 1608 1602
f 1540 1539 1610
f 1540 1610 1611
f 1540 1611 1612
f 1612 1613 1614
f 1612 1611 1613
f 1612 1614 1606
f 1540 1612 1615
f 1612 1606 1603
f 1603 1605 1608
f 1612 1603 1616
f 1603 1608 1617
f 1593 1618 1608
f 1593 1597 1618
f 1597 1600 1619
f 1600 1601 1620
f 1597 1619 1618
f 1608 1618 1621
f 1618 1619 1622
f 1600 1620 1619
f 1619 1620 1623
f 1573 1584 1624
f 1573 1624 1599
f 1584 1625 1624
f 1584 1585 1625
f 1585 1626 1625
f 1599 1624 1627
f 1599 1627 1601
f 1624 1628 1627
f 1624 1625 1628
f 1625 1629 1628
f 1585 1586 1626
f 1586 1587 1630
f 1586 1630 1626
f 1587 1588 1631
f 1587 1631 1630
f 1625 1626 1629
f 1626 1630 1632
f 1626 1632 1629
f 1630 1631 1633
f 1630 1633 1632
f 1601 1627 1634
f 1627 1628 1635
f 1601 1634 1620
f 1627 1635 1634
f 1620 1634 1636
f 1628 1637 1635
f 1634 1635 1638
f 1628 1629 1637
f 1629 1632 1639
f 1632 1633 1640
f 1629 1639 1637
f 1635 1637 1641
f 1637 1639 1642
f 1632 1640 1639
f 1639 1640 1643
f 352 1485 355
f 1482 1486 1485
f 1483 1487 1486
f 355 1485 1644
f 355 1644 468
f 1485 1645 1644
f 1485 1486 1645
f 1486 1487 1646
f 1486 1646 1645
f 1484 1491 1487
f 1488 1492 1491
f 1489 1493 1492
f 1487 1491 1647
f 1487 1647 1646
f 1491 1648 1647
f 1491 1492 1648
f 1492 1493 1649
f 1492 1649 1648
f 468 1644 1650
f 468 1650 476
f 1644 1651 1650
f 1644 1645 1651
f 1645 1646 1652
f 1645 1652 1651
f 476 1650 1653
f 1650 1651 1654
f 1651 1652 1655
f 1646 1647 1656
f 1646 1656 1652
f 1647 1657 1656
f 1647 1648 1657
f 1648 1649 1658
f 1648 1658 1657
f 1652 1656 1659
f 1656 1657 1660
f 1657 1658 1661
f 1490 1500 1493
f 1493 1500 1662
f 1493 1662 1649
f 1649 1662 1663
f 1649 1663 1658
f 1658 1663 1664
f 476 1653 479
f 1650 1654 1653
f 479 1653 1665
f 1651 1655 1654
f 1653 1654 1666
f 1654 1655 1667
f 479 1665 502
f 1653 1666 1665
f 1654 1667 1666
f 1652 1659 1655
f 1656 1660 1659
f 1655 1659 1668
f 1657 1661 1660
f 1659 1660 1669
f 1660 1661 1670
f 1655 1668 1667
f 1659 1669 1668
f 1660 1670 1669
f 502 1665 1671
f 502 1671 509
f 1665 1672 1671
f 1665 1666 1672
f 1666 1667 1673
f 1666 1673 1672
f 509 1671 1674
f 509 1674 512
f 1671 1675 1674
f 1671 1672 1675
f 1672 1673 1676
f 1672 1676 1675
f 1667 1668 1677
f 1667 1677 1673
f 1668 1678 1677
f 1668 1669 1678
f 1669 1670 1679
f 1669 1679 1678
f 1673 1677 1680
f 1673 1680 1676
f 1677 1681 1680
f 1677 1678 1681
f 1678 1679 1682
f 1678 1682 1681
f 1658 1664 1661
f 1661 1664 1683
f 1661 1683 1670
f 1670 1683 1684
f 1670 1684 1679
f 1679 1684 1685
f 1679 1685 1682
f 1498 1528 1500
f 1523 1529 1528
f 1500 1686 1662
f 1500 1528 1686
f 1528 1529 1687
f 1528 1687 1686
f 1527 1536 1529
f 1532 1541 1536
f 1537 1542 1541
f 1529 1536 1688
f 1529 1688 1687
f 1536 1541 1689
f 1541 1542 1690
f 1536 1689 1688
f 1541 1690 1689
f 1662 1691 1663
f 1662 1686 1691
f 1686 1687 1692
f 1686 1692 1691
f 1663 1691 1693
f 1691 1692 1694
f 1687 1688 1695
f 1687 1695 1692
f 1688 1689 1696
f 1689 1690 1697
f 1688 1696 1695
f 1689 1697 1696
f 1692 1695 1698
f 1695 1696 1699
f 1696 1697 1700
f 1663 1693 1664
f 1691 1694 1693
f 1664 1693 1701
f 1693 1694 1702
f 1664 1701 1683
f 1693 1702 1701
f 1692 1698 1694
f 1694 1698 1703
f 1695 1699 1698
f 1696 1700 1699
f 1698 1699 1704
f 1699 1700 1705
f 1694 1703 1702
f 1698 1704 1703
f 1699 1705 1704
f 1683 1706 1684
f 1683 1701 1706
f 1701 1702 1707
f 1701 1707 1706
f 1684 1708 1685
f 1684 1706 1708
f 1706 1707 1709
f 1706 1709 1708
f 1702 1703 1710
f 1702 1710 1707
f 1703 1704 1711
f 1704 1705 1712
f 1703 1711 1710
f 1704 1712 1711
f 1707 1710 1713
f 1707 1713 1709
f 1710 1714 1713
f 1710 1711 1714
f 1711 1712 1715
f 1711 1715 1714
f 1540 1615 1542
f 1612 1616 1615
f 1603 1617 1616
f 1542 1716 1690
f 1542 1615 1716
f 1615 1616 1717
f 1616 1617 1718
f 1615 1717 1716
f 1616 1718 1717
f 1608 1621 1617
f 1617 1719 1718
f 1618 1622 1621
f 1619 1623 1622
f 1617 1621 1719
f 1621 1622 1720
f 1621 1720 1719
f 1622 1623 1721
f 1622 1721 1720
f 1690 1722 1697
f 1690 1716 1722
f 1716 1717 1723
f 1717 1718 1724
f 1716 1723 1722
f 1717 1724 1723
f 1697 1722 1725
f 1722 1723 1726
f 1723 1724 1727
f 1718 1728 1724
f 1718 1719 1728
f 1719 1720 1729
f 1719 1729 1728
f 1720 1721 1730
f 1720 1730 1729
f 1724 1728 1731
f 1728 1729 1732
f 1729 1730 1733
f 1620 1636 1623
f 1634 1638 1636
f 1635 1641 1638
f 1623 1636 1734
f 1623 1734 1721
f 1636 1735 1734
f 1636 1638 1735
f 1638 1736 1735
f 1637 1642 1641
f 1639 1643 1642
f 1638 1641 1736
f 1641 1642 1737
f 1641 1737 1736
f 1642 1643 1738
f 1642 1738 1737
f 1721 1734 1739
f 1721 1739 1730
f 1734 1740 1739
f 1734 1735 1740
f 1735 1741 1740
f 1730 1739 1742
f 1739 1740 1743
f 1735 1736 1741
f 1736 1737 1744
f 1736 1744 1741
f 1737 1738 1745
f 1737 1745 1744
f 1740 1741 1746
f 1741 1744 1747
f 1744 1745 1748
f 1697 1725 1700
f 1700 1725 1749
f 1722 1726 1725
f 1723 1727 1726
f 1725 1726 1750
f 1726 1727 1751
f 1700 1749 1705
f 1725 1750 1749
f 1726 1751 1750
f 1724 1731 1727
f 1727 1752 1751
f 1728 1732 1731
f 1727 1731 1752
f 1731 1732 1753
f 1729 1733 1732
f 1732 1733 1754
f 1731 1753 1752
f 1732 1754 1753
f 1712 1705 1755
f 1705 1749 1755
f 1749 1756 1755
f 1749 1750 1756
f 1750 1751 1757
f 1750 1757 1756
f 1712 1755 1758
f 1712 1758 1715
f 1755 1759 1758
f 1755 1756 1759
f 1756 1757 1760
f 1756 1760 1759
f 1751 1761 1757
f 1751 1752 1761
f 1752 1753 1762
f 1752 1762 1761
f 1753 1754 1763
f 1753 1763 1762
f 1757 1761 1764
f 1761 1762 1765
f 1757 1764 1760
f 1761 1765 1764
f 1762 1763 1766
f 1762 1766 1765
f 1730 1742 1733
f 1739 1743 1742
f 1733 1742 1767
f 1740 1746 1743
f 1742 1743 1768
f 1733 1767 1754
f 1742 1768 1767
f 1743 1769 1768
f 1741 1747 1746
f 1743 1746 1769
f 1746 1747 1770
f 1744 1748 1747
f 1747 1748 1771
f 1746 1770 1769
f 1747 1771 1770
f 1754 1767 1772
f 1754 1772 1763
f 1767 1773 1772
f 1767 1768 1773
f 1768 1774 1773
f 1763 1772 1775
f 1763 1775 1766
f 1772 1776 1775
f 1772 1773 1776
f 1773 1777 1776
f 1768 1769 1774
f 1769 1770 1778
f 1769 1778 1774
f 1770 1771 1779
f 1770 1779 1778
f 1773 1774 1777
f 1774 1778 1780
f 1774 1780 1777
f 1778 1779 1781
f 1778 1781 1780
f 512 1674 1782
f 1674 1675 1783
f 1675 1676 1784
f 512 1782 620
f 1674 1783 1782
f 620 1782 1785
f 1675 1784 1783
f 1782 1783 1786
f 1783 1784 1787
f 1676 1680 1788
f 1680 1681 1789
f 1681 1682 1790
f 1676 1788 1784
f 1680 1789 1788
f 1784 1788 1791
f 1681 1790 1789
f 1788 1789 1792
f 1789 1790 1793
f 620 1785 623
f 1782 1786 1785
f 1783 1787 1786
f 623 1785 1794
f 623 1794 629
f 1785 1795 1794
f 1785 1786 1795
f 1786 1787 1796
f 1786 1796 1795
f 1784 1791 1787
f 1788 1792 1791
f 1789 1793 1792
f 1787 1791 1797
f 1787 1797 1796
f 1791 1798 1797
f 1791 1792 1798
f 1682 1685 1799
f 1682 1799 1790
f 629 1794 1800
f 1794 1795 1801
f 1792 1793 1802
f 1792 1802 1798
f 1685 1708 1803
f 1708 1709 1804
f 1685 1803 1799
f 1790 1799 1805
f 1708 1804 1803
f 1799 1803 1806
f 1803 1804 1807
f 1709 1713 1808
f 1713 1714 1809
f 1714 1715 1810
f 1709 1808 1804
f 1713 1809 1808
f 1804 1808 1811
f 1714 1810 1809
f 1808 1809 1812
f 1809 1810 1813
f 1790 1805 1793
f 1799 1806 1805
f 1803 1807 1806
f 1793 1805 1814
f 1805 1806 1815
f 1793 1814 1802
f 1805 1815 1814
f 1806 1807 1816
f 1815 1806 1816
f 1804 1811 1807
f 1808 1812 1811
f 1809 1813 1812
f 1807 1811 1817
f 1811 1812 1818
f 1816 1807 1817
f 1811 1818 1817
f 1812 1813 1819
f 1812 1819 1818
f 1813 1820 1819
f 629 1800 641
f 1794 1801 1800
f 1795 1821 1801
f 1795 1796 1821
f 641 1800 1822
f 1800 1801 1823
f 1801 1821 1824
f 1796 1797 1825
f 1796 1825 1821
f 1797 1798 1826
f 1797 1826 1825
f 1798 1827 1826
f 1798 1802 1827
f 1802 1828 1827
f 1821 1825 1829
f 1825 1826 1830
f 1826 1827 1831
f 1827 1828 1832
f 641 1822 662
f 1800 1823 1822
f 1801 1824 1823
f 1821 1829 1824
f 662 1822 670
f 662 670 669
f 1822 1823 1833
f 1822 1833 670
f 1823 1824 1834
f 1823 1834 1833
f 1824 1829 1835
f 1824 1835 1834
f 656 670 1833
f 656 1833 1834
f 656 1834 1835
f 656 1835 1836
f 656 1836 1837
f 1825 1830 1829
f 1830 1826 1831
f 1827 1832 1831
f 1829 1836 1835
f 1829 1830 1836
f 1830 1837 1836
f 1830 1831 1837
f 1831 1838 1837
f 1831 1832 1838
f 1838 1832 1839
f 656 1837 1838
f 656 1838 1839
f 656 1839 1840
f 656 1840 1841
f 656 1841 1842
f 656 1842 1843
f 1802 1814 1828
f 1814 1815 1844
f 1814 1844 1828
f 1815 1816 1845
f 1815 1845 1844
f 1816 1846 1845
f 1828 1844 1847
f 1844 1845 1848
f 1845 1846 1849
f 1816 1817 1846
f 1817 1850 1846
f 1817 1818 1850
f 1818 1819 1851
f 1818 1851 1850
f 1819 1820 1852
f 1819 1852 1851
f 1846 1850 1853
f 1850 1851 1854
f 1851 1852 1855
f 1828 1847 1832
f 1844 1848 1847
f 1845 1849 1848
f 1849 1846 1853
f 1832 1847 1839
f 1839 1847 1840
f 1847 1848 1840
f 1848 1841 1840
f 1848 1849 1841
f 1849 1853 1842
f 1849 1842 1841
f 1850 1854 1853
f 1851 1855 1854
f 1855 1852 1856
f 1853 1854 1843
f 1842 1853 1843
f 1854 1855 1857
f 1854 1857 1843
f 1855 1856 1858
f 1855 1858 1857
f 1856 1859 1860
f 1858 1856 1860
f 656 1843 1857
f 656 1857 1858
f 656 1858 1860
f 656 1860 1861
f 656 1861 1862
f 656 1862 1863
f 656 1863 1864
f 656 1864 1865
f 656 1865 1866
f 656 1866 1867
f 656 1867 1868
f 1715 1758 1869
f 1758 1759 1870
f 1759 1760 1871
f 1715 1869 1810
f 1758 1870 1869
f 1810 1869 1872
f 1759 1871 1870
f 1869 1870 1873
f 1870 1871 1874
f 1760 1764 1875
f 1764 1765 1876
f 1765 1766 1877
f 1760 1875 1871
f 1764 1876 1875
f 1871 1875 1878
f 1875 1876 1879
f 1765 1877 1876
f 1876 1877 1880
f 1810 1872 1813
f 1869 1873 1872
f 1870 1874 1873
f 1813 1872 1820
f 1872 1873 1881
f 1872 1881 1820
f 1873 1874 1882
f 1873 1882 1881
f 1882 1874 1883
f 1871 1878 1874
f 1878 1875 1879
f 1876 1880 1879
f 1874 1878 1883
f 1878 1879 1884
f 1878 1884 1883
f 1879 1880 1885
f 1879 1885 1884
f 1766 1775 1886
f 1775 1776 1887
f 1766 1886 1877
f 1775 1887 1886
f 1877 1886 1888
f 1776 1889 1887
f 1886 1887 1890
f 1776 1777 1889
f 1777 1780 1891
f 1780 1781 1892
f 1777 1891 1889
f 1887 1889 1893
f 1889 1891 1894
f 1780 1892 1891
f 1891 1892 1895
f 1877 1888 1880
f 1886 1890 1888
f 1887 1893 1890
f 1880 1896 1885
f 1880 1888 1896
f 1897 1888 1890
f 1896 1888 1897
f 1897 1890 1898
f 1889 1894 1893
f 1891 1895 1894
f 1890 1893 1898
f 1893 1894 1899
f 1893 1899 1898
f 1894 1895 1900
f 1894 1900 1899
f 1820 1901 1852
f 1820 1881 1901
f 1901 1881 1902
f 1881 1882 1902
f 1882 1903 1902
f 1882 1883 1903
f 1883 1904 1903
f 1852 1901 1856
f 1901 1902 1859
f 1905 1902 1903
f 1903 1904 1906
f 1883 1884 1904
f 1884 1885 1907
f 1884 1907 1904
f 1901 1859 1856
f 1859 1902 1905
f 1905 1903 1906
f 1904 1908 1906
f 1859 1905 1861
f 1860 1859 1861
f 1905 1862 1861
f 1905 1906 1862
f 1904 1907 1908
f 1885 1909 1907
f 1885 1896 1909
f 1896 1897 1910
f 1896 1910 1909
f 1897 1911 1910
f 1907 1909 1912
f 1909 1910 1913
f 1897 1898 1911
f 1898 1899 1914
f 1898 1914 1911
f 1899 1915 1914
f 1899 1900 1915
f 1910 1911 1916
f 1917 1911 1914
f 1914 1915 1918
f 1907 1912 1908
f 1909 1913 1912
f 1862 1906 1863
f 1863 1908 1864
f 1863 1906 1908
f 1864 1908 1912
f 1912 1913 1865
f 1864 1912 1865
f 1910 1916 1913
f 1916 1911 1917
f 1866 1913 1916
f 1865 1913 1866
f 1866 1916 1867
f 1867 1917 1868
f 1916 1917 1867
f 1868 1917 1918
f 1917 1914 1918
f 95 772 758
f 1919 1920 1921
f 772 1921 758
f 1919 1921 772
f 1922 1923 1920
f 1924 1925 1923
f 1926 1927 1925
f 1919 1922 1920
f 1922 1924 1923
f 771 775 772
f 1919 772 1928
f 775 1928 772
f 1919 1928 1929
f 1919 1929 1922
f 1922 1930 1924
f 1922 1929 1930
f 775 779 1928
f 1928 1931 1929
f 1929 1932 1930
f 1930 1933 1934
f 1935 1936 1927
f 1937 1938 1936
f 1924 1926 1925
f 1926 1935 1927
f 1935 1937 1936
f 1939 1940 1938
f 1941 1942 1940
f 1943 1944 1942
f 1937 1939 1938
f 1939 1941 1940
f 1924 1934 1926
f 1926 1945 1935
f 1926 1934 1945
f 1924 1930 1934
f 1935 1946 1937
f 1945 1946 1935
f 1937 1947 1939
f 1937 1946 1947
f 1934 1948 1945
f 1945 1949 1946
f 1946 1950 1947
f 779 1931 1928
f 1929 1931 1932
f 1932 1933 1930
f 1934 1933 1948
f 1945 1948 1949
f 1946 1949 1950
f 1948 1933 1951
f 1948 1952 1949
f 1952 1953 1949
f 1949 1953 1950
f 1950 1954 1955
f 1950 1953 1954
f 1956 1957 1958
f 1959 1960 1957
f 1961 1962 1960
f 1963 1409 1964
f 1963 1964 1965
f 1966 1965 1967
f 1968 1967 1969
f 1410 1409 1963
f 1963 1965 1966
f 1966 1967 1968
f 1970 1969 1971
f 1972 1971 1973
f 1974 1973 1962
f 1974 1962 1961
f 1968 1969 1975
f 1970 1975 1969
f 1974 1972 1973
f 1970 1971 1972
f 1976 1977 1944
f 1978 1958 1977
f 1941 1943 1942
f 1943 1976 1944
f 1976 1978 1977
f 1978 1956 1958
f 1939 1947 1979
f 1939 1979 1941
f 1941 1979 1980
f 1941 1980 1943
f 1943 1980 1981
f 1943 1981 1976
f 1976 1981 1982
f 1980 1979 1983
f 1947 1955 1979
f 1980 1984 1981
f 1956 1959 1957
f 1959 1961 1960
f 1976 1982 1978
f 1978 1985 1956
f 1978 1982 1985
f 1956 1986 1959
f 1956 1985 1986
f 1959 1987 1961
f 1959 1986 1987
f 1986 1988 1987
f 1981 1989 1982
f 1982 1990 1985
f 1985 1991 1986
f 1947 1950 1955
f 1955 1983 1979
f 1980 1983 1984
f 1981 1984 1989
f 1955 1992 1983
f 1955 1954 1992
f 1983 1992 1993
f 1983 1993 1984
f 1984 1994 1989
f 1993 1995 1996
f 1993 1997 1995
f 1984 1993 1994
f 1994 1996 1998
f 1994 1998 1999
f 1993 1996 1994
f 1982 1989 1990
f 1985 1990 1991
f 1986 1991 1988
f 1989 2000 1990
f 1994 2000 1989
f 1994 2001 2000
f 1990 2000 2002
f 1991 1990 2002
f 1991 2003 1988
f 1991 2002 2003
f 779 791 1931
f 1931 2004 1932
f 791 2004 1931
f 1932 2004 2005
f 1932 2005 1933
f 1933 2005 1951
f 1948 1951 1952
f 1410 1963 2006
f 1428 1410 2006
f 1963 2007 2006
f 1963 1966 2007
f 1966 1968 2008
f 1966 2008 2007
f 1970 1972 2009
f 1968 1975 2010
f 1968 2010 2008
f 1970 2011 1975
f 1975 2011 2010
f 1970 2009 2011
f 2010 2011 2012
f 1428 2006 2013
f 2006 2007 2014
f 2007 2008 2015
f 2008 2010 2016
f 1428 2013 1433
f 2006 2014 2013
f 2007 2015 2014
f 2013 2014 2017
f 1433 2013 2018
f 1438 1433 2018
f 2013 2017 2018
f 2014 2019 2017
f 2008 2016 2015
f 2010 2012 2016
f 2014 2015 2019
f 2015 2016 2020
f 2016 2012 2021
f 2016 2021 2020
f 2015 2020 2019
f 1974 1961 2022
f 1974 2023 1972
f 1974 2022 2023
f 1961 1987 2022
f 1972 2023 2009
f 2022 1987 2024
f 2009 2023 2025
f 2009 2026 2011
f 2022 2027 2023
f 1987 1988 2024
f 2022 2024 2027
f 2009 2025 2026
f 2023 2027 2025
f 2025 2027 2028
f 2025 2028 2029
f 1988 2030 2024
f 1988 2003 2030
f 2024 2030 2031
f 2024 2031 2027
f 2027 2031 2028
f 2011 2026 2012
f 2012 2026 2032
f 2026 2029 2032
f 2012 2032 2021
f 2026 2025 2029
f 1954 2033 1992
f 1992 2034 2035
f 1992 2036 1993
f 1992 2035 2036
f 1992 2037 2034
f 2033 2037 1992
f 1993 2036 2038
f 1993 2038 1997
f 1994 1999 2001
f 2000 2001 2039
f 2000 2039 2040
f 2000 2041 2002
f 2000 2040 2041
f 2003 2042 2043
f 2044 2003 2043
f 2003 2044 2045
f 2003 2045 2046
f 2047 2002 2041
f 2002 2047 2048
f 2002 2048 2042
f 2002 2042 2003
f 2049 2050 2051
f 2051 2052 2053
f 2049 2051 2053
f 2051 2054 2052
f 2051 2055 2054
f 2051 2056 2055
f 2056 2057 2055
f 2051 2058 2056
f 2056 2059 2057
f 2056 2060 2059
f 2056 2061 2060
f 2061 2062 2060
f 2061 2063 2062
f 2056 2064 2061
f 2065 2066 2063
f 2061 2065 2063
f 2065 2067 2066
f 2068 2069 2067
f 2065 2068 2067
f 2061 2070 2065
f 2065 2071 2068
f 791 955 2004
f 2004 2072 2005
f 955 2072 2004
f 2005 2073 1951
f 2072 2073 2005
f 2073 2074 1951
f 955 963 2072
f 2072 2075 2073
f 2073 2076 2074
f 1951 2074 1952
f 1952 2077 1953
f 2074 2077 1952
f 1953 2078 1954
f 2077 2078 1953
f 2078 2033 1954
f 2074 2079 2077
f 2077 2080 2078
f 2078 2081 2033
f 2033 2081 2082
f 2081 2083 2082
f 963 2075 2072
f 963 965 2075
f 2075 2084 2076
f 2073 2075 2076
f 2076 2079 2074
f 2076 2085 2079
f 965 2084 2075
f 2076 2084 2085
f 2079 2085 2086
f 2077 2079 2080
f 2079 2086 2080
f 2080 2087 2081
f 2080 2081 2078
f 2081 2088 2083
f 2081 2089 2088
f 2081 2090 2089
f 2080 2086 2087
f 2081 2087 2091
f 2081 2091 2090
f 2091 2092 2090
f 2091 2093 2092
f 2091 2094 2093
f 2091 2095 2094
f 2033 2096 2037
f 2033 2097 2096
f 2033 2082 2097
f 965 1004 2084
f 2084 2098 2085
f 1004 2098 2084
f 2085 2099 2086
f 2085 2098 2099
f 2099 2100 2086
f 1004 1007 2098
f 2098 2101 2099
f 1007 2101 2098
f 2099 2102 2100
f 2101 2102 2099
f 2102 2103 2100
f 2086 2100 2087
f 2087 2104 2091
f 2087 2100 2104
f 2091 2105 2095
f 2104 2105 2091
f 2105 2106 2095
f 2105 2107 2106
f 2100 2103 2104
f 2104 2108 2105
f 2103 2108 2104
f 2105 2109 2107
f 2105 2110 2109
f 2108 2110 2105
f 2110 2111 2109
f 2110 2112 2111
f 1007 1016 2101
f 2101 2113 2102
f 2102 2114 2103
f 1016 2113 2101
f 1016 1120 2113
f 2113 2115 2114
f 2102 2113 2114
f 2103 2114 2116
f 2114 2117 2116
f 2103 2116 2108
f 2108 2118 2110
f 2110 2119 2112
f 2110 2120 2119
f 2108 2116 2118
f 2116 2121 2118
f 2118 2122 2120
f 2118 2120 2110
f 2119 2120 2123
f 2120 2124 2123
f 2119 2125 2112
f 2119 2126 2125
f 2119 2127 2126
f 2119 2123 2127
f 2123 2128 2127
f 2123 2129 2128
f 2123 2130 2129
f 2123 2049 2130
f 2049 2131 2130
f 2049 2053 2131
f 2123 2132 2049
f 1438 2018 2133
f 1438 2133 1580
f 2018 2017 2134
f 2018 2134 2133
f 2017 2135 2134
f 1580 2133 2136
f 2133 2134 2137
f 2017 2019 2135
f 2019 2138 2135
f 2019 2020 2138
f 2020 2021 2139
f 2020 2139 2138
f 2134 2135 2140
f 2135 2138 2141
f 2138 2139 2142
f 1580 2136 1583
f 1583 2136 2143
f 2133 2137 2136
f 2134 2140 2137
f 2136 2137 2144
f 1583 2143 1588
f 2136 2144 2143
f 2137 2145 2144
f 2135 2141 2140
f 2137 2140 2145
f 2138 2142 2141
f 2141 2142 2146
f 2140 2141 2147
f 2140 2147 2145
f 2141 2146 2147
f 2029 2028 2148
f 2030 2003 2046
f 2030 2046 2149
f 2030 2149 2150
f 2030 2150 2151
f 2030 2152 2031
f 2031 2152 2153
f 2030 2151 2152
f 2031 2153 2154
f 2031 2155 2028
f 2031 2154 2156
f 2031 2156 2155
f 2028 2155 2157
f 2028 2157 2158
f 2028 2158 2148
f 2148 2158 2159
f 2148 2159 2160
f 2148 2160 2161
f 2148 2161 2162
f 2021 2032 2163
f 2021 2163 2139
f 2029 2164 2032
f 2029 2148 2164
f 2032 2164 2163
f 2148 2162 2164
f 2163 2164 2165
f 2139 2163 2166
f 2162 2161 2167
f 2162 2167 2168
f 2162 2168 2169
f 2162 2169 2170
f 2162 2165 2164
f 2163 2165 2166
f 2162 2171 2165
f 2166 2165 2172
f 2139 2166 2142
f 2142 2166 2173
f 2165 2171 2172
f 2166 2172 2173
f 2142 2173 2146
f 2162 2170 2171
f 2171 2170 2174
f 2171 2174 2175
f 2171 2175 2176
f 1588 2143 2177
f 1588 2177 1631
f 2143 2144 2178
f 2143 2178 2177
f 2144 2179 2178
f 1631 2177 2180
f 1631 2180 1633
f 2177 2178 2181
f 2177 2181 2180
f 2178 2182 2181
f 2144 2145 2179
f 2145 2183 2179
f 2147 2146 2184
f 2145 2147 2183
f 2147 2184 2183
f 2178 2179 2182
f 2179 2185 2182
f 2183 2184 2186
f 2179 2183 2185
f 2183 2186 2185
f 1633 2180 2187
f 2180 2181 2188
f 1633 2187 1640
f 1640 2187 2189
f 2180 2188 2187
f 2181 2190 2188
f 2187 2188 2191
f 2181 2182 2190
f 2185 2186 2192
f 2182 2185 2193
f 2182 2193 2190
f 2188 2190 2194
f 2185 2192 2193
f 2193 2192 2195
f 2190 2193 2196
f 2197 2198 2199
f 2197 2199 2200
f 2201 2200 2202
f 2201 2202 2203
f 2173 2172 2204
f 2197 2204 2172
f 2173 2204 2205
f 2146 2173 2205
f 2146 2205 2184
f 2205 2204 2206
f 2201 2206 2204
f 2205 2206 2207
f 2184 2205 2207
f 2184 2207 2186
f 2208 2171 2176
f 2171 2197 2172
f 2171 2208 2198
f 2171 2198 2197
f 2197 2201 2204
f 2197 2200 2201
f 2209 2210 2211
f 2201 2203 2212
f 2213 2212 2214
f 2213 2214 2215
f 2213 2215 2210
f 2201 2212 2213
f 2068 2209 2216
f 2209 2217 2216
f 2209 2211 2217
f 2068 2216 2218
f 2068 2218 2069
f 2068 2219 2209
f 2209 2213 2210
f 2201 2213 2220
f 2209 2221 2213
f 2213 2222 2220
f 2207 2206 2223
f 2186 2207 2224
f 2206 2220 2223
f 2207 2223 2224
f 2224 2223 2225
f 2186 2224 2192
f 2192 2224 2226
f 2201 2220 2206
f 2220 2227 2223
f 2051 2050 2058
f 2058 2064 2056
f 2050 2228 2058
f 2058 2229 2064
f 2058 2228 2229
f 2064 2229 2230
f 2061 2064 2070
f 2070 2071 2065
f 2068 2071 2219
f 2064 2230 2070
f 2070 2230 2231
f 2070 2231 2071
f 2071 2232 2219
f 2071 2231 2232
f 2219 2232 2233
f 2228 2234 2229
f 2229 2235 2230
f 2234 2235 2229
f 2235 2236 2230
f 2234 2237 2235
f 2235 2238 2236
f 2230 2236 2231
f 2236 2239 2231
f 2231 2239 2232
f 2232 2240 2233
f 2239 2240 2232
f 2240 2241 2233
f 2236 2242 2239
f 2239 2243 2240
f 2240 2244 2241
f 2237 2245 2238
f 2235 2237 2238
f 2238 2242 2236
f 2238 2246 2242
f 2238 2245 2246
f 2246 2247 2242
f 2239 2242 2243
f 2242 2247 2243
f 2243 2244 2240
f 2241 2244 2248
f 2243 2249 2244
f 2244 2250 2248
f 2243 2247 2249
f 2244 2249 2250
f 2248 2250 2251
f 2245 2252 2246
f 2246 2253 2247
f 2252 2253 2246
f 2253 2254 2247
f 2252 2255 2253
f 2253 2256 2254
f 2253 2255 2256
f 2256 2257 2254
f 2247 2254 2249
f 2254 2258 2249
f 2249 2258 2250
f 2250 2259 2251
f 2258 2259 2250
f 2260 2251 2259
f 2254 2257 2258
f 2258 2261 2259
f 2258 2257 2261
f 2260 2259 2262
f 2261 2262 2259
f 2260 2262 2263
f 1120 2115 2113
f 2114 2115 2117
f 2117 2121 2116
f 1120 1123 2115
f 2115 2264 2117
f 1123 2264 2115
f 2117 2265 2121
f 2117 2264 2265
f 2121 2265 2266
f 2118 2121 2122
f 2122 2124 2120
f 2123 2124 2132
f 2121 2266 2122
f 2122 2267 2124
f 2122 2266 2267
f 2124 2268 2132
f 2124 2267 2268
f 2132 2268 2269
f 1123 1130 2264
f 2264 2270 2265
f 1130 2270 2264
f 2265 2271 2266
f 2270 2271 2265
f 2271 2272 2266
f 1130 1155 2270
f 2270 2273 2271
f 2271 2274 2272
f 2266 2272 2267
f 2267 2275 2268
f 2272 2275 2267
f 2268 2276 2269
f 2275 2276 2268
f 2276 2277 2269
f 2272 2278 2275
f 2275 2279 2276
f 2276 2280 2277
f 2132 2050 2049
f 2132 2269 2050
f 2050 2269 2228
f 2269 2277 2228
f 2277 2234 2228
f 2277 2281 2234
f 1155 2273 2270
f 1155 1157 2273
f 2273 2282 2274
f 2271 2273 2274
f 2274 2278 2272
f 2274 2283 2278
f 1157 2282 2273
f 2274 2282 2283
f 2278 2283 2284
f 2275 2278 2279
f 2278 2284 2279
f 2279 2285 2280
f 2279 2280 2276
f 2277 2280 2281
f 2280 2286 2281
f 2279 2284 2285
f 2285 2286 2280
f 2281 2286 2287
f 1157 1165 2282
f 2282 2288 2283
f 1165 2288 2282
f 2283 2289 2284
f 2288 2289 2283
f 2289 2290 2284
f 1165 1168 2288
f 2288 2291 2289
f 1168 2291 2288
f 2289 2292 2290
f 2289 2291 2292
f 2292 2293 2290
f 2284 2290 2285
f 2285 2294 2286
f 2290 2294 2285
f 2286 2295 2287
f 2294 2295 2286
f 2295 2296 2287
f 2290 2293 2294
f 2294 2297 2295
f 2294 2293 2297
f 2295 2298 2296
f 2297 2298 2295
f 2296 2298 2299
f 2281 2237 2234
f 2281 2287 2237
f 2237 2287 2245
f 2287 2296 2245
f 2296 2252 2245
f 2296 2299 2252
f 2299 2255 2252
f 1640 2189 1643
f 2187 2191 2189
f 2188 2194 2191
f 1643 2189 2300
f 1643 2300 1738
f 2189 2191 2301
f 2189 2301 2300
f 2191 2302 2301
f 2190 2196 2194
f 2193 2195 2196
f 2191 2194 2302
f 2194 2303 2302
f 2196 2195 2304
f 2194 2196 2303
f 2196 2304 2303
f 1738 2300 2305
f 1738 2305 1745
f 2300 2301 2306
f 2300 2306 2305
f 2301 2307 2306
f 1745 2305 2308
f 2305 2306 2309
f 2301 2302 2307
f 2302 2310 2307
f 2303 2304 2311
f 2302 2303 2310
f 2303 2311 2310
f 2306 2307 2312
f 2310 2311 2313
f 2307 2310 2314
f 2209 2219 2221
f 2221 2222 2213
f 2220 2222 2227
f 2221 2233 2315
f 2219 2233 2221
f 2221 2315 2222
f 2222 2316 2227
f 2222 2315 2316
f 2227 2316 2317
f 2227 2225 2223
f 2224 2225 2226
f 2192 2226 2195
f 2226 2225 2318
f 2225 2317 2318
f 2226 2318 2319
f 2195 2226 2319
f 2195 2319 2304
f 2227 2317 2225
f 2315 2241 2320
f 2233 2241 2315
f 2315 2320 2316
f 2316 2321 2317
f 2320 2321 2316
f 2321 2322 2317
f 2241 2248 2320
f 2320 2323 2321
f 2321 2324 2322
f 2319 2318 2325
f 2322 2325 2318
f 2319 2325 2326
f 2304 2319 2326
f 2304 2326 2311
f 2326 2325 2327
f 2311 2326 2328
f 2317 2322 2318
f 2322 2329 2325
f 1745 2308 1748
f 1748 2308 2330
f 2305 2309 2308
f 2306 2312 2309
f 2308 2309 2331
f 1748 2330 1771
f 2308 2331 2330
f 2309 2332 2331
f 2307 2314 2312
f 2309 2312 2332
f 2310 2313 2314
f 2314 2313 2333
f 2312 2314 2334
f 2312 2334 2332
f 2314 2333 2334
f 1771 2330 2335
f 1771 2335 1779
f 2330 2331 2336
f 2330 2336 2335
f 2331 2337 2336
f 1779 2335 2338
f 1779 2338 1781
f 2335 2336 2339
f 2335 2339 2338
f 2336 2340 2339
f 2331 2332 2337
f 2332 2341 2337
f 2334 2333 2342
f 2332 2334 2341
f 2334 2342 2341
f 2336 2337 2340
f 2337 2343 2340
f 2341 2342 2344
f 2337 2341 2343
f 2341 2344 2343
f 2320 2248 2323
f 2248 2251 2323
f 2323 2324 2321
f 2322 2324 2329
f 2323 2345 2324
f 2324 2346 2329
f 2323 2251 2345
f 2345 2346 2324
f 2329 2346 2347
f 2329 2327 2325
f 2326 2327 2328
f 2328 2327 2348
f 2311 2328 2313
f 2313 2328 2349
f 2327 2347 2348
f 2328 2348 2349
f 2313 2349 2333
f 2329 2347 2327
f 2260 2350 2345
f 2260 2345 2251
f 2345 2350 2346
f 2346 2351 2347
f 2350 2351 2346
f 2351 2352 2347
f 2350 2353 2351
f 2350 2263 2353
f 2260 2263 2350
f 2351 2354 2352
f 2353 2354 2351
f 2352 2354 2355
f 2349 2348 2356
f 2352 2356 2348
f 2349 2356 2357
f 2333 2349 2357
f 2333 2357 2342
f 2352 2355 2356
f 2357 2356 2358
f 2355 2358 2356
f 2357 2358 2359
f 2342 2357 2359
f 2342 2359 2344
f 2347 2352 2348
f 2360 2361 2362
f 2255 2363 2256
f 2256 2364 2257
f 2364 2363 2365
f 2256 2363 2364
f 2364 2366 2257
f 2364 2367 2366
f 2257 2366 2261
f 2261 2368 2262
f 2263 2262 2369
f 2261 2366 2368
f 2366 2370 2368
f 2368 2371 2369
f 2262 2368 2369
f 2263 2369 2372
f 2369 2373 2372
f 2361 2365 2363
f 2364 2365 2367
f 2367 2370 2366
f 2360 2365 2361
f 2365 2374 2367
f 2360 2374 2365
f 2374 2375 2367
f 2375 2370 2367
f 2375 2376 2370
f 2368 2370 2371
f 2369 2371 2373
f 2373 2377 2372
f 2376 2371 2370
f 2378 2373 2371
f 2376 2378 2371
f 2378 2379 2373
f 2379 2380 2377
f 2373 2379 2377
f 656 2381 2382
f 656 2383 2381
f 656 2384 2383
f 656 2385 2384
f 1275 2386 2387
f 2388 2386 2389
f 2388 2389 2390
f 2390 2389 2391
f 1284 2386 1275
f 2386 2392 2389
f 2389 2393 2391
f 2391 2394 2395
f 2390 2391 2396
f 2396 2391 2395
f 2396 2395 2362
f 2395 2397 2362
f 2360 2362 2397
f 2360 2397 2398
f 2360 2398 2374
f 2395 2399 2397
f 2400 2398 2397
f 2398 2401 2402
f 656 2403 1283
f 656 2404 2403
f 656 2405 2404
f 656 2406 2405
f 656 2407 2406
f 1284 2392 2386
f 2389 2392 2393
f 2393 2394 2391
f 1282 1283 2392
f 1283 2393 2392
f 1283 2403 2393
f 1284 1282 2392
f 2403 2394 2393
f 2403 2404 2394
f 2404 2399 2394
f 2404 2405 2399
f 656 2408 2407
f 656 2382 2408
f 2395 2394 2399
f 2399 2400 2397
f 2409 2402 2401
f 2400 2401 2398
f 2405 2400 2399
f 2405 2406 2400
f 2406 2401 2400
f 2407 2409 2401
f 2406 2407 2401
f 2407 2408 2409
f 656 1868 2410
f 656 2410 2411
f 656 2411 2412
f 656 2413 2414
f 656 2412 2413
f 656 2415 2385
f 656 2416 2415
f 656 2417 2416
f 656 2418 2419
f 656 2414 2418
f 656 2419 2417
f 2374 2398 2402
f 2374 2402 2375
f 2375 2402 2420
f 2375 2420 2376
f 2376 2420 2421
f 2376 2421 2378
f 2409 2420 2402
f 2422 2421 2420
f 2423 2424 2421
f 2425 2426 2427
f 2421 2424 2378
f 2378 2424 2379
f 2428 2379 2424
f 2428 2380 2379
f 2428 2429 2380
f 2430 2429 2427
f 2430 2380 2429
f 2431 2428 2424
f 2428 2432 2429
f 2429 2433 2427
f 2383 2384 2432
f 2409 2422 2420
f 2422 2423 2421
f 2423 2431 2424
f 2408 2422 2409
f 2408 2382 2422
f 2382 2423 2422
f 2382 2381 2423
f 2381 2431 2423
f 2381 2383 2431
f 2383 2432 2431
f 2433 2425 2427
f 2425 2434 2426
f 2384 2433 2432
f 2384 2385 2433
f 2385 2415 2425
f 2385 2425 2433
f 2416 2417 2435
f 2415 2434 2425
f 2415 2416 2434
f 2416 2435 2434
f 2431 2432 2428
f 2429 2432 2433
f 1168 1311 2291
f 2291 2436 2292
f 2292 2437 2293
f 1311 2436 2291
f 1311 1316 2436
f 2436 2438 2437
f 2292 2436 2437
f 2293 2437 2439
f 2437 2440 2439
f 2293 2439 2297
f 2297 2441 2298
f 2298 2442 2299
f 2297 2439 2441
f 2439 2443 2441
f 2441 2444 2442
f 2298 2441 2442
f 2299 2442 2445
f 2442 2446 2445
f 1316 2438 2436
f 2437 2438 2440
f 2440 2443 2439
f 1319 2438 1316
f 2387 2440 2438
f 1319 2387 2438
f 2387 2388 2440
f 2440 2388 2443
f 2388 2390 2443
f 2441 2443 2444
f 2444 2446 2442
f 2445 2446 2361
f 2443 2390 2444
f 2444 2396 2446
f 2390 2396 2444
f 2396 2362 2446
f 2446 2362 2361
f 2299 2445 2255
f 2255 2445 2363
f 2445 2361 2363
f 1319 1275 2387
f 2387 2386 2388
f 1781 2338 2447
f 2338 2339 2448
f 1781 2447 1892
f 1892 2447 2449
f 2338 2448 2447
f 2339 2450 2448
f 2447 2448 2451
f 2339 2340 2450
f 2340 2343 2452
f 2343 2344 2453
f 2340 2452 2450
f 2448 2450 2454
f 2343 2453 2452
f 2450 2452 2455
f 2452 2453 2456
f 1892 2449 1895
f 2447 2451 2449
f 2448 2454 2451
f 1895 2449 2457
f 1895 2457 1900
f 2449 2451 2458
f 2449 2458 2457
f 2451 2459 2458
f 2450 2455 2454
f 2455 2452 2456
f 2455 2456 2460
f 2461 2455 2460
f 2451 2454 2459
f 2459 2454 2461
f 2461 2454 2455
f 2263 2372 2353
f 2353 2462 2354
f 2354 2463 2355
f 2353 2372 2462
f 2372 2377 2462
f 2464 2463 2462
f 2354 2462 2463
f 2355 2463 2465
f 2463 2466 2465
f 2355 2465 2358
f 2359 2358 2467
f 2344 2359 2468
f 2453 2468 2469
f 2358 2465 2467
f 2359 2467 2468
f 2465 2470 2467
f 2471 2468 2467
f 2344 2468 2453
f 2471 2470 2472
f 2471 2472 2473
f 2464 2462 2377
f 2464 2466 2463
f 2465 2466 2470
f 2464 2377 2380
f 2464 2430 2466
f 2464 2380 2430
f 2430 2474 2466
f 2466 2474 2470
f 2472 2470 2474
f 2453 2469 2456
f 2471 2467 2470
f 2471 2469 2468
f 2456 2469 2475
f 2456 2475 2460
f 2471 2473 2469
f 2473 2475 2469
f 2476 2477 2478
f 1915 1900 2479
f 1900 2457 2479
f 2457 2458 2480
f 2457 2480 2479
f 2458 2481 2480
f 1915 2479 2482
f 2483 2479 2480
f 2484 2480 2481
f 2458 2459 2481
f 2459 2461 2476
f 2459 2476 2481
f 2461 2477 2476
f 2461 2460 2477
f 2476 2485 2481
f 2483 2480 2484
f 1868 1918 2410
f 2410 2482 2411
f 2410 1918 2482
f 2482 2483 2411
f 2412 2483 2484
f 2411 2483 2412
f 2484 2481 2485
f 2476 2478 2485
f 2477 2486 2478
f 2414 2478 2418
f 2413 2412 2484
f 2413 2484 2485
f 2413 2485 2414
f 2414 2485 2478
f 2418 2478 2486
f 1915 2482 1918
f 2482 2479 2483
f 2426 2472 2474
f 2475 2487 2488
f 2426 2489 2472
f 2473 2489 2487
f 2473 2472 2489
f 2434 2489 2426
f 2435 2487 2489
f 2490 2488 2487
f 2477 2488 2486
f 2430 2427 2474
f 2427 2426 2474
f 2460 2475 2488
f 2460 2488 2477
f 2473 2487 2475
f 2490 2487 2435
f 2434 2435 2489
f 2486 2488 2490
f 2417 2490 2435
f 2419 2490 2417
f 2419 2486 2490
f 2418 2486 2419
f 2491 2035 2037
f 2035 2034 2037
f 2491 2038 2036
f 2491 1997 2038
f 2492 1997 2491
f 2491 2036 2035
f 2492 1999 1998
f 2492 1995 1997
f 2492 1996 1995
f 2492 1998 1996
f 2492 2493 1999
f 2493 2041 2040
f 2493 2001 1999
f 2493 2039 2001
f 2493 2040 2039
f 2492 2494 2493
f 2493 2047 2041
f 2495 2048 2047
f 2495 2042 2048
f 2493 2495 2047
f 2495 2043 2042
f 2495 2044 2043
f 2493 2496 2495
f 2497 2067 2498
f 2499 2062 2063
f 2499 2060 2062
f 2499 2063 2066
f 2497 2499 2066
f 2497 2066 2067
f 2491 2037 2500
f 2492 2491 2494
f 2491 2500 2501
f 2500 2037 2096
f 2500 2096 2097
f 2500 2097 2082
f 2500 2082 2083
f 2500 2083 2502
f 2501 2500 2503
f 2500 2502 2503
f 2491 2501 2494
f 2501 2503 2504
f 2493 2494 2505
f 2494 2506 2505
f 2494 2501 2506
f 2501 2504 2506
f 2503 2507 2508
f 2503 2508 2504
f 2504 2508 2509
f 2508 2510 2511
f 2502 2083 2088
f 2502 2088 2089
f 2502 2089 2090
f 2502 2090 2092
f 2502 2092 2512
f 2503 2502 2507
f 2502 2512 2507
f 2512 2092 2093
f 2512 2093 2094
f 2512 2094 2095
f 2507 2512 2513
f 2512 2514 2513
f 2508 2507 2510
f 2507 2513 2510
f 2510 2515 2516
f 2510 2513 2515
f 2513 2517 2515
f 2515 2518 2519
f 2515 2519 2516
f 2512 2095 2106
f 2512 2106 2514
f 2514 2106 2107
f 2514 2107 2109
f 2513 2514 2517
f 2514 2520 2517
f 2514 2109 2111
f 2514 2111 2112
f 2514 2112 2125
f 2514 2125 2520
f 2520 2125 2126
f 2517 2520 2521
f 2521 2522 2523
f 2515 2517 2518
f 2517 2521 2518
f 2518 2523 2524
f 2519 2518 2524
f 2518 2521 2523
f 2523 2525 2526
f 2520 2126 2127
f 2520 2127 2128
f 2520 2128 2129
f 2520 2129 2130
f 2520 2130 2527
f 2053 2130 2131
f 2527 2130 2053
f 2521 2520 2527
f 2527 2053 2052
f 2522 2527 2052
f 2522 2052 2054
f 2521 2527 2522
f 2054 2055 2528
f 2522 2054 2528
f 2523 2522 2525
f 2522 2528 2525
f 2528 2499 2529
f 2497 2530 2499
f 2499 2530 2529
f 2525 2528 2529
f 2528 2055 2057
f 2528 2057 2059
f 2528 2059 2060
f 2528 2060 2499
f 2525 2529 2531
f 2532 2150 2149
f 2532 2151 2150
f 2532 2152 2151
f 2533 2045 2044
f 2495 2533 2044
f 2533 2046 2045
f 2533 2149 2046
f 2495 2496 2533
f 2533 2532 2149
f 2532 2154 2153
f 2532 2153 2152
f 2534 2156 2154
f 2534 2155 2156
f 2532 2534 2154
f 2532 2535 2534
f 2533 2536 2532
f 2534 2157 2155
f 2534 2158 2157
f 2534 2159 2158
f 2534 2160 2159
f 2534 2537 2160
f 2537 2161 2160
f 2532 2536 2535
f 2534 2538 2537
f 2534 2535 2538
f 2537 2167 2161
f 2537 2168 2167
f 2537 2539 2168
f 2539 2169 2168
f 2539 2170 2169
f 2537 2540 2539
f 2537 2538 2540
f 2538 2541 2540
f 2539 2174 2170
f 2539 2542 2174
f 2539 2543 2542
f 2542 2175 2174
f 2542 2176 2175
f 2539 2540 2543
f 2540 2544 2543
f 2545 2208 2176
f 2545 2198 2208
f 2545 2199 2198
f 2545 2200 2199
f 2545 2546 2200
f 2546 2202 2200
f 2546 2203 2202
f 2546 2547 2203
f 2542 2545 2176
f 2542 2548 2545
f 2542 2543 2548
f 2548 2549 2545
f 2543 2550 2548
f 2545 2549 2546
f 2549 2551 2546
f 2552 2218 2216
f 2552 2069 2218
f 2498 2067 2069
f 2552 2216 2217
f 2553 2217 2211
f 2552 2217 2553
f 2552 2498 2069
f 2547 2215 2214
f 2547 2212 2203
f 2547 2214 2212
f 2553 2211 2210
f 2553 2210 2215
f 2547 2553 2215
f 2547 2554 2553
f 2546 2551 2547
f 2547 2551 2554
f 2493 2505 2496
f 2505 2555 2496
f 2506 2556 2505
f 2506 2557 2556
f 2533 2496 2558
f 2496 2555 2558
f 2533 2558 2536
f 2505 2556 2555
f 2556 2559 2555
f 2506 2504 2557
f 2504 2509 2557
f 2556 2557 2560
f 2557 2561 2560
f 2508 2511 2509
f 2509 2561 2557
f 2509 2511 2562
f 2509 2562 2561
f 2562 2511 2563
f 2558 2564 2536
f 2555 2565 2558
f 2558 2565 2564
f 2535 2536 2566
f 2535 2567 2538
f 2535 2566 2567
f 2536 2564 2566
f 2564 2568 2566
f 2556 2560 2559
f 2555 2559 2565
f 2561 2569 2560
f 2562 2570 2561
f 2559 2571 2565
f 2564 2565 2572
f 2565 2571 2572
f 2559 2560 2573
f 2560 2569 2573
f 2561 2570 2569
f 2559 2573 2571
f 2510 2516 2511
f 2511 2516 2563
f 2516 2519 2574
f 2519 2524 2575
f 2538 2567 2541
f 2540 2541 2544
f 2562 2576 2570
f 2562 2563 2576
f 2576 2563 2577
f 2570 2578 2569
f 2570 2576 2579
f 2576 2577 2580
f 2576 2580 2579
f 2516 2574 2563
f 2519 2575 2574
f 2563 2574 2577
f 2574 2581 2577
f 2577 2581 2582
f 2577 2582 2580
f 2581 2583 2582
f 2574 2575 2581
f 2575 2584 2585
f 2575 2585 2581
f 2581 2585 2583
f 2585 2586 2583
f 2585 2587 2586
f 2586 2587 2588
f 2566 2589 2567
f 2566 2568 2589
f 2564 2572 2568
f 2572 2590 2568
f 2573 2591 2571
f 2572 2571 2592
f 2571 2591 2592
f 2572 2592 2590
f 2567 2589 2593
f 2567 2593 2541
f 2541 2594 2544
f 2541 2593 2594
f 2568 2595 2589
f 2589 2596 2593
f 2589 2595 2596
f 2568 2590 2595
f 2590 2597 2595
f 2593 2596 2598
f 2593 2598 2594
f 2594 2598 2599
f 2595 2597 2596
f 2596 2597 2598
f 2597 2599 2598
f 2573 2569 2600
f 2570 2579 2578
f 2569 2578 2600
f 2573 2600 2591
f 2578 2597 2600
f 2579 2597 2578
f 2579 2580 2597
f 2580 2582 2597
f 2582 2583 2597
f 2592 2591 2597
f 2592 2597 2590
f 2591 2600 2597
f 2597 2583 2586
f 2597 2586 2588
f 2524 2526 2584
f 2525 2531 2526
f 2523 2526 2524
f 2526 2531 2601
f 2601 2531 2602
f 2543 2544 2550
f 2548 2550 2603
f 2548 2603 2549
f 2549 2604 2551
f 2549 2603 2604
f 2497 2498 2530
f 2529 2530 2605
f 2606 2530 2498
f 2605 2530 2606
f 2552 2553 2607
f 2552 2608 2498
f 2553 2554 2607
f 2552 2607 2608
f 2608 2606 2498
f 2529 2605 2531
f 2605 2606 2609
f 2608 2610 2606
f 2606 2610 2609
f 2531 2605 2602
f 2605 2609 2602
f 2551 2611 2554
f 2607 2554 2612
f 2607 2613 2608
f 2607 2612 2613
f 2554 2611 2612
f 2551 2604 2611
f 2604 2614 2611
f 2608 2613 2610
f 2613 2615 2610
f 2609 2610 2616
f 2611 2617 2612
f 2618 2613 2612
f 2611 2614 2617
f 2610 2615 2616
f 2618 2615 2613
f 2618 2612 2617
f 2575 2524 2584
f 2526 2601 2584
f 2584 2601 2587
f 2587 2601 2619
f 2585 2584 2587
f 2587 2619 2588
f 2619 2620 2588
f 2601 2602 2619
f 2619 2602 2621
f 2621 2602 2609
f 2621 2609 2616
f 2622 2616 2615
f 2619 2621 2620
f 2621 2623 2620
f 2621 2616 2623
f 2623 2616 2622
f 2544 2624 2550
f 2544 2594 2624
f 2550 2624 2625
f 2550 2625 2603
f 2603 2625 2626
f 2603 2626 2604
f 2594 2599 2624
f 2624 2627 2625
f 2624 2599 2627
f 2597 2627 2599
f 2597 2628 2627
f 2604 2626 2614
f 2618 2617 2629
f 2630 2614 2626
f 2614 2631 2617
f 2630 2631 2614
f 2625 2628 2626
f 2625 2627 2628
f 2628 2630 2626
f 2597 2588 2620
f 2597 2620 2623
f 2597 2622 2632
f 2597 2623 2622
f 2597 2631 2630
f 2597 2630 2628
f 2597 2632 2629
f 2618 2632 2615
f 2622 2615 2632
f 2618 2629 2632
f 2617 2631 2629
f 2597 2629 2631
f 2633 2634 2635
f 2636 2637 2638
f 2638 2639 2640
f 2641 2642 2636
f 2643 2644 2641
f 2643 2633 2635
f 2633 2645 2634
f 2641 2636 2646
f 2636 2638 2646
f 2636 2642 2637
f 2638 2637 2639
f 2639 2647 2640
f 2641 2644 2642
f 2643 2635 2644
f 2644 2648 2642
f 2642 2648 2649
f 2644 2650 2648
f 2644 2635 2650
f 2635 2634 2651
f 2635 2651 2650
f 2634 2652 2651
f 2637 2642 2649
f 2637 2653 2639
f 2637 2649 2653
f 2639 2653 2654
f 2639 2654 2647
f 2647 2655 2656
f 2647 2654 2655
f 2647 2657 2640
f 2638 2640 2646
f 2640 2657 2646
f 2657 2658 2646
f 2658 2659 2646
f 2657 2656 2658
f 2658 2660 2659
f 2659 2661 2662
f 2662 2663 2664
f 2647 2656 2657
f 2658 2656 2660
f 2659 2660 2661
f 2662 2661 2663
f 2663 2665 2664
f 2656 2666 2660
f 2656 2655 2666
f 2660 2666 2667
f 2660 2667 2661
f 2661 2668 2663
f 2661 2667 2668
f 2663 2668 2669
f 2663 2669 2665
f 2665 2670 2671
f 2665 2669 2670
f 2671 2670 2672
f 2634 2645 2673
f 2674 2675 2673
f 2676 2677 2675
f 2645 2674 2673
f 2674 2676 2675
f 2643 2641 2646
f 2643 2646 2633
f 2633 2646 2645
f 2645 2646 2674
f 2674 2646 2676
f 2676 2678 2677
f 2678 2679 2680
f 2679 2681 2682
f 2676 2646 2678
f 2678 2646 2679
f 2679 2646 2681
f 2681 2646 2683
f 2683 2646 2684
f 2678 2680 2677
f 2679 2682 2680
f 2681 2683 2685
f 2683 2684 2686
f 2681 2685 2682
f 2683 2686 2685
f 2684 2687 2686
f 2634 2673 2652
f 2673 2675 2688
f 2673 2688 2652
f 2675 2677 2689
f 2677 2680 2690
f 2675 2689 2688
f 2677 2690 2689
f 2680 2682 2691
f 2682 2685 2692
f 2680 2691 2690
f 2682 2692 2691
f 2685 2686 2693
f 2686 2687 2694
f 2685 2693 2692
f 2686 2694 2693
f 2659 2662 2646
f 2662 2664 2646
f 2646 2664 2695
f 2646 2695 2696
f 2646 2696 2697
f 2646 2697 2698
f 2646 2698 2699
f 2646 2699 2700
f 2646 2701 2702
f 2646 2700 2701
f 2665 2695 2664
f 2695 2671 2696
f 2696 2703 2697
f 2697 2704 2698
f 2698 2705 2699
f 2665 2671 2695
f 2696 2671 2703
f 2697 2703 2704
f 2698 2704 2705
f 2699 2705 2706
f 2684 2646 2707
f 2646 2708 2707
f 2646 2709 2708
f 2684 2707 2687
f 2646 2710 2709
f 2646 2702 2711
f 2646 2711 2710
f 2707 2708 2712
f 2708 2709 2713
f 2709 2710 2714
f 2710 2711 2715
f 2707 2712 2687
f 2708 2713 2712
f 2709 2714 2713
f 2710 2715 2714
f 2699 2706 2700
f 2701 2700 2716
f 2711 2702 2717
f 2701 2718 2702
f 2700 2706 2716
f 2701 2716 2718
f 2711 2717 2715
f 2702 2718 2717
f 2671 2672 2703
f 2703 2719 2704
f 2703 2672 2719
f 2704 2719 2720
f 2704 2720 2705
f 2705 2721 2706
f 2705 2720 2721
f 2687 2712 2722
f 2687 2722 2694
f 2712 2723 2722
f 2712 2713 2723
f 2713 2714 2724
f 2713 2724 2723
f 2706 2725 2716
f 2716 2726 2718
f 2706 2721 2725
f 2716 2725 2726
f 2714 2715 2727
f 2717 2728 2715
f 2714 2727 2724
f 2715 2728 2727
f 2717 2718 2729
f 2717 2729 2728
f 2718 2726 2729
f 2648 2730 2649
f 2649 2730 2731
f 2648 2732 2730
f 2648 2650 2732
f 2650 2651 2733
f 2650 2733 2732
f 2651 2734 2733
f 2730 2732 2735
f 2732 2733 2736
f 2649 2731 2653
f 2653 2737 2654
f 2653 2731 2737
f 2654 2737 2738
f 2654 2738 2655
f 2655 2739 2666
f 2655 2738 2739
f 2730 2740 2731
f 2737 2731 2741
f 2737 2742 2738
f 2738 2743 2739
f 2732 2736 2735
f 2737 2741 2742
f 2738 2742 2743
f 2739 2743 2744
f 2731 2740 2741
f 2730 2735 2740
f 2740 2745 2741
f 2740 2735 2746
f 2742 2747 2743
f 2742 2741 2748
f 2743 2749 2744
f 2741 2745 2748
f 2742 2748 2747
f 2740 2746 2745
f 2743 2747 2749
f 2666 2750 2667
f 2666 2739 2750
f 2667 2750 2751
f 2667 2751 2668
f 2668 2752 2669
f 2668 2751 2752
f 2739 2744 2750
f 2750 2753 2751
f 2751 2754 2752
f 2752 2755 2756
f 2669 2752 2756
f 2669 2756 2670
f 2670 2757 2672
f 2670 2756 2757
f 2672 2757 2758
f 2756 2759 2757
f 2757 2760 2758
f 2750 2744 2753
f 2751 2753 2754
f 2744 2761 2753
f 2744 2749 2761
f 2753 2762 2754
f 2753 2761 2762
f 2754 2762 2763
f 2752 2754 2755
f 2756 2755 2759
f 2754 2763 2755
f 2755 2764 2759
f 2755 2763 2764
f 2759 2764 2765
f 2759 2765 2760
f 2757 2759 2760
f 2651 2652 2734
f 2652 2688 2766
f 2652 2766 2734
f 2688 2689 2767
f 2689 2690 2768
f 2688 2767 2766
f 2689 2768 2767
f 2733 2734 2769
f 2734 2766 2770
f 2766 2767 2771
f 2767 2768 2772
f 2690 2691 2773
f 2691 2692 2774
f 2690 2773 2768
f 2691 2774 2773
f 2692 2693 2775
f 2693 2694 2776
f 2692 2775 2774
f 2693 2776 2775
f 2768 2773 2777
f 2773 2774 2778
f 2774 2775 2779
f 2775 2776 2780
f 2733 2769 2736
f 2734 2770 2769
f 2766 2771 2770
f 2736 2769 2781
f 2735 2736 2782
f 2735 2782 2746
f 2736 2781 2782
f 2769 2770 2783
f 2769 2783 2781
f 2770 2784 2783
f 2767 2772 2771
f 2768 2777 2772
f 2770 2771 2784
f 2771 2772 2785
f 2771 2785 2784
f 2772 2777 2786
f 2772 2786 2785
f 2777 2787 2786
f 2745 2746 2788
f 2748 2745 2788
f 2747 2748 2788
f 2782 2788 2746
f 2782 2781 2788
f 2781 2783 2788
f 2783 2784 2788
f 2784 2785 2788
f 2785 2786 2788
f 2773 2778 2777
f 2774 2779 2778
f 2775 2780 2779
f 2777 2778 2787
f 2778 2779 2789
f 2778 2789 2787
f 2672 2758 2719
f 2719 2790 2720
f 2719 2758 2790
f 2720 2791 2721
f 2721 2792 2725
f 2720 2790 2791
f 2721 2791 2792
f 2758 2793 2790
f 2790 2794 2791
f 2791 2795 2792
f 2792 2796 2797
f 2694 2722 2798
f 2694 2798 2776
f 2722 2799 2798
f 2722 2723 2799
f 2723 2724 2800
f 2723 2800 2799
f 2776 2798 2801
f 2798 2799 2802
f 2799 2800 2803
f 2725 2797 2726
f 2726 2804 2729
f 2725 2792 2797
f 2726 2797 2804
f 2724 2727 2805
f 2727 2728 2806
f 2724 2805 2800
f 2727 2806 2805
f 2729 2807 2728
f 2729 2804 2807
f 2728 2807 2806
f 2797 2808 2804
f 2804 2809 2807
f 2806 2807 2810
f 2806 2811 2805
f 2800 2805 2812
f 2760 2765 2813
f 2793 2813 2814
f 2747 2788 2749
f 2749 2788 2761
f 2761 2788 2762
f 2762 2788 2763
f 2763 2788 2764
f 2764 2788 2765
f 2765 2788 2813
f 2813 2788 2814
f 2814 2788 2815
f 2815 2788 2816
f 2786 2787 2788
f 2787 2789 2788
f 2789 2817 2788
f 2788 2817 2818
f 2788 2818 2819
f 2788 2819 2820
f 2816 2788 2821
f 2821 2788 2822
f 2822 2788 2823
f 2788 2824 2825
f 2823 2788 2826
f 2826 2788 2825
f 2788 2820 2824
f 2758 2760 2793
f 2790 2793 2794
f 2760 2813 2793
f 2793 2814 2794
f 2794 2814 2815
f 2794 2815 2795
f 2795 2815 2816
f 2796 2816 2821
f 2795 2816 2796
f 2808 2821 2822
f 2809 2822 2823
f 2796 2821 2808
f 2808 2822 2809
f 2791 2794 2795
f 2792 2795 2796
f 2797 2796 2808
f 2779 2817 2789
f 2780 2818 2817
f 2801 2819 2818
f 2779 2780 2817
f 2780 2801 2818
f 2801 2802 2819
f 2803 2824 2820
f 2812 2825 2824
f 2811 2826 2825
f 2802 2803 2820
f 2802 2820 2819
f 2803 2812 2824
f 2776 2801 2780
f 2798 2802 2801
f 2799 2803 2802
f 2800 2812 2803
f 2807 2809 2810
f 2806 2810 2811
f 2809 2823 2810
f 2811 2810 2826
f 2810 2823 2826
f 2811 2825 2812
f 2804 2808 2809
f 2805 2811 2812
f 2827 2828 818
f 2828 815 812
f 2828 812 819
f 2828 819 818
f 2827 818 820
f 2827 820 821
f 2829 2830 2831
f 2829 822 827
f 2827 821 822
f 2827 822 2829
f 2829 827 826
f 2829 826 828
f 2829 828 830
f 2829 830 2830
f 2830 2832 2833
f 2830 830 829
f 2830 829 831
f 2830 831 2832
f 2832 831 832
f 2832 2834 2835
f 2832 832 857
f 2832 857 858
f 2832 858 859
f 2832 859 861
f 2832 861 2834
f 2834 861 862
f 2834 862 865
f 2834 865 866
f 2834 866 867
f 2834 867 2836
f 2836 867 868
f 2836 868 874
f 2836 874 875
f 2837 2838 2839
f 2837 2839 2840
f 2837 2840 2841
f 2837 2841 2842
f 2843 2838 2837
f 2843 2844 2845
f 2845 2846 2847
f 2843 2837 2842
f 2843 2842 2844
f 2840 2839 2831
f 2840 2831 2848
f 2848 2833 2849
f 2848 2831 2833
f 2849 2833 2835
f 2840 2848 2850
f 2850 2848 2851
f 2841 2840 2850
f 2850 2851 2852
f 2841 2850 2852
f 2851 2849 2853
f 2851 2848 2849
f 2853 2854 2855
f 2853 2849 2854
f 2851 2853 2852
f 2853 2855 2852
f 2856 2857 2847
f 2845 2844 2846
f 2846 2856 2847
f 2856 2858 2857
f 2842 2841 2852
f 2842 2852 2844
f 2844 2852 2846
f 2846 2852 2856
f 2856 2852 2858
f 2858 2852 2859
f 2859 2852 2860
f 2860 2852 2861
f 2852 2862 2861
f 2852 2863 2862
f 2864 815 2828
f 2864 813 815
f 2864 814 813
f 2864 882 814
f 2865 2866 2864
f 2867 2866 2868
f 2867 2864 2866
f 2867 2868 2869
f 2827 2838 2828
f 2827 2839 2838
f 2843 2865 2838
f 2865 2828 2838
f 2865 2864 2828
f 2869 2868 2870
f 2843 2845 2865
f 2845 2866 2865
f 2866 2847 2868
f 2845 2847 2866
f 2868 2847 2857
f 2870 2857 2871
f 2868 2857 2870
f 2870 2871 2872
f 2864 883 882
f 2867 884 883
f 2867 886 884
f 2867 883 2864
f 2869 885 886
f 2869 887 885
f 2869 2873 889
f 2869 889 887
f 2867 2869 886
f 2869 2874 2873
f 2873 891 888
f 2873 888 890
f 2873 892 891
f 2873 2875 892
f 2875 893 892
f 2875 894 893
f 2873 890 889
f 2873 2874 2875
f 2875 2874 2876
f 2875 2876 2877
f 2869 2870 2874
f 2874 2870 2872
f 2874 2872 2876
f 2876 2878 2877
f 2872 2879 2876
f 2876 2879 2878
f 2878 2879 2880
f 2878 2881 2882
f 2878 2880 2881
f 2829 2831 2839
f 2827 2829 2839
f 2830 2833 2831
f 2881 2883 2884
f 2881 2885 2883
f 2883 2886 2887
f 2858 2871 2857
f 2858 2859 2871
f 2871 2859 2888
f 2872 2871 2888
f 2872 2888 2879
f 2888 2889 2879
f 2879 2889 2880
f 2888 2859 2860
f 2888 2860 2889
f 2860 2861 2889
f 2861 2890 2889
f 2889 2890 2880
f 2880 2890 2885
f 2861 2862 2890
f 2862 2863 2891
f 2890 2862 2891
f 2885 2891 2886
f 2890 2891 2885
f 2881 2880 2885
f 2883 2885 2886
f 2849 2835 2854
f 2854 2892 2893
f 2854 2835 2892
f 2893 2892 2894
f 2893 2894 2895
f 2855 2854 2893
f 2855 2893 2896
f 2852 2855 2896
f 2852 2896 2897
f 2896 2893 2895
f 2896 2895 2897
f 2897 2898 2899
f 2897 2895 2898
f 2895 2900 2898
f 2899 2898 2901
f 2899 2901 2902
f 2901 2903 2902
f 2852 2897 2899
f 2852 2899 2902
f 2852 2904 2863
f 2852 2905 2906
f 2852 2906 2907
f 2852 2907 2904
f 2852 2902 2908
f 2852 2908 2905
f 2902 2903 2908
f 2908 2903 2909
f 2908 2909 2905
f 2906 2905 2910
f 2833 2832 2835
f 2834 2892 2835
f 2834 2836 2892
f 2836 2894 2892
f 2895 2894 2900
f 2887 2911 2912
f 2912 2913 2914
f 2913 2915 2916
f 2913 2917 2915
f 2913 2916 2918
f 2912 2917 2913
f 2894 2919 2900
f 2836 875 2919
f 2836 2919 2894
f 2900 2919 2920
f 2919 875 876
f 2919 876 895
f 2919 895 896
f 2919 896 897
f 2919 897 2920
f 2900 2920 2921
f 2920 2922 2921
f 2898 2900 2921
f 2898 2921 2901
f 2901 2921 2923
f 2901 2923 2903
f 2903 2923 2924
f 2903 2924 2909
f 2925 2910 2909
f 2921 2922 2923
f 2923 2926 2924
f 2924 2925 2909
f 2925 2915 2910
f 2920 897 900
f 2920 900 901
f 2920 901 902
f 2920 902 903
f 2922 903 905
f 2923 2922 2926
f 2920 903 2922
f 2922 2927 2926
f 2922 905 908
f 2927 908 909
f 2927 909 910
f 2927 910 980
f 2922 908 2927
f 2926 2927 2928
f 2926 2928 2929
f 2924 2926 2929
f 2924 2929 2925
f 2925 2929 2916
f 2925 2916 2915
f 2916 2929 2930
f 2929 2928 2930
f 2863 2931 2891
f 2863 2904 2931
f 2904 2932 2931
f 2931 2911 2886
f 2931 2932 2911
f 2891 2931 2886
f 2906 2910 2933
f 2905 2909 2910
f 2907 2932 2904
f 2907 2933 2932
f 2906 2933 2907
f 2932 2933 2917
f 2911 2932 2917
f 2915 2933 2910
f 2917 2933 2915
f 2887 2886 2911
f 2912 2911 2917
f 894 915 914
f 2875 915 894
f 2877 916 915
f 2877 917 916
f 2877 918 917
f 2875 2877 915
f 2877 919 918
f 2877 2934 919
f 2877 2882 2934
f 2934 920 919
f 2934 922 920
f 2934 921 922
f 2934 2935 921
f 2935 923 921
f 2935 924 923
f 2935 925 924
f 2935 926 925
f 2934 2882 2935
f 2935 2882 2884
f 2935 2884 2936
f 2878 2882 2877
f 2881 2884 2882
f 2935 927 926
f 2935 2936 927
f 2936 928 927
f 2936 929 928
f 2936 930 929
f 2936 931 930
f 2936 934 931
f 2936 935 934
f 2936 936 935
f 2936 937 936
f 2883 2937 2884
f 2936 2884 2937
f 2936 2937 2938
f 2937 2887 2939
f 2883 2887 2937
f 2938 2937 2939
f 2938 2939 2940
f 2936 2938 937
f 2938 940 937
f 2938 941 940
f 2938 2941 941
f 2941 942 941
f 2941 943 942
f 2941 944 943
f 2938 2940 2941
f 2941 2940 944
f 2940 947 944
f 2940 948 947
f 2940 949 948
f 2942 2918 2943
f 2912 2914 2939
f 2887 2912 2939
f 2939 2914 2940
f 2940 2914 2942
f 2913 2918 2914
f 2914 2918 2942
f 2943 2918 2930
f 2940 2942 949
f 2942 967 949
f 2942 968 967
f 2942 972 968
f 972 971 970
f 2942 2943 972
f 2943 971 972
f 2927 980 2928
f 2928 980 981
f 2928 981 983
f 2928 983 984
f 2928 984 977
f 2944 2930 2928
f 2944 977 976
f 2944 976 978
f 2944 978 979
f 2943 2930 2944
f 2943 2944 979
f 2944 2928 977
f 2916 2930 2918
f 2943 979 990
f 2943 990 989
f 2943 989 971
f 2945 2946 2947
f 2948 2949 2945
f 2948 2950 2951
f 2946 2952 2947
f 2948 2951 2949
f 2950 2953 2951
f 2945 2949 2946
f 2954 2955 2956
f 2957 2958 2955
f 2959 2960 2958
f 2961 2953 2950
f 2961 2954 2956
f 2948 2945 2962
f 2948 2962 2950
f 2961 2950 2962
f 2961 2962 2954
f 2954 2962 2957
f 2954 2957 2955
f 2959 2958 2957
f 2959 2963 2960
f 2959 2957 2962
f 2959 2962 2963
f 2963 2962 2964
f 2962 2965 2964
f 2962 2966 2965
f 2961 2956 2953
f 2946 2949 2967
f 2946 2968 2952
f 2952 2968 2969
f 2946 2967 2968
f 2949 2951 2970
f 2951 2953 2971
f 2949 2970 2967
f 2951 2971 2970
f 2956 2972 2953
f 2956 2955 2973
f 2953 2972 2971
f 2956 2973 2972
f 2955 2958 2974
f 2955 2974 2973
f 2958 2975 2974
f 2976 2977 2978
f 2978 2979 2980
f 2980 2981 2982
f 2945 2947 2962
f 2947 2976 2962
f 2976 2978 2962
f 2947 2952 2976
f 2978 2980 2962
f 2980 2982 2962
f 2982 2983 2962
f 2976 2952 2977
f 2978 2977 2979
f 2980 2979 2981
f 2982 2984 2983
f 2983 2985 2986
f 2986 2987 2988
f 2988 2989 2990
f 2982 2981 2984
f 2983 2984 2985
f 2986 2985 2987
f 2988 2987 2989
f 2990 2989 2991
f 2983 2986 2962
f 2986 2988 2962
f 2988 2990 2962
f 2962 2990 2992
f 2962 2992 2993
f 2962 2993 2994
f 2962 2994 2995
f 2962 2995 2996
f 2962 2996 2997
f 2962 2997 2998
f 2990 2991 2992
f 2992 2999 2993
f 2993 3000 2994
f 2994 3001 2995
f 2996 2995 3002
f 2992 2991 2999
f 2993 2999 3000
f 2995 3001 3002
f 2994 3000 3001
f 2977 2952 2969
f 2977 3003 2979
f 2977 2969 3003
f 2979 3004 2981
f 2979 3003 3004
f 2981 3004 3005
f 2981 3005 2984
f 2984 3006 2985
f 2984 3005 3006
f 2985 3006 3007
f 2985 3007 2987
f 2987 3008 2989
f 2987 3007 3008
f 2989 3009 2991
f 2991 3010 2999
f 2989 3008 3009
f 2991 3009 3010
f 2999 3011 3000
f 3000 3012 3001
f 2999 3010 3011
f 3000 3011 3012
f 3001 3013 3002
f 3001 3012 3013
f 3002 3013 3014
f 2963 3015 2960
f 2963 2964 3015
f 2964 2965 3016
f 2965 2966 3017
f 2962 3018 2966
f 2962 3019 3018
f 2966 3018 3020
f 3018 3019 3021
f 3019 3022 3023
f 2964 3016 3015
f 2965 3017 3016
f 2966 3020 3017
f 3018 3021 3020
f 3019 3023 3021
f 2958 2960 2975
f 2960 3015 3024
f 3015 3016 3025
f 2960 3024 2975
f 3015 3025 3024
f 3016 3026 3025
f 3016 3017 3026
f 3017 3020 3027
f 3020 3021 3028
f 3017 3027 3026
f 3020 3028 3027
f 3021 3023 3029
f 3021 3029 3028
f 3023 3030 3029
f 2962 3022 3019
f 2962 3031 3022
f 2962 3032 3031
f 2962 2998 3032
f 3031 3032 3033
f 2998 2997 3034
f 3032 2998 3035
f 3031 3036 3022
f 2998 3034 3035
f 3023 3022 3036
f 3031 3033 3036
f 3032 3035 3033
f 2996 3037 2997
f 2997 3037 3034
f 2996 3002 3037
f 3023 3036 3030
f 3036 3033 3038
f 3036 3038 3030
f 3033 3035 3039
f 3035 3040 3039
f 3033 3039 3038
f 3035 3034 3040
f 3037 3041 3034
f 3037 3014 3041
f 3034 3041 3040
f 3002 3014 3037
f 2970 2971 3042
f 2968 2967 3043
f 2968 3044 2969
f 2968 3043 3044
f 2969 3044 3045
f 2970 3046 2967
f 2967 3046 3043
f 2970 3042 3046
f 3044 3047 3045
f 3046 3042 3048
f 3043 3046 3049
f 3044 3043 3050
f 2971 2972 3051
f 2972 2973 3052
f 2971 3051 3042
f 2972 3052 3051
f 2973 2974 3053
f 2973 3053 3052
f 2974 3054 3053
f 3042 3051 3055
f 3051 3052 3056
f 3052 3053 3057
f 3053 3054 3058
f 3045 3047 3059
f 3046 3048 3049
f 3044 3050 3047
f 3043 3049 3050
f 3049 3060 3050
f 3047 3050 3061
f 3047 3061 3062
f 3052 3057 3056
f 3053 3058 3057
f 3042 3055 3048
f 3051 3056 3055
f 3049 3048 3063
f 3048 3055 3064
f 3055 3056 3065
f 3055 3065 3064
f 3049 3063 3060
f 3050 3060 3061
f 3048 3064 3063
f 3056 3057 3066
f 3056 3066 3065
f 3057 3067 3066
f 3057 3058 3067
f 3058 3068 3069
f 3058 3069 3067
f 3069 3068 3070
f 3060 3063 3071
f 3064 3065 3071
f 3063 3064 3071
f 3065 3066 3071
f 3066 3067 3071
f 3067 3069 3071
f 3069 3070 3071
f 3070 3072 3071
f 3071 3072 3073
f 2969 3045 3003
f 3003 3074 3004
f 3003 3045 3074
f 3004 3075 3005
f 3004 3074 3075
f 3005 3075 3076
f 3074 3077 3075
f 3045 3059 3074
f 3075 3078 3076
f 3005 3076 3006
f 3006 3079 3007
f 3006 3076 3079
f 3007 3079 3080
f 3007 3080 3008
f 3008 3081 3009
f 3008 3080 3081
f 3009 3082 3010
f 3010 3083 3011
f 3009 3081 3082
f 3010 3082 3083
f 3076 3084 3079
f 3079 3085 3080
f 3080 3086 3081
f 3081 3087 3082
f 3082 3088 3083
f 3011 3089 3012
f 3011 3083 3089
f 3012 3089 3090
f 3012 3090 3013
f 3013 3091 3014
f 3013 3090 3091
f 3014 3091 3092
f 3083 3093 3089
f 3089 3094 3090
f 3092 3095 3096
f 3090 3097 3091
f 3091 3098 3092
f 3074 3059 3077
f 3075 3077 3078
f 3076 3078 3084
f 3047 3062 3059
f 3077 3059 3099
f 3077 3100 3078
f 3078 3100 3101
f 3059 3062 3099
f 3077 3099 3100
f 3078 3101 3084
f 3084 3101 3102
f 3084 3102 3085
f 3085 3103 3086
f 3085 3102 3103
f 3086 3103 3104
f 3079 3084 3085
f 3080 3085 3086
f 3081 3086 3087
f 3086 3104 3087
f 3087 3105 3088
f 3087 3104 3105
f 3088 3106 3093
f 3082 3087 3088
f 3083 3088 3093
f 3107 3108 3109
f 3108 3110 3111
f 3061 3071 3062
f 3099 3062 3071
f 3099 3071 3100
f 3100 3071 3101
f 3101 3071 3102
f 3061 3060 3071
f 3102 3071 3103
f 3103 3071 3104
f 3104 3071 3105
f 3105 3071 3106
f 3106 3071 3112
f 3112 3071 3113
f 3113 3071 3114
f 3071 3073 3115
f 3071 3115 3116
f 3071 3116 3117
f 3071 3117 3118
f 3119 3110 3071
f 3119 3071 3118
f 3114 3071 3120
f 3120 3071 3107
f 3107 3071 3108
f 3108 3071 3110
f 3088 3105 3106
f 3093 3106 3112
f 3093 3112 3094
f 3094 3112 3113
f 3097 3113 3114
f 3097 3094 3113
f 3089 3093 3094
f 3090 3094 3097
f 3092 3098 3095
f 3098 3120 3095
f 3098 3114 3120
f 3095 3120 3107
f 3097 3114 3098
f 3095 3107 3109
f 3091 3097 3098
f 2974 2975 3054
f 2975 3024 3121
f 2975 3121 3054
f 3024 3122 3121
f 3024 3025 3122
f 3025 3026 3123
f 3025 3123 3122
f 3054 3121 3068
f 3121 3122 3124
f 3026 3027 3125
f 3027 3028 3126
f 3026 3125 3123
f 3027 3126 3125
f 3028 3029 3127
f 3028 3127 3126
f 3029 3128 3127
f 3122 3123 3129
f 3123 3125 3130
f 3125 3126 3131
f 3126 3127 3132
f 3054 3068 3058
f 3121 3124 3068
f 3122 3129 3124
f 3070 3068 3124
f 3124 3129 3072
f 3070 3124 3072
f 3129 3073 3072
f 3130 3115 3073
f 3131 3116 3115
f 3129 3130 3073
f 3130 3131 3115
f 3131 3132 3116
f 3123 3130 3129
f 3125 3131 3130
f 3126 3132 3131
f 3029 3030 3128
f 3030 3038 3133
f 3030 3133 3128
f 3039 3134 3038
f 3038 3134 3133
f 3039 3135 3134
f 3134 3135 3111
f 3128 3133 3136
f 3127 3128 3137
f 3134 3138 3133
f 3041 3096 3040
f 3041 3092 3096
f 3040 3096 3135
f 3014 3092 3041
f 3039 3040 3135
f 3096 3109 3135
f 3132 3117 3116
f 3137 3118 3117
f 3119 3118 3136
f 3132 3137 3117
f 3136 3118 3137
f 3134 3111 3138
f 3110 3138 3111
f 3119 3138 3110
f 3108 3111 3109
f 3119 3136 3138
f 3127 3137 3132
f 3128 3136 3137
f 3133 3138 3136
f 3135 3109 3111
f 3096 3095 3109
f 3139 3140 3141
f 3139 3142 3140
f 3139 3141 3143
f 3143 3144 3145
f 3139 3146 3142
f 3147 3146 3148
f 3142 3146 3147
f 3145 3149 3146
f 3143 3145 3146
f 3150 3146 3149
f 3150 3151 3146
f 3139 3143 3146
f 3151 3152 3146
f 3152 3153 3146
f 3147 3148 3154
f 3147 3154 3155
f 3142 3155 3140
f 3142 3147 3155
f 3154 3156 3157
f 3154 3148 3156
f 3156 3158 3159
f 3159 3158 3160
f 3156 3148 3161
f 3146 3161 3148
f 3156 3161 3158
f 3161 3162 3158
f 3158 3162 3163
f 3146 3162 3161
f 3146 3164 3162
f 3146 3165 3164
f 3162 3164 3163
f 3164 3165 3166
f 3163 3164 3166
f 3158 3163 3160
f 3163 3167 3160
f 3163 3166 3167
f 3167 3166 3168
f 3145 3169 3149
f 3169 3170 3149
f 3143 3141 3144
f 3145 3144 3169
f 3144 3171 3169
f 3169 3172 3170
f 3169 3171 3172
f 3150 3149 3170
f 3150 3170 3173
f 3150 3173 3151
f 3170 3172 3174
f 3170 3174 3173
f 3151 3175 3152
f 3151 3173 3175
f 3152 3176 3153
f 3152 3175 3176
f 3173 3177 3175
f 3174 3177 3173
f 3175 3177 3178
f 3172 3179 3174
f 3174 3180 3177
f 3181 3182 3183
f 3184 3185 3182
f 3155 3182 3140
f 3141 3140 3185
f 3141 3186 3144
f 3185 3140 3182
f 3155 3154 3183
f 3154 3157 3183
f 3155 3183 3182
f 3141 3185 3186
f 3144 3186 3171
f 3187 3183 3157
f 3187 3181 3183
f 3187 3157 3188
f 3187 3188 130
f 3188 165 168
f 3188 167 165
f 3188 168 169
f 3188 169 130
f 3156 3159 3157
f 3157 3159 3188
f 3159 3160 3189
f 3160 3190 3189
f 3188 3159 3189
f 3188 3189 167
f 3185 3191 3186
f 3184 3191 3185
f 3191 3192 3193
f 3191 3194 3192
f 3186 3193 3171
f 3193 3195 3171
f 3171 3195 3172
f 3186 3191 3193
f 3193 3196 3195
f 3181 3184 3182
f 3181 3197 3184
f 3187 131 132
f 3187 136 3181
f 3187 132 133
f 3187 130 129
f 3187 129 131
f 3187 134 136
f 3187 133 134
f 3181 136 137
f 3181 137 138
f 3184 3194 3191
f 3184 3197 3194
f 3197 135 141
f 3197 141 140
f 3197 140 139
f 3181 138 135
f 3181 135 3197
f 3160 3167 3190
f 3167 3168 3198
f 3172 3195 3179
f 3195 3199 3179
f 3174 3179 3180
f 3177 3180 3200
f 3146 3201 3202
f 3146 3203 3201
f 3146 3153 3204
f 3146 3205 3206
f 3146 3206 3207
f 3146 3204 3205
f 3146 3208 3203
f 3146 3207 3208
f 3203 3208 3209
f 3207 3210 3208
f 3206 3211 3207
f 3207 3211 3210
f 3146 3212 3165
f 3146 3202 3212
f 3166 3165 3213
f 3165 3212 3213
f 3213 3212 3214
f 3212 3202 3214
f 3201 3215 3202
f 3214 3202 3215
f 3201 3203 3216
f 3203 3209 3216
f 3201 3216 3215
f 3208 3210 3209
f 3215 3216 3217
f 3166 3213 3168
f 3213 3218 3168
f 3213 3214 3218
f 3214 3215 3219
f 3214 3219 3218
f 3219 3215 3217
f 3153 3176 3220
f 3153 3220 3204
f 3175 3178 3176
f 3176 3178 3221
f 3176 3221 3220
f 3204 3222 3205
f 3204 3220 3222
f 3205 3223 3206
f 3205 3222 3223
f 3206 3223 3211
f 3220 3224 3222
f 3220 3221 3224
f 3222 3225 3223
f 3222 3224 3225
f 3177 3200 3178
f 3178 3226 3221
f 3168 3218 3227
f 3218 3219 3228
f 3219 3229 3228
f 3219 3217 3229
f 3217 3230 3229
f 3178 3200 3226
f 3221 3231 3224
f 3221 3226 3231
f 3200 3232 3226
f 3226 3233 3231
f 3209 3210 3234
f 3211 3235 3210
f 3223 3236 3211
f 3209 3237 3216
f 3210 3235 3234
f 3209 3234 3237
f 3223 3225 3236
f 3211 3236 3235
f 3236 3238 3235
f 3216 3237 3217
f 3217 3237 3230
f 3234 3239 3237
f 3234 3235 3240
f 3235 3238 3240
f 3234 3240 3239
f 3230 3237 3239
f 3230 229 228
f 3230 143 229
f 3239 146 144
f 3230 3239 143
f 3239 144 143
f 3239 147 146
f 3239 3240 149
f 3239 149 147
f 3224 3241 3225
f 3224 3231 3241
f 3225 3242 3236
f 3236 3242 3238
f 3225 3241 3242
f 3231 3243 3241
f 3238 152 3240
f 3242 154 3238
f 3238 154 153
f 3240 150 149
f 3240 152 150
f 3238 153 152
f 3242 3241 3244
f 3242 156 154
f 3242 3244 156
f 3241 3243 3244
f 3244 158 156
f 3244 314 158
f 3189 166 167
f 3189 171 166
f 3189 172 171
f 3189 3190 174
f 3189 174 172
f 3190 175 174
f 3167 3198 3190
f 3190 3198 184
f 3190 176 175
f 3190 173 176
f 3190 184 173
f 3198 185 184
f 3198 181 185
f 3198 3168 3227
f 3198 182 181
f 3198 3227 182
f 3227 186 182
f 3227 187 186
f 3218 3228 3227
f 3227 207 187
f 3227 3228 207
f 3228 208 207
f 3228 209 208
f 3228 213 209
f 3228 3229 213
f 3229 218 213
f 3229 217 218
f 3229 219 217
f 3229 220 219
f 3230 220 3229
f 3230 228 220
f 3193 3192 3196
f 3195 3196 3199
f 3192 3245 3196
f 3197 259 3194
f 3194 3246 3192
f 3197 139 257
f 3197 257 258
f 3197 258 259
f 3194 259 260
f 3194 260 261
f 3194 261 262
f 3246 3245 3192
f 3194 262 3246
f 3246 262 263
f 3246 263 264
f 3246 264 265
f 3246 265 266
f 3196 3245 3247
f 3246 266 269
f 266 267 269
f 3246 269 3245
f 3245 269 270
f 3245 270 272
f 3245 272 275
f 272 273 275
f 3179 3199 3248
f 3196 3247 3199
f 3199 3247 3249
f 3179 3248 3180
f 3180 3248 3250
f 3199 3249 3248
f 3248 3249 3251
f 3245 275 3247
f 3247 275 276
f 3247 276 277
f 3247 277 279
f 3247 279 3249
f 3249 279 282
f 3249 282 283
f 3249 283 300
f 3180 3250 3200
f 3200 3250 3232
f 3248 3251 3250
f 3250 3251 3252
f 3226 3232 3233
f 3250 3252 3232
f 3232 3252 3253
f 3249 300 3251
f 3251 300 302
f 3251 302 306
f 3251 305 3252
f 3251 306 305
f 3252 308 324
f 3252 305 307
f 3252 307 308
f 3231 3233 3243
f 3244 3243 314
f 3243 315 314
f 3243 316 315
f 3233 319 3243
f 3233 321 319
f 3243 318 316
f 3243 319 318
f 3232 3253 3233
f 3252 328 3253
f 3233 3253 321
f 3253 313 312
f 3253 312 321
f 3253 328 313
f 3252 325 326
f 3252 326 327
f 3252 327 328
f 3252 324 325
f 3254 3255 3256
f 3254 3257 3258
f 3259 3260 3255
f 3259 3261 3262
f 3254 3256 3257
f 3258 3257 3263
f 3255 3260 3256
f 3259 3262 3260
f 3258 3263 3264
f 3264 3265 3266
f 3266 3267 3268
f 3268 3269 3270
f 3258 3264 3271
f 3254 3258 3271
f 3264 3266 3271
f 3266 3268 3271
f 3268 3270 3271
f 3270 3272 3271
f 3270 3273 3272
f 3264 3263 3265
f 3266 3265 3267
f 3268 3267 3269
f 3270 3269 3273
f 3261 3274 3275
f 3274 3276 3277
f 3276 3278 3279
f 3278 3280 3281
f 3280 3282 3283
f 3261 3275 3262
f 3274 3277 3275
f 3276 3279 3277
f 3278 3281 3279
f 3280 3283 3281
f 3259 3255 3271
f 3254 3271 3255
f 3259 3271 3261
f 3261 3271 3274
f 3274 3271 3276
f 3276 3271 3278
f 3278 3271 3280
f 3280 3271 3282
f 3271 3284 3282
f 3271 3285 3284
f 3256 3286 3257
f 3256 3287 3286
f 3257 3286 3288
f 3263 3257 3288
f 3263 3289 3265
f 3263 3288 3289
f 3265 3289 3290
f 3256 3260 3287
f 3260 3262 3291
f 3260 3291 3287
f 3262 3292 3291
f 3265 3290 3267
f 3267 3293 3269
f 3267 3290 3293
f 3269 3294 3273
f 3269 3293 3294
f 3273 3294 3295
f 3262 3275 3292
f 3275 3277 3296
f 3275 3296 3292
f 3277 3279 3297
f 3279 3281 3298
f 3277 3297 3296
f 3279 3298 3297
f 3272 3299 3300
f 3300 3301 3302
f 3273 3299 3272
f 3300 3299 3301
f 3302 3301 3303
f 3271 3272 3300
f 3271 3300 3302
f 3271 3302 3304
f 3271 3304 3305
f 3271 3305 3306
f 3302 3303 3304
f 3304 3307 3305
f 3305 3308 3306
f 3271 3306 3309
f 3271 3309 3310
f 3271 3310 3311
f 3271 3311 3312
f 3271 3312 3313
f 3306 3314 3309
f 3309 3315 3310
f 3304 3303 3307
f 3305 3307 3308
f 3306 3308 3314
f 3309 3314 3315
f 3310 3315 3316
f 3273 3295 3299
f 3299 3317 3301
f 3299 3295 3317
f 3301 3317 3318
f 3301 3318 3303
f 3303 3319 3307
f 3303 3318 3319
f 3307 3319 3320
f 3307 3320 3308
f 3308 3321 3314
f 3308 3320 3321
f 3314 3321 3322
f 3314 3322 3315
f 3315 3323 3316
f 3315 3322 3323
f 3282 3324 3283
f 3282 3284 3324
f 3284 3285 3325
f 3285 3326 3327
f 3271 3326 3285
f 3271 3328 3326
f 3271 3329 3328
f 3271 3330 3329
f 3326 3328 3331
f 3328 3329 3332
f 3284 3325 3324
f 3285 3327 3325
f 3326 3331 3327
f 3328 3332 3331
f 3281 3333 3298
f 3281 3283 3333
f 3283 3324 3334
f 3283 3334 3333
f 3324 3335 3334
f 3324 3325 3335
f 3325 3327 3336
f 3325 3336 3335
f 3327 3331 3337
f 3327 3337 3336
f 3331 3338 3337
f 3271 3339 3330
f 3271 3313 3339
f 3310 3316 3311
f 3311 3340 3312
f 3313 3312 3341
f 3339 3313 3342
f 3329 3330 3343
f 3330 3339 3344
f 3312 3340 3341
f 3313 3341 3342
f 3329 3343 3332
f 3330 3344 3343
f 3339 3342 3344
f 3311 3316 3340
f 3331 3332 3338
f 3332 3343 3345
f 3332 3345 3338
f 3343 3344 3346
f 3342 3347 3344
f 3343 3346 3345
f 3344 3347 3346
f 3316 3348 3340
f 3340 3349 3341
f 3316 3323 3348
f 3340 3348 3349
f 3342 3341 3350
f 3341 3349 3350
f 3342 3350 3347
f 3288 3286 3351
f 3288 3351 3352
f 3286 3353 3351
f 3288 3352 3289
f 3289 3354 3290
f 3289 3352 3354
f 3290 3354 3355
f 3286 3287 3353
f 3287 3291 3356
f 3287 3356 3353
f 3291 3357 3356
f 3354 3358 3355
f 3354 3352 3359
f 3351 3360 3352
f 3351 3353 3361
f 3353 3356 3362
f 3290 3355 3293
f 3293 3363 3294
f 3293 3355 3363
f 3294 3364 3295
f 3294 3363 3364
f 3295 3364 3365
f 3355 3366 3363
f 3363 3367 3364
f 3364 3368 3365
f 3291 3292 3357
f 3292 3296 3369
f 3292 3369 3357
f 3296 3370 3369
f 3296 3297 3370
f 3297 3298 3371
f 3297 3371 3370
f 3356 3357 3372
f 3357 3369 3373
f 3369 3370 3374
f 3370 3371 3375
f 3354 3359 3358
f 3353 3362 3361
f 3352 3360 3359
f 3351 3361 3360
f 3358 3359 3376
f 3360 3377 3359
f 3360 3361 3378
f 3360 3378 3377
f 3355 3358 3366
f 3363 3366 3367
f 3364 3367 3368
f 3365 3368 3379
f 3358 3380 3366
f 3366 3381 3367
f 3367 3381 3382
f 3359 3377 3376
f 3358 3376 3380
f 3366 3380 3381
f 3367 3382 3368
f 3368 3383 3379
f 3379 3384 3385
f 3368 3382 3383
f 3379 3383 3384
f 3384 3386 3385
f 3356 3372 3362
f 3357 3373 3372
f 3369 3374 3373
f 3361 3362 3387
f 3362 3372 3388
f 3361 3387 3378
f 3362 3388 3387
f 3372 3373 3389
f 3372 3389 3388
f 3373 3390 3389
f 3370 3375 3374
f 3371 3391 3375
f 3373 3374 3390
f 3374 3375 3392
f 3374 3392 3390
f 3375 3391 3393
f 3375 3393 3392
f 3393 3391 3394
f 3380 3395 3381
f 3376 3377 3395
f 3377 3378 3395
f 3376 3395 3380
f 3378 3387 3395
f 3387 3388 3395
f 3388 3389 3395
f 3381 3395 3382
f 3382 3395 3383
f 3383 3395 3384
f 3384 3395 3386
f 3386 3395 3396
f 3395 3397 3396
f 3389 3390 3395
f 3390 3392 3395
f 3392 3393 3395
f 3393 3394 3395
f 3394 3398 3395
f 3398 3399 3395
f 3395 3399 3400
f 3395 3400 3401
f 3395 3401 3402
f 3395 3402 3403
f 3295 3365 3317
f 3317 3404 3318
f 3317 3365 3404
f 3318 3404 3405
f 3318 3405 3319
f 3319 3406 3320
f 3319 3405 3406
f 3320 3406 3407
f 3365 3379 3404
f 3404 3385 3405
f 3405 3408 3406
f 3406 3409 3407
f 3407 3410 3411
f 3320 3407 3321
f 3321 3411 3322
f 3321 3407 3411
f 3322 3411 3412
f 3322 3412 3323
f 3323 3413 3348
f 3323 3412 3413
f 3411 3414 3412
f 3412 3415 3413
f 3413 3416 3417
f 3404 3379 3385
f 3405 3385 3408
f 3386 3408 3385
f 3386 3396 3408
f 3408 3396 3409
f 3406 3408 3409
f 3409 3397 3410
f 3409 3396 3397
f 3410 3397 3418
f 3414 3418 3419
f 3407 3409 3410
f 3411 3410 3414
f 3410 3418 3414
f 3414 3419 3415
f 3415 3419 3420
f 3416 3420 3421
f 3415 3420 3416
f 3422 3423 3424
f 3422 3421 3423
f 3425 3424 3423
f 3416 3421 3422
f 3395 3418 3397
f 3395 3419 3418
f 3395 3420 3419
f 3395 3421 3420
f 3395 3423 3421
f 3395 3425 3423
f 3395 3403 3426
f 3395 3426 3427
f 3395 3427 3425
f 3412 3414 3415
f 3413 3415 3416
f 3417 3416 3422
f 3298 3428 3371
f 3298 3333 3428
f 3333 3334 3429
f 3333 3429 3428
f 3334 3430 3429
f 3371 3428 3391
f 3428 3429 3431
f 3334 3335 3430
f 3335 3336 3432
f 3335 3432 3430
f 3336 3337 3433
f 3336 3433 3432
f 3337 3434 3433
f 3429 3430 3435
f 3430 3432 3436
f 3432 3433 3437
f 3433 3434 3438
f 3428 3431 3391
f 3429 3435 3431
f 3430 3436 3435
f 3394 3391 3431
f 3398 3431 3435
f 3394 3431 3398
f 3398 3435 3399
f 3435 3436 3399
f 3436 3400 3399
f 3437 3401 3400
f 3436 3437 3400
f 3437 3438 3401
f 3401 3438 3402
f 3432 3437 3436
f 3433 3438 3437
f 3337 3338 3434
f 3338 3345 3439
f 3338 3439 3434
f 3345 3346 3440
f 3346 3347 3441
f 3345 3440 3439
f 3346 3441 3440
f 3434 3439 3442
f 3439 3440 3443
f 3441 3444 3440
f 3441 3445 3446
f 3348 3417 3349
f 3349 3447 3350
f 3348 3413 3417
f 3349 3417 3447
f 3347 3350 3445
f 3350 3447 3445
f 3347 3445 3441
f 3417 3422 3447
f 3447 3424 3445
f 3442 3403 3402
f 3425 3427 3446
f 3443 3426 3403
f 3427 3426 3444
f 3438 3442 3402
f 3444 3426 3443
f 3442 3443 3403
f 3445 3424 3446
f 3441 3446 3444
f 3425 3446 3424
f 3427 3444 3446
f 3434 3442 3438
f 3439 3443 3442
f 3440 3444 3443
f 3447 3422 3424
f 3448 1501 1505
f 3449 1502 1501
f 3448 3449 1501
f 3450 3451 1385
f 3448 3451 3452
f 3449 1448 1503
f 3449 1503 1502
f 3449 1466 1448
f 3449 1451 1450
f 3449 1450 1466
f 3449 3453 1452
f 3449 1452 1451
f 3448 3452 3454
f 3449 3454 3455
f 3448 3454 3449
f 3456 3457 3458
f 3458 3459 3460
f 3450 3458 3452
f 3450 3452 3451
f 3461 3450 1388
f 3450 3456 3458
f 3461 3456 3450
f 3461 3462 3456
f 3461 3463 3462
f 3458 3460 3452
f 3452 3460 3454
f 3453 1454 1452
f 3453 1459 1454
f 3453 1461 1459
f 3449 3455 3453
f 3453 3464 1461
f 3464 1462 1461
f 3464 1463 1462
f 3464 1464 1463
f 3464 1465 1464
f 3453 3465 3464
f 3453 3455 3465
f 3454 3466 3455
f 3454 3460 3466
f 3460 3467 3466
f 3455 3468 3465
f 3455 3466 3468
f 3466 3467 3469
f 3466 3469 3468
f 3464 3470 1465
f 3470 1475 1465
f 3470 1476 1475
f 3464 3465 3471
f 3464 3471 3470
f 3470 1479 1476
f 3470 1480 1479
f 3470 3472 1480
f 3472 1494 1480
f 3472 1495 1494
f 3470 3471 3473
f 3470 3473 3472
f 3465 3474 3471
f 3465 3468 3474
f 3468 3469 3475
f 3468 3475 3474
f 3471 3474 3476
f 3476 3477 3473
f 3474 3478 3476
f 3471 3476 3473
f 3472 1496 1495
f 3472 1497 1496
f 3472 3479 1497
f 3479 1499 1497
f 3472 3473 3480
f 3472 3480 3479
f 3479 1522 1499
f 3479 3481 1522
f 3481 1524 1522
f 3476 3482 3477
f 3477 3480 3473
f 3480 3481 3479
f 3477 3483 3480
f 3480 3483 3481
f 3481 3484 3485
f 3481 3483 3484
f 1525 1524 3481
f 3481 1526 1525
f 3481 1530 1526
f 3481 3485 1530
f 3448 1505 1504
f 3448 1504 1506
f 3448 1509 1508
f 3448 1507 1509
f 3448 1508 3451
f 3451 1508 1510
f 3451 1510 1385
f 3448 1506 1507
f 3450 1385 1386
f 3450 1386 1387
f 3450 1387 1388
f 3461 1388 1390
f 3461 1390 1511
f 3461 1511 1392
f 3461 1392 1512
f 3461 1512 1513
f 3461 1513 3463
f 3463 1513 1514
f 3463 1514 1515
f 3463 1515 1516
f 3463 1519 3486
f 3463 1516 1517
f 3463 1517 1519
f 3485 3487 1538
f 3485 1531 1530
f 3485 1533 1531
f 3485 1534 1533
f 3485 1535 1534
f 3485 1538 1535
f 3488 3489 3490
f 3491 3490 3489
f 3488 3492 3493
f 3488 3490 3492
f 3491 3494 3490
f 3491 3495 3494
f 3491 3496 3495
f 3493 3497 3459
f 3497 3498 3467
f 3493 3492 3499
f 3493 3499 3497
f 3490 3500 3492
f 3490 3494 3500
f 3492 3501 3499
f 3492 3500 3501
f 3497 3499 3502
f 3497 3502 3498
f 3499 3501 3503
f 3499 3503 3502
f 3502 3503 3504
f 3456 3505 3457
f 3506 3489 3505
f 3506 3507 3489
f 3506 3508 3507
f 3457 3493 3459
f 3458 3457 3459
f 3488 3457 3505
f 3488 3505 3489
f 3488 3493 3457
f 3456 3462 3505
f 3506 3505 3462
f 3506 3462 3486
f 3463 3486 3462
f 3506 3486 3508
f 3486 3509 3508
f 3510 3509 3511
f 3508 3509 3510
f 3510 3511 3512
f 3508 3513 3507
f 3491 3489 3507
f 3496 3507 3513
f 3496 3513 3514
f 3491 3507 3496
f 3515 3516 3514
f 3513 3515 3514
f 3515 3517 3516
f 3517 3518 3516
f 3508 3510 3513
f 3510 3512 3515
f 3510 3515 3513
f 3515 3512 3517
f 3512 3519 3517
f 3519 3520 3517
f 3517 3520 3518
f 3519 3521 3520
f 3520 3521 3522
f 3460 3459 3467
f 3497 3467 3459
f 3467 3498 3469
f 3522 3521 3523
f 3522 3523 3524
f 3524 3525 3526
f 3496 3514 3527
f 3496 3527 3495
f 3514 3528 3527
f 3528 3516 3529
f 3495 3530 3494
f 3495 3527 3530
f 3500 3494 3530
f 3527 3528 3530
f 3528 3529 3530
f 3529 3531 3530
f 3531 3532 3530
f 3500 3530 3501
f 3501 3530 3503
f 3530 3504 3503
f 3514 3516 3528
f 3529 3516 3518
f 3529 3518 3531
f 3531 3518 3533
f 3520 3533 3518
f 3531 3533 3532
f 3533 3534 3532
f 3520 3522 3533
f 3533 3522 3534
f 3534 3535 3532
f 3530 3532 3535
f 3530 3535 3536
f 3534 3537 3535
f 3535 3537 3536
f 3530 3536 3538
f 3530 3538 3539
f 3537 3540 3536
f 3536 3540 3538
f 3540 3541 3538
f 3538 3541 3539
f 3522 3524 3534
f 3524 3537 3534
f 3524 3526 3537
f 3526 3540 3537
f 3526 3542 3540
f 3498 3543 3469
f 3543 3544 3475
f 3498 3502 3545
f 3498 3545 3543
f 3543 3545 3546
f 3502 3504 3545
f 3545 3547 3546
f 3545 3504 3547
f 3543 3546 3544
f 3544 3546 3548
f 3544 3548 3549
f 3548 3550 3549
f 3546 3551 3548
f 3546 3547 3551
f 3551 3552 3548
f 3552 3550 3548
f 3550 3553 3554
f 3543 3475 3469
f 3474 3475 3478
f 3544 3478 3475
f 3476 3478 3482
f 3544 3549 3478
f 3478 3549 3482
f 3526 3555 3542
f 3542 3556 3557
f 3558 3559 3560
f 3557 3556 3561
f 3557 3561 3559
f 3477 3482 3562
f 3477 3562 3483
f 3482 3549 3563
f 3482 3563 3562
f 3562 3563 3564
f 3562 3564 3565
f 3483 3562 3565
f 3483 3565 3484
f 3485 3484 3487
f 3566 3487 3484
f 3565 3567 3566
f 3565 3566 3484
f 3566 3568 3487
f 3568 3569 3487
f 3568 3570 3569
f 3550 3563 3549
f 3554 3564 3563
f 3565 3564 3567
f 3566 3567 3571
f 3550 3554 3563
f 3554 3572 3564
f 3572 3567 3564
f 3572 3573 3567
f 3567 3573 3571
f 3571 3573 3574
f 3571 3574 3560
f 3566 3571 3568
f 3571 3560 3568
f 3559 3561 3570
f 3560 3570 3568
f 3559 3570 3560
f 3530 3547 3504
f 3530 3551 3547
f 3530 3552 3551
f 3530 3553 3552
f 3530 3575 3576
f 3530 3577 3575
f 3530 3578 3553
f 3552 3553 3550
f 3554 3553 3578
f 3554 3578 3572
f 3572 3578 3576
f 3530 3576 3578
f 3530 3539 3579
f 3530 3579 3577
f 3539 3541 3580
f 3539 3580 3579
f 3572 3576 3573
f 3575 3573 3576
f 3575 3574 3573
f 3558 3560 3574
f 3558 3574 3577
f 3579 3558 3577
f 3577 3574 3575
f 3580 3558 3579
f 3540 3542 3541
f 3542 3557 3541
f 3557 3580 3541
f 3580 3559 3558
f 3557 3559 3580
f 3486 1520 3509
f 3486 1519 1518
f 3486 1518 1520
f 3509 1520 1543
f 3509 1543 1544
f 3509 1544 1545
f 3509 1545 3511
f 1520 1521 1543
f 1545 1546 3511
f 3512 3511 3581
f 3511 1546 1547
f 3511 1547 3581
f 3581 1547 1548
f 3581 1548 1550
f 3581 1550 1551
f 3581 1551 1552
f 3581 1553 3582
f 3581 1552 1553
f 3582 1553 1554
f 3582 1554 1555
f 3512 3581 3519
f 3519 3581 3582
f 3519 3582 3521
f 3582 3583 3521
f 3582 1555 3583
f 3583 1555 1563
f 3583 1563 1564
f 3583 1564 1565
f 3583 1565 3584
f 3584 1565 1566
f 3521 3583 3523
f 3523 3583 3584
f 3524 3523 3525
f 3523 3584 3525
f 3525 3584 3585
f 3584 1566 1567
f 3584 1567 3585
f 3585 1567 1569
f 3526 3525 3555
f 3585 1591 3586
f 3586 1591 1590
f 3586 1590 1592
f 3586 1592 1594
f 3586 1594 3587
f 3525 3585 3555
f 3585 1569 1570
f 3585 1570 1595
f 3555 3585 3586
f 3585 1595 1591
f 3542 3555 3556
f 3555 3586 3556
f 3556 3587 3561
f 3586 3587 3556
f 3487 3569 1538
f 3569 1539 1538
f 3569 1610 1539
f 3569 1611 1610
f 3569 1613 1611
f 3569 3588 1613
f 3588 1614 1613
f 3587 3588 3561
f 3570 3588 3569
f 3587 1604 1607
f 3587 1594 1602
f 3587 1602 1609
f 3587 1605 1604
f 3587 1609 1605
f 3588 1607 1606
f 3587 1607 3588
f 3588 1606 1614
f 3570 3561 3588
f 3589 3590 3591
f 3591 3590 3592
f 3589 3591 3593
f 3594 3595 3596
f 3597 3598 3599
f 3589 3593 3597
f 3597 3599 3600
f 3599 3595 3600
f 3594 3600 3595
f 3594 3601 3600
f 3599 3602 3595
f 3599 3598 3602
f 3595 3602 3596
f 3594 3596 3603
f 3597 3593 3598
f 3591 3592 3604
f 3593 3591 3605
f 3593 3606 3598
f 3593 3605 3606
f 3591 3604 3605
f 3598 3607 3602
f 3602 3607 3608
f 3598 3606 3607
f 3602 3608 3596
f 3596 3609 3603
f 3596 3608 3609
f 3594 3603 3601
f 3601 3610 3611
f 3601 3611 3600
f 3611 3612 3600
f 3611 3613 3612
f 3612 3614 3615
f 3615 3616 3617
f 3617 3618 3619
f 3601 3603 3610
f 3611 3610 3613
f 3612 3613 3614
f 3615 3614 3616
f 3617 3616 3618
f 3618 3620 3619
f 3603 3621 3610
f 3603 3609 3621
f 3610 3621 3622
f 3610 3622 3613
f 3613 3623 3614
f 3614 3624 3616
f 3613 3622 3623
f 3614 3623 3624
f 3616 3624 3625
f 3616 3625 3618
f 3618 3626 3620
f 3620 3627 3628
f 3618 3625 3626
f 3620 3626 3627
f 3629 3592 3590
f 3629 3630 3631
f 3630 3632 3633
f 3632 3634 3635
f 3634 3636 3637
f 3630 3633 3631
f 3629 3631 3592
f 3632 3635 3633
f 3634 3637 3635
f 3589 3597 3600
f 3589 3600 3590
f 3629 3590 3600
f 3629 3600 3630
f 3630 3600 3632
f 3632 3600 3634
f 3634 3600 3636
f 3636 3600 3638
f 3600 3639 3638
f 3600 3640 3639
f 3636 3638 3641
f 3638 3639 3642
f 3639 3640 3643
f 3640 3644 3645
f 3636 3641 3637
f 3638 3642 3641
f 3639 3643 3642
f 3640 3645 3643
f 3644 3646 3645
f 3600 3644 3640
f 3600 3647 3644
f 3600 3648 3647
f 3600 3649 3648
f 3600 3650 3649
f 3600 3651 3650
f 3649 3650 3652
f 3644 3647 3646
f 3647 3648 3653
f 3648 3649 3654
f 3647 3653 3646
f 3648 3654 3653
f 3649 3652 3654
f 3592 3631 3655
f 3592 3655 3604
f 3631 3656 3655
f 3631 3633 3656
f 3633 3635 3657
f 3633 3657 3656
f 3635 3658 3657
f 3635 3637 3658
f 3637 3641 3659
f 3637 3659 3658
f 3641 3660 3659
f 3641 3642 3660
f 3642 3643 3661
f 3642 3661 3660
f 3643 3645 3662
f 3645 3646 3663
f 3643 3662 3661
f 3645 3663 3662
f 3646 3653 3664
f 3646 3664 3663
f 3653 3665 3664
f 3653 3654 3665
f 3652 3666 3654
f 3654 3666 3665
f 3612 3615 3600
f 3615 3617 3600
f 3617 3619 3600
f 3600 3619 3667
f 3600 3667 3668
f 3620 3667 3619
f 3668 3667 3628
f 3668 3669 3670
f 3600 3668 3670
f 3600 3670 3671
f 3600 3671 3672
f 3600 3672 3673
f 3600 3673 3651
f 3670 3674 3671
f 3672 3671 3675
f 3671 3674 3675
f 3620 3628 3667
f 3668 3628 3669
f 3670 3669 3674
f 3672 3676 3673
f 3651 3673 3677
f 3650 3651 3678
f 3651 3677 3678
f 3672 3675 3676
f 3673 3676 3677
f 3650 3678 3652
f 3628 3679 3669
f 3628 3627 3679
f 3669 3679 3680
f 3669 3680 3674
f 3675 3674 3681
f 3674 3680 3681
f 3675 3681 3682
f 3675 3682 3676
f 3676 3683 3677
f 3676 3682 3683
f 3677 3683 3684
f 3652 3678 3685
f 3677 3684 3678
f 3678 3684 3685
f 3652 3685 3666
f 3606 3686 3607
f 3605 3604 3687
f 3606 3605 3688
f 3606 3688 3686
f 3605 3687 3688
f 3686 3688 3689
f 3608 3607 3690
f 3607 3686 3690
f 3608 3690 3691
f 3608 3691 3609
f 3609 3692 3621
f 3609 3691 3692
f 3691 3690 3693
f 3692 3694 3695
f 3691 3696 3692
f 3686 3697 3690
f 3688 3698 3689
f 3686 3689 3697
f 3691 3693 3696
f 3692 3696 3694
f 3695 3694 3699
f 3690 3697 3693
f 3693 3700 3696
f 3689 3701 3697
f 3693 3697 3702
f 3693 3702 3700
f 3694 3696 3703
f 3694 3704 3699
f 3696 3700 3703
f 3694 3703 3704
f 3704 3705 3699
f 3621 3695 3622
f 3621 3692 3695
f 3622 3695 3706
f 3622 3706 3623
f 3623 3707 3624
f 3623 3706 3707
f 3624 3707 3708
f 3695 3699 3706
f 3706 3709 3707
f 3707 3710 3708
f 3708 3711 3712
f 3624 3708 3625
f 3625 3712 3626
f 3625 3708 3712
f 3626 3713 3627
f 3627 3714 3679
f 3626 3712 3713
f 3627 3713 3714
f 3712 3715 3713
f 3713 3716 3714
f 3706 3699 3709
f 3707 3709 3710
f 3708 3710 3711
f 3705 3709 3699
f 3709 3717 3710
f 3710 3718 3711
f 3705 3717 3709
f 3710 3717 3718
f 3711 3718 3719
f 3715 3719 3720
f 3712 3711 3715
f 3713 3715 3716
f 3711 3719 3715
f 3715 3720 3716
f 3714 3716 3721
f 3604 3655 3722
f 3655 3656 3723
f 3604 3722 3687
f 3655 3723 3722
f 3656 3657 3724
f 3656 3724 3723
f 3657 3725 3724
f 3687 3722 3726
f 3722 3723 3727
f 3688 3687 3698
f 3723 3724 3728
f 3724 3725 3729
f 3657 3658 3725
f 3658 3659 3730
f 3658 3730 3725
f 3659 3731 3730
f 3659 3660 3731
f 3660 3661 3732
f 3660 3732 3731
f 3661 3662 3733
f 3662 3663 3734
f 3661 3733 3732
f 3662 3734 3733
f 3725 3730 3735
f 3730 3731 3736
f 3731 3732 3737
f 3732 3733 3738
f 3733 3734 3739
f 3663 3664 3740
f 3663 3740 3734
f 3664 3741 3740
f 3664 3665 3741
f 3665 3666 3742
f 3665 3742 3741
f 3734 3740 3743
f 3741 3742 3744
f 3740 3741 3745
f 3722 3727 3726
f 3687 3726 3698
f 3689 3698 3746
f 3726 3727 3747
f 3698 3726 3748
f 3698 3748 3746
f 3726 3747 3748
f 3723 3728 3727
f 3724 3729 3728
f 3728 3749 3727
f 3727 3749 3747
f 3728 3750 3749
f 3728 3729 3750
f 3729 3751 3750
f 3735 3752 3751
f 3697 3701 3702
f 3689 3746 3701
f 3702 3701 3753
f 3701 3746 3753
f 3746 3748 3753
f 3748 3747 3753
f 3703 3700 3753
f 3702 3753 3700
f 3703 3753 3704
f 3704 3753 3705
f 3705 3753 3717
f 3717 3753 3718
f 3747 3749 3753
f 3749 3750 3753
f 3750 3751 3753
f 3751 3752 3753
f 3752 3754 3753
f 3753 3754 3755
f 3753 3755 3756
f 3753 3757 3758
f 3753 3756 3759
f 3753 3759 3760
f 3753 3760 3761
f 3762 3753 3761
f 3762 3757 3753
f 3725 3735 3729
f 3730 3736 3735
f 3731 3737 3736
f 3729 3735 3751
f 3735 3736 3752
f 3736 3754 3752
f 3736 3737 3754
f 3732 3738 3737
f 3733 3739 3738
f 3737 3755 3754
f 3738 3756 3755
f 3737 3738 3755
f 3738 3739 3756
f 3739 3743 3759
f 3739 3759 3756
f 3745 3761 3760
f 3744 3762 3761
f 3743 3745 3760
f 3743 3760 3759
f 3744 3761 3745
f 3744 3763 3762
f 3734 3743 3739
f 3740 3745 3743
f 3741 3744 3745
f 3679 3764 3680
f 3679 3714 3764
f 3680 3764 3765
f 3680 3765 3681
f 3681 3766 3682
f 3681 3765 3766
f 3682 3766 3767
f 3714 3721 3764
f 3764 3768 3765
f 3765 3769 3766
f 3766 3770 3767
f 3684 3683 3771
f 3683 3767 3771
f 3684 3771 3772
f 3666 3685 3773
f 3684 3772 3685
f 3666 3773 3742
f 3685 3772 3773
f 3772 3774 3773
f 3771 3775 3772
f 3767 3776 3771
f 3742 3773 3763
f 3682 3767 3683
f 3716 3777 3721
f 3716 3720 3777
f 3721 3777 3778
f 3721 3778 3768
f 3768 3778 3779
f 3769 3779 3780
f 3768 3779 3769
f 3776 3781 3782
f 3774 3758 3757
f 3775 3782 3758
f 3766 3769 3770
f 3767 3770 3776
f 3769 3780 3770
f 3770 3781 3776
f 3770 3780 3781
f 3776 3782 3775
f 3718 3753 3719
f 3719 3753 3720
f 3753 3777 3720
f 3753 3778 3777
f 3753 3779 3778
f 3753 3780 3779
f 3753 3782 3781
f 3753 3781 3780
f 3753 3758 3782
f 3764 3721 3768
f 3765 3768 3769
f 3772 3775 3774
f 3773 3774 3763
f 3774 3757 3763
f 3762 3763 3757
f 3774 3775 3758
f 3771 3776 3775
f 3742 3763 3744
f 3783 3784 3785
f 3783 3785 108
f 3783 3786 3784
f 3783 108 107
f 3783 107 109
f 3783 109 110
f 3783 110 111
f 3783 111 112
f 3783 112 113
f 3783 113 114
f 3783 114 115
f 3783 115 116
f 3783 116 117
f 3783 117 118
f 3783 118 119
f 3783 119 120
f 3783 120 121
f 3783 121 122
f 3783 122 123
f 3783 123 124
f 3783 124 125
f 3783 125 126
f 3783 126 127
f 3783 127 128
f 3783 128 740
f 3783 740 739
f 3783 739 741
f 3783 741 742
f 3783 742 743
f 3783 743 744
f 3783 744 745
f 3783 745 746
f 3783 746 747
f 3783 747 748
f 3783 748 749
f 3783 749 751
f 3783 751 750
f 3783 750 752
f 3783 752 753
f 3783 753 754
f 3783 754 755
f 3783 755 756
f 3783 756 757
f 3784 3787 3785
f 3785 1336 108
f 3785 1337 1336
f 3785 1338 1337
f 3785 3787 1338
f 3787 1339 1338
f 3787 1341 1339
f 3787 1350 1341
f 3787 1351 1350
f 3787 1353 1351
f 3787 1355 1353
f 3787 1357 1355
f 3787 1367 1357
f 3787 1369 1367
f 3787 1376 1369
f 3787 1378 1376
f 3787 1395 1378
f 3787 1397 1395
f 3787 1399 1397
f 3787 1401 1399
f 3787 1404 1401
f 3787 1406 1404
f 3787 1407 1406
f 3787 1965 1964
f 3787 1409 1407
f 3787 1964 1409
f 3784 3788 3787
f 3783 3789 3786
f 3783 757 758
f 3783 758 3789
f 3786 3789 3790
f 3784 3786 3788
f 3786 3790 3788
f 3789 758 1921
f 3789 1921 1920
f 3789 1920 1923
f 3789 1923 3790
f 3790 1923 1925
f 3790 1925 1927
f 3790 1942 1944
f 3790 1944 1977
f 3790 1977 1958
f 3790 1958 1957
f 3790 1957 1960
f 3787 3790 1965
f 3790 1967 1965
f 3790 1969 1967
f 3790 1971 1969
f 3790 1960 1962
f 3790 1962 1973
f 3790 1973 1971
f 3790 1927 1936
f 3790 1936 1938
f 3790 1938 1940
f 3790 1940 1942
f 3787 3788 3790
