timestamp,timestamp_sample,q[0],q[1],q[2],q[3],delta_q_reset[0],delta_q_reset[1],delta_q_reset[2],delta_q_reset[3],quat_reset_counter,time_sec
159820000,159820000,0.9573551,0.14389296,0.24087393,-0.06895615,0.0,0.0,0.0,0.0,0,0.0
159840000,159840000,0.96023774,0.13854517,0.23209015,-0.06994269,0.0,0.0,0.0,0.0,0,0.02
159860000,159860000,0.9631864,0.13287956,0.22276518,-0.07070888,0.0,0.0,0.0,0.0,0,0.04
159880000,159880000,0.9661743,0.12692541,0.2129066,-0.07125294,0.0,0.0,0.0,0.0,0,0.06
159900000,159900000,0.96916705,0.12070158,0.20256795,-0.07156554,0.0,0.0,0.0,0.0,0,0.08
159920000,159920000,0.97213495,0.11422968,0.19178545,-0.0716429,0.0,0.0,0.0,0.0,0,0.1
159940000,159940000,0.9750481,0.10752804,0.18060586,-0.07148104,0.0,0.0,0.0,0.0,0,0.12
159960000,159960000,0.9778809,0.10061972,0.16905951,-0.07108151,0.0,0.0,0.0,0.0,0,0.14
159980000,159980000,0.98060185,0.09353905,0.1572166,-0.07044521,0.0,0.0,0.0,0.0,0,0.16
160000000,160000000,0.98319256,0.086293526,0.14509994,-0.06957637,0.0,0.0,0.0,0.0,0,0.18
160020000,160020000,0.9856297,0.078920476,0.13275856,-0.06848308,0.0,0.0,0.0,0.0,0,0.2
160040000,160040000,0.9878969,0.07142143,0.12023257,-0.06717101,0.0,0.0,0.0,0.0,0,0.22
160060000,160060000,0.9899691,0.06386185,0.10761981,-0.06565053,0.0,0.0,0.0,0.0,0,0.24
160080000,160080000,0.9918366,0.056237828,0.094971105,-0.063929826,0.0,0.0,0.0,0.0,0,0.26
160100000,160100000,0.9934893,0.048596993,0.082336746,-0.062024664,0.0,0.0,0.0,0.0,0,0.28
160120000,160120000,0.9949227,0.040930457,0.06977833,-0.0599463,0.0,0.0,0.0,0.0,0,0.3
160140000,160140000,0.9961339,0.033296708,0.057330415,-0.057713903,0.0,0.0,0.0,0.0,0,0.32
160160000,160160000,0.9971233,0.02569716,0.045068927,-0.055341717,0.0,0.0,0.0,0.0,0,0.34
160180000,160180000,0.9978958,0.018174361,0.033011686,-0.052849684,0.0,0.0,0.0,0.0,0,0.36
160200000,160200000,0.9984578,0.010731609,0.021223707,-0.050254837,0.0,0.0,0.0,0.0,0,0.38
160220000,160220000,0.9988191,0.0034070904,0.009710588,-0.04757714,0.0,0.0,0.0,0.0,0,0.4
160240000,160240000,0.9989907,-0.0037851578,-0.0014586045,-0.044835288,0.0,0.0,0.0,0.0,0,0.42
160260000,160260000,0.9989863,-0.010810179,-0.012266848,-0.0420487,0.0,0.0,0.0,0.0,0,0.44
160280000,160280000,0.99882084,-0.017671525,-0.022675743,-0.039236505,0.0,0.0,0.0,0.0,0,0.46
160300000,160300000,0.9985091,-0.02435227,-0.032703962,-0.036415905,0.0,0.0,0.0,0.0,0,0.48
160320000,160320000,0.9980681,-0.030828204,-0.04230348,-0.03360476,0.0,0.0,0.0,0.0,0,0.5
160340000,160340000,0.9975134,-0.037082937,-0.051488567,-0.030819383,0.0,0.0,0.0,0.0,0,0.52
160360000,160360000,0.99686134,-0.043121744,-0.060239866,-0.02807669,0.0,0.0,0.0,0.0,0,0.54
160380000,160380000,0.9961266,-0.048930362,-0.06857183,-0.025390418,0.0,0.0,0.0,0.0,0,0.56
160400000,160400000,0.9953255,-0.054501228,-0.07646709,-0.022774706,0.0,0.0,0.0,0.0,0,0.58
160420000,160420000,0.99447215,-0.05982843,-0.083935134,-0.020241948,0.0,0.0,0.0,0.0,0,0.6
160440000,160440000,0.9935798,-0.06491503,-0.090979494,-0.017804332,0.0,0.0,0.0,0.0,0,0.62
160460000,160460000,0.99266046,-0.06975448,-0.09761803,-0.015471113,0.0,0.0,0.0,0.0,0,0.64
160480000,160480000,0.9917281,-0.074337356,-0.10384016,-0.013251902,0.0,0.0,0.0,0.0,0,0.66
160500000,160500000,0.9907931,-0.07865801,-0.1096658,-0.011153359,0.0,0.0,0.0,0.0,0,0.68
160520000,160520000,0.9898656,-0.08271486,-0.115105055,-0.009181792,0.0,0.0,0.0,0.0,0,0.7
160540000,160540000,0.98895293,-0.08651105,-0.12017974,-0.0073419404,0.0,0.0,0.0,0.0,0,0.72
160560000,160560000,0.98806465,-0.09004031,-0.12489346,-0.0056372792,0.0,0.0,0.0,0.0,0,0.74
160580000,160580000,0.9872072,-0.09330252,-0.12926392,-0.0040700226,0.0,0.0,0.0,0.0,0,0.76
160600000,160600000,0.98638874,-0.09631537,-0.13327679,-0.0026484535,0.0,0.0,0.0,0.0,0,0.78
160620000,160620000,0.9856674,-0.09968107,-0.13612475,-0.001609432,0.0,0.0,0.0,0.0,0,0.8
160640000,160640000,0.9850658,-0.10413473,-0.13714512,-0.0012579373,0.0,0.0,0.0,0.0,0,0.82
160660000,160660000,0.9844953,-0.10976438,-0.13684718,-0.0016533973,0.0,0.0,0.0,0.0,0,0.84
160680000,160680000,0.9838984,-0.11621048,-0.13579626,-0.002749669,0.0,0.0,0.0,0.0,0,0.86
160700000,160700000,0.98327076,-0.122984186,-0.13432269,-0.0044757132,0.0,0.0,0.0,0.0,0,0.88
160720000,160720000,0.9826217,-0.12969115,-0.13265789,-0.0067607188,0.0,0.0,0.0,0.0,0,0.9
160740000,160740000,0.98195714,-0.13606206,-0.1310172,-0.009532214,0.0,0.0,0.0,0.0,0,0.92
160760000,160760000,0.98128986,-0.14186184,-0.12958772,-0.012710312,0.0,0.0,0.0,0.0,0,0.94
160780000,160780000,0.9806424,-0.14689466,-0.12848555,-0.016218998,0.0,0.0,0.0,0.0,0,0.96
160800000,160800000,0.98004335,-0.15103373,-0.12772317,-0.019994471,0.0,0.0,0.0,0.0,0,0.98
160820000,160820000,0.97951156,-0.15419357,-0.12734362,-0.023961026,0.0,0.0,0.0,0.0,0,1.0
160840000,160840000,0.9790598,-0.15630509,-0.12741186,-0.02803452,0.0,0.0,0.0,0.0,0,1.02
160860000,160860000,0.9786963,-0.1573244,-0.12798154,-0.03213217,0.0,0.0,0.0,0.0,0,1.04
160880000,160880000,0.97842455,-0.15725666,-0.12905625,-0.036185414,0.0,0.0,0.0,0.0,0,1.06
160900000,160900000,0.9782388,-0.1561506,-0.13062945,-0.040135387,0.0,0.0,0.0,0.0,0,1.08
160920000,160920000,0.9781307,-0.15407614,-0.13266411,-0.043934006,0.0,0.0,0.0,0.0,0,1.1
160940000,160940000,0.97808987,-0.1511148,-0.13510522,-0.04754138,0.0,0.0,0.0,0.0,0,1.12
160960000,160960000,0.97810245,-0.14735608,-0.13790528,-0.05092171,0.0,0.0,0.0,0.0,0,1.14
160980000,160980000,0.9781552,-0.14290453,-0.14099117,-0.054049354,0.0,0.0,0.0,0.0,0,1.16
161000000,161000000,0.9782328,-0.13788232,-0.1442907,-0.056906138,0.0,0.0,0.0,0.0,0,1.18
161020000,161020000,0.97832704,-0.13237715,-0.14773092,-0.059474014,0.0,0.0,0.0,0.0,0,1.2
161040000,161040000,0.9784282,-0.126513,-0.15122563,-0.06174665,0.0,0.0,0.0,0.0,0,1.22
161060000,161060000,0.9785271,-0.12039454,-0.15472327,-0.06371485,0.0,0.0,0.0,0.0,0,1.24
161080000,161080000,0.97862315,-0.114129,-0.15813258,-0.065379955,0.0,0.0,0.0,0.0,0,1.26
161100000,161100000,0.97870994,-0.10782102,-0.16141975,-0.06674064,0.0,0.0,0.0,0.0,0,1.28
161120000,161120000,0.9787916,-0.10153787,-0.16452877,-0.06779708,0.0,0.0,0.0,0.0,0,1.3
161140000,161140000,0.9788707,-0.09538325,-0.16740017,-0.068560496,0.0,0.0,0.0,0.0,0,1.32
161160000,161160000,0.9789462,-0.08942381,-0.17003293,-0.06903348,0.0,0.0,0.0,0.0,0,1.34
161180000,161180000,0.97902703,-0.08371119,-0.17238165,-0.06922513,0.0,0.0,0.0,0.0,0,1.36
161200000,161200000,0.97911555,-0.078326724,-0.17442742,-0.06915091,0.0,0.0,0.0,0.0,0,1.38
161220000,161220000,0.97921354,-0.07329826,-0.17618594,-0.06881738,0.0,0.0,0.0,0.0,0,1.4
161240000,161240000,0.9793294,-0.068658344,-0.17762995,-0.06823934,0.0,0.0,0.0,0.0,0,1.42
161260000,161260000,0.97946584,-0.064445466,-0.17876075,-0.06743276,0.0,0.0,0.0,0.0,0,1.44
161280000,161280000,0.979627,-0.0606647,-0.17958164,-0.06640986,0.0,0.0,0.0,0.0,0,1.46
161300000,161300000,0.97981805,-0.05733764,-0.18007903,-0.065189175,0.0,0.0,0.0,0.0,0,1.48
161320000,161320000,0.9800388,-0.05446369,-0.18027258,-0.063784525,0.0,0.0,0.0,0.0,0,1.5
161340000,161340000,0.980292,-0.05203426,-0.1801635,-0.0622114,0.0,0.0,0.0,0.0,0,1.52
161360000,161360000,0.98057497,-0.050048288,-0.17977324,-0.060486443,0.0,0.0,0.0,0.0,0,1.54
161380000,161380000,0.98088586,-0.048479978,-0.1791229,-0.05862328,0.0,0.0,0.0,0.0,0,1.56
161400000,161400000,0.9812237,-0.047308736,-0.17822209,-0.05663803,0.0,0.0,0.0,0.0,0,1.58
161420000,161420000,0.98158514,-0.04651837,-0.17708832,-0.05454767,0.0,0.0,0.0,0.0,0,1.6
161440000,161440000,0.9819668,-0.046078827,-0.1757406,-0.05236723,0.0,0.0,0.0,0.0,0,1.62
161460000,161460000,0.9823657,-0.04595769,-0.17419368,-0.050111346,0.0,0.0,0.0,0.0,0,1.64
161480000,161480000,0.98277634,-0.046131417,-0.17247386,-0.04779605,0.0,0.0,0.0,0.0,0,1.66
161500000,161500000,0.983198,-0.046559595,-0.17058319,-0.04543554,0.0,0.0,0.0,0.0,0,1.68
161520000,161520000,0.9836274,-0.047209695,-0.16853702,-0.04304442,0.0,0.0,0.0,0.0,0,1.7
161540000,161540000,0.9840619,-0.04804129,-0.16634917,-0.0406356,0.0,0.0,0.0,0.0,0,1.72
161560000,161560000,0.98449886,-0.04902617,-0.16403194,-0.038223654,0.0,0.0,0.0,0.0,0,1.74
161580000,161580000,0.9849353,-0.05012798,-0.16160333,-0.035820633,0.0,0.0,0.0,0.0,0,1.76
161600000,161600000,0.98537046,-0.051317662,-0.1590673,-0.03343983,0.0,0.0,0.0,0.0,0,1.78
161620000,161620000,0.9858034,-0.05256401,-0.15643208,-0.031093027,0.0,0.0,0.0,0.0,0,1.8
161640000,161640000,0.9862327,-0.053832576,-0.1537121,-0.028789949,0.0,0.0,0.0,0.0,0,1.82
161660000,161660000,0.9866575,-0.055101164,-0.15091528,-0.026541732,0.0,0.0,0.0,0.0,0,1.84
161680000,161680000,0.9870787,-0.056334004,-0.14804688,-0.024356512,0.0,0.0,0.0,0.0,0,1.86
161700000,161700000,0.9874941,-0.05752739,-0.14512144,-0.022245802,0.0,0.0,0.0,0.0,0,1.88
161720000,161720000,0.98790485,-0.058642767,-0.14214598,-0.020215068,0.0,0.0,0.0,0.0,0,1.9
161740000,161740000,0.9883105,-0.059669476,-0.13912964,-0.018272333,0.0,0.0,0.0,0.0,0,1.92
161760000,161760000,0.98871297,-0.060573526,-0.13607681,-0.016421719,0.0,0.0,0.0,0.0,0,1.94
161780000,161780000,0.98911107,-0.06134997,-0.13300163,-0.014669259,0.0,0.0,0.0,0.0,0,1.96
161800000,161800000,0.98950726,-0.061976083,-0.12989967,-0.013018917,0.0,0.0,0.0,0.0,0,1.98
161820000,161820000,0.98989934,-0.06245861,-0.12678976,-0.011475713,0.0,0.0,0.0,0.0,0,2.0
161840000,161840000,0.9902895,-0.062784344,-0.12366531,-0.010042928,0.0,0.0,0.0,0.0,0,2.02
161860000,161860000,0.99067545,-0.062958166,-0.12054642,-0.0087229,0.0,0.0,0.0,0.0,0,2.04
161880000,161880000,0.9910595,-0.06296214,-0.11742885,-0.007515597,0.0,0.0,0.0,0.0,0,2.06
161900000,161900000,0.99144155,-0.06279154,-0.11431842,-0.006420962,0.0,0.0,0.0,0.0,0,2.08
161920000,161920000,0.99182206,-0.062451605,-0.111212865,-0.00543942,0.0,0.0,0.0,0.0,0,2.1
161940000,161940000,0.99220014,-0.06194487,-0.10811985,-0.004569881,0.0,0.0,0.0,0.0,0,2.12
161960000,161960000,0.9925741,-0.061277308,-0.10505392,-0.0038105892,0.0,0.0,0.0,0.0,0,2.14
161980000,161980000,0.99294525,-0.06045995,-0.10199738,-0.0031612695,0.0,0.0,0.0,0.0,0,2.16
162000000,162000000,0.9933116,-0.05949442,-0.09896857,-0.00261756,0.0,0.0,0.0,0.0,0,2.18
162020000,162020000,0.9936731,-0.058392573,-0.09596062,-0.0021772166,0.0,0.0,0.0,0.0,0,2.2
162040000,162040000,0.9940288,-0.057157975,-0.09298095,-0.0018360072,0.0,0.0,0.0,0.0,0,2.22
162060000,162060000,0.99437726,-0.055810418,-0.09003122,-0.0015910793,0.0,0.0,0.0,0.0,0,2.24
162080000,162080000,0.994718,-0.05434798,-0.087116905,-0.0014368426,0.0,0.0,0.0,0.0,0,2.26
162100000,162100000,0.99504966,-0.052796904,-0.08423748,-0.0013702809,0.0,0.0,0.0,0.0,0,2.28
162120000,162120000,0.99537194,-0.051153228,-0.08139524,-0.0013849738,0.0,0.0,0.0,0.0,0,2.3
162140000,162140000,0.9956838,-0.049444098,-0.07858767,-0.0014774908,0.0,0.0,0.0,0.0,0,2.32
162160000,162160000,0.9959849,-0.04766324,-0.07582017,-0.0016405976,0.0,0.0,0.0,0.0,0,2.34
162180000,162180000,0.99627376,-0.04583758,-0.07309667,-0.0018700116,0.0,0.0,0.0,0.0,0,2.36
162200000,162200000,0.9965512,-0.04396299,-0.07040827,-0.0021595182,0.0,0.0,0.0,0.0,0,2.38
162220000,162220000,0.99681556,-0.04206007,-0.0677683,-0.002503707,0.0,0.0,0.0,0.0,0,2.4
162240000,162240000,0.99706703,-0.04013077,-0.06517293,-0.0028965252,0.0,0.0,0.0,0.0,0,2.42
162260000,162260000,0.99730474,-0.038196098,-0.06262853,-0.0033330324,0.0,0.0,0.0,0.0,0,2.44
162280000,162280000,0.9975295,-0.036256183,-0.06012445,-0.0038074018,0.0,0.0,0.0,0.0,0,2.46
162300000,162300000,0.997741,-0.034315035,-0.057670437,-0.0043132068,0.0,0.0,0.0,0.0,0,2.48
162320000,162320000,0.9979397,-0.03237087,-0.055263773,-0.0048445654,0.0,0.0,0.0,0.0,0,2.5
162340000,162340000,0.9981256,-0.030440584,-0.052902114,-0.0053967726,0.0,0.0,0.0,0.0,0,2.52
162360000,162360000,0.99829847,-0.0285316,-0.05059292,-0.0059645744,0.0,0.0,0.0,0.0,0,2.54
162380000,162380000,0.9984585,-0.026651826,-0.048338626,-0.0065430617,0.0,0.0,0.0,0.0,0,2.56
162400000,162400000,0.9986064,-0.02480395,-0.046133954,-0.0071272613,0.0,0.0,0.0,0.0,0,2.58
162420000,162420000,0.9987428,-0.022995492,-0.04397245,-0.00771291,0.0,0.0,0.0,0.0,0,2.6
162440000,162440000,0.9988681,-0.021228157,-0.041858513,-0.008295248,0.0,0.0,0.0,0.0,0,2.62
162460000,162460000,0.99898285,-0.019503634,-0.039791178,-0.008870215,0.0,0.0,0.0,0.0,0,2.64
162480000,162480000,0.9990873,-0.017834323,-0.03777117,-0.00943432,0.0,0.0,0.0,0.0,0,2.66
162500000,162500000,0.99918216,-0.016213385,-0.035798952,-0.009983906,0.0,0.0,0.0,0.0,0,2.68
162520000,162520000,0.99926794,-0.014646536,-0.03387652,-0.010515673,0.0,0.0,0.0,0.0,0,2.7
162540000,162540000,0.9993453,-0.01313145,-0.03200049,-0.011026865,0.0,0.0,0.0,0.0,0,2.72
162560000,162560000,0.99941444,-0.011677846,-0.030180596,-0.011514936,0.0,0.0,0.0,0.0,0,2.74
162580000,162580000,0.9994765,-0.010288395,-0.028400442,-0.01197775,0.0,0.0,0.0,0.0,0,2.76
162600000,162600000,0.99953145,-0.008957665,-0.026676722,-0.012412902,0.0,0.0,0.0,0.0,0,2.78
162620000,162620000,0.99958026,-0.007680158,-0.025002277,-0.012818808,0.0,0.0,0.0,0.0,0,2.8
162640000,162640000,0.99962324,-0.006471776,-0.023378536,-0.013193918,0.0,0.0,0.0,0.0,0,2.82
162660000,162660000,0.9996612,-0.005323624,-0.021795128,-0.0135369925,0.0,0.0,0.0,0.0,0,2.84
162680000,162680000,0.99969447,-0.0042354777,-0.020258492,-0.01384726,0.0,0.0,0.0,0.0,0,2.86
162700000,162700000,0.99972343,-0.0031912064,-0.018774446,-0.014123911,0.0,0.0,0.0,0.0,0,2.88
162720000,162720000,0.99974847,-0.0021997727,-0.017345626,-0.014366626,0.0,0.0,0.0,0.0,0,2.9
162740000,162740000,0.9997702,-0.0012621593,-0.015955262,-0.014575513,0.0,0.0,0.0,0.0,0,2.92
162760000,162760000,0.999789,-0.00038931865,-0.014605868,-0.014751338,0.0,0.0,0.0,0.0,0,2.94
162780000,162780000,0.99980503,0.00041539085,-0.013301004,-0.0148947975,0.0,0.0,0.0,0.0,0,2.96
162800000,162800000,0.99981874,0.0011453425,-0.012047008,-0.015006144,0.0,0.0,0.0,0.0,0,2.98
162820000,162820000,0.99983037,0.0018149342,-0.010838864,-0.0150858555,0.0,0.0,0.0,0.0,0,3.0
162840000,162840000,0.99984026,0.0024263517,-0.009673299,-0.015134946,0.0,0.0,0.0,0.0,0,3.02
162860000,162860000,0.9998487,0.0029734299,-0.008551102,-0.015154738,0.0,0.0,0.0,0.0,0,3.04
162880000,162880000,0.99985594,0.0034645642,-0.0074677793,-0.015146304,0.0,0.0,0.0,0.0,0,3.06
162900000,162900000,0.9998621,0.003913329,-0.006424446,-0.015111089,0.0,0.0,0.0,0.0,0,3.08
162920000,162920000,0.99986726,0.004319745,-0.0054254234,-0.015050273,0.0,0.0,0.0,0.0,0,3.1
162940000,162940000,0.9998716,0.0046778223,-0.0044781854,-0.014965484,0.0,0.0,0.0,0.0,0,3.12
162960000,162960000,0.9998753,0.004992335,-0.003572594,-0.014858325,0.0,0.0,0.0,0.0,0,3.14
162980000,162980000,0.9998785,0.005268841,-0.0027001314,-0.0147306295,0.0,0.0,0.0,0.0,0,3.16
163000000,163000000,0.9998813,0.0055040885,-0.0018711862,-0.014584113,0.0,0.0,0.0,0.0,0,3.18
163020000,163020000,0.9998837,0.005704196,-0.001089022,-0.014420602,0.0,0.0,0.0,0.0,0,3.2
163040000,163040000,0.9998858,0.005882144,-0.00034507178,-0.014241623,0.0,0.0,0.0,0.0,0,3.22
163060000,163060000,0.9998876,0.006030931,0.00035722193,-0.014049087,0.0,0.0,0.0,0.0,0,3.24
163080000,163080000,0.9998892,0.0061586485,0.0010281327,-0.01384482,0.0,0.0,0.0,0.0,0,3.26
163100000,163100000,0.9998906,0.0062646917,0.0016695933,-0.013629971,0.0,0.0,0.0,0.0,0,3.28
163120000,163120000,0.99989194,0.0063509,0.0022680154,-0.013406375,0.0,0.0,0.0,0.0,0,3.3
163140000,163140000,0.9998931,0.0064194654,0.0028298404,-0.013176048,0.0,0.0,0.0,0.0,0,3.32
163160000,163160000,0.9998942,0.0064742123,0.0033642699,-0.012940464,0.0,0.0,0.0,0.0,0,3.34
163180000,163180000,0.9998953,0.006502746,0.0038650471,-0.012701253,0.0,0.0,0.0,0.0,0,3.36
163200000,163200000,0.9998963,0.0065152,0.00433183,-0.012459909,0.0,0.0,0.0,0.0,0,3.38
163220000,163220000,0.99989724,0.006518692,0.0047741444,-0.012217517,0.0,0.0,0.0,0.0,0,3.4
163240000,163240000,0.9998982,0.0065156375,0.0051827393,-0.0119757075,0.0,0.0,0.0,0.0,0,3.42
163260000,163260000,0.999899,0.0065023713,0.005565011,-0.011735973,0.0,0.0,0.0,0.0,0,3.44
163280000,163280000,0.9998999,0.0064755054,0.0059217783,-0.011499358,0.0,0.0,0.0,0.0,0,3.46
163300000,163300000,0.99990076,0.006438249,0.00626115,-0.011266508,0.0,0.0,0.0,0.0,0,3.48
163320000,163320000,0.99990165,0.0063841385,0.006575964,-0.011038354,0.0,0.0,0.0,0.0,0,3.5
163340000,163340000,0.9999025,0.00631829,0.006873259,-0.010815743,0.0,0.0,0.0,0.0,0,3.52
163360000,163360000,0.99990326,0.006246477,0.0071544955,-0.010600087,0.0,0.0,0.0,0.0,0,3.54
163380000,163380000,0.99990404,0.0061693685,0.007417934,-0.010391998,0.0,0.0,0.0,0.0,0,3.56
163400000,163400000,0.9999049,0.006080132,0.0076513425,-0.0101923235,0.0,0.0,0.0,0.0,0,3.58
163420000,163420000,0.9999058,0.0059816684,0.007853514,-0.010001594,0.0,0.0,0.0,0.0,0,3.6
163440000,163440000,0.9999068,0.0058803847,0.008031339,-0.009819784,0.0,0.0,0.0,0.0,0,3.62
163460000,163460000,0.99990785,0.005771249,0.00818803,-0.009647567,0.0,0.0,0.0,0.0,0,3.64
163480000,163480000,0.99990886,0.0056580896,0.008325905,-0.009485612,0.0,0.0,0.0,0.0,0,3.66
163500000,163500000,0.99990994,0.0055423677,0.0084462175,-0.009334042,0.0,0.0,0.0,0.0,0,3.68
163520000,163520000,0.99991107,0.005423331,0.008545288,-0.0091927145,0.0,0.0,0.0,0.0,0,3.7
163540000,163540000,0.99991226,0.0053063664,0.008616954,-0.009061677,0.0,0.0,0.0,0.0,0,3.72
163560000,163560000,0.9999135,0.00518906,0.0086684,-0.008941162,0.0,0.0,0.0,0.0,0,3.74
163580000,163580000,0.99991477,0.0050727446,0.008706209,-0.008831611,0.0,0.0,0.0,0.0,0,3.76
163600000,163600000,0.9999161,0.004960034,0.00872129,-0.008733044,0.0,0.0,0.0,0.0,0,3.78
163620000,163620000,0.99991757,0.0048380387,0.008710151,-0.008645464,0.0,0.0,0.0,0.0,0,3.8
163640000,163640000,0.9999191,0.0047015557,0.008682835,-0.0085684005,0.0,0.0,0.0,0.0,0,3.82
163660000,163660000,0.9999207,0.0045588682,0.008633714,-0.008501303,0.0,0.0,0.0,0.0,0,3.84
163680000,163680000,0.99992245,0.0044116555,0.008567539,-0.008444023,0.0,0.0,0.0,0.0,0,3.86
163700000,163700000,0.99992424,0.0042568175,0.008481745,-0.008396532,0.0,0.0,0.0,0.0,0,3.88
163720000,163720000,0.99992615,0.0040939497,0.008375884,-0.0083588315,0.0,0.0,0.0,0.0,0,3.9
163740000,163740000,0.99992806,0.0039306316,0.008257003,-0.008331158,0.0,0.0,0.0,0.0,0,3.92
163760000,163760000,0.9999298,0.003778192,0.008135892,-0.008313599,0.0,0.0,0.0,0.0,0,3.94
163780000,163780000,0.99993145,0.003621757,0.0080045955,-0.008305296,0.0,0.0,0.0,0.0,0,3.96
163800000,163800000,0.9999332,0.0034539374,0.007861292,-0.008305428,0.0,0.0,0.0,0.0,0,3.98
163820000,163820000,0.99993485,0.0032787598,0.0077134836,-0.008313431,0.0,0.0,0.0,0.0,0,4.0
163840000,163840000,0.9999364,0.0031051366,0.007566159,-0.008329095,0.0,0.0,0.0,0.0,0,4.02
163860000,163860000,0.99993795,0.002930091,0.007406444,-0.008352043,0.0,0.0,0.0,0.0,0,4.04
163880000,163880000,0.99993944,0.002759733,0.0072367396,-0.008382109,0.0,0.0,0.0,0.0,0,4.06
163900000,163900000,0.99994075,0.0025972538,0.007065944,-0.008418551,0.0,0.0,0.0,0.0,0,4.08
163920000,163920000,0.999942,0.0024357822,0.006896155,-0.008461546,0.0,0.0,0.0,0.0,0,4.1
163940000,163940000,0.9999432,0.002266351,0.006716581,-0.008510841,0.0,0.0,0.0,0.0,0,4.12
163960000,163960000,0.99994427,0.002092614,0.0065406635,-0.008565969,0.0,0.0,0.0,0.0,0,4.14
163980000,163980000,0.9999453,0.0019167991,0.006362265,-0.008626532,0.0,0.0,0.0,0.0,0,4.16
164000000,164000000,0.9999462,0.0017444532,0.006176984,-0.008691948,0.0,0.0,0.0,0.0,0,4.18
164020000,164020000,0.99994695,0.0015744661,0.005993314,-0.008761358,0.0,0.0,0.0,0.0,0,4.2
164040000,164040000,0.9999476,0.0014036938,0.005816045,-0.008833993,0.0,0.0,0.0,0.0,0,4.22
164060000,164060000,0.9999482,0.0012345081,0.0056337058,-0.008909446,0.0,0.0,0.0,0.0,0,4.24
164080000,164080000,0.9999488,0.0010704697,0.0054446203,-0.008987296,0.0,0.0,0.0,0.0,0,4.26
164100000,164100000,0.9999492,0.0009071566,0.005252431,-0.009066912,0.0,0.0,0.0,0.0,0,4.28
164120000,164120000,0.99994963,0.0007399723,0.005062997,-0.009148051,0.0,0.0,0.0,0.0,0,4.3
164140000,164140000,0.9999499,0.0005674203,0.0048766383,-0.00923048,0.0,0.0,0.0,0.0,0,4.32
164160000,164160000,0.9999501,0.00039953523,0.0046906197,-0.0093135815,0.0,0.0,0.0,0.0,0,4.34
164180000,164180000,0.99995023,0.00024291249,0.0045009213,-0.009397217,0.0,0.0,0.0,0.0,0,4.36
164200000,164200000,0.9999503,0.00010017956,0.004316364,-0.009481433,0.0,0.0,0.0,0.0,0,4.38
164220000,164220000,0.99995023,-2.5350524e-05,0.004145837,-0.009566118,0.0,0.0,0.0,0.0,0,4.4
164240000,164240000,0.99995005,-0.0001379267,0.003973217,-0.009651282,0.0,0.0,0.0,0.0,0,4.42
164260000,164260000,0.99994993,-0.00024187408,0.0037938831,-0.00973654,0.0,0.0,0.0,0.0,0,4.44
164280000,164280000,0.99994975,-0.00034532085,0.0036131763,-0.009820932,0.0,0.0,0.0,0.0,0,4.46
164300000,164300000,0.9999495,-0.00044808487,0.003429404,-0.00990413,0.0,0.0,0.0,0.0,0,4.48
164320000,164320000,0.99994934,-0.0005436864,0.0032362773,-0.009985765,0.0,0.0,0.0,0.0,0,4.5
164340000,164340000,0.9999491,-0.0006274929,0.003033492,-0.010065821,0.0,0.0,0.0,0.0,0,4.52
164360000,164360000,0.99994886,-0.00070190354,0.0028240227,-0.0101441275,0.0,0.0,0.0,0.0,0,4.54
164380000,164380000,0.99994856,-0.000765539,0.0026306442,-0.010220738,0.0,0.0,0.0,0.0,0,4.56
164400000,164400000,0.9999482,-0.0008258729,0.0024531481,-0.010295248,0.0,0.0,0.0,0.0,0,4.58
164420000,164420000,0.9999478,-0.00088654703,0.0022824565,-0.010366965,0.0,0.0,0.0,0.0,0,4.6
164440000,164440000,0.9999474,-0.0009390338,0.0021053345,-0.010435657,0.0,0.0,0.0,0.0,0,4.62
164460000,164460000,0.9999471,-0.0009768262,0.0019310943,-0.010501904,0.0,0.0,0.0,0.0,0,4.64
164480000,164480000,0.99994665,-0.0010135492,0.0017717727,-0.010564933,0.0,0.0,0.0,0.0,0,4.66
164500000,164500000,0.99994624,-0.0010454048,0.001613025,-0.010624475,0.0,0.0,0.0,0.0,0,4.68
164520000,164520000,0.9999459,-0.0010768976,0.0014538984,-0.010680147,0.0,0.0,0.0,0.0,0,4.7
164540000,164540000,0.9999455,-0.0011097374,0.0012943964,-0.0107318405,0.0,0.0,0.0,0.0,0,4.72
164560000,164560000,0.99994516,-0.0011473013,0.0011400675,-0.010779738,0.0,0.0,0.0,0.0,0,4.74
164580000,164580000,0.99994475,-0.0011804731,0.0010020067,-0.010824431,0.0,0.0,0.0,0.0,0,4.76
164600000,164600000,0.9999444,-0.0012167898,0.00086798525,-0.010866352,0.0,0.0,0.0,0.0,0,4.78
164620000,164620000,0.99994403,-0.0012628887,0.00073035766,-0.01090528,0.0,0.0,0.0,0.0,0,4.8
164640000,164640000,0.9999437,-0.001306818,0.0006036201,-0.010941271,0.0,0.0,0.0,0.0,0,4.82
164660000,164660000,0.9999433,-0.0013412618,0.00048345447,-0.010974223,0.0,0.0,0.0,0.0,0,4.84
164680000,164680000,0.99994296,-0.0013786197,0.00036119387,-0.01100431,0.0,0.0,0.0,0.0,0,4.86
164700000,164700000,0.99994266,-0.0014087696,0.00023892605,-0.011031371,0.0,0.0,0.0,0.0,0,4.88
164720000,164720000,0.9999424,-0.0014261716,0.00012567405,-0.011055519,0.0,0.0,0.0,0.0,0,4.9
164740000,164740000,0.9999422,-0.0014426833,1.3578642e-05,-0.011076689,0.0,0.0,0.0,0.0,0,4.92
164760000,164760000,0.99994195,-0.0014584225,-9.883651e-05,-0.011095114,0.0,0.0,0.0,0.0,0,4.94
164780000,164780000,0.9999417,-0.0014683787,-0.00020016877,-0.01111082,0.0,0.0,0.0,0.0,0,4.96
164800000,164800000,0.9999415,-0.0014763622,-0.00029061674,-0.0111243725,0.0,0.0,0.0,0.0,0,4.98
164820000,164820000,0.9999414,-0.0014802552,-0.00038363162,-0.011135679,0.0,0.0,0.0,0.0,0,5.0
164840000,164840000,0.99994123,-0.0014715915,-0.00049508165,-0.011144529,0.0,0.0,0.0,0.0,0,5.02
164860000,164860000,0.9999412,-0.0014494734,-0.00060460105,-0.011150677,0.0,0.0,0.0,0.0,0,5.04
164880000,164880000,0.9999411,-0.0014145277,-0.0006998501,-0.01115413,0.0,0.0,0.0,0.0,0,5.06
164900000,164900000,0.9999411,-0.0013677547,-0.00078872876,-0.01115541,0.0,0.0,0.0,0.0,0,5.08
164920000,164920000,0.9999411,-0.0013131858,-0.000867948,-0.011154594,0.0,0.0,0.0,0.0,0,5.1
164940000,164940000,0.9999411,-0.0012528729,-0.00094779755,-0.011151841,0.0,0.0,0.0,0.0,0,5.12
164960000,164960000,0.9999412,-0.0011941381,-0.0010449189,-0.011147377,0.0,0.0,0.0,0.0,0,5.14
164980000,164980000,0.9999412,-0.0011397817,-0.0011374686,-0.0111411745,0.0,0.0,0.0,0.0,0,5.16
165000000,165000000,0.99994123,-0.0010906276,-0.0012017129,-0.011133459,0.0,0.0,0.0,0.0,0,5.18
165020000,165020000,0.99994135,-0.0010502001,-0.0012480348,-0.011124892,0.0,0.0,0.0,0.0,0,5.2
165040000,165040000,0.9999414,-0.0010212836,-0.0012954675,-0.011115338,0.0,0.0,0.0,0.0,0,5.22
165060000,165060000,0.9999415,-0.0009919798,-0.0013379806,-0.011105372,0.0,0.0,0.0,0.0,0,5.24
165080000,165080000,0.9999416,-0.00096485973,-0.0013743233,-0.0110952305,0.0,0.0,0.0,0.0,0,5.26
165100000,165100000,0.9999417,-0.00093817187,-0.0014012419,-0.011084771,0.0,0.0,0.0,0.0,0,5.28
165120000,165120000,0.9999418,-0.0009123758,-0.0014183928,-0.011074238,0.0,0.0,0.0,0.0,0,5.3
165140000,165140000,0.99994195,-0.0008861334,-0.0014349367,-0.01106317,0.0,0.0,0.0,0.0,0,5.32
165160000,165160000,0.99994206,-0.00085619,-0.0014559908,-0.01105183,0.0,0.0,0.0,0.0,0,5.34
165180000,165180000,0.9999422,-0.00082630734,-0.0014755875,-0.01104046,0.0,0.0,0.0,0.0,0,5.36
165200000,165200000,0.9999423,-0.00078337925,-0.001482335,-0.0110291615,0.0,0.0,0.0,0.0,0,5.38
165220000,165220000,0.9999425,-0.00072593533,-0.0014857788,-0.011017164,0.0,0.0,0.0,0.0,0,5.4
165240000,165240000,0.99994266,-0.0006703181,-0.0014826629,-0.011004373,0.0,0.0,0.0,0.0,0,5.42
165260000,165260000,0.9999429,-0.0006107903,-0.0014665613,-0.01099092,0.0,0.0,0.0,0.0,0,5.44
165280000,165280000,0.99994314,-0.0005431873,-0.001437211,-0.010977151,0.0,0.0,0.0,0.0,0,5.46
165300000,165300000,0.9999434,-0.00047793312,-0.0014091549,-0.010963294,0.0,0.0,0.0,0.0,0,5.48
165320000,165320000,0.99994355,-0.00041542793,-0.001376658,-0.010949217,0.0,0.0,0.0,0.0,0,5.5
165340000,165340000,0.9999438,-0.00035630818,-0.0013367881,-0.010935165,0.0,0.0,0.0,0.0,0,5.52
165360000,165360000,0.99994403,-0.00029960598,-0.0012885454,-0.01092111,0.0,0.0,0.0,0.0,0,5.54
165380000,165380000,0.99994427,-0.0002439246,-0.0012365474,-0.010907481,0.0,0.0,0.0,0.0,0,5.56
165400000,165400000,0.9999445,-0.00018506024,-0.0011831612,-0.010894043,0.0,0.0,0.0,0.0,0,5.58
165420000,165420000,0.9999447,-0.00012523899,-0.0011269896,-0.010880809,0.0,0.0,0.0,0.0,0,5.6
165440000,165440000,0.9999449,-6.838763e-05,-0.001064857,-0.010867596,0.0,0.0,0.0,0.0,0,5.62
165460000,165460000,0.99994516,-1.621626e-05,-0.0009962147,-0.010854473,0.0,0.0,0.0,0.0,0,5.64
165480000,165480000,0.99994534,3.0174004e-05,-0.0009215576,-0.010841446,0.0,0.0,0.0,0.0,0,5.66
165500000,165500000,0.9999456,7.0901886e-05,-0.0008408163,-0.010828511,0.0,0.0,0.0,0.0,0,5.68
165520000,165520000,0.99994576,0.00010562599,-0.00075407344,-0.010815668,0.0,0.0,0.0,0.0,0,5.7
165540000,165540000,0.999946,0.0001352955,-0.0006606565,-0.010803031,0.0,0.0,0.0,0.0,0,5.72
165560000,165560000,0.9999462,0.00016218987,-0.0005579888,-0.010790632,0.0,0.0,0.0,0.0,0,5.74
165580000,165580000,0.99994636,0.00018528811,-0.000447463,-0.010778367,0.0,0.0,0.0,0.0,0,5.76
165600000,165600000,0.99994653,0.00020314359,-0.0003300305,-0.010766207,0.0,0.0,0.0,0.0,0,5.78
165620000,165620000,0.99994665,0.00021557938,-0.00020639508,-0.01075424,0.0,0.0,0.0,0.0,0,5.8
165640000,165640000,0.99994683,0.00022096567,-7.91224e-05,-0.010743026,0.0,0.0,0.0,0.0,0,5.82
165660000,165660000,0.99994695,0.00023909863,5.5405893e-05,-0.0107321385,0.0,0.0,0.0,0.0,0,5.84
165680000,165680000,0.999947,0.00025449527,0.00019927276,-0.010721401,0.0,0.0,0.0,0.0,0,5.86
165700000,165700000,0.99994713,0.0002603717,0.0003327827,-0.010710714,0.0,0.0,0.0,0.0,0,5.88
165720000,165720000,0.99994713,0.00025845945,0.0004691318,-0.010700264,0.0,0.0,0.0,0.0,0,5.9
165740000,165740000,0.9999472,0.0002528364,0.00060974574,-0.010690095,0.0,0.0,0.0,0.0,0,5.92
165760000,165760000,0.9999472,0.00023770383,0.0007458963,-0.010679645,0.0,0.0,0.0,0.0,0,5.94
165780000,165780000,0.99994725,0.00021532568,0.00088250154,-0.0106693925,0.0,0.0,0.0,0.0,0,5.96
165800000,165800000,0.9999472,0.00019202079,0.0010211449,-0.010659298,0.0,0.0,0.0,0.0,0,5.98
165820000,165820000,0.9999472,0.0001649666,0.0011599417,-0.010649262,0.0,0.0,0.0,0.0,0,6.0
165840000,165840000,0.99994713,0.00013216877,0.0012962343,-0.010639427,0.0,0.0,0.0,0.0,0,6.02
165860000,165860000,0.999947,0.0001016859,0.0014254425,-0.010630227,0.0,0.0,0.0,0.0,0,6.04
165880000,165880000,0.99994695,7.3178664e-05,0.001547618,-0.010621424,0.0,0.0,0.0,0.0,0,6.06
165900000,165900000,0.99994683,4.7875714e-05,0.0016587593,-0.0106130475,0.0,0.0,0.0,0.0,0,6.08
165920000,165920000,0.9999468,2.2728138e-05,0.0017700463,-0.010604842,0.0,0.0,0.0,0.0,0,6.1
165940000,165940000,0.99994665,-1.3475467e-06,0.0018793043,-0.01059703,0.0,0.0,0.0,0.0,0,6.12
165960000,165960000,0.99994653,-2.9585093e-05,0.0019799012,-0.010589151,0.0,0.0,0.0,0.0,0,6.14
165980000,165980000,0.9999464,-6.0894377e-05,0.002068856,-0.010581576,0.0,0.0,0.0,0.0,0,6.16
166000000,166000000,0.99994636,-9.274896e-05,0.0021435823,-0.010573929,0.0,0.0,0.0,0.0,0,6.18
166020000,166020000,0.99994624,-0.000114633054,0.0022194146,-0.0105661275,0.0,0.0,0.0,0.0,0,6.2
166040000,166040000,0.9999462,-0.00013519396,0.0022943562,-0.010558244,0.0,0.0,0.0,0.0,0,6.22
166060000,166060000,0.9999461,-0.00016027312,0.0023572545,-0.010550383,0.0,0.0,0.0,0.0,0,6.24
166080000,166080000,0.99994606,-0.00018904629,0.0024091986,-0.010542533,0.0,0.0,0.0,0.0,0,6.26
166100000,166100000,0.999946,-0.00022336628,0.0024560643,-0.010534726,0.0,0.0,0.0,0.0,0,6.28
166120000,166120000,0.999946,-0.0002636128,0.002503638,-0.010526845,0.0,0.0,0.0,0.0,0,6.3
166140000,166140000,0.99994594,-0.00031053473,0.0025549536,-0.0105185155,0.0,0.0,0.0,0.0,0,6.32
166160000,166160000,0.9999459,-0.00035429292,0.0025989304,-0.010509279,0.0,0.0,0.0,0.0,0,6.34
166180000,166180000,0.9999459,-0.00040123457,0.0026286368,-0.010499215,0.0,0.0,0.0,0.0,0,6.36
166200000,166200000,0.99994594,-0.00045378326,0.0026519308,-0.01048899,0.0,0.0,0.0,0.0,0,6.38
166220000,166220000,0.99994594,-0.0005124538,0.00267358,-0.010478413,0.0,0.0,0.0,0.0,0,6.4
166240000,166240000,0.999946,-0.00058567314,0.0026873972,-0.010467108,0.0,0.0,0.0,0.0,0,6.42
166260000,166260000,0.99994606,-0.00067702384,0.0026909325,-0.010455278,0.0,0.0,0.0,0.0,0,6.44
166280000,166280000,0.9999461,-0.00077798776,0.0026926098,-0.010443341,0.0,0.0,0.0,0.0,0,6.46
166300000,166300000,0.9999461,-0.0008854588,0.0026957202,-0.010430915,0.0,0.0,0.0,0.0,0,6.48
166320000,166320000,0.9999462,-0.0010041338,0.0026896016,-0.010417875,0.0,0.0,0.0,0.0,0,6.5
166340000,166340000,0.99994624,-0.0011173786,0.0026728318,-0.010403712,0.0,0.0,0.0,0.0,0,6.52
166360000,166360000,0.9999463,-0.0012229601,0.002657285,-0.010388441,0.0,0.0,0.0,0.0,0,6.54
166380000,166380000,0.9999464,-0.0013238231,0.0026423743,-0.010372089,0.0,0.0,0.0,0.0,0,6.56
166400000,166400000,0.9999465,-0.0014198745,0.002622904,-0.010354586,0.0,0.0,0.0,0.0,0,6.58
166420000,166420000,0.9999466,-0.0015134827,0.0026061044,-0.010335721,0.0,0.0,0.0,0.0,0,6.6
166440000,166440000,0.9999467,-0.0016063637,0.0025910155,-0.010315423,0.0,0.0,0.0,0.0,0,6.62
166460000,166460000,0.99994683,-0.0016957987,0.002572895,-0.010293672,0.0,0.0,0.0,0.0,0,6.64
166480000,166480000,0.99994695,-0.0017843671,0.0025528143,-0.010270461,0.0,0.0,0.0,0.0,0,6.66
166500000,166500000,0.99994713,-0.0018683937,0.0025338887,-0.010246139,0.0,0.0,0.0,0.0,0,6.68
166520000,166520000,0.99994725,-0.0019404792,0.002529048,-0.010221089,0.0,0.0,0.0,0.0,0,6.7
166540000,166540000,0.99994737,-0.0020034225,0.0025244495,-0.010195851,0.0,0.0,0.0,0.0,0,6.72
166560000,166560000,0.9999476,-0.002061128,0.0025029592,-0.0101701,0.0,0.0,0.0,0.0,0,6.74
166580000,166580000,0.99994785,-0.0021105462,0.002473091,-0.010143636,0.0,0.0,0.0,0.0,0,6.76
166600000,166600000,0.999948,-0.002149522,0.0024563977,-0.010116618,0.0,0.0,0.0,0.0,0,6.78
166620000,166620000,0.99994826,-0.0021820634,0.002445986,-0.010089638,0.0,0.0,0.0,0.0,0,6.8
166640000,166640000,0.9999493,-0.003020365,0.00022088121,-0.01006606,0.0,0.0,0.0,0.0,0,6.82
166660000,166660000,0.9999113,-0.0059876745,-0.0070539624,-0.010045058,0.0,0.0,0.0,0.0,0,6.84
166680000,166680000,0.9997695,-0.0105502745,-0.01605509,-0.010049049,0.0,0.0,0.0,0.0,0,6.86
166700000,166700000,0.99952734,-0.015742088,-0.024587508,-0.010089555,0.0,0.0,0.0,0.0,0,6.88
166720000,166720000,0.9991782,-0.02112689,-0.033205852,-0.010155733,0.0,0.0,0.0,0.0,0,6.9
166740000,166740000,0.99871904,-0.026550889,-0.04194499,-0.010248233,0.0,0.0,0.0,0.0,0,6.92
166760000,166760000,0.9981785,-0.031850163,-0.050266556,-0.010375836,0.0,0.0,0.0,0.0,0,6.94
166780000,166780000,0.9975886,-0.036926858,-0.057891373,-0.010543417,0.0,0.0,0.0,0.0,0,6.96
166800000,166800000,0.9969723,-0.041693654,-0.064818524,-0.010746993,0.0,0.0,0.0,0.0,0,6.98
166820000,166820000,0.9963448,-0.0460756,-0.07115232,-0.010977931,0.0,0.0,0.0,0.0,0,7.0
166840000,166840000,0.9957216,-0.050074108,-0.07690229,-0.0112352045,0.0,0.0,0.0,0.0,0,7.02
166860000,166860000,0.995117,-0.053684767,-0.08207682,-0.011516981,0.0,0.0,0.0,0.0,0,7.04
166880000,166880000,0.9945377,-0.05692832,-0.08673683,-0.011819374,0.0,0.0,0.0,0.0,0,7.06
166900000,166900000,0.9939892,-0.059825614,-0.09092883,-0.012139341,0.0,0.0,0.0,0.0,0,7.08
166920000,166920000,0.99347675,-0.062382843,-0.094688416,-0.012472984,0.0,0.0,0.0,0.0,0,7.1
166940000,166940000,0.9929999,-0.064642936,-0.098067455,-0.012818739,0.0,0.0,0.0,0.0,0,7.12
166960000,166960000,0.9925603,-0.06662736,-0.101095885,-0.013174051,0.0,0.0,0.0,0.0,0,7.14
166980000,166980000,0.99215823,-0.06835653,-0.10380394,-0.013536144,0.0,0.0,0.0,0.0,0,7.16
167000000,167000000,0.9917911,-0.069861256,-0.10623369,-0.013902619,0.0,0.0,0.0,0.0,0,7.18
167020000,167020000,0.9914589,-0.07116151,-0.10840069,-0.014272038,0.0,0.0,0.0,0.0,0,7.2
167040000,167040000,0.99114025,-0.072328866,-0.11047341,-0.014638169,0.0,0.0,0.0,0.0,0,7.22
167060000,167060000,0.99069417,-0.07376232,-0.11344221,-0.014972993,0.0,0.0,0.0,0.0,0,7.24
167080000,167080000,0.989934,-0.07598116,-0.11846495,-0.015252614,0.0,0.0,0.0,0.0,0,7.26
167100000,167100000,0.988773,-0.0792626,-0.12575433,-0.015503507,0.0,0.0,0.0,0.0,0,7.28
167120000,167120000,0.9872339,-0.08358136,-0.13469672,-0.015788756,0.0,0.0,0.0,0.0,0,7.3
167140000,167140000,0.98541915,-0.08859798,-0.14438646,-0.016158303,0.0,0.0,0.0,0.0,0,7.32
167160000,167160000,0.98347104,-0.09390472,-0.1539439,-0.016642964,0.0,0.0,0.0,0.0,0,7.34
167180000,167180000,0.9815386,-0.09911303,-0.16269585,-0.017254867,0.0,0.0,0.0,0.0,0,7.36
167200000,167200000,0.97973603,-0.1039156,-0.17030756,-0.017981147,0.0,0.0,0.0,0.0,0,7.38
167220000,167220000,0.9781303,-0.10814425,-0.17669629,-0.018801186,0.0,0.0,0.0,0.0,0,7.4
167240000,167240000,0.9767625,-0.11169419,-0.18188155,-0.019689946,0.0,0.0,0.0,0.0,0,7.42
167260000,167260000,0.97564703,-0.11455183,-0.18594152,-0.020629061,0.0,0.0,0.0,0.0,0,7.44
167280000,167280000,0.974794,-0.116712876,-0.1889374,-0.021601822,0.0,0.0,0.0,0.0,0,7.46
167300000,167300000,0.9741966,-0.11821347,-0.19095854,-0.02259477,0.0,0.0,0.0,0.0,0,7.48
167320000,167320000,0.97384435,-0.119084336,-0.19208992,-0.023593845,0.0,0.0,0.0,0.0,0,7.5
167340000,167340000,0.97371906,-0.11937091,-0.19242229,-0.02458742,0.0,0.0,0.0,0.0,0,7.52
167360000,167360000,0.97380096,-0.11911411,-0.19203934,-0.025564026,0.0,0.0,0.0,0.0,0,7.54
167380000,167380000,0.97407037,-0.118354805,-0.19101088,-0.026513983,0.0,0.0,0.0,0.0,0,7.56
167400000,167400000,0.97450864,-0.11713252,-0.18939258,-0.027430348,0.0,0.0,0.0,0.0,0,7.58
167420000,167420000,0.9750971,-0.11548481,-0.18723452,-0.028306535,0.0,0.0,0.0,0.0,0,7.6
167440000,167440000,0.97582006,-0.11344526,-0.18456848,-0.029137686,0.0,0.0,0.0,0.0,0,7.62
167460000,167460000,0.97665733,-0.11105328,-0.18144323,-0.029918669,0.0,0.0,0.0,0.0,0,7.64
167480000,167480000,0.97759545,-0.10833505,-0.17787807,-0.0306458,0.0,0.0,0.0,0.0,0,7.66
167500000,167500000,0.9786181,-0.1053239,-0.17390214,-0.031315546,0.0,0.0,0.0,0.0,0,7.68
167520000,167520000,0.97970796,-0.10204661,-0.16955502,-0.03192201,0.0,0.0,0.0,0.0,0,7.7
167540000,167540000,0.98085356,-0.098524034,-0.16484739,-0.032461457,0.0,0.0,0.0,0.0,0,7.72
167560000,167560000,0.98203504,-0.094802,-0.15982614,-0.032931775,0.0,0.0,0.0,0.0,0,7.74
167580000,167580000,0.9832422,-0.0908965,-0.15450151,-0.033330295,0.0,0.0,0.0,0.0,0,7.76
167600000,167600000,0.9844618,-0.086838536,-0.14889729,-0.033655997,0.0,0.0,0.0,0.0,0,7.78
167620000,167620000,0.9856808,-0.08265703,-0.14304042,-0.03390728,0.0,0.0,0.0,0.0,0,7.8
167640000,167640000,0.9868906,-0.07835652,-0.13694803,-0.03408049,0.0,0.0,0.0,0.0,0,7.82
167660000,167660000,0.9880774,-0.073978275,-0.13065751,-0.034176465,0.0,0.0,0.0,0.0,0,7.84
167680000,167680000,0.98923546,-0.069515474,-0.124180555,-0.034191888,0.0,0.0,0.0,0.0,0,7.86
167700000,167700000,0.99035597,-0.065003894,-0.11753203,-0.03412945,0.0,0.0,0.0,0.0,0,7.88
167720000,167720000,0.9914309,-0.060453907,-0.1107428,-0.033988703,0.0,0.0,0.0,0.0,0,7.9
167740000,167740000,0.9924541,-0.05586793,-0.10383798,-0.03376878,0.0,0.0,0.0,0.0,0,7.92
167760000,167760000,0.9934189,-0.05128534,-0.0968371,-0.033473644,0.0,0.0,0.0,0.0,0,7.94
167780000,167780000,0.9943208,-0.046695277,-0.0897721,-0.033101656,0.0,0.0,0.0,0.0,0,7.96
167800000,167800000,0.9951565,-0.04213833,-0.08264587,-0.032658488,0.0,0.0,0.0,0.0,0,7.98
167820000,167820000,0.9959221,-0.037602294,-0.075506,-0.032143887,0.0,0.0,0.0,0.0,0,8.0
167840000,167840000,0.9966157,-0.033113386,-0.06836361,-0.03156233,0.0,0.0,0.0,0.0,0,8.02
167860000,167860000,0.99723667,-0.028689662,-0.061230317,-0.03091788,0.0,0.0,0.0,0.0,0,8.04
167880000,167880000,0.99778485,-0.024325965,-0.054128744,-0.030213695,0.0,0.0,0.0,0.0,0,8.06
167900000,167900000,0.9982603,-0.020048518,-0.04707279,-0.029454906,0.0,0.0,0.0,0.0,0,8.08
167920000,167920000,0.9986634,-0.015838271,-0.040112976,-0.028644549,0.0,0.0,0.0,0.0,0,8.1
167940000,167940000,0.99899715,-0.011726809,-0.03322783,-0.027788745,0.0,0.0,0.0,0.0,0,8.12
167960000,167960000,0.9992631,-0.007708508,-0.02645295,-0.02689226,0.0,0.0,0.0,0.0,0,8.14
167980000,167980000,0.99946445,-0.0037929341,-0.01978748,-0.025960678,0.0,0.0,0.0,0.0,0,8.16
168000000,168000000,0.999604,1.4113763e-05,-0.013267312,-0.024999348,0.0,0.0,0.0,0.0,0,8.18
168020000,168020000,0.9996855,0.0037187005,-0.006892798,-0.024013987,0.0,0.0,0.0,0.0,0,8.2
168040000,168040000,0.9997129,0.0073064975,-0.0006722418,-0.023010325,0.0,0.0,0.0,0.0,0,8.22
168060000,168060000,0.99969,0.010789257,0.005374986,-0.021994032,0.0,0.0,0.0,0.0,0,8.24
168080000,168080000,0.9996211,0.014151183,0.011260466,-0.020970207,0.0,0.0,0.0,0.0,0,8.26
168100000,168100000,0.9995104,0.017397128,0.016960021,-0.019945052,0.0,0.0,0.0,0.0,0,8.28
168120000,168120000,0.99936205,0.020520886,0.02248051,-0.018923465,0.0,0.0,0.0,0.0,0,8.3
168140000,168140000,0.9991807,0.02353424,0.027792566,-0.017911594,0.0,0.0,0.0,0.0,0,8.32
168160000,168160000,0.99896973,0.026433045,0.032921012,-0.016913954,0.0,0.0,0.0,0.0,0,8.34
168180000,168180000,0.9987341,0.029211115,0.037841547,-0.015935725,0.0,0.0,0.0,0.0,0,8.36
168200000,168200000,0.9984773,0.031869948,0.042568646,-0.014980989,0.0,0.0,0.0,0.0,0,8.38
168220000,168220000,0.99820393,0.034405027,0.04708324,-0.014054416,0.0,0.0,0.0,0.0,0,8.4
168240000,168240000,0.9979162,0.036837008,0.051402148,-0.013159944,0.0,0.0,0.0,0.0,0,8.42
168260000,168260000,0.9976181,0.0391575,0.055521194,-0.012300943,0.0,0.0,0.0,0.0,0,8.44
168280000,168280000,0.99731225,0.04138056,0.059440654,-0.011481982,0.0,0.0,0.0,0.0,0,8.46
168300000,168300000,0.9970023,0.043485224,0.06316625,-0.010704551,0.0,0.0,0.0,0.0,0,8.48
168320000,168320000,0.9966903,0.04548769,0.06670103,-0.009972159,0.0,0.0,0.0,0.0,0,8.5
168340000,168340000,0.99637944,0.047374625,0.070046626,-0.00928598,0.0,0.0,0.0,0.0,0,8.52
168360000,168360000,0.9960724,0.049157616,0.073195815,-0.008649317,0.0,0.0,0.0,0.0,0,8.54
168380000,168380000,0.99577045,0.05083723,0.076163165,-0.008063251,0.0,0.0,0.0,0.0,0,8.56
168400000,168400000,0.9954752,0.05242618,0.0789501,-0.0075296643,0.0,0.0,0.0,0.0,0,8.58
168420000,168420000,0.9951889,0.053912245,0.08155966,-0.0070486893,0.0,0.0,0.0,0.0,0,8.6
168440000,168440000,0.994913,0.05530538,0.08399262,-0.006621669,0.0,0.0,0.0,0.0,0,8.62
168460000,168460000,0.99464804,0.056603555,0.08626342,-0.0062480955,0.0,0.0,0.0,0.0,0,8.64
168480000,168480000,0.9943969,0.057804793,0.08835884,-0.0059282286,0.0,0.0,0.0,0.0,0,8.66
168500000,168500000,0.9941601,0.05891146,0.090289086,-0.005661619,0.0,0.0,0.0,0.0,0,8.68
168520000,168520000,0.99393874,0.05992728,0.09205367,-0.005448022,0.0,0.0,0.0,0.0,0,8.7
168540000,168540000,0.9937321,0.060852863,0.09367263,-0.0052857245,0.0,0.0,0.0,0.0,0,8.72
168560000,168560000,0.9935417,0.061700117,0.09513305,-0.0051756958,0.0,0.0,0.0,0.0,0,8.74
168580000,168580000,0.99336684,0.0624697,0.096450776,-0.005115605,0.0,0.0,0.0,0.0,0,8.76
168600000,168600000,0.9932086,0.06316247,0.09762314,-0.0051041176,0.0,0.0,0.0,0.0,0,8.78
168620000,168620000,0.9930683,0.06377309,0.09864597,-0.0051392643,0.0,0.0,0.0,0.0,0,8.8
168640000,168640000,0.99294585,0.06430122,0.09952795,-0.005218815,0.0,0.0,0.0,0.0,0,8.82
168660000,168660000,0.9928396,0.064752616,0.10028597,-0.005340149,0.0,0.0,0.0,0.0,0,8.84
168680000,168680000,0.99274915,0.06513366,0.10092357,-0.005501289,0.0,0.0,0.0,0.0,0,8.86
168700000,168700000,0.99267596,0.06544135,0.10143241,-0.005700028,0.0,0.0,0.0,0.0,0,8.88
168720000,168720000,0.9926189,0.06567783,0.10182354,-0.0059331595,0.0,0.0,0.0,0.0,0,8.9
168740000,168740000,0.9925778,0.065841794,0.102102235,-0.00619769,0.0,0.0,0.0,0.0,0,8.92
168760000,168760000,0.99255264,0.065929584,0.10227175,-0.006490502,0.0,0.0,0.0,0.0,0,8.94
168780000,168780000,0.9925424,0.06595438,0.10233463,-0.006810116,0.0,0.0,0.0,0.0,0,8.96
168800000,168800000,0.9925461,0.06592229,0.10229565,-0.0071543665,0.0,0.0,0.0,0.0,0,8.98
168820000,168820000,0.99256366,0.06582835,0.1021595,-0.0075194533,0.0,0.0,0.0,0.0,0,9.0
168840000,168840000,0.9925958,0.065669194,0.101920635,-0.007902392,0.0,0.0,0.0,0.0,0,9.02
168860000,168860000,0.9926409,0.06545524,0.10158664,-0.0083015105,0.0,0.0,0.0,0.0,0,9.04
168880000,168880000,0.9926975,0.06518942,0.10116946,-0.00871351,0.0,0.0,0.0,0.0,0,9.06
168900000,168900000,0.9927657,0.06487121,0.10066563,-0.009135565,0.0,0.0,0.0,0.0,0,9.08
168920000,168920000,0.9928456,0.06449906,0.10007561,-0.009564661,0.0,0.0,0.0,0.0,0,9.1
168940000,168940000,0.99293625,0.06407114,0.099406205,-0.009997658,0.0,0.0,0.0,0.0,0,9.12
168960000,168960000,0.993037,0.06358893,0.09866249,-0.010431952,0.0,0.0,0.0,0.0,0,9.14
168980000,168980000,0.99314713,0.063057885,0.09784456,-0.01086536,0.0,0.0,0.0,0.0,0,9.16
169000000,169000000,0.9932659,0.062471934,0.09696161,-0.011294284,0.0,0.0,0.0,0.0,0,9.18
169020000,169020000,0.99339384,0.0618363,0.09600382,-0.011717388,0.0,0.0,0.0,0.0,0,9.2
169040000,169040000,0.9935294,0.06115275,0.094982535,-0.012131965,0.0,0.0,0.0,0.0,0,9.22
169060000,169060000,0.9936714,0.06041989,0.093906716,-0.012535212,0.0,0.0,0.0,0.0,0,9.24
169080000,169080000,0.99381965,0.05964666,0.09277259,-0.012926216,0.0,0.0,0.0,0.0,0,9.26
169100000,169100000,0.99397326,0.058836717,0.09158377,-0.0133032715,0.0,0.0,0.0,0.0,0,9.28
169120000,169120000,0.9941318,0.057990965,0.090340205,-0.013664899,0.0,0.0,0.0,0.0,0,9.3
169140000,169140000,0.9942945,0.057108715,0.08904956,-0.0140089225,0.0,0.0,0.0,0.0,0,9.32
169160000,169160000,0.99446136,0.056189664,0.087709695,-0.014333566,0.0,0.0,0.0,0.0,0,9.34
169180000,169180000,0.99463177,0.055235818,0.08632174,-0.014637462,0.0,0.0,0.0,0.0,0,9.36
169200000,169200000,0.9948051,0.054251995,0.08488814,-0.014919797,0.0,0.0,0.0,0.0,0,9.38
169220000,169220000,0.99497974,0.053234868,0.08342738,-0.015178093,0.0,0.0,0.0,0.0,0,9.4
169240000,169240000,0.99515575,0.052190468,0.08193122,-0.0154123595,0.0,0.0,0.0,0.0,0,9.42
169260000,169260000,0.9953322,0.051127113,0.0804044,-0.01562222,0.0,0.0,0.0,0.0,0,9.44
169280000,169280000,0.99550813,0.050043494,0.078856856,-0.01580664,0.0,0.0,0.0,0.0,0,9.46
169300000,169300000,0.99568313,0.04893861,0.07729346,-0.015964925,0.0,0.0,0.0,0.0,0,9.48
169320000,169320000,0.9958579,0.047820076,0.07569872,-0.016098129,0.0,0.0,0.0,0.0,0,9.5
169340000,169340000,0.99603087,0.046698995,0.074081786,-0.016206605,0.0,0.0,0.0,0.0,0,9.52
169360000,169360000,0.99620104,0.045568615,0.07246197,-0.01628888,0.0,0.0,0.0,0.0,0,9.54
169380000,169380000,0.9963684,0.04442362,0.0708411,-0.016344361,0.0,0.0,0.0,0.0,0,9.56
169400000,169400000,0.99653333,0.043276455,0.06920548,-0.01637487,0.0,0.0,0.0,0.0,0,9.58
169420000,169420000,0.9966958,0.0421265,0.06755442,-0.0163805,0.0,0.0,0.0,0.0,0,9.6
169440000,169440000,0.99685556,0.040966317,0.065894745,-0.016361184,0.0,0.0,0.0,0.0,0,9.62
169460000,169460000,0.99701136,0.03979928,0.06424337,-0.016317256,0.0,0.0,0.0,0.0,0,9.64
169480000,169480000,0.997163,0.038627565,0.06260152,-0.01624924,0.0,0.0,0.0,0.0,0,9.66
169500000,169500000,0.99731076,0.03745224,0.060964044,-0.016158536,0.0,0.0,0.0,0.0,0,9.68
169520000,169520000,0.9974553,0.036276624,0.05931753,-0.016046522,0.0,0.0,0.0,0.0,0,9.7
169540000,169540000,0.99759555,0.035106845,0.057675578,-0.01591402,0.0,0.0,0.0,0.0,0,9.72
169560000,169560000,0.9977314,0.033942156,0.056041572,-0.01576191,0.0,0.0,0.0,0.0,0,9.74
169580000,169580000,0.99786294,0.032778356,0.054416455,-0.015590769,0.0,0.0,0.0,0.0,0,9.76
169600000,169600000,0.9979899,0.031622343,0.052802548,-0.015401691,0.0,0.0,0.0,0.0,0,9.78
169620000,169620000,0.99811214,0.030475972,0.051200964,-0.015196172,0.0,0.0,0.0,0.0,0,9.8
169640000,169640000,0.9982298,0.029342128,0.04961033,-0.014975689,0.0,0.0,0.0,0.0,0,9.82
169660000,169660000,0.9983429,0.028218381,0.04803128,-0.014741214,0.0,0.0,0.0,0.0,0,9.84
169680000,169680000,0.9984517,0.027103161,0.046461597,-0.01449342,0.0,0.0,0.0,0.0,0,9.86
169700000,169700000,0.9985559,0.025992835,0.044911515,-0.014233335,0.0,0.0,0.0,0.0,0,9.88
169720000,169720000,0.998655,0.024901778,0.04338406,-0.013962456,0.0,0.0,0.0,0.0,0,9.9
169740000,169740000,0.99874943,0.023827799,0.04187794,-0.013681751,0.0,0.0,0.0,0.0,0,9.92
169760000,169760000,0.9988392,0.022767713,0.040393658,-0.013392966,0.0,0.0,0.0,0.0,0,9.94
169780000,169780000,0.99892455,0.021723386,0.038927693,-0.013097417,0.0,0.0,0.0,0.0,0,9.96
169800000,169800000,0.99900514,0.020703629,0.03748851,-0.012796821,0.0,0.0,0.0,0.0,0,9.98
169820000,169820000,0.99908113,0.019700339,0.036081407,-0.0124919955,0.0,0.0,0.0,0.0,0,10.0
169840000,169840000,0.99915296,0.01870984,0.034698363,-0.012183923,0.0,0.0,0.0,0.0,0,10.02
169860000,169860000,0.9992206,0.017743766,0.03333852,-0.011874171,0.0,0.0,0.0,0.0,0,10.04
169880000,169880000,0.9992839,0.016808882,0.032007985,-0.011563655,0.0,0.0,0.0,0.0,0,10.06
169900000,169900000,0.99934334,0.015891839,0.030704724,-0.011253347,0.0,0.0,0.0,0.0,0,10.08
169920000,169920000,0.999399,0.014998333,0.029427381,-0.010944563,0.0,0.0,0.0,0.0,0,10.1
169940000,169940000,0.999451,0.0141318925,0.028176885,-0.010638388,0.0,0.0,0.0,0.0,0,10.12
169960000,169960000,0.9994995,0.013285901,0.026953187,-0.010335605,0.0,0.0,0.0,0.0,0,10.14
169980000,169980000,0.99954486,0.012456795,0.025754472,-0.010036987,0.0,0.0,0.0,0.0,0,10.16
170000000,170000000,0.9995867,0.0116602145,0.024588322,-0.009743737,0.0,0.0,0.0,0.0,0,10.18
170020000,170020000,0.99962556,0.01089369,0.02344555,-0.009456995,0.0,0.0,0.0,0.0,0,10.2
170040000,170040000,0.9996613,0.010159128,0.022336692,-0.009177785,0.0,0.0,0.0,0.0,0,10.22
170060000,170060000,0.99969405,0.009455938,0.021265572,-0.008906702,0.0,0.0,0.0,0.0,0,10.24
170080000,170080000,0.999724,0.008780921,0.020229038,-0.008644249,0.0,0.0,0.0,0.0,0,10.26
170100000,170100000,0.9997517,0.008131147,0.019212995,-0.008391193,0.0,0.0,0.0,0.0,0,10.28
170120000,170120000,0.99977714,0.0075080586,0.01822206,-0.008148361,0.0,0.0,0.0,0.0,0,10.3
170140000,170140000,0.9998003,0.0069139395,0.017262435,-0.007916123,0.0,0.0,0.0,0.0,0,10.32
170160000,170160000,0.99982125,0.006345266,0.016344007,-0.0076947417,0.0,0.0,0.0,0.0,0,10.34
170180000,170180000,0.9998404,0.0057916893,0.015452128,-0.007484698,0.0,0.0,0.0,0.0,0,10.36
170200000,170200000,0.9998578,0.0052568084,0.014587843,-0.0072859586,0.0,0.0,0.0,0.0,0,10.38
170220000,170220000,0.9998735,0.004746516,0.0137536,-0.0070988103,0.0,0.0,0.0,0.0,0,10.4
170240000,170240000,0.99988776,0.0042545614,0.012943376,-0.0069234516,0.0,0.0,0.0,0.0,0,10.42
170260000,170260000,0.9999007,0.0037793634,0.0121533,-0.0067599863,0.0,0.0,0.0,0.0,0,10.44
170280000,170280000,0.9999124,0.003324094,0.011387256,-0.006608479,0.0,0.0,0.0,0.0,0,10.46
170300000,170300000,0.9999228,0.002885007,0.010645965,-0.0064683477,0.0,0.0,0.0,0.0,0,10.48
170320000,170320000,0.999932,0.0024582488,0.009943895,-0.006339557,0.0,0.0,0.0,0.0,0,10.5
170340000,170340000,0.99994004,0.0020492247,0.009281467,-0.006222002,0.0,0.0,0.0,0.0,0,10.52
170360000,170360000,0.99994713,0.0016621315,0.008642436,-0.006115616,0.0,0.0,0.0,0.0,0,10.54
170380000,170380000,0.9999534,0.0012920055,0.008022921,-0.006020103,0.0,0.0,0.0,0.0,0,10.56
170400000,170400000,0.99995893,0.0009283969,0.007429926,-0.0059351297,0.0,0.0,0.0,0.0,0,10.58
170420000,170420000,0.9999637,0.00057706516,0.006861151,-0.0058606775,0.0,0.0,0.0,0.0,0,10.6
170440000,170440000,0.9999678,0.00024386884,0.0063104313,-0.005796299,0.0,0.0,0.0,0.0,0,10.62
170460000,170460000,0.99997145,-6.623801e-05,0.0057692192,-0.0057413112,0.0,0.0,0.0,0.0,0,10.64
170480000,170480000,0.9999744,-0.0003581726,0.0052559953,-0.005695097,0.0,0.0,0.0,0.0,0,10.66
170500000,170500000,0.99997693,-0.00062421866,0.004774396,-0.005657167,0.0,0.0,0.0,0.0,0,10.68
170520000,170520000,0.999979,-0.00086066214,0.004324633,-0.005627374,0.0,0.0,0.0,0.0,0,10.7
170540000,170540000,0.9999807,-0.0010762,0.0038965219,-0.0056055454,0.0,0.0,0.0,0.0,0,10.72
170560000,170560000,0.999982,-0.0012810478,0.0034983642,-0.00559104,0.0,0.0,0.0,0.0,0,10.74
170580000,170580000,0.999983,-0.0014701745,0.0031259435,-0.0055836076,0.0,0.0,0.0,0.0,0,10.76
170600000,170600000,0.9999838,-0.0016436141,0.002771793,-0.0055830353,0.0,0.0,0.0,0.0,0,10.78
170620000,170620000,0.9999843,-0.0018028665,0.0024343492,-0.0055888807,0.0,0.0,0.0,0.0,0,10.8
170640000,170640000,0.9999847,-0.0019589628,0.002122545,-0.0056005092,0.0,0.0,0.0,0.0,0,10.82
170660000,170660000,0.99998486,-0.0021164133,0.001840845,-0.0056177517,0.0,0.0,0.0,0.0,0,10.84
170680000,170680000,0.99998486,-0.0022655337,0.0015783198,-0.0056402325,0.0,0.0,0.0,0.0,0,10.86
170700000,170700000,0.99998474,-0.0023966534,0.0013184516,-0.0056675,0.0,0.0,0.0,0.0,0,10.88
170720000,170720000,0.99998456,-0.002515758,0.0010726822,-0.005699237,0.0,0.0,0.0,0.0,0,10.9
170740000,170740000,0.9999843,-0.0026251343,0.0008376668,-0.005734483,0.0,0.0,0.0,0.0,0,10.92
170760000,170760000,0.999984,-0.0027222694,0.00061149517,-0.005772692,0.0,0.0,0.0,0.0,0,10.94
170780000,170780000,0.99998367,-0.0028045052,0.00039585118,-0.005813669,0.0,0.0,0.0,0.0,0,10.96
170800000,170800000,0.99998325,-0.0028710547,0.00019115729,-0.005857313,0.0,0.0,0.0,0.0,0,10.98
170820000,170820000,0.99998283,-0.002921153,-1.9296217e-06,-0.0059035704,0.0,0.0,0.0,0.0,0,11.0
170840000,170840000,0.9999825,-0.0029547294,-0.00018350499,-0.005952372,0.0,0.0,0.0,0.0,0,11.02
170860000,170860000,0.99998206,-0.002977359,-0.00034799622,-0.0060029617,0.0,0.0,0.0,0.0,0,11.04
170880000,170880000,0.9999816,-0.0030013942,-0.00049003056,-0.006054723,0.0,0.0,0.0,0.0,0,11.06
170900000,170900000,0.99998116,-0.0030222298,-0.00060743076,-0.0061074933,0.0,0.0,0.0,0.0,0,11.08
170920000,170920000,0.9999807,-0.0030357938,-0.00071387383,-0.006160792,0.0,0.0,0.0,0.0,0,11.1
170940000,170940000,0.99998033,-0.0030317008,-0.00081946125,-0.0062138173,0.0,0.0,0.0,0.0,0,11.12
170960000,170960000,0.9999799,-0.0030219238,-0.0009093289,-0.006266654,0.0,0.0,0.0,0.0,0,11.14
170980000,170980000,0.99997956,-0.0030083375,-0.0009814878,-0.0063187215,0.0,0.0,0.0,0.0,0,11.16
171000000,171000000,0.99997926,-0.0029841799,-0.0010434986,-0.0063697235,0.0,0.0,0.0,0.0,0,11.18
171020000,171020000,0.999979,-0.0029449235,-0.0010950572,-0.006419519,0.0,0.0,0.0,0.0,0,11.2
171040000,171040000,0.9999788,-0.002892146,-0.0011385267,-0.0064685717,0.0,0.0,0.0,0.0,0,11.22
171060000,171060000,0.9999786,-0.002837394,-0.0011800402,-0.006516687,0.0,0.0,0.0,0.0,0,11.24
171080000,171080000,0.9999784,-0.0027792878,-0.0012125171,-0.006563699,0.0,0.0,0.0,0.0,0,11.26
171100000,171100000,0.99997824,-0.0027181667,-0.0012390603,-0.0066099074,0.0,0.0,0.0,0.0,0,11.28
171120000,171120000,0.99997807,-0.0026597772,-0.0012559537,-0.0066546365,0.0,0.0,0.0,0.0,0,11.3
171140000,171140000,0.99997795,-0.002605536,-0.0012562333,-0.0066978727,0.0,0.0,0.0,0.0,0,11.32
171160000,171160000,0.9999778,-0.002550733,-0.0012473067,-0.0067393775,0.0,0.0,0.0,0.0,0,11.34
171180000,171180000,0.9999777,-0.0024846843,-0.0012325154,-0.0067787557,0.0,0.0,0.0,0.0,0,11.36
171200000,171200000,0.99997765,-0.0024171248,-0.0012153962,-0.006816306,0.0,0.0,0.0,0.0,0,11.38
171220000,171220000,0.9999776,-0.0023516675,-0.0011998612,-0.006851796,0.0,0.0,0.0,0.0,0,11.4
171240000,171240000,0.9999775,-0.0022830225,-0.0011831245,-0.0068855993,0.0,0.0,0.0,0.0,0,11.42
171260000,171260000,0.9999775,-0.0022080475,-0.0011569754,-0.006917704,0.0,0.0,0.0,0.0,0,11.44
171280000,171280000,0.9999775,-0.0021296022,-0.0011303874,-0.006947799,0.0,0.0,0.0,0.0,0,11.46
171300000,171300000,0.9999775,-0.0020488838,-0.0011067659,-0.006975894,0.0,0.0,0.0,0.0,0,11.48
171320000,171320000,0.9999775,-0.0019648906,-0.0010737617,-0.007002279,0.0,0.0,0.0,0.0,0,11.5
171340000,171340000,0.9999776,-0.001874429,-0.0010219798,-0.0070271394,0.0,0.0,0.0,0.0,0,11.52
171360000,171360000,0.99997765,-0.0017928617,-0.00095894234,-0.007050465,0.0,0.0,0.0,0.0,0,11.54
171380000,171380000,0.99997765,-0.001716907,-0.00088860485,-0.0070722955,0.0,0.0,0.0,0.0,0,11.56
171400000,171400000,0.9999777,-0.0016417496,-0.00081985496,-0.007092466,0.0,0.0,0.0,0.0,0,11.58
171420000,171420000,0.99997777,-0.0015640878,-0.0007437773,-0.0071105803,0.0,0.0,0.0,0.0,0,11.6
171440000,171440000,0.9999778,-0.0014822969,-0.0006658242,-0.007126684,0.0,0.0,0.0,0.0,0,11.62
171460000,171460000,0.9999779,-0.0013986652,-0.0005913119,-0.00714077,0.0,0.0,0.0,0.0,0,11.64
171480000,171480000,0.99997795,-0.0013142967,-0.0005208881,-0.0071529476,0.0,0.0,0.0,0.0,0,11.66
171500000,171500000,0.999978,-0.0012315274,-0.00045221616,-0.0071632527,0.0,0.0,0.0,0.0,0,11.68
171520000,171520000,0.9999781,-0.0011485597,-0.00038728135,-0.0071715866,0.0,0.0,0.0,0.0,0,11.7
171540000,171540000,0.9999782,-0.0010654111,-0.00032578353,-0.0071780533,0.0,0.0,0.0,0.0,0,11.72
171560000,171560000,0.99997824,-0.0009820289,-0.00026788583,-0.0071825758,0.0,0.0,0.0,0.0,0,11.74
171580000,171580000,0.9999783,-0.00089754106,-0.00021419805,-0.0071851793,0.0,0.0,0.0,0.0,0,11.76
171600000,171600000,0.99997836,-0.00081835827,-0.00015790743,-0.0071858778,0.0,0.0,0.0,0.0,0,11.78
171620000,171620000,0.9999784,-0.00075149175,-7.847249e-05,-0.007185276,0.0,0.0,0.0,0.0,0,11.8
171640000,171640000,0.9999785,-0.00069477514,5.202146e-06,-0.0071838144,0.0,0.0,0.0,0.0,0,11.82
171660000,171660000,0.99997854,-0.00064645195,8.241948e-05,-0.007182129,0.0,0.0,0.0,0.0,0,11.84
171680000,171680000,0.9999786,-0.0005996778,0.00015534041,-0.007180383,0.0,0.0,0.0,0.0,0,11.86
171700000,171700000,0.9999786,-0.0005501381,0.00022652133,-0.0071784086,0.0,0.0,0.0,0.0,0,11.88
171720000,171720000,0.99997866,-0.0005028037,0.00029840422,-0.007175862,0.0,0.0,0.0,0.0,0,11.9
171740000,171740000,0.99997866,-0.00046395793,0.0003695165,-0.007172675,0.0,0.0,0.0,0.0,0,11.92
171760000,171760000,0.99997866,-0.00043348141,0.00044617252,-0.0071690558,0.0,0.0,0.0,0.0,0,11.94
171780000,171780000,0.99997866,-0.00040667783,0.0005239969,-0.007165314,0.0,0.0,0.0,0.0,0,11.96
171800000,171800000,0.99997866,-0.00038065924,0.00059983373,-0.0071615325,0.0,0.0,0.0,0.0,0,11.98
171820000,171820000,0.99997866,-0.00035552634,0.0006709805,-0.007157566,0.0,0.0,0.0,0.0,0,12.0
171840000,171840000,0.99997866,-0.00033093645,0.0007364748,-0.0071535017,0.0,0.0,0.0,0.0,0,12.02
171860000,171860000,0.9999786,-0.000304271,0.0007986373,-0.0071494365,0.0,0.0,0.0,0.0,0,12.04
171880000,171880000,0.9999786,-0.0002808648,0.00086413434,-0.0071453806,0.0,0.0,0.0,0.0,0,12.06
171900000,171900000,0.9999786,-0.00025957124,0.0009315657,-0.007141236,0.0,0.0,0.0,0.0,0,12.08
171920000,171920000,0.99997854,-0.00023639145,0.0010005428,-0.0071370048,0.0,0.0,0.0,0.0,0,12.1
171940000,171940000,0.99997854,-0.00021134225,0.0010698093,-0.007132643,0.0,0.0,0.0,0.0,0,12.12
171960000,171960000,0.9999785,-0.00019269454,0.0011442746,-0.0071281055,0.0,0.0,0.0,0.0,0,12.14
171980000,171980000,0.9999784,-0.00017671743,0.0012190882,-0.007123504,0.0,0.0,0.0,0.0,0,12.16
172000000,172000000,0.99997836,-0.0001607348,0.0012911371,-0.0071188896,0.0,0.0,0.0,0.0,0,12.18
172020000,172020000,0.9999783,-0.00014367,0.0013593731,-0.0071142884,0.0,0.0,0.0,0.0,0,12.2
172040000,172040000,0.99997824,-0.00012784157,0.0014260042,-0.0071093566,0.0,0.0,0.0,0.0,0,12.22
172060000,172060000,0.9999782,-0.0001158675,0.0014937413,-0.0071042716,0.0,0.0,0.0,0.0,0,12.24
172080000,172080000,0.9999781,-0.00010466313,0.0015593369,-0.0070991484,0.0,0.0,0.0,0.0,0,12.26
172100000,172100000,0.99997807,-9.274428e-05,0.001621313,-0.0070940293,0.0,0.0,0.0,0.0,0,12.28
172120000,172120000,0.999978,-7.942177e-05,0.0016788751,-0.007088932,0.0,0.0,0.0,0.0,0,12.3
172140000,172140000,0.99997795,-6.500522e-05,0.0017311205,-0.0070839804,0.0,0.0,0.0,0.0,0,12.32
172160000,172160000,0.9999779,-5.0127503e-05,0.0017770132,-0.007079553,0.0,0.0,0.0,0.0,0,12.34
172180000,172180000,0.9999778,-2.6636777e-05,0.0018244529,-0.0070760814,0.0,0.0,0.0,0.0,0,12.36
172200000,172200000,0.9999778,-6.0222624e-06,0.0018607293,-0.0070736525,0.0,0.0,0.0,0.0,0,12.38
172220000,172220000,0.99997777,1.8812894e-05,0.0018854848,-0.007072037,0.0,0.0,0.0,0.0,0,12.4
172240000,172240000,0.99997777,4.7061e-05,0.0019024851,-0.0070711267,0.0,0.0,0.0,0.0,0,12.42
172260000,172260000,0.9999777,8.376084e-05,0.0019251214,-0.0070706066,0.0,0.0,0.0,0.0,0,12.44
172280000,172280000,0.99997765,0.000126349,0.0019387794,-0.0070706136,0.0,0.0,0.0,0.0,0,12.46
172300000,172300000,0.99997765,0.0001682187,0.0019383592,-0.007071525,0.0,0.0,0.0,0.0,0,12.48
172320000,172320000,0.99997765,0.00022120049,0.001938668,-0.007073541,0.0,0.0,0.0,0.0,0,12.5
172340000,172340000,0.9999776,0.00027552145,0.0019313793,-0.007076727,0.0,0.0,0.0,0.0,0,12.52
172360000,172360000,0.9999776,0.00032751996,0.001913519,-0.007080963,0.0,0.0,0.0,0.0,0,12.54
172380000,172380000,0.9999776,0.00038303147,0.0018909697,-0.0070857517,0.0,0.0,0.0,0.0,0,12.56
172400000,172400000,0.9999776,0.00044172956,0.00186357,-0.007091374,0.0,0.0,0.0,0.0,0,12.58
172420000,172420000,0.9999776,0.0004999897,0.0018276171,-0.00709807,0.0,0.0,0.0,0.0,0,12.6
172440000,172440000,0.9999776,0.0005520912,0.0017775699,-0.0071057593,0.0,0.0,0.0,0.0,0,12.62
172460000,172460000,0.9999776,0.0006121306,0.0017271341,-0.007114555,0.0,0.0,0.0,0.0,0,12.64
172480000,172480000,0.9999775,0.0006804555,0.00167557,-0.0071244054,0.0,0.0,0.0,0.0,0,12.66
172500000,172500000,0.9999775,0.0007447541,0.0016089281,-0.007134791,0.0,0.0,0.0,0.0,0,12.68
172520000,172520000,0.9999775,0.0008043088,0.0015485395,-0.007145419,0.0,0.0,0.0,0.0,0,12.7
172540000,172540000,0.99997747,0.00086827885,0.001489445,-0.0071561425,0.0,0.0,0.0,0.0,0,12.72
172560000,172560000,0.9999774,0.0009351511,0.0014171686,-0.0071671894,0.0,0.0,0.0,0.0,0,12.74
172580000,172580000,0.9999774,0.0010034719,0.0013345786,-0.007178849,0.0,0.0,0.0,0.0,0,12.76
172600000,172600000,0.99997735,0.0010750917,0.0012583619,-0.0071909847,0.0,0.0,0.0,0.0,0,12.78
172620000,172620000,0.99997723,0.0011463376,0.0011852541,-0.007204053,0.0,0.0,0.0,0.0,0,12.8
172640000,172640000,0.9999771,0.001222728,0.0011130983,-0.0072180573,0.0,0.0,0.0,0.0,0,12.82
172660000,172660000,0.99997705,0.0012978617,0.001027219,-0.0072329845,0.0,0.0,0.0,0.0,0,12.84
172680000,172680000,0.9999769,0.0013755909,0.0009438573,-0.007248423,0.0,0.0,0.0,0.0,0,12.86
172700000,172700000,0.99997675,0.0014542951,0.000871048,-0.0072648018,0.0,0.0,0.0,0.0,0,12.88
172720000,172720000,0.9999766,0.0015277077,0.0007939047,-0.007282101,0.0,0.0,0.0,0.0,0,12.9
172740000,172740000,0.9999764,0.0015927203,0.00071911165,-0.0072997026,0.0,0.0,0.0,0.0,0,12.92
172760000,172760000,0.9999762,0.0016536259,0.0006527092,-0.0073174243,0.0,0.0,0.0,0.0,0,12.94
172780000,172780000,0.99997604,0.0017115017,0.0005770097,-0.0073355944,0.0,0.0,0.0,0.0,0,12.96
172800000,172800000,0.9999758,0.0017720558,0.0005057946,-0.0073540527,0.0,0.0,0.0,0.0,0,12.98
172820000,172820000,0.9999756,0.0018246305,0.0004326423,-0.007372996,0.0,0.0,0.0,0.0,0,13.0
172840000,172840000,0.99997544,0.001870698,0.0003514886,-0.0073920377,0.0,0.0,0.0,0.0,0,13.02
172860000,172860000,0.9999752,0.0019158773,0.00026778263,-0.0074111708,0.0,0.0,0.0,0.0,0,13.04
172880000,172880000,0.999975,0.0019575823,0.00019008864,-0.007430457,0.0,0.0,0.0,0.0,0,13.06
172900000,172900000,0.9999748,0.0019908499,0.00011085148,-0.007449474,0.0,0.0,0.0,0.0,0,13.08
172920000,172920000,0.9999746,0.002017536,3.208941e-05,-0.007468335,0.0,0.0,0.0,0.0,0,13.1
172940000,172940000,0.9999744,0.0020394633,-4.2978812e-05,-0.0074868225,0.0,0.0,0.0,0.0,0,13.12
172960000,172960000,0.99997425,0.0020578944,-0.00011856288,-0.0075051095,0.0,0.0,0.0,0.0,0,13.14
172980000,172980000,0.9999741,0.002075005,-0.00019825427,-0.007523247,0.0,0.0,0.0,0.0,0,13.16
173000000,173000000,0.9999739,0.002088486,-0.00028056695,-0.0075408197,0.0,0.0,0.0,0.0,0,13.18
173020000,173020000,0.9999737,0.0020939214,-0.0003612854,-0.0075579756,0.0,0.0,0.0,0.0,0,13.2
173040000,173040000,0.9999736,0.0020954332,-0.0004449002,-0.007574949,0.0,0.0,0.0,0.0,0,13.22
173060000,173060000,0.9999734,0.0020977806,-0.0005311009,-0.007591964,0.0,0.0,0.0,0.0,0,13.24
173080000,173080000,0.9999732,0.00210101,-0.0006203339,-0.007608746,0.0,0.0,0.0,0.0,0,13.26
173100000,173100000,0.99997306,0.0020995156,-0.0006989336,-0.0076252604,0.0,0.0,0.0,0.0,0,13.28
173120000,173120000,0.9999729,0.0020915868,-0.0007579691,-0.007641595,0.0,0.0,0.0,0.0,0,13.3
173140000,173140000,0.99997276,0.0020804172,-0.00081129244,-0.007657763,0.0,0.0,0.0,0.0,0,13.32
173160000,173160000,0.9999726,0.0020677666,-0.00086613884,-0.0076738033,0.0,0.0,0.0,0.0,0,13.34
173180000,173180000,0.99997246,0.0020513155,-0.00092267484,-0.0076896045,0.0,0.0,0.0,0.0,0,13.36
173200000,173200000,0.99997234,0.0020225225,-0.00097177003,-0.007705241,0.0,0.0,0.0,0.0,0,13.38
173220000,173220000,0.9999722,0.0019925565,-0.0010151645,-0.007721008,0.0,0.0,0.0,0.0,0,13.4
173240000,173240000,0.99997216,0.0019609164,-0.0010566455,-0.007736821,0.0,0.0,0.0,0.0,0,13.42
173260000,173260000,0.99997205,0.0019309071,-0.001087705,-0.0077530523,0.0,0.0,0.0,0.0,0,13.44
173280000,173280000,0.9999719,0.0019089454,-0.0011101582,-0.0077694817,0.0,0.0,0.0,0.0,0,13.46
173300000,173300000,0.9999718,0.0018859069,-0.0011268,-0.0077854376,0.0,0.0,0.0,0.0,0,13.48
173320000,173320000,0.99997175,0.0018563245,-0.0011294135,-0.0078010242,0.0,0.0,0.0,0.0,0,13.5
173340000,173340000,0.9999717,0.0018219118,-0.0011247377,-0.007816372,0.0,0.0,0.0,0.0,0,13.52
173360000,173360000,0.9999717,0.0017826837,-0.0011122507,-0.0078314785,0.0,0.0,0.0,0.0,0,13.54
173380000,173380000,0.9999717,0.0017368913,-0.0010903636,-0.007846864,0.0,0.0,0.0,0.0,0,13.56
173400000,173400000,0.9999716,0.0016953001,-0.0010651455,-0.007861815,0.0,0.0,0.0,0.0,0,13.58
173420000,173420000,0.9999716,0.0016555381,-0.0010405969,-0.007876719,0.0,0.0,0.0,0.0,0,13.6
173440000,173440000,0.9999716,0.0016101477,-0.001017304,-0.007891623,0.0,0.0,0.0,0.0,0,13.62
173460000,173460000,0.99997157,0.0015644173,-0.0009962219,-0.007906282,0.0,0.0,0.0,0.0,0,13.64
173480000,173480000,0.99997157,0.0015177929,-0.000979825,-0.007920843,0.0,0.0,0.0,0.0,0,13.66
173500000,173500000,0.9999715,0.0014675476,-0.0009674974,-0.007935561,0.0,0.0,0.0,0.0,0,13.68
173520000,173520000,0.9999715,0.0014113757,-0.00095737295,-0.007950279,0.0,0.0,0.0,0.0,0,13.7
173540000,173540000,0.99997145,0.0013521578,-0.0009524788,-0.007964896,0.0,0.0,0.0,0.0,0,13.72
173560000,173560000,0.99997145,0.0012926738,-0.00095131877,-0.007979235,0.0,0.0,0.0,0.0,0,13.74
173580000,173580000,0.9999714,0.0012322643,-0.0009540209,-0.007993556,0.0,0.0,0.0,0.0,0,13.76
173600000,173600000,0.99997133,0.0011630286,-0.00095542974,-0.0080077965,0.0,0.0,0.0,0.0,0,13.78
173616000,173616000,0.99997133,0.0011027753,-0.0009575549,-0.008019086,0.0,0.0,0.0,0.0,0,13.796
173636000,173636000,0.9999713,0.0010285439,-0.0009592534,-0.008033349,0.0,0.0,0.0,0.0,0,13.816
173656000,173656000,0.9999713,0.0009617429,-0.0009557585,-0.008047749,0.0,0.0,0.0,0.0,0,13.836
173676000,173676000,0.9999712,0.00089587655,-0.00095249893,-0.008061973,0.0,0.0,0.0,0.0,0,13.856
173696000,173696000,0.99997115,0.0008235154,-0.00094600004,-0.008075855,0.0,0.0,0.0,0.0,0,13.876
173716000,173716000,0.9999711,0.0007460411,-0.0009347705,-0.008089583,0.0,0.0,0.0,0.0,0,13.896
173736000,173736000,0.9999711,0.00066487776,-0.0009238993,-0.008103227,0.0,0.0,0.0,0.0,0,13.916
173756000,173756000,0.99997103,0.000584686,-0.00091213407,-0.008117494,0.0,0.0,0.0,0.0,0,13.936
173776000,173776000,0.999971,0.0004998686,-0.0009050209,-0.00813277,0.0,0.0,0.0,0.0,0,13.956
173796000,173796000,0.99997085,0.00040574642,-0.00090048334,-0.0081484215,0.0,0.0,0.0,0.0,0,13.976
173816000,173816000,0.99997073,0.00031460877,-0.0009053131,-0.008164704,0.0,0.0,0.0,0.0,0,13.996
173836000,173836000,0.9999706,0.0002215032,-0.0009167632,-0.008181436,0.0,0.0,0.0,0.0,0,14.016
173856000,173856000,0.9999705,0.00012812078,-0.0009271457,-0.008198215,0.0,0.0,0.0,0.0,0,14.036
173876000,173876000,0.9999704,3.6116537e-05,-0.00093901716,-0.008215173,0.0,0.0,0.0,0.0,0,14.056
173896000,173896000,0.9999702,-5.4040607e-05,-0.00095915643,-0.008232303,0.0,0.0,0.0,0.0,0,14.076
173916000,173916000,0.99997,-0.00014240229,-0.0009889192,-0.008249414,0.0,0.0,0.0,0.0,0,14.096
173936000,173936000,0.99996984,-0.00023248425,-0.0010248618,-0.008266417,0.0,0.0,0.0,0.0,0,14.116
173956000,173956000,0.9999696,-0.00032522314,-0.001066112,-0.00828329,0.0,0.0,0.0,0.0,0,14.136
173976000,173976000,0.9999694,-0.00041855872,-0.0011102231,-0.008299862,0.0,0.0,0.0,0.0,0,14.156
173996000,173996000,0.9999692,-0.00051294547,-0.0011575413,-0.008316309,0.0,0.0,0.0,0.0,0,14.176
174016000,174016000,0.99996895,-0.00060919137,-0.0012087523,-0.008332567,0.0,0.0,0.0,0.0,0,14.196
174036000,174036000,0.99996865,-0.0007060186,-0.0012643073,-0.008348742,0.0,0.0,0.0,0.0,0,14.216
174056000,174056000,0.99996835,-0.00079621864,-0.001323094,-0.008364556,0.0,0.0,0.0,0.0,0,14.236
174076000,174076000,0.9999681,-0.00087347155,-0.0013825845,-0.008380239,0.0,0.0,0.0,0.0,0,14.256
174096000,174096000,0.9999678,-0.00094084645,-0.0014410419,-0.0083958,0.0,0.0,0.0,0.0,0,14.276
174116000,174116000,0.9999676,-0.0010018931,-0.001492719,-0.008411377,0.0,0.0,0.0,0.0,0,14.296
174136000,174136000,0.9999673,-0.0010565647,-0.0015569518,-0.00842724,0.0,0.0,0.0,0.0,0,14.316
174156000,174156000,0.999967,-0.0011061879,-0.0016163898,-0.008443105,0.0,0.0,0.0,0.0,0,14.336
174176000,174176000,0.99996674,-0.001140819,-0.0016682653,-0.008458762,0.0,0.0,0.0,0.0,0,14.356
174196000,174196000,0.9999665,-0.0011615731,-0.0017180559,-0.008474595,0.0,0.0,0.0,0.0,0,14.376
174216000,174216000,0.99996626,-0.0011813217,-0.0017673974,-0.008490504,0.0,0.0,0.0,0.0,0,14.396
174236000,174236000,0.999966,-0.0012045029,-0.0018059871,-0.008506526,0.0,0.0,0.0,0.0,0,14.416
174256000,174256000,0.9999658,-0.0012268589,-0.0018445797,-0.008522993,0.0,0.0,0.0,0.0,0,14.436
174276000,174276000,0.99996555,-0.0012396306,-0.0018908855,-0.008539366,0.0,0.0,0.0,0.0,0,14.456
174296000,174296000,0.9999653,-0.0012463961,-0.0019338808,-0.008555409,0.0,0.0,0.0,0.0,0,14.476
174316000,174316000,0.9999651,-0.0012501321,-0.001967685,-0.008571304,0.0,0.0,0.0,0.0,0,14.496
174336000,174336000,0.9999649,-0.0012438153,-0.002000007,-0.008587259,0.0,0.0,0.0,0.0,0,14.516
174356000,174356000,0.9999647,-0.0012309353,-0.002041788,-0.00860339,0.0,0.0,0.0,0.0,0,14.536
174376000,174376000,0.99996454,-0.0012167058,-0.002072909,-0.008619503,0.0,0.0,0.0,0.0,0,14.556
174396000,174396000,0.99996436,-0.0011868444,-0.0020960236,-0.0086355945,0.0,0.0,0.0,0.0,0,14.576
174416000,174416000,0.99996424,-0.0011454265,-0.0021214972,-0.008652005,0.0,0.0,0.0,0.0,0,14.596
174436000,174436000,0.99996406,-0.0011048751,-0.002137899,-0.00866839,0.0,0.0,0.0,0.0,0,14.616
174456000,174456000,0.99996394,-0.0010552767,-0.0021532357,-0.008684351,0.0,0.0,0.0,0.0,0,14.636
174476000,174476000,0.9999638,-0.001001012,-0.002170955,-0.008700066,0.0,0.0,0.0,0.0,0,14.656
174496000,174496000,0.99996376,-0.00094784686,-0.0021766098,-0.00871553,0.0,0.0,0.0,0.0,0,14.676
174516000,174516000,0.99996364,-0.00089677266,-0.0021769376,-0.00873081,0.0,0.0,0.0,0.0,0,14.696
174536000,174536000,0.9999636,-0.0008427501,-0.0021810455,-0.008745452,0.0,0.0,0.0,0.0,0,14.716
174556000,174556000,0.99996346,-0.0007834562,-0.0021930523,-0.008759777,0.0,0.0,0.0,0.0,0,14.736
174576000,174576000,0.99996334,-0.000717638,-0.0022048128,-0.00877418,0.0,0.0,0.0,0.0,0,14.756
174596000,174596000,0.99996376,-0.0008073764,-0.0019394027,-0.008782432,0.0,0.0,0.0,0.0,0,14.776
174616000,174616000,0.99995905,-0.0031626842,0.002014645,-0.008770358,0.0,0.0,0.0,0.0,0,14.796
174636000,174636000,0.99987733,-0.008784993,0.010046768,-0.008732417,0.0,0.0,0.0,0.0,0,14.816
174656000,174656000,0.99964595,-0.016607821,0.019143037,-0.008646269,0.0,0.0,0.0,0.0,0,14.836
174676000,174676000,0.9992086,-0.025996456,0.029036867,-0.0085007,0.0,0.0,0.0,0.0,0,14.856
174696000,174696000,0.99846375,-0.036924787,0.040582754,-0.00829457,0.0,0.0,0.0,0.0,0,14.876
174716000,174716000,0.9973101,-0.049241,0.053785387,-0.008009328,0.0,0.0,0.0,0.0,0,14.896
174736000,174736000,0.9956966,-0.06264216,0.06793725,-0.007604546,0.0,0.0,0.0,0.0,0,14.916
174756000,174756000,0.9935826,-0.076888256,0.08271131,-0.007052786,0.0,0.0,0.0,0.0,0,14.936
174776000,174776000,0.9909178,-0.09179387,0.098105475,-0.0063406993,0.0,0.0,0.0,0.0,0,14.956
174796000,174796000,0.98772043,-0.10701256,0.11373775,-0.0054357224,0.0,0.0,0.0,0.0,0,14.976
174816000,174816000,0.9841357,-0.12194858,0.12882552,-0.0043052435,0.0,0.0,0.0,0.0,0,14.996
174836000,174836000,0.98035485,-0.1361388,0.14272767,-0.0029236558,0.0,0.0,0.0,0.0,0,15.016
174856000,174856000,0.9765543,-0.14924407,0.15516244,-0.0012992335,0.0,0.0,0.0,0.0,0,15.036
174876000,174876000,0.9728613,-0.16107716,0.1661441,0.00053127937,0.0,0.0,0.0,0.0,0,15.056
174896000,174896000,0.9693671,-0.17159292,0.1757442,0.002537498,0.0,0.0,0.0,0.0,0,15.076
174916000,174916000,0.96614134,-0.1807727,0.18406346,0.0046840315,0.0,0.0,0.0,0.0,0,15.096
174936000,174936000,0.9632287,-0.18866527,0.19119805,0.006945564,0.0,0.0,0.0,0.0,0,15.116
174956000,174956000,0.9606606,-0.19531974,0.19724132,0.009296104,0.0,0.0,0.0,0.0,0,15.136
174976000,174976000,0.9584514,-0.20080243,0.20229013,0.011711573,0.0,0.0,0.0,0.0,0,15.156
174996000,174996000,0.95660675,-0.20518103,0.20642827,0.014169659,0.0,0.0,0.0,0.0,0,15.176
175016000,175016000,0.95512486,-0.20852262,0.20973024,0.016648186,0.0,0.0,0.0,0.0,0,15.196
175036000,175036000,0.9539993,-0.21089756,0.2122518,0.019128969,0.0,0.0,0.0,0.0,0,15.216
175056000,175056000,0.95322233,-0.21236792,0.21403214,0.02159602,0.0,0.0,0.0,0.0,0,15.236
175076000,175076000,0.95277405,-0.2130101,0.21512751,0.02403324,0.0,0.0,0.0,0.0,0,15.256
175096000,175096000,0.95263433,-0.21289149,0.21558256,0.026425663,0.0,0.0,0.0,0.0,0,15.276
175116000,175116000,0.9527828,-0.21207356,0.21543376,0.028758725,0.0,0.0,0.0,0.0,0,15.296
175136000,175136000,0.9531991,-0.21061403,0.2147092,0.031019986,0.0,0.0,0.0,0.0,0,15.316
175156000,175156000,0.9538624,-0.20856687,0.21343237,0.033197485,0.0,0.0,0.0,0.0,0,15.336
175176000,175176000,0.9547537,-0.20597216,0.21162565,0.03527724,0.0,0.0,0.0,0.0,0,15.356
175196000,175196000,0.95585036,-0.2028826,0.20930904,0.037249435,0.0,0.0,0.0,0.0,0,15.376
175216000,175216000,0.95713174,-0.19933356,0.20650709,0.039100602,0.0,0.0,0.0,0.0,0,15.396
175236000,175236000,0.95857614,-0.19537446,0.20323174,0.040823534,0.0,0.0,0.0,0.0,0,15.416
175256000,175256000,0.9601634,-0.19102897,0.19951263,0.04240299,0.0,0.0,0.0,0.0,0,15.436
175276000,175276000,0.96187633,-0.18633497,0.19534807,0.043834057,0.0,0.0,0.0,0.0,0,15.456
175296000,175296000,0.96369225,-0.18132204,0.19077288,0.04510445,0.0,0.0,0.0,0.0,0,15.476
175316000,175316000,0.96559674,-0.1760202,0.1857777,0.04621229,0.0,0.0,0.0,0.0,0,15.496
175336000,175336000,0.9675643,-0.17045815,0.18041585,0.047144566,0.0,0.0,0.0,0.0,0,15.516
175356000,175356000,0.96958417,-0.16463934,0.17468694,0.047895372,0.0,0.0,0.0,0.0,0,15.536
175376000,175376000,0.9716324,-0.15861264,0.16862059,0.048462965,0.0,0.0,0.0,0.0,0,15.556
175396000,175396000,0.9736983,-0.15236573,0.16223484,0.048838913,0.0,0.0,0.0,0.0,0,15.576
175416000,175416000,0.9757604,-0.1459479,0.15555212,0.04902576,0.0,0.0,0.0,0.0,0,15.596
175436000,175436000,0.97780573,-0.13934182,0.14861563,0.04901344,0.0,0.0,0.0,0.0,0,15.616
175456000,175456000,0.9798169,-0.13260525,0.14142554,0.04881161,0.0,0.0,0.0,0.0,0,15.636
175476000,175476000,0.9817796,-0.1257349,0.13403231,0.04841563,0.0,0.0,0.0,0.0,0,15.656
175496000,175496000,0.9836816,-0.118764184,0.12643813,0.047833905,0.0,0.0,0.0,0.0,0,15.676
175516000,175516000,0.98550755,-0.111701675,0.118708156,0.047065068,0.0,0.0,0.0,0.0,0,15.696
175536000,175536000,0.9872516,-0.10456022,0.110831626,0.046118833,0.0,0.0,0.0,0.0,0,15.716
175556000,175556000,0.9888996,-0.097361244,0.10287191,0.044998623,0.0,0.0,0.0,0.0,0,15.736
175576000,175576000,0.9904458,-0.09011291,0.0948421,0.04371317,0.0,0.0,0.0,0.0,0,15.756
175596000,175596000,0.9918804,-0.08284793,0.08678477,0.042272095,0.0,0.0,0.0,0.0,0,15.776
175616000,175616000,0.99320084,-0.07556457,0.07871429,0.0406853,0.0,0.0,0.0,0.0,0,15.796
175636000,175636000,0.99439955,-0.06830495,0.07067425,0.038964562,0.0,0.0,0.0,0.0,0,15.816
175656000,175656000,0.99547637,-0.061065517,0.0626807,0.037121244,0.0,0.0,0.0,0.0,0,15.836
175676000,175676000,0.99642813,-0.05388894,0.05476491,0.035169333,0.0,0.0,0.0,0.0,0,15.856
175696000,175696000,0.9972565,-0.04676507,0.04695237,0.033120837,0.0,0.0,0.0,0.0,0,15.876
175716000,175716000,0.9979624,-0.039721627,0.039266527,0.03099034,0.0,0.0,0.0,0.0,0,15.896
175736000,175736000,0.99854857,-0.032761145,0.031742796,0.02879108,0.0,0.0,0.0,0.0,0,15.916
175756000,175756000,0.99901867,-0.025911402,0.024395712,0.026537878,0.0,0.0,0.0,0.0,0,15.936
175776000,175776000,0.9993781,-0.01917326,0.017238146,0.024244647,0.0,0.0,0.0,0.0,0,15.956
175796000,175796000,0.9996322,-0.012574287,0.010281469,0.021925857,0.0,0.0,0.0,0.0,0,15.976
175816000,175816000,0.99978745,-0.0061244243,0.0035534932,0.019595483,0.0,0.0,0.0,0.0,0,15.996
175836000,175836000,0.9998511,0.00016989186,-0.0029497896,0.017266998,0.0,0.0,0.0,0.0,0,16.016
175856000,175856000,0.9998303,0.0063040107,-0.009226803,0.014953259,0.0,0.0,0.0,0.0,0,16.036
175876000,175876000,0.9997326,0.012260288,-0.015264377,0.012666881,0.0,0.0,0.0,0.0,0,16.056
175896000,175896000,0.9995661,0.018028498,-0.02105128,0.010419442,0.0,0.0,0.0,0.0,0,16.076
175916000,175916000,0.99933845,0.023604617,-0.026589315,0.008222108,0.0,0.0,0.0,0.0,0,16.096
175936000,175936000,0.9990575,0.028976455,-0.03188352,0.0060848584,0.0,0.0,0.0,0.0,0,16.116
175956000,175956000,0.9987309,0.034142215,-0.03693084,0.0040174285,0.0,0.0,0.0,0.0,0,16.136
175976000,175976000,0.99836576,0.03910205,-0.041735355,0.0020285186,0.0,0.0,0.0,0.0,0,16.156
175996000,175996000,0.99796927,0.04385213,-0.046297275,0.0001258422,0.0,0.0,0.0,0.0,0,16.176
176016000,176016000,0.99754846,0.048379075,-0.05062437,-0.0016841984,0.0,0.0,0.0,0.0,0,16.196
176036000,176036000,0.9971096,0.052688196,-0.05471723,-0.0033950608,0.0,0.0,0.0,0.0,0,16.216
176056000,176056000,0.9966582,0.056777913,-0.05858969,-0.005001997,0.0,0.0,0.0,0.0,0,16.236
176076000,176076000,0.9962005,0.060646582,-0.06223654,-0.0065004956,0.0,0.0,0.0,0.0,0,16.256
176096000,176096000,0.995742,0.06428582,-0.065665744,-0.007887726,0.0,0.0,0.0,0.0,0,16.276
176116000,176116000,0.9952875,0.06770316,-0.06887872,-0.009160048,0.0,0.0,0.0,0.0,0,16.296
176136000,176136000,0.9948405,0.070895776,-0.0718948,-0.010317334,0.0,0.0,0.0,0.0,0,16.316
176156000,176156000,0.9944039,0.073874146,-0.074723765,-0.011358099,0.0,0.0,0.0,0.0,0,16.336
176176000,176176000,0.99398303,0.07662676,-0.07735854,-0.012282093,0.0,0.0,0.0,0.0,0,16.356
176196000,176196000,0.99358076,0.079165064,-0.07979982,-0.013088772,0.0,0.0,0.0,0.0,0,16.376
176216000,176216000,0.99319893,0.081490815,-0.0820631,-0.0137801245,0.0,0.0,0.0,0.0,0,16.396
176236000,176236000,0.99283934,0.083613634,-0.08415332,-0.014357131,0.0,0.0,0.0,0.0,0,16.416
176256000,176256000,0.9925044,0.085523374,-0.0860819,-0.014823933,0.0,0.0,0.0,0.0,0,16.436
176276000,176276000,0.99219453,0.087231435,-0.08785906,-0.015183067,0.0,0.0,0.0,0.0,0,16.456
176296000,176296000,0.99191123,0.08874143,-0.08948691,-0.0154375695,0.0,0.0,0.0,0.0,0,16.476
176316000,176316000,0.9916552,0.09006524,-0.09096351,-0.01559011,0.0,0.0,0.0,0.0,0,16.496
176336000,176336000,0.99142665,0.0912037,-0.09230091,-0.015645612,0.0,0.0,0.0,0.0,0,16.516
176356000,176356000,0.9912246,0.092174046,-0.09350554,-0.015607318,0.0,0.0,0.0,0.0,0,16.536
176376000,176376000,0.9910494,0.0929701,-0.09458892,-0.015482053,0.0,0.0,0.0,0.0,0,16.556
176396000,176396000,0.99090034,0.09360497,-0.09555328,-0.015273847,0.0,0.0,0.0,0.0,0,16.576
176416000,176416000,0.9907777,0.09408569,-0.09639502,-0.014986931,0.0,0.0,0.0,0.0,0,16.596
176436000,176436000,0.99068135,0.09441489,-0.097115315,-0.014627122,0.0,0.0,0.0,0.0,0,16.616
176456000,176456000,0.9906108,0.09459531,-0.09772115,-0.0142006865,0.0,0.0,0.0,0.0,0,16.636
176476000,176476000,0.9905642,0.09463618,-0.09822183,-0.013713815,0.0,0.0,0.0,0.0,0,16.656
176496000,176496000,0.9905413,0.09453886,-0.09862051,-0.0131729795,0.0,0.0,0.0,0.0,0,16.676
176516000,176516000,0.9905409,0.09431819,-0.09891159,-0.012582201,0.0,0.0,0.0,0.0,0,16.696
176536000,176536000,0.990562,0.09397727,-0.09910347,-0.011948148,0.0,0.0,0.0,0.0,0,16.716
176556000,176556000,0.9906031,0.09352336,-0.09920098,-0.011276685,0.0,0.0,0.0,0.0,0,16.736
176576000,176576000,0.9906637,0.092964195,-0.09919876,-0.0105730435,0.0,0.0,0.0,0.0,0,16.756
176596000,176596000,0.99074304,0.092310056,-0.0990924,-0.009841924,0.0,0.0,0.0,0.0,0,16.776
176616000,176616000,0.9908396,0.09155887,-0.098895416,-0.0090910485,0.0,0.0,0.0,0.0,0,16.796
176636000,176636000,0.99095213,0.09071868,-0.09860938,-0.008325839,0.0,0.0,0.0,0.0,0,16.816
176656000,176656000,0.9910794,0.08980137,-0.09823145,-0.007550449,0.0,0.0,0.0,0.0,0,16.836
176676000,176676000,0.99122053,0.088808455,-0.09776583,-0.0067709316,0.0,0.0,0.0,0.0,0,16.856
176696000,176696000,0.9913735,0.08774628,-0.097223766,-0.0059930435,0.0,0.0,0.0,0.0,0,16.876
176716000,176716000,0.9915383,0.086619556,-0.09659566,-0.0052207857,0.0,0.0,0.0,0.0,0,16.896
176736000,176736000,0.9917137,0.08543055,-0.09588911,-0.0044597285,0.0,0.0,0.0,0.0,0,16.916
176756000,176756000,0.99189854,0.084185444,-0.09510738,-0.003714406,0.0,0.0,0.0,0.0,0,16.936
176776000,176776000,0.99209166,0.08289693,-0.09424668,-0.0029877392,0.0,0.0,0.0,0.0,0,16.956
176796000,176796000,0.9922927,0.08156557,-0.09330684,-0.0022839226,0.0,0.0,0.0,0.0,0,16.976
176816000,176816000,0.9925002,0.08020035,-0.092292204,-0.0016062271,0.0,0.0,0.0,0.0,0,16.996
176836000,176836000,0.99271387,0.07879727,-0.09120526,-0.00095884,0.0,0.0,0.0,0.0,0,17.016
176856000,176856000,0.9929319,0.07736019,-0.09005909,-0.00034605016,0.0,0.0,0.0,0.0,0,17.036
176876000,176876000,0.9931538,0.07589352,-0.08885203,0.00022975565,0.0,0.0,0.0,0.0,0,17.056
176896000,176896000,0.99337786,0.07441697,-0.087584265,0.000767635,0.0,0.0,0.0,0.0,0,17.076
176916000,176916000,0.9936044,0.07292362,-0.08625518,0.0012645221,0.0,0.0,0.0,0.0,0,17.096
176936000,176936000,0.9938318,0.071422525,-0.084872015,0.0017182295,0.0,0.0,0.0,0.0,0,17.116
176956000,176956000,0.9940598,0.06990735,-0.08344254,0.0021263035,0.0,0.0,0.0,0.0,0,17.136
176976000,176976000,0.994287,0.068389446,-0.081970096,0.0024874064,0.0,0.0,0.0,0.0,0,17.156
176996000,176996000,0.9945137,0.06686103,-0.08045718,0.0027997242,0.0,0.0,0.0,0.0,0,17.176
177016000,177016000,0.9947387,0.0653315,-0.07890795,0.00306303,0.0,0.0,0.0,0.0,0,17.196
177036000,177036000,0.9949615,0.06379726,-0.07732948,0.0032758587,0.0,0.0,0.0,0.0,0,17.216
177056000,177056000,0.9951812,0.062271055,-0.07572308,0.0034393496,0.0,0.0,0.0,0.0,0,17.236
177076000,177076000,0.9953984,0.060751524,-0.074079186,0.0035540618,0.0,0.0,0.0,0.0,0,17.256
177096000,177096000,0.9956126,0.05924987,-0.0723944,0.0036213757,0.0,0.0,0.0,0.0,0,17.276
177116000,177116000,0.99582297,0.057758983,-0.07068498,0.0036402629,0.0,0.0,0.0,0.0,0,17.296
177136000,177136000,0.9960284,0.056285374,-0.06895969,0.0036113837,0.0,0.0,0.0,0.0,0,17.316
177156000,177156000,0.9962287,0.054830637,-0.06722089,0.0035353415,0.0,0.0,0.0,0.0,0,17.336
177176000,177176000,0.9964233,0.05340475,-0.06546764,0.0034138972,0.0,0.0,0.0,0.0,0,17.356
177196000,177196000,0.9966123,0.05199705,-0.06370811,0.0032472902,0.0,0.0,0.0,0.0,0,17.376
177216000,177216000,0.9967963,0.050610133,-0.06193227,0.0030378322,0.0,0.0,0.0,0.0,0,17.396
177236000,177236000,0.9969745,0.049243968,-0.06015125,0.0027866988,0.0,0.0,0.0,0.0,0,17.416
177256000,177256000,0.99714667,0.04790346,-0.058366586,0.0024958225,0.0,0.0,0.0,0.0,0,17.436
177276000,177276000,0.9973127,0.04658154,-0.056585506,0.0021666246,0.0,0.0,0.0,0.0,0,17.456
177296000,177296000,0.9974734,0.045275416,-0.05479782,0.0018019093,0.0,0.0,0.0,0.0,0,17.476
177316000,177316000,0.99762756,0.04399306,-0.05301855,0.0014036758,0.0,0.0,0.0,0.0,0,17.496
177336000,177336000,0.9977759,0.04273645,-0.05123477,0.00097483257,0.0,0.0,0.0,0.0,0,17.516
177356000,177356000,0.9979181,0.04150615,-0.04945184,0.0005174898,0.0,0.0,0.0,0.0,0,17.536
177376000,177376000,0.998054,0.040302683,-0.04767567,3.3797423e-05,0.0,0.0,0.0,0.0,0,17.556
177396000,177396000,0.9981831,0.0391239,-0.045921,-0.00047385768,0.0,0.0,0.0,0.0,0,17.576
177416000,177416000,0.9983061,0.037971377,-0.044172935,-0.0010020696,0.0,0.0,0.0,0.0,0,17.596
177436000,177436000,0.99842286,0.036846276,-0.04243588,-0.0015486662,0.0,0.0,0.0,0.0,0,17.616
177456000,177456000,0.9985337,0.03574517,-0.040709615,-0.0021108668,0.0,0.0,0.0,0.0,0,17.636
177476000,177476000,0.9986383,0.03467198,-0.03900428,-0.0026861946,0.0,0.0,0.0,0.0,0,17.656
177496000,177496000,0.99873686,0.033623192,-0.037316825,-0.003272299,0.0,0.0,0.0,0.0,0,17.676
177516000,177516000,0.99882966,0.032593045,-0.03565365,-0.003867063,0.0,0.0,0.0,0.0,0,17.696
177536000,177536000,0.99891675,0.031581182,-0.03401555,-0.004468458,0.0,0.0,0.0,0.0,0,17.716
177556000,177556000,0.99899787,0.03059849,-0.03240984,-0.005073653,0.0,0.0,0.0,0.0,0,17.736
177576000,177576000,0.99907374,0.029640576,-0.03082053,-0.005679964,0.0,0.0,0.0,0.0,0,17.756
177596000,177596000,0.99914455,0.028704584,-0.029253304,-0.0062852325,0.0,0.0,0.0,0.0,0,17.776
177616000,177616000,0.99921,0.027790615,-0.027725536,-0.0068873987,0.0,0.0,0.0,0.0,0,17.796
177636000,177636000,0.99927026,0.026900481,-0.026236864,-0.0074843075,0.0,0.0,0.0,0.0,0,17.816
177656000,177656000,0.9993262,0.02602274,-0.02477521,-0.008074327,0.0,0.0,0.0,0.0,0,17.836
177676000,177676000,0.99937797,0.02516002,-0.023342816,-0.00865549,0.0,0.0,0.0,0.0,0,17.856
177696000,177696000,0.9994253,0.024315804,-0.021950996,-0.0092262365,0.0,0.0,0.0,0.0,0,17.876
177716000,177716000,0.9994682,0.023500146,-0.020601265,-0.009784243,0.0,0.0,0.0,0.0,0,17.896
177736000,177736000,0.9995073,0.022707736,-0.019286394,-0.010328026,0.0,0.0,0.0,0.0,0,17.916
177756000,177756000,0.9995428,0.021939872,-0.01800225,-0.010855965,0.0,0.0,0.0,0.0,0,17.936
177776000,177776000,0.999575,0.021191098,-0.016753143,-0.011366563,0.0,0.0,0.0,0.0,0,17.956
177796000,177796000,0.9996039,0.020468308,-0.015540348,-0.01185872,0.0,0.0,0.0,0.0,0,17.976
177816000,177816000,0.9996298,0.019771945,-0.014366053,-0.012331419,0.0,0.0,0.0,0.0,0,17.996
177836000,177836000,0.9996528,0.019100929,-0.01323293,-0.012783394,0.0,0.0,0.0,0.0,0,18.016
177856000,177856000,0.9996734,0.01844854,-0.01213311,-0.0132138645,0.0,0.0,0.0,0.0,0,18.036
177876000,177876000,0.99969167,0.017821826,-0.011067404,-0.013622049,0.0,0.0,0.0,0.0,0,18.056
177896000,177896000,0.9997076,0.017226657,-0.010045601,-0.014007703,0.0,0.0,0.0,0.0,0,18.076
177916000,177916000,0.9997214,0.016655834,-0.009069458,-0.014369909,0.0,0.0,0.0,0.0,0,18.096
177936000,177936000,0.9997338,0.016093927,-0.008131918,-0.014708355,0.0,0.0,0.0,0.0,0,18.116
177956000,177956000,0.9997447,0.015549388,-0.007220293,-0.015022475,0.0,0.0,0.0,0.0,0,18.136
177976000,177976000,0.99975437,0.015023139,-0.0063364436,-0.015312397,0.0,0.0,0.0,0.0,0,18.156
177996000,177996000,0.9997627,0.014519881,-0.0054842057,-0.0155782085,0.0,0.0,0.0,0.0,0,18.176
178016000,178016000,0.99977005,0.014033939,-0.0046661003,-0.015819814,0.0,0.0,0.0,0.0,0,18.196
178036000,178036000,0.9997764,0.013562569,-0.0038770062,-0.016037246,0.0,0.0,0.0,0.0,0,18.216
178056000,178056000,0.999782,0.013107242,-0.003125755,-0.01623131,0.0,0.0,0.0,0.0,0,18.236
178076000,178076000,0.9997868,0.012673897,-0.0024118097,-0.016401984,0.0,0.0,0.0,0.0,0,18.256
178096000,178096000,0.999791,0.012252444,-0.0017393085,-0.016550025,0.0,0.0,0.0,0.0,0,18.276
178116000,178116000,0.9997947,0.01184557,-0.0011123306,-0.016675834,0.0,0.0,0.0,0.0,0,18.296
178136000,178136000,0.9997981,0.01144474,-0.0005192193,-0.01677971,0.0,0.0,0.0,0.0,0,18.316
178156000,178156000,0.99980134,0.011048066,3.5811077e-05,-0.016862283,0.0,0.0,0.0,0.0,0,18.336
178176000,178176000,0.9998044,0.010655933,0.0005561689,-0.016924363,0.0,0.0,0.0,0.0,0,18.356
178196000,178196000,0.9998073,0.010272872,0.0010486243,-0.016966969,0.0,0.0,0.0,0.0,0,18.376
178216000,178216000,0.99981004,0.009901899,0.0015091609,-0.016990962,0.0,0.0,0.0,0.0,0,18.396
178236000,178236000,0.99981266,0.009543501,0.001938285,-0.016997227,0.0,0.0,0.0,0.0,0,18.416
178256000,178256000,0.9998153,0.009192181,0.002338064,-0.016986266,0.0,0.0,0.0,0.0,0,18.436
178276000,178276000,0.9998179,0.008850873,0.0027142197,-0.01695885,0.0,0.0,0.0,0.0,0,18.456
178296000,178296000,0.9998204,0.008521815,0.0030709063,-0.01691613,0.0,0.0,0.0,0.0,0,18.476
178316000,178316000,0.999823,0.008202882,0.0033977714,-0.016859204,0.0,0.0,0.0,0.0,0,18.496
178336000,178336000,0.99982566,0.00788955,0.0036935585,-0.01678903,0.0,0.0,0.0,0.0,0,18.516
178356000,178356000,0.9998284,0.007583153,0.0039640525,-0.016706731,0.0,0.0,0.0,0.0,0,18.536
178376000,178376000,0.99983114,0.007286807,0.0042130486,-0.01661332,0.0,0.0,0.0,0.0,0,18.556
178396000,178396000,0.99983394,0.006995856,0.004435096,-0.016509717,0.0,0.0,0.0,0.0,0,18.576
178416000,178416000,0.9998369,0.0067030224,0.004633013,-0.016396757,0.0,0.0,0.0,0.0,0,18.596
178436000,178436000,0.99983996,0.006412202,0.004806824,-0.01627525,0.0,0.0,0.0,0.0,0,18.616
178456000,178456000,0.99984306,0.0061324723,0.004965461,-0.01614626,0.0,0.0,0.0,0.0,0,18.636
178476000,178476000,0.99984616,0.005860592,0.0051061013,-0.01601061,0.0,0.0,0.0,0.0,0,18.656
178496000,178496000,0.9998493,0.005596828,0.0052189454,-0.015869696,0.0,0.0,0.0,0.0,0,18.676
178516000,178516000,0.9998525,0.0053499592,0.005312795,-0.015724722,0.0,0.0,0.0,0.0,0,18.696
178536000,178536000,0.9998556,0.0051212315,0.0053940914,-0.015576243,0.0,0.0,0.0,0.0,0,18.716
178556000,178556000,0.9998587,0.0048958664,0.005464363,-0.0154254595,0.0,0.0,0.0,0.0,0,18.736
178576000,178576000,0.99986184,0.0046646665,0.005515213,-0.0152729135,0.0,0.0,0.0,0.0,0,18.756
178596000,178596000,0.999865,0.004443797,0.0055467077,-0.015119806,0.0,0.0,0.0,0.0,0,18.776
178616000,178616000,0.99986804,0.0042377044,0.0055689327,-0.014967043,0.0,0.0,0.0,0.0,0,18.796
178636000,178636000,0.999871,0.0040449095,0.0055844844,-0.014814618,0.0,0.0,0.0,0.0,0,18.816
178656000,178656000,0.99987394,0.0038687736,0.005587469,-0.014663384,0.0,0.0,0.0,0.0,0,18.836
178676000,178676000,0.99987686,0.0037011097,0.0055746622,-0.014513964,0.0,0.0,0.0,0.0,0,18.856
178696000,178696000,0.9998797,0.0035375664,0.005545078,-0.014367095,0.0,0.0,0.0,0.0,0,18.876
178716000,178716000,0.99988246,0.0033930272,0.0055075823,-0.014223699,0.0,0.0,0.0,0.0,0,18.896
178736000,178736000,0.99988514,0.00326727,0.005459099,-0.014084199,0.0,0.0,0.0,0.0,0,18.916
178756000,178756000,0.9998877,0.0031542904,0.005402761,-0.013948789,0.0,0.0,0.0,0.0,0,18.936
178776000,178776000,0.99989015,0.0030448395,0.005346695,-0.013817835,0.0,0.0,0.0,0.0,0,18.956
178796000,178796000,0.99989253,0.0029399537,0.0052896948,-0.013691145,0.0,0.0,0.0,0.0,0,18.976
178816000,178816000,0.9998948,0.002841726,0.005225128,-0.013569231,0.0,0.0,0.0,0.0,0,18.996
178836000,178836000,0.99989706,0.0027409259,0.0051466683,-0.01345262,0.0,0.0,0.0,0.0,0,19.016
178856000,178856000,0.9998992,0.0026542197,0.005063052,-0.013341767,0.0,0.0,0.0,0.0,0,19.036
178876000,178876000,0.99990124,0.0025752818,0.004981019,-0.013237006,0.0,0.0,0.0,0.0,0,19.056
178896000,178896000,0.99990314,0.0025032584,0.0048865443,-0.013138643,0.0,0.0,0.0,0.0,0,19.076
178916000,178916000,0.99990505,0.002439236,0.0047831545,-0.013046706,0.0,0.0,0.0,0.0,0,19.096
178936000,178936000,0.9999068,0.0023767576,0.00467854,-0.012961097,0.0,0.0,0.0,0.0,0,19.116
178956000,178956000,0.99990845,0.002317992,0.004571016,-0.012882027,0.0,0.0,0.0,0.0,0,19.136
178976000,178976000,0.99991006,0.0022761526,0.0044462844,-0.012809439,0.0,0.0,0.0,0.0,0,19.156
178996000,178996000,0.99991155,0.002244341,0.004311684,-0.012743058,0.0,0.0,0.0,0.0,0,19.176
179016000,179016000,0.999913,0.0022142646,0.004174824,-0.012682808,0.0,0.0,0.0,0.0,0,19.196
179036000,179036000,0.9999143,0.0021857144,0.004036274,-0.012628998,0.0,0.0,0.0,0.0,0,19.216
179056000,179056000,0.9999155,0.0021655129,0.0038880918,-0.012582007,0.0,0.0,0.0,0.0,0,19.236
179076000,179076000,0.9999166,0.0021534117,0.0037309602,-0.012541344,0.0,0.0,0.0,0.0,0,19.256
179096000,179096000,0.9999177,0.002141642,0.003571831,-0.012506707,0.0,0.0,0.0,0.0,0,19.276
179116000,179116000,0.9999186,0.0021302763,0.0034141873,-0.012477972,0.0,0.0,0.0,0.0,0,19.296
179136000,179136000,0.9999194,0.002124701,0.0032539857,-0.012455365,0.0,0.0,0.0,0.0,0,19.316
179156000,179156000,0.9999201,0.0021286278,0.003097294,-0.012438037,0.0,0.0,0.0,0.0,0,19.336
179176000,179176000,0.9999207,0.0021528436,0.002937301,-0.01242594,0.0,0.0,0.0,0.0,0,19.356
179196000,179196000,0.99992114,0.0021916695,0.0027791902,-0.012419079,0.0,0.0,0.0,0.0,0,19.376
179216000,179216000,0.9999215,0.0022421624,0.0026219625,-0.01241743,0.0,0.0,0.0,0.0,0,19.396
179236000,179236000,0.99992174,0.0023034678,0.0024693515,-0.012420744,0.0,0.0,0.0,0.0,0,19.416
179256000,179256000,0.9999218,0.0023736698,0.0023239437,-0.012428396,0.0,0.0,0.0,0.0,0,19.436
179276000,179276000,0.9999218,0.0024500403,0.0021795111,-0.01243989,0.0,0.0,0.0,0.0,0,19.456
179296000,179296000,0.99992174,0.0025281536,0.002033858,-0.012455085,0.0,0.0,0.0,0.0,0,19.476
179316000,179316000,0.99992156,0.0026105882,0.0018823668,-0.012473698,0.0,0.0,0.0,0.0,0,19.496
179336000,179336000,0.9999214,0.0026948594,0.0017256318,-0.012495862,0.0,0.0,0.0,0.0,0,19.516
179356000,179356000,0.999921,0.002783463,0.0015712354,-0.0125211505,0.0,0.0,0.0,0.0,0,19.536
179376000,179376000,0.99992067,0.0028780063,0.0014228498,-0.012549713,0.0,0.0,0.0,0.0,0,19.556
179396000,179396000,0.9999201,0.0029796346,0.0012827646,-0.012581193,0.0,0.0,0.0,0.0,0,19.576
179416000,179416000,0.99991953,0.003090178,0.0011542722,-0.012614974,0.0,0.0,0.0,0.0,0,19.596
179436000,179436000,0.9999189,0.003198698,0.0010310756,-0.012650868,0.0,0.0,0.0,0.0,0,19.616
179456000,179456000,0.9999182,0.00329746,0.00090412603,-0.012688339,0.0,0.0,0.0,0.0,0,19.636
179476000,179476000,0.9999175,0.003385814,0.00079513266,-0.012727194,0.0,0.0,0.0,0.0,0,19.656
179496000,179496000,0.9999168,0.0034658764,0.0007010964,-0.012766867,0.0,0.0,0.0,0.0,0,19.676
179516000,179516000,0.9999161,0.003550449,0.0006021891,-0.012807337,0.0,0.0,0.0,0.0,0,19.696
179536000,179536000,0.9999153,0.0036303455,0.0005041416,-0.012848436,0.0,0.0,0.0,0.0,0,19.716
179556000,179556000,0.9999146,0.0036933636,0.00041820013,-0.012890076,0.0,0.0,0.0,0.0,0,19.736
179576000,179576000,0.9999139,0.003743501,0.00033919472,-0.012931967,0.0,0.0,0.0,0.0,0,19.756
179596000,179596000,0.99991316,0.0037912603,0.00026013638,-0.0129733505,0.0,0.0,0.0,0.0,0,19.776
179616000,179616000,0.99991244,0.0038413801,0.00018771163,-0.013014102,0.0,0.0,0.0,0.0,0,19.796
179636000,179636000,0.9999118,0.0038901742,0.00012226094,-0.013054514,0.0,0.0,0.0,0.0,0,19.816
179656000,179656000,0.99991107,0.0039324993,5.6081575e-05,-0.0130944615,0.0,0.0,0.0,0.0,0,19.836
179676000,179676000,0.9999104,0.0039637582,-2.8256352e-06,-0.013133837,0.0,0.0,0.0,0.0,0,19.856
179696000,179696000,0.9999098,0.0039876476,-5.7905658e-05,-0.013172868,0.0,0.0,0.0,0.0,0,19.876
179716000,179716000,0.9999093,0.004003031,-0.000111615685,-0.013211267,0.0,0.0,0.0,0.0,0,19.896
179736000,179736000,0.99990875,0.004001272,-0.00015500312,-0.013248477,0.0,0.0,0.0,0.0,0,19.916
179756000,179756000,0.9999083,0.0039860164,-0.00018220198,-0.013284563,0.0,0.0,0.0,0.0,0,19.936
179776000,179776000,0.999908,0.003959583,-0.00020344128,-0.013319989,0.0,0.0,0.0,0.0,0,19.956
179796000,179796000,0.9999077,0.0039193244,-0.00022837389,-0.01335465,0.0,0.0,0.0,0.0,0,19.976
179816000,179816000,0.9999074,0.0038721084,-0.00024981739,-0.013388056,0.0,0.0,0.0,0.0,0,19.996
179836000,179836000,0.9999072,0.0038081915,-0.00026243652,-0.013419997,0.0,0.0,0.0,0.0,0,20.016
179856000,179856000,0.99990714,0.003722898,-0.0002782417,-0.013450734,0.0,0.0,0.0,0.0,0,20.036
179876000,179876000,0.9999071,0.003632362,-0.00028892147,-0.01348018,0.0,0.0,0.0,0.0,0,20.056
179896000,179896000,0.999907,0.0035400398,-0.00029391184,-0.013508074,0.0,0.0,0.0,0.0,0,20.076
179916000,179916000,0.99990696,0.0034509755,-0.00029676466,-0.013534148,0.0,0.0,0.0,0.0,0,20.096
179936000,179936000,0.99990696,0.003361155,-0.00031374514,-0.013558292,0.0,0.0,0.0,0.0,0,20.116
179956000,179956000,0.99990696,0.0032673744,-0.00032794525,-0.013580547,0.0,0.0,0.0,0.0,0,20.136
179976000,179976000,0.99990696,0.003171114,-0.00033139775,-0.013600924,0.0,0.0,0.0,0.0,0,20.156
179996000,179996000,0.999907,0.0030700143,-0.00033044867,-0.013619317,0.0,0.0,0.0,0.0,0,20.176
180016000,180016000,0.99990714,0.0029620372,-0.00032877232,-0.013635712,0.0,0.0,0.0,0.0,0,20.196
180036000,180036000,0.99990726,0.0028465982,-0.0003283441,-0.013650111,0.0,0.0,0.0,0.0,0,20.216
180056000,180056000,0.99990743,0.002722931,-0.00032972285,-0.013662521,0.0,0.0,0.0,0.0,0,20.236
180076000,180076000,0.9999077,0.002590693,-0.00033306377,-0.0136730485,0.0,0.0,0.0,0.0,0,20.256
180096000,180096000,0.9999079,0.0024471243,-0.00033601027,-0.013681776,0.0,0.0,0.0,0.0,0,20.276
180116000,180116000,0.99990815,0.0022989647,-0.00034338457,-0.0136886425,0.0,0.0,0.0,0.0,0,20.296
180136000,180136000,0.99990845,0.002148416,-0.0003513073,-0.013693427,0.0,0.0,0.0,0.0,0,20.316
180156000,180156000,0.9999087,0.0019897064,-0.00035969124,-0.0136965085,0.0,0.0,0.0,0.0,0,20.336
180176000,180176000,0.999909,0.0018244153,-0.0003708589,-0.013697953,0.0,0.0,0.0,0.0,0,20.356
180196000,180196000,0.9999093,0.0016558925,-0.00037520519,-0.013698184,0.0,0.0,0.0,0.0,0,20.376
180216000,180216000,0.9999096,0.0014892081,-0.00037421225,-0.013697393,0.0,0.0,0.0,0.0,0,20.396
180236000,180236000,0.9999098,0.0013303898,-0.0003686908,-0.013695952,0.0,0.0,0.0,0.0,0,20.416
180256000,180256000,0.99991006,0.0011751737,-0.000351018,-0.013693409,0.0,0.0,0.0,0.0,0,20.436
180276000,180276000,0.99991024,0.0010272478,-0.0003352812,-0.013690037,0.0,0.0,0.0,0.0,0,20.456
180296000,180296000,0.9999105,0.0008870615,-0.00031944964,-0.013686001,0.0,0.0,0.0,0.0,0,20.476
180316000,180316000,0.99991065,0.0007490972,-0.0002990083,-0.013681427,0.0,0.0,0.0,0.0,0,20.496
180336000,180336000,0.9999108,0.0006138614,-0.0002789431,-0.01367699,0.0,0.0,0.0,0.0,0,20.516
180356000,180356000,0.99991095,0.00048378154,-0.0002635769,-0.013672941,0.0,0.0,0.0,0.0,0,20.536
180376000,180376000,0.999911,0.0003566786,-0.0002591022,-0.013669146,0.0,0.0,0.0,0.0,0,20.556
180396000,180396000,0.9999111,0.00022949702,-0.000251556,-0.013665119,0.0,0.0,0.0,0.0,0,20.576
180416000,180416000,0.9999112,0.0001076966,-0.00024388537,-0.013661514,0.0,0.0,0.0,0.0,0,20.596
180436000,180436000,0.99991125,-1.002568e-05,-0.00024303627,-0.013657891,0.0,0.0,0.0,0.0,0,20.616
180456000,180456000,0.9999113,-0.00012279958,-0.00024641305,-0.013654698,0.0,0.0,0.0,0.0,0,20.636
180476000,180476000,0.9999113,-0.00022885518,-0.00026257592,-0.0136519205,0.0,0.0,0.0,0.0,0,20.656
180496000,180496000,0.9999113,-0.00032654862,-0.0002822109,-0.013648999,0.0,0.0,0.0,0.0,0,20.676
180516000,180516000,0.9999113,-0.0004187533,-0.0003038885,-0.013646062,0.0,0.0,0.0,0.0,0,20.696
180536000,180536000,0.9999113,-0.000508189,-0.0003210159,-0.013642854,0.0,0.0,0.0,0.0,0,20.716
180556000,180556000,0.9999113,-0.00058968924,-0.00034136308,-0.013640115,0.0,0.0,0.0,0.0,0,20.736
180576000,180576000,0.99991125,-0.00066155766,-0.00037235318,-0.013637875,0.0,0.0,0.0,0.0,0,20.756
180596000,180596000,0.99991125,-0.0007302428,-0.0003997573,-0.013635745,0.0,0.0,0.0,0.0,0,20.776
180616000,180616000,0.9999112,-0.00078756886,-0.0004137854,-0.013634141,0.0,0.0,0.0,0.0,0,20.796
180636000,180636000,0.9999112,-0.00083552336,-0.0004295452,-0.013633376,0.0,0.0,0.0,0.0,0,20.816
180656000,180656000,0.9999111,-0.0008809845,-0.0004513498,-0.013633189,0.0,0.0,0.0,0.0,0,20.836
180676000,180676000,0.99991107,-0.00092646317,-0.00047571532,-0.013633497,0.0,0.0,0.0,0.0,0,20.856
180696000,180696000,0.999911,-0.000976585,-0.00048939476,-0.013634221,0.0,0.0,0.0,0.0,0,20.876
180716000,180716000,0.99991095,-0.0010212973,-0.0004847175,-0.013635587,0.0,0.0,0.0,0.0,0,20.896
180736000,180736000,0.9999109,-0.0010513067,-0.00047840388,-0.013637616,0.0,0.0,0.0,0.0,0,20.916
180756000,180756000,0.99991083,-0.0010699721,-0.00048567107,-0.013640523,0.0,0.0,0.0,0.0,0,20.936
180776000,180776000,0.9999108,-0.0010779861,-0.0004982502,-0.013644327,0.0,0.0,0.0,0.0,0,20.956
180796000,180796000,0.9999107,-0.001075392,-0.000504152,-0.013649144,0.0,0.0,0.0,0.0,0,20.976
180816000,180816000,0.9999106,-0.0010669075,-0.00050247286,-0.013655215,0.0,0.0,0.0,0.0,0,20.996
180836000,180836000,0.99991053,-0.0010530999,-0.0004913284,-0.013662527,0.0,0.0,0.0,0.0,0,21.016
180856000,180856000,0.9999105,-0.0010375902,-0.00047312572,-0.0136713665,0.0,0.0,0.0,0.0,0,21.036
180876000,180876000,0.99991035,-0.0010218439,-0.00045704527,-0.0136812255,0.0,0.0,0.0,0.0,0,21.056
180896000,180896000,0.99991024,-0.0010039617,-0.00044263728,-0.01369217,0.0,0.0,0.0,0.0,0,21.076
180916000,180916000,0.99991006,-0.0009784634,-0.00041955127,-0.013704045,0.0,0.0,0.0,0.0,0,21.096
180936000,180936000,0.99990994,-0.00094679557,-0.0003940522,-0.013716821,0.0,0.0,0.0,0.0,0,21.116
180956000,180956000,0.99990976,-0.00092343567,-0.000381053,-0.013730691,0.0,0.0,0.0,0.0,0,21.136
180976000,180976000,0.9999096,-0.0009058137,-0.0003723513,-0.013745615,0.0,0.0,0.0,0.0,0,21.156
180996000,180996000,0.9999094,-0.00088107586,-0.0003636889,-0.013761266,0.0,0.0,0.0,0.0,0,21.176
181016000,181016000,0.9999092,-0.0008501928,-0.0003716718,-0.013777463,0.0,0.0,0.0,0.0,0,21.196
181036000,181036000,0.999909,-0.0008202228,-0.0003777229,-0.013793812,0.0,0.0,0.0,0.0,0,21.216
181056000,181056000,0.9999088,-0.0007885299,-0.00037282158,-0.013810413,0.0,0.0,0.0,0.0,0,21.236
181076000,181076000,0.9999086,-0.00074622594,-0.0003739918,-0.01382755,0.0,0.0,0.0,0.0,0,21.256
181096000,181096000,0.9999084,-0.0006978265,-0.00038470482,-0.013845057,0.0,0.0,0.0,0.0,0,21.276
181116000,181116000,0.99990815,-0.00065360556,-0.00038304462,-0.013862572,0.0,0.0,0.0,0.0,0,21.296
181136000,181136000,0.999908,-0.00061134616,-0.00037739606,-0.013880424,0.0,0.0,0.0,0.0,0,21.316
181156000,181156000,0.99990773,-0.00056500494,-0.0003753623,-0.01389807,0.0,0.0,0.0,0.0,0,21.336
181176000,181176000,0.99990755,-0.0005149342,-0.00037151584,-0.013915454,0.0,0.0,0.0,0.0,0,21.356
181196000,181196000,0.9999073,-0.00046947793,-0.0003677557,-0.013932771,0.0,0.0,0.0,0.0,0,21.376
181216000,181216000,0.9999071,-0.000434133,-0.00036080915,-0.013950124,0.0,0.0,0.0,0.0,0,21.396
181236000,181236000,0.99990684,-0.0004028082,-0.00034732436,-0.013967098,0.0,0.0,0.0,0.0,0,21.416
181256000,181256000,0.99990666,-0.00037188453,-0.00033254575,-0.013983895,0.0,0.0,0.0,0.0,0,21.436
181276000,181276000,0.9999064,-0.00034385023,-0.00031711397,-0.014000545,0.0,0.0,0.0,0.0,0,21.456
181296000,181296000,0.9999062,-0.00032218563,-0.00030242404,-0.014017081,0.0,0.0,0.0,0.0,0,21.476
181316000,181316000,0.999906,-0.0003074058,-0.00028870412,-0.014033449,0.0,0.0,0.0,0.0,0,21.496
181336000,181336000,0.99990577,-0.000295249,-0.00027166805,-0.014049341,0.0,0.0,0.0,0.0,0,21.516
181356000,181356000,0.9999056,-0.00028612535,-0.00025178777,-0.014065075,0.0,0.0,0.0,0.0,0,21.536
181376000,181376000,0.99990535,-0.00028326514,-0.00023214007,-0.014080699,0.0,0.0,0.0,0.0,0,21.556
181396000,181396000,0.9999051,-0.00028383092,-0.00021004735,-0.014096733,0.0,0.0,0.0,0.0,0,21.576
181416000,181416000,0.99990493,-0.0002791855,-0.00017663454,-0.0141132325,0.0,0.0,0.0,0.0,0,21.596
181436000,181436000,0.9999047,-0.00027117954,-0.00012978197,-0.014129957,0.0,0.0,0.0,0.0,0,21.616
181456000,181456000,0.99990445,-0.00026066107,-8.86767e-05,-0.014146512,0.0,0.0,0.0,0.0,0,21.636
181476000,181476000,0.9999042,-0.00025138207,-4.101857e-05,-0.014162874,0.0,0.0,0.0,0.0,0,21.656
181496000,181496000,0.999904,-0.00024175421,1.3499362e-05,-0.014179213,0.0,0.0,0.0,0.0,0,21.676
181516000,181516000,0.99990374,-0.00023922029,5.7460813e-05,-0.014195629,0.0,0.0,0.0,0.0,0,21.696
181536000,181536000,0.9999035,-0.0002498147,0.00010804899,-0.01421221,0.0,0.0,0.0,0.0,0,21.716
181556000,181556000,0.99990326,-0.00026900097,0.00016124187,-0.014228853,0.0,0.0,0.0,0.0,0,21.736
181576000,181576000,0.999903,-0.0002915107,0.00020712368,-0.014245596,0.0,0.0,0.0,0.0,0,21.756
181596000,181596000,0.9999028,-0.00031884355,0.00024540254,-0.014262239,0.0,0.0,0.0,0.0,0,21.776
181616000,181616000,0.9999025,-0.00035256476,0.00028129295,-0.0142787695,0.0,0.0,0.0,0.0,0,21.796
181636000,181636000,0.99990225,-0.00039288067,0.00031582825,-0.014295186,0.0,0.0,0.0,0.0,0,21.816
181656000,181656000,0.999902,-0.00043988752,0.00034931937,-0.014311488,0.0,0.0,0.0,0.0,0,21.836
181676000,181676000,0.9999017,-0.0004934732,0.00038170235,-0.014327676,0.0,0.0,0.0,0.0,0,21.856
181696000,181696000,0.9999014,-0.00055347336,0.00041329933,-0.01434385,0.0,0.0,0.0,0.0,0,21.876
181716000,181716000,0.9999012,-0.0006145515,0.00044901355,-0.014360273,0.0,0.0,0.0,0.0,0,21.896
181736000,181736000,0.9999009,-0.0006744554,0.00048445739,-0.014376203,0.0,0.0,0.0,0.0,0,21.916
181756000,181756000,0.9999006,-0.00072831195,0.0005103112,-0.01439174,0.0,0.0,0.0,0.0,0,21.936
181776000,181776000,0.99990034,-0.0007751528,0.00053231866,-0.014407195,0.0,0.0,0.0,0.0,0,21.956
181796000,181796000,0.99990004,-0.0008162491,0.0005449901,-0.014422299,0.0,0.0,0.0,0.0,0,21.976
181816000,181816000,0.9998998,-0.0008535641,0.000561718,-0.01443677,0.0,0.0,0.0,0.0,0,21.996
181836000,181836000,0.99989957,-0.00090051955,0.00058340345,-0.01445063,0.0,0.0,0.0,0.0,0,22.016
181856000,181856000,0.9998993,-0.000951476,0.00059374265,-0.01446369,0.0,0.0,0.0,0.0,0,22.036
181876000,181876000,0.9998991,-0.0010086087,0.00061035814,-0.014476226,0.0,0.0,0.0,0.0,0,22.056
181896000,181896000,0.99989885,-0.0010641443,0.00063195167,-0.014488019,0.0,0.0,0.0,0.0,0,22.076
181916000,181916000,0.9998986,-0.0011146511,0.0006439596,-0.014499064,0.0,0.0,0.0,0.0,0,22.096
181936000,181936000,0.9998984,-0.0011688176,0.000649561,-0.014509365,0.0,0.0,0.0,0.0,0,22.116
181956000,181956000,0.9998982,-0.0012335825,0.00065719365,-0.014518716,0.0,0.0,0.0,0.0,0,22.136
181976000,181976000,0.99989796,-0.0013060324,0.00065440865,-0.014527593,0.0,0.0,0.0,0.0,0,22.156
181996000,181996000,0.9998977,-0.0013864916,0.0006440478,-0.014535987,0.0,0.0,0.0,0.0,0,22.176
182016000,182016000,0.9998975,-0.0014785612,0.0006347032,-0.014544012,0.0,0.0,0.0,0.0,0,22.196
182036000,182036000,0.99989724,-0.001578684,0.0006256927,-0.014551911,0.0,0.0,0.0,0.0,0,22.216
182056000,182056000,0.99989694,-0.001677559,0.00062400504,-0.014559919,0.0,0.0,0.0,0.0,0,22.236
182076000,182076000,0.99989665,-0.0017761028,0.00062649965,-0.014568015,0.0,0.0,0.0,0.0,0,22.256
182096000,182096000,0.99989635,-0.0018764992,0.00062858843,-0.0145761985,0.0,0.0,0.0,0.0,0,22.276
182116000,182116000,0.99989605,-0.0019758819,0.00062415586,-0.014584651,0.0,0.0,0.0,0.0,0,22.296
182136000,182136000,0.99989575,-0.0020620956,0.0006120671,-0.014593087,0.0,0.0,0.0,0.0,0,22.316
182156000,182156000,0.9998955,-0.0021313776,0.0005932052,-0.01460124,0.0,0.0,0.0,0.0,0,22.336
182176000,182176000,0.9998953,-0.0022005395,0.0005629804,-0.014608731,0.0,0.0,0.0,0.0,0,22.356
182196000,182196000,0.999895,-0.002279556,0.0005342669,-0.014615746,0.0,0.0,0.0,0.0,0,22.376
182216000,182216000,0.99989474,-0.0023501667,0.0005043481,-0.014622271,0.0,0.0,0.0,0.0,0,22.396
182236000,182236000,0.99989456,-0.0024106347,0.00046819256,-0.0146284625,0.0,0.0,0.0,0.0,0,22.416
182256000,182256000,0.9998943,-0.002468686,0.00042831906,-0.014634496,0.0,0.0,0.0,0.0,0,22.436
182276000,182276000,0.9998941,-0.0025277361,0.00038597692,-0.014640434,0.0,0.0,0.0,0.0,0,22.456
182296000,182296000,0.9998939,-0.002589506,0.0003419079,-0.014646303,0.0,0.0,0.0,0.0,0,22.476
182316000,182316000,0.99989367,-0.002654419,0.00029628832,-0.014652116,0.0,0.0,0.0,0.0,0,22.496
182336000,182336000,0.99989337,-0.0027200358,0.0002521123,-0.0146582415,0.0,0.0,0.0,0.0,0,22.516
182356000,182356000,0.9998931,-0.002783257,0.0002121992,-0.014664515,0.0,0.0,0.0,0.0,0,22.536
182376000,182376000,0.9998929,-0.0028472776,0.0001736648,-0.014670785,0.0,0.0,0.0,0.0,0,22.556
182396000,182396000,0.9998926,-0.0029091588,0.00013083848,-0.014676644,0.0,0.0,0.0,0.0,0,22.576
182416000,182416000,0.99989235,-0.0029687854,8.2279774e-05,-0.014682326,0.0,0.0,0.0,0.0,0,22.596
182436000,182436000,0.9998921,-0.003028855,3.0506033e-05,-0.014687904,0.0,0.0,0.0,0.0,0,22.616
182456000,182456000,0.9998918,-0.0030886012,-2.1827875e-05,-0.014693717,0.0,0.0,0.0,0.0,0,22.636
182476000,182476000,0.9998916,-0.0031293198,-7.2796174e-05,-0.014700177,0.0,0.0,0.0,0.0,0,22.656
182496000,182496000,0.9998914,-0.0031552154,-0.00012148067,-0.014706798,0.0,0.0,0.0,0.0,0,22.676
182516000,182516000,0.9998912,-0.003176169,-0.00016900359,-0.014713455,0.0,0.0,0.0,0.0,0,22.696
182536000,182536000,0.9998911,-0.0031962916,-0.00021638657,-0.014720099,0.0,0.0,0.0,0.0,0,22.716
182556000,182556000,0.99988914,-0.0033517417,-0.0016720113,-0.014723851,0.0,0.0,0.0,0.0,0,22.736
182576000,182576000,0.99984866,-0.0040812204,-0.008860152,-0.014717788,0.0,0.0,0.0,0.0,0,22.756
182596000,182596000,0.99964464,-0.00544778,-0.021765724,-0.0147064915,0.0,0.0,0.0,0.0,0,22.776
182616000,182616000,0.99913174,-0.0073459325,-0.038404595,-0.014698614,0.0,0.0,0.0,0.0,0,22.796
182636000,182636000,0.9982356,-0.009612691,-0.056800395,-0.014703007,0.0,0.0,0.0,0.0,0,22.816
182656000,182656000,0.9969632,-0.012092681,-0.07556678,-0.014726771,0.0,0.0,0.0,0.0,0,22.836
182676000,182676000,0.9953517,-0.0147085795,-0.09407195,-0.014775971,0.0,0.0,0.0,0.0,0,22.856
182696000,182696000,0.99346477,-0.017342854,-0.111872666,-0.014851665,0.0,0.0,0.0,0.0,0,22.876
182716000,182716000,0.991405,-0.019922867,-0.1284699,-0.014958887,0.0,0.0,0.0,0.0,0,22.896
182736000,182736000,0.9892551,-0.022411073,-0.1437123,-0.015099293,0.0,0.0,0.0,0.0,0,22.916
182756000,182756000,0.9871107,-0.024739897,-0.15740511,-0.015271648,0.0,0.0,0.0,0.0,0,22.936
182776000,182776000,0.9850478,-0.026884986,-0.1694923,-0.015475838,0.0,0.0,0.0,0.0,0,22.956
182796000,182796000,0.9831172,-0.028826993,-0.18003295,-0.015707929,0.0,0.0,0.0,0.0,0,22.976
182816000,182816000,0.981378,-0.030551897,-0.1889917,-0.015967174,0.0,0.0,0.0,0.0,0,22.996
182836000,182836000,0.9798488,-0.0320441,-0.19650628,-0.01624583,0.0,0.0,0.0,0.0,0,23.016
182856000,182856000,0.9785576,-0.033304624,-0.20261127,-0.016542265,0.0,0.0,0.0,0.0,0,23.036
182876000,182876000,0.9775048,-0.03433929,-0.20743747,-0.016851127,0.0,0.0,0.0,0.0,0,23.056
182896000,182896000,0.9766927,-0.0351577,-0.21106781,-0.017169977,0.0,0.0,0.0,0.0,0,23.076
182916000,182916000,0.97611374,-0.03576311,-0.2136026,-0.017493477,0.0,0.0,0.0,0.0,0,23.096
182936000,182936000,0.97575665,-0.036164533,-0.21513413,-0.017817954,0.0,0.0,0.0,0.0,0,23.116
182956000,182956000,0.975607,-0.036376476,-0.21574944,-0.018140372,0.0,0.0,0.0,0.0,0,23.136
182976000,182976000,0.97565025,-0.036421306,-0.21551888,-0.018460192,0.0,0.0,0.0,0.0,0,23.156
182996000,182996000,0.9758677,-0.036308877,-0.21452406,-0.01877375,0.0,0.0,0.0,0.0,0,23.176
183016000,183016000,0.97624004,-0.0360525,-0.21283951,-0.019078627,0.0,0.0,0.0,0.0,0,23.196
183036000,183036000,0.97675043,-0.035676032,-0.21052197,-0.019374816,0.0,0.0,0.0,0.0,0,23.216
183052000,183052000,0.9772481,-0.03529204,-0.20824373,-0.019603513,0.0,0.0,0.0,0.0,0,23.232
183072000,183072000,0.9779619,-0.03471578,-0.2049376,-0.019875888,0.0,0.0,0.0,0.0,0,23.252
183092000,183092000,0.97876555,-0.03404366,-0.20115359,-0.02013288,0.0,0.0,0.0,0.0,0,23.272
183112000,183112000,0.9796419,-0.03328621,-0.1969461,-0.020372242,0.0,0.0,0.0,0.0,0,23.292
183132000,183132000,0.980582,-0.03245284,-0.19232982,-0.02059313,0.0,0.0,0.0,0.0,0,23.312
183152000,183152000,0.9815658,-0.031551387,-0.18737645,-0.020792896,0.0,0.0,0.0,0.0,0,23.332
183172000,183172000,0.9825851,-0.030591507,-0.1820988,-0.020971721,0.0,0.0,0.0,0.0,0,23.352
183192000,183192000,0.9836247,-0.029584106,-0.17655021,-0.021128625,0.0,0.0,0.0,0.0,0,23.372
183212000,183212000,0.984682,-0.028543293,-0.17071448,-0.02126546,0.0,0.0,0.0,0.0,0,23.392
183232000,183232000,0.98573864,-0.027469415,-0.16467197,-0.021378746,0.0,0.0,0.0,0.0,0,23.412
183252000,183252000,0.98679,-0.026368717,-0.1584248,-0.021469206,0.0,0.0,0.0,0.0,0,23.432
183272000,183272000,0.9878257,-0.025245063,-0.15201445,-0.021536147,0.0,0.0,0.0,0.0,0,23.452
183292000,183292000,0.98884296,-0.02409858,-0.14543834,-0.02157974,0.0,0.0,0.0,0.0,0,23.472
183312000,183312000,0.98983145,-0.022939691,-0.13874458,-0.021599919,0.0,0.0,0.0,0.0,0,23.492
183332000,183332000,0.99078745,-0.021776948,-0.13194188,-0.02159759,0.0,0.0,0.0,0.0,0,23.512
183352000,183352000,0.99170196,-0.020606937,-0.12508526,-0.021571366,0.0,0.0,0.0,0.0,0,23.532
183372000,183372000,0.9925761,-0.019430023,-0.11815677,-0.021522164,0.0,0.0,0.0,0.0,0,23.552
183392000,183392000,0.9934014,-0.018259455,-0.1112166,-0.021451425,0.0,0.0,0.0,0.0,0,23.572
183412000,183412000,0.99417937,-0.017094636,-0.10424978,-0.021359943,0.0,0.0,0.0,0.0,0,23.592
183432000,183432000,0.99490595,-0.01593567,-0.09729259,-0.021248342,0.0,0.0,0.0,0.0,0,23.612
183452000,183452000,0.9955823,-0.014775291,-0.09033672,-0.021117402,0.0,0.0,0.0,0.0,0,23.632
183472000,183472000,0.9962048,-0.013621558,-0.08342575,-0.020968521,0.0,0.0,0.0,0.0,0,23.652
183492000,183492000,0.9967761,-0.012479948,-0.07653702,-0.020803798,0.0,0.0,0.0,0.0,0,23.672
183512000,183512000,0.99729365,-0.011357518,-0.06971455,-0.020624988,0.0,0.0,0.0,0.0,0,23.692
183532000,183532000,0.9977591,-0.010245736,-0.06295591,-0.020432694,0.0,0.0,0.0,0.0,0,23.712
183552000,183552000,0.9981713,-0.00914564,-0.056305397,-0.02022804,0.0,0.0,0.0,0.0,0,23.732
183572000,183572000,0.9985334,-0.008054734,-0.049746305,-0.02001294,0.0,0.0,0.0,0.0,0,23.752
183592000,183592000,0.9988463,-0.006978331,-0.043300357,-0.019789398,0.0,0.0,0.0,0.0,0,23.772
183612000,183612000,0.99911237,-0.0059123933,-0.03695963,-0.019559175,0.0,0.0,0.0,0.0,0,23.792
183632000,183632000,0.9993327,-0.0048628054,-0.030759372,-0.019323727,0.0,0.0,0.0,0.0,0,23.812
183652000,183652000,0.9995102,-0.003818547,-0.024689887,-0.019084373,0.0,0.0,0.0,0.0,0,23.832
183672000,183672000,0.99964684,-0.0027871889,-0.01877462,-0.018843139,0.0,0.0,0.0,0.0,0,23.852
183692000,183692000,0.9997455,-0.0017679301,-0.012997509,-0.01860182,0.0,0.0,0.0,0.0,0,23.872
183712000,183712000,0.99980843,-0.0007648289,-0.0073793917,-0.018362124,0.0,0.0,0.0,0.0,0,23.892
183732000,183732000,0.9998384,0.00022746393,-0.0019156788,-0.018125443,0.0,0.0,0.0,0.0,0,23.912
183752000,183752000,0.99983805,0.0012015211,0.0033767708,-0.017893028,0.0,0.0,0.0,0.0,0,23.932
183772000,183772000,0.99981,0.002155292,0.008503969,-0.017666092,0.0,0.0,0.0,0.0,0,23.952
183792000,183792000,0.999757,0.003090454,0.01345962,-0.017445771,0.0,0.0,0.0,0.0,0,23.972
183812000,183812000,0.99968153,0.0040107104,0.018244613,-0.017233225,0.0,0.0,0.0,0.0,0,23.992
183832000,183832000,0.99958634,0.0049138633,0.022850737,-0.01702946,0.0,0.0,0.0,0.0,0,24.012
183852000,183852000,0.9994738,0.0057972986,0.027279897,-0.016835138,0.0,0.0,0.0,0.0,0,24.032
183872000,183872000,0.99934655,0.0066576446,0.03152752,-0.016650967,0.0,0.0,0.0,0.0,0,24.052
183892000,183892000,0.999207,0.0074910214,0.03559249,-0.01647792,0.0,0.0,0.0,0.0,0,24.072
183912000,183912000,0.9990571,0.008299202,0.039483078,-0.016316611,0.0,0.0,0.0,0.0,0,24.092
183932000,183932000,0.9988987,0.009081198,0.04320488,-0.016167246,0.0,0.0,0.0,0.0,0,24.112
183952000,183952000,0.9987336,0.009838832,0.046761137,-0.016030358,0.0,0.0,0.0,0.0,0,24.132
183972000,183972000,0.9985643,0.010566932,0.05013774,-0.015906053,0.0,0.0,0.0,0.0,0,24.152
183992000,183992000,0.99839264,0.011265358,0.053336993,-0.015794616,0.0,0.0,0.0,0.0,0,24.172
184012000,184012000,0.99822015,0.011936429,0.05636272,-0.015696326,0.0,0.0,0.0,0.0,0,24.192
184032000,184032000,0.99804777,0.012583108,0.05922647,-0.015611036,0.0,0.0,0.0,0.0,0,24.212
184052000,184052000,0.99787766,0.013204667,0.0619153,-0.015538823,0.0,0.0,0.0,0.0,0,24.232
184072000,184072000,0.99771047,0.013796303,0.06444386,-0.015478757,0.0,0.0,0.0,0.0,0,24.252
184092000,184092000,0.99754703,0.014357576,0.066818826,-0.015430578,0.0,0.0,0.0,0.0,0,24.272
184112000,184112000,0.9973894,0.014890342,0.06902814,-0.015394128,0.0,0.0,0.0,0.0,0,24.292
184132000,184132000,0.99723804,0.01539041,0.07108005,-0.015369068,0.0,0.0,0.0,0.0,0,24.312
184152000,184152000,0.9970931,0.01586227,0.07298707,-0.015355317,0.0,0.0,0.0,0.0,0,24.332
184172000,184172000,0.996956,0.016310621,0.07474046,-0.015352555,0.0,0.0,0.0,0.0,0,24.352
184192000,184192000,0.99682677,0.016725985,0.07635366,-0.015359364,0.0,0.0,0.0,0.0,0,24.372
184212000,184212000,0.99670655,0.017105903,0.077821545,-0.0153746735,0.0,0.0,0.0,0.0,0,24.392
184232000,184232000,0.9965958,0.017456958,0.079146035,-0.015398751,0.0,0.0,0.0,0.0,0,24.412
184252000,184252000,0.99649405,0.017786857,0.080337904,-0.015432206,0.0,0.0,0.0,0.0,0,24.432
184272000,184272000,0.99640065,0.018081529,0.081415854,-0.015472649,0.0,0.0,0.0,0.0,0,24.452
184292000,184292000,0.9963169,0.018340498,0.08236776,-0.0155190695,0.0,0.0,0.0,0.0,0,24.472
184312000,184312000,0.9962433,0.018571036,0.083192885,-0.015571622,0.0,0.0,0.0,0.0,0,24.492
184332000,184332000,0.99618024,0.018777013,0.08388802,-0.015630618,0.0,0.0,0.0,0.0,0,24.512
184352000,184352000,0.9961262,0.018953452,0.084476255,-0.015694268,0.0,0.0,0.0,0.0,0,24.532
184372000,184372000,0.9960808,0.019101683,0.08496345,-0.015761575,0.0,0.0,0.0,0.0,0,24.552
184392000,184392000,0.9960447,0.01922699,0.0853449,-0.01583299,0.0,0.0,0.0,0.0,0,24.572
184412000,184412000,0.9960182,0.019329907,0.08561651,-0.015908374,0.0,0.0,0.0,0.0,0,24.592
184432000,184432000,0.9960009,0.019404124,0.0857858,-0.015986396,0.0,0.0,0.0,0.0,0,24.612
184452000,184452000,0.995992,0.01945031,0.08586402,-0.016066045,0.0,0.0,0.0,0.0,0,24.632
184472000,184472000,0.99599105,0.01947068,0.085854866,-0.016147194,0.0,0.0,0.0,0.0,0,24.652
184492000,184492000,0.99599814,0.019470206,0.08575748,-0.01622961,0.0,0.0,0.0,0.0,0,24.672
184512000,184512000,0.9960127,0.019459669,0.08557435,-0.016313784,0.0,0.0,0.0,0.0,0,24.692
184532000,184532000,0.9960344,0.019439502,0.085309714,-0.016399771,0.0,0.0,0.0,0.0,0,24.712
184552000,184552000,0.9960633,0.01940752,0.08496238,-0.016486976,0.0,0.0,0.0,0.0,0,24.732
184572000,184572000,0.99609923,0.01935245,0.08453502,-0.016573837,0.0,0.0,0.0,0.0,0,24.752
184592000,184592000,0.99614125,0.019270305,0.08404064,-0.01665932,0.0,0.0,0.0,0.0,0,24.772
184612000,184612000,0.9961886,0.019166084,0.0834852,-0.016743097,0.0,0.0,0.0,0.0,0,24.792
184632000,184632000,0.9962423,0.019044554,0.082853206,-0.016825125,0.0,0.0,0.0,0.0,0,24.812
184652000,184652000,0.99630237,0.018902315,0.082143694,-0.016905196,0.0,0.0,0.0,0.0,0,24.832
184672000,184672000,0.9963674,0.018742945,0.08137211,-0.01698339,0.0,0.0,0.0,0.0,0,24.852
184692000,184692000,0.9964355,0.018567575,0.08055836,-0.017058754,0.0,0.0,0.0,0.0,0,24.872
184712000,184712000,0.99650806,0.018379405,0.07968336,-0.017131668,0.0,0.0,0.0,0.0,0,24.892
184732000,184732000,0.9965857,0.018171461,0.07873952,-0.017201528,0.0,0.0,0.0,0.0,0,24.912
184752000,184752000,0.9966667,0.017945915,0.077744834,-0.017267691,0.0,0.0,0.0,0.0,0,24.932
184772000,184772000,0.99675125,0.017702015,0.07669627,-0.017329725,0.0,0.0,0.0,0.0,0,24.952
184792000,184792000,0.99684113,0.017440436,0.07556715,-0.017388316,0.0,0.0,0.0,0.0,0,24.972
184812000,184812000,0.9969344,0.017160987,0.07437802,-0.017442595,0.0,0.0,0.0,0.0,0,24.992
184832000,184832000,0.99703133,0.016867358,0.07312389,-0.017493295,0.0,0.0,0.0,0.0,0,25.012
184852000,184852000,0.9971318,0.01656381,0.07179992,-0.017540727,0.0,0.0,0.0,0.0,0,25.032
184872000,184872000,0.99723464,0.016243266,0.070420876,-0.01758395,0.0,0.0,0.0,0.0,0,25.052
184892000,184892000,0.9973392,0.015901268,0.06899455,-0.017622005,0.0,0.0,0.0,0.0,0,25.072
184912000,184912000,0.997445,0.0155448215,0.067522086,-0.01765531,0.0,0.0,0.0,0.0,0,25.092
184932000,184932000,0.99755186,0.0151703,0.0660046,-0.017683497,0.0,0.0,0.0,0.0,0,25.112
184952000,184952000,0.99765885,0.014778672,0.064451866,-0.017706754,0.0,0.0,0.0,0.0,0,25.132
184972000,184972000,0.9977656,0.014369532,0.06286739,-0.017724844,0.0,0.0,0.0,0.0,0,25.152
184992000,184992000,0.9978717,0.013951591,0.061252195,-0.017738644,0.0,0.0,0.0,0.0,0,25.172
185012000,185012000,0.9979768,0.013525337,0.059611328,-0.0177481,0.0,0.0,0.0,0.0,0,25.192
185032000,185032000,0.99808013,0.013090869,0.057953496,-0.017752957,0.0,0.0,0.0,0.0,0,25.212
185052000,185052000,0.99818146,0.012648627,0.056282368,-0.017753012,0.0,0.0,0.0,0.0,0,25.232
185072000,185072000,0.9982804,0.012202874,0.05460243,-0.017748522,0.0,0.0,0.0,0.0,0,25.252
185092000,185092000,0.9983766,0.0117511,0.052919015,-0.017739419,0.0,0.0,0.0,0.0,0,25.272
185112000,185112000,0.99846953,0.011298889,0.0512422,-0.017726284,0.0,0.0,0.0,0.0,0,25.292
185132000,185132000,0.9985596,0.010846263,0.04956408,-0.01770939,0.0,0.0,0.0,0.0,0,25.312
185152000,185152000,0.9986463,0.010395445,0.047892705,-0.01768912,0.0,0.0,0.0,0.0,0,25.332
185172000,185172000,0.9987297,0.009944331,0.04622936,-0.017665528,0.0,0.0,0.0,0.0,0,25.352
185192000,185192000,0.99880946,0.009493222,0.044582162,-0.017638635,0.0,0.0,0.0,0.0,0,25.372
185212000,185212000,0.99888587,0.009045598,0.042945176,-0.017608806,0.0,0.0,0.0,0.0,0,25.392
185232000,185232000,0.9989589,0.008602099,0.041319817,-0.017576482,0.0,0.0,0.0,0.0,0,25.412
185252000,185252000,0.9990285,0.008160925,0.039708737,-0.017541785,0.0,0.0,0.0,0.0,0,25.432
185272000,185272000,0.99909437,0.0077197836,0.03812514,-0.01750482,0.0,0.0,0.0,0.0,0,25.452
185292000,185292000,0.99915665,0.0072778,0.036565263,-0.017465813,0.0,0.0,0.0,0.0,0,25.472
185312000,185312000,0.99921554,0.0068378914,0.03502804,-0.017425278,0.0,0.0,0.0,0.0,0,25.492
185332000,185332000,0.99927133,0.0064038574,0.03350711,-0.01738355,0.0,0.0,0.0,0.0,0,25.512
185352000,185352000,0.9993236,0.0059731104,0.032017056,-0.017340645,0.0,0.0,0.0,0.0,0,25.532
185372000,185372000,0.9993725,0.0055480925,0.030558472,-0.01729684,0.0,0.0,0.0,0.0,0,25.552
185392000,185392000,0.9994182,0.0051271296,0.02912838,-0.017252471,0.0,0.0,0.0,0.0,0,25.572
185412000,185412000,0.99946105,0.004715942,0.027718784,-0.017208034,0.0,0.0,0.0,0.0,0,25.592
185432000,185432000,0.99950105,0.0043104896,0.026336566,-0.01716349,0.0,0.0,0.0,0.0,0,25.612
185452000,185452000,0.9995381,0.003911337,0.024984768,-0.01711894,0.0,0.0,0.0,0.0,0,25.632
185472000,185472000,0.99957263,0.0035119678,0.023659779,-0.017074464,0.0,0.0,0.0,0.0,0,25.652
185492000,185492000,0.9996046,0.0031185432,0.0223609,-0.017030446,0.0,0.0,0.0,0.0,0,25.672
185512000,185512000,0.9996339,0.0027303598,0.021098917,-0.016987234,0.0,0.0,0.0,0.0,0,25.692
185532000,185532000,0.9996606,0.0023531201,0.019876307,-0.016944943,0.0,0.0,0.0,0.0,0,25.712
185552000,185552000,0.99968505,0.0019825085,0.018689038,-0.016903508,0.0,0.0,0.0,0.0,0,25.732
185572000,185572000,0.99970734,0.0016181073,0.017531151,-0.016863184,0.0,0.0,0.0,0.0,0,25.752
185592000,185592000,0.99972767,0.0012550987,0.016404284,-0.016824437,0.0,0.0,0.0,0.0,0,25.772
185612000,185612000,0.99974597,0.0009035975,0.0153116,-0.0167874,0.0,0.0,0.0,0.0,0,25.792
185632000,185632000,0.9997625,0.00055830914,0.014251348,-0.016752282,0.0,0.0,0.0,0.0,0,25.812
185652000,185652000,0.9997772,0.00021943726,0.013229528,-0.016719328,0.0,0.0,0.0,0.0,0,25.832
185672000,185672000,0.99979025,-0.00011032864,0.012251682,-0.016688267,0.0,0.0,0.0,0.0,0,25.852
185692000,185692000,0.99980175,-0.00042905682,0.011307938,-0.016659401,0.0,0.0,0.0,0.0,0,25.872
185712000,185712000,0.9998118,-0.0007414757,0.010400204,-0.01663302,0.0,0.0,0.0,0.0,0,25.892
185732000,185732000,0.99982065,-0.0010470661,0.009527526,-0.016608804,0.0,0.0,0.0,0.0,0,25.912
185752000,185752000,0.99982834,-0.0013489127,0.008688824,-0.01658634,0.0,0.0,0.0,0.0,0,25.932
185772000,185772000,0.99983484,-0.0016404579,0.007891167,-0.01656576,0.0,0.0,0.0,0.0,0,25.952
185792000,185792000,0.9998403,-0.0019190183,0.007135346,-0.016547052,0.0,0.0,0.0,0.0,0,25.972
185812000,185812000,0.999845,-0.002178587,0.006409761,-0.01653027,0.0,0.0,0.0,0.0,0,25.992
185832000,185832000,0.9998489,-0.0024241013,0.0057124393,-0.016515419,0.0,0.0,0.0,0.0,0,26.012
185852000,185852000,0.99985206,-0.0026603658,0.005050996,-0.016502323,0.0,0.0,0.0,0.0,0,26.032
185872000,185872000,0.9998546,-0.0028840306,0.00442185,-0.016490934,0.0,0.0,0.0,0.0,0,26.052
185892000,185892000,0.99985665,-0.0030978306,0.0038218508,-0.016481357,0.0,0.0,0.0,0.0,0,26.072
185912000,185912000,0.99985814,-0.0033005944,0.0032475411,-0.01647347,0.0,0.0,0.0,0.0,0,26.092
185932000,185932000,0.9998592,-0.0034865446,0.0027033954,-0.016467512,0.0,0.0,0.0,0.0,0,26.112
185952000,185952000,0.9998599,-0.0036534215,0.0021899198,-0.016463546,0.0,0.0,0.0,0.0,0,26.132
185972000,185972000,0.99986035,-0.0038066157,0.0017103383,-0.016461262,0.0,0.0,0.0,0.0,0,26.152
185992000,185992000,0.99986047,-0.0039501423,0.0012601352,-0.0164606,0.0,0.0,0.0,0.0,0,26.172
186012000,186012000,0.99986035,-0.0040852367,0.00084344955,-0.016461685,0.0,0.0,0.0,0.0,0,26.192
186032000,186032000,0.99986005,-0.0042075464,0.00045438344,-0.016464183,0.0,0.0,0.0,0.0,0,26.212
186052000,186052000,0.99985963,-0.0043164315,9.498153e-05,-0.016467918,0.0,0.0,0.0,0.0,0,26.232
186072000,186072000,0.9998591,-0.0044131847,-0.00023389712,-0.016472768,0.0,0.0,0.0,0.0,0,26.252
186092000,186092000,0.9998585,-0.0044995216,-0.00053902855,-0.01647898,0.0,0.0,0.0,0.0,0,26.272
186112000,186112000,0.9998578,-0.004579636,-0.0008198431,-0.016486749,0.0,0.0,0.0,0.0,0,26.292
186132000,186132000,0.99985707,-0.0046485527,-0.0010819382,-0.016495788,0.0,0.0,0.0,0.0,0,26.312
186152000,186152000,0.99985635,-0.0047067953,-0.0013275784,-0.016506094,0.0,0.0,0.0,0.0,0,26.332
186172000,186172000,0.99985564,-0.0047575156,-0.0015470814,-0.016517643,0.0,0.0,0.0,0.0,0,26.352
186192000,186192000,0.99985486,-0.004799972,-0.001735509,-0.01653024,0.0,0.0,0.0,0.0,0,26.372
186212000,186212000,0.9998542,-0.0048315926,-0.0019009802,-0.016543949,0.0,0.0,0.0,0.0,0,26.392
186232000,186232000,0.99985355,-0.0048586987,-0.0020429872,-0.016558994,0.0,0.0,0.0,0.0,0,26.412
186252000,186252000,0.9998529,-0.004887465,-0.0021612486,-0.016574956,0.0,0.0,0.0,0.0,0,26.432
186272000,186272000,0.9998523,-0.00491116,-0.0022603364,-0.016591797,0.0,0.0,0.0,0.0,0,26.452
186292000,186292000,0.9998517,-0.0049285707,-0.002347052,-0.016609134,0.0,0.0,0.0,0.0,0,26.472
186312000,186312000,0.99985117,-0.0049435706,-0.002426409,-0.016626492,0.0,0.0,0.0,0.0,0,26.492
186332000,186332000,0.99985063,-0.004958666,-0.0024876974,-0.016643899,0.0,0.0,0.0,0.0,0,26.512
186352000,186352000,0.99985015,-0.004972754,-0.0025256595,-0.016661758,0.0,0.0,0.0,0.0,0,26.532
186372000,186372000,0.9998498,-0.0049807,-0.0025464995,-0.016680012,0.0,0.0,0.0,0.0,0,26.552
186392000,186392000,0.99984944,-0.0049858587,-0.002557605,-0.016698202,0.0,0.0,0.0,0.0,0,26.572
186412000,186412000,0.99984914,-0.004988753,-0.002551112,-0.016716236,0.0,0.0,0.0,0.0,0,26.592
186432000,186432000,0.9998489,-0.0049914606,-0.0025187833,-0.016734216,0.0,0.0,0.0,0.0,0,26.612
186452000,186452000,0.9998487,-0.004991282,-0.0024706419,-0.016751653,0.0,0.0,0.0,0.0,0,26.632
186472000,186472000,0.9998486,-0.0049857395,-0.002418092,-0.01676883,0.0,0.0,0.0,0.0,0,26.652
186492000,186492000,0.9998485,-0.0049799457,-0.0023567835,-0.016785812,0.0,0.0,0.0,0.0,0,26.672
186512000,186512000,0.9998484,-0.004968238,-0.0022855953,-0.016802788,0.0,0.0,0.0,0.0,0,26.692
186532000,186532000,0.99984837,-0.0049518696,-0.0022082021,-0.01681959,0.0,0.0,0.0,0.0,0,26.712
186552000,186552000,0.9998484,-0.004929914,-0.0021251307,-0.016835853,0.0,0.0,0.0,0.0,0,26.732
186572000,186572000,0.9998485,-0.004900948,-0.0020310536,-0.016851641,0.0,0.0,0.0,0.0,0,26.752
186592000,186592000,0.9998486,-0.0048690126,-0.0019320416,-0.01686677,0.0,0.0,0.0,0.0,0,26.772
186612000,186612000,0.99984866,-0.004842108,-0.0018343687,-0.016880997,0.0,0.0,0.0,0.0,0,26.792
186632000,186632000,0.9998487,-0.0048190523,-0.0017309249,-0.01689405,0.0,0.0,0.0,0.0,0,26.812
186652000,186652000,0.9998488,-0.0048067616,-0.0016175737,-0.016906103,0.0,0.0,0.0,0.0,0,26.832
186672000,186672000,0.99984884,-0.0047965017,-0.0015045388,-0.016916987,0.0,0.0,0.0,0.0,0,26.852
186692000,186692000,0.9998489,-0.004777172,-0.0014025602,-0.016926926,0.0,0.0,0.0,0.0,0,26.872
186712000,186712000,0.99984896,-0.0047514304,-0.0013072506,-0.016936392,0.0,0.0,0.0,0.0,0,26.892
186732000,186732000,0.9998491,-0.0047184555,-0.0012112162,-0.01694521,0.0,0.0,0.0,0.0,0,26.912
186752000,186752000,0.99984926,-0.0046774903,-0.0011113081,-0.016953627,0.0,0.0,0.0,0.0,0,26.932
186772000,186772000,0.99984944,-0.004633301,-0.0010105957,-0.01696168,0.0,0.0,0.0,0.0,0,26.952
186792000,186792000,0.9998496,-0.004586386,-0.0009091439,-0.016969295,0.0,0.0,0.0,0.0,0,26.972
186812000,186812000,0.9998498,-0.004537638,-0.0008155388,-0.016976297,0.0,0.0,0.0,0.0,0,26.992
186832000,186832000,0.99985,-0.004492626,-0.00071958575,-0.016982723,0.0,0.0,0.0,0.0,0,27.012
186852000,186852000,0.99985015,-0.0044511072,-0.0006204759,-0.016988635,0.0,0.0,0.0,0.0,0,27.032
186872000,186872000,0.9998503,-0.00440899,-0.0005212064,-0.016994294,0.0,0.0,0.0,0.0,0,27.052
186892000,186892000,0.99985045,-0.0043635643,-0.00042981788,-0.016999867,0.0,0.0,0.0,0.0,0,27.072
186912000,186912000,0.99985063,-0.0043103965,-0.000352437,-0.017005071,0.0,0.0,0.0,0.0,0,27.092
186932000,186932000,0.99985087,-0.0042392937,-0.00027580943,-0.017009825,0.0,0.0,0.0,0.0,0,27.112
186952000,186952000,0.99985117,-0.004157254,-0.00019649249,-0.01701414,0.0,0.0,0.0,0.0,0,27.132
186972000,186972000,0.99985147,-0.004065937,-0.0001200554,-0.017017836,0.0,0.0,0.0,0.0,0,27.152
186992000,186992000,0.9998518,-0.0039646127,-5.0253515e-05,-0.01702122,0.0,0.0,0.0,0.0,0,27.172
187012000,187012000,0.9998522,-0.0038598322,1.4136085e-05,-0.017024133,0.0,0.0,0.0,0.0,0,27.192
187032000,187032000,0.99985254,-0.0037605849,6.7182686e-05,-0.017026357,0.0,0.0,0.0,0.0,0,27.212
187052000,187052000,0.99985284,-0.003663563,0.00012051957,-0.017028434,0.0,0.0,0.0,0.0,0,27.232
187072000,187072000,0.99985313,-0.0035692363,0.000171708,-0.017030409,0.0,0.0,0.0,0.0,0,27.252
187092000,187092000,0.99985343,-0.003473704,0.00021466224,-0.01703226,0.0,0.0,0.0,0.0,0,27.272
187112000,187112000,0.99985373,-0.0033757044,0.00025332152,-0.017034056,0.0,0.0,0.0,0.0,0,27.292
187132000,187132000,0.999854,-0.003275086,0.0002898009,-0.01703582,0.0,0.0,0.0,0.0,0,27.312
187152000,187152000,0.9998543,-0.003171265,0.00032479924,-0.017037563,0.0,0.0,0.0,0.0,0,27.332
187172000,187172000,0.9998546,-0.0030670695,0.00035627856,-0.017039398,0.0,0.0,0.0,0.0,0,27.352
187192000,187192000,0.99985486,-0.0029632691,0.00038303528,-0.017041273,0.0,0.0,0.0,0.0,0,27.372
187212000,187212000,0.99985516,-0.0028576104,0.00040768913,-0.017043162,0.0,0.0,0.0,0.0,0,27.392
187232000,187232000,0.9998554,-0.0027487455,0.00043096294,-0.017045053,0.0,0.0,0.0,0.0,0,27.412
187252000,187252000,0.99985564,-0.0026390008,0.00045188348,-0.01704673,0.0,0.0,0.0,0.0,0,27.432
187272000,187272000,0.9998559,-0.002539303,0.0004715426,-0.017048646,0.0,0.0,0.0,0.0,0,27.452
187292000,187292000,0.99985605,-0.002442812,0.00049067906,-0.017050924,0.0,0.0,0.0,0.0,0,27.472
187312000,187312000,0.99985623,-0.0023497618,0.0005056662,-0.017053436,0.0,0.0,0.0,0.0,0,27.492
187332000,187332000,0.99985635,-0.0022698462,0.00052142463,-0.01705652,0.0,0.0,0.0,0.0,0,27.512
187352000,187352000,0.9998565,-0.0021953688,0.00053968106,-0.017060367,0.0,0.0,0.0,0.0,0,27.532
187372000,187372000,0.99985653,-0.0021280407,0.0005555977,-0.017065072,0.0,0.0,0.0,0.0,0,27.552
187392000,187392000,0.99985653,-0.0020623752,0.00056331366,-0.017070819,0.0,0.0,0.0,0.0,0,27.572
187412000,187412000,0.9998566,-0.0019875153,0.00057365216,-0.017077794,0.0,0.0,0.0,0.0,0,27.592
187432000,187432000,0.9998566,-0.0019185719,0.00058074796,-0.017085431,0.0,0.0,0.0,0.0,0,27.612
187452000,187452000,0.99985653,-0.0018623191,0.0005849216,-0.017094037,0.0,0.0,0.0,0.0,0,27.632
187472000,187472000,0.9998565,-0.0018022745,0.000594561,-0.017103681,0.0,0.0,0.0,0.0,0,27.652
187492000,187492000,0.9998564,-0.0017422363,0.0005963183,-0.01711421,0.0,0.0,0.0,0.0,0,27.672
187512000,187512000,0.9998563,-0.0016816307,0.0005907486,-0.01712571,0.0,0.0,0.0,0.0,0,27.692
187532000,187532000,0.99985623,-0.0016136249,0.0006004149,-0.01713766,0.0,0.0,0.0,0.0,0,27.712
187552000,187552000,0.99985605,-0.001545916,0.00062066934,-0.017150499,0.0,0.0,0.0,0.0,0,27.732
187572000,187572000,0.99985594,-0.0014879149,0.00063352915,-0.017164214,0.0,0.0,0.0,0.0,0,27.752
187592000,187592000,0.99985576,-0.0014387392,0.00063533435,-0.017178457,0.0,0.0,0.0,0.0,0,27.772
187612000,187612000,0.9998556,-0.0013860912,0.000636184,-0.01719316,0.0,0.0,0.0,0.0,0,27.792
187632000,187632000,0.9998554,-0.0013269116,0.0006379175,-0.017208004,0.0,0.0,0.0,0.0,0,27.812
187652000,187652000,0.9998552,-0.0012642953,0.00063730445,-0.017223032,0.0,0.0,0.0,0.0,0,27.832
187672000,187672000,0.99985504,-0.0012000665,0.00063573645,-0.017237721,0.0,0.0,0.0,0.0,0,27.852
187692000,187692000,0.99985486,-0.0011431731,0.0006450077,-0.017251585,0.0,0.0,0.0,0.0,0,27.872
187712000,187712000,0.9998547,-0.0010913529,0.0006637295,-0.017265081,0.0,0.0,0.0,0.0,0,27.892
187732000,187732000,0.9998545,-0.0010386619,0.00068642653,-0.01727837,0.0,0.0,0.0,0.0,0,27.912
187752000,187752000,0.9998543,-0.0009823926,0.00071035186,-0.01729152,0.0,0.0,0.0,0.0,0,27.932
187772000,187772000,0.99985415,-0.0009213518,0.00073457515,-0.017304616,0.0,0.0,0.0,0.0,0,27.952
187792000,187792000,0.9998539,-0.00085991446,0.00076347135,-0.017318143,0.0,0.0,0.0,0.0,0,27.972
187812000,187812000,0.99985373,-0.0008021806,0.0008015419,-0.017331904,0.0,0.0,0.0,0.0,0,27.992
187832000,187832000,0.9998535,-0.0007437769,0.0008422708,-0.017345719,0.0,0.0,0.0,0.0,0,28.012
187852000,187852000,0.99985325,-0.00068982196,0.00088909024,-0.017359838,0.0,0.0,0.0,0.0,0,28.032
187872000,187872000,0.99985296,-0.00064844784,0.0009402053,-0.017373966,0.0,0.0,0.0,0.0,0,28.052
187892000,187892000,0.99985266,-0.00062242564,0.0009954533,-0.017388416,0.0,0.0,0.0,0.0,0,28.072
187912000,187912000,0.99985236,-0.0006064754,0.0010555999,-0.017402828,0.0,0.0,0.0,0.0,0,28.092
187932000,187932000,0.99985206,-0.0005903119,0.001118759,-0.017417355,0.0,0.0,0.0,0.0,0,28.112
187952000,187952000,0.9998517,-0.0005711691,0.0011917497,-0.017432183,0.0,0.0,0.0,0.0,0,28.132
187972000,187972000,0.9998514,-0.00054389343,0.0012575127,-0.017447243,0.0,0.0,0.0,0.0,0,28.152
187992000,187992000,0.99985105,-0.00052031514,0.0013091447,-0.017462708,0.0,0.0,0.0,0.0,0,28.172
188012000,188012000,0.99985075,-0.0004962701,0.0013579937,-0.01747878,0.0,0.0,0.0,0.0,0,28.192
188032000,188032000,0.9998504,-0.00046891952,0.0014052361,-0.017495451,0.0,0.0,0.0,0.0,0,28.212
188052000,188052000,0.99985003,-0.000438106,0.0014494059,-0.0175124,0.0,0.0,0.0,0.0,0,28.232
188072000,188072000,0.99984974,-0.00040299757,0.0014908066,-0.017529394,0.0,0.0,0.0,0.0,0,28.252
188092000,188092000,0.9998494,-0.00036412565,0.0015338775,-0.0175464,0.0,0.0,0.0,0.0,0,28.272
188112000,188112000,0.999849,-0.00033037143,0.0015752631,-0.017563757,0.0,0.0,0.0,0.0,0,28.292
188132000,188132000,0.99984866,-0.00030181694,0.0016061275,-0.017581174,0.0,0.0,0.0,0.0,0,28.312
188152000,188152000,0.9998483,-0.00027356888,0.0016352279,-0.017598253,0.0,0.0,0.0,0.0,0,28.332
188172000,188172000,0.999848,-0.00023769148,0.0016588244,-0.01761484,0.0,0.0,0.0,0.0,0,28.352
188192000,188192000,0.99984765,-0.00019973234,0.0016838787,-0.017630953,0.0,0.0,0.0,0.0,0,28.372
188212000,188212000,0.99984735,-0.00015889431,0.0017101555,-0.017646708,0.0,0.0,0.0,0.0,0,28.392
188232000,188232000,0.99984705,-0.00012415787,0.0017356823,-0.017662639,0.0,0.0,0.0,0.0,0,28.412
188252000,188252000,0.99984676,-9.894923e-05,0.0017514647,-0.017678782,0.0,0.0,0.0,0.0,0,28.432
188272000,188272000,0.99984646,-7.539943e-05,0.001760885,-0.017694928,0.0,0.0,0.0,0.0,0,28.452
188292000,188292000,0.99984616,-4.9014212e-05,0.0017661628,-0.017711017,0.0,0.0,0.0,0.0,0,28.472
188312000,188312000,0.99984586,-1.7889883e-05,0.0017683043,-0.017727029,0.0,0.0,0.0,0.0,0,28.492
188332000,188332000,0.99984556,1.8357861e-05,0.0017670954,-0.017743064,0.0,0.0,0.0,0.0,0,28.512
188352000,188352000,0.99984527,5.7355875e-05,0.00176013,-0.017759152,0.0,0.0,0.0,0.0,0,28.532
188372000,188372000,0.999845,0.00010085528,0.0017488055,-0.01777519,0.0,0.0,0.0,0.0,0,28.552
188392000,188392000,0.9998448,0.00014888881,0.0017349902,-0.017791089,0.0,0.0,0.0,0.0,0,28.572
188412000,188412000,0.9998445,0.00019363228,0.0017278207,-0.01780666,0.0,0.0,0.0,0.0,0,28.592
188432000,188432000,0.9998442,0.00022576834,0.0017268772,-0.017822392,0.0,0.0,0.0,0.0,0,28.612
188452000,188452000,0.99984396,0.00025108887,0.0017213887,-0.01783812,0.0,0.0,0.0,0.0,0,28.632
188472000,188472000,0.99984366,0.0002769652,0.001711888,-0.017853785,0.0,0.0,0.0,0.0,0,28.652
188492000,188492000,0.9998434,0.0003058143,0.0016997762,-0.017869504,0.0,0.0,0.0,0.0,0,28.672
188512000,188512000,0.9998431,0.0003367804,0.0016875145,-0.017885307,0.0,0.0,0.0,0.0,0,28.692
188532000,188532000,0.9998428,0.00036994656,0.0016758095,-0.017901195,0.0,0.0,0.0,0.0,0,28.712
188552000,188552000,0.9998426,0.00040523484,0.0016649134,-0.017917167,0.0,0.0,0.0,0.0,0,28.732
188572000,188572000,0.9998423,0.00044291545,0.0016546914,-0.017933248,0.0,0.0,0.0,0.0,0,28.752
188592000,188592000,0.999842,0.00048365962,0.0016443521,-0.017949339,0.0,0.0,0.0,0.0,0,28.772
188612000,188612000,0.9998417,0.0005283299,0.0016323393,-0.017965464,0.0,0.0,0.0,0.0,0,28.792
188632000,188632000,0.9998414,0.00056699914,0.0016081003,-0.017981777,0.0,0.0,0.0,0.0,0,28.812
188652000,188652000,0.99984115,0.00060107524,0.0015730895,-0.017998284,0.0,0.0,0.0,0.0,0,28.832
188672000,188672000,0.9998409,0.0006339028,0.0015350328,-0.018014885,0.0,0.0,0.0,0.0,0,28.852
188692000,188692000,0.9998406,0.0006655872,0.001497998,-0.018031305,0.0,0.0,0.0,0.0,0,28.872
188712000,188712000,0.9998404,0.0006997672,0.0014596306,-0.018047584,0.0,0.0,0.0,0.0,0,28.892
188732000,188732000,0.9998401,0.00073687546,0.0014164979,-0.018064061,0.0,0.0,0.0,0.0,0,28.912
188752000,188752000,0.99983984,0.0007693609,0.0013618594,-0.018081075,0.0,0.0,0.0,0.0,0,28.932
188772000,188772000,0.9998396,0.0007933859,0.0012984996,-0.018098801,0.0,0.0,0.0,0.0,0,28.952
188792000,188792000,0.99983937,0.0008090986,0.0012352176,-0.01811685,0.0,0.0,0.0,0.0,0,28.972
188812000,188812000,0.99983907,0.00082434155,0.00116983,-0.01813508,0.0,0.0,0.0,0.0,0,28.992
188832000,188832000,0.99983877,0.0008351362,0.0011088304,-0.018153816,0.0,0.0,0.0,0.0,0,29.012
188852000,188852000,0.99983853,0.00084387354,0.001050979,-0.018172568,0.0,0.0,0.0,0.0,0,29.032
188872000,188872000,0.99983823,0.0008548672,0.0009921066,-0.0181914,0.0,0.0,0.0,0.0,0,29.052
188892000,188892000,0.99983793,0.00086834654,0.000928408,-0.018210147,0.0,0.0,0.0,0.0,0,29.072
188912000,188912000,0.99983764,0.0008798883,0.00086004287,-0.018229196,0.0,0.0,0.0,0.0,0,29.092
188932000,188932000,0.99983734,0.0008799325,0.00079239445,-0.018248543,0.0,0.0,0.0,0.0,0,29.112
188952000,188952000,0.99983704,0.00087260414,0.00071479334,-0.01826825,0.0,0.0,0.0,0.0,0,29.132
188972000,188972000,0.99983674,0.00087037694,0.0006209452,-0.018288398,0.0,0.0,0.0,0.0,0,29.152
188992000,188992000,0.99983644,0.0008685306,0.0005145766,-0.018308433,0.0,0.0,0.0,0.0,0,29.172
189012000,189012000,0.99983615,0.00086569827,0.00040438797,-0.018328214,0.0,0.0,0.0,0.0,0,29.192
189032000,189032000,0.9998358,0.00086824305,0.00029533252,-0.018348195,0.0,0.0,0.0,0.0,0,29.212
189052000,189052000,0.99983543,0.0008794175,0.00018720228,-0.018368147,0.0,0.0,0.0,0.0,0,29.232
189072000,189072000,0.9998351,0.0008972646,7.7164055e-05,-0.018388003,0.0,0.0,0.0,0.0,0,29.252
189092000,189092000,0.9998347,0.0009173864,-3.2539232e-05,-0.018407626,0.0,0.0,0.0,0.0,0,29.272
189112000,189112000,0.9998343,0.0009398415,-0.00014286599,-0.018427068,0.0,0.0,0.0,0.0,0,29.292
189132000,189132000,0.9998339,0.0009657549,-0.00025565526,-0.018446403,0.0,0.0,0.0,0.0,0,29.312
189152000,189152000,0.99983346,0.0009880533,-0.00036359657,-0.018465795,0.0,0.0,0.0,0.0,0,29.332
189172000,189172000,0.99983305,0.0010082815,-0.0004686765,-0.018485097,0.0,0.0,0.0,0.0,0,29.352
189192000,189192000,0.99983263,0.0010292428,-0.0005736236,-0.018504554,0.0,0.0,0.0,0.0,0,29.372
189212000,189212000,0.9998322,0.0010486243,-0.00067638647,-0.018524107,0.0,0.0,0.0,0.0,0,29.392
189232000,189232000,0.99983174,0.0010675711,-0.0007748353,-0.018543795,0.0,0.0,0.0,0.0,0,29.412
189252000,189252000,0.99983126,0.0010866974,-0.0008683839,-0.018563537,0.0,0.0,0.0,0.0,0,29.432
189272000,189272000,0.9998308,0.0011039429,-0.0009626469,-0.018583162,0.0,0.0,0.0,0.0,0,29.452
189292000,189292000,0.9998303,0.0011202816,-0.0010548892,-0.01860276,0.0,0.0,0.0,0.0,0,29.472
189312000,189312000,0.9998298,0.0011383112,-0.0011361323,-0.01862221,0.0,0.0,0.0,0.0,0,29.492
189332000,189332000,0.99982935,0.0011517693,-0.0012168648,-0.018641625,0.0,0.0,0.0,0.0,0,29.512
189352000,189352000,0.99982893,0.001162624,-0.0012909281,-0.018661031,0.0,0.0,0.0,0.0,0,29.532
189372000,189372000,0.9998284,0.0011756389,-0.0013750662,-0.018680219,0.0,0.0,0.0,0.0,0,29.552
189392000,189392000,0.9998279,0.0011961799,-0.0014569212,-0.018699337,0.0,0.0,0.0,0.0,0,29.572
189412000,189412000,0.99982744,0.001212616,-0.0015274031,-0.018718546,0.0,0.0,0.0,0.0,0,29.592
189432000,189432000,0.99982697,0.0012210623,-0.0015920018,-0.01873772,0.0,0.0,0.0,0.0,0,29.612
189452000,189452000,0.9998265,0.0012311325,-0.001661766,-0.018756947,0.0,0.0,0.0,0.0,0,29.632
189472000,189472000,0.999826,0.0012476614,-0.0017275438,-0.018776083,0.0,0.0,0.0,0.0,0,29.652
189492000,189492000,0.9998255,0.0012595732,-0.0017961805,-0.018795095,0.0,0.0,0.0,0.0,0,29.672
189512000,189512000,0.99982506,0.0012675155,-0.0018521283,-0.018814085,0.0,0.0,0.0,0.0,0,29.692
189532000,189532000,0.9998246,0.0012680569,-0.0018976139,-0.018832514,0.0,0.0,0.0,0.0,0,29.712
189552000,189552000,0.9998242,0.0012593025,-0.0019320773,-0.018850291,0.0,0.0,0.0,0.0,0,29.732
189572000,189572000,0.9998238,0.0012540013,-0.0019694753,-0.01886716,0.0,0.0,0.0,0.0,0,29.752
189592000,189592000,0.99982345,0.001255763,-0.0020136219,-0.018883262,0.0,0.0,0.0,0.0,0,29.772
189612000,189612000,0.9998231,0.001251472,-0.0020512075,-0.01889825,0.0,0.0,0.0,0.0,0,29.792
189632000,189632000,0.9998228,0.0012350056,-0.0020757506,-0.018912246,0.0,0.0,0.0,0.0,0,29.812
189652000,189652000,0.9998225,0.0012156029,-0.0020969785,-0.01892529,0.0,0.0,0.0,0.0,0,29.832
189672000,189672000,0.99982226,0.0012017722,-0.0021199107,-0.01893789,0.0,0.0,0.0,0.0,0,29.852
189692000,189692000,0.999822,0.00119307,-0.0021308411,-0.018950252,0.0,0.0,0.0,0.0,0,29.872
189712000,189712000,0.9998218,0.0011883648,-0.0021358998,-0.018962454,0.0,0.0,0.0,0.0,0,29.892
189732000,189732000,0.99982154,0.0011867523,-0.00213995,-0.018974638,0.0,0.0,0.0,0.0,0,29.912
189752000,189752000,0.9998213,0.0011815083,-0.002148783,-0.018987041,0.0,0.0,0.0,0.0,0,29.932
189772000,189772000,0.99982107,0.0011650119,-0.0021530453,-0.018999496,0.0,0.0,0.0,0.0,0,29.952
189792000,189792000,0.9998208,0.0011506809,-0.0021490883,-0.019012338,0.0,0.0,0.0,0.0,0,29.972
189812000,189812000,0.99982065,0.0011399983,-0.0021372805,-0.019025188,0.0,0.0,0.0,0.0,0,29.992
189832000,189832000,0.9998204,0.0011221558,-0.0021185824,-0.019038038,0.0,0.0,0.0,0.0,0,30.012
189852000,189852000,0.99982023,0.0010984279,-0.0021019601,-0.019051302,0.0,0.0,0.0,0.0,0,30.032
189872000,189872000,0.99982005,0.0010650655,-0.0020847972,-0.019064952,0.0,0.0,0.0,0.0,0,30.052
189892000,189892000,0.9998199,0.0010240116,-0.0020551218,-0.019079316,0.0,0.0,0.0,0.0,0,30.072
189912000,189912000,0.99981976,0.0009771732,-0.0020129397,-0.01909429,0.0,0.0,0.0,0.0,0,30.092
189932000,189932000,0.9998196,0.00092368864,-0.0019553234,-0.019110423,0.0,0.0,0.0,0.0,0,30.112
189952000,189952000,0.9998194,0.0008743515,-0.001899821,-0.019127352,0.0,0.0,0.0,0.0,0,30.132
189972000,189972000,0.9998192,0.0008332419,-0.0018521122,-0.019144738,0.0,0.0,0.0,0.0,0,30.152
189992000,189992000,0.999819,0.000789344,-0.0018009302,-0.01916238,0.0,0.0,0.0,0.0,0,30.172
190012000,190012000,0.9998188,0.00074294274,-0.0017467006,-0.019180011,0.0,0.0,0.0,0.0,0,30.192
190032000,190032000,0.99981856,0.0006972248,-0.0016926086,-0.01919753,0.0,0.0,0.0,0.0,0,30.212
190052000,190052000,0.9998184,0.0006494915,-0.0016429734,-0.019215433,0.0,0.0,0.0,0.0,0,30.232
190072000,190072000,0.9998181,0.00059626094,-0.0016011994,-0.019234175,0.0,0.0,0.0,0.0,0,30.252
190092000,190092000,0.99981785,0.00055242213,-0.0015530318,-0.0192539,0.0,0.0,0.0,0.0,0,30.272
190112000,190112000,0.9998175,0.0005108521,-0.0015051122,-0.019274823,0.0,0.0,0.0,0.0,0,30.292
190132000,190132000,0.9998172,0.0004735234,-0.0014555465,-0.01929724,0.0,0.0,0.0,0.0,0,30.312
190152000,190152000,0.9998168,0.00043764515,-0.0014035292,-0.019321129,0.0,0.0,0.0,0.0,0,30.332
190172000,190172000,0.9998164,0.00040141147,-0.0013490445,-0.019345894,0.0,0.0,0.0,0.0,0,30.352
190192000,190192000,0.999816,0.00037632894,-0.001299499,-0.019370962,0.0,0.0,0.0,0.0,0,30.372
190212000,190212000,0.9998156,0.00035239337,-0.0012439765,-0.019396082,0.0,0.0,0.0,0.0,0,30.392
190232000,190232000,0.99981517,0.00032870428,-0.0011836989,-0.019421194,0.0,0.0,0.0,0.0,0,30.412
190252000,190252000,0.99981475,0.00031025347,-0.0011271759,-0.019446312,0.0,0.0,0.0,0.0,0,30.432
190272000,190272000,0.99981433,0.00029576727,-0.0010660841,-0.019471254,0.0,0.0,0.0,0.0,0,30.452
190292000,190292000,0.999814,0.00028457848,-0.0009999016,-0.019496148,0.0,0.0,0.0,0.0,0,30.472
190312000,190312000,0.9998135,0.00027949925,-0.00093652314,-0.019521015,0.0,0.0,0.0,0.0,0,30.492
190332000,190332000,0.9998131,0.00027709725,-0.0008744896,-0.019545684,0.0,0.0,0.0,0.0,0,30.512
190352000,190352000,0.99981266,0.00027746608,-0.00081159634,-0.019570118,0.0,0.0,0.0,0.0,0,30.532
190372000,190372000,0.99981225,0.00028054116,-0.00074787263,-0.019594278,0.0,0.0,0.0,0.0,0,30.552
190392000,190392000,0.9998118,0.0002882693,-0.0006823837,-0.019618329,0.0,0.0,0.0,0.0,0,30.572
190412000,190412000,0.9998114,0.00029859747,-0.0006174435,-0.01964242,0.0,0.0,0.0,0.0,0,30.592
190432000,190432000,0.99981093,0.00031391546,-0.000556216,-0.019666541,0.0,0.0,0.0,0.0,0,30.612
190452000,190452000,0.9998105,0.00033661994,-0.0004989511,-0.019690687,0.0,0.0,0.0,0.0,0,30.632
190472000,190472000,0.99981004,0.00036886823,-0.00043900992,-0.01971457,0.0,0.0,0.0,0.0,0,30.652
190492000,190492000,0.99980956,0.00040196555,-0.0003669938,-0.01973825,0.0,0.0,0.0,0.0,0,30.672
190512000,190512000,0.9998062,0.0015964401,-0.0019436034,-0.019754715,0.0,0.0,0.0,0.0,0,30.692
190532000,190532000,0.9997669,0.0057706023,-0.0071999864,-0.019750595,0.0,0.0,0.0,0.0,0,30.712
190552000,190552000,0.9996442,0.012047392,-0.01366856,-0.01971172,0.0,0.0,0.0,0.0,0,30.732
190572000,190572000,0.9994328,0.0191368,-0.019787308,-0.019631023,0.0,0.0,0.0,0.0,0,30.752
190592000,190592000,0.9991238,0.026524415,-0.02600572,-0.019517405,0.0,0.0,0.0,0.0,0,30.772
190612000,190612000,0.9987166,0.033973236,-0.0323251,-0.019369705,0.0,0.0,0.0,0.0,0,30.792
190632000,190632000,0.99823177,0.041289028,-0.038338553,-0.019179294,0.0,0.0,0.0,0.0,0,30.812
190652000,190652000,0.9976942,0.04830484,-0.04385413,-0.018944265,0.0,0.0,0.0,0.0,0,30.832
190672000,190672000,0.99712634,0.054877713,-0.048866704,-0.018670559,0.0,0.0,0.0,0.0,0,30.852
190692000,190692000,0.99654543,0.06093608,-0.053440027,-0.018365234,0.0,0.0,0.0,0.0,0,30.872
190712000,190712000,0.9959673,0.06644576,-0.057601403,-0.018033214,0.0,0.0,0.0,0.0,0,30.892
190732000,190732000,0.9954048,0.071432166,-0.061347045,-0.017674724,0.0,0.0,0.0,0.0,0,30.912
190752000,190752000,0.9948653,0.075912386,-0.06473317,-0.01729508,0.0,0.0,0.0,0.0,0,30.932
190772000,190772000,0.9943565,0.07990405,-0.06777933,-0.016897364,0.0,0.0,0.0,0.0,0,30.952
190792000,190792000,0.99388254,0.08344528,-0.070510775,-0.01648432,0.0,0.0,0.0,0.0,0,30.972
190812000,190812000,0.99344575,0.08656597,-0.07295893,-0.016059455,0.0,0.0,0.0,0.0,0,30.992
190832000,190832000,0.99304634,0.0893078,-0.07515329,-0.01562546,0.0,0.0,0.0,0.0,0,31.012
190852000,190852000,0.9926831,0.09170887,-0.07712461,-0.015185438,0.0,0.0,0.0,0.0,0,31.032
190872000,190872000,0.9923551,0.09380017,-0.078896075,-0.014742147,0.0,0.0,0.0,0.0,0,31.052
190892000,190892000,0.9920618,0.095612325,-0.0804761,-0.014297192,0.0,0.0,0.0,0.0,0,31.072
190912000,190912000,0.9917935,0.09720672,-0.08193709,-0.01385426,0.0,0.0,0.0,0.0,0,31.092
190932000,190932000,0.9914583,0.099022456,-0.083867066,-0.013431861,0.0,0.0,0.0,0.0,0,31.112
190952000,190952000,0.9908889,0.10183985,-0.087216094,-0.013051511,0.0,0.0,0.0,0.0,0,31.132
190972000,190972000,0.98997116,0.1061926,-0.0923486,-0.012690756,0.0,0.0,0.0,0.0,0,31.152
190992000,190992000,0.9887421,0.11195586,-0.098557234,-0.012267382,0.0,0.0,0.0,0.0,0,31.172
191012000,191012000,0.98734576,0.1184609,-0.10481906,-0.011723653,0.0,0.0,0.0,0.0,0,31.192
191032000,191032000,0.9859028,0.12507075,-0.11063361,-0.011061912,0.0,0.0,0.0,0.0,0,31.212
191052000,191052000,0.9845086,0.13132025,-0.11576181,-0.0103009865,0.0,0.0,0.0,0.0,0,31.232
191072000,191072000,0.9832328,0.13690013,-0.12012956,-0.0094686225,0.0,0.0,0.0,0.0,0,31.252
191092000,191092000,0.98212594,0.14165887,-0.12368045,-0.008580164,0.0,0.0,0.0,0.0,0,31.272
191112000,191112000,0.9812174,0.14551726,-0.12644233,-0.007656067,0.0,0.0,0.0,0.0,0,31.292
191132000,191132000,0.98052704,0.14844911,-0.12842758,-0.006710004,0.0,0.0,0.0,0.0,0,31.312
191152000,191152000,0.9800519,0.15048553,-0.12972426,-0.005759977,0.0,0.0,0.0,0.0,0,31.332
191172000,191172000,0.9797851,0.1516725,-0.13039376,-0.004818837,0.0,0.0,0.0,0.0,0,31.352
191192000,191192000,0.97971594,0.15206064,-0.13049191,-0.003897679,0.0,0.0,0.0,0.0,0,31.372
191212000,191212000,0.9798269,0.15171726,-0.13008146,-0.0030055554,0.0,0.0,0.0,0.0,0,31.392
191232000,191232000,0.98009974,0.15070201,-0.12922034,-0.0021516655,0.0,0.0,0.0,0.0,0,31.412
191252000,191252000,0.98051697,0.14906931,-0.12795345,-0.001343118,0.0,0.0,0.0,0.0,0,31.432
191272000,191272000,0.98105985,0.14688341,-0.12631552,-0.0005837243,0.0,0.0,0.0,0.0,0,31.452
191292000,191292000,0.9817125,0.14418653,-0.12433767,0.00012084471,0.0,0.0,0.0,0.0,0,31.472
191312000,191312000,0.9824552,0.14104472,-0.122052036,0.0007682243,0.0,0.0,0.0,0.0,0,31.492
191332000,191332000,0.98327595,0.1374912,-0.1194649,0.0013558797,0.0,0.0,0.0,0.0,0,31.512
191352000,191352000,0.98415637,0.13358161,-0.11660968,0.0018805983,0.0,0.0,0.0,0.0,0,31.532
191372000,191372000,0.9850826,0.12935928,-0.11349891,0.0023411624,0.0,0.0,0.0,0.0,0,31.552
191392000,191392000,0.9860434,0.12484935,-0.110148735,0.0027336306,0.0,0.0,0.0,0.0,0,31.572
191412000,191412000,0.9870233,0.12011588,-0.106568806,0.003059459,0.0,0.0,0.0,0.0,0,31.592
191432000,191432000,0.9880148,0.11516443,-0.10277139,0.0033137426,0.0,0.0,0.0,0.0,0,31.612
191452000,191452000,0.98900306,0.110049844,-0.098786674,0.003495292,0.0,0.0,0.0,0.0,0,31.632
191472000,191472000,0.98997986,0.1047948,-0.09462575,0.0036032093,0.0,0.0,0.0,0.0,0,31.652
191492000,191492000,0.99093574,0.09941822,-0.09032291,0.0036340156,0.0,0.0,0.0,0.0,0,31.672
191512000,191512000,0.99186206,0.0939722,-0.08587855,0.0035911032,0.0,0.0,0.0,0.0,0,31.692
191532000,191532000,0.9927544,0.088445194,-0.08132144,0.003470223,0.0,0.0,0.0,0.0,0,31.712
191552000,191552000,0.9936061,0.08288894,-0.07664659,0.0032762373,0.0,0.0,0.0,0.0,0,31.732
191572000,191572000,0.9944134,0.07729803,-0.071883045,0.0030069712,0.0,0.0,0.0,0.0,0,31.752
191592000,191592000,0.99517083,0.07170337,-0.06704926,0.0026642648,0.0,0.0,0.0,0.0,0,31.772
191612000,191612000,0.99587613,0.06613118,-0.062140413,0.002251586,0.0,0.0,0.0,0.0,0,31.792
191632000,191632000,0.9965255,0.060579263,-0.057209753,0.0017671263,0.0,0.0,0.0,0.0,0,31.812
191652000,191652000,0.99711937,0.055076867,-0.052221473,0.0012175807,0.0,0.0,0.0,0.0,0,31.832
191672000,191672000,0.99765503,0.049622,-0.04723116,0.00060276425,0.0,0.0,0.0,0.0,0,31.852
191692000,191692000,0.998132,0.044247326,-0.042235523,-7.231243e-05,0.0,0.0,0.0,0.0,0,31.872
191712000,191712000,0.9985507,0.03894583,-0.037258245,-0.00080489396,0.0,0.0,0.0,0.0,0,31.892
191732000,191732000,0.99891126,0.033743475,-0.032315303,-0.0015903014,0.0,0.0,0.0,0.0,0,31.912
191752000,191752000,0.999216,0.028637748,-0.027394412,-0.0024241349,0.0,0.0,0.0,0.0,0,31.932
191772000,191772000,0.9994654,0.02364646,-0.022537751,-0.0033023339,0.0,0.0,0.0,0.0,0,31.952
191792000,191792000,0.9996623,0.01877408,-0.017723942,-0.0042192563,0.0,0.0,0.0,0.0,0,31.972
191812000,191812000,0.99980825,0.01402787,-0.012999501,-0.0051707253,0.0,0.0,0.0,0.0,0,31.992
191832000,191832000,0.9999065,0.009416677,-0.008344175,-0.0061508846,0.0,0.0,0.0,0.0,0,32.012
191852000,191852000,0.99995965,0.004930929,-0.0037872335,-0.0071548563,0.0,0.0,0.0,0.0,0,32.032
191872000,191872000,0.99997073,0.00059024285,0.00067465863,-0.008176948,0.0,0.0,0.0,0.0,0,32.052
191892000,191892000,0.99994296,-0.003615211,0.0050303647,-0.009211611,0.0,0.0,0.0,0.0,0,32.072
191912000,191912000,0.99987966,-0.007670151,0.009261662,-0.010253225,0.0,0.0,0.0,0.0,0,32.092
191932000,191932000,0.99978405,-0.011594024,0.013376235,-0.011296354,0.0,0.0,0.0,0.0,0,32.112
191952000,191952000,0.99965954,-0.015373432,0.017361298,-0.01233588,0.0,0.0,0.0,0.0,0,32.132
191972000,191972000,0.9995089,-0.019019812,0.02122699,-0.013366523,0.0,0.0,0.0,0.0,0,32.152
191992000,191992000,0.999336,-0.022523362,0.024950199,-0.014383036,0.0,0.0,0.0,0.0,0,32.172
192012000,192012000,0.9991434,-0.025886107,0.028545458,-0.015380715,0.0,0.0,0.0,0.0,0,32.192
192032000,192032000,0.99893445,-0.029120166,0.03199406,-0.016354248,0.0,0.0,0.0,0.0,0,32.212
192052000,192052000,0.99871165,-0.03221942,0.03530991,-0.017299652,0.0,0.0,0.0,0.0,0,32.232
192072000,192072000,0.998478,-0.035189576,0.038481634,-0.018212492,0.0,0.0,0.0,0.0,0,32.252
192092000,192092000,0.9982362,-0.03802039,0.04151738,-0.019089777,0.0,0.0,0.0,0.0,0,32.272
192112000,192112000,0.9979885,-0.04073551,0.04440254,-0.019926442,0.0,0.0,0.0,0.0,0,32.292
192132000,192132000,0.9977373,-0.04332083,0.0471531,-0.020720761,0.0,0.0,0.0,0.0,0,32.312
192152000,192152000,0.9974839,-0.045791253,0.049771335,-0.021469487,0.0,0.0,0.0,0.0,0,32.332
192172000,192172000,0.99723214,-0.048127964,0.052243408,-0.022170423,0.0,0.0,0.0,0.0,0,32.352
192192000,192192000,0.9969824,-0.05035009,0.054582685,-0.02282117,0.0,0.0,0.0,0.0,0,32.372
192212000,192212000,0.99673736,-0.0524512,0.056781106,-0.023419926,0.0,0.0,0.0,0.0,0,32.392
192232000,192232000,0.9964988,-0.05443165,0.058838878,-0.02396586,0.0,0.0,0.0,0.0,0,32.412
192252000,192252000,0.99626815,-0.05629214,0.060760528,-0.024457727,0.0,0.0,0.0,0.0,0,32.432
192272000,192272000,0.9960458,-0.05803916,0.06255802,-0.024895497,0.0,0.0,0.0,0.0,0,32.452
192292000,192292000,0.99583304,-0.059677605,0.06422806,-0.025278162,0.0,0.0,0.0,0.0,0,32.472
192312000,192312000,0.99563116,-0.06120311,0.065774396,-0.025605995,0.0,0.0,0.0,0.0,0,32.492
192332000,192332000,0.99544007,-0.06262581,0.067204334,-0.025878966,0.0,0.0,0.0,0.0,0,32.512
192352000,192352000,0.99526167,-0.06393727,0.068514325,-0.026098063,0.0,0.0,0.0,0.0,0,32.532
192372000,192372000,0.9950956,-0.065147735,0.06971196,-0.026264178,0.0,0.0,0.0,0.0,0,32.552
192392000,192392000,0.9949421,-0.0662602,0.07080304,-0.026378034,0.0,0.0,0.0,0.0,0,32.572
192412000,192412000,0.9948017,-0.06727651,0.0717876,-0.026441406,0.0,0.0,0.0,0.0,0,32.592
192432000,192432000,0.99467504,-0.0681941,0.0726655,-0.02645603,0.0,0.0,0.0,0.0,0,32.612
192452000,192452000,0.9945632,-0.06901287,0.07343102,-0.026423117,0.0,0.0,0.0,0.0,0,32.632
192472000,192472000,0.9944672,-0.06972779,0.07408168,-0.026345147,0.0,0.0,0.0,0.0,0,32.652
192492000,192492000,0.9943846,-0.07034893,0.07464362,-0.026225675,0.0,0.0,0.0,0.0,0,32.672
192512000,192512000,0.994315,-0.07088597,0.075116545,-0.026066195,0.0,0.0,0.0,0.0,0,32.692
192532000,192532000,0.99425954,-0.07133404,0.07549421,-0.025868759,0.0,0.0,0.0,0.0,0,32.712
192552000,192552000,0.99421763,-0.07170095,0.07577748,-0.025635285,0.0,0.0,0.0,0.0,0,32.732
192572000,192572000,0.99418825,-0.071992494,0.07597608,-0.025368383,0.0,0.0,0.0,0.0,0,32.752
192592000,192592000,0.9941713,-0.07220555,0.076093696,-0.025071327,0.0,0.0,0.0,0.0,0,32.772
192612000,192612000,0.9941668,-0.072343506,0.07612864,-0.02474638,0.0,0.0,0.0,0.0,0,32.792
192632000,192632000,0.99417394,-0.072408155,0.076086186,-0.024396336,0.0,0.0,0.0,0.0,0,32.812
192652000,192652000,0.9941923,-0.07240187,0.07597092,-0.024024222,0.0,0.0,0.0,0.0,0,32.832
192672000,192672000,0.99422127,-0.07232896,0.07578391,-0.023632718,0.0,0.0,0.0,0.0,0,32.852
192692000,192692000,0.9942609,-0.07218965,0.075522296,-0.02322428,0.0,0.0,0.0,0.0,0,32.872
192712000,192712000,0.9943116,-0.07198478,0.07517921,-0.022801412,0.0,0.0,0.0,0.0,0,32.892
192732000,192732000,0.99437153,-0.071719766,0.07476825,-0.022367358,0.0,0.0,0.0,0.0,0,32.912
192752000,192752000,0.9944405,-0.07139931,0.07428809,-0.021924155,0.0,0.0,0.0,0.0,0,32.932
192772000,192772000,0.9945175,-0.07102001,0.073749244,-0.02147554,0.0,0.0,0.0,0.0,0,32.952
192792000,192792000,0.9946019,-0.07059185,0.07315029,-0.021023171,0.0,0.0,0.0,0.0,0,32.972
192812000,192812000,0.9946933,-0.07011418,0.07249328,-0.020569857,0.0,0.0,0.0,0.0,0,32.992
192832000,192832000,0.99479157,-0.06957965,0.07178265,-0.020118885,0.0,0.0,0.0,0.0,0,33.012
192852000,192852000,0.99489564,-0.06899983,0.07101966,-0.019671472,0.0,0.0,0.0,0.0,0,33.032
192872000,192872000,0.99500585,-0.068372846,0.07019884,-0.019229917,0.0,0.0,0.0,0.0,0,33.052
192892000,192892000,0.9951207,-0.067698725,0.06933536,-0.01879704,0.0,0.0,0.0,0.0,0,33.072
192912000,192912000,0.9952401,-0.066984765,0.068423204,-0.018373823,0.0,0.0,0.0,0.0,0,33.092
192932000,192932000,0.9953627,-0.06623665,0.06747018,-0.01796201,0.0,0.0,0.0,0.0,0,33.112
192952000,192952000,0.9954886,-0.06545117,0.06647734,-0.017563738,0.0,0.0,0.0,0.0,0,33.132
192972000,192972000,0.9956166,-0.06463156,0.06545381,-0.017180637,0.0,0.0,0.0,0.0,0,33.152
192992000,192992000,0.9957467,-0.063783474,0.06439461,-0.016813446,0.0,0.0,0.0,0.0,0,33.172
193012000,193012000,0.9958775,-0.0629145,0.063307166,-0.016463377,0.0,0.0,0.0,0.0,0,33.192
193032000,193032000,0.9960099,-0.06201889,0.062184375,-0.016131176,0.0,0.0,0.0,0.0,0,33.212
193052000,193052000,0.9961429,-0.061099924,0.061032858,-0.015818032,0.0,0.0,0.0,0.0,0,33.232
193072000,193072000,0.99627686,-0.06015527,0.059848577,-0.015524149,0.0,0.0,0.0,0.0,0,33.252
193092000,193092000,0.99641055,-0.05918595,0.05864772,-0.015251849,0.0,0.0,0.0,0.0,0,33.272
193112000,193112000,0.9965441,-0.058195367,0.057420652,-0.015001066,0.0,0.0,0.0,0.0,0,33.292
193132000,193132000,0.996677,-0.057196725,0.056164555,-0.014770873,0.0,0.0,0.0,0.0,0,33.312
193152000,193152000,0.9968096,-0.056177564,0.054879505,-0.014562364,0.0,0.0,0.0,0.0,0,33.332
193172000,193172000,0.99694014,-0.055146415,0.053587522,-0.014376378,0.0,0.0,0.0,0.0,0,33.352
193192000,193192000,0.99706876,-0.054104343,0.05228469,-0.014212186,0.0,0.0,0.0,0.0,0,33.372
193212000,193212000,0.9971951,-0.0530558,0.05097202,-0.014069746,0.0,0.0,0.0,0.0,0,33.392
193232000,193232000,0.9973198,-0.051990833,0.049645595,-0.013948986,0.0,0.0,0.0,0.0,0,33.412
193252000,193252000,0.99744207,-0.050919272,0.048309706,-0.013848782,0.0,0.0,0.0,0.0,0,33.432
193272000,193272000,0.9975617,-0.049840383,0.0469688,-0.01376921,0.0,0.0,0.0,0.0,0,33.452
193292000,193292000,0.99767834,-0.048755784,0.04562875,-0.013710269,0.0,0.0,0.0,0.0,0,33.472
193312000,193312000,0.9977918,-0.04766612,0.044290006,-0.013671285,0.0,0.0,0.0,0.0,0,33.492
193332000,193332000,0.9979021,-0.046583947,0.04294318,-0.013650314,0.0,0.0,0.0,0.0,0,33.512
193352000,193352000,0.9980091,-0.04550403,0.04159486,-0.013647277,0.0,0.0,0.0,0.0,0,33.532
193372000,193372000,0.99811226,-0.04443508,0.04024806,-0.013660648,0.0,0.0,0.0,0.0,0,33.552
193392000,193392000,0.99821174,-0.043380074,0.038899608,-0.013689438,0.0,0.0,0.0,0.0,0,33.572
193412000,193412000,0.9983074,-0.04234022,0.03755191,-0.013732546,0.0,0.0,0.0,0.0,0,33.592
193432000,193432000,0.99839896,-0.04131273,0.036217257,-0.013789456,0.0,0.0,0.0,0.0,0,33.612
193452000,193452000,0.9984871,-0.0402868,0.03489175,-0.013859905,0.0,0.0,0.0,0.0,0,33.632
193472000,193472000,0.99857175,-0.039262958,0.03357952,-0.013942824,0.0,0.0,0.0,0.0,0,33.652
193492000,193492000,0.99865276,-0.03824544,0.032281104,-0.014037259,0.0,0.0,0.0,0.0,0,33.672
193512000,193512000,0.9987301,-0.037239533,0.030990662,-0.014141724,0.0,0.0,0.0,0.0,0,33.692
193532000,193532000,0.9988042,-0.036239367,0.029710688,-0.01425489,0.0,0.0,0.0,0.0,0,33.712
193552000,193552000,0.99887466,-0.035245966,0.028452909,-0.014376218,0.0,0.0,0.0,0.0,0,33.732
193572000,193572000,0.9989415,-0.03426171,0.027217222,-0.014504436,0.0,0.0,0.0,0.0,0,33.752
193592000,193592000,0.9990044,-0.033298884,0.026002899,-0.014638397,0.0,0.0,0.0,0.0,0,33.772
193612000,193612000,0.9990642,-0.032348573,0.024799598,-0.014776769,0.0,0.0,0.0,0.0,0,33.792
193632000,193632000,0.99912053,-0.03141414,0.023618154,-0.0149185015,0.0,0.0,0.0,0.0,0,33.812
193652000,193652000,0.9991737,-0.030495495,0.02245415,-0.015062642,0.0,0.0,0.0,0.0,0,33.832
193672000,193672000,0.99922335,-0.029602224,0.021311577,-0.015208131,0.0,0.0,0.0,0.0,0,33.852
193692000,193692000,0.9992702,-0.02872468,0.020182477,-0.015354234,0.0,0.0,0.0,0.0,0,33.872
193712000,193712000,0.99931383,-0.027870586,0.019076308,-0.015500286,0.0,0.0,0.0,0.0,0,33.892
193732000,193732000,0.9993549,-0.027025456,0.017991222,-0.015645282,0.0,0.0,0.0,0.0,0,33.912
193752000,193752000,0.99939305,-0.026203083,0.01693321,-0.01578817,0.0,0.0,0.0,0.0,0,33.932
193772000,193772000,0.99942845,-0.025403071,0.01590183,-0.015928231,0.0,0.0,0.0,0.0,0,33.952
193792000,193792000,0.9994612,-0.024627864,0.014895781,-0.016064603,0.0,0.0,0.0,0.0,0,33.972
193812000,193812000,0.99949145,-0.023874404,0.013914213,-0.01619698,0.0,0.0,0.0,0.0,0,33.992
193832000,193832000,0.9995194,-0.023148732,0.012948418,-0.016324313,0.0,0.0,0.0,0.0,0,34.012
193852000,193852000,0.9995452,-0.022450367,0.011998116,-0.016445592,0.0,0.0,0.0,0.0,0,34.032
193872000,193872000,0.99956894,-0.021778015,0.0110689495,-0.016560158,0.0,0.0,0.0,0.0,0,34.052
193892000,193892000,0.9995911,-0.02111463,0.010151571,-0.016667442,0.0,0.0,0.0,0.0,0,34.072
193912000,193912000,0.99961156,-0.020469995,0.009256406,-0.016767211,0.0,0.0,0.0,0.0,0,34.092
193932000,193932000,0.9996302,-0.019847859,0.008391726,-0.016859412,0.0,0.0,0.0,0.0,0,34.112
193952000,193952000,0.9996472,-0.019246066,0.0075543416,-0.016943783,0.0,0.0,0.0,0.0,0,34.132
193972000,193972000,0.9996628,-0.018660821,0.006743602,-0.017020304,0.0,0.0,0.0,0.0,0,34.152
193992000,193992000,0.999677,-0.018094296,0.0059608323,-0.017088963,0.0,0.0,0.0,0.0,0,34.172
194012000,194012000,0.9996901,-0.017539244,0.005201268,-0.017149469,0.0,0.0,0.0,0.0,0,34.192
194032000,194032000,0.9997022,-0.016994853,0.004463444,-0.017201215,0.0,0.0,0.0,0.0,0,34.212
194052000,194052000,0.9997131,-0.016471136,0.003760045,-0.017244253,0.0,0.0,0.0,0.0,0,34.232
194072000,194072000,0.9997231,-0.01596293,0.003085427,-0.017278291,0.0,0.0,0.0,0.0,0,34.252
194092000,194092000,0.9997323,-0.015463245,0.0024334344,-0.017303007,0.0,0.0,0.0,0.0,0,34.272
194112000,194112000,0.9997407,-0.014981584,0.0018038522,-0.017318465,0.0,0.0,0.0,0.0,0,34.292
194132000,194132000,0.9997483,-0.014521471,0.0012067123,-0.01732502,0.0,0.0,0.0,0.0,0,34.312
194152000,194152000,0.99975526,-0.0140734175,0.0006391931,-0.017322414,0.0,0.0,0.0,0.0,0,34.332
194172000,194172000,0.99976176,-0.013633223,0.000102850565,-0.017310746,0.0,0.0,0.0,0.0,0,34.352
194192000,194192000,0.99976784,-0.013201095,-0.000405473,-0.017290154,0.0,0.0,0.0,0.0,0,34.372
194212000,194212000,0.9997735,-0.012780157,-0.00088231807,-0.0172609,0.0,0.0,0.0,0.0,0,34.392
194232000,194232000,0.99977875,-0.012373756,-0.0013240076,-0.017223395,0.0,0.0,0.0,0.0,0,34.412
194252000,194252000,0.99978375,-0.011974934,-0.0017377806,-0.017177872,0.0,0.0,0.0,0.0,0,34.432
194272000,194272000,0.9997885,-0.01158271,-0.0021356274,-0.017125083,0.0,0.0,0.0,0.0,0,34.452
194292000,194292000,0.9997929,-0.0112132775,-0.0025136739,-0.017065175,0.0,0.0,0.0,0.0,0,34.472
194312000,194312000,0.999797,-0.010862051,-0.0028635787,-0.016998865,0.0,0.0,0.0,0.0,0,34.492
194332000,194332000,0.999801,-0.01051446,-0.003176542,-0.016926799,0.0,0.0,0.0,0.0,0,34.512
194352000,194352000,0.99980474,-0.010179528,-0.0034692,-0.016848942,0.0,0.0,0.0,0.0,0,34.532
194372000,194372000,0.9998084,-0.009856293,-0.0037455189,-0.016765771,0.0,0.0,0.0,0.0,0,34.552
194392000,194392000,0.999812,-0.009534179,-0.004004667,-0.016677499,0.0,0.0,0.0,0.0,0,34.572
194412000,194412000,0.9998155,-0.009216801,-0.0042425073,-0.016584618,0.0,0.0,0.0,0.0,0,34.592
194432000,194432000,0.9998189,-0.00891326,-0.004465962,-0.016487699,0.0,0.0,0.0,0.0,0,34.612
194452000,194452000,0.9998221,-0.008628923,-0.00467694,-0.016386949,0.0,0.0,0.0,0.0,0,34.632
194472000,194472000,0.9998251,-0.008357303,-0.0048801578,-0.016282938,0.0,0.0,0.0,0.0,0,34.652
194492000,194492000,0.99982816,-0.008089567,-0.0050618947,-0.016176395,0.0,0.0,0.0,0.0,0,34.672
194512000,194512000,0.99983126,-0.007813865,-0.005223941,-0.01606782,0.0,0.0,0.0,0.0,0,34.692
194532000,194532000,0.9998344,-0.0075349538,-0.0053659244,-0.015958061,0.0,0.0,0.0,0.0,0,34.712
194552000,194552000,0.99983746,-0.0072637363,-0.0054998635,-0.015847757,0.0,0.0,0.0,0.0,0,34.732
194572000,194572000,0.9998404,-0.007007269,-0.005622645,-0.015737247,0.0,0.0,0.0,0.0,0,34.752
194592000,194592000,0.9998431,-0.0067674085,-0.0057336385,-0.015626632,0.0,0.0,0.0,0.0,0,34.772
194612000,194612000,0.99984574,-0.0065453947,-0.005830367,-0.015516006,0.0,0.0,0.0,0.0,0,34.792
194632000,194632000,0.99984837,-0.0063347477,-0.0059082843,-0.015406083,0.0,0.0,0.0,0.0,0,34.812
194652000,194652000,0.99985105,-0.006124999,-0.005958724,-0.015297065,0.0,0.0,0.0,0.0,0,34.832
194672000,194672000,0.99985373,-0.005914364,-0.0059940694,-0.015188875,0.0,0.0,0.0,0.0,0,34.852
194692000,194692000,0.99985635,-0.0057050874,-0.006026195,-0.015082129,0.0,0.0,0.0,0.0,0,34.872
194712000,194712000,0.99985904,-0.0054872883,-0.0060513527,-0.014977064,0.0,0.0,0.0,0.0,0,34.892
194732000,194732000,0.9998617,-0.005262753,-0.0060587064,-0.014874133,0.0,0.0,0.0,0.0,0,34.912
194752000,194752000,0.99986434,-0.0050427895,-0.006054286,-0.014774104,0.0,0.0,0.0,0.0,0,34.932
194772000,194772000,0.9998669,-0.004832876,-0.006037507,-0.014677344,0.0,0.0,0.0,0.0,0,34.952
194792000,194792000,0.9998694,-0.0046341494,-0.00600876,-0.0145839555,0.0,0.0,0.0,0.0,0,34.972
194812000,194812000,0.9998718,-0.0044490253,-0.0059646075,-0.014494101,0.0,0.0,0.0,0.0,0,34.992
194832000,194832000,0.9998742,-0.004276833,-0.005905947,-0.014407544,0.0,0.0,0.0,0.0,0,35.012
194852000,194852000,0.9998765,-0.0041088765,-0.0058370265,-0.014324319,0.0,0.0,0.0,0.0,0,35.032
194872000,194872000,0.99987876,-0.0039462512,-0.005754147,-0.014244464,0.0,0.0,0.0,0.0,0,35.052
194892000,194892000,0.999881,-0.003788412,-0.0056502763,-0.014168368,0.0,0.0,0.0,0.0,0,35.072
194912000,194912000,0.9998833,-0.003635053,-0.0055307476,-0.014095819,0.0,0.0,0.0,0.0,0,35.092
194932000,194932000,0.9998854,-0.0034855225,-0.005420378,-0.01402736,0.0,0.0,0.0,0.0,0,35.112
194952000,194952000,0.99988735,-0.0033454713,-0.005310805,-0.013963401,0.0,0.0,0.0,0.0,0,35.132
194972000,194972000,0.9998893,-0.0032054419,-0.005178776,-0.013904053,0.0,0.0,0.0,0.0,0,35.152
194992000,194992000,0.9998913,-0.0030671302,-0.0050310856,-0.013849714,0.0,0.0,0.0,0.0,0,35.172
195012000,195012000,0.99989307,-0.0029319213,-0.0048841927,-0.013800777,0.0,0.0,0.0,0.0,0,35.192
195032000,195032000,0.9998948,-0.0027943582,-0.0047320314,-0.013757062,0.0,0.0,0.0,0.0,0,35.212
195052000,195052000,0.99989647,-0.0026610885,-0.0045639146,-0.013718565,0.0,0.0,0.0,0.0,0,35.232
195072000,195072000,0.9998981,-0.0025319734,-0.004388202,-0.013685168,0.0,0.0,0.0,0.0,0,35.252
195092000,195092000,0.99989957,-0.0024132328,-0.004199164,-0.013656762,0.0,0.0,0.0,0.0,0,35.272
195112000,195112000,0.99990094,-0.0023080143,-0.003997408,-0.013633177,0.0,0.0,0.0,0.0,0,35.292
195132000,195132000,0.99990225,-0.002202661,-0.003794283,-0.013614138,0.0,0.0,0.0,0.0,0,35.312
195152000,195152000,0.99990344,-0.0020969985,-0.0035846834,-0.013599544,0.0,0.0,0.0,0.0,0,35.332
195172000,195172000,0.9999046,-0.0019965693,-0.0033639031,-0.013589382,0.0,0.0,0.0,0.0,0,35.352
195192000,195192000,0.9999056,-0.0018976317,-0.0031355573,-0.013583467,0.0,0.0,0.0,0.0,0,35.372
195212000,195212000,0.9999065,-0.0017981852,-0.0029016717,-0.013581475,0.0,0.0,0.0,0.0,0,35.392
195232000,195232000,0.9999073,-0.0017020861,-0.002669319,-0.013582712,0.0,0.0,0.0,0.0,0,35.412
195252000,195252000,0.999908,-0.0016137132,-0.0024441932,-0.013587306,0.0,0.0,0.0,0.0,0,35.432
195272000,195272000,0.9999085,-0.0015254476,-0.0022199017,-0.013595614,0.0,0.0,0.0,0.0,0,35.452
195292000,195292000,0.9999089,-0.0014341736,-0.0019927456,-0.013607628,0.0,0.0,0.0,0.0,0,35.472
195312000,195312000,0.9999093,-0.0013424975,-0.0017607914,-0.013622878,0.0,0.0,0.0,0.0,0,35.492
195332000,195332000,0.9999095,-0.0012636908,-0.0015349532,-0.01364143,0.0,0.0,0.0,0.0,0,35.512
195352000,195352000,0.99990964,-0.0012011109,-0.0013043501,-0.013663005,0.0,0.0,0.0,0.0,0,35.532
195372000,195372000,0.99990964,-0.0011495072,-0.0010681229,-0.013687286,0.0,0.0,0.0,0.0,0,35.552
195392000,195392000,0.9999096,-0.0010988951,-0.0008376599,-0.0137141775,0.0,0.0,0.0,0.0,0,35.572
195412000,195412000,0.99990934,-0.0010653161,-0.000606845,-0.013743747,0.0,0.0,0.0,0.0,0,35.592
195432000,195432000,0.99990904,-0.0010455995,-0.00038179048,-0.013776104,0.0,0.0,0.0,0.0,0,35.612
195452000,195452000,0.9999086,-0.0010201375,-0.00016892518,-0.013810785,0.0,0.0,0.0,0.0,0,35.632
195472000,195472000,0.99990815,-0.0009974443,3.4670473e-05,-0.013847145,0.0,0.0,0.0,0.0,0,35.652
195492000,195492000,0.9999076,-0.0009903066,0.00023536838,-0.013884803,0.0,0.0,0.0,0.0,0,35.672
195512000,195512000,0.999907,-0.0009864876,0.00042888385,-0.013924216,0.0,0.0,0.0,0.0,0,35.692
195532000,195532000,0.99990636,-0.000975913,0.0006101693,-0.0139653245,0.0,0.0,0.0,0.0,0,35.712
195552000,195552000,0.99990565,-0.00096682546,0.00078060286,-0.014007399,0.0,0.0,0.0,0.0,0,35.732
195572000,195572000,0.99990493,-0.000964583,0.00093605416,-0.014050498,0.0,0.0,0.0,0.0,0,35.752
195592000,195592000,0.99990416,-0.0009626396,0.0010757908,-0.014094393,0.0,0.0,0.0,0.0,0,35.772
195612000,195612000,0.9999034,-0.0009538522,0.0012102242,-0.014138681,0.0,0.0,0.0,0.0,0,35.792
195632000,195632000,0.9999026,-0.0009339744,0.0013401888,-0.014183147,0.0,0.0,0.0,0.0,0,35.812
195652000,195652000,0.99990183,-0.0009003772,0.0014642142,-0.014228064,0.0,0.0,0.0,0.0,0,35.832
195672000,195672000,0.99990106,-0.00084858685,0.0015765022,-0.014273346,0.0,0.0,0.0,0.0,0,35.852
195692000,195692000,0.99990034,-0.0007954366,0.0016761749,-0.01431843,0.0,0.0,0.0,0.0,0,35.872
195712000,195712000,0.99989957,-0.00075161346,0.0017678913,-0.014362722,0.0,0.0,0.0,0.0,0,35.892
195732000,195732000,0.9998988,-0.0007113734,0.0018555134,-0.014406433,0.0,0.0,0.0,0.0,0,35.912
195752000,195752000,0.9998981,-0.0006769156,0.0019363915,-0.014449137,0.0,0.0,0.0,0.0,0,35.932
195772000,195772000,0.99989736,-0.0006505427,0.0020038085,-0.014490902,0.0,0.0,0.0,0.0,0,35.952
195792000,195792000,0.99989665,-0.00062906754,0.002061505,-0.014532118,0.0,0.0,0.0,0.0,0,35.972
195812000,195812000,0.99989593,-0.0006037424,0.0021176266,-0.014573103,0.0,0.0,0.0,0.0,0,35.992
195832000,195832000,0.9998953,-0.00057810044,0.0021674442,-0.014613282,0.0,0.0,0.0,0.0,0,36.012
195852000,195852000,0.9998946,-0.00055640313,0.0022071896,-0.014652561,0.0,0.0,0.0,0.0,0,36.032
195872000,195872000,0.999894,-0.0005311139,0.002226403,-0.01469082,0.0,0.0,0.0,0.0,0,36.052
195892000,195892000,0.9998935,-0.0004967613,0.0022341055,-0.014728541,0.0,0.0,0.0,0.0,0,36.072
195912000,195912000,0.99989295,-0.00045763314,0.0022369407,-0.014765584,0.0,0.0,0.0,0.0,0,36.092
195932000,195932000,0.9998924,-0.00041340225,0.0022295148,-0.014801619,0.0,0.0,0.0,0.0,0,36.112
195952000,195952000,0.99989194,-0.0003648005,0.002214477,-0.014837056,0.0,0.0,0.0,0.0,0,36.132
195972000,195972000,0.9998915,-0.00031104937,0.0021977096,-0.0148721915,0.0,0.0,0.0,0.0,0,36.152
195992000,195992000,0.99989104,-0.00025331965,0.0021800825,-0.014906843,0.0,0.0,0.0,0.0,0,36.172
196012000,196012000,0.99989057,-0.00020465277,0.0021522893,-0.014940996,0.0,0.0,0.0,0.0,0,36.192
196032000,196032000,0.99989015,-0.00016429163,0.0021247282,-0.01497431,0.0,0.0,0.0,0.0,0,36.212
196052000,196052000,0.99988973,-0.00012530624,0.0020990334,-0.015006163,0.0,0.0,0.0,0.0,0,36.232
196072000,196072000,0.9998894,-7.938632e-05,0.002071699,-0.0150363175,0.0,0.0,0.0,0.0,0,36.252
196092000,196092000,0.99988896,-3.772024e-05,0.0020453257,-0.01506491,0.0,0.0,0.0,0.0,0,36.272
196112000,196112000,0.99988866,-1.0927064e-05,0.0020066604,-0.015091548,0.0,0.0,0.0,0.0,0,36.292
196132000,196132000,0.99988836,1.2884938e-05,0.0019628352,-0.015116232,0.0,0.0,0.0,0.0,0,36.312
196152000,196152000,0.9998881,3.9415696e-05,0.001918038,-0.0151390135,0.0,0.0,0.0,0.0,0,36.332
196172000,196172000,0.9998879,6.3380634e-05,0.0018671904,-0.015160425,0.0,0.0,0.0,0.0,0,36.352
196192000,196192000,0.9998877,7.843298e-05,0.0018036444,-0.015180551,0.0,0.0,0.0,0.0,0,36.372
196212000,196212000,0.9998875,8.736238e-05,0.0017303963,-0.01519909,0.0,0.0,0.0,0.0,0,36.392
196232000,196232000,0.9998874,9.2436e-05,0.0016491556,-0.015215986,0.0,0.0,0.0,0.0,0,36.412
196252000,196252000,0.99988735,9.1637165e-05,0.0015650397,-0.015230931,0.0,0.0,0.0,0.0,0,36.432
196272000,196272000,0.9998872,8.2563005e-05,0.0014889399,-0.015244383,0.0,0.0,0.0,0.0,0,36.452
196292000,196292000,0.99988717,7.393223e-05,0.0014200883,-0.015256749,0.0,0.0,0.0,0.0,0,36.472
196312000,196312000,0.9998871,5.6253324e-05,0.0013443572,-0.01526797,0.0,0.0,0.0,0.0,0,36.492
196332000,196332000,0.99988705,2.6762786e-05,0.001266215,-0.015278453,0.0,0.0,0.0,0.0,0,36.512
196352000,196352000,0.999887,-2.055909e-06,0.0011920256,-0.015288693,0.0,0.0,0.0,0.0,0,36.532
196372000,196372000,0.9998869,-2.8685194e-05,0.0011221915,-0.015298499,0.0,0.0,0.0,0.0,0,36.552
196392000,196392000,0.9998868,-5.978689e-05,0.0010591454,-0.015307557,0.0,0.0,0.0,0.0,0,36.572
196412000,196412000,0.99988675,-9.132325e-05,0.0009979091,-0.0153155085,0.0,0.0,0.0,0.0,0,36.592
196432000,196432000,0.9998867,-0.00012072024,0.0009364504,-0.015322507,0.0,0.0,0.0,0.0,0,36.612
196452000,196452000,0.9998867,-0.00015376069,0.0008819326,-0.015328527,0.0,0.0,0.0,0.0,0,36.632
196472000,196472000,0.99988663,-0.00018115978,0.00082179136,-0.015333245,0.0,0.0,0.0,0.0,0,36.652
196492000,196492000,0.99988663,-0.0002046186,0.0007576849,-0.015336936,0.0,0.0,0.0,0.0,0,36.672
196512000,196512000,0.99988663,-0.00023092309,0.00069784507,-0.015339929,0.0,0.0,0.0,0.0,0,36.692
196532000,196532000,0.99988663,-0.00025627727,0.0006400103,-0.0153426975,0.0,0.0,0.0,0.0,0,36.712
196552000,196552000,0.9998866,-0.0002810793,0.0005868293,-0.01534498,0.0,0.0,0.0,0.0,0,36.732
196572000,196572000,0.9998866,-0.00031760836,0.0005445411,-0.015346656,0.0,0.0,0.0,0.0,0,36.752
196592000,196592000,0.9998866,-0.00036515223,0.0004925323,-0.015347968,0.0,0.0,0.0,0.0,0,36.772
196612000,196612000,0.9998866,-0.00041996388,0.00041992933,-0.015349053,0.0,0.0,0.0,0.0,0,36.792
196632000,196632000,0.9998866,-0.00048639253,0.0003482538,-0.015349353,0.0,0.0,0.0,0.0,0,36.812
196652000,196652000,0.9998866,-0.0005660874,0.00028396113,-0.015348811,0.0,0.0,0.0,0.0,0,36.832
196672000,196672000,0.9998865,-0.00064749195,0.00021192996,-0.015347541,0.0,0.0,0.0,0.0,0,36.852
196692000,196692000,0.9998865,-0.00073146814,0.00013234983,-0.015345006,0.0,0.0,0.0,0.0,0,36.872
196712000,196712000,0.9998865,-0.0008133296,5.279405e-05,-0.015341353,0.0,0.0,0.0,0.0,0,36.892
196732000,196732000,0.9998865,-0.00089160603,-2.996791e-05,-0.015337203,0.0,0.0,0.0,0.0,0,36.912
196752000,196752000,0.9998865,-0.0009713178,-0.00011272555,-0.015333156,0.0,0.0,0.0,0.0,0,36.932
196772000,196772000,0.9998865,-0.0010426946,-0.00019187678,-0.015329313,0.0,0.0,0.0,0.0,0,36.952
196792000,196792000,0.99988645,-0.0011020185,-0.0002769936,-0.015325852,0.0,0.0,0.0,0.0,0,36.972
196812000,196812000,0.9998864,-0.0011600952,-0.00035353642,-0.015323011,0.0,0.0,0.0,0.0,0,36.992
196832000,196832000,0.99988633,-0.0012204801,-0.0004218243,-0.015320548,0.0,0.0,0.0,0.0,0,37.012
196852000,196852000,0.9998863,-0.0012779529,-0.0004908142,-0.015318519,0.0,0.0,0.0,0.0,0,37.032
196872000,196872000,0.9998862,-0.001332978,-0.00055635616,-0.015317032,0.0,0.0,0.0,0.0,0,37.052
196892000,196892000,0.9998861,-0.001373159,-0.0006297464,-0.015316186,0.0,0.0,0.0,0.0,0,37.072
196912000,196912000,0.99988604,-0.0014014945,-0.0007079281,-0.015315797,0.0,0.0,0.0,0.0,0,37.092
196932000,196932000,0.9998859,-0.0014307965,-0.0007772288,-0.015315976,0.0,0.0,0.0,0.0,0,37.112
196952000,196952000,0.99988586,-0.0014590524,-0.0008399681,-0.015316229,0.0,0.0,0.0,0.0,0,37.132
196972000,196972000,0.99988574,-0.0014826386,-0.0008994495,-0.015316633,0.0,0.0,0.0,0.0,0,37.152
196992000,196992000,0.9998857,-0.0015025887,-0.0009548452,-0.015317113,0.0,0.0,0.0,0.0,0,37.172
197012000,197012000,0.99988556,-0.0015172584,-0.0010090243,-0.01531777,0.0,0.0,0.0,0.0,0,37.192
197032000,197032000,0.9998855,-0.0015314448,-0.001067622,-0.015318725,0.0,0.0,0.0,0.0,0,37.212
197052000,197052000,0.9998854,-0.0015424489,-0.0011284391,-0.015319797,0.0,0.0,0.0,0.0,0,37.232
197072000,197072000,0.99988526,-0.0015427197,-0.0011839493,-0.015321576,0.0,0.0,0.0,0.0,0,37.252
197092000,197092000,0.9998852,-0.0015303411,-0.0012325413,-0.015324444,0.0,0.0,0.0,0.0,0,37.272
197112000,197112000,0.9998851,-0.0015140864,-0.0012824077,-0.015328391,0.0,0.0,0.0,0.0,0,37.292
197132000,197132000,0.999885,-0.0014881415,-0.0013282014,-0.015333632,0.0,0.0,0.0,0.0,0,37.312
197152000,197152000,0.99988484,-0.0014637193,-0.001379995,-0.015339962,0.0,0.0,0.0,0.0,0,37.332
197172000,197172000,0.9998847,-0.0014338978,-0.0014258234,-0.015347293,0.0,0.0,0.0,0.0,0,37.352
197192000,197192000,0.9998846,-0.0013951793,-0.0014637148,-0.015355745,0.0,0.0,0.0,0.0,0,37.372
197212000,197212000,0.9998844,-0.001354846,-0.0015033707,-0.015365312,0.0,0.0,0.0,0.0,0,37.392
197232000,197232000,0.9998843,-0.0013059065,-0.0015287184,-0.015375229,0.0,0.0,0.0,0.0,0,37.412
197252000,197252000,0.99988425,-0.0012514293,-0.0015387676,-0.015385306,0.0,0.0,0.0,0.0,0,37.432
197272000,197272000,0.9998841,-0.0011976821,-0.0015473107,-0.015396089,0.0,0.0,0.0,0.0,0,37.452
197292000,197292000,0.999884,-0.0011385761,-0.0015525253,-0.015407766,0.0,0.0,0.0,0.0,0,37.472
197312000,197312000,0.9998839,-0.0010741797,-0.0015551687,-0.015420121,0.0,0.0,0.0,0.0,0,37.492
197332000,197332000,0.9998838,-0.0010096948,-0.0015489883,-0.015432896,0.0,0.0,0.0,0.0,0,37.512
197352000,197352000,0.99988365,-0.0009336564,-0.0015264698,-0.015446329,0.0,0.0,0.0,0.0,0,37.532
197372000,197372000,0.99988353,-0.00085647457,-0.0015034835,-0.01546067,0.0,0.0,0.0,0.0,0,37.552
197392000,197392000,0.9998834,-0.00078269956,-0.001485983,-0.015475555,0.0,0.0,0.0,0.0,0,37.572
197412000,197412000,0.99988323,-0.0007060348,-0.001463543,-0.015490726,0.0,0.0,0.0,0.0,0,37.592
197432000,197432000,0.9998831,-0.0006218635,-0.0014274719,-0.01550584,0.0,0.0,0.0,0.0,0,37.612
197452000,197452000,0.999883,-0.0005396298,-0.0013802411,-0.015521407,0.0,0.0,0.0,0.0,0,37.632
197472000,197472000,0.9998829,-0.0004645654,-0.0013305764,-0.0155372275,0.0,0.0,0.0,0.0,0,37.652
197492000,197492000,0.9998827,-0.0003915981,-0.0012731922,-0.015553605,0.0,0.0,0.0,0.0,0,37.672
197512000,197512000,0.9998825,-0.00032054444,-0.0012152715,-0.015570665,0.0,0.0,0.0,0.0,0,37.692
197532000,197532000,0.99988234,-0.0002446629,-0.0011504391,-0.015587824,0.0,0.0,0.0,0.0,0,37.712
197552000,197552000,0.9998822,-0.00015984618,-0.001074053,-0.015605343,0.0,0.0,0.0,0.0,0,37.732
197572000,197572000,0.999882,-7.18907e-05,-0.0009955488,-0.015623343,0.0,0.0,0.0,0.0,0,37.752
197592000,197592000,0.9998818,1.39725835e-05,-0.0009134361,-0.01564107,0.0,0.0,0.0,0.0,0,37.772
197612000,197612000,0.9998816,9.973341e-05,-0.00082494196,-0.015658617,0.0,0.0,0.0,0.0,0,37.792
197632000,197632000,0.9998814,0.00018680407,-0.00072946376,-0.01567594,0.0,0.0,0.0,0.0,0,37.812
197652000,197652000,0.99988115,0.00026928808,-0.00063552085,-0.015693782,0.0,0.0,0.0,0.0,0,37.832
197672000,197672000,0.9998809,0.00034614542,-0.000547641,-0.015711833,0.0,0.0,0.0,0.0,0,37.852
197692000,197692000,0.9998806,0.0004240522,-0.00046103864,-0.015729886,0.0,0.0,0.0,0.0,0,37.872
197712000,197712000,0.9998804,0.0005061039,-0.00037308515,-0.015747903,0.0,0.0,0.0,0.0,0,37.892
197732000,197732000,0.9998801,0.0005926488,-0.000281446,-0.015765883,0.0,0.0,0.0,0.0,0,37.912
197752000,197752000,0.9998797,0.00068393664,-0.00018539288,-0.015783956,0.0,0.0,0.0,0.0,0,37.932
197772000,197772000,0.99987936,0.0007737613,-7.9958976e-05,-0.015802091,0.0,0.0,0.0,0.0,0,37.952
197792000,197792000,0.99987906,0.0008579446,2.3862607e-05,-0.01581946,0.0,0.0,0.0,0.0,0,37.972
197812000,197812000,0.9998787,0.00093329744,0.00012128134,-0.015836537,0.0,0.0,0.0,0.0,0,37.992
197832000,197832000,0.99987835,0.0010023621,0.00022426661,-0.015853684,0.0,0.0,0.0,0.0,0,38.012
197852000,197852000,0.999878,0.0010692241,0.0003268131,-0.015870234,0.0,0.0,0.0,0.0,0,38.032
197872000,197872000,0.99987763,0.0011370176,0.00041936105,-0.015886562,0.0,0.0,0.0,0.0,0,38.052
197892000,197892000,0.9998772,0.0012087312,0.00050873804,-0.015902612,0.0,0.0,0.0,0.0,0,38.072
197912000,197912000,0.99987686,0.0012712874,0.0005992745,-0.015918726,0.0,0.0,0.0,0.0,0,38.092
197932000,197932000,0.99987644,0.0013331118,0.00068758236,-0.015934734,0.0,0.0,0.0,0.0,0,38.112
197952000,197952000,0.9998761,0.0013942694,0.0007660738,-0.015950559,0.0,0.0,0.0,0.0,0,38.132
197972000,197972000,0.99987566,0.0014556402,0.00084271,-0.015966183,0.0,0.0,0.0,0.0,0,38.152
197992000,197992000,0.99987525,0.0015202187,0.0009133646,-0.015981788,0.0,0.0,0.0,0.0,0,38.172
198012000,198012000,0.99987483,0.0015942804,0.000983178,-0.015997265,0.0,0.0,0.0,0.0,0,38.192
198032000,198032000,0.9998744,0.0016698502,0.0010418205,-0.016012304,0.0,0.0,0.0,0.0,0,38.212
198052000,198052000,0.999874,0.0017447653,0.001099465,-0.016026959,0.0,0.0,0.0,0.0,0,38.232
198072000,198072000,0.9998736,0.0018206324,0.0011461676,-0.016041184,0.0,0.0,0.0,0.0,0,38.252
198092000,198092000,0.99987316,0.0019020776,0.0011810565,-0.016055185,0.0,0.0,0.0,0.0,0,38.272
198112000,198112000,0.9998727,0.0019893844,0.0012238139,-0.01606895,0.0,0.0,0.0,0.0,0,38.292
198132000,198132000,0.99987227,0.0020728605,0.0012647605,-0.01608199,0.0,0.0,0.0,0.0,0,38.312
198152000,198152000,0.9998719,0.0021500704,0.0012922601,-0.016094472,0.0,0.0,0.0,0.0,0,38.332
198172000,198172000,0.9998715,0.0022262793,0.0013200694,-0.01610687,0.0,0.0,0.0,0.0,0,38.352
198192000,198192000,0.9998711,0.0023026452,0.0013542299,-0.016118886,0.0,0.0,0.0,0.0,0,38.372
198212000,198212000,0.99987066,0.0023751464,0.0013811036,-0.016130485,0.0,0.0,0.0,0.0,0,38.392
198232000,198232000,0.9998703,0.0024454757,0.0014028414,-0.016141975,0.0,0.0,0.0,0.0,0,38.412
198252000,198252000,0.99986994,0.002512961,0.0014190188,-0.016153166,0.0,0.0,0.0,0.0,0,38.432
198272000,198272000,0.9998696,0.0025793721,0.0014306183,-0.016163934,0.0,0.0,0.0,0.0,0,38.452
198292000,198292000,0.9998692,0.0026390846,0.0014329022,-0.01617447,0.0,0.0,0.0,0.0,0,38.472
198312000,198312000,0.9998689,0.002696952,0.0014303791,-0.016184984,0.0,0.0,0.0,0.0,0,38.492
198332000,198332000,0.9998686,0.002757349,0.0014276173,-0.016195487,0.0,0.0,0.0,0.0,0,38.512
198352000,198352000,0.9998683,0.0028147174,0.0014189691,-0.016206397,0.0,0.0,0.0,0.0,0,38.532
198372000,198372000,0.999868,0.0028552373,0.0013916009,-0.016217755,0.0,0.0,0.0,0.0,0,38.552
198392000,198392000,0.99986774,0.0028866716,0.0013551611,-0.01622938,0.0,0.0,0.0,0.0,0,38.572
198412000,198412000,0.99986756,0.0029115204,0.0013107548,-0.016241662,0.0,0.0,0.0,0.0,0,38.592
198432000,198432000,0.9998674,0.002924713,0.0012540293,-0.016254276,0.0,0.0,0.0,0.0,0,38.612
198452000,198452000,0.99986726,0.0029231226,0.0012008564,-0.016266221,0.0,0.0,0.0,0.0,0,38.632
198472000,198472000,0.9998685,0.0024752177,0.0009234727,-0.016280504,0.0,0.0,0.0,0.0,0,38.652
198492000,198492000,0.9998706,-0.0009733741,-0.00092995865,-0.01631364,0.0,0.0,0.0,0.0,0,38.672
198512000,198512000,0.9998251,-0.008298643,-0.0046593323,-0.016379815,0.0,0.0,0.0,0.0,0,38.692
198532000,198532000,0.9996415,-0.018986592,-0.009677108,-0.01648966,0.0,0.0,0.0,0.0,0,38.712
198552000,198552000,0.9992295,-0.03219807,-0.0153509,-0.01664738,0.0,0.0,0.0,0.0,0,38.732
198572000,198572000,0.99852526,-0.04712564,-0.021248702,-0.016855275,0.0,0.0,0.0,0.0,0,38.752
198592000,198592000,0.99749786,-0.063108295,-0.02704149,-0.01712344,0.0,0.0,0.0,0.0,0,38.772
198612000,198612000,0.99614763,-0.07957339,-0.032594986,-0.017455243,0.0,0.0,0.0,0.0,0,38.792
198632000,198632000,0.99450386,-0.09602943,-0.037827473,-0.017850017,0.0,0.0,0.0,0.0,0,38.812
198652000,198652000,0.9926277,-0.11203772,-0.04256108,-0.018315636,0.0,0.0,0.0,0.0,0,38.832
198672000,198672000,0.99059266,-0.1272322,-0.046821196,-0.018840937,0.0,0.0,0.0,0.0,0,38.852
198692000,198692000,0.9884794,-0.14136045,-0.050572563,-0.019423034,0.0,0.0,0.0,0.0,0,38.872
198712000,198712000,0.9863705,-0.1542261,-0.053799342,-0.020057444,0.0,0.0,0.0,0.0,0,38.892
198732000,198732000,0.98433924,-0.16569236,-0.056585155,-0.0207251,0.0,0.0,0.0,0.0,0,38.912
198752000,198752000,0.98244995,-0.1757097,-0.058891114,-0.021428464,0.0,0.0,0.0,0.0,0,38.932
198772000,198772000,0.9807556,-0.18422799,-0.060803406,-0.022147855,0.0,0.0,0.0,0.0,0,38.952
198792000,198792000,0.97929245,-0.19128422,-0.062305745,-0.022885164,0.0,0.0,0.0,0.0,0,38.972
198812000,198812000,0.97808915,-0.19688791,-0.06346463,-0.02362412,0.0,0.0,0.0,0.0,0,38.992
198832000,198832000,0.9771541,-0.20112668,-0.064292446,-0.024362976,0.0,0.0,0.0,0.0,0,39.012
198852000,198852000,0.976486,-0.20408787,-0.06482789,-0.025093554,0.0,0.0,0.0,0.0,0,39.032
198872000,198872000,0.9760799,-0.20584744,-0.06509883,-0.025809133,0.0,0.0,0.0,0.0,0,39.052
198892000,198892000,0.9759227,-0.20649493,-0.06512506,-0.026505267,0.0,0.0,0.0,0.0,0,39.072
198912000,198912000,0.975995,-0.20612551,-0.06493485,-0.027176028,0.0,0.0,0.0,0.0,0,39.092
198932000,198932000,0.97627574,-0.20483077,-0.06453883,-0.027818607,0.0,0.0,0.0,0.0,0,39.112
198952000,198952000,0.9767424,-0.20269324,-0.06395854,-0.028427685,0.0,0.0,0.0,0.0,0,39.132
198972000,198972000,0.97736984,-0.1998009,-0.06321372,-0.02899875,0.0,0.0,0.0,0.0,0,39.152
198992000,198992000,0.9781344,-0.19623508,-0.062305387,-0.029530816,0.0,0.0,0.0,0.0,0,39.172
199012000,199012000,0.979014,-0.192061,-0.06125489,-0.030018056,0.0,0.0,0.0,0.0,0,39.192
199032000,199032000,0.9799856,-0.18735532,-0.060062844,-0.030460319,0.0,0.0,0.0,0.0,0,39.212
199052000,199052000,0.98102725,-0.18218069,-0.05876317,-0.03084993,0.0,0.0,0.0,0.0,0,39.232
199072000,199072000,0.98211914,-0.17661002,-0.057333432,-0.031191517,0.0,0.0,0.0,0.0,0,39.252
199092000,199092000,0.98324376,-0.17068705,-0.05582197,-0.031474728,0.0,0.0,0.0,0.0,0,39.272
199112000,199112000,0.9843861,-0.16447197,-0.0541927,-0.031706255,0.0,0.0,0.0,0.0,0,39.292
199128000,199128000,0.9853024,-0.1593142,-0.052850287,-0.03184577,0.0,0.0,0.0,0.0,0,39.308
199148000,199148000,0.9864395,-0.15269065,-0.051084097,-0.031970195,0.0,0.0,0.0,0.0,0,39.328
199168000,199168000,0.98755693,-0.14589798,-0.049276847,-0.032030344,0.0,0.0,0.0,0.0,0,39.348
199188000,199188000,0.9886462,-0.13897993,-0.047394875,-0.032032304,0.0,0.0,0.0,0.0,0,39.368
199208000,199208000,0.98969865,-0.13196385,-0.045487635,-0.031969607,0.0,0.0,0.0,0.0,0,39.388
199228000,199228000,0.99071,-0.12487925,-0.0435161,-0.031848118,0.0,0.0,0.0,0.0,0,39.408
199248000,199248000,0.99167216,-0.117762305,-0.0415321,-0.031663496,0.0,0.0,0.0,0.0,0,39.428
199268000,199268000,0.99258274,-0.11063544,-0.039512407,-0.031419616,0.0,0.0,0.0,0.0,0,39.448
199288000,199288000,0.9934366,-0.1035308,-0.03749948,-0.03111386,0.0,0.0,0.0,0.0,0,39.468
199308000,199308000,0.9942351,-0.09645201,-0.03545422,-0.030751731,0.0,0.0,0.0,0.0,0,39.488
199328000,199328000,0.99497455,-0.08943078,-0.03341894,-0.03033175,0.0,0.0,0.0,0.0,0,39.508
199348000,199348000,0.99565756,-0.082459435,-0.031370535,-0.029857613,0.0,0.0,0.0,0.0,0,39.528
199368000,199368000,0.9962812,-0.0755713,-0.029354103,-0.029329171,0.0,0.0,0.0,0.0,0,39.548
199388000,199388000,0.9968482,-0.06876424,-0.027341051,-0.028751312,0.0,0.0,0.0,0.0,0,39.568
199408000,199408000,0.99735695,-0.062079072,-0.02536521,-0.028125238,0.0,0.0,0.0,0.0,0,39.588
199428000,199428000,0.99781084,-0.055509247,-0.02339982,-0.027455429,0.0,0.0,0.0,0.0,0,39.608
199448000,199448000,0.99821,-0.04908599,-0.021476168,-0.02674381,0.0,0.0,0.0,0.0,0,39.628
199468000,199468000,0.9985589,-0.04278615,-0.019568207,-0.025994554,0.0,0.0,0.0,0.0,0,39.648
199488000,199488000,0.998858,-0.03664508,-0.017704237,-0.02521095,0.0,0.0,0.0,0.0,0,39.668
199508000,199508000,0.999111,-0.030647859,-0.015869427,-0.024396934,0.0,0.0,0.0,0.0,0,39.688
199528000,199528000,0.99931973,-0.024818031,-0.014085467,-0.0235558,0.0,0.0,0.0,0.0,0,39.708
199548000,199548000,0.9994877,-0.019136822,-0.01234236,-0.022691483,0.0,0.0,0.0,0.0,0,39.728
199568000,199568000,0.999617,-0.013636913,-0.010653154,-0.021807937,0.0,0.0,0.0,0.0,0,39.748
199588000,199588000,0.99971104,-0.008300473,-0.008994007,-0.02090906,0.0,0.0,0.0,0.0,0,39.768
199604000,199604000,0.9997626,-0.004163315,-0.007694428,-0.020181444,0.0,0.0,0.0,0.0,0,39.784
199624000,199624000,0.99979997,0.000850336,-0.006108974,-0.019264545,0.0,0.0,0.0,0.0,0,39.804
199644000,199644000,0.99980974,0.0056873797,-0.004565987,-0.018342514,0.0,0.0,0.0,0.0,0,39.824
199664000,199664000,0.9997946,0.010343463,-0.003070649,-0.017418962,0.0,0.0,0.0,0.0,0,39.844
199684000,199684000,0.99975735,0.01481571,-0.0016253341,-0.016497638,0.0,0.0,0.0,0.0,0,39.864
199704000,199704000,0.9997006,0.019104186,-0.00022440955,-0.015581793,0.0,0.0,0.0,0.0,0,39.884
199724000,199724000,0.9996267,0.023215162,0.0011379797,-0.014674795,0.0,0.0,0.0,0.0,0,39.904
199744000,199744000,0.9995379,0.027152339,0.002453477,-0.013780072,0.0,0.0,0.0,0.0,0,39.924
199764000,199764000,0.999436,0.030925516,0.0037271753,-0.012900733,0.0,0.0,0.0,0.0,0,39.944
199784000,199784000,0.9993235,0.034526374,0.004960143,-0.012039797,0.0,0.0,0.0,0.0,0,39.964
199804000,199804000,0.9992022,0.0379577,0.006153353,-0.011199583,0.0,0.0,0.0,0.0,0,39.984
199824000,199824000,0.99907434,0.041211784,0.007303287,-0.010382689,0.0,0.0,0.0,0.0,0,40.004
199844000,199844000,0.9989415,0.044296987,0.008411348,-0.009591893,0.0,0.0,0.0,0.0,0,40.024
199864000,199864000,0.99880534,0.047214016,0.0094779115,-0.008829791,0.0,0.0,0.0,0.0,0,40.044
199884000,199884000,0.9986665,0.04998203,0.010509385,-0.008098597,0.0,0.0,0.0,0.0,0,40.064
199904000,199904000,0.9985267,0.05259816,0.011497333,-0.007400716,0.0,0.0,0.0,0.0,0,40.084
199924000,199924000,0.998387,0.05506629,0.012442767,-0.0067378427,0.0,0.0,0.0,0.0,0,40.104
199944000,199944000,0.99824935,0.057377536,0.013332026,-0.0061119567,0.0,0.0,0.0,0.0,0,40.124
199964000,199964000,0.9981144,0.059541114,0.014179197,-0.005523459,0.0,0.0,0.0,0.0,0,40.144
199984000,199984000,0.99798286,0.061562303,0.014989694,-0.004973328,0.0,0.0,0.0,0.0,0,40.164
200004000,200004000,0.9978553,0.06344702,0.01576195,-0.004462867,0.0,0.0,0.0,0.0,0,40.184
200024000,200024000,0.9977337,0.06518257,0.016488824,-0.0039932006,0.0,0.0,0.0,0.0,0,40.204
200044000,200044000,0.99761736,0.06678909,0.017182272,-0.0035645766,0.0,0.0,0.0,0.0,0,40.224
200064000,200064000,0.99750775,0.068258785,0.017834049,-0.0031777548,0.0,0.0,0.0,0.0,0,40.244
200084000,200084000,0.9974052,0.069598235,0.018441956,-0.0028329757,0.0,0.0,0.0,0.0,0,40.264
200104000,200104000,0.9973094,0.07081926,0.019008266,-0.0025303895,0.0,0.0,0.0,0.0,0,40.284
200124000,200124000,0.9972199,0.07193414,0.019541606,-0.0022694513,0.0,0.0,0.0,0.0,0,40.304
200144000,200144000,0.9971374,0.07294066,0.020038888,-0.0020496852,0.0,0.0,0.0,0.0,0,40.324
200164000,200164000,0.99706256,0.07383475,0.020502018,-0.0018704494,0.0,0.0,0.0,0.0,0,40.344
200184000,200184000,0.9969961,0.07461512,0.020915123,-0.001732414,0.0,0.0,0.0,0.0,0,40.364
200204000,200204000,0.99693793,0.07528486,0.021293843,-0.0016336449,0.0,0.0,0.0,0.0,0,40.384
200224000,200224000,0.9968878,0.07584842,0.02164224,-0.0015727042,0.0,0.0,0.0,0.0,0,40.404
200244000,200244000,0.99684584,0.07631003,0.021950258,-0.0015494383,0.0,0.0,0.0,0.0,0,40.424
200264000,200264000,0.99681276,0.07666415,0.022215828,-0.0015628133,0.0,0.0,0.0,0.0,0,40.444
200284000,200284000,0.9967875,0.07692343,0.022449091,-0.0016106993,0.0,0.0,0.0,0.0,0,40.464
200304000,200304000,0.9967695,0.077095725,0.022650847,-0.001691736,0.0,0.0,0.0,0.0,0,40.484
200324000,200324000,0.9967591,0.07717686,0.0228216,-0.0018049208,0.0,0.0,0.0,0.0,0,40.504
200344000,200344000,0.99675673,0.07716715,0.022946931,-0.0019498757,0.0,0.0,0.0,0.0,0,40.524
200364000,200364000,0.9967626,0.077061385,0.023032814,-0.0021250506,0.0,0.0,0.0,0.0,0,40.544
200384000,200384000,0.9967765,0.076856315,0.023094337,-0.0023276166,0.0,0.0,0.0,0.0,0,40.564
200404000,200404000,0.99679935,0.07654583,0.023115912,-0.0025563699,0.0,0.0,0.0,0.0,0,40.584
200424000,200424000,0.99683076,0.07613201,0.023098158,-0.0028091678,0.0,0.0,0.0,0.0,0,40.604
200444000,200444000,0.99687034,0.07562047,0.023035238,-0.0030854992,0.0,0.0,0.0,0.0,0,40.624
200464000,200464000,0.9969173,0.07501705,0.02293548,-0.0033827694,0.0,0.0,0.0,0.0,0,40.644
200484000,200484000,0.99697167,0.07431562,0.02280611,-0.0036984335,0.0,0.0,0.0,0.0,0,40.664
200504000,200504000,0.9970334,0.07351533,0.022643693,-0.0040307823,0.0,0.0,0.0,0.0,0,40.684
200524000,200524000,0.99710184,0.07262436,0.02244002,-0.0043787155,0.0,0.0,0.0,0.0,0,40.704
200544000,200544000,0.99717575,0.07165055,0.022212796,-0.0047388035,0.0,0.0,0.0,0.0,0,40.724
200564000,200564000,0.99725413,0.07060624,0.021953652,-0.005110389,0.0,0.0,0.0,0.0,0,40.744
200584000,200584000,0.9973365,0.06949375,0.021667639,-0.0054917512,0.0,0.0,0.0,0.0,0,40.764
200604000,200604000,0.9974221,0.068316996,0.021366084,-0.0058807405,0.0,0.0,0.0,0.0,0,40.784
200624000,200624000,0.9975099,0.067087606,0.021046137,-0.0062760105,0.0,0.0,0.0,0.0,0,40.804
200644000,200644000,0.99759984,0.06580615,0.020703211,-0.006676072,0.0,0.0,0.0,0.0,0,40.824
200664000,200664000,0.9976914,0.06447809,0.020332646,-0.007080152,0.0,0.0,0.0,0.0,0,40.844
200684000,200684000,0.9977838,0.06310884,0.019947331,-0.007485896,0.0,0.0,0.0,0.0,0,40.864
200704000,200704000,0.9978763,0.06170476,0.01955187,-0.007891439,0.0,0.0,0.0,0.0,0,40.884
200724000,200724000,0.9979682,0.060273863,0.019152103,-0.008295245,0.0,0.0,0.0,0.0,0,40.904
200744000,200744000,0.99805915,0.058824386,0.01873644,-0.008697129,0.0,0.0,0.0,0.0,0,40.924
200764000,200764000,0.99814856,0.05736395,0.01830911,-0.009095615,0.0,0.0,0.0,0.0,0,40.944
200784000,200784000,0.99823624,0.055892564,0.017873634,-0.0094891535,0.0,0.0,0.0,0.0,0,40.964
200804000,200804000,0.9983221,0.054410446,0.017435886,-0.009876296,0.0,0.0,0.0,0.0,0,40.984
200824000,200824000,0.9984058,0.05292552,0.016990453,-0.010256781,0.0,0.0,0.0,0.0,0,41.004
200844000,200844000,0.998487,0.051440243,0.01654352,-0.010629197,0.0,0.0,0.0,0.0,0,41.024
200864000,200864000,0.99856573,0.049956597,0.01609444,-0.010992642,0.0,0.0,0.0,0.0,0,41.044
200884000,200884000,0.9986418,0.048479393,0.015643187,-0.011346573,0.0,0.0,0.0,0.0,0,41.064
200904000,200904000,0.9987153,0.04700692,0.015182789,-0.011690651,0.0,0.0,0.0,0.0,0,41.084
200924000,200924000,0.9987862,0.045541395,0.014718084,-0.012024011,0.0,0.0,0.0,0.0,0,41.104
200944000,200944000,0.99885446,0.044082742,0.014254151,-0.012346162,0.0,0.0,0.0,0.0,0,41.124
200964000,200964000,0.9989199,0.042633492,0.013797558,-0.012656639,0.0,0.0,0.0,0.0,0,41.144
200984000,200984000,0.9989828,0.041190945,0.013342486,-0.012955103,0.0,0.0,0.0,0.0,0,41.164
201004000,201004000,0.99904287,0.039759655,0.012895528,-0.013241247,0.0,0.0,0.0,0.0,0,41.184
201024000,201024000,0.9991003,0.038338706,0.012452588,-0.013515247,0.0,0.0,0.0,0.0,0,41.204
201044000,201044000,0.99915504,0.036932953,0.012018251,-0.013776842,0.0,0.0,0.0,0.0,0,41.224
201064000,201064000,0.9992071,0.03554054,0.0115952715,-0.014025731,0.0,0.0,0.0,0.0,0,41.244
201084000,201084000,0.9992564,0.03416583,0.011183457,-0.014262048,0.0,0.0,0.0,0.0,0,41.264
201104000,201104000,0.99930316,0.032807563,0.010777448,-0.014485892,0.0,0.0,0.0,0.0,0,41.284
201124000,201124000,0.9993472,0.031471413,0.010381256,-0.014697159,0.0,0.0,0.0,0.0,0,41.304
201144000,201144000,0.9993889,0.030152358,0.0099975625,-0.014895798,0.0,0.0,0.0,0.0,0,41.324
201164000,201164000,0.9994281,0.028854063,0.009621314,-0.015082317,0.0,0.0,0.0,0.0,0,41.344
201184000,201184000,0.999465,0.027578099,0.009247825,-0.015257084,0.0,0.0,0.0,0.0,0,41.364
201204000,201204000,0.99949956,0.026327133,0.008876669,-0.015420257,0.0,0.0,0.0,0.0,0,41.384
201224000,201224000,0.99953187,0.025103487,0.008514513,-0.015572112,0.0,0.0,0.0,0.0,0,41.404
201244000,201244000,0.99956185,0.02390989,0.008164697,-0.015712868,0.0,0.0,0.0,0.0,0,41.424
201264000,201264000,0.9995896,0.022745574,0.007832794,-0.015842644,0.0,0.0,0.0,0.0,0,41.444
201284000,201284000,0.9996152,0.021617088,0.0075162444,-0.01596199,0.0,0.0,0.0,0.0,0,41.464
201304000,201304000,0.99963874,0.020522723,0.0072090826,-0.016071513,0.0,0.0,0.0,0.0,0,41.484
201324000,201324000,0.99966043,0.019463776,0.006907024,-0.016171634,0.0,0.0,0.0,0.0,0,41.504
201344000,201344000,0.99968046,0.018435527,0.006614404,-0.016262712,0.0,0.0,0.0,0.0,0,41.524
201364000,201364000,0.9996988,0.017437967,0.006332399,-0.01634522,0.0,0.0,0.0,0.0,0,41.544
201384000,201384000,0.9997158,0.016465478,0.0060577816,-0.016419819,0.0,0.0,0.0,0.0,0,41.564
201404000,201404000,0.99973136,0.015526377,0.005782677,-0.016487105,0.0,0.0,0.0,0.0,0,41.584
201424000,201424000,0.9997455,0.014620867,0.0055195116,-0.0165473,0.0,0.0,0.0,0.0,0,41.604
201444000,201444000,0.9997583,0.013751241,0.005268468,-0.016600786,0.0,0.0,0.0,0.0,0,41.624
201464000,201464000,0.9997699,0.012914064,0.0050308295,-0.016647723,0.0,0.0,0.0,0.0,0,41.644
201484000,201484000,0.99978036,0.01211688,0.0048003034,-0.016688712,0.0,0.0,0.0,0.0,0,41.664
201504000,201504000,0.9997898,0.011352209,0.004575315,-0.016724428,0.0,0.0,0.0,0.0,0,41.684
201524000,201524000,0.99979836,0.010614216,0.0043574,-0.016755475,0.0,0.0,0.0,0.0,0,41.704
201544000,201544000,0.99980605,0.0099057155,0.0041526593,-0.016782368,0.0,0.0,0.0,0.0,0,41.724
201564000,201564000,0.99981296,0.009219324,0.003960028,-0.01680518,0.0,0.0,0.0,0.0,0,41.744
201584000,201584000,0.9998193,0.008557556,0.003776036,-0.0168244,0.0,0.0,0.0,0.0,0,41.764
201604000,201604000,0.9998248,0.007930516,0.0035985494,-0.016840823,0.0,0.0,0.0,0.0,0,41.784
201624000,201624000,0.99982977,0.0073333597,0.0034257965,-0.016854608,0.0,0.0,0.0,0.0,0,41.804
201644000,201644000,0.9998341,0.006761428,0.0032603855,-0.016865937,0.0,0.0,0.0,0.0,0,41.824
201664000,201664000,0.999838,0.006221952,0.0031055594,-0.01687518,0.0,0.0,0.0,0.0,0,41.844
201684000,201684000,0.9998413,0.005715817,0.0029667271,-0.01688281,0.0,0.0,0.0,0.0,0,41.864
201704000,201704000,0.9998442,0.0052356953,0.002839828,-0.016889073,0.0,0.0,0.0,0.0,0,41.884
201724000,201724000,0.9998467,0.004784957,0.002721036,-0.01689419,0.0,0.0,0.0,0.0,0,41.904
201744000,201744000,0.99984884,0.0043618414,0.0026209923,-0.016898269,0.0,0.0,0.0,0.0,0,41.924
201764000,201764000,0.99985063,0.003968959,0.0025384387,-0.016901826,0.0,0.0,0.0,0.0,0,41.944
201784000,201784000,0.9998521,0.0036082987,0.0024651017,-0.016904794,0.0,0.0,0.0,0.0,0,41.964
201804000,201804000,0.9998534,0.003271915,0.0023931633,-0.016907338,0.0,0.0,0.0,0.0,0,41.984
201824000,201824000,0.9998545,0.0029537817,0.0023245574,-0.016909909,0.0,0.0,0.0,0.0,0,42.004
201844000,201844000,0.9998554,0.00266347,0.002258969,-0.016912563,0.0,0.0,0.0,0.0,0,42.024
201864000,201864000,0.9998562,0.002402743,0.0022038019,-0.016915724,0.0,0.0,0.0,0.0,0,42.044
201884000,201884000,0.9998567,0.0021648395,0.0021597662,-0.016919341,0.0,0.0,0.0,0.0,0,42.064
201904000,201904000,0.9998572,0.0019459592,0.0021232464,-0.016923182,0.0,0.0,0.0,0.0,0,42.084
201924000,201924000,0.99985754,0.0017536882,0.0020922753,-0.016927427,0.0,0.0,0.0,0.0,0,42.104
201944000,201944000,0.9998578,0.0015871675,0.0020751082,-0.016932413,0.0,0.0,0.0,0.0,0,42.124
201964000,201964000,0.9998579,0.0014440457,0.0020678267,-0.016938262,0.0,0.0,0.0,0.0,0,42.144
201984000,201984000,0.99985796,0.001322508,0.0020583512,-0.016945098,0.0,0.0,0.0,0.0,0,42.164
202004000,202004000,0.999858,0.0012192705,0.0020475057,-0.016953077,0.0,0.0,0.0,0.0,0,42.184
202024000,202024000,0.99985796,0.0011335551,0.0020472961,-0.016961861,0.0,0.0,0.0,0.0,0,42.204
202044000,202044000,0.99985784,0.0010626204,0.0020539998,-0.016971353,0.0,0.0,0.0,0.0,0,42.224
202064000,202064000,0.9998577,0.0010087172,0.0020567332,-0.01698166,0.0,0.0,0.0,0.0,0,42.244
202084000,202084000,0.9998576,0.00097033946,0.002048688,-0.016992789,0.0,0.0,0.0,0.0,0,42.264
202104000,202104000,0.9998574,0.00094243314,0.0020366374,-0.017004807,0.0,0.0,0.0,0.0,0,42.284
202124000,202124000,0.99985725,0.0009226749,0.0020283337,-0.017017288,0.0,0.0,0.0,0.0,0,42.304
202144000,202144000,0.99985707,0.000908147,0.0020252774,-0.017029952,0.0,0.0,0.0,0.0,0,42.324
202164000,202164000,0.9998568,0.00089928665,0.0020247167,-0.017042805,0.0,0.0,0.0,0.0,0,42.344
202184000,202184000,0.99985665,0.0008920622,0.002026569,-0.017055733,0.0,0.0,0.0,0.0,0,42.364
202204000,202204000,0.9998564,0.0008914641,0.0020229544,-0.017069325,0.0,0.0,0.0,0.0,0,42.384
202224000,202224000,0.9998562,0.00089473854,0.0020117813,-0.017083798,0.0,0.0,0.0,0.0,0,42.404
202244000,202244000,0.99985594,0.0009040405,0.0020032132,-0.017099012,0.0,0.0,0.0,0.0,0,42.424
202264000,202264000,0.99985564,0.0009196659,0.0020012262,-0.017114438,0.0,0.0,0.0,0.0,0,42.444
202284000,202284000,0.9998554,0.0009387065,0.0020046423,-0.0171299,0.0,0.0,0.0,0.0,0,42.464
202304000,202304000,0.9998551,0.0009598885,0.0020128605,-0.017145336,0.0,0.0,0.0,0.0,0,42.484
202324000,202324000,0.99985474,0.0009838787,0.0020200312,-0.017160809,0.0,0.0,0.0,0.0,0,42.504
202344000,202344000,0.9998545,0.0010067709,0.0020159928,-0.017176403,0.0,0.0,0.0,0.0,0,42.524
202364000,202364000,0.9998542,0.0010256974,0.0020139623,-0.017192435,0.0,0.0,0.0,0.0,0,42.544
202384000,202384000,0.9998539,0.0010452033,0.0020173688,-0.017208537,0.0,0.0,0.0,0.0,0,42.564
202404000,202404000,0.99985355,0.0010654355,0.002025272,-0.017224612,0.0,0.0,0.0,0.0,0,42.584
202424000,202424000,0.99985325,0.0010865028,0.0020371848,-0.01724061,0.0,0.0,0.0,0.0,0,42.604
202444000,202444000,0.99985296,0.0011080473,0.00205252,-0.017256455,0.0,0.0,0.0,0.0,0,42.624
202464000,202464000,0.9998526,0.0011290997,0.0020680176,-0.017272213,0.0,0.0,0.0,0.0,0,42.644
202484000,202484000,0.9998523,0.0011535882,0.002072955,-0.017288035,0.0,0.0,0.0,0.0,0,42.664
202504000,202504000,0.999852,0.0011741937,0.00206625,-0.017303655,0.0,0.0,0.0,0.0,0,42.684
202524000,202524000,0.9998517,0.0011862549,0.0020697927,-0.017319566,0.0,0.0,0.0,0.0,0,42.704
202544000,202544000,0.9998514,0.0011961736,0.002078248,-0.017335454,0.0,0.0,0.0,0.0,0,42.724
202564000,202564000,0.9998511,0.0012058506,0.002071271,-0.017351495,0.0,0.0,0.0,0.0,0,42.744
202584000,202584000,0.99985087,0.0012208369,0.0020629002,-0.017368011,0.0,0.0,0.0,0.0,0,42.764
202604000,202604000,0.9998505,0.0012431074,0.0020647158,-0.01738467,0.0,0.0,0.0,0.0,0,42.784
202624000,202624000,0.9998502,0.0012691452,0.0020728726,-0.01740132,0.0,0.0,0.0,0.0,0,42.804
202644000,202644000,0.99984986,0.0012969656,0.0020850124,-0.017417846,0.0,0.0,0.0,0.0,0,42.824
202664000,202664000,0.9998495,0.0013213105,0.002095791,-0.017433902,0.0,0.0,0.0,0.0,0,42.844
202684000,202684000,0.9998492,0.0013423589,0.0021052428,-0.017449733,0.0,0.0,0.0,0.0,0,42.864
202704000,202704000,0.99984884,0.0013621052,0.0021151733,-0.017465072,0.0,0.0,0.0,0.0,0,42.884
202724000,202724000,0.9998486,0.0013734788,0.002120747,-0.017479857,0.0,0.0,0.0,0.0,0,42.904
202744000,202744000,0.9998483,0.0013807148,0.0021373779,-0.017494163,0.0,0.0,0.0,0.0,0,42.924
202764000,202764000,0.999848,0.0013941509,0.0021551128,-0.017507546,0.0,0.0,0.0,0.0,0,42.944
202784000,202784000,0.9998477,0.0014186298,0.0021657413,-0.017520387,0.0,0.0,0.0,0.0,0,42.964
202804000,202804000,0.9998474,0.0014487754,0.0021731579,-0.01753297,0.0,0.0,0.0,0.0,0,42.984
202824000,202824000,0.9998472,0.0014815171,0.0021798646,-0.01754539,0.0,0.0,0.0,0.0,0,43.004
202844000,202844000,0.9998469,0.0015153869,0.002186801,-0.017557694,0.0,0.0,0.0,0.0,0,43.024
202864000,202864000,0.9998466,0.0015501569,0.0021918793,-0.017569898,0.0,0.0,0.0,0.0,0,43.044
202884000,202884000,0.99984634,0.0015828515,0.002190997,-0.017581837,0.0,0.0,0.0,0.0,0,43.064
202904000,202904000,0.9998461,0.0016131117,0.0021867005,-0.017593488,0.0,0.0,0.0,0.0,0,43.084
202924000,202924000,0.99984586,0.0016486747,0.0021757681,-0.017605223,0.0,0.0,0.0,0.0,0,43.104
202944000,202944000,0.9998456,0.0016839057,0.002155047,-0.017616509,0.0,0.0,0.0,0.0,0,43.124
202964000,202964000,0.99984545,0.0017255812,0.002129937,-0.017627653,0.0,0.0,0.0,0.0,0,43.144
202984000,202984000,0.99984515,0.0017683784,0.0021160725,-0.017638816,0.0,0.0,0.0,0.0,0,43.164
203004000,203004000,0.9998449,0.0018071814,0.0021096512,-0.017650018,0.0,0.0,0.0,0.0,0,43.184
203024000,203024000,0.9998447,0.0018482225,0.0020933717,-0.017660893,0.0,0.0,0.0,0.0,0,43.204
203044000,203044000,0.9998445,0.0018893697,0.0020693177,-0.017671837,0.0,0.0,0.0,0.0,0,43.224
203064000,203064000,0.99984425,0.0019273331,0.0020440682,-0.017682917,0.0,0.0,0.0,0.0,0,43.244
203084000,203084000,0.999844,0.0019706814,0.0020286436,-0.017694267,0.0,0.0,0.0,0.0,0,43.264
203104000,203104000,0.9998437,0.0020103485,0.0020201067,-0.017705612,0.0,0.0,0.0,0.0,0,43.284
203124000,203124000,0.99984354,0.0020458335,0.0019990194,-0.017716566,0.0,0.0,0.0,0.0,0,43.304
203144000,203144000,0.9998433,0.0020793334,0.0019752423,-0.017727412,0.0,0.0,0.0,0.0,0,43.324
203164000,203164000,0.99984306,0.0021188452,0.0019604354,-0.017738722,0.0,0.0,0.0,0.0,0,43.344
203184000,203184000,0.99984276,0.002167041,0.0019556587,-0.017750252,0.0,0.0,0.0,0.0,0,43.364
203204000,203204000,0.9998424,0.0022169815,0.0019532694,-0.017762156,0.0,0.0,0.0,0.0,0,43.384
203224000,203224000,0.99984217,0.0022573946,0.0019422105,-0.017774561,0.0,0.0,0.0,0.0,0,43.404
203244000,203244000,0.99984187,0.002290867,0.0019246304,-0.01778708,0.0,0.0,0.0,0.0,0,43.424
203264000,203264000,0.99984163,0.0023203471,0.001903423,-0.017799605,0.0,0.0,0.0,0.0,0,43.444
203284000,203284000,0.9998414,0.0023472507,0.0018797775,-0.017812101,0.0,0.0,0.0,0.0,0,43.464
203304000,203304000,0.99984115,0.0023748418,0.0018512754,-0.017824823,0.0,0.0,0.0,0.0,0,43.484
203324000,203324000,0.9998409,0.002403778,0.0018177016,-0.017837526,0.0,0.0,0.0,0.0,0,43.504
203344000,203344000,0.9998407,0.0024323976,0.0017807045,-0.017850298,0.0,0.0,0.0,0.0,0,43.524
203364000,203364000,0.99984044,0.0024619682,0.00173926,-0.0178632,0.0,0.0,0.0,0.0,0,43.544
203384000,203384000,0.9998402,0.0024911657,0.0017045765,-0.017876348,0.0,0.0,0.0,0.0,0,43.564
203404000,203404000,0.9998399,0.0025234127,0.0016809573,-0.01789009,0.0,0.0,0.0,0.0,0,43.584
203424000,203424000,0.99983966,0.002548871,0.0016492342,-0.017904336,0.0,0.0,0.0,0.0,0,43.604
203444000,203444000,0.9998394,0.002567612,0.0016020368,-0.017918771,0.0,0.0,0.0,0.0,0,43.624
203464000,203464000,0.9998392,0.0025819682,0.0015463815,-0.017933328,0.0,0.0,0.0,0.0,0,43.644
203484000,203484000,0.999839,0.0025982284,0.0014906883,-0.017948186,0.0,0.0,0.0,0.0,0,43.664
203504000,203504000,0.99983877,0.0026157473,0.0014353323,-0.017963076,0.0,0.0,0.0,0.0,0,43.684
203524000,203524000,0.99983853,0.00263238,0.0013787801,-0.017977929,0.0,0.0,0.0,0.0,0,43.704
203544000,203544000,0.9998383,0.0026459952,0.0013211969,-0.01799289,0.0,0.0,0.0,0.0,0,43.724
203564000,203564000,0.99983805,0.0026529373,0.0012655908,-0.0180079,0.0,0.0,0.0,0.0,0,43.744
203584000,203584000,0.9998379,0.0026537282,0.0012107582,-0.01802315,0.0,0.0,0.0,0.0,0,43.764
203604000,203604000,0.9998377,0.0026438853,0.0011611178,-0.018038565,0.0,0.0,0.0,0.0,0,43.784
203624000,203624000,0.9998375,0.0026278363,0.0011117634,-0.018053995,0.0,0.0,0.0,0.0,0,43.804
203644000,203644000,0.99983734,0.002603332,0.0010672861,-0.018069802,0.0,0.0,0.0,0.0,0,43.824
203664000,203664000,0.99983716,0.002577771,0.0010181926,-0.018086107,0.0,0.0,0.0,0.0,0,43.844
203684000,203684000,0.999837,0.0025515028,0.00096076046,-0.018102968,0.0,0.0,0.0,0.0,0,43.864
203704000,203704000,0.9998368,0.002513401,0.0009080668,-0.018120589,0.0,0.0,0.0,0.0,0,43.884
203724000,203724000,0.9998366,0.0024667592,0.0008554718,-0.018138759,0.0,0.0,0.0,0.0,0,43.904
203744000,203744000,0.99983644,0.0024238473,0.00079039147,-0.018157694,0.0,0.0,0.0,0.0,0,43.924
203764000,203764000,0.99983627,0.0023762481,0.00072009704,-0.018177168,0.0,0.0,0.0,0.0,0,43.944
203784000,203784000,0.999836,0.0023236054,0.0006543787,-0.01819744,0.0,0.0,0.0,0.0,0,43.964
203804000,203804000,0.99983585,0.002262747,0.0005763564,-0.01821799,0.0,0.0,0.0,0.0,0,43.984
203824000,203824000,0.99983567,0.002200682,0.0004978373,-0.018238638,0.0,0.0,0.0,0.0,0,44.004
203844000,203844000,0.9998355,0.0021370605,0.00042506578,-0.018259335,0.0,0.0,0.0,0.0,0,44.024
203864000,203864000,0.99983525,0.0020703403,0.0003527533,-0.018280432,0.0,0.0,0.0,0.0,0,44.044
203884000,203884000,0.999835,0.0020029538,0.00028181996,-0.01830165,0.0,0.0,0.0,0.0,0,44.064
203904000,203904000,0.9998348,0.0019369498,0.00021340926,-0.018323176,0.0,0.0,0.0,0.0,0,44.084
203924000,203924000,0.99983454,0.0018691882,0.00014434067,-0.018345162,0.0,0.0,0.0,0.0,0,44.104
203944000,203944000,0.99983424,0.0018002132,7.493837e-05,-0.018367818,0.0,0.0,0.0,0.0,0,44.124
203964000,203964000,0.99983394,0.0017365892,1.160456e-05,-0.018390996,0.0,0.0,0.0,0.0,0,44.144
203984000,203984000,0.9998336,0.0016758204,-4.809955e-05,-0.018414272,0.0,0.0,0.0,0.0,0,44.164
204004000,204004000,0.9998332,0.0016161366,-0.00010579853,-0.018437827,0.0,0.0,0.0,0.0,0,44.184
204024000,204024000,0.99983287,0.0015594951,-0.00015957063,-0.01846161,0.0,0.0,0.0,0.0,0,44.204
204044000,204044000,0.9998325,0.0015018561,-0.00021325398,-0.018485803,0.0,0.0,0.0,0.0,0,44.224
204064000,204064000,0.99983215,0.001448685,-0.0002615034,-0.018510737,0.0,0.0,0.0,0.0,0,44.244
204084000,204084000,0.99983174,0.0013933147,-0.00031071878,-0.018536389,0.0,0.0,0.0,0.0,0,44.264
204104000,204104000,0.9998313,0.0013328162,-0.00035851166,-0.018562311,0.0,0.0,0.0,0.0,0,44.284
204124000,204124000,0.9998309,0.0012706132,-0.00039846735,-0.018588541,0.0,0.0,0.0,0.0,0,44.304
204144000,204144000,0.9998305,0.0012100812,-0.00042897658,-0.018614765,0.0,0.0,0.0,0.0,0,44.324
204164000,204164000,0.99983,0.0011505013,-0.00045669082,-0.018640773,0.0,0.0,0.0,0.0,0,44.344
204184000,204184000,0.9998296,0.0010911056,-0.00047017497,-0.018666508,0.0,0.0,0.0,0.0,0,44.364
204204000,204204000,0.9998292,0.001036328,-0.0004814904,-0.018691473,0.0,0.0,0.0,0.0,0,44.384
204224000,204224000,0.9998288,0.00097434944,-0.00048253936,-0.018715344,0.0,0.0,0.0,0.0,0,44.404
204244000,204244000,0.99982846,0.0009087701,-0.00048036582,-0.018738173,0.0,0.0,0.0,0.0,0,44.424
204264000,204264000,0.9998281,0.0008510813,-0.0004804454,-0.018759985,0.0,0.0,0.0,0.0,0,44.444
204284000,204284000,0.99982774,0.0007933173,-0.00047546224,-0.018780801,0.0,0.0,0.0,0.0,0,44.464
204304000,204304000,0.99982744,0.00074031216,-0.0004609898,-0.018800803,0.0,0.0,0.0,0.0,0,44.484
204324000,204324000,0.9998271,0.0007006654,-0.0004383196,-0.018820109,0.0,0.0,0.0,0.0,0,44.504
204344000,204344000,0.9998268,0.00065944187,-0.00041969685,-0.018838944,0.0,0.0,0.0,0.0,0,44.524
204364000,204364000,0.9998265,0.0006083384,-0.0003950502,-0.018857526,0.0,0.0,0.0,0.0,0,44.544
204384000,204384000,0.9998262,0.00055907696,-0.00036274412,-0.018875781,0.0,0.0,0.0,0.0,0,44.564
204404000,204404000,0.99982584,0.0005088098,-0.00034421464,-0.018893683,0.0,0.0,0.0,0.0,0,44.584
204424000,204424000,0.99982554,0.00045762028,-0.00032830186,-0.018911377,0.0,0.0,0.0,0.0,0,44.604
204444000,204444000,0.99982524,0.00040530192,-0.00029965382,-0.018928757,0.0,0.0,0.0,0.0,0,44.624
204464000,204464000,0.99982494,0.0003554757,-0.00026712712,-0.018946137,0.0,0.0,0.0,0.0,0,44.644
204484000,204484000,0.99982464,0.0003001658,-0.00023702528,-0.018963557,0.0,0.0,0.0,0.0,0,44.664
204504000,204504000,0.99982435,0.00023871717,-0.00020774819,-0.018980667,0.0,0.0,0.0,0.0,0,44.684
204524000,204524000,0.99982405,0.00017698403,-0.00017428426,-0.018997401,0.0,0.0,0.0,0.0,0,44.704
204544000,204544000,0.99982375,0.000114941555,-0.0001372766,-0.0190139,0.0,0.0,0.0,0.0,0,44.724
204564000,204564000,0.99982345,4.9113067e-05,-0.0001080699,-0.019030092,0.0,0.0,0.0,0.0,0,44.744
204584000,204584000,0.99982315,-1.786908e-05,-7.958315e-05,-0.019046003,0.0,0.0,0.0,0.0,0,44.764
204604000,204604000,0.99982285,-8.495836e-05,-5.6593904e-05,-0.01906212,0.0,0.0,0.0,0.0,0,44.784
204624000,204624000,0.99982256,-0.00015824306,-3.355549e-05,-0.019078322,0.0,0.0,0.0,0.0,0,44.804
204644000,204644000,0.9998222,-0.00023103054,-7.887917e-06,-0.019094644,0.0,0.0,0.0,0.0,0,44.824
204664000,204664000,0.9998219,-0.00029731568,1.0868959e-05,-0.01911087,0.0,0.0,0.0,0.0,0,44.844
204684000,204684000,0.99982154,-0.00036241097,3.6023463e-05,-0.019127121,0.0,0.0,0.0,0.0,0,44.864
204704000,204704000,0.9998212,-0.00042696093,6.2846535e-05,-0.019143239,0.0,0.0,0.0,0.0,0,44.884
204724000,204724000,0.9998209,-0.00049233565,8.375315e-05,-0.019159283,0.0,0.0,0.0,0.0,0,44.904
204744000,204744000,0.99982053,-0.0005580555,0.000112641515,-0.019175263,0.0,0.0,0.0,0.0,0,44.924
204764000,204764000,0.9998202,-0.00062242575,0.00014378093,-0.019191163,0.0,0.0,0.0,0.0,0,44.944
204784000,204784000,0.9998198,-0.0006883561,0.00015691732,-0.01920689,0.0,0.0,0.0,0.0,0,44.964
204804000,204804000,0.99981946,-0.0007482296,0.00016874012,-0.019222647,0.0,0.0,0.0,0.0,0,44.984
204824000,204824000,0.99981916,-0.00079878647,0.00018829013,-0.01923842,0.0,0.0,0.0,0.0,0,45.004
204844000,204844000,0.9998188,-0.0008479498,0.00020423286,-0.019254312,0.0,0.0,0.0,0.0,0,45.024
204864000,204864000,0.99981844,-0.0008993185,0.00021621799,-0.019270234,0.0,0.0,0.0,0.0,0,45.044
204884000,204884000,0.9998181,-0.0009430886,0.00022481124,-0.01928584,0.0,0.0,0.0,0.0,0,45.064
204904000,204904000,0.9998178,-0.0009832203,0.00024215673,-0.019300936,0.0,0.0,0.0,0.0,0,45.084
204924000,204924000,0.99981743,-0.0010212216,0.00025359486,-0.019315423,0.0,0.0,0.0,0.0,0,45.104
204944000,204944000,0.99981713,-0.0010542454,0.0002537546,-0.019329594,0.0,0.0,0.0,0.0,0,45.124
204964000,204964000,0.99981683,-0.0010854783,0.00026542443,-0.01934358,0.0,0.0,0.0,0.0,0,45.144
204984000,204984000,0.99981654,-0.0011186224,0.0002840442,-0.019357435,0.0,0.0,0.0,0.0,0,45.164
205004000,205004000,0.9998162,-0.0011552491,0.00030413578,-0.01937118,0.0,0.0,0.0,0.0,0,45.184
205024000,205024000,0.9998159,-0.0011959862,0.0003230823,-0.01938482,0.0,0.0,0.0,0.0,0,45.204
205044000,205044000,0.9998156,-0.0012383827,0.00033703767,-0.019398002,0.0,0.0,0.0,0.0,0,45.224
205064000,205064000,0.9998153,-0.0012787528,0.0003433611,-0.019410769,0.0,0.0,0.0,0.0,0,45.244
205084000,205084000,0.999815,-0.0013183082,0.00034671815,-0.019423297,0.0,0.0,0.0,0.0,0,45.264
205104000,205104000,0.9998147,-0.0013574506,0.0003493024,-0.019435834,0.0,0.0,0.0,0.0,0,45.284
205124000,205124000,0.9998144,-0.0013813522,0.00036668387,-0.01944858,0.0,0.0,0.0,0.0,0,45.304
205144000,205144000,0.9998141,-0.0013965884,0.00039227805,-0.019461503,0.0,0.0,0.0,0.0,0,45.324
205164000,205164000,0.99981385,-0.0014100556,0.0004178106,-0.019474478,0.0,0.0,0.0,0.0,0,45.344
205184000,205184000,0.99981356,-0.0014243282,0.0004408408,-0.019487467,0.0,0.0,0.0,0.0,0,45.364
205204000,205204000,0.99981326,-0.0014390029,0.00046221624,-0.019500222,0.0,0.0,0.0,0.0,0,45.384
205224000,205224000,0.999813,-0.0014498627,0.00048319635,-0.019512886,0.0,0.0,0.0,0.0,0,45.404
205244000,205244000,0.9998127,-0.001457524,0.0004982539,-0.019525701,0.0,0.0,0.0,0.0,0,45.424
205264000,205264000,0.9998125,-0.001460317,0.00051272934,-0.019538065,0.0,0.0,0.0,0.0,0,45.444
205284000,205284000,0.99981225,-0.0014575087,0.0005333815,-0.01954994,0.0,0.0,0.0,0.0,0,45.464
205304000,205304000,0.999812,-0.0014488539,0.00055609713,-0.01956184,0.0,0.0,0.0,0.0,0,45.484
205324000,205324000,0.99981177,-0.0014341555,0.00057384436,-0.019573554,0.0,0.0,0.0,0.0,0,45.504
205344000,205344000,0.9998116,-0.0014167456,0.00059125916,-0.019585105,0.0,0.0,0.0,0.0,0,45.524
205364000,205364000,0.99981135,-0.0014012045,0.00060635613,-0.019596508,0.0,0.0,0.0,0.0,0,45.544
205384000,205384000,0.9998112,-0.0013859443,0.0006211445,-0.01960768,0.0,0.0,0.0,0.0,0,45.564
205404000,205404000,0.99981093,-0.0013725362,0.000634083,-0.019618744,0.0,0.0,0.0,0.0,0,45.584
205424000,205424000,0.99981076,-0.0013586391,0.00064740854,-0.019629378,0.0,0.0,0.0,0.0,0,45.604
205444000,205444000,0.9998106,-0.0013426851,0.0006624978,-0.019639838,0.0,0.0,0.0,0.0,0,45.624
205464000,205464000,0.99981034,-0.0013285201,0.0006756233,-0.019650215,0.0,0.0,0.0,0.0,0,45.644
205484000,205484000,0.99981016,-0.0013162374,0.0006865568,-0.019660693,0.0,0.0,0.0,0.0,0,45.664
205504000,205504000,0.99981,-0.001300752,0.00070015364,-0.019671416,0.0,0.0,0.0,0.0,0,45.684
205524000,205524000,0.9998098,-0.0012810897,0.00071077363,-0.019681714,0.0,0.0,0.0,0.0,0,45.704
205544000,205544000,0.9998096,-0.0012526235,0.00071318203,-0.019692017,0.0,0.0,0.0,0.0,0,45.724
205564000,205564000,0.99980944,-0.0012118557,0.00071871566,-0.019702695,0.0,0.0,0.0,0.0,0,45.744
205584000,205584000,0.99980927,-0.001165856,0.0007228437,-0.019713618,0.0,0.0,0.0,0.0,0,45.764
205604000,205604000,0.9998091,-0.0011258818,0.000712676,-0.019724926,0.0,0.0,0.0,0.0,0,45.784
205624000,205624000,0.9998089,-0.0010884744,0.0006955406,-0.01973679,0.0,0.0,0.0,0.0,0,45.804
205644000,205644000,0.9998087,-0.0010448217,0.0006817714,-0.019749166,0.0,0.0,0.0,0.0,0,45.824
205664000,205664000,0.99980855,-0.0010040753,0.00066344626,-0.019762026,0.0,0.0,0.0,0.0,0,45.844
205684000,205684000,0.9998083,-0.0009728985,0.0006411272,-0.019775352,0.0,0.0,0.0,0.0,0,45.864
205704000,205704000,0.9998081,-0.00093851244,0.00061311387,-0.019789271,0.0,0.0,0.0,0.0,0,45.884
205724000,205724000,0.9998079,-0.00089511526,0.0005798375,-0.019803662,0.0,0.0,0.0,0.0,0,45.904
205744000,205744000,0.99980766,-0.0008549988,0.00054191344,-0.01981827,0.0,0.0,0.0,0.0,0,45.924
205764000,205764000,0.9998074,-0.00081819174,0.00050410564,-0.019832857,0.0,0.0,0.0,0.0,0,45.944
205784000,205784000,0.9998072,-0.0007771646,0.00046541225,-0.019847497,0.0,0.0,0.0,0.0,0,45.964
205804000,205804000,0.99980694,-0.00074793305,0.00042427998,-0.01986216,0.0,0.0,0.0,0.0,0,45.984
205824000,205824000,0.99980664,-0.00071928836,0.0003710166,-0.019876719,0.0,0.0,0.0,0.0,0,46.004
205844000,205844000,0.9998064,-0.00069206697,0.00031820184,-0.019891277,0.0,0.0,0.0,0.0,0,46.024
205864000,205864000,0.99980617,-0.00065521884,0.00027358704,-0.019905798,0.0,0.0,0.0,0.0,0,46.044
205884000,205884000,0.9998059,-0.0006143173,0.00022435836,-0.019920005,0.0,0.0,0.0,0.0,0,46.064
205904000,205904000,0.9998057,-0.000574652,0.00015577993,-0.019934166,0.0,0.0,0.0,0.0,0,46.084
205924000,205924000,0.9998054,-0.00054021773,9.3864095e-05,-0.019948244,0.0,0.0,0.0,0.0,0,46.104
205944000,205944000,0.99980515,-0.0005057145,4.618484e-05,-0.01996189,0.0,0.0,0.0,0.0,0,46.124
205964000,205964000,0.9998049,-0.00046521047,-3.3031858e-06,-0.019975344,0.0,0.0,0.0,0.0,0,46.144
205984000,205984000,0.9998047,-0.00042000687,-5.1420822e-05,-0.019988507,0.0,0.0,0.0,0.0,0,46.164
206004000,206004000,0.99980444,-0.00037185542,-0.00010228209,-0.02000079,0.0,0.0,0.0,0.0,0,46.184
206024000,206024000,0.9998042,-0.00033363514,-0.00014382915,-0.02001222,0.0,0.0,0.0,0.0,0,46.204
206044000,206044000,0.999804,-0.0002970003,-0.00016910507,-0.02002326,0.0,0.0,0.0,0.0,0,46.224
206064000,206064000,0.9998038,-0.00025359463,-0.00020079601,-0.020033948,0.0,0.0,0.0,0.0,0,46.244
206084000,206084000,0.9998036,-0.00020782094,-0.00024640694,-0.020044396,0.0,0.0,0.0,0.0,0,46.264
206104000,206104000,0.99980336,-0.00015481091,-0.00029024752,-0.020055229,0.0,0.0,0.0,0.0,0,46.284
206124000,206124000,0.9998032,-9.922549e-05,-0.00032822893,-0.020065647,0.0,0.0,0.0,0.0,0,46.304
206144000,206144000,0.99980295,-5.161559e-05,-0.00035668656,-0.020075643,0.0,0.0,0.0,0.0,0,46.324
206164000,206164000,0.99980277,-9.331568e-06,-0.00038158934,-0.02008546,0.0,0.0,0.0,0.0,0,46.344
206184000,206184000,0.99980253,2.981852e-05,-0.00040669457,-0.020095158,0.0,0.0,0.0,0.0,0,46.364
206204000,206204000,0.99980235,6.668422e-05,-0.0004335034,-0.020104768,0.0,0.0,0.0,0.0,0,46.384
206224000,206224000,0.9998021,0.0001017873,-0.00046282797,-0.020114303,0.0,0.0,0.0,0.0,0,46.404
206244000,206244000,0.99980193,0.00013480373,-0.00049356924,-0.020123776,0.0,0.0,0.0,0.0,0,46.424
206264000,206264000,0.9998017,0.00017434037,-0.0005176472,-0.020132946,0.0,0.0,0.0,0.0,0,46.444
206284000,206284000,0.9998015,0.00021760583,-0.00053542294,-0.020142287,0.0,0.0,0.0,0.0,0,46.464
206304000,206304000,0.9998013,0.00025987846,-0.0005477558,-0.020151546,0.0,0.0,0.0,0.0,0,46.484
206324000,206324000,0.9998011,0.00030133963,-0.00055850786,-0.020161154,0.0,0.0,0.0,0.0,0,46.504
206344000,206344000,0.99980086,0.00034422844,-0.00056682836,-0.020170817,0.0,0.0,0.0,0.0,0,46.524
206364000,206364000,0.9998007,0.0003856872,-0.0005576243,-0.020180812,0.0,0.0,0.0,0.0,0,46.544
206384000,206384000,0.99980044,0.00041723275,-0.000536176,-0.020191764,0.0,0.0,0.0,0.0,0,46.564
206404000,206404000,0.9998002,0.0004460202,-0.0005183425,-0.02020323,0.0,0.0,0.0,0.0,0,46.584
206424000,206424000,0.9997995,0.0010984028,-0.00018575728,-0.0202189,0.0,0.0,0.0,0.0,0,46.604
206444000,206444000,0.99977726,0.0061555933,0.0024174799,-0.020267818,0.0,0.0,0.0,0.0,0,46.624
206464000,206464000,0.9996212,0.017045133,0.007785527,-0.020380735,0.0,0.0,0.0,0.0,0,46.644
206484000,206484000,0.9991391,0.032903727,0.014959452,-0.020586018,0.0,0.0,0.0,0.0,0,46.664
206504000,206504000,0.9981532,0.052300707,0.022959782,-0.020898793,0.0,0.0,0.0,0.0,0,46.684
206524000,206524000,0.9965575,0.07391118,0.031052107,-0.021336043,0.0,0.0,0.0,0.0,0,46.704
206544000,206544000,0.9943156,0.09672965,0.03884043,-0.021917745,0.0,0.0,0.0,0.0,0,46.724
206564000,206564000,0.9914461,0.11995287,0.046287246,-0.022640653,0.0,0.0,0.0,0.0,0,46.744
206584000,206584000,0.9880219,0.14298749,0.053130418,-0.023527265,0.0,0.0,0.0,0.0,0,46.764
206604000,206604000,0.984158,0.16526845,0.05937208,-0.024565134,0.0,0.0,0.0,0.0,0,46.784
206624000,206624000,0.97998357,0.18642263,0.06499987,-0.025747625,0.0,0.0,0.0,0.0,0,46.804
206644000,206644000,0.97562855,0.20621532,0.07000365,-0.027069906,0.0,0.0,0.0,0.0,0,46.824
206664000,206664000,0.97122705,0.22442925,0.07447235,-0.028504742,0.0,0.0,0.0,0.0,0,46.844
206684000,206684000,0.9668726,0.2410676,0.07842138,-0.030050587,0.0,0.0,0.0,0.0,0,46.864
206704000,206704000,0.96267045,0.2560423,0.08193601,-0.031679604,0.0,0.0,0.0,0.0,0,46.884
206724000,206724000,0.95866334,0.26948494,0.08507089,-0.033383977,0.0,0.0,0.0,0.0,0,46.904
206744000,206744000,0.95492905,0.28136015,0.087868966,-0.035144545,0.0,0.0,0.0,0.0,0,46.924
206764000,206764000,0.95146996,0.29185262,0.09039147,-0.036952317,0.0,0.0,0.0,0.0,0,46.944
206784000,206784000,0.94832057,0.3010065,0.092667066,-0.038795013,0.0,0.0,0.0,0.0,0,46.964
206804000,206804000,0.94546497,0.30899167,0.09473971,-0.040664967,0.0,0.0,0.0,0.0,0,46.984
206824000,206824000,0.9429133,0.3158748,0.09662231,-0.042554587,0.0,0.0,0.0,0.0,0,47.004
206844000,206844000,0.9406401,0.321799,0.09835995,-0.044452123,0.0,0.0,0.0,0.0,0,47.024
206864000,206864000,0.93868005,0.3267377,0.099909276,-0.046362113,0.0,0.0,0.0,0.0,0,47.044
206884000,206884000,0.9370718,0.33064577,0.101230256,-0.048284277,0.0,0.0,0.0,0.0,0,47.064
206904000,206904000,0.9358599,0.33345896,0.10226692,-0.050219312,0.0,0.0,0.0,0.0,0,47.084
206924000,206924000,0.93504965,0.3352005,0.10301284,-0.052155938,0.0,0.0,0.0,0.0,0,47.104
206944000,206944000,0.9346325,0.33591217,0.10349035,-0.054074038,0.0,0.0,0.0,0.0,0,47.124
206964000,206964000,0.93459004,0.33565065,0.103722155,-0.055953976,0.0,0.0,0.0,0.0,0,47.144
206984000,206984000,0.93490344,0.33446977,0.10370974,-0.057783548,0.0,0.0,0.0,0.0,0,47.164
207004000,207004000,0.93555,0.33242482,0.10345354,-0.059551746,0.0,0.0,0.0,0.0,0,47.184
207024000,207024000,0.93650687,0.32956287,0.1029632,-0.061244074,0.0,0.0,0.0,0.0,0,47.204
207044000,207044000,0.93775004,0.32592824,0.10225029,-0.062845774,0.0,0.0,0.0,0.0,0,47.224
207064000,207064000,0.9392505,0.3215791,0.10130948,-0.06434967,0.0,0.0,0.0,0.0,0,47.244
207084000,207084000,0.94098675,0.31654966,0.100132324,-0.065748565,0.0,0.0,0.0,0.0,0,47.264
207104000,207104000,0.9429336,0.31087574,0.09873548,-0.06702858,0.0,0.0,0.0,0.0,0,47.284
207124000,207124000,0.94506747,0.304589,0.097127944,-0.06817868,0.0,0.0,0.0,0.0,0,47.304
207144000,207144000,0.9473597,0.29773843,0.095302634,-0.069195576,0.0,0.0,0.0,0.0,0,47.324
207164000,207164000,0.94978786,0.29034764,0.09327914,-0.070066795,0.0,0.0,0.0,0.0,0,47.344
207184000,207184000,0.9523313,0.28244087,0.09105027,-0.070789926,0.0,0.0,0.0,0.0,0,47.364
207204000,207204000,0.9549698,0.2740327,0.0886357,-0.07135471,0.0,0.0,0.0,0.0,0,47.384
207224000,207224000,0.9576782,0.26516014,0.08603593,-0.07175986,0.0,0.0,0.0,0.0,0,47.404
207244000,207244000,0.96043205,0.25585532,0.08326696,-0.072000325,0.0,0.0,0.0,0.0,0,47.424
207264000,207264000,0.9632092,0.24614552,0.080342524,-0.07207349,0.0,0.0,0.0,0.0,0,47.444
207284000,207284000,0.9659889,0.23605406,0.07728278,-0.071975335,0.0,0.0,0.0,0.0,0,47.464
207304000,207304000,0.96875334,0.22559966,0.07408516,-0.071709156,0.0,0.0,0.0,0.0,0,47.484
207324000,207324000,0.97147834,0.21482536,0.0707735,-0.07127481,0.0,0.0,0.0,0.0,0,47.504
207344000,207344000,0.97414535,0.20375735,0.06736492,-0.07067403,0.0,0.0,0.0,0.0,0,47.524
207364000,207364000,0.9767363,0.19242595,0.06387611,-0.069909714,0.0,0.0,0.0,0.0,0,47.544
207384000,207384000,0.97923696,0.1808514,0.06031129,-0.06898879,0.0,0.0,0.0,0.0,0,47.564
207404000,207404000,0.98162895,0.1690773,0.056691922,-0.067916274,0.0,0.0,0.0,0.0,0,47.584
207424000,207424000,0.9838983,0.15713719,0.05303132,-0.066699564,0.0,0.0,0.0,0.0,0,47.604
207444000,207444000,0.98603016,0.14507903,0.04935108,-0.06534611,0.0,0.0,0.0,0.0,0,47.624
207464000,207464000,0.9880158,0.13292679,0.045671843,-0.063863315,0.0,0.0,0.0,0.0,0,47.644
207484000,207484000,0.98984617,0.120715596,0.04201159,-0.06226061,0.0,0.0,0.0,0.0,0,47.664
207504000,207504000,0.991515,0.10848147,0.03837507,-0.06054943,0.0,0.0,0.0,0.0,0,47.684
207524000,207524000,0.9930163,0.0962653,0.03478988,-0.05873956,0.0,0.0,0.0,0.0,0,47.704
207544000,207544000,0.99434775,0.084102005,0.031264216,-0.05684274,0.0,0.0,0.0,0.0,0,47.724
207564000,207564000,0.9955068,0.072043814,0.027823882,-0.054870497,0.0,0.0,0.0,0.0,0,47.744
207584000,207584000,0.99649614,0.06011741,0.02447331,-0.052834705,0.0,0.0,0.0,0.0,0,47.764
207604000,207604000,0.9973187,0.04836339,0.021217406,-0.050747704,0.0,0.0,0.0,0.0,0,47.784
207624000,207624000,0.9979801,0.036803816,0.018061403,-0.04862149,0.0,0.0,0.0,0.0,0,47.804
207644000,207644000,0.99848664,0.025470758,0.015017396,-0.046468027,0.0,0.0,0.0,0.0,0,47.824
207664000,207664000,0.9988461,0.014389067,0.01208905,-0.04429867,0.0,0.0,0.0,0.0,0,47.844
207684000,207684000,0.9990673,0.0035895302,0.0092840595,-0.04212473,0.0,0.0,0.0,0.0,0,47.864
207704000,207704000,0.99916023,-0.006909905,0.0066075907,-0.039957065,0.0,0.0,0.0,0.0,0,47.884
207724000,207724000,0.99913543,-0.017081602,0.0040589524,-0.037805814,0.0,0.0,0.0,0.0,0,47.904
207744000,207744000,0.99900395,-0.026914435,0.0016313469,-0.035680708,0.0,0.0,0.0,0.0,0,47.924
207764000,207764000,0.9987772,-0.03639141,-0.0006727319,-0.033591095,0.0,0.0,0.0,0.0,0,47.944
207784000,207784000,0.9984664,-0.045505464,-0.0028425492,-0.031546142,0.0,0.0,0.0,0.0,0,47.964
207804000,207804000,0.9980827,-0.054246586,-0.0048939004,-0.029553134,0.0,0.0,0.0,0.0,0,47.984
207824000,207824000,0.9976373,-0.06260676,-0.0068226466,-0.027619593,0.0,0.0,0.0,0.0,0,48.004
207844000,207844000,0.99714106,-0.07057573,-0.008642917,-0.025751464,0.0,0.0,0.0,0.0,0,48.024
207864000,207864000,0.99660444,-0.07815151,-0.010352837,-0.023955243,0.0,0.0,0.0,0.0,0,48.044
207884000,207884000,0.99603623,-0.08534258,-0.011965096,-0.02223566,0.0,0.0,0.0,0.0,0,48.064
207904000,207904000,0.99544483,-0.09215617,-0.013477902,-0.020597883,0.0,0.0,0.0,0.0,0,48.084
207924000,207924000,0.9948382,-0.09859532,-0.014911354,-0.01904459,0.0,0.0,0.0,0.0,0,48.104
207944000,207944000,0.99422437,-0.10465972,-0.01625614,-0.017580532,0.0,0.0,0.0,0.0,0,48.124
207964000,207964000,0.99361014,-0.1103549,-0.017523028,-0.016207503,0.0,0.0,0.0,0.0,0,48.144
207984000,207984000,0.99300164,-0.11568929,-0.018708242,-0.014928619,0.0,0.0,0.0,0.0,0,48.164
208004000,208004000,0.9924051,-0.12066193,-0.019823551,-0.01374475,0.0,0.0,0.0,0.0,0,48.184
208024000,208024000,0.9918247,-0.12528928,-0.020863641,-0.012658492,0.0,0.0,0.0,0.0,0,48.204
208044000,208044000,0.9912652,-0.1295734,-0.021841347,-0.011669277,0.0,0.0,0.0,0.0,0,48.224
208064000,208064000,0.99072856,-0.13353562,-0.022762094,-0.010776791,0.0,0.0,0.0,0.0,0,48.244
208084000,208084000,0.99021846,-0.13718073,-0.023629513,-0.009980488,0.0,0.0,0.0,0.0,0,48.264
208104000,208104000,0.9897359,-0.14052822,-0.024447775,-0.009280011,0.0,0.0,0.0,0.0,0,48.284
208124000,208124000,0.98928577,-0.14356552,-0.025228357,-0.00867156,0.0,0.0,0.0,0.0,0,48.304
208144000,208144000,0.9888686,-0.14631149,-0.025969833,-0.008154646,0.0,0.0,0.0,0.0,0,48.324
208164000,208164000,0.9884846,-0.14878263,-0.026669579,-0.00772804,0.0,0.0,0.0,0.0,0,48.344
208184000,208184000,0.9881336,-0.15099658,-0.027321944,-0.00739064,0.0,0.0,0.0,0.0,0,48.364
208204000,208204000,0.9878188,-0.15294197,-0.027946925,-0.007136292,0.0,0.0,0.0,0.0,0,48.384
208224000,208224000,0.9875398,-0.15463272,-0.028538875,-0.0069633466,0.0,0.0,0.0,0.0,0,48.404
208244000,208244000,0.9872975,-0.15607637,-0.029082378,-0.006870956,0.0,0.0,0.0,0.0,0,48.424
208264000,208264000,0.98709136,-0.1572811,-0.029587166,-0.0068541584,0.0,0.0,0.0,0.0,0,48.444
208284000,208284000,0.98692036,-0.15825869,-0.030063484,-0.006908087,0.0,0.0,0.0,0.0,0,48.464
208304000,208304000,0.9867824,-0.15902628,-0.030509705,-0.0070294635,0.0,0.0,0.0,0.0,0,48.484
208324000,208324000,0.98667693,-0.1595901,-0.030930057,-0.007213714,0.0,0.0,0.0,0.0,0,48.504
208344000,208344000,0.9866037,-0.15995488,-0.03132198,-0.007456949,0.0,0.0,0.0,0.0,0,48.524
208364000,208364000,0.9865623,-0.16012427,-0.031685106,-0.0077551124,0.0,0.0,0.0,0.0,0,48.544
208384000,208384000,0.98655194,-0.16010351,-0.032025117,-0.008102177,0.0,0.0,0.0,0.0,0,48.564
208404000,208404000,0.9865709,-0.15990311,-0.032338805,-0.00849412,0.0,0.0,0.0,0.0,0,48.584
208424000,208424000,0.9866173,-0.15953462,-0.032623928,-0.008926876,0.0,0.0,0.0,0.0,0,48.604
208444000,208444000,0.9866886,-0.15901224,-0.03288609,-0.009395277,0.0,0.0,0.0,0.0,0,48.624
208464000,208464000,0.9867839,-0.15833935,-0.03312551,-0.009894526,0.0,0.0,0.0,0.0,0,48.644
208484000,208484000,0.9869018,-0.15752399,-0.033339653,-0.010420294,0.0,0.0,0.0,0.0,0,48.664
208504000,208504000,0.9870412,-0.15657042,-0.0335295,-0.010967552,0.0,0.0,0.0,0.0,0,48.684
208524000,208524000,0.9871999,-0.15548976,-0.033695836,-0.011531662,0.0,0.0,0.0,0.0,0,48.704
208544000,208544000,0.9873782,-0.1542799,-0.033830643,-0.012109485,0.0,0.0,0.0,0.0,0,48.724
208564000,208564000,0.98757356,-0.15295215,-0.03394156,-0.012695342,0.0,0.0,0.0,0.0,0,48.744
208584000,208584000,0.9877846,-0.15151234,-0.03403128,-0.013284533,0.0,0.0,0.0,0.0,0,48.764
208604000,208604000,0.9880093,-0.14997074,-0.034103554,-0.013872776,0.0,0.0,0.0,0.0,0,48.784
208624000,208624000,0.9882471,-0.1483271,-0.034160342,-0.014455502,0.0,0.0,0.0,0.0,0,48.804
208644000,208644000,0.9884961,-0.14659357,-0.034189172,-0.015031391,0.0,0.0,0.0,0.0,0,48.824
208664000,208664000,0.98875576,-0.14477196,-0.034189332,-0.015596818,0.0,0.0,0.0,0.0,0,48.844
208684000,208684000,0.98902243,-0.14288317,-0.034167554,-0.016148103,0.0,0.0,0.0,0.0,0,48.864
208704000,208704000,0.98929626,-0.14092375,-0.0341211,-0.016681872,0.0,0.0,0.0,0.0,0,48.884
208724000,208724000,0.989576,-0.13890047,-0.03405148,-0.017195193,0.0,0.0,0.0,0.0,0,48.904
208744000,208744000,0.98986167,-0.1368112,-0.033954162,-0.017685534,0.0,0.0,0.0,0.0,0,48.924
208764000,208764000,0.99015176,-0.13466184,-0.033844363,-0.018148426,0.0,0.0,0.0,0.0,0,48.944
208784000,208784000,0.99044657,-0.13244821,-0.03371854,-0.018581843,0.0,0.0,0.0,0.0,0,48.964
208804000,208804000,0.9907431,-0.13019097,-0.033572298,-0.018984936,0.0,0.0,0.0,0.0,0,48.984
208824000,208824000,0.9910422,-0.12788364,-0.033400584,-0.019356528,0.0,0.0,0.0,0.0,0,49.004
208844000,208844000,0.99134207,-0.12553604,-0.033209924,-0.019694336,0.0,0.0,0.0,0.0,0,49.024
208864000,208864000,0.9916433,-0.12314163,-0.032998644,-0.019996954,0.0,0.0,0.0,0.0,0,49.044
208884000,208884000,0.9919437,-0.1207141,-0.032776736,-0.020262426,0.0,0.0,0.0,0.0,0,49.064
208904000,208904000,0.99224347,-0.11825115,-0.032538857,-0.020490618,0.0,0.0,0.0,0.0,0,49.084
208924000,208924000,0.9925403,-0.11577105,-0.032283477,-0.020681588,0.0,0.0,0.0,0.0,0,49.104
208944000,208944000,0.99283457,-0.113269605,-0.03200835,-0.02083477,0.0,0.0,0.0,0.0,0,49.124
208964000,208964000,0.9931246,-0.11075929,-0.031719353,-0.020949604,0.0,0.0,0.0,0.0,0,49.144
208984000,208984000,0.9934114,-0.10822826,-0.03142266,-0.021025088,0.0,0.0,0.0,0.0,0,49.164
209004000,209004000,0.99369305,-0.10569306,-0.031123262,-0.021061284,0.0,0.0,0.0,0.0,0,49.184
209024000,209024000,0.9939703,-0.10314807,-0.030807516,-0.021059975,0.0,0.0,0.0,0.0,0,49.204
209044000,209044000,0.99424183,-0.100606754,-0.030473571,-0.021022176,0.0,0.0,0.0,0.0,0,49.224
209064000,209064000,0.9945083,-0.09806037,-0.030127954,-0.020947548,0.0,0.0,0.0,0.0,0,49.244
209084000,209084000,0.9947675,-0.09552914,-0.029777687,-0.020836808,0.0,0.0,0.0,0.0,0,49.264
209104000,209104000,0.99502105,-0.09299842,-0.029418062,-0.020690927,0.0,0.0,0.0,0.0,0,49.284
209124000,209124000,0.9952673,-0.09048575,-0.029047336,-0.020511381,0.0,0.0,0.0,0.0,0,49.304
209144000,209144000,0.99550706,-0.087981045,-0.028672006,-0.020298826,0.0,0.0,0.0,0.0,0,49.324
209164000,209164000,0.9957393,-0.085497685,-0.028290443,-0.020055147,0.0,0.0,0.0,0.0,0,49.344
209184000,209184000,0.99596524,-0.08302204,-0.02789977,-0.019781653,0.0,0.0,0.0,0.0,0,49.364
209204000,209204000,0.99618393,-0.08056674,-0.027498374,-0.019480437,0.0,0.0,0.0,0.0,0,49.384
209224000,209224000,0.99639624,-0.07812232,-0.027087092,-0.019152766,0.0,0.0,0.0,0.0,0,49.404
209244000,209244000,0.99660087,-0.075705476,-0.026663737,-0.01880134,0.0,0.0,0.0,0.0,0,49.424
209264000,209264000,0.99679786,-0.073314615,-0.02623945,-0.018427,0.0,0.0,0.0,0.0,0,49.444
209284000,209284000,0.9969866,-0.07096106,-0.025809914,-0.01803204,0.0,0.0,0.0,0.0,0,49.464
209304000,209304000,0.9971684,-0.068626575,-0.025382847,-0.017616961,0.0,0.0,0.0,0.0,0,49.484
209324000,209324000,0.9973426,-0.066322885,-0.02495773,-0.017183855,0.0,0.0,0.0,0.0,0,49.504
209344000,209344000,0.9975098,-0.06403929,-0.024541136,-0.016734637,0.0,0.0,0.0,0.0,0,49.524
209364000,209364000,0.99766994,-0.061783377,-0.024120288,-0.016272062,0.0,0.0,0.0,0.0,0,49.544
209384000,209384000,0.99782306,-0.05955616,-0.023699932,-0.015797645,0.0,0.0,0.0,0.0,0,49.564
209404000,209404000,0.9979688,-0.057370126,-0.0232701,-0.015314008,0.0,0.0,0.0,0.0,0,49.584
209424000,209424000,0.99810845,-0.055204473,-0.022834638,-0.014822209,0.0,0.0,0.0,0.0,0,49.604
209444000,209444000,0.9982418,-0.05306843,-0.022383302,-0.014324415,0.0,0.0,0.0,0.0,0,49.624
209464000,209464000,0.99836946,-0.05094998,-0.021923274,-0.013821917,0.0,0.0,0.0,0.0,0,49.644
209484000,209484000,0.9984913,-0.048853796,-0.02145224,-0.013316287,0.0,0.0,0.0,0.0,0,49.664
209504000,209504000,0.9986078,-0.04677217,-0.020972827,-0.01280892,0.0,0.0,0.0,0.0,0,49.684
209524000,209524000,0.9987188,-0.044712953,-0.02047504,-0.012302167,0.0,0.0,0.0,0.0,0,49.704
209544000,209544000,0.99882436,-0.04266932,-0.019980142,-0.011796745,0.0,0.0,0.0,0.0,0,49.724
209564000,209564000,0.9989242,-0.040653814,-0.019474674,-0.011294898,0.0,0.0,0.0,0.0,0,49.744
209584000,209584000,0.99901843,-0.038663894,-0.018969065,-0.01079779,0.0,0.0,0.0,0.0,0,49.764
209604000,209604000,0.99910676,-0.03671276,-0.018458076,-0.010307088,0.0,0.0,0.0,0.0,0,49.784
209624000,209624000,0.9991898,-0.03479127,-0.017940825,-0.009823465,0.0,0.0,0.0,0.0,0,49.804
209644000,209644000,0.9992676,-0.032905795,-0.017413458,-0.009348472,0.0,0.0,0.0,0.0,0,49.824
209664000,209664000,0.99934036,-0.031049889,-0.016879098,-0.008882671,0.0,0.0,0.0,0.0,0,49.844
209684000,209684000,0.9994082,-0.029228391,-0.01634092,-0.008426701,0.0,0.0,0.0,0.0,0,49.864
209704000,209704000,0.999471,-0.027447743,-0.015803939,-0.007981697,0.0,0.0,0.0,0.0,0,49.884
209724000,209724000,0.99952877,-0.025712714,-0.015273614,-0.007548669,0.0,0.0,0.0,0.0,0,49.904
209744000,209744000,0.9995815,-0.024028549,-0.014753922,-0.007128484,0.0,0.0,0.0,0.0,0,49.924
209764000,209764000,0.9996298,-0.022390759,-0.014244243,-0.006721842,0.0,0.0,0.0,0.0,0,49.944
209784000,209784000,0.9996737,-0.020802304,-0.013740221,-0.0063298983,0.0,0.0,0.0,0.0,0,49.964
209804000,209804000,0.99971366,-0.019261427,-0.013238117,-0.0059531895,0.0,0.0,0.0,0.0,0,49.984
209824000,209824000,0.9997497,-0.017777245,-0.012737681,-0.0055923816,0.0,0.0,0.0,0.0,0,50.004
209844000,209844000,0.99978215,-0.016345756,-0.012248037,-0.0052476893,0.0,0.0,0.0,0.0,0,50.024
209864000,209864000,0.99981105,-0.014973808,-0.011771293,-0.0049197297,0.0,0.0,0.0,0.0,0,50.044
209884000,209884000,0.99983674,-0.01365983,-0.0113048535,-0.004608803,0.0,0.0,0.0,0.0,0,50.064
209904000,209904000,0.99985945,-0.012407908,-0.010846539,-0.004315231,0.0,0.0,0.0,0.0,0,50.084
209924000,209924000,0.9998795,-0.011206819,-0.010404305,-0.0040389737,0.0,0.0,0.0,0.0,0,50.104
209944000,209944000,0.99989706,-0.010061234,-0.009972566,-0.0037804507,0.0,0.0,0.0,0.0,0,50.124
209964000,209964000,0.99991244,-0.008964437,-0.009555258,-0.0035395555,0.0,0.0,0.0,0.0,0,50.144
209984000,209984000,0.9999258,-0.007923177,-0.009152411,-0.0033163151,0.0,0.0,0.0,0.0,0,50.164
210004000,210004000,0.9999373,-0.0069293533,-0.008764273,-0.0031102486,0.0,0.0,0.0,0.0,0,50.184
210024000,210024000,0.9999472,-0.005984284,-0.008390287,-0.0029212756,0.0,0.0,0.0,0.0,0,50.204
210044000,210044000,0.9999556,-0.0050814175,-0.008033882,-0.0027491779,0.0,0.0,0.0,0.0,0,50.224
210064000,210064000,0.9999627,-0.0042300443,-0.0076904814,-0.00259392,0.0,0.0,0.0,0.0,0,50.244
210084000,210084000,0.9999686,-0.0034251038,-0.007356133,-0.0024551738,0.0,0.0,0.0,0.0,0,50.264
210104000,210104000,0.99997354,-0.0026674743,-0.0070327907,-0.002332246,0.0,0.0,0.0,0.0,0,50.284
210124000,210124000,0.9999775,-0.001950821,-0.0067267204,-0.002224775,0.0,0.0,0.0,0.0,0,50.304
210144000,210144000,0.99998075,-0.0012768037,-0.006433793,-0.0021320216,0.0,0.0,0.0,0.0,0,50.324
210164000,210164000,0.9999833,-0.00064312463,-0.00615521,-0.0020532114,0.0,0.0,0.0,0.0,0,50.344
210184000,210184000,0.9999853,-4.7494363e-05,-0.005884685,-0.0019878747,0.0,0.0,0.0,0.0,0,50.364
210204000,210204000,0.99998677,0.00051097415,-0.005622413,-0.0019354762,0.0,0.0,0.0,0.0,0,50.384
210224000,210224000,0.9999878,0.001029765,-0.0053730807,-0.0018955376,0.0,0.0,0.0,0.0,0,50.404
210244000,210244000,0.9999885,0.0015131872,-0.005134696,-0.0018675139,0.0,0.0,0.0,0.0,0,50.424
210264000,210264000,0.9999889,0.001960781,-0.0049045836,-0.0018506758,0.0,0.0,0.0,0.0,0,50.444
210284000,210284000,0.99998903,0.0023705047,-0.0046874415,-0.0018440986,0.0,0.0,0.0,0.0,0,50.464
210304000,210304000,0.99998903,0.0027413154,-0.0044818036,-0.0018474393,0.0,0.0,0.0,0.0,0,50.484
210324000,210324000,0.99998885,0.0030784681,-0.00429027,-0.0018599904,0.0,0.0,0.0,0.0,0,50.504
210344000,210344000,0.99998856,0.0033855075,-0.004118093,-0.001880986,0.0,0.0,0.0,0.0,0,50.524
210364000,210364000,0.9999882,0.0036632197,-0.0039565363,-0.0019095885,0.0,0.0,0.0,0.0,0,50.544
210384000,210384000,0.9999878,0.003912658,-0.0038018902,-0.0019454233,0.0,0.0,0.0,0.0,0,50.564
210404000,210404000,0.99998736,0.0041318038,-0.0036543445,-0.0019878852,0.0,0.0,0.0,0.0,0,50.584
210424000,210424000,0.99998695,0.004325996,-0.0035204631,-0.0020361496,0.0,0.0,0.0,0.0,0,50.604
210444000,210444000,0.99998647,0.004497267,-0.0033967944,-0.00208964,0.0,0.0,0.0,0.0,0,50.624
210464000,210464000,0.99998605,0.0046471455,-0.0032796038,-0.0021478534,0.0,0.0,0.0,0.0,0,50.644
210484000,210484000,0.9999857,0.0047767158,-0.0031700346,-0.0022101975,0.0,0.0,0.0,0.0,0,50.664
210504000,210504000,0.99998534,0.0048789806,-0.00306392,-0.0022760248,0.0,0.0,0.0,0.0,0,50.684
210524000,210524000,0.99998516,0.0049516945,-0.0029635606,-0.0023446302,0.0,0.0,0.0,0.0,0,50.704
210544000,210544000,0.999985,0.0050030216,-0.0028715408,-0.0024154715,0.0,0.0,0.0,0.0,0,50.724
210564000,210564000,0.9999849,0.005030457,-0.0027830454,-0.0024881193,0.0,0.0,0.0,0.0,0,50.744
210584000,210584000,0.9999849,0.0050398465,-0.0026962187,-0.0025621792,0.0,0.0,0.0,0.0,0,50.764
210604000,210604000,0.999985,0.0050344057,-0.0026165086,-0.002637098,0.0,0.0,0.0,0.0,0,50.784
210624000,210624000,0.99998504,0.005016524,-0.002546693,-0.0027123492,0.0,0.0,0.0,0.0,0,50.804
210644000,210644000,0.9999851,0.0049884366,-0.0024925256,-0.002787853,0.0,0.0,0.0,0.0,0,50.824
210664000,210664000,0.9999852,0.0049529755,-0.0024474992,-0.0028630656,0.0,0.0,0.0,0.0,0,50.844
210684000,210684000,0.99998534,0.0049008518,-0.002406551,-0.0029378047,0.0,0.0,0.0,0.0,0,50.864
210704000,210704000,0.9999856,0.004831541,-0.0023657468,-0.0030118055,0.0,0.0,0.0,0.0,0,50.884
210724000,210724000,0.9999858,0.00474719,-0.0023313467,-0.003084548,0.0,0.0,0.0,0.0,0,50.904
210744000,210744000,0.9999861,0.0046527595,-0.002302582,-0.0031554906,0.0,0.0,0.0,0.0,0,50.924
210764000,210764000,0.9999864,0.0045521585,-0.0022771934,-0.00322498,0.0,0.0,0.0,0.0,0,50.944
210784000,210784000,0.9999867,0.0044409335,-0.0022602766,-0.003292857,0.0,0.0,0.0,0.0,0,50.964
210804000,210804000,0.99998707,0.004322618,-0.0022483454,-0.00335863,0.0,0.0,0.0,0.0,0,50.984
210824000,210824000,0.99998736,0.004199262,-0.0022422061,-0.0034219662,0.0,0.0,0.0,0.0,0,51.004
210844000,210844000,0.9999877,0.00406592,-0.0022426834,-0.0034827664,0.0,0.0,0.0,0.0,0,51.024
210864000,210864000,0.9999881,0.0039252564,-0.0022453184,-0.0035410018,0.0,0.0,0.0,0.0,0,51.044
210884000,210884000,0.9999884,0.0037762686,-0.0022581285,-0.0035964584,0.0,0.0,0.0,0.0,0,51.064
210904000,210904000,0.99998873,0.0036264332,-0.0022851015,-0.0036490802,0.0,0.0,0.0,0.0,0,51.084
210924000,210924000,0.999989,0.0034780963,-0.0023193648,-0.0036992065,0.0,0.0,0.0,0.0,0,51.104
210944000,210944000,0.9999892,0.0033267098,-0.0023587004,-0.003746501,0.0,0.0,0.0,0.0,0,51.124
210964000,210964000,0.99998945,0.0031687166,-0.0024039657,-0.0037903662,0.0,0.0,0.0,0.0,0,51.144
210984000,210984000,0.9999897,0.0030092099,-0.0024527519,-0.0038309419,0.0,0.0,0.0,0.0,0,51.164
211004000,211004000,0.9999899,0.0028438598,-0.0025006286,-0.003868259,0.0,0.0,0.0,0.0,0,51.184
211024000,211024000,0.9999901,0.002677201,-0.002552658,-0.0039018625,0.0,0.0,0.0,0.0,0,51.204
211044000,211044000,0.9999903,0.0025094494,-0.0026047106,-0.003931545,0.0,0.0,0.0,0.0,0,51.224
211064000,211064000,0.99999046,0.0023415284,-0.002656046,-0.0039574467,0.0,0.0,0.0,0.0,0,51.244
211084000,211084000,0.9999906,0.0021784222,-0.0027110216,-0.0039802855,0.0,0.0,0.0,0.0,0,51.264
211104000,211104000,0.9999907,0.0020226531,-0.002762499,-0.0040000076,0.0,0.0,0.0,0.0,0,51.284
211124000,211124000,0.9999908,0.001871459,-0.002807534,-0.004016227,0.0,0.0,0.0,0.0,0,51.304
211144000,211144000,0.9999909,0.0017190941,-0.002849911,-0.0040287445,0.0,0.0,0.0,0.0,0,51.324
211164000,211164000,0.999991,0.0015645314,-0.0028889147,-0.0040374505,0.0,0.0,0.0,0.0,0,51.344
211184000,211184000,0.9999911,0.001404953,-0.002921212,-0.004042848,0.0,0.0,0.0,0.0,0,51.364
211204000,211204000,0.99999124,0.0012390125,-0.002943898,-0.004045652,0.0,0.0,0.0,0.0,0,51.384
211224000,211224000,0.9999914,0.001069788,-0.002959237,-0.004046267,0.0,0.0,0.0,0.0,0,51.404
211244000,211244000,0.99999154,0.0008970577,-0.002968996,-0.0040448494,0.0,0.0,0.0,0.0,0,51.424
211264000,211264000,0.9999917,0.0007221031,-0.0029733798,-0.004041353,0.0,0.0,0.0,0.0,0,51.444
211284000,211284000,0.99999183,0.0005484554,-0.0029685674,-0.00403565,0.0,0.0,0.0,0.0,0,51.464
211304000,211304000,0.999992,0.00037919276,-0.0029562432,-0.0040281774,0.0,0.0,0.0,0.0,0,51.484
211324000,211324000,0.99999213,0.00021870463,-0.0029431,-0.004018886,0.0,0.0,0.0,0.0,0,51.504
211344000,211344000,0.99999225,7.331588e-05,-0.0029208632,-0.004007434,0.0,0.0,0.0,0.0,0,51.524
211364000,211364000,0.99999243,-6.403164e-05,-0.0028743292,-0.0039940355,0.0,0.0,0.0,0.0,0,51.544
211384000,211384000,0.9999926,-0.00019628531,-0.002820822,-0.0039790943,0.0,0.0,0.0,0.0,0,51.564
211404000,211404000,0.9999928,-0.00033481815,-0.0027741815,-0.00396296,0.0,0.0,0.0,0.0,0,51.584
211424000,211424000,0.99999297,-0.00046948888,-0.0027196638,-0.003945956,0.0,0.0,0.0,0.0,0,51.604
211444000,211444000,0.99999315,-0.00059212453,-0.0026465307,-0.0039281063,0.0,0.0,0.0,0.0,0,51.624
211464000,211464000,0.9999934,-0.00070028094,-0.002552366,-0.0039096056,0.0,0.0,0.0,0.0,0,51.644
211484000,211484000,0.9999936,-0.0008031994,-0.0024585358,-0.0038911137,0.0,0.0,0.0,0.0,0,51.664
211504000,211504000,0.9999938,-0.0009059173,-0.002377888,-0.0038725908,0.0,0.0,0.0,0.0,0,51.684
211524000,211524000,0.999994,-0.0010067794,-0.0022849487,-0.0038540503,0.0,0.0,0.0,0.0,0,51.704
211544000,211544000,0.9999942,-0.0010943867,-0.0021830918,-0.0038354082,0.0,0.0,0.0,0.0,0,51.724
211564000,211564000,0.9999944,-0.0011786349,-0.0020899947,-0.003817168,0.0,0.0,0.0,0.0,0,51.744
211584000,211584000,0.9999945,-0.0012629564,-0.0020004818,-0.0037992785,0.0,0.0,0.0,0.0,0,51.764
211604000,211604000,0.9999947,-0.0013442893,-0.0018968232,-0.0037820088,0.0,0.0,0.0,0.0,0,51.784
211624000,211624000,0.9999949,-0.0014217073,-0.0017790116,-0.0037651996,0.0,0.0,0.0,0.0,0,51.804
211644000,211644000,0.99999505,-0.001501771,-0.001654448,-0.0037487585,0.0,0.0,0.0,0.0,0,51.824
211664000,211664000,0.9999952,-0.0015823967,-0.0015251519,-0.003732849,0.0,0.0,0.0,0.0,0,51.844
211684000,211684000,0.9999953,-0.001655767,-0.001399633,-0.0037177207,0.0,0.0,0.0,0.0,0,51.864
211704000,211704000,0.9999954,-0.0017234139,-0.0012751567,-0.003703173,0.0,0.0,0.0,0.0,0,51.884
211724000,211724000,0.99999547,-0.0017827798,-0.001155031,-0.0036895357,0.0,0.0,0.0,0.0,0,51.904
211744000,211744000,0.9999956,-0.0018335767,-0.0010385463,-0.0036773256,0.0,0.0,0.0,0.0,0,51.924
211764000,211764000,0.99999565,-0.0018800967,-0.00092387205,-0.0036666186,0.0,0.0,0.0,0.0,0,51.944
211784000,211784000,0.99999565,-0.0019272952,-0.0008086165,-0.003657672,0.0,0.0,0.0,0.0,0,51.964
211804000,211804000,0.9999957,-0.0019788323,-0.00069254637,-0.0036502832,0.0,0.0,0.0,0.0,0,51.984
211824000,211824000,0.99999565,-0.0020370448,-0.0005757248,-0.0036446066,0.0,0.0,0.0,0.0,0,52.004
211844000,211844000,0.9999956,-0.0021021627,-0.0004581661,-0.0036404214,0.0,0.0,0.0,0.0,0,52.024
211864000,211864000,0.9999955,-0.0021709038,-0.0003459123,-0.0036379152,0.0,0.0,0.0,0.0,0,52.044
211884000,211884000,0.9999954,-0.0022413717,-0.00024845783,-0.003636579,0.0,0.0,0.0,0.0,0,52.064
211904000,211904000,0.99999523,-0.0023112074,-0.00015677154,-0.0036360647,0.0,0.0,0.0,0.0,0,52.084
211924000,211924000,0.9999951,-0.0023720418,-7.345481e-05,-0.0036365238,0.0,0.0,0.0,0.0,0,52.104
211944000,211944000,0.999995,-0.0024232543,1.1724571e-05,-0.003638063,0.0,0.0,0.0,0.0,0,52.124
211964000,211964000,0.9999949,-0.002471659,0.00010435797,-0.003641249,0.0,0.0,0.0,0.0,0,52.144
211984000,211984000,0.9999947,-0.0025198362,0.00020388264,-0.0036459523,0.0,0.0,0.0,0.0,0,52.164
212004000,212004000,0.9999945,-0.002566343,0.0003080884,-0.0036522073,0.0,0.0,0.0,0.0,0,52.184
212024000,212024000,0.9999944,-0.0026101188,0.00040240306,-0.00365979,0.0,0.0,0.0,0.0,0,52.204
212044000,212044000,0.9999942,-0.0026432702,0.00048469042,-0.0036684733,0.0,0.0,0.0,0.0,0,52.224
212064000,212064000,0.9999941,-0.00266568,0.0005606978,-0.0036785624,0.0,0.0,0.0,0.0,0,52.244
212084000,212084000,0.9999939,-0.0026799024,0.00064054964,-0.003690049,0.0,0.0,0.0,0.0,0,52.264
212104000,212104000,0.9999938,-0.0026895595,0.0007271067,-0.0037026429,0.0,0.0,0.0,0.0,0,52.284
212124000,212124000,0.9999937,-0.002693265,0.00082416245,-0.0037161312,0.0,0.0,0.0,0.0,0,52.304
212144000,212144000,0.99999356,-0.0026874237,0.0009321112,-0.0037302154,0.0,0.0,0.0,0.0,0,52.324
212164000,212164000,0.99999344,-0.0026730564,0.0010446751,-0.0037449375,0.0,0.0,0.0,0.0,0,52.344
212184000,212184000,0.99999326,-0.002657621,0.0011603673,-0.0037605034,0.0,0.0,0.0,0.0,0,52.364
212204000,212204000,0.9999931,-0.0026451543,0.0012760503,-0.003777176,0.0,0.0,0.0,0.0,0,52.384
212224000,212224000,0.9999929,-0.0026378874,0.0013913708,-0.00379456,0.0,0.0,0.0,0.0,0,52.404
212244000,212244000,0.99999267,-0.0026285597,0.001513945,-0.0038123066,0.0,0.0,0.0,0.0,0,52.424
212264000,212264000,0.99999243,-0.0026176467,0.0016436493,-0.0038302313,0.0,0.0,0.0,0.0,0,52.444
212284000,212284000,0.9999922,-0.00260992,0.0017746784,-0.0038485727,0.0,0.0,0.0,0.0,0,52.464
212304000,212304000,0.9999919,-0.0026003374,0.0019033605,-0.0038672271,0.0,0.0,0.0,0.0,0,52.484
212324000,212324000,0.9999916,-0.0025852008,0.0020252564,-0.003886161,0.0,0.0,0.0,0.0,0,52.504
212344000,212344000,0.99999136,-0.0025661024,0.0021447218,-0.0039049948,0.0,0.0,0.0,0.0,0,52.524
212364000,212364000,0.99999106,-0.0025443756,0.0022588302,-0.0039237277,0.0,0.0,0.0,0.0,0,52.544
212384000,212384000,0.9999908,-0.0025256553,0.0023592513,-0.003941865,0.0,0.0,0.0,0.0,0,52.564
212404000,212404000,0.9999906,-0.002514108,0.0024441609,-0.003959317,0.0,0.0,0.0,0.0,0,52.584
212424000,212424000,0.99999034,-0.0025032454,0.0025265673,-0.0039766016,0.0,0.0,0.0,0.0,0,52.604
212444000,212444000,0.9999901,-0.0024837735,0.002604459,-0.003993962,0.0,0.0,0.0,0.0,0,52.624
212464000,212464000,0.9999899,-0.002464072,0.0026696282,-0.0040108496,0.0,0.0,0.0,0.0,0,52.644
212484000,212484000,0.99998975,-0.0024439727,0.0027250412,-0.004027779,0.0,0.0,0.0,0.0,0,52.664
212504000,212504000,0.9999896,-0.002414625,0.002774695,-0.0040447647,0.0,0.0,0.0,0.0,0,52.684
212524000,212524000,0.9999895,-0.0023752407,0.0028293058,-0.004061489,0.0,0.0,0.0,0.0,0,52.704
212544000,212544000,0.99998933,-0.0023351077,0.002883326,-0.0040777773,0.0,0.0,0.0,0.0,0,52.724
212564000,212564000,0.9999893,-0.0022938577,0.0029263026,-0.004093883,0.0,0.0,0.0,0.0,0,52.744
212584000,212584000,0.99998915,-0.0022442392,0.0029712378,-0.004109802,0.0,0.0,0.0,0.0,0,52.764
212604000,212604000,0.9999891,-0.00218644,0.0030153173,-0.0041257767,0.0,0.0,0.0,0.0,0,52.784
212624000,212624000,0.99998903,-0.0021233482,0.003057091,-0.004141645,0.0,0.0,0.0,0.0,0,52.804
212644000,212644000,0.99998903,-0.0020600867,0.0030929518,-0.0041571204,0.0,0.0,0.0,0.0,0,52.824
212664000,212664000,0.999989,-0.0019957775,0.0031253037,-0.0041724257,0.0,0.0,0.0,0.0,0,52.844
212684000,212684000,0.999989,-0.0019271935,0.0031563712,-0.0041874656,0.0,0.0,0.0,0.0,0,52.864
212704000,212704000,0.999989,-0.0018465265,0.0031821693,-0.0042022583,0.0,0.0,0.0,0.0,0,52.884
212724000,212724000,0.999989,-0.0017584823,0.0032081467,-0.004216866,0.0,0.0,0.0,0.0,0,52.904
212744000,212744000,0.99998903,-0.0016616865,0.0032239885,-0.0042310697,0.0,0.0,0.0,0.0,0,52.924
212764000,212764000,0.99998915,-0.001556094,0.003226297,-0.004245029,0.0,0.0,0.0,0.0,0,52.944
212784000,212784000,0.9999892,-0.0014437822,0.0032259563,-0.004258834,0.0,0.0,0.0,0.0,0,52.964
212804000,212804000,0.99998933,-0.0013266498,0.0032210217,-0.0042719063,0.0,0.0,0.0,0.0,0,52.984
212824000,212824000,0.9999895,-0.0012033699,0.0032085832,-0.0042844764,0.0,0.0,0.0,0.0,0,53.004
212844000,212844000,0.9999896,-0.0010785017,0.0031910639,-0.00429667,0.0,0.0,0.0,0.0,0,53.024
212864000,212864000,0.9999898,-0.00095136324,0.0031618695,-0.0043083047,0.0,0.0,0.0,0.0,0,53.044
212884000,212884000,0.99999005,-0.0008335912,0.0031063133,-0.004319819,0.0,0.0,0.0,0.0,0,53.064
212904000,212904000,0.9999903,-0.00071772584,0.0030398418,-0.0043313187,0.0,0.0,0.0,0.0,0,53.084
212924000,212924000,0.9999905,-0.00059985125,0.00297027,-0.0043427604,0.0,0.0,0.0,0.0,0,53.104
212944000,212944000,0.99999076,-0.00048309658,0.0028959853,-0.0043541794,0.0,0.0,0.0,0.0,0,53.124
212964000,212964000,0.999991,-0.0003661215,0.0028194464,-0.0043654847,0.0,0.0,0.0,0.0,0,53.144
212984000,212984000,0.9999912,-0.00025301846,0.002749316,-0.0043762564,0.0,0.0,0.0,0.0,0,53.164
213004000,213004000,0.99999136,-0.00014939104,0.0026667435,-0.0043866932,0.0,0.0,0.0,0.0,0,53.184
213024000,213024000,0.9999916,-4.960731e-05,0.0025703942,-0.004397065,0.0,0.0,0.0,0.0,0,53.204
213044000,213044000,0.9999918,5.1422245e-05,0.0024690651,-0.004407374,0.0,0.0,0.0,0.0,0,53.224
213064000,213064000,0.99999195,0.00015331004,0.0023696916,-0.004417269,0.0,0.0,0.0,0.0,0,53.244
213084000,213084000,0.99999213,0.00025326636,0.002275729,-0.004426796,0.0,0.0,0.0,0.0,0,53.264
213104000,213104000,0.99999225,0.0003489898,0.002179279,-0.004435664,0.0,0.0,0.0,0.0,0,53.284
213124000,213124000,0.99999243,0.00043729728,0.0020742249,-0.0044438075,0.0,0.0,0.0,0.0,0,53.304
213144000,213144000,0.9999926,0.0005175673,0.001958836,-0.0044512874,0.0,0.0,0.0,0.0,0,53.324
213164000,213164000,0.9999927,0.0005914246,0.0018381982,-0.0044586523,0.0,0.0,0.0,0.0,0,53.344
213184000,213184000,0.9999929,0.00065531227,0.0017148607,-0.004465566,0.0,0.0,0.0,0.0,0,53.364
213204000,213204000,0.999993,0.0007074777,0.0015830473,-0.0044718883,0.0,0.0,0.0,0.0,0,53.384
213224000,213224000,0.9999932,0.000760271,0.0014503949,-0.0044779144,0.0,0.0,0.0,0.0,0,53.404
213244000,213244000,0.9999933,0.0008083652,0.0013142602,-0.00448357,0.0,0.0,0.0,0.0,0,53.424
213264000,213264000,0.99999344,0.000847794,0.0011835792,-0.0044892887,0.0,0.0,0.0,0.0,0,53.444
213284000,213284000,0.9999935,0.0008780177,0.0010558713,-0.004494912,0.0,0.0,0.0,0.0,0,53.464
213304000,213304000,0.9999936,0.00090471614,0.0009114598,-0.004500344,0.0,0.0,0.0,0.0,0,53.484
213324000,213324000,0.9999937,0.00093670137,0.0007610072,-0.004505789,0.0,0.0,0.0,0.0,0,53.504
213344000,213344000,0.9999937,0.0009700323,0.00062648725,-0.004511242,0.0,0.0,0.0,0.0,0,53.524
213364000,213364000,0.99999374,0.0009943708,0.0004932748,-0.0045172004,0.0,0.0,0.0,0.0,0,53.544
213384000,213384000,0.99999374,0.001013877,0.00035780383,-0.004523293,0.0,0.0,0.0,0.0,0,53.564
213404000,213404000,0.99999374,0.0010336783,0.00022156803,-0.0045294235,0.0,0.0,0.0,0.0,0,53.584
213424000,213424000,0.9999937,0.0010559488,8.522525e-05,-0.004535549,0.0,0.0,0.0,0.0,0,53.604
213444000,213444000,0.9999937,0.0010817249,-5.0876308e-05,-0.0045416495,0.0,0.0,0.0,0.0,0,53.624
213464000,213464000,0.99999356,0.0011095408,-0.00018488926,-0.004547502,0.0,0.0,0.0,0.0,0,53.644
213484000,213484000,0.9999935,0.0011385237,-0.00031552312,-0.004553237,0.0,0.0,0.0,0.0,0,53.664
213504000,213504000,0.9999934,0.0011702114,-0.00044452574,-0.004558897,0.0,0.0,0.0,0.0,0,53.684
213524000,213524000,0.99999326,0.0012053752,-0.0005724008,-0.0045645023,0.0,0.0,0.0,0.0,0,53.704
213544000,213544000,0.9999931,0.0012441874,-0.00069968926,-0.00457006,0.0,0.0,0.0,0.0,0,53.724
213564000,213564000,0.9999929,0.001284578,-0.0008239795,-0.00457535,0.0,0.0,0.0,0.0,0,53.744
213584000,213584000,0.9999928,0.0013130575,-0.00093211926,-0.004580161,0.0,0.0,0.0,0.0,0,53.764
213604000,213604000,0.9999926,0.0013299814,-0.0010342957,-0.004585242,0.0,0.0,0.0,0.0,0,53.784
213624000,213624000,0.9999925,0.0013373035,-0.0011378082,-0.004590183,0.0,0.0,0.0,0.0,0,53.804
213644000,213644000,0.9999923,0.0013374229,-0.0012366124,-0.004594907,0.0,0.0,0.0,0.0,0,53.824
213664000,213664000,0.9999922,0.0013334627,-0.0013288446,-0.0045992816,0.0,0.0,0.0,0.0,0,53.844
213684000,213684000,0.9999921,0.0013307411,-0.0013997889,-0.0046039945,0.0,0.0,0.0,0.0,0,53.864
213704000,213704000,0.999992,0.001327948,-0.0014585853,-0.0046090465,0.0,0.0,0.0,0.0,0,53.884
213724000,213724000,0.9999919,0.0013181127,-0.0015163891,-0.0046148226,0.0,0.0,0.0,0.0,0,53.904
213744000,213744000,0.9999918,0.0013133242,-0.001567054,-0.0046215625,0.0,0.0,0.0,0.0,0,53.924
213764000,213764000,0.99999166,0.0013196326,-0.0016067602,-0.004629339,0.0,0.0,0.0,0.0,0,53.944
213784000,213784000,0.99999154,0.001331606,-0.0016420806,-0.0046380833,0.0,0.0,0.0,0.0,0,53.964
213804000,213804000,0.9999914,0.0013484139,-0.0016718238,-0.004647708,0.0,0.0,0.0,0.0,0,53.984
213824000,213824000,0.99999136,0.0013590025,-0.0016938328,-0.0046578087,0.0,0.0,0.0,0.0,0,54.004
213844000,213844000,0.99999124,0.001358598,-0.0017170267,-0.004668382,0.0,0.0,0.0,0.0,0,54.024
213864000,213864000,0.9999912,0.0013651674,-0.0017384369,-0.004679441,0.0,0.0,0.0,0.0,0,54.044
213884000,213884000,0.99999106,0.0013788514,-0.0017479692,-0.0046908255,0.0,0.0,0.0,0.0,0,54.064
213904000,213904000,0.999991,0.0013897927,-0.0017526436,-0.004702666,0.0,0.0,0.0,0.0,0,54.084
213924000,213924000,0.99999094,0.0014004488,-0.0017547319,-0.004714851,0.0,0.0,0.0,0.0,0,54.104
213944000,213944000,0.9999908,0.0014144306,-0.0017526416,-0.0047275904,0.0,0.0,0.0,0.0,0,54.124
213964000,213964000,0.99999076,0.0014243593,-0.0017545511,-0.0047409707,0.0,0.0,0.0,0.0,0,54.144
213984000,213984000,0.9999907,0.0014283502,-0.0017625795,-0.0047551184,0.0,0.0,0.0,0.0,0,54.164
214004000,214004000,0.9999906,0.0014366856,-0.0017665832,-0.004769821,0.0,0.0,0.0,0.0,0,54.184
214024000,214024000,0.9999905,0.0014517193,-0.0017641498,-0.0047847726,0.0,0.0,0.0,0.0,0,54.204
214044000,214044000,0.9999904,0.0014686285,-0.0017683089,-0.004799926,0.0,0.0,0.0,0.0,0,54.224
214064000,214064000,0.9999903,0.0014842693,-0.0017836862,-0.0048152334,0.0,0.0,0.0,0.0,0,54.244
214084000,214084000,0.9999901,0.0014999158,-0.001803339,-0.0048305253,0.0,0.0,0.0,0.0,0,54.264
214104000,214104000,0.99999,0.0015163557,-0.0018238921,-0.00484575,0.0,0.0,0.0,0.0,0,54.284
214124000,214124000,0.99998987,0.0015333709,-0.0018442482,-0.0048609995,0.0,0.0,0.0,0.0,0,54.304
214144000,214144000,0.99998975,0.0015481968,-0.0018661108,-0.004876208,0.0,0.0,0.0,0.0,0,54.324
214164000,214164000,0.9999896,0.0015557744,-0.001881065,-0.0048908438,0.0,0.0,0.0,0.0,0,54.344
214184000,214184000,0.9999895,0.0015569859,-0.0018883682,-0.0049053268,0.0,0.0,0.0,0.0,0,54.364
214204000,214204000,0.99998945,0.0015507159,-0.0018960895,-0.004920008,0.0,0.0,0.0,0.0,0,54.384
214224000,214224000,0.9999894,0.0015397471,-0.0019045691,-0.0049346816,0.0,0.0,0.0,0.0,0,54.404
214244000,214244000,0.99998933,0.0015271142,-0.0019120331,-0.0049492936,0.0,0.0,0.0,0.0,0,54.424
214264000,214264000,0.9999893,0.0015141823,-0.0019176628,-0.004963821,0.0,0.0,0.0,0.0,0,54.444
214284000,214284000,0.9999892,0.0015014648,-0.0019210475,-0.0049782526,0.0,0.0,0.0,0.0,0,54.464
214304000,214304000,0.99998915,0.0014891828,-0.0019219619,-0.004992585,0.0,0.0,0.0,0.0,0,54.484
214324000,214324000,0.9999891,0.0014753095,-0.0019222978,-0.005006528,0.0,0.0,0.0,0.0,0,54.504
214344000,214344000,0.99998903,0.0014562192,-0.0019255297,-0.005020218,0.0,0.0,0.0,0.0,0,54.524
214364000,214364000,0.99998903,0.0014331483,-0.0019248642,-0.005033449,0.0,0.0,0.0,0.0,0,54.544
214384000,214384000,0.99998707,0.0012422501,0.002840748,-0.005033325,0.0,0.0,0.0,0.0,0,54.564
214404000,214404000,0.9997892,0.00060575746,0.020131879,-0.0050043915,0.0,0.0,0.0,0.0,0,54.584
214424000,214424000,0.99897206,-0.00043863236,0.045158044,-0.004948292,0.0,0.0,0.0,0.0,0,54.604
214444000,214444000,0.99746734,-0.0017267788,0.071002014,-0.0048674163,0.0,0.0,0.0,0.0,0,54.624
214464000,214464000,0.9953109,-0.0031207635,0.09660645,-0.004765376,0.0,0.0,0.0,0.0,0,54.644
214484000,214484000,0.99248314,-0.0045436,0.12224621,-0.0046469085,0.0,0.0,0.0,0.0,0,54.664
214504000,214504000,0.98906547,-0.0059580677,0.14731856,-0.0045128404,0.0,0.0,0.0,0.0,0,54.684
214524000,214524000,0.98525465,-0.0073086317,0.17090917,-0.0043662684,0.0,0.0,0.0,0.0,0,54.704
214544000,214544000,0.9812423,-0.008593756,0.1925645,-0.00420521,0.0,0.0,0.0,0.0,0,54.724
214564000,214564000,0.97714865,-0.009785881,0.21231471,-0.004035326,0.0,0.0,0.0,0.0,0,54.744
214584000,214584000,0.973077,-0.0108828265,0.23021074,-0.0038579681,0.0,0.0,0.0,0.0,0,54.764
214604000,214604000,0.96909016,-0.011870383,0.24641214,-0.0036786033,0.0,0.0,0.0,0.0,0,54.784
214624000,214624000,0.9652648,-0.012756552,0.26095596,-0.003496535,0.0,0.0,0.0,0.0,0,54.804
214644000,214644000,0.9616343,-0.013539367,0.27399695,-0.0033153421,0.0,0.0,0.0,0.0,0,54.824
214664000,214664000,0.95823854,-0.0142259635,0.2856147,-0.0031352113,0.0,0.0,0.0,0.0,0,54.844
214684000,214684000,0.9550714,-0.014813677,0.2960059,-0.0029607608,0.0,0.0,0.0,0.0,0,54.864
214704000,214704000,0.9521484,-0.015312243,0.30525458,-0.0027916373,0.0,0.0,0.0,0.0,0,54.884
214724000,214724000,0.949465,-0.015730364,0.31348202,-0.0026281418,0.0,0.0,0.0,0.0,0,54.904
214744000,214744000,0.94702196,-0.016073879,0.32077095,-0.0024709061,0.0,0.0,0.0,0.0,0,54.924
214764000,214764000,0.9448069,-0.016345002,0.32722557,-0.002322503,0.0,0.0,0.0,0.0,0,54.944
214784000,214784000,0.9428211,-0.016549356,0.33289462,-0.0021830404,0.0,0.0,0.0,0.0,0,54.964
214804000,214804000,0.9411104,-0.01668922,0.33769462,-0.002050942,0.0,0.0,0.0,0.0,0,54.984
214824000,214824000,0.9397421,-0.01676356,0.34148082,-0.0019254317,0.0,0.0,0.0,0.0,0,55.004
214844000,214844000,0.93875057,-0.016775442,0.34419736,-0.0018060773,0.0,0.0,0.0,0.0,0,55.024
214864000,214864000,0.93814665,-0.016729167,0.34584284,-0.0016928766,0.0,0.0,0.0,0.0,0,55.044
214884000,214884000,0.9379146,-0.016628712,0.3464769,-0.001587118,0.0,0.0,0.0,0.0,0,55.064
214904000,214904000,0.93803185,-0.016476171,0.34616712,-0.0014909438,0.0,0.0,0.0,0.0,0,55.084
214924000,214924000,0.93847877,-0.01627338,0.3449637,-0.0014060441,0.0,0.0,0.0,0.0,0,55.104
214944000,214944000,0.93923306,-0.016024714,0.34291655,-0.0013335171,0.0,0.0,0.0,0.0,0,55.124
214964000,214964000,0.9402748,-0.015737986,0.34006336,-0.0012727224,0.0,0.0,0.0,0.0,0,55.144
214984000,214984000,0.94158,-0.015414209,0.3364478,-0.001225655,0.0,0.0,0.0,0.0,0,55.164
215004000,215004000,0.94313085,-0.015049842,0.3320925,-0.0011953502,0.0,0.0,0.0,0.0,0,55.184
215024000,215024000,0.9448976,-0.014655607,0.3270497,-0.0011804214,0.0,0.0,0.0,0.0,0,55.204
215044000,215044000,0.9468635,-0.0142407855,0.32133228,-0.0011785221,0.0,0.0,0.0,0.0,0,55.224
215064000,215064000,0.94900554,-0.01380757,0.31496912,-0.0011909476,0.0,0.0,0.0,0.0,0,55.244
215084000,215084000,0.9513057,-0.013354297,0.30797204,-0.0012190214,0.0,0.0,0.0,0.0,0,55.264
215104000,215104000,0.95373195,-0.012879075,0.30039483,-0.0012647505,0.0,0.0,0.0,0.0,0,55.284
215124000,215124000,0.9562704,-0.012378081,0.2922345,-0.0013300264,0.0,0.0,0.0,0.0,0,55.304
215144000,215144000,0.9588865,-0.011868648,0.28355414,-0.0014110033,0.0,0.0,0.0,0.0,0,55.324
215164000,215164000,0.9615682,-0.011345766,0.27434415,-0.0015094152,0.0,0.0,0.0,0.0,0,55.344
215184000,215184000,0.96428937,-0.010810384,0.26464242,-0.0016253978,0.0,0.0,0.0,0.0,0,55.364
215204000,215204000,0.96703404,-0.010256545,0.25445232,-0.0017605979,0.0,0.0,0.0,0.0,0,55.384
215224000,215224000,0.96976703,-0.009696047,0.24385114,-0.0019126259,0.0,0.0,0.0,0.0,0,55.404
215244000,215244000,0.972477,-0.009120759,0.23283045,-0.002083146,0.0,0.0,0.0,0.0,0,55.424
215264000,215264000,0.97513396,-0.008541064,0.22146061,-0.0022695092,0.0,0.0,0.0,0.0,0,55.444
215284000,215284000,0.97772676,-0.00794989,0.20973848,-0.002472632,0.0,0.0,0.0,0.0,0,55.464
215304000,215304000,0.9802275,-0.0073662815,0.19774166,-0.0026879606,0.0,0.0,0.0,0.0,0,55.484
215324000,215324000,0.9826288,-0.00677887,0.18545946,-0.00291696,0.0,0.0,0.0,0.0,0,55.504
215344000,215344000,0.9849049,-0.0062039657,0.17298272,-0.00315582,0.0,0.0,0.0,0.0,0,55.524
215364000,215364000,0.9870493,-0.005629851,0.16031083,-0.0034052208,0.0,0.0,0.0,0.0,0,55.544
215384000,215384000,0.9890408,-0.0050728805,0.14754075,-0.0036616612,0.0,0.0,0.0,0.0,0,55.564
215404000,215404000,0.9908779,-0.0045095673,0.13466364,-0.003927285,0.0,0.0,0.0,0.0,0,55.584
215424000,215424000,0.99254346,-0.003963322,0.12179208,-0.004197884,0.0,0.0,0.0,0.0,0,55.604
215444000,215444000,0.99404013,-0.0034178488,0.108911164,-0.0044740867,0.0,0.0,0.0,0.0,0,55.624
215464000,215464000,0.9953606,-0.0028882117,0.09610082,-0.0047526895,0.0,0.0,0.0,0.0,0,55.644
215484000,215484000,0.9965094,-0.0023701345,0.08334976,-0.005032713,0.0,0.0,0.0,0.0,0,55.664
215504000,215504000,0.99748147,-0.0018851752,0.07076764,-0.005310713,0.0,0.0,0.0,0.0,0,55.684
215524000,215524000,0.998285,-0.0014153414,0.058335077,-0.0055865245,0.0,0.0,0.0,0.0,0,55.704
215544000,215544000,0.9989217,-0.0009738499,0.04614414,-0.0058580027,0.0,0.0,0.0,0.0,0,55.724
215564000,215564000,0.9994017,-0.00054517324,0.034169678,-0.00612445,0.0,0.0,0.0,0.0,0,55.744
215584000,215584000,0.99973094,-0.0001395873,0.02250382,-0.0063841287,0.0,0.0,0.0,0.0,0,55.764
215604000,215604000,0.9999207,0.00025235096,0.011113986,-0.006635802,0.0,0.0,0.0,0.0,0,55.784
215624000,215624000,0.9999807,0.00061723054,8.0324404e-05,-0.006877927,0.0,0.0,0.0,0.0,0,55.804
215644000,215644000,0.99992234,0.00096840796,-0.010625658,-0.0071093403,0.0,0.0,0.0,0.0,0,55.824
215664000,215664000,0.99975735,0.0012980395,-0.020949826,-0.007328927,0.0,0.0,0.0,0.0,0,55.844
215684000,215684000,0.99949676,0.0016125223,-0.030917821,-0.007535545,0.0,0.0,0.0,0.0,0,55.864
215704000,215704000,0.99915284,0.0018986167,-0.040488984,-0.0077284416,0.0,0.0,0.0,0.0,0,55.884
215724000,215724000,0.9987357,0.0021621408,-0.049688026,-0.007906658,0.0,0.0,0.0,0.0,0,55.904
215744000,215744000,0.9982575,0.0023916473,-0.05848227,-0.008069946,0.0,0.0,0.0,0.0,0,55.924
215764000,215764000,0.997727,0.0025924733,-0.0669009,-0.008217489,0.0,0.0,0.0,0.0,0,55.944
215784000,215784000,0.9971548,0.0027619305,-0.07492738,-0.008349007,0.0,0.0,0.0,0.0,0,55.964
215804000,215804000,0.99654835,0.002913345,-0.08258548,-0.008463227,0.0,0.0,0.0,0.0,0,55.984
215824000,215824000,0.9959176,0.0030414402,-0.08985935,-0.008560117,0.0,0.0,0.0,0.0,0,56.004
215844000,215844000,0.99526954,0.0031554298,-0.096762806,-0.008638568,0.0,0.0,0.0,0.0,0,56.024
215864000,215864000,0.9946131,0.0032469516,-0.103284106,-0.008699329,0.0,0.0,0.0,0.0,0,56.044
215884000,215884000,0.9939534,0.0033267105,-0.10944547,-0.008741219,0.0,0.0,0.0,0.0,0,56.064
215904000,215904000,0.9932976,0.0033864006,-0.115241826,-0.008765359,0.0,0.0,0.0,0.0,0,56.084
215924000,215924000,0.99264956,0.003436687,-0.12069469,-0.008770774,0.0,0.0,0.0,0.0,0,56.104
215944000,215944000,0.9920148,0.0034692138,-0.125805,-0.00875881,0.0,0.0,0.0,0.0,0,56.124
215964000,215964000,0.99139804,0.0034902792,-0.13057794,-0.008729159,0.0,0.0,0.0,0.0,0,56.144
215984000,215984000,0.9908039,0.0034892017,-0.13501559,-0.008683724,0.0,0.0,0.0,0.0,0,56.164
216004000,216004000,0.99023443,0.0034776356,-0.13913484,-0.008621519,0.0,0.0,0.0,0.0,0,56.184
216024000,216024000,0.98969316,0.0034513902,-0.14293928,-0.008543691,0.0,0.0,0.0,0.0,0,56.204
216044000,216044000,0.989181,0.0034139222,-0.14644814,-0.008451039,0.0,0.0,0.0,0.0,0,56.224
216064000,216064000,0.98870075,0.0033611094,-0.14966287,-0.008344687,0.0,0.0,0.0,0.0,0,56.244
216084000,216084000,0.98825294,0.0032938381,-0.15260005,-0.00822571,0.0,0.0,0.0,0.0,0,56.264
216104000,216104000,0.98783845,0.003206621,-0.15526891,-0.008095954,0.0,0.0,0.0,0.0,0,56.284
216124000,216124000,0.98745745,0.0031271633,-0.15768276,-0.007951236,0.0,0.0,0.0,0.0,0,56.304
216144000,216144000,0.9871114,0.0030488537,-0.15984423,-0.007793931,0.0,0.0,0.0,0.0,0,56.324
216164000,216164000,0.9868016,0.0029647844,-0.16175522,-0.007625963,0.0,0.0,0.0,0.0,0,56.344
216184000,216184000,0.98652816,0.0028689983,-0.16342452,-0.0074490923,0.0,0.0,0.0,0.0,0,56.364
216204000,216204000,0.98628914,0.0027689477,-0.16487107,-0.0072629265,0.0,0.0,0.0,0.0,0,56.384
216224000,216224000,0.9860846,0.0026701547,-0.1661001,-0.007067738,0.0,0.0,0.0,0.0,0,56.404
216244000,216244000,0.9859162,0.0025872104,-0.16710663,-0.0068620956,0.0,0.0,0.0,0.0,0,56.424
216264000,216264000,0.9857838,0.0025119057,-0.16789554,-0.006648119,0.0,0.0,0.0,0.0,0,56.444
216284000,216284000,0.9856848,0.002436949,-0.1684852,-0.006428286,0.0,0.0,0.0,0.0,0,56.464
216304000,216304000,0.9856191,0.0023605523,-0.1688786,-0.006204279,0.0,0.0,0.0,0.0,0,56.484
216324000,216324000,0.98558503,0.0022874156,-0.16908662,-0.0059764422,0.0,0.0,0.0,0.0,0,56.504
216344000,216344000,0.98558176,0.0022151882,-0.16911487,-0.0057458477,0.0,0.0,0.0,0.0,0,56.524
216364000,216364000,0.9856075,0.00214243,-0.16897342,-0.0055139274,0.0,0.0,0.0,0.0,0,56.544
216384000,216384000,0.98566103,0.0020657945,-0.16866927,-0.005282047,0.0,0.0,0.0,0.0,0,56.564
216404000,216404000,0.98574156,0.001991369,-0.16820596,-0.005049925,0.0,0.0,0.0,0.0,0,56.584
216424000,216424000,0.9858497,0.0019213497,-0.16757873,-0.0048182136,0.0,0.0,0.0,0.0,0,56.604
216444000,216444000,0.9859826,0.0018525381,-0.16680215,-0.0045882636,0.0,0.0,0.0,0.0,0,56.624
216464000,216464000,0.9861391,0.0017903514,-0.16588104,-0.004359702,0.0,0.0,0.0,0.0,0,56.644
216484000,216484000,0.9863183,0.0017356008,-0.16481867,-0.0041331584,0.0,0.0,0.0,0.0,0,56.664
216504000,216504000,0.9865199,0.0016931265,-0.16361381,-0.0039085196,0.0,0.0,0.0,0.0,0,56.684
216524000,216524000,0.98674214,0.0016570981,-0.16227356,-0.0036877277,0.0,0.0,0.0,0.0,0,56.704
216544000,216544000,0.9869818,0.0016254674,-0.16081439,-0.0034718947,0.0,0.0,0.0,0.0,0,56.724
216564000,216564000,0.9872376,0.001598388,-0.15924169,-0.003261571,0.0,0.0,0.0,0.0,0,56.744
216584000,216584000,0.9875083,0.0015873756,-0.15755825,-0.0030550377,0.0,0.0,0.0,0.0,0,56.764
216604000,216604000,0.98779243,0.0015865471,-0.15577096,-0.0028535156,0.0,0.0,0.0,0.0,0,56.784
216624000,216624000,0.98808837,0.0015999071,-0.15388599,-0.0026569688,0.0,0.0,0.0,0.0,0,56.804
216644000,216644000,0.9883937,0.001622355,-0.1519153,-0.0024663638,0.0,0.0,0.0,0.0,0,56.824
216664000,216664000,0.98870736,0.0016538766,-0.14986297,-0.0022820896,0.0,0.0,0.0,0.0,0,56.844
216684000,216684000,0.98902965,0.0016838706,-0.14772351,-0.0021060996,0.0,0.0,0.0,0.0,0,56.864
216704000,216704000,0.9893595,0.001723637,-0.14549966,-0.0019372108,0.0,0.0,0.0,0.0,0,56.884
216724000,216724000,0.9896948,0.0017663894,-0.143203,-0.0017767017,0.0,0.0,0.0,0.0,0,56.904
216744000,216744000,0.99003386,0.0018201416,-0.14084066,-0.0016235186,0.0,0.0,0.0,0.0,0,56.924
216764000,216764000,0.990376,0.0018715244,-0.1384152,-0.0014797818,0.0,0.0,0.0,0.0,0,56.944
216784000,216784000,0.9907207,0.0019305754,-0.13592659,-0.0013439505,0.0,0.0,0.0,0.0,0,56.964
216804000,216804000,0.99106747,0.0019930645,-0.13337515,-0.0012164261,0.0,0.0,0.0,0.0,0,56.984
216824000,216824000,0.9914144,0.0020703864,-0.13077104,-0.0010956879,0.0,0.0,0.0,0.0,0,57.004
216844000,216844000,0.9917608,0.0021520518,-0.12811735,-0.0009832247,0.0,0.0,0.0,0.0,0,57.024
216864000,216864000,0.99210465,0.0022434064,-0.12542589,-0.00087831164,0.0,0.0,0.0,0.0,0,57.044
216884000,216884000,0.99244535,0.0023306666,-0.12270003,-0.00078260433,0.0,0.0,0.0,0.0,0,57.064
216904000,216904000,0.9927825,0.0024293202,-0.11994022,-0.00069393025,0.0,0.0,0.0,0.0,0,57.084
216924000,216924000,0.9931151,0.002532338,-0.11715254,-0.00061307737,0.0,0.0,0.0,0.0,0,57.104
216944000,216944000,0.99344176,0.002641889,-0.11434712,-0.00053977274,0.0,0.0,0.0,0.0,0,57.124
216964000,216964000,0.9937622,0.002744042,-0.11152614,-0.00047527964,0.0,0.0,0.0,0.0,0,57.144
216984000,216984000,0.99407583,0.0028534879,-0.1086924,-0.00041772518,0.0,0.0,0.0,0.0,0,57.164
217004000,217004000,0.99438286,0.0029625874,-0.105843894,-0.00036758435,0.0,0.0,0.0,0.0,0,57.184
217024000,217024000,0.99468225,0.0030807348,-0.102988854,-0.00032351774,0.0,0.0,0.0,0.0,0,57.204
217044000,217044000,0.99497384,0.0031913333,-0.100129634,-0.00028717154,0.0,0.0,0.0,0.0,0,57.224
217064000,217064000,0.99525684,0.0033046403,-0.09727265,-0.0002573366,0.0,0.0,0.0,0.0,0,57.244
217084000,217084000,0.9955309,0.0034081684,-0.09442292,-0.00023485108,0.0,0.0,0.0,0.0,0,57.264
217104000,217104000,0.99579626,0.0035150046,-0.09157815,-0.00021827906,0.0,0.0,0.0,0.0,0,57.284
217124000,217124000,0.9960524,0.003614879,-0.08874456,-0.00020833974,0.0,0.0,0.0,0.0,0,57.304
217144000,217144000,0.9962991,0.0037164092,-0.085926645,-0.00020391187,0.0,0.0,0.0,0.0,0,57.324
217164000,217164000,0.9965364,0.0038109254,-0.08312552,-0.000205378,0.0,0.0,0.0,0.0,0,57.344
217184000,217184000,0.9967642,0.0039089923,-0.0803428,-0.000211356,0.0,0.0,0.0,0.0,0,57.364
217204000,217204000,0.99698246,0.0039970977,-0.07758236,-0.00022274756,0.0,0.0,0.0,0.0,0,57.384
217224000,217224000,0.99719137,0.004090274,-0.07484421,-0.0002377496,0.0,0.0,0.0,0.0,0,57.404
217244000,217244000,0.99739087,0.004178328,-0.072131716,-0.00025666878,0.0,0.0,0.0,0.0,0,57.424
217264000,217264000,0.99758035,0.0042746207,-0.06945675,-0.0002784028,0.0,0.0,0.0,0.0,0,57.444
217284000,217284000,0.99775976,0.004362846,-0.06682414,-0.00030407915,0.0,0.0,0.0,0.0,0,57.464
217304000,217304000,0.99792975,0.00445517,-0.064229324,-0.0003325989,0.0,0.0,0.0,0.0,0,57.484
217324000,217324000,0.9980904,0.004542228,-0.061675504,-0.00036430938,0.0,0.0,0.0,0.0,0,57.504
217344000,217344000,0.9982416,0.0046242205,-0.0591714,-0.00039876663,0.0,0.0,0.0,0.0,0,57.524
217364000,217364000,0.9983839,0.0046884487,-0.05671521,-0.00043664617,0.0,0.0,0.0,0.0,0,57.544
217384000,217384000,0.9985176,0.0047528846,-0.054304395,-0.00047668227,0.0,0.0,0.0,0.0,0,57.564
217404000,217404000,0.9986429,0.0048101307,-0.05194253,-0.0005187328,0.0,0.0,0.0,0.0,0,57.584
217424000,217424000,0.9987601,0.0048676217,-0.049631644,-0.0005619507,0.0,0.0,0.0,0.0,0,57.604
217444000,217444000,0.9988691,0.004914883,-0.047382,-0.000606655,0.0,0.0,0.0,0.0,0,57.624
217464000,217464000,0.9989705,0.004960495,-0.04518907,-0.00065247907,0.0,0.0,0.0,0.0,0,57.644
217484000,217484000,0.99906474,0.004993459,-0.04304989,-0.000699247,0.0,0.0,0.0,0.0,0,57.664
217504000,217504000,0.99915236,0.005020723,-0.04096281,-0.0007464015,0.0,0.0,0.0,0.0,0,57.684
217524000,217524000,0.9992331,0.005038443,-0.03893838,-0.0007939911,0.0,0.0,0.0,0.0,0,57.704
217544000,217544000,0.99930745,0.0050557167,-0.03697846,-0.00084118644,0.0,0.0,0.0,0.0,0,57.724
217564000,217564000,0.99937576,0.0050602052,-0.035082083,-0.000888381,0.0,0.0,0.0,0.0,0,57.744
217584000,217584000,0.99943876,0.0050589032,-0.033237733,-0.00093500694,0.0,0.0,0.0,0.0,0,57.764
217604000,217604000,0.9994969,0.0050478475,-0.0314424,-0.0009813166,0.0,0.0,0.0,0.0,0,57.784
217624000,217624000,0.99955004,0.005028389,-0.02970725,-0.0010272281,0.0,0.0,0.0,0.0,0,57.804
217644000,217644000,0.9995984,0.004996542,-0.028037064,-0.0010726509,0.0,0.0,0.0,0.0,0,57.824
217664000,217664000,0.9996423,0.0049574343,-0.026430592,-0.0011173515,0.0,0.0,0.0,0.0,0,57.844
217684000,217684000,0.99968207,0.0049080905,-0.024887608,-0.0011612491,0.0,0.0,0.0,0.0,0,57.864
217704000,217704000,0.9997182,0.0048554987,-0.023402186,-0.0012037809,0.0,0.0,0.0,0.0,0,57.884
217724000,217724000,0.9997509,0.0048035043,-0.02196722,-0.0012445059,0.0,0.0,0.0,0.0,0,57.904
217744000,217744000,0.9997807,0.0047583506,-0.020576533,-0.0012831596,0.0,0.0,0.0,0.0,0,57.924
217764000,217764000,0.99980766,0.004719046,-0.019228553,-0.0013197253,0.0,0.0,0.0,0.0,0,57.944
217784000,217784000,0.99983203,0.0046871295,-0.01792205,-0.0013543685,0.0,0.0,0.0,0.0,0,57.964
217804000,217804000,0.99985373,0.004649522,-0.016675327,-0.0013877666,0.0,0.0,0.0,0.0,0,57.984
217824000,217824000,0.9998731,0.0046044635,-0.015480281,-0.0014198098,0.0,0.0,0.0,0.0,0,58.004
217844000,217844000,0.99989045,0.0045581018,-0.014330683,-0.0014501348,0.0,0.0,0.0,0.0,0,58.024
217864000,217864000,0.99990577,0.0045085372,-0.013230681,-0.0014786536,0.0,0.0,0.0,0.0,0,58.044
217884000,217884000,0.99991924,0.0044597154,-0.012186127,-0.0015057917,0.0,0.0,0.0,0.0,0,58.064
217904000,217904000,0.9999311,0.004411554,-0.011183155,-0.0015313014,0.0,0.0,0.0,0.0,0,58.084
217924000,217924000,0.9999417,0.004362032,-0.010207642,-0.0015553192,0.0,0.0,0.0,0.0,0,58.104
217944000,217944000,0.99995095,0.0043096486,-0.009280007,-0.0015777388,0.0,0.0,0.0,0.0,0,58.124
217964000,217964000,0.9999589,0.004254461,-0.008410656,-0.0015989455,0.0,0.0,0.0,0.0,0,58.144
217984000,217984000,0.9999656,0.0041934554,-0.0075947572,-0.0016190439,0.0,0.0,0.0,0.0,0,58.164
218004000,218004000,0.99997145,0.0041379216,-0.006813971,-0.0016381049,0.0,0.0,0.0,0.0,0,58.184
218024000,218024000,0.9999764,0.004081362,-0.0060710255,-0.001656455,0.0,0.0,0.0,0.0,0,58.204
218044000,218044000,0.9999806,0.0040274975,-0.005373029,-0.0016739838,0.0,0.0,0.0,0.0,0,58.224
218064000,218064000,0.99998415,0.003967199,-0.0047079655,-0.0016902512,0.0,0.0,0.0,0.0,0,58.244
218084000,218084000,0.9999872,0.003901263,-0.004079755,-0.0017051169,0.0,0.0,0.0,0.0,0,58.264
218104000,218104000,0.9999896,0.0038334255,-0.0034947637,-0.0017190224,0.0,0.0,0.0,0.0,0,58.284
218124000,218124000,0.9999916,0.0037742262,-0.0029398762,-0.0017318154,0.0,0.0,0.0,0.0,0,58.304
218144000,218144000,0.9999932,0.0037219562,-0.0024124957,-0.0017429816,0.0,0.0,0.0,0.0,0,58.324
218164000,218164000,0.99999446,0.0036748121,-0.0019150993,-0.0017523847,0.0,0.0,0.0,0.0,0,58.344
218184000,218184000,0.99999535,0.0036297,-0.001448202,-0.001759973,0.0,0.0,0.0,0.0,0,58.364
218204000,218204000,0.99999607,0.0035869798,-0.0010122241,-0.0017657825,0.0,0.0,0.0,0.0,0,58.384
218224000,218224000,0.99999654,0.0035437108,-0.0006060068,-0.0017697995,0.0,0.0,0.0,0.0,0,58.404
218244000,218244000,0.99999684,0.0035019293,-0.00023085336,-0.0017720079,0.0,0.0,0.0,0.0,0,58.424
218264000,218264000,0.999997,0.0034568934,0.00011661576,-0.001772815,0.0,0.0,0.0,0.0,0,58.444
218284000,218284000,0.9999971,0.0034017635,0.00044406325,-0.0017725055,0.0,0.0,0.0,0.0,0,58.464
218304000,218304000,0.99999714,0.0033381267,0.0007487014,-0.001771294,0.0,0.0,0.0,0.0,0,58.484
218324000,218324000,0.9999971,0.0032759362,0.0010252806,-0.0017694907,0.0,0.0,0.0,0.0,0,58.504
218344000,218344000,0.99999696,0.00322286,0.0012812187,-0.0017669232,0.0,0.0,0.0,0.0,0,58.524
218364000,218364000,0.9999968,0.0031800477,0.0015156574,-0.0017641401,0.0,0.0,0.0,0.0,0,58.544
218384000,218384000,0.9999966,0.0031413762,0.0017233723,-0.0017610693,0.0,0.0,0.0,0.0,0,58.564
218404000,218404000,0.99999636,0.00311398,0.001910308,-0.0017573469,0.0,0.0,0.0,0.0,0,58.584
218424000,218424000,0.99999607,0.0031014027,0.0020808508,-0.0017528633,0.0,0.0,0.0,0.0,0,58.604
218444000,218444000,0.9999957,0.0031015438,0.0022327374,-0.0017479539,0.0,0.0,0.0,0.0,0,58.624
218464000,218464000,0.99999547,0.0031005444,0.0023573658,-0.0017427744,0.0,0.0,0.0,0.0,0,58.644
218484000,218484000,0.9999952,0.0030951083,0.0024745467,-0.0017372047,0.0,0.0,0.0,0.0,0,58.664
218504000,218504000,0.99999493,0.0030883853,0.0025905985,-0.00173105,0.0,0.0,0.0,0.0,0,58.684
218524000,218524000,0.99999464,0.0030883024,0.002696139,-0.0017244177,0.0,0.0,0.0,0.0,0,58.704
218544000,218544000,0.99999446,0.00308135,0.0027833625,-0.0017176718,0.0,0.0,0.0,0.0,0,58.724
218564000,218564000,0.9999943,0.0030679621,0.0028618074,-0.0017108001,0.0,0.0,0.0,0.0,0,58.744
218584000,218584000,0.99999416,0.0030471066,0.0029319536,-0.0017036858,0.0,0.0,0.0,0.0,0,58.764
218604000,218604000,0.99999404,0.003032725,0.0029908651,-0.0016959526,0.0,0.0,0.0,0.0,0,58.784
218624000,218624000,0.9999939,0.003020676,0.0030408504,-0.0016878259,0.0,0.0,0.0,0.0,0,58.804
218644000,218644000,0.9999939,0.0030073957,0.0030707184,-0.001679414,0.0,0.0,0.0,0.0,0,58.824
218664000,218664000,0.999994,0.0029866549,0.0030712173,-0.0016710318,0.0,0.0,0.0,0.0,0,58.844
218684000,218684000,0.9999941,0.002961295,0.003060999,-0.0016628318,0.0,0.0,0.0,0.0,0,58.864
218704000,218704000,0.9999943,0.0029307145,0.0030459834,-0.0016547567,0.0,0.0,0.0,0.0,0,58.884
218724000,218724000,0.9999944,0.0028992188,0.0030277884,-0.001646647,0.0,0.0,0.0,0.0,0,58.904
218744000,218744000,0.9999946,0.0028613661,0.0030040455,-0.0016392014,0.0,0.0,0.0,0.0,0,58.924
218764000,218764000,0.9999949,0.0028103779,0.0029671483,-0.0016321499,0.0,0.0,0.0,0.0,0,58.944
218784000,218784000,0.9999952,0.002752609,0.002922136,-0.0016252348,0.0,0.0,0.0,0.0,0,58.964
218804000,218804000,0.9999955,0.0026931202,0.0028639408,-0.0016182052,0.0,0.0,0.0,0.0,0,58.984
218824000,218824000,0.9999959,0.00262711,0.002802611,-0.001611255,0.0,0.0,0.0,0.0,0,59.004
218844000,218844000,0.9999962,0.0025596484,0.0027524717,-0.0016043216,0.0,0.0,0.0,0.0,0,59.024
218864000,218864000,0.99999654,0.0024907268,0.002691814,-0.0015975906,0.0,0.0,0.0,0.0,0,59.044
218884000,218884000,0.9999969,0.002413791,0.0026374485,-0.0015913516,0.0,0.0,0.0,0.0,0,59.064
218904000,218904000,0.99999726,0.002328176,0.002585882,-0.0015854051,0.0,0.0,0.0,0.0,0,59.084
218924000,218924000,0.9999976,0.0022443733,0.0025233028,-0.0015800915,0.0,0.0,0.0,0.0,0,59.104
218944000,218944000,0.999998,0.0021614174,0.0024596835,-0.0015757479,0.0,0.0,0.0,0.0,0,59.124
218964000,218964000,0.9999983,0.0020839989,0.0023923067,-0.0015725269,0.0,0.0,0.0,0.0,0,59.144
218984000,218984000,0.9999986,0.0020132784,0.0023182575,-0.0015705365,0.0,0.0,0.0,0.0,0,59.164
219004000,219004000,0.9999989,0.0019445755,0.00224962,-0.001569364,0.0,0.0,0.0,0.0,0,59.184
219024000,219024000,0.9999992,0.0018676852,0.0021792199,-0.001569196,0.0,0.0,0.0,0.0,0,59.204
219044000,219044000,0.9999995,0.0017891587,0.0021020551,-0.0015699179,0.0,0.0,0.0,0.0,0,59.224
219064000,219064000,0.99999976,0.001720016,0.002032633,-0.0015716461,0.0,0.0,0.0,0.0,0,59.244
219084000,219084000,1.0,0.0016605947,0.0019746434,-0.0015743424,0.0,0.0,0.0,0.0,0,59.264
219104000,219104000,1.0000002,0.0015959081,0.0019147028,-0.0015777705,0.0,0.0,0.0,0.0,0,59.284
219124000,219124000,1.0000005,0.0015251532,0.0018526022,-0.0015814439,0.0,0.0,0.0,0.0,0,59.304
219144000,219144000,1.0000006,0.0014495269,0.0017898238,-0.0015852088,0.0,0.0,0.0,0.0,0,59.324
219164000,219164000,1.0000008,0.0013698521,0.0017272461,-0.001589014,0.0,0.0,0.0,0.0,0,59.344
219184000,219184000,1.0000011,0.0012895726,0.0016614697,-0.0015932238,0.0,0.0,0.0,0.0,0,59.364
219204000,219204000,1.0000013,0.001217531,0.0015945648,-0.001597816,0.0,0.0,0.0,0.0,0,59.384
219224000,219224000,1.0000014,0.0011566492,0.0015370096,-0.0016028215,0.0,0.0,0.0,0.0,0,59.404
219244000,219244000,1.0000015,0.0011062402,0.0014757476,-0.0016086025,0.0,0.0,0.0,0.0,0,59.424
219264000,219264000,1.0000017,0.001068424,0.0014042412,-0.0016149768,0.0,0.0,0.0,0.0,0,59.444
219284000,219284000,1.0000018,0.0010371995,0.0013399618,-0.0016216991,0.0,0.0,0.0,0.0,0,59.464
219304000,219304000,1.0000019,0.0010019374,0.0012808002,-0.0016295738,0.0,0.0,0.0,0.0,0,59.484
219324000,219324000,1.000002,0.00096375024,0.0012217329,-0.0016382968,0.0,0.0,0.0,0.0,0,59.504
219344000,219344000,1.000002,0.0009345761,0.0011652139,-0.001647643,0.0,0.0,0.0,0.0,0,59.524
219364000,219364000,1.0000021,0.00090196606,0.0011036072,-0.0016578658,0.0,0.0,0.0,0.0,0,59.544
219384000,219384000,1.0000023,0.00086883124,0.0010428987,-0.001668704,0.0,0.0,0.0,0.0,0,59.564
219404000,219404000,1.0000023,0.00083543995,0.0009841406,-0.0016796221,0.0,0.0,0.0,0.0,0,59.584
219424000,219424000,1.0000024,0.000804685,0.00092080777,-0.0016902352,0.0,0.0,0.0,0.0,0,59.604
219444000,219444000,1.0000024,0.0007749318,0.00085343776,-0.001700719,0.0,0.0,0.0,0.0,0,59.624
219464000,219464000,1.0000025,0.0007431881,0.0007839324,-0.0017111041,0.0,0.0,0.0,0.0,0,59.644
219484000,219484000,1.0000026,0.00070569234,0.00071053585,-0.0017217572,0.0,0.0,0.0,0.0,0,59.664
219504000,219504000,1.0000026,0.00065968686,0.00063155364,-0.0017327628,0.0,0.0,0.0,0.0,0,59.684
219524000,219524000,1.0000027,0.0006036199,0.0005457611,-0.001744566,0.0,0.0,0.0,0.0,0,59.704
219544000,219544000,1.0000027,0.00054269296,0.00045858367,-0.0017572126,0.0,0.0,0.0,0.0,0,59.724
219564000,219564000,1.0000027,0.00048239346,0.0003791283,-0.0017702038,0.0,0.0,0.0,0.0,0,59.744
219584000,219584000,1.0000029,0.00042453286,0.00030019647,-0.0017835256,0.0,0.0,0.0,0.0,0,59.764
219604000,219604000,1.0000029,0.0003710583,0.00020395967,-0.0017969371,0.0,0.0,0.0,0.0,0,59.784
219624000,219624000,1.0000029,0.0003222243,0.00011206585,-0.0018100593,0.0,0.0,0.0,0.0,0,59.804
219644000,219644000,1.0000029,0.00026280136,3.1858577e-05,-0.0018232395,0.0,0.0,0.0,0.0,0,59.824
219664000,219664000,1.0000029,0.00019354095,-5.573411e-05,-0.0018363614,0.0,0.0,0.0,0.0,0,59.844
219684000,219684000,1.0000029,0.00012635617,-0.00013996722,-0.0018494872,0.0,0.0,0.0,0.0,0,59.864
219704000,219704000,1.0000027,5.832772e-05,-0.0002061239,-0.0018625173,0.0,0.0,0.0,0.0,0,59.884
219724000,219724000,1.0000027,-1.167434e-05,-0.000279781,-0.0018755165,0.0,0.0,0.0,0.0,0,59.904
219744000,219744000,1.0000027,-7.03353e-05,-0.00036382937,-0.0018884895,0.0,0.0,0.0,0.0,0,59.924
219764000,219764000,1.0000026,-0.000120429664,-0.00043675292,-0.0019011179,0.0,0.0,0.0,0.0,0,59.944
219784000,219784000,1.0000026,-0.00016307156,-0.00049616356,-0.0019135354,0.0,0.0,0.0,0.0,0,59.964
219804000,219804000,1.0000025,-0.00020454811,-0.00056687987,-0.001925893,0.0,0.0,0.0,0.0,0,59.984
219824000,219824000,1.0000024,-0.00024187127,-0.00064819946,-0.0019378362,0.0,0.0,0.0,0.0,0,60.004
219844000,219844000,1.0000024,-0.00027468352,-0.00071561575,-0.0019493015,0.0,0.0,0.0,0.0,0,60.024
219864000,219864000,1.0000023,-0.00030200827,-0.00077548163,-0.0019604953,0.0,0.0,0.0,0.0,0,60.044
219884000,219884000,1.0000021,-0.00032814802,-0.00083948317,-0.0019711377,0.0,0.0,0.0,0.0,0,60.064
219904000,219904000,1.0000021,-0.00035023916,-0.00090218626,-0.0019817725,0.0,0.0,0.0,0.0,0,60.084
219924000,219924000,1.000002,-0.00037114832,-0.0009753508,-0.0019920687,0.0,0.0,0.0,0.0,0,60.104
219944000,219944000,1.0000019,-0.00039133342,-0.0010538758,-0.0020019703,0.0,0.0,0.0,0.0,0,60.124
219964000,219964000,1.0000018,-0.00039744648,-0.001127836,-0.0020112575,0.0,0.0,0.0,0.0,0,60.144
219984000,219984000,1.0000017,-0.00039355012,-0.0011999148,-0.0020200212,0.0,0.0,0.0,0.0,0,60.164
220004000,220004000,1.0000017,-0.0003855389,-0.001270989,-0.0020281014,0.0,0.0,0.0,0.0,0,60.184
220024000,220024000,1.0000015,-0.00037662755,-0.0013514229,-0.0020358893,0.0,0.0,0.0,0.0,0,60.204
220044000,220044000,1.0000013,-0.00036751127,-0.0014372714,-0.0020430475,0.0,0.0,0.0,0.0,0,60.224
220064000,220064000,1.0000012,-0.00035332266,-0.0015088321,-0.0020496547,0.0,0.0,0.0,0.0,0,60.244
220084000,220084000,1.0000012,-0.00033460022,-0.0015740199,-0.0020559723,0.0,0.0,0.0,0.0,0,60.264
220104000,220104000,1.000001,-0.00031762116,-0.0016549118,-0.0020620078,0.0,0.0,0.0,0.0,0,60.284
220124000,220124000,1.0000008,-0.00030328627,-0.0017304459,-0.0020677766,0.0,0.0,0.0,0.0,0,60.304
220144000,220144000,1.0000007,-0.000283237,-0.001798643,-0.0020733215,0.0,0.0,0.0,0.0,0,60.324
220164000,220164000,1.0000006,-0.0002631804,-0.0018740367,-0.00207837,0.0,0.0,0.0,0.0,0,60.344
220184000,220184000,1.0000005,-0.0002381572,-0.001945461,-0.0020827292,0.0,0.0,0.0,0.0,0,60.364
220204000,220204000,1.0000004,-0.00021659458,-0.0020167222,-0.0020864273,0.0,0.0,0.0,0.0,0,60.384
220224000,220224000,1.0000002,-0.00018883066,-0.0020799616,-0.0020895768,0.0,0.0,0.0,0.0,0,60.404
220244000,220244000,1.0000001,-0.00015897513,-0.0021376403,-0.0020925126,0.0,0.0,0.0,0.0,0,60.424
220264000,220264000,0.99999994,-0.00013635877,-0.00220012,-0.0020950225,0.0,0.0,0.0,0.0,0,60.444
220284000,220284000,0.99999976,-0.00011335562,-0.0022626086,-0.0020972951,0.0,0.0,0.0,0.0,0,60.464
220304000,220304000,0.99999964,-9.6200696e-05,-0.0023245963,-0.0020994577,0.0,0.0,0.0,0.0,0,60.484
220324000,220324000,0.99999946,-8.426035e-05,-0.0023925286,-0.0021013855,0.0,0.0,0.0,0.0,0,60.504
220344000,220344000,0.99999934,-6.85596e-05,-0.0024522746,-0.002102795,0.0,0.0,0.0,0.0,0,60.524
220364000,220364000,0.9999992,-5.246083e-05,-0.0025038156,-0.0021041785,0.0,0.0,0.0,0.0,0,60.544
220384000,220384000,0.99999905,-4.105225e-05,-0.0025542942,-0.0021057432,0.0,0.0,0.0,0.0,0,60.564
220404000,220404000,0.9999989,-3.5920693e-05,-0.0026011996,-0.0021073488,0.0,0.0,0.0,0.0,0,60.584
220424000,220424000,0.9999988,-3.5175424e-05,-0.0026458825,-0.002108958,0.0,0.0,0.0,0.0,0,60.604
220444000,220444000,0.9999987,-3.861636e-05,-0.0026885606,-0.002110568,0.0,0.0,0.0,0.0,0,60.624
220464000,220464000,0.99999857,-4.5811234e-05,-0.0027289474,-0.0021122491,0.0,0.0,0.0,0.0,0,60.644
220484000,220484000,0.9999985,-5.4054126e-05,-0.0027641384,-0.0021141332,0.0,0.0,0.0,0.0,0,60.664
220504000,220504000,0.9999984,-5.8939924e-05,-0.0027896957,-0.0021166217,0.0,0.0,0.0,0.0,0,60.684
220524000,220524000,0.9999984,-5.67769e-05,-0.0028033128,-0.0021192513,0.0,0.0,0.0,0.0,0,60.704
220544000,220544000,0.99999833,-5.0356026e-05,-0.0028215027,-0.0021221186,0.0,0.0,0.0,0.0,0,60.724
220564000,220564000,0.9999983,-4.5845678e-05,-0.0028301156,-0.002125211,0.0,0.0,0.0,0.0,0,60.744
220584000,220584000,0.99999833,-3.9114762e-05,-0.0028162107,-0.0021286332,0.0,0.0,0.0,0.0,0,60.764
220604000,220604000,0.99999833,-2.8088867e-05,-0.0028071702,-0.0021321916,0.0,0.0,0.0,0.0,0,60.784
220624000,220624000,0.99999833,-1.7979239e-05,-0.002814435,-0.0021363061,0.0,0.0,0.0,0.0,0,60.804
220644000,220644000,0.99999833,-1.2127678e-05,-0.002811163,-0.0021406985,0.0,0.0,0.0,0.0,0,60.824
220664000,220664000,0.99999833,-9.504465e-06,-0.0028009,-0.0021453095,0.0,0.0,0.0,0.0,0,60.844
220684000,220684000,0.99999833,-5.701165e-08,-0.0027889232,-0.0021501759,0.0,0.0,0.0,0.0,0,60.864
220704000,220704000,0.9999984,-3.8294907e-06,-0.0027697615,-0.0021555782,0.0,0.0,0.0,0.0,0,60.884
220724000,220724000,0.99999845,-1.0011688e-05,-0.002748641,-0.002161475,0.0,0.0,0.0,0.0,0,60.904
220744000,220744000,0.9999985,-1.03085285e-05,-0.0027257472,-0.0021679862,0.0,0.0,0.0,0.0,0,60.924
220764000,220764000,0.99999857,-1.7606377e-05,-0.002693871,-0.002175491,0.0,0.0,0.0,0.0,0,60.944
220784000,220784000,0.9999986,-2.8616721e-05,-0.0026682408,-0.0021835235,0.0,0.0,0.0,0.0,0,60.964
220804000,220804000,0.9999986,-4.7368918e-05,-0.0026501163,-0.0021922342,0.0,0.0,0.0,0.0,0,60.984
220824000,220824000,0.9999987,-6.671223e-05,-0.0026181885,-0.0022016251,0.0,0.0,0.0,0.0,0,61.004
220844000,220844000,0.99999875,-8.24775e-05,-0.0025856027,-0.0022112844,0.0,0.0,0.0,0.0,0,61.024
220864000,220864000,0.9999988,-9.911585e-05,-0.0025642242,-0.0022210365,0.0,0.0,0.0,0.0,0,61.044
220884000,220884000,0.9999988,-0.00012359134,-0.0025407148,-0.0022307911,0.0,0.0,0.0,0.0,0,61.064
220904000,220904000,0.99999887,-0.00015003122,-0.0025064244,-0.0022408767,0.0,0.0,0.0,0.0,0,61.084
220924000,220924000,0.999999,-0.00016961535,-0.0024673042,-0.0022507436,0.0,0.0,0.0,0.0,0,61.104
220944000,220944000,0.99999905,-0.0001860251,-0.002430768,-0.0022603879,0.0,0.0,0.0,0.0,0,61.124
220964000,220964000,0.9999991,-0.00020180584,-0.0023944324,-0.002269903,0.0,0.0,0.0,0.0,0,61.144
220984000,220984000,0.99999917,-0.0002196633,-0.0023553679,-0.002279331,0.0,0.0,0.0,0.0,0,61.164
221004000,221004000,0.9999992,-0.0002381788,-0.0023160733,-0.002288292,0.0,0.0,0.0,0.0,0,61.184
221024000,221024000,0.9999993,-0.00025191612,-0.0022870982,-0.002296772,0.0,0.0,0.0,0.0,0,61.204
221044000,221044000,0.9999993,-0.0002645768,-0.0022618056,-0.0023050474,0.0,0.0,0.0,0.0,0,61.224
221064000,221064000,0.99999934,-0.00027911534,-0.002235125,-0.0023132064,0.0,0.0,0.0,0.0,0,61.244
221084000,221084000,0.9999994,-0.0002958617,-0.002205762,-0.00232113,0.0,0.0,0.0,0.0,0,61.264
221104000,221104000,0.9999994,-0.0003133705,-0.002174647,-0.0023288752,0.0,0.0,0.0,0.0,0,61.284
221124000,221124000,0.99999946,-0.00033301642,-0.0021401546,-0.0023363843,0.0,0.0,0.0,0.0,0,61.304
221144000,221144000,0.9999995,-0.00035537776,-0.0020981566,-0.0023434658,0.0,0.0,0.0,0.0,0,61.324
221164000,221164000,0.99999964,-0.000371472,-0.0020489348,-0.0023498281,0.0,0.0,0.0,0.0,0,61.344
221184000,221184000,0.9999997,-0.0003778927,-0.0020014879,-0.0023556014,0.0,0.0,0.0,0.0,0,61.364
221204000,221204000,0.99999976,-0.00038459184,-0.0019492952,-0.0023609954,0.0,0.0,0.0,0.0,0,61.384
221224000,221224000,0.9999999,-0.00039437396,-0.0018908207,-0.002366231,0.0,0.0,0.0,0.0,0,61.404
221244000,221244000,1.0,-0.00040731113,-0.0018252193,-0.0023715843,0.0,0.0,0.0,0.0,0,61.424
221264000,221264000,1.0000001,-0.00041607965,-0.00174561,-0.0023772395,0.0,0.0,0.0,0.0,0,61.444
221284000,221284000,1.0000002,-0.00041697838,-0.0016607016,-0.002382466,0.0,0.0,0.0,0.0,0,61.464
221304000,221304000,1.0000004,-0.00041295664,-0.0015733324,-0.0023875393,0.0,0.0,0.0,0.0,0,61.484
221324000,221324000,1.0000005,-0.00040934025,-0.0014812361,-0.0023925311,0.0,0.0,0.0,0.0,0,61.504
221344000,221344000,1.0000006,-0.00040798364,-0.0013833387,-0.0023974727,0.0,0.0,0.0,0.0,0,61.524
221364000,221364000,1.0000007,-0.000409826,-0.0012795936,-0.002402496,0.0,0.0,0.0,0.0,0,61.544
221384000,221384000,1.0000008,-0.00040995286,-0.0011747105,-0.0024078176,0.0,0.0,0.0,0.0,0,61.564
221404000,221404000,1.000001,-0.0004090612,-0.0010684637,-0.0024134358,0.0,0.0,0.0,0.0,0,61.584
221424000,221424000,1.0000011,-0.00039670154,-0.0009709217,-0.00241936,0.0,0.0,0.0,0.0,0,61.604
221444000,221444000,1.0000012,-0.00037114986,-0.0008839882,-0.002425415,0.0,0.0,0.0,0.0,0,61.624
221464000,221464000,1.0000012,-0.00034070486,-0.0007937602,-0.0024313016,0.0,0.0,0.0,0.0,0,61.644
221484000,221484000,1.0000013,-0.0003062277,-0.00070250157,-0.002437631,0.0,0.0,0.0,0.0,0,61.664
221504000,221504000,1.0000013,-0.00026465292,-0.0006103594,-0.0024443553,0.0,0.0,0.0,0.0,0,61.684
221524000,221524000,1.0000014,-0.00020995722,-0.00050064764,-0.0024515404,0.0,0.0,0.0,0.0,0,61.704
221544000,221544000,1.0000014,-0.00014310675,-0.00039174798,-0.0024585093,0.0,0.0,0.0,0.0,0,61.724
221564000,221564000,1.0000014,-6.557353e-05,-0.00029307048,-0.0024652332,0.0,0.0,0.0,0.0,0,61.744
221584000,221584000,1.0000014,2.3171004e-05,-0.00019768719,-0.0024719844,0.0,0.0,0.0,0.0,0,61.764
221604000,221604000,1.0000014,0.00012173629,-0.000100957746,-0.0024789055,0.0,0.0,0.0,0.0,0,61.784
221624000,221624000,1.0000014,0.0002184872,-5.2184746e-06,-0.0024859,0.0,0.0,0.0,0.0,0,61.804
221644000,221644000,1.0000014,0.00031106232,9.179028e-05,-0.0024932406,0.0,0.0,0.0,0.0,0,61.824
221664000,221664000,1.0000013,0.0004019298,0.0001922796,-0.0025007853,0.0,0.0,0.0,0.0,0,61.844
221684000,221684000,1.0000012,0.0004912255,0.00029671425,-0.002508413,0.0,0.0,0.0,0.0,0,61.864
221704000,221704000,1.0000012,0.0005773406,0.00040706963,-0.0025160124,0.0,0.0,0.0,0.0,0,61.884
221724000,221724000,1.000001,0.0006613627,0.0005214401,-0.002523733,0.0,0.0,0.0,0.0,0,61.904
221744000,221744000,1.0000008,0.00074352074,0.0006376933,-0.0025314414,0.0,0.0,0.0,0.0,0,61.924
221764000,221764000,1.0000007,0.0008220281,0.00075910793,-0.0025391278,0.0,0.0,0.0,0.0,0,61.944
221784000,221784000,1.0000005,0.0008922391,0.00087524945,-0.002547147,0.0,0.0,0.0,0.0,0,61.964
221804000,221804000,1.0000004,0.0009542229,0.0009869144,-0.0025553862,0.0,0.0,0.0,0.0,0,61.984
221824000,221824000,1.0000001,0.0010124492,0.0010990363,-0.0025637231,0.0,0.0,0.0,0.0,0,62.004
221844000,221844000,0.99999994,0.001069712,0.0012120985,-0.0025724738,0.0,0.0,0.0,0.0,0,62.024
221864000,221864000,0.9999997,0.0011310229,0.001322117,-0.0025814984,0.0,0.0,0.0,0.0,0,62.044
221884000,221884000,0.99999946,0.0011886458,0.0014307138,-0.0025909748,0.0,0.0,0.0,0.0,0,62.064
221904000,221904000,0.9999992,0.0012425778,0.0015218948,-0.0026008117,0.0,0.0,0.0,0.0,0,62.084
221924000,221924000,0.99999905,0.0012928193,0.0016020577,-0.0026106574,0.0,0.0,0.0,0.0,0,62.104
221944000,221944000,0.9999988,0.001337123,0.0016806964,-0.0026206065,0.0,0.0,0.0,0.0,0,62.124
221964000,221964000,0.9999986,0.0013738018,0.0017596651,-0.0026305947,0.0,0.0,0.0,0.0,0,62.144
221984000,221984000,0.9999984,0.0014016645,0.0018373777,-0.0026409451,0.0,0.0,0.0,0.0,0,62.164
222004000,222004000,0.9999982,0.0014220063,0.0019092248,-0.0026515713,0.0,0.0,0.0,0.0,0,62.184
222024000,222024000,0.99999803,0.0014365957,0.0019814398,-0.0026622966,0.0,0.0,0.0,0.0,0,62.204
222044000,222044000,0.9999978,0.0014491617,0.0020523933,-0.0026734257,0.0,0.0,0.0,0.0,0,62.224
222064000,222064000,0.9999977,0.0014613165,0.0021075415,-0.002684903,0.0,0.0,0.0,0.0,0,62.244
222084000,222084000,0.9999975,0.0014700439,0.002155236,-0.0026963614,0.0,0.0,0.0,0.0,0,62.264
222104000,222104000,0.9999974,0.0014737601,0.0022028596,-0.0027077151,0.0,0.0,0.0,0.0,0,62.284
222124000,222124000,0.99999726,0.0014717815,0.002251311,-0.00271894,0.0,0.0,0.0,0.0,0,62.304
222144000,222144000,0.99999714,0.00146242,0.0022946885,-0.0027298734,0.0,0.0,0.0,0.0,0,62.324
222164000,222164000,0.999997,0.0014449819,0.002325891,-0.0027407145,0.0,0.0,0.0,0.0,0,62.344
222184000,222184000,0.99999696,0.0014286331,0.0023490041,-0.0027521132,0.0,0.0,0.0,0.0,0,62.364
222204000,222204000,0.99999696,0.0014170094,0.0023653242,-0.0027637251,0.0,0.0,0.0,0.0,0,62.384
222224000,222224000,0.9999969,0.001398857,0.0023770723,-0.0027749042,0.0,0.0,0.0,0.0,0,62.404
222244000,222244000,0.9999969,0.0013724084,0.0023796142,-0.0027858503,0.0,0.0,0.0,0.0,0,62.424
222264000,222264000,0.99999696,0.0013464256,0.0023682402,-0.002796734,0.0,0.0,0.0,0.0,0,62.444
222284000,222284000,0.99999696,0.0013215509,0.002351255,-0.0028078891,0.0,0.0,0.0,0.0,0,62.464
222304000,222304000,0.999997,0.0012973445,0.0023367181,-0.0028190815,0.0,0.0,0.0,0.0,0,62.484
222324000,222324000,0.9999925,0.0018245252,0.0035629498,-0.0028378444,0.0,0.0,0.0,0.0,0,62.504
222344000,222344000,0.9999452,0.0046273423,0.009430685,-0.0028761977,0.0,0.0,0.0,0.0,0,62.524
222364000,222364000,0.99980074,0.009406413,0.017617559,-0.0029494753,0.0,0.0,0.0,0.0,0,62.544
222384000,222384000,0.99956167,0.015029489,0.02549967,-0.0030669528,0.0,0.0,0.0,0.0,0,62.564
222404000,222404000,0.9992243,0.020915115,0.033348456,-0.0032185786,0.0,0.0,0.0,0.0,0,62.584
222424000,222424000,0.99878085,0.026873752,0.04137873,-0.003401392,0.0,0.0,0.0,0.0,0,62.604
222444000,222444000,0.9982555,0.032728486,0.049099997,-0.0036228846,0.0,0.0,0.0,0.0,0,62.624
222464000,222464000,0.9976795,0.038358945,0.056197923,-0.003888539,0.0,0.0,0.0,0.0,0,62.644
222484000,222484000,0.9970752,0.043654498,0.06266494,-0.0041934503,0.0,0.0,0.0,0.0,0,62.664
222504000,222504000,0.99645805,0.048552502,0.06857511,-0.0045309435,0.0,0.0,0.0,0.0,0,62.684
222524000,222524000,0.99584305,0.053040586,0.07394864,-0.0048987446,0.0,0.0,0.0,0.0,0,62.704
222544000,222544000,0.9952454,0.05710715,0.078780696,-0.005294253,0.0,0.0,0.0,0.0,0,62.724
222564000,222564000,0.99467176,0.06077868,0.08312962,-0.0057141003,0.0,0.0,0.0,0.0,0,62.744
222584000,222584000,0.994127,0.064074256,0.08704735,-0.006154334,0.0,0.0,0.0,0.0,0,62.764
222604000,222604000,0.9936178,0.0670125,0.09054497,-0.006612827,0.0,0.0,0.0,0.0,0,62.784
222624000,222624000,0.99314487,0.06962411,0.093673006,-0.0070858495,0.0,0.0,0.0,0.0,0,62.804
222644000,222644000,0.99270654,0.07194335,0.09648702,-0.0075695454,0.0,0.0,0.0,0.0,0,62.824
222664000,222664000,0.9923039,0.07398882,0.09900878,-0.008060803,0.0,0.0,0.0,0.0,0,62.844
222684000,222684000,0.9919368,0.07579087,0.101257056,-0.008557933,0.0,0.0,0.0,0.0,0,62.864
222704000,222704000,0.99160385,0.07737458,0.103257276,-0.009058544,0.0,0.0,0.0,0.0,0,62.884
222724000,222724000,0.99131435,0.07872485,0.1049569,-0.009562656,0.0,0.0,0.0,0.0,0,62.904
222744000,222744000,0.99110657,0.07972076,0.10611294,-0.010073609,0.0,0.0,0.0,0.0,0,62.924
222764000,222764000,0.991012,0.08024694,0.106548786,-0.010589231,0.0,0.0,0.0,0.0,0,62.944
222784000,222784000,0.991036,0.08026059,0.10626289,-0.011100517,0.0,0.0,0.0,0.0,0,62.964
222804000,222804000,0.99116725,0.079769686,0.105351426,-0.011595622,0.0,0.0,0.0,0.0,0,62.984
222824000,222824000,0.9913895,0.07881955,0.10391254,-0.012066603,0.0,0.0,0.0,0.0,0,63.004
222844000,222844000,0.9916878,0.07746048,0.10201902,-0.012508748,0.0,0.0,0.0,0.0,0,63.024
222864000,222864000,0.99204504,0.07575501,0.099749975,-0.012918544,0.0,0.0,0.0,0.0,0,63.044
222884000,222884000,0.9924506,0.07374449,0.09713889,-0.013294217,0.0,0.0,0.0,0.0,0,63.064
222904000,222904000,0.9928926,0.071473554,0.09422826,-0.013633838,0.0,0.0,0.0,0.0,0,63.084
222924000,222924000,0.9933606,0.06898127,0.09105621,-0.013935678,0.0,0.0,0.0,0.0,0,63.104
222944000,222944000,0.9938423,0.06631421,0.087678194,-0.014197888,0.0,0.0,0.0,0.0,0,63.124
222964000,222964000,0.99433213,0.06348813,0.08410708,-0.014419374,0.0,0.0,0.0,0.0,0,63.144
222984000,222984000,0.99482226,0.060535762,0.08037463,-0.014599688,0.0,0.0,0.0,0.0,0,63.164
223004000,223004000,0.9953092,0.057463184,0.07648177,-0.014738458,0.0,0.0,0.0,0.0,0,63.184
223024000,223024000,0.9957866,0.05429521,0.072457716,-0.014835361,0.0,0.0,0.0,0.0,0,63.204
223044000,223044000,0.9962506,0.051036745,0.06831814,-0.0148899,0.0,0.0,0.0,0.0,0,63.224
223064000,223064000,0.9966952,0.047726415,0.06409218,-0.014903421,0.0,0.0,0.0,0.0,0,63.244
223084000,223084000,0.9971185,0.044366468,0.059783984,-0.014876351,0.0,0.0,0.0,0.0,0,63.264
223104000,223104000,0.997516,0.04098591,0.055424195,-0.014809887,0.0,0.0,0.0,0.0,0,63.284
223124000,223124000,0.9978867,0.037576776,0.05101896,-0.0147048,0.0,0.0,0.0,0.0,0,63.304
223144000,223144000,0.9982271,0.034174435,0.046602067,-0.014563188,0.0,0.0,0.0,0.0,0,63.324
223164000,223164000,0.9985376,0.03076234,0.042172007,-0.014386261,0.0,0.0,0.0,0.0,0,63.344
223184000,223184000,0.9988156,0.02738061,0.03776038,-0.014176817,0.0,0.0,0.0,0.0,0,63.364
223204000,223204000,0.99906164,0.024019113,0.033372976,-0.013936406,0.0,0.0,0.0,0.0,0,63.384
223224000,223224000,0.9992753,0.020705774,0.029022504,-0.013668719,0.0,0.0,0.0,0.0,0,63.404
223244000,223244000,0.9994579,0.017422939,0.024709322,-0.013376005,0.0,0.0,0.0,0.0,0,63.424
223264000,223264000,0.9996091,0.014200719,0.020455966,-0.013061434,0.0,0.0,0.0,0.0,0,63.444
223284000,223284000,0.99973035,0.011024206,0.016272694,-0.012726956,0.0,0.0,0.0,0.0,0,63.464
223304000,223304000,0.9998225,0.00791667,0.012174513,-0.012375732,0.0,0.0,0.0,0.0,0,63.484
223324000,223324000,0.9998873,0.004861409,0.00816092,-0.012010542,0.0,0.0,0.0,0.0,0,63.504
223344000,223344000,0.9999261,0.0018850244,0.004246705,-0.011634501,0.0,0.0,0.0,0.0,0,63.524
223364000,223364000,0.99994063,-0.0010304004,0.00043788037,-0.01125072,0.0,0.0,0.0,0.0,0,63.544
223384000,223384000,0.99993277,-0.0038628876,-0.0032587482,-0.010861972,0.0,0.0,0.0,0.0,0,63.564
223404000,223404000,0.99990433,-0.0066263643,-0.0068479157,-0.010471183,0.0,0.0,0.0,0.0,0,63.584
223424000,223424000,0.9998573,-0.009296703,-0.010317301,-0.010080941,0.0,0.0,0.0,0.0,0,63.604
223444000,223444000,0.9997936,-0.011881133,-0.013665086,-0.009693507,0.0,0.0,0.0,0.0,0,63.624
223464000,223464000,0.9997154,-0.014365567,-0.016885899,-0.009311119,0.0,0.0,0.0,0.0,0,63.644
223484000,223484000,0.99962443,-0.016762055,-0.019981353,-0.008936458,0.0,0.0,0.0,0.0,0,63.664
223504000,223504000,0.99952304,-0.019057134,-0.022938987,-0.008571727,0.0,0.0,0.0,0.0,0,63.684
223524000,223524000,0.9994127,-0.021258818,-0.025765853,-0.008218881,0.0,0.0,0.0,0.0,0,63.704
223544000,223544000,0.9992955,-0.023363907,-0.028455516,-0.007879981,0.0,0.0,0.0,0.0,0,63.724
223564000,223564000,0.9991727,-0.025375035,-0.031017747,-0.007556584,0.0,0.0,0.0,0.0,0,63.744
223584000,223584000,0.99904674,-0.02727945,-0.033435665,-0.0072502135,0.0,0.0,0.0,0.0,0,63.764
223604000,223604000,0.9989186,-0.029091304,-0.03572142,-0.006962402,0.0,0.0,0.0,0.0,0,63.784
223624000,223624000,0.9987901,-0.03080362,-0.037864935,-0.006694508,0.0,0.0,0.0,0.0,0,63.804
223644000,223644000,0.99866223,-0.03241709,-0.039880037,-0.006447149,0.0,0.0,0.0,0.0,0,63.824
223664000,223664000,0.99853593,-0.033934698,-0.041771095,-0.0062209405,0.0,0.0,0.0,0.0,0,63.844
223684000,223684000,0.9984123,-0.03535349,-0.043541647,-0.0060165697,0.0,0.0,0.0,0.0,0,63.864
223704000,223704000,0.998293,-0.036667835,-0.04518456,-0.005833808,0.0,0.0,0.0,0.0,0,63.884
223724000,223724000,0.9981788,-0.037873063,-0.046708617,-0.0056721848,0.0,0.0,0.0,0.0,0,63.904
223744000,223744000,0.9980702,-0.038982373,-0.048112493,-0.0055329255,0.0,0.0,0.0,0.0,0,63.924
223764000,223764000,0.99796736,-0.040003803,-0.049402922,-0.0054160077,0.0,0.0,0.0,0.0,0,63.944
223784000,223784000,0.99787116,-0.040928207,-0.050584406,-0.0053201253,0.0,0.0,0.0,0.0,0,63.964
223804000,223804000,0.9977826,-0.04174873,-0.051658414,-0.0052444604,0.0,0.0,0.0,0.0,0,63.984
223824000,223824000,0.99770236,-0.042481937,-0.05260706,-0.005190319,0.0,0.0,0.0,0.0,0,64.004
223844000,223844000,0.9976299,-0.043137435,-0.05344392,-0.005157448,0.0,0.0,0.0,0.0,0,64.024
223864000,223864000,0.9975654,-0.043718107,-0.054172896,-0.005144899,0.0,0.0,0.0,0.0,0,64.044
223884000,223884000,0.99750954,-0.0442059,-0.054800946,-0.00515021,0.0,0.0,0.0,0.0,0,64.064
223904000,223904000,0.99746245,-0.04460101,-0.055332907,-0.0051724967,0.0,0.0,0.0,0.0,0,64.084
223924000,223924000,0.9974238,-0.04491609,-0.055769395,-0.005211548,0.0,0.0,0.0,0.0,0,64.104
223944000,223944000,0.99739325,-0.045164414,-0.056109373,-0.0052668513,0.0,0.0,0.0,0.0,0,64.124
223964000,223964000,0.99737096,-0.045335174,-0.05636045,-0.0053363787,0.0,0.0,0.0,0.0,0,64.144
223984000,223984000,0.9973567,-0.04543139,-0.056527123,-0.005418757,0.0,0.0,0.0,0.0,0,64.164
224004000,224004000,0.9973497,-0.04545749,-0.05662132,-0.0055123214,0.0,0.0,0.0,0.0,0,64.184
224024000,224024000,0.99734974,-0.045418113,-0.056641605,-0.0056166756,0.0,0.0,0.0,0.0,0,64.204
224044000,224044000,0.99735653,-0.045326125,-0.056583583,-0.0057312385,0.0,0.0,0.0,0.0,0,64.224
224064000,224064000,0.9973695,-0.04518694,-0.056453202,-0.005854668,0.0,0.0,0.0,0.0,0,64.244
224084000,224084000,0.99738806,-0.045002744,-0.05625948,-0.0059856055,0.0,0.0,0.0,0.0,0,64.264
224104000,224104000,0.9974122,-0.04476484,-0.056005985,-0.0061218264,0.0,0.0,0.0,0.0,0,64.284
224124000,224124000,0.9974418,-0.044468172,-0.055697586,-0.006261599,0.0,0.0,0.0,0.0,0,64.304
224144000,224144000,0.9974767,-0.044121582,-0.055332247,-0.0064045675,0.0,0.0,0.0,0.0,0,64.324
224164000,224164000,0.9975162,-0.04373568,-0.054906655,-0.006550694,0.0,0.0,0.0,0.0,0,64.344
224184000,224184000,0.9975605,-0.043301906,-0.054426238,-0.006697596,0.0,0.0,0.0,0.0,0,64.364
224204000,224204000,0.9976093,-0.042820103,-0.053891715,-0.0068435823,0.0,0.0,0.0,0.0,0,64.384
224224000,224224000,0.9976622,-0.0423026,-0.0532998,-0.0069886926,0.0,0.0,0.0,0.0,0,64.404
224244000,224244000,0.99771845,-0.041753825,-0.052656703,-0.007131623,0.0,0.0,0.0,0.0,0,64.424
224264000,224264000,0.9977772,-0.041170415,-0.051979054,-0.0072707655,0.0,0.0,0.0,0.0,0,64.444
224284000,224284000,0.99783796,-0.040558573,-0.051270444,-0.007405524,0.0,0.0,0.0,0.0,0,64.464
224304000,224304000,0.99790025,-0.039924677,-0.050531764,-0.00753532,0.0,0.0,0.0,0.0,0,64.484
224324000,224324000,0.99796396,-0.03927714,-0.049755648,-0.0076600336,0.0,0.0,0.0,0.0,0,64.504
224344000,224344000,0.9980288,-0.038611237,-0.048952226,-0.0077781104,0.0,0.0,0.0,0.0,0,64.524
224364000,224364000,0.99809426,-0.037929017,-0.048125487,-0.007888763,0.0,0.0,0.0,0.0,0,64.544
224384000,224384000,0.9981604,-0.03722941,-0.047275335,-0.007991465,0.0,0.0,0.0,0.0,0,64.564
224404000,224404000,0.9982271,-0.036514655,-0.046400975,-0.00808587,0.0,0.0,0.0,0.0,0,64.584
224424000,224424000,0.998294,-0.03578785,-0.04550467,-0.008171626,0.0,0.0,0.0,0.0,0,64.604
224444000,224444000,0.9983607,-0.035048362,-0.04459339,-0.008247722,0.0,0.0,0.0,0.0,0,64.624
224464000,224464000,0.9984271,-0.03429229,-0.043673296,-0.00831353,0.0,0.0,0.0,0.0,0,64.644
224484000,224484000,0.9984927,-0.033528846,-0.042745188,-0.008369438,0.0,0.0,0.0,0.0,0,64.664
224504000,224504000,0.9985574,-0.032765415,-0.041806817,-0.0084157465,0.0,0.0,0.0,0.0,0,64.684
224524000,224524000,0.99862105,-0.03200256,-0.040859684,-0.008452358,0.0,0.0,0.0,0.0,0,64.704
224544000,224544000,0.99868375,-0.031237872,-0.039902117,-0.008479038,0.0,0.0,0.0,0.0,0,64.724
224564000,224564000,0.9987454,-0.030470239,-0.03893795,-0.008495334,0.0,0.0,0.0,0.0,0,64.744
224584000,224584000,0.99880564,-0.029708335,-0.03796711,-0.008501552,0.0,0.0,0.0,0.0,0,64.764
224604000,224604000,0.99886435,-0.028959254,-0.036990274,-0.008497975,0.0,0.0,0.0,0.0,0,64.784
224624000,224624000,0.9989215,-0.028220894,-0.03600783,-0.008484359,0.0,0.0,0.0,0.0,0,64.804
224644000,224644000,0.998977,-0.027476527,-0.035036538,-0.008459875,0.0,0.0,0.0,0.0,0,64.824
224664000,224664000,0.99903107,-0.026730737,-0.034066115,-0.008425334,0.0,0.0,0.0,0.0,0,64.844
224684000,224684000,0.99908376,-0.025982805,-0.03309695,-0.008381103,0.0,0.0,0.0,0.0,0,64.864
224704000,224704000,0.99913466,-0.025241464,-0.032133866,-0.008327502,0.0,0.0,0.0,0.0,0,64.884
224724000,224724000,0.99918354,-0.024509387,-0.031183429,-0.008264693,0.0,0.0,0.0,0.0,0,64.904
224744000,224744000,0.9992309,-0.023782931,-0.030230073,-0.008193496,0.0,0.0,0.0,0.0,0,64.924
224764000,224764000,0.99927676,-0.02305824,-0.029283134,-0.008114026,0.0,0.0,0.0,0.0,0,64.944
224784000,224784000,0.99932057,-0.022340924,-0.028353773,-0.008026843,0.0,0.0,0.0,0.0,0,64.964
224804000,224804000,0.9993626,-0.021628654,-0.027437884,-0.0079324795,0.0,0.0,0.0,0.0,0,64.984
224824000,224824000,0.9994028,-0.020927725,-0.026530378,-0.007831504,0.0,0.0,0.0,0.0,0,65.004
224844000,224844000,0.9994411,-0.020234115,-0.025643311,-0.007724058,0.0,0.0,0.0,0.0,0,65.024
224864000,224864000,0.99947745,-0.019545969,-0.02477948,-0.0076104747,0.0,0.0,0.0,0.0,0,65.044
224884000,224884000,0.9995122,-0.018853787,-0.023934074,-0.007491639,0.0,0.0,0.0,0.0,0,65.064
224904000,224904000,0.9995457,-0.018164478,-0.023092523,-0.0073682535,0.0,0.0,0.0,0.0,0,65.084
224924000,224924000,0.9995776,-0.017484471,-0.022263775,-0.007240678,0.0,0.0,0.0,0.0,0,65.104
224944000,224944000,0.99960786,-0.016810915,-0.02144956,-0.00710939,0.0,0.0,0.0,0.0,0,65.124
224964000,224964000,0.99963653,-0.016140759,-0.020658046,-0.006974845,0.0,0.0,0.0,0.0,0,65.144
224984000,224984000,0.9996635,-0.01548546,-0.019886862,-0.0068379366,0.0,0.0,0.0,0.0,0,65.164
225004000,225004000,0.9996886,-0.014847435,-0.019143088,-0.006699104,0.0,0.0,0.0,0.0,0,65.184
225024000,225024000,0.99971205,-0.0142296245,-0.01842447,-0.0065590134,0.0,0.0,0.0,0.0,0,65.204
225044000,225044000,0.99973375,-0.01362913,-0.017737614,-0.0064177704,0.0,0.0,0.0,0.0,0,65.224
225064000,225064000,0.9997537,-0.013047341,-0.017087962,-0.0062759016,0.0,0.0,0.0,0.0,0,65.244
225084000,225084000,0.99977225,-0.012484641,-0.01646558,-0.006133984,0.0,0.0,0.0,0.0,0,65.264
225104000,225104000,0.9997894,-0.011935903,-0.015869943,-0.0059922505,0.0,0.0,0.0,0.0,0,65.284
225124000,225124000,0.9998053,-0.011409208,-0.015301492,-0.005851489,0.0,0.0,0.0,0.0,0,65.304
225144000,225144000,0.9998199,-0.010902061,-0.0147608835,-0.005711965,0.0,0.0,0.0,0.0,0,65.324
225164000,225164000,0.9998334,-0.010417683,-0.014234814,-0.005574056,0.0,0.0,0.0,0.0,0,65.344
225184000,225184000,0.999846,-0.009952294,-0.013729948,-0.005437746,0.0,0.0,0.0,0.0,0,65.364
225204000,225204000,0.99985754,-0.009502137,-0.0132496115,-0.005303453,0.0,0.0,0.0,0.0,0,65.384
225224000,225224000,0.9998683,-0.0090663405,-0.012791021,-0.0051714643,0.0,0.0,0.0,0.0,0,65.404
225244000,225244000,0.9998782,-0.008644387,-0.012349624,-0.0050424,0.0,0.0,0.0,0.0,0,65.424
225264000,225264000,0.9998874,-0.008245769,-0.011922037,-0.004917013,0.0,0.0,0.0,0.0,0,65.444
225284000,225284000,0.9998958,-0.0078658415,-0.011514427,-0.0047954237,0.0,0.0,0.0,0.0,0,65.464
225304000,225304000,0.9999036,-0.0075059524,-0.01111995,-0.004677682,0.0,0.0,0.0,0.0,0,65.484
225324000,225324000,0.99991083,-0.007156601,-0.010741082,-0.004563642,0.0,0.0,0.0,0.0,0,65.504
225344000,225344000,0.99991745,-0.0068177073,-0.01038575,-0.0044535887,0.0,0.0,0.0,0.0,0,65.524
225364000,225364000,0.9999236,-0.006500132,-0.010040295,-0.0043482203,0.0,0.0,0.0,0.0,0,65.544
225384000,225384000,0.9999293,-0.006192524,-0.009698195,-0.00424751,0.0,0.0,0.0,0.0,0,65.564
225404000,225404000,0.99993473,-0.005893248,-0.009365345,-0.004152012,0.0,0.0,0.0,0.0,0,65.584
225424000,225424000,0.9999396,-0.0056067854,-0.00905179,-0.0040610665,0.0,0.0,0.0,0.0,0,65.604
225444000,225444000,0.9999442,-0.0053371084,-0.008742498,-0.003975148,0.0,0.0,0.0,0.0,0,65.624
225464000,225464000,0.99994844,-0.0050768815,-0.0084393695,-0.0038947626,0.0,0.0,0.0,0.0,0,65.644
225484000,225484000,0.99995244,-0.0048206043,-0.00814663,-0.003819828,0.0,0.0,0.0,0.0,0,65.664
225504000,225504000,0.99995613,-0.004572599,-0.007867985,-0.0037498516,0.0,0.0,0.0,0.0,0,65.684
225524000,225524000,0.99995947,-0.0043445025,-0.0076000323,-0.0036850593,0.0,0.0,0.0,0.0,0,65.704
225544000,225544000,0.99996257,-0.004129568,-0.007336115,-0.0036253138,0.0,0.0,0.0,0.0,0,65.724
225564000,225564000,0.9999654,-0.003918022,-0.007080688,-0.003570938,0.0,0.0,0.0,0.0,0,65.744
225584000,225584000,0.9999681,-0.0037108657,-0.0068313526,-0.0035218734,0.0,0.0,0.0,0.0,0,65.764
225604000,225604000,0.9999707,-0.003506047,-0.006589632,-0.0034782216,0.0,0.0,0.0,0.0,0,65.784
225624000,225624000,0.999973,-0.0033028559,-0.0063558295,-0.0034399661,0.0,0.0,0.0,0.0,0,65.804
225644000,225644000,0.99997514,-0.0031039214,-0.006126784,-0.003407424,0.0,0.0,0.0,0.0,0,65.824
225664000,225664000,0.9999771,-0.002918866,-0.0059067495,-0.0033796954,0.0,0.0,0.0,0.0,0,65.844
225684000,225684000,0.99997896,-0.0027507662,-0.0056929216,-0.0033567646,0.0,0.0,0.0,0.0,0,65.864
225704000,225704000,0.99998057,-0.0025907615,-0.0054822764,-0.003339179,0.0,0.0,0.0,0.0,0,65.884
225724000,225724000,0.9999821,-0.0024359722,-0.00527872,-0.0033263387,0.0,0.0,0.0,0.0,0,65.904
225744000,225744000,0.99998355,-0.0022927178,-0.005077704,-0.0033179477,0.0,0.0,0.0,0.0,0,65.924
225764000,225764000,0.99998486,-0.002166123,-0.0048738923,-0.0033141572,0.0,0.0,0.0,0.0,0,65.944
225784000,225784000,0.999986,-0.0020449816,-0.0046866396,-0.0033149556,0.0,0.0,0.0,0.0,0,65.964
225804000,225804000,0.99998707,-0.001917669,-0.0045021484,-0.003320029,0.0,0.0,0.0,0.0,0,65.984
225824000,225824000,0.9999881,-0.0017969488,-0.0043155,-0.0033292877,0.0,0.0,0.0,0.0,0,66.004
225844000,225844000,0.999989,-0.0016875739,-0.0041393074,-0.0033418918,0.0,0.0,0.0,0.0,0,66.024
225864000,225864000,0.99998975,-0.0015840777,-0.0039716708,-0.003357976,0.0,0.0,0.0,0.0,0,66.044
225884000,225884000,0.99999046,-0.0014835694,-0.0038113033,-0.0033775938,0.0,0.0,0.0,0.0,0,66.064
225904000,225904000,0.9999911,-0.0013841137,-0.0036547778,-0.0034002175,0.0,0.0,0.0,0.0,0,66.084
225924000,225924000,0.9999917,-0.0012890645,-0.003506457,-0.0034257472,0.0,0.0,0.0,0.0,0,66.104
225944000,225944000,0.9999922,-0.0012007076,-0.0033686955,-0.0034541767,0.0,0.0,0.0,0.0,0,66.124
225964000,225964000,0.9999926,-0.001115884,-0.0032456638,-0.003484928,0.0,0.0,0.0,0.0,0,66.144
225984000,225984000,0.99999297,-0.0010382218,-0.0031214051,-0.0035176866,0.0,0.0,0.0,0.0,0,66.164
226004000,226004000,0.9999933,-0.00096330454,-0.002994904,-0.0035520382,0.0,0.0,0.0,0.0,0,66.184
226024000,226024000,0.9999936,-0.00088650995,-0.0028722056,-0.0035879284,0.0,0.0,0.0,0.0,0,66.204
226044000,226044000,0.99999386,-0.0008061307,-0.0027589735,-0.0036254157,0.0,0.0,0.0,0.0,0,66.224
226064000,226064000,0.99999404,-0.00072239863,-0.0026524349,-0.0036642847,0.0,0.0,0.0,0.0,0,66.244
226084000,226084000,0.9999942,-0.0006373672,-0.0025595187,-0.003704217,0.0,0.0,0.0,0.0,0,66.264
226104000,226104000,0.99999434,-0.0005484264,-0.00246366,-0.0037449482,0.0,0.0,0.0,0.0,0,66.284
226124000,226124000,0.99999446,-0.00045427217,-0.0023648422,-0.0037865697,0.0,0.0,0.0,0.0,0,66.304
226144000,226144000,0.9999946,-0.00035736177,-0.0022763603,-0.0038287325,0.0,0.0,0.0,0.0,0,66.324
226164000,226164000,0.99999464,-0.0002577559,-0.0021894954,-0.003871108,0.0,0.0,0.0,0.0,0,66.344
226184000,226184000,0.99999464,-0.00015829763,-0.0021095169,-0.003913821,0.0,0.0,0.0,0.0,0,66.364
226204000,226204000,0.99999464,-5.7174453e-05,-0.0020377971,-0.0039564534,0.0,0.0,0.0,0.0,0,66.384
226224000,226224000,0.99999464,4.274708e-05,-0.0019667537,-0.003998989,0.0,0.0,0.0,0.0,0,66.404
226244000,226244000,0.9999946,0.00013969907,-0.0018936918,-0.0040413667,0.0,0.0,0.0,0.0,0,66.424
226264000,226264000,0.9999945,0.0002345837,-0.0018236096,-0.0040833075,0.0,0.0,0.0,0.0,0,66.444
226284000,226284000,0.99999446,0.00032739335,-0.0017583141,-0.0041248766,0.0,0.0,0.0,0.0,0,66.464
226304000,226304000,0.99999434,0.00041460703,-0.0017032364,-0.0041655838,0.0,0.0,0.0,0.0,0,66.484
226324000,226324000,0.9999942,0.0004995508,-0.0016513598,-0.004205227,0.0,0.0,0.0,0.0,0,66.504
226344000,226344000,0.9999941,0.00057962944,-0.0015933879,-0.0042435722,0.0,0.0,0.0,0.0,0,66.524
226364000,226364000,0.999994,0.0006524177,-0.0015370093,-0.0042809155,0.0,0.0,0.0,0.0,0,66.544
226384000,226384000,0.99999386,0.0007254481,-0.0014888103,-0.004316859,0.0,0.0,0.0,0.0,0,66.564
226404000,226404000,0.99999374,0.0007894724,-0.0014462004,-0.004351756,0.0,0.0,0.0,0.0,0,66.584
226424000,226424000,0.9999936,0.0008411498,-0.0013970197,-0.004385181,0.0,0.0,0.0,0.0,0,66.604
226444000,226444000,0.9999935,0.0008849141,-0.0013576681,-0.0044169095,0.0,0.0,0.0,0.0,0,66.624
226464000,226464000,0.9999934,0.0009289226,-0.0013247476,-0.0044471887,0.0,0.0,0.0,0.0,0,66.644
226484000,226484000,0.9999932,0.0009737678,-0.0012856976,-0.0044763642,0.0,0.0,0.0,0.0,0,66.664
226500000,226500000,0.99999315,0.0010055342,-0.001252396,-0.004498641,0.0,0.0,0.0,0.0,0,66.68
226520000,226520000,0.999993,0.0010316474,-0.0012189553,-0.0045253583,0.0,0.0,0.0,0.0,0,66.7
226540000,226540000,0.99999297,0.0010412796,-0.0011831127,-0.0045504593,0.0,0.0,0.0,0.0,0,66.72
226560000,226560000,0.9999929,0.0010423537,-0.0011523095,-0.00457396,0.0,0.0,0.0,0.0,0,66.74
226580000,226580000,0.9999928,0.0010398962,-0.001131908,-0.0045961495,0.0,0.0,0.0,0.0,0,66.76
226600000,226600000,0.9999927,0.0010365641,-0.0011023725,-0.0046173153,0.0,0.0,0.0,0.0,0,66.78
226620000,226620000,0.99999267,0.0010297361,-0.0010721459,-0.00463724,0.0,0.0,0.0,0.0,0,66.8
226640000,226640000,0.99999267,0.0010213194,-0.0010435442,-0.0046549924,0.0,0.0,0.0,0.0,0,66.82
226660000,226660000,0.9999926,0.0010021359,-0.0010039306,-0.004671066,0.0,0.0,0.0,0.0,0,66.84
226680000,226680000,0.99999267,0.00097256707,-0.0009623103,-0.0046855565,0.0,0.0,0.0,0.0,0,66.86
226700000,226700000,0.99999267,0.00092957704,-0.0009305817,-0.004698839,0.0,0.0,0.0,0.0,0,66.88
226720000,226720000,0.99999267,0.00087032304,-0.0009046859,-0.0047109774,0.0,0.0,0.0,0.0,0,66.9
226740000,226740000,0.99999267,0.0008040181,-0.0008775741,-0.0047213775,0.0,0.0,0.0,0.0,0,66.92
226760000,226760000,0.9999927,0.0007369598,-0.00084826775,-0.004730947,0.0,0.0,0.0,0.0,0,66.94
226780000,226780000,0.9999928,0.00066753523,-0.000815443,-0.0047395756,0.0,0.0,0.0,0.0,0,66.96
226800000,226800000,0.9999928,0.0005928375,-0.00079131994,-0.0047474173,0.0,0.0,0.0,0.0,0,66.98
226820000,226820000,0.99999285,0.0005211362,-0.0007660418,-0.0047546756,0.0,0.0,0.0,0.0,0,67.0
226840000,226840000,0.99999285,0.00045890457,-0.0007471321,-0.0047606686,0.0,0.0,0.0,0.0,0,67.02
226860000,226860000,0.99999285,0.0003981202,-0.0007342299,-0.0047654393,0.0,0.0,0.0,0.0,0,67.04
226880000,226880000,0.99999285,0.00033822417,-0.0007206504,-0.0047697444,0.0,0.0,0.0,0.0,0,67.06
226900000,226900000,0.99999285,0.00027859057,-0.0007032392,-0.0047735437,0.0,0.0,0.0,0.0,0,67.08
226920000,226920000,0.9999929,0.00022398704,-0.0006837145,-0.004776396,0.0,0.0,0.0,0.0,0,67.1
226940000,226940000,0.9999929,0.00017315111,-0.00065793854,-0.004778919,0.0,0.0,0.0,0.0,0,67.12
226960000,226960000,0.9999929,0.00011610339,-0.00063535164,-0.0047811465,0.0,0.0,0.0,0.0,0,67.14
226980000,226980000,0.9999929,5.2628e-05,-0.0006107789,-0.0047827805,0.0,0.0,0.0,0.0,0,67.16
227000000,227000000,0.99999297,-1.3343052e-05,-0.00057768676,-0.0047833156,0.0,0.0,0.0,0.0,0,67.18
227020000,227020000,0.99999297,-7.066171e-05,-0.0005321483,-0.004783415,0.0,0.0,0.0,0.0,0,67.2
227040000,227040000,0.99999297,-0.00012542085,-0.00048164892,-0.0047834837,0.0,0.0,0.0,0.0,0,67.22
227060000,227060000,0.999993,-0.00018074008,-0.00042946506,-0.0047835466,0.0,0.0,0.0,0.0,0,67.24
227080000,227080000,0.999993,-0.00024099826,-0.0003781907,-0.00478397,0.0,0.0,0.0,0.0,0,67.26
227100000,227100000,0.999993,-0.0003075265,-0.00033048666,-0.0047847354,0.0,0.0,0.0,0.0,0,67.28
227120000,227120000,0.99999297,-0.0003753986,-0.00028253818,-0.0047855168,0.0,0.0,0.0,0.0,0,67.3
227140000,227140000,0.99999297,-0.00044458391,-0.00023376508,-0.004786297,0.0,0.0,0.0,0.0,0,67.32
227160000,227160000,0.99999297,-0.00051364,-0.00018268956,-0.004787236,0.0,0.0,0.0,0.0,0,67.34
227180000,227180000,0.9999929,-0.00057734956,-0.00012612907,-0.004788526,0.0,0.0,0.0,0.0,0,67.36
227200000,227200000,0.99999285,-0.00063850405,-6.251032e-05,-0.0047901566,0.0,0.0,0.0,0.0,0,67.38
227220000,227220000,0.99999285,-0.00069951144,2.9488328e-06,-0.0047917985,0.0,0.0,0.0,0.0,0,67.4
227240000,227240000,0.9999928,-0.0007612517,6.980168e-05,-0.0047934344,0.0,0.0,0.0,0.0,0,67.42
227260000,227260000,0.9999927,-0.0008201281,0.00014003675,-0.0047954037,0.0,0.0,0.0,0.0,0,67.44
227280000,227280000,0.99999267,-0.0008680273,0.0002052508,-0.004797906,0.0,0.0,0.0,0.0,0,67.46
227300000,227300000,0.99999255,-0.0009122477,0.00026678617,-0.004800751,0.0,0.0,0.0,0.0,0,67.48
227320000,227320000,0.9999925,-0.0009539337,0.00032597364,-0.0048036785,0.0,0.0,0.0,0.0,0,67.5
227340000,227340000,0.99999243,-0.0009980171,0.00038300868,-0.004807236,0.0,0.0,0.0,0.0,0,67.52
227360000,227360000,0.9999924,-0.0010377992,0.00043919915,-0.004811581,0.0,0.0,0.0,0.0,0,67.54
227380000,227380000,0.99999225,-0.0010609473,0.00048706244,-0.004816631,0.0,0.0,0.0,0.0,0,67.56
227400000,227400000,0.9999922,-0.0010777838,0.00053060125,-0.0048217946,0.0,0.0,0.0,0.0,0,67.58
227420000,227420000,0.99999213,-0.0010940011,0.0005744438,-0.0048269387,0.0,0.0,0.0,0.0,0,67.6
227440000,227440000,0.9999921,-0.0011098373,0.0006199463,-0.0048322557,0.0,0.0,0.0,0.0,0,67.62
227460000,227460000,0.999992,-0.0011192298,0.0006734305,-0.00483886,0.0,0.0,0.0,0.0,0,67.64
227480000,227480000,0.9999919,-0.0011281809,0.00072210724,-0.0048462697,0.0,0.0,0.0,0.0,0,67.66
227500000,227500000,0.99999183,-0.0011334718,0.0007565863,-0.00485415,0.0,0.0,0.0,0.0,0,67.68
227520000,227520000,0.9999918,-0.0011413763,0.0007916145,-0.004862165,0.0,0.0,0.0,0.0,0,67.7
227540000,227540000,0.9999917,-0.0011504861,0.0008281529,-0.0048701414,0.0,0.0,0.0,0.0,0,67.72
227560000,227560000,0.9999916,-0.0011608443,0.0008649246,-0.0048782686,0.0,0.0,0.0,0.0,0,67.74
227580000,227580000,0.99999154,-0.0011797815,0.000894458,-0.004887142,0.0,0.0,0.0,0.0,0,67.76
227600000,227600000,0.9999914,-0.0011981743,0.00092560035,-0.0048971693,0.0,0.0,0.0,0.0,0,67.78
227620000,227620000,0.9999913,-0.0012141162,0.0009515926,-0.004908167,0.0,0.0,0.0,0.0,0,67.8
227640000,227640000,0.99999124,-0.0012263374,0.0009668986,-0.004919828,0.0,0.0,0.0,0.0,0,67.82
227660000,227660000,0.9999911,-0.0012389974,0.0009851321,-0.0049321144,0.0,0.0,0.0,0.0,0,67.84
227680000,227680000,0.99999106,-0.0012428988,0.0009957979,-0.0049449247,0.0,0.0,0.0,0.0,0,67.86
227700000,227700000,0.999991,-0.0012407214,0.001001418,-0.004957723,0.0,0.0,0.0,0.0,0,67.88
227720000,227720000,0.99999094,-0.0012370404,0.0010065573,-0.0049704453,0.0,0.0,0.0,0.0,0,67.9
227740000,227740000,0.9999909,-0.0012327927,0.00101219,-0.0049830847,0.0,0.0,0.0,0.0,0,67.92
227760000,227760000,0.9999908,-0.0012286659,0.0010174748,-0.0049957414,0.0,0.0,0.0,0.0,0,67.94
227780000,227780000,0.99999076,-0.0012269529,0.0010056545,-0.00500845,0.0,0.0,0.0,0.0,0,67.96
227800000,227800000,0.9999907,-0.001224378,0.0009774065,-0.005021688,0.0,0.0,0.0,0.0,0,67.98
227820000,227820000,0.9999907,-0.0012096021,0.00095324236,-0.0050355857,0.0,0.0,0.0,0.0,0,68.0
227840000,227840000,0.99999064,-0.0011873263,0.00092936127,-0.0050498135,0.0,0.0,0.0,0.0,0,68.02
227860000,227860000,0.99999064,-0.0011642581,0.0008840114,-0.0050640814,0.0,0.0,0.0,0.0,0,68.04
227880000,227880000,0.99999064,-0.0011497617,0.00083361205,-0.0050783474,0.0,0.0,0.0,0.0,0,68.06
227900000,227900000,0.99999064,-0.0011453556,0.00079517125,-0.0050924984,0.0,0.0,0.0,0.0,0,68.08
227920000,227920000,0.9999906,-0.0011470953,0.00074650784,-0.005106616,0.0,0.0,0.0,0.0,0,68.1
227940000,227940000,0.9999905,-0.0011429443,0.0006884412,-0.0051207542,0.0,0.0,0.0,0.0,0,68.12
227960000,227960000,0.9999905,-0.0011362497,0.00063071976,-0.0051348237,0.0,0.0,0.0,0.0,0,68.14
227980000,227980000,0.9999905,-0.0011282199,0.0005735039,-0.0051488015,0.0,0.0,0.0,0.0,0,68.16
228000000,228000000,0.99999046,-0.0011194664,0.00051623693,-0.005162589,0.0,0.0,0.0,0.0,0,68.18
228020000,228020000,0.9999904,-0.0011122653,0.00045658773,-0.0051761656,0.0,0.0,0.0,0.0,0,68.2
228040000,228040000,0.9999904,-0.0011047828,0.000396309,-0.0051896432,0.0,0.0,0.0,0.0,0,68.22
228060000,228060000,0.99999034,-0.0010961574,0.00033620832,-0.0052030287,0.0,0.0,0.0,0.0,0,68.24
228080000,228080000,0.99999034,-0.0010860426,0.0002761126,-0.005216252,0.0,0.0,0.0,0.0,0,68.26
228100000,228100000,0.9999903,-0.0010741521,0.00021603549,-0.005228502,0.0,0.0,0.0,0.0,0,68.28
228120000,228120000,0.9999902,-0.0010630665,0.00015883792,-0.0052389842,0.0,0.0,0.0,0.0,0,68.3
228140000,228140000,0.9999902,-0.0010460786,0.00010741056,-0.0052483827,0.0,0.0,0.0,0.0,0,68.32
228160000,228160000,0.9999902,-0.0010335897,5.04705e-05,-0.0052569686,0.0,0.0,0.0,0.0,0,68.34
228180000,228180000,0.99999017,-0.0010245979,-1.1115608e-05,-0.005265143,0.0,0.0,0.0,0.0,0,68.36
228200000,228200000,0.9999901,-0.0010138465,-7.234949e-05,-0.005273234,0.0,0.0,0.0,0.0,0,68.38
228220000,228220000,0.9999901,-0.0010013252,-0.00013310822,-0.0052812654,0.0,0.0,0.0,0.0,0,68.4
228240000,228240000,0.99999005,-0.0009871131,-0.0001936594,-0.0052892403,0.0,0.0,0.0,0.0,0,68.42
228260000,228260000,0.99999005,-0.0009710696,-0.00025373182,-0.005297128,0.0,0.0,0.0,0.0,0,68.44
228280000,228280000,0.99999,-0.00095827534,-0.00030850957,-0.0053044297,0.0,0.0,0.0,0.0,0,68.46
228300000,228300000,0.9999899,-0.00095445215,-0.0003497503,-0.00531136,0.0,0.0,0.0,0.0,0,68.48
228320000,228320000,0.99998987,-0.0009617996,-0.00039122973,-0.0053180247,0.0,0.0,0.0,0.0,0,68.5
228340000,228340000,0.9999898,-0.0009646832,-0.00043606895,-0.005323963,0.0,0.0,0.0,0.0,0,68.52
228360000,228360000,0.99998975,-0.00096271303,-0.00047530842,-0.0053295614,0.0,0.0,0.0,0.0,0,68.54
228380000,228380000,0.99998975,-0.00097021036,-0.00051435514,-0.0053349123,0.0,0.0,0.0,0.0,0,68.56
228400000,228400000,0.9999896,-0.0009815387,-0.0005556508,-0.0053401017,0.0,0.0,0.0,0.0,0,68.58
228420000,228420000,0.99998957,-0.0009928829,-0.00059773074,-0.0053452263,0.0,0.0,0.0,0.0,0,68.6
228440000,228440000,0.9999895,-0.0010053988,-0.0006425062,-0.0053500296,0.0,0.0,0.0,0.0,0,68.62
228460000,228460000,0.99998945,-0.001019689,-0.0006892936,-0.0053548305,0.0,0.0,0.0,0.0,0,68.64
228480000,228480000,0.9999894,-0.0010337319,-0.00073518156,-0.005359563,0.0,0.0,0.0,0.0,0,68.66
228500000,228500000,0.99998933,-0.0010486614,-0.0007828141,-0.0053641107,0.0,0.0,0.0,0.0,0,68.68
228520000,228520000,0.9999892,-0.0010626701,-0.0008310764,-0.0053686174,0.0,0.0,0.0,0.0,0,68.7
228540000,228540000,0.99998915,-0.0010746738,-0.00087872444,-0.0053730905,0.0,0.0,0.0,0.0,0,68.72
228560000,228560000,0.9999891,-0.0010843618,-0.0009256807,-0.0053775315,0.0,0.0,0.0,0.0,0,68.74
228580000,228580000,0.999989,-0.0010916978,-0.0009716977,-0.0053819735,0.0,0.0,0.0,0.0,0,68.76
228600000,228600000,0.9999889,-0.0011007778,-0.0010209953,-0.0053867693,0.0,0.0,0.0,0.0,0,68.78
228620000,228620000,0.9999888,-0.001112459,-0.001074217,-0.0053916634,0.0,0.0,0.0,0.0,0,68.8
228640000,228640000,0.99998873,-0.0011238828,-0.0011286933,-0.005396582,0.0,0.0,0.0,0.0,0,68.82
228660000,228660000,0.9999886,-0.0011340271,-0.0011832258,-0.0054015303,0.0,0.0,0.0,0.0,0,68.84
228680000,228680000,0.9999885,-0.0011430768,-0.0012420606,-0.005406312,0.0,0.0,0.0,0.0,0,68.86
228700000,228700000,0.99998844,-0.0011538741,-0.0012961901,-0.0054107765,0.0,0.0,0.0,0.0,0,68.88
228720000,228720000,0.9999883,-0.0011638788,-0.0013284412,-0.0054153036,0.0,0.0,0.0,0.0,0,68.9
228740000,228740000,0.99998826,-0.0011715386,-0.0013639217,-0.005419678,0.0,0.0,0.0,0.0,0,68.92
228760000,228760000,0.99998814,-0.0011778732,-0.0014085855,-0.005423914,0.0,0.0,0.0,0.0,0,68.94
228780000,228780000,0.9999881,-0.00117865,-0.0014449608,-0.005427859,0.0,0.0,0.0,0.0,0,68.96
228800000,228800000,0.999988,-0.0011749031,-0.0014856802,-0.0054319073,0.0,0.0,0.0,0.0,0,68.98
228820000,228820000,0.99998796,-0.0011643586,-0.0015212246,-0.005435722,0.0,0.0,0.0,0.0,0,69.0
228840000,228840000,0.9999879,-0.0011449486,-0.0015457845,-0.005439322,0.0,0.0,0.0,0.0,0,69.02
228860000,228860000,0.9999879,-0.0011209344,-0.0015661553,-0.0054428843,0.0,0.0,0.0,0.0,0,69.04
228880000,228880000,0.99998784,-0.0010948206,-0.0015823476,-0.005446545,0.0,0.0,0.0,0.0,0,69.06
228900000,228900000,0.99998784,-0.0010664002,-0.0015932281,-0.0054502464,0.0,0.0,0.0,0.0,0,69.08
228920000,228920000,0.99998784,-0.0010367049,-0.0015995773,-0.005454253,0.0,0.0,0.0,0.0,0,69.1
228940000,228940000,0.99998784,-0.0010069923,-0.0016007257,-0.0054582837,0.0,0.0,0.0,0.0,0,69.12
228960000,228960000,0.9999879,-0.00097516784,-0.0015987317,-0.005462348,0.0,0.0,0.0,0.0,0,69.14
228980000,228980000,0.9999879,-0.00094180525,-0.0015930141,-0.005466431,0.0,0.0,0.0,0.0,0,69.16
229000000,229000000,0.9999879,-0.0009057314,-0.0015845912,-0.005470487,0.0,0.0,0.0,0.0,0,69.18
229020000,229020000,0.99998796,-0.00086578313,-0.0015709839,-0.005474821,0.0,0.0,0.0,0.0,0,69.2
229040000,229040000,0.999988,-0.0008207263,-0.0015510748,-0.005479207,0.0,0.0,0.0,0.0,0,69.22
229060000,229060000,0.9999881,-0.0007706644,-0.0015255383,-0.005483654,0.0,0.0,0.0,0.0,0,69.24
229080000,229080000,0.99998814,-0.00071416737,-0.0014783781,-0.0054882304,0.0,0.0,0.0,0.0,0,69.26
229100000,229100000,0.99998826,-0.00065349106,-0.0014161622,-0.0054928204,0.0,0.0,0.0,0.0,0,69.28
229120000,229120000,0.9999884,-0.00058893824,-0.0013464383,-0.005497396,0.0,0.0,0.0,0.0,0,69.3
229140000,229140000,0.9999885,-0.00052108895,-0.0012716115,-0.0055019795,0.0,0.0,0.0,0.0,0,69.32
229160000,229160000,0.99998856,-0.0004553193,-0.0011986499,-0.005507132,0.0,0.0,0.0,0.0,0,69.34
229180000,229180000,0.9999886,-0.00039574355,-0.0011309162,-0.00551269,0.0,0.0,0.0,0.0,0,69.36
229200000,229200000,0.99998873,-0.00033586318,-0.0010482594,-0.005518321,0.0,0.0,0.0,0.0,0,69.38
229220000,229220000,0.9999888,-0.00027921854,-0.0009514257,-0.0055243177,0.0,0.0,0.0,0.0,0,69.4
229240000,229240000,0.99998885,-0.00022922765,-0.0008640986,-0.0055308677,0.0,0.0,0.0,0.0,0,69.42
229260000,229260000,0.9999889,-0.00017821687,-0.00077883515,-0.0055382415,0.0,0.0,0.0,0.0,0,69.44
229280000,229280000,0.9999889,-0.00012436556,-0.00068571063,-0.005546118,0.0,0.0,0.0,0.0,0,69.46
229300000,229300000,0.9999889,-7.075426e-05,-0.0006064609,-0.0055541596,0.0,0.0,0.0,0.0,0,69.48
229320000,229320000,0.9999889,-1.5828198e-05,-0.0005464176,-0.005562338,0.0,0.0,0.0,0.0,0,69.5
229340000,229340000,0.9999889,3.867902e-05,-0.00048409987,-0.005570746,0.0,0.0,0.0,0.0,0,69.52
229360000,229360000,0.9999889,9.622784e-05,-0.0004084092,-0.0055796397,0.0,0.0,0.0,0.0,0,69.54
229380000,229380000,0.99998885,0.00015347303,-0.00033981804,-0.005588969,0.0,0.0,0.0,0.0,0,69.56
229400000,229400000,0.9999888,0.00020944922,-0.00028387384,-0.005599136,0.0,0.0,0.0,0.0,0,69.58
229420000,229420000,0.99998873,0.00026472192,-0.00023644985,-0.0056096986,0.0,0.0,0.0,0.0,0,69.6
229440000,229440000,0.9999887,0.00031808586,-0.00017332946,-0.005620692,0.0,0.0,0.0,0.0,0,69.62
229460000,229460000,0.9999886,0.00036865423,-0.000109187305,-0.005631926,0.0,0.0,0.0,0.0,0,69.64
229480000,229480000,0.99998856,0.00041818194,-6.418233e-05,-0.0056430683,0.0,0.0,0.0,0.0,0,69.66
229500000,229500000,0.99998844,0.000457483,-2.1225113e-05,-0.00565426,0.0,0.0,0.0,0.0,0,69.68
229520000,229520000,0.9999884,0.0005029929,3.0550058e-05,-0.0056657377,0.0,0.0,0.0,0.0,0,69.7
229540000,229540000,0.99998826,0.0005615649,7.345989e-05,-0.0056775496,0.0,0.0,0.0,0.0,0,69.72
229560000,229560000,0.99998814,0.0006263234,0.00010604024,-0.0056891055,0.0,0.0,0.0,0.0,0,69.74
229580000,229580000,0.9999881,0.00068679405,0.00013986962,-0.0057005845,0.0,0.0,0.0,0.0,0,69.76
229600000,229600000,0.99998796,0.0007468101,0.00018049138,-0.00571194,0.0,0.0,0.0,0.0,0,69.78
229620000,229620000,0.99998784,0.0008010602,0.00021960845,-0.0057229917,0.0,0.0,0.0,0.0,0,69.8
229640000,229640000,0.9999877,0.00085376704,0.00024591002,-0.0057339314,0.0,0.0,0.0,0.0,0,69.82
229660000,229660000,0.9999876,0.00090457755,0.00027634948,-0.0057451185,0.0,0.0,0.0,0.0,0,69.84
229680000,229680000,0.9999875,0.00095523597,0.00031436607,-0.005756236,0.0,0.0,0.0,0.0,0,69.86
229700000,229700000,0.99998736,0.0010098845,0.00034610956,-0.0057672826,0.0,0.0,0.0,0.0,0,69.88
229720000,229720000,0.99998724,0.0010657613,0.00037270255,-0.0057782475,0.0,0.0,0.0,0.0,0,69.9
229740000,229740000,0.99998707,0.0011208103,0.00040741358,-0.005789236,0.0,0.0,0.0,0.0,0,69.92
229760000,229760000,0.99998695,0.0011728491,0.00044175176,-0.0057998714,0.0,0.0,0.0,0.0,0,69.94
229780000,229780000,0.9999868,0.0012195146,0.00047116182,-0.005810056,0.0,0.0,0.0,0.0,0,69.96
229800000,229800000,0.9999867,0.0012636489,0.0005008625,-0.0058203274,0.0,0.0,0.0,0.0,0,69.98
229820000,229820000,0.9999865,0.0013051272,0.00053690834,-0.0058306665,0.0,0.0,0.0,0.0,0,70.0
229840000,229840000,0.9999864,0.00134641,0.00057612045,-0.0058408007,0.0,0.0,0.0,0.0,0,70.02
229860000,229860000,0.9999863,0.0013869746,0.0006156498,-0.005850791,0.0,0.0,0.0,0.0,0,70.04
229880000,229880000,0.9999862,0.001427766,0.0006563177,-0.0058605224,0.0,0.0,0.0,0.0,0,70.06
229900000,229900000,0.999986,0.0014637408,0.0006927605,-0.0058696857,0.0,0.0,0.0,0.0,0,70.08
229920000,229920000,0.9999859,0.0014937135,0.00072410767,-0.0058785845,0.0,0.0,0.0,0.0,0,70.1
229940000,229940000,0.99998575,0.0015208718,0.0007532457,-0.0058875275,0.0,0.0,0.0,0.0,0,70.12
229960000,229960000,0.9999857,0.0015406105,0.00077588216,-0.005896581,0.0,0.0,0.0,0.0,0,70.14
229980000,229980000,0.9999856,0.0015567387,0.0007955834,-0.0059056208,0.0,0.0,0.0,0.0,0,70.16
230000000,230000000,0.9999855,0.0015672254,0.000810522,-0.0059147044,0.0,0.0,0.0,0.0,0,70.18
230020000,230020000,0.9999854,0.0015763068,0.00082475995,-0.0059237834,0.0,0.0,0.0,0.0,0,70.2
230040000,230040000,0.99998534,0.001585542,0.00083996105,-0.005932925,0.0,0.0,0.0,0.0,0,70.22
230060000,230060000,0.9999853,0.0015879127,0.00084909785,-0.005942726,0.0,0.0,0.0,0.0,0,70.24
230080000,230080000,0.9999852,0.0015805927,0.00084944273,-0.005952827,0.0,0.0,0.0,0.0,0,70.26
230100000,230100000,0.99998516,0.0015677154,0.0008451098,-0.005963157,0.0,0.0,0.0,0.0,0,70.28
230120000,230120000,0.99998516,0.0015486595,0.0008405574,-0.005973342,0.0,0.0,0.0,0.0,0,70.3
230140000,230140000,0.99998516,0.0015244228,0.00083348126,-0.0059836144,0.0,0.0,0.0,0.0,0,70.32
230160000,230160000,0.99998516,0.0014870955,0.0008208187,-0.005993802,0.0,0.0,0.0,0.0,0,70.34
230180000,230180000,0.99998516,0.0014416553,0.00080769876,-0.0060039405,0.0,0.0,0.0,0.0,0,70.36
230200000,230200000,0.99998516,0.0013893674,0.0007914531,-0.0060143685,0.0,0.0,0.0,0.0,0,70.38
230220000,230220000,0.9999852,0.0013313992,0.0007719049,-0.0060248827,0.0,0.0,0.0,0.0,0,70.4
230240000,230240000,0.9999852,0.0012766444,0.0007567935,-0.006035922,0.0,0.0,0.0,0.0,0,70.42
230260000,230260000,0.9999852,0.0012239431,0.00074492535,-0.0060476325,0.0,0.0,0.0,0.0,0,70.44
230280000,230280000,0.9999853,0.0011046155,0.00079301157,-0.0060582324,0.0,0.0,0.0,0.0,0,70.46
230300000,230300000,0.9999796,-0.0015531416,0.0033328193,-0.0060326015,0.0,0.0,0.0,0.0,0,70.48
230320000,230320000,0.9998864,-0.009351826,0.010671988,-0.0059110187,0.0,0.0,0.0,0.0,0,70.5
230340000,230340000,0.99950457,-0.022060713,0.021935115,-0.0056530423,0.0,0.0,0.0,0.0,0,70.52
230360000,230360000,0.99862474,-0.038504682,0.035323977,-0.0052292272,0.0,0.0,0.0,0.0,0,70.54
230380000,230380000,0.9971215,-0.05743952,0.04936831,-0.004615603,0.0,0.0,0.0,0.0,0,70.56
230400000,230400000,0.99494654,-0.07785,0.0633676,-0.0037941427,0.0,0.0,0.0,0.0,0,70.58
230420000,230420000,0.99212295,-0.09891322,0.07687483,-0.002748887,0.0,0.0,0.0,0.0,0,70.6
230440000,230440000,0.9887231,-0.120028056,0.08959247,-0.0014688987,0.0,0.0,0.0,0.0,0,70.62
230460000,230460000,0.9848577,-0.140644,0.10140894,3.32934e-05,0.0,0.0,0.0,0.0,0,70.64
230480000,230480000,0.9806604,-0.16039743,0.11217801,0.0017572935,0.0,0.0,0.0,0.0,0,70.66
230500000,230500000,0.9762664,-0.17897962,0.12192538,0.003676053,0.0,0.0,0.0,0.0,0,70.68
230520000,230520000,0.9718003,-0.19622155,0.13067892,0.005770002,0.0,0.0,0.0,0.0,0,70.7
230540000,230540000,0.96737206,-0.21201295,0.13851632,0.00801105,0.0,0.0,0.0,0.0,0,70.72
230560000,230560000,0.96307385,-0.22631131,0.14551096,0.010375272,0.0,0.0,0.0,0.0,0,70.74
230580000,230580000,0.9589738,-0.23913214,0.15175413,0.012838924,0.0,0.0,0.0,0.0,0,70.76
230600000,230600000,0.95511794,-0.25052366,0.1573543,0.015374979,0.0,0.0,0.0,0.0,0,70.78
230620000,230620000,0.9515349,-0.26058078,0.1623729,0.017973214,0.0,0.0,0.0,0.0,0,70.8
230640000,230640000,0.9482401,-0.26938787,0.16689868,0.020611912,0.0,0.0,0.0,0.0,0,70.82
230660000,230660000,0.9452383,-0.27704683,0.17098753,0.02328002,0.0,0.0,0.0,0.0,0,70.84
230680000,230680000,0.94252855,-0.28364304,0.17470475,0.025959931,0.0,0.0,0.0,0.0,0,70.86
230700000,230700000,0.9400916,-0.28930444,0.17809892,0.02864519,0.0,0.0,0.0,0.0,0,70.88
230720000,230720000,0.9379171,-0.29411468,0.18120672,0.031324904,0.0,0.0,0.0,0.0,0,70.9
230740000,230740000,0.93598086,-0.2981879,0.1840576,0.033995856,0.0,0.0,0.0,0.0,0,70.92
230760000,230760000,0.934269,-0.3015937,0.18667825,0.036647644,0.0,0.0,0.0,0.0,0,70.94
230780000,230780000,0.93275654,-0.30442595,0.18909453,0.039274413,0.0,0.0,0.0,0.0,0,70.96
230800000,230800000,0.9314244,-0.30675304,0.191331,0.04186619,0.0,0.0,0.0,0.0,0,70.98
230820000,230820000,0.93024755,-0.3086582,0.19340563,0.04441868,0.0,0.0,0.0,0.0,0,71.0
230840000,230840000,0.9292107,-0.31019792,0.19532439,0.046927206,0.0,0.0,0.0,0.0,0,71.02
230860000,230860000,0.92829716,-0.31142733,0.19709788,0.04938567,0.0,0.0,0.0,0.0,0,71.04
230880000,230880000,0.9274909,-0.31239107,0.19874601,0.05178367,0.0,0.0,0.0,0.0,0,71.06
230900000,230900000,0.9268101,-0.31307456,0.20021656,0.05412729,0.0,0.0,0.0,0.0,0,71.08
230920000,230920000,0.9263354,-0.31334597,0.20134883,0.05643439,0.0,0.0,0.0,0.0,0,71.1
230940000,230940000,0.92614996,-0.31305397,0.20200454,0.058708496,0.0,0.0,0.0,0.0,0,71.12
230960000,230960000,0.92629844,-0.31210294,0.20213723,0.060930826,0.0,0.0,0.0,0.0,0,71.14
230980000,230980000,0.9267903,-0.31045926,0.20175609,0.063074075,0.0,0.0,0.0,0.0,0,71.16
231000000,231000000,0.9276194,-0.3081182,0.20088598,0.06511029,0.0,0.0,0.0,0.0,0,71.18
231020000,231020000,0.9287697,-0.305106,0.19953467,0.06702366,0.0,0.0,0.0,0.0,0,71.2
231040000,231040000,0.9302263,-0.30143857,0.19771227,0.06879495,0.0,0.0,0.0,0.0,0,71.22
231060000,231060000,0.93196857,-0.29715028,0.19541554,0.07041431,0.0,0.0,0.0,0.0,0,71.24
231080000,231080000,0.9339762,-0.2922525,0.19267228,0.07185764,0.0,0.0,0.0,0.0,0,71.26
231100000,231100000,0.9362272,-0.2867768,0.18947424,0.073118076,0.0,0.0,0.0,0.0,0,71.28
231120000,231120000,0.93869716,-0.2807411,0.18584655,0.07417704,0.0,0.0,0.0,0.0,0,71.3
231140000,231140000,0.9413659,-0.2741647,0.1817792,0.07502934,0.0,0.0,0.0,0.0,0,71.32
231160000,231160000,0.9442066,-0.26705942,0.17730916,0.07565578,0.0,0.0,0.0,0.0,0,71.34
231180000,231180000,0.94720006,-0.25943968,0.1724174,0.07605583,0.0,0.0,0.0,0.0,0,71.36
231200000,231200000,0.9503169,-0.25132978,0.16712402,0.07622158,0.0,0.0,0.0,0.0,0,71.38
231220000,231220000,0.9535402,-0.24272335,0.16142103,0.07614988,0.0,0.0,0.0,0.0,0,71.4
231240000,231240000,0.9568316,-0.23366079,0.15535288,0.07583251,0.0,0.0,0.0,0.0,0,71.42
231260000,231260000,0.96016395,-0.2241582,0.14893705,0.07526714,0.0,0.0,0.0,0.0,0,71.44
231280000,231280000,0.96350247,-0.21425995,0.14220175,0.074454576,0.0,0.0,0.0,0.0,0,71.46
231300000,231300000,0.96682364,-0.20397075,0.13516773,0.07339472,0.0,0.0,0.0,0.0,0,71.48
231320000,231320000,0.97009444,-0.19333956,0.12785953,0.07209453,0.0,0.0,0.0,0.0,0,71.5
231340000,231340000,0.97329086,-0.18237275,0.12031754,0.07055439,0.0,0.0,0.0,0.0,0,71.52
231360000,231360000,0.9763843,-0.17111963,0.11255812,0.06878666,0.0,0.0,0.0,0.0,0,71.54
231380000,231380000,0.979354,-0.15958428,0.10462318,0.066795625,0.0,0.0,0.0,0.0,0,71.56
231400000,231400000,0.982175,-0.147816,0.09653599,0.06459588,0.0,0.0,0.0,0.0,0,71.58
231420000,231420000,0.98482025,-0.13586473,0.08837886,0.06219406,0.0,0.0,0.0,0.0,0,71.6
231440000,231440000,0.9872752,-0.12376731,0.08015702,0.059609573,0.0,0.0,0.0,0.0,0,71.62
231460000,231460000,0.9895239,-0.11156194,0.07192261,0.056856394,0.0,0.0,0.0,0.0,0,71.64
231480000,231480000,0.99155694,-0.09927934,0.06369084,0.053953428,0.0,0.0,0.0,0.0,0,71.66
231500000,231500000,0.99336356,-0.08696689,0.05551662,0.050917923,0.0,0.0,0.0,0.0,0,71.68
231520000,231520000,0.99493843,-0.07466658,0.04742911,0.04776989,0.0,0.0,0.0,0.0,0,71.7
231540000,231540000,0.9962784,-0.06243246,0.03946952,0.044528797,0.0,0.0,0.0,0.0,0,71.72
231560000,231560000,0.997386,-0.050297286,0.03164951,0.041216396,0.0,0.0,0.0,0.0,0,71.74
231580000,231580000,0.9982644,-0.038314883,0.024008576,0.03785348,0.0,0.0,0.0,0.0,0,71.76
231600000,231600000,0.9989213,-0.026515353,0.016576005,0.034460887,0.0,0.0,0.0,0.0,0,71.78
231620000,231620000,0.99936664,-0.014932714,0.009367474,0.031059643,0.0,0.0,0.0,0.0,0,71.8
231640000,231640000,0.99961233,-0.0036016284,0.002401958,0.027669558,0.0,0.0,0.0,0.0,0,71.82
231660000,231660000,0.999672,0.0074405563,-0.0043146624,0.02431058,0.0,0.0,0.0,0.0,0,71.84
231680000,231680000,0.9995611,0.018165553,-0.010755253,0.021001441,0.0,0.0,0.0,0.0,0,71.86
231700000,231700000,0.9992957,0.028553296,-0.016925972,0.017759789,0.0,0.0,0.0,0.0,0,71.88
231720000,231720000,0.9988928,0.03858709,-0.02280676,0.014603254,0.0,0.0,0.0,0.0,0,71.9
231740000,231740000,0.9983686,0.048252776,-0.028417634,0.01154645,0.0,0.0,0.0,0.0,0,71.92
231760000,231760000,0.99774075,0.057536397,-0.033735562,0.008604736,0.0,0.0,0.0,0.0,0,71.94
231780000,231780000,0.99702626,0.06641545,-0.03877088,0.0057903784,0.0,0.0,0.0,0.0,0,71.96
231800000,231800000,0.99624103,0.07489423,-0.04352116,0.0031159574,0.0,0.0,0.0,0.0,0,71.98
231820000,231820000,0.9953994,0.0829662,-0.048013918,0.000589645,0.0,0.0,0.0,0.0,0,72.0
231840000,231840000,0.9945164,0.09063375,-0.052236855,-0.0017777131,0.0,0.0,0.0,0.0,0,72.02
231860000,231860000,0.9936055,0.09788828,-0.05620753,-0.003979186,0.0,0.0,0.0,0.0,0,72.04
231880000,231880000,0.9926772,0.104751356,-0.059934206,-0.006007843,0.0,0.0,0.0,0.0,0,72.06
231900000,231900000,0.9917444,0.11120574,-0.06343255,-0.007860615,0.0,0.0,0.0,0.0,0,72.08
231920000,231920000,0.9908164,0.11726572,-0.0667071,-0.009533088,0.0,0.0,0.0,0.0,0,72.1
231940000,231940000,0.98990357,0.12292637,-0.069768436,-0.011023426,0.0,0.0,0.0,0.0,0,72.12
231960000,231960000,0.98901117,0.12821192,-0.07263406,-0.012329984,0.0,0.0,0.0,0.0,0,72.14
231980000,231980000,0.9881478,0.13311945,-0.075308174,-0.013453137,0.0,0.0,0.0,0.0,0,72.16
232000000,232000000,0.98731774,0.13766403,-0.07780875,-0.014394757,0.0,0.0,0.0,0.0,0,72.18
232020000,232020000,0.9865285,0.1418422,-0.0801353,-0.015156999,0.0,0.0,0.0,0.0,0,72.2
232040000,232040000,0.98578435,0.1456627,-0.08229747,-0.015743118,0.0,0.0,0.0,0.0,0,72.22
232060000,232060000,0.9850882,0.14913784,-0.084303506,-0.016157137,0.0,0.0,0.0,0.0,0,72.24
232080000,232080000,0.98444194,0.15227693,-0.08617283,-0.016405975,0.0,0.0,0.0,0.0,0,72.26
232100000,232100000,0.9838479,0.1550953,-0.08789653,-0.016492482,0.0,0.0,0.0,0.0,0,72.28
232120000,232120000,0.98330814,0.15759212,-0.08949382,-0.016425949,0.0,0.0,0.0,0.0,0,72.3
232140000,232140000,0.9828232,0.15978172,-0.0909649,-0.016212294,0.0,0.0,0.0,0.0,0,72.32
232160000,232160000,0.98239297,0.16167367,-0.092321225,-0.015860487,0.0,0.0,0.0,0.0,0,72.34
232180000,232180000,0.9820144,0.16329391,-0.09357034,-0.015377634,0.0,0.0,0.0,0.0,0,72.36
232200000,232200000,0.9816883,0.16464594,-0.0947132,-0.014772327,0.0,0.0,0.0,0.0,0,72.38
232220000,232220000,0.981414,0.16574137,-0.095749386,-0.01405256,0.0,0.0,0.0,0.0,0,72.4
232240000,232240000,0.98119056,0.16658635,-0.096685946,-0.0132284565,0.0,0.0,0.0,0.0,0,72.42
232260000,232260000,0.981016,0.16719486,-0.09752477,-0.012308675,0.0,0.0,0.0,0.0,0,72.44
232280000,232280000,0.9808893,0.1675762,-0.09826349,-0.011302116,0.0,0.0,0.0,0.0,0,72.46
232300000,232300000,0.9808073,0.16774698,-0.098907165,-0.010218204,0.0,0.0,0.0,0.0,0,72.48
232320000,232320000,0.98076814,0.1677097,-0.09946958,-0.009069689,0.0,0.0,0.0,0.0,0,72.5
232340000,232340000,0.9807695,0.16748394,-0.09993774,-0.0078625595,0.0,0.0,0.0,0.0,0,72.52
232360000,232360000,0.9808104,0.16707703,-0.10030774,-0.0066058533,0.0,0.0,0.0,0.0,0,72.54
232380000,232380000,0.9808889,0.1664935,-0.100587144,-0.0053106514,0.0,0.0,0.0,0.0,0,72.56
232400000,232400000,0.98100185,0.16574669,-0.10077994,-0.003986249,0.0,0.0,0.0,0.0,0,72.58
232420000,232420000,0.9811461,0.16485389,-0.10088438,-0.002640457,0.0,0.0,0.0,0.0,0,72.6
232440000,232440000,0.9813192,0.1638258,-0.10090227,-0.001282203,0.0,0.0,0.0,0.0,0,72.62
232460000,232460000,0.9815201,0.16267042,-0.10082526,8.129635e-05,0.0,0.0,0.0,0.0,0,72.64
232480000,232480000,0.9817466,0.16139218,-0.10066345,0.0014397007,0.0,0.0,0.0,0.0,0,72.66
232500000,232500000,0.98199654,0.16000284,-0.10041517,0.0027858103,0.0,0.0,0.0,0.0,0,72.68
232520000,232520000,0.98226786,0.1585072,-0.10008781,0.004110844,0.0,0.0,0.0,0.0,0,72.7
232540000,232540000,0.9825599,0.15691379,-0.09966888,0.005410144,0.0,0.0,0.0,0.0,0,72.72
232560000,232560000,0.98287123,0.15522717,-0.099162266,0.006676474,0.0,0.0,0.0,0.0,0,72.74
232580000,232580000,0.98320025,0.15345646,-0.09856486,0.007904686,0.0,0.0,0.0,0.0,0,72.76
232600000,232600000,0.9835434,0.15161416,-0.09788771,0.009087693,0.0,0.0,0.0,0.0,0,72.78
232620000,232620000,0.9839006,0.14970283,-0.09712528,0.01022099,0.0,0.0,0.0,0.0,0,72.8
232640000,232640000,0.9842694,0.14773177,-0.09628351,0.011299548,0.0,0.0,0.0,0.0,0,72.82
232660000,232660000,0.9846492,0.14570278,-0.09536283,0.012318736,0.0,0.0,0.0,0.0,0,72.84
232680000,232680000,0.9850372,0.14362834,-0.09436913,0.0132748345,0.0,0.0,0.0,0.0,0,72.86
232700000,232700000,0.9854342,0.14150333,-0.09329971,0.014163901,0.0,0.0,0.0,0.0,0,72.88
232720000,232720000,0.9858368,0.13934237,-0.09216323,0.014983201,0.0,0.0,0.0,0.0,0,72.9
232740000,232740000,0.98624456,0.13715094,-0.09095593,0.015730146,0.0,0.0,0.0,0.0,0,72.92
232760000,232760000,0.98665476,0.13493884,-0.08968837,0.016401188,0.0,0.0,0.0,0.0,0,72.94
232780000,232780000,0.9870682,0.13270077,-0.088358216,0.016993962,0.0,0.0,0.0,0.0,0,72.96
232800000,232800000,0.98748523,0.13043885,-0.08695493,0.017508538,0.0,0.0,0.0,0.0,0,72.98
232820000,232820000,0.9879083,0.12813304,-0.085477054,0.017942345,0.0,0.0,0.0,0.0,0,73.0
232840000,232840000,0.988338,0.12578098,-0.083913386,0.018296206,0.0,0.0,0.0,0.0,0,73.02
232860000,232860000,0.98877543,0.12337261,-0.08225956,0.018569697,0.0,0.0,0.0,0.0,0,73.04
232880000,232880000,0.9892183,0.12091375,-0.0805238,0.018762654,0.0,0.0,0.0,0.0,0,73.06
232900000,232900000,0.9896661,0.11839624,-0.078716055,0.018873664,0.0,0.0,0.0,0.0,0,73.08
232920000,232920000,0.9901173,0.11583143,-0.07682743,0.018906355,0.0,0.0,0.0,0.0,0,73.1
232940000,232940000,0.99057025,0.11321687,-0.07487245,0.018860973,0.0,0.0,0.0,0.0,0,73.12
232960000,232960000,0.99102324,0.11055785,-0.07285505,0.018739609,0.0,0.0,0.0,0.0,0,73.14
232980000,232980000,0.9914735,0.10786039,-0.070793755,0.01854268,0.0,0.0,0.0,0.0,0,73.16
233000000,233000000,0.99192053,0.10512721,-0.068681106,0.018274205,0.0,0.0,0.0,0.0,0,73.18
233020000,233020000,0.9923616,0.10237111,-0.066527806,0.017937021,0.0,0.0,0.0,0.0,0,73.2
233040000,233040000,0.99279565,0.09959051,-0.06434457,0.017532857,0.0,0.0,0.0,0.0,0,73.22
233060000,233060000,0.9932196,0.096804,-0.06214254,0.017065236,0.0,0.0,0.0,0.0,0,73.24
233080000,233080000,0.9936323,0.09401183,-0.059935153,0.016536823,0.0,0.0,0.0,0.0,0,73.26
233100000,233100000,0.9940325,0.09122552,-0.05772255,0.015952367,0.0,0.0,0.0,0.0,0,73.28
233120000,233120000,0.9944194,0.08844266,-0.05552055,0.015314774,0.0,0.0,0.0,0.0,0,73.3
233140000,233140000,0.9947927,0.085671134,-0.053320356,0.014629953,0.0,0.0,0.0,0.0,0,73.32
233160000,233160000,0.9951518,0.08291463,-0.05112636,0.013902341,0.0,0.0,0.0,0.0,0,73.34
233180000,233180000,0.9954961,0.080184236,-0.048934467,0.013137294,0.0,0.0,0.0,0.0,0,73.36
233200000,233200000,0.9958244,0.0774821,-0.04676679,0.012337797,0.0,0.0,0.0,0.0,0,73.38
233220000,233220000,0.99613684,0.07481285,-0.04462196,0.01150917,0.0,0.0,0.0,0.0,0,73.4
233240000,233240000,0.9964325,0.07218342,-0.04251432,0.010655071,0.0,0.0,0.0,0.0,0,73.42
233260000,233260000,0.9967124,0.06959126,-0.04043384,0.009780779,0.0,0.0,0.0,0.0,0,73.44
233280000,233280000,0.9969765,0.06704061,-0.03838642,0.008890368,0.0,0.0,0.0,0.0,0,73.46
233300000,233300000,0.99722505,0.06452709,-0.036383145,0.0079874955,0.0,0.0,0.0,0.0,0,73.48
233320000,233320000,0.99745786,0.062057108,-0.034434464,0.0070760464,0.0,0.0,0.0,0.0,0,73.5
233340000,233340000,0.997676,0.059627727,-0.032531034,0.006160985,0.0,0.0,0.0,0.0,0,73.52
233360000,233360000,0.99787945,0.057248745,-0.030671312,0.0052468423,0.0,0.0,0.0,0.0,0,73.54
233380000,233380000,0.99806917,0.05491319,-0.028858576,0.0043370808,0.0,0.0,0.0,0.0,0,73.56
233400000,233400000,0.9982453,0.0526236,-0.027099,0.0034353896,0.0,0.0,0.0,0.0,0,73.58
233420000,233420000,0.9984085,0.050378196,-0.02539869,0.002544568,0.0,0.0,0.0,0.0,0,73.6
233440000,233440000,0.9985592,0.048186406,-0.023748657,0.0016688805,0.0,0.0,0.0,0.0,0,73.62
233460000,233460000,0.9986979,0.046044674,-0.022156019,0.00081116596,0.0,0.0,0.0,0.0,0,73.64
233480000,233480000,0.99882543,0.04395483,-0.020611512,-2.5216044e-05,0.0,0.0,0.0,0.0,0,73.66
233500000,233500000,0.9989426,0.041910887,-0.01911981,-0.0008380736,0.0,0.0,0.0,0.0,0,73.68
233520000,233520000,0.9990497,0.039919928,-0.017677536,-0.0016247795,0.0,0.0,0.0,0.0,0,73.7
233540000,233540000,0.9991474,0.03798236,-0.016285874,-0.0023832705,0.0,0.0,0.0,0.0,0,73.72
233560000,233560000,0.9992359,0.03610857,-0.0149386125,-0.0031111627,0.0,0.0,0.0,0.0,0,73.74
233580000,233580000,0.99931604,0.03429156,-0.013645933,-0.0038072756,0.0,0.0,0.0,0.0,0,73.76
233600000,233600000,0.9993883,0.032532144,-0.012405837,-0.004469968,0.0,0.0,0.0,0.0,0,73.78
233620000,233620000,0.9994534,0.03082382,-0.011217064,-0.0050980113,0.0,0.0,0.0,0.0,0,73.8
233640000,233640000,0.99951214,0.029168202,-0.010070679,-0.005690008,0.0,0.0,0.0,0.0,0,73.82
233660000,233660000,0.9995649,0.027561152,-0.00897416,-0.006245615,0.0,0.0,0.0,0.0,0,73.84
233680000,233680000,0.999612,0.026006771,-0.007930029,-0.006764182,0.0,0.0,0.0,0.0,0,73.86
233700000,233700000,0.99965394,0.024503417,-0.0069408435,-0.007245245,0.0,0.0,0.0,0.0,0,73.88
233720000,233720000,0.9996911,0.023056319,-0.0060029794,-0.0076884176,0.0,0.0,0.0,0.0,0,73.9
233740000,233740000,0.99972403,0.021662874,-0.0051178015,-0.008093681,0.0,0.0,0.0,0.0,0,73.92
233760000,233760000,0.99975306,0.020322863,-0.004278246,-0.008461097,0.0,0.0,0.0,0.0,0,73.94
233780000,233780000,0.99977875,0.019028604,-0.0034891344,-0.008790973,0.0,0.0,0.0,0.0,0,73.96
233800000,233800000,0.99980146,0.01777815,-0.002744457,-0.009083511,0.0,0.0,0.0,0.0,0,73.98
233820000,233820000,0.9998215,0.016572824,-0.002048088,-0.009339437,0.0,0.0,0.0,0.0,0,74.0
233840000,233840000,0.99983907,0.015415991,-0.0013994275,-0.009559442,0.0,0.0,0.0,0.0,0,74.02
233860000,233860000,0.99985445,0.014305143,-0.0007964073,-0.009744573,0.0,0.0,0.0,0.0,0,74.04
233880000,233880000,0.9998679,0.013239789,-0.00023964258,-0.0098957075,0.0,0.0,0.0,0.0,0,74.06
233900000,233900000,0.9998797,0.012221258,0.00026974894,-0.010013783,0.0,0.0,0.0,0.0,0,74.08
233920000,233920000,0.9998899,0.011254187,0.0007399109,-0.010100066,0.0,0.0,0.0,0.0,0,74.1
233940000,233940000,0.9998989,0.010329785,0.0011693261,-0.010156153,0.0,0.0,0.0,0.0,0,74.12
233960000,233960000,0.99990684,0.009451469,0.0015554619,-0.010183676,0.0,0.0,0.0,0.0,0,74.14
233980000,233980000,0.9999138,0.008613363,0.0019016054,-0.010184058,0.0,0.0,0.0,0.0,0,74.16
234000000,234000000,0.99992,0.00781073,0.0022082562,-0.010158254,0.0,0.0,0.0,0.0,0,74.18
234020000,234020000,0.9999256,0.0070437663,0.002479314,-0.010107589,0.0,0.0,0.0,0.0,0,74.2
234040000,234040000,0.99993056,0.0063132257,0.002720738,-0.010033834,0.0,0.0,0.0,0.0,0,74.22
234060000,234060000,0.9999351,0.0056156097,0.002935331,-0.009938731,0.0,0.0,0.0,0.0,0,74.24
234080000,234080000,0.99993914,0.0049517155,0.0031249763,-0.00982408,0.0,0.0,0.0,0.0,0,74.26
234100000,234100000,0.99994284,0.0043231426,0.0032860204,-0.009691819,0.0,0.0,0.0,0.0,0,74.28
234120000,234120000,0.9999462,0.0037394043,0.003415202,-0.009543564,0.0,0.0,0.0,0.0,0,74.3
234140000,234140000,0.9999492,0.003197016,0.0035237365,-0.00938071,0.0,0.0,0.0,0.0,0,74.32
234160000,234160000,0.9999521,0.0026875911,0.0036055634,-0.00920479,0.0,0.0,0.0,0.0,0,74.34
234180000,234180000,0.99995476,0.0022054252,0.00365453,-0.00901766,0.0,0.0,0.0,0.0,0,74.36
234200000,234200000,0.9999573,0.0017636188,0.0036833659,-0.008820929,0.0,0.0,0.0,0.0,0,74.38
234220000,234220000,0.99995965,0.0013590254,0.003695959,-0.008616319,0.0,0.0,0.0,0.0,0,74.4
234240000,234240000,0.9999619,0.0009888691,0.003691413,-0.008405171,0.0,0.0,0.0,0.0,0,74.42
234260000,234260000,0.9999641,0.00064362853,0.0036656843,-0.008189114,0.0,0.0,0.0,0.0,0,74.44
234280000,234280000,0.9999662,0.00032167713,0.0036170243,-0.007969668,0.0,0.0,0.0,0.0,0,74.46
234300000,234300000,0.99996823,2.7637258e-05,0.0035534808,-0.0077479007,0.0,0.0,0.0,0.0,0,74.48
234320000,234320000,0.9999702,-0.00024025129,0.0034752793,-0.0075251753,0.0,0.0,0.0,0.0,0,74.5
234340000,234340000,0.99997205,-0.00048055348,0.0033806395,-0.0073025865,0.0,0.0,0.0,0.0,0,74.52
234360000,234360000,0.9999739,-0.0006875792,0.0032739928,-0.007081227,0.0,0.0,0.0,0.0,0,74.54
234380000,234380000,0.9999756,-0.00087106373,0.0031703305,-0.0068623032,0.0,0.0,0.0,0.0,0,74.56
234400000,234400000,0.99997723,-0.0010387768,0.0030571558,-0.006646844,0.0,0.0,0.0,0.0,0,74.58
234420000,234420000,0.99997884,-0.0011917187,0.0029338934,-0.006435768,0.0,0.0,0.0,0.0,0,74.6
234440000,234440000,0.99998033,-0.0013310757,0.0028046868,-0.006230017,0.0,0.0,0.0,0.0,0,74.62
234460000,234460000,0.99998176,-0.0014525767,0.0026701824,-0.0060302415,0.0,0.0,0.0,0.0,0,74.64
234480000,234480000,0.9999831,-0.0015548338,0.002533695,-0.0058373595,0.0,0.0,0.0,0.0,0,74.66
234500000,234500000,0.9999844,-0.0016343336,0.0023926247,-0.005651974,0.0,0.0,0.0,0.0,0,74.68
234520000,234520000,0.9999856,-0.001693524,0.0022507173,-0.0054748054,0.0,0.0,0.0,0.0,0,74.7
234540000,234540000,0.99998677,-0.0017361768,0.0021104107,-0.005306179,0.0,0.0,0.0,0.0,0,74.72
234560000,234560000,0.99998784,-0.0017521409,0.0019719244,-0.0051464955,0.0,0.0,0.0,0.0,0,74.74
234580000,234580000,0.99998885,-0.0017394545,0.0018422041,-0.0049963044,0.0,0.0,0.0,0.0,0,74.76
234600000,234600000,0.9999898,-0.0017066273,0.001719736,-0.0048561306,0.0,0.0,0.0,0.0,0,74.78
234620000,234620000,0.9999907,-0.0016667558,0.0015946778,-0.0047258306,0.0,0.0,0.0,0.0,0,74.8
234640000,234640000,0.99999154,-0.0016101664,0.0014758677,-0.0046054265,0.0,0.0,0.0,0.0,0,74.82
234660000,234660000,0.9999924,-0.0015292601,0.0013583989,-0.004494941,0.0,0.0,0.0,0.0,0,74.84
234680000,234680000,0.9999931,-0.0014302701,0.0012336818,-0.004394589,0.0,0.0,0.0,0.0,0,74.86
234700000,234700000,0.9999938,-0.0013142102,0.0011055992,-0.0043049245,0.0,0.0,0.0,0.0,0,74.88
234720000,234720000,0.99999446,-0.0011824159,0.0009801795,-0.0042256755,0.0,0.0,0.0,0.0,0,74.9
234740000,234740000,0.999995,-0.0010394779,0.0008554738,-0.004156662,0.0,0.0,0.0,0.0,0,74.92
234760000,234760000,0.99999547,-0.0008890849,0.00073183945,-0.004097862,0.0,0.0,0.0,0.0,0,74.94
234780000,234780000,0.9999959,-0.00073262164,0.00062068267,-0.004049165,0.0,0.0,0.0,0.0,0,74.96
234800000,234800000,0.99999624,-0.0005709187,0.0005064398,-0.004010293,0.0,0.0,0.0,0.0,0,74.98
234820000,234820000,0.9999965,-0.00040648825,0.00039419642,-0.0039810706,0.0,0.0,0.0,0.0,0,75.0
234840000,234840000,0.99999666,-0.00023751605,0.0002949576,-0.0039610425,0.0,0.0,0.0,0.0,0,75.02
234860000,234860000,0.9999967,-5.477047e-05,0.00019370423,-0.003949871,0.0,0.0,0.0,0.0,0,75.04
234880000,234880000,0.9999967,0.00013600163,9.417691e-05,-0.0039471854,0.0,0.0,0.0,0.0,0,75.06
234900000,234900000,0.99999666,0.00033109114,7.366213e-06,-0.00395234,0.0,0.0,0.0,0.0,0,75.08
234920000,234920000,0.99999654,0.00052912545,-7.1067785e-05,-0.0039647794,0.0,0.0,0.0,0.0,0,75.1
234940000,234940000,0.9999963,0.0007392222,-0.00015341451,-0.003984343,0.0,0.0,0.0,0.0,0,75.12
234960000,234960000,0.999996,0.00094999326,-0.00023253873,-0.0040103756,0.0,0.0,0.0,0.0,0,75.14
234980000,234980000,0.9999957,0.0011448369,-0.00030712504,-0.00404227,0.0,0.0,0.0,0.0,0,75.16
235000000,235000000,0.9999953,0.0013309502,-0.00039018123,-0.004079417,0.0,0.0,0.0,0.0,0,75.18
235020000,235020000,0.99999475,0.0015246806,-0.0004821178,-0.0041216584,0.0,0.0,0.0,0.0,0,75.2
235040000,235040000,0.9999942,0.001716711,-0.0005660419,-0.0041682934,0.0,0.0,0.0,0.0,0,75.22
235060000,235060000,0.9999936,0.0019077007,-0.00063610723,-0.0042193355,0.0,0.0,0.0,0.0,0,75.24
235080000,235080000,0.99999297,0.0020974244,-0.000703763,-0.004273646,0.0,0.0,0.0,0.0,0,75.26
235100000,235100000,0.9999923,0.0022785051,-0.0007609192,-0.004330723,0.0,0.0,0.0,0.0,0,75.28
235120000,235120000,0.9999916,0.0024540734,-0.0008095653,-0.0043903184,0.0,0.0,0.0,0.0,0,75.3
235140000,235140000,0.99999076,0.0026395177,-0.00086448464,-0.0044521973,0.0,0.0,0.0,0.0,0,75.32
235160000,235160000,0.9999899,0.002824504,-0.0009148707,-0.0045160404,0.0,0.0,0.0,0.0,0,75.34
235180000,235180000,0.9999891,0.0029954491,-0.000962576,-0.004581173,0.0,0.0,0.0,0.0,0,75.36
235200000,235200000,0.99998826,0.003150052,-0.001008385,-0.004647174,0.0,0.0,0.0,0.0,0,75.38
235220000,235220000,0.9999875,0.003291009,-0.0010455382,-0.004713491,0.0,0.0,0.0,0.0,0,75.4
235240000,235240000,0.99998665,0.0034288531,-0.0010800258,-0.0047794934,0.0,0.0,0.0,0.0,0,75.42
235260000,235260000,0.9999858,0.0035691613,-0.0011154948,-0.0048450995,0.0,0.0,0.0,0.0,0,75.44
235280000,235280000,0.9999849,0.0037128236,-0.0011520195,-0.004910336,0.0,0.0,0.0,0.0,0,75.46
235300000,235300000,0.999984,0.003854799,-0.0011851897,-0.0049755345,0.0,0.0,0.0,0.0,0,75.48
235320000,235320000,0.9999832,0.003983911,-0.001216503,-0.0050400468,0.0,0.0,0.0,0.0,0,75.5
235340000,235340000,0.99998236,0.004101738,-0.0012495879,-0.005103871,0.0,0.0,0.0,0.0,0,75.52
235360000,235360000,0.9999816,0.0042021447,-0.0012695512,-0.00516717,0.0,0.0,0.0,0.0,0,75.54
235380000,235380000,0.9999809,0.004278247,-0.0012866826,-0.0052295807,0.0,0.0,0.0,0.0,0,75.56
235400000,235400000,0.9999803,0.004344068,-0.0013072735,-0.005290752,0.0,0.0,0.0,0.0,0,75.58
235420000,235420000,0.9999797,0.0044080573,-0.0013248312,-0.005350028,0.0,0.0,0.0,0.0,0,75.6
235440000,235440000,0.9999791,0.004459198,-0.0013324147,-0.005407012,0.0,0.0,0.0,0.0,0,75.62
235460000,235460000,0.9999786,0.0045052767,-0.0013358359,-0.0054616807,0.0,0.0,0.0,0.0,0,75.64
235480000,235480000,0.9999781,0.0045454605,-0.0013331097,-0.0055138622,0.0,0.0,0.0,0.0,0,75.66
235500000,235500000,0.99997777,0.0045744246,-0.0013185992,-0.005563535,0.0,0.0,0.0,0.0,0,75.68
235520000,235520000,0.9999774,0.004599516,-0.0012998387,-0.0056108017,0.0,0.0,0.0,0.0,0,75.7
235540000,235540000,0.99997705,0.004620395,-0.0012790981,-0.005656021,0.0,0.0,0.0,0.0,0,75.72
235560000,235560000,0.9999768,0.004627522,-0.0012522815,-0.005699171,0.0,0.0,0.0,0.0,0,75.74
235580000,235580000,0.9999767,0.00461441,-0.0012284747,-0.005739689,0.0,0.0,0.0,0.0,0,75.76
235600000,235600000,0.99997663,0.004582922,-0.0012125226,-0.005777576,0.0,0.0,0.0,0.0,0,75.78
235620000,235620000,0.99997663,0.00454657,-0.0011859781,-0.005813153,0.0,0.0,0.0,0.0,0,75.8
235640000,235640000,0.99997663,0.004509662,-0.0011403345,-0.00584646,0.0,0.0,0.0,0.0,0,75.82
235660000,235660000,0.9999767,0.0044724424,-0.0011011123,-0.0058776685,0.0,0.0,0.0,0.0,0,75.84
235680000,235680000,0.9999767,0.004438596,-0.0010651668,-0.005907103,0.0,0.0,0.0,0.0,0,75.86
235700000,235700000,0.9999767,0.004408871,-0.001028209,-0.005934532,0.0,0.0,0.0,0.0,0,75.88
235720000,235720000,0.9999767,0.004380492,-0.0009912836,-0.0059599103,0.0,0.0,0.0,0.0,0,75.9
235740000,235740000,0.99997675,0.0043522096,-0.00095472723,-0.005983227,0.0,0.0,0.0,0.0,0,75.92
235760000,235760000,0.99997675,0.004323223,-0.00091882126,-0.0060044844,0.0,0.0,0.0,0.0,0,75.94
235780000,235780000,0.9999768,0.004293191,-0.00088356057,-0.0060237083,0.0,0.0,0.0,0.0,0,75.96
235800000,235800000,0.9999769,0.0042605046,-0.0008478619,-0.00604097,0.0,0.0,0.0,0.0,0,75.98
235820000,235820000,0.999977,0.0042234515,-0.00081005646,-0.0060565276,0.0,0.0,0.0,0.0,0,76.0
235840000,235840000,0.9999771,0.0041768984,-0.0007675309,-0.0060703633,0.0,0.0,0.0,0.0,0,76.02
235860000,235860000,0.9999773,0.0041240444,-0.0007290395,-0.0060824417,0.0,0.0,0.0,0.0,0,76.04
235880000,235880000,0.99997747,0.0040713707,-0.0006803246,-0.006092806,0.0,0.0,0.0,0.0,0,76.06
235900000,235900000,0.99997765,0.0040210607,-0.00062849966,-0.006101431,0.0,0.0,0.0,0.0,0,76.08
235920000,235920000,0.9999779,0.003964544,-0.00058189384,-0.006108502,0.0,0.0,0.0,0.0,0,76.1
235940000,235940000,0.9999781,0.0039011228,-0.0005406265,-0.006113824,0.0,0.0,0.0,0.0,0,76.12
235960000,235960000,0.99997836,0.0038330017,-0.0005027684,-0.0061174068,0.0,0.0,0.0,0.0,0,76.14
235980000,235980000,0.9999786,0.003766303,-0.0004721334,-0.0061194724,0.0,0.0,0.0,0.0,0,76.16
236000000,236000000,0.9999789,0.0037017744,-0.00044890027,-0.0061200056,0.0,0.0,0.0,0.0,0,76.18
236020000,236020000,0.9999791,0.0036421556,-0.00043536033,-0.006119212,0.0,0.0,0.0,0.0,0,76.2
236040000,236040000,0.9999793,0.0035914471,-0.00043568524,-0.0061174487,0.0,0.0,0.0,0.0,0,76.22
236060000,236060000,0.9999795,0.0035439488,-0.00044411828,-0.0061150584,0.0,0.0,0.0,0.0,0,76.24
236080000,236080000,0.9999797,0.0034906429,-0.0004538045,-0.0061121075,0.0,0.0,0.0,0.0,0,76.26
236100000,236100000,0.9999799,0.0034279577,-0.00046772714,-0.006108885,0.0,0.0,0.0,0.0,0,76.28
236120000,236120000,0.99998015,0.0033589592,-0.00048342725,-0.006105576,0.0,0.0,0.0,0.0,0,76.3
236140000,236140000,0.9999804,0.0032836986,-0.0005015061,-0.0061022043,0.0,0.0,0.0,0.0,0,76.32
236160000,236160000,0.9999807,0.003202442,-0.0005214082,-0.0060987705,0.0,0.0,0.0,0.0,0,76.34
236180000,236180000,0.999981,0.0031150945,-0.0005435614,-0.0060953377,0.0,0.0,0.0,0.0,0,76.36
236200000,236200000,0.9999813,0.0030222773,-0.0005668641,-0.006091894,0.0,0.0,0.0,0.0,0,76.38
236220000,236220000,0.9999816,0.0029230404,-0.0005925468,-0.006088421,0.0,0.0,0.0,0.0,0,76.4
236240000,236240000,0.9999819,0.0028175293,-0.0006199295,-0.00608478,0.0,0.0,0.0,0.0,0,76.42
236260000,236260000,0.9999822,0.0027112665,-0.0006481581,-0.0060809474,0.0,0.0,0.0,0.0,0,76.44
236280000,236280000,0.9999825,0.0026033449,-0.000672535,-0.0060767606,0.0,0.0,0.0,0.0,0,76.46
236300000,236300000,0.9999828,0.0024928432,-0.00069216394,-0.0060723145,0.0,0.0,0.0,0.0,0,76.48
236320000,236320000,0.9999831,0.002376991,-0.00071393355,-0.0060678404,0.0,0.0,0.0,0.0,0,76.5
236340000,236340000,0.9999833,0.0022650019,-0.00073289446,-0.0060630105,0.0,0.0,0.0,0.0,0,76.52
236360000,236360000,0.9999836,0.002160126,-0.000748282,-0.0060582147,0.0,0.0,0.0,0.0,0,76.54
236380000,236380000,0.99998385,0.0020510845,-0.00076174916,-0.00605373,0.0,0.0,0.0,0.0,0,76.56
236400000,236400000,0.9999841,0.0019349763,-0.00077224773,-0.0060493434,0.0,0.0,0.0,0.0,0,76.58
236420000,236420000,0.9999843,0.0018175687,-0.00078617467,-0.0060451822,0.0,0.0,0.0,0.0,0,76.6
236440000,236440000,0.99998456,0.0017022095,-0.00079592835,-0.006040983,0.0,0.0,0.0,0.0,0,76.62
236460000,236460000,0.99998474,0.0015859134,-0.0008018605,-0.00603686,0.0,0.0,0.0,0.0,0,76.64
236480000,236480000,0.999985,0.0014649361,-0.0008068802,-0.006032809,0.0,0.0,0.0,0.0,0,76.66
236500000,236500000,0.99998516,0.0013444326,-0.0008058362,-0.006028987,0.0,0.0,0.0,0.0,0,76.68
236520000,236520000,0.99998534,0.001224488,-0.00079843897,-0.0060253097,0.0,0.0,0.0,0.0,0,76.7
236540000,236540000,0.9999855,0.0011039324,-0.0007858449,-0.0060222074,0.0,0.0,0.0,0.0,0,76.72
236560000,236560000,0.99998564,0.0009908025,-0.00075998745,-0.0060198116,0.0,0.0,0.0,0.0,0,76.74
236580000,236580000,0.9999858,0.00088029087,-0.00072559586,-0.0060176705,0.0,0.0,0.0,0.0,0,76.76
236600000,236600000,0.99998593,0.00076752325,-0.00068739685,-0.0060157487,0.0,0.0,0.0,0.0,0,76.78
236620000,236620000,0.99998605,0.0006575958,-0.0006403242,-0.0060146316,0.0,0.0,0.0,0.0,0,76.8
236640000,236640000,0.9999862,0.0005564787,-0.0005784323,-0.006014237,0.0,0.0,0.0,0.0,0,76.82
236660000,236660000,0.99998623,0.00045761306,-0.0005081738,-0.006014802,0.0,0.0,0.0,0.0,0,76.84
236680000,236680000,0.9999863,0.0003495555,-0.00044654505,-0.0060164044,0.0,0.0,0.0,0.0,0,76.86
236700000,236700000,0.99998635,0.00025252922,-0.00039291807,-0.0060189194,0.0,0.0,0.0,0.0,0,76.88
236720000,236720000,0.99998635,0.00016496633,-0.00033582153,-0.0060226903,0.0,0.0,0.0,0.0,0,76.9
236740000,236740000,0.99998635,7.875954e-05,-0.00028352838,-0.006027543,0.0,0.0,0.0,0.0,0,76.92
236760000,236760000,0.99998635,8.519467e-06,-0.00023912119,-0.0060331,0.0,0.0,0.0,0.0,0,76.94
236780000,236780000,0.9999863,-5.0186893e-05,-0.00019592633,-0.0060397787,0.0,0.0,0.0,0.0,0,76.96
236800000,236800000,0.99998623,-0.00010203951,-0.0001480824,-0.006047874,0.0,0.0,0.0,0.0,0,76.98
236820000,236820000,0.9999862,-0.00015094939,-0.00010131815,-0.006057179,0.0,0.0,0.0,0.0,0,77.0
236840000,236840000,0.9999861,-0.00019030354,-6.824187e-05,-0.006067362,0.0,0.0,0.0,0.0,0,77.02
236860000,236860000,0.99998605,-0.00022537657,-3.9301394e-05,-0.00607793,0.0,0.0,0.0,0.0,0,77.04
236880000,236880000,0.999986,-0.00026270698,1.0126429e-05,-0.006088945,0.0,0.0,0.0,0.0,0,77.06
236900000,236900000,0.9999859,-0.00029490376,6.932101e-05,-0.006100679,0.0,0.0,0.0,0.0,0,77.08
236920000,236920000,0.9999858,-0.00031768077,0.00011928104,-0.0061132074,0.0,0.0,0.0,0.0,0,77.1
236940000,236940000,0.9999857,-0.00033129007,0.00016373735,-0.006126556,0.0,0.0,0.0,0.0,0,77.12
236960000,236960000,0.99998564,-0.00034828632,0.00021505574,-0.006140186,0.0,0.0,0.0,0.0,0,77.14
236980000,236980000,0.9999855,-0.0003704762,0.00026859384,-0.0061540287,0.0,0.0,0.0,0.0,0,77.16
237000000,237000000,0.9999854,-0.00039283166,0.0003192291,-0.0061679585,0.0,0.0,0.0,0.0,0,77.18
237020000,237020000,0.9999853,-0.0004174814,0.00036930258,-0.0061818957,0.0,0.0,0.0,0.0,0,77.2
237040000,237040000,0.99998516,-0.0004418571,0.0004186522,-0.0061955955,0.0,0.0,0.0,0.0,0,77.22
237060000,237060000,0.99998504,-0.00046210186,0.00047054497,-0.0062092505,0.0,0.0,0.0,0.0,0,77.24
237080000,237080000,0.9999849,-0.00047739607,0.0005178937,-0.006223108,0.0,0.0,0.0,0.0,0,77.26
237100000,237100000,0.9999848,-0.0004907772,0.00057209114,-0.0062370906,0.0,0.0,0.0,0.0,0,77.28
237120000,237120000,0.9999847,-0.0004972534,0.0006247818,-0.006251356,0.0,0.0,0.0,0.0,0,77.3
237140000,237140000,0.99998456,-0.00048686465,0.0006753572,-0.0062660235,0.0,0.0,0.0,0.0,0,77.32
237160000,237160000,0.99998444,-0.000467508,0.0007237228,-0.0062812706,0.0,0.0,0.0,0.0,0,77.34
237180000,237180000,0.9999843,-0.00045093836,0.00078483956,-0.0062967725,0.0,0.0,0.0,0.0,0,77.36
237200000,237200000,0.9999842,-0.00043301686,0.0008423267,-0.0063123233,0.0,0.0,0.0,0.0,0,77.38
237220000,237220000,0.9999841,-0.00041221795,0.00088133116,-0.0063280575,0.0,0.0,0.0,0.0,0,77.4
237240000,237240000,0.9999839,-0.0003802049,0.0009194941,-0.006344345,0.0,0.0,0.0,0.0,0,77.42
237260000,237260000,0.9999838,-0.00034605,0.0009649364,-0.0063604168,0.0,0.0,0.0,0.0,0,77.44
237280000,237280000,0.99998367,-0.00031784974,0.0010057639,-0.0063764704,0.0,0.0,0.0,0.0,0,77.46
237300000,237300000,0.99998355,-0.00029945458,0.0010316527,-0.006392735,0.0,0.0,0.0,0.0,0,77.48
237320000,237320000,0.99998343,-0.0002850756,0.0010562374,-0.0064092614,0.0,0.0,0.0,0.0,0,77.5
237340000,237340000,0.9999833,-0.00027253243,0.0010833903,-0.0064254715,0.0,0.0,0.0,0.0,0,77.52
237360000,237360000,0.9999832,-0.0002548734,0.0011019957,-0.006441111,0.0,0.0,0.0,0.0,0,77.54
237380000,237380000,0.9999831,-0.00023467778,0.0011127212,-0.00645632,0.0,0.0,0.0,0.0,0,77.56
237400000,237400000,0.99998295,-0.00021472965,0.0011175813,-0.006471293,0.0,0.0,0.0,0.0,0,77.58
237420000,237420000,0.9999829,-0.00019914543,0.0011203309,-0.006485938,0.0,0.0,0.0,0.0,0,77.6
237440000,237440000,0.9999828,-0.00019363909,0.0011266107,-0.0064999363,0.0,0.0,0.0,0.0,0,77.62
237460000,237460000,0.9999827,-0.00019470633,0.0011275419,-0.006513039,0.0,0.0,0.0,0.0,0,77.64
237480000,237480000,0.9999826,-0.00018703777,0.0011143915,-0.0065255323,0.0,0.0,0.0,0.0,0,77.66
237500000,237500000,0.9999826,-0.00016950612,0.0010986926,-0.006537081,0.0,0.0,0.0,0.0,0,77.68
237520000,237520000,0.9999825,-0.00016240205,0.0010938554,-0.006547553,0.0,0.0,0.0,0.0,0,77.7
237540000,237540000,0.9999824,-0.00017067476,0.0010907627,-0.0065572816,0.0,0.0,0.0,0.0,0,77.72
237560000,237560000,0.9999824,-0.00018228927,0.0010705368,-0.0065660826,0.0,0.0,0.0,0.0,0,77.74
237580000,237580000,0.99998236,-0.00018686634,0.0010412821,-0.006574391,0.0,0.0,0.0,0.0,0,77.76
237600000,237600000,0.99998236,-0.00018803265,0.0010213762,-0.0065823593,0.0,0.0,0.0,0.0,0,77.78
237620000,237620000,0.9999823,-0.00018894106,0.0009990068,-0.0065900423,0.0,0.0,0.0,0.0,0,77.8
237640000,237640000,0.9999823,-0.00018814177,0.0009694024,-0.006597303,0.0,0.0,0.0,0.0,0,77.82
237660000,237660000,0.9999823,-0.00018781605,0.00093397126,-0.0066043856,0.0,0.0,0.0,0.0,0,77.84
237680000,237680000,0.9999823,-0.00019061244,0.0008950571,-0.0066113593,0.0,0.0,0.0,0.0,0,77.86
237700000,237700000,0.99998224,-0.00019766486,0.0008536181,-0.0066182557,0.0,0.0,0.0,0.0,0,77.88
237720000,237720000,0.99998224,-0.00020950413,0.0008101579,-0.006625089,0.0,0.0,0.0,0.0,0,77.9
237740000,237740000,0.99998224,-0.0002263035,0.0007647813,-0.006631866,0.0,0.0,0.0,0.0,0,77.92
237760000,237760000,0.99998224,-0.00024817785,0.0007176414,-0.00663859,0.0,0.0,0.0,0.0,0,77.94
237780000,237780000,0.99998224,-0.0002741018,0.0006696332,-0.006645142,0.0,0.0,0.0,0.0,0,77.96
237800000,237800000,0.9999822,-0.000294582,0.00063026603,-0.0066515175,0.0,0.0,0.0,0.0,0,77.98
237820000,237820000,0.9999822,-0.00030672227,0.00060220365,-0.006657782,0.0,0.0,0.0,0.0,0,78.0
237840000,237840000,0.9999821,-0.00031719328,0.00057893095,-0.0066637374,0.0,0.0,0.0,0.0,0,78.02
237860000,237860000,0.9999821,-0.00032519214,0.0005610986,-0.00666948,0.0,0.0,0.0,0.0,0,78.04
237880000,237880000,0.99998206,-0.0003342075,0.0005493167,-0.006675072,0.0,0.0,0.0,0.0,0,78.06
237900000,237900000,0.999982,-0.00034459197,0.00054345897,-0.006680712,0.0,0.0,0.0,0.0,0,78.08
237920000,237920000,0.999982,-0.00035814464,0.0005343327,-0.0066863205,0.0,0.0,0.0,0.0,0,78.1
237940000,237940000,0.99998194,-0.00037641468,0.00054251414,-0.0066919615,0.0,0.0,0.0,0.0,0,78.12
237960000,237960000,0.9999819,-0.0003985151,0.00055214507,-0.006697328,0.0,0.0,0.0,0.0,0,78.14
237980000,237980000,0.9999819,-0.00042005823,0.0005461203,-0.006702281,0.0,0.0,0.0,0.0,0,78.16
238000000,238000000,0.9999818,-0.00044950412,0.0005383925,-0.0067065763,0.0,0.0,0.0,0.0,0,78.18
238020000,238020000,0.99998176,-0.00048464196,0.00054675125,-0.0067111263,0.0,0.0,0.0,0.0,0,78.2
238040000,238040000,0.9999817,-0.00052427547,0.0005602056,-0.0067159673,0.0,0.0,0.0,0.0,0,78.22
238060000,238060000,0.99998164,-0.0005676812,0.00056532875,-0.0067208656,0.0,0.0,0.0,0.0,0,78.24
238080000,238080000,0.9999816,-0.00061011995,0.00056997844,-0.0067261145,0.0,0.0,0.0,0.0,0,78.26
238100000,238100000,0.9999815,-0.00064900966,0.0005786222,-0.006731788,0.0,0.0,0.0,0.0,0,78.28
238120000,238120000,0.99998146,-0.0006860488,0.00059067475,-0.006737597,0.0,0.0,0.0,0.0,0,78.3
238140000,238140000,0.99998134,-0.00072445563,0.0006031678,-0.0067434055,0.0,0.0,0.0,0.0,0,78.32
238160000,238160000,0.9999813,-0.00076466147,0.00061597687,-0.006749144,0.0,0.0,0.0,0.0,0,78.34
238180000,238180000,0.9999812,-0.00080709945,0.00062851544,-0.0067547555,0.0,0.0,0.0,0.0,0,78.36
238200000,238200000,0.9999811,-0.0008505501,0.00064042857,-0.006760211,0.0,0.0,0.0,0.0,0,78.38
238220000,238220000,0.99998105,-0.0008876707,0.00065764174,-0.006765088,0.0,0.0,0.0,0.0,0,78.4
238240000,238240000,0.999981,-0.00091180956,0.0006783522,-0.0067699496,0.0,0.0,0.0,0.0,0,78.42
238260000,238260000,0.999981,-0.00091139827,0.00068171055,-0.0067740073,0.0,0.0,0.0,0.0,0,78.44
238280000,238280000,0.9999813,-0.0006604756,0.0004713686,-0.0067758057,0.0,0.0,0.0,0.0,0,78.46
238300000,238300000,0.9999816,-0.00012459685,-4.5218098e-05,-0.006776417,0.0,0.0,0.0,0.0,0,78.48
238320000,238320000,0.99998116,0.0005482689,-0.0007378467,-0.0067753936,0.0,0.0,0.0,0.0,0,78.5
238340000,238340000,0.99997973,0.0012727093,-0.0014764727,-0.0067731496,0.0,0.0,0.0,0.0,0,78.52
238360000,238360000,0.9999772,0.0020097762,-0.002200124,-0.006770195,0.0,0.0,0.0,0.0,0,78.54
238380000,238380000,0.9999737,0.002735423,-0.0028898406,-0.0067668455,0.0,0.0,0.0,0.0,0,78.56
238400000,238400000,0.99996954,0.003433035,-0.0035316364,-0.0067631695,0.0,0.0,0.0,0.0,0,78.58
238420000,238420000,0.9999649,0.004078232,-0.0041168225,-0.0067591746,0.0,0.0,0.0,0.0,0,78.6
238440000,238440000,0.9999603,0.004648321,-0.0046101077,-0.0067550344,0.0,0.0,0.0,0.0,0,78.62
238460000,238460000,0.99995613,0.0051382147,-0.004984519,-0.0067507243,0.0,0.0,0.0,0.0,0,78.64
238480000,238480000,0.99995255,0.0055448483,-0.005262869,-0.0067465715,0.0,0.0,0.0,0.0,0,78.66
238500000,238500000,0.99994963,0.0058725546,-0.0054693436,-0.0067425496,0.0,0.0,0.0,0.0,0,78.68
238520000,238520000,0.9999471,0.0061612534,-0.0056215134,-0.0067386134,0.0,0.0,0.0,0.0,0,78.7
238540000,238540000,0.9999446,0.0064622457,-0.0057227476,-0.0067343353,0.0,0.0,0.0,0.0,0,78.72
238560000,238560000,0.9999422,0.006786934,-0.005779019,-0.006730035,0.0,0.0,0.0,0.0,0,78.74
238580000,238580000,0.9999398,0.0071223616,-0.0057933894,-0.0067256945,0.0,0.0,0.0,0.0,0,78.76
238600000,238600000,0.99993753,0.0074498462,-0.0057740277,-0.0067215776,0.0,0.0,0.0,0.0,0,78.78
238620000,238620000,0.9999355,0.0077539124,-0.005725283,-0.0067178113,0.0,0.0,0.0,0.0,0,78.8
238640000,238640000,0.99993384,0.008023985,-0.00565267,-0.0067145233,0.0,0.0,0.0,0.0,0,78.82
238660000,238660000,0.9999325,0.0082546035,-0.005558393,-0.0067116,0.0,0.0,0.0,0.0,0,78.84
238680000,238680000,0.9999316,0.0084384885,-0.0054473192,-0.0067093703,0.0,0.0,0.0,0.0,0,78.86
238700000,238700000,0.99993116,0.008572477,-0.005324424,-0.0067075943,0.0,0.0,0.0,0.0,0,78.88
238720000,238720000,0.9999311,0.00865572,-0.0051931287,-0.0067064622,0.0,0.0,0.0,0.0,0,78.9
238740000,238740000,0.9999316,0.008684154,-0.0050515896,-0.0067061787,0.0,0.0,0.0,0.0,0,78.92
238760000,238760000,0.99993247,0.008668234,-0.0049074576,-0.0067066588,0.0,0.0,0.0,0.0,0,78.94
238780000,238780000,0.9999336,0.008615168,-0.0047597876,-0.0067078383,0.0,0.0,0.0,0.0,0,78.96
238800000,238800000,0.99993515,0.008522168,-0.004604993,-0.0067097107,0.0,0.0,0.0,0.0,0,78.98
238820000,238820000,0.9999369,0.008393154,-0.0044525033,-0.006712349,0.0,0.0,0.0,0.0,0,79.0
238840000,238840000,0.99993885,0.008231058,-0.004301253,-0.0067160376,0.0,0.0,0.0,0.0,0,79.02
238860000,238860000,0.99994105,0.008035722,-0.0041534146,-0.0067205504,0.0,0.0,0.0,0.0,0,79.04
238880000,238880000,0.99994344,0.0078104706,-0.0040029995,-0.006725674,0.0,0.0,0.0,0.0,0,79.06
238900000,238900000,0.99994594,0.0075611738,-0.0038461147,-0.006731176,0.0,0.0,0.0,0.0,0,79.08
238920000,238920000,0.99994844,0.007292545,-0.0036933455,-0.0067372276,0.0,0.0,0.0,0.0,0,79.1
238940000,238940000,0.99995095,0.0070067537,-0.0035524329,-0.0067441408,0.0,0.0,0.0,0.0,0,79.12
238960000,238960000,0.9999534,0.006707804,-0.0034183601,-0.006751719,0.0,0.0,0.0,0.0,0,79.14
238980000,238980000,0.99995583,0.006399547,-0.0032873503,-0.006759466,0.0,0.0,0.0,0.0,0,79.16
239000000,239000000,0.99995816,0.0060821306,-0.003156163,-0.0067679635,0.0,0.0,0.0,0.0,0,79.18
239020000,239020000,0.99996036,0.005763787,-0.0030300687,-0.0067774556,0.0,0.0,0.0,0.0,0,79.2
239040000,239040000,0.9999625,0.005444773,-0.0028989918,-0.0067874924,0.0,0.0,0.0,0.0,0,79.22
239060000,239060000,0.9999645,0.0051220027,-0.0027675577,-0.0067981016,0.0,0.0,0.0,0.0,0,79.24
239080000,239080000,0.9999664,0.0047936104,-0.0026441442,-0.0068093827,0.0,0.0,0.0,0.0,0,79.26
239100000,239100000,0.9999682,0.0044599976,-0.002527632,-0.0068216105,0.0,0.0,0.0,0.0,0,79.28
239120000,239120000,0.99996984,0.0041193063,-0.0024000334,-0.0068343244,0.0,0.0,0.0,0.0,0,79.3
239140000,239140000,0.9999714,0.0037733945,-0.0022679719,-0.0068475716,0.0,0.0,0.0,0.0,0,79.32
239160000,239160000,0.9999729,0.0034313707,-0.002132823,-0.0068611153,0.0,0.0,0.0,0.0,0,79.34
239180000,239180000,0.99997413,0.0030923968,-0.001997557,-0.0068748696,0.0,0.0,0.0,0.0,0,79.36
239200000,239200000,0.99997526,0.0027594154,-0.0018697821,-0.0068893563,0.0,0.0,0.0,0.0,0,79.38
239220000,239220000,0.9999762,0.0024284357,-0.0017454068,-0.00690434,0.0,0.0,0.0,0.0,0,79.4
239240000,239240000,0.9999771,0.002103611,-0.0016214955,-0.006919632,0.0,0.0,0.0,0.0,0,79.42
239260000,239260000,0.99997777,0.0017844944,-0.0015022096,-0.0069355154,0.0,0.0,0.0,0.0,0,79.44
239280000,239280000,0.99997836,0.0014757804,-0.0013801402,-0.006951826,0.0,0.0,0.0,0.0,0,79.46
239300000,239300000,0.9999788,0.0011744233,-0.0012642435,-0.0069688056,0.0,0.0,0.0,0.0,0,79.48
239320000,239320000,0.9999791,0.0008845736,-0.001148039,-0.006986145,0.0,0.0,0.0,0.0,0,79.5
239340000,239340000,0.9999793,0.0005994611,-0.0010216614,-0.0070037255,0.0,0.0,0.0,0.0,0,79.52
239360000,239360000,0.99997944,0.00031082158,-0.0008902706,-0.0070213308,0.0,0.0,0.0,0.0,0,79.54
239380000,239380000,0.9999795,2.2506221e-05,-0.00076165784,-0.00703946,0.0,0.0,0.0,0.0,0,79.56
239400000,239400000,0.99997944,-0.0002601091,-0.0006353966,-0.007058177,0.0,0.0,0.0,0.0,0,79.58
239420000,239420000,0.99997926,-0.0005297203,-0.0005032496,-0.007076944,0.0,0.0,0.0,0.0,0,79.6
239440000,239440000,0.999979,-0.00077999616,-0.0003665693,-0.0070958263,0.0,0.0,0.0,0.0,0,79.62
239460000,239460000,0.9999787,-0.0010230645,-0.00023129878,-0.0071147154,0.0,0.0,0.0,0.0,0,79.64
239480000,239480000,0.9999783,-0.0012580181,-0.000105834064,-0.0071339305,0.0,0.0,0.0,0.0,0,79.66
239500000,239500000,0.9999779,-0.0014826824,1.1975642e-05,-0.007153053,0.0,0.0,0.0,0.0,0,79.68
239520000,239520000,0.9999774,-0.0016957592,0.00012917741,-0.0071719903,0.0,0.0,0.0,0.0,0,79.7
239540000,239540000,0.9999769,-0.0018990434,0.00025404317,-0.0071903197,0.0,0.0,0.0,0.0,0,79.72
239560000,239560000,0.9999763,-0.0020965573,0.0003846837,-0.007208707,0.0,0.0,0.0,0.0,0,79.74
239580000,239580000,0.99997574,-0.0022777452,0.0005070093,-0.0072269673,0.0,0.0,0.0,0.0,0,79.76
239600000,239600000,0.99997514,-0.0024411501,0.0006290974,-0.0072448016,0.0,0.0,0.0,0.0,0,79.78
239620000,239620000,0.99997455,-0.0025950905,0.000757448,-0.007262598,0.0,0.0,0.0,0.0,0,79.8
239640000,239640000,0.9999739,-0.0027335736,0.00088455225,-0.0072804736,0.0,0.0,0.0,0.0,0,79.82
239660000,239660000,0.99997336,-0.002860914,0.0010005293,-0.0072975806,0.0,0.0,0.0,0.0,0,79.84
239680000,239680000,0.99997276,-0.0029841387,0.0011083108,-0.0073140813,0.0,0.0,0.0,0.0,0,79.86
239700000,239700000,0.9999721,-0.003106386,0.0012196989,-0.0073306877,0.0,0.0,0.0,0.0,0,79.88
239720000,239720000,0.9999715,-0.003223334,0.0013285824,-0.0073471153,0.0,0.0,0.0,0.0,0,79.9
239740000,239740000,0.99997085,-0.0033417314,0.0014378589,-0.0073633622,0.0,0.0,0.0,0.0,0,79.92
239760000,239760000,0.99997014,-0.0034610822,0.0015445703,-0.0073790937,0.0,0.0,0.0,0.0,0,79.94
239780000,239780000,0.9999695,-0.0035717143,0.0016456291,-0.00739434,0.0,0.0,0.0,0.0,0,79.96
239800000,239800000,0.9999688,-0.0036718724,0.0017411781,-0.0074093435,0.0,0.0,0.0,0.0,0,79.98
239820000,239820000,0.99996823,-0.0037651754,0.0018268652,-0.007424179,0.0,0.0,0.0,0.0,0,80.0
239840000,239840000,0.99996763,-0.0038507453,0.0019047661,-0.007438506,0.0,0.0,0.0,0.0,0,80.02
239860000,239860000,0.9999671,-0.0039252723,0.0019775606,-0.0074522435,0.0,0.0,0.0,0.0,0,80.04
239880000,239880000,0.9999666,-0.003986806,0.002055956,-0.0074654664,0.0,0.0,0.0,0.0,0,80.06
239900000,239900000,0.99996614,-0.0040423446,0.0021351315,-0.0074780677,0.0,0.0,0.0,0.0,0,80.08
239920000,239920000,0.99996567,-0.004100565,0.0022117074,-0.0074900584,0.0,0.0,0.0,0.0,0,80.1
239940000,239940000,0.9999652,-0.0041554966,0.0022780048,-0.007501139,0.0,0.0,0.0,0.0,0,80.12
239960000,239960000,0.9999648,-0.0042013954,0.0023379743,-0.0075113834,0.0,0.0,0.0,0.0,0,80.14
239980000,239980000,0.9999644,-0.0042350437,0.0023965116,-0.0075211176,0.0,0.0,0.0,0.0,0,80.16
240000000,240000000,0.9999641,-0.0042617894,0.0024547041,-0.007530142,0.0,0.0,0.0,0.0,0,80.18
240020000,240020000,0.9999638,-0.004282512,0.0025068864,-0.007538224,0.0,0.0,0.0,0.0,0,80.2
240040000,240040000,0.99996364,-0.004284128,0.0025640072,-0.007545549,0.0,0.0,0.0,0.0,0,80.22
240060000,240060000,0.9999635,-0.004258988,0.0026216863,-0.007552208,0.0,0.0,0.0,0.0,0,80.24
240080000,240080000,0.9999635,-0.0042150216,0.0026799743,-0.00755845,0.0,0.0,0.0,0.0,0,80.26
240100000,240100000,0.9999636,-0.004155835,0.002738519,-0.0075640567,0.0,0.0,0.0,0.0,0,80.28
240120000,240120000,0.99996364,-0.004091653,0.0027906299,-0.0075690397,0.0,0.0,0.0,0.0,0,80.3
240140000,240140000,0.99996376,-0.0040314603,0.0028338125,-0.0075732297,0.0,0.0,0.0,0.0,0,80.32
240160000,240160000,0.9999639,-0.0039654956,0.0028738533,-0.0075770463,0.0,0.0,0.0,0.0,0,80.34
240180000,240180000,0.999964,-0.0038901886,0.0029134578,-0.0075802947,0.0,0.0,0.0,0.0,0,80.36
240200000,240200000,0.9999642,-0.0038080348,0.0029531475,-0.007582947,0.0,0.0,0.0,0.0,0,80.38
240220000,240220000,0.9999644,-0.0037200677,0.0029801887,-0.007584901,0.0,0.0,0.0,0.0,0,80.4
240240000,240240000,0.99996465,-0.0036308325,0.0030032094,-0.007586252,0.0,0.0,0.0,0.0,0,80.42
240260000,240260000,0.9999649,-0.0035420014,0.0030271413,-0.007587029,0.0,0.0,0.0,0.0,0,80.44
240280000,240280000,0.99996513,-0.0034565127,0.003046063,-0.0075872773,0.0,0.0,0.0,0.0,0,80.46
240300000,240300000,0.9999654,-0.003371039,0.0030605919,-0.0075867977,0.0,0.0,0.0,0.0,0,80.48
240320000,240320000,0.9999656,-0.0032898525,0.0030757966,-0.007586113,0.0,0.0,0.0,0.0,0,80.5
240340000,240340000,0.99996585,-0.0032103397,0.003087744,-0.007585547,0.0,0.0,0.0,0.0,0,80.52
240360000,240360000,0.9999661,-0.0031230473,0.0030965554,-0.0075851297,0.0,0.0,0.0,0.0,0,80.54
240380000,240380000,0.9999664,-0.0030228607,0.0031034732,-0.0075851167,0.0,0.0,0.0,0.0,0,80.56
240400000,240400000,0.9999667,-0.0029215403,0.0031149876,-0.007585346,0.0,0.0,0.0,0.0,0,80.58
240420000,240420000,0.9999669,-0.0028204017,0.0031245702,-0.00758585,0.0,0.0,0.0,0.0,0,80.6
240440000,240440000,0.99996716,-0.0027249083,0.003124604,-0.007586726,0.0,0.0,0.0,0.0,0,80.62
240460000,240460000,0.99996746,-0.002637825,0.003106382,-0.0075877984,0.0,0.0,0.0,0.0,0,80.64
240480000,240480000,0.99996775,-0.0025555198,0.003084154,-0.0075889155,0.0,0.0,0.0,0.0,0,80.66
240500000,240500000,0.999968,-0.0024772151,0.0030694467,-0.007590093,0.0,0.0,0.0,0.0,0,80.68
240520000,240520000,0.9999682,-0.0024054868,0.0030505906,-0.0075915246,0.0,0.0,0.0,0.0,0,80.7
240540000,240540000,0.9999684,-0.0023437105,0.003018388,-0.0075932126,0.0,0.0,0.0,0.0,0,80.72
240560000,240560000,0.99996865,-0.002283752,0.0029851708,-0.007595646,0.0,0.0,0.0,0.0,0,80.74
240580000,240580000,0.9999688,-0.0022214283,0.0029546937,-0.007598581,0.0,0.0,0.0,0.0,0,80.76
240600000,240600000,0.99996907,-0.002160785,0.0029120021,-0.007601618,0.0,0.0,0.0,0.0,0,80.78
240620000,240620000,0.9999693,-0.0021093339,0.0028649739,-0.007604529,0.0,0.0,0.0,0.0,0,80.8
240640000,240640000,0.99996954,-0.0020556373,0.0028177307,-0.007607278,0.0,0.0,0.0,0.0,0,80.82
240660000,240660000,0.9999697,-0.0020075894,0.00277115,-0.0076100356,0.0,0.0,0.0,0.0,0,80.84
240680000,240680000,0.9999699,-0.0019685214,0.0027247795,-0.0076127774,0.0,0.0,0.0,0.0,0,80.86
240700000,240700000,0.9999701,-0.0019332964,0.0026761808,-0.007615577,0.0,0.0,0.0,0.0,0,80.88
240720000,240720000,0.99997026,-0.0018996747,0.0026240544,-0.007618387,0.0,0.0,0.0,0.0,0,80.9
240740000,240740000,0.99997044,-0.0018681731,0.0025690445,-0.007621178,0.0,0.0,0.0,0.0,0,80.92
240760000,240760000,0.9999707,-0.0018387281,0.002511435,-0.007623942,0.0,0.0,0.0,0.0,0,80.94
240780000,240780000,0.99997085,-0.0018114198,0.0024511153,-0.0076266774,0.0,0.0,0.0,0.0,0,80.96
240800000,240800000,0.99997103,-0.0017871233,0.0023859171,-0.0076295263,0.0,0.0,0.0,0.0,0,80.98
240820000,240820000,0.9999712,-0.0017676307,0.0023077694,-0.0076324176,0.0,0.0,0.0,0.0,0,81.0
240840000,240840000,0.9999714,-0.0017466733,0.0022169452,-0.007635732,0.0,0.0,0.0,0.0,0,81.02
240860000,240860000,0.9999716,-0.0017284334,0.0021166666,-0.0076393015,0.0,0.0,0.0,0.0,0,81.04
240880000,240880000,0.9999718,-0.001712476,0.002027126,-0.0076429145,0.0,0.0,0.0,0.0,0,81.06
240900000,240900000,0.999972,-0.0016982392,0.0019487964,-0.007646574,0.0,0.0,0.0,0.0,0,81.08
240920000,240920000,0.99997216,-0.00168166,0.0018553176,-0.0076505253,0.0,0.0,0.0,0.0,0,81.1
240940000,240940000,0.99997234,-0.0016582957,0.0017389071,-0.007654671,0.0,0.0,0.0,0.0,0,81.12
240960000,240960000,0.9999726,-0.0016288596,0.0016244696,-0.007658936,0.0,0.0,0.0,0.0,0,81.14
240980000,240980000,0.99997276,-0.0016087266,0.0015212004,-0.0076632537,0.0,0.0,0.0,0.0,0,81.16
241000000,241000000,0.9999729,-0.0015959084,0.0014127902,-0.007667567,0.0,0.0,0.0,0.0,0,81.18
241020000,241020000,0.999973,-0.0015911672,0.0013019879,-0.007672154,0.0,0.0,0.0,0.0,0,81.2
241040000,241040000,0.9999731,-0.0015943577,0.0011906332,-0.0076767537,0.0,0.0,0.0,0.0,0,81.22
241060000,241060000,0.9999732,-0.0016021447,0.0010750429,-0.0076811314,0.0,0.0,0.0,0.0,0,81.24
241080000,241080000,0.99997324,-0.0016140993,0.00095402997,-0.0076853526,0.0,0.0,0.0,0.0,0,81.26
241100000,241100000,0.9999733,-0.0016232732,0.0008336652,-0.0076890853,0.0,0.0,0.0,0.0,0,81.28
241120000,241120000,0.99997336,-0.0016297265,0.000716622,-0.007692624,0.0,0.0,0.0,0.0,0,81.3
241140000,241140000,0.9999734,-0.0016371341,0.00059947063,-0.0076960423,0.0,0.0,0.0,0.0,0,81.32
241160000,241160000,0.9999734,-0.0016526753,0.00048843416,-0.007698997,0.0,0.0,0.0,0.0,0,81.34
241180000,241180000,0.9999734,-0.0016757793,0.00038178192,-0.0077016247,0.0,0.0,0.0,0.0,0,81.36
241200000,241200000,0.99997336,-0.0017049992,0.0002896016,-0.0077040517,0.0,0.0,0.0,0.0,0,81.38
241220000,241220000,0.9999733,-0.0017432645,0.00021654199,-0.007706369,0.0,0.0,0.0,0.0,0,81.4
241240000,241240000,0.99997324,-0.0017958459,0.00014157635,-0.007708151,0.0,0.0,0.0,0.0,0,81.42
241260000,241260000,0.9999731,-0.0018584213,6.2183906e-05,-0.007709694,0.0,0.0,0.0,0.0,0,81.44
241280000,241280000,0.99997294,-0.0019271694,-1.2092802e-05,-0.0077113383,0.0,0.0,0.0,0.0,0,81.46
241300000,241300000,0.9999728,-0.0019986464,-7.972104e-05,-0.007712998,0.0,0.0,0.0,0.0,0,81.48
241320000,241320000,0.99997264,-0.0020707184,-0.00014097532,-0.0077146385,0.0,0.0,0.0,0.0,0,81.5
241340000,241340000,0.99997246,-0.002146408,-0.00019759023,-0.0077160597,0.0,0.0,0.0,0.0,0,81.52
241360000,241360000,0.9999723,-0.0022289695,-0.00023555079,-0.007717254,0.0,0.0,0.0,0.0,0,81.54
241380000,241380000,0.99997205,-0.00231669,-0.0002507474,-0.0077182027,0.0,0.0,0.0,0.0,0,81.56
241400000,241400000,0.9999718,-0.0024091005,-0.00026619493,-0.0077189435,0.0,0.0,0.0,0.0,0,81.58
241420000,241420000,0.99997157,-0.002503231,-0.00030464245,-0.007719606,0.0,0.0,0.0,0.0,0,81.6
241440000,241440000,0.99997133,-0.0025984687,-0.00034077145,-0.0077203205,0.0,0.0,0.0,0.0,0,81.62
241460000,241460000,0.99997103,-0.0026930482,-0.0003549145,-0.0077210935,0.0,0.0,0.0,0.0,0,81.64
241480000,241480000,0.9999708,-0.002786424,-0.00037036467,-0.0077218204,0.0,0.0,0.0,0.0,0,81.66
241500000,241500000,0.9999705,-0.0028782857,-0.0004009129,-0.0077222046,0.0,0.0,0.0,0.0,0,81.68
241520000,241520000,0.99997026,-0.002970932,-0.00042023777,-0.0077223876,0.0,0.0,0.0,0.0,0,81.7
241540000,241540000,0.99996996,-0.00306619,-0.0004219264,-0.0077223126,0.0,0.0,0.0,0.0,0,81.72
241560000,241560000,0.99996966,-0.0031578515,-0.00041602302,-0.0077221473,0.0,0.0,0.0,0.0,0,81.74
241580000,241580000,0.99996936,-0.0032463106,-0.00041016904,-0.007721918,0.0,0.0,0.0,0.0,0,81.76
241600000,241600000,0.9999691,-0.0033299292,-0.00041309817,-0.007721503,0.0,0.0,0.0,0.0,0,81.78
241620000,241620000,0.9999688,-0.0034088553,-0.0004213074,-0.0077211643,0.0,0.0,0.0,0.0,0,81.8
241640000,241640000,0.9999686,-0.0034792935,-0.0004276886,-0.007721093,0.0,0.0,0.0,0.0,0,81.82
241660000,241660000,0.99996835,-0.003543823,-0.00043265917,-0.0077210795,0.0,0.0,0.0,0.0,0,81.84
241680000,241680000,0.9999682,-0.0036041874,-0.00043278394,-0.007721094,0.0,0.0,0.0,0.0,0,81.86
241700000,241700000,0.99996793,-0.0036593927,-0.00042977996,-0.0077209226,0.0,0.0,0.0,0.0,0,81.88
241720000,241720000,0.99996775,-0.003708162,-0.00042162457,-0.007720708,0.0,0.0,0.0,0.0,0,81.9
241740000,241740000,0.99996763,-0.0037520146,-0.00041244293,-0.007720576,0.0,0.0,0.0,0.0,0,81.92
241760000,241760000,0.9999675,-0.003788921,-0.0004011449,-0.0077205654,0.0,0.0,0.0,0.0,0,81.94
241780000,241780000,0.9999674,-0.0038195448,-0.00038691715,-0.0077205976,0.0,0.0,0.0,0.0,0,81.96
241800000,241800000,0.9999673,-0.0038412174,-0.00036320463,-0.007720747,0.0,0.0,0.0,0.0,0,81.98
241820000,241820000,0.9999673,-0.0038547996,-0.00032435247,-0.0077208285,0.0,0.0,0.0,0.0,0,82.0
241840000,241840000,0.9999673,-0.0038588701,-0.00027609587,-0.00772094,0.0,0.0,0.0,0.0,0,82.02
241860000,241860000,0.9999673,-0.0038567216,-0.00022595693,-0.007721052,0.0,0.0,0.0,0.0,0,82.04
241880000,241880000,0.99996734,-0.0038492181,-0.00017584916,-0.0077211624,0.0,0.0,0.0,0.0,0,82.06
241900000,241900000,0.9999674,-0.0038365975,-0.00012692013,-0.007721267,0.0,0.0,0.0,0.0,0,82.08
241920000,241920000,0.99996746,-0.0038177944,-8.317273e-05,-0.0077215005,0.0,0.0,0.0,0.0,0,82.1
241940000,241940000,0.9999676,-0.0037914687,-4.3403157e-05,-0.007722029,0.0,0.0,0.0,0.0,0,82.12
241960000,241960000,0.9999677,-0.0037570773,-2.158393e-06,-0.0077227214,0.0,0.0,0.0,0.0,0,82.14
241980000,241980000,0.9999678,-0.0037156004,3.9397637e-05,-0.0077235135,0.0,0.0,0.0,0.0,0,82.16
242000000,242000000,0.999968,-0.0036665234,8.181624e-05,-0.00772437,0.0,0.0,0.0,0.0,0,82.18
242020000,242020000,0.9999682,-0.0036096035,0.00012186094,-0.007725492,0.0,0.0,0.0,0.0,0,82.2
242040000,242040000,0.9999684,-0.0035457497,0.00015954142,-0.007726837,0.0,0.0,0.0,0.0,0,82.22
242060000,242060000,0.99996865,-0.0034768856,0.00020115118,-0.007728566,0.0,0.0,0.0,0.0,0,82.24
242080000,242080000,0.9999689,-0.0033996822,0.00023597079,-0.007730468,0.0,0.0,0.0,0.0,0,82.26
242100000,242100000,0.9999691,-0.0033116643,0.00026159987,-0.0077325986,0.0,0.0,0.0,0.0,0,82.28
242120000,242120000,0.9999694,-0.0032139905,0.00028297812,-0.0077347765,0.0,0.0,0.0,0.0,0,82.3
242140000,242140000,0.9999697,-0.0031108772,0.00031235875,-0.007737185,0.0,0.0,0.0,0.0,0,82.32
242160000,242160000,0.99997,-0.003003683,0.00033588865,-0.007740125,0.0,0.0,0.0,0.0,0,82.34
242180000,242180000,0.9999703,-0.0028905484,0.0003483247,-0.0077434154,0.0,0.0,0.0,0.0,0,82.36
242200000,242200000,0.9999706,-0.0027718283,0.00036046084,-0.0077468674,0.0,0.0,0.0,0.0,0,82.38
242220000,242220000,0.9999709,-0.0026475776,0.00037940906,-0.0077502932,0.0,0.0,0.0,0.0,0,82.4
242240000,242240000,0.9999712,-0.0025216707,0.00039298474,-0.007753749,0.0,0.0,0.0,0.0,0,82.42
242260000,242260000,0.9999715,-0.0023953589,0.0004017383,-0.0077572,0.0,0.0,0.0,0.0,0,82.44
242280000,242280000,0.9999718,-0.0022697407,0.00040110323,-0.0077607776,0.0,0.0,0.0,0.0,0,82.46
242300000,242300000,0.99997205,-0.0021397662,0.00039851424,-0.0077646375,0.0,0.0,0.0,0.0,0,82.48
242320000,242320000,0.9999723,-0.0020101469,0.0003951125,-0.0077687413,0.0,0.0,0.0,0.0,0,82.5
242340000,242340000,0.9999725,-0.0018830827,0.00037848693,-0.0077730273,0.0,0.0,0.0,0.0,0,82.52
242360000,242360000,0.9999727,-0.0017570293,0.00036152426,-0.007777236,0.0,0.0,0.0,0.0,0,82.54
242380000,242380000,0.9999729,-0.0016271684,0.00034515106,-0.0077813505,0.0,0.0,0.0,0.0,0,82.56
242400000,242400000,0.99997306,-0.0014953138,0.00032718116,-0.0077853603,0.0,0.0,0.0,0.0,0,82.58
242420000,242420000,0.99997324,-0.0013597016,0.0003096749,-0.007789319,0.0,0.0,0.0,0.0,0,82.6
242440000,242440000,0.9999734,-0.0012276989,0.00028908567,-0.0077934843,0.0,0.0,0.0,0.0,0,82.62
242460000,242460000,0.99997354,-0.00109832,0.0002605928,-0.007797721,0.0,0.0,0.0,0.0,0,82.64
242480000,242480000,0.9999736,-0.0009695188,0.00023180622,-0.0078018345,0.0,0.0,0.0,0.0,0,82.66
242500000,242500000,0.9999737,-0.00084245653,0.00020407079,-0.0078056594,0.0,0.0,0.0,0.0,0,82.68
242520000,242520000,0.9999738,-0.0007198727,0.00017246073,-0.007809117,0.0,0.0,0.0,0.0,0,82.7
242540000,242540000,0.99997383,-0.0006031611,0.00013025232,-0.00781215,0.0,0.0,0.0,0.0,0,82.72
242560000,242560000,0.9999739,-0.00049012614,8.021297e-05,-0.007814808,0.0,0.0,0.0,0.0,0,82.74
242580000,242580000,0.99997395,-0.0003733541,3.1022668e-05,-0.007817478,0.0,0.0,0.0,0.0,0,82.76
242600000,242600000,0.99997395,-0.00026177446,-1.820705e-05,-0.007820164,0.0,0.0,0.0,0.0,0,82.78
242620000,242620000,0.99997395,-0.0001545862,-7.0677e-05,-0.007822876,0.0,0.0,0.0,0.0,0,82.8
242640000,242640000,0.9999739,-4.9797443e-05,-0.00012460584,-0.007825664,0.0,0.0,0.0,0.0,0,82.82
242660000,242660000,0.9999739,4.9919323e-05,-0.00018401725,-0.007828461,0.0,0.0,0.0,0.0,0,82.84
242680000,242680000,0.99997383,0.00014929805,-0.00025144676,-0.007831269,0.0,0.0,0.0,0.0,0,82.86
242700000,242700000,0.9999738,0.00024982015,-0.00032236328,-0.00783406,0.0,0.0,0.0,0.0,0,82.88
242720000,242720000,0.9999737,0.00034316402,-0.00039587758,-0.007836981,0.0,0.0,0.0,0.0,0,82.9
242740000,242740000,0.9999736,0.0004380158,-0.00047027494,-0.007840164,0.0,0.0,0.0,0.0,0,82.92
242760000,242760000,0.9999735,0.0005376455,-0.0005381124,-0.007843645,0.0,0.0,0.0,0.0,0,82.94
242780000,242780000,0.99997336,0.00063170644,-0.0006162928,-0.007847484,0.0,0.0,0.0,0.0,0,82.96
242800000,242800000,0.99997324,0.00072385406,-0.00069724617,-0.007851521,0.0,0.0,0.0,0.0,0,82.98
242820000,242820000,0.99997306,0.00081722025,-0.0007845774,-0.007855785,0.0,0.0,0.0,0.0,0,83.0
242840000,242840000,0.9999729,0.0009093871,-0.00087426975,-0.007860152,0.0,0.0,0.0,0.0,0,83.02
242860000,242860000,0.9999727,0.0009919629,-0.0009597403,-0.007864493,0.0,0.0,0.0,0.0,0,83.04
242880000,242880000,0.99997246,0.0010680738,-0.0010411503,-0.007868691,0.0,0.0,0.0,0.0,0,83.06
242900000,242900000,0.9999723,0.0011505735,-0.0011264691,-0.007872624,0.0,0.0,0.0,0.0,0,83.08
242920000,242920000,0.99997205,0.0012332817,-0.0012136997,-0.007876498,0.0,0.0,0.0,0.0,0,83.1
242940000,242940000,0.9999718,0.0013161957,-0.0013021664,-0.007880247,0.0,0.0,0.0,0.0,0,83.12
242960000,242960000,0.9999715,0.0013921368,-0.0013923185,-0.00788394,0.0,0.0,0.0,0.0,0,83.14
242980000,242980000,0.9999713,0.001462116,-0.0014822809,-0.007887602,0.0,0.0,0.0,0.0,0,83.16
243000000,243000000,0.99997103,0.001530225,-0.001564352,-0.007891109,0.0,0.0,0.0,0.0,0,83.18
243020000,243020000,0.99997073,0.0015999922,-0.001645247,-0.007894192,0.0,0.0,0.0,0.0,0,83.2
243040000,243040000,0.9999705,0.0016665029,-0.0017324472,-0.007897042,0.0,0.0,0.0,0.0,0,83.22
243060000,243060000,0.9999702,0.0017219769,-0.0018187431,-0.007899916,0.0,0.0,0.0,0.0,0,83.24
243080000,243080000,0.99996996,0.0017744845,-0.0018984519,-0.007902739,0.0,0.0,0.0,0.0,0,83.26
243100000,243100000,0.9999697,0.0018267537,-0.0019655388,-0.007905125,0.0,0.0,0.0,0.0,0,83.28
243120000,243120000,0.9999695,0.0018739951,-0.0020357403,-0.007907457,0.0,0.0,0.0,0.0,0,83.3
243140000,243140000,0.99996924,0.0019128093,-0.0021082596,-0.007909804,0.0,0.0,0.0,0.0,0,83.32
243160000,243160000,0.999969,0.0019479338,-0.0021798958,-0.007911991,0.0,0.0,0.0,0.0,0,83.34
243180000,243180000,0.99996877,0.0019711503,-0.002253136,-0.0079141045,0.0,0.0,0.0,0.0,0,83.36
243200000,243200000,0.9999685,0.0019892196,-0.0023201741,-0.007916011,0.0,0.0,0.0,0.0,0,83.38
243220000,243220000,0.99996835,0.002007405,-0.0023808582,-0.007917779,0.0,0.0,0.0,0.0,0,83.4
243240000,243240000,0.9999682,0.0020203434,-0.0024347105,-0.007919598,0.0,0.0,0.0,0.0,0,83.42
243260000,243260000,0.99996805,0.0020301861,-0.002484291,-0.007921603,0.0,0.0,0.0,0.0,0,83.44
243280000,243280000,0.9999679,0.0020316632,-0.0025292446,-0.007924119,0.0,0.0,0.0,0.0,0,83.46
243300000,243300000,0.9999678,0.0020262273,-0.0025640724,-0.00792688,0.0,0.0,0.0,0.0,0,83.48
243320000,243320000,0.9999677,0.002024408,-0.0025900987,-0.007929803,0.0,0.0,0.0,0.0,0,83.5
243340000,243340000,0.99996763,0.0020235884,-0.0026129244,-0.007932852,0.0,0.0,0.0,0.0,0,83.52
243360000,243360000,0.9999676,0.002014034,-0.0026331006,-0.007935775,0.0,0.0,0.0,0.0,0,83.54
243380000,243380000,0.9999675,0.0020002276,-0.0026454658,-0.007938746,0.0,0.0,0.0,0.0,0,83.56
243400000,243400000,0.9999676,0.0019823986,-0.002643202,-0.007942115,0.0,0.0,0.0,0.0,0,83.58
243420000,243420000,0.9999676,0.0019559178,-0.002638107,-0.007945886,0.0,0.0,0.0,0.0,0,83.6
243440000,243440000,0.9999677,0.0019201457,-0.0026234495,-0.007949926,0.0,0.0,0.0,0.0,0,83.62
243460000,243460000,0.99996775,0.0018826991,-0.0026017155,-0.00795415,0.0,0.0,0.0,0.0,0,83.64
243480000,243480000,0.9999679,0.0018362756,-0.0025710256,-0.007958731,0.0,0.0,0.0,0.0,0,83.66
243500000,243500000,0.99996805,0.0017857722,-0.0025319709,-0.007963372,0.0,0.0,0.0,0.0,0,83.68
243520000,243520000,0.99996823,0.0017262839,-0.002478275,-0.007968302,0.0,0.0,0.0,0.0,0,83.7
243540000,243540000,0.99996847,0.0016537644,-0.0024101003,-0.007973559,0.0,0.0,0.0,0.0,0,83.72
243560000,243560000,0.99996877,0.0015753908,-0.0023393305,-0.007979069,0.0,0.0,0.0,0.0,0,83.74
243580000,243580000,0.99996895,0.0014934252,-0.0022798073,-0.007985147,0.0,0.0,0.0,0.0,0,83.76
243600000,243600000,0.9999692,0.0014098875,-0.0022157307,-0.007991893,0.0,0.0,0.0,0.0,0,83.78
243620000,243620000,0.99996936,0.0013351472,-0.0021397574,-0.007999186,0.0,0.0,0.0,0.0,0,83.8
243640000,243640000,0.9999696,0.0012608272,-0.0020545458,-0.008006649,0.0,0.0,0.0,0.0,0,83.82
243660000,243660000,0.9999698,0.0011882123,-0.0019624813,-0.008014354,0.0,0.0,0.0,0.0,0,83.84
243680000,243680000,0.99997,0.0011144789,-0.0018616822,-0.008022188,0.0,0.0,0.0,0.0,0,83.86
243700000,243700000,0.9999702,0.0010432454,-0.0017559766,-0.00803003,0.0,0.0,0.0,0.0,0,83.88
243720000,243720000,0.99997044,0.0009787811,-0.0016440337,-0.008037956,0.0,0.0,0.0,0.0,0,83.9
243740000,243740000,0.9999706,0.00091862824,-0.0015275917,-0.008045793,0.0,0.0,0.0,0.0,0,83.92
243760000,243760000,0.99997073,0.0008630555,-0.0014174444,-0.008053482,0.0,0.0,0.0,0.0,0,83.94
243780000,243780000,0.99997085,0.00081074395,-0.0013125519,-0.008061133,0.0,0.0,0.0,0.0,0,83.96
243800000,243800000,0.999971,0.0007628809,-0.0012055825,-0.008068889,0.0,0.0,0.0,0.0,0,83.98
243820000,243820000,0.9999711,0.0007211724,-0.0010969741,-0.008076839,0.0,0.0,0.0,0.0,0,84.0
243840000,243840000,0.99997115,0.00068646704,-0.0009867013,-0.008085033,0.0,0.0,0.0,0.0,0,84.02
243860000,243860000,0.9999712,0.00065836124,-0.00087919267,-0.008093286,0.0,0.0,0.0,0.0,0,84.04
243880000,243880000,0.9999712,0.0006349213,-0.0007822406,-0.008101737,0.0,0.0,0.0,0.0,0,84.06
243900000,243900000,0.9999712,0.00061877933,-0.00069653755,-0.008110426,0.0,0.0,0.0,0.0,0,84.08
243920000,243920000,0.9999712,0.00061088067,-0.00060472405,-0.008119338,0.0,0.0,0.0,0.0,0,84.1
243940000,243940000,0.9999712,0.00060729275,-0.00050534646,-0.008128381,0.0,0.0,0.0,0.0,0,84.12
243960000,243960000,0.99997115,0.00059550523,-0.00040865346,-0.008137588,0.0,0.0,0.0,0.0,0,84.14
243980000,243980000,0.99997115,0.0005783115,-0.0003153835,-0.0081471875,0.0,0.0,0.0,0.0,0,84.16
244000000,244000000,0.9999711,0.00056604994,-0.00022333703,-0.008157191,0.0,0.0,0.0,0.0,0,84.18
244020000,244020000,0.99997103,0.0005638695,-0.00012921059,-0.008167574,0.0,0.0,0.0,0.0,0,84.2
244040000,244040000,0.999971,0.00056512293,-4.3503154e-05,-0.0081782155,0.0,0.0,0.0,0.0,0,84.22
244060000,244060000,0.99997085,0.00056994776,4.1098927e-05,-0.008188997,0.0,0.0,0.0,0.0,0,84.24
