# sionna2 mesh — mavic4pro__prop.obj
# group=prop  verts=6120  tris=12192
v 0.137251 0.172635 0.069204
v 0.137607 0.171995 0.076433
v 0.139392 0.174003 0.069256
v 0.139577 0.173254 0.076480
v 0.141783 0.174860 0.069319
v 0.141777 0.174042 0.076539
v 0.144305 0.175163 0.069392
v 0.144097 0.174321 0.076606
v 0.146831 0.174898 0.069470
v 0.144387 0.163817 0.069497
v 0.149235 0.174077 0.069549
v 0.151395 0.172741 0.069625
v 0.153204 0.170958 0.069696
v 0.146421 0.174077 0.076677
v 0.148632 0.173321 0.076750
v 0.150619 0.172092 0.076821
v 0.152283 0.170452 0.076885
v 0.142597 0.170000 0.081409
v 0.140104 0.168776 0.081345
v 0.141281 0.169528 0.081374
v 0.143984 0.170167 0.081448
v 0.145373 0.170021 0.081491
v 0.146695 0.169569 0.081535
v 0.147883 0.168834 0.081577
v 0.144028 0.163926 0.081507
v 0.148878 0.167853 0.081616
v 0.154570 0.168816 0.069756
v 0.155427 0.166424 0.069803
v 0.155729 0.163902 0.069835
v 0.155463 0.161375 0.069850
v 0.154641 0.158970 0.069848
v 0.153306 0.156809 0.069827
v 0.151523 0.154998 0.069791
v 0.153541 0.168482 0.076941
v 0.154328 0.166281 0.076984
v 0.154607 0.163960 0.077014
v 0.154362 0.161636 0.077028
v 0.153606 0.159423 0.077025
v 0.152377 0.157435 0.077007
v 0.150737 0.155769 0.076973
v 0.149629 0.166676 0.081649
v 0.150100 0.165360 0.081675
v 0.150267 0.163973 0.081692
v 0.150120 0.162583 0.081701
v 0.149668 0.161260 0.081699
v 0.148934 0.160071 0.081688
v 0.147953 0.159076 0.081668
v 0.135468 0.170825 0.069167
v 0.135967 0.170330 0.076399
v 0.134133 0.168663 0.069147
v 0.134738 0.168341 0.076381
v 0.133311 0.166259 0.069145
v 0.133982 0.166129 0.076378
v 0.133045 0.163732 0.069160
v 0.133347 0.161209 0.069192
v 0.134204 0.158817 0.069239
v 0.135570 0.156676 0.069299
v 0.133737 0.163804 0.076392
v 0.134015 0.161483 0.076422
v 0.134803 0.159283 0.076465
v 0.136061 0.157313 0.076520
v 0.139123 0.167780 0.081325
v 0.138389 0.166592 0.081314
v 0.137937 0.165269 0.081312
v 0.137790 0.163879 0.081321
v 0.137957 0.162492 0.081338
v 0.138428 0.161176 0.081364
v 0.139179 0.159998 0.081398
v 0.137379 0.154893 0.069369
v 0.139540 0.153557 0.069446
v 0.141943 0.152736 0.069525
v 0.144469 0.152470 0.069603
v 0.146991 0.152773 0.069676
v 0.149382 0.153631 0.069739
v 0.137725 0.155672 0.076585
v 0.139712 0.154443 0.076656
v 0.141923 0.153688 0.076729
v 0.144247 0.153443 0.076800
v 0.146567 0.153722 0.076867
v 0.148767 0.154511 0.076925
v 0.140174 0.159018 0.081436
v 0.141362 0.158283 0.081478
v 0.142684 0.157831 0.081522
v 0.144073 0.157685 0.081565
v 0.145460 0.157852 0.081605
v 0.146776 0.158324 0.081640
v 0.118877 0.146566 0.063851
v 0.112975 0.144256 0.063653
v 0.117957 0.147699 0.063950
v 0.123020 0.151035 0.064485
v 0.118074 0.147514 0.065396
v 0.113202 0.143930 0.065317
v 0.119762 0.145457 0.064428
v 0.114043 0.142945 0.063395
v 0.123761 0.150118 0.064532
v 0.124438 0.149267 0.065118
v 0.120592 0.144412 0.065187
v 0.115112 0.141610 0.063929
v 0.128591 0.153735 0.065375
v 0.128038 0.154422 0.065215
v 0.129059 0.153140 0.065931
v 0.123035 0.150983 0.065663
v 0.127971 0.154480 0.066107
v 0.129478 0.152605 0.066581
v 0.125060 0.148478 0.065842
v 0.123391 0.150515 0.066750
v 0.128165 0.154215 0.066987
v 0.129865 0.152108 0.067280
v 0.118604 0.146824 0.066657
v 0.113898 0.143031 0.066701
v 0.123833 0.149940 0.067753
v 0.128431 0.153864 0.067818
v 0.131034 0.150542 0.071701
v 0.119236 0.146013 0.067797
v 0.114706 0.142000 0.067929
v 0.108588 0.140062 0.063977
v 0.108892 0.139639 0.065655
v 0.109673 0.138732 0.063597
v 0.110794 0.137337 0.064027
v 0.116127 0.140335 0.064682
v 0.104231 0.135831 0.064235
v 0.105332 0.134485 0.063752
v 0.106498 0.133037 0.064095
v 0.104602 0.135326 0.065928
v 0.099887 0.131587 0.064440
v 0.101003 0.130225 0.063866
v 0.102208 0.128729 0.064134
v 0.096770 0.125844 0.064041
v 0.095662 0.127194 0.064681
v 0.100315 0.131011 0.066147
v 0.096131 0.126568 0.066369
v 0.091658 0.122526 0.065014
v 0.092717 0.121237 0.064344
v 0.109667 0.138645 0.066997
v 0.105444 0.134251 0.067235
v 0.110549 0.137524 0.068166
v 0.106389 0.133052 0.068355
v 0.092143 0.121883 0.066621
v 0.101215 0.129864 0.067425
v 0.097066 0.125380 0.067599
v 0.093069 0.120708 0.067765
v 0.124322 0.149310 0.068700
v 0.128735 0.153466 0.068615
v 0.124839 0.148646 0.069608
v 0.119920 0.145139 0.068858
v 0.115570 0.140902 0.069057
v 0.129063 0.153040 0.069388
v 0.125376 0.147960 0.070489
v 0.129407 0.152595 0.070142
v 0.120635 0.144228 0.069866
v 0.111484 0.136340 0.069228
v 0.116467 0.139765 0.070118
v 0.102217 0.128596 0.068505
v 0.087639 0.117879 0.065288
v 0.088132 0.117227 0.066818
v 0.121383 0.143411 0.066041
v 0.125646 0.147732 0.066637
v 0.126208 0.147016 0.067477
v 0.122147 0.142442 0.066955
v 0.117104 0.139106 0.065552
v 0.130231 0.151636 0.068008
v 0.130581 0.151183 0.068755
v 0.122891 0.141497 0.067909
v 0.118052 0.137908 0.066496
v 0.126751 0.146321 0.068346
v 0.111868 0.135991 0.064688
v 0.112908 0.134686 0.065473
v 0.107624 0.131630 0.064677
v 0.108719 0.130258 0.065391
v 0.097988 0.124335 0.064240
v 0.103380 0.127268 0.064650
v 0.104524 0.125838 0.065303
v 0.099177 0.122854 0.064690
v 0.093897 0.119776 0.064479
v 0.095055 0.118336 0.064858
v 0.100341 0.121400 0.065279
v 0.096191 0.116920 0.065372
v 0.113923 0.133409 0.066336
v 0.118980 0.136735 0.067489
v 0.109790 0.128914 0.066187
v 0.114918 0.132155 0.067253
v 0.119891 0.135581 0.068520
v 0.110843 0.127589 0.067039
v 0.115898 0.130918 0.068210
v 0.105646 0.124432 0.066042
v 0.106751 0.123046 0.066839
v 0.101485 0.119969 0.065955
v 0.097309 0.115522 0.065971
v 0.111883 0.126281 0.067933
v 0.102614 0.118555 0.066691
v 0.098414 0.114141 0.066628
v 0.107842 0.121674 0.067681
v 0.103730 0.117155 0.067472
v 0.099507 0.112771 0.067330
v 0.130919 0.150745 0.069516
v 0.127280 0.145643 0.069237
v 0.131242 0.150325 0.070294
v 0.127792 0.144986 0.070154
v 0.121371 0.143292 0.070835
v 0.123620 0.140570 0.068893
v 0.124329 0.139666 0.069913
v 0.125028 0.138773 0.070948
v 0.120782 0.134452 0.069596
v 0.125926 0.147257 0.071347
v 0.129762 0.152135 0.070882
v 0.130133 0.151658 0.071604
v 0.131558 0.149913 0.071079
v 0.131868 0.149508 0.071871
v 0.128295 0.144339 0.071083
v 0.117386 0.138602 0.071130
v 0.122123 0.142338 0.071775
v 0.126493 0.146534 0.072178
v 0.130509 0.151173 0.072318
v 0.130892 0.150681 0.073024
v 0.127067 0.145802 0.072996
v 0.132169 0.149114 0.072671
v 0.118322 0.137419 0.072106
v 0.122893 0.141362 0.072677
v 0.128791 0.143701 0.072021
v 0.129277 0.143074 0.072973
v 0.125720 0.137891 0.071998
v 0.121663 0.133334 0.070691
v 0.126400 0.137021 0.073065
v 0.122535 0.132227 0.071804
v 0.107386 0.131793 0.069360
v 0.112451 0.135119 0.070216
v 0.108413 0.130500 0.070289
v 0.098097 0.124078 0.068625
v 0.094085 0.119428 0.068706
v 0.103269 0.127272 0.069464
v 0.104349 0.125914 0.070342
v 0.099176 0.122721 0.069526
v 0.095144 0.118098 0.069525
v 0.113438 0.133873 0.071154
v 0.109459 0.129184 0.071163
v 0.114441 0.132610 0.072051
v 0.119277 0.136215 0.073035
v 0.110520 0.127852 0.071994
v 0.100281 0.121334 0.070344
v 0.105447 0.124536 0.071162
v 0.101403 0.119927 0.071103
v 0.096227 0.116740 0.070263
v 0.097325 0.115364 0.070943
v 0.106558 0.123141 0.071938
v 0.102538 0.118506 0.071817
v 0.116859 0.129704 0.069214
v 0.112904 0.124994 0.068878
v 0.117810 0.128501 0.070240
v 0.113916 0.123718 0.069846
v 0.108917 0.120323 0.068577
v 0.109983 0.118981 0.069496
v 0.104830 0.115773 0.068308
v 0.100585 0.111419 0.068085
v 0.105923 0.114401 0.069169
v 0.101657 0.110074 0.068864
v 0.114920 0.122451 0.070834
v 0.111041 0.117648 0.070436
v 0.107008 0.113037 0.070051
v 0.118753 0.127307 0.071285
v 0.123395 0.131133 0.072940
v 0.119685 0.126127 0.072355
v 0.115914 0.121195 0.071848
v 0.098435 0.113976 0.071579
v 0.099558 0.112574 0.072160
v 0.102722 0.108737 0.069665
v 0.112090 0.116327 0.071404
v 0.108083 0.111684 0.070961
v 0.103778 0.107410 0.070493
v 0.116901 0.119948 0.072879
v 0.113131 0.115014 0.072389
v 0.109153 0.110337 0.071889
v 0.104829 0.106089 0.071338
v 0.110217 0.108997 0.072831
v 0.105875 0.104774 0.072197
v 0.088650 0.116649 0.064600
v 0.089792 0.115238 0.064683
v 0.084561 0.112090 0.064816
v 0.083595 0.113263 0.065513
v 0.085662 0.110729 0.064857
v 0.080442 0.107568 0.064999
v 0.090915 0.113841 0.065002
v 0.086750 0.109379 0.065126
v 0.081503 0.106258 0.065006
v 0.079521 0.108686 0.065699
v 0.084092 0.112610 0.066970
v 0.089044 0.116072 0.067884
v 0.080016 0.108037 0.067085
v 0.092020 0.112465 0.065452
v 0.087821 0.108046 0.065522
v 0.082553 0.104956 0.065232
v 0.083588 0.103668 0.065581
v 0.076288 0.103091 0.065155
v 0.075410 0.104156 0.065851
v 0.071257 0.099677 0.065974
v 0.075899 0.103514 0.067169
v 0.071739 0.099047 0.067227
v 0.077307 0.101832 0.065134
v 0.078319 0.100578 0.065324
v 0.072093 0.098664 0.065287
v 0.073071 0.097457 0.065243
v 0.074043 0.096253 0.065402
v 0.067854 0.094292 0.065398
v 0.068791 0.093138 0.065336
v 0.067059 0.095256 0.066073
v 0.067530 0.094640 0.067262
v 0.093108 0.111106 0.065985
v 0.094185 0.109761 0.066575
v 0.088877 0.106728 0.065997
v 0.084611 0.102393 0.066007
v 0.089923 0.105422 0.066529
v 0.095251 0.108427 0.067208
v 0.085624 0.101129 0.066487
v 0.096304 0.107108 0.067893
v 0.090960 0.104126 0.067102
v 0.086628 0.099874 0.067007
v 0.091984 0.102844 0.067725
v 0.079317 0.099337 0.065632
v 0.080305 0.098107 0.066014
v 0.075004 0.095059 0.065674
v 0.069723 0.091983 0.065469
v 0.075955 0.093875 0.066019
v 0.070646 0.090837 0.065710
v 0.081283 0.096887 0.066449
v 0.082254 0.095675 0.066922
v 0.087622 0.098632 0.067577
v 0.076898 0.092700 0.066413
v 0.071559 0.089700 0.066020
v 0.077834 0.091533 0.066845
v 0.083215 0.094475 0.067444
v 0.072465 0.088572 0.066378
v 0.078760 0.090375 0.067322
v 0.073365 0.087450 0.066773
v 0.063568 0.089979 0.065491
v 0.064462 0.088877 0.065415
v 0.059702 0.085140 0.065858
v 0.062812 0.090894 0.066150
v 0.063272 0.090295 0.067278
v 0.059078 0.085895 0.066416
v 0.059466 0.085390 0.067347
v 0.065355 0.087772 0.065525
v 0.066238 0.086675 0.065738
v 0.060445 0.084225 0.065783
v 0.061187 0.083307 0.065861
v 0.067114 0.085587 0.066018
v 0.061922 0.082394 0.066026
v 0.067983 0.084505 0.066344
v 0.068845 0.083430 0.066704
v 0.074256 0.086337 0.067211
v 0.062651 0.081488 0.066246
v 0.063375 0.080587 0.066504
v 0.064094 0.079691 0.066791
v 0.055905 0.080214 0.066267
v 0.055434 0.080784 0.066698
v 0.056469 0.079520 0.066201
v 0.057033 0.078822 0.066252
v 0.057593 0.078128 0.066368
v 0.052059 0.075350 0.066648
v 0.052444 0.074876 0.066597
v 0.052830 0.074399 0.066626
v 0.058148 0.077439 0.066527
v 0.053213 0.073925 0.066701
v 0.058698 0.076753 0.066714
v 0.084985 0.111479 0.067965
v 0.090039 0.114819 0.068751
v 0.080887 0.106934 0.068016
v 0.085956 0.110257 0.068766
v 0.091074 0.113520 0.069498
v 0.086964 0.108994 0.069450
v 0.081832 0.105748 0.068757
v 0.082810 0.104523 0.069385
v 0.076747 0.102444 0.068040
v 0.072560 0.098011 0.068043
v 0.068323 0.093640 0.068026
v 0.077662 0.101294 0.068727
v 0.078609 0.100110 0.069305
v 0.073444 0.096901 0.068681
v 0.069176 0.092571 0.068619
v 0.074358 0.095758 0.069213
v 0.092131 0.112197 0.070166
v 0.087992 0.107708 0.070057
v 0.093203 0.110857 0.070778
v 0.083807 0.103276 0.069938
v 0.097351 0.105796 0.068601
v 0.093002 0.101569 0.068372
v 0.070055 0.091472 0.069110
v 0.089033 0.106407 0.070610
v 0.084815 0.102017 0.070439
v 0.094284 0.109506 0.071347
v 0.090083 0.105096 0.071121
v 0.095377 0.108143 0.071863
v 0.085832 0.100749 0.070899
v 0.091144 0.103775 0.071580
v 0.086858 0.099471 0.071309
v 0.087888 0.098189 0.071696
v 0.092208 0.102448 0.072016
v 0.079573 0.098906 0.069811
v 0.080547 0.097690 0.070265
v 0.075287 0.094598 0.069676
v 0.070949 0.090356 0.069534
v 0.076226 0.093427 0.070089
v 0.081529 0.096466 0.070681
v 0.077172 0.092249 0.070465
v 0.071852 0.089231 0.069911
v 0.072761 0.088099 0.070252
v 0.082519 0.095233 0.071048
v 0.083513 0.093997 0.071393
v 0.078126 0.091062 0.070795
v 0.079082 0.089873 0.071103
v 0.073677 0.086960 0.070547
v 0.064035 0.089333 0.067994
v 0.060104 0.084586 0.067930
v 0.064854 0.088306 0.068545
v 0.065698 0.087252 0.068998
v 0.060788 0.083729 0.068376
v 0.061492 0.082850 0.068741
v 0.062207 0.081959 0.069052
v 0.055733 0.080395 0.067400
v 0.051739 0.075737 0.066947
v 0.056221 0.079781 0.067836
v 0.051946 0.075469 0.067423
v 0.052281 0.075047 0.067716
v 0.048162 0.070550 0.067003
v 0.047990 0.070757 0.067166
v 0.048103 0.070611 0.067420
v 0.048283 0.070384 0.067574
v 0.056742 0.079128 0.068166
v 0.052638 0.074599 0.067937
v 0.057278 0.078459 0.068435
v 0.053592 0.073453 0.066804
v 0.064807 0.078802 0.067113
v 0.059246 0.076071 0.066924
v 0.053969 0.072984 0.066926
v 0.059789 0.075395 0.067160
v 0.054344 0.072517 0.067064
v 0.048368 0.070296 0.066973
v 0.048575 0.070041 0.066986
v 0.048780 0.069786 0.067023
v 0.048984 0.069533 0.067076
v 0.049738 0.068584 0.067730
v 0.054716 0.072054 0.067220
v 0.049187 0.069281 0.067139
v 0.049388 0.069030 0.067211
v 0.049588 0.068781 0.067292
v 0.055086 0.071592 0.067385
v 0.049787 0.068533 0.067377
v 0.049986 0.068285 0.067467
v 0.055455 0.071132 0.067557
v 0.050183 0.068039 0.067562
v 0.057823 0.077780 0.068662
v 0.058372 0.077097 0.068861
v 0.053006 0.074141 0.068115
v 0.053378 0.073676 0.068265
v 0.053754 0.073209 0.068396
v 0.054133 0.072738 0.068511
v 0.058924 0.076410 0.069038
v 0.048476 0.070144 0.067690
v 0.048673 0.069897 0.067783
v 0.048873 0.069647 0.067861
v 0.049076 0.069396 0.067929
v 0.049279 0.069144 0.067988
v 0.049483 0.068890 0.068037
v 0.049688 0.068636 0.068082
v 0.050380 0.067794 0.067660
v 0.050576 0.067549 0.067760
v 0.049893 0.068381 0.068123
v 0.050099 0.068126 0.068158
v 0.050305 0.067871 0.068190
v 0.050511 0.067616 0.068220
v 0.054513 0.072266 0.068608
v 0.059480 0.075719 0.069188
v 0.054894 0.071793 0.068697
v 0.055277 0.071318 0.068778
v 0.066556 0.086182 0.069387
v 0.067421 0.085104 0.069730
v 0.068293 0.084019 0.070039
v 0.069171 0.082928 0.070305
v 0.062928 0.081061 0.069325
v 0.063654 0.080158 0.069569
v 0.064385 0.079250 0.069777
v 0.069700 0.082363 0.067107
v 0.088609 0.097396 0.068168
v 0.094015 0.100300 0.069038
v 0.098391 0.104491 0.069331
v 0.099424 0.103195 0.070087
v 0.089592 0.096165 0.068779
v 0.095021 0.099039 0.069731
v 0.090569 0.094942 0.069416
v 0.084170 0.093280 0.067986
v 0.085121 0.092090 0.068547
v 0.079682 0.089224 0.067821
v 0.080600 0.088076 0.068337
v 0.075143 0.085230 0.067669
v 0.086066 0.090907 0.069133
v 0.091541 0.093724 0.070068
v 0.081512 0.086935 0.068877
v 0.076026 0.084126 0.068145
v 0.087007 0.089729 0.069735
v 0.082420 0.085798 0.069432
v 0.076904 0.083028 0.068643
v 0.100452 0.101905 0.070860
v 0.096022 0.097783 0.070441
v 0.097019 0.096532 0.071163
v 0.092509 0.092510 0.070734
v 0.101475 0.100619 0.071647
v 0.102493 0.099339 0.072448
v 0.084510 0.092757 0.071719
v 0.074595 0.085818 0.070823
v 0.080042 0.088680 0.071392
v 0.081004 0.087485 0.071656
v 0.075516 0.084674 0.071080
v 0.076440 0.083527 0.071314
v 0.087944 0.088554 0.070349
v 0.083325 0.084665 0.070000
v 0.077778 0.081935 0.069156
v 0.098012 0.095286 0.071900
v 0.093473 0.091301 0.071413
v 0.099000 0.094045 0.072653
v 0.088878 0.087384 0.070976
v 0.084227 0.083536 0.070579
v 0.078650 0.080844 0.069681
v 0.094433 0.090096 0.072108
v 0.089808 0.086218 0.071618
v 0.085125 0.082411 0.071174
v 0.079518 0.079757 0.070217
v 0.090734 0.085057 0.072273
v 0.086019 0.081289 0.071781
v 0.080383 0.078674 0.070768
v 0.070552 0.081300 0.067529
v 0.071399 0.080242 0.067967
v 0.065517 0.077917 0.067451
v 0.066223 0.077034 0.067803
v 0.072242 0.079189 0.068427
v 0.073081 0.078139 0.068902
v 0.073918 0.077092 0.069387
v 0.066926 0.076156 0.068174
v 0.067626 0.075281 0.068556
v 0.068324 0.074409 0.068947
v 0.060329 0.074720 0.067408
v 0.060868 0.074048 0.067668
v 0.061403 0.073380 0.067941
v 0.055822 0.070674 0.067738
v 0.061937 0.072713 0.068222
v 0.062469 0.072048 0.068511
v 0.056188 0.070217 0.067925
v 0.050771 0.067304 0.067863
v 0.050966 0.067061 0.067970
v 0.050717 0.067360 0.068246
v 0.050924 0.067105 0.068269
v 0.051160 0.066818 0.068079
v 0.051354 0.066576 0.068191
v 0.051130 0.066849 0.068290
v 0.051337 0.066593 0.068307
v 0.056553 0.069761 0.068117
v 0.051541 0.066341 0.068319
v 0.056916 0.069307 0.068315
v 0.057278 0.068854 0.068518
v 0.055660 0.070843 0.068849
v 0.056043 0.070368 0.068913
v 0.056427 0.069892 0.068973
v 0.056812 0.069416 0.069028
v 0.062999 0.071385 0.068807
v 0.057639 0.068403 0.068726
v 0.057999 0.067953 0.068939
v 0.057197 0.068940 0.069076
v 0.057582 0.068463 0.069119
v 0.057967 0.067986 0.069156
v 0.058347 0.067516 0.069183
v 0.063528 0.070724 0.069112
v 0.064054 0.070065 0.069424
v 0.069020 0.073538 0.069348
v 0.065117 0.078340 0.069970
v 0.070051 0.081835 0.070552
v 0.070933 0.080739 0.070781
v 0.071818 0.079641 0.070987
v 0.065852 0.077428 0.070147
v 0.066588 0.076515 0.070306
v 0.077366 0.082378 0.071532
v 0.072704 0.078542 0.071179
v 0.073591 0.077441 0.071359
v 0.078292 0.081228 0.071738
v 0.067326 0.075600 0.070453
v 0.068064 0.074685 0.070590
v 0.068803 0.073768 0.070716
v 0.060038 0.075027 0.069325
v 0.060596 0.074334 0.069451
v 0.061156 0.073639 0.069563
v 0.061717 0.072944 0.069666
v 0.062279 0.072248 0.069761
v 0.062841 0.071552 0.069849
v 0.063404 0.070855 0.069927
v 0.069713 0.072671 0.069760
v 0.064579 0.069409 0.069744
v 0.065086 0.068772 0.070108
v 0.063967 0.070157 0.069998
v 0.064531 0.069459 0.070061
v 0.069543 0.072851 0.070831
v 0.074752 0.076049 0.069884
v 0.075582 0.075009 0.070395
v 0.076410 0.073973 0.070916
v 0.070404 0.071807 0.070182
v 0.081245 0.077595 0.071331
v 0.074480 0.076339 0.071527
v 0.075369 0.075237 0.071680
v 0.070284 0.071933 0.070936
v 0.077235 0.072940 0.071450
v 0.071092 0.070945 0.070613
v 0.076260 0.074133 0.071821
v 0.071026 0.071015 0.071030
v 0.082103 0.076519 0.071906
v 0.078031 0.071941 0.072054
v 0.077152 0.073029 0.071950
v 0.071757 0.070111 0.071104
v 0.131281 0.150181 0.073719
v 0.127648 0.145063 0.073802
v 0.132465 0.148726 0.073476
v 0.131675 0.149675 0.074409
v 0.132757 0.148343 0.074284
v 0.123671 0.140376 0.073561
v 0.132073 0.149165 0.075092
v 0.128237 0.144313 0.074593
v 0.132475 0.148650 0.075770
v 0.129756 0.142456 0.073933
v 0.120240 0.135000 0.073942
v 0.133045 0.147965 0.075097
v 0.133327 0.147594 0.075915
v 0.132881 0.148130 0.076442
v 0.128831 0.143558 0.075374
v 0.130231 0.141843 0.074899
v 0.124457 0.139383 0.074430
v 0.125251 0.138378 0.075278
v 0.121210 0.133778 0.074830
v 0.133605 0.147229 0.076737
v 0.133291 0.147606 0.077108
v 0.129430 0.142797 0.076147
v 0.133704 0.147077 0.077768
v 0.133878 0.146869 0.077563
v 0.130700 0.141237 0.075872
v 0.126051 0.137368 0.076112
v 0.134118 0.146549 0.078406
v 0.130033 0.142032 0.076911
v 0.130640 0.141260 0.077666
v 0.131163 0.140638 0.076853
v 0.127073 0.136160 0.074144
v 0.127741 0.135306 0.075232
v 0.124247 0.130049 0.074090
v 0.122190 0.132544 0.075692
v 0.128402 0.134459 0.076329
v 0.126855 0.136351 0.076936
v 0.123175 0.131304 0.076539
v 0.124165 0.130059 0.077372
v 0.125093 0.128971 0.075251
v 0.129056 0.133621 0.077438
v 0.125933 0.127902 0.076425
v 0.115461 0.131327 0.072898
v 0.116489 0.130035 0.073723
v 0.111596 0.126500 0.072773
v 0.112680 0.125142 0.073528
v 0.117524 0.128735 0.074527
v 0.113770 0.123776 0.074261
v 0.120610 0.124955 0.073440
v 0.107685 0.121730 0.072659
v 0.103687 0.117070 0.072475
v 0.108819 0.120311 0.073355
v 0.104842 0.115626 0.073107
v 0.100685 0.111167 0.072716
v 0.101818 0.109754 0.073250
v 0.109958 0.118886 0.074028
v 0.106002 0.114177 0.073717
v 0.111104 0.117453 0.074671
v 0.107168 0.112721 0.074296
v 0.118567 0.127426 0.075303
v 0.114867 0.122401 0.074965
v 0.115970 0.121021 0.075652
v 0.119615 0.126111 0.076063
v 0.120667 0.124791 0.076809
v 0.131252 0.140484 0.078412
v 0.131620 0.140046 0.077840
v 0.131869 0.139703 0.079150
v 0.132072 0.139461 0.078833
v 0.127665 0.135330 0.077749
v 0.128479 0.134302 0.078549
v 0.132482 0.138925 0.079860
v 0.129298 0.133269 0.079337
v 0.129704 0.132789 0.078555
v 0.125160 0.128808 0.078191
v 0.126160 0.127550 0.078994
v 0.130346 0.131966 0.079681
v 0.130121 0.132231 0.080114
v 0.130939 0.131200 0.080857
v 0.121529 0.123790 0.074537
v 0.117882 0.118708 0.073922
v 0.114168 0.113706 0.073388
v 0.102956 0.108335 0.073754
v 0.104097 0.106912 0.074240
v 0.111276 0.107663 0.073788
v 0.106916 0.103464 0.073071
v 0.115198 0.112405 0.074401
v 0.118857 0.117474 0.074980
v 0.116222 0.111113 0.075432
v 0.122442 0.122632 0.075647
v 0.126765 0.126842 0.077612
v 0.123347 0.121483 0.076773
v 0.117076 0.119636 0.076324
v 0.118186 0.118248 0.076980
v 0.119826 0.116249 0.076053
v 0.124246 0.120341 0.077910
v 0.112254 0.116016 0.075296
v 0.108338 0.111260 0.074856
v 0.109512 0.109796 0.075400
v 0.113408 0.114574 0.075905
v 0.114566 0.113128 0.076498
v 0.105241 0.105486 0.074710
v 0.106388 0.104057 0.075165
v 0.110689 0.108329 0.075928
v 0.120788 0.115030 0.077140
v 0.111869 0.106858 0.076437
v 0.115727 0.111678 0.077072
v 0.112329 0.106337 0.074762
v 0.107951 0.102161 0.073963
v 0.117241 0.109826 0.076476
v 0.113376 0.105016 0.075751
v 0.108982 0.100864 0.074867
v 0.118253 0.108547 0.077535
v 0.107538 0.102625 0.075600
v 0.108691 0.101191 0.076021
v 0.113052 0.105383 0.076930
v 0.114417 0.103703 0.076755
v 0.110007 0.099573 0.075787
v 0.109846 0.099754 0.076424
v 0.115410 0.102446 0.077845
v 0.127591 0.125789 0.078810
v 0.127165 0.126288 0.079783
v 0.128174 0.125021 0.080558
v 0.128409 0.124745 0.080021
v 0.129175 0.123764 0.081295
v 0.121724 0.123466 0.077540
v 0.122786 0.122135 0.078253
v 0.123851 0.120801 0.078952
v 0.119300 0.116854 0.077618
v 0.125139 0.119207 0.079060
v 0.120418 0.115457 0.078242
v 0.121540 0.114055 0.078849
v 0.116892 0.110225 0.077631
v 0.124920 0.119461 0.079636
v 0.125980 0.118135 0.080283
v 0.121744 0.113820 0.078240
v 0.114238 0.103905 0.077406
v 0.118060 0.108767 0.078173
v 0.122650 0.112669 0.079418
v 0.119215 0.107327 0.078677
v 0.110987 0.098335 0.076793
v 0.096474 0.106774 0.072354
v 0.097575 0.105401 0.072823
v 0.093276 0.101118 0.072430
v 0.094349 0.099783 0.072817
v 0.098682 0.104023 0.073264
v 0.088921 0.096903 0.072063
v 0.089958 0.095614 0.072403
v 0.099791 0.102642 0.073687
v 0.095424 0.098446 0.073186
v 0.090997 0.094322 0.072726
v 0.092038 0.093028 0.073035
v 0.100903 0.101258 0.074095
v 0.096501 0.097106 0.073540
v 0.097580 0.095764 0.073880
v 0.102017 0.099871 0.074487
v 0.093081 0.091732 0.073330
v 0.085510 0.091514 0.072018
v 0.086512 0.090269 0.072301
v 0.087516 0.089022 0.072571
v 0.088521 0.087773 0.072827
v 0.081968 0.086288 0.071905
v 0.082934 0.085089 0.072141
v 0.103507 0.098066 0.073266
v 0.099983 0.092809 0.073419
v 0.104515 0.096797 0.074098
v 0.094126 0.090433 0.073608
v 0.098662 0.094419 0.074202
v 0.095173 0.089134 0.073872
v 0.099746 0.093073 0.074510
v 0.095389 0.088896 0.072815
v 0.105519 0.095534 0.074943
v 0.100963 0.091579 0.074200
v 0.096341 0.087701 0.073537
v 0.096221 0.087833 0.074120
v 0.101903 0.090394 0.075063
v 0.079221 0.080077 0.071931
v 0.083901 0.083888 0.072363
v 0.084870 0.082687 0.072569
v 0.089529 0.086523 0.073067
v 0.085840 0.081484 0.072763
v 0.080150 0.078925 0.072109
v 0.081081 0.077771 0.072275
v 0.090537 0.085271 0.073293
v 0.091656 0.083900 0.072941
v 0.086910 0.080172 0.072400
v 0.082012 0.076617 0.072427
v 0.086811 0.080280 0.072943
v 0.092544 0.082783 0.073688
v 0.087768 0.079093 0.073096
v 0.082931 0.075479 0.072554
v 0.091547 0.084018 0.073504
v 0.097256 0.086549 0.074339
v 0.103134 0.098482 0.074861
v 0.104253 0.097090 0.075221
v 0.100831 0.091724 0.074802
v 0.105374 0.095696 0.075564
v 0.106481 0.094321 0.075874
v 0.219127 0.245254 0.070087
v 0.224744 0.247923 0.070057
v 0.220004 0.244181 0.069755
v 0.218248 0.255864 0.072922
v 0.224632 0.257595 0.072512
v 0.225176 0.256931 0.072245
v 0.218962 0.254992 0.072558
v 0.217535 0.256733 0.073295
v 0.224090 0.258257 0.072788
v 0.216843 0.257576 0.073730
v 0.217576 0.256671 0.073716
v 0.223562 0.258900 0.073110
v 0.224119 0.258212 0.073108
v 0.218322 0.255751 0.073683
v 0.224685 0.257513 0.073092
v 0.219067 0.254832 0.073640
v 0.211353 0.254750 0.073800
v 0.212207 0.253708 0.073336
v 0.210523 0.255760 0.074338
v 0.211406 0.254671 0.074306
v 0.207355 0.250092 0.073527
v 0.213064 0.252663 0.072883
v 0.206464 0.251177 0.074030
v 0.202560 0.246403 0.073758
v 0.208248 0.249003 0.073036
v 0.213923 0.251615 0.072442
v 0.219678 0.254118 0.072203
v 0.220396 0.253241 0.071860
v 0.214784 0.250563 0.072015
v 0.209143 0.247911 0.072558
v 0.210041 0.246815 0.072094
v 0.204419 0.244137 0.072707
v 0.212303 0.253565 0.074251
v 0.213200 0.252459 0.074183
v 0.214096 0.251354 0.074103
v 0.219812 0.253913 0.073586
v 0.214993 0.250250 0.074009
v 0.203488 0.245272 0.073226
v 0.230345 0.260142 0.072566
v 0.237385 0.261068 0.071976
v 0.230707 0.259701 0.072351
v 0.231078 0.259248 0.072168
v 0.231451 0.258793 0.071990
v 0.231824 0.258337 0.071817
v 0.225721 0.256265 0.071984
v 0.226268 0.255597 0.071732
v 0.221115 0.252362 0.071527
v 0.227365 0.254256 0.071250
v 0.221837 0.251480 0.071204
v 0.226816 0.254927 0.071487
v 0.232198 0.257879 0.071650
v 0.232950 0.256960 0.071332
v 0.238591 0.259594 0.071444
v 0.238793 0.259347 0.071366
v 0.233326 0.256499 0.071181
v 0.238997 0.259098 0.071293
v 0.233705 0.256036 0.071040
v 0.227915 0.253582 0.071022
v 0.228468 0.252906 0.070808
v 0.234084 0.255572 0.070906
v 0.222560 0.250596 0.070892
v 0.223286 0.249708 0.070599
v 0.229022 0.252228 0.070604
v 0.224014 0.248817 0.070320
v 0.229578 0.251547 0.070413
v 0.237986 0.260334 0.071697
v 0.238187 0.260088 0.071610
v 0.232574 0.257420 0.071488
v 0.237585 0.260824 0.071880
v 0.237785 0.260579 0.071787
v 0.237191 0.261305 0.072089
v 0.230725 0.259672 0.072570
v 0.237395 0.261053 0.072093
v 0.231112 0.259195 0.072564
v 0.231499 0.258718 0.072553
v 0.237602 0.260797 0.072093
v 0.237810 0.260541 0.072090
v 0.231886 0.258241 0.072537
v 0.232272 0.257764 0.072514
v 0.238017 0.260285 0.072083
v 0.238389 0.259842 0.071526
v 0.239024 0.259053 0.071649
v 0.238224 0.260029 0.072074
v 0.232659 0.257287 0.072486
v 0.233045 0.256811 0.072453
v 0.238432 0.259774 0.072062
v 0.238639 0.259518 0.072046
v 0.233432 0.256335 0.072414
v 0.216514 0.248451 0.071195
v 0.217382 0.247390 0.070805
v 0.215648 0.249508 0.071599
v 0.210942 0.245715 0.071642
v 0.206290 0.241855 0.071711
v 0.211845 0.244613 0.071202
v 0.212750 0.243507 0.070777
v 0.207229 0.240708 0.071232
v 0.218253 0.246324 0.070437
v 0.213659 0.242395 0.070375
v 0.208171 0.239558 0.070768
v 0.214571 0.241280 0.069991
v 0.209117 0.238402 0.070328
v 0.210067 0.237242 0.069907
v 0.215486 0.240160 0.069627
v 0.225251 0.256815 0.073067
v 0.225817 0.256117 0.073036
v 0.226383 0.255420 0.072994
v 0.220557 0.252995 0.073520
v 0.221302 0.252078 0.073444
v 0.226949 0.254722 0.072946
v 0.222047 0.251161 0.073359
v 0.227514 0.254026 0.072889
v 0.228080 0.253329 0.072823
v 0.228645 0.252634 0.072743
v 0.233818 0.255860 0.072364
v 0.222791 0.250245 0.073261
v 0.229209 0.251940 0.072652
v 0.224276 0.248418 0.073012
v 0.223534 0.249331 0.073144
v 0.205353 0.242997 0.072203
v 0.215889 0.249147 0.073902
v 0.216784 0.248045 0.073783
v 0.211212 0.245315 0.074046
v 0.210275 0.246468 0.074175
v 0.212148 0.244163 0.073904
v 0.213084 0.243012 0.073747
v 0.207570 0.240210 0.074046
v 0.219465 0.244747 0.073321
v 0.217679 0.246944 0.073650
v 0.218573 0.245844 0.073494
v 0.214018 0.241864 0.073566
v 0.208546 0.239010 0.073861
v 0.214950 0.240718 0.073367
v 0.210492 0.236619 0.073422
v 0.209520 0.237813 0.073651
v 0.197822 0.242643 0.074036
v 0.199750 0.240294 0.072895
v 0.200719 0.239113 0.072346
v 0.198785 0.241471 0.073459
v 0.194136 0.237599 0.073743
v 0.195135 0.236383 0.073128
v 0.196138 0.235162 0.072530
v 0.190573 0.232405 0.073416
v 0.191608 0.231146 0.072763
v 0.189543 0.233659 0.074086
v 0.186065 0.228360 0.073770
v 0.201691 0.237928 0.071810
v 0.202665 0.236739 0.071288
v 0.198152 0.232708 0.071375
v 0.203643 0.235546 0.070781
v 0.197143 0.233937 0.071946
v 0.204625 0.234347 0.070299
v 0.205611 0.233143 0.069836
v 0.199164 0.231474 0.070820
v 0.200181 0.230233 0.070291
v 0.201201 0.228986 0.069782
v 0.194731 0.227342 0.070890
v 0.195781 0.226062 0.070308
v 0.191425 0.221837 0.070355
v 0.196836 0.224775 0.069747
v 0.193686 0.228615 0.071498
v 0.189268 0.224464 0.071666
v 0.190343 0.223155 0.070997
v 0.184895 0.220255 0.071888
v 0.185998 0.218913 0.071149
v 0.187108 0.217562 0.070438
v 0.204064 0.234937 0.073995
v 0.205077 0.233693 0.073752
v 0.206089 0.232451 0.073489
v 0.200690 0.229504 0.073870
v 0.192645 0.229883 0.072124
v 0.188197 0.225767 0.072353
v 0.183796 0.221590 0.072645
v 0.187129 0.227066 0.073054
v 0.182701 0.222920 0.073416
v 0.231260 0.249482 0.069995
v 0.235615 0.253693 0.070511
v 0.236001 0.253217 0.070468
v 0.225478 0.247022 0.069830
v 0.230136 0.250862 0.070249
v 0.230697 0.250173 0.070107
v 0.231825 0.248786 0.069924
v 0.226216 0.246117 0.069631
v 0.226956 0.245208 0.069472
v 0.236387 0.252740 0.070471
v 0.232390 0.248088 0.069920
v 0.236768 0.252267 0.070553
v 0.227700 0.244292 0.069368
v 0.228445 0.243373 0.069351
v 0.232949 0.247395 0.070032
v 0.229181 0.242460 0.069487
v 0.233394 0.246833 0.070501
v 0.229771 0.241715 0.070095
v 0.220887 0.243099 0.069466
v 0.221773 0.242013 0.069213
v 0.216408 0.239032 0.069307
v 0.211019 0.236077 0.069506
v 0.217333 0.237897 0.069024
v 0.222663 0.240919 0.069005
v 0.211978 0.234902 0.069152
v 0.223557 0.239819 0.068865
v 0.224453 0.238713 0.068829
v 0.218263 0.236756 0.068790
v 0.213911 0.232532 0.068571
v 0.219197 0.235606 0.068625
v 0.220135 0.234450 0.068569
v 0.214886 0.231333 0.068378
v 0.212942 0.233721 0.068836
v 0.225341 0.237613 0.068978
v 0.221066 0.233297 0.068708
v 0.215866 0.230126 0.068299
v 0.216839 0.228922 0.068423
v 0.221819 0.232346 0.069446
v 0.226056 0.236711 0.069698
v 0.229328 0.242237 0.070991
v 0.225530 0.237330 0.070785
v 0.217632 0.227921 0.069177
v 0.221278 0.232983 0.070594
v 0.206600 0.231934 0.069395
v 0.207597 0.230714 0.069003
v 0.202226 0.227735 0.069296
v 0.203259 0.226471 0.068859
v 0.208599 0.229487 0.068650
v 0.209606 0.228251 0.068349
v 0.210621 0.227005 0.068124
v 0.204298 0.225199 0.068463
v 0.205344 0.223918 0.068122
v 0.197895 0.223483 0.069209
v 0.198963 0.222177 0.068722
v 0.193602 0.219183 0.069137
v 0.192511 0.220513 0.069734
v 0.188223 0.216204 0.069748
v 0.189344 0.214839 0.069084
v 0.200038 0.220863 0.068278
v 0.201120 0.219537 0.067890
v 0.195812 0.216482 0.068093
v 0.196930 0.215114 0.067651
v 0.194703 0.217838 0.068593
v 0.191618 0.212064 0.067908
v 0.190477 0.213457 0.068473
v 0.202212 0.218198 0.067583
v 0.207458 0.221318 0.067720
v 0.203313 0.216843 0.067405
v 0.198059 0.213731 0.067292
v 0.193932 0.209232 0.066983
v 0.199199 0.212330 0.067066
v 0.192769 0.210657 0.067403
v 0.208517 0.220009 0.067800
v 0.204414 0.215483 0.067454
v 0.200342 0.210918 0.067077
v 0.205335 0.214323 0.068229
v 0.195110 0.207786 0.066701
v 0.196296 0.206323 0.066663
v 0.201310 0.209701 0.067847
v 0.211641 0.225748 0.068017
v 0.212657 0.224491 0.068122
v 0.206398 0.222624 0.067860
v 0.217077 0.228573 0.070388
v 0.213492 0.223439 0.068888
v 0.209394 0.218905 0.068574
v 0.212924 0.224104 0.070163
v 0.208818 0.219579 0.069916
v 0.204754 0.215002 0.069641
v 0.200727 0.210380 0.069332
v 0.196733 0.205719 0.068981
v 0.199754 0.211554 0.070321
v 0.234846 0.254637 0.070674
v 0.239610 0.258346 0.071105
v 0.239816 0.258093 0.071058
v 0.234464 0.255106 0.070781
v 0.235230 0.254166 0.070583
v 0.239200 0.258848 0.071224
v 0.239404 0.258598 0.071159
v 0.240022 0.257839 0.071023
v 0.240229 0.257584 0.071002
v 0.240436 0.257328 0.071006
v 0.240641 0.257075 0.071053
v 0.240802 0.256871 0.071229
v 0.240674 0.257021 0.071473
v 0.236835 0.252163 0.071336
v 0.240485 0.257251 0.071613
v 0.238847 0.259263 0.072028
v 0.239054 0.259008 0.072004
v 0.239674 0.258245 0.071901
v 0.239879 0.257993 0.071851
v 0.240084 0.257742 0.071789
v 0.239261 0.258753 0.071976
v 0.239467 0.258498 0.071944
v 0.234973 0.254439 0.072158
v 0.234204 0.255385 0.072307
v 0.234589 0.254911 0.072242
v 0.229772 0.251247 0.072548
v 0.230334 0.250557 0.072417
v 0.240286 0.257494 0.071713
v 0.235356 0.253969 0.072058
v 0.235737 0.253502 0.071939
v 0.236114 0.253041 0.071791
v 0.236484 0.252589 0.071601
v 0.232001 0.248515 0.071858
v 0.230894 0.249871 0.072264
v 0.231450 0.249189 0.072082
v 0.226492 0.245697 0.072467
v 0.227224 0.244801 0.072216
v 0.237070 0.251885 0.070878
v 0.233053 0.247234 0.071177
v 0.232541 0.247856 0.071571
v 0.228656 0.243052 0.071521
v 0.227947 0.243916 0.071910
v 0.223007 0.240403 0.072301
v 0.223876 0.239340 0.071919
v 0.224726 0.238304 0.071436
v 0.220441 0.233997 0.071291
v 0.219555 0.235076 0.071813
v 0.218649 0.236183 0.072230
v 0.215288 0.230745 0.071698
v 0.225018 0.247507 0.072864
v 0.225756 0.246600 0.072680
v 0.221244 0.242563 0.072891
v 0.220357 0.243652 0.073127
v 0.222128 0.241478 0.072619
v 0.215882 0.239574 0.073147
v 0.216809 0.238437 0.072882
v 0.217732 0.237305 0.072580
v 0.212429 0.234242 0.072875
v 0.211463 0.235427 0.073172
v 0.214345 0.231897 0.072154
v 0.213391 0.233064 0.072539
v 0.216209 0.229624 0.071134
v 0.211073 0.226351 0.071573
v 0.210094 0.227545 0.072072
v 0.208103 0.229981 0.072870
v 0.203830 0.225655 0.072868
v 0.207099 0.231212 0.073204
v 0.202788 0.226931 0.073243
v 0.201740 0.228216 0.073568
v 0.209103 0.228758 0.072497
v 0.204866 0.224388 0.072451
v 0.205893 0.223132 0.071981
v 0.197444 0.223916 0.073661
v 0.196356 0.225249 0.074008
v 0.198529 0.222586 0.073290
v 0.194320 0.218179 0.073345
v 0.193199 0.219551 0.073770
v 0.201740 0.218661 0.071879
v 0.200678 0.219957 0.072401
v 0.199607 0.221267 0.072867
v 0.196538 0.215469 0.072344
v 0.195433 0.216819 0.072866
v 0.192442 0.210926 0.072278
v 0.191305 0.212313 0.072867
v 0.190160 0.213712 0.073410
v 0.189005 0.215123 0.073898
v 0.212027 0.225190 0.070962
v 0.207893 0.220697 0.070773
v 0.206906 0.221897 0.071435
v 0.202786 0.217386 0.071280
v 0.203803 0.216150 0.070560
v 0.198709 0.212822 0.071104
v 0.197632 0.214134 0.071764
v 0.194671 0.208211 0.070902
v 0.193566 0.209556 0.071631
v 0.195741 0.206914 0.070046
v 0.181694 0.214619 0.071356
v 0.179445 0.217350 0.073014
v 0.178327 0.218706 0.073866
v 0.180567 0.215988 0.072176
v 0.176539 0.211351 0.072464
v 0.177643 0.210013 0.071584
v 0.175441 0.212681 0.073361
v 0.171647 0.207754 0.073714
v 0.172693 0.206489 0.072767
v 0.186278 0.209043 0.068366
v 0.187447 0.207616 0.067724
v 0.182137 0.204553 0.068349
v 0.185117 0.210456 0.069054
v 0.180998 0.205939 0.069099
v 0.176947 0.201335 0.069193
v 0.178037 0.200012 0.068386
v 0.172920 0.196702 0.069314
v 0.188629 0.206173 0.067144
v 0.189825 0.204710 0.066652
v 0.184450 0.201735 0.066999
v 0.186830 0.198824 0.066023
v 0.191039 0.203222 0.066301
v 0.192265 0.201710 0.066202
v 0.181390 0.195931 0.066295
v 0.182548 0.194514 0.065806
v 0.185630 0.200294 0.066442
v 0.180255 0.197314 0.066917
v 0.177150 0.191568 0.066131
v 0.178261 0.190211 0.065561
v 0.172897 0.187222 0.065950
v 0.176066 0.192887 0.066829
v 0.171871 0.188467 0.066738
v 0.167568 0.184169 0.067049
v 0.183287 0.203153 0.067644
v 0.179139 0.198673 0.067623
v 0.175002 0.194178 0.067607
v 0.173955 0.195449 0.068440
v 0.169883 0.190871 0.068517
v 0.170868 0.189680 0.067602
v 0.168913 0.192043 0.069470
v 0.165952 0.186116 0.068789
v 0.166751 0.185154 0.067898
v 0.168408 0.183153 0.066262
v 0.163274 0.179857 0.067468
v 0.163906 0.179097 0.066723
v 0.162663 0.180588 0.068260
v 0.159021 0.175491 0.067938
v 0.162070 0.181298 0.069082
v 0.158613 0.175976 0.068634
v 0.158220 0.176442 0.069350
v 0.182829 0.213239 0.070566
v 0.183970 0.211852 0.069797
v 0.179873 0.207306 0.069904
v 0.178755 0.208663 0.070733
v 0.174805 0.203932 0.070934
v 0.173744 0.205216 0.071837
v 0.175872 0.202638 0.070052
v 0.171901 0.197934 0.070237
v 0.167960 0.193191 0.070470
v 0.170891 0.199155 0.071182
v 0.167016 0.194328 0.071491
v 0.186048 0.209184 0.073485
v 0.187222 0.207751 0.072866
v 0.183180 0.203143 0.072768
v 0.182025 0.204550 0.073451
v 0.169888 0.200367 0.072148
v 0.168895 0.201566 0.073138
v 0.165154 0.196569 0.073592
v 0.166080 0.195455 0.072529
v 0.163638 0.188893 0.071645
v 0.162886 0.189794 0.072635
v 0.187624 0.197750 0.069388
v 0.191758 0.202238 0.069727
v 0.190668 0.203558 0.070666
v 0.186560 0.199036 0.070383
v 0.189538 0.204930 0.071476
v 0.185454 0.200377 0.071253
v 0.181348 0.195852 0.070986
v 0.184324 0.201750 0.072040
v 0.182402 0.194576 0.070065
v 0.165166 0.187060 0.069710
v 0.164398 0.187982 0.070669
v 0.178259 0.190099 0.069710
v 0.177263 0.191302 0.070691
v 0.180268 0.197162 0.071828
v 0.173192 0.186735 0.070360
v 0.176239 0.192540 0.071599
v 0.172234 0.187891 0.071345
v 0.188387 0.206332 0.072201
v 0.179172 0.198493 0.072614
v 0.178065 0.199840 0.073356
v 0.175198 0.193802 0.072452
v 0.174144 0.195081 0.073265
v 0.171256 0.189072 0.072279
v 0.170264 0.190271 0.073176
v 0.166487 0.185346 0.072708
v 0.169257 0.191492 0.074024
v 0.168086 0.183421 0.070926
v 0.167293 0.184375 0.071833
v 0.162144 0.190682 0.073644
v 0.161489 0.181992 0.069928
v 0.160924 0.182665 0.070801
v 0.157837 0.176894 0.070082
v 0.157592 0.177137 0.072252
v 0.159449 0.174982 0.067272
v 0.168859 0.182493 0.069979
v 0.163901 0.178997 0.070498
v 0.157469 0.177328 0.070831
v 0.160366 0.183329 0.071686
v 0.159816 0.183984 0.072581
v 0.157107 0.177754 0.071589
v 0.159274 0.184627 0.073491
v 0.156750 0.178173 0.072353
v 0.156402 0.178581 0.073126
v 0.163314 0.179699 0.071333
v 0.162714 0.180418 0.072144
v 0.159309 0.175057 0.070831
v 0.159696 0.174598 0.070106
v 0.158909 0.175530 0.071540
v 0.158497 0.176020 0.072230
v 0.165665 0.186337 0.073544
v 0.162099 0.181155 0.072926
v 0.161477 0.181901 0.073695
v 0.158079 0.176517 0.072910
v 0.157655 0.177021 0.073583
v 0.205600 0.252229 0.074609
v 0.206523 0.251090 0.074558
v 0.200736 0.248623 0.074926
v 0.201701 0.247434 0.074853
v 0.207462 0.249933 0.074482
v 0.201634 0.247531 0.074303
v 0.202680 0.246227 0.074753
v 0.208400 0.248777 0.074393
v 0.209338 0.247622 0.074292
v 0.203659 0.245021 0.074639
v 0.204638 0.243817 0.074513
v 0.205616 0.242613 0.074370
v 0.206593 0.241411 0.074215
v 0.195932 0.244941 0.075299
v 0.196862 0.243812 0.074627
v 0.193141 0.238811 0.074370
v 0.192148 0.240019 0.075012
v 0.196937 0.243704 0.075198
v 0.197957 0.242447 0.075070
v 0.198977 0.241192 0.074927
v 0.191188 0.241185 0.075737
v 0.192232 0.239898 0.075604
v 0.193293 0.238593 0.075441
v 0.199996 0.239938 0.074771
v 0.201014 0.238686 0.074598
v 0.194353 0.237290 0.075264
v 0.195412 0.235987 0.075073
v 0.196470 0.234687 0.074865
v 0.188516 0.234908 0.074770
v 0.186504 0.237351 0.076252
v 0.187493 0.236152 0.075468
v 0.183950 0.230930 0.075249
v 0.188688 0.234664 0.075878
v 0.182898 0.232208 0.076010
v 0.185005 0.229648 0.074502
v 0.180525 0.225563 0.075007
v 0.181611 0.224245 0.074203
v 0.189788 0.233313 0.075659
v 0.190886 0.231964 0.075427
v 0.191983 0.230616 0.075177
v 0.186419 0.227865 0.075843
v 0.179443 0.226876 0.075825
v 0.187588 0.236017 0.076080
v 0.181883 0.233438 0.076860
v 0.183005 0.232057 0.076642
v 0.184144 0.230658 0.076391
v 0.178366 0.228183 0.076658
v 0.177328 0.229439 0.077581
v 0.178488 0.228014 0.077307
v 0.179665 0.226570 0.076999
v 0.185282 0.229261 0.076124
v 0.180839 0.225129 0.076674
v 0.182012 0.223690 0.076334
v 0.202032 0.237435 0.074412
v 0.203048 0.236185 0.074211
v 0.197527 0.233388 0.074642
v 0.198583 0.232091 0.074405
v 0.199638 0.230796 0.074151
v 0.193079 0.229271 0.074911
v 0.194173 0.227927 0.074631
v 0.187554 0.226473 0.075543
v 0.188687 0.225082 0.075227
v 0.189819 0.223694 0.074897
v 0.184353 0.220820 0.075600
v 0.195266 0.226586 0.074334
v 0.192075 0.220928 0.074170
v 0.190949 0.222308 0.074548
v 0.185521 0.219389 0.075209
v 0.186686 0.217962 0.074799
v 0.183184 0.222254 0.075975
v 0.187847 0.216540 0.074360
v 0.176106 0.221400 0.075620
v 0.177214 0.220057 0.074734
v 0.172847 0.225345 0.078442
v 0.173903 0.224069 0.077436
v 0.175002 0.222738 0.076520
v 0.175255 0.222393 0.077723
v 0.170025 0.219237 0.078074
v 0.171098 0.217940 0.077100
v 0.172176 0.216635 0.076143
v 0.176464 0.220910 0.077328
v 0.177672 0.219430 0.076917
v 0.167515 0.212747 0.077646
v 0.174348 0.214006 0.074272
v 0.173259 0.215324 0.075199
v 0.169569 0.210265 0.075650
v 0.170605 0.209013 0.074675
v 0.181281 0.215011 0.075578
v 0.182479 0.213545 0.075096
v 0.167907 0.202757 0.074144
v 0.166925 0.203941 0.075163
v 0.163322 0.198771 0.075758
v 0.178877 0.217954 0.076487
v 0.180080 0.216481 0.076041
v 0.168540 0.211509 0.076641
v 0.173765 0.214640 0.077342
v 0.174955 0.213185 0.076846
v 0.172572 0.216100 0.077820
v 0.171266 0.208129 0.077137
v 0.170120 0.209528 0.077701
v 0.176142 0.211733 0.076333
v 0.177327 0.210285 0.075804
v 0.173550 0.205341 0.075963
v 0.172410 0.206733 0.076557
v 0.164978 0.206287 0.077244
v 0.165949 0.205118 0.076196
v 0.164014 0.207449 0.078305
v 0.162414 0.199861 0.076859
v 0.167649 0.202982 0.077500
v 0.168744 0.201649 0.076843
v 0.161514 0.200942 0.077975
v 0.174043 0.223878 0.078100
v 0.168997 0.220477 0.079134
v 0.170179 0.219029 0.078726
v 0.165522 0.215148 0.079766
v 0.171377 0.217563 0.078281
v 0.166495 0.213977 0.078665
v 0.166663 0.213753 0.079289
v 0.167818 0.212341 0.078776
v 0.163055 0.208603 0.079379
v 0.162143 0.209697 0.080529
v 0.163238 0.208360 0.079972
v 0.158890 0.204085 0.081452
v 0.168970 0.210933 0.078246
v 0.166552 0.204319 0.078143
v 0.165450 0.205662 0.078767
v 0.160618 0.202016 0.079103
v 0.164346 0.207009 0.079377
v 0.159730 0.203082 0.080243
v 0.164121 0.197723 0.077949
v 0.159233 0.194161 0.077788
v 0.163080 0.198989 0.078685
v 0.158520 0.195012 0.078849
v 0.162034 0.200260 0.079403
v 0.159743 0.193500 0.078944
v 0.160985 0.201535 0.080109
v 0.159932 0.202816 0.080799
v 0.157151 0.196642 0.081044
v 0.158011 0.195598 0.080370
v 0.157813 0.195855 0.079920
v 0.158879 0.194546 0.079663
v 0.183673 0.212086 0.074583
v 0.184862 0.210632 0.074048
v 0.178509 0.208841 0.075256
v 0.179686 0.207404 0.074678
v 0.174687 0.203954 0.075350
v 0.175818 0.202576 0.074708
v 0.180858 0.205974 0.074077
v 0.176944 0.201204 0.074044
v 0.164235 0.197674 0.074669
v 0.161408 0.191563 0.074665
v 0.173076 0.196379 0.074027
v 0.172001 0.197685 0.074765
v 0.170921 0.198998 0.075482
v 0.168242 0.192722 0.074850
v 0.167221 0.193960 0.075656
v 0.169835 0.200321 0.076171
v 0.160677 0.192436 0.075696
v 0.159952 0.193303 0.076736
v 0.165159 0.196464 0.077199
v 0.166192 0.195209 0.076436
v 0.162310 0.190392 0.076713
v 0.164001 0.188347 0.075165
v 0.163158 0.189366 0.075945
v 0.164836 0.187338 0.074363
v 0.158739 0.185263 0.074409
v 0.158208 0.185893 0.075333
v 0.157162 0.187132 0.077206
v 0.157682 0.186516 0.076266
v 0.161458 0.191422 0.077469
v 0.159576 0.184188 0.075922
v 0.158933 0.184962 0.076644
v 0.155054 0.180159 0.076268
v 0.156058 0.178984 0.073905
v 0.160850 0.182655 0.074451
v 0.160215 0.183418 0.075192
v 0.155719 0.179381 0.074688
v 0.155384 0.179773 0.075475
v 0.157225 0.177534 0.074245
v 0.156791 0.178052 0.074900
v 0.155912 0.179101 0.076193
v 0.155467 0.179633 0.076830
v 0.156353 0.178574 0.075550
v 0.154728 0.180539 0.077065
v 0.155019 0.180169 0.077460
v 0.154406 0.180914 0.077866
v 0.154567 0.180710 0.078084
v 0.158286 0.185741 0.077357
v 0.157634 0.186525 0.078060
v 0.154116 0.181249 0.078688
v 0.160603 0.192458 0.078213
v 0.156647 0.187742 0.078153
v 0.156137 0.188345 0.079107
v 0.156979 0.187315 0.078754
v 0.156320 0.188109 0.079439
v 0.155666 0.188899 0.080097
v 0.197312 0.205048 0.067418
v 0.188048 0.197324 0.065854
v 0.183731 0.193060 0.065560
v 0.189127 0.195973 0.066518
v 0.184800 0.191724 0.066132
v 0.193332 0.200372 0.066931
v 0.192764 0.201029 0.068577
v 0.188599 0.196580 0.068186
v 0.179405 0.188809 0.065223
v 0.180465 0.187487 0.065691
v 0.173954 0.185935 0.065283
v 0.169281 0.182095 0.065574
v 0.175053 0.184591 0.064838
v 0.170198 0.180976 0.065070
v 0.176102 0.183285 0.065183
v 0.184330 0.192259 0.067790
v 0.180061 0.187939 0.067341
v 0.171110 0.179845 0.065244
v 0.175777 0.183641 0.066824
v 0.183412 0.193358 0.069025
v 0.179208 0.188957 0.068616
v 0.170906 0.180057 0.066677
v 0.174999 0.184565 0.068148
v 0.174121 0.185617 0.069306
v 0.170302 0.180769 0.067892
v 0.164570 0.178296 0.066052
v 0.165280 0.177434 0.065523
v 0.166022 0.176517 0.065537
v 0.165936 0.176590 0.066711
v 0.159906 0.174435 0.066658
v 0.160407 0.173831 0.066142
v 0.160968 0.173141 0.066028
v 0.160981 0.173100 0.066924
v 0.165517 0.177078 0.067766
v 0.160735 0.173380 0.067785
v 0.169605 0.181600 0.068977
v 0.165016 0.177671 0.068730
v 0.160420 0.173746 0.068593
v 0.164471 0.178317 0.069635
v 0.160069 0.174158 0.069363
v -0.151215 0.152856 0.060772
v -0.151195 0.153799 0.067976
v -0.153579 0.153785 0.060693
v -0.153370 0.154653 0.067904
v -0.155677 0.155216 0.060617
v -0.155300 0.155970 0.067834
v -0.157404 0.157079 0.060549
v -0.156889 0.157683 0.067771
v -0.158673 0.159279 0.060491
v -0.148276 0.163817 0.060760
v -0.159421 0.161707 0.060446
v -0.159610 0.164241 0.060417
v -0.159231 0.166754 0.060406
v -0.158057 0.159708 0.067718
v -0.158745 0.161941 0.067677
v -0.158919 0.164273 0.067650
v -0.158570 0.166584 0.067640
v -0.152705 0.159196 0.072690
v -0.150251 0.157898 0.072775
v -0.151551 0.158408 0.072732
v -0.153655 0.160220 0.072653
v -0.154353 0.161430 0.072621
v -0.154764 0.162766 0.072596
v -0.154868 0.164159 0.072581
v -0.148635 0.163926 0.072769
v -0.154660 0.165541 0.072574
v -0.158303 0.169119 0.060412
v -0.156871 0.171218 0.060436
v -0.155009 0.172947 0.060476
v -0.152809 0.174217 0.060530
v -0.150382 0.174966 0.060595
v -0.147849 0.175156 0.060669
v -0.145337 0.174777 0.060748
v -0.157716 0.168760 0.067645
v -0.156399 0.170692 0.067667
v -0.154685 0.172282 0.067704
v -0.152661 0.173451 0.067754
v -0.150428 0.174140 0.067814
v -0.148098 0.174314 0.067882
v -0.145788 0.173966 0.067954
v -0.154149 0.166842 0.072578
v -0.153362 0.167997 0.072591
v -0.152338 0.168947 0.072613
v -0.151128 0.169646 0.072642
v -0.149793 0.170058 0.072679
v -0.148400 0.170162 0.072719
v -0.147018 0.169954 0.072762
v -0.148703 0.152478 0.060850
v -0.148884 0.153450 0.068048
v -0.146170 0.152668 0.060924
v -0.146554 0.153625 0.068116
v -0.143743 0.153416 0.060990
v -0.144321 0.154314 0.068177
v -0.141543 0.154687 0.061044
v -0.139681 0.156415 0.061084
v -0.138249 0.158515 0.061107
v -0.137321 0.160880 0.061114
v -0.142297 0.155483 0.068227
v -0.140583 0.157073 0.068263
v -0.139267 0.159004 0.068285
v -0.138412 0.161180 0.068291
v -0.148869 0.157689 0.072819
v -0.147476 0.157794 0.072859
v -0.146141 0.158206 0.072895
v -0.144931 0.158905 0.072925
v -0.143907 0.159855 0.072947
v -0.143120 0.161010 0.072960
v -0.142609 0.162311 0.072963
v -0.136942 0.163392 0.061102
v -0.137131 0.165926 0.061073
v -0.137879 0.168354 0.061029
v -0.139148 0.170555 0.060971
v -0.140875 0.172417 0.060902
v -0.142973 0.173849 0.060827
v -0.138063 0.163492 0.068280
v -0.138237 0.165823 0.068254
v -0.138926 0.168057 0.068213
v -0.140093 0.170081 0.068160
v -0.141682 0.171795 0.068097
v -0.143613 0.173112 0.068027
v -0.142401 0.163693 0.072957
v -0.142505 0.165086 0.072941
v -0.142916 0.166422 0.072917
v -0.143614 0.167632 0.072885
v -0.144564 0.168656 0.072847
v -0.145718 0.169444 0.072806
v -0.119135 0.153119 0.056686
v -0.113797 0.149700 0.056833
v -0.119516 0.151714 0.056823
v -0.125205 0.153866 0.057048
v -0.119493 0.151973 0.058262
v -0.113733 0.150139 0.058485
v -0.118780 0.154509 0.057224
v -0.113352 0.151323 0.056530
v -0.124900 0.155006 0.057064
v -0.124631 0.156076 0.057620
v -0.118451 0.155823 0.057946
v -0.112920 0.152992 0.057017
v -0.130692 0.156816 0.057606
v -0.130917 0.155959 0.057470
v -0.130508 0.157566 0.058141
v -0.125220 0.153954 0.058224
v -0.130960 0.155905 0.058364
v -0.130346 0.158244 0.058773
v -0.124387 0.157070 0.058316
v -0.125092 0.154559 0.059294
v -0.130895 0.156252 0.059234
v -0.130199 0.158876 0.059454
v -0.119296 0.152856 0.059499
v -0.113470 0.151283 0.059838
v -0.124927 0.155293 0.060277
v -0.130800 0.156705 0.060053
v -0.129794 0.160911 0.063820
v -0.119056 0.153887 0.060611
v -0.113158 0.152589 0.061029
v -0.107844 0.148631 0.057437
v -0.107748 0.149189 0.059101
v -0.107390 0.150274 0.057011
v -0.106935 0.152017 0.057393
v -0.112515 0.154590 0.057726
v -0.101877 0.147606 0.057975
v -0.101415 0.149268 0.057445
v -0.100940 0.151075 0.057737
v -0.101754 0.148267 0.059649
v -0.095904 0.146597 0.058458
v -0.095434 0.148277 0.057837
v -0.094941 0.150141 0.058053
v -0.089414 0.147438 0.058286
v -0.089883 0.145773 0.058973
v -0.095758 0.147347 0.060144
v -0.089719 0.146585 0.060638
v -0.083772 0.145293 0.059569
v -0.083323 0.146881 0.058855
v -0.107452 0.150452 0.060408
v -0.101430 0.149630 0.060919
v -0.107109 0.151868 0.061537
v -0.101059 0.151142 0.061997
v -0.083600 0.146125 0.061154
v -0.095409 0.148799 0.061383
v -0.089355 0.148086 0.061827
v -0.083238 0.147608 0.062256
v -0.124742 0.156095 0.061202
v -0.130689 0.157215 0.060836
v -0.124545 0.156938 0.062087
v -0.118792 0.154993 0.061642
v -0.112822 0.153975 0.062119
v -0.130567 0.157760 0.061593
v -0.124339 0.157808 0.062944
v -0.130439 0.158329 0.062332
v -0.118515 0.156146 0.062618
v -0.106741 0.153361 0.062557
v -0.112470 0.155410 0.063140
v -0.095014 0.150395 0.062418
v -0.077666 0.144786 0.060108
v -0.077489 0.145627 0.061615
v -0.118139 0.157083 0.058766
v -0.124160 0.158012 0.059086
v -0.123943 0.158920 0.059900
v -0.117840 0.158305 0.059646
v -0.112127 0.156136 0.058553
v -0.130061 0.159476 0.060165
v -0.129930 0.160054 0.060896
v -0.117550 0.159499 0.060567
v -0.111753 0.157642 0.059455
v -0.123734 0.159801 0.060745
v -0.106503 0.153701 0.058007
v -0.106088 0.155340 0.058747
v -0.100485 0.152834 0.058271
v -0.100046 0.154552 0.058937
v -0.088916 0.149316 0.058433
v -0.094467 0.151967 0.058519
v -0.094006 0.153756 0.059122
v -0.088433 0.151165 0.058831
v -0.082838 0.148698 0.058940
v -0.082367 0.150495 0.059269
v -0.087963 0.152983 0.059370
v -0.081908 0.152265 0.059733
v -0.105685 0.156943 0.059566
v -0.111387 0.159120 0.060408
v -0.099618 0.156239 0.059686
v -0.105290 0.158520 0.060439
v -0.111029 0.160574 0.061399
v -0.099199 0.157901 0.060492
v -0.104902 0.160076 0.061352
v -0.093557 0.155517 0.059812
v -0.093115 0.157256 0.060561
v -0.087503 0.154775 0.059996
v -0.081457 0.154013 0.060283
v -0.098786 0.159544 0.061341
v -0.087050 0.156546 0.060683
v -0.081013 0.155743 0.060893
v -0.092679 0.158977 0.061355
v -0.086603 0.158301 0.061416
v -0.080574 0.157458 0.061547
v -0.129804 0.160614 0.061642
v -0.123531 0.160661 0.061612
v -0.129684 0.161152 0.062405
v -0.123336 0.161496 0.062506
v -0.118228 0.157328 0.063554
v -0.117266 0.160671 0.061518
v -0.116992 0.161814 0.062506
v -0.116721 0.162944 0.063511
v -0.110681 0.161999 0.062435
v -0.124127 0.158699 0.063778
v -0.130305 0.158915 0.063056
v -0.130165 0.159523 0.063761
v -0.129567 0.161680 0.063176
v -0.129454 0.162198 0.063954
v -0.123145 0.162319 0.063412
v -0.112109 0.156875 0.064112
v -0.117934 0.158533 0.064460
v -0.123908 0.159614 0.064583
v -0.130022 0.160140 0.064458
v -0.129876 0.160765 0.065147
v -0.123685 0.160540 0.065375
v -0.129343 0.162705 0.064739
v -0.111740 0.158364 0.065047
v -0.117633 0.159764 0.065328
v -0.122957 0.163130 0.064328
v -0.122773 0.163928 0.065258
v -0.116455 0.164062 0.064529
v -0.110337 0.163410 0.063491
v -0.116193 0.165164 0.065567
v -0.109997 0.164809 0.064566
v -0.100666 0.152726 0.062958
v -0.106360 0.154898 0.063504
v -0.100258 0.154352 0.063842
v -0.088947 0.149725 0.062807
v -0.082835 0.149218 0.063153
v -0.094597 0.152060 0.063331
v -0.094167 0.153764 0.064162
v -0.088518 0.151428 0.063661
v -0.082413 0.150887 0.063926
v -0.105969 0.156464 0.064398
v -0.099842 0.156005 0.064670
v -0.105571 0.158052 0.065251
v -0.111362 0.159880 0.065933
v -0.099419 0.157677 0.065455
v -0.088077 0.153168 0.064431
v -0.093728 0.155493 0.064934
v -0.087627 0.154931 0.065141
v -0.081979 0.152588 0.064616
v -0.081538 0.154311 0.065248
v -0.093283 0.157241 0.065661
v -0.087171 0.156711 0.065806
v -0.104524 0.161604 0.062315
v -0.098381 0.161162 0.062241
v -0.104149 0.163120 0.063299
v -0.097980 0.162768 0.063164
v -0.092252 0.160674 0.062204
v -0.091828 0.162359 0.063076
v -0.086164 0.160034 0.062203
v -0.080143 0.159154 0.062255
v -0.085728 0.161757 0.063016
v -0.079714 0.160840 0.062987
v -0.097583 0.164362 0.064108
v -0.091408 0.164034 0.063970
v -0.085296 0.163469 0.063851
v -0.103779 0.164624 0.064302
v -0.109662 0.166190 0.065663
v -0.103413 0.166112 0.065331
v -0.097191 0.165942 0.065079
v -0.081091 0.156048 0.065836
v -0.080638 0.157802 0.066369
v -0.079289 0.162518 0.063741
v -0.090992 0.165695 0.064892
v -0.084869 0.165169 0.064714
v -0.078868 0.164183 0.064523
v -0.096802 0.167512 0.066066
v -0.090580 0.167347 0.065831
v -0.084444 0.166860 0.065595
v -0.078449 0.165841 0.065323
v -0.084021 0.168544 0.066490
v -0.078033 0.167493 0.066136
v -0.077236 0.146300 0.059378
v -0.076767 0.148055 0.059412
v -0.071159 0.145683 0.059862
v -0.071569 0.144240 0.060599
v -0.070705 0.147374 0.059856
v -0.065092 0.145018 0.060314
v -0.076309 0.149796 0.059683
v -0.070261 0.149057 0.060077
v -0.064655 0.146646 0.060275
v -0.065485 0.143644 0.061052
v -0.071390 0.145081 0.062033
v -0.077132 0.147084 0.062640
v -0.065305 0.144479 0.062415
v -0.075861 0.151515 0.060085
v -0.069826 0.150721 0.060427
v -0.064226 0.148268 0.060456
v -0.063805 0.149875 0.060760
v -0.059040 0.144298 0.060740
v -0.059415 0.142989 0.061472
v -0.053361 0.142269 0.061866
v -0.059236 0.143813 0.062768
v -0.053184 0.143077 0.063097
v -0.058619 0.145860 0.060675
v -0.058205 0.147422 0.060822
v -0.053004 0.143514 0.061144
v -0.052600 0.145012 0.061058
v -0.052202 0.146512 0.061176
v -0.046986 0.142662 0.061529
v -0.046599 0.144095 0.061428
v -0.047326 0.141479 0.062237
v -0.047152 0.142268 0.063405
v -0.075422 0.153214 0.060570
v -0.074988 0.154897 0.061114
v -0.069399 0.152368 0.060857
v -0.063390 0.151467 0.061142
v -0.068977 0.154001 0.061343
v -0.074559 0.156567 0.061700
v -0.062981 0.153047 0.061578
v -0.074137 0.158220 0.062339
v -0.068559 0.155622 0.061871
v -0.062575 0.154616 0.062055
v -0.068147 0.157227 0.062450
v -0.057799 0.148971 0.061086
v -0.057398 0.150506 0.061426
v -0.051810 0.148001 0.061407
v -0.046216 0.145532 0.061520
v -0.051424 0.149478 0.061710
v -0.045840 0.146960 0.061721
v -0.057002 0.152031 0.061819
v -0.056610 0.153546 0.062250
v -0.062176 0.156171 0.062581
v -0.051042 0.150946 0.062063
v -0.045469 0.148379 0.061992
v -0.050663 0.152405 0.062455
v -0.056223 0.155047 0.062730
v -0.045101 0.149788 0.062311
v -0.050289 0.153852 0.062892
v -0.044737 0.151190 0.062667
v -0.040987 0.141736 0.061899
v -0.040617 0.143103 0.061785
v -0.034820 0.141469 0.062524
v -0.041311 0.140613 0.062589
v -0.041141 0.141379 0.063696
v -0.035087 0.140542 0.063108
v -0.034943 0.141189 0.064021
v -0.040251 0.144478 0.061856
v -0.039890 0.145845 0.062032
v -0.034512 0.142604 0.062417
v -0.034207 0.143747 0.062463
v -0.039534 0.147203 0.062274
v -0.033907 0.144884 0.062596
v -0.039181 0.148553 0.062562
v -0.038831 0.149897 0.062885
v -0.044377 0.152580 0.063066
v -0.033610 0.146014 0.062785
v -0.033316 0.147138 0.063012
v -0.033024 0.148257 0.063268
v -0.028625 0.141311 0.063188
v -0.028827 0.140612 0.063639
v -0.028391 0.142173 0.063098
v -0.028159 0.143041 0.063124
v -0.027930 0.143905 0.063217
v -0.022449 0.141076 0.063825
v -0.022290 0.141664 0.063758
v -0.022131 0.142257 0.063771
v -0.027704 0.144765 0.063351
v -0.021974 0.142848 0.063829
v -0.027480 0.145620 0.063515
v -0.071039 0.146506 0.062988
v -0.076736 0.148658 0.063464
v -0.064961 0.145867 0.063307
v -0.070652 0.148040 0.063747
v -0.076322 0.150287 0.064166
v -0.070248 0.149623 0.064387
v -0.064585 0.147356 0.064007
v -0.064192 0.148891 0.064592
v -0.058901 0.145160 0.063602
v -0.052860 0.144381 0.063876
v -0.046839 0.143526 0.064134
v -0.058536 0.146602 0.064249
v -0.058155 0.148086 0.064786
v -0.052506 0.145773 0.064476
v -0.046497 0.144866 0.064690
v -0.052139 0.147203 0.064968
v -0.075898 0.151945 0.064788
v -0.069835 0.151233 0.064949
v -0.075467 0.153621 0.065353
v -0.063791 0.150450 0.065103
v -0.073717 0.159864 0.063002
v -0.067739 0.158825 0.063052
v -0.046143 0.146241 0.065143
v -0.069415 0.152860 0.065457
v -0.063384 0.152024 0.065560
v -0.075031 0.155311 0.065875
v -0.068991 0.154499 0.065922
v -0.074589 0.157015 0.066344
v -0.062972 0.153609 0.065976
v -0.068562 0.156150 0.066336
v -0.062556 0.155205 0.066341
v -0.062138 0.156806 0.066684
v -0.068130 0.157806 0.066725
v -0.057767 0.149591 0.065249
v -0.057373 0.151111 0.065662
v -0.051763 0.148654 0.065391
v -0.045782 0.147635 0.065528
v -0.051383 0.150117 0.065764
v -0.056975 0.152640 0.066035
v -0.051000 0.151589 0.066099
v -0.045416 0.149041 0.065866
v -0.045047 0.150454 0.066167
v -0.056573 0.154179 0.066359
v -0.056169 0.155722 0.066661
v -0.050612 0.153069 0.066387
v -0.050223 0.154553 0.066654
v -0.044674 0.151875 0.066424
v -0.040838 0.142590 0.064378
v -0.034690 0.142200 0.064576
v -0.040510 0.143876 0.064894
v -0.040170 0.145196 0.065310
v -0.034416 0.143273 0.064992
v -0.034132 0.144373 0.065326
v -0.033843 0.145486 0.065606
v -0.028716 0.141109 0.064327
v -0.022587 0.140601 0.064138
v -0.028522 0.141881 0.064741
v -0.022510 0.140945 0.064605
v -0.022377 0.141474 0.064883
v -0.016295 0.140760 0.064440
v -0.016368 0.140507 0.064610
v -0.016326 0.140693 0.064859
v -0.016255 0.140978 0.065005
v -0.028313 0.142699 0.065049
v -0.022233 0.142035 0.065088
v -0.028096 0.143536 0.065294
v -0.021820 0.143436 0.063915
v -0.032736 0.149368 0.063559
v -0.027258 0.146471 0.063701
v -0.021666 0.144021 0.064022
v -0.027038 0.147317 0.063914
v -0.021514 0.144604 0.064144
v -0.016209 0.141075 0.064401
v -0.016124 0.141393 0.064406
v -0.016040 0.141710 0.064434
v -0.015957 0.142026 0.064478
v -0.015657 0.143218 0.065099
v -0.021363 0.145182 0.064284
v -0.015874 0.142340 0.064532
v -0.015792 0.142653 0.064595
v -0.015711 0.142964 0.064667
v -0.021213 0.145759 0.064432
v -0.015631 0.143274 0.064744
v -0.015550 0.143583 0.064825
v -0.021064 0.146335 0.064588
v -0.015471 0.143891 0.064912
v -0.027876 0.144384 0.065498
v -0.027653 0.145237 0.065673
v -0.022085 0.142608 0.065250
v -0.021933 0.143188 0.065384
v -0.021781 0.143772 0.065499
v -0.021627 0.144358 0.065598
v -0.027428 0.146094 0.065826
v -0.016177 0.141280 0.065113
v -0.016097 0.141588 0.065197
v -0.016016 0.141899 0.065267
v -0.015934 0.142213 0.065325
v -0.015851 0.142528 0.065376
v -0.015768 0.142844 0.065417
v -0.015684 0.143160 0.065453
v -0.015391 0.144198 0.065001
v -0.015312 0.144504 0.065093
v -0.015600 0.143477 0.065484
v -0.015516 0.143795 0.065511
v -0.015431 0.144112 0.065534
v -0.015347 0.144430 0.065555
v -0.021471 0.144947 0.065679
v -0.027201 0.146955 0.065952
v -0.021316 0.145537 0.065751
v -0.021159 0.146128 0.065815
v -0.039823 0.146532 0.065662
v -0.039472 0.147879 0.065968
v -0.039118 0.149232 0.066239
v -0.038760 0.150593 0.066467
v -0.033550 0.146607 0.065848
v -0.033255 0.147734 0.066061
v -0.032957 0.148866 0.066238
v -0.038486 0.151230 0.063251
v -0.061778 0.157719 0.063130
v -0.067332 0.160415 0.063674
v -0.073301 0.161500 0.063686
v -0.072888 0.163125 0.064397
v -0.061384 0.159260 0.063698
v -0.066930 0.161996 0.064323
v -0.060992 0.160792 0.064292
v -0.055838 0.156543 0.063230
v -0.055455 0.158032 0.063750
v -0.049918 0.155293 0.063350
v -0.049548 0.156729 0.063827
v -0.044019 0.153966 0.063486
v -0.055076 0.159514 0.064295
v -0.060603 0.162319 0.064902
v -0.049182 0.158157 0.064327
v -0.043663 0.155346 0.063923
v -0.054698 0.160990 0.064856
v -0.048817 0.159581 0.064843
v -0.043310 0.156720 0.064384
v -0.072478 0.164744 0.065126
v -0.066529 0.163570 0.064989
v -0.066130 0.165139 0.065668
v -0.060215 0.163840 0.065525
v -0.072069 0.166356 0.065868
v -0.071663 0.167963 0.066624
v -0.055763 0.157268 0.066944
v -0.044300 0.153299 0.066659
v -0.049832 0.156040 0.066902
v -0.049440 0.157531 0.067125
v -0.043925 0.154725 0.066877
v -0.043548 0.156155 0.067071
v -0.054322 0.162461 0.065429
v -0.048453 0.161000 0.065371
v -0.042958 0.158089 0.064859
v -0.065734 0.166702 0.066362
v -0.059829 0.165357 0.066162
v -0.065339 0.168258 0.067072
v -0.053948 0.163928 0.066015
v -0.048091 0.162415 0.065911
v -0.042608 0.159455 0.065345
v -0.059445 0.166867 0.066815
v -0.053576 0.165389 0.066617
v -0.047731 0.163824 0.066467
v -0.042259 0.160816 0.065844
v -0.053205 0.166845 0.067231
v -0.047373 0.165230 0.067035
v -0.041912 0.162172 0.066358
v -0.038142 0.152559 0.063635
v -0.037800 0.153883 0.064037
v -0.032449 0.150475 0.063866
v -0.032164 0.151578 0.064188
v -0.037460 0.155200 0.064461
v -0.037122 0.156514 0.064898
v -0.036786 0.157824 0.065347
v -0.031880 0.152676 0.064528
v -0.031598 0.153771 0.064879
v -0.031317 0.154863 0.065240
v -0.026820 0.148159 0.064139
v -0.026602 0.148999 0.064374
v -0.026386 0.149836 0.064624
v -0.020916 0.146907 0.064753
v -0.026171 0.150670 0.064883
v -0.025956 0.151501 0.065148
v -0.020768 0.147479 0.064925
v -0.015233 0.144810 0.065188
v -0.015155 0.145114 0.065286
v -0.015262 0.144748 0.065573
v -0.015177 0.145066 0.065587
v -0.015077 0.145418 0.065386
v -0.014999 0.145721 0.065490
v -0.015093 0.145384 0.065598
v -0.015008 0.145702 0.065607
v -0.020621 0.148048 0.065101
v -0.014924 0.146016 0.065610
v -0.020475 0.148617 0.065283
v -0.020329 0.149183 0.065470
v -0.021002 0.146719 0.065870
v -0.020845 0.147311 0.065918
v -0.020688 0.147903 0.065961
v -0.020530 0.148496 0.065999
v -0.025743 0.152331 0.065421
v -0.020184 0.149748 0.065662
v -0.020039 0.150312 0.065860
v -0.020372 0.149089 0.066031
v -0.020214 0.149682 0.066057
v -0.020056 0.150275 0.066078
v -0.019900 0.150859 0.066089
v -0.025530 0.153158 0.065704
v -0.025318 0.153983 0.065993
v -0.031037 0.155952 0.065611
v -0.032658 0.150001 0.066398
v -0.038402 0.151956 0.066676
v -0.038042 0.153322 0.066867
v -0.037680 0.154690 0.067035
v -0.032358 0.151137 0.066545
v -0.032057 0.152275 0.066672
v -0.043170 0.157587 0.067249
v -0.037318 0.156060 0.067189
v -0.036955 0.157431 0.067331
v -0.042791 0.159019 0.067415
v -0.031755 0.153414 0.066787
v -0.031453 0.154554 0.066892
v -0.031150 0.155695 0.066987
v -0.026973 0.147817 0.066065
v -0.026745 0.148681 0.066167
v -0.026516 0.149546 0.066255
v -0.026287 0.150412 0.066334
v -0.026057 0.151278 0.066405
v -0.025826 0.152145 0.066468
v -0.025595 0.153013 0.066523
v -0.030758 0.157038 0.065993
v -0.025107 0.154805 0.066289
v -0.024905 0.155603 0.066632
v -0.025364 0.153880 0.066569
v -0.025133 0.154748 0.066608
v -0.030847 0.156836 0.067070
v -0.036450 0.159130 0.065808
v -0.036117 0.160432 0.066283
v -0.035785 0.161730 0.066768
v -0.030481 0.158120 0.066385
v -0.041566 0.163525 0.066882
v -0.036592 0.158803 0.067460
v -0.036227 0.160176 0.067575
v -0.030543 0.157979 0.067143
v -0.035454 0.163024 0.067266
v -0.030204 0.159200 0.066786
v -0.035862 0.161550 0.067679
v -0.030239 0.159121 0.067205
v -0.041222 0.164873 0.067420
v -0.035136 0.164278 0.067836
v -0.035497 0.162924 0.067769
v -0.029939 0.160246 0.067248
v -0.129728 0.161401 0.065825
v -0.123460 0.161475 0.066156
v -0.129235 0.163203 0.065531
v -0.129577 0.162043 0.066496
v -0.129129 0.163695 0.066326
v -0.117327 0.161006 0.066178
v -0.129425 0.162691 0.067162
v -0.123230 0.162422 0.066920
v -0.129271 0.163344 0.067822
v -0.122592 0.164716 0.066196
v -0.110981 0.161407 0.066798
v -0.129025 0.164181 0.067126
v -0.128923 0.164658 0.067930
v -0.129116 0.164004 0.068475
v -0.122999 0.163376 0.067675
v -0.122413 0.165497 0.067141
v -0.117018 0.162258 0.067012
v -0.116705 0.163523 0.067825
v -0.110596 0.162944 0.067644
v -0.128822 0.165130 0.068739
v -0.128958 0.164669 0.069123
v -0.122766 0.164337 0.068421
v -0.128799 0.165339 0.069764
v -0.128724 0.165594 0.069552
v -0.122237 0.166270 0.068093
v -0.116390 0.164796 0.068625
v -0.128640 0.166008 0.070385
v -0.122530 0.165303 0.069159
v -0.122293 0.166277 0.069887
v -0.122063 0.167033 0.069052
v -0.115934 0.166256 0.066615
v -0.115678 0.167339 0.067673
v -0.109330 0.167561 0.066775
v -0.110207 0.164494 0.068463
v -0.115424 0.168414 0.068741
v -0.116073 0.166075 0.069413
v -0.109815 0.166051 0.069266
v -0.109421 0.167616 0.070056
v -0.109001 0.168923 0.067899
v -0.115174 0.169478 0.069820
v -0.108675 0.170275 0.069035
v -0.105165 0.159663 0.066054
v -0.104755 0.161285 0.066833
v -0.098989 0.159371 0.066187
v -0.098555 0.161074 0.066894
v -0.104343 0.162916 0.067592
v -0.098118 0.162786 0.067580
v -0.103050 0.167590 0.066374
v -0.092831 0.159009 0.066333
v -0.086709 0.158509 0.066414
v -0.092376 0.160785 0.066980
v -0.086244 0.160315 0.066996
v -0.080183 0.159562 0.066876
v -0.079725 0.161328 0.067361
v -0.091918 0.162569 0.067603
v -0.085776 0.162127 0.067555
v -0.091456 0.164363 0.068197
v -0.085305 0.163948 0.068083
v -0.103926 0.164558 0.068323
v -0.097678 0.164508 0.068237
v -0.097235 0.166237 0.068875
v -0.103507 0.166208 0.069037
v -0.103086 0.167862 0.069737
v -0.122053 0.167257 0.070606
v -0.121892 0.167789 0.070018
v -0.121812 0.168242 0.071316
v -0.121723 0.168537 0.070992
v -0.115753 0.167360 0.070190
v -0.115431 0.168654 0.070954
v -0.121571 0.169223 0.071999
v -0.115107 0.169953 0.071707
v -0.114926 0.170533 0.070908
v -0.109025 0.169186 0.070832
v -0.108627 0.170764 0.071591
v -0.114681 0.171579 0.072006
v -0.114781 0.171258 0.072447
v -0.114457 0.172554 0.073154
v -0.102690 0.169060 0.067431
v -0.096416 0.169075 0.067066
v -0.090170 0.168991 0.066784
v -0.079264 0.163101 0.067816
v -0.078802 0.164878 0.068252
v -0.083601 0.170221 0.067401
v -0.077618 0.169138 0.066965
v -0.089762 0.170628 0.067753
v -0.096032 0.170629 0.068081
v -0.089358 0.172255 0.068738
v -0.102333 0.170520 0.068501
v -0.108353 0.171616 0.070185
v -0.101980 0.171971 0.069586
v -0.096790 0.167970 0.069499
v -0.096344 0.169708 0.070107
v -0.095651 0.172173 0.069111
v -0.101629 0.173412 0.070684
v -0.090993 0.166162 0.068772
v -0.084832 0.165774 0.068593
v -0.084357 0.167604 0.069086
v -0.090527 0.167965 0.069331
v -0.090060 0.169773 0.069874
v -0.078338 0.166659 0.068673
v -0.077873 0.168443 0.069078
v -0.083881 0.169438 0.069563
v -0.095273 0.173708 0.070155
v -0.083403 0.171276 0.070021
v -0.089591 0.171586 0.070398
v -0.083184 0.171889 0.068329
v -0.077207 0.170774 0.067810
v -0.088956 0.173874 0.069737
v -0.082769 0.173549 0.069271
v -0.076798 0.172404 0.068670
v -0.088557 0.175484 0.070751
v -0.077406 0.170231 0.069464
v -0.076938 0.172021 0.069834
v -0.082923 0.173117 0.070463
v -0.082357 0.175201 0.070229
v -0.076391 0.174026 0.069545
v -0.076469 0.173815 0.070188
v -0.081967 0.176785 0.071276
v -0.108033 0.172948 0.071347
v -0.108226 0.172348 0.072337
v -0.107823 0.173939 0.073067
v -0.107717 0.174270 0.072520
v -0.107423 0.175514 0.073761
v -0.102663 0.169523 0.070421
v -0.102237 0.171190 0.071089
v -0.101810 0.172863 0.071742
v -0.095895 0.171453 0.070697
v -0.101281 0.174844 0.071794
v -0.095445 0.173201 0.071272
v -0.094993 0.174955 0.071830
v -0.089120 0.173403 0.070906
v -0.101381 0.174541 0.072379
v -0.100955 0.176201 0.072979
v -0.094898 0.175235 0.071213
v -0.082442 0.174963 0.070888
v -0.088648 0.175224 0.071397
v -0.094545 0.176689 0.072352
v -0.088180 0.177023 0.071851
v -0.076004 0.175585 0.070507
v -0.074145 0.158725 0.066787
v -0.073699 0.160440 0.067209
v -0.067697 0.159467 0.067093
v -0.067261 0.161133 0.067433
v -0.073250 0.162161 0.067602
v -0.061718 0.158410 0.067006
v -0.061297 0.160019 0.067302
v -0.072800 0.163886 0.067977
v -0.066824 0.162803 0.067756
v -0.060873 0.161631 0.067580
v -0.060449 0.163245 0.067844
v -0.072348 0.165613 0.068337
v -0.066386 0.164474 0.068064
v -0.065947 0.166149 0.068358
v -0.071896 0.167344 0.068681
v -0.060024 0.164861 0.068094
v -0.055356 0.158819 0.067200
v -0.054948 0.160371 0.067440
v -0.054538 0.161926 0.067667
v -0.054128 0.163482 0.067880
v -0.049046 0.159023 0.067332
v -0.048652 0.160518 0.067526
v -0.071260 0.169562 0.067398
v -0.064947 0.169809 0.067795
v -0.070858 0.171155 0.068185
v -0.059598 0.166479 0.068326
v -0.065506 0.167825 0.068633
v -0.059171 0.168099 0.068545
v -0.065064 0.169504 0.068894
v -0.059063 0.168372 0.067481
v -0.070459 0.172741 0.068987
v -0.064557 0.171354 0.068532
v -0.058683 0.169871 0.068161
v -0.058743 0.169720 0.068749
v -0.064184 0.172843 0.069354
v -0.042412 0.160453 0.067569
v -0.048257 0.162013 0.067707
v -0.047861 0.163510 0.067872
v -0.053716 0.165040 0.068076
v -0.047464 0.165008 0.068024
v -0.042031 0.161889 0.067707
v -0.041650 0.163325 0.067833
v -0.053304 0.166600 0.068258
v -0.052837 0.168296 0.067859
v -0.047016 0.166630 0.067615
v -0.041269 0.164762 0.067945
v -0.047067 0.166508 0.068162
v -0.052483 0.169699 0.068567
v -0.046674 0.167985 0.068273
v -0.040892 0.166178 0.068032
v -0.052891 0.168161 0.068427
v -0.058320 0.171319 0.068923
v -0.071441 0.169078 0.069007
v -0.070986 0.170814 0.069318
v -0.064622 0.171185 0.069140
v -0.070529 0.172552 0.069613
v -0.070078 0.174267 0.069876
v -0.258012 0.176387 0.056468
v -0.263464 0.179357 0.056105
v -0.257645 0.177714 0.056099
v -0.266194 0.169550 0.059243
v -0.271321 0.173677 0.058469
v -0.271092 0.174497 0.058178
v -0.265893 0.170626 0.058849
v -0.266494 0.168479 0.059647
v -0.271550 0.172861 0.058767
v -0.266788 0.167440 0.060111
v -0.266485 0.168565 0.060066
v -0.271774 0.172069 0.059112
v -0.271544 0.172923 0.059086
v -0.266177 0.169706 0.060001
v -0.271310 0.173790 0.059045
v -0.265868 0.170847 0.059925
v -0.261285 0.164666 0.060509
v -0.260924 0.165951 0.060008
v -0.261637 0.163423 0.061081
v -0.261272 0.164775 0.061011
v -0.255161 0.164162 0.060500
v -0.260563 0.167240 0.059520
v -0.255537 0.162824 0.061040
v -0.249374 0.162463 0.061029
v -0.254784 0.165505 0.059972
v -0.260201 0.168534 0.059042
v -0.265591 0.171704 0.058465
v -0.265289 0.172787 0.058092
v -0.259838 0.169831 0.058579
v -0.254406 0.166852 0.059456
v -0.254027 0.168204 0.058954
v -0.248589 0.165258 0.059900
v -0.260901 0.166148 0.060918
v -0.260530 0.167520 0.060812
v -0.260158 0.168891 0.060694
v -0.265560 0.171987 0.059840
v -0.259787 0.170261 0.060561
v -0.248982 0.163858 0.060458
v -0.276734 0.176800 0.058185
v -0.281588 0.181923 0.057201
v -0.276581 0.177343 0.057955
v -0.276425 0.177902 0.057756
v -0.276268 0.178464 0.057563
v -0.276111 0.179027 0.057374
v -0.270863 0.175319 0.057894
v -0.270633 0.176143 0.057619
v -0.264986 0.173872 0.057728
v -0.270172 0.177800 0.057091
v -0.264683 0.174961 0.057375
v -0.270403 0.176970 0.057352
v -0.275954 0.179592 0.057191
v -0.275638 0.180727 0.056841
v -0.281082 0.183743 0.056619
v -0.280997 0.184049 0.056532
v -0.275480 0.181297 0.056674
v -0.280912 0.184356 0.056451
v -0.275322 0.181869 0.056517
v -0.269941 0.178631 0.056840
v -0.269709 0.179467 0.056602
v -0.275163 0.182443 0.056367
v -0.264379 0.176053 0.057032
v -0.264075 0.177150 0.056708
v -0.269477 0.180306 0.056375
v -0.263769 0.178251 0.056399
v -0.269244 0.181147 0.056161
v -0.281336 0.182829 0.056897
v -0.281251 0.183133 0.056802
v -0.275796 0.180159 0.057013
v -0.281504 0.182224 0.057097
v -0.281420 0.182526 0.056996
v -0.281670 0.181631 0.057322
v -0.276578 0.177383 0.058173
v -0.281586 0.181944 0.057318
v -0.276418 0.177976 0.058151
v -0.276258 0.178569 0.058123
v -0.281501 0.182262 0.057309
v -0.281415 0.182580 0.057297
v -0.276098 0.179161 0.058090
v -0.275938 0.179753 0.058051
v -0.281330 0.182898 0.057282
v -0.281166 0.183437 0.056709
v -0.280906 0.184419 0.056805
v -0.281244 0.183215 0.057264
v -0.275778 0.180344 0.058006
v -0.275618 0.180935 0.057957
v -0.281158 0.183533 0.057242
v -0.281072 0.183850 0.057218
v -0.275458 0.181526 0.057901
v -0.259110 0.172439 0.057686
v -0.258745 0.173749 0.057260
v -0.259474 0.171133 0.058127
v -0.253648 0.169561 0.058464
v -0.247799 0.168072 0.058825
v -0.253268 0.170921 0.057986
v -0.252887 0.172286 0.057523
v -0.247404 0.169486 0.058306
v -0.258379 0.175065 0.056855
v -0.252505 0.173659 0.057082
v -0.247007 0.170906 0.057803
v -0.252122 0.175037 0.056660
v -0.246609 0.172333 0.057323
v -0.246210 0.173766 0.056862
v -0.251738 0.176420 0.056257
v -0.271076 0.174657 0.058997
v -0.270842 0.175524 0.058941
v -0.270608 0.176389 0.058875
v -0.265251 0.173126 0.059743
v -0.264943 0.174264 0.059635
v -0.270373 0.177254 0.058802
v -0.264634 0.175401 0.059518
v -0.270139 0.178119 0.058722
v -0.269905 0.178982 0.058632
v -0.269670 0.179844 0.058528
v -0.275298 0.182115 0.057835
v -0.264326 0.176537 0.059388
v -0.269436 0.180705 0.058413
v -0.263708 0.178802 0.059076
v -0.264017 0.177670 0.059239
v -0.248194 0.166663 0.059356
v -0.259416 0.171629 0.060417
v -0.259044 0.172996 0.060260
v -0.253579 0.170107 0.060853
v -0.253967 0.168677 0.061023
v -0.253190 0.171535 0.060672
v -0.252801 0.172961 0.060475
v -0.247312 0.170163 0.061102
v -0.257930 0.177083 0.059683
v -0.258672 0.174361 0.060089
v -0.258301 0.175723 0.059895
v -0.252413 0.174384 0.060254
v -0.246907 0.171650 0.060876
v -0.252024 0.175803 0.060015
v -0.246096 0.174611 0.060355
v -0.246501 0.173132 0.060625
v -0.243565 0.160855 0.061602
v -0.242749 0.163750 0.060380
v -0.242340 0.165206 0.059790
v -0.243158 0.162300 0.060985
v -0.237312 0.160829 0.061560
v -0.236889 0.162327 0.060904
v -0.236465 0.163832 0.060263
v -0.231007 0.160989 0.061479
v -0.230569 0.162540 0.060783
v -0.231444 0.159446 0.062193
v -0.225104 0.159736 0.062118
v -0.241930 0.166667 0.059214
v -0.241519 0.168133 0.058650
v -0.235613 0.166857 0.059023
v -0.241106 0.169604 0.058102
v -0.236040 0.165342 0.059637
v -0.240693 0.171084 0.057579
v -0.240278 0.172570 0.057075
v -0.235186 0.168379 0.058426
v -0.234757 0.169910 0.057854
v -0.234327 0.171447 0.057302
v -0.229247 0.167227 0.058778
v -0.228804 0.168806 0.058152
v -0.222833 0.167769 0.058478
v -0.228359 0.170392 0.057547
v -0.229689 0.165658 0.059431
v -0.223746 0.164533 0.059881
v -0.223291 0.166146 0.059166
v -0.217785 0.163481 0.060382
v -0.217317 0.165132 0.059597
v -0.216847 0.166796 0.058839
v -0.240989 0.170426 0.061294
v -0.240567 0.171967 0.061008
v -0.240145 0.173505 0.060703
v -0.234610 0.170887 0.061407
v -0.230129 0.164096 0.060100
v -0.224200 0.162928 0.060612
v -0.218252 0.161838 0.061185
v -0.224653 0.161329 0.061358
v -0.218717 0.160201 0.062002
v -0.268543 0.183705 0.055671
v -0.274524 0.184769 0.055907
v -0.274364 0.185359 0.055848
v -0.263157 0.180471 0.055846
v -0.269011 0.181995 0.055973
v -0.268777 0.182847 0.055807
v -0.268309 0.184567 0.055577
v -0.262849 0.181591 0.055617
v -0.262541 0.182718 0.055426
v -0.274205 0.185952 0.055834
v -0.268075 0.185435 0.055548
v -0.274049 0.186541 0.055900
v -0.262232 0.183852 0.055290
v -0.261925 0.184994 0.055241
v -0.267847 0.186297 0.055636
v -0.261623 0.186131 0.055346
v -0.267672 0.187005 0.056086
v -0.261391 0.187069 0.055928
v -0.257276 0.179051 0.055773
v -0.256906 0.180396 0.055482
v -0.251352 0.177815 0.055898
v -0.245810 0.175205 0.056421
v -0.250965 0.179219 0.055576
v -0.256535 0.181750 0.055237
v -0.245408 0.176657 0.056026
v -0.256164 0.183114 0.055058
v -0.255793 0.184487 0.054984
v -0.250578 0.180632 0.055302
v -0.244600 0.179589 0.055363
v -0.250189 0.182057 0.055098
v -0.249801 0.183493 0.055003
v -0.244195 0.181074 0.055129
v -0.245005 0.178118 0.055670
v -0.255429 0.185857 0.055095
v -0.249420 0.184927 0.055101
v -0.243789 0.182572 0.055009
v -0.243390 0.184071 0.055091
v -0.249122 0.186123 0.055806
v -0.255147 0.186992 0.055783
v -0.261589 0.186439 0.056842
v -0.255383 0.186245 0.056892
v -0.243076 0.185329 0.055810
v -0.249366 0.185356 0.056976
v -0.239862 0.174064 0.056592
v -0.239444 0.175571 0.056158
v -0.233896 0.172993 0.056773
v -0.233462 0.174553 0.056293
v -0.239025 0.177088 0.055762
v -0.238604 0.178617 0.055419
v -0.238181 0.180161 0.055150
v -0.233027 0.176125 0.055853
v -0.232589 0.177710 0.055468
v -0.227913 0.171987 0.056964
v -0.227464 0.173599 0.056433
v -0.221914 0.171042 0.057169
v -0.222374 0.169401 0.057812
v -0.216375 0.168469 0.058103
v -0.215901 0.170151 0.057391
v -0.227012 0.175223 0.055943
v -0.226559 0.176862 0.055510
v -0.220984 0.174375 0.056032
v -0.220515 0.176065 0.055543
v -0.221450 0.172702 0.056579
v -0.214942 0.173574 0.056120
v -0.215423 0.171855 0.056733
v -0.226103 0.178519 0.055157
v -0.231710 0.180931 0.054976
v -0.225646 0.180198 0.054931
v -0.220043 0.177776 0.055137
v -0.213971 0.177073 0.055098
v -0.219569 0.179512 0.054862
v -0.214458 0.175312 0.055566
v -0.231275 0.182559 0.055011
v -0.225193 0.181889 0.054933
v -0.219097 0.181267 0.054824
v -0.224826 0.183346 0.055668
v -0.213480 0.178864 0.054765
v -0.212990 0.180680 0.054676
v -0.218711 0.182794 0.055551
v -0.237758 0.181720 0.055001
v -0.237341 0.183283 0.055062
v -0.232150 0.179311 0.055160
v -0.243326 0.184544 0.057043
v -0.237010 0.184606 0.055791
v -0.230926 0.183947 0.055746
v -0.237267 0.183806 0.057089
v -0.231188 0.183137 0.057111
v -0.225091 0.182531 0.057103
v -0.218978 0.181981 0.057060
v -0.212851 0.181478 0.056973
v -0.219397 0.180542 0.058089
v -0.274844 0.183600 0.056103
v -0.280655 0.185286 0.056236
v -0.280570 0.185600 0.056181
v -0.275004 0.183019 0.056226
v -0.274684 0.184183 0.055995
v -0.280826 0.184665 0.056373
v -0.280741 0.184975 0.056300
v -0.280484 0.185915 0.056137
v -0.280398 0.186231 0.056108
v -0.280313 0.186549 0.056103
v -0.280229 0.186865 0.056141
v -0.280166 0.187121 0.056310
v -0.280223 0.186940 0.056559
v -0.274035 0.186687 0.056679
v -0.280303 0.186657 0.056706
v -0.280986 0.184167 0.057191
v -0.280901 0.184483 0.057158
v -0.280643 0.185428 0.057029
v -0.280557 0.185741 0.056970
v -0.280472 0.186051 0.056900
v -0.280815 0.184799 0.057122
v -0.280729 0.185114 0.057080
v -0.274818 0.183876 0.057579
v -0.275138 0.182704 0.057762
v -0.274978 0.183291 0.057680
v -0.269202 0.181563 0.058285
v -0.268968 0.182418 0.058130
v -0.280387 0.186358 0.056815
v -0.274658 0.184457 0.057464
v -0.274499 0.185035 0.057328
v -0.274341 0.185605 0.057165
v -0.274185 0.186162 0.056958
v -0.268270 0.184944 0.057500
v -0.268734 0.183267 0.057953
v -0.268501 0.184111 0.057747
v -0.262785 0.182171 0.058437
v -0.262478 0.183279 0.058155
v -0.273930 0.187022 0.056211
v -0.267824 0.186520 0.056775
v -0.268042 0.185756 0.057191
v -0.261875 0.185438 0.057400
v -0.262174 0.184372 0.057819
v -0.256451 0.182459 0.058514
v -0.256086 0.183771 0.058095
v -0.255726 0.185048 0.057577
v -0.249723 0.184111 0.057708
v -0.250097 0.182781 0.058267
v -0.250479 0.181414 0.058722
v -0.244087 0.181873 0.058428
v -0.263400 0.179931 0.058897
v -0.263092 0.181054 0.058681
v -0.257188 0.179788 0.059178
v -0.257559 0.178439 0.059452
v -0.256819 0.181129 0.058869
v -0.251636 0.177220 0.059756
v -0.251249 0.178627 0.059451
v -0.250863 0.180027 0.059111
v -0.245287 0.177552 0.059725
v -0.245691 0.176087 0.060063
v -0.244484 0.180452 0.058923
v -0.244885 0.179009 0.059349
v -0.243697 0.183254 0.057825
v -0.238055 0.181043 0.058576
v -0.238468 0.179570 0.059116
v -0.239303 0.176560 0.059999
v -0.233297 0.175648 0.060272
v -0.239723 0.175038 0.060375
v -0.233734 0.174071 0.060691
v -0.234172 0.172482 0.061061
v -0.238884 0.178072 0.059583
v -0.232862 0.177214 0.059811
v -0.232430 0.178764 0.059298
v -0.228177 0.171540 0.061430
v -0.228632 0.169891 0.061823
v -0.227723 0.173184 0.061013
v -0.221691 0.172374 0.061342
v -0.222161 0.170679 0.061814
v -0.226373 0.178032 0.059467
v -0.226820 0.176432 0.060033
v -0.227271 0.174814 0.060544
v -0.220759 0.175721 0.060247
v -0.221224 0.174054 0.060816
v -0.214679 0.175077 0.060450
v -0.215158 0.173366 0.061086
v -0.215640 0.171640 0.061677
v -0.216125 0.169896 0.062214
v -0.237651 0.182473 0.057925
v -0.231584 0.181765 0.058006
v -0.232003 0.180288 0.058709
v -0.225931 0.179603 0.058824
v -0.225499 0.181123 0.058062
v -0.219841 0.178983 0.058915
v -0.220297 0.177367 0.059621
v -0.213735 0.178421 0.058979
v -0.214204 0.176766 0.059755
v -0.213279 0.180015 0.058079
v -0.211328 0.164186 0.060081
v -0.212285 0.160827 0.061833
v -0.212761 0.159159 0.062732
v -0.211807 0.162502 0.060948
v -0.205705 0.161983 0.061501
v -0.205234 0.163627 0.060575
v -0.206174 0.160348 0.062443
v -0.199977 0.160190 0.063052
v -0.199529 0.161743 0.062062
v -0.209384 0.171051 0.056899
v -0.208891 0.172810 0.056208
v -0.203324 0.170343 0.057152
v -0.209875 0.169310 0.057635
v -0.203807 0.168637 0.057950
v -0.197711 0.168072 0.058310
v -0.197247 0.169700 0.057457
v -0.191606 0.167544 0.058696
v -0.208393 0.174591 0.055578
v -0.207891 0.176399 0.055035
v -0.202346 0.173816 0.055705
v -0.201347 0.177412 0.054628
v -0.207384 0.178241 0.054633
v -0.206876 0.180116 0.054482
v -0.195827 0.174727 0.055225
v -0.195341 0.176476 0.054688
v -0.201849 0.175595 0.055098
v -0.196306 0.173021 0.055895
v -0.189805 0.173858 0.055337
v -0.189336 0.175531 0.054719
v -0.183787 0.172967 0.055431
v -0.190264 0.172233 0.056080
v -0.184224 0.171437 0.056262
v -0.178236 0.170497 0.056849
v -0.202837 0.172068 0.056399
v -0.196779 0.171348 0.056648
v -0.190717 0.170645 0.056902
v -0.191163 0.169083 0.057779
v -0.185075 0.168486 0.058123
v -0.184653 0.169947 0.057167
v -0.185493 0.167050 0.059117
v -0.178934 0.168113 0.058655
v -0.178588 0.169291 0.057732
v -0.177876 0.171742 0.056027
v -0.172246 0.169577 0.057545
v -0.171973 0.170505 0.056773
v -0.172512 0.168684 0.058361
v -0.166240 0.168723 0.058288
v -0.172771 0.167819 0.059208
v -0.166421 0.168136 0.059001
v -0.166596 0.167571 0.059733
v -0.210846 0.165884 0.059243
v -0.210361 0.167591 0.058427
v -0.204285 0.166955 0.058802
v -0.204761 0.165286 0.059678
v -0.198625 0.164882 0.060140
v -0.199078 0.163305 0.061088
v -0.198169 0.166471 0.059214
v -0.192042 0.166033 0.059661
v -0.185903 0.165644 0.060156
v -0.192475 0.164536 0.060649
v -0.186310 0.164252 0.061215
v -0.209569 0.170980 0.062022
v -0.209074 0.172748 0.061353
v -0.202971 0.172185 0.061520
v -0.203459 0.170451 0.062252
v -0.192906 0.163050 0.061655
v -0.193333 0.161581 0.062687
v -0.187115 0.161512 0.063393
v -0.186715 0.162873 0.062293
v -0.179938 0.164722 0.061607
v -0.180266 0.163623 0.062628
v -0.201078 0.178815 0.057955
v -0.207147 0.179532 0.058024
v -0.207614 0.177911 0.059008
v -0.201535 0.177238 0.058994
v -0.208094 0.176223 0.059865
v -0.202006 0.175589 0.059910
v -0.195927 0.174919 0.059912
v -0.202486 0.173900 0.060744
v -0.195476 0.176486 0.058948
v -0.179274 0.166959 0.059610
v -0.179607 0.165834 0.060600
v -0.189410 0.175755 0.058863
v -0.189838 0.174281 0.059886
v -0.196387 0.173310 0.060800
v -0.183743 0.173662 0.059822
v -0.190276 0.172761 0.060836
v -0.184155 0.172246 0.060847
v -0.208581 0.174498 0.060639
v -0.196853 0.171672 0.061631
v -0.197323 0.170015 0.062420
v -0.190721 0.171211 0.061733
v -0.191170 0.169639 0.062590
v -0.184575 0.170798 0.061822
v -0.185000 0.169326 0.062760
v -0.178781 0.169150 0.062547
v -0.185431 0.167827 0.063650
v -0.178091 0.171504 0.060699
v -0.178433 0.170339 0.061639
v -0.180590 0.162540 0.063668
v -0.173026 0.166974 0.060077
v -0.173274 0.166155 0.060973
v -0.166766 0.167025 0.060480
v -0.166906 0.166767 0.062659
v -0.166052 0.169343 0.057606
v -0.177755 0.172639 0.059721
v -0.172041 0.170706 0.060544
v -0.166932 0.166500 0.061245
v -0.173520 0.165349 0.061881
v -0.173763 0.164554 0.062799
v -0.167094 0.165987 0.062017
v -0.174002 0.163773 0.063730
v -0.167254 0.165483 0.062795
v -0.167412 0.164991 0.063582
v -0.172297 0.169851 0.061402
v -0.172559 0.168975 0.062238
v -0.166172 0.169322 0.061165
v -0.166000 0.169878 0.060425
v -0.166350 0.168749 0.061891
v -0.166532 0.168154 0.062597
v -0.179135 0.167935 0.063418
v -0.172827 0.168075 0.063045
v -0.173097 0.167163 0.063840
v -0.166716 0.167550 0.063295
v -0.166903 0.166938 0.063985
v -0.255904 0.161530 0.061655
v -0.255522 0.162944 0.061565
v -0.250147 0.159731 0.062274
v -0.249748 0.161206 0.062159
v -0.255133 0.164379 0.061449
v -0.249766 0.161074 0.061613
v -0.249342 0.162703 0.062017
v -0.254745 0.165813 0.061320
v -0.254356 0.167246 0.061179
v -0.248936 0.164198 0.061862
v -0.248530 0.165692 0.061694
v -0.248124 0.167184 0.061510
v -0.247718 0.168675 0.061312
v -0.244367 0.158025 0.062944
v -0.243971 0.159415 0.062233
v -0.237733 0.159336 0.062229
v -0.238154 0.157849 0.062912
v -0.243950 0.159561 0.062801
v -0.243527 0.161119 0.062629
v -0.243104 0.162675 0.062443
v -0.238563 0.156415 0.063677
v -0.238130 0.158011 0.063500
v -0.237689 0.159629 0.063293
v -0.242681 0.164230 0.062243
v -0.242258 0.165782 0.062027
v -0.237249 0.161244 0.063070
v -0.236809 0.162858 0.062834
v -0.236368 0.164470 0.062581
v -0.231879 0.157908 0.062919
v -0.232736 0.154903 0.064485
v -0.232314 0.156377 0.063660
v -0.226003 0.156573 0.063686
v -0.231828 0.158233 0.064018
v -0.226450 0.155002 0.064491
v -0.225554 0.158151 0.062895
v -0.219643 0.156950 0.063684
v -0.219181 0.158571 0.062834
v -0.231370 0.159907 0.063753
v -0.230913 0.161579 0.063474
v -0.230456 0.163247 0.063177
v -0.224995 0.160393 0.064174
v -0.220103 0.155336 0.064547
v -0.232285 0.156556 0.064267
v -0.226884 0.153491 0.065383
v -0.226417 0.155201 0.065117
v -0.225943 0.156935 0.064818
v -0.220562 0.153729 0.065425
v -0.221007 0.152188 0.066391
v -0.220523 0.153953 0.066068
v -0.220033 0.155740 0.065710
v -0.225469 0.158665 0.064503
v -0.219542 0.157524 0.065336
v -0.219052 0.159304 0.064946
v -0.241835 0.167332 0.061797
v -0.241412 0.168881 0.061554
v -0.235928 0.166079 0.062313
v -0.235489 0.167685 0.062031
v -0.235049 0.169289 0.061732
v -0.230000 0.164913 0.062865
v -0.229543 0.166577 0.062539
v -0.224521 0.162117 0.063825
v -0.224048 0.163838 0.063462
v -0.223575 0.165556 0.063083
v -0.218074 0.162854 0.064112
v -0.229087 0.168237 0.062195
v -0.222632 0.168977 0.062261
v -0.223103 0.167270 0.062687
v -0.217585 0.164623 0.063672
v -0.217097 0.166388 0.063213
v -0.218563 0.161081 0.064537
v -0.216611 0.168145 0.062725
v -0.213708 0.155848 0.064578
v -0.213235 0.157499 0.063646
v -0.215102 0.151006 0.067535
v -0.214648 0.152570 0.066486
v -0.214179 0.154205 0.065524
v -0.214096 0.154658 0.066715
v -0.208491 0.152300 0.067382
v -0.208031 0.153892 0.066364
v -0.207570 0.155493 0.065361
v -0.213590 0.156492 0.066269
v -0.213085 0.158322 0.065807
v -0.201750 0.154069 0.067155
v -0.206641 0.158721 0.063400
v -0.207106 0.157102 0.064372
v -0.200868 0.157111 0.065074
v -0.200423 0.158646 0.064056
v -0.211572 0.163784 0.064315
v -0.211069 0.165595 0.063783
v -0.193758 0.160122 0.063734
v -0.194181 0.158671 0.064794
v -0.187909 0.158820 0.065635
v -0.212580 0.160147 0.065326
v -0.212076 0.161968 0.064828
v -0.201310 0.155586 0.066108
v -0.206935 0.157996 0.066492
v -0.206435 0.159794 0.065945
v -0.207436 0.156192 0.067019
v -0.200194 0.159795 0.066486
v -0.200676 0.158068 0.067098
v -0.205937 0.161587 0.065382
v -0.205438 0.163375 0.064803
v -0.199231 0.163234 0.065216
v -0.199712 0.161517 0.065859
v -0.195021 0.155799 0.066955
v -0.194602 0.157230 0.065867
v -0.195437 0.154378 0.068056
v -0.188303 0.157488 0.066774
v -0.193923 0.159910 0.067097
v -0.193460 0.161552 0.066394
v -0.188694 0.156168 0.067927
v -0.214602 0.152821 0.067143
v -0.208934 0.150781 0.068485
v -0.208439 0.152572 0.068027
v -0.202610 0.151128 0.069358
v -0.207937 0.154384 0.067532
v -0.202189 0.152561 0.068216
v -0.202130 0.152853 0.068833
v -0.201645 0.154596 0.068270
v -0.195852 0.152966 0.069170
v -0.196248 0.151631 0.070358
v -0.195787 0.153280 0.069754
v -0.189838 0.152335 0.071511
v -0.201160 0.156334 0.067692
v -0.194387 0.158262 0.067785
v -0.194853 0.156607 0.068456
v -0.189083 0.154857 0.069091
v -0.195319 0.154946 0.069113
v -0.189470 0.153557 0.070268
v -0.187618 0.160166 0.067789
v -0.181863 0.158304 0.067931
v -0.188060 0.158610 0.068568
v -0.182176 0.157268 0.069021
v -0.188504 0.157046 0.069331
v -0.181673 0.159148 0.069063
v -0.188950 0.155475 0.070080
v -0.189396 0.153898 0.070814
v -0.182779 0.155288 0.071272
v -0.182412 0.156571 0.070561
v -0.182486 0.156242 0.070121
v -0.182042 0.157863 0.069818
v -0.210568 0.167398 0.063220
v -0.210068 0.169193 0.062634
v -0.204941 0.165158 0.064205
v -0.204446 0.166930 0.063578
v -0.198751 0.164944 0.064556
v -0.198273 0.166643 0.063866
v -0.203952 0.168695 0.062928
v -0.197797 0.168334 0.063155
v -0.187513 0.160161 0.064508
v -0.180911 0.161467 0.064719
v -0.191624 0.168043 0.063396
v -0.192080 0.166435 0.064179
v -0.192538 0.164818 0.064941
v -0.185864 0.166316 0.064518
v -0.186299 0.164794 0.065367
v -0.192999 0.163189 0.065676
v -0.181231 0.160403 0.065779
v -0.181548 0.159348 0.066849
v -0.187177 0.161716 0.066996
v -0.186737 0.163259 0.066190
v -0.180575 0.162963 0.066725
v -0.179850 0.165472 0.065107
v -0.180212 0.164222 0.065923
v -0.179491 0.166709 0.064270
v -0.174239 0.163002 0.064670
v -0.174474 0.162239 0.065616
v -0.174939 0.160737 0.067531
v -0.174708 0.161483 0.066569
v -0.180939 0.161699 0.067516
v -0.173920 0.164369 0.066146
v -0.174198 0.163422 0.066894
v -0.168023 0.163095 0.066777
v -0.167567 0.164506 0.064374
v -0.173369 0.166243 0.064622
v -0.173644 0.165310 0.065389
v -0.167721 0.164029 0.065171
v -0.167873 0.163558 0.065971
v -0.167092 0.166314 0.064664
v -0.167283 0.165684 0.065337
v -0.167668 0.164407 0.066666
v -0.167863 0.163760 0.067321
v -0.167474 0.165049 0.066005
v -0.168172 0.162638 0.067587
v -0.168059 0.163107 0.067970
v -0.168318 0.162189 0.068401
v -0.168256 0.162448 0.068612
v -0.174478 0.162469 0.067634
v -0.174759 0.161508 0.068364
v -0.168452 0.161790 0.069234
v -0.181305 0.160427 0.068296
v -0.175168 0.159999 0.068499
v -0.175395 0.159269 0.069473
v -0.175041 0.160542 0.069085
v -0.175325 0.159569 0.069797
v -0.175607 0.158601 0.070483
v -0.212584 0.182281 0.055387
v -0.200841 0.179272 0.054408
v -0.194848 0.178277 0.054391
v -0.200408 0.180963 0.055025
v -0.194417 0.179949 0.054918
v -0.206449 0.181793 0.055165
v -0.206712 0.181011 0.056832
v -0.200655 0.180244 0.056713
v -0.188858 0.177267 0.054334
v -0.188429 0.178918 0.054756
v -0.183339 0.174552 0.054719
v -0.177504 0.173043 0.055302
v -0.182878 0.176213 0.054228
v -0.177116 0.174423 0.054761
v -0.182451 0.177841 0.054528
v -0.194640 0.179318 0.056594
v -0.188625 0.178389 0.056420
v -0.176743 0.175831 0.054895
v -0.182614 0.177433 0.056180
v -0.195041 0.177978 0.057866
v -0.188999 0.177151 0.057730
v -0.176852 0.175597 0.056335
v -0.182958 0.176313 0.057536
v -0.183341 0.175029 0.058730
v -0.177123 0.174737 0.057574
v -0.171687 0.171487 0.056075
v -0.171385 0.172547 0.055517
v -0.171079 0.173685 0.055498
v -0.171135 0.173619 0.056675
v -0.165853 0.170010 0.056973
v -0.165637 0.170750 0.056436
v -0.165404 0.171604 0.056298
v -0.165414 0.171674 0.057192
v -0.171326 0.173034 0.057746
v -0.165531 0.171343 0.058063
v -0.177430 0.173727 0.058687
v -0.171550 0.172318 0.058730
v -0.165675 0.170905 0.058883
v -0.171790 0.171533 0.059657
v -0.165833 0.170409 0.059667
v -0.141229 -0.171423 0.064020
v -0.142015 -0.170652 0.071202
v -0.143370 -0.172791 0.063968
v -0.143984 -0.171911 0.071154
v -0.145761 -0.173648 0.063905
v -0.146184 -0.172699 0.071096
v -0.148283 -0.173952 0.063832
v -0.148504 -0.172978 0.071029
v -0.150809 -0.173686 0.063754
v -0.148365 -0.162605 0.063726
v -0.153212 -0.172865 0.063675
v -0.155372 -0.171529 0.063598
v -0.157181 -0.169746 0.063528
v -0.150828 -0.172734 0.070957
v -0.153039 -0.171978 0.070885
v -0.155027 -0.170750 0.070814
v -0.156691 -0.169109 0.070749
v -0.147291 -0.168569 0.075834
v -0.144798 -0.167346 0.075897
v -0.145976 -0.168098 0.075869
v -0.148678 -0.168736 0.075794
v -0.150067 -0.168590 0.075751
v -0.151389 -0.168139 0.075707
v -0.152577 -0.167404 0.075665
v -0.148723 -0.162496 0.075736
v -0.153572 -0.166423 0.075626
v -0.158548 -0.167604 0.063468
v -0.159404 -0.165212 0.063421
v -0.159707 -0.162690 0.063389
v -0.159441 -0.160163 0.063373
v -0.158619 -0.157758 0.063376
v -0.157283 -0.155597 0.063396
v -0.155500 -0.153787 0.063433
v -0.157948 -0.167139 0.070694
v -0.158736 -0.164938 0.070650
v -0.159014 -0.162617 0.070621
v -0.158770 -0.160293 0.070607
v -0.158014 -0.158080 0.070610
v -0.156785 -0.156092 0.070628
v -0.155144 -0.154426 0.070662
v -0.154324 -0.165245 0.075593
v -0.154795 -0.163930 0.075567
v -0.154961 -0.162542 0.075550
v -0.154815 -0.161152 0.075541
v -0.154363 -0.159830 0.075543
v -0.153628 -0.158641 0.075554
v -0.152648 -0.157646 0.075574
v -0.139446 -0.169613 0.064056
v -0.140375 -0.168987 0.071236
v -0.138110 -0.167452 0.064077
v -0.139146 -0.166998 0.071254
v -0.137289 -0.165047 0.064079
v -0.138390 -0.164786 0.071257
v -0.137022 -0.162520 0.064064
v -0.137325 -0.159997 0.064032
v -0.138181 -0.157605 0.063985
v -0.139548 -0.155464 0.063925
v -0.138145 -0.162461 0.071243
v -0.138423 -0.160140 0.071213
v -0.139211 -0.157940 0.071170
v -0.140468 -0.155970 0.071114
v -0.143818 -0.166350 0.075917
v -0.143083 -0.165161 0.075928
v -0.142631 -0.163839 0.075930
v -0.142485 -0.162449 0.075921
v -0.142651 -0.161061 0.075904
v -0.143122 -0.159746 0.075878
v -0.143874 -0.158568 0.075845
v -0.141357 -0.153681 0.063854
v -0.143517 -0.152345 0.063778
v -0.145920 -0.151524 0.063699
v -0.148446 -0.151258 0.063621
v -0.150968 -0.151562 0.063548
v -0.153359 -0.152419 0.063485
v -0.142132 -0.154329 0.071050
v -0.144120 -0.153100 0.070979
v -0.146331 -0.152345 0.070906
v -0.148655 -0.152100 0.070835
v -0.150975 -0.152379 0.070768
v -0.153175 -0.153168 0.070709
v -0.144869 -0.157587 0.075806
v -0.146057 -0.156853 0.075764
v -0.147379 -0.156401 0.075720
v -0.148768 -0.156255 0.075677
v -0.150155 -0.156422 0.075638
v -0.151470 -0.156893 0.075603
v -0.122553 -0.145446 0.059299
v -0.116649 -0.143136 0.059412
v -0.121642 -0.146576 0.059473
v -0.126730 -0.149904 0.059766
v -0.121845 -0.146365 0.060906
v -0.116975 -0.142780 0.061053
v -0.123471 -0.144327 0.059803
v -0.117699 -0.141831 0.059067
v -0.127472 -0.148988 0.059752
v -0.128182 -0.148126 0.060281
v -0.124344 -0.143268 0.060491
v -0.118797 -0.140487 0.059512
v -0.132345 -0.152591 0.060371
v -0.131784 -0.153280 0.060257
v -0.132846 -0.151987 0.060887
v -0.126815 -0.149832 0.060940
v -0.131770 -0.153322 0.061153
v -0.133302 -0.151440 0.061501
v -0.128846 -0.147325 0.060952
v -0.127234 -0.149343 0.061995
v -0.132017 -0.153042 0.062014
v -0.133730 -0.150930 0.062167
v -0.122449 -0.145653 0.062121
v -0.117752 -0.141857 0.062377
v -0.127736 -0.148751 0.062959
v -0.132331 -0.152676 0.062822
v -0.135160 -0.149285 0.066481
v -0.123147 -0.144821 0.063206
v -0.118631 -0.140804 0.063535
v -0.112287 -0.138935 0.059920
v -0.112690 -0.138482 0.061570
v -0.113346 -0.137613 0.059452
v -0.114490 -0.136210 0.059790
v -0.119855 -0.139200 0.060179
v -0.107951 -0.134697 0.060361
v -0.109021 -0.133361 0.059789
v -0.110204 -0.131907 0.060035
v -0.108422 -0.134163 0.062019
v -0.103624 -0.130448 0.060747
v -0.104703 -0.129098 0.060083
v -0.105922 -0.127598 0.060252
v -0.100486 -0.124711 0.060431
v -0.099419 -0.126049 0.061160
v -0.104153 -0.129842 0.062415
v -0.099988 -0.125393 0.062806
v -0.095440 -0.121374 0.061647
v -0.096456 -0.120098 0.060892
v -0.113543 -0.137464 0.062845
v -0.109339 -0.133064 0.063254
v -0.114493 -0.136322 0.063939
v -0.110350 -0.131845 0.064294
v -0.096019 -0.120702 0.063210
v -0.105128 -0.128672 0.063617
v -0.100993 -0.124183 0.063956
v -0.097011 -0.119507 0.064275
v -0.128280 -0.148104 0.063863
v -0.132682 -0.152264 0.063592
v -0.128850 -0.147424 0.064727
v -0.123892 -0.143929 0.064208
v -0.119560 -0.139687 0.064589
v -0.133055 -0.151824 0.064335
v -0.129437 -0.146722 0.065562
v -0.133443 -0.151365 0.065060
v -0.124666 -0.143000 0.065155
v -0.115489 -0.135120 0.064920
v -0.120518 -0.138531 0.065574
v -0.106192 -0.127385 0.064612
v -0.091441 -0.116720 0.062075
v -0.092025 -0.116041 0.063561
v -0.125184 -0.142253 0.061278
v -0.129478 -0.146565 0.061697
v -0.130088 -0.145834 0.062489
v -0.126001 -0.141268 0.062127
v -0.120881 -0.137955 0.060967
v -0.134138 -0.150446 0.062863
v -0.134532 -0.149980 0.063579
v -0.126800 -0.140306 0.063018
v -0.121883 -0.136741 0.061831
v -0.130682 -0.145123 0.063311
v -0.115602 -0.134854 0.060360
v -0.116686 -0.133535 0.061058
v -0.111362 -0.130491 0.060524
v -0.112496 -0.129107 0.061146
v -0.101713 -0.123200 0.060530
v -0.107122 -0.126128 0.060671
v -0.108302 -0.124687 0.061228
v -0.102926 -0.121711 0.060881
v -0.097641 -0.118636 0.060930
v -0.098819 -0.117189 0.061212
v -0.104123 -0.120248 0.061373
v -0.099983 -0.115764 0.061632
v -0.117749 -0.132243 0.061836
v -0.122868 -0.135551 0.062746
v -0.113612 -0.127749 0.061851
v -0.118797 -0.130973 0.062669
v -0.123839 -0.134379 0.063699
v -0.114714 -0.126410 0.062615
v -0.119832 -0.129719 0.063543
v -0.109465 -0.123269 0.061873
v -0.110615 -0.121868 0.062578
v -0.105304 -0.118805 0.061953
v -0.101134 -0.114357 0.062137
v -0.115804 -0.125086 0.063422
v -0.106474 -0.117379 0.062595
v -0.102275 -0.112964 0.062702
v -0.111754 -0.120483 0.063328
v -0.107634 -0.115965 0.063283
v -0.103407 -0.111583 0.063313
v -0.134915 -0.149527 0.064311
v -0.131263 -0.144429 0.064157
v -0.135283 -0.149093 0.065060
v -0.131828 -0.143756 0.065030
v -0.125458 -0.142047 0.066062
v -0.127586 -0.139361 0.063939
v -0.128354 -0.138440 0.064898
v -0.129113 -0.137529 0.065874
v -0.124791 -0.133230 0.064699
v -0.130037 -0.146004 0.066373
v -0.133842 -0.150892 0.065769
v -0.134255 -0.150402 0.066459
v -0.135645 -0.148667 0.065818
v -0.136001 -0.148249 0.066582
v -0.132385 -0.143093 0.065914
v -0.121495 -0.137350 0.066508
v -0.126264 -0.141076 0.066937
v -0.130652 -0.145266 0.067155
v -0.134673 -0.149904 0.067139
v -0.135096 -0.149400 0.067812
v -0.131274 -0.144520 0.067924
v -0.136350 -0.147840 0.067355
v -0.122487 -0.136150 0.067405
v -0.127086 -0.140084 0.067773
v -0.132936 -0.142438 0.066810
v -0.133477 -0.141795 0.067720
v -0.129866 -0.136628 0.066864
v -0.125735 -0.132093 0.065720
v -0.130608 -0.135739 0.067873
v -0.126671 -0.130966 0.066758
v -0.111404 -0.130569 0.065215
v -0.116512 -0.133881 0.065828
v -0.112484 -0.129260 0.066057
v -0.102084 -0.122863 0.064895
v -0.098081 -0.118210 0.065130
v -0.107298 -0.126044 0.065482
v -0.108427 -0.124672 0.066269
v -0.103213 -0.121491 0.065705
v -0.099186 -0.116866 0.065860
v -0.117553 -0.132620 0.066681
v -0.113579 -0.127929 0.066843
v -0.118607 -0.131341 0.067494
v -0.123495 -0.134930 0.068253
v -0.114687 -0.126582 0.067585
v -0.104364 -0.120090 0.066430
v -0.109572 -0.123279 0.066997
v -0.105529 -0.118670 0.067095
v -0.100310 -0.115496 0.066507
v -0.101447 -0.114109 0.067096
v -0.110727 -0.121871 0.067679
v -0.106704 -0.117237 0.067714
v -0.120850 -0.128488 0.064466
v -0.116879 -0.123783 0.064281
v -0.121860 -0.127267 0.065411
v -0.117947 -0.122490 0.065163
v -0.112879 -0.119116 0.064133
v -0.113997 -0.117758 0.064962
v -0.108781 -0.114570 0.064026
v -0.104528 -0.110217 0.063977
v -0.109922 -0.113183 0.064795
v -0.105644 -0.108859 0.064667
v -0.119007 -0.121205 0.066066
v -0.115109 -0.116409 0.065813
v -0.111057 -0.111803 0.065585
v -0.122863 -0.126055 0.066376
v -0.127597 -0.129853 0.067821
v -0.123857 -0.124856 0.067367
v -0.120059 -0.119932 0.066996
v -0.102592 -0.112710 0.067639
v -0.103746 -0.111298 0.068127
v -0.106754 -0.107508 0.065378
v -0.116212 -0.115071 0.066693
v -0.112185 -0.110434 0.066405
v -0.107857 -0.106167 0.066117
v -0.121105 -0.118667 0.067943
v -0.117311 -0.113740 0.067590
v -0.113307 -0.109072 0.067243
v -0.108955 -0.104832 0.066874
v -0.114425 -0.107715 0.068095
v -0.110050 -0.103501 0.067645
v -0.092409 -0.115504 0.061306
v -0.093553 -0.114092 0.061295
v -0.088338 -0.110939 0.061683
v -0.087416 -0.112099 0.062458
v -0.089439 -0.109578 0.061634
v -0.084235 -0.106412 0.062029
v -0.094693 -0.112691 0.061521
v -0.090540 -0.108224 0.061812
v -0.085293 -0.105103 0.061949
v -0.083357 -0.107517 0.062803
v -0.087998 -0.111419 0.063870
v -0.092998 -0.114867 0.064550
v -0.083934 -0.106843 0.064145
v -0.095821 -0.111307 0.061880
v -0.091631 -0.106885 0.062119
v -0.086354 -0.103797 0.062088
v -0.087408 -0.102504 0.062351
v -0.080095 -0.101931 0.062351
v -0.079260 -0.102983 0.063117
v -0.075120 -0.098500 0.063406
v -0.079827 -0.102317 0.064392
v -0.075675 -0.097848 0.064617
v -0.081110 -0.100674 0.062246
v -0.082131 -0.099417 0.062353
v -0.075913 -0.097500 0.062652
v -0.076886 -0.096295 0.062528
v -0.077865 -0.095088 0.062607
v -0.071686 -0.093125 0.062937
v -0.072616 -0.091972 0.062798
v -0.070932 -0.094075 0.063675
v -0.071474 -0.093439 0.064823
v -0.096939 -0.109939 0.062322
v -0.098048 -0.108584 0.062822
v -0.092714 -0.105559 0.062507
v -0.088453 -0.101222 0.062692
v -0.093789 -0.104244 0.062951
v -0.099150 -0.107239 0.063366
v -0.089492 -0.099950 0.063088
v -0.100241 -0.105908 0.063963
v -0.094857 -0.102939 0.063437
v -0.090525 -0.098687 0.063525
v -0.095916 -0.101646 0.063976
v -0.083145 -0.098171 0.062578
v -0.084153 -0.096935 0.062878
v -0.078840 -0.093890 0.062800
v -0.073554 -0.090815 0.062854
v -0.079809 -0.092701 0.063065
v -0.074489 -0.089666 0.063019
v -0.085155 -0.095707 0.063232
v -0.086152 -0.094488 0.063624
v -0.091550 -0.097435 0.064011
v -0.080773 -0.091519 0.063381
v -0.075419 -0.088524 0.063253
v -0.081732 -0.090345 0.063735
v -0.087141 -0.093278 0.064065
v -0.076344 -0.087390 0.063536
v -0.082685 -0.089180 0.064136
v -0.077265 -0.086262 0.063856
v -0.067410 -0.088809 0.063207
v -0.068298 -0.087708 0.063058
v -0.063570 -0.083962 0.063716
v -0.066696 -0.089711 0.063927
v -0.067221 -0.089092 0.065014
v -0.062981 -0.084706 0.064324
v -0.063424 -0.084184 0.065220
v -0.069195 -0.086602 0.063094
v -0.070089 -0.085502 0.063234
v -0.064307 -0.083048 0.063580
v -0.065052 -0.082129 0.063597
v -0.070979 -0.084409 0.063442
v -0.065795 -0.081214 0.063701
v -0.071865 -0.083322 0.063695
v -0.072747 -0.082241 0.063984
v -0.078180 -0.085142 0.064220
v -0.066536 -0.080304 0.063860
v -0.067273 -0.079399 0.064059
v -0.068008 -0.078499 0.064286
v -0.059802 -0.079027 0.064261
v -0.059358 -0.079589 0.064730
v -0.060361 -0.078334 0.064149
v -0.060927 -0.077636 0.064153
v -0.061492 -0.076940 0.064224
v -0.055983 -0.074154 0.064782
v -0.056364 -0.073682 0.064700
v -0.056751 -0.073205 0.064697
v -0.062055 -0.076248 0.064336
v -0.057137 -0.072729 0.064740
v -0.062615 -0.075560 0.064478
v -0.088948 -0.110271 0.064789
v -0.094043 -0.113599 0.065333
v -0.084859 -0.105724 0.065002
v -0.089965 -0.109036 0.065509
v -0.095120 -0.112288 0.065993
v -0.091011 -0.107761 0.066108
v -0.085845 -0.104525 0.065663
v -0.086858 -0.103289 0.066210
v -0.080725 -0.101232 0.065191
v -0.076543 -0.096798 0.065363
v -0.072311 -0.092425 0.065520
v -0.081679 -0.100071 0.065802
v -0.082657 -0.098876 0.066301
v -0.077463 -0.095677 0.065927
v -0.073196 -0.091346 0.066042
v -0.078406 -0.094525 0.066383
v -0.096214 -0.110953 0.066573
v -0.092073 -0.106464 0.066630
v -0.097319 -0.109603 0.067095
v -0.087886 -0.102034 0.066680
v -0.101327 -0.104584 0.064583
v -0.096970 -0.100360 0.064537
v -0.074103 -0.090239 0.066459
v -0.093145 -0.105154 0.067096
v -0.088922 -0.100766 0.067097
v -0.098432 -0.108242 0.067574
v -0.094223 -0.103835 0.067519
v -0.099552 -0.106870 0.067999
v -0.089963 -0.099490 0.067472
v -0.095308 -0.102506 0.067890
v -0.091011 -0.098206 0.067797
v -0.092062 -0.096917 0.068099
v -0.096395 -0.101173 0.068237
v -0.083649 -0.097664 0.066726
v -0.084648 -0.096440 0.067099
v -0.079361 -0.093357 0.066768
v -0.075019 -0.089116 0.066809
v -0.080322 -0.092179 0.067104
v -0.085653 -0.095210 0.067433
v -0.081289 -0.090995 0.067401
v -0.075943 -0.087985 0.067111
v -0.076870 -0.086847 0.067376
v -0.086662 -0.093971 0.067718
v -0.087674 -0.092729 0.067981
v -0.082259 -0.089803 0.067651
v -0.083232 -0.088608 0.067880
v -0.077801 -0.085704 0.067596
v -0.068026 -0.088117 0.065665
v -0.064095 -0.083370 0.065750
v -0.068876 -0.087081 0.066148
v -0.069745 -0.086019 0.066530
v -0.064804 -0.082506 0.066139
v -0.065528 -0.081620 0.066445
v -0.066259 -0.080724 0.066696
v -0.059698 -0.079187 0.065406
v -0.055681 -0.074536 0.065107
v -0.060211 -0.078566 0.065800
v -0.055916 -0.074259 0.065565
v -0.056268 -0.073832 0.065830
v -0.052111 -0.069347 0.065282
v -0.051950 -0.069551 0.065458
v -0.052077 -0.069400 0.065702
v -0.052266 -0.069171 0.065842
v -0.060750 -0.077907 0.066087
v -0.056638 -0.073381 0.066020
v -0.061301 -0.077233 0.066311
v -0.057522 -0.072256 0.064812
v -0.068738 -0.077605 0.064549
v -0.063174 -0.074875 0.064642
v -0.057905 -0.071785 0.064903
v -0.063730 -0.074194 0.064833
v -0.058287 -0.071316 0.065010
v -0.052315 -0.069094 0.065235
v -0.052522 -0.068838 0.065231
v -0.052729 -0.068583 0.065251
v -0.052936 -0.068329 0.065287
v -0.053727 -0.067368 0.065878
v -0.058668 -0.070850 0.065135
v -0.053142 -0.068076 0.065334
v -0.053347 -0.067824 0.065388
v -0.053551 -0.067573 0.065453
v -0.059047 -0.070385 0.065269
v -0.053755 -0.067324 0.065522
v -0.053958 -0.067075 0.065595
v -0.059425 -0.069922 0.065410
v -0.054161 -0.066827 0.065673
v -0.061858 -0.076551 0.066493
v -0.062418 -0.075864 0.066646
v -0.057015 -0.072919 0.066168
v -0.057396 -0.072452 0.066287
v -0.057778 -0.071982 0.066387
v -0.058163 -0.071511 0.066471
v -0.062979 -0.075174 0.066777
v -0.052465 -0.068928 0.065942
v -0.052668 -0.068680 0.066018
v -0.052872 -0.068429 0.066080
v -0.053078 -0.068177 0.066130
v -0.053284 -0.067923 0.066173
v -0.053491 -0.067669 0.066205
v -0.053698 -0.067414 0.066233
v -0.054363 -0.066580 0.065755
v -0.054564 -0.066333 0.065839
v -0.053905 -0.067159 0.066257
v -0.054112 -0.066904 0.066275
v -0.054320 -0.066648 0.066291
v -0.054527 -0.066392 0.066303
v -0.058548 -0.071037 0.066536
v -0.063543 -0.074481 0.066881
v -0.058934 -0.070562 0.066593
v -0.059320 -0.070087 0.066643
v -0.070623 -0.084943 0.066848
v -0.071507 -0.083859 0.067120
v -0.072395 -0.082770 0.067356
v -0.073286 -0.081674 0.067550
v -0.066995 -0.079822 0.066909
v -0.067734 -0.078915 0.067093
v -0.068475 -0.078003 0.067241
v -0.073624 -0.081167 0.064316
v -0.092571 -0.096189 0.064520
v -0.098021 -0.099079 0.065119
v -0.102409 -0.103267 0.065226
v -0.103484 -0.101958 0.065895
v -0.093588 -0.094948 0.065049
v -0.099065 -0.097806 0.065727
v -0.094600 -0.093714 0.065604
v -0.088126 -0.092074 0.064528
v -0.089109 -0.090875 0.065010
v -0.083634 -0.088019 0.064557
v -0.084581 -0.086863 0.064997
v -0.079092 -0.084026 0.064604
v -0.090086 -0.089682 0.065517
v -0.095608 -0.092485 0.066175
v -0.085522 -0.085713 0.065461
v -0.080002 -0.082915 0.065006
v -0.091061 -0.088494 0.066039
v -0.086462 -0.084567 0.065940
v -0.080907 -0.081809 0.065431
v -0.104555 -0.100654 0.066582
v -0.100106 -0.096539 0.066353
v -0.101144 -0.095275 0.066992
v -0.096614 -0.091260 0.066759
v -0.105623 -0.099356 0.067283
v -0.106687 -0.098062 0.067999
v -0.088688 -0.091484 0.068224
v -0.078734 -0.084557 0.067795
v -0.084206 -0.087412 0.068090
v -0.085182 -0.086212 0.068275
v -0.079668 -0.083409 0.067976
v -0.080604 -0.082258 0.068133
v -0.092032 -0.087309 0.066575
v -0.087398 -0.083424 0.066432
v -0.081810 -0.080706 0.065871
v -0.102178 -0.094016 0.067645
v -0.097616 -0.090038 0.067357
v -0.103208 -0.092763 0.068315
v -0.093001 -0.086128 0.067124
v -0.088332 -0.082285 0.066936
v -0.082710 -0.079607 0.066323
v -0.098615 -0.088822 0.067972
v -0.093967 -0.084951 0.067688
v -0.089263 -0.081150 0.067455
v -0.083609 -0.078511 0.066787
v -0.094930 -0.083778 0.068265
v -0.090192 -0.080018 0.067987
v -0.084504 -0.077419 0.067265
v -0.074498 -0.080098 0.064666
v -0.075370 -0.079032 0.065034
v -0.069466 -0.076714 0.064828
v -0.070192 -0.075825 0.065121
v -0.076238 -0.077971 0.065424
v -0.077104 -0.076913 0.065828
v -0.077967 -0.075859 0.066244
v -0.070915 -0.074941 0.065433
v -0.071636 -0.074060 0.065756
v -0.072356 -0.073180 0.066089
v -0.064284 -0.073516 0.065037
v -0.064836 -0.072839 0.065251
v -0.065387 -0.072166 0.065479
v -0.059802 -0.069461 0.065561
v -0.065936 -0.071494 0.065716
v -0.066484 -0.070825 0.065961
v -0.060178 -0.069001 0.065717
v -0.054766 -0.066087 0.065926
v -0.054966 -0.065842 0.066016
v -0.054734 -0.066136 0.066312
v -0.054942 -0.065881 0.066319
v -0.055166 -0.065598 0.066109
v -0.055366 -0.065354 0.066205
v -0.055149 -0.065625 0.066322
v -0.055357 -0.065369 0.066322
v -0.060553 -0.068543 0.065879
v -0.055561 -0.065117 0.066318
v -0.060928 -0.068085 0.066046
v -0.061301 -0.067629 0.066219
v -0.059706 -0.069611 0.066682
v -0.060093 -0.069134 0.066715
v -0.060479 -0.068658 0.066743
v -0.060866 -0.068181 0.066766
v -0.067030 -0.070157 0.066213
v -0.061673 -0.067174 0.066397
v -0.062045 -0.066720 0.066580
v -0.061253 -0.067704 0.066782
v -0.061640 -0.067227 0.066793
v -0.062026 -0.066749 0.066799
v -0.062407 -0.066279 0.066795
v -0.067576 -0.069491 0.066474
v -0.068119 -0.068827 0.066741
v -0.073074 -0.072303 0.066432
v -0.069218 -0.077091 0.067373
v -0.074179 -0.080577 0.067723
v -0.075073 -0.079478 0.067879
v -0.075968 -0.078377 0.068012
v -0.069961 -0.076176 0.067490
v -0.070705 -0.075260 0.067588
v -0.081540 -0.081106 0.068275
v -0.076863 -0.077274 0.068131
v -0.077759 -0.076171 0.068238
v -0.082477 -0.079953 0.068404
v -0.071449 -0.074344 0.067673
v -0.072194 -0.073426 0.067749
v -0.072939 -0.072508 0.067815
v -0.064107 -0.073787 0.066972
v -0.064672 -0.073092 0.067052
v -0.065237 -0.072396 0.067118
v -0.065803 -0.071699 0.067175
v -0.066369 -0.071002 0.067223
v -0.066935 -0.070304 0.067265
v -0.067501 -0.069606 0.067296
v -0.073790 -0.071429 0.066787
v -0.068662 -0.068165 0.067017
v -0.069190 -0.067522 0.067339
v -0.068067 -0.068908 0.067321
v -0.068633 -0.068210 0.067337
v -0.073684 -0.071589 0.067869
v -0.078829 -0.074807 0.066671
v -0.079688 -0.073759 0.067112
v -0.080545 -0.072713 0.067565
v -0.074504 -0.070558 0.067150
v -0.085397 -0.076330 0.067756
v -0.078655 -0.075067 0.068332
v -0.079552 -0.073962 0.068412
v -0.074430 -0.070670 0.067912
v -0.081399 -0.071671 0.068029
v -0.075216 -0.069689 0.067524
v -0.080449 -0.072857 0.068480
v -0.075175 -0.069751 0.067945
v -0.086287 -0.075244 0.068259
v -0.082229 -0.070661 0.068567
v -0.081346 -0.071751 0.068535
v -0.075909 -0.068846 0.067959
v -0.135527 -0.148887 0.068474
v -0.131902 -0.143767 0.068680
v -0.136693 -0.147438 0.068134
v -0.135961 -0.148369 0.069129
v -0.137033 -0.147040 0.068917
v -0.127915 -0.139083 0.068592
v -0.136398 -0.147847 0.069779
v -0.132536 -0.143003 0.069421
v -0.136840 -0.147320 0.070422
v -0.134013 -0.141159 0.068638
v -0.124510 -0.133699 0.069079
v -0.137368 -0.146648 0.069704
v -0.137698 -0.146263 0.070497
v -0.137285 -0.146788 0.071059
v -0.133176 -0.142234 0.070151
v -0.134544 -0.140529 0.069562
v -0.128751 -0.138074 0.069394
v -0.129594 -0.137055 0.070174
v -0.125531 -0.132461 0.069885
v -0.138024 -0.145882 0.071294
v -0.137733 -0.146252 0.071689
v -0.133819 -0.141460 0.070873
v -0.138185 -0.145712 0.072313
v -0.138346 -0.145507 0.072095
v -0.135070 -0.139905 0.070494
v -0.130441 -0.136030 0.070942
v -0.138635 -0.145172 0.072917
v -0.134466 -0.140681 0.071586
v -0.135117 -0.139896 0.072289
v -0.135590 -0.139289 0.071435
v -0.131344 -0.134859 0.068894
v -0.132075 -0.133985 0.069925
v -0.128516 -0.128748 0.068898
v -0.126560 -0.131213 0.070665
v -0.132800 -0.133119 0.070965
v -0.131293 -0.134999 0.071698
v -0.127593 -0.129958 0.071428
v -0.128630 -0.128698 0.072178
v -0.129430 -0.127650 0.069987
v -0.133518 -0.132261 0.072017
v -0.130337 -0.126560 0.071088
v -0.119676 -0.130043 0.068256
v -0.120750 -0.128737 0.068994
v -0.115807 -0.125217 0.068273
v -0.116933 -0.123846 0.068937
v -0.121830 -0.127423 0.069711
v -0.118064 -0.122467 0.069579
v -0.124844 -0.123665 0.068373
v -0.111894 -0.120448 0.068306
v -0.107889 -0.115789 0.068276
v -0.113066 -0.119017 0.068907
v -0.109079 -0.114335 0.068812
v -0.104904 -0.109881 0.068589
v -0.106066 -0.108459 0.069028
v -0.114242 -0.117581 0.069485
v -0.110272 -0.112876 0.069325
v -0.115424 -0.116137 0.070033
v -0.111470 -0.111410 0.069807
v -0.122917 -0.126101 0.070400
v -0.119201 -0.121080 0.070192
v -0.120342 -0.119689 0.070786
v -0.124008 -0.124772 0.071072
v -0.125102 -0.123440 0.071729
v -0.135772 -0.139107 0.072983
v -0.136105 -0.138679 0.072382
v -0.136431 -0.138313 0.073668
v -0.136615 -0.138076 0.073336
v -0.132149 -0.133964 0.072442
v -0.133009 -0.132922 0.073172
v -0.137086 -0.137522 0.074326
v -0.133873 -0.131875 0.073892
v -0.134231 -0.131410 0.073078
v -0.129671 -0.127433 0.072914
v -0.130717 -0.126162 0.073632
v -0.134939 -0.130567 0.074149
v -0.134740 -0.130824 0.074599
v -0.135601 -0.129780 0.075273
v -0.125826 -0.122481 0.069392
v -0.122146 -0.117409 0.068904
v -0.118404 -0.112416 0.068501
v -0.107231 -0.107032 0.069438
v -0.108398 -0.105601 0.069829
v -0.115538 -0.106365 0.068963
v -0.111141 -0.102177 0.068432
v -0.119493 -0.111097 0.069428
v -0.123182 -0.116157 0.069879
v -0.120575 -0.109786 0.070372
v -0.126803 -0.121303 0.070425
v -0.131238 -0.125479 0.072204
v -0.127773 -0.120135 0.071473
v -0.121485 -0.118293 0.071366
v -0.122632 -0.116893 0.071930
v -0.124212 -0.114912 0.070870
v -0.128738 -0.118973 0.072534
v -0.116609 -0.114689 0.070562
v -0.112671 -0.109940 0.070270
v -0.113874 -0.108467 0.070716
v -0.117797 -0.113237 0.071075
v -0.118987 -0.111781 0.071571
v -0.109568 -0.104168 0.070204
v -0.110739 -0.102732 0.070563
v -0.115080 -0.106991 0.071146
v -0.125237 -0.113675 0.071875
v -0.116287 -0.105511 0.071557
v -0.120180 -0.110322 0.072049
v -0.116646 -0.105021 0.069849
v -0.112227 -0.100858 0.069236
v -0.121653 -0.108482 0.071329
v -0.117750 -0.103684 0.070749
v -0.113308 -0.099546 0.070054
v -0.122726 -0.107184 0.072303
v -0.111912 -0.101293 0.070903
v -0.113087 -0.099851 0.071228
v -0.117497 -0.104029 0.071952
v -0.118848 -0.102353 0.071665
v -0.114386 -0.098239 0.070887
v -0.114263 -0.098408 0.071536
v -0.119904 -0.101077 0.072671
v -0.132133 -0.124405 0.073332
v -0.131766 -0.124886 0.074338
v -0.132819 -0.123605 0.075028
v -0.133022 -0.123340 0.074472
v -0.133862 -0.122336 0.075681
v -0.126200 -0.122102 0.072371
v -0.127301 -0.120760 0.072996
v -0.128406 -0.119413 0.073606
v -0.123781 -0.115489 0.072475
v -0.129697 -0.117819 0.073608
v -0.124934 -0.114081 0.073005
v -0.126089 -0.112669 0.073518
v -0.121375 -0.108859 0.072510
v -0.129513 -0.118062 0.074201
v -0.130609 -0.116725 0.074758
v -0.126256 -0.112445 0.072894
v -0.118709 -0.102543 0.072329
v -0.122572 -0.107393 0.072955
v -0.127230 -0.111273 0.073995
v -0.123755 -0.105944 0.073363
v -0.115423 -0.096983 0.071810
v -0.100676 -0.105494 0.068399
v -0.101803 -0.104113 0.068777
v -0.097485 -0.099836 0.068563
v -0.098578 -0.098495 0.068860
v -0.102933 -0.102728 0.069126
v -0.093114 -0.095626 0.068380
v -0.094169 -0.094331 0.068634
v -0.104065 -0.101340 0.069456
v -0.099673 -0.097151 0.069140
v -0.095225 -0.093034 0.068871
v -0.096282 -0.091735 0.069094
v -0.105198 -0.099949 0.069772
v -0.100769 -0.095805 0.069406
v -0.101866 -0.094458 0.069656
v -0.106333 -0.098556 0.070072
v -0.097340 -0.090434 0.069302
v -0.089703 -0.090236 0.068440
v -0.090720 -0.088987 0.068641
v -0.091737 -0.087736 0.068827
v -0.092756 -0.086483 0.069000
v -0.086158 -0.085011 0.068444
v -0.087136 -0.083808 0.068599
v -0.107746 -0.096774 0.068731
v -0.104235 -0.091514 0.068999
v -0.108802 -0.095491 0.069478
v -0.098399 -0.089132 0.069493
v -0.102964 -0.093108 0.069888
v -0.099459 -0.087828 0.069670
v -0.104063 -0.091757 0.070106
v -0.099611 -0.087610 0.068599
v -0.109854 -0.094214 0.070239
v -0.105259 -0.090270 0.069697
v -0.100603 -0.086403 0.069241
v -0.100519 -0.086523 0.069833
v -0.106248 -0.089070 0.070481
v -0.083414 -0.078799 0.068521
v -0.088114 -0.082605 0.068742
v -0.089092 -0.081400 0.068868
v -0.093775 -0.085229 0.069156
v -0.090072 -0.080194 0.068982
v -0.084352 -0.077644 0.068622
v -0.085290 -0.076489 0.068711
v -0.094794 -0.083974 0.069299
v -0.095890 -0.082610 0.068856
v -0.091118 -0.078890 0.068532
v -0.086228 -0.075332 0.068787
v -0.091051 -0.078988 0.069082
v -0.096820 -0.081480 0.069528
v -0.092016 -0.077799 0.069155
v -0.087152 -0.074193 0.068838
v -0.095815 -0.082718 0.069427
v -0.101564 -0.085237 0.069966
v -0.107469 -0.097161 0.070353
v -0.108607 -0.095763 0.070620
v -0.105164 -0.090404 0.070309
v -0.109746 -0.094364 0.070870
v -0.110869 -0.092984 0.071089
v -0.223051 -0.244059 0.061336
v -0.228657 -0.246730 0.061020
v -0.223906 -0.242992 0.060933
v -0.222348 -0.254615 0.064411
v -0.228697 -0.256356 0.063653
v -0.229224 -0.255697 0.063341
v -0.223038 -0.253750 0.063989
v -0.221660 -0.255476 0.064842
v -0.228173 -0.257013 0.063973
v -0.220995 -0.256311 0.065333
v -0.221726 -0.255406 0.065259
v -0.227665 -0.257649 0.064337
v -0.228221 -0.256962 0.064290
v -0.222467 -0.254488 0.065165
v -0.228785 -0.256264 0.064227
v -0.223208 -0.253570 0.065060
v -0.215517 -0.253481 0.065679
v -0.216341 -0.252449 0.065145
v -0.214721 -0.254481 0.066283
v -0.215600 -0.253393 0.066179
v -0.211507 -0.248827 0.065560
v -0.217169 -0.251412 0.064624
v -0.210649 -0.249902 0.066135
v -0.206732 -0.245132 0.066010
v -0.212369 -0.247747 0.064997
v -0.218000 -0.250373 0.064113
v -0.223731 -0.252883 0.063577
v -0.224427 -0.252013 0.063176
v -0.218834 -0.249329 0.063616
v -0.213233 -0.246664 0.064446
v -0.214102 -0.245577 0.063910
v -0.208525 -0.242886 0.064808
v -0.216491 -0.252289 0.066050
v -0.217382 -0.251185 0.065909
v -0.218272 -0.250082 0.065756
v -0.223948 -0.252653 0.064945
v -0.219160 -0.248981 0.065588
v -0.207627 -0.244011 0.065403
v -0.234405 -0.258905 0.063412
v -0.241398 -0.259845 0.062420
v -0.234753 -0.258469 0.063168
v -0.235112 -0.258019 0.062955
v -0.235473 -0.257567 0.062747
v -0.235835 -0.257114 0.062544
v -0.229752 -0.255037 0.063036
v -0.230283 -0.254374 0.062740
v -0.225125 -0.251140 0.062785
v -0.231348 -0.253042 0.062169
v -0.225825 -0.250265 0.062403
v -0.230815 -0.253709 0.062451
v -0.236199 -0.256660 0.062346
v -0.236929 -0.255748 0.061967
v -0.242569 -0.258382 0.061791
v -0.242766 -0.258136 0.061696
v -0.237296 -0.255290 0.061786
v -0.242964 -0.257889 0.061606
v -0.237665 -0.254830 0.061614
v -0.231884 -0.252373 0.061897
v -0.232422 -0.251701 0.061637
v -0.238035 -0.254368 0.061449
v -0.226528 -0.249387 0.062032
v -0.227235 -0.248505 0.061680
v -0.232963 -0.251027 0.061389
v -0.227945 -0.247619 0.061342
v -0.233506 -0.250350 0.061153
v -0.241980 -0.259117 0.062092
v -0.242176 -0.258873 0.061989
v -0.236564 -0.256205 0.062154
v -0.241591 -0.259603 0.062308
v -0.241786 -0.259361 0.062199
v -0.241211 -0.260080 0.062548
v -0.234784 -0.258436 0.063385
v -0.241414 -0.259828 0.062536
v -0.235170 -0.257959 0.063348
v -0.235555 -0.257482 0.063305
v -0.241621 -0.259573 0.062519
v -0.241828 -0.259317 0.062498
v -0.235940 -0.257005 0.063256
v -0.236324 -0.256529 0.063202
v -0.242034 -0.259061 0.062475
v -0.242372 -0.258628 0.061889
v -0.243013 -0.257838 0.061959
v -0.242241 -0.258806 0.062449
v -0.236708 -0.256054 0.063142
v -0.237092 -0.255578 0.063078
v -0.242447 -0.258550 0.062419
v -0.242653 -0.258295 0.062387
v -0.237475 -0.255103 0.063007
v -0.220510 -0.247233 0.062656
v -0.221352 -0.246180 0.062196
v -0.219670 -0.248283 0.063130
v -0.214973 -0.244487 0.063385
v -0.210332 -0.240623 0.063661
v -0.215848 -0.243393 0.062872
v -0.216725 -0.242296 0.062374
v -0.211240 -0.239486 0.063106
v -0.222200 -0.245121 0.061758
v -0.217608 -0.241192 0.061898
v -0.212152 -0.238345 0.062566
v -0.218495 -0.240084 0.061440
v -0.213069 -0.237198 0.062049
v -0.213991 -0.236046 0.061551
v -0.219386 -0.238972 0.061002
v -0.229348 -0.255567 0.064156
v -0.229911 -0.254870 0.064078
v -0.230473 -0.254174 0.063990
v -0.224688 -0.251737 0.064819
v -0.225426 -0.250822 0.064682
v -0.231034 -0.253478 0.063895
v -0.226164 -0.249907 0.064535
v -0.231595 -0.252782 0.063792
v -0.232155 -0.252088 0.063680
v -0.232714 -0.251395 0.063554
v -0.237857 -0.254629 0.062926
v -0.226900 -0.248993 0.064376
v -0.233271 -0.250703 0.063417
v -0.228367 -0.247172 0.064006
v -0.227634 -0.248082 0.064198
v -0.209427 -0.241756 0.064229
v -0.220048 -0.247880 0.065408
v -0.220934 -0.246780 0.065216
v -0.215386 -0.244043 0.065761
v -0.214459 -0.245193 0.065967
v -0.216311 -0.242895 0.065543
v -0.217235 -0.241747 0.065309
v -0.211748 -0.238937 0.065885
v -0.223581 -0.243493 0.064534
v -0.221819 -0.245682 0.065010
v -0.222701 -0.244587 0.064781
v -0.218156 -0.240603 0.065052
v -0.212710 -0.237741 0.065621
v -0.219075 -0.239461 0.064776
v -0.214626 -0.235359 0.065024
v -0.213669 -0.236549 0.065332
v -0.202018 -0.241365 0.066502
v -0.203873 -0.239038 0.065205
v -0.204807 -0.237867 0.064578
v -0.202944 -0.240203 0.065847
v -0.198318 -0.236325 0.066337
v -0.199278 -0.235121 0.065642
v -0.200243 -0.233911 0.064963
v -0.194740 -0.231136 0.066129
v -0.195733 -0.229890 0.065392
v -0.193752 -0.232376 0.066882
v -0.190258 -0.227082 0.066677
v -0.205745 -0.236693 0.063964
v -0.206685 -0.235514 0.063362
v -0.202183 -0.231479 0.063645
v -0.207630 -0.234332 0.062776
v -0.201211 -0.232697 0.064297
v -0.208581 -0.233142 0.062215
v -0.209537 -0.231947 0.061672
v -0.203159 -0.230256 0.063008
v -0.204142 -0.229026 0.062397
v -0.205130 -0.227789 0.061806
v -0.198736 -0.226122 0.063267
v -0.199749 -0.224853 0.062601
v -0.195401 -0.220626 0.062830
v -0.200768 -0.223577 0.061954
v -0.197731 -0.227383 0.063960
v -0.193328 -0.223227 0.064316
v -0.194360 -0.221931 0.063560
v -0.188973 -0.219012 0.064722
v -0.190030 -0.217685 0.063894
v -0.191095 -0.216348 0.063093
v -0.208242 -0.233664 0.065948
v -0.209239 -0.232425 0.065622
v -0.210232 -0.231189 0.065277
v -0.204864 -0.228233 0.065925
v -0.196730 -0.228638 0.064670
v -0.192300 -0.224517 0.065089
v -0.187923 -0.220333 0.065567
v -0.191277 -0.225802 0.065876
v -0.186877 -0.221648 0.066426
v -0.235159 -0.248294 0.060597
v -0.239539 -0.252497 0.060930
v -0.239922 -0.252022 0.060855
v -0.229376 -0.245834 0.060733
v -0.234053 -0.249668 0.060943
v -0.234604 -0.248983 0.060756
v -0.235718 -0.247600 0.060481
v -0.230100 -0.244934 0.060475
v -0.230829 -0.244028 0.060255
v -0.240307 -0.251546 0.060826
v -0.236282 -0.246902 0.060430
v -0.240692 -0.251072 0.060877
v -0.231565 -0.243115 0.060090
v -0.232307 -0.242196 0.060012
v -0.236846 -0.246208 0.060496
v -0.233050 -0.241281 0.060087
v -0.237318 -0.245637 0.060927
v -0.233674 -0.240526 0.060645
v -0.224769 -0.241916 0.060573
v -0.225638 -0.240835 0.060247
v -0.220286 -0.237850 0.060607
v -0.214918 -0.234889 0.061074
v -0.221192 -0.236721 0.060249
v -0.226513 -0.239746 0.059967
v -0.215854 -0.233722 0.060642
v -0.227397 -0.238649 0.059754
v -0.228289 -0.237545 0.059644
v -0.222106 -0.235585 0.059939
v -0.217747 -0.231363 0.059903
v -0.223028 -0.234439 0.059698
v -0.223961 -0.233284 0.059565
v -0.218708 -0.230169 0.059631
v -0.216796 -0.232547 0.060248
v -0.229184 -0.236442 0.059720
v -0.224897 -0.232130 0.059627
v -0.219680 -0.228964 0.059472
v -0.220658 -0.227758 0.059516
v -0.225693 -0.231166 0.060302
v -0.229939 -0.235528 0.060379
v -0.233286 -0.241031 0.061576
v -0.229480 -0.236126 0.061507
v -0.221495 -0.226744 0.060203
v -0.225221 -0.231782 0.061491
v -0.210498 -0.230746 0.061151
v -0.211468 -0.229535 0.060678
v -0.206123 -0.226547 0.061236
v -0.207128 -0.225292 0.060716
v -0.212447 -0.228315 0.060243
v -0.213434 -0.227085 0.059861
v -0.214433 -0.225843 0.059553
v -0.208141 -0.224029 0.060236
v -0.209163 -0.222754 0.059810
v -0.201792 -0.222295 0.061331
v -0.202829 -0.221000 0.060757
v -0.197500 -0.217995 0.061437
v -0.196447 -0.219314 0.062122
v -0.192166 -0.215003 0.062314
v -0.193245 -0.213650 0.061559
v -0.203874 -0.219694 0.060226
v -0.204931 -0.218376 0.059751
v -0.199643 -0.215315 0.060214
v -0.200732 -0.213956 0.059681
v -0.198567 -0.216661 0.060804
v -0.195442 -0.210899 0.060200
v -0.194338 -0.212281 0.060857
v -0.206002 -0.217043 0.059355
v -0.211249 -0.220163 0.059235
v -0.207089 -0.215693 0.059086
v -0.201836 -0.212580 0.059231
v -0.197696 -0.208085 0.059087
v -0.202960 -0.211184 0.058912
v -0.196561 -0.209502 0.059601
v -0.212309 -0.218854 0.059228
v -0.208190 -0.214332 0.059045
v -0.204101 -0.209772 0.058829
v -0.209156 -0.213159 0.059742
v -0.198854 -0.206645 0.058708
v -0.200035 -0.205184 0.058573
v -0.205113 -0.208543 0.059517
v -0.215444 -0.224589 0.059363
v -0.216464 -0.223331 0.059384
v -0.210199 -0.221466 0.059461
v -0.221013 -0.227374 0.061456
v -0.217342 -0.222266 0.060079
v -0.213231 -0.217736 0.059928
v -0.216852 -0.222907 0.061398
v -0.212736 -0.218385 0.061314
v -0.208660 -0.213812 0.061199
v -0.204620 -0.209194 0.061047
v -0.200609 -0.204538 0.060850
v -0.203708 -0.210349 0.062113
v -0.238782 -0.253438 0.061155
v -0.243565 -0.257141 0.061368
v -0.243767 -0.256889 0.061305
v -0.238407 -0.253904 0.061293
v -0.239159 -0.252969 0.061032
v -0.243163 -0.257641 0.061521
v -0.243363 -0.257392 0.061440
v -0.243971 -0.256636 0.061252
v -0.244177 -0.256381 0.061215
v -0.244384 -0.256125 0.061202
v -0.244590 -0.255871 0.061232
v -0.244761 -0.255664 0.061395
v -0.244649 -0.255810 0.061649
v -0.240806 -0.250953 0.061652
v -0.244468 -0.256037 0.061803
v -0.242859 -0.258040 0.062352
v -0.243064 -0.257786 0.062311
v -0.243676 -0.257025 0.062158
v -0.243878 -0.256774 0.062090
v -0.244078 -0.256525 0.062012
v -0.243269 -0.257532 0.062266
v -0.243473 -0.257278 0.062217
v -0.238997 -0.253213 0.062625
v -0.238238 -0.254156 0.062837
v -0.238619 -0.253683 0.062740
v -0.233827 -0.250012 0.063267
v -0.234380 -0.249325 0.063090
v -0.244276 -0.256278 0.061919
v -0.239373 -0.252745 0.062494
v -0.239746 -0.252281 0.062344
v -0.240113 -0.251822 0.062166
v -0.240471 -0.251375 0.061945
v -0.236009 -0.247293 0.062395
v -0.234929 -0.248641 0.062891
v -0.235473 -0.247963 0.062664
v -0.230545 -0.244462 0.063281
v -0.231260 -0.243571 0.062970
v -0.241013 -0.250684 0.061176
v -0.237018 -0.246026 0.061629
v -0.236531 -0.246640 0.062065
v -0.232647 -0.241836 0.062159
v -0.231964 -0.242692 0.062605
v -0.227053 -0.239170 0.063227
v -0.227897 -0.238115 0.062774
v -0.228716 -0.237089 0.062223
v -0.224428 -0.232782 0.062255
v -0.223576 -0.233851 0.062848
v -0.222697 -0.234950 0.063339
v -0.219307 -0.229520 0.062910
v -0.229098 -0.246264 0.063798
v -0.229824 -0.245361 0.063554
v -0.225330 -0.241318 0.063959
v -0.224459 -0.242402 0.064268
v -0.226196 -0.240239 0.063616
v -0.219991 -0.238322 0.064481
v -0.220900 -0.237190 0.064140
v -0.221803 -0.236065 0.063763
v -0.216525 -0.232994 0.064318
v -0.215579 -0.234173 0.064694
v -0.218394 -0.230663 0.063442
v -0.217464 -0.231823 0.063905
v -0.220192 -0.228410 0.062272
v -0.215089 -0.225127 0.062956
v -0.214143 -0.226312 0.063534
v -0.212205 -0.228732 0.064494
v -0.207936 -0.224404 0.064668
v -0.211222 -0.229956 0.064910
v -0.206919 -0.225672 0.065128
v -0.205893 -0.226951 0.065538
v -0.213179 -0.227516 0.064040
v -0.208945 -0.223145 0.064167
v -0.209941 -0.221899 0.063614
v -0.201608 -0.222647 0.065809
v -0.200544 -0.223973 0.066245
v -0.202668 -0.221325 0.065350
v -0.198468 -0.216916 0.065576
v -0.197375 -0.218279 0.066092
v -0.205787 -0.217428 0.063679
v -0.204759 -0.218714 0.064286
v -0.203718 -0.220014 0.064839
v -0.200620 -0.214225 0.064395
v -0.199549 -0.215565 0.065007
v -0.196525 -0.209682 0.064492
v -0.195426 -0.211057 0.065172
v -0.194316 -0.212445 0.065808
v -0.193194 -0.213847 0.066389
v -0.216005 -0.223978 0.062269
v -0.211864 -0.219487 0.062245
v -0.210920 -0.220674 0.062986
v -0.206795 -0.216164 0.062995
v -0.207767 -0.214943 0.062194
v -0.202712 -0.211603 0.062980
v -0.201677 -0.212901 0.063727
v -0.198667 -0.206994 0.062935
v -0.197608 -0.208324 0.063754
v -0.199683 -0.205713 0.061994
v -0.185744 -0.213385 0.064280
v -0.183599 -0.216084 0.066118
v -0.182534 -0.217424 0.067060
v -0.184668 -0.214738 0.065190
v -0.180662 -0.210094 0.065633
v -0.181710 -0.208773 0.064665
v -0.179620 -0.211408 0.066618
v -0.175851 -0.206473 0.067108
v -0.176838 -0.205226 0.066077
v -0.190137 -0.207867 0.060920
v -0.191266 -0.206453 0.060184
v -0.186001 -0.203376 0.061068
v -0.189021 -0.209267 0.061701
v -0.184909 -0.204747 0.061910
v -0.180869 -0.200140 0.062162
v -0.181908 -0.198832 0.061268
v -0.176853 -0.195504 0.062439
v -0.192410 -0.205021 0.059508
v -0.193574 -0.203568 0.058919
v -0.188228 -0.200584 0.059532
v -0.190543 -0.197692 0.058363
v -0.194764 -0.202087 0.058469
v -0.195981 -0.200578 0.058270
v -0.185128 -0.194792 0.058906
v -0.186254 -0.193385 0.058324
v -0.189371 -0.199154 0.058879
v -0.184033 -0.196163 0.059620
v -0.180883 -0.190430 0.058917
v -0.181958 -0.189085 0.058256
v -0.176624 -0.186086 0.058911
v -0.179843 -0.191736 0.059702
v -0.175648 -0.187316 0.059781
v -0.171369 -0.183011 0.060270
v -0.187106 -0.201989 0.060271
v -0.182962 -0.197508 0.060416
v -0.178829 -0.193013 0.060565
v -0.177833 -0.194267 0.061482
v -0.173772 -0.189686 0.061718
v -0.174700 -0.188513 0.060725
v -0.172860 -0.190840 0.062749
v -0.169860 -0.184925 0.062138
v -0.170605 -0.183979 0.061184
v -0.172160 -0.182010 0.059416
v -0.167105 -0.178689 0.060866
v -0.167691 -0.177943 0.060071
v -0.166544 -0.179406 0.061706
v -0.162886 -0.174314 0.061509
v -0.166000 -0.180101 0.062575
v -0.162521 -0.174785 0.062237
v -0.162171 -0.175238 0.062984
v -0.186829 -0.212020 0.063398
v -0.187921 -0.210648 0.062537
v -0.183835 -0.206099 0.062806
v -0.182769 -0.207440 0.063725
v -0.178836 -0.202704 0.064075
v -0.177832 -0.203971 0.065063
v -0.179848 -0.201427 0.063107
v -0.175893 -0.196718 0.063443
v -0.171970 -0.191970 0.063825
v -0.174941 -0.197921 0.064469
v -0.171089 -0.193087 0.064920
v -0.190214 -0.207915 0.066046
v -0.191348 -0.206494 0.065332
v -0.187305 -0.201886 0.065391
v -0.186193 -0.203280 0.066167
v -0.173998 -0.199114 0.065514
v -0.173066 -0.200295 0.066584
v -0.169357 -0.195288 0.067169
v -0.170217 -0.194195 0.066033
v -0.167723 -0.187648 0.065177
v -0.167032 -0.188531 0.066227
v -0.191536 -0.196558 0.061654
v -0.195686 -0.201042 0.061828
v -0.194654 -0.202344 0.062854
v -0.190534 -0.197825 0.062734
v -0.193576 -0.203700 0.063755
v -0.189483 -0.199150 0.063693
v -0.185365 -0.194628 0.063589
v -0.188403 -0.200507 0.064571
v -0.186362 -0.193370 0.062584
v -0.169132 -0.185852 0.063122
v -0.168423 -0.186756 0.064142
v -0.182203 -0.188897 0.062395
v -0.181268 -0.190082 0.063456
v -0.184339 -0.195922 0.064518
v -0.177182 -0.185519 0.063286
v -0.180301 -0.191303 0.064445
v -0.176285 -0.186656 0.064346
v -0.192471 -0.205087 0.064573
v -0.183293 -0.197238 0.065392
v -0.182232 -0.198570 0.066223
v -0.179313 -0.192548 0.065383
v -0.178311 -0.193811 0.066280
v -0.175365 -0.187820 0.065359
v -0.174430 -0.189002 0.066335
v -0.170629 -0.184084 0.066004
v -0.173475 -0.190207 0.067263
v -0.172117 -0.182193 0.064095
v -0.171381 -0.183129 0.065064
v -0.166351 -0.189400 0.067294
v -0.165471 -0.180779 0.063466
v -0.164960 -0.181436 0.064383
v -0.161833 -0.175677 0.063745
v -0.161717 -0.175880 0.065930
v -0.163273 -0.173816 0.060810
v -0.172832 -0.181282 0.063087
v -0.167912 -0.177775 0.063837
v -0.161510 -0.176097 0.064523
v -0.164457 -0.182083 0.065312
v -0.163961 -0.182721 0.066250
v -0.161194 -0.176509 0.065308
v -0.163475 -0.183347 0.067202
v -0.160884 -0.176913 0.066100
v -0.160583 -0.177308 0.066900
v -0.167376 -0.178462 0.064718
v -0.166826 -0.179165 0.065576
v -0.163345 -0.173827 0.064371
v -0.163689 -0.173381 0.063617
v -0.162989 -0.174287 0.065111
v -0.162619 -0.174764 0.065833
v -0.169858 -0.185060 0.066906
v -0.166259 -0.179888 0.066407
v -0.165685 -0.180619 0.067225
v -0.162242 -0.175249 0.066547
v -0.161860 -0.175740 0.067253
v -0.209821 -0.250943 0.066783
v -0.210739 -0.249805 0.066656
v -0.204983 -0.247329 0.067325
v -0.205941 -0.246142 0.067172
v -0.211671 -0.248651 0.066504
v -0.205842 -0.246249 0.066629
v -0.206912 -0.244938 0.066992
v -0.212602 -0.247497 0.066338
v -0.213531 -0.246345 0.066160
v -0.207882 -0.243735 0.066798
v -0.208851 -0.242533 0.066592
v -0.209818 -0.241333 0.066370
v -0.210783 -0.240134 0.066134
v -0.200208 -0.243639 0.067917
v -0.201095 -0.242522 0.067170
v -0.197363 -0.237525 0.067044
v -0.196411 -0.238720 0.067766
v -0.201204 -0.242403 0.067733
v -0.202214 -0.241150 0.067522
v -0.203223 -0.239899 0.067296
v -0.195496 -0.239872 0.068568
v -0.196530 -0.238589 0.068349
v -0.197579 -0.237288 0.068101
v -0.204230 -0.238648 0.067056
v -0.205236 -0.237400 0.066800
v -0.198625 -0.235988 0.067837
v -0.199670 -0.234690 0.067559
v -0.200713 -0.233394 0.067264
v -0.192768 -0.233612 0.067648
v -0.190849 -0.236027 0.069292
v -0.191789 -0.234843 0.068428
v -0.188236 -0.229624 0.068326
v -0.193006 -0.233349 0.068739
v -0.187232 -0.230887 0.069172
v -0.189245 -0.228356 0.067495
v -0.184800 -0.224261 0.068192
v -0.185835 -0.222958 0.067300
v -0.194089 -0.232003 0.068431
v -0.195171 -0.230658 0.068109
v -0.196251 -0.229316 0.067769
v -0.190735 -0.226550 0.068716
v -0.183770 -0.225558 0.069096
v -0.191920 -0.234697 0.069031
v -0.186270 -0.232101 0.070103
v -0.187377 -0.230725 0.069793
v -0.188499 -0.229332 0.069450
v -0.182745 -0.226849 0.070016
v -0.181765 -0.228087 0.071022
v -0.182906 -0.226668 0.070653
v -0.184061 -0.225231 0.070250
v -0.189618 -0.227940 0.069090
v -0.185213 -0.223796 0.069829
v -0.186363 -0.222364 0.069394
v -0.206240 -0.236153 0.066530
v -0.207242 -0.234908 0.066247
v -0.201755 -0.232100 0.066955
v -0.202794 -0.230808 0.066632
v -0.203831 -0.229518 0.066292
v -0.197328 -0.227976 0.067415
v -0.198403 -0.226638 0.067045
v -0.191849 -0.225164 0.068324
v -0.192961 -0.223780 0.067916
v -0.194070 -0.222398 0.067493
v -0.188654 -0.219510 0.068469
v -0.199476 -0.225303 0.066659
v -0.196278 -0.219647 0.066583
v -0.195176 -0.221020 0.067052
v -0.189796 -0.218087 0.067983
v -0.190934 -0.216668 0.067479
v -0.187510 -0.220935 0.068939
v -0.192066 -0.215255 0.066945
v -0.180423 -0.220085 0.068991
v -0.181476 -0.218758 0.068017
v -0.177341 -0.223976 0.072074
v -0.178335 -0.222719 0.070983
v -0.179376 -0.221405 0.069980
v -0.179700 -0.221038 0.071159
v -0.174499 -0.217874 0.071764
v -0.175511 -0.216595 0.070705
v -0.176529 -0.215309 0.069661
v -0.180883 -0.219564 0.070666
v -0.182063 -0.218093 0.070157
v -0.171964 -0.211391 0.071369
v -0.178584 -0.212715 0.067617
v -0.177553 -0.214016 0.068630
v -0.173894 -0.208947 0.069209
v -0.174870 -0.207714 0.068151
v -0.185583 -0.213701 0.068525
v -0.186750 -0.212244 0.067946
v -0.172141 -0.201467 0.067669
v -0.171222 -0.202632 0.068766
v -0.167658 -0.197450 0.069480
v -0.183240 -0.216625 0.069629
v -0.184413 -0.215161 0.069085
v -0.172926 -0.210173 0.070282
v -0.178186 -0.213293 0.070727
v -0.179343 -0.211848 0.070134
v -0.177024 -0.214743 0.071301
v -0.175676 -0.206785 0.070553
v -0.174566 -0.208174 0.071209
v -0.180497 -0.210406 0.069525
v -0.181648 -0.208968 0.068900
v -0.177884 -0.204021 0.069194
v -0.176782 -0.205401 0.069881
v -0.169404 -0.204938 0.071002
v -0.170310 -0.203790 0.069876
v -0.168505 -0.206080 0.072139
v -0.166818 -0.198520 0.070654
v -0.172084 -0.201631 0.071038
v -0.173137 -0.200311 0.070292
v -0.165986 -0.199580 0.071841
v -0.178513 -0.222516 0.071635
v -0.173536 -0.219094 0.072906
v -0.174691 -0.217654 0.072402
v -0.170102 -0.213753 0.073647
v -0.175859 -0.216197 0.071860
v -0.171008 -0.212602 0.072469
v -0.171212 -0.212367 0.073078
v -0.172334 -0.210965 0.072471
v -0.167613 -0.207214 0.073289
v -0.166772 -0.208287 0.074512
v -0.167831 -0.206960 0.073865
v -0.163577 -0.202657 0.075524
v -0.173451 -0.209567 0.071847
v -0.171028 -0.202956 0.071769
v -0.169966 -0.204286 0.072482
v -0.165161 -0.200632 0.073039
v -0.168901 -0.205621 0.073181
v -0.164342 -0.201677 0.074250
v -0.168586 -0.196363 0.071601
v -0.163696 -0.192801 0.071667
v -0.167591 -0.197614 0.072420
v -0.163047 -0.193632 0.072784
v -0.166591 -0.198871 0.073223
v -0.164272 -0.192120 0.072778
v -0.165587 -0.200133 0.074012
v -0.164578 -0.201401 0.074787
v -0.161812 -0.195221 0.075086
v -0.162630 -0.194191 0.074343
v -0.162406 -0.194456 0.073910
v -0.163454 -0.193152 0.073566
v -0.187910 -0.210795 0.067336
v -0.189065 -0.209352 0.066704
v -0.182794 -0.207535 0.068257
v -0.183933 -0.206110 0.067584
v -0.178982 -0.202646 0.068490
v -0.180072 -0.201280 0.067757
v -0.185066 -0.204691 0.066888
v -0.181155 -0.199921 0.067002
v -0.168504 -0.196373 0.068319
v -0.165678 -0.190262 0.068373
v -0.177290 -0.195094 0.067127
v -0.176262 -0.196386 0.067952
v -0.175228 -0.197686 0.068756
v -0.172512 -0.191421 0.068171
v -0.171541 -0.192644 0.069059
v -0.174185 -0.198996 0.069532
v -0.165011 -0.191116 0.069461
v -0.164350 -0.191963 0.070558
v -0.169576 -0.195118 0.070768
v -0.170562 -0.193877 0.069921
v -0.166701 -0.189054 0.070341
v -0.168295 -0.187039 0.068658
v -0.167500 -0.188043 0.069507
v -0.169080 -0.186045 0.067790
v -0.162995 -0.183966 0.068162
v -0.162521 -0.184579 0.069128
v -0.161589 -0.185783 0.071082
v -0.162052 -0.185185 0.070101
v -0.165896 -0.190070 0.071165
v -0.163920 -0.182864 0.069603
v -0.163322 -0.183624 0.070376
v -0.159425 -0.178827 0.070144
v -0.160286 -0.177696 0.067704
v -0.165104 -0.181359 0.068031
v -0.164515 -0.182108 0.068822
v -0.159994 -0.178079 0.068513
v -0.159707 -0.178456 0.069326
v -0.161470 -0.176241 0.067948
v -0.161076 -0.176746 0.068638
v -0.160277 -0.177771 0.069999
v -0.159871 -0.178291 0.070671
v -0.160678 -0.177257 0.069321
v -0.159147 -0.179193 0.070966
v -0.159461 -0.178816 0.071337
v -0.158874 -0.179553 0.071792
v -0.159047 -0.179345 0.071997
v -0.162719 -0.184390 0.071140
v -0.162111 -0.185161 0.071895
v -0.158634 -0.179873 0.072635
v -0.165087 -0.191092 0.071978
v -0.161132 -0.186376 0.072069
v -0.160680 -0.186961 0.073062
v -0.161499 -0.185938 0.072641
v -0.160883 -0.186719 0.073379
v -0.160269 -0.187497 0.074089
v -0.201093 -0.203895 0.059243
v -0.191749 -0.196197 0.058095
v -0.187419 -0.191937 0.057981
v -0.192865 -0.194835 0.058669
v -0.188520 -0.190591 0.058464
v -0.197089 -0.199228 0.058910
v -0.196620 -0.199854 0.060598
v -0.192437 -0.195410 0.060376
v -0.183079 -0.187689 0.057826
v -0.184164 -0.186360 0.058206
v -0.177640 -0.184812 0.058158
v -0.172990 -0.180965 0.058657
v -0.178709 -0.183477 0.057624
v -0.173875 -0.179856 0.058080
v -0.179776 -0.182166 0.057882
v -0.188150 -0.191095 0.060157
v -0.183860 -0.186782 0.059884
v -0.174795 -0.178723 0.058179
v -0.179550 -0.182492 0.059546
v -0.187308 -0.192171 0.061464
v -0.183085 -0.187776 0.061226
v -0.174677 -0.178908 0.059625
v -0.178853 -0.183391 0.060930
v -0.178046 -0.184422 0.062158
v -0.174147 -0.179597 0.060886
v -0.168314 -0.177155 0.059347
v -0.168990 -0.176303 0.058761
v -0.169731 -0.175387 0.058714
v -0.169716 -0.175438 0.059892
v -0.163692 -0.173281 0.060160
v -0.164161 -0.172687 0.059604
v -0.164714 -0.172000 0.059444
v -0.164781 -0.171942 0.060336
v -0.169361 -0.175907 0.060979
v -0.164586 -0.172206 0.061216
v -0.173516 -0.180409 0.062026
v -0.168918 -0.176482 0.061982
v -0.164321 -0.172558 0.062047
v -0.168429 -0.177112 0.062929
v -0.164017 -0.172955 0.062844
v 0.147237 -0.151644 0.072452
v 0.146787 -0.152456 0.079659
v 0.149601 -0.152573 0.072531
v 0.148962 -0.153310 0.079731
v 0.151699 -0.154004 0.072607
v 0.150892 -0.154627 0.079801
v 0.153426 -0.155867 0.072675
v 0.152481 -0.156340 0.079864
v 0.154696 -0.158067 0.072733
v 0.144298 -0.162605 0.072464
v 0.155444 -0.160495 0.072778
v 0.155633 -0.163029 0.072806
v 0.155254 -0.165542 0.072818
v 0.153649 -0.158365 0.079917
v 0.154337 -0.160599 0.079958
v 0.154511 -0.162930 0.079984
v 0.154162 -0.165241 0.079995
v 0.148010 -0.157765 0.084552
v 0.145556 -0.156467 0.084467
v 0.146856 -0.156978 0.084510
v 0.148960 -0.158790 0.084589
v 0.149658 -0.160000 0.084621
v 0.150070 -0.161335 0.084646
v 0.150174 -0.162729 0.084661
v 0.143940 -0.162496 0.084473
v 0.149965 -0.164111 0.084668
v 0.154325 -0.167907 0.072812
v 0.152894 -0.170006 0.072788
v 0.151031 -0.171735 0.072748
v 0.148831 -0.173005 0.072694
v 0.146404 -0.173754 0.072628
v 0.143871 -0.173944 0.072554
v 0.141360 -0.173565 0.072476
v 0.153308 -0.167417 0.079989
v 0.151991 -0.169349 0.079968
v 0.150278 -0.170939 0.079931
v 0.148254 -0.172108 0.079881
v 0.146021 -0.172797 0.079821
v 0.143690 -0.172971 0.079753
v 0.141380 -0.172623 0.079681
v 0.149455 -0.165412 0.084664
v 0.148667 -0.166566 0.084651
v 0.147643 -0.167517 0.084629
v 0.146433 -0.168216 0.084600
v 0.145098 -0.168628 0.084564
v 0.143705 -0.168732 0.084523
v 0.142324 -0.168524 0.084480
v 0.144726 -0.151266 0.072374
v 0.144476 -0.152107 0.079586
v 0.142193 -0.151456 0.072300
v 0.142146 -0.152282 0.079518
v 0.139766 -0.152205 0.072234
v 0.139913 -0.152971 0.079458
v 0.137566 -0.153475 0.072180
v 0.135703 -0.155203 0.072140
v 0.134272 -0.157303 0.072116
v 0.133343 -0.159668 0.072110
v 0.137889 -0.154140 0.079408
v 0.136176 -0.155730 0.079372
v 0.134859 -0.157661 0.079350
v 0.134005 -0.159837 0.079344
v 0.144175 -0.156259 0.084424
v 0.142782 -0.156364 0.084383
v 0.141447 -0.156775 0.084347
v 0.140237 -0.157474 0.084317
v 0.139213 -0.158425 0.084295
v 0.138425 -0.159579 0.084282
v 0.137915 -0.160880 0.084279
v 0.132964 -0.162181 0.072122
v 0.133153 -0.164714 0.072151
v 0.133901 -0.167142 0.072195
v 0.135171 -0.169343 0.072253
v 0.136898 -0.171206 0.072321
v 0.138996 -0.172637 0.072397
v 0.133656 -0.162149 0.079355
v 0.133830 -0.164480 0.079381
v 0.134518 -0.166714 0.079422
v 0.135686 -0.168738 0.079475
v 0.137275 -0.170452 0.079538
v 0.139205 -0.171769 0.079608
v 0.137706 -0.162262 0.084285
v 0.137810 -0.163656 0.084301
v 0.138221 -0.164991 0.084325
v 0.138920 -0.166202 0.084357
v 0.139869 -0.167226 0.084395
v 0.141023 -0.168013 0.084436
v 0.115458 -0.151999 0.066465
v 0.110123 -0.148580 0.066232
v 0.115831 -0.150591 0.066600
v 0.121496 -0.152736 0.067203
v 0.115722 -0.150825 0.068039
v 0.109960 -0.148989 0.067885
v 0.115071 -0.153379 0.067007
v 0.109696 -0.150209 0.065932
v 0.121190 -0.153875 0.067221
v 0.120888 -0.154935 0.067779
v 0.114699 -0.154679 0.067731
v 0.109235 -0.151869 0.066423
v 0.126937 -0.155672 0.068141
v 0.127171 -0.154818 0.068003
v 0.126722 -0.156412 0.068677
v 0.121440 -0.152803 0.068379
v 0.127161 -0.154748 0.068896
v 0.126522 -0.157079 0.069310
v 0.120602 -0.155916 0.068477
v 0.121248 -0.153387 0.069450
v 0.127044 -0.155078 0.069767
v 0.126334 -0.157698 0.069993
v 0.115452 -0.151684 0.069278
v 0.109616 -0.150109 0.069240
v 0.121025 -0.154104 0.070434
v 0.126900 -0.155517 0.070587
v 0.125669 -0.159654 0.074363
v 0.115145 -0.152695 0.070392
v 0.109233 -0.151393 0.070434
v 0.104145 -0.147504 0.066460
v 0.103950 -0.148032 0.068125
v 0.103716 -0.149155 0.066038
v 0.103238 -0.150891 0.066424
v 0.108787 -0.153455 0.067135
v 0.098157 -0.146473 0.066622
v 0.097726 -0.148144 0.066096
v 0.097234 -0.149945 0.066392
v 0.097934 -0.147103 0.068298
v 0.092167 -0.145458 0.066729
v 0.091733 -0.147149 0.066112
v 0.091228 -0.149009 0.066333
v 0.085698 -0.146306 0.066186
v 0.086126 -0.144629 0.066869
v 0.091919 -0.146177 0.068418
v 0.085862 -0.145410 0.068537
v 0.079990 -0.144141 0.067092
v 0.079584 -0.145741 0.066381
v 0.103575 -0.149270 0.069435
v 0.097534 -0.148443 0.069570
v 0.103165 -0.150667 0.070567
v 0.097099 -0.149936 0.070652
v 0.079724 -0.144944 0.068678
v 0.091496 -0.147606 0.069659
v 0.085427 -0.146890 0.069729
v 0.079296 -0.146407 0.069783
v 0.120784 -0.154889 0.071361
v 0.126742 -0.156013 0.071371
v 0.120534 -0.155716 0.072248
v 0.114820 -0.153783 0.071425
v 0.108832 -0.152760 0.071527
v 0.126575 -0.156544 0.072130
v 0.120277 -0.156571 0.073107
v 0.126402 -0.157099 0.072870
v 0.114484 -0.154917 0.072404
v 0.102736 -0.152141 0.071591
v 0.108419 -0.154175 0.072551
v 0.091040 -0.149184 0.070698
v 0.073863 -0.143628 0.067256
v 0.073597 -0.144441 0.068764
v 0.114338 -0.155925 0.068554
v 0.120328 -0.156845 0.069249
v 0.120062 -0.157737 0.070065
v 0.113986 -0.157131 0.069436
v 0.108350 -0.154985 0.067966
v 0.126154 -0.158286 0.070705
v 0.125979 -0.158850 0.071438
v 0.113641 -0.158308 0.070360
v 0.107921 -0.156475 0.068871
v 0.119803 -0.158603 0.070912
v 0.102770 -0.152564 0.067041
v 0.102310 -0.154189 0.067784
v 0.096747 -0.151695 0.066930
v 0.096268 -0.153401 0.067600
v 0.085190 -0.148181 0.066337
v 0.090725 -0.150827 0.066802
v 0.090229 -0.152605 0.067409
v 0.084684 -0.150023 0.066740
v 0.079094 -0.147557 0.066469
v 0.078604 -0.149348 0.066802
v 0.084182 -0.151831 0.067282
v 0.078116 -0.151110 0.067270
v 0.101858 -0.155777 0.068607
v 0.107499 -0.157935 0.069827
v 0.095796 -0.155074 0.068352
v 0.101411 -0.157338 0.069483
v 0.107082 -0.159372 0.070821
v 0.095328 -0.156722 0.069162
v 0.100969 -0.158877 0.070400
v 0.089738 -0.154354 0.068103
v 0.089251 -0.156079 0.068856
v 0.083684 -0.153611 0.067912
v 0.077632 -0.152848 0.067824
v 0.094864 -0.158350 0.070014
v 0.083190 -0.155370 0.068603
v 0.077152 -0.154567 0.068438
v 0.088768 -0.157785 0.069654
v 0.082699 -0.157112 0.069339
v 0.076674 -0.156270 0.069096
v 0.125808 -0.159397 0.072185
v 0.119548 -0.159448 0.071781
v 0.125643 -0.159921 0.072949
v 0.119300 -0.160266 0.072677
v 0.114141 -0.156083 0.073343
v 0.113301 -0.159462 0.071314
v 0.112967 -0.160588 0.072305
v 0.112636 -0.161699 0.073311
v 0.106671 -0.160778 0.071860
v 0.120015 -0.157446 0.073942
v 0.126225 -0.157672 0.073595
v 0.126043 -0.158267 0.074301
v 0.125480 -0.160435 0.073721
v 0.125320 -0.160939 0.074499
v 0.119055 -0.161072 0.073585
v 0.107999 -0.155623 0.073526
v 0.113793 -0.157271 0.074252
v 0.119748 -0.158347 0.074750
v 0.125858 -0.158871 0.074999
v 0.125672 -0.159484 0.075689
v 0.119478 -0.159258 0.075544
v 0.125163 -0.161431 0.075286
v 0.107574 -0.157095 0.074464
v 0.113439 -0.158486 0.075122
v 0.118812 -0.161868 0.074503
v 0.118573 -0.162648 0.075434
v 0.112309 -0.162799 0.074333
v 0.106264 -0.162169 0.072920
v 0.111985 -0.163882 0.075372
v 0.105860 -0.163548 0.073997
v 0.096648 -0.151502 0.071617
v 0.102298 -0.153661 0.072540
v 0.096188 -0.153112 0.072504
v 0.084961 -0.148510 0.070712
v 0.078839 -0.148000 0.070684
v 0.090568 -0.150832 0.071614
v 0.090089 -0.152521 0.072449
v 0.084481 -0.150198 0.071569
v 0.078371 -0.149655 0.071460
v 0.101854 -0.155211 0.073437
v 0.095722 -0.154749 0.073335
v 0.101405 -0.156782 0.074294
v 0.107144 -0.158594 0.075354
v 0.095252 -0.156407 0.074124
v 0.083993 -0.151924 0.072343
v 0.089604 -0.154237 0.073225
v 0.083501 -0.153674 0.073057
v 0.077896 -0.151344 0.072154
v 0.077416 -0.153055 0.072790
v 0.089115 -0.155971 0.073956
v 0.083005 -0.155442 0.073726
v 0.100533 -0.160388 0.071366
v 0.094405 -0.159951 0.070918
v 0.100099 -0.161886 0.072353
v 0.093950 -0.161540 0.071845
v 0.088289 -0.159466 0.070506
v 0.087814 -0.161136 0.071382
v 0.082213 -0.158831 0.070131
v 0.076200 -0.157953 0.069807
v 0.081729 -0.160538 0.070947
v 0.075728 -0.159626 0.070543
v 0.093496 -0.163117 0.072792
v 0.087340 -0.162795 0.072279
v 0.081247 -0.162236 0.071786
v 0.099669 -0.163372 0.073360
v 0.105459 -0.164910 0.075098
v 0.099241 -0.164841 0.074391
v 0.093046 -0.164679 0.073766
v 0.076934 -0.154782 0.073382
v 0.076450 -0.156525 0.073918
v 0.075257 -0.161289 0.071301
v 0.086869 -0.164439 0.073205
v 0.080767 -0.163920 0.072652
v 0.074789 -0.162941 0.072086
v 0.092598 -0.166231 0.074756
v 0.086401 -0.166074 0.074148
v 0.080290 -0.165595 0.073537
v 0.074323 -0.164584 0.072889
v 0.079814 -0.167262 0.074436
v 0.073857 -0.166221 0.073707
v 0.073477 -0.145155 0.066528
v 0.073006 -0.146909 0.066567
v 0.067382 -0.144532 0.066638
v 0.067748 -0.143076 0.067372
v 0.066928 -0.146224 0.066635
v 0.061300 -0.143863 0.066715
v 0.072532 -0.148645 0.066841
v 0.066471 -0.147902 0.066861
v 0.060864 -0.145491 0.066680
v 0.061648 -0.142475 0.067450
v 0.067484 -0.143891 0.068808
v 0.073178 -0.145879 0.069793
v 0.061387 -0.143285 0.068815
v 0.072060 -0.150356 0.067247
v 0.066015 -0.149560 0.067214
v 0.060424 -0.147110 0.066865
v 0.059985 -0.148712 0.067172
v 0.055233 -0.143138 0.066766
v 0.055564 -0.141816 0.067495
v 0.049499 -0.141092 0.067514
v 0.055308 -0.142616 0.068793
v 0.049248 -0.141878 0.068747
v 0.054816 -0.144702 0.066705
v 0.054393 -0.146261 0.066855
v 0.049184 -0.142351 0.066795
v 0.048785 -0.143850 0.066713
v 0.048380 -0.145347 0.066833
v 0.043155 -0.141495 0.066805
v 0.042773 -0.142929 0.066707
v 0.043452 -0.140298 0.067510
v 0.043209 -0.141066 0.068680
v 0.071591 -0.152047 0.067736
v 0.071125 -0.153720 0.068283
v 0.065562 -0.151199 0.067647
v 0.059548 -0.150297 0.067557
v 0.065111 -0.152823 0.068137
v 0.070661 -0.155380 0.068873
v 0.059112 -0.151868 0.067997
v 0.070200 -0.157021 0.069516
v 0.064662 -0.154434 0.068668
v 0.058678 -0.153429 0.068477
v 0.064215 -0.156029 0.069251
v 0.053971 -0.147804 0.067123
v 0.053550 -0.149334 0.067466
v 0.047974 -0.146832 0.067068
v 0.042385 -0.144365 0.066802
v 0.047570 -0.148304 0.067374
v 0.041997 -0.145789 0.067007
v 0.053130 -0.150851 0.067862
v 0.052712 -0.152358 0.068297
v 0.058247 -0.154974 0.069007
v 0.047167 -0.149765 0.067731
v 0.041609 -0.147203 0.067281
v 0.046765 -0.151217 0.068125
v 0.052296 -0.153851 0.068779
v 0.041222 -0.148606 0.067603
v 0.046365 -0.152656 0.068566
v 0.040837 -0.150001 0.067961
v 0.037145 -0.140565 0.066799
v 0.036781 -0.141935 0.066688
v 0.030951 -0.140290 0.067051
v 0.037427 -0.139430 0.067488
v 0.037191 -0.140176 0.068596
v 0.031184 -0.139353 0.067633
v 0.030986 -0.139983 0.068547
v 0.036411 -0.143308 0.066763
v 0.036039 -0.144672 0.066941
v 0.030650 -0.141428 0.066946
v 0.030342 -0.142569 0.066995
v 0.035669 -0.146025 0.067186
v 0.030034 -0.143704 0.067130
v 0.035299 -0.147370 0.067477
v 0.034930 -0.148708 0.067804
v 0.040453 -0.151385 0.068364
v 0.029726 -0.144831 0.067321
v 0.029418 -0.145951 0.067551
v 0.029111 -0.147065 0.067809
v 0.024728 -0.140124 0.067341
v 0.024903 -0.139416 0.067790
v 0.024499 -0.140987 0.067252
v 0.024266 -0.141854 0.067281
v 0.024031 -0.142717 0.067375
v 0.018525 -0.139880 0.067604
v 0.018370 -0.140469 0.067539
v 0.018210 -0.141062 0.067553
v 0.023797 -0.143574 0.067512
v 0.018050 -0.141652 0.067612
v 0.023563 -0.144426 0.067677
v 0.067075 -0.145298 0.069766
v 0.072733 -0.147439 0.070620
v 0.060990 -0.144657 0.069710
v 0.066643 -0.146818 0.070528
v 0.072277 -0.149054 0.071325
v 0.066201 -0.148390 0.071172
v 0.060572 -0.146133 0.070413
v 0.060144 -0.147657 0.071002
v 0.054924 -0.143948 0.069630
v 0.048877 -0.143168 0.069529
v 0.042852 -0.142311 0.069412
v 0.054519 -0.145378 0.070280
v 0.054107 -0.146852 0.070820
v 0.048487 -0.144549 0.070132
v 0.042477 -0.143641 0.069971
v 0.048090 -0.145970 0.070628
v 0.071816 -0.150701 0.071951
v 0.065754 -0.149990 0.071738
v 0.071350 -0.152367 0.072520
v 0.059712 -0.149207 0.071516
v 0.069741 -0.158652 0.070183
v 0.063770 -0.157616 0.069857
v 0.042096 -0.145008 0.070427
v 0.065304 -0.151608 0.072249
v 0.059277 -0.150773 0.071976
v 0.070883 -0.154047 0.073046
v 0.064852 -0.153238 0.072718
v 0.070413 -0.155743 0.073518
v 0.058841 -0.152350 0.072396
v 0.064398 -0.154881 0.073134
v 0.058403 -0.153940 0.072765
v 0.057964 -0.155534 0.073111
v 0.063943 -0.156531 0.073527
v 0.053690 -0.148349 0.071287
v 0.053271 -0.149861 0.071703
v 0.047690 -0.147413 0.071053
v 0.041711 -0.146395 0.070815
v 0.047287 -0.148869 0.071429
v 0.052851 -0.151384 0.072079
v 0.046883 -0.150335 0.071768
v 0.041325 -0.147794 0.071156
v 0.040938 -0.149202 0.071460
v 0.052430 -0.152917 0.072407
v 0.052008 -0.154454 0.072713
v 0.046479 -0.151810 0.072059
v 0.046073 -0.153289 0.072329
v 0.040550 -0.150618 0.071720
v 0.036848 -0.141374 0.069281
v 0.030699 -0.140984 0.069104
v 0.036489 -0.142651 0.069799
v 0.036124 -0.143963 0.070218
v 0.030400 -0.142049 0.069523
v 0.030096 -0.143143 0.069859
v 0.029790 -0.144251 0.070141
v 0.024751 -0.139901 0.068479
v 0.018644 -0.139400 0.067916
v 0.024532 -0.140666 0.068895
v 0.018539 -0.139735 0.068383
v 0.018390 -0.140259 0.068663
v 0.012345 -0.139557 0.067845
v 0.012409 -0.139300 0.068014
v 0.012352 -0.139482 0.068263
v 0.012271 -0.139764 0.068411
v 0.024304 -0.141478 0.069205
v 0.018234 -0.140816 0.068869
v 0.024073 -0.142311 0.069452
v 0.017890 -0.142239 0.067700
v 0.028805 -0.148170 0.068103
v 0.023330 -0.145274 0.067865
v 0.017730 -0.142822 0.067807
v 0.023097 -0.146116 0.068080
v 0.017571 -0.143402 0.067930
v 0.012262 -0.139872 0.067807
v 0.012176 -0.140190 0.067812
v 0.012091 -0.140507 0.067841
v 0.012005 -0.140822 0.067885
v 0.011668 -0.142003 0.068509
v 0.017412 -0.143978 0.068072
v 0.011919 -0.141135 0.067941
v 0.011833 -0.141447 0.068004
v 0.011748 -0.141757 0.068077
v 0.017253 -0.144553 0.068221
v 0.011663 -0.142065 0.068155
v 0.011578 -0.142373 0.068237
v 0.017094 -0.145125 0.068378
v 0.011493 -0.142679 0.068323
v 0.023840 -0.143154 0.069657
v 0.023607 -0.144004 0.069834
v 0.018075 -0.141387 0.069033
v 0.017916 -0.141964 0.069168
v 0.017757 -0.142546 0.069284
v 0.017597 -0.143130 0.069384
v 0.023373 -0.144858 0.069989
v 0.012188 -0.140064 0.068519
v 0.012103 -0.140371 0.068604
v 0.012017 -0.140681 0.068674
v 0.011931 -0.140993 0.068734
v 0.011846 -0.141307 0.068785
v 0.011760 -0.141623 0.068826
v 0.011674 -0.141939 0.068863
v 0.011408 -0.142984 0.068413
v 0.011323 -0.143289 0.068506
v 0.011588 -0.142255 0.068895
v 0.011502 -0.142572 0.068923
v 0.011416 -0.142889 0.068947
v 0.011331 -0.143206 0.068968
v 0.017436 -0.143718 0.069466
v 0.023139 -0.145717 0.070117
v 0.017276 -0.144306 0.069539
v 0.017116 -0.144896 0.069605
v 0.035756 -0.145293 0.070573
v 0.035386 -0.146634 0.070882
v 0.035016 -0.147982 0.071156
v 0.034645 -0.149339 0.071387
v 0.029483 -0.145368 0.070386
v 0.029175 -0.146491 0.070601
v 0.028866 -0.147620 0.070781
v 0.034562 -0.150035 0.068172
v 0.057817 -0.156512 0.069559
v 0.063327 -0.159195 0.070483
v 0.069284 -0.160276 0.070870
v 0.068828 -0.161888 0.071585
v 0.057388 -0.158043 0.070130
v 0.062885 -0.160763 0.071135
v 0.056961 -0.159564 0.070728
v 0.051882 -0.155337 0.069283
v 0.051468 -0.156817 0.069807
v 0.045966 -0.154089 0.069027
v 0.045568 -0.155516 0.069507
v 0.040070 -0.152763 0.068787
v 0.051056 -0.158289 0.070355
v 0.056535 -0.161080 0.071341
v 0.045171 -0.156935 0.070011
v 0.039688 -0.154135 0.069227
v 0.050645 -0.159755 0.070918
v 0.044775 -0.158349 0.070529
v 0.039307 -0.155500 0.069690
v 0.068374 -0.163494 0.072317
v 0.062445 -0.162325 0.071804
v 0.062006 -0.163882 0.072487
v 0.056110 -0.162590 0.071968
v 0.067922 -0.165093 0.073062
v 0.067470 -0.166685 0.073822
v 0.051585 -0.155995 0.072998
v 0.040162 -0.152038 0.071959
v 0.045668 -0.154772 0.072580
v 0.045262 -0.156258 0.072806
v 0.039773 -0.153461 0.072179
v 0.039385 -0.154887 0.072376
v 0.050234 -0.161216 0.071495
v 0.044380 -0.159759 0.071060
v 0.038927 -0.156861 0.070168
v 0.061567 -0.165433 0.073184
v 0.055686 -0.164095 0.072608
v 0.061131 -0.166976 0.073897
v 0.049825 -0.162672 0.072084
v 0.043986 -0.161164 0.071604
v 0.038547 -0.158217 0.070658
v 0.055263 -0.165593 0.073264
v 0.049417 -0.164122 0.072689
v 0.043593 -0.162563 0.072163
v 0.038168 -0.159570 0.071160
v 0.049009 -0.165567 0.073307
v 0.043200 -0.163958 0.072733
v 0.037791 -0.160917 0.071676
v 0.034195 -0.151356 0.068560
v 0.033829 -0.152673 0.068964
v 0.028500 -0.149271 0.068413
v 0.028195 -0.150369 0.068737
v 0.033464 -0.153983 0.069391
v 0.033100 -0.155288 0.069831
v 0.032736 -0.156590 0.070283
v 0.027891 -0.151461 0.069079
v 0.027588 -0.152549 0.069433
v 0.027285 -0.153635 0.069796
v 0.022865 -0.146954 0.068306
v 0.022634 -0.147790 0.068544
v 0.022402 -0.148622 0.068796
v 0.016936 -0.145695 0.068545
v 0.022172 -0.149451 0.069056
v 0.021941 -0.150278 0.069323
v 0.016778 -0.146263 0.068718
v 0.011239 -0.143593 0.068602
v 0.011155 -0.143896 0.068700
v 0.011245 -0.143524 0.068986
v 0.011159 -0.143842 0.069001
v 0.011070 -0.144198 0.068802
v 0.010986 -0.144499 0.068906
v 0.011074 -0.144160 0.069013
v 0.010988 -0.144478 0.069023
v 0.016621 -0.146829 0.068895
v 0.010904 -0.144791 0.069027
v 0.016463 -0.147394 0.069078
v 0.016306 -0.147958 0.069267
v 0.016956 -0.145486 0.069661
v 0.016796 -0.146077 0.069711
v 0.016636 -0.146669 0.069755
v 0.016476 -0.147261 0.069794
v 0.021711 -0.151103 0.069598
v 0.016150 -0.148519 0.069460
v 0.015993 -0.149079 0.069659
v 0.016316 -0.147853 0.069827
v 0.016157 -0.148445 0.069855
v 0.015997 -0.149038 0.069877
v 0.015840 -0.149622 0.069890
v 0.021482 -0.151925 0.069882
v 0.021253 -0.152744 0.070173
v 0.026983 -0.154717 0.070169
v 0.028558 -0.148751 0.070944
v 0.034273 -0.150698 0.071599
v 0.033902 -0.152061 0.071793
v 0.033530 -0.153426 0.071964
v 0.028249 -0.149885 0.071092
v 0.027940 -0.151020 0.071222
v 0.038996 -0.156315 0.072558
v 0.033159 -0.154793 0.072121
v 0.032787 -0.156161 0.072266
v 0.038607 -0.157745 0.072727
v 0.027632 -0.152158 0.071339
v 0.027323 -0.153296 0.071447
v 0.027014 -0.154435 0.071545
v 0.022904 -0.146577 0.070232
v 0.022670 -0.147439 0.070336
v 0.022435 -0.148303 0.070426
v 0.022201 -0.149167 0.070507
v 0.021967 -0.150032 0.070580
v 0.021733 -0.150898 0.070645
v 0.021499 -0.151764 0.070701
v 0.026682 -0.155796 0.070554
v 0.021024 -0.153561 0.070472
v 0.020801 -0.154353 0.070816
v 0.021265 -0.152631 0.070750
v 0.021031 -0.153499 0.070790
v 0.026706 -0.155575 0.071630
v 0.032374 -0.157888 0.070747
v 0.032011 -0.159181 0.071224
v 0.031650 -0.160470 0.071713
v 0.026381 -0.156871 0.070948
v 0.037414 -0.162260 0.072204
v 0.032416 -0.157531 0.072398
v 0.032045 -0.158902 0.072516
v 0.026398 -0.156715 0.071705
v 0.031289 -0.161755 0.072213
v 0.026080 -0.157943 0.071352
v 0.031673 -0.160273 0.072622
v 0.026090 -0.157857 0.071770
v 0.037037 -0.163598 0.072744
v 0.030938 -0.162999 0.072785
v 0.031302 -0.161646 0.072716
v 0.025787 -0.158981 0.071816
v 0.125483 -0.160107 0.076369
v 0.119206 -0.160179 0.076326
v 0.125007 -0.161915 0.076079
v 0.125292 -0.160737 0.077042
v 0.124854 -0.162393 0.076875
v 0.113083 -0.159713 0.075974
v 0.125100 -0.161373 0.077709
v 0.118931 -0.161112 0.077093
v 0.124907 -0.162014 0.078370
v 0.118335 -0.163419 0.076374
v 0.106711 -0.160106 0.076222
v 0.124701 -0.162864 0.077676
v 0.124551 -0.163327 0.078482
v 0.124712 -0.162662 0.079025
v 0.118654 -0.162053 0.077850
v 0.118100 -0.164183 0.077320
v 0.112724 -0.160950 0.076811
v 0.112363 -0.162200 0.077627
v 0.106275 -0.161627 0.077071
v 0.124403 -0.163783 0.079291
v 0.124516 -0.163315 0.079674
v 0.118376 -0.162999 0.078598
v 0.124319 -0.163974 0.080317
v 0.124256 -0.164232 0.080105
v 0.117867 -0.164939 0.078274
v 0.112000 -0.163458 0.078429
v 0.124122 -0.164632 0.080939
v 0.118097 -0.163953 0.079338
v 0.117816 -0.164913 0.080068
v 0.117636 -0.165685 0.079235
v 0.111663 -0.164955 0.076423
v 0.111344 -0.166019 0.077484
v 0.105061 -0.166260 0.076213
v 0.105837 -0.163162 0.077894
v 0.111026 -0.167074 0.078554
v 0.111635 -0.164723 0.079221
v 0.105397 -0.164705 0.078701
v 0.104956 -0.166255 0.079494
v 0.104665 -0.167602 0.077339
v 0.110712 -0.168118 0.079635
v 0.104271 -0.168933 0.078478
v 0.100951 -0.158379 0.075100
v 0.100494 -0.159987 0.075883
v 0.094778 -0.158088 0.074860
v 0.094301 -0.159778 0.075571
v 0.100036 -0.161604 0.076646
v 0.093824 -0.161478 0.076260
v 0.098816 -0.166300 0.075439
v 0.088623 -0.157727 0.074632
v 0.082507 -0.157229 0.074338
v 0.088129 -0.159491 0.075282
v 0.082006 -0.159024 0.074924
v 0.075964 -0.158276 0.074429
v 0.075477 -0.160033 0.074917
v 0.087633 -0.161264 0.075910
v 0.081505 -0.160826 0.075487
v 0.087136 -0.163046 0.076507
v 0.081002 -0.162637 0.076019
v 0.099576 -0.163233 0.077380
v 0.093344 -0.163188 0.076921
v 0.092863 -0.164905 0.077563
v 0.099114 -0.164869 0.078098
v 0.098651 -0.166511 0.078801
v 0.117533 -0.165880 0.080789
v 0.117407 -0.166423 0.080203
v 0.117250 -0.166852 0.081502
v 0.117180 -0.167152 0.081178
v 0.111269 -0.165994 0.080001
v 0.110901 -0.167274 0.080767
v 0.116968 -0.167820 0.082187
v 0.110532 -0.168559 0.081522
v 0.110399 -0.169154 0.080725
v 0.104514 -0.167812 0.080273
v 0.104070 -0.169376 0.081035
v 0.110088 -0.170179 0.081825
v 0.110162 -0.169851 0.082266
v 0.109795 -0.171134 0.082976
v 0.098393 -0.167750 0.076498
v 0.092151 -0.167775 0.075760
v 0.085934 -0.167701 0.075105
v 0.074989 -0.161798 0.075376
v 0.074501 -0.163568 0.075816
v 0.079339 -0.168923 0.075350
v 0.073394 -0.167850 0.074539
v 0.085468 -0.169320 0.076076
v 0.091707 -0.169311 0.076778
v 0.085005 -0.170929 0.077065
v 0.097972 -0.169192 0.077571
v 0.103880 -0.170253 0.079631
v 0.097554 -0.170622 0.078660
v 0.092381 -0.166627 0.078191
v 0.091898 -0.168354 0.078803
v 0.091265 -0.170836 0.077812
v 0.097137 -0.172044 0.079760
v 0.086638 -0.164835 0.077086
v 0.080499 -0.164454 0.076533
v 0.079995 -0.166275 0.077030
v 0.086139 -0.166628 0.077649
v 0.085639 -0.168426 0.078196
v 0.074011 -0.165340 0.076241
v 0.073522 -0.167117 0.076650
v 0.079490 -0.168100 0.077511
v 0.090824 -0.172353 0.078859
v 0.078984 -0.169930 0.077973
v 0.085139 -0.170229 0.078724
v 0.078866 -0.170573 0.076282
v 0.072932 -0.169472 0.075388
v 0.084543 -0.172529 0.078068
v 0.078395 -0.172216 0.077228
v 0.072471 -0.171086 0.076251
v 0.084084 -0.174121 0.079086
v 0.073032 -0.168898 0.077040
v 0.072542 -0.170682 0.077414
v 0.078478 -0.171763 0.078419
v 0.077926 -0.173851 0.078190
v 0.072012 -0.172692 0.077130
v 0.072051 -0.172469 0.077772
v 0.077473 -0.175416 0.079240
v 0.103491 -0.171564 0.080796
v 0.103625 -0.170946 0.081784
v 0.103178 -0.172523 0.082519
v 0.103104 -0.172865 0.081972
v 0.102737 -0.174087 0.083215
v 0.098187 -0.168160 0.079490
v 0.097722 -0.169815 0.080160
v 0.097255 -0.171475 0.080817
v 0.091414 -0.170087 0.079396
v 0.096723 -0.173456 0.080874
v 0.090930 -0.171826 0.079975
v 0.090444 -0.173569 0.080537
v 0.084638 -0.172037 0.079236
v 0.096788 -0.173141 0.081458
v 0.096326 -0.174791 0.082062
v 0.090386 -0.173860 0.079921
v 0.077972 -0.173601 0.078848
v 0.084136 -0.173849 0.079731
v 0.089965 -0.175293 0.081062
v 0.083641 -0.175640 0.080189
v 0.071568 -0.174233 0.078095
v 0.069943 -0.157445 0.073965
v 0.069471 -0.159152 0.074391
v 0.063487 -0.158185 0.073899
v 0.063031 -0.159845 0.074243
v 0.068999 -0.160866 0.074788
v 0.057525 -0.157133 0.073437
v 0.057086 -0.158736 0.073735
v 0.068526 -0.162584 0.075166
v 0.062575 -0.161508 0.074570
v 0.056646 -0.160343 0.074017
v 0.056206 -0.161952 0.074285
v 0.068053 -0.164305 0.075530
v 0.062118 -0.163174 0.074882
v 0.061661 -0.164843 0.075178
v 0.067580 -0.166029 0.075878
v 0.055766 -0.163563 0.074538
v 0.051163 -0.157541 0.073258
v 0.050740 -0.159089 0.073502
v 0.050317 -0.160640 0.073732
v 0.049893 -0.162192 0.073948
v 0.044856 -0.157747 0.073017
v 0.044450 -0.159237 0.073214
v 0.067020 -0.168270 0.074600
v 0.060695 -0.168514 0.074623
v 0.066571 -0.169849 0.075390
v 0.055326 -0.165177 0.074774
v 0.061204 -0.166515 0.075457
v 0.054885 -0.166793 0.074997
v 0.060747 -0.168189 0.075722
v 0.054841 -0.167086 0.073933
v 0.066124 -0.171420 0.076196
v 0.060261 -0.170045 0.075364
v 0.054420 -0.168573 0.074616
v 0.054445 -0.168411 0.075204
v 0.059839 -0.171519 0.076189
v 0.038218 -0.159176 0.072883
v 0.044044 -0.160729 0.073398
v 0.043638 -0.162224 0.073566
v 0.049470 -0.163746 0.074147
v 0.043232 -0.163719 0.073722
v 0.037830 -0.160609 0.073025
v 0.037441 -0.162043 0.073154
v 0.049047 -0.165303 0.074333
v 0.048603 -0.167006 0.073938
v 0.042809 -0.165348 0.073317
v 0.037053 -0.163478 0.073269
v 0.042827 -0.165216 0.073863
v 0.048208 -0.168396 0.074649
v 0.042427 -0.166691 0.073978
v 0.036671 -0.164892 0.073359
v 0.048624 -0.166860 0.074505
v 0.054011 -0.170006 0.075382
v 0.067106 -0.167757 0.076208
v 0.066632 -0.169487 0.076523
v 0.060289 -0.169865 0.075971
v 0.066158 -0.171220 0.076821
v 0.065690 -0.172930 0.077087
v 0.254089 -0.175191 0.074955
v 0.259550 -0.178165 0.074972
v 0.253743 -0.176525 0.074589
v 0.262094 -0.168301 0.078089
v 0.267256 -0.172439 0.077697
v 0.267044 -0.173264 0.077408
v 0.261816 -0.169384 0.077698
v 0.262370 -0.167222 0.078491
v 0.267467 -0.171617 0.077994
v 0.262636 -0.166175 0.078952
v 0.262335 -0.167300 0.078909
v 0.267670 -0.170818 0.078336
v 0.267442 -0.171673 0.078312
v 0.262031 -0.168443 0.078847
v 0.267210 -0.172541 0.078274
v 0.261727 -0.169585 0.078774
v 0.257121 -0.163398 0.078970
v 0.256790 -0.164692 0.078473
v 0.257438 -0.162144 0.079540
v 0.257078 -0.163497 0.079473
v 0.251008 -0.162897 0.078587
v 0.256458 -0.165990 0.077987
v 0.251352 -0.161549 0.079124
v 0.245201 -0.161192 0.078739
v 0.250663 -0.164249 0.078062
v 0.256124 -0.167291 0.077512
v 0.261537 -0.170469 0.077315
v 0.261257 -0.171558 0.076945
v 0.255789 -0.168598 0.077052
v 0.250316 -0.165606 0.077549
v 0.249967 -0.166967 0.077050
v 0.244483 -0.164007 0.077616
v 0.256712 -0.164872 0.079383
v 0.256347 -0.166246 0.079280
v 0.255983 -0.167619 0.079165
v 0.261424 -0.170727 0.078691
v 0.255619 -0.168991 0.079035
v 0.244843 -0.162597 0.078171
v 0.272675 -0.175563 0.077793
v 0.277576 -0.180700 0.077194
v 0.272535 -0.176110 0.077564
v 0.272391 -0.176673 0.077367
v 0.272245 -0.177238 0.077174
v 0.272100 -0.177805 0.076987
v 0.266832 -0.174091 0.077126
v 0.266618 -0.174920 0.076853
v 0.260976 -0.172650 0.076584
v 0.266189 -0.176586 0.076328
v 0.260694 -0.173745 0.076232
v 0.266404 -0.175752 0.076587
v 0.271953 -0.178373 0.076805
v 0.271658 -0.179514 0.076458
v 0.277104 -0.182531 0.076616
v 0.277024 -0.182838 0.076530
v 0.271510 -0.180087 0.076292
v 0.276944 -0.183147 0.076449
v 0.271361 -0.180662 0.076137
v 0.265972 -0.177422 0.076079
v 0.265755 -0.178262 0.075843
v 0.271211 -0.181239 0.075988
v 0.260411 -0.174844 0.075892
v 0.260125 -0.175947 0.075571
v 0.265536 -0.179105 0.075618
v 0.259839 -0.177054 0.075263
v 0.265316 -0.179951 0.075405
v 0.277341 -0.181612 0.076892
v 0.277262 -0.181917 0.076797
v 0.271806 -0.178943 0.076629
v 0.277498 -0.181003 0.077091
v 0.277420 -0.181307 0.076990
v 0.277651 -0.180406 0.077315
v 0.272518 -0.176147 0.077782
v 0.277567 -0.180719 0.077311
v 0.272360 -0.176740 0.077761
v 0.272202 -0.177333 0.077735
v 0.277482 -0.181037 0.077303
v 0.277397 -0.181355 0.077291
v 0.272044 -0.177926 0.077703
v 0.271886 -0.178518 0.077666
v 0.277312 -0.181674 0.077277
v 0.277183 -0.182224 0.076705
v 0.276917 -0.183203 0.076803
v 0.277228 -0.181991 0.077259
v 0.271729 -0.179111 0.077622
v 0.271572 -0.179702 0.077574
v 0.277143 -0.182309 0.077239
v 0.277059 -0.182627 0.077215
v 0.271415 -0.180294 0.077519
v 0.255114 -0.171221 0.076165
v 0.254774 -0.172539 0.075741
v 0.255452 -0.169908 0.076603
v 0.249617 -0.168332 0.076563
v 0.243758 -0.166841 0.076547
v 0.249265 -0.169701 0.076088
v 0.248911 -0.171075 0.075628
v 0.243393 -0.168264 0.076032
v 0.254432 -0.173863 0.075340
v 0.248555 -0.172456 0.075190
v 0.243026 -0.169693 0.075531
v 0.248198 -0.173841 0.074771
v 0.242657 -0.171129 0.075055
v 0.242285 -0.172570 0.074596
v 0.247838 -0.175232 0.074371
v 0.266979 -0.173409 0.078227
v 0.266748 -0.174276 0.078173
v 0.266518 -0.175143 0.078109
v 0.261121 -0.171868 0.078596
v 0.260819 -0.173008 0.078491
v 0.266288 -0.176010 0.078038
v 0.260517 -0.174147 0.078376
v 0.266058 -0.176875 0.077960
v 0.265829 -0.177741 0.077872
v 0.265601 -0.178604 0.077769
v 0.271259 -0.180885 0.077455
v 0.260216 -0.175285 0.078249
v 0.265373 -0.179467 0.077656
v 0.259618 -0.177555 0.077942
v 0.259916 -0.176421 0.078103
v 0.244121 -0.165422 0.077075
v 0.255256 -0.170362 0.078893
v 0.254894 -0.171731 0.078740
v 0.249405 -0.168835 0.078954
v 0.249783 -0.167402 0.079120
v 0.249027 -0.170266 0.078775
v 0.248650 -0.171696 0.078581
v 0.243135 -0.168891 0.078829
v 0.253814 -0.175829 0.078172
v 0.254533 -0.173100 0.078572
v 0.254173 -0.174465 0.078380
v 0.248274 -0.173123 0.078364
v 0.242742 -0.170381 0.078606
v 0.247900 -0.174547 0.078128
v 0.241962 -0.173352 0.078091
v 0.242352 -0.171868 0.078358
v 0.239369 -0.159576 0.078936
v 0.238626 -0.162493 0.077719
v 0.238252 -0.163960 0.077133
v 0.238999 -0.161032 0.078321
v 0.233129 -0.159555 0.078520
v 0.232746 -0.161065 0.077867
v 0.232360 -0.162581 0.077230
v 0.226841 -0.159720 0.078066
v 0.226444 -0.161283 0.077373
v 0.227235 -0.158163 0.078776
v 0.220911 -0.158459 0.078329
v 0.237876 -0.165432 0.076560
v 0.237499 -0.166908 0.076000
v 0.231582 -0.165629 0.075996
v 0.237119 -0.168389 0.075455
v 0.231972 -0.164103 0.076606
v 0.236736 -0.169879 0.074935
v 0.236352 -0.171374 0.074434
v 0.231191 -0.167161 0.075402
v 0.230796 -0.168703 0.074834
v 0.230399 -0.170250 0.074285
v 0.225242 -0.166007 0.075379
v 0.224836 -0.167597 0.074756
v 0.218857 -0.166558 0.074707
v 0.224427 -0.169194 0.074154
v 0.225645 -0.164426 0.076028
v 0.219686 -0.163296 0.076102
v 0.219274 -0.164922 0.075390
v 0.213707 -0.162238 0.076227
v 0.213286 -0.163904 0.075446
v 0.212860 -0.165581 0.074692
v 0.236811 -0.169153 0.078648
v 0.236406 -0.170700 0.078366
v 0.236002 -0.172243 0.078063
v 0.230436 -0.169616 0.078388
v 0.226045 -0.162852 0.076693
v 0.220097 -0.161678 0.076830
v 0.214125 -0.160580 0.077027
v 0.220505 -0.160065 0.077572
v 0.214542 -0.158929 0.077840
v 0.264644 -0.182517 0.074921
v 0.270600 -0.183574 0.075533
v 0.270443 -0.184165 0.075475
v 0.259259 -0.179283 0.074716
v 0.265094 -0.180802 0.075219
v 0.264870 -0.181657 0.075056
v 0.264415 -0.183381 0.074828
v 0.258965 -0.180407 0.074489
v 0.258668 -0.181538 0.074301
v 0.270285 -0.184758 0.075463
v 0.264184 -0.184249 0.074802
v 0.270125 -0.185346 0.075530
v 0.258367 -0.182675 0.074167
v 0.258062 -0.183817 0.074121
v 0.263950 -0.185110 0.074892
v 0.257754 -0.184953 0.074228
v 0.263748 -0.185810 0.075343
v 0.257487 -0.185879 0.074812
v 0.253393 -0.177868 0.074266
v 0.253041 -0.179218 0.073978
v 0.247473 -0.176634 0.074016
v 0.241911 -0.174017 0.074159
v 0.247106 -0.178043 0.073697
v 0.252684 -0.180577 0.073736
v 0.241533 -0.175476 0.073768
v 0.252324 -0.181944 0.073560
v 0.251957 -0.183318 0.073489
v 0.246734 -0.179461 0.073426
v 0.240764 -0.178421 0.073111
v 0.246358 -0.180890 0.073224
v 0.245976 -0.182327 0.073132
v 0.240373 -0.179910 0.072880
v 0.241151 -0.176943 0.073414
v 0.251587 -0.184686 0.073603
v 0.245588 -0.183760 0.073233
v 0.239975 -0.181410 0.072763
v 0.239570 -0.182907 0.072848
v 0.245248 -0.184943 0.073941
v 0.251264 -0.185809 0.074294
v 0.257631 -0.185233 0.075725
v 0.251434 -0.185042 0.075401
v 0.239213 -0.184152 0.073570
v 0.245422 -0.184154 0.075109
v 0.235965 -0.172876 0.073955
v 0.235572 -0.174391 0.073523
v 0.229999 -0.171805 0.073759
v 0.229594 -0.173374 0.073282
v 0.235176 -0.175915 0.073131
v 0.234776 -0.177451 0.072791
v 0.234369 -0.178999 0.072526
v 0.229184 -0.174954 0.072846
v 0.228770 -0.176546 0.072464
v 0.224015 -0.170800 0.073575
v 0.223598 -0.172421 0.073047
v 0.218015 -0.169854 0.073404
v 0.218438 -0.168202 0.074044
v 0.212432 -0.167267 0.073959
v 0.212000 -0.168963 0.073251
v 0.223176 -0.174054 0.072561
v 0.222748 -0.175701 0.072131
v 0.217153 -0.173208 0.072275
v 0.216713 -0.174907 0.071789
v 0.217587 -0.171525 0.072818
v 0.211117 -0.172409 0.071988
v 0.211561 -0.170679 0.072597
v 0.222313 -0.177365 0.071782
v 0.227920 -0.179776 0.071980
v 0.221870 -0.179047 0.071560
v 0.216265 -0.176626 0.071387
v 0.210207 -0.175927 0.070973
v 0.215807 -0.178366 0.071116
v 0.210667 -0.174156 0.071437
v 0.227482 -0.181403 0.072018
v 0.221416 -0.180739 0.071566
v 0.215338 -0.180121 0.071082
v 0.221005 -0.182182 0.072303
v 0.209736 -0.177723 0.070644
v 0.209251 -0.179541 0.070560
v 0.214909 -0.181635 0.071812
v 0.233955 -0.180561 0.072380
v 0.233534 -0.182124 0.072444
v 0.228349 -0.178153 0.072161
v 0.239390 -0.183344 0.074801
v 0.233160 -0.183433 0.073176
v 0.227090 -0.182778 0.072756
v 0.233339 -0.182609 0.074472
v 0.227270 -0.181943 0.074119
v 0.221184 -0.181341 0.073737
v 0.215085 -0.180795 0.073319
v 0.208975 -0.180297 0.072858
v 0.215443 -0.179338 0.074345
v 0.270908 -0.182401 0.075726
v 0.276700 -0.184081 0.076237
v 0.276618 -0.184396 0.076182
v 0.271061 -0.181818 0.075848
v 0.270755 -0.182986 0.075620
v 0.276863 -0.183457 0.076372
v 0.276782 -0.183768 0.076299
v 0.276535 -0.184711 0.076138
v 0.276450 -0.185028 0.076110
v 0.276365 -0.185346 0.076106
v 0.276280 -0.185661 0.076144
v 0.276206 -0.185915 0.076314
v 0.276248 -0.185729 0.076563
v 0.270065 -0.185477 0.076309
v 0.276320 -0.185443 0.076710
v 0.276974 -0.182944 0.077189
v 0.276890 -0.183261 0.077157
v 0.276641 -0.184209 0.077030
v 0.276558 -0.184522 0.076971
v 0.276477 -0.184834 0.076902
v 0.276807 -0.183578 0.077121
v 0.276723 -0.183894 0.077080
v 0.270794 -0.182650 0.077203
v 0.271103 -0.181474 0.077383
v 0.270948 -0.182063 0.077302
v 0.265147 -0.180328 0.077530
v 0.264922 -0.181185 0.077377
v 0.276397 -0.185142 0.076817
v 0.270641 -0.183234 0.077089
v 0.270490 -0.183814 0.076955
v 0.270341 -0.184387 0.076792
v 0.270198 -0.184947 0.076587
v 0.264262 -0.183723 0.076753
v 0.264699 -0.182038 0.077202
v 0.264478 -0.182885 0.076998
v 0.258732 -0.180936 0.077310
v 0.258442 -0.182049 0.077030
v 0.269988 -0.185821 0.075842
v 0.263859 -0.185312 0.076031
v 0.264052 -0.184540 0.076445
v 0.257884 -0.184222 0.076280
v 0.258158 -0.183148 0.076697
v 0.252404 -0.181226 0.077014
v 0.252064 -0.182545 0.076598
v 0.251736 -0.183832 0.076083
v 0.245736 -0.182896 0.075839
v 0.246077 -0.181556 0.076394
v 0.246431 -0.180181 0.076847
v 0.240068 -0.180648 0.076180
v 0.259320 -0.178688 0.077765
v 0.259025 -0.179814 0.077552
v 0.253102 -0.178543 0.077672
v 0.253457 -0.177189 0.077944
v 0.252751 -0.179890 0.077366
v 0.247527 -0.175968 0.077871
v 0.247158 -0.177381 0.077570
v 0.246792 -0.178786 0.077232
v 0.241191 -0.176304 0.077468
v 0.241575 -0.174833 0.077803
v 0.240436 -0.179218 0.076673
v 0.240811 -0.177767 0.077095
v 0.239714 -0.182040 0.075581
v 0.234039 -0.179820 0.075953
v 0.234419 -0.178336 0.076490
v 0.235202 -0.175311 0.077366
v 0.229191 -0.174397 0.077264
v 0.235600 -0.173782 0.077739
v 0.229602 -0.172812 0.077680
v 0.230018 -0.171216 0.078046
v 0.234808 -0.176830 0.076954
v 0.228784 -0.175972 0.076807
v 0.228382 -0.177531 0.076297
v 0.224013 -0.170271 0.078040
v 0.224444 -0.168615 0.078429
v 0.223584 -0.171923 0.077627
v 0.217544 -0.171110 0.077580
v 0.217985 -0.169406 0.078048
v 0.222326 -0.176798 0.076091
v 0.222740 -0.175188 0.076654
v 0.223159 -0.173561 0.077161
v 0.216676 -0.174477 0.076492
v 0.217108 -0.172800 0.077058
v 0.210595 -0.173833 0.076320
v 0.211037 -0.172111 0.076953
v 0.211484 -0.170373 0.077541
v 0.211936 -0.168620 0.078073
v 0.233673 -0.181261 0.075306
v 0.227613 -0.180555 0.075011
v 0.227990 -0.179065 0.075711
v 0.221922 -0.178382 0.075451
v 0.221536 -0.179916 0.074693
v 0.215838 -0.177763 0.075168
v 0.216252 -0.176135 0.075870
v 0.209739 -0.177204 0.074857
v 0.210162 -0.175535 0.075630
v 0.209336 -0.178814 0.073961
v 0.207278 -0.162952 0.075555
v 0.208131 -0.159561 0.077299
v 0.208553 -0.157877 0.078194
v 0.207706 -0.161253 0.076418
v 0.201582 -0.160727 0.076596
v 0.201167 -0.162388 0.075674
v 0.201995 -0.159075 0.077535
v 0.195772 -0.158909 0.077770
v 0.195383 -0.160480 0.076783
v 0.205524 -0.169875 0.072387
v 0.205072 -0.171647 0.071700
v 0.199460 -0.169166 0.072265
v 0.205971 -0.168120 0.073120
v 0.199895 -0.167445 0.073060
v 0.193789 -0.166877 0.073045
v 0.193376 -0.168520 0.072196
v 0.187672 -0.166346 0.073057
v 0.204612 -0.173439 0.071074
v 0.204142 -0.175256 0.070536
v 0.198568 -0.172665 0.070826
v 0.197633 -0.176281 0.069758
v 0.203659 -0.177106 0.070137
v 0.203160 -0.178984 0.069990
v 0.192089 -0.173588 0.069975
v 0.191635 -0.175347 0.069442
v 0.198108 -0.174455 0.070223
v 0.192528 -0.171870 0.070641
v 0.186071 -0.172720 0.069711
v 0.185639 -0.174405 0.069098
v 0.180060 -0.171831 0.069430
v 0.186486 -0.171082 0.070451
v 0.180447 -0.170286 0.070258
v 0.174435 -0.169339 0.070470
v 0.199018 -0.170904 0.071516
v 0.192956 -0.170183 0.071390
v 0.186890 -0.169479 0.071270
v 0.187284 -0.167902 0.072143
v 0.181187 -0.167302 0.072112
v 0.180822 -0.168779 0.071160
v 0.181545 -0.165847 0.073103
v 0.175025 -0.166923 0.072271
v 0.174734 -0.168116 0.071350
v 0.174124 -0.170599 0.069650
v 0.168415 -0.168409 0.070790
v 0.168187 -0.169352 0.070020
v 0.168632 -0.167502 0.071604
v 0.162375 -0.167546 0.071158
v 0.168841 -0.166621 0.072449
v 0.162513 -0.166945 0.071870
v 0.162645 -0.166367 0.072601
v 0.206846 -0.164665 0.074720
v 0.206410 -0.166387 0.073908
v 0.200323 -0.165748 0.073908
v 0.200746 -0.164063 0.074780
v 0.194594 -0.163654 0.074869
v 0.194991 -0.162059 0.075813
v 0.194194 -0.165259 0.073945
v 0.188051 -0.164817 0.074019
v 0.181894 -0.164422 0.074139
v 0.188425 -0.163302 0.075003
v 0.182238 -0.163011 0.075196
v 0.205403 -0.169711 0.077510
v 0.204948 -0.171490 0.076845
v 0.198846 -0.170928 0.076638
v 0.199291 -0.169180 0.077366
v 0.188796 -0.161798 0.076006
v 0.189162 -0.160310 0.077035
v 0.182913 -0.160231 0.077367
v 0.182578 -0.161613 0.076270
v 0.175853 -0.163478 0.075215
v 0.176120 -0.162360 0.076234
v 0.197166 -0.177623 0.073087
v 0.203220 -0.178335 0.073532
v 0.203627 -0.176697 0.074511
v 0.197560 -0.176027 0.074123
v 0.204056 -0.174993 0.075365
v 0.197977 -0.174362 0.075035
v 0.191909 -0.173695 0.074663
v 0.198407 -0.172658 0.075866
v 0.191515 -0.175279 0.073701
v 0.175308 -0.165751 0.073222
v 0.175583 -0.164608 0.074211
v 0.185466 -0.174553 0.073242
v 0.185833 -0.173061 0.074262
v 0.192316 -0.172070 0.075546
v 0.179753 -0.172446 0.073823
v 0.186214 -0.171523 0.075208
v 0.180104 -0.171012 0.074844
v 0.204498 -0.173253 0.076135
v 0.192732 -0.170417 0.076374
v 0.193155 -0.168745 0.077159
v 0.186605 -0.169957 0.076102
v 0.187003 -0.168370 0.076955
v 0.180466 -0.169546 0.075817
v 0.180835 -0.168057 0.076751
v 0.174640 -0.167889 0.076165
v 0.181212 -0.166542 0.077638
v 0.174059 -0.170276 0.074322
v 0.174346 -0.169093 0.075259
v 0.176382 -0.161258 0.077271
v 0.169043 -0.165760 0.073317
v 0.169238 -0.164926 0.074211
v 0.162771 -0.165807 0.073347
v 0.162780 -0.165510 0.075524
v 0.162228 -0.168178 0.070477
v 0.173782 -0.171428 0.073346
v 0.168030 -0.169484 0.073792
v 0.162890 -0.165269 0.074110
v 0.169430 -0.164103 0.075117
v 0.169618 -0.163291 0.076033
v 0.163007 -0.164742 0.074880
v 0.169801 -0.162494 0.076962
v 0.163121 -0.164223 0.075658
v 0.163231 -0.163717 0.076444
v 0.168236 -0.168613 0.074648
v 0.168448 -0.167722 0.075482
v 0.162136 -0.168093 0.074036
v 0.162007 -0.168661 0.073298
v 0.162270 -0.167506 0.074760
v 0.162410 -0.166899 0.075466
v 0.174942 -0.166658 0.077032
v 0.168667 -0.166807 0.076287
v 0.168889 -0.165882 0.077079
v 0.162553 -0.166282 0.076162
v 0.162698 -0.165657 0.076851
v 0.251682 -0.160244 0.079737
v 0.251306 -0.161659 0.079649
v 0.245900 -0.158437 0.079978
v 0.245508 -0.159914 0.079866
v 0.250924 -0.163096 0.079537
v 0.245558 -0.159792 0.079320
v 0.245110 -0.161413 0.079728
v 0.250543 -0.164533 0.079411
v 0.250163 -0.165968 0.079273
v 0.244713 -0.162911 0.079576
v 0.244317 -0.164409 0.079411
v 0.243922 -0.165904 0.079230
v 0.243528 -0.167398 0.079036
v 0.240091 -0.156723 0.080271
v 0.239738 -0.158125 0.079563
v 0.233511 -0.158049 0.079185
v 0.233891 -0.156550 0.079865
v 0.239683 -0.158261 0.080131
v 0.239270 -0.159822 0.079963
v 0.238858 -0.161381 0.079780
v 0.234255 -0.155103 0.080627
v 0.233832 -0.156701 0.080453
v 0.233404 -0.158323 0.080250
v 0.238447 -0.162940 0.079584
v 0.238036 -0.164496 0.079371
v 0.232976 -0.159943 0.080031
v 0.232550 -0.161561 0.079798
v 0.232125 -0.163177 0.079548
v 0.227627 -0.156612 0.079499
v 0.228390 -0.153579 0.081058
v 0.228018 -0.155068 0.080236
v 0.221716 -0.155267 0.079890
v 0.227510 -0.156917 0.080599
v 0.222116 -0.153681 0.080692
v 0.221315 -0.156860 0.079102
v 0.215368 -0.155647 0.079515
v 0.214956 -0.157284 0.078669
v 0.227069 -0.158596 0.080337
v 0.226628 -0.160273 0.080062
v 0.226189 -0.161947 0.079769
v 0.220679 -0.159078 0.080386
v 0.215777 -0.154018 0.080374
v 0.227953 -0.155236 0.080844
v 0.222496 -0.152154 0.081580
v 0.222045 -0.153869 0.081318
v 0.221588 -0.155608 0.081023
v 0.216183 -0.152395 0.081249
v 0.216570 -0.150836 0.082212
v 0.216106 -0.152607 0.081892
v 0.215636 -0.154400 0.081539
v 0.221133 -0.157344 0.080712
v 0.215168 -0.156191 0.081168
v 0.214702 -0.157979 0.080782
v 0.237627 -0.166050 0.079145
v 0.237218 -0.167603 0.078905
v 0.231701 -0.164791 0.079284
v 0.231278 -0.166402 0.079006
v 0.230856 -0.168011 0.078711
v 0.225750 -0.163619 0.079461
v 0.225313 -0.165288 0.079138
v 0.220226 -0.160808 0.080041
v 0.219775 -0.162536 0.079681
v 0.219324 -0.164260 0.079307
v 0.213773 -0.161544 0.079956
v 0.224878 -0.166954 0.078797
v 0.218430 -0.167697 0.078492
v 0.218876 -0.165982 0.078914
v 0.213310 -0.163321 0.079520
v 0.212850 -0.165094 0.079065
v 0.214236 -0.159763 0.080377
v 0.212392 -0.166860 0.078580
v 0.209391 -0.154533 0.080033
v 0.208973 -0.156201 0.079105
v 0.210608 -0.149637 0.082980
v 0.210217 -0.151220 0.081934
v 0.209805 -0.152873 0.080976
v 0.209651 -0.153304 0.082167
v 0.204017 -0.150937 0.082456
v 0.203618 -0.152548 0.081442
v 0.203216 -0.154167 0.080442
v 0.209172 -0.155146 0.081725
v 0.208694 -0.156984 0.081268
v 0.197301 -0.152713 0.081860
v 0.202405 -0.157430 0.078489
v 0.202812 -0.155794 0.079457
v 0.196543 -0.155793 0.079785
v 0.196159 -0.157347 0.078770
v 0.207270 -0.162473 0.079788
v 0.206799 -0.164294 0.079259
v 0.189524 -0.158832 0.078079
v 0.189884 -0.157362 0.079135
v 0.183573 -0.157499 0.079603
v 0.208217 -0.158818 0.080791
v 0.207743 -0.160647 0.080297
v 0.196923 -0.154249 0.080816
v 0.202514 -0.156649 0.081578
v 0.202047 -0.158457 0.081035
v 0.202984 -0.154836 0.082102
v 0.195784 -0.158452 0.081203
v 0.196231 -0.156713 0.081812
v 0.201582 -0.160260 0.080476
v 0.201118 -0.162059 0.079901
v 0.194897 -0.161913 0.079941
v 0.195340 -0.160185 0.080580
v 0.190595 -0.154451 0.081290
v 0.190241 -0.155901 0.080205
v 0.190946 -0.153009 0.082388
v 0.183899 -0.156146 0.080739
v 0.189489 -0.158559 0.081441
v 0.189068 -0.160214 0.080741
v 0.184221 -0.154805 0.081889
v 0.210132 -0.151459 0.082592
v 0.204394 -0.149398 0.083556
v 0.203927 -0.151197 0.083101
v 0.198029 -0.149733 0.084056
v 0.203454 -0.153019 0.082610
v 0.197676 -0.151187 0.082918
v 0.197581 -0.151467 0.083535
v 0.197129 -0.153220 0.082976
v 0.191294 -0.151577 0.083499
v 0.191619 -0.150220 0.084683
v 0.191194 -0.151881 0.084083
v 0.185151 -0.150907 0.085465
v 0.196679 -0.154969 0.082401
v 0.189912 -0.156898 0.082126
v 0.190337 -0.155231 0.082793
v 0.184541 -0.153473 0.083051
v 0.190764 -0.153559 0.083446
v 0.184857 -0.152151 0.084225
v 0.183153 -0.158806 0.081761
v 0.177401 -0.156944 0.081524
v 0.183549 -0.157235 0.082536
v 0.177649 -0.155889 0.082612
v 0.183948 -0.155657 0.083295
v 0.177143 -0.157768 0.082658
v 0.184348 -0.154073 0.084041
v 0.184751 -0.152483 0.084772
v 0.178118 -0.153868 0.084859
v 0.177793 -0.155163 0.084151
v 0.177894 -0.154843 0.083710
v 0.177467 -0.156469 0.083411
v 0.206331 -0.166107 0.078700
v 0.205866 -0.167913 0.078118
v 0.200657 -0.163852 0.079308
v 0.200199 -0.165636 0.078684
v 0.194456 -0.163635 0.079284
v 0.194020 -0.165347 0.078599
v 0.199743 -0.167413 0.078038
v 0.193586 -0.167051 0.077891
v 0.183244 -0.158861 0.078479
v 0.176641 -0.160166 0.078320
v 0.187409 -0.166759 0.077758
v 0.187819 -0.165137 0.078537
v 0.188232 -0.163506 0.079296
v 0.181594 -0.165015 0.078503
v 0.181979 -0.163478 0.079348
v 0.188648 -0.161863 0.080027
v 0.176897 -0.159082 0.079378
v 0.177150 -0.158008 0.080445
v 0.182759 -0.160370 0.080971
v 0.182368 -0.161928 0.080168
v 0.176184 -0.161626 0.080329
v 0.175556 -0.164163 0.078716
v 0.175869 -0.162899 0.079529
v 0.175247 -0.165416 0.077882
v 0.169982 -0.161705 0.077900
v 0.170161 -0.160924 0.078845
v 0.170511 -0.159388 0.080757
v 0.170338 -0.160152 0.079797
v 0.176502 -0.160347 0.081118
v 0.169575 -0.163045 0.079379
v 0.169809 -0.162085 0.080126
v 0.163652 -0.161763 0.079635
v 0.163339 -0.163218 0.077235
v 0.169115 -0.164947 0.077860
v 0.169344 -0.164000 0.078625
v 0.163446 -0.162726 0.078030
v 0.163550 -0.162241 0.078830
v 0.162847 -0.165021 0.077529
v 0.162997 -0.164379 0.078200
v 0.163303 -0.163078 0.079526
v 0.163459 -0.162418 0.080180
v 0.163149 -0.163731 0.078866
v 0.163752 -0.161292 0.080443
v 0.163616 -0.161753 0.080827
v 0.163850 -0.160828 0.081257
v 0.163775 -0.161083 0.081469
v 0.170044 -0.161118 0.080864
v 0.170282 -0.160144 0.081591
v 0.163934 -0.160413 0.082089
v 0.176821 -0.159061 0.081895
v 0.170683 -0.158632 0.081723
v 0.170852 -0.157885 0.082696
v 0.170521 -0.159165 0.082310
v 0.170762 -0.158179 0.083021
v 0.171003 -0.157199 0.083704
v 0.208803 -0.181128 0.071274
v 0.197141 -0.178145 0.069541
v 0.191160 -0.177153 0.069149
v 0.196670 -0.179825 0.070162
v 0.190697 -0.178815 0.069679
v 0.202692 -0.180648 0.070677
v 0.202856 -0.179836 0.072343
v 0.196817 -0.179075 0.071849
v 0.185185 -0.176147 0.068716
v 0.184730 -0.177791 0.069141
v 0.179654 -0.173429 0.068722
v 0.173795 -0.171913 0.068929
v 0.179222 -0.175099 0.068235
v 0.173440 -0.173303 0.068390
v 0.178777 -0.176722 0.068538
v 0.190820 -0.178154 0.071354
v 0.184826 -0.177232 0.070805
v 0.173058 -0.174708 0.068528
v 0.178842 -0.176283 0.070189
v 0.191145 -0.176791 0.072623
v 0.185122 -0.175970 0.072112
v 0.173082 -0.174448 0.069967
v 0.179105 -0.175139 0.071542
v 0.179416 -0.173833 0.072733
v 0.173278 -0.173566 0.071204
v 0.167943 -0.170346 0.069324
v 0.167674 -0.171416 0.068768
v 0.167369 -0.172555 0.068752
v 0.167355 -0.172467 0.069929
v 0.162067 -0.168856 0.069845
v 0.161883 -0.169606 0.069311
v 0.161658 -0.170463 0.069175
v 0.161614 -0.170516 0.070068
v 0.167482 -0.171863 0.070999
v 0.161679 -0.170170 0.070939
v 0.173519 -0.172535 0.072315
v 0.167647 -0.171129 0.071981
v 0.161774 -0.169716 0.071757
v 0.167832 -0.170327 0.072906
v 0.161886 -0.169206 0.072540
f 1 2 3
f 3 4 5
f 5 6 7
f 7 8 9
f 10 3 5
f 10 1 3
f 10 5 7
f 10 7 9
f 10 9 11
f 10 11 12
f 10 12 13
f 9 14 11
f 11 15 12
f 12 16 13
f 2 4 3
f 4 6 5
f 6 8 7
f 14 15 11
f 8 14 9
f 15 16 12
f 16 17 13
f 6 18 8
f 2 19 4
f 4 20 6
f 8 21 14
f 14 22 15
f 15 23 16
f 16 24 17
f 18 21 8
f 20 18 6
f 19 20 4
f 21 22 14
f 25 18 20
f 25 20 19
f 22 23 15
f 23 24 16
f 24 26 17
f 25 21 18
f 25 22 21
f 25 23 22
f 25 24 23
f 25 26 24
f 10 13 27
f 10 27 28
f 10 28 29
f 10 29 30
f 10 30 31
f 10 31 32
f 10 32 33
f 13 17 27
f 27 34 28
f 28 35 29
f 29 36 30
f 30 37 31
f 31 38 32
f 32 39 33
f 17 34 27
f 34 35 28
f 35 36 29
f 36 37 30
f 37 38 31
f 38 39 32
f 39 40 33
f 17 26 34
f 34 41 35
f 35 42 36
f 36 43 37
f 37 44 38
f 26 41 34
f 41 42 35
f 25 41 26
f 25 42 41
f 25 43 42
f 25 44 43
f 25 45 44
f 42 43 36
f 43 44 37
f 44 45 38
f 45 46 39
f 46 47 40
f 25 46 45
f 25 47 46
f 38 45 39
f 39 46 40
f 48 49 1
f 50 51 48
f 52 53 50
f 10 48 1
f 10 50 48
f 10 52 50
f 10 54 52
f 10 55 54
f 10 56 55
f 10 57 56
f 54 58 52
f 55 59 54
f 56 60 55
f 57 61 56
f 49 2 1
f 51 49 48
f 53 51 50
f 58 53 52
f 59 58 54
f 60 59 55
f 61 60 56
f 49 62 2
f 51 63 49
f 53 64 51
f 58 65 53
f 59 66 58
f 60 67 59
f 61 68 60
f 62 19 2
f 63 62 49
f 64 63 51
f 65 64 53
f 66 65 58
f 25 19 62
f 25 62 63
f 67 66 59
f 68 67 60
f 25 63 64
f 25 64 65
f 25 65 66
f 25 66 67
f 25 67 68
f 10 69 57
f 10 70 69
f 10 71 70
f 10 72 71
f 10 73 72
f 10 33 74
f 10 74 73
f 69 75 57
f 70 76 69
f 71 77 70
f 72 78 71
f 73 79 72
f 74 80 73
f 33 40 74
f 75 61 57
f 76 75 69
f 78 77 71
f 77 76 70
f 79 78 72
f 80 79 73
f 40 80 74
f 75 81 61
f 76 82 75
f 77 83 76
f 78 84 77
f 81 68 61
f 82 81 75
f 83 82 76
f 25 68 81
f 25 81 82
f 25 82 83
f 25 83 84
f 25 84 85
f 84 83 77
f 47 86 80
f 86 85 79
f 85 84 78
f 25 86 47
f 25 85 86
f 80 86 79
f 40 47 80
f 79 85 78
f 87 88 89
f 90 89 91
f 89 92 91
f 93 94 87
f 95 89 90
f 95 87 89
f 96 87 95
f 96 93 87
f 97 98 93
f 99 90 100
f 101 95 99
f 100 90 102
f 99 95 90
f 100 102 103
f 101 96 95
f 104 96 101
f 104 105 96
f 90 91 102
f 105 93 96
f 105 97 93
f 103 102 106
f 103 106 107
f 108 105 104
f 102 91 109
f 102 109 106
f 91 110 109
f 107 106 111
f 107 111 112
f 113 99 100
f 113 100 103
f 113 101 99
f 113 104 101
f 106 109 114
f 106 114 111
f 109 115 114
f 94 116 88
f 89 88 92
f 88 116 117
f 88 117 92
f 87 94 88
f 94 118 116
f 98 118 94
f 93 98 94
f 98 119 118
f 120 119 98
f 118 121 116
f 118 122 121
f 119 122 118
f 119 123 122
f 97 120 98
f 116 121 124
f 116 124 117
f 122 125 121
f 122 126 125
f 123 126 122
f 123 127 126
f 127 128 126
f 126 129 125
f 121 125 130
f 125 129 131
f 126 128 129
f 128 132 129
f 128 133 132
f 91 92 110
f 92 117 134
f 92 134 110
f 117 124 135
f 109 110 115
f 110 134 136
f 110 136 115
f 117 135 134
f 134 135 137
f 121 130 124
f 125 131 130
f 129 132 138
f 129 138 131
f 124 130 139
f 124 139 135
f 130 140 139
f 130 131 140
f 131 138 141
f 131 141 140
f 112 111 142
f 113 103 107
f 112 142 143
f 113 107 112
f 143 142 144
f 111 114 145
f 111 145 142
f 114 146 145
f 143 144 147
f 113 112 143
f 113 143 147
f 147 148 149
f 147 144 148
f 142 145 150
f 142 150 144
f 114 115 146
f 115 136 151
f 115 151 146
f 134 137 136
f 145 146 152
f 135 139 153
f 135 153 137
f 133 154 132
f 132 155 138
f 132 154 155
f 156 120 97
f 108 157 105
f 157 97 105
f 157 156 97
f 158 156 157
f 158 159 156
f 159 160 156
f 161 157 108
f 161 158 157
f 162 158 161
f 163 164 159
f 165 159 158
f 165 163 159
f 120 166 119
f 166 123 119
f 160 166 120
f 156 160 120
f 160 167 166
f 167 168 166
f 166 168 123
f 167 169 168
f 168 127 123
f 127 170 128
f 168 171 127
f 171 170 127
f 169 171 168
f 169 172 171
f 172 173 171
f 170 133 128
f 170 174 133
f 171 173 170
f 173 174 170
f 173 175 174
f 172 176 173
f 176 175 173
f 176 177 175
f 164 167 160
f 164 178 167
f 159 164 160
f 178 169 167
f 179 178 164
f 178 180 169
f 181 180 178
f 163 179 164
f 179 181 178
f 182 181 179
f 181 183 180
f 184 183 181
f 180 172 169
f 180 185 172
f 185 176 172
f 183 185 180
f 186 187 185
f 185 187 176
f 187 177 176
f 187 188 177
f 183 186 185
f 184 189 183
f 186 190 187
f 190 188 187
f 190 191 188
f 192 190 186
f 189 186 183
f 189 192 186
f 193 191 190
f 192 193 190
f 193 194 191
f 113 108 104
f 162 165 158
f 113 161 108
f 195 165 162
f 195 196 165
f 196 163 165
f 113 162 161
f 113 195 162
f 197 196 195
f 197 198 196
f 144 150 199
f 145 152 150
f 200 179 163
f 196 200 163
f 201 182 200
f 198 200 196
f 198 201 200
f 202 203 201
f 113 147 149
f 149 204 205
f 149 148 204
f 113 149 205
f 113 205 206
f 113 197 195
f 207 198 197
f 113 207 197
f 208 209 207
f 144 199 148
f 150 210 199
f 148 211 204
f 148 199 211
f 205 212 206
f 113 206 213
f 205 204 212
f 113 213 214
f 206 215 213
f 113 208 207
f 113 216 208
f 206 212 215
f 199 217 211
f 204 218 212
f 204 211 218
f 207 209 198
f 209 201 198
f 209 202 201
f 219 202 209
f 208 219 209
f 216 219 208
f 216 220 219
f 219 221 202
f 220 221 219
f 221 222 202
f 223 224 221
f 136 137 225
f 146 151 226
f 146 226 152
f 136 225 151
f 151 225 227
f 200 182 179
f 182 184 181
f 203 184 182
f 201 203 182
f 139 228 153
f 139 140 228
f 140 141 229
f 140 229 228
f 137 153 230
f 137 230 225
f 225 230 231
f 153 232 230
f 153 228 232
f 228 229 233
f 228 233 232
f 150 152 210
f 152 226 234
f 152 234 210
f 151 227 226
f 226 235 234
f 226 227 235
f 199 210 217
f 210 234 236
f 211 217 237
f 210 236 217
f 234 235 238
f 234 238 236
f 225 231 227
f 230 232 239
f 230 239 231
f 227 231 240
f 227 240 235
f 231 241 240
f 232 233 242
f 232 242 239
f 231 239 241
f 239 242 243
f 239 243 241
f 235 240 244
f 235 244 238
f 240 241 245
f 203 246 184
f 246 189 184
f 246 247 189
f 222 246 203
f 222 248 246
f 248 247 246
f 248 249 247
f 247 192 189
f 250 193 192
f 247 250 192
f 249 250 247
f 251 252 250
f 250 252 193
f 252 194 193
f 252 253 194
f 254 253 252
f 254 255 253
f 249 251 250
f 256 251 249
f 257 254 251
f 251 254 252
f 258 255 254
f 257 258 254
f 202 222 203
f 224 248 222
f 224 259 248
f 221 224 222
f 259 249 248
f 259 256 249
f 260 259 224
f 260 261 259
f 261 256 259
f 261 262 256
f 240 245 244
f 241 243 263
f 241 263 245
f 245 263 264
f 256 257 251
f 262 257 256
f 258 265 255
f 266 258 257
f 267 265 258
f 266 267 258
f 267 268 265
f 262 266 257
f 269 266 262
f 270 267 266
f 269 270 266
f 271 268 267
f 270 271 267
f 271 272 268
f 273 272 271
f 273 274 272
f 174 275 133
f 133 275 154
f 175 276 174
f 174 276 275
f 276 277 275
f 275 277 278
f 276 279 277
f 279 280 277
f 177 281 175
f 175 281 276
f 281 279 276
f 281 282 279
f 282 283 279
f 275 278 154
f 277 284 278
f 154 278 285
f 277 280 284
f 154 285 155
f 138 155 286
f 278 284 287
f 278 287 285
f 188 288 177
f 177 288 281
f 288 282 281
f 279 283 280
f 288 289 282
f 282 290 283
f 289 290 282
f 289 291 290
f 280 292 293
f 280 293 284
f 292 294 293
f 284 293 295
f 284 295 287
f 293 294 296
f 293 296 295
f 283 292 280
f 283 297 292
f 290 297 283
f 291 298 290
f 290 298 297
f 297 299 292
f 292 299 294
f 298 300 297
f 297 300 299
f 298 301 300
f 300 302 299
f 301 303 300
f 299 304 294
f 294 305 296
f 306 289 288
f 191 306 188
f 188 306 288
f 307 308 306
f 306 308 289
f 308 291 289
f 308 309 291
f 310 309 308
f 191 307 306
f 194 307 191
f 311 310 307
f 194 311 307
f 307 310 308
f 310 312 309
f 253 311 194
f 313 314 311
f 314 312 310
f 311 314 310
f 314 315 312
f 316 315 314
f 309 317 291
f 291 317 298
f 309 318 317
f 317 301 298
f 317 319 301
f 319 320 301
f 318 319 317
f 318 321 319
f 321 322 319
f 312 318 309
f 323 321 318
f 315 323 312
f 312 323 318
f 315 324 323
f 325 324 315
f 323 326 321
f 324 326 323
f 326 327 321
f 324 328 326
f 329 328 324
f 328 330 326
f 331 332 328
f 299 302 304
f 300 303 302
f 303 333 302
f 303 334 333
f 334 335 333
f 302 336 304
f 294 304 305
f 304 336 337
f 302 333 336
f 333 338 336
f 333 335 338
f 336 338 339
f 301 320 303
f 320 334 303
f 322 340 320
f 320 340 334
f 319 322 320
f 322 341 340
f 340 342 334
f 321 327 322
f 327 341 322
f 334 342 335
f 340 343 342
f 341 343 340
f 344 345 341
f 341 345 343
f 326 330 327
f 327 344 341
f 330 344 327
f 330 346 344
f 328 332 330
f 332 346 330
f 332 347 346
f 348 347 332
f 346 349 344
f 344 349 345
f 346 350 349
f 347 350 346
f 347 351 350
f 342 352 335
f 335 353 338
f 335 352 353
f 342 354 352
f 343 354 342
f 345 355 343
f 343 355 354
f 345 356 355
f 354 357 352
f 355 358 354
f 354 358 357
f 355 359 358
f 349 356 345
f 350 360 349
f 349 360 356
f 356 359 355
f 360 361 356
f 351 362 350
f 350 362 360
f 356 361 359
f 138 286 141
f 155 363 286
f 141 364 229
f 141 286 364
f 155 285 363
f 285 287 365
f 285 365 363
f 286 363 366
f 286 366 364
f 229 367 233
f 229 364 367
f 364 368 367
f 363 369 366
f 363 365 369
f 364 366 368
f 366 369 370
f 366 370 368
f 287 295 371
f 287 371 365
f 295 296 372
f 295 372 371
f 296 373 372
f 365 374 369
f 365 371 374
f 369 375 370
f 369 374 375
f 371 372 376
f 371 376 374
f 372 377 376
f 374 376 378
f 233 379 242
f 233 367 379
f 367 380 379
f 242 379 381
f 367 368 380
f 368 370 382
f 253 313 311
f 255 313 253
f 383 316 313
f 255 383 313
f 313 316 314
f 316 325 315
f 384 325 316
f 374 378 375
f 376 385 378
f 325 329 324
f 329 331 328
f 242 381 243
f 379 386 381
f 368 382 380
f 379 380 386
f 380 382 387
f 380 387 386
f 243 381 388
f 243 388 263
f 381 389 388
f 263 390 264
f 263 388 390
f 381 386 389
f 386 387 391
f 386 391 389
f 388 392 390
f 389 391 393
f 388 389 392
f 389 393 392
f 392 393 394
f 392 394 395
f 370 396 382
f 370 375 396
f 382 397 387
f 382 396 397
f 375 378 398
f 375 398 396
f 378 399 398
f 396 400 397
f 396 398 400
f 387 397 401
f 397 400 402
f 398 403 400
f 400 404 402
f 387 401 391
f 391 401 405
f 391 405 393
f 393 406 394
f 393 405 406
f 397 402 401
f 401 402 407
f 401 407 405
f 405 407 408
f 402 409 407
f 304 337 305
f 296 305 373
f 305 337 410
f 305 410 373
f 336 339 337
f 337 411 410
f 337 339 411
f 372 373 377
f 373 410 412
f 373 412 377
f 376 377 385
f 377 412 413
f 377 413 385
f 410 414 412
f 410 411 414
f 412 415 413
f 412 414 415
f 413 415 416
f 338 353 417
f 338 417 339
f 352 418 353
f 339 419 411
f 339 417 419
f 353 420 417
f 417 421 419
f 352 357 418
f 353 418 420
f 358 422 357
f 357 423 418
f 357 422 423
f 417 420 421
f 418 424 420
f 418 423 424
f 420 425 421
f 411 419 426
f 411 426 414
f 419 427 426
f 414 428 415
f 414 426 428
f 419 421 427
f 362 429 360
f 430 431 351
f 351 431 362
f 431 432 362
f 433 434 431
f 360 429 361
f 359 435 358
f 361 436 359
f 358 435 422
f 359 436 435
f 429 437 361
f 432 438 429
f 361 437 436
f 429 438 437
f 420 424 425
f 422 435 439
f 435 436 439
f 436 437 439
f 423 422 439
f 424 423 439
f 362 432 429
f 431 434 432
f 433 440 434
f 434 441 432
f 432 441 438
f 437 438 439
f 434 442 441
f 440 443 442
f 438 441 439
f 441 442 439
f 442 443 439
f 440 442 434
f 444 443 440
f 444 445 443
f 443 445 439
f 445 446 439
f 447 446 445
f 446 448 439
f 415 449 416
f 415 428 449
f 416 449 450
f 426 451 428
f 428 452 449
f 449 453 450
f 450 454 455
f 426 427 451
f 421 456 427
f 421 425 456
f 427 456 457
f 427 457 451
f 425 424 439
f 456 425 439
f 457 456 439
f 451 458 452
f 451 457 458
f 452 458 459
f 428 451 452
f 449 452 453
f 452 459 453
f 458 457 439
f 459 458 439
f 453 459 460
f 460 459 439
f 461 460 439
f 462 461 439
f 448 463 439
f 463 464 439
f 465 462 439
f 466 465 439
f 467 466 439
f 468 467 439
f 450 453 454
f 455 454 469
f 470 469 471
f 453 460 454
f 454 461 469
f 454 460 461
f 469 462 471
f 469 461 462
f 471 462 465
f 472 465 466
f 471 465 472
f 378 385 399
f 385 413 473
f 385 473 399
f 398 399 403
f 413 416 473
f 399 473 474
f 400 403 404
f 399 474 403
f 403 474 475
f 403 475 404
f 404 475 476
f 473 477 474
f 473 416 477
f 474 477 478
f 474 478 475
f 475 479 476
f 475 478 479
f 402 404 409
f 404 476 409
f 416 450 477
f 477 450 455
f 477 455 478
f 478 470 479
f 478 455 470
f 455 469 470
f 480 351 347
f 383 384 316
f 384 481 325
f 482 481 384
f 265 383 255
f 483 384 383
f 265 483 383
f 268 483 265
f 484 482 483
f 483 482 384
f 482 485 481
f 484 486 482
f 486 485 482
f 486 487 485
f 481 329 325
f 481 488 329
f 485 488 481
f 485 489 488
f 488 331 329
f 488 490 331
f 490 348 331
f 489 490 488
f 489 491 490
f 491 492 490
f 487 489 485
f 493 491 489
f 487 493 489
f 494 493 487
f 493 495 491
f 495 496 491
f 497 495 493
f 498 499 495
f 497 498 495
f 268 484 483
f 272 484 268
f 500 486 484
f 272 500 484
f 500 501 486
f 501 487 486
f 501 494 487
f 502 494 501
f 502 503 494
f 274 500 272
f 504 501 500
f 274 504 500
f 505 502 504
f 504 502 501
f 394 406 506
f 407 507 408
f 405 408 406
f 406 408 508
f 406 508 506
f 506 508 509
f 408 510 508
f 508 511 509
f 494 497 493
f 503 497 494
f 503 512 497
f 512 498 497
f 512 513 498
f 513 514 498
f 515 503 502
f 515 516 503
f 505 515 502
f 517 516 515
f 518 513 512
f 518 519 513
f 519 520 513
f 516 512 503
f 516 518 512
f 521 518 516
f 521 522 518
f 522 519 518
f 522 523 519
f 523 524 519
f 525 523 522
f 526 527 523
f 525 526 523
f 331 348 332
f 490 492 348
f 348 480 347
f 492 480 348
f 492 528 480
f 491 496 492
f 496 528 492
f 496 529 528
f 528 430 480
f 480 430 351
f 528 530 430
f 529 530 528
f 529 531 530
f 532 531 529
f 495 499 496
f 499 529 496
f 499 532 529
f 514 532 499
f 498 514 499
f 514 533 532
f 520 533 514
f 520 534 533
f 533 535 532
f 532 535 531
f 533 536 535
f 534 536 533
f 534 537 536
f 530 433 430
f 430 433 431
f 530 538 433
f 538 440 433
f 539 444 538
f 540 447 539
f 531 538 530
f 531 539 538
f 535 539 531
f 535 540 539
f 538 444 440
f 539 447 444
f 540 541 447
f 447 445 444
f 541 446 447
f 541 448 446
f 542 541 540
f 543 544 542
f 464 545 439
f 545 546 439
f 544 463 448
f 547 468 439
f 548 547 439
f 546 549 439
f 549 550 439
f 551 548 439
f 552 551 439
f 544 448 541
f 553 463 544
f 553 464 463
f 550 554 439
f 554 552 439
f 555 545 464
f 556 546 545
f 557 466 467
f 558 467 468
f 472 466 557
f 559 468 547
f 557 467 558
f 558 468 559
f 560 547 548
f 542 544 541
f 543 553 544
f 555 464 553
f 556 545 555
f 561 555 553
f 562 549 546
f 563 550 549
f 559 547 560
f 560 548 564
f 564 548 551
f 565 551 552
f 562 546 556
f 563 549 562
f 564 551 565
f 565 552 566
f 566 552 554
f 567 554 550
f 536 540 535
f 536 542 540
f 537 542 536
f 537 543 542
f 561 553 543
f 568 555 561
f 569 556 568
f 570 543 537
f 570 561 543
f 568 556 555
f 569 562 556
f 567 550 563
f 476 479 571
f 407 409 507
f 409 476 572
f 409 572 507
f 408 507 510
f 507 572 573
f 508 510 511
f 507 573 510
f 510 573 574
f 476 571 572
f 572 571 575
f 572 575 573
f 573 576 574
f 573 575 576
f 513 520 514
f 509 511 577
f 510 574 511
f 511 574 578
f 511 578 577
f 577 578 579
f 577 579 580
f 574 576 581
f 578 581 582
f 574 581 578
f 578 582 579
f 579 582 583
f 479 470 584
f 470 471 584
f 584 472 585
f 585 557 586
f 479 584 571
f 571 584 585
f 571 585 575
f 586 558 587
f 587 559 588
f 575 585 586
f 575 586 576
f 576 586 587
f 584 471 472
f 585 472 557
f 586 557 558
f 587 558 559
f 588 559 560
f 576 587 581
f 581 587 588
f 582 588 589
f 588 560 589
f 589 564 590
f 591 561 570
f 591 568 561
f 592 562 569
f 593 563 592
f 583 589 590
f 590 565 594
f 594 566 595
f 595 567 593
f 589 560 564
f 590 564 565
f 592 563 562
f 594 565 566
f 566 554 567
f 595 566 567
f 593 567 563
f 581 588 582
f 582 589 583
f 583 590 596
f 596 590 594
f 524 534 520
f 524 597 534
f 519 524 520
f 527 597 524
f 527 598 597
f 597 537 534
f 597 570 537
f 598 570 597
f 598 591 570
f 599 591 598
f 599 600 591
f 523 527 524
f 601 598 527
f 579 583 602
f 602 596 603
f 602 583 596
f 603 596 604
f 605 606 600
f 603 604 607
f 607 604 608
f 601 599 598
f 526 601 527
f 609 599 601
f 609 605 599
f 605 600 599
f 610 606 605
f 611 608 612
f 610 612 606
f 600 568 591
f 600 569 568
f 606 592 569
f 606 569 600
f 604 594 595
f 596 594 604
f 608 595 593
f 612 593 592
f 604 595 608
f 612 592 606
f 608 593 612
f 113 214 613
f 213 614 214
f 113 615 216
f 113 613 616
f 113 617 615
f 213 215 614
f 212 618 215
f 113 616 619
f 214 620 613
f 113 619 621
f 214 614 620
f 615 220 216
f 615 622 220
f 212 218 618
f 211 237 218
f 218 623 618
f 113 624 617
f 617 622 615
f 113 625 624
f 113 621 626
f 613 627 616
f 613 620 627
f 624 628 617
f 617 628 622
f 215 629 614
f 215 618 629
f 614 630 620
f 614 629 630
f 618 631 629
f 113 632 625
f 113 626 633
f 616 634 619
f 113 633 635
f 113 636 632
f 616 627 634
f 624 637 628
f 625 637 624
f 620 638 627
f 620 630 638
f 113 635 639
f 113 639 636
f 619 640 621
f 619 634 640
f 621 641 626
f 632 642 625
f 621 640 641
f 220 223 221
f 622 223 220
f 643 260 223
f 622 643 223
f 628 643 622
f 644 645 643
f 629 646 630
f 628 644 643
f 637 644 628
f 637 647 644
f 625 642 637
f 627 648 634
f 627 638 648
f 642 647 637
f 630 649 638
f 638 650 648
f 647 651 644
f 642 652 647
f 652 653 647
f 217 236 654
f 217 654 237
f 218 237 623
f 237 654 655
f 236 656 654
f 236 238 656
f 237 655 623
f 618 623 631
f 223 260 224
f 654 656 657
f 623 655 658
f 623 658 631
f 654 657 655
f 655 657 659
f 655 659 658
f 645 261 260
f 645 660 261
f 660 262 261
f 643 645 260
f 651 660 645
f 238 244 661
f 238 661 656
f 244 662 661
f 656 661 663
f 656 663 657
f 661 664 663
f 244 245 662
f 245 264 662
f 661 662 664
f 662 264 665
f 662 665 664
f 664 665 666
f 657 663 667
f 663 668 667
f 657 667 659
f 659 667 669
f 667 670 669
f 663 664 668
f 664 666 668
f 667 668 670
f 629 631 646
f 631 658 671
f 631 671 646
f 630 646 649
f 644 651 645
f 658 672 671
f 658 659 672
f 671 672 673
f 646 671 674
f 646 674 649
f 638 649 650
f 647 653 651
f 649 674 675
f 671 673 674
f 659 669 672
f 626 676 633
f 636 677 632
f 626 641 676
f 632 677 642
f 633 678 635
f 636 679 677
f 634 680 640
f 634 648 680
f 640 681 641
f 640 680 681
f 639 679 636
f 633 676 678
f 635 682 639
f 635 678 682
f 639 682 679
f 641 683 676
f 677 652 642
f 677 684 652
f 648 685 680
f 679 684 677
f 641 681 683
f 680 686 681
f 679 687 684
f 676 688 678
f 682 687 679
f 676 683 688
f 678 689 682
f 678 688 689
f 682 689 687
f 648 650 685
f 649 675 650
f 680 685 686
f 660 269 262
f 651 690 660
f 690 269 660
f 690 691 269
f 691 270 269
f 691 692 270
f 668 666 693
f 668 693 670
f 670 693 694
f 692 271 270
f 692 273 271
f 695 274 273
f 695 696 274
f 697 273 692
f 698 692 691
f 698 697 692
f 699 695 697
f 697 695 273
f 653 690 651
f 653 700 690
f 700 691 690
f 700 698 691
f 701 700 653
f 701 702 700
f 674 673 703
f 674 703 675
f 675 703 704
f 702 698 700
f 702 705 698
f 706 705 702
f 672 669 707
f 669 708 707
f 672 707 673
f 707 709 710
f 669 670 708
f 670 694 708
f 707 708 709
f 673 707 710
f 673 710 703
f 703 710 711
f 705 697 698
f 705 699 697
f 708 694 712
f 708 712 709
f 709 712 713
f 709 713 714
f 710 714 711
f 703 711 704
f 715 699 705
f 711 716 717
f 710 709 714
f 711 714 716
f 718 696 695
f 718 719 696
f 720 718 699
f 699 718 695
f 721 719 718
f 721 722 719
f 720 721 718
f 715 720 699
f 723 721 720
f 714 713 724
f 714 724 716
f 716 724 725
f 716 725 726
f 727 722 721
f 727 728 722
f 723 727 721
f 726 725 729
f 730 728 727
f 684 701 652
f 687 731 684
f 681 732 683
f 683 733 688
f 689 734 687
f 688 735 689
f 652 701 653
f 650 675 736
f 650 736 685
f 731 702 701
f 675 704 736
f 685 737 686
f 681 686 732
f 684 731 701
f 685 736 737
f 686 737 738
f 731 706 702
f 736 739 737
f 736 704 739
f 706 715 705
f 740 715 706
f 734 706 731
f 734 740 706
f 737 741 738
f 737 739 741
f 738 741 742
f 704 711 717
f 704 717 739
f 739 717 743
f 739 743 741
f 687 734 731
f 686 738 732
f 683 732 733
f 732 738 744
f 732 744 733
f 735 740 734
f 733 744 745
f 738 742 744
f 688 733 735
f 689 735 734
f 733 745 735
f 740 746 715
f 746 720 715
f 717 726 743
f 746 723 720
f 743 747 748
f 717 716 726
f 743 726 747
f 741 743 748
f 741 748 742
f 749 723 746
f 742 748 750
f 742 750 749
f 750 727 723
f 726 729 747
f 748 747 730
f 747 729 751
f 730 751 728
f 747 751 730
f 750 730 727
f 749 750 723
f 748 730 750
f 735 745 740
f 745 746 740
f 744 742 749
f 744 749 745
f 745 749 746
f 264 752 665
f 264 390 752
f 390 395 752
f 665 753 666
f 665 752 753
f 390 392 395
f 752 754 753
f 753 755 756
f 752 395 754
f 395 394 757
f 395 757 754
f 753 754 755
f 754 757 758
f 754 758 755
f 666 756 693
f 666 753 756
f 693 756 759
f 693 759 694
f 756 755 760
f 696 504 274
f 755 758 761
f 755 761 760
f 760 761 762
f 756 760 759
f 694 759 763
f 759 764 763
f 763 765 766
f 759 760 764
f 760 762 764
f 764 762 767
f 763 764 765
f 394 506 757
f 757 768 758
f 757 506 768
f 506 509 768
f 758 768 769
f 758 769 761
f 761 770 762
f 761 769 770
f 762 770 771
f 768 509 772
f 768 772 769
f 509 577 772
f 769 772 773
f 772 580 773
f 769 773 770
f 694 763 712
f 712 766 713
f 712 763 766
f 696 505 504
f 774 515 505
f 719 505 696
f 719 774 505
f 774 517 515
f 517 521 516
f 775 521 517
f 776 517 774
f 722 774 719
f 722 776 774
f 764 767 765
f 765 767 777
f 766 765 778
f 765 777 778
f 778 777 779
f 778 779 780
f 775 781 521
f 782 775 776
f 776 775 517
f 783 781 775
f 783 784 781
f 782 783 775
f 780 779 785
f 786 784 783
f 781 522 521
f 773 787 788
f 770 788 771
f 770 773 788
f 771 788 789
f 771 789 790
f 790 789 791
f 788 792 789
f 789 793 791
f 762 771 767
f 767 771 790
f 767 790 777
f 777 794 779
f 777 790 794
f 781 525 522
f 784 525 781
f 784 795 525
f 795 526 525
f 795 796 526
f 796 601 526
f 791 797 798
f 799 796 795
f 800 609 796
f 798 801 800
f 779 794 802
f 779 802 785
f 803 795 784
f 803 799 795
f 785 799 803
f 785 802 799
f 790 791 794
f 794 798 802
f 794 791 798
f 802 798 800
f 799 800 796
f 802 800 799
f 713 766 804
f 766 778 804
f 713 804 724
f 804 780 805
f 724 804 805
f 804 778 780
f 724 805 725
f 728 776 722
f 728 782 776
f 805 806 807
f 808 783 782
f 807 786 808
f 805 780 806
f 780 785 806
f 806 785 803
f 786 803 784
f 806 803 786
f 807 806 786
f 808 786 783
f 725 807 729
f 725 805 807
f 751 782 728
f 729 807 808
f 751 808 782
f 729 808 751
f 772 577 580
f 773 580 787
f 788 787 792
f 580 602 787
f 580 579 602
f 787 602 603
f 787 603 792
f 792 603 607
f 792 607 793
f 789 792 793
f 796 609 601
f 793 607 611
f 793 611 797
f 791 793 797
f 801 605 609
f 797 611 610
f 801 610 605
f 798 797 801
f 800 801 609
f 797 610 801
f 607 608 611
f 611 612 610
f 809 810 811
f 812 813 814
f 812 814 815
f 816 817 813
f 816 813 812
f 818 817 816
f 819 820 818
f 818 820 817
f 819 821 820
f 822 821 819
f 822 823 821
f 824 823 822
f 825 812 826
f 827 818 816
f 828 819 818
f 827 816 825
f 829 826 830
f 831 826 829
f 831 825 826
f 832 829 833
f 826 812 815
f 826 815 830
f 834 835 836
f 834 836 837
f 830 815 835
f 830 835 834
f 833 830 834
f 833 834 838
f 838 834 837
f 838 837 839
f 840 838 839
f 825 816 812
f 841 822 819
f 842 822 841
f 842 824 822
f 843 844 824
f 843 824 842
f 845 844 843
f 829 830 833
f 846 833 838
f 847 848 849
f 813 850 851
f 814 851 852
f 835 853 854
f 835 854 836
f 855 856 857
f 855 858 856
f 813 851 814
f 814 852 853
f 853 859 854
f 836 854 858
f 836 858 855
f 860 861 862
f 860 862 863
f 863 864 865
f 856 860 863
f 866 863 865
f 867 865 868
f 857 856 866
f 857 866 869
f 869 866 867
f 869 867 870
f 870 867 871
f 872 871 873
f 870 871 872
f 866 865 867
f 856 863 866
f 867 868 871
f 851 874 852
f 852 875 859
f 854 859 876
f 858 876 860
f 849 877 850
f 850 878 851
f 847 879 848
f 880 881 879
f 882 881 880
f 883 884 882
f 849 848 877
f 850 877 878
f 882 884 881
f 883 885 884
f 886 885 883
f 887 888 886
f 853 852 859
f 859 875 889
f 859 889 876
f 876 861 860
f 852 874 875
f 851 878 874
f 848 879 890
f 879 881 890
f 876 889 861
f 874 878 890
f 875 874 890
f 877 848 890
f 878 877 890
f 881 884 890
f 884 885 890
f 885 888 890
f 888 891 890
f 887 891 888
f 886 888 885
f 892 891 887
f 893 894 892
f 892 894 891
f 893 895 894
f 896 895 893
f 854 876 858
f 858 860 856
f 897 869 898
f 837 836 855
f 837 855 899
f 899 855 857
f 897 857 869
f 899 857 897
f 839 837 899
f 839 899 900
f 900 899 897
f 901 900 902
f 900 897 902
f 902 897 898
f 902 898 903
f 904 902 903
f 898 869 870
f 898 870 905
f 905 870 872
f 809 872 810
f 905 872 809
f 903 898 905
f 903 905 906
f 907 903 906
f 906 905 809
f 906 809 908
f 908 809 811
f 909 906 908
f 910 908 911
f 820 847 849
f 821 880 847
f 880 879 847
f 817 849 850
f 823 882 880
f 912 883 882
f 913 886 883
f 820 849 817
f 817 850 813
f 815 814 853
f 815 853 835
f 821 847 820
f 823 880 821
f 912 882 823
f 844 913 912
f 913 883 912
f 914 886 913
f 915 914 913
f 916 917 914
f 918 917 916
f 824 912 823
f 844 912 824
f 915 913 844
f 916 914 915
f 914 887 886
f 917 892 887
f 919 893 892
f 920 896 893
f 921 922 896
f 917 887 914
f 919 892 917
f 918 919 917
f 923 919 918
f 923 920 919
f 920 893 919
f 924 922 921
f 921 896 920
f 925 924 921
f 926 921 920
f 926 920 923
f 925 921 926
f 927 839 900
f 845 915 844
f 928 915 845
f 928 916 915
f 929 918 916
f 929 916 928
f 930 845 931
f 930 928 845
f 932 929 928
f 932 928 930
f 933 929 932
f 934 932 930
f 935 925 926
f 936 923 918
f 936 918 929
f 937 923 936
f 937 926 923
f 935 926 937
f 938 937 936
f 933 936 929
f 938 936 933
f 939 933 932
f 940 937 938
f 940 935 937
f 941 940 938
f 942 938 933
f 943 832 846
f 840 839 927
f 944 840 927
f 944 927 945
f 846 838 840
f 946 846 840
f 946 840 944
f 832 833 846
f 943 846 946
f 947 946 944
f 947 944 948
f 948 944 945
f 948 945 949
f 950 948 949
f 950 949 951
f 952 948 950
f 953 950 951
f 954 901 904
f 904 903 907
f 955 904 907
f 901 902 904
f 954 904 955
f 956 955 957
f 958 955 956
f 907 906 909
f 957 907 909
f 957 909 959
f 909 908 910
f 959 909 910
f 959 910 960
f 961 957 959
f 962 959 960
f 962 960 963
f 961 959 962
f 955 907 957
f 956 957 961
f 964 962 965
f 965 962 963
f 966 965 967
f 964 961 962
f 968 956 961
f 968 961 964
f 969 968 964
f 970 964 965
f 969 964 970
f 971 970 972
f 970 965 966
f 972 970 966
f 972 966 973
f 927 900 901
f 945 901 954
f 945 927 901
f 949 954 958
f 949 945 954
f 958 954 955
f 939 932 934
f 942 933 939
f 974 939 934
f 975 939 974
f 941 938 942
f 975 942 939
f 976 942 975
f 977 975 974
f 951 949 958
f 951 958 978
f 978 958 956
f 978 956 968
f 979 978 968
f 979 968 969
f 980 979 969
f 981 951 978
f 981 978 979
f 982 981 979
f 953 951 981
f 982 979 980
f 971 969 970
f 980 969 971
f 983 984 985
f 986 987 988
f 810 987 986
f 988 984 983
f 983 985 989
f 990 988 983
f 986 988 990
f 990 983 991
f 989 985 992
f 993 992 994
f 991 989 995
f 995 993 996
f 989 992 993
f 993 994 997
f 991 983 989
f 995 989 993
f 996 997 998
f 996 993 997
f 998 997 999
f 998 999 1000
f 811 810 986
f 811 986 1001
f 1002 990 991
f 1001 990 1002
f 1001 986 990
f 911 811 1001
f 908 811 911
f 911 1001 1003
f 1004 911 1003
f 1003 1001 1002
f 1005 1002 1006
f 1003 1002 1005
f 1007 1003 1005
f 1008 996 1009
f 1010 1006 1008
f 1011 1010 1012
f 1012 1008 1009
f 1010 1008 1012
f 1012 1009 1013
f 1014 1012 1013
f 1006 991 995
f 1002 991 1006
f 1006 995 1008
f 1008 995 996
f 1009 996 998
f 1005 1006 1010
f 1015 1005 1010
f 1009 998 1016
f 1013 1009 1016
f 1013 1016 1017
f 1018 1013 1017
f 1019 1017 1020
f 1016 998 1000
f 1016 1000 1021
f 1021 1000 1022
f 1017 1016 1021
f 1017 1021 1020
f 1020 1021 1023
f 1024 1020 1025
f 910 911 1004
f 1004 1003 1007
f 960 1004 1026
f 1026 1004 1007
f 1007 1005 1015
f 1026 1007 1027
f 1027 1007 1015
f 963 1026 1028
f 1029 1027 1030
f 1028 1027 1029
f 1028 1026 1027
f 1015 1010 1011
f 1030 1015 1011
f 1030 1011 1031
f 1011 1012 1014
f 1031 1011 1014
f 1031 1014 1032
f 1033 1030 1031
f 1034 1031 1032
f 1033 1031 1034
f 1027 1015 1030
f 1029 1030 1033
f 967 1028 1035
f 1035 1029 1036
f 1035 1028 1029
f 1037 1035 1036
f 1038 1035 1037
f 1039 1037 1040
f 1036 1033 1041
f 1041 1033 1034
f 1041 1034 1042
f 1043 1041 1042
f 1043 1042 1044
f 1045 1041 1043
f 1046 1043 1044
f 1047 1043 1046
f 1036 1029 1033
f 1045 1036 1041
f 1037 1036 1045
f 1040 1045 1047
f 1040 1037 1045
f 1047 1045 1043
f 1048 1049 1050
f 1051 1048 1050
f 1052 1051 1053
f 1051 1050 1053
f 1054 1051 1052
f 1050 1055 1056
f 1053 1050 1056
f 1057 1056 1058
f 1053 1056 1057
f 1059 1053 1057
f 1052 1053 1059
f 1059 1057 1060
f 1060 1057 1061
f 1032 1014 1018
f 1062 1018 1019
f 1032 1018 1062
f 1014 1013 1018
f 1018 1017 1019
f 1062 1019 1063
f 1063 1019 1024
f 1064 1032 1062
f 1034 1032 1064
f 1064 1062 1049
f 1049 1062 1063
f 1049 1063 1055
f 1019 1020 1024
f 1024 1025 1065
f 1063 1024 1066
f 1055 1063 1066
f 1055 1066 1067
f 1066 1024 1065
f 1066 1065 1068
f 1067 1066 1068
f 1067 1068 1069
f 1042 1064 1048
f 1042 1034 1064
f 1048 1064 1049
f 1044 1042 1048
f 1050 1049 1055
f 1044 1048 1051
f 1054 1044 1051
f 1046 1044 1054
f 1056 1055 1067
f 1056 1067 1058
f 1061 1058 1070
f 1057 1058 1061
f 1058 1067 1069
f 1058 1069 1070
f 1061 1070 1071
f 1072 1071 1073
f 1074 1075 1076
f 1077 1075 1074
f 871 868 1077
f 987 1074 1078
f 873 1077 1074
f 865 864 1079
f 865 1079 868
f 868 1080 1077
f 863 862 864
f 862 861 890
f 864 862 890
f 1079 864 890
f 1077 1080 1075
f 868 1079 1080
f 1081 1076 890
f 1080 1079 890
f 1075 1080 890
f 1076 1075 890
f 1078 1076 1081
f 984 1081 1082
f 1074 1076 1078
f 1078 1081 984
f 984 1082 985
f 985 1083 992
f 985 1082 1083
f 992 1083 1084
f 988 1078 984
f 1082 1081 890
f 1083 1082 890
f 1084 1083 890
f 1085 1084 890
f 1086 1085 890
f 1087 1086 1088
f 871 1077 873
f 873 1074 987
f 810 873 987
f 872 873 810
f 987 1078 988
f 889 875 890
f 861 889 890
f 891 894 890
f 894 895 890
f 895 1089 890
f 1089 1090 890
f 1091 1092 890
f 1092 1093 890
f 1094 1095 890
f 1090 1094 890
f 1095 1091 890
f 1096 1091 1095
f 896 1089 895
f 922 1090 1089
f 1097 1094 1090
f 1097 1090 922
f 922 1089 896
f 1098 1095 1094
f 1098 1094 1097
f 1096 1095 1098
f 924 1097 922
f 1099 1098 1097
f 1100 1096 1098
f 1101 1088 890
f 1093 1101 890
f 1088 1086 890
f 1102 1092 1091
f 1103 1093 1092
f 1103 1092 1102
f 1104 1101 1093
f 1105 1088 1101
f 1105 1101 1104
f 1104 1093 1103
f 1106 1104 1103
f 1102 1091 1096
f 1107 1102 1096
f 1108 1103 1102
f 1100 1098 1099
f 1107 1096 1100
f 1108 1102 1107
f 1106 1103 1108
f 1109 1107 1100
f 1110 1108 1107
f 1110 1107 1109
f 992 1084 994
f 994 1084 1085
f 994 1085 1111
f 997 994 1111
f 999 1111 1087
f 1111 1085 1086
f 1111 1086 1087
f 1087 1088 1105
f 1112 1087 1105
f 1112 1105 1113
f 997 1111 999
f 1000 999 1112
f 1000 1112 1022
f 999 1087 1112
f 1022 1112 1113
f 1022 1113 1114
f 1113 1105 1104
f 1113 1104 1106
f 1114 1113 1106
f 1114 1106 1115
f 1115 1106 1108
f 1115 1108 1110
f 1116 1110 1109
f 1117 1115 1110
f 1117 1110 1116
f 1118 1114 1115
f 1118 1115 1117
f 1119 1117 1120
f 1120 1117 1116
f 1120 1116 1121
f 1122 1120 1121
f 1099 1097 924
f 1123 1099 924
f 1123 924 925
f 1124 1100 1099
f 1124 1099 1123
f 1109 1100 1124
f 1125 1124 1123
f 1126 1123 925
f 1126 925 935
f 1125 1123 1126
f 1127 1109 1124
f 1127 1124 1125
f 1128 1126 935
f 1129 1126 1128
f 1130 1127 1125
f 1129 1125 1126
f 1130 1125 1129
f 1131 1129 1128
f 1128 935 940
f 1132 1128 940
f 1116 1109 1127
f 1121 1127 1130
f 1121 1116 1127
f 1133 1121 1130
f 1134 1130 1129
f 1021 1022 1023
f 1023 1022 1114
f 1023 1114 1118
f 1025 1023 1118
f 1025 1118 1119
f 1020 1023 1025
f 1065 1025 1119
f 1119 1118 1117
f 1135 1119 1120
f 960 910 1004
f 963 960 1026
f 1122 1121 1133
f 1136 1133 1137
f 965 963 967
f 967 963 1028
f 1038 967 1035
f 966 967 1038
f 973 966 1038
f 973 1038 1039
f 1039 1038 1037
f 1131 1128 1132
f 1134 1129 1131
f 1138 1131 1132
f 1139 1138 1140
f 1132 940 941
f 976 941 942
f 1140 1132 941
f 1140 941 976
f 1138 1132 1140
f 1141 976 1142
f 1142 976 975
f 1142 975 977
f 1141 1140 976
f 1139 1140 1141
f 1133 1130 1134
f 1143 1134 1131
f 1143 1131 1138
f 1137 1133 1134
f 1137 1134 1143
f 1144 1143 1138
f 1144 1138 1139
f 1145 1137 1143
f 1145 1143 1144
f 1146 977 1147
f 1146 1142 977
f 1148 1141 1142
f 1148 1142 1146
f 1149 1148 1146
f 1149 1146 1150
f 1151 1144 1152
f 1152 1144 1139
f 1152 1139 1153
f 1154 1152 1153
f 1154 1153 1155
f 1156 1155 1157
f 1153 1139 1141
f 1153 1141 1148
f 1155 1153 1148
f 1155 1148 1149
f 1157 1149 1158
f 1158 1149 1150
f 1158 1150 1159
f 1157 1155 1149
f 1065 1119 1135
f 1068 1135 1160
f 1068 1065 1135
f 1069 1068 1160
f 1069 1160 1161
f 1135 1120 1122
f 1160 1135 1122
f 1160 1122 1136
f 1136 1122 1133
f 1162 1136 1137
f 1162 1137 1145
f 1161 1160 1136
f 1161 1136 1162
f 1163 1162 1145
f 1163 1145 1151
f 1164 1161 1162
f 1164 1162 1163
f 1165 1163 1151
f 1165 1151 1166
f 1167 1165 1166
f 1167 1166 1168
f 1070 1069 1161
f 1070 1161 1164
f 1071 1070 1164
f 1073 1164 1163
f 1071 1164 1073
f 1169 1073 1165
f 1169 1165 1167
f 1072 1073 1169
f 1073 1163 1165
f 1151 1145 1144
f 1166 1151 1152
f 1166 1152 1154
f 1168 1166 1154
f 1168 1154 1156
f 1156 1154 1155
f 1170 972 973
f 1171 980 971
f 1172 982 980
f 1172 980 1171
f 1173 971 972
f 1173 972 1170
f 1174 1173 1170
f 1174 1170 1175
f 1171 971 1173
f 1176 1171 1173
f 1176 1173 1174
f 1177 1176 1174
f 1178 1174 1175
f 1177 1174 1178
f 1179 1047 1046
f 1179 1046 1180
f 1181 1179 1180
f 1182 1047 1179
f 1182 1040 1047
f 1183 1182 1179
f 1183 1179 1181
f 1184 1183 1181
f 1184 1181 1185
f 1186 1184 1185
f 1187 1054 1052
f 1187 1052 1188
f 1189 1187 1188
f 1190 1191 1192
f 1193 1190 1194
f 1188 1052 1059
f 1188 1059 1191
f 1195 1188 1191
f 1191 1059 1060
f 1191 1060 1192
f 1196 1195 1193
f 1189 1188 1195
f 1196 1189 1195
f 1195 1191 1190
f 1193 1195 1190
f 1197 1194 1198
f 1199 1197 1198
f 1200 1196 1193
f 1197 1193 1194
f 1200 1193 1197
f 1201 1200 1197
f 1201 1197 1199
f 1202 1201 1199
f 1180 1046 1054
f 1180 1054 1187
f 1203 1180 1187
f 1181 1180 1203
f 1185 1203 1204
f 1203 1187 1189
f 1204 1203 1189
f 1204 1189 1196
f 1185 1181 1203
f 1205 1204 1196
f 1206 1204 1205
f 1207 1205 1208
f 1206 1185 1204
f 1186 1185 1206
f 1209 1206 1207
f 1207 1206 1205
f 1210 1207 1208
f 1205 1196 1200
f 1208 1205 1200
f 1208 1200 1201
f 1211 1208 1201
f 1202 1199 1212
f 1211 1201 1202
f 1213 1202 1212
f 1213 1212 1214
f 1215 1211 1202
f 1215 1202 1213
f 1216 1213 1214
f 1210 1208 1211
f 1217 1210 1211
f 1217 1211 1215
f 1218 1215 1213
f 1218 1213 1216
f 1219 1215 1218
f 1220 973 1039
f 1221 1039 1040
f 1221 1040 1182
f 1222 1221 1182
f 1220 1039 1221
f 1223 1221 1222
f 1170 973 1220
f 1175 1170 1220
f 1223 1220 1221
f 1175 1220 1223
f 1224 1223 1222
f 1225 1223 1224
f 1222 1182 1183
f 1226 1183 1184
f 1226 1222 1183
f 1224 1222 1226
f 1227 1226 1184
f 1227 1184 1186
f 1228 1227 1186
f 1229 1226 1227
f 1229 1224 1226
f 1230 1229 1227
f 1230 1227 1228
f 1225 1175 1223
f 1178 1175 1225
f 1231 1158 1159
f 1232 1157 1158
f 1232 1158 1231
f 1233 1231 1234
f 1235 1225 1224
f 1235 1224 1229
f 1236 1178 1225
f 1236 1225 1235
f 1237 1236 1235
f 1237 1235 1238
f 1238 1235 1229
f 1238 1229 1230
f 1239 1230 1228
f 1240 1238 1230
f 1241 1242 1243
f 1242 1169 1167
f 1242 1167 1243
f 1241 1243 1244
f 1243 1167 1168
f 1244 1243 1245
f 1243 1168 1245
f 1244 1245 1246
f 1247 1246 1248
f 1249 1244 1246
f 1249 1246 1247
f 1209 1186 1206
f 1228 1186 1209
f 1250 1209 1207
f 1251 1228 1209
f 1252 1249 1247
f 1252 1247 1253
f 1253 1247 1254
f 1255 1256 1257
f 1255 1253 1256
f 1258 1157 1232
f 1258 1156 1157
f 1245 1168 1156
f 1245 1156 1258
f 1248 1258 1232
f 1248 1232 1233
f 1246 1258 1248
f 1254 1233 1259
f 1254 1248 1233
f 1233 1232 1231
f 1259 1233 1234
f 1259 1234 1260
f 1246 1245 1258
f 1247 1248 1254
f 1261 1259 1260
f 1261 1260 1262
f 1263 1261 1262
f 1263 1262 1264
f 1265 1264 1266
f 1253 1254 1256
f 1256 1254 1259
f 1256 1259 1261
f 1257 1256 1261
f 1257 1261 1263
f 1267 1257 1263
f 1268 1263 1264
f 1240 1230 1239
f 1269 1238 1240
f 1251 1209 1250
f 1250 1207 1210
f 1270 1250 1210
f 1239 1228 1251
f 1271 1251 1250
f 1271 1250 1270
f 1270 1210 1217
f 1272 1270 1217
f 1219 1217 1215
f 1273 1216 1274
f 1272 1217 1219
f 1273 1218 1216
f 1275 1257 1267
f 1276 1267 1268
f 1277 1270 1272
f 1277 1271 1270
f 1273 1219 1218
f 1273 1272 1219
f 1278 1239 1251
f 1279 1239 1278
f 1278 1251 1271
f 1280 1278 1271
f 1279 1240 1239
f 1281 1240 1279
f 1282 1279 1278
f 1283 1281 1279
f 1283 1279 1282
f 1267 1263 1268
f 1276 1268 1284
f 1284 1268 1265
f 1284 1265 1285
f 1280 1271 1277
f 1273 1277 1272
f 1282 1278 1280
f 1273 1280 1277
f 1286 1284 1285
f 1273 1287 1286
f 1286 1285 1288
f 1273 1286 1288
f 1273 1288 1289
f 1268 1264 1265
f 1285 1265 1290
f 1285 1290 1291
f 1273 1282 1280
f 1289 1291 1292
f 1273 1283 1282
f 1288 1285 1291
f 1273 1289 1293
f 1288 1291 1289
f 1289 1292 1293
f 1273 1293 1294
f 828 818 827
f 841 819 828
f 1295 825 831
f 1295 827 825
f 1296 828 827
f 1296 827 1295
f 1297 1295 831
f 1298 1296 1295
f 1299 828 1296
f 1299 841 828
f 1300 831 829
f 1301 1299 1296
f 1302 842 841
f 1302 841 1299
f 1303 842 1302
f 1304 1302 1299
f 1303 843 842
f 931 845 843
f 931 843 1303
f 1305 1303 1302
f 1306 931 1303
f 1307 930 931
f 1298 1295 1297
f 1297 831 1300
f 1308 1300 1309
f 1300 829 832
f 1309 1300 832
f 1309 832 943
f 1301 1296 1298
f 1310 943 946
f 1311 1309 943
f 1311 943 1310
f 1308 1297 1300
f 1312 1297 1308
f 1312 1298 1297
f 1313 1301 1298
f 1313 1298 1312
f 1314 1301 1313
f 1315 1308 1309
f 1315 1309 1311
f 1316 1312 1308
f 1316 1308 1315
f 1317 1313 1312
f 1317 1312 1316
f 1304 1299 1301
f 1305 1302 1304
f 1314 1304 1301
f 1318 1304 1314
f 1306 1303 1305
f 1318 1305 1304
f 1319 1306 1305
f 1319 1305 1318
f 1310 946 947
f 1320 1314 1313
f 1320 1313 1317
f 1321 1314 1320
f 1321 1318 1314
f 1322 1318 1321
f 1323 1310 947
f 1324 1311 1325
f 1325 1311 1310
f 1325 1310 1323
f 1326 1323 952
f 1327 1317 1316
f 1328 1325 1323
f 1328 1323 1326
f 952 947 948
f 1329 952 950
f 1323 947 952
f 1330 1329 953
f 1329 950 953
f 1331 953 981
f 1330 953 1331
f 1332 1320 1317
f 1332 1317 1327
f 1333 1321 1320
f 1334 1321 1333
f 1333 1320 1332
f 1335 1333 1332
f 1326 952 1329
f 1336 1326 1329
f 1336 1329 1330
f 1324 1315 1311
f 1337 1315 1324
f 1337 1316 1315
f 1338 1324 1325
f 1339 1337 1324
f 1327 1316 1337
f 1340 1327 1337
f 1339 1324 1338
f 1338 1325 1328
f 1341 1328 1326
f 1341 1326 1336
f 1340 1337 1339
f 1342 1338 1328
f 1343 1339 1338
f 1342 1328 1341
f 1343 1338 1342
f 1344 1340 1339
f 1344 1339 1343
f 1345 1332 1327
f 1345 1327 1340
f 1346 1345 1340
f 1335 1332 1345
f 1347 1335 1345
f 1347 1345 1346
f 1346 1340 1344
f 1307 931 1306
f 1348 1307 1306
f 1348 1306 1319
f 934 930 1307
f 1349 1307 1348
f 1349 934 1307
f 1322 1319 1318
f 1350 1348 1319
f 1350 1319 1322
f 1351 1349 1348
f 1351 1348 1350
f 974 934 1349
f 1352 974 1349
f 1352 1349 1351
f 977 974 1352
f 1353 1350 1322
f 1354 1351 1350
f 1354 1350 1353
f 1331 981 982
f 1334 1322 1321
f 1353 1322 1334
f 1355 1334 1333
f 1356 1353 1334
f 1355 1333 1335
f 1357 1353 1356
f 1356 1334 1355
f 1358 1356 1355
f 1359 1352 1351
f 1359 1351 1354
f 1147 1352 1359
f 1147 977 1352
f 1360 1147 1359
f 1361 1359 1354
f 1361 1354 1357
f 1360 1359 1361
f 1357 1354 1353
f 1362 1357 1356
f 1362 1356 1358
f 1363 1361 1357
f 1363 1357 1362
f 1364 1355 1335
f 1364 1335 1347
f 1358 1355 1364
f 1150 1146 1147
f 1150 1147 1360
f 1365 1360 1361
f 1365 1361 1363
f 1159 1150 1360
f 1159 1360 1365
f 1366 1330 1331
f 1366 1331 1367
f 1368 1341 1369
f 1369 1341 1336
f 1369 1336 1370
f 1371 1344 1343
f 1372 1369 1370
f 1370 1336 1330
f 1370 1330 1366
f 1373 1370 1366
f 1374 1366 1367
f 1373 1366 1374
f 1375 1346 1344
f 1375 1344 1371
f 1376 1347 1346
f 1376 1346 1375
f 1372 1370 1373
f 1377 1373 1374
f 1367 1331 982
f 1367 982 1172
f 1378 1172 1171
f 1378 1171 1176
f 1379 1367 1172
f 1374 1367 1379
f 1379 1172 1378
f 1380 1379 1378
f 1380 1378 1381
f 1381 1378 1176
f 1381 1176 1177
f 1382 1362 1358
f 1383 1363 1362
f 1383 1362 1382
f 1384 1177 1178
f 1385 1381 1177
f 1385 1177 1384
f 1386 1385 1384
f 1387 1364 1347
f 1387 1347 1376
f 1388 1358 1364
f 1388 1364 1387
f 1389 1379 1380
f 1389 1374 1379
f 1390 1376 1375
f 1391 1387 1376
f 1377 1374 1389
f 1390 1375 1392
f 1391 1376 1390
f 1393 1390 1394
f 1382 1358 1388
f 1395 1388 1387
f 1396 1382 1388
f 1395 1387 1391
f 1396 1388 1395
f 1397 1396 1395
f 1397 1395 1398
f 1398 1395 1391
f 1398 1391 1393
f 1393 1391 1390
f 1399 1389 1380
f 1399 1380 1400
f 1401 1389 1399
f 1400 1380 1381
f 1400 1381 1385
f 1402 1400 1385
f 1402 1385 1386
f 1403 1393 1394
f 1404 1398 1393
f 1404 1393 1403
f 1405 1399 1400
f 1405 1400 1402
f 1368 1342 1341
f 1406 1343 1342
f 1406 1342 1368
f 1407 1368 1369
f 1371 1343 1406
f 1408 1406 1368
f 1407 1369 1372
f 1408 1368 1407
f 1409 1407 1372
f 1410 1371 1406
f 1392 1375 1371
f 1411 1372 1373
f 1410 1406 1408
f 1392 1371 1410
f 1411 1373 1377
f 1409 1372 1411
f 1412 1408 1407
f 1412 1407 1409
f 1413 1410 1408
f 1413 1408 1412
f 1414 1411 1377
f 1415 1409 1411
f 1416 1412 1409
f 1415 1411 1414
f 1416 1409 1415
f 1417 1415 1414
f 1418 1392 1410
f 1418 1410 1413
f 1394 1390 1392
f 1394 1392 1418
f 1401 1377 1389
f 1414 1377 1401
f 1419 1394 1418
f 1419 1418 1420
f 1421 1401 1399
f 1422 1413 1412
f 1420 1418 1413
f 1420 1413 1422
f 1423 1414 1401
f 1423 1401 1421
f 1403 1394 1419
f 1421 1399 1405
f 1424 1403 1419
f 1425 1405 1402
f 1424 1419 1426
f 1426 1419 1420
f 1427 1421 1405
f 1428 1420 1422
f 1426 1420 1428
f 1429 1428 1430
f 1422 1412 1416
f 1431 1416 1415
f 1417 1414 1423
f 1430 1422 1416
f 1430 1416 1431
f 1431 1415 1417
f 1432 1417 1423
f 1433 1431 1417
f 1428 1422 1430
f 1434 1423 1421
f 1435 1430 1431
f 1427 1405 1425
f 1434 1421 1427
f 1432 1423 1434
f 1429 1430 1435
f 1435 1431 1433
f 1433 1417 1432
f 1436 1365 1363
f 1437 1159 1365
f 1437 1365 1436
f 1436 1363 1383
f 1438 1383 1382
f 1439 1436 1383
f 1438 1382 1396
f 1440 1438 1396
f 1439 1383 1438
f 1441 1439 1438
f 1441 1438 1440
f 1231 1159 1437
f 1442 1437 1436
f 1234 1231 1437
f 1442 1436 1439
f 1443 1442 1439
f 1443 1439 1441
f 1234 1437 1442
f 1260 1234 1442
f 1260 1442 1443
f 1384 1178 1236
f 1444 1384 1236
f 1444 1236 1237
f 1386 1384 1444
f 1445 1444 1237
f 1446 1443 1441
f 1269 1237 1238
f 1447 1441 1440
f 1447 1440 1448
f 1446 1441 1447
f 1449 1447 1448
f 1449 1448 1450
f 1440 1396 1397
f 1451 1397 1398
f 1448 1440 1397
f 1448 1397 1451
f 1452 1386 1444
f 1451 1398 1404
f 1453 1402 1386
f 1454 1404 1403
f 1455 1451 1404
f 1455 1404 1454
f 1456 1454 1424
f 1450 1448 1451
f 1450 1451 1455
f 1457 1450 1455
f 1458 1455 1454
f 1262 1260 1443
f 1262 1443 1446
f 1266 1446 1447
f 1264 1262 1446
f 1264 1446 1266
f 1290 1266 1449
f 1266 1447 1449
f 1459 1449 1450
f 1452 1444 1445
f 1445 1237 1269
f 1281 1269 1240
f 1460 1269 1281
f 1460 1445 1269
f 1461 1445 1460
f 1453 1386 1452
f 1425 1402 1453
f 1462 1425 1453
f 1461 1452 1445
f 1463 1453 1452
f 1463 1452 1461
f 1457 1455 1458
f 1458 1454 1456
f 1462 1453 1463
f 1456 1424 1464
f 1465 1456 1464
f 1465 1464 1466
f 1467 1462 1463
f 1265 1266 1290
f 1291 1290 1459
f 1290 1449 1459
f 1468 1460 1281
f 1468 1281 1283
f 1459 1450 1457
f 1469 1457 1458
f 1469 1458 1470
f 1292 1459 1457
f 1292 1457 1469
f 1471 1461 1460
f 1472 1461 1471
f 1471 1460 1468
f 1273 1472 1471
f 1473 1470 1465
f 1273 1467 1472
f 1473 1465 1474
f 1273 1475 1476
f 1291 1459 1292
f 1273 1468 1283
f 1293 1469 1294
f 1273 1294 1473
f 1293 1292 1469
f 1273 1471 1468
f 1273 1473 1474
f 1294 1469 1470
f 1294 1470 1473
f 1273 1474 1477
f 1273 1477 1475
f 1470 1458 1456
f 1470 1456 1465
f 1472 1463 1461
f 1467 1463 1472
f 1273 1478 1467
f 1474 1466 1477
f 1273 1476 1479
f 1474 1465 1466
f 1273 1480 1478
f 1273 1479 1481
f 1477 1466 1482
f 1475 1482 1483
f 1478 1462 1467
f 1475 1483 1476
f 1477 1482 1475
f 1273 1484 1480
f 1273 1481 1484
f 1454 1403 1424
f 1464 1424 1426
f 1485 1426 1428
f 1486 1425 1462
f 1464 1426 1485
f 1486 1427 1425
f 1485 1428 1429
f 1487 1434 1427
f 1483 1429 1435
f 1487 1427 1486
f 1466 1464 1485
f 1482 1485 1429
f 1482 1429 1483
f 1466 1485 1482
f 1480 1487 1486
f 1478 1486 1462
f 1476 1483 1488
f 1480 1486 1478
f 1479 1489 1481
f 1483 1435 1488
f 1484 1490 1487
f 1481 1489 1490
f 1479 1488 1489
f 1484 1487 1480
f 1481 1490 1484
f 1488 1435 1433
f 1490 1432 1434
f 1489 1433 1432
f 1489 1432 1490
f 1490 1434 1487
f 1488 1433 1489
f 1476 1488 1479
f 1060 1061 1491
f 1491 1061 1071
f 1491 1071 1072
f 1190 1192 1492
f 1194 1190 1492
f 1194 1492 1493
f 1493 1492 1494
f 1493 1494 1495
f 1192 1060 1491
f 1192 1491 1496
f 1492 1192 1496
f 1494 1496 1497
f 1492 1496 1494
f 1495 1494 1498
f 1198 1493 1499
f 1198 1194 1493
f 1499 1493 1495
f 1499 1495 1500
f 1501 1198 1499
f 1502 1501 1503
f 1199 1198 1501
f 1501 1499 1503
f 1503 1499 1500
f 1504 1503 1505
f 1500 1495 1506
f 1500 1506 1507
f 1212 1199 1501
f 1503 1500 1505
f 1508 1505 1509
f 1505 1500 1507
f 1505 1507 1509
f 1496 1491 1072
f 1496 1072 1497
f 1494 1497 1498
f 1495 1498 1506
f 1498 1497 1242
f 1497 1072 1169
f 1497 1169 1242
f 1506 1241 1510
f 1498 1242 1241
f 1506 1498 1241
f 1507 1506 1510
f 1509 1507 1511
f 1512 1509 1513
f 1509 1511 1513
f 1511 1510 1249
f 1507 1510 1511
f 1513 1252 1514
f 1515 1513 1514
f 1513 1511 1252
f 1212 1501 1502
f 1516 1502 1504
f 1502 1503 1504
f 1516 1504 1517
f 1517 1504 1508
f 1517 1508 1518
f 1214 1212 1502
f 1214 1502 1516
f 1518 1512 1519
f 1520 1516 1517
f 1274 1214 1516
f 1274 1516 1520
f 1521 1517 1518
f 1522 1518 1519
f 1520 1517 1521
f 1521 1518 1522
f 1522 1519 1523
f 1504 1505 1508
f 1508 1509 1512
f 1518 1508 1512
f 1519 1512 1515
f 1512 1513 1515
f 1519 1515 1524
f 1216 1214 1274
f 1523 1519 1524
f 1523 1524 1525
f 1524 1515 1526
f 1515 1514 1526
f 1524 1526 1527
f 1273 1521 1522
f 1273 1520 1521
f 1273 1274 1520
f 1273 1522 1523
f 1525 1524 1527
f 1525 1527 1528
f 1510 1241 1244
f 1510 1244 1249
f 1511 1249 1252
f 1526 1514 1255
f 1514 1252 1253
f 1514 1253 1255
f 1275 1255 1257
f 1527 1526 1275
f 1527 1275 1529
f 1526 1255 1275
f 1273 1523 1525
f 1528 1529 1530
f 1530 1529 1276
f 1273 1525 1528
f 1528 1527 1529
f 1529 1275 1267
f 1529 1267 1276
f 1273 1528 1530
f 1530 1276 1287
f 1287 1276 1284
f 1273 1530 1287
f 1287 1284 1286
f 1531 1532 1533
f 1533 1534 1535
f 1535 1536 1537
f 1537 1538 1539
f 1540 1533 1535
f 1540 1531 1533
f 1540 1535 1537
f 1540 1537 1539
f 1540 1539 1541
f 1540 1541 1542
f 1540 1542 1543
f 1539 1544 1541
f 1541 1545 1542
f 1542 1546 1543
f 1532 1534 1533
f 1534 1536 1535
f 1536 1538 1537
f 1544 1545 1541
f 1538 1544 1539
f 1545 1546 1542
f 1546 1547 1543
f 1536 1548 1538
f 1532 1549 1534
f 1534 1550 1536
f 1538 1551 1544
f 1544 1552 1545
f 1545 1553 1546
f 1546 1554 1547
f 1548 1551 1538
f 1550 1548 1536
f 1549 1550 1534
f 1551 1552 1544
f 1555 1548 1550
f 1555 1550 1549
f 1552 1553 1545
f 1553 1554 1546
f 1554 1556 1547
f 1555 1551 1548
f 1555 1552 1551
f 1555 1553 1552
f 1555 1554 1553
f 1555 1556 1554
f 1540 1543 1557
f 1540 1557 1558
f 1540 1558 1559
f 1540 1559 1560
f 1540 1560 1561
f 1540 1561 1562
f 1540 1562 1563
f 1543 1547 1557
f 1557 1564 1558
f 1558 1565 1559
f 1559 1566 1560
f 1560 1567 1561
f 1561 1568 1562
f 1562 1569 1563
f 1547 1564 1557
f 1564 1565 1558
f 1565 1566 1559
f 1566 1567 1560
f 1567 1568 1561
f 1568 1569 1562
f 1569 1570 1563
f 1547 1556 1564
f 1564 1571 1565
f 1565 1572 1566
f 1566 1573 1567
f 1567 1574 1568
f 1556 1571 1564
f 1571 1572 1565
f 1555 1571 1556
f 1555 1572 1571
f 1555 1573 1572
f 1555 1574 1573
f 1555 1575 1574
f 1572 1573 1566
f 1573 1574 1567
f 1574 1575 1568
f 1575 1576 1569
f 1576 1577 1570
f 1555 1576 1575
f 1555 1577 1576
f 1568 1575 1569
f 1569 1576 1570
f 1578 1579 1531
f 1580 1581 1578
f 1582 1583 1580
f 1540 1578 1531
f 1540 1580 1578
f 1540 1582 1580
f 1540 1584 1582
f 1540 1585 1584
f 1540 1586 1585
f 1540 1587 1586
f 1584 1588 1582
f 1585 1589 1584
f 1586 1590 1585
f 1587 1591 1586
f 1579 1532 1531
f 1581 1579 1578
f 1583 1581 1580
f 1588 1583 1582
f 1589 1588 1584
f 1590 1589 1585
f 1591 1590 1586
f 1579 1592 1532
f 1581 1593 1579
f 1583 1594 1581
f 1588 1595 1583
f 1589 1596 1588
f 1590 1597 1589
f 1591 1598 1590
f 1592 1549 1532
f 1593 1592 1579
f 1594 1593 1581
f 1595 1594 1583
f 1596 1595 1588
f 1555 1549 1592
f 1555 1592 1593
f 1597 1596 1589
f 1598 1597 1590
f 1555 1593 1594
f 1555 1594 1595
f 1555 1595 1596
f 1555 1596 1597
f 1555 1597 1598
f 1540 1599 1587
f 1540 1600 1599
f 1540 1601 1600
f 1540 1602 1601
f 1540 1603 1602
f 1540 1563 1604
f 1540 1604 1603
f 1599 1605 1587
f 1600 1606 1599
f 1601 1607 1600
f 1602 1608 1601
f 1603 1609 1602
f 1604 1610 1603
f 1563 1570 1604
f 1605 1591 1587
f 1606 1605 1599
f 1608 1607 1601
f 1607 1606 1600
f 1609 1608 1602
f 1610 1609 1603
f 1570 1610 1604
f 1605 1611 1591
f 1606 1612 1605
f 1607 1613 1606
f 1608 1614 1607
f 1611 1598 1591
f 1612 1611 1605
f 1613 1612 1606
f 1555 1598 1611
f 1555 1611 1612
f 1555 1612 1613
f 1555 1613 1614
f 1555 1614 1615
f 1614 1613 1607
f 1577 1616 1610
f 1616 1615 1609
f 1615 1614 1608
f 1555 1616 1577
f 1555 1615 1616
f 1610 1616 1609
f 1570 1577 1610
f 1609 1615 1608
f 1617 1618 1619
f 1620 1619 1621
f 1619 1622 1621
f 1623 1624 1617
f 1625 1619 1620
f 1625 1617 1619
f 1626 1617 1625
f 1626 1623 1617
f 1627 1628 1623
f 1629 1620 1630
f 1631 1625 1629
f 1630 1620 1632
f 1629 1625 1620
f 1630 1632 1633
f 1631 1626 1625
f 1634 1626 1631
f 1634 1635 1626
f 1620 1621 1632
f 1635 1623 1626
f 1635 1627 1623
f 1633 1632 1636
f 1633 1636 1637
f 1638 1635 1634
f 1632 1621 1639
f 1632 1639 1636
f 1621 1640 1639
f 1637 1636 1641
f 1637 1641 1642
f 1643 1629 1630
f 1643 1630 1633
f 1643 1631 1629
f 1643 1634 1631
f 1636 1639 1644
f 1636 1644 1641
f 1639 1645 1644
f 1624 1646 1618
f 1619 1618 1622
f 1618 1646 1647
f 1618 1647 1622
f 1617 1624 1618
f 1624 1648 1646
f 1628 1648 1624
f 1623 1628 1624
f 1628 1649 1648
f 1650 1649 1628
f 1648 1651 1646
f 1648 1652 1651
f 1649 1652 1648
f 1649 1653 1652
f 1627 1650 1628
f 1646 1651 1654
f 1646 1654 1647
f 1652 1655 1651
f 1652 1656 1655
f 1653 1656 1652
f 1653 1657 1656
f 1657 1658 1656
f 1656 1659 1655
f 1651 1655 1660
f 1655 1659 1661
f 1656 1658 1659
f 1658 1662 1659
f 1658 1663 1662
f 1621 1622 1640
f 1622 1647 1664
f 1622 1664 1640
f 1647 1654 1665
f 1639 1640 1645
f 1640 1664 1666
f 1640 1666 1645
f 1647 1665 1664
f 1664 1665 1667
f 1651 1660 1654
f 1655 1661 1660
f 1659 1662 1668
f 1659 1668 1661
f 1654 1660 1669
f 1654 1669 1665
f 1660 1670 1669
f 1660 1661 1670
f 1661 1668 1671
f 1661 1671 1670
f 1642 1641 1672
f 1643 1633 1637
f 1642 1672 1673
f 1643 1637 1642
f 1673 1672 1674
f 1641 1644 1675
f 1641 1675 1672
f 1644 1676 1675
f 1673 1674 1677
f 1643 1642 1673
f 1643 1673 1677
f 1677 1678 1679
f 1677 1674 1678
f 1672 1675 1680
f 1672 1680 1674
f 1644 1645 1676
f 1645 1666 1681
f 1645 1681 1676
f 1664 1667 1666
f 1675 1676 1682
f 1665 1669 1683
f 1665 1683 1667
f 1663 1684 1662
f 1662 1685 1668
f 1662 1684 1685
f 1686 1650 1627
f 1638 1687 1635
f 1687 1627 1635
f 1687 1686 1627
f 1688 1686 1687
f 1688 1689 1686
f 1689 1690 1686
f 1691 1687 1638
f 1691 1688 1687
f 1692 1688 1691
f 1693 1694 1689
f 1695 1689 1688
f 1695 1693 1689
f 1650 1696 1649
f 1696 1653 1649
f 1690 1696 1650
f 1686 1690 1650
f 1690 1697 1696
f 1697 1698 1696
f 1696 1698 1653
f 1697 1699 1698
f 1698 1657 1653
f 1657 1700 1658
f 1698 1701 1657
f 1701 1700 1657
f 1699 1701 1698
f 1699 1702 1701
f 1702 1703 1701
f 1700 1663 1658
f 1700 1704 1663
f 1701 1703 1700
f 1703 1704 1700
f 1703 1705 1704
f 1702 1706 1703
f 1706 1705 1703
f 1706 1707 1705
f 1694 1697 1690
f 1694 1708 1697
f 1689 1694 1690
f 1708 1699 1697
f 1709 1708 1694
f 1708 1710 1699
f 1711 1710 1708
f 1693 1709 1694
f 1709 1711 1708
f 1712 1711 1709
f 1711 1713 1710
f 1714 1713 1711
f 1710 1702 1699
f 1710 1715 1702
f 1715 1706 1702
f 1713 1715 1710
f 1716 1717 1715
f 1715 1717 1706
f 1717 1707 1706
f 1717 1718 1707
f 1713 1716 1715
f 1714 1719 1713
f 1716 1720 1717
f 1720 1718 1717
f 1720 1721 1718
f 1722 1720 1716
f 1719 1716 1713
f 1719 1722 1716
f 1723 1721 1720
f 1722 1723 1720
f 1723 1724 1721
f 1643 1638 1634
f 1692 1695 1688
f 1643 1691 1638
f 1725 1695 1692
f 1725 1726 1695
f 1726 1693 1695
f 1643 1692 1691
f 1643 1725 1692
f 1727 1726 1725
f 1727 1728 1726
f 1674 1680 1729
f 1675 1682 1680
f 1730 1709 1693
f 1726 1730 1693
f 1731 1712 1730
f 1728 1730 1726
f 1728 1731 1730
f 1732 1733 1731
f 1643 1677 1679
f 1679 1734 1735
f 1679 1678 1734
f 1643 1679 1735
f 1643 1735 1736
f 1643 1727 1725
f 1737 1728 1727
f 1643 1737 1727
f 1738 1739 1737
f 1674 1729 1678
f 1680 1740 1729
f 1678 1741 1734
f 1678 1729 1741
f 1735 1742 1736
f 1643 1736 1743
f 1735 1734 1742
f 1643 1743 1744
f 1736 1745 1743
f 1643 1738 1737
f 1643 1746 1738
f 1736 1742 1745
f 1729 1747 1741
f 1734 1748 1742
f 1734 1741 1748
f 1737 1739 1728
f 1739 1731 1728
f 1739 1732 1731
f 1749 1732 1739
f 1738 1749 1739
f 1746 1749 1738
f 1746 1750 1749
f 1749 1751 1732
f 1750 1751 1749
f 1751 1752 1732
f 1753 1754 1751
f 1666 1667 1755
f 1676 1681 1756
f 1676 1756 1682
f 1666 1755 1681
f 1681 1755 1757
f 1730 1712 1709
f 1712 1714 1711
f 1733 1714 1712
f 1731 1733 1712
f 1669 1758 1683
f 1669 1670 1758
f 1670 1671 1759
f 1670 1759 1758
f 1667 1683 1760
f 1667 1760 1755
f 1755 1760 1761
f 1683 1762 1760
f 1683 1758 1762
f 1758 1759 1763
f 1758 1763 1762
f 1680 1682 1740
f 1682 1756 1764
f 1682 1764 1740
f 1681 1757 1756
f 1756 1765 1764
f 1756 1757 1765
f 1729 1740 1747
f 1740 1764 1766
f 1741 1747 1767
f 1740 1766 1747
f 1764 1765 1768
f 1764 1768 1766
f 1755 1761 1757
f 1760 1762 1769
f 1760 1769 1761
f 1757 1761 1770
f 1757 1770 1765
f 1761 1771 1770
f 1762 1763 1772
f 1762 1772 1769
f 1761 1769 1771
f 1769 1772 1773
f 1769 1773 1771
f 1765 1770 1774
f 1765 1774 1768
f 1770 1771 1775
f 1733 1776 1714
f 1776 1719 1714
f 1776 1777 1719
f 1752 1776 1733
f 1752 1778 1776
f 1778 1777 1776
f 1778 1779 1777
f 1777 1722 1719
f 1780 1723 1722
f 1777 1780 1722
f 1779 1780 1777
f 1781 1782 1780
f 1780 1782 1723
f 1782 1724 1723
f 1782 1783 1724
f 1784 1783 1782
f 1784 1785 1783
f 1779 1781 1780
f 1786 1781 1779
f 1787 1784 1781
f 1781 1784 1782
f 1788 1785 1784
f 1787 1788 1784
f 1732 1752 1733
f 1754 1778 1752
f 1754 1789 1778
f 1751 1754 1752
f 1789 1779 1778
f 1789 1786 1779
f 1790 1789 1754
f 1790 1791 1789
f 1791 1786 1789
f 1791 1792 1786
f 1770 1775 1774
f 1771 1773 1793
f 1771 1793 1775
f 1775 1793 1794
f 1786 1787 1781
f 1792 1787 1786
f 1788 1795 1785
f 1796 1788 1787
f 1797 1795 1788
f 1796 1797 1788
f 1797 1798 1795
f 1792 1796 1787
f 1799 1796 1792
f 1800 1797 1796
f 1799 1800 1796
f 1801 1798 1797
f 1800 1801 1797
f 1801 1802 1798
f 1803 1802 1801
f 1803 1804 1802
f 1704 1805 1663
f 1663 1805 1684
f 1705 1806 1704
f 1704 1806 1805
f 1806 1807 1805
f 1805 1807 1808
f 1806 1809 1807
f 1809 1810 1807
f 1707 1811 1705
f 1705 1811 1806
f 1811 1809 1806
f 1811 1812 1809
f 1812 1813 1809
f 1805 1808 1684
f 1807 1814 1808
f 1684 1808 1815
f 1807 1810 1814
f 1684 1815 1685
f 1668 1685 1816
f 1808 1814 1817
f 1808 1817 1815
f 1718 1818 1707
f 1707 1818 1811
f 1818 1812 1811
f 1809 1813 1810
f 1818 1819 1812
f 1812 1820 1813
f 1819 1820 1812
f 1819 1821 1820
f 1810 1822 1823
f 1810 1823 1814
f 1822 1824 1823
f 1814 1823 1825
f 1814 1825 1817
f 1823 1824 1826
f 1823 1826 1825
f 1813 1822 1810
f 1813 1827 1822
f 1820 1827 1813
f 1821 1828 1820
f 1820 1828 1827
f 1827 1829 1822
f 1822 1829 1824
f 1828 1830 1827
f 1827 1830 1829
f 1828 1831 1830
f 1830 1832 1829
f 1831 1833 1830
f 1829 1834 1824
f 1824 1835 1826
f 1836 1819 1818
f 1721 1836 1718
f 1718 1836 1818
f 1837 1838 1836
f 1836 1838 1819
f 1838 1821 1819
f 1838 1839 1821
f 1840 1839 1838
f 1721 1837 1836
f 1724 1837 1721
f 1841 1840 1837
f 1724 1841 1837
f 1837 1840 1838
f 1840 1842 1839
f 1783 1841 1724
f 1843 1844 1841
f 1844 1842 1840
f 1841 1844 1840
f 1844 1845 1842
f 1846 1845 1844
f 1839 1847 1821
f 1821 1847 1828
f 1839 1848 1847
f 1847 1831 1828
f 1847 1849 1831
f 1849 1850 1831
f 1848 1849 1847
f 1848 1851 1849
f 1851 1852 1849
f 1842 1848 1839
f 1853 1851 1848
f 1845 1853 1842
f 1842 1853 1848
f 1845 1854 1853
f 1855 1854 1845
f 1853 1856 1851
f 1854 1856 1853
f 1856 1857 1851
f 1854 1858 1856
f 1859 1858 1854
f 1858 1860 1856
f 1861 1862 1858
f 1829 1832 1834
f 1830 1833 1832
f 1833 1863 1832
f 1833 1864 1863
f 1864 1865 1863
f 1832 1866 1834
f 1824 1834 1835
f 1834 1866 1867
f 1832 1863 1866
f 1863 1868 1866
f 1863 1865 1868
f 1866 1868 1869
f 1831 1850 1833
f 1850 1864 1833
f 1852 1870 1850
f 1850 1870 1864
f 1849 1852 1850
f 1852 1871 1870
f 1870 1872 1864
f 1851 1857 1852
f 1857 1871 1852
f 1864 1872 1865
f 1870 1873 1872
f 1871 1873 1870
f 1874 1875 1871
f 1871 1875 1873
f 1856 1860 1857
f 1857 1874 1871
f 1860 1874 1857
f 1860 1876 1874
f 1858 1862 1860
f 1862 1876 1860
f 1862 1877 1876
f 1878 1877 1862
f 1876 1879 1874
f 1874 1879 1875
f 1876 1880 1879
f 1877 1880 1876
f 1877 1881 1880
f 1872 1882 1865
f 1865 1883 1868
f 1865 1882 1883
f 1872 1884 1882
f 1873 1884 1872
f 1875 1885 1873
f 1873 1885 1884
f 1875 1886 1885
f 1884 1887 1882
f 1885 1888 1884
f 1884 1888 1887
f 1885 1889 1888
f 1879 1886 1875
f 1880 1890 1879
f 1879 1890 1886
f 1886 1889 1885
f 1890 1891 1886
f 1881 1892 1880
f 1880 1892 1890
f 1886 1891 1889
f 1668 1816 1671
f 1685 1893 1816
f 1671 1894 1759
f 1671 1816 1894
f 1685 1815 1893
f 1815 1817 1895
f 1815 1895 1893
f 1816 1893 1896
f 1816 1896 1894
f 1759 1897 1763
f 1759 1894 1897
f 1894 1898 1897
f 1893 1899 1896
f 1893 1895 1899
f 1894 1896 1898
f 1896 1899 1900
f 1896 1900 1898
f 1817 1825 1901
f 1817 1901 1895
f 1825 1826 1902
f 1825 1902 1901
f 1826 1903 1902
f 1895 1904 1899
f 1895 1901 1904
f 1899 1905 1900
f 1899 1904 1905
f 1901 1902 1906
f 1901 1906 1904
f 1902 1907 1906
f 1904 1906 1908
f 1763 1909 1772
f 1763 1897 1909
f 1897 1910 1909
f 1772 1909 1911
f 1897 1898 1910
f 1898 1900 1912
f 1783 1843 1841
f 1785 1843 1783
f 1913 1846 1843
f 1785 1913 1843
f 1843 1846 1844
f 1846 1855 1845
f 1914 1855 1846
f 1904 1908 1905
f 1906 1915 1908
f 1855 1859 1854
f 1859 1861 1858
f 1772 1911 1773
f 1909 1916 1911
f 1898 1912 1910
f 1909 1910 1916
f 1910 1912 1917
f 1910 1917 1916
f 1773 1911 1918
f 1773 1918 1793
f 1911 1919 1918
f 1793 1920 1794
f 1793 1918 1920
f 1911 1916 1919
f 1916 1917 1921
f 1916 1921 1919
f 1918 1922 1920
f 1919 1921 1923
f 1918 1919 1922
f 1919 1923 1922
f 1922 1923 1924
f 1922 1924 1925
f 1900 1926 1912
f 1900 1905 1926
f 1912 1927 1917
f 1912 1926 1927
f 1905 1908 1928
f 1905 1928 1926
f 1908 1929 1928
f 1926 1930 1927
f 1926 1928 1930
f 1917 1927 1931
f 1927 1930 1932
f 1928 1933 1930
f 1930 1934 1932
f 1917 1931 1921
f 1921 1931 1935
f 1921 1935 1923
f 1923 1936 1924
f 1923 1935 1936
f 1927 1932 1931
f 1931 1932 1937
f 1931 1937 1935
f 1935 1937 1938
f 1932 1939 1937
f 1834 1867 1835
f 1826 1835 1903
f 1835 1867 1940
f 1835 1940 1903
f 1866 1869 1867
f 1867 1941 1940
f 1867 1869 1941
f 1902 1903 1907
f 1903 1940 1942
f 1903 1942 1907
f 1906 1907 1915
f 1907 1942 1943
f 1907 1943 1915
f 1940 1944 1942
f 1940 1941 1944
f 1942 1945 1943
f 1942 1944 1945
f 1943 1945 1946
f 1868 1883 1947
f 1868 1947 1869
f 1882 1948 1883
f 1869 1949 1941
f 1869 1947 1949
f 1883 1950 1947
f 1947 1951 1949
f 1882 1887 1948
f 1883 1948 1950
f 1888 1952 1887
f 1887 1953 1948
f 1887 1952 1953
f 1947 1950 1951
f 1948 1954 1950
f 1948 1953 1954
f 1950 1955 1951
f 1941 1949 1956
f 1941 1956 1944
f 1949 1957 1956
f 1944 1958 1945
f 1944 1956 1958
f 1949 1951 1957
f 1892 1959 1890
f 1960 1961 1881
f 1881 1961 1892
f 1961 1962 1892
f 1963 1964 1961
f 1890 1959 1891
f 1889 1965 1888
f 1891 1966 1889
f 1888 1965 1952
f 1889 1966 1965
f 1959 1967 1891
f 1962 1968 1959
f 1891 1967 1966
f 1959 1968 1967
f 1950 1954 1955
f 1952 1965 1969
f 1965 1966 1969
f 1966 1967 1969
f 1953 1952 1969
f 1954 1953 1969
f 1892 1962 1959
f 1961 1964 1962
f 1963 1970 1964
f 1964 1971 1962
f 1962 1971 1968
f 1967 1968 1969
f 1964 1972 1971
f 1970 1973 1972
f 1968 1971 1969
f 1971 1972 1969
f 1972 1973 1969
f 1970 1972 1964
f 1974 1973 1970
f 1974 1975 1973
f 1973 1975 1969
f 1975 1976 1969
f 1977 1976 1975
f 1976 1978 1969
f 1945 1979 1946
f 1945 1958 1979
f 1946 1979 1980
f 1956 1981 1958
f 1958 1982 1979
f 1979 1983 1980
f 1980 1984 1985
f 1956 1957 1981
f 1951 1986 1957
f 1951 1955 1986
f 1957 1986 1987
f 1957 1987 1981
f 1955 1954 1969
f 1986 1955 1969
f 1987 1986 1969
f 1981 1988 1982
f 1981 1987 1988
f 1982 1988 1989
f 1958 1981 1982
f 1979 1982 1983
f 1982 1989 1983
f 1988 1987 1969
f 1989 1988 1969
f 1983 1989 1990
f 1990 1989 1969
f 1991 1990 1969
f 1992 1991 1969
f 1978 1993 1969
f 1993 1994 1969
f 1995 1992 1969
f 1996 1995 1969
f 1997 1996 1969
f 1998 1997 1969
f 1980 1983 1984
f 1985 1984 1999
f 2000 1999 2001
f 1983 1990 1984
f 1984 1991 1999
f 1984 1990 1991
f 1999 1992 2001
f 1999 1991 1992
f 2001 1992 1995
f 2002 1995 1996
f 2001 1995 2002
f 1908 1915 1929
f 1915 1943 2003
f 1915 2003 1929
f 1928 1929 1933
f 1943 1946 2003
f 1929 2003 2004
f 1930 1933 1934
f 1929 2004 1933
f 1933 2004 2005
f 1933 2005 1934
f 1934 2005 2006
f 2003 2007 2004
f 2003 1946 2007
f 2004 2007 2008
f 2004 2008 2005
f 2005 2009 2006
f 2005 2008 2009
f 1932 1934 1939
f 1934 2006 1939
f 1946 1980 2007
f 2007 1980 1985
f 2007 1985 2008
f 2008 2000 2009
f 2008 1985 2000
f 1985 1999 2000
f 2010 1881 1877
f 1913 1914 1846
f 1914 2011 1855
f 2012 2011 1914
f 1795 1913 1785
f 2013 1914 1913
f 1795 2013 1913
f 1798 2013 1795
f 2014 2012 2013
f 2013 2012 1914
f 2012 2015 2011
f 2014 2016 2012
f 2016 2015 2012
f 2016 2017 2015
f 2011 1859 1855
f 2011 2018 1859
f 2015 2018 2011
f 2015 2019 2018
f 2018 1861 1859
f 2018 2020 1861
f 2020 1878 1861
f 2019 2020 2018
f 2019 2021 2020
f 2021 2022 2020
f 2017 2019 2015
f 2023 2021 2019
f 2017 2023 2019
f 2024 2023 2017
f 2023 2025 2021
f 2025 2026 2021
f 2027 2025 2023
f 2028 2029 2025
f 2027 2028 2025
f 1798 2014 2013
f 1802 2014 1798
f 2030 2016 2014
f 1802 2030 2014
f 2030 2031 2016
f 2031 2017 2016
f 2031 2024 2017
f 2032 2024 2031
f 2032 2033 2024
f 1804 2030 1802
f 2034 2031 2030
f 1804 2034 2030
f 2035 2032 2034
f 2034 2032 2031
f 1924 1936 2036
f 1937 2037 1938
f 1935 1938 1936
f 1936 1938 2038
f 1936 2038 2036
f 2036 2038 2039
f 1938 2040 2038
f 2038 2041 2039
f 2024 2027 2023
f 2033 2027 2024
f 2033 2042 2027
f 2042 2028 2027
f 2042 2043 2028
f 2043 2044 2028
f 2045 2033 2032
f 2045 2046 2033
f 2035 2045 2032
f 2047 2046 2045
f 2048 2043 2042
f 2048 2049 2043
f 2049 2050 2043
f 2046 2042 2033
f 2046 2048 2042
f 2051 2048 2046
f 2051 2052 2048
f 2052 2049 2048
f 2052 2053 2049
f 2053 2054 2049
f 2055 2053 2052
f 2056 2057 2053
f 2055 2056 2053
f 1861 1878 1862
f 2020 2022 1878
f 1878 2010 1877
f 2022 2010 1878
f 2022 2058 2010
f 2021 2026 2022
f 2026 2058 2022
f 2026 2059 2058
f 2058 1960 2010
f 2010 1960 1881
f 2058 2060 1960
f 2059 2060 2058
f 2059 2061 2060
f 2062 2061 2059
f 2025 2029 2026
f 2029 2059 2026
f 2029 2062 2059
f 2044 2062 2029
f 2028 2044 2029
f 2044 2063 2062
f 2050 2063 2044
f 2050 2064 2063
f 2063 2065 2062
f 2062 2065 2061
f 2063 2066 2065
f 2064 2066 2063
f 2064 2067 2066
f 2060 1963 1960
f 1960 1963 1961
f 2060 2068 1963
f 2068 1970 1963
f 2069 1974 2068
f 2070 1977 2069
f 2061 2068 2060
f 2061 2069 2068
f 2065 2069 2061
f 2065 2070 2069
f 2068 1974 1970
f 2069 1977 1974
f 2070 2071 1977
f 1977 1975 1974
f 2071 1976 1977
f 2071 1978 1976
f 2072 2071 2070
f 2073 2074 2072
f 1994 2075 1969
f 2075 2076 1969
f 2074 1993 1978
f 2077 1998 1969
f 2078 2077 1969
f 2076 2079 1969
f 2079 2080 1969
f 2081 2078 1969
f 2082 2081 1969
f 2074 1978 2071
f 2083 1993 2074
f 2083 1994 1993
f 2080 2084 1969
f 2084 2082 1969
f 2085 2075 1994
f 2086 2076 2075
f 2087 1996 1997
f 2088 1997 1998
f 2002 1996 2087
f 2089 1998 2077
f 2087 1997 2088
f 2088 1998 2089
f 2090 2077 2078
f 2072 2074 2071
f 2073 2083 2074
f 2085 1994 2083
f 2086 2075 2085
f 2091 2085 2083
f 2092 2079 2076
f 2093 2080 2079
f 2089 2077 2090
f 2090 2078 2094
f 2094 2078 2081
f 2095 2081 2082
f 2092 2076 2086
f 2093 2079 2092
f 2094 2081 2095
f 2095 2082 2096
f 2096 2082 2084
f 2097 2084 2080
f 2066 2070 2065
f 2066 2072 2070
f 2067 2072 2066
f 2067 2073 2072
f 2091 2083 2073
f 2098 2085 2091
f 2099 2086 2098
f 2100 2073 2067
f 2100 2091 2073
f 2098 2086 2085
f 2099 2092 2086
f 2097 2080 2093
f 2006 2009 2101
f 1937 1939 2037
f 1939 2006 2102
f 1939 2102 2037
f 1938 2037 2040
f 2037 2102 2103
f 2038 2040 2041
f 2037 2103 2040
f 2040 2103 2104
f 2006 2101 2102
f 2102 2101 2105
f 2102 2105 2103
f 2103 2106 2104
f 2103 2105 2106
f 2043 2050 2044
f 2039 2041 2107
f 2040 2104 2041
f 2041 2104 2108
f 2041 2108 2107
f 2107 2108 2109
f 2107 2109 2110
f 2104 2106 2111
f 2108 2111 2112
f 2104 2111 2108
f 2108 2112 2109
f 2109 2112 2113
f 2009 2000 2114
f 2000 2001 2114
f 2114 2002 2115
f 2115 2087 2116
f 2009 2114 2101
f 2101 2114 2115
f 2101 2115 2105
f 2116 2088 2117
f 2117 2089 2118
f 2105 2115 2116
f 2105 2116 2106
f 2106 2116 2117
f 2114 2001 2002
f 2115 2002 2087
f 2116 2087 2088
f 2117 2088 2089
f 2118 2089 2090
f 2106 2117 2111
f 2111 2117 2118
f 2112 2118 2119
f 2118 2090 2119
f 2119 2094 2120
f 2121 2091 2100
f 2121 2098 2091
f 2122 2092 2099
f 2123 2093 2122
f 2113 2119 2120
f 2120 2095 2124
f 2124 2096 2125
f 2125 2097 2123
f 2119 2090 2094
f 2120 2094 2095
f 2122 2093 2092
f 2124 2095 2096
f 2096 2084 2097
f 2125 2096 2097
f 2123 2097 2093
f 2111 2118 2112
f 2112 2119 2113
f 2113 2120 2126
f 2126 2120 2124
f 2054 2064 2050
f 2054 2127 2064
f 2049 2054 2050
f 2057 2127 2054
f 2057 2128 2127
f 2127 2067 2064
f 2127 2100 2067
f 2128 2100 2127
f 2128 2121 2100
f 2129 2121 2128
f 2129 2130 2121
f 2053 2057 2054
f 2131 2128 2057
f 2109 2113 2132
f 2132 2126 2133
f 2132 2113 2126
f 2133 2126 2134
f 2135 2136 2130
f 2133 2134 2137
f 2137 2134 2138
f 2131 2129 2128
f 2056 2131 2057
f 2139 2129 2131
f 2139 2135 2129
f 2135 2130 2129
f 2140 2136 2135
f 2141 2138 2142
f 2140 2142 2136
f 2130 2098 2121
f 2130 2099 2098
f 2136 2122 2099
f 2136 2099 2130
f 2134 2124 2125
f 2126 2124 2134
f 2138 2125 2123
f 2142 2123 2122
f 2134 2125 2138
f 2142 2122 2136
f 2138 2123 2142
f 1643 1744 2143
f 1743 2144 1744
f 1643 2145 1746
f 1643 2143 2146
f 1643 2147 2145
f 1743 1745 2144
f 1742 2148 1745
f 1643 2146 2149
f 1744 2150 2143
f 1643 2149 2151
f 1744 2144 2150
f 2145 1750 1746
f 2145 2152 1750
f 1742 1748 2148
f 1741 1767 1748
f 1748 2153 2148
f 1643 2154 2147
f 2147 2152 2145
f 1643 2155 2154
f 1643 2151 2156
f 2143 2157 2146
f 2143 2150 2157
f 2154 2158 2147
f 2147 2158 2152
f 1745 2159 2144
f 1745 2148 2159
f 2144 2160 2150
f 2144 2159 2160
f 2148 2161 2159
f 1643 2162 2155
f 1643 2156 2163
f 2146 2164 2149
f 1643 2163 2165
f 1643 2166 2162
f 2146 2157 2164
f 2154 2167 2158
f 2155 2167 2154
f 2150 2168 2157
f 2150 2160 2168
f 1643 2165 2169
f 1643 2169 2166
f 2149 2170 2151
f 2149 2164 2170
f 2151 2171 2156
f 2162 2172 2155
f 2151 2170 2171
f 1750 1753 1751
f 2152 1753 1750
f 2173 1790 1753
f 2152 2173 1753
f 2158 2173 2152
f 2174 2175 2173
f 2159 2176 2160
f 2158 2174 2173
f 2167 2174 2158
f 2167 2177 2174
f 2155 2172 2167
f 2157 2178 2164
f 2157 2168 2178
f 2172 2177 2167
f 2160 2179 2168
f 2168 2180 2178
f 2177 2181 2174
f 2172 2182 2177
f 2182 2183 2177
f 1747 1766 2184
f 1747 2184 1767
f 1748 1767 2153
f 1767 2184 2185
f 1766 2186 2184
f 1766 1768 2186
f 1767 2185 2153
f 2148 2153 2161
f 1753 1790 1754
f 2184 2186 2187
f 2153 2185 2188
f 2153 2188 2161
f 2184 2187 2185
f 2185 2187 2189
f 2185 2189 2188
f 2175 1791 1790
f 2175 2190 1791
f 2190 1792 1791
f 2173 2175 1790
f 2181 2190 2175
f 1768 1774 2191
f 1768 2191 2186
f 1774 2192 2191
f 2186 2191 2193
f 2186 2193 2187
f 2191 2194 2193
f 1774 1775 2192
f 1775 1794 2192
f 2191 2192 2194
f 2192 1794 2195
f 2192 2195 2194
f 2194 2195 2196
f 2187 2193 2197
f 2193 2198 2197
f 2187 2197 2189
f 2189 2197 2199
f 2197 2200 2199
f 2193 2194 2198
f 2194 2196 2198
f 2197 2198 2200
f 2159 2161 2176
f 2161 2188 2201
f 2161 2201 2176
f 2160 2176 2179
f 2174 2181 2175
f 2188 2202 2201
f 2188 2189 2202
f 2201 2202 2203
f 2176 2201 2204
f 2176 2204 2179
f 2168 2179 2180
f 2177 2183 2181
f 2179 2204 2205
f 2201 2203 2204
f 2189 2199 2202
f 2156 2206 2163
f 2166 2207 2162
f 2156 2171 2206
f 2162 2207 2172
f 2163 2208 2165
f 2166 2209 2207
f 2164 2210 2170
f 2164 2178 2210
f 2170 2211 2171
f 2170 2210 2211
f 2169 2209 2166
f 2163 2206 2208
f 2165 2212 2169
f 2165 2208 2212
f 2169 2212 2209
f 2171 2213 2206
f 2207 2182 2172
f 2207 2214 2182
f 2178 2215 2210
f 2209 2214 2207
f 2171 2211 2213
f 2210 2216 2211
f 2209 2217 2214
f 2206 2218 2208
f 2212 2217 2209
f 2206 2213 2218
f 2208 2219 2212
f 2208 2218 2219
f 2212 2219 2217
f 2178 2180 2215
f 2179 2205 2180
f 2210 2215 2216
f 2190 1799 1792
f 2181 2220 2190
f 2220 1799 2190
f 2220 2221 1799
f 2221 1800 1799
f 2221 2222 1800
f 2198 2196 2223
f 2198 2223 2200
f 2200 2223 2224
f 2222 1801 1800
f 2222 1803 1801
f 2225 1804 1803
f 2225 2226 1804
f 2227 1803 2222
f 2228 2222 2221
f 2228 2227 2222
f 2229 2225 2227
f 2227 2225 1803
f 2183 2220 2181
f 2183 2230 2220
f 2230 2221 2220
f 2230 2228 2221
f 2231 2230 2183
f 2231 2232 2230
f 2204 2203 2233
f 2204 2233 2205
f 2205 2233 2234
f 2232 2228 2230
f 2232 2235 2228
f 2236 2235 2232
f 2202 2199 2237
f 2199 2238 2237
f 2202 2237 2203
f 2237 2239 2240
f 2199 2200 2238
f 2200 2224 2238
f 2237 2238 2239
f 2203 2237 2240
f 2203 2240 2233
f 2233 2240 2241
f 2235 2227 2228
f 2235 2229 2227
f 2238 2224 2242
f 2238 2242 2239
f 2239 2242 2243
f 2239 2243 2244
f 2240 2244 2241
f 2233 2241 2234
f 2245 2229 2235
f 2241 2246 2247
f 2240 2239 2244
f 2241 2244 2246
f 2248 2226 2225
f 2248 2249 2226
f 2250 2248 2229
f 2229 2248 2225
f 2251 2249 2248
f 2251 2252 2249
f 2250 2251 2248
f 2245 2250 2229
f 2253 2251 2250
f 2244 2243 2254
f 2244 2254 2246
f 2246 2254 2255
f 2246 2255 2256
f 2257 2252 2251
f 2257 2258 2252
f 2253 2257 2251
f 2256 2255 2259
f 2260 2258 2257
f 2214 2231 2182
f 2217 2261 2214
f 2211 2262 2213
f 2213 2263 2218
f 2219 2264 2217
f 2218 2265 2219
f 2182 2231 2183
f 2180 2205 2266
f 2180 2266 2215
f 2261 2232 2231
f 2205 2234 2266
f 2215 2267 2216
f 2211 2216 2262
f 2214 2261 2231
f 2215 2266 2267
f 2216 2267 2268
f 2261 2236 2232
f 2266 2269 2267
f 2266 2234 2269
f 2236 2245 2235
f 2270 2245 2236
f 2264 2236 2261
f 2264 2270 2236
f 2267 2271 2268
f 2267 2269 2271
f 2268 2271 2272
f 2234 2241 2247
f 2234 2247 2269
f 2269 2247 2273
f 2269 2273 2271
f 2217 2264 2261
f 2216 2268 2262
f 2213 2262 2263
f 2262 2268 2274
f 2262 2274 2263
f 2265 2270 2264
f 2263 2274 2275
f 2268 2272 2274
f 2218 2263 2265
f 2219 2265 2264
f 2263 2275 2265
f 2270 2276 2245
f 2276 2250 2245
f 2247 2256 2273
f 2276 2253 2250
f 2273 2277 2278
f 2247 2246 2256
f 2273 2256 2277
f 2271 2273 2278
f 2271 2278 2272
f 2279 2253 2276
f 2272 2278 2280
f 2272 2280 2279
f 2280 2257 2253
f 2256 2259 2277
f 2278 2277 2260
f 2277 2259 2281
f 2260 2281 2258
f 2277 2281 2260
f 2280 2260 2257
f 2279 2280 2253
f 2278 2260 2280
f 2265 2275 2270
f 2275 2276 2270
f 2274 2272 2279
f 2274 2279 2275
f 2275 2279 2276
f 1794 2282 2195
f 1794 1920 2282
f 1920 1925 2282
f 2195 2283 2196
f 2195 2282 2283
f 1920 1922 1925
f 2282 2284 2283
f 2283 2285 2286
f 2282 1925 2284
f 1925 1924 2287
f 1925 2287 2284
f 2283 2284 2285
f 2284 2287 2288
f 2284 2288 2285
f 2196 2286 2223
f 2196 2283 2286
f 2223 2286 2289
f 2223 2289 2224
f 2286 2285 2290
f 2226 2034 1804
f 2285 2288 2291
f 2285 2291 2290
f 2290 2291 2292
f 2286 2290 2289
f 2224 2289 2293
f 2289 2294 2293
f 2293 2295 2296
f 2289 2290 2294
f 2290 2292 2294
f 2294 2292 2297
f 2293 2294 2295
f 1924 2036 2287
f 2287 2298 2288
f 2287 2036 2298
f 2036 2039 2298
f 2288 2298 2299
f 2288 2299 2291
f 2291 2300 2292
f 2291 2299 2300
f 2292 2300 2301
f 2298 2039 2302
f 2298 2302 2299
f 2039 2107 2302
f 2299 2302 2303
f 2302 2110 2303
f 2299 2303 2300
f 2224 2293 2242
f 2242 2296 2243
f 2242 2293 2296
f 2226 2035 2034
f 2304 2045 2035
f 2249 2035 2226
f 2249 2304 2035
f 2304 2047 2045
f 2047 2051 2046
f 2305 2051 2047
f 2306 2047 2304
f 2252 2304 2249
f 2252 2306 2304
f 2294 2297 2295
f 2295 2297 2307
f 2296 2295 2308
f 2295 2307 2308
f 2308 2307 2309
f 2308 2309 2310
f 2305 2311 2051
f 2312 2305 2306
f 2306 2305 2047
f 2313 2311 2305
f 2313 2314 2311
f 2312 2313 2305
f 2310 2309 2315
f 2316 2314 2313
f 2311 2052 2051
f 2303 2317 2318
f 2300 2318 2301
f 2300 2303 2318
f 2301 2318 2319
f 2301 2319 2320
f 2320 2319 2321
f 2318 2322 2319
f 2319 2323 2321
f 2292 2301 2297
f 2297 2301 2320
f 2297 2320 2307
f 2307 2324 2309
f 2307 2320 2324
f 2311 2055 2052
f 2314 2055 2311
f 2314 2325 2055
f 2325 2056 2055
f 2325 2326 2056
f 2326 2131 2056
f 2321 2327 2328
f 2329 2326 2325
f 2330 2139 2326
f 2328 2331 2330
f 2309 2324 2332
f 2309 2332 2315
f 2333 2325 2314
f 2333 2329 2325
f 2315 2329 2333
f 2315 2332 2329
f 2320 2321 2324
f 2324 2328 2332
f 2324 2321 2328
f 2332 2328 2330
f 2329 2330 2326
f 2332 2330 2329
f 2243 2296 2334
f 2296 2308 2334
f 2243 2334 2254
f 2334 2310 2335
f 2254 2334 2335
f 2334 2308 2310
f 2254 2335 2255
f 2258 2306 2252
f 2258 2312 2306
f 2335 2336 2337
f 2338 2313 2312
f 2337 2316 2338
f 2335 2310 2336
f 2310 2315 2336
f 2336 2315 2333
f 2316 2333 2314
f 2336 2333 2316
f 2337 2336 2316
f 2338 2316 2313
f 2255 2337 2259
f 2255 2335 2337
f 2281 2312 2258
f 2259 2337 2338
f 2281 2338 2312
f 2259 2338 2281
f 2302 2107 2110
f 2303 2110 2317
f 2318 2317 2322
f 2110 2132 2317
f 2110 2109 2132
f 2317 2132 2133
f 2317 2133 2322
f 2322 2133 2137
f 2322 2137 2323
f 2319 2322 2323
f 2326 2139 2131
f 2323 2137 2141
f 2323 2141 2327
f 2321 2323 2327
f 2331 2135 2139
f 2327 2141 2140
f 2331 2140 2135
f 2328 2327 2331
f 2330 2331 2139
f 2327 2140 2331
f 2137 2138 2141
f 2141 2142 2140
f 2339 2340 2341
f 2342 2343 2344
f 2342 2344 2345
f 2346 2347 2343
f 2346 2343 2342
f 2348 2347 2346
f 2349 2350 2348
f 2348 2350 2347
f 2349 2351 2350
f 2352 2351 2349
f 2352 2353 2351
f 2354 2353 2352
f 2355 2342 2356
f 2357 2348 2346
f 2358 2349 2348
f 2357 2346 2355
f 2359 2356 2360
f 2361 2356 2359
f 2361 2355 2356
f 2362 2359 2363
f 2356 2342 2345
f 2356 2345 2360
f 2364 2365 2366
f 2364 2366 2367
f 2360 2345 2365
f 2360 2365 2364
f 2363 2360 2364
f 2363 2364 2368
f 2368 2364 2367
f 2368 2367 2369
f 2370 2368 2369
f 2355 2346 2342
f 2371 2352 2349
f 2372 2352 2371
f 2372 2354 2352
f 2373 2374 2354
f 2373 2354 2372
f 2375 2374 2373
f 2359 2360 2363
f 2376 2363 2368
f 2377 2378 2379
f 2343 2380 2381
f 2344 2381 2382
f 2365 2383 2384
f 2365 2384 2366
f 2385 2386 2387
f 2385 2388 2386
f 2343 2381 2344
f 2344 2382 2383
f 2383 2389 2384
f 2366 2384 2388
f 2366 2388 2385
f 2390 2391 2392
f 2390 2392 2393
f 2393 2394 2395
f 2386 2390 2393
f 2396 2393 2395
f 2397 2395 2398
f 2387 2386 2396
f 2387 2396 2399
f 2399 2396 2397
f 2399 2397 2400
f 2400 2397 2401
f 2402 2401 2403
f 2400 2401 2402
f 2396 2395 2397
f 2386 2393 2396
f 2397 2398 2401
f 2381 2404 2382
f 2382 2405 2389
f 2384 2389 2406
f 2388 2406 2390
f 2379 2407 2380
f 2380 2408 2381
f 2377 2409 2378
f 2410 2411 2409
f 2412 2411 2410
f 2413 2414 2412
f 2379 2378 2407
f 2380 2407 2408
f 2412 2414 2411
f 2413 2415 2414
f 2416 2415 2413
f 2417 2418 2416
f 2383 2382 2389
f 2389 2405 2419
f 2389 2419 2406
f 2406 2391 2390
f 2382 2404 2405
f 2381 2408 2404
f 2378 2409 2420
f 2409 2411 2420
f 2406 2419 2391
f 2404 2408 2420
f 2405 2404 2420
f 2407 2378 2420
f 2408 2407 2420
f 2411 2414 2420
f 2414 2415 2420
f 2415 2418 2420
f 2418 2421 2420
f 2417 2421 2418
f 2416 2418 2415
f 2422 2421 2417
f 2423 2424 2422
f 2422 2424 2421
f 2423 2425 2424
f 2426 2425 2423
f 2384 2406 2388
f 2388 2390 2386
f 2427 2399 2428
f 2367 2366 2385
f 2367 2385 2429
f 2429 2385 2387
f 2427 2387 2399
f 2429 2387 2427
f 2369 2367 2429
f 2369 2429 2430
f 2430 2429 2427
f 2431 2430 2432
f 2430 2427 2432
f 2432 2427 2428
f 2432 2428 2433
f 2434 2432 2433
f 2428 2399 2400
f 2428 2400 2435
f 2435 2400 2402
f 2339 2402 2340
f 2435 2402 2339
f 2433 2428 2435
f 2433 2435 2436
f 2437 2433 2436
f 2436 2435 2339
f 2436 2339 2438
f 2438 2339 2341
f 2439 2436 2438
f 2440 2438 2441
f 2350 2377 2379
f 2351 2410 2377
f 2410 2409 2377
f 2347 2379 2380
f 2353 2412 2410
f 2442 2413 2412
f 2443 2416 2413
f 2350 2379 2347
f 2347 2380 2343
f 2345 2344 2383
f 2345 2383 2365
f 2351 2377 2350
f 2353 2410 2351
f 2442 2412 2353
f 2374 2443 2442
f 2443 2413 2442
f 2444 2416 2443
f 2445 2444 2443
f 2446 2447 2444
f 2448 2447 2446
f 2354 2442 2353
f 2374 2442 2354
f 2445 2443 2374
f 2446 2444 2445
f 2444 2417 2416
f 2447 2422 2417
f 2449 2423 2422
f 2450 2426 2423
f 2451 2452 2426
f 2447 2417 2444
f 2449 2422 2447
f 2448 2449 2447
f 2453 2449 2448
f 2453 2450 2449
f 2450 2423 2449
f 2454 2452 2451
f 2451 2426 2450
f 2455 2454 2451
f 2456 2451 2450
f 2456 2450 2453
f 2455 2451 2456
f 2457 2369 2430
f 2375 2445 2374
f 2458 2445 2375
f 2458 2446 2445
f 2459 2448 2446
f 2459 2446 2458
f 2460 2375 2461
f 2460 2458 2375
f 2462 2459 2458
f 2462 2458 2460
f 2463 2459 2462
f 2464 2462 2460
f 2465 2455 2456
f 2466 2453 2448
f 2466 2448 2459
f 2467 2453 2466
f 2467 2456 2453
f 2465 2456 2467
f 2468 2467 2466
f 2463 2466 2459
f 2468 2466 2463
f 2469 2463 2462
f 2470 2467 2468
f 2470 2465 2467
f 2471 2470 2468
f 2472 2468 2463
f 2473 2362 2376
f 2370 2369 2457
f 2474 2370 2457
f 2474 2457 2475
f 2376 2368 2370
f 2476 2376 2370
f 2476 2370 2474
f 2362 2363 2376
f 2473 2376 2476
f 2477 2476 2474
f 2477 2474 2478
f 2478 2474 2475
f 2478 2475 2479
f 2480 2478 2479
f 2480 2479 2481
f 2482 2478 2480
f 2483 2480 2481
f 2484 2431 2434
f 2434 2433 2437
f 2485 2434 2437
f 2431 2432 2434
f 2484 2434 2485
f 2486 2485 2487
f 2488 2485 2486
f 2437 2436 2439
f 2487 2437 2439
f 2487 2439 2489
f 2439 2438 2440
f 2489 2439 2440
f 2489 2440 2490
f 2491 2487 2489
f 2492 2489 2490
f 2492 2490 2493
f 2491 2489 2492
f 2485 2437 2487
f 2486 2487 2491
f 2494 2492 2495
f 2495 2492 2493
f 2496 2495 2497
f 2494 2491 2492
f 2498 2486 2491
f 2498 2491 2494
f 2499 2498 2494
f 2500 2494 2495
f 2499 2494 2500
f 2501 2500 2502
f 2500 2495 2496
f 2502 2500 2496
f 2502 2496 2503
f 2457 2430 2431
f 2475 2431 2484
f 2475 2457 2431
f 2479 2484 2488
f 2479 2475 2484
f 2488 2484 2485
f 2469 2462 2464
f 2472 2463 2469
f 2504 2469 2464
f 2505 2469 2504
f 2471 2468 2472
f 2505 2472 2469
f 2506 2472 2505
f 2507 2505 2504
f 2481 2479 2488
f 2481 2488 2508
f 2508 2488 2486
f 2508 2486 2498
f 2509 2508 2498
f 2509 2498 2499
f 2510 2509 2499
f 2511 2481 2508
f 2511 2508 2509
f 2512 2511 2509
f 2483 2481 2511
f 2512 2509 2510
f 2501 2499 2500
f 2510 2499 2501
f 2513 2514 2515
f 2516 2517 2518
f 2340 2517 2516
f 2518 2514 2513
f 2513 2515 2519
f 2520 2518 2513
f 2516 2518 2520
f 2520 2513 2521
f 2519 2515 2522
f 2523 2522 2524
f 2521 2519 2525
f 2525 2523 2526
f 2519 2522 2523
f 2523 2524 2527
f 2521 2513 2519
f 2525 2519 2523
f 2526 2527 2528
f 2526 2523 2527
f 2528 2527 2529
f 2528 2529 2530
f 2341 2340 2516
f 2341 2516 2531
f 2532 2520 2521
f 2531 2520 2532
f 2531 2516 2520
f 2441 2341 2531
f 2438 2341 2441
f 2441 2531 2533
f 2534 2441 2533
f 2533 2531 2532
f 2535 2532 2536
f 2533 2532 2535
f 2537 2533 2535
f 2538 2526 2539
f 2540 2536 2538
f 2541 2540 2542
f 2542 2538 2539
f 2540 2538 2542
f 2542 2539 2543
f 2544 2542 2543
f 2536 2521 2525
f 2532 2521 2536
f 2536 2525 2538
f 2538 2525 2526
f 2539 2526 2528
f 2535 2536 2540
f 2545 2535 2540
f 2539 2528 2546
f 2543 2539 2546
f 2543 2546 2547
f 2548 2543 2547
f 2549 2547 2550
f 2546 2528 2530
f 2546 2530 2551
f 2551 2530 2552
f 2547 2546 2551
f 2547 2551 2550
f 2550 2551 2553
f 2554 2550 2555
f 2440 2441 2534
f 2534 2533 2537
f 2490 2534 2556
f 2556 2534 2537
f 2537 2535 2545
f 2556 2537 2557
f 2557 2537 2545
f 2493 2556 2558
f 2559 2557 2560
f 2558 2557 2559
f 2558 2556 2557
f 2545 2540 2541
f 2560 2545 2541
f 2560 2541 2561
f 2541 2542 2544
f 2561 2541 2544
f 2561 2544 2562
f 2563 2560 2561
f 2564 2561 2562
f 2563 2561 2564
f 2557 2545 2560
f 2559 2560 2563
f 2497 2558 2565
f 2565 2559 2566
f 2565 2558 2559
f 2567 2565 2566
f 2568 2565 2567
f 2569 2567 2570
f 2566 2563 2571
f 2571 2563 2564
f 2571 2564 2572
f 2573 2571 2572
f 2573 2572 2574
f 2575 2571 2573
f 2576 2573 2574
f 2577 2573 2576
f 2566 2559 2563
f 2575 2566 2571
f 2567 2566 2575
f 2570 2575 2577
f 2570 2567 2575
f 2577 2575 2573
f 2578 2579 2580
f 2581 2578 2580
f 2582 2581 2583
f 2581 2580 2583
f 2584 2581 2582
f 2580 2585 2586
f 2583 2580 2586
f 2587 2586 2588
f 2583 2586 2587
f 2589 2583 2587
f 2582 2583 2589
f 2589 2587 2590
f 2590 2587 2591
f 2562 2544 2548
f 2592 2548 2549
f 2562 2548 2592
f 2544 2543 2548
f 2548 2547 2549
f 2592 2549 2593
f 2593 2549 2554
f 2594 2562 2592
f 2564 2562 2594
f 2594 2592 2579
f 2579 2592 2593
f 2579 2593 2585
f 2549 2550 2554
f 2554 2555 2595
f 2593 2554 2596
f 2585 2593 2596
f 2585 2596 2597
f 2596 2554 2595
f 2596 2595 2598
f 2597 2596 2598
f 2597 2598 2599
f 2572 2594 2578
f 2572 2564 2594
f 2578 2594 2579
f 2574 2572 2578
f 2580 2579 2585
f 2574 2578 2581
f 2584 2574 2581
f 2576 2574 2584
f 2586 2585 2597
f 2586 2597 2588
f 2591 2588 2600
f 2587 2588 2591
f 2588 2597 2599
f 2588 2599 2600
f 2591 2600 2601
f 2602 2601 2603
f 2604 2605 2606
f 2607 2605 2604
f 2401 2398 2607
f 2517 2604 2608
f 2403 2607 2604
f 2395 2394 2609
f 2395 2609 2398
f 2398 2610 2607
f 2393 2392 2394
f 2392 2391 2420
f 2394 2392 2420
f 2609 2394 2420
f 2607 2610 2605
f 2398 2609 2610
f 2611 2606 2420
f 2610 2609 2420
f 2605 2610 2420
f 2606 2605 2420
f 2608 2606 2611
f 2514 2611 2612
f 2604 2606 2608
f 2608 2611 2514
f 2514 2612 2515
f 2515 2613 2522
f 2515 2612 2613
f 2522 2613 2614
f 2518 2608 2514
f 2612 2611 2420
f 2613 2612 2420
f 2614 2613 2420
f 2615 2614 2420
f 2616 2615 2420
f 2617 2616 2618
f 2401 2607 2403
f 2403 2604 2517
f 2340 2403 2517
f 2402 2403 2340
f 2517 2608 2518
f 2419 2405 2420
f 2391 2419 2420
f 2421 2424 2420
f 2424 2425 2420
f 2425 2619 2420
f 2619 2620 2420
f 2621 2622 2420
f 2622 2623 2420
f 2624 2625 2420
f 2620 2624 2420
f 2625 2621 2420
f 2626 2621 2625
f 2426 2619 2425
f 2452 2620 2619
f 2627 2624 2620
f 2627 2620 2452
f 2452 2619 2426
f 2628 2625 2624
f 2628 2624 2627
f 2626 2625 2628
f 2454 2627 2452
f 2629 2628 2627
f 2630 2626 2628
f 2631 2618 2420
f 2623 2631 2420
f 2618 2616 2420
f 2632 2622 2621
f 2633 2623 2622
f 2633 2622 2632
f 2634 2631 2623
f 2635 2618 2631
f 2635 2631 2634
f 2634 2623 2633
f 2636 2634 2633
f 2632 2621 2626
f 2637 2632 2626
f 2638 2633 2632
f 2630 2628 2629
f 2637 2626 2630
f 2638 2632 2637
f 2636 2633 2638
f 2639 2637 2630
f 2640 2638 2637
f 2640 2637 2639
f 2522 2614 2524
f 2524 2614 2615
f 2524 2615 2641
f 2527 2524 2641
f 2529 2641 2617
f 2641 2615 2616
f 2641 2616 2617
f 2617 2618 2635
f 2642 2617 2635
f 2642 2635 2643
f 2527 2641 2529
f 2530 2529 2642
f 2530 2642 2552
f 2529 2617 2642
f 2552 2642 2643
f 2552 2643 2644
f 2643 2635 2634
f 2643 2634 2636
f 2644 2643 2636
f 2644 2636 2645
f 2645 2636 2638
f 2645 2638 2640
f 2646 2640 2639
f 2647 2645 2640
f 2647 2640 2646
f 2648 2644 2645
f 2648 2645 2647
f 2649 2647 2650
f 2650 2647 2646
f 2650 2646 2651
f 2652 2650 2651
f 2629 2627 2454
f 2653 2629 2454
f 2653 2454 2455
f 2654 2630 2629
f 2654 2629 2653
f 2639 2630 2654
f 2655 2654 2653
f 2656 2653 2455
f 2656 2455 2465
f 2655 2653 2656
f 2657 2639 2654
f 2657 2654 2655
f 2658 2656 2465
f 2659 2656 2658
f 2660 2657 2655
f 2659 2655 2656
f 2660 2655 2659
f 2661 2659 2658
f 2658 2465 2470
f 2662 2658 2470
f 2646 2639 2657
f 2651 2657 2660
f 2651 2646 2657
f 2663 2651 2660
f 2664 2660 2659
f 2551 2552 2553
f 2553 2552 2644
f 2553 2644 2648
f 2555 2553 2648
f 2555 2648 2649
f 2550 2553 2555
f 2595 2555 2649
f 2649 2648 2647
f 2665 2649 2650
f 2490 2440 2534
f 2493 2490 2556
f 2652 2651 2663
f 2666 2663 2667
f 2495 2493 2497
f 2497 2493 2558
f 2568 2497 2565
f 2496 2497 2568
f 2503 2496 2568
f 2503 2568 2569
f 2569 2568 2567
f 2661 2658 2662
f 2664 2659 2661
f 2668 2661 2662
f 2669 2668 2670
f 2662 2470 2471
f 2506 2471 2472
f 2670 2662 2471
f 2670 2471 2506
f 2668 2662 2670
f 2671 2506 2672
f 2672 2506 2505
f 2672 2505 2507
f 2671 2670 2506
f 2669 2670 2671
f 2663 2660 2664
f 2673 2664 2661
f 2673 2661 2668
f 2667 2663 2664
f 2667 2664 2673
f 2674 2673 2668
f 2674 2668 2669
f 2675 2667 2673
f 2675 2673 2674
f 2676 2507 2677
f 2676 2672 2507
f 2678 2671 2672
f 2678 2672 2676
f 2679 2678 2676
f 2679 2676 2680
f 2681 2674 2682
f 2682 2674 2669
f 2682 2669 2683
f 2684 2682 2683
f 2684 2683 2685
f 2686 2685 2687
f 2683 2669 2671
f 2683 2671 2678
f 2685 2683 2678
f 2685 2678 2679
f 2687 2679 2688
f 2688 2679 2680
f 2688 2680 2689
f 2687 2685 2679
f 2595 2649 2665
f 2598 2665 2690
f 2598 2595 2665
f 2599 2598 2690
f 2599 2690 2691
f 2665 2650 2652
f 2690 2665 2652
f 2690 2652 2666
f 2666 2652 2663
f 2692 2666 2667
f 2692 2667 2675
f 2691 2690 2666
f 2691 2666 2692
f 2693 2692 2675
f 2693 2675 2681
f 2694 2691 2692
f 2694 2692 2693
f 2695 2693 2681
f 2695 2681 2696
f 2697 2695 2696
f 2697 2696 2698
f 2600 2599 2691
f 2600 2691 2694
f 2601 2600 2694
f 2603 2694 2693
f 2601 2694 2603
f 2699 2603 2695
f 2699 2695 2697
f 2602 2603 2699
f 2603 2693 2695
f 2681 2675 2674
f 2696 2681 2682
f 2696 2682 2684
f 2698 2696 2684
f 2698 2684 2686
f 2686 2684 2685
f 2700 2502 2503
f 2701 2510 2501
f 2702 2512 2510
f 2702 2510 2701
f 2703 2501 2502
f 2703 2502 2700
f 2704 2703 2700
f 2704 2700 2705
f 2701 2501 2703
f 2706 2701 2703
f 2706 2703 2704
f 2707 2706 2704
f 2708 2704 2705
f 2707 2704 2708
f 2709 2577 2576
f 2709 2576 2710
f 2711 2709 2710
f 2712 2577 2709
f 2712 2570 2577
f 2713 2712 2709
f 2713 2709 2711
f 2714 2713 2711
f 2714 2711 2715
f 2716 2714 2715
f 2717 2584 2582
f 2717 2582 2718
f 2719 2717 2718
f 2720 2721 2722
f 2723 2720 2724
f 2718 2582 2589
f 2718 2589 2721
f 2725 2718 2721
f 2721 2589 2590
f 2721 2590 2722
f 2726 2725 2723
f 2719 2718 2725
f 2726 2719 2725
f 2725 2721 2720
f 2723 2725 2720
f 2727 2724 2728
f 2729 2727 2728
f 2730 2726 2723
f 2727 2723 2724
f 2730 2723 2727
f 2731 2730 2727
f 2731 2727 2729
f 2732 2731 2729
f 2710 2576 2584
f 2710 2584 2717
f 2733 2710 2717
f 2711 2710 2733
f 2715 2733 2734
f 2733 2717 2719
f 2734 2733 2719
f 2734 2719 2726
f 2715 2711 2733
f 2735 2734 2726
f 2736 2734 2735
f 2737 2735 2738
f 2736 2715 2734
f 2716 2715 2736
f 2739 2736 2737
f 2737 2736 2735
f 2740 2737 2738
f 2735 2726 2730
f 2738 2735 2730
f 2738 2730 2731
f 2741 2738 2731
f 2732 2729 2742
f 2741 2731 2732
f 2743 2732 2742
f 2743 2742 2744
f 2745 2741 2732
f 2745 2732 2743
f 2746 2743 2744
f 2740 2738 2741
f 2747 2740 2741
f 2747 2741 2745
f 2748 2745 2743
f 2748 2743 2746
f 2749 2745 2748
f 2750 2503 2569
f 2751 2569 2570
f 2751 2570 2712
f 2752 2751 2712
f 2750 2569 2751
f 2753 2751 2752
f 2700 2503 2750
f 2705 2700 2750
f 2753 2750 2751
f 2705 2750 2753
f 2754 2753 2752
f 2755 2753 2754
f 2752 2712 2713
f 2756 2713 2714
f 2756 2752 2713
f 2754 2752 2756
f 2757 2756 2714
f 2757 2714 2716
f 2758 2757 2716
f 2759 2756 2757
f 2759 2754 2756
f 2760 2759 2757
f 2760 2757 2758
f 2755 2705 2753
f 2708 2705 2755
f 2761 2688 2689
f 2762 2687 2688
f 2762 2688 2761
f 2763 2761 2764
f 2765 2755 2754
f 2765 2754 2759
f 2766 2708 2755
f 2766 2755 2765
f 2767 2766 2765
f 2767 2765 2768
f 2768 2765 2759
f 2768 2759 2760
f 2769 2760 2758
f 2770 2768 2760
f 2771 2772 2773
f 2772 2699 2697
f 2772 2697 2773
f 2771 2773 2774
f 2773 2697 2698
f 2774 2773 2775
f 2773 2698 2775
f 2774 2775 2776
f 2777 2776 2778
f 2779 2774 2776
f 2779 2776 2777
f 2739 2716 2736
f 2758 2716 2739
f 2780 2739 2737
f 2781 2758 2739
f 2782 2779 2777
f 2782 2777 2783
f 2783 2777 2784
f 2785 2786 2787
f 2785 2783 2786
f 2788 2687 2762
f 2788 2686 2687
f 2775 2698 2686
f 2775 2686 2788
f 2778 2788 2762
f 2778 2762 2763
f 2776 2788 2778
f 2784 2763 2789
f 2784 2778 2763
f 2763 2762 2761
f 2789 2763 2764
f 2789 2764 2790
f 2776 2775 2788
f 2777 2778 2784
f 2791 2789 2790
f 2791 2790 2792
f 2793 2791 2792
f 2793 2792 2794
f 2795 2794 2796
f 2783 2784 2786
f 2786 2784 2789
f 2786 2789 2791
f 2787 2786 2791
f 2787 2791 2793
f 2797 2787 2793
f 2798 2793 2794
f 2770 2760 2769
f 2799 2768 2770
f 2781 2739 2780
f 2780 2737 2740
f 2800 2780 2740
f 2769 2758 2781
f 2801 2781 2780
f 2801 2780 2800
f 2800 2740 2747
f 2802 2800 2747
f 2749 2747 2745
f 2803 2746 2804
f 2802 2747 2749
f 2803 2748 2746
f 2805 2787 2797
f 2806 2797 2798
f 2807 2800 2802
f 2807 2801 2800
f 2803 2749 2748
f 2803 2802 2749
f 2808 2769 2781
f 2809 2769 2808
f 2808 2781 2801
f 2810 2808 2801
f 2809 2770 2769
f 2811 2770 2809
f 2812 2809 2808
f 2813 2811 2809
f 2813 2809 2812
f 2797 2793 2798
f 2806 2798 2814
f 2814 2798 2795
f 2814 2795 2815
f 2810 2801 2807
f 2803 2807 2802
f 2812 2808 2810
f 2803 2810 2807
f 2816 2814 2815
f 2803 2817 2816
f 2816 2815 2818
f 2803 2816 2818
f 2803 2818 2819
f 2798 2794 2795
f 2815 2795 2820
f 2815 2820 2821
f 2803 2812 2810
f 2819 2821 2822
f 2803 2813 2812
f 2818 2815 2821
f 2803 2819 2823
f 2818 2821 2819
f 2819 2822 2823
f 2803 2823 2824
f 2358 2348 2357
f 2371 2349 2358
f 2825 2355 2361
f 2825 2357 2355
f 2826 2358 2357
f 2826 2357 2825
f 2827 2825 2361
f 2828 2826 2825
f 2829 2358 2826
f 2829 2371 2358
f 2830 2361 2359
f 2831 2829 2826
f 2832 2372 2371
f 2832 2371 2829
f 2833 2372 2832
f 2834 2832 2829
f 2833 2373 2372
f 2461 2375 2373
f 2461 2373 2833
f 2835 2833 2832
f 2836 2461 2833
f 2837 2460 2461
f 2828 2825 2827
f 2827 2361 2830
f 2838 2830 2839
f 2830 2359 2362
f 2839 2830 2362
f 2839 2362 2473
f 2831 2826 2828
f 2840 2473 2476
f 2841 2839 2473
f 2841 2473 2840
f 2838 2827 2830
f 2842 2827 2838
f 2842 2828 2827
f 2843 2831 2828
f 2843 2828 2842
f 2844 2831 2843
f 2845 2838 2839
f 2845 2839 2841
f 2846 2842 2838
f 2846 2838 2845
f 2847 2843 2842
f 2847 2842 2846
f 2834 2829 2831
f 2835 2832 2834
f 2844 2834 2831
f 2848 2834 2844
f 2836 2833 2835
f 2848 2835 2834
f 2849 2836 2835
f 2849 2835 2848
f 2840 2476 2477
f 2850 2844 2843
f 2850 2843 2847
f 2851 2844 2850
f 2851 2848 2844
f 2852 2848 2851
f 2853 2840 2477
f 2854 2841 2855
f 2855 2841 2840
f 2855 2840 2853
f 2856 2853 2482
f 2857 2847 2846
f 2858 2855 2853
f 2858 2853 2856
f 2482 2477 2478
f 2859 2482 2480
f 2853 2477 2482
f 2860 2859 2483
f 2859 2480 2483
f 2861 2483 2511
f 2860 2483 2861
f 2862 2850 2847
f 2862 2847 2857
f 2863 2851 2850
f 2864 2851 2863
f 2863 2850 2862
f 2865 2863 2862
f 2856 2482 2859
f 2866 2856 2859
f 2866 2859 2860
f 2854 2845 2841
f 2867 2845 2854
f 2867 2846 2845
f 2868 2854 2855
f 2869 2867 2854
f 2857 2846 2867
f 2870 2857 2867
f 2869 2854 2868
f 2868 2855 2858
f 2871 2858 2856
f 2871 2856 2866
f 2870 2867 2869
f 2872 2868 2858
f 2873 2869 2868
f 2872 2858 2871
f 2873 2868 2872
f 2874 2870 2869
f 2874 2869 2873
f 2875 2862 2857
f 2875 2857 2870
f 2876 2875 2870
f 2865 2862 2875
f 2877 2865 2875
f 2877 2875 2876
f 2876 2870 2874
f 2837 2461 2836
f 2878 2837 2836
f 2878 2836 2849
f 2464 2460 2837
f 2879 2837 2878
f 2879 2464 2837
f 2852 2849 2848
f 2880 2878 2849
f 2880 2849 2852
f 2881 2879 2878
f 2881 2878 2880
f 2504 2464 2879
f 2882 2504 2879
f 2882 2879 2881
f 2507 2504 2882
f 2883 2880 2852
f 2884 2881 2880
f 2884 2880 2883
f 2861 2511 2512
f 2864 2852 2851
f 2883 2852 2864
f 2885 2864 2863
f 2886 2883 2864
f 2885 2863 2865
f 2887 2883 2886
f 2886 2864 2885
f 2888 2886 2885
f 2889 2882 2881
f 2889 2881 2884
f 2677 2882 2889
f 2677 2507 2882
f 2890 2677 2889
f 2891 2889 2884
f 2891 2884 2887
f 2890 2889 2891
f 2887 2884 2883
f 2892 2887 2886
f 2892 2886 2888
f 2893 2891 2887
f 2893 2887 2892
f 2894 2885 2865
f 2894 2865 2877
f 2888 2885 2894
f 2680 2676 2677
f 2680 2677 2890
f 2895 2890 2891
f 2895 2891 2893
f 2689 2680 2890
f 2689 2890 2895
f 2896 2860 2861
f 2896 2861 2897
f 2898 2871 2899
f 2899 2871 2866
f 2899 2866 2900
f 2901 2874 2873
f 2902 2899 2900
f 2900 2866 2860
f 2900 2860 2896
f 2903 2900 2896
f 2904 2896 2897
f 2903 2896 2904
f 2905 2876 2874
f 2905 2874 2901
f 2906 2877 2876
f 2906 2876 2905
f 2902 2900 2903
f 2907 2903 2904
f 2897 2861 2512
f 2897 2512 2702
f 2908 2702 2701
f 2908 2701 2706
f 2909 2897 2702
f 2904 2897 2909
f 2909 2702 2908
f 2910 2909 2908
f 2910 2908 2911
f 2911 2908 2706
f 2911 2706 2707
f 2912 2892 2888
f 2913 2893 2892
f 2913 2892 2912
f 2914 2707 2708
f 2915 2911 2707
f 2915 2707 2914
f 2916 2915 2914
f 2917 2894 2877
f 2917 2877 2906
f 2918 2888 2894
f 2918 2894 2917
f 2919 2909 2910
f 2919 2904 2909
f 2920 2906 2905
f 2921 2917 2906
f 2907 2904 2919
f 2920 2905 2922
f 2921 2906 2920
f 2923 2920 2924
f 2912 2888 2918
f 2925 2918 2917
f 2926 2912 2918
f 2925 2917 2921
f 2926 2918 2925
f 2927 2926 2925
f 2927 2925 2928
f 2928 2925 2921
f 2928 2921 2923
f 2923 2921 2920
f 2929 2919 2910
f 2929 2910 2930
f 2931 2919 2929
f 2930 2910 2911
f 2930 2911 2915
f 2932 2930 2915
f 2932 2915 2916
f 2933 2923 2924
f 2934 2928 2923
f 2934 2923 2933
f 2935 2929 2930
f 2935 2930 2932
f 2898 2872 2871
f 2936 2873 2872
f 2936 2872 2898
f 2937 2898 2899
f 2901 2873 2936
f 2938 2936 2898
f 2937 2899 2902
f 2938 2898 2937
f 2939 2937 2902
f 2940 2901 2936
f 2922 2905 2901
f 2941 2902 2903
f 2940 2936 2938
f 2922 2901 2940
f 2941 2903 2907
f 2939 2902 2941
f 2942 2938 2937
f 2942 2937 2939
f 2943 2940 2938
f 2943 2938 2942
f 2944 2941 2907
f 2945 2939 2941
f 2946 2942 2939
f 2945 2941 2944
f 2946 2939 2945
f 2947 2945 2944
f 2948 2922 2940
f 2948 2940 2943
f 2924 2920 2922
f 2924 2922 2948
f 2931 2907 2919
f 2944 2907 2931
f 2949 2924 2948
f 2949 2948 2950
f 2951 2931 2929
f 2952 2943 2942
f 2950 2948 2943
f 2950 2943 2952
f 2953 2944 2931
f 2953 2931 2951
f 2933 2924 2949
f 2951 2929 2935
f 2954 2933 2949
f 2955 2935 2932
f 2954 2949 2956
f 2956 2949 2950
f 2957 2951 2935
f 2958 2950 2952
f 2956 2950 2958
f 2959 2958 2960
f 2952 2942 2946
f 2961 2946 2945
f 2947 2944 2953
f 2960 2952 2946
f 2960 2946 2961
f 2961 2945 2947
f 2962 2947 2953
f 2963 2961 2947
f 2958 2952 2960
f 2964 2953 2951
f 2965 2960 2961
f 2957 2935 2955
f 2964 2951 2957
f 2962 2953 2964
f 2959 2960 2965
f 2965 2961 2963
f 2963 2947 2962
f 2966 2895 2893
f 2967 2689 2895
f 2967 2895 2966
f 2966 2893 2913
f 2968 2913 2912
f 2969 2966 2913
f 2968 2912 2926
f 2970 2968 2926
f 2969 2913 2968
f 2971 2969 2968
f 2971 2968 2970
f 2761 2689 2967
f 2972 2967 2966
f 2764 2761 2967
f 2972 2966 2969
f 2973 2972 2969
f 2973 2969 2971
f 2764 2967 2972
f 2790 2764 2972
f 2790 2972 2973
f 2914 2708 2766
f 2974 2914 2766
f 2974 2766 2767
f 2916 2914 2974
f 2975 2974 2767
f 2976 2973 2971
f 2799 2767 2768
f 2977 2971 2970
f 2977 2970 2978
f 2976 2971 2977
f 2979 2977 2978
f 2979 2978 2980
f 2970 2926 2927
f 2981 2927 2928
f 2978 2970 2927
f 2978 2927 2981
f 2982 2916 2974
f 2981 2928 2934
f 2983 2932 2916
f 2984 2934 2933
f 2985 2981 2934
f 2985 2934 2984
f 2986 2984 2954
f 2980 2978 2981
f 2980 2981 2985
f 2987 2980 2985
f 2988 2985 2984
f 2792 2790 2973
f 2792 2973 2976
f 2796 2976 2977
f 2794 2792 2976
f 2794 2976 2796
f 2820 2796 2979
f 2796 2977 2979
f 2989 2979 2980
f 2982 2974 2975
f 2975 2767 2799
f 2811 2799 2770
f 2990 2799 2811
f 2990 2975 2799
f 2991 2975 2990
f 2983 2916 2982
f 2955 2932 2983
f 2992 2955 2983
f 2991 2982 2975
f 2993 2983 2982
f 2993 2982 2991
f 2987 2985 2988
f 2988 2984 2986
f 2992 2983 2993
f 2986 2954 2994
f 2995 2986 2994
f 2995 2994 2996
f 2997 2992 2993
f 2795 2796 2820
f 2821 2820 2989
f 2820 2979 2989
f 2998 2990 2811
f 2998 2811 2813
f 2989 2980 2987
f 2999 2987 2988
f 2999 2988 3000
f 2822 2989 2987
f 2822 2987 2999
f 3001 2991 2990
f 3002 2991 3001
f 3001 2990 2998
f 2803 3002 3001
f 3003 3000 2995
f 2803 2997 3002
f 3003 2995 3004
f 2803 3005 3006
f 2821 2989 2822
f 2803 2998 2813
f 2823 2999 2824
f 2803 2824 3003
f 2823 2822 2999
f 2803 3001 2998
f 2803 3003 3004
f 2824 2999 3000
f 2824 3000 3003
f 2803 3004 3007
f 2803 3007 3005
f 3000 2988 2986
f 3000 2986 2995
f 3002 2993 2991
f 2997 2993 3002
f 2803 3008 2997
f 3004 2996 3007
f 2803 3006 3009
f 3004 2995 2996
f 2803 3010 3008
f 2803 3009 3011
f 3007 2996 3012
f 3005 3012 3013
f 3008 2992 2997
f 3005 3013 3006
f 3007 3012 3005
f 2803 3014 3010
f 2803 3011 3014
f 2984 2933 2954
f 2994 2954 2956
f 3015 2956 2958
f 3016 2955 2992
f 2994 2956 3015
f 3016 2957 2955
f 3015 2958 2959
f 3017 2964 2957
f 3013 2959 2965
f 3017 2957 3016
f 2996 2994 3015
f 3012 3015 2959
f 3012 2959 3013
f 2996 3015 3012
f 3010 3017 3016
f 3008 3016 2992
f 3006 3013 3018
f 3010 3016 3008
f 3009 3019 3011
f 3013 2965 3018
f 3014 3020 3017
f 3011 3019 3020
f 3009 3018 3019
f 3014 3017 3010
f 3011 3020 3014
f 3018 2965 2963
f 3020 2962 2964
f 3019 2963 2962
f 3019 2962 3020
f 3020 2964 3017
f 3018 2963 3019
f 3006 3018 3009
f 2590 2591 3021
f 3021 2591 2601
f 3021 2601 2602
f 2720 2722 3022
f 2724 2720 3022
f 2724 3022 3023
f 3023 3022 3024
f 3023 3024 3025
f 2722 2590 3021
f 2722 3021 3026
f 3022 2722 3026
f 3024 3026 3027
f 3022 3026 3024
f 3025 3024 3028
f 2728 3023 3029
f 2728 2724 3023
f 3029 3023 3025
f 3029 3025 3030
f 3031 2728 3029
f 3032 3031 3033
f 2729 2728 3031
f 3031 3029 3033
f 3033 3029 3030
f 3034 3033 3035
f 3030 3025 3036
f 3030 3036 3037
f 2742 2729 3031
f 3033 3030 3035
f 3038 3035 3039
f 3035 3030 3037
f 3035 3037 3039
f 3026 3021 2602
f 3026 2602 3027
f 3024 3027 3028
f 3025 3028 3036
f 3028 3027 2772
f 3027 2602 2699
f 3027 2699 2772
f 3036 2771 3040
f 3028 2772 2771
f 3036 3028 2771
f 3037 3036 3040
f 3039 3037 3041
f 3042 3039 3043
f 3039 3041 3043
f 3041 3040 2779
f 3037 3040 3041
f 3043 2782 3044
f 3045 3043 3044
f 3043 3041 2782
f 2742 3031 3032
f 3046 3032 3034
f 3032 3033 3034
f 3046 3034 3047
f 3047 3034 3038
f 3047 3038 3048
f 2744 2742 3032
f 2744 3032 3046
f 3048 3042 3049
f 3050 3046 3047
f 2804 2744 3046
f 2804 3046 3050
f 3051 3047 3048
f 3052 3048 3049
f 3050 3047 3051
f 3051 3048 3052
f 3052 3049 3053
f 3034 3035 3038
f 3038 3039 3042
f 3048 3038 3042
f 3049 3042 3045
f 3042 3043 3045
f 3049 3045 3054
f 2746 2744 2804
f 3053 3049 3054
f 3053 3054 3055
f 3054 3045 3056
f 3045 3044 3056
f 3054 3056 3057
f 2803 3051 3052
f 2803 3050 3051
f 2803 2804 3050
f 2803 3052 3053
f 3055 3054 3057
f 3055 3057 3058
f 3040 2771 2774
f 3040 2774 2779
f 3041 2779 2782
f 3056 3044 2785
f 3044 2782 2783
f 3044 2783 2785
f 2805 2785 2787
f 3057 3056 2805
f 3057 2805 3059
f 3056 2785 2805
f 2803 3053 3055
f 3058 3059 3060
f 3060 3059 2806
f 2803 3055 3058
f 3058 3057 3059
f 3059 2805 2797
f 3059 2797 2806
f 2803 3058 3060
f 3060 2806 2817
f 2817 2806 2814
f 2803 3060 2817
f 2817 2814 2816
f 3061 3062 3063
f 3063 3064 3065
f 3065 3066 3067
f 3067 3068 3069
f 3070 3063 3065
f 3070 3061 3063
f 3070 3065 3067
f 3070 3067 3069
f 3070 3069 3071
f 3070 3071 3072
f 3070 3072 3073
f 3069 3074 3071
f 3071 3075 3072
f 3072 3076 3073
f 3062 3064 3063
f 3064 3066 3065
f 3066 3068 3067
f 3074 3075 3071
f 3068 3074 3069
f 3075 3076 3072
f 3076 3077 3073
f 3066 3078 3068
f 3062 3079 3064
f 3064 3080 3066
f 3068 3081 3074
f 3074 3082 3075
f 3075 3083 3076
f 3076 3084 3077
f 3078 3081 3068
f 3080 3078 3066
f 3079 3080 3064
f 3081 3082 3074
f 3085 3078 3080
f 3085 3080 3079
f 3082 3083 3075
f 3083 3084 3076
f 3084 3086 3077
f 3085 3081 3078
f 3085 3082 3081
f 3085 3083 3082
f 3085 3084 3083
f 3085 3086 3084
f 3070 3073 3087
f 3070 3087 3088
f 3070 3088 3089
f 3070 3089 3090
f 3070 3090 3091
f 3070 3091 3092
f 3070 3092 3093
f 3073 3077 3087
f 3087 3094 3088
f 3088 3095 3089
f 3089 3096 3090
f 3090 3097 3091
f 3091 3098 3092
f 3092 3099 3093
f 3077 3094 3087
f 3094 3095 3088
f 3095 3096 3089
f 3096 3097 3090
f 3097 3098 3091
f 3098 3099 3092
f 3099 3100 3093
f 3077 3086 3094
f 3094 3101 3095
f 3095 3102 3096
f 3096 3103 3097
f 3097 3104 3098
f 3086 3101 3094
f 3101 3102 3095
f 3085 3101 3086
f 3085 3102 3101
f 3085 3103 3102
f 3085 3104 3103
f 3085 3105 3104
f 3102 3103 3096
f 3103 3104 3097
f 3104 3105 3098
f 3105 3106 3099
f 3106 3107 3100
f 3085 3106 3105
f 3085 3107 3106
f 3098 3105 3099
f 3099 3106 3100
f 3108 3109 3061
f 3110 3111 3108
f 3112 3113 3110
f 3070 3108 3061
f 3070 3110 3108
f 3070 3112 3110
f 3070 3114 3112
f 3070 3115 3114
f 3070 3116 3115
f 3070 3117 3116
f 3114 3118 3112
f 3115 3119 3114
f 3116 3120 3115
f 3117 3121 3116
f 3109 3062 3061
f 3111 3109 3108
f 3113 3111 3110
f 3118 3113 3112
f 3119 3118 3114
f 3120 3119 3115
f 3121 3120 3116
f 3109 3122 3062
f 3111 3123 3109
f 3113 3124 3111
f 3118 3125 3113
f 3119 3126 3118
f 3120 3127 3119
f 3121 3128 3120
f 3122 3079 3062
f 3123 3122 3109
f 3124 3123 3111
f 3125 3124 3113
f 3126 3125 3118
f 3085 3079 3122
f 3085 3122 3123
f 3127 3126 3119
f 3128 3127 3120
f 3085 3123 3124
f 3085 3124 3125
f 3085 3125 3126
f 3085 3126 3127
f 3085 3127 3128
f 3070 3129 3117
f 3070 3130 3129
f 3070 3131 3130
f 3070 3132 3131
f 3070 3133 3132
f 3070 3093 3134
f 3070 3134 3133
f 3129 3135 3117
f 3130 3136 3129
f 3131 3137 3130
f 3132 3138 3131
f 3133 3139 3132
f 3134 3140 3133
f 3093 3100 3134
f 3135 3121 3117
f 3136 3135 3129
f 3138 3137 3131
f 3137 3136 3130
f 3139 3138 3132
f 3140 3139 3133
f 3100 3140 3134
f 3135 3141 3121
f 3136 3142 3135
f 3137 3143 3136
f 3138 3144 3137
f 3141 3128 3121
f 3142 3141 3135
f 3143 3142 3136
f 3085 3128 3141
f 3085 3141 3142
f 3085 3142 3143
f 3085 3143 3144
f 3085 3144 3145
f 3144 3143 3137
f 3107 3146 3140
f 3146 3145 3139
f 3145 3144 3138
f 3085 3146 3107
f 3085 3145 3146
f 3140 3146 3139
f 3100 3107 3140
f 3139 3145 3138
f 3147 3148 3149
f 3150 3149 3151
f 3149 3152 3151
f 3153 3154 3147
f 3155 3149 3150
f 3155 3147 3149
f 3156 3147 3155
f 3156 3153 3147
f 3157 3158 3153
f 3159 3150 3160
f 3161 3155 3159
f 3160 3150 3162
f 3159 3155 3150
f 3160 3162 3163
f 3161 3156 3155
f 3164 3156 3161
f 3164 3165 3156
f 3150 3151 3162
f 3165 3153 3156
f 3165 3157 3153
f 3163 3162 3166
f 3163 3166 3167
f 3168 3165 3164
f 3162 3151 3169
f 3162 3169 3166
f 3151 3170 3169
f 3167 3166 3171
f 3167 3171 3172
f 3173 3159 3160
f 3173 3160 3163
f 3173 3161 3159
f 3173 3164 3161
f 3166 3169 3174
f 3166 3174 3171
f 3169 3175 3174
f 3154 3176 3148
f 3149 3148 3152
f 3148 3176 3177
f 3148 3177 3152
f 3147 3154 3148
f 3154 3178 3176
f 3158 3178 3154
f 3153 3158 3154
f 3158 3179 3178
f 3180 3179 3158
f 3178 3181 3176
f 3178 3182 3181
f 3179 3182 3178
f 3179 3183 3182
f 3157 3180 3158
f 3176 3181 3184
f 3176 3184 3177
f 3182 3185 3181
f 3182 3186 3185
f 3183 3186 3182
f 3183 3187 3186
f 3187 3188 3186
f 3186 3189 3185
f 3181 3185 3190
f 3185 3189 3191
f 3186 3188 3189
f 3188 3192 3189
f 3188 3193 3192
f 3151 3152 3170
f 3152 3177 3194
f 3152 3194 3170
f 3177 3184 3195
f 3169 3170 3175
f 3170 3194 3196
f 3170 3196 3175
f 3177 3195 3194
f 3194 3195 3197
f 3181 3190 3184
f 3185 3191 3190
f 3189 3192 3198
f 3189 3198 3191
f 3184 3190 3199
f 3184 3199 3195
f 3190 3200 3199
f 3190 3191 3200
f 3191 3198 3201
f 3191 3201 3200
f 3172 3171 3202
f 3173 3163 3167
f 3172 3202 3203
f 3173 3167 3172
f 3203 3202 3204
f 3171 3174 3205
f 3171 3205 3202
f 3174 3206 3205
f 3203 3204 3207
f 3173 3172 3203
f 3173 3203 3207
f 3207 3208 3209
f 3207 3204 3208
f 3202 3205 3210
f 3202 3210 3204
f 3174 3175 3206
f 3175 3196 3211
f 3175 3211 3206
f 3194 3197 3196
f 3205 3206 3212
f 3195 3199 3213
f 3195 3213 3197
f 3193 3214 3192
f 3192 3215 3198
f 3192 3214 3215
f 3216 3180 3157
f 3168 3217 3165
f 3217 3157 3165
f 3217 3216 3157
f 3218 3216 3217
f 3218 3219 3216
f 3219 3220 3216
f 3221 3217 3168
f 3221 3218 3217
f 3222 3218 3221
f 3223 3224 3219
f 3225 3219 3218
f 3225 3223 3219
f 3180 3226 3179
f 3226 3183 3179
f 3220 3226 3180
f 3216 3220 3180
f 3220 3227 3226
f 3227 3228 3226
f 3226 3228 3183
f 3227 3229 3228
f 3228 3187 3183
f 3187 3230 3188
f 3228 3231 3187
f 3231 3230 3187
f 3229 3231 3228
f 3229 3232 3231
f 3232 3233 3231
f 3230 3193 3188
f 3230 3234 3193
f 3231 3233 3230
f 3233 3234 3230
f 3233 3235 3234
f 3232 3236 3233
f 3236 3235 3233
f 3236 3237 3235
f 3224 3227 3220
f 3224 3238 3227
f 3219 3224 3220
f 3238 3229 3227
f 3239 3238 3224
f 3238 3240 3229
f 3241 3240 3238
f 3223 3239 3224
f 3239 3241 3238
f 3242 3241 3239
f 3241 3243 3240
f 3244 3243 3241
f 3240 3232 3229
f 3240 3245 3232
f 3245 3236 3232
f 3243 3245 3240
f 3246 3247 3245
f 3245 3247 3236
f 3247 3237 3236
f 3247 3248 3237
f 3243 3246 3245
f 3244 3249 3243
f 3246 3250 3247
f 3250 3248 3247
f 3250 3251 3248
f 3252 3250 3246
f 3249 3246 3243
f 3249 3252 3246
f 3253 3251 3250
f 3252 3253 3250
f 3253 3254 3251
f 3173 3168 3164
f 3222 3225 3218
f 3173 3221 3168
f 3255 3225 3222
f 3255 3256 3225
f 3256 3223 3225
f 3173 3222 3221
f 3173 3255 3222
f 3257 3256 3255
f 3257 3258 3256
f 3204 3210 3259
f 3205 3212 3210
f 3260 3239 3223
f 3256 3260 3223
f 3261 3242 3260
f 3258 3260 3256
f 3258 3261 3260
f 3262 3263 3261
f 3173 3207 3209
f 3209 3264 3265
f 3209 3208 3264
f 3173 3209 3265
f 3173 3265 3266
f 3173 3257 3255
f 3267 3258 3257
f 3173 3267 3257
f 3268 3269 3267
f 3204 3259 3208
f 3210 3270 3259
f 3208 3271 3264
f 3208 3259 3271
f 3265 3272 3266
f 3173 3266 3273
f 3265 3264 3272
f 3173 3273 3274
f 3266 3275 3273
f 3173 3268 3267
f 3173 3276 3268
f 3266 3272 3275
f 3259 3277 3271
f 3264 3278 3272
f 3264 3271 3278
f 3267 3269 3258
f 3269 3261 3258
f 3269 3262 3261
f 3279 3262 3269
f 3268 3279 3269
f 3276 3279 3268
f 3276 3280 3279
f 3279 3281 3262
f 3280 3281 3279
f 3281 3282 3262
f 3283 3284 3281
f 3196 3197 3285
f 3206 3211 3286
f 3206 3286 3212
f 3196 3285 3211
f 3211 3285 3287
f 3260 3242 3239
f 3242 3244 3241
f 3263 3244 3242
f 3261 3263 3242
f 3199 3288 3213
f 3199 3200 3288
f 3200 3201 3289
f 3200 3289 3288
f 3197 3213 3290
f 3197 3290 3285
f 3285 3290 3291
f 3213 3292 3290
f 3213 3288 3292
f 3288 3289 3293
f 3288 3293 3292
f 3210 3212 3270
f 3212 3286 3294
f 3212 3294 3270
f 3211 3287 3286
f 3286 3295 3294
f 3286 3287 3295
f 3259 3270 3277
f 3270 3294 3296
f 3271 3277 3297
f 3270 3296 3277
f 3294 3295 3298
f 3294 3298 3296
f 3285 3291 3287
f 3290 3292 3299
f 3290 3299 3291
f 3287 3291 3300
f 3287 3300 3295
f 3291 3301 3300
f 3292 3293 3302
f 3292 3302 3299
f 3291 3299 3301
f 3299 3302 3303
f 3299 3303 3301
f 3295 3300 3304
f 3295 3304 3298
f 3300 3301 3305
f 3263 3306 3244
f 3306 3249 3244
f 3306 3307 3249
f 3282 3306 3263
f 3282 3308 3306
f 3308 3307 3306
f 3308 3309 3307
f 3307 3252 3249
f 3310 3253 3252
f 3307 3310 3252
f 3309 3310 3307
f 3311 3312 3310
f 3310 3312 3253
f 3312 3254 3253
f 3312 3313 3254
f 3314 3313 3312
f 3314 3315 3313
f 3309 3311 3310
f 3316 3311 3309
f 3317 3314 3311
f 3311 3314 3312
f 3318 3315 3314
f 3317 3318 3314
f 3262 3282 3263
f 3284 3308 3282
f 3284 3319 3308
f 3281 3284 3282
f 3319 3309 3308
f 3319 3316 3309
f 3320 3319 3284
f 3320 3321 3319
f 3321 3316 3319
f 3321 3322 3316
f 3300 3305 3304
f 3301 3303 3323
f 3301 3323 3305
f 3305 3323 3324
f 3316 3317 3311
f 3322 3317 3316
f 3318 3325 3315
f 3326 3318 3317
f 3327 3325 3318
f 3326 3327 3318
f 3327 3328 3325
f 3322 3326 3317
f 3329 3326 3322
f 3330 3327 3326
f 3329 3330 3326
f 3331 3328 3327
f 3330 3331 3327
f 3331 3332 3328
f 3333 3332 3331
f 3333 3334 3332
f 3234 3335 3193
f 3193 3335 3214
f 3235 3336 3234
f 3234 3336 3335
f 3336 3337 3335
f 3335 3337 3338
f 3336 3339 3337
f 3339 3340 3337
f 3237 3341 3235
f 3235 3341 3336
f 3341 3339 3336
f 3341 3342 3339
f 3342 3343 3339
f 3335 3338 3214
f 3337 3344 3338
f 3214 3338 3345
f 3337 3340 3344
f 3214 3345 3215
f 3198 3215 3346
f 3338 3344 3347
f 3338 3347 3345
f 3248 3348 3237
f 3237 3348 3341
f 3348 3342 3341
f 3339 3343 3340
f 3348 3349 3342
f 3342 3350 3343
f 3349 3350 3342
f 3349 3351 3350
f 3340 3352 3353
f 3340 3353 3344
f 3352 3354 3353
f 3344 3353 3355
f 3344 3355 3347
f 3353 3354 3356
f 3353 3356 3355
f 3343 3352 3340
f 3343 3357 3352
f 3350 3357 3343
f 3351 3358 3350
f 3350 3358 3357
f 3357 3359 3352
f 3352 3359 3354
f 3358 3360 3357
f 3357 3360 3359
f 3358 3361 3360
f 3360 3362 3359
f 3361 3363 3360
f 3359 3364 3354
f 3354 3365 3356
f 3366 3349 3348
f 3251 3366 3248
f 3248 3366 3348
f 3367 3368 3366
f 3366 3368 3349
f 3368 3351 3349
f 3368 3369 3351
f 3370 3369 3368
f 3251 3367 3366
f 3254 3367 3251
f 3371 3370 3367
f 3254 3371 3367
f 3367 3370 3368
f 3370 3372 3369
f 3313 3371 3254
f 3373 3374 3371
f 3374 3372 3370
f 3371 3374 3370
f 3374 3375 3372
f 3376 3375 3374
f 3369 3377 3351
f 3351 3377 3358
f 3369 3378 3377
f 3377 3361 3358
f 3377 3379 3361
f 3379 3380 3361
f 3378 3379 3377
f 3378 3381 3379
f 3381 3382 3379
f 3372 3378 3369
f 3383 3381 3378
f 3375 3383 3372
f 3372 3383 3378
f 3375 3384 3383
f 3385 3384 3375
f 3383 3386 3381
f 3384 3386 3383
f 3386 3387 3381
f 3384 3388 3386
f 3389 3388 3384
f 3388 3390 3386
f 3391 3392 3388
f 3359 3362 3364
f 3360 3363 3362
f 3363 3393 3362
f 3363 3394 3393
f 3394 3395 3393
f 3362 3396 3364
f 3354 3364 3365
f 3364 3396 3397
f 3362 3393 3396
f 3393 3398 3396
f 3393 3395 3398
f 3396 3398 3399
f 3361 3380 3363
f 3380 3394 3363
f 3382 3400 3380
f 3380 3400 3394
f 3379 3382 3380
f 3382 3401 3400
f 3400 3402 3394
f 3381 3387 3382
f 3387 3401 3382
f 3394 3402 3395
f 3400 3403 3402
f 3401 3403 3400
f 3404 3405 3401
f 3401 3405 3403
f 3386 3390 3387
f 3387 3404 3401
f 3390 3404 3387
f 3390 3406 3404
f 3388 3392 3390
f 3392 3406 3390
f 3392 3407 3406
f 3408 3407 3392
f 3406 3409 3404
f 3404 3409 3405
f 3406 3410 3409
f 3407 3410 3406
f 3407 3411 3410
f 3402 3412 3395
f 3395 3413 3398
f 3395 3412 3413
f 3402 3414 3412
f 3403 3414 3402
f 3405 3415 3403
f 3403 3415 3414
f 3405 3416 3415
f 3414 3417 3412
f 3415 3418 3414
f 3414 3418 3417
f 3415 3419 3418
f 3409 3416 3405
f 3410 3420 3409
f 3409 3420 3416
f 3416 3419 3415
f 3420 3421 3416
f 3411 3422 3410
f 3410 3422 3420
f 3416 3421 3419
f 3198 3346 3201
f 3215 3423 3346
f 3201 3424 3289
f 3201 3346 3424
f 3215 3345 3423
f 3345 3347 3425
f 3345 3425 3423
f 3346 3423 3426
f 3346 3426 3424
f 3289 3427 3293
f 3289 3424 3427
f 3424 3428 3427
f 3423 3429 3426
f 3423 3425 3429
f 3424 3426 3428
f 3426 3429 3430
f 3426 3430 3428
f 3347 3355 3431
f 3347 3431 3425
f 3355 3356 3432
f 3355 3432 3431
f 3356 3433 3432
f 3425 3434 3429
f 3425 3431 3434
f 3429 3435 3430
f 3429 3434 3435
f 3431 3432 3436
f 3431 3436 3434
f 3432 3437 3436
f 3434 3436 3438
f 3293 3439 3302
f 3293 3427 3439
f 3427 3440 3439
f 3302 3439 3441
f 3427 3428 3440
f 3428 3430 3442
f 3313 3373 3371
f 3315 3373 3313
f 3443 3376 3373
f 3315 3443 3373
f 3373 3376 3374
f 3376 3385 3375
f 3444 3385 3376
f 3434 3438 3435
f 3436 3445 3438
f 3385 3389 3384
f 3389 3391 3388
f 3302 3441 3303
f 3439 3446 3441
f 3428 3442 3440
f 3439 3440 3446
f 3440 3442 3447
f 3440 3447 3446
f 3303 3441 3448
f 3303 3448 3323
f 3441 3449 3448
f 3323 3450 3324
f 3323 3448 3450
f 3441 3446 3449
f 3446 3447 3451
f 3446 3451 3449
f 3448 3452 3450
f 3449 3451 3453
f 3448 3449 3452
f 3449 3453 3452
f 3452 3453 3454
f 3452 3454 3455
f 3430 3456 3442
f 3430 3435 3456
f 3442 3457 3447
f 3442 3456 3457
f 3435 3438 3458
f 3435 3458 3456
f 3438 3459 3458
f 3456 3460 3457
f 3456 3458 3460
f 3447 3457 3461
f 3457 3460 3462
f 3458 3463 3460
f 3460 3464 3462
f 3447 3461 3451
f 3451 3461 3465
f 3451 3465 3453
f 3453 3466 3454
f 3453 3465 3466
f 3457 3462 3461
f 3461 3462 3467
f 3461 3467 3465
f 3465 3467 3468
f 3462 3469 3467
f 3364 3397 3365
f 3356 3365 3433
f 3365 3397 3470
f 3365 3470 3433
f 3396 3399 3397
f 3397 3471 3470
f 3397 3399 3471
f 3432 3433 3437
f 3433 3470 3472
f 3433 3472 3437
f 3436 3437 3445
f 3437 3472 3473
f 3437 3473 3445
f 3470 3474 3472
f 3470 3471 3474
f 3472 3475 3473
f 3472 3474 3475
f 3473 3475 3476
f 3398 3413 3477
f 3398 3477 3399
f 3412 3478 3413
f 3399 3479 3471
f 3399 3477 3479
f 3413 3480 3477
f 3477 3481 3479
f 3412 3417 3478
f 3413 3478 3480
f 3418 3482 3417
f 3417 3483 3478
f 3417 3482 3483
f 3477 3480 3481
f 3478 3484 3480
f 3478 3483 3484
f 3480 3485 3481
f 3471 3479 3486
f 3471 3486 3474
f 3479 3487 3486
f 3474 3488 3475
f 3474 3486 3488
f 3479 3481 3487
f 3422 3489 3420
f 3490 3491 3411
f 3411 3491 3422
f 3491 3492 3422
f 3493 3494 3491
f 3420 3489 3421
f 3419 3495 3418
f 3421 3496 3419
f 3418 3495 3482
f 3419 3496 3495
f 3489 3497 3421
f 3492 3498 3489
f 3421 3497 3496
f 3489 3498 3497
f 3480 3484 3485
f 3482 3495 3499
f 3495 3496 3499
f 3496 3497 3499
f 3483 3482 3499
f 3484 3483 3499
f 3422 3492 3489
f 3491 3494 3492
f 3493 3500 3494
f 3494 3501 3492
f 3492 3501 3498
f 3497 3498 3499
f 3494 3502 3501
f 3500 3503 3502
f 3498 3501 3499
f 3501 3502 3499
f 3502 3503 3499
f 3500 3502 3494
f 3504 3503 3500
f 3504 3505 3503
f 3503 3505 3499
f 3505 3506 3499
f 3507 3506 3505
f 3506 3508 3499
f 3475 3509 3476
f 3475 3488 3509
f 3476 3509 3510
f 3486 3511 3488
f 3488 3512 3509
f 3509 3513 3510
f 3510 3514 3515
f 3486 3487 3511
f 3481 3516 3487
f 3481 3485 3516
f 3487 3516 3517
f 3487 3517 3511
f 3485 3484 3499
f 3516 3485 3499
f 3517 3516 3499
f 3511 3518 3512
f 3511 3517 3518
f 3512 3518 3519
f 3488 3511 3512
f 3509 3512 3513
f 3512 3519 3513
f 3518 3517 3499
f 3519 3518 3499
f 3513 3519 3520
f 3520 3519 3499
f 3521 3520 3499
f 3522 3521 3499
f 3508 3523 3499
f 3523 3524 3499
f 3525 3522 3499
f 3526 3525 3499
f 3527 3526 3499
f 3528 3527 3499
f 3510 3513 3514
f 3515 3514 3529
f 3530 3529 3531
f 3513 3520 3514
f 3514 3521 3529
f 3514 3520 3521
f 3529 3522 3531
f 3529 3521 3522
f 3531 3522 3525
f 3532 3525 3526
f 3531 3525 3532
f 3438 3445 3459
f 3445 3473 3533
f 3445 3533 3459
f 3458 3459 3463
f 3473 3476 3533
f 3459 3533 3534
f 3460 3463 3464
f 3459 3534 3463
f 3463 3534 3535
f 3463 3535 3464
f 3464 3535 3536
f 3533 3537 3534
f 3533 3476 3537
f 3534 3537 3538
f 3534 3538 3535
f 3535 3539 3536
f 3535 3538 3539
f 3462 3464 3469
f 3464 3536 3469
f 3476 3510 3537
f 3537 3510 3515
f 3537 3515 3538
f 3538 3530 3539
f 3538 3515 3530
f 3515 3529 3530
f 3540 3411 3407
f 3443 3444 3376
f 3444 3541 3385
f 3542 3541 3444
f 3325 3443 3315
f 3543 3444 3443
f 3325 3543 3443
f 3328 3543 3325
f 3544 3542 3543
f 3543 3542 3444
f 3542 3545 3541
f 3544 3546 3542
f 3546 3545 3542
f 3546 3547 3545
f 3541 3389 3385
f 3541 3548 3389
f 3545 3548 3541
f 3545 3549 3548
f 3548 3391 3389
f 3548 3550 3391
f 3550 3408 3391
f 3549 3550 3548
f 3549 3551 3550
f 3551 3552 3550
f 3547 3549 3545
f 3553 3551 3549
f 3547 3553 3549
f 3554 3553 3547
f 3553 3555 3551
f 3555 3556 3551
f 3557 3555 3553
f 3558 3559 3555
f 3557 3558 3555
f 3328 3544 3543
f 3332 3544 3328
f 3560 3546 3544
f 3332 3560 3544
f 3560 3561 3546
f 3561 3547 3546
f 3561 3554 3547
f 3562 3554 3561
f 3562 3563 3554
f 3334 3560 3332
f 3564 3561 3560
f 3334 3564 3560
f 3565 3562 3564
f 3564 3562 3561
f 3454 3466 3566
f 3467 3567 3468
f 3465 3468 3466
f 3466 3468 3568
f 3466 3568 3566
f 3566 3568 3569
f 3468 3570 3568
f 3568 3571 3569
f 3554 3557 3553
f 3563 3557 3554
f 3563 3572 3557
f 3572 3558 3557
f 3572 3573 3558
f 3573 3574 3558
f 3575 3563 3562
f 3575 3576 3563
f 3565 3575 3562
f 3577 3576 3575
f 3578 3573 3572
f 3578 3579 3573
f 3579 3580 3573
f 3576 3572 3563
f 3576 3578 3572
f 3581 3578 3576
f 3581 3582 3578
f 3582 3579 3578
f 3582 3583 3579
f 3583 3584 3579
f 3585 3583 3582
f 3586 3587 3583
f 3585 3586 3583
f 3391 3408 3392
f 3550 3552 3408
f 3408 3540 3407
f 3552 3540 3408
f 3552 3588 3540
f 3551 3556 3552
f 3556 3588 3552
f 3556 3589 3588
f 3588 3490 3540
f 3540 3490 3411
f 3588 3590 3490
f 3589 3590 3588
f 3589 3591 3590
f 3592 3591 3589
f 3555 3559 3556
f 3559 3589 3556
f 3559 3592 3589
f 3574 3592 3559
f 3558 3574 3559
f 3574 3593 3592
f 3580 3593 3574
f 3580 3594 3593
f 3593 3595 3592
f 3592 3595 3591
f 3593 3596 3595
f 3594 3596 3593
f 3594 3597 3596
f 3590 3493 3490
f 3490 3493 3491
f 3590 3598 3493
f 3598 3500 3493
f 3599 3504 3598
f 3600 3507 3599
f 3591 3598 3590
f 3591 3599 3598
f 3595 3599 3591
f 3595 3600 3599
f 3598 3504 3500
f 3599 3507 3504
f 3600 3601 3507
f 3507 3505 3504
f 3601 3506 3507
f 3601 3508 3506
f 3602 3601 3600
f 3603 3604 3602
f 3524 3605 3499
f 3605 3606 3499
f 3604 3523 3508
f 3607 3528 3499
f 3608 3607 3499
f 3606 3609 3499
f 3609 3610 3499
f 3611 3608 3499
f 3612 3611 3499
f 3604 3508 3601
f 3613 3523 3604
f 3613 3524 3523
f 3610 3614 3499
f 3614 3612 3499
f 3615 3605 3524
f 3616 3606 3605
f 3617 3526 3527
f 3618 3527 3528
f 3532 3526 3617
f 3619 3528 3607
f 3617 3527 3618
f 3618 3528 3619
f 3620 3607 3608
f 3602 3604 3601
f 3603 3613 3604
f 3615 3524 3613
f 3616 3605 3615
f 3621 3615 3613
f 3622 3609 3606
f 3623 3610 3609
f 3619 3607 3620
f 3620 3608 3624
f 3624 3608 3611
f 3625 3611 3612
f 3622 3606 3616
f 3623 3609 3622
f 3624 3611 3625
f 3625 3612 3626
f 3626 3612 3614
f 3627 3614 3610
f 3596 3600 3595
f 3596 3602 3600
f 3597 3602 3596
f 3597 3603 3602
f 3621 3613 3603
f 3628 3615 3621
f 3629 3616 3628
f 3630 3603 3597
f 3630 3621 3603
f 3628 3616 3615
f 3629 3622 3616
f 3627 3610 3623
f 3536 3539 3631
f 3467 3469 3567
f 3469 3536 3632
f 3469 3632 3567
f 3468 3567 3570
f 3567 3632 3633
f 3568 3570 3571
f 3567 3633 3570
f 3570 3633 3634
f 3536 3631 3632
f 3632 3631 3635
f 3632 3635 3633
f 3633 3636 3634
f 3633 3635 3636
f 3573 3580 3574
f 3569 3571 3637
f 3570 3634 3571
f 3571 3634 3638
f 3571 3638 3637
f 3637 3638 3639
f 3637 3639 3640
f 3634 3636 3641
f 3638 3641 3642
f 3634 3641 3638
f 3638 3642 3639
f 3639 3642 3643
f 3539 3530 3644
f 3530 3531 3644
f 3644 3532 3645
f 3645 3617 3646
f 3539 3644 3631
f 3631 3644 3645
f 3631 3645 3635
f 3646 3618 3647
f 3647 3619 3648
f 3635 3645 3646
f 3635 3646 3636
f 3636 3646 3647
f 3644 3531 3532
f 3645 3532 3617
f 3646 3617 3618
f 3647 3618 3619
f 3648 3619 3620
f 3636 3647 3641
f 3641 3647 3648
f 3642 3648 3649
f 3648 3620 3649
f 3649 3624 3650
f 3651 3621 3630
f 3651 3628 3621
f 3652 3622 3629
f 3653 3623 3652
f 3643 3649 3650
f 3650 3625 3654
f 3654 3626 3655
f 3655 3627 3653
f 3649 3620 3624
f 3650 3624 3625
f 3652 3623 3622
f 3654 3625 3626
f 3626 3614 3627
f 3655 3626 3627
f 3653 3627 3623
f 3641 3648 3642
f 3642 3649 3643
f 3643 3650 3656
f 3656 3650 3654
f 3584 3594 3580
f 3584 3657 3594
f 3579 3584 3580
f 3587 3657 3584
f 3587 3658 3657
f 3657 3597 3594
f 3657 3630 3597
f 3658 3630 3657
f 3658 3651 3630
f 3659 3651 3658
f 3659 3660 3651
f 3583 3587 3584
f 3661 3658 3587
f 3639 3643 3662
f 3662 3656 3663
f 3662 3643 3656
f 3663 3656 3664
f 3665 3666 3660
f 3663 3664 3667
f 3667 3664 3668
f 3661 3659 3658
f 3586 3661 3587
f 3669 3659 3661
f 3669 3665 3659
f 3665 3660 3659
f 3670 3666 3665
f 3671 3668 3672
f 3670 3672 3666
f 3660 3628 3651
f 3660 3629 3628
f 3666 3652 3629
f 3666 3629 3660
f 3664 3654 3655
f 3656 3654 3664
f 3668 3655 3653
f 3672 3653 3652
f 3664 3655 3668
f 3672 3652 3666
f 3668 3653 3672
f 3173 3274 3673
f 3273 3674 3274
f 3173 3675 3276
f 3173 3673 3676
f 3173 3677 3675
f 3273 3275 3674
f 3272 3678 3275
f 3173 3676 3679
f 3274 3680 3673
f 3173 3679 3681
f 3274 3674 3680
f 3675 3280 3276
f 3675 3682 3280
f 3272 3278 3678
f 3271 3297 3278
f 3278 3683 3678
f 3173 3684 3677
f 3677 3682 3675
f 3173 3685 3684
f 3173 3681 3686
f 3673 3687 3676
f 3673 3680 3687
f 3684 3688 3677
f 3677 3688 3682
f 3275 3689 3674
f 3275 3678 3689
f 3674 3690 3680
f 3674 3689 3690
f 3678 3691 3689
f 3173 3692 3685
f 3173 3686 3693
f 3676 3694 3679
f 3173 3693 3695
f 3173 3696 3692
f 3676 3687 3694
f 3684 3697 3688
f 3685 3697 3684
f 3680 3698 3687
f 3680 3690 3698
f 3173 3695 3699
f 3173 3699 3696
f 3679 3700 3681
f 3679 3694 3700
f 3681 3701 3686
f 3692 3702 3685
f 3681 3700 3701
f 3280 3283 3281
f 3682 3283 3280
f 3703 3320 3283
f 3682 3703 3283
f 3688 3703 3682
f 3704 3705 3703
f 3689 3706 3690
f 3688 3704 3703
f 3697 3704 3688
f 3697 3707 3704
f 3685 3702 3697
f 3687 3708 3694
f 3687 3698 3708
f 3702 3707 3697
f 3690 3709 3698
f 3698 3710 3708
f 3707 3711 3704
f 3702 3712 3707
f 3712 3713 3707
f 3277 3296 3714
f 3277 3714 3297
f 3278 3297 3683
f 3297 3714 3715
f 3296 3716 3714
f 3296 3298 3716
f 3297 3715 3683
f 3678 3683 3691
f 3283 3320 3284
f 3714 3716 3717
f 3683 3715 3718
f 3683 3718 3691
f 3714 3717 3715
f 3715 3717 3719
f 3715 3719 3718
f 3705 3321 3320
f 3705 3720 3321
f 3720 3322 3321
f 3703 3705 3320
f 3711 3720 3705
f 3298 3304 3721
f 3298 3721 3716
f 3304 3722 3721
f 3716 3721 3723
f 3716 3723 3717
f 3721 3724 3723
f 3304 3305 3722
f 3305 3324 3722
f 3721 3722 3724
f 3722 3324 3725
f 3722 3725 3724
f 3724 3725 3726
f 3717 3723 3727
f 3723 3728 3727
f 3717 3727 3719
f 3719 3727 3729
f 3727 3730 3729
f 3723 3724 3728
f 3724 3726 3728
f 3727 3728 3730
f 3689 3691 3706
f 3691 3718 3731
f 3691 3731 3706
f 3690 3706 3709
f 3704 3711 3705
f 3718 3732 3731
f 3718 3719 3732
f 3731 3732 3733
f 3706 3731 3734
f 3706 3734 3709
f 3698 3709 3710
f 3707 3713 3711
f 3709 3734 3735
f 3731 3733 3734
f 3719 3729 3732
f 3686 3736 3693
f 3696 3737 3692
f 3686 3701 3736
f 3692 3737 3702
f 3693 3738 3695
f 3696 3739 3737
f 3694 3740 3700
f 3694 3708 3740
f 3700 3741 3701
f 3700 3740 3741
f 3699 3739 3696
f 3693 3736 3738
f 3695 3742 3699
f 3695 3738 3742
f 3699 3742 3739
f 3701 3743 3736
f 3737 3712 3702
f 3737 3744 3712
f 3708 3745 3740
f 3739 3744 3737
f 3701 3741 3743
f 3740 3746 3741
f 3739 3747 3744
f 3736 3748 3738
f 3742 3747 3739
f 3736 3743 3748
f 3738 3749 3742
f 3738 3748 3749
f 3742 3749 3747
f 3708 3710 3745
f 3709 3735 3710
f 3740 3745 3746
f 3720 3329 3322
f 3711 3750 3720
f 3750 3329 3720
f 3750 3751 3329
f 3751 3330 3329
f 3751 3752 3330
f 3728 3726 3753
f 3728 3753 3730
f 3730 3753 3754
f 3752 3331 3330
f 3752 3333 3331
f 3755 3334 3333
f 3755 3756 3334
f 3757 3333 3752
f 3758 3752 3751
f 3758 3757 3752
f 3759 3755 3757
f 3757 3755 3333
f 3713 3750 3711
f 3713 3760 3750
f 3760 3751 3750
f 3760 3758 3751
f 3761 3760 3713
f 3761 3762 3760
f 3734 3733 3763
f 3734 3763 3735
f 3735 3763 3764
f 3762 3758 3760
f 3762 3765 3758
f 3766 3765 3762
f 3732 3729 3767
f 3729 3768 3767
f 3732 3767 3733
f 3767 3769 3770
f 3729 3730 3768
f 3730 3754 3768
f 3767 3768 3769
f 3733 3767 3770
f 3733 3770 3763
f 3763 3770 3771
f 3765 3757 3758
f 3765 3759 3757
f 3768 3754 3772
f 3768 3772 3769
f 3769 3772 3773
f 3769 3773 3774
f 3770 3774 3771
f 3763 3771 3764
f 3775 3759 3765
f 3771 3776 3777
f 3770 3769 3774
f 3771 3774 3776
f 3778 3756 3755
f 3778 3779 3756
f 3780 3778 3759
f 3759 3778 3755
f 3781 3779 3778
f 3781 3782 3779
f 3780 3781 3778
f 3775 3780 3759
f 3783 3781 3780
f 3774 3773 3784
f 3774 3784 3776
f 3776 3784 3785
f 3776 3785 3786
f 3787 3782 3781
f 3787 3788 3782
f 3783 3787 3781
f 3786 3785 3789
f 3790 3788 3787
f 3744 3761 3712
f 3747 3791 3744
f 3741 3792 3743
f 3743 3793 3748
f 3749 3794 3747
f 3748 3795 3749
f 3712 3761 3713
f 3710 3735 3796
f 3710 3796 3745
f 3791 3762 3761
f 3735 3764 3796
f 3745 3797 3746
f 3741 3746 3792
f 3744 3791 3761
f 3745 3796 3797
f 3746 3797 3798
f 3791 3766 3762
f 3796 3799 3797
f 3796 3764 3799
f 3766 3775 3765
f 3800 3775 3766
f 3794 3766 3791
f 3794 3800 3766
f 3797 3801 3798
f 3797 3799 3801
f 3798 3801 3802
f 3764 3771 3777
f 3764 3777 3799
f 3799 3777 3803
f 3799 3803 3801
f 3747 3794 3791
f 3746 3798 3792
f 3743 3792 3793
f 3792 3798 3804
f 3792 3804 3793
f 3795 3800 3794
f 3793 3804 3805
f 3798 3802 3804
f 3748 3793 3795
f 3749 3795 3794
f 3793 3805 3795
f 3800 3806 3775
f 3806 3780 3775
f 3777 3786 3803
f 3806 3783 3780
f 3803 3807 3808
f 3777 3776 3786
f 3803 3786 3807
f 3801 3803 3808
f 3801 3808 3802
f 3809 3783 3806
f 3802 3808 3810
f 3802 3810 3809
f 3810 3787 3783
f 3786 3789 3807
f 3808 3807 3790
f 3807 3789 3811
f 3790 3811 3788
f 3807 3811 3790
f 3810 3790 3787
f 3809 3810 3783
f 3808 3790 3810
f 3795 3805 3800
f 3805 3806 3800
f 3804 3802 3809
f 3804 3809 3805
f 3805 3809 3806
f 3324 3812 3725
f 3324 3450 3812
f 3450 3455 3812
f 3725 3813 3726
f 3725 3812 3813
f 3450 3452 3455
f 3812 3814 3813
f 3813 3815 3816
f 3812 3455 3814
f 3455 3454 3817
f 3455 3817 3814
f 3813 3814 3815
f 3814 3817 3818
f 3814 3818 3815
f 3726 3816 3753
f 3726 3813 3816
f 3753 3816 3819
f 3753 3819 3754
f 3816 3815 3820
f 3756 3564 3334
f 3815 3818 3821
f 3815 3821 3820
f 3820 3821 3822
f 3816 3820 3819
f 3754 3819 3823
f 3819 3824 3823
f 3823 3825 3826
f 3819 3820 3824
f 3820 3822 3824
f 3824 3822 3827
f 3823 3824 3825
f 3454 3566 3817
f 3817 3828 3818
f 3817 3566 3828
f 3566 3569 3828
f 3818 3828 3829
f 3818 3829 3821
f 3821 3830 3822
f 3821 3829 3830
f 3822 3830 3831
f 3828 3569 3832
f 3828 3832 3829
f 3569 3637 3832
f 3829 3832 3833
f 3832 3640 3833
f 3829 3833 3830
f 3754 3823 3772
f 3772 3826 3773
f 3772 3823 3826
f 3756 3565 3564
f 3834 3575 3565
f 3779 3565 3756
f 3779 3834 3565
f 3834 3577 3575
f 3577 3581 3576
f 3835 3581 3577
f 3836 3577 3834
f 3782 3834 3779
f 3782 3836 3834
f 3824 3827 3825
f 3825 3827 3837
f 3826 3825 3838
f 3825 3837 3838
f 3838 3837 3839
f 3838 3839 3840
f 3835 3841 3581
f 3842 3835 3836
f 3836 3835 3577
f 3843 3841 3835
f 3843 3844 3841
f 3842 3843 3835
f 3840 3839 3845
f 3846 3844 3843
f 3841 3582 3581
f 3833 3847 3848
f 3830 3848 3831
f 3830 3833 3848
f 3831 3848 3849
f 3831 3849 3850
f 3850 3849 3851
f 3848 3852 3849
f 3849 3853 3851
f 3822 3831 3827
f 3827 3831 3850
f 3827 3850 3837
f 3837 3854 3839
f 3837 3850 3854
f 3841 3585 3582
f 3844 3585 3841
f 3844 3855 3585
f 3855 3586 3585
f 3855 3856 3586
f 3856 3661 3586
f 3851 3857 3858
f 3859 3856 3855
f 3860 3669 3856
f 3858 3861 3860
f 3839 3854 3862
f 3839 3862 3845
f 3863 3855 3844
f 3863 3859 3855
f 3845 3859 3863
f 3845 3862 3859
f 3850 3851 3854
f 3854 3858 3862
f 3854 3851 3858
f 3862 3858 3860
f 3859 3860 3856
f 3862 3860 3859
f 3773 3826 3864
f 3826 3838 3864
f 3773 3864 3784
f 3864 3840 3865
f 3784 3864 3865
f 3864 3838 3840
f 3784 3865 3785
f 3788 3836 3782
f 3788 3842 3836
f 3865 3866 3867
f 3868 3843 3842
f 3867 3846 3868
f 3865 3840 3866
f 3840 3845 3866
f 3866 3845 3863
f 3846 3863 3844
f 3866 3863 3846
f 3867 3866 3846
f 3868 3846 3843
f 3785 3867 3789
f 3785 3865 3867
f 3811 3842 3788
f 3789 3867 3868
f 3811 3868 3842
f 3789 3868 3811
f 3832 3637 3640
f 3833 3640 3847
f 3848 3847 3852
f 3640 3662 3847
f 3640 3639 3662
f 3847 3662 3663
f 3847 3663 3852
f 3852 3663 3667
f 3852 3667 3853
f 3849 3852 3853
f 3856 3669 3661
f 3853 3667 3671
f 3853 3671 3857
f 3851 3853 3857
f 3861 3665 3669
f 3857 3671 3670
f 3861 3670 3665
f 3858 3857 3861
f 3860 3861 3669
f 3857 3670 3861
f 3667 3668 3671
f 3671 3672 3670
f 3869 3870 3871
f 3872 3873 3874
f 3872 3874 3875
f 3876 3877 3873
f 3876 3873 3872
f 3878 3877 3876
f 3879 3880 3878
f 3878 3880 3877
f 3879 3881 3880
f 3882 3881 3879
f 3882 3883 3881
f 3884 3883 3882
f 3885 3872 3886
f 3887 3878 3876
f 3888 3879 3878
f 3887 3876 3885
f 3889 3886 3890
f 3891 3886 3889
f 3891 3885 3886
f 3892 3889 3893
f 3886 3872 3875
f 3886 3875 3890
f 3894 3895 3896
f 3894 3896 3897
f 3890 3875 3895
f 3890 3895 3894
f 3893 3890 3894
f 3893 3894 3898
f 3898 3894 3897
f 3898 3897 3899
f 3900 3898 3899
f 3885 3876 3872
f 3901 3882 3879
f 3902 3882 3901
f 3902 3884 3882
f 3903 3904 3884
f 3903 3884 3902
f 3905 3904 3903
f 3889 3890 3893
f 3906 3893 3898
f 3907 3908 3909
f 3873 3910 3911
f 3874 3911 3912
f 3895 3913 3914
f 3895 3914 3896
f 3915 3916 3917
f 3915 3918 3916
f 3873 3911 3874
f 3874 3912 3913
f 3913 3919 3914
f 3896 3914 3918
f 3896 3918 3915
f 3920 3921 3922
f 3920 3922 3923
f 3923 3924 3925
f 3916 3920 3923
f 3926 3923 3925
f 3927 3925 3928
f 3917 3916 3926
f 3917 3926 3929
f 3929 3926 3927
f 3929 3927 3930
f 3930 3927 3931
f 3932 3931 3933
f 3930 3931 3932
f 3926 3925 3927
f 3916 3923 3926
f 3927 3928 3931
f 3911 3934 3912
f 3912 3935 3919
f 3914 3919 3936
f 3918 3936 3920
f 3909 3937 3910
f 3910 3938 3911
f 3907 3939 3908
f 3940 3941 3939
f 3942 3941 3940
f 3943 3944 3942
f 3909 3908 3937
f 3910 3937 3938
f 3942 3944 3941
f 3943 3945 3944
f 3946 3945 3943
f 3947 3948 3946
f 3913 3912 3919
f 3919 3935 3949
f 3919 3949 3936
f 3936 3921 3920
f 3912 3934 3935
f 3911 3938 3934
f 3908 3939 3950
f 3939 3941 3950
f 3936 3949 3921
f 3934 3938 3950
f 3935 3934 3950
f 3937 3908 3950
f 3938 3937 3950
f 3941 3944 3950
f 3944 3945 3950
f 3945 3948 3950
f 3948 3951 3950
f 3947 3951 3948
f 3946 3948 3945
f 3952 3951 3947
f 3953 3954 3952
f 3952 3954 3951
f 3953 3955 3954
f 3956 3955 3953
f 3914 3936 3918
f 3918 3920 3916
f 3957 3929 3958
f 3897 3896 3915
f 3897 3915 3959
f 3959 3915 3917
f 3957 3917 3929
f 3959 3917 3957
f 3899 3897 3959
f 3899 3959 3960
f 3960 3959 3957
f 3961 3960 3962
f 3960 3957 3962
f 3962 3957 3958
f 3962 3958 3963
f 3964 3962 3963
f 3958 3929 3930
f 3958 3930 3965
f 3965 3930 3932
f 3869 3932 3870
f 3965 3932 3869
f 3963 3958 3965
f 3963 3965 3966
f 3967 3963 3966
f 3966 3965 3869
f 3966 3869 3968
f 3968 3869 3871
f 3969 3966 3968
f 3970 3968 3971
f 3880 3907 3909
f 3881 3940 3907
f 3940 3939 3907
f 3877 3909 3910
f 3883 3942 3940
f 3972 3943 3942
f 3973 3946 3943
f 3880 3909 3877
f 3877 3910 3873
f 3875 3874 3913
f 3875 3913 3895
f 3881 3907 3880
f 3883 3940 3881
f 3972 3942 3883
f 3904 3973 3972
f 3973 3943 3972
f 3974 3946 3973
f 3975 3974 3973
f 3976 3977 3974
f 3978 3977 3976
f 3884 3972 3883
f 3904 3972 3884
f 3975 3973 3904
f 3976 3974 3975
f 3974 3947 3946
f 3977 3952 3947
f 3979 3953 3952
f 3980 3956 3953
f 3981 3982 3956
f 3977 3947 3974
f 3979 3952 3977
f 3978 3979 3977
f 3983 3979 3978
f 3983 3980 3979
f 3980 3953 3979
f 3984 3982 3981
f 3981 3956 3980
f 3985 3984 3981
f 3986 3981 3980
f 3986 3980 3983
f 3985 3981 3986
f 3987 3899 3960
f 3905 3975 3904
f 3988 3975 3905
f 3988 3976 3975
f 3989 3978 3976
f 3989 3976 3988
f 3990 3905 3991
f 3990 3988 3905
f 3992 3989 3988
f 3992 3988 3990
f 3993 3989 3992
f 3994 3992 3990
f 3995 3985 3986
f 3996 3983 3978
f 3996 3978 3989
f 3997 3983 3996
f 3997 3986 3983
f 3995 3986 3997
f 3998 3997 3996
f 3993 3996 3989
f 3998 3996 3993
f 3999 3993 3992
f 4000 3997 3998
f 4000 3995 3997
f 4001 4000 3998
f 4002 3998 3993
f 4003 3892 3906
f 3900 3899 3987
f 4004 3900 3987
f 4004 3987 4005
f 3906 3898 3900
f 4006 3906 3900
f 4006 3900 4004
f 3892 3893 3906
f 4003 3906 4006
f 4007 4006 4004
f 4007 4004 4008
f 4008 4004 4005
f 4008 4005 4009
f 4010 4008 4009
f 4010 4009 4011
f 4012 4008 4010
f 4013 4010 4011
f 4014 3961 3964
f 3964 3963 3967
f 4015 3964 3967
f 3961 3962 3964
f 4014 3964 4015
f 4016 4015 4017
f 4018 4015 4016
f 3967 3966 3969
f 4017 3967 3969
f 4017 3969 4019
f 3969 3968 3970
f 4019 3969 3970
f 4019 3970 4020
f 4021 4017 4019
f 4022 4019 4020
f 4022 4020 4023
f 4021 4019 4022
f 4015 3967 4017
f 4016 4017 4021
f 4024 4022 4025
f 4025 4022 4023
f 4026 4025 4027
f 4024 4021 4022
f 4028 4016 4021
f 4028 4021 4024
f 4029 4028 4024
f 4030 4024 4025
f 4029 4024 4030
f 4031 4030 4032
f 4030 4025 4026
f 4032 4030 4026
f 4032 4026 4033
f 3987 3960 3961
f 4005 3961 4014
f 4005 3987 3961
f 4009 4014 4018
f 4009 4005 4014
f 4018 4014 4015
f 3999 3992 3994
f 4002 3993 3999
f 4034 3999 3994
f 4035 3999 4034
f 4001 3998 4002
f 4035 4002 3999
f 4036 4002 4035
f 4037 4035 4034
f 4011 4009 4018
f 4011 4018 4038
f 4038 4018 4016
f 4038 4016 4028
f 4039 4038 4028
f 4039 4028 4029
f 4040 4039 4029
f 4041 4011 4038
f 4041 4038 4039
f 4042 4041 4039
f 4013 4011 4041
f 4042 4039 4040
f 4031 4029 4030
f 4040 4029 4031
f 4043 4044 4045
f 4046 4047 4048
f 3870 4047 4046
f 4048 4044 4043
f 4043 4045 4049
f 4050 4048 4043
f 4046 4048 4050
f 4050 4043 4051
f 4049 4045 4052
f 4053 4052 4054
f 4051 4049 4055
f 4055 4053 4056
f 4049 4052 4053
f 4053 4054 4057
f 4051 4043 4049
f 4055 4049 4053
f 4056 4057 4058
f 4056 4053 4057
f 4058 4057 4059
f 4058 4059 4060
f 3871 3870 4046
f 3871 4046 4061
f 4062 4050 4051
f 4061 4050 4062
f 4061 4046 4050
f 3971 3871 4061
f 3968 3871 3971
f 3971 4061 4063
f 4064 3971 4063
f 4063 4061 4062
f 4065 4062 4066
f 4063 4062 4065
f 4067 4063 4065
f 4068 4056 4069
f 4070 4066 4068
f 4071 4070 4072
f 4072 4068 4069
f 4070 4068 4072
f 4072 4069 4073
f 4074 4072 4073
f 4066 4051 4055
f 4062 4051 4066
f 4066 4055 4068
f 4068 4055 4056
f 4069 4056 4058
f 4065 4066 4070
f 4075 4065 4070
f 4069 4058 4076
f 4073 4069 4076
f 4073 4076 4077
f 4078 4073 4077
f 4079 4077 4080
f 4076 4058 4060
f 4076 4060 4081
f 4081 4060 4082
f 4077 4076 4081
f 4077 4081 4080
f 4080 4081 4083
f 4084 4080 4085
f 3970 3971 4064
f 4064 4063 4067
f 4020 4064 4086
f 4086 4064 4067
f 4067 4065 4075
f 4086 4067 4087
f 4087 4067 4075
f 4023 4086 4088
f 4089 4087 4090
f 4088 4087 4089
f 4088 4086 4087
f 4075 4070 4071
f 4090 4075 4071
f 4090 4071 4091
f 4071 4072 4074
f 4091 4071 4074
f 4091 4074 4092
f 4093 4090 4091
f 4094 4091 4092
f 4093 4091 4094
f 4087 4075 4090
f 4089 4090 4093
f 4027 4088 4095
f 4095 4089 4096
f 4095 4088 4089
f 4097 4095 4096
f 4098 4095 4097
f 4099 4097 4100
f 4096 4093 4101
f 4101 4093 4094
f 4101 4094 4102
f 4103 4101 4102
f 4103 4102 4104
f 4105 4101 4103
f 4106 4103 4104
f 4107 4103 4106
f 4096 4089 4093
f 4105 4096 4101
f 4097 4096 4105
f 4100 4105 4107
f 4100 4097 4105
f 4107 4105 4103
f 4108 4109 4110
f 4111 4108 4110
f 4112 4111 4113
f 4111 4110 4113
f 4114 4111 4112
f 4110 4115 4116
f 4113 4110 4116
f 4117 4116 4118
f 4113 4116 4117
f 4119 4113 4117
f 4112 4113 4119
f 4119 4117 4120
f 4120 4117 4121
f 4092 4074 4078
f 4122 4078 4079
f 4092 4078 4122
f 4074 4073 4078
f 4078 4077 4079
f 4122 4079 4123
f 4123 4079 4084
f 4124 4092 4122
f 4094 4092 4124
f 4124 4122 4109
f 4109 4122 4123
f 4109 4123 4115
f 4079 4080 4084
f 4084 4085 4125
f 4123 4084 4126
f 4115 4123 4126
f 4115 4126 4127
f 4126 4084 4125
f 4126 4125 4128
f 4127 4126 4128
f 4127 4128 4129
f 4102 4124 4108
f 4102 4094 4124
f 4108 4124 4109
f 4104 4102 4108
f 4110 4109 4115
f 4104 4108 4111
f 4114 4104 4111
f 4106 4104 4114
f 4116 4115 4127
f 4116 4127 4118
f 4121 4118 4130
f 4117 4118 4121
f 4118 4127 4129
f 4118 4129 4130
f 4121 4130 4131
f 4132 4131 4133
f 4134 4135 4136
f 4137 4135 4134
f 3931 3928 4137
f 4047 4134 4138
f 3933 4137 4134
f 3925 3924 4139
f 3925 4139 3928
f 3928 4140 4137
f 3923 3922 3924
f 3922 3921 3950
f 3924 3922 3950
f 4139 3924 3950
f 4137 4140 4135
f 3928 4139 4140
f 4141 4136 3950
f 4140 4139 3950
f 4135 4140 3950
f 4136 4135 3950
f 4138 4136 4141
f 4044 4141 4142
f 4134 4136 4138
f 4138 4141 4044
f 4044 4142 4045
f 4045 4143 4052
f 4045 4142 4143
f 4052 4143 4144
f 4048 4138 4044
f 4142 4141 3950
f 4143 4142 3950
f 4144 4143 3950
f 4145 4144 3950
f 4146 4145 3950
f 4147 4146 4148
f 3931 4137 3933
f 3933 4134 4047
f 3870 3933 4047
f 3932 3933 3870
f 4047 4138 4048
f 3949 3935 3950
f 3921 3949 3950
f 3951 3954 3950
f 3954 3955 3950
f 3955 4149 3950
f 4149 4150 3950
f 4151 4152 3950
f 4152 4153 3950
f 4154 4155 3950
f 4150 4154 3950
f 4155 4151 3950
f 4156 4151 4155
f 3956 4149 3955
f 3982 4150 4149
f 4157 4154 4150
f 4157 4150 3982
f 3982 4149 3956
f 4158 4155 4154
f 4158 4154 4157
f 4156 4155 4158
f 3984 4157 3982
f 4159 4158 4157
f 4160 4156 4158
f 4161 4148 3950
f 4153 4161 3950
f 4148 4146 3950
f 4162 4152 4151
f 4163 4153 4152
f 4163 4152 4162
f 4164 4161 4153
f 4165 4148 4161
f 4165 4161 4164
f 4164 4153 4163
f 4166 4164 4163
f 4162 4151 4156
f 4167 4162 4156
f 4168 4163 4162
f 4160 4158 4159
f 4167 4156 4160
f 4168 4162 4167
f 4166 4163 4168
f 4169 4167 4160
f 4170 4168 4167
f 4170 4167 4169
f 4052 4144 4054
f 4054 4144 4145
f 4054 4145 4171
f 4057 4054 4171
f 4059 4171 4147
f 4171 4145 4146
f 4171 4146 4147
f 4147 4148 4165
f 4172 4147 4165
f 4172 4165 4173
f 4057 4171 4059
f 4060 4059 4172
f 4060 4172 4082
f 4059 4147 4172
f 4082 4172 4173
f 4082 4173 4174
f 4173 4165 4164
f 4173 4164 4166
f 4174 4173 4166
f 4174 4166 4175
f 4175 4166 4168
f 4175 4168 4170
f 4176 4170 4169
f 4177 4175 4170
f 4177 4170 4176
f 4178 4174 4175
f 4178 4175 4177
f 4179 4177 4180
f 4180 4177 4176
f 4180 4176 4181
f 4182 4180 4181
f 4159 4157 3984
f 4183 4159 3984
f 4183 3984 3985
f 4184 4160 4159
f 4184 4159 4183
f 4169 4160 4184
f 4185 4184 4183
f 4186 4183 3985
f 4186 3985 3995
f 4185 4183 4186
f 4187 4169 4184
f 4187 4184 4185
f 4188 4186 3995
f 4189 4186 4188
f 4190 4187 4185
f 4189 4185 4186
f 4190 4185 4189
f 4191 4189 4188
f 4188 3995 4000
f 4192 4188 4000
f 4176 4169 4187
f 4181 4187 4190
f 4181 4176 4187
f 4193 4181 4190
f 4194 4190 4189
f 4081 4082 4083
f 4083 4082 4174
f 4083 4174 4178
f 4085 4083 4178
f 4085 4178 4179
f 4080 4083 4085
f 4125 4085 4179
f 4179 4178 4177
f 4195 4179 4180
f 4020 3970 4064
f 4023 4020 4086
f 4182 4181 4193
f 4196 4193 4197
f 4025 4023 4027
f 4027 4023 4088
f 4098 4027 4095
f 4026 4027 4098
f 4033 4026 4098
f 4033 4098 4099
f 4099 4098 4097
f 4191 4188 4192
f 4194 4189 4191
f 4198 4191 4192
f 4199 4198 4200
f 4192 4000 4001
f 4036 4001 4002
f 4200 4192 4001
f 4200 4001 4036
f 4198 4192 4200
f 4201 4036 4202
f 4202 4036 4035
f 4202 4035 4037
f 4201 4200 4036
f 4199 4200 4201
f 4193 4190 4194
f 4203 4194 4191
f 4203 4191 4198
f 4197 4193 4194
f 4197 4194 4203
f 4204 4203 4198
f 4204 4198 4199
f 4205 4197 4203
f 4205 4203 4204
f 4206 4037 4207
f 4206 4202 4037
f 4208 4201 4202
f 4208 4202 4206
f 4209 4208 4206
f 4209 4206 4210
f 4211 4204 4212
f 4212 4204 4199
f 4212 4199 4213
f 4214 4212 4213
f 4214 4213 4215
f 4216 4215 4217
f 4213 4199 4201
f 4213 4201 4208
f 4215 4213 4208
f 4215 4208 4209
f 4217 4209 4218
f 4218 4209 4210
f 4218 4210 4219
f 4217 4215 4209
f 4125 4179 4195
f 4128 4195 4220
f 4128 4125 4195
f 4129 4128 4220
f 4129 4220 4221
f 4195 4180 4182
f 4220 4195 4182
f 4220 4182 4196
f 4196 4182 4193
f 4222 4196 4197
f 4222 4197 4205
f 4221 4220 4196
f 4221 4196 4222
f 4223 4222 4205
f 4223 4205 4211
f 4224 4221 4222
f 4224 4222 4223
f 4225 4223 4211
f 4225 4211 4226
f 4227 4225 4226
f 4227 4226 4228
f 4130 4129 4221
f 4130 4221 4224
f 4131 4130 4224
f 4133 4224 4223
f 4131 4224 4133
f 4229 4133 4225
f 4229 4225 4227
f 4132 4133 4229
f 4133 4223 4225
f 4211 4205 4204
f 4226 4211 4212
f 4226 4212 4214
f 4228 4226 4214
f 4228 4214 4216
f 4216 4214 4215
f 4230 4032 4033
f 4231 4040 4031
f 4232 4042 4040
f 4232 4040 4231
f 4233 4031 4032
f 4233 4032 4230
f 4234 4233 4230
f 4234 4230 4235
f 4231 4031 4233
f 4236 4231 4233
f 4236 4233 4234
f 4237 4236 4234
f 4238 4234 4235
f 4237 4234 4238
f 4239 4107 4106
f 4239 4106 4240
f 4241 4239 4240
f 4242 4107 4239
f 4242 4100 4107
f 4243 4242 4239
f 4243 4239 4241
f 4244 4243 4241
f 4244 4241 4245
f 4246 4244 4245
f 4247 4114 4112
f 4247 4112 4248
f 4249 4247 4248
f 4250 4251 4252
f 4253 4250 4254
f 4248 4112 4119
f 4248 4119 4251
f 4255 4248 4251
f 4251 4119 4120
f 4251 4120 4252
f 4256 4255 4253
f 4249 4248 4255
f 4256 4249 4255
f 4255 4251 4250
f 4253 4255 4250
f 4257 4254 4258
f 4259 4257 4258
f 4260 4256 4253
f 4257 4253 4254
f 4260 4253 4257
f 4261 4260 4257
f 4261 4257 4259
f 4262 4261 4259
f 4240 4106 4114
f 4240 4114 4247
f 4263 4240 4247
f 4241 4240 4263
f 4245 4263 4264
f 4263 4247 4249
f 4264 4263 4249
f 4264 4249 4256
f 4245 4241 4263
f 4265 4264 4256
f 4266 4264 4265
f 4267 4265 4268
f 4266 4245 4264
f 4246 4245 4266
f 4269 4266 4267
f 4267 4266 4265
f 4270 4267 4268
f 4265 4256 4260
f 4268 4265 4260
f 4268 4260 4261
f 4271 4268 4261
f 4262 4259 4272
f 4271 4261 4262
f 4273 4262 4272
f 4273 4272 4274
f 4275 4271 4262
f 4275 4262 4273
f 4276 4273 4274
f 4270 4268 4271
f 4277 4270 4271
f 4277 4271 4275
f 4278 4275 4273
f 4278 4273 4276
f 4279 4275 4278
f 4280 4033 4099
f 4281 4099 4100
f 4281 4100 4242
f 4282 4281 4242
f 4280 4099 4281
f 4283 4281 4282
f 4230 4033 4280
f 4235 4230 4280
f 4283 4280 4281
f 4235 4280 4283
f 4284 4283 4282
f 4285 4283 4284
f 4282 4242 4243
f 4286 4243 4244
f 4286 4282 4243
f 4284 4282 4286
f 4287 4286 4244
f 4287 4244 4246
f 4288 4287 4246
f 4289 4286 4287
f 4289 4284 4286
f 4290 4289 4287
f 4290 4287 4288
f 4285 4235 4283
f 4238 4235 4285
f 4291 4218 4219
f 4292 4217 4218
f 4292 4218 4291
f 4293 4291 4294
f 4295 4285 4284
f 4295 4284 4289
f 4296 4238 4285
f 4296 4285 4295
f 4297 4296 4295
f 4297 4295 4298
f 4298 4295 4289
f 4298 4289 4290
f 4299 4290 4288
f 4300 4298 4290
f 4301 4302 4303
f 4302 4229 4227
f 4302 4227 4303
f 4301 4303 4304
f 4303 4227 4228
f 4304 4303 4305
f 4303 4228 4305
f 4304 4305 4306
f 4307 4306 4308
f 4309 4304 4306
f 4309 4306 4307
f 4269 4246 4266
f 4288 4246 4269
f 4310 4269 4267
f 4311 4288 4269
f 4312 4309 4307
f 4312 4307 4313
f 4313 4307 4314
f 4315 4316 4317
f 4315 4313 4316
f 4318 4217 4292
f 4318 4216 4217
f 4305 4228 4216
f 4305 4216 4318
f 4308 4318 4292
f 4308 4292 4293
f 4306 4318 4308
f 4314 4293 4319
f 4314 4308 4293
f 4293 4292 4291
f 4319 4293 4294
f 4319 4294 4320
f 4306 4305 4318
f 4307 4308 4314
f 4321 4319 4320
f 4321 4320 4322
f 4323 4321 4322
f 4323 4322 4324
f 4325 4324 4326
f 4313 4314 4316
f 4316 4314 4319
f 4316 4319 4321
f 4317 4316 4321
f 4317 4321 4323
f 4327 4317 4323
f 4328 4323 4324
f 4300 4290 4299
f 4329 4298 4300
f 4311 4269 4310
f 4310 4267 4270
f 4330 4310 4270
f 4299 4288 4311
f 4331 4311 4310
f 4331 4310 4330
f 4330 4270 4277
f 4332 4330 4277
f 4279 4277 4275
f 4333 4276 4334
f 4332 4277 4279
f 4333 4278 4276
f 4335 4317 4327
f 4336 4327 4328
f 4337 4330 4332
f 4337 4331 4330
f 4333 4279 4278
f 4333 4332 4279
f 4338 4299 4311
f 4339 4299 4338
f 4338 4311 4331
f 4340 4338 4331
f 4339 4300 4299
f 4341 4300 4339
f 4342 4339 4338
f 4343 4341 4339
f 4343 4339 4342
f 4327 4323 4328
f 4336 4328 4344
f 4344 4328 4325
f 4344 4325 4345
f 4340 4331 4337
f 4333 4337 4332
f 4342 4338 4340
f 4333 4340 4337
f 4346 4344 4345
f 4333 4347 4346
f 4346 4345 4348
f 4333 4346 4348
f 4333 4348 4349
f 4328 4324 4325
f 4345 4325 4350
f 4345 4350 4351
f 4333 4342 4340
f 4349 4351 4352
f 4333 4343 4342
f 4348 4345 4351
f 4333 4349 4353
f 4348 4351 4349
f 4349 4352 4353
f 4333 4353 4354
f 3888 3878 3887
f 3901 3879 3888
f 4355 3885 3891
f 4355 3887 3885
f 4356 3888 3887
f 4356 3887 4355
f 4357 4355 3891
f 4358 4356 4355
f 4359 3888 4356
f 4359 3901 3888
f 4360 3891 3889
f 4361 4359 4356
f 4362 3902 3901
f 4362 3901 4359
f 4363 3902 4362
f 4364 4362 4359
f 4363 3903 3902
f 3991 3905 3903
f 3991 3903 4363
f 4365 4363 4362
f 4366 3991 4363
f 4367 3990 3991
f 4358 4355 4357
f 4357 3891 4360
f 4368 4360 4369
f 4360 3889 3892
f 4369 4360 3892
f 4369 3892 4003
f 4361 4356 4358
f 4370 4003 4006
f 4371 4369 4003
f 4371 4003 4370
f 4368 4357 4360
f 4372 4357 4368
f 4372 4358 4357
f 4373 4361 4358
f 4373 4358 4372
f 4374 4361 4373
f 4375 4368 4369
f 4375 4369 4371
f 4376 4372 4368
f 4376 4368 4375
f 4377 4373 4372
f 4377 4372 4376
f 4364 4359 4361
f 4365 4362 4364
f 4374 4364 4361
f 4378 4364 4374
f 4366 4363 4365
f 4378 4365 4364
f 4379 4366 4365
f 4379 4365 4378
f 4370 4006 4007
f 4380 4374 4373
f 4380 4373 4377
f 4381 4374 4380
f 4381 4378 4374
f 4382 4378 4381
f 4383 4370 4007
f 4384 4371 4385
f 4385 4371 4370
f 4385 4370 4383
f 4386 4383 4012
f 4387 4377 4376
f 4388 4385 4383
f 4388 4383 4386
f 4012 4007 4008
f 4389 4012 4010
f 4383 4007 4012
f 4390 4389 4013
f 4389 4010 4013
f 4391 4013 4041
f 4390 4013 4391
f 4392 4380 4377
f 4392 4377 4387
f 4393 4381 4380
f 4394 4381 4393
f 4393 4380 4392
f 4395 4393 4392
f 4386 4012 4389
f 4396 4386 4389
f 4396 4389 4390
f 4384 4375 4371
f 4397 4375 4384
f 4397 4376 4375
f 4398 4384 4385
f 4399 4397 4384
f 4387 4376 4397
f 4400 4387 4397
f 4399 4384 4398
f 4398 4385 4388
f 4401 4388 4386
f 4401 4386 4396
f 4400 4397 4399
f 4402 4398 4388
f 4403 4399 4398
f 4402 4388 4401
f 4403 4398 4402
f 4404 4400 4399
f 4404 4399 4403
f 4405 4392 4387
f 4405 4387 4400
f 4406 4405 4400
f 4395 4392 4405
f 4407 4395 4405
f 4407 4405 4406
f 4406 4400 4404
f 4367 3991 4366
f 4408 4367 4366
f 4408 4366 4379
f 3994 3990 4367
f 4409 4367 4408
f 4409 3994 4367
f 4382 4379 4378
f 4410 4408 4379
f 4410 4379 4382
f 4411 4409 4408
f 4411 4408 4410
f 4034 3994 4409
f 4412 4034 4409
f 4412 4409 4411
f 4037 4034 4412
f 4413 4410 4382
f 4414 4411 4410
f 4414 4410 4413
f 4391 4041 4042
f 4394 4382 4381
f 4413 4382 4394
f 4415 4394 4393
f 4416 4413 4394
f 4415 4393 4395
f 4417 4413 4416
f 4416 4394 4415
f 4418 4416 4415
f 4419 4412 4411
f 4419 4411 4414
f 4207 4412 4419
f 4207 4037 4412
f 4420 4207 4419
f 4421 4419 4414
f 4421 4414 4417
f 4420 4419 4421
f 4417 4414 4413
f 4422 4417 4416
f 4422 4416 4418
f 4423 4421 4417
f 4423 4417 4422
f 4424 4415 4395
f 4424 4395 4407
f 4418 4415 4424
f 4210 4206 4207
f 4210 4207 4420
f 4425 4420 4421
f 4425 4421 4423
f 4219 4210 4420
f 4219 4420 4425
f 4426 4390 4391
f 4426 4391 4427
f 4428 4401 4429
f 4429 4401 4396
f 4429 4396 4430
f 4431 4404 4403
f 4432 4429 4430
f 4430 4396 4390
f 4430 4390 4426
f 4433 4430 4426
f 4434 4426 4427
f 4433 4426 4434
f 4435 4406 4404
f 4435 4404 4431
f 4436 4407 4406
f 4436 4406 4435
f 4432 4430 4433
f 4437 4433 4434
f 4427 4391 4042
f 4427 4042 4232
f 4438 4232 4231
f 4438 4231 4236
f 4439 4427 4232
f 4434 4427 4439
f 4439 4232 4438
f 4440 4439 4438
f 4440 4438 4441
f 4441 4438 4236
f 4441 4236 4237
f 4442 4422 4418
f 4443 4423 4422
f 4443 4422 4442
f 4444 4237 4238
f 4445 4441 4237
f 4445 4237 4444
f 4446 4445 4444
f 4447 4424 4407
f 4447 4407 4436
f 4448 4418 4424
f 4448 4424 4447
f 4449 4439 4440
f 4449 4434 4439
f 4450 4436 4435
f 4451 4447 4436
f 4437 4434 4449
f 4450 4435 4452
f 4451 4436 4450
f 4453 4450 4454
f 4442 4418 4448
f 4455 4448 4447
f 4456 4442 4448
f 4455 4447 4451
f 4456 4448 4455
f 4457 4456 4455
f 4457 4455 4458
f 4458 4455 4451
f 4458 4451 4453
f 4453 4451 4450
f 4459 4449 4440
f 4459 4440 4460
f 4461 4449 4459
f 4460 4440 4441
f 4460 4441 4445
f 4462 4460 4445
f 4462 4445 4446
f 4463 4453 4454
f 4464 4458 4453
f 4464 4453 4463
f 4465 4459 4460
f 4465 4460 4462
f 4428 4402 4401
f 4466 4403 4402
f 4466 4402 4428
f 4467 4428 4429
f 4431 4403 4466
f 4468 4466 4428
f 4467 4429 4432
f 4468 4428 4467
f 4469 4467 4432
f 4470 4431 4466
f 4452 4435 4431
f 4471 4432 4433
f 4470 4466 4468
f 4452 4431 4470
f 4471 4433 4437
f 4469 4432 4471
f 4472 4468 4467
f 4472 4467 4469
f 4473 4470 4468
f 4473 4468 4472
f 4474 4471 4437
f 4475 4469 4471
f 4476 4472 4469
f 4475 4471 4474
f 4476 4469 4475
f 4477 4475 4474
f 4478 4452 4470
f 4478 4470 4473
f 4454 4450 4452
f 4454 4452 4478
f 4461 4437 4449
f 4474 4437 4461
f 4479 4454 4478
f 4479 4478 4480
f 4481 4461 4459
f 4482 4473 4472
f 4480 4478 4473
f 4480 4473 4482
f 4483 4474 4461
f 4483 4461 4481
f 4463 4454 4479
f 4481 4459 4465
f 4484 4463 4479
f 4485 4465 4462
f 4484 4479 4486
f 4486 4479 4480
f 4487 4481 4465
f 4488 4480 4482
f 4486 4480 4488
f 4489 4488 4490
f 4482 4472 4476
f 4491 4476 4475
f 4477 4474 4483
f 4490 4482 4476
f 4490 4476 4491
f 4491 4475 4477
f 4492 4477 4483
f 4493 4491 4477
f 4488 4482 4490
f 4494 4483 4481
f 4495 4490 4491
f 4487 4465 4485
f 4494 4481 4487
f 4492 4483 4494
f 4489 4490 4495
f 4495 4491 4493
f 4493 4477 4492
f 4496 4425 4423
f 4497 4219 4425
f 4497 4425 4496
f 4496 4423 4443
f 4498 4443 4442
f 4499 4496 4443
f 4498 4442 4456
f 4500 4498 4456
f 4499 4443 4498
f 4501 4499 4498
f 4501 4498 4500
f 4291 4219 4497
f 4502 4497 4496
f 4294 4291 4497
f 4502 4496 4499
f 4503 4502 4499
f 4503 4499 4501
f 4294 4497 4502
f 4320 4294 4502
f 4320 4502 4503
f 4444 4238 4296
f 4504 4444 4296
f 4504 4296 4297
f 4446 4444 4504
f 4505 4504 4297
f 4506 4503 4501
f 4329 4297 4298
f 4507 4501 4500
f 4507 4500 4508
f 4506 4501 4507
f 4509 4507 4508
f 4509 4508 4510
f 4500 4456 4457
f 4511 4457 4458
f 4508 4500 4457
f 4508 4457 4511
f 4512 4446 4504
f 4511 4458 4464
f 4513 4462 4446
f 4514 4464 4463
f 4515 4511 4464
f 4515 4464 4514
f 4516 4514 4484
f 4510 4508 4511
f 4510 4511 4515
f 4517 4510 4515
f 4518 4515 4514
f 4322 4320 4503
f 4322 4503 4506
f 4326 4506 4507
f 4324 4322 4506
f 4324 4506 4326
f 4350 4326 4509
f 4326 4507 4509
f 4519 4509 4510
f 4512 4504 4505
f 4505 4297 4329
f 4341 4329 4300
f 4520 4329 4341
f 4520 4505 4329
f 4521 4505 4520
f 4513 4446 4512
f 4485 4462 4513
f 4522 4485 4513
f 4521 4512 4505
f 4523 4513 4512
f 4523 4512 4521
f 4517 4515 4518
f 4518 4514 4516
f 4522 4513 4523
f 4516 4484 4524
f 4525 4516 4524
f 4525 4524 4526
f 4527 4522 4523
f 4325 4326 4350
f 4351 4350 4519
f 4350 4509 4519
f 4528 4520 4341
f 4528 4341 4343
f 4519 4510 4517
f 4529 4517 4518
f 4529 4518 4530
f 4352 4519 4517
f 4352 4517 4529
f 4531 4521 4520
f 4532 4521 4531
f 4531 4520 4528
f 4333 4532 4531
f 4533 4530 4525
f 4333 4527 4532
f 4533 4525 4534
f 4333 4535 4536
f 4351 4519 4352
f 4333 4528 4343
f 4353 4529 4354
f 4333 4354 4533
f 4353 4352 4529
f 4333 4531 4528
f 4333 4533 4534
f 4354 4529 4530
f 4354 4530 4533
f 4333 4534 4537
f 4333 4537 4535
f 4530 4518 4516
f 4530 4516 4525
f 4532 4523 4521
f 4527 4523 4532
f 4333 4538 4527
f 4534 4526 4537
f 4333 4536 4539
f 4534 4525 4526
f 4333 4540 4538
f 4333 4539 4541
f 4537 4526 4542
f 4535 4542 4543
f 4538 4522 4527
f 4535 4543 4536
f 4537 4542 4535
f 4333 4544 4540
f 4333 4541 4544
f 4514 4463 4484
f 4524 4484 4486
f 4545 4486 4488
f 4546 4485 4522
f 4524 4486 4545
f 4546 4487 4485
f 4545 4488 4489
f 4547 4494 4487
f 4543 4489 4495
f 4547 4487 4546
f 4526 4524 4545
f 4542 4545 4489
f 4542 4489 4543
f 4526 4545 4542
f 4540 4547 4546
f 4538 4546 4522
f 4536 4543 4548
f 4540 4546 4538
f 4539 4549 4541
f 4543 4495 4548
f 4544 4550 4547
f 4541 4549 4550
f 4539 4548 4549
f 4544 4547 4540
f 4541 4550 4544
f 4548 4495 4493
f 4550 4492 4494
f 4549 4493 4492
f 4549 4492 4550
f 4550 4494 4547
f 4548 4493 4549
f 4536 4548 4539
f 4120 4121 4551
f 4551 4121 4131
f 4551 4131 4132
f 4250 4252 4552
f 4254 4250 4552
f 4254 4552 4553
f 4553 4552 4554
f 4553 4554 4555
f 4252 4120 4551
f 4252 4551 4556
f 4552 4252 4556
f 4554 4556 4557
f 4552 4556 4554
f 4555 4554 4558
f 4258 4553 4559
f 4258 4254 4553
f 4559 4553 4555
f 4559 4555 4560
f 4561 4258 4559
f 4562 4561 4563
f 4259 4258 4561
f 4561 4559 4563
f 4563 4559 4560
f 4564 4563 4565
f 4560 4555 4566
f 4560 4566 4567
f 4272 4259 4561
f 4563 4560 4565
f 4568 4565 4569
f 4565 4560 4567
f 4565 4567 4569
f 4556 4551 4132
f 4556 4132 4557
f 4554 4557 4558
f 4555 4558 4566
f 4558 4557 4302
f 4557 4132 4229
f 4557 4229 4302
f 4566 4301 4570
f 4558 4302 4301
f 4566 4558 4301
f 4567 4566 4570
f 4569 4567 4571
f 4572 4569 4573
f 4569 4571 4573
f 4571 4570 4309
f 4567 4570 4571
f 4573 4312 4574
f 4575 4573 4574
f 4573 4571 4312
f 4272 4561 4562
f 4576 4562 4564
f 4562 4563 4564
f 4576 4564 4577
f 4577 4564 4568
f 4577 4568 4578
f 4274 4272 4562
f 4274 4562 4576
f 4578 4572 4579
f 4580 4576 4577
f 4334 4274 4576
f 4334 4576 4580
f 4581 4577 4578
f 4582 4578 4579
f 4580 4577 4581
f 4581 4578 4582
f 4582 4579 4583
f 4564 4565 4568
f 4568 4569 4572
f 4578 4568 4572
f 4579 4572 4575
f 4572 4573 4575
f 4579 4575 4584
f 4276 4274 4334
f 4583 4579 4584
f 4583 4584 4585
f 4584 4575 4586
f 4575 4574 4586
f 4584 4586 4587
f 4333 4581 4582
f 4333 4580 4581
f 4333 4334 4580
f 4333 4582 4583
f 4585 4584 4587
f 4585 4587 4588
f 4570 4301 4304
f 4570 4304 4309
f 4571 4309 4312
f 4586 4574 4315
f 4574 4312 4313
f 4574 4313 4315
f 4335 4315 4317
f 4587 4586 4335
f 4587 4335 4589
f 4586 4315 4335
f 4333 4583 4585
f 4588 4589 4590
f 4590 4589 4336
f 4333 4585 4588
f 4588 4587 4589
f 4589 4335 4327
f 4589 4327 4336
f 4333 4588 4590
f 4590 4336 4347
f 4347 4336 4344
f 4333 4590 4347
f 4347 4344 4346
f 4591 4592 4593
f 4593 4594 4595
f 4595 4596 4597
f 4597 4598 4599
f 4600 4593 4595
f 4600 4591 4593
f 4600 4595 4597
f 4600 4597 4599
f 4600 4599 4601
f 4600 4601 4602
f 4600 4602 4603
f 4599 4604 4601
f 4601 4605 4602
f 4602 4606 4603
f 4592 4594 4593
f 4594 4596 4595
f 4596 4598 4597
f 4604 4605 4601
f 4598 4604 4599
f 4605 4606 4602
f 4606 4607 4603
f 4596 4608 4598
f 4592 4609 4594
f 4594 4610 4596
f 4598 4611 4604
f 4604 4612 4605
f 4605 4613 4606
f 4606 4614 4607
f 4608 4611 4598
f 4610 4608 4596
f 4609 4610 4594
f 4611 4612 4604
f 4615 4608 4610
f 4615 4610 4609
f 4612 4613 4605
f 4613 4614 4606
f 4614 4616 4607
f 4615 4611 4608
f 4615 4612 4611
f 4615 4613 4612
f 4615 4614 4613
f 4615 4616 4614
f 4600 4603 4617
f 4600 4617 4618
f 4600 4618 4619
f 4600 4619 4620
f 4600 4620 4621
f 4600 4621 4622
f 4600 4622 4623
f 4603 4607 4617
f 4617 4624 4618
f 4618 4625 4619
f 4619 4626 4620
f 4620 4627 4621
f 4621 4628 4622
f 4622 4629 4623
f 4607 4624 4617
f 4624 4625 4618
f 4625 4626 4619
f 4626 4627 4620
f 4627 4628 4621
f 4628 4629 4622
f 4629 4630 4623
f 4607 4616 4624
f 4624 4631 4625
f 4625 4632 4626
f 4626 4633 4627
f 4627 4634 4628
f 4616 4631 4624
f 4631 4632 4625
f 4615 4631 4616
f 4615 4632 4631
f 4615 4633 4632
f 4615 4634 4633
f 4615 4635 4634
f 4632 4633 4626
f 4633 4634 4627
f 4634 4635 4628
f 4635 4636 4629
f 4636 4637 4630
f 4615 4636 4635
f 4615 4637 4636
f 4628 4635 4629
f 4629 4636 4630
f 4638 4639 4591
f 4640 4641 4638
f 4642 4643 4640
f 4600 4638 4591
f 4600 4640 4638
f 4600 4642 4640
f 4600 4644 4642
f 4600 4645 4644
f 4600 4646 4645
f 4600 4647 4646
f 4644 4648 4642
f 4645 4649 4644
f 4646 4650 4645
f 4647 4651 4646
f 4639 4592 4591
f 4641 4639 4638
f 4643 4641 4640
f 4648 4643 4642
f 4649 4648 4644
f 4650 4649 4645
f 4651 4650 4646
f 4639 4652 4592
f 4641 4653 4639
f 4643 4654 4641
f 4648 4655 4643
f 4649 4656 4648
f 4650 4657 4649
f 4651 4658 4650
f 4652 4609 4592
f 4653 4652 4639
f 4654 4653 4641
f 4655 4654 4643
f 4656 4655 4648
f 4615 4609 4652
f 4615 4652 4653
f 4657 4656 4649
f 4658 4657 4650
f 4615 4653 4654
f 4615 4654 4655
f 4615 4655 4656
f 4615 4656 4657
f 4615 4657 4658
f 4600 4659 4647
f 4600 4660 4659
f 4600 4661 4660
f 4600 4662 4661
f 4600 4663 4662
f 4600 4623 4664
f 4600 4664 4663
f 4659 4665 4647
f 4660 4666 4659
f 4661 4667 4660
f 4662 4668 4661
f 4663 4669 4662
f 4664 4670 4663
f 4623 4630 4664
f 4665 4651 4647
f 4666 4665 4659
f 4668 4667 4661
f 4667 4666 4660
f 4669 4668 4662
f 4670 4669 4663
f 4630 4670 4664
f 4665 4671 4651
f 4666 4672 4665
f 4667 4673 4666
f 4668 4674 4667
f 4671 4658 4651
f 4672 4671 4665
f 4673 4672 4666
f 4615 4658 4671
f 4615 4671 4672
f 4615 4672 4673
f 4615 4673 4674
f 4615 4674 4675
f 4674 4673 4667
f 4637 4676 4670
f 4676 4675 4669
f 4675 4674 4668
f 4615 4676 4637
f 4615 4675 4676
f 4670 4676 4669
f 4630 4637 4670
f 4669 4675 4668
f 4677 4678 4679
f 4680 4679 4681
f 4679 4682 4681
f 4683 4684 4677
f 4685 4679 4680
f 4685 4677 4679
f 4686 4677 4685
f 4686 4683 4677
f 4687 4688 4683
f 4689 4680 4690
f 4691 4685 4689
f 4690 4680 4692
f 4689 4685 4680
f 4690 4692 4693
f 4691 4686 4685
f 4694 4686 4691
f 4694 4695 4686
f 4680 4681 4692
f 4695 4683 4686
f 4695 4687 4683
f 4693 4692 4696
f 4693 4696 4697
f 4698 4695 4694
f 4692 4681 4699
f 4692 4699 4696
f 4681 4700 4699
f 4697 4696 4701
f 4697 4701 4702
f 4703 4689 4690
f 4703 4690 4693
f 4703 4691 4689
f 4703 4694 4691
f 4696 4699 4704
f 4696 4704 4701
f 4699 4705 4704
f 4684 4706 4678
f 4679 4678 4682
f 4678 4706 4707
f 4678 4707 4682
f 4677 4684 4678
f 4684 4708 4706
f 4688 4708 4684
f 4683 4688 4684
f 4688 4709 4708
f 4710 4709 4688
f 4708 4711 4706
f 4708 4712 4711
f 4709 4712 4708
f 4709 4713 4712
f 4687 4710 4688
f 4706 4711 4714
f 4706 4714 4707
f 4712 4715 4711
f 4712 4716 4715
f 4713 4716 4712
f 4713 4717 4716
f 4717 4718 4716
f 4716 4719 4715
f 4711 4715 4720
f 4715 4719 4721
f 4716 4718 4719
f 4718 4722 4719
f 4718 4723 4722
f 4681 4682 4700
f 4682 4707 4724
f 4682 4724 4700
f 4707 4714 4725
f 4699 4700 4705
f 4700 4724 4726
f 4700 4726 4705
f 4707 4725 4724
f 4724 4725 4727
f 4711 4720 4714
f 4715 4721 4720
f 4719 4722 4728
f 4719 4728 4721
f 4714 4720 4729
f 4714 4729 4725
f 4720 4730 4729
f 4720 4721 4730
f 4721 4728 4731
f 4721 4731 4730
f 4702 4701 4732
f 4703 4693 4697
f 4702 4732 4733
f 4703 4697 4702
f 4733 4732 4734
f 4701 4704 4735
f 4701 4735 4732
f 4704 4736 4735
f 4733 4734 4737
f 4703 4702 4733
f 4703 4733 4737
f 4737 4738 4739
f 4737 4734 4738
f 4732 4735 4740
f 4732 4740 4734
f 4704 4705 4736
f 4705 4726 4741
f 4705 4741 4736
f 4724 4727 4726
f 4735 4736 4742
f 4725 4729 4743
f 4725 4743 4727
f 4723 4744 4722
f 4722 4745 4728
f 4722 4744 4745
f 4746 4710 4687
f 4698 4747 4695
f 4747 4687 4695
f 4747 4746 4687
f 4748 4746 4747
f 4748 4749 4746
f 4749 4750 4746
f 4751 4747 4698
f 4751 4748 4747
f 4752 4748 4751
f 4753 4754 4749
f 4755 4749 4748
f 4755 4753 4749
f 4710 4756 4709
f 4756 4713 4709
f 4750 4756 4710
f 4746 4750 4710
f 4750 4757 4756
f 4757 4758 4756
f 4756 4758 4713
f 4757 4759 4758
f 4758 4717 4713
f 4717 4760 4718
f 4758 4761 4717
f 4761 4760 4717
f 4759 4761 4758
f 4759 4762 4761
f 4762 4763 4761
f 4760 4723 4718
f 4760 4764 4723
f 4761 4763 4760
f 4763 4764 4760
f 4763 4765 4764
f 4762 4766 4763
f 4766 4765 4763
f 4766 4767 4765
f 4754 4757 4750
f 4754 4768 4757
f 4749 4754 4750
f 4768 4759 4757
f 4769 4768 4754
f 4768 4770 4759
f 4771 4770 4768
f 4753 4769 4754
f 4769 4771 4768
f 4772 4771 4769
f 4771 4773 4770
f 4774 4773 4771
f 4770 4762 4759
f 4770 4775 4762
f 4775 4766 4762
f 4773 4775 4770
f 4776 4777 4775
f 4775 4777 4766
f 4777 4767 4766
f 4777 4778 4767
f 4773 4776 4775
f 4774 4779 4773
f 4776 4780 4777
f 4780 4778 4777
f 4780 4781 4778
f 4782 4780 4776
f 4779 4776 4773
f 4779 4782 4776
f 4783 4781 4780
f 4782 4783 4780
f 4783 4784 4781
f 4703 4698 4694
f 4752 4755 4748
f 4703 4751 4698
f 4785 4755 4752
f 4785 4786 4755
f 4786 4753 4755
f 4703 4752 4751
f 4703 4785 4752
f 4787 4786 4785
f 4787 4788 4786
f 4734 4740 4789
f 4735 4742 4740
f 4790 4769 4753
f 4786 4790 4753
f 4791 4772 4790
f 4788 4790 4786
f 4788 4791 4790
f 4792 4793 4791
f 4703 4737 4739
f 4739 4794 4795
f 4739 4738 4794
f 4703 4739 4795
f 4703 4795 4796
f 4703 4787 4785
f 4797 4788 4787
f 4703 4797 4787
f 4798 4799 4797
f 4734 4789 4738
f 4740 4800 4789
f 4738 4801 4794
f 4738 4789 4801
f 4795 4802 4796
f 4703 4796 4803
f 4795 4794 4802
f 4703 4803 4804
f 4796 4805 4803
f 4703 4798 4797
f 4703 4806 4798
f 4796 4802 4805
f 4789 4807 4801
f 4794 4808 4802
f 4794 4801 4808
f 4797 4799 4788
f 4799 4791 4788
f 4799 4792 4791
f 4809 4792 4799
f 4798 4809 4799
f 4806 4809 4798
f 4806 4810 4809
f 4809 4811 4792
f 4810 4811 4809
f 4811 4812 4792
f 4813 4814 4811
f 4726 4727 4815
f 4736 4741 4816
f 4736 4816 4742
f 4726 4815 4741
f 4741 4815 4817
f 4790 4772 4769
f 4772 4774 4771
f 4793 4774 4772
f 4791 4793 4772
f 4729 4818 4743
f 4729 4730 4818
f 4730 4731 4819
f 4730 4819 4818
f 4727 4743 4820
f 4727 4820 4815
f 4815 4820 4821
f 4743 4822 4820
f 4743 4818 4822
f 4818 4819 4823
f 4818 4823 4822
f 4740 4742 4800
f 4742 4816 4824
f 4742 4824 4800
f 4741 4817 4816
f 4816 4825 4824
f 4816 4817 4825
f 4789 4800 4807
f 4800 4824 4826
f 4801 4807 4827
f 4800 4826 4807
f 4824 4825 4828
f 4824 4828 4826
f 4815 4821 4817
f 4820 4822 4829
f 4820 4829 4821
f 4817 4821 4830
f 4817 4830 4825
f 4821 4831 4830
f 4822 4823 4832
f 4822 4832 4829
f 4821 4829 4831
f 4829 4832 4833
f 4829 4833 4831
f 4825 4830 4834
f 4825 4834 4828
f 4830 4831 4835
f 4793 4836 4774
f 4836 4779 4774
f 4836 4837 4779
f 4812 4836 4793
f 4812 4838 4836
f 4838 4837 4836
f 4838 4839 4837
f 4837 4782 4779
f 4840 4783 4782
f 4837 4840 4782
f 4839 4840 4837
f 4841 4842 4840
f 4840 4842 4783
f 4842 4784 4783
f 4842 4843 4784
f 4844 4843 4842
f 4844 4845 4843
f 4839 4841 4840
f 4846 4841 4839
f 4847 4844 4841
f 4841 4844 4842
f 4848 4845 4844
f 4847 4848 4844
f 4792 4812 4793
f 4814 4838 4812
f 4814 4849 4838
f 4811 4814 4812
f 4849 4839 4838
f 4849 4846 4839
f 4850 4849 4814
f 4850 4851 4849
f 4851 4846 4849
f 4851 4852 4846
f 4830 4835 4834
f 4831 4833 4853
f 4831 4853 4835
f 4835 4853 4854
f 4846 4847 4841
f 4852 4847 4846
f 4848 4855 4845
f 4856 4848 4847
f 4857 4855 4848
f 4856 4857 4848
f 4857 4858 4855
f 4852 4856 4847
f 4859 4856 4852
f 4860 4857 4856
f 4859 4860 4856
f 4861 4858 4857
f 4860 4861 4857
f 4861 4862 4858
f 4863 4862 4861
f 4863 4864 4862
f 4764 4865 4723
f 4723 4865 4744
f 4765 4866 4764
f 4764 4866 4865
f 4866 4867 4865
f 4865 4867 4868
f 4866 4869 4867
f 4869 4870 4867
f 4767 4871 4765
f 4765 4871 4866
f 4871 4869 4866
f 4871 4872 4869
f 4872 4873 4869
f 4865 4868 4744
f 4867 4874 4868
f 4744 4868 4875
f 4867 4870 4874
f 4744 4875 4745
f 4728 4745 4876
f 4868 4874 4877
f 4868 4877 4875
f 4778 4878 4767
f 4767 4878 4871
f 4878 4872 4871
f 4869 4873 4870
f 4878 4879 4872
f 4872 4880 4873
f 4879 4880 4872
f 4879 4881 4880
f 4870 4882 4883
f 4870 4883 4874
f 4882 4884 4883
f 4874 4883 4885
f 4874 4885 4877
f 4883 4884 4886
f 4883 4886 4885
f 4873 4882 4870
f 4873 4887 4882
f 4880 4887 4873
f 4881 4888 4880
f 4880 4888 4887
f 4887 4889 4882
f 4882 4889 4884
f 4888 4890 4887
f 4887 4890 4889
f 4888 4891 4890
f 4890 4892 4889
f 4891 4893 4890
f 4889 4894 4884
f 4884 4895 4886
f 4896 4879 4878
f 4781 4896 4778
f 4778 4896 4878
f 4897 4898 4896
f 4896 4898 4879
f 4898 4881 4879
f 4898 4899 4881
f 4900 4899 4898
f 4781 4897 4896
f 4784 4897 4781
f 4901 4900 4897
f 4784 4901 4897
f 4897 4900 4898
f 4900 4902 4899
f 4843 4901 4784
f 4903 4904 4901
f 4904 4902 4900
f 4901 4904 4900
f 4904 4905 4902
f 4906 4905 4904
f 4899 4907 4881
f 4881 4907 4888
f 4899 4908 4907
f 4907 4891 4888
f 4907 4909 4891
f 4909 4910 4891
f 4908 4909 4907
f 4908 4911 4909
f 4911 4912 4909
f 4902 4908 4899
f 4913 4911 4908
f 4905 4913 4902
f 4902 4913 4908
f 4905 4914 4913
f 4915 4914 4905
f 4913 4916 4911
f 4914 4916 4913
f 4916 4917 4911
f 4914 4918 4916
f 4919 4918 4914
f 4918 4920 4916
f 4921 4922 4918
f 4889 4892 4894
f 4890 4893 4892
f 4893 4923 4892
f 4893 4924 4923
f 4924 4925 4923
f 4892 4926 4894
f 4884 4894 4895
f 4894 4926 4927
f 4892 4923 4926
f 4923 4928 4926
f 4923 4925 4928
f 4926 4928 4929
f 4891 4910 4893
f 4910 4924 4893
f 4912 4930 4910
f 4910 4930 4924
f 4909 4912 4910
f 4912 4931 4930
f 4930 4932 4924
f 4911 4917 4912
f 4917 4931 4912
f 4924 4932 4925
f 4930 4933 4932
f 4931 4933 4930
f 4934 4935 4931
f 4931 4935 4933
f 4916 4920 4917
f 4917 4934 4931
f 4920 4934 4917
f 4920 4936 4934
f 4918 4922 4920
f 4922 4936 4920
f 4922 4937 4936
f 4938 4937 4922
f 4936 4939 4934
f 4934 4939 4935
f 4936 4940 4939
f 4937 4940 4936
f 4937 4941 4940
f 4932 4942 4925
f 4925 4943 4928
f 4925 4942 4943
f 4932 4944 4942
f 4933 4944 4932
f 4935 4945 4933
f 4933 4945 4944
f 4935 4946 4945
f 4944 4947 4942
f 4945 4948 4944
f 4944 4948 4947
f 4945 4949 4948
f 4939 4946 4935
f 4940 4950 4939
f 4939 4950 4946
f 4946 4949 4945
f 4950 4951 4946
f 4941 4952 4940
f 4940 4952 4950
f 4946 4951 4949
f 4728 4876 4731
f 4745 4953 4876
f 4731 4954 4819
f 4731 4876 4954
f 4745 4875 4953
f 4875 4877 4955
f 4875 4955 4953
f 4876 4953 4956
f 4876 4956 4954
f 4819 4957 4823
f 4819 4954 4957
f 4954 4958 4957
f 4953 4959 4956
f 4953 4955 4959
f 4954 4956 4958
f 4956 4959 4960
f 4956 4960 4958
f 4877 4885 4961
f 4877 4961 4955
f 4885 4886 4962
f 4885 4962 4961
f 4886 4963 4962
f 4955 4964 4959
f 4955 4961 4964
f 4959 4965 4960
f 4959 4964 4965
f 4961 4962 4966
f 4961 4966 4964
f 4962 4967 4966
f 4964 4966 4968
f 4823 4969 4832
f 4823 4957 4969
f 4957 4970 4969
f 4832 4969 4971
f 4957 4958 4970
f 4958 4960 4972
f 4843 4903 4901
f 4845 4903 4843
f 4973 4906 4903
f 4845 4973 4903
f 4903 4906 4904
f 4906 4915 4905
f 4974 4915 4906
f 4964 4968 4965
f 4966 4975 4968
f 4915 4919 4914
f 4919 4921 4918
f 4832 4971 4833
f 4969 4976 4971
f 4958 4972 4970
f 4969 4970 4976
f 4970 4972 4977
f 4970 4977 4976
f 4833 4971 4978
f 4833 4978 4853
f 4971 4979 4978
f 4853 4980 4854
f 4853 4978 4980
f 4971 4976 4979
f 4976 4977 4981
f 4976 4981 4979
f 4978 4982 4980
f 4979 4981 4983
f 4978 4979 4982
f 4979 4983 4982
f 4982 4983 4984
f 4982 4984 4985
f 4960 4986 4972
f 4960 4965 4986
f 4972 4987 4977
f 4972 4986 4987
f 4965 4968 4988
f 4965 4988 4986
f 4968 4989 4988
f 4986 4990 4987
f 4986 4988 4990
f 4977 4987 4991
f 4987 4990 4992
f 4988 4993 4990
f 4990 4994 4992
f 4977 4991 4981
f 4981 4991 4995
f 4981 4995 4983
f 4983 4996 4984
f 4983 4995 4996
f 4987 4992 4991
f 4991 4992 4997
f 4991 4997 4995
f 4995 4997 4998
f 4992 4999 4997
f 4894 4927 4895
f 4886 4895 4963
f 4895 4927 5000
f 4895 5000 4963
f 4926 4929 4927
f 4927 5001 5000
f 4927 4929 5001
f 4962 4963 4967
f 4963 5000 5002
f 4963 5002 4967
f 4966 4967 4975
f 4967 5002 5003
f 4967 5003 4975
f 5000 5004 5002
f 5000 5001 5004
f 5002 5005 5003
f 5002 5004 5005
f 5003 5005 5006
f 4928 4943 5007
f 4928 5007 4929
f 4942 5008 4943
f 4929 5009 5001
f 4929 5007 5009
f 4943 5010 5007
f 5007 5011 5009
f 4942 4947 5008
f 4943 5008 5010
f 4948 5012 4947
f 4947 5013 5008
f 4947 5012 5013
f 5007 5010 5011
f 5008 5014 5010
f 5008 5013 5014
f 5010 5015 5011
f 5001 5009 5016
f 5001 5016 5004
f 5009 5017 5016
f 5004 5018 5005
f 5004 5016 5018
f 5009 5011 5017
f 4952 5019 4950
f 5020 5021 4941
f 4941 5021 4952
f 5021 5022 4952
f 5023 5024 5021
f 4950 5019 4951
f 4949 5025 4948
f 4951 5026 4949
f 4948 5025 5012
f 4949 5026 5025
f 5019 5027 4951
f 5022 5028 5019
f 4951 5027 5026
f 5019 5028 5027
f 5010 5014 5015
f 5012 5025 5029
f 5025 5026 5029
f 5026 5027 5029
f 5013 5012 5029
f 5014 5013 5029
f 4952 5022 5019
f 5021 5024 5022
f 5023 5030 5024
f 5024 5031 5022
f 5022 5031 5028
f 5027 5028 5029
f 5024 5032 5031
f 5030 5033 5032
f 5028 5031 5029
f 5031 5032 5029
f 5032 5033 5029
f 5030 5032 5024
f 5034 5033 5030
f 5034 5035 5033
f 5033 5035 5029
f 5035 5036 5029
f 5037 5036 5035
f 5036 5038 5029
f 5005 5039 5006
f 5005 5018 5039
f 5006 5039 5040
f 5016 5041 5018
f 5018 5042 5039
f 5039 5043 5040
f 5040 5044 5045
f 5016 5017 5041
f 5011 5046 5017
f 5011 5015 5046
f 5017 5046 5047
f 5017 5047 5041
f 5015 5014 5029
f 5046 5015 5029
f 5047 5046 5029
f 5041 5048 5042
f 5041 5047 5048
f 5042 5048 5049
f 5018 5041 5042
f 5039 5042 5043
f 5042 5049 5043
f 5048 5047 5029
f 5049 5048 5029
f 5043 5049 5050
f 5050 5049 5029
f 5051 5050 5029
f 5052 5051 5029
f 5038 5053 5029
f 5053 5054 5029
f 5055 5052 5029
f 5056 5055 5029
f 5057 5056 5029
f 5058 5057 5029
f 5040 5043 5044
f 5045 5044 5059
f 5060 5059 5061
f 5043 5050 5044
f 5044 5051 5059
f 5044 5050 5051
f 5059 5052 5061
f 5059 5051 5052
f 5061 5052 5055
f 5062 5055 5056
f 5061 5055 5062
f 4968 4975 4989
f 4975 5003 5063
f 4975 5063 4989
f 4988 4989 4993
f 5003 5006 5063
f 4989 5063 5064
f 4990 4993 4994
f 4989 5064 4993
f 4993 5064 5065
f 4993 5065 4994
f 4994 5065 5066
f 5063 5067 5064
f 5063 5006 5067
f 5064 5067 5068
f 5064 5068 5065
f 5065 5069 5066
f 5065 5068 5069
f 4992 4994 4999
f 4994 5066 4999
f 5006 5040 5067
f 5067 5040 5045
f 5067 5045 5068
f 5068 5060 5069
f 5068 5045 5060
f 5045 5059 5060
f 5070 4941 4937
f 4973 4974 4906
f 4974 5071 4915
f 5072 5071 4974
f 4855 4973 4845
f 5073 4974 4973
f 4855 5073 4973
f 4858 5073 4855
f 5074 5072 5073
f 5073 5072 4974
f 5072 5075 5071
f 5074 5076 5072
f 5076 5075 5072
f 5076 5077 5075
f 5071 4919 4915
f 5071 5078 4919
f 5075 5078 5071
f 5075 5079 5078
f 5078 4921 4919
f 5078 5080 4921
f 5080 4938 4921
f 5079 5080 5078
f 5079 5081 5080
f 5081 5082 5080
f 5077 5079 5075
f 5083 5081 5079
f 5077 5083 5079
f 5084 5083 5077
f 5083 5085 5081
f 5085 5086 5081
f 5087 5085 5083
f 5088 5089 5085
f 5087 5088 5085
f 4858 5074 5073
f 4862 5074 4858
f 5090 5076 5074
f 4862 5090 5074
f 5090 5091 5076
f 5091 5077 5076
f 5091 5084 5077
f 5092 5084 5091
f 5092 5093 5084
f 4864 5090 4862
f 5094 5091 5090
f 4864 5094 5090
f 5095 5092 5094
f 5094 5092 5091
f 4984 4996 5096
f 4997 5097 4998
f 4995 4998 4996
f 4996 4998 5098
f 4996 5098 5096
f 5096 5098 5099
f 4998 5100 5098
f 5098 5101 5099
f 5084 5087 5083
f 5093 5087 5084
f 5093 5102 5087
f 5102 5088 5087
f 5102 5103 5088
f 5103 5104 5088
f 5105 5093 5092
f 5105 5106 5093
f 5095 5105 5092
f 5107 5106 5105
f 5108 5103 5102
f 5108 5109 5103
f 5109 5110 5103
f 5106 5102 5093
f 5106 5108 5102
f 5111 5108 5106
f 5111 5112 5108
f 5112 5109 5108
f 5112 5113 5109
f 5113 5114 5109
f 5115 5113 5112
f 5116 5117 5113
f 5115 5116 5113
f 4921 4938 4922
f 5080 5082 4938
f 4938 5070 4937
f 5082 5070 4938
f 5082 5118 5070
f 5081 5086 5082
f 5086 5118 5082
f 5086 5119 5118
f 5118 5020 5070
f 5070 5020 4941
f 5118 5120 5020
f 5119 5120 5118
f 5119 5121 5120
f 5122 5121 5119
f 5085 5089 5086
f 5089 5119 5086
f 5089 5122 5119
f 5104 5122 5089
f 5088 5104 5089
f 5104 5123 5122
f 5110 5123 5104
f 5110 5124 5123
f 5123 5125 5122
f 5122 5125 5121
f 5123 5126 5125
f 5124 5126 5123
f 5124 5127 5126
f 5120 5023 5020
f 5020 5023 5021
f 5120 5128 5023
f 5128 5030 5023
f 5129 5034 5128
f 5130 5037 5129
f 5121 5128 5120
f 5121 5129 5128
f 5125 5129 5121
f 5125 5130 5129
f 5128 5034 5030
f 5129 5037 5034
f 5130 5131 5037
f 5037 5035 5034
f 5131 5036 5037
f 5131 5038 5036
f 5132 5131 5130
f 5133 5134 5132
f 5054 5135 5029
f 5135 5136 5029
f 5134 5053 5038
f 5137 5058 5029
f 5138 5137 5029
f 5136 5139 5029
f 5139 5140 5029
f 5141 5138 5029
f 5142 5141 5029
f 5134 5038 5131
f 5143 5053 5134
f 5143 5054 5053
f 5140 5144 5029
f 5144 5142 5029
f 5145 5135 5054
f 5146 5136 5135
f 5147 5056 5057
f 5148 5057 5058
f 5062 5056 5147
f 5149 5058 5137
f 5147 5057 5148
f 5148 5058 5149
f 5150 5137 5138
f 5132 5134 5131
f 5133 5143 5134
f 5145 5054 5143
f 5146 5135 5145
f 5151 5145 5143
f 5152 5139 5136
f 5153 5140 5139
f 5149 5137 5150
f 5150 5138 5154
f 5154 5138 5141
f 5155 5141 5142
f 5152 5136 5146
f 5153 5139 5152
f 5154 5141 5155
f 5155 5142 5156
f 5156 5142 5144
f 5157 5144 5140
f 5126 5130 5125
f 5126 5132 5130
f 5127 5132 5126
f 5127 5133 5132
f 5151 5143 5133
f 5158 5145 5151
f 5159 5146 5158
f 5160 5133 5127
f 5160 5151 5133
f 5158 5146 5145
f 5159 5152 5146
f 5157 5140 5153
f 5066 5069 5161
f 4997 4999 5097
f 4999 5066 5162
f 4999 5162 5097
f 4998 5097 5100
f 5097 5162 5163
f 5098 5100 5101
f 5097 5163 5100
f 5100 5163 5164
f 5066 5161 5162
f 5162 5161 5165
f 5162 5165 5163
f 5163 5166 5164
f 5163 5165 5166
f 5103 5110 5104
f 5099 5101 5167
f 5100 5164 5101
f 5101 5164 5168
f 5101 5168 5167
f 5167 5168 5169
f 5167 5169 5170
f 5164 5166 5171
f 5168 5171 5172
f 5164 5171 5168
f 5168 5172 5169
f 5169 5172 5173
f 5069 5060 5174
f 5060 5061 5174
f 5174 5062 5175
f 5175 5147 5176
f 5069 5174 5161
f 5161 5174 5175
f 5161 5175 5165
f 5176 5148 5177
f 5177 5149 5178
f 5165 5175 5176
f 5165 5176 5166
f 5166 5176 5177
f 5174 5061 5062
f 5175 5062 5147
f 5176 5147 5148
f 5177 5148 5149
f 5178 5149 5150
f 5166 5177 5171
f 5171 5177 5178
f 5172 5178 5179
f 5178 5150 5179
f 5179 5154 5180
f 5181 5151 5160
f 5181 5158 5151
f 5182 5152 5159
f 5183 5153 5182
f 5173 5179 5180
f 5180 5155 5184
f 5184 5156 5185
f 5185 5157 5183
f 5179 5150 5154
f 5180 5154 5155
f 5182 5153 5152
f 5184 5155 5156
f 5156 5144 5157
f 5185 5156 5157
f 5183 5157 5153
f 5171 5178 5172
f 5172 5179 5173
f 5173 5180 5186
f 5186 5180 5184
f 5114 5124 5110
f 5114 5187 5124
f 5109 5114 5110
f 5117 5187 5114
f 5117 5188 5187
f 5187 5127 5124
f 5187 5160 5127
f 5188 5160 5187
f 5188 5181 5160
f 5189 5181 5188
f 5189 5190 5181
f 5113 5117 5114
f 5191 5188 5117
f 5169 5173 5192
f 5192 5186 5193
f 5192 5173 5186
f 5193 5186 5194
f 5195 5196 5190
f 5193 5194 5197
f 5197 5194 5198
f 5191 5189 5188
f 5116 5191 5117
f 5199 5189 5191
f 5199 5195 5189
f 5195 5190 5189
f 5200 5196 5195
f 5201 5198 5202
f 5200 5202 5196
f 5190 5158 5181
f 5190 5159 5158
f 5196 5182 5159
f 5196 5159 5190
f 5194 5184 5185
f 5186 5184 5194
f 5198 5185 5183
f 5202 5183 5182
f 5194 5185 5198
f 5202 5182 5196
f 5198 5183 5202
f 4703 4804 5203
f 4803 5204 4804
f 4703 5205 4806
f 4703 5203 5206
f 4703 5207 5205
f 4803 4805 5204
f 4802 5208 4805
f 4703 5206 5209
f 4804 5210 5203
f 4703 5209 5211
f 4804 5204 5210
f 5205 4810 4806
f 5205 5212 4810
f 4802 4808 5208
f 4801 4827 4808
f 4808 5213 5208
f 4703 5214 5207
f 5207 5212 5205
f 4703 5215 5214
f 4703 5211 5216
f 5203 5217 5206
f 5203 5210 5217
f 5214 5218 5207
f 5207 5218 5212
f 4805 5219 5204
f 4805 5208 5219
f 5204 5220 5210
f 5204 5219 5220
f 5208 5221 5219
f 4703 5222 5215
f 4703 5216 5223
f 5206 5224 5209
f 4703 5223 5225
f 4703 5226 5222
f 5206 5217 5224
f 5214 5227 5218
f 5215 5227 5214
f 5210 5228 5217
f 5210 5220 5228
f 4703 5225 5229
f 4703 5229 5226
f 5209 5230 5211
f 5209 5224 5230
f 5211 5231 5216
f 5222 5232 5215
f 5211 5230 5231
f 4810 4813 4811
f 5212 4813 4810
f 5233 4850 4813
f 5212 5233 4813
f 5218 5233 5212
f 5234 5235 5233
f 5219 5236 5220
f 5218 5234 5233
f 5227 5234 5218
f 5227 5237 5234
f 5215 5232 5227
f 5217 5238 5224
f 5217 5228 5238
f 5232 5237 5227
f 5220 5239 5228
f 5228 5240 5238
f 5237 5241 5234
f 5232 5242 5237
f 5242 5243 5237
f 4807 4826 5244
f 4807 5244 4827
f 4808 4827 5213
f 4827 5244 5245
f 4826 5246 5244
f 4826 4828 5246
f 4827 5245 5213
f 5208 5213 5221
f 4813 4850 4814
f 5244 5246 5247
f 5213 5245 5248
f 5213 5248 5221
f 5244 5247 5245
f 5245 5247 5249
f 5245 5249 5248
f 5235 4851 4850
f 5235 5250 4851
f 5250 4852 4851
f 5233 5235 4850
f 5241 5250 5235
f 4828 4834 5251
f 4828 5251 5246
f 4834 5252 5251
f 5246 5251 5253
f 5246 5253 5247
f 5251 5254 5253
f 4834 4835 5252
f 4835 4854 5252
f 5251 5252 5254
f 5252 4854 5255
f 5252 5255 5254
f 5254 5255 5256
f 5247 5253 5257
f 5253 5258 5257
f 5247 5257 5249
f 5249 5257 5259
f 5257 5260 5259
f 5253 5254 5258
f 5254 5256 5258
f 5257 5258 5260
f 5219 5221 5236
f 5221 5248 5261
f 5221 5261 5236
f 5220 5236 5239
f 5234 5241 5235
f 5248 5262 5261
f 5248 5249 5262
f 5261 5262 5263
f 5236 5261 5264
f 5236 5264 5239
f 5228 5239 5240
f 5237 5243 5241
f 5239 5264 5265
f 5261 5263 5264
f 5249 5259 5262
f 5216 5266 5223
f 5226 5267 5222
f 5216 5231 5266
f 5222 5267 5232
f 5223 5268 5225
f 5226 5269 5267
f 5224 5270 5230
f 5224 5238 5270
f 5230 5271 5231
f 5230 5270 5271
f 5229 5269 5226
f 5223 5266 5268
f 5225 5272 5229
f 5225 5268 5272
f 5229 5272 5269
f 5231 5273 5266
f 5267 5242 5232
f 5267 5274 5242
f 5238 5275 5270
f 5269 5274 5267
f 5231 5271 5273
f 5270 5276 5271
f 5269 5277 5274
f 5266 5278 5268
f 5272 5277 5269
f 5266 5273 5278
f 5268 5279 5272
f 5268 5278 5279
f 5272 5279 5277
f 5238 5240 5275
f 5239 5265 5240
f 5270 5275 5276
f 5250 4859 4852
f 5241 5280 5250
f 5280 4859 5250
f 5280 5281 4859
f 5281 4860 4859
f 5281 5282 4860
f 5258 5256 5283
f 5258 5283 5260
f 5260 5283 5284
f 5282 4861 4860
f 5282 4863 4861
f 5285 4864 4863
f 5285 5286 4864
f 5287 4863 5282
f 5288 5282 5281
f 5288 5287 5282
f 5289 5285 5287
f 5287 5285 4863
f 5243 5280 5241
f 5243 5290 5280
f 5290 5281 5280
f 5290 5288 5281
f 5291 5290 5243
f 5291 5292 5290
f 5264 5263 5293
f 5264 5293 5265
f 5265 5293 5294
f 5292 5288 5290
f 5292 5295 5288
f 5296 5295 5292
f 5262 5259 5297
f 5259 5298 5297
f 5262 5297 5263
f 5297 5299 5300
f 5259 5260 5298
f 5260 5284 5298
f 5297 5298 5299
f 5263 5297 5300
f 5263 5300 5293
f 5293 5300 5301
f 5295 5287 5288
f 5295 5289 5287
f 5298 5284 5302
f 5298 5302 5299
f 5299 5302 5303
f 5299 5303 5304
f 5300 5304 5301
f 5293 5301 5294
f 5305 5289 5295
f 5301 5306 5307
f 5300 5299 5304
f 5301 5304 5306
f 5308 5286 5285
f 5308 5309 5286
f 5310 5308 5289
f 5289 5308 5285
f 5311 5309 5308
f 5311 5312 5309
f 5310 5311 5308
f 5305 5310 5289
f 5313 5311 5310
f 5304 5303 5314
f 5304 5314 5306
f 5306 5314 5315
f 5306 5315 5316
f 5317 5312 5311
f 5317 5318 5312
f 5313 5317 5311
f 5316 5315 5319
f 5320 5318 5317
f 5274 5291 5242
f 5277 5321 5274
f 5271 5322 5273
f 5273 5323 5278
f 5279 5324 5277
f 5278 5325 5279
f 5242 5291 5243
f 5240 5265 5326
f 5240 5326 5275
f 5321 5292 5291
f 5265 5294 5326
f 5275 5327 5276
f 5271 5276 5322
f 5274 5321 5291
f 5275 5326 5327
f 5276 5327 5328
f 5321 5296 5292
f 5326 5329 5327
f 5326 5294 5329
f 5296 5305 5295
f 5330 5305 5296
f 5324 5296 5321
f 5324 5330 5296
f 5327 5331 5328
f 5327 5329 5331
f 5328 5331 5332
f 5294 5301 5307
f 5294 5307 5329
f 5329 5307 5333
f 5329 5333 5331
f 5277 5324 5321
f 5276 5328 5322
f 5273 5322 5323
f 5322 5328 5334
f 5322 5334 5323
f 5325 5330 5324
f 5323 5334 5335
f 5328 5332 5334
f 5278 5323 5325
f 5279 5325 5324
f 5323 5335 5325
f 5330 5336 5305
f 5336 5310 5305
f 5307 5316 5333
f 5336 5313 5310
f 5333 5337 5338
f 5307 5306 5316
f 5333 5316 5337
f 5331 5333 5338
f 5331 5338 5332
f 5339 5313 5336
f 5332 5338 5340
f 5332 5340 5339
f 5340 5317 5313
f 5316 5319 5337
f 5338 5337 5320
f 5337 5319 5341
f 5320 5341 5318
f 5337 5341 5320
f 5340 5320 5317
f 5339 5340 5313
f 5338 5320 5340
f 5325 5335 5330
f 5335 5336 5330
f 5334 5332 5339
f 5334 5339 5335
f 5335 5339 5336
f 4854 5342 5255
f 4854 4980 5342
f 4980 4985 5342
f 5255 5343 5256
f 5255 5342 5343
f 4980 4982 4985
f 5342 5344 5343
f 5343 5345 5346
f 5342 4985 5344
f 4985 4984 5347
f 4985 5347 5344
f 5343 5344 5345
f 5344 5347 5348
f 5344 5348 5345
f 5256 5346 5283
f 5256 5343 5346
f 5283 5346 5349
f 5283 5349 5284
f 5346 5345 5350
f 5286 5094 4864
f 5345 5348 5351
f 5345 5351 5350
f 5350 5351 5352
f 5346 5350 5349
f 5284 5349 5353
f 5349 5354 5353
f 5353 5355 5356
f 5349 5350 5354
f 5350 5352 5354
f 5354 5352 5357
f 5353 5354 5355
f 4984 5096 5347
f 5347 5358 5348
f 5347 5096 5358
f 5096 5099 5358
f 5348 5358 5359
f 5348 5359 5351
f 5351 5360 5352
f 5351 5359 5360
f 5352 5360 5361
f 5358 5099 5362
f 5358 5362 5359
f 5099 5167 5362
f 5359 5362 5363
f 5362 5170 5363
f 5359 5363 5360
f 5284 5353 5302
f 5302 5356 5303
f 5302 5353 5356
f 5286 5095 5094
f 5364 5105 5095
f 5309 5095 5286
f 5309 5364 5095
f 5364 5107 5105
f 5107 5111 5106
f 5365 5111 5107
f 5366 5107 5364
f 5312 5364 5309
f 5312 5366 5364
f 5354 5357 5355
f 5355 5357 5367
f 5356 5355 5368
f 5355 5367 5368
f 5368 5367 5369
f 5368 5369 5370
f 5365 5371 5111
f 5372 5365 5366
f 5366 5365 5107
f 5373 5371 5365
f 5373 5374 5371
f 5372 5373 5365
f 5370 5369 5375
f 5376 5374 5373
f 5371 5112 5111
f 5363 5377 5378
f 5360 5378 5361
f 5360 5363 5378
f 5361 5378 5379
f 5361 5379 5380
f 5380 5379 5381
f 5378 5382 5379
f 5379 5383 5381
f 5352 5361 5357
f 5357 5361 5380
f 5357 5380 5367
f 5367 5384 5369
f 5367 5380 5384
f 5371 5115 5112
f 5374 5115 5371
f 5374 5385 5115
f 5385 5116 5115
f 5385 5386 5116
f 5386 5191 5116
f 5381 5387 5388
f 5389 5386 5385
f 5390 5199 5386
f 5388 5391 5390
f 5369 5384 5392
f 5369 5392 5375
f 5393 5385 5374
f 5393 5389 5385
f 5375 5389 5393
f 5375 5392 5389
f 5380 5381 5384
f 5384 5388 5392
f 5384 5381 5388
f 5392 5388 5390
f 5389 5390 5386
f 5392 5390 5389
f 5303 5356 5394
f 5356 5368 5394
f 5303 5394 5314
f 5394 5370 5395
f 5314 5394 5395
f 5394 5368 5370
f 5314 5395 5315
f 5318 5366 5312
f 5318 5372 5366
f 5395 5396 5397
f 5398 5373 5372
f 5397 5376 5398
f 5395 5370 5396
f 5370 5375 5396
f 5396 5375 5393
f 5376 5393 5374
f 5396 5393 5376
f 5397 5396 5376
f 5398 5376 5373
f 5315 5397 5319
f 5315 5395 5397
f 5341 5372 5318
f 5319 5397 5398
f 5341 5398 5372
f 5319 5398 5341
f 5362 5167 5170
f 5363 5170 5377
f 5378 5377 5382
f 5170 5192 5377
f 5170 5169 5192
f 5377 5192 5193
f 5377 5193 5382
f 5382 5193 5197
f 5382 5197 5383
f 5379 5382 5383
f 5386 5199 5191
f 5383 5197 5201
f 5383 5201 5387
f 5381 5383 5387
f 5391 5195 5199
f 5387 5201 5200
f 5391 5200 5195
f 5388 5387 5391
f 5390 5391 5199
f 5387 5200 5391
f 5197 5198 5201
f 5201 5202 5200
f 5399 5400 5401
f 5402 5403 5404
f 5402 5404 5405
f 5406 5407 5403
f 5406 5403 5402
f 5408 5407 5406
f 5409 5410 5408
f 5408 5410 5407
f 5409 5411 5410
f 5412 5411 5409
f 5412 5413 5411
f 5414 5413 5412
f 5415 5402 5416
f 5417 5408 5406
f 5418 5409 5408
f 5417 5406 5415
f 5419 5416 5420
f 5421 5416 5419
f 5421 5415 5416
f 5422 5419 5423
f 5416 5402 5405
f 5416 5405 5420
f 5424 5425 5426
f 5424 5426 5427
f 5420 5405 5425
f 5420 5425 5424
f 5423 5420 5424
f 5423 5424 5428
f 5428 5424 5427
f 5428 5427 5429
f 5430 5428 5429
f 5415 5406 5402
f 5431 5412 5409
f 5432 5412 5431
f 5432 5414 5412
f 5433 5434 5414
f 5433 5414 5432
f 5435 5434 5433
f 5419 5420 5423
f 5436 5423 5428
f 5437 5438 5439
f 5403 5440 5441
f 5404 5441 5442
f 5425 5443 5444
f 5425 5444 5426
f 5445 5446 5447
f 5445 5448 5446
f 5403 5441 5404
f 5404 5442 5443
f 5443 5449 5444
f 5426 5444 5448
f 5426 5448 5445
f 5450 5451 5452
f 5450 5452 5453
f 5453 5454 5455
f 5446 5450 5453
f 5456 5453 5455
f 5457 5455 5458
f 5447 5446 5456
f 5447 5456 5459
f 5459 5456 5457
f 5459 5457 5460
f 5460 5457 5461
f 5462 5461 5463
f 5460 5461 5462
f 5456 5455 5457
f 5446 5453 5456
f 5457 5458 5461
f 5441 5464 5442
f 5442 5465 5449
f 5444 5449 5466
f 5448 5466 5450
f 5439 5467 5440
f 5440 5468 5441
f 5437 5469 5438
f 5470 5471 5469
f 5472 5471 5470
f 5473 5474 5472
f 5439 5438 5467
f 5440 5467 5468
f 5472 5474 5471
f 5473 5475 5474
f 5476 5475 5473
f 5477 5478 5476
f 5443 5442 5449
f 5449 5465 5479
f 5449 5479 5466
f 5466 5451 5450
f 5442 5464 5465
f 5441 5468 5464
f 5438 5469 5480
f 5469 5471 5480
f 5466 5479 5451
f 5464 5468 5480
f 5465 5464 5480
f 5467 5438 5480
f 5468 5467 5480
f 5471 5474 5480
f 5474 5475 5480
f 5475 5478 5480
f 5478 5481 5480
f 5477 5481 5478
f 5476 5478 5475
f 5482 5481 5477
f 5483 5484 5482
f 5482 5484 5481
f 5483 5485 5484
f 5486 5485 5483
f 5444 5466 5448
f 5448 5450 5446
f 5487 5459 5488
f 5427 5426 5445
f 5427 5445 5489
f 5489 5445 5447
f 5487 5447 5459
f 5489 5447 5487
f 5429 5427 5489
f 5429 5489 5490
f 5490 5489 5487
f 5491 5490 5492
f 5490 5487 5492
f 5492 5487 5488
f 5492 5488 5493
f 5494 5492 5493
f 5488 5459 5460
f 5488 5460 5495
f 5495 5460 5462
f 5399 5462 5400
f 5495 5462 5399
f 5493 5488 5495
f 5493 5495 5496
f 5497 5493 5496
f 5496 5495 5399
f 5496 5399 5498
f 5498 5399 5401
f 5499 5496 5498
f 5500 5498 5501
f 5410 5437 5439
f 5411 5470 5437
f 5470 5469 5437
f 5407 5439 5440
f 5413 5472 5470
f 5502 5473 5472
f 5503 5476 5473
f 5410 5439 5407
f 5407 5440 5403
f 5405 5404 5443
f 5405 5443 5425
f 5411 5437 5410
f 5413 5470 5411
f 5502 5472 5413
f 5434 5503 5502
f 5503 5473 5502
f 5504 5476 5503
f 5505 5504 5503
f 5506 5507 5504
f 5508 5507 5506
f 5414 5502 5413
f 5434 5502 5414
f 5505 5503 5434
f 5506 5504 5505
f 5504 5477 5476
f 5507 5482 5477
f 5509 5483 5482
f 5510 5486 5483
f 5511 5512 5486
f 5507 5477 5504
f 5509 5482 5507
f 5508 5509 5507
f 5513 5509 5508
f 5513 5510 5509
f 5510 5483 5509
f 5514 5512 5511
f 5511 5486 5510
f 5515 5514 5511
f 5516 5511 5510
f 5516 5510 5513
f 5515 5511 5516
f 5517 5429 5490
f 5435 5505 5434
f 5518 5505 5435
f 5518 5506 5505
f 5519 5508 5506
f 5519 5506 5518
f 5520 5435 5521
f 5520 5518 5435
f 5522 5519 5518
f 5522 5518 5520
f 5523 5519 5522
f 5524 5522 5520
f 5525 5515 5516
f 5526 5513 5508
f 5526 5508 5519
f 5527 5513 5526
f 5527 5516 5513
f 5525 5516 5527
f 5528 5527 5526
f 5523 5526 5519
f 5528 5526 5523
f 5529 5523 5522
f 5530 5527 5528
f 5530 5525 5527
f 5531 5530 5528
f 5532 5528 5523
f 5533 5422 5436
f 5430 5429 5517
f 5534 5430 5517
f 5534 5517 5535
f 5436 5428 5430
f 5536 5436 5430
f 5536 5430 5534
f 5422 5423 5436
f 5533 5436 5536
f 5537 5536 5534
f 5537 5534 5538
f 5538 5534 5535
f 5538 5535 5539
f 5540 5538 5539
f 5540 5539 5541
f 5542 5538 5540
f 5543 5540 5541
f 5544 5491 5494
f 5494 5493 5497
f 5545 5494 5497
f 5491 5492 5494
f 5544 5494 5545
f 5546 5545 5547
f 5548 5545 5546
f 5497 5496 5499
f 5547 5497 5499
f 5547 5499 5549
f 5499 5498 5500
f 5549 5499 5500
f 5549 5500 5550
f 5551 5547 5549
f 5552 5549 5550
f 5552 5550 5553
f 5551 5549 5552
f 5545 5497 5547
f 5546 5547 5551
f 5554 5552 5555
f 5555 5552 5553
f 5556 5555 5557
f 5554 5551 5552
f 5558 5546 5551
f 5558 5551 5554
f 5559 5558 5554
f 5560 5554 5555
f 5559 5554 5560
f 5561 5560 5562
f 5560 5555 5556
f 5562 5560 5556
f 5562 5556 5563
f 5517 5490 5491
f 5535 5491 5544
f 5535 5517 5491
f 5539 5544 5548
f 5539 5535 5544
f 5548 5544 5545
f 5529 5522 5524
f 5532 5523 5529
f 5564 5529 5524
f 5565 5529 5564
f 5531 5528 5532
f 5565 5532 5529
f 5566 5532 5565
f 5567 5565 5564
f 5541 5539 5548
f 5541 5548 5568
f 5568 5548 5546
f 5568 5546 5558
f 5569 5568 5558
f 5569 5558 5559
f 5570 5569 5559
f 5571 5541 5568
f 5571 5568 5569
f 5572 5571 5569
f 5543 5541 5571
f 5572 5569 5570
f 5561 5559 5560
f 5570 5559 5561
f 5573 5574 5575
f 5576 5577 5578
f 5400 5577 5576
f 5578 5574 5573
f 5573 5575 5579
f 5580 5578 5573
f 5576 5578 5580
f 5580 5573 5581
f 5579 5575 5582
f 5583 5582 5584
f 5581 5579 5585
f 5585 5583 5586
f 5579 5582 5583
f 5583 5584 5587
f 5581 5573 5579
f 5585 5579 5583
f 5586 5587 5588
f 5586 5583 5587
f 5588 5587 5589
f 5588 5589 5590
f 5401 5400 5576
f 5401 5576 5591
f 5592 5580 5581
f 5591 5580 5592
f 5591 5576 5580
f 5501 5401 5591
f 5498 5401 5501
f 5501 5591 5593
f 5594 5501 5593
f 5593 5591 5592
f 5595 5592 5596
f 5593 5592 5595
f 5597 5593 5595
f 5598 5586 5599
f 5600 5596 5598
f 5601 5600 5602
f 5602 5598 5599
f 5600 5598 5602
f 5602 5599 5603
f 5604 5602 5603
f 5596 5581 5585
f 5592 5581 5596
f 5596 5585 5598
f 5598 5585 5586
f 5599 5586 5588
f 5595 5596 5600
f 5605 5595 5600
f 5599 5588 5606
f 5603 5599 5606
f 5603 5606 5607
f 5608 5603 5607
f 5609 5607 5610
f 5606 5588 5590
f 5606 5590 5611
f 5611 5590 5612
f 5607 5606 5611
f 5607 5611 5610
f 5610 5611 5613
f 5614 5610 5615
f 5500 5501 5594
f 5594 5593 5597
f 5550 5594 5616
f 5616 5594 5597
f 5597 5595 5605
f 5616 5597 5617
f 5617 5597 5605
f 5553 5616 5618
f 5619 5617 5620
f 5618 5617 5619
f 5618 5616 5617
f 5605 5600 5601
f 5620 5605 5601
f 5620 5601 5621
f 5601 5602 5604
f 5621 5601 5604
f 5621 5604 5622
f 5623 5620 5621
f 5624 5621 5622
f 5623 5621 5624
f 5617 5605 5620
f 5619 5620 5623
f 5557 5618 5625
f 5625 5619 5626
f 5625 5618 5619
f 5627 5625 5626
f 5628 5625 5627
f 5629 5627 5630
f 5626 5623 5631
f 5631 5623 5624
f 5631 5624 5632
f 5633 5631 5632
f 5633 5632 5634
f 5635 5631 5633
f 5636 5633 5634
f 5637 5633 5636
f 5626 5619 5623
f 5635 5626 5631
f 5627 5626 5635
f 5630 5635 5637
f 5630 5627 5635
f 5637 5635 5633
f 5638 5639 5640
f 5641 5638 5640
f 5642 5641 5643
f 5641 5640 5643
f 5644 5641 5642
f 5640 5645 5646
f 5643 5640 5646
f 5647 5646 5648
f 5643 5646 5647
f 5649 5643 5647
f 5642 5643 5649
f 5649 5647 5650
f 5650 5647 5651
f 5622 5604 5608
f 5652 5608 5609
f 5622 5608 5652
f 5604 5603 5608
f 5608 5607 5609
f 5652 5609 5653
f 5653 5609 5614
f 5654 5622 5652
f 5624 5622 5654
f 5654 5652 5639
f 5639 5652 5653
f 5639 5653 5645
f 5609 5610 5614
f 5614 5615 5655
f 5653 5614 5656
f 5645 5653 5656
f 5645 5656 5657
f 5656 5614 5655
f 5656 5655 5658
f 5657 5656 5658
f 5657 5658 5659
f 5632 5654 5638
f 5632 5624 5654
f 5638 5654 5639
f 5634 5632 5638
f 5640 5639 5645
f 5634 5638 5641
f 5644 5634 5641
f 5636 5634 5644
f 5646 5645 5657
f 5646 5657 5648
f 5651 5648 5660
f 5647 5648 5651
f 5648 5657 5659
f 5648 5659 5660
f 5651 5660 5661
f 5662 5661 5663
f 5664 5665 5666
f 5667 5665 5664
f 5461 5458 5667
f 5577 5664 5668
f 5463 5667 5664
f 5455 5454 5669
f 5455 5669 5458
f 5458 5670 5667
f 5453 5452 5454
f 5452 5451 5480
f 5454 5452 5480
f 5669 5454 5480
f 5667 5670 5665
f 5458 5669 5670
f 5671 5666 5480
f 5670 5669 5480
f 5665 5670 5480
f 5666 5665 5480
f 5668 5666 5671
f 5574 5671 5672
f 5664 5666 5668
f 5668 5671 5574
f 5574 5672 5575
f 5575 5673 5582
f 5575 5672 5673
f 5582 5673 5674
f 5578 5668 5574
f 5672 5671 5480
f 5673 5672 5480
f 5674 5673 5480
f 5675 5674 5480
f 5676 5675 5480
f 5677 5676 5678
f 5461 5667 5463
f 5463 5664 5577
f 5400 5463 5577
f 5462 5463 5400
f 5577 5668 5578
f 5479 5465 5480
f 5451 5479 5480
f 5481 5484 5480
f 5484 5485 5480
f 5485 5679 5480
f 5679 5680 5480
f 5681 5682 5480
f 5682 5683 5480
f 5684 5685 5480
f 5680 5684 5480
f 5685 5681 5480
f 5686 5681 5685
f 5486 5679 5485
f 5512 5680 5679
f 5687 5684 5680
f 5687 5680 5512
f 5512 5679 5486
f 5688 5685 5684
f 5688 5684 5687
f 5686 5685 5688
f 5514 5687 5512
f 5689 5688 5687
f 5690 5686 5688
f 5691 5678 5480
f 5683 5691 5480
f 5678 5676 5480
f 5692 5682 5681
f 5693 5683 5682
f 5693 5682 5692
f 5694 5691 5683
f 5695 5678 5691
f 5695 5691 5694
f 5694 5683 5693
f 5696 5694 5693
f 5692 5681 5686
f 5697 5692 5686
f 5698 5693 5692
f 5690 5688 5689
f 5697 5686 5690
f 5698 5692 5697
f 5696 5693 5698
f 5699 5697 5690
f 5700 5698 5697
f 5700 5697 5699
f 5582 5674 5584
f 5584 5674 5675
f 5584 5675 5701
f 5587 5584 5701
f 5589 5701 5677
f 5701 5675 5676
f 5701 5676 5677
f 5677 5678 5695
f 5702 5677 5695
f 5702 5695 5703
f 5587 5701 5589
f 5590 5589 5702
f 5590 5702 5612
f 5589 5677 5702
f 5612 5702 5703
f 5612 5703 5704
f 5703 5695 5694
f 5703 5694 5696
f 5704 5703 5696
f 5704 5696 5705
f 5705 5696 5698
f 5705 5698 5700
f 5706 5700 5699
f 5707 5705 5700
f 5707 5700 5706
f 5708 5704 5705
f 5708 5705 5707
f 5709 5707 5710
f 5710 5707 5706
f 5710 5706 5711
f 5712 5710 5711
f 5689 5687 5514
f 5713 5689 5514
f 5713 5514 5515
f 5714 5690 5689
f 5714 5689 5713
f 5699 5690 5714
f 5715 5714 5713
f 5716 5713 5515
f 5716 5515 5525
f 5715 5713 5716
f 5717 5699 5714
f 5717 5714 5715
f 5718 5716 5525
f 5719 5716 5718
f 5720 5717 5715
f 5719 5715 5716
f 5720 5715 5719
f 5721 5719 5718
f 5718 5525 5530
f 5722 5718 5530
f 5706 5699 5717
f 5711 5717 5720
f 5711 5706 5717
f 5723 5711 5720
f 5724 5720 5719
f 5611 5612 5613
f 5613 5612 5704
f 5613 5704 5708
f 5615 5613 5708
f 5615 5708 5709
f 5610 5613 5615
f 5655 5615 5709
f 5709 5708 5707
f 5725 5709 5710
f 5550 5500 5594
f 5553 5550 5616
f 5712 5711 5723
f 5726 5723 5727
f 5555 5553 5557
f 5557 5553 5618
f 5628 5557 5625
f 5556 5557 5628
f 5563 5556 5628
f 5563 5628 5629
f 5629 5628 5627
f 5721 5718 5722
f 5724 5719 5721
f 5728 5721 5722
f 5729 5728 5730
f 5722 5530 5531
f 5566 5531 5532
f 5730 5722 5531
f 5730 5531 5566
f 5728 5722 5730
f 5731 5566 5732
f 5732 5566 5565
f 5732 5565 5567
f 5731 5730 5566
f 5729 5730 5731
f 5723 5720 5724
f 5733 5724 5721
f 5733 5721 5728
f 5727 5723 5724
f 5727 5724 5733
f 5734 5733 5728
f 5734 5728 5729
f 5735 5727 5733
f 5735 5733 5734
f 5736 5567 5737
f 5736 5732 5567
f 5738 5731 5732
f 5738 5732 5736
f 5739 5738 5736
f 5739 5736 5740
f 5741 5734 5742
f 5742 5734 5729
f 5742 5729 5743
f 5744 5742 5743
f 5744 5743 5745
f 5746 5745 5747
f 5743 5729 5731
f 5743 5731 5738
f 5745 5743 5738
f 5745 5738 5739
f 5747 5739 5748
f 5748 5739 5740
f 5748 5740 5749
f 5747 5745 5739
f 5655 5709 5725
f 5658 5725 5750
f 5658 5655 5725
f 5659 5658 5750
f 5659 5750 5751
f 5725 5710 5712
f 5750 5725 5712
f 5750 5712 5726
f 5726 5712 5723
f 5752 5726 5727
f 5752 5727 5735
f 5751 5750 5726
f 5751 5726 5752
f 5753 5752 5735
f 5753 5735 5741
f 5754 5751 5752
f 5754 5752 5753
f 5755 5753 5741
f 5755 5741 5756
f 5757 5755 5756
f 5757 5756 5758
f 5660 5659 5751
f 5660 5751 5754
f 5661 5660 5754
f 5663 5754 5753
f 5661 5754 5663
f 5759 5663 5755
f 5759 5755 5757
f 5662 5663 5759
f 5663 5753 5755
f 5741 5735 5734
f 5756 5741 5742
f 5756 5742 5744
f 5758 5756 5744
f 5758 5744 5746
f 5746 5744 5745
f 5760 5562 5563
f 5761 5570 5561
f 5762 5572 5570
f 5762 5570 5761
f 5763 5561 5562
f 5763 5562 5760
f 5764 5763 5760
f 5764 5760 5765
f 5761 5561 5763
f 5766 5761 5763
f 5766 5763 5764
f 5767 5766 5764
f 5768 5764 5765
f 5767 5764 5768
f 5769 5637 5636
f 5769 5636 5770
f 5771 5769 5770
f 5772 5637 5769
f 5772 5630 5637
f 5773 5772 5769
f 5773 5769 5771
f 5774 5773 5771
f 5774 5771 5775
f 5776 5774 5775
f 5777 5644 5642
f 5777 5642 5778
f 5779 5777 5778
f 5780 5781 5782
f 5783 5780 5784
f 5778 5642 5649
f 5778 5649 5781
f 5785 5778 5781
f 5781 5649 5650
f 5781 5650 5782
f 5786 5785 5783
f 5779 5778 5785
f 5786 5779 5785
f 5785 5781 5780
f 5783 5785 5780
f 5787 5784 5788
f 5789 5787 5788
f 5790 5786 5783
f 5787 5783 5784
f 5790 5783 5787
f 5791 5790 5787
f 5791 5787 5789
f 5792 5791 5789
f 5770 5636 5644
f 5770 5644 5777
f 5793 5770 5777
f 5771 5770 5793
f 5775 5793 5794
f 5793 5777 5779
f 5794 5793 5779
f 5794 5779 5786
f 5775 5771 5793
f 5795 5794 5786
f 5796 5794 5795
f 5797 5795 5798
f 5796 5775 5794
f 5776 5775 5796
f 5799 5796 5797
f 5797 5796 5795
f 5800 5797 5798
f 5795 5786 5790
f 5798 5795 5790
f 5798 5790 5791
f 5801 5798 5791
f 5792 5789 5802
f 5801 5791 5792
f 5803 5792 5802
f 5803 5802 5804
f 5805 5801 5792
f 5805 5792 5803
f 5806 5803 5804
f 5800 5798 5801
f 5807 5800 5801
f 5807 5801 5805
f 5808 5805 5803
f 5808 5803 5806
f 5809 5805 5808
f 5810 5563 5629
f 5811 5629 5630
f 5811 5630 5772
f 5812 5811 5772
f 5810 5629 5811
f 5813 5811 5812
f 5760 5563 5810
f 5765 5760 5810
f 5813 5810 5811
f 5765 5810 5813
f 5814 5813 5812
f 5815 5813 5814
f 5812 5772 5773
f 5816 5773 5774
f 5816 5812 5773
f 5814 5812 5816
f 5817 5816 5774
f 5817 5774 5776
f 5818 5817 5776
f 5819 5816 5817
f 5819 5814 5816
f 5820 5819 5817
f 5820 5817 5818
f 5815 5765 5813
f 5768 5765 5815
f 5821 5748 5749
f 5822 5747 5748
f 5822 5748 5821
f 5823 5821 5824
f 5825 5815 5814
f 5825 5814 5819
f 5826 5768 5815
f 5826 5815 5825
f 5827 5826 5825
f 5827 5825 5828
f 5828 5825 5819
f 5828 5819 5820
f 5829 5820 5818
f 5830 5828 5820
f 5831 5832 5833
f 5832 5759 5757
f 5832 5757 5833
f 5831 5833 5834
f 5833 5757 5758
f 5834 5833 5835
f 5833 5758 5835
f 5834 5835 5836
f 5837 5836 5838
f 5839 5834 5836
f 5839 5836 5837
f 5799 5776 5796
f 5818 5776 5799
f 5840 5799 5797
f 5841 5818 5799
f 5842 5839 5837
f 5842 5837 5843
f 5843 5837 5844
f 5845 5846 5847
f 5845 5843 5846
f 5848 5747 5822
f 5848 5746 5747
f 5835 5758 5746
f 5835 5746 5848
f 5838 5848 5822
f 5838 5822 5823
f 5836 5848 5838
f 5844 5823 5849
f 5844 5838 5823
f 5823 5822 5821
f 5849 5823 5824
f 5849 5824 5850
f 5836 5835 5848
f 5837 5838 5844
f 5851 5849 5850
f 5851 5850 5852
f 5853 5851 5852
f 5853 5852 5854
f 5855 5854 5856
f 5843 5844 5846
f 5846 5844 5849
f 5846 5849 5851
f 5847 5846 5851
f 5847 5851 5853
f 5857 5847 5853
f 5858 5853 5854
f 5830 5820 5829
f 5859 5828 5830
f 5841 5799 5840
f 5840 5797 5800
f 5860 5840 5800
f 5829 5818 5841
f 5861 5841 5840
f 5861 5840 5860
f 5860 5800 5807
f 5862 5860 5807
f 5809 5807 5805
f 5863 5806 5864
f 5862 5807 5809
f 5863 5808 5806
f 5865 5847 5857
f 5866 5857 5858
f 5867 5860 5862
f 5867 5861 5860
f 5863 5809 5808
f 5863 5862 5809
f 5868 5829 5841
f 5869 5829 5868
f 5868 5841 5861
f 5870 5868 5861
f 5869 5830 5829
f 5871 5830 5869
f 5872 5869 5868
f 5873 5871 5869
f 5873 5869 5872
f 5857 5853 5858
f 5866 5858 5874
f 5874 5858 5855
f 5874 5855 5875
f 5870 5861 5867
f 5863 5867 5862
f 5872 5868 5870
f 5863 5870 5867
f 5876 5874 5875
f 5863 5877 5876
f 5876 5875 5878
f 5863 5876 5878
f 5863 5878 5879
f 5858 5854 5855
f 5875 5855 5880
f 5875 5880 5881
f 5863 5872 5870
f 5879 5881 5882
f 5863 5873 5872
f 5878 5875 5881
f 5863 5879 5883
f 5878 5881 5879
f 5879 5882 5883
f 5863 5883 5884
f 5418 5408 5417
f 5431 5409 5418
f 5885 5415 5421
f 5885 5417 5415
f 5886 5418 5417
f 5886 5417 5885
f 5887 5885 5421
f 5888 5886 5885
f 5889 5418 5886
f 5889 5431 5418
f 5890 5421 5419
f 5891 5889 5886
f 5892 5432 5431
f 5892 5431 5889
f 5893 5432 5892
f 5894 5892 5889
f 5893 5433 5432
f 5521 5435 5433
f 5521 5433 5893
f 5895 5893 5892
f 5896 5521 5893
f 5897 5520 5521
f 5888 5885 5887
f 5887 5421 5890
f 5898 5890 5899
f 5890 5419 5422
f 5899 5890 5422
f 5899 5422 5533
f 5891 5886 5888
f 5900 5533 5536
f 5901 5899 5533
f 5901 5533 5900
f 5898 5887 5890
f 5902 5887 5898
f 5902 5888 5887
f 5903 5891 5888
f 5903 5888 5902
f 5904 5891 5903
f 5905 5898 5899
f 5905 5899 5901
f 5906 5902 5898
f 5906 5898 5905
f 5907 5903 5902
f 5907 5902 5906
f 5894 5889 5891
f 5895 5892 5894
f 5904 5894 5891
f 5908 5894 5904
f 5896 5893 5895
f 5908 5895 5894
f 5909 5896 5895
f 5909 5895 5908
f 5900 5536 5537
f 5910 5904 5903
f 5910 5903 5907
f 5911 5904 5910
f 5911 5908 5904
f 5912 5908 5911
f 5913 5900 5537
f 5914 5901 5915
f 5915 5901 5900
f 5915 5900 5913
f 5916 5913 5542
f 5917 5907 5906
f 5918 5915 5913
f 5918 5913 5916
f 5542 5537 5538
f 5919 5542 5540
f 5913 5537 5542
f 5920 5919 5543
f 5919 5540 5543
f 5921 5543 5571
f 5920 5543 5921
f 5922 5910 5907
f 5922 5907 5917
f 5923 5911 5910
f 5924 5911 5923
f 5923 5910 5922
f 5925 5923 5922
f 5916 5542 5919
f 5926 5916 5919
f 5926 5919 5920
f 5914 5905 5901
f 5927 5905 5914
f 5927 5906 5905
f 5928 5914 5915
f 5929 5927 5914
f 5917 5906 5927
f 5930 5917 5927
f 5929 5914 5928
f 5928 5915 5918
f 5931 5918 5916
f 5931 5916 5926
f 5930 5927 5929
f 5932 5928 5918
f 5933 5929 5928
f 5932 5918 5931
f 5933 5928 5932
f 5934 5930 5929
f 5934 5929 5933
f 5935 5922 5917
f 5935 5917 5930
f 5936 5935 5930
f 5925 5922 5935
f 5937 5925 5935
f 5937 5935 5936
f 5936 5930 5934
f 5897 5521 5896
f 5938 5897 5896
f 5938 5896 5909
f 5524 5520 5897
f 5939 5897 5938
f 5939 5524 5897
f 5912 5909 5908
f 5940 5938 5909
f 5940 5909 5912
f 5941 5939 5938
f 5941 5938 5940
f 5564 5524 5939
f 5942 5564 5939
f 5942 5939 5941
f 5567 5564 5942
f 5943 5940 5912
f 5944 5941 5940
f 5944 5940 5943
f 5921 5571 5572
f 5924 5912 5911
f 5943 5912 5924
f 5945 5924 5923
f 5946 5943 5924
f 5945 5923 5925
f 5947 5943 5946
f 5946 5924 5945
f 5948 5946 5945
f 5949 5942 5941
f 5949 5941 5944
f 5737 5942 5949
f 5737 5567 5942
f 5950 5737 5949
f 5951 5949 5944
f 5951 5944 5947
f 5950 5949 5951
f 5947 5944 5943
f 5952 5947 5946
f 5952 5946 5948
f 5953 5951 5947
f 5953 5947 5952
f 5954 5945 5925
f 5954 5925 5937
f 5948 5945 5954
f 5740 5736 5737
f 5740 5737 5950
f 5955 5950 5951
f 5955 5951 5953
f 5749 5740 5950
f 5749 5950 5955
f 5956 5920 5921
f 5956 5921 5957
f 5958 5931 5959
f 5959 5931 5926
f 5959 5926 5960
f 5961 5934 5933
f 5962 5959 5960
f 5960 5926 5920
f 5960 5920 5956
f 5963 5960 5956
f 5964 5956 5957
f 5963 5956 5964
f 5965 5936 5934
f 5965 5934 5961
f 5966 5937 5936
f 5966 5936 5965
f 5962 5960 5963
f 5967 5963 5964
f 5957 5921 5572
f 5957 5572 5762
f 5968 5762 5761
f 5968 5761 5766
f 5969 5957 5762
f 5964 5957 5969
f 5969 5762 5968
f 5970 5969 5968
f 5970 5968 5971
f 5971 5968 5766
f 5971 5766 5767
f 5972 5952 5948
f 5973 5953 5952
f 5973 5952 5972
f 5974 5767 5768
f 5975 5971 5767
f 5975 5767 5974
f 5976 5975 5974
f 5977 5954 5937
f 5977 5937 5966
f 5978 5948 5954
f 5978 5954 5977
f 5979 5969 5970
f 5979 5964 5969
f 5980 5966 5965
f 5981 5977 5966
f 5967 5964 5979
f 5980 5965 5982
f 5981 5966 5980
f 5983 5980 5984
f 5972 5948 5978
f 5985 5978 5977
f 5986 5972 5978
f 5985 5977 5981
f 5986 5978 5985
f 5987 5986 5985
f 5987 5985 5988
f 5988 5985 5981
f 5988 5981 5983
f 5983 5981 5980
f 5989 5979 5970
f 5989 5970 5990
f 5991 5979 5989
f 5990 5970 5971
f 5990 5971 5975
f 5992 5990 5975
f 5992 5975 5976
f 5993 5983 5984
f 5994 5988 5983
f 5994 5983 5993
f 5995 5989 5990
f 5995 5990 5992
f 5958 5932 5931
f 5996 5933 5932
f 5996 5932 5958
f 5997 5958 5959
f 5961 5933 5996
f 5998 5996 5958
f 5997 5959 5962
f 5998 5958 5997
f 5999 5997 5962
f 6000 5961 5996
f 5982 5965 5961
f 6001 5962 5963
f 6000 5996 5998
f 5982 5961 6000
f 6001 5963 5967
f 5999 5962 6001
f 6002 5998 5997
f 6002 5997 5999
f 6003 6000 5998
f 6003 5998 6002
f 6004 6001 5967
f 6005 5999 6001
f 6006 6002 5999
f 6005 6001 6004
f 6006 5999 6005
f 6007 6005 6004
f 6008 5982 6000
f 6008 6000 6003
f 5984 5980 5982
f 5984 5982 6008
f 5991 5967 5979
f 6004 5967 5991
f 6009 5984 6008
f 6009 6008 6010
f 6011 5991 5989
f 6012 6003 6002
f 6010 6008 6003
f 6010 6003 6012
f 6013 6004 5991
f 6013 5991 6011
f 5993 5984 6009
f 6011 5989 5995
f 6014 5993 6009
f 6015 5995 5992
f 6014 6009 6016
f 6016 6009 6010
f 6017 6011 5995
f 6018 6010 6012
f 6016 6010 6018
f 6019 6018 6020
f 6012 6002 6006
f 6021 6006 6005
f 6007 6004 6013
f 6020 6012 6006
f 6020 6006 6021
f 6021 6005 6007
f 6022 6007 6013
f 6023 6021 6007
f 6018 6012 6020
f 6024 6013 6011
f 6025 6020 6021
f 6017 5995 6015
f 6024 6011 6017
f 6022 6013 6024
f 6019 6020 6025
f 6025 6021 6023
f 6023 6007 6022
f 6026 5955 5953
f 6027 5749 5955
f 6027 5955 6026
f 6026 5953 5973
f 6028 5973 5972
f 6029 6026 5973
f 6028 5972 5986
f 6030 6028 5986
f 6029 5973 6028
f 6031 6029 6028
f 6031 6028 6030
f 5821 5749 6027
f 6032 6027 6026
f 5824 5821 6027
f 6032 6026 6029
f 6033 6032 6029
f 6033 6029 6031
f 5824 6027 6032
f 5850 5824 6032
f 5850 6032 6033
f 5974 5768 5826
f 6034 5974 5826
f 6034 5826 5827
f 5976 5974 6034
f 6035 6034 5827
f 6036 6033 6031
f 5859 5827 5828
f 6037 6031 6030
f 6037 6030 6038
f 6036 6031 6037
f 6039 6037 6038
f 6039 6038 6040
f 6030 5986 5987
f 6041 5987 5988
f 6038 6030 5987
f 6038 5987 6041
f 6042 5976 6034
f 6041 5988 5994
f 6043 5992 5976
f 6044 5994 5993
f 6045 6041 5994
f 6045 5994 6044
f 6046 6044 6014
f 6040 6038 6041
f 6040 6041 6045
f 6047 6040 6045
f 6048 6045 6044
f 5852 5850 6033
f 5852 6033 6036
f 5856 6036 6037
f 5854 5852 6036
f 5854 6036 5856
f 5880 5856 6039
f 5856 6037 6039
f 6049 6039 6040
f 6042 6034 6035
f 6035 5827 5859
f 5871 5859 5830
f 6050 5859 5871
f 6050 6035 5859
f 6051 6035 6050
f 6043 5976 6042
f 6015 5992 6043
f 6052 6015 6043
f 6051 6042 6035
f 6053 6043 6042
f 6053 6042 6051
f 6047 6045 6048
f 6048 6044 6046
f 6052 6043 6053
f 6046 6014 6054
f 6055 6046 6054
f 6055 6054 6056
f 6057 6052 6053
f 5855 5856 5880
f 5881 5880 6049
f 5880 6039 6049
f 6058 6050 5871
f 6058 5871 5873
f 6049 6040 6047
f 6059 6047 6048
f 6059 6048 6060
f 5882 6049 6047
f 5882 6047 6059
f 6061 6051 6050
f 6062 6051 6061
f 6061 6050 6058
f 5863 6062 6061
f 6063 6060 6055
f 5863 6057 6062
f 6063 6055 6064
f 5863 6065 6066
f 5881 6049 5882
f 5863 6058 5873
f 5883 6059 5884
f 5863 5884 6063
f 5883 5882 6059
f 5863 6061 6058
f 5863 6063 6064
f 5884 6059 6060
f 5884 6060 6063
f 5863 6064 6067
f 5863 6067 6065
f 6060 6048 6046
f 6060 6046 6055
f 6062 6053 6051
f 6057 6053 6062
f 5863 6068 6057
f 6064 6056 6067
f 5863 6066 6069
f 6064 6055 6056
f 5863 6070 6068
f 5863 6069 6071
f 6067 6056 6072
f 6065 6072 6073
f 6068 6052 6057
f 6065 6073 6066
f 6067 6072 6065
f 5863 6074 6070
f 5863 6071 6074
f 6044 5993 6014
f 6054 6014 6016
f 6075 6016 6018
f 6076 6015 6052
f 6054 6016 6075
f 6076 6017 6015
f 6075 6018 6019
f 6077 6024 6017
f 6073 6019 6025
f 6077 6017 6076
f 6056 6054 6075
f 6072 6075 6019
f 6072 6019 6073
f 6056 6075 6072
f 6070 6077 6076
f 6068 6076 6052
f 6066 6073 6078
f 6070 6076 6068
f 6069 6079 6071
f 6073 6025 6078
f 6074 6080 6077
f 6071 6079 6080
f 6069 6078 6079
f 6074 6077 6070
f 6071 6080 6074
f 6078 6025 6023
f 6080 6022 6024
f 6079 6023 6022
f 6079 6022 6080
f 6080 6024 6077
f 6078 6023 6079
f 6066 6078 6069
f 5650 5651 6081
f 6081 5651 5661
f 6081 5661 5662
f 5780 5782 6082
f 5784 5780 6082
f 5784 6082 6083
f 6083 6082 6084
f 6083 6084 6085
f 5782 5650 6081
f 5782 6081 6086
f 6082 5782 6086
f 6084 6086 6087
f 6082 6086 6084
f 6085 6084 6088
f 5788 6083 6089
f 5788 5784 6083
f 6089 6083 6085
f 6089 6085 6090
f 6091 5788 6089
f 6092 6091 6093
f 5789 5788 6091
f 6091 6089 6093
f 6093 6089 6090
f 6094 6093 6095
f 6090 6085 6096
f 6090 6096 6097
f 5802 5789 6091
f 6093 6090 6095
f 6098 6095 6099
f 6095 6090 6097
f 6095 6097 6099
f 6086 6081 5662
f 6086 5662 6087
f 6084 6087 6088
f 6085 6088 6096
f 6088 6087 5832
f 6087 5662 5759
f 6087 5759 5832
f 6096 5831 6100
f 6088 5832 5831
f 6096 6088 5831
f 6097 6096 6100
f 6099 6097 6101
f 6102 6099 6103
f 6099 6101 6103
f 6101 6100 5839
f 6097 6100 6101
f 6103 5842 6104
f 6105 6103 6104
f 6103 6101 5842
f 5802 6091 6092
f 6106 6092 6094
f 6092 6093 6094
f 6106 6094 6107
f 6107 6094 6098
f 6107 6098 6108
f 5804 5802 6092
f 5804 6092 6106
f 6108 6102 6109
f 6110 6106 6107
f 5864 5804 6106
f 5864 6106 6110
f 6111 6107 6108
f 6112 6108 6109
f 6110 6107 6111
f 6111 6108 6112
f 6112 6109 6113
f 6094 6095 6098
f 6098 6099 6102
f 6108 6098 6102
f 6109 6102 6105
f 6102 6103 6105
f 6109 6105 6114
f 5806 5804 5864
f 6113 6109 6114
f 6113 6114 6115
f 6114 6105 6116
f 6105 6104 6116
f 6114 6116 6117
f 5863 6111 6112
f 5863 6110 6111
f 5863 5864 6110
f 5863 6112 6113
f 6115 6114 6117
f 6115 6117 6118
f 6100 5831 5834
f 6100 5834 5839
f 6101 5839 5842
f 6116 6104 5845
f 6104 5842 5843
f 6104 5843 5845
f 5865 5845 5847
f 6117 6116 5865
f 6117 5865 6119
f 6116 5845 5865
f 5863 6113 6115
f 6118 6119 6120
f 6120 6119 5866
f 5863 6115 6118
f 6118 6117 6119
f 6119 5865 5857
f 6119 5857 5866
f 5863 6118 6120
f 6120 5866 5877
f 5877 5866 5874
f 5863 6120 5877
f 5877 5874 5876
