# sionna2 mesh — matrice4e__prop.obj
# group=prop  verts=6384  tris=12752
v 0.148550 0.174139 0.022440
v 0.139425 0.181374 0.022440
v 0.149931 0.176351 0.022440
v 0.146711 0.172290 0.022440
v 0.142048 0.170028 0.022440
v 0.139936 0.169971 0.023926
v 0.139458 0.169729 0.022440
v 0.137604 0.170040 0.023293
v 0.136866 0.170013 0.022440
v 0.144507 0.170897 0.022440
v 0.136884 0.170092 0.023076
v 0.136699 0.170147 0.023014
v 0.137113 0.170075 0.023146
v 0.136984 0.170084 0.023107
v 0.136133 0.170319 0.022826
v 0.135828 0.170410 0.022721
v 0.135276 0.170577 0.022532
v 0.135012 0.170656 0.022440
v 0.135136 0.171099 0.022440
v 0.135569 0.172660 0.022440
v 0.149090 0.176753 0.029838
v 0.147820 0.174718 0.029838
v 0.146128 0.173017 0.029838
v 0.144101 0.171735 0.029838
v 0.141839 0.170936 0.029838
v 0.140903 0.170110 0.024138
v 0.140228 0.170014 0.023993
v 0.139495 0.169908 0.023825
v 0.140287 0.170022 0.024007
v 0.138496 0.169974 0.023551
v 0.137845 0.170022 0.023365
v 0.138681 0.169961 0.023604
v 0.139361 0.169909 0.023789
v 0.139458 0.169902 0.023815
v 0.140729 0.170193 0.024961
v 0.140633 0.170182 0.024961
v 0.140641 0.170183 0.024961
v 0.140266 0.170138 0.024950
v 0.139455 0.170660 0.029838
v 0.139914 0.170096 0.024939
v 0.139842 0.170088 0.024937
v 0.139457 0.170041 0.024915
v 0.139150 0.170071 0.024889
v 0.139021 0.170084 0.024878
v 0.138355 0.170147 0.024804
v 0.138178 0.170164 0.024784
v 0.137657 0.170211 0.024701
v 0.134804 0.171708 0.029838
v 0.134482 0.171035 0.023912
v 0.134727 0.170961 0.023996
v 0.137071 0.170922 0.029838
v 0.137541 0.170222 0.024683
v 0.137315 0.170242 0.024646
v 0.136925 0.170276 0.024574
v 0.136448 0.170427 0.024471
v 0.136708 0.170345 0.024527
v 0.135868 0.170609 0.024328
v 0.135588 0.170697 0.024259
v 0.135026 0.170869 0.024087
v 0.134993 0.170880 0.024077
v 0.144444 0.177395 0.034770
v 0.145203 0.178611 0.034770
v 0.143432 0.176378 0.034770
v 0.142220 0.175611 0.034770
v 0.140868 0.175134 0.034770
v 0.139443 0.174969 0.034770
v 0.138017 0.175126 0.034770
v 0.139425 0.181374 0.034770
v 0.136662 0.175595 0.034770
v 0.132285 0.174230 0.022440
v 0.130341 0.174087 0.022440
v 0.131595 0.172840 0.022440
v 0.128947 0.176291 0.022440
v 0.128079 0.178750 0.022440
v 0.127780 0.181340 0.022440
v 0.128064 0.183933 0.022440
v 0.128918 0.186396 0.022440
v 0.132769 0.172979 0.029838
v 0.131682 0.172767 0.022514
v 0.131068 0.174670 0.029838
v 0.132613 0.172081 0.023089
v 0.133123 0.171800 0.023346
v 0.133394 0.171648 0.023465
v 0.133910 0.171359 0.023690
v 0.134194 0.171198 0.023801
v 0.132225 0.172292 0.022881
v 0.132354 0.172223 0.022959
v 0.131886 0.172589 0.022652
v 0.129786 0.176698 0.029838
v 0.128987 0.178960 0.029838
v 0.128711 0.181343 0.029838
v 0.128973 0.183728 0.029838
v 0.129759 0.185995 0.029838
v 0.135446 0.176355 0.034770
v 0.134429 0.177366 0.034770
v 0.133662 0.178578 0.034770
v 0.133185 0.179931 0.034770
v 0.133020 0.181355 0.034770
v 0.133176 0.182781 0.034770
v 0.133646 0.184136 0.034770
v 0.150785 0.178815 0.022440
v 0.151070 0.181407 0.022440
v 0.150770 0.183998 0.022440
v 0.149902 0.186456 0.022440
v 0.148508 0.188660 0.022440
v 0.146564 0.188518 0.022440
v 0.147254 0.189907 0.022440
v 0.143280 0.190088 0.022440
v 0.149876 0.179020 0.029838
v 0.150138 0.181405 0.029838
v 0.149863 0.183788 0.029838
v 0.149064 0.186050 0.029838
v 0.147782 0.188078 0.029838
v 0.146080 0.189769 0.029838
v 0.147167 0.189981 0.022514
v 0.146964 0.190159 0.022652
v 0.146625 0.190456 0.022881
v 0.146495 0.190525 0.022959
v 0.146237 0.190667 0.023089
v 0.144045 0.191040 0.029838
v 0.145726 0.190948 0.023346
v 0.145455 0.191100 0.023465
v 0.144940 0.191388 0.023690
v 0.144655 0.191550 0.023801
v 0.144367 0.191713 0.023912
v 0.145673 0.179967 0.034770
v 0.145829 0.181392 0.034770
v 0.145665 0.182817 0.034770
v 0.145187 0.184169 0.034770
v 0.144421 0.185381 0.034770
v 0.143404 0.186393 0.034770
v 0.142187 0.187152 0.034770
v 0.141983 0.192734 0.022440
v 0.139391 0.193019 0.022440
v 0.143714 0.191648 0.022440
v 0.143837 0.192092 0.022440
v 0.143573 0.192171 0.022532
v 0.143021 0.192337 0.022721
v 0.142717 0.192429 0.022826
v 0.142151 0.192600 0.023014
v 0.141966 0.192656 0.023076
v 0.141866 0.192663 0.023107
v 0.141736 0.192673 0.023146
v 0.141245 0.192708 0.023293
v 0.136801 0.192719 0.022440
v 0.132138 0.190457 0.022440
v 0.134342 0.191851 0.022440
v 0.138913 0.192776 0.023926
v 0.130299 0.188608 0.022440
v 0.141004 0.192725 0.023365
v 0.140168 0.192787 0.023604
v 0.140353 0.192773 0.023551
v 0.139488 0.192838 0.023789
v 0.139392 0.192846 0.023815
v 0.139354 0.192840 0.023825
v 0.138621 0.192734 0.023993
v 0.138562 0.192726 0.024007
v 0.137946 0.192638 0.024138
v 0.144122 0.191787 0.023996
v 0.143857 0.191868 0.024077
v 0.141779 0.191825 0.029838
v 0.143823 0.191878 0.024087
v 0.143261 0.192050 0.024259
v 0.142982 0.192138 0.024328
v 0.142401 0.192321 0.024471
v 0.142142 0.192403 0.024527
v 0.141924 0.192472 0.024574
v 0.141535 0.192506 0.024646
v 0.141309 0.192526 0.024683
v 0.141192 0.192537 0.024701
v 0.139394 0.192087 0.029838
v 0.140671 0.192583 0.024784
v 0.140494 0.192600 0.024804
v 0.139829 0.192664 0.024878
v 0.139699 0.192677 0.024889
v 0.139392 0.192707 0.024915
v 0.139007 0.192660 0.024937
v 0.137011 0.191812 0.029838
v 0.138121 0.192554 0.024961
v 0.138936 0.192651 0.024939
v 0.138584 0.192609 0.024950
v 0.138216 0.192565 0.024961
v 0.138209 0.192565 0.024961
v 0.134749 0.191013 0.029838
v 0.132721 0.189731 0.029838
v 0.131029 0.188029 0.029838
v 0.140832 0.187622 0.034770
v 0.139406 0.187779 0.034770
v 0.137982 0.187614 0.034770
v 0.136629 0.187136 0.034770
v 0.135417 0.186370 0.034770
v 0.134406 0.185353 0.034770
v 0.157057 0.205648 0.019571
v 0.154126 0.199668 0.020253
v 0.152830 0.200287 0.020208
v 0.155545 0.206371 0.019593
v 0.159551 0.211838 0.019085
v 0.157913 0.212621 0.019171
v 0.158681 0.212254 0.020619
v 0.149893 0.194309 0.020856
v 0.151531 0.200908 0.020606
v 0.150923 0.193817 0.020949
v 0.153389 0.200020 0.021429
v 0.148847 0.194809 0.021122
v 0.156233 0.206042 0.020969
v 0.154049 0.207086 0.020122
v 0.156307 0.213389 0.019797
v 0.150256 0.201518 0.021090
v 0.152583 0.207787 0.020748
v 0.154735 0.214141 0.020524
v 0.147560 0.188042 0.021361
v 0.146811 0.188400 0.021286
v 0.146049 0.188764 0.021475
v 0.150308 0.194110 0.021864
v 0.147117 0.188254 0.022030
v 0.149416 0.194537 0.022523
v 0.145298 0.189123 0.021718
v 0.147817 0.195301 0.021459
v 0.144552 0.189480 0.021980
v 0.146794 0.195791 0.021822
v 0.148465 0.194992 0.023077
v 0.143809 0.189835 0.022249
v 0.145773 0.196278 0.022193
v 0.152298 0.200542 0.022304
v 0.154991 0.206636 0.022034
v 0.157358 0.212887 0.021806
v 0.148990 0.202123 0.021605
v 0.151130 0.201100 0.023050
v 0.153658 0.207273 0.022954
v 0.155934 0.213567 0.022842
v 0.161346 0.218362 0.019046
v 0.160487 0.218773 0.020561
v 0.159729 0.219135 0.019161
v 0.158151 0.219890 0.019800
v 0.162777 0.225060 0.019306
v 0.161956 0.225453 0.020712
v 0.161265 0.225783 0.019420
v 0.159187 0.219395 0.021741
v 0.164327 0.231702 0.019565
v 0.163535 0.232080 0.020872
v 0.162905 0.232381 0.019672
v 0.160733 0.226037 0.021804
v 0.157787 0.220064 0.022774
v 0.147482 0.195461 0.023558
v 0.146479 0.195941 0.023983
v 0.149919 0.201678 0.023707
v 0.148681 0.202270 0.024296
v 0.152272 0.207936 0.023775
v 0.154452 0.214276 0.023772
v 0.151129 0.208482 0.021409
v 0.144752 0.196766 0.022564
v 0.143730 0.197255 0.022932
v 0.147728 0.202726 0.022129
v 0.153176 0.214886 0.021286
v 0.149679 0.209176 0.022080
v 0.151622 0.215629 0.022058
v 0.146465 0.203330 0.022653
v 0.145201 0.203934 0.023171
v 0.148228 0.209869 0.022748
v 0.150066 0.216373 0.022828
v 0.159788 0.226489 0.020015
v 0.156605 0.220629 0.020536
v 0.158342 0.227181 0.020699
v 0.155074 0.221361 0.021305
v 0.161515 0.233046 0.020223
v 0.165942 0.238311 0.019788
v 0.164606 0.238950 0.019891
v 0.167618 0.244893 0.020006
v 0.166366 0.245491 0.020105
v 0.165182 0.238675 0.021004
v 0.160153 0.233697 0.020855
v 0.163299 0.239575 0.020404
v 0.166890 0.245241 0.021134
v 0.156908 0.227866 0.021412
v 0.165140 0.246077 0.020581
v 0.162017 0.240188 0.020991
v 0.163936 0.246653 0.021123
v 0.159419 0.226666 0.022760
v 0.153545 0.222092 0.022082
v 0.155476 0.228551 0.022132
v 0.152015 0.222823 0.022857
v 0.154043 0.229236 0.022849
v 0.162375 0.232635 0.021883
v 0.164084 0.239200 0.021942
v 0.165853 0.245737 0.022001
v 0.161133 0.233229 0.022767
v 0.162911 0.239761 0.022761
v 0.158801 0.234343 0.021513
v 0.157451 0.234988 0.022178
v 0.160744 0.240796 0.021602
v 0.162740 0.247224 0.021687
v 0.164747 0.246265 0.022757
v 0.159473 0.241404 0.022218
v 0.156100 0.235634 0.022838
v 0.161546 0.247795 0.022255
v 0.158200 0.242013 0.022829
v 0.160350 0.248367 0.022818
v 0.142706 0.197745 0.023289
v 0.145462 0.196427 0.024363
v 0.144433 0.196919 0.024705
v 0.142340 0.197920 0.025240
v 0.143389 0.197418 0.024988
v 0.141677 0.198237 0.023632
v 0.140645 0.198730 0.023963
v 0.137801 0.192707 0.024177
v 0.139609 0.199225 0.024278
v 0.137037 0.193072 0.024365
v 0.147423 0.202872 0.024831
v 0.150851 0.208615 0.024518
v 0.146148 0.203481 0.025319
v 0.149405 0.209306 0.025199
v 0.152931 0.215003 0.024620
v 0.151381 0.215744 0.025401
v 0.143932 0.204540 0.023678
v 0.146774 0.210564 0.023411
v 0.142658 0.205150 0.024165
v 0.148508 0.217118 0.023590
v 0.145316 0.211261 0.024059
v 0.141285 0.198424 0.025463
v 0.140222 0.198932 0.025636
v 0.137436 0.192882 0.025009
v 0.139156 0.199442 0.025780
v 0.147940 0.210007 0.025827
v 0.144853 0.204100 0.025733
v 0.143549 0.204724 0.026110
v 0.146447 0.210721 0.026370
v 0.142237 0.205351 0.026451
v 0.149808 0.216496 0.026127
v 0.144942 0.211440 0.026871
v 0.148204 0.217263 0.026763
v 0.138568 0.199723 0.024570
v 0.136271 0.193439 0.024538
v 0.137523 0.200222 0.024846
v 0.135502 0.193806 0.024697
v 0.136474 0.200724 0.025104
v 0.134309 0.194376 0.024987
v 0.134731 0.194175 0.024842
v 0.135422 0.201227 0.025343
v 0.141379 0.205761 0.024637
v 0.140095 0.206375 0.025091
v 0.143849 0.211962 0.024685
v 0.146943 0.217866 0.024336
v 0.142377 0.212666 0.025293
v 0.145369 0.218618 0.025058
v 0.136655 0.193255 0.025038
v 0.135873 0.193629 0.025044
v 0.138087 0.199953 0.025895
v 0.135091 0.194003 0.025028
v 0.137015 0.200465 0.025974
v 0.135941 0.200978 0.026016
v 0.134867 0.201492 0.026029
v 0.134366 0.201732 0.025560
v 0.133793 0.202005 0.026010
v 0.133306 0.202238 0.025759
v 0.132720 0.202518 0.025958
v 0.140912 0.205984 0.026730
v 0.143427 0.212164 0.027331
v 0.139582 0.206620 0.026973
v 0.138247 0.207258 0.027180
v 0.146587 0.218036 0.027353
v 0.138802 0.206993 0.025515
v 0.137504 0.207614 0.025919
v 0.140897 0.213374 0.025879
v 0.136201 0.208237 0.026300
v 0.143788 0.219374 0.025761
v 0.136907 0.207899 0.027342
v 0.139407 0.214086 0.026431
v 0.135563 0.208541 0.027459
v 0.142198 0.220134 0.026440
v 0.156331 0.220760 0.023704
v 0.158053 0.227319 0.023621
v 0.156651 0.227989 0.024408
v 0.154835 0.221475 0.024555
v 0.153310 0.222204 0.025341
v 0.155222 0.228672 0.025135
v 0.159842 0.233846 0.023562
v 0.161693 0.240343 0.023498
v 0.158519 0.234478 0.024287
v 0.163601 0.246813 0.023437
v 0.160446 0.240939 0.024170
v 0.162429 0.247373 0.024056
v 0.157172 0.235122 0.024957
v 0.151764 0.222943 0.026072
v 0.153774 0.229364 0.025812
v 0.150483 0.223556 0.023624
v 0.152607 0.229922 0.023558
v 0.148943 0.224291 0.024374
v 0.151164 0.230612 0.024251
v 0.147395 0.225032 0.025101
v 0.149713 0.231305 0.024921
v 0.154746 0.236282 0.023491
v 0.156924 0.242623 0.023433
v 0.159177 0.241546 0.024790
v 0.161236 0.247943 0.024627
v 0.160028 0.248521 0.025157
v 0.153386 0.236932 0.024128
v 0.159151 0.248940 0.023374
v 0.155643 0.243235 0.024022
v 0.157947 0.249516 0.023915
v 0.152017 0.237586 0.024744
v 0.154354 0.243851 0.024590
v 0.150186 0.223698 0.026717
v 0.152296 0.230071 0.026407
v 0.150806 0.230783 0.026960
v 0.145839 0.225775 0.025808
v 0.148256 0.232002 0.025574
v 0.155806 0.235775 0.025580
v 0.157891 0.242161 0.025365
v 0.154414 0.236440 0.026127
v 0.156580 0.242787 0.025871
v 0.158797 0.249109 0.025621
v 0.157557 0.249702 0.026050
v 0.153010 0.237112 0.026634
v 0.155259 0.243419 0.026338
v 0.151596 0.237788 0.027103
v 0.153928 0.244055 0.026770
v 0.156308 0.250299 0.026446
v 0.134892 0.208862 0.026657
v 0.137910 0.214802 0.026960
v 0.134217 0.209185 0.027538
v 0.132869 0.209829 0.027578
v 0.133577 0.209491 0.026988
v 0.132258 0.210122 0.027295
v 0.131521 0.210474 0.027576
v 0.136405 0.215521 0.027463
v 0.140596 0.220900 0.027083
v 0.150643 0.238243 0.025343
v 0.156735 0.250095 0.024437
v 0.153059 0.244470 0.025142
v 0.155519 0.250677 0.024943
v 0.144274 0.226523 0.026492
v 0.142697 0.227277 0.027139
v 0.146790 0.232703 0.026204
v 0.145313 0.233409 0.026799
v 0.149261 0.238904 0.025920
v 0.151757 0.245093 0.025673
v 0.154296 0.251261 0.025430
v 0.147868 0.239570 0.026464
v 0.155045 0.250903 0.026786
v 0.152582 0.244698 0.027143
v 0.150446 0.245720 0.026173
v 0.153063 0.251850 0.025887
v 0.143828 0.234119 0.027372
v 0.146469 0.240239 0.026987
v 0.149128 0.246350 0.026653
v 0.151825 0.252442 0.026325
v 0.147803 0.246983 0.027109
v 0.150581 0.253037 0.026741
v 0.169392 0.251427 0.020241
v 0.168689 0.251763 0.021284
v 0.168217 0.251989 0.020329
v 0.167064 0.252540 0.020763
v 0.171230 0.257930 0.020466
v 0.170130 0.258456 0.020542
v 0.170553 0.258254 0.021425
v 0.169049 0.258973 0.020937
v 0.165930 0.253082 0.021259
v 0.173167 0.264386 0.020719
v 0.172138 0.264878 0.020777
v 0.172511 0.264700 0.021596
v 0.175166 0.270813 0.020949
v 0.167705 0.252233 0.022079
v 0.169624 0.258698 0.022152
v 0.171628 0.265122 0.022251
v 0.166659 0.252733 0.022772
v 0.165578 0.253250 0.023393
v 0.168638 0.259169 0.022784
v 0.174536 0.271114 0.021746
v 0.171123 0.265364 0.021126
v 0.174208 0.271271 0.020991
v 0.164803 0.253620 0.021774
v 0.167985 0.259481 0.021387
v 0.166928 0.259987 0.021855
v 0.163678 0.254158 0.022291
v 0.170122 0.265842 0.021526
v 0.167620 0.259656 0.023349
v 0.170696 0.265568 0.022819
v 0.165870 0.260492 0.022324
v 0.169126 0.266318 0.021941
v 0.162550 0.254697 0.022804
v 0.164812 0.260998 0.022788
v 0.161420 0.255238 0.023309
v 0.168131 0.266794 0.022357
v 0.163750 0.261506 0.023245
v 0.167134 0.267271 0.022768
v 0.173260 0.271724 0.021299
v 0.172323 0.272172 0.021652
v 0.177240 0.277204 0.021198
v 0.176635 0.277493 0.021912
v 0.176354 0.277627 0.021219
v 0.173702 0.271513 0.022334
v 0.175471 0.278049 0.021482
v 0.171392 0.272617 0.022019
v 0.174599 0.278466 0.021785
v 0.169735 0.266027 0.023323
v 0.172826 0.271932 0.022841
v 0.175850 0.277868 0.022431
v 0.175028 0.278261 0.022874
v 0.173730 0.278881 0.022099
v 0.170460 0.273063 0.022386
v 0.166134 0.267748 0.023171
v 0.169526 0.273509 0.022748
v 0.172861 0.279297 0.022414
v 0.171991 0.279713 0.022723
v 0.168591 0.273956 0.023103
v 0.179383 0.283561 0.021418
v 0.178807 0.283837 0.022053
v 0.178568 0.283951 0.021423
v 0.177753 0.284340 0.021645
v 0.181614 0.289877 0.021669
v 0.180870 0.290232 0.021650
v 0.181065 0.290139 0.022222
v 0.180121 0.290591 0.021825
v 0.183912 0.296160 0.021872
v 0.183239 0.296482 0.021838
v 0.178075 0.284187 0.022507
v 0.177311 0.284552 0.022892
v 0.180383 0.290465 0.022607
v 0.183397 0.296406 0.022350
v 0.182770 0.296707 0.022674
v 0.176946 0.284726 0.021903
v 0.179377 0.290946 0.022032
v 0.182558 0.296808 0.021974
v 0.176143 0.285110 0.022171
v 0.175338 0.285495 0.022438
v 0.174533 0.285880 0.022700
v 0.178636 0.291301 0.022248
v 0.181881 0.297131 0.022139
v 0.179673 0.290805 0.022929
v 0.182120 0.297017 0.022940
v 0.177894 0.291655 0.022462
v 0.181206 0.297454 0.022310
v 0.177152 0.292010 0.022672
v 0.180530 0.297777 0.022480
v 0.186170 0.302463 0.021983
v 0.185717 0.302680 0.022388
v 0.185587 0.302742 0.021953
v 0.185171 0.302941 0.022660
v 0.184997 0.303024 0.022066
v 0.184411 0.303304 0.022203
v 0.184607 0.303210 0.022883
v 0.183826 0.303584 0.022346
v 0.183241 0.303863 0.022487
v 0.184032 0.303485 0.023071
v 0.186749 0.309569 0.022317
v 0.186581 0.309649 0.022308
v 0.186617 0.309632 0.022431
v 0.186458 0.309707 0.022508
v 0.186411 0.309730 0.022340
v 0.186241 0.309811 0.022378
v 0.186072 0.309892 0.022418
v 0.185245 0.310287 0.022634
v 0.186295 0.309786 0.022570
v 0.186129 0.309865 0.022623
v 0.185961 0.309945 0.022668
v 0.164471 0.253779 0.023959
v 0.166580 0.260153 0.023862
v 0.168754 0.266496 0.023779
v 0.163347 0.254317 0.024478
v 0.162208 0.254861 0.024959
v 0.165524 0.260658 0.024332
v 0.160285 0.255780 0.023800
v 0.162684 0.262015 0.023689
v 0.167759 0.266972 0.024196
v 0.164455 0.261169 0.024767
v 0.166753 0.267453 0.024579
v 0.165732 0.267941 0.024910
v 0.163369 0.261688 0.025145
v 0.171923 0.272363 0.023290
v 0.171004 0.272802 0.023693
v 0.174185 0.278664 0.023263
v 0.173326 0.279074 0.023611
v 0.170073 0.273248 0.024060
v 0.172458 0.279490 0.023925
v 0.169132 0.273698 0.024396
v 0.171581 0.279909 0.024210
v 0.168177 0.274154 0.024684
v 0.161050 0.255414 0.025380
v 0.159883 0.255972 0.025767
v 0.162274 0.262212 0.025492
v 0.176528 0.284926 0.023228
v 0.175732 0.285306 0.023525
v 0.174928 0.285691 0.023791
v 0.174117 0.286078 0.024031
v 0.178949 0.291151 0.023205
v 0.181457 0.297334 0.023166
v 0.178214 0.291502 0.023446
v 0.180787 0.297654 0.023360
v 0.177472 0.291857 0.023660
v 0.180112 0.297977 0.023529
v 0.183451 0.303763 0.023232
v 0.182866 0.304043 0.023372
v 0.171119 0.280130 0.023026
v 0.173726 0.286265 0.022956
v 0.176408 0.292366 0.022875
v 0.179853 0.298101 0.022646
v 0.175661 0.292723 0.023068
v 0.179176 0.298425 0.022806
v 0.182654 0.304144 0.022623
v 0.182067 0.304424 0.022755
v 0.178496 0.298749 0.022955
v 0.177815 0.299075 0.023093
v 0.181479 0.304706 0.022878
v 0.185903 0.309973 0.022457
v 0.185734 0.310054 0.022495
v 0.185564 0.310135 0.022531
v 0.185792 0.310026 0.022706
v 0.185394 0.310216 0.022565
v 0.185224 0.310298 0.022596
v 0.185622 0.310107 0.022739
v 0.185450 0.310189 0.022764
v 0.185279 0.310271 0.022785
v 0.180888 0.304988 0.022990
v 0.185053 0.310379 0.022624
v 0.184882 0.310461 0.022649
v 0.184710 0.310543 0.022670
v 0.184538 0.310625 0.022688
v 0.184366 0.310708 0.022703
v 0.184193 0.310790 0.022714
v 0.185107 0.310354 0.022800
v 0.184934 0.310436 0.022809
v 0.184761 0.310519 0.022813
v 0.184589 0.310601 0.022813
v 0.184416 0.310684 0.022808
v 0.184244 0.310766 0.022796
v 0.180296 0.305271 0.023094
v 0.179703 0.305554 0.023187
v 0.184021 0.310873 0.022721
v 0.183848 0.310955 0.022725
v 0.183900 0.310931 0.022761
v 0.184071 0.310849 0.022781
v 0.183728 0.311012 0.022735
v 0.179109 0.305839 0.023266
v 0.178513 0.306124 0.023334
v 0.177916 0.306409 0.023392
v 0.177318 0.306695 0.023437
v 0.176720 0.306981 0.023469
v 0.159144 0.256326 0.024273
v 0.161612 0.262528 0.024115
v 0.165131 0.268228 0.023562
v 0.157997 0.256874 0.024731
v 0.160536 0.263042 0.024526
v 0.164122 0.268710 0.023936
v 0.156845 0.257425 0.025170
v 0.159454 0.263560 0.024920
v 0.163109 0.269195 0.024297
v 0.167651 0.274405 0.023445
v 0.170243 0.280548 0.023317
v 0.166707 0.274856 0.023772
v 0.169364 0.280969 0.023593
v 0.165760 0.275309 0.024085
v 0.168481 0.281391 0.023857
v 0.170693 0.280333 0.024451
v 0.167217 0.274613 0.024943
v 0.169800 0.280760 0.024666
v 0.168902 0.281189 0.024858
v 0.162091 0.269681 0.024640
v 0.161067 0.270171 0.024959
v 0.164808 0.275764 0.024383
v 0.167595 0.281814 0.024105
v 0.163851 0.276222 0.024658
v 0.166704 0.282240 0.024333
v 0.162890 0.276681 0.024917
v 0.165811 0.282667 0.024545
v 0.164704 0.268432 0.025211
v 0.161172 0.262738 0.025810
v 0.158708 0.256534 0.026123
v 0.163669 0.268927 0.025485
v 0.162626 0.269426 0.025714
v 0.160060 0.263270 0.026080
v 0.157520 0.257102 0.026427
v 0.156327 0.257672 0.026698
v 0.155685 0.257979 0.025582
v 0.158365 0.264080 0.025289
v 0.157271 0.264603 0.025639
v 0.154519 0.258537 0.025975
v 0.153775 0.251510 0.027092
v 0.158942 0.263804 0.026319
v 0.161578 0.269927 0.025915
v 0.157819 0.264341 0.026530
v 0.160526 0.270429 0.026089
v 0.155128 0.258246 0.026939
v 0.156692 0.264880 0.026704
v 0.159470 0.270934 0.026229
v 0.166251 0.275075 0.025178
v 0.165278 0.275540 0.025371
v 0.167999 0.281621 0.025012
v 0.164300 0.276007 0.025538
v 0.160039 0.270662 0.025262
v 0.163320 0.276476 0.025679
v 0.167092 0.282055 0.025140
v 0.166183 0.282489 0.025246
v 0.165272 0.282925 0.025323
v 0.162336 0.276946 0.025790
v 0.161926 0.277142 0.025159
v 0.164914 0.283096 0.024742
v 0.156172 0.265128 0.025970
v 0.153347 0.259097 0.026347
v 0.149330 0.253635 0.027132
v 0.152170 0.259660 0.026696
v 0.155068 0.265656 0.026278
v 0.159007 0.271156 0.025546
v 0.155560 0.265421 0.026841
v 0.153923 0.258822 0.027141
v 0.158410 0.271441 0.026334
v 0.157970 0.271651 0.025809
v 0.153959 0.266186 0.026564
v 0.150987 0.260225 0.027020
v 0.157349 0.271948 0.026411
v 0.154425 0.265964 0.026948
v 0.149800 0.260793 0.027322
v 0.152846 0.266719 0.026829
v 0.156929 0.272149 0.026050
v 0.156286 0.272456 0.026458
v 0.153289 0.266507 0.027023
v 0.152151 0.267051 0.027063
v 0.155884 0.272648 0.026272
v 0.155222 0.272965 0.026473
v 0.160957 0.277605 0.025381
v 0.164014 0.283526 0.024920
v 0.164359 0.283361 0.025370
v 0.161350 0.277418 0.025868
v 0.159985 0.278070 0.025583
v 0.163111 0.283958 0.025079
v 0.163445 0.283798 0.025393
v 0.160362 0.277890 0.025920
v 0.162531 0.284235 0.025391
v 0.159373 0.278362 0.025944
v 0.159010 0.278536 0.025766
v 0.162206 0.284390 0.025220
v 0.161617 0.284672 0.025361
v 0.158385 0.278835 0.025938
v 0.172916 0.286653 0.023201
v 0.172103 0.287041 0.023431
v 0.171287 0.287431 0.023651
v 0.176725 0.292214 0.023849
v 0.179432 0.298302 0.023675
v 0.178746 0.298630 0.023789
v 0.175971 0.292574 0.024001
v 0.174912 0.293081 0.023247
v 0.174161 0.293440 0.023417
v 0.173298 0.286470 0.024231
v 0.172473 0.286864 0.024406
v 0.171646 0.287260 0.024560
v 0.175214 0.292936 0.024131
v 0.174454 0.293300 0.024241
v 0.178059 0.298958 0.023883
v 0.177370 0.299288 0.023959
v 0.170468 0.287823 0.023856
v 0.177132 0.299402 0.023221
v 0.173408 0.293800 0.023573
v 0.169646 0.288216 0.024041
v 0.172651 0.294161 0.023711
v 0.176447 0.299729 0.023337
v 0.168821 0.288610 0.024213
v 0.171893 0.294524 0.023836
v 0.175760 0.300058 0.023437
v 0.171134 0.294887 0.023947
v 0.175072 0.300387 0.023524
v 0.170813 0.287658 0.024680
v 0.169978 0.288057 0.024776
v 0.169142 0.288457 0.024851
v 0.173691 0.293664 0.024321
v 0.176678 0.299619 0.024007
v 0.175986 0.299950 0.024035
v 0.172927 0.294030 0.024378
v 0.167993 0.289006 0.024369
v 0.175293 0.300281 0.024046
v 0.172161 0.294396 0.024417
v 0.174600 0.300612 0.024037
v 0.171395 0.294762 0.024433
v 0.168304 0.288858 0.024901
v 0.182277 0.304324 0.023492
v 0.181684 0.304608 0.023584
v 0.181089 0.304892 0.023659
v 0.180492 0.305178 0.023719
v 0.179894 0.305463 0.023754
v 0.179295 0.305750 0.023773
v 0.178696 0.306036 0.023777
v 0.178097 0.306322 0.023763
v 0.174382 0.300716 0.023599
v 0.173691 0.301046 0.023660
v 0.177499 0.306608 0.023729
v 0.173908 0.300943 0.024004
v 0.176902 0.306894 0.023679
v 0.176121 0.307267 0.023490
v 0.176305 0.307179 0.023614
v 0.175711 0.307463 0.023530
v 0.170372 0.295251 0.024043
v 0.169609 0.295616 0.024122
v 0.167164 0.289403 0.024509
v 0.166331 0.289800 0.024631
v 0.165497 0.290199 0.024737
v 0.170628 0.295128 0.024422
v 0.173217 0.301273 0.023953
v 0.169863 0.295495 0.024392
v 0.167464 0.289259 0.024922
v 0.166625 0.289660 0.024922
v 0.168845 0.295981 0.024186
v 0.173000 0.301377 0.023707
v 0.169098 0.295860 0.024341
v 0.172527 0.301603 0.023883
v 0.168334 0.296225 0.024266
v 0.172308 0.301708 0.023739
v 0.171839 0.301932 0.023793
v 0.165786 0.290061 0.024898
v 0.164948 0.290462 0.024849
v 0.141895 0.212897 0.027719
v 0.144956 0.218815 0.027900
v 0.140355 0.213633 0.028065
v 0.138808 0.214372 0.028371
v 0.143306 0.219604 0.028369
v 0.141647 0.220397 0.028794
v 0.148594 0.224459 0.027315
v 0.146988 0.225226 0.027871
v 0.149303 0.231501 0.027473
v 0.147783 0.232228 0.027917
v 0.145364 0.226003 0.028352
v 0.137253 0.215116 0.028624
v 0.135693 0.215862 0.028825
v 0.138987 0.221669 0.027700
v 0.139978 0.221195 0.029175
v 0.138300 0.221997 0.029499
v 0.134893 0.216244 0.027938
v 0.133374 0.216970 0.028382
v 0.137368 0.222443 0.028289
v 0.134128 0.216610 0.028982
v 0.132560 0.217359 0.029095
v 0.135741 0.223221 0.028847
v 0.136614 0.222803 0.029768
v 0.131848 0.217699 0.028798
v 0.130989 0.218110 0.029157
v 0.134105 0.224003 0.029373
v 0.134922 0.223612 0.029989
v 0.133226 0.224423 0.030162
v 0.132461 0.224789 0.029868
v 0.131526 0.225236 0.030281
v 0.143729 0.226784 0.028789
v 0.146254 0.232959 0.028319
v 0.144716 0.233694 0.028681
v 0.141112 0.228035 0.027762
v 0.139518 0.228797 0.028356
v 0.142335 0.234833 0.027918
v 0.150165 0.238472 0.027508
v 0.148725 0.239160 0.027873
v 0.151229 0.245345 0.027478
v 0.145062 0.240911 0.027484
v 0.152499 0.252120 0.027364
v 0.149868 0.245996 0.027778
v 0.151217 0.252733 0.027595
v 0.148500 0.246650 0.028034
v 0.147279 0.239851 0.028201
v 0.145824 0.240547 0.028482
v 0.143169 0.234434 0.028991
v 0.142086 0.227570 0.029183
v 0.140432 0.228360 0.029521
v 0.138770 0.229155 0.029805
v 0.141615 0.235177 0.029251
v 0.137916 0.229563 0.028920
v 0.140834 0.235550 0.028435
v 0.143647 0.241587 0.027954
v 0.146471 0.247620 0.027539
v 0.149928 0.253349 0.027784
v 0.145132 0.248260 0.027942
v 0.148073 0.254236 0.027497
v 0.144362 0.241246 0.028713
v 0.147126 0.247307 0.028243
v 0.142225 0.242267 0.028396
v 0.139324 0.236272 0.028922
v 0.145748 0.247966 0.028416
v 0.142895 0.241947 0.028905
v 0.148636 0.253967 0.027937
v 0.143788 0.248903 0.028320
v 0.146811 0.254839 0.027839
v 0.137807 0.236997 0.029380
v 0.140797 0.242950 0.028810
v 0.144366 0.248626 0.028549
v 0.141425 0.242650 0.029055
v 0.139951 0.243354 0.029159
v 0.147341 0.254586 0.028054
v 0.146043 0.255206 0.028131
v 0.142981 0.249288 0.028640
v 0.136304 0.230334 0.029452
v 0.140055 0.235923 0.029467
v 0.137102 0.229952 0.030042
v 0.135429 0.230752 0.030232
v 0.134684 0.231108 0.029954
v 0.138490 0.236671 0.029639
v 0.133752 0.231554 0.030369
v 0.136922 0.237420 0.029762
v 0.152713 0.259400 0.027303
v 0.151500 0.259980 0.027432
v 0.150285 0.260561 0.027527
v 0.149068 0.261143 0.027584
v 0.102129 0.055767 0.023469
v 0.094829 0.051875 0.022721
v 0.094656 0.051957 0.022714
v 0.094484 0.052040 0.022703
v 0.101531 0.056053 0.023437
v 0.094311 0.052122 0.022688
v 0.100933 0.056339 0.023392
v 0.094139 0.052204 0.022670
v 0.100337 0.056624 0.023334
v 0.095121 0.051735 0.022735
v 0.093604 0.052460 0.022634
v 0.095001 0.051792 0.022725
v 0.094950 0.051817 0.022761
v 0.094778 0.051899 0.022781
v 0.094606 0.051981 0.022796
v 0.099741 0.056909 0.023266
v 0.093968 0.052287 0.022649
v 0.099146 0.057193 0.023187
v 0.093797 0.052368 0.022624
v 0.098553 0.057477 0.023094
v 0.093626 0.052450 0.022596
v 0.097961 0.057760 0.022990
v 0.093455 0.052532 0.022565
v 0.097371 0.058042 0.022878
v 0.092608 0.052936 0.022378
v 0.092777 0.052856 0.022418
v 0.092439 0.053017 0.022340
v 0.092946 0.052775 0.022457
v 0.095609 0.058884 0.022487
v 0.093285 0.052613 0.022531
v 0.094433 0.052064 0.022808
v 0.094261 0.052146 0.022813
v 0.094088 0.052229 0.022813
v 0.093915 0.052312 0.022809
v 0.093743 0.052394 0.022800
v 0.093571 0.052476 0.022785
v 0.093116 0.052694 0.022495
v 0.093399 0.052558 0.022764
v 0.093228 0.052640 0.022739
v 0.093058 0.052722 0.022706
v 0.092554 0.052962 0.022570
v 0.092391 0.053040 0.022508
v 0.092888 0.052803 0.022668
v 0.092720 0.052883 0.022623
v 0.096782 0.058323 0.022755
v 0.096195 0.058604 0.022623
v 0.095983 0.058705 0.023372
v 0.095398 0.058985 0.023232
v 0.100353 0.063998 0.022955
v 0.101035 0.063672 0.023093
v 0.099674 0.064323 0.022806
v 0.103188 0.070025 0.023068
v 0.098996 0.064647 0.022646
v 0.098319 0.064971 0.022480
v 0.102442 0.070382 0.022875
v 0.101698 0.070738 0.022672
v 0.105123 0.076482 0.022956
v 0.104316 0.076868 0.022700
v 0.107731 0.082618 0.023026
v 0.106858 0.083035 0.022723
v 0.110259 0.088792 0.023103
v 0.103138 0.055285 0.023530
v 0.102728 0.055481 0.023490
v 0.107010 0.060816 0.023793
v 0.106542 0.061040 0.023739
v 0.106322 0.061145 0.023883
v 0.110515 0.066522 0.024266
v 0.105850 0.061371 0.023707
v 0.110004 0.066767 0.024186
v 0.102544 0.055569 0.023614
v 0.105633 0.061474 0.023953
v 0.105158 0.061701 0.023660
v 0.101948 0.055854 0.023679
v 0.104941 0.061805 0.024004
v 0.101350 0.056139 0.023729
v 0.109240 0.067132 0.024122
v 0.104467 0.062031 0.023599
v 0.108477 0.067497 0.024043
v 0.109752 0.066887 0.024341
v 0.108987 0.067253 0.024392
v 0.108221 0.067619 0.024422
v 0.113902 0.072286 0.024849
v 0.113352 0.072549 0.024737
v 0.113064 0.072686 0.024898
v 0.107716 0.067861 0.023947
v 0.112518 0.072947 0.024631
v 0.111686 0.073345 0.024509
v 0.112224 0.073088 0.024922
v 0.107455 0.067986 0.024433
v 0.106956 0.068224 0.023836
v 0.110856 0.073742 0.024369
v 0.111385 0.073489 0.024922
v 0.110546 0.073890 0.024901
v 0.116643 0.078357 0.025220
v 0.115738 0.078790 0.025079
v 0.114835 0.079222 0.024920
v 0.110028 0.074137 0.024213
v 0.113935 0.079652 0.024742
v 0.113039 0.080080 0.024545
v 0.117232 0.078076 0.025361
v 0.116318 0.078513 0.025391
v 0.115404 0.078950 0.025393
v 0.114491 0.079386 0.025370
v 0.113578 0.079823 0.025323
v 0.112666 0.080258 0.025246
v 0.100752 0.056425 0.023763
v 0.100153 0.056712 0.023777
v 0.099554 0.056998 0.023773
v 0.103778 0.062361 0.023524
v 0.103090 0.062690 0.023437
v 0.104249 0.062136 0.024037
v 0.103556 0.062467 0.024046
v 0.102864 0.062798 0.024035
v 0.102403 0.063019 0.023337
v 0.101718 0.063346 0.023221
v 0.105442 0.068948 0.023573
v 0.102171 0.063129 0.024007
v 0.098956 0.057284 0.023754
v 0.101480 0.063460 0.023959
v 0.106198 0.068586 0.023711
v 0.106688 0.068352 0.024417
v 0.105923 0.068718 0.024378
v 0.105158 0.069083 0.024321
v 0.104395 0.069448 0.024241
v 0.098357 0.057570 0.023719
v 0.097761 0.057855 0.023659
v 0.097166 0.058140 0.023584
v 0.096572 0.058423 0.023492
v 0.104688 0.069308 0.023417
v 0.103937 0.069667 0.023247
v 0.100791 0.063789 0.023883
v 0.100103 0.064118 0.023789
v 0.102878 0.070173 0.024001
v 0.098738 0.064770 0.023529
v 0.099418 0.064445 0.023675
v 0.102124 0.070534 0.023849
v 0.101377 0.070891 0.023660
v 0.103635 0.069811 0.024131
v 0.109203 0.074532 0.024041
v 0.108381 0.074925 0.023856
v 0.107562 0.075316 0.023651
v 0.111254 0.080933 0.024105
v 0.110368 0.081357 0.023857
v 0.109708 0.074291 0.024851
v 0.108871 0.074691 0.024776
v 0.107204 0.075488 0.024560
v 0.108036 0.075090 0.024680
v 0.112145 0.080508 0.024333
v 0.111757 0.080693 0.025140
v 0.110851 0.081126 0.025012
v 0.109947 0.081558 0.024858
v 0.106746 0.075706 0.023431
v 0.105933 0.076095 0.023201
v 0.103921 0.077057 0.023791
v 0.104732 0.076669 0.024031
v 0.109486 0.081779 0.023593
v 0.108606 0.082199 0.023317
v 0.106376 0.075883 0.024406
v 0.105552 0.076277 0.024231
v 0.109050 0.081987 0.024666
v 0.108157 0.082414 0.024451
v 0.107269 0.082839 0.024210
v 0.116924 0.085605 0.025159
v 0.115959 0.086066 0.024917
v 0.119839 0.084212 0.025766
v 0.120465 0.083913 0.025938
v 0.119476 0.084385 0.025944
v 0.118864 0.084678 0.025583
v 0.122965 0.090099 0.026272
v 0.123627 0.089783 0.026473
v 0.122564 0.090291 0.026458
v 0.121921 0.090599 0.026050
v 0.121501 0.090799 0.026411
v 0.126003 0.096029 0.026829
v 0.126699 0.095697 0.027063
v 0.125561 0.096241 0.027023
v 0.117892 0.085142 0.025381
v 0.118487 0.084858 0.025920
v 0.117500 0.085330 0.025868
v 0.120879 0.091096 0.025809
v 0.119842 0.091592 0.025546
v 0.116513 0.085802 0.025790
v 0.115529 0.086272 0.025679
v 0.123781 0.097092 0.026278
v 0.118810 0.092086 0.025262
v 0.122677 0.097619 0.025970
v 0.120439 0.091307 0.026334
v 0.119380 0.091813 0.026229
v 0.124890 0.096561 0.026564
v 0.124424 0.096784 0.026948
v 0.123290 0.097326 0.026841
v 0.118324 0.092318 0.026089
v 0.122158 0.097867 0.026704
v 0.129050 0.101955 0.027322
v 0.121578 0.098145 0.025639
v 0.126679 0.103088 0.026696
v 0.127862 0.102523 0.027020
v 0.125502 0.103651 0.026347
v 0.124331 0.104211 0.025975
v 0.124926 0.103926 0.027141
v 0.129519 0.109113 0.027132
v 0.128268 0.109711 0.026741
v 0.114998 0.086526 0.024658
v 0.114041 0.086983 0.024383
v 0.117782 0.092577 0.024959
v 0.113089 0.087438 0.024085
v 0.116758 0.093067 0.024640
v 0.115740 0.093553 0.024297
v 0.119395 0.099188 0.024920
v 0.112142 0.087891 0.023772
v 0.111198 0.088342 0.023445
v 0.114728 0.094037 0.023936
v 0.113719 0.094520 0.023562
v 0.112715 0.094999 0.023171
v 0.117237 0.100220 0.024115
v 0.116165 0.100732 0.023689
v 0.111633 0.088135 0.024943
v 0.109718 0.089050 0.024396
v 0.110672 0.088594 0.024684
v 0.113117 0.094807 0.024910
v 0.118313 0.099705 0.024526
v 0.112096 0.095295 0.024579
v 0.122004 0.105323 0.025170
v 0.118564 0.106968 0.023800
v 0.119706 0.106422 0.024273
v 0.120852 0.105874 0.024731
v 0.123331 0.112071 0.024943
v 0.122114 0.112653 0.024437
v 0.114549 0.086741 0.025538
v 0.117272 0.092821 0.025915
v 0.113572 0.087208 0.025371
v 0.112598 0.087673 0.025178
v 0.116224 0.093322 0.025714
v 0.120484 0.098668 0.025289
v 0.115180 0.093821 0.025485
v 0.118790 0.099478 0.026080
v 0.121030 0.098407 0.026530
v 0.119907 0.098943 0.026319
v 0.114146 0.094316 0.025211
v 0.117677 0.100009 0.025810
v 0.116575 0.100536 0.025492
v 0.115481 0.101059 0.025145
v 0.123165 0.104768 0.025582
v 0.125786 0.110897 0.025887
v 0.124554 0.111486 0.025430
v 0.123721 0.104502 0.026939
v 0.122522 0.105075 0.026698
v 0.121329 0.105646 0.026427
v 0.127024 0.110305 0.026325
v 0.125074 0.111238 0.027092
v 0.123804 0.111845 0.026786
v 0.118966 0.106775 0.025767
v 0.120142 0.106213 0.026123
v 0.117799 0.107333 0.025380
v 0.122542 0.112448 0.026446
v 0.121292 0.113046 0.026050
v 0.095610 0.066266 0.021838
v 0.093262 0.060006 0.021953
v 0.092680 0.060284 0.021983
v 0.096292 0.065940 0.021974
v 0.098729 0.072157 0.021825
v 0.092101 0.053179 0.022317
v 0.092269 0.053099 0.022308
v 0.092233 0.053116 0.022431
v 0.095023 0.059164 0.022346
v 0.094438 0.059444 0.022203
v 0.093852 0.059724 0.022066
v 0.093132 0.060068 0.022388
v 0.094242 0.059537 0.022883
v 0.094817 0.059263 0.023071
v 0.093678 0.059807 0.022660
v 0.097644 0.065293 0.022310
v 0.096968 0.065616 0.022139
v 0.100955 0.071093 0.022462
v 0.100213 0.071447 0.022248
v 0.096730 0.065730 0.022940
v 0.095452 0.066341 0.022350
v 0.099472 0.071802 0.022032
v 0.096080 0.066041 0.022674
v 0.098467 0.072282 0.022607
v 0.094937 0.066587 0.021872
v 0.097979 0.072515 0.021650
v 0.097235 0.072871 0.021669
v 0.097784 0.072609 0.022222
v 0.101903 0.078022 0.021903
v 0.101096 0.078407 0.021645
v 0.104250 0.084282 0.021785
v 0.105119 0.083866 0.022099
v 0.103511 0.077253 0.022438
v 0.102707 0.077637 0.022171
v 0.099176 0.071943 0.022929
v 0.100775 0.078561 0.022507
v 0.101539 0.078196 0.022892
v 0.105988 0.083451 0.022414
v 0.100281 0.078797 0.021423
v 0.099467 0.079186 0.021418
v 0.100043 0.078911 0.022053
v 0.102495 0.085121 0.021219
v 0.103378 0.084699 0.021482
v 0.101609 0.085544 0.021198
v 0.102215 0.085255 0.021912
v 0.102999 0.084880 0.022431
v 0.103821 0.084487 0.022874
v 0.104641 0.091477 0.020991
v 0.103684 0.091935 0.020949
v 0.106711 0.097870 0.020777
v 0.107727 0.097384 0.021126
v 0.109800 0.103775 0.020937
v 0.107458 0.090130 0.022019
v 0.106526 0.090576 0.021652
v 0.109323 0.089239 0.022748
v 0.108390 0.089685 0.022386
v 0.111716 0.095477 0.022768
v 0.110719 0.095954 0.022357
v 0.109723 0.096430 0.021941
v 0.112979 0.102255 0.022324
v 0.114038 0.101749 0.022788
v 0.105590 0.091023 0.021299
v 0.108727 0.096906 0.021526
v 0.104314 0.091633 0.021746
v 0.105147 0.091235 0.022334
v 0.106338 0.098048 0.021596
v 0.111922 0.102761 0.021855
v 0.110864 0.103266 0.021387
v 0.106024 0.090816 0.022841
v 0.107221 0.097626 0.022251
v 0.108154 0.097180 0.022819
v 0.109226 0.104050 0.022152
v 0.109115 0.096720 0.023323
v 0.110211 0.103578 0.022784
v 0.115099 0.101242 0.023245
v 0.115172 0.108589 0.022291
v 0.116299 0.108050 0.022804
v 0.117429 0.107510 0.023309
v 0.118500 0.114381 0.022818
v 0.114046 0.109127 0.021774
v 0.112919 0.109666 0.021259
v 0.114913 0.116095 0.021123
v 0.116109 0.115523 0.021687
v 0.117303 0.114952 0.022255
v 0.111229 0.103092 0.023349
v 0.112190 0.110015 0.022772
v 0.105683 0.098361 0.020719
v 0.108719 0.104292 0.020542
v 0.107620 0.104817 0.020466
v 0.111786 0.110208 0.020763
v 0.110633 0.110759 0.020329
v 0.109457 0.111321 0.020241
v 0.108296 0.104494 0.021425
v 0.110161 0.110985 0.021284
v 0.113710 0.116670 0.020581
v 0.112484 0.117256 0.020105
v 0.111231 0.117855 0.020006
v 0.111960 0.117507 0.021134
v 0.111144 0.110515 0.022079
v 0.112997 0.117011 0.022001
v 0.113272 0.109498 0.023393
v 0.114102 0.116483 0.022757
v 0.098062 0.065094 0.023360
v 0.097392 0.065414 0.023166
v 0.100635 0.071245 0.023446
v 0.099901 0.071597 0.023205
v 0.102322 0.077821 0.023228
v 0.103117 0.077441 0.023525
v 0.106392 0.083258 0.023925
v 0.105523 0.083673 0.023611
v 0.104665 0.084084 0.023263
v 0.108777 0.089500 0.024060
v 0.107845 0.089945 0.023693
v 0.106926 0.090385 0.023290
v 0.110095 0.096252 0.023779
v 0.111090 0.095776 0.024196
v 0.112269 0.102595 0.023862
v 0.114395 0.101579 0.024767
v 0.113326 0.102090 0.024332
v 0.120903 0.113232 0.023915
v 0.119698 0.113807 0.023374
v 0.115503 0.108431 0.024478
v 0.116641 0.107887 0.024959
v 0.117613 0.114804 0.024627
v 0.118822 0.114226 0.025157
v 0.114378 0.108969 0.023959
v 0.115248 0.115935 0.023437
v 0.116421 0.115374 0.024056
v 0.120052 0.113638 0.025621
v 0.131046 0.115765 0.027109
v 0.124496 0.118896 0.024590
v 0.125790 0.118277 0.025142
v 0.126832 0.125161 0.024744
v 0.128206 0.124504 0.025343
v 0.128404 0.117028 0.026173
v 0.127092 0.117655 0.025673
v 0.129722 0.116398 0.026653
v 0.132381 0.122509 0.026987
v 0.130981 0.123178 0.026464
v 0.129588 0.123844 0.025920
v 0.133537 0.129338 0.026799
v 0.135022 0.128629 0.027372
v 0.132059 0.130045 0.026204
v 0.130594 0.130745 0.025574
v 0.126267 0.118049 0.027143
v 0.124921 0.118693 0.026770
v 0.123590 0.119329 0.026338
v 0.136152 0.135470 0.027139
v 0.134575 0.136224 0.026492
v 0.133010 0.136972 0.025808
v 0.138253 0.141848 0.027083
v 0.136651 0.142614 0.026440
v 0.145543 0.160510 0.025759
v 0.146592 0.152626 0.027295
v 0.145272 0.153257 0.026988
v 0.143958 0.153885 0.026657
v 0.143428 0.161521 0.025343
v 0.144484 0.161016 0.025560
v 0.139442 0.148662 0.026431
v 0.140940 0.147946 0.026960
v 0.142444 0.147227 0.027463
v 0.142649 0.154511 0.026300
v 0.137952 0.149374 0.025879
v 0.141345 0.155134 0.025919
v 0.146129 0.160229 0.025958
v 0.145056 0.160742 0.026010
v 0.147328 0.152274 0.027576
v 0.143982 0.161256 0.026029
v 0.145980 0.152919 0.027578
v 0.144632 0.153563 0.027538
v 0.142908 0.161769 0.026016
v 0.118105 0.121951 0.021602
v 0.119376 0.121344 0.022218
v 0.120649 0.120735 0.022829
v 0.122749 0.127113 0.022838
v 0.121398 0.127759 0.022178
v 0.123373 0.134197 0.022132
v 0.124806 0.133512 0.022849
v 0.116832 0.122560 0.020991
v 0.115550 0.123173 0.020404
v 0.118696 0.129051 0.020855
v 0.120507 0.135567 0.020699
v 0.121942 0.134881 0.021412
v 0.114243 0.123798 0.019891
v 0.112907 0.124436 0.019788
v 0.115944 0.130366 0.019672
v 0.117334 0.129702 0.020223
v 0.114523 0.131046 0.019565
v 0.119061 0.136258 0.020015
v 0.117585 0.136964 0.019420
v 0.113667 0.124073 0.021004
v 0.115314 0.130668 0.020872
v 0.120699 0.142858 0.019800
v 0.122244 0.142119 0.020536
v 0.123776 0.141387 0.021305
v 0.124115 0.148607 0.020524
v 0.125673 0.147862 0.021286
v 0.120048 0.128404 0.021513
v 0.114765 0.123548 0.021942
v 0.115939 0.122987 0.022761
v 0.116474 0.130113 0.021883
v 0.116893 0.137295 0.020712
v 0.118116 0.136710 0.021804
v 0.117717 0.129519 0.022767
v 0.119430 0.136082 0.022760
v 0.125304 0.140656 0.022082
v 0.127228 0.147119 0.022058
v 0.126834 0.139925 0.022857
v 0.128783 0.146375 0.022828
v 0.119662 0.143353 0.021741
v 0.121062 0.142684 0.022774
v 0.126266 0.154960 0.020748
v 0.127720 0.154265 0.021409
v 0.129171 0.153572 0.022080
v 0.130622 0.152878 0.022748
v 0.132384 0.159418 0.022653
v 0.133648 0.158814 0.023171
v 0.135119 0.165493 0.022932
v 0.131121 0.160022 0.022129
v 0.129859 0.160625 0.021605
v 0.133076 0.166469 0.022193
v 0.132056 0.166957 0.021822
v 0.134097 0.165981 0.022564
v 0.135040 0.172912 0.022249
v 0.123207 0.119513 0.024022
v 0.121925 0.120125 0.023433
v 0.125464 0.125816 0.024128
v 0.124104 0.126466 0.023491
v 0.127685 0.132136 0.024251
v 0.129136 0.131442 0.024921
v 0.126243 0.132825 0.023558
v 0.119672 0.121202 0.024790
v 0.118403 0.121809 0.024170
v 0.120331 0.128269 0.024287
v 0.121678 0.127626 0.024957
v 0.131455 0.137716 0.025101
v 0.129906 0.138456 0.024374
v 0.133481 0.144130 0.025058
v 0.128367 0.139192 0.023624
v 0.130342 0.145630 0.023590
v 0.131907 0.144882 0.024336
v 0.122269 0.119961 0.025871
v 0.120959 0.120587 0.025365
v 0.125839 0.125636 0.026634
v 0.124435 0.126307 0.026127
v 0.127254 0.124960 0.027103
v 0.128044 0.131964 0.026960
v 0.126553 0.132677 0.026407
v 0.123043 0.126973 0.025580
v 0.125076 0.133383 0.025812
v 0.123627 0.134076 0.025135
v 0.135062 0.143374 0.025761
v 0.128664 0.139050 0.026717
v 0.127086 0.139805 0.026072
v 0.129041 0.146252 0.026127
v 0.130645 0.145485 0.026763
v 0.117156 0.122405 0.023498
v 0.119007 0.128902 0.023562
v 0.120797 0.135429 0.023621
v 0.122199 0.134759 0.024408
v 0.124015 0.141273 0.024555
v 0.125539 0.140544 0.025341
v 0.125918 0.147745 0.024620
v 0.122519 0.141988 0.023704
v 0.122915 0.149180 0.022842
v 0.124397 0.148472 0.023772
v 0.127468 0.147004 0.025401
v 0.132075 0.152184 0.023411
v 0.133534 0.151486 0.024059
v 0.135000 0.150785 0.024685
v 0.137470 0.156987 0.024637
v 0.136472 0.150082 0.025293
v 0.136191 0.157598 0.024165
v 0.139240 0.163523 0.024278
v 0.138755 0.156373 0.025091
v 0.140281 0.163025 0.024570
v 0.134917 0.158207 0.023678
v 0.138204 0.164018 0.023963
v 0.141812 0.169675 0.024365
v 0.142375 0.162024 0.025104
v 0.141326 0.162525 0.024846
v 0.143347 0.168941 0.024697
v 0.142578 0.169309 0.024538
v 0.144540 0.168371 0.024987
v 0.144119 0.168573 0.024842
v 0.141049 0.170040 0.024177
v 0.140047 0.155755 0.025515
v 0.143286 0.154206 0.027459
v 0.141835 0.162282 0.025974
v 0.141942 0.154849 0.027342
v 0.140763 0.162795 0.025895
v 0.140602 0.155489 0.027180
v 0.139694 0.163306 0.025780
v 0.139267 0.156128 0.026973
v 0.132263 0.144712 0.027353
v 0.132403 0.152027 0.026370
v 0.133907 0.151308 0.026871
v 0.135423 0.150583 0.027331
v 0.135300 0.158024 0.026110
v 0.138628 0.163816 0.025636
v 0.137937 0.156763 0.026730
v 0.137565 0.164324 0.025463
v 0.136613 0.157397 0.026451
v 0.143759 0.168745 0.025028
v 0.142977 0.169119 0.025044
v 0.142195 0.169492 0.025038
v 0.141413 0.169866 0.025009
v 0.137172 0.164511 0.023632
v 0.136144 0.165003 0.023289
v 0.127998 0.154133 0.024518
v 0.129444 0.153441 0.025199
v 0.130168 0.160477 0.024296
v 0.126577 0.154812 0.023775
v 0.128930 0.161069 0.023707
v 0.131427 0.159876 0.024831
v 0.133388 0.166320 0.024363
v 0.132701 0.159267 0.025319
v 0.134416 0.165829 0.024705
v 0.132370 0.166807 0.023983
v 0.136510 0.164828 0.025240
v 0.135460 0.165330 0.024988
v 0.130910 0.152741 0.025827
v 0.133996 0.158647 0.025733
v 0.129782 0.101605 0.027584
v 0.128564 0.102187 0.027527
v 0.127349 0.102768 0.027432
v 0.132806 0.107541 0.028131
v 0.132038 0.107908 0.027839
v 0.131508 0.108162 0.028054
v 0.130213 0.108781 0.027937
v 0.130776 0.108512 0.027497
v 0.126136 0.103348 0.027303
v 0.128921 0.109399 0.027784
v 0.127633 0.110014 0.027595
v 0.126350 0.110628 0.027364
v 0.135062 0.113845 0.028320
v 0.135868 0.113460 0.028640
v 0.134484 0.114122 0.028549
v 0.138898 0.119393 0.029159
v 0.133102 0.114782 0.028416
v 0.133717 0.114488 0.027942
v 0.138053 0.119797 0.028810
v 0.137425 0.120098 0.029055
v 0.135954 0.120801 0.028905
v 0.136624 0.120480 0.028396
v 0.141042 0.125751 0.029380
v 0.132378 0.115128 0.027539
v 0.133788 0.121836 0.027484
v 0.130349 0.116098 0.028034
v 0.135202 0.121160 0.027954
v 0.131723 0.115441 0.028243
v 0.134487 0.121502 0.028713
v 0.133026 0.122201 0.028482
v 0.139525 0.126476 0.028922
v 0.138016 0.127197 0.028435
v 0.136514 0.127915 0.027918
v 0.135680 0.128314 0.028991
v 0.140934 0.133184 0.028920
v 0.139331 0.133951 0.028356
v 0.143109 0.139527 0.028847
v 0.141481 0.140305 0.028289
v 0.141927 0.125327 0.029762
v 0.140359 0.126077 0.029639
v 0.138795 0.126825 0.029467
v 0.137235 0.127571 0.029251
v 0.145097 0.131194 0.030369
v 0.144165 0.131640 0.029954
v 0.141748 0.132795 0.030042
v 0.142546 0.132414 0.029452
v 0.146389 0.137959 0.029868
v 0.144745 0.138745 0.029373
v 0.143420 0.131996 0.030232
v 0.147323 0.137512 0.030281
v 0.145623 0.138325 0.030162
v 0.143927 0.139136 0.029989
v 0.140080 0.133593 0.029805
v 0.138418 0.134387 0.029521
v 0.142235 0.139944 0.029768
v 0.128981 0.116752 0.027778
v 0.127621 0.117402 0.027478
v 0.130124 0.123588 0.027873
v 0.131571 0.122896 0.028201
v 0.134133 0.129053 0.028681
v 0.132596 0.129788 0.028319
v 0.128685 0.124276 0.027508
v 0.131066 0.130519 0.027917
v 0.129546 0.131246 0.027473
v 0.137737 0.134713 0.027762
v 0.139863 0.141079 0.027700
v 0.135120 0.135964 0.028789
v 0.133486 0.136745 0.028352
v 0.131861 0.137522 0.027871
v 0.137203 0.142350 0.028794
v 0.135543 0.143144 0.028369
v 0.136764 0.135178 0.029183
v 0.140549 0.140750 0.029499
v 0.138871 0.141553 0.029175
v 0.147001 0.145048 0.028798
v 0.145475 0.145778 0.028382
v 0.147860 0.144638 0.029157
v 0.143956 0.146504 0.027938
v 0.146290 0.145388 0.029095
v 0.144722 0.146138 0.028982
v 0.143157 0.146886 0.028825
v 0.141596 0.147632 0.028624
v 0.140041 0.148375 0.028371
v 0.138494 0.149115 0.028065
v 0.130256 0.138289 0.027315
v 0.133893 0.143932 0.027900
v 0.136955 0.149851 0.027719
v 0.116072 0.137687 0.019306
v 0.119120 0.143612 0.019161
v 0.117503 0.144385 0.019046
v 0.122543 0.149358 0.019797
v 0.120936 0.150126 0.019171
v 0.118363 0.143975 0.020561
v 0.120169 0.150493 0.020619
v 0.119298 0.150910 0.019085
v 0.121491 0.149861 0.021806
v 0.124800 0.155661 0.020122
v 0.123304 0.156377 0.019593
v 0.128594 0.161230 0.021090
v 0.127318 0.161840 0.020606
v 0.126020 0.162461 0.020208
v 0.130002 0.167939 0.021122
v 0.121792 0.157099 0.019571
v 0.124724 0.163080 0.020253
v 0.122617 0.156705 0.020969
v 0.128956 0.168439 0.020856
v 0.125460 0.162728 0.021429
v 0.127927 0.168931 0.020949
v 0.131033 0.167446 0.021459
v 0.123858 0.156112 0.022034
v 0.125192 0.155474 0.022954
v 0.126552 0.162206 0.022304
v 0.127720 0.161648 0.023050
v 0.129434 0.168211 0.022523
v 0.130384 0.167756 0.023077
v 0.128541 0.168637 0.021864
v 0.134297 0.173268 0.021980
v 0.133551 0.173624 0.021718
v 0.132801 0.173983 0.021475
v 0.132038 0.174348 0.021286
v 0.131290 0.174706 0.021361
v 0.131732 0.174494 0.022030
v 0.131367 0.167286 0.023558
v -0.144136 0.146807 0.022440
v -0.146393 0.148113 0.022440
v -0.139471 0.157477 0.022440
v -0.141644 0.146037 0.022440
v -0.136465 0.146227 0.022440
v -0.134037 0.147178 0.022440
v -0.134573 0.147168 0.023926
v -0.131882 0.148645 0.022440
v -0.132546 0.148322 0.023293
v -0.139044 0.145840 0.022440
v -0.131797 0.148842 0.023014
v -0.131934 0.148706 0.023076
v -0.132129 0.148584 0.023146
v -0.132019 0.148653 0.023107
v -0.131152 0.149483 0.022721
v -0.131377 0.149259 0.022826
v -0.130546 0.150083 0.022440
v -0.130742 0.149889 0.022532
v -0.130863 0.150416 0.022440
v -0.131978 0.151591 0.022440
v -0.145839 0.148862 0.029838
v -0.143763 0.147661 0.029838
v -0.141471 0.146952 0.029838
v -0.139078 0.146771 0.029838
v -0.135492 0.146836 0.024138
v -0.136706 0.147127 0.029838
v -0.134851 0.147068 0.023993
v -0.134154 0.147318 0.023825
v -0.134907 0.147048 0.024007
v -0.132750 0.148194 0.023365
v -0.133303 0.147846 0.023551
v -0.133460 0.147747 0.023604
v -0.134036 0.147383 0.023789
v -0.134118 0.147331 0.023815
v -0.135377 0.146992 0.024961
v -0.135295 0.147024 0.024961
v -0.135288 0.147027 0.024961
v -0.134943 0.147161 0.024950
v -0.134472 0.148002 0.029838
v -0.134612 0.147289 0.024939
v -0.134545 0.147315 0.024937
v -0.134183 0.147453 0.024915
v -0.133926 0.147624 0.024889
v -0.133818 0.147696 0.024878
v -0.133260 0.148065 0.024804
v -0.133111 0.148163 0.024784
v -0.132673 0.148449 0.024701
v -0.130856 0.151109 0.029838
v -0.130438 0.150485 0.023996
v -0.130256 0.150666 0.023912
v -0.132489 0.149352 0.029838
v -0.132575 0.148513 0.024683
v -0.132385 0.148636 0.024646
v -0.132057 0.148849 0.024574
v -0.131897 0.149012 0.024527
v -0.131707 0.149206 0.024471
v -0.131280 0.149640 0.024328
v -0.131074 0.149849 0.024259
v -0.130659 0.150264 0.024087
v -0.130634 0.150289 0.024077
v -0.142037 0.151609 0.034770
v -0.143278 0.152327 0.034770
v -0.140666 0.151185 0.034770
v -0.139236 0.151077 0.034770
v -0.137818 0.151290 0.034770
v -0.136483 0.151813 0.034770
v -0.135297 0.152620 0.034770
v -0.139471 0.157477 0.034770
v -0.134321 0.153670 0.034770
v -0.129815 0.154518 0.022440
v -0.128031 0.155304 0.022440
v -0.128553 0.153615 0.022440
v -0.127834 0.157904 0.022440
v -0.128221 0.160483 0.022440
v -0.129172 0.162911 0.022440
v -0.130639 0.165067 0.022440
v -0.132549 0.166842 0.022440
v -0.129655 0.153186 0.029838
v -0.128596 0.153509 0.022514
v -0.128946 0.155478 0.029838
v -0.129414 0.151979 0.023346
v -0.129095 0.152466 0.023089
v -0.129903 0.151221 0.023690
v -0.129583 0.151717 0.023465
v -0.130078 0.150945 0.023801
v -0.128934 0.152713 0.022959
v -0.128852 0.152835 0.022881
v -0.128692 0.153256 0.022652
v -0.128765 0.157870 0.029838
v -0.129121 0.160243 0.029838
v -0.129996 0.162477 0.029838
v -0.131346 0.164460 0.029838
v -0.133103 0.166093 0.029838
v -0.133603 0.154912 0.034770
v -0.133179 0.156282 0.034770
v -0.133071 0.157712 0.034770
v -0.133284 0.159131 0.034770
v -0.133807 0.160466 0.034770
v -0.134614 0.161652 0.034770
v -0.135664 0.162628 0.034770
v -0.148303 0.149888 0.022440
v -0.149771 0.152043 0.022440
v -0.150722 0.154472 0.022440
v -0.151108 0.157050 0.022440
v -0.150912 0.159651 0.022440
v -0.150389 0.161340 0.022440
v -0.149128 0.160437 0.022440
v -0.146964 0.163364 0.022440
v -0.147597 0.150495 0.029838
v -0.148947 0.152478 0.029838
v -0.149822 0.154712 0.029838
v -0.150177 0.157084 0.029838
v -0.149996 0.159477 0.029838
v -0.149288 0.161769 0.029838
v -0.150347 0.161446 0.022514
v -0.150251 0.161699 0.022652
v -0.150090 0.162120 0.022881
v -0.150009 0.162242 0.022959
v -0.149847 0.162488 0.023089
v -0.148087 0.163845 0.029838
v -0.149528 0.162976 0.023346
v -0.149360 0.163237 0.023465
v -0.149040 0.163734 0.023690
v -0.148864 0.164010 0.023801
v -0.148687 0.164289 0.023912
v -0.144329 0.153303 0.034770
v -0.145136 0.154489 0.034770
v -0.145659 0.155824 0.034770
v -0.145872 0.157242 0.034770
v -0.145763 0.158673 0.034770
v -0.145340 0.160043 0.034770
v -0.144622 0.161284 0.034770
v -0.147061 0.166309 0.022440
v -0.144905 0.167777 0.022440
v -0.148079 0.164539 0.022440
v -0.148396 0.164872 0.022440
v -0.148201 0.165066 0.022532
v -0.147791 0.165472 0.022721
v -0.147565 0.165696 0.022826
v -0.147146 0.166113 0.023014
v -0.147009 0.166249 0.023076
v -0.146924 0.166302 0.023107
v -0.146814 0.166371 0.023146
v -0.146396 0.166633 0.023293
v -0.142477 0.168728 0.022440
v -0.139898 0.169114 0.022440
v -0.137298 0.168918 0.022440
v -0.144369 0.167787 0.023926
v -0.134807 0.168147 0.022440
v -0.146192 0.166761 0.023365
v -0.145640 0.167109 0.023551
v -0.145482 0.167208 0.023604
v -0.144906 0.167572 0.023789
v -0.144824 0.167624 0.023815
v -0.144789 0.167636 0.023825
v -0.144091 0.167887 0.023993
v -0.144035 0.167907 0.024007
v -0.143450 0.168118 0.024138
v -0.148505 0.164469 0.023996
v -0.148309 0.164665 0.024077
v -0.146454 0.165603 0.029838
v -0.148284 0.164690 0.024087
v -0.147868 0.165106 0.024259
v -0.147663 0.165315 0.024328
v -0.147235 0.165748 0.024471
v -0.147045 0.165942 0.024527
v -0.146886 0.166106 0.024574
v -0.146557 0.166318 0.024646
v -0.146367 0.166442 0.024683
v -0.146269 0.166506 0.024701
v -0.144470 0.166953 0.029838
v -0.145831 0.166792 0.024784
v -0.145683 0.166890 0.024804
v -0.145125 0.167258 0.024878
v -0.145016 0.167330 0.024889
v -0.144760 0.167501 0.024915
v -0.144397 0.167640 0.024937
v -0.142237 0.167828 0.029838
v -0.143565 0.167963 0.024961
v -0.144330 0.167666 0.024939
v -0.144000 0.167794 0.024950
v -0.143655 0.167928 0.024961
v -0.143648 0.167931 0.024961
v -0.139864 0.168184 0.029838
v -0.137472 0.168003 0.029838
v -0.135180 0.167294 0.029838
v -0.143645 0.162335 0.034770
v -0.142460 0.163142 0.034770
v -0.141124 0.163665 0.034770
v -0.139706 0.163878 0.034770
v -0.138276 0.163770 0.034770
v -0.136906 0.163346 0.034770
v -0.166432 0.170642 0.019571
v -0.160183 0.167891 0.020208
v -0.161037 0.166736 0.020253
v -0.171538 0.174938 0.019085
v -0.165435 0.171989 0.019593
v -0.170459 0.176398 0.019171
v -0.170964 0.175714 0.020619
v -0.154785 0.163989 0.020856
v -0.159327 0.169048 0.020606
v -0.155463 0.163071 0.020949
v -0.160551 0.167392 0.021429
v -0.154095 0.164921 0.021122
v -0.165888 0.171377 0.020969
v -0.164450 0.173323 0.020122
v -0.169400 0.177830 0.019797
v -0.158487 0.170185 0.021090
v -0.163484 0.174630 0.020748
v -0.168365 0.179231 0.020524
v -0.149291 0.160216 0.021286
v -0.149784 0.159549 0.021361
v -0.148788 0.160896 0.021475
v -0.155058 0.163619 0.021864
v -0.149492 0.159944 0.022030
v -0.154470 0.164415 0.022523
v -0.148294 0.161566 0.021718
v -0.153417 0.165840 0.021459
v -0.147803 0.162230 0.021980
v -0.152743 0.166752 0.021822
v -0.153844 0.165262 0.023077
v -0.147313 0.162893 0.022249
v -0.152070 0.167661 0.022193
v -0.159832 0.168365 0.022304
v -0.165070 0.172483 0.022034
v -0.170093 0.176893 0.021806
v -0.157653 0.171313 0.021605
v -0.159063 0.169406 0.023050
v -0.164192 0.173672 0.022954
v -0.169155 0.178162 0.022842
v -0.176184 0.179857 0.019046
v -0.175618 0.180623 0.020561
v -0.175119 0.181299 0.019161
v -0.174079 0.182706 0.019800
v -0.180590 0.185101 0.019306
v -0.180049 0.185833 0.020712
v -0.179594 0.186449 0.019420
v -0.174761 0.181782 0.021741
v -0.185075 0.190239 0.019565
v -0.184553 0.190945 0.020872
v -0.184138 0.191506 0.019672
v -0.179244 0.186923 0.021804
v -0.173839 0.183029 0.022774
v -0.153196 0.166138 0.023558
v -0.152536 0.167032 0.023983
v -0.158265 0.170485 0.023707
v -0.157450 0.171588 0.024296
v -0.163279 0.174907 0.023775
v -0.168179 0.179483 0.023772
v -0.162526 0.175926 0.021409
v -0.151398 0.168571 0.022564
v -0.150724 0.169482 0.022932
v -0.156822 0.172438 0.022129
v -0.167338 0.180620 0.021286
v -0.161570 0.177219 0.022080
v -0.166314 0.182006 0.022058
v -0.155990 0.173564 0.022653
v -0.155157 0.174690 0.023171
v -0.160614 0.178512 0.022748
v -0.165289 0.183393 0.022828
v -0.178621 0.187766 0.020015
v -0.173061 0.184083 0.020536
v -0.177668 0.189055 0.020699
v -0.172051 0.185448 0.021305
v -0.183222 0.192745 0.020223
v -0.189602 0.195318 0.019788
v -0.188722 0.196509 0.019891
v -0.194170 0.200344 0.020006
v -0.193345 0.201460 0.020105
v -0.189102 0.195996 0.021004
v -0.187861 0.197674 0.020404
v -0.182325 0.193959 0.020855
v -0.193690 0.200993 0.021134
v -0.176723 0.190333 0.021412
v -0.192537 0.202553 0.020581
v -0.187016 0.198817 0.020991
v -0.191744 0.203626 0.021123
v -0.178378 0.188094 0.022760
v -0.171044 0.186811 0.022082
v -0.175780 0.191609 0.022132
v -0.170037 0.188174 0.022857
v -0.174836 0.192886 0.022849
v -0.183789 0.191979 0.021883
v -0.188378 0.196975 0.021942
v -0.193007 0.201918 0.022001
v -0.182970 0.193086 0.022767
v -0.187605 0.198021 0.022761
v -0.181434 0.195164 0.021513
v -0.180545 0.196368 0.022178
v -0.186178 0.199952 0.021602
v -0.190956 0.204692 0.021687
v -0.192278 0.202903 0.022757
v -0.185340 0.201085 0.022218
v -0.179655 0.197572 0.022838
v -0.190169 0.205756 0.022255
v -0.184502 0.202219 0.022829
v -0.189381 0.206823 0.022818
v -0.150049 0.170395 0.023289
v -0.151865 0.167939 0.024363
v -0.151187 0.168856 0.024705
v -0.149808 0.170721 0.025240
v -0.150500 0.169786 0.024988
v -0.149372 0.171312 0.023632
v -0.148692 0.172232 0.023963
v -0.143354 0.168248 0.024177
v -0.148009 0.173155 0.024278
v -0.142851 0.168929 0.024365
v -0.156620 0.172710 0.024831
v -0.162343 0.176173 0.024518
v -0.155781 0.173846 0.025319
v -0.161390 0.177462 0.025199
v -0.167176 0.180839 0.024620
v -0.166155 0.182221 0.025401
v -0.154321 0.175821 0.023678
v -0.159657 0.179807 0.023411
v -0.153481 0.176957 0.024165
v -0.164262 0.184782 0.023590
v -0.158696 0.181107 0.024059
v -0.149113 0.171662 0.025463
v -0.148413 0.172609 0.025636
v -0.143114 0.168573 0.025009
v -0.147711 0.173560 0.025780
v -0.160425 0.178769 0.025827
v -0.154928 0.175000 0.025733
v -0.154068 0.176163 0.026110
v -0.159441 0.180099 0.026370
v -0.153204 0.177333 0.026451
v -0.165119 0.183622 0.026127
v -0.158450 0.181440 0.026871
v -0.164062 0.185052 0.026763
v -0.147323 0.174084 0.024570
v -0.142347 0.169612 0.024538
v -0.146635 0.175015 0.024846
v -0.141840 0.170297 0.024697
v -0.145944 0.175950 0.025104
v -0.141054 0.171360 0.024987
v -0.141332 0.170984 0.024842
v -0.145251 0.176888 0.025343
v -0.152639 0.178097 0.024637
v -0.151793 0.179242 0.025091
v -0.157730 0.182414 0.024685
v -0.163231 0.186177 0.024336
v -0.156760 0.183727 0.025293
v -0.162194 0.187579 0.025058
v -0.142599 0.169269 0.025038
v -0.142084 0.169967 0.025044
v -0.147006 0.174512 0.025895
v -0.141569 0.170664 0.025028
v -0.146300 0.175468 0.025974
v -0.145593 0.176425 0.026016
v -0.144885 0.177382 0.026029
v -0.144555 0.177829 0.025560
v -0.144178 0.178339 0.026010
v -0.143857 0.178773 0.025759
v -0.143471 0.179296 0.025958
v -0.152331 0.178513 0.026730
v -0.157451 0.182791 0.027331
v -0.151455 0.179699 0.026973
v -0.150575 0.180889 0.027180
v -0.162997 0.186494 0.027353
v -0.150941 0.180394 0.025515
v -0.150086 0.181551 0.025919
v -0.155785 0.185046 0.025879
v -0.149227 0.182713 0.026300
v -0.161153 0.188989 0.025761
v -0.149692 0.182083 0.027342
v -0.154803 0.186374 0.026431
v -0.148807 0.183281 0.027459
v -0.160105 0.190405 0.026440
v -0.172879 0.184328 0.023704
v -0.177478 0.189312 0.023621
v -0.176554 0.190562 0.024408
v -0.171894 0.185661 0.024555
v -0.170890 0.187020 0.025341
v -0.175613 0.191835 0.025135
v -0.182120 0.194237 0.023562
v -0.186803 0.199106 0.023498
v -0.181248 0.195416 0.024287
v -0.191524 0.203924 0.023437
v -0.185981 0.200218 0.024170
v -0.190751 0.204970 0.024056
v -0.180361 0.196617 0.024957
v -0.169871 0.188399 0.026072
v -0.174658 0.193126 0.025812
v -0.169027 0.189540 0.023624
v -0.173890 0.194166 0.023558
v -0.168013 0.190913 0.024374
v -0.172939 0.195452 0.024251
v -0.166992 0.192293 0.025101
v -0.171983 0.196745 0.024921
v -0.178762 0.198779 0.023491
v -0.183661 0.203357 0.023433
v -0.185145 0.201349 0.024790
v -0.189965 0.206033 0.024627
v -0.189169 0.207110 0.025157
v -0.177866 0.199992 0.024128
v -0.188591 0.207891 0.023374
v -0.182817 0.204499 0.024022
v -0.187798 0.208965 0.023915
v -0.176965 0.201211 0.024744
v -0.181968 0.205648 0.024590
v -0.168831 0.189805 0.026717
v -0.173685 0.194443 0.026407
v -0.172703 0.195772 0.026960
v -0.165967 0.193680 0.025808
v -0.171023 0.198045 0.025574
v -0.179461 0.197834 0.025580
v -0.184298 0.202495 0.025365
v -0.178544 0.199075 0.026127
v -0.183434 0.203663 0.025871
v -0.188359 0.208206 0.025621
v -0.187541 0.209312 0.026050
v -0.177619 0.200326 0.026634
v -0.182564 0.204841 0.026338
v -0.176687 0.201587 0.027103
v -0.181687 0.206027 0.026770
v -0.186718 0.210425 0.026446
v -0.148365 0.183880 0.026657
v -0.153817 0.187709 0.026960
v -0.147920 0.184481 0.027538
v -0.147032 0.185682 0.027578
v -0.147498 0.185051 0.026988
v -0.146629 0.186227 0.027295
v -0.146144 0.186884 0.027576
v -0.152825 0.189049 0.027463
v -0.159050 0.191833 0.027083
v -0.176059 0.202436 0.025343
v -0.187000 0.210044 0.024437
v -0.181115 0.206802 0.025142
v -0.186198 0.211129 0.024943
v -0.164937 0.195074 0.026492
v -0.163898 0.196480 0.027139
v -0.170057 0.199351 0.026204
v -0.169084 0.200668 0.026799
v -0.175149 0.203668 0.025920
v -0.180257 0.207962 0.025673
v -0.185393 0.212219 0.025430
v -0.174231 0.204909 0.026464
v -0.185886 0.211551 0.026786
v -0.180800 0.207227 0.027143
v -0.179393 0.209131 0.026173
v -0.184581 0.213317 0.025887
v -0.168106 0.201991 0.027372
v -0.173309 0.206157 0.026987
v -0.178524 0.210306 0.026653
v -0.183765 0.214421 0.026325
v -0.177652 0.211487 0.027109
v -0.182945 0.215530 0.026741
v -0.198802 0.205282 0.020241
v -0.198339 0.205909 0.021284
v -0.198028 0.206330 0.020329
v -0.197268 0.207358 0.020763
v -0.203476 0.210164 0.020466
v -0.202752 0.211144 0.020542
v -0.203031 0.210766 0.021425
v -0.202039 0.212107 0.020937
v -0.196521 0.208368 0.021259
v -0.208216 0.214956 0.020719
v -0.207538 0.215873 0.020777
v -0.207784 0.215540 0.021596
v -0.212996 0.219694 0.020949
v -0.197691 0.206786 0.022079
v -0.202418 0.211595 0.022152
v -0.207202 0.216327 0.022251
v -0.197002 0.207718 0.022772
v -0.196289 0.208682 0.023393
v -0.201769 0.212473 0.022784
v -0.212581 0.220255 0.021746
v -0.206869 0.216778 0.021126
v -0.212365 0.220547 0.020991
v -0.195779 0.209372 0.021774
v -0.201339 0.213055 0.021387
v -0.200642 0.213998 0.021855
v -0.195037 0.210376 0.022291
v -0.206210 0.217670 0.021526
v -0.201098 0.213381 0.023349
v -0.206588 0.217159 0.022819
v -0.199945 0.214940 0.022324
v -0.205554 0.218558 0.021941
v -0.194294 0.211380 0.022804
v -0.199248 0.215884 0.022788
v -0.193550 0.212388 0.023309
v -0.204898 0.219445 0.022357
v -0.204241 0.220334 0.022768
v -0.198548 0.216830 0.023245
v -0.211740 0.221393 0.021299
v -0.211124 0.222227 0.021652
v -0.217826 0.224364 0.021198
v -0.217427 0.224904 0.021912
v -0.217242 0.225154 0.021219
v -0.212032 0.220998 0.022334
v -0.216661 0.225941 0.021482
v -0.210510 0.223058 0.022019
v -0.216086 0.226718 0.021785
v -0.205954 0.218015 0.023323
v -0.211454 0.221780 0.022841
v -0.216911 0.225603 0.022431
v -0.216369 0.226335 0.022874
v -0.215514 0.227492 0.022099
v -0.209896 0.223888 0.022386
v -0.209281 0.224720 0.022748
v -0.203582 0.221224 0.023171
v -0.214941 0.228267 0.022414
v -0.214368 0.229043 0.022723
v -0.208664 0.225554 0.023103
v -0.222701 0.228974 0.021418
v -0.222322 0.229487 0.022053
v -0.222164 0.229700 0.021423
v -0.221628 0.230426 0.021645
v -0.227635 0.233503 0.021669
v -0.227145 0.234167 0.021650
v -0.227273 0.233993 0.022222
v -0.226651 0.234835 0.021825
v -0.232612 0.237975 0.021872
v -0.232169 0.238574 0.021838
v -0.221840 0.230139 0.022507
v -0.221336 0.230820 0.022892
v -0.226823 0.234601 0.022607
v -0.232273 0.238434 0.022350
v -0.231859 0.238993 0.022674
v -0.221096 0.231145 0.021903
v -0.226161 0.235498 0.022032
v -0.231720 0.239182 0.021974
v -0.220567 0.231861 0.022171
v -0.220037 0.232578 0.022438
v -0.219506 0.233296 0.022700
v -0.225673 0.236158 0.022248
v -0.231274 0.239785 0.022139
v -0.226356 0.235234 0.022929
v -0.231431 0.239572 0.022940
v -0.225184 0.236819 0.022462
v -0.230829 0.240387 0.022310
v -0.224695 0.237481 0.022672
v -0.230384 0.240989 0.022480
v -0.237563 0.242482 0.021983
v -0.237265 0.242885 0.022388
v -0.237179 0.243001 0.021953
v -0.236905 0.243372 0.022660
v -0.236791 0.243527 0.022066
v -0.236404 0.244049 0.022203
v -0.236533 0.243875 0.022883
v -0.236019 0.244571 0.022346
v -0.235633 0.245092 0.022487
v -0.236155 0.244387 0.023071
v -0.241408 0.248485 0.022317
v -0.241297 0.248635 0.022308
v -0.241321 0.248603 0.022431
v -0.241217 0.248744 0.022508
v -0.241185 0.248786 0.022340
v -0.241074 0.248937 0.022378
v -0.240962 0.249088 0.022418
v -0.240417 0.249825 0.022634
v -0.241109 0.248889 0.022570
v -0.241000 0.249037 0.022623
v -0.240889 0.249187 0.022668
v -0.195560 0.209668 0.023959
v -0.200413 0.214308 0.023862
v -0.205308 0.218890 0.023779
v -0.194819 0.210670 0.024478
v -0.194069 0.211685 0.024959
v -0.199717 0.215249 0.024332
v -0.192802 0.213399 0.023800
v -0.197846 0.217780 0.023689
v -0.204653 0.219776 0.024196
v -0.199013 0.216202 0.024767
v -0.203990 0.220673 0.024579
v -0.198297 0.217170 0.025145
v -0.203318 0.221583 0.024910
v -0.210860 0.222584 0.023290
v -0.210254 0.223403 0.023693
v -0.215813 0.227087 0.023263
v -0.215248 0.227852 0.023611
v -0.209641 0.224233 0.024060
v -0.214675 0.228627 0.023925
v -0.209021 0.225072 0.024396
v -0.214098 0.229408 0.024210
v -0.208392 0.225923 0.024684
v -0.193306 0.212717 0.025380
v -0.192537 0.213758 0.025767
v -0.197576 0.218146 0.025492
v -0.220820 0.231518 0.023228
v -0.220296 0.232227 0.023525
v -0.219767 0.232944 0.023791
v -0.219232 0.233667 0.024031
v -0.225879 0.235880 0.023205
v -0.230995 0.240163 0.023166
v -0.225395 0.236534 0.023446
v -0.230554 0.240760 0.023360
v -0.224906 0.237195 0.023660
v -0.230108 0.241362 0.023529
v -0.235772 0.244905 0.023232
v -0.235386 0.245426 0.023372
v -0.213793 0.229820 0.023026
v -0.218975 0.234015 0.022956
v -0.224205 0.238145 0.022875
v -0.229938 0.241592 0.022646
v -0.229492 0.242196 0.022806
v -0.223713 0.238810 0.023068
v -0.235247 0.245615 0.022623
v -0.234860 0.246138 0.022755
v -0.229044 0.242802 0.022955
v -0.234472 0.246663 0.022878
v -0.228595 0.243410 0.023093
v -0.240851 0.249239 0.022457
v -0.240739 0.249389 0.022495
v -0.240628 0.249541 0.022531
v -0.240777 0.249338 0.022706
v -0.240516 0.249692 0.022565
v -0.240403 0.249844 0.022596
v -0.240665 0.249489 0.022739
v -0.240553 0.249642 0.022764
v -0.240439 0.249795 0.022785
v -0.234083 0.247189 0.022990
v -0.240291 0.249996 0.022624
v -0.240178 0.250149 0.022649
v -0.240065 0.250302 0.022670
v -0.239951 0.250455 0.022688
v -0.239838 0.250609 0.022703
v -0.239724 0.250763 0.022714
v -0.240326 0.249949 0.022800
v -0.240212 0.250102 0.022809
v -0.240099 0.250256 0.022813
v -0.239985 0.250410 0.022813
v -0.239871 0.250564 0.022808
v -0.239757 0.250718 0.022796
v -0.233694 0.247717 0.023094
v -0.233303 0.248245 0.023187
v -0.239611 0.250916 0.022721
v -0.239497 0.251070 0.022725
v -0.239644 0.250871 0.022781
v -0.239531 0.251024 0.022761
v -0.239418 0.251177 0.022735
v -0.232911 0.248776 0.023266
v -0.232518 0.249307 0.023334
v -0.232125 0.249839 0.023392
v -0.231731 0.250371 0.023437
v -0.231337 0.250905 0.023469
v -0.192050 0.214417 0.024273
v -0.202921 0.222119 0.023562
v -0.197140 0.218736 0.024115
v -0.191295 0.215439 0.024731
v -0.202257 0.223018 0.023936
v -0.196431 0.219695 0.024526
v -0.190536 0.216466 0.025170
v -0.201589 0.223921 0.024297
v -0.195718 0.220659 0.024920
v -0.208045 0.226391 0.023445
v -0.213216 0.230601 0.023317
v -0.207424 0.227233 0.023772
v -0.212637 0.231385 0.023593
v -0.206799 0.228077 0.024085
v -0.212056 0.232171 0.023857
v -0.213513 0.230200 0.024451
v -0.207759 0.226779 0.024943
v -0.212924 0.230996 0.024666
v -0.212333 0.231796 0.024858
v -0.200919 0.224828 0.024640
v -0.206172 0.228926 0.024383
v -0.200244 0.225741 0.024959
v -0.211472 0.232961 0.024105
v -0.205542 0.229779 0.024658
v -0.210885 0.233755 0.024333
v -0.204909 0.230635 0.024917
v -0.210296 0.234551 0.024545
v -0.202640 0.222499 0.025211
v -0.191763 0.214805 0.026123
v -0.196850 0.219128 0.025810
v -0.201959 0.223422 0.025485
v -0.196117 0.220120 0.026080
v -0.201271 0.224352 0.025714
v -0.190981 0.215864 0.026427
v -0.190194 0.216928 0.026698
v -0.189771 0.217500 0.025582
v -0.195001 0.221630 0.025289
v -0.194280 0.222605 0.025639
v -0.189003 0.218539 0.025975
v -0.185050 0.212683 0.027092
v -0.195381 0.221116 0.026319
v -0.200581 0.225286 0.025915
v -0.194641 0.222117 0.026530
v -0.199887 0.226223 0.026089
v -0.189404 0.217996 0.026939
v -0.193898 0.223122 0.026704
v -0.199192 0.227165 0.026229
v -0.207123 0.227640 0.025178
v -0.206482 0.228507 0.025371
v -0.211738 0.232601 0.025012
v -0.205838 0.229378 0.025538
v -0.199567 0.226657 0.025262
v -0.205192 0.230252 0.025679
v -0.211140 0.233409 0.025140
v -0.210542 0.234219 0.025246
v -0.209941 0.235032 0.025323
v -0.204544 0.231129 0.025790
v -0.204273 0.231495 0.025159
v -0.209705 0.235351 0.024742
v -0.193556 0.223584 0.025970
v -0.188231 0.219583 0.026347
v -0.182121 0.216644 0.027132
v -0.187456 0.220633 0.026696
v -0.198887 0.227577 0.025546
v -0.192829 0.224569 0.026278
v -0.188611 0.219070 0.027141
v -0.193152 0.224131 0.026841
v -0.198494 0.228109 0.026334
v -0.198204 0.228502 0.025809
v -0.192098 0.225557 0.026564
v -0.186676 0.221687 0.027020
v -0.192405 0.225142 0.026948
v -0.197794 0.229055 0.026411
v -0.191364 0.226549 0.026829
v -0.185894 0.222746 0.027322
v -0.197518 0.229430 0.026050
v -0.191656 0.226155 0.027023
v -0.197094 0.230003 0.026458
v -0.196829 0.230361 0.026272
v -0.190906 0.227169 0.027063
v -0.196393 0.230951 0.026473
v -0.203635 0.232358 0.025381
v -0.209113 0.236153 0.024920
v -0.209340 0.235845 0.025370
v -0.203894 0.232008 0.025868
v -0.202995 0.233224 0.025583
v -0.208518 0.236957 0.025079
v -0.208738 0.236660 0.025393
v -0.203243 0.232889 0.025920
v -0.208135 0.237475 0.025391
v -0.202592 0.233770 0.025944
v -0.202353 0.234093 0.025766
v -0.207922 0.237764 0.025220
v -0.207534 0.238289 0.025361
v -0.201940 0.234651 0.025938
v -0.218441 0.234737 0.023201
v -0.217905 0.235462 0.023431
v -0.217368 0.236189 0.023651
v -0.224414 0.237861 0.023849
v -0.229660 0.241968 0.023675
v -0.223917 0.238534 0.024001
v -0.229209 0.242579 0.023789
v -0.223219 0.239478 0.023247
v -0.222724 0.240147 0.023417
v -0.218692 0.234397 0.024231
v -0.218149 0.235132 0.024406
v -0.217604 0.235870 0.024560
v -0.223418 0.239208 0.024131
v -0.222918 0.239886 0.024241
v -0.228756 0.243192 0.023883
v -0.228302 0.243806 0.023959
v -0.216828 0.236919 0.023856
v -0.228145 0.244018 0.023221
v -0.222228 0.240818 0.023573
v -0.216286 0.237652 0.024041
v -0.227694 0.244629 0.023337
v -0.221730 0.241492 0.023711
v -0.221231 0.242168 0.023836
v -0.215743 0.238388 0.024213
v -0.227241 0.245241 0.023437
v -0.226788 0.245855 0.023524
v -0.220730 0.242845 0.023947
v -0.217055 0.236612 0.024680
v -0.216505 0.237356 0.024776
v -0.215954 0.238102 0.024851
v -0.222415 0.240566 0.024321
v -0.227846 0.244423 0.024007
v -0.221911 0.241247 0.024378
v -0.227390 0.245040 0.024035
v -0.215198 0.239125 0.024369
v -0.221407 0.241930 0.024417
v -0.226934 0.245657 0.024046
v -0.220902 0.242613 0.024433
v -0.226477 0.246275 0.024037
v -0.215402 0.238849 0.024901
v -0.234998 0.245952 0.023492
v -0.234607 0.246480 0.023584
v -0.234215 0.247011 0.023659
v -0.233822 0.247542 0.023719
v -0.233428 0.248076 0.023754
v -0.233034 0.248609 0.023773
v -0.232639 0.249143 0.023777
v -0.232245 0.249677 0.023763
v -0.226334 0.246469 0.023599
v -0.225878 0.247085 0.023660
v -0.231850 0.250210 0.023729
v -0.226021 0.246892 0.024004
v -0.231457 0.250743 0.023679
v -0.230943 0.251438 0.023490
v -0.231064 0.251274 0.023614
v -0.230673 0.251804 0.023530
v -0.220228 0.243524 0.024043
v -0.219726 0.244204 0.024122
v -0.214651 0.239865 0.024509
v -0.214103 0.240606 0.024631
v -0.213553 0.241350 0.024737
v -0.220397 0.243296 0.024422
v -0.219893 0.243978 0.024392
v -0.225566 0.247508 0.023953
v -0.214849 0.239597 0.024922
v -0.214296 0.240345 0.024922
v -0.219222 0.244885 0.024186
v -0.225423 0.247701 0.023707
v -0.219389 0.244660 0.024341
v -0.225111 0.248123 0.023883
v -0.224967 0.248318 0.023739
v -0.218886 0.245341 0.024266
v -0.224658 0.248736 0.023793
v -0.213743 0.241093 0.024898
v -0.213191 0.241840 0.024849
v -0.156442 0.184157 0.027719
v -0.161922 0.187947 0.027900
v -0.155428 0.185529 0.028065
v -0.154408 0.186908 0.028371
v -0.160835 0.189418 0.028369
v -0.159742 0.190897 0.028794
v -0.167782 0.191224 0.027315
v -0.166725 0.192655 0.027871
v -0.171713 0.197111 0.027473
v -0.170712 0.198466 0.027917
v -0.165654 0.194103 0.028352
v -0.153384 0.188294 0.028624
v -0.152356 0.189685 0.028825
v -0.157989 0.193268 0.027700
v -0.158643 0.192384 0.029175
v -0.157537 0.193880 0.029499
v -0.151829 0.190397 0.027938
v -0.150828 0.191752 0.028382
v -0.156923 0.194711 0.028289
v -0.151325 0.191080 0.028982
v -0.150292 0.192477 0.029095
v -0.155851 0.196161 0.028847
v -0.156426 0.195383 0.029768
v -0.149823 0.193112 0.028798
v -0.149257 0.193877 0.029157
v -0.154773 0.197620 0.029373
v -0.155312 0.196891 0.029989
v -0.154194 0.198402 0.030162
v -0.153690 0.199085 0.029868
v -0.153074 0.199918 0.030281
v -0.164577 0.195560 0.028789
v -0.169704 0.199829 0.028319
v -0.168691 0.201200 0.028681
v -0.162853 0.197893 0.027762
v -0.161803 0.199313 0.028356
v -0.167122 0.203322 0.027918
v -0.175744 0.202862 0.027508
v -0.174796 0.204145 0.027873
v -0.179908 0.208433 0.027478
v -0.172382 0.207411 0.027484
v -0.184209 0.213820 0.027364
v -0.179012 0.209646 0.027778
v -0.183364 0.214963 0.027595
v -0.178111 0.210865 0.028034
v -0.173843 0.205435 0.028201
v -0.172884 0.206732 0.028482
v -0.167672 0.202579 0.028991
v -0.163494 0.197025 0.029183
v -0.162405 0.198499 0.029521
v -0.161310 0.199981 0.029805
v -0.166648 0.203964 0.029251
v -0.160747 0.200742 0.028920
v -0.166133 0.204660 0.028435
v -0.171450 0.208672 0.027954
v -0.176774 0.212674 0.027539
v -0.182515 0.216112 0.027784
v -0.175892 0.213867 0.027942
v -0.181293 0.217765 0.027497
v -0.171921 0.208035 0.028713
v -0.177206 0.212090 0.028243
v -0.170513 0.209939 0.028396
v -0.165139 0.206006 0.028922
v -0.170955 0.209342 0.028905
v -0.176297 0.213319 0.028416
v -0.181664 0.217263 0.027937
v -0.175006 0.215066 0.028320
v -0.180461 0.218890 0.027839
v -0.169572 0.211212 0.028810
v -0.164139 0.207358 0.029380
v -0.169986 0.210652 0.029055
v -0.175387 0.214550 0.028549
v -0.169015 0.211966 0.029159
v -0.180811 0.218418 0.028054
v -0.179956 0.219574 0.028131
v -0.174475 0.215785 0.028640
v -0.159685 0.202179 0.029452
v -0.165620 0.205354 0.029467
v -0.160211 0.201467 0.030042
v -0.159109 0.202958 0.030232
v -0.158618 0.203622 0.029954
v -0.164589 0.206749 0.029639
v -0.163556 0.208147 0.029762
v -0.158004 0.204453 0.030369
v -0.187814 0.220148 0.027303
v -0.187014 0.221230 0.027432
v -0.186214 0.222313 0.027527
v -0.185412 0.223398 0.027584
v -0.047605 0.064050 0.023469
v -0.039218 0.064192 0.022714
v -0.039332 0.064038 0.022721
v -0.047211 0.064583 0.023437
v -0.039105 0.064346 0.022703
v -0.046817 0.065116 0.023392
v -0.038991 0.064499 0.022688
v -0.038878 0.064653 0.022670
v -0.046424 0.065648 0.023334
v -0.039524 0.063778 0.022735
v -0.039446 0.063884 0.022725
v -0.038525 0.065130 0.022634
v -0.039412 0.063930 0.022761
v -0.039298 0.064083 0.022781
v -0.039185 0.064237 0.022796
v -0.046032 0.066179 0.023266
v -0.038765 0.064806 0.022649
v -0.045640 0.066709 0.023187
v -0.038652 0.064958 0.022624
v -0.045249 0.067238 0.023094
v -0.038539 0.065110 0.022596
v -0.044859 0.067765 0.022990
v -0.038427 0.065262 0.022565
v -0.044470 0.068292 0.022878
v -0.037980 0.065867 0.022418
v -0.037869 0.066017 0.022378
v -0.037757 0.066168 0.022340
v -0.038092 0.065716 0.022457
v -0.043309 0.069862 0.022487
v -0.038315 0.065414 0.022531
v -0.039071 0.064391 0.022808
v -0.038958 0.064544 0.022813
v -0.038844 0.064698 0.022813
v -0.038730 0.064852 0.022809
v -0.038616 0.065006 0.022800
v -0.038503 0.065160 0.022785
v -0.038203 0.065565 0.022495
v -0.038390 0.065313 0.022764
v -0.038277 0.065465 0.022739
v -0.038165 0.065617 0.022706
v -0.037726 0.066211 0.022508
v -0.037833 0.066065 0.022570
v -0.038054 0.065768 0.022668
v -0.037943 0.065917 0.022623
v -0.044082 0.068816 0.022755
v -0.043695 0.069340 0.022623
v -0.043556 0.069528 0.023372
v -0.043170 0.070050 0.023232
v -0.049898 0.072153 0.022955
v -0.050347 0.071545 0.023093
v -0.055230 0.076145 0.023068
v -0.049451 0.072758 0.022806
v -0.049004 0.073362 0.022646
v -0.048558 0.073965 0.022480
v -0.054738 0.076810 0.022875
v -0.054248 0.077473 0.022672
v -0.059968 0.080939 0.022956
v -0.059436 0.081659 0.022700
v -0.065149 0.085134 0.023026
v -0.064575 0.085912 0.022723
v -0.070278 0.089400 0.023103
v -0.048270 0.063151 0.023530
v -0.054284 0.066219 0.023793
v -0.048000 0.063516 0.023490
v -0.053976 0.066636 0.023739
v -0.053831 0.066832 0.023883
v -0.060057 0.069614 0.024266
v -0.059720 0.070069 0.024186
v -0.053520 0.067253 0.023707
v -0.047878 0.063681 0.023614
v -0.053377 0.067447 0.023953
v -0.053064 0.067870 0.023660
v -0.047486 0.064212 0.023679
v -0.047092 0.064744 0.023729
v -0.052921 0.068063 0.024004
v -0.059217 0.070750 0.024122
v -0.058714 0.071431 0.024043
v -0.052609 0.068485 0.023599
v -0.059554 0.070295 0.024341
v -0.059050 0.070976 0.024392
v -0.058545 0.071659 0.024422
v -0.065751 0.073115 0.024849
v -0.065389 0.073605 0.024737
v -0.065199 0.073862 0.024898
v -0.058212 0.072109 0.023947
v -0.064840 0.074348 0.024631
v -0.064292 0.075090 0.024509
v -0.064646 0.074610 0.024922
v -0.058040 0.072342 0.024433
v -0.063745 0.075830 0.024369
v -0.057712 0.072787 0.023836
v -0.064093 0.075358 0.024922
v -0.063541 0.076106 0.024901
v -0.071021 0.077191 0.025220
v -0.070425 0.077997 0.025079
v -0.069830 0.078802 0.024920
v -0.069237 0.079604 0.024742
v -0.063200 0.076567 0.024213
v -0.068646 0.080403 0.024545
v -0.071409 0.076666 0.025361
v -0.070807 0.077480 0.025391
v -0.070205 0.078295 0.025393
v -0.069603 0.079109 0.025370
v -0.069001 0.079923 0.025323
v -0.068401 0.080735 0.025246
v -0.046698 0.065278 0.023763
v -0.046303 0.065811 0.023777
v -0.045909 0.066345 0.023773
v -0.052155 0.069100 0.023524
v -0.051701 0.069713 0.023437
v -0.052465 0.068680 0.024037
v -0.052009 0.069297 0.024046
v -0.051552 0.069915 0.024035
v -0.051249 0.070326 0.023337
v -0.050797 0.070936 0.023221
v -0.056714 0.074136 0.023573
v -0.051096 0.070532 0.024007
v -0.045514 0.066879 0.023754
v -0.050641 0.071148 0.023959
v -0.057213 0.073462 0.023711
v -0.057536 0.073025 0.024417
v -0.057031 0.073707 0.024378
v -0.056528 0.074389 0.024321
v -0.056025 0.075069 0.024241
v -0.045120 0.067412 0.023719
v -0.044727 0.067944 0.023659
v -0.044335 0.068474 0.023584
v -0.043944 0.069003 0.023492
v -0.056218 0.074808 0.023417
v -0.055723 0.075477 0.023247
v -0.050187 0.071763 0.023883
v -0.049734 0.072376 0.023789
v -0.055025 0.076421 0.024001
v -0.048834 0.073592 0.023529
v -0.049282 0.072986 0.023675
v -0.054529 0.077093 0.023849
v -0.054036 0.077759 0.023660
v -0.055524 0.075746 0.024131
v -0.062656 0.077302 0.024041
v -0.062114 0.078036 0.023856
v -0.061575 0.078765 0.023651
v -0.067471 0.081994 0.024105
v -0.066887 0.082784 0.023857
v -0.062988 0.076853 0.024851
v -0.062437 0.077599 0.024776
v -0.061339 0.079085 0.024560
v -0.061887 0.078343 0.024680
v -0.068058 0.081200 0.024333
v -0.067802 0.081546 0.025140
v -0.067205 0.082354 0.025012
v -0.066609 0.083159 0.024858
v -0.061037 0.079493 0.023431
v -0.060502 0.080217 0.023201
v -0.059176 0.082011 0.023791
v -0.059710 0.081288 0.024031
v -0.066306 0.083570 0.023593
v -0.065726 0.084354 0.023317
v -0.060793 0.079823 0.024406
v -0.060250 0.080557 0.024231
v -0.066018 0.083959 0.024666
v -0.065430 0.084755 0.024451
v -0.064845 0.085546 0.024210
v -0.074669 0.083460 0.025159
v -0.074034 0.084319 0.024917
v -0.076590 0.080861 0.025766
v -0.077002 0.080303 0.025938
v -0.076351 0.081185 0.025944
v -0.075948 0.081730 0.025583
v -0.082113 0.084594 0.026272
v -0.082549 0.084004 0.026473
v -0.081848 0.084952 0.026458
v -0.081425 0.085525 0.026050
v -0.081148 0.085899 0.026411
v -0.087578 0.088405 0.026829
v -0.088036 0.087785 0.027063
v -0.087286 0.088800 0.027023
v -0.075307 0.082597 0.025381
v -0.075699 0.082066 0.025920
v -0.075049 0.082946 0.025868
v -0.080739 0.086453 0.025809
v -0.080056 0.087377 0.025546
v -0.074399 0.083826 0.025790
v -0.073751 0.084702 0.025679
v -0.086114 0.090386 0.026278
v -0.079375 0.088298 0.025262
v -0.085386 0.091370 0.025970
v -0.080449 0.086845 0.026334
v -0.079751 0.087790 0.026229
v -0.086845 0.089398 0.026564
v -0.086538 0.089813 0.026948
v -0.085790 0.090824 0.026841
v -0.079055 0.088731 0.026089
v -0.085044 0.091833 0.026704
v -0.093049 0.092209 0.027322
v -0.084663 0.092350 0.025639
v -0.091487 0.094322 0.026696
v -0.092266 0.093268 0.027020
v -0.090711 0.095371 0.026347
v -0.089939 0.096415 0.025975
v -0.090332 0.095884 0.027141
v -0.096821 0.098310 0.027132
v -0.095997 0.099425 0.026741
v -0.073401 0.085176 0.024658
v -0.078698 0.089214 0.024959
v -0.072770 0.086029 0.024383
v -0.072143 0.086877 0.024085
v -0.078023 0.090127 0.024640
v -0.077353 0.091034 0.024297
v -0.083224 0.094295 0.024920
v -0.071519 0.087722 0.023772
v -0.070897 0.088563 0.023445
v -0.076686 0.091936 0.023936
v -0.076021 0.092836 0.023562
v -0.075360 0.093730 0.023171
v -0.081803 0.096219 0.024115
v -0.081096 0.097174 0.023689
v -0.071183 0.088176 0.024943
v -0.069922 0.089883 0.024396
v -0.070550 0.089032 0.024684
v -0.075625 0.093372 0.024910
v -0.082512 0.095260 0.024526
v -0.074952 0.094282 0.024579
v -0.088407 0.098489 0.025170
v -0.086892 0.100538 0.024273
v -0.086140 0.101555 0.023800
v -0.087648 0.099516 0.024731
v -0.092744 0.103826 0.024943
v -0.091943 0.104910 0.024437
v -0.073105 0.085576 0.025538
v -0.078362 0.089669 0.025915
v -0.072461 0.086447 0.025371
v -0.071820 0.087315 0.025178
v -0.077671 0.090603 0.025714
v -0.083942 0.093325 0.025289
v -0.076984 0.091533 0.025485
v -0.082825 0.094835 0.026080
v -0.084301 0.092838 0.026530
v -0.083562 0.093839 0.026319
v -0.076302 0.092455 0.025211
v -0.082093 0.095827 0.025810
v -0.081367 0.096809 0.025492
v -0.080646 0.097784 0.025145
v -0.089171 0.097455 0.025582
v -0.094362 0.101637 0.025887
v -0.093550 0.102736 0.025430
v -0.089538 0.096958 0.026939
v -0.088748 0.098027 0.026698
v -0.087962 0.099091 0.026427
v -0.095177 0.100534 0.026325
v -0.093056 0.103404 0.026786
v -0.093893 0.102272 0.027092
v -0.086405 0.101197 0.025767
v -0.087180 0.100149 0.026123
v -0.085636 0.102237 0.025380
v -0.092224 0.104529 0.026446
v -0.091401 0.105643 0.026050
v -0.046773 0.076380 0.021838
v -0.041380 0.072473 0.021983
v -0.041763 0.071954 0.021953
v -0.047223 0.075773 0.021974
v -0.052292 0.080120 0.021825
v -0.037645 0.066320 0.022308
v -0.037534 0.066470 0.022317
v -0.037622 0.066352 0.022431
v -0.042923 0.070384 0.022346
v -0.042538 0.070905 0.022203
v -0.042152 0.071428 0.022066
v -0.041678 0.072070 0.022388
v -0.042409 0.071080 0.022883
v -0.042788 0.070568 0.023071
v -0.042037 0.071583 0.022660
v -0.048113 0.074568 0.022310
v -0.047668 0.075169 0.022139
v -0.053758 0.078135 0.022462
v -0.053270 0.078796 0.022248
v -0.047511 0.075382 0.022940
v -0.046669 0.076521 0.022350
v -0.052781 0.079457 0.022032
v -0.047083 0.075961 0.022674
v -0.052119 0.080353 0.022607
v -0.046330 0.076980 0.021872
v -0.051798 0.080788 0.021650
v -0.051307 0.081451 0.021669
v -0.051669 0.080962 0.022222
v -0.057846 0.083810 0.021903
v -0.057315 0.084529 0.021645
v -0.062856 0.088237 0.021785
v -0.063429 0.087462 0.022099
v -0.058906 0.082376 0.022438
v -0.058376 0.083093 0.022171
v -0.052586 0.079721 0.022929
v -0.057103 0.084815 0.022507
v -0.057606 0.084134 0.022892
v -0.064001 0.086688 0.022414
v -0.056778 0.085255 0.021423
v -0.056241 0.085981 0.021418
v -0.056621 0.085468 0.022053
v -0.061700 0.089801 0.021219
v -0.062282 0.089014 0.021482
v -0.061116 0.090591 0.021198
v -0.061515 0.090051 0.021912
v -0.062032 0.089352 0.022431
v -0.062573 0.088619 0.022874
v -0.066577 0.094408 0.020991
v -0.071404 0.099082 0.020777
v -0.065946 0.095261 0.020949
v -0.072073 0.098176 0.021126
v -0.076903 0.102847 0.020937
v -0.068433 0.091897 0.022019
v -0.067819 0.092728 0.021652
v -0.069662 0.090234 0.022748
v -0.069047 0.091066 0.022386
v -0.074702 0.094621 0.022768
v -0.074045 0.095510 0.022357
v -0.073389 0.096397 0.021941
v -0.078997 0.100014 0.022324
v -0.079695 0.099071 0.022788
v -0.067202 0.093562 0.021299
v -0.072733 0.097284 0.021526
v -0.066361 0.094699 0.021746
v -0.071159 0.099414 0.021596
v -0.066910 0.093957 0.022334
v -0.078301 0.100957 0.021855
v -0.077604 0.101899 0.021387
v -0.067488 0.093175 0.022841
v -0.071740 0.098627 0.022251
v -0.076524 0.103360 0.022152
v -0.072355 0.097796 0.022819
v -0.077174 0.102481 0.022784
v -0.072988 0.096939 0.023323
v -0.080394 0.098125 0.023245
v -0.084648 0.103574 0.022804
v -0.083905 0.104579 0.022291
v -0.085392 0.102567 0.023309
v -0.089561 0.108132 0.022818
v -0.083164 0.105582 0.021774
v -0.082421 0.106587 0.021259
v -0.087986 0.110263 0.021687
v -0.087198 0.111329 0.021123
v -0.088773 0.109198 0.022255
v -0.081941 0.107237 0.022772
v -0.077844 0.101574 0.023349
v -0.070727 0.099999 0.020719
v -0.076191 0.103811 0.020542
v -0.075466 0.104791 0.020466
v -0.081675 0.107597 0.020763
v -0.080915 0.108625 0.020329
v -0.080140 0.109673 0.020241
v -0.075912 0.104188 0.021425
v -0.080604 0.109046 0.021284
v -0.086405 0.112402 0.020581
v -0.085598 0.113494 0.020105
v -0.084773 0.114611 0.020006
v -0.085253 0.113961 0.021134
v -0.081252 0.108169 0.022079
v -0.085936 0.113037 0.022001
v -0.082654 0.106273 0.023393
v -0.086664 0.112052 0.022757
v -0.048389 0.074195 0.023360
v -0.047947 0.074792 0.023166
v -0.053548 0.078420 0.023446
v -0.053064 0.079075 0.023205
v -0.058122 0.083436 0.023228
v -0.058646 0.082728 0.023525
v -0.064267 0.086328 0.023925
v -0.063695 0.087102 0.023611
v -0.063129 0.087867 0.023263
v -0.068688 0.091552 0.023693
v -0.069302 0.090722 0.024060
v -0.068082 0.092371 0.023290
v -0.073634 0.096065 0.023779
v -0.078530 0.100647 0.023862
v -0.074289 0.095178 0.024196
v -0.079930 0.098753 0.024767
v -0.079226 0.099705 0.024332
v -0.091144 0.105990 0.023915
v -0.090351 0.107063 0.023374
v -0.084123 0.104284 0.024478
v -0.084873 0.103269 0.024959
v -0.088977 0.108922 0.024627
v -0.089774 0.107845 0.025157
v -0.083382 0.105286 0.023959
v -0.087419 0.111030 0.023437
v -0.088192 0.109985 0.024056
v -0.090584 0.106748 0.025621
v -0.101291 0.103468 0.027109
v -0.096975 0.109307 0.024590
v -0.097828 0.108153 0.025142
v -0.102883 0.112518 0.025343
v -0.101978 0.113744 0.024744
v -0.099550 0.105823 0.026173
v -0.098686 0.106993 0.025673
v -0.100418 0.104649 0.026653
v -0.105633 0.108798 0.026987
v -0.104711 0.110045 0.026464
v -0.103794 0.111287 0.025920
v -0.109858 0.114287 0.026799
v -0.110837 0.112963 0.027372
v -0.108885 0.115604 0.026204
v -0.107919 0.116910 0.025574
v -0.097255 0.108927 0.026770
v -0.098142 0.107728 0.027143
v -0.096378 0.110114 0.026338
v -0.115045 0.118475 0.027139
v -0.114006 0.119881 0.026492
v -0.112975 0.121275 0.025808
v -0.119892 0.123121 0.027083
v -0.118837 0.124549 0.026440
v -0.135086 0.136181 0.025759
v -0.131444 0.129903 0.026988
v -0.132313 0.128727 0.027295
v -0.130578 0.131075 0.026657
v -0.134388 0.137126 0.025560
v -0.133692 0.138067 0.025343
v -0.125126 0.127246 0.026960
v -0.124140 0.128580 0.026431
v -0.126117 0.125905 0.027463
v -0.129715 0.132242 0.026300
v -0.123158 0.129909 0.025879
v -0.128857 0.133404 0.025919
v -0.135472 0.135659 0.025958
v -0.132798 0.128071 0.027576
v -0.134765 0.136615 0.026010
v -0.131910 0.129273 0.027578
v -0.134057 0.137573 0.026029
v -0.131022 0.130474 0.027538
v -0.133350 0.138530 0.026016
v -0.093602 0.113870 0.022218
v -0.092765 0.115003 0.021602
v -0.094441 0.112735 0.022829
v -0.099288 0.117383 0.022838
v -0.098398 0.118587 0.022178
v -0.104107 0.122068 0.022849
v -0.103163 0.123346 0.022132
v -0.091926 0.116138 0.020991
v -0.091081 0.117280 0.020404
v -0.096618 0.120995 0.020855
v -0.102219 0.124622 0.021412
v -0.101274 0.125900 0.020699
v -0.090220 0.118445 0.019891
v -0.089340 0.119636 0.019788
v -0.094804 0.123448 0.019672
v -0.095720 0.122210 0.020223
v -0.093868 0.124715 0.019565
v -0.100322 0.127189 0.020015
v -0.099349 0.128505 0.019420
v -0.089841 0.118959 0.021004
v -0.094389 0.124010 0.020872
v -0.104864 0.132249 0.019800
v -0.105882 0.130872 0.020536
v -0.106891 0.129506 0.021305
v -0.110578 0.135723 0.020524
v -0.111604 0.134334 0.021286
v -0.097508 0.119790 0.021513
v -0.090564 0.117980 0.021942
v -0.091337 0.116934 0.022761
v -0.098893 0.129122 0.020712
v -0.095154 0.122976 0.021883
v -0.099699 0.128032 0.021804
v -0.095972 0.121868 0.022767
v -0.100565 0.126860 0.022760
v -0.107898 0.128144 0.022082
v -0.112629 0.132949 0.022058
v -0.108906 0.126780 0.022857
v -0.113654 0.131562 0.022828
v -0.104181 0.133173 0.021741
v -0.105103 0.131925 0.022774
v -0.116417 0.139029 0.021409
v -0.115459 0.140325 0.020748
v -0.118328 0.136443 0.022748
v -0.117372 0.137736 0.022080
v -0.122953 0.141391 0.022653
v -0.123786 0.140264 0.023171
v -0.128218 0.145473 0.022932
v -0.122121 0.142517 0.022129
v -0.121289 0.143642 0.021605
v -0.126872 0.147293 0.022193
v -0.126200 0.148203 0.021822
v -0.127545 0.146383 0.022564
v -0.131630 0.152062 0.022249
v -0.096126 0.110456 0.024022
v -0.095281 0.111598 0.023433
v -0.101076 0.114963 0.024128
v -0.100180 0.116176 0.023491
v -0.106003 0.119503 0.024251
v -0.106959 0.118209 0.024921
v -0.105053 0.120788 0.023558
v -0.093797 0.113606 0.024790
v -0.092961 0.114737 0.024170
v -0.097694 0.119538 0.024287
v -0.098582 0.118338 0.024957
v -0.111950 0.122662 0.025101
v -0.110930 0.124042 0.024374
v -0.116748 0.127375 0.025058
v -0.109916 0.125414 0.023624
v -0.114680 0.130173 0.023590
v -0.115711 0.128778 0.024336
v -0.095508 0.111292 0.025871
v -0.094645 0.112459 0.025365
v -0.101324 0.114629 0.026634
v -0.100399 0.115880 0.026127
v -0.102256 0.113368 0.027103
v -0.106239 0.119183 0.026960
v -0.105257 0.120511 0.026407
v -0.099482 0.117120 0.025580
v -0.104284 0.121828 0.025812
v -0.103330 0.123120 0.025135
v -0.117790 0.125966 0.025761
v -0.110111 0.125149 0.026717
v -0.109072 0.126556 0.026072
v -0.113823 0.131332 0.026127
v -0.114880 0.129903 0.026763
v -0.092140 0.115849 0.023498
v -0.096823 0.120718 0.023562
v -0.101465 0.125642 0.023621
v -0.102389 0.124393 0.024408
v -0.107048 0.129293 0.024555
v -0.111766 0.134116 0.024620
v -0.108053 0.127935 0.025341
v -0.106063 0.130627 0.023704
v -0.109787 0.136793 0.022842
v -0.110764 0.135472 0.023772
v -0.112787 0.132734 0.025401
v -0.120247 0.133847 0.024059
v -0.119286 0.135147 0.023411
v -0.121213 0.132540 0.024685
v -0.122183 0.131228 0.025293
v -0.126304 0.136858 0.024637
v -0.125461 0.137998 0.024165
v -0.127150 0.135713 0.025091
v -0.130933 0.141799 0.024278
v -0.131619 0.140871 0.024570
v -0.124621 0.139134 0.023678
v -0.130251 0.142723 0.023963
v -0.136091 0.146026 0.024365
v -0.132308 0.139940 0.024846
v -0.132999 0.139005 0.025104
v -0.137103 0.144658 0.024697
v -0.136596 0.145343 0.024538
v -0.137611 0.143970 0.024842
v -0.137888 0.143595 0.024987
v -0.135588 0.146707 0.024177
v -0.128002 0.134560 0.025515
v -0.130135 0.131674 0.027459
v -0.132642 0.139487 0.025974
v -0.129250 0.132872 0.027342
v -0.128367 0.134066 0.027180
v -0.131936 0.140442 0.025895
v -0.131232 0.141395 0.025780
v -0.127487 0.135256 0.026973
v -0.119501 0.134855 0.026370
v -0.115946 0.128461 0.027353
v -0.120493 0.133514 0.026871
v -0.121491 0.132163 0.027331
v -0.124874 0.138792 0.026110
v -0.130530 0.142345 0.025636
v -0.126611 0.136441 0.026730
v -0.125739 0.137622 0.026451
v -0.129829 0.143293 0.025463
v -0.137373 0.144291 0.025028
v -0.136858 0.144988 0.025044
v -0.136343 0.145685 0.025038
v -0.135828 0.146382 0.025009
v -0.129571 0.143642 0.023632
v -0.128893 0.144559 0.023289
v -0.116600 0.138781 0.024518
v -0.121493 0.143366 0.024296
v -0.117552 0.137493 0.025199
v -0.115664 0.140047 0.023775
v -0.120677 0.144470 0.023707
v -0.122322 0.142244 0.024831
v -0.127077 0.147016 0.024363
v -0.123161 0.141109 0.025319
v -0.127755 0.146099 0.024705
v -0.126407 0.147923 0.023983
v -0.129134 0.144233 0.025240
v -0.128443 0.145169 0.024988
v -0.118518 0.136186 0.025827
v -0.124015 0.139954 0.025733
v -0.093531 0.091557 0.027584
v -0.092729 0.092642 0.027527
v -0.091928 0.093725 0.027432
v -0.098987 0.095380 0.028131
v -0.098481 0.096064 0.027839
v -0.098132 0.096537 0.028054
v -0.097278 0.097691 0.027937
v -0.097649 0.097190 0.027497
v -0.091129 0.094806 0.027303
v -0.096427 0.098843 0.027784
v -0.095578 0.099991 0.027595
v -0.094733 0.101135 0.027364
v -0.103936 0.099889 0.028320
v -0.104468 0.099170 0.028640
v -0.103555 0.100404 0.028549
v -0.109927 0.102989 0.029159
v -0.102645 0.101636 0.028416
v -0.103050 0.101088 0.027942
v -0.109370 0.103742 0.028810
v -0.108956 0.104302 0.029055
v -0.107988 0.105613 0.028905
v -0.108429 0.105016 0.028396
v -0.114803 0.107597 0.029380
v -0.102168 0.102281 0.027539
v -0.106560 0.107544 0.027484
v -0.100832 0.104089 0.028034
v -0.107492 0.106283 0.027954
v -0.101737 0.102864 0.028243
v -0.107021 0.106920 0.028713
v -0.106058 0.108223 0.028482
v -0.113804 0.108949 0.028922
v -0.112809 0.110294 0.028435
v -0.111820 0.111633 0.027918
v -0.111271 0.112376 0.028991
v -0.118195 0.114213 0.028920
v -0.117139 0.115641 0.028356
v -0.123092 0.118793 0.028847
v -0.122019 0.120244 0.028289
v -0.115386 0.106808 0.029762
v -0.114353 0.108206 0.029639
v -0.113322 0.109600 0.029467
v -0.112295 0.110991 0.029251
v -0.120938 0.110501 0.030369
v -0.120324 0.111332 0.029954
v -0.118731 0.113487 0.030042
v -0.119257 0.112776 0.029452
v -0.125252 0.115870 0.029868
v -0.124169 0.117335 0.029373
v -0.119833 0.111996 0.030232
v -0.125868 0.115037 0.030281
v -0.124748 0.116552 0.030162
v -0.123631 0.118064 0.029989
v -0.117633 0.114974 0.029805
v -0.116538 0.116455 0.029521
v -0.122516 0.119572 0.029768
v -0.099930 0.105309 0.027778
v -0.099034 0.106521 0.027478
v -0.104147 0.110809 0.027873
v -0.105100 0.109520 0.028201
v -0.110251 0.113755 0.028681
v -0.109238 0.115126 0.028319
v -0.103198 0.112092 0.027508
v -0.108231 0.116489 0.027917
v -0.107229 0.117844 0.027473
v -0.116089 0.117062 0.027762
v -0.120953 0.121687 0.027700
v -0.114365 0.119395 0.028789
v -0.113288 0.120851 0.028352
v -0.112218 0.122300 0.027871
v -0.118107 0.125537 0.028369
v -0.119201 0.124058 0.028794
v -0.115448 0.117930 0.029183
v -0.121405 0.121075 0.029499
v -0.120300 0.122571 0.029175
v -0.129120 0.121843 0.028798
v -0.128114 0.123203 0.028382
v -0.129685 0.121078 0.029157
v -0.127113 0.124557 0.027938
v -0.128651 0.122477 0.029095
v -0.127618 0.123875 0.028982
v -0.126587 0.125270 0.028825
v -0.125558 0.126661 0.028624
v -0.124534 0.128047 0.028371
v -0.123515 0.129426 0.028065
v -0.111160 0.123730 0.027315
v -0.117020 0.127007 0.027900
v -0.122501 0.130798 0.027719
v -0.098352 0.129853 0.019306
v -0.103824 0.133656 0.019161
v -0.102758 0.135097 0.019046
v -0.109542 0.137125 0.019797
v -0.108484 0.138556 0.019171
v -0.103325 0.134331 0.020561
v -0.107978 0.139241 0.020619
v -0.107404 0.140017 0.019085
v -0.108849 0.138062 0.021806
v -0.114493 0.141632 0.020122
v -0.113507 0.142965 0.019593
v -0.120455 0.144770 0.021090
v -0.119615 0.145907 0.020606
v -0.118760 0.147064 0.020208
v -0.124847 0.150033 0.021122
v -0.112511 0.144313 0.019571
v -0.117906 0.148219 0.020253
v -0.113054 0.143578 0.020969
v -0.124158 0.150966 0.020856
v -0.118391 0.147562 0.021429
v -0.123480 0.151883 0.020949
v -0.125526 0.149115 0.021459
v -0.113872 0.142471 0.022034
v -0.119110 0.146590 0.022304
v -0.114751 0.141283 0.022954
v -0.119880 0.145549 0.023050
v -0.124472 0.150540 0.022523
v -0.125099 0.149693 0.023077
v -0.123884 0.151336 0.021864
v -0.131140 0.152725 0.021980
v -0.130649 0.153389 0.021718
v -0.130154 0.154058 0.021475
v -0.129652 0.154738 0.021286
v -0.129158 0.155405 0.021361
v -0.129450 0.155011 0.022030
v -0.125746 0.148817 0.023558
v -0.148072 -0.149627 0.022440
v -0.139471 -0.157477 0.022440
v -0.149604 -0.151738 0.022440
v -0.146110 -0.147910 0.022440
v -0.141301 -0.145977 0.022440
v -0.139190 -0.146067 0.023926
v -0.138696 -0.145858 0.022440
v -0.136868 -0.146297 0.023293
v -0.136130 -0.146322 0.022440
v -0.143814 -0.146673 0.022440
v -0.136153 -0.146399 0.023076
v -0.135973 -0.146467 0.023014
v -0.136381 -0.146366 0.023146
v -0.136252 -0.146385 0.023107
v -0.135420 -0.146677 0.022826
v -0.135123 -0.146790 0.022721
v -0.134583 -0.146994 0.022532
v -0.134326 -0.147092 0.022440
v -0.134479 -0.147525 0.022440
v -0.135020 -0.149052 0.022440
v -0.148793 -0.152197 0.029838
v -0.147384 -0.150255 0.029838
v -0.145579 -0.148675 0.029838
v -0.143467 -0.147537 0.029838
v -0.141155 -0.146897 0.029838
v -0.140164 -0.146138 0.024138
v -0.139484 -0.146089 0.023993
v -0.138746 -0.146034 0.023825
v -0.139544 -0.146093 0.024007
v -0.137753 -0.146170 0.023551
v -0.137107 -0.146263 0.023365
v -0.137938 -0.146143 0.023604
v -0.138612 -0.146045 0.023789
v -0.138708 -0.146031 0.023815
v -0.139996 -0.146233 0.024961
v -0.139900 -0.146229 0.024961
v -0.139908 -0.146229 0.024961
v -0.139530 -0.146211 0.024950
v -0.138758 -0.146788 0.029838
v -0.139176 -0.146193 0.024939
v -0.139104 -0.146190 0.024937
v -0.138717 -0.146169 0.024915
v -0.138413 -0.146221 0.024889
v -0.138285 -0.146242 0.024878
v -0.137625 -0.146352 0.024804
v -0.137450 -0.146381 0.024784
v -0.136933 -0.146464 0.024701
v -0.134191 -0.148156 0.029838
v -0.133823 -0.147506 0.023912
v -0.134062 -0.147416 0.023996
v -0.136397 -0.147214 0.029838
v -0.136818 -0.146483 0.024683
v -0.136594 -0.146519 0.024646
v -0.136207 -0.146579 0.024574
v -0.135742 -0.146764 0.024471
v -0.135995 -0.146663 0.024527
v -0.135176 -0.146986 0.024328
v -0.134903 -0.147093 0.024259
v -0.134354 -0.147304 0.024087
v -0.134321 -0.147316 0.024077
v -0.144202 -0.153160 0.034770
v -0.145044 -0.154321 0.034770
v -0.143122 -0.152215 0.034770
v -0.141860 -0.151535 0.034770
v -0.140478 -0.151152 0.034770
v -0.139045 -0.151087 0.034770
v -0.137634 -0.151342 0.034770
v -0.139471 -0.157477 0.034770
v -0.136314 -0.151905 0.034770
v -0.131853 -0.150846 0.022440
v -0.129904 -0.150839 0.022440
v -0.131068 -0.149508 0.022440
v -0.128666 -0.153134 0.022440
v -0.127971 -0.155647 0.022440
v -0.127852 -0.158252 0.022440
v -0.128316 -0.160818 0.022440
v -0.129339 -0.163217 0.022440
v -0.132249 -0.149564 0.029838
v -0.131150 -0.149428 0.022514
v -0.130669 -0.151370 0.029838
v -0.132031 -0.148679 0.023089
v -0.132520 -0.148364 0.023346
v -0.132781 -0.148193 0.023465
v -0.133274 -0.147870 0.023690
v -0.133547 -0.147689 0.023801
v -0.131658 -0.148917 0.022881
v -0.131783 -0.148839 0.022959
v -0.131341 -0.149237 0.022652
v -0.129531 -0.153482 0.029838
v -0.128891 -0.155794 0.029838
v -0.128782 -0.158190 0.029838
v -0.129208 -0.160551 0.029838
v -0.130150 -0.162758 0.029838
v -0.135154 -0.152747 0.034770
v -0.134209 -0.153826 0.034770
v -0.133529 -0.155089 0.034770
v -0.133146 -0.156471 0.034770
v -0.133081 -0.157904 0.034770
v -0.133336 -0.159315 0.034770
v -0.133898 -0.160634 0.034770
v -0.150627 -0.154136 0.022440
v -0.151090 -0.156702 0.022440
v -0.150972 -0.159307 0.022440
v -0.150276 -0.161820 0.022440
v -0.149039 -0.164116 0.022440
v -0.147089 -0.164109 0.022440
v -0.147874 -0.165447 0.022440
v -0.143922 -0.165903 0.022440
v -0.149734 -0.154404 0.029838
v -0.150161 -0.156764 0.029838
v -0.150052 -0.159161 0.029838
v -0.149412 -0.161473 0.029838
v -0.148273 -0.163585 0.029838
v -0.146694 -0.165390 0.029838
v -0.147792 -0.165526 0.022514
v -0.147602 -0.165718 0.022652
v -0.147284 -0.166037 0.022881
v -0.147160 -0.166116 0.022959
v -0.146912 -0.166275 0.023089
v -0.144752 -0.166799 0.029838
v -0.146422 -0.166591 0.023346
v -0.146162 -0.166761 0.023465
v -0.145668 -0.167085 0.023690
v -0.145395 -0.167266 0.023801
v -0.145119 -0.167448 0.023912
v -0.145607 -0.155640 0.034770
v -0.145862 -0.157051 0.034770
v -0.145796 -0.158484 0.034770
v -0.145414 -0.159866 0.034770
v -0.144733 -0.161129 0.034770
v -0.143789 -0.162208 0.034770
v -0.142628 -0.163050 0.034770
v -0.142812 -0.168633 0.022440
v -0.140246 -0.169097 0.022440
v -0.144463 -0.167429 0.022440
v -0.144617 -0.167863 0.022440
v -0.144359 -0.167960 0.022532
v -0.143820 -0.168165 0.022721
v -0.143522 -0.168277 0.022826
v -0.142970 -0.168487 0.023014
v -0.142789 -0.168556 0.023076
v -0.142690 -0.168570 0.023107
v -0.142562 -0.168588 0.023146
v -0.142074 -0.168658 0.023293
v -0.137641 -0.168978 0.022440
v -0.132833 -0.167045 0.022440
v -0.135128 -0.168282 0.022440
v -0.139752 -0.168888 0.023926
v -0.130870 -0.165328 0.022440
v -0.141835 -0.168692 0.023365
v -0.141005 -0.168811 0.023604
v -0.141189 -0.168785 0.023551
v -0.140330 -0.168910 0.023789
v -0.140235 -0.168924 0.023815
v -0.140197 -0.168921 0.023825
v -0.139458 -0.168866 0.023993
v -0.139399 -0.168862 0.024007
v -0.138778 -0.168817 0.024138
v -0.144880 -0.167539 0.023996
v -0.144621 -0.167639 0.024077
v -0.142545 -0.167740 0.029838
v -0.144588 -0.167651 0.024087
v -0.144039 -0.167862 0.024259
v -0.143767 -0.167969 0.024328
v -0.143200 -0.168191 0.024471
v -0.142947 -0.168291 0.024527
v -0.142735 -0.168375 0.024574
v -0.142349 -0.168436 0.024646
v -0.142125 -0.168472 0.024683
v -0.142009 -0.168490 0.024701
v -0.140184 -0.168167 0.029838
v -0.141493 -0.168573 0.024784
v -0.141318 -0.168602 0.024804
v -0.140658 -0.168712 0.024878
v -0.140529 -0.168734 0.024889
v -0.140225 -0.168786 0.024915
v -0.139838 -0.168765 0.024937
v -0.137788 -0.168058 0.029838
v -0.138946 -0.168721 0.024961
v -0.139766 -0.168762 0.024939
v -0.139412 -0.168744 0.024950
v -0.139042 -0.168726 0.024961
v -0.139035 -0.168725 0.024961
v -0.135476 -0.167418 0.029838
v -0.133364 -0.166279 0.029838
v -0.131558 -0.164700 0.029838
v -0.141309 -0.163613 0.034770
v -0.139897 -0.163868 0.034770
v -0.138465 -0.163802 0.034770
v -0.137082 -0.163420 0.034770
v -0.135820 -0.162739 0.034770
v -0.134741 -0.161795 0.034770
v -0.158746 -0.180469 0.019571
v -0.155407 -0.174707 0.020253
v -0.154157 -0.175415 0.020208
v -0.157288 -0.181295 0.019593
v -0.161664 -0.186471 0.019085
v -0.160084 -0.187366 0.019171
v -0.160824 -0.186947 0.020619
v -0.150812 -0.169654 0.020856
v -0.152904 -0.176124 0.020606
v -0.151805 -0.169092 0.020949
v -0.154696 -0.175109 0.021429
v -0.149803 -0.170226 0.021122
v -0.157951 -0.180920 0.020969
v -0.155845 -0.182113 0.020122
v -0.158535 -0.188244 0.019797
v -0.151674 -0.176821 0.021090
v -0.154431 -0.182914 0.020748
v -0.157019 -0.189103 0.020524
v -0.148050 -0.163565 0.021361
v -0.147328 -0.163974 0.021286
v -0.146592 -0.164390 0.021475
v -0.151213 -0.169428 0.021864
v -0.147623 -0.163807 0.022030
v -0.150352 -0.169915 0.022523
v -0.145868 -0.164801 0.021718
v -0.148810 -0.170789 0.021459
v -0.145149 -0.165208 0.021980
v -0.147823 -0.171348 0.021822
v -0.149435 -0.170435 0.023077
v -0.144432 -0.165614 0.022249
v -0.146839 -0.171905 0.022193
v -0.153643 -0.175705 0.022304
v -0.156754 -0.181598 0.022034
v -0.159549 -0.187669 0.021806
v -0.150454 -0.177512 0.021605
v -0.152517 -0.176343 0.023050
v -0.155468 -0.182327 0.022954
v -0.158176 -0.188447 0.022842
v -0.163907 -0.192855 0.019046
v -0.163078 -0.193325 0.020561
v -0.162348 -0.193738 0.019161
v -0.160825 -0.194601 0.019800
v -0.165799 -0.199438 0.019306
v -0.165008 -0.199886 0.020712
v -0.164341 -0.200264 0.019420
v -0.161825 -0.194035 0.021741
v -0.167806 -0.205955 0.019565
v -0.167043 -0.206388 0.020872
v -0.166436 -0.206732 0.019672
v -0.163828 -0.200554 0.021804
v -0.160475 -0.194799 0.022774
v -0.148487 -0.170971 0.023558
v -0.147520 -0.171519 0.023983
v -0.151350 -0.177004 0.023707
v -0.150156 -0.177681 0.024296
v -0.154131 -0.183084 0.023775
v -0.156746 -0.189257 0.023772
v -0.153029 -0.183708 0.021409
v -0.145854 -0.172463 0.022564
v -0.144869 -0.173021 0.022932
v -0.149236 -0.178202 0.022129
v -0.155516 -0.189954 0.021286
v -0.151630 -0.184500 0.022080
v -0.154016 -0.190803 0.022058
v -0.148019 -0.178891 0.022653
v -0.146799 -0.179582 0.023171
v -0.150231 -0.185293 0.022748
v -0.152516 -0.191653 0.022828
v -0.162917 -0.201071 0.020015
v -0.159335 -0.195445 0.020536
v -0.161522 -0.201861 0.020699
v -0.157858 -0.196282 0.021305
v -0.165095 -0.207491 0.020223
v -0.169877 -0.212437 0.019788
v -0.168589 -0.213167 0.019891
v -0.172005 -0.218886 0.020006
v -0.170798 -0.219570 0.020105
v -0.169144 -0.212852 0.021004
v -0.163781 -0.208235 0.020855
v -0.167328 -0.213881 0.020404
v -0.171303 -0.219284 0.021134
v -0.160139 -0.202644 0.021412
v -0.169615 -0.220240 0.020581
v -0.166092 -0.214581 0.020991
v -0.168454 -0.220898 0.021123
v -0.162561 -0.201272 0.022760
v -0.156384 -0.197117 0.022082
v -0.158758 -0.203426 0.022132
v -0.154909 -0.197952 0.022857
v -0.157376 -0.204209 0.022849
v -0.165924 -0.207021 0.021883
v -0.168085 -0.213452 0.021942
v -0.170303 -0.219850 0.022001
v -0.164726 -0.207700 0.022767
v -0.166953 -0.214093 0.022761
v -0.162477 -0.208974 0.021513
v -0.161176 -0.209711 0.022178
v -0.164864 -0.215277 0.021602
v -0.167301 -0.221551 0.021687
v -0.169237 -0.220454 0.022757
v -0.163638 -0.215971 0.022218
v -0.159873 -0.210450 0.022838
v -0.166149 -0.222203 0.022255
v -0.162410 -0.216667 0.022829
v -0.164996 -0.222857 0.022818
v -0.143881 -0.173581 0.023289
v -0.146539 -0.172075 0.024363
v -0.145546 -0.172637 0.024705
v -0.143528 -0.173781 0.025240
v -0.144540 -0.173208 0.024988
v -0.142889 -0.174143 0.023632
v -0.141893 -0.174707 0.023963
v -0.138638 -0.168896 0.024177
v -0.140894 -0.175273 0.024278
v -0.137902 -0.169313 0.024365
v -0.148942 -0.178368 0.024831
v -0.152761 -0.183860 0.024518
v -0.147713 -0.179065 0.025319
v -0.151367 -0.184650 0.025199
v -0.155279 -0.190088 0.024620
v -0.153784 -0.190935 0.025401
v -0.145576 -0.180275 0.023678
v -0.148829 -0.186087 0.023411
v -0.144347 -0.180971 0.024165
v -0.151013 -0.192504 0.023590
v -0.147423 -0.186884 0.024059
v -0.142510 -0.174357 0.025463
v -0.141485 -0.174938 0.025636
v -0.138287 -0.169095 0.025009
v -0.140457 -0.175520 0.025780
v -0.149953 -0.185450 0.025827
v -0.146464 -0.179772 0.025733
v -0.145206 -0.180485 0.026110
v -0.148513 -0.186266 0.026370
v -0.143941 -0.181202 0.026451
v -0.152268 -0.191794 0.026127
v -0.147062 -0.187088 0.026871
v -0.150721 -0.192670 0.026763
v -0.139890 -0.175842 0.024570
v -0.137162 -0.169732 0.024538
v -0.138882 -0.176412 0.024846
v -0.136421 -0.170152 0.024697
v -0.137871 -0.176985 0.025104
v -0.135271 -0.170804 0.024987
v -0.135677 -0.170573 0.024842
v -0.136856 -0.177560 0.025343
v -0.143114 -0.181670 0.024637
v -0.141875 -0.182372 0.025091
v -0.146008 -0.187685 0.024685
v -0.149504 -0.193359 0.024336
v -0.144588 -0.188489 0.025293
v -0.147986 -0.194219 0.025058
v -0.137533 -0.169522 0.025038
v -0.136778 -0.169950 0.025044
v -0.139426 -0.176104 0.025895
v -0.136024 -0.170377 0.025028
v -0.138392 -0.176690 0.025974
v -0.137357 -0.177276 0.026016
v -0.136321 -0.177863 0.026029
v -0.135837 -0.178137 0.025560
v -0.135285 -0.178450 0.026010
v -0.134816 -0.178716 0.025759
v -0.134250 -0.179036 0.025958
v -0.142663 -0.181925 0.026730
v -0.145601 -0.187916 0.027331
v -0.141381 -0.182652 0.026973
v -0.140093 -0.183381 0.027180
v -0.149161 -0.193554 0.027353
v -0.140628 -0.183078 0.025515
v -0.139376 -0.183787 0.025919
v -0.143161 -0.189298 0.025879
v -0.138119 -0.184499 0.026300
v -0.146461 -0.195083 0.025761
v -0.138801 -0.184113 0.027342
v -0.141724 -0.190112 0.026431
v -0.137505 -0.184847 0.027459
v -0.144928 -0.195951 0.026440
v -0.159070 -0.195595 0.023704
v -0.161243 -0.202019 0.023621
v -0.159891 -0.202785 0.024408
v -0.157627 -0.196412 0.024555
v -0.156157 -0.197245 0.025341
v -0.158514 -0.203565 0.025135
v -0.163481 -0.208405 0.023562
v -0.165779 -0.214758 0.023498
v -0.162205 -0.209128 0.024287
v -0.168132 -0.221080 0.023437
v -0.164576 -0.215440 0.024170
v -0.167001 -0.221721 0.024056
v -0.160906 -0.209864 0.024957
v -0.154666 -0.198090 0.026072
v -0.157117 -0.204356 0.025812
v -0.153430 -0.198790 0.023624
v -0.155991 -0.204994 0.023558
v -0.151946 -0.199631 0.024374
v -0.154600 -0.205782 0.024251
v -0.150452 -0.200477 0.025101
v -0.153201 -0.206574 0.024921
v -0.158566 -0.211189 0.023491
v -0.161180 -0.217364 0.023433
v -0.163352 -0.216133 0.024790
v -0.165850 -0.222373 0.024627
v -0.164685 -0.223033 0.025157
v -0.157255 -0.211933 0.024128
v -0.163840 -0.223512 0.023374
v -0.159944 -0.218064 0.024022
v -0.162678 -0.224170 0.023915
v -0.155935 -0.212680 0.024744
v -0.158701 -0.218768 0.024590
v -0.153144 -0.198952 0.026717
v -0.155692 -0.205163 0.026407
v -0.154254 -0.205978 0.026960
v -0.148952 -0.201327 0.025808
v -0.151795 -0.207371 0.025574
v -0.159589 -0.210610 0.025580
v -0.162112 -0.216836 0.025365
v -0.158247 -0.211371 0.026127
v -0.160848 -0.217552 0.025871
v -0.163499 -0.223705 0.025621
v -0.162303 -0.224382 0.026050
v -0.156893 -0.212138 0.026634
v -0.159574 -0.218273 0.026338
v -0.155528 -0.212910 0.027103
v -0.158290 -0.219001 0.026770
v -0.161098 -0.225065 0.026446
v -0.136857 -0.185214 0.026657
v -0.140280 -0.190930 0.026960
v -0.136206 -0.185583 0.027538
v -0.134907 -0.186319 0.027578
v -0.135589 -0.185932 0.026988
v -0.134317 -0.186653 0.027295
v -0.133607 -0.187055 0.027576
v -0.138829 -0.191752 0.027463
v -0.143384 -0.196826 0.027083
v -0.154610 -0.213431 0.025343
v -0.161510 -0.224831 0.024437
v -0.157452 -0.219475 0.025142
v -0.160337 -0.225496 0.024943
v -0.147443 -0.202181 0.026492
v -0.145922 -0.203043 0.027139
v -0.150381 -0.208171 0.026204
v -0.148957 -0.208979 0.026799
v -0.153277 -0.214186 0.025920
v -0.156197 -0.220186 0.025673
v -0.159157 -0.226164 0.025430
v -0.151934 -0.214947 0.026464
v -0.159880 -0.225755 0.026786
v -0.156992 -0.219736 0.027143
v -0.154932 -0.220903 0.026173
v -0.157969 -0.226837 0.025887
v -0.147525 -0.209790 0.027372
v -0.150584 -0.215711 0.026987
v -0.153661 -0.221623 0.026653
v -0.156775 -0.227514 0.026325
v -0.152383 -0.222347 0.027109
v -0.155575 -0.228193 0.026741
v -0.174229 -0.225281 0.020241
v -0.173550 -0.225665 0.021284
v -0.173095 -0.225923 0.020329
v -0.171983 -0.226553 0.020763
v -0.176513 -0.231642 0.020466
v -0.175453 -0.232242 0.020542
v -0.175861 -0.232011 0.021425
v -0.174410 -0.232833 0.020937
v -0.170890 -0.227173 0.021259
v -0.178894 -0.237948 0.020719
v -0.177902 -0.238510 0.020777
v -0.178262 -0.238306 0.021596
v -0.181334 -0.244220 0.020949
v -0.172602 -0.226203 0.022079
v -0.174964 -0.232519 0.022152
v -0.177410 -0.238788 0.022251
v -0.171593 -0.226774 0.022772
v -0.170550 -0.227365 0.023393
v -0.174014 -0.233057 0.022784
v -0.180726 -0.244564 0.021746
v -0.176922 -0.239064 0.021126
v -0.180411 -0.244743 0.020991
v -0.169803 -0.227788 0.021774
v -0.173384 -0.233414 0.021387
v -0.172364 -0.233992 0.021855
v -0.168718 -0.228403 0.022291
v -0.175957 -0.239611 0.021526
v -0.173032 -0.233614 0.023349
v -0.176511 -0.239298 0.022819
v -0.171345 -0.234569 0.022324
v -0.174997 -0.240155 0.021941
v -0.167630 -0.229019 0.022804
v -0.170324 -0.235148 0.022788
v -0.166541 -0.229636 0.023309
v -0.174037 -0.240699 0.022357
v -0.169300 -0.235728 0.023245
v -0.173075 -0.241244 0.022768
v -0.179496 -0.245261 0.021299
v -0.178593 -0.245773 0.021652
v -0.183847 -0.250451 0.021198
v -0.183263 -0.250782 0.021912
v -0.182992 -0.250935 0.021219
v -0.179923 -0.245019 0.022334
v -0.182141 -0.251417 0.021482
v -0.177694 -0.246282 0.022019
v -0.181300 -0.251894 0.021785
v -0.175584 -0.239823 0.023323
v -0.179077 -0.245498 0.022841
v -0.182506 -0.251210 0.022431
v -0.181714 -0.251659 0.022874
v -0.180462 -0.252369 0.022099
v -0.176795 -0.246791 0.022386
v -0.172111 -0.241790 0.023171
v -0.175895 -0.247301 0.022748
v -0.179624 -0.252843 0.022414
v -0.178785 -0.253319 0.022723
v -0.174993 -0.247812 0.023103
v -0.186425 -0.256645 0.021418
v -0.185870 -0.256960 0.022053
v -0.185640 -0.257090 0.021423
v -0.184854 -0.257535 0.021645
v -0.189090 -0.262790 0.021669
v -0.188373 -0.263197 0.021650
v -0.188561 -0.263090 0.022222
v -0.187649 -0.263606 0.021825
v -0.191819 -0.268899 0.021872
v -0.191170 -0.269267 0.021838
v -0.185164 -0.257359 0.022507
v -0.184427 -0.257777 0.022892
v -0.187902 -0.263463 0.022607
v -0.191322 -0.269180 0.022350
v -0.190717 -0.269523 0.022674
v -0.184076 -0.257976 0.021903
v -0.186933 -0.264012 0.022032
v -0.190512 -0.269639 0.021974
v -0.183301 -0.258415 0.022171
v -0.182525 -0.258854 0.022438
v -0.181749 -0.259294 0.022700
v -0.186218 -0.264417 0.022248
v -0.189860 -0.270009 0.022139
v -0.187218 -0.263851 0.022929
v -0.190090 -0.269878 0.022940
v -0.185502 -0.264822 0.022462
v -0.189208 -0.270378 0.022310
v -0.184786 -0.265228 0.022672
v -0.188557 -0.270747 0.022480
v -0.194508 -0.275030 0.021983
v -0.194072 -0.275277 0.022388
v -0.193947 -0.275348 0.021953
v -0.193545 -0.275576 0.022660
v -0.193378 -0.275671 0.022066
v -0.192812 -0.275991 0.022203
v -0.193001 -0.275884 0.022883
v -0.192248 -0.276311 0.022346
v -0.191683 -0.276630 0.022487
v -0.192447 -0.276198 0.023071
v -0.195579 -0.282078 0.022317
v -0.195417 -0.282170 0.022308
v -0.195451 -0.282150 0.022431
v -0.195299 -0.282237 0.022508
v -0.195253 -0.282263 0.022340
v -0.195090 -0.282355 0.022378
v -0.194927 -0.282448 0.022418
v -0.194129 -0.282900 0.022634
v -0.195141 -0.282326 0.022570
v -0.194981 -0.282417 0.022623
v -0.194819 -0.282509 0.022668
v -0.169483 -0.227969 0.023959
v -0.172029 -0.234182 0.023862
v -0.174638 -0.240359 0.023779
v -0.168399 -0.228584 0.024478
v -0.167300 -0.229206 0.024959
v -0.171010 -0.234759 0.024332
v -0.165446 -0.230256 0.023800
v -0.168272 -0.236310 0.023689
v -0.173678 -0.240902 0.024196
v -0.169979 -0.235343 0.024767
v -0.172708 -0.241452 0.024579
v -0.171724 -0.242009 0.024910
v -0.168932 -0.235936 0.025145
v -0.178207 -0.245991 0.023290
v -0.177321 -0.246493 0.023693
v -0.180900 -0.252120 0.023263
v -0.180072 -0.252589 0.023611
v -0.176422 -0.247002 0.024060
v -0.179235 -0.253064 0.023925
v -0.175515 -0.247517 0.024396
v -0.178389 -0.253543 0.024210
v -0.174594 -0.248038 0.024684
v -0.166184 -0.229838 0.025380
v -0.165058 -0.230476 0.025767
v -0.167876 -0.236534 0.025492
v -0.183672 -0.258205 0.023228
v -0.182905 -0.258639 0.023525
v -0.182130 -0.259078 0.023791
v -0.181348 -0.259521 0.024031
v -0.186519 -0.264246 0.023205
v -0.189451 -0.270240 0.023166
v -0.185811 -0.264648 0.023446
v -0.188805 -0.270606 0.023360
v -0.185096 -0.265053 0.023660
v -0.188153 -0.270975 0.023529
v -0.191887 -0.276515 0.023232
v -0.191322 -0.276835 0.023372
v -0.177943 -0.253795 0.023026
v -0.180970 -0.259735 0.022956
v -0.184069 -0.265635 0.022875
v -0.187904 -0.271116 0.022646
v -0.183349 -0.266042 0.023068
v -0.187251 -0.271487 0.022806
v -0.191118 -0.276951 0.022623
v -0.190552 -0.277271 0.022755
v -0.186595 -0.271858 0.022955
v -0.185938 -0.272230 0.023093
v -0.189984 -0.277593 0.022878
v -0.194763 -0.282540 0.022457
v -0.194600 -0.282633 0.022495
v -0.194437 -0.282725 0.022531
v -0.194656 -0.282601 0.022706
v -0.194273 -0.282818 0.022565
v -0.194108 -0.282911 0.022596
v -0.194492 -0.282694 0.022739
v -0.194327 -0.282787 0.022764
v -0.194161 -0.282881 0.022785
v -0.189415 -0.277916 0.022990
v -0.193943 -0.283005 0.022624
v -0.193778 -0.283098 0.022649
v -0.193613 -0.283192 0.022670
v -0.193447 -0.283286 0.022688
v -0.193281 -0.283380 0.022703
v -0.193114 -0.283474 0.022714
v -0.193995 -0.282975 0.022800
v -0.193829 -0.283070 0.022809
v -0.193662 -0.283164 0.022813
v -0.193496 -0.283258 0.022813
v -0.193329 -0.283353 0.022808
v -0.193163 -0.283447 0.022796
v -0.188844 -0.278239 0.023094
v -0.188272 -0.278563 0.023187
v -0.192948 -0.283569 0.022721
v -0.192781 -0.283663 0.022725
v -0.192831 -0.283635 0.022761
v -0.192997 -0.283541 0.022781
v -0.192666 -0.283728 0.022735
v -0.187698 -0.278888 0.023266
v -0.187124 -0.279213 0.023334
v -0.186548 -0.279539 0.023392
v -0.185972 -0.279866 0.023437
v -0.185395 -0.280193 0.023469
v -0.164345 -0.230880 0.024273
v -0.167238 -0.236896 0.024115
v -0.171144 -0.242338 0.023562
v -0.163240 -0.231506 0.024731
v -0.166200 -0.237484 0.024526
v -0.170171 -0.242889 0.023936
v -0.162128 -0.232136 0.025170
v -0.165157 -0.238075 0.024920
v -0.169194 -0.243442 0.024297
v -0.174087 -0.248325 0.023445
v -0.177099 -0.254274 0.023317
v -0.173177 -0.248841 0.023772
v -0.176251 -0.254754 0.023593
v -0.172263 -0.249358 0.024085
v -0.175400 -0.255236 0.023857
v -0.177532 -0.254028 0.024451
v -0.173668 -0.248563 0.024943
v -0.176671 -0.254516 0.024666
v -0.175806 -0.255006 0.024858
v -0.168213 -0.243998 0.024640
v -0.167225 -0.244558 0.024959
v -0.171345 -0.249878 0.024383
v -0.174545 -0.255720 0.024105
v -0.170422 -0.250401 0.024658
v -0.173686 -0.256207 0.024333
v -0.169495 -0.250926 0.024917
v -0.172824 -0.256695 0.024545
v -0.170732 -0.242571 0.025211
v -0.166814 -0.237136 0.025810
v -0.163925 -0.231118 0.026123
v -0.169734 -0.243136 0.025485
v -0.168728 -0.243706 0.025714
v -0.165741 -0.237744 0.026080
v -0.162779 -0.231767 0.026427
v -0.161628 -0.232419 0.026698
v -0.161009 -0.232770 0.025582
v -0.164107 -0.238670 0.025289
v -0.163052 -0.239267 0.025639
v -0.159885 -0.233407 0.025975
v -0.158655 -0.226448 0.027092
v -0.164663 -0.238354 0.026319
v -0.167717 -0.244279 0.025915
v -0.163580 -0.238968 0.026530
v -0.166703 -0.244854 0.026089
v -0.160472 -0.233074 0.026939
v -0.162493 -0.239584 0.026704
v -0.165684 -0.245431 0.026229
v -0.172736 -0.249090 0.025178
v -0.171798 -0.249622 0.025371
v -0.174934 -0.255500 0.025012
v -0.170855 -0.250156 0.025538
v -0.166234 -0.245119 0.025262
v -0.169910 -0.250691 0.025679
v -0.174060 -0.255995 0.025140
v -0.173183 -0.256492 0.025246
v -0.172305 -0.256989 0.025323
v -0.168961 -0.251229 0.025790
v -0.168565 -0.251453 0.025159
v -0.171959 -0.257185 0.024742
v -0.161992 -0.239867 0.025970
v -0.158755 -0.234046 0.026347
v -0.154369 -0.228877 0.027132
v -0.157620 -0.234690 0.026696
v -0.160927 -0.240471 0.026278
v -0.165238 -0.245683 0.025546
v -0.161401 -0.240202 0.026841
v -0.159310 -0.233732 0.027141
v -0.164662 -0.246009 0.026334
v -0.164238 -0.246250 0.025809
v -0.159858 -0.241076 0.026564
v -0.156479 -0.235336 0.027020
v -0.163639 -0.246589 0.026411
v -0.160307 -0.240822 0.026948
v -0.155333 -0.235985 0.027322
v -0.158784 -0.241685 0.026829
v -0.163234 -0.246819 0.026050
v -0.162614 -0.247170 0.026458
v -0.159211 -0.241443 0.027023
v -0.158113 -0.242065 0.027063
v -0.162226 -0.247389 0.026272
v -0.161588 -0.247751 0.026473
v -0.167631 -0.251982 0.025381
v -0.171092 -0.257677 0.024920
v -0.171424 -0.257488 0.025370
v -0.168010 -0.251768 0.025868
v -0.166694 -0.252513 0.025583
v -0.170221 -0.258170 0.025079
v -0.170543 -0.257987 0.025393
v -0.167057 -0.252307 0.025920
v -0.169661 -0.258487 0.025391
v -0.166104 -0.252847 0.025944
v -0.165754 -0.253046 0.025766
v -0.169348 -0.258664 0.025220
v -0.168780 -0.258986 0.025361
v -0.165150 -0.253388 0.025938
v -0.180189 -0.260178 0.023201
v -0.179405 -0.260622 0.023431
v -0.178618 -0.261068 0.023651
v -0.184375 -0.265461 0.023849
v -0.187497 -0.271347 0.023675
v -0.186837 -0.271721 0.023789
v -0.183648 -0.265873 0.024001
v -0.182626 -0.266452 0.023247
v -0.181902 -0.266862 0.023417
v -0.180557 -0.259969 0.024231
v -0.179762 -0.260420 0.024406
v -0.178964 -0.260872 0.024560
v -0.182918 -0.266287 0.024131
v -0.182185 -0.266702 0.024241
v -0.186174 -0.272097 0.023883
v -0.185509 -0.272473 0.023959
v -0.177829 -0.261515 0.023856
v -0.185279 -0.272603 0.023221
v -0.181176 -0.267273 0.023573
v -0.177035 -0.261964 0.024041
v -0.180446 -0.267687 0.023711
v -0.184619 -0.272978 0.023337
v -0.176240 -0.262415 0.024213
v -0.179715 -0.268101 0.023836
v -0.183956 -0.273353 0.023437
v -0.178983 -0.268516 0.023947
v -0.183293 -0.273729 0.023524
v -0.178161 -0.261327 0.024680
v -0.177356 -0.261783 0.024776
v -0.176549 -0.262240 0.024851
v -0.181449 -0.267119 0.024321
v -0.184842 -0.272851 0.024007
v -0.184174 -0.273229 0.024035
v -0.180712 -0.267536 0.024378
v -0.175442 -0.262867 0.024369
v -0.183506 -0.273608 0.024046
v -0.179973 -0.267954 0.024417
v -0.182838 -0.273986 0.024037
v -0.179234 -0.268373 0.024433
v -0.175741 -0.262698 0.024901
v -0.190754 -0.277157 0.023492
v -0.190182 -0.277481 0.023584
v -0.189608 -0.277806 0.023659
v -0.189032 -0.278132 0.023719
v -0.188456 -0.278459 0.023754
v -0.187878 -0.278786 0.023773
v -0.187300 -0.279113 0.023777
v -0.186723 -0.279440 0.023763
v -0.182628 -0.274106 0.023599
v -0.181962 -0.274483 0.023660
v -0.186146 -0.279767 0.023729
v -0.182171 -0.274364 0.024004
v -0.185570 -0.280093 0.023679
v -0.184817 -0.280520 0.023490
v -0.184995 -0.280419 0.023614
v -0.184422 -0.280744 0.023530
v -0.178248 -0.268932 0.024043
v -0.177512 -0.269349 0.024122
v -0.174641 -0.263320 0.024509
v -0.173839 -0.263775 0.024631
v -0.173034 -0.264231 0.024737
v -0.178495 -0.268792 0.024422
v -0.181504 -0.274742 0.023953
v -0.177757 -0.269210 0.024392
v -0.174931 -0.263156 0.024922
v -0.174122 -0.263615 0.024922
v -0.176775 -0.269766 0.024186
v -0.181295 -0.274861 0.023707
v -0.177019 -0.269628 0.024341
v -0.180839 -0.275119 0.023883
v -0.176283 -0.270045 0.024266
v -0.180627 -0.275239 0.023739
v -0.180175 -0.275495 0.023793
v -0.173313 -0.264073 0.024898
v -0.172504 -0.264531 0.024849
v -0.144123 -0.188753 0.027719
v -0.147588 -0.194445 0.027900
v -0.142638 -0.189594 0.028065
v -0.141147 -0.190439 0.028371
v -0.145997 -0.195346 0.028369
v -0.144396 -0.196253 0.028794
v -0.151608 -0.199822 0.027315
v -0.150060 -0.200699 0.027871
v -0.152805 -0.206798 0.027473
v -0.151339 -0.207629 0.027917
v -0.148493 -0.201586 0.028352
v -0.139647 -0.191288 0.028624
v -0.138142 -0.192141 0.028825
v -0.141831 -0.197706 0.027700
v -0.142787 -0.197164 0.029175
v -0.141169 -0.198081 0.029499
v -0.137371 -0.192578 0.027938
v -0.135906 -0.193408 0.028382
v -0.140270 -0.198590 0.028289
v -0.136633 -0.192996 0.028982
v -0.135120 -0.193853 0.029095
v -0.138701 -0.199479 0.028847
v -0.139543 -0.199002 0.029768
v -0.134434 -0.194241 0.028798
v -0.133606 -0.194710 0.029157
v -0.137123 -0.200373 0.029373
v -0.137912 -0.199926 0.029989
v -0.136276 -0.200853 0.030162
v -0.135537 -0.201271 0.029868
v -0.134636 -0.201781 0.030281
v -0.146917 -0.202479 0.028789
v -0.149864 -0.208464 0.028319
v -0.148381 -0.209304 0.028681
v -0.144393 -0.203909 0.027762
v -0.142856 -0.204780 0.028356
v -0.146085 -0.210605 0.027918
v -0.154148 -0.213692 0.027508
v -0.152760 -0.214478 0.027873
v -0.155687 -0.220475 0.027478
v -0.149227 -0.216480 0.027484
v -0.157425 -0.227145 0.027364
v -0.154375 -0.221219 0.027778
v -0.156188 -0.227846 0.027595
v -0.153055 -0.221966 0.028034
v -0.151365 -0.215269 0.028201
v -0.149962 -0.216064 0.028482
v -0.146889 -0.210150 0.028991
v -0.145332 -0.203377 0.029183
v -0.143737 -0.204281 0.029521
v -0.142134 -0.205189 0.029805
v -0.145390 -0.210999 0.029251
v -0.141311 -0.205655 0.028920
v -0.144637 -0.211425 0.028435
v -0.147863 -0.217253 0.027954
v -0.151099 -0.223074 0.027539
v -0.154945 -0.228550 0.027784
v -0.149808 -0.223806 0.027942
v -0.153156 -0.229563 0.027497
v -0.148552 -0.216862 0.028713
v -0.151730 -0.222717 0.028243
v -0.146492 -0.218030 0.028396
v -0.143181 -0.212250 0.028922
v -0.150401 -0.223470 0.028416
v -0.147138 -0.217663 0.028905
v -0.153699 -0.229256 0.027937
v -0.148511 -0.224540 0.028320
v -0.151939 -0.230253 0.027839
v -0.141719 -0.213079 0.029380
v -0.145114 -0.218810 0.028810
v -0.149068 -0.224225 0.028549
v -0.145720 -0.218467 0.029055
v -0.144298 -0.219272 0.029159
v -0.152450 -0.229963 0.028054
v -0.151199 -0.230672 0.028131
v -0.147733 -0.224981 0.028640
v -0.139756 -0.206536 0.029452
v -0.143886 -0.211851 0.029467
v -0.140526 -0.206100 0.030042
v -0.138912 -0.207014 0.030232
v -0.138194 -0.207421 0.029954
v -0.142377 -0.212706 0.029639
v -0.137295 -0.207930 0.030369
v -0.140865 -0.213562 0.029762
v -0.158144 -0.234393 0.027303
v -0.156974 -0.235055 0.027432
v -0.155802 -0.235719 0.027527
v -0.154627 -0.236385 0.027584
v -0.093548 -0.034762 0.023469
v -0.085994 -0.031386 0.022721
v -0.085828 -0.031480 0.022714
v -0.085662 -0.031575 0.022703
v -0.092971 -0.035089 0.023437
v -0.085496 -0.031669 0.022688
v -0.092394 -0.035415 0.023392
v -0.085330 -0.031763 0.022670
v -0.091819 -0.035741 0.023334
v -0.086276 -0.031226 0.022735
v -0.084813 -0.032055 0.022634
v -0.086161 -0.031292 0.022725
v -0.086111 -0.031320 0.022761
v -0.085946 -0.031414 0.022781
v -0.085780 -0.031508 0.022796
v -0.091244 -0.036067 0.023266
v -0.085164 -0.031856 0.022649
v -0.090671 -0.036392 0.023187
v -0.084999 -0.031950 0.022624
v -0.090099 -0.036716 0.023094
v -0.084834 -0.032043 0.022596
v -0.089528 -0.037039 0.022990
v -0.084670 -0.032136 0.022565
v -0.088958 -0.037362 0.022878
v -0.083853 -0.032599 0.022378
v -0.084016 -0.032507 0.022418
v -0.083690 -0.032692 0.022340
v -0.084179 -0.032414 0.022457
v -0.087259 -0.038324 0.022487
v -0.084506 -0.032229 0.022531
v -0.085613 -0.031602 0.022808
v -0.085447 -0.031696 0.022813
v -0.085280 -0.031791 0.022813
v -0.085114 -0.031885 0.022809
v -0.084947 -0.031979 0.022800
v -0.084781 -0.032073 0.022785
v -0.084342 -0.032322 0.022495
v -0.084616 -0.032167 0.022764
v -0.084450 -0.032261 0.022739
v -0.084286 -0.032354 0.022706
v -0.083801 -0.032629 0.022570
v -0.083644 -0.032718 0.022508
v -0.084123 -0.032446 0.022668
v -0.083961 -0.032538 0.022623
v -0.088391 -0.037683 0.022755
v -0.087824 -0.038004 0.022623
v -0.087621 -0.038120 0.023372
v -0.087056 -0.038439 0.023232
v -0.092347 -0.043097 0.022955
v -0.093004 -0.042724 0.023093
v -0.091692 -0.043468 0.022806
v -0.095594 -0.048912 0.023068
v -0.091038 -0.043838 0.022646
v -0.090386 -0.044208 0.022480
v -0.094874 -0.049320 0.022875
v -0.094156 -0.049726 0.022672
v -0.097972 -0.055219 0.022956
v -0.097194 -0.055660 0.022700
v -0.100999 -0.061159 0.023026
v -0.100158 -0.061636 0.022723
v -0.103950 -0.067143 0.023103
v -0.094521 -0.034211 0.023530
v -0.094125 -0.034435 0.023490
v -0.098767 -0.039460 0.023793
v -0.098315 -0.039716 0.023739
v -0.098104 -0.039836 0.023883
v -0.102660 -0.044910 0.024266
v -0.097648 -0.040094 0.023707
v -0.102167 -0.045189 0.024186
v -0.093947 -0.034536 0.023614
v -0.097439 -0.040213 0.023953
v -0.096981 -0.040472 0.023660
v -0.093373 -0.034861 0.023679
v -0.096772 -0.040590 0.024004
v -0.092797 -0.035188 0.023729
v -0.101430 -0.045606 0.024122
v -0.096315 -0.040849 0.023599
v -0.100694 -0.046023 0.024043
v -0.101924 -0.045327 0.024341
v -0.101186 -0.045744 0.024392
v -0.100447 -0.046163 0.024422
v -0.106438 -0.050424 0.024849
v -0.105908 -0.050724 0.024737
v -0.105630 -0.050882 0.024898
v -0.099960 -0.046439 0.023947
v -0.105104 -0.051180 0.024631
v -0.104301 -0.051634 0.024509
v -0.104821 -0.051340 0.024922
v -0.099708 -0.046582 0.024433
v -0.099227 -0.046854 0.023836
v -0.103501 -0.052088 0.024369
v -0.104011 -0.051799 0.024922
v -0.103202 -0.052257 0.024901
v -0.109594 -0.056291 0.025220
v -0.108721 -0.056785 0.025079
v -0.107851 -0.057278 0.024920
v -0.102703 -0.052540 0.024213
v -0.106983 -0.057770 0.024742
v -0.106118 -0.058260 0.024545
v -0.110162 -0.055969 0.025361
v -0.109281 -0.056468 0.025391
v -0.108400 -0.056967 0.025393
v -0.107518 -0.057466 0.025370
v -0.106638 -0.057965 0.025323
v -0.105759 -0.058463 0.025246
v -0.092220 -0.035514 0.023763
v -0.091642 -0.035842 0.023777
v -0.091064 -0.036169 0.023773
v -0.095650 -0.041226 0.023524
v -0.094986 -0.041602 0.023437
v -0.096104 -0.040968 0.024037
v -0.095436 -0.041347 0.024046
v -0.094768 -0.041725 0.024035
v -0.094324 -0.041977 0.023337
v -0.093663 -0.042351 0.023221
v -0.097767 -0.047681 0.023573
v -0.094101 -0.042103 0.024007
v -0.090487 -0.036496 0.023754
v -0.093434 -0.042481 0.023959
v -0.098496 -0.047268 0.023711
v -0.098969 -0.047000 0.024417
v -0.098231 -0.047418 0.024378
v -0.097494 -0.047836 0.024321
v -0.096758 -0.048253 0.024241
v -0.089910 -0.036823 0.023719
v -0.089335 -0.037149 0.023659
v -0.088761 -0.037474 0.023584
v -0.088189 -0.037798 0.023492
v -0.097040 -0.048093 0.023417
v -0.096316 -0.048503 0.023247
v -0.092769 -0.042858 0.023883
v -0.092106 -0.043233 0.023789
v -0.095295 -0.049082 0.024001
v -0.090789 -0.043979 0.023529
v -0.091445 -0.043608 0.023675
v -0.094567 -0.049494 0.023849
v -0.093847 -0.049902 0.023660
v -0.096025 -0.048668 0.024131
v -0.101907 -0.052990 0.024041
v -0.101114 -0.053440 0.023856
v -0.100324 -0.053887 0.023651
v -0.104397 -0.059234 0.024105
v -0.103543 -0.059718 0.023857
v -0.102393 -0.052715 0.024851
v -0.101587 -0.053172 0.024776
v -0.099979 -0.054083 0.024560
v -0.100781 -0.053628 0.024680
v -0.105256 -0.058748 0.024333
v -0.104882 -0.058960 0.025140
v -0.104008 -0.059455 0.025012
v -0.103137 -0.059948 0.024858
v -0.099538 -0.054333 0.023431
v -0.098753 -0.054777 0.023201
v -0.096813 -0.055876 0.023791
v -0.097595 -0.055433 0.024031
v -0.102692 -0.060201 0.023593
v -0.101844 -0.060681 0.023317
v -0.099180 -0.054535 0.024406
v -0.098386 -0.054985 0.024231
v -0.102271 -0.060439 0.024666
v -0.101410 -0.060927 0.024451
v -0.100554 -0.061412 0.024210
v -0.110377 -0.063502 0.025159
v -0.109447 -0.064028 0.024917
v -0.113189 -0.061909 0.025766
v -0.113792 -0.061567 0.025938
v -0.112839 -0.062107 0.025944
v -0.112249 -0.062442 0.025583
v -0.116716 -0.067565 0.026272
v -0.117355 -0.067204 0.026473
v -0.116329 -0.067785 0.026458
v -0.115709 -0.068136 0.026050
v -0.115304 -0.068365 0.026411
v -0.120159 -0.073270 0.026829
v -0.120829 -0.072890 0.027063
v -0.119732 -0.073512 0.027023
v -0.111311 -0.062973 0.025381
v -0.111885 -0.062647 0.025920
v -0.110933 -0.063187 0.025868
v -0.114705 -0.068705 0.025809
v -0.113705 -0.069271 0.025546
v -0.109982 -0.063726 0.025790
v -0.109033 -0.064263 0.025679
v -0.118015 -0.074484 0.026278
v -0.112709 -0.069835 0.025262
v -0.116951 -0.075087 0.025970
v -0.114280 -0.068945 0.026334
v -0.113258 -0.069524 0.026229
v -0.119085 -0.073878 0.026564
v -0.118636 -0.074133 0.026948
v -0.117541 -0.074752 0.026841
v -0.112240 -0.070101 0.026089
v -0.116450 -0.075371 0.026704
v -0.123609 -0.078970 0.027322
v -0.115891 -0.075688 0.025639
v -0.121323 -0.080265 0.026696
v -0.122464 -0.079619 0.027020
v -0.120187 -0.080908 0.026347
v -0.119058 -0.081548 0.025975
v -0.119632 -0.081223 0.027141
v -0.124574 -0.086078 0.027132
v -0.123368 -0.086761 0.026741
v -0.108521 -0.064553 0.024658
v -0.107597 -0.065076 0.024383
v -0.111717 -0.070397 0.024959
v -0.106680 -0.065596 0.024085
v -0.110730 -0.070956 0.024640
v -0.109749 -0.071512 0.024297
v -0.113786 -0.076880 0.024920
v -0.105766 -0.066114 0.023772
v -0.104855 -0.066629 0.023445
v -0.108772 -0.072066 0.023936
v -0.107799 -0.072617 0.023562
v -0.106831 -0.073165 0.023171
v -0.111704 -0.078059 0.024115
v -0.110671 -0.078645 0.023689
v -0.105275 -0.066392 0.024943
v -0.103428 -0.067438 0.024396
v -0.104348 -0.066917 0.024684
v -0.107219 -0.072945 0.024910
v -0.112742 -0.077471 0.024526
v -0.106234 -0.073503 0.024579
v -0.116814 -0.082819 0.025170
v -0.113497 -0.084698 0.023800
v -0.114597 -0.084075 0.024273
v -0.115703 -0.083449 0.024731
v -0.118606 -0.089459 0.024943
v -0.117432 -0.090123 0.024437
v -0.108087 -0.064799 0.025538
v -0.111225 -0.070676 0.025915
v -0.107145 -0.065333 0.025371
v -0.106206 -0.065864 0.025178
v -0.110214 -0.071248 0.025714
v -0.114836 -0.076285 0.025289
v -0.109208 -0.071818 0.025485
v -0.113202 -0.077211 0.026080
v -0.115362 -0.075987 0.026530
v -0.114280 -0.076600 0.026319
v -0.108211 -0.072384 0.025211
v -0.112129 -0.077819 0.025810
v -0.111066 -0.078420 0.025492
v -0.110011 -0.079018 0.025145
v -0.117933 -0.082185 0.025582
v -0.120974 -0.088117 0.025887
v -0.119785 -0.088791 0.025430
v -0.118470 -0.081881 0.026939
v -0.117314 -0.082536 0.026698
v -0.116163 -0.083188 0.026427
v -0.122168 -0.087441 0.026325
v -0.120287 -0.088506 0.027092
v -0.119063 -0.089200 0.026786
v -0.113884 -0.084479 0.025767
v -0.115018 -0.083837 0.026123
v -0.112759 -0.085116 0.025380
v -0.117845 -0.089890 0.026446
v -0.116640 -0.090572 0.026050
v -0.087773 -0.045688 0.021838
v -0.084996 -0.039606 0.021953
v -0.084434 -0.039924 0.021983
v -0.088430 -0.045316 0.021974
v -0.091293 -0.051348 0.021825
v -0.083363 -0.032876 0.022317
v -0.083525 -0.032785 0.022308
v -0.083491 -0.032804 0.022431
v -0.086695 -0.038644 0.022346
v -0.086130 -0.038964 0.022203
v -0.085565 -0.039284 0.022066
v -0.084871 -0.039677 0.022388
v -0.085941 -0.039071 0.022883
v -0.086495 -0.038757 0.023071
v -0.085397 -0.039379 0.022660
v -0.089734 -0.044577 0.022310
v -0.089083 -0.044946 0.022139
v -0.093440 -0.050132 0.022462
v -0.092725 -0.050537 0.022248
v -0.088853 -0.045076 0.022940
v -0.087620 -0.045774 0.022350
v -0.092010 -0.050942 0.022032
v -0.088226 -0.045431 0.022674
v -0.091040 -0.051492 0.022607
v -0.087124 -0.046055 0.021872
v -0.090570 -0.051758 0.021650
v -0.089852 -0.052165 0.021669
v -0.090382 -0.051865 0.022222
v -0.094866 -0.056979 0.021903
v -0.094089 -0.057419 0.021645
v -0.097643 -0.063061 0.021785
v -0.098481 -0.062586 0.022099
v -0.096417 -0.056100 0.022438
v -0.095642 -0.056540 0.022171
v -0.091724 -0.051104 0.022929
v -0.093778 -0.057595 0.022507
v -0.094515 -0.057178 0.022892
v -0.099319 -0.062111 0.022414
v -0.093303 -0.057865 0.021423
v -0.092517 -0.058310 0.021418
v -0.093072 -0.057995 0.022053
v -0.095950 -0.064019 0.021219
v -0.096801 -0.063537 0.021482
v -0.095096 -0.064503 0.021198
v -0.095680 -0.064173 0.021912
v -0.096436 -0.063744 0.022431
v -0.097229 -0.063295 0.022874
v -0.098532 -0.070212 0.020991
v -0.097609 -0.070735 0.020949
v -0.101041 -0.076445 0.020777
v -0.102020 -0.075890 0.021126
v -0.104532 -0.082122 0.020937
v -0.101248 -0.068673 0.022019
v -0.100350 -0.069182 0.021652
v -0.103047 -0.067654 0.022748
v -0.102147 -0.068164 0.022386
v -0.105867 -0.073711 0.022768
v -0.104906 -0.074256 0.022357
v -0.103946 -0.074799 0.021941
v -0.107598 -0.080385 0.022324
v -0.108619 -0.079807 0.022788
v -0.099447 -0.069693 0.021299
v -0.102985 -0.075343 0.021526
v -0.098216 -0.070390 0.021746
v -0.099020 -0.069935 0.022334
v -0.100681 -0.076649 0.021596
v -0.106578 -0.080963 0.021855
v -0.105558 -0.081541 0.021387
v -0.099865 -0.069456 0.022841
v -0.101532 -0.076166 0.022251
v -0.102432 -0.075657 0.022819
v -0.103978 -0.082436 0.022152
v -0.103359 -0.075132 0.023323
v -0.104929 -0.081897 0.022784
v -0.109642 -0.079227 0.023245
v -0.110225 -0.086552 0.022291
v -0.111312 -0.085936 0.022804
v -0.112402 -0.085318 0.023309
v -0.113947 -0.092098 0.022818
v -0.109139 -0.087167 0.021774
v -0.108053 -0.087782 0.021259
v -0.110488 -0.094057 0.021123
v -0.111641 -0.093404 0.021687
v -0.112793 -0.092751 0.022255
v -0.105910 -0.081341 0.023349
v -0.107349 -0.088181 0.022772
v -0.100049 -0.077007 0.020719
v -0.103490 -0.082712 0.020542
v -0.102429 -0.083313 0.020466
v -0.106960 -0.088401 0.020763
v -0.105847 -0.089031 0.020329
v -0.104714 -0.089674 0.020241
v -0.103081 -0.082944 0.021425
v -0.105392 -0.089289 0.021284
v -0.109327 -0.094715 0.020581
v -0.108145 -0.095385 0.020105
v -0.106937 -0.096069 0.020006
v -0.107640 -0.095671 0.021134
v -0.106341 -0.088752 0.022079
v -0.108640 -0.095104 0.022001
v -0.108393 -0.087590 0.023393
v -0.109706 -0.094500 0.022757
v -0.090138 -0.044348 0.023360
v -0.089491 -0.044714 0.023166
v -0.093132 -0.050307 0.023446
v -0.092423 -0.050708 0.023205
v -0.095270 -0.056750 0.023228
v -0.096037 -0.056316 0.023525
v -0.099708 -0.061891 0.023925
v -0.098870 -0.062365 0.023611
v -0.098042 -0.062834 0.023263
v -0.102520 -0.067952 0.024060
v -0.101622 -0.068461 0.023693
v -0.100735 -0.068963 0.023290
v -0.104305 -0.074596 0.023779
v -0.105264 -0.074053 0.024196
v -0.106913 -0.080773 0.023862
v -0.108963 -0.079612 0.024767
v -0.107932 -0.080196 0.024332
v -0.116264 -0.090785 0.023915
v -0.115103 -0.091443 0.023374
v -0.110544 -0.086371 0.024478
v -0.111642 -0.085749 0.024959
v -0.113092 -0.092582 0.024627
v -0.114257 -0.091922 0.025157
v -0.109460 -0.086985 0.023959
v -0.110811 -0.093874 0.023437
v -0.111942 -0.093234 0.024056
v -0.115444 -0.091250 0.025621
v -0.126559 -0.092608 0.027109
v -0.120242 -0.096187 0.024590
v -0.121490 -0.095479 0.025142
v -0.123007 -0.102275 0.024744
v -0.124333 -0.101524 0.025343
v -0.124011 -0.094052 0.026173
v -0.122746 -0.094768 0.025673
v -0.125282 -0.093332 0.026653
v -0.128358 -0.099243 0.026987
v -0.127009 -0.100008 0.026464
v -0.125666 -0.100769 0.025920
v -0.129986 -0.105976 0.026799
v -0.131418 -0.105165 0.027372
v -0.128561 -0.106783 0.026204
v -0.127147 -0.107584 0.025574
v -0.121950 -0.095219 0.027143
v -0.120652 -0.095954 0.026770
v -0.119368 -0.096681 0.026338
v -0.133020 -0.111912 0.027139
v -0.131499 -0.112773 0.026492
v -0.129991 -0.113628 0.025808
v -0.135559 -0.118128 0.027083
v -0.134014 -0.119003 0.026440
v -0.144127 -0.136239 0.025759
v -0.144626 -0.128301 0.027295
v -0.143353 -0.129022 0.026988
v -0.142086 -0.129740 0.026657
v -0.142087 -0.137394 0.025343
v -0.143105 -0.136817 0.025560
v -0.137218 -0.124843 0.026431
v -0.138662 -0.124025 0.026960
v -0.140113 -0.123203 0.027463
v -0.140823 -0.130456 0.026300
v -0.135781 -0.125657 0.025879
v -0.139566 -0.131168 0.025919
v -0.144692 -0.135918 0.025958
v -0.143657 -0.136505 0.026010
v -0.145336 -0.127899 0.027576
v -0.142621 -0.137091 0.026029
v -0.144036 -0.128636 0.027578
v -0.142736 -0.129372 0.027538
v -0.141585 -0.137678 0.026016
v -0.114079 -0.099678 0.021602
v -0.115305 -0.098983 0.022218
v -0.116532 -0.098288 0.022829
v -0.119070 -0.104505 0.022838
v -0.117767 -0.105243 0.022178
v -0.120184 -0.111528 0.022132
v -0.121566 -0.110745 0.022849
v -0.112851 -0.100373 0.020991
v -0.111614 -0.101074 0.020404
v -0.115161 -0.106719 0.020855
v -0.117420 -0.113094 0.020699
v -0.118804 -0.112310 0.021412
v -0.110354 -0.101788 0.019891
v -0.109065 -0.102518 0.019788
v -0.112507 -0.108223 0.019672
v -0.113847 -0.107463 0.020223
v -0.111136 -0.108999 0.019565
v -0.116026 -0.113884 0.020015
v -0.114601 -0.114691 0.019420
v -0.109799 -0.102102 0.021004
v -0.111899 -0.108567 0.020872
v -0.118117 -0.120354 0.019800
v -0.119607 -0.119510 0.020536
v -0.121085 -0.118673 0.021305
v -0.121924 -0.125852 0.020524
v -0.123427 -0.125001 0.021286
v -0.116465 -0.105981 0.021513
v -0.110858 -0.101502 0.021942
v -0.111989 -0.100861 0.022761
v -0.113018 -0.107933 0.021883
v -0.113934 -0.115069 0.020712
v -0.115114 -0.114400 0.021804
v -0.114216 -0.107254 0.022767
v -0.116381 -0.113683 0.022760
v -0.122559 -0.117838 0.022082
v -0.124926 -0.124151 0.022058
v -0.124034 -0.117002 0.022857
v -0.126426 -0.123302 0.022828
v -0.117118 -0.120920 0.021741
v -0.118467 -0.120155 0.022774
v -0.124511 -0.132041 0.020748
v -0.125914 -0.131247 0.021409
v -0.127312 -0.130454 0.022080
v -0.128712 -0.129662 0.022748
v -0.130924 -0.136063 0.022653
v -0.132143 -0.135372 0.023171
v -0.134074 -0.141933 0.022932
v -0.129706 -0.136753 0.022129
v -0.128489 -0.137443 0.021605
v -0.132104 -0.143049 0.022193
v -0.131119 -0.143607 0.021822
v -0.133088 -0.142492 0.022564
v -0.134510 -0.149341 0.022249
v -0.118998 -0.096891 0.024022
v -0.117763 -0.097591 0.023433
v -0.121688 -0.103022 0.024128
v -0.120376 -0.103765 0.023491
v -0.124342 -0.109173 0.024251
v -0.125742 -0.108380 0.024921
v -0.122951 -0.109961 0.023558
v -0.115590 -0.098822 0.024790
v -0.114366 -0.099515 0.024170
v -0.116737 -0.105826 0.024287
v -0.118036 -0.105090 0.024957
v -0.128490 -0.114478 0.025101
v -0.126997 -0.115324 0.024374
v -0.130956 -0.120735 0.025058
v -0.125512 -0.116165 0.023624
v -0.127929 -0.122450 0.023590
v -0.129439 -0.121595 0.024336
v -0.118094 -0.097403 0.025871
v -0.116831 -0.098119 0.025365
v -0.122050 -0.102817 0.026634
v -0.120696 -0.103584 0.026127
v -0.123414 -0.102044 0.027103
v -0.124688 -0.108977 0.026960
v -0.123251 -0.109791 0.026407
v -0.119354 -0.104344 0.025580
v -0.121826 -0.110598 0.025812
v -0.120429 -0.111390 0.025135
v -0.132481 -0.119872 0.025761
v -0.125799 -0.116003 0.026717
v -0.124277 -0.116865 0.026072
v -0.126675 -0.123161 0.026127
v -0.128222 -0.122285 0.026763
v -0.113164 -0.100196 0.023498
v -0.115461 -0.106549 0.023562
v -0.117699 -0.112936 0.023621
v -0.119051 -0.112170 0.024408
v -0.121315 -0.118542 0.024555
v -0.122785 -0.117710 0.025341
v -0.123663 -0.124867 0.024620
v -0.119872 -0.119360 0.023704
v -0.120767 -0.126508 0.022842
v -0.122196 -0.125698 0.023772
v -0.125158 -0.124020 0.025401
v -0.130113 -0.128868 0.023411
v -0.131520 -0.128071 0.024059
v -0.132934 -0.127270 0.024685
v -0.135829 -0.133285 0.024637
v -0.134354 -0.126465 0.025293
v -0.134595 -0.133983 0.024165
v -0.138048 -0.139682 0.024278
v -0.137068 -0.132583 0.025091
v -0.139052 -0.139113 0.024570
v -0.133366 -0.134679 0.023678
v -0.137049 -0.140248 0.023963
v -0.141041 -0.145641 0.024365
v -0.141071 -0.137969 0.025104
v -0.140060 -0.138542 0.024846
v -0.142522 -0.144803 0.024697
v -0.141780 -0.145223 0.024538
v -0.143672 -0.144151 0.024987
v -0.143265 -0.144381 0.024842
v -0.140305 -0.146058 0.024177
v -0.138314 -0.131877 0.025515
v -0.141438 -0.130107 0.027459
v -0.140550 -0.138265 0.025974
v -0.140142 -0.130841 0.027342
v -0.139516 -0.138850 0.025895
v -0.138849 -0.131574 0.027180
v -0.138485 -0.139434 0.025780
v -0.137562 -0.132303 0.026973
v -0.129782 -0.121401 0.027353
v -0.130429 -0.128689 0.026370
v -0.131880 -0.127867 0.026871
v -0.133342 -0.127039 0.027331
v -0.133736 -0.134470 0.026110
v -0.137457 -0.140017 0.025636
v -0.136279 -0.133029 0.026730
v -0.136432 -0.140597 0.025463
v -0.135002 -0.133753 0.026451
v -0.142918 -0.144578 0.025028
v -0.142164 -0.145005 0.025044
v -0.141410 -0.145432 0.025038
v -0.140656 -0.145859 0.025009
v -0.136054 -0.140812 0.023632
v -0.135062 -0.141374 0.023289
v -0.126181 -0.131095 0.024518
v -0.127576 -0.130305 0.025199
v -0.128787 -0.137274 0.024296
v -0.124811 -0.131871 0.023775
v -0.127592 -0.137950 0.023707
v -0.130000 -0.136586 0.024831
v -0.132404 -0.142879 0.024363
v -0.131229 -0.135890 0.025319
v -0.133396 -0.142317 0.024705
v -0.131422 -0.143435 0.023983
v -0.135415 -0.141174 0.025240
v -0.134403 -0.141747 0.024988
v -0.128989 -0.129504 0.025827
v -0.132478 -0.135182 0.025733
v -0.124315 -0.078570 0.027584
v -0.123141 -0.079235 0.027527
v -0.121969 -0.079899 0.027432
v -0.127744 -0.084282 0.028131
v -0.127004 -0.084702 0.027839
v -0.126492 -0.084991 0.028054
v -0.125243 -0.085699 0.027937
v -0.125786 -0.085391 0.027497
v -0.120799 -0.080562 0.027303
v -0.123997 -0.086405 0.027784
v -0.122755 -0.087108 0.027595
v -0.121518 -0.087809 0.027364
v -0.130432 -0.090414 0.028320
v -0.131210 -0.089974 0.028640
v -0.129874 -0.090730 0.028549
v -0.134644 -0.095683 0.029159
v -0.128542 -0.091485 0.028416
v -0.129135 -0.091149 0.027942
v -0.133829 -0.096145 0.028810
v -0.133223 -0.096488 0.029055
v -0.131805 -0.097291 0.028905
v -0.132451 -0.096925 0.028396
v -0.137224 -0.101876 0.029380
v -0.127844 -0.091880 0.027539
v -0.129715 -0.098475 0.027484
v -0.125887 -0.092989 0.028034
v -0.131080 -0.097702 0.027954
v -0.127212 -0.092238 0.028243
v -0.130390 -0.098092 0.028713
v -0.128981 -0.098891 0.028482
v -0.135761 -0.102705 0.028922
v -0.134305 -0.103529 0.028435
v -0.132858 -0.104349 0.027918
v -0.132053 -0.104805 0.028991
v -0.137632 -0.109299 0.028920
v -0.136086 -0.110175 0.028356
v -0.140242 -0.115476 0.028847
v -0.138672 -0.116365 0.028289
v -0.138078 -0.101392 0.029762
v -0.136565 -0.102249 0.029639
v -0.135057 -0.103104 0.029467
v -0.133552 -0.103956 0.029251
v -0.141647 -0.107025 0.030369
v -0.140748 -0.107534 0.029954
v -0.138417 -0.108855 0.030042
v -0.139186 -0.108419 0.029452
v -0.143405 -0.113684 0.029868
v -0.141820 -0.114582 0.029373
v -0.140030 -0.107941 0.030232
v -0.144306 -0.113173 0.030281
v -0.142667 -0.114102 0.030162
v -0.141031 -0.115029 0.029989
v -0.136808 -0.109766 0.029805
v -0.135205 -0.110674 0.029521
v -0.139400 -0.115953 0.029768
v -0.124568 -0.093736 0.027778
v -0.123256 -0.094479 0.027478
v -0.126182 -0.100476 0.027873
v -0.127577 -0.099686 0.028201
v -0.130561 -0.105650 0.028681
v -0.129078 -0.106490 0.028319
v -0.124794 -0.101262 0.027508
v -0.127603 -0.107326 0.027917
v -0.126137 -0.108156 0.027473
v -0.134549 -0.111046 0.027762
v -0.137111 -0.117249 0.027700
v -0.132025 -0.112475 0.028789
v -0.130449 -0.113368 0.028352
v -0.128882 -0.114256 0.027871
v -0.134546 -0.118702 0.028794
v -0.132946 -0.119609 0.028369
v -0.133610 -0.111577 0.029183
v -0.137773 -0.116874 0.029499
v -0.136155 -0.117791 0.029175
v -0.144508 -0.120713 0.028798
v -0.143037 -0.121547 0.028382
v -0.145336 -0.120244 0.029157
v -0.141571 -0.122377 0.027938
v -0.143822 -0.121102 0.029095
v -0.142310 -0.121959 0.028982
v -0.140801 -0.122814 0.028825
v -0.139295 -0.123666 0.028624
v -0.137796 -0.124516 0.028371
v -0.136304 -0.125361 0.028065
v -0.127334 -0.115133 0.027315
v -0.131354 -0.120510 0.027900
v -0.134819 -0.126202 0.027719
v -0.113143 -0.115517 0.019306
v -0.116595 -0.121216 0.019161
v -0.115035 -0.122100 0.019046
v -0.120408 -0.126711 0.019797
v -0.118859 -0.127588 0.019171
v -0.115864 -0.121630 0.020561
v -0.118118 -0.128008 0.020619
v -0.117279 -0.128483 0.019085
v -0.119394 -0.127285 0.021806
v -0.123097 -0.132842 0.020122
v -0.121654 -0.133659 0.019593
v -0.127268 -0.138134 0.021090
v -0.126038 -0.138831 0.020606
v -0.124786 -0.139540 0.020208
v -0.129139 -0.144729 0.021122
v -0.120196 -0.134485 0.019571
v -0.123536 -0.140248 0.020253
v -0.120991 -0.134035 0.020969
v -0.128130 -0.145300 0.020856
v -0.124247 -0.139846 0.021429
v -0.127137 -0.145862 0.020949
v -0.130133 -0.144166 0.021459
v -0.122189 -0.133357 0.022034
v -0.123475 -0.132628 0.022954
v -0.125299 -0.139249 0.022304
v -0.126425 -0.138611 0.023050
v -0.128591 -0.145039 0.022523
v -0.129508 -0.144520 0.023077
v -0.127730 -0.145527 0.021864
v -0.133793 -0.149747 0.021980
v -0.133074 -0.150154 0.021718
v -0.132350 -0.150564 0.021475
v -0.131615 -0.150981 0.021286
v -0.130893 -0.151390 0.021361
v -0.131320 -0.151148 0.022030
v -0.130455 -0.143983 0.023558
v 0.144818 -0.171053 0.022440
v 0.146980 -0.172512 0.022440
v 0.139425 -0.181374 0.022440
v 0.142387 -0.170112 0.022440
v 0.137207 -0.169942 0.022440
v 0.134719 -0.170722 0.022440
v 0.135254 -0.170749 0.023926
v 0.132467 -0.172036 0.022440
v 0.133152 -0.171760 0.023293
v 0.139806 -0.169735 0.022440
v 0.132368 -0.172227 0.023014
v 0.132514 -0.172100 0.023076
v 0.132717 -0.171992 0.023146
v 0.132603 -0.172053 0.023107
v 0.131680 -0.172821 0.022721
v 0.131921 -0.172613 0.022826
v 0.131034 -0.173377 0.022440
v 0.131243 -0.173198 0.022532
v 0.131327 -0.173732 0.022440
v 0.132358 -0.174981 0.022440
v 0.146375 -0.173221 0.029838
v 0.144387 -0.171879 0.029838
v 0.142150 -0.171013 0.029838
v 0.139776 -0.170666 0.029838
v 0.136194 -0.170482 0.024138
v 0.137384 -0.170857 0.029838
v 0.135538 -0.170669 0.023993
v 0.134825 -0.170870 0.023825
v 0.135596 -0.170653 0.024007
v 0.133364 -0.171646 0.023365
v 0.133940 -0.171338 0.023551
v 0.134104 -0.171250 0.023604
v 0.134704 -0.170926 0.023789
v 0.134789 -0.170880 0.023815
v 0.136068 -0.170629 0.024961
v 0.135984 -0.170656 0.024961
v 0.135977 -0.170658 0.024961
v 0.135623 -0.170768 0.024950
v 0.135095 -0.171574 0.029838
v 0.135284 -0.170872 0.024939
v 0.135216 -0.170894 0.024937
v 0.134845 -0.171007 0.024915
v 0.134577 -0.171160 0.024889
v 0.134464 -0.171224 0.024878
v 0.133881 -0.171553 0.024804
v 0.133727 -0.171640 0.024784
v 0.133270 -0.171895 0.024701
v 0.131272 -0.174423 0.029838
v 0.130898 -0.173772 0.023996
v 0.130704 -0.173939 0.023912
v 0.133023 -0.172783 0.029838
v 0.133168 -0.171952 0.024683
v 0.132969 -0.172063 0.024646
v 0.132627 -0.172252 0.024574
v 0.132457 -0.172403 0.024527
v 0.132253 -0.172584 0.024471
v 0.131797 -0.172987 0.024328
v 0.131577 -0.173181 0.024259
v 0.131134 -0.173567 0.024087
v 0.131107 -0.173590 0.024077
v 0.142391 -0.175698 0.034770
v 0.143580 -0.176500 0.034770
v 0.141054 -0.175180 0.034770
v 0.139635 -0.174973 0.034770
v 0.138205 -0.175086 0.034770
v 0.136836 -0.175515 0.034770
v 0.135598 -0.176238 0.034770
v 0.139425 -0.181374 0.034770
v 0.134551 -0.177219 0.034770
v 0.129997 -0.177751 0.022440
v 0.128163 -0.178412 0.022440
v 0.128801 -0.176763 0.022440
v 0.127786 -0.180992 0.022440
v 0.127993 -0.183592 0.022440
v 0.128773 -0.186080 0.022440
v 0.130087 -0.188332 0.022440
v 0.131870 -0.190235 0.022440
v 0.129930 -0.176412 0.029838
v 0.128851 -0.176660 0.022514
v 0.129064 -0.178649 0.029838
v 0.129774 -0.175191 0.023346
v 0.129422 -0.175655 0.023089
v 0.130313 -0.174468 0.023690
v 0.129960 -0.174941 0.023465
v 0.130508 -0.174205 0.023801
v 0.129243 -0.175890 0.022959
v 0.129153 -0.176006 0.022881
v 0.128964 -0.176415 0.022652
v 0.128717 -0.181023 0.029838
v 0.128907 -0.183414 0.029838
v 0.129625 -0.185703 0.029838
v 0.130834 -0.187775 0.029838
v 0.132474 -0.189526 0.029838
v 0.133748 -0.178407 0.034770
v 0.133231 -0.179745 0.034770
v 0.133023 -0.181164 0.034770
v 0.133137 -0.182594 0.034770
v 0.133566 -0.183962 0.034770
v 0.134289 -0.185201 0.034770
v 0.135269 -0.186248 0.034770
v 0.148762 -0.174416 0.022440
v 0.150076 -0.176668 0.022440
v 0.150857 -0.179156 0.022440
v 0.151063 -0.181756 0.022440
v 0.150687 -0.184336 0.022440
v 0.150048 -0.185985 0.022440
v 0.148853 -0.184997 0.022440
v 0.146491 -0.187766 0.022440
v 0.148015 -0.174972 0.029838
v 0.149224 -0.177044 0.029838
v 0.149942 -0.179334 0.029838
v 0.150132 -0.181725 0.029838
v 0.149786 -0.184099 0.029838
v 0.148920 -0.186336 0.029838
v 0.149999 -0.186088 0.022514
v 0.149885 -0.186333 0.022652
v 0.149696 -0.186742 0.022881
v 0.149606 -0.186858 0.022959
v 0.149428 -0.187093 0.023089
v 0.147577 -0.188325 0.029838
v 0.149076 -0.187557 0.023346
v 0.148889 -0.187806 0.023465
v 0.148536 -0.188279 0.023690
v 0.148342 -0.188543 0.023801
v 0.148145 -0.188809 0.023912
v 0.144560 -0.177547 0.034770
v 0.145283 -0.178786 0.034770
v 0.145712 -0.180154 0.034770
v 0.145826 -0.181584 0.034770
v 0.145619 -0.183003 0.034770
v 0.145101 -0.184340 0.034770
v 0.144299 -0.185529 0.034770
v 0.146383 -0.190711 0.022440
v 0.144131 -0.192026 0.022440
v 0.147522 -0.189016 0.022440
v 0.147815 -0.189370 0.022440
v 0.147606 -0.189550 0.022532
v 0.147169 -0.189927 0.022721
v 0.146928 -0.190134 0.022826
v 0.146481 -0.190521 0.023014
v 0.146335 -0.190647 0.023076
v 0.146247 -0.190694 0.023107
v 0.146132 -0.190755 0.023146
v 0.145698 -0.190988 0.023293
v 0.141642 -0.192806 0.022440
v 0.139043 -0.193013 0.022440
v 0.136463 -0.192636 0.022440
v 0.143595 -0.191999 0.023926
v 0.134031 -0.191694 0.022440
v 0.145485 -0.191101 0.023365
v 0.144910 -0.191410 0.023551
v 0.144746 -0.191498 0.023604
v 0.144146 -0.191821 0.023789
v 0.144061 -0.191867 0.023815
v 0.144024 -0.191877 0.023825
v 0.143311 -0.192079 0.023993
v 0.143254 -0.192095 0.024007
v 0.142656 -0.192265 0.024138
v 0.147951 -0.188976 0.023996
v 0.147742 -0.189158 0.024077
v 0.145826 -0.189964 0.029838
v 0.147716 -0.189181 0.024087
v 0.147272 -0.189567 0.024259
v 0.147052 -0.189761 0.024328
v 0.146596 -0.190164 0.024471
v 0.146393 -0.190344 0.024527
v 0.146222 -0.190496 0.024574
v 0.145880 -0.190685 0.024646
v 0.145682 -0.190796 0.024683
v 0.145580 -0.190853 0.024701
v 0.143754 -0.191173 0.029838
v 0.145123 -0.191107 0.024784
v 0.144968 -0.191195 0.024804
v 0.144386 -0.191524 0.024878
v 0.144273 -0.191588 0.024889
v 0.144005 -0.191741 0.024915
v 0.143634 -0.191854 0.024937
v 0.141465 -0.191891 0.029838
v 0.142781 -0.192118 0.024961
v 0.143565 -0.191875 0.024939
v 0.143226 -0.191980 0.024950
v 0.142873 -0.192089 0.024961
v 0.142865 -0.192092 0.024961
v 0.139073 -0.192081 0.029838
v 0.136700 -0.191735 0.029838
v 0.134462 -0.190869 0.029838
v 0.143252 -0.186509 0.034770
v 0.142013 -0.187232 0.034770
v 0.140644 -0.187661 0.034770
v 0.139215 -0.187775 0.034770
v 0.137796 -0.187568 0.034770
v 0.136458 -0.187050 0.034770
v 0.165406 -0.196378 0.019571
v 0.159364 -0.193200 0.020208
v 0.160296 -0.192107 0.020253
v 0.170202 -0.201018 0.019085
v 0.164319 -0.197653 0.019593
v 0.169024 -0.202400 0.019171
v 0.169576 -0.201752 0.020619
v 0.154249 -0.188932 0.020856
v 0.158430 -0.194295 0.020606
v 0.154989 -0.188064 0.020949
v 0.159766 -0.192728 0.021429
v 0.153497 -0.189815 0.021122
v 0.164813 -0.197073 0.020969
v 0.163243 -0.198915 0.020122
v 0.167869 -0.203755 0.019797
v 0.157513 -0.195371 0.021090
v 0.162189 -0.200152 0.020748
v 0.166739 -0.205081 0.020524
v 0.149031 -0.184788 0.021286
v 0.149569 -0.184157 0.021361
v 0.148482 -0.185431 0.021475
v 0.154548 -0.188582 0.021864
v 0.149250 -0.184530 0.022030
v 0.153906 -0.189335 0.022523
v 0.147942 -0.186065 0.021718
v 0.152756 -0.190684 0.021459
v 0.147406 -0.186693 0.021980
v 0.152020 -0.191547 0.021822
v 0.153222 -0.190137 0.023077
v 0.146871 -0.187321 0.022249
v 0.151286 -0.192408 0.022193
v 0.158981 -0.193649 0.022304
v 0.163920 -0.198120 0.022034
v 0.168625 -0.202868 0.021806
v 0.156603 -0.196438 0.021605
v 0.158141 -0.194633 0.023050
v 0.162962 -0.199245 0.022954
v 0.167601 -0.204069 0.022842
v 0.174496 -0.206248 0.019046
v 0.173878 -0.206973 0.020561
v 0.173333 -0.207612 0.019161
v 0.172197 -0.208944 0.019800
v 0.178527 -0.211785 0.019306
v 0.177937 -0.212477 0.020712
v 0.177440 -0.213061 0.019420
v 0.172943 -0.208069 0.021741
v 0.182644 -0.217222 0.019565
v 0.182075 -0.217890 0.020872
v 0.181622 -0.218421 0.019672
v 0.177057 -0.213509 0.021804
v 0.171936 -0.209250 0.022774
v 0.152516 -0.190966 0.023558
v 0.151794 -0.191812 0.023983
v 0.157271 -0.195654 0.023707
v 0.156380 -0.196699 0.024296
v 0.161965 -0.200414 0.023775
v 0.166535 -0.205319 0.023772
v 0.161143 -0.201378 0.021409
v 0.150552 -0.193269 0.022564
v 0.149818 -0.194131 0.022932
v 0.155695 -0.197503 0.022129
v 0.165618 -0.206395 0.021286
v 0.160100 -0.202601 0.022080
v 0.164500 -0.207706 0.022058
v 0.154787 -0.198568 0.022653
v 0.153878 -0.199634 0.023171
v 0.159057 -0.203825 0.022748
v 0.163381 -0.209019 0.022828
v 0.176378 -0.214306 0.020015
v 0.171086 -0.210247 0.020536
v 0.175338 -0.215526 0.020699
v 0.169985 -0.211539 0.021305
v 0.180622 -0.219593 0.020223
v 0.186808 -0.222603 0.019788
v 0.185848 -0.223730 0.019891
v 0.191016 -0.227934 0.020006
v 0.190116 -0.228990 0.020105
v 0.186262 -0.223244 0.021004
v 0.184908 -0.224832 0.020404
v 0.179643 -0.220742 0.020855
v 0.190492 -0.228548 0.021134
v 0.174306 -0.216736 0.021412
v 0.189234 -0.230024 0.020581
v 0.183986 -0.225914 0.020991
v 0.188368 -0.231039 0.021123
v 0.176112 -0.214617 0.022760
v 0.168886 -0.212828 0.022082
v 0.173277 -0.217943 0.022132
v 0.167786 -0.214118 0.022857
v 0.172246 -0.219152 0.022849
v 0.181241 -0.218868 0.021883
v 0.185472 -0.224171 0.021942
v 0.189747 -0.229423 0.022001
v 0.180347 -0.219916 0.022767
v 0.184628 -0.225160 0.022761
v 0.178671 -0.221883 0.021513
v 0.177700 -0.223021 0.022178
v 0.183070 -0.226988 0.021602
v 0.187508 -0.232048 0.021687
v 0.188951 -0.230355 0.022757
v 0.182156 -0.228060 0.022218
v 0.176728 -0.224161 0.022838
v 0.186649 -0.233055 0.022255
v 0.181241 -0.229134 0.022829
v 0.185789 -0.234064 0.022818
v 0.149081 -0.194995 0.023289
v 0.151063 -0.192670 0.024363
v 0.150323 -0.193538 0.024705
v 0.148818 -0.195303 0.025240
v 0.149572 -0.194418 0.024988
v 0.148341 -0.195863 0.023632
v 0.147599 -0.196733 0.023963
v 0.142551 -0.192388 0.024177
v 0.146854 -0.197607 0.024278
v 0.142002 -0.193032 0.024365
v 0.155475 -0.197760 0.024831
v 0.160943 -0.201612 0.024518
v 0.154559 -0.198835 0.025319
v 0.159904 -0.202832 0.025199
v 0.165441 -0.206602 0.024620
v 0.164327 -0.207910 0.025401
v 0.152965 -0.200704 0.023678
v 0.158012 -0.205051 0.023411
v 0.152049 -0.201779 0.024165
v 0.162261 -0.210333 0.023590
v 0.156963 -0.206281 0.024059
v 0.148059 -0.196193 0.025463
v 0.147295 -0.197090 0.025636
v 0.142289 -0.192695 0.025009
v 0.146528 -0.197989 0.025780
v 0.158850 -0.204068 0.025827
v 0.153628 -0.199927 0.025733
v 0.152690 -0.201027 0.026110
v 0.157776 -0.205327 0.026370
v 0.151746 -0.202134 0.026451
v 0.163196 -0.209236 0.026127
v 0.156694 -0.206596 0.026871
v 0.162043 -0.210589 0.026763
v 0.146105 -0.198485 0.024570
v 0.141451 -0.193678 0.024538
v 0.145354 -0.199366 0.024846
v 0.140898 -0.194327 0.024697
v 0.144600 -0.200251 0.025104
v 0.140040 -0.195333 0.024987
v 0.140343 -0.194977 0.024842
v 0.143843 -0.201139 0.025343
v 0.151129 -0.202858 0.024637
v 0.150206 -0.203941 0.025091
v 0.155908 -0.207518 0.024685
v 0.161135 -0.211653 0.024336
v 0.154849 -0.208760 0.025293
v 0.160003 -0.212981 0.025058
v 0.141727 -0.193355 0.025038
v 0.141164 -0.194014 0.025044
v 0.145759 -0.198891 0.025895
v 0.140602 -0.194674 0.025028
v 0.144988 -0.199795 0.025974
v 0.144216 -0.200700 0.026016
v 0.143444 -0.201606 0.026029
v 0.143083 -0.202029 0.025560
v 0.142672 -0.202512 0.026010
v 0.142322 -0.202923 0.025759
v 0.141900 -0.203417 0.025958
v 0.150794 -0.203252 0.026730
v 0.155604 -0.207875 0.027331
v 0.149837 -0.204373 0.026973
v 0.148877 -0.205499 0.027180
v 0.160879 -0.211953 0.027353
v 0.149276 -0.205031 0.025515
v 0.148343 -0.206126 0.025919
v 0.153785 -0.210008 0.025879
v 0.147405 -0.207226 0.026300
v 0.158867 -0.214314 0.025761
v 0.147913 -0.206630 0.027342
v 0.152714 -0.211265 0.026431
v 0.146947 -0.207763 0.027459
v 0.157724 -0.215655 0.026440
v 0.170889 -0.210479 0.023704
v 0.175130 -0.215770 0.023621
v 0.174121 -0.216953 0.024408
v 0.169813 -0.211740 0.024555
v 0.168717 -0.213026 0.025341
v 0.173095 -0.218157 0.025135
v 0.179419 -0.221005 0.023562
v 0.183753 -0.226187 0.023498
v 0.178467 -0.222121 0.024287
v 0.188128 -0.231322 0.023437
v 0.182856 -0.227239 0.024170
v 0.187284 -0.232311 0.024056
v 0.177499 -0.223257 0.024957
v 0.167605 -0.214331 0.026072
v 0.172053 -0.219379 0.025812
v 0.166684 -0.215411 0.023624
v 0.171214 -0.220363 0.023558
v 0.165576 -0.216709 0.024374
v 0.170176 -0.221580 0.024251
v 0.164463 -0.218016 0.025101
v 0.169133 -0.222804 0.024921
v 0.175754 -0.225303 0.023491
v 0.180324 -0.230210 0.023433
v 0.181943 -0.228310 0.024790
v 0.186427 -0.233317 0.024627
v 0.185558 -0.234336 0.025157
v 0.174776 -0.226450 0.024128
v 0.184927 -0.235075 0.023374
v 0.179402 -0.231290 0.024022
v 0.184061 -0.236091 0.023915
v 0.173792 -0.227604 0.024744
v 0.178475 -0.232378 0.024590
v 0.166470 -0.215662 0.026717
v 0.170990 -0.220625 0.026407
v 0.169918 -0.221882 0.026960
v 0.163344 -0.219328 0.025808
v 0.168085 -0.224033 0.025574
v 0.176517 -0.224409 0.025580
v 0.181018 -0.229395 0.025365
v 0.175516 -0.225583 0.026127
v 0.180076 -0.230500 0.025871
v 0.184673 -0.235374 0.025621
v 0.183781 -0.236420 0.026050
v 0.174506 -0.226767 0.026634
v 0.179126 -0.231614 0.026338
v 0.173489 -0.227960 0.027103
v 0.178169 -0.232737 0.026770
v 0.182883 -0.237473 0.026446
v 0.146464 -0.208330 0.026657
v 0.151637 -0.212528 0.026960
v 0.145979 -0.208899 0.027538
v 0.145010 -0.210035 0.027578
v 0.145519 -0.209439 0.026988
v 0.144570 -0.210551 0.027295
v 0.144041 -0.211172 0.027576
v 0.150555 -0.213797 0.027463
v 0.156572 -0.217006 0.027083
v 0.172804 -0.228764 0.025343
v 0.183190 -0.237113 0.024437
v 0.177544 -0.233470 0.025142
v 0.182315 -0.238139 0.024943
v 0.162219 -0.220647 0.026492
v 0.161085 -0.221978 0.027139
v 0.167031 -0.225270 0.026204
v 0.165968 -0.226516 0.026799
v 0.171810 -0.229929 0.025920
v 0.176608 -0.234568 0.025673
v 0.181436 -0.239171 0.025430
v 0.170809 -0.231104 0.026464
v 0.181975 -0.238539 0.026786
v 0.177201 -0.233872 0.027143
v 0.175665 -0.235674 0.026173
v 0.180550 -0.240210 0.025887
v 0.164901 -0.227768 0.027372
v 0.169802 -0.232284 0.026987
v 0.174717 -0.236786 0.026653
v 0.179659 -0.241254 0.026325
v 0.173764 -0.237903 0.027109
v 0.178765 -0.242304 0.026741
v 0.195294 -0.233181 0.020241
v 0.194789 -0.233775 0.021284
v 0.194449 -0.234173 0.020329
v 0.193620 -0.235145 0.020763
v 0.199618 -0.238376 0.020466
v 0.198828 -0.239303 0.020542
v 0.199132 -0.238946 0.021425
v 0.198050 -0.240215 0.020937
v 0.192805 -0.236102 0.021259
v 0.204014 -0.243485 0.020719
v 0.203274 -0.244353 0.020777
v 0.203543 -0.244038 0.021596
v 0.208454 -0.248543 0.020949
v 0.194081 -0.234604 0.022079
v 0.198463 -0.239730 0.022152
v 0.202908 -0.244783 0.022251
v 0.193329 -0.235486 0.022772
v 0.192551 -0.236399 0.023393
v 0.197755 -0.240561 0.022784
v 0.208001 -0.249075 0.021746
v 0.202544 -0.245210 0.021126
v 0.207765 -0.249351 0.020991
v 0.191995 -0.237052 0.021774
v 0.197285 -0.241112 0.021387
v 0.196525 -0.242004 0.021855
v 0.191185 -0.238001 0.022291
v 0.201824 -0.246054 0.021526
v 0.197023 -0.241420 0.023349
v 0.202237 -0.245570 0.022819
v 0.195764 -0.242896 0.022324
v 0.201108 -0.246894 0.021941
v 0.190374 -0.238952 0.022804
v 0.195003 -0.243789 0.022788
v 0.189562 -0.239905 0.023309
v 0.200392 -0.247733 0.022357
v 0.199675 -0.248574 0.022768
v 0.194240 -0.244684 0.023245
v 0.207083 -0.250151 0.021299
v 0.206410 -0.250941 0.021652
v 0.212948 -0.253538 0.021198
v 0.212513 -0.254048 0.021912
v 0.212311 -0.254285 0.021219
v 0.207402 -0.249778 0.022334
v 0.211676 -0.255030 0.021482
v 0.205740 -0.251727 0.022019
v 0.211049 -0.255765 0.021785
v 0.201546 -0.246380 0.023323
v 0.206771 -0.250517 0.022841
v 0.211949 -0.254710 0.022431
v 0.211358 -0.255403 0.022874
v 0.210424 -0.256498 0.022099
v 0.205070 -0.252513 0.022386
v 0.204399 -0.253300 0.022748
v 0.198957 -0.249417 0.023171
v 0.209799 -0.257231 0.022414
v 0.209174 -0.257965 0.022723
v 0.203726 -0.254089 0.023103
v 0.217491 -0.258474 0.021418
v 0.217077 -0.258960 0.022053
v 0.216906 -0.259162 0.021423
v 0.216320 -0.259849 0.021645
v 0.222099 -0.263336 0.021669
v 0.221564 -0.263964 0.021650
v 0.221704 -0.263799 0.022222
v 0.221025 -0.264596 0.021825
v 0.226754 -0.268142 0.021872
v 0.226270 -0.268709 0.021838
v 0.216551 -0.259578 0.022507
v 0.216001 -0.260222 0.022892
v 0.221213 -0.264375 0.022607
v 0.226384 -0.268576 0.022350
v 0.225932 -0.269106 0.022674
v 0.215740 -0.260529 0.021903
v 0.220490 -0.265223 0.022032
v 0.225780 -0.269284 0.021974
v 0.215162 -0.261207 0.022171
v 0.214583 -0.261886 0.022438
v 0.214004 -0.262565 0.022700
v 0.219957 -0.265848 0.022248
v 0.225293 -0.269855 0.022139
v 0.220703 -0.264973 0.022929
v 0.225465 -0.269654 0.022940
v 0.219424 -0.266474 0.022462
v 0.224808 -0.270425 0.022310
v 0.218890 -0.267100 0.022672
v 0.224322 -0.270995 0.022480
v 0.231380 -0.272982 0.021983
v 0.231055 -0.273363 0.022388
v 0.230961 -0.273473 0.021953
v 0.230662 -0.273824 0.022660
v 0.230537 -0.273970 0.022066
v 0.230115 -0.274465 0.022203
v 0.230256 -0.274300 0.022883
v 0.229695 -0.274958 0.022346
v 0.229274 -0.275452 0.022487
v 0.229843 -0.274784 0.023071
v 0.234799 -0.279237 0.022317
v 0.234678 -0.279379 0.022308
v 0.234704 -0.279349 0.022431
v 0.234590 -0.279482 0.022508
v 0.234556 -0.279522 0.022340
v 0.234434 -0.279665 0.022378
v 0.234312 -0.279808 0.022418
v 0.233718 -0.280505 0.022634
v 0.234473 -0.279620 0.022570
v 0.234353 -0.279760 0.022623
v 0.234232 -0.279902 0.022668
v 0.191756 -0.237332 0.023959
v 0.196275 -0.242297 0.023862
v 0.200841 -0.247208 0.023779
v 0.190947 -0.238280 0.024478
v 0.190128 -0.239241 0.024959
v 0.195515 -0.243188 0.024332
v 0.188746 -0.240863 0.023800
v 0.193473 -0.245583 0.023689
v 0.200125 -0.248047 0.024196
v 0.194746 -0.244090 0.024767
v 0.199402 -0.248895 0.024579
v 0.193965 -0.245006 0.025145
v 0.198668 -0.249756 0.024910
v 0.206122 -0.251278 0.023290
v 0.205461 -0.252053 0.023693
v 0.210751 -0.256115 0.023263
v 0.210134 -0.256839 0.023611
v 0.204792 -0.252839 0.024060
v 0.209509 -0.257571 0.023925
v 0.204115 -0.253633 0.024396
v 0.208878 -0.258311 0.024210
v 0.203429 -0.254438 0.024684
v 0.189296 -0.240217 0.025380
v 0.188456 -0.241202 0.025767
v 0.193178 -0.245929 0.025492
v 0.215438 -0.260882 0.023228
v 0.214867 -0.261553 0.023525
v 0.214288 -0.262231 0.023791
v 0.213705 -0.262915 0.024031
v 0.220182 -0.265584 0.023205
v 0.224989 -0.270212 0.023166
v 0.219654 -0.266204 0.023446
v 0.224507 -0.270777 0.023360
v 0.219120 -0.266830 0.023660
v 0.224021 -0.271347 0.023529
v 0.229425 -0.275274 0.023232
v 0.229004 -0.275768 0.023372
v 0.208546 -0.258701 0.023026
v 0.213424 -0.263245 0.022956
v 0.218355 -0.267728 0.022875
v 0.223835 -0.271565 0.022646
v 0.223348 -0.272137 0.022806
v 0.217818 -0.268357 0.023068
v 0.228852 -0.275947 0.022623
v 0.228430 -0.276442 0.022755
v 0.222859 -0.272710 0.022955
v 0.228006 -0.276938 0.022878
v 0.222369 -0.273285 0.023093
v 0.234191 -0.279950 0.022457
v 0.234069 -0.280093 0.022495
v 0.233947 -0.280236 0.022531
v 0.234111 -0.280044 0.022706
v 0.233825 -0.280380 0.022565
v 0.233702 -0.280523 0.022596
v 0.233988 -0.280188 0.022739
v 0.233865 -0.280332 0.022764
v 0.233742 -0.280477 0.022785
v 0.227582 -0.277436 0.022990
v 0.233579 -0.280668 0.022624
v 0.233456 -0.280812 0.022649
v 0.233333 -0.280957 0.022670
v 0.233209 -0.281102 0.022688
v 0.233085 -0.281247 0.022703
v 0.232961 -0.281393 0.022714
v 0.233618 -0.280622 0.022800
v 0.233494 -0.280768 0.022809
v 0.233370 -0.280913 0.022813
v 0.233246 -0.281059 0.022813
v 0.233121 -0.281205 0.022808
v 0.232997 -0.281350 0.022796
v 0.227156 -0.277935 0.023094
v 0.226730 -0.278436 0.023187
v 0.232837 -0.281538 0.022721
v 0.232713 -0.281684 0.022725
v 0.232874 -0.281495 0.022781
v 0.232750 -0.281640 0.022761
v 0.232627 -0.281785 0.022735
v 0.226302 -0.278937 0.023266
v 0.225874 -0.279440 0.023334
v 0.225445 -0.279943 0.023392
v 0.225015 -0.280447 0.023437
v 0.224585 -0.280952 0.023469
v 0.187925 -0.241825 0.024273
v 0.198235 -0.250264 0.023562
v 0.192702 -0.246487 0.024115
v 0.187100 -0.242792 0.024731
v 0.197510 -0.251115 0.023936
v 0.191928 -0.247395 0.024526
v 0.186272 -0.243764 0.025170
v 0.196781 -0.251969 0.024297
v 0.191151 -0.248307 0.024920
v 0.203050 -0.254881 0.023445
v 0.207917 -0.259439 0.023317
v 0.202371 -0.255678 0.023772
v 0.207284 -0.260181 0.023593
v 0.201690 -0.256477 0.024085
v 0.206650 -0.260925 0.023857
v 0.208240 -0.259060 0.024451
v 0.202738 -0.255248 0.024943
v 0.207598 -0.259813 0.024666
v 0.206952 -0.260570 0.024858
v 0.196050 -0.252827 0.024640
v 0.201006 -0.257279 0.024383
v 0.195313 -0.253691 0.024959
v 0.206012 -0.261673 0.024105
v 0.200317 -0.258087 0.024658
v 0.205372 -0.262424 0.024333
v 0.199627 -0.258897 0.024917
v 0.204729 -0.263178 0.024545
v 0.197928 -0.250624 0.025211
v 0.187611 -0.242193 0.026123
v 0.192386 -0.246858 0.025810
v 0.197184 -0.251496 0.025485
v 0.191586 -0.247797 0.026080
v 0.196434 -0.252376 0.025714
v 0.186757 -0.243195 0.026427
v 0.185899 -0.244201 0.026698
v 0.185437 -0.244743 0.025582
v 0.190367 -0.249226 0.025289
v 0.189581 -0.250149 0.025639
v 0.184599 -0.245726 0.025975
v 0.181062 -0.239610 0.027092
v 0.190782 -0.248740 0.026319
v 0.195680 -0.253260 0.025915
v 0.189975 -0.249686 0.026530
v 0.194924 -0.254148 0.026089
v 0.185037 -0.245213 0.026939
v 0.189164 -0.250638 0.026704
v 0.194164 -0.255038 0.026229
v 0.202043 -0.256063 0.025178
v 0.201343 -0.256884 0.025371
v 0.206303 -0.261332 0.025012
v 0.200641 -0.257708 0.025538
v 0.194574 -0.254558 0.025262
v 0.199936 -0.258535 0.025679
v 0.205651 -0.262097 0.025140
v 0.204997 -0.262864 0.025246
v 0.204342 -0.263632 0.025323
v 0.199228 -0.259365 0.025790
v 0.198933 -0.259711 0.025159
v 0.204084 -0.263934 0.024742
v 0.188791 -0.251075 0.025970
v 0.183756 -0.246714 0.026347
v 0.177865 -0.243359 0.027132
v 0.182910 -0.247707 0.026696
v 0.193831 -0.255429 0.025546
v 0.187997 -0.252007 0.026278
v 0.184170 -0.246229 0.027141
v 0.188350 -0.251592 0.026841
v 0.193402 -0.255932 0.026334
v 0.193086 -0.256303 0.025809
v 0.187199 -0.252942 0.026564
v 0.182059 -0.248705 0.027020
v 0.187534 -0.252549 0.026948
v 0.192639 -0.256827 0.026411
v 0.186399 -0.253881 0.026829
v 0.181205 -0.249707 0.027322
v 0.192337 -0.257181 0.026050
v 0.186717 -0.253508 0.027023
v 0.191875 -0.257724 0.026458
v 0.191586 -0.258063 0.026272
v 0.185898 -0.254468 0.027063
v 0.191110 -0.258621 0.026473
v 0.198237 -0.260527 0.025381
v 0.203437 -0.264693 0.024920
v 0.203685 -0.264402 0.025370
v 0.198519 -0.260197 0.025868
v 0.197538 -0.261347 0.025583
v 0.202788 -0.265455 0.025079
v 0.203028 -0.265173 0.025393
v 0.197809 -0.261030 0.025920
v 0.202371 -0.265944 0.025391
v 0.197098 -0.261863 0.025944
v 0.196837 -0.262170 0.025766
v 0.202137 -0.266218 0.025220
v 0.201714 -0.266715 0.025361
v 0.196387 -0.262697 0.025938
v 0.212841 -0.263929 0.023201
v 0.212257 -0.264615 0.023431
v 0.211670 -0.265303 0.023651
v 0.218583 -0.267460 0.023849
v 0.223532 -0.271921 0.023675
v 0.218041 -0.268096 0.024001
v 0.223039 -0.272499 0.023789
v 0.217279 -0.268989 0.023247
v 0.216739 -0.269623 0.023417
v 0.213116 -0.263607 0.024231
v 0.212523 -0.264302 0.024406
v 0.211928 -0.265000 0.024560
v 0.217496 -0.268734 0.024131
v 0.216950 -0.269375 0.024241
v 0.222545 -0.273079 0.023883
v 0.222049 -0.273660 0.023959
v 0.211081 -0.265993 0.023856
v 0.221878 -0.273861 0.023221
v 0.216197 -0.270258 0.023573
v 0.210490 -0.266687 0.024041
v 0.221385 -0.274439 0.023337
v 0.215654 -0.270896 0.023711
v 0.215109 -0.271535 0.023836
v 0.209897 -0.267383 0.024213
v 0.220891 -0.275018 0.023437
v 0.220397 -0.275599 0.023524
v 0.214562 -0.272176 0.023947
v 0.211329 -0.265702 0.024680
v 0.210729 -0.266407 0.024776
v 0.210127 -0.267112 0.024851
v 0.216401 -0.270019 0.024321
v 0.221552 -0.274244 0.024007
v 0.215852 -0.270664 0.024378
v 0.221054 -0.274827 0.024035
v 0.209301 -0.268081 0.024369
v 0.215301 -0.271309 0.024417
v 0.220556 -0.275412 0.024046
v 0.214750 -0.271956 0.024433
v 0.220058 -0.275996 0.024037
v 0.209524 -0.267819 0.024901
v 0.228581 -0.276265 0.023492
v 0.228154 -0.276765 0.023584
v 0.227726 -0.277267 0.023659
v 0.227297 -0.277771 0.023719
v 0.226867 -0.278275 0.023754
v 0.226436 -0.278780 0.023773
v 0.226006 -0.279285 0.023777
v 0.225575 -0.279790 0.023763
v 0.219901 -0.276180 0.023599
v 0.219404 -0.276763 0.023660
v 0.225145 -0.280295 0.023729
v 0.219560 -0.276580 0.024004
v 0.224715 -0.280799 0.023679
v 0.224154 -0.281457 0.023490
v 0.224286 -0.281302 0.023614
v 0.223859 -0.281803 0.023530
v 0.214015 -0.272818 0.024043
v 0.213466 -0.273462 0.024122
v 0.208705 -0.268781 0.024509
v 0.208106 -0.269483 0.024631
v 0.207507 -0.270186 0.024737
v 0.214199 -0.272602 0.024422
v 0.213648 -0.273248 0.024392
v 0.219063 -0.277163 0.023953
v 0.208921 -0.268527 0.024922
v 0.208317 -0.269235 0.024922
v 0.212916 -0.274106 0.024186
v 0.218907 -0.277346 0.023707
v 0.213098 -0.273893 0.024341
v 0.218567 -0.277745 0.023883
v 0.218409 -0.277930 0.023739
v 0.212549 -0.274537 0.024266
v 0.218072 -0.278325 0.023793
v 0.207714 -0.269943 0.024898
v 0.207111 -0.270650 0.024849
v 0.154503 -0.209167 0.027719
v 0.159707 -0.213329 0.027900
v 0.153395 -0.210465 0.028065
v 0.152283 -0.211770 0.028371
v 0.158520 -0.214720 0.028369
v 0.157327 -0.216120 0.028794
v 0.165325 -0.217004 0.027315
v 0.164171 -0.218358 0.027871
v 0.168838 -0.223150 0.027473
v 0.167745 -0.224432 0.027917
v 0.163002 -0.219729 0.028352
v 0.151165 -0.213082 0.028624
v 0.150043 -0.214398 0.028825
v 0.155414 -0.218364 0.027700
v 0.156127 -0.217527 0.029175
v 0.154920 -0.218943 0.029499
v 0.149468 -0.215072 0.027938
v 0.148375 -0.216354 0.028382
v 0.154250 -0.219729 0.028289
v 0.148917 -0.215718 0.028982
v 0.147790 -0.217040 0.029095
v 0.153080 -0.221101 0.028847
v 0.153708 -0.220365 0.029768
v 0.147278 -0.217641 0.028798
v 0.146661 -0.218365 0.029157
v 0.151903 -0.222481 0.029373
v 0.152491 -0.221791 0.029989
v 0.151272 -0.223222 0.030162
v 0.150721 -0.223868 0.029868
v 0.150049 -0.224656 0.030281
v 0.161827 -0.221107 0.028789
v 0.166645 -0.225722 0.028319
v 0.165539 -0.227019 0.028681
v 0.159945 -0.223315 0.027762
v 0.158799 -0.224659 0.028356
v 0.163827 -0.229027 0.027918
v 0.172460 -0.229167 0.027508
v 0.171425 -0.230381 0.027873
v 0.176228 -0.235014 0.027478
v 0.168791 -0.233471 0.027484
v 0.180144 -0.240686 0.027364
v 0.175249 -0.236161 0.027778
v 0.179222 -0.241768 0.027595
v 0.174266 -0.237315 0.028034
v 0.170385 -0.231601 0.028201
v 0.169338 -0.232829 0.028482
v 0.164427 -0.228324 0.028991
v 0.160645 -0.222494 0.029183
v 0.159456 -0.223889 0.029521
v 0.158261 -0.225290 0.029805
v 0.163309 -0.229635 0.029251
v 0.157646 -0.226011 0.028920
v 0.162747 -0.230294 0.028435
v 0.167773 -0.234664 0.027954
v 0.172807 -0.239026 0.027539
v 0.178295 -0.242854 0.027784
v 0.171844 -0.240156 0.027942
v 0.176961 -0.244419 0.027497
v 0.168287 -0.234062 0.028713
v 0.173277 -0.238474 0.028243
v 0.166751 -0.235864 0.028396
v 0.161662 -0.231567 0.028922
v 0.167233 -0.235298 0.028905
v 0.172286 -0.239637 0.028416
v 0.177366 -0.243944 0.027937
v 0.170877 -0.241290 0.028320
v 0.176054 -0.245484 0.027839
v 0.165723 -0.237069 0.028810
v 0.160571 -0.232846 0.029380
v 0.166175 -0.236539 0.029055
v 0.171293 -0.240802 0.028549
v 0.165115 -0.237782 0.029159
v 0.176435 -0.245037 0.028054
v 0.175502 -0.246131 0.028131
v 0.170297 -0.241970 0.028640
v 0.156487 -0.227370 0.029452
v 0.162187 -0.230950 0.029467
v 0.157061 -0.226697 0.030042
v 0.155858 -0.228108 0.030232
v 0.155323 -0.228736 0.029954
v 0.161062 -0.232270 0.029639
v 0.159935 -0.233593 0.029762
v 0.154652 -0.229523 0.030369
v 0.183301 -0.247249 0.027303
v 0.182428 -0.248272 0.027432
v 0.181554 -0.249297 0.027527
v 0.180679 -0.250324 0.027584
v 0.054265 -0.081796 0.023469
v 0.045888 -0.081355 0.022714
v 0.046012 -0.081210 0.022721
v 0.053835 -0.082300 0.023437
v 0.045764 -0.081501 0.022703
v 0.053405 -0.082804 0.023392
v 0.045640 -0.081646 0.022688
v 0.045517 -0.081791 0.022670
v 0.052976 -0.083308 0.023334
v 0.046222 -0.080963 0.022735
v 0.046136 -0.081064 0.022725
v 0.045132 -0.082243 0.022634
v 0.046099 -0.081107 0.022761
v 0.045976 -0.081252 0.022781
v 0.045852 -0.081397 0.022796
v 0.052547 -0.083810 0.023266
v 0.045393 -0.081936 0.022649
v 0.052119 -0.084312 0.023187
v 0.045270 -0.082080 0.022624
v 0.051693 -0.084812 0.023094
v 0.045147 -0.082224 0.022596
v 0.051267 -0.085311 0.022990
v 0.045025 -0.082368 0.022565
v 0.050843 -0.085809 0.022878
v 0.044537 -0.082940 0.022418
v 0.044415 -0.083082 0.022378
v 0.044294 -0.083225 0.022340
v 0.044659 -0.082797 0.022457
v 0.049576 -0.087296 0.022487
v 0.044902 -0.082511 0.022531
v 0.045728 -0.081543 0.022808
v 0.045604 -0.081689 0.022813
v 0.045480 -0.081834 0.022813
v 0.045355 -0.081980 0.022809
v 0.045231 -0.082125 0.022800
v 0.045108 -0.082271 0.022785
v 0.044780 -0.082655 0.022495
v 0.044984 -0.082416 0.022764
v 0.044861 -0.082560 0.022739
v 0.044739 -0.082703 0.022706
v 0.044259 -0.083266 0.022508
v 0.044377 -0.083128 0.022570
v 0.044617 -0.082846 0.022668
v 0.044496 -0.082988 0.022623
v 0.050420 -0.086306 0.022755
v 0.049997 -0.086801 0.022623
v 0.049845 -0.086979 0.023372
v 0.049424 -0.087473 0.023232
v 0.055990 -0.090038 0.022955
v 0.056480 -0.089463 0.023093
v 0.061031 -0.094390 0.023068
v 0.055501 -0.090611 0.022806
v 0.055014 -0.091183 0.022646
v 0.054528 -0.091753 0.022480
v 0.060495 -0.095020 0.022875
v 0.059960 -0.095648 0.022672
v 0.065426 -0.099502 0.022956
v 0.064845 -0.100183 0.022700
v 0.070303 -0.104047 0.023026
v 0.069676 -0.104783 0.022723
v 0.075124 -0.108659 0.023103
v 0.054990 -0.080945 0.023530
v 0.060777 -0.084423 0.023793
v 0.054695 -0.081291 0.023490
v 0.060440 -0.084818 0.023739
v 0.060283 -0.085003 0.023883
v 0.066300 -0.088210 0.024266
v 0.065933 -0.088641 0.024186
v 0.059943 -0.085402 0.023707
v 0.054563 -0.081446 0.023614
v 0.059787 -0.085585 0.023953
v 0.059445 -0.085985 0.023660
v 0.054134 -0.081949 0.023679
v 0.053705 -0.082453 0.023729
v 0.059289 -0.086168 0.024004
v 0.065383 -0.089286 0.024122
v 0.064835 -0.089929 0.024043
v 0.058949 -0.086568 0.023599
v 0.065751 -0.088854 0.024341
v 0.065201 -0.089500 0.024392
v 0.064650 -0.090146 0.024422
v 0.071738 -0.092098 0.024849
v 0.071343 -0.092562 0.024737
v 0.071135 -0.092805 0.024898
v 0.064287 -0.090572 0.023947
v 0.070743 -0.093265 0.024631
v 0.070145 -0.093967 0.024509
v 0.070532 -0.093513 0.024922
v 0.064099 -0.090792 0.024433
v 0.069548 -0.094667 0.024369
v 0.063741 -0.091213 0.023836
v 0.069928 -0.094221 0.024922
v 0.069325 -0.094928 0.024901
v 0.076712 -0.096530 0.025220
v 0.076061 -0.097293 0.025079
v 0.075412 -0.098055 0.024920
v 0.074765 -0.098813 0.024742
v 0.068953 -0.095365 0.024213
v 0.074120 -0.099570 0.024545
v 0.077136 -0.096033 0.025361
v 0.076479 -0.096804 0.025391
v 0.075821 -0.097575 0.025393
v 0.075164 -0.098345 0.025370
v 0.074508 -0.099115 0.025323
v 0.073852 -0.099884 0.025246
v 0.053275 -0.082957 0.023763
v 0.052844 -0.083462 0.023777
v 0.052413 -0.083968 0.023773
v 0.058453 -0.087149 0.023524
v 0.057958 -0.087730 0.023437
v 0.058792 -0.086752 0.024037
v 0.058294 -0.087336 0.024046
v 0.057795 -0.087920 0.024035
v 0.057464 -0.088309 0.023337
v 0.056971 -0.088887 0.023221
v 0.062652 -0.092490 0.023573
v 0.057298 -0.088504 0.024007
v 0.051983 -0.084473 0.023754
v 0.056800 -0.089087 0.023959
v 0.063196 -0.091852 0.023711
v 0.063548 -0.091438 0.024417
v 0.062998 -0.092084 0.024378
v 0.062448 -0.092729 0.024321
v 0.061899 -0.093372 0.024241
v 0.051552 -0.084977 0.023719
v 0.051123 -0.085480 0.023659
v 0.050695 -0.085982 0.023584
v 0.050269 -0.086483 0.023492
v 0.062110 -0.093125 0.023417
v 0.061570 -0.093759 0.023247
v 0.056305 -0.089669 0.023883
v 0.055810 -0.090249 0.023789
v 0.060808 -0.094652 0.024001
v 0.054828 -0.091400 0.023529
v 0.055317 -0.090827 0.023675
v 0.060266 -0.095288 0.023849
v 0.059729 -0.095918 0.023660
v 0.061353 -0.094013 0.024131
v 0.068360 -0.096061 0.024041
v 0.067768 -0.096755 0.023856
v 0.067179 -0.097445 0.023651
v 0.072837 -0.101075 0.024105
v 0.072200 -0.101822 0.023857
v 0.068722 -0.095636 0.024851
v 0.068121 -0.096341 0.024776
v 0.066922 -0.097747 0.024560
v 0.067520 -0.097045 0.024680
v 0.073478 -0.100324 0.024333
v 0.073199 -0.100651 0.025140
v 0.072547 -0.101415 0.025012
v 0.071897 -0.102177 0.024858
v 0.066593 -0.098133 0.023431
v 0.066008 -0.098819 0.023201
v 0.064561 -0.100516 0.023791
v 0.065144 -0.099832 0.024031
v 0.071565 -0.102567 0.023593
v 0.070933 -0.103308 0.023317
v 0.066326 -0.098446 0.024406
v 0.065734 -0.099141 0.024231
v 0.071252 -0.102934 0.024666
v 0.070609 -0.103688 0.024451
v 0.069971 -0.104436 0.024210
v 0.079916 -0.103037 0.025159
v 0.079223 -0.103850 0.024917
v 0.082013 -0.100578 0.025766
v 0.082463 -0.100050 0.025938
v 0.081752 -0.100884 0.025944
v 0.081312 -0.101400 0.025583
v 0.087264 -0.104685 0.026272
v 0.087740 -0.104127 0.026473
v 0.086975 -0.105024 0.026458
v 0.086512 -0.105566 0.026050
v 0.086210 -0.105920 0.026411
v 0.092451 -0.108866 0.026829
v 0.092951 -0.108280 0.027063
v 0.092133 -0.109240 0.027023
v 0.080613 -0.102220 0.025381
v 0.081041 -0.101718 0.025920
v 0.080331 -0.102551 0.025868
v 0.085764 -0.106444 0.025809
v 0.085018 -0.107319 0.025546
v 0.079621 -0.103383 0.025790
v 0.078914 -0.104213 0.025679
v 0.090853 -0.110741 0.026278
v 0.084275 -0.108190 0.025262
v 0.090059 -0.111672 0.025970
v 0.085447 -0.106816 0.026334
v 0.084685 -0.107709 0.026229
v 0.091650 -0.109806 0.026564
v 0.091315 -0.110198 0.026948
v 0.090499 -0.111155 0.026841
v 0.083926 -0.108600 0.026089
v 0.089685 -0.112110 0.026704
v 0.097644 -0.113041 0.027322
v 0.089269 -0.112599 0.025639
v 0.095939 -0.115040 0.026696
v 0.096790 -0.114043 0.027020
v 0.095093 -0.116033 0.026347
v 0.094251 -0.117021 0.025975
v 0.094679 -0.116519 0.027141
v 0.100984 -0.119389 0.027132
v 0.100085 -0.120444 0.026741
v 0.078532 -0.104661 0.024658
v 0.083536 -0.109057 0.024959
v 0.077844 -0.105468 0.024383
v 0.077159 -0.106271 0.024085
v 0.082800 -0.109921 0.024640
v 0.082068 -0.110779 0.024297
v 0.087699 -0.114440 0.024920
v 0.076478 -0.107070 0.023772
v 0.075799 -0.107866 0.023445
v 0.081340 -0.111633 0.023936
v 0.080614 -0.112484 0.023562
v 0.079893 -0.113331 0.023171
v 0.086147 -0.116261 0.024115
v 0.085376 -0.117165 0.023689
v 0.076112 -0.107500 0.024943
v 0.074735 -0.109115 0.024396
v 0.075421 -0.108310 0.024684
v 0.080182 -0.112991 0.024910
v 0.086921 -0.115353 0.024526
v 0.079448 -0.113853 0.024579
v 0.092578 -0.118983 0.025170
v 0.090925 -0.120922 0.024273
v 0.090104 -0.121885 0.023800
v 0.091749 -0.119955 0.024731
v 0.096534 -0.124609 0.024943
v 0.095659 -0.125635 0.024437
v 0.078209 -0.105040 0.025538
v 0.083169 -0.109487 0.025915
v 0.077506 -0.105864 0.025371
v 0.076806 -0.106685 0.025178
v 0.082416 -0.110371 0.025714
v 0.088482 -0.113522 0.025289
v 0.081665 -0.111252 0.025485
v 0.087263 -0.114951 0.026080
v 0.088874 -0.113061 0.026530
v 0.088067 -0.114008 0.026319
v 0.080921 -0.112124 0.025211
v 0.086463 -0.115889 0.025810
v 0.085671 -0.116819 0.025492
v 0.084884 -0.117742 0.025145
v 0.093412 -0.118005 0.025582
v 0.098300 -0.122538 0.025887
v 0.097414 -0.123577 0.025430
v 0.093812 -0.117535 0.026939
v 0.092950 -0.118546 0.026698
v 0.092092 -0.119553 0.026427
v 0.099190 -0.121493 0.026325
v 0.096875 -0.124209 0.026786
v 0.097788 -0.123138 0.027092
v 0.090393 -0.121546 0.025767
v 0.091238 -0.120554 0.026123
v 0.089554 -0.122530 0.025380
v 0.095967 -0.125274 0.026446
v 0.095068 -0.126328 0.026050
v 0.052579 -0.094038 0.021838
v 0.047470 -0.089766 0.021983
v 0.047888 -0.089275 0.021953
v 0.053069 -0.093463 0.021974
v 0.057825 -0.098152 0.021825
v 0.044171 -0.083369 0.022308
v 0.044050 -0.083511 0.022317
v 0.044146 -0.083399 0.022431
v 0.049155 -0.087789 0.022346
v 0.048734 -0.088283 0.022203
v 0.048313 -0.088777 0.022066
v 0.047795 -0.089384 0.022388
v 0.048593 -0.088448 0.022883
v 0.049006 -0.087963 0.023071
v 0.048188 -0.088924 0.022660
v 0.054042 -0.092323 0.022310
v 0.053556 -0.092893 0.022139
v 0.059426 -0.096274 0.022462
v 0.058892 -0.096899 0.022248
v 0.053384 -0.093094 0.022940
v 0.052466 -0.094172 0.022350
v 0.058359 -0.097525 0.022032
v 0.052917 -0.093642 0.022674
v 0.057636 -0.098373 0.022607
v 0.052095 -0.094606 0.021872
v 0.057285 -0.098784 0.021650
v 0.056750 -0.099412 0.021669
v 0.057145 -0.098949 0.022222
v 0.063110 -0.102218 0.021903
v 0.062530 -0.102899 0.021645
v 0.067800 -0.106982 0.021785
v 0.068425 -0.106250 0.022099
v 0.064266 -0.100862 0.022438
v 0.063688 -0.101540 0.022171
v 0.058146 -0.097774 0.022929
v 0.062298 -0.103170 0.022507
v 0.062848 -0.102526 0.022892
v 0.069050 -0.105517 0.022414
v 0.061944 -0.103586 0.021423
v 0.061358 -0.104273 0.021418
v 0.061772 -0.103788 0.022053
v 0.066538 -0.108463 0.021219
v 0.067173 -0.107718 0.021482
v 0.065901 -0.109210 0.021198
v 0.066337 -0.108699 0.021912
v 0.066901 -0.108038 0.022431
v 0.067492 -0.107344 0.022874
v 0.071084 -0.113397 0.020991
v 0.075575 -0.118395 0.020777
v 0.070395 -0.114204 0.020949
v 0.076305 -0.117538 0.021126
v 0.080799 -0.122533 0.020937
v 0.073110 -0.111021 0.022019
v 0.072439 -0.111807 0.021652
v 0.074451 -0.109448 0.022748
v 0.073780 -0.110235 0.022386
v 0.079174 -0.114174 0.022768
v 0.078457 -0.115014 0.022357
v 0.077741 -0.115854 0.021941
v 0.083085 -0.119852 0.022324
v 0.083846 -0.118959 0.022788
v 0.071766 -0.112597 0.021299
v 0.077025 -0.116694 0.021526
v 0.070849 -0.113673 0.021746
v 0.075307 -0.118709 0.021596
v 0.071448 -0.112970 0.022334
v 0.082325 -0.120744 0.021855
v 0.081564 -0.121636 0.021387
v 0.072078 -0.112230 0.022841
v 0.075942 -0.117965 0.022251
v 0.080386 -0.123018 0.022152
v 0.076612 -0.117178 0.022819
v 0.081095 -0.122186 0.022784
v 0.077304 -0.116367 0.023323
v 0.084610 -0.118064 0.023245
v 0.088475 -0.123796 0.022804
v 0.087664 -0.124746 0.022291
v 0.089288 -0.122842 0.023309
v 0.093060 -0.128683 0.022818
v 0.086855 -0.125696 0.021774
v 0.086045 -0.126646 0.021259
v 0.091341 -0.130700 0.021687
v 0.090481 -0.131708 0.021123
v 0.092200 -0.129692 0.022255
v 0.085520 -0.127261 0.022772
v 0.081827 -0.121328 0.023349
v 0.074835 -0.119262 0.020719
v 0.080022 -0.123445 0.020542
v 0.079231 -0.124372 0.020466
v 0.085230 -0.127602 0.020763
v 0.084400 -0.128575 0.020329
v 0.083555 -0.129566 0.020241
v 0.079717 -0.123802 0.021425
v 0.084061 -0.128973 0.021284
v 0.089615 -0.132724 0.020581
v 0.088734 -0.133758 0.020105
v 0.087833 -0.134814 0.020006
v 0.088357 -0.134199 0.021134
v 0.084768 -0.128143 0.022079
v 0.089103 -0.133325 0.022001
v 0.086298 -0.126349 0.023393
v 0.089898 -0.132392 0.022757
v 0.054343 -0.091970 0.023360
v 0.053861 -0.092535 0.023166
v 0.059196 -0.096544 0.023446
v 0.058667 -0.097163 0.023205
v 0.063411 -0.101865 0.023228
v 0.063983 -0.101195 0.023525
v 0.069340 -0.105176 0.023925
v 0.068716 -0.105909 0.023611
v 0.068098 -0.106633 0.023263
v 0.073388 -0.110694 0.023693
v 0.074058 -0.109909 0.024060
v 0.072727 -0.111470 0.023290
v 0.078009 -0.115540 0.023779
v 0.082575 -0.120450 0.023862
v 0.078724 -0.114701 0.024196
v 0.084103 -0.118658 0.024767
v 0.083334 -0.119560 0.024332
v 0.094788 -0.126656 0.023915
v 0.093922 -0.127672 0.023374
v 0.087902 -0.124467 0.024478
v 0.088721 -0.123507 0.024959
v 0.092423 -0.129431 0.024627
v 0.093292 -0.128412 0.025157
v 0.087094 -0.125416 0.023959
v 0.090722 -0.131426 0.023437
v 0.091565 -0.130437 0.024056
v 0.094176 -0.127374 0.025621
v 0.105085 -0.124845 0.027109
v 0.100374 -0.130370 0.024590
v 0.101305 -0.129278 0.025142
v 0.106045 -0.133984 0.025343
v 0.105057 -0.135143 0.024744
v 0.103185 -0.127074 0.026173
v 0.102242 -0.128180 0.025673
v 0.104132 -0.125962 0.026653
v 0.109047 -0.130463 0.026987
v 0.108041 -0.131644 0.026464
v 0.107039 -0.132818 0.025920
v 0.112881 -0.136232 0.026799
v 0.113949 -0.134980 0.027372
v 0.111819 -0.137478 0.026204
v 0.110765 -0.138714 0.025574
v 0.100681 -0.130011 0.026770
v 0.101648 -0.128876 0.027143
v 0.099723 -0.131134 0.026338
v 0.117764 -0.140770 0.027139
v 0.116630 -0.142100 0.026492
v 0.115505 -0.143420 0.025808
v 0.122278 -0.145742 0.027083
v 0.121126 -0.147093 0.026440
v 0.136528 -0.159825 0.025759
v 0.133331 -0.153309 0.026988
v 0.134279 -0.152196 0.027295
v 0.132385 -0.154418 0.026657
v 0.135766 -0.160718 0.025560
v 0.135007 -0.161609 0.025343
v 0.127212 -0.150220 0.026960
v 0.126136 -0.151483 0.026431
v 0.128294 -0.148951 0.027463
v 0.131444 -0.155522 0.026300
v 0.125064 -0.152740 0.025879
v 0.130507 -0.156622 0.025919
v 0.136949 -0.159330 0.025958
v 0.134809 -0.151575 0.027576
v 0.136178 -0.160235 0.026010
v 0.133839 -0.152712 0.027578
v 0.135405 -0.161141 0.026029
v 0.132870 -0.153849 0.027538
v 0.134633 -0.162047 0.026016
v 0.096693 -0.134688 0.022218
v 0.095779 -0.135760 0.021602
v 0.097608 -0.133614 0.022829
v 0.102121 -0.138587 0.022838
v 0.101149 -0.139727 0.022178
v 0.106603 -0.143596 0.022849
v 0.105573 -0.144804 0.022132
v 0.094863 -0.136834 0.020991
v 0.093941 -0.137915 0.020404
v 0.099207 -0.142005 0.020855
v 0.104543 -0.146012 0.021412
v 0.103512 -0.147222 0.020699
v 0.093002 -0.139018 0.019891
v 0.092041 -0.140144 0.019788
v 0.097228 -0.144327 0.019672
v 0.098227 -0.143154 0.020223
v 0.096205 -0.145526 0.019565
v 0.102472 -0.148441 0.020015
v 0.101410 -0.149687 0.019420
v 0.092588 -0.139503 0.021004
v 0.096774 -0.144858 0.020872
v 0.106652 -0.153804 0.019800
v 0.107763 -0.152501 0.020536
v 0.108864 -0.151209 0.021305
v 0.112111 -0.157667 0.020524
v 0.113231 -0.156352 0.021286
v 0.100179 -0.140865 0.021513
v 0.093377 -0.138577 0.021942
v 0.094221 -0.137587 0.022761
v 0.100912 -0.150270 0.020712
v 0.097609 -0.143880 0.021883
v 0.101792 -0.149239 0.021804
v 0.098502 -0.142832 0.022767
v 0.102737 -0.148130 0.022760
v 0.109964 -0.149920 0.022082
v 0.114349 -0.155041 0.022058
v 0.111064 -0.148629 0.022857
v 0.115468 -0.153729 0.022828
v 0.105907 -0.154678 0.021741
v 0.106913 -0.153498 0.022774
v 0.117706 -0.161370 0.021409
v 0.116661 -0.162596 0.020748
v 0.119793 -0.158923 0.022748
v 0.118749 -0.160146 0.022080
v 0.124063 -0.164180 0.022653
v 0.124972 -0.163114 0.023171
v 0.129032 -0.168617 0.022932
v 0.123155 -0.165245 0.022129
v 0.122247 -0.166310 0.021605
v 0.127563 -0.170340 0.022193
v 0.126829 -0.171201 0.021822
v 0.128297 -0.169479 0.022564
v 0.131978 -0.175427 0.022249
v 0.099447 -0.131457 0.024022
v 0.098526 -0.132538 0.023433
v 0.104073 -0.136297 0.024128
v 0.103095 -0.137445 0.023491
v 0.108673 -0.141168 0.024251
v 0.109716 -0.139944 0.024921
v 0.107636 -0.142384 0.023558
v 0.096906 -0.134438 0.024790
v 0.095993 -0.135508 0.024170
v 0.100382 -0.140627 0.024287
v 0.101351 -0.139491 0.024957
v 0.114386 -0.144732 0.025101
v 0.113273 -0.146038 0.024374
v 0.118846 -0.149767 0.025058
v 0.112166 -0.147337 0.023624
v 0.116589 -0.152415 0.023590
v 0.117714 -0.151095 0.024336
v 0.098773 -0.132248 0.025871
v 0.097831 -0.133353 0.025365
v 0.104343 -0.135981 0.026634
v 0.103334 -0.137165 0.026127
v 0.105360 -0.134787 0.027103
v 0.108931 -0.140865 0.026960
v 0.107859 -0.142122 0.026407
v 0.102333 -0.138339 0.025580
v 0.106797 -0.143368 0.025812
v 0.105755 -0.144591 0.025135
v 0.119983 -0.148434 0.025761
v 0.112379 -0.147086 0.026717
v 0.111245 -0.148417 0.026072
v 0.115653 -0.153512 0.026127
v 0.116807 -0.152159 0.026763
v 0.095097 -0.136560 0.023498
v 0.099430 -0.141743 0.023562
v 0.103720 -0.146978 0.023621
v 0.104728 -0.145795 0.024408
v 0.109036 -0.151007 0.024555
v 0.113408 -0.156145 0.024620
v 0.110132 -0.149722 0.025341
v 0.107961 -0.152269 0.023704
v 0.111248 -0.158679 0.022842
v 0.112314 -0.157429 0.023772
v 0.114523 -0.154838 0.025401
v 0.121887 -0.156466 0.024059
v 0.120838 -0.157697 0.023411
v 0.122941 -0.155230 0.024685
v 0.124000 -0.153988 0.025293
v 0.127720 -0.159890 0.024637
v 0.126800 -0.160969 0.024165
v 0.128644 -0.158807 0.025091
v 0.131995 -0.165141 0.024278
v 0.132744 -0.164263 0.024570
v 0.125884 -0.162044 0.023678
v 0.131250 -0.166015 0.023963
v 0.136847 -0.169716 0.024365
v 0.133496 -0.163381 0.024846
v 0.134250 -0.162497 0.025104
v 0.137951 -0.168421 0.024697
v 0.137399 -0.169069 0.024538
v 0.138506 -0.167770 0.024842
v 0.138809 -0.167415 0.024987
v 0.136298 -0.170360 0.024177
v 0.129573 -0.157716 0.025515
v 0.131902 -0.154984 0.027459
v 0.133861 -0.162953 0.025974
v 0.130936 -0.156118 0.027342
v 0.129972 -0.157248 0.027180
v 0.133090 -0.163857 0.025895
v 0.132321 -0.164759 0.025780
v 0.129012 -0.158374 0.026973
v 0.121073 -0.157420 0.026370
v 0.117970 -0.150794 0.027353
v 0.122155 -0.156151 0.026871
v 0.123245 -0.154873 0.027331
v 0.126160 -0.161720 0.026110
v 0.131555 -0.165658 0.025636
v 0.128056 -0.159496 0.026730
v 0.127103 -0.160613 0.026451
v 0.130791 -0.166554 0.025463
v 0.138247 -0.168074 0.025028
v 0.137685 -0.168733 0.025044
v 0.137123 -0.169393 0.025038
v 0.136560 -0.170052 0.025009
v 0.130508 -0.166885 0.023632
v 0.129769 -0.167753 0.023289
v 0.117906 -0.161135 0.024518
v 0.122469 -0.166049 0.024296
v 0.118946 -0.159916 0.025199
v 0.116884 -0.162334 0.023775
v 0.121579 -0.167093 0.023707
v 0.123374 -0.164987 0.024831
v 0.127787 -0.170077 0.024363
v 0.124290 -0.163913 0.025319
v 0.128527 -0.169210 0.024705
v 0.127055 -0.170936 0.023983
v 0.130032 -0.167444 0.025240
v 0.129277 -0.168329 0.024988
v 0.120000 -0.158680 0.025827
v 0.125222 -0.162820 0.025733
v 0.098171 -0.112423 0.027584
v 0.097295 -0.113450 0.027527
v 0.096421 -0.114475 0.027432
v 0.103348 -0.116617 0.028131
v 0.102796 -0.117264 0.027839
v 0.102415 -0.117711 0.028054
v 0.101483 -0.118804 0.027937
v 0.101888 -0.118329 0.027497
v 0.095549 -0.115499 0.027303
v 0.100554 -0.119893 0.027784
v 0.099628 -0.120980 0.027595
v 0.098705 -0.122062 0.027364
v 0.107973 -0.121458 0.028320
v 0.108553 -0.120777 0.028640
v 0.107557 -0.121945 0.028549
v 0.113734 -0.124966 0.029159
v 0.106563 -0.123111 0.028416
v 0.107006 -0.122592 0.027942
v 0.113126 -0.125679 0.028810
v 0.112674 -0.126209 0.029055
v 0.111617 -0.127449 0.028905
v 0.112099 -0.126884 0.028396
v 0.118278 -0.129902 0.029380
v 0.106043 -0.123721 0.027539
v 0.110059 -0.129277 0.027484
v 0.104584 -0.125433 0.028034
v 0.111076 -0.128083 0.027954
v 0.105572 -0.124274 0.028243
v 0.110562 -0.128686 0.028713
v 0.109511 -0.129919 0.028482
v 0.117187 -0.131181 0.028922
v 0.116102 -0.132454 0.028435
v 0.115022 -0.133720 0.027918
v 0.114422 -0.134424 0.028991
v 0.121203 -0.136737 0.028920
v 0.120050 -0.138089 0.028356
v 0.125769 -0.141646 0.028847
v 0.124599 -0.143019 0.028289
v 0.118915 -0.129155 0.029762
v 0.117787 -0.130478 0.029639
v 0.116662 -0.131797 0.029467
v 0.115540 -0.133113 0.029251
v 0.124197 -0.133225 0.030369
v 0.123527 -0.134011 0.029954
v 0.121788 -0.136051 0.030042
v 0.122362 -0.135377 0.029452
v 0.128128 -0.138880 0.029868
v 0.126946 -0.140266 0.029373
v 0.122991 -0.134640 0.030232
v 0.128800 -0.138092 0.030281
v 0.127578 -0.139525 0.030162
v 0.126358 -0.140956 0.029989
v 0.120589 -0.137457 0.029805
v 0.119394 -0.138859 0.029521
v 0.125141 -0.142383 0.029768
v 0.103600 -0.126586 0.027778
v 0.102622 -0.127734 0.027478
v 0.107424 -0.132367 0.027873
v 0.108465 -0.131146 0.028201
v 0.113310 -0.135729 0.028681
v 0.112204 -0.137026 0.028319
v 0.106389 -0.133581 0.027508
v 0.111105 -0.138316 0.027917
v 0.110011 -0.139598 0.027473
v 0.118904 -0.139433 0.027762
v 0.123435 -0.144384 0.027700
v 0.117022 -0.141640 0.028789
v 0.115847 -0.143019 0.028352
v 0.114679 -0.144389 0.027871
v 0.120329 -0.148027 0.028369
v 0.121523 -0.146628 0.028794
v 0.118204 -0.140254 0.029183
v 0.123929 -0.143805 0.029499
v 0.122722 -0.145221 0.029175
v 0.131571 -0.145107 0.028798
v 0.130474 -0.146394 0.028382
v 0.132189 -0.144383 0.029157
v 0.129381 -0.147676 0.027938
v 0.131060 -0.145707 0.029095
v 0.129932 -0.147030 0.028982
v 0.128807 -0.148350 0.028825
v 0.127684 -0.149666 0.028624
v 0.126566 -0.150978 0.028371
v 0.125454 -0.152282 0.028065
v 0.113524 -0.145743 0.027315
v 0.119143 -0.149419 0.027900
v 0.124347 -0.153581 0.027719
v 0.100322 -0.150962 0.019306
v 0.105517 -0.155136 0.019161
v 0.104354 -0.156500 0.019046
v 0.110980 -0.158993 0.019797
v 0.109825 -0.160348 0.019171
v 0.104972 -0.155775 0.020561
v 0.109273 -0.160995 0.020619
v 0.108647 -0.161730 0.019085
v 0.110224 -0.159880 0.021806
v 0.115606 -0.163833 0.020122
v 0.114530 -0.165095 0.019593
v 0.121337 -0.167377 0.021090
v 0.120420 -0.168453 0.020606
v 0.119486 -0.169548 0.020208
v 0.125353 -0.172933 0.021122
v 0.113443 -0.166370 0.019571
v 0.118554 -0.170641 0.020253
v 0.114036 -0.165674 0.020969
v 0.124600 -0.173815 0.020856
v 0.119084 -0.170020 0.021429
v 0.123860 -0.174683 0.020949
v 0.126093 -0.172064 0.021459
v 0.114929 -0.164627 0.022034
v 0.119869 -0.169099 0.022304
v 0.115888 -0.163502 0.022954
v 0.120708 -0.168114 0.023050
v 0.124944 -0.173412 0.022523
v 0.125627 -0.172610 0.023077
v 0.124302 -0.174165 0.021864
v 0.131443 -0.176054 0.021980
v 0.130907 -0.176683 0.021718
v 0.130367 -0.177316 0.021475
v 0.129819 -0.177960 0.021286
v 0.129281 -0.178591 0.021361
v 0.129599 -0.178217 0.022030
v 0.126334 -0.171782 0.023558
f 1 2 3
f 4 2 1
f 5 6 7
f 7 8 9
f 5 2 10
f 10 2 4
f 5 7 2
f 9 11 12
f 9 8 13
f 9 13 14
f 9 14 11
f 9 15 16
f 9 12 15
f 9 17 18
f 9 18 19
f 9 19 20
f 9 16 17
f 7 9 2
f 9 20 2
f 1 3 21
f 4 1 22
f 10 4 23
f 5 10 24
f 5 25 26
f 5 27 6
f 7 6 28
f 5 26 29
f 5 29 27
f 7 30 31
f 7 32 30
f 7 33 32
f 7 34 33
f 7 28 34
f 7 31 8
f 25 35 26
f 25 36 37
f 25 37 35
f 25 38 36
f 39 40 38
f 39 41 40
f 39 42 41
f 39 43 42
f 39 44 43
f 39 45 44
f 39 46 45
f 39 47 46
f 48 49 50
f 51 52 47
f 51 53 52
f 51 54 53
f 51 55 56
f 51 56 54
f 51 57 55
f 51 58 57
f 51 59 58
f 51 60 59
f 48 50 60
f 4 22 23
f 1 21 22
f 10 23 24
f 5 24 25
f 25 39 38
f 39 51 47
f 51 48 60
f 23 22 61
f 22 21 62
f 24 23 63
f 22 62 61
f 23 61 63
f 25 24 64
f 25 65 39
f 39 66 51
f 51 67 48
f 24 63 64
f 25 64 65
f 39 65 66
f 61 62 68
f 64 63 68
f 61 68 63
f 51 66 67
f 67 69 48
f 65 64 68
f 65 68 66
f 67 66 68
f 67 68 69
f 2 20 70
f 71 2 70
f 71 70 72
f 71 73 2
f 73 74 2
f 74 75 2
f 75 76 2
f 76 77 2
f 78 72 79
f 71 72 78
f 71 80 73
f 48 81 82
f 48 83 84
f 48 84 85
f 48 85 49
f 48 82 83
f 78 86 87
f 78 87 81
f 78 79 88
f 78 88 86
f 73 89 74
f 74 90 75
f 75 91 76
f 76 92 77
f 48 78 81
f 71 78 80
f 73 80 89
f 74 89 90
f 75 90 91
f 76 91 92
f 92 93 77
f 48 69 78
f 78 94 80
f 80 95 89
f 89 96 90
f 78 69 94
f 80 94 95
f 69 68 94
f 94 68 95
f 95 68 96
f 96 68 97
f 89 95 96
f 90 96 97
f 97 68 98
f 98 68 99
f 99 68 100
f 90 97 91
f 98 92 91
f 92 99 93
f 97 98 91
f 98 99 92
f 99 100 93
f 3 2 101
f 101 2 102
f 102 2 103
f 103 2 104
f 104 2 105
f 105 106 107
f 105 2 106
f 2 108 106
f 3 101 109
f 101 102 110
f 102 103 111
f 103 104 112
f 104 105 113
f 105 107 114
f 114 107 115
f 114 115 116
f 114 116 117
f 114 117 118
f 114 118 119
f 120 119 121
f 120 121 122
f 120 122 123
f 120 123 124
f 120 124 125
f 3 109 21
f 101 110 109
f 102 111 110
f 103 112 111
f 104 113 112
f 105 114 113
f 114 119 120
f 21 109 126
f 109 110 127
f 110 111 128
f 21 126 62
f 109 127 126
f 110 128 127
f 129 111 112
f 130 112 113
f 113 114 131
f 114 120 132
f 128 111 129
f 129 112 130
f 62 126 68
f 126 127 68
f 127 128 68
f 130 113 131
f 114 132 131
f 128 129 68
f 129 130 68
f 130 131 68
f 131 132 68
f 2 133 108
f 2 134 133
f 133 135 108
f 133 136 135
f 133 137 136
f 133 138 137
f 133 139 138
f 133 140 139
f 133 141 140
f 133 142 141
f 133 143 142
f 133 144 143
f 2 145 134
f 2 146 147
f 2 147 145
f 133 134 144
f 134 145 148
f 2 149 146
f 2 77 149
f 134 150 144
f 134 151 152
f 134 152 150
f 134 153 151
f 134 154 153
f 134 155 154
f 134 148 155
f 145 156 148
f 145 157 156
f 145 158 157
f 120 125 159
f 120 159 160
f 161 160 162
f 161 162 163
f 161 163 164
f 161 164 165
f 161 165 166
f 161 166 167
f 161 167 168
f 161 168 169
f 161 169 170
f 171 170 172
f 171 172 173
f 171 173 174
f 171 174 175
f 171 175 176
f 171 176 177
f 178 179 158
f 171 177 180
f 171 180 181
f 178 181 182
f 178 182 183
f 178 183 179
f 147 184 145
f 146 185 147
f 149 186 146
f 77 93 149
f 145 178 158
f 120 160 161
f 161 170 171
f 171 181 178
f 145 184 178
f 147 185 184
f 149 93 186
f 146 186 185
f 120 161 187
f 188 161 171
f 189 171 178
f 190 178 184
f 120 187 132
f 188 187 161
f 68 132 187
f 68 187 188
f 68 188 189
f 68 189 190
f 188 171 189
f 190 189 178
f 191 190 184
f 68 191 192
f 68 190 191
f 68 192 100
f 191 184 185
f 93 100 186
f 186 192 185
f 191 185 192
f 186 100 192
f 193 194 195
f 193 196 197
f 196 198 197
f 193 195 196
f 193 197 199
f 194 200 195
f 196 195 201
f 194 202 200
f 194 203 202
f 195 200 204
f 194 205 203
f 193 205 194
f 193 199 205
f 196 206 198
f 206 207 198
f 195 204 201
f 206 201 208
f 196 201 206
f 206 209 207
f 209 210 207
f 206 208 209
f 202 211 212
f 200 212 213
f 202 214 211
f 202 212 200
f 211 214 215
f 215 107 106
f 215 216 107
f 214 216 215
f 204 213 217
f 200 213 204
f 204 217 218
f 211 108 212
f 211 215 108
f 212 108 213
f 217 219 218
f 213 108 217
f 218 219 220
f 215 106 108
f 216 115 107
f 216 116 115
f 216 221 116
f 221 117 116
f 221 118 117
f 217 108 219
f 219 108 222
f 220 219 222
f 220 222 223
f 202 203 214
f 214 203 224
f 203 225 224
f 205 225 203
f 205 199 226
f 205 226 225
f 214 224 216
f 204 218 201
f 218 208 201
f 218 220 208
f 208 227 209
f 220 227 208
f 216 224 228
f 216 228 221
f 224 229 228
f 224 225 229
f 226 230 225
f 225 230 229
f 197 198 231
f 197 231 232
f 197 232 199
f 231 198 233
f 198 207 233
f 233 207 234
f 231 233 235
f 231 235 236
f 233 234 237
f 233 237 235
f 199 232 238
f 207 210 234
f 231 236 232
f 235 237 239
f 235 239 240
f 237 241 239
f 235 240 236
f 199 238 226
f 232 242 238
f 232 236 242
f 226 238 243
f 226 243 230
f 221 119 118
f 221 244 119
f 244 121 119
f 244 122 121
f 244 245 122
f 245 123 122
f 245 124 123
f 221 228 246
f 221 246 244
f 244 247 245
f 244 246 247
f 228 248 246
f 228 229 248
f 229 230 249
f 229 249 248
f 209 250 210
f 222 108 135
f 222 135 223
f 223 135 136
f 223 136 251
f 251 136 137
f 251 137 138
f 251 138 139
f 251 139 252
f 252 139 140
f 220 223 227
f 227 223 253
f 227 253 250
f 209 227 250
f 250 254 210
f 250 253 255
f 250 255 254
f 254 255 256
f 223 251 253
f 251 257 253
f 253 257 255
f 251 252 257
f 252 258 257
f 257 258 259
f 255 259 256
f 255 257 259
f 259 260 256
f 237 234 261
f 234 210 262
f 210 254 262
f 234 262 261
f 261 262 263
f 262 264 263
f 237 261 241
f 261 265 241
f 239 241 266
f 241 265 267
f 241 267 266
f 266 267 268
f 267 269 268
f 239 270 240
f 261 263 265
f 265 271 272
f 265 263 271
f 239 266 270
f 266 273 270
f 265 272 267
f 266 268 273
f 267 272 269
f 263 274 271
f 272 275 269
f 272 271 276
f 272 276 275
f 276 277 275
f 262 254 264
f 254 256 264
f 238 278 243
f 238 242 278
f 264 256 279
f 263 264 274
f 264 279 274
f 274 279 280
f 256 260 279
f 279 260 281
f 279 281 280
f 280 281 282
f 236 240 283
f 236 283 242
f 240 284 283
f 240 270 284
f 270 273 285
f 270 285 284
f 242 283 286
f 242 286 278
f 283 287 286
f 283 284 287
f 274 288 271
f 271 288 276
f 274 280 288
f 288 280 289
f 288 289 290
f 276 288 290
f 276 290 277
f 290 291 277
f 284 285 292
f 284 292 287
f 290 293 291
f 280 282 289
f 289 294 293
f 282 294 289
f 290 289 293
f 293 295 291
f 293 296 295
f 293 294 296
f 296 297 295
f 252 140 141
f 252 141 142
f 142 143 298
f 252 142 298
f 299 125 124
f 245 299 124
f 299 159 125
f 299 160 159
f 299 162 160
f 300 163 162
f 300 164 163
f 299 300 162
f 301 168 167
f 302 165 164
f 300 302 164
f 302 166 165
f 301 167 166
f 298 144 150
f 298 143 144
f 298 150 303
f 303 150 152
f 303 152 151
f 304 151 153
f 304 153 154
f 304 154 155
f 303 151 304
f 301 169 168
f 302 301 166
f 305 157 158
f 306 155 148
f 306 148 156
f 306 156 157
f 305 158 179
f 304 155 306
f 305 179 307
f 245 308 299
f 245 247 308
f 246 309 247
f 299 310 300
f 299 308 310
f 247 311 308
f 246 248 309
f 248 249 312
f 248 312 309
f 247 309 311
f 309 312 313
f 252 298 258
f 298 314 258
f 258 314 315
f 298 303 314
f 303 304 316
f 303 316 314
f 258 315 259
f 259 315 260
f 315 317 260
f 314 318 315
f 319 170 169
f 319 172 170
f 319 173 172
f 301 319 169
f 320 174 173
f 320 175 174
f 321 179 183
f 322 176 175
f 322 177 176
f 322 180 177
f 319 320 173
f 320 322 175
f 308 311 323
f 309 313 311
f 300 324 302
f 300 310 324
f 308 323 310
f 302 325 301
f 302 324 325
f 310 326 324
f 301 327 319
f 310 323 326
f 311 313 328
f 311 328 323
f 301 325 327
f 324 329 325
f 324 326 329
f 323 330 326
f 323 328 330
f 305 331 157
f 306 157 331
f 307 179 332
f 305 307 333
f 332 179 334
f 305 333 331
f 307 332 335
f 334 179 336
f 334 336 337
f 332 334 338
f 307 335 333
f 315 318 317
f 304 339 316
f 304 306 339
f 314 316 318
f 306 331 340
f 306 340 339
f 316 339 341
f 316 341 318
f 318 342 317
f 318 341 342
f 339 343 341
f 341 344 342
f 321 345 179
f 345 346 179
f 347 181 180
f 347 182 181
f 347 183 182
f 346 348 179
f 321 183 349
f 322 347 180
f 348 336 179
f 321 350 345
f 345 351 346
f 347 349 183
f 321 349 350
f 334 337 352
f 346 353 348
f 337 336 354
f 348 355 336
f 332 338 335
f 334 352 338
f 345 350 351
f 337 354 352
f 346 351 353
f 348 353 355
f 336 355 354
f 339 340 343
f 319 356 320
f 319 327 356
f 325 357 327
f 320 358 322
f 322 359 347
f 320 356 358
f 325 329 357
f 326 360 329
f 326 330 360
f 331 333 361
f 331 361 340
f 333 335 362
f 333 362 361
f 340 361 363
f 335 338 364
f 335 364 362
f 340 363 343
f 341 343 344
f 343 365 344
f 343 363 365
f 347 366 349
f 322 358 359
f 361 362 367
f 349 368 350
f 347 359 366
f 361 367 363
f 363 369 365
f 230 243 370
f 230 370 249
f 243 371 370
f 243 278 371
f 371 372 370
f 249 370 373
f 249 373 312
f 370 372 373
f 260 317 281
f 312 373 374
f 373 372 375
f 278 286 376
f 278 376 371
f 286 377 376
f 371 376 378
f 286 287 377
f 287 292 379
f 287 379 377
f 376 377 380
f 377 379 381
f 377 381 380
f 371 378 372
f 376 380 378
f 372 378 382
f 372 382 375
f 312 374 313
f 313 374 383
f 313 383 328
f 373 375 374
f 374 375 384
f 374 384 383
f 281 317 385
f 317 342 385
f 281 385 282
f 282 385 386
f 385 387 386
f 385 342 387
f 342 344 387
f 386 387 388
f 387 344 389
f 387 389 388
f 388 389 390
f 282 386 294
f 294 386 391
f 294 391 296
f 386 388 391
f 296 391 392
f 296 392 297
f 378 393 382
f 378 380 393
f 380 381 394
f 380 394 393
f 394 395 393
f 388 396 391
f 391 396 392
f 392 397 297
f 392 396 398
f 392 398 397
f 398 399 397
f 388 390 396
f 396 400 398
f 396 390 400
f 398 401 399
f 398 400 401
f 328 383 402
f 328 402 330
f 383 403 402
f 383 384 403
f 403 404 402
f 344 365 389
f 389 365 405
f 389 405 390
f 390 405 406
f 365 369 405
f 375 382 407
f 375 407 384
f 382 408 407
f 384 407 409
f 407 410 409
f 382 393 408
f 393 395 408
f 408 410 407
f 384 409 403
f 390 406 400
f 408 395 411
f 408 411 410
f 410 411 412
f 403 409 413
f 409 414 413
f 403 413 404
f 404 413 415
f 413 416 415
f 410 414 409
f 410 412 414
f 414 412 417
f 413 414 416
f 338 352 418
f 338 418 364
f 362 364 419
f 350 420 351
f 351 421 353
f 352 354 422
f 352 422 418
f 354 355 423
f 353 424 355
f 364 418 425
f 363 367 369
f 362 419 367
f 367 426 369
f 364 425 419
f 367 419 426
f 354 423 422
f 401 400 427
f 401 428 399
f 401 429 428
f 428 429 430
f 405 369 431
f 369 426 431
f 431 426 432
f 405 431 406
f 406 431 433
f 433 431 432
f 433 432 434
f 400 406 427
f 406 433 427
f 427 433 435
f 427 435 429
f 401 427 429
f 429 436 430
f 436 437 430
f 429 435 436
f 435 433 434
f 435 438 436
f 414 417 416
f 416 417 439
f 416 439 440
f 436 441 437
f 441 442 437
f 435 434 438
f 434 443 438
f 438 444 441
f 436 438 441
f 441 445 442
f 445 446 442
f 441 444 445
f 445 447 446
f 447 448 446
f 268 269 449
f 268 449 450
f 268 450 273
f 269 275 451
f 449 269 451
f 451 275 452
f 275 277 452
f 449 451 453
f 451 454 453
f 449 455 450
f 449 453 455
f 451 452 454
f 452 456 454
f 452 457 456
f 453 454 458
f 454 456 459
f 454 459 458
f 453 458 460
f 458 459 461
f 273 450 462
f 273 462 285
f 452 277 457
f 453 460 455
f 450 455 463
f 450 463 462
f 455 464 463
f 285 462 465
f 285 465 292
f 292 465 466
f 462 463 467
f 462 467 465
f 458 468 460
f 455 460 464
f 458 461 468
f 459 456 469
f 459 469 470
f 459 470 461
f 277 291 457
f 291 295 471
f 457 291 471
f 456 457 472
f 457 471 472
f 456 472 469
f 471 473 472
f 471 474 473
f 472 473 475
f 295 297 474
f 471 295 474
f 465 467 476
f 463 477 467
f 473 474 478
f 473 478 479
f 474 297 480
f 474 480 478
f 478 480 481
f 480 482 481
f 478 481 483
f 481 484 485
f 472 475 469
f 469 475 486
f 473 479 475
f 475 479 487
f 469 486 470
f 461 470 488
f 461 488 489
f 470 486 490
f 470 490 488
f 460 468 491
f 461 489 468
f 475 487 486
f 486 487 492
f 486 492 490
f 487 479 493
f 487 494 492
f 463 464 477
f 460 491 464
f 467 477 495
f 464 496 477
f 464 491 496
f 468 497 491
f 468 489 497
f 491 498 496
f 491 497 498
f 487 493 494
f 494 493 499
f 478 483 479
f 479 483 493
f 481 485 483
f 483 485 500
f 485 501 502
f 483 500 493
f 493 500 499
f 500 503 499
f 500 485 502
f 500 502 503
f 502 504 503
f 502 505 504
f 488 490 506
f 488 507 489
f 488 506 507
f 490 492 508
f 490 508 506
f 492 494 509
f 492 509 508
f 506 508 510
f 508 511 510
f 506 512 507
f 506 510 512
f 508 509 511
f 509 513 511
f 510 511 514
f 511 513 515
f 489 516 497
f 489 507 516
f 497 517 498
f 497 516 517
f 507 518 516
f 507 512 518
f 510 519 512
f 512 520 518
f 494 499 521
f 509 494 521
f 509 521 513
f 513 521 522
f 513 522 523
f 499 503 524
f 499 524 521
f 524 503 525
f 503 504 525
f 525 504 526
f 521 524 522
f 524 527 522
f 522 527 528
f 516 518 529
f 516 529 517
f 518 530 529
f 524 525 527
f 525 531 527
f 527 531 532
f 525 526 531
f 531 526 533
f 531 533 534
f 510 514 519
f 511 515 514
f 514 515 535
f 512 519 520
f 514 536 519
f 514 535 536
f 513 523 515
f 515 523 537
f 515 537 535
f 522 528 523
f 519 536 538
f 523 528 539
f 523 539 537
f 528 540 539
f 518 520 530
f 519 538 520
f 520 541 530
f 520 538 541
f 527 532 528
f 531 534 532
f 528 532 540
f 532 542 540
f 532 534 542
f 534 543 542
f 530 541 544
f 535 537 545
f 537 539 546
f 535 547 536
f 536 548 538
f 539 540 549
f 540 542 550
f 542 543 551
f 537 546 545
f 539 549 546
f 535 545 547
f 536 547 548
f 540 550 549
f 542 551 550
f 545 546 552
f 545 552 547
f 546 549 552
f 553 541 538
f 541 554 544
f 548 553 538
f 553 554 541
f 547 552 548
f 554 555 544
f 292 466 379
f 379 556 381
f 379 466 556
f 465 476 466
f 467 495 476
f 466 476 557
f 466 557 556
f 476 558 557
f 381 559 394
f 556 559 381
f 394 559 560
f 556 557 561
f 556 561 559
f 297 397 480
f 480 397 482
f 397 399 482
f 482 399 562
f 481 482 484
f 484 482 562
f 484 563 501
f 484 562 563
f 394 560 395
f 399 428 562
f 557 564 561
f 559 561 565
f 559 565 560
f 561 566 565
f 565 567 568
f 477 569 495
f 476 495 558
f 477 496 569
f 569 570 495
f 496 571 569
f 496 498 571
f 557 558 564
f 495 570 558
f 484 501 485
f 569 571 572
f 558 570 573
f 569 572 570
f 570 572 574
f 501 505 502
f 570 574 573
f 561 564 566
f 558 573 564
f 564 575 566
f 566 567 565
f 564 573 575
f 573 574 576
f 573 576 575
f 566 575 577
f 395 578 411
f 560 578 395
f 411 579 412
f 578 579 411
f 560 568 578
f 560 565 568
f 578 568 580
f 498 581 571
f 571 582 572
f 498 517 581
f 571 581 582
f 572 583 574
f 572 582 583
f 574 583 584
f 517 585 581
f 517 529 585
f 529 586 585
f 581 587 582
f 581 585 587
f 585 588 587
f 582 589 583
f 582 587 589
f 587 590 589
f 574 584 576
f 529 530 586
f 585 586 588
f 587 588 590
f 530 544 586
f 586 544 591
f 586 591 588
f 588 592 590
f 591 592 588
f 544 555 591
f 504 505 593
f 504 593 526
f 526 593 594
f 526 594 533
f 594 595 533
f 533 595 596
f 595 597 598
f 534 533 596
f 595 598 596
f 534 596 543
f 596 598 599
f 543 596 599
f 598 600 599
f 598 601 600
f 597 601 598
f 601 602 603
f 601 603 600
f 543 604 551
f 549 550 552
f 550 551 552
f 543 599 604
f 605 599 600
f 606 600 603
f 604 599 605
f 605 600 606
f 548 552 553
f 551 604 552
f 553 552 554
f 554 552 555
f 555 552 607
f 604 605 552
f 605 606 552
f 606 608 552
f 608 609 552
f 607 552 610
f 610 552 611
f 611 552 612
f 591 555 607
f 607 610 592
f 606 603 608
f 608 613 609
f 609 614 552
f 552 614 615
f 552 615 616
f 552 616 617
f 552 617 618
f 552 618 619
f 552 620 612
f 552 621 620
f 552 622 621
f 552 623 622
f 552 624 623
f 552 625 624
f 608 603 613
f 609 613 626
f 614 626 627
f 552 619 628
f 552 628 629
f 552 630 631
f 552 629 632
f 552 632 630
f 609 626 614
f 614 627 615
f 615 633 616
f 552 631 625
f 616 634 617
f 617 635 618
f 618 636 619
f 619 637 628
f 562 638 563
f 563 639 640
f 562 428 638
f 638 428 430
f 638 430 641
f 563 638 639
f 638 641 639
f 639 642 643
f 639 641 642
f 642 641 644
f 642 645 646
f 642 644 645
f 501 640 505
f 501 563 640
f 639 643 640
f 640 643 647
f 505 640 647
f 505 647 593
f 647 648 593
f 643 649 647
f 647 649 648
f 649 650 648
f 649 651 650
f 651 652 650
f 566 577 567
f 642 646 643
f 643 646 649
f 575 576 653
f 577 654 567
f 575 653 577
f 577 653 655
f 577 655 654
f 649 646 651
f 655 656 654
f 646 657 651
f 646 645 657
f 657 658 659
f 657 659 651
f 651 659 652
f 659 660 652
f 659 661 660
f 661 662 660
f 659 658 661
f 661 663 662
f 662 663 664
f 430 437 641
f 641 437 644
f 568 665 580
f 578 580 579
f 579 666 667
f 579 580 666
f 580 668 666
f 666 669 670
f 412 667 417
f 412 579 667
f 417 667 671
f 417 671 439
f 671 672 439
f 666 670 667
f 670 671 667
f 644 437 442
f 644 442 673
f 644 673 645
f 645 673 674
f 657 645 674
f 674 675 658
f 674 673 676
f 674 676 675
f 439 672 677
f 673 442 446
f 676 446 448
f 673 446 676
f 670 678 671
f 670 679 678
f 671 678 672
f 672 678 680
f 681 680 678
f 672 680 682
f 680 683 682
f 680 684 683
f 568 567 665
f 580 665 668
f 567 654 665
f 665 685 668
f 666 668 669
f 665 654 685
f 685 686 668
f 654 656 685
f 685 656 687
f 657 674 658
f 670 669 679
f 668 686 669
f 669 688 679
f 675 689 658
f 661 658 689
f 679 690 681
f 685 687 686
f 686 687 691
f 686 691 688
f 686 688 669
f 661 689 663
f 688 691 692
f 690 692 693
f 679 688 690
f 681 690 694
f 688 692 690
f 679 681 678
f 681 684 680
f 664 663 695
f 664 695 696
f 675 697 689
f 676 448 698
f 698 448 699
f 698 699 700
f 676 698 675
f 675 698 697
f 697 698 700
f 697 701 702
f 683 703 704
f 683 705 703
f 697 700 701
f 706 701 707
f 701 708 707
f 700 708 701
f 703 709 710
f 707 711 712
f 713 707 712
f 710 714 715
f 712 716 717
f 715 718 716
f 689 702 663
f 689 697 702
f 695 702 706
f 702 701 706
f 719 706 713
f 663 702 695
f 695 719 696
f 719 720 696
f 690 693 694
f 694 693 721
f 694 721 722
f 719 723 720
f 723 724 720
f 695 706 719
f 719 713 723
f 722 721 725
f 722 725 726
f 726 725 727
f 726 727 728
f 681 694 684
f 722 705 684
f 683 684 705
f 706 707 713
f 726 709 705
f 703 705 709
f 710 709 714
f 694 722 684
f 722 726 705
f 726 728 709
f 729 730 724
f 723 717 729
f 723 729 724
f 728 727 731
f 729 732 730
f 732 731 730
f 728 731 732
f 713 712 717
f 713 717 723
f 728 714 709
f 729 717 718
f 732 718 714
f 715 714 718
f 716 718 717
f 728 732 714
f 729 718 732
f 593 648 594
f 594 648 733
f 733 648 650
f 733 650 734
f 650 652 734
f 734 652 735
f 594 733 595
f 733 597 595
f 583 736 584
f 583 589 736
f 589 737 736
f 736 738 739
f 733 734 597
f 597 734 740
f 740 734 735
f 740 735 741
f 597 740 601
f 740 741 602
f 576 742 653
f 576 584 742
f 742 743 653
f 653 743 655
f 655 744 656
f 655 743 744
f 584 739 742
f 736 739 584
f 742 739 745
f 742 745 743
f 743 746 744
f 743 745 746
f 739 747 745
f 745 748 746
f 652 660 735
f 735 660 749
f 750 741 751
f 735 749 741
f 749 751 741
f 749 752 751
f 751 753 754
f 751 752 753
f 753 755 756
f 753 756 757
f 756 758 759
f 749 660 662
f 760 687 656
f 744 760 656
f 760 761 687
f 662 664 752
f 749 662 752
f 752 664 755
f 761 762 691
f 744 746 763
f 746 764 763
f 763 765 766
f 744 763 760
f 760 766 761
f 760 763 766
f 753 752 755
f 756 755 767
f 766 768 769
f 769 770 771
f 769 762 761
f 766 769 761
f 769 771 762
f 771 772 762
f 590 592 773
f 589 590 737
f 736 737 738
f 590 773 737
f 737 774 738
f 737 773 774
f 740 602 601
f 602 741 750
f 602 613 603
f 602 750 613
f 613 750 626
f 739 738 747
f 738 774 775
f 738 775 747
f 747 776 748
f 747 775 776
f 748 776 777
f 591 607 592
f 610 773 592
f 611 774 773
f 612 775 774
f 610 611 773
f 611 612 774
f 612 620 775
f 620 776 775
f 615 627 633
f 621 777 776
f 622 778 777
f 620 621 776
f 621 622 777
f 622 623 778
f 623 624 779
f 624 625 780
f 745 747 748
f 750 751 754
f 626 750 754
f 626 754 627
f 627 754 757
f 627 757 633
f 753 757 754
f 748 777 764
f 777 778 764
f 778 765 764
f 778 779 765
f 633 757 759
f 633 759 634
f 781 635 634
f 756 759 757
f 759 758 781
f 759 781 634
f 779 768 765
f 780 770 768
f 779 780 768
f 781 782 635
f 635 782 636
f 783 784 770
f 780 783 770
f 616 633 634
f 623 779 778
f 624 780 779
f 617 634 635
f 618 635 636
f 625 783 780
f 625 631 783
f 630 785 631
f 628 786 629
f 630 632 787
f 629 788 632
f 619 636 637
f 631 785 783
f 628 637 786
f 630 787 785
f 629 786 788
f 632 788 787
f 746 748 764
f 763 764 765
f 766 765 768
f 769 768 770
f 771 770 784
f 687 761 691
f 762 692 691
f 762 772 692
f 781 758 789
f 789 790 782
f 755 696 767
f 755 664 696
f 767 696 720
f 767 720 791
f 791 720 724
f 791 724 792
f 792 730 793
f 756 767 758
f 758 767 791
f 758 791 789
f 771 784 794
f 794 795 796
f 771 794 772
f 794 797 772
f 794 796 797
f 796 798 797
f 791 792 789
f 792 790 789
f 790 793 799
f 790 799 800
f 801 796 802
f 799 803 804
f 801 805 803
f 801 798 796
f 792 793 790
f 801 803 806
f 801 806 798
f 799 807 803
f 799 793 807
f 803 807 806
f 781 789 782
f 790 800 782
f 636 782 800
f 636 800 637
f 795 784 785
f 783 785 784
f 795 785 787
f 800 804 637
f 804 786 637
f 802 787 788
f 795 787 802
f 799 804 800
f 803 805 804
f 804 805 786
f 805 788 786
f 802 788 805
f 794 784 795
f 796 795 802
f 801 802 805
f 692 772 693
f 797 721 693
f 772 797 693
f 797 798 721
f 721 798 725
f 792 724 730
f 806 727 725
f 798 806 725
f 793 730 731
f 807 731 727
f 806 807 727
f 793 731 807
f 327 808 356
f 327 357 808
f 329 809 357
f 329 360 809
f 356 810 358
f 349 366 368
f 358 811 359
f 356 808 810
f 357 812 808
f 357 809 812
f 358 810 811
f 808 813 810
f 808 812 813
f 330 814 360
f 330 402 814
f 402 404 814
f 360 814 815
f 360 815 809
f 404 816 814
f 814 816 815
f 816 817 815
f 809 815 818
f 809 818 812
f 404 415 816
f 350 368 420
f 359 819 366
f 351 420 421
f 366 820 368
f 419 821 426
f 359 811 819
f 810 822 811
f 810 813 822
f 366 819 820
f 811 823 819
f 353 421 424
f 355 424 423
f 418 422 824
f 422 423 825
f 418 824 425
f 419 425 821
f 425 826 821
f 422 825 824
f 368 827 420
f 420 828 421
f 368 820 827
f 425 824 826
f 824 829 826
f 420 827 828
f 811 822 823
f 819 830 820
f 819 823 830
f 423 424 831
f 421 832 424
f 423 831 825
f 421 828 832
f 824 825 829
f 424 832 831
f 825 831 833
f 825 833 829
f 820 834 827
f 820 830 834
f 827 835 828
f 827 834 835
f 831 832 836
f 831 836 833
f 828 837 832
f 828 835 837
f 832 837 836
f 812 818 838
f 812 838 813
f 815 817 818
f 817 839 818
f 818 839 838
f 839 840 838
f 426 821 432
f 432 821 841
f 434 432 841
f 434 841 443
f 443 841 842
f 443 842 843
f 821 826 841
f 841 826 842
f 816 415 844
f 415 440 844
f 816 844 817
f 844 845 817
f 844 846 845
f 415 416 440
f 844 440 846
f 440 439 677
f 440 677 846
f 817 845 839
f 443 444 438
f 445 444 847
f 443 843 444
f 444 843 847
f 846 677 848
f 846 849 845
f 846 848 849
f 849 848 850
f 849 850 851
f 839 845 852
f 845 849 852
f 839 852 840
f 852 851 853
f 840 852 853
f 840 853 854
f 852 849 851
f 813 855 822
f 813 838 855
f 822 855 856
f 822 856 823
f 823 856 857
f 823 857 830
f 838 840 855
f 840 854 855
f 855 854 856
f 854 858 856
f 826 829 842
f 829 859 842
f 843 842 859
f 843 859 860
f 847 861 447
f 445 847 447
f 447 862 448
f 447 861 862
f 851 850 863
f 862 699 448
f 862 864 699
f 864 865 699
f 847 843 860
f 847 860 861
f 853 866 854
f 853 867 866
f 861 868 862
f 860 869 861
f 869 868 861
f 866 870 871
f 851 867 853
f 851 863 867
f 862 868 864
f 867 863 872
f 867 872 870
f 867 870 866
f 873 874 865
f 868 875 876
f 864 868 876
f 871 877 878
f 876 879 873
f 864 876 873
f 864 873 865
f 870 872 880
f 870 880 877
f 877 880 881
f 871 870 877
f 877 882 878
f 873 882 874
f 882 881 874
f 873 879 882
f 877 881 882
f 829 833 859
f 859 833 883
f 856 858 857
f 860 859 883
f 860 883 869
f 884 885 857
f 858 884 857
f 830 857 885
f 830 885 834
f 834 885 886
f 833 836 883
f 883 836 887
f 869 883 887
f 884 888 885
f 869 887 875
f 875 889 890
f 834 886 835
f 836 837 887
f 835 889 837
f 835 886 889
f 837 889 887
f 885 888 886
f 875 887 889
f 886 890 889
f 888 890 886
f 854 866 858
f 866 871 858
f 871 884 858
f 871 878 884
f 869 875 868
f 884 878 888
f 876 875 890
f 888 878 879
f 876 890 879
f 882 879 878
f 888 879 890
f 677 682 848
f 672 682 677
f 848 704 850
f 682 704 848
f 682 683 704
f 704 891 850
f 891 863 850
f 700 699 865
f 700 865 708
f 892 872 863
f 891 892 863
f 704 703 891
f 891 703 710
f 891 710 892
f 892 710 715
f 708 874 711
f 708 865 874
f 893 880 872
f 892 893 872
f 893 894 880
f 711 874 881
f 711 881 894
f 707 708 711
f 892 715 893
f 893 715 716
f 712 711 894
f 893 716 894
f 712 894 716
f 880 894 881
f 895 896 897
f 897 898 899
f 898 900 901
f 902 903 900
f 904 905 906
f 904 907 905
f 906 905 896
f 907 908 905
f 896 905 897
f 908 909 905
f 910 902 911
f 912 911 913
f 914 913 915
f 912 913 914
f 914 915 916
f 917 918 916
f 905 919 920
f 905 921 919
f 922 920 923
f 897 905 898
f 898 905 900
f 902 900 905
f 902 905 911
f 911 905 913
f 913 905 915
f 917 916 915
f 917 924 918
f 909 925 905
f 925 926 905
f 905 926 927
f 905 927 928
f 905 928 929
f 905 929 930
f 917 915 905
f 917 905 924
f 931 905 922
f 924 905 931
f 905 930 932
f 905 932 933
f 905 933 934
f 922 905 920
f 905 935 936
f 905 934 937
f 905 937 938
f 905 938 935
f 924 931 939
f 931 922 940
f 933 941 934
f 937 934 942
f 924 939 918
f 931 940 939
f 922 923 940
f 918 939 943
f 918 943 944
f 943 945 946
f 939 940 945
f 939 945 943
f 940 923 947
f 940 947 945
f 947 923 948
f 945 947 949
f 947 948 950
f 945 949 946
f 947 950 949
f 949 950 951
f 950 952 951
f 952 953 951
f 952 954 953
f 953 954 955
f 956 957 958
f 957 959 958
f 956 958 960
f 958 959 961
f 959 962 963
f 956 960 964
f 957 895 959
f 895 962 959
f 964 960 965
f 895 899 962
f 962 899 966
f 964 965 967
f 967 968 969
f 967 965 968
f 962 966 970
f 966 971 972
f 958 973 960
f 960 974 965
f 965 975 968
f 961 963 976
f 963 977 976
f 961 976 978
f 966 972 970
f 979 972 971
f 959 963 961
f 958 961 973
f 962 970 963
f 960 973 974
f 963 970 977
f 970 972 980
f 972 981 980
f 961 978 973
f 970 980 977
f 973 978 982
f 973 982 974
f 965 974 975
f 968 975 983
f 979 981 972
f 979 984 985
f 979 985 981
f 974 986 975
f 974 982 986
f 975 987 983
f 975 986 987
f 980 988 977
f 980 981 989
f 981 990 989
f 985 991 992
f 981 985 990
f 985 992 990
f 991 993 992
f 976 977 994
f 976 995 978
f 994 977 988
f 976 994 995
f 978 996 982
f 980 989 988
f 995 996 978
f 982 996 997
f 982 997 986
f 986 998 987
f 986 997 998
f 987 998 999
f 956 906 957
f 956 964 904
f 895 897 899
f 957 896 895
f 964 967 907
f 967 969 908
f 956 904 906
f 957 906 896
f 964 907 904
f 967 908 907
f 908 969 909
f 898 901 899
f 900 903 901
f 909 969 1000
f 910 903 902
f 925 1000 1001
f 926 1001 1002
f 901 903 971
f 910 1003 903
f 910 1004 1003
f 966 899 901
f 966 901 971
f 969 1005 1000
f 968 1005 969
f 903 1003 971
f 1000 1006 1001
f 1000 1005 1006
f 1001 1006 1007
f 979 971 1003
f 1004 984 1003
f 910 912 1004
f 912 1008 1004
f 912 914 1008
f 1009 1008 914
f 1009 1010 1008
f 1001 1007 1002
f 1002 1007 1011
f 1002 1011 1012
f 1012 1011 1013
f 1004 1008 1014
f 968 983 1005
f 1005 1015 1006
f 1006 1016 1007
f 1007 1017 1011
f 1011 1018 1013
f 909 1000 925
f 925 1001 926
f 926 1002 927
f 927 1012 928
f 928 1019 929
f 910 911 912
f 927 1002 1012
f 928 1012 1019
f 929 1019 1020
f 929 1020 930
f 930 1021 932
f 933 932 1022
f 930 1020 1021
f 932 1021 1022
f 933 1022 941
f 934 941 942
f 1009 914 916
f 1009 916 944
f 918 944 916
f 1009 944 1023
f 944 943 1024
f 1012 1013 1019
f 1019 1025 1020
f 1019 1013 1025
f 1020 1026 1021
f 1020 1025 1026
f 1026 1025 1027
f 1022 1028 941
f 1021 1029 1022
f 1021 1026 1029
f 1022 1029 1028
f 1026 1030 1029
f 1028 1029 1031
f 1013 1032 1025
f 979 1003 984
f 1004 1014 984
f 984 1014 991
f 1014 1010 1033
f 1009 1023 1010
f 1008 1010 1014
f 1010 1023 1034
f 1010 1034 1033
f 1023 1035 1034
f 1034 1035 1036
f 1035 1037 1036
f 1005 983 1015
f 1006 1015 1016
f 985 984 991
f 1014 1033 991
f 983 1038 1015
f 983 987 1038
f 1015 1039 1016
f 1015 1038 1039
f 1007 1016 1017
f 1011 1017 1018
f 1017 1040 1018
f 1017 1016 1041
f 1016 1039 1041
f 1017 1041 1040
f 991 1033 993
f 1034 1042 1033
f 1033 1042 993
f 1038 1043 1039
f 1034 1036 1042
f 1041 1039 1044
f 1041 1045 1040
f 1041 1044 1045
f 944 1024 1023
f 943 946 1024
f 1024 1035 1023
f 1024 1046 1035
f 1024 946 1046
f 946 1047 1046
f 946 949 1047
f 949 951 1047
f 1026 1027 1030
f 1029 1030 1031
f 1030 1048 1031
f 1030 1049 1048
f 1047 1050 1046
f 1047 1051 1050
f 1035 1046 1037
f 1037 1046 1050
f 1047 951 1051
f 951 953 1051
f 1013 1018 1032
f 1025 1032 1027
f 1018 1052 1032
f 1018 1040 1052
f 1032 1053 1027
f 1032 1052 1053
f 1030 1027 1049
f 1027 1053 1049
f 1040 1054 1052
f 1040 1045 1054
f 1052 1054 1055
f 1052 1055 1053
f 1053 1056 1049
f 1053 1055 1056
f 987 999 1038
f 1038 999 1043
f 1039 1043 1044
f 993 1057 992
f 993 1058 1057
f 988 989 1059
f 994 988 1060
f 988 1059 1060
f 994 1060 1061
f 994 1061 995
f 989 1062 1059
f 1059 1062 1063
f 1059 1064 1060
f 1060 1065 1061
f 1059 1063 1064
f 1060 1064 1065
f 1062 1066 1063
f 1061 1065 1067
f 1066 1068 1063
f 1064 1063 1069
f 1064 1070 1065
f 990 1062 989
f 990 1071 1062
f 995 1072 996
f 995 1061 1072
f 996 1073 997
f 996 1072 1073
f 1071 1066 1062
f 1071 1057 1074
f 990 992 1071
f 992 1057 1071
f 1057 1058 1075
f 997 1073 1076
f 997 1076 998
f 998 1076 1077
f 1071 1074 1066
f 1074 1075 1078
f 1075 1058 1079
f 1057 1075 1074
f 1075 1079 1080
f 1061 1067 1072
f 1072 1081 1073
f 1073 1082 1076
f 1072 1067 1081
f 1066 1074 1083
f 1065 1084 1067
f 1067 1085 1081
f 1073 1081 1082
f 1076 1082 1086
f 1081 1087 1082
f 1063 1068 1069
f 1064 1069 1070
f 1066 1083 1068
f 1065 1070 1084
f 1068 1083 1088
f 1080 1079 1089
f 1074 1078 1083
f 1080 1090 1078
f 1067 1084 1085
f 1083 1078 1091
f 1091 1078 1090
f 1075 1080 1078
f 1080 1092 1090
f 1080 1089 1092
f 1092 1089 1093
f 1081 1085 1087
f 1087 1085 1094
f 1090 1092 1095
f 1092 1093 1096
f 1092 1096 1095
f 1042 1036 1097
f 1042 1058 993
f 1042 1097 1058
f 1097 1098 1099
f 1036 1098 1097
f 1037 1098 1036
f 1037 1100 1098
f 1100 1101 1098
f 1100 1102 1101
f 1098 1101 1099
f 1101 1102 1103
f 1037 1050 1100
f 1050 1104 1100
f 1050 1051 1104
f 1051 1105 1104
f 1104 1105 1106
f 953 1105 1051
f 953 955 1105
f 955 1107 1105
f 955 1108 1107
f 1105 1107 1106
f 1106 1107 1109
f 1107 1108 1110
f 1100 1104 1102
f 1054 1045 1111
f 1056 1055 1112
f 1054 1113 1055
f 1054 1111 1113
f 1055 1113 1112
f 1113 1111 1114
f 1104 1106 1102
f 1106 1115 1102
f 1113 1114 1116
f 1115 1117 1103
f 1107 1110 1109
f 1110 1118 1119
f 1106 1109 1115
f 1109 1119 1120
f 1102 1115 1103
f 1115 1120 1117
f 1115 1109 1120
f 1110 1119 1109
f 1119 1121 1120
f 1119 1118 1122
f 1119 1122 1121
f 998 1077 999
f 999 1123 1043
f 1097 1079 1058
f 999 1077 1123
f 1076 1086 1077
f 1077 1124 1123
f 1043 1125 1044
f 1043 1123 1125
f 1044 1125 1126
f 1125 1123 1127
f 1097 1099 1079
f 1099 1089 1079
f 1077 1086 1124
f 1101 1128 1099
f 1123 1124 1127
f 1125 1127 1129
f 1127 1124 1130
f 1082 1131 1086
f 1086 1132 1124
f 1044 1126 1045
f 1045 1126 1111
f 1125 1129 1126
f 1111 1126 1133
f 1126 1129 1133
f 1127 1134 1129
f 1111 1133 1114
f 1133 1129 1135
f 1114 1133 1136
f 1099 1128 1089
f 1128 1093 1089
f 1128 1137 1093
f 1101 1103 1128
f 1128 1103 1137
f 1103 1117 1137
f 1117 1138 1137
f 1117 1139 1138
f 1086 1131 1132
f 1082 1087 1131
f 1087 1140 1131
f 1131 1140 1141
f 1124 1132 1130
f 1130 1132 1142
f 1131 1141 1132
f 1132 1141 1142
f 1093 1137 1143
f 1096 1093 1143
f 1137 1138 1143
f 1141 1144 1145
f 1127 1130 1134
f 1129 1134 1135
f 1133 1135 1136
f 1134 1146 1135
f 1134 1147 1146
f 1135 1146 1148
f 1117 1120 1139
f 1139 1120 1121
f 1130 1142 1147
f 1130 1147 1134
f 1142 1149 1147
f 1141 1145 1142
f 1142 1145 1149
f 1146 1147 1150
f 1147 1149 1150
f 1151 1152 1153
f 1151 1154 1152
f 1151 1155 1154
f 905 1156 1157
f 905 1157 921
f 905 1158 1156
f 919 1159 920
f 1160 919 921
f 921 1157 1161
f 1157 1156 1152
f 1156 1158 1153
f 1158 936 1162
f 920 1159 923
f 1160 1159 919
f 1160 921 1161
f 905 936 1158
f 935 938 1163
f 937 1164 938
f 935 1165 936
f 935 1163 1165
f 938 1164 1163
f 1157 1152 1161
f 1156 1153 1152
f 1158 1162 1153
f 936 1165 1162
f 1159 948 923
f 1159 1166 948
f 1160 1167 1166
f 1160 1166 1159
f 948 1166 1168
f 1166 1167 1169
f 1163 1164 1170
f 1160 1161 1167
f 1161 1152 1154
f 1161 1154 1167
f 1162 1165 1171
f 1167 1154 1172
f 1163 1173 1165
f 1163 1170 1173
f 1165 1173 1171
f 1173 1170 1174
f 1151 1153 1175
f 1151 1175 1176
f 1175 1171 1177
f 1175 1153 1162
f 1175 1162 1171
f 1173 1178 1171
f 1155 1172 1154
f 1155 1179 1172
f 1155 1180 1179
f 1181 1179 1180
f 1181 1182 1179
f 1166 1169 1168
f 1168 1169 1183
f 1169 1184 1183
f 950 948 1168
f 950 1168 952
f 952 1168 1183
f 1167 1172 1169
f 1169 1172 1184
f 1172 1179 1184
f 1170 1185 1174
f 1185 1186 1174
f 1185 1187 1186
f 1183 1184 1188
f 952 1183 954
f 1183 1188 954
f 1184 1179 1182
f 1188 1184 1182
f 1175 1177 1176
f 1151 1176 1155
f 1155 1176 1180
f 1176 1189 1180
f 1176 1177 1189
f 1177 1190 1189
f 1177 1178 1190
f 1190 1178 1191
f 1189 1190 1192
f 1189 1192 1193
f 1189 1193 1180
f 1181 1180 1193
f 1190 1194 1192
f 1190 1191 1194
f 1194 1191 1195
f 1177 1171 1178
f 1174 1191 1178
f 1174 1186 1191
f 1173 1174 1178
f 1191 1186 1195
f 1186 1196 1195
f 1187 1196 1186
f 1187 1197 1196
f 1198 1199 1200
f 1198 1200 1201
f 1201 1200 1202
f 1181 1203 1182
f 1181 1204 1203
f 1188 1205 954
f 955 954 1205
f 1188 1206 1205
f 1206 1207 1205
f 1182 1203 1206
f 1188 1182 1206
f 1203 1208 1206
f 1205 1207 1108
f 1203 1209 1208
f 1208 1209 1210
f 1206 1208 1207
f 1208 1211 1207
f 1193 1192 1212
f 1193 1212 1204
f 1212 1213 1204
f 1181 1193 1204
f 1204 1209 1203
f 1192 1194 1198
f 1192 1198 1212
f 1194 1199 1198
f 1194 1195 1199
f 1198 1201 1212
f 1214 1199 1195
f 1214 1215 1216
f 1204 1213 1209
f 1213 1217 1209
f 1201 1213 1212
f 1201 1218 1213
f 1196 1197 1215
f 1197 1219 1215
f 1214 1195 1196
f 1214 1196 1215
f 1215 1219 1220
f 1216 1215 1220
f 1220 1221 1222
f 1220 1219 1221
f 1221 1223 1224
f 1207 1211 1225
f 1210 1226 1227
f 1208 1210 1211
f 1211 1227 1228
f 1210 1227 1211
f 1227 1226 1229
f 1213 1218 1217
f 1217 1218 1230
f 1217 1230 1226
f 1201 1202 1218
f 1218 1231 1230
f 1202 1231 1218
f 1231 1232 1233
f 1231 1233 1230
f 1230 1233 1234
f 1217 1210 1209
f 1217 1226 1210
f 1221 1224 1222
f 1224 1235 1236
f 1230 1234 1226
f 1226 1234 1229
f 1199 1237 1200
f 1200 1237 1238
f 1237 1216 1239
f 1202 1200 1238
f 1237 1239 1238
f 1202 1238 1240
f 1202 1240 1231
f 1241 1240 1238
f 1241 1238 1239
f 1241 1239 1242
f 1242 1239 1243
f 1242 1243 1244
f 1240 1245 1232
f 1246 1241 1242
f 1246 1245 1241
f 1241 1245 1240
f 1247 1242 1244
f 1246 1242 1247
f 1247 1244 1248
f 1214 1237 1199
f 1214 1216 1237
f 1216 1220 1243
f 1216 1243 1239
f 1243 1220 1222
f 1243 1222 1244
f 1244 1222 1249
f 1231 1240 1232
f 1244 1249 1248
f 1248 1249 1250
f 1224 1249 1222
f 1224 1236 1249
f 1249 1236 1250
f 1251 1252 1236
f 1250 1236 1252
f 937 942 1164
f 941 1253 942
f 941 1028 1253
f 942 1253 1254
f 942 1254 1164
f 1164 1254 1170
f 1028 1255 1253
f 1254 1253 1256
f 1254 1185 1170
f 1256 1253 1255
f 1256 1255 1257
f 1257 1255 1258
f 1028 1031 1255
f 1255 1031 1258
f 1031 1048 1258
f 1254 1256 1185
f 1185 1256 1187
f 1256 1257 1187
f 1049 1259 1048
f 1258 1048 1260
f 1048 1259 1260
f 1257 1258 1261
f 1187 1257 1197
f 1261 1258 1260
f 1257 1261 1197
f 1049 1056 1259
f 955 1205 1108
f 1259 1262 1263
f 1261 1260 1264
f 1259 1263 1260
f 1260 1263 1264
f 1263 1262 1265
f 1207 1225 1108
f 1263 1265 1223
f 1265 1266 1267
f 1056 1262 1259
f 1056 1112 1262
f 1262 1112 1266
f 1113 1116 1112
f 1112 1116 1266
f 1116 1114 1268
f 1265 1262 1266
f 1116 1269 1266
f 1261 1219 1197
f 1261 1264 1219
f 1264 1263 1223
f 1219 1264 1221
f 1264 1223 1221
f 1265 1235 1223
f 1110 1108 1225
f 1225 1228 1118
f 1225 1211 1228
f 1110 1225 1118
f 1228 1270 1118
f 1228 1271 1270
f 1227 1271 1228
f 1227 1229 1271
f 1114 1136 1268
f 1266 1269 1267
f 1116 1268 1269
f 1272 1268 1273
f 1269 1268 1272
f 1122 1118 1270
f 1274 1273 1275
f 1265 1267 1235
f 1267 1251 1235
f 1267 1276 1251
f 1224 1223 1235
f 1235 1251 1236
f 1276 1277 1251
f 1276 1278 1277
f 1269 1276 1267
f 1269 1272 1276
f 1276 1272 1278
f 1272 1274 1278
f 1272 1273 1274
f 1135 1148 1136
f 1268 1136 1273
f 1136 1148 1273
f 1146 1279 1148
f 1146 1150 1279
f 1148 1275 1273
f 1148 1279 1275
f 1251 1277 1252
f 1096 1143 1280
f 1122 1270 1281
f 1122 1282 1121
f 1122 1281 1282
f 1281 1283 1284
f 1139 1285 1138
f 1139 1286 1285
f 1138 1287 1143
f 1143 1287 1280
f 1287 1285 1288
f 1138 1285 1287
f 1286 1289 1285
f 1290 1291 1289
f 1285 1289 1288
f 1289 1291 1292
f 1139 1121 1286
f 1121 1282 1286
f 1282 1290 1286
f 1281 1284 1282
f 1282 1284 1290
f 1284 1293 1290
f 1284 1283 1294
f 1284 1294 1293
f 1145 1295 1296
f 1145 1296 1149
f 1149 1296 1297
f 1286 1290 1289
f 1290 1293 1291
f 1291 1293 1298
f 1298 1293 1299
f 1294 1299 1293
f 1294 1300 1299
f 1298 1299 1301
f 1299 1302 1301
f 1299 1300 1302
f 1303 1304 1305
f 1306 1307 1308
f 1301 1309 1310
f 1311 1310 1312
f 1302 1313 1309
f 1302 1309 1301
f 1309 1314 1310
f 1315 1304 1303
f 1303 1305 1308
f 1305 1306 1308
f 1311 1312 1306
f 1315 1316 1317
f 1312 1310 1314
f 1306 1312 1307
f 1316 1318 1319
f 1320 1318 1321
f 1233 1322 1323
f 1234 1323 1324
f 1234 1324 1229
f 1323 1325 1324
f 1233 1323 1234
f 1322 1326 1323
f 1323 1326 1325
f 1326 1327 1328
f 1326 1328 1325
f 1232 1245 1329
f 1246 1330 1245
f 1245 1330 1329
f 1330 1331 1329
f 1331 1332 1333
f 1246 1247 1334
f 1247 1335 1334
f 1336 1334 1335
f 1336 1337 1334
f 1336 1335 1338
f 1336 1339 1337
f 1336 1340 1339
f 1246 1334 1330
f 1247 1248 1335
f 1330 1334 1337
f 1335 1341 1338
f 1248 1341 1335
f 1330 1337 1331
f 1337 1339 1332
f 1337 1332 1331
f 1341 1342 1338
f 1339 1340 1343
f 1339 1344 1332
f 1332 1344 1345
f 1339 1343 1344
f 1344 1343 1346
f 1344 1346 1347
f 1233 1232 1322
f 1232 1329 1322
f 1329 1348 1322
f 1322 1348 1326
f 1348 1327 1326
f 1348 1333 1327
f 1329 1331 1348
f 1331 1333 1348
f 1250 1252 1349
f 1252 1350 1349
f 1248 1250 1341
f 1250 1349 1341
f 1341 1349 1342
f 1342 1351 1352
f 1353 1352 1351
f 1342 1349 1351
f 1350 1351 1349
f 1350 1354 1351
f 1353 1351 1354
f 1353 1354 1355
f 1333 1332 1345
f 1333 1356 1327
f 1333 1345 1356
f 1345 1357 1356
f 1327 1356 1358
f 1328 1327 1358
f 1356 1359 1358
f 1356 1357 1359
f 1344 1347 1345
f 1345 1347 1357
f 1353 1355 1360
f 1355 1361 1360
f 1346 1362 1363
f 1357 1364 1365
f 1357 1365 1359
f 1365 1364 1366
f 1365 1366 1367
f 1367 1366 1368
f 1347 1364 1357
f 1347 1363 1364
f 1363 1369 1364
f 1346 1363 1347
f 1363 1362 1370
f 1363 1370 1369
f 1370 1371 1369
f 1370 1372 1371
f 1364 1369 1366
f 1369 1373 1366
f 1366 1373 1368
f 1369 1371 1373
f 1373 16 15
f 1373 15 1368
f 1368 15 12
f 1373 1371 18
f 1371 19 18
f 1371 1374 19
f 1374 20 19
f 1373 17 16
f 1373 18 17
f 1270 1271 1375
f 1229 1376 1271
f 1271 1376 1375
f 1376 1377 1375
f 1376 1378 1377
f 1377 1378 1379
f 1270 1375 1281
f 1281 1375 1283
f 1375 1377 1283
f 1377 1380 1283
f 1377 1379 1380
f 1229 1324 1376
f 1324 1378 1376
f 1324 1325 1378
f 1325 1381 1378
f 1378 1381 1379
f 1325 1328 1381
f 1274 1275 1382
f 1274 1383 1278
f 1383 1382 1384
f 1274 1382 1383
f 1384 1382 1385
f 1379 1386 1380
f 1379 1387 1386
f 1387 1388 1386
f 1381 1389 1387
f 1328 1389 1381
f 1328 1358 1389
f 1389 1358 1390
f 1389 1390 1391
f 1379 1381 1387
f 1389 1391 1387
f 1387 1391 1388
f 1279 1150 1392
f 1275 1279 1393
f 1279 1392 1393
f 1294 1283 1380
f 1149 1297 1150
f 1150 1297 1392
f 1296 1394 1297
f 1392 1297 1395
f 1296 1396 1394
f 1394 1396 1397
f 1297 1394 1395
f 1394 1398 1395
f 1394 1397 1398
f 1275 1393 1382
f 1392 1399 1393
f 1393 1385 1382
f 1393 1399 1385
f 1392 1395 1399
f 1399 1395 1400
f 1385 1399 1401
f 1399 1400 1401
f 1400 1395 1398
f 1380 1386 1300
f 1294 1380 1300
f 1386 1402 1300
f 1386 1388 1402
f 1302 1300 1402
f 1397 1403 1398
f 1400 1398 1404
f 1404 1398 1403
f 1404 1403 1405
f 1403 1406 1405
f 1252 1277 1350
f 1277 1407 1350
f 1278 1407 1277
f 1278 1383 1407
f 1383 1408 1407
f 1350 1407 1354
f 1354 1407 1408
f 1408 1384 1409
f 1383 1384 1408
f 1410 1385 1401
f 1384 1385 1410
f 1384 1410 1409
f 1354 1408 1355
f 1355 1408 1409
f 1390 1358 1359
f 1410 1401 1411
f 1411 1412 1413
f 1410 1414 1409
f 1355 1409 1361
f 1361 1409 1414
f 1361 1414 1415
f 1414 1416 1415
f 1410 1411 1414
f 1411 1416 1414
f 1411 1413 1416
f 1400 1412 1401
f 1400 1404 1412
f 1411 1401 1412
f 1404 1417 1412
f 1404 1405 1417
f 1413 1412 1417
f 1390 1418 1419
f 1391 1419 1420
f 1391 1420 1388
f 1420 1421 1422
f 1390 1419 1391
f 1420 1419 1423
f 1420 1423 1421
f 1421 1424 1425
f 1426 1425 1424
f 1419 1427 1423
f 1421 1428 1424
f 1421 1423 1428
f 1429 1430 1431
f 1432 1307 1433
f 1432 1434 1435
f 1433 1430 1429
f 1432 35 1434
f 1426 1424 29
f 1426 29 1436
f 1426 1436 1431
f 1429 1431 1436
f 1432 1433 35
f 1433 1429 35
f 1402 1422 1313
f 1388 1422 1402
f 1420 1422 1388
f 1422 1425 1313
f 1312 1430 1307
f 1312 1314 1430
f 1314 1437 1431
f 1314 1431 1430
f 1426 1437 1425
f 1426 1431 1437
f 1425 1437 1313
f 1302 1402 1313
f 1309 1313 1437
f 1309 1437 1314
f 1438 1321 1439
f 1440 1441 1442
f 1440 1439 1441
f 1443 1444 1442
f 1421 1425 1422
f 1406 1445 1446
f 1445 1447 1446
f 1448 1449 1447
f 1441 1443 1442
f 1450 1444 1443
f 1450 1451 1444
f 1451 1452 1453
f 1450 1452 1451
f 1453 1449 1448
f 1303 1308 1435
f 1315 1303 1434
f 1315 1454 1316
f 1316 1455 1318
f 1432 1308 1307
f 1433 1307 1430
f 1303 1435 1434
f 1315 1434 1454
f 1432 1435 1308
f 1316 1454 1455
f 1318 1456 1321
f 1318 1455 1456
f 1434 35 1454
f 1321 1456 1457
f 1321 1457 1439
f 1439 37 1441
f 1454 35 1455
f 1439 1457 37
f 1455 35 1456
f 1456 35 1457
f 1441 37 36
f 1441 36 38
f 1441 38 40
f 1441 40 1443
f 1390 1359 1418
f 1359 1365 1418
f 1419 1418 1427
f 1365 1367 1418
f 1367 1427 1418
f 1423 1427 1458
f 1423 1458 1428
f 1459 1458 1427
f 1367 1459 1427
f 1367 1368 1459
f 1413 1417 1460
f 1460 1461 1462
f 1416 1413 1463
f 1413 1460 1463
f 1460 1464 1463
f 1462 1461 1465
f 1466 1465 1467
f 1468 1466 1467
f 1460 1462 1464
f 1462 1465 1469
f 1466 1469 1465
f 1458 32 1428
f 1428 34 28
f 1428 32 33
f 1428 33 34
f 1459 31 1458
f 1459 13 8
f 1459 8 31
f 1458 31 30
f 1458 30 32
f 1424 1428 28
f 1424 27 29
f 1424 6 27
f 1424 28 6
f 1436 29 26
f 1436 26 35
f 1429 1436 35
f 1470 56 1471
f 1470 52 53
f 1459 1368 14
f 14 13 1459
f 1368 11 14
f 1368 12 11
f 1471 56 55
f 1470 54 56
f 1468 1471 57
f 1471 55 57
f 1470 53 54
f 1468 59 1466
f 1468 57 58
f 1468 58 59
f 1466 59 60
f 1466 50 49
f 1466 60 50
f 1466 85 1469
f 1466 49 85
f 1417 1405 1461
f 1405 1472 1461
f 1467 1472 1446
f 1453 1452 1470
f 1467 1465 1472
f 1468 1473 1471
f 1468 1467 1473
f 1467 1446 1473
f 1449 1471 1473
f 1449 1470 1471
f 1406 1472 1405
f 1406 1446 1472
f 1447 1473 1446
f 1447 1449 1473
f 1453 1470 1449
f 1460 1417 1461
f 1472 1465 1461
f 1450 45 1452
f 1457 35 37
f 1443 40 41
f 1443 41 42
f 1443 42 43
f 1450 43 44
f 1450 44 45
f 1450 1443 43
f 1470 1452 52
f 1452 45 46
f 46 47 1452
f 1452 47 52
f 1068 1474 1069
f 1068 1088 1474
f 1069 1474 1475
f 1069 1475 1070
f 1083 1091 1088
f 1070 1475 1476
f 1088 1477 1474
f 1088 1478 1477
f 1091 1478 1088
f 1475 1474 1479
f 1475 1480 1476
f 1091 1481 1478
f 1475 1479 1480
f 1474 1477 1479
f 1070 1476 1084
f 1084 1482 1085
f 1084 1476 1482
f 1085 1482 1094
f 1091 1090 1481
f 1481 1090 1095
f 1476 1483 1482
f 1476 1480 1483
f 1094 1482 1484
f 1482 1483 1484
f 1087 1094 1140
f 1094 1485 1140
f 1094 1484 1485
f 1141 1140 1144
f 1140 1485 1144
f 1481 1486 1478
f 1477 1478 1487
f 1478 1486 1487
f 1477 1487 1488
f 1486 1489 1487
f 1477 1488 1479
f 1479 1490 1480
f 1481 1491 1486
f 1479 1488 1490
f 1491 1492 1486
f 1487 1493 1488
f 1488 1494 1490
f 1486 1492 1489
f 1491 1495 1492
f 1488 1493 1494
f 1492 1495 1496
f 1096 1497 1095
f 1481 1095 1491
f 1095 1497 1491
f 1096 1280 1497
f 1280 1287 1498
f 1483 1499 1484
f 1280 1500 1497
f 1280 1498 1500
f 1480 1501 1483
f 1480 1490 1501
f 1491 1497 1495
f 1501 1490 1502
f 1483 1501 1499
f 1501 1503 1499
f 1495 1497 1500
f 1490 1494 1502
f 1495 1500 1504
f 1500 1505 1504
f 1498 1505 1500
f 1498 1506 1505
f 1501 1502 1503
f 1502 1507 1503
f 1506 1508 1505
f 1506 1509 1508
f 1508 1509 1510
f 1509 1511 1510
f 1487 1489 1493
f 1492 1512 1489
f 1489 1513 1493
f 1492 1496 1512
f 1489 1512 1513
f 1495 1504 1496
f 1494 1493 1514
f 1493 1513 1514
f 1494 1515 1502
f 1494 1514 1515
f 1502 1515 1507
f 1496 1516 1512
f 1504 1517 1496
f 1513 1518 1514
f 1504 1519 1517
f 1519 1520 1517
f 1519 1521 1520
f 1513 1512 1522
f 1496 1517 1516
f 1512 1516 1522
f 1513 1522 1518
f 1517 1523 1516
f 1517 1520 1523
f 1516 1524 1522
f 1516 1523 1524
f 1522 1524 1525
f 1504 1505 1519
f 1505 1508 1519
f 1514 1526 1515
f 1514 1518 1526
f 1515 1526 1527
f 1508 1521 1519
f 1508 1510 1521
f 1522 1525 1518
f 1518 1525 1528
f 1518 1528 1526
f 1484 1499 1529
f 1485 1484 1529
f 1485 1530 1144
f 1485 1529 1530
f 1530 1529 1531
f 1498 1287 1288
f 1289 1292 1288
f 1498 1288 1506
f 1288 1292 1506
f 1529 1499 1532
f 1499 1503 1532
f 1532 1503 1533
f 1503 1507 1533
f 1529 1532 1531
f 1532 1534 1531
f 1532 1533 1534
f 1144 1295 1145
f 1144 1530 1295
f 1530 1535 1295
f 1296 1295 1396
f 1530 1531 1535
f 1535 1531 1536
f 1295 1535 1396
f 1535 1537 1396
f 1535 1536 1537
f 1531 1534 1536
f 1292 1509 1506
f 1292 1538 1509
f 1291 1538 1292
f 1291 1298 1538
f 1298 1301 1539
f 1298 1539 1538
f 1509 1538 1511
f 1538 1539 1511
f 1533 1540 1534
f 1534 1540 1541
f 1536 1534 1541
f 1536 1541 1542
f 1540 1543 1544
f 1540 1544 1541
f 1515 1527 1507
f 1507 1527 1545
f 1533 1507 1545
f 1533 1545 1540
f 1526 1546 1527
f 1526 1528 1546
f 1527 1547 1545
f 1527 1546 1547
f 1540 1545 1543
f 1543 1545 1547
f 1304 1317 1548
f 1510 1549 1521
f 1521 1549 1548
f 1548 1317 1550
f 1304 1548 1549
f 1510 1551 1549
f 1550 1319 1552
f 1550 1317 1319
f 1520 1521 1548
f 1520 1548 1550
f 1523 1520 1550
f 1523 1550 1552
f 1523 1552 1524
f 1524 1552 1553
f 1524 1553 1525
f 1525 1553 1554
f 1525 1554 1528
f 1305 1549 1551
f 1311 1539 1310
f 1311 1306 1551
f 1311 1511 1539
f 1304 1549 1305
f 1305 1551 1306
f 1315 1317 1304
f 1316 1319 1317
f 1510 1511 1551
f 1311 1551 1511
f 1320 1553 1552
f 1438 1554 1553
f 1320 1552 1319
f 1320 1438 1553
f 1301 1310 1539
f 1320 1319 1318
f 1438 1440 1554
f 1320 1321 1438
f 1440 1442 1555
f 1440 1555 1554
f 1546 1555 1556
f 1555 1442 1556
f 1547 1556 1557
f 1543 1547 1557
f 1528 1555 1546
f 1528 1554 1555
f 1546 1556 1547
f 1396 1537 1397
f 1536 1542 1537
f 1537 1558 1397
f 1537 1542 1558
f 1558 1542 1445
f 1445 1542 1559
f 1541 1544 1559
f 1541 1559 1542
f 1397 1558 1403
f 1558 1406 1403
f 1558 1445 1406
f 1556 1444 1557
f 1448 1559 1544
f 1448 1544 1560
f 1451 1560 1557
f 1438 1439 1440
f 1556 1442 1444
f 1444 1451 1557
f 1543 1560 1544
f 1543 1557 1560
f 1445 1559 1447
f 1448 1447 1559
f 1453 1448 1560
f 1451 1453 1560
f 1338 1561 1340
f 1336 1338 1340
f 1342 1561 1338
f 1342 1352 1561
f 1340 1561 1562
f 1340 1562 1343
f 1561 1563 1562
f 1561 1352 1563
f 1562 1564 1343
f 1562 1565 1564
f 1562 1563 1565
f 1563 1352 1566
f 1346 1343 1564
f 1566 1360 1567
f 1565 1563 1568
f 1563 1566 1568
f 1568 1566 1567
f 1353 1566 1352
f 1353 1360 1566
f 1360 1569 1567
f 1361 1569 1360
f 1361 1415 1569
f 1565 1570 1564
f 1565 1571 1570
f 1346 1564 1362
f 1564 1570 1362
f 1570 1572 1362
f 1570 1571 1573
f 1570 1573 1572
f 1574 1575 1573
f 1565 1568 1571
f 1568 1576 1571
f 1568 1567 1576
f 1571 1576 1574
f 1576 1577 1574
f 1567 1578 1576
f 1576 1578 1577
f 1571 1574 1573
f 1574 1577 1579
f 1577 1578 1580
f 1574 1579 1575
f 1577 1581 1579
f 1577 1580 1581
f 1370 1362 1572
f 1572 1582 1372
f 1370 1572 1372
f 1572 1573 1582
f 1573 1575 1582
f 1569 1415 1583
f 1583 1584 1585
f 1415 1584 1583
f 1584 1586 1585
f 1586 1587 1585
f 1586 1588 1587
f 1569 1578 1567
f 1578 1583 1580
f 1569 1583 1578
f 1580 1589 1581
f 1580 1583 1585
f 1580 1585 1589
f 1589 1585 1587
f 1582 1590 1372
f 1582 1591 1590
f 1592 20 1591
f 1575 1591 1582
f 1575 1579 1592
f 1575 1592 1591
f 1592 1593 20
f 1593 1594 20
f 1594 1595 20
f 1371 1372 1374
f 1372 1590 1374
f 1590 20 1374
f 1591 20 1590
f 1595 70 20
f 1588 87 86
f 1587 79 72
f 1587 88 79
f 1587 1588 88
f 1588 86 88
f 1579 1581 1593
f 1581 1589 1594
f 1592 1579 1593
f 1581 1594 1593
f 1594 1589 1595
f 1589 1587 1595
f 1587 72 1595
f 1595 72 70
f 1416 1584 1415
f 1584 1463 1586
f 1416 1463 1584
f 1588 1464 1596
f 1586 1463 1464
f 1462 1596 1464
f 1462 1469 1596
f 1586 1464 1588
f 1596 82 81
f 1596 83 82
f 1469 84 83
f 1469 85 84
f 1596 1469 83
f 1588 81 87
f 1588 1596 81
f 1597 1598 1599
f 1600 1597 1599
f 1601 1602 1603
f 1602 1604 1605
f 1601 1606 1599
f 1606 1600 1599
f 1601 1599 1602
f 1604 1607 1608
f 1604 1609 1605
f 1604 1610 1609
f 1604 1608 1610
f 1604 1611 1612
f 1604 1612 1607
f 1604 1613 1614
f 1604 1615 1613
f 1604 1616 1615
f 1604 1614 1611
f 1602 1599 1604
f 1604 1599 1616
f 1597 1617 1598
f 1600 1618 1597
f 1606 1619 1600
f 1601 1620 1606
f 1601 1621 1622
f 1601 1603 1623
f 1602 1624 1603
f 1601 1625 1621
f 1601 1623 1625
f 1602 1626 1627
f 1602 1627 1628
f 1602 1628 1629
f 1602 1629 1630
f 1602 1630 1624
f 1602 1605 1626
f 1622 1621 1631
f 1622 1632 1633
f 1622 1631 1632
f 1622 1633 1634
f 1635 1634 1636
f 1635 1636 1637
f 1635 1637 1638
f 1635 1638 1639
f 1635 1639 1640
f 1635 1640 1641
f 1635 1641 1642
f 1635 1642 1643
f 1644 1645 1646
f 1647 1643 1648
f 1647 1648 1649
f 1647 1649 1650
f 1647 1651 1652
f 1647 1650 1651
f 1647 1652 1653
f 1647 1653 1654
f 1647 1654 1655
f 1647 1655 1656
f 1644 1656 1645
f 1600 1619 1618
f 1597 1618 1617
f 1606 1620 1619
f 1601 1622 1620
f 1622 1634 1635
f 1635 1643 1647
f 1647 1656 1644
f 1619 1657 1618
f 1618 1658 1617
f 1620 1659 1619
f 1618 1657 1658
f 1619 1659 1657
f 1622 1660 1620
f 1622 1635 1661
f 1635 1647 1662
f 1647 1644 1663
f 1620 1660 1659
f 1622 1661 1660
f 1635 1662 1661
f 1657 1664 1658
f 1660 1664 1659
f 1657 1659 1664
f 1647 1663 1662
f 1663 1644 1665
f 1661 1664 1660
f 1661 1662 1664
f 1663 1664 1662
f 1663 1665 1664
f 1599 1666 1616
f 1667 1666 1599
f 1667 1668 1666
f 1667 1599 1669
f 1669 1599 1670
f 1670 1599 1671
f 1671 1599 1672
f 1672 1599 1673
f 1674 1675 1668
f 1667 1674 1668
f 1667 1669 1676
f 1644 1677 1678
f 1644 1679 1680
f 1644 1681 1679
f 1644 1646 1681
f 1644 1680 1677
f 1674 1682 1683
f 1674 1678 1682
f 1674 1684 1675
f 1674 1683 1684
f 1669 1670 1685
f 1670 1671 1686
f 1671 1672 1687
f 1672 1673 1688
f 1644 1678 1674
f 1667 1676 1674
f 1669 1685 1676
f 1670 1686 1685
f 1671 1687 1686
f 1672 1688 1687
f 1688 1673 1689
f 1644 1674 1665
f 1674 1676 1690
f 1676 1685 1691
f 1685 1686 1692
f 1674 1690 1665
f 1676 1691 1690
f 1665 1690 1664
f 1690 1691 1664
f 1691 1692 1664
f 1692 1693 1664
f 1685 1692 1691
f 1686 1693 1692
f 1693 1694 1664
f 1694 1695 1664
f 1695 1696 1664
f 1686 1687 1693
f 1694 1687 1688
f 1688 1689 1695
f 1693 1687 1694
f 1694 1688 1695
f 1695 1689 1696
f 1598 1697 1599
f 1697 1698 1599
f 1698 1699 1599
f 1699 1700 1599
f 1700 1701 1599
f 1701 1702 1703
f 1701 1703 1599
f 1599 1703 1704
f 1598 1705 1697
f 1697 1706 1698
f 1698 1707 1699
f 1699 1708 1700
f 1700 1709 1701
f 1701 1710 1702
f 1710 1711 1702
f 1710 1712 1711
f 1710 1713 1712
f 1710 1714 1713
f 1710 1715 1714
f 1716 1717 1715
f 1716 1718 1717
f 1716 1719 1718
f 1716 1720 1719
f 1716 1721 1720
f 1598 1617 1705
f 1697 1705 1706
f 1698 1706 1707
f 1699 1707 1708
f 1700 1708 1709
f 1701 1709 1710
f 1710 1716 1715
f 1617 1722 1705
f 1705 1723 1706
f 1706 1724 1707
f 1617 1658 1722
f 1705 1722 1723
f 1706 1723 1724
f 1725 1708 1707
f 1726 1709 1708
f 1709 1727 1710
f 1710 1728 1716
f 1724 1725 1707
f 1725 1726 1708
f 1658 1664 1722
f 1722 1664 1723
f 1723 1664 1724
f 1726 1727 1709
f 1710 1727 1728
f 1724 1664 1725
f 1725 1664 1726
f 1726 1664 1727
f 1727 1664 1728
f 1599 1704 1729
f 1599 1729 1730
f 1729 1704 1731
f 1729 1731 1732
f 1729 1732 1733
f 1729 1733 1734
f 1729 1734 1735
f 1729 1735 1736
f 1729 1736 1737
f 1729 1737 1738
f 1729 1738 1739
f 1729 1739 1740
f 1599 1730 1741
f 1599 1742 1743
f 1599 1741 1742
f 1729 1740 1730
f 1730 1744 1741
f 1599 1743 1745
f 1599 1745 1673
f 1730 1740 1746
f 1730 1747 1748
f 1730 1746 1747
f 1730 1748 1749
f 1730 1749 1750
f 1730 1750 1751
f 1730 1751 1744
f 1741 1744 1752
f 1741 1752 1753
f 1741 1753 1754
f 1716 1755 1721
f 1716 1756 1755
f 1757 1758 1756
f 1757 1759 1758
f 1757 1760 1759
f 1757 1761 1760
f 1757 1762 1761
f 1757 1763 1762
f 1757 1764 1763
f 1757 1765 1764
f 1757 1766 1765
f 1767 1768 1766
f 1767 1769 1768
f 1767 1770 1769
f 1767 1771 1770
f 1767 1772 1771
f 1767 1773 1772
f 1774 1754 1775
f 1767 1776 1773
f 1767 1777 1776
f 1774 1778 1777
f 1774 1779 1778
f 1774 1775 1779
f 1742 1741 1780
f 1743 1742 1781
f 1745 1743 1782
f 1673 1745 1689
f 1741 1754 1774
f 1716 1757 1756
f 1757 1767 1766
f 1767 1774 1777
f 1741 1774 1780
f 1742 1780 1781
f 1745 1782 1689
f 1743 1781 1782
f 1716 1783 1757
f 1784 1767 1757
f 1785 1774 1767
f 1786 1780 1774
f 1716 1728 1783
f 1784 1757 1783
f 1664 1783 1728
f 1664 1784 1783
f 1664 1785 1784
f 1664 1786 1785
f 1784 1785 1767
f 1786 1774 1785
f 1787 1780 1786
f 1664 1788 1787
f 1664 1787 1786
f 1664 1696 1788
f 1787 1781 1780
f 1689 1782 1696
f 1782 1781 1788
f 1787 1788 1781
f 1782 1788 1696
f 1789 1790 1791
f 1789 1792 1793
f 1793 1792 1794
f 1789 1793 1790
f 1789 1795 1792
f 1791 1790 1796
f 1793 1797 1790
f 1791 1796 1798
f 1791 1798 1799
f 1790 1800 1796
f 1791 1799 1801
f 1789 1791 1801
f 1789 1801 1795
f 1793 1794 1802
f 1802 1794 1803
f 1790 1797 1800
f 1802 1804 1797
f 1793 1802 1797
f 1802 1803 1805
f 1805 1803 1806
f 1802 1805 1804
f 1798 1807 1808
f 1796 1809 1807
f 1798 1808 1810
f 1798 1796 1807
f 1808 1811 1810
f 1811 1703 1702
f 1811 1702 1812
f 1810 1811 1812
f 1800 1813 1809
f 1796 1800 1809
f 1800 1814 1813
f 1808 1807 1704
f 1808 1704 1811
f 1807 1809 1704
f 1813 1814 1815
f 1809 1813 1704
f 1814 1816 1815
f 1811 1704 1703
f 1812 1702 1711
f 1812 1711 1712
f 1812 1712 1817
f 1817 1712 1713
f 1817 1713 1714
f 1813 1815 1704
f 1815 1818 1704
f 1816 1818 1815
f 1816 1819 1818
f 1798 1810 1799
f 1810 1820 1799
f 1799 1820 1821
f 1801 1799 1821
f 1801 1822 1795
f 1801 1821 1822
f 1810 1812 1820
f 1800 1797 1814
f 1814 1797 1804
f 1814 1804 1816
f 1804 1805 1823
f 1816 1804 1823
f 1812 1824 1820
f 1812 1817 1824
f 1820 1824 1825
f 1820 1825 1821
f 1822 1821 1826
f 1821 1825 1826
f 1792 1827 1794
f 1792 1828 1827
f 1792 1795 1828
f 1827 1829 1794
f 1794 1829 1803
f 1829 1830 1803
f 1827 1831 1829
f 1827 1832 1831
f 1829 1833 1830
f 1829 1831 1833
f 1795 1834 1828
f 1803 1830 1806
f 1827 1828 1832
f 1831 1835 1833
f 1831 1836 1835
f 1833 1835 1837
f 1831 1832 1836
f 1795 1822 1834
f 1828 1834 1838
f 1828 1838 1832
f 1822 1839 1834
f 1822 1826 1839
f 1817 1714 1715
f 1817 1715 1840
f 1840 1715 1717
f 1840 1717 1718
f 1840 1718 1841
f 1841 1718 1719
f 1841 1719 1720
f 1817 1842 1824
f 1817 1840 1842
f 1840 1841 1843
f 1840 1843 1842
f 1824 1842 1844
f 1824 1844 1825
f 1825 1845 1826
f 1825 1844 1845
f 1805 1806 1846
f 1818 1731 1704
f 1818 1819 1731
f 1819 1732 1731
f 1819 1847 1732
f 1847 1733 1732
f 1847 1734 1733
f 1847 1735 1734
f 1847 1848 1735
f 1848 1736 1735
f 1816 1823 1819
f 1823 1849 1819
f 1823 1846 1849
f 1805 1846 1823
f 1846 1806 1850
f 1846 1851 1849
f 1846 1850 1851
f 1850 1852 1851
f 1819 1849 1847
f 1847 1849 1853
f 1849 1851 1853
f 1847 1853 1848
f 1848 1853 1854
f 1853 1855 1854
f 1851 1852 1855
f 1851 1855 1853
f 1855 1852 1856
f 1833 1857 1830
f 1830 1858 1806
f 1806 1858 1850
f 1830 1857 1858
f 1857 1859 1858
f 1858 1859 1860
f 1833 1837 1857
f 1857 1837 1861
f 1835 1862 1837
f 1837 1863 1861
f 1837 1862 1863
f 1862 1864 1863
f 1863 1864 1865
f 1835 1836 1866
f 1857 1861 1859
f 1861 1867 1868
f 1861 1868 1859
f 1835 1866 1862
f 1862 1866 1869
f 1861 1863 1867
f 1862 1869 1864
f 1863 1865 1867
f 1859 1868 1870
f 1867 1865 1871
f 1867 1872 1868
f 1867 1871 1872
f 1872 1871 1873
f 1858 1860 1850
f 1850 1860 1852
f 1834 1839 1874
f 1834 1874 1838
f 1860 1875 1852
f 1859 1870 1860
f 1860 1870 1875
f 1870 1876 1875
f 1852 1875 1856
f 1875 1877 1856
f 1875 1876 1877
f 1876 1878 1877
f 1832 1879 1836
f 1832 1838 1879
f 1836 1879 1880
f 1836 1880 1866
f 1866 1881 1869
f 1866 1880 1881
f 1838 1882 1879
f 1838 1874 1882
f 1879 1882 1883
f 1879 1883 1880
f 1870 1868 1884
f 1868 1872 1884
f 1870 1884 1876
f 1884 1885 1876
f 1884 1886 1885
f 1872 1886 1884
f 1872 1873 1886
f 1886 1873 1887
f 1880 1888 1881
f 1880 1883 1888
f 1886 1887 1889
f 1876 1885 1878
f 1885 1889 1890
f 1878 1885 1890
f 1886 1889 1885
f 1889 1887 1891
f 1889 1891 1892
f 1889 1892 1890
f 1892 1891 1893
f 1848 1737 1736
f 1848 1738 1737
f 1738 1894 1739
f 1848 1894 1738
f 1895 1720 1721
f 1841 1720 1895
f 1895 1721 1755
f 1895 1755 1756
f 1895 1756 1758
f 1896 1758 1759
f 1896 1759 1760
f 1895 1758 1896
f 1897 1763 1764
f 1898 1760 1761
f 1896 1760 1898
f 1898 1761 1762
f 1897 1762 1763
f 1894 1746 1740
f 1894 1740 1739
f 1894 1899 1746
f 1899 1747 1746
f 1899 1748 1747
f 1900 1749 1748
f 1900 1750 1749
f 1900 1751 1750
f 1899 1900 1748
f 1897 1764 1765
f 1898 1762 1897
f 1901 1754 1753
f 1902 1744 1751
f 1902 1752 1744
f 1902 1753 1752
f 1901 1775 1754
f 1900 1902 1751
f 1901 1903 1775
f 1841 1895 1904
f 1841 1904 1843
f 1842 1843 1905
f 1895 1896 1906
f 1895 1906 1904
f 1843 1904 1907
f 1842 1905 1844
f 1844 1908 1845
f 1844 1905 1908
f 1843 1907 1905
f 1905 1909 1908
f 1848 1854 1894
f 1894 1854 1910
f 1854 1911 1910
f 1894 1910 1899
f 1899 1912 1900
f 1899 1910 1912
f 1854 1855 1911
f 1855 1856 1911
f 1911 1856 1913
f 1910 1911 1914
f 1915 1765 1766
f 1915 1766 1768
f 1915 1768 1769
f 1897 1765 1915
f 1916 1769 1770
f 1916 1770 1771
f 1917 1779 1775
f 1918 1771 1772
f 1918 1772 1773
f 1918 1773 1776
f 1915 1769 1916
f 1916 1771 1918
f 1904 1919 1907
f 1905 1907 1909
f 1896 1898 1920
f 1896 1920 1906
f 1904 1906 1919
f 1898 1897 1921
f 1898 1921 1920
f 1906 1920 1922
f 1897 1915 1923
f 1906 1922 1919
f 1907 1924 1909
f 1907 1919 1924
f 1897 1923 1921
f 1920 1921 1925
f 1920 1925 1922
f 1919 1922 1926
f 1919 1926 1924
f 1901 1753 1927
f 1902 1927 1753
f 1903 1928 1775
f 1901 1929 1903
f 1928 1930 1775
f 1901 1927 1929
f 1903 1931 1928
f 1930 1932 1775
f 1930 1933 1932
f 1928 1934 1930
f 1903 1929 1931
f 1911 1913 1914
f 1900 1912 1935
f 1900 1935 1902
f 1910 1914 1912
f 1902 1936 1927
f 1902 1935 1936
f 1912 1937 1935
f 1912 1914 1937
f 1914 1913 1938
f 1914 1938 1937
f 1935 1937 1939
f 1937 1938 1940
f 1917 1775 1941
f 1941 1775 1942
f 1943 1776 1777
f 1943 1777 1778
f 1943 1778 1779
f 1942 1775 1944
f 1917 1945 1779
f 1918 1776 1943
f 1944 1775 1932
f 1917 1941 1946
f 1941 1942 1947
f 1943 1779 1945
f 1917 1946 1945
f 1930 1948 1933
f 1942 1944 1949
f 1933 1950 1932
f 1944 1932 1951
f 1928 1931 1934
f 1930 1934 1948
f 1941 1947 1946
f 1933 1948 1950
f 1942 1949 1947
f 1944 1951 1949
f 1932 1950 1951
f 1935 1939 1936
f 1915 1916 1952
f 1915 1952 1923
f 1921 1923 1953
f 1916 1918 1954
f 1918 1943 1955
f 1916 1954 1952
f 1921 1953 1925
f 1922 1925 1956
f 1922 1956 1926
f 1927 1957 1929
f 1927 1936 1957
f 1929 1958 1931
f 1929 1957 1958
f 1936 1959 1957
f 1931 1960 1934
f 1931 1958 1960
f 1936 1939 1959
f 1937 1940 1939
f 1939 1940 1961
f 1939 1961 1959
f 1943 1945 1962
f 1918 1955 1954
f 1957 1963 1958
f 1945 1946 1964
f 1943 1962 1955
f 1957 1959 1963
f 1959 1961 1965
f 1826 1966 1839
f 1826 1845 1966
f 1839 1966 1967
f 1839 1967 1874
f 1967 1966 1968
f 1845 1969 1966
f 1845 1908 1969
f 1966 1969 1968
f 1856 1877 1913
f 1908 1970 1969
f 1969 1971 1968
f 1874 1972 1882
f 1874 1967 1972
f 1882 1972 1973
f 1967 1974 1972
f 1882 1973 1883
f 1883 1975 1888
f 1883 1973 1975
f 1972 1976 1973
f 1973 1977 1975
f 1973 1976 1977
f 1967 1968 1974
f 1972 1974 1976
f 1968 1978 1974
f 1968 1971 1978
f 1908 1909 1970
f 1909 1979 1970
f 1909 1924 1979
f 1969 1970 1971
f 1970 1980 1971
f 1970 1979 1980
f 1877 1981 1913
f 1913 1981 1938
f 1877 1878 1981
f 1878 1982 1981
f 1981 1982 1983
f 1981 1983 1938
f 1938 1983 1940
f 1982 1984 1983
f 1983 1985 1940
f 1983 1984 1985
f 1984 1986 1985
f 1878 1890 1982
f 1890 1987 1982
f 1890 1892 1987
f 1982 1987 1984
f 1892 1988 1987
f 1892 1893 1988
f 1974 1978 1989
f 1974 1989 1976
f 1976 1990 1977
f 1976 1989 1990
f 1990 1989 1991
f 1984 1987 1992
f 1987 1988 1992
f 1988 1893 1993
f 1988 1994 1992
f 1988 1993 1994
f 1994 1993 1995
f 1984 1992 1986
f 1992 1994 1996
f 1992 1996 1986
f 1994 1995 1997
f 1994 1997 1996
f 1924 1998 1979
f 1924 1926 1998
f 1979 1998 1999
f 1979 1999 1980
f 1999 1998 2000
f 1940 1985 1961
f 1985 2001 1961
f 1985 1986 2001
f 1986 2002 2001
f 1961 2001 1965
f 1971 2003 1978
f 1971 1980 2003
f 1978 2003 2004
f 1980 2005 2003
f 2003 2005 2006
f 1978 2004 1989
f 1989 2004 1991
f 2004 2003 2006
f 1980 1999 2005
f 1986 1996 2002
f 2004 2007 1991
f 2004 2006 2007
f 2006 2008 2007
f 1999 2009 2005
f 2005 2009 2010
f 1999 2000 2009
f 2000 2011 2009
f 2009 2011 2012
f 2006 2005 2010
f 2006 2010 2008
f 2010 2013 2008
f 2009 2012 2010
f 1934 2014 1948
f 1934 1960 2014
f 1958 2015 1960
f 1946 1947 2016
f 1947 1949 2017
f 1948 2018 1950
f 1948 2014 2018
f 1950 2019 1951
f 1949 1951 2020
f 1960 2021 2014
f 1959 1965 1963
f 1958 1963 2015
f 1963 1965 2022
f 1960 2015 2021
f 1963 2022 2015
f 1950 2018 2019
f 1997 2023 1996
f 1997 1995 2024
f 1997 2024 2025
f 2024 2026 2025
f 2001 2027 1965
f 1965 2027 2022
f 2027 2028 2022
f 2001 2002 2027
f 2002 2029 2027
f 2029 2028 2027
f 2029 2030 2028
f 1996 2023 2002
f 2002 2023 2029
f 2023 2031 2029
f 2023 2025 2031
f 1997 2025 2023
f 2025 2026 2032
f 2032 2026 2033
f 2025 2032 2031
f 2031 2030 2029
f 2031 2032 2034
f 2010 2012 2013
f 2012 2035 2013
f 2012 2036 2035
f 2032 2033 2037
f 2037 2033 2038
f 2031 2034 2030
f 2030 2034 2039
f 2034 2037 2040
f 2032 2037 2034
f 2037 2038 2041
f 2041 2038 2042
f 2037 2041 2040
f 2041 2042 2043
f 2043 2042 2044
f 1864 2045 1865
f 1864 2046 2045
f 1864 1869 2046
f 1865 2047 1871
f 2045 2047 1865
f 2047 2048 1871
f 1871 2048 1873
f 2045 2049 2047
f 2047 2049 2050
f 2045 2046 2051
f 2045 2051 2049
f 2047 2050 2048
f 2048 2050 2052
f 2048 2052 2053
f 2049 2054 2050
f 2050 2055 2052
f 2050 2054 2055
f 2049 2056 2054
f 2054 2057 2055
f 1869 2058 2046
f 1869 1881 2058
f 2048 2053 1873
f 2049 2051 2056
f 2046 2059 2051
f 2046 2058 2059
f 2051 2059 2060
f 1881 2061 2058
f 1881 1888 2061
f 1888 2062 2061
f 2058 2063 2059
f 2058 2061 2063
f 2054 2056 2064
f 2051 2060 2056
f 2054 2064 2057
f 2055 2065 2052
f 2055 2066 2065
f 2055 2057 2066
f 1873 2053 1887
f 1887 2067 1891
f 2053 2067 1887
f 2052 2068 2053
f 2053 2068 2067
f 2052 2065 2068
f 2067 2068 2069
f 2067 2069 2070
f 2068 2071 2069
f 1891 2070 1893
f 2067 2070 1891
f 2061 2072 2063
f 2059 2063 2073
f 2069 2074 2070
f 2069 2075 2074
f 2070 2076 1893
f 2070 2074 2076
f 2074 2077 2076
f 2076 2077 2078
f 2074 2079 2077
f 2077 2080 2081
f 2068 2065 2071
f 2065 2082 2071
f 2069 2071 2075
f 2071 2083 2075
f 2065 2066 2082
f 2057 2084 2066
f 2057 2085 2084
f 2066 2086 2082
f 2066 2084 2086
f 2056 2087 2064
f 2057 2064 2085
f 2071 2082 2083
f 2082 2088 2083
f 2082 2086 2088
f 2083 2089 2075
f 2083 2088 2090
f 2059 2073 2060
f 2056 2060 2087
f 2063 2091 2073
f 2060 2073 2092
f 2060 2092 2087
f 2064 2087 2093
f 2064 2093 2085
f 2087 2092 2094
f 2087 2094 2093
f 2083 2090 2089
f 2090 2095 2089
f 2074 2075 2079
f 2075 2089 2079
f 2077 2079 2080
f 2079 2096 2080
f 2080 2097 2098
f 2079 2089 2096
f 2089 2095 2096
f 2096 2095 2099
f 2096 2097 2080
f 2096 2099 2097
f 2097 2099 2100
f 2097 2100 2101
f 2084 2102 2086
f 2084 2085 2103
f 2084 2103 2102
f 2086 2104 2088
f 2086 2102 2104
f 2088 2105 2090
f 2088 2104 2105
f 2102 2106 2104
f 2104 2106 2107
f 2102 2103 2108
f 2102 2108 2106
f 2104 2107 2105
f 2105 2107 2109
f 2106 2110 2107
f 2107 2111 2109
f 2085 2093 2112
f 2085 2112 2103
f 2093 2094 2113
f 2093 2113 2112
f 2103 2112 2114
f 2103 2114 2108
f 2106 2108 2115
f 2108 2114 2116
f 2090 2117 2095
f 2105 2117 2090
f 2105 2109 2117
f 2109 2118 2117
f 2109 2119 2118
f 2095 2120 2099
f 2095 2117 2120
f 2120 2121 2099
f 2099 2121 2100
f 2121 2122 2100
f 2117 2118 2120
f 2120 2118 2123
f 2118 2124 2123
f 2112 2125 2114
f 2112 2113 2125
f 2114 2125 2126
f 2120 2123 2121
f 2121 2123 2127
f 2123 2128 2127
f 2121 2127 2122
f 2127 2129 2122
f 2127 2130 2129
f 2106 2115 2110
f 2107 2110 2111
f 2110 2131 2111
f 2108 2116 2115
f 2110 2115 2132
f 2110 2132 2131
f 2109 2111 2119
f 2111 2133 2119
f 2111 2131 2133
f 2118 2119 2124
f 2115 2134 2132
f 2119 2135 2124
f 2119 2133 2135
f 2124 2135 2136
f 2114 2126 2116
f 2115 2116 2134
f 2116 2126 2137
f 2116 2137 2134
f 2123 2124 2128
f 2127 2128 2130
f 2124 2136 2128
f 2128 2136 2138
f 2128 2138 2130
f 2130 2138 2139
f 2126 2140 2137
f 2131 2141 2133
f 2133 2142 2135
f 2131 2132 2143
f 2132 2134 2144
f 2135 2145 2136
f 2136 2146 2138
f 2138 2147 2139
f 2133 2141 2142
f 2135 2142 2145
f 2131 2143 2141
f 2132 2144 2143
f 2136 2145 2146
f 2138 2146 2147
f 2141 2148 2142
f 2141 2143 2148
f 2142 2148 2145
f 2149 2134 2137
f 2137 2140 2150
f 2144 2134 2149
f 2149 2137 2150
f 2143 2144 2148
f 2150 2140 2151
f 1888 1975 2062
f 1975 1977 2152
f 1975 2152 2062
f 2061 2062 2072
f 2063 2072 2091
f 2062 2153 2072
f 2062 2152 2153
f 2072 2153 2154
f 1977 1990 2155
f 2152 1977 2155
f 1990 2156 2155
f 2152 2157 2153
f 2152 2155 2157
f 1893 2076 1993
f 2076 2078 1993
f 1993 2078 1995
f 2078 2158 1995
f 2077 2081 2078
f 2081 2158 2078
f 2081 2098 2159
f 2081 2159 2158
f 1990 1991 2156
f 1995 2158 2024
f 2153 2157 2160
f 2155 2161 2157
f 2155 2156 2161
f 2157 2161 2162
f 2161 2163 2164
f 2073 2091 2165
f 2072 2154 2091
f 2073 2165 2092
f 2165 2091 2166
f 2092 2165 2167
f 2092 2167 2094
f 2153 2160 2154
f 2091 2154 2166
f 2081 2080 2098
f 2165 2168 2167
f 2154 2169 2166
f 2165 2166 2168
f 2166 2170 2168
f 2098 2097 2101
f 2166 2169 2170
f 2157 2162 2160
f 2154 2160 2169
f 2160 2162 2171
f 2162 2161 2164
f 2160 2171 2169
f 2169 2172 2170
f 2169 2171 2172
f 2162 2173 2171
f 1991 2007 2174
f 2156 1991 2174
f 2007 2008 2175
f 2174 2007 2175
f 2156 2174 2163
f 2156 2163 2161
f 2174 2176 2163
f 2094 2167 2177
f 2167 2168 2178
f 2094 2177 2113
f 2167 2178 2177
f 2168 2170 2179
f 2168 2179 2178
f 2170 2180 2179
f 2113 2177 2181
f 2113 2181 2125
f 2125 2181 2182
f 2177 2178 2183
f 2177 2183 2181
f 2181 2183 2184
f 2178 2179 2185
f 2178 2185 2183
f 2183 2185 2186
f 2170 2172 2180
f 2125 2182 2126
f 2181 2184 2182
f 2183 2186 2184
f 2126 2182 2140
f 2182 2187 2140
f 2182 2184 2187
f 2184 2186 2188
f 2187 2184 2188
f 2140 2187 2151
f 2100 2189 2101
f 2100 2122 2189
f 2122 2190 2189
f 2122 2129 2190
f 2190 2129 2191
f 2129 2192 2191
f 2191 2193 2194
f 2130 2192 2129
f 2191 2192 2193
f 2130 2139 2192
f 2192 2195 2193
f 2139 2195 2192
f 2193 2195 2196
f 2193 2196 2197
f 2194 2193 2197
f 2197 2198 2199
f 2197 2196 2198
f 2139 2147 2200
f 2145 2148 2146
f 2146 2148 2147
f 2139 2200 2195
f 2201 2196 2195
f 2202 2198 2196
f 2200 2201 2195
f 2201 2202 2196
f 2144 2149 2148
f 2147 2148 2200
f 2149 2150 2148
f 2150 2151 2148
f 2151 2203 2148
f 2200 2148 2201
f 2201 2148 2202
f 2202 2148 2204
f 2204 2148 2205
f 2203 2206 2148
f 2206 2207 2148
f 2207 2208 2148
f 2187 2203 2151
f 2203 2188 2206
f 2202 2204 2198
f 2204 2205 2209
f 2205 2148 2210
f 2148 2211 2210
f 2148 2212 2211
f 2148 2213 2212
f 2148 2214 2213
f 2148 2215 2214
f 2148 2208 2216
f 2148 2216 2217
f 2148 2217 2218
f 2148 2218 2219
f 2148 2219 2220
f 2148 2220 2221
f 2204 2209 2198
f 2205 2222 2209
f 2210 2223 2222
f 2148 2224 2215
f 2148 2225 2224
f 2148 2226 2227
f 2148 2228 2225
f 2148 2227 2228
f 2205 2210 2222
f 2210 2211 2223
f 2211 2212 2229
f 2148 2221 2226
f 2212 2213 2230
f 2213 2214 2231
f 2214 2215 2232
f 2215 2224 2233
f 2158 2159 2234
f 2159 2235 2236
f 2158 2234 2024
f 2234 2026 2024
f 2234 2237 2026
f 2159 2236 2234
f 2234 2236 2237
f 2236 2238 2239
f 2236 2239 2237
f 2239 2240 2237
f 2239 2241 2242
f 2239 2242 2240
f 2098 2101 2235
f 2098 2235 2159
f 2236 2235 2238
f 2235 2243 2238
f 2101 2243 2235
f 2101 2189 2243
f 2243 2189 2244
f 2238 2243 2245
f 2243 2244 2245
f 2245 2244 2246
f 2245 2246 2247
f 2247 2246 2248
f 2162 2164 2173
f 2239 2238 2241
f 2238 2245 2241
f 2171 2249 2172
f 2173 2164 2250
f 2171 2173 2249
f 2173 2251 2249
f 2173 2250 2251
f 2245 2247 2241
f 2251 2250 2252
f 2241 2247 2253
f 2241 2253 2242
f 2253 2254 2255
f 2253 2247 2254
f 2247 2248 2254
f 2254 2248 2256
f 2254 2256 2257
f 2257 2256 2258
f 2254 2257 2255
f 2257 2258 2259
f 2258 2260 2259
f 2026 2237 2033
f 2237 2240 2033
f 2163 2176 2261
f 2174 2175 2176
f 2175 2262 2263
f 2175 2263 2176
f 2176 2263 2264
f 2263 2265 2266
f 2008 2013 2262
f 2008 2262 2175
f 2013 2267 2262
f 2013 2035 2267
f 2267 2035 2268
f 2263 2262 2265
f 2265 2262 2267
f 2240 2038 2033
f 2240 2269 2038
f 2240 2242 2269
f 2242 2270 2269
f 2253 2270 2242
f 2270 2255 2271
f 2270 2272 2269
f 2270 2271 2272
f 2035 2273 2268
f 2269 2042 2038
f 2272 2044 2042
f 2269 2272 2042
f 2265 2267 2274
f 2265 2274 2275
f 2267 2268 2274
f 2268 2276 2274
f 2277 2274 2276
f 2268 2278 2276
f 2276 2278 2279
f 2276 2279 2280
f 2163 2261 2164
f 2176 2264 2261
f 2164 2261 2250
f 2261 2264 2281
f 2263 2266 2264
f 2261 2281 2250
f 2281 2264 2282
f 2250 2281 2252
f 2281 2283 2252
f 2253 2255 2270
f 2265 2275 2266
f 2264 2266 2282
f 2266 2275 2284
f 2271 2255 2285
f 2257 2285 2255
f 2275 2277 2286
f 2281 2282 2283
f 2282 2287 2283
f 2282 2284 2287
f 2282 2266 2284
f 2257 2259 2285
f 2284 2288 2287
f 2286 2289 2288
f 2275 2286 2284
f 2277 2290 2286
f 2284 2286 2288
f 2275 2274 2277
f 2277 2276 2280
f 2260 2291 2259
f 2260 2292 2291
f 2271 2285 2293
f 2272 2294 2044
f 2294 2295 2044
f 2294 2296 2295
f 2272 2271 2294
f 2271 2293 2294
f 2293 2296 2294
f 2293 2297 2298
f 2279 2299 2300
f 2279 2300 2301
f 2293 2298 2296
f 2302 2303 2298
f 2298 2303 2304
f 2296 2298 2304
f 2300 2305 2306
f 2303 2307 2308
f 2309 2307 2303
f 2305 2310 2311
f 2307 2312 2313
f 2310 2313 2314
f 2285 2259 2297
f 2285 2297 2293
f 2291 2302 2297
f 2297 2302 2298
f 2315 2309 2302
f 2259 2291 2297
f 2291 2292 2315
f 2315 2292 2316
f 2286 2290 2289
f 2290 2317 2289
f 2290 2318 2317
f 2315 2316 2319
f 2319 2316 2320
f 2291 2315 2302
f 2315 2319 2309
f 2318 2321 2317
f 2318 2322 2321
f 2322 2323 2321
f 2322 2324 2323
f 2277 2280 2290
f 2318 2280 2301
f 2279 2301 2280
f 2302 2309 2303
f 2322 2301 2306
f 2300 2306 2301
f 2305 2311 2306
f 2290 2280 2318
f 2318 2301 2322
f 2322 2306 2324
f 2325 2320 2326
f 2319 2325 2312
f 2319 2320 2325
f 2324 2327 2323
f 2325 2326 2328
f 2328 2326 2327
f 2324 2328 2327
f 2309 2312 2307
f 2309 2319 2312
f 2324 2306 2311
f 2325 2314 2312
f 2328 2311 2314
f 2310 2314 2311
f 2313 2312 2314
f 2324 2311 2328
f 2325 2328 2314
f 2189 2190 2244
f 2190 2329 2244
f 2329 2246 2244
f 2329 2330 2246
f 2246 2330 2248
f 2330 2331 2248
f 2190 2191 2329
f 2329 2191 2194
f 2179 2180 2332
f 2179 2332 2185
f 2185 2332 2333
f 2332 2334 2335
f 2329 2194 2330
f 2194 2336 2330
f 2336 2331 2330
f 2336 2337 2331
f 2194 2197 2336
f 2336 2199 2337
f 2172 2249 2338
f 2172 2338 2180
f 2338 2249 2339
f 2249 2251 2339
f 2251 2252 2340
f 2251 2340 2339
f 2180 2338 2334
f 2332 2180 2334
f 2338 2341 2334
f 2338 2339 2341
f 2339 2340 2342
f 2339 2342 2341
f 2334 2341 2343
f 2341 2342 2344
f 2248 2331 2256
f 2331 2345 2256
f 2346 2347 2337
f 2331 2337 2345
f 2345 2337 2347
f 2345 2347 2348
f 2347 2349 2350
f 2347 2350 2348
f 2350 2351 2352
f 2350 2353 2351
f 2351 2354 2355
f 2345 2258 2256
f 2356 2252 2283
f 2340 2252 2356
f 2356 2283 2357
f 2258 2348 2260
f 2345 2348 2258
f 2348 2352 2260
f 2357 2287 2358
f 2340 2359 2342
f 2342 2359 2360
f 2359 2361 2362
f 2340 2356 2359
f 2356 2357 2361
f 2356 2361 2359
f 2350 2352 2348
f 2351 2363 2352
f 2361 2364 2365
f 2364 2366 2367
f 2364 2357 2358
f 2361 2357 2364
f 2364 2358 2366
f 2366 2358 2368
f 2186 2369 2188
f 2185 2333 2186
f 2332 2335 2333
f 2186 2333 2369
f 2333 2335 2370
f 2333 2370 2369
f 2336 2197 2199
f 2199 2346 2337
f 2199 2198 2209
f 2199 2209 2346
f 2209 2222 2346
f 2334 2343 2335
f 2335 2371 2370
f 2335 2343 2371
f 2343 2344 2372
f 2343 2372 2371
f 2344 2373 2372
f 2187 2188 2203
f 2206 2188 2369
f 2207 2369 2370
f 2208 2370 2371
f 2206 2369 2207
f 2207 2370 2208
f 2208 2371 2216
f 2216 2371 2372
f 2211 2229 2223
f 2217 2372 2373
f 2218 2373 2374
f 2216 2372 2217
f 2217 2373 2218
f 2218 2374 2219
f 2219 2375 2220
f 2220 2376 2221
f 2341 2344 2343
f 2346 2349 2347
f 2222 2349 2346
f 2222 2223 2349
f 2223 2353 2349
f 2223 2229 2353
f 2350 2349 2353
f 2344 2360 2373
f 2373 2360 2374
f 2374 2360 2362
f 2374 2362 2375
f 2229 2354 2353
f 2229 2230 2354
f 2377 2230 2231
f 2351 2353 2354
f 2354 2377 2355
f 2354 2230 2377
f 2375 2362 2365
f 2376 2365 2367
f 2375 2365 2376
f 2377 2231 2378
f 2231 2232 2378
f 2379 2367 2380
f 2376 2367 2379
f 2212 2230 2229
f 2219 2374 2375
f 2220 2375 2376
f 2213 2231 2230
f 2214 2232 2231
f 2221 2376 2379
f 2221 2379 2226
f 2227 2226 2381
f 2224 2225 2382
f 2227 2383 2228
f 2225 2228 2384
f 2215 2233 2232
f 2226 2379 2381
f 2224 2382 2233
f 2227 2381 2383
f 2225 2384 2382
f 2228 2383 2384
f 2342 2360 2344
f 2359 2362 2360
f 2361 2365 2362
f 2364 2367 2365
f 2366 2380 2367
f 2283 2287 2357
f 2358 2287 2288
f 2358 2288 2368
f 2377 2385 2355
f 2385 2378 2386
f 2352 2363 2292
f 2352 2292 2260
f 2363 2316 2292
f 2363 2387 2316
f 2387 2320 2316
f 2387 2388 2320
f 2388 2389 2326
f 2351 2355 2363
f 2355 2387 2363
f 2355 2385 2387
f 2366 2390 2380
f 2390 2391 2392
f 2366 2368 2390
f 2390 2368 2393
f 2390 2393 2391
f 2391 2393 2394
f 2387 2385 2388
f 2388 2385 2386
f 2386 2395 2389
f 2386 2396 2395
f 2397 2398 2391
f 2395 2399 2400
f 2397 2400 2401
f 2397 2391 2394
f 2388 2386 2389
f 2397 2402 2400
f 2397 2394 2402
f 2395 2400 2403
f 2395 2403 2389
f 2400 2402 2403
f 2377 2378 2385
f 2386 2378 2396
f 2232 2396 2378
f 2232 2233 2396
f 2392 2381 2380
f 2379 2380 2381
f 2392 2383 2381
f 2396 2233 2399
f 2399 2233 2382
f 2398 2384 2383
f 2392 2398 2383
f 2395 2396 2399
f 2400 2399 2401
f 2399 2382 2401
f 2401 2382 2384
f 2398 2401 2384
f 2390 2392 2380
f 2391 2398 2392
f 2397 2401 2398
f 2288 2289 2368
f 2393 2289 2317
f 2368 2289 2393
f 2393 2317 2394
f 2317 2321 2394
f 2388 2326 2320
f 2402 2321 2323
f 2394 2321 2402
f 2389 2327 2326
f 2403 2323 2327
f 2402 2323 2403
f 2389 2403 2327
f 1923 1952 2404
f 1923 2404 1953
f 1925 1953 2405
f 1925 2405 1956
f 1952 1954 2406
f 1945 1964 1962
f 1954 1955 2407
f 1952 2406 2404
f 1953 2404 2408
f 1953 2408 2405
f 1954 2407 2406
f 2404 2406 2409
f 2404 2409 2408
f 1926 1956 2410
f 1926 2410 1998
f 1998 2410 2000
f 1956 2411 2410
f 1956 2405 2411
f 2000 2410 2412
f 2410 2411 2412
f 2412 2411 2413
f 2405 2414 2411
f 2405 2408 2414
f 2000 2412 2011
f 1946 2016 1964
f 1955 1962 2415
f 1947 2017 2016
f 1962 1964 2416
f 2015 2022 2417
f 1955 2415 2407
f 2406 2407 2418
f 2406 2418 2409
f 1962 2416 2415
f 2407 2415 2419
f 1949 2020 2017
f 1951 2019 2020
f 2014 2420 2018
f 2018 2421 2019
f 2014 2021 2420
f 2015 2417 2021
f 2021 2417 2422
f 2018 2420 2421
f 1964 2016 2423
f 2016 2017 2424
f 1964 2423 2416
f 2021 2422 2420
f 2420 2422 2425
f 2016 2424 2423
f 2407 2419 2418
f 2415 2416 2426
f 2415 2426 2419
f 2019 2427 2020
f 2017 2020 2428
f 2019 2421 2427
f 2017 2428 2424
f 2420 2425 2421
f 2020 2427 2428
f 2421 2429 2427
f 2421 2425 2429
f 2416 2423 2430
f 2416 2430 2426
f 2423 2424 2431
f 2423 2431 2430
f 2427 2432 2428
f 2427 2429 2432
f 2424 2428 2433
f 2424 2433 2431
f 2428 2432 2433
f 2408 2434 2414
f 2408 2409 2434
f 2411 2414 2413
f 2413 2414 2435
f 2414 2434 2435
f 2435 2434 2436
f 2022 2028 2417
f 2028 2437 2417
f 2030 2437 2028
f 2030 2039 2437
f 2039 2438 2437
f 2039 2439 2438
f 2417 2437 2422
f 2437 2438 2422
f 2412 2440 2011
f 2011 2440 2036
f 2412 2413 2440
f 2440 2413 2441
f 2440 2441 2442
f 2011 2036 2012
f 2440 2442 2036
f 2036 2273 2035
f 2036 2442 2273
f 2413 2435 2441
f 2039 2034 2040
f 2041 2443 2040
f 2039 2040 2439
f 2040 2443 2439
f 2442 2444 2273
f 2442 2441 2445
f 2442 2445 2444
f 2445 2446 2444
f 2445 2447 2446
f 2435 2448 2441
f 2441 2448 2445
f 2435 2436 2448
f 2448 2449 2447
f 2436 2449 2448
f 2436 2450 2449
f 2448 2447 2445
f 2409 2418 2451
f 2409 2451 2434
f 2418 2452 2451
f 2418 2419 2452
f 2419 2453 2452
f 2419 2426 2453
f 2434 2451 2436
f 2436 2451 2450
f 2451 2452 2450
f 2450 2452 2454
f 2422 2438 2425
f 2425 2438 2455
f 2439 2455 2438
f 2439 2456 2455
f 2443 2043 2457
f 2041 2043 2443
f 2043 2044 2458
f 2043 2458 2457
f 2447 2459 2446
f 2458 2044 2295
f 2458 2295 2460
f 2460 2295 2461
f 2443 2456 2439
f 2443 2457 2456
f 2449 2450 2462
f 2449 2462 2463
f 2457 2458 2464
f 2456 2457 2465
f 2465 2457 2464
f 2462 2466 2467
f 2447 2449 2463
f 2447 2463 2459
f 2458 2460 2464
f 2463 2468 2459
f 2463 2467 2468
f 2463 2462 2467
f 2469 2461 2470
f 2464 2471 2472
f 2460 2471 2464
f 2466 2473 2474
f 2471 2469 2475
f 2460 2469 2471
f 2460 2461 2469
f 2467 2476 2468
f 2467 2474 2476
f 2474 2477 2476
f 2466 2474 2467
f 2474 2473 2478
f 2469 2470 2478
f 2478 2470 2477
f 2469 2478 2475
f 2474 2478 2477
f 2425 2455 2429
f 2455 2479 2429
f 2452 2453 2454
f 2456 2479 2455
f 2456 2465 2479
f 2480 2453 2481
f 2454 2453 2480
f 2426 2481 2453
f 2426 2430 2481
f 2430 2482 2481
f 2429 2479 2432
f 2479 2483 2432
f 2465 2483 2479
f 2480 2481 2484
f 2465 2472 2483
f 2472 2485 2486
f 2430 2431 2482
f 2432 2483 2433
f 2431 2433 2486
f 2431 2486 2482
f 2433 2483 2486
f 2481 2482 2484
f 2472 2486 2483
f 2482 2486 2485
f 2484 2482 2485
f 2450 2454 2462
f 2462 2454 2466
f 2466 2454 2480
f 2466 2480 2473
f 2465 2464 2472
f 2480 2484 2473
f 2471 2485 2472
f 2484 2475 2473
f 2471 2475 2485
f 2478 2473 2475
f 2484 2485 2475
f 2273 2444 2278
f 2268 2273 2278
f 2444 2446 2299
f 2278 2444 2299
f 2278 2299 2279
f 2299 2446 2487
f 2487 2446 2459
f 2296 2461 2295
f 2296 2304 2461
f 2488 2459 2468
f 2487 2459 2488
f 2299 2487 2300
f 2487 2305 2300
f 2487 2488 2305
f 2488 2310 2305
f 2304 2308 2470
f 2304 2470 2461
f 2489 2468 2476
f 2488 2468 2489
f 2489 2476 2490
f 2308 2477 2470
f 2308 2490 2477
f 2303 2308 2304
f 2488 2489 2310
f 2489 2313 2310
f 2307 2490 2308
f 2489 2490 2313
f 2307 2313 2490
f 2476 2477 2490
f 2491 2492 2493
f 2492 2494 2495
f 2495 2496 2497
f 2498 2497 2499
f 2500 2501 2502
f 2500 2502 2503
f 2501 2493 2502
f 2503 2502 2504
f 2493 2492 2502
f 2504 2502 2505
f 2506 2507 2498
f 2508 2509 2507
f 2510 2511 2509
f 2508 2510 2509
f 2510 2512 2511
f 2513 2512 2514
f 2502 2515 2516
f 2502 2516 2517
f 2518 2519 2515
f 2492 2495 2502
f 2495 2497 2502
f 2498 2502 2497
f 2498 2507 2502
f 2507 2509 2502
f 2509 2511 2502
f 2513 2511 2512
f 2513 2514 2520
f 2505 2502 2521
f 2521 2502 2522
f 2502 2523 2522
f 2502 2524 2523
f 2502 2525 2524
f 2502 2526 2525
f 2513 2502 2511
f 2513 2520 2502
f 2527 2518 2502
f 2520 2527 2502
f 2502 2528 2526
f 2502 2529 2528
f 2502 2530 2529
f 2518 2515 2502
f 2502 2531 2532
f 2502 2533 2530
f 2502 2534 2533
f 2502 2532 2534
f 2520 2535 2527
f 2527 2536 2518
f 2529 2530 2537
f 2533 2538 2530
f 2520 2514 2535
f 2527 2535 2536
f 2518 2536 2519
f 2514 2539 2535
f 2514 2540 2539
f 2539 2541 2542
f 2535 2542 2536
f 2535 2539 2542
f 2536 2543 2519
f 2536 2542 2543
f 2543 2544 2519
f 2542 2545 2543
f 2543 2546 2544
f 2542 2541 2545
f 2543 2545 2546
f 2545 2547 2546
f 2546 2547 2548
f 2548 2547 2549
f 2548 2549 2550
f 2549 2551 2550
f 2552 2553 2554
f 2554 2553 2555
f 2552 2556 2553
f 2553 2557 2555
f 2555 2558 2559
f 2552 2560 2556
f 2554 2555 2491
f 2491 2555 2559
f 2560 2561 2556
f 2491 2559 2494
f 2559 2562 2494
f 2560 2563 2561
f 2563 2564 2565
f 2563 2565 2561
f 2559 2566 2562
f 2562 2567 2568
f 2553 2556 2569
f 2556 2561 2570
f 2561 2565 2571
f 2557 2572 2558
f 2558 2572 2573
f 2557 2574 2572
f 2562 2566 2567
f 2575 2568 2567
f 2555 2557 2558
f 2553 2569 2557
f 2559 2558 2566
f 2556 2570 2569
f 2558 2573 2566
f 2566 2576 2567
f 2567 2576 2577
f 2557 2569 2574
f 2566 2573 2576
f 2569 2578 2574
f 2569 2570 2578
f 2561 2571 2570
f 2565 2579 2571
f 2575 2567 2577
f 2575 2580 2581
f 2575 2577 2580
f 2570 2571 2582
f 2570 2582 2578
f 2571 2579 2583
f 2571 2583 2582
f 2576 2573 2584
f 2576 2585 2577
f 2577 2585 2586
f 2580 2587 2588
f 2577 2586 2580
f 2580 2586 2587
f 2588 2587 2589
f 2572 2590 2573
f 2572 2574 2591
f 2590 2584 2573
f 2572 2591 2590
f 2574 2578 2592
f 2576 2584 2585
f 2591 2574 2592
f 2578 2593 2592
f 2578 2582 2593
f 2582 2583 2594
f 2582 2594 2593
f 2583 2595 2594
f 2552 2554 2501
f 2552 2500 2560
f 2491 2494 2492
f 2554 2491 2493
f 2560 2503 2563
f 2563 2504 2564
f 2552 2501 2500
f 2554 2493 2501
f 2560 2500 2503
f 2563 2503 2504
f 2504 2505 2564
f 2495 2494 2496
f 2497 2496 2499
f 2505 2596 2564
f 2506 2498 2499
f 2521 2597 2596
f 2522 2598 2597
f 2496 2568 2499
f 2506 2499 2599
f 2506 2599 2600
f 2562 2496 2494
f 2562 2568 2496
f 2564 2596 2601
f 2565 2564 2601
f 2499 2568 2599
f 2596 2597 2602
f 2596 2602 2601
f 2597 2603 2602
f 2575 2599 2568
f 2600 2599 2581
f 2506 2600 2508
f 2508 2600 2604
f 2508 2604 2510
f 2605 2510 2604
f 2605 2604 2606
f 2597 2598 2603
f 2598 2607 2603
f 2598 2608 2607
f 2608 2609 2607
f 2600 2610 2604
f 2565 2601 2579
f 2601 2602 2611
f 2602 2603 2612
f 2603 2607 2613
f 2607 2609 2614
f 2505 2521 2596
f 2521 2522 2597
f 2522 2523 2598
f 2523 2524 2608
f 2524 2525 2615
f 2506 2508 2507
f 2523 2608 2598
f 2524 2615 2608
f 2525 2616 2615
f 2525 2526 2616
f 2526 2528 2617
f 2529 2618 2528
f 2526 2617 2616
f 2528 2618 2617
f 2529 2537 2618
f 2530 2538 2537
f 2605 2512 2510
f 2605 2540 2512
f 2514 2512 2540
f 2605 2619 2540
f 2540 2620 2539
f 2608 2615 2609
f 2615 2616 2621
f 2615 2621 2609
f 2616 2617 2622
f 2616 2622 2621
f 2622 2623 2621
f 2618 2537 2624
f 2617 2618 2625
f 2617 2625 2622
f 2618 2624 2625
f 2622 2625 2626
f 2624 2627 2625
f 2609 2621 2628
f 2575 2581 2599
f 2600 2581 2610
f 2581 2588 2610
f 2610 2629 2606
f 2605 2606 2619
f 2604 2610 2606
f 2606 2630 2619
f 2606 2629 2630
f 2619 2630 2631
f 2630 2632 2631
f 2631 2632 2633
f 2601 2611 2579
f 2602 2612 2611
f 2580 2588 2581
f 2610 2588 2629
f 2579 2611 2634
f 2579 2634 2583
f 2611 2612 2635
f 2611 2635 2634
f 2603 2613 2612
f 2607 2614 2613
f 2613 2614 2636
f 2613 2637 2612
f 2612 2637 2635
f 2613 2636 2637
f 2588 2589 2629
f 2630 2629 2638
f 2629 2589 2638
f 2634 2635 2639
f 2630 2638 2632
f 2637 2640 2635
f 2637 2636 2641
f 2637 2641 2640
f 2540 2619 2620
f 2539 2620 2541
f 2620 2619 2631
f 2620 2631 2642
f 2620 2642 2541
f 2541 2642 2643
f 2541 2643 2545
f 2545 2643 2547
f 2622 2626 2623
f 2625 2627 2626
f 2626 2627 2644
f 2626 2644 2645
f 2643 2642 2646
f 2643 2646 2647
f 2631 2633 2642
f 2633 2646 2642
f 2643 2647 2547
f 2547 2647 2549
f 2609 2628 2614
f 2621 2623 2628
f 2614 2628 2648
f 2614 2648 2636
f 2628 2623 2649
f 2628 2649 2648
f 2626 2645 2623
f 2623 2645 2649
f 2636 2648 2650
f 2636 2650 2641
f 2648 2651 2650
f 2648 2649 2651
f 2649 2645 2652
f 2649 2652 2651
f 2583 2634 2595
f 2634 2639 2595
f 2635 2640 2639
f 2589 2587 2653
f 2589 2653 2654
f 2584 2655 2585
f 2590 2656 2584
f 2584 2656 2655
f 2590 2657 2656
f 2590 2591 2657
f 2585 2655 2658
f 2655 2659 2658
f 2655 2656 2660
f 2656 2657 2661
f 2655 2660 2659
f 2656 2661 2660
f 2658 2659 2662
f 2657 2663 2661
f 2662 2659 2664
f 2660 2665 2659
f 2660 2661 2666
f 2586 2585 2658
f 2586 2658 2667
f 2591 2592 2668
f 2591 2668 2657
f 2592 2593 2669
f 2592 2669 2668
f 2667 2658 2662
f 2667 2670 2653
f 2586 2667 2587
f 2587 2667 2653
f 2653 2671 2654
f 2593 2672 2669
f 2593 2594 2672
f 2594 2673 2672
f 2667 2662 2670
f 2670 2674 2671
f 2671 2675 2654
f 2653 2670 2671
f 2671 2676 2675
f 2657 2668 2663
f 2668 2669 2677
f 2669 2672 2678
f 2668 2677 2663
f 2662 2679 2670
f 2661 2663 2680
f 2663 2677 2681
f 2669 2678 2677
f 2672 2682 2678
f 2677 2678 2683
f 2659 2665 2664
f 2660 2666 2665
f 2662 2664 2679
f 2661 2680 2666
f 2664 2684 2679
f 2676 2685 2675
f 2670 2679 2674
f 2676 2674 2686
f 2663 2681 2680
f 2679 2687 2674
f 2687 2686 2674
f 2671 2674 2676
f 2676 2686 2688
f 2676 2688 2685
f 2688 2689 2685
f 2677 2683 2681
f 2683 2690 2681
f 2686 2691 2688
f 2688 2692 2689
f 2688 2691 2692
f 2638 2693 2632
f 2638 2589 2654
f 2638 2654 2693
f 2693 2694 2695
f 2632 2693 2695
f 2633 2632 2695
f 2633 2695 2696
f 2696 2695 2697
f 2696 2697 2698
f 2695 2694 2697
f 2697 2699 2698
f 2633 2696 2646
f 2646 2696 2700
f 2646 2700 2647
f 2647 2700 2701
f 2700 2702 2701
f 2549 2647 2701
f 2549 2701 2551
f 2551 2701 2703
f 2551 2703 2704
f 2701 2702 2703
f 2702 2705 2703
f 2703 2706 2704
f 2696 2698 2700
f 2650 2707 2641
f 2652 2708 2651
f 2650 2651 2709
f 2650 2709 2707
f 2651 2708 2709
f 2709 2710 2707
f 2700 2698 2702
f 2702 2698 2711
f 2709 2712 2710
f 2711 2699 2713
f 2703 2705 2706
f 2706 2714 2715
f 2702 2711 2705
f 2705 2716 2714
f 2698 2699 2711
f 2711 2713 2716
f 2711 2716 2705
f 2706 2705 2714
f 2714 2716 2717
f 2714 2718 2715
f 2714 2717 2718
f 2594 2595 2673
f 2595 2639 2719
f 2693 2654 2675
f 2595 2719 2673
f 2672 2673 2682
f 2673 2719 2720
f 2639 2640 2721
f 2639 2721 2719
f 2640 2722 2721
f 2721 2723 2719
f 2693 2675 2694
f 2694 2675 2685
f 2673 2720 2682
f 2697 2694 2724
f 2719 2723 2720
f 2721 2725 2723
f 2723 2726 2720
f 2678 2682 2727
f 2682 2720 2728
f 2640 2641 2722
f 2641 2707 2722
f 2721 2722 2725
f 2707 2729 2722
f 2722 2729 2725
f 2723 2725 2730
f 2707 2710 2729
f 2729 2731 2725
f 2710 2732 2729
f 2694 2685 2724
f 2724 2685 2689
f 2724 2689 2733
f 2697 2724 2699
f 2724 2733 2699
f 2699 2733 2713
f 2713 2733 2734
f 2713 2734 2735
f 2682 2728 2727
f 2678 2727 2683
f 2683 2727 2736
f 2727 2737 2736
f 2720 2726 2728
f 2726 2738 2728
f 2727 2728 2737
f 2728 2738 2737
f 2689 2739 2733
f 2692 2739 2689
f 2733 2739 2734
f 2737 2740 2741
f 2723 2730 2726
f 2725 2731 2730
f 2729 2732 2731
f 2730 2731 2742
f 2730 2742 2743
f 2731 2744 2742
f 2713 2735 2716
f 2735 2717 2716
f 2726 2743 2738
f 2726 2730 2743
f 2738 2743 2745
f 2737 2738 2740
f 2738 2745 2740
f 2742 2746 2743
f 2743 2746 2745
f 2747 2748 2749
f 2747 2749 2750
f 2747 2750 2751
f 2502 2752 2753
f 2502 2517 2752
f 2502 2753 2754
f 2516 2515 2755
f 2756 2517 2516
f 2517 2757 2752
f 2752 2749 2753
f 2753 2748 2754
f 2754 2758 2531
f 2515 2519 2755
f 2756 2516 2755
f 2756 2757 2517
f 2502 2754 2531
f 2532 2759 2534
f 2533 2534 2760
f 2532 2531 2761
f 2532 2761 2759
f 2534 2759 2760
f 2752 2757 2749
f 2753 2749 2748
f 2754 2748 2758
f 2531 2758 2761
f 2755 2519 2544
f 2755 2544 2762
f 2756 2762 2763
f 2756 2755 2762
f 2544 2764 2762
f 2762 2765 2763
f 2759 2766 2760
f 2756 2763 2757
f 2757 2750 2749
f 2757 2763 2750
f 2758 2767 2761
f 2763 2768 2750
f 2759 2761 2769
f 2759 2769 2766
f 2761 2767 2769
f 2769 2770 2766
f 2747 2771 2748
f 2747 2772 2771
f 2771 2773 2767
f 2771 2758 2748
f 2771 2767 2758
f 2769 2767 2774
f 2751 2750 2768
f 2751 2768 2775
f 2751 2775 2776
f 2777 2776 2775
f 2777 2775 2778
f 2762 2764 2765
f 2764 2779 2765
f 2765 2779 2780
f 2546 2764 2544
f 2546 2548 2764
f 2548 2779 2764
f 2763 2765 2768
f 2765 2780 2768
f 2768 2780 2775
f 2766 2770 2781
f 2781 2770 2782
f 2781 2782 2783
f 2779 2784 2780
f 2548 2550 2779
f 2779 2550 2784
f 2780 2778 2775
f 2784 2778 2780
f 2771 2772 2773
f 2747 2751 2772
f 2751 2776 2772
f 2772 2776 2785
f 2772 2785 2773
f 2773 2785 2786
f 2773 2786 2774
f 2786 2787 2774
f 2785 2788 2786
f 2785 2789 2788
f 2785 2776 2789
f 2777 2789 2776
f 2786 2788 2790
f 2786 2790 2787
f 2790 2791 2787
f 2773 2774 2767
f 2770 2774 2787
f 2770 2787 2782
f 2769 2774 2770
f 2787 2791 2782
f 2782 2791 2792
f 2783 2782 2792
f 2783 2792 2793
f 2794 2795 2796
f 2794 2797 2795
f 2797 2798 2795
f 2777 2778 2799
f 2777 2799 2800
f 2784 2550 2801
f 2551 2801 2550
f 2784 2801 2802
f 2802 2801 2803
f 2778 2802 2799
f 2784 2802 2778
f 2799 2802 2804
f 2801 2704 2803
f 2799 2804 2805
f 2804 2806 2805
f 2802 2803 2804
f 2804 2803 2807
f 2789 2808 2788
f 2789 2800 2808
f 2808 2800 2809
f 2777 2800 2789
f 2800 2799 2805
f 2788 2794 2790
f 2788 2808 2794
f 2790 2794 2796
f 2790 2796 2791
f 2794 2808 2797
f 2810 2791 2796
f 2810 2811 2812
f 2800 2805 2809
f 2809 2805 2813
f 2797 2808 2809
f 2797 2809 2814
f 2792 2812 2793
f 2793 2812 2815
f 2810 2792 2791
f 2810 2812 2792
f 2812 2816 2815
f 2811 2816 2812
f 2816 2817 2818
f 2816 2818 2815
f 2818 2819 2820
f 2803 2821 2807
f 2806 2822 2823
f 2804 2807 2806
f 2807 2824 2822
f 2806 2807 2822
f 2822 2825 2823
f 2809 2813 2814
f 2813 2826 2814
f 2813 2823 2826
f 2797 2814 2798
f 2814 2826 2827
f 2798 2814 2827
f 2827 2828 2829
f 2827 2826 2828
f 2826 2830 2828
f 2813 2805 2806
f 2813 2806 2823
f 2818 2817 2819
f 2819 2831 2832
f 2826 2823 2830
f 2823 2825 2830
f 2796 2795 2833
f 2795 2834 2833
f 2833 2835 2811
f 2798 2834 2795
f 2833 2834 2835
f 2798 2836 2834
f 2798 2827 2836
f 2837 2834 2836
f 2837 2835 2834
f 2837 2838 2835
f 2838 2839 2835
f 2838 2840 2839
f 2836 2829 2841
f 2842 2838 2837
f 2842 2837 2841
f 2837 2836 2841
f 2843 2840 2838
f 2842 2843 2838
f 2843 2844 2840
f 2810 2796 2833
f 2810 2833 2811
f 2811 2839 2816
f 2811 2835 2839
f 2839 2817 2816
f 2839 2840 2817
f 2840 2845 2817
f 2827 2829 2836
f 2840 2844 2845
f 2844 2846 2845
f 2819 2817 2845
f 2819 2845 2831
f 2845 2846 2831
f 2847 2831 2848
f 2846 2848 2831
f 2533 2760 2538
f 2537 2538 2849
f 2537 2849 2624
f 2538 2850 2849
f 2538 2760 2850
f 2760 2766 2850
f 2624 2849 2851
f 2850 2852 2849
f 2850 2766 2781
f 2852 2851 2849
f 2852 2853 2851
f 2853 2854 2851
f 2624 2851 2627
f 2851 2854 2627
f 2627 2854 2644
f 2850 2781 2852
f 2781 2783 2852
f 2852 2783 2853
f 2645 2644 2855
f 2854 2856 2644
f 2644 2856 2855
f 2853 2857 2854
f 2783 2793 2853
f 2857 2856 2854
f 2853 2793 2857
f 2645 2855 2652
f 2551 2704 2801
f 2855 2858 2859
f 2857 2860 2856
f 2855 2856 2858
f 2856 2860 2858
f 2858 2861 2859
f 2803 2704 2821
f 2858 2820 2861
f 2861 2862 2863
f 2652 2855 2859
f 2652 2859 2708
f 2859 2863 2708
f 2709 2708 2712
f 2708 2863 2712
f 2712 2864 2710
f 2861 2863 2859
f 2712 2863 2865
f 2857 2793 2815
f 2857 2815 2860
f 2860 2820 2858
f 2815 2818 2860
f 2860 2818 2820
f 2861 2820 2832
f 2706 2821 2704
f 2821 2715 2824
f 2821 2824 2807
f 2706 2715 2821
f 2824 2715 2866
f 2824 2866 2867
f 2822 2824 2867
f 2822 2867 2825
f 2710 2864 2732
f 2863 2862 2865
f 2712 2865 2864
f 2868 2869 2864
f 2865 2868 2864
f 2718 2866 2715
f 2870 2871 2869
f 2861 2832 2862
f 2862 2832 2847
f 2862 2847 2872
f 2819 2832 2820
f 2832 2831 2847
f 2872 2847 2873
f 2872 2873 2874
f 2865 2862 2872
f 2865 2872 2868
f 2872 2874 2868
f 2868 2874 2870
f 2868 2870 2869
f 2731 2732 2744
f 2864 2869 2732
f 2732 2869 2744
f 2742 2744 2875
f 2742 2875 2746
f 2744 2869 2871
f 2744 2871 2875
f 2847 2848 2873
f 2692 2876 2739
f 2718 2877 2866
f 2718 2717 2878
f 2718 2878 2877
f 2877 2879 2880
f 2735 2734 2881
f 2735 2881 2882
f 2734 2739 2883
f 2739 2876 2883
f 2883 2884 2881
f 2734 2883 2881
f 2882 2881 2885
f 2886 2885 2887
f 2881 2884 2885
f 2885 2888 2887
f 2735 2882 2717
f 2717 2882 2878
f 2878 2882 2886
f 2877 2878 2879
f 2878 2886 2879
f 2879 2886 2889
f 2879 2890 2880
f 2879 2889 2890
f 2740 2891 2892
f 2740 2745 2891
f 2745 2893 2891
f 2882 2885 2886
f 2886 2887 2889
f 2887 2894 2889
f 2894 2895 2889
f 2890 2889 2895
f 2890 2895 2896
f 2894 2897 2895
f 2895 2897 2898
f 2895 2898 2896
f 2899 2900 2901
f 2902 2903 2904
f 2897 2905 2906
f 2907 2908 2905
f 2898 2906 2909
f 2898 2897 2906
f 2906 2905 2910
f 2911 2899 2901
f 2899 2903 2900
f 2900 2903 2902
f 2907 2902 2908
f 2911 2912 2913
f 2908 2910 2905
f 2902 2904 2908
f 2913 2914 2915
f 2916 2917 2915
f 2828 2918 2919
f 2830 2920 2918
f 2830 2825 2920
f 2918 2920 2921
f 2828 2830 2918
f 2919 2918 2922
f 2918 2921 2922
f 2922 2923 2924
f 2922 2921 2923
f 2829 2925 2841
f 2842 2841 2926
f 2841 2925 2926
f 2926 2925 2927
f 2927 2928 2929
f 2842 2930 2843
f 2843 2930 2931
f 2932 2931 2930
f 2932 2930 2933
f 2932 2934 2931
f 2932 2933 2935
f 2932 2935 2936
f 2842 2926 2930
f 2843 2931 2844
f 2926 2933 2930
f 2931 2934 2937
f 2844 2931 2937
f 2926 2927 2933
f 2933 2929 2935
f 2933 2927 2929
f 2937 2934 2938
f 2935 2939 2936
f 2935 2929 2940
f 2929 2941 2940
f 2935 2940 2939
f 2940 2942 2939
f 2940 2943 2942
f 2828 2919 2829
f 2829 2919 2925
f 2925 2919 2944
f 2919 2922 2944
f 2944 2922 2924
f 2944 2924 2928
f 2925 2944 2927
f 2927 2944 2928
f 2846 2945 2848
f 2848 2945 2946
f 2844 2937 2846
f 2846 2937 2945
f 2937 2938 2945
f 2938 2947 2948
f 2949 2948 2947
f 2938 2948 2945
f 2946 2945 2948
f 2946 2948 2950
f 2949 2950 2948
f 2949 2951 2950
f 2928 2941 2929
f 2928 2924 2952
f 2928 2952 2941
f 2941 2952 2953
f 2924 2954 2952
f 2923 2954 2924
f 2952 2954 2955
f 2952 2955 2953
f 2940 2941 2943
f 2941 2953 2943
f 2949 2956 2951
f 2951 2956 2957
f 2942 2958 2959
f 2953 2960 2961
f 2953 2955 2960
f 2960 2962 2961
f 2960 2963 2962
f 2963 2964 2962
f 2943 2953 2961
f 2943 2961 2958
f 2958 2961 2965
f 2942 2943 2958
f 2958 2966 2959
f 2958 2965 2966
f 2966 2965 2967
f 2966 2967 2968
f 2961 2962 2965
f 2965 2962 2969
f 2962 2964 2969
f 2965 2969 2967
f 2969 1612 1611
f 2969 2964 1612
f 2964 1607 1612
f 2969 1613 2967
f 2967 1613 1615
f 2967 1615 2970
f 2970 1615 1616
f 2969 1611 1614
f 2969 1614 1613
f 2866 2971 2867
f 2825 2867 2972
f 2867 2971 2972
f 2972 2971 2973
f 2972 2973 2974
f 2973 2975 2974
f 2866 2877 2971
f 2877 2880 2971
f 2971 2880 2973
f 2973 2880 2976
f 2973 2976 2975
f 2825 2972 2920
f 2920 2972 2974
f 2920 2974 2921
f 2921 2974 2977
f 2974 2975 2977
f 2921 2977 2923
f 2870 2978 2871
f 2870 2874 2979
f 2979 2980 2978
f 2870 2979 2978
f 2980 2981 2978
f 2975 2976 2982
f 2975 2982 2983
f 2983 2982 2984
f 2977 2983 2985
f 2923 2977 2985
f 2923 2985 2954
f 2985 2986 2954
f 2985 2987 2986
f 2975 2983 2977
f 2985 2983 2987
f 2983 2984 2987
f 2875 2988 2746
f 2871 2989 2875
f 2875 2989 2988
f 2890 2976 2880
f 2745 2746 2893
f 2746 2988 2893
f 2891 2893 2990
f 2988 2991 2893
f 2891 2990 2992
f 2990 2993 2992
f 2893 2991 2990
f 2990 2991 2994
f 2990 2994 2993
f 2871 2978 2989
f 2988 2989 2995
f 2989 2978 2981
f 2989 2981 2995
f 2988 2995 2991
f 2995 2996 2991
f 2981 2997 2995
f 2995 2997 2996
f 2996 2994 2991
f 2976 2896 2982
f 2890 2896 2976
f 2982 2896 2998
f 2982 2998 2984
f 2898 2998 2896
f 2993 2994 2999
f 2996 3000 2994
f 3000 2999 2994
f 3000 3001 2999
f 2999 3001 3002
f 2848 2946 2873
f 2873 2946 3003
f 2874 2873 3003
f 2874 3003 2979
f 2979 3003 3004
f 2946 2950 3003
f 2950 3004 3003
f 3004 3005 2980
f 2979 3004 2980
f 3006 2997 2981
f 2980 3006 2981
f 2980 3005 3006
f 2950 2951 3004
f 2951 3005 3004
f 2986 2955 2954
f 3006 3007 2997
f 3007 3008 3009
f 3006 3005 3010
f 2951 2957 3005
f 2957 3010 3005
f 2957 3011 3010
f 3010 3011 3012
f 3006 3010 3007
f 3007 3010 3012
f 3007 3012 3008
f 2996 2997 3009
f 2996 3009 3000
f 3007 3009 2997
f 3000 3009 3013
f 3000 3013 3001
f 3008 3013 3009
f 2986 3014 3015
f 2987 3016 3014
f 2987 2984 3016
f 3016 3017 3018
f 2986 2987 3014
f 3016 3019 3014
f 3016 3018 3019
f 3018 3020 3021
f 3022 3021 3020
f 3014 3019 3023
f 3018 3021 3024
f 3018 3024 3019
f 3025 3026 3027
f 3028 3029 2904
f 3028 3030 3031
f 3029 3025 3027
f 3028 3031 1631
f 3022 1625 3021
f 3022 3032 1625
f 3022 3026 3032
f 3025 3032 3026
f 3028 1631 3029
f 3029 1631 3025
f 2998 2909 3017
f 2984 2998 3017
f 3016 2984 3017
f 3017 2909 3020
f 2908 2904 3027
f 2908 3027 2910
f 2910 3026 3033
f 2910 3027 3026
f 3022 3020 3033
f 3022 3033 3026
f 3020 2909 3033
f 2898 2909 2998
f 2906 3033 2909
f 2906 2910 3033
f 3034 3035 2917
f 3036 3037 3038
f 3036 3038 3035
f 3039 3037 3040
f 3018 3017 3020
f 3002 3041 3042
f 3042 3041 3043
f 3044 3043 3045
f 3038 3037 3039
f 3046 3039 3040
f 3046 3040 3047
f 3047 3048 3049
f 3046 3047 3049
f 3048 3044 3045
f 2899 3030 2903
f 2911 3031 2899
f 2911 2913 3050
f 2913 2915 3051
f 3028 2904 2903
f 3029 3027 2904
f 2899 3031 3030
f 2911 3050 3031
f 3028 2903 3030
f 2913 3051 3050
f 2915 2917 3052
f 2915 3052 3051
f 3031 3050 1631
f 2917 3053 3052
f 2917 3035 3053
f 3035 3038 1632
f 3050 3051 1631
f 3035 1632 3053
f 3051 3052 1631
f 3052 3053 1631
f 3038 1633 1632
f 3038 1634 1633
f 3038 1636 1634
f 3038 3039 1636
f 2986 3015 2955
f 2955 3015 2960
f 3014 3023 3015
f 2960 3015 2963
f 2963 3015 3023
f 3019 3054 3023
f 3019 3024 3054
f 3055 3023 3054
f 2963 3023 3055
f 2963 3055 2964
f 3008 3056 3013
f 3056 3057 3058
f 3012 3059 3008
f 3008 3059 3056
f 3056 3059 3060
f 3057 3061 3058
f 3062 3063 3061
f 3064 3063 3062
f 3056 3060 3057
f 3057 3065 3061
f 3062 3061 3065
f 3054 3024 1628
f 3024 1624 1630
f 3024 1629 1628
f 3024 1630 1629
f 3055 3054 1626
f 3055 1605 1609
f 3055 1626 1605
f 3054 1627 1626
f 3054 1628 1627
f 3021 1624 3024
f 3021 1625 1623
f 3021 1623 1603
f 3021 1603 1624
f 3032 1621 1625
f 3032 1631 1621
f 3025 1631 3032
f 3066 3067 1651
f 3066 1649 1648
f 3055 1610 2964
f 1610 3055 1609
f 2964 1610 1608
f 2964 1608 1607
f 3067 1652 1651
f 3066 1651 1650
f 3064 1653 3067
f 3067 1653 1652
f 3066 1650 1649
f 3064 3062 1655
f 3064 1654 1653
f 3064 1655 1654
f 3062 1656 1655
f 3062 1646 1645
f 3062 1645 1656
f 3062 3065 1681
f 3062 1681 1646
f 3013 3058 3001
f 3001 3058 3068
f 3063 3041 3068
f 3048 3066 3049
f 3063 3068 3061
f 3064 3067 3069
f 3064 3069 3063
f 3063 3069 3041
f 3045 3069 3067
f 3045 3067 3066
f 3002 3001 3068
f 3002 3068 3041
f 3043 3041 3069
f 3043 3069 3045
f 3048 3045 3066
f 3056 3058 3013
f 3068 3058 3061
f 3046 3049 1641
f 3053 1632 1631
f 3039 1637 1636
f 3039 1638 1637
f 3039 1639 1638
f 3046 1640 1639
f 3046 1641 1640
f 3046 1639 3039
f 3066 1648 3049
f 3049 1642 1641
f 1642 3049 1643
f 3049 1648 1643
f 2664 2665 3070
f 2664 3070 2684
f 2665 3071 3070
f 2665 2666 3071
f 2679 2684 2687
f 2666 3072 3071
f 2684 3070 3073
f 2684 3073 3074
f 2687 2684 3074
f 3071 3075 3070
f 3071 3072 3076
f 2687 3074 3077
f 3071 3076 3075
f 3070 3075 3073
f 2666 2680 3072
f 2680 2681 3078
f 2680 3078 3072
f 2681 2690 3078
f 2687 3077 2686
f 3077 2691 2686
f 3072 3078 3079
f 3072 3079 3076
f 2690 3080 3078
f 3078 3080 3079
f 2683 2736 2690
f 2690 2736 3081
f 2690 3081 3080
f 2737 2741 2736
f 2736 2741 3081
f 3077 3074 3082
f 3073 3083 3074
f 3074 3083 3082
f 3073 3084 3083
f 3082 3083 3085
f 3073 3075 3084
f 3075 3076 3086
f 3077 3082 3087
f 3075 3086 3084
f 3087 3082 3088
f 3083 3084 3089
f 3084 3086 3090
f 3082 3085 3088
f 3087 3088 3091
f 3084 3090 3089
f 3088 3092 3091
f 2692 2691 3093
f 3077 3087 2691
f 2691 3087 3093
f 2692 3093 2876
f 2876 3094 2883
f 3079 3080 3095
f 2876 3093 3096
f 2876 3096 3094
f 3076 3079 3097
f 3076 3097 3086
f 3087 3091 3093
f 3097 3098 3086
f 3079 3095 3097
f 3097 3095 3099
f 3091 3096 3093
f 3086 3098 3090
f 3091 3100 3096
f 3096 3100 3101
f 3094 3096 3101
f 3094 3101 3102
f 3097 3099 3098
f 3098 3099 3103
f 3102 3101 3104
f 3102 3104 3105
f 3104 3106 3105
f 3105 3106 3107
f 3083 3089 3085
f 3088 3085 3108
f 3085 3089 3109
f 3088 3108 3092
f 3085 3109 3108
f 3091 3092 3100
f 3090 3110 3089
f 3089 3110 3109
f 3090 3098 3111
f 3090 3111 3110
f 3098 3103 3111
f 3092 3108 3112
f 3100 3092 3113
f 3109 3110 3114
f 3100 3113 3115
f 3115 3113 3116
f 3115 3116 3117
f 3109 3118 3108
f 3092 3112 3113
f 3108 3118 3112
f 3109 3114 3118
f 3113 3112 3119
f 3113 3119 3116
f 3112 3118 3120
f 3112 3120 3119
f 3118 3121 3120
f 3100 3115 3101
f 3101 3115 3104
f 3110 3111 3122
f 3110 3122 3114
f 3111 3123 3122
f 3104 3115 3117
f 3104 3117 3106
f 3118 3114 3121
f 3114 3124 3121
f 3114 3122 3124
f 3080 3125 3095
f 3081 3125 3080
f 3081 2741 3126
f 3081 3126 3125
f 3126 3127 3125
f 3094 2884 2883
f 2885 2884 2888
f 3094 3102 2884
f 2884 3102 2888
f 3125 3128 3095
f 3095 3128 3099
f 3128 3129 3099
f 3099 3129 3103
f 3125 3127 3128
f 3128 3127 3130
f 3128 3130 3129
f 2741 2740 2892
f 2741 2892 3126
f 3126 2892 3131
f 2891 2992 2892
f 3126 3131 3127
f 3131 3132 3127
f 2892 2992 3131
f 3131 2992 3133
f 3131 3133 3132
f 3127 3132 3130
f 2888 3102 3105
f 2888 3105 3134
f 2887 2888 3134
f 2887 3134 2894
f 2894 3135 2897
f 2894 3134 3135
f 3105 3107 3134
f 3134 3107 3135
f 3129 3130 3136
f 3130 3137 3136
f 3132 3137 3130
f 3132 3138 3137
f 3136 3139 3140
f 3136 3137 3139
f 3111 3103 3123
f 3103 3141 3123
f 3129 3141 3103
f 3129 3136 3141
f 3122 3123 3142
f 3122 3142 3124
f 3123 3141 3143
f 3123 3143 3142
f 3136 3140 3141
f 3140 3143 3141
f 2901 3144 2912
f 3106 3117 3145
f 3117 3144 3145
f 3144 3146 2912
f 2901 3145 3144
f 3106 3145 3147
f 3146 3148 2914
f 3146 2914 2912
f 3116 3144 3117
f 3116 3146 3144
f 3119 3146 3116
f 3119 3148 3146
f 3119 3120 3148
f 3120 3149 3148
f 3120 3121 3149
f 3121 3150 3149
f 3121 3124 3150
f 2900 3147 3145
f 2907 2905 3135
f 2907 3147 2902
f 2907 3135 3107
f 2901 2900 3145
f 2900 2902 3147
f 2911 2901 2912
f 2913 2912 2914
f 3106 3147 3107
f 2907 3107 3147
f 2916 3148 3149
f 3034 3149 3150
f 2916 2914 3148
f 2916 3149 3034
f 2897 3135 2905
f 2916 2915 2914
f 3034 3150 3036
f 2916 3034 2917
f 3036 3151 3037
f 3036 3150 3151
f 3142 3152 3151
f 3151 3152 3037
f 3143 3153 3152
f 3140 3153 3143
f 3124 3142 3151
f 3124 3151 3150
f 3142 3143 3152
f 2992 2993 3133
f 3132 3133 3138
f 3133 2993 3154
f 3133 3154 3138
f 3154 3042 3138
f 3042 3155 3138
f 3137 3155 3139
f 3137 3138 3155
f 2993 2999 3154
f 3154 2999 3002
f 3154 3002 3042
f 3152 3153 3040
f 3044 3139 3155
f 3044 3156 3139
f 3047 3153 3156
f 3034 3036 3035
f 3152 3040 3037
f 3040 3153 3047
f 3140 3139 3156
f 3140 3156 3153
f 3042 3043 3155
f 3044 3155 3043
f 3048 3156 3044
f 3047 3156 3048
f 2934 2936 3157
f 2932 2936 2934
f 2938 2934 3157
f 2938 3157 2947
f 2936 3158 3157
f 2936 2939 3158
f 3157 3158 3159
f 3157 3159 2947
f 3158 2939 3160
f 3158 3160 3161
f 3158 3161 3159
f 3159 3162 2947
f 2942 3160 2939
f 3162 3163 2956
f 3161 3164 3159
f 3159 3164 3162
f 3164 3163 3162
f 2949 2947 3162
f 2949 3162 2956
f 2956 3163 3165
f 2957 2956 3165
f 2957 3165 3011
f 3161 3160 3166
f 3161 3166 3167
f 2942 2959 3160
f 3160 2959 3166
f 3166 2959 3168
f 3166 3169 3167
f 3166 3168 3169
f 3170 3169 3171
f 3161 3167 3164
f 3164 3167 3172
f 3164 3172 3163
f 3167 3170 3172
f 3172 3170 3173
f 3163 3172 3174
f 3172 3173 3174
f 3167 3169 3170
f 3170 3175 3173
f 3173 3176 3174
f 3170 3171 3175
f 3173 3175 3177
f 3173 3177 3176
f 2966 3168 2959
f 3168 2968 3178
f 2966 2968 3168
f 3168 3178 3169
f 3169 3178 3171
f 3165 3179 3011
f 3179 3180 3181
f 3011 3179 3181
f 3181 3180 3182
f 3182 3180 3183
f 3182 3183 3184
f 3165 3163 3174
f 3174 3176 3179
f 3165 3174 3179
f 3176 3177 3185
f 3176 3180 3179
f 3176 3185 3180
f 3185 3183 3180
f 3178 2968 3186
f 3178 3186 3187
f 3188 3187 1616
f 3171 3178 3187
f 3171 3188 3175
f 3171 3187 3188
f 3188 1616 3189
f 3189 1616 3190
f 3190 1616 3191
f 2967 2970 2968
f 2968 2970 3186
f 3186 2970 1616
f 3187 3186 1616
f 3191 1616 1666
f 3184 1683 1682
f 3183 1668 1675
f 3183 1675 1684
f 3183 1684 3184
f 3184 1684 1683
f 3175 3189 3177
f 3177 3190 3185
f 3188 3189 3175
f 3177 3189 3190
f 3190 3191 3185
f 3185 3191 3183
f 3183 3191 1668
f 3191 1666 1668
f 3012 3011 3181
f 3181 3182 3059
f 3012 3181 3059
f 3184 3192 3060
f 3182 3060 3059
f 3057 3060 3192
f 3057 3192 3065
f 3182 3184 3060
f 3192 1678 1677
f 3192 1677 1680
f 3065 1680 1679
f 3065 1679 1681
f 3192 1680 3065
f 3184 1682 1678
f 3184 1678 3192
f 3193 3194 3195
f 3196 3194 3193
f 3197 3198 3199
f 3199 3200 3201
f 3197 3194 3202
f 3202 3194 3196
f 3197 3199 3194
f 3201 3203 3204
f 3201 3200 3205
f 3201 3205 3206
f 3201 3206 3203
f 3201 3207 3208
f 3201 3204 3207
f 3201 3209 3210
f 3201 3210 3211
f 3201 3211 3212
f 3201 3208 3209
f 3199 3201 3194
f 3201 3212 3194
f 3193 3195 3213
f 3196 3193 3214
f 3202 3196 3215
f 3197 3202 3216
f 3197 3217 3218
f 3197 3219 3198
f 3199 3198 3220
f 3197 3218 3221
f 3197 3221 3219
f 3199 3222 3223
f 3199 3224 3222
f 3199 3225 3224
f 3199 3226 3225
f 3199 3220 3226
f 3199 3223 3200
f 3217 3227 3218
f 3217 3228 3229
f 3217 3229 3227
f 3217 3230 3228
f 3231 3232 3230
f 3231 3233 3232
f 3231 3234 3233
f 3231 3235 3234
f 3231 3236 3235
f 3231 3237 3236
f 3231 3238 3237
f 3231 3239 3238
f 3240 3241 3242
f 3243 3244 3239
f 3243 3245 3244
f 3243 3246 3245
f 3243 3247 3248
f 3243 3248 3246
f 3243 3249 3247
f 3243 3250 3249
f 3243 3251 3250
f 3243 3252 3251
f 3240 3242 3252
f 3196 3214 3215
f 3193 3213 3214
f 3202 3215 3216
f 3197 3216 3217
f 3217 3231 3230
f 3231 3243 3239
f 3243 3240 3252
f 3215 3214 3253
f 3214 3213 3254
f 3216 3215 3255
f 3214 3254 3253
f 3215 3253 3255
f 3217 3216 3256
f 3217 3257 3231
f 3231 3258 3243
f 3243 3259 3240
f 3216 3255 3256
f 3217 3256 3257
f 3231 3257 3258
f 3253 3254 3260
f 3256 3255 3260
f 3253 3260 3255
f 3243 3258 3259
f 3259 3261 3240
f 3257 3256 3260
f 3257 3260 3258
f 3259 3258 3260
f 3259 3260 3261
f 3194 3212 3262
f 3263 3194 3262
f 3263 3262 3264
f 3263 3265 3194
f 3265 3266 3194
f 3266 3267 3194
f 3267 3268 3194
f 3268 3269 3194
f 3270 3264 3271
f 3263 3264 3270
f 3263 3272 3265
f 3240 3273 3274
f 3240 3275 3276
f 3240 3276 3277
f 3240 3277 3241
f 3240 3274 3275
f 3270 3278 3279
f 3270 3279 3273
f 3270 3271 3280
f 3270 3280 3278
f 3265 3281 3266
f 3266 3282 3267
f 3267 3283 3268
f 3268 3284 3269
f 3240 3270 3273
f 3263 3270 3272
f 3265 3272 3281
f 3266 3281 3282
f 3267 3282 3283
f 3268 3283 3284
f 3284 3285 3269
f 3240 3261 3270
f 3270 3286 3272
f 3272 3287 3281
f 3281 3288 3282
f 3270 3261 3286
f 3272 3286 3287
f 3261 3260 3286
f 3286 3260 3287
f 3287 3260 3288
f 3288 3260 3289
f 3281 3287 3288
f 3282 3288 3289
f 3289 3260 3290
f 3290 3260 3291
f 3291 3260 3292
f 3282 3289 3283
f 3290 3284 3283
f 3284 3291 3285
f 3289 3290 3283
f 3290 3291 3284
f 3291 3292 3285
f 3195 3194 3293
f 3293 3194 3294
f 3294 3194 3295
f 3295 3194 3296
f 3296 3194 3297
f 3297 3298 3299
f 3297 3194 3298
f 3194 3300 3298
f 3195 3293 3301
f 3293 3294 3302
f 3294 3295 3303
f 3295 3296 3304
f 3296 3297 3305
f 3297 3299 3306
f 3306 3299 3307
f 3306 3307 3308
f 3306 3308 3309
f 3306 3309 3310
f 3306 3310 3311
f 3312 3311 3313
f 3312 3313 3314
f 3312 3314 3315
f 3312 3315 3316
f 3312 3316 3317
f 3195 3301 3213
f 3293 3302 3301
f 3294 3303 3302
f 3295 3304 3303
f 3296 3305 3304
f 3297 3306 3305
f 3306 3311 3312
f 3213 3301 3318
f 3301 3302 3319
f 3302 3303 3320
f 3213 3318 3254
f 3301 3319 3318
f 3302 3320 3319
f 3321 3303 3304
f 3322 3304 3305
f 3305 3306 3323
f 3306 3312 3324
f 3320 3303 3321
f 3321 3304 3322
f 3254 3318 3260
f 3318 3319 3260
f 3319 3320 3260
f 3322 3305 3323
f 3306 3324 3323
f 3320 3321 3260
f 3321 3322 3260
f 3322 3323 3260
f 3323 3324 3260
f 3194 3325 3300
f 3194 3326 3325
f 3325 3327 3300
f 3325 3328 3327
f 3325 3329 3328
f 3325 3330 3329
f 3325 3331 3330
f 3325 3332 3331
f 3325 3333 3332
f 3325 3334 3333
f 3325 3335 3334
f 3325 3336 3335
f 3194 3337 3326
f 3194 3338 3339
f 3194 3339 3337
f 3325 3326 3336
f 3326 3337 3340
f 3194 3341 3338
f 3194 3269 3341
f 3326 3342 3336
f 3326 3343 3344
f 3326 3344 3342
f 3326 3345 3343
f 3326 3346 3345
f 3326 3347 3346
f 3326 3340 3347
f 3337 3348 3340
f 3337 3349 3348
f 3337 3350 3349
f 3312 3317 3351
f 3312 3351 3352
f 3353 3352 3354
f 3353 3354 3355
f 3353 3355 3356
f 3353 3356 3357
f 3353 3357 3358
f 3353 3358 3359
f 3353 3359 3360
f 3353 3360 3361
f 3353 3361 3362
f 3363 3362 3364
f 3363 3364 3365
f 3363 3365 3366
f 3363 3366 3367
f 3363 3367 3368
f 3363 3368 3369
f 3370 3371 3350
f 3363 3369 3372
f 3363 3372 3373
f 3370 3373 3374
f 3370 3374 3375
f 3370 3375 3371
f 3339 3376 3337
f 3338 3377 3339
f 3341 3378 3338
f 3269 3285 3341
f 3337 3370 3350
f 3312 3352 3353
f 3353 3362 3363
f 3363 3373 3370
f 3337 3376 3370
f 3339 3377 3376
f 3341 3285 3378
f 3338 3378 3377
f 3312 3353 3379
f 3380 3353 3363
f 3381 3363 3370
f 3382 3370 3376
f 3312 3379 3324
f 3380 3379 3353
f 3260 3324 3379
f 3260 3379 3380
f 3260 3380 3381
f 3260 3381 3382
f 3380 3363 3381
f 3382 3381 3370
f 3383 3382 3376
f 3260 3383 3384
f 3260 3382 3383
f 3260 3384 3292
f 3383 3376 3377
f 3285 3292 3378
f 3378 3384 3377
f 3383 3377 3384
f 3378 3292 3384
f 3385 3386 3387
f 3385 3388 3389
f 3388 3390 3389
f 3385 3387 3388
f 3385 3389 3391
f 3386 3392 3387
f 3388 3387 3393
f 3386 3394 3392
f 3386 3395 3394
f 3387 3392 3396
f 3386 3397 3395
f 3385 3397 3386
f 3385 3391 3397
f 3388 3398 3390
f 3398 3399 3390
f 3387 3396 3393
f 3398 3393 3400
f 3388 3393 3398
f 3398 3401 3399
f 3401 3402 3399
f 3398 3400 3401
f 3394 3403 3404
f 3392 3404 3405
f 3394 3406 3403
f 3394 3404 3392
f 3403 3406 3407
f 3407 3299 3298
f 3407 3408 3299
f 3406 3408 3407
f 3396 3405 3409
f 3392 3405 3396
f 3396 3409 3410
f 3403 3300 3404
f 3403 3407 3300
f 3404 3300 3405
f 3409 3411 3410
f 3405 3300 3409
f 3410 3411 3412
f 3407 3298 3300
f 3408 3307 3299
f 3408 3308 3307
f 3408 3413 3308
f 3413 3309 3308
f 3413 3310 3309
f 3409 3300 3411
f 3411 3300 3414
f 3412 3411 3414
f 3412 3414 3415
f 3394 3395 3406
f 3406 3395 3416
f 3395 3417 3416
f 3397 3417 3395
f 3397 3391 3418
f 3397 3418 3417
f 3406 3416 3408
f 3396 3410 3393
f 3410 3400 3393
f 3410 3412 3400
f 3400 3419 3401
f 3412 3419 3400
f 3408 3416 3420
f 3408 3420 3413
f 3416 3421 3420
f 3416 3417 3421
f 3418 3422 3417
f 3417 3422 3421
f 3389 3390 3423
f 3389 3423 3424
f 3389 3424 3391
f 3423 3390 3425
f 3390 3399 3425
f 3425 3399 3426
f 3423 3425 3427
f 3423 3427 3428
f 3425 3426 3429
f 3425 3429 3427
f 3391 3424 3430
f 3399 3402 3426
f 3423 3428 3424
f 3427 3429 3431
f 3427 3431 3432
f 3429 3433 3431
f 3427 3432 3428
f 3391 3430 3418
f 3424 3434 3430
f 3424 3428 3434
f 3418 3430 3435
f 3418 3435 3422
f 3413 3311 3310
f 3413 3436 3311
f 3436 3313 3311
f 3436 3314 3313
f 3436 3437 3314
f 3437 3315 3314
f 3437 3316 3315
f 3413 3420 3438
f 3413 3438 3436
f 3436 3439 3437
f 3436 3438 3439
f 3420 3440 3438
f 3420 3421 3440
f 3421 3422 3441
f 3421 3441 3440
f 3401 3442 3402
f 3414 3300 3327
f 3414 3327 3415
f 3415 3327 3328
f 3415 3328 3443
f 3443 3328 3329
f 3443 3329 3330
f 3443 3330 3331
f 3443 3331 3444
f 3444 3331 3332
f 3412 3415 3419
f 3419 3415 3445
f 3419 3445 3442
f 3401 3419 3442
f 3442 3446 3402
f 3442 3445 3447
f 3442 3447 3446
f 3446 3447 3448
f 3415 3443 3445
f 3443 3449 3445
f 3445 3449 3447
f 3443 3444 3449
f 3444 3450 3449
f 3449 3450 3451
f 3447 3451 3448
f 3447 3449 3451
f 3451 3452 3448
f 3429 3426 3453
f 3426 3402 3454
f 3402 3446 3454
f 3426 3454 3453
f 3453 3454 3455
f 3454 3456 3455
f 3429 3453 3433
f 3453 3457 3433
f 3431 3433 3458
f 3433 3457 3459
f 3433 3459 3458
f 3458 3459 3460
f 3459 3461 3460
f 3431 3462 3432
f 3453 3455 3457
f 3457 3463 3464
f 3457 3455 3463
f 3431 3458 3462
f 3458 3465 3462
f 3457 3464 3459
f 3458 3460 3465
f 3459 3464 3461
f 3455 3466 3463
f 3464 3467 3461
f 3464 3463 3468
f 3464 3468 3467
f 3468 3469 3467
f 3454 3446 3456
f 3446 3448 3456
f 3430 3470 3435
f 3430 3434 3470
f 3456 3448 3471
f 3455 3456 3466
f 3456 3471 3466
f 3466 3471 3472
f 3448 3452 3471
f 3471 3452 3473
f 3471 3473 3472
f 3472 3473 3474
f 3428 3432 3475
f 3428 3475 3434
f 3432 3476 3475
f 3432 3462 3476
f 3462 3465 3477
f 3462 3477 3476
f 3434 3475 3478
f 3434 3478 3470
f 3475 3479 3478
f 3475 3476 3479
f 3466 3480 3463
f 3463 3480 3468
f 3466 3472 3480
f 3480 3472 3481
f 3480 3481 3482
f 3468 3480 3482
f 3468 3482 3469
f 3482 3483 3469
f 3476 3477 3484
f 3476 3484 3479
f 3482 3485 3483
f 3472 3474 3481
f 3481 3486 3485
f 3474 3486 3481
f 3482 3481 3485
f 3485 3487 3483
f 3485 3488 3487
f 3485 3486 3488
f 3488 3489 3487
f 3444 3332 3333
f 3444 3333 3334
f 3334 3335 3490
f 3444 3334 3490
f 3491 3317 3316
f 3437 3491 3316
f 3491 3351 3317
f 3491 3352 3351
f 3491 3354 3352
f 3492 3355 3354
f 3492 3356 3355
f 3491 3492 3354
f 3493 3360 3359
f 3494 3357 3356
f 3492 3494 3356
f 3494 3358 3357
f 3493 3359 3358
f 3490 3336 3342
f 3490 3335 3336
f 3490 3342 3495
f 3495 3342 3344
f 3495 3344 3343
f 3496 3343 3345
f 3496 3345 3346
f 3496 3346 3347
f 3495 3343 3496
f 3493 3361 3360
f 3494 3493 3358
f 3497 3349 3350
f 3498 3347 3340
f 3498 3340 3348
f 3498 3348 3349
f 3497 3350 3371
f 3496 3347 3498
f 3497 3371 3499
f 3437 3500 3491
f 3437 3439 3500
f 3438 3501 3439
f 3491 3502 3492
f 3491 3500 3502
f 3439 3503 3500
f 3438 3440 3501
f 3440 3441 3504
f 3440 3504 3501
f 3439 3501 3503
f 3501 3504 3505
f 3444 3490 3450
f 3490 3506 3450
f 3450 3506 3507
f 3490 3495 3506
f 3495 3496 3508
f 3495 3508 3506
f 3450 3507 3451
f 3451 3507 3452
f 3507 3509 3452
f 3506 3510 3507
f 3511 3362 3361
f 3511 3364 3362
f 3511 3365 3364
f 3493 3511 3361
f 3512 3366 3365
f 3512 3367 3366
f 3513 3371 3375
f 3514 3368 3367
f 3514 3369 3368
f 3514 3372 3369
f 3511 3512 3365
f 3512 3514 3367
f 3500 3503 3515
f 3501 3505 3503
f 3492 3516 3494
f 3492 3502 3516
f 3500 3515 3502
f 3494 3517 3493
f 3494 3516 3517
f 3502 3518 3516
f 3493 3519 3511
f 3502 3515 3518
f 3503 3505 3520
f 3503 3520 3515
f 3493 3517 3519
f 3516 3521 3517
f 3516 3518 3521
f 3515 3522 3518
f 3515 3520 3522
f 3497 3523 3349
f 3498 3349 3523
f 3499 3371 3524
f 3497 3499 3525
f 3524 3371 3526
f 3497 3525 3523
f 3499 3524 3527
f 3526 3371 3528
f 3526 3528 3529
f 3524 3526 3530
f 3499 3527 3525
f 3507 3510 3509
f 3496 3531 3508
f 3496 3498 3531
f 3506 3508 3510
f 3498 3523 3532
f 3498 3532 3531
f 3508 3531 3533
f 3508 3533 3510
f 3510 3534 3509
f 3510 3533 3534
f 3531 3535 3533
f 3533 3536 3534
f 3513 3537 3371
f 3537 3538 3371
f 3539 3373 3372
f 3539 3374 3373
f 3539 3375 3374
f 3538 3540 3371
f 3513 3375 3541
f 3514 3539 3372
f 3540 3528 3371
f 3513 3542 3537
f 3537 3543 3538
f 3539 3541 3375
f 3513 3541 3542
f 3526 3529 3544
f 3538 3545 3540
f 3529 3528 3546
f 3540 3547 3528
f 3524 3530 3527
f 3526 3544 3530
f 3537 3542 3543
f 3529 3546 3544
f 3538 3543 3545
f 3540 3545 3547
f 3528 3547 3546
f 3531 3532 3535
f 3511 3548 3512
f 3511 3519 3548
f 3517 3549 3519
f 3512 3550 3514
f 3514 3551 3539
f 3512 3548 3550
f 3517 3521 3549
f 3518 3552 3521
f 3518 3522 3552
f 3523 3525 3553
f 3523 3553 3532
f 3525 3527 3554
f 3525 3554 3553
f 3532 3553 3555
f 3527 3530 3556
f 3527 3556 3554
f 3532 3555 3535
f 3533 3535 3536
f 3535 3557 3536
f 3535 3555 3557
f 3539 3558 3541
f 3514 3550 3551
f 3553 3554 3559
f 3541 3560 3542
f 3539 3551 3558
f 3553 3559 3555
f 3555 3561 3557
f 3422 3435 3562
f 3422 3562 3441
f 3435 3563 3562
f 3435 3470 3563
f 3563 3564 3562
f 3441 3562 3565
f 3441 3565 3504
f 3562 3564 3565
f 3452 3509 3473
f 3504 3565 3566
f 3565 3564 3567
f 3470 3478 3568
f 3470 3568 3563
f 3478 3569 3568
f 3563 3568 3570
f 3478 3479 3569
f 3479 3484 3571
f 3479 3571 3569
f 3568 3569 3572
f 3569 3571 3573
f 3569 3573 3572
f 3563 3570 3564
f 3568 3572 3570
f 3564 3570 3574
f 3564 3574 3567
f 3504 3566 3505
f 3505 3566 3575
f 3505 3575 3520
f 3565 3567 3566
f 3566 3567 3576
f 3566 3576 3575
f 3473 3509 3577
f 3509 3534 3577
f 3473 3577 3474
f 3474 3577 3578
f 3577 3579 3578
f 3577 3534 3579
f 3534 3536 3579
f 3578 3579 3580
f 3579 3536 3581
f 3579 3581 3580
f 3580 3581 3582
f 3474 3578 3486
f 3486 3578 3583
f 3486 3583 3488
f 3578 3580 3583
f 3488 3583 3584
f 3488 3584 3489
f 3570 3585 3574
f 3570 3572 3585
f 3572 3573 3586
f 3572 3586 3585
f 3586 3587 3585
f 3580 3588 3583
f 3583 3588 3584
f 3584 3589 3489
f 3584 3588 3590
f 3584 3590 3589
f 3590 3591 3589
f 3580 3582 3588
f 3588 3592 3590
f 3588 3582 3592
f 3590 3593 3591
f 3590 3592 3593
f 3520 3575 3594
f 3520 3594 3522
f 3575 3595 3594
f 3575 3576 3595
f 3595 3596 3594
f 3536 3557 3581
f 3581 3557 3597
f 3581 3597 3582
f 3582 3597 3598
f 3557 3561 3597
f 3567 3574 3599
f 3567 3599 3576
f 3574 3600 3599
f 3576 3599 3601
f 3599 3602 3601
f 3574 3585 3600
f 3585 3587 3600
f 3600 3602 3599
f 3576 3601 3595
f 3582 3598 3592
f 3600 3587 3603
f 3600 3603 3602
f 3602 3603 3604
f 3595 3601 3605
f 3601 3606 3605
f 3595 3605 3596
f 3596 3605 3607
f 3605 3608 3607
f 3602 3606 3601
f 3602 3604 3606
f 3606 3604 3609
f 3605 3606 3608
f 3530 3544 3610
f 3530 3610 3556
f 3554 3556 3611
f 3542 3612 3543
f 3543 3613 3545
f 3544 3546 3614
f 3544 3614 3610
f 3546 3547 3615
f 3545 3616 3547
f 3556 3610 3617
f 3555 3559 3561
f 3554 3611 3559
f 3559 3618 3561
f 3556 3617 3611
f 3559 3611 3618
f 3546 3615 3614
f 3593 3592 3619
f 3593 3620 3591
f 3593 3621 3620
f 3620 3621 3622
f 3597 3561 3623
f 3561 3618 3623
f 3623 3618 3624
f 3597 3623 3598
f 3598 3623 3625
f 3625 3623 3624
f 3625 3624 3626
f 3592 3598 3619
f 3598 3625 3619
f 3619 3625 3627
f 3619 3627 3621
f 3593 3619 3621
f 3621 3628 3622
f 3628 3629 3622
f 3621 3627 3628
f 3627 3625 3626
f 3627 3630 3628
f 3606 3609 3608
f 3608 3609 3631
f 3608 3631 3632
f 3628 3633 3629
f 3633 3634 3629
f 3627 3626 3630
f 3626 3635 3630
f 3630 3636 3633
f 3628 3630 3633
f 3633 3637 3634
f 3637 3638 3634
f 3633 3636 3637
f 3637 3639 3638
f 3639 3640 3638
f 3460 3461 3641
f 3460 3641 3642
f 3460 3642 3465
f 3461 3467 3643
f 3641 3461 3643
f 3643 3467 3644
f 3467 3469 3644
f 3641 3643 3645
f 3643 3646 3645
f 3641 3647 3642
f 3641 3645 3647
f 3643 3644 3646
f 3644 3648 3646
f 3644 3649 3648
f 3645 3646 3650
f 3646 3648 3651
f 3646 3651 3650
f 3645 3650 3652
f 3650 3651 3653
f 3465 3642 3654
f 3465 3654 3477
f 3644 3469 3649
f 3645 3652 3647
f 3642 3647 3655
f 3642 3655 3654
f 3647 3656 3655
f 3477 3654 3657
f 3477 3657 3484
f 3484 3657 3658
f 3654 3655 3659
f 3654 3659 3657
f 3650 3660 3652
f 3647 3652 3656
f 3650 3653 3660
f 3651 3648 3661
f 3651 3661 3662
f 3651 3662 3653
f 3469 3483 3649
f 3483 3487 3663
f 3649 3483 3663
f 3648 3649 3664
f 3649 3663 3664
f 3648 3664 3661
f 3663 3665 3664
f 3663 3666 3665
f 3664 3665 3667
f 3487 3489 3666
f 3663 3487 3666
f 3657 3659 3668
f 3655 3669 3659
f 3665 3666 3670
f 3665 3670 3671
f 3666 3489 3672
f 3666 3672 3670
f 3670 3672 3673
f 3672 3674 3673
f 3670 3673 3675
f 3673 3676 3677
f 3664 3667 3661
f 3661 3667 3678
f 3665 3671 3667
f 3667 3671 3679
f 3661 3678 3662
f 3653 3662 3680
f 3653 3680 3681
f 3662 3678 3682
f 3662 3682 3680
f 3652 3660 3683
f 3653 3681 3660
f 3667 3679 3678
f 3678 3679 3684
f 3678 3684 3682
f 3679 3671 3685
f 3679 3686 3684
f 3655 3656 3669
f 3652 3683 3656
f 3659 3669 3687
f 3656 3688 3669
f 3656 3683 3688
f 3660 3689 3683
f 3660 3681 3689
f 3683 3690 3688
f 3683 3689 3690
f 3679 3685 3686
f 3686 3685 3691
f 3670 3675 3671
f 3671 3675 3685
f 3673 3677 3675
f 3675 3677 3692
f 3677 3693 3694
f 3675 3692 3685
f 3685 3692 3691
f 3692 3695 3691
f 3692 3677 3694
f 3692 3694 3695
f 3694 3696 3695
f 3694 3697 3696
f 3680 3682 3698
f 3680 3699 3681
f 3680 3698 3699
f 3682 3684 3700
f 3682 3700 3698
f 3684 3686 3701
f 3684 3701 3700
f 3698 3700 3702
f 3700 3703 3702
f 3698 3704 3699
f 3698 3702 3704
f 3700 3701 3703
f 3701 3705 3703
f 3702 3703 3706
f 3703 3705 3707
f 3681 3708 3689
f 3681 3699 3708
f 3689 3709 3690
f 3689 3708 3709
f 3699 3710 3708
f 3699 3704 3710
f 3702 3711 3704
f 3704 3712 3710
f 3686 3691 3713
f 3701 3686 3713
f 3701 3713 3705
f 3705 3713 3714
f 3705 3714 3715
f 3691 3695 3716
f 3691 3716 3713
f 3716 3695 3717
f 3695 3696 3717
f 3717 3696 3718
f 3713 3716 3714
f 3716 3719 3714
f 3714 3719 3720
f 3708 3710 3721
f 3708 3721 3709
f 3710 3722 3721
f 3716 3717 3719
f 3717 3723 3719
f 3719 3723 3724
f 3717 3718 3723
f 3723 3718 3725
f 3723 3725 3726
f 3702 3706 3711
f 3703 3707 3706
f 3706 3707 3727
f 3704 3711 3712
f 3706 3728 3711
f 3706 3727 3728
f 3705 3715 3707
f 3707 3715 3729
f 3707 3729 3727
f 3714 3720 3715
f 3711 3728 3730
f 3715 3720 3731
f 3715 3731 3729
f 3720 3732 3731
f 3710 3712 3722
f 3711 3730 3712
f 3712 3733 3722
f 3712 3730 3733
f 3719 3724 3720
f 3723 3726 3724
f 3720 3724 3732
f 3724 3734 3732
f 3724 3726 3734
f 3726 3735 3734
f 3722 3733 3736
f 3727 3729 3737
f 3729 3731 3738
f 3727 3739 3728
f 3728 3740 3730
f 3731 3732 3741
f 3732 3734 3742
f 3734 3735 3743
f 3729 3738 3737
f 3731 3741 3738
f 3727 3737 3739
f 3728 3739 3740
f 3732 3742 3741
f 3734 3743 3742
f 3737 3738 3744
f 3737 3744 3739
f 3738 3741 3744
f 3745 3733 3730
f 3733 3746 3736
f 3740 3745 3730
f 3745 3746 3733
f 3739 3744 3740
f 3746 3747 3736
f 3484 3658 3571
f 3571 3748 3573
f 3571 3658 3748
f 3657 3668 3658
f 3659 3687 3668
f 3658 3668 3749
f 3658 3749 3748
f 3668 3750 3749
f 3573 3751 3586
f 3748 3751 3573
f 3586 3751 3752
f 3748 3749 3753
f 3748 3753 3751
f 3489 3589 3672
f 3672 3589 3674
f 3589 3591 3674
f 3674 3591 3754
f 3673 3674 3676
f 3676 3674 3754
f 3676 3755 3693
f 3676 3754 3755
f 3586 3752 3587
f 3591 3620 3754
f 3749 3756 3753
f 3751 3753 3757
f 3751 3757 3752
f 3753 3758 3757
f 3757 3759 3760
f 3669 3761 3687
f 3668 3687 3750
f 3669 3688 3761
f 3761 3762 3687
f 3688 3763 3761
f 3688 3690 3763
f 3749 3750 3756
f 3687 3762 3750
f 3676 3693 3677
f 3761 3763 3764
f 3750 3762 3765
f 3761 3764 3762
f 3762 3764 3766
f 3693 3697 3694
f 3762 3766 3765
f 3753 3756 3758
f 3750 3765 3756
f 3756 3767 3758
f 3758 3759 3757
f 3756 3765 3767
f 3765 3766 3768
f 3765 3768 3767
f 3758 3767 3769
f 3587 3770 3603
f 3752 3770 3587
f 3603 3771 3604
f 3770 3771 3603
f 3752 3760 3770
f 3752 3757 3760
f 3770 3760 3772
f 3690 3773 3763
f 3763 3774 3764
f 3690 3709 3773
f 3763 3773 3774
f 3764 3775 3766
f 3764 3774 3775
f 3766 3775 3776
f 3709 3777 3773
f 3709 3721 3777
f 3721 3778 3777
f 3773 3779 3774
f 3773 3777 3779
f 3777 3780 3779
f 3774 3781 3775
f 3774 3779 3781
f 3779 3782 3781
f 3766 3776 3768
f 3721 3722 3778
f 3777 3778 3780
f 3779 3780 3782
f 3722 3736 3778
f 3778 3736 3783
f 3778 3783 3780
f 3780 3784 3782
f 3783 3784 3780
f 3736 3747 3783
f 3696 3697 3785
f 3696 3785 3718
f 3718 3785 3786
f 3718 3786 3725
f 3786 3787 3725
f 3725 3787 3788
f 3787 3789 3790
f 3726 3725 3788
f 3787 3790 3788
f 3726 3788 3735
f 3788 3790 3791
f 3735 3788 3791
f 3790 3792 3791
f 3790 3793 3792
f 3789 3793 3790
f 3793 3794 3795
f 3793 3795 3792
f 3735 3796 3743
f 3741 3742 3744
f 3742 3743 3744
f 3735 3791 3796
f 3797 3791 3792
f 3798 3792 3795
f 3796 3791 3797
f 3797 3792 3798
f 3740 3744 3745
f 3743 3796 3744
f 3745 3744 3746
f 3746 3744 3747
f 3747 3744 3799
f 3796 3797 3744
f 3797 3798 3744
f 3798 3800 3744
f 3800 3801 3744
f 3799 3744 3802
f 3802 3744 3803
f 3803 3744 3804
f 3783 3747 3799
f 3799 3802 3784
f 3798 3795 3800
f 3800 3805 3801
f 3801 3806 3744
f 3744 3806 3807
f 3744 3807 3808
f 3744 3808 3809
f 3744 3809 3810
f 3744 3810 3811
f 3744 3812 3804
f 3744 3813 3812
f 3744 3814 3813
f 3744 3815 3814
f 3744 3816 3815
f 3744 3817 3816
f 3800 3795 3805
f 3801 3805 3818
f 3806 3818 3819
f 3744 3811 3820
f 3744 3820 3821
f 3744 3822 3823
f 3744 3821 3824
f 3744 3824 3822
f 3801 3818 3806
f 3806 3819 3807
f 3807 3825 3808
f 3744 3823 3817
f 3808 3826 3809
f 3809 3827 3810
f 3810 3828 3811
f 3811 3829 3820
f 3754 3830 3755
f 3755 3831 3832
f 3754 3620 3830
f 3830 3620 3622
f 3830 3622 3833
f 3755 3830 3831
f 3830 3833 3831
f 3831 3834 3835
f 3831 3833 3834
f 3834 3833 3836
f 3834 3837 3838
f 3834 3836 3837
f 3693 3832 3697
f 3693 3755 3832
f 3831 3835 3832
f 3832 3835 3839
f 3697 3832 3839
f 3697 3839 3785
f 3839 3840 3785
f 3835 3841 3839
f 3839 3841 3840
f 3841 3842 3840
f 3841 3843 3842
f 3843 3844 3842
f 3758 3769 3759
f 3834 3838 3835
f 3835 3838 3841
f 3767 3768 3845
f 3769 3846 3759
f 3767 3845 3769
f 3769 3845 3847
f 3769 3847 3846
f 3841 3838 3843
f 3847 3848 3846
f 3838 3849 3843
f 3838 3837 3849
f 3849 3850 3851
f 3849 3851 3843
f 3843 3851 3844
f 3851 3852 3844
f 3851 3853 3852
f 3853 3854 3852
f 3851 3850 3853
f 3853 3855 3854
f 3854 3855 3856
f 3622 3629 3833
f 3833 3629 3836
f 3760 3857 3772
f 3770 3772 3771
f 3771 3858 3859
f 3771 3772 3858
f 3772 3860 3858
f 3858 3861 3862
f 3604 3859 3609
f 3604 3771 3859
f 3609 3859 3863
f 3609 3863 3631
f 3863 3864 3631
f 3858 3862 3859
f 3862 3863 3859
f 3836 3629 3634
f 3836 3634 3865
f 3836 3865 3837
f 3837 3865 3866
f 3849 3837 3866
f 3866 3867 3850
f 3866 3865 3868
f 3866 3868 3867
f 3631 3864 3869
f 3865 3634 3638
f 3868 3638 3640
f 3865 3638 3868
f 3862 3870 3863
f 3862 3871 3870
f 3863 3870 3864
f 3864 3870 3872
f 3873 3872 3870
f 3864 3872 3874
f 3872 3875 3874
f 3872 3876 3875
f 3760 3759 3857
f 3772 3857 3860
f 3759 3846 3857
f 3857 3877 3860
f 3858 3860 3861
f 3857 3846 3877
f 3877 3878 3860
f 3846 3848 3877
f 3877 3848 3879
f 3849 3866 3850
f 3862 3861 3871
f 3860 3878 3861
f 3861 3880 3871
f 3867 3881 3850
f 3853 3850 3881
f 3871 3882 3873
f 3877 3879 3878
f 3878 3879 3883
f 3878 3883 3880
f 3878 3880 3861
f 3853 3881 3855
f 3880 3883 3884
f 3882 3884 3885
f 3871 3880 3882
f 3873 3882 3886
f 3880 3884 3882
f 3871 3873 3870
f 3873 3876 3872
f 3856 3855 3887
f 3856 3887 3888
f 3867 3889 3881
f 3868 3640 3890
f 3890 3640 3891
f 3890 3891 3892
f 3868 3890 3867
f 3867 3890 3889
f 3889 3890 3892
f 3889 3893 3894
f 3875 3895 3896
f 3875 3897 3895
f 3889 3892 3893
f 3898 3893 3899
f 3893 3900 3899
f 3892 3900 3893
f 3895 3901 3902
f 3899 3903 3904
f 3905 3899 3904
f 3902 3906 3907
f 3904 3908 3909
f 3907 3910 3908
f 3881 3894 3855
f 3881 3889 3894
f 3887 3894 3898
f 3894 3893 3898
f 3911 3898 3905
f 3855 3894 3887
f 3887 3911 3888
f 3911 3912 3888
f 3882 3885 3886
f 3886 3885 3913
f 3886 3913 3914
f 3911 3915 3912
f 3915 3916 3912
f 3887 3898 3911
f 3911 3905 3915
f 3914 3913 3917
f 3914 3917 3918
f 3918 3917 3919
f 3918 3919 3920
f 3873 3886 3876
f 3914 3897 3876
f 3875 3876 3897
f 3898 3899 3905
f 3918 3901 3897
f 3895 3897 3901
f 3902 3901 3906
f 3886 3914 3876
f 3914 3918 3897
f 3918 3920 3901
f 3921 3922 3916
f 3915 3909 3921
f 3915 3921 3916
f 3920 3919 3923
f 3921 3924 3922
f 3924 3923 3922
f 3920 3923 3924
f 3905 3904 3909
f 3905 3909 3915
f 3920 3906 3901
f 3921 3909 3910
f 3924 3910 3906
f 3907 3906 3910
f 3908 3910 3909
f 3920 3924 3906
f 3921 3910 3924
f 3785 3840 3786
f 3786 3840 3925
f 3925 3840 3842
f 3925 3842 3926
f 3842 3844 3926
f 3926 3844 3927
f 3786 3925 3787
f 3925 3789 3787
f 3775 3928 3776
f 3775 3781 3928
f 3781 3929 3928
f 3928 3930 3931
f 3925 3926 3789
f 3789 3926 3932
f 3932 3926 3927
f 3932 3927 3933
f 3789 3932 3793
f 3932 3933 3794
f 3768 3934 3845
f 3768 3776 3934
f 3934 3935 3845
f 3845 3935 3847
f 3847 3936 3848
f 3847 3935 3936
f 3776 3931 3934
f 3928 3931 3776
f 3934 3931 3937
f 3934 3937 3935
f 3935 3938 3936
f 3935 3937 3938
f 3931 3939 3937
f 3937 3940 3938
f 3844 3852 3927
f 3927 3852 3941
f 3942 3933 3943
f 3927 3941 3933
f 3941 3943 3933
f 3941 3944 3943
f 3943 3945 3946
f 3943 3944 3945
f 3945 3947 3948
f 3945 3948 3949
f 3948 3950 3951
f 3941 3852 3854
f 3952 3879 3848
f 3936 3952 3848
f 3952 3953 3879
f 3854 3856 3944
f 3941 3854 3944
f 3944 3856 3947
f 3953 3954 3883
f 3936 3938 3955
f 3938 3956 3955
f 3955 3957 3958
f 3936 3955 3952
f 3952 3958 3953
f 3952 3955 3958
f 3945 3944 3947
f 3948 3947 3959
f 3958 3960 3961
f 3961 3962 3963
f 3961 3954 3953
f 3958 3961 3953
f 3961 3963 3954
f 3963 3964 3954
f 3782 3784 3965
f 3781 3782 3929
f 3928 3929 3930
f 3782 3965 3929
f 3929 3966 3930
f 3929 3965 3966
f 3932 3794 3793
f 3794 3933 3942
f 3794 3805 3795
f 3794 3942 3805
f 3805 3942 3818
f 3931 3930 3939
f 3930 3966 3967
f 3930 3967 3939
f 3939 3968 3940
f 3939 3967 3968
f 3940 3968 3969
f 3783 3799 3784
f 3802 3965 3784
f 3803 3966 3965
f 3804 3967 3966
f 3802 3803 3965
f 3803 3804 3966
f 3804 3812 3967
f 3812 3968 3967
f 3807 3819 3825
f 3813 3969 3968
f 3814 3970 3969
f 3812 3813 3968
f 3813 3814 3969
f 3814 3815 3970
f 3815 3816 3971
f 3816 3817 3972
f 3937 3939 3940
f 3942 3943 3946
f 3818 3942 3946
f 3818 3946 3819
f 3819 3946 3949
f 3819 3949 3825
f 3945 3949 3946
f 3940 3969 3956
f 3969 3970 3956
f 3970 3957 3956
f 3970 3971 3957
f 3825 3949 3951
f 3825 3951 3826
f 3973 3827 3826
f 3948 3951 3949
f 3951 3950 3973
f 3951 3973 3826
f 3971 3960 3957
f 3972 3962 3960
f 3971 3972 3960
f 3973 3974 3827
f 3827 3974 3828
f 3975 3976 3962
f 3972 3975 3962
f 3808 3825 3826
f 3815 3971 3970
f 3816 3972 3971
f 3809 3826 3827
f 3810 3827 3828
f 3817 3975 3972
f 3817 3823 3975
f 3822 3977 3823
f 3820 3978 3821
f 3822 3824 3979
f 3821 3980 3824
f 3811 3828 3829
f 3823 3977 3975
f 3820 3829 3978
f 3822 3979 3977
f 3821 3978 3980
f 3824 3980 3979
f 3938 3940 3956
f 3955 3956 3957
f 3958 3957 3960
f 3961 3960 3962
f 3963 3962 3976
f 3879 3953 3883
f 3954 3884 3883
f 3954 3964 3884
f 3973 3950 3981
f 3981 3982 3974
f 3947 3888 3959
f 3947 3856 3888
f 3959 3888 3912
f 3959 3912 3983
f 3983 3912 3916
f 3983 3916 3984
f 3984 3922 3985
f 3948 3959 3950
f 3950 3959 3983
f 3950 3983 3981
f 3963 3976 3986
f 3986 3987 3988
f 3963 3986 3964
f 3986 3989 3964
f 3986 3988 3989
f 3988 3990 3989
f 3983 3984 3981
f 3984 3982 3981
f 3982 3985 3991
f 3982 3991 3992
f 3993 3988 3994
f 3991 3995 3996
f 3993 3997 3995
f 3993 3990 3988
f 3984 3985 3982
f 3993 3995 3998
f 3993 3998 3990
f 3991 3999 3995
f 3991 3985 3999
f 3995 3999 3998
f 3973 3981 3974
f 3982 3992 3974
f 3828 3974 3992
f 3828 3992 3829
f 3987 3976 3977
f 3975 3977 3976
f 3987 3977 3979
f 3992 3996 3829
f 3996 3978 3829
f 3994 3979 3980
f 3987 3979 3994
f 3991 3996 3992
f 3995 3997 3996
f 3996 3997 3978
f 3997 3980 3978
f 3994 3980 3997
f 3986 3976 3987
f 3988 3987 3994
f 3993 3994 3997
f 3884 3964 3885
f 3989 3913 3885
f 3964 3989 3885
f 3989 3990 3913
f 3913 3990 3917
f 3984 3916 3922
f 3998 3919 3917
f 3990 3998 3917
f 3985 3922 3923
f 3999 3923 3919
f 3998 3999 3919
f 3985 3923 3999
f 3519 4000 3548
f 3519 3549 4000
f 3521 4001 3549
f 3521 3552 4001
f 3548 4002 3550
f 3541 3558 3560
f 3550 4003 3551
f 3548 4000 4002
f 3549 4004 4000
f 3549 4001 4004
f 3550 4002 4003
f 4000 4005 4002
f 4000 4004 4005
f 3522 4006 3552
f 3522 3594 4006
f 3594 3596 4006
f 3552 4006 4007
f 3552 4007 4001
f 3596 4008 4006
f 4006 4008 4007
f 4008 4009 4007
f 4001 4007 4010
f 4001 4010 4004
f 3596 3607 4008
f 3542 3560 3612
f 3551 4011 3558
f 3543 3612 3613
f 3558 4012 3560
f 3611 4013 3618
f 3551 4003 4011
f 4002 4014 4003
f 4002 4005 4014
f 3558 4011 4012
f 4003 4015 4011
f 3545 3613 3616
f 3547 3616 3615
f 3610 3614 4016
f 3614 3615 4017
f 3610 4016 3617
f 3611 3617 4013
f 3617 4018 4013
f 3614 4017 4016
f 3560 4019 3612
f 3612 4020 3613
f 3560 4012 4019
f 3617 4016 4018
f 4016 4021 4018
f 3612 4019 4020
f 4003 4014 4015
f 4011 4022 4012
f 4011 4015 4022
f 3615 3616 4023
f 3613 4024 3616
f 3615 4023 4017
f 3613 4020 4024
f 4016 4017 4021
f 3616 4024 4023
f 4017 4023 4025
f 4017 4025 4021
f 4012 4026 4019
f 4012 4022 4026
f 4019 4027 4020
f 4019 4026 4027
f 4023 4024 4028
f 4023 4028 4025
f 4020 4029 4024
f 4020 4027 4029
f 4024 4029 4028
f 4004 4010 4030
f 4004 4030 4005
f 4007 4009 4010
f 4009 4031 4010
f 4010 4031 4030
f 4031 4032 4030
f 3618 4013 3624
f 3624 4013 4033
f 3626 3624 4033
f 3626 4033 3635
f 3635 4033 4034
f 3635 4034 4035
f 4013 4018 4033
f 4033 4018 4034
f 4008 3607 4036
f 3607 3632 4036
f 4008 4036 4009
f 4036 4037 4009
f 4036 4038 4037
f 3607 3608 3632
f 4036 3632 4038
f 3632 3631 3869
f 3632 3869 4038
f 4009 4037 4031
f 3635 3636 3630
f 3637 3636 4039
f 3635 4035 3636
f 3636 4035 4039
f 4038 3869 4040
f 4038 4041 4037
f 4038 4040 4041
f 4041 4040 4042
f 4041 4042 4043
f 4031 4037 4044
f 4037 4041 4044
f 4031 4044 4032
f 4044 4043 4045
f 4032 4044 4045
f 4032 4045 4046
f 4044 4041 4043
f 4005 4047 4014
f 4005 4030 4047
f 4014 4047 4048
f 4014 4048 4015
f 4015 4048 4049
f 4015 4049 4022
f 4030 4032 4047
f 4032 4046 4047
f 4047 4046 4048
f 4046 4050 4048
f 4018 4021 4034
f 4021 4051 4034
f 4035 4034 4051
f 4035 4051 4052
f 4039 4053 3639
f 3637 4039 3639
f 3639 4054 3640
f 3639 4053 4054
f 4043 4042 4055
f 4054 3891 3640
f 4054 4056 3891
f 4056 4057 3891
f 4039 4035 4052
f 4039 4052 4053
f 4045 4058 4046
f 4045 4059 4058
f 4053 4060 4054
f 4052 4061 4053
f 4061 4060 4053
f 4058 4062 4063
f 4043 4059 4045
f 4043 4055 4059
f 4054 4060 4056
f 4059 4055 4064
f 4059 4064 4062
f 4059 4062 4058
f 4065 4066 4057
f 4060 4067 4068
f 4056 4060 4068
f 4063 4069 4070
f 4068 4071 4065
f 4056 4068 4065
f 4056 4065 4057
f 4062 4064 4072
f 4062 4072 4069
f 4069 4072 4073
f 4063 4062 4069
f 4069 4074 4070
f 4065 4074 4066
f 4074 4073 4066
f 4065 4071 4074
f 4069 4073 4074
f 4021 4025 4051
f 4051 4025 4075
f 4048 4050 4049
f 4052 4051 4075
f 4052 4075 4061
f 4076 4077 4049
f 4050 4076 4049
f 4022 4049 4077
f 4022 4077 4026
f 4026 4077 4078
f 4025 4028 4075
f 4075 4028 4079
f 4061 4075 4079
f 4076 4080 4077
f 4061 4079 4067
f 4067 4081 4082
f 4026 4078 4027
f 4028 4029 4079
f 4027 4081 4029
f 4027 4078 4081
f 4029 4081 4079
f 4077 4080 4078
f 4067 4079 4081
f 4078 4082 4081
f 4080 4082 4078
f 4046 4058 4050
f 4058 4063 4050
f 4063 4076 4050
f 4063 4070 4076
f 4061 4067 4060
f 4076 4070 4080
f 4068 4067 4082
f 4080 4070 4071
f 4068 4082 4071
f 4074 4071 4070
f 4080 4071 4082
f 3869 3874 4040
f 3864 3874 3869
f 4040 3896 4042
f 3874 3896 4040
f 3874 3875 3896
f 3896 4083 4042
f 4083 4055 4042
f 3892 3891 4057
f 3892 4057 3900
f 4084 4064 4055
f 4083 4084 4055
f 3896 3895 4083
f 4083 3895 3902
f 4083 3902 4084
f 4084 3902 3907
f 3900 4066 3903
f 3900 4057 4066
f 4085 4072 4064
f 4084 4085 4064
f 4085 4086 4072
f 3903 4066 4073
f 3903 4073 4086
f 3899 3900 3903
f 4084 3907 4085
f 4085 3907 3908
f 3904 3903 4086
f 4085 3908 4086
f 3904 4086 3908
f 4072 4086 4073
f 4087 4088 4089
f 4089 4090 4091
f 4090 4092 4093
f 4094 4095 4092
f 4096 4097 4098
f 4096 4099 4097
f 4098 4097 4088
f 4099 4100 4097
f 4088 4097 4089
f 4100 4101 4097
f 4102 4094 4103
f 4104 4103 4105
f 4106 4105 4107
f 4104 4105 4106
f 4106 4107 4108
f 4109 4110 4108
f 4097 4111 4112
f 4097 4113 4111
f 4114 4112 4115
f 4089 4097 4090
f 4090 4097 4092
f 4094 4092 4097
f 4094 4097 4103
f 4103 4097 4105
f 4105 4097 4107
f 4109 4108 4107
f 4109 4116 4110
f 4101 4117 4097
f 4117 4118 4097
f 4097 4118 4119
f 4097 4119 4120
f 4097 4120 4121
f 4097 4121 4122
f 4109 4107 4097
f 4109 4097 4116
f 4123 4097 4114
f 4116 4097 4123
f 4097 4122 4124
f 4097 4124 4125
f 4097 4125 4126
f 4114 4097 4112
f 4097 4127 4128
f 4097 4126 4129
f 4097 4129 4130
f 4097 4130 4127
f 4116 4123 4131
f 4123 4114 4132
f 4125 4133 4126
f 4129 4126 4134
f 4116 4131 4110
f 4123 4132 4131
f 4114 4115 4132
f 4110 4131 4135
f 4110 4135 4136
f 4135 4137 4138
f 4131 4132 4137
f 4131 4137 4135
f 4132 4115 4139
f 4132 4139 4137
f 4139 4115 4140
f 4137 4139 4141
f 4139 4140 4142
f 4137 4141 4138
f 4139 4142 4141
f 4141 4142 4143
f 4142 4144 4143
f 4144 4145 4143
f 4144 4146 4145
f 4145 4146 4147
f 4148 4149 4150
f 4149 4151 4150
f 4148 4150 4152
f 4150 4151 4153
f 4151 4154 4155
f 4148 4152 4156
f 4149 4087 4151
f 4087 4154 4151
f 4156 4152 4157
f 4087 4091 4154
f 4154 4091 4158
f 4156 4157 4159
f 4159 4160 4161
f 4159 4157 4160
f 4154 4158 4162
f 4158 4163 4164
f 4150 4165 4152
f 4152 4166 4157
f 4157 4167 4160
f 4153 4155 4168
f 4155 4169 4168
f 4153 4168 4170
f 4158 4164 4162
f 4171 4164 4163
f 4151 4155 4153
f 4150 4153 4165
f 4154 4162 4155
f 4152 4165 4166
f 4155 4162 4169
f 4162 4164 4172
f 4164 4173 4172
f 4153 4170 4165
f 4162 4172 4169
f 4165 4170 4174
f 4165 4174 4166
f 4157 4166 4167
f 4160 4167 4175
f 4171 4173 4164
f 4171 4176 4177
f 4171 4177 4173
f 4166 4178 4167
f 4166 4174 4178
f 4167 4179 4175
f 4167 4178 4179
f 4172 4180 4169
f 4172 4173 4181
f 4173 4182 4181
f 4177 4183 4184
f 4173 4177 4182
f 4177 4184 4182
f 4183 4185 4184
f 4168 4169 4186
f 4168 4187 4170
f 4186 4169 4180
f 4168 4186 4187
f 4170 4188 4174
f 4172 4181 4180
f 4187 4188 4170
f 4174 4188 4189
f 4174 4189 4178
f 4178 4190 4179
f 4178 4189 4190
f 4179 4190 4191
f 4148 4098 4149
f 4148 4156 4096
f 4087 4089 4091
f 4149 4088 4087
f 4156 4159 4099
f 4159 4161 4100
f 4148 4096 4098
f 4149 4098 4088
f 4156 4099 4096
f 4159 4100 4099
f 4100 4161 4101
f 4090 4093 4091
f 4092 4095 4093
f 4101 4161 4192
f 4102 4095 4094
f 4117 4192 4193
f 4118 4193 4194
f 4093 4095 4163
f 4102 4195 4095
f 4102 4196 4195
f 4158 4091 4093
f 4158 4093 4163
f 4161 4197 4192
f 4160 4197 4161
f 4095 4195 4163
f 4192 4198 4193
f 4192 4197 4198
f 4193 4198 4199
f 4171 4163 4195
f 4196 4176 4195
f 4102 4104 4196
f 4104 4200 4196
f 4104 4106 4200
f 4201 4200 4106
f 4201 4202 4200
f 4193 4199 4194
f 4194 4199 4203
f 4194 4203 4204
f 4204 4203 4205
f 4196 4200 4206
f 4160 4175 4197
f 4197 4207 4198
f 4198 4208 4199
f 4199 4209 4203
f 4203 4210 4205
f 4101 4192 4117
f 4117 4193 4118
f 4118 4194 4119
f 4119 4204 4120
f 4120 4211 4121
f 4102 4103 4104
f 4119 4194 4204
f 4120 4204 4211
f 4121 4211 4212
f 4121 4212 4122
f 4122 4213 4124
f 4125 4124 4214
f 4122 4212 4213
f 4124 4213 4214
f 4125 4214 4133
f 4126 4133 4134
f 4201 4106 4108
f 4201 4108 4136
f 4110 4136 4108
f 4201 4136 4215
f 4136 4135 4216
f 4204 4205 4211
f 4211 4217 4212
f 4211 4205 4217
f 4212 4218 4213
f 4212 4217 4218
f 4218 4217 4219
f 4214 4220 4133
f 4213 4221 4214
f 4213 4218 4221
f 4214 4221 4220
f 4218 4222 4221
f 4220 4221 4223
f 4205 4224 4217
f 4171 4195 4176
f 4196 4206 4176
f 4176 4206 4183
f 4206 4202 4225
f 4201 4215 4202
f 4200 4202 4206
f 4202 4215 4226
f 4202 4226 4225
f 4215 4227 4226
f 4226 4227 4228
f 4227 4229 4228
f 4197 4175 4207
f 4198 4207 4208
f 4177 4176 4183
f 4206 4225 4183
f 4175 4230 4207
f 4175 4179 4230
f 4207 4231 4208
f 4207 4230 4231
f 4199 4208 4209
f 4203 4209 4210
f 4209 4232 4210
f 4209 4208 4233
f 4208 4231 4233
f 4209 4233 4232
f 4183 4225 4185
f 4226 4234 4225
f 4225 4234 4185
f 4230 4235 4231
f 4226 4228 4234
f 4233 4231 4236
f 4233 4237 4232
f 4233 4236 4237
f 4136 4216 4215
f 4135 4138 4216
f 4216 4227 4215
f 4216 4238 4227
f 4216 4138 4238
f 4138 4239 4238
f 4138 4141 4239
f 4141 4143 4239
f 4218 4219 4222
f 4221 4222 4223
f 4222 4240 4223
f 4222 4241 4240
f 4239 4242 4238
f 4239 4243 4242
f 4227 4238 4229
f 4229 4238 4242
f 4239 4143 4243
f 4143 4145 4243
f 4205 4210 4224
f 4217 4224 4219
f 4210 4244 4224
f 4210 4232 4244
f 4224 4245 4219
f 4224 4244 4245
f 4222 4219 4241
f 4219 4245 4241
f 4232 4246 4244
f 4232 4237 4246
f 4244 4246 4247
f 4244 4247 4245
f 4245 4248 4241
f 4245 4247 4248
f 4179 4191 4230
f 4230 4191 4235
f 4231 4235 4236
f 4185 4249 4184
f 4185 4250 4249
f 4180 4181 4251
f 4186 4180 4252
f 4180 4251 4252
f 4186 4252 4253
f 4186 4253 4187
f 4181 4254 4251
f 4251 4254 4255
f 4251 4256 4252
f 4252 4257 4253
f 4251 4255 4256
f 4252 4256 4257
f 4254 4258 4255
f 4253 4257 4259
f 4258 4260 4255
f 4256 4255 4261
f 4256 4262 4257
f 4182 4254 4181
f 4182 4263 4254
f 4187 4264 4188
f 4187 4253 4264
f 4188 4265 4189
f 4188 4264 4265
f 4263 4258 4254
f 4263 4249 4266
f 4182 4184 4263
f 4184 4249 4263
f 4249 4250 4267
f 4189 4265 4268
f 4189 4268 4190
f 4190 4268 4269
f 4263 4266 4258
f 4266 4267 4270
f 4267 4250 4271
f 4249 4267 4266
f 4267 4271 4272
f 4253 4259 4264
f 4264 4273 4265
f 4265 4274 4268
f 4264 4259 4273
f 4258 4266 4275
f 4257 4276 4259
f 4259 4277 4273
f 4265 4273 4274
f 4268 4274 4278
f 4273 4279 4274
f 4255 4260 4261
f 4256 4261 4262
f 4258 4275 4260
f 4257 4262 4276
f 4260 4275 4280
f 4272 4271 4281
f 4266 4270 4275
f 4272 4282 4270
f 4259 4276 4277
f 4275 4270 4283
f 4283 4270 4282
f 4267 4272 4270
f 4272 4284 4282
f 4272 4281 4284
f 4284 4281 4285
f 4273 4277 4279
f 4279 4277 4286
f 4282 4284 4287
f 4284 4285 4288
f 4284 4288 4287
f 4234 4228 4289
f 4234 4250 4185
f 4234 4289 4250
f 4289 4290 4291
f 4228 4290 4289
f 4229 4290 4228
f 4229 4292 4290
f 4292 4293 4290
f 4292 4294 4293
f 4290 4293 4291
f 4293 4294 4295
f 4229 4242 4292
f 4242 4296 4292
f 4242 4243 4296
f 4243 4297 4296
f 4296 4297 4298
f 4145 4297 4243
f 4145 4147 4297
f 4147 4299 4297
f 4147 4300 4299
f 4297 4299 4298
f 4298 4299 4301
f 4299 4300 4302
f 4292 4296 4294
f 4246 4237 4303
f 4248 4247 4304
f 4246 4305 4247
f 4246 4303 4305
f 4247 4305 4304
f 4305 4303 4306
f 4296 4298 4294
f 4298 4307 4294
f 4305 4306 4308
f 4307 4309 4295
f 4299 4302 4301
f 4302 4310 4311
f 4298 4301 4307
f 4301 4311 4312
f 4294 4307 4295
f 4307 4312 4309
f 4307 4301 4312
f 4302 4311 4301
f 4311 4313 4312
f 4311 4310 4314
f 4311 4314 4313
f 4190 4269 4191
f 4191 4315 4235
f 4289 4271 4250
f 4191 4269 4315
f 4268 4278 4269
f 4269 4316 4315
f 4235 4317 4236
f 4235 4315 4317
f 4236 4317 4318
f 4317 4315 4319
f 4289 4291 4271
f 4291 4281 4271
f 4269 4278 4316
f 4293 4320 4291
f 4315 4316 4319
f 4317 4319 4321
f 4319 4316 4322
f 4274 4323 4278
f 4278 4324 4316
f 4236 4318 4237
f 4237 4318 4303
f 4317 4321 4318
f 4303 4318 4325
f 4318 4321 4325
f 4319 4326 4321
f 4303 4325 4306
f 4325 4321 4327
f 4306 4325 4328
f 4291 4320 4281
f 4320 4285 4281
f 4320 4329 4285
f 4293 4295 4320
f 4320 4295 4329
f 4295 4309 4329
f 4309 4330 4329
f 4309 4331 4330
f 4278 4323 4324
f 4274 4279 4323
f 4279 4332 4323
f 4323 4332 4333
f 4316 4324 4322
f 4322 4324 4334
f 4323 4333 4324
f 4324 4333 4334
f 4285 4329 4335
f 4288 4285 4335
f 4329 4330 4335
f 4333 4336 4337
f 4319 4322 4326
f 4321 4326 4327
f 4325 4327 4328
f 4326 4338 4327
f 4326 4339 4338
f 4327 4338 4340
f 4309 4312 4331
f 4331 4312 4313
f 4322 4334 4339
f 4322 4339 4326
f 4334 4341 4339
f 4333 4337 4334
f 4334 4337 4341
f 4338 4339 4342
f 4339 4341 4342
f 4343 4344 4345
f 4343 4346 4344
f 4343 4347 4346
f 4097 4348 4349
f 4097 4349 4113
f 4097 4350 4348
f 4111 4351 4112
f 4352 4111 4113
f 4113 4349 4353
f 4349 4348 4344
f 4348 4350 4345
f 4350 4128 4354
f 4112 4351 4115
f 4352 4351 4111
f 4352 4113 4353
f 4097 4128 4350
f 4127 4130 4355
f 4129 4356 4130
f 4127 4357 4128
f 4127 4355 4357
f 4130 4356 4355
f 4349 4344 4353
f 4348 4345 4344
f 4350 4354 4345
f 4128 4357 4354
f 4351 4140 4115
f 4351 4358 4140
f 4352 4359 4358
f 4352 4358 4351
f 4140 4358 4360
f 4358 4359 4361
f 4355 4356 4362
f 4352 4353 4359
f 4353 4344 4346
f 4353 4346 4359
f 4354 4357 4363
f 4359 4346 4364
f 4355 4365 4357
f 4355 4362 4365
f 4357 4365 4363
f 4365 4362 4366
f 4343 4345 4367
f 4343 4367 4368
f 4367 4363 4369
f 4367 4345 4354
f 4367 4354 4363
f 4365 4370 4363
f 4347 4364 4346
f 4347 4371 4364
f 4347 4372 4371
f 4373 4371 4372
f 4373 4374 4371
f 4358 4361 4360
f 4360 4361 4375
f 4361 4376 4375
f 4142 4140 4360
f 4142 4360 4144
f 4144 4360 4375
f 4359 4364 4361
f 4361 4364 4376
f 4364 4371 4376
f 4362 4377 4366
f 4377 4378 4366
f 4377 4379 4378
f 4375 4376 4380
f 4144 4375 4146
f 4375 4380 4146
f 4376 4371 4374
f 4380 4376 4374
f 4367 4369 4368
f 4343 4368 4347
f 4347 4368 4372
f 4368 4381 4372
f 4368 4369 4381
f 4369 4382 4381
f 4369 4370 4382
f 4382 4370 4383
f 4381 4382 4384
f 4381 4384 4385
f 4381 4385 4372
f 4373 4372 4385
f 4382 4386 4384
f 4382 4383 4386
f 4386 4383 4387
f 4369 4363 4370
f 4366 4383 4370
f 4366 4378 4383
f 4365 4366 4370
f 4383 4378 4387
f 4378 4388 4387
f 4379 4388 4378
f 4379 4389 4388
f 4390 4391 4392
f 4390 4392 4393
f 4393 4392 4394
f 4373 4395 4374
f 4373 4396 4395
f 4380 4397 4146
f 4147 4146 4397
f 4380 4398 4397
f 4398 4399 4397
f 4374 4395 4398
f 4380 4374 4398
f 4395 4400 4398
f 4397 4399 4300
f 4395 4401 4400
f 4400 4401 4402
f 4398 4400 4399
f 4400 4403 4399
f 4385 4384 4404
f 4385 4404 4396
f 4404 4405 4396
f 4373 4385 4396
f 4396 4401 4395
f 4384 4386 4390
f 4384 4390 4404
f 4386 4391 4390
f 4386 4387 4391
f 4390 4393 4404
f 4406 4391 4387
f 4406 4407 4408
f 4396 4405 4401
f 4405 4409 4401
f 4393 4405 4404
f 4393 4410 4405
f 4388 4389 4407
f 4389 4411 4407
f 4406 4387 4388
f 4406 4388 4407
f 4407 4411 4412
f 4408 4407 4412
f 4412 4413 4414
f 4412 4411 4413
f 4413 4415 4416
f 4399 4403 4417
f 4402 4418 4419
f 4400 4402 4403
f 4403 4419 4420
f 4402 4419 4403
f 4419 4418 4421
f 4405 4410 4409
f 4409 4410 4422
f 4409 4422 4418
f 4393 4394 4410
f 4410 4423 4422
f 4394 4423 4410
f 4423 4424 4425
f 4423 4425 4422
f 4422 4425 4426
f 4409 4402 4401
f 4409 4418 4402
f 4413 4416 4414
f 4416 4427 4428
f 4422 4426 4418
f 4418 4426 4421
f 4391 4429 4392
f 4392 4429 4430
f 4429 4408 4431
f 4394 4392 4430
f 4429 4431 4430
f 4394 4430 4432
f 4394 4432 4423
f 4433 4432 4430
f 4433 4430 4431
f 4433 4431 4434
f 4434 4431 4435
f 4434 4435 4436
f 4432 4437 4424
f 4438 4433 4434
f 4438 4437 4433
f 4433 4437 4432
f 4439 4434 4436
f 4438 4434 4439
f 4439 4436 4440
f 4406 4429 4391
f 4406 4408 4429
f 4408 4412 4435
f 4408 4435 4431
f 4435 4412 4414
f 4435 4414 4436
f 4436 4414 4441
f 4423 4432 4424
f 4436 4441 4440
f 4440 4441 4442
f 4416 4441 4414
f 4416 4428 4441
f 4441 4428 4442
f 4443 4444 4428
f 4442 4428 4444
f 4129 4134 4356
f 4133 4445 4134
f 4133 4220 4445
f 4134 4445 4446
f 4134 4446 4356
f 4356 4446 4362
f 4220 4447 4445
f 4446 4445 4448
f 4446 4377 4362
f 4448 4445 4447
f 4448 4447 4449
f 4449 4447 4450
f 4220 4223 4447
f 4447 4223 4450
f 4223 4240 4450
f 4446 4448 4377
f 4377 4448 4379
f 4448 4449 4379
f 4241 4451 4240
f 4450 4240 4452
f 4240 4451 4452
f 4449 4450 4453
f 4379 4449 4389
f 4453 4450 4452
f 4449 4453 4389
f 4241 4248 4451
f 4147 4397 4300
f 4451 4454 4455
f 4453 4452 4456
f 4451 4455 4452
f 4452 4455 4456
f 4455 4454 4457
f 4399 4417 4300
f 4455 4457 4415
f 4457 4458 4459
f 4248 4454 4451
f 4248 4304 4454
f 4454 4304 4458
f 4305 4308 4304
f 4304 4308 4458
f 4308 4306 4460
f 4457 4454 4458
f 4308 4461 4458
f 4453 4411 4389
f 4453 4456 4411
f 4456 4455 4415
f 4411 4456 4413
f 4456 4415 4413
f 4457 4427 4415
f 4302 4300 4417
f 4417 4420 4310
f 4417 4403 4420
f 4302 4417 4310
f 4420 4462 4310
f 4420 4463 4462
f 4419 4463 4420
f 4419 4421 4463
f 4306 4328 4460
f 4458 4461 4459
f 4308 4460 4461
f 4464 4460 4465
f 4461 4460 4464
f 4314 4310 4462
f 4466 4465 4467
f 4457 4459 4427
f 4459 4443 4427
f 4459 4468 4443
f 4416 4415 4427
f 4427 4443 4428
f 4468 4469 4443
f 4468 4470 4469
f 4461 4468 4459
f 4461 4464 4468
f 4468 4464 4470
f 4464 4466 4470
f 4464 4465 4466
f 4327 4340 4328
f 4460 4328 4465
f 4328 4340 4465
f 4338 4471 4340
f 4338 4342 4471
f 4340 4467 4465
f 4340 4471 4467
f 4443 4469 4444
f 4288 4335 4472
f 4314 4462 4473
f 4314 4474 4313
f 4314 4473 4474
f 4473 4475 4476
f 4331 4477 4330
f 4331 4478 4477
f 4330 4479 4335
f 4335 4479 4472
f 4479 4477 4480
f 4330 4477 4479
f 4478 4481 4477
f 4482 4483 4481
f 4477 4481 4480
f 4481 4483 4484
f 4331 4313 4478
f 4313 4474 4478
f 4474 4482 4478
f 4473 4476 4474
f 4474 4476 4482
f 4476 4485 4482
f 4476 4475 4486
f 4476 4486 4485
f 4337 4487 4488
f 4337 4488 4341
f 4341 4488 4489
f 4478 4482 4481
f 4482 4485 4483
f 4483 4485 4490
f 4490 4485 4491
f 4486 4491 4485
f 4486 4492 4491
f 4490 4491 4493
f 4491 4494 4493
f 4491 4492 4494
f 4495 4496 4497
f 4498 4499 4500
f 4493 4501 4502
f 4503 4502 4504
f 4494 4505 4501
f 4494 4501 4493
f 4501 4506 4502
f 4507 4496 4495
f 4495 4497 4500
f 4497 4498 4500
f 4503 4504 4498
f 4507 4508 4509
f 4504 4502 4506
f 4498 4504 4499
f 4508 4510 4511
f 4512 4510 4513
f 4425 4514 4515
f 4426 4515 4516
f 4426 4516 4421
f 4515 4517 4516
f 4425 4515 4426
f 4514 4518 4515
f 4515 4518 4517
f 4518 4519 4520
f 4518 4520 4517
f 4424 4437 4521
f 4438 4522 4437
f 4437 4522 4521
f 4522 4523 4521
f 4523 4524 4525
f 4438 4439 4526
f 4439 4527 4526
f 4528 4526 4527
f 4528 4529 4526
f 4528 4527 4530
f 4528 4531 4529
f 4528 4532 4531
f 4438 4526 4522
f 4439 4440 4527
f 4522 4526 4529
f 4527 4533 4530
f 4440 4533 4527
f 4522 4529 4523
f 4529 4531 4524
f 4529 4524 4523
f 4533 4534 4530
f 4531 4532 4535
f 4531 4536 4524
f 4524 4536 4537
f 4531 4535 4536
f 4536 4535 4538
f 4536 4538 4539
f 4425 4424 4514
f 4424 4521 4514
f 4521 4540 4514
f 4514 4540 4518
f 4540 4519 4518
f 4540 4525 4519
f 4521 4523 4540
f 4523 4525 4540
f 4442 4444 4541
f 4444 4542 4541
f 4440 4442 4533
f 4442 4541 4533
f 4533 4541 4534
f 4534 4543 4544
f 4545 4544 4543
f 4534 4541 4543
f 4542 4543 4541
f 4542 4546 4543
f 4545 4543 4546
f 4545 4546 4547
f 4525 4524 4537
f 4525 4548 4519
f 4525 4537 4548
f 4537 4549 4548
f 4519 4548 4550
f 4520 4519 4550
f 4548 4551 4550
f 4548 4549 4551
f 4536 4539 4537
f 4537 4539 4549
f 4545 4547 4552
f 4547 4553 4552
f 4538 4554 4555
f 4549 4556 4557
f 4549 4557 4551
f 4557 4556 4558
f 4557 4558 4559
f 4559 4558 4560
f 4539 4556 4549
f 4539 4555 4556
f 4555 4561 4556
f 4538 4555 4539
f 4555 4554 4562
f 4555 4562 4561
f 4562 4563 4561
f 4562 4564 4563
f 4556 4561 4558
f 4561 4565 4558
f 4558 4565 4560
f 4561 4563 4565
f 4565 3208 3207
f 4565 3207 4560
f 4560 3207 3204
f 4565 4563 3210
f 4563 3211 3210
f 4563 4566 3211
f 4566 3212 3211
f 4565 3209 3208
f 4565 3210 3209
f 4462 4463 4567
f 4421 4568 4463
f 4463 4568 4567
f 4568 4569 4567
f 4568 4570 4569
f 4569 4570 4571
f 4462 4567 4473
f 4473 4567 4475
f 4567 4569 4475
f 4569 4572 4475
f 4569 4571 4572
f 4421 4516 4568
f 4516 4570 4568
f 4516 4517 4570
f 4517 4573 4570
f 4570 4573 4571
f 4517 4520 4573
f 4466 4467 4574
f 4466 4575 4470
f 4575 4574 4576
f 4466 4574 4575
f 4576 4574 4577
f 4571 4578 4572
f 4571 4579 4578
f 4579 4580 4578
f 4573 4581 4579
f 4520 4581 4573
f 4520 4550 4581
f 4581 4550 4582
f 4581 4582 4583
f 4571 4573 4579
f 4581 4583 4579
f 4579 4583 4580
f 4471 4342 4584
f 4467 4471 4585
f 4471 4584 4585
f 4486 4475 4572
f 4341 4489 4342
f 4342 4489 4584
f 4488 4586 4489
f 4584 4489 4587
f 4488 4588 4586
f 4586 4588 4589
f 4489 4586 4587
f 4586 4590 4587
f 4586 4589 4590
f 4467 4585 4574
f 4584 4591 4585
f 4585 4577 4574
f 4585 4591 4577
f 4584 4587 4591
f 4591 4587 4592
f 4577 4591 4593
f 4591 4592 4593
f 4592 4587 4590
f 4572 4578 4492
f 4486 4572 4492
f 4578 4594 4492
f 4578 4580 4594
f 4494 4492 4594
f 4589 4595 4590
f 4592 4590 4596
f 4596 4590 4595
f 4596 4595 4597
f 4595 4598 4597
f 4444 4469 4542
f 4469 4599 4542
f 4470 4599 4469
f 4470 4575 4599
f 4575 4600 4599
f 4542 4599 4546
f 4546 4599 4600
f 4600 4576 4601
f 4575 4576 4600
f 4602 4577 4593
f 4576 4577 4602
f 4576 4602 4601
f 4546 4600 4547
f 4547 4600 4601
f 4582 4550 4551
f 4602 4593 4603
f 4603 4604 4605
f 4602 4606 4601
f 4547 4601 4553
f 4553 4601 4606
f 4553 4606 4607
f 4606 4608 4607
f 4602 4603 4606
f 4603 4608 4606
f 4603 4605 4608
f 4592 4604 4593
f 4592 4596 4604
f 4603 4593 4604
f 4596 4609 4604
f 4596 4597 4609
f 4605 4604 4609
f 4582 4610 4611
f 4583 4611 4612
f 4583 4612 4580
f 4612 4613 4614
f 4582 4611 4583
f 4612 4611 4615
f 4612 4615 4613
f 4613 4616 4617
f 4618 4617 4616
f 4611 4619 4615
f 4613 4620 4616
f 4613 4615 4620
f 4621 4622 4623
f 4624 4499 4625
f 4624 4626 4627
f 4625 4622 4621
f 4624 3227 4626
f 4618 4616 3221
f 4618 3221 4628
f 4618 4628 4623
f 4621 4623 4628
f 4624 4625 3227
f 4625 4621 3227
f 4594 4614 4505
f 4580 4614 4594
f 4612 4614 4580
f 4614 4617 4505
f 4504 4622 4499
f 4504 4506 4622
f 4506 4629 4623
f 4506 4623 4622
f 4618 4629 4617
f 4618 4623 4629
f 4617 4629 4505
f 4494 4594 4505
f 4501 4505 4629
f 4501 4629 4506
f 4630 4513 4631
f 4632 4633 4634
f 4632 4631 4633
f 4635 4636 4634
f 4613 4617 4614
f 4598 4637 4638
f 4637 4639 4638
f 4640 4641 4639
f 4633 4635 4634
f 4642 4636 4635
f 4642 4643 4636
f 4643 4644 4645
f 4642 4644 4643
f 4645 4641 4640
f 4495 4500 4627
f 4507 4495 4626
f 4507 4646 4508
f 4508 4647 4510
f 4624 4500 4499
f 4625 4499 4622
f 4495 4627 4626
f 4507 4626 4646
f 4624 4627 4500
f 4508 4646 4647
f 4510 4648 4513
f 4510 4647 4648
f 4626 3227 4646
f 4513 4648 4649
f 4513 4649 4631
f 4631 3229 4633
f 4646 3227 4647
f 4631 4649 3229
f 4647 3227 4648
f 4648 3227 4649
f 4633 3229 3228
f 4633 3228 3230
f 4633 3230 3232
f 4633 3232 4635
f 4582 4551 4610
f 4551 4557 4610
f 4611 4610 4619
f 4557 4559 4610
f 4559 4619 4610
f 4615 4619 4650
f 4615 4650 4620
f 4651 4650 4619
f 4559 4651 4619
f 4559 4560 4651
f 4605 4609 4652
f 4652 4653 4654
f 4608 4605 4655
f 4605 4652 4655
f 4652 4656 4655
f 4654 4653 4657
f 4658 4657 4659
f 4660 4658 4659
f 4652 4654 4656
f 4654 4657 4661
f 4658 4661 4657
f 4650 3224 4620
f 4620 3226 3220
f 4620 3224 3225
f 4620 3225 3226
f 4651 3223 4650
f 4651 3205 3200
f 4651 3200 3223
f 4650 3223 3222
f 4650 3222 3224
f 4616 4620 3220
f 4616 3219 3221
f 4616 3198 3219
f 4616 3220 3198
f 4628 3221 3218
f 4628 3218 3227
f 4621 4628 3227
f 4662 3248 4663
f 4662 3244 3245
f 4651 4560 3206
f 3206 3205 4651
f 4560 3203 3206
f 4560 3204 3203
f 4663 3248 3247
f 4662 3246 3248
f 4660 4663 3249
f 4663 3247 3249
f 4662 3245 3246
f 4660 3251 4658
f 4660 3249 3250
f 4660 3250 3251
f 4658 3251 3252
f 4658 3242 3241
f 4658 3252 3242
f 4658 3277 4661
f 4658 3241 3277
f 4609 4597 4653
f 4597 4664 4653
f 4659 4664 4638
f 4645 4644 4662
f 4659 4657 4664
f 4660 4665 4663
f 4660 4659 4665
f 4659 4638 4665
f 4641 4663 4665
f 4641 4662 4663
f 4598 4664 4597
f 4598 4638 4664
f 4639 4665 4638
f 4639 4641 4665
f 4645 4662 4641
f 4652 4609 4653
f 4664 4657 4653
f 4642 3237 4644
f 4649 3227 3229
f 4635 3232 3233
f 4635 3233 3234
f 4635 3234 3235
f 4642 3235 3236
f 4642 3236 3237
f 4642 4635 3235
f 4662 4644 3244
f 4644 3237 3238
f 3238 3239 4644
f 4644 3239 3244
f 4260 4666 4261
f 4260 4280 4666
f 4261 4666 4667
f 4261 4667 4262
f 4275 4283 4280
f 4262 4667 4668
f 4280 4669 4666
f 4280 4670 4669
f 4283 4670 4280
f 4667 4666 4671
f 4667 4672 4668
f 4283 4673 4670
f 4667 4671 4672
f 4666 4669 4671
f 4262 4668 4276
f 4276 4674 4277
f 4276 4668 4674
f 4277 4674 4286
f 4283 4282 4673
f 4673 4282 4287
f 4668 4675 4674
f 4668 4672 4675
f 4286 4674 4676
f 4674 4675 4676
f 4279 4286 4332
f 4286 4677 4332
f 4286 4676 4677
f 4333 4332 4336
f 4332 4677 4336
f 4673 4678 4670
f 4669 4670 4679
f 4670 4678 4679
f 4669 4679 4680
f 4678 4681 4679
f 4669 4680 4671
f 4671 4682 4672
f 4673 4683 4678
f 4671 4680 4682
f 4683 4684 4678
f 4679 4685 4680
f 4680 4686 4682
f 4678 4684 4681
f 4683 4687 4684
f 4680 4685 4686
f 4684 4687 4688
f 4288 4689 4287
f 4673 4287 4683
f 4287 4689 4683
f 4288 4472 4689
f 4472 4479 4690
f 4675 4691 4676
f 4472 4692 4689
f 4472 4690 4692
f 4672 4693 4675
f 4672 4682 4693
f 4683 4689 4687
f 4693 4682 4694
f 4675 4693 4691
f 4693 4695 4691
f 4687 4689 4692
f 4682 4686 4694
f 4687 4692 4696
f 4692 4697 4696
f 4690 4697 4692
f 4690 4698 4697
f 4693 4694 4695
f 4694 4699 4695
f 4698 4700 4697
f 4698 4701 4700
f 4700 4701 4702
f 4701 4703 4702
f 4679 4681 4685
f 4684 4704 4681
f 4681 4705 4685
f 4684 4688 4704
f 4681 4704 4705
f 4687 4696 4688
f 4686 4685 4706
f 4685 4705 4706
f 4686 4707 4694
f 4686 4706 4707
f 4694 4707 4699
f 4688 4708 4704
f 4696 4709 4688
f 4705 4710 4706
f 4696 4711 4709
f 4711 4712 4709
f 4711 4713 4712
f 4705 4704 4714
f 4688 4709 4708
f 4704 4708 4714
f 4705 4714 4710
f 4709 4715 4708
f 4709 4712 4715
f 4708 4716 4714
f 4708 4715 4716
f 4714 4716 4717
f 4696 4697 4711
f 4697 4700 4711
f 4706 4718 4707
f 4706 4710 4718
f 4707 4718 4719
f 4700 4713 4711
f 4700 4702 4713
f 4714 4717 4710
f 4710 4717 4720
f 4710 4720 4718
f 4676 4691 4721
f 4677 4676 4721
f 4677 4722 4336
f 4677 4721 4722
f 4722 4721 4723
f 4690 4479 4480
f 4481 4484 4480
f 4690 4480 4698
f 4480 4484 4698
f 4721 4691 4724
f 4691 4695 4724
f 4724 4695 4725
f 4695 4699 4725
f 4721 4724 4723
f 4724 4726 4723
f 4724 4725 4726
f 4336 4487 4337
f 4336 4722 4487
f 4722 4727 4487
f 4488 4487 4588
f 4722 4723 4727
f 4727 4723 4728
f 4487 4727 4588
f 4727 4729 4588
f 4727 4728 4729
f 4723 4726 4728
f 4484 4701 4698
f 4484 4730 4701
f 4483 4730 4484
f 4483 4490 4730
f 4490 4493 4731
f 4490 4731 4730
f 4701 4730 4703
f 4730 4731 4703
f 4725 4732 4726
f 4726 4732 4733
f 4728 4726 4733
f 4728 4733 4734
f 4732 4735 4736
f 4732 4736 4733
f 4707 4719 4699
f 4699 4719 4737
f 4725 4699 4737
f 4725 4737 4732
f 4718 4738 4719
f 4718 4720 4738
f 4719 4739 4737
f 4719 4738 4739
f 4732 4737 4735
f 4735 4737 4739
f 4496 4509 4740
f 4702 4741 4713
f 4713 4741 4740
f 4740 4509 4742
f 4496 4740 4741
f 4702 4743 4741
f 4742 4511 4744
f 4742 4509 4511
f 4712 4713 4740
f 4712 4740 4742
f 4715 4712 4742
f 4715 4742 4744
f 4715 4744 4716
f 4716 4744 4745
f 4716 4745 4717
f 4717 4745 4746
f 4717 4746 4720
f 4497 4741 4743
f 4503 4731 4502
f 4503 4498 4743
f 4503 4703 4731
f 4496 4741 4497
f 4497 4743 4498
f 4507 4509 4496
f 4508 4511 4509
f 4702 4703 4743
f 4503 4743 4703
f 4512 4745 4744
f 4630 4746 4745
f 4512 4744 4511
f 4512 4630 4745
f 4493 4502 4731
f 4512 4511 4510
f 4630 4632 4746
f 4512 4513 4630
f 4632 4634 4747
f 4632 4747 4746
f 4738 4747 4748
f 4747 4634 4748
f 4739 4748 4749
f 4735 4739 4749
f 4720 4747 4738
f 4720 4746 4747
f 4738 4748 4739
f 4588 4729 4589
f 4728 4734 4729
f 4729 4750 4589
f 4729 4734 4750
f 4750 4734 4637
f 4637 4734 4751
f 4733 4736 4751
f 4733 4751 4734
f 4589 4750 4595
f 4750 4598 4595
f 4750 4637 4598
f 4748 4636 4749
f 4640 4751 4736
f 4640 4736 4752
f 4643 4752 4749
f 4630 4631 4632
f 4748 4634 4636
f 4636 4643 4749
f 4735 4752 4736
f 4735 4749 4752
f 4637 4751 4639
f 4640 4639 4751
f 4645 4640 4752
f 4643 4645 4752
f 4530 4753 4532
f 4528 4530 4532
f 4534 4753 4530
f 4534 4544 4753
f 4532 4753 4754
f 4532 4754 4535
f 4753 4755 4754
f 4753 4544 4755
f 4754 4756 4535
f 4754 4757 4756
f 4754 4755 4757
f 4755 4544 4758
f 4538 4535 4756
f 4758 4552 4759
f 4757 4755 4760
f 4755 4758 4760
f 4760 4758 4759
f 4545 4758 4544
f 4545 4552 4758
f 4552 4761 4759
f 4553 4761 4552
f 4553 4607 4761
f 4757 4762 4756
f 4757 4763 4762
f 4538 4756 4554
f 4756 4762 4554
f 4762 4764 4554
f 4762 4763 4765
f 4762 4765 4764
f 4766 4767 4765
f 4757 4760 4763
f 4760 4768 4763
f 4760 4759 4768
f 4763 4768 4766
f 4768 4769 4766
f 4759 4770 4768
f 4768 4770 4769
f 4763 4766 4765
f 4766 4769 4771
f 4769 4770 4772
f 4766 4771 4767
f 4769 4773 4771
f 4769 4772 4773
f 4562 4554 4764
f 4764 4774 4564
f 4562 4764 4564
f 4764 4765 4774
f 4765 4767 4774
f 4761 4607 4775
f 4775 4776 4777
f 4607 4776 4775
f 4776 4778 4777
f 4778 4779 4777
f 4778 4780 4779
f 4761 4770 4759
f 4770 4775 4772
f 4761 4775 4770
f 4772 4781 4773
f 4772 4775 4777
f 4772 4777 4781
f 4781 4777 4779
f 4774 4782 4564
f 4774 4783 4782
f 4784 3212 4783
f 4767 4783 4774
f 4767 4771 4784
f 4767 4784 4783
f 4784 4785 3212
f 4785 4786 3212
f 4786 4787 3212
f 4563 4564 4566
f 4564 4782 4566
f 4782 3212 4566
f 4783 3212 4782
f 4787 3262 3212
f 4780 3279 3278
f 4779 3271 3264
f 4779 3280 3271
f 4779 4780 3280
f 4780 3278 3280
f 4771 4773 4785
f 4773 4781 4786
f 4784 4771 4785
f 4773 4786 4785
f 4786 4781 4787
f 4781 4779 4787
f 4779 3264 4787
f 4787 3264 3262
f 4608 4776 4607
f 4776 4655 4778
f 4608 4655 4776
f 4780 4656 4788
f 4778 4655 4656
f 4654 4788 4656
f 4654 4661 4788
f 4778 4656 4780
f 4788 3274 3273
f 4788 3275 3274
f 4661 3276 3275
f 4661 3277 3276
f 4788 4661 3275
f 4780 3273 3279
f 4780 4788 3273
f 4789 4790 4791
f 4792 4789 4791
f 4793 4794 4795
f 4794 4796 4797
f 4793 4798 4791
f 4798 4792 4791
f 4793 4791 4794
f 4796 4799 4800
f 4796 4801 4797
f 4796 4802 4801
f 4796 4800 4802
f 4796 4803 4804
f 4796 4804 4799
f 4796 4805 4806
f 4796 4807 4805
f 4796 4808 4807
f 4796 4806 4803
f 4794 4791 4796
f 4796 4791 4808
f 4789 4809 4790
f 4792 4810 4789
f 4798 4811 4792
f 4793 4812 4798
f 4793 4813 4814
f 4793 4795 4815
f 4794 4816 4795
f 4793 4817 4813
f 4793 4815 4817
f 4794 4818 4819
f 4794 4819 4820
f 4794 4820 4821
f 4794 4821 4822
f 4794 4822 4816
f 4794 4797 4818
f 4814 4813 4823
f 4814 4824 4825
f 4814 4823 4824
f 4814 4825 4826
f 4827 4826 4828
f 4827 4828 4829
f 4827 4829 4830
f 4827 4830 4831
f 4827 4831 4832
f 4827 4832 4833
f 4827 4833 4834
f 4827 4834 4835
f 4836 4837 4838
f 4839 4835 4840
f 4839 4840 4841
f 4839 4841 4842
f 4839 4843 4844
f 4839 4842 4843
f 4839 4844 4845
f 4839 4845 4846
f 4839 4846 4847
f 4839 4847 4848
f 4836 4848 4837
f 4792 4811 4810
f 4789 4810 4809
f 4798 4812 4811
f 4793 4814 4812
f 4814 4826 4827
f 4827 4835 4839
f 4839 4848 4836
f 4811 4849 4810
f 4810 4850 4809
f 4812 4851 4811
f 4810 4849 4850
f 4811 4851 4849
f 4814 4852 4812
f 4814 4827 4853
f 4827 4839 4854
f 4839 4836 4855
f 4812 4852 4851
f 4814 4853 4852
f 4827 4854 4853
f 4849 4856 4850
f 4852 4856 4851
f 4849 4851 4856
f 4839 4855 4854
f 4855 4836 4857
f 4853 4856 4852
f 4853 4854 4856
f 4855 4856 4854
f 4855 4857 4856
f 4791 4858 4808
f 4859 4858 4791
f 4859 4860 4858
f 4859 4791 4861
f 4861 4791 4862
f 4862 4791 4863
f 4863 4791 4864
f 4864 4791 4865
f 4866 4867 4860
f 4859 4866 4860
f 4859 4861 4868
f 4836 4869 4870
f 4836 4871 4872
f 4836 4873 4871
f 4836 4838 4873
f 4836 4872 4869
f 4866 4874 4875
f 4866 4870 4874
f 4866 4876 4867
f 4866 4875 4876
f 4861 4862 4877
f 4862 4863 4878
f 4863 4864 4879
f 4864 4865 4880
f 4836 4870 4866
f 4859 4868 4866
f 4861 4877 4868
f 4862 4878 4877
f 4863 4879 4878
f 4864 4880 4879
f 4880 4865 4881
f 4836 4866 4857
f 4866 4868 4882
f 4868 4877 4883
f 4877 4878 4884
f 4866 4882 4857
f 4868 4883 4882
f 4857 4882 4856
f 4882 4883 4856
f 4883 4884 4856
f 4884 4885 4856
f 4877 4884 4883
f 4878 4885 4884
f 4885 4886 4856
f 4886 4887 4856
f 4887 4888 4856
f 4878 4879 4885
f 4886 4879 4880
f 4880 4881 4887
f 4885 4879 4886
f 4886 4880 4887
f 4887 4881 4888
f 4790 4889 4791
f 4889 4890 4791
f 4890 4891 4791
f 4891 4892 4791
f 4892 4893 4791
f 4893 4894 4895
f 4893 4895 4791
f 4791 4895 4896
f 4790 4897 4889
f 4889 4898 4890
f 4890 4899 4891
f 4891 4900 4892
f 4892 4901 4893
f 4893 4902 4894
f 4902 4903 4894
f 4902 4904 4903
f 4902 4905 4904
f 4902 4906 4905
f 4902 4907 4906
f 4908 4909 4907
f 4908 4910 4909
f 4908 4911 4910
f 4908 4912 4911
f 4908 4913 4912
f 4790 4809 4897
f 4889 4897 4898
f 4890 4898 4899
f 4891 4899 4900
f 4892 4900 4901
f 4893 4901 4902
f 4902 4908 4907
f 4809 4914 4897
f 4897 4915 4898
f 4898 4916 4899
f 4809 4850 4914
f 4897 4914 4915
f 4898 4915 4916
f 4917 4900 4899
f 4918 4901 4900
f 4901 4919 4902
f 4902 4920 4908
f 4916 4917 4899
f 4917 4918 4900
f 4850 4856 4914
f 4914 4856 4915
f 4915 4856 4916
f 4918 4919 4901
f 4902 4919 4920
f 4916 4856 4917
f 4917 4856 4918
f 4918 4856 4919
f 4919 4856 4920
f 4791 4896 4921
f 4791 4921 4922
f 4921 4896 4923
f 4921 4923 4924
f 4921 4924 4925
f 4921 4925 4926
f 4921 4926 4927
f 4921 4927 4928
f 4921 4928 4929
f 4921 4929 4930
f 4921 4930 4931
f 4921 4931 4932
f 4791 4922 4933
f 4791 4934 4935
f 4791 4933 4934
f 4921 4932 4922
f 4922 4936 4933
f 4791 4935 4937
f 4791 4937 4865
f 4922 4932 4938
f 4922 4939 4940
f 4922 4938 4939
f 4922 4940 4941
f 4922 4941 4942
f 4922 4942 4943
f 4922 4943 4936
f 4933 4936 4944
f 4933 4944 4945
f 4933 4945 4946
f 4908 4947 4913
f 4908 4948 4947
f 4949 4950 4948
f 4949 4951 4950
f 4949 4952 4951
f 4949 4953 4952
f 4949 4954 4953
f 4949 4955 4954
f 4949 4956 4955
f 4949 4957 4956
f 4949 4958 4957
f 4959 4960 4958
f 4959 4961 4960
f 4959 4962 4961
f 4959 4963 4962
f 4959 4964 4963
f 4959 4965 4964
f 4966 4946 4967
f 4959 4968 4965
f 4959 4969 4968
f 4966 4970 4969
f 4966 4971 4970
f 4966 4967 4971
f 4934 4933 4972
f 4935 4934 4973
f 4937 4935 4974
f 4865 4937 4881
f 4933 4946 4966
f 4908 4949 4948
f 4949 4959 4958
f 4959 4966 4969
f 4933 4966 4972
f 4934 4972 4973
f 4937 4974 4881
f 4935 4973 4974
f 4908 4975 4949
f 4976 4959 4949
f 4977 4966 4959
f 4978 4972 4966
f 4908 4920 4975
f 4976 4949 4975
f 4856 4975 4920
f 4856 4976 4975
f 4856 4977 4976
f 4856 4978 4977
f 4976 4977 4959
f 4978 4966 4977
f 4979 4972 4978
f 4856 4980 4979
f 4856 4979 4978
f 4856 4888 4980
f 4979 4973 4972
f 4881 4974 4888
f 4974 4973 4980
f 4979 4980 4973
f 4974 4980 4888
f 4981 4982 4983
f 4981 4984 4985
f 4985 4984 4986
f 4981 4985 4982
f 4981 4987 4984
f 4983 4982 4988
f 4985 4989 4982
f 4983 4988 4990
f 4983 4990 4991
f 4982 4992 4988
f 4983 4991 4993
f 4981 4983 4993
f 4981 4993 4987
f 4985 4986 4994
f 4994 4986 4995
f 4982 4989 4992
f 4994 4996 4989
f 4985 4994 4989
f 4994 4995 4997
f 4997 4995 4998
f 4994 4997 4996
f 4990 4999 5000
f 4988 5001 4999
f 4990 5000 5002
f 4990 4988 4999
f 5000 5003 5002
f 5003 4895 4894
f 5003 4894 5004
f 5002 5003 5004
f 4992 5005 5001
f 4988 4992 5001
f 4992 5006 5005
f 5000 4999 4896
f 5000 4896 5003
f 4999 5001 4896
f 5005 5006 5007
f 5001 5005 4896
f 5006 5008 5007
f 5003 4896 4895
f 5004 4894 4903
f 5004 4903 4904
f 5004 4904 5009
f 5009 4904 4905
f 5009 4905 4906
f 5005 5007 4896
f 5007 5010 4896
f 5008 5010 5007
f 5008 5011 5010
f 4990 5002 4991
f 5002 5012 4991
f 4991 5012 5013
f 4993 4991 5013
f 4993 5014 4987
f 4993 5013 5014
f 5002 5004 5012
f 4992 4989 5006
f 5006 4989 4996
f 5006 4996 5008
f 4996 4997 5015
f 5008 4996 5015
f 5004 5016 5012
f 5004 5009 5016
f 5012 5016 5017
f 5012 5017 5013
f 5014 5013 5018
f 5013 5017 5018
f 4984 5019 4986
f 4984 5020 5019
f 4984 4987 5020
f 5019 5021 4986
f 4986 5021 4995
f 5021 5022 4995
f 5019 5023 5021
f 5019 5024 5023
f 5021 5025 5022
f 5021 5023 5025
f 4987 5026 5020
f 4995 5022 4998
f 5019 5020 5024
f 5023 5027 5025
f 5023 5028 5027
f 5025 5027 5029
f 5023 5024 5028
f 4987 5014 5026
f 5020 5026 5030
f 5020 5030 5024
f 5014 5031 5026
f 5014 5018 5031
f 5009 4906 4907
f 5009 4907 5032
f 5032 4907 4909
f 5032 4909 4910
f 5032 4910 5033
f 5033 4910 4911
f 5033 4911 4912
f 5009 5034 5016
f 5009 5032 5034
f 5032 5033 5035
f 5032 5035 5034
f 5016 5034 5036
f 5016 5036 5017
f 5017 5037 5018
f 5017 5036 5037
f 4997 4998 5038
f 5010 4923 4896
f 5010 5011 4923
f 5011 4924 4923
f 5011 5039 4924
f 5039 4925 4924
f 5039 4926 4925
f 5039 4927 4926
f 5039 5040 4927
f 5040 4928 4927
f 5008 5015 5011
f 5015 5041 5011
f 5015 5038 5041
f 4997 5038 5015
f 5038 4998 5042
f 5038 5043 5041
f 5038 5042 5043
f 5042 5044 5043
f 5011 5041 5039
f 5039 5041 5045
f 5041 5043 5045
f 5039 5045 5040
f 5040 5045 5046
f 5045 5047 5046
f 5043 5044 5047
f 5043 5047 5045
f 5047 5044 5048
f 5025 5049 5022
f 5022 5050 4998
f 4998 5050 5042
f 5022 5049 5050
f 5049 5051 5050
f 5050 5051 5052
f 5025 5029 5049
f 5049 5029 5053
f 5027 5054 5029
f 5029 5055 5053
f 5029 5054 5055
f 5054 5056 5055
f 5055 5056 5057
f 5027 5028 5058
f 5049 5053 5051
f 5053 5059 5060
f 5053 5060 5051
f 5027 5058 5054
f 5054 5058 5061
f 5053 5055 5059
f 5054 5061 5056
f 5055 5057 5059
f 5051 5060 5062
f 5059 5057 5063
f 5059 5064 5060
f 5059 5063 5064
f 5064 5063 5065
f 5050 5052 5042
f 5042 5052 5044
f 5026 5031 5066
f 5026 5066 5030
f 5052 5067 5044
f 5051 5062 5052
f 5052 5062 5067
f 5062 5068 5067
f 5044 5067 5048
f 5067 5069 5048
f 5067 5068 5069
f 5068 5070 5069
f 5024 5071 5028
f 5024 5030 5071
f 5028 5071 5072
f 5028 5072 5058
f 5058 5073 5061
f 5058 5072 5073
f 5030 5074 5071
f 5030 5066 5074
f 5071 5074 5075
f 5071 5075 5072
f 5062 5060 5076
f 5060 5064 5076
f 5062 5076 5068
f 5076 5077 5068
f 5076 5078 5077
f 5064 5078 5076
f 5064 5065 5078
f 5078 5065 5079
f 5072 5080 5073
f 5072 5075 5080
f 5078 5079 5081
f 5068 5077 5070
f 5077 5081 5082
f 5070 5077 5082
f 5078 5081 5077
f 5081 5079 5083
f 5081 5083 5084
f 5081 5084 5082
f 5084 5083 5085
f 5040 4929 4928
f 5040 4930 4929
f 4930 5086 4931
f 5040 5086 4930
f 5087 4912 4913
f 5033 4912 5087
f 5087 4913 4947
f 5087 4947 4948
f 5087 4948 4950
f 5088 4950 4951
f 5088 4951 4952
f 5087 4950 5088
f 5089 4955 4956
f 5090 4952 4953
f 5088 4952 5090
f 5090 4953 4954
f 5089 4954 4955
f 5086 4938 4932
f 5086 4932 4931
f 5086 5091 4938
f 5091 4939 4938
f 5091 4940 4939
f 5092 4941 4940
f 5092 4942 4941
f 5092 4943 4942
f 5091 5092 4940
f 5089 4956 4957
f 5090 4954 5089
f 5093 4946 4945
f 5094 4936 4943
f 5094 4944 4936
f 5094 4945 4944
f 5093 4967 4946
f 5092 5094 4943
f 5093 5095 4967
f 5033 5087 5096
f 5033 5096 5035
f 5034 5035 5097
f 5087 5088 5098
f 5087 5098 5096
f 5035 5096 5099
f 5034 5097 5036
f 5036 5100 5037
f 5036 5097 5100
f 5035 5099 5097
f 5097 5101 5100
f 5040 5046 5086
f 5086 5046 5102
f 5046 5103 5102
f 5086 5102 5091
f 5091 5104 5092
f 5091 5102 5104
f 5046 5047 5103
f 5047 5048 5103
f 5103 5048 5105
f 5102 5103 5106
f 5107 4957 4958
f 5107 4958 4960
f 5107 4960 4961
f 5089 4957 5107
f 5108 4961 4962
f 5108 4962 4963
f 5109 4971 4967
f 5110 4963 4964
f 5110 4964 4965
f 5110 4965 4968
f 5107 4961 5108
f 5108 4963 5110
f 5096 5111 5099
f 5097 5099 5101
f 5088 5090 5112
f 5088 5112 5098
f 5096 5098 5111
f 5090 5089 5113
f 5090 5113 5112
f 5098 5112 5114
f 5089 5107 5115
f 5098 5114 5111
f 5099 5116 5101
f 5099 5111 5116
f 5089 5115 5113
f 5112 5113 5117
f 5112 5117 5114
f 5111 5114 5118
f 5111 5118 5116
f 5093 4945 5119
f 5094 5119 4945
f 5095 5120 4967
f 5093 5121 5095
f 5120 5122 4967
f 5093 5119 5121
f 5095 5123 5120
f 5122 5124 4967
f 5122 5125 5124
f 5120 5126 5122
f 5095 5121 5123
f 5103 5105 5106
f 5092 5104 5127
f 5092 5127 5094
f 5102 5106 5104
f 5094 5128 5119
f 5094 5127 5128
f 5104 5129 5127
f 5104 5106 5129
f 5106 5105 5130
f 5106 5130 5129
f 5127 5129 5131
f 5129 5130 5132
f 5109 4967 5133
f 5133 4967 5134
f 5135 4968 4969
f 5135 4969 4970
f 5135 4970 4971
f 5134 4967 5136
f 5109 5137 4971
f 5110 4968 5135
f 5136 4967 5124
f 5109 5133 5138
f 5133 5134 5139
f 5135 4971 5137
f 5109 5138 5137
f 5122 5140 5125
f 5134 5136 5141
f 5125 5142 5124
f 5136 5124 5143
f 5120 5123 5126
f 5122 5126 5140
f 5133 5139 5138
f 5125 5140 5142
f 5134 5141 5139
f 5136 5143 5141
f 5124 5142 5143
f 5127 5131 5128
f 5107 5108 5144
f 5107 5144 5115
f 5113 5115 5145
f 5108 5110 5146
f 5110 5135 5147
f 5108 5146 5144
f 5113 5145 5117
f 5114 5117 5148
f 5114 5148 5118
f 5119 5149 5121
f 5119 5128 5149
f 5121 5150 5123
f 5121 5149 5150
f 5128 5151 5149
f 5123 5152 5126
f 5123 5150 5152
f 5128 5131 5151
f 5129 5132 5131
f 5131 5132 5153
f 5131 5153 5151
f 5135 5137 5154
f 5110 5147 5146
f 5149 5155 5150
f 5137 5138 5156
f 5135 5154 5147
f 5149 5151 5155
f 5151 5153 5157
f 5018 5158 5031
f 5018 5037 5158
f 5031 5158 5159
f 5031 5159 5066
f 5159 5158 5160
f 5037 5161 5158
f 5037 5100 5161
f 5158 5161 5160
f 5048 5069 5105
f 5100 5162 5161
f 5161 5163 5160
f 5066 5164 5074
f 5066 5159 5164
f 5074 5164 5165
f 5159 5166 5164
f 5074 5165 5075
f 5075 5167 5080
f 5075 5165 5167
f 5164 5168 5165
f 5165 5169 5167
f 5165 5168 5169
f 5159 5160 5166
f 5164 5166 5168
f 5160 5170 5166
f 5160 5163 5170
f 5100 5101 5162
f 5101 5171 5162
f 5101 5116 5171
f 5161 5162 5163
f 5162 5172 5163
f 5162 5171 5172
f 5069 5173 5105
f 5105 5173 5130
f 5069 5070 5173
f 5070 5174 5173
f 5173 5174 5175
f 5173 5175 5130
f 5130 5175 5132
f 5174 5176 5175
f 5175 5177 5132
f 5175 5176 5177
f 5176 5178 5177
f 5070 5082 5174
f 5082 5179 5174
f 5082 5084 5179
f 5174 5179 5176
f 5084 5180 5179
f 5084 5085 5180
f 5166 5170 5181
f 5166 5181 5168
f 5168 5182 5169
f 5168 5181 5182
f 5182 5181 5183
f 5176 5179 5184
f 5179 5180 5184
f 5180 5085 5185
f 5180 5186 5184
f 5180 5185 5186
f 5186 5185 5187
f 5176 5184 5178
f 5184 5186 5188
f 5184 5188 5178
f 5186 5187 5189
f 5186 5189 5188
f 5116 5190 5171
f 5116 5118 5190
f 5171 5190 5191
f 5171 5191 5172
f 5191 5190 5192
f 5132 5177 5153
f 5177 5193 5153
f 5177 5178 5193
f 5178 5194 5193
f 5153 5193 5157
f 5163 5195 5170
f 5163 5172 5195
f 5170 5195 5196
f 5172 5197 5195
f 5195 5197 5198
f 5170 5196 5181
f 5181 5196 5183
f 5196 5195 5198
f 5172 5191 5197
f 5178 5188 5194
f 5196 5199 5183
f 5196 5198 5199
f 5198 5200 5199
f 5191 5201 5197
f 5197 5201 5202
f 5191 5192 5201
f 5192 5203 5201
f 5201 5203 5204
f 5198 5197 5202
f 5198 5202 5200
f 5202 5205 5200
f 5201 5204 5202
f 5126 5206 5140
f 5126 5152 5206
f 5150 5207 5152
f 5138 5139 5208
f 5139 5141 5209
f 5140 5210 5142
f 5140 5206 5210
f 5142 5211 5143
f 5141 5143 5212
f 5152 5213 5206
f 5151 5157 5155
f 5150 5155 5207
f 5155 5157 5214
f 5152 5207 5213
f 5155 5214 5207
f 5142 5210 5211
f 5189 5215 5188
f 5189 5187 5216
f 5189 5216 5217
f 5216 5218 5217
f 5193 5219 5157
f 5157 5219 5214
f 5219 5220 5214
f 5193 5194 5219
f 5194 5221 5219
f 5221 5220 5219
f 5221 5222 5220
f 5188 5215 5194
f 5194 5215 5221
f 5215 5223 5221
f 5215 5217 5223
f 5189 5217 5215
f 5217 5218 5224
f 5224 5218 5225
f 5217 5224 5223
f 5223 5222 5221
f 5223 5224 5226
f 5202 5204 5205
f 5204 5227 5205
f 5204 5228 5227
f 5224 5225 5229
f 5229 5225 5230
f 5223 5226 5222
f 5222 5226 5231
f 5226 5229 5232
f 5224 5229 5226
f 5229 5230 5233
f 5233 5230 5234
f 5229 5233 5232
f 5233 5234 5235
f 5235 5234 5236
f 5056 5237 5057
f 5056 5238 5237
f 5056 5061 5238
f 5057 5239 5063
f 5237 5239 5057
f 5239 5240 5063
f 5063 5240 5065
f 5237 5241 5239
f 5239 5241 5242
f 5237 5238 5243
f 5237 5243 5241
f 5239 5242 5240
f 5240 5242 5244
f 5240 5244 5245
f 5241 5246 5242
f 5242 5247 5244
f 5242 5246 5247
f 5241 5248 5246
f 5246 5249 5247
f 5061 5250 5238
f 5061 5073 5250
f 5240 5245 5065
f 5241 5243 5248
f 5238 5251 5243
f 5238 5250 5251
f 5243 5251 5252
f 5073 5253 5250
f 5073 5080 5253
f 5080 5254 5253
f 5250 5255 5251
f 5250 5253 5255
f 5246 5248 5256
f 5243 5252 5248
f 5246 5256 5249
f 5247 5257 5244
f 5247 5258 5257
f 5247 5249 5258
f 5065 5245 5079
f 5079 5259 5083
f 5245 5259 5079
f 5244 5260 5245
f 5245 5260 5259
f 5244 5257 5260
f 5259 5260 5261
f 5259 5261 5262
f 5260 5263 5261
f 5083 5262 5085
f 5259 5262 5083
f 5253 5264 5255
f 5251 5255 5265
f 5261 5266 5262
f 5261 5267 5266
f 5262 5268 5085
f 5262 5266 5268
f 5266 5269 5268
f 5268 5269 5270
f 5266 5271 5269
f 5269 5272 5273
f 5260 5257 5263
f 5257 5274 5263
f 5261 5263 5267
f 5263 5275 5267
f 5257 5258 5274
f 5249 5276 5258
f 5249 5277 5276
f 5258 5278 5274
f 5258 5276 5278
f 5248 5279 5256
f 5249 5256 5277
f 5263 5274 5275
f 5274 5280 5275
f 5274 5278 5280
f 5275 5281 5267
f 5275 5280 5282
f 5251 5265 5252
f 5248 5252 5279
f 5255 5283 5265
f 5252 5265 5284
f 5252 5284 5279
f 5256 5279 5285
f 5256 5285 5277
f 5279 5284 5286
f 5279 5286 5285
f 5275 5282 5281
f 5282 5287 5281
f 5266 5267 5271
f 5267 5281 5271
f 5269 5271 5272
f 5271 5288 5272
f 5272 5289 5290
f 5271 5281 5288
f 5281 5287 5288
f 5288 5287 5291
f 5288 5289 5272
f 5288 5291 5289
f 5289 5291 5292
f 5289 5292 5293
f 5276 5294 5278
f 5276 5277 5295
f 5276 5295 5294
f 5278 5296 5280
f 5278 5294 5296
f 5280 5297 5282
f 5280 5296 5297
f 5294 5298 5296
f 5296 5298 5299
f 5294 5295 5300
f 5294 5300 5298
f 5296 5299 5297
f 5297 5299 5301
f 5298 5302 5299
f 5299 5303 5301
f 5277 5285 5304
f 5277 5304 5295
f 5285 5286 5305
f 5285 5305 5304
f 5295 5304 5306
f 5295 5306 5300
f 5298 5300 5307
f 5300 5306 5308
f 5282 5309 5287
f 5297 5309 5282
f 5297 5301 5309
f 5301 5310 5309
f 5301 5311 5310
f 5287 5312 5291
f 5287 5309 5312
f 5312 5313 5291
f 5291 5313 5292
f 5313 5314 5292
f 5309 5310 5312
f 5312 5310 5315
f 5310 5316 5315
f 5304 5317 5306
f 5304 5305 5317
f 5306 5317 5318
f 5312 5315 5313
f 5313 5315 5319
f 5315 5320 5319
f 5313 5319 5314
f 5319 5321 5314
f 5319 5322 5321
f 5298 5307 5302
f 5299 5302 5303
f 5302 5323 5303
f 5300 5308 5307
f 5302 5307 5324
f 5302 5324 5323
f 5301 5303 5311
f 5303 5325 5311
f 5303 5323 5325
f 5310 5311 5316
f 5307 5326 5324
f 5311 5327 5316
f 5311 5325 5327
f 5316 5327 5328
f 5306 5318 5308
f 5307 5308 5326
f 5308 5318 5329
f 5308 5329 5326
f 5315 5316 5320
f 5319 5320 5322
f 5316 5328 5320
f 5320 5328 5330
f 5320 5330 5322
f 5322 5330 5331
f 5318 5332 5329
f 5323 5333 5325
f 5325 5334 5327
f 5323 5324 5335
f 5324 5326 5336
f 5327 5337 5328
f 5328 5338 5330
f 5330 5339 5331
f 5325 5333 5334
f 5327 5334 5337
f 5323 5335 5333
f 5324 5336 5335
f 5328 5337 5338
f 5330 5338 5339
f 5333 5340 5334
f 5333 5335 5340
f 5334 5340 5337
f 5341 5326 5329
f 5329 5332 5342
f 5336 5326 5341
f 5341 5329 5342
f 5335 5336 5340
f 5342 5332 5343
f 5080 5167 5254
f 5167 5169 5344
f 5167 5344 5254
f 5253 5254 5264
f 5255 5264 5283
f 5254 5345 5264
f 5254 5344 5345
f 5264 5345 5346
f 5169 5182 5347
f 5344 5169 5347
f 5182 5348 5347
f 5344 5349 5345
f 5344 5347 5349
f 5085 5268 5185
f 5268 5270 5185
f 5185 5270 5187
f 5270 5350 5187
f 5269 5273 5270
f 5273 5350 5270
f 5273 5290 5351
f 5273 5351 5350
f 5182 5183 5348
f 5187 5350 5216
f 5345 5349 5352
f 5347 5353 5349
f 5347 5348 5353
f 5349 5353 5354
f 5353 5355 5356
f 5265 5283 5357
f 5264 5346 5283
f 5265 5357 5284
f 5357 5283 5358
f 5284 5357 5359
f 5284 5359 5286
f 5345 5352 5346
f 5283 5346 5358
f 5273 5272 5290
f 5357 5360 5359
f 5346 5361 5358
f 5357 5358 5360
f 5358 5362 5360
f 5290 5289 5293
f 5358 5361 5362
f 5349 5354 5352
f 5346 5352 5361
f 5352 5354 5363
f 5354 5353 5356
f 5352 5363 5361
f 5361 5364 5362
f 5361 5363 5364
f 5354 5365 5363
f 5183 5199 5366
f 5348 5183 5366
f 5199 5200 5367
f 5366 5199 5367
f 5348 5366 5355
f 5348 5355 5353
f 5366 5368 5355
f 5286 5359 5369
f 5359 5360 5370
f 5286 5369 5305
f 5359 5370 5369
f 5360 5362 5371
f 5360 5371 5370
f 5362 5372 5371
f 5305 5369 5373
f 5305 5373 5317
f 5317 5373 5374
f 5369 5370 5375
f 5369 5375 5373
f 5373 5375 5376
f 5370 5371 5377
f 5370 5377 5375
f 5375 5377 5378
f 5362 5364 5372
f 5317 5374 5318
f 5373 5376 5374
f 5375 5378 5376
f 5318 5374 5332
f 5374 5379 5332
f 5374 5376 5379
f 5376 5378 5380
f 5379 5376 5380
f 5332 5379 5343
f 5292 5381 5293
f 5292 5314 5381
f 5314 5382 5381
f 5314 5321 5382
f 5382 5321 5383
f 5321 5384 5383
f 5383 5385 5386
f 5322 5384 5321
f 5383 5384 5385
f 5322 5331 5384
f 5384 5387 5385
f 5331 5387 5384
f 5385 5387 5388
f 5385 5388 5389
f 5386 5385 5389
f 5389 5390 5391
f 5389 5388 5390
f 5331 5339 5392
f 5337 5340 5338
f 5338 5340 5339
f 5331 5392 5387
f 5393 5388 5387
f 5394 5390 5388
f 5392 5393 5387
f 5393 5394 5388
f 5336 5341 5340
f 5339 5340 5392
f 5341 5342 5340
f 5342 5343 5340
f 5343 5395 5340
f 5392 5340 5393
f 5393 5340 5394
f 5394 5340 5396
f 5396 5340 5397
f 5395 5398 5340
f 5398 5399 5340
f 5399 5400 5340
f 5379 5395 5343
f 5395 5380 5398
f 5394 5396 5390
f 5396 5397 5401
f 5397 5340 5402
f 5340 5403 5402
f 5340 5404 5403
f 5340 5405 5404
f 5340 5406 5405
f 5340 5407 5406
f 5340 5400 5408
f 5340 5408 5409
f 5340 5409 5410
f 5340 5410 5411
f 5340 5411 5412
f 5340 5412 5413
f 5396 5401 5390
f 5397 5414 5401
f 5402 5415 5414
f 5340 5416 5407
f 5340 5417 5416
f 5340 5418 5419
f 5340 5420 5417
f 5340 5419 5420
f 5397 5402 5414
f 5402 5403 5415
f 5403 5404 5421
f 5340 5413 5418
f 5404 5405 5422
f 5405 5406 5423
f 5406 5407 5424
f 5407 5416 5425
f 5350 5351 5426
f 5351 5427 5428
f 5350 5426 5216
f 5426 5218 5216
f 5426 5429 5218
f 5351 5428 5426
f 5426 5428 5429
f 5428 5430 5431
f 5428 5431 5429
f 5431 5432 5429
f 5431 5433 5434
f 5431 5434 5432
f 5290 5293 5427
f 5290 5427 5351
f 5428 5427 5430
f 5427 5435 5430
f 5293 5435 5427
f 5293 5381 5435
f 5435 5381 5436
f 5430 5435 5437
f 5435 5436 5437
f 5437 5436 5438
f 5437 5438 5439
f 5439 5438 5440
f 5354 5356 5365
f 5431 5430 5433
f 5430 5437 5433
f 5363 5441 5364
f 5365 5356 5442
f 5363 5365 5441
f 5365 5443 5441
f 5365 5442 5443
f 5437 5439 5433
f 5443 5442 5444
f 5433 5439 5445
f 5433 5445 5434
f 5445 5446 5447
f 5445 5439 5446
f 5439 5440 5446
f 5446 5440 5448
f 5446 5448 5449
f 5449 5448 5450
f 5446 5449 5447
f 5449 5450 5451
f 5450 5452 5451
f 5218 5429 5225
f 5429 5432 5225
f 5355 5368 5453
f 5366 5367 5368
f 5367 5454 5455
f 5367 5455 5368
f 5368 5455 5456
f 5455 5457 5458
f 5200 5205 5454
f 5200 5454 5367
f 5205 5459 5454
f 5205 5227 5459
f 5459 5227 5460
f 5455 5454 5457
f 5457 5454 5459
f 5432 5230 5225
f 5432 5461 5230
f 5432 5434 5461
f 5434 5462 5461
f 5445 5462 5434
f 5462 5447 5463
f 5462 5464 5461
f 5462 5463 5464
f 5227 5465 5460
f 5461 5234 5230
f 5464 5236 5234
f 5461 5464 5234
f 5457 5459 5466
f 5457 5466 5467
f 5459 5460 5466
f 5460 5468 5466
f 5469 5466 5468
f 5460 5470 5468
f 5468 5470 5471
f 5468 5471 5472
f 5355 5453 5356
f 5368 5456 5453
f 5356 5453 5442
f 5453 5456 5473
f 5455 5458 5456
f 5453 5473 5442
f 5473 5456 5474
f 5442 5473 5444
f 5473 5475 5444
f 5445 5447 5462
f 5457 5467 5458
f 5456 5458 5474
f 5458 5467 5476
f 5463 5447 5477
f 5449 5477 5447
f 5467 5469 5478
f 5473 5474 5475
f 5474 5479 5475
f 5474 5476 5479
f 5474 5458 5476
f 5449 5451 5477
f 5476 5480 5479
f 5478 5481 5480
f 5467 5478 5476
f 5469 5482 5478
f 5476 5478 5480
f 5467 5466 5469
f 5469 5468 5472
f 5452 5483 5451
f 5452 5484 5483
f 5463 5477 5485
f 5464 5486 5236
f 5486 5487 5236
f 5486 5488 5487
f 5464 5463 5486
f 5463 5485 5486
f 5485 5488 5486
f 5485 5489 5490
f 5471 5491 5492
f 5471 5492 5493
f 5485 5490 5488
f 5494 5495 5490
f 5490 5495 5496
f 5488 5490 5496
f 5492 5497 5498
f 5495 5499 5500
f 5501 5499 5495
f 5497 5502 5503
f 5499 5504 5505
f 5502 5505 5506
f 5477 5451 5489
f 5477 5489 5485
f 5483 5494 5489
f 5489 5494 5490
f 5507 5501 5494
f 5451 5483 5489
f 5483 5484 5507
f 5507 5484 5508
f 5478 5482 5481
f 5482 5509 5481
f 5482 5510 5509
f 5507 5508 5511
f 5511 5508 5512
f 5483 5507 5494
f 5507 5511 5501
f 5510 5513 5509
f 5510 5514 5513
f 5514 5515 5513
f 5514 5516 5515
f 5469 5472 5482
f 5510 5472 5493
f 5471 5493 5472
f 5494 5501 5495
f 5514 5493 5498
f 5492 5498 5493
f 5497 5503 5498
f 5482 5472 5510
f 5510 5493 5514
f 5514 5498 5516
f 5517 5512 5518
f 5511 5517 5504
f 5511 5512 5517
f 5516 5519 5515
f 5517 5518 5520
f 5520 5518 5519
f 5516 5520 5519
f 5501 5504 5499
f 5501 5511 5504
f 5516 5498 5503
f 5517 5506 5504
f 5520 5503 5506
f 5502 5506 5503
f 5505 5504 5506
f 5516 5503 5520
f 5517 5520 5506
f 5381 5382 5436
f 5382 5521 5436
f 5521 5438 5436
f 5521 5522 5438
f 5438 5522 5440
f 5522 5523 5440
f 5382 5383 5521
f 5521 5383 5386
f 5371 5372 5524
f 5371 5524 5377
f 5377 5524 5525
f 5524 5526 5527
f 5521 5386 5522
f 5386 5528 5522
f 5528 5523 5522
f 5528 5529 5523
f 5386 5389 5528
f 5528 5391 5529
f 5364 5441 5530
f 5364 5530 5372
f 5530 5441 5531
f 5441 5443 5531
f 5443 5444 5532
f 5443 5532 5531
f 5372 5530 5526
f 5524 5372 5526
f 5530 5533 5526
f 5530 5531 5533
f 5531 5532 5534
f 5531 5534 5533
f 5526 5533 5535
f 5533 5534 5536
f 5440 5523 5448
f 5523 5537 5448
f 5538 5539 5529
f 5523 5529 5537
f 5537 5529 5539
f 5537 5539 5540
f 5539 5541 5542
f 5539 5542 5540
f 5542 5543 5544
f 5542 5545 5543
f 5543 5546 5547
f 5537 5450 5448
f 5548 5444 5475
f 5532 5444 5548
f 5548 5475 5549
f 5450 5540 5452
f 5537 5540 5450
f 5540 5544 5452
f 5549 5479 5550
f 5532 5551 5534
f 5534 5551 5552
f 5551 5553 5554
f 5532 5548 5551
f 5548 5549 5553
f 5548 5553 5551
f 5542 5544 5540
f 5543 5555 5544
f 5553 5556 5557
f 5556 5558 5559
f 5556 5549 5550
f 5553 5549 5556
f 5556 5550 5558
f 5558 5550 5560
f 5378 5561 5380
f 5377 5525 5378
f 5524 5527 5525
f 5378 5525 5561
f 5525 5527 5562
f 5525 5562 5561
f 5528 5389 5391
f 5391 5538 5529
f 5391 5390 5401
f 5391 5401 5538
f 5401 5414 5538
f 5526 5535 5527
f 5527 5563 5562
f 5527 5535 5563
f 5535 5536 5564
f 5535 5564 5563
f 5536 5565 5564
f 5379 5380 5395
f 5398 5380 5561
f 5399 5561 5562
f 5400 5562 5563
f 5398 5561 5399
f 5399 5562 5400
f 5400 5563 5408
f 5408 5563 5564
f 5403 5421 5415
f 5409 5564 5565
f 5410 5565 5566
f 5408 5564 5409
f 5409 5565 5410
f 5410 5566 5411
f 5411 5567 5412
f 5412 5568 5413
f 5533 5536 5535
f 5538 5541 5539
f 5414 5541 5538
f 5414 5415 5541
f 5415 5545 5541
f 5415 5421 5545
f 5542 5541 5545
f 5536 5552 5565
f 5565 5552 5566
f 5566 5552 5554
f 5566 5554 5567
f 5421 5546 5545
f 5421 5422 5546
f 5569 5422 5423
f 5543 5545 5546
f 5546 5569 5547
f 5546 5422 5569
f 5567 5554 5557
f 5568 5557 5559
f 5567 5557 5568
f 5569 5423 5570
f 5423 5424 5570
f 5571 5559 5572
f 5568 5559 5571
f 5404 5422 5421
f 5411 5566 5567
f 5412 5567 5568
f 5405 5423 5422
f 5406 5424 5423
f 5413 5568 5571
f 5413 5571 5418
f 5419 5418 5573
f 5416 5417 5574
f 5419 5575 5420
f 5417 5420 5576
f 5407 5425 5424
f 5418 5571 5573
f 5416 5574 5425
f 5419 5573 5575
f 5417 5576 5574
f 5420 5575 5576
f 5534 5552 5536
f 5551 5554 5552
f 5553 5557 5554
f 5556 5559 5557
f 5558 5572 5559
f 5475 5479 5549
f 5550 5479 5480
f 5550 5480 5560
f 5569 5577 5547
f 5577 5570 5578
f 5544 5555 5484
f 5544 5484 5452
f 5555 5508 5484
f 5555 5579 5508
f 5579 5512 5508
f 5579 5580 5512
f 5580 5581 5518
f 5543 5547 5555
f 5547 5579 5555
f 5547 5577 5579
f 5558 5582 5572
f 5582 5583 5584
f 5558 5560 5582
f 5582 5560 5585
f 5582 5585 5583
f 5583 5585 5586
f 5579 5577 5580
f 5580 5577 5578
f 5578 5587 5581
f 5578 5588 5587
f 5589 5590 5583
f 5587 5591 5592
f 5589 5592 5593
f 5589 5583 5586
f 5580 5578 5581
f 5589 5594 5592
f 5589 5586 5594
f 5587 5592 5595
f 5587 5595 5581
f 5592 5594 5595
f 5569 5570 5577
f 5578 5570 5588
f 5424 5588 5570
f 5424 5425 5588
f 5584 5573 5572
f 5571 5572 5573
f 5584 5575 5573
f 5588 5425 5591
f 5591 5425 5574
f 5590 5576 5575
f 5584 5590 5575
f 5587 5588 5591
f 5592 5591 5593
f 5591 5574 5593
f 5593 5574 5576
f 5590 5593 5576
f 5582 5584 5572
f 5583 5590 5584
f 5589 5593 5590
f 5480 5481 5560
f 5585 5481 5509
f 5560 5481 5585
f 5585 5509 5586
f 5509 5513 5586
f 5580 5518 5512
f 5594 5513 5515
f 5586 5513 5594
f 5581 5519 5518
f 5595 5515 5519
f 5594 5515 5595
f 5581 5595 5519
f 5115 5144 5596
f 5115 5596 5145
f 5117 5145 5597
f 5117 5597 5148
f 5144 5146 5598
f 5137 5156 5154
f 5146 5147 5599
f 5144 5598 5596
f 5145 5596 5600
f 5145 5600 5597
f 5146 5599 5598
f 5596 5598 5601
f 5596 5601 5600
f 5118 5148 5602
f 5118 5602 5190
f 5190 5602 5192
f 5148 5603 5602
f 5148 5597 5603
f 5192 5602 5604
f 5602 5603 5604
f 5604 5603 5605
f 5597 5606 5603
f 5597 5600 5606
f 5192 5604 5203
f 5138 5208 5156
f 5147 5154 5607
f 5139 5209 5208
f 5154 5156 5608
f 5207 5214 5609
f 5147 5607 5599
f 5598 5599 5610
f 5598 5610 5601
f 5154 5608 5607
f 5599 5607 5611
f 5141 5212 5209
f 5143 5211 5212
f 5206 5612 5210
f 5210 5613 5211
f 5206 5213 5612
f 5207 5609 5213
f 5213 5609 5614
f 5210 5612 5613
f 5156 5208 5615
f 5208 5209 5616
f 5156 5615 5608
f 5213 5614 5612
f 5612 5614 5617
f 5208 5616 5615
f 5599 5611 5610
f 5607 5608 5618
f 5607 5618 5611
f 5211 5619 5212
f 5209 5212 5620
f 5211 5613 5619
f 5209 5620 5616
f 5612 5617 5613
f 5212 5619 5620
f 5613 5621 5619
f 5613 5617 5621
f 5608 5615 5622
f 5608 5622 5618
f 5615 5616 5623
f 5615 5623 5622
f 5619 5624 5620
f 5619 5621 5624
f 5616 5620 5625
f 5616 5625 5623
f 5620 5624 5625
f 5600 5626 5606
f 5600 5601 5626
f 5603 5606 5605
f 5605 5606 5627
f 5606 5626 5627
f 5627 5626 5628
f 5214 5220 5609
f 5220 5629 5609
f 5222 5629 5220
f 5222 5231 5629
f 5231 5630 5629
f 5231 5631 5630
f 5609 5629 5614
f 5629 5630 5614
f 5604 5632 5203
f 5203 5632 5228
f 5604 5605 5632
f 5632 5605 5633
f 5632 5633 5634
f 5203 5228 5204
f 5632 5634 5228
f 5228 5465 5227
f 5228 5634 5465
f 5605 5627 5633
f 5231 5226 5232
f 5233 5635 5232
f 5231 5232 5631
f 5232 5635 5631
f 5634 5636 5465
f 5634 5633 5637
f 5634 5637 5636
f 5637 5638 5636
f 5637 5639 5638
f 5627 5640 5633
f 5633 5640 5637
f 5627 5628 5640
f 5640 5641 5639
f 5628 5641 5640
f 5628 5642 5641
f 5640 5639 5637
f 5601 5610 5643
f 5601 5643 5626
f 5610 5644 5643
f 5610 5611 5644
f 5611 5645 5644
f 5611 5618 5645
f 5626 5643 5628
f 5628 5643 5642
f 5643 5644 5642
f 5642 5644 5646
f 5614 5630 5617
f 5617 5630 5647
f 5631 5647 5630
f 5631 5648 5647
f 5635 5235 5649
f 5233 5235 5635
f 5235 5236 5650
f 5235 5650 5649
f 5639 5651 5638
f 5650 5236 5487
f 5650 5487 5652
f 5652 5487 5653
f 5635 5648 5631
f 5635 5649 5648
f 5641 5642 5654
f 5641 5654 5655
f 5649 5650 5656
f 5648 5649 5657
f 5657 5649 5656
f 5654 5658 5659
f 5639 5641 5655
f 5639 5655 5651
f 5650 5652 5656
f 5655 5660 5651
f 5655 5659 5660
f 5655 5654 5659
f 5661 5653 5662
f 5656 5663 5664
f 5652 5663 5656
f 5658 5665 5666
f 5663 5661 5667
f 5652 5661 5663
f 5652 5653 5661
f 5659 5668 5660
f 5659 5666 5668
f 5666 5669 5668
f 5658 5666 5659
f 5666 5665 5670
f 5661 5662 5670
f 5670 5662 5669
f 5661 5670 5667
f 5666 5670 5669
f 5617 5647 5621
f 5647 5671 5621
f 5644 5645 5646
f 5648 5671 5647
f 5648 5657 5671
f 5672 5645 5673
f 5646 5645 5672
f 5618 5673 5645
f 5618 5622 5673
f 5622 5674 5673
f 5621 5671 5624
f 5671 5675 5624
f 5657 5675 5671
f 5672 5673 5676
f 5657 5664 5675
f 5664 5677 5678
f 5622 5623 5674
f 5624 5675 5625
f 5623 5625 5678
f 5623 5678 5674
f 5625 5675 5678
f 5673 5674 5676
f 5664 5678 5675
f 5674 5678 5677
f 5676 5674 5677
f 5642 5646 5654
f 5654 5646 5658
f 5658 5646 5672
f 5658 5672 5665
f 5657 5656 5664
f 5672 5676 5665
f 5663 5677 5664
f 5676 5667 5665
f 5663 5667 5677
f 5670 5665 5667
f 5676 5677 5667
f 5465 5636 5470
f 5460 5465 5470
f 5636 5638 5491
f 5470 5636 5491
f 5470 5491 5471
f 5491 5638 5679
f 5679 5638 5651
f 5488 5653 5487
f 5488 5496 5653
f 5680 5651 5660
f 5679 5651 5680
f 5491 5679 5492
f 5679 5497 5492
f 5679 5680 5497
f 5680 5502 5497
f 5496 5500 5662
f 5496 5662 5653
f 5681 5660 5668
f 5680 5660 5681
f 5681 5668 5682
f 5500 5669 5662
f 5500 5682 5669
f 5495 5500 5496
f 5680 5681 5502
f 5681 5505 5502
f 5499 5682 5500
f 5681 5682 5505
f 5499 5505 5682
f 5668 5669 5682
f 5683 5684 5685
f 5684 5686 5687
f 5687 5688 5689
f 5690 5689 5691
f 5692 5693 5694
f 5692 5694 5695
f 5693 5685 5694
f 5695 5694 5696
f 5685 5684 5694
f 5696 5694 5697
f 5698 5699 5690
f 5700 5701 5699
f 5702 5703 5701
f 5700 5702 5701
f 5702 5704 5703
f 5705 5704 5706
f 5694 5707 5708
f 5694 5708 5709
f 5710 5711 5707
f 5684 5687 5694
f 5687 5689 5694
f 5690 5694 5689
f 5690 5699 5694
f 5699 5701 5694
f 5701 5703 5694
f 5705 5703 5704
f 5705 5706 5712
f 5697 5694 5713
f 5713 5694 5714
f 5694 5715 5714
f 5694 5716 5715
f 5694 5717 5716
f 5694 5718 5717
f 5705 5694 5703
f 5705 5712 5694
f 5719 5710 5694
f 5712 5719 5694
f 5694 5720 5718
f 5694 5721 5720
f 5694 5722 5721
f 5710 5707 5694
f 5694 5723 5724
f 5694 5725 5722
f 5694 5726 5725
f 5694 5724 5726
f 5712 5727 5719
f 5719 5728 5710
f 5721 5722 5729
f 5725 5730 5722
f 5712 5706 5727
f 5719 5727 5728
f 5710 5728 5711
f 5706 5731 5727
f 5706 5732 5731
f 5731 5733 5734
f 5727 5734 5728
f 5727 5731 5734
f 5728 5735 5711
f 5728 5734 5735
f 5735 5736 5711
f 5734 5737 5735
f 5735 5738 5736
f 5734 5733 5737
f 5735 5737 5738
f 5737 5739 5738
f 5738 5739 5740
f 5740 5739 5741
f 5740 5741 5742
f 5741 5743 5742
f 5744 5745 5746
f 5746 5745 5747
f 5744 5748 5745
f 5745 5749 5747
f 5747 5750 5751
f 5744 5752 5748
f 5746 5747 5683
f 5683 5747 5751
f 5752 5753 5748
f 5683 5751 5686
f 5751 5754 5686
f 5752 5755 5753
f 5755 5756 5757
f 5755 5757 5753
f 5751 5758 5754
f 5754 5759 5760
f 5745 5748 5761
f 5748 5753 5762
f 5753 5757 5763
f 5749 5764 5750
f 5750 5764 5765
f 5749 5766 5764
f 5754 5758 5759
f 5767 5760 5759
f 5747 5749 5750
f 5745 5761 5749
f 5751 5750 5758
f 5748 5762 5761
f 5750 5765 5758
f 5758 5768 5759
f 5759 5768 5769
f 5749 5761 5766
f 5758 5765 5768
f 5761 5770 5766
f 5761 5762 5770
f 5753 5763 5762
f 5757 5771 5763
f 5767 5759 5769
f 5767 5772 5773
f 5767 5769 5772
f 5762 5763 5774
f 5762 5774 5770
f 5763 5771 5775
f 5763 5775 5774
f 5768 5765 5776
f 5768 5777 5769
f 5769 5777 5778
f 5772 5779 5780
f 5769 5778 5772
f 5772 5778 5779
f 5780 5779 5781
f 5764 5782 5765
f 5764 5766 5783
f 5782 5776 5765
f 5764 5783 5782
f 5766 5770 5784
f 5768 5776 5777
f 5783 5766 5784
f 5770 5785 5784
f 5770 5774 5785
f 5774 5775 5786
f 5774 5786 5785
f 5775 5787 5786
f 5744 5746 5693
f 5744 5692 5752
f 5683 5686 5684
f 5746 5683 5685
f 5752 5695 5755
f 5755 5696 5756
f 5744 5693 5692
f 5746 5685 5693
f 5752 5692 5695
f 5755 5695 5696
f 5696 5697 5756
f 5687 5686 5688
f 5689 5688 5691
f 5697 5788 5756
f 5698 5690 5691
f 5713 5789 5788
f 5714 5790 5789
f 5688 5760 5691
f 5698 5691 5791
f 5698 5791 5792
f 5754 5688 5686
f 5754 5760 5688
f 5756 5788 5793
f 5757 5756 5793
f 5691 5760 5791
f 5788 5789 5794
f 5788 5794 5793
f 5789 5795 5794
f 5767 5791 5760
f 5792 5791 5773
f 5698 5792 5700
f 5700 5792 5796
f 5700 5796 5702
f 5797 5702 5796
f 5797 5796 5798
f 5789 5790 5795
f 5790 5799 5795
f 5790 5800 5799
f 5800 5801 5799
f 5792 5802 5796
f 5757 5793 5771
f 5793 5794 5803
f 5794 5795 5804
f 5795 5799 5805
f 5799 5801 5806
f 5697 5713 5788
f 5713 5714 5789
f 5714 5715 5790
f 5715 5716 5800
f 5716 5717 5807
f 5698 5700 5699
f 5715 5800 5790
f 5716 5807 5800
f 5717 5808 5807
f 5717 5718 5808
f 5718 5720 5809
f 5721 5810 5720
f 5718 5809 5808
f 5720 5810 5809
f 5721 5729 5810
f 5722 5730 5729
f 5797 5704 5702
f 5797 5732 5704
f 5706 5704 5732
f 5797 5811 5732
f 5732 5812 5731
f 5800 5807 5801
f 5807 5808 5813
f 5807 5813 5801
f 5808 5809 5814
f 5808 5814 5813
f 5814 5815 5813
f 5810 5729 5816
f 5809 5810 5817
f 5809 5817 5814
f 5810 5816 5817
f 5814 5817 5818
f 5816 5819 5817
f 5801 5813 5820
f 5767 5773 5791
f 5792 5773 5802
f 5773 5780 5802
f 5802 5821 5798
f 5797 5798 5811
f 5796 5802 5798
f 5798 5822 5811
f 5798 5821 5822
f 5811 5822 5823
f 5822 5824 5823
f 5823 5824 5825
f 5793 5803 5771
f 5794 5804 5803
f 5772 5780 5773
f 5802 5780 5821
f 5771 5803 5826
f 5771 5826 5775
f 5803 5804 5827
f 5803 5827 5826
f 5795 5805 5804
f 5799 5806 5805
f 5805 5806 5828
f 5805 5829 5804
f 5804 5829 5827
f 5805 5828 5829
f 5780 5781 5821
f 5822 5821 5830
f 5821 5781 5830
f 5826 5827 5831
f 5822 5830 5824
f 5829 5832 5827
f 5829 5828 5833
f 5829 5833 5832
f 5732 5811 5812
f 5731 5812 5733
f 5812 5811 5823
f 5812 5823 5834
f 5812 5834 5733
f 5733 5834 5835
f 5733 5835 5737
f 5737 5835 5739
f 5814 5818 5815
f 5817 5819 5818
f 5818 5819 5836
f 5818 5836 5837
f 5835 5834 5838
f 5835 5838 5839
f 5823 5825 5834
f 5825 5838 5834
f 5835 5839 5739
f 5739 5839 5741
f 5801 5820 5806
f 5813 5815 5820
f 5806 5820 5840
f 5806 5840 5828
f 5820 5815 5841
f 5820 5841 5840
f 5818 5837 5815
f 5815 5837 5841
f 5828 5840 5842
f 5828 5842 5833
f 5840 5843 5842
f 5840 5841 5843
f 5841 5837 5844
f 5841 5844 5843
f 5775 5826 5787
f 5826 5831 5787
f 5827 5832 5831
f 5781 5779 5845
f 5781 5845 5846
f 5776 5847 5777
f 5782 5848 5776
f 5776 5848 5847
f 5782 5849 5848
f 5782 5783 5849
f 5777 5847 5850
f 5847 5851 5850
f 5847 5848 5852
f 5848 5849 5853
f 5847 5852 5851
f 5848 5853 5852
f 5850 5851 5854
f 5849 5855 5853
f 5854 5851 5856
f 5852 5857 5851
f 5852 5853 5858
f 5778 5777 5850
f 5778 5850 5859
f 5783 5784 5860
f 5783 5860 5849
f 5784 5785 5861
f 5784 5861 5860
f 5859 5850 5854
f 5859 5862 5845
f 5778 5859 5779
f 5779 5859 5845
f 5845 5863 5846
f 5785 5864 5861
f 5785 5786 5864
f 5786 5865 5864
f 5859 5854 5862
f 5862 5866 5863
f 5863 5867 5846
f 5845 5862 5863
f 5863 5868 5867
f 5849 5860 5855
f 5860 5861 5869
f 5861 5864 5870
f 5860 5869 5855
f 5854 5871 5862
f 5853 5855 5872
f 5855 5869 5873
f 5861 5870 5869
f 5864 5874 5870
f 5869 5870 5875
f 5851 5857 5856
f 5852 5858 5857
f 5854 5856 5871
f 5853 5872 5858
f 5856 5876 5871
f 5868 5877 5867
f 5862 5871 5866
f 5868 5866 5878
f 5855 5873 5872
f 5871 5879 5866
f 5879 5878 5866
f 5863 5866 5868
f 5868 5878 5880
f 5868 5880 5877
f 5880 5881 5877
f 5869 5875 5873
f 5875 5882 5873
f 5878 5883 5880
f 5880 5884 5881
f 5880 5883 5884
f 5830 5885 5824
f 5830 5781 5846
f 5830 5846 5885
f 5885 5886 5887
f 5824 5885 5887
f 5825 5824 5887
f 5825 5887 5888
f 5888 5887 5889
f 5888 5889 5890
f 5887 5886 5889
f 5889 5891 5890
f 5825 5888 5838
f 5838 5888 5892
f 5838 5892 5839
f 5839 5892 5893
f 5892 5894 5893
f 5741 5839 5893
f 5741 5893 5743
f 5743 5893 5895
f 5743 5895 5896
f 5893 5894 5895
f 5894 5897 5895
f 5895 5898 5896
f 5888 5890 5892
f 5842 5899 5833
f 5844 5900 5843
f 5842 5843 5901
f 5842 5901 5899
f 5843 5900 5901
f 5901 5902 5899
f 5892 5890 5894
f 5894 5890 5903
f 5901 5904 5902
f 5903 5891 5905
f 5895 5897 5898
f 5898 5906 5907
f 5894 5903 5897
f 5897 5908 5906
f 5890 5891 5903
f 5903 5905 5908
f 5903 5908 5897
f 5898 5897 5906
f 5906 5908 5909
f 5906 5910 5907
f 5906 5909 5910
f 5786 5787 5865
f 5787 5831 5911
f 5885 5846 5867
f 5787 5911 5865
f 5864 5865 5874
f 5865 5911 5912
f 5831 5832 5913
f 5831 5913 5911
f 5832 5914 5913
f 5913 5915 5911
f 5885 5867 5886
f 5886 5867 5877
f 5865 5912 5874
f 5889 5886 5916
f 5911 5915 5912
f 5913 5917 5915
f 5915 5918 5912
f 5870 5874 5919
f 5874 5912 5920
f 5832 5833 5914
f 5833 5899 5914
f 5913 5914 5917
f 5899 5921 5914
f 5914 5921 5917
f 5915 5917 5922
f 5899 5902 5921
f 5921 5923 5917
f 5902 5924 5921
f 5886 5877 5916
f 5916 5877 5881
f 5916 5881 5925
f 5889 5916 5891
f 5916 5925 5891
f 5891 5925 5905
f 5905 5925 5926
f 5905 5926 5927
f 5874 5920 5919
f 5870 5919 5875
f 5875 5919 5928
f 5919 5929 5928
f 5912 5918 5920
f 5918 5930 5920
f 5919 5920 5929
f 5920 5930 5929
f 5881 5931 5925
f 5884 5931 5881
f 5925 5931 5926
f 5929 5932 5933
f 5915 5922 5918
f 5917 5923 5922
f 5921 5924 5923
f 5922 5923 5934
f 5922 5934 5935
f 5923 5936 5934
f 5905 5927 5908
f 5927 5909 5908
f 5918 5935 5930
f 5918 5922 5935
f 5930 5935 5937
f 5929 5930 5932
f 5930 5937 5932
f 5934 5938 5935
f 5935 5938 5937
f 5939 5940 5941
f 5939 5941 5942
f 5939 5942 5943
f 5694 5944 5945
f 5694 5709 5944
f 5694 5945 5946
f 5708 5707 5947
f 5948 5709 5708
f 5709 5949 5944
f 5944 5941 5945
f 5945 5940 5946
f 5946 5950 5723
f 5707 5711 5947
f 5948 5708 5947
f 5948 5949 5709
f 5694 5946 5723
f 5724 5951 5726
f 5725 5726 5952
f 5724 5723 5953
f 5724 5953 5951
f 5726 5951 5952
f 5944 5949 5941
f 5945 5941 5940
f 5946 5940 5950
f 5723 5950 5953
f 5947 5711 5736
f 5947 5736 5954
f 5948 5954 5955
f 5948 5947 5954
f 5736 5956 5954
f 5954 5957 5955
f 5951 5958 5952
f 5948 5955 5949
f 5949 5942 5941
f 5949 5955 5942
f 5950 5959 5953
f 5955 5960 5942
f 5951 5953 5961
f 5951 5961 5958
f 5953 5959 5961
f 5961 5962 5958
f 5939 5963 5940
f 5939 5964 5963
f 5963 5965 5959
f 5963 5950 5940
f 5963 5959 5950
f 5961 5959 5966
f 5943 5942 5960
f 5943 5960 5967
f 5943 5967 5968
f 5969 5968 5967
f 5969 5967 5970
f 5954 5956 5957
f 5956 5971 5957
f 5957 5971 5972
f 5738 5956 5736
f 5738 5740 5956
f 5740 5971 5956
f 5955 5957 5960
f 5957 5972 5960
f 5960 5972 5967
f 5958 5962 5973
f 5973 5962 5974
f 5973 5974 5975
f 5971 5976 5972
f 5740 5742 5971
f 5971 5742 5976
f 5972 5970 5967
f 5976 5970 5972
f 5963 5964 5965
f 5939 5943 5964
f 5943 5968 5964
f 5964 5968 5977
f 5964 5977 5965
f 5965 5977 5978
f 5965 5978 5966
f 5978 5979 5966
f 5977 5980 5978
f 5977 5981 5980
f 5977 5968 5981
f 5969 5981 5968
f 5978 5980 5982
f 5978 5982 5979
f 5982 5983 5979
f 5965 5966 5959
f 5962 5966 5979
f 5962 5979 5974
f 5961 5966 5962
f 5979 5983 5974
f 5974 5983 5984
f 5975 5974 5984
f 5975 5984 5985
f 5986 5987 5988
f 5986 5989 5987
f 5989 5990 5987
f 5969 5970 5991
f 5969 5991 5992
f 5976 5742 5993
f 5743 5993 5742
f 5976 5993 5994
f 5994 5993 5995
f 5970 5994 5991
f 5976 5994 5970
f 5991 5994 5996
f 5993 5896 5995
f 5991 5996 5997
f 5996 5998 5997
f 5994 5995 5996
f 5996 5995 5999
f 5981 6000 5980
f 5981 5992 6000
f 6000 5992 6001
f 5969 5992 5981
f 5992 5991 5997
f 5980 5986 5982
f 5980 6000 5986
f 5982 5986 5988
f 5982 5988 5983
f 5986 6000 5989
f 6002 5983 5988
f 6002 6003 6004
f 5992 5997 6001
f 6001 5997 6005
f 5989 6000 6001
f 5989 6001 6006
f 5984 6004 5985
f 5985 6004 6007
f 6002 5984 5983
f 6002 6004 5984
f 6004 6008 6007
f 6003 6008 6004
f 6008 6009 6010
f 6008 6010 6007
f 6010 6011 6012
f 5995 6013 5999
f 5998 6014 6015
f 5996 5999 5998
f 5999 6016 6014
f 5998 5999 6014
f 6014 6017 6015
f 6001 6005 6006
f 6005 6018 6006
f 6005 6015 6018
f 5989 6006 5990
f 6006 6018 6019
f 5990 6006 6019
f 6019 6020 6021
f 6019 6018 6020
f 6018 6022 6020
f 6005 5997 5998
f 6005 5998 6015
f 6010 6009 6011
f 6011 6023 6024
f 6018 6015 6022
f 6015 6017 6022
f 5988 5987 6025
f 5987 6026 6025
f 6025 6027 6003
f 5990 6026 5987
f 6025 6026 6027
f 5990 6028 6026
f 5990 6019 6028
f 6029 6026 6028
f 6029 6027 6026
f 6029 6030 6027
f 6030 6031 6027
f 6030 6032 6031
f 6028 6021 6033
f 6034 6030 6029
f 6034 6029 6033
f 6029 6028 6033
f 6035 6032 6030
f 6034 6035 6030
f 6035 6036 6032
f 6002 5988 6025
f 6002 6025 6003
f 6003 6031 6008
f 6003 6027 6031
f 6031 6009 6008
f 6031 6032 6009
f 6032 6037 6009
f 6019 6021 6028
f 6032 6036 6037
f 6036 6038 6037
f 6011 6009 6037
f 6011 6037 6023
f 6037 6038 6023
f 6039 6023 6040
f 6038 6040 6023
f 5725 5952 5730
f 5729 5730 6041
f 5729 6041 5816
f 5730 6042 6041
f 5730 5952 6042
f 5952 5958 6042
f 5816 6041 6043
f 6042 6044 6041
f 6042 5958 5973
f 6044 6043 6041
f 6044 6045 6043
f 6045 6046 6043
f 5816 6043 5819
f 6043 6046 5819
f 5819 6046 5836
f 6042 5973 6044
f 5973 5975 6044
f 6044 5975 6045
f 5837 5836 6047
f 6046 6048 5836
f 5836 6048 6047
f 6045 6049 6046
f 5975 5985 6045
f 6049 6048 6046
f 6045 5985 6049
f 5837 6047 5844
f 5743 5896 5993
f 6047 6050 6051
f 6049 6052 6048
f 6047 6048 6050
f 6048 6052 6050
f 6050 6053 6051
f 5995 5896 6013
f 6050 6012 6053
f 6053 6054 6055
f 5844 6047 6051
f 5844 6051 5900
f 6051 6055 5900
f 5901 5900 5904
f 5900 6055 5904
f 5904 6056 5902
f 6053 6055 6051
f 5904 6055 6057
f 6049 5985 6007
f 6049 6007 6052
f 6052 6012 6050
f 6007 6010 6052
f 6052 6010 6012
f 6053 6012 6024
f 5898 6013 5896
f 6013 5907 6016
f 6013 6016 5999
f 5898 5907 6013
f 6016 5907 6058
f 6016 6058 6059
f 6014 6016 6059
f 6014 6059 6017
f 5902 6056 5924
f 6055 6054 6057
f 5904 6057 6056
f 6060 6061 6056
f 6057 6060 6056
f 5910 6058 5907
f 6062 6063 6061
f 6053 6024 6054
f 6054 6024 6039
f 6054 6039 6064
f 6011 6024 6012
f 6024 6023 6039
f 6064 6039 6065
f 6064 6065 6066
f 6057 6054 6064
f 6057 6064 6060
f 6064 6066 6060
f 6060 6066 6062
f 6060 6062 6061
f 5923 5924 5936
f 6056 6061 5924
f 5924 6061 5936
f 5934 5936 6067
f 5934 6067 5938
f 5936 6061 6063
f 5936 6063 6067
f 6039 6040 6065
f 5884 6068 5931
f 5910 6069 6058
f 5910 5909 6070
f 5910 6070 6069
f 6069 6071 6072
f 5927 5926 6073
f 5927 6073 6074
f 5926 5931 6075
f 5931 6068 6075
f 6075 6076 6073
f 5926 6075 6073
f 6074 6073 6077
f 6078 6077 6079
f 6073 6076 6077
f 6077 6080 6079
f 5927 6074 5909
f 5909 6074 6070
f 6070 6074 6078
f 6069 6070 6071
f 6070 6078 6071
f 6071 6078 6081
f 6071 6082 6072
f 6071 6081 6082
f 5932 6083 6084
f 5932 5937 6083
f 5937 6085 6083
f 6074 6077 6078
f 6078 6079 6081
f 6079 6086 6081
f 6086 6087 6081
f 6082 6081 6087
f 6082 6087 6088
f 6086 6089 6087
f 6087 6089 6090
f 6087 6090 6088
f 6091 6092 6093
f 6094 6095 6096
f 6089 6097 6098
f 6099 6100 6097
f 6090 6098 6101
f 6090 6089 6098
f 6098 6097 6102
f 6103 6091 6093
f 6091 6095 6092
f 6092 6095 6094
f 6099 6094 6100
f 6103 6104 6105
f 6100 6102 6097
f 6094 6096 6100
f 6105 6106 6107
f 6108 6109 6107
f 6020 6110 6111
f 6022 6112 6110
f 6022 6017 6112
f 6110 6112 6113
f 6020 6022 6110
f 6111 6110 6114
f 6110 6113 6114
f 6114 6115 6116
f 6114 6113 6115
f 6021 6117 6033
f 6034 6033 6118
f 6033 6117 6118
f 6118 6117 6119
f 6119 6120 6121
f 6034 6122 6035
f 6035 6122 6123
f 6124 6123 6122
f 6124 6122 6125
f 6124 6126 6123
f 6124 6125 6127
f 6124 6127 6128
f 6034 6118 6122
f 6035 6123 6036
f 6118 6125 6122
f 6123 6126 6129
f 6036 6123 6129
f 6118 6119 6125
f 6125 6121 6127
f 6125 6119 6121
f 6129 6126 6130
f 6127 6131 6128
f 6127 6121 6132
f 6121 6133 6132
f 6127 6132 6131
f 6132 6134 6131
f 6132 6135 6134
f 6020 6111 6021
f 6021 6111 6117
f 6117 6111 6136
f 6111 6114 6136
f 6136 6114 6116
f 6136 6116 6120
f 6117 6136 6119
f 6119 6136 6120
f 6038 6137 6040
f 6040 6137 6138
f 6036 6129 6038
f 6038 6129 6137
f 6129 6130 6137
f 6130 6139 6140
f 6141 6140 6139
f 6130 6140 6137
f 6138 6137 6140
f 6138 6140 6142
f 6141 6142 6140
f 6141 6143 6142
f 6120 6133 6121
f 6120 6116 6144
f 6120 6144 6133
f 6133 6144 6145
f 6116 6146 6144
f 6115 6146 6116
f 6144 6146 6147
f 6144 6147 6145
f 6132 6133 6135
f 6133 6145 6135
f 6141 6148 6143
f 6143 6148 6149
f 6134 6150 6151
f 6145 6152 6153
f 6145 6147 6152
f 6152 6154 6153
f 6152 6155 6154
f 6155 6156 6154
f 6135 6145 6153
f 6135 6153 6150
f 6150 6153 6157
f 6134 6135 6150
f 6150 6158 6151
f 6150 6157 6158
f 6158 6157 6159
f 6158 6159 6160
f 6153 6154 6157
f 6157 6154 6161
f 6154 6156 6161
f 6157 6161 6159
f 6161 4804 4803
f 6161 6156 4804
f 6156 4799 4804
f 6161 4805 6159
f 6159 4805 4807
f 6159 4807 6162
f 6162 4807 4808
f 6161 4803 4806
f 6161 4806 4805
f 6058 6163 6059
f 6017 6059 6164
f 6059 6163 6164
f 6164 6163 6165
f 6164 6165 6166
f 6165 6167 6166
f 6058 6069 6163
f 6069 6072 6163
f 6163 6072 6165
f 6165 6072 6168
f 6165 6168 6167
f 6017 6164 6112
f 6112 6164 6166
f 6112 6166 6113
f 6113 6166 6169
f 6166 6167 6169
f 6113 6169 6115
f 6062 6170 6063
f 6062 6066 6171
f 6171 6172 6170
f 6062 6171 6170
f 6172 6173 6170
f 6167 6168 6174
f 6167 6174 6175
f 6175 6174 6176
f 6169 6175 6177
f 6115 6169 6177
f 6115 6177 6146
f 6177 6178 6146
f 6177 6179 6178
f 6167 6175 6169
f 6177 6175 6179
f 6175 6176 6179
f 6067 6180 5938
f 6063 6181 6067
f 6067 6181 6180
f 6082 6168 6072
f 5937 5938 6085
f 5938 6180 6085
f 6083 6085 6182
f 6180 6183 6085
f 6083 6182 6184
f 6182 6185 6184
f 6085 6183 6182
f 6182 6183 6186
f 6182 6186 6185
f 6063 6170 6181
f 6180 6181 6187
f 6181 6170 6173
f 6181 6173 6187
f 6180 6187 6183
f 6187 6188 6183
f 6173 6189 6187
f 6187 6189 6188
f 6188 6186 6183
f 6168 6088 6174
f 6082 6088 6168
f 6174 6088 6190
f 6174 6190 6176
f 6090 6190 6088
f 6185 6186 6191
f 6188 6192 6186
f 6192 6191 6186
f 6192 6193 6191
f 6191 6193 6194
f 6040 6138 6065
f 6065 6138 6195
f 6066 6065 6195
f 6066 6195 6171
f 6171 6195 6196
f 6138 6142 6195
f 6142 6196 6195
f 6196 6197 6172
f 6171 6196 6172
f 6198 6189 6173
f 6172 6198 6173
f 6172 6197 6198
f 6142 6143 6196
f 6143 6197 6196
f 6178 6147 6146
f 6198 6199 6189
f 6199 6200 6201
f 6198 6197 6202
f 6143 6149 6197
f 6149 6202 6197
f 6149 6203 6202
f 6202 6203 6204
f 6198 6202 6199
f 6199 6202 6204
f 6199 6204 6200
f 6188 6189 6201
f 6188 6201 6192
f 6199 6201 6189
f 6192 6201 6205
f 6192 6205 6193
f 6200 6205 6201
f 6178 6206 6207
f 6179 6208 6206
f 6179 6176 6208
f 6208 6209 6210
f 6178 6179 6206
f 6208 6211 6206
f 6208 6210 6211
f 6210 6212 6213
f 6214 6213 6212
f 6206 6211 6215
f 6210 6213 6216
f 6210 6216 6211
f 6217 6218 6219
f 6220 6221 6096
f 6220 6222 6223
f 6221 6217 6219
f 6220 6223 4823
f 6214 4817 6213
f 6214 6224 4817
f 6214 6218 6224
f 6217 6224 6218
f 6220 4823 6221
f 6221 4823 6217
f 6190 6101 6209
f 6176 6190 6209
f 6208 6176 6209
f 6209 6101 6212
f 6100 6096 6219
f 6100 6219 6102
f 6102 6218 6225
f 6102 6219 6218
f 6214 6212 6225
f 6214 6225 6218
f 6212 6101 6225
f 6090 6101 6190
f 6098 6225 6101
f 6098 6102 6225
f 6226 6227 6109
f 6228 6229 6230
f 6228 6230 6227
f 6231 6229 6232
f 6210 6209 6212
f 6194 6233 6234
f 6234 6233 6235
f 6236 6235 6237
f 6230 6229 6231
f 6238 6231 6232
f 6238 6232 6239
f 6239 6240 6241
f 6238 6239 6241
f 6240 6236 6237
f 6091 6222 6095
f 6103 6223 6091
f 6103 6105 6242
f 6105 6107 6243
f 6220 6096 6095
f 6221 6219 6096
f 6091 6223 6222
f 6103 6242 6223
f 6220 6095 6222
f 6105 6243 6242
f 6107 6109 6244
f 6107 6244 6243
f 6223 6242 4823
f 6109 6245 6244
f 6109 6227 6245
f 6227 6230 4824
f 6242 6243 4823
f 6227 4824 6245
f 6243 6244 4823
f 6244 6245 4823
f 6230 4825 4824
f 6230 4826 4825
f 6230 4828 4826
f 6230 6231 4828
f 6178 6207 6147
f 6147 6207 6152
f 6206 6215 6207
f 6152 6207 6155
f 6155 6207 6215
f 6211 6246 6215
f 6211 6216 6246
f 6247 6215 6246
f 6155 6215 6247
f 6155 6247 6156
f 6200 6248 6205
f 6248 6249 6250
f 6204 6251 6200
f 6200 6251 6248
f 6248 6251 6252
f 6249 6253 6250
f 6254 6255 6253
f 6256 6255 6254
f 6248 6252 6249
f 6249 6257 6253
f 6254 6253 6257
f 6246 6216 4820
f 6216 4816 4822
f 6216 4821 4820
f 6216 4822 4821
f 6247 6246 4818
f 6247 4797 4801
f 6247 4818 4797
f 6246 4819 4818
f 6246 4820 4819
f 6213 4816 6216
f 6213 4817 4815
f 6213 4815 4795
f 6213 4795 4816
f 6224 4813 4817
f 6224 4823 4813
f 6217 4823 6224
f 6258 6259 4843
f 6258 4841 4840
f 6247 4802 6156
f 4802 6247 4801
f 6156 4802 4800
f 6156 4800 4799
f 6259 4844 4843
f 6258 4843 4842
f 6256 4845 6259
f 6259 4845 4844
f 6258 4842 4841
f 6256 6254 4847
f 6256 4846 4845
f 6256 4847 4846
f 6254 4848 4847
f 6254 4838 4837
f 6254 4837 4848
f 6254 6257 4873
f 6254 4873 4838
f 6205 6250 6193
f 6193 6250 6260
f 6255 6233 6260
f 6240 6258 6241
f 6255 6260 6253
f 6256 6259 6261
f 6256 6261 6255
f 6255 6261 6233
f 6237 6261 6259
f 6237 6259 6258
f 6194 6193 6260
f 6194 6260 6233
f 6235 6233 6261
f 6235 6261 6237
f 6240 6237 6258
f 6248 6250 6205
f 6260 6250 6253
f 6238 6241 4833
f 6245 4824 4823
f 6231 4829 4828
f 6231 4830 4829
f 6231 4831 4830
f 6238 4832 4831
f 6238 4833 4832
f 6238 4831 6231
f 6258 4840 6241
f 6241 4834 4833
f 4834 6241 4835
f 6241 4840 4835
f 5856 5857 6262
f 5856 6262 5876
f 5857 6263 6262
f 5857 5858 6263
f 5871 5876 5879
f 5858 6264 6263
f 5876 6262 6265
f 5876 6265 6266
f 5879 5876 6266
f 6263 6267 6262
f 6263 6264 6268
f 5879 6266 6269
f 6263 6268 6267
f 6262 6267 6265
f 5858 5872 6264
f 5872 5873 6270
f 5872 6270 6264
f 5873 5882 6270
f 5879 6269 5878
f 6269 5883 5878
f 6264 6270 6271
f 6264 6271 6268
f 5882 6272 6270
f 6270 6272 6271
f 5875 5928 5882
f 5882 5928 6273
f 5882 6273 6272
f 5929 5933 5928
f 5928 5933 6273
f 6269 6266 6274
f 6265 6275 6266
f 6266 6275 6274
f 6265 6276 6275
f 6274 6275 6277
f 6265 6267 6276
f 6267 6268 6278
f 6269 6274 6279
f 6267 6278 6276
f 6279 6274 6280
f 6275 6276 6281
f 6276 6278 6282
f 6274 6277 6280
f 6279 6280 6283
f 6276 6282 6281
f 6280 6284 6283
f 5884 5883 6285
f 6269 6279 5883
f 5883 6279 6285
f 5884 6285 6068
f 6068 6286 6075
f 6271 6272 6287
f 6068 6285 6288
f 6068 6288 6286
f 6268 6271 6289
f 6268 6289 6278
f 6279 6283 6285
f 6289 6290 6278
f 6271 6287 6289
f 6289 6287 6291
f 6283 6288 6285
f 6278 6290 6282
f 6283 6292 6288
f 6288 6292 6293
f 6286 6288 6293
f 6286 6293 6294
f 6289 6291 6290
f 6290 6291 6295
f 6294 6293 6296
f 6294 6296 6297
f 6296 6298 6297
f 6297 6298 6299
f 6275 6281 6277
f 6280 6277 6300
f 6277 6281 6301
f 6280 6300 6284
f 6277 6301 6300
f 6283 6284 6292
f 6282 6302 6281
f 6281 6302 6301
f 6282 6290 6303
f 6282 6303 6302
f 6290 6295 6303
f 6284 6300 6304
f 6292 6284 6305
f 6301 6302 6306
f 6292 6305 6307
f 6307 6305 6308
f 6307 6308 6309
f 6301 6310 6300
f 6284 6304 6305
f 6300 6310 6304
f 6301 6306 6310
f 6305 6304 6311
f 6305 6311 6308
f 6304 6310 6312
f 6304 6312 6311
f 6310 6313 6312
f 6292 6307 6293
f 6293 6307 6296
f 6302 6303 6314
f 6302 6314 6306
f 6303 6315 6314
f 6296 6307 6309
f 6296 6309 6298
f 6310 6306 6313
f 6306 6316 6313
f 6306 6314 6316
f 6272 6317 6287
f 6273 6317 6272
f 6273 5933 6318
f 6273 6318 6317
f 6318 6319 6317
f 6286 6076 6075
f 6077 6076 6080
f 6286 6294 6076
f 6076 6294 6080
f 6317 6320 6287
f 6287 6320 6291
f 6320 6321 6291
f 6291 6321 6295
f 6317 6319 6320
f 6320 6319 6322
f 6320 6322 6321
f 5933 5932 6084
f 5933 6084 6318
f 6318 6084 6323
f 6083 6184 6084
f 6318 6323 6319
f 6323 6324 6319
f 6084 6184 6323
f 6323 6184 6325
f 6323 6325 6324
f 6319 6324 6322
f 6080 6294 6297
f 6080 6297 6326
f 6079 6080 6326
f 6079 6326 6086
f 6086 6327 6089
f 6086 6326 6327
f 6297 6299 6326
f 6326 6299 6327
f 6321 6322 6328
f 6322 6329 6328
f 6324 6329 6322
f 6324 6330 6329
f 6328 6331 6332
f 6328 6329 6331
f 6303 6295 6315
f 6295 6333 6315
f 6321 6333 6295
f 6321 6328 6333
f 6314 6315 6334
f 6314 6334 6316
f 6315 6333 6335
f 6315 6335 6334
f 6328 6332 6333
f 6332 6335 6333
f 6093 6336 6104
f 6298 6309 6337
f 6309 6336 6337
f 6336 6338 6104
f 6093 6337 6336
f 6298 6337 6339
f 6338 6340 6106
f 6338 6106 6104
f 6308 6336 6309
f 6308 6338 6336
f 6311 6338 6308
f 6311 6340 6338
f 6311 6312 6340
f 6312 6341 6340
f 6312 6313 6341
f 6313 6342 6341
f 6313 6316 6342
f 6092 6339 6337
f 6099 6097 6327
f 6099 6339 6094
f 6099 6327 6299
f 6093 6092 6337
f 6092 6094 6339
f 6103 6093 6104
f 6105 6104 6106
f 6298 6339 6299
f 6099 6299 6339
f 6108 6340 6341
f 6226 6341 6342
f 6108 6106 6340
f 6108 6341 6226
f 6089 6327 6097
f 6108 6107 6106
f 6226 6342 6228
f 6108 6226 6109
f 6228 6343 6229
f 6228 6342 6343
f 6334 6344 6343
f 6343 6344 6229
f 6335 6345 6344
f 6332 6345 6335
f 6316 6334 6343
f 6316 6343 6342
f 6334 6335 6344
f 6184 6185 6325
f 6324 6325 6330
f 6325 6185 6346
f 6325 6346 6330
f 6346 6234 6330
f 6234 6347 6330
f 6329 6347 6331
f 6329 6330 6347
f 6185 6191 6346
f 6346 6191 6194
f 6346 6194 6234
f 6344 6345 6232
f 6236 6331 6347
f 6236 6348 6331
f 6239 6345 6348
f 6226 6228 6227
f 6344 6232 6229
f 6232 6345 6239
f 6332 6331 6348
f 6332 6348 6345
f 6234 6235 6347
f 6236 6347 6235
f 6240 6348 6236
f 6239 6348 6240
f 6126 6128 6349
f 6124 6128 6126
f 6130 6126 6349
f 6130 6349 6139
f 6128 6350 6349
f 6128 6131 6350
f 6349 6350 6351
f 6349 6351 6139
f 6350 6131 6352
f 6350 6352 6353
f 6350 6353 6351
f 6351 6354 6139
f 6134 6352 6131
f 6354 6355 6148
f 6353 6356 6351
f 6351 6356 6354
f 6356 6355 6354
f 6141 6139 6354
f 6141 6354 6148
f 6148 6355 6357
f 6149 6148 6357
f 6149 6357 6203
f 6353 6352 6358
f 6353 6358 6359
f 6134 6151 6352
f 6352 6151 6358
f 6358 6151 6360
f 6358 6361 6359
f 6358 6360 6361
f 6362 6361 6363
f 6353 6359 6356
f 6356 6359 6364
f 6356 6364 6355
f 6359 6362 6364
f 6364 6362 6365
f 6355 6364 6366
f 6364 6365 6366
f 6359 6361 6362
f 6362 6367 6365
f 6365 6368 6366
f 6362 6363 6367
f 6365 6367 6369
f 6365 6369 6368
f 6158 6360 6151
f 6360 6160 6370
f 6158 6160 6360
f 6360 6370 6361
f 6361 6370 6363
f 6357 6371 6203
f 6371 6372 6373
f 6203 6371 6373
f 6373 6372 6374
f 6374 6372 6375
f 6374 6375 6376
f 6357 6355 6366
f 6366 6368 6371
f 6357 6366 6371
f 6368 6369 6377
f 6368 6372 6371
f 6368 6377 6372
f 6377 6375 6372
f 6370 6160 6378
f 6370 6378 6379
f 6380 6379 4808
f 6363 6370 6379
f 6363 6380 6367
f 6363 6379 6380
f 6380 4808 6381
f 6381 4808 6382
f 6382 4808 6383
f 6159 6162 6160
f 6160 6162 6378
f 6378 6162 4808
f 6379 6378 4808
f 6383 4808 4858
f 6376 4875 4874
f 6375 4860 4867
f 6375 4867 4876
f 6375 4876 6376
f 6376 4876 4875
f 6367 6381 6369
f 6369 6382 6377
f 6380 6381 6367
f 6369 6381 6382
f 6382 6383 6377
f 6377 6383 6375
f 6375 6383 4860
f 6383 4858 4860
f 6204 6203 6373
f 6373 6374 6251
f 6204 6373 6251
f 6376 6384 6252
f 6374 6252 6251
f 6249 6252 6384
f 6249 6384 6257
f 6374 6376 6252
f 6384 4870 4869
f 6384 4869 4872
f 6257 4872 4871
f 6257 4871 4873
f 6384 4872 6257
f 6376 4874 4870
f 6376 4870 6384
