timestamp,timestamp_sample,q[0],q[1],q[2],q[3],delta_q_reset[0],delta_q_reset[1],delta_q_reset[2],delta_q_reset[3],quat_reset_counter,time_sec
424920000,424920000,0.9978889,0.003945965,-0.045296766,-0.04646978,0.0,0.0,0.0,0.0,0,0.0
424940000,424940000,0.9978909,0.0059437724,-0.04784672,-0.043568116,0.0,0.0,0.0,0.0,0,0.02
424960000,424960000,0.99788755,0.007873383,-0.05021133,-0.040574897,0.0,0.0,0.0,0.0,0,0.04
424980000,424980000,0.99787873,0.009722011,-0.052399967,-0.037508518,0.0,0.0,0.0,0.0,0,0.06
425000000,425000000,0.9978647,0.011495259,-0.05441108,-0.034385633,0.0,0.0,0.0,0.0,0,0.08
425020000,425020000,0.99784577,0.01318772,-0.056249805,-0.031224146,0.0,0.0,0.0,0.0,0,0.1
425040000,425040000,0.9978219,0.014785701,-0.057926636,-0.028043259,0.0,0.0,0.0,0.0,0,0.12
425060000,425060000,0.99779344,0.016282951,-0.05944906,-0.024860395,0.0,0.0,0.0,0.0,0,0.14
425080000,425080000,0.9977607,0.017682055,-0.060822546,-0.021692995,0.0,0.0,0.0,0.0,0,0.16
425100000,425100000,0.9977238,0.018986069,-0.062059976,-0.018558444,0.0,0.0,0.0,0.0,0,0.18
425120000,425120000,0.99768275,0.020199558,-0.06317281,-0.015472786,0.0,0.0,0.0,0.0,0,0.2
425140000,425140000,0.99763787,0.021322567,-0.064171925,-0.012452002,0.0,0.0,0.0,0.0,0,0.22
425160000,425160000,0.99759066,0.022356763,-0.06505122,-0.009511313,0.0,0.0,0.0,0.0,0,0.24
425180000,425180000,0.99754184,0.023300035,-0.06581838,-0.0066652987,0.0,0.0,0.0,0.0,0,0.26
425200000,425200000,0.99749243,0.024155403,-0.066475786,-0.003927763,0.0,0.0,0.0,0.0,0,0.28
425220000,425220000,0.9974432,0.024927607,-0.067029946,-0.0013110773,0.0,0.0,0.0,0.0,0,0.3
425240000,425240000,0.9973952,0.025626563,-0.06748166,0.0011737982,0.0,0.0,0.0,0.0,0,0.32
425260000,425260000,0.997349,0.026253132,-0.0678409,0.0035159201,0.0,0.0,0.0,0.0,0,0.34
425280000,425280000,0.99730575,0.026809748,-0.06811054,0.0057059834,0.0,0.0,0.0,0.0,0,0.36
425300000,425300000,0.99726653,0.027300648,-0.06828894,0.0077356505,0.0,0.0,0.0,0.0,0,0.38
425320000,425320000,0.99723285,0.027731428,-0.068370685,0.009597747,0.0,0.0,0.0,0.0,0,0.4
425340000,425340000,0.99720496,0.028106946,-0.068366565,0.011285727,0.0,0.0,0.0,0.0,0,0.42
425360000,425360000,0.99718314,0.028425608,-0.068287544,0.012793584,0.0,0.0,0.0,0.0,0,0.44
425380000,425380000,0.9971684,0.028696075,-0.068128124,0.014117969,0.0,0.0,0.0,0.0,0,0.46
425400000,425400000,0.9971613,0.028927252,-0.06788821,0.015256088,0.0,0.0,0.0,0.0,0,0.48
425420000,425420000,0.99716187,0.029124001,-0.06757553,0.016205536,0.0,0.0,0.0,0.0,0,0.5
425440000,425440000,0.99717045,0.029287565,-0.067191355,0.016964331,0.0,0.0,0.0,0.0,0,0.52
425460000,425460000,0.9971864,0.029414099,-0.066751465,0.017531453,0.0,0.0,0.0,0.0,0,0.54
425480000,425480000,0.99720985,0.029512526,-0.06625686,0.017908175,0.0,0.0,0.0,0.0,0,0.56
425500000,425500000,0.9972407,0.029590935,-0.06570326,0.018096557,0.0,0.0,0.0,0.0,0,0.58
425520000,425520000,0.9972789,0.029654559,-0.06509154,0.018099226,0.0,0.0,0.0,0.0,0,0.6
425540000,425540000,0.9973238,0.029704267,-0.064426996,0.017918801,0.0,0.0,0.0,0.0,0,0.62
425560000,425560000,0.99737597,0.02973343,-0.063701995,0.017558502,0.0,0.0,0.0,0.0,0,0.64
425580000,425580000,0.99743396,0.029748693,-0.06292685,0.017023105,0.0,0.0,0.0,0.0,0,0.66
425600000,425600000,0.99749756,0.029744748,-0.0621023,0.016316792,0.0,0.0,0.0,0.0,0,0.68
425620000,425620000,0.9975662,0.029724328,-0.06122647,0.015445497,0.0,0.0,0.0,0.0,0,0.7
425640000,425640000,0.99763894,0.029688109,-0.0603034,0.014414772,0.0,0.0,0.0,0.0,0,0.72
425660000,425660000,0.9977146,0.029642176,-0.059337955,0.013231243,0.0,0.0,0.0,0.0,0,0.74
425680000,425680000,0.99779224,0.029579159,-0.0583367,0.011901001,0.0,0.0,0.0,0.0,0,0.76
425700000,425700000,0.9978711,0.029495696,-0.057302874,0.010431381,0.0,0.0,0.0,0.0,0,0.78
425720000,425720000,0.9979497,0.02939184,-0.056245636,0.008829375,0.0,0.0,0.0,0.0,0,0.8
425740000,425740000,0.9980272,0.029273553,-0.05516673,0.0071030827,0.0,0.0,0.0,0.0,0,0.82
425760000,425760000,0.9981026,0.029139124,-0.054069337,0.0052605015,0.0,0.0,0.0,0.0,0,0.84
425780000,425780000,0.99817544,0.028985536,-0.052951183,0.0033096613,0.0,0.0,0.0,0.0,0,0.86
425800000,425800000,0.9982447,0.028811982,-0.051815975,0.001258852,0.0,0.0,0.0,0.0,0,0.88
425820000,425820000,0.99830943,0.028621798,-0.0506695,-0.0008829716,0.0,0.0,0.0,0.0,0,0.9
425840000,425840000,0.99836874,0.028415706,-0.04951634,-0.003107674,0.0,0.0,0.0,0.0,0,0.92
425860000,425860000,0.99842244,0.028185524,-0.048354026,-0.005406948,0.0,0.0,0.0,0.0,0,0.94
425880000,425880000,0.9984695,0.027933963,-0.04719197,-0.0077721216,0.0,0.0,0.0,0.0,0,0.96
425900000,425900000,0.9985094,0.027661555,-0.0460327,-0.010194626,0.0,0.0,0.0,0.0,0,0.98
425920000,425920000,0.9985423,0.027366726,-0.04486599,-0.012665855,0.0,0.0,0.0,0.0,0,1.0
425940000,425940000,0.9985677,0.027054625,-0.043696597,-0.015177221,0.0,0.0,0.0,0.0,0,1.02
425960000,425960000,0.99858457,0.026737357,-0.04253282,-0.017720176,0.0,0.0,0.0,0.0,0,1.04
425980000,425980000,0.99859303,0.026410848,-0.041375443,-0.020286744,0.0,0.0,0.0,0.0,0,1.06
426000000,426000000,0.99859303,0.026077844,-0.04022403,-0.02286863,0.0,0.0,0.0,0.0,0,1.08
426020000,426020000,0.9985847,0.025737075,-0.039079092,-0.025458058,0.0,0.0,0.0,0.0,0,1.1
426040000,426040000,0.9985683,0.025386827,-0.03793829,-0.028047102,0.0,0.0,0.0,0.0,0,1.12
426060000,426060000,0.9985437,0.025025329,-0.036812987,-0.030628614,0.0,0.0,0.0,0.0,0,1.14
426080000,426080000,0.9985112,0.024657313,-0.035700742,-0.03319523,0.0,0.0,0.0,0.0,0,1.16
426100000,426100000,0.9984709,0.024287846,-0.03460763,-0.035740193,0.0,0.0,0.0,0.0,0,1.18
426120000,426120000,0.9984239,0.023916868,-0.03351595,-0.038256027,0.0,0.0,0.0,0.0,0,1.2
426140000,426140000,0.9983704,0.023542987,-0.032432225,-0.04073652,0.0,0.0,0.0,0.0,0,1.22
426160000,426160000,0.99831086,0.02317662,-0.031356566,-0.043175265,0.0,0.0,0.0,0.0,0,1.24
426180000,426180000,0.99824584,0.022813464,-0.03029246,-0.045566566,0.0,0.0,0.0,0.0,0,1.26
426200000,426200000,0.998176,0.022449171,-0.029238615,-0.04790524,0.0,0.0,0.0,0.0,0,1.28
426220000,426220000,0.9981021,0.022079773,-0.028197795,-0.050185937,0.0,0.0,0.0,0.0,0,1.3
426240000,426240000,0.9980247,0.021713588,-0.027169054,-0.052403547,0.0,0.0,0.0,0.0,0,1.32
426260000,426260000,0.99794436,0.021350086,-0.0261576,-0.054553516,0.0,0.0,0.0,0.0,0,1.34
426280000,426280000,0.9978619,0.020986272,-0.025160577,-0.056631815,0.0,0.0,0.0,0.0,0,1.36
426300000,426300000,0.997778,0.020624157,-0.024183173,-0.058634635,0.0,0.0,0.0,0.0,0,1.38
426320000,426320000,0.99769306,0.0202696,-0.023226444,-0.060558278,0.0,0.0,0.0,0.0,0,1.4
426340000,426340000,0.9976082,0.019914446,-0.0222864,-0.062399715,0.0,0.0,0.0,0.0,0,1.42
426360000,426360000,0.9975237,0.019566424,-0.021369776,-0.06415623,0.0,0.0,0.0,0.0,0,1.44
426380000,426380000,0.9974407,0.019212073,-0.020469945,-0.065825626,0.0,0.0,0.0,0.0,0,1.46
426400000,426400000,0.99735993,0.01885461,-0.019577611,-0.06740574,0.0,0.0,0.0,0.0,0,1.48
426420000,426420000,0.9972816,0.01849515,-0.01870645,-0.06889503,0.0,0.0,0.0,0.0,0,1.5
426440000,426440000,0.9972064,0.018132562,-0.017853513,-0.07029222,0.0,0.0,0.0,0.0,0,1.52
426460000,426460000,0.9971347,0.01776888,-0.0170213,-0.07159659,0.0,0.0,0.0,0.0,0,1.54
426480000,426480000,0.99706703,0.017411383,-0.016199965,-0.072806835,0.0,0.0,0.0,0.0,0,1.56
426500000,426500000,0.99700403,0.017051384,-0.015386891,-0.07392304,0.0,0.0,0.0,0.0,0,1.58
426520000,426520000,0.9969458,0.016690586,-0.014587542,-0.074945286,0.0,0.0,0.0,0.0,0,1.6
426540000,426540000,0.9968928,0.016323755,-0.0138028255,-0.07587392,0.0,0.0,0.0,0.0,0,1.62
426560000,426560000,0.99684525,0.015950505,-0.013031215,-0.076709695,0.0,0.0,0.0,0.0,0,1.64
426580000,426580000,0.9968032,0.015575548,-0.012282286,-0.07745345,0.0,0.0,0.0,0.0,0,1.66
426600000,426600000,0.9967665,0.015209067,-0.011559295,-0.078106634,0.0,0.0,0.0,0.0,0,1.68
426620000,426620000,0.99673575,0.0148468325,-0.010838884,-0.07867039,0.0,0.0,0.0,0.0,0,1.7
426640000,426640000,0.9967108,0.014487571,-0.010130859,-0.07914692,0.0,0.0,0.0,0.0,0,1.72
426660000,426660000,0.99669147,0.014129922,-0.009445228,-0.07953834,0.0,0.0,0.0,0.0,0,1.74
426680000,426680000,0.9966778,0.013777567,-0.008777212,-0.07984698,0.0,0.0,0.0,0.0,0,1.76
426700000,426700000,0.9966698,0.013425708,-0.008130499,-0.080075264,0.0,0.0,0.0,0.0,0,1.78
426720000,426720000,0.99666727,0.01308012,-0.007498841,-0.08022572,0.0,0.0,0.0,0.0,0,1.8
426740000,426740000,0.99667,0.012739008,-0.006881664,-0.08030151,0.0,0.0,0.0,0.0,0,1.82
426760000,426760000,0.99667794,0.012408468,-0.006271716,-0.08030531,0.0,0.0,0.0,0.0,0,1.84
426780000,426780000,0.9966907,0.012086709,-0.005672796,-0.08024013,0.0,0.0,0.0,0.0,0,1.86
426800000,426800000,0.99670815,0.011770761,-0.0050946106,-0.08010922,0.0,0.0,0.0,0.0,0,1.88
426820000,426820000,0.99672997,0.011457436,-0.004536404,-0.07991629,0.0,0.0,0.0,0.0,0,1.9
426840000,426840000,0.99675584,0.0111489855,-0.003991472,-0.079665676,0.0,0.0,0.0,0.0,0,1.92
426860000,426860000,0.99678546,0.010847544,-0.003458682,-0.07936151,0.0,0.0,0.0,0.0,0,1.94
426880000,426880000,0.9968183,0.010560402,-0.0029404424,-0.079007745,0.0,0.0,0.0,0.0,0,1.96
426900000,426900000,0.996854,0.010292931,-0.0024399913,-0.078608446,0.0,0.0,0.0,0.0,0,1.98
426920000,426920000,0.9968922,0.010053591,-0.0019527155,-0.078166984,0.0,0.0,0.0,0.0,0,2.0
426940000,426940000,0.9969327,0.009842581,-0.0014812408,-0.07768691,0.0,0.0,0.0,0.0,0,2.02
426960000,426960000,0.99697506,0.0096595725,-0.0010210426,-0.07717141,0.0,0.0,0.0,0.0,0,2.04
426980000,426980000,0.9970191,0.009509907,-0.00057146227,-0.076623656,0.0,0.0,0.0,0.0,0,2.06
427000000,427000000,0.9970646,0.009390653,-0.00013348024,-0.0760466,0.0,0.0,0.0,0.0,0,2.08
427020000,427020000,0.99711126,0.009299626,0.00028980858,-0.07544332,0.0,0.0,0.0,0.0,0,2.1
427040000,427040000,0.9971589,0.009233612,0.00070003513,-0.07481624,0.0,0.0,0.0,0.0,0,2.12
427060000,427060000,0.99720734,0.009192339,0.0010952082,-0.0741679,0.0,0.0,0.0,0.0,0,2.14
427080000,427080000,0.99725646,0.009172412,0.0014711806,-0.073500685,0.0,0.0,0.0,0.0,0,2.16
427100000,427100000,0.997306,0.009176853,0.0018320649,-0.07281711,0.0,0.0,0.0,0.0,0,2.18
427120000,427120000,0.99735564,0.009206364,0.0021811903,-0.072119795,0.0,0.0,0.0,0.0,0,2.2
427140000,427140000,0.99740535,0.009257773,0.0025217477,-0.07141161,0.0,0.0,0.0,0.0,0,2.22
427160000,427160000,0.9974549,0.0093281185,0.0028554676,-0.07069464,0.0,0.0,0.0,0.0,0,2.24
427180000,427180000,0.99750406,0.009416329,0.0031800473,-0.069971114,0.0,0.0,0.0,0.0,0,2.26
427200000,427200000,0.9975528,0.009520829,0.0034937395,-0.06924326,0.0,0.0,0.0,0.0,0,2.28
427220000,427220000,0.99760103,0.009637332,0.003797227,-0.06851244,0.0,0.0,0.0,0.0,0,2.3
427240000,427240000,0.9976487,0.009758604,0.0040840963,-0.0677805,0.0,0.0,0.0,0.0,0,2.32
427260000,427260000,0.99769574,0.009884866,0.0043571405,-0.06704911,0.0,0.0,0.0,0.0,0,2.34
427280000,427280000,0.997742,0.010013868,0.0046245274,-0.06632019,0.0,0.0,0.0,0.0,0,2.36
427300000,427300000,0.9977874,0.010143305,0.004879128,-0.06559521,0.0,0.0,0.0,0.0,0,2.38
427320000,427320000,0.9978319,0.010270237,0.0051190862,-0.064876206,0.0,0.0,0.0,0.0,0,2.4
427340000,427340000,0.99787545,0.010392968,0.005350788,-0.06416463,0.0,0.0,0.0,0.0,0,2.42
427360000,427360000,0.997918,0.010508291,0.005561668,-0.06346205,0.0,0.0,0.0,0.0,0,2.44
427380000,427380000,0.9979595,0.010619175,0.00575845,-0.06276986,0.0,0.0,0.0,0.0,0,2.46
427400000,427400000,0.9979998,0.010732065,0.0059414534,-0.062089276,0.0,0.0,0.0,0.0,0,2.48
427420000,427420000,0.99803877,0.010851954,0.006110521,-0.0614215,0.0,0.0,0.0,0.0,0,2.5
427440000,427440000,0.9980765,0.010972125,0.0062697167,-0.060767654,0.0,0.0,0.0,0.0,0,2.52
427460000,427460000,0.998113,0.011090063,0.0064086267,-0.060128883,0.0,0.0,0.0,0.0,0,2.54
427480000,427480000,0.9981483,0.011197912,0.006526779,-0.059506528,0.0,0.0,0.0,0.0,0,2.56
427500000,427500000,0.99818236,0.011297495,0.006635276,-0.058901366,0.0,0.0,0.0,0.0,0,2.58
427520000,427520000,0.99821514,0.011395615,0.0067296745,-0.05831414,0.0,0.0,0.0,0.0,0,2.6
427540000,427540000,0.99824655,0.011487731,0.006815293,-0.05774557,0.0,0.0,0.0,0.0,0,2.62
427560000,427560000,0.9982766,0.011578491,0.0068859146,-0.057196334,0.0,0.0,0.0,0.0,0,2.64
427580000,427580000,0.9983054,0.011665146,0.006944002,-0.056667194,0.0,0.0,0.0,0.0,0,2.66
427600000,427600000,0.9983328,0.011748407,0.0069876984,-0.056159016,0.0,0.0,0.0,0.0,0,2.68
427620000,427620000,0.9983591,0.011819593,0.0070162765,-0.055671997,0.0,0.0,0.0,0.0,0,2.7
427640000,427640000,0.998384,0.011883314,0.0070325118,-0.055206783,0.0,0.0,0.0,0.0,0,2.72
427660000,427660000,0.99840766,0.011942214,0.0070407507,-0.054763857,0.0,0.0,0.0,0.0,0,2.74
427680000,427680000,0.9984301,0.011991476,0.0070304917,-0.054343645,0.0,0.0,0.0,0.0,0,2.76
427700000,427700000,0.99845135,0.0120288115,0.007010062,-0.053946495,0.0,0.0,0.0,0.0,0,2.78
427720000,427720000,0.99847126,0.012055496,0.006993575,-0.05357235,0.0,0.0,0.0,0.0,0,2.8
427740000,427740000,0.99849015,0.012066705,0.006958782,-0.053221136,0.0,0.0,0.0,0.0,0,2.82
427760000,427760000,0.998508,0.012061595,0.0069134654,-0.052892797,0.0,0.0,0.0,0.0,0,2.84
427780000,427780000,0.9985246,0.0120423585,0.0068729375,-0.052587096,0.0,0.0,0.0,0.0,0,2.86
427800000,427800000,0.9985402,0.012007402,0.0068284557,-0.052303873,0.0,0.0,0.0,0.0,0,2.88
427820000,427820000,0.9985548,0.011959286,0.0067755617,-0.052042954,0.0,0.0,0.0,0.0,0,2.9
427840000,427840000,0.99856824,0.011901915,0.00672202,-0.051804274,0.0,0.0,0.0,0.0,0,2.92
427860000,427860000,0.99858075,0.011830388,0.006658393,-0.051587444,0.0,0.0,0.0,0.0,0,2.94
427880000,427880000,0.9985924,0.011739771,0.0065920306,-0.051391676,0.0,0.0,0.0,0.0,0,2.96
427900000,427900000,0.9986029,0.011641307,0.006527205,-0.05121642,0.0,0.0,0.0,0.0,0,2.98
427920000,427920000,0.9986126,0.011533358,0.0064597656,-0.05106133,0.0,0.0,0.0,0.0,0,3.0
427940000,427940000,0.9986214,0.011407796,0.0063935695,-0.050925218,0.0,0.0,0.0,0.0,0,3.02
427960000,427960000,0.9986294,0.011272001,0.0063297623,-0.050807167,0.0,0.0,0.0,0.0,0,3.04
427980000,427980000,0.9986365,0.011128176,0.00626191,-0.050707016,0.0,0.0,0.0,0.0,0,3.06
428000000,428000000,0.9986428,0.010973564,0.00619771,-0.050624054,0.0,0.0,0.0,0.0,0,3.08
428020000,428020000,0.99864835,0.010806589,0.00614011,-0.05055736,0.0,0.0,0.0,0.0,0,3.1
428040000,428040000,0.9986532,0.010635835,0.0060786777,-0.0505059,0.0,0.0,0.0,0.0,0,3.12
428060000,428060000,0.9986573,0.010460077,0.0060129534,-0.050468855,0.0,0.0,0.0,0.0,0,3.14
428080000,428080000,0.9986607,0.010280659,0.00595613,-0.050445333,0.0,0.0,0.0,0.0,0,3.16
428100000,428100000,0.9986635,0.010095712,0.005902885,-0.050434213,0.0,0.0,0.0,0.0,0,3.18
428120000,428120000,0.9986657,0.009903884,0.005848549,-0.05043482,0.0,0.0,0.0,0.0,0,3.2
428140000,428140000,0.99866724,0.009709337,0.005806141,-0.050446104,0.0,0.0,0.0,0.0,0,3.22
428160000,428160000,0.9986683,0.009515131,0.0057653403,-0.050467268,0.0,0.0,0.0,0.0,0,3.24
428180000,428180000,0.99866885,0.0093225995,0.005721528,-0.050497096,0.0,0.0,0.0,0.0,0,3.26
428200000,428200000,0.9986689,0.00913604,0.0056819236,-0.050534833,0.0,0.0,0.0,0.0,0,3.28
428220000,428220000,0.99866855,0.008949217,0.0056453473,-0.050579645,0.0,0.0,0.0,0.0,0,3.3
428240000,428240000,0.9986677,0.008765636,0.0056209457,-0.05063034,0.0,0.0,0.0,0.0,0,3.32
428260000,428260000,0.9986666,0.008590701,0.005592698,-0.050685927,0.0,0.0,0.0,0.0,0,3.34
428280000,428280000,0.9986653,0.00841709,0.0055588996,-0.050745293,0.0,0.0,0.0,0.0,0,3.36
428300000,428300000,0.99866366,0.008238747,0.005537318,-0.050807826,0.0,0.0,0.0,0.0,0,3.38
428320000,428320000,0.998662,0.008054245,0.0055164555,-0.050872665,0.0,0.0,0.0,0.0,0,3.4
428340000,428340000,0.99866027,0.007863217,0.0054908535,-0.050938677,0.0,0.0,0.0,0.0,0,3.42
428360000,428360000,0.99865854,0.0076701394,0.0054696784,-0.05100524,0.0,0.0,0.0,0.0,0,3.44
428380000,428380000,0.99865663,0.0074783517,0.005450484,-0.05107206,0.0,0.0,0.0,0.0,0,3.46
428400000,428400000,0.9986549,0.007282803,0.005424295,-0.05113789,0.0,0.0,0.0,0.0,0,3.48
428420000,428420000,0.99865323,0.007082105,0.0053889267,-0.051201656,0.0,0.0,0.0,0.0,0,3.5
428440000,428440000,0.9986518,0.00686983,0.0053450507,-0.051262975,0.0,0.0,0.0,0.0,0,3.52
428460000,428460000,0.9986506,0.0066451463,0.0052947896,-0.051321745,0.0,0.0,0.0,0.0,0,3.54
428480000,428480000,0.9986494,0.0064194794,0.005251405,-0.051377185,0.0,0.0,0.0,0.0,0,3.56
428500000,428500000,0.99864846,0.006189292,0.005211156,-0.051428664,0.0,0.0,0.0,0.0,0,3.58
428520000,428520000,0.99864775,0.0059492867,0.0051558795,-0.051476043,0.0,0.0,0.0,0.0,0,3.6
428540000,428540000,0.99864733,0.0057038786,0.0050926553,-0.051518757,0.0,0.0,0.0,0.0,0,3.62
428560000,428560000,0.99864703,0.005453096,0.005039233,-0.05155647,0.0,0.0,0.0,0.0,0,3.64
428580000,428580000,0.99864703,0.0051905285,0.0049897656,-0.051588602,0.0,0.0,0.0,0.0,0,3.66
428600000,428600000,0.99864715,0.004934549,0.004940735,-0.051615406,0.0,0.0,0.0,0.0,0,3.68
428620000,428620000,0.9986475,0.004687282,0.004893326,-0.051636208,0.0,0.0,0.0,0.0,0,3.7
428640000,428640000,0.99864817,0.004434493,0.004843827,-0.05165127,0.0,0.0,0.0,0.0,0,3.72
428660000,428660000,0.998649,0.004175581,0.0047922838,-0.051660817,0.0,0.0,0.0,0.0,0,3.74
428680000,428680000,0.99865013,0.003922532,0.0047439914,-0.051664066,0.0,0.0,0.0,0.0,0,3.76
428700000,428700000,0.99865144,0.0036696915,0.004700613,-0.05166113,0.0,0.0,0.0,0.0,0,3.78
428720000,428720000,0.998653,0.0034114616,0.004656937,-0.051652484,0.0,0.0,0.0,0.0,0,3.8
428740000,428740000,0.9986548,0.0031599463,0.0046062074,-0.051638283,0.0,0.0,0.0,0.0,0,3.82
428760000,428760000,0.9986568,0.0029226295,0.0045525706,-0.051618006,0.0,0.0,0.0,0.0,0,3.84
428780000,428780000,0.998659,0.0026900717,0.004503718,-0.05159174,0.0,0.0,0.0,0.0,0,3.86
428800000,428800000,0.9986614,0.0024649904,0.004466465,-0.05156019,0.0,0.0,0.0,0.0,0,3.88
428820000,428820000,0.998664,0.002243572,0.0044316724,-0.05152336,0.0,0.0,0.0,0.0,0,3.9
428840000,428840000,0.9986668,0.0020322155,0.0043910206,-0.05148077,0.0,0.0,0.0,0.0,0,3.92
428860000,428860000,0.9986699,0.0018188682,0.004346912,-0.051432688,0.0,0.0,0.0,0.0,0,3.94
428880000,428880000,0.9986732,0.0016022328,0.0043038684,-0.05137963,0.0,0.0,0.0,0.0,0,3.96
428900000,428900000,0.99867666,0.0013904985,0.0042684725,-0.05132195,0.0,0.0,0.0,0.0,0,3.98
428920000,428920000,0.9986803,0.0011808063,0.004224177,-0.051259313,0.0,0.0,0.0,0.0,0,4.0
428940000,428940000,0.99868417,0.0009733337,0.0041780006,-0.05119164,0.0,0.0,0.0,0.0,0,4.02
428960000,428960000,0.9986882,0.00077472255,0.0041347696,-0.05111947,0.0,0.0,0.0,0.0,0,4.04
428980000,428980000,0.99869245,0.0005831616,0.0040978924,-0.051043194,0.0,0.0,0.0,0.0,0,4.06
429000000,429000000,0.99869674,0.00039331437,0.0040645828,-0.050963253,0.0,0.0,0.0,0.0,0,4.08
429020000,429020000,0.9987012,0.00019345534,0.004025442,-0.05088012,0.0,0.0,0.0,0.0,0,4.1
429040000,429040000,0.99870574,-1.2686013e-05,0.003984194,-0.050794426,0.0,0.0,0.0,0.0,0,4.12
429060000,429060000,0.9987104,-0.00020953894,0.0039403443,-0.050705872,0.0,0.0,0.0,0.0,0,4.14
429080000,429080000,0.9987151,-0.000393809,0.0038948948,-0.050615117,0.0,0.0,0.0,0.0,0,4.16
429100000,429100000,0.9987199,-0.0005657268,0.00385262,-0.05052292,0.0,0.0,0.0,0.0,0,4.18
429120000,429120000,0.9987247,-0.00072775764,0.0038000075,-0.050428946,0.0,0.0,0.0,0.0,0,4.2
429140000,429140000,0.99872965,-0.0008845978,0.0037442637,-0.050333265,0.0,0.0,0.0,0.0,0,4.22
429160000,429160000,0.99873453,-0.0010396908,0.0036907801,-0.050236568,0.0,0.0,0.0,0.0,0,4.24
429180000,429180000,0.9987394,-0.0011880093,0.003644949,-0.050139498,0.0,0.0,0.0,0.0,0,4.26
429200000,429200000,0.99874425,-0.0013372876,0.0036003848,-0.050042164,0.0,0.0,0.0,0.0,0,4.28
429220000,429220000,0.99874914,-0.0014866008,0.003551047,-0.049944844,0.0,0.0,0.0,0.0,0,4.3
429240000,429240000,0.9987539,-0.0016370347,0.0034875972,-0.049848296,0.0,0.0,0.0,0.0,0,4.32
429260000,429260000,0.9987587,-0.0017804527,0.0034199504,-0.049752884,0.0,0.0,0.0,0.0,0,4.34
429280000,429280000,0.9987634,-0.001910542,0.0033473358,-0.04965817,0.0,0.0,0.0,0.0,0,4.36
429300000,429300000,0.99876803,-0.0020355051,0.0032770883,-0.049564153,0.0,0.0,0.0,0.0,0,4.38
429320000,429320000,0.9987727,-0.0021567247,0.0031966148,-0.049471457,0.0,0.0,0.0,0.0,0,4.4
429340000,429340000,0.99877715,-0.0022774136,0.0031115036,-0.04938011,0.0,0.0,0.0,0.0,0,4.42
429360000,429360000,0.99878156,-0.002394057,0.0030292321,-0.04929032,0.0,0.0,0.0,0.0,0,4.44
429380000,429380000,0.9987859,-0.0025047248,0.0029518711,-0.049202144,0.0,0.0,0.0,0.0,0,4.46
429400000,429400000,0.9987901,-0.0026151666,0.0028743548,-0.04911616,0.0,0.0,0.0,0.0,0,4.48
429420000,429420000,0.9987941,-0.0027350932,0.0027875076,-0.049032666,0.0,0.0,0.0,0.0,0,4.5
429440000,429440000,0.99879795,-0.0028591547,0.002696073,-0.048952304,0.0,0.0,0.0,0.0,0,4.52
429460000,429460000,0.99880165,-0.002974842,0.002608936,-0.048875015,0.0,0.0,0.0,0.0,0,4.54
429480000,429480000,0.99880517,-0.003079035,0.002523457,-0.048800793,0.0,0.0,0.0,0.0,0,4.56
429500000,429500000,0.9988086,-0.0031652509,0.00243154,-0.04872914,0.0,0.0,0.0,0.0,0,4.58
429520000,429520000,0.99881196,-0.0032326912,0.002331489,-0.048660424,0.0,0.0,0.0,0.0,0,4.6
429540000,429540000,0.99881524,-0.003290474,0.0022200095,-0.048595168,0.0,0.0,0.0,0.0,0,4.62
429560000,429560000,0.9988183,-0.0033439093,0.0021119716,-0.048533715,0.0,0.0,0.0,0.0,0,4.64
429580000,429580000,0.99882114,-0.0033892763,0.0019999126,-0.048476,0.0,0.0,0.0,0.0,0,4.66
429600000,429600000,0.9988239,-0.003428338,0.0018916894,-0.04842187,0.0,0.0,0.0,0.0,0,4.68
429620000,429620000,0.9988264,-0.00345869,0.001787334,-0.048371095,0.0,0.0,0.0,0.0,0,4.7
429640000,429640000,0.9988288,-0.003479277,0.001686134,-0.048323557,0.0,0.0,0.0,0.0,0,4.72
429660000,429660000,0.99883103,-0.0034943991,0.0015861676,-0.048279703,0.0,0.0,0.0,0.0,0,4.74
429680000,429680000,0.99883306,-0.0035141492,0.001478202,-0.04823993,0.0,0.0,0.0,0.0,0,4.76
429700000,429700000,0.99883485,-0.0035346118,0.0013664534,-0.0482043,0.0,0.0,0.0,0.0,0,4.78
429720000,429720000,0.99883646,-0.0035627147,0.0012589284,-0.048172604,0.0,0.0,0.0,0.0,0,4.8
429740000,429740000,0.99883777,-0.0035906998,0.0011614308,-0.04814474,0.0,0.0,0.0,0.0,0,4.82
429760000,429760000,0.998839,-0.0036053648,0.0010598383,-0.04812045,0.0,0.0,0.0,0.0,0,4.84
429780000,429780000,0.9988401,-0.0036126748,0.0009560056,-0.048099563,0.0,0.0,0.0,0.0,0,4.86
429800000,429800000,0.99884105,-0.003618455,0.0008477572,-0.048082244,0.0,0.0,0.0,0.0,0,4.88
429820000,429820000,0.99884176,-0.0036230974,0.0007362484,-0.048068833,0.0,0.0,0.0,0.0,0,4.9
429840000,429840000,0.99884224,-0.0036322798,0.00062928663,-0.048059393,0.0,0.0,0.0,0.0,0,4.92
429860000,429860000,0.99884254,-0.0036407663,0.0005343973,-0.048053883,0.0,0.0,0.0,0.0,0,4.94
429880000,429880000,0.99884266,-0.0036467628,0.00045287437,-0.048051637,0.0,0.0,0.0,0.0,0,4.96
429900000,429900000,0.99884266,-0.0036421758,0.00037483833,-0.04805239,0.0,0.0,0.0,0.0,0,4.98
429920000,429920000,0.9988426,-0.003626665,0.0002965878,-0.048055947,0.0,0.0,0.0,0.0,0,5.0
429940000,429940000,0.99884236,-0.0036009573,0.00022157861,-0.048062168,0.0,0.0,0.0,0.0,0,5.02
429960000,429960000,0.99884206,-0.0035712142,0.00014986047,-0.048071243,0.0,0.0,0.0,0.0,0,5.04
429980000,429980000,0.99884164,-0.003543947,8.42842e-05,-0.048082713,0.0,0.0,0.0,0.0,0,5.06
430000000,430000000,0.998841,-0.0035289568,2.8803202e-05,-0.048096895,0.0,0.0,0.0,0.0,0,5.08
430020000,430020000,0.9988403,-0.0035250569,-2.7144863e-05,-0.04811277,0.0,0.0,0.0,0.0,0,5.1
430040000,430040000,0.99883944,-0.0035216857,-8.679155e-05,-0.048130125,0.0,0.0,0.0,0.0,0,5.12
430060000,430060000,0.9988385,-0.0035167616,-0.00015059528,-0.048149277,0.0,0.0,0.0,0.0,0,5.14
430080000,430080000,0.99883753,-0.0035086558,-0.00021792474,-0.048170306,0.0,0.0,0.0,0.0,0,5.16
430100000,430100000,0.9988364,-0.0035036267,-0.00028370455,-0.048193123,0.0,0.0,0.0,0.0,0,5.18
430120000,430120000,0.9988352,-0.0035029599,-0.00033047487,-0.04821776,0.0,0.0,0.0,0.0,0,5.2
430140000,430140000,0.9988339,-0.0035058276,-0.0003570225,-0.048244104,0.0,0.0,0.0,0.0,0,5.22
430160000,430160000,0.99883264,-0.003502678,-0.000378212,-0.048271116,0.0,0.0,0.0,0.0,0,5.24
430180000,430180000,0.99883133,-0.0034963922,-0.00040320397,-0.048298504,0.0,0.0,0.0,0.0,0,5.26
430200000,430200000,0.99882996,-0.0034819588,-0.00042531514,-0.048326664,0.0,0.0,0.0,0.0,0,5.28
430220000,430220000,0.99882865,-0.0034577393,-0.00044484195,-0.0483553,0.0,0.0,0.0,0.0,0,5.3
430240000,430240000,0.99882734,-0.0034228833,-0.0004617149,-0.048384648,0.0,0.0,0.0,0.0,0,5.32
430260000,430260000,0.9988261,-0.0033747794,-0.00047367136,-0.048414633,0.0,0.0,0.0,0.0,0,5.34
430280000,430280000,0.9988248,-0.003322715,-0.00048932864,-0.048445176,0.0,0.0,0.0,0.0,0,5.36
430300000,430300000,0.9988234,-0.0032765057,-0.00051261345,-0.04847618,0.0,0.0,0.0,0.0,0,5.38
430320000,430320000,0.99882203,-0.0032309124,-0.00053915766,-0.048507504,0.0,0.0,0.0,0.0,0,5.4
430340000,430340000,0.9988206,-0.0031818242,-0.0005644413,-0.048539113,0.0,0.0,0.0,0.0,0,5.42
430360000,430360000,0.9988192,-0.0031317016,-0.000589972,-0.048571415,0.0,0.0,0.0,0.0,0,5.44
430380000,430380000,0.99881774,-0.003087615,-0.0006152809,-0.048604008,0.0,0.0,0.0,0.0,0,5.46
430400000,430400000,0.9988162,-0.0030533592,-0.0006330919,-0.048636787,0.0,0.0,0.0,0.0,0,5.48
430420000,430420000,0.99881476,-0.00301341,-0.0006566165,-0.048669454,0.0,0.0,0.0,0.0,0,5.5
430440000,430440000,0.9988133,-0.0029622857,-0.00068787363,-0.04870205,0.0,0.0,0.0,0.0,0,5.52
430460000,430460000,0.99881184,-0.0029129696,-0.0007150487,-0.048734237,0.0,0.0,0.0,0.0,0,5.54
430480000,430480000,0.9988104,-0.0028719197,-0.000746233,-0.04876564,0.0,0.0,0.0,0.0,0,5.56
430500000,430500000,0.998809,-0.0028400284,-0.0007831773,-0.048796114,0.0,0.0,0.0,0.0,0,5.58
430520000,430520000,0.99880755,-0.0028117648,-0.0008161384,-0.04882622,0.0,0.0,0.0,0.0,0,5.6
430540000,430540000,0.9988062,-0.0027685803,-0.0008543742,-0.04885589,0.0,0.0,0.0,0.0,0,5.62
430560000,430560000,0.99880487,-0.0027171518,-0.00089401915,-0.04888488,0.0,0.0,0.0,0.0,0,5.64
430580000,430580000,0.9988036,-0.0026661928,-0.0009238792,-0.048913088,0.0,0.0,0.0,0.0,0,5.66
430600000,430600000,0.99880236,-0.0026142278,-0.0009543109,-0.0489402,0.0,0.0,0.0,0.0,0,5.68
430620000,430620000,0.99880123,-0.0025662377,-0.000987755,-0.048966255,0.0,0.0,0.0,0.0,0,5.7
430640000,430640000,0.99880004,-0.0025203805,-0.0010276227,-0.048991203,0.0,0.0,0.0,0.0,0,5.72
430660000,430660000,0.99879897,-0.0024793642,-0.0010572831,-0.049015537,0.0,0.0,0.0,0.0,0,5.74
430680000,430680000,0.9987979,-0.0024390898,-0.0010811106,-0.049038764,0.0,0.0,0.0,0.0,0,5.76
430700000,430700000,0.9987969,-0.002396966,-0.0011116521,-0.049060695,0.0,0.0,0.0,0.0,0,5.78
430720000,430720000,0.99879587,-0.0023655065,-0.0011391449,-0.04908144,0.0,0.0,0.0,0.0,0,5.8
430740000,430740000,0.998795,-0.002347767,-0.0011622051,-0.049100928,0.0,0.0,0.0,0.0,0,5.82
430760000,430760000,0.998794,-0.0023293993,-0.0011904001,-0.049119364,0.0,0.0,0.0,0.0,0,5.84
430780000,430780000,0.99879324,-0.0022982291,-0.0012272035,-0.049136635,0.0,0.0,0.0,0.0,0,5.86
430800000,430800000,0.99879247,-0.0022629388,-0.0012619048,-0.0491531,0.0,0.0,0.0,0.0,0,5.88
430820000,430820000,0.99879175,-0.0022258253,-0.0012919619,-0.049168255,0.0,0.0,0.0,0.0,0,5.9
430840000,430840000,0.9987911,-0.0021884462,-0.0013218796,-0.049182247,0.0,0.0,0.0,0.0,0,5.92
430860000,430860000,0.99879044,-0.0021596658,-0.0013451455,-0.049195804,0.0,0.0,0.0,0.0,0,5.94
430880000,430880000,0.9987898,-0.002146309,-0.0013821404,-0.04920902,0.0,0.0,0.0,0.0,0,5.96
430900000,430900000,0.99878913,-0.0021368423,-0.0014240232,-0.049222022,0.0,0.0,0.0,0.0,0,5.98
430920000,430920000,0.9987885,-0.0021236856,-0.0014554375,-0.049234513,0.0,0.0,0.0,0.0,0,6.0
430940000,430940000,0.9987879,-0.0021053741,-0.0014859872,-0.049246646,0.0,0.0,0.0,0.0,0,6.02
430960000,430960000,0.9987873,-0.0020890061,-0.0015252217,-0.04925855,0.0,0.0,0.0,0.0,0,6.04
430980000,430980000,0.9987866,-0.0020738472,-0.0015715859,-0.049270235,0.0,0.0,0.0,0.0,0,6.06
431000000,431000000,0.99878603,-0.0020544964,-0.0016199477,-0.049281597,0.0,0.0,0.0,0.0,0,6.08
431020000,431020000,0.99878544,-0.0020364043,-0.0016702624,-0.049293216,0.0,0.0,0.0,0.0,0,6.1
431040000,431040000,0.9987848,-0.002025769,-0.0017160053,-0.049305096,0.0,0.0,0.0,0.0,0,6.12
431060000,431060000,0.9987841,-0.0020181022,-0.0017637021,-0.04931686,0.0,0.0,0.0,0.0,0,6.14
431080000,431080000,0.99878347,-0.0020106067,-0.001816548,-0.04932859,0.0,0.0,0.0,0.0,0,6.16
431100000,431100000,0.9987828,-0.0020056055,-0.0018734717,-0.049340293,0.0,0.0,0.0,0.0,0,6.18
431120000,431120000,0.99878216,-0.0020005228,-0.0019358759,-0.049351867,0.0,0.0,0.0,0.0,0,6.2
431140000,431140000,0.99878144,-0.0019949046,-0.0020048085,-0.04936325,0.0,0.0,0.0,0.0,0,6.22
431160000,431160000,0.9987808,-0.0019962091,-0.0020713645,-0.049374238,0.0,0.0,0.0,0.0,0,6.24
431180000,431180000,0.9987801,-0.0020097112,-0.002131358,-0.0493849,0.0,0.0,0.0,0.0,0,6.26
431200000,431200000,0.9987794,-0.002027121,-0.002191804,-0.049395453,0.0,0.0,0.0,0.0,0,6.28
431220000,431220000,0.99877876,-0.0020383256,-0.0022479363,-0.04940587,0.0,0.0,0.0,0.0,0,6.3
431240000,431240000,0.9987781,-0.002055258,-0.002295098,-0.049415495,0.0,0.0,0.0,0.0,0,6.32
431260000,431260000,0.9987775,-0.0020803963,-0.0023355973,-0.04942436,0.0,0.0,0.0,0.0,0,6.34
431280000,431280000,0.998777,-0.0021032812,-0.0023696027,-0.049432762,0.0,0.0,0.0,0.0,0,6.36
431300000,431300000,0.9987765,-0.0021258153,-0.0023960269,-0.049439885,0.0,0.0,0.0,0.0,0,6.38
431320000,431320000,0.99877614,-0.0021415362,-0.0024284276,-0.04944551,0.0,0.0,0.0,0.0,0,6.4
431340000,431340000,0.99877584,-0.0021491027,-0.0024598734,-0.04945,0.0,0.0,0.0,0.0,0,6.42
431360000,431360000,0.99877554,-0.0021484743,-0.002487328,-0.04945403,0.0,0.0,0.0,0.0,0,6.44
431380000,431380000,0.99877524,-0.0021509,-0.0025205885,-0.049457908,0.0,0.0,0.0,0.0,0,6.46
431400000,431400000,0.99877495,-0.002155563,-0.002558305,-0.049461924,0.0,0.0,0.0,0.0,0,6.48
431420000,431420000,0.99877465,-0.002162011,-0.0025990114,-0.049465947,0.0,0.0,0.0,0.0,0,6.5
431440000,431440000,0.99877435,-0.0021676102,-0.0026346964,-0.04946993,0.0,0.0,0.0,0.0,0,6.52
431460000,431460000,0.99877405,-0.0021714256,-0.0026632312,-0.049473874,0.0,0.0,0.0,0.0,0,6.54
431480000,431480000,0.9987738,-0.0021779381,-0.0026838244,-0.049477812,0.0,0.0,0.0,0.0,0,6.56
431500000,431500000,0.9987736,-0.0021900744,-0.002697402,-0.04948156,0.0,0.0,0.0,0.0,0,6.58
431520000,431520000,0.99877334,-0.0021929215,-0.0027093494,-0.049485154,0.0,0.0,0.0,0.0,0,6.6
431540000,431540000,0.99877316,-0.0021910733,-0.0027268375,-0.049488373,0.0,0.0,0.0,0.0,0,6.62
431560000,431560000,0.998773,-0.002190651,-0.0027333016,-0.049491346,0.0,0.0,0.0,0.0,0,6.64
431580000,431580000,0.9987728,-0.002193612,-0.0027400218,-0.049494203,0.0,0.0,0.0,0.0,0,6.66
431600000,431600000,0.9987726,-0.0022032398,-0.0027490854,-0.049496908,0.0,0.0,0.0,0.0,0,6.68
431620000,431620000,0.99877244,-0.0022121405,-0.0027541576,-0.049499672,0.0,0.0,0.0,0.0,0,6.7
431640000,431640000,0.9987746,-0.0010167006,-0.0026486584,-0.049501713,0.0,0.0,0.0,0.0,0,6.72
431660000,431660000,0.9987625,0.005276772,-0.0020881235,-0.049501996,0.0,0.0,0.0,0.0,0,6.74
431680000,431680000,0.99862677,0.017379329,-0.0011003232,-0.049501456,0.0,0.0,0.0,0.0,0,6.76
431700000,431700000,0.9981879,0.034345295,0.00012253046,-0.049501497,0.0,0.0,0.0,0.0,0,6.78
431720000,431720000,0.99727434,0.05477796,0.0013841456,-0.049501784,0.0,0.0,0.0,0.0,0,6.8
431740000,431740000,0.99576473,0.07748779,0.002527801,-0.04950684,0.0,0.0,0.0,0.0,0,6.82
431760000,431760000,0.9935937,0.10156731,0.0035806806,-0.049516976,0.0,0.0,0.0,0.0,0,6.84
431780000,431780000,0.9907712,0.12612338,0.004450355,-0.049544808,0.0,0.0,0.0,0.0,0,6.86
431800000,431800000,0.98734885,0.15054971,0.0051726988,-0.049591716,0.0,0.0,0.0,0.0,0,6.88
431820000,431820000,0.98344225,0.17421523,0.005779939,-0.04966026,0.0,0.0,0.0,0.0,0,6.9
431840000,431840000,0.97918594,0.19669414,0.006211061,-0.049767945,0.0,0.0,0.0,0.0,0,6.92
431860000,431860000,0.9747145,0.2177324,0.006586768,-0.049899273,0.0,0.0,0.0,0.0,0,6.94
431880000,431880000,0.9701734,0.23710416,0.006836764,-0.050075483,0.0,0.0,0.0,0.0,0,6.96
431900000,431900000,0.965676,0.2547568,0.0070480965,-0.050281677,0.0,0.0,0.0,0.0,0,6.98
431920000,431920000,0.9613346,0.27062875,0.0071907933,-0.050530285,0.0,0.0,0.0,0.0,0,7.0
431940000,431940000,0.95721895,0.28479108,0.0073253945,-0.0508074,0.0,0.0,0.0,0.0,0,7.02
431960000,431960000,0.9533932,0.2972911,0.007432906,-0.05112018,0.0,0.0,0.0,0.0,0,7.04
431980000,431980000,0.94989586,0.30822375,0.0075331707,-0.051462457,0.0,0.0,0.0,0.0,0,7.06
432000000,432000000,0.94679654,0.31755355,0.0076209786,-0.05183694,0.0,0.0,0.0,0.0,0,7.08
432020000,432020000,0.9441446,0.32528684,0.007696556,-0.05224243,0.0,0.0,0.0,0.0,0,7.1
432040000,432040000,0.9419784,0.33143717,0.007755857,-0.052678503,0.0,0.0,0.0,0.0,0,7.12
432060000,432060000,0.940305,0.33608124,0.0077961734,-0.053143617,0.0,0.0,0.0,0.0,0,7.14
432080000,432080000,0.93911743,0.33930862,0.007840223,-0.053625643,0.0,0.0,0.0,0.0,0,7.16
432100000,432100000,0.9383969,0.3412168,0.0078732995,-0.0541249,0.0,0.0,0.0,0.0,0,7.18
432120000,432120000,0.93812114,0.3418927,0.007906045,-0.054631993,0.0,0.0,0.0,0.0,0,7.2
432140000,432140000,0.93826586,0.3414129,0.0079475725,-0.055139016,0.0,0.0,0.0,0.0,0,7.22
432160000,432160000,0.93879795,0.33986413,0.007995616,-0.05564111,0.0,0.0,0.0,0.0,0,7.24
432180000,432180000,0.9396853,0.3373201,0.008045828,-0.056134146,0.0,0.0,0.0,0.0,0,7.26
432200000,432200000,0.94090104,0.3338319,0.0081013935,-0.05661204,0.0,0.0,0.0,0.0,0,7.28
432220000,432220000,0.9424183,0.32944396,0.008165953,-0.05706879,0.0,0.0,0.0,0.0,0,7.3
432240000,432240000,0.944209,0.3241973,0.008218033,-0.057507347,0.0,0.0,0.0,0.0,0,7.32
432260000,432260000,0.9462432,0.3181353,0.00827782,-0.057916317,0.0,0.0,0.0,0.0,0,7.34
432280000,432280000,0.94849235,0.31129378,0.008345515,-0.058291636,0.0,0.0,0.0,0.0,0,7.36
432300000,432300000,0.9509174,0.30373818,0.008423056,-0.058628887,0.0,0.0,0.0,0.0,0,7.38
432320000,432320000,0.9534923,0.29549456,0.008511741,-0.058924507,0.0,0.0,0.0,0.0,0,7.4
432340000,432340000,0.95618045,0.2866219,0.008606808,-0.059176907,0.0,0.0,0.0,0.0,0,7.42
432360000,432360000,0.95895845,0.27713886,0.008732561,-0.059376832,0.0,0.0,0.0,0.0,0,7.44
432380000,432380000,0.96179265,0.26709884,0.008867689,-0.059527837,0.0,0.0,0.0,0.0,0,7.46
432400000,432400000,0.9646539,0.2565456,0.009043161,-0.05962008,0.0,0.0,0.0,0.0,0,7.48
432420000,432420000,0.9675143,0.2455216,0.009244051,-0.05965653,0.0,0.0,0.0,0.0,0,7.5
432440000,432440000,0.9703469,0.23407283,0.009499086,-0.059629027,0.0,0.0,0.0,0.0,0,7.52
432460000,432460000,0.9731295,0.22223182,0.0097849835,-0.05954289,0.0,0.0,0.0,0.0,0,7.54
432480000,432480000,0.97583646,0.21005324,0.01013196,-0.05939128,0.0,0.0,0.0,0.0,0,7.56
432500000,432500000,0.9784497,0.19756657,0.010529178,-0.059176926,0.0,0.0,0.0,0.0,0,7.58
432520000,432520000,0.9809439,0.1848469,0.010984086,-0.058899246,0.0,0.0,0.0,0.0,0,7.6
432540000,432540000,0.98330617,0.1719209,0.011506706,-0.058556918,0.0,0.0,0.0,0.0,0,7.62
432560000,432560000,0.9855159,0.15887035,0.012068256,-0.058155723,0.0,0.0,0.0,0.0,0,7.64
432580000,432580000,0.9875648,0.14572303,0.012699789,-0.057691872,0.0,0.0,0.0,0.0,0,7.66
432600000,432600000,0.98944175,0.13254026,0.013360251,-0.057172805,0.0,0.0,0.0,0.0,0,7.68
432620000,432620000,0.991141,0.11936155,0.0140882,-0.05659474,0.0,0.0,0.0,0.0,0,7.7
432640000,432640000,0.9926573,0.10624641,0.014839405,-0.05596479,0.0,0.0,0.0,0.0,0,7.72
432660000,432660000,0.99398935,0.0932394,0.015643312,-0.055281118,0.0,0.0,0.0,0.0,0,7.74
432680000,432680000,0.99513876,0.08038213,0.016465127,-0.054549098,0.0,0.0,0.0,0.0,0,7.76
432700000,432700000,0.9961076,0.067733385,0.017313994,-0.05376947,0.0,0.0,0.0,0.0,0,7.78
432720000,432720000,0.9969023,0.055330295,0.01817201,-0.052945547,0.0,0.0,0.0,0.0,0,7.8
432740000,432740000,0.997531,0.043201454,0.019036518,-0.05207893,0.0,0.0,0.0,0.0,0,7.82
432760000,432760000,0.998003,0.03137533,0.019901922,-0.051171873,0.0,0.0,0.0,0.0,0,7.84
432780000,432780000,0.9983289,0.019885596,0.020742292,-0.050226845,0.0,0.0,0.0,0.0,0,7.86
432800000,432800000,0.99851996,0.008763249,0.021565514,-0.0492457,0.0,0.0,0.0,0.0,0,7.88
432820000,432820000,0.998589,-0.0019710122,0.022339784,-0.04823022,0.0,0.0,0.0,0.0,0,7.9
432840000,432840000,0.99854815,-0.012291541,0.023096016,-0.04718232,0.0,0.0,0.0,0.0,0,7.92
432860000,432860000,0.9984111,-0.022200212,0.023791144,-0.046102986,0.0,0.0,0.0,0.0,0,7.94
432880000,432880000,0.99819,-0.031680632,0.024448866,-0.044994336,0.0,0.0,0.0,0.0,0,7.96
432900000,432900000,0.99789745,-0.040738683,0.025034256,-0.043856774,0.0,0.0,0.0,0.0,0,7.98
432920000,432920000,0.9975444,-0.04936311,0.025588533,-0.042694207,0.0,0.0,0.0,0.0,0,8.0
432940000,432940000,0.9971426,-0.057562202,0.026067756,-0.041506376,0.0,0.0,0.0,0.0,0,8.02
432960000,432960000,0.99670273,-0.065322794,0.026493587,-0.0402966,0.0,0.0,0.0,0.0,0,8.04
432980000,432980000,0.99623424,-0.07266334,0.026840571,-0.039065395,0.0,0.0,0.0,0.0,0,8.06
433000000,433000000,0.9957449,-0.07958925,0.027140891,-0.037817586,0.0,0.0,0.0,0.0,0,8.08
433020000,433020000,0.99524313,-0.08611204,0.02736363,-0.036553357,0.0,0.0,0.0,0.0,0,8.1
433040000,433040000,0.99473536,-0.092241496,0.02752562,-0.035276856,0.0,0.0,0.0,0.0,0,8.12
433060000,433060000,0.994228,-0.09799107,0.027608223,-0.033989478,0.0,0.0,0.0,0.0,0,8.14
433080000,433080000,0.9937263,-0.10336608,0.027631834,-0.032696623,0.0,0.0,0.0,0.0,0,8.16
433100000,433100000,0.9932342,-0.108387664,0.027585864,-0.031400204,0.0,0.0,0.0,0.0,0,8.18
433120000,433120000,0.992755,-0.11306952,0.027488267,-0.030105527,0.0,0.0,0.0,0.0,0,8.2
433140000,433140000,0.9922929,-0.1174169,0.027329128,-0.028815582,0.0,0.0,0.0,0.0,0,8.22
433160000,433160000,0.9918501,-0.121443704,0.027123947,-0.027535796,0.0,0.0,0.0,0.0,0,8.24
433180000,433180000,0.9914292,-0.12516208,0.026864149,-0.026268931,0.0,0.0,0.0,0.0,0,8.26
433200000,433200000,0.9910316,-0.12858365,0.026565399,-0.025021087,0.0,0.0,0.0,0.0,0,8.28
433220000,433220000,0.99066013,-0.13171118,0.02622137,-0.023795104,0.0,0.0,0.0,0.0,0,8.3
433240000,433240000,0.9903153,-0.13455796,0.02584895,-0.022597268,0.0,0.0,0.0,0.0,0,8.32
433260000,433260000,0.989999,-0.13713089,0.025435617,-0.021429725,0.0,0.0,0.0,0.0,0,8.34
433280000,433280000,0.989711,-0.13944489,0.024988545,-0.020296684,0.0,0.0,0.0,0.0,0,8.36
433300000,433300000,0.9894529,-0.14150135,0.024508921,-0.019201843,0.0,0.0,0.0,0.0,0,8.38
433320000,433320000,0.989224,-0.1433144,0.024009908,-0.01815051,0.0,0.0,0.0,0.0,0,8.4
433340000,433340000,0.9890253,-0.14488705,0.02349035,-0.017145647,0.0,0.0,0.0,0.0,0,8.42
433360000,433360000,0.9888567,-0.14622656,0.02296021,-0.016191883,0.0,0.0,0.0,0.0,0,8.44
433380000,433380000,0.9887182,-0.1473414,0.022407904,-0.015289793,0.0,0.0,0.0,0.0,0,8.46
433400000,433400000,0.9886087,-0.1482451,0.021835554,-0.014441803,0.0,0.0,0.0,0.0,0,8.48
433420000,433420000,0.9885276,-0.1489452,0.021242922,-0.0136499265,0.0,0.0,0.0,0.0,0,8.5
433440000,433440000,0.98847437,-0.14944696,0.020644648,-0.012918412,0.0,0.0,0.0,0.0,0,8.52
433460000,433460000,0.9884481,-0.14975971,0.020036682,-0.012248174,0.0,0.0,0.0,0.0,0,8.54
433480000,433480000,0.9884473,-0.14989497,0.01941619,-0.011640131,0.0,0.0,0.0,0.0,0,8.56
433500000,433500000,0.988472,-0.14985496,0.018778881,-0.011094347,0.0,0.0,0.0,0.0,0,8.58
433520000,433520000,0.9885218,-0.14964062,0.018133733,-0.010612569,0.0,0.0,0.0,0.0,0,8.6
433540000,433540000,0.98859566,-0.14925754,0.0174896,-0.010196539,0.0,0.0,0.0,0.0,0,8.62
433560000,433560000,0.9886912,-0.14872226,0.016838575,-0.0098452065,0.0,0.0,0.0,0.0,0,8.64
433580000,433580000,0.98880756,-0.14803976,0.016173547,-0.00955689,0.0,0.0,0.0,0.0,0,8.66
433600000,433600000,0.9889447,-0.14720675,0.015507459,-0.009333066,0.0,0.0,0.0,0.0,0,8.68
433620000,433620000,0.98910135,-0.14623012,0.014840975,-0.009172809,0.0,0.0,0.0,0.0,0,8.7
433640000,433640000,0.98927635,-0.14511473,0.0141693475,-0.009074253,0.0,0.0,0.0,0.0,0,8.72
433660000,433660000,0.989467,-0.14387684,0.0134866135,-0.009035299,0.0,0.0,0.0,0.0,0,8.74
433680000,433680000,0.9896718,-0.14252388,0.01279798,-0.009055092,0.0,0.0,0.0,0.0,0,8.76
433700000,433700000,0.98988885,-0.14106412,0.012109357,-0.009132374,0.0,0.0,0.0,0.0,0,8.78
433720000,433720000,0.99011755,-0.13949898,0.01142379,-0.009265522,0.0,0.0,0.0,0.0,0,8.8
433740000,433740000,0.99035656,-0.13783433,0.010737731,-0.0094516,0.0,0.0,0.0,0.0,0,8.82
433760000,433760000,0.9906053,-0.13607126,0.010051907,-0.009688319,0.0,0.0,0.0,0.0,0,8.84
433780000,433780000,0.9908623,-0.13421588,0.009361702,-0.009972269,0.0,0.0,0.0,0.0,0,8.86
433800000,433800000,0.9911262,-0.1322753,0.008671102,-0.010301146,0.0,0.0,0.0,0.0,0,8.88
433820000,433820000,0.9913955,-0.13025548,0.007983607,-0.01067269,0.0,0.0,0.0,0.0,0,8.9
433840000,433840000,0.9916693,-0.12815939,0.0073044826,-0.011084457,0.0,0.0,0.0,0.0,0,8.92
433860000,433860000,0.9919462,-0.12599587,0.006622921,-0.011531549,0.0,0.0,0.0,0.0,0,8.94
433880000,433880000,0.99222547,-0.123766474,0.0059389425,-0.012010664,0.0,0.0,0.0,0.0,0,8.96
433900000,433900000,0.99250543,-0.12148169,0.005253235,-0.012518637,0.0,0.0,0.0,0.0,0,8.98
433920000,433920000,0.99278563,-0.11914075,0.004571582,-0.013052927,0.0,0.0,0.0,0.0,0,9.0
433940000,433940000,0.9930643,-0.116756134,0.0038988788,-0.013610771,0.0,0.0,0.0,0.0,0,9.02
433960000,433960000,0.9933405,-0.1143325,0.003238052,-0.014189259,0.0,0.0,0.0,0.0,0,9.04
433980000,433980000,0.9936134,-0.11187643,0.0025763938,-0.014783105,0.0,0.0,0.0,0.0,0,9.06
434000000,434000000,0.9938822,-0.10939298,0.0019095954,-0.0153883565,0.0,0.0,0.0,0.0,0,9.08
434020000,434020000,0.9941456,-0.10689281,0.0012468444,-0.016003286,0.0,0.0,0.0,0.0,0,9.1
434040000,434040000,0.99440366,-0.10437318,0.0005883544,-0.016624877,0.0,0.0,0.0,0.0,0,9.12
434060000,434060000,0.99465585,-0.10183969,-6.3985186e-05,-0.017250039,0.0,0.0,0.0,0.0,0,9.14
434080000,434080000,0.9949018,-0.09929476,-0.0007090383,-0.017875956,0.0,0.0,0.0,0.0,0,9.16
434100000,434100000,0.9951408,-0.09674635,-0.0013447676,-0.018499713,0.0,0.0,0.0,0.0,0,9.18
434120000,434120000,0.9953728,-0.09419517,-0.001964099,-0.01911937,0.0,0.0,0.0,0.0,0,9.2
434140000,434140000,0.99559706,-0.09164944,-0.0025719209,-0.019732168,0.0,0.0,0.0,0.0,0,9.22
434160000,434160000,0.9958135,-0.08911254,-0.0031655394,-0.020335736,0.0,0.0,0.0,0.0,0,9.24
434180000,434180000,0.99602175,-0.08658982,-0.0037479082,-0.020926887,0.0,0.0,0.0,0.0,0,9.26
434200000,434200000,0.996223,-0.08407038,-0.0043264506,-0.021502145,0.0,0.0,0.0,0.0,0,9.28
434220000,434220000,0.9964162,-0.081567675,-0.0048956987,-0.022059944,0.0,0.0,0.0,0.0,0,9.3
434240000,434240000,0.99660176,-0.07908018,-0.005447793,-0.022598602,0.0,0.0,0.0,0.0,0,9.32
434260000,434260000,0.99677926,-0.076616235,-0.0059865247,-0.023115978,0.0,0.0,0.0,0.0,0,9.34
434280000,434280000,0.9969491,-0.07417374,-0.0065169143,-0.023609873,0.0,0.0,0.0,0.0,0,9.36
434300000,434300000,0.9971111,-0.07175826,-0.007037426,-0.02407879,0.0,0.0,0.0,0.0,0,9.38
434320000,434320000,0.9972659,-0.06936557,-0.007545745,-0.024521591,0.0,0.0,0.0,0.0,0,9.4
434340000,434340000,0.99741316,-0.06700375,-0.008042152,-0.024937369,0.0,0.0,0.0,0.0,0,9.42
434360000,434360000,0.99755335,-0.064670466,-0.008531026,-0.025324361,0.0,0.0,0.0,0.0,0,9.44
434380000,434380000,0.9976863,-0.06237292,-0.009013267,-0.025681434,0.0,0.0,0.0,0.0,0,9.46
434400000,434400000,0.99781233,-0.06011171,-0.009476289,-0.026008934,0.0,0.0,0.0,0.0,0,9.48
434420000,434420000,0.99793154,-0.057889853,-0.009924909,-0.026305813,0.0,0.0,0.0,0.0,0,9.5
434440000,434440000,0.9980443,-0.055705376,-0.010368744,-0.026570648,0.0,0.0,0.0,0.0,0,9.52
434460000,434460000,0.99815065,-0.053566325,-0.010798549,-0.02680378,0.0,0.0,0.0,0.0,0,9.54
434480000,434480000,0.9982509,-0.051471435,-0.011208216,-0.027005563,0.0,0.0,0.0,0.0,0,9.56
434500000,434500000,0.9983452,-0.049425498,-0.011602121,-0.027175577,0.0,0.0,0.0,0.0,0,9.58
434520000,434520000,0.99843365,-0.047429606,-0.0119889155,-0.027313456,0.0,0.0,0.0,0.0,0,9.6
434540000,434540000,0.99851644,-0.04548893,-0.012367317,-0.027419608,0.0,0.0,0.0,0.0,0,9.62
434560000,434560000,0.99859405,-0.0436008,-0.012727459,-0.027494736,0.0,0.0,0.0,0.0,0,9.64
434580000,434580000,0.99866647,-0.041772924,-0.013078279,-0.027538981,0.0,0.0,0.0,0.0,0,9.66
434600000,434600000,0.9987342,-0.039998516,-0.013420562,-0.027552815,0.0,0.0,0.0,0.0,0,9.68
434620000,434620000,0.9987974,-0.03828086,-0.013750232,-0.027536852,0.0,0.0,0.0,0.0,0,9.7
434640000,434640000,0.9988565,-0.036618203,-0.014077597,-0.02749128,0.0,0.0,0.0,0.0,0,9.72
434660000,434660000,0.9989117,-0.035010006,-0.014391755,-0.027417606,0.0,0.0,0.0,0.0,0,9.74
434680000,434680000,0.9989634,-0.033455595,-0.014688714,-0.027317023,0.0,0.0,0.0,0.0,0,9.76
434700000,434700000,0.9990115,-0.031961035,-0.014976678,-0.027190266,0.0,0.0,0.0,0.0,0,9.78
434720000,434720000,0.9990566,-0.030515382,-0.015258768,-0.027037848,0.0,0.0,0.0,0.0,0,9.8
434740000,434740000,0.9990988,-0.029118156,-0.015536503,-0.0268612,0.0,0.0,0.0,0.0,0,9.82
434760000,434760000,0.9991384,-0.027767645,-0.015802283,-0.026661517,0.0,0.0,0.0,0.0,0,9.84
434780000,434780000,0.9991758,-0.026459731,-0.016052691,-0.026439834,0.0,0.0,0.0,0.0,0,9.86
434800000,434800000,0.9992109,-0.025195662,-0.016296811,-0.026197422,0.0,0.0,0.0,0.0,0,9.88
434820000,434820000,0.9992437,-0.023979189,-0.016538192,-0.025935765,0.0,0.0,0.0,0.0,0,9.9
434840000,434840000,0.9992747,-0.022803547,-0.016762706,-0.025657047,0.0,0.0,0.0,0.0,0,9.92
434860000,434860000,0.99930394,-0.021668205,-0.016969943,-0.025361933,0.0,0.0,0.0,0.0,0,9.94
434880000,434880000,0.9993317,-0.020573044,-0.017159028,-0.025051769,0.0,0.0,0.0,0.0,0,9.96
434900000,434900000,0.99935794,-0.019519404,-0.01733158,-0.024727557,0.0,0.0,0.0,0.0,0,9.98
434920000,434920000,0.9993828,-0.018503118,-0.017487668,-0.02439123,0.0,0.0,0.0,0.0,0,10.0
434940000,434940000,0.9994061,-0.017530857,-0.017638346,-0.024044123,0.0,0.0,0.0,0.0,0,10.02
434960000,434960000,0.9994279,-0.01659835,-0.017785076,-0.02368743,0.0,0.0,0.0,0.0,0,10.04
434980000,434980000,0.9994485,-0.015708316,-0.017921839,-0.023322368,0.0,0.0,0.0,0.0,0,10.06
435000000,435000000,0.9994678,-0.014857608,-0.018048884,-0.02295032,0.0,0.0,0.0,0.0,0,10.08
435020000,435020000,0.9994863,-0.014036533,-0.018154806,-0.022572659,0.0,0.0,0.0,0.0,0,10.1
435040000,435040000,0.99950427,-0.013243897,-0.018234622,-0.022191193,0.0,0.0,0.0,0.0,0,10.12
435060000,435060000,0.9995212,-0.012490104,-0.018302059,-0.021807075,0.0,0.0,0.0,0.0,0,10.14
435080000,435080000,0.9995371,-0.011772108,-0.018364144,-0.02142141,0.0,0.0,0.0,0.0,0,10.16
435100000,435100000,0.9995522,-0.011091345,-0.018411852,-0.021035649,0.0,0.0,0.0,0.0,0,10.18
435120000,435120000,0.99956673,-0.0104483785,-0.01843559,-0.020650923,0.0,0.0,0.0,0.0,0,10.2
435140000,435140000,0.9995808,-0.009837346,-0.018432265,-0.02026823,0.0,0.0,0.0,0.0,0,10.22
435160000,435160000,0.99959445,-0.009253383,-0.018408302,-0.019888585,0.0,0.0,0.0,0.0,0,10.24
435180000,435180000,0.9996075,-0.008700428,-0.018372236,-0.019513141,0.0,0.0,0.0,0.0,0,10.26
435200000,435200000,0.99962,-0.008182204,-0.01831831,-0.019142987,0.0,0.0,0.0,0.0,0,10.28
435220000,435220000,0.999632,-0.007699102,-0.018248498,-0.018779151,0.0,0.0,0.0,0.0,0,10.3
435240000,435240000,0.9996437,-0.007248695,-0.01815667,-0.018422386,0.0,0.0,0.0,0.0,0,10.32
435260000,435260000,0.99965525,-0.006820715,-0.018036501,-0.018073604,0.0,0.0,0.0,0.0,0,10.34
435280000,435280000,0.9996667,-0.0064057596,-0.01789025,-0.017733432,0.0,0.0,0.0,0.0,0,10.36
435300000,435300000,0.9996778,-0.0060167685,-0.017730631,-0.017403536,0.0,0.0,0.0,0.0,0,10.38
435320000,435320000,0.9996884,-0.0056513296,-0.017562246,-0.01708452,0.0,0.0,0.0,0.0,0,10.4
435340000,435340000,0.9996985,-0.0053073675,-0.017386816,-0.01677649,0.0,0.0,0.0,0.0,0,10.42
435360000,435360000,0.9997083,-0.0049842657,-0.017203247,-0.016479615,0.0,0.0,0.0,0.0,0,10.44
435380000,435380000,0.9997177,-0.004680487,-0.017012427,-0.016194412,0.0,0.0,0.0,0.0,0,10.46
435400000,435400000,0.99972683,-0.0043852967,-0.016810145,-0.015921902,0.0,0.0,0.0,0.0,0,10.48
435420000,435420000,0.99973583,-0.0040975213,-0.016590914,-0.015662368,0.0,0.0,0.0,0.0,0,10.5
435440000,435440000,0.9997444,-0.0038308278,-0.016365465,-0.015416442,0.0,0.0,0.0,0.0,0,10.52
435460000,435460000,0.99975264,-0.003587041,-0.016134016,-0.015184356,0.0,0.0,0.0,0.0,0,10.54
435480000,435480000,0.9997607,-0.0033558244,-0.015887465,-0.014966076,0.0,0.0,0.0,0.0,0,10.56
435500000,435500000,0.9997685,-0.0031277677,-0.015630228,-0.014762021,0.0,0.0,0.0,0.0,0,10.58
435520000,435520000,0.99977595,-0.002908895,-0.015372428,-0.014572576,0.0,0.0,0.0,0.0,0,10.6
435540000,435540000,0.999783,-0.0027084951,-0.015116764,-0.014397939,0.0,0.0,0.0,0.0,0,10.62
435560000,435560000,0.9997898,-0.00251803,-0.014846327,-0.014238099,0.0,0.0,0.0,0.0,0,10.64
435580000,435580000,0.99979645,-0.0023344085,-0.014563295,-0.014092411,0.0,0.0,0.0,0.0,0,10.66
435600000,435600000,0.9998027,-0.0021623513,-0.014286427,-0.013960341,0.0,0.0,0.0,0.0,0,10.68
435620000,435620000,0.9998086,-0.0020064977,-0.014009148,-0.013841992,0.0,0.0,0.0,0.0,0,10.7
435640000,435640000,0.9998142,-0.0018655525,-0.013727946,-0.013736689,0.0,0.0,0.0,0.0,0,10.72
435660000,435660000,0.9998196,-0.0017346463,-0.013442737,-0.013644054,0.0,0.0,0.0,0.0,0,10.74
435680000,435680000,0.9998247,-0.0016084556,-0.013155478,-0.013563728,0.0,0.0,0.0,0.0,0,10.76
435700000,435700000,0.9998296,-0.0014847881,-0.012867413,-0.013495461,0.0,0.0,0.0,0.0,0,10.78
435720000,435720000,0.9998342,-0.0013629765,-0.012577829,-0.013439185,0.0,0.0,0.0,0.0,0,10.8
435740000,435740000,0.99983853,-0.0012461122,-0.012289557,-0.013394553,0.0,0.0,0.0,0.0,0,10.82
435760000,435760000,0.9998426,-0.0011351831,-0.012003147,-0.013361434,0.0,0.0,0.0,0.0,0,10.84
435780000,435780000,0.9998464,-0.0010351145,-0.011717741,-0.013339283,0.0,0.0,0.0,0.0,0,10.86
435800000,435800000,0.9998499,-0.000949199,-0.011432226,-0.013327224,0.0,0.0,0.0,0.0,0,10.88
435820000,435820000,0.9998534,-0.0008779731,-0.011137355,-0.01332459,0.0,0.0,0.0,0.0,0,10.9
435840000,435840000,0.99985665,-0.000820913,-0.010833157,-0.013331706,0.0,0.0,0.0,0.0,0,10.92
435860000,435860000,0.9998598,-0.0007729527,-0.010522664,-0.013348145,0.0,0.0,0.0,0.0,0,10.94
435880000,435880000,0.9998627,-0.0007284464,-0.010214313,-0.013372609,0.0,0.0,0.0,0.0,0,10.96
435900000,435900000,0.9998653,-0.0006956079,-0.009913808,-0.01340424,0.0,0.0,0.0,0.0,0,10.98
435920000,435920000,0.99986774,-0.00067414733,-0.009613358,-0.013442277,0.0,0.0,0.0,0.0,0,11.0
435940000,435940000,0.99987006,-0.0006578602,-0.009309316,-0.013486112,0.0,0.0,0.0,0.0,0,11.02
435960000,435960000,0.9998722,-0.00064441917,-0.008999685,-0.013535527,0.0,0.0,0.0,0.0,0,11.04
435980000,435980000,0.9998743,-0.0006333978,-0.008684119,-0.013590292,0.0,0.0,0.0,0.0,0,11.06
436000000,436000000,0.9998762,-0.00063096185,-0.008367856,-0.0136499265,0.0,0.0,0.0,0.0,0,11.08
436020000,436020000,0.99987787,-0.00064015365,-0.008053788,-0.01371451,0.0,0.0,0.0,0.0,0,11.1
436040000,436040000,0.99987936,-0.00066160556,-0.0077417395,-0.013783682,0.0,0.0,0.0,0.0,0,11.12
436060000,436060000,0.99988073,-0.00068222097,-0.0074256947,-0.013856639,0.0,0.0,0.0,0.0,0,11.14
436080000,436080000,0.999882,-0.00070071657,-0.007110926,-0.013932429,0.0,0.0,0.0,0.0,0,11.16
436100000,436100000,0.9998831,-0.0007228313,-0.006789447,-0.014010296,0.0,0.0,0.0,0.0,0,11.18
436120000,436120000,0.9998841,-0.0007439498,-0.0064630206,-0.014089756,0.0,0.0,0.0,0.0,0,11.2
436140000,436140000,0.9998851,-0.00076613016,-0.006128182,-0.014170633,0.0,0.0,0.0,0.0,0,11.22
436160000,436160000,0.9998859,-0.0007944333,-0.0057911915,-0.014252585,0.0,0.0,0.0,0.0,0,11.24
436180000,436180000,0.9998865,-0.0008226202,-0.005467213,-0.014335033,0.0,0.0,0.0,0.0,0,11.26
436200000,436200000,0.999887,-0.0008424489,-0.005153512,-0.014418072,0.0,0.0,0.0,0.0,0,11.28
436220000,436220000,0.99988735,-0.00086299225,-0.0048380303,-0.014501504,0.0,0.0,0.0,0.0,0,11.3
436240000,436240000,0.9998875,-0.0008865845,-0.004527083,-0.014584488,0.0,0.0,0.0,0.0,0,11.32
436260000,436260000,0.99988765,-0.0009155516,-0.0042220866,-0.014666782,0.0,0.0,0.0,0.0,0,11.34
436280000,436280000,0.9998877,-0.00094765314,-0.003915099,-0.014748385,0.0,0.0,0.0,0.0,0,11.36
436300000,436300000,0.9998876,-0.0009840536,-0.00360494,-0.014829126,0.0,0.0,0.0,0.0,0,11.38
436320000,436320000,0.9998874,-0.0010312896,-0.0033000044,-0.014908671,0.0,0.0,0.0,0.0,0,11.4
436340000,436340000,0.9998871,-0.0010870927,-0.003007878,-0.014986686,0.0,0.0,0.0,0.0,0,11.42
436360000,436360000,0.99988675,-0.0011406889,-0.0027153837,-0.015063093,0.0,0.0,0.0,0.0,0,11.44
436380000,436380000,0.99988633,-0.0011848978,-0.0024230652,-0.015137239,0.0,0.0,0.0,0.0,0,11.46
436400000,436400000,0.99988586,-0.001224454,-0.0021472902,-0.015208967,0.0,0.0,0.0,0.0,0,11.48
436420000,436420000,0.99988526,-0.0012584403,-0.0018888608,-0.015277856,0.0,0.0,0.0,0.0,0,11.5
436440000,436440000,0.99988467,-0.0012849316,-0.0016427854,-0.015343952,0.0,0.0,0.0,0.0,0,11.52
436460000,436460000,0.999884,-0.0013068194,-0.0014128054,-0.015407509,0.0,0.0,0.0,0.0,0,11.54
436480000,436480000,0.9998833,-0.0013276724,-0.0012021536,-0.015468409,0.0,0.0,0.0,0.0,0,11.56
436500000,436500000,0.99988264,-0.0013508056,-0.000990302,-0.015526009,0.0,0.0,0.0,0.0,0,11.58
436520000,436520000,0.9998819,-0.0013705019,-0.0007752931,-0.015580292,0.0,0.0,0.0,0.0,0,11.6
436540000,436540000,0.99988127,-0.0013866336,-0.0005694572,-0.01563189,0.0,0.0,0.0,0.0,0,11.62
436560000,436560000,0.99988055,-0.0014041855,-0.00037329557,-0.015680093,0.0,0.0,0.0,0.0,0,11.64
436580000,436580000,0.9998799,-0.0014224452,-0.00018025255,-0.015724732,0.0,0.0,0.0,0.0,0,11.66
436600000,436600000,0.99987924,-0.0014333191,5.0125886e-06,-0.015766142,0.0,0.0,0.0,0.0,0,11.68
436620000,436620000,0.9998786,-0.001443761,0.00017746592,-0.015804052,0.0,0.0,0.0,0.0,0,11.7
436640000,436640000,0.999878,-0.0014488897,0.0003251313,-0.015838461,0.0,0.0,0.0,0.0,0,11.72
436660000,436660000,0.99987745,-0.001457537,0.00046193972,-0.01586897,0.0,0.0,0.0,0.0,0,11.74
436680000,436680000,0.999877,-0.0014666457,0.00059860904,-0.015895398,0.0,0.0,0.0,0.0,0,11.76
436700000,436700000,0.9998765,-0.0014675363,0.00072983175,-0.015918117,0.0,0.0,0.0,0.0,0,11.78
436720000,436720000,0.99987614,-0.0014614251,0.0008385238,-0.015937878,0.0,0.0,0.0,0.0,0,11.8
436740000,436740000,0.9998758,-0.001461267,0.00093484524,-0.015954318,0.0,0.0,0.0,0.0,0,11.82
436760000,436760000,0.9998755,-0.0014509448,0.0010240659,-0.015967578,0.0,0.0,0.0,0.0,0,11.84
436780000,436780000,0.99987525,-0.0014320938,0.0010959455,-0.015977748,0.0,0.0,0.0,0.0,0,11.86
436800000,436800000,0.9998751,-0.0014152131,0.0011633842,-0.015984504,0.0,0.0,0.0,0.0,0,11.88
436820000,436820000,0.999875,-0.0014093899,0.0012274259,-0.015988106,0.0,0.0,0.0,0.0,0,11.9
436840000,436840000,0.9998749,-0.0014098769,0.0012862192,-0.015988955,0.0,0.0,0.0,0.0,0,11.92
436860000,436860000,0.99987483,-0.0014181668,0.001335167,-0.015987042,0.0,0.0,0.0,0.0,0,11.94
436880000,436880000,0.99987483,-0.0014321085,0.0013693944,-0.015982937,0.0,0.0,0.0,0.0,0,11.96
436900000,436900000,0.9998749,-0.0014468378,0.0013896864,-0.01597669,0.0,0.0,0.0,0.0,0,11.98
436920000,436920000,0.999875,-0.0014579489,0.0014045368,-0.015968269,0.0,0.0,0.0,0.0,0,12.0
436940000,436940000,0.9998751,-0.0014773734,0.0014119968,-0.015957467,0.0,0.0,0.0,0.0,0,12.02
436960000,436960000,0.9998753,-0.0014967778,0.0014114934,-0.015945233,0.0,0.0,0.0,0.0,0,12.04
436980000,436980000,0.99987555,-0.001509863,0.0014023865,-0.01593144,0.0,0.0,0.0,0.0,0,12.06
437000000,437000000,0.9998758,-0.0015175885,0.0013947256,-0.01591617,0.0,0.0,0.0,0.0,0,12.08
437020000,437020000,0.999876,-0.0015186092,0.0013808584,-0.015899353,0.0,0.0,0.0,0.0,0,12.1
437040000,437040000,0.9998764,-0.001513122,0.0013562876,-0.015881076,0.0,0.0,0.0,0.0,0,12.12
437060000,437060000,0.99987674,-0.0015035786,0.0013331866,-0.015861085,0.0,0.0,0.0,0.0,0,12.14
437080000,437080000,0.99987715,-0.0014885224,0.0013058233,-0.015839752,0.0,0.0,0.0,0.0,0,12.16
437100000,437100000,0.9998776,-0.0014667677,0.0012710714,-0.015817083,0.0,0.0,0.0,0.0,0,12.18
437120000,437120000,0.999878,-0.0014524111,0.0012452864,-0.015793093,0.0,0.0,0.0,0.0,0,12.2
437140000,437140000,0.99987847,-0.0014448641,0.0012249708,-0.015767626,0.0,0.0,0.0,0.0,0,12.22
437160000,437160000,0.9998789,-0.0014319982,0.0012016405,-0.01574145,0.0,0.0,0.0,0.0,0,12.24
437180000,437180000,0.99987936,-0.0014187959,0.001177473,-0.015714606,0.0,0.0,0.0,0.0,0,12.26
437200000,437200000,0.99987984,-0.0014121335,0.0011519068,-0.015687464,0.0,0.0,0.0,0.0,0,12.28
437220000,437220000,0.9998803,-0.0014069784,0.0011312696,-0.015660098,0.0,0.0,0.0,0.0,0,12.3
437240000,437240000,0.99988073,-0.001406457,0.0011086463,-0.015632123,0.0,0.0,0.0,0.0,0,12.32
437260000,437260000,0.9998812,-0.00141034,0.0010871491,-0.015604135,0.0,0.0,0.0,0.0,0,12.34
437280000,437280000,0.9998817,-0.0014146395,0.0010640998,-0.015576206,0.0,0.0,0.0,0.0,0,12.36
437300000,437300000,0.9998821,-0.0014146809,0.0010378517,-0.015548642,0.0,0.0,0.0,0.0,0,12.38
437320000,437320000,0.9998826,-0.0013967728,0.0010185051,-0.015521045,0.0,0.0,0.0,0.0,0,12.4
437340000,437340000,0.9998831,-0.0013646072,0.0009976908,-0.015493607,0.0,0.0,0.0,0.0,0,12.42
437360000,437360000,0.9998836,-0.0013261902,0.0009641736,-0.015466539,0.0,0.0,0.0,0.0,0,12.44
437380000,437380000,0.99988407,-0.0012799609,0.000935298,-0.0154401,0.0,0.0,0.0,0.0,0,12.46
437400000,437400000,0.99988455,-0.00122911,0.00091835647,-0.015414501,0.0,0.0,0.0,0.0,0,12.48
437420000,437420000,0.999885,-0.0011833099,0.00090444984,-0.015389547,0.0,0.0,0.0,0.0,0,12.5
437440000,437440000,0.99988544,-0.0011394973,0.0008968084,-0.015364938,0.0,0.0,0.0,0.0,0,12.52
437460000,437460000,0.99988586,-0.0010985263,0.0008945542,-0.015340998,0.0,0.0,0.0,0.0,0,12.54
437480000,437480000,0.9998863,-0.0010606538,0.00089744356,-0.015318031,0.0,0.0,0.0,0.0,0,12.56
437500000,437500000,0.99988663,-0.001015105,0.00091578765,-0.015295979,0.0,0.0,0.0,0.0,0,12.58
437520000,437520000,0.999887,-0.00097238034,0.0009393422,-0.015274892,0.0,0.0,0.0,0.0,0,12.6
437540000,437540000,0.9998873,-0.0009279712,0.0009714699,-0.015254933,0.0,0.0,0.0,0.0,0,12.62
437560000,437560000,0.9998876,-0.0008779002,0.0010046337,-0.015236619,0.0,0.0,0.0,0.0,0,12.64
437580000,437580000,0.9998878,-0.00083048036,0.0010332753,-0.0152195655,0.0,0.0,0.0,0.0,0,12.66
437600000,437600000,0.99988806,-0.0007730871,0.0010694225,-0.015204138,0.0,0.0,0.0,0.0,0,12.68
437620000,437620000,0.9998883,-0.00071569264,0.0011067563,-0.015189973,0.0,0.0,0.0,0.0,0,12.7
437640000,437640000,0.9998885,-0.0006648911,0.001141215,-0.01517663,0.0,0.0,0.0,0.0,0,12.72
437660000,437660000,0.99988866,-0.00061403785,0.001181002,-0.015164264,0.0,0.0,0.0,0.0,0,12.74
437680000,437680000,0.99988884,-0.00056000304,0.0012252574,-0.015153229,0.0,0.0,0.0,0.0,0,12.76
437700000,437700000,0.99988896,-0.000513934,0.0012659163,-0.015143507,0.0,0.0,0.0,0.0,0,12.78
437720000,437720000,0.999889,-0.0004614953,0.0013100519,-0.015135385,0.0,0.0,0.0,0.0,0,12.8
437740000,437740000,0.99988914,-0.00040715066,0.0013560443,-0.015128576,0.0,0.0,0.0,0.0,0,12.82
437760000,437760000,0.99988914,-0.0003629625,0.0013972771,-0.0151228905,0.0,0.0,0.0,0.0,0,12.84
437780000,437780000,0.9998892,-0.00032794283,0.0014314781,-0.015118548,0.0,0.0,0.0,0.0,0,12.86
437800000,437800000,0.9998892,-0.00028633396,0.0014740459,-0.015115595,0.0,0.0,0.0,0.0,0,12.88
437820000,437820000,0.99988914,-0.00024193607,0.0015191967,-0.015113985,0.0,0.0,0.0,0.0,0,12.9
437840000,437840000,0.9998891,-0.00020293907,0.0015633034,-0.015113591,0.0,0.0,0.0,0.0,0,12.92
437860000,437860000,0.999889,-0.00016806433,0.001609027,-0.015114528,0.0,0.0,0.0,0.0,0,12.94
437880000,437880000,0.9998889,-0.00013638806,0.0016575798,-0.015116973,0.0,0.0,0.0,0.0,0,12.96
437900000,437900000,0.9998888,-0.00010651714,0.0017086229,-0.015120818,0.0,0.0,0.0,0.0,0,12.98
437920000,437920000,0.9998886,-7.546889e-05,0.0017509883,-0.015125521,0.0,0.0,0.0,0.0,0,13.0
437940000,437940000,0.9998885,-4.5470693e-05,0.0017869023,-0.015131517,0.0,0.0,0.0,0.0,0,13.02
437960000,437960000,0.9998883,-1.8040373e-05,0.0018209366,-0.01513902,0.0,0.0,0.0,0.0,0,13.04
437980000,437980000,0.99988806,8.053737e-06,0.0018568081,-0.015148053,0.0,0.0,0.0,0.0,0,13.06
438000000,438000000,0.9998879,3.4765755e-05,0.0018909202,-0.015158124,0.0,0.0,0.0,0.0,0,13.08
438020000,438020000,0.99988765,6.687052e-05,0.0019185931,-0.015169136,0.0,0.0,0.0,0.0,0,13.1
438040000,438040000,0.9998874,9.442513e-05,0.001956333,-0.015180834,0.0,0.0,0.0,0.0,0,13.12
438060000,438060000,0.9998871,0.00011137668,0.0020038227,-0.015192896,0.0,0.0,0.0,0.0,0,13.14
438080000,438080000,0.9998869,0.00012840357,0.00204003,-0.015204967,0.0,0.0,0.0,0.0,0,13.16
438100000,438100000,0.99988663,0.00014351614,0.002061082,-0.01521741,0.0,0.0,0.0,0.0,0,13.18
438120000,438120000,0.9998864,0.00015598026,0.0020828738,-0.015231044,0.0,0.0,0.0,0.0,0,13.2
438140000,438140000,0.9998861,0.00016863352,0.0021054803,-0.015245503,0.0,0.0,0.0,0.0,0,13.22
438160000,438160000,0.99988586,0.00018080758,0.002116176,-0.015260454,0.0,0.0,0.0,0.0,0,13.24
438180000,438180000,0.9998856,0.00018806955,0.0021173363,-0.0152760325,0.0,0.0,0.0,0.0,0,13.26
438200000,438200000,0.9998853,0.00020069402,0.0021233498,-0.015292151,0.0,0.0,0.0,0.0,0,13.28
438220000,438220000,0.9998851,0.00021896091,0.0021240953,-0.015308475,0.0,0.0,0.0,0.0,0,13.3
438240000,438240000,0.99988484,0.00023977768,0.0021177656,-0.0153248655,0.0,0.0,0.0,0.0,0,13.32
438260000,438260000,0.9998846,0.0002625129,0.0021110151,-0.015341464,0.0,0.0,0.0,0.0,0,13.34
438280000,438280000,0.9998843,0.00029053845,0.0021102848,-0.015358448,0.0,0.0,0.0,0.0,0,13.36
438300000,438300000,0.99988407,0.00032498685,0.002116526,-0.015375387,0.0,0.0,0.0,0.0,0,13.38
438320000,438320000,0.9998838,0.0003659953,0.0021116931,-0.0153922085,0.0,0.0,0.0,0.0,0,13.4
438340000,438340000,0.99988353,0.00041408787,0.0020936108,-0.0154092945,0.0,0.0,0.0,0.0,0,13.42
438360000,438360000,0.9998833,0.00047140504,0.002076497,-0.015426465,0.0,0.0,0.0,0.0,0,13.44
438380000,438380000,0.99988306,0.000536183,0.0020615999,-0.015443356,0.0,0.0,0.0,0.0,0,13.46
438400000,438400000,0.99988276,0.0006122946,0.002044273,-0.015459693,0.0,0.0,0.0,0.0,0,13.48
438420000,438420000,0.9998825,0.0006964793,0.0020276506,-0.015474889,0.0,0.0,0.0,0.0,0,13.5
438440000,438440000,0.9998823,0.000784238,0.0020076141,-0.015488796,0.0,0.0,0.0,0.0,0,13.52
438460000,438460000,0.99988204,0.00087043695,0.0019845965,-0.0155011285,0.0,0.0,0.0,0.0,0,13.54
438480000,438480000,0.99988186,0.00094862876,0.0019575409,-0.015512443,0.0,0.0,0.0,0.0,0,13.56
438500000,438500000,0.9998817,0.0010241979,0.0019385222,-0.01552294,0.0,0.0,0.0,0.0,0,13.58
438520000,438520000,0.9998815,0.001097034,0.0019117157,-0.015533071,0.0,0.0,0.0,0.0,0,13.6
438540000,438540000,0.9998813,0.0011676978,0.0018688532,-0.015542659,0.0,0.0,0.0,0.0,0,13.62
438560000,438560000,0.99988115,0.0012385081,0.0018374982,-0.015551898,0.0,0.0,0.0,0.0,0,13.64
438580000,438580000,0.99988097,0.0013118859,0.0018098063,-0.0155607425,0.0,0.0,0.0,0.0,0,13.66
438600000,438600000,0.9998808,0.0013941559,0.0017698964,-0.01556878,0.0,0.0,0.0,0.0,0,13.68
438620000,438620000,0.9998807,0.0014799399,0.0017253696,-0.015575892,0.0,0.0,0.0,0.0,0,13.7
438640000,438640000,0.99988055,0.0015525917,0.0016832825,-0.015582044,0.0,0.0,0.0,0.0,0,13.72
438660000,438660000,0.99988043,0.0016183909,0.0016351736,-0.015587643,0.0,0.0,0.0,0.0,0,13.74
438680000,438680000,0.99988025,0.001695112,0.0015855159,-0.015593026,0.0,0.0,0.0,0.0,0,13.76
438700000,438700000,0.99988014,0.0017684606,0.0015394401,-0.015598207,0.0,0.0,0.0,0.0,0,13.78
438720000,438720000,0.99988,0.0018357001,0.001482198,-0.015603002,0.0,0.0,0.0,0.0,0,13.8
438740000,438740000,0.99987996,0.0018952125,0.0014254658,-0.015607377,0.0,0.0,0.0,0.0,0,13.82
438760000,438760000,0.99987984,0.001961815,0.0013657132,-0.015610995,0.0,0.0,0.0,0.0,0,13.84
438780000,438780000,0.9998797,0.0020298806,0.0012944376,-0.015614374,0.0,0.0,0.0,0.0,0,13.86
438800000,438800000,0.99987966,0.002081331,0.0012244626,-0.015617412,0.0,0.0,0.0,0.0,0,13.88
438820000,438820000,0.9998796,0.0021260572,0.0011628416,-0.0156201655,0.0,0.0,0.0,0.0,0,13.9
438840000,438840000,0.99987954,0.0021703437,0.0010925402,-0.015622828,0.0,0.0,0.0,0.0,0,13.92
438860000,438860000,0.9998795,0.0022152213,0.0010183997,-0.015625441,0.0,0.0,0.0,0.0,0,13.94
438880000,438880000,0.9998794,0.002261282,0.0009444373,-0.01562802,0.0,0.0,0.0,0.0,0,13.96
438900000,438900000,0.99987936,0.0023084127,0.0008720737,-0.015630668,0.0,0.0,0.0,0.0,0,13.98
438920000,438920000,0.99987924,0.0023495692,0.00079523266,-0.015633974,0.0,0.0,0.0,0.0,0,14.0
438940000,438940000,0.9998792,0.0023790859,0.00070870604,-0.015637813,0.0,0.0,0.0,0.0,0,14.02
438960000,438960000,0.9998791,0.0024005726,0.0006198543,-0.01564148,0.0,0.0,0.0,0.0,0,14.04
438980000,438980000,0.9998791,0.0024085809,0.00054229354,-0.015644498,0.0,0.0,0.0,0.0,0,14.06
439000000,439000000,0.9998791,0.0024077594,0.00047490015,-0.015647283,0.0,0.0,0.0,0.0,0,14.08
439020000,439020000,0.9998791,0.0024034583,0.00041358933,-0.015649946,0.0,0.0,0.0,0.0,0,14.1
439040000,439040000,0.9998791,0.0023941994,0.0003529785,-0.015653012,0.0,0.0,0.0,0.0,0,14.12
439060000,439060000,0.9998791,0.002370065,0.00028152877,-0.01565671,0.0,0.0,0.0,0.0,0,14.14
439080000,439080000,0.9998792,0.0023365517,0.0002039508,-0.015660625,0.0,0.0,0.0,0.0,0,14.16
439100000,439100000,0.9998792,0.0022992203,0.00012515017,-0.01566462,0.0,0.0,0.0,0.0,0,14.18
439120000,439120000,0.99987924,0.0022602845,4.734774e-05,-0.015668634,0.0,0.0,0.0,0.0,0,14.2
439140000,439140000,0.99987924,0.002220828,-2.8586812e-05,-0.015672639,0.0,0.0,0.0,0.0,0,14.22
439160000,439160000,0.9998793,0.0021811088,-0.000102199956,-0.01567664,0.0,0.0,0.0,0.0,0,14.24
439180000,439180000,0.9998793,0.0021379606,-0.00018092293,-0.015681008,0.0,0.0,0.0,0.0,0,14.26
439200000,439200000,0.9998793,0.0020797474,-0.0002775921,-0.015685631,0.0,0.0,0.0,0.0,0,14.28
439220000,439220000,0.99987936,0.0020142905,-0.00038087202,-0.015690379,0.0,0.0,0.0,0.0,0,14.3
439240000,439240000,0.99987936,0.0019456717,-0.0004847671,-0.015695162,0.0,0.0,0.0,0.0,0,14.32
439260000,439260000,0.99987936,0.0018756286,-0.00058733457,-0.015699942,0.0,0.0,0.0,0.0,0,14.34
439280000,439280000,0.99987936,0.001804568,-0.00068785145,-0.0157047,0.0,0.0,0.0,0.0,0,14.36
439300000,439300000,0.99987936,0.0017328674,-0.0007859948,-0.01570943,0.0,0.0,0.0,0.0,0,14.38
439320000,439320000,0.9998793,0.0016603973,-0.00088166184,-0.015714128,0.0,0.0,0.0,0.0,0,14.4
439340000,439340000,0.99987924,0.001587291,-0.0009747358,-0.015718792,0.0,0.0,0.0,0.0,0,14.42
439360000,439360000,0.99987924,0.001513336,-0.0010652315,-0.015723424,0.0,0.0,0.0,0.0,0,14.44
439380000,439380000,0.9998792,0.0014386083,-0.0011530438,-0.015728023,0.0,0.0,0.0,0.0,0,14.46
439400000,439400000,0.99987906,0.0013627874,-0.0012381045,-0.015732644,0.0,0.0,0.0,0.0,0,14.48
439420000,439420000,0.999879,0.0012819285,-0.0013170475,-0.015737407,0.0,0.0,0.0,0.0,0,14.5
439440000,439440000,0.99987894,0.0011941039,-0.0013929043,-0.015742123,0.0,0.0,0.0,0.0,0,14.52
439460000,439460000,0.9998789,0.0011016463,-0.0014701718,-0.015746739,0.0,0.0,0.0,0.0,0,14.54
439480000,439480000,0.99987876,0.0010037394,-0.0015474616,-0.015751624,0.0,0.0,0.0,0.0,0,14.56
439500000,439500000,0.9998787,0.00089624024,-0.0016155469,-0.015757017,0.0,0.0,0.0,0.0,0,14.58
439520000,439520000,0.9998786,0.00078698195,-0.0016896304,-0.015762696,0.0,0.0,0.0,0.0,0,14.6
439540000,439540000,0.9998784,0.00067623245,-0.0017650897,-0.015768956,0.0,0.0,0.0,0.0,0,14.62
439560000,439560000,0.9998783,0.0005632729,-0.0018330627,-0.015775973,0.0,0.0,0.0,0.0,0,14.64
439580000,439580000,0.9998781,0.00044897632,-0.0018934458,-0.015783349,0.0,0.0,0.0,0.0,0,14.66
439600000,439600000,0.9998758,0.00017568063,-0.0028559633,-0.015791975,0.0,0.0,0.0,0.0,0,14.68
439620000,439620000,0.99985397,-0.0007255494,-0.0071300697,-0.015804956,0.0,0.0,0.0,0.0,0,14.7
439640000,439640000,0.9997941,-0.0021337206,-0.012878735,-0.015823813,0.0,0.0,0.0,0.0,0,14.72
439660000,439660000,0.99970573,-0.0037402345,-0.018231805,-0.015848786,0.0,0.0,0.0,0.0,0,14.74
439680000,439680000,0.99959064,-0.0053937533,-0.023378229,-0.015877092,0.0,0.0,0.0,0.0,0,14.76
439700000,439700000,0.99945074,-0.007038275,-0.02836755,-0.015908431,0.0,0.0,0.0,0.0,0,14.78
439720000,439720000,0.9993034,-0.008609747,-0.032764617,-0.015944459,0.0,0.0,0.0,0.0,0,14.8
439740000,439740000,0.99916786,-0.010052634,-0.036277786,-0.015986219,0.0,0.0,0.0,0.0,0,14.82
439760000,439760000,0.9990546,-0.011306565,-0.03891223,-0.016031398,0.0,0.0,0.0,0.0,0,14.84
439780000,439780000,0.99896765,-0.012353326,-0.040762525,-0.016078738,0.0,0.0,0.0,0.0,0,14.86
439800000,439800000,0.99890995,-0.013188635,-0.041880824,-0.016127648,0.0,0.0,0.0,0.0,0,14.88
439820000,439820000,0.9988824,-0.013815799,-0.042313058,-0.01617748,0.0,0.0,0.0,0.0,0,14.9
439840000,439840000,0.9988811,-0.014245917,-0.042182762,-0.016227072,0.0,0.0,0.0,0.0,0,14.92
439860000,439860000,0.9988991,-0.0145073505,-0.041645076,-0.016275132,0.0,0.0,0.0,0.0,0,14.94
439880000,439880000,0.9989311,-0.01463388,-0.04080727,-0.01632113,0.0,0.0,0.0,0.0,0,14.96
439900000,439900000,0.9989733,-0.014648954,-0.039736398,-0.016364709,0.0,0.0,0.0,0.0,0,14.98
439920000,439920000,0.9990225,-0.014569911,-0.03849392,-0.016405331,0.0,0.0,0.0,0.0,0,15.0
439940000,439940000,0.9990755,-0.014407429,-0.037140675,-0.016442405,0.0,0.0,0.0,0.0,0,15.02
439960000,439960000,0.99912965,-0.014174366,-0.03573039,-0.016475763,0.0,0.0,0.0,0.0,0,15.04
439980000,439980000,0.99918365,-0.0138859125,-0.03429042,-0.016505314,0.0,0.0,0.0,0.0,0,15.06
440000000,440000000,0.9992364,-0.013553964,-0.032843776,-0.01653095,0.0,0.0,0.0,0.0,0,15.08
440020000,440020000,0.9992871,-0.013189795,-0.03140579,-0.016552743,0.0,0.0,0.0,0.0,0,15.1
440040000,440040000,0.9993358,-0.012802189,-0.029974652,-0.016570965,0.0,0.0,0.0,0.0,0,15.12
440060000,440060000,0.9993821,-0.012393476,-0.028563805,-0.016585493,0.0,0.0,0.0,0.0,0,15.14
440080000,440080000,0.99942577,-0.011968142,-0.027175814,-0.016596414,0.0,0.0,0.0,0.0,0,15.16
440100000,440100000,0.99946725,-0.011522724,-0.025804453,-0.01660382,0.0,0.0,0.0,0.0,0,15.18
440120000,440120000,0.9995065,-0.011065915,-0.024445731,-0.016607983,0.0,0.0,0.0,0.0,0,15.2
440140000,440140000,0.9995437,-0.010595577,-0.023094602,-0.01660887,0.0,0.0,0.0,0.0,0,15.22
440160000,440160000,0.9995787,-0.010117545,-0.021756459,-0.016606653,0.0,0.0,0.0,0.0,0,15.24
440180000,440180000,0.99961174,-0.00962878,-0.020424705,-0.016601538,0.0,0.0,0.0,0.0,0,15.26
440200000,440200000,0.9996427,-0.009130802,-0.019099012,-0.01659358,0.0,0.0,0.0,0.0,0,15.28
440220000,440220000,0.9996716,-0.008630121,-0.017785553,-0.0165828,0.0,0.0,0.0,0.0,0,15.3
440240000,440240000,0.99969834,-0.008123209,-0.016487451,-0.016569236,0.0,0.0,0.0,0.0,0,15.32
440260000,440260000,0.999723,-0.007611337,-0.015201545,-0.016553309,0.0,0.0,0.0,0.0,0,15.34
440280000,440280000,0.9997456,-0.007097718,-0.013928997,-0.016535033,0.0,0.0,0.0,0.0,0,15.36
440300000,440300000,0.9997662,-0.006580005,-0.012676869,-0.016514508,0.0,0.0,0.0,0.0,0,15.38
440320000,440320000,0.99978477,-0.006054786,-0.011437798,-0.016491946,0.0,0.0,0.0,0.0,0,15.4
440340000,440340000,0.9998015,-0.0055275434,-0.010214198,-0.016467756,0.0,0.0,0.0,0.0,0,15.42
440360000,440360000,0.99981624,-0.0050037825,-0.009009829,-0.016441755,0.0,0.0,0.0,0.0,0,15.44
440380000,440380000,0.9998292,-0.004483982,-0.007822389,-0.016414098,0.0,0.0,0.0,0.0,0,15.46
440400000,440400000,0.99984026,-0.0039677634,-0.0066572046,-0.016385255,0.0,0.0,0.0,0.0,0,15.48
440420000,440420000,0.9998496,-0.0034538992,-0.0055116466,-0.016355379,0.0,0.0,0.0,0.0,0,15.5
440440000,440440000,0.99985737,-0.0029443286,-0.0043846807,-0.016324406,0.0,0.0,0.0,0.0,0,15.52
440460000,440460000,0.9998635,-0.002435425,-0.003278968,-0.016292492,0.0,0.0,0.0,0.0,0,15.54
440480000,440480000,0.9998681,-0.001933131,-0.0021999942,-0.01625959,0.0,0.0,0.0,0.0,0,15.56
440500000,440500000,0.99987125,-0.0014276054,-0.0011466714,-0.016225873,0.0,0.0,0.0,0.0,0,15.58
440520000,440520000,0.99987304,-0.0009296255,-0.00011939178,-0.016191998,0.0,0.0,0.0,0.0,0,15.6
440540000,440540000,0.9998735,-0.0004489146,0.00088984467,-0.016157795,0.0,0.0,0.0,0.0,0,15.62
440560000,440560000,0.9998728,1.7535054e-05,0.0018742388,-0.016123312,0.0,0.0,0.0,0.0,0,15.64
440580000,440580000,0.999871,0.00047196765,0.002830373,-0.01608868,0.0,0.0,0.0,0.0,0,15.66
440600000,440600000,0.9998682,0.00092101196,0.003747812,-0.016054483,0.0,0.0,0.0,0.0,0,15.68
440620000,440620000,0.9998646,0.0013596568,0.0046319407,-0.016020445,0.0,0.0,0.0,0.0,0,15.7
440640000,440640000,0.9998601,0.0017902596,0.0054860283,-0.015986992,0.0,0.0,0.0,0.0,0,15.72
440660000,440660000,0.99985486,0.0022072163,0.0063181045,-0.015954178,0.0,0.0,0.0,0.0,0,15.74
440680000,440680000,0.999849,0.0026089298,0.007118165,-0.01592247,0.0,0.0,0.0,0.0,0,15.76
440700000,440700000,0.99984276,0.0029951534,0.007873268,-0.015891895,0.0,0.0,0.0,0.0,0,15.78
440720000,440720000,0.9998361,0.003369151,0.008599817,-0.015862592,0.0,0.0,0.0,0.0,0,15.8
440740000,440740000,0.999829,0.003733944,0.009292405,-0.015834697,0.0,0.0,0.0,0.0,0,15.82
440760000,440760000,0.9998218,0.0040799403,0.009949245,-0.01580808,0.0,0.0,0.0,0.0,0,15.84
440780000,440780000,0.99981445,0.0044066217,0.010565414,-0.01578299,0.0,0.0,0.0,0.0,0,15.86
440800000,440800000,0.99980706,0.004715139,0.01115264,-0.015759256,0.0,0.0,0.0,0.0,0,15.88
440820000,440820000,0.9997996,0.0050109127,0.011707567,-0.015737087,0.0,0.0,0.0,0.0,0,15.9
440840000,440840000,0.99979216,0.0052930303,0.012233725,-0.015716895,0.0,0.0,0.0,0.0,0,15.92
440860000,440860000,0.9997849,0.00556087,0.012726722,-0.015698656,0.0,0.0,0.0,0.0,0,15.94
440880000,440880000,0.9997778,0.00580832,0.013184814,-0.01568221,0.0,0.0,0.0,0.0,0,15.96
440900000,440900000,0.9997709,0.0060394513,0.013615052,-0.015667833,0.0,0.0,0.0,0.0,0,15.98
440920000,440920000,0.9997642,0.0062539233,0.01401552,-0.015655369,0.0,0.0,0.0,0.0,0,16.0
440940000,440940000,0.99975777,0.006454938,0.014392423,-0.015644802,0.0,0.0,0.0,0.0,0,16.02
440960000,440960000,0.99975157,0.0066417656,0.014740529,-0.015636077,0.0,0.0,0.0,0.0,0,16.04
440980000,440980000,0.9997457,0.006812869,0.015061599,-0.015629273,0.0,0.0,0.0,0.0,0,16.06
441000000,441000000,0.99974024,0.0069670677,0.015358855,-0.015624179,0.0,0.0,0.0,0.0,0,16.08
441020000,441020000,0.9997351,0.007106065,0.015629364,-0.015621167,0.0,0.0,0.0,0.0,0,16.1
441040000,441040000,0.99973035,0.0072327857,0.015877126,-0.01562026,0.0,0.0,0.0,0.0,0,16.12
441060000,441060000,0.999726,0.0073538646,0.016092407,-0.015621367,0.0,0.0,0.0,0.0,0,16.14
441080000,441080000,0.99972206,0.007461212,0.016280489,-0.01562459,0.0,0.0,0.0,0.0,0,16.16
441100000,441100000,0.99971855,0.0075501,0.016452797,-0.015629398,0.0,0.0,0.0,0.0,0,16.18
441120000,441120000,0.99971527,0.0076240744,0.016609073,-0.015636059,0.0,0.0,0.0,0.0,0,16.2
441140000,441140000,0.9997124,0.007688838,0.016744485,-0.015644662,0.0,0.0,0.0,0.0,0,16.22
441160000,441160000,0.9997099,0.0077443444,0.016858596,-0.015654905,0.0,0.0,0.0,0.0,0,16.24
441180000,441180000,0.99970764,0.007791732,0.016959814,-0.01566689,0.0,0.0,0.0,0.0,0,16.26
441200000,441200000,0.9997056,0.007828987,0.017047737,-0.015680157,0.0,0.0,0.0,0.0,0,16.28
441220000,441220000,0.99970406,0.007848988,0.017115792,-0.015695034,0.0,0.0,0.0,0.0,0,16.3
441240000,441240000,0.9997029,0.007865986,0.017161211,-0.015711943,0.0,0.0,0.0,0.0,0,16.32
441260000,441260000,0.9997018,0.007885334,0.0171998,-0.015730653,0.0,0.0,0.0,0.0,0,16.34
441280000,441280000,0.99970084,0.007901557,0.017227836,-0.015750626,0.0,0.0,0.0,0.0,0,16.36
441300000,441300000,0.99970025,0.0079076765,0.017239379,-0.015771763,0.0,0.0,0.0,0.0,0,16.38
441320000,441320000,0.99969983,0.007905861,0.017245293,-0.01579421,0.0,0.0,0.0,0.0,0,16.4
441340000,441340000,0.9996997,0.007891347,0.017237375,-0.015817596,0.0,0.0,0.0,0.0,0,16.42
441360000,441360000,0.9997,0.007866964,0.017208735,-0.015841894,0.0,0.0,0.0,0.0,0,16.44
441380000,441380000,0.99970067,0.007845124,0.017157182,-0.015867196,0.0,0.0,0.0,0.0,0,16.46
441400000,441400000,0.9997016,0.007818,0.017090319,-0.01589376,0.0,0.0,0.0,0.0,0,16.48
441420000,441420000,0.9997026,0.00778025,0.017025111,-0.015920868,0.0,0.0,0.0,0.0,0,16.5
441440000,441440000,0.99970376,0.0077290745,0.01695144,-0.01594858,0.0,0.0,0.0,0.0,0,16.52
441460000,441460000,0.9997055,0.0076647913,0.016853228,-0.015976612,0.0,0.0,0.0,0.0,0,16.54
441480000,441480000,0.9997076,0.007598324,0.016733447,-0.016004702,0.0,0.0,0.0,0.0,0,16.56
441500000,441500000,0.99970984,0.0075300876,0.016601078,-0.016032876,0.0,0.0,0.0,0.0,0,16.58
441520000,441520000,0.9997122,0.0074530994,0.016462594,-0.016061358,0.0,0.0,0.0,0.0,0,16.6
441540000,441540000,0.9997147,0.007367163,0.016324494,-0.016089834,0.0,0.0,0.0,0.0,0,16.62
441560000,441560000,0.99971735,0.007276567,0.016173925,-0.016118413,0.0,0.0,0.0,0.0,0,16.64
441580000,441580000,0.99972034,0.0071800845,0.01600297,-0.016147146,0.0,0.0,0.0,0.0,0,16.66
441600000,441600000,0.99972373,0.0070834355,0.015803535,-0.016176067,0.0,0.0,0.0,0.0,0,16.68
441620000,441620000,0.99972725,0.0069784326,0.015594945,-0.016204832,0.0,0.0,0.0,0.0,0,16.7
441640000,441640000,0.99973094,0.006862606,0.015380738,-0.01623318,0.0,0.0,0.0,0.0,0,16.72
441660000,441660000,0.99973464,0.0067401673,0.015162881,-0.016260961,0.0,0.0,0.0,0.0,0,16.74
441680000,441680000,0.99973834,0.0066116783,0.014946097,-0.0162883,0.0,0.0,0.0,0.0,0,16.76
441700000,441700000,0.9997422,0.006478183,0.014712662,-0.016315417,0.0,0.0,0.0,0.0,0,16.78
441720000,441720000,0.9997463,0.0063412995,0.014461606,-0.01634224,0.0,0.0,0.0,0.0,0,16.8
441740000,441740000,0.9997505,0.006195189,0.014202521,-0.016368393,0.0,0.0,0.0,0.0,0,16.82
441760000,441760000,0.99975455,0.006043788,0.013952266,-0.01639418,0.0,0.0,0.0,0.0,0,16.84
441780000,441780000,0.99975836,0.0058947396,0.013712027,-0.01641919,0.0,0.0,0.0,0.0,0,16.86
441800000,441800000,0.9997621,0.0057510026,0.013464215,-0.016444005,0.0,0.0,0.0,0.0,0,16.88
441820000,441820000,0.99976605,0.0056039286,0.013204273,-0.016467974,0.0,0.0,0.0,0.0,0,16.9
441840000,441840000,0.9997699,0.0054440307,0.012945038,-0.016490579,0.0,0.0,0.0,0.0,0,16.92
441860000,441860000,0.9997738,0.0052695675,0.012688735,-0.01651213,0.0,0.0,0.0,0.0,0,16.94
441880000,441880000,0.99977744,0.0050927484,0.012445732,-0.016533302,0.0,0.0,0.0,0.0,0,16.96
441900000,441900000,0.99978083,0.004913774,0.012215372,-0.016554017,0.0,0.0,0.0,0.0,0,16.98
441920000,441920000,0.9997841,0.004742704,0.011986784,-0.016573813,0.0,0.0,0.0,0.0,0,17.0
441940000,441940000,0.9997873,0.004581534,0.011756581,-0.01659227,0.0,0.0,0.0,0.0,0,17.02
441960000,441960000,0.9997903,0.0044158683,0.011537828,-0.016609175,0.0,0.0,0.0,0.0,0,17.04
441980000,441980000,0.9997933,0.004236192,0.01131995,-0.016624827,0.0,0.0,0.0,0.0,0,17.06
442000000,442000000,0.9997963,0.004047788,0.011099417,-0.016640007,0.0,0.0,0.0,0.0,0,17.08
442020000,442020000,0.9997992,0.0038562692,0.0108834915,-0.01665473,0.0,0.0,0.0,0.0,0,17.1
442040000,442040000,0.999802,0.0036720713,0.010664808,-0.016668562,0.0,0.0,0.0,0.0,0,17.12
442060000,442060000,0.99980474,0.0034985458,0.010446215,-0.016681427,0.0,0.0,0.0,0.0,0,17.14
442080000,442080000,0.9998072,0.0033311488,0.010243786,-0.01669353,0.0,0.0,0.0,0.0,0,17.16
442100000,442100000,0.9998095,0.0031592445,0.010048305,-0.016705165,0.0,0.0,0.0,0.0,0,17.18
442120000,442120000,0.99981177,0.002984188,0.009858106,-0.016716436,0.0,0.0,0.0,0.0,0,17.2
442140000,442140000,0.999814,0.0028154852,0.009663141,-0.016726838,0.0,0.0,0.0,0.0,0,17.22
442160000,442160000,0.9998162,0.0026548507,0.009461778,-0.016736116,0.0,0.0,0.0,0.0,0,17.24
442180000,442180000,0.9998183,0.002489072,0.009266704,-0.016743634,0.0,0.0,0.0,0.0,0,17.26
442200000,442200000,0.99982035,0.0023246547,0.009074836,-0.016749838,0.0,0.0,0.0,0.0,0,17.28
442220000,442220000,0.99982226,0.0021671073,0.008892377,-0.016755424,0.0,0.0,0.0,0.0,0,17.3
442240000,442240000,0.9998241,0.0020068015,0.008713447,-0.016760776,0.0,0.0,0.0,0.0,0,17.32
442260000,442260000,0.9998259,0.0018459725,0.008532076,-0.016765445,0.0,0.0,0.0,0.0,0,17.34
442280000,442280000,0.99982774,0.0016885994,0.008340602,-0.016769625,0.0,0.0,0.0,0.0,0,17.36
442300000,442300000,0.99982953,0.0015334822,0.008144266,-0.016773447,0.0,0.0,0.0,0.0,0,17.38
442320000,442320000,0.9998313,0.0013839521,0.007942596,-0.016776582,0.0,0.0,0.0,0.0,0,17.4
442340000,442340000,0.9998331,0.0012415069,0.007731789,-0.016778551,0.0,0.0,0.0,0.0,0,17.42
442360000,442360000,0.9998349,0.0011052446,0.0075157466,-0.016779546,0.0,0.0,0.0,0.0,0,17.44
442380000,442380000,0.99983656,0.0009691406,0.007313302,-0.016779542,0.0,0.0,0.0,0.0,0,17.46
442400000,442400000,0.9998381,0.00083148386,0.007118688,-0.016778106,0.0,0.0,0.0,0.0,0,17.48
442420000,442420000,0.99983966,0.0006976519,0.006916919,-0.016775673,0.0,0.0,0.0,0.0,0,17.5
442440000,442440000,0.9998413,0.00056152995,0.0067052348,-0.01677246,0.0,0.0,0.0,0.0,0,17.52
442460000,442460000,0.9998427,0.00043239837,0.006501949,-0.016768519,0.0,0.0,0.0,0.0,0,17.54
442480000,442480000,0.9998441,0.00030840278,0.00630621,-0.016764037,0.0,0.0,0.0,0.0,0,17.56
442500000,442500000,0.9998455,0.000174391,0.0061022006,-0.016758941,0.0,0.0,0.0,0.0,0,17.58
442520000,442520000,0.9998468,3.497881e-05,0.005894925,-0.016753333,0.0,0.0,0.0,0.0,0,17.6
442540000,442540000,0.99984807,-9.8434626e-05,0.0056941267,-0.01674733,0.0,0.0,0.0,0.0,0,17.62
442560000,442560000,0.9998493,-0.00023117266,0.0054910327,-0.01674133,0.0,0.0,0.0,0.0,0,17.64
442580000,442580000,0.99985045,-0.00036387108,0.005284486,-0.016735056,0.0,0.0,0.0,0.0,0,17.66
442600000,442600000,0.9998516,-0.00049310795,0.005079531,-0.016728757,0.0,0.0,0.0,0.0,0,17.68
442620000,442620000,0.99985266,-0.000617737,0.0048696776,-0.016722787,0.0,0.0,0.0,0.0,0,17.7
442640000,442640000,0.99985373,-0.00073819514,0.0046534888,-0.016716782,0.0,0.0,0.0,0.0,0,17.72
442660000,442660000,0.9998547,-0.0008548249,0.0044372943,-0.01671055,0.0,0.0,0.0,0.0,0,17.74
442680000,442680000,0.99985564,-0.00096812815,0.0042232843,-0.016704133,0.0,0.0,0.0,0.0,0,17.76
442700000,442700000,0.99985653,-0.0010798312,0.0040089334,-0.016697552,0.0,0.0,0.0,0.0,0,17.78
442720000,442720000,0.99985737,-0.0011908539,0.0037941078,-0.016690893,0.0,0.0,0.0,0.0,0,17.8
442740000,442740000,0.9998581,-0.0012968064,0.0035818918,-0.016684445,0.0,0.0,0.0,0.0,0,17.82
442760000,442760000,0.9998588,-0.001392033,0.0033783687,-0.016678382,0.0,0.0,0.0,0.0,0,17.84
442780000,442780000,0.9998594,-0.001480598,0.0031785602,-0.016672792,0.0,0.0,0.0,0.0,0,17.86
442800000,442800000,0.9998599,-0.0015583576,0.0029869766,-0.016668158,0.0,0.0,0.0,0.0,0,17.88
442820000,442820000,0.99986047,-0.0016203341,0.0028075387,-0.016664438,0.0,0.0,0.0,0.0,0,17.9
442840000,442840000,0.9998609,-0.0016721874,0.0026351367,-0.016661197,0.0,0.0,0.0,0.0,0,17.92
442860000,442860000,0.99986124,-0.0017152386,0.0024677597,-0.016658772,0.0,0.0,0.0,0.0,0,17.94
442880000,442880000,0.9998616,-0.0017551174,0.0023002329,-0.016657326,0.0,0.0,0.0,0.0,0,17.96
442900000,442900000,0.99986196,-0.0017849371,0.0021386023,-0.016657185,0.0,0.0,0.0,0.0,0,17.98
442920000,442920000,0.9998622,-0.001807646,0.001980205,-0.01665857,0.0,0.0,0.0,0.0,0,18.0
442940000,442940000,0.99986243,-0.0018328021,0.0018220076,-0.01666099,0.0,0.0,0.0,0.0,0,18.02
442960000,442960000,0.99986255,-0.0018625725,0.0016754788,-0.016663784,0.0,0.0,0.0,0.0,0,18.04
442980000,442980000,0.99986273,-0.0018807243,0.0015282489,-0.01666687,0.0,0.0,0.0,0.0,0,18.06
443000000,443000000,0.99986285,-0.0018958828,0.0013802906,-0.016670063,0.0,0.0,0.0,0.0,0,18.08
443020000,443020000,0.9998629,-0.0019127829,0.0012467428,-0.016673487,0.0,0.0,0.0,0.0,0,18.1
443040000,443040000,0.99986297,-0.0019365082,0.0011268159,-0.016677186,0.0,0.0,0.0,0.0,0,18.12
443060000,443060000,0.99986297,-0.0019618664,0.001024331,-0.016680928,0.0,0.0,0.0,0.0,0,18.14
443080000,443080000,0.99986297,-0.001980276,0.0009231694,-0.016684799,0.0,0.0,0.0,0.0,0,18.16
443100000,443100000,0.99986297,-0.0019870792,0.00082830526,-0.016688563,0.0,0.0,0.0,0.0,0,18.18
443120000,443120000,0.99986297,-0.0019904866,0.0007538518,-0.01669232,0.0,0.0,0.0,0.0,0,18.2
443140000,443140000,0.99986297,-0.001991688,0.00068307994,-0.016696077,0.0,0.0,0.0,0.0,0,18.22
443160000,443160000,0.99986297,-0.001977842,0.00061343965,-0.016699804,0.0,0.0,0.0,0.0,0,18.24
443180000,443180000,0.99986297,-0.0019611593,0.0005562012,-0.01670348,0.0,0.0,0.0,0.0,0,18.26
443200000,443200000,0.9998629,-0.0019531487,0.00050646113,-0.016707461,0.0,0.0,0.0,0.0,0,18.28
443220000,443220000,0.9998629,-0.0019494168,0.00045797566,-0.016712163,0.0,0.0,0.0,0.0,0,18.3
443240000,443240000,0.99986285,-0.0019380902,0.00041737693,-0.016717276,0.0,0.0,0.0,0.0,0,18.32
443260000,443260000,0.9998628,-0.0019251396,0.00038242174,-0.016722,0.0,0.0,0.0,0.0,0,18.34
443280000,443280000,0.9998628,-0.0019088908,0.00035073698,-0.016726308,0.0,0.0,0.0,0.0,0,18.36
443300000,443300000,0.99986273,-0.0018910178,0.0003331329,-0.016730184,0.0,0.0,0.0,0.0,0,18.38
443320000,443320000,0.99986273,-0.0018677053,0.00031127917,-0.016733516,0.0,0.0,0.0,0.0,0,18.4
443340000,443340000,0.99986273,-0.0018392153,0.000291475,-0.01673665,0.0,0.0,0.0,0.0,0,18.42
443360000,443360000,0.9998628,-0.0018000331,0.00026926392,-0.016739365,0.0,0.0,0.0,0.0,0,18.44
443380000,443380000,0.99986285,-0.0017523324,0.00025780173,-0.016741624,0.0,0.0,0.0,0.0,0,18.46
443400000,443400000,0.9998629,-0.0017058162,0.00024818527,-0.016743608,0.0,0.0,0.0,0.0,0,18.48
443420000,443420000,0.9998629,-0.0016712343,0.00024386366,-0.016745456,0.0,0.0,0.0,0.0,0,18.5
443440000,443440000,0.99986297,-0.0016356801,0.00023719553,-0.016747192,0.0,0.0,0.0,0.0,0,18.52
443460000,443460000,0.99986297,-0.0015912951,0.00022393429,-0.016748752,0.0,0.0,0.0,0.0,0,18.54
443480000,443480000,0.999863,-0.001544688,0.00022285478,-0.016750297,0.0,0.0,0.0,0.0,0,18.56
443500000,443500000,0.9998631,-0.001495716,0.00023239762,-0.016751718,0.0,0.0,0.0,0.0,0,18.58
443520000,443520000,0.99986315,-0.0014459471,0.00023074294,-0.016753113,0.0,0.0,0.0,0.0,0,18.6
443540000,443540000,0.9998632,-0.0013970092,0.00022493368,-0.016754325,0.0,0.0,0.0,0.0,0,18.62
443560000,443560000,0.99986327,-0.001343968,0.00021790422,-0.01675544,0.0,0.0,0.0,0.0,0,18.64
443580000,443580000,0.9998633,-0.0012884672,0.00021190253,-0.016756535,0.0,0.0,0.0,0.0,0,18.66
443600000,443600000,0.9998633,-0.0012312446,0.00020320894,-0.016757617,0.0,0.0,0.0,0.0,0,18.68
443620000,443620000,0.9998634,-0.0011723444,0.00018966125,-0.016758686,0.0,0.0,0.0,0.0,0,18.7
443640000,443640000,0.99986345,-0.0011145902,0.00017353895,-0.016759392,0.0,0.0,0.0,0.0,0,18.72
443660000,443660000,0.9998635,-0.0010578353,0.00016055157,-0.016760271,0.0,0.0,0.0,0.0,0,18.74
443680000,443680000,0.99986356,-0.0009962138,0.00015032188,-0.016761223,0.0,0.0,0.0,0.0,0,18.76
443700000,443700000,0.9998636,-0.00093334256,0.00014725672,-0.016762072,0.0,0.0,0.0,0.0,0,18.78
443720000,443720000,0.9998636,-0.0008785943,0.00016005045,-0.016763028,0.0,0.0,0.0,0.0,0,18.8
443740000,443740000,0.9998637,-0.00083539495,0.0001719184,-0.016764041,0.0,0.0,0.0,0.0,0,18.82
443760000,443760000,0.9998637,-0.0007909816,0.00017776151,-0.01676493,0.0,0.0,0.0,0.0,0,18.84
443780000,443780000,0.9998637,-0.00074742164,0.00017546421,-0.016765688,0.0,0.0,0.0,0.0,0,18.86
443800000,443800000,0.99986374,-0.0007028438,0.00016681678,-0.01676643,0.0,0.0,0.0,0.0,0,18.88
443820000,443820000,0.99986374,-0.00065644167,0.00015266081,-0.016767163,0.0,0.0,0.0,0.0,0,18.9
443840000,443840000,0.99986374,-0.0006082274,0.0001333098,-0.016767787,0.0,0.0,0.0,0.0,0,18.92
443860000,443860000,0.9998638,-0.0005653689,0.00011631875,-0.01676777,0.0,0.0,0.0,0.0,0,18.94
443880000,443880000,0.9998638,-0.00052905787,0.00010296098,-0.016767532,0.0,0.0,0.0,0.0,0,18.96
443900000,443900000,0.99986386,-0.00049974833,8.34519e-05,-0.016767731,0.0,0.0,0.0,0.0,0,18.98
443920000,443920000,0.99986386,-0.00047693212,5.946632e-05,-0.016768225,0.0,0.0,0.0,0.0,0,19.0
443940000,443940000,0.99986386,-0.00046795158,3.937838e-05,-0.016768485,0.0,0.0,0.0,0.0,0,19.02
443960000,443960000,0.99986386,-0.0004676197,1.7508859e-05,-0.016768498,0.0,0.0,0.0,0.0,0,19.04
443980000,443980000,0.99986386,-0.00046572002,-7.4317895e-06,-0.016768482,0.0,0.0,0.0,0.0,0,19.06
444000000,444000000,0.99986386,-0.0004583735,-2.25596e-05,-0.016768433,0.0,0.0,0.0,0.0,0,19.08
444020000,444020000,0.99986386,-0.000454894,-3.521568e-05,-0.01676874,0.0,0.0,0.0,0.0,0,19.1
444040000,444040000,0.9998638,-0.0004561992,-5.6956305e-05,-0.016769772,0.0,0.0,0.0,0.0,0,19.12
444060000,444060000,0.9998638,-0.00045017686,-7.7890916e-05,-0.01677143,0.0,0.0,0.0,0.0,0,19.14
444080000,444080000,0.99986374,-0.00043584933,-9.765448e-05,-0.01677375,0.0,0.0,0.0,0.0,0,19.16
444100000,444100000,0.99986374,-0.00042075224,-0.00012381337,-0.016776444,0.0,0.0,0.0,0.0,0,19.18
444120000,444120000,0.9998637,-0.0004044024,-0.00015598987,-0.016779268,0.0,0.0,0.0,0.0,0,19.2
444140000,444140000,0.9998636,-0.0003860103,-0.00019349676,-0.016782174,0.0,0.0,0.0,0.0,0,19.22
444160000,444160000,0.99986356,-0.000364972,-0.00023062092,-0.016785067,0.0,0.0,0.0,0.0,0,19.24
444180000,444180000,0.9998635,-0.00034201355,-0.00026834095,-0.016787942,0.0,0.0,0.0,0.0,0,19.26
444200000,444200000,0.9998635,-0.00031686277,-0.00030898873,-0.016790796,0.0,0.0,0.0,0.0,0,19.28
444220000,444220000,0.99986345,-0.00028942007,-0.00035220265,-0.016793657,0.0,0.0,0.0,0.0,0,19.3
444240000,444240000,0.9998634,-0.0002573739,-0.00038622192,-0.016796686,0.0,0.0,0.0,0.0,0,19.32
444260000,444260000,0.9998633,-0.00022682002,-0.00041825834,-0.016799837,0.0,0.0,0.0,0.0,0,19.34
444280000,444280000,0.99986327,-0.00020829646,-0.00045033632,-0.016803078,0.0,0.0,0.0,0.0,0,19.36
444300000,444300000,0.99986315,-0.00019803466,-0.00048732987,-0.016806614,0.0,0.0,0.0,0.0,0,19.38
444320000,444320000,0.9998631,-0.00018044769,-0.00051968044,-0.016811047,0.0,0.0,0.0,0.0,0,19.4
444340000,444340000,0.99986297,-0.00015883763,-0.00055318844,-0.016816592,0.0,0.0,0.0,0.0,0,19.42
444360000,444360000,0.99986285,-0.00014669425,-0.000598324,-0.01682281,0.0,0.0,0.0,0.0,0,19.44
444380000,444380000,0.99986273,-0.00014045069,-0.00063502055,-0.016829217,0.0,0.0,0.0,0.0,0,19.46
444400000,444400000,0.9998626,-0.00012745745,-0.0006749202,-0.016835665,0.0,0.0,0.0,0.0,0,19.48
444420000,444420000,0.99986243,-0.00011150533,-0.0007205229,-0.016842168,0.0,0.0,0.0,0.0,0,19.5
444440000,444440000,0.9998623,-9.248931e-05,-0.00075265695,-0.016848937,0.0,0.0,0.0,0.0,0,19.52
444460000,444460000,0.99986213,-7.107562e-05,-0.00078318035,-0.016856527,0.0,0.0,0.0,0.0,0,19.54
444480000,444480000,0.999862,-4.940296e-05,-0.00081757276,-0.016865153,0.0,0.0,0.0,0.0,0,19.56
444500000,444500000,0.9998618,-2.6610158e-05,-0.00085297343,-0.016874567,0.0,0.0,0.0,0.0,0,19.58
444520000,444520000,0.9998616,-4.4649373e-06,-0.0008794586,-0.01688389,0.0,0.0,0.0,0.0,0,19.6
444540000,444540000,0.9998614,1.9233998e-05,-0.0009113367,-0.016892953,0.0,0.0,0.0,0.0,0,19.62
444560000,444560000,0.99986124,4.861873e-05,-0.00094225677,-0.016901916,0.0,0.0,0.0,0.0,0,19.64
444580000,444580000,0.99986106,7.859749e-05,-0.00096997066,-0.01691087,0.0,0.0,0.0,0.0,0,19.66
444600000,444600000,0.9998609,0.000111629604,-0.0009872093,-0.016919779,0.0,0.0,0.0,0.0,0,19.68
444620000,444620000,0.99986076,0.00014928768,-0.0010036019,-0.0169285,0.0,0.0,0.0,0.0,0,19.7
444640000,444640000,0.9998606,0.0001924503,-0.0010203604,-0.016937016,0.0,0.0,0.0,0.0,0,19.72
444660000,444660000,0.9998604,0.00024224531,-0.0010361514,-0.016945237,0.0,0.0,0.0,0.0,0,19.74
444680000,444680000,0.9998602,0.00029571494,-0.0010518101,-0.016953425,0.0,0.0,0.0,0.0,0,19.76
444700000,444700000,0.99986005,0.00035150314,-0.0010704865,-0.016961552,0.0,0.0,0.0,0.0,0,19.78
444720000,444720000,0.99985987,0.00040942102,-0.001092767,-0.016969623,0.0,0.0,0.0,0.0,0,19.8
444740000,444740000,0.9998597,0.0004685135,-0.001117905,-0.016977776,0.0,0.0,0.0,0.0,0,19.82
444760000,444760000,0.9998595,0.00052702706,-0.0011440406,-0.016985951,0.0,0.0,0.0,0.0,0,19.84
444780000,444780000,0.9998593,0.0005868674,-0.0011731791,-0.016994072,0.0,0.0,0.0,0.0,0,19.86
444800000,444800000,0.9998591,0.0006477151,-0.0012049522,-0.017001964,0.0,0.0,0.0,0.0,0,19.88
444820000,444820000,0.99985886,0.00070466485,-0.0012342762,-0.017009495,0.0,0.0,0.0,0.0,0,19.9
444840000,444840000,0.9998587,0.00075983896,-0.0012633511,-0.017016849,0.0,0.0,0.0,0.0,0,19.92
444860000,444860000,0.9998585,0.0008100315,-0.0012888203,-0.01702354,0.0,0.0,0.0,0.0,0,19.94
444880000,444880000,0.9998583,0.00085189356,-0.001307257,-0.017029846,0.0,0.0,0.0,0.0,0,19.96
444900000,444900000,0.99985814,0.00089064275,-0.001324001,-0.017035982,0.0,0.0,0.0,0.0,0,19.98
444920000,444920000,0.99985796,0.0009271404,-0.0013433764,-0.017042285,0.0,0.0,0.0,0.0,0,20.0
444940000,444940000,0.9998578,0.0009560921,-0.0013713131,-0.017048867,0.0,0.0,0.0,0.0,0,20.02
444960000,444960000,0.99985766,0.0009791898,-0.0013907264,-0.017055567,0.0,0.0,0.0,0.0,0,20.04
444980000,444980000,0.9998575,0.0010005275,-0.0014032656,-0.017062595,0.0,0.0,0.0,0.0,0,20.06
445000000,445000000,0.9998573,0.0010194889,-0.0014248694,-0.017069554,0.0,0.0,0.0,0.0,0,20.08
445020000,445020000,0.9998571,0.0010432365,-0.0014545249,-0.017076401,0.0,0.0,0.0,0.0,0,20.1
445040000,445040000,0.99985695,0.0010705475,-0.0014727202,-0.01708352,0.0,0.0,0.0,0.0,0,20.12
445060000,445060000,0.99985677,0.0010941625,-0.0014972201,-0.017090907,0.0,0.0,0.0,0.0,0,20.14
445080000,445080000,0.99985653,0.0011227189,-0.001536567,-0.017098349,0.0,0.0,0.0,0.0,0,20.16
445100000,445100000,0.99985635,0.0011519158,-0.0015688328,-0.017105626,0.0,0.0,0.0,0.0,0,20.18
445120000,445120000,0.9998562,0.0011830092,-0.0015849787,-0.017113019,0.0,0.0,0.0,0.0,0,20.2
445140000,445140000,0.99985594,0.0012135968,-0.0016106066,-0.017120482,0.0,0.0,0.0,0.0,0,20.22
445160000,445160000,0.9998557,0.0012420663,-0.0016513488,-0.017128058,0.0,0.0,0.0,0.0,0,20.24
445180000,445180000,0.99985546,0.0012726763,-0.0016878106,-0.0171362,0.0,0.0,0.0,0.0,0,20.26
445200000,445200000,0.9998552,0.0013047528,-0.0017226998,-0.017144896,0.0,0.0,0.0,0.0,0,20.28
445220000,445220000,0.999855,0.0013369576,-0.0017553398,-0.017153602,0.0,0.0,0.0,0.0,0,20.3
445240000,445240000,0.99985474,0.0013574383,-0.0017853384,-0.017162623,0.0,0.0,0.0,0.0,0,20.32
445260000,445260000,0.9998545,0.0013660626,-0.001828023,-0.017171932,0.0,0.0,0.0,0.0,0,20.34
445280000,445280000,0.9998542,0.0013793256,-0.0018708159,-0.017181722,0.0,0.0,0.0,0.0,0,20.36
445300000,445300000,0.999854,0.0013962861,-0.0018929387,-0.017191494,0.0,0.0,0.0,0.0,0,20.38
445320000,445320000,0.9998538,0.0014144552,-0.0019075134,-0.017201252,0.0,0.0,0.0,0.0,0,20.4
445340000,445340000,0.99985355,0.0014301443,-0.0019363007,-0.017211251,0.0,0.0,0.0,0.0,0,20.42
445360000,445360000,0.9998533,0.0014411997,-0.0019561877,-0.0172213,0.0,0.0,0.0,0.0,0,20.44
445380000,445380000,0.9998531,0.0014387552,-0.0019723114,-0.017231727,0.0,0.0,0.0,0.0,0,20.46
445400000,445400000,0.9998529,0.001426199,-0.0019823262,-0.017242357,0.0,0.0,0.0,0.0,0,20.48
445420000,445420000,0.9998527,0.0014159662,-0.0019815776,-0.01725316,0.0,0.0,0.0,0.0,0,20.5
445440000,445440000,0.99985254,0.0014089558,-0.0019936417,-0.017264083,0.0,0.0,0.0,0.0,0,20.52
445460000,445460000,0.99985236,0.0013972209,-0.0020020688,-0.017275076,0.0,0.0,0.0,0.0,0,20.54
445480000,445480000,0.9998522,0.0013749197,-0.001998437,-0.017286025,0.0,0.0,0.0,0.0,0,20.56
445500000,445500000,0.999852,0.001349552,-0.0020012946,-0.01729721,0.0,0.0,0.0,0.0,0,20.58
445520000,445520000,0.9998519,0.0013293094,-0.0020002564,-0.017308345,0.0,0.0,0.0,0.0,0,20.6
445540000,445540000,0.9998517,0.0013031657,-0.0019881886,-0.017319512,0.0,0.0,0.0,0.0,0,20.62
445560000,445560000,0.9998516,0.0012686426,-0.001981034,-0.017330635,0.0,0.0,0.0,0.0,0,20.64
445580000,445580000,0.99985147,0.0012219521,-0.001974191,-0.017341945,0.0,0.0,0.0,0.0,0,20.66
445600000,445600000,0.99985135,0.0011745367,-0.0019575588,-0.017353194,0.0,0.0,0.0,0.0,0,20.68
445620000,445620000,0.9998512,0.0011323624,-0.0019524373,-0.017364485,0.0,0.0,0.0,0.0,0,20.7
445640000,445640000,0.9998511,0.0010823032,-0.001956175,-0.017375808,0.0,0.0,0.0,0.0,0,20.72
445660000,445660000,0.9998509,0.0010250934,-0.0019501722,-0.017387252,0.0,0.0,0.0,0.0,0,20.74
445680000,445680000,0.9998508,0.00096638204,-0.0019495959,-0.017398825,0.0,0.0,0.0,0.0,0,20.76
445700000,445700000,0.9998507,0.0009101432,-0.0019468513,-0.017410718,0.0,0.0,0.0,0.0,0,20.78
445720000,445720000,0.9998506,0.0008570074,-0.0019253402,-0.01742269,0.0,0.0,0.0,0.0,0,20.8
445740000,445740000,0.9998504,0.00080538966,-0.0019073129,-0.017434683,0.0,0.0,0.0,0.0,0,20.82
445760000,445760000,0.9998503,0.0007534077,-0.0018979515,-0.01744662,0.0,0.0,0.0,0.0,0,20.84
445780000,445780000,0.99985015,0.00070168026,-0.0018705189,-0.017458392,0.0,0.0,0.0,0.0,0,20.86
445800000,445800000,0.99985003,0.00065763306,-0.0018345984,-0.017469913,0.0,0.0,0.0,0.0,0,20.88
445820000,445820000,0.9998499,0.0006117138,-0.0018132136,-0.017481314,0.0,0.0,0.0,0.0,0,20.9
445840000,445840000,0.9998498,0.0005599767,-0.0017919948,-0.017492658,0.0,0.0,0.0,0.0,0,20.92
445860000,445860000,0.9998497,0.00050947326,-0.0017528008,-0.017503656,0.0,0.0,0.0,0.0,0,20.94
445880000,445880000,0.9998496,0.00047295712,-0.0017086529,-0.017514281,0.0,0.0,0.0,0.0,0,20.96
445900000,445900000,0.9998495,0.00043848332,-0.0016646085,-0.017524855,0.0,0.0,0.0,0.0,0,20.98
445920000,445920000,0.99984944,0.00040235417,-0.0016129194,-0.017535197,0.0,0.0,0.0,0.0,0,21.0
445940000,445940000,0.9998493,0.0003706381,-0.001559894,-0.017545186,0.0,0.0,0.0,0.0,0,21.02
445960000,445960000,0.99984926,0.00034073007,-0.001506862,-0.01755502,0.0,0.0,0.0,0.0,0,21.04
445980000,445980000,0.9998492,0.00031061855,-0.0014533256,-0.01756475,0.0,0.0,0.0,0.0,0,21.06
446000000,446000000,0.9998491,0.0002806107,-0.0014000807,-0.017574336,0.0,0.0,0.0,0.0,0,21.08
446020000,446020000,0.999849,0.00025744378,-0.0013439455,-0.017584078,0.0,0.0,0.0,0.0,0,21.1
446040000,446040000,0.9998489,0.00023823653,-0.0012843127,-0.017593816,0.0,0.0,0.0,0.0,0,21.12
446060000,446060000,0.99984884,0.000221375,-0.0012241628,-0.017603433,0.0,0.0,0.0,0.0,0,21.14
446080000,446080000,0.9998487,0.00020790396,-0.0011668738,-0.017612923,0.0,0.0,0.0,0.0,0,21.16
446100000,446100000,0.9998486,0.00020073948,-0.0011162703,-0.017622402,0.0,0.0,0.0,0.0,0,21.18
446120000,446120000,0.9998485,0.0002064291,-0.001079426,-0.017631866,0.0,0.0,0.0,0.0,0,21.2
446140000,446140000,0.99984837,0.00022020133,-0.0010441482,-0.017641015,0.0,0.0,0.0,0.0,0,21.22
446160000,446160000,0.99984825,0.00023815682,-0.0010078013,-0.017649999,0.0,0.0,0.0,0.0,0,21.24
446180000,446180000,0.9998481,0.00025884272,-0.00097137183,-0.017659143,0.0,0.0,0.0,0.0,0,21.26
446200000,446200000,0.99984795,0.00029189695,-0.0009373141,-0.017668124,0.0,0.0,0.0,0.0,0,21.28
446220000,446220000,0.9998478,0.00033658047,-0.000900001,-0.017677052,0.0,0.0,0.0,0.0,0,21.3
446240000,446240000,0.9998477,0.00038634375,-0.00086110446,-0.01768575,0.0,0.0,0.0,0.0,0,21.32
446260000,446260000,0.9998476,0.00043755776,-0.0008188015,-0.017694408,0.0,0.0,0.0,0.0,0,21.34
446280000,446280000,0.9998474,0.00049104943,-0.00077658996,-0.01770312,0.0,0.0,0.0,0.0,0,21.36
446300000,446300000,0.99984723,0.0005499113,-0.0007386235,-0.017712293,0.0,0.0,0.0,0.0,0,21.38
446320000,446320000,0.99984705,0.00061712705,-0.000705453,-0.017721318,0.0,0.0,0.0,0.0,0,21.4
446340000,446340000,0.9998469,0.0006914908,-0.0006690678,-0.017730307,0.0,0.0,0.0,0.0,0,21.42
446360000,446360000,0.9998467,0.00076906657,-0.00063149567,-0.017739117,0.0,0.0,0.0,0.0,0,21.44
446380000,446380000,0.9998465,0.0008482676,-0.000590418,-0.017747886,0.0,0.0,0.0,0.0,0,21.46
446400000,446400000,0.9998463,0.0009300594,-0.00054965884,-0.017756674,0.0,0.0,0.0,0.0,0,21.48
446420000,446420000,0.9998461,0.0010139958,-0.00050941587,-0.01776535,0.0,0.0,0.0,0.0,0,21.5
446440000,446440000,0.99984586,0.001097658,-0.00046665568,-0.01777396,0.0,0.0,0.0,0.0,0,21.52
446460000,446460000,0.9998456,0.0011790409,-0.00042419284,-0.01778251,0.0,0.0,0.0,0.0,0,21.54
446480000,446480000,0.99984545,0.0012579758,-0.00038049772,-0.017790982,0.0,0.0,0.0,0.0,0,21.56
446500000,446500000,0.9998452,0.001331931,-0.00033739387,-0.017799212,0.0,0.0,0.0,0.0,0,21.58
446520000,446520000,0.99984497,0.0014005208,-0.00029344752,-0.017807512,0.0,0.0,0.0,0.0,0,21.6
446540000,446540000,0.99984473,0.0014632795,-0.00024554727,-0.017815823,0.0,0.0,0.0,0.0,0,21.62
446560000,446560000,0.9998445,0.001522511,-0.00019535508,-0.017824078,0.0,0.0,0.0,0.0,0,21.64
446580000,446580000,0.9998443,0.001578284,-0.00014371658,-0.017832221,0.0,0.0,0.0,0.0,0,21.66
446600000,446600000,0.9998441,0.0016270069,-9.435497e-05,-0.01784024,0.0,0.0,0.0,0.0,0,21.68
446620000,446620000,0.9998439,0.0016665714,-4.9221257e-05,-0.017848289,0.0,0.0,0.0,0.0,0,21.7
446640000,446640000,0.99984366,0.0017008908,-4.558133e-06,-0.01785632,0.0,0.0,0.0,0.0,0,21.72
446660000,446660000,0.9998435,0.001726797,3.667474e-05,-0.017864691,0.0,0.0,0.0,0.0,0,21.74
446680000,446680000,0.9998433,0.0017340481,6.502392e-05,-0.017873412,0.0,0.0,0.0,0.0,0,21.76
446700000,446700000,0.9998432,0.0017224415,9.478319e-05,-0.01788162,0.0,0.0,0.0,0.0,0,21.78
446720000,446720000,0.99984306,0.0016953329,0.00013169611,-0.017889587,0.0,0.0,0.0,0.0,0,21.8
446740000,446740000,0.999843,0.0016592685,0.0001727814,-0.017897423,0.0,0.0,0.0,0.0,0,21.82
446760000,446760000,0.9998429,0.0016140346,0.0002129954,-0.017905584,0.0,0.0,0.0,0.0,0,21.84
446780000,446780000,0.9998428,0.0015573584,0.0002354815,-0.017913867,0.0,0.0,0.0,0.0,0,21.86
446800000,446800000,0.9998428,0.0014905412,0.00024759222,-0.01792165,0.0,0.0,0.0,0.0,0,21.88
446820000,446820000,0.9998428,0.0014067502,0.00026655482,-0.017928837,0.0,0.0,0.0,0.0,0,21.9
446840000,446840000,0.99984276,0.001311583,0.00029111016,-0.017935783,0.0,0.0,0.0,0.0,0,21.92
446860000,446860000,0.99984276,0.0012091289,0.00031894035,-0.017942593,0.0,0.0,0.0,0.0,0,21.94
446880000,446880000,0.99984276,0.0011013829,0.00034893455,-0.017949315,0.0,0.0,0.0,0.0,0,21.96
446900000,446900000,0.99984276,0.0009890083,0.0003806068,-0.017955972,0.0,0.0,0.0,0.0,0,21.98
446920000,446920000,0.99984276,0.0008725289,0.000413715,-0.017962573,0.0,0.0,0.0,0.0,0,22.0
446940000,446940000,0.9998427,0.0007518964,0.00044811462,-0.017969122,0.0,0.0,0.0,0.0,0,22.02
446960000,446960000,0.99984264,0.00062737596,0.0004837676,-0.01797562,0.0,0.0,0.0,0.0,0,22.04
446980000,446980000,0.9998426,0.0004987573,0.0005205673,-0.017982071,0.0,0.0,0.0,0.0,0,22.06
447000000,447000000,0.9998425,0.00036671938,0.0005581042,-0.017988594,0.0,0.0,0.0,0.0,0,22.08
447020000,447020000,0.9998424,0.00023587272,0.0005912007,-0.01799541,0.0,0.0,0.0,0.0,0,22.1
447040000,447040000,0.9998423,0.00010432738,0.000622174,-0.018002259,0.0,0.0,0.0,0.0,0,22.12
447060000,447060000,0.99984217,-2.6931235e-05,0.0006495716,-0.01800934,0.0,0.0,0.0,0.0,0,22.14
447080000,447080000,0.999842,-0.00015936153,0.00067531277,-0.01801639,0.0,0.0,0.0,0.0,0,22.16
447100000,447100000,0.9998418,-0.00029510554,0.00070813834,-0.018023452,0.0,0.0,0.0,0.0,0,22.18
447120000,447120000,0.99984163,-0.0004311493,0.00074842595,-0.018030746,0.0,0.0,0.0,0.0,0,22.2
447140000,447140000,0.9998414,-0.000565618,0.00078102003,-0.018038698,0.0,0.0,0.0,0.0,0,22.22
447160000,447160000,0.9998411,-0.0006907439,0.00081943907,-0.018047506,0.0,0.0,0.0,0.0,0,22.24
447180000,447180000,0.9998408,-0.00080340466,0.0008709104,-0.018057186,0.0,0.0,0.0,0.0,0,22.26
447200000,447200000,0.9998405,-0.0009147133,0.00092654664,-0.018067662,0.0,0.0,0.0,0.0,0,22.28
447220000,447220000,0.9998401,-0.0010314266,0.0009805438,-0.018078843,0.0,0.0,0.0,0.0,0,22.3
447240000,447240000,0.9998397,-0.0011435271,0.0010429191,-0.018090779,0.0,0.0,0.0,0.0,0,22.32
447260000,447260000,0.9998393,-0.0012524013,0.0011087543,-0.018102927,0.0,0.0,0.0,0.0,0,22.34
447280000,447280000,0.9998388,-0.0013615503,0.0011726221,-0.018115116,0.0,0.0,0.0,0.0,0,22.36
447300000,447300000,0.9998384,-0.0014727783,0.0012356865,-0.018127277,0.0,0.0,0.0,0.0,0,22.38
447320000,447320000,0.99983793,-0.0015847232,0.0012969427,-0.018139098,0.0,0.0,0.0,0.0,0,22.4
447340000,447340000,0.99983746,-0.0016874247,0.0013512593,-0.01815088,0.0,0.0,0.0,0.0,0,22.42
447360000,447360000,0.99983704,-0.0017820231,0.0014064607,-0.01816272,0.0,0.0,0.0,0.0,0,22.44
447380000,447380000,0.99983656,-0.0018694974,0.0014623868,-0.018174557,0.0,0.0,0.0,0.0,0,22.46
447400000,447400000,0.99983615,-0.0019421839,0.0015121045,-0.018186495,0.0,0.0,0.0,0.0,0,22.48
447420000,447420000,0.9998357,-0.0019936217,0.0015506863,-0.018198408,0.0,0.0,0.0,0.0,0,22.5
447440000,447440000,0.99983543,-0.0020365822,0.0015842876,-0.018210212,0.0,0.0,0.0,0.0,0,22.52
447460000,447460000,0.9998351,-0.0020744146,0.0016170819,-0.01822225,0.0,0.0,0.0,0.0,0,22.54
447480000,447480000,0.9998347,-0.0020987676,0.0016540439,-0.018234557,0.0,0.0,0.0,0.0,0,22.56
447500000,447500000,0.9998344,-0.0021057583,0.0016813815,-0.018246697,0.0,0.0,0.0,0.0,0,22.58
447520000,447520000,0.9998342,-0.0021041716,0.0017063358,-0.018258955,0.0,0.0,0.0,0.0,0,22.6
447540000,447540000,0.99983394,-0.002089476,0.0017365519,-0.018271692,0.0,0.0,0.0,0.0,0,22.62
447560000,447560000,0.99983335,-0.0027796524,0.00029135667,-0.018292185,0.0,0.0,0.0,0.0,0,22.64
447580000,447580000,0.99978864,-0.006558666,-0.007213524,-0.018351564,0.0,0.0,0.0,0.0,0,22.66
447600000,447600000,0.99951994,-0.01391977,-0.020819247,-0.018485859,0.0,0.0,0.0,0.0,0,22.68
447620000,447620000,0.9988039,-0.024114506,-0.038312208,-0.018721692,0.0,0.0,0.0,0.0,0,22.7
447640000,447640000,0.9975061,-0.03634904,-0.057490613,-0.019087452,0.0,0.0,0.0,0.0,0,22.72
447660000,447660000,0.99559593,-0.04990962,-0.07695664,-0.019610886,0.0,0.0,0.0,0.0,0,22.74
447680000,447680000,0.99311507,-0.064060204,-0.09599852,-0.020299917,0.0,0.0,0.0,0.0,0,22.76
447700000,447700000,0.9901408,-0.07840321,-0.11417085,-0.02117109,0.0,0.0,0.0,0.0,0,22.78
447720000,447720000,0.9868044,-0.09250555,-0.1310517,-0.022232058,0.0,0.0,0.0,0.0,0,22.8
447740000,447740000,0.9832559,-0.10598406,-0.14640096,-0.0234747,0.0,0.0,0.0,0.0,0,22.82
447760000,447760000,0.9796139,-0.11867351,-0.16019596,-0.024890462,0.0,0.0,0.0,0.0,0,22.84
447780000,447780000,0.97602934,-0.13032536,-0.17231,-0.026464136,0.0,0.0,0.0,0.0,0,22.86
447800000,447800000,0.97259307,-0.1408516,-0.18286404,-0.02816824,0.0,0.0,0.0,0.0,0,22.88
447820000,447820000,0.9694076,-0.15015195,-0.19186813,-0.029983016,0.0,0.0,0.0,0.0,0,22.9
447840000,447840000,0.9665375,-0.15819994,-0.19942586,-0.031883292,0.0,0.0,0.0,0.0,0,22.92
447860000,447860000,0.96402514,-0.16499749,-0.20565785,-0.03384216,0.0,0.0,0.0,0.0,0,22.94
447880000,447880000,0.96189374,-0.17058915,-0.21067618,-0.03583942,0.0,0.0,0.0,0.0,0,22.96
447900000,447900000,0.96015865,-0.17499182,-0.21459247,-0.037846625,0.0,0.0,0.0,0.0,0,22.98
447920000,447920000,0.9588306,-0.1782667,-0.21745235,-0.039855473,0.0,0.0,0.0,0.0,0,23.0
447940000,447940000,0.95788777,-0.1804824,-0.21939847,-0.041839436,0.0,0.0,0.0,0.0,0,23.02
447960000,447960000,0.9573107,-0.18171969,-0.22051357,-0.043785006,0.0,0.0,0.0,0.0,0,23.04
447980000,447980000,0.95707774,-0.18205063,-0.22086732,-0.045678746,0.0,0.0,0.0,0.0,0,23.06
448000000,448000000,0.95716465,-0.18154979,-0.22051616,-0.047510225,0.0,0.0,0.0,0.0,0,23.08
448020000,448020000,0.9575436,-0.18029074,-0.21951564,-0.049269166,0.0,0.0,0.0,0.0,0,23.1
448040000,448040000,0.9581866,-0.17834209,-0.21791308,-0.05094561,0.0,0.0,0.0,0.0,0,23.12
448060000,448060000,0.95906895,-0.17577365,-0.2157303,-0.05253519,0.0,0.0,0.0,0.0,0,23.14
448080000,448080000,0.96015567,-0.1726484,-0.2130355,-0.05402367,0.0,0.0,0.0,0.0,0,23.16
448100000,448100000,0.96141934,-0.16903777,-0.20985273,-0.05540793,0.0,0.0,0.0,0.0,0,23.18
448120000,448120000,0.9628274,-0.1650042,-0.20623712,-0.056677748,0.0,0.0,0.0,0.0,0,23.2
448140000,448140000,0.9643598,-0.16060121,-0.20219299,-0.05783188,0.0,0.0,0.0,0.0,0,23.22
448160000,448160000,0.965987,-0.155883,-0.19777265,-0.058860756,0.0,0.0,0.0,0.0,0,23.24
448180000,448180000,0.96769226,-0.15089072,-0.19297992,-0.05976216,0.0,0.0,0.0,0.0,0,23.26
448200000,448200000,0.96944827,-0.14568101,-0.18786255,-0.060530264,0.0,0.0,0.0,0.0,0,23.28
448220000,448220000,0.9712448,-0.14027481,-0.18241331,-0.06116314,0.0,0.0,0.0,0.0,0,23.3
448240000,448240000,0.9730573,-0.13472135,-0.17668419,-0.06165584,0.0,0.0,0.0,0.0,0,23.32
448260000,448260000,0.97487974,-0.12902333,-0.17066608,-0.062005736,0.0,0.0,0.0,0.0,0,23.34
448280000,448280000,0.9766894,-0.123235986,-0.16440664,-0.06221192,0.0,0.0,0.0,0.0,0,23.36
448300000,448300000,0.97847843,-0.11735011,-0.15792605,-0.06226837,0.0,0.0,0.0,0.0,0,23.38
448320000,448320000,0.98022765,-0.11142516,-0.15126505,-0.0621784,0.0,0.0,0.0,0.0,0,23.4
448340000,448340000,0.98193336,-0.105449684,-0.14442904,-0.0619403,0.0,0.0,0.0,0.0,0,23.42
448360000,448360000,0.983582,-0.09948188,-0.13743725,-0.061561573,0.0,0.0,0.0,0.0,0,23.44
448380000,448380000,0.9851691,-0.093499966,-0.1303187,-0.061038893,0.0,0.0,0.0,0.0,0,23.46
448400000,448400000,0.98668456,-0.08755698,-0.123087555,-0.06038171,0.0,0.0,0.0,0.0,0,23.48
448420000,448420000,0.988124,-0.08162405,-0.11578842,-0.05958703,0.0,0.0,0.0,0.0,0,23.5
448440000,448440000,0.98948205,-0.075748995,-0.1084193,-0.058666382,0.0,0.0,0.0,0.0,0,23.52
448460000,448460000,0.9907539,-0.06991176,-0.10103549,-0.057619866,0.0,0.0,0.0,0.0,0,23.54
448480000,448480000,0.99193776,-0.06414379,-0.093629755,-0.05645865,0.0,0.0,0.0,0.0,0,23.56
448500000,448500000,0.99303013,-0.05843312,-0.0862575,-0.05518576,0.0,0.0,0.0,0.0,0,23.58
448520000,448520000,0.9940322,-0.05279988,-0.07890155,-0.053812783,0.0,0.0,0.0,0.0,0,23.6
448540000,448540000,0.9949408,-0.047247052,-0.07162026,-0.052346133,0.0,0.0,0.0,0.0,0,23.62
448560000,448560000,0.99576014,-0.04178247,-0.06437927,-0.050797902,0.0,0.0,0.0,0.0,0,23.64
448580000,448580000,0.9964877,-0.036408,-0.05725117,-0.04917517,0.0,0.0,0.0,0.0,0,23.66
448600000,448600000,0.9971278,-0.031120297,-0.05021538,-0.047488954,0.0,0.0,0.0,0.0,0,23.68
448620000,448620000,0.99768037,-0.02594046,-0.043325704,-0.045748826,0.0,0.0,0.0,0.0,0,23.7
448640000,448640000,0.99815094,-0.020862726,-0.0365456,-0.0439661,0.0,0.0,0.0,0.0,0,23.72
448660000,448660000,0.9985407,-0.015895534,-0.029937878,-0.042149995,0.0,0.0,0.0,0.0,0,23.74
448680000,448680000,0.998855,-0.011028751,-0.023477197,-0.0403109,0.0,0.0,0.0,0.0,0,23.76
448700000,448700000,0.9990967,-0.0062878327,-0.01721251,-0.038459092,0.0,0.0,0.0,0.0,0,23.78
448720000,448720000,0.9992713,-0.0016519387,-0.011107725,-0.03660482,0.0,0.0,0.0,0.0,0,23.8
448740000,448740000,0.9993826,0.0028537486,-0.0052139675,-0.034758043,0.0,0.0,0.0,0.0,0,23.82
448760000,448760000,0.99943596,0.007236668,0.0004947082,-0.03292796,0.0,0.0,0.0,0.0,0,23.84
448780000,448780000,0.9994362,0.011486743,0.005982534,-0.031123525,0.0,0.0,0.0,0.0,0,23.86
448800000,448800000,0.99938804,0.015617736,0.011277238,-0.029353175,0.0,0.0,0.0,0.0,0,23.88
448820000,448820000,0.9992968,0.019611623,0.016348122,-0.027624544,0.0,0.0,0.0,0.0,0,23.9
448840000,448840000,0.9991664,0.023481648,0.021238735,-0.025943948,0.0,0.0,0.0,0.0,0,23.92
448860000,448860000,0.9990024,0.02721613,0.025908094,-0.024318965,0.0,0.0,0.0,0.0,0,23.94
448880000,448880000,0.99880874,0.030818252,0.030374395,-0.02275542,0.0,0.0,0.0,0.0,0,23.96
448900000,448900000,0.99859065,0.034284156,0.034618106,-0.021259869,0.0,0.0,0.0,0.0,0,23.98
448920000,448920000,0.99835145,0.037618004,0.038663946,-0.019836653,0.0,0.0,0.0,0.0,0,24.0
448940000,448940000,0.9980962,0.040812314,0.042490527,-0.018490579,0.0,0.0,0.0,0.0,0,24.02
448960000,448960000,0.99782753,0.043872952,0.046128597,-0.017224394,0.0,0.0,0.0,0.0,0,24.04
448980000,448980000,0.99754906,0.04680357,0.049569085,-0.016041854,0.0,0.0,0.0,0.0,0,24.06
449000000,449000000,0.9972637,0.049597837,0.05282857,-0.014944367,0.0,0.0,0.0,0.0,0,24.08
449020000,449020000,0.99697506,0.05226001,0.05589717,-0.013935061,0.0,0.0,0.0,0.0,0,24.1
449040000,449040000,0.9966863,0.05477674,0.058785338,-0.013014,0.0,0.0,0.0,0.0,0,24.12
449060000,449060000,0.9964002,0.05715962,0.061482966,-0.012182881,0.0,0.0,0.0,0.0,0,24.14
449080000,449080000,0.99611896,0.059400126,0.064007,-0.011440834,0.0,0.0,0.0,0.0,0,24.16
449100000,449100000,0.99584407,0.06150889,0.066362165,-0.010788229,0.0,0.0,0.0,0.0,0,24.18
449120000,449120000,0.9955778,0.06346973,0.06856409,-0.01022217,0.0,0.0,0.0,0.0,0,24.2
449140000,449140000,0.9953222,0.06529075,0.070604384,-0.00974301,0.0,0.0,0.0,0.0,0,24.22
449160000,449160000,0.995079,0.06697238,0.07248576,-0.009349099,0.0,0.0,0.0,0.0,0,24.24
449180000,449180000,0.99484843,0.068530165,0.07421342,-0.009039275,0.0,0.0,0.0,0.0,0,24.26
449200000,449200000,0.9946314,0.06995884,0.07579978,-0.0088101225,0.0,0.0,0.0,0.0,0,24.28
449220000,449220000,0.994428,0.07126279,0.0772577,-0.008658503,0.0,0.0,0.0,0.0,0,24.3
449240000,449240000,0.9942394,0.07244692,0.07858065,-0.008582589,0.0,0.0,0.0,0.0,0,24.32
449260000,449260000,0.9940666,0.07351663,0.07976486,-0.00858006,0.0,0.0,0.0,0.0,0,24.34
449280000,449280000,0.9939096,0.07447531,0.08081749,-0.008647491,0.0,0.0,0.0,0.0,0,24.36
449300000,449300000,0.99376774,0.075324856,0.08175494,-0.008780429,0.0,0.0,0.0,0.0,0,24.38
449320000,449320000,0.9936413,0.07607036,0.0825757,-0.008975817,0.0,0.0,0.0,0.0,0,24.4
449340000,449340000,0.99353015,0.07671876,0.083282575,-0.009230256,0.0,0.0,0.0,0.0,0,24.42
449360000,449360000,0.9934343,0.077267624,0.08388166,-0.009539015,0.0,0.0,0.0,0.0,0,24.44
449380000,449380000,0.9933544,0.077721454,0.08436562,-0.009898948,0.0,0.0,0.0,0.0,0,24.46
449400000,449400000,0.9932897,0.07808331,0.08474327,-0.010305478,0.0,0.0,0.0,0.0,0,24.48
449420000,449420000,0.9932403,0.07835147,0.08501925,-0.010754002,0.0,0.0,0.0,0.0,0,24.5
449440000,449440000,0.99320555,0.078529194,0.085197635,-0.011240232,0.0,0.0,0.0,0.0,0,24.52
449460000,449460000,0.9931848,0.078622386,0.08528374,-0.011760135,0.0,0.0,0.0,0.0,0,24.54
449480000,449480000,0.9931779,0.078628354,0.085280985,-0.012308929,0.0,0.0,0.0,0.0,0,24.56
449500000,449500000,0.99318504,0.078547,0.0851878,-0.012882404,0.0,0.0,0.0,0.0,0,24.58
449520000,449520000,0.99320513,0.078382276,0.08501353,-0.013475917,0.0,0.0,0.0,0.0,0,24.6
449540000,449540000,0.99323726,0.07813724,0.08476426,-0.014085322,0.0,0.0,0.0,0.0,0,24.62
449560000,449560000,0.9932812,0.077816665,0.08443823,-0.014707698,0.0,0.0,0.0,0.0,0,24.64
449580000,449580000,0.99333686,0.07742202,0.08403317,-0.015339348,0.0,0.0,0.0,0.0,0,24.66
449600000,449600000,0.9934036,0.07695158,0.08355565,-0.015976189,0.0,0.0,0.0,0.0,0,24.68
449620000,449620000,0.9934811,0.07641827,0.08299738,-0.016616212,0.0,0.0,0.0,0.0,0,24.7
449640000,449640000,0.9935682,0.07582425,0.0823671,-0.017255504,0.0,0.0,0.0,0.0,0,24.72
449660000,449660000,0.9936641,0.075165495,0.081675686,-0.017890133,0.0,0.0,0.0,0.0,0,24.74
449680000,449680000,0.9937674,0.07444798,0.08093287,-0.018516853,0.0,0.0,0.0,0.0,0,24.76
449700000,449700000,0.99387795,0.0736738,0.0801359,-0.019133404,0.0,0.0,0.0,0.0,0,24.78
449720000,449720000,0.9939957,0.07284149,0.07928507,-0.019736912,0.0,0.0,0.0,0.0,0,24.8
449740000,449740000,0.99411905,0.07195096,0.078399,-0.020323232,0.0,0.0,0.0,0.0,0,24.82
449760000,449760000,0.99424785,0.0710073,0.07747171,-0.020891132,0.0,0.0,0.0,0.0,0,24.84
449780000,449780000,0.9943819,0.07002153,0.07649232,-0.0214401,0.0,0.0,0.0,0.0,0,24.86
449800000,449800000,0.99452007,0.06899993,0.07546746,-0.021968102,0.0,0.0,0.0,0.0,0,24.88
449820000,449820000,0.994662,0.06794239,0.074400105,-0.022473581,0.0,0.0,0.0,0.0,0,24.9
449840000,449840000,0.9948071,0.06684131,0.07330276,-0.022953589,0.0,0.0,0.0,0.0,0,24.92
449860000,449860000,0.99495465,0.0657025,0.072178446,-0.023406515,0.0,0.0,0.0,0.0,0,24.94
449880000,449880000,0.99510443,0.06453267,0.07101991,-0.0238322,0.0,0.0,0.0,0.0,0,24.96
449900000,449900000,0.9952563,0.06333742,0.069822766,-0.024230465,0.0,0.0,0.0,0.0,0,24.98
449920000,449920000,0.99540967,0.062116425,0.06859319,-0.024600303,0.0,0.0,0.0,0.0,0,25.0
449940000,449940000,0.9955635,0.06087195,0.06734258,-0.024940481,0.0,0.0,0.0,0.0,0,25.02
449960000,449960000,0.99571717,0.05960236,0.066079184,-0.02525035,0.0,0.0,0.0,0.0,0,25.04
449980000,449980000,0.99587053,0.058308437,0.06480229,-0.025530005,0.0,0.0,0.0,0.0,0,25.06
450000000,450000000,0.99602383,0.056983415,0.06351385,-0.025778854,0.0,0.0,0.0,0.0,0,25.08
450020000,450020000,0.99617606,0.055637445,0.06221688,-0.025997138,0.0,0.0,0.0,0.0,0,25.1
450040000,450040000,0.996327,0.054273218,0.060913175,-0.026185324,0.0,0.0,0.0,0.0,0,25.12
450060000,450060000,0.99647653,0.052902255,0.05958974,-0.026345113,0.0,0.0,0.0,0.0,0,25.14
450080000,450080000,0.99662447,0.051526647,0.058246825,-0.026476882,0.0,0.0,0.0,0.0,0,25.16
450100000,450100000,0.99677026,0.050151303,0.056889363,-0.026581075,0.0,0.0,0.0,0.0,0,25.18
450120000,450120000,0.99691325,0.048772395,0.055531118,-0.026657121,0.0,0.0,0.0,0.0,0,25.2
450140000,450140000,0.9970532,0.047395203,0.054170635,-0.026705828,0.0,0.0,0.0,0.0,0,25.22
450160000,450160000,0.99719024,0.046007976,0.052817356,-0.026727209,0.0,0.0,0.0,0.0,0,25.24
450180000,450180000,0.9973246,0.044617716,0.05145789,-0.026723621,0.0,0.0,0.0,0.0,0,25.26
450200000,450200000,0.9974565,0.043216553,0.050092783,-0.026695851,0.0,0.0,0.0,0.0,0,25.28
450220000,450220000,0.9975851,0.04181853,0.04872613,-0.026644992,0.0,0.0,0.0,0.0,0,25.3
450240000,450240000,0.9977106,0.040413868,0.04736417,-0.026571097,0.0,0.0,0.0,0.0,0,25.32
450260000,450260000,0.99783325,0.039005052,0.045995392,-0.026475899,0.0,0.0,0.0,0.0,0,25.34
450280000,450280000,0.99795336,0.037588786,0.04461382,-0.026360827,0.0,0.0,0.0,0.0,0,25.36
450300000,450300000,0.9980707,0.03616556,0.043221805,-0.026227169,0.0,0.0,0.0,0.0,0,25.38
450320000,450320000,0.9981846,0.03472973,0.041838523,-0.026074797,0.0,0.0,0.0,0.0,0,25.4
450340000,450340000,0.9982957,0.033289663,0.040440638,-0.025906479,0.0,0.0,0.0,0.0,0,25.42
450360000,450360000,0.99840325,0.031843964,0.039042417,-0.02572318,0.0,0.0,0.0,0.0,0,25.44
450380000,450380000,0.9985069,0.030397452,0.037649177,-0.025526108,0.0,0.0,0.0,0.0,0,25.46
450400000,450400000,0.9986065,0.028955745,0.036258496,-0.02531772,0.0,0.0,0.0,0.0,0,25.48
450420000,450420000,0.9987019,0.027523264,0.034874022,-0.025098903,0.0,0.0,0.0,0.0,0,25.5
450440000,450440000,0.9987926,0.026098825,0.03350747,-0.024870427,0.0,0.0,0.0,0.0,0,25.52
450460000,450460000,0.9988792,0.024683375,0.032145333,-0.024634134,0.0,0.0,0.0,0.0,0,25.54
450480000,450480000,0.998961,0.023290308,0.030800024,-0.024391504,0.0,0.0,0.0,0.0,0,25.56
450500000,450500000,0.99903804,0.021911241,0.029480074,-0.02414355,0.0,0.0,0.0,0.0,0,25.58
450520000,450520000,0.99911004,0.020557342,0.028191568,-0.023891445,0.0,0.0,0.0,0.0,0,25.6
450540000,450540000,0.9991774,0.019227918,0.026931113,-0.023636539,0.0,0.0,0.0,0.0,0,25.62
450560000,450560000,0.9992403,0.017923268,0.025693078,-0.02338012,0.0,0.0,0.0,0.0,0,25.64
450580000,450580000,0.9992989,0.016641006,0.024480304,-0.023123339,0.0,0.0,0.0,0.0,0,25.66
450600000,450600000,0.99935305,0.015388229,0.02329854,-0.022867402,0.0,0.0,0.0,0.0,0,25.68
450620000,450620000,0.999403,0.0141630145,0.022154141,-0.022613239,0.0,0.0,0.0,0.0,0,25.7
450640000,450640000,0.9994487,0.012975576,0.021046242,-0.022362016,0.0,0.0,0.0,0.0,0,25.72
450660000,450660000,0.9994904,0.011821367,0.019981058,-0.02211461,0.0,0.0,0.0,0.0,0,25.74
450680000,450680000,0.9995284,0.010704785,0.018950202,-0.021872338,0.0,0.0,0.0,0.0,0,25.76
450700000,450700000,0.99956286,0.009625638,0.017955925,-0.021635942,0.0,0.0,0.0,0.0,0,25.78
450720000,450720000,0.9995941,0.008587486,0.016994197,-0.02140646,0.0,0.0,0.0,0.0,0,25.8
450740000,450740000,0.9996222,0.0075885723,0.016067306,-0.021184538,0.0,0.0,0.0,0.0,0,25.82
450760000,450760000,0.99964756,0.006630662,0.0151712,-0.020970665,0.0,0.0,0.0,0.0,0,25.84
450780000,450780000,0.9996702,0.0057119937,0.014310907,-0.020765273,0.0,0.0,0.0,0.0,0,25.86
450800000,450800000,0.9996904,0.00483279,0.0134836165,-0.020568822,0.0,0.0,0.0,0.0,0,25.88
450820000,450820000,0.99970835,0.00399125,0.0126878,-0.020381803,0.0,0.0,0.0,0.0,0,25.9
450840000,450840000,0.9997243,0.0031911486,0.011916288,-0.02020473,0.0,0.0,0.0,0.0,0,25.92
450860000,450860000,0.99973834,0.0024318604,0.011175997,-0.020037882,0.0,0.0,0.0,0.0,0,25.94
450880000,450880000,0.9997506,0.0017141103,0.01047008,-0.019881357,0.0,0.0,0.0,0.0,0,25.96
450900000,450900000,0.9997612,0.0010346564,0.009802316,-0.019735439,0.0,0.0,0.0,0.0,0,25.98
450920000,450920000,0.99977034,0.00039148857,0.009167127,-0.019600173,0.0,0.0,0.0,0.0,0,26.0
450940000,450940000,0.99977815,-0.00021840162,0.008565092,-0.019475918,0.0,0.0,0.0,0.0,0,26.02
450960000,450960000,0.9997848,-0.0007976532,0.007990083,-0.019362926,0.0,0.0,0.0,0.0,0,26.04
450980000,450980000,0.9997905,-0.0013482451,0.007439417,-0.019260734,0.0,0.0,0.0,0.0,0,26.06
451000000,451000000,0.99979514,-0.0018744745,0.0069111576,-0.01916922,0.0,0.0,0.0,0.0,0,26.08
451020000,451020000,0.999799,-0.0023684215,0.0064105405,-0.01908842,0.0,0.0,0.0,0.0,0,26.1
451040000,451040000,0.9998021,-0.0028285203,0.0059282794,-0.019018492,0.0,0.0,0.0,0.0,0,26.12
451060000,451060000,0.99980456,-0.0032589377,0.005465164,-0.018959189,0.0,0.0,0.0,0.0,0,26.14
451080000,451080000,0.9998064,-0.003663385,0.0050210124,-0.018910063,0.0,0.0,0.0,0.0,0,26.16
451100000,451100000,0.9998078,-0.0040391954,0.00459583,-0.018870605,0.0,0.0,0.0,0.0,0,26.18
451120000,451120000,0.99980867,-0.0043879063,0.0041919663,-0.018840423,0.0,0.0,0.0,0.0,0,26.2
451140000,451140000,0.9998091,-0.00471505,0.0038128193,-0.018819181,0.0,0.0,0.0,0.0,0,26.22
451160000,451160000,0.99980915,-0.0050202594,0.0034509767,-0.018806366,0.0,0.0,0.0,0.0,0,26.24
451180000,451180000,0.9998089,-0.005299426,0.0031038576,-0.01880176,0.0,0.0,0.0,0.0,0,26.26
451200000,451200000,0.9998085,-0.0055521163,0.0027696027,-0.018805204,0.0,0.0,0.0,0.0,0,26.28
451220000,451220000,0.9998078,-0.0057797045,0.0024545453,-0.01881618,0.0,0.0,0.0,0.0,0,26.3
451240000,451240000,0.99980694,-0.0059843767,0.0021556339,-0.01883405,0.0,0.0,0.0,0.0,0,26.32
451260000,451260000,0.999806,-0.006163472,0.0018774474,-0.018858202,0.0,0.0,0.0,0.0,0,26.34
451280000,451280000,0.99980485,-0.0063252444,0.0016189932,-0.01888785,0.0,0.0,0.0,0.0,0,26.36
451300000,451300000,0.99980354,-0.0064750887,0.0013855344,-0.018922884,0.0,0.0,0.0,0.0,0,26.38
451320000,451320000,0.9998022,-0.006612425,0.0011743427,-0.01896292,0.0,0.0,0.0,0.0,0,26.4
451340000,451340000,0.99980074,-0.0067358715,0.0009774008,-0.019007184,0.0,0.0,0.0,0.0,0,26.42
451360000,451360000,0.99979925,-0.006842098,0.00078425714,-0.019055119,0.0,0.0,0.0,0.0,0,26.44
451380000,451380000,0.99979776,-0.006935658,0.00059509935,-0.019106211,0.0,0.0,0.0,0.0,0,26.46
451400000,451400000,0.9997962,-0.0070225783,0.00041846046,-0.019160138,0.0,0.0,0.0,0.0,0,26.48
451420000,451420000,0.9997946,-0.007107476,0.00026348798,-0.019216318,0.0,0.0,0.0,0.0,0,26.5
451440000,451440000,0.99979293,-0.0071904636,0.00013168981,-0.019274749,0.0,0.0,0.0,0.0,0,26.52
451460000,451460000,0.9997912,-0.007266664,1.143374e-05,-0.019335004,0.0,0.0,0.0,0.0,0,26.54
451480000,451480000,0.9997896,-0.007326535,-0.00010476069,-0.019396441,0.0,0.0,0.0,0.0,0,26.56
451500000,451500000,0.99978805,-0.007371202,-0.00020544614,-0.0194588,0.0,0.0,0.0,0.0,0,26.58
451520000,451520000,0.99978656,-0.0074013243,-0.00028842708,-0.019521827,0.0,0.0,0.0,0.0,0,26.6
451540000,451540000,0.9997851,-0.007422491,-0.00035983836,-0.019584702,0.0,0.0,0.0,0.0,0,26.62
451560000,451560000,0.9997838,-0.0074340804,-0.00041927164,-0.019646708,0.0,0.0,0.0,0.0,0,26.64
451580000,451580000,0.99978256,-0.007435931,-0.00046796488,-0.019707303,0.0,0.0,0.0,0.0,0,26.66
451600000,451600000,0.99978137,-0.0074366285,-0.0005099224,-0.019766668,0.0,0.0,0.0,0.0,0,26.68
451620000,451620000,0.99978024,-0.007433247,-0.00054234645,-0.019824745,0.0,0.0,0.0,0.0,0,26.7
451640000,451640000,0.99977916,-0.007424346,-0.0005661099,-0.01988101,0.0,0.0,0.0,0.0,0,26.72
451660000,451660000,0.99977815,-0.0074133053,-0.0005857387,-0.019934965,0.0,0.0,0.0,0.0,0,26.74
451680000,451680000,0.9997773,-0.0073945164,-0.00059643073,-0.01998608,0.0,0.0,0.0,0.0,0,26.76
451700000,451700000,0.99977654,-0.0073637944,-0.00059949665,-0.020034125,0.0,0.0,0.0,0.0,0,26.78
451720000,451720000,0.9997759,-0.0073284702,-0.00059477304,-0.020079,0.0,0.0,0.0,0.0,0,26.8
451740000,451740000,0.9997754,-0.007284524,-0.00057715655,-0.020120645,0.0,0.0,0.0,0.0,0,26.82
451760000,451760000,0.99977505,-0.007233353,-0.000550523,-0.020158557,0.0,0.0,0.0,0.0,0,26.84
451780000,451780000,0.99977475,-0.007179413,-0.00052067277,-0.020192575,0.0,0.0,0.0,0.0,0,26.86
451800000,451800000,0.9997746,-0.0071191047,-0.00049469,-0.020222958,0.0,0.0,0.0,0.0,0,26.88
451820000,451820000,0.9997746,-0.007044074,-0.00047010786,-0.02024969,0.0,0.0,0.0,0.0,0,26.9
451840000,451840000,0.99977475,-0.0069562187,-0.00043840273,-0.020272763,0.0,0.0,0.0,0.0,0,26.92
451860000,451860000,0.999775,-0.006861877,-0.00040349184,-0.020291958,0.0,0.0,0.0,0.0,0,26.94
451880000,451880000,0.9997754,-0.0067638992,-0.00036686956,-0.020307165,0.0,0.0,0.0,0.0,0,26.96
451900000,451900000,0.9997759,-0.0066629546,-0.00032472445,-0.020318298,0.0,0.0,0.0,0.0,0,26.98
451920000,451920000,0.9997764,-0.0065612784,-0.00028502653,-0.020325162,0.0,0.0,0.0,0.0,0,27.0
451940000,451940000,0.999777,-0.0064599277,-0.00023429075,-0.020327993,0.0,0.0,0.0,0.0,0,27.02
451960000,451960000,0.99977773,-0.0063583134,-0.00017631333,-0.020326912,0.0,0.0,0.0,0.0,0,27.04
451980000,451980000,0.99977845,-0.006255524,-0.00011548967,-0.020321963,0.0,0.0,0.0,0.0,0,27.06
452000000,452000000,0.9997793,-0.0061503993,-5.3865173e-05,-0.020313302,0.0,0.0,0.0,0.0,0,27.08
452020000,452020000,0.9997802,-0.006041246,7.701061e-06,-0.02030135,0.0,0.0,0.0,0.0,0,27.1
452040000,452040000,0.99978113,-0.005939006,6.815302e-05,-0.0202863,0.0,0.0,0.0,0.0,0,27.12
452060000,452060000,0.9997821,-0.0058385567,0.00012802317,-0.020268137,0.0,0.0,0.0,0.0,0,27.14
452080000,452080000,0.9997831,-0.005737392,0.00018645661,-0.020246683,0.0,0.0,0.0,0.0,0,27.16
452100000,452100000,0.9997842,-0.0056276238,0.00023690805,-0.020222226,0.0,0.0,0.0,0.0,0,27.18
452120000,452120000,0.9997854,-0.005502468,0.00027420442,-0.020195095,0.0,0.0,0.0,0.0,0,27.2
452140000,452140000,0.99978673,-0.005365601,0.00030281843,-0.020165851,0.0,0.0,0.0,0.0,0,27.22
452160000,452160000,0.99978817,-0.005221099,0.00032775017,-0.020134704,0.0,0.0,0.0,0.0,0,27.24
452180000,452180000,0.99978954,-0.005075093,0.00034856616,-0.020101562,0.0,0.0,0.0,0.0,0,27.26
452200000,452200000,0.9997909,-0.0049414337,0.00036786456,-0.020066861,0.0,0.0,0.0,0.0,0,27.28
452220000,452220000,0.9997922,-0.004819794,0.0003851406,-0.02003081,0.0,0.0,0.0,0.0,0,27.3
452240000,452240000,0.9997935,-0.0046962365,0.00040617335,-0.019993443,0.0,0.0,0.0,0.0,0,27.32
452260000,452260000,0.9997949,-0.0045672352,0.00042926287,-0.019954681,0.0,0.0,0.0,0.0,0,27.34
452280000,452280000,0.9997963,-0.004433153,0.00045393882,-0.019914992,0.0,0.0,0.0,0.0,0,27.36
452300000,452300000,0.9997977,-0.0042888513,0.00047458,-0.019874888,0.0,0.0,0.0,0.0,0,27.38
452320000,452320000,0.99979913,-0.0041360087,0.0004928845,-0.01983477,0.0,0.0,0.0,0.0,0,27.4
452340000,452340000,0.99980056,-0.0039793127,0.0005068782,-0.019794418,0.0,0.0,0.0,0.0,0,27.42
452360000,452360000,0.99980193,-0.0038315314,0.00051569764,-0.019754102,0.0,0.0,0.0,0.0,0,27.44
452380000,452380000,0.99980325,-0.0036888905,0.00053756667,-0.01971423,0.0,0.0,0.0,0.0,0,27.46
452400000,452400000,0.99980456,-0.003546928,0.00056706567,-0.019675013,0.0,0.0,0.0,0.0,0,27.48
452420000,452420000,0.99980575,-0.0034095047,0.00058685464,-0.01963658,0.0,0.0,0.0,0.0,0,27.5
452440000,452440000,0.99980694,-0.003273232,0.00059986557,-0.019598583,0.0,0.0,0.0,0.0,0,27.52
452460000,452460000,0.99980813,-0.0031341505,0.00061086984,-0.019561026,0.0,0.0,0.0,0.0,0,27.54
452480000,452480000,0.99980927,-0.0029918395,0.00062306074,-0.019524,0.0,0.0,0.0,0.0,0,27.56
452500000,452500000,0.9998104,-0.0028513882,0.0006439068,-0.019487886,0.0,0.0,0.0,0.0,0,27.58
452520000,452520000,0.9998114,-0.0027093517,0.0006703559,-0.019452775,0.0,0.0,0.0,0.0,0,27.6
452540000,452540000,0.9998124,-0.0025642093,0.00070165086,-0.01941899,0.0,0.0,0.0,0.0,0,27.62
452560000,452560000,0.9998134,-0.002422106,0.0007440464,-0.019386603,0.0,0.0,0.0,0.0,0,27.64
452580000,452580000,0.9998143,-0.0022804847,0.0007936672,-0.019355986,0.0,0.0,0.0,0.0,0,27.66
452600000,452600000,0.9998151,-0.0021365583,0.00084520003,-0.019327227,0.0,0.0,0.0,0.0,0,27.68
452620000,452620000,0.9998159,-0.0019893735,0.00089519547,-0.019300321,0.0,0.0,0.0,0.0,0,27.7
452640000,452640000,0.99981666,-0.0018429278,0.00093851745,-0.019274909,0.0,0.0,0.0,0.0,0,27.72
452660000,452660000,0.9998173,-0.001692154,0.0009789317,-0.019251063,0.0,0.0,0.0,0.0,0,27.74
452680000,452680000,0.99981797,-0.0015337411,0.0010229354,-0.019228838,0.0,0.0,0.0,0.0,0,27.76
452700000,452700000,0.99981856,-0.001382485,0.0010632159,-0.01920833,0.0,0.0,0.0,0.0,0,27.78
452720000,452720000,0.99981904,-0.0012389222,0.0011021261,-0.019189605,0.0,0.0,0.0,0.0,0,27.8
452740000,452740000,0.99981946,-0.0010945093,0.0011410858,-0.019172829,0.0,0.0,0.0,0.0,0,27.82
452760000,452760000,0.9998199,-0.00094542943,0.0011799536,-0.019158045,0.0,0.0,0.0,0.0,0,27.84
452780000,452780000,0.99982023,-0.0007891969,0.0012188165,-0.019145265,0.0,0.0,0.0,0.0,0,27.86
452800000,452800000,0.9998205,-0.0006273917,0.0012556141,-0.01913424,0.0,0.0,0.0,0.0,0,27.88
452820000,452820000,0.9998207,-0.00046319253,0.0012871403,-0.019124864,0.0,0.0,0.0,0.0,0,27.9
452840000,452840000,0.9998209,-0.00030574301,0.0013218002,-0.01911697,0.0,0.0,0.0,0.0,0,27.92
452860000,452860000,0.999821,-0.0001583142,0.001352464,-0.01911037,0.0,0.0,0.0,0.0,0,27.94
452880000,452880000,0.99982107,-2.395631e-05,0.0013781574,-0.019105362,0.0,0.0,0.0,0.0,0,27.96
452900000,452900000,0.9998211,9.782054e-05,0.0014027546,-0.019101935,0.0,0.0,0.0,0.0,0,27.98
452920000,452920000,0.99982107,0.00020338586,0.0014317178,-0.019100083,0.0,0.0,0.0,0.0,0,28.0
452940000,452940000,0.999821,0.00029205973,0.0014637983,-0.019099643,0.0,0.0,0.0,0.0,0,28.02
452960000,452960000,0.99982095,0.00037640188,0.0015006968,-0.01910015,0.0,0.0,0.0,0.0,0,28.04
452980000,452980000,0.9998208,0.00047400803,0.0015294297,-0.01910151,0.0,0.0,0.0,0.0,0,28.06
453000000,453000000,0.9998207,0.00057814055,0.00155791,-0.019103704,0.0,0.0,0.0,0.0,0,28.08
453020000,453020000,0.9998205,0.00068778393,0.001588293,-0.019107241,0.0,0.0,0.0,0.0,0,28.1
453040000,453040000,0.9998203,0.000802746,0.0016162544,-0.01911213,0.0,0.0,0.0,0.0,0,28.12
453060000,453060000,0.99982,0.00091704825,0.0016352002,-0.01911835,0.0,0.0,0.0,0.0,0,28.14
453080000,453080000,0.99981976,0.0010294245,0.0016516501,-0.019125665,0.0,0.0,0.0,0.0,0,28.16
453100000,453100000,0.99981946,0.0011328883,0.0016700972,-0.019133866,0.0,0.0,0.0,0.0,0,28.18
453120000,453120000,0.99981916,0.001228379,0.0016823018,-0.019143026,0.0,0.0,0.0,0.0,0,28.2
453140000,453140000,0.9998188,0.0013227169,0.0016890612,-0.019153163,0.0,0.0,0.0,0.0,0,28.22
453160000,453160000,0.9998185,0.0014107331,0.0016834752,-0.019164238,0.0,0.0,0.0,0.0,0,28.24
453180000,453180000,0.99981815,0.0014939571,0.0016785417,-0.019176316,0.0,0.0,0.0,0.0,0,28.26
453200000,453200000,0.9998178,0.0015727215,0.0016811201,-0.019188847,0.0,0.0,0.0,0.0,0,28.28
453220000,453220000,0.9998174,0.0016537335,0.0016863425,-0.019201495,0.0,0.0,0.0,0.0,0,28.3
453240000,453240000,0.999817,0.0017385227,0.0016930759,-0.019214444,0.0,0.0,0.0,0.0,0,28.32
453260000,453260000,0.99981654,0.0018206765,0.00170757,-0.019227795,0.0,0.0,0.0,0.0,0,28.34
453280000,453280000,0.9998161,0.0019024197,0.001722438,-0.019241208,0.0,0.0,0.0,0.0,0,28.36
453300000,453300000,0.9998157,0.0019820528,0.0017390479,-0.019254565,0.0,0.0,0.0,0.0,0,28.38
453320000,453320000,0.9998153,0.0020540773,0.0017479655,-0.019267453,0.0,0.0,0.0,0.0,0,28.4
453340000,453340000,0.99981487,0.00211673,0.0017546937,-0.019280382,0.0,0.0,0.0,0.0,0,28.42
453360000,453360000,0.9998145,0.002172522,0.0017575431,-0.019293195,0.0,0.0,0.0,0.0,0,28.44
453380000,453380000,0.99981415,0.0022225028,0.001760812,-0.0193064,0.0,0.0,0.0,0.0,0,28.46
453400000,453400000,0.9998138,0.0022712613,0.0017594128,-0.019319713,0.0,0.0,0.0,0.0,0,28.48
453420000,453420000,0.99981344,0.0023081366,0.0017517285,-0.019333247,0.0,0.0,0.0,0.0,0,28.5
453440000,453440000,0.99981314,0.0023374057,0.0017497584,-0.019347217,0.0,0.0,0.0,0.0,0,28.52
453460000,453460000,0.9998128,0.0023666108,0.0017392423,-0.019361366,0.0,0.0,0.0,0.0,0,28.54
453480000,453480000,0.9998125,0.0023977647,0.0017128115,-0.019375803,0.0,0.0,0.0,0.0,0,28.56
453500000,453500000,0.9998121,0.002431803,0.0016952631,-0.019390456,0.0,0.0,0.0,0.0,0,28.58
453520000,453520000,0.9998118,0.0024611042,0.0016798839,-0.019405572,0.0,0.0,0.0,0.0,0,28.6
453540000,453540000,0.9998115,0.0024846108,0.0016570415,-0.019421015,0.0,0.0,0.0,0.0,0,28.62
453560000,453560000,0.9998112,0.0025080882,0.0016282133,-0.019436521,0.0,0.0,0.0,0.0,0,28.64
453580000,453580000,0.9998109,0.0025347725,0.001594746,-0.019452007,0.0,0.0,0.0,0.0,0,28.66
453600000,453600000,0.9998105,0.0025661627,0.001557279,-0.019467438,0.0,0.0,0.0,0.0,0,28.68
453620000,453620000,0.9998102,0.0026027393,0.0015159416,-0.019482793,0.0,0.0,0.0,0.0,0,28.7
453640000,453640000,0.99980986,0.0026447864,0.0014708797,-0.01949807,0.0,0.0,0.0,0.0,0,28.72
453660000,453660000,0.9998095,0.002692001,0.001422161,-0.019513164,0.0,0.0,0.0,0.0,0,28.74
453680000,453680000,0.99980915,0.002739428,0.0013750738,-0.019527799,0.0,0.0,0.0,0.0,0,28.76
453700000,453700000,0.9998088,0.0027878645,0.0013283367,-0.019542221,0.0,0.0,0.0,0.0,0,28.78
453720000,453720000,0.99980843,0.002839618,0.0012796354,-0.019556504,0.0,0.0,0.0,0.0,0,28.8
453740000,453740000,0.9998081,0.0028954798,0.0012276311,-0.019570684,0.0,0.0,0.0,0.0,0,28.82
453760000,453760000,0.9998077,0.002955901,0.001171968,-0.019584773,0.0,0.0,0.0,0.0,0,28.84
453780000,453780000,0.9998073,0.0030197124,0.0011132827,-0.019598616,0.0,0.0,0.0,0.0,0,28.86
453800000,453800000,0.9998069,0.0030833192,0.00105547,-0.019611921,0.0,0.0,0.0,0.0,0,28.88
453820000,453820000,0.9998065,0.0031402889,0.0010046219,-0.019624561,0.0,0.0,0.0,0.0,0,28.9
453840000,453840000,0.99980617,0.0031948297,0.00095649256,-0.01963692,0.0,0.0,0.0,0.0,0,28.92
453860000,453860000,0.9998058,0.003250442,0.00090688735,-0.01964912,0.0,0.0,0.0,0.0,0,28.94
453880000,453880000,0.9998054,0.0033087265,0.0008542478,-0.019661214,0.0,0.0,0.0,0.0,0,28.96
453900000,453900000,0.99980503,0.00337009,0.0007973495,-0.01967319,0.0,0.0,0.0,0.0,0,28.98
453920000,453920000,0.9998046,0.0034324278,0.0007360435,-0.01968487,0.0,0.0,0.0,0.0,0,29.0
453940000,453940000,0.99980426,0.0034943358,0.0006728688,-0.01969626,0.0,0.0,0.0,0.0,0,29.02
453960000,453960000,0.9998039,0.0035464477,0.00060969905,-0.019707115,0.0,0.0,0.0,0.0,0,29.04
453980000,453980000,0.9998036,0.0035796484,0.0005393211,-0.01971814,0.0,0.0,0.0,0.0,0,29.06
454000000,454000000,0.9998033,0.0036007413,0.0004601074,-0.019728841,0.0,0.0,0.0,0.0,0,29.08
454020000,454020000,0.9998031,0.003613164,0.00037912925,-0.019738803,0.0,0.0,0.0,0.0,0,29.1
454040000,454040000,0.99980295,0.0036205438,0.00029732168,-0.019747775,0.0,0.0,0.0,0.0,0,29.12
454060000,454060000,0.9998028,0.0036211312,0.0002184498,-0.019755565,0.0,0.0,0.0,0.0,0,29.14
454080000,454080000,0.9998027,0.003619594,0.00013792678,-0.019762129,0.0,0.0,0.0,0.0,0,29.16
454100000,454100000,0.99980265,0.003612196,5.4177213e-05,-0.019767491,0.0,0.0,0.0,0.0,0,29.18
454120000,454120000,0.9998026,0.0035971655,-2.9191902e-05,-0.019771531,0.0,0.0,0.0,0.0,0,29.2
454140000,454140000,0.99980265,0.00357244,-0.000107609594,-0.01977442,0.0,0.0,0.0,0.0,0,29.22
454160000,454160000,0.9998027,0.0035377296,-0.00018167538,-0.01977629,0.0,0.0,0.0,0.0,0,29.24
454180000,454180000,0.99980277,0.0034993778,-0.00027295662,-0.0197778,0.0,0.0,0.0,0.0,0,29.26
454200000,454200000,0.9998029,0.0034593449,-0.00036079297,-0.019779164,0.0,0.0,0.0,0.0,0,29.28
454220000,454220000,0.99980295,0.0034171536,-0.0004325103,-0.01978016,0.0,0.0,0.0,0.0,0,29.3
454240000,454240000,0.9998031,0.0033628335,-0.00049970474,-0.01978052,0.0,0.0,0.0,0.0,0,29.32
454260000,454260000,0.9998033,0.0032973944,-0.00057563646,-0.019780386,0.0,0.0,0.0,0.0,0,29.34
454280000,454280000,0.9998035,0.0032283894,-0.0006460724,-0.019780101,0.0,0.0,0.0,0.0,0,29.36
454300000,454300000,0.9998037,0.0031503113,-0.0007134058,-0.01977969,0.0,0.0,0.0,0.0,0,29.38
454320000,454320000,0.9998039,0.0030680965,-0.00079330924,-0.019779144,0.0,0.0,0.0,0.0,0,29.4
454340000,454340000,0.99980414,0.0029848774,-0.0008621083,-0.019778453,0.0,0.0,0.0,0.0,0,29.42
454360000,454360000,0.9998043,0.0028998393,-0.0009155211,-0.019777862,0.0,0.0,0.0,0.0,0,29.44
454380000,454380000,0.99980456,0.0028126563,-0.0009776452,-0.019777322,0.0,0.0,0.0,0.0,0,29.46
454400000,454400000,0.99980474,0.002721565,-0.0010350518,-0.019776974,0.0,0.0,0.0,0.0,0,29.48
454420000,454420000,0.9998049,0.0026287693,-0.0010865071,-0.019776585,0.0,0.0,0.0,0.0,0,29.5
454440000,454440000,0.99980515,0.0025263731,-0.0011330871,-0.019776098,0.0,0.0,0.0,0.0,0,29.52
454460000,454460000,0.99980533,0.002421484,-0.0011844618,-0.019775847,0.0,0.0,0.0,0.0,0,29.54
454480000,454480000,0.9998055,0.0023158363,-0.001240881,-0.019776108,0.0,0.0,0.0,0.0,0,29.56
454500000,454500000,0.9998057,0.0022125666,-0.0012988974,-0.019777238,0.0,0.0,0.0,0.0,0,29.58
454520000,454520000,0.9998058,0.0021166916,-0.0013534508,-0.019778665,0.0,0.0,0.0,0.0,0,29.6
454540000,454540000,0.99980587,0.0020179814,-0.001399607,-0.019779876,0.0,0.0,0.0,0.0,0,29.62
454560000,454560000,0.999806,0.0019127373,-0.0014386069,-0.0197815,0.0,0.0,0.0,0.0,0,29.64
454580000,454580000,0.9998061,0.0018008124,-0.0014793994,-0.019783262,0.0,0.0,0.0,0.0,0,29.66
454600000,454600000,0.9998062,0.001687037,-0.0015219046,-0.019785412,0.0,0.0,0.0,0.0,0,29.68
454620000,454620000,0.9998063,0.0015819628,-0.0015573872,-0.019788211,0.0,0.0,0.0,0.0,0,29.7
454640000,454640000,0.99980634,0.0014834135,-0.0015890392,-0.019791208,0.0,0.0,0.0,0.0,0,29.72
454660000,454660000,0.99980634,0.001386655,-0.0016213026,-0.019794289,0.0,0.0,0.0,0.0,0,29.74
454680000,454680000,0.99980634,0.0012894596,-0.0016558281,-0.019797496,0.0,0.0,0.0,0.0,0,29.76
454700000,454700000,0.99980634,0.001188506,-0.0016907855,-0.019800916,0.0,0.0,0.0,0.0,0,29.78
454720000,454720000,0.99980634,0.0010870647,-0.0017244441,-0.01980459,0.0,0.0,0.0,0.0,0,29.8
454740000,454740000,0.9998063,0.0009849778,-0.0017587396,-0.019808464,0.0,0.0,0.0,0.0,0,29.82
454760000,454760000,0.9998063,0.00088473357,-0.0017855089,-0.019813173,0.0,0.0,0.0,0.0,0,29.84
454780000,454780000,0.9998062,0.0007825696,-0.0018026109,-0.019818353,0.0,0.0,0.0,0.0,0,29.86
454800000,454800000,0.99980617,0.0006810111,-0.001814601,-0.019823946,0.0,0.0,0.0,0.0,0,29.88
454820000,454820000,0.9998061,0.000581484,-0.0018180271,-0.019830447,0.0,0.0,0.0,0.0,0,29.9
454840000,454840000,0.99980605,0.00048243869,-0.0018027216,-0.019837914,0.0,0.0,0.0,0.0,0,29.92
454860000,454860000,0.9998059,0.00038404387,-0.001779464,-0.019845571,0.0,0.0,0.0,0.0,0,29.94
454880000,454880000,0.99980587,0.00028875298,-0.0017584384,-0.019853543,0.0,0.0,0.0,0.0,0,29.96
454900000,454900000,0.99980575,0.00019491464,-0.0017411493,-0.019861633,0.0,0.0,0.0,0.0,0,29.98
454920000,454920000,0.9998057,0.00010050373,-0.0017135523,-0.01986953,0.0,0.0,0.0,0.0,0,30.0
454940000,454940000,0.99980557,1.3636211e-05,-0.0016777226,-0.019877307,0.0,0.0,0.0,0.0,0,30.02
454960000,454960000,0.99980545,-6.829762e-05,-0.0016406733,-0.019885149,0.0,0.0,0.0,0.0,0,30.04
454980000,454980000,0.9998054,-0.00014644027,-0.0015899588,-0.01989283,0.0,0.0,0.0,0.0,0,30.06
455000000,455000000,0.99980533,-0.00021058737,-0.001536562,-0.019900749,0.0,0.0,0.0,0.0,0,30.08
455020000,455020000,0.9998052,-0.00026385955,-0.0014840594,-0.019909045,0.0,0.0,0.0,0.0,0,30.1
455040000,455040000,0.9998051,-0.0003214621,-0.0014223165,-0.019917822,0.0,0.0,0.0,0.0,0,30.12
455060000,455060000,0.99980503,-0.00037140155,-0.0013512414,-0.01992683,0.0,0.0,0.0,0.0,0,30.14
455080000,455080000,0.9998049,-0.00040566758,-0.0012793181,-0.019936474,0.0,0.0,0.0,0.0,0,30.16
455100000,455100000,0.9998048,-0.00042928813,-0.0012101674,-0.019946793,0.0,0.0,0.0,0.0,0,30.18
455120000,455120000,0.9998046,-0.00045181616,-0.0011336275,-0.019957906,0.0,0.0,0.0,0.0,0,30.2
455140000,455140000,0.99980444,-0.0004806627,-0.0010600054,-0.019970035,0.0,0.0,0.0,0.0,0,30.22
455160000,455160000,0.99980426,-0.00050645386,-0.0009818705,-0.019983163,0.0,0.0,0.0,0.0,0,30.24
455180000,455180000,0.999804,-0.0005271387,-0.0008984821,-0.019997261,0.0,0.0,0.0,0.0,0,30.26
455200000,455200000,0.9998038,-0.00055672013,-0.0008232909,-0.020012334,0.0,0.0,0.0,0.0,0,30.28
455220000,455220000,0.99980354,-0.0005850732,-0.0007470649,-0.020028396,0.0,0.0,0.0,0.0,0,30.3
455240000,455240000,0.99980325,-0.0006086457,-0.00065834704,-0.020045027,0.0,0.0,0.0,0.0,0,30.32
455260000,455260000,0.99980295,-0.00063474866,-0.00057829404,-0.020061862,0.0,0.0,0.0,0.0,0,30.34
455280000,455280000,0.9998026,-0.00065277214,-0.00051327766,-0.020078965,0.0,0.0,0.0,0.0,0,30.36
455300000,455300000,0.9998023,-0.0006611351,-0.00044329133,-0.020096151,0.0,0.0,0.0,0.0,0,30.38
455320000,455320000,0.99980193,-0.0006772117,-0.00036416066,-0.02011345,0.0,0.0,0.0,0.0,0,30.4
455340000,455340000,0.99980164,-0.000698572,-0.0002918367,-0.020130362,0.0,0.0,0.0,0.0,0,30.42
455360000,455360000,0.99980134,-0.0007151632,-0.00021867256,-0.020146634,0.0,0.0,0.0,0.0,0,30.44
455380000,455380000,0.999801,-0.00073117303,-0.00014767902,-0.020162456,0.0,0.0,0.0,0.0,0,30.46
455400000,455400000,0.9998007,-0.00075163704,-8.858368e-05,-0.020178197,0.0,0.0,0.0,0.0,0,30.48
455420000,455420000,0.9998003,-0.0007715304,-4.5105746e-05,-0.020193825,0.0,0.0,0.0,0.0,0,30.5
455440000,455440000,0.9998,-0.0007898632,-7.845051e-06,-0.02020923,0.0,0.0,0.0,0.0,0,30.52
455460000,455460000,0.99979967,-0.0008089511,2.6991003e-05,-0.020224525,0.0,0.0,0.0,0.0,0,30.54
455480000,455480000,0.9997994,-0.00082695775,5.692771e-05,-0.020239355,0.0,0.0,0.0,0.0,0,30.56
455500000,455500000,0.9997991,-0.00084113376,7.9142315e-05,-0.020253897,0.0,0.0,0.0,0.0,0,30.58
455520000,455520000,0.9997978,-0.00037553383,0.0014489212,-0.020278042,0.0,0.0,0.0,0.0,0,30.6
455540000,455540000,0.9997645,0.0021108973,0.00790161,-0.020324826,0.0,0.0,0.0,0.0,0,30.62
455560000,455560000,0.9996323,0.0063445694,0.016964283,-0.020402856,0.0,0.0,0.0,0.0,0,30.64
455580000,455580000,0.99939805,0.011370696,0.025736406,-0.020519262,0.0,0.0,0.0,0.0,0,30.66
455600000,455600000,0.99905807,0.016626237,0.03447653,-0.020664556,0.0,0.0,0.0,0.0,0,30.68
455620000,455620000,0.9986035,0.021955596,0.043403514,-0.02083714,0.0,0.0,0.0,0.0,0,30.7
455640000,455640000,0.9980584,0.027199041,0.052018523,-0.021043973,0.0,0.0,0.0,0.0,0,30.72
455660000,455660000,0.9974584,0.03221356,0.059957586,-0.021288801,0.0,0.0,0.0,0.0,0,30.74
455680000,455680000,0.9968287,0.036939386,0.06717015,-0.02157074,0.0,0.0,0.0,0.0,0,30.76
455700000,455700000,0.99618524,0.041302092,0.07375204,-0.0218822,0.0,0.0,0.0,0.0,0,30.78
455720000,455720000,0.9955437,0.045289915,0.07973038,-0.022220636,0.0,0.0,0.0,0.0,0,30.8
455740000,455740000,0.9949188,0.04891419,0.08510513,-0.02258553,0.0,0.0,0.0,0.0,0,30.82
455760000,455760000,0.9943211,0.052160963,0.08992308,-0.022971481,0.0,0.0,0.0,0.0,0,30.84
455780000,455780000,0.993754,0.05506727,0.09425105,-0.023375468,0.0,0.0,0.0,0.0,0,30.86
455800000,455800000,0.9932217,0.0576607,0.09812655,-0.023795659,0.0,0.0,0.0,0.0,0,30.88
455820000,455820000,0.99272835,0.05995064,0.101579465,-0.024228448,0.0,0.0,0.0,0.0,0,30.9
455840000,455840000,0.9922733,0.061976437,0.10465681,-0.024672082,0.0,0.0,0.0,0.0,0,30.92
455860000,455860000,0.9918558,0.063757844,0.107401095,-0.025122961,0.0,0.0,0.0,0.0,0,30.94
455880000,455880000,0.9914754,0.0653213,0.1098386,-0.025579063,0.0,0.0,0.0,0.0,0,30.96
455900000,455900000,0.99112874,0.066701755,0.112008095,-0.026038975,0.0,0.0,0.0,0.0,0,30.98
455920000,455920000,0.990815,0.06791014,0.11393331,-0.026499854,0.0,0.0,0.0,0.0,0,31.0
455940000,455940000,0.9905073,0.069030434,0.11581235,-0.026956087,0.0,0.0,0.0,0.0,0,31.02
455960000,455960000,0.9900543,0.07050605,0.11866104,-0.027386392,0.0,0.0,0.0,0.0,0,31.04
455980000,455980000,0.9892694,0.07288584,0.12357638,-0.027779497,0.0,0.0,0.0,0.0,0,31.06
456000000,456000000,0.98806906,0.076458804,0.13072576,-0.028169036,0.0,0.0,0.0,0.0,0,31.08
456020000,456020000,0.9864757,0.08115674,0.1395345,-0.028608559,0.0,0.0,0.0,0.0,0,31.1
456040000,456040000,0.98450726,0.08679347,0.14957668,-0.029125651,0.0,0.0,0.0,0.0,0,31.12
456060000,456060000,0.9821349,0.09327743,0.16073333,-0.029736761,0.0,0.0,0.0,0.0,0,31.14
456080000,456080000,0.97935337,0.10040458,0.1728233,-0.030448847,0.0,0.0,0.0,0.0,0,31.16
456100000,456100000,0.9761823,0.10801886,0.18555363,-0.031288676,0.0,0.0,0.0,0.0,0,31.18
456120000,456120000,0.97274286,0.11579697,0.19831552,-0.0322871,0.0,0.0,0.0,0.0,0,31.2
456140000,456140000,0.96918935,0.12344851,0.21052644,-0.03346909,0.0,0.0,0.0,0.0,0,31.22
456160000,456160000,0.96561927,0.13083625,0.22193733,-0.034846373,0.0,0.0,0.0,0.0,0,31.24
456180000,456180000,0.9621241,0.13777821,0.2324186,-0.03640083,0.0,0.0,0.0,0.0,0,31.26
456200000,456200000,0.95874816,0.14421333,0.24199362,-0.038114015,0.0,0.0,0.0,0.0,0,31.28
456220000,456220000,0.9555739,0.15003394,0.25055885,-0.039971378,0.0,0.0,0.0,0.0,0,31.3
456240000,456240000,0.95270354,0.15514544,0.25794092,-0.04196916,0.0,0.0,0.0,0.0,0,31.32
456260000,456260000,0.9502164,0.15947619,0.26404735,-0.044093084,0.0,0.0,0.0,0.0,0,31.34
456280000,456280000,0.94814974,0.16301148,0.26889133,-0.046323348,0.0,0.0,0.0,0.0,0,31.36
456300000,456300000,0.94651127,0.16574979,0.2725579,-0.048628554,0.0,0.0,0.0,0.0,0,31.38
456320000,456320000,0.9452984,0.1677251,0.2751156,-0.050988413,0.0,0.0,0.0,0.0,0,31.4
456340000,456340000,0.94450253,0.16896068,0.27663562,-0.0533768,0.0,0.0,0.0,0.0,0,31.42
456360000,456360000,0.94410914,0.16949978,0.27717537,-0.055773433,0.0,0.0,0.0,0.0,0,31.44
456380000,456380000,0.94410557,0.16937666,0.27677208,-0.058159355,0.0,0.0,0.0,0.0,0,31.46
456400000,456400000,0.94447136,0.16861686,0.27548116,-0.060509805,0.0,0.0,0.0,0.0,0,31.48
456420000,456420000,0.94518495,0.16726263,0.27333632,-0.06280914,0.0,0.0,0.0,0.0,0,31.5
456440000,456440000,0.9462205,0.16534476,0.27038357,-0.065036334,0.0,0.0,0.0,0.0,0,31.52
456460000,456460000,0.9475545,0.16290714,0.26664147,-0.06717969,0.0,0.0,0.0,0.0,0,31.54
456480000,456480000,0.9491616,0.1599737,0.26214197,-0.06922,0.0,0.0,0.0,0.0,0,31.56
456500000,456500000,0.9510097,0.15658751,0.2569215,-0.07114335,0.0,0.0,0.0,0.0,0,31.58
456520000,456520000,0.95307446,0.15275496,0.2510091,-0.07292802,0.0,0.0,0.0,0.0,0,31.6
456540000,456540000,0.95532626,0.14851737,0.24442492,-0.07456487,0.0,0.0,0.0,0.0,0,31.62
456560000,456560000,0.9577371,0.14387354,0.23720951,-0.07603182,0.0,0.0,0.0,0.0,0,31.64
456580000,456580000,0.960273,0.13887836,0.22938722,-0.077324435,0.0,0.0,0.0,0.0,0,31.66
456600000,456600000,0.9629011,0.13352767,0.22102323,-0.07841987,0.0,0.0,0.0,0.0,0,31.68
456620000,456620000,0.96559376,0.12787187,0.21212035,-0.07931914,0.0,0.0,0.0,0.0,0,31.7
456640000,456640000,0.9683195,0.121909425,0.20274092,-0.08000452,0.0,0.0,0.0,0.0,0,31.72
456660000,456660000,0.97105396,0.11567881,0.19288607,-0.08047805,0.0,0.0,0.0,0.0,0,31.74
456680000,456680000,0.97376096,0.109196424,0.18264152,-0.08072746,0.0,0.0,0.0,0.0,0,31.76
456700000,456700000,0.97642076,0.102486975,0.17200722,-0.0807557,0.0,0.0,0.0,0.0,0,31.78
456720000,456720000,0.97899777,0.09558217,0.16108131,-0.080556676,0.0,0.0,0.0,0.0,0,31.8
456740000,456740000,0.9814777,0.08848237,0.14986749,-0.08013272,0.0,0.0,0.0,0.0,0,31.82
456760000,456760000,0.9838304,0.08124585,0.13844696,-0.079488166,0.0,0.0,0.0,0.0,0,31.84
456780000,456780000,0.986044,0.07386233,0.126841,-0.07862617,0.0,0.0,0.0,0.0,0,31.86
456800000,456800000,0.98809445,0.06640364,0.11512593,-0.07755684,0.0,0.0,0.0,0.0,0,31.88
456820000,456820000,0.98997414,0.058853813,0.10332983,-0.07628528,0.0,0.0,0.0,0.0,0,31.9
456840000,456840000,0.99166834,0.051282562,0.091510795,-0.074825644,0.0,0.0,0.0,0.0,0,31.92
456860000,456860000,0.9931712,0.043673325,0.079728164,-0.07318532,0.0,0.0,0.0,0.0,0,31.94
456880000,456880000,0.99447644,0.036091134,0.06802875,-0.07138068,0.0,0.0,0.0,0.0,0,31.96
456900000,456900000,0.99558395,0.028519766,0.056469455,-0.069422916,0.0,0.0,0.0,0.0,0,31.98
456920000,456920000,0.99649435,0.021020757,0.0450877,-0.06732982,0.0,0.0,0.0,0.0,0,32.0
456940000,456940000,0.9972131,0.013574533,0.033923797,-0.06511553,0.0,0.0,0.0,0.0,0,32.02
456960000,456960000,0.99774605,0.0062413714,0.023006408,-0.06279858,0.0,0.0,0.0,0.0,0,32.04
456980000,456980000,0.99810165,-0.000976831,0.012393946,-0.06039517,0.0,0.0,0.0,0.0,0,32.06
457000000,457000000,0.9982911,-0.008031579,0.0021074754,-0.057923425,0.0,0.0,0.0,0.0,0,32.08
457020000,457020000,0.99832606,-0.01494865,-0.007842292,-0.055400155,0.0,0.0,0.0,0.0,0,32.1
457040000,457040000,0.99821985,-0.021674376,-0.017440397,-0.05284183,0.0,0.0,0.0,0.0,0,32.12
457060000,457060000,0.9979863,-0.028208936,-0.026647205,-0.050265428,0.0,0.0,0.0,0.0,0,32.14
457080000,457080000,0.9976396,-0.034525152,-0.035474375,-0.047685944,0.0,0.0,0.0,0.0,0,32.16
457100000,457100000,0.9971926,-0.040641885,-0.043914378,-0.045119815,0.0,0.0,0.0,0.0,0,32.18
457120000,457120000,0.99666023,-0.04651986,-0.051964812,-0.042579923,0.0,0.0,0.0,0.0,0,32.2
457140000,457140000,0.9960559,-0.0521698,-0.0596116,-0.04008111,0.0,0.0,0.0,0.0,0,32.22
457160000,457160000,0.9953934,-0.057570122,-0.06686045,-0.037635125,0.0,0.0,0.0,0.0,0,32.24
457180000,457180000,0.9946838,-0.06273341,-0.07372214,-0.035253808,0.0,0.0,0.0,0.0,0,32.26
457200000,457200000,0.9939407,-0.06762975,-0.080198295,-0.03294607,0.0,0.0,0.0,0.0,0,32.28
457220000,457220000,0.99317354,-0.072276525,-0.08629982,-0.03072245,0.0,0.0,0.0,0.0,0,32.3
457240000,457240000,0.9923941,-0.07665806,-0.09202841,-0.028590748,0.0,0.0,0.0,0.0,0,32.32
457260000,457260000,0.9916107,-0.08078358,-0.09739561,-0.02655922,0.0,0.0,0.0,0.0,0,32.34
457280000,457280000,0.9908338,-0.0846406,-0.10240379,-0.024633776,0.0,0.0,0.0,0.0,0,32.36
457300000,457300000,0.9900678,-0.08824808,-0.10708154,-0.022820154,0.0,0.0,0.0,0.0,0,32.38
457320000,457320000,0.98932093,-0.09159594,-0.111432545,-0.021121992,0.0,0.0,0.0,0.0,0,32.4
457340000,457340000,0.9885986,-0.094690755,-0.115471564,-0.019542852,0.0,0.0,0.0,0.0,0,32.42
457360000,457360000,0.98790854,-0.097529694,-0.1191918,-0.01808536,0.0,0.0,0.0,0.0,0,32.44
457380000,457380000,0.9872522,-0.10012167,-0.122627206,-0.016748091,0.0,0.0,0.0,0.0,0,32.46
457400000,457400000,0.9866339,-0.10246574,-0.12578665,-0.015529744,0.0,0.0,0.0,0.0,0,32.48
457420000,457420000,0.98605335,-0.104573295,-0.12870198,-0.014427296,0.0,0.0,0.0,0.0,0,32.5
457440000,457440000,0.98551106,-0.10646137,-0.13138665,-0.013439712,0.0,0.0,0.0,0.0,0,32.52
457460000,457460000,0.9850016,-0.10815461,-0.13388683,-0.0125629,0.0,0.0,0.0,0.0,0,32.54
457480000,457480000,0.9845232,-0.10967075,-0.13622221,-0.011794523,0.0,0.0,0.0,0.0,0,32.56
457500000,457500000,0.9840703,-0.11102871,-0.13843234,-0.011130038,0.0,0.0,0.0,0.0,0,32.58
457520000,457520000,0.9836436,-0.11223748,-0.14051846,-0.0105677685,0.0,0.0,0.0,0.0,0,32.6
457540000,457540000,0.9832397,-0.11330739,-0.14250676,-0.010103418,0.0,0.0,0.0,0.0,0,32.62
457560000,457560000,0.98285913,-0.1142493,-0.14439288,-0.009736274,0.0,0.0,0.0,0.0,0,32.64
457580000,457580000,0.98250175,-0.11506925,-0.14618103,-0.009463766,0.0,0.0,0.0,0.0,0,32.66
457600000,457600000,0.98216695,-0.11577398,-0.14787616,-0.009283086,0.0,0.0,0.0,0.0,0,32.68
457620000,457620000,0.98185503,-0.11637119,-0.14947571,-0.009192562,0.0,0.0,0.0,0.0,0,32.7
457640000,457640000,0.98156565,-0.116860285,-0.15098734,-0.009187574,0.0,0.0,0.0,0.0,0,32.72
457660000,457660000,0.98130053,-0.11724725,-0.15239947,-0.009266352,0.0,0.0,0.0,0.0,0,32.74
457680000,457680000,0.9810612,-0.11752462,-0.15371141,-0.009423147,0.0,0.0,0.0,0.0,0,32.76
457700000,457700000,0.98084766,-0.11769864,-0.15492193,-0.009654981,0.0,0.0,0.0,0.0,0,32.78
457720000,457720000,0.9806595,-0.117775135,-0.15603174,-0.009958494,0.0,0.0,0.0,0.0,0,32.8
457740000,457740000,0.98049885,-0.11775189,-0.15703164,-0.010329813,0.0,0.0,0.0,0.0,0,32.82
457760000,457760000,0.9803657,-0.1176268,-0.15792513,-0.010763249,0.0,0.0,0.0,0.0,0,32.84
457780000,457780000,0.980261,-0.117397964,-0.15870866,-0.011253765,0.0,0.0,0.0,0.0,0,32.86
457800000,457800000,0.98018485,-0.117070206,-0.15938033,-0.011797361,0.0,0.0,0.0,0.0,0,32.88
457820000,457820000,0.9801373,-0.11664333,-0.1599403,-0.012389031,0.0,0.0,0.0,0.0,0,32.9
457840000,457840000,0.9801169,-0.11612089,-0.16039436,-0.0130231595,0.0,0.0,0.0,0.0,0,32.92
457860000,457860000,0.9801257,-0.11550285,-0.16073015,-0.013696144,0.0,0.0,0.0,0.0,0,32.94
457880000,457880000,0.9801627,-0.11479266,-0.1609517,-0.014402492,0.0,0.0,0.0,0.0,0,32.96
457900000,457900000,0.98022664,-0.11399429,-0.16106212,-0.015137092,0.0,0.0,0.0,0.0,0,32.98
457920000,457920000,0.9803176,-0.113109805,-0.1610591,-0.015895221,0.0,0.0,0.0,0.0,0,33.0
457940000,457940000,0.9804354,-0.11214089,-0.16094118,-0.016671745,0.0,0.0,0.0,0.0,0,33.02
457960000,457960000,0.98057824,-0.11109758,-0.1607101,-0.017462656,0.0,0.0,0.0,0.0,0,33.04
457980000,457980000,0.9807448,-0.109978266,-0.16037479,-0.018261405,0.0,0.0,0.0,0.0,0,33.06
458000000,458000000,0.98093605,-0.10878597,-0.15992403,-0.019064572,0.0,0.0,0.0,0.0,0,33.08
458020000,458020000,0.981152,-0.10752108,-0.15935627,-0.01986725,0.0,0.0,0.0,0.0,0,33.1
458040000,458040000,0.9813902,-0.10618887,-0.15867995,-0.020664398,0.0,0.0,0.0,0.0,0,33.12
458060000,458060000,0.9816495,-0.10479558,-0.1578955,-0.021452194,0.0,0.0,0.0,0.0,0,33.14
458080000,458080000,0.98192996,-0.10334239,-0.15699996,-0.022226635,0.0,0.0,0.0,0.0,0,33.16
458100000,458100000,0.9822288,-0.10183777,-0.15600151,-0.022983802,0.0,0.0,0.0,0.0,0,33.18
458120000,458120000,0.98254484,-0.100282535,-0.15490505,-0.023718556,0.0,0.0,0.0,0.0,0,33.2
458140000,458140000,0.9828779,-0.09868122,-0.15370569,-0.024427993,0.0,0.0,0.0,0.0,0,33.22
458160000,458160000,0.98322636,-0.0970316,-0.15241231,-0.025107156,0.0,0.0,0.0,0.0,0,33.24
458180000,458180000,0.983589,-0.09535027,-0.15101923,-0.025755946,0.0,0.0,0.0,0.0,0,33.26
458200000,458200000,0.98396367,-0.09364418,-0.14953224,-0.02637185,0.0,0.0,0.0,0.0,0,33.28
458220000,458220000,0.98434997,-0.09190837,-0.14795522,-0.02695078,0.0,0.0,0.0,0.0,0,33.3
458240000,458240000,0.9847467,-0.09015036,-0.14628817,-0.027490722,0.0,0.0,0.0,0.0,0,33.32
458260000,458260000,0.98515326,-0.088365845,-0.14453474,-0.027988411,0.0,0.0,0.0,0.0,0,33.34
458280000,458280000,0.98556775,-0.08656089,-0.14270075,-0.0284425,0.0,0.0,0.0,0.0,0,33.36
458300000,458300000,0.985988,-0.08473635,-0.1407981,-0.02885005,0.0,0.0,0.0,0.0,0,33.38
458320000,458320000,0.9864138,-0.08290595,-0.13881722,-0.029212605,0.0,0.0,0.0,0.0,0,33.4
458340000,458340000,0.9868437,-0.081065215,-0.13676673,-0.029527474,0.0,0.0,0.0,0.0,0,33.42
458360000,458360000,0.9872756,-0.079226136,-0.13465297,-0.029794952,0.0,0.0,0.0,0.0,0,33.44
458380000,458380000,0.9877091,-0.07737741,-0.13248332,-0.030012228,0.0,0.0,0.0,0.0,0,33.46
458400000,458400000,0.98814446,-0.07552852,-0.13024662,-0.030181523,0.0,0.0,0.0,0.0,0,33.48
458420000,458420000,0.9885797,-0.073681794,-0.12795351,-0.030302376,0.0,0.0,0.0,0.0,0,33.5
458440000,458440000,0.9890132,-0.07184106,-0.12561144,-0.030374825,0.0,0.0,0.0,0.0,0,33.52
458460000,458460000,0.9894445,-0.07000387,-0.123223536,-0.030398766,0.0,0.0,0.0,0.0,0,33.54
458480000,458480000,0.98987365,-0.068174124,-0.12078442,-0.03037601,0.0,0.0,0.0,0.0,0,33.56
458500000,458500000,0.9902989,-0.066351764,-0.11830518,-0.030306764,0.0,0.0,0.0,0.0,0,33.58
458520000,458520000,0.9907202,-0.06454026,-0.11578215,-0.030192778,0.0,0.0,0.0,0.0,0,33.6
458540000,458540000,0.99113613,-0.06273653,-0.11322708,-0.030033896,0.0,0.0,0.0,0.0,0,33.62
458560000,458560000,0.9915459,-0.06094112,-0.110643685,-0.029831467,0.0,0.0,0.0,0.0,0,33.64
458580000,458580000,0.9919497,-0.059157033,-0.10802751,-0.029587911,0.0,0.0,0.0,0.0,0,33.66
458600000,458600000,0.9923466,-0.05738263,-0.10538408,-0.029304625,0.0,0.0,0.0,0.0,0,33.68
458620000,458620000,0.9927346,-0.055624887,-0.10272765,-0.028983291,0.0,0.0,0.0,0.0,0,33.7
458640000,458640000,0.99311376,-0.05387529,-0.10006121,-0.028625065,0.0,0.0,0.0,0.0,0,33.72
458660000,458660000,0.9934845,-0.052136827,-0.09737731,-0.028232733,0.0,0.0,0.0,0.0,0,33.74
458680000,458680000,0.9938459,-0.05040188,-0.09468809,-0.027807089,0.0,0.0,0.0,0.0,0,33.76
458700000,458700000,0.9941972,-0.048675813,-0.09199822,-0.027350731,0.0,0.0,0.0,0.0,0,33.78
458720000,458720000,0.9945374,-0.046958152,-0.08931737,-0.026865592,0.0,0.0,0.0,0.0,0,33.8
458740000,458740000,0.9948677,-0.0452529,-0.08663136,-0.026355257,0.0,0.0,0.0,0.0,0,33.82
458760000,458760000,0.99518573,-0.04356205,-0.08396468,-0.02582115,0.0,0.0,0.0,0.0,0,33.84
458780000,458780000,0.9954918,-0.041892137,-0.08131293,-0.025266774,0.0,0.0,0.0,0.0,0,33.86
458800000,458800000,0.99578595,-0.040239617,-0.07867915,-0.024694245,0.0,0.0,0.0,0.0,0,33.88
458820000,458820000,0.99606836,-0.03861143,-0.07605844,-0.024106894,0.0,0.0,0.0,0.0,0,33.9
458840000,458840000,0.99633855,-0.03700475,-0.07346219,-0.023506593,0.0,0.0,0.0,0.0,0,33.92
458860000,458860000,0.996597,-0.035424888,-0.07088245,-0.022896571,0.0,0.0,0.0,0.0,0,33.94
458880000,458880000,0.99684304,-0.033874836,-0.06833125,-0.022279112,0.0,0.0,0.0,0.0,0,33.96
458900000,458900000,0.99707747,-0.03235195,-0.0658026,-0.021656984,0.0,0.0,0.0,0.0,0,33.98
458920000,458920000,0.99730015,-0.0308516,-0.06330323,-0.02103192,0.0,0.0,0.0,0.0,0,34.0
458940000,458940000,0.9975113,-0.02937349,-0.06083616,-0.020406278,0.0,0.0,0.0,0.0,0,34.02
458960000,458960000,0.99771065,-0.027922511,-0.058408894,-0.019782523,0.0,0.0,0.0,0.0,0,34.04
458980000,458980000,0.99789894,-0.026494274,-0.05601465,-0.019162895,0.0,0.0,0.0,0.0,0,34.06
459000000,459000000,0.99807644,-0.025090616,-0.053654917,-0.01854958,0.0,0.0,0.0,0.0,0,34.08
459020000,459020000,0.99824303,-0.023715088,-0.051337495,-0.017944464,0.0,0.0,0.0,0.0,0,34.1
459040000,459040000,0.99839884,-0.022370225,-0.04906546,-0.017349731,0.0,0.0,0.0,0.0,0,34.12
459060000,459060000,0.9985446,-0.021047236,-0.046837382,-0.016766738,0.0,0.0,0.0,0.0,0,34.14
459080000,459080000,0.998681,-0.019747512,-0.044643134,-0.01619746,0.0,0.0,0.0,0.0,0,34.16
459100000,459100000,0.998808,-0.018472143,-0.04249428,-0.015643047,0.0,0.0,0.0,0.0,0,34.18
459120000,459120000,0.9989255,-0.017221589,-0.040400267,-0.015105197,0.0,0.0,0.0,0.0,0,34.2
459140000,459140000,0.99903417,-0.015988978,-0.038360473,-0.014584833,0.0,0.0,0.0,0.0,0,34.22
459160000,459160000,0.9991344,-0.014782706,-0.03636833,-0.014083273,0.0,0.0,0.0,0.0,0,34.24
459180000,459180000,0.99922633,-0.01360409,-0.034435567,-0.013601878,0.0,0.0,0.0,0.0,0,34.26
459200000,459200000,0.9993107,-0.012451002,-0.032551058,-0.013141801,0.0,0.0,0.0,0.0,0,34.28
459220000,459220000,0.9993878,-0.011325562,-0.030716421,-0.012703984,0.0,0.0,0.0,0.0,0,34.3
459240000,459240000,0.99945813,-0.010234053,-0.028926391,-0.012289535,0.0,0.0,0.0,0.0,0,34.32
459260000,459260000,0.99952227,-0.009169599,-0.02717968,-0.011898635,0.0,0.0,0.0,0.0,0,34.34
459280000,459280000,0.9995804,-0.008132607,-0.025477309,-0.011531852,0.0,0.0,0.0,0.0,0,34.36
459300000,459300000,0.9996323,-0.007120611,-0.023842094,-0.011188907,0.0,0.0,0.0,0.0,0,34.38
459320000,459320000,0.9996789,-0.0061408365,-0.022256209,-0.0108704865,0.0,0.0,0.0,0.0,0,34.4
459340000,459340000,0.99972045,-0.00518516,-0.02072162,-0.010575921,0.0,0.0,0.0,0.0,0,34.42
459360000,459360000,0.99975723,-0.004250265,-0.019243754,-0.010305133,0.0,0.0,0.0,0.0,0,34.44
459380000,459380000,0.99978936,-0.003340672,-0.017833414,-0.0100584375,0.0,0.0,0.0,0.0,0,34.46
459400000,459400000,0.99981743,-0.002466769,-0.016475415,-0.00983578,0.0,0.0,0.0,0.0,0,34.48
459420000,459420000,0.99984175,-0.0016241416,-0.015168082,-0.009636998,0.0,0.0,0.0,0.0,0,34.5
459440000,459440000,0.99986273,-0.0008059972,-0.013907698,-0.009461292,0.0,0.0,0.0,0.0,0,34.52
459460000,459460000,0.99988055,-4.953954e-06,-0.012700784,-0.009308761,0.0,0.0,0.0,0.0,0,34.54
459480000,459480000,0.9998955,0.00076802896,-0.011541679,-0.009179158,0.0,0.0,0.0,0.0,0,34.56
459500000,459500000,0.99990785,0.00150593,-0.010429656,-0.00907187,0.0,0.0,0.0,0.0,0,34.58
459520000,459520000,0.99991786,0.0022162923,-0.0093659,-0.00898562,0.0,0.0,0.0,0.0,0,34.6
459540000,459540000,0.9999257,0.0028976651,-0.008352097,-0.008919955,0.0,0.0,0.0,0.0,0,34.62
459560000,459560000,0.9999317,0.003547189,-0.0073782452,-0.008873682,0.0,0.0,0.0,0.0,0,34.64
459580000,459580000,0.999936,0.0041694515,-0.006440888,-0.008846391,0.0,0.0,0.0,0.0,0,34.66
459600000,459600000,0.9999388,0.004764988,-0.0055433763,-0.0088369455,0.0,0.0,0.0,0.0,0,34.68
459620000,459620000,0.9999402,0.005340331,-0.004685745,-0.008844159,0.0,0.0,0.0,0.0,0,34.7
459640000,459640000,0.99994034,0.0058975867,-0.003870075,-0.00886747,0.0,0.0,0.0,0.0,0,34.72
459660000,459660000,0.9999395,0.0064134146,-0.0030989875,-0.008906119,0.0,0.0,0.0,0.0,0,34.74
459680000,459680000,0.99993783,0.0068968367,-0.0023662392,-0.008958667,0.0,0.0,0.0,0.0,0,34.76
459700000,459700000,0.99993545,0.007347202,-0.0016659623,-0.009023698,0.0,0.0,0.0,0.0,0,34.78
459720000,459720000,0.99993247,0.0077678873,-0.0010097376,-0.009100141,0.0,0.0,0.0,0.0,0,34.8
459740000,459740000,0.999929,0.00815436,-0.0003935725,-0.009187146,0.0,0.0,0.0,0.0,0,34.82
459760000,459760000,0.99992526,0.008502823,0.00019001162,-0.009284217,0.0,0.0,0.0,0.0,0,34.84
459780000,459780000,0.9999213,0.0088171335,0.00073354784,-0.009390362,0.0,0.0,0.0,0.0,0,34.86
459800000,459800000,0.99991727,0.0090948315,0.0012355412,-0.009504555,0.0,0.0,0.0,0.0,0,34.88
459820000,459820000,0.99991316,0.009339227,0.0017040274,-0.009625574,0.0,0.0,0.0,0.0,0,34.9
459840000,459840000,0.999909,0.009562545,0.0021367937,-0.009752319,0.0,0.0,0.0,0.0,0,34.92
459860000,459860000,0.9999049,0.009758527,0.0025441044,-0.009884103,0.0,0.0,0.0,0.0,0,34.94
459880000,459880000,0.99990076,0.009931055,0.0029234546,-0.010020178,0.0,0.0,0.0,0.0,0,34.96
459900000,459900000,0.99989676,0.010083264,0.0032645592,-0.010159772,0.0,0.0,0.0,0.0,0,34.98
459920000,459920000,0.999893,0.010205044,0.0035725469,-0.010301978,0.0,0.0,0.0,0.0,0,35.0
459940000,459940000,0.9998896,0.010290635,0.0038517886,-0.010446168,0.0,0.0,0.0,0.0,0,35.02
459960000,459960000,0.99988645,0.010353755,0.0041013793,-0.01059114,0.0,0.0,0.0,0.0,0,35.04
459980000,459980000,0.99988353,0.010397406,0.004317664,-0.010736212,0.0,0.0,0.0,0.0,0,35.06
460000000,460000000,0.99988097,0.010409609,0.0045127347,-0.010880534,0.0,0.0,0.0,0.0,0,35.08
460020000,460020000,0.99987876,0.010394557,0.004691901,-0.011023506,0.0,0.0,0.0,0.0,0,35.1
460040000,460040000,0.99987674,0.010359039,0.004859149,-0.011164612,0.0,0.0,0.0,0.0,0,35.12
460060000,460060000,0.999875,0.010308841,0.005001407,-0.011303434,0.0,0.0,0.0,0.0,0,35.14
460080000,460080000,0.9998736,0.010247505,0.005109157,-0.011439702,0.0,0.0,0.0,0.0,0,35.16
460100000,460100000,0.9998723,0.010170131,0.005198107,-0.011572981,0.0,0.0,0.0,0.0,0,35.18
460120000,460120000,0.9998714,0.010076606,0.0052721757,-0.011702862,0.0,0.0,0.0,0.0,0,35.2
460140000,460140000,0.99987066,0.009967569,0.005334985,-0.01182891,0.0,0.0,0.0,0.0,0,35.22
460160000,460160000,0.99987024,0.009838141,0.0053867465,-0.011950635,0.0,0.0,0.0,0.0,0,35.24
460180000,460180000,0.9998702,0.00968682,0.005415938,-0.012067192,0.0,0.0,0.0,0.0,0,35.26
460200000,460200000,0.99987036,0.009524467,0.005418076,-0.012178562,0.0,0.0,0.0,0.0,0,35.28
460220000,460220000,0.9998706,0.009364446,0.0054084156,-0.012284736,0.0,0.0,0.0,0.0,0,35.3
460240000,460240000,0.99987096,0.009211833,0.005382382,-0.012385058,0.0,0.0,0.0,0.0,0,35.32
460260000,460260000,0.99987143,0.00905893,0.0053380285,-0.012478889,0.0,0.0,0.0,0.0,0,35.34
460280000,460280000,0.999872,0.0088977795,0.0052821552,-0.012566051,0.0,0.0,0.0,0.0,0,35.36
460300000,460300000,0.9998728,0.008730425,0.0052262107,-0.012646605,0.0,0.0,0.0,0.0,0,35.38
460320000,460320000,0.99987376,0.008549788,0.005163873,-0.012720548,0.0,0.0,0.0,0.0,0,35.4
460340000,460340000,0.9998749,0.00836211,0.005079561,-0.0127881905,0.0,0.0,0.0,0.0,0,35.42
460360000,460360000,0.9998761,0.008182755,0.0049800547,-0.012849654,0.0,0.0,0.0,0.0,0,35.44
460380000,460380000,0.9998774,0.008001942,0.004869085,-0.012905286,0.0,0.0,0.0,0.0,0,35.46
460400000,460400000,0.9998788,0.007817589,0.0047389884,-0.012954841,0.0,0.0,0.0,0.0,0,35.48
460420000,460420000,0.99988043,0.007620817,0.0046070227,-0.01299804,0.0,0.0,0.0,0.0,0,35.5
460440000,460440000,0.9998821,0.0074154073,0.004468401,-0.013035375,0.0,0.0,0.0,0.0,0,35.52
460460000,460460000,0.99988383,0.007206718,0.0043300306,-0.013066811,0.0,0.0,0.0,0.0,0,35.54
460480000,460480000,0.99988556,0.007001384,0.0041930266,-0.013092882,0.0,0.0,0.0,0.0,0,35.56
460500000,460500000,0.9998872,0.0068008387,0.0040549277,-0.013113337,0.0,0.0,0.0,0.0,0,35.58
460520000,460520000,0.9998889,0.006599326,0.003921427,-0.013127952,0.0,0.0,0.0,0.0,0,35.6
460540000,460540000,0.9998906,0.006394686,0.0037904694,-0.013137347,0.0,0.0,0.0,0.0,0,35.62
460560000,460560000,0.99989235,0.0061897654,0.003650287,-0.013141872,0.0,0.0,0.0,0.0,0,35.64
460580000,460580000,0.9998942,0.0059793433,0.0035017089,-0.013141488,0.0,0.0,0.0,0.0,0,35.66
460600000,460600000,0.99989605,0.0057636695,0.0033531503,-0.013136504,0.0,0.0,0.0,0.0,0,35.68
460620000,460620000,0.99989784,0.0055463803,0.0032117262,-0.013127694,0.0,0.0,0.0,0.0,0,35.7
460640000,460640000,0.9998996,0.005327607,0.0030707153,-0.013115386,0.0,0.0,0.0,0.0,0,35.72
460660000,460660000,0.9999014,0.005108563,0.0029288724,-0.013099539,0.0,0.0,0.0,0.0,0,35.74
460680000,460680000,0.9999032,0.0048859376,0.0027901954,-0.013080027,0.0,0.0,0.0,0.0,0,35.76
460700000,460700000,0.99990493,0.004654066,0.0026489736,-0.0130575,0.0,0.0,0.0,0.0,0,35.78
460720000,460720000,0.9999067,0.0044168294,0.002503306,-0.013032559,0.0,0.0,0.0,0.0,0,35.8
460740000,460740000,0.99990845,0.0041855727,0.0023533686,-0.013005507,0.0,0.0,0.0,0.0,0,35.82
460760000,460760000,0.9999101,0.0039575384,0.002199065,-0.012976588,0.0,0.0,0.0,0.0,0,35.84
460780000,460780000,0.9999117,0.0037268044,0.002045237,-0.012945809,0.0,0.0,0.0,0.0,0,35.86
460800000,460800000,0.9999133,0.003499794,0.0018919621,-0.012913306,0.0,0.0,0.0,0.0,0,35.88
460820000,460820000,0.99991465,0.0032933021,0.0017432425,-0.012879433,0.0,0.0,0.0,0.0,0,35.9
460840000,460840000,0.99991596,0.0031043037,0.0015937684,-0.0128449425,0.0,0.0,0.0,0.0,0,35.92
460860000,460860000,0.9999172,0.0029237785,0.0014367,-0.012809868,0.0,0.0,0.0,0.0,0,35.94
460880000,460880000,0.9999184,0.0027366157,0.001283656,-0.0127738705,0.0,0.0,0.0,0.0,0,35.96
460900000,460900000,0.99991953,0.002545616,0.0011323451,-0.01273708,0.0,0.0,0.0,0.0,0,35.98
460920000,460920000,0.9999206,0.0023616261,0.0009908564,-0.012700023,0.0,0.0,0.0,0.0,0,36.0
460940000,460940000,0.9999216,0.0021921727,0.00086443726,-0.012662677,0.0,0.0,0.0,0.0,0,36.02
460960000,460960000,0.9999225,0.0020233616,0.00074673805,-0.012625363,0.0,0.0,0.0,0.0,0,36.04
460980000,460980000,0.9999234,0.0018492717,0.0006295752,-0.012588307,0.0,0.0,0.0,0.0,0,36.06
461000000,461000000,0.99992424,0.0016681337,0.0005147379,-0.012551493,0.0,0.0,0.0,0.0,0,36.08
461020000,461020000,0.9999251,0.0014804411,0.00040172855,-0.012515016,0.0,0.0,0.0,0.0,0,36.1
461040000,461040000,0.9999258,0.001289511,0.0002938432,-0.012479302,0.0,0.0,0.0,0.0,0,36.12
461060000,461060000,0.9999265,0.0011049755,0.00020188952,-0.0124449385,0.0,0.0,0.0,0.0,0,36.14
461080000,461080000,0.9999271,0.0009212539,0.00011936795,-0.012412401,0.0,0.0,0.0,0.0,0,36.16
461100000,461100000,0.99992764,0.0007413614,3.1002844e-05,-0.012381252,0.0,0.0,0.0,0.0,0,36.18
461120000,461120000,0.9999281,0.0005637715,-6.408696e-05,-0.01235202,0.0,0.0,0.0,0.0,0,36.2
461140000,461140000,0.99992853,0.00039352456,-0.00015218975,-0.012325027,0.0,0.0,0.0,0.0,0,36.22
461160000,461160000,0.99992883,0.00023814126,-0.00023822495,-0.012299627,0.0,0.0,0.0,0.0,0,36.24
461180000,461180000,0.99992913,9.435361e-05,-0.0003137621,-0.012275774,0.0,0.0,0.0,0.0,0,36.26
461200000,461200000,0.9999294,-4.2212054e-05,-0.00037045596,-0.012253591,0.0,0.0,0.0,0.0,0,36.28
461220000,461220000,0.9999296,-0.0001780247,-0.0004290426,-0.012233555,0.0,0.0,0.0,0.0,0,36.3
461240000,461240000,0.9999298,-0.00031340323,-0.0004838327,-0.012215042,0.0,0.0,0.0,0.0,0,36.32
461260000,461260000,0.9999299,-0.00044557085,-0.0005309286,-0.012198328,0.0,0.0,0.0,0.0,0,36.34
461280000,461280000,0.99992996,-0.0005767229,-0.00057852676,-0.01218378,0.0,0.0,0.0,0.0,0,36.36
461300000,461300000,0.99993,-0.000701254,-0.0006140776,-0.012171924,0.0,0.0,0.0,0.0,0,36.38
461320000,461320000,0.9999301,-0.0008106696,-0.000629823,-0.012162572,0.0,0.0,0.0,0.0,0,36.4
461340000,461340000,0.9999301,-0.0008985701,-0.0006396508,-0.012155141,0.0,0.0,0.0,0.0,0,36.42
461360000,461360000,0.9999301,-0.00097003835,-0.0006504021,-0.012150006,0.0,0.0,0.0,0.0,0,36.44
461380000,461380000,0.99993,-0.0010237672,-0.0006526928,-0.012147235,0.0,0.0,0.0,0.0,0,36.46
461400000,461400000,0.99993,-0.0010650723,-0.0006579798,-0.0121463435,0.0,0.0,0.0,0.0,0,36.48
461420000,461420000,0.99992996,-0.0010961901,-0.0006650994,-0.012147102,0.0,0.0,0.0,0.0,0,36.5
461440000,461440000,0.9999299,-0.0011205601,-0.00066822075,-0.01214916,0.0,0.0,0.0,0.0,0,36.52
461460000,461460000,0.99992985,-0.0011468022,-0.0006668622,-0.012152113,0.0,0.0,0.0,0.0,0,36.54
461480000,461480000,0.9999297,-0.0011694782,-0.0006705239,-0.01215615,0.0,0.0,0.0,0.0,0,36.56
461500000,461500000,0.99992967,-0.0011905532,-0.00067726005,-0.012161232,0.0,0.0,0.0,0.0,0,36.58
461520000,461520000,0.99992955,-0.0012184009,-0.00066905725,-0.0121676875,0.0,0.0,0.0,0.0,0,36.6
461540000,461540000,0.9999294,-0.0012465621,-0.0006571922,-0.012175128,0.0,0.0,0.0,0.0,0,36.62
461560000,461560000,0.9999293,-0.0012681673,-0.00064904126,-0.012183618,0.0,0.0,0.0,0.0,0,36.64
461580000,461580000,0.9999292,-0.0012828878,-0.0006350236,-0.012193229,0.0,0.0,0.0,0.0,0,36.66
461600000,461600000,0.9999291,-0.0012940556,-0.00062451436,-0.01220396,0.0,0.0,0.0,0.0,0,36.68
461620000,461620000,0.9999289,-0.0013113477,-0.00062215497,-0.012215213,0.0,0.0,0.0,0.0,0,36.7
461640000,461640000,0.9999287,-0.0013281571,-0.00062359986,-0.012227281,0.0,0.0,0.0,0.0,0,36.72
461660000,461660000,0.99992853,-0.0013378683,-0.0006290271,-0.012240044,0.0,0.0,0.0,0.0,0,36.74
461680000,461680000,0.99992836,-0.0013422539,-0.00063897547,-0.01225342,0.0,0.0,0.0,0.0,0,36.76
461700000,461700000,0.9999282,-0.0013465239,-0.0006483312,-0.012267437,0.0,0.0,0.0,0.0,0,36.78
461720000,461720000,0.999928,-0.0013477397,-0.00064971286,-0.012281822,0.0,0.0,0.0,0.0,0,36.8
461740000,461740000,0.9999278,-0.0013389284,-0.0006487755,-0.012296693,0.0,0.0,0.0,0.0,0,36.82
461760000,461760000,0.99992764,-0.0013326942,-0.0006571483,-0.01231195,0.0,0.0,0.0,0.0,0,36.84
461780000,461780000,0.99992746,-0.0013297645,-0.00066722604,-0.012327424,0.0,0.0,0.0,0.0,0,36.86
461800000,461800000,0.9999273,-0.0013310295,-0.00067550945,-0.012342921,0.0,0.0,0.0,0.0,0,36.88
461820000,461820000,0.99992704,-0.0013375012,-0.00068104645,-0.012358375,0.0,0.0,0.0,0.0,0,36.9
461840000,461840000,0.99992687,-0.001349594,-0.0006833892,-0.012373757,0.0,0.0,0.0,0.0,0,36.92
461860000,461860000,0.9999266,-0.001367451,-0.00068231823,-0.012389021,0.0,0.0,0.0,0.0,0,36.94
461880000,461880000,0.99992645,-0.0013862557,-0.00068266975,-0.012403668,0.0,0.0,0.0,0.0,0,36.96
461900000,461900000,0.9999262,-0.0013980579,-0.0006925067,-0.012417738,0.0,0.0,0.0,0.0,0,36.98
461920000,461920000,0.99992603,-0.0014082082,-0.000706219,-0.012431559,0.0,0.0,0.0,0.0,0,37.0
461940000,461940000,0.99992585,-0.0014259419,-0.00072445755,-0.012445714,0.0,0.0,0.0,0.0,0,37.02
461960000,461960000,0.9999256,-0.0014553876,-0.0007481428,-0.0124599505,0.0,0.0,0.0,0.0,0,37.04
461980000,461980000,0.9999253,-0.0014913296,-0.00078585366,-0.0124739725,0.0,0.0,0.0,0.0,0,37.06
462000000,462000000,0.9999251,-0.0015201468,-0.000835528,-0.012488109,0.0,0.0,0.0,0.0,0,37.08
462020000,462020000,0.9999248,-0.0015462253,-0.00089146267,-0.012502569,0.0,0.0,0.0,0.0,0,37.1
462040000,462040000,0.99992454,-0.0015749766,-0.0009372122,-0.012517073,0.0,0.0,0.0,0.0,0,37.12
462060000,462060000,0.99992424,-0.001606073,-0.0009936909,-0.01253159,0.0,0.0,0.0,0.0,0,37.14
462080000,462080000,0.99992394,-0.0016439658,-0.0010592279,-0.012545904,0.0,0.0,0.0,0.0,0,37.16
462100000,462100000,0.99992365,-0.0016832912,-0.0011170435,-0.012559886,0.0,0.0,0.0,0.0,0,37.18
462120000,462120000,0.99992335,-0.0017257162,-0.001168946,-0.012573773,0.0,0.0,0.0,0.0,0,37.2
462140000,462140000,0.999923,-0.0017727179,-0.001216225,-0.012587576,0.0,0.0,0.0,0.0,0,37.22
462160000,462160000,0.9999227,-0.0018241802,-0.00125937,-0.012601198,0.0,0.0,0.0,0.0,0,37.24
462180000,462180000,0.9999224,-0.00187378,-0.0013049099,-0.012614199,0.0,0.0,0.0,0.0,0,37.26
462200000,462200000,0.9999221,-0.001920801,-0.0013533722,-0.012626747,0.0,0.0,0.0,0.0,0,37.28
462220000,462220000,0.9999218,-0.001959959,-0.0014085062,-0.012638542,0.0,0.0,0.0,0.0,0,37.3
462240000,462240000,0.9999215,-0.001990016,-0.0014528057,-0.012649914,0.0,0.0,0.0,0.0,0,37.32
462260000,462260000,0.99992126,-0.0020112323,-0.0014889893,-0.012660983,0.0,0.0,0.0,0.0,0,37.34
462280000,462280000,0.999921,-0.0020273628,-0.0015246414,-0.012671502,0.0,0.0,0.0,0.0,0,37.36
462300000,462300000,0.99992085,-0.0020388563,-0.0015499252,-0.012681752,0.0,0.0,0.0,0.0,0,37.38
462320000,462320000,0.99992067,-0.0020520915,-0.0015686743,-0.012691935,0.0,0.0,0.0,0.0,0,37.4
462340000,462340000,0.9999205,-0.0020669717,-0.0015802445,-0.012701779,0.0,0.0,0.0,0.0,0,37.42
462360000,462360000,0.99992037,-0.0020758675,-0.0015888474,-0.012711044,0.0,0.0,0.0,0.0,0,37.44
462380000,462380000,0.9999202,-0.0020767646,-0.0016020916,-0.012719754,0.0,0.0,0.0,0.0,0,37.46
462400000,462400000,0.9999201,-0.0020670255,-0.0016048457,-0.012728144,0.0,0.0,0.0,0.0,0,37.48
462420000,462420000,0.99992007,-0.002044136,-0.0015980065,-0.0127358,0.0,0.0,0.0,0.0,0,37.5
462440000,462440000,0.99992007,-0.002008477,-0.0015873417,-0.0127428295,0.0,0.0,0.0,0.0,0,37.52
462460000,462460000,0.9999201,-0.0019584578,-0.001566653,-0.012749141,0.0,0.0,0.0,0.0,0,37.54
462480000,462480000,0.9999202,-0.001898846,-0.001552019,-0.0127549935,0.0,0.0,0.0,0.0,0,37.56
462500000,462500000,0.9999203,-0.0018307379,-0.0015286434,-0.012760265,0.0,0.0,0.0,0.0,0,37.58
462520000,462520000,0.9999204,-0.0017596993,-0.0014903246,-0.012765455,0.0,0.0,0.0,0.0,0,37.6
462540000,462540000,0.99992055,-0.0016904876,-0.0014440599,-0.012770618,0.0,0.0,0.0,0.0,0,37.62
462560000,462560000,0.99992067,-0.0016237436,-0.0013919648,-0.012775855,0.0,0.0,0.0,0.0,0,37.64
462580000,462580000,0.9999208,-0.0015565411,-0.001338099,-0.012781249,0.0,0.0,0.0,0.0,0,37.66
462600000,462600000,0.99992085,-0.0014922265,-0.001285754,-0.012786454,0.0,0.0,0.0,0.0,0,37.68
462620000,462620000,0.99992096,-0.0014317655,-0.001231104,-0.012791723,0.0,0.0,0.0,0.0,0,37.7
462640000,462640000,0.999921,-0.0013673126,-0.0011748633,-0.01279701,0.0,0.0,0.0,0.0,0,37.72
462660000,462660000,0.99992114,-0.0013029332,-0.0011209801,-0.012801975,0.0,0.0,0.0,0.0,0,37.74
462680000,462680000,0.9999212,-0.0012419692,-0.0010680155,-0.01280646,0.0,0.0,0.0,0.0,0,37.76
462700000,462700000,0.99992126,-0.0011872689,-0.0010156463,-0.012810445,0.0,0.0,0.0,0.0,0,37.78
462720000,462720000,0.9999214,-0.0011287368,-0.0009509916,-0.012814123,0.0,0.0,0.0,0.0,0,37.8
462740000,462740000,0.99992144,-0.0010679504,-0.00089141954,-0.01281786,0.0,0.0,0.0,0.0,0,37.82
462760000,462760000,0.9999215,-0.0010039269,-0.0008412189,-0.012821508,0.0,0.0,0.0,0.0,0,37.84
462780000,462780000,0.99992156,-0.0009446538,-0.00078749907,-0.012824952,0.0,0.0,0.0,0.0,0,37.86
462800000,462800000,0.9999216,-0.0008980658,-0.00073314697,-0.012828051,0.0,0.0,0.0,0.0,0,37.88
462820000,462820000,0.9999216,-0.0008508717,-0.00068433624,-0.012831141,0.0,0.0,0.0,0.0,0,37.9
462840000,462840000,0.9999217,-0.0007957291,-0.00063700805,-0.012833962,0.0,0.0,0.0,0.0,0,37.92
462860000,462860000,0.9999217,-0.0007539383,-0.0005887376,-0.012836451,0.0,0.0,0.0,0.0,0,37.94
462880000,462880000,0.99992174,-0.00071332493,-0.0005469403,-0.012838877,0.0,0.0,0.0,0.0,0,37.96
462900000,462900000,0.99992174,-0.000663953,-0.0005107998,-0.01284136,0.0,0.0,0.0,0.0,0,37.98
462920000,462920000,0.99992174,-0.0006188024,-0.00047464707,-0.012843904,0.0,0.0,0.0,0.0,0,38.0
462940000,462940000,0.99992174,-0.0005789423,-0.00044171987,-0.0128466,0.0,0.0,0.0,0.0,0,38.02
462960000,462960000,0.9999218,-0.00053026003,-0.00041082353,-0.012849466,0.0,0.0,0.0,0.0,0,38.04
462980000,462980000,0.99992174,-0.00048490893,-0.00038947354,-0.012852245,0.0,0.0,0.0,0.0,0,38.06
463000000,463000000,0.99992174,-0.00043954985,-0.00036878724,-0.012854864,0.0,0.0,0.0,0.0,0,38.08
463020000,463020000,0.99992174,-0.00039718853,-0.0003368683,-0.01285744,0.0,0.0,0.0,0.0,0,38.1
463040000,463040000,0.99992174,-0.00035894048,-0.0003108875,-0.012859967,0.0,0.0,0.0,0.0,0,38.12
463060000,463060000,0.99992174,-0.000323506,-0.00029582958,-0.012862509,0.0,0.0,0.0,0.0,0,38.14
463080000,463080000,0.99992174,-0.00029054782,-0.0002848725,-0.012864936,0.0,0.0,0.0,0.0,0,38.16
463100000,463100000,0.9999217,-0.00026249373,-0.00027442642,-0.0128674535,0.0,0.0,0.0,0.0,0,38.18
463120000,463120000,0.9999217,-0.0002370598,-0.000262531,-0.012869841,0.0,0.0,0.0,0.0,0,38.2
463140000,463140000,0.9999216,-0.00021542006,-0.00024848102,-0.012872233,0.0,0.0,0.0,0.0,0,38.22
463160000,463160000,0.9999216,-0.00019480538,-0.00023119645,-0.012874704,0.0,0.0,0.0,0.0,0,38.24
463180000,463180000,0.9999216,-0.00017532823,-0.00022107034,-0.012877106,0.0,0.0,0.0,0.0,0,38.26
463200000,463200000,0.99992156,-0.00015895277,-0.00021274966,-0.012879459,0.0,0.0,0.0,0.0,0,38.28
463220000,463220000,0.99992156,-0.00014478157,-0.00019952774,-0.012881796,0.0,0.0,0.0,0.0,0,38.3
463240000,463240000,0.9999215,-0.00013265185,-0.0001801449,-0.012884061,0.0,0.0,0.0,0.0,0,38.32
463260000,463260000,0.9999215,-0.00012481939,-0.00015713366,-0.012886214,0.0,0.0,0.0,0.0,0,38.34
463280000,463280000,0.9999215,-0.00011887013,-0.0001301324,-0.012888391,0.0,0.0,0.0,0.0,0,38.36
463300000,463300000,0.99992144,-0.000114683884,-9.712951e-05,-0.012890552,0.0,0.0,0.0,0.0,0,38.38
463320000,463320000,0.99992144,-0.00011198792,-5.801565e-05,-0.012892687,0.0,0.0,0.0,0.0,0,38.4
463340000,463340000,0.9999214,-0.00010536309,-2.007413e-05,-0.012894758,0.0,0.0,0.0,0.0,0,38.42
463360000,463360000,0.9999214,-9.867827e-05,1.7154865e-05,-0.012896681,0.0,0.0,0.0,0.0,0,38.44
463380000,463380000,0.9999214,-9.889103e-05,5.3156113e-05,-0.012898633,0.0,0.0,0.0,0.0,0,38.46
463400000,463400000,0.9999213,-0.00010962127,8.613853e-05,-0.012900692,0.0,0.0,0.0,0.0,0,38.48
463420000,463420000,0.9999213,-0.00012534337,0.00012212277,-0.012902798,0.0,0.0,0.0,0.0,0,38.5
463440000,463440000,0.99992126,-0.00014420626,0.00016285777,-0.012905021,0.0,0.0,0.0,0.0,0,38.52
463460000,463460000,0.9999207,-0.00042756385,-0.0008079669,-0.012915502,0.0,0.0,0.0,0.0,0,38.54
463480000,463480000,0.9998794,-0.0025301161,-0.008706187,-0.012963373,0.0,0.0,0.0,0.0,0,38.56
463500000,463500000,0.99958855,-0.0069581103,-0.02474766,-0.01307405,0.0,0.0,0.0,0.0,0,38.58
463520000,463520000,0.998761,-0.013344349,-0.046168078,-0.013264802,0.0,0.0,0.0,0.0,0,38.6
463540000,463540000,0.99722743,-0.021054814,-0.07014035,-0.013547273,0.0,0.0,0.0,0.0,0,38.62
463560000,463560000,0.99496543,-0.029584218,-0.094781026,-0.013938142,0.0,0.0,0.0,0.0,0,38.64
463580000,463580000,0.99203724,-0.03861007,-0.11904389,-0.014457083,0.0,0.0,0.0,0.0,0,38.66
463600000,463600000,0.9885416,-0.04768805,-0.14245248,-0.015092701,0.0,0.0,0.0,0.0,0,38.68
463620000,463620000,0.9846301,-0.056653984,-0.16447282,-0.015864203,0.0,0.0,0.0,0.0,0,38.7
463640000,463640000,0.98045534,-0.06530802,-0.18485165,-0.016768588,0.0,0.0,0.0,0.0,0,38.72
463660000,463660000,0.9761636,-0.07345118,-0.20347512,-0.017789068,0.0,0.0,0.0,0.0,0,38.74
463680000,463680000,0.97186774,-0.08107982,-0.22034025,-0.018932225,0.0,0.0,0.0,0.0,0,38.76
463700000,463700000,0.9676807,-0.08803651,-0.23546994,-0.020167254,0.0,0.0,0.0,0.0,0,38.78
463720000,463720000,0.963664,-0.09436546,-0.24898584,-0.021494443,0.0,0.0,0.0,0.0,0,38.8
463740000,463740000,0.9598806,-0.09999846,-0.26098815,-0.02288679,0.0,0.0,0.0,0.0,0,38.82
463760000,463760000,0.95635235,-0.10500452,-0.27162606,-0.024343621,0.0,0.0,0.0,0.0,0,38.84
463780000,463780000,0.9531035,-0.109367535,-0.28102273,-0.025843127,0.0,0.0,0.0,0.0,0,38.86
463800000,463800000,0.95013165,-0.11314318,-0.28932327,-0.027378378,0.0,0.0,0.0,0.0,0,38.88
463820000,463820000,0.94743645,-0.11634355,-0.29664865,-0.028931543,0.0,0.0,0.0,0.0,0,38.9
463840000,463840000,0.94500333,-0.119030826,-0.30311593,-0.030498547,0.0,0.0,0.0,0.0,0,38.92
463860000,463860000,0.94282234,-0.121239364,-0.30881664,-0.032069933,0.0,0.0,0.0,0.0,0,38.94
463880000,463880000,0.9408687,-0.123027265,-0.31385952,-0.033640787,0.0,0.0,0.0,0.0,0,38.96
463900000,463900000,0.93912756,-0.124429315,-0.31831846,-0.035203338,0.0,0.0,0.0,0.0,0,38.98
463920000,463920000,0.9375834,-0.1254879,-0.32225534,-0.036753703,0.0,0.0,0.0,0.0,0,39.0
463940000,463940000,0.9362167,-0.12624164,-0.3257371,-0.038285997,0.0,0.0,0.0,0.0,0,39.02
463960000,463960000,0.9349998,-0.12673472,-0.3288453,-0.039793532,0.0,0.0,0.0,0.0,0,39.04
463980000,463980000,0.9339259,-0.12699592,-0.3316022,-0.04127378,0.0,0.0,0.0,0.0,0,39.06
464000000,464000000,0.93298185,-0.12705782,-0.33404332,-0.04272386,0.0,0.0,0.0,0.0,0,39.08
464020000,464020000,0.9321526,-0.12694536,-0.33621022,-0.044138096,0.0,0.0,0.0,0.0,0,39.1
464040000,464040000,0.93142545,-0.12669276,-0.3381316,-0.045515753,0.0,0.0,0.0,0.0,0,39.12
464060000,464060000,0.930787,-0.12632562,-0.33983997,-0.04685307,0.0,0.0,0.0,0.0,0,39.14
464080000,464080000,0.9302259,-0.12586416,-0.3413636,-0.04814573,0.0,0.0,0.0,0.0,0,39.16
464100000,464100000,0.929733,-0.1253316,-0.34272152,-0.04939257,0.0,0.0,0.0,0.0,0,39.18
464120000,464120000,0.9293026,-0.12474079,-0.3439277,-0.050590023,0.0,0.0,0.0,0.0,0,39.2
464140000,464140000,0.92892694,-0.1241055,-0.34500018,-0.051735356,0.0,0.0,0.0,0.0,0,39.22
464160000,464160000,0.92860144,-0.12343687,-0.34594983,-0.052825317,0.0,0.0,0.0,0.0,0,39.24
464180000,464180000,0.9283225,-0.12275216,-0.34678128,-0.053861503,0.0,0.0,0.0,0.0,0,39.26
464200000,464200000,0.92807776,-0.12205845,-0.34752753,-0.05483782,0.0,0.0,0.0,0.0,0,39.28
464220000,464220000,0.9278651,-0.12136672,-0.34819105,-0.0557548,0.0,0.0,0.0,0.0,0,39.3
464240000,464240000,0.9276878,-0.12067883,-0.34876373,-0.056611866,0.0,0.0,0.0,0.0,0,39.32
464260000,464260000,0.9275381,-0.12000078,-0.34926575,-0.05740615,0.0,0.0,0.0,0.0,0,39.34
464280000,464280000,0.9274099,-0.119347736,-0.34970817,-0.0581401,0.0,0.0,0.0,0.0,0,39.36
464300000,464300000,0.92730135,-0.11871871,-0.35009775,-0.058811214,0.0,0.0,0.0,0.0,0,39.38
464320000,464320000,0.92721367,-0.1181029,-0.3504362,-0.059414595,0.0,0.0,0.0,0.0,0,39.4
464340000,464340000,0.9271488,-0.117508836,-0.35071543,-0.05995426,0.0,0.0,0.0,0.0,0,39.42
464360000,464360000,0.9270991,-0.11694992,-0.3509514,-0.060433324,0.0,0.0,0.0,0.0,0,39.44
464380000,464380000,0.92706084,-0.11642877,-0.35115328,-0.06085208,0.0,0.0,0.0,0.0,0,39.46
464400000,464400000,0.9270334,-0.11593593,-0.35132706,-0.061207116,0.0,0.0,0.0,0.0,0,39.48
464420000,464420000,0.9270502,-0.115449205,-0.35139126,-0.06150396,0.0,0.0,0.0,0.0,0,39.5
464440000,464440000,0.9271947,-0.11492399,-0.35113758,-0.061757516,0.0,0.0,0.0,0.0,0,39.52
464460000,464460000,0.92753386,-0.11431608,-0.35040104,-0.06197602,0.0,0.0,0.0,0.0,0,39.54
464480000,464480000,0.9280871,-0.11359793,-0.34913546,-0.06215596,0.0,0.0,0.0,0.0,0,39.56
464500000,464500000,0.92884356,-0.112750426,-0.3473711,-0.0622854,0.0,0.0,0.0,0.0,0,39.58
464520000,464520000,0.92978096,-0.11178023,-0.34515655,-0.062358707,0.0,0.0,0.0,0.0,0,39.6
464540000,464540000,0.9308804,-0.11068581,-0.34253415,-0.062367935,0.0,0.0,0.0,0.0,0,39.62
464560000,464560000,0.9321248,-0.10947922,-0.339535,-0.062311556,0.0,0.0,0.0,0.0,0,39.64
464580000,464580000,0.9334998,-0.108159244,-0.33618736,-0.06218375,0.0,0.0,0.0,0.0,0,39.66
464600000,464600000,0.9349865,-0.10673535,-0.33252862,-0.061981663,0.0,0.0,0.0,0.0,0,39.68
464620000,464620000,0.936571,-0.10521762,-0.32858127,-0.061704837,0.0,0.0,0.0,0.0,0,39.7
464640000,464640000,0.9382411,-0.10361182,-0.32436585,-0.061351884,0.0,0.0,0.0,0.0,0,39.72
464660000,464660000,0.93998486,-0.1019319,-0.31989947,-0.060924817,0.0,0.0,0.0,0.0,0,39.74
464680000,464680000,0.9417849,-0.1001836,-0.3152188,-0.06042055,0.0,0.0,0.0,0.0,0,39.76
464700000,464700000,0.9436297,-0.09838029,-0.31034246,-0.05984196,0.0,0.0,0.0,0.0,0,39.78
464720000,464720000,0.9455058,-0.09651176,-0.30530438,-0.059182663,0.0,0.0,0.0,0.0,0,39.8
464740000,464740000,0.94740677,-0.09459938,-0.30010676,-0.058450244,0.0,0.0,0.0,0.0,0,39.82
464760000,464760000,0.9493147,-0.09264096,-0.29479823,-0.057639826,0.0,0.0,0.0,0.0,0,39.84
464780000,464780000,0.95122904,-0.09065432,-0.28936568,-0.056760542,0.0,0.0,0.0,0.0,0,39.86
464800000,464800000,0.95313466,-0.088638805,-0.28385192,-0.05580988,0.0,0.0,0.0,0.0,0,39.88
464820000,464820000,0.9550269,-0.08661045,-0.27826032,-0.05479515,0.0,0.0,0.0,0.0,0,39.9
464840000,464840000,0.95689195,-0.08456548,-0.27263603,-0.053713653,0.0,0.0,0.0,0.0,0,39.92
464860000,464860000,0.9587746,-0.082483456,-0.26681864,-0.052579116,0.0,0.0,0.0,0.0,0,39.94
464880000,464880000,0.9607598,-0.080282,-0.26050398,-0.051401526,0.0,0.0,0.0,0.0,0,39.96
464900000,464900000,0.96293503,-0.07787146,-0.2533417,-0.050192654,0.0,0.0,0.0,0.0,0,39.98
464920000,464920000,0.96530825,-0.07518525,-0.24523582,-0.048945665,0.0,0.0,0.0,0.0,0,40.0
464940000,464940000,0.9678721,-0.07216703,-0.2361224,-0.047653746,0.0,0.0,0.0,0.0,0,40.02
464960000,464960000,0.970573,-0.06880713,-0.22609352,-0.046308108,0.0,0.0,0.0,0.0,0,40.04
464980000,464980000,0.97338486,-0.06508136,-0.21512517,-0.04490713,0.0,0.0,0.0,0.0,0,40.06
465000000,465000000,0.97624344,-0.06102244,-0.2033375,-0.04345088,0.0,0.0,0.0,0.0,0,40.08
465020000,465020000,0.9791191,-0.05661457,-0.19071098,-0.0419405,0.0,0.0,0.0,0.0,0,40.1
465040000,465040000,0.98194546,-0.051903285,-0.17739147,-0.040379565,0.0,0.0,0.0,0.0,0,40.12
465060000,465060000,0.9846902,-0.04687192,-0.16338372,-0.038769428,0.0,0.0,0.0,0.0,0,40.14
465080000,465080000,0.9872926,-0.041592263,-0.14884453,-0.03711904,0.0,0.0,0.0,0.0,0,40.16
465100000,465100000,0.9897262,-0.036043968,-0.13377821,-0.03543195,0.0,0.0,0.0,0.0,0,40.18
465120000,465120000,0.99194175,-0.030308628,-0.11834283,-0.033719536,0.0,0.0,0.0,0.0,0,40.2
465140000,465140000,0.9939191,-0.024379877,-0.102548964,-0.031988453,0.0,0.0,0.0,0.0,0,40.22
465160000,465160000,0.99562246,-0.0183564,-0.086561106,-0.030253155,0.0,0.0,0.0,0.0,0,40.24
465180000,465180000,0.9970396,-0.012220232,-0.07041555,-0.02852055,0.0,0.0,0.0,0.0,0,40.26
465200000,465200000,0.998153,-0.0060646534,-0.054262724,-0.026804563,0.0,0.0,0.0,0.0,0,40.28
465220000,465220000,0.9989615,0.000119583005,-0.038135156,-0.025114631,0.0,0.0,0.0,0.0,0,40.3
465240000,465240000,0.9994637,0.0062437514,-0.022178357,-0.02346431,0.0,0.0,0.0,0.0,0,40.32
465260000,465260000,0.999669,0.012326304,-0.006402078,-0.021863343,0.0,0.0,0.0,0.0,0,40.34
465280000,465280000,0.99958956,0.018293679,0.009061561,-0.02032349,0.0,0.0,0.0,0.0,0,40.36
465300000,465300000,0.99924195,0.02415393,0.024200635,-0.018854605,0.0,0.0,0.0,0.0,0,40.38
465320000,465320000,0.9986489,0.029853705,0.03889968,-0.017467456,0.0,0.0,0.0,0.0,0,40.4
465340000,465340000,0.99783057,0.035403933,0.053181827,-0.016169827,0.0,0.0,0.0,0.0,0,40.42
465360000,465360000,0.9968157,0.040756416,0.06695063,-0.014970043,0.0,0.0,0.0,0.0,0,40.44
465380000,465380000,0.9956272,0.04591211,0.08021941,-0.013874347,0.0,0.0,0.0,0.0,0,40.46
465400000,465400000,0.99429446,0.05085538,0.09292561,-0.01289078,0.0,0.0,0.0,0.0,0,40.48
465420000,465420000,0.9928379,0.0555922,0.10510456,-0.012023753,0.0,0.0,0.0,0.0,0,40.5
465440000,465440000,0.99128574,0.060105547,0.1167124,-0.011278208,0.0,0.0,0.0,0.0,0,40.52
465460000,465460000,0.9896593,0.064383134,0.12776852,-0.0106544085,0.0,0.0,0.0,0.0,0,40.54
465480000,465480000,0.9879834,0.06841405,0.13825448,-0.010154279,0.0,0.0,0.0,0.0,0,40.56
465500000,465500000,0.986275,0.07220749,0.14819282,-0.009779239,0.0,0.0,0.0,0.0,0,40.58
465520000,465520000,0.98455215,0.07577068,0.15758874,-0.009530456,0.0,0.0,0.0,0.0,0,40.6
465540000,465540000,0.9828291,0.07911003,0.16646078,-0.009406941,0.0,0.0,0.0,0.0,0,40.62
465560000,465560000,0.98112315,0.082220815,0.17480756,-0.009406997,0.0,0.0,0.0,0.0,0,40.64
465580000,465580000,0.97944224,0.08511594,0.18266508,-0.009527803,0.0,0.0,0.0,0.0,0,40.66
465600000,465600000,0.97779876,0.08779364,0.19004115,-0.009765466,0.0,0.0,0.0,0.0,0,40.68
465620000,465620000,0.97620106,0.09025954,0.19695555,-0.010115581,0.0,0.0,0.0,0.0,0,40.7
465640000,465640000,0.9746583,0.09251346,0.2034202,-0.010573132,0.0,0.0,0.0,0.0,0,40.72
465660000,465660000,0.97317666,0.0945754,0.2094462,-0.011136613,0.0,0.0,0.0,0.0,0,40.74
465680000,465680000,0.97176176,0.09644117,0.2150536,-0.01179745,0.0,0.0,0.0,0.0,0,40.76
465700000,465700000,0.9704186,0.098110415,0.2202584,-0.012547967,0.0,0.0,0.0,0.0,0,40.78
465720000,465720000,0.96915275,0.09959554,0.22506365,-0.013384942,0.0,0.0,0.0,0.0,0,40.8
465740000,465740000,0.9679647,0.1009035,0.22949365,-0.01430109,0.0,0.0,0.0,0.0,0,40.82
465760000,465760000,0.9668566,0.10204734,0.23355922,-0.015290919,0.0,0.0,0.0,0.0,0,40.84
465780000,465780000,0.9658289,0.10302033,0.23728336,-0.016343053,0.0,0.0,0.0,0.0,0,40.86
465800000,465800000,0.96488124,0.10385221,0.24067256,-0.017456718,0.0,0.0,0.0,0.0,0,40.88
465820000,465820000,0.96401304,0.10453556,0.24374913,-0.018619634,0.0,0.0,0.0,0.0,0,40.9
465840000,465840000,0.9632215,0.105086155,0.24653053,-0.019825798,0.0,0.0,0.0,0.0,0,40.92
465860000,465860000,0.9625093,0.10550402,0.24901824,-0.02106722,0.0,0.0,0.0,0.0,0,40.94
465880000,465880000,0.9618749,0.10580782,0.25121984,-0.022339819,0.0,0.0,0.0,0.0,0,40.96
465900000,465900000,0.9613196,0.10598993,0.2531429,-0.02363263,0.0,0.0,0.0,0.0,0,40.98
465920000,465920000,0.96083987,0.10606543,0.25480184,-0.024940468,0.0,0.0,0.0,0.0,0,41.0
465940000,465940000,0.96043706,0.106030196,0.25619936,-0.026254138,0.0,0.0,0.0,0.0,0,41.02
465960000,465960000,0.9601094,0.105894044,0.2573432,-0.027567571,0.0,0.0,0.0,0.0,0,41.04
465980000,465980000,0.9598546,0.10566758,0.25824177,-0.028875148,0.0,0.0,0.0,0.0,0,41.06
466000000,466000000,0.9596698,0.10535697,0.25890666,-0.030169776,0.0,0.0,0.0,0.0,0,41.08
466020000,466020000,0.9595538,0.10496093,0.25934574,-0.031443063,0.0,0.0,0.0,0.0,0,41.1
466040000,466040000,0.959505,0.10448929,0.2595621,-0.032690596,0.0,0.0,0.0,0.0,0,41.12
466060000,466060000,0.9595219,0.103948064,0.2595612,-0.033906918,0.0,0.0,0.0,0.0,0,41.14
466080000,466080000,0.95960087,0.10333181,0.2593589,-0.035082463,0.0,0.0,0.0,0.0,0,41.16
466100000,466100000,0.95973986,0.10264368,0.25896242,-0.03621051,0.0,0.0,0.0,0.0,0,41.18
466120000,466120000,0.95993596,0.10190337,0.2583743,-0.037289362,0.0,0.0,0.0,0.0,0,41.2
466140000,466140000,0.960187,0.10111455,0.25760022,-0.038313802,0.0,0.0,0.0,0.0,0,41.22
466160000,466160000,0.96049416,0.100276925,0.25663552,-0.039278824,0.0,0.0,0.0,0.0,0,41.24
466180000,466180000,0.96086293,0.09937716,0.2554632,-0.04017842,0.0,0.0,0.0,0.0,0,41.26
466200000,466200000,0.9612988,0.09841162,0.25406098,-0.041009855,0.0,0.0,0.0,0.0,0,41.28
466220000,466220000,0.9618055,0.097375564,0.25241345,-0.041769695,0.0,0.0,0.0,0.0,0,41.3
466240000,466240000,0.96237797,0.09627345,0.25053313,-0.04245434,0.0,0.0,0.0,0.0,0,41.32
466260000,466260000,0.96301603,0.0951,0.24841715,-0.043059587,0.0,0.0,0.0,0.0,0,41.34
466280000,466280000,0.963718,0.0938625,0.2460627,-0.043585237,0.0,0.0,0.0,0.0,0,41.36
466300000,466300000,0.9644776,0.09256151,0.24348718,-0.04402752,0.0,0.0,0.0,0.0,0,41.38
466320000,466320000,0.96529126,0.09119039,0.24069989,-0.04438241,0.0,0.0,0.0,0.0,0,41.4
466340000,466340000,0.9661542,0.08976518,0.23770465,-0.044652358,0.0,0.0,0.0,0.0,0,41.42
466360000,466360000,0.9670606,0.08828089,0.2345191,-0.04483406,0.0,0.0,0.0,0.0,0,41.44
466380000,466380000,0.9680058,0.08674794,0.23114963,-0.0449291,0.0,0.0,0.0,0.0,0,41.46
466400000,466400000,0.96898377,0.08515489,0.22761628,-0.044933077,0.0,0.0,0.0,0.0,0,41.48
466420000,466420000,0.96999013,0.083513685,0.2239248,-0.044849087,0.0,0.0,0.0,0.0,0,41.5
466440000,466440000,0.97101897,0.08182613,0.22009026,-0.044677164,0.0,0.0,0.0,0.0,0,41.52
466460000,466460000,0.97206575,0.08009773,0.21612158,-0.04441933,0.0,0.0,0.0,0.0,0,41.54
466480000,466480000,0.9731272,0.078333296,0.2120226,-0.04407844,0.0,0.0,0.0,0.0,0,41.56
466500000,466500000,0.9741979,0.076527655,0.20781092,-0.04365424,0.0,0.0,0.0,0.0,0,41.58
466520000,466520000,0.9752733,0.074698955,0.20349191,-0.0431529,0.0,0.0,0.0,0.0,0,41.6
466540000,466540000,0.9763489,0.07283924,0.19908243,-0.042574238,0.0,0.0,0.0,0.0,0,41.62
466560000,466560000,0.9774227,0.07095436,0.19458129,-0.041922968,0.0,0.0,0.0,0.0,0,41.64
466580000,466580000,0.97848666,0.069044836,0.19002178,-0.041200195,0.0,0.0,0.0,0.0,0,41.66
466600000,466600000,0.97954106,0.06711763,0.18539277,-0.04041224,0.0,0.0,0.0,0.0,0,41.68
466620000,466620000,0.98058015,0.06517413,0.18071748,-0.039561905,0.0,0.0,0.0,0.0,0,41.7
466640000,466640000,0.9816028,0.06320395,0.17600109,-0.038651343,0.0,0.0,0.0,0.0,0,41.72
466660000,466660000,0.98260415,0.061222363,0.17125914,-0.037686784,0.0,0.0,0.0,0.0,0,41.74
466680000,466680000,0.98358315,0.059232,0.16649304,-0.036673788,0.0,0.0,0.0,0.0,0,41.76
466700000,466700000,0.984537,0.057242163,0.16171183,-0.035618093,0.0,0.0,0.0,0.0,0,41.78
466720000,466720000,0.98546314,0.055240143,0.15693414,-0.0345212,0.0,0.0,0.0,0.0,0,41.8
466740000,466740000,0.9863618,0.053230222,0.15215509,-0.033388957,0.0,0.0,0.0,0.0,0,41.82
466760000,466760000,0.9872298,0.05122002,0.14739156,-0.032226723,0.0,0.0,0.0,0.0,0,41.84
466780000,466780000,0.98806775,0.0492162,0.1426375,-0.031040922,0.0,0.0,0.0,0.0,0,41.86
466800000,466800000,0.98887116,0.047221426,0.13792358,-0.029834956,0.0,0.0,0.0,0.0,0,41.88
466820000,466820000,0.98964316,0.04522976,0.13323325,-0.028613605,0.0,0.0,0.0,0.0,0,41.9
466840000,466840000,0.9903802,0.043249615,0.12859191,-0.027381448,0.0,0.0,0.0,0.0,0,41.92
466860000,466860000,0.9910844,0.04127928,0.12398957,-0.026143564,0.0,0.0,0.0,0.0,0,41.94
466880000,466880000,0.9917522,0.039331004,0.11945502,-0.024904681,0.0,0.0,0.0,0.0,0,41.96
466900000,466900000,0.99238694,0.03739525,0.11497234,-0.023668539,0.0,0.0,0.0,0.0,0,41.98
466920000,466920000,0.9929873,0.03547919,0.110557854,-0.022439463,0.0,0.0,0.0,0.0,0,42.0
466940000,466940000,0.9935546,0.033578496,0.106209844,-0.0212211,0.0,0.0,0.0,0.0,0,42.02
466960000,466960000,0.99408776,0.031707,0.10194424,-0.020018145,0.0,0.0,0.0,0.0,0,42.04
466980000,466980000,0.99458826,0.029859152,0.09775987,-0.018833853,0.0,0.0,0.0,0.0,0,42.06
467000000,467000000,0.99505633,0.02804687,0.09366442,-0.017672628,0.0,0.0,0.0,0.0,0,42.08
467020000,467020000,0.99549335,0.026266374,0.089658976,-0.016537407,0.0,0.0,0.0,0.0,0,42.1
467040000,467040000,0.9959,0.024521256,0.085749015,-0.015431216,0.0,0.0,0.0,0.0,0,42.12
467060000,467060000,0.9962782,0.022804003,0.08193074,-0.014355934,0.0,0.0,0.0,0.0,0,42.14
467080000,467080000,0.99662954,0.021124924,0.07819943,-0.013315254,0.0,0.0,0.0,0.0,0,42.16
467100000,467100000,0.9969543,0.019480746,0.07456647,-0.012310891,0.0,0.0,0.0,0.0,0,42.18
467120000,467120000,0.997254,0.017884187,0.071028195,-0.011346039,0.0,0.0,0.0,0.0,0,42.2
467140000,467140000,0.9975291,0.016330708,0.06759843,-0.010422171,0.0,0.0,0.0,0.0,0,42.22
467160000,467160000,0.9977814,0.014827921,0.06426873,-0.009541345,0.0,0.0,0.0,0.0,0,42.24
467180000,467180000,0.9980118,0.013371926,0.06104874,-0.008704426,0.0,0.0,0.0,0.0,0,42.26
467200000,467200000,0.9982224,0.0119664,0.057924774,-0.007912995,0.0,0.0,0.0,0.0,0,42.28
467220000,467220000,0.99841416,0.010610028,0.054903142,-0.0071676117,0.0,0.0,0.0,0.0,0,42.3
467240000,467240000,0.99858844,0.009308142,0.051978644,-0.0064693363,0.0,0.0,0.0,0.0,0,42.32
467260000,467260000,0.99874604,0.008061487,0.04915902,-0.005818471,0.0,0.0,0.0,0.0,0,42.34
467280000,467280000,0.99888843,0.006874243,0.04643801,-0.0052154427,0.0,0.0,0.0,0.0,0,42.36
467300000,467300000,0.9990165,0.0057383855,0.043823004,-0.004660041,0.0,0.0,0.0,0.0,0,42.38
467320000,467320000,0.9991318,0.004655568,0.041302018,-0.0041521266,0.0,0.0,0.0,0.0,0,42.4
467340000,467340000,0.9992349,0.003626616,0.03888275,-0.0036913997,0.0,0.0,0.0,0.0,0,42.42
467360000,467360000,0.99932736,0.0026569709,0.036552474,-0.0032774806,0.0,0.0,0.0,0.0,0,42.44
467380000,467380000,0.99940956,0.0017416922,0.034323886,-0.0029091407,0.0,0.0,0.0,0.0,0,42.46
467400000,467400000,0.9994826,0.00087920314,0.0321912,-0.0025855943,0.0,0.0,0.0,0.0,0,42.48
467420000,467420000,0.9995471,6.314728e-05,0.030154416,-0.0023056355,0.0,0.0,0.0,0.0,0,42.5
467440000,467440000,0.9996045,-0.00069643336,0.028198307,-0.002068414,0.0,0.0,0.0,0.0,0,42.52
467460000,467460000,0.99965495,-0.0014035426,0.026335794,-0.0018726689,0.0,0.0,0.0,0.0,0,42.54
467480000,467480000,0.9996992,-0.0020576792,0.024566235,-0.0017174028,0.0,0.0,0.0,0.0,0,42.56
467500000,467500000,0.99973774,-0.0026646603,0.022888942,-0.0016008127,0.0,0.0,0.0,0.0,0,42.58
467520000,467520000,0.9997716,-0.0032235072,0.021286502,-0.0015210505,0.0,0.0,0.0,0.0,0,42.6
467540000,467540000,0.99980104,-0.0037449556,0.019767784,-0.0014762349,0.0,0.0,0.0,0.0,0,42.62
467560000,467560000,0.9998265,-0.004224625,0.018332636,-0.0014647827,0.0,0.0,0.0,0.0,0,42.64
467580000,467580000,0.99984837,-0.0046633505,0.016982863,-0.0014850149,0.0,0.0,0.0,0.0,0,42.66
467600000,467600000,0.99986726,-0.0050582895,0.015705053,-0.0015348536,0.0,0.0,0.0,0.0,0,42.68
467620000,467620000,0.9998835,-0.0054141907,0.014498136,-0.0016122669,0.0,0.0,0.0,0.0,0,42.7
467640000,467640000,0.9998975,-0.005727483,0.013355672,-0.0017154039,0.0,0.0,0.0,0.0,0,42.72
467660000,467660000,0.9999094,-0.0060054027,0.012281538,-0.0018424473,0.0,0.0,0.0,0.0,0,42.74
467680000,467680000,0.99991953,-0.006251552,0.011267296,-0.0019912587,0.0,0.0,0.0,0.0,0,42.76
467700000,467700000,0.999928,-0.0064754784,0.010318759,-0.0021600462,0.0,0.0,0.0,0.0,0,42.78
467720000,467720000,0.99993503,-0.0066694417,0.009433568,-0.0023465895,0.0,0.0,0.0,0.0,0,42.8
467740000,467740000,0.9999409,-0.0068336194,0.008611949,-0.0025493207,0.0,0.0,0.0,0.0,0,42.82
467760000,467760000,0.9999457,-0.0069662007,0.007844356,-0.0027661552,0.0,0.0,0.0,0.0,0,42.84
467780000,467780000,0.9999497,-0.007068923,0.007128018,-0.0029952934,0.0,0.0,0.0,0.0,0,42.86
467800000,467800000,0.999953,-0.007144881,0.006456437,-0.0032349369,0.0,0.0,0.0,0.0,0,42.88
467820000,467820000,0.9999556,-0.007196347,0.0058297515,-0.0034833495,0.0,0.0,0.0,0.0,0,42.9
467840000,467840000,0.9999576,-0.007229501,0.005255416,-0.0037385263,0.0,0.0,0.0,0.0,0,42.92
467860000,467860000,0.99995905,-0.007252535,0.0047379895,-0.003998919,0.0,0.0,0.0,0.0,0,42.94
467880000,467880000,0.99996,-0.0072599878,0.0042633093,-0.004263327,0.0,0.0,0.0,0.0,0,42.96
467900000,467900000,0.9999606,-0.0072599165,0.0038234184,-0.004529868,0.0,0.0,0.0,0.0,0,42.98
467920000,467920000,0.9999609,-0.007254477,0.0034215315,-0.0047973157,0.0,0.0,0.0,0.0,0,43.0
467940000,467940000,0.9999608,-0.0072442214,0.0030618045,-0.0050642057,0.0,0.0,0.0,0.0,0,43.02
467960000,467960000,0.99996054,-0.0072247093,0.0027333891,-0.005329493,0.0,0.0,0.0,0.0,0,43.04
467980000,467980000,0.99996006,-0.0071949805,0.0024349734,-0.0055919923,0.0,0.0,0.0,0.0,0,43.06
468000000,468000000,0.99995947,-0.007156883,0.0021691478,-0.0058504012,0.0,0.0,0.0,0.0,0,43.08
468020000,468020000,0.99995875,-0.007110621,0.001931941,-0.0061035603,0.0,0.0,0.0,0.0,0,43.1
468040000,468040000,0.9999581,-0.007047115,0.0017131162,-0.0063502877,0.0,0.0,0.0,0.0,0,43.12
468060000,468060000,0.9999574,-0.006973096,0.0015201624,-0.006589367,0.0,0.0,0.0,0.0,0,43.14
468080000,468080000,0.9999566,-0.0068918085,0.001358081,-0.006820244,0.0,0.0,0.0,0.0,0,43.16
468100000,468100000,0.9999559,-0.0068020676,0.00121524,-0.007042252,0.0,0.0,0.0,0.0,0,43.18
468120000,468120000,0.9999552,-0.0067076026,0.0010848853,-0.0072548403,0.0,0.0,0.0,0.0,0,43.2
468140000,468140000,0.99995446,-0.0066056987,0.00097021135,-0.007457328,0.0,0.0,0.0,0.0,0,43.22
468160000,468160000,0.9999538,-0.0064947642,0.00087229913,-0.0076488378,0.0,0.0,0.0,0.0,0,43.24
468180000,468180000,0.99995327,-0.0063724746,0.00079348177,-0.00782897,0.0,0.0,0.0,0.0,0,43.26
468200000,468200000,0.99995285,-0.0062420843,0.0007302787,-0.007997069,0.0,0.0,0.0,0.0,0,43.28
468220000,468220000,0.9999524,-0.0061130333,0.0006832263,-0.008153309,0.0,0.0,0.0,0.0,0,43.3
468240000,468240000,0.99995196,-0.005987969,0.0006573184,-0.008297314,0.0,0.0,0.0,0.0,0,43.32
468260000,468260000,0.9999516,-0.0058700754,0.00065480114,-0.008428933,0.0,0.0,0.0,0.0,0,43.34
468280000,468280000,0.9999512,-0.00576136,0.00067128276,-0.008548155,0.0,0.0,0.0,0.0,0,43.36
468300000,468300000,0.9999508,-0.005656502,0.00070033164,-0.008655112,0.0,0.0,0.0,0.0,0,43.38
468320000,468320000,0.9999506,-0.005552699,0.0007386888,-0.008749889,0.0,0.0,0.0,0.0,0,43.4
468340000,468340000,0.9999504,-0.0054485826,0.00078501075,-0.008832552,0.0,0.0,0.0,0.0,0,43.42
468360000,468360000,0.9999503,-0.0053409543,0.00084153964,-0.008902854,0.0,0.0,0.0,0.0,0,43.44
468380000,468380000,0.9999503,-0.005233028,0.00091972615,-0.008960831,0.0,0.0,0.0,0.0,0,43.46
468400000,468400000,0.99995035,-0.0051253536,0.0010166658,-0.009006883,0.0,0.0,0.0,0.0,0,43.48
468420000,468420000,0.99995047,-0.005017555,0.0011274976,-0.009041178,0.0,0.0,0.0,0.0,0,43.5
468440000,468440000,0.99995065,-0.004908517,0.001247311,-0.0090638995,0.0,0.0,0.0,0.0,0,43.52
468460000,468460000,0.9999509,-0.0048039486,0.001381364,-0.009075703,0.0,0.0,0.0,0.0,0,43.54
468480000,468480000,0.9999511,-0.0047019063,0.0015276566,-0.00907689,0.0,0.0,0.0,0.0,0,43.56
468500000,468500000,0.9999515,-0.004591561,0.0016753899,-0.009067891,0.0,0.0,0.0,0.0,0,43.58
468520000,468520000,0.99995196,-0.004472613,0.0018279921,-0.009049428,0.0,0.0,0.0,0.0,0,43.6
468540000,468540000,0.99995244,-0.0043435176,0.0019911444,-0.009021784,0.0,0.0,0.0,0.0,0,43.62
468560000,468560000,0.999953,-0.0042076306,0.0021644996,-0.008985091,0.0,0.0,0.0,0.0,0,43.64
468580000,468580000,0.99995357,-0.004068899,0.002344618,-0.008940484,0.0,0.0,0.0,0.0,0,43.66
468600000,468600000,0.99995416,-0.0039182627,0.0025318076,-0.008888971,0.0,0.0,0.0,0.0,0,43.68
468620000,468620000,0.9999548,-0.0037611367,0.0027163664,-0.008831374,0.0,0.0,0.0,0.0,0,43.7
468640000,468640000,0.9999554,-0.0035989927,0.0029013879,-0.00876819,0.0,0.0,0.0,0.0,0,43.72
468660000,468660000,0.9999561,-0.003432628,0.0030899656,-0.008699838,0.0,0.0,0.0,0.0,0,43.74
468680000,468680000,0.9999566,-0.0032690752,0.0032747919,-0.008626785,0.0,0.0,0.0,0.0,0,43.76
468700000,468700000,0.9999572,-0.003115651,0.0034568752,-0.00854948,0.0,0.0,0.0,0.0,0,43.78
468720000,468720000,0.9999577,-0.002976422,0.0036320507,-0.008468763,0.0,0.0,0.0,0.0,0,43.8
468740000,468740000,0.9999581,-0.0028474692,0.003802535,-0.008385677,0.0,0.0,0.0,0.0,0,43.82
468760000,468760000,0.99995846,-0.0027223777,0.003981247,-0.008300543,0.0,0.0,0.0,0.0,0,43.84
468780000,468780000,0.9999588,-0.002599029,0.0041608172,-0.008213596,0.0,0.0,0.0,0.0,0,43.86
468800000,468800000,0.99995905,-0.0024847738,0.0043305913,-0.008125088,0.0,0.0,0.0,0.0,0,43.88
468820000,468820000,0.99995935,-0.0023693687,0.00449707,-0.00803564,0.0,0.0,0.0,0.0,0,43.9
468840000,468840000,0.99995965,-0.0022528688,0.004643554,-0.007945664,0.0,0.0,0.0,0.0,0,43.92
468860000,468860000,0.99996006,-0.0021393804,0.0047686207,-0.007855273,0.0,0.0,0.0,0.0,0,43.94
468880000,468880000,0.9999604,-0.0020258338,0.004889239,-0.0077649797,0.0,0.0,0.0,0.0,0,43.96
468900000,468900000,0.9999607,-0.0019219599,0.0050051888,-0.0076756887,0.0,0.0,0.0,0.0,0,43.98
468920000,468920000,0.999961,-0.0018257087,0.0051133265,-0.007587353,0.0,0.0,0.0,0.0,0,44.0
468940000,468940000,0.9999613,-0.0017382515,0.0052112048,-0.0075003905,0.0,0.0,0.0,0.0,0,44.02
468960000,468960000,0.9999617,-0.0016621645,0.005294264,-0.007414844,0.0,0.0,0.0,0.0,0,44.04
468980000,468980000,0.99996203,-0.0015914217,0.0053684246,-0.0073308703,0.0,0.0,0.0,0.0,0,44.06
469000000,469000000,0.99996233,-0.0015095666,0.005444697,-0.0072490615,0.0,0.0,0.0,0.0,0,44.08
469020000,469020000,0.9999627,-0.0014188725,0.0055049886,-0.007169841,0.0,0.0,0.0,0.0,0,44.1
469040000,469040000,0.99996316,-0.0013181976,0.0055469684,-0.007093436,0.0,0.0,0.0,0.0,0,44.12
469060000,469060000,0.9999635,-0.0012162265,0.00559394,-0.007019941,0.0,0.0,0.0,0.0,0,44.14
469080000,469080000,0.9999639,-0.0011163428,0.0056438614,-0.0069493083,0.0,0.0,0.0,0.0,0,44.16
469100000,469100000,0.9999642,-0.0010124431,0.0056848484,-0.006881977,0.0,0.0,0.0,0.0,0,44.18
469120000,469120000,0.99996454,-0.00090603705,0.005717697,-0.0068180934,0.0,0.0,0.0,0.0,0,44.2
469140000,469140000,0.9999649,-0.0007954786,0.005746091,-0.0067579206,0.0,0.0,0.0,0.0,0,44.22
469160000,469160000,0.9999652,-0.0006802259,0.005770844,-0.0067013516,0.0,0.0,0.0,0.0,0,44.24
469180000,469180000,0.99996555,-0.00056679366,0.005789611,-0.006648545,0.0,0.0,0.0,0.0,0,44.26
469200000,469200000,0.9999658,-0.00045408565,0.005807162,-0.006599314,0.0,0.0,0.0,0.0,0,44.28
469220000,469220000,0.9999661,-0.0003490442,0.005815241,-0.0065534227,0.0,0.0,0.0,0.0,0,44.3
469240000,469240000,0.99996644,-0.00025174796,0.0058132294,-0.0065109483,0.0,0.0,0.0,0.0,0,44.32
469260000,469260000,0.9999667,-0.0001546566,0.0058173393,-0.006472223,0.0,0.0,0.0,0.0,0,44.34
469280000,469280000,0.99996686,-5.600084e-05,0.005823103,-0.006436979,0.0,0.0,0.0,0.0,0,44.36
469300000,469300000,0.9999671,3.435328e-05,0.005818201,-0.0064050006,0.0,0.0,0.0,0.0,0,44.38
469320000,469320000,0.99996734,0.00011929272,0.005805691,-0.0063764714,0.0,0.0,0.0,0.0,0,44.4
469340000,469340000,0.9999675,0.00021040127,0.0058004325,-0.0063511273,0.0,0.0,0.0,0.0,0,44.42
469360000,469360000,0.9999677,0.00030229357,0.0057953433,-0.006329179,0.0,0.0,0.0,0.0,0,44.44
469380000,469380000,0.99996793,0.00039080088,0.005772062,-0.0063103777,0.0,0.0,0.0,0.0,0,44.46
469400000,469400000,0.9999682,0.0004741684,0.005735584,-0.0062947664,0.0,0.0,0.0,0.0,0,44.48
469420000,469420000,0.9999684,0.0005603437,0.0057014506,-0.0062822415,0.0,0.0,0.0,0.0,0,44.5
469440000,469440000,0.99996865,0.0006476797,0.005660025,-0.006272306,0.0,0.0,0.0,0.0,0,44.52
469460000,469460000,0.9999689,0.00073986675,0.00561198,-0.0062646,0.0,0.0,0.0,0.0,0,44.54
469480000,469480000,0.9999692,0.00083840906,0.005558173,-0.006259107,0.0,0.0,0.0,0.0,0,44.56
469500000,469500000,0.9999694,0.0009397504,0.005496303,-0.0062561044,0.0,0.0,0.0,0.0,0,44.58
469520000,469520000,0.9999698,0.0010371662,0.0054198126,-0.0062557673,0.0,0.0,0.0,0.0,0,44.6
469540000,469540000,0.99997014,0.0011323417,0.005328464,-0.0062577995,0.0,0.0,0.0,0.0,0,44.62
469560000,469560000,0.99997056,0.0012263356,0.005222864,-0.0062621324,0.0,0.0,0.0,0.0,0,44.64
469580000,469580000,0.999971,0.0013227771,0.0051083704,-0.0062686973,0.0,0.0,0.0,0.0,0,44.66
469600000,469600000,0.9999714,0.001420949,0.0049904273,-0.006277344,0.0,0.0,0.0,0.0,0,44.68
469620000,469620000,0.99997175,0.001520529,0.0048695267,-0.0062881443,0.0,0.0,0.0,0.0,0,44.7
469640000,469640000,0.99997216,0.0016169491,0.004743181,-0.0063006524,0.0,0.0,0.0,0.0,0,44.72
469660000,469660000,0.9999725,0.0017076983,0.004614271,-0.0063153226,0.0,0.0,0.0,0.0,0,44.74
469680000,469680000,0.9999729,0.0017872405,0.0044783833,-0.006331292,0.0,0.0,0.0,0.0,0,44.76
469700000,469700000,0.9999733,0.001859655,0.0043292353,-0.0063488134,0.0,0.0,0.0,0.0,0,44.78
469720000,469720000,0.99997365,0.0019366256,0.0041768136,-0.0063678278,0.0,0.0,0.0,0.0,0,44.8
469740000,469740000,0.999974,0.0020115,0.0040244735,-0.006387719,0.0,0.0,0.0,0.0,0,44.82
469760000,469760000,0.99997437,0.002073176,0.0038784593,-0.0064083417,0.0,0.0,0.0,0.0,0,44.84
469780000,469780000,0.99997467,0.002130293,0.0037314114,-0.0064290324,0.0,0.0,0.0,0.0,0,44.86
469800000,469800000,0.99997497,0.0021874835,0.0035815171,-0.006449718,0.0,0.0,0.0,0.0,0,44.88
469820000,469820000,0.9999752,0.0022394538,0.003436377,-0.0064702025,0.0,0.0,0.0,0.0,0,44.9
469840000,469840000,0.99997544,0.0022900607,0.003291873,-0.0064905016,0.0,0.0,0.0,0.0,0,44.92
469860000,469860000,0.9999757,0.0023267718,0.0031615042,-0.006510349,0.0,0.0,0.0,0.0,0,44.94
469880000,469880000,0.99997586,0.0023581423,0.0030358802,-0.0065298355,0.0,0.0,0.0,0.0,0,44.96
469900000,469900000,0.99997604,0.0023922182,0.002907245,-0.00654911,0.0,0.0,0.0,0.0,0,44.98
469920000,469920000,0.99997616,0.0024317862,0.002771983,-0.006568228,0.0,0.0,0.0,0.0,0,45.0
469940000,469940000,0.99997634,0.0024688938,0.0026385216,-0.0065869973,0.0,0.0,0.0,0.0,0,45.02
469960000,469960000,0.99997646,0.0024937578,0.0025211943,-0.0066054943,0.0,0.0,0.0,0.0,0,45.04
469980000,469980000,0.9999765,0.0025170748,0.0024091976,-0.00662383,0.0,0.0,0.0,0.0,0,45.06
470000000,470000000,0.99997663,0.0025415542,0.0022972454,-0.0066420943,0.0,0.0,0.0,0.0,0,45.08
470020000,470020000,0.9999767,0.0025727418,0.0021902693,-0.0066601294,0.0,0.0,0.0,0.0,0,45.1
470040000,470040000,0.9999767,0.0026044988,0.002090307,-0.0066786823,0.0,0.0,0.0,0.0,0,45.12
470060000,470060000,0.99997663,0.002630415,0.0020001845,-0.0066976356,0.0,0.0,0.0,0.0,0,45.14
470080000,470080000,0.99997663,0.0026540216,0.0019263984,-0.006716628,0.0,0.0,0.0,0.0,0,45.16
470100000,470100000,0.9999765,0.002683285,0.0018636084,-0.0067350874,0.0,0.0,0.0,0.0,0,45.18
470120000,470120000,0.99997646,0.0027111904,0.0017903397,-0.006753028,0.0,0.0,0.0,0.0,0,45.2
470140000,470140000,0.9999764,0.0027403904,0.0017139239,-0.006770716,0.0,0.0,0.0,0.0,0,45.22
470160000,470160000,0.99997634,0.0027703855,0.001645384,-0.0067886133,0.0,0.0,0.0,0.0,0,45.24
470180000,470180000,0.9999762,0.0027991491,0.0015783857,-0.0068064244,0.0,0.0,0.0,0.0,0,45.26
470200000,470200000,0.9999761,0.0028268185,0.001514214,-0.0068240403,0.0,0.0,0.0,0.0,0,45.28
470220000,470220000,0.99997604,0.0028511889,0.0014418355,-0.006841152,0.0,0.0,0.0,0.0,0,45.3
470240000,470240000,0.999976,0.0028647457,0.0013751562,-0.006857479,0.0,0.0,0.0,0.0,0,45.32
470260000,470260000,0.9999759,0.0028706756,0.001321636,-0.0068730037,0.0,0.0,0.0,0.0,0,45.34
470280000,470280000,0.9999759,0.002869389,0.0012600087,-0.006887807,0.0,0.0,0.0,0.0,0,45.36
470300000,470300000,0.9999759,0.0028620681,0.0012006413,-0.006901801,0.0,0.0,0.0,0.0,0,45.38
470320000,470320000,0.9999759,0.0028528157,0.0011412656,-0.0069154073,0.0,0.0,0.0,0.0,0,45.4
470340000,470340000,0.9999759,0.0028387455,0.0010795459,-0.006928171,0.0,0.0,0.0,0.0,0,45.42
470360000,470360000,0.999976,0.0028128375,0.0010237754,-0.006939902,0.0,0.0,0.0,0.0,0,45.44
470380000,470380000,0.99997604,0.002776418,0.00097280357,-0.006950992,0.0,0.0,0.0,0.0,0,45.46
470400000,470400000,0.99997616,0.0027325791,0.00092353055,-0.0069613005,0.0,0.0,0.0,0.0,0,45.48
470420000,470420000,0.9999763,0.0026789114,0.00087812054,-0.0069707693,0.0,0.0,0.0,0.0,0,45.5
470440000,470440000,0.9999764,0.0026159368,0.0008360067,-0.006979673,0.0,0.0,0.0,0.0,0,45.52
470460000,470460000,0.9999766,0.0025486408,0.0007918579,-0.0069880337,0.0,0.0,0.0,0.0,0,45.54
470480000,470480000,0.99997675,0.0024713606,0.00075135374,-0.006995529,0.0,0.0,0.0,0.0,0,45.56
470500000,470500000,0.99997693,0.00238473,0.0007136201,-0.0070022033,0.0,0.0,0.0,0.0,0,45.58
470520000,470520000,0.9999771,0.0022977246,0.00066946016,-0.0070075965,0.0,0.0,0.0,0.0,0,45.6
470540000,470540000,0.99997735,0.002211107,0.0006179422,-0.0070117144,0.0,0.0,0.0,0.0,0,45.62
470560000,470560000,0.9999775,0.0021179994,0.00057156844,-0.0070150583,0.0,0.0,0.0,0.0,0,45.64
470580000,470580000,0.99997777,0.002020909,0.0005334848,-0.00701703,0.0,0.0,0.0,0.0,0,45.66
470600000,470600000,0.99997795,0.0019256457,0.00049148797,-0.007017218,0.0,0.0,0.0,0.0,0,45.68
470620000,470620000,0.9999781,0.001838127,0.00044768504,-0.00701637,0.0,0.0,0.0,0.0,0,45.7
470640000,470640000,0.9999783,0.0017623132,0.00040756597,-0.007014864,0.0,0.0,0.0,0.0,0,45.72
470660000,470660000,0.9999785,0.0016898058,0.00036891614,-0.0070131617,0.0,0.0,0.0,0.0,0,45.74
470680000,470680000,0.9999786,0.0016095184,0.00032319452,-0.007011663,0.0,0.0,0.0,0.0,0,45.76
470700000,470700000,0.9999788,0.0015211345,0.00028131978,-0.0070104674,0.0,0.0,0.0,0.0,0,45.78
470720000,470720000,0.9999789,0.0014336079,0.00025000132,-0.0070091593,0.0,0.0,0.0,0.0,0,45.8
470740000,470740000,0.9999791,0.0013448149,0.00021649011,-0.0070078513,0.0,0.0,0.0,0.0,0,45.82
470760000,470760000,0.9999792,0.0012534236,0.0001815223,-0.007006801,0.0,0.0,0.0,0.0,0,45.84
470780000,470780000,0.9999793,0.0011579249,0.000155726,-0.007006154,0.0,0.0,0.0,0.0,0,45.86
470800000,470800000,0.99997944,0.0010579177,0.00013508934,-0.007005716,0.0,0.0,0.0,0.0,0,45.88
470820000,470820000,0.99997956,0.00095825904,0.0001186084,-0.0070053036,0.0,0.0,0.0,0.0,0,45.9
470840000,470840000,0.9999797,0.00086114893,0.00010977539,-0.007004286,0.0,0.0,0.0,0.0,0,45.92
470860000,470860000,0.99997973,0.0007587628,9.4637246e-05,-0.0070027704,0.0,0.0,0.0,0.0,0,45.94
470880000,470880000,0.99997985,0.0006493612,8.436293e-05,-0.007001158,0.0,0.0,0.0,0.0,0,45.96
470900000,470900000,0.9999799,0.00054088916,8.167652e-05,-0.0069993655,0.0,0.0,0.0,0.0,0,45.98
470920000,470920000,0.99998,0.00043628327,7.4410396e-05,-0.0069974596,0.0,0.0,0.0,0.0,0,46.0
470940000,470940000,0.99998003,0.00033510762,5.91528e-05,-0.0069954908,0.0,0.0,0.0,0.0,0,46.02
470960000,470960000,0.9999801,0.00023148059,3.9297578e-05,-0.0069930195,0.0,0.0,0.0,0.0,0,46.04
470980000,470980000,0.9999801,0.00012329289,1.6665439e-05,-0.006990339,0.0,0.0,0.0,0.0,0,46.06
471000000,471000000,0.99998015,1.4032136e-05,-1.28302545e-05,-0.006987656,0.0,0.0,0.0,0.0,0,46.08
471020000,471020000,0.99998015,-9.114281e-05,-4.8299225e-05,-0.006985128,0.0,0.0,0.0,0.0,0,46.1
471040000,471040000,0.99998015,-0.00019300693,-9.143996e-05,-0.0069827093,0.0,0.0,0.0,0.0,0,46.12
471060000,471060000,0.99998015,-0.00029474281,-0.0001367604,-0.0069805295,0.0,0.0,0.0,0.0,0,46.14
471080000,471080000,0.9999801,-0.0003965374,-0.00016934733,-0.006978472,0.0,0.0,0.0,0.0,0,46.16
471100000,471100000,0.9999801,-0.0004985833,-0.00018916436,-0.006976567,0.0,0.0,0.0,0.0,0,46.18
471120000,471120000,0.99998003,-0.0005967194,-0.0002095849,-0.0069743786,0.0,0.0,0.0,0.0,0,46.2
471140000,471140000,0.99998,-0.000689985,-0.00023224749,-0.00697226,0.0,0.0,0.0,0.0,0,46.22
471160000,471160000,0.9999799,-0.0007810484,-0.0002454104,-0.0069702934,0.0,0.0,0.0,0.0,0,46.24
471180000,471180000,0.99997985,-0.00086466706,-0.00024723768,-0.0069689443,0.0,0.0,0.0,0.0,0,46.26
471200000,471200000,0.9999798,-0.0009485784,-0.00025427705,-0.006968176,0.0,0.0,0.0,0.0,0,46.28
471220000,471220000,0.99997973,-0.0010330348,-0.000271111,-0.006967606,0.0,0.0,0.0,0.0,0,46.3
471240000,471240000,0.9999796,-0.0011149896,-0.00029642278,-0.0069673727,0.0,0.0,0.0,0.0,0,46.32
471260000,471260000,0.9999795,-0.0011891954,-0.00032606005,-0.0069674137,0.0,0.0,0.0,0.0,0,46.34
471280000,471280000,0.99997944,-0.0012583003,-0.00036281205,-0.006967541,0.0,0.0,0.0,0.0,0,46.36
471300000,471300000,0.9999793,-0.0013235486,-0.0004082519,-0.006967698,0.0,0.0,0.0,0.0,0,46.38
471320000,471320000,0.9999792,-0.0013857721,-0.00046265053,-0.00696786,0.0,0.0,0.0,0.0,0,46.4
471340000,471340000,0.9999791,-0.0014464731,-0.0005093636,-0.0069682132,0.0,0.0,0.0,0.0,0,46.42
471360000,471360000,0.99997896,-0.0015066301,-0.00054166926,-0.0069686226,0.0,0.0,0.0,0.0,0,46.44
471380000,471380000,0.9999789,-0.0015643996,-0.0005727505,-0.0069690333,0.0,0.0,0.0,0.0,0,46.46
471400000,471400000,0.9999788,-0.0016194748,-0.00060877594,-0.0069694333,0.0,0.0,0.0,0.0,0,46.48
471420000,471420000,0.9999785,-0.0018722211,0.00042423047,-0.006962131,0.0,0.0,0.0,0.0,0,46.5
471440000,471440000,0.9999349,-0.0034739377,0.008894274,-0.0069332807,0.0,0.0,0.0,0.0,0,46.52
471460000,471460000,0.99961823,-0.006721934,0.026079934,-0.0068653123,0.0,0.0,0.0,0.0,0,46.54
471480000,471480000,0.9987173,-0.011272985,0.048992865,-0.0067394753,0.0,0.0,0.0,0.0,0,46.56
471500000,471500000,0.9970699,-0.016753795,0.07441307,-0.006534165,0.0,0.0,0.0,0.0,0,46.58
471520000,471520000,0.99467456,-0.022702226,0.10038542,-0.006240321,0.0,0.0,0.0,0.0,0,46.6
471540000,471540000,0.99159986,-0.02889339,0.12597524,-0.005848148,0.0,0.0,0.0,0.0,0,46.62
471560000,471560000,0.987963,-0.03515618,0.15057759,-0.005349098,0.0,0.0,0.0,0.0,0,46.64
471580000,471580000,0.9839364,-0.04121379,0.17365769,-0.0047555068,0.0,0.0,0.0,0.0,0,46.66
471600000,471600000,0.9796938,-0.04704551,0.19488338,-0.00405189,0.0,0.0,0.0,0.0,0,46.68
471620000,471620000,0.9754226,-0.05248369,0.21399704,-0.0032538702,0.0,0.0,0.0,0.0,0,46.7
471640000,471640000,0.97125036,-0.057465695,0.23102799,-0.002374343,0.0,0.0,0.0,0.0,0,46.72
471660000,471660000,0.96730477,-0.061982047,0.24594061,-0.001413863,0.0,0.0,0.0,0.0,0,46.74
471680000,471680000,0.96367115,-0.06596008,0.25883606,-0.0003985702,0.0,0.0,0.0,0.0,0,46.76
471700000,471700000,0.9604171,-0.069444284,0.2697873,0.00067443633,0.0,0.0,0.0,0.0,0,46.78
471720000,471720000,0.9575832,-0.07239545,0.27892524,0.0017801095,0.0,0.0,0.0,0.0,0,46.8
471740000,471740000,0.9551818,-0.07486835,0.28639677,0.0029167577,0.0,0.0,0.0,0.0,0,46.82
471760000,471760000,0.9532207,-0.076858334,0.2923279,0.0040665334,0.0,0.0,0.0,0.0,0,46.84
471780000,471780000,0.9516927,-0.07840067,0.29684365,0.005222643,0.0,0.0,0.0,0.0,0,46.86
471800000,471800000,0.9505841,-0.079519354,0.30005822,0.006374927,0.0,0.0,0.0,0.0,0,46.88
471820000,471820000,0.9498738,-0.08024012,0.30208266,0.00751349,0.0,0.0,0.0,0.0,0,46.9
471840000,471840000,0.9495381,-0.08059442,0.30301234,0.008631159,0.0,0.0,0.0,0.0,0,46.92
471860000,471860000,0.9495511,-0.08060049,0.30293724,0.009717536,0.0,0.0,0.0,0.0,0,46.94
471880000,471880000,0.94988245,-0.08029251,0.3019431,0.010766916,0.0,0.0,0.0,0.0,0,46.96
471900000,471900000,0.9505013,-0.07970106,0.30010906,0.011773588,0.0,0.0,0.0,0.0,0,46.98
471920000,471920000,0.9513832,-0.07885262,0.2974883,0.01273265,0.0,0.0,0.0,0.0,0,47.0
471940000,471940000,0.95249873,-0.077777185,0.2941427,0.013640176,0.0,0.0,0.0,0.0,0,47.02
471960000,471960000,0.9538205,-0.07649325,0.29012823,0.014489349,0.0,0.0,0.0,0.0,0,47.04
471980000,471980000,0.95532274,-0.07503434,0.28548887,0.015279695,0.0,0.0,0.0,0.0,0,47.06
472000000,472000000,0.9569826,-0.07341573,0.28026304,0.016005691,0.0,0.0,0.0,0.0,0,47.08
472020000,472020000,0.95877475,-0.071660124,0.27449444,0.016664738,0.0,0.0,0.0,0.0,0,47.1
472040000,472040000,0.9606759,-0.06977238,0.26822603,0.017249187,0.0,0.0,0.0,0.0,0,47.12
472060000,472060000,0.9626671,-0.06778362,0.26147866,0.017761081,0.0,0.0,0.0,0.0,0,47.14
472080000,472080000,0.96472734,-0.0656948,0.25428998,0.018193683,0.0,0.0,0.0,0.0,0,47.16
472100000,472100000,0.966838,-0.063530065,0.24668454,0.018547954,0.0,0.0,0.0,0.0,0,47.18
472120000,472120000,0.9689747,-0.061288737,0.23871893,0.018816382,0.0,0.0,0.0,0.0,0,47.2
472140000,472140000,0.9711248,-0.059003763,0.23039764,0.019004673,0.0,0.0,0.0,0.0,0,47.22
472160000,472160000,0.9732706,-0.056670412,0.22175851,0.019107847,0.0,0.0,0.0,0.0,0,47.24
472180000,472180000,0.97539866,-0.054299112,0.21281992,0.019126605,0.0,0.0,0.0,0.0,0,47.26
472200000,472200000,0.9774918,-0.051883243,0.20362663,0.019057086,0.0,0.0,0.0,0.0,0,47.28
472220000,472220000,0.9795407,-0.049440514,0.19418398,0.018903453,0.0,0.0,0.0,0.0,0,47.3
472240000,472240000,0.98152876,-0.046967372,0.184543,0.018663477,0.0,0.0,0.0,0.0,0,47.32
472260000,472260000,0.98344636,-0.04447453,0.17472252,0.018340256,0.0,0.0,0.0,0.0,0,47.34
472280000,472280000,0.9852794,-0.041965682,0.16477534,0.017934639,0.0,0.0,0.0,0.0,0,47.36
472300000,472300000,0.98702574,-0.03944543,0.15468934,0.017451402,0.0,0.0,0.0,0.0,0,47.38
472320000,472320000,0.98867315,-0.036921922,0.1445196,0.016893107,0.0,0.0,0.0,0.0,0,47.4
472340000,472340000,0.9902189,-0.034395263,0.13426885,0.016264113,0.0,0.0,0.0,0.0,0,47.42
472360000,472360000,0.99165326,-0.03187245,0.12399482,0.015567855,0.0,0.0,0.0,0.0,0,47.44
472380000,472380000,0.99297446,-0.029348139,0.11371122,0.014808718,0.0,0.0,0.0,0.0,0,47.46
472400000,472400000,0.99417704,-0.026833134,0.10346663,0.013992478,0.0,0.0,0.0,0.0,0,47.48
472420000,472420000,0.9952625,-0.024320537,0.093262866,0.013124387,0.0,0.0,0.0,0.0,0,47.5
472440000,472440000,0.9962272,-0.021831868,0.08315464,0.012211165,0.0,0.0,0.0,0.0,0,47.52
472460000,472460000,0.99707425,-0.019351415,0.07314957,0.011257669,0.0,0.0,0.0,0.0,0,47.54
472480000,472480000,0.9978039,-0.016897136,0.06328825,0.010271133,0.0,0.0,0.0,0.0,0,47.56
472500000,472500000,0.9984209,-0.014457131,0.053573612,0.009256954,0.0,0.0,0.0,0.0,0,47.58
472520000,472520000,0.9989275,-0.0120589165,0.044044487,0.008222843,0.0,0.0,0.0,0.0,0,47.6
472540000,472540000,0.9993295,-0.009682914,0.03470458,0.0071745333,0.0,0.0,0.0,0.0,0,47.62
472560000,472560000,0.9996315,-0.0073548504,0.025580611,0.006119033,0.0,0.0,0.0,0.0,0,47.64
472580000,472580000,0.99983966,-0.0050608222,0.016689165,0.005062159,0.0,0.0,0.0,0.0,0,47.66
472600000,472600000,0.9999601,-0.0028184548,0.00804957,0.0040104943,0.0,0.0,0.0,0.0,0,47.68
472620000,472620000,0.9999999,-0.0006121893,-0.00034290346,0.002969501,0.0,0.0,0.0,0.0,0,47.7
472640000,472640000,0.99996555,0.0015368687,-0.008479305,0.0019450671,0.0,0.0,0.0,0.0,0,47.72
472660000,472660000,0.9998638,0.003637708,-0.016349673,0.00094230374,0.0,0.0,0.0,0.0,0,47.74
472680000,472680000,0.99970186,0.0056682196,-0.023940198,-3.402792e-05,0.0,0.0,0.0,0.0,0,47.76
472700000,472700000,0.99948645,0.007646903,-0.031249993,-0.0009787114,0.0,0.0,0.0,0.0,0,47.78
472720000,472720000,0.9992245,0.009544356,-0.038273808,-0.0018886203,0.0,0.0,0.0,0.0,0,47.8
472740000,472740000,0.99892217,0.011382276,-0.045016035,-0.0027589996,0.0,0.0,0.0,0.0,0,47.82
472760000,472760000,0.9985864,0.013136028,-0.051467326,-0.0035875912,0.0,0.0,0.0,0.0,0,47.84
472780000,472780000,0.9982225,0.014823559,-0.05763828,-0.004370494,0.0,0.0,0.0,0.0,0,47.86
472800000,472800000,0.9978365,0.016425177,-0.063526906,-0.00510587,0.0,0.0,0.0,0.0,0,47.88
472820000,472820000,0.99743354,0.017959839,-0.069132656,-0.0057900967,0.0,0.0,0.0,0.0,0,47.9
472840000,472840000,0.9970193,0.019402673,-0.074457504,-0.0064230533,0.0,0.0,0.0,0.0,0,47.92
472860000,472860000,0.9965985,0.020764127,-0.07950091,-0.007002379,0.0,0.0,0.0,0.0,0,47.94
472880000,472880000,0.9961747,0.02203133,-0.08427937,-0.007528306,0.0,0.0,0.0,0.0,0,47.96
472900000,472900000,0.9957514,0.023224268,-0.08879713,-0.007998897,0.0,0.0,0.0,0.0,0,47.98
472920000,472920000,0.9953335,0.024328187,-0.0930464,-0.008414442,0.0,0.0,0.0,0.0,0,48.0
472940000,472940000,0.99492365,0.025360685,-0.09703543,-0.008773631,0.0,0.0,0.0,0.0,0,48.02
472960000,472960000,0.99452424,0.026305605,-0.100777976,-0.0090789525,0.0,0.0,0.0,0.0,0,48.04
472980000,472980000,0.9941366,0.027177414,-0.10428749,-0.009329521,0.0,0.0,0.0,0.0,0,48.06
473000000,473000000,0.9937646,0.027961977,-0.10755687,-0.009527243,0.0,0.0,0.0,0.0,0,48.08
473020000,473020000,0.9934103,0.028674005,-0.11058624,-0.009671953,0.0,0.0,0.0,0.0,0,48.1
473040000,473040000,0.99307543,0.0293,-0.11338603,-0.00976722,0.0,0.0,0.0,0.0,0,48.12
473060000,473060000,0.9927604,0.029851621,-0.115967125,-0.009814003,0.0,0.0,0.0,0.0,0,48.14
473080000,473080000,0.99246687,0.030325824,-0.11833292,-0.009814717,0.0,0.0,0.0,0.0,0,48.16
473100000,473100000,0.9921952,0.030734573,-0.12048943,-0.009769998,0.0,0.0,0.0,0.0,0,48.18
473120000,473120000,0.99194616,0.03106514,-0.12244623,-0.009683827,0.0,0.0,0.0,0.0,0,48.2
473140000,473140000,0.99172086,0.031322844,-0.12420279,-0.0095579205,0.0,0.0,0.0,0.0,0,48.22
473160000,473160000,0.99152046,0.031513993,-0.1257574,-0.009394213,0.0,0.0,0.0,0.0,0,48.24
473180000,473180000,0.99134403,0.031655133,-0.12712003,-0.009193226,0.0,0.0,0.0,0.0,0,48.26
473200000,473200000,0.99119025,0.03173658,-0.12831002,-0.008959718,0.0,0.0,0.0,0.0,0,48.28
473220000,473220000,0.991059,0.031769272,-0.1293299,-0.008695623,0.0,0.0,0.0,0.0,0,48.3
473240000,473240000,0.990951,0.031756047,-0.13017721,-0.00840351,0.0,0.0,0.0,0.0,0,48.32
473260000,473260000,0.990865,0.03169461,-0.1308655,-0.008087048,0.0,0.0,0.0,0.0,0,48.34
473280000,473280000,0.9908006,0.03158855,-0.13139766,-0.007748658,0.0,0.0,0.0,0.0,0,48.36
473300000,473300000,0.99075747,0.031440355,-0.13177852,-0.0073909704,0.0,0.0,0.0,0.0,0,48.38
473320000,473320000,0.9907347,0.03125552,-0.13201392,-0.0070170085,0.0,0.0,0.0,0.0,0,48.4
473340000,473340000,0.99073094,0.031042138,-0.13211285,-0.006628575,0.0,0.0,0.0,0.0,0,48.42
473360000,473360000,0.9907451,0.030801293,-0.1320823,-0.0062286546,0.0,0.0,0.0,0.0,0,48.44
473380000,473380000,0.9907768,0.03053442,-0.13192528,-0.005820025,0.0,0.0,0.0,0.0,0,48.46
473400000,473400000,0.9908246,0.030240523,-0.13165131,-0.0054058484,0.0,0.0,0.0,0.0,0,48.48
473420000,473420000,0.99088925,0.029924432,-0.13125278,-0.004988106,0.0,0.0,0.0,0.0,0,48.5
473440000,473440000,0.99096984,0.029592738,-0.1307338,-0.004568726,0.0,0.0,0.0,0.0,0,48.52
473460000,473460000,0.9910657,0.029245963,-0.13009752,-0.0041504116,0.0,0.0,0.0,0.0,0,48.54
473480000,473480000,0.9911741,0.028882006,-0.12936339,-0.00373632,0.0,0.0,0.0,0.0,0,48.56
473500000,473500000,0.9912949,0.028501391,-0.12853032,-0.0033288677,0.0,0.0,0.0,0.0,0,48.58
473520000,473520000,0.9914279,0.028112115,-0.12759687,-0.002928835,0.0,0.0,0.0,0.0,0,48.6
473540000,473540000,0.9915722,0.027707696,-0.1265681,-0.0025393835,0.0,0.0,0.0,0.0,0,48.62
473560000,473560000,0.9917264,0.027289234,-0.12545301,-0.002162667,0.0,0.0,0.0,0.0,0,48.64
473580000,473580000,0.99189097,0.026866691,-0.12424328,-0.0017989579,0.0,0.0,0.0,0.0,0,48.66
473600000,473600000,0.9920646,0.026449177,-0.12294406,-0.001448883,0.0,0.0,0.0,0.0,0,48.68
473620000,473620000,0.9922471,0.02602991,-0.121556476,-0.0011147383,0.0,0.0,0.0,0.0,0,48.7
473640000,473640000,0.99243695,0.025613317,-0.12008901,-0.0007975687,0.0,0.0,0.0,0.0,0,48.72
473660000,473660000,0.9926336,0.025195718,-0.11854373,-0.0004990706,0.0,0.0,0.0,0.0,0,48.74
473680000,473680000,0.99283534,0.024783527,-0.11693081,-0.00021986116,0.0,0.0,0.0,0.0,0,48.76
473700000,473700000,0.9930424,0.024371201,-0.11524726,3.8428934e-05,0.0,0.0,0.0,0.0,0,48.78
473720000,473720000,0.9932546,0.02396138,-0.1134907,0.00027540457,0.0,0.0,0.0,0.0,0,48.8
473740000,473740000,0.9934707,0.023550792,-0.111670025,0.0004899676,0.0,0.0,0.0,0.0,0,48.82
473760000,473760000,0.9936882,0.023147631,-0.10980236,0.0006820932,0.0,0.0,0.0,0.0,0,48.84
473780000,473780000,0.99390656,0.022748392,-0.10789187,0.0008509074,0.0,0.0,0.0,0.0,0,48.86
473800000,473800000,0.99412537,0.02235962,-0.105938315,0.0009968904,0.0,0.0,0.0,0.0,0,48.88
473820000,473820000,0.9943451,0.021971392,-0.10393672,0.0011189969,0.0,0.0,0.0,0.0,0,48.9
473840000,473840000,0.99456495,0.02158316,-0.101893686,0.001216958,0.0,0.0,0.0,0.0,0,48.92
473860000,473860000,0.99478376,0.021195479,-0.09981738,0.0012908881,0.0,0.0,0.0,0.0,0,48.94
473880000,473880000,0.99500054,0.020812899,-0.097714126,0.0013415846,0.0,0.0,0.0,0.0,0,48.96
473900000,473900000,0.9952154,0.020429635,-0.09558289,0.0013685666,0.0,0.0,0.0,0.0,0,48.98
473920000,473920000,0.99542814,0.020055074,-0.09342287,0.0013731936,0.0,0.0,0.0,0.0,0,49.0
473940000,473940000,0.9956381,0.019687941,-0.09123847,0.0013556551,0.0,0.0,0.0,0.0,0,49.02
473960000,473960000,0.99584514,0.019328319,-0.08902971,0.0013164578,0.0,0.0,0.0,0.0,0,49.04
473980000,473980000,0.9960484,0.018975498,-0.08680483,0.001256237,0.0,0.0,0.0,0.0,0,49.06
474000000,474000000,0.9962479,0.018628413,-0.08456264,0.0011757595,0.0,0.0,0.0,0.0,0,49.08
474020000,474020000,0.9964427,0.0182816,-0.08231513,0.0010753545,0.0,0.0,0.0,0.0,0,49.1
474040000,474040000,0.99663174,0.017940924,-0.08007205,0.0009560217,0.0,0.0,0.0,0.0,0,49.12
474060000,474060000,0.99681616,0.017600056,-0.07782203,0.0008187049,0.0,0.0,0.0,0.0,0,49.14
474080000,474080000,0.9969966,0.017260462,-0.07555506,0.000664574,0.0,0.0,0.0,0.0,0,49.16
474100000,474100000,0.9971726,0.016920377,-0.07327624,0.0004940558,0.0,0.0,0.0,0.0,0,49.18
474120000,474120000,0.9973451,0.016578315,-0.07097124,0.00030848032,0.0,0.0,0.0,0.0,0,49.2
474140000,474140000,0.99751353,0.016229419,-0.068646975,0.00010866309,0.0,0.0,0.0,0.0,0,49.22
474160000,474160000,0.99767786,0.015876815,-0.06630192,-0.00010410809,0.0,0.0,0.0,0.0,0,49.24
474180000,474180000,0.99783784,0.015514186,-0.06393669,-0.0003293013,0.0,0.0,0.0,0.0,0,49.26
474200000,474200000,0.99799335,0.015151988,-0.061550524,-0.00056490843,0.0,0.0,0.0,0.0,0,49.28
474220000,474220000,0.9981432,0.014771258,-0.059164397,-0.00081093796,0.0,0.0,0.0,0.0,0,49.3
474240000,474240000,0.9982873,0.0143919075,-0.05677364,-0.0010651215,0.0,0.0,0.0,0.0,0,49.32
474260000,474260000,0.9984254,0.014005081,-0.054386143,-0.001326871,0.0,0.0,0.0,0.0,0,49.34
474280000,474280000,0.99855727,0.013612934,-0.05200575,-0.001594925,0.0,0.0,0.0,0.0,0,49.36
474300000,474300000,0.9986824,0.013196713,-0.049648173,-0.0018692985,0.0,0.0,0.0,0.0,0,49.38
474320000,474320000,0.9988006,0.012779676,-0.04731402,-0.0021477956,0.0,0.0,0.0,0.0,0,49.4
474340000,474340000,0.9989118,0.012355819,-0.045008894,-0.002429858,0.0,0.0,0.0,0.0,0,49.42
474360000,474360000,0.999016,0.011938276,-0.04273425,-0.0027138016,0.0,0.0,0.0,0.0,0,49.44
474380000,474380000,0.9991134,0.011515007,-0.040496994,-0.0029994408,0.0,0.0,0.0,0.0,0,49.46
474400000,474400000,0.9992038,0.011090556,-0.03830179,-0.0032855126,0.0,0.0,0.0,0.0,0,49.48
474420000,474420000,0.9992875,0.010656647,-0.036156286,-0.003571188,0.0,0.0,0.0,0.0,0,49.5
474440000,474440000,0.99936455,0.010224529,-0.03406127,-0.003854741,0.0,0.0,0.0,0.0,0,49.52
474460000,474460000,0.99943537,0.009791859,-0.0320163,-0.0041352175,0.0,0.0,0.0,0.0,0,49.54
474480000,474480000,0.99950016,0.009365673,-0.030023444,-0.004411498,0.0,0.0,0.0,0.0,0,49.56
474500000,474500000,0.999559,0.008943272,-0.028088722,-0.004682965,0.0,0.0,0.0,0.0,0,49.58
474520000,474520000,0.9996123,0.008527073,-0.026214415,-0.0049485946,0.0,0.0,0.0,0.0,0,49.6
474540000,474540000,0.99966013,0.008119405,-0.024406996,-0.0052074236,0.0,0.0,0.0,0.0,0,49.62
474560000,474560000,0.9997031,0.007717279,-0.022659622,-0.005458798,0.0,0.0,0.0,0.0,0,49.64
474580000,474580000,0.9997417,0.007325546,-0.020963244,-0.005701859,0.0,0.0,0.0,0.0,0,49.66
474600000,474600000,0.9997762,0.0069426843,-0.019320032,-0.005935966,0.0,0.0,0.0,0.0,0,49.68
474620000,474620000,0.9998067,0.0065781944,-0.01773339,-0.006160199,0.0,0.0,0.0,0.0,0,49.7
474640000,474640000,0.9998336,0.006226784,-0.016201353,-0.0063743233,0.0,0.0,0.0,0.0,0,49.72
474660000,474660000,0.99985707,0.005898984,-0.014727518,-0.0065777423,0.0,0.0,0.0,0.0,0,49.74
474680000,474680000,0.9998773,0.005590371,-0.013319479,-0.006770085,0.0,0.0,0.0,0.0,0,49.76
474700000,474700000,0.9998947,0.0053000823,-0.011971725,-0.0069512012,0.0,0.0,0.0,0.0,0,49.78
474720000,474720000,0.9999097,0.005020966,-0.0106693655,-0.007120743,0.0,0.0,0.0,0.0,0,49.8
474740000,474740000,0.99992245,0.004765083,-0.009410996,-0.0072784727,0.0,0.0,0.0,0.0,0,49.82
474760000,474760000,0.99993306,0.0045252074,-0.008208318,-0.0074243126,0.0,0.0,0.0,0.0,0,49.84
474780000,474780000,0.99994177,0.00430399,-0.007062934,-0.0075584594,0.0,0.0,0.0,0.0,0,49.86
474800000,474800000,0.99994886,0.004090415,-0.0059708594,-0.0076808846,0.0,0.0,0.0,0.0,0,49.88
474820000,474820000,0.99995446,0.0038866545,-0.004930324,-0.0077915597,0.0,0.0,0.0,0.0,0,49.9
474840000,474840000,0.9999588,0.0036925136,-0.0039409767,-0.00789046,0.0,0.0,0.0,0.0,0,49.92
474860000,474860000,0.99996203,0.003518871,-0.0030056955,-0.007977614,0.0,0.0,0.0,0.0,0,49.94
474880000,474880000,0.99996424,0.0033615418,-0.0021224571,-0.008053141,0.0,0.0,0.0,0.0,0,49.96
474900000,474900000,0.9999656,0.0032237775,-0.0012900883,-0.008117182,0.0,0.0,0.0,0.0,0,49.98
474920000,474920000,0.99996626,0.0030966536,-0.0005054245,-0.008170385,0.0,0.0,0.0,0.0,0,50.0
474940000,474940000,0.9999664,0.0029772732,0.00023520857,-0.008213041,0.0,0.0,0.0,0.0,0,50.02
474960000,474960000,0.999966,0.0028630039,0.0009294224,-0.008245293,0.0,0.0,0.0,0.0,0,50.04
474980000,474980000,0.9999653,0.0027613626,0.0015753303,-0.0082672555,0.0,0.0,0.0,0.0,0,50.06
475000000,475000000,0.99996436,0.0026661223,0.0021729358,-0.008279247,0.0,0.0,0.0,0.0,0,50.08
475020000,475020000,0.9999632,0.002579973,0.0027236298,-0.008281766,0.0,0.0,0.0,0.0,0,50.1
475040000,475040000,0.999962,0.0024989694,0.0032304248,-0.008274975,0.0,0.0,0.0,0.0,0,50.12
475060000,475060000,0.99996066,0.0024235474,0.003699869,-0.00825956,0.0,0.0,0.0,0.0,0,50.14
475080000,475080000,0.99995935,0.002351661,0.0041302303,-0.008235639,0.0,0.0,0.0,0.0,0,50.16
475100000,475100000,0.9999581,0.0022842397,0.0045215636,-0.008203663,0.0,0.0,0.0,0.0,0,50.18
475120000,475120000,0.9999569,0.0022154485,0.0048770173,-0.008164109,0.0,0.0,0.0,0.0,0,50.2
475140000,475140000,0.9999558,0.0021536513,0.005195692,-0.008117814,0.0,0.0,0.0,0.0,0,50.22
475160000,475160000,0.9999548,0.0020957084,0.005475852,-0.0080651855,0.0,0.0,0.0,0.0,0,50.24
475180000,475180000,0.99995404,0.0020427534,0.0057198643,-0.008006778,0.0,0.0,0.0,0.0,0,50.26
475200000,475200000,0.99995345,0.0019947067,0.005931877,-0.007943068,0.0,0.0,0.0,0.0,0,50.28
475220000,475220000,0.9999529,0.0019576144,0.006116236,-0.0078743,0.0,0.0,0.0,0.0,0,50.3
475240000,475240000,0.99995255,0.0019246278,0.0062749283,-0.007801234,0.0,0.0,0.0,0.0,0,50.32
475260000,475260000,0.9999524,0.0018978679,0.0064101988,-0.0077241743,0.0,0.0,0.0,0.0,0,50.34
475280000,475280000,0.99995226,0.0018838155,0.006528633,-0.007643891,0.0,0.0,0.0,0.0,0,50.36
475300000,475300000,0.99995226,0.0018821884,0.006625729,-0.0075607137,0.0,0.0,0.0,0.0,0,50.38
475320000,475320000,0.99995244,0.0018875411,0.0066959444,-0.0074753775,0.0,0.0,0.0,0.0,0,50.4
475340000,475340000,0.99995273,0.0018961637,0.0067381645,-0.007388429,0.0,0.0,0.0,0.0,0,50.42
475360000,475360000,0.99995327,0.0019075252,0.006751523,-0.007300489,0.0,0.0,0.0,0.0,0,50.44
475380000,475380000,0.999954,0.0019257175,0.0067415186,-0.0072116973,0.0,0.0,0.0,0.0,0,50.46
475400000,475400000,0.99995476,0.0019425659,0.0067123813,-0.00712247,0.0,0.0,0.0,0.0,0,50.48
475420000,475420000,0.99995565,0.0019550493,0.006667593,-0.007033233,0.0,0.0,0.0,0.0,0,50.5
475440000,475440000,0.9999567,0.0019691472,0.00660017,-0.0069445153,0.0,0.0,0.0,0.0,0,50.52
475460000,475460000,0.99995786,0.0019899597,0.006514767,-0.0068566236,0.0,0.0,0.0,0.0,0,50.54
475480000,475480000,0.99995905,0.0020182224,0.006409595,-0.0067696455,0.0,0.0,0.0,0.0,0,50.56
475500000,475500000,0.99996036,0.0020485348,0.006283252,-0.0066838604,0.0,0.0,0.0,0.0,0,50.58
475520000,475520000,0.9999618,0.002076336,0.0061408365,-0.0065993797,0.0,0.0,0.0,0.0,0,50.6
475540000,475540000,0.99996316,0.0021115101,0.005984499,-0.0065164743,0.0,0.0,0.0,0.0,0,50.62
475560000,475560000,0.9999646,0.0021562336,0.005818747,-0.0064355517,0.0,0.0,0.0,0.0,0,50.64
475580000,475580000,0.999966,0.0021996603,0.005643691,-0.006356531,0.0,0.0,0.0,0.0,0,50.66
475600000,475600000,0.99996746,0.0022405593,0.005451844,-0.006279908,0.0,0.0,0.0,0.0,0,50.68
475620000,475620000,0.99996895,0.0022761493,0.005248498,-0.006205858,0.0,0.0,0.0,0.0,0,50.7
475640000,475640000,0.9999704,0.002310788,0.0050406456,-0.006134409,0.0,0.0,0.0,0.0,0,50.72
475660000,475660000,0.99997175,0.0023488651,0.004828443,-0.006065852,0.0,0.0,0.0,0.0,0,50.74
475680000,475680000,0.9999731,0.0023910233,0.0046047037,-0.006000411,0.0,0.0,0.0,0.0,0,50.76
475700000,475700000,0.9999744,0.0024309354,0.0043730824,-0.005938168,0.0,0.0,0.0,0.0,0,50.78
475720000,475720000,0.9999756,0.0024783593,0.004142897,-0.0058790618,0.0,0.0,0.0,0.0,0,50.8
475740000,475740000,0.99997675,0.0025369045,0.003907237,-0.005823448,0.0,0.0,0.0,0.0,0,50.82
475760000,475760000,0.99997777,0.0026040317,0.003668076,-0.005771779,0.0,0.0,0.0,0.0,0,50.84
475780000,475780000,0.9999787,0.002671185,0.0034261073,-0.0057239057,0.0,0.0,0.0,0.0,0,50.86
475800000,475800000,0.9999796,0.0027348988,0.0031799534,-0.005679809,0.0,0.0,0.0,0.0,0,50.88
475820000,475820000,0.9999805,0.0027846307,0.0029274721,-0.005639155,0.0,0.0,0.0,0.0,0,50.9
475840000,475840000,0.9999813,0.0028258665,0.0026779298,-0.00560205,0.0,0.0,0.0,0.0,0,50.92
475860000,475860000,0.999982,0.0028587596,0.002444001,-0.00556848,0.0,0.0,0.0,0.0,0,50.94
475880000,475880000,0.9999826,0.0028853754,0.0022215927,-0.005538686,0.0,0.0,0.0,0.0,0,50.96
475900000,475900000,0.99998313,0.002906849,0.0020046493,-0.0055126785,0.0,0.0,0.0,0.0,0,50.98
475920000,475920000,0.9999836,0.0029241098,0.0017887304,-0.0054905363,0.0,0.0,0.0,0.0,0,51.0
475940000,475940000,0.999984,0.002935199,0.0015710848,-0.0054719807,0.0,0.0,0.0,0.0,0,51.02
475960000,475960000,0.99998444,0.0029434706,0.0013540327,-0.005456925,0.0,0.0,0.0,0.0,0,51.04
475980000,475980000,0.9999847,0.0029534046,0.00114863,-0.0054447777,0.0,0.0,0.0,0.0,0,51.06
476000000,476000000,0.9999849,0.0029620507,0.00095291046,-0.0054352744,0.0,0.0,0.0,0.0,0,51.08
476020000,476020000,0.99998516,0.002962528,0.00076840096,-0.005428174,0.0,0.0,0.0,0.0,0,51.1
476040000,476040000,0.9999853,0.0029562868,0.0005926521,-0.005423566,0.0,0.0,0.0,0.0,0,51.12
476060000,476060000,0.99998546,0.0029378992,0.00042911363,-0.005421499,0.0,0.0,0.0,0.0,0,51.14
476080000,476080000,0.9999856,0.0029125055,0.00027301465,-0.0054220236,0.0,0.0,0.0,0.0,0,51.16
476100000,476100000,0.9999857,0.0028756587,0.00012756807,-0.0054256185,0.0,0.0,0.0,0.0,0,51.18
476120000,476120000,0.9999858,0.0028330272,-1.2549276e-05,-0.0054319426,0.0,0.0,0.0,0.0,0,51.2
476140000,476140000,0.9999859,0.0027894021,-0.00014757788,-0.005440309,0.0,0.0,0.0,0.0,0,51.22
476160000,476160000,0.9999859,0.0027434214,-0.00027516426,-0.0054509556,0.0,0.0,0.0,0.0,0,51.24
476180000,476180000,0.99998593,0.0026983954,-0.0003955358,-0.0054636374,0.0,0.0,0.0,0.0,0,51.26
476200000,476200000,0.9999859,0.0026528926,-0.0005119006,-0.005478229,0.0,0.0,0.0,0.0,0,51.28
476220000,476220000,0.9999859,0.0026055072,-0.0006261393,-0.005494676,0.0,0.0,0.0,0.0,0,51.3
476240000,476240000,0.9999858,0.0025559957,-0.0007388576,-0.0055128913,0.0,0.0,0.0,0.0,0,51.32
476260000,476260000,0.99998575,0.0025031515,-0.00085115666,-0.005532436,0.0,0.0,0.0,0.0,0,51.34
476280000,476280000,0.9999857,0.0024536327,-0.0009527313,-0.005553052,0.0,0.0,0.0,0.0,0,51.36
476300000,476300000,0.9999856,0.0024029505,-0.0010428996,-0.005574083,0.0,0.0,0.0,0.0,0,51.38
476320000,476320000,0.9999855,0.0023479993,-0.0011254551,-0.005595332,0.0,0.0,0.0,0.0,0,51.4
476340000,476340000,0.99998546,0.0022874589,-0.0012081935,-0.0056167995,0.0,0.0,0.0,0.0,0,51.42
476360000,476360000,0.99998534,0.002219735,-0.0012887579,-0.0056386767,0.0,0.0,0.0,0.0,0,51.44
476380000,476380000,0.99998534,0.002137555,-0.0013576308,-0.005661219,0.0,0.0,0.0,0.0,0,51.46
476400000,476400000,0.9999853,0.0020468768,-0.001419084,-0.0056841727,0.0,0.0,0.0,0.0,0,51.48
476420000,476420000,0.9999852,0.0019536384,-0.0014955273,-0.00570728,0.0,0.0,0.0,0.0,0,51.5
476440000,476440000,0.99998516,0.0018609144,-0.0015708184,-0.005730458,0.0,0.0,0.0,0.0,0,51.52
476460000,476460000,0.9999851,0.0017689298,-0.0016324812,-0.0057537006,0.0,0.0,0.0,0.0,0,51.54
476480000,476480000,0.99998504,0.0016758827,-0.0016863666,-0.0057768575,0.0,0.0,0.0,0.0,0,51.56
476500000,476500000,0.999985,0.0015801697,-0.0017360352,-0.005799892,0.0,0.0,0.0,0.0,0,51.58
476520000,476520000,0.9999849,0.0014821904,-0.0017841242,-0.005822627,0.0,0.0,0.0,0.0,0,51.6
476540000,476540000,0.99998486,0.0013835629,-0.0018333328,-0.0058451016,0.0,0.0,0.0,0.0,0,51.62
476560000,476560000,0.99998474,0.0012824674,-0.0018822886,-0.0058673904,0.0,0.0,0.0,0.0,0,51.64
476580000,476580000,0.9999847,0.0011783779,-0.0019297345,-0.005889397,0.0,0.0,0.0,0.0,0,51.66
476600000,476600000,0.99998456,0.0010766323,-0.0019696124,-0.005910791,0.0,0.0,0.0,0.0,0,51.68
476620000,476620000,0.99998444,0.00097512646,-0.0020077773,-0.005931729,0.0,0.0,0.0,0.0,0,51.7
476640000,476640000,0.9999844,0.0008733405,-0.002050808,-0.005952052,0.0,0.0,0.0,0.0,0,51.72
476660000,476660000,0.9999842,0.00078120513,-0.0020904718,-0.0059713903,0.0,0.0,0.0,0.0,0,51.74
476680000,476680000,0.9999841,0.0006952277,-0.0021260092,-0.005989279,0.0,0.0,0.0,0.0,0,51.76
476700000,476700000,0.99998397,0.0006167961,-0.0021656996,-0.0060059363,0.0,0.0,0.0,0.0,0,51.78
476720000,476720000,0.9999838,0.00054954184,-0.0022166285,-0.0060214745,0.0,0.0,0.0,0.0,0,51.8
476740000,476740000,0.9999836,0.00048697047,-0.0022733326,-0.006035913,0.0,0.0,0.0,0.0,0,51.82
476760000,476760000,0.99998343,0.0004231047,-0.0023306678,-0.006049166,0.0,0.0,0.0,0.0,0,51.84
476780000,476780000,0.99998325,0.00035827074,-0.0023888282,-0.0060618054,0.0,0.0,0.0,0.0,0,51.86
476800000,476800000,0.9999831,0.0002925231,-0.0024445206,-0.006073899,0.0,0.0,0.0,0.0,0,51.88
476820000,476820000,0.9999829,0.00022692708,-0.0024943438,-0.0060857045,0.0,0.0,0.0,0.0,0,51.9
476840000,476840000,0.9999827,0.00016146374,-0.0025373905,-0.0060969037,0.0,0.0,0.0,0.0,0,51.92
476860000,476860000,0.9999826,0.00010462148,-0.0025727947,-0.0061072893,0.0,0.0,0.0,0.0,0,51.94
476880000,476880000,0.9999824,5.1486953e-05,-0.0026069377,-0.0061173085,0.0,0.0,0.0,0.0,0,51.96
476900000,476900000,0.9999823,3.5992682e-06,-0.0026324561,-0.0061265817,0.0,0.0,0.0,0.0,0,51.98
476920000,476920000,0.99998224,-3.677626e-05,-0.002648979,-0.006135374,0.0,0.0,0.0,0.0,0,52.0
476940000,476940000,0.9999822,-6.90576e-05,-0.002653763,-0.006143354,0.0,0.0,0.0,0.0,0,52.02
476960000,476960000,0.99998206,-9.7197226e-05,-0.002665243,-0.0061503914,0.0,0.0,0.0,0.0,0,52.04
476980000,476980000,0.99998194,-0.00012060654,-0.0026971188,-0.0061565344,0.0,0.0,0.0,0.0,0,52.06
477000000,477000000,0.9999818,-0.00013534343,-0.0027252282,-0.006161777,0.0,0.0,0.0,0.0,0,52.08
477020000,477020000,0.99998176,-0.0001477505,-0.0027474156,-0.006166214,0.0,0.0,0.0,0.0,0,52.1
477040000,477040000,0.9999817,-0.00015864782,-0.0027613754,-0.0061696745,0.0,0.0,0.0,0.0,0,52.12
477060000,477060000,0.99998164,-0.00017291702,-0.0027706143,-0.0061719306,0.0,0.0,0.0,0.0,0,52.14
477080000,477080000,0.99998164,-0.00019000527,-0.002774231,-0.0061726286,0.0,0.0,0.0,0.0,0,52.16
477100000,477100000,0.99998164,-0.00020836845,-0.0027738796,-0.006171887,0.0,0.0,0.0,0.0,0,52.18
477120000,477120000,0.9999817,-0.00021929228,-0.0027607428,-0.0061701452,0.0,0.0,0.0,0.0,0,52.2
477140000,477140000,0.99998176,-0.00022082156,-0.0027353263,-0.006167212,0.0,0.0,0.0,0.0,0,52.22
477160000,477160000,0.9999819,-0.0002180925,-0.0027098195,-0.006163239,0.0,0.0,0.0,0.0,0,52.24
477180000,477180000,0.99998194,-0.00021453903,-0.0026840894,-0.006158088,0.0,0.0,0.0,0.0,0,52.26
477200000,477200000,0.9999821,-0.0002213046,-0.0026473273,-0.006151726,0.0,0.0,0.0,0.0,0,52.28
477220000,477220000,0.99998224,-0.00023208706,-0.0026059235,-0.006144399,0.0,0.0,0.0,0.0,0,52.3
477240000,477240000,0.9999824,-0.00023893392,-0.0025606195,-0.0061365566,0.0,0.0,0.0,0.0,0,52.32
477260000,477260000,0.9999826,-0.00023708842,-0.002508781,-0.0061287056,0.0,0.0,0.0,0.0,0,52.34
477280000,477280000,0.9999828,-0.00023287664,-0.0024501416,-0.006120855,0.0,0.0,0.0,0.0,0,52.36
477300000,477300000,0.999983,-0.00023055388,-0.0023854596,-0.0061130743,0.0,0.0,0.0,0.0,0,52.38
477320000,477320000,0.9999832,-0.0002274682,-0.0023108653,-0.006105717,0.0,0.0,0.0,0.0,0,52.4
477340000,477340000,0.99998343,-0.00022392934,-0.0022256656,-0.0060985396,0.0,0.0,0.0,0.0,0,52.42
477360000,477360000,0.9999837,-0.00022264384,-0.0021324707,-0.0060914936,0.0,0.0,0.0,0.0,0,52.44
477380000,477380000,0.99998397,-0.00022323962,-0.0020346872,-0.0060847136,0.0,0.0,0.0,0.0,0,52.46
477400000,477400000,0.9999842,-0.00022630893,-0.001932355,-0.0060780286,0.0,0.0,0.0,0.0,0,52.48
477420000,477420000,0.99998444,-0.00023048148,-0.0018277618,-0.0060718344,0.0,0.0,0.0,0.0,0,52.5
477440000,477440000,0.9999846,-0.00022869282,-0.0017296354,-0.0060662897,0.0,0.0,0.0,0.0,0,52.52
477460000,477460000,0.9999848,-0.0002202952,-0.0016397526,-0.006061205,0.0,0.0,0.0,0.0,0,52.54
477480000,477480000,0.999985,-0.00021861319,-0.0015402795,-0.006056328,0.0,0.0,0.0,0.0,0,52.56
477500000,477500000,0.99998516,-0.0002244958,-0.0014354376,-0.0060516815,0.0,0.0,0.0,0.0,0,52.58
477520000,477520000,0.99998534,-0.00022771524,-0.0013398351,-0.006047677,0.0,0.0,0.0,0.0,0,52.6
477540000,477540000,0.99998546,-0.0002252175,-0.0012553496,-0.0060443417,0.0,0.0,0.0,0.0,0,52.62
477560000,477560000,0.9999856,-0.0002156048,-0.0011676094,-0.0060420544,0.0,0.0,0.0,0.0,0,52.64
477580000,477580000,0.9999857,-0.00020846471,-0.0010708489,-0.0060402807,0.0,0.0,0.0,0.0,0,52.66
477600000,477600000,0.9999858,-0.0002034613,-0.0009834585,-0.006038681,0.0,0.0,0.0,0.0,0,52.68
477620000,477620000,0.9999859,-0.00020426119,-0.0009153159,-0.006037389,0.0,0.0,0.0,0.0,0,52.7
477640000,477640000,0.99998593,-0.00020889203,-0.00085220835,-0.0060367244,0.0,0.0,0.0,0.0,0,52.72
477660000,477660000,0.999986,-0.00021424357,-0.0007840816,-0.0060370667,0.0,0.0,0.0,0.0,0,52.74
477680000,477680000,0.99998605,-0.00022574412,-0.000719817,-0.0060375435,0.0,0.0,0.0,0.0,0,52.76
477700000,477700000,0.99998605,-0.00024022332,-0.0006702495,-0.0060382006,0.0,0.0,0.0,0.0,0,52.78
477720000,477720000,0.9999861,-0.00025697675,-0.00061724085,-0.006038904,0.0,0.0,0.0,0.0,0,52.8
477740000,477740000,0.9999861,-0.00027586904,-0.0005709982,-0.0060398565,0.0,0.0,0.0,0.0,0,52.82
477760000,477760000,0.9999861,-0.00030319818,-0.00053443597,-0.0060412562,0.0,0.0,0.0,0.0,0,52.84
477780000,477780000,0.9999861,-0.0003352686,-0.00049695943,-0.0060429247,0.0,0.0,0.0,0.0,0,52.86
477800000,477800000,0.9999861,-0.00037393675,-0.000458658,-0.006044662,0.0,0.0,0.0,0.0,0,52.88
477820000,477820000,0.9999861,-0.00041410414,-0.00043190995,-0.006046206,0.0,0.0,0.0,0.0,0,52.9
477840000,477840000,0.99998605,-0.00046108753,-0.00041320804,-0.006047463,0.0,0.0,0.0,0.0,0,52.92
477860000,477860000,0.99998605,-0.0005088177,-0.0003801363,-0.006048881,0.0,0.0,0.0,0.0,0,52.94
477880000,477880000,0.99998605,-0.00055554777,-0.0003531945,-0.0060503683,0.0,0.0,0.0,0.0,0,52.96
477900000,477900000,0.999986,-0.00060743466,-0.00033951312,-0.0060515366,0.0,0.0,0.0,0.0,0,52.98
477920000,477920000,0.99998593,-0.0006682344,-0.00032530082,-0.0060524517,0.0,0.0,0.0,0.0,0,53.0
477940000,477940000,0.99998593,-0.00072995474,-0.00031626303,-0.0060528936,0.0,0.0,0.0,0.0,0,53.02
477960000,477960000,0.9999859,-0.0007886925,-0.000319167,-0.0060535246,0.0,0.0,0.0,0.0,0,53.04
477980000,477980000,0.9999858,-0.0008391596,-0.00031312942,-0.006054756,0.0,0.0,0.0,0.0,0,53.06
478000000,478000000,0.99998575,-0.00089243863,-0.0003068683,-0.006056475,0.0,0.0,0.0,0.0,0,53.08
478020000,478020000,0.9999857,-0.00094861194,-0.00030434006,-0.0060586617,0.0,0.0,0.0,0.0,0,53.1
478040000,478040000,0.99998564,-0.0009967686,-0.00028964336,-0.00606163,0.0,0.0,0.0,0.0,0,53.12
478060000,478060000,0.9999856,-0.0010352046,-0.00027600653,-0.006064971,0.0,0.0,0.0,0.0,0,53.14
478080000,478080000,0.9999855,-0.0010661185,-0.00026873057,-0.0060686045,0.0,0.0,0.0,0.0,0,53.16
478100000,478100000,0.9999855,-0.0010927145,-0.00024637405,-0.0060720863,0.0,0.0,0.0,0.0,0,53.18
478120000,478120000,0.99998546,-0.001119716,-0.00020576702,-0.0060751503,0.0,0.0,0.0,0.0,0,53.2
478140000,478140000,0.9999854,-0.0011483125,-0.00017570294,-0.006078194,0.0,0.0,0.0,0.0,0,53.22
478160000,478160000,0.99998534,-0.0011777683,-0.00014707877,-0.006081444,0.0,0.0,0.0,0.0,0,53.24
478180000,478180000,0.99998534,-0.001199268,-0.00010197681,-0.006084832,0.0,0.0,0.0,0.0,0,53.26
478200000,478200000,0.9999853,-0.0012054367,-5.4799682e-05,-0.0060879593,0.0,0.0,0.0,0.0,0,53.28
478220000,478220000,0.9999853,-0.001197025,-5.7772445e-06,-0.0060911034,0.0,0.0,0.0,0.0,0,53.3
478240000,478240000,0.9999853,-0.0011831656,4.8318227e-05,-0.006094233,0.0,0.0,0.0,0.0,0,53.32
478260000,478260000,0.9999853,-0.0011675528,0.000107444,-0.006097195,0.0,0.0,0.0,0.0,0,53.34
478280000,478280000,0.9999853,-0.0011490274,0.00017169237,-0.0061002416,0.0,0.0,0.0,0.0,0,53.36
478300000,478300000,0.9999853,-0.0011284878,0.00024380784,-0.0061032176,0.0,0.0,0.0,0.0,0,53.38
478320000,478320000,0.9999853,-0.0011013922,0.00031518843,-0.006105448,0.0,0.0,0.0,0.0,0,53.4
478340000,478340000,0.9999853,-0.0010638619,0.00038089222,-0.0061072046,0.0,0.0,0.0,0.0,0,53.42
478360000,478360000,0.9999853,-0.0010226793,0.0004469964,-0.006108883,0.0,0.0,0.0,0.0,0,53.44
478380000,478380000,0.9999853,-0.0009747543,0.000523718,-0.00611101,0.0,0.0,0.0,0.0,0,53.46
478400000,478400000,0.9999853,-0.0009204804,0.0006103941,-0.0061130724,0.0,0.0,0.0,0.0,0,53.48
478420000,478420000,0.9999852,-0.00086279295,0.0007033362,-0.0061150864,0.0,0.0,0.0,0.0,0,53.5
478440000,478440000,0.9999852,-0.0008030535,0.0007943497,-0.006116861,0.0,0.0,0.0,0.0,0,53.52
478460000,478460000,0.99998516,-0.0007411863,0.00087670865,-0.0061184727,0.0,0.0,0.0,0.0,0,53.54
478480000,478480000,0.99998516,-0.0006799552,0.00095811207,-0.0061200196,0.0,0.0,0.0,0.0,0,53.56
478500000,478500000,0.9999851,-0.0006202388,0.0010404751,-0.006121463,0.0,0.0,0.0,0.0,0,53.58
478520000,478520000,0.99998504,-0.00055887585,0.0011092437,-0.006122879,0.0,0.0,0.0,0.0,0,53.6
478540000,478540000,0.999985,-0.0004966246,0.0011664464,-0.0061241738,0.0,0.0,0.0,0.0,0,53.62
478560000,478560000,0.999985,-0.00043620385,0.0012188263,-0.006125409,0.0,0.0,0.0,0.0,0,53.64
478580000,478580000,0.9999849,-0.00038037714,0.0012629248,-0.0061263693,0.0,0.0,0.0,0.0,0,53.66
478600000,478600000,0.9999849,-0.0003337515,0.0012928371,-0.006127025,0.0,0.0,0.0,0.0,0,53.68
478620000,478620000,0.99998486,-0.00028265806,0.0013175816,-0.006127464,0.0,0.0,0.0,0.0,0,53.7
478640000,478640000,0.99998486,-0.00022378215,0.0013431127,-0.006127806,0.0,0.0,0.0,0.0,0,53.72
478660000,478660000,0.99998486,-0.00017110139,0.0013580914,-0.0061280513,0.0,0.0,0.0,0.0,0,53.74
478680000,478680000,0.99998486,-0.00012204097,0.0013592254,-0.006128812,0.0,0.0,0.0,0.0,0,53.76
478700000,478700000,0.99998486,-6.207718e-05,0.0013628607,-0.0061296457,0.0,0.0,0.0,0.0,0,53.78
478720000,478720000,0.9999848,-8.0048875e-07,0.0013755797,-0.0061300728,0.0,0.0,0.0,0.0,0,53.8
478740000,478740000,0.9999848,5.4070595e-05,0.0013792337,-0.0061303796,0.0,0.0,0.0,0.0,0,53.82
478760000,478760000,0.9999848,0.00010626421,0.0013808011,-0.006130645,0.0,0.0,0.0,0.0,0,53.84
478780000,478780000,0.9999848,0.00015448668,0.0013826173,-0.006130865,0.0,0.0,0.0,0.0,0,53.86
478800000,478800000,0.9999848,0.00019339182,0.0013745847,-0.006130851,0.0,0.0,0.0,0.0,0,53.88
478820000,478820000,0.9999848,0.0002234887,0.0013739937,-0.00613103,0.0,0.0,0.0,0.0,0,53.9
478840000,478840000,0.9999848,0.00025635766,0.001374064,-0.0061318036,0.0,0.0,0.0,0.0,0,53.92
478860000,478860000,0.99998474,0.00029514928,0.0013709436,-0.0061328025,0.0,0.0,0.0,0.0,0,53.94
478880000,478880000,0.99998474,0.0003337421,0.0013707103,-0.0061338097,0.0,0.0,0.0,0.0,0,53.96
478900000,478900000,0.99998474,0.0003703702,0.0013749739,-0.00613481,0.0,0.0,0.0,0.0,0,53.98
478920000,478920000,0.9999847,0.00040386754,0.001383357,-0.0061359755,0.0,0.0,0.0,0.0,0,54.0
478940000,478940000,0.9999847,0.00042902282,0.0013906454,-0.00613746,0.0,0.0,0.0,0.0,0,54.02
478960000,478960000,0.9999846,0.00044573605,0.0013967877,-0.0061392304,0.0,0.0,0.0,0.0,0,54.04
478980000,478980000,0.9999846,0.00045232908,0.0013999768,-0.006141428,0.0,0.0,0.0,0.0,0,54.06
479000000,479000000,0.9999846,0.000449175,0.0014005331,-0.0061439066,0.0,0.0,0.0,0.0,0,54.08
479020000,479020000,0.99998456,0.0004392652,0.0013957458,-0.0061464524,0.0,0.0,0.0,0.0,0,54.1
479040000,479040000,0.99998456,0.00042876104,0.0013858775,-0.0061494824,0.0,0.0,0.0,0.0,0,54.12
479060000,479060000,0.99998456,0.0004221036,0.001379807,-0.0061529777,0.0,0.0,0.0,0.0,0,54.14
479080000,479080000,0.99998456,0.00041763516,0.0013644677,-0.006156676,0.0,0.0,0.0,0.0,0,54.16
479100000,479100000,0.9999846,0.00040369405,0.0013420121,-0.0061604283,0.0,0.0,0.0,0.0,0,54.18
479120000,479120000,0.9999846,0.0003837631,0.0013282509,-0.006164287,0.0,0.0,0.0,0.0,0,54.2
479140000,479140000,0.9999846,0.00036406846,0.0013132507,-0.0061682886,0.0,0.0,0.0,0.0,0,54.22
479160000,479160000,0.9999846,0.000339866,0.0012874053,-0.006172425,0.0,0.0,0.0,0.0,0,54.24
479180000,479180000,0.9999846,0.00030964654,0.0012634244,-0.0061767586,0.0,0.0,0.0,0.0,0,54.26
479200000,479200000,0.9999846,0.000281222,0.0012383569,-0.006181424,0.0,0.0,0.0,0.0,0,54.28
479220000,479220000,0.9999847,0.00025688836,0.0012092381,-0.006186049,0.0,0.0,0.0,0.0,0,54.3
479240000,479240000,0.9999847,0.00022931736,0.0011804543,-0.006190597,0.0,0.0,0.0,0.0,0,54.32
479260000,479260000,0.9999847,0.00020102231,0.0011550611,-0.0061951345,0.0,0.0,0.0,0.0,0,54.34
479280000,479280000,0.9999847,0.00017808878,0.0011348323,-0.00619942,0.0,0.0,0.0,0.0,0,54.36
479300000,479300000,0.9999847,0.00015305272,0.0011106473,-0.0062033986,0.0,0.0,0.0,0.0,0,54.38
479320000,479320000,0.9999847,0.00012334366,0.0010826435,-0.0062071322,0.0,0.0,0.0,0.0,0,54.4
479340000,479340000,0.9999847,9.443654e-05,0.0010627558,-0.0062104505,0.0,0.0,0.0,0.0,0,54.42
479360000,479360000,0.9999847,6.352298e-05,0.0010435069,-0.0062134336,0.0,0.0,0.0,0.0,0,54.44
479380000,479380000,0.999985,0.00043339227,0.0005306723,-0.006214449,0.0,0.0,0.0,0.0,0,54.46
479400000,479400000,0.999974,0.0035594066,-0.0031600837,-0.0062026912,0.0,0.0,0.0,0.0,0,54.48
479420000,479420000,0.99989885,0.0095206,-0.009093638,-0.006166402,0.0,0.0,0.0,0.0,0,54.5
479440000,479440000,0.99973273,0.016806267,-0.014968145,-0.0060921903,0.0,0.0,0.0,0.0,0,54.52
479460000,479460000,0.99946934,0.024581285,-0.020739459,-0.005983204,0.0,0.0,0.0,0.0,0,54.54
479480000,479480000,0.9991009,0.032558087,-0.02668969,-0.005842701,0.0,0.0,0.0,0.0,0,54.56
479500000,479500000,0.9986409,0.040480267,-0.032476973,-0.0056631723,0.0,0.0,0.0,0.0,0,54.58
479520000,479520000,0.9981122,0.048163615,-0.03783899,-0.00543892,0.0,0.0,0.0,0.0,0,54.6
479540000,479540000,0.9975396,0.05542413,-0.042723235,-0.0051734573,0.0,0.0,0.0,0.0,0,54.62
479560000,479560000,0.9969445,0.0621422,-0.047173385,-0.0048738276,0.0,0.0,0.0,0.0,0,54.64
479580000,479580000,0.99634415,0.06827692,-0.05123548,-0.004545423,0.0,0.0,0.0,0.0,0,54.66
479600000,479600000,0.99575585,0.073816456,-0.05489001,-0.004189378,0.0,0.0,0.0,0.0,0,54.68
479620000,479620000,0.99518895,0.07879896,-0.058174446,-0.0038084635,0.0,0.0,0.0,0.0,0,54.7
479640000,479640000,0.9946506,0.08324718,-0.061135672,-0.0034079808,0.0,0.0,0.0,0.0,0,54.72
479660000,479660000,0.9941488,0.08718811,-0.06376997,-0.0029889916,0.0,0.0,0.0,0.0,0,54.74
479680000,479680000,0.99368364,0.09066644,-0.06614394,-0.0025572898,0.0,0.0,0.0,0.0,0,54.76
479700000,479700000,0.9932576,0.0937168,-0.06827261,-0.0021151933,0.0,0.0,0.0,0.0,0,54.78
479720000,479720000,0.9928715,0.09637774,-0.07016953,-0.0016642372,0.0,0.0,0.0,0.0,0,54.8
479740000,479740000,0.9925236,0.09868677,-0.07187134,-0.0012086451,0.0,0.0,0.0,0.0,0,54.82
479760000,479760000,0.9922118,0.10068457,-0.07339536,-0.0007502016,0.0,0.0,0.0,0.0,0,54.84
479780000,479780000,0.9919344,0.10240474,-0.074755594,-0.00029100725,0.0,0.0,0.0,0.0,0,54.86
479800000,479800000,0.99167216,0.10395955,-0.07607785,0.00016375825,0.0,0.0,0.0,0.0,0,54.88
479820000,479820000,0.9913021,0.105986215,-0.07807625,0.00059045985,0.0,0.0,0.0,0.0,0,54.9
479840000,479840000,0.9906601,0.10931688,-0.08155113,0.0009754482,0.0,0.0,0.0,0.0,0,54.92
479860000,479860000,0.98965055,0.11440899,-0.08665812,0.0013519176,0.0,0.0,0.0,0.0,0,54.94
479880000,479880000,0.98825884,0.12125206,-0.092996284,0.0017847625,0.0,0.0,0.0,0.0,0,54.96
479900000,479900000,0.9864495,0.12976567,-0.10040965,0.0023063484,0.0,0.0,0.0,0.0,0,54.98
479920000,479920000,0.9841301,0.13996585,-0.10907859,0.0029224,0.0,0.0,0.0,0.0,0,55.0
479940000,479940000,0.9812643,0.15164183,-0.11883077,0.0036747728,0.0,0.0,0.0,0.0,0,55.02
479960000,479960000,0.97799444,0.1640676,-0.128827,0.0046308665,0.0,0.0,0.0,0.0,0,55.04
479980000,479980000,0.9744713,0.17666964,-0.13845098,0.0058343485,0.0,0.0,0.0,0.0,0,55.06
480000000,480000000,0.9708199,0.18897179,-0.14749461,0.007267686,0.0,0.0,0.0,0.0,0,55.08
480020000,480020000,0.9671408,0.20069703,-0.15584943,0.008914172,0.0,0.0,0.0,0.0,0,55.1
480040000,480040000,0.9635065,0.21165633,-0.16355623,0.010733571,0.0,0.0,0.0,0.0,0,55.12
480060000,480060000,0.9599893,0.2217681,-0.17054816,0.012720605,0.0,0.0,0.0,0.0,0,55.14
480080000,480080000,0.9566772,0.23087361,-0.1767903,0.014846414,0.0,0.0,0.0,0.0,0,55.16
480100000,480100000,0.9536368,0.23892766,-0.18222757,0.017104289,0.0,0.0,0.0,0.0,0,55.18
480120000,480120000,0.9509321,0.24584495,-0.18686552,0.019464543,0.0,0.0,0.0,0.0,0,55.2
480140000,480140000,0.94859016,0.25162786,-0.19076069,0.02189926,0.0,0.0,0.0,0.0,0,55.22
480160000,480160000,0.9466301,0.25629294,-0.19395843,0.02438485,0.0,0.0,0.0,0.0,0,55.24
480180000,480180000,0.9450672,0.25984085,-0.19651097,0.026891975,0.0,0.0,0.0,0.0,0,55.26
480200000,480200000,0.9438962,0.2623316,-0.19846085,0.029402785,0.0,0.0,0.0,0.0,0,55.28
480220000,480220000,0.9431185,0.2637908,-0.19983387,0.03189671,0.0,0.0,0.0,0.0,0,55.3
480240000,480240000,0.9427201,0.26427707,-0.20066148,0.034358174,0.0,0.0,0.0,0.0,0,55.32
480260000,480260000,0.9426843,0.26384038,-0.20097682,0.036769215,0.0,0.0,0.0,0.0,0,55.34
480280000,480280000,0.9429912,0.2625371,-0.20080031,0.039117493,0.0,0.0,0.0,0.0,0,55.36
480300000,480300000,0.94361925,0.2604194,-0.20015113,0.04138974,0.0,0.0,0.0,0.0,0,55.38
480320000,480320000,0.94453907,0.2575584,-0.19904713,0.043576818,0.0,0.0,0.0,0.0,0,55.4
480340000,480340000,0.94572604,0.25400257,-0.19750616,0.045665868,0.0,0.0,0.0,0.0,0,55.42
480360000,480360000,0.9471524,0.24980852,-0.19554278,0.047646668,0.0,0.0,0.0,0.0,0,55.44
480380000,480380000,0.94878626,0.24504521,-0.1931715,0.04951158,0.0,0.0,0.0,0.0,0,55.46
480400000,480400000,0.9506095,0.23973565,-0.19039749,0.051247094,0.0,0.0,0.0,0.0,0,55.48
480420000,480420000,0.95258933,0.23396656,-0.18721256,0.0528561,0.0,0.0,0.0,0.0,0,55.5
480440000,480440000,0.9547064,0.22774827,-0.18364389,0.054318875,0.0,0.0,0.0,0.0,0,55.52
480460000,480460000,0.9569347,0.22113866,-0.17968774,0.055633407,0.0,0.0,0.0,0.0,0,55.54
480480000,480480000,0.95925313,0.2141701,-0.17535248,0.056790493,0.0,0.0,0.0,0.0,0,55.56
480500000,480500000,0.96163684,0.2068701,-0.17067683,0.057774726,0.0,0.0,0.0,0.0,0,55.58
480520000,480520000,0.9640676,0.19929047,-0.16562933,0.058591742,0.0,0.0,0.0,0.0,0,55.6
480540000,480540000,0.9665204,0.1914428,-0.16028143,0.059219208,0.0,0.0,0.0,0.0,0,55.62
480560000,480560000,0.96898663,0.18336026,-0.15457293,0.05966766,0.0,0.0,0.0,0.0,0,55.64
480580000,480580000,0.9714343,0.17508522,-0.14859062,0.05992081,0.0,0.0,0.0,0.0,0,55.66
480600000,480600000,0.97385615,0.16662729,-0.14230545,0.059981376,0.0,0.0,0.0,0.0,0,55.68
480620000,480620000,0.9762288,0.15803479,-0.13575701,0.059846167,0.0,0.0,0.0,0.0,0,55.7
480640000,480640000,0.97853696,0.1493275,-0.12897359,0.059511945,0.0,0.0,0.0,0.0,0,55.72
480660000,480660000,0.9807709,0.14051233,-0.12196433,0.058978915,0.0,0.0,0.0,0.0,0,55.74
480680000,480680000,0.98291075,0.13164903,-0.11476421,0.05825155,0.0,0.0,0.0,0.0,0,55.76
480700000,480700000,0.9849516,0.12270051,-0.10741512,0.05732395,0.0,0.0,0.0,0.0,0,55.78
480720000,480720000,0.9868769,0.113760516,-0.09990897,0.05621199,0.0,0.0,0.0,0.0,0,55.8
480740000,480740000,0.98868054,0.1047846,-0.09233168,0.054908294,0.0,0.0,0.0,0.0,0,55.82
480760000,480760000,0.9903548,0.09585048,-0.084641345,0.053432465,0.0,0.0,0.0,0.0,0,55.84
480780000,480780000,0.99189097,0.08694924,-0.076940276,0.051782843,0.0,0.0,0.0,0.0,0,55.86
480800000,480800000,0.9932875,0.07811906,-0.06920223,0.04997561,0.0,0.0,0.0,0.0,0,55.88
480820000,480820000,0.99453914,0.069372565,-0.06150463,0.04801653,0.0,0.0,0.0,0.0,0,55.9
480840000,480840000,0.99564743,0.060723886,-0.053844824,0.04591961,0.0,0.0,0.0,0.0,0,55.92
480860000,480860000,0.996612,0.052193906,-0.04626039,0.043696404,0.0,0.0,0.0,0.0,0,55.94
480880000,480880000,0.9974355,0.043791857,-0.038770184,0.041360136,0.0,0.0,0.0,0.0,0,55.96
480900000,480900000,0.998121,0.03553398,-0.031396948,0.03892486,0.0,0.0,0.0,0.0,0,55.98
480920000,480920000,0.9986719,0.027445577,-0.024187203,0.036404695,0.0,0.0,0.0,0.0,0,56.0
480940000,480940000,0.9990951,0.01952191,-0.017134923,0.03381477,0.0,0.0,0.0,0.0,0,56.02
480960000,480960000,0.999396,0.011804778,-0.010286019,0.031170148,0.0,0.0,0.0,0.0,0,56.04
480980000,480980000,0.9995831,0.0042660167,-0.0036195514,0.028485652,0.0,0.0,0.0,0.0,0,56.06
481000000,481000000,0.99966365,-0.0030445014,0.0028196643,0.02577655,0.0,0.0,0.0,0.0,0,56.08
481020000,481020000,0.999646,-0.0101670055,0.009050232,0.023057483,0.0,0.0,0.0,0.0,0,56.1
481040000,481040000,0.9995393,-0.017042795,0.01503325,0.020342784,0.0,0.0,0.0,0.0,0,56.12
481060000,481060000,0.9993511,-0.02372478,0.020790825,0.01764693,0.0,0.0,0.0,0.0,0,56.14
481080000,481080000,0.9990912,-0.030162023,0.026298242,0.014983191,0.0,0.0,0.0,0.0,0,56.16
481100000,481100000,0.998767,-0.036387637,0.03156953,0.012364839,0.0,0.0,0.0,0.0,0,56.18
481120000,481120000,0.9983885,-0.04237003,0.036579423,0.009804328,0.0,0.0,0.0,0.0,0,56.2
481140000,481140000,0.99796194,-0.048143797,0.04134998,0.007313173,0.0,0.0,0.0,0.0,0,56.22
481160000,481160000,0.9974971,-0.05367734,0.045863338,0.004901965,0.0,0.0,0.0,0.0,0,56.24
481180000,481180000,0.9969996,-0.058989596,0.050143793,0.002579868,0.0,0.0,0.0,0.0,0,56.26
481200000,481200000,0.9964779,-0.064072385,0.054180074,0.0003563384,0.0,0.0,0.0,0.0,0,56.28
481220000,481220000,0.9959374,-0.0689311,0.057993043,-0.001761733,0.0,0.0,0.0,0.0,0,56.3
481240000,481240000,0.99538666,-0.07355798,0.061559517,-0.0037657812,0.0,0.0,0.0,0.0,0,56.32
481260000,481260000,0.9948291,-0.0779624,0.064916044,-0.0056516742,0.0,0.0,0.0,0.0,0,56.34
481280000,481280000,0.9942694,-0.08215595,0.068066195,-0.0074134273,0.0,0.0,0.0,0.0,0,56.36
481300000,481300000,0.9937122,-0.08613066,0.07102702,-0.009048424,0.0,0.0,0.0,0.0,0,56.38
481320000,481320000,0.99316216,-0.08989713,0.073792025,-0.01055168,0.0,0.0,0.0,0.0,0,56.4
481340000,481340000,0.9926251,-0.09344356,0.07635891,-0.011921122,0.0,0.0,0.0,0.0,0,56.42
481360000,481360000,0.99210244,-0.09679347,0.07873914,-0.013153913,0.0,0.0,0.0,0.0,0,56.44
481380000,481380000,0.9915983,-0.09993739,0.08094071,-0.01425053,0.0,0.0,0.0,0.0,0,56.46
481400000,481400000,0.99111265,-0.10289138,0.082987025,-0.015211575,0.0,0.0,0.0,0.0,0,56.48
481420000,481420000,0.9906499,-0.105647236,0.08487232,-0.01603803,0.0,0.0,0.0,0.0,0,56.5
481440000,481440000,0.9902109,-0.10820912,0.086615704,-0.016732953,0.0,0.0,0.0,0.0,0,56.52
481460000,481460000,0.9897976,-0.11058327,0.08821531,-0.017297415,0.0,0.0,0.0,0.0,0,56.54
481480000,481480000,0.9894108,-0.11277141,0.08968498,-0.017735673,0.0,0.0,0.0,0.0,0,56.56
481500000,481500000,0.989054,-0.11476837,0.091014974,-0.018049812,0.0,0.0,0.0,0.0,0,56.58
481520000,481520000,0.9887253,-0.1165878,0.09222718,-0.018244429,0.0,0.0,0.0,0.0,0,56.6
481540000,481540000,0.98842555,-0.11823513,0.0933209,-0.018323079,0.0,0.0,0.0,0.0,0,56.62
481560000,481560000,0.9881551,-0.11971697,0.09429699,-0.018290073,0.0,0.0,0.0,0.0,0,56.64
481580000,481580000,0.9879152,-0.12103118,0.09515571,-0.018150484,0.0,0.0,0.0,0.0,0,56.66
481600000,481600000,0.9877051,-0.12218251,0.09590841,-0.017910188,0.0,0.0,0.0,0.0,0,56.68
481620000,481620000,0.98752433,-0.123175755,0.096559264,-0.01757531,0.0,0.0,0.0,0.0,0,56.7
481640000,481640000,0.9873725,-0.124016054,0.09711051,-0.017151462,0.0,0.0,0.0,0.0,0,56.72
481660000,481660000,0.9872493,-0.12471265,0.097558685,-0.0166436,0.0,0.0,0.0,0.0,0,56.74
481680000,481680000,0.98715353,-0.12526664,0.09791519,-0.016059348,0.0,0.0,0.0,0.0,0,56.76
481700000,481700000,0.9870849,-0.12567982,0.098181985,-0.015405284,0.0,0.0,0.0,0.0,0,56.78
481720000,481720000,0.98704284,-0.1259604,0.09835566,-0.014686808,0.0,0.0,0.0,0.0,0,56.8
481740000,481740000,0.9870253,-0.12611836,0.09844159,-0.0139103485,0.0,0.0,0.0,0.0,0,56.82
481760000,481760000,0.9870315,-0.12615964,0.09844021,-0.0130823245,0.0,0.0,0.0,0.0,0,56.84
481780000,481780000,0.9870612,-0.1260775,0.09835973,-0.012211454,0.0,0.0,0.0,0.0,0,56.86
481800000,481800000,0.98711413,-0.12587784,0.09819272,-0.011303015,0.0,0.0,0.0,0.0,0,56.88
481820000,481820000,0.9871898,-0.12556493,0.097935624,-0.010362826,0.0,0.0,0.0,0.0,0,56.9
481840000,481840000,0.9872875,-0.12513831,0.0975936,-0.009398605,0.0,0.0,0.0,0.0,0,56.92
481860000,481860000,0.9874059,-0.12460247,0.097170554,-0.008417007,0.0,0.0,0.0,0.0,0,56.94
481880000,481880000,0.98754305,-0.1239651,0.09667141,-0.0074244305,0.0,0.0,0.0,0.0,0,56.96
481900000,481900000,0.9876977,-0.123233974,0.096095815,-0.006426279,0.0,0.0,0.0,0.0,0,56.98
481920000,481920000,0.98786855,-0.12241272,0.09544885,-0.0054289824,0.0,0.0,0.0,0.0,0,57.0
481940000,481940000,0.9880549,-0.12149608,0.09474019,-0.00444013,0.0,0.0,0.0,0.0,0,57.02
481960000,481960000,0.9882561,-0.12048993,0.09396334,-0.00346384,0.0,0.0,0.0,0.0,0,57.04
481980000,481980000,0.9884713,-0.11940077,0.09311664,-0.0025045688,0.0,0.0,0.0,0.0,0,57.06
482000000,482000000,0.9886994,-0.118230924,0.09220427,-0.0015675037,0.0,0.0,0.0,0.0,0,57.08
482020000,482020000,0.98893833,-0.116986126,0.09123537,-0.0006579034,0.0,0.0,0.0,0.0,0,57.1
482040000,482040000,0.9891872,-0.115669735,0.09021236,0.00022010396,0.0,0.0,0.0,0.0,0,57.12
482060000,482060000,0.9894452,-0.11428645,0.08913306,0.0010633047,0.0,0.0,0.0,0.0,0,57.14
482080000,482080000,0.9897117,-0.11284028,0.08799693,0.0018680955,0.0,0.0,0.0,0.0,0,57.16
482100000,482100000,0.98998487,-0.11133831,0.0868095,0.0026314629,0.0,0.0,0.0,0.0,0,57.18
482120000,482120000,0.99026453,-0.109781,0.08556971,0.0033508318,0.0,0.0,0.0,0.0,0,57.2
482140000,482140000,0.9905495,-0.108171016,0.08428304,0.0040232283,0.0,0.0,0.0,0.0,0,57.22
482160000,482160000,0.9908391,-0.10650635,0.08295623,0.0046454608,0.0,0.0,0.0,0.0,0,57.24
482180000,482180000,0.9911315,-0.1048003,0.0815916,0.0052171685,0.0,0.0,0.0,0.0,0,57.26
482200000,482200000,0.991426,-0.10304978,0.08019604,0.005736032,0.0,0.0,0.0,0.0,0,57.28
482220000,482220000,0.99172217,-0.10125266,0.078776486,0.0061997618,0.0,0.0,0.0,0.0,0,57.3
482240000,482240000,0.99202,-0.09941146,0.07732438,0.0066090883,0.0,0.0,0.0,0.0,0,57.32
482260000,482260000,0.9923184,-0.09753367,0.07584211,0.0069640116,0.0,0.0,0.0,0.0,0,57.34
482280000,482280000,0.9926164,-0.095622756,0.074331865,0.007264153,0.0,0.0,0.0,0.0,0,57.36
482300000,482300000,0.9929132,-0.09369594,0.07278143,0.0075121727,0.0,0.0,0.0,0.0,0,57.38
482320000,482320000,0.99320865,-0.09174085,0.0712036,0.0077063255,0.0,0.0,0.0,0.0,0,57.4
482340000,482340000,0.99350154,-0.08976565,0.06960121,0.007847932,0.0,0.0,0.0,0.0,0,57.42
482360000,482360000,0.99379116,-0.08777376,0.06797826,0.007937886,0.0,0.0,0.0,0.0,0,57.44
482380000,482380000,0.9940768,-0.08576903,0.06633584,0.007977381,0.0,0.0,0.0,0.0,0,57.46
482400000,482400000,0.9943585,-0.08374406,0.0646819,0.007966678,0.0,0.0,0.0,0.0,0,57.48
482420000,482420000,0.9946358,-0.08170568,0.06301069,0.007908157,0.0,0.0,0.0,0.0,0,57.5
482440000,482440000,0.99490774,-0.07965515,0.06133361,0.0078030485,0.0,0.0,0.0,0.0,0,57.52
482460000,482460000,0.9951743,-0.07759921,0.059640624,0.00765431,0.0,0.0,0.0,0.0,0,57.54
482480000,482480000,0.9954345,-0.07554322,0.05793763,0.0074642003,0.0,0.0,0.0,0.0,0,57.56
482500000,482500000,0.9956884,-0.073490895,0.056218732,0.0072353478,0.0,0.0,0.0,0.0,0,57.58
482520000,482520000,0.99593467,-0.071442045,0.0545039,0.006968639,0.0,0.0,0.0,0.0,0,57.6
482540000,482540000,0.9961733,-0.06940432,0.05278649,0.006667306,0.0,0.0,0.0,0.0,0,57.62
482560000,482560000,0.9964033,-0.06738013,0.051082622,0.006332931,0.0,0.0,0.0,0.0,0,57.64
482580000,482580000,0.9966256,-0.06536504,0.049378645,0.0059690317,0.0,0.0,0.0,0.0,0,57.66
482600000,482600000,0.9968399,-0.0633625,0.047680397,0.0055782413,0.0,0.0,0.0,0.0,0,57.68
482620000,482620000,0.99704576,-0.061378065,0.045988664,0.0051633813,0.0,0.0,0.0,0.0,0,57.7
482640000,482640000,0.9972424,-0.059416506,0.044318195,0.0047264313,0.0,0.0,0.0,0.0,0,57.72
482660000,482660000,0.99743074,-0.057472833,0.042657048,0.0042706365,0.0,0.0,0.0,0.0,0,57.74
482680000,482680000,0.9976099,-0.05555318,0.04102395,0.0037980753,0.0,0.0,0.0,0.0,0,57.76
482700000,482700000,0.9977805,-0.053661294,0.039403323,0.0033123004,0.0,0.0,0.0,0.0,0,57.78
482720000,482720000,0.99794215,-0.051798496,0.037809376,0.002815258,0.0,0.0,0.0,0.0,0,57.8
482740000,482740000,0.9980956,-0.04995771,0.036239002,0.0023100302,0.0,0.0,0.0,0.0,0,57.82
482760000,482760000,0.99824077,-0.048137933,0.034697805,0.0017983938,0.0,0.0,0.0,0.0,0,57.84
482780000,482780000,0.9983783,-0.046340186,0.033179194,0.0012832464,0.0,0.0,0.0,0.0,0,57.86
482800000,482800000,0.9985072,-0.04457698,0.03169829,0.0007671414,0.0,0.0,0.0,0.0,0,57.88
482820000,482820000,0.9986286,-0.042842094,0.03024015,0.00025287393,0.0,0.0,0.0,0.0,0,57.9
482840000,482840000,0.99874234,-0.041141864,0.028812153,-0.0002576565,0.0,0.0,0.0,0.0,0,57.92
482860000,482860000,0.9988488,-0.03947783,0.027405655,-0.0007617694,0.0,0.0,0.0,0.0,0,57.94
482880000,482880000,0.9989479,-0.037855048,0.02602977,-0.0012576196,0.0,0.0,0.0,0.0,0,57.96
482900000,482900000,0.99904054,-0.036269005,0.024669178,-0.0017425417,0.0,0.0,0.0,0.0,0,57.98
482920000,482920000,0.9991263,-0.034727547,0.02333989,-0.0022153412,0.0,0.0,0.0,0.0,0,58.0
482940000,482940000,0.99920577,-0.033227753,0.022037843,-0.0026744644,0.0,0.0,0.0,0.0,0,58.02
482960000,482960000,0.99927914,-0.031767443,0.020770187,-0.0031182927,0.0,0.0,0.0,0.0,0,58.04
482980000,482980000,0.99934685,-0.030345218,0.019532654,-0.0035450247,0.0,0.0,0.0,0.0,0,58.06
483000000,483000000,0.999409,-0.028969094,0.018327583,-0.003953521,0.0,0.0,0.0,0.0,0,58.08
483020000,483020000,0.99946606,-0.027631007,0.017156607,-0.004342897,0.0,0.0,0.0,0.0,0,58.1
483040000,483040000,0.99951804,-0.026339097,0.016027173,-0.004712003,0.0,0.0,0.0,0.0,0,58.12
483060000,483060000,0.99956524,-0.025097564,0.014932476,-0.005059838,0.0,0.0,0.0,0.0,0,58.14
483080000,483080000,0.999608,-0.023903804,0.01387605,-0.005385718,0.0,0.0,0.0,0.0,0,58.16
483100000,483100000,0.99964696,-0.022747181,0.012855317,-0.0056887977,0.0,0.0,0.0,0.0,0,58.18
483120000,483120000,0.9996824,-0.021628428,0.0118627995,-0.0059683705,0.0,0.0,0.0,0.0,0,58.2
483140000,483140000,0.9997148,-0.02054553,0.010890069,-0.006224257,0.0,0.0,0.0,0.0,0,58.22
483160000,483160000,0.99974406,-0.019504055,0.009944256,-0.0064564734,0.0,0.0,0.0,0.0,0,58.24
483180000,483180000,0.99977034,-0.018502012,0.009031826,-0.0066653807,0.0,0.0,0.0,0.0,0,58.26
483200000,483200000,0.9997939,-0.017542917,0.008163387,-0.0068509555,0.0,0.0,0.0,0.0,0,58.28
483220000,483220000,0.9998149,-0.016624492,0.007327581,-0.0070122723,0.0,0.0,0.0,0.0,0,58.3
483240000,483240000,0.99983376,-0.015743935,0.0065203775,-0.0071496605,0.0,0.0,0.0,0.0,0,58.32
483260000,483260000,0.9998506,-0.014905164,0.0057457914,-0.0072635207,0.0,0.0,0.0,0.0,0,58.34
483280000,483280000,0.9998654,-0.014106508,0.0050122333,-0.0073547456,0.0,0.0,0.0,0.0,0,58.36
483300000,483300000,0.9998787,-0.01334312,0.0043073157,-0.00742352,0.0,0.0,0.0,0.0,0,58.38
483320000,483320000,0.99989045,-0.012619142,0.003626599,-0.007470545,0.0,0.0,0.0,0.0,0,58.4
483340000,483340000,0.9999008,-0.011933335,0.002974453,-0.007496754,0.0,0.0,0.0,0.0,0,58.42
483360000,483360000,0.99991,-0.011283442,0.00234474,-0.007502647,0.0,0.0,0.0,0.0,0,58.44
483380000,483380000,0.99991816,-0.010663845,0.0017347237,-0.0074886074,0.0,0.0,0.0,0.0,0,58.46
483400000,483400000,0.99992543,-0.010066561,0.0011500635,-0.0074557327,0.0,0.0,0.0,0.0,0,58.48
483420000,483420000,0.99993193,-0.00948693,0.00060475967,-0.0074050506,0.0,0.0,0.0,0.0,0,58.5
483440000,483440000,0.9999377,-0.008934067,9.100822e-05,-0.007337235,0.0,0.0,0.0,0.0,0,58.52
483460000,483460000,0.99994284,-0.008406969,-0.0003861353,-0.007253766,0.0,0.0,0.0,0.0,0,58.54
483480000,483480000,0.9999474,-0.007899731,-0.00082404446,-0.0071557444,0.0,0.0,0.0,0.0,0,58.56
483500000,483500000,0.9999515,-0.0074159806,-0.0012340217,-0.0070440588,0.0,0.0,0.0,0.0,0,58.58
483520000,483520000,0.99995506,-0.0069584423,-0.0016247621,-0.006919051,0.0,0.0,0.0,0.0,0,58.6
483540000,483540000,0.99995834,-0.006521738,-0.0019847585,-0.0067819795,0.0,0.0,0.0,0.0,0,58.62
483560000,483560000,0.99996126,-0.006105008,-0.0023070998,-0.006634273,0.0,0.0,0.0,0.0,0,58.64
483580000,483580000,0.9999639,-0.0057125157,-0.002602581,-0.006476908,0.0,0.0,0.0,0.0,0,58.66
483600000,483600000,0.9999662,-0.0053446083,-0.0028780547,-0.0063103363,0.0,0.0,0.0,0.0,0,58.68
483620000,483620000,0.9999684,-0.004991671,-0.003126054,-0.0061357436,0.0,0.0,0.0,0.0,0,58.7
483640000,483640000,0.9999704,-0.00465666,-0.0033536372,-0.0059542176,0.0,0.0,0.0,0.0,0,58.72
483660000,483660000,0.99997216,-0.004347677,-0.0035575898,-0.0057665696,0.0,0.0,0.0,0.0,0,58.74
483680000,483680000,0.9999738,-0.004059264,-0.0037353064,-0.0055740476,0.0,0.0,0.0,0.0,0,58.76
483700000,483700000,0.9999754,-0.0037841515,-0.0038832552,-0.005377819,0.0,0.0,0.0,0.0,0,58.78
483720000,483720000,0.9999769,-0.003524503,-0.0040154327,-0.005178755,0.0,0.0,0.0,0.0,0,58.8
483740000,483740000,0.99997824,-0.0032787959,-0.004135747,-0.004977637,0.0,0.0,0.0,0.0,0,58.82
483760000,483760000,0.9999795,-0.0030481573,-0.0042382698,-0.0047754003,0.0,0.0,0.0,0.0,0,58.84
483780000,483780000,0.99998075,-0.0028310372,-0.0043174704,-0.0045731002,0.0,0.0,0.0,0.0,0,58.86
483800000,483800000,0.99998194,-0.0026316338,-0.0043818234,-0.0043720827,0.0,0.0,0.0,0.0,0,58.88
483820000,483820000,0.999983,-0.0024505728,-0.0044297418,-0.0041730534,0.0,0.0,0.0,0.0,0,58.9
483840000,483840000,0.9999841,-0.0022862244,-0.0044568377,-0.0039768014,0.0,0.0,0.0,0.0,0,58.92
483860000,483860000,0.99998516,-0.0021303135,-0.0044631707,-0.003784297,0.0,0.0,0.0,0.0,0,58.94
483880000,483880000,0.9999861,-0.00199104,-0.004471081,-0.0035960511,0.0,0.0,0.0,0.0,0,58.96
483900000,483900000,0.999987,-0.0018553959,-0.004472294,-0.0034127708,0.0,0.0,0.0,0.0,0,58.98
483920000,483920000,0.99998796,-0.0017127247,-0.00444433,-0.0032351865,0.0,0.0,0.0,0.0,0,59.0
483940000,483940000,0.999989,-0.001572559,-0.004392187,-0.003063184,0.0,0.0,0.0,0.0,0,59.02
483960000,483960000,0.9999899,-0.0014351713,-0.0043307077,-0.0028966577,0.0,0.0,0.0,0.0,0,59.04
483980000,483980000,0.9999909,-0.0013026876,-0.0042579584,-0.0027361906,0.0,0.0,0.0,0.0,0,59.06
484000000,484000000,0.99999183,-0.0011777452,-0.0041718157,-0.0025827321,0.0,0.0,0.0,0.0,0,59.08
484020000,484020000,0.99999267,-0.0010578951,-0.004091921,-0.002437083,0.0,0.0,0.0,0.0,0,59.1
484040000,484040000,0.99999344,-0.00093783095,-0.004011966,-0.0022995349,0.0,0.0,0.0,0.0,0,59.12
484060000,484060000,0.99999416,-0.00081488705,-0.003927013,-0.0021703318,0.0,0.0,0.0,0.0,0,59.14
484080000,484080000,0.9999949,-0.0006940202,-0.003837798,-0.0020497823,0.0,0.0,0.0,0.0,0,59.16
484100000,484100000,0.9999955,-0.00057991943,-0.0037403968,-0.001938023,0.0,0.0,0.0,0.0,0,59.18
484120000,484120000,0.9999961,-0.00047162516,-0.0036363075,-0.0018347106,0.0,0.0,0.0,0.0,0,59.2
484140000,484140000,0.9999967,-0.00036693347,-0.003527236,-0.0017399456,0.0,0.0,0.0,0.0,0,59.22
484160000,484160000,0.9999973,-0.0002713453,-0.0034078849,-0.0016538705,0.0,0.0,0.0,0.0,0,59.24
484180000,484180000,0.9999979,-0.00018067173,-0.0032819656,-0.0015761363,0.0,0.0,0.0,0.0,0,59.26
484200000,484200000,0.99999845,-9.183431e-05,-0.003152759,-0.0015069742,0.0,0.0,0.0,0.0,0,59.28
484220000,484220000,0.9999989,-8.134451e-06,-0.0030165142,-0.0014462818,0.0,0.0,0.0,0.0,0,59.3
484240000,484240000,0.99999946,7.4611016e-05,-0.0028776028,-0.0013936707,0.0,0.0,0.0,0.0,0,59.32
484260000,484260000,0.9999999,0.00015571846,-0.002734957,-0.0013490448,0.0,0.0,0.0,0.0,0,59.34
484280000,484280000,1.0000004,0.00023494063,-0.002588706,-0.0013122889,0.0,0.0,0.0,0.0,0,59.36
484300000,484300000,1.0000007,0.0003089301,-0.002442427,-0.0012832414,0.0,0.0,0.0,0.0,0,59.38
484320000,484320000,1.0000011,0.0003813753,-0.0022974284,-0.0012621097,0.0,0.0,0.0,0.0,0,59.4
484340000,484340000,1.0000013,0.0004517718,-0.0021498909,-0.0012486262,0.0,0.0,0.0,0.0,0,59.42
484360000,484360000,1.0000017,0.0005136989,-0.0020051568,-0.0012423432,0.0,0.0,0.0,0.0,0,59.44
484380000,484380000,1.0000019,0.0005663461,-0.0018630238,-0.0012434503,0.0,0.0,0.0,0.0,0,59.46
484400000,484400000,1.000002,0.000612714,-0.0017301992,-0.0012510711,0.0,0.0,0.0,0.0,0,59.48
484420000,484420000,1.0000023,0.00065327645,-0.001607791,-0.0012653893,0.0,0.0,0.0,0.0,0,59.5
484440000,484440000,1.0000024,0.0006874149,-0.0014783349,-0.0012856565,0.0,0.0,0.0,0.0,0,59.52
484460000,484460000,1.0000025,0.0007158149,-0.0013538792,-0.0013113332,0.0,0.0,0.0,0.0,0,59.54
484480000,484480000,1.0000026,0.00074291235,-0.0012349082,-0.0013420444,0.0,0.0,0.0,0.0,0,59.56
484500000,484500000,1.0000027,0.0007645928,-0.001117164,-0.0013774366,0.0,0.0,0.0,0.0,0,59.58
484520000,484520000,1.0000027,0.00077769096,-0.0010018003,-0.0014171607,0.0,0.0,0.0,0.0,0,59.6
484540000,484540000,1.0000027,0.0007899139,-0.00087991735,-0.00146086,0.0,0.0,0.0,0.0,0,59.62
484560000,484560000,1.0000029,0.00080124533,-0.00075244583,-0.0015081376,0.0,0.0,0.0,0.0,0,59.64
484580000,484580000,1.0000029,0.00081577944,-0.0006246851,-0.0015586227,0.0,0.0,0.0,0.0,0,59.66
484600000,484600000,1.0000027,0.0008325561,-0.00049620366,-0.0016124925,0.0,0.0,0.0,0.0,0,59.68
484620000,484620000,1.0000027,0.0008493706,-0.00036723164,-0.0016692325,0.0,0.0,0.0,0.0,0,59.7
484640000,484640000,1.0000026,0.00086817733,-0.00025474132,-0.0017277935,0.0,0.0,0.0,0.0,0,59.72
484660000,484660000,1.0000025,0.00087707577,-0.0001532613,-0.0017878807,0.0,0.0,0.0,0.0,0,59.74
484680000,484680000,1.0000025,0.00087889977,-4.028262e-05,-0.001848877,0.0,0.0,0.0,0.0,0,59.76
484700000,484700000,1.0000024,0.00087394356,8.014878e-05,-0.0019105439,0.0,0.0,0.0,0.0,0,59.78
484720000,484720000,1.0000023,0.00086546154,0.000189436,-0.001972937,0.0,0.0,0.0,0.0,0,59.8
484740000,484740000,1.000002,0.0008563101,0.0002922708,-0.0020352982,0.0,0.0,0.0,0.0,0,59.82
484760000,484760000,1.0000019,0.0008428572,0.00039742485,-0.0020973592,0.0,0.0,0.0,0.0,0,59.84
484780000,484780000,1.0000018,0.0008228599,0.0005039964,-0.0021587163,0.0,0.0,0.0,0.0,0,59.86
484800000,484800000,1.0000015,0.0007931428,0.00060414866,-0.0022194537,0.0,0.0,0.0,0.0,0,59.88
484820000,484820000,1.0000014,0.0007627897,0.00070024777,-0.0022794884,0.0,0.0,0.0,0.0,0,59.9
484840000,484840000,1.0000012,0.0007265166,0.0007936122,-0.002338553,0.0,0.0,0.0,0.0,0,59.92
484860000,484860000,1.0000011,0.00068172027,0.0008743308,-0.0023965277,0.0,0.0,0.0,0.0,0,59.94
484880000,484880000,1.000001,0.0006375777,0.0009429448,-0.0024529584,0.0,0.0,0.0,0.0,0,59.96
484900000,484900000,1.0000007,0.00059195206,0.0010088374,-0.0025072622,0.0,0.0,0.0,0.0,0,59.98
484920000,484920000,1.0000006,0.0005430799,0.0010769411,-0.002559353,0.0,0.0,0.0,0.0,0,60.0
484940000,484940000,1.0000004,0.00049169105,0.0011479373,-0.0026093044,0.0,0.0,0.0,0.0,0,60.02
484960000,484960000,1.0000002,0.00044270107,0.0012174724,-0.0026567036,0.0,0.0,0.0,0.0,0,60.04
484980000,484980000,1.0,0.00040721148,0.0012745638,-0.0027015011,0.0,0.0,0.0,0.0,0,60.06
485000000,485000000,0.9999998,0.00037737912,0.0013272146,-0.0027439198,0.0,0.0,0.0,0.0,0,60.08
485020000,485020000,0.99999964,0.00034745925,0.0013799131,-0.002784178,0.0,0.0,0.0,0.0,0,60.1
485040000,485040000,0.9999995,0.0003129485,0.0014319654,-0.002822365,0.0,0.0,0.0,0.0,0,60.12
485060000,485060000,0.99999934,0.00027592995,0.0014835752,-0.0028581752,0.0,0.0,0.0,0.0,0,60.14
485080000,485080000,0.99999917,0.00024022927,0.0015229379,-0.0028915743,0.0,0.0,0.0,0.0,0,60.16
485100000,485100000,0.99999905,0.00019932628,0.0015593565,-0.0029222837,0.0,0.0,0.0,0.0,0,60.18
485120000,485120000,0.9999989,0.0001553732,0.0015907483,-0.0029506527,0.0,0.0,0.0,0.0,0,60.2
485140000,485140000,0.9999988,0.00011408593,0.0016236764,-0.0029770655,0.0,0.0,0.0,0.0,0,60.22
485160000,485160000,0.9999986,7.8608435e-05,0.0016731817,-0.003001197,0.0,0.0,0.0,0.0,0,60.24
485180000,485180000,0.9999985,4.103267e-05,0.0017187231,-0.0030229148,0.0,0.0,0.0,0.0,0,60.26
485200000,485200000,0.9999984,-4.315389e-06,0.0017505444,-0.0030423377,0.0,0.0,0.0,0.0,0,60.28
485220000,485220000,0.9999983,-5.046217e-05,0.0017907437,-0.0030593588,0.0,0.0,0.0,0.0,0,60.3
485240000,485240000,0.99999815,-9.123543e-05,0.0018427433,-0.0030739792,0.0,0.0,0.0,0.0,0,60.32
485260000,485260000,0.99999803,-0.00013471425,0.0018846197,-0.00308637,0.0,0.0,0.0,0.0,0,60.34
485280000,485280000,0.9999979,-0.00017837307,0.0019231277,-0.003096532,0.0,0.0,0.0,0.0,0,60.36
485300000,485300000,0.99999774,-0.00022238462,0.0019775545,-0.0031046725,0.0,0.0,0.0,0.0,0,60.38
485320000,485320000,0.9999976,-0.0002684397,0.0020275265,-0.0031108623,0.0,0.0,0.0,0.0,0,60.4
485340000,485340000,0.9999975,-0.00031344546,0.0020701606,-0.0031151776,0.0,0.0,0.0,0.0,0,60.42
485360000,485360000,0.9999974,-0.00035523597,0.002119832,-0.0031175327,0.0,0.0,0.0,0.0,0,60.44
485380000,485380000,0.99999726,-0.00039680093,0.0021733341,-0.0031180296,0.0,0.0,0.0,0.0,0,60.46
485400000,485400000,0.99999714,-0.00043667763,0.002226089,-0.003117058,0.0,0.0,0.0,0.0,0,60.48
485420000,485420000,0.999997,-0.00047023513,0.0022724427,-0.0031145082,0.0,0.0,0.0,0.0,0,60.5
485440000,485440000,0.9999969,-0.0005030986,0.0023181029,-0.0031101494,0.0,0.0,0.0,0.0,0,60.52
485460000,485460000,0.9999968,-0.00053387065,0.0023613574,-0.0031041983,0.0,0.0,0.0,0.0,0,60.54
485480000,485480000,0.9999967,-0.00056209235,0.0024018884,-0.0030967474,0.0,0.0,0.0,0.0,0,60.56
485500000,485500000,0.99999666,-0.000582503,0.0024341613,-0.0030883716,0.0,0.0,0.0,0.0,0,60.58
485520000,485520000,0.9999966,-0.0006031384,0.002466353,-0.003079097,0.0,0.0,0.0,0.0,0,60.6
485540000,485540000,0.99999654,-0.00062680437,0.002501097,-0.003068801,0.0,0.0,0.0,0.0,0,60.62
485560000,485560000,0.9999965,-0.0006439841,0.00252327,-0.0030578924,0.0,0.0,0.0,0.0,0,60.64
485580000,485580000,0.9999965,-0.0006630794,0.0025354063,-0.0030461187,0.0,0.0,0.0,0.0,0,60.66
485600000,485600000,0.9999965,-0.00069279375,0.0025524038,-0.003033411,0.0,0.0,0.0,0.0,0,60.68
485620000,485620000,0.9999964,-0.0007199234,0.0025621674,-0.003019866,0.0,0.0,0.0,0.0,0,60.7
485640000,485640000,0.9999965,-0.00074130634,0.00255287,-0.0030058285,0.0,0.0,0.0,0.0,0,60.72
485660000,485660000,0.9999966,-0.0007576656,0.0025300786,-0.0029915802,0.0,0.0,0.0,0.0,0,60.74
485680000,485680000,0.9999967,-0.00077239214,0.0025014754,-0.0029773018,0.0,0.0,0.0,0.0,0,60.76
485700000,485700000,0.9999968,-0.0007873496,0.0024706833,-0.0029630614,0.0,0.0,0.0,0.0,0,60.78
485720000,485720000,0.9999969,-0.0008046345,0.0024342118,-0.0029490106,0.0,0.0,0.0,0.0,0,60.8
485740000,485740000,0.9999971,-0.0008234122,0.0023816307,-0.0029348396,0.0,0.0,0.0,0.0,0,60.82
485760000,485760000,0.9999972,-0.0008485125,0.0023279067,-0.002920289,0.0,0.0,0.0,0.0,0,60.84
485780000,485780000,0.9999974,-0.0008706669,0.0022767424,-0.0029054566,0.0,0.0,0.0,0.0,0,60.86
485800000,485800000,0.9999975,-0.00089515204,0.0022135163,-0.0028908972,0.0,0.0,0.0,0.0,0,60.88
485820000,485820000,0.9999977,-0.00093119935,0.002143024,-0.0028766263,0.0,0.0,0.0,0.0,0,60.9
485840000,485840000,0.9999978,-0.0009692957,0.0020807337,-0.0028627615,0.0,0.0,0.0,0.0,0,60.92
485860000,485860000,0.999998,-0.001008518,0.002019837,-0.0028494895,0.0,0.0,0.0,0.0,0,60.94
485880000,485880000,0.9999981,-0.0010447736,0.0019520852,-0.0028368088,0.0,0.0,0.0,0.0,0,60.96
485900000,485900000,0.9999982,-0.0010759111,0.001877066,-0.0028244762,0.0,0.0,0.0,0.0,0,60.98
485920000,485920000,0.99999833,-0.0011107153,0.0018141525,-0.0028126696,0.0,0.0,0.0,0.0,0,61.0
485940000,485940000,0.99999845,-0.0011518623,0.001749922,-0.0028010907,0.0,0.0,0.0,0.0,0,61.02
485960000,485960000,0.99999857,-0.001190898,0.0016697729,-0.002789987,0.0,0.0,0.0,0.0,0,61.04
485980000,485980000,0.9999987,-0.0012260671,0.0015972641,-0.0027791583,0.0,0.0,0.0,0.0,0,61.06
486000000,486000000,0.99999875,-0.0012580679,0.0015277213,-0.0027688544,0.0,0.0,0.0,0.0,0,61.08
486020000,486020000,0.99999887,-0.0012863781,0.0014431013,-0.0027591952,0.0,0.0,0.0,0.0,0,61.1
486040000,486040000,0.999999,-0.0013129475,0.0013589265,-0.00274985,0.0,0.0,0.0,0.0,0,61.12
486060000,486060000,0.99999905,-0.0013365834,0.0012911126,-0.0027410376,0.0,0.0,0.0,0.0,0,61.14
486080000,486080000,0.99999917,-0.0013546481,0.00121687,-0.0027328252,0.0,0.0,0.0,0.0,0,61.16
486100000,486100000,0.9999992,-0.0013755661,0.0011423327,-0.0027251844,0.0,0.0,0.0,0.0,0,61.18
486120000,486120000,0.9999993,-0.001398955,0.0010774228,-0.0027180745,0.0,0.0,0.0,0.0,0,61.2
486140000,486140000,0.99999934,-0.0014185398,0.0010042763,-0.0027115918,0.0,0.0,0.0,0.0,0,61.22
486160000,486160000,0.9999994,-0.0014351488,0.0009424228,-0.002705471,0.0,0.0,0.0,0.0,0,61.24
486180000,486180000,0.99999946,-0.0014498032,0.0008860923,-0.002699962,0.0,0.0,0.0,0.0,0,61.26
486200000,486200000,0.9999995,-0.001465593,0.0008202453,-0.00269542,0.0,0.0,0.0,0.0,0,61.28
486220000,486220000,0.9999996,-0.0014754578,0.0007582743,-0.002691694,0.0,0.0,0.0,0.0,0,61.3
486240000,486240000,0.9999996,-0.0014807279,0.0007024231,-0.002688666,0.0,0.0,0.0,0.0,0,61.32
486260000,486260000,0.99999964,-0.0014975998,0.00064733677,-0.0026862656,0.0,0.0,0.0,0.0,0,61.34
486280000,486280000,0.99999964,-0.0015137879,0.00059416366,-0.0026845597,0.0,0.0,0.0,0.0,0,61.36
486300000,486300000,0.99999964,-0.0015247304,0.0005476471,-0.002683343,0.0,0.0,0.0,0.0,0,61.38
486320000,486320000,0.99999964,-0.0015390203,0.0004947206,-0.0026825834,0.0,0.0,0.0,0.0,0,61.4
486340000,486340000,0.99999964,-0.0015487602,0.00043417056,-0.0026827059,0.0,0.0,0.0,0.0,0,61.42
486360000,486360000,0.9999997,-0.0015447543,0.00038086058,-0.002683774,0.0,0.0,0.0,0.0,0,61.44
486380000,486380000,0.9999997,-0.0015370896,0.00032701655,-0.0026858444,0.0,0.0,0.0,0.0,0,61.46
486400000,486400000,0.9999997,-0.0015312299,0.00026860595,-0.0026888428,0.0,0.0,0.0,0.0,0,61.48
486420000,486420000,0.99999976,-0.0015152602,0.00021805636,-0.002692576,0.0,0.0,0.0,0.0,0,61.5
486440000,486440000,0.99999976,-0.0015009707,0.00017706037,-0.0026965109,0.0,0.0,0.0,0.0,0,61.52
486460000,486460000,0.99999976,-0.0014966723,0.00013679783,-0.0027006683,0.0,0.0,0.0,0.0,0,61.54
486480000,486480000,0.99999976,-0.0014960207,9.6616044e-05,-0.0027049955,0.0,0.0,0.0,0.0,0,61.56
486500000,486500000,0.99999976,-0.0014939125,5.8093625e-05,-0.002709592,0.0,0.0,0.0,0.0,0,61.58
486520000,486520000,0.99999976,-0.0014913371,1.5671894e-05,-0.0027140994,0.0,0.0,0.0,0.0,0,61.6
486540000,486540000,0.99999976,-0.0014827886,-3.4728695e-05,-0.0027183895,0.0,0.0,0.0,0.0,0,61.62
486560000,486560000,0.99999976,-0.0014710401,-7.928155e-05,-0.0027226226,0.0,0.0,0.0,0.0,0,61.64
486580000,486580000,0.99999976,-0.0014650181,-0.000118854055,-0.0027270755,0.0,0.0,0.0,0.0,0,61.66
486600000,486600000,0.99999976,-0.0014591871,-0.00017272908,-0.0027312657,0.0,0.0,0.0,0.0,0,61.68
486620000,486620000,0.9999997,-0.0014513816,-0.00023526257,-0.0027352518,0.0,0.0,0.0,0.0,0,61.7
486640000,486640000,0.9999997,-0.0014446841,-0.00029919326,-0.002739039,0.0,0.0,0.0,0.0,0,61.72
486660000,486660000,0.9999997,-0.0014376842,-0.000363971,-0.002742742,0.0,0.0,0.0,0.0,0,61.74
486680000,486680000,0.99999964,-0.0014296406,-0.00042947292,-0.0027463923,0.0,0.0,0.0,0.0,0,61.76
486700000,486700000,0.99999964,-0.0014199287,-0.0004958058,-0.0027500037,0.0,0.0,0.0,0.0,0,61.78
486720000,486720000,0.99999964,-0.0014066097,-0.000560954,-0.002753337,0.0,0.0,0.0,0.0,0,61.8
486740000,486740000,0.9999996,-0.0013874928,-0.0006228784,-0.0027565912,0.0,0.0,0.0,0.0,0,61.82
486760000,486760000,0.9999996,-0.001368088,-0.000683544,-0.0027598895,0.0,0.0,0.0,0.0,0,61.84
486780000,486780000,0.9999995,-0.0013515998,-0.00073492643,-0.0027633843,0.0,0.0,0.0,0.0,0,61.86
486800000,486800000,0.9999995,-0.0013451502,-0.0007752592,-0.002766802,0.0,0.0,0.0,0.0,0,61.88
486820000,486820000,0.99999946,-0.0013496211,-0.0008186798,-0.002769485,0.0,0.0,0.0,0.0,0,61.9
486840000,486840000,0.9999994,-0.0013551388,-0.0008678259,-0.0027711426,0.0,0.0,0.0,0.0,0,61.92
486860000,486860000,0.99999934,-0.0013672808,-0.0009117486,-0.0027719643,0.0,0.0,0.0,0.0,0,61.94
486880000,486880000,0.9999993,-0.0013784381,-0.0009504268,-0.0027725005,0.0,0.0,0.0,0.0,0,61.96
486900000,486900000,0.9999993,-0.0013830881,-0.0009900944,-0.0027724532,0.0,0.0,0.0,0.0,0,61.98
486920000,486920000,0.9999992,-0.0013868066,-0.0010269835,-0.0027717385,0.0,0.0,0.0,0.0,0,62.0
486940000,486940000,0.99999917,-0.0013920052,-0.0010593113,-0.0027707915,0.0,0.0,0.0,0.0,0,62.02
486960000,486960000,0.99999917,-0.0013964401,-0.001089676,-0.002769711,0.0,0.0,0.0,0.0,0,62.04
486980000,486980000,0.9999991,-0.0014030548,-0.001115109,-0.0027681924,0.0,0.0,0.0,0.0,0,62.06
487000000,487000000,0.9999991,-0.0014065652,-0.0011397441,-0.0027661358,0.0,0.0,0.0,0.0,0,62.08
487020000,487020000,0.99999905,-0.0013997786,-0.001165438,-0.0027637444,0.0,0.0,0.0,0.0,0,62.1
487040000,487040000,0.99999905,-0.0013956596,-0.0011819595,-0.002760607,0.0,0.0,0.0,0.0,0,62.12
487060000,487060000,0.99999905,-0.0013962871,-0.0011955897,-0.0027571572,0.0,0.0,0.0,0.0,0,62.14
487080000,487080000,0.99999905,-0.001395674,-0.0012226106,-0.0027534969,0.0,0.0,0.0,0.0,0,62.16
487100000,487100000,0.99999905,-0.0013914657,-0.0012502406,-0.0027502184,0.0,0.0,0.0,0.0,0,62.18
487120000,487120000,0.999999,-0.0013857828,-0.0012719326,-0.0027473017,0.0,0.0,0.0,0.0,0,62.2
487140000,487140000,0.99999905,-0.0013745641,-0.0012808264,-0.0027442575,0.0,0.0,0.0,0.0,0,62.22
487160000,487160000,0.99999905,-0.0013609941,-0.0012950508,-0.0027411613,0.0,0.0,0.0,0.0,0,62.24
487180000,487180000,0.99999905,-0.0013507676,-0.0012969765,-0.0027381158,0.0,0.0,0.0,0.0,0,62.26
487200000,487200000,0.9999991,-0.0013372852,-0.0012772292,-0.002735087,0.0,0.0,0.0,0.0,0,62.28
487220000,487220000,0.99999917,-0.001318186,-0.0012662574,-0.0027322143,0.0,0.0,0.0,0.0,0,62.3
487240000,487240000,0.99999917,-0.0012871246,-0.0012690119,-0.0027297703,0.0,0.0,0.0,0.0,0,62.32
487260000,487260000,0.9999993,-0.0012461919,-0.001264768,-0.0027277218,0.0,0.0,0.0,0.0,0,62.34
487280000,487280000,0.99999934,-0.0012108072,-0.0012508915,-0.0027264776,0.0,0.0,0.0,0.0,0,62.36
487300000,487300000,0.9999994,-0.0011677003,-0.0012375893,-0.0027256878,0.0,0.0,0.0,0.0,0,62.38
487320000,487320000,0.99999964,-0.0010955902,-0.0011098944,-0.0027255833,0.0,0.0,0.0,0.0,0,62.4
487340000,487340000,1.0000005,-0.0007170758,0.00050110207,-0.0027289006,0.0,0.0,0.0,0.0,0,62.42
487360000,487360000,0.99999195,0.00012678593,0.00421192,-0.0027385184,0.0,0.0,0.0,0.0,0,62.44
487380000,487380000,0.9999544,0.0013933257,0.009528933,-0.0027559225,0.0,0.0,0.0,0.0,0,62.46
487400000,487400000,0.99987173,0.0030067333,0.015774356,-0.002782654,0.0,0.0,0.0,0.0,0,62.48
487420000,487420000,0.9997387,0.0048665795,0.022361614,-0.002818586,0.0,0.0,0.0,0.0,0,62.5
487440000,487440000,0.99955595,0.006896802,0.029004587,-0.0028653934,0.0,0.0,0.0,0.0,0,62.52
487460000,487460000,0.99932843,0.009053992,0.035514783,-0.0029247547,0.0,0.0,0.0,0.0,0,62.54
487480000,487480000,0.99906737,0.011258598,0.041687112,-0.0029969371,0.0,0.0,0.0,0.0,0,62.56
487500000,487500000,0.9987847,0.013441959,0.04741295,-0.0030816218,0.0,0.0,0.0,0.0,0,62.58
487520000,487520000,0.9984929,0.015573698,0.052614912,-0.0031798307,0.0,0.0,0.0,0.0,0,62.6
487540000,487540000,0.9982054,0.017590055,0.057225563,-0.0032900376,0.0,0.0,0.0,0.0,0,62.62
487560000,487560000,0.9979313,0.019461563,0.061251797,-0.0034109964,0.0,0.0,0.0,0.0,0,62.64
487580000,487580000,0.9976801,0.02117481,0.06467252,-0.0035423737,0.0,0.0,0.0,0.0,0,62.66
487600000,487600000,0.99745804,0.022699399,0.06751074,-0.00368121,0.0,0.0,0.0,0.0,0,62.68
487620000,487620000,0.997269,0.02402983,0.06979692,-0.00382618,0.0,0.0,0.0,0.0,0,62.7
487640000,487640000,0.9971168,0.025153179,0.0715452,-0.0039757187,0.0,0.0,0.0,0.0,0,62.72
487660000,487660000,0.9970011,0.026077561,0.072806306,-0.0041281213,0.0,0.0,0.0,0.0,0,62.74
487680000,487680000,0.9969217,0.02680994,0.073614396,-0.004282039,0.0,0.0,0.0,0.0,0,62.76
487700000,487700000,0.99687755,0.02735833,0.074001014,-0.0044360813,0.0,0.0,0.0,0.0,0,62.78
487720000,487720000,0.99686587,0.027730016,0.07401072,-0.004588848,0.0,0.0,0.0,0.0,0,62.8
487740000,487740000,0.9968835,0.027935022,0.07368548,-0.0047389935,0.0,0.0,0.0,0.0,0,62.82
487760000,487760000,0.9969283,0.027982295,0.07304956,-0.004885552,0.0,0.0,0.0,0.0,0,62.84
487780000,487780000,0.99699664,0.027895572,0.072133884,-0.005028425,0.0,0.0,0.0,0.0,0,62.86
487800000,487800000,0.99708503,0.02768086,0.07097612,-0.0051656994,0.0,0.0,0.0,0.0,0,62.88
487820000,487820000,0.9971903,0.02735366,0.06960138,-0.0052967905,0.0,0.0,0.0,0.0,0,62.9
487840000,487840000,0.9973088,0.026922276,0.06804436,-0.0054204795,0.0,0.0,0.0,0.0,0,62.92
487860000,487860000,0.9974379,0.026403511,0.066324666,-0.005536779,0.0,0.0,0.0,0.0,0,62.94
487880000,487880000,0.99757546,0.025803033,0.0644567,-0.0056445687,0.0,0.0,0.0,0.0,0,62.96
487900000,487900000,0.9977186,0.02514685,0.062460676,-0.005744414,0.0,0.0,0.0,0.0,0,62.98
487920000,487920000,0.99786496,0.024433687,0.060361788,-0.005835219,0.0,0.0,0.0,0.0,0,63.0
487940000,487940000,0.99801314,0.023678841,0.058164723,-0.0059170807,0.0,0.0,0.0,0.0,0,63.02
487960000,487960000,0.998161,0.022883013,0.055894732,-0.005989038,0.0,0.0,0.0,0.0,0,63.04
487980000,487980000,0.99830645,0.0220559,0.053575005,-0.0060510165,0.0,0.0,0.0,0.0,0,63.06
488000000,488000000,0.9984488,0.021194616,0.051211637,-0.006103007,0.0,0.0,0.0,0.0,0,63.08
488020000,488020000,0.9985871,0.02031449,0.0488116,-0.006145383,0.0,0.0,0.0,0.0,0,63.1
488040000,488040000,0.9987202,0.019418411,0.046387304,-0.006177731,0.0,0.0,0.0,0.0,0,63.12
488060000,488060000,0.9988476,0.018517807,0.043945935,-0.0062006623,0.0,0.0,0.0,0.0,0,63.14
488080000,488080000,0.99896854,0.017604139,0.041502327,-0.006213005,0.0,0.0,0.0,0.0,0,63.16
488100000,488100000,0.99908274,0.016689193,0.03905954,-0.0062155803,0.0,0.0,0.0,0.0,0,63.18
488120000,488120000,0.99919033,0.015772145,0.036612418,-0.0062088827,0.0,0.0,0.0,0.0,0,63.2
488140000,488140000,0.99929106,0.01486152,0.03416538,-0.00619353,0.0,0.0,0.0,0.0,0,63.22
488160000,488160000,0.99938464,0.013943076,0.031732988,-0.0061688875,0.0,0.0,0.0,0.0,0,63.24
488180000,488180000,0.9994709,0.013023385,0.029321315,-0.0061354316,0.0,0.0,0.0,0.0,0,63.26
488200000,488200000,0.99954987,0.012110048,0.026933327,-0.0060942485,0.0,0.0,0.0,0.0,0,63.28
488220000,488220000,0.9996213,0.0112095885,0.024581041,-0.006046136,0.0,0.0,0.0,0.0,0,63.3
488240000,488240000,0.9996856,0.010314066,0.022260623,-0.0059913197,0.0,0.0,0.0,0.0,0,63.32
488260000,488260000,0.999743,0.009427835,0.019974113,-0.0059300535,0.0,0.0,0.0,0.0,0,63.34
488280000,488280000,0.99979365,0.008550922,0.01772754,-0.0058629517,0.0,0.0,0.0,0.0,0,63.36
488300000,488300000,0.9998376,0.0076913633,0.015532802,-0.0057905186,0.0,0.0,0.0,0.0,0,63.38
488320000,488320000,0.99987525,0.006842956,0.013384126,-0.0057134544,0.0,0.0,0.0,0.0,0,63.4
488340000,488340000,0.9999069,0.006012977,0.011288742,-0.0056325747,0.0,0.0,0.0,0.0,0,63.42
488360000,488360000,0.9999329,0.005203095,0.009244089,-0.0055483403,0.0,0.0,0.0,0.0,0,63.44
488380000,488380000,0.99995357,0.0044094585,0.007255894,-0.005461337,0.0,0.0,0.0,0.0,0,63.46
488400000,488400000,0.99996936,0.003626195,0.005329255,-0.0053719417,0.0,0.0,0.0,0.0,0,63.48
488420000,488420000,0.9999805,0.002857358,0.0034671326,-0.00528091,0.0,0.0,0.0,0.0,0,63.5
488440000,488440000,0.99998754,0.0021010612,0.0016551578,-0.005188812,0.0,0.0,0.0,0.0,0,63.52
488460000,488460000,0.99999064,0.0013621118,-0.00010180479,-0.0050956896,0.0,0.0,0.0,0.0,0,63.54
488480000,488480000,0.9999902,0.0006402495,-0.0018043398,-0.0050022188,0.0,0.0,0.0,0.0,0,63.56
488500000,488500000,0.9999866,-6.730836e-05,-0.0034426237,-0.0049093366,0.0,0.0,0.0,0.0,0,63.58
488520000,488520000,0.99998003,-0.0007629446,-0.005029813,-0.004817791,0.0,0.0,0.0,0.0,0,63.6
488540000,488540000,0.99997085,-0.0014343992,-0.0065532294,-0.0047280807,0.0,0.0,0.0,0.0,0,63.62
488560000,488560000,0.9999596,-0.0020766605,-0.008007077,-0.004640612,0.0,0.0,0.0,0.0,0,63.64
488580000,488580000,0.9999464,-0.0026991153,-0.009393663,-0.0045557534,0.0,0.0,0.0,0.0,0,63.66
488600000,488600000,0.9999316,-0.003299373,-0.010727241,-0.0044742743,0.0,0.0,0.0,0.0,0,63.68
488620000,488620000,0.99991536,-0.0038745662,-0.011998863,-0.0043966714,0.0,0.0,0.0,0.0,0,63.7
488640000,488640000,0.9998982,-0.0044230693,-0.013208951,-0.004323114,0.0,0.0,0.0,0.0,0,63.72
488660000,488660000,0.9998803,-0.0049448195,-0.014350814,-0.0042536585,0.0,0.0,0.0,0.0,0,63.74
488680000,488680000,0.9998619,-0.0054447907,-0.015432536,-0.0041879364,0.0,0.0,0.0,0.0,0,63.76
488700000,488700000,0.9998431,-0.005927845,-0.016453067,-0.0041262163,0.0,0.0,0.0,0.0,0,63.78
488720000,488720000,0.99982435,-0.006385149,-0.017409481,-0.0040685544,0.0,0.0,0.0,0.0,0,63.8
488740000,488740000,0.9998056,-0.006818447,-0.018309053,-0.0040149195,0.0,0.0,0.0,0.0,0,63.82
488760000,488760000,0.99978703,-0.0072255195,-0.019157382,-0.0039654262,0.0,0.0,0.0,0.0,0,63.84
488780000,488780000,0.999769,-0.0076001524,-0.019949762,-0.0039201737,0.0,0.0,0.0,0.0,0,63.86
488800000,488800000,0.99975157,-0.007946228,-0.020682758,-0.003878668,0.0,0.0,0.0,0.0,0,63.88
488820000,488820000,0.9997348,-0.008268492,-0.02135925,-0.00384113,0.0,0.0,0.0,0.0,0,63.9
488840000,488840000,0.99971884,-0.008563091,-0.0219876,-0.0038073626,0.0,0.0,0.0,0.0,0,63.92
488860000,488860000,0.99970376,-0.0088350065,-0.022564111,-0.003777273,0.0,0.0,0.0,0.0,0,63.94
488880000,488880000,0.9996896,-0.009082925,-0.023092924,-0.0037513496,0.0,0.0,0.0,0.0,0,63.96
488900000,488900000,0.99967605,-0.009315182,-0.023584213,-0.003730034,0.0,0.0,0.0,0.0,0,63.98
488920000,488920000,0.9996634,-0.009528689,-0.024033071,-0.003712684,0.0,0.0,0.0,0.0,0,64.0
488940000,488940000,0.9996519,-0.009719694,-0.024432829,-0.0036991176,0.0,0.0,0.0,0.0,0,64.02
488960000,488960000,0.9996416,-0.009883514,-0.024788242,-0.0036889967,0.0,0.0,0.0,0.0,0,64.04
488980000,488980000,0.99963224,-0.010026039,-0.025107412,-0.003682455,0.0,0.0,0.0,0.0,0,64.06
489000000,489000000,0.9996241,-0.010146068,-0.025383148,-0.00367941,0.0,0.0,0.0,0.0,0,64.08
489020000,489020000,0.99961686,-0.010238758,-0.02562974,-0.0036789067,0.0,0.0,0.0,0.0,0,64.1
489040000,489040000,0.9996105,-0.010311047,-0.025847238,-0.0036804706,0.0,0.0,0.0,0.0,0,64.12
489060000,489060000,0.99960524,-0.010366713,-0.026028255,-0.00368397,0.0,0.0,0.0,0.0,0,64.14
489080000,489080000,0.999601,-0.010404244,-0.026173089,-0.0036893317,0.0,0.0,0.0,0.0,0,64.16
489100000,489100000,0.999598,-0.010425745,-0.026278704,-0.003696412,0.0,0.0,0.0,0.0,0,64.18
489120000,489120000,0.99959606,-0.010420952,-0.026353627,-0.0037048783,0.0,0.0,0.0,0.0,0,64.2
489140000,489140000,0.9995952,-0.010396999,-0.02639332,-0.0037144937,0.0,0.0,0.0,0.0,0,64.22
489160000,489160000,0.9995954,-0.010369709,-0.0263964,-0.0037252905,0.0,0.0,0.0,0.0,0,64.24
489180000,489180000,0.99959624,-0.010332955,-0.026377378,-0.0037369127,0.0,0.0,0.0,0.0,0,64.26
489200000,489200000,0.99959767,-0.010287354,-0.026338624,-0.0037489322,0.0,0.0,0.0,0.0,0,64.28
489220000,489220000,0.9995999,-0.010243178,-0.02626997,-0.0037613923,0.0,0.0,0.0,0.0,0,64.3
489240000,489240000,0.9996028,-0.010197897,-0.026173519,-0.003774606,0.0,0.0,0.0,0.0,0,64.32
489260000,489260000,0.99960643,-0.010144027,-0.026055207,-0.0037885355,0.0,0.0,0.0,0.0,0,64.34
489280000,489280000,0.9996106,-0.010078295,-0.025917413,-0.0038031486,0.0,0.0,0.0,0.0,0,64.36
489300000,489300000,0.99961543,-0.009999683,-0.025759077,-0.003817958,0.0,0.0,0.0,0.0,0,64.38
489320000,489320000,0.9996207,-0.009914316,-0.025584545,-0.003832505,0.0,0.0,0.0,0.0,0,64.4
489340000,489340000,0.99962616,-0.009827174,-0.025401464,-0.0038471348,0.0,0.0,0.0,0.0,0,64.42
489360000,489360000,0.9996324,-0.009725349,-0.025193013,-0.0038613125,0.0,0.0,0.0,0.0,0,64.44
489380000,489380000,0.99963933,-0.009617002,-0.02495562,-0.0038750581,0.0,0.0,0.0,0.0,0,64.46
489400000,489400000,0.99964666,-0.00950786,-0.024700047,-0.0038885607,0.0,0.0,0.0,0.0,0,64.48
489420000,489420000,0.9996547,-0.009394648,-0.02441367,-0.0039011566,0.0,0.0,0.0,0.0,0,64.5
489440000,489440000,0.9996633,-0.009273733,-0.024106123,-0.0039128633,0.0,0.0,0.0,0.0,0,64.52
489460000,489460000,0.9996724,-0.009140831,-0.023773883,-0.0039234417,0.0,0.0,0.0,0.0,0,64.54
489480000,489480000,0.9996823,-0.008998859,-0.023408838,-0.0039328537,0.0,0.0,0.0,0.0,0,64.56
489500000,489500000,0.99969274,-0.0088586295,-0.02301048,-0.0039413315,0.0,0.0,0.0,0.0,0,64.58
489520000,489520000,0.99970365,-0.008724104,-0.022583023,-0.0039489395,0.0,0.0,0.0,0.0,0,64.6
489540000,489540000,0.9997147,-0.008586048,-0.022143645,-0.003955207,0.0,0.0,0.0,0.0,0,64.62
489560000,489560000,0.9997261,-0.008443365,-0.02167628,-0.0039597303,0.0,0.0,0.0,0.0,0,64.64
489580000,489580000,0.9997378,-0.008300436,-0.02118703,-0.003962397,0.0,0.0,0.0,0.0,0,64.66
489600000,489600000,0.99974954,-0.008160115,-0.02068007,-0.0039633764,0.0,0.0,0.0,0.0,0,64.68
489620000,489620000,0.9997612,-0.0080155935,-0.020166628,-0.0039627515,0.0,0.0,0.0,0.0,0,64.7
489640000,489640000,0.99977267,-0.007862018,-0.01965328,-0.00396026,0.0,0.0,0.0,0.0,0,64.72
489660000,489660000,0.9997839,-0.007704959,-0.019139739,-0.0039559943,0.0,0.0,0.0,0.0,0,64.74
489680000,489680000,0.9997949,-0.0075528575,-0.018616356,-0.003950434,0.0,0.0,0.0,0.0,0,64.76
489700000,489700000,0.9998058,-0.007402545,-0.018085197,-0.003943414,0.0,0.0,0.0,0.0,0,64.78
489720000,489720000,0.9998165,-0.0072509884,-0.017550549,-0.003934771,0.0,0.0,0.0,0.0,0,64.8
489740000,489740000,0.9998269,-0.0071014753,-0.017011069,-0.0039245645,0.0,0.0,0.0,0.0,0,64.82
489760000,489760000,0.99983716,-0.0069564558,-0.01646282,-0.003913002,0.0,0.0,0.0,0.0,0,64.84
489780000,489780000,0.99984705,-0.0068116984,-0.015915928,-0.003900033,0.0,0.0,0.0,0.0,0,64.86
489800000,489800000,0.99985665,-0.006664577,-0.015371258,-0.0038858287,0.0,0.0,0.0,0.0,0,64.88
489820000,489820000,0.99986583,-0.006520363,-0.014831223,-0.0038701273,0.0,0.0,0.0,0.0,0,64.9
489840000,489840000,0.99987465,-0.0063769547,-0.01429283,-0.0038531246,0.0,0.0,0.0,0.0,0,64.92
489860000,489860000,0.99988306,-0.0062368484,-0.013759296,-0.0038348413,0.0,0.0,0.0,0.0,0,64.94
489880000,489880000,0.9998911,-0.006096239,-0.013233744,-0.0038151708,0.0,0.0,0.0,0.0,0,64.96
489900000,489900000,0.9998988,-0.0059544193,-0.012712801,-0.003794406,0.0,0.0,0.0,0.0,0,64.98
489920000,489920000,0.99990624,-0.0058045383,-0.012194542,-0.0037725368,0.0,0.0,0.0,0.0,0,65.0
489940000,489940000,0.9999133,-0.00565322,-0.011683073,-0.003749514,0.0,0.0,0.0,0.0,0,65.02
489960000,489960000,0.99992007,-0.005501882,-0.011171274,-0.0037256437,0.0,0.0,0.0,0.0,0,65.04
489980000,489980000,0.9999265,-0.005354149,-0.010666377,-0.003701319,0.0,0.0,0.0,0.0,0,65.06
490000000,490000000,0.99993247,-0.005207253,-0.010172928,-0.0036763633,0.0,0.0,0.0,0.0,0,65.08
490020000,490020000,0.99993813,-0.005066511,-0.009689253,-0.0036508362,0.0,0.0,0.0,0.0,0,65.1
490040000,490040000,0.9999434,-0.0049275844,-0.009213639,-0.0036245764,0.0,0.0,0.0,0.0,0,65.12
490060000,490060000,0.9999483,-0.0047842073,-0.008750092,-0.0035977566,0.0,0.0,0.0,0.0,0,65.14
490080000,490080000,0.999953,-0.004637705,-0.008300409,-0.0035703622,0.0,0.0,0.0,0.0,0,65.16
490100000,490100000,0.99995726,-0.0044933003,-0.007862847,-0.0035426097,0.0,0.0,0.0,0.0,0,65.18
490120000,490120000,0.9999613,-0.0043477444,-0.0074340263,-0.003514497,0.0,0.0,0.0,0.0,0,65.2
490140000,490140000,0.9999651,-0.004194943,-0.007013972,-0.0034860496,0.0,0.0,0.0,0.0,0,65.22
490160000,490160000,0.9999686,-0.004033566,-0.0066105966,-0.003457219,0.0,0.0,0.0,0.0,0,65.24
490180000,490180000,0.9999718,-0.0038697193,-0.0062262965,-0.0034281819,0.0,0.0,0.0,0.0,0,65.26
490200000,490200000,0.9999747,-0.0037052948,-0.0058589834,-0.0033990194,0.0,0.0,0.0,0.0,0,65.28
490220000,490220000,0.9999774,-0.0035442826,-0.0055055036,-0.0033698916,0.0,0.0,0.0,0.0,0,65.3
490240000,490240000,0.9999799,-0.0033846104,-0.0051680724,-0.0033408154,0.0,0.0,0.0,0.0,0,65.32
490260000,490260000,0.9999821,-0.0032260504,-0.0048418627,-0.0033119787,0.0,0.0,0.0,0.0,0,65.34
490280000,490280000,0.9999842,-0.0030665726,-0.004528618,-0.0032833354,0.0,0.0,0.0,0.0,0,65.36
490300000,490300000,0.99998605,-0.0029088631,-0.004232462,-0.0032552362,0.0,0.0,0.0,0.0,0,65.38
490320000,490320000,0.9999877,-0.0027531416,-0.0039540087,-0.0032277333,0.0,0.0,0.0,0.0,0,65.4
490340000,490340000,0.9999893,-0.0025946936,-0.0036934211,-0.0032006195,0.0,0.0,0.0,0.0,0,65.42
490360000,490360000,0.99999064,-0.0024375399,-0.003441841,-0.0031742128,0.0,0.0,0.0,0.0,0,65.44
490380000,490380000,0.9999919,-0.0022847934,-0.0031979256,-0.0031483422,0.0,0.0,0.0,0.0,0,65.46
490400000,490400000,0.999993,-0.0021306083,-0.0029665718,-0.0031228422,0.0,0.0,0.0,0.0,0,65.48
490420000,490420000,0.99999404,-0.0019737184,-0.0027483448,-0.0030976105,0.0,0.0,0.0,0.0,0,65.5
490440000,490440000,0.99999493,-0.0018121372,-0.002545039,-0.0030727529,0.0,0.0,0.0,0.0,0,65.52
490460000,490460000,0.99999577,-0.0016496258,-0.002359061,-0.0030483238,0.0,0.0,0.0,0.0,0,65.54
490480000,490480000,0.9999965,-0.0014815776,-0.0021848464,-0.0030248708,0.0,0.0,0.0,0.0,0,65.56
490500000,490500000,0.99999714,-0.0013078041,-0.0020163904,-0.0030023407,0.0,0.0,0.0,0.0,0,65.58
490520000,490520000,0.99999774,-0.0011337663,-0.0018491414,-0.0029807056,0.0,0.0,0.0,0.0,0,65.6
490540000,490540000,0.9999983,-0.000963432,-0.001690471,-0.0029599858,0.0,0.0,0.0,0.0,0,65.62
490560000,490560000,0.99999875,-0.0007990763,-0.0015436818,-0.0029398992,0.0,0.0,0.0,0.0,0,65.64
490580000,490580000,0.9999991,-0.00063291856,-0.0014054184,-0.0029205577,0.0,0.0,0.0,0.0,0,65.66
490600000,490600000,0.9999994,-0.00045792758,-0.0012721752,-0.0029021946,0.0,0.0,0.0,0.0,0,65.68
490620000,490620000,0.9999997,-0.0002824323,-0.0011462476,-0.0028844636,0.0,0.0,0.0,0.0,0,65.7
490640000,490640000,0.99999994,-0.00010523937,-0.0010242795,-0.002867379,0.0,0.0,0.0,0.0,0,65.72
490660000,490660000,1.0000001,6.848368e-05,-0.00090221915,-0.0028513244,0.0,0.0,0.0,0.0,0,65.74
490680000,490680000,1.0000002,0.00023392166,-0.00078773656,-0.0028361145,0.0,0.0,0.0,0.0,0,65.76
490700000,490700000,1.0000002,0.00039361283,-0.0006779565,-0.0028214965,0.0,0.0,0.0,0.0,0,65.78
490720000,490720000,1.0000004,0.00054782955,-0.0005660603,-0.0028077324,0.0,0.0,0.0,0.0,0,65.8
490740000,490740000,1.0000002,0.0007011293,-0.00046268504,-0.0027946625,0.0,0.0,0.0,0.0,0,65.82
490760000,490760000,1.0000002,0.000856509,-0.000364435,-0.0027819676,0.0,0.0,0.0,0.0,0,65.84
490780000,490780000,1.0000001,0.0010143883,-0.000268262,-0.0027694788,0.0,0.0,0.0,0.0,0,65.86
490800000,490800000,1.0,0.0011733838,-0.00017092054,-0.0027574315,0.0,0.0,0.0,0.0,0,65.88
490820000,490820000,0.9999999,0.0013235365,-6.912264e-05,-0.0027460977,0.0,0.0,0.0,0.0,0,65.9
490840000,490840000,0.99999976,0.0014602058,2.6053825e-05,-0.0027356662,0.0,0.0,0.0,0.0,0,65.92
490860000,490860000,0.9999996,0.001583853,0.00011219319,-0.002726002,0.0,0.0,0.0,0.0,0,65.94
490880000,490880000,0.9999994,0.0016975031,0.00019896004,-0.0027169771,0.0,0.0,0.0,0.0,0,65.96
490900000,490900000,0.9999992,0.0018038433,0.00028996184,-0.002708689,0.0,0.0,0.0,0.0,0,65.98
490920000,490920000,0.99999905,0.0018951179,0.00038613754,-0.0027011095,0.0,0.0,0.0,0.0,0,66.0
490940000,490940000,0.99999887,0.001970048,0.00047669082,-0.0026942382,0.0,0.0,0.0,0.0,0,66.02
490960000,490960000,0.9999987,0.0020354197,0.0005633392,-0.0026878193,0.0,0.0,0.0,0.0,0,66.04
490980000,490980000,0.99999857,0.00209612,0.0006497365,-0.0026818463,0.0,0.0,0.0,0.0,0,66.06
491000000,491000000,0.9999984,0.0021511507,0.0007399882,-0.0026767033,0.0,0.0,0.0,0.0,0,66.08
491020000,491020000,0.9999982,0.0021984188,0.0008306602,-0.0026724185,0.0,0.0,0.0,0.0,0,66.1
491040000,491040000,0.99999803,0.0022417489,0.0009195137,-0.0026685416,0.0,0.0,0.0,0.0,0,66.12
491060000,491060000,0.9999979,0.0022839156,0.0010072548,-0.0026648857,0.0,0.0,0.0,0.0,0,66.14
491080000,491080000,0.9999977,0.0023272259,0.001093463,-0.0026617171,0.0,0.0,0.0,0.0,0,66.16
491100000,491100000,0.9999975,0.00237052,0.0011770743,-0.0026593385,0.0,0.0,0.0,0.0,0,66.18
491120000,491120000,0.9999973,0.0024057098,0.0012578536,-0.0026579066,0.0,0.0,0.0,0.0,0,66.2
491140000,491140000,0.9999972,0.002429541,0.0013287124,-0.002657113,0.0,0.0,0.0,0.0,0,66.22
491160000,491160000,0.9999971,0.002448261,0.0013928136,-0.002656688,0.0,0.0,0.0,0.0,0,66.24
491180000,491180000,0.9999969,0.0024684311,0.0014502854,-0.0026568207,0.0,0.0,0.0,0.0,0,66.26
491200000,491200000,0.9999968,0.0024834345,0.0015064165,-0.0026579087,0.0,0.0,0.0,0.0,0,66.28
491220000,491220000,0.9999967,0.0024946555,0.0015562981,-0.0026597795,0.0,0.0,0.0,0.0,0,66.3
491240000,491240000,0.9999966,0.0025042132,0.0015997664,-0.002661935,0.0,0.0,0.0,0.0,0,66.32
491260000,491260000,0.9999965,0.0025130308,0.0016400921,-0.002664307,0.0,0.0,0.0,0.0,0,66.34
491280000,491280000,0.9999964,0.0025207244,0.0016795535,-0.0026670885,0.0,0.0,0.0,0.0,0,66.36
491300000,491300000,0.9999963,0.0025272318,0.001718597,-0.0026703947,0.0,0.0,0.0,0.0,0,66.38
491320000,491320000,0.99999624,0.0025320845,0.0017481591,-0.002674318,0.0,0.0,0.0,0.0,0,66.4
491340000,491340000,0.9999962,0.0025318954,0.0017664039,-0.0026785594,0.0,0.0,0.0,0.0,0,66.42
491360000,491360000,0.9999962,0.0025294572,0.0017783194,-0.002682913,0.0,0.0,0.0,0.0,0,66.44
491380000,491380000,0.9999961,0.0025267436,0.0017857618,-0.0026873832,0.0,0.0,0.0,0.0,0,66.46
491400000,491400000,0.9999961,0.0025242364,0.0017857794,-0.0026920165,0.0,0.0,0.0,0.0,0,66.48
491420000,491420000,0.9999962,0.0025253212,0.0017718085,-0.002696978,0.0,0.0,0.0,0.0,0,66.5
491440000,491440000,0.9999962,0.0025301091,0.001749569,-0.0027022697,0.0,0.0,0.0,0.0,0,66.52
491460000,491460000,0.9999962,0.002538554,0.0017243373,-0.0027077151,0.0,0.0,0.0,0.0,0,66.54
491480000,491480000,0.9999962,0.0025481314,0.0016961063,-0.0027130835,0.0,0.0,0.0,0.0,0,66.56
491500000,491500000,0.99999624,0.0025524765,0.0016574236,-0.0027180607,0.0,0.0,0.0,0.0,0,66.58
491520000,491520000,0.9999963,0.0025515407,0.001594078,-0.0027229649,0.0,0.0,0.0,0.0,0,66.6
491540000,491540000,0.9999965,0.002540121,0.0015090032,-0.0027275253,0.0,0.0,0.0,0.0,0,66.62
491560000,491560000,0.99999666,0.0025182206,0.0014202255,-0.0027319815,0.0,0.0,0.0,0.0,0,66.64
491580000,491580000,0.99999684,0.002492357,0.0013299133,-0.002736375,0.0,0.0,0.0,0.0,0,66.66
491600000,491600000,0.999997,0.0024609396,0.0012340797,-0.0027406097,0.0,0.0,0.0,0.0,0,66.68
491620000,491620000,0.9999972,0.002420552,0.0011256129,-0.0027448516,0.0,0.0,0.0,0.0,0,66.7
491640000,491640000,0.99999744,0.002377548,0.0010069687,-0.002749305,0.0,0.0,0.0,0.0,0,66.72
491660000,491660000,0.9999977,0.0023379354,0.0008701948,-0.002753998,0.0,0.0,0.0,0.0,0,66.74
491680000,491680000,0.99999785,0.0022968065,0.00071815774,-0.0027584408,0.0,0.0,0.0,0.0,0,66.76
491700000,491700000,0.99999803,0.0022519426,0.00055669755,-0.002762564,0.0,0.0,0.0,0.0,0,66.78
491720000,491720000,0.9999982,0.0022183813,0.00038639703,-0.0027663712,0.0,0.0,0.0,0.0,0,66.8
491740000,491740000,0.99999833,0.0021864309,0.0002142265,-0.0027695766,0.0,0.0,0.0,0.0,0,66.82
491760000,491760000,0.9999984,0.0021463828,4.13766e-05,-0.0027728498,0.0,0.0,0.0,0.0,0,66.84
491780000,491780000,0.9999985,0.0020976076,-0.000137464,-0.0027761844,0.0,0.0,0.0,0.0,0,66.86
491800000,491800000,0.99999857,0.0020435718,-0.00032117675,-0.0027795306,0.0,0.0,0.0,0.0,0,66.88
491820000,491820000,0.99999857,0.0019863723,-0.0005084669,-0.0027828743,0.0,0.0,0.0,0.0,0,66.9
491840000,491840000,0.99999857,0.0019245029,-0.0006992869,-0.0027862987,0.0,0.0,0.0,0.0,0,66.92
491860000,491860000,0.99999857,0.0018561463,-0.00088859646,-0.0027897318,0.0,0.0,0.0,0.0,0,66.94
491880000,491880000,0.9999985,0.0017833924,-0.0010752191,-0.002792895,0.0,0.0,0.0,0.0,0,66.96
491900000,491900000,0.9999984,0.0017016979,-0.001273344,-0.0027958914,0.0,0.0,0.0,0.0,0,66.98
491920000,491920000,0.9999983,0.0016124127,-0.0014667854,-0.002798872,0.0,0.0,0.0,0.0,0,67.0
491940000,491940000,0.99999815,0.0015177266,-0.0016417883,-0.0028016823,0.0,0.0,0.0,0.0,0,67.02
491960000,491960000,0.999998,0.0014224779,-0.0018123767,-0.0028040677,0.0,0.0,0.0,0.0,0,67.04
491980000,491980000,0.99999774,0.0013285943,-0.0019850745,-0.0028062966,0.0,0.0,0.0,0.0,0,67.06
492000000,492000000,0.9999975,0.0012338582,-0.0021606123,-0.0028084537,0.0,0.0,0.0,0.0,0,67.08
492020000,492020000,0.9999972,0.00113724,-0.002337241,-0.0028105786,0.0,0.0,0.0,0.0,0,67.1
492040000,492040000,0.9999969,0.0010391355,-0.0025129234,-0.0028125353,0.0,0.0,0.0,0.0,0,67.12
492060000,492060000,0.99999654,0.0009418585,-0.002676137,-0.0028143176,0.0,0.0,0.0,0.0,0,67.14
492080000,492080000,0.99999624,0.0008437604,-0.0028218816,-0.0028159819,0.0,0.0,0.0,0.0,0,67.16
492100000,492100000,0.99999595,0.0007564564,-0.002959014,-0.0028174894,0.0,0.0,0.0,0.0,0,67.18
492120000,492120000,0.9999956,0.00068264554,-0.0030928466,-0.0028190617,0.0,0.0,0.0,0.0,0,67.2
492140000,492140000,0.99999523,0.0006098466,-0.0032080673,-0.0028206715,0.0,0.0,0.0,0.0,0,67.22
492160000,492160000,0.99999493,0.00053275516,-0.0033102857,-0.0028228646,0.0,0.0,0.0,0.0,0,67.24
492180000,492180000,0.99999464,0.00045476705,-0.0034042515,-0.002825498,0.0,0.0,0.0,0.0,0,67.26
492200000,492200000,0.9999944,0.0003791655,-0.0034910394,-0.0028284106,0.0,0.0,0.0,0.0,0,67.28
492220000,492220000,0.9999941,0.00030559118,-0.0035722072,-0.00283173,0.0,0.0,0.0,0.0,0,67.3
492240000,492240000,0.99999386,0.0002352781,-0.0036475412,-0.0028352304,0.0,0.0,0.0,0.0,0,67.32
492260000,492260000,0.9999936,0.0001662611,-0.003718788,-0.0028391136,0.0,0.0,0.0,0.0,0,67.34
492280000,492280000,0.9999934,0.00010698934,-0.0037778367,-0.0028437222,0.0,0.0,0.0,0.0,0,67.36
492300000,492300000,0.99999315,5.4979166e-05,-0.0038267397,-0.0028485812,0.0,0.0,0.0,0.0,0,67.38
492320000,492320000,0.99999297,4.5145825e-06,-0.003871234,-0.0028535333,0.0,0.0,0.0,0.0,0,67.4
492340000,492340000,0.9999928,-4.728328e-05,-0.0039137793,-0.0028585491,0.0,0.0,0.0,0.0,0,67.42
492360000,492360000,0.99999267,-9.59621e-05,-0.0039499286,-0.0028641988,0.0,0.0,0.0,0.0,0,67.44
492380000,492380000,0.99999255,-0.00012924547,-0.003973971,-0.0028700663,0.0,0.0,0.0,0.0,0,67.46
492400000,492400000,0.99999243,-0.00014349511,-0.003992428,-0.0028757164,0.0,0.0,0.0,0.0,0,67.48
492420000,492420000,0.99999243,-0.00015619177,-0.0039959843,-0.0028811982,0.0,0.0,0.0,0.0,0,67.5
492440000,492440000,0.9999924,-0.00017080824,-0.0039997883,-0.002886351,0.0,0.0,0.0,0.0,0,67.52
492460000,492460000,0.9999923,-0.00018029871,-0.0040095407,-0.0028915114,0.0,0.0,0.0,0.0,0,67.54
492480000,492480000,0.9999923,-0.0001856923,-0.0040025674,-0.0028968176,0.0,0.0,0.0,0.0,0,67.56
492500000,492500000,0.9999923,-0.0001851776,-0.003996193,-0.0029020756,0.0,0.0,0.0,0.0,0,67.58
492520000,492520000,0.9999924,-0.00017263513,-0.003984708,-0.0029071546,0.0,0.0,0.0,0.0,0,67.6
492540000,492540000,0.99999243,-0.00015727997,-0.0039673583,-0.002912189,0.0,0.0,0.0,0.0,0,67.62
492560000,492560000,0.99999243,-0.00014449147,-0.0039608493,-0.0029173351,0.0,0.0,0.0,0.0,0,67.64
492580000,492580000,0.9999925,-0.00013249494,-0.0039439616,-0.0029224388,0.0,0.0,0.0,0.0,0,67.66
492600000,492600000,0.99999267,-0.00012341938,-0.0038995058,-0.0029275396,0.0,0.0,0.0,0.0,0,67.68
492620000,492620000,0.99999285,-0.00011892579,-0.003845906,-0.0029326524,0.0,0.0,0.0,0.0,0,67.7
492640000,492640000,0.999993,-0.0001048544,-0.0037977311,-0.0029378282,0.0,0.0,0.0,0.0,0,67.72
492660000,492660000,0.99999315,-8.460596e-05,-0.0037581068,-0.0029428713,0.0,0.0,0.0,0.0,0,67.74
492680000,492680000,0.9999933,-6.654772e-05,-0.0037021108,-0.0029476597,0.0,0.0,0.0,0.0,0,67.76
492700000,492700000,0.9999936,-4.6272595e-05,-0.0036332044,-0.0029522886,0.0,0.0,0.0,0.0,0,67.78
492720000,492720000,0.9999938,-3.0496958e-05,-0.0035732423,-0.0029569906,0.0,0.0,0.0,0.0,0,67.8
492740000,492740000,0.99999404,-2.0091135e-05,-0.0035015664,-0.002961978,0.0,0.0,0.0,0.0,0,67.82
492760000,492760000,0.99999434,-1.02960685e-05,-0.0034047563,-0.0029670158,0.0,0.0,0.0,0.0,0,67.84
492780000,492780000,0.9999947,-7.7222205e-07,-0.0033020852,-0.0029719388,0.0,0.0,0.0,0.0,0,67.86
492800000,492800000,0.99999493,7.910442e-06,-0.0032131278,-0.0029767929,0.0,0.0,0.0,0.0,0,67.88
492820000,492820000,0.99999523,1.8517307e-05,-0.0031198307,-0.0029816753,0.0,0.0,0.0,0.0,0,67.9
492840000,492840000,0.9999955,2.2284574e-05,-0.003016447,-0.002986119,0.0,0.0,0.0,0.0,0,67.92
492860000,492860000,0.9999958,2.5245e-05,-0.0029204553,-0.0029897944,0.0,0.0,0.0,0.0,0,67.94
492880000,492880000,0.99999607,3.4918216e-05,-0.0028291685,-0.002992853,0.0,0.0,0.0,0.0,0,67.96
492900000,492900000,0.99999636,4.3759468e-05,-0.0027248992,-0.002995777,0.0,0.0,0.0,0.0,0,67.98
492920000,492920000,0.9999966,4.7846694e-05,-0.002629441,-0.0029985092,0.0,0.0,0.0,0.0,0,68.0
492940000,492940000,0.99999684,4.8922477e-05,-0.0025399846,-0.0030011267,0.0,0.0,0.0,0.0,0,68.02
492960000,492960000,0.9999971,4.4676992e-05,-0.0024455981,-0.0030034562,0.0,0.0,0.0,0.0,0,68.04
492980000,492980000,0.99999726,4.8616806e-05,-0.0023444535,-0.0030054275,0.0,0.0,0.0,0.0,0,68.06
493000000,493000000,0.9999975,5.734551e-05,-0.0022496195,-0.0030069828,0.0,0.0,0.0,0.0,0,68.08
493020000,493020000,0.99999774,5.8818277e-05,-0.0021511142,-0.0030078853,0.0,0.0,0.0,0.0,0,68.1
493040000,493040000,0.9999979,5.058594e-05,-0.0020442924,-0.0030084993,0.0,0.0,0.0,0.0,0,68.12
493060000,493060000,0.99999815,4.0570947e-05,-0.0019354412,-0.0030085072,0.0,0.0,0.0,0.0,0,68.14
493080000,493080000,0.99999833,3.2251304e-05,-0.0018279623,-0.0030082443,0.0,0.0,0.0,0.0,0,68.16
493100000,493100000,0.99999857,2.2564636e-05,-0.0017179961,-0.0030078741,0.0,0.0,0.0,0.0,0,68.18
493120000,493120000,0.99999875,9.741371e-06,-0.0016040812,-0.003007462,0.0,0.0,0.0,0.0,0,68.2
493140000,493140000,0.9999989,-6.7092856e-06,-0.0014851247,-0.003007036,0.0,0.0,0.0,0.0,0,68.22
493160000,493160000,0.9999991,-2.7314938e-05,-0.0013610299,-0.0030066092,0.0,0.0,0.0,0.0,0,68.24
493180000,493180000,0.9999993,-5.1679126e-05,-0.0012316097,-0.0030061426,0.0,0.0,0.0,0.0,0,68.26
493200000,493200000,0.9999994,-7.2432595e-05,-0.0011047599,-0.0030054704,0.0,0.0,0.0,0.0,0,68.28
493220000,493220000,0.9999996,-9.181524e-05,-0.0009776655,-0.003004696,0.0,0.0,0.0,0.0,0,68.3
493240000,493240000,0.9999997,-0.00011338145,-0.0008472089,-0.00300388,0.0,0.0,0.0,0.0,0,68.32
493260000,493260000,0.99999976,-0.00013698306,-0.00071959075,-0.0030029663,0.0,0.0,0.0,0.0,0,68.34
493280000,493280000,0.9999998,-0.0001556187,-0.0006056342,-0.0030023952,0.0,0.0,0.0,0.0,0,68.36
493300000,493300000,0.9999999,-0.0001733333,-0.00049639907,-0.0030016585,0.0,0.0,0.0,0.0,0,68.38
493320000,493320000,0.99999994,-0.00019495352,-0.00038708915,-0.003001042,0.0,0.0,0.0,0.0,0,68.4
493340000,493340000,1.0,-0.00021414085,-0.000279621,-0.0030009772,0.0,0.0,0.0,0.0,0,68.42
493360000,493360000,1.0,-0.00022617263,-0.00018025118,-0.0030013327,0.0,0.0,0.0,0.0,0,68.44
493380000,493380000,1.0,-0.00024004141,-8.6185995e-05,-0.0030015442,0.0,0.0,0.0,0.0,0,68.46
493400000,493400000,1.0,-0.00026029322,5.141514e-06,-0.0030017204,0.0,0.0,0.0,0.0,0,68.48
493420000,493420000,1.0,-0.00027950908,9.108034e-05,-0.0030023544,0.0,0.0,0.0,0.0,0,68.5
493440000,493440000,1.0,-0.00029792008,0.00017105843,-0.0030031702,0.0,0.0,0.0,0.0,0,68.52
493460000,493460000,0.99999994,-0.00031313687,0.00024380583,-0.00300443,0.0,0.0,0.0,0.0,0,68.54
493480000,493480000,0.99999994,-0.000325102,0.00030379448,-0.003006029,0.0,0.0,0.0,0.0,0,68.56
493500000,493500000,0.99999994,-0.00033340065,0.00034922588,-0.0030081235,0.0,0.0,0.0,0.0,0,68.58
493520000,493520000,0.9999999,-0.00034757928,0.00039854003,-0.0030107659,0.0,0.0,0.0,0.0,0,68.6
493540000,493540000,0.9999998,-0.0003627345,0.00044925523,-0.003013849,0.0,0.0,0.0,0.0,0,68.62
493560000,493560000,0.9999998,-0.00036608428,0.000495006,-0.0030174402,0.0,0.0,0.0,0.0,0,68.64
493580000,493580000,0.99999976,-0.00036753868,0.0005256192,-0.0030214123,0.0,0.0,0.0,0.0,0,68.66
493600000,493600000,0.99999976,-0.00037435276,0.0005518577,-0.0030259269,0.0,0.0,0.0,0.0,0,68.68
493620000,493620000,0.9999997,-0.00037686585,0.0005882649,-0.003031077,0.0,0.0,0.0,0.0,0,68.7
493640000,493640000,0.9999997,-0.00037649093,0.00061783765,-0.0030364648,0.0,0.0,0.0,0.0,0,68.72
493660000,493660000,0.99999964,-0.00037849814,0.0006408407,-0.0030418974,0.0,0.0,0.0,0.0,0,68.74
493680000,493680000,0.99999964,-0.0003796508,0.0006542402,-0.003047132,0.0,0.0,0.0,0.0,0,68.76
493700000,493700000,0.9999996,-0.00038181274,0.0006633332,-0.0030522908,0.0,0.0,0.0,0.0,0,68.78
493720000,493720000,0.9999996,-0.00038645358,0.0006734598,-0.0030573963,0.0,0.0,0.0,0.0,0,68.8
493740000,493740000,0.9999995,-0.00039232027,0.00068506936,-0.0030622587,0.0,0.0,0.0,0.0,0,68.82
493760000,493760000,0.9999995,-0.00039283212,0.0006923285,-0.0030669766,0.0,0.0,0.0,0.0,0,68.84
493780000,493780000,0.9999995,-0.00038612098,0.0006936687,-0.003071624,0.0,0.0,0.0,0.0,0,68.86
493800000,493800000,0.9999995,-0.0003720193,0.00068669685,-0.0030764656,0.0,0.0,0.0,0.0,0,68.88
493820000,493820000,0.9999995,-0.0003482811,0.00067018066,-0.0030815157,0.0,0.0,0.0,0.0,0,68.9
493840000,493840000,0.9999995,-0.0003227708,0.00065230153,-0.0030864992,0.0,0.0,0.0,0.0,0,68.92
493860000,493860000,0.9999995,-0.0003022736,0.0006287981,-0.0030912708,0.0,0.0,0.0,0.0,0,68.94
493880000,493880000,0.9999995,-0.0002787104,0.0005952095,-0.0030960492,0.0,0.0,0.0,0.0,0,68.96
493900000,493900000,0.9999996,-0.0002615318,0.0005520086,-0.0031004008,0.0,0.0,0.0,0.0,0,68.98
493920000,493920000,0.9999996,-0.00024565935,0.00050582725,-0.0031044665,0.0,0.0,0.0,0.0,0,69.0
493940000,493940000,0.9999996,-0.00022650299,0.00045936208,-0.0031083745,0.0,0.0,0.0,0.0,0,69.02
493960000,493960000,0.9999996,-0.00020923631,0.00041399855,-0.00311222,0.0,0.0,0.0,0.0,0,69.04
493980000,493980000,0.9999996,-0.0001947356,0.00038137814,-0.0031161006,0.0,0.0,0.0,0.0,0,69.06
494000000,494000000,0.9999996,-0.00018420833,0.00034267266,-0.0031199171,0.0,0.0,0.0,0.0,0,69.08
494020000,494020000,0.9999996,-0.00017506353,0.00030838692,-0.003123183,0.0,0.0,0.0,0.0,0,69.1
494040000,494040000,0.9999996,-0.00017451418,0.00029302522,-0.0031261193,0.0,0.0,0.0,0.0,0,69.12
494060000,494060000,0.9999996,-0.00017542165,0.00028897196,-0.0031286424,0.0,0.0,0.0,0.0,0,69.14
494080000,494080000,0.9999996,-0.00017346782,0.00027836685,-0.0031309454,0.0,0.0,0.0,0.0,0,69.16
494100000,494100000,0.9999996,-0.00017076395,0.0002629089,-0.0031331198,0.0,0.0,0.0,0.0,0,69.18
494120000,494120000,0.9999996,-0.00016317457,0.00025869333,-0.0031352704,0.0,0.0,0.0,0.0,0,69.2
494140000,494140000,0.9999996,-0.00015906141,0.00026397206,-0.003137445,0.0,0.0,0.0,0.0,0,69.22
494160000,494160000,0.9999996,-0.00015593637,0.000288897,-0.0031395236,0.0,0.0,0.0,0.0,0,69.24
494180000,494180000,0.9999996,-0.00014925326,0.0003082319,-0.0031416414,0.0,0.0,0.0,0.0,0,69.26
494200000,494200000,0.9999995,-0.00013401563,0.00031903374,-0.0031439667,0.0,0.0,0.0,0.0,0,69.28
494220000,494220000,0.9999995,-0.00012773566,0.00033045397,-0.0031463762,0.0,0.0,0.0,0.0,0,69.3
494240000,494240000,0.9999995,-0.00012105455,0.00035612236,-0.003148996,0.0,0.0,0.0,0.0,0,69.32
494260000,494260000,0.9999995,-0.00010497521,0.0003790026,-0.0031516152,0.0,0.0,0.0,0.0,0,69.34
494280000,494280000,0.9999995,-8.3450876e-05,0.0003854345,-0.003153958,0.0,0.0,0.0,0.0,0,69.36
494300000,494300000,0.99999946,-6.7150984e-05,0.00039245508,-0.0031561344,0.0,0.0,0.0,0.0,0,69.38
494320000,494320000,0.99999946,-5.257433e-05,0.00042100882,-0.0031580022,0.0,0.0,0.0,0.0,0,69.4
494340000,494340000,0.99999946,-3.7860078e-05,0.00044864544,-0.0031594792,0.0,0.0,0.0,0.0,0,69.42
494360000,494360000,0.99999946,-1.5220227e-05,0.00047607126,-0.0031605072,0.0,0.0,0.0,0.0,0,69.44
494380000,494380000,0.9999994,1.6087388e-05,0.0005111168,-0.0031608678,0.0,0.0,0.0,0.0,0,69.46
494400000,494400000,0.9999994,5.2999432e-05,0.0005355475,-0.003161171,0.0,0.0,0.0,0.0,0,69.48
494420000,494420000,0.9999994,9.668963e-05,0.0005668081,-0.003161374,0.0,0.0,0.0,0.0,0,69.5
494440000,494440000,0.99999934,0.00014447674,0.0006137823,-0.0031615433,0.0,0.0,0.0,0.0,0,69.52
494460000,494460000,0.99999934,0.0001929048,0.0006504074,-0.0031617647,0.0,0.0,0.0,0.0,0,69.54
494480000,494480000,0.9999993,0.00023839976,0.0006909327,-0.0031620977,0.0,0.0,0.0,0.0,0,69.56
494500000,494500000,0.9999992,0.0002838273,0.0007307694,-0.0031624725,0.0,0.0,0.0,0.0,0,69.58
494520000,494520000,0.9999992,0.00032748416,0.0007576288,-0.0031628904,0.0,0.0,0.0,0.0,0,69.6
494540000,494540000,0.99999917,0.00036999793,0.0007919692,-0.0031630842,0.0,0.0,0.0,0.0,0,69.62
494560000,494560000,0.9999991,0.00041606705,0.0008276778,-0.0031635857,0.0,0.0,0.0,0.0,0,69.64
494580000,494580000,0.99999905,0.0004685731,0.0008517297,-0.0031643682,0.0,0.0,0.0,0.0,0,69.66
494600000,494600000,0.99999905,0.0005271912,0.0008780409,-0.0031653692,0.0,0.0,0.0,0.0,0,69.68
494620000,494620000,0.9999989,0.0005791589,0.0009098491,-0.0031666395,0.0,0.0,0.0,0.0,0,69.7
494640000,494640000,0.99999887,0.00063422666,0.00093735126,-0.003168194,0.0,0.0,0.0,0.0,0,69.72
494660000,494660000,0.9999988,0.0006909426,0.0009631049,-0.0031698067,0.0,0.0,0.0,0.0,0,69.74
494680000,494680000,0.99999875,0.00074400875,0.0009866906,-0.0031712137,0.0,0.0,0.0,0.0,0,69.76
494700000,494700000,0.9999987,0.0007914454,0.0010069478,-0.003172573,0.0,0.0,0.0,0.0,0,69.78
494720000,494720000,0.9999986,0.0008334305,0.0010374106,-0.0031743373,0.0,0.0,0.0,0.0,0,69.8
494740000,494740000,0.99999857,0.0008761122,0.001065631,-0.0031763709,0.0,0.0,0.0,0.0,0,69.82
494760000,494760000,0.9999985,0.00092065916,0.0010915583,-0.0031786375,0.0,0.0,0.0,0.0,0,69.84
494780000,494780000,0.9999984,0.00095921167,0.0011236785,-0.0031812948,0.0,0.0,0.0,0.0,0,69.86
494800000,494800000,0.99999833,0.0009936321,0.0011546215,-0.0031840403,0.0,0.0,0.0,0.0,0,69.88
494820000,494820000,0.9999983,0.0010264646,0.0011807308,-0.0031868976,0.0,0.0,0.0,0.0,0,69.9
494840000,494840000,0.9999982,0.0010546664,0.0011983861,-0.0031895707,0.0,0.0,0.0,0.0,0,69.92
494860000,494860000,0.99999815,0.0010721169,0.0012223466,-0.0031922972,0.0,0.0,0.0,0.0,0,69.94
494880000,494880000,0.9999981,0.0010849474,0.0012537285,-0.0031950795,0.0,0.0,0.0,0.0,0,69.96
494900000,494900000,0.99999803,0.0010912782,0.0012770197,-0.0031978767,0.0,0.0,0.0,0.0,0,69.98
494920000,494920000,0.999998,0.001091106,0.0012919831,-0.0032007904,0.0,0.0,0.0,0.0,0,70.0
494940000,494940000,0.999998,0.001082374,0.0013017034,-0.0032037073,0.0,0.0,0.0,0.0,0,70.02
494960000,494960000,0.999998,0.0010679496,0.0013127348,-0.003206617,0.0,0.0,0.0,0.0,0,70.04
494980000,494980000,0.999998,0.0010468162,0.0013289972,-0.0032097748,0.0,0.0,0.0,0.0,0,70.06
495000000,495000000,0.999998,0.0010205129,0.0013493848,-0.003213171,0.0,0.0,0.0,0.0,0,70.08
495020000,495020000,0.999998,0.0009932085,0.0013632143,-0.0032165782,0.0,0.0,0.0,0.0,0,70.1
495040000,495040000,0.999998,0.0009583393,0.0013793323,-0.0032201204,0.0,0.0,0.0,0.0,0,70.12
495060000,495060000,0.999998,0.00091247965,0.0014072919,-0.0032238,0.0,0.0,0.0,0.0,0,70.14
495080000,495080000,0.999998,0.0008600802,0.001426949,-0.0032276828,0.0,0.0,0.0,0.0,0,70.16
495100000,495100000,0.999998,0.00081016356,0.0014356298,-0.0032319743,0.0,0.0,0.0,0.0,0,70.18
495120000,495120000,0.999998,0.000756557,0.0014519446,-0.0032363285,0.0,0.0,0.0,0.0,0,70.2
495140000,495140000,0.999998,0.0007014233,0.001474717,-0.0032402622,0.0,0.0,0.0,0.0,0,70.22
495160000,495160000,0.999998,0.0006391834,0.00149076,-0.003243623,0.0,0.0,0.0,0.0,0,70.24
495180000,495180000,0.999998,0.0005766427,0.0015063501,-0.0032463667,0.0,0.0,0.0,0.0,0,70.26
495200000,495200000,0.999998,0.0005101613,0.0015346482,-0.003248803,0.0,0.0,0.0,0.0,0,70.28
495220000,495220000,0.9999979,0.00044028857,0.0015740078,-0.0032511244,0.0,0.0,0.0,0.0,0,70.3
495240000,495240000,0.9999979,0.0003666367,0.0015986749,-0.0032534644,0.0,0.0,0.0,0.0,0,70.32
495260000,495260000,0.9999979,0.0002909065,0.0016188029,-0.003255781,0.0,0.0,0.0,0.0,0,70.34
495280000,495280000,0.99999785,0.00020830908,0.0016390996,-0.003257161,0.0,0.0,0.0,0.0,0,70.36
495300000,495300000,0.9999935,-0.002296278,0.0025247557,-0.003232393,0.0,0.0,0.0,0.0,0,70.38
495320000,495320000,0.999922,-0.011114508,0.005615135,-0.0031688039,0.0,0.0,0.0,0.0,0,70.4
495340000,495340000,0.99964637,-0.024738163,0.009742823,-0.0030597812,0.0,0.0,0.0,0.0,0,70.42
495360000,495360000,0.9990659,-0.04090067,0.01397123,-0.0028962365,0.0,0.0,0.0,0.0,0,70.44
495380000,495380000,0.9980858,-0.05901579,0.01854051,-0.0026791296,0.0,0.0,0.0,0.0,0,70.46
495400000,495400000,0.99660534,-0.078881696,0.02363955,-0.002407145,0.0,0.0,0.0,0.0,0,70.48
495420000,495420000,0.99455553,-0.10010045,0.02905231,-0.0020587812,0.0,0.0,0.0,0.0,0,70.5
495440000,495440000,0.9918926,-0.12229815,0.03462305,-0.0016159363,0.0,0.0,0.0,0.0,0,70.52
495460000,495460000,0.98862237,-0.14496566,0.04023377,-0.0010669105,0.0,0.0,0.0,0.0,0,70.54
495480000,495480000,0.98482907,-0.16743334,0.04568102,-0.0003999877,0.0,0.0,0.0,0.0,0,70.56
495500000,495500000,0.98066056,-0.1890315,0.050802898,0.00038766052,0.0,0.0,0.0,0.0,0,70.58
495520000,495520000,0.9762729,-0.20933123,0.055490155,0.0012975864,0.0,0.0,0.0,0.0,0,70.6
495540000,495540000,0.9717985,-0.22812109,0.059767812,0.00231331,0.0,0.0,0.0,0.0,0,70.62
495560000,495560000,0.9673503,-0.24531463,0.063651234,0.0034231825,0.0,0.0,0.0,0.0,0,70.64
495580000,495580000,0.9630144,-0.2609178,0.06717843,0.004613641,0.0,0.0,0.0,0.0,0,70.66
495600000,495600000,0.9588666,-0.2749489,0.07037432,0.0058738403,0.0,0.0,0.0,0.0,0,70.68
495620000,495620000,0.95496196,-0.28746784,0.07326169,0.0071959742,0.0,0.0,0.0,0.0,0,70.7
495640000,495640000,0.9513537,-0.2985066,0.07586529,0.008568135,0.0,0.0,0.0,0.0,0,70.72
495660000,495660000,0.9481025,-0.30806214,0.07815841,0.009990187,0.0,0.0,0.0,0.0,0,70.74
495680000,495680000,0.945261,-0.3161247,0.080155596,0.0114477435,0.0,0.0,0.0,0.0,0,70.76
495700000,495700000,0.9428653,-0.3227203,0.0818437,0.012937143,0.0,0.0,0.0,0.0,0,70.78
495720000,495720000,0.94093007,-0.3279018,0.08325667,0.014439388,0.0,0.0,0.0,0.0,0,70.8
495740000,495740000,0.9394576,-0.33174255,0.084386215,0.01595053,0.0,0.0,0.0,0.0,0,70.82
495760000,495760000,0.9384373,-0.33431953,0.0852672,0.017451437,0.0,0.0,0.0,0.0,0,70.84
495780000,495780000,0.93785596,-0.3357016,0.08591508,0.018929573,0.0,0.0,0.0,0.0,0,70.86
495800000,495800000,0.9376899,-0.33597136,0.08634142,0.020374682,0.0,0.0,0.0,0.0,0,70.88
495820000,495820000,0.9379157,-0.33519652,0.08655862,0.021775372,0.0,0.0,0.0,0.0,0,70.9
495840000,495840000,0.93850535,-0.33344856,0.08656852,0.023124535,0.0,0.0,0.0,0.0,0,70.92
495860000,495860000,0.9394303,-0.33079082,0.086379044,0.024412515,0.0,0.0,0.0,0.0,0,70.94
495880000,495880000,0.9406625,-0.32728162,0.0859804,0.025636341,0.0,0.0,0.0,0.0,0,70.96
495900000,495900000,0.94216996,-0.32298538,0.08536642,0.026792426,0.0,0.0,0.0,0.0,0,70.98
495920000,495920000,0.9439263,-0.31794274,0.08454578,0.027870126,0.0,0.0,0.0,0.0,0,71.0
495940000,495940000,0.94589967,-0.3122096,0.083516076,0.028865134,0.0,0.0,0.0,0.0,0,71.02
495960000,495960000,0.9480676,-0.30580872,0.08229221,0.02976481,0.0,0.0,0.0,0.0,0,71.04
495980000,495980000,0.9503989,-0.2987965,0.08085167,0.030572478,0.0,0.0,0.0,0.0,0,71.06
496000000,496000000,0.9528666,-0.29120344,0.07922722,0.031272706,0.0,0.0,0.0,0.0,0,71.08
496020000,496020000,0.95544356,-0.2830745,0.07739364,0.031870715,0.0,0.0,0.0,0.0,0,71.1
496040000,496040000,0.9581042,-0.27443427,0.075397454,0.032349102,0.0,0.0,0.0,0.0,0,71.12
496060000,496060000,0.9608286,-0.26530918,0.073199205,0.03271703,0.0,0.0,0.0,0.0,0,71.14
496080000,496080000,0.9635888,-0.25573438,0.07084733,0.032959882,0.0,0.0,0.0,0.0,0,71.16
496100000,496100000,0.96636814,-0.24572653,0.06830425,0.03308698,0.0,0.0,0.0,0.0,0,71.18
496120000,496120000,0.9691358,-0.23533794,0.06562062,0.033087693,0.0,0.0,0.0,0.0,0,71.2
496140000,496140000,0.97187704,-0.22457986,0.06277843,0.032967515,0.0,0.0,0.0,0.0,0,71.22
496160000,496160000,0.97456366,-0.21350871,0.05981721,0.03272182,0.0,0.0,0.0,0.0,0,71.24
496180000,496180000,0.97718436,-0.2021235,0.056738365,0.032352597,0.0,0.0,0.0,0.0,0,71.26
496200000,496200000,0.97970974,-0.19050616,0.0535746,0.031860616,0.0,0.0,0.0,0.0,0,71.28
496220000,496220000,0.9821346,-0.17864272,0.050307013,0.031253047,0.0,0.0,0.0,0.0,0,71.3
496240000,496240000,0.9844343,-0.16661312,0.046968933,0.030532198,0.0,0.0,0.0,0.0,0,71.32
496260000,496260000,0.98660177,-0.15441589,0.04358562,0.02969956,0.0,0.0,0.0,0.0,0,71.34
496280000,496280000,0.9886193,-0.14212906,0.04016069,0.028764406,0.0,0.0,0.0,0.0,0,71.36
496300000,496300000,0.9904831,-0.12975359,0.03670474,0.027732018,0.0,0.0,0.0,0.0,0,71.38
496320000,496320000,0.9921791,-0.11737495,0.033238277,0.026610719,0.0,0.0,0.0,0.0,0,71.4
496340000,496340000,0.9937062,-0.10499736,0.029784461,0.025405766,0.0,0.0,0.0,0.0,0,71.42
496360000,496360000,0.99505687,-0.09270562,0.026352752,0.02412734,0.0,0.0,0.0,0.0,0,71.44
496380000,496380000,0.99623346,-0.08050606,0.022974115,0.022781478,0.0,0.0,0.0,0.0,0,71.46
496400000,496400000,0.99723524,-0.06846827,0.019648312,0.021379115,0.0,0.0,0.0,0.0,0,71.48
496420000,496420000,0.9980687,-0.056586415,0.016395235,0.019927898,0.0,0.0,0.0,0.0,0,71.5
496440000,496440000,0.99873686,-0.044935174,0.013213033,0.018438606,0.0,0.0,0.0,0.0,0,71.52
496460000,496460000,0.9992482,-0.033516444,0.010122342,0.016919658,0.0,0.0,0.0,0.0,0,71.54
496480000,496480000,0.99960995,-0.02239783,0.007125531,0.015381003,0.0,0.0,0.0,0.0,0,71.56
496500000,496500000,0.999833,-0.01157339,0.004229388,0.013831589,0.0,0.0,0.0,0.0,0,71.58
496520000,496520000,0.9999275,-0.0010843262,0.0014246613,0.012280837,0.0,0.0,0.0,0.0,0,71.6
496540000,496540000,0.9999049,0.009080008,-0.0012714347,0.010737607,0.0,0.0,0.0,0.0,0,71.62
496560000,496560000,0.99977654,0.018875243,-0.0038519977,0.009210125,0.0,0.0,0.0,0.0,0,71.64
496580000,496580000,0.999554,0.028314,-0.0063188616,0.0077061965,0.0,0.0,0.0,0.0,0,71.66
496600000,496600000,0.9992496,0.037354376,-0.00866868,0.006233865,0.0,0.0,0.0,0.0,0,71.68
496620000,496620000,0.99887407,0.046018958,-0.010905549,0.004800283,0.0,0.0,0.0,0.0,0,71.7
496640000,496640000,0.9984396,0.054278083,-0.013024998,0.0034122155,0.0,0.0,0.0,0.0,0,71.72
496660000,496660000,0.9979556,0.062154897,-0.01503871,0.0020754891,0.0,0.0,0.0,0.0,0,71.74
496680000,496680000,0.9974338,0.06962271,-0.016939433,0.00079552,0.0,0.0,0.0,0.0,0,71.76
496700000,496700000,0.9968819,0.07670922,-0.018738108,-0.0004227043,0.0,0.0,0.0,0.0,0,71.78
496720000,496720000,0.9963101,0.08339971,-0.020428421,-0.0015741277,0.0,0.0,0.0,0.0,0,71.8
496740000,496740000,0.995725,0.08971333,-0.022030601,-0.0026560144,0.0,0.0,0.0,0.0,0,71.82
496760000,496760000,0.9951357,0.09563972,-0.023528636,-0.003663485,0.0,0.0,0.0,0.0,0,71.84
496780000,496780000,0.99454707,0.10120342,-0.024939178,-0.0045946264,0.0,0.0,0.0,0.0,0,71.86
496800000,496800000,0.9939653,0.10640932,-0.0262577,-0.0054462287,0.0,0.0,0.0,0.0,0,71.88
496820000,496820000,0.9933948,0.11126981,-0.027499331,-0.0062174485,0.0,0.0,0.0,0.0,0,71.9
496840000,496840000,0.99284154,0.11578455,-0.02865361,-0.0069059394,0.0,0.0,0.0,0.0,0,71.92
496860000,496860000,0.9923085,0.11996785,-0.029735666,-0.0075123124,0.0,0.0,0.0,0.0,0,71.94
496880000,496880000,0.9917995,0.12382996,-0.030732429,-0.008034099,0.0,0.0,0.0,0.0,0,71.96
496900000,496900000,0.9913162,0.12738575,-0.03166077,-0.008473384,0.0,0.0,0.0,0.0,0,71.98
496920000,496920000,0.9908609,0.13064662,-0.032515507,-0.008830363,0.0,0.0,0.0,0.0,0,72.0
496940000,496940000,0.9904357,0.13362004,-0.03330009,-0.009106256,0.0,0.0,0.0,0.0,0,72.02
496960000,496960000,0.9900416,0.13631663,-0.03402796,-0.009304559,0.0,0.0,0.0,0.0,0,72.04
496980000,496980000,0.9896803,0.13874096,-0.03469994,-0.009427212,0.0,0.0,0.0,0.0,0,72.06
497000000,497000000,0.9893529,0.14090343,-0.035304368,-0.009474419,0.0,0.0,0.0,0.0,0,72.08
497020000,497020000,0.9890613,0.14280006,-0.035856403,-0.009451803,0.0,0.0,0.0,0.0,0,72.1
497040000,497040000,0.9888046,0.14444603,-0.03636403,-0.009363154,0.0,0.0,0.0,0.0,0,72.12
497060000,497060000,0.98858184,0.14585537,-0.03682911,-0.009211743,0.0,0.0,0.0,0.0,0,72.14
497080000,497080000,0.9883919,0.14704457,-0.037249453,-0.00900041,0.0,0.0,0.0,0.0,0,72.16
497100000,497100000,0.988235,0.14801502,-0.037628997,-0.008733557,0.0,0.0,0.0,0.0,0,72.18
497120000,497120000,0.9881104,0.14877632,-0.037970077,-0.008415382,0.0,0.0,0.0,0.0,0,72.2
497140000,497140000,0.9880174,0.14933515,-0.038274586,-0.008050187,0.0,0.0,0.0,0.0,0,72.22
497160000,497160000,0.98795426,0.14970322,-0.0385488,-0.007642996,0.0,0.0,0.0,0.0,0,72.24
497180000,497180000,0.9879206,0.14988595,-0.03878698,-0.007197269,0.0,0.0,0.0,0.0,0,72.26
497200000,497200000,0.9879153,0.14989252,-0.038983043,-0.006716215,0.0,0.0,0.0,0.0,0,72.28
497220000,497220000,0.9879373,0.14972827,-0.03914039,-0.006205142,0.0,0.0,0.0,0.0,0,72.3
497240000,497240000,0.9879847,0.14940374,-0.03926402,-0.0056692054,0.0,0.0,0.0,0.0,0,72.32
497260000,497260000,0.9880556,0.14892864,-0.03936244,-0.0051139155,0.0,0.0,0.0,0.0,0,72.34
497280000,497280000,0.98814845,0.1483101,-0.039435487,-0.0045436253,0.0,0.0,0.0,0.0,0,72.36
497300000,497300000,0.988262,0.14755847,-0.039473146,-0.003961102,0.0,0.0,0.0,0.0,0,72.38
497320000,497320000,0.9883954,0.14667639,-0.039475378,-0.0033707935,0.0,0.0,0.0,0.0,0,72.4
497340000,497340000,0.98854685,0.14567085,-0.03945255,-0.0027783655,0.0,0.0,0.0,0.0,0,72.42
497360000,497360000,0.98871547,0.14454673,-0.039398804,-0.0021867906,0.0,0.0,0.0,0.0,0,72.44
497380000,497380000,0.98889935,0.14331552,-0.039310303,-0.0015988725,0.0,0.0,0.0,0.0,0,72.46
497400000,497400000,0.9890985,0.14197518,-0.039183382,-0.001018138,0.0,0.0,0.0,0.0,0,72.48
497420000,497420000,0.9893102,0.14053991,-0.039022673,-0.00044863977,0.0,0.0,0.0,0.0,0,72.5
497440000,497440000,0.98953474,0.13900521,-0.03882871,0.000105646606,0.0,0.0,0.0,0.0,0,72.52
497460000,497460000,0.98976994,0.13738298,-0.03860084,0.0006424074,0.0,0.0,0.0,0.0,0,72.54
497480000,497480000,0.9900152,0.13567573,-0.03833709,0.0011589766,0.0,0.0,0.0,0.0,0,72.56
497500000,497500000,0.99026865,0.1338934,-0.03803894,0.001652827,0.0,0.0,0.0,0.0,0,72.58
497520000,497520000,0.99052894,0.1320437,-0.037702214,0.0021224837,0.0,0.0,0.0,0.0,0,72.6
497540000,497540000,0.9907944,0.1301335,-0.037339076,0.0025643415,0.0,0.0,0.0,0.0,0,72.62
497560000,497560000,0.99106485,0.12816592,-0.03693552,0.002978665,0.0,0.0,0.0,0.0,0,72.64
497580000,497580000,0.991338,0.12615089,-0.03650592,0.0033625164,0.0,0.0,0.0,0.0,0,72.66
497600000,497600000,0.99161375,0.12408999,-0.03604329,0.003715111,0.0,0.0,0.0,0.0,0,72.68
497620000,497620000,0.9918906,0.12199318,-0.03554626,0.0040359194,0.0,0.0,0.0,0.0,0,72.7
497640000,497640000,0.9921688,0.11985633,-0.035013758,0.0043242495,0.0,0.0,0.0,0.0,0,72.72
497660000,497660000,0.9924459,0.1176929,-0.034462556,0.0045779073,0.0,0.0,0.0,0.0,0,72.74
497680000,497680000,0.9927233,0.115491234,-0.033886526,0.0047967243,0.0,0.0,0.0,0.0,0,72.76
497700000,497700000,0.99299896,0.11326687,-0.03328548,0.004981104,0.0,0.0,0.0,0.0,0,72.78
497720000,497720000,0.99327326,0.11101739,-0.032651316,0.005131924,0.0,0.0,0.0,0.0,0,72.8
497740000,497740000,0.9935433,0.10876222,-0.031999152,0.005248476,0.0,0.0,0.0,0.0,0,72.82
497760000,497760000,0.99380994,0.10649745,-0.031317014,0.0053322287,0.0,0.0,0.0,0.0,0,72.84
497780000,497780000,0.99407184,0.10423221,-0.030608928,0.005383663,0.0,0.0,0.0,0.0,0,72.86
497800000,497800000,0.9943305,0.10195059,-0.02987919,0.00540233,0.0,0.0,0.0,0.0,0,72.88
497820000,497820000,0.9945837,0.09966967,-0.02914246,0.0053879973,0.0,0.0,0.0,0.0,0,72.9
497840000,497840000,0.9948315,0.09738871,-0.02839434,0.005341886,0.0,0.0,0.0,0.0,0,72.92
497860000,497860000,0.9950727,0.09512033,-0.027636463,0.0052655493,0.0,0.0,0.0,0.0,0,72.94
497880000,497880000,0.99530846,0.09285335,-0.026866443,0.005159859,0.0,0.0,0.0,0.0,0,72.96
497900000,497900000,0.99553764,0.09059965,-0.026083916,0.0050265505,0.0,0.0,0.0,0.0,0,72.98
497920000,497920000,0.9957617,0.088344365,-0.025284076,0.0048673335,0.0,0.0,0.0,0.0,0,73.0
497940000,497940000,0.9959793,0.08610035,-0.024477448,0.0046830066,0.0,0.0,0.0,0.0,0,73.02
497960000,497960000,0.99619144,0.08385274,-0.023673518,0.0044740387,0.0,0.0,0.0,0.0,0,73.04
497980000,497980000,0.9963967,0.08161807,-0.022872062,0.004242459,0.0,0.0,0.0,0.0,0,73.06
498000000,498000000,0.99659616,0.079388626,-0.022062767,0.003990712,0.0,0.0,0.0,0.0,0,73.08
498020000,498020000,0.9967876,0.0771881,-0.021253338,0.0037206158,0.0,0.0,0.0,0.0,0,73.1
498040000,498040000,0.99697256,0.07500105,-0.020441124,0.0034340753,0.0,0.0,0.0,0.0,0,73.12
498060000,498060000,0.9971505,0.07283375,-0.0196323,0.0031324252,0.0,0.0,0.0,0.0,0,73.14
498080000,498080000,0.99732184,0.07067958,-0.018834244,0.0028172254,0.0,0.0,0.0,0.0,0,73.16
498100000,498100000,0.997486,0.0685491,-0.018043928,0.002490734,0.0,0.0,0.0,0.0,0,73.18
498120000,498120000,0.99764407,0.06642859,-0.017261665,0.0021542192,0.0,0.0,0.0,0.0,0,73.2
498140000,498140000,0.99779516,0.06433382,-0.016487606,0.0018098998,0.0,0.0,0.0,0.0,0,73.22
498160000,498160000,0.9979393,0.062262677,-0.015732994,0.0014586671,0.0,0.0,0.0,0.0,0,73.24
498180000,498180000,0.99807596,0.06022743,-0.014998742,0.0011020044,0.0,0.0,0.0,0.0,0,73.26
498200000,498200000,0.99820656,0.058209013,-0.014280571,0.00074156397,0.0,0.0,0.0,0.0,0,73.28
498220000,498220000,0.9983305,0.056222428,-0.01357488,0.000379484,0.0,0.0,0.0,0.0,0,73.3
498240000,498240000,0.9984482,0.054262783,-0.012878249,1.7773365e-05,0.0,0.0,0.0,0.0,0,73.32
498260000,498260000,0.9985594,0.052340068,-0.012188914,-0.0003420647,0.0,0.0,0.0,0.0,0,73.34
498280000,498280000,0.9986649,0.05044354,-0.011508989,-0.00069882075,0.0,0.0,0.0,0.0,0,73.36
498300000,498300000,0.99876386,0.048589937,-0.01085098,-0.0010514419,0.0,0.0,0.0,0.0,0,73.38
498320000,498320000,0.9988568,0.046775118,-0.010216005,-0.0013989913,0.0,0.0,0.0,0.0,0,73.4
498340000,498340000,0.9989439,0.04500015,-0.009594105,-0.0017395045,0.0,0.0,0.0,0.0,0,73.42
498360000,498360000,0.9990264,0.04324849,-0.008976789,-0.0020717487,0.0,0.0,0.0,0.0,0,73.44
498380000,498380000,0.99910396,0.041527808,-0.008368735,-0.0023950352,0.0,0.0,0.0,0.0,0,73.46
498400000,498400000,0.9991765,0.03984295,-0.007782824,-0.0027084579,0.0,0.0,0.0,0.0,0,73.48
498420000,498420000,0.99924415,0.0381975,-0.007221207,-0.0030112849,0.0,0.0,0.0,0.0,0,73.5
498440000,498440000,0.9993077,0.036576457,-0.0066679865,-0.0033026002,0.0,0.0,0.0,0.0,0,73.52
498460000,498460000,0.9993669,0.03499198,-0.006133279,-0.003581803,0.0,0.0,0.0,0.0,0,73.54
498480000,498480000,0.99942213,0.03343789,-0.005622249,-0.003848197,0.0,0.0,0.0,0.0,0,73.56
498500000,498500000,0.99947333,0.031921964,-0.0051295063,-0.004101129,0.0,0.0,0.0,0.0,0,73.58
498520000,498520000,0.99952096,0.030438554,-0.0046489416,-0.00434031,0.0,0.0,0.0,0.0,0,73.6
498540000,498540000,0.9995649,0.028997326,-0.0041761124,-0.0045649363,0.0,0.0,0.0,0.0,0,73.62
498560000,498560000,0.99960536,0.02759781,-0.003708996,-0.0047743134,0.0,0.0,0.0,0.0,0,73.64
498580000,498580000,0.9996426,0.026239393,-0.0032532834,-0.004968396,0.0,0.0,0.0,0.0,0,73.66
498600000,498600000,0.9996768,0.024917558,-0.0028156375,-0.005147503,0.0,0.0,0.0,0.0,0,73.68
498620000,498620000,0.9997082,0.02363562,-0.0024046144,-0.005312044,0.0,0.0,0.0,0.0,0,73.7
498640000,498640000,0.9997369,0.022390585,-0.002007087,-0.005461404,0.0,0.0,0.0,0.0,0,73.72
498660000,498660000,0.9997631,0.021187846,-0.0016344911,-0.0055959397,0.0,0.0,0.0,0.0,0,73.74
498680000,498680000,0.99978685,0.020026576,-0.0012791915,-0.0057155974,0.0,0.0,0.0,0.0,0,73.76
498700000,498700000,0.99980855,0.01889932,-0.00093957724,-0.005820368,0.0,0.0,0.0,0.0,0,73.78
498720000,498720000,0.99982846,0.01780053,-0.0006137752,-0.0059102965,0.0,0.0,0.0,0.0,0,73.8
498740000,498740000,0.99984664,0.01673062,-0.0003050398,-0.0059857364,0.0,0.0,0.0,0.0,0,73.82
498760000,498760000,0.99986297,0.01570132,-2.055125e-05,-0.0060476023,0.0,0.0,0.0,0.0,0,73.84
498780000,498780000,0.99987763,0.014718215,0.00023895432,-0.00609629,0.0,0.0,0.0,0.0,0,73.86
498800000,498800000,0.9998906,0.013782004,0.0004823455,-0.00613261,0.0,0.0,0.0,0.0,0,73.88
498820000,498820000,0.9999023,0.012885776,0.00071771553,-0.006156865,0.0,0.0,0.0,0.0,0,73.9
498840000,498840000,0.99991274,0.012025624,0.0009476983,-0.0061688866,0.0,0.0,0.0,0.0,0,73.92
498860000,498860000,0.99992216,0.011196851,0.0011681543,-0.006169348,0.0,0.0,0.0,0.0,0,73.94
498880000,498880000,0.99993044,0.010409154,0.0013729361,-0.00615872,0.0,0.0,0.0,0.0,0,73.96
498900000,498900000,0.9999378,0.009663527,0.0015625521,-0.006138034,0.0,0.0,0.0,0.0,0,73.98
498920000,498920000,0.9999442,0.008959896,0.0017471954,-0.006107598,0.0,0.0,0.0,0.0,0,74.0
498940000,498940000,0.99994993,0.0082906885,0.0019262098,-0.006067585,0.0,0.0,0.0,0.0,0,74.02
498960000,498960000,0.99995494,0.00765757,0.002088208,-0.006018575,0.0,0.0,0.0,0.0,0,74.04
498980000,498980000,0.99995935,0.0070598507,0.0022374676,-0.0059617804,0.0,0.0,0.0,0.0,0,74.06
499000000,499000000,0.99996316,0.006501007,0.002383969,-0.0058975997,0.0,0.0,0.0,0.0,0,74.08
499020000,499020000,0.9999665,0.005977437,0.002526806,-0.005826669,0.0,0.0,0.0,0.0,0,74.1
499040000,499040000,0.9999695,0.005481373,0.0026437666,-0.0057499525,0.0,0.0,0.0,0.0,0,74.12
499060000,499060000,0.99997216,0.0050138514,0.0027443008,-0.005668077,0.0,0.0,0.0,0.0,0,74.14
499080000,499080000,0.9999745,0.004575836,0.0028382454,-0.0055815266,0.0,0.0,0.0,0.0,0,74.16
499100000,499100000,0.9999765,0.0041597346,0.0029260884,-0.0054911044,0.0,0.0,0.0,0.0,0,74.18
499120000,499120000,0.9999784,0.0037633055,0.0030002107,-0.0053977114,0.0,0.0,0.0,0.0,0,74.2
499140000,499140000,0.9999801,0.0033867338,0.0030641153,-0.0053014234,0.0,0.0,0.0,0.0,0,74.22
499160000,499160000,0.9999816,0.003032736,0.00311588,-0.0052029486,0.0,0.0,0.0,0.0,0,74.24
499180000,499180000,0.99998295,0.002691226,0.003155999,-0.005102759,0.0,0.0,0.0,0.0,0,74.26
499200000,499200000,0.9999842,0.0023650748,0.0031825977,-0.005001245,0.0,0.0,0.0,0.0,0,74.28
499220000,499220000,0.99998534,0.002062212,0.0031961987,-0.0048991195,0.0,0.0,0.0,0.0,0,74.3
499240000,499240000,0.99998635,0.0017862208,0.0032003666,-0.004796968,0.0,0.0,0.0,0.0,0,74.32
499260000,499260000,0.99998724,0.0015383841,0.003199722,-0.004695438,0.0,0.0,0.0,0.0,0,74.34
499280000,499280000,0.999988,0.0013236759,0.0031978167,-0.004594652,0.0,0.0,0.0,0.0,0,74.36
499300000,499300000,0.99998873,0.0011415961,0.0031880408,-0.004494757,0.0,0.0,0.0,0.0,0,74.38
499320000,499320000,0.99998933,0.0009871406,0.003176464,-0.0043963324,0.0,0.0,0.0,0.0,0,74.4
499340000,499340000,0.9999899,0.00085573195,0.0031704954,-0.004300228,0.0,0.0,0.0,0.0,0,74.42
499360000,499360000,0.99999046,0.0007427385,0.0031498212,-0.004206862,0.0,0.0,0.0,0.0,0,74.44
499380000,499380000,0.99999106,0.00064624666,0.003107044,-0.004116765,0.0,0.0,0.0,0.0,0,74.46
499400000,499400000,0.99999166,0.0005599617,0.0030488921,-0.0040294905,0.0,0.0,0.0,0.0,0,74.48
499420000,499420000,0.9999922,0.00047858965,0.002981552,-0.003945266,0.0,0.0,0.0,0.0,0,74.5
499440000,499440000,0.9999928,0.00040985987,0.0029114294,-0.0038647715,0.0,0.0,0.0,0.0,0,74.52
499460000,499460000,0.99999326,0.00036366846,0.0028404307,-0.0037883082,0.0,0.0,0.0,0.0,0,74.54
499480000,499480000,0.99999374,0.00033920468,0.0027740663,-0.0037155417,0.0,0.0,0.0,0.0,0,74.56
499500000,499500000,0.9999942,0.00032782153,0.0027009393,-0.0036467977,0.0,0.0,0.0,0.0,0,74.58
499520000,499520000,0.99999464,0.00033576478,0.0026195135,-0.0035821476,0.0,0.0,0.0,0.0,0,74.6
499540000,499540000,0.99999505,0.0003549474,0.002535533,-0.0035212296,0.0,0.0,0.0,0.0,0,74.62
499560000,499560000,0.99999547,0.000380127,0.0024604744,-0.00346453,0.0,0.0,0.0,0.0,0,74.64
499580000,499580000,0.99999577,0.00041349453,0.0023903074,-0.0034125173,0.0,0.0,0.0,0.0,0,74.66
499600000,499600000,0.9999961,0.0004460338,0.002312788,-0.0033652713,0.0,0.0,0.0,0.0,0,74.68
499620000,499620000,0.9999964,0.00047737875,0.0022319127,-0.0033226705,0.0,0.0,0.0,0.0,0,74.7
499640000,499640000,0.9999967,0.000521489,0.002142646,-0.0032847093,0.0,0.0,0.0,0.0,0,74.72
499660000,499660000,0.999997,0.00057856966,0.0020421313,-0.0032515517,0.0,0.0,0.0,0.0,0,74.74
499680000,499680000,0.99999726,0.0006359675,0.001949346,-0.0032226983,0.0,0.0,0.0,0.0,0,74.76
499700000,499700000,0.99999744,0.000691952,0.0018637028,-0.0031983901,0.0,0.0,0.0,0.0,0,74.78
499720000,499720000,0.9999977,0.0007528242,0.0017645891,-0.0031787362,0.0,0.0,0.0,0.0,0,74.8
499740000,499740000,0.99999785,0.0008151035,0.0016567264,-0.0031634395,0.0,0.0,0.0,0.0,0,74.82
499760000,499760000,0.99999803,0.0008768359,0.0015447822,-0.0031520773,0.0,0.0,0.0,0.0,0,74.84
499780000,499780000,0.99999815,0.00093973207,0.0014333441,-0.0031445294,0.0,0.0,0.0,0.0,0,74.86
499800000,499800000,0.9999983,0.0010045801,0.0013158345,-0.0031413024,0.0,0.0,0.0,0.0,0,74.88
499820000,499820000,0.99999833,0.0010720873,0.0011931938,-0.0031418242,0.0,0.0,0.0,0.0,0,74.9
499840000,499840000,0.9999984,0.001140728,0.0010770843,-0.0031455173,0.0,0.0,0.0,0.0,0,74.92
499860000,499860000,0.9999984,0.0012064261,0.0009610748,-0.003151718,0.0,0.0,0.0,0.0,0,74.94
499880000,499880000,0.9999984,0.0012695228,0.00083717395,-0.0031604222,0.0,0.0,0.0,0.0,0,74.96
499900000,499900000,0.9999984,0.0013287205,0.0007067131,-0.0031711657,0.0,0.0,0.0,0.0,0,74.98
499920000,499920000,0.99999833,0.0013884818,0.0005781069,-0.003184391,0.0,0.0,0.0,0.0,0,75.0
499940000,499940000,0.9999983,0.0014524395,0.0004558508,-0.003199856,0.0,0.0,0.0,0.0,0,75.02
499960000,499960000,0.99999815,0.0015131817,0.00033265512,-0.003217469,0.0,0.0,0.0,0.0,0,75.04
499980000,499980000,0.9999981,0.0015654685,0.00020349145,-0.0032375292,0.0,0.0,0.0,0.0,0,75.06
500000000,500000000,0.9999979,0.0016140174,7.298092e-05,-0.0032599273,0.0,0.0,0.0,0.0,0,75.08
500020000,500020000,0.9999978,0.0016646336,-5.2968473e-05,-0.0032847149,0.0,0.0,0.0,0.0,0,75.1
500040000,500040000,0.99999756,0.0017168217,-0.00017491687,-0.0033114697,0.0,0.0,0.0,0.0,0,75.12
500060000,500060000,0.9999974,0.0017664531,-0.00029676646,-0.003340056,0.0,0.0,0.0,0.0,0,75.14
500080000,500080000,0.99999714,0.0018125316,-0.00041958905,-0.0033704527,0.0,0.0,0.0,0.0,0,75.16
500100000,500100000,0.9999969,0.0018589346,-0.0005283687,-0.0034024215,0.0,0.0,0.0,0.0,0,75.18
500120000,500120000,0.99999666,0.0019074026,-0.00061443856,-0.0034359365,0.0,0.0,0.0,0.0,0,75.2
500140000,500140000,0.99999636,0.0019624624,-0.0007010074,-0.0034703533,0.0,0.0,0.0,0.0,0,75.22
500160000,500160000,0.99999607,0.0020164477,-0.0007858522,-0.0035055112,0.0,0.0,0.0,0.0,0,75.24
500180000,500180000,0.99999577,0.0020619328,-0.0008511802,-0.0035414926,0.0,0.0,0.0,0.0,0,75.26
500200000,500200000,0.9999955,0.0021007112,-0.0009078721,-0.003578098,0.0,0.0,0.0,0.0,0,75.28
500220000,500220000,0.99999523,0.0021436452,-0.000966486,-0.0036145814,0.0,0.0,0.0,0.0,0,75.3
500240000,500240000,0.999995,0.0021935545,-0.001015741,-0.003650603,0.0,0.0,0.0,0.0,0,75.32
500260000,500260000,0.9999947,0.0022441216,-0.0010485947,-0.0036861848,0.0,0.0,0.0,0.0,0,75.34
500280000,500280000,0.9999944,0.0022921392,-0.0010770106,-0.003721289,0.0,0.0,0.0,0.0,0,75.36
500300000,500300000,0.99999416,0.0023433196,-0.0010976756,-0.0037554642,0.0,0.0,0.0,0.0,0,75.38
500320000,500320000,0.99999386,0.002398217,-0.0011107931,-0.003789087,0.0,0.0,0.0,0.0,0,75.4
500340000,500340000,0.9999936,0.0024529472,-0.0011198638,-0.0038220328,0.0,0.0,0.0,0.0,0,75.42
500360000,500360000,0.9999934,0.0025024724,-0.0011300953,-0.003854206,0.0,0.0,0.0,0.0,0,75.44
500380000,500380000,0.9999931,0.0025527556,-0.0011351324,-0.003885547,0.0,0.0,0.0,0.0,0,75.46
500400000,500400000,0.99999285,0.002606944,-0.0011319983,-0.0039159427,0.0,0.0,0.0,0.0,0,75.48
500420000,500420000,0.9999926,0.002653137,-0.0011320806,-0.0039454955,0.0,0.0,0.0,0.0,0,75.5
500440000,500440000,0.9999924,0.0026951688,-0.0011251402,-0.003973525,0.0,0.0,0.0,0.0,0,75.52
500460000,500460000,0.9999922,0.0027291314,-0.001104906,-0.0039995625,0.0,0.0,0.0,0.0,0,75.54
500480000,500480000,0.9999921,0.0027551067,-0.001079563,-0.004023589,0.0,0.0,0.0,0.0,0,75.56
500500000,500500000,0.99999195,0.002773931,-0.0010520939,-0.004045681,0.0,0.0,0.0,0.0,0,75.58
500520000,500520000,0.9999919,0.002785413,-0.0010118925,-0.0040658494,0.0,0.0,0.0,0.0,0,75.6
500540000,500540000,0.9999919,0.0027789546,-0.0009705606,-0.004084681,0.0,0.0,0.0,0.0,0,75.62
500560000,500560000,0.9999919,0.0027537504,-0.00093613414,-0.0041022683,0.0,0.0,0.0,0.0,0,75.64
500580000,500580000,0.99999195,0.0027243702,-0.0008974695,-0.0041186283,0.0,0.0,0.0,0.0,0,75.66
500600000,500600000,0.999992,0.002692964,-0.0008537056,-0.004133321,0.0,0.0,0.0,0.0,0,75.68
500620000,500620000,0.9999921,0.0026606182,-0.0008044024,-0.004146696,0.0,0.0,0.0,0.0,0,75.7
500640000,500640000,0.9999922,0.002621625,-0.00075530534,-0.004158948,0.0,0.0,0.0,0.0,0,75.72
500660000,500660000,0.9999923,0.002576029,-0.00070316525,-0.004169793,0.0,0.0,0.0,0.0,0,75.74
500680000,500680000,0.99999243,0.0025252672,-0.00063781015,-0.0041789208,0.0,0.0,0.0,0.0,0,75.76
500700000,500700000,0.9999926,0.0024678514,-0.0005664448,-0.0041861916,0.0,0.0,0.0,0.0,0,75.78
500720000,500720000,0.9999927,0.0024034278,-0.000492675,-0.0041917535,0.0,0.0,0.0,0.0,0,75.8
500740000,500740000,0.9999929,0.0023400532,-0.00040997914,-0.0041961772,0.0,0.0,0.0,0.0,0,75.82
500760000,500760000,0.9999931,0.0022695237,-0.000327084,-0.004199727,0.0,0.0,0.0,0.0,0,75.84
500780000,500780000,0.9999933,0.0021805458,-0.00025538536,-0.0042025284,0.0,0.0,0.0,0.0,0,75.86
500800000,500800000,0.9999935,0.0020867593,-0.00018149945,-0.004204578,0.0,0.0,0.0,0.0,0,75.88
500820000,500820000,0.9999937,0.0019961328,-9.89175e-05,-0.0042057717,0.0,0.0,0.0,0.0,0,75.9
500840000,500840000,0.9999939,0.0019013053,-2.5272795e-05,-0.0042061177,0.0,0.0,0.0,0.0,0,75.92
500860000,500860000,0.9999941,0.0018023249,4.424003e-05,-0.0042057578,0.0,0.0,0.0,0.0,0,75.94
500880000,500880000,0.9999943,0.0017050491,0.00011918206,-0.004205006,0.0,0.0,0.0,0.0,0,75.96
500900000,500900000,0.9999944,0.0016053037,0.00019116336,-0.0042037815,0.0,0.0,0.0,0.0,0,75.98
500920000,500920000,0.9999946,0.0015060491,0.00025261616,-0.004201926,0.0,0.0,0.0,0.0,0,76.0
500940000,500940000,0.9999947,0.0013962553,0.00031312264,-0.0041992962,0.0,0.0,0.0,0.0,0,76.02
500960000,500960000,0.9999949,0.001271369,0.00037748297,-0.00419531,0.0,0.0,0.0,0.0,0,76.04
500980000,500980000,0.99999505,0.0011394265,0.00043699835,-0.004190073,0.0,0.0,0.0,0.0,0,76.06
501000000,501000000,0.9999952,0.0010107534,0.0004816985,-0.0041837865,0.0,0.0,0.0,0.0,0,76.08
501020000,501020000,0.9999953,0.00088825286,0.00051183853,-0.00417667,0.0,0.0,0.0,0.0,0,76.1
501040000,501040000,0.9999954,0.00076639483,0.00055018935,-0.0041687675,0.0,0.0,0.0,0.0,0,76.12
501060000,501060000,0.9999955,0.00064320676,0.0005913082,-0.004159889,0.0,0.0,0.0,0.0,0,76.14
501080000,501080000,0.9999956,0.00053068117,0.0006255784,-0.004150406,0.0,0.0,0.0,0.0,0,76.16
501100000,501100000,0.99999565,0.0004334146,0.0006501504,-0.004140451,0.0,0.0,0.0,0.0,0,76.18
501120000,501120000,0.99999577,0.00035132124,0.00066142547,-0.0041297623,0.0,0.0,0.0,0.0,0,76.2
501140000,501140000,0.9999958,0.0002801889,0.0006695883,-0.0041181506,0.0,0.0,0.0,0.0,0,76.22
501160000,501160000,0.9999959,0.00021719922,0.0006767247,-0.0041056164,0.0,0.0,0.0,0.0,0,76.24
501180000,501180000,0.99999595,0.00015869219,0.0006680469,-0.00409269,0.0,0.0,0.0,0.0,0,76.26
501200000,501200000,0.999996,0.0001090531,0.00064496277,-0.0040797237,0.0,0.0,0.0,0.0,0,76.28
501220000,501220000,0.99999607,6.740764e-05,0.00061157584,-0.0040664063,0.0,0.0,0.0,0.0,0,76.3
501240000,501240000,0.9999962,3.0179926e-05,0.0005674106,-0.0040531014,0.0,0.0,0.0,0.0,0,76.32
501260000,501260000,0.99999624,-2.7374656e-06,0.0005241285,-0.0040402333,0.0,0.0,0.0,0.0,0,76.34
501280000,501280000,0.9999963,-3.7005942e-05,0.0004816319,-0.004027549,0.0,0.0,0.0,0.0,0,76.36
501300000,501300000,0.99999636,-7.598439e-05,0.00043935908,-0.0040151468,0.0,0.0,0.0,0.0,0,76.38
501320000,501320000,0.9999964,-0.000119544675,0.00039832713,-0.0040030344,0.0,0.0,0.0,0.0,0,76.4
501340000,501340000,0.9999965,-0.00016105773,0.0003658276,-0.0039912723,0.0,0.0,0.0,0.0,0,76.42
501360000,501360000,0.99999654,-0.00019979886,0.00034254833,-0.003979644,0.0,0.0,0.0,0.0,0,76.44
501380000,501380000,0.9999966,-0.00023653301,0.0003279786,-0.003968131,0.0,0.0,0.0,0.0,0,76.46
501400000,501400000,0.99999666,-0.00027446664,0.000317888,-0.0039565703,0.0,0.0,0.0,0.0,0,76.48
501420000,501420000,0.99999666,-0.0003071397,0.00030869734,-0.0039450685,0.0,0.0,0.0,0.0,0,76.5
501440000,501440000,0.9999967,-0.00032715214,0.00030258036,-0.00393405,0.0,0.0,0.0,0.0,0,76.52
501460000,501460000,0.9999967,-0.00033530817,0.00030628694,-0.0039238823,0.0,0.0,0.0,0.0,0,76.54
501480000,501480000,0.9999968,-0.00033850595,0.00031757637,-0.0039151963,0.0,0.0,0.0,0.0,0,76.56
501500000,501500000,0.9999968,-0.0003500401,0.00032533522,-0.0039081327,0.0,0.0,0.0,0.0,0,76.58
501520000,501520000,0.99999684,-0.00036659846,0.00033369838,-0.003902417,0.0,0.0,0.0,0.0,0,76.6
501540000,501540000,0.99999684,-0.00038070104,0.00035050933,-0.0038979142,0.0,0.0,0.0,0.0,0,76.62
501560000,501560000,0.99999684,-0.00039892292,0.00036933823,-0.0038946753,0.0,0.0,0.0,0.0,0,76.64
501580000,501580000,0.99999684,-0.00041519242,0.0003962853,-0.003892514,0.0,0.0,0.0,0.0,0,76.66
501600000,501600000,0.9999968,-0.00043028104,0.000430521,-0.0038910592,0.0,0.0,0.0,0.0,0,76.68
501620000,501620000,0.9999968,-0.0004551075,0.00046121984,-0.0038905414,0.0,0.0,0.0,0.0,0,76.7
501640000,501640000,0.9999967,-0.00048412444,0.00049378356,-0.003890694,0.0,0.0,0.0,0.0,0,76.72
501660000,501660000,0.9999967,-0.00051202544,0.00053345715,-0.003891734,0.0,0.0,0.0,0.0,0,76.74
501680000,501680000,0.99999666,-0.0005391659,0.0005797952,-0.0038938017,0.0,0.0,0.0,0.0,0,76.76
501700000,501700000,0.9999966,-0.0005787413,0.00061966333,-0.0038968965,0.0,0.0,0.0,0.0,0,76.78
501720000,501720000,0.99999654,-0.00061979366,0.0006638557,-0.0039010302,0.0,0.0,0.0,0.0,0,76.8
501740000,501740000,0.9999964,-0.00065965904,0.00071491423,-0.0039056318,0.0,0.0,0.0,0.0,0,76.82
501760000,501760000,0.99999636,-0.00070338894,0.0007641827,-0.003910392,0.0,0.0,0.0,0.0,0,76.84
501780000,501780000,0.9999963,-0.0007532966,0.00080704095,-0.003915197,0.0,0.0,0.0,0.0,0,76.86
501800000,501800000,0.9999962,-0.00081066514,0.0008454195,-0.003919999,0.0,0.0,0.0,0.0,0,76.88
501820000,501820000,0.99999607,-0.00087396265,0.0008784326,-0.0039244937,0.0,0.0,0.0,0.0,0,76.9
501840000,501840000,0.999996,-0.0009335701,0.000903483,-0.003929072,0.0,0.0,0.0,0.0,0,76.92
501860000,501860000,0.9999959,-0.0009929648,0.0009241944,-0.0039340886,0.0,0.0,0.0,0.0,0,76.94
501880000,501880000,0.99999577,-0.001047567,0.0009490694,-0.0039395094,0.0,0.0,0.0,0.0,0,76.96
501900000,501900000,0.9999957,-0.0010917925,0.0009671332,-0.003945024,0.0,0.0,0.0,0.0,0,76.98
501920000,501920000,0.99999565,-0.0011263978,0.0009703807,-0.003950575,0.0,0.0,0.0,0.0,0,77.0
501940000,501940000,0.9999956,-0.001156987,0.0009805596,-0.003955831,0.0,0.0,0.0,0.0,0,77.02
501960000,501960000,0.9999955,-0.0011939409,0.0009887129,-0.0039608744,0.0,0.0,0.0,0.0,0,77.04
501980000,501980000,0.99999547,-0.0012332893,0.0009769059,-0.0039653187,0.0,0.0,0.0,0.0,0,77.06
502000000,502000000,0.9999954,-0.0012727617,0.0009667999,-0.0039692996,0.0,0.0,0.0,0.0,0,77.08
502020000,502020000,0.99999535,-0.0013148652,0.00096705166,-0.0039725117,0.0,0.0,0.0,0.0,0,77.1
502040000,502040000,0.9999953,-0.0013530268,0.00095867924,-0.003975534,0.0,0.0,0.0,0.0,0,77.12
502060000,502060000,0.99999523,-0.0013938221,0.00092754693,-0.0039783316,0.0,0.0,0.0,0.0,0,77.14
502080000,502080000,0.9999952,-0.0014353486,0.0008990747,-0.0039805938,0.0,0.0,0.0,0.0,0,77.16
502100000,502100000,0.9999952,-0.0014756372,0.0008746496,-0.003982397,0.0,0.0,0.0,0.0,0,77.18
502120000,502120000,0.9999951,-0.0015206592,0.000831058,-0.00398397,0.0,0.0,0.0,0.0,0,77.2
502140000,502140000,0.99999505,-0.0015657172,0.00078027864,-0.003984978,0.0,0.0,0.0,0.0,0,77.22
502160000,502160000,0.99999505,-0.0016079961,0.0007389102,-0.0039856643,0.0,0.0,0.0,0.0,0,77.24
502180000,502180000,0.999995,-0.0016481035,0.0006958495,-0.003986576,0.0,0.0,0.0,0.0,0,77.26
502200000,502200000,0.999995,-0.001683575,0.0006494671,-0.003987401,0.0,0.0,0.0,0.0,0,77.28
502220000,502220000,0.99999493,-0.0017208834,0.00059807947,-0.0039883195,0.0,0.0,0.0,0.0,0,77.3
502240000,502240000,0.9999949,-0.0017622212,0.00054057885,-0.0039891093,0.0,0.0,0.0,0.0,0,77.32
502260000,502260000,0.9999949,-0.0018006116,0.00048369507,-0.0039896155,0.0,0.0,0.0,0.0,0,77.34
502280000,502280000,0.9999948,-0.0018307605,0.00042645863,-0.0039900783,0.0,0.0,0.0,0.0,0,77.36
502300000,502300000,0.9999948,-0.0018621855,0.00036556317,-0.003990668,0.0,0.0,0.0,0.0,0,77.38
502320000,502320000,0.99999475,-0.0018955144,0.00029953234,-0.0039912434,0.0,0.0,0.0,0.0,0,77.4
502340000,502340000,0.9999947,-0.0019308116,0.00023263958,-0.0039915326,0.0,0.0,0.0,0.0,0,77.42
502360000,502360000,0.99999464,-0.0019640021,0.00016808111,-0.003991566,0.0,0.0,0.0,0.0,0,77.44
502380000,502380000,0.99999464,-0.0019871378,9.910109e-05,-0.00399145,0.0,0.0,0.0,0.0,0,77.46
502400000,502400000,0.9999946,-0.0020090984,2.4326864e-05,-0.003991257,0.0,0.0,0.0,0.0,0,77.48
502420000,502420000,0.9999945,-0.0020343584,-5.4488988e-05,-0.0039909706,0.0,0.0,0.0,0.0,0,77.5
502440000,502440000,0.99999446,-0.0020591617,-0.00013937331,-0.00399022,0.0,0.0,0.0,0.0,0,77.52
502460000,502460000,0.9999944,-0.002072505,-0.00024355687,-0.003989057,0.0,0.0,0.0,0.0,0,77.54
502480000,502480000,0.9999944,-0.0020796615,-0.0003575739,-0.0039875098,0.0,0.0,0.0,0.0,0,77.56
502500000,502500000,0.99999434,-0.0020856499,-0.00047549294,-0.0039857645,0.0,0.0,0.0,0.0,0,77.58
502520000,502520000,0.9999943,-0.0020918897,-0.0005982286,-0.003983765,0.0,0.0,0.0,0.0,0,77.6
502540000,502540000,0.99999416,-0.0020982688,-0.0007259618,-0.0039814655,0.0,0.0,0.0,0.0,0,77.62
502560000,502560000,0.9999941,-0.002099358,-0.0008496762,-0.003978524,0.0,0.0,0.0,0.0,0,77.64
502580000,502580000,0.999994,-0.0020946008,-0.00097203447,-0.0039752335,0.0,0.0,0.0,0.0,0,77.66
502600000,502600000,0.99999386,-0.0020876476,-0.0010958706,-0.003971674,0.0,0.0,0.0,0.0,0,77.68
502620000,502620000,0.99999374,-0.002081704,-0.001221203,-0.003968087,0.0,0.0,0.0,0.0,0,77.7
502640000,502640000,0.9999936,-0.0020791516,-0.0013492234,-0.0039645033,0.0,0.0,0.0,0.0,0,77.72
502660000,502660000,0.99999344,-0.0020794782,-0.0014786489,-0.0039607296,0.0,0.0,0.0,0.0,0,77.74
502680000,502680000,0.99999326,-0.0020759294,-0.0016026897,-0.003956676,0.0,0.0,0.0,0.0,0,77.76
502700000,502700000,0.99999315,-0.0020630057,-0.0017155862,-0.0039527654,0.0,0.0,0.0,0.0,0,77.78
502720000,502720000,0.99999297,-0.0020484382,-0.0018250904,-0.003948967,0.0,0.0,0.0,0.0,0,77.8
502740000,502740000,0.99999285,-0.0020356595,-0.0019344467,-0.003945237,0.0,0.0,0.0,0.0,0,77.82
502760000,502760000,0.99999267,-0.0020251148,-0.0020441676,-0.003941458,0.0,0.0,0.0,0.0,0,77.84
502780000,502780000,0.99999243,-0.0020148202,-0.0021521368,-0.003937381,0.0,0.0,0.0,0.0,0,77.86
502800000,502800000,0.99999225,-0.0020004744,-0.0022541499,-0.0039330474,0.0,0.0,0.0,0.0,0,77.88
502820000,502820000,0.9999921,-0.0019857206,-0.0023536943,-0.0039285123,0.0,0.0,0.0,0.0,0,77.9
502840000,502840000,0.9999919,-0.0019696893,-0.0024463073,-0.003923514,0.0,0.0,0.0,0.0,0,77.92
502860000,502860000,0.9999918,-0.001955933,-0.0025298647,-0.003917976,0.0,0.0,0.0,0.0,0,77.94
502880000,502880000,0.9999916,-0.001946049,-0.0026049744,-0.0039120913,0.0,0.0,0.0,0.0,0,77.96
502900000,502900000,0.9999915,-0.001939492,-0.0026716997,-0.0039058763,0.0,0.0,0.0,0.0,0,77.98
502920000,502920000,0.99999136,-0.0019359335,-0.0027329354,-0.0038994034,0.0,0.0,0.0,0.0,0,78.0
502940000,502940000,0.99999124,-0.0019458458,-0.0027800163,-0.0038924557,0.0,0.0,0.0,0.0,0,78.02
502960000,502960000,0.9999911,-0.001962979,-0.0028135346,-0.003884999,0.0,0.0,0.0,0.0,0,78.04
502980000,502980000,0.99999106,-0.0019812942,-0.0028380412,-0.0038774125,0.0,0.0,0.0,0.0,0,78.06
503000000,503000000,0.999991,-0.002002382,-0.0028594946,-0.0038697198,0.0,0.0,0.0,0.0,0,78.08
503020000,503020000,0.99999094,-0.0020216983,-0.0028749935,-0.003861757,0.0,0.0,0.0,0.0,0,78.1
503040000,503040000,0.9999909,-0.0020395734,-0.002885731,-0.0038535802,0.0,0.0,0.0,0.0,0,78.12
503060000,503060000,0.9999909,-0.0020537735,-0.002889643,-0.003845064,0.0,0.0,0.0,0.0,0,78.14
503080000,503080000,0.9999909,-0.0020727436,-0.0028923166,-0.003836354,0.0,0.0,0.0,0.0,0,78.16
503100000,503100000,0.9999909,-0.0020904746,-0.0028858804,-0.0038273232,0.0,0.0,0.0,0.0,0,78.18
503120000,503120000,0.99999094,-0.0021043657,-0.0028661427,-0.0038178985,0.0,0.0,0.0,0.0,0,78.2
503140000,503140000,0.99999106,-0.0021108533,-0.002834747,-0.0038081047,0.0,0.0,0.0,0.0,0,78.22
503160000,503160000,0.9999912,-0.002117323,-0.0028017059,-0.0037979565,0.0,0.0,0.0,0.0,0,78.24
503180000,503180000,0.9999913,-0.0021261068,-0.002766838,-0.0037876598,0.0,0.0,0.0,0.0,0,78.26
503200000,503200000,0.9999914,-0.0021398312,-0.0027290198,-0.003777273,0.0,0.0,0.0,0.0,0,78.28
503220000,503220000,0.99999154,-0.002147187,-0.0026939134,-0.003766987,0.0,0.0,0.0,0.0,0,78.3
503240000,503240000,0.99999166,-0.0021519454,-0.002654103,-0.003756673,0.0,0.0,0.0,0.0,0,78.32
503260000,503260000,0.99999183,-0.0021512506,-0.0026035157,-0.003746482,0.0,0.0,0.0,0.0,0,78.34
503280000,503280000,0.99999225,-0.002056159,-0.002538291,-0.0037360536,0.0,0.0,0.0,0.0,0,78.36
503300000,503300000,0.999993,-0.0017737962,-0.0024568217,-0.0037250814,0.0,0.0,0.0,0.0,0,78.38
503320000,503320000,0.999994,-0.0013259398,-0.0023563222,-0.0037138213,0.0,0.0,0.0,0.0,0,78.4
503340000,503340000,0.9999949,-0.00077210733,-0.0022456374,-0.003702606,0.0,0.0,0.0,0.0,0,78.42
503360000,503360000,0.9999954,-0.00016772214,-0.0021378035,-0.0036916006,0.0,0.0,0.0,0.0,0,78.44
503380000,503380000,0.9999956,0.00044631562,-0.002036796,-0.003681127,0.0,0.0,0.0,0.0,0,78.46
503400000,503400000,0.99999535,0.0010474618,-0.0019422709,-0.0036710857,0.0,0.0,0.0,0.0,0,78.48
503420000,503420000,0.9999948,0.0016205554,-0.0018564584,-0.0036614242,0.0,0.0,0.0,0.0,0,78.5
503440000,503440000,0.999994,0.0021588702,-0.0017839721,-0.003652326,0.0,0.0,0.0,0.0,0,78.52
503460000,503460000,0.9999929,0.0026562857,-0.0017192239,-0.0036436024,0.0,0.0,0.0,0.0,0,78.54
503480000,503480000,0.9999917,0.0031113555,-0.001657089,-0.003635368,0.0,0.0,0.0,0.0,0,78.56
503500000,503500000,0.9999905,0.0035135825,-0.0016010023,-0.0036275731,0.0,0.0,0.0,0.0,0,78.58
503520000,503520000,0.99998933,0.0038657903,-0.0015561188,-0.0036202467,0.0,0.0,0.0,0.0,0,78.6
503540000,503540000,0.9999882,0.0041686213,-0.0015137233,-0.0036130266,0.0,0.0,0.0,0.0,0,78.62
503560000,503560000,0.9999872,0.004422118,-0.0014731623,-0.0036058007,0.0,0.0,0.0,0.0,0,78.64
503580000,503580000,0.99998635,0.0046228655,-0.0014360448,-0.0035987985,0.0,0.0,0.0,0.0,0,78.66
503600000,503600000,0.99998575,0.0047699353,-0.0014060368,-0.0035923205,0.0,0.0,0.0,0.0,0,78.68
503620000,503620000,0.99998534,0.004869404,-0.0013802688,-0.0035862266,0.0,0.0,0.0,0.0,0,78.7
503640000,503640000,0.9999851,0.004928648,-0.0013559918,-0.003580228,0.0,0.0,0.0,0.0,0,78.72
503660000,503660000,0.999985,0.0049551907,-0.0013300782,-0.0035744852,0.0,0.0,0.0,0.0,0,78.74
503680000,503680000,0.99998504,0.004954645,-0.0012983144,-0.0035691662,0.0,0.0,0.0,0.0,0,78.76
503700000,503700000,0.9999853,0.0049289153,-0.001263077,-0.0035640313,0.0,0.0,0.0,0.0,0,78.78
503720000,503720000,0.9999855,0.004886203,-0.0012255387,-0.0035590606,0.0,0.0,0.0,0.0,0,78.8
503740000,503740000,0.9999859,0.004825392,-0.0011886514,-0.003554572,0.0,0.0,0.0,0.0,0,78.82
503760000,503760000,0.9999863,0.004748211,-0.0011491055,-0.0035506268,0.0,0.0,0.0,0.0,0,78.84
503780000,503780000,0.9999868,0.004658865,-0.0011024192,-0.0035469604,0.0,0.0,0.0,0.0,0,78.86
503800000,503800000,0.99998736,0.0045570848,-0.0010461654,-0.00354373,0.0,0.0,0.0,0.0,0,78.88
503820000,503820000,0.9999879,0.0044449125,-0.0009838424,-0.0035407532,0.0,0.0,0.0,0.0,0,78.9
503840000,503840000,0.9999885,0.004328906,-0.0009246106,-0.0035377832,0.0,0.0,0.0,0.0,0,78.92
503860000,503860000,0.9999891,0.004206074,-0.000862083,-0.0035353035,0.0,0.0,0.0,0.0,0,78.94
503880000,503880000,0.9999897,0.00407753,-0.0007943543,-0.0035333498,0.0,0.0,0.0,0.0,0,78.96
503900000,503900000,0.9999903,0.003943493,-0.00072340143,-0.0035325575,0.0,0.0,0.0,0.0,0,78.98
503920000,503920000,0.9999909,0.0038063768,-0.00064608175,-0.003532751,0.0,0.0,0.0,0.0,0,79.0
503940000,503940000,0.9999914,0.003673125,-0.00056401617,-0.0035336986,0.0,0.0,0.0,0.0,0,79.02
503960000,503960000,0.9999919,0.0035437215,-0.00047914582,-0.0035355496,0.0,0.0,0.0,0.0,0,79.04
503980000,503980000,0.99999243,0.0034084052,-0.00038985713,-0.003538069,0.0,0.0,0.0,0.0,0,79.06
504000000,504000000,0.9999929,0.0032601662,-0.00030153964,-0.0035413608,0.0,0.0,0.0,0.0,0,79.08
504020000,504020000,0.99999344,0.003105357,-0.00021719166,-0.0035453918,0.0,0.0,0.0,0.0,0,79.1
504040000,504040000,0.9999939,0.0029476865,-0.00012231628,-0.003550166,0.0,0.0,0.0,0.0,0,79.12
504060000,504060000,0.99999434,0.0027870806,-1.9178859e-05,-0.0035558213,0.0,0.0,0.0,0.0,0,79.14
504080000,504080000,0.99999475,0.0026274186,8.011993e-05,-0.0035620516,0.0,0.0,0.0,0.0,0,79.16
504100000,504100000,0.9999951,0.0024703874,0.00016899627,-0.0035691636,0.0,0.0,0.0,0.0,0,79.18
504120000,504120000,0.99999547,0.0023019367,0.00026105208,-0.003576827,0.0,0.0,0.0,0.0,0,79.2
504140000,504140000,0.9999958,0.0021258187,0.0003612555,-0.0035847262,0.0,0.0,0.0,0.0,0,79.22
504160000,504160000,0.99999607,0.0019495969,0.00046385586,-0.0035926541,0.0,0.0,0.0,0.0,0,79.24
504180000,504180000,0.9999963,0.0017758972,0.0005763568,-0.0036009823,0.0,0.0,0.0,0.0,0,79.26
504200000,504200000,0.99999654,0.0016028166,0.0006779994,-0.0036095944,0.0,0.0,0.0,0.0,0,79.28
504220000,504220000,0.99999666,0.0014272295,0.00076963595,-0.0036185547,0.0,0.0,0.0,0.0,0,79.3
504240000,504240000,0.99999684,0.0012452853,0.0008606328,-0.0036276896,0.0,0.0,0.0,0.0,0,79.32
504260000,504260000,0.9999969,0.00105712,0.0009507821,-0.0036372724,0.0,0.0,0.0,0.0,0,79.34
504280000,504280000,0.99999696,0.00087186764,0.001044591,-0.0036476352,0.0,0.0,0.0,0.0,0,79.36
504300000,504300000,0.99999696,0.00068178494,0.0011372628,-0.0036583948,0.0,0.0,0.0,0.0,0,79.38
504320000,504320000,0.99999696,0.0004886766,0.0012314433,-0.0036694144,0.0,0.0,0.0,0.0,0,79.4
504340000,504340000,0.99999684,0.000299654,0.0013160863,-0.0036808331,0.0,0.0,0.0,0.0,0,79.42
504360000,504360000,0.9999968,0.00011525373,0.0013800758,-0.0036927895,0.0,0.0,0.0,0.0,0,79.44
504380000,504380000,0.99999666,-5.9698283e-05,0.0014378224,-0.0037049123,0.0,0.0,0.0,0.0,0,79.46
504400000,504400000,0.9999965,-0.00022681293,0.0014998666,-0.0037170558,0.0,0.0,0.0,0.0,0,79.48
504420000,504420000,0.9999963,-0.00038276266,0.0015633119,-0.0037290216,0.0,0.0,0.0,0.0,0,79.5
504440000,504440000,0.9999961,-0.0005288381,0.0016174279,-0.0037405787,0.0,0.0,0.0,0.0,0,79.52
504460000,504460000,0.9999959,-0.0006618743,0.0016624987,-0.0037519385,0.0,0.0,0.0,0.0,0,79.54
504480000,504480000,0.9999957,-0.0007888232,0.0017000099,-0.0037633344,0.0,0.0,0.0,0.0,0,79.56
504500000,504500000,0.9999955,-0.000909318,0.0017331535,-0.0037747787,0.0,0.0,0.0,0.0,0,79.58
504520000,504520000,0.9999953,-0.0010237073,0.0017644431,-0.0037863401,0.0,0.0,0.0,0.0,0,79.6
504540000,504540000,0.9999951,-0.0011311114,0.0017877996,-0.003798026,0.0,0.0,0.0,0.0,0,79.62
504560000,504560000,0.9999949,-0.0012350623,0.0018061793,-0.003809821,0.0,0.0,0.0,0.0,0,79.64
504580000,504580000,0.9999947,-0.0013363395,0.0018274675,-0.003821681,0.0,0.0,0.0,0.0,0,79.66
504600000,504600000,0.99999446,-0.0014418483,0.0018482504,-0.003833438,0.0,0.0,0.0,0.0,0,79.68
504620000,504620000,0.9999942,-0.0015484885,0.0018643773,-0.0038452335,0.0,0.0,0.0,0.0,0,79.7
504640000,504640000,0.999994,-0.0016529025,0.0018790293,-0.0038567027,0.0,0.0,0.0,0.0,0,79.72
504660000,504660000,0.99999374,-0.0017534246,0.0018820884,-0.0038678725,0.0,0.0,0.0,0.0,0,79.74
504680000,504680000,0.99999356,-0.0018552426,0.0018778826,-0.00387873,0.0,0.0,0.0,0.0,0,79.76
504700000,504700000,0.9999933,-0.00195954,0.0018733158,-0.0038894087,0.0,0.0,0.0,0.0,0,79.78
504720000,504720000,0.9999931,-0.0020622883,0.0018655624,-0.0038996686,0.0,0.0,0.0,0.0,0,79.8
504740000,504740000,0.99999285,-0.002157814,0.001857541,-0.0039094305,0.0,0.0,0.0,0.0,0,79.82
504760000,504760000,0.9999926,-0.0022519114,0.0018498257,-0.003918922,0.0,0.0,0.0,0.0,0,79.84
504780000,504780000,0.9999924,-0.0023460619,0.001845053,-0.0039281454,0.0,0.0,0.0,0.0,0,79.86
504800000,504800000,0.99999213,-0.0024396463,0.0018423495,-0.003937078,0.0,0.0,0.0,0.0,0,79.88
504820000,504820000,0.9999919,-0.002531728,0.0018351837,-0.003945552,0.0,0.0,0.0,0.0,0,79.9
504840000,504840000,0.99999166,-0.0026187787,0.0018197692,-0.00395325,0.0,0.0,0.0,0.0,0,79.92
504860000,504860000,0.9999915,-0.0026958499,0.0018040774,-0.003960174,0.0,0.0,0.0,0.0,0,79.94
504880000,504880000,0.9999913,-0.00276287,0.0017808985,-0.0039662365,0.0,0.0,0.0,0.0,0,79.96
504900000,504900000,0.9999911,-0.0028273582,0.0017559045,-0.003971639,0.0,0.0,0.0,0.0,0,79.98
504920000,504920000,0.99999094,-0.0028933114,0.0017331862,-0.0039764233,0.0,0.0,0.0,0.0,0,80.0
504940000,504940000,0.9999908,-0.0029581306,0.0017039824,-0.0039805328,0.0,0.0,0.0,0.0,0,80.02
504960000,504960000,0.9999907,-0.0030168886,0.0016690895,-0.0039840317,0.0,0.0,0.0,0.0,0,80.04
504980000,504980000,0.9999905,-0.0030751466,0.0016360568,-0.0039869514,0.0,0.0,0.0,0.0,0,80.06
505000000,505000000,0.9999904,-0.0031340728,0.0016080913,-0.003989347,0.0,0.0,0.0,0.0,0,80.08
505020000,505020000,0.9999902,-0.0031973221,0.001573951,-0.003991386,0.0,0.0,0.0,0.0,0,80.1
505040000,505040000,0.9999901,-0.0032574683,0.0015327897,-0.0039931615,0.0,0.0,0.0,0.0,0,80.12
505060000,505060000,0.99999,-0.0033128634,0.001490358,-0.0039946227,0.0,0.0,0.0,0.0,0,80.14
505080000,505080000,0.99998987,-0.0033641323,0.0014504944,-0.003995537,0.0,0.0,0.0,0.0,0,80.16
505100000,505100000,0.99998975,-0.0034078534,0.0014107308,-0.0039958786,0.0,0.0,0.0,0.0,0,80.18
505120000,505120000,0.9999897,-0.0034478137,0.0013725801,-0.003996015,0.0,0.0,0.0,0.0,0,80.2
505140000,505140000,0.99998957,-0.0034877781,0.0013348546,-0.0039953496,0.0,0.0,0.0,0.0,0,80.22
505160000,505160000,0.9999895,-0.0035277833,0.0012952862,-0.0039941776,0.0,0.0,0.0,0.0,0,80.24
505180000,505180000,0.9999894,-0.003569576,0.0012572305,-0.003992747,0.0,0.0,0.0,0.0,0,80.26
505200000,505200000,0.99998933,-0.0036138138,0.0012217266,-0.0039907787,0.0,0.0,0.0,0.0,0,80.28
505220000,505220000,0.9999892,-0.003657527,0.0011835585,-0.0039880387,0.0,0.0,0.0,0.0,0,80.3
