timestamp,timestamp_sample,q[0],q[1],q[2],q[3],delta_q_reset[0],delta_q_reset[1],delta_q_reset[2],delta_q_reset[3],quat_reset_counter,time_sec
950536000,950536000,0.9925463,0.084220804,-0.08550156,0.021383107,0.0,0.0,0.0,0.0,0,0.0
950556000,950556000,0.9928578,0.08232139,-0.08366818,0.021569753,0.0,0.0,0.0,0.0,0,0.02
950576000,950576000,0.99316466,0.08043011,-0.08181456,0.021688698,0.0,0.0,0.0,0.0,0,0.04
950596000,950596000,0.9934675,0.07854583,-0.07993284,0.021741735,0.0,0.0,0.0,0.0,0,0.06
950616000,950616000,0.99376476,0.076675236,-0.078034766,0.021729691,0.0,0.0,0.0,0.0,0,0.08
950636000,950636000,0.9940563,0.074821934,-0.07611838,0.021654798,0.0,0.0,0.0,0.0,0,0.1
950656000,950656000,0.9943418,0.07298586,-0.07418598,0.021519002,0.0,0.0,0.0,0.0,0,0.12
950676000,950676000,0.99462146,0.0711638,-0.07223706,0.0213244,0.0,0.0,0.0,0.0,0,0.14
950696000,950696000,0.9948936,0.06936543,-0.07028594,0.021073032,0.0,0.0,0.0,0.0,0,0.16
950716000,950716000,0.99515927,0.06758674,-0.068321824,0.020767825,0.0,0.0,0.0,0.0,0,0.18
950736000,950736000,0.99541706,0.06582885,-0.06636229,0.02041037,0.0,0.0,0.0,0.0,0,0.2
950756000,950756000,0.995668,0.06408081,-0.06440403,0.020002857,0.0,0.0,0.0,0.0,0,0.22
950776000,950776000,0.99591035,0.062354576,-0.06246129,0.01954795,0.0,0.0,0.0,0.0,0,0.24
950796000,950796000,0.9961452,0.060644098,-0.060525116,0.019049034,0.0,0.0,0.0,0.0,0,0.26
950816000,950816000,0.9963717,0.058951546,-0.058606014,0.018508742,0.0,0.0,0.0,0.0,0,0.28
950836000,950836000,0.9965909,0.057271194,-0.056692977,0.017931186,0.0,0.0,0.0,0.0,0,0.3
950856000,950856000,0.99680144,0.05561164,-0.054803163,0.017319556,0.0,0.0,0.0,0.0,0,0.32
950876000,950876000,0.9970032,0.05397248,-0.052939516,0.016676784,0.0,0.0,0.0,0.0,0,0.34
950896000,950896000,0.99719656,0.05235105,-0.051101312,0.01600646,0.0,0.0,0.0,0.0,0,0.36
950916000,950916000,0.9973827,0.050737698,-0.04927585,0.01531232,0.0,0.0,0.0,0.0,0,0.38
950936000,950936000,0.9975606,0.0491424,-0.04747509,0.014597112,0.0,0.0,0.0,0.0,0,0.4
950956000,950956000,0.9977303,0.047570024,-0.045697283,0.013864705,0.0,0.0,0.0,0.0,0,0.42
950976000,950976000,0.9978914,0.046023514,-0.04394981,0.013118402,0.0,0.0,0.0,0.0,0,0.44
950996000,950996000,0.9980446,0.04449841,-0.042227447,0.0123614855,0.0,0.0,0.0,0.0,0,0.46
951016000,951016000,0.99818945,0.043002967,-0.040536348,0.011596788,0.0,0.0,0.0,0.0,0,0.48
951036000,951036000,0.99832624,0.041538097,-0.03887303,0.010827859,0.0,0.0,0.0,0.0,0,0.5
951056000,951056000,0.99845535,0.0401016,-0.037238736,0.010057641,0.0,0.0,0.0,0.0,0,0.52
951076000,951076000,0.99857765,0.03868367,-0.035623547,0.009289158,0.0,0.0,0.0,0.0,0,0.54
951096000,951096000,0.99869233,0.037292443,-0.034048174,0.008524724,0.0,0.0,0.0,0.0,0,0.56
951116000,951116000,0.9987999,0.035925534,-0.032509916,0.007766782,0.0,0.0,0.0,0.0,0,0.58
951136000,951136000,0.9989005,0.034584843,-0.03101009,0.0070177736,0.0,0.0,0.0,0.0,0,0.6
951156000,951156000,0.9989944,0.03326891,-0.029546393,0.0062802327,0.0,0.0,0.0,0.0,0,0.62
951176000,951176000,0.99908215,0.031977452,-0.028117463,0.005556414,0.0,0.0,0.0,0.0,0,0.64
951196000,951196000,0.99916375,0.030717257,-0.026717592,0.0048487065,0.0,0.0,0.0,0.0,0,0.66
951216000,951216000,0.9992395,0.029487306,-0.02535259,0.0041592745,0.0,0.0,0.0,0.0,0,0.68
951236000,951236000,0.99930966,0.028287321,-0.024019817,0.0034897649,0.0,0.0,0.0,0.0,0,0.7
951256000,951256000,0.9993746,0.027112577,-0.022721987,0.0028419318,0.0,0.0,0.0,0.0,0,0.72
951276000,951276000,0.9994346,0.025966277,-0.021457477,0.002217527,0.0,0.0,0.0,0.0,0,0.74
951296000,951296000,0.9994899,0.024844928,-0.020227322,0.0016179509,0.0,0.0,0.0,0.0,0,0.76
951316000,951316000,0.99954075,0.02375705,-0.019023808,0.0010449173,0.0,0.0,0.0,0.0,0,0.78
951336000,951336000,0.99958736,0.02269813,-0.01785419,0.0004994571,0.0,0.0,0.0,0.0,0,0.8
951356000,951356000,0.99963003,0.021664316,-0.016719315,-1.8077857e-05,0.0,0.0,0.0,0.0,0,0.82
951376000,951376000,0.9996692,0.020643374,-0.015625948,-0.0005072916,0.0,0.0,0.0,0.0,0,0.84
951396000,951396000,0.99970496,0.019640915,-0.014572183,-0.000967605,0.0,0.0,0.0,0.0,0,0.86
951416000,951416000,0.99973756,0.018658847,-0.013557877,-0.0013985144,0.0,0.0,0.0,0.0,0,0.88
951436000,951436000,0.9997671,0.017701676,-0.0125798,-0.0017990334,0.0,0.0,0.0,0.0,0,0.9
951456000,951456000,0.9997939,0.016771965,-0.011631806,-0.002168805,0.0,0.0,0.0,0.0,0,0.92
951476000,951476000,0.9998179,0.015880456,-0.010715721,-0.0025078023,0.0,0.0,0.0,0.0,0,0.94
951496000,951496000,0.9998394,0.015015691,-0.009840424,-0.0028165537,0.0,0.0,0.0,0.0,0,0.96
951516000,951516000,0.99985874,0.014179083,-0.008998403,-0.0030954387,0.0,0.0,0.0,0.0,0,0.98
951536000,951536000,0.99987614,0.01336628,-0.008184445,-0.0033444478,0.0,0.0,0.0,0.0,0,1.0
951556000,951556000,0.99989176,0.012580376,-0.007393506,-0.003564063,0.0,0.0,0.0,0.0,0,1.02
951576000,951576000,0.99990577,0.011815237,-0.006622664,-0.0037543864,0.0,0.0,0.0,0.0,0,1.04
951596000,951596000,0.9999183,0.011072037,-0.005881727,-0.0039158585,0.0,0.0,0.0,0.0,0,1.06
951616000,951616000,0.99992937,0.010350452,-0.0051794625,-0.0040492825,0.0,0.0,0.0,0.0,0,1.08
951636000,951636000,0.9999391,0.0096595,-0.004509831,-0.004155553,0.0,0.0,0.0,0.0,0,1.1
951656000,951656000,0.99994767,0.008996306,-0.0038621873,-0.0042352946,0.0,0.0,0.0,0.0,0,1.12
951676000,951676000,0.9999552,0.008356716,-0.0032425926,-0.00428983,0.0,0.0,0.0,0.0,0,1.14
951696000,951696000,0.9999618,0.007733179,-0.0026592338,-0.004320374,0.0,0.0,0.0,0.0,0,1.16
951716000,951716000,0.99996746,0.007137905,-0.0021097383,-0.0043279883,0.0,0.0,0.0,0.0,0,1.18
951736000,951736000,0.9999724,0.006572092,-0.0015851447,-0.004313347,0.0,0.0,0.0,0.0,0,1.2
951756000,951756000,0.99997663,0.0060318443,-0.0010883835,-0.004277824,0.0,0.0,0.0,0.0,0,1.22
951776000,951776000,0.9999803,0.0055130385,-0.0006242032,-0.00422285,0.0,0.0,0.0,0.0,0,1.24
951796000,951796000,0.9999833,0.005023402,-0.00018998147,-0.004149331,0.0,0.0,0.0,0.0,0,1.26
951816000,951816000,0.9999859,0.004559822,0.00022262607,-0.0040580523,0.0,0.0,0.0,0.0,0,1.28
951836000,951836000,0.9999881,0.004115507,0.00061426277,-0.003950344,0.0,0.0,0.0,0.0,0,1.3
951856000,951856000,0.9999899,0.0036969748,0.0009872371,-0.003827631,0.0,0.0,0.0,0.0,0,1.32
951876000,951876000,0.99999136,0.0033082513,0.0013353509,-0.0036909457,0.0,0.0,0.0,0.0,0,1.34
951896000,951896000,0.99999255,0.0029484674,0.0016686004,-0.0035417269,0.0,0.0,0.0,0.0,0,1.36
951916000,951916000,0.9999935,0.0026068748,0.001982406,-0.003380985,0.0,0.0,0.0,0.0,0,1.38
951936000,951936000,0.9999942,0.0022868267,0.002274065,-0.0032098591,0.0,0.0,0.0,0.0,0,1.4
951956000,951956000,0.9999948,0.0019823813,0.0025305306,-0.003030056,0.0,0.0,0.0,0.0,0,1.42
951976000,951976000,0.99999523,0.0016951691,0.0027630695,-0.0028426454,0.0,0.0,0.0,0.0,0,1.44
951996000,951996000,0.9999956,0.0014257103,0.0029747868,-0.0026484802,0.0,0.0,0.0,0.0,0,1.46
952016000,952016000,0.9999958,0.0011735838,0.0031747415,-0.0024489753,0.0,0.0,0.0,0.0,0,1.48
952036000,952036000,0.99999595,0.0009398264,0.003365877,-0.0022452187,0.0,0.0,0.0,0.0,0,1.5
952056000,952056000,0.99999595,0.0007268332,0.0035406179,-0.0020377752,0.0,0.0,0.0,0.0,0,1.52
952076000,952076000,0.9999959,0.00052961067,0.0036960929,-0.0018277213,0.0,0.0,0.0,0.0,0,1.54
952096000,952096000,0.9999959,0.0003523768,0.0038259719,-0.0016167938,0.0,0.0,0.0,0.0,0,1.56
952116000,952116000,0.9999958,0.0001948593,0.0039357045,-0.0014056413,0.0,0.0,0.0,0.0,0,1.58
952136000,952136000,0.9999957,5.226035e-05,0.004030383,-0.0011948608,0.0,0.0,0.0,0.0,0,1.6
952156000,952156000,0.99999565,-7.701576e-05,0.004107869,-0.0009856595,0.0,0.0,0.0,0.0,0,1.62
952176000,952176000,0.9999955,-0.00018639822,0.004173209,-0.0007786919,0.0,0.0,0.0,0.0,0,1.64
952196000,952196000,0.9999954,-0.0002803462,0.0042257197,-0.0005744155,0.0,0.0,0.0,0.0,0,1.66
952216000,952216000,0.9999953,-0.0003643649,0.0042712116,-0.00037376786,0.0,0.0,0.0,0.0,0,1.68
952236000,952236000,0.9999952,-0.00043160885,0.0043052603,-0.0001778839,0.0,0.0,0.0,0.0,0,1.7
952256000,952256000,0.9999951,-0.00048400142,0.004314693,1.2420149e-05,0.0,0.0,0.0,0.0,0,1.72
952276000,952276000,0.9999951,-0.0005195136,0.0043045445,0.000196764,0.0,0.0,0.0,0.0,0,1.74
952296000,952296000,0.9999952,-0.00053796265,0.0042770253,0.00037497736,0.0,0.0,0.0,0.0,0,1.76
952316000,952316000,0.9999953,-0.00054391444,0.0042404514,0.0005462325,0.0,0.0,0.0,0.0,0,1.78
952336000,952336000,0.99999535,-0.00053457357,0.0041977735,0.0007096793,0.0,0.0,0.0,0.0,0,1.8
952356000,952356000,0.99999547,-0.0005117776,0.004144082,0.00086486427,0.0,0.0,0.0,0.0,0,1.82
952376000,952376000,0.9999956,-0.00048348086,0.0040851883,0.0010115464,0.0,0.0,0.0,0.0,0,1.84
952396000,952396000,0.9999957,-0.00045255254,0.0040202504,0.0011497561,0.0,0.0,0.0,0.0,0,1.86
952416000,952416000,0.9999959,-0.0004219744,0.00394329,0.0012794706,0.0,0.0,0.0,0.0,0,1.88
952436000,952436000,0.99999607,-0.00038648298,0.0038612594,0.001400277,0.0,0.0,0.0,0.0,0,1.9
952456000,952456000,0.99999624,-0.0003395903,0.0037770271,0.0015114304,0.0,0.0,0.0,0.0,0,1.92
952476000,952476000,0.9999964,-0.0002818197,0.003681018,0.0016131565,0.0,0.0,0.0,0.0,0,1.94
952496000,952496000,0.9999967,-0.00021099155,0.0035708584,0.0017057155,0.0,0.0,0.0,0.0,0,1.96
952516000,952516000,0.99999696,-0.00013895547,0.003458462,0.0017895609,0.0,0.0,0.0,0.0,0,1.98
952536000,952536000,0.9999972,-7.1724666e-05,0.0033497936,0.0018649047,0.0,0.0,0.0,0.0,0,2.0
952556000,952556000,0.99999744,-3.471444e-06,0.0032388642,0.0019318088,0.0,0.0,0.0,0.0,0,2.02
952576000,952576000,0.9999977,6.574459e-05,0.0031257144,0.0019906033,0.0,0.0,0.0,0.0,0,2.04
952596000,952596000,0.9999979,0.00013442026,0.0030116017,0.0020413646,0.0,0.0,0.0,0.0,0,2.06
952616000,952616000,0.99999815,0.00020203614,0.0028970777,0.002084152,0.0,0.0,0.0,0.0,0,2.08
952636000,952636000,0.9999984,0.00026873354,0.0027817125,0.0021190203,0.0,0.0,0.0,0.0,0,2.1
952656000,952656000,0.9999986,0.00033434338,0.0026657542,0.0021460238,0.0,0.0,0.0,0.0,0,2.12
952676000,952676000,0.99999887,0.00040087325,0.0025468746,0.0021655515,0.0,0.0,0.0,0.0,0,2.14
952696000,952696000,0.99999917,0.0004747485,0.0024188054,0.0021781684,0.0,0.0,0.0,0.0,0,2.16
952716000,952716000,0.9999994,0.00054322445,0.0022938424,0.002184468,0.0,0.0,0.0,0.0,0,2.18
952736000,952736000,0.99999964,0.0006029355,0.0021668486,0.002184617,0.0,0.0,0.0,0.0,0,2.2
952756000,952756000,0.99999994,0.0006471623,0.0020267677,0.0021786056,0.0,0.0,0.0,0.0,0,2.22
952776000,952776000,1.0000002,0.0006829372,0.0018821452,0.0021667744,0.0,0.0,0.0,0.0,0,2.24
952796000,952796000,1.0000005,0.0007154188,0.0017391712,0.0021492785,0.0,0.0,0.0,0.0,0,2.26
952816000,952816000,1.0000007,0.00074723957,0.0015966533,0.0021263452,0.0,0.0,0.0,0.0,0,2.28
952836000,952836000,1.000001,0.000776242,0.0014607046,0.0020985212,0.0,0.0,0.0,0.0,0,2.3
952856000,952856000,1.0000012,0.00079804705,0.0013320553,0.0020655089,0.0,0.0,0.0,0.0,0,2.32
952876000,952876000,1.0000014,0.0008125152,0.0012033168,0.0020275614,0.0,0.0,0.0,0.0,0,2.34
952896000,952896000,1.0000017,0.0008187488,0.0010847576,0.001985598,0.0,0.0,0.0,0.0,0,2.36
952916000,952916000,1.0000019,0.0008236765,0.00096841634,0.0019402476,0.0,0.0,0.0,0.0,0,2.38
952936000,952936000,1.000002,0.00081853714,0.00084496476,0.0018925448,0.0,0.0,0.0,0.0,0,2.4
952956000,952956000,1.0000023,0.0008118911,0.0007195902,0.001842614,0.0,0.0,0.0,0.0,0,2.42
952976000,952976000,1.0000025,0.0008055715,0.00059655134,0.001790756,0.0,0.0,0.0,0.0,0,2.44
952996000,952996000,1.0000026,0.00079734175,0.00047455876,0.0017371657,0.0,0.0,0.0,0.0,0,2.46
953016000,953016000,1.0000027,0.0007874967,0.00035208167,0.0016819226,0.0,0.0,0.0,0.0,0,2.48
953036000,953036000,1.0000029,0.00077528553,0.00022889717,0.0016250793,0.0,0.0,0.0,0.0,0,2.5
953056000,953056000,1.000003,0.0007615396,0.00010412659,0.0015667009,0.0,0.0,0.0,0.0,0,2.52
953076000,953076000,1.0000031,0.00074603397,-2.160832e-05,0.0015067861,0.0,0.0,0.0,0.0,0,2.54
953096000,953096000,1.0000032,0.0007272611,-0.00013719211,0.0014461261,0.0,0.0,0.0,0.0,0,2.56
953116000,953116000,1.0000033,0.0006985373,-0.0002460669,0.0013853344,0.0,0.0,0.0,0.0,0,2.58
953136000,953136000,1.0000033,0.0006644343,-0.00035445875,0.0013247477,0.0,0.0,0.0,0.0,0,2.6
953156000,953156000,1.0000035,0.0006245749,-0.00046152255,0.0012648245,0.0,0.0,0.0,0.0,0,2.62
953176000,953176000,1.0000035,0.00057707424,-0.00056476064,0.0012054415,0.0,0.0,0.0,0.0,0,2.64
953196000,953196000,1.0000036,0.00052355055,-0.0006659205,0.0011467088,0.0,0.0,0.0,0.0,0,2.66
953216000,953216000,1.0000036,0.00046468,-0.0007650874,0.0010885241,0.0,0.0,0.0,0.0,0,2.68
953236000,953236000,1.0000036,0.00040560504,-0.0008601664,0.0010313106,0.0,0.0,0.0,0.0,0,2.7
953256000,953256000,1.0000036,0.00034082265,-0.00093938934,0.00097576994,0.0,0.0,0.0,0.0,0,2.72
953276000,953276000,1.0000036,0.00027085398,-0.0009968425,0.0009215548,0.0,0.0,0.0,0.0,0,2.74
953296000,953296000,1.0000036,0.00019804336,-0.0010436951,0.00086814765,0.0,0.0,0.0,0.0,0,2.76
953316000,953316000,1.0000036,0.00013055431,-0.0010795594,0.0008159039,0.0,0.0,0.0,0.0,0,2.78
953336000,953336000,1.0000037,7.5131575e-05,-0.001100894,0.0007648974,0.0,0.0,0.0,0.0,0,2.8
953356000,953356000,1.0000037,2.652106e-05,-0.0011145863,0.0007151042,0.0,0.0,0.0,0.0,0,2.82
953376000,953376000,1.0000037,-2.449929e-05,-0.0011270634,0.00066715304,0.0,0.0,0.0,0.0,0,2.84
953396000,953396000,1.0000037,-7.4996926e-05,-0.0011337056,0.0006217248,0.0,0.0,0.0,0.0,0,2.86
953416000,953416000,1.0000037,-0.00011925756,-0.00114435,0.0005786503,0.0,0.0,0.0,0.0,0,2.88
953436000,953436000,1.0000037,-0.00015632894,-0.0011532522,0.0005375227,0.0,0.0,0.0,0.0,0,2.9
953456000,953456000,1.0000037,-0.00018925333,-0.001160407,0.0004985117,0.0,0.0,0.0,0.0,0,2.92
953476000,953476000,1.0000037,-0.00022122722,-0.0011677063,0.00046163998,0.0,0.0,0.0,0.0,0,2.94
953496000,953496000,1.0000037,-0.0002538486,-0.0011756291,0.00042702735,0.0,0.0,0.0,0.0,0,2.96
953516000,953516000,1.0000037,-0.00029072425,-0.0011773222,0.0003950824,0.0,0.0,0.0,0.0,0,2.98
953536000,953536000,1.0000037,-0.00033144542,-0.0011742084,0.00036539545,0.0,0.0,0.0,0.0,0,3.0
953556000,953556000,1.0000037,-0.00037175848,-0.0011667154,0.0003383008,0.0,0.0,0.0,0.0,0,3.02
953576000,953576000,1.0000038,-0.0004030765,-0.001148203,0.00031398612,0.0,0.0,0.0,0.0,0,3.04
953596000,953596000,1.0000038,-0.00042746373,-0.0011217329,0.0002920114,0.0,0.0,0.0,0.0,0,3.06
953616000,953616000,1.0000038,-0.00044798563,-0.0010906231,0.00027237574,0.0,0.0,0.0,0.0,0,3.08
953636000,953636000,1.0000038,-0.00046394242,-0.0010544644,0.00025502732,0.0,0.0,0.0,0.0,0,3.1
953656000,953656000,1.0000039,-0.00047863805,-0.0010164444,0.00023979889,0.0,0.0,0.0,0.0,0,3.12
953676000,953676000,1.0000039,-0.0004920589,-0.0009767185,0.00022682457,0.0,0.0,0.0,0.0,0,3.14
953696000,953696000,1.0000039,-0.0004994137,-0.0009302929,0.00021624923,0.0,0.0,0.0,0.0,0,3.16
953716000,953716000,1.000004,-0.0005033449,-0.0008799835,0.00020787516,0.0,0.0,0.0,0.0,0,3.18
953736000,953736000,1.000004,-0.0005050765,-0.00082764385,0.0002018511,0.0,0.0,0.0,0.0,0,3.2
953756000,953756000,1.000004,-0.00050739286,-0.00077819504,0.0001981167,0.0,0.0,0.0,0.0,0,3.22
953776000,953776000,1.0000042,-0.0005015815,-0.0007277857,0.00019692596,0.0,0.0,0.0,0.0,0,3.24
953796000,953796000,1.0000042,-0.00048050183,-0.00067931734,0.0001981552,0.0,0.0,0.0,0.0,0,3.26
953816000,953816000,1.0000043,-0.00045515786,-0.0006229653,0.0002015359,0.0,0.0,0.0,0.0,0,3.28
953836000,953836000,1.0000043,-0.00043004032,-0.00056318514,0.00020631836,0.0,0.0,0.0,0.0,0,3.3
953856000,953856000,1.0000043,-0.00041297323,-0.00051718263,0.00021257714,0.0,0.0,0.0,0.0,0,3.32
953876000,953876000,1.0000043,-0.00039313087,-0.00047672007,0.00021998509,0.0,0.0,0.0,0.0,0,3.34
953896000,953896000,1.0000044,-0.00036760277,-0.0004337337,0.00022895339,0.0,0.0,0.0,0.0,0,3.36
953916000,953916000,1.0000044,-0.0003401054,-0.00038990844,0.00023960847,0.0,0.0,0.0,0.0,0,3.38
953936000,953936000,1.0000044,-0.00031746287,-0.00035086434,0.0002515359,0.0,0.0,0.0,0.0,0,3.4
953956000,953956000,1.0000044,-0.00029942783,-0.0003160754,0.0002645315,0.0,0.0,0.0,0.0,0,3.42
953976000,953976000,1.0000044,-0.000274086,-0.00027325237,0.00027859278,0.0,0.0,0.0,0.0,0,3.44
953996000,953996000,1.0000044,-0.00024999736,-0.00023103613,0.00029357182,0.0,0.0,0.0,0.0,0,3.46
954016000,954016000,1.0000044,-0.00022576978,-0.00019081445,0.0003093271,0.0,0.0,0.0,0.0,0,3.48
954036000,954036000,1.0000044,-0.00020845211,-0.00016131873,0.00032581764,0.0,0.0,0.0,0.0,0,3.5
954056000,954056000,1.0000044,-0.0001861168,-0.00013275389,0.0003426991,0.0,0.0,0.0,0.0,0,3.52
954076000,954076000,1.0000045,-0.0001507618,-9.942871e-05,0.000360069,0.0,0.0,0.0,0.0,0,3.54
954096000,954096000,1.0000045,-0.00011007599,-7.9251535e-05,0.0003776723,0.0,0.0,0.0,0.0,0,3.56
954116000,954116000,1.0000044,-6.652835e-05,-7.684983e-05,0.0003957328,0.0,0.0,0.0,0.0,0,3.58
954136000,954136000,1.0000044,-2.0215657e-05,-7.104009e-05,0.00041413392,0.0,0.0,0.0,0.0,0,3.6
954156000,954156000,1.0000044,3.2160373e-05,-6.907541e-05,0.00043287335,0.0,0.0,0.0,0.0,0,3.62
954176000,954176000,1.0000044,7.852536e-05,-8.1073755e-05,0.00045184736,0.0,0.0,0.0,0.0,0,3.64
954196000,954196000,1.0000044,0.00012017608,-9.501556e-05,0.00047049098,0.0,0.0,0.0,0.0,0,3.66
954216000,954216000,1.0000044,0.00016719563,-0.00010102364,0.0004887263,0.0,0.0,0.0,0.0,0,3.68
954236000,954236000,1.0000044,0.00021954173,-0.00010551093,0.0005069903,0.0,0.0,0.0,0.0,0,3.7
954256000,954256000,1.0000044,0.00027324734,-0.000120179706,0.00052501593,0.0,0.0,0.0,0.0,0,3.72
954276000,954276000,1.0000043,0.0003103072,-0.00014556522,0.0005426949,0.0,0.0,0.0,0.0,0,3.74
954296000,954296000,1.0000043,0.0003404302,-0.00017247476,0.0005599427,0.0,0.0,0.0,0.0,0,3.76
954316000,954316000,1.0000043,0.000372706,-0.00019393169,0.00057669537,0.0,0.0,0.0,0.0,0,3.78
954336000,954336000,1.0000043,0.00041105098,-0.00022019014,0.0005931357,0.0,0.0,0.0,0.0,0,3.8
954356000,954356000,1.0000043,0.00045015482,-0.00024825757,0.0006094503,0.0,0.0,0.0,0.0,0,3.82
954376000,954376000,1.0000042,0.00048718206,-0.0002779918,0.000625488,0.0,0.0,0.0,0.0,0,3.84
954396000,954396000,1.0000042,0.00051722897,-0.00031388426,0.00064096623,0.0,0.0,0.0,0.0,0,3.86
954416000,954416000,1.0000042,0.00053970225,-0.00035620763,0.0006559813,0.0,0.0,0.0,0.0,0,3.88
954436000,954436000,1.000004,0.00055778906,-0.00040189805,0.0006697867,0.0,0.0,0.0,0.0,0,3.9
954456000,954456000,1.000004,0.0005726851,-0.00044795373,0.00068188016,0.0,0.0,0.0,0.0,0,3.92
954476000,954476000,1.000004,0.00058191974,-0.0004901201,0.0006925995,0.0,0.0,0.0,0.0,0,3.94
954496000,954496000,1.0000039,0.00058681896,-0.0005296451,0.0007023321,0.0,0.0,0.0,0.0,0,3.96
954516000,954516000,1.0000039,0.0005843645,-0.0005634909,0.00071138714,0.0,0.0,0.0,0.0,0,3.98
954536000,954536000,1.0000039,0.0005864788,-0.0006035906,0.00071989786,0.0,0.0,0.0,0.0,0,4.0
954556000,954556000,1.0000039,0.0005882348,-0.0006450092,0.0007281344,0.0,0.0,0.0,0.0,0,4.02
954576000,954576000,1.0000038,0.0005874191,-0.0006855511,0.0007361653,0.0,0.0,0.0,0.0,0,4.04
954596000,954596000,1.0000038,0.0005795114,-0.0007258743,0.000743785,0.0,0.0,0.0,0.0,0,4.06
954616000,954616000,1.0000038,0.0005625513,-0.0007716486,0.000750907,0.0,0.0,0.0,0.0,0,4.08
954636000,954636000,1.0000038,0.00053799065,-0.0008231299,0.00075781485,0.0,0.0,0.0,0.0,0,4.1
954656000,954656000,1.0000037,0.00050857867,-0.000876716,0.00076448184,0.0,0.0,0.0,0.0,0,4.12
954676000,954676000,1.0000037,0.00046972325,-0.00092483254,0.00077054155,0.0,0.0,0.0,0.0,0,4.14
954696000,954696000,1.0000037,0.00042190216,-0.00096676336,0.00077641784,0.0,0.0,0.0,0.0,0,4.16
954716000,954716000,1.0000037,0.0003710758,-0.0010077191,0.00078201835,0.0,0.0,0.0,0.0,0,4.18
954736000,954736000,1.0000037,0.00031458048,-0.0010449153,0.0007873281,0.0,0.0,0.0,0.0,0,4.2
954756000,954756000,1.0000036,0.00025230108,-0.0010779285,0.0007923598,0.0,0.0,0.0,0.0,0,4.22
954776000,954776000,1.0000036,0.00018269454,-0.0011053203,0.00079700886,0.0,0.0,0.0,0.0,0,4.24
954796000,954796000,1.0000036,0.00010666418,-0.001124113,0.0008011372,0.0,0.0,0.0,0.0,0,4.26
954816000,954816000,1.0000036,2.8668284e-05,-0.0011367364,0.0008051374,0.0,0.0,0.0,0.0,0,4.28
954836000,954836000,1.0000036,-5.0329483e-05,-0.0011470813,0.0008090697,0.0,0.0,0.0,0.0,0,4.3
954856000,954856000,1.0000036,-0.00013080495,-0.0011562892,0.00081295636,0.0,0.0,0.0,0.0,0,4.32
954876000,954876000,1.0000036,-0.0002127623,-0.0011647342,0.0008168069,0.0,0.0,0.0,0.0,0,4.34
954896000,954896000,1.0000035,-0.00029655022,-0.0011725056,0.0008206251,0.0,0.0,0.0,0.0,0,4.36
954916000,954916000,1.0000035,-0.0003820013,-0.0011796491,0.0008244131,0.0,0.0,0.0,0.0,0,4.38
954936000,954936000,1.0000033,-0.00047040806,-0.0011850427,0.0008279875,0.0,0.0,0.0,0.0,0,4.4
954956000,954956000,1.0000033,-0.0005631108,-0.0011855745,0.0008311047,0.0,0.0,0.0,0.0,0,4.42
954976000,954976000,1.0000033,-0.0006521625,-0.0011790659,0.0008338756,0.0,0.0,0.0,0.0,0,4.44
954996000,954996000,1.0000032,-0.0007372593,-0.0011700887,0.0008362073,0.0,0.0,0.0,0.0,0,4.46
955016000,955016000,1.0000032,-0.0008124305,-0.0011686556,0.0008377811,0.0,0.0,0.0,0.0,0,4.48
955036000,955036000,1.0000031,-0.00087828847,-0.0011758048,0.0008386561,0.0,0.0,0.0,0.0,0,4.5
955056000,955056000,1.0000031,-0.00094102224,-0.0011860981,0.0008386816,0.0,0.0,0.0,0.0,0,4.52
955076000,955076000,1.000003,-0.0010047351,-0.0011933342,0.0008378856,0.0,0.0,0.0,0.0,0,4.54
955096000,955096000,1.0000029,-0.0010620767,-0.0012000013,0.000836347,0.0,0.0,0.0,0.0,0,4.56
955116000,955116000,1.0000029,-0.0011131206,-0.0012064271,0.0008334547,0.0,0.0,0.0,0.0,0,4.58
955136000,955136000,1.0000027,-0.0011680059,-0.0012069021,0.00082928775,0.0,0.0,0.0,0.0,0,4.6
955156000,955156000,1.0000027,-0.0012197309,-0.0011979456,0.00082449516,0.0,0.0,0.0,0.0,0,4.62
955176000,955176000,1.0000027,-0.001257502,-0.001193415,0.0008188033,0.0,0.0,0.0,0.0,0,4.64
955196000,955196000,1.0000026,-0.0012875526,-0.0011936823,0.0008120772,0.0,0.0,0.0,0.0,0,4.66
955216000,955216000,1.0000026,-0.0013201667,-0.001179888,0.0008046473,0.0,0.0,0.0,0.0,0,4.68
955236000,955236000,1.0000026,-0.001352003,-0.0011551108,0.0007963236,0.0,0.0,0.0,0.0,0,4.7
955256000,955256000,1.0000026,-0.0013726335,-0.0011216387,0.000787217,0.0,0.0,0.0,0.0,0,4.72
955276000,955276000,1.0000027,-0.0013860859,-0.0010903171,0.0007776113,0.0,0.0,0.0,0.0,0,4.74
955296000,955296000,1.0000027,-0.0013891287,-0.0010545444,0.00076719996,0.0,0.0,0.0,0.0,0,4.76
955316000,955316000,1.0000027,-0.0013892715,-0.0010170253,0.0007559768,0.0,0.0,0.0,0.0,0,4.78
955336000,955336000,1.0000029,-0.001388023,-0.00097333564,0.0007442856,0.0,0.0,0.0,0.0,0,4.8
955356000,955356000,1.0000029,-0.0013855784,-0.0009206358,0.00073248625,0.0,0.0,0.0,0.0,0,4.82
955376000,955376000,1.000003,-0.0013852796,-0.00085462397,0.0007208864,0.0,0.0,0.0,0.0,0,4.84
955396000,955396000,1.000003,-0.0013847259,-0.00078163116,0.0007094825,0.0,0.0,0.0,0.0,0,4.86
955416000,955416000,1.0000031,-0.0013820727,-0.0007215567,0.0006981634,0.0,0.0,0.0,0.0,0,4.88
955436000,955436000,1.0000031,-0.0013772625,-0.0006505042,0.0006870376,0.0,0.0,0.0,0.0,0,4.9
955456000,955456000,1.0000032,-0.0013743462,-0.0005832235,0.00067607,0.0,0.0,0.0,0.0,0,4.92
955476000,955476000,1.0000032,-0.0013759949,-0.0005196653,0.0006652239,0.0,0.0,0.0,0.0,0,4.94
955496000,955496000,1.0000033,-0.0013713959,-0.0004481362,0.0006548754,0.0,0.0,0.0,0.0,0,4.96
955516000,955516000,1.0000033,-0.0013643923,-0.00037984905,0.00064530526,0.0,0.0,0.0,0.0,0,4.98
955536000,955536000,1.0000033,-0.0013647046,-0.00031208302,0.0006369129,0.0,0.0,0.0,0.0,0,5.0
955556000,955556000,1.0000035,-0.0013620835,-0.00023305001,0.0006288688,0.0,0.0,0.0,0.0,0,5.02
955576000,955576000,1.0000035,-0.001353923,-0.00015869619,0.0006210918,0.0,0.0,0.0,0.0,0,5.04
955596000,955596000,1.0000035,-0.0013428251,-8.078401e-05,0.0006136883,0.0,0.0,0.0,0.0,0,5.06
955616000,955616000,1.0000035,-0.0013279238,4.845377e-06,0.0006066059,0.0,0.0,0.0,0.0,0,5.08
955636000,955636000,1.0000006,-0.0009759379,0.0025766066,0.0005922835,0.0,0.0,0.0,0.0,0,5.1
955656000,955656000,0.9999466,0.0002646838,0.010747203,0.0005592614,0.0,0.0,0.0,0.0,0,5.12
955676000,955676000,0.99978465,0.0021650675,0.020852193,0.0005033261,0.0,0.0,0.0,0.0,0,5.14
955696000,955696000,0.99952817,0.004312126,0.03055816,0.00042486915,0.0,0.0,0.0,0.0,0,5.16
955716000,955716000,0.9991679,0.0065275547,0.040370863,0.00032700514,0.0,0.0,0.0,0.0,0,5.18
955736000,955736000,0.9987019,0.008746618,0.050270375,0.00020905874,0.0,0.0,0.0,0.0,0,5.2
955756000,955756000,0.9981621,0.010907842,0.059687648,6.8369285e-05,0.0,0.0,0.0,0.0,0,5.22
955776000,955776000,0.99758285,0.012977444,0.06833136,-9.664572e-05,0.0,0.0,0.0,0.0,0,5.24
955796000,955796000,0.996986,0.014918892,0.07619365,-0.00028387475,0.0,0.0,0.0,0.0,0,5.26
955816000,955816000,0.99638385,0.016711378,0.08335969,-0.0004905796,0.0,0.0,0.0,0.0,0,5.28
955836000,955836000,0.9957912,0.01835195,0.08984263,-0.00071579765,0.0,0.0,0.0,0.0,0,5.3
955856000,955856000,0.99522066,0.019828608,0.095660195,-0.00095692027,0.0,0.0,0.0,0.0,0,5.32
955876000,955876000,0.9946794,0.021158151,0.10086046,-0.0012128452,0.0,0.0,0.0,0.0,0,5.34
955896000,955896000,0.9941709,0.022348097,0.105506554,-0.0014813273,0.0,0.0,0.0,0.0,0,5.36
955916000,955916000,0.99369717,0.023392277,0.10965765,-0.0017585254,0.0,0.0,0.0,0.0,0,5.38
955936000,955936000,0.9932598,0.02431018,0.113353126,-0.002043999,0.0,0.0,0.0,0.0,0,5.4
955956000,955956000,0.99286,0.025128618,0.11662431,-0.0023379487,0.0,0.0,0.0,0.0,0,5.42
955976000,955976000,0.99249446,0.025850467,0.11953512,-0.0026370327,0.0,0.0,0.0,0.0,0,5.44
955996000,955996000,0.99216235,0.026478047,0.12211989,-0.002938829,0.0,0.0,0.0,0.0,0,5.46
956016000,956016000,0.99186355,0.0270296,0.12439711,-0.0032431309,0.0,0.0,0.0,0.0,0,5.48
956036000,956036000,0.99159,0.027521279,0.12644498,-0.0035483525,0.0,0.0,0.0,0.0,0,5.5
956056000,956056000,0.99125415,0.028076088,0.12892343,-0.0038520014,0.0,0.0,0.0,0.0,0,5.52
956076000,956076000,0.9906531,0.02897224,0.13326243,-0.0041507017,0.0,0.0,0.0,0.0,0,5.54
956096000,956096000,0.98964137,0.030423578,0.14026257,-0.004454222,0.0,0.0,0.0,0.0,0,5.56
956116000,956116000,0.9882115,0.032480907,0.14956324,-0.004789138,0.0,0.0,0.0,0.0,0,5.58
956136000,956136000,0.9864008,0.035071444,0.1605174,-0.005176363,0.0,0.0,0.0,0.0,0,5.6
956156000,956156000,0.98419285,0.03812167,0.17288323,-0.005623636,0.0,0.0,0.0,0.0,0,5.62
956176000,956176000,0.98156285,0.04154665,0.18649317,-0.006134856,0.0,0.0,0.0,0.0,0,5.64
956196000,956196000,0.97851187,0.04527365,0.20106892,-0.0067206873,0.0,0.0,0.0,0.0,0,5.66
956216000,956216000,0.9751404,0.049166508,0.21595892,-0.007395388,0.0,0.0,0.0,0.0,0,5.68
956236000,956236000,0.97160786,0.053079598,0.23044093,-0.00817115,0.0,0.0,0.0,0.0,0,5.7
956256000,956256000,0.9680509,0.05689181,0.24406554,-0.00904951,0.0,0.0,0.0,0.0,0,5.72
956276000,956276000,0.96457154,0.060507126,0.2566113,-0.010022481,0.0,0.0,0.0,0.0,0,5.74
956296000,956296000,0.96121925,0.06386763,0.26807624,-0.011075444,0.0,0.0,0.0,0.0,0,5.76
956316000,956316000,0.95803136,0.06696331,0.27848175,-0.012202142,0.0,0.0,0.0,0.0,0,5.78
956336000,956336000,0.9550362,0.06977549,0.28786626,-0.013391082,0.0,0.0,0.0,0.0,0,5.8
956356000,956356000,0.95225406,0.072312534,0.2962735,-0.014637281,0.0,0.0,0.0,0.0,0,5.82
956376000,956376000,0.94969636,0.074579835,0.30375972,-0.015933134,0.0,0.0,0.0,0.0,0,5.84
956396000,956396000,0.94735867,0.07659963,0.31041065,-0.017272959,0.0,0.0,0.0,0.0,0,5.86
956416000,956416000,0.94523585,0.07838096,0.31630203,-0.01864673,0.0,0.0,0.0,0.0,0,5.88
956436000,956436000,0.9433088,0.07995411,0.32153246,-0.020047959,0.0,0.0,0.0,0.0,0,5.9
956456000,956456000,0.9415799,0.08134257,0.32612658,-0.02147642,0.0,0.0,0.0,0.0,0,5.92
956476000,956476000,0.94010997,0.08252917,0.32994747,-0.022934,0.0,0.0,0.0,0.0,0,5.94
956496000,956496000,0.9389959,0.083474964,0.33276325,-0.024421558,0.0,0.0,0.0,0.0,0,5.96
956516000,956516000,0.9382975,0.08414356,0.3344464,-0.025930079,0.0,0.0,0.0,0.0,0,5.98
956536000,956536000,0.93803185,0.084526524,0.33497342,-0.027449014,0.0,0.0,0.0,0.0,0,6.0
956556000,956556000,0.9381849,0.084622964,0.33439246,-0.028962184,0.0,0.0,0.0,0.0,0,6.02
956576000,956576000,0.93873525,0.084439926,0.33275762,-0.03045532,0.0,0.0,0.0,0.0,0,6.04
956596000,956596000,0.9396588,0.08399491,0.3301159,-0.0319178,0.0,0.0,0.0,0.0,0,6.06
956616000,956616000,0.9409259,0.08329745,0.326524,-0.03333492,0.0,0.0,0.0,0.0,0,6.08
956636000,956636000,0.9425112,0.0823736,0.32201272,-0.03470027,0.0,0.0,0.0,0.0,0,6.1
956656000,956656000,0.94438064,0.081234366,0.3166375,-0.0360001,0.0,0.0,0.0,0.0,0,6.12
956676000,956676000,0.94651145,0.07990171,0.31041092,-0.037229322,0.0,0.0,0.0,0.0,0,6.14
956696000,956696000,0.9488679,0.07837832,0.3033861,-0.03837316,0.0,0.0,0.0,0.0,0,6.16
956716000,956716000,0.9514259,0.07667666,0.29557455,-0.039423913,0.0,0.0,0.0,0.0,0,6.18
956736000,956736000,0.95415014,0.074813746,0.2870182,-0.04037353,0.0,0.0,0.0,0.0,0,6.2
956756000,956756000,0.9570126,0.07279292,0.27773854,-0.0412127,0.0,0.0,0.0,0.0,0,6.22
956776000,956776000,0.9599739,0.07063136,0.267791,-0.0419338,0.0,0.0,0.0,0.0,0,6.24
956796000,956796000,0.9630088,0.06832802,0.25718805,-0.04252851,0.0,0.0,0.0,0.0,0,6.26
956816000,956816000,0.96607715,0.06591091,0.24599046,-0.042993974,0.0,0.0,0.0,0.0,0,6.28
956836000,956836000,0.9691511,0.06336205,0.23423082,-0.0433188,0.0,0.0,0.0,0.0,0,6.3
956856000,956856000,0.97219455,0.06072019,0.22196217,-0.04350475,0.0,0.0,0.0,0.0,0,6.32
956876000,956876000,0.975182,0.057959996,0.20922242,-0.04354117,0.0,0.0,0.0,0.0,0,6.34
956896000,956896000,0.9780867,0.055120613,0.1960374,-0.043433987,0.0,0.0,0.0,0.0,0,6.36
956916000,956916000,0.9808806,0.052167647,0.18247458,-0.043172315,0.0,0.0,0.0,0.0,0,6.38
956936000,956936000,0.9835365,0.049144328,0.16858597,-0.042763755,0.0,0.0,0.0,0.0,0,6.4
956956000,956956000,0.9860307,0.04602956,0.15444317,-0.042203676,0.0,0.0,0.0,0.0,0,6.42
956976000,956976000,0.9883464,0.042859036,0.1400758,-0.04150116,0.0,0.0,0.0,0.0,0,6.44
956996000,956996000,0.9904636,0.03960064,0.1255791,-0.040652685,0.0,0.0,0.0,0.0,0,6.46
957016000,957016000,0.9923727,0.036288306,0.110973224,-0.039668825,0.0,0.0,0.0,0.0,0,6.48
957036000,957036000,0.99405843,0.032918163,0.09636929,-0.038552303,0.0,0.0,0.0,0.0,0,6.5
957056000,957056000,0.9955173,0.029526522,0.08179347,-0.037314508,0.0,0.0,0.0,0.0,0,6.52
957076000,957076000,0.9967443,0.0261048,0.067344815,-0.035961293,0.0,0.0,0.0,0.0,0,6.54
957096000,957096000,0.99774307,0.022676682,0.053038385,-0.03450446,0.0,0.0,0.0,0.0,0,6.56
957116000,957116000,0.9985159,0.019233238,0.03897944,-0.032951783,0.0,0.0,0.0,0.0,0,6.58
957136000,957136000,0.99907255,0.015787216,0.02516523,-0.031315695,0.0,0.0,0.0,0.0,0,6.6
957156000,957156000,0.9994215,0.012350424,0.011693234,-0.029606434,0.0,0.0,0.0,0.0,0,6.62
957176000,957176000,0.99957603,0.008941111,-0.0014434456,-0.027836552,0.0,0.0,0.0,0.0,0,6.64
957196000,957196000,0.9995502,0.0055591385,-0.014164069,-0.026017275,0.0,0.0,0.0,0.0,0,6.66
957216000,957216000,0.99935925,0.0022145913,-0.02648647,-0.024160892,0.0,0.0,0.0,0.0,0,6.68
957236000,957236000,0.99902076,-0.0010810328,-0.03832836,-0.022278922,0.0,0.0,0.0,0.0,0,6.7
957256000,957256000,0.9985497,-0.0043234807,-0.049733855,-0.02038319,0.0,0.0,0.0,0.0,0,6.72
957276000,957276000,0.9979648,-0.007511334,-0.060640667,-0.01848517,0.0,0.0,0.0,0.0,0,6.74
957296000,957296000,0.9972807,-0.010631512,-0.07107633,-0.016595423,0.0,0.0,0.0,0.0,0,6.76
957316000,957316000,0.9965163,-0.013684597,-0.08099588,-0.014725331,0.0,0.0,0.0,0.0,0,6.78
957336000,957336000,0.99568343,-0.01665835,-0.0904438,-0.012883582,0.0,0.0,0.0,0.0,0,6.8
957356000,957356000,0.9948015,-0.01954399,-0.09936971,-0.011079872,0.0,0.0,0.0,0.0,0,6.82
957376000,957376000,0.99388075,-0.022331394,-0.1078173,-0.009321765,0.0,0.0,0.0,0.0,0,6.84
957396000,957396000,0.99293655,-0.02503357,-0.11576429,-0.007619146,0.0,0.0,0.0,0.0,0,6.86
957416000,957416000,0.9919784,-0.027622832,-0.12324451,-0.005975858,0.0,0.0,0.0,0.0,0,6.88
957436000,957436000,0.99101996,-0.030101178,-0.13024224,-0.0043996293,0.0,0.0,0.0,0.0,0,6.9
957456000,957456000,0.99006736,-0.032459475,-0.13679832,-0.002894434,0.0,0.0,0.0,0.0,0,6.92
957476000,957476000,0.9891324,-0.03470921,-0.14289631,-0.0014675846,0.0,0.0,0.0,0.0,0,6.94
957496000,957496000,0.9882195,-0.03683885,-0.14857376,-0.00012122542,0.0,0.0,0.0,0.0,0,6.96
957516000,957516000,0.9873371,-0.038860094,-0.15382811,0.0011387753,0.0,0.0,0.0,0.0,0,6.98
957536000,957536000,0.98649114,-0.040746734,-0.15867792,0.0023138537,0.0,0.0,0.0,0.0,0,7.0
957556000,957556000,0.98569286,-0.042569827,-0.16307935,0.003417824,0.0,0.0,0.0,0.0,0,7.02
957576000,957576000,0.9851452,-0.045915402,-0.16544606,0.004164622,0.0,0.0,0.0,0.0,0,7.04
957596000,957596000,0.9849899,-0.052362885,-0.16445255,0.004181304,0.0,0.0,0.0,0.0,0,7.06
957616000,957616000,0.98494685,-0.061514556,-0.16153094,0.003537841,0.0,0.0,0.0,0.0,0,7.08
957636000,957636000,0.9846777,-0.072765194,-0.15849058,0.0022367758,0.0,0.0,0.0,0.0,0,7.1
957656000,957656000,0.9841697,-0.08512404,-0.15547642,0.00025739608,0.0,0.0,0.0,0.0,0,7.12
957676000,957676000,0.9834868,-0.09783926,-0.15226422,-0.0024509595,0.0,0.0,0.0,0.0,0,7.14
957696000,957696000,0.98264015,-0.11051397,-0.14892639,-0.0059210313,0.0,0.0,0.0,0.0,0,7.16
957716000,957716000,0.9816402,-0.12281124,-0.14562379,-0.010133342,0.0,0.0,0.0,0.0,0,7.18
957736000,957736000,0.9805299,-0.1343945,-0.14241445,-0.01504663,0.0,0.0,0.0,0.0,0,7.2
957756000,957756000,0.9793681,-0.14491762,-0.13936377,-0.020589152,0.0,0.0,0.0,0.0,0,7.22
957776000,957776000,0.9782102,-0.15411371,-0.13657115,-0.026668025,0.0,0.0,0.0,0.0,0,7.24
957796000,957796000,0.97711635,-0.16175677,-0.13411462,-0.033178035,0.0,0.0,0.0,0.0,0,7.26
957816000,957816000,0.97614306,-0.16763848,-0.13210452,-0.039995,0.0,0.0,0.0,0.0,0,7.28
957836000,957836000,0.97533274,-0.171605,-0.13068783,-0.04698472,0.0,0.0,0.0,0.0,0,7.3
957856000,957856000,0.97471476,-0.1735785,-0.12996948,-0.05402469,0.0,0.0,0.0,0.0,0,7.32
957876000,957876000,0.9743099,-0.17353,-0.12997767,-0.061011914,0.0,0.0,0.0,0.0,0,7.34
957896000,957896000,0.97411823,-0.17148061,-0.13074242,-0.06784956,0.0,0.0,0.0,0.0,0,7.36
957916000,957916000,0.9741227,-0.16748837,-0.13228476,-0.07444748,0.0,0.0,0.0,0.0,0,7.38
957936000,957936000,0.97429264,-0.16167066,-0.13456343,-0.08073596,0.0,0.0,0.0,0.0,0,7.4
957956000,957956000,0.97458905,-0.15415433,-0.13752568,-0.08665085,0.0,0.0,0.0,0.0,0,7.42
957976000,957976000,0.97496337,-0.14512467,-0.14108078,-0.09214411,0.0,0.0,0.0,0.0,0,7.44
957996000,957996000,0.97536564,-0.13479386,-0.14511319,-0.09717873,0.0,0.0,0.0,0.0,0,7.46
958016000,958016000,0.9757502,-0.12334292,-0.14953825,-0.101712726,0.0,0.0,0.0,0.0,0,7.48
958036000,958036000,0.9760794,-0.11102439,-0.15418324,-0.10573207,0.0,0.0,0.0,0.0,0,7.5
958056000,958056000,0.9763143,-0.09803282,-0.15900958,-0.10920174,0.0,0.0,0.0,0.0,0,7.52
958076000,958076000,0.9764455,-0.084589824,-0.16382125,-0.11211792,0.0,0.0,0.0,0.0,0,7.54
958096000,958096000,0.9764535,-0.0709241,-0.16856588,-0.11446851,0.0,0.0,0.0,0.0,0,7.56
958116000,958116000,0.97634405,-0.057193503,-0.17314027,-0.11624436,0.0,0.0,0.0,0.0,0,7.58
958136000,958136000,0.97612804,-0.043580037,-0.17745446,-0.11744718,0.0,0.0,0.0,0.0,0,7.6
958156000,958156000,0.9758208,-0.03026023,-0.1814479,-0.11808442,0.0,0.0,0.0,0.0,0,7.62
958176000,958176000,0.97543496,-0.01735362,-0.18513048,-0.11815773,0.0,0.0,0.0,0.0,0,7.64
958196000,958196000,0.9750102,-0.004976232,-0.18838832,-0.11768285,0.0,0.0,0.0,0.0,0,7.66
958216000,958216000,0.97456497,0.0067047207,-0.19123672,-0.11668683,0.0,0.0,0.0,0.0,0,7.68
958236000,958236000,0.97412086,0.017660817,-0.19370043,-0.11517787,0.0,0.0,0.0,0.0,0,7.7
958256000,958256000,0.9737102,0.02779285,-0.1957404,-0.11318477,0.0,0.0,0.0,0.0,0,7.72
958276000,958276000,0.9733534,0.037002638,-0.19738117,-0.110741705,0.0,0.0,0.0,0.0,0,7.74
958296000,958296000,0.97306794,0.045241997,-0.19865343,-0.107878685,0.0,0.0,0.0,0.0,0,7.76
958316000,958316000,0.9728715,0.05250133,-0.19956988,-0.10462175,0.0,0.0,0.0,0.0,0,7.78
958336000,958336000,0.9727833,0.05872971,-0.20012437,-0.10100871,0.0,0.0,0.0,0.0,0,7.8
958356000,958356000,0.97280186,0.06391919,-0.2003909,-0.097074375,0.0,0.0,0.0,0.0,0,7.82
958376000,958376000,0.9729368,0.06810185,-0.20036206,-0.09284533,0.0,0.0,0.0,0.0,0,7.84
958396000,958396000,0.9731904,0.071259744,-0.20005897,-0.08836257,0.0,0.0,0.0,0.0,0,7.86
958416000,958416000,0.97355485,0.073423244,-0.19952454,-0.08366031,0.0,0.0,0.0,0.0,0,7.88
958436000,958436000,0.9740243,0.074628115,-0.19877471,-0.07877193,0.0,0.0,0.0,0.0,0,7.9
958456000,958456000,0.9745892,0.074914195,-0.19782934,-0.07373176,0.0,0.0,0.0,0.0,0,7.92
958476000,958476000,0.97523516,0.074324206,-0.19672014,-0.0685754,0.0,0.0,0.0,0.0,0,7.94
958496000,958496000,0.9759474,0.07292074,-0.19546655,-0.06333456,0.0,0.0,0.0,0.0,0,7.96
958516000,958516000,0.9767121,0.07076276,-0.19407813,-0.05804164,0.0,0.0,0.0,0.0,0,7.98
958536000,958536000,0.9775148,0.067922294,-0.19256268,-0.052726302,0.0,0.0,0.0,0.0,0,8.0
958556000,958556000,0.9783419,0.064480916,-0.19091949,-0.047416095,0.0,0.0,0.0,0.0,0,8.02
958576000,958576000,0.9791776,0.060499925,-0.18916662,-0.042143583,0.0,0.0,0.0,0.0,0,8.04
958596000,958596000,0.98000866,0.056077015,-0.18730605,-0.036932208,0.0,0.0,0.0,0.0,0,8.06
958616000,958616000,0.98082703,0.051281653,-0.18532616,-0.03180884,0.0,0.0,0.0,0.0,0,8.08
958636000,958636000,0.9816215,0.046193507,-0.18323833,-0.026798438,0.0,0.0,0.0,0.0,0,8.1
958656000,958656000,0.98238766,0.040880885,-0.18102922,-0.021925861,0.0,0.0,0.0,0.0,0,8.12
958676000,958676000,0.9831195,0.035424124,-0.17870104,-0.017212547,0.0,0.0,0.0,0.0,0,8.14
958696000,958696000,0.98381793,0.029902391,-0.17622867,-0.012676491,0.0,0.0,0.0,0.0,0,8.16
958716000,958716000,0.98447734,0.02436632,-0.1736382,-0.0083404435,0.0,0.0,0.0,0.0,0,8.18
958736000,958736000,0.98509854,0.018879762,-0.17092593,-0.004221682,0.0,0.0,0.0,0.0,0,8.2
958756000,958756000,0.9856827,0.013497078,-0.16809632,-0.0003363878,0.0,0.0,0.0,0.0,0,8.22
958776000,958776000,0.98623484,0.008261309,-0.16513874,0.0033002887,0.0,0.0,0.0,0.0,0,8.24
958796000,958796000,0.9867555,0.003218015,-0.16207346,0.0066761454,0.0,0.0,0.0,0.0,0,8.26
958816000,958816000,0.98725206,-0.0015994393,-0.15888445,0.0097801825,0.0,0.0,0.0,0.0,0,8.28
958836000,958836000,0.98772615,-0.006150092,-0.15559365,0.0126054315,0.0,0.0,0.0,0.0,0,8.3
958856000,958856000,0.98818463,-0.010409631,-0.1521923,0.015144548,0.0,0.0,0.0,0.0,0,8.32
958876000,958876000,0.9886291,-0.014345778,-0.1487052,0.017394539,0.0,0.0,0.0,0.0,0,8.34
958896000,958896000,0.98906267,-0.017955152,-0.1451457,0.019351084,0.0,0.0,0.0,0.0,0,8.36
958916000,958916000,0.9894907,-0.02120417,-0.1415131,0.021016266,0.0,0.0,0.0,0.0,0,8.38
958936000,958936000,0.9899154,-0.024092646,-0.137822,0.022390097,0.0,0.0,0.0,0.0,0,8.4
958956000,958956000,0.9903395,-0.026600989,-0.13408187,0.023477638,0.0,0.0,0.0,0.0,0,8.42
958976000,958976000,0.99076396,-0.028729217,-0.1303106,0.024283476,0.0,0.0,0.0,0.0,0,8.44
958996000,958996000,0.9911914,-0.030486658,-0.12650527,0.024812499,0.0,0.0,0.0,0.0,0,8.46
959016000,959016000,0.99162173,-0.031875174,-0.12268155,0.02507261,0.0,0.0,0.0,0.0,0,8.48
959036000,959036000,0.9920552,-0.032905977,-0.11884541,0.02507215,0.0,0.0,0.0,0.0,0,8.5
959056000,959056000,0.99249065,-0.03359796,-0.115006655,0.02481987,0.0,0.0,0.0,0.0,0,8.52
959076000,959076000,0.9929274,-0.03397006,-0.111169234,0.024326002,0.0,0.0,0.0,0.0,0,8.54
959096000,959096000,0.99336314,-0.034030505,-0.1073477,0.023603851,0.0,0.0,0.0,0.0,0,8.56
959116000,959116000,0.9937965,-0.033806037,-0.10354212,0.022664981,0.0,0.0,0.0,0.0,0,8.58
959136000,959136000,0.99422514,-0.033317078,-0.09976057,0.021522988,0.0,0.0,0.0,0.0,0,8.6
959156000,959156000,0.99464655,-0.032592747,-0.09600695,0.020191394,0.0,0.0,0.0,0.0,0,8.62
959176000,959176000,0.99505764,-0.031645782,-0.09229722,0.018686205,0.0,0.0,0.0,0.0,0,8.64
959196000,959196000,0.9954561,-0.030510329,-0.088632256,0.017021585,0.0,0.0,0.0,0.0,0,8.66
959216000,959216000,0.9958396,-0.029201468,-0.08501995,0.015213762,0.0,0.0,0.0,0.0,0,8.68
959236000,959236000,0.9962059,-0.02775509,-0.08146336,0.013277343,0.0,0.0,0.0,0.0,0,8.7
959256000,959256000,0.99655396,-0.026179343,-0.077960424,0.011229663,0.0,0.0,0.0,0.0,0,8.72
959276000,959276000,0.9968821,-0.024512747,-0.074510545,0.009085606,0.0,0.0,0.0,0.0,0,8.74
959296000,959296000,0.9971889,-0.022759883,-0.07112095,0.006862605,0.0,0.0,0.0,0.0,0,8.76
959316000,959316000,0.9974733,-0.020957258,-0.06779376,0.00457528,0.0,0.0,0.0,0.0,0,8.78
959336000,959336000,0.9977358,-0.019109925,-0.06451536,0.0022394676,0.0,0.0,0.0,0.0,0,8.8
959356000,959356000,0.99797493,-0.017244956,-0.06130033,-0.0001299845,0.0,0.0,0.0,0.0,0,8.82
959376000,959376000,0.9981915,-0.015370641,-0.05813974,-0.0025177274,0.0,0.0,0.0,0.0,0,8.84
959396000,959396000,0.9983848,-0.013517671,-0.05504638,-0.0049104835,0.0,0.0,0.0,0.0,0,8.86
959416000,959416000,0.9985561,-0.011688677,-0.052009564,-0.0072940644,0.0,0.0,0.0,0.0,0,8.88
959436000,959436000,0.9987055,-0.00991459,-0.049039066,-0.009656384,0.0,0.0,0.0,0.0,0,8.9
959456000,959456000,0.9988344,-0.008193069,-0.046132866,-0.011984581,0.0,0.0,0.0,0.0,0,8.92
959476000,959476000,0.99894345,-0.0065442263,-0.043297656,-0.014267745,0.0,0.0,0.0,0.0,0,8.94
959496000,959496000,0.99903446,-0.004960652,-0.04052848,-0.01649421,0.0,0.0,0.0,0.0,0,8.96
959516000,959516000,0.99910885,-0.0034549595,-0.037824016,-0.018654289,0.0,0.0,0.0,0.0,0,8.98
959536000,959536000,0.9991681,-0.0020201833,-0.03518538,-0.020738415,0.0,0.0,0.0,0.0,0,9.0
959556000,959556000,0.9992137,-0.00067096215,-0.032612313,-0.022738764,0.0,0.0,0.0,0.0,0,9.02
959576000,959576000,0.99924713,0.0005932115,-0.03010752,-0.02464742,0.0,0.0,0.0,0.0,0,9.04
959596000,959596000,0.99926984,0.0017650136,-0.02767176,-0.026458062,0.0,0.0,0.0,0.0,0,9.06
959616000,959616000,0.99928325,0.0028509446,-0.025311949,-0.028164716,0.0,0.0,0.0,0.0,0,9.08
959636000,959636000,0.99928904,0.0038447755,-0.023020392,-0.029762356,0.0,0.0,0.0,0.0,0,9.1
959656000,959656000,0.9992885,0.0047472734,-0.020801194,-0.0312468,0.0,0.0,0.0,0.0,0,9.12
959676000,959676000,0.9992831,0.0055566346,-0.018651165,-0.032615285,0.0,0.0,0.0,0.0,0,9.14
959696000,959696000,0.9992738,0.006276604,-0.016577631,-0.03386526,0.0,0.0,0.0,0.0,0,9.16
959716000,959716000,0.9992617,0.006919614,-0.014583346,-0.034994695,0.0,0.0,0.0,0.0,0,9.18
959736000,959736000,0.999248,0.007479652,-0.012661635,-0.03600269,0.0,0.0,0.0,0.0,0,9.2
959756000,959756000,0.9992338,0.007962475,-0.010805725,-0.036888923,0.0,0.0,0.0,0.0,0,9.22
959776000,959776000,0.9992196,0.008371322,-0.009022472,-0.03765353,0.0,0.0,0.0,0.0,0,9.24
959796000,959796000,0.9992061,0.008716437,-0.0073152254,-0.038297433,0.0,0.0,0.0,0.0,0,9.26
959816000,959816000,0.99919415,0.008982399,-0.005684576,-0.038822647,0.0,0.0,0.0,0.0,0,9.28
959836000,959836000,0.9991841,0.0091751795,-0.0041286456,-0.039231546,0.0,0.0,0.0,0.0,0,9.3
959856000,959856000,0.99917626,0.0093076695,-0.002634117,-0.039526492,0.0,0.0,0.0,0.0,0,9.32
959876000,959876000,0.999171,0.009383611,-0.001210303,-0.039710306,0.0,0.0,0.0,0.0,0,9.34
959896000,959896000,0.99916846,0.00940551,0.00015393563,-0.039786678,0.0,0.0,0.0,0.0,0,9.36
959916000,959916000,0.99916875,0.009378814,0.0014540723,-0.03975938,0.0,0.0,0.0,0.0,0,9.38
959936000,959936000,0.99917185,0.009308983,0.002688563,-0.039633237,0.0,0.0,0.0,0.0,0,9.4
959956000,959956000,0.9991778,0.009193938,0.0038545285,-0.039412744,0.0,0.0,0.0,0.0,0,9.42
959976000,959976000,0.99918646,0.009047152,0.0049628136,-0.039102696,0.0,0.0,0.0,0.0,0,9.44
959996000,959996000,0.9991977,0.008869962,0.0060060797,-0.03870815,0.0,0.0,0.0,0.0,0,9.46
960016000,960016000,0.9992113,0.00866793,0.0069864667,-0.038234375,0.0,0.0,0.0,0.0,0,9.48
960036000,960036000,0.9992272,0.008441056,0.007906046,-0.037686985,0.0,0.0,0.0,0.0,0,9.5
960056000,960056000,0.9992451,0.008195798,0.008767699,-0.03707147,0.0,0.0,0.0,0.0,0,9.52
960076000,960076000,0.9992648,0.007928162,0.009571619,-0.03639352,0.0,0.0,0.0,0.0,0,9.54
960096000,960096000,0.99928606,0.0076457052,0.010315597,-0.035658956,0.0,0.0,0.0,0.0,0,9.56
960116000,960116000,0.9993087,0.007349071,0.01100239,-0.034873355,0.0,0.0,0.0,0.0,0,9.58
960136000,960136000,0.9993324,0.007043724,0.011631043,-0.034042537,0.0,0.0,0.0,0.0,0,9.6
960156000,960156000,0.99935704,0.006729936,0.012206106,-0.033171974,0.0,0.0,0.0,0.0,0,9.62
960176000,960176000,0.99938214,0.0064168046,0.012730198,-0.032267295,0.0,0.0,0.0,0.0,0,9.64
960196000,960196000,0.9994075,0.006108265,0.013214809,-0.031333942,0.0,0.0,0.0,0.0,0,9.66
960216000,960216000,0.9994329,0.0058003655,0.013656042,-0.0303773,0.0,0.0,0.0,0.0,0,9.68
960236000,960236000,0.9994583,0.0054879976,0.014055911,-0.029402437,0.0,0.0,0.0,0.0,0,9.7
960256000,960256000,0.9994835,0.0051739444,0.014410069,-0.028414614,0.0,0.0,0.0,0.0,0,9.72
960276000,960276000,0.9995084,0.0048608584,0.014720448,-0.027419182,0.0,0.0,0.0,0.0,0,9.74
960296000,960296000,0.99953264,0.0045517124,0.014993539,-0.026420647,0.0,0.0,0.0,0.0,0,9.76
960316000,960316000,0.99955624,0.0042431736,0.015232419,-0.025423458,0.0,0.0,0.0,0.0,0,9.78
960336000,960336000,0.9995791,0.0039365706,0.015437484,-0.024431784,0.0,0.0,0.0,0.0,0,9.8
960356000,960356000,0.99960107,0.0036352011,0.015612177,-0.023450125,0.0,0.0,0.0,0.0,0,9.82
960376000,960376000,0.9996221,0.0033388515,0.015752275,-0.022482283,0.0,0.0,0.0,0.0,0,9.84
960396000,960396000,0.99964225,0.003049738,0.01585889,-0.021532053,0.0,0.0,0.0,0.0,0,9.86
960416000,960416000,0.9996614,0.0027720938,0.015939604,-0.020603148,0.0,0.0,0.0,0.0,0,9.88
960436000,960436000,0.9996794,0.002503607,0.015996352,-0.019698372,0.0,0.0,0.0,0.0,0,9.9
960456000,960456000,0.9996965,0.0022426408,0.016025264,-0.018820547,0.0,0.0,0.0,0.0,0,9.92
960476000,960476000,0.9997126,0.001991067,0.01602743,-0.017972508,0.0,0.0,0.0,0.0,0,9.94
960496000,960496000,0.9997277,0.0017462614,0.016003823,-0.01715687,0.0,0.0,0.0,0.0,0,9.96
960516000,960516000,0.99974215,0.0015053233,0.015946548,-0.016375726,0.0,0.0,0.0,0.0,0,9.98
960536000,960536000,0.9997556,0.0012757503,0.015871003,-0.015630873,0.0,0.0,0.0,0.0,0,10.0
960556000,960556000,0.9997681,0.0010572147,0.015779398,-0.0149241015,0.0,0.0,0.0,0.0,0,10.02
960576000,960576000,0.9997799,0.0008431855,0.01566304,-0.01425723,0.0,0.0,0.0,0.0,0,10.04
960596000,960596000,0.9997909,0.0006358056,0.015524236,-0.013630811,0.0,0.0,0.0,0.0,0,10.06
960616000,960616000,0.9998012,0.0004395238,0.015370166,-0.013046139,0.0,0.0,0.0,0.0,0,10.08
960636000,960636000,0.99981076,0.00024419455,0.015204153,-0.012503876,0.0,0.0,0.0,0.0,0,10.1
960656000,960656000,0.9998195,4.5176523e-05,0.015029085,-0.012004301,0.0,0.0,0.0,0.0,0,10.12
960676000,960676000,0.9998277,-0.00014495701,0.014844716,-0.011548431,0.0,0.0,0.0,0.0,0,10.14
960696000,960696000,0.9998353,-0.00031724657,0.014641459,-0.011136483,0.0,0.0,0.0,0.0,0,10.16
960716000,960716000,0.99984246,-0.00048480232,0.014419757,-0.010767913,0.0,0.0,0.0,0.0,0,10.18
960736000,960736000,0.99984914,-0.00065172976,0.014189298,-0.010441864,0.0,0.0,0.0,0.0,0,10.2
960756000,960756000,0.9998554,-0.0008132921,0.013944816,-0.010158049,0.0,0.0,0.0,0.0,0,10.22
960776000,960776000,0.99986124,-0.0009658635,0.013689009,-0.009915745,0.0,0.0,0.0,0.0,0,10.24
960796000,960796000,0.99986666,-0.0011048628,0.013425149,-0.009713652,0.0,0.0,0.0,0.0,0,10.26
960816000,960816000,0.9998715,-0.0012336122,0.013165915,-0.009551095,0.0,0.0,0.0,0.0,0,10.28
960836000,960836000,0.99987584,-0.0013539279,0.0129125025,-0.009427414,0.0,0.0,0.0,0.0,0,10.3
960856000,960856000,0.99987984,-0.0014653227,0.012652026,-0.009340959,0.0,0.0,0.0,0.0,0,10.32
960876000,960876000,0.99988353,-0.0015748898,0.01237868,-0.009290386,0.0,0.0,0.0,0.0,0,10.34
960896000,960896000,0.99988693,-0.0016855604,0.012098537,-0.00927482,0.0,0.0,0.0,0.0,0,10.36
960916000,960916000,0.99988997,-0.0017894893,0.011815912,-0.009292623,0.0,0.0,0.0,0.0,0,10.38
960936000,960936000,0.9998926,-0.00188521,0.011533788,-0.009342453,0.0,0.0,0.0,0.0,0,10.4
960956000,960956000,0.9998949,-0.0019828044,0.0112507995,-0.009422285,0.0,0.0,0.0,0.0,0,10.42
960976000,960976000,0.9998968,-0.0020784244,0.010968984,-0.009530466,0.0,0.0,0.0,0.0,0,10.44
960996000,960996000,0.9998983,-0.00217441,0.010689948,-0.009665318,0.0,0.0,0.0,0.0,0,10.46
961016000,961016000,0.9998995,-0.0022729358,0.010410548,-0.00982494,0.0,0.0,0.0,0.0,0,10.48
961036000,961036000,0.99990034,-0.0023688753,0.010133132,-0.010007896,0.0,0.0,0.0,0.0,0,10.5
961056000,961056000,0.99990076,-0.0024653485,0.009858056,-0.010212176,0.0,0.0,0.0,0.0,0,10.52
961076000,961076000,0.9999009,-0.0025617336,0.009581911,-0.010436001,0.0,0.0,0.0,0.0,0,10.54
961096000,961096000,0.9999007,-0.002657326,0.009307984,-0.010677403,0.0,0.0,0.0,0.0,0,10.56
961116000,961116000,0.9999002,-0.0027467061,0.0090313265,-0.01093446,0.0,0.0,0.0,0.0,0,10.58
961136000,961136000,0.99989945,-0.0028273785,0.008754226,-0.011204958,0.0,0.0,0.0,0.0,0,10.6
961156000,961156000,0.9998983,-0.002909721,0.008485554,-0.011487299,0.0,0.0,0.0,0.0,0,10.62
961176000,961176000,0.99989694,-0.0029927015,0.008216043,-0.011779817,0.0,0.0,0.0,0.0,0,10.64
961196000,961196000,0.9998953,-0.0030743661,0.007945744,-0.012080835,0.0,0.0,0.0,0.0,0,10.66
961216000,961216000,0.99989337,-0.0031511898,0.0076749665,-0.012388422,0.0,0.0,0.0,0.0,0,10.68
961236000,961236000,0.9998913,-0.0032176839,0.0074038436,-0.012701095,0.0,0.0,0.0,0.0,0,10.7
961256000,961256000,0.999889,-0.0032743206,0.0071303924,-0.013017019,0.0,0.0,0.0,0.0,0,10.72
961276000,961276000,0.9998865,-0.0033259476,0.006865676,-0.013334554,0.0,0.0,0.0,0.0,0,10.74
961296000,961296000,0.99988383,-0.0033701048,0.006607898,-0.013652314,0.0,0.0,0.0,0.0,0,10.76
961316000,961316000,0.999881,-0.0034075647,0.0063456963,-0.0139689455,0.0,0.0,0.0,0.0,0,10.78
961336000,961336000,0.99987817,-0.0034426916,0.006075726,-0.014282465,0.0,0.0,0.0,0.0,0,10.8
961356000,961356000,0.99987525,-0.0034664911,0.0057998197,-0.014592291,0.0,0.0,0.0,0.0,0,10.82
961376000,961376000,0.99987227,-0.00348032,0.0055238255,-0.014897525,0.0,0.0,0.0,0.0,0,10.84
961396000,961396000,0.9998692,-0.0034877977,0.005248592,-0.015196749,0.0,0.0,0.0,0.0,0,10.86
961416000,961416000,0.9998662,-0.0034914329,0.004962309,-0.015488867,0.0,0.0,0.0,0.0,0,10.88
961436000,961436000,0.9998631,-0.0034945963,0.00468053,-0.015772957,0.0,0.0,0.0,0.0,0,10.9
961456000,961456000,0.99986,-0.003491609,0.004406012,-0.016048111,0.0,0.0,0.0,0.0,0,10.92
961476000,961476000,0.9998569,-0.0034724285,0.004130877,-0.016313957,0.0,0.0,0.0,0.0,0,10.94
961496000,961496000,0.9998539,-0.0034406967,0.0038566208,-0.01656974,0.0,0.0,0.0,0.0,0,10.96
961516000,961516000,0.9998509,-0.0034067177,0.003591785,-0.016814701,0.0,0.0,0.0,0.0,0,10.98
961536000,961536000,0.999848,-0.003372265,0.0033334405,-0.017048063,0.0,0.0,0.0,0.0,0,11.0
961556000,961556000,0.99984515,-0.003331349,0.003080351,-0.017268987,0.0,0.0,0.0,0.0,0,11.02
961576000,961576000,0.9998424,-0.0032866306,0.0028365105,-0.017476797,0.0,0.0,0.0,0.0,0,11.04
961596000,961596000,0.9998397,-0.003243736,0.0026107288,-0.017671332,0.0,0.0,0.0,0.0,0,11.06
961616000,961616000,0.9998372,-0.003200704,0.0023919034,-0.017852854,0.0,0.0,0.0,0.0,0,11.08
961636000,961636000,0.9998348,-0.003158491,0.0021810918,-0.018020965,0.0,0.0,0.0,0.0,0,11.1
961656000,961656000,0.9998326,-0.0031158852,0.001981553,-0.018175682,0.0,0.0,0.0,0.0,0,11.12
961676000,961676000,0.9998304,-0.003074847,0.0017915218,-0.018317405,0.0,0.0,0.0,0.0,0,11.14
961696000,961696000,0.9998285,-0.0030423321,0.0016074816,-0.018445827,0.0,0.0,0.0,0.0,0,11.16
961716000,961716000,0.99982667,-0.0030168153,0.0014390779,-0.018560981,0.0,0.0,0.0,0.0,0,11.18
961736000,961736000,0.99982506,-0.0029966698,0.0012820628,-0.018663308,0.0,0.0,0.0,0.0,0,11.2
961756000,961756000,0.99982363,-0.0029854453,0.0011293241,-0.01875298,0.0,0.0,0.0,0.0,0,11.22
961776000,961776000,0.9998223,-0.0029790855,0.0009853448,-0.018829692,0.0,0.0,0.0,0.0,0,11.24
961796000,961796000,0.99982125,-0.0029747756,0.000855791,-0.018893521,0.0,0.0,0.0,0.0,0,11.26
961816000,961816000,0.9998204,-0.002971261,0.0007382927,-0.018944867,0.0,0.0,0.0,0.0,0,11.28
961836000,961836000,0.9998197,-0.002978614,0.0006210814,-0.018984264,0.0,0.0,0.0,0.0,0,11.3
961856000,961856000,0.99981916,-0.002999827,0.0005043752,-0.019011784,0.0,0.0,0.0,0.0,0,11.32
961876000,961876000,0.9998188,-0.0030352464,0.00040307452,-0.019027926,0.0,0.0,0.0,0.0,0,11.34
961896000,961896000,0.99981856,-0.0030882065,0.00032142413,-0.019033065,0.0,0.0,0.0,0.0,0,11.36
961916000,961916000,0.9998185,-0.003151225,0.00024650714,-0.019027727,0.0,0.0,0.0,0.0,0,11.38
961936000,961936000,0.9998186,-0.0032211642,0.00016712063,-0.019012267,0.0,0.0,0.0,0.0,0,11.4
961956000,961956000,0.99981886,-0.0032983727,8.596636e-05,-0.01898709,0.0,0.0,0.0,0.0,0,11.42
961976000,961976000,0.9998192,-0.0033819773,5.5882106e-06,-0.018952396,0.0,0.0,0.0,0.0,0,11.44
961996000,961996000,0.99981976,-0.0034656797,-6.7594825e-05,-0.018908523,0.0,0.0,0.0,0.0,0,11.46
962016000,962016000,0.9998204,-0.0035547682,-0.00013819974,-0.01885578,0.0,0.0,0.0,0.0,0,11.48
962036000,962036000,0.99982125,-0.003645399,-0.00020223073,-0.018794775,0.0,0.0,0.0,0.0,0,11.5
962056000,962056000,0.9998222,-0.0037324696,-0.0002525215,-0.01872571,0.0,0.0,0.0,0.0,0,11.52
962076000,962076000,0.99982333,-0.0038130765,-0.00028943375,-0.018648831,0.0,0.0,0.0,0.0,0,11.54
962096000,962096000,0.9998246,-0.0038907293,-0.00032436257,-0.018565224,0.0,0.0,0.0,0.0,0,11.56
962116000,962116000,0.9998259,-0.0039773346,-0.00035143315,-0.018475479,0.0,0.0,0.0,0.0,0,11.58
962136000,962136000,0.99982727,-0.0040675583,-0.00037453408,-0.018379899,0.0,0.0,0.0,0.0,0,11.6
962156000,962156000,0.99982876,-0.004153838,-0.00039650765,-0.018279642,0.0,0.0,0.0,0.0,0,11.62
962176000,962176000,0.9998303,-0.0042330343,-0.0004089884,-0.018175013,0.0,0.0,0.0,0.0,0,11.64
962196000,962196000,0.999832,-0.0043061534,-0.00041115994,-0.018066255,0.0,0.0,0.0,0.0,0,11.66
962216000,962216000,0.9998337,-0.004376511,-0.00040597335,-0.017954214,0.0,0.0,0.0,0.0,0,11.68
962236000,962236000,0.99983543,-0.0044528074,-0.00040321605,-0.017839111,0.0,0.0,0.0,0.0,0,11.7
962256000,962256000,0.99983716,-0.0045368625,-0.0004023432,-0.01772133,0.0,0.0,0.0,0.0,0,11.72
962276000,962276000,0.9998389,-0.0046191807,-0.00039193663,-0.017601576,0.0,0.0,0.0,0.0,0,11.74
962296000,962296000,0.9998407,-0.004694292,-0.0003671249,-0.01747988,0.0,0.0,0.0,0.0,0,11.76
962316000,962316000,0.9998425,-0.004763795,-0.0003351353,-0.017357148,0.0,0.0,0.0,0.0,0,11.78
962336000,962336000,0.9998443,-0.004833092,-0.00031005827,-0.017233659,0.0,0.0,0.0,0.0,0,11.8
962356000,962356000,0.9998461,-0.004901308,-0.00028167217,-0.0171097,0.0,0.0,0.0,0.0,0,11.82
962376000,962376000,0.9998479,-0.0049691973,-0.00025107444,-0.016984994,0.0,0.0,0.0,0.0,0,11.84
962396000,962396000,0.9998497,-0.005037509,-0.00022033326,-0.016859885,0.0,0.0,0.0,0.0,0,11.86
962416000,962416000,0.9998515,-0.005096427,-0.00018120043,-0.01673498,0.0,0.0,0.0,0.0,0,11.88
962436000,962436000,0.9998533,-0.0051495736,-0.00013601426,-0.016610967,0.0,0.0,0.0,0.0,0,11.9
962456000,962456000,0.99985504,-0.0052050757,-9.5627984e-05,-0.016488006,0.0,0.0,0.0,0.0,0,11.92
962476000,962476000,0.99985677,-0.0052625015,-6.361921e-05,-0.016366279,0.0,0.0,0.0,0.0,0,11.94
962496000,962496000,0.99985844,-0.005320959,-4.1025418e-05,-0.016245835,0.0,0.0,0.0,0.0,0,11.96
962516000,962516000,0.99986,-0.0053844117,-8.253654e-06,-0.016127529,0.0,0.0,0.0,0.0,0,11.98
962536000,962536000,0.99986154,-0.0054433187,3.760081e-05,-0.016011106,0.0,0.0,0.0,0.0,0,12.0
962556000,962556000,0.9998631,-0.005491574,8.128331e-05,-0.015896466,0.0,0.0,0.0,0.0,0,12.02
962576000,962576000,0.9998647,-0.005530458,0.00012849392,-0.015784081,0.0,0.0,0.0,0.0,0,12.04
962596000,962596000,0.9998662,-0.00556305,0.00018925214,-0.01567427,0.0,0.0,0.0,0.0,0,12.06
962616000,962616000,0.9998677,-0.0056004017,0.00024353235,-0.015567346,0.0,0.0,0.0,0.0,0,12.08
962636000,962636000,0.99986905,-0.005638641,0.0002860695,-0.01546373,0.0,0.0,0.0,0.0,0,12.1
962656000,962656000,0.9998704,-0.005671676,0.00032503775,-0.015363253,0.0,0.0,0.0,0.0,0,12.12
962676000,962676000,0.9998717,-0.005708572,0.0003661704,-0.015266166,0.0,0.0,0.0,0.0,0,12.14
962696000,962696000,0.99987286,-0.0057453574,0.0004007661,-0.015172525,0.0,0.0,0.0,0.0,0,12.16
962716000,962716000,0.999874,-0.0057798666,0.00042595767,-0.015082842,0.0,0.0,0.0,0.0,0,12.18
962736000,962736000,0.99987507,-0.005817673,0.00044765888,-0.014996863,0.0,0.0,0.0,0.0,0,12.2
962756000,962756000,0.999876,-0.005861592,0.00046904277,-0.014914142,0.0,0.0,0.0,0.0,0,12.22
962776000,962776000,0.999877,-0.005900355,0.00047889288,-0.014834555,0.0,0.0,0.0,0.0,0,12.24
962796000,962796000,0.9998779,-0.005936654,0.00048200908,-0.014757718,0.0,0.0,0.0,0.0,0,12.26
962816000,962816000,0.99987876,-0.00597441,0.00048304466,-0.014683661,0.0,0.0,0.0,0.0,0,12.28
962836000,962836000,0.99987966,-0.0060065836,0.000479048,-0.0146123525,0.0,0.0,0.0,0.0,0,12.3
962856000,962856000,0.9998805,-0.0060284734,0.00048204232,-0.014543809,0.0,0.0,0.0,0.0,0,12.32
962876000,962876000,0.9998813,-0.006046789,0.00048787816,-0.014477782,0.0,0.0,0.0,0.0,0,12.34
962896000,962896000,0.99988216,-0.006064126,0.00049315876,-0.014414238,0.0,0.0,0.0,0.0,0,12.36
962916000,962916000,0.99988294,-0.006080991,0.00049609883,-0.01435307,0.0,0.0,0.0,0.0,0,12.38
962936000,962936000,0.99988365,-0.006097307,0.00049588294,-0.014294171,0.0,0.0,0.0,0.0,0,12.4
962956000,962956000,0.9998844,-0.006103315,0.00048753267,-0.014237545,0.0,0.0,0.0,0.0,0,12.42
962976000,962976000,0.9998852,-0.0061022416,0.0004757809,-0.014183367,0.0,0.0,0.0,0.0,0,12.44
962996000,962996000,0.99988604,-0.006090212,0.00046813412,-0.0141317565,0.0,0.0,0.0,0.0,0,12.46
963016000,963016000,0.9998869,-0.006065366,0.00045713165,-0.014082074,0.0,0.0,0.0,0.0,0,12.48
963036000,963036000,0.9998878,-0.006028091,0.00043851335,-0.014034464,0.0,0.0,0.0,0.0,0,12.5
963056000,963056000,0.9998887,-0.005978778,0.00041986984,-0.0139892865,0.0,0.0,0.0,0.0,0,12.52
963076000,963076000,0.9998897,-0.005922157,0.0004014952,-0.013946414,0.0,0.0,0.0,0.0,0,12.54
963096000,963096000,0.9998906,-0.0058539384,0.00038960745,-0.013905889,0.0,0.0,0.0,0.0,0,12.56
963116000,963116000,0.99989164,-0.005772552,0.00037629975,-0.013867302,0.0,0.0,0.0,0.0,0,12.58
963136000,963136000,0.9998927,-0.0056830505,0.00035938207,-0.013830805,0.0,0.0,0.0,0.0,0,12.6
963156000,963156000,0.9998937,-0.005588644,0.00033979904,-0.013796421,0.0,0.0,0.0,0.0,0,12.62
963176000,963176000,0.9998947,-0.0054911305,0.0003183197,-0.013764154,0.0,0.0,0.0,0.0,0,12.64
963196000,963196000,0.9998957,-0.0053900024,0.00029559166,-0.013733927,0.0,0.0,0.0,0.0,0,12.66
963216000,963216000,0.99989665,-0.0052833688,0.00027074435,-0.013705432,0.0,0.0,0.0,0.0,0,12.68
963236000,963236000,0.99989766,-0.0051651183,0.0002361239,-0.013678112,0.0,0.0,0.0,0.0,0,12.7
963256000,963256000,0.9998986,-0.0050471886,0.0002035266,-0.013652083,0.0,0.0,0.0,0.0,0,12.72
963276000,963276000,0.99989957,-0.0049247835,0.00016850108,-0.013627251,0.0,0.0,0.0,0.0,0,12.74
963296000,963296000,0.99990046,-0.004803675,0.000136951,-0.013603326,0.0,0.0,0.0,0.0,0,12.76
963316000,963316000,0.99990135,-0.004682395,0.0001078967,-0.013580019,0.0,0.0,0.0,0.0,0,12.78
963336000,963336000,0.99990225,-0.0045538913,7.7793404e-05,-0.013557138,0.0,0.0,0.0,0.0,0,12.8
963356000,963356000,0.9999032,-0.0044176914,4.886185e-05,-0.013534503,0.0,0.0,0.0,0.0,0,12.82
963376000,963376000,0.9999041,-0.004276061,2.0228745e-05,-0.013512059,0.0,0.0,0.0,0.0,0,12.84
963396000,963396000,0.99990505,-0.004129075,-9.064435e-06,-0.013489781,0.0,0.0,0.0,0.0,0,12.86
963416000,963416000,0.99990594,-0.003977407,-3.890845e-05,-0.013467658,0.0,0.0,0.0,0.0,0,12.88
963436000,963436000,0.99990684,-0.0038186873,-6.8002584e-05,-0.013445904,0.0,0.0,0.0,0.0,0,12.9
963456000,963456000,0.9999078,-0.0036521086,-9.457357e-05,-0.013424488,0.0,0.0,0.0,0.0,0,12.92
963476000,963476000,0.9999087,-0.0034771117,-0.00011670203,-0.013403534,0.0,0.0,0.0,0.0,0,12.94
963496000,963496000,0.9999095,-0.0032999797,-0.00014134203,-0.013383333,0.0,0.0,0.0,0.0,0,12.96
963516000,963516000,0.99991035,-0.0031220384,-0.00016643392,-0.013363904,0.0,0.0,0.0,0.0,0,12.98
963536000,963536000,0.9999111,-0.0029454036,-0.00018157836,-0.013345601,0.0,0.0,0.0,0.0,0,13.0
963556000,963556000,0.99991184,-0.0027769331,-0.00020382924,-0.013328378,0.0,0.0,0.0,0.0,0,13.02
963576000,963576000,0.9999124,-0.0025877107,-0.0006716872,-0.01331018,0.0,0.0,0.0,0.0,0,13.04
963596000,963596000,0.99988866,-0.0020878795,-0.0071696574,-0.013267977,0.0,0.0,0.0,0.0,0,13.06
963616000,963616000,0.9996642,-0.0010565232,-0.0224899,-0.0131806275,0.0,0.0,0.0,0.0,0,13.08
963636000,963636000,0.9989369,0.00044202688,-0.04431629,-0.013041955,0.0,0.0,0.0,0.0,0,13.1
963656000,963656000,0.9975014,0.002317038,-0.06949523,-0.012849705,0.0,0.0,0.0,0.0,0,13.12
963676000,963676000,0.99530655,0.004472356,-0.09589155,-0.012599409,0.0,0.0,0.0,0.0,0,13.14
963696000,963696000,0.9924043,0.006773578,-0.122253574,-0.012291083,0.0,0.0,0.0,0.0,0,13.16
963716000,963716000,0.98890084,0.00914912,-0.14784577,-0.011922882,0.0,0.0,0.0,0.0,0,13.18
963736000,963736000,0.9849384,0.011525344,-0.17216401,-0.0114961015,0.0,0.0,0.0,0.0,0,13.2
963756000,963756000,0.9806907,0.0138181755,-0.19478829,-0.011016846,0.0,0.0,0.0,0.0,0,13.22
963776000,963776000,0.97631454,0.016024066,-0.21552818,-0.010481145,0.0,0.0,0.0,0.0,0,13.24
963796000,963796000,0.97194123,0.018060882,-0.23433957,-0.009904663,0.0,0.0,0.0,0.0,0,13.26
963816000,963816000,0.96768147,0.019976068,-0.25123024,-0.00927654,0.0,0.0,0.0,0.0,0,13.28
963836000,963836000,0.96360683,0.021694874,-0.2663195,-0.008618074,0.0,0.0,0.0,0.0,0,13.3
963856000,963856000,0.9597798,0.02326637,-0.2796923,-0.007919235,0.0,0.0,0.0,0.0,0,13.32
963876000,963876000,0.9562287,0.024639143,-0.291508,-0.00720025,0.0,0.0,0.0,0.0,0,13.34
963896000,963896000,0.9529705,0.025856633,-0.30190417,-0.006453441,0.0,0.0,0.0,0.0,0,13.36
963916000,963916000,0.95000666,0.026891703,-0.31103185,-0.0056940787,0.0,0.0,0.0,0.0,0,13.38
963936000,963936000,0.9473333,0.027781898,-0.31901845,-0.0049164933,0.0,0.0,0.0,0.0,0,13.4
963956000,963956000,0.94493324,0.028510883,-0.3260066,-0.0041338266,0.0,0.0,0.0,0.0,0,13.42
963976000,963976000,0.9427923,0.029110456,-0.33210427,-0.0033418494,0.0,0.0,0.0,0.0,0,13.44
963996000,963996000,0.9408861,0.029570594,-0.3374338,-0.002551316,0.0,0.0,0.0,0.0,0,13.46
964016000,964016000,0.9391927,0.02993411,-0.34209213,-0.0017543079,0.0,0.0,0.0,0.0,0,13.48
964036000,964036000,0.9376988,0.030188892,-0.3461471,-0.0009616881,0.0,0.0,0.0,0.0,0,13.5
964056000,964056000,0.9363887,0.03036385,-0.34966186,-0.00016932463,0.0,0.0,0.0,0.0,0,13.52
964076000,964076000,0.9352391,0.03045391,-0.3527169,0.0006143434,0.0,0.0,0.0,0.0,0,13.54
964096000,964096000,0.93422806,0.03049729,-0.35538006,0.0013969974,0.0,0.0,0.0,0.0,0,13.56
964116000,964116000,0.9333445,0.030499132,-0.3576901,0.0021752282,0.0,0.0,0.0,0.0,0,13.58
964136000,964136000,0.9325747,0.030472493,-0.35968912,0.002949084,0.0,0.0,0.0,0.0,0,13.6
964156000,964156000,0.9319053,0.030417394,-0.36141738,0.0037133181,0.0,0.0,0.0,0.0,0,13.62
964176000,964176000,0.9313199,0.0303401,-0.3629213,0.0044657323,0.0,0.0,0.0,0.0,0,13.64
964196000,964196000,0.93081075,0.030255606,-0.36422232,0.005207921,0.0,0.0,0.0,0.0,0,13.66
964216000,964216000,0.9303881,0.030173538,-0.3652963,0.0059412983,0.0,0.0,0.0,0.0,0,13.68
964236000,964236000,0.9301384,0.030078335,-0.36592686,0.006665033,0.0,0.0,0.0,0.0,0,13.7
964256000,964256000,0.93017924,0.029943982,-0.36582056,0.0073760934,0.0,0.0,0.0,0.0,0,13.72
964276000,964276000,0.9305733,0.029754238,-0.36481774,0.008069959,0.0,0.0,0.0,0.0,0,13.74
964296000,964296000,0.9313249,0.02950707,-0.36289942,0.008742556,0.0,0.0,0.0,0.0,0,13.76
964316000,964316000,0.93241364,0.029192872,-0.36010215,0.009384912,0.0,0.0,0.0,0.0,0,13.78
964336000,964336000,0.9338134,0.028829003,-0.35646963,0.009998128,0.0,0.0,0.0,0.0,0,13.8
964356000,964356000,0.9354998,0.02840478,-0.35203776,0.010572821,0.0,0.0,0.0,0.0,0,13.82
964376000,964376000,0.93744665,0.027942177,-0.3468409,0.011111573,0.0,0.0,0.0,0.0,0,13.84
964396000,964396000,0.9396307,0.027426453,-0.34090537,0.011603767,0.0,0.0,0.0,0.0,0,13.86
964416000,964416000,0.94202226,0.02688216,-0.33426815,0.012053334,0.0,0.0,0.0,0.0,0,13.88
964436000,964436000,0.94459546,0.026294714,-0.3269589,0.012450395,0.0,0.0,0.0,0.0,0,13.9
964456000,964456000,0.94732904,0.025692467,-0.31898713,0.012800894,0.0,0.0,0.0,0.0,0,13.92
964476000,964476000,0.9501999,0.025050625,-0.3103712,0.013092632,0.0,0.0,0.0,0.0,0,13.94
964496000,964496000,0.9531846,0.024397831,-0.3011233,0.013331626,0.0,0.0,0.0,0.0,0,13.96
964516000,964516000,0.95625037,0.02371018,-0.29128975,0.013506057,0.0,0.0,0.0,0.0,0,13.98
964536000,964536000,0.95937234,0.023017645,-0.28088868,0.013622612,0.0,0.0,0.0,0.0,0,14.0
964556000,964556000,0.9625224,0.022298979,-0.26995477,0.013672075,0.0,0.0,0.0,0.0,0,14.02
964576000,964576000,0.9656836,0.021583663,-0.25847992,0.01366133,0.0,0.0,0.0,0.0,0,14.04
964596000,964596000,0.9688251,0.020839365,-0.24651226,0.013579786,0.0,0.0,0.0,0.0,0,14.06
964616000,964616000,0.9719212,0.020096418,-0.23408104,0.013434533,0.0,0.0,0.0,0.0,0,14.08
964636000,964636000,0.9749407,0.019338392,-0.22124876,0.013219693,0.0,0.0,0.0,0.0,0,14.1
964656000,964656000,0.97786486,0.01858851,-0.20802997,0.012940843,0.0,0.0,0.0,0.0,0,14.12
964676000,964676000,0.98066497,0.017821252,-0.19449736,0.012591883,0.0,0.0,0.0,0.0,0,14.14
964696000,964696000,0.98332715,0.01706047,-0.18065834,0.012179299,0.0,0.0,0.0,0.0,0,14.16
964716000,964716000,0.98582417,0.016284242,-0.16660649,0.011699463,0.0,0.0,0.0,0.0,0,14.18
964736000,964736000,0.9881461,0.015515636,-0.15235177,0.011158876,0.0,0.0,0.0,0.0,0,14.2
964756000,964756000,0.9902726,0.014737401,-0.13798818,0.010556112,0.0,0.0,0.0,0.0,0,14.22
964776000,964776000,0.992198,0.013972314,-0.1235275,0.009897652,0.0,0.0,0.0,0.0,0,14.24
964796000,964796000,0.9939092,0.013209852,-0.109063104,0.009184453,0.0,0.0,0.0,0.0,0,14.26
964816000,964816000,0.995406,0.012455059,-0.094604485,0.008421289,0.0,0.0,0.0,0.0,0,14.28
964836000,964836000,0.9966817,0.011692458,-0.08025003,0.007609917,0.0,0.0,0.0,0.0,0,14.3
964856000,964856000,0.9977403,0.010929463,-0.066016614,0.006755827,0.0,0.0,0.0,0.0,0,14.32
964876000,964876000,0.9985833,0.01016596,-0.05198813,0.005863103,0.0,0.0,0.0,0.0,0,14.34
964896000,964896000,0.9992194,0.009392596,-0.03817173,0.0049365116,0.0,0.0,0.0,0.0,0,14.36
964916000,964916000,0.99965566,0.008616456,-0.024648353,0.0039808843,0.0,0.0,0.0,0.0,0,14.38
964936000,964936000,0.99990416,0.0078359805,-0.011418519,0.0030016915,0.0,0.0,0.0,0.0,0,14.4
964956000,964956000,0.9999766,0.007054587,0.0014711851,0.0020043147,0.0,0.0,0.0,0.0,0,14.42
964976000,964976000,0.9998863,0.0062664472,0.014008346,0.0009942292,0.0,0.0,0.0,0.0,0,14.44
964996000,964996000,0.9996479,0.0054756408,0.026136626,-2.3818708e-05,0.0,0.0,0.0,0.0,0,14.46
965016000,965016000,0.9992766,0.004677201,0.037847582,-0.0010442311,0.0,0.0,0.0,0.0,0,14.48
965036000,965036000,0.9987885,0.0038826792,0.049105305,-0.0020625694,0.0,0.0,0.0,0.0,0,14.5
965056000,965056000,0.998198,0.0030843453,0.05992416,-0.0030737203,0.0,0.0,0.0,0.0,0,14.52
965076000,965076000,0.9975202,0.002286194,0.07029064,-0.004072736,0.0,0.0,0.0,0.0,0,14.54
965096000,965096000,0.9967692,0.001485666,0.08020275,-0.0050546923,0.0,0.0,0.0,0.0,0,14.56
965116000,965116000,0.9959592,0.0006931149,0.08965315,-0.0060159485,0.0,0.0,0.0,0.0,0,14.58
965136000,965136000,0.995103,-9.1193666e-05,0.09864485,-0.0069524837,0.0,0.0,0.0,0.0,0,14.6
965156000,965156000,0.99421304,-0.0008599984,0.107177384,-0.007861387,0.0,0.0,0.0,0.0,0,14.62
965176000,965176000,0.99329907,-0.0016221952,0.115269765,-0.008738191,0.0,0.0,0.0,0.0,0,14.64
965196000,965196000,0.9923712,-0.0023684797,0.122927174,-0.009580797,0.0,0.0,0.0,0.0,0,14.66
965216000,965216000,0.99143904,-0.0031011798,0.13015471,-0.010386417,0.0,0.0,0.0,0.0,0,14.68
965236000,965236000,0.9905119,-0.0038101466,0.1369538,-0.011153803,0.0,0.0,0.0,0.0,0,14.7
965256000,965256000,0.98959553,-0.004501179,0.1433472,-0.011880237,0.0,0.0,0.0,0.0,0,14.72
965276000,965276000,0.9886971,-0.0051655574,0.14934023,-0.012565232,0.0,0.0,0.0,0.0,0,14.74
965296000,965296000,0.98782456,-0.005805711,0.15493117,-0.013206819,0.0,0.0,0.0,0.0,0,14.76
965316000,965316000,0.9869836,-0.0064174985,0.16012718,-0.013804205,0.0,0.0,0.0,0.0,0,14.78
965336000,965336000,0.9861751,-0.0070069516,0.16496241,-0.014355743,0.0,0.0,0.0,0.0,0,14.8
965356000,965356000,0.9854046,-0.0075657903,0.16943641,-0.014861745,0.0,0.0,0.0,0.0,0,14.82
965376000,965376000,0.98467547,-0.008090833,0.17356001,-0.015322642,0.0,0.0,0.0,0.0,0,14.84
965396000,965396000,0.98399085,-0.008583113,0.17734075,-0.015738094,0.0,0.0,0.0,0.0,0,14.86
965416000,965416000,0.9833522,-0.009049885,0.18079333,-0.016107159,0.0,0.0,0.0,0.0,0,14.88
965436000,965436000,0.9827588,-0.0094844205,0.18394099,-0.016431877,0.0,0.0,0.0,0.0,0,14.9
965456000,965456000,0.9822119,-0.00989021,0.18679337,-0.016712755,0.0,0.0,0.0,0.0,0,14.92
965476000,965476000,0.98171645,-0.010268697,0.18933888,-0.016950144,0.0,0.0,0.0,0.0,0,14.94
965496000,965496000,0.9812691,-0.010618256,0.19160716,-0.01714593,0.0,0.0,0.0,0.0,0,14.96
965516000,965516000,0.9808717,-0.010939586,0.19359984,-0.017301142,0.0,0.0,0.0,0.0,0,14.98
965536000,965536000,0.9805243,-0.011229917,0.19532475,-0.017417748,0.0,0.0,0.0,0.0,0,15.0
965556000,965556000,0.98022586,-0.011499472,0.19679444,-0.017495217,0.0,0.0,0.0,0.0,0,15.02
965576000,965576000,0.97997487,-0.0117399795,0.19802262,-0.01753688,0.0,0.0,0.0,0.0,0,15.04
965596000,965596000,0.9797705,-0.011954127,0.19901817,-0.01754383,0.0,0.0,0.0,0.0,0,15.06
965616000,965616000,0.97961426,-0.012140761,0.19977671,-0.017518582,0.0,0.0,0.0,0.0,0,15.08
965636000,965636000,0.9795057,-0.012298388,0.20030342,-0.017463671,0.0,0.0,0.0,0.0,0,15.1
965656000,965656000,0.979442,-0.01242276,0.20061398,-0.017382018,0.0,0.0,0.0,0.0,0,15.12
965676000,965676000,0.9794202,-0.012512782,0.20072427,-0.017275771,0.0,0.0,0.0,0.0,0,15.14
965696000,965696000,0.97943723,-0.012570151,0.20064838,-0.017146982,0.0,0.0,0.0,0.0,0,15.16
965716000,965716000,0.9794926,-0.012597577,0.20038894,-0.016997578,0.0,0.0,0.0,0.0,0,15.18
965736000,965736000,0.97958493,-0.012604099,0.1999509,-0.016827852,0.0,0.0,0.0,0.0,0,15.2
965756000,965756000,0.97971153,-0.012587774,0.19934648,-0.016640142,0.0,0.0,0.0,0.0,0,15.22
965776000,965776000,0.9798717,-0.012549122,0.19857724,-0.016436553,0.0,0.0,0.0,0.0,0,15.24
965796000,965796000,0.98006374,-0.012480824,0.19764951,-0.016221166,0.0,0.0,0.0,0.0,0,15.26
965816000,965816000,0.9802876,-0.01239442,0.19656011,-0.01599388,0.0,0.0,0.0,0.0,0,15.28
965836000,965836000,0.9805408,-0.012293518,0.19531873,-0.015756162,0.0,0.0,0.0,0.0,0,15.3
965856000,965856000,0.9808193,-0.012178192,0.19394265,-0.015510405,0.0,0.0,0.0,0.0,0,15.32
965876000,965876000,0.9811216,-0.012043329,0.19243589,-0.015259904,0.0,0.0,0.0,0.0,0,15.34
965896000,965896000,0.9814482,-0.011901521,0.19079252,-0.015004142,0.0,0.0,0.0,0.0,0,15.36
965916000,965916000,0.98179585,-0.011745516,0.18902548,-0.014746549,0.0,0.0,0.0,0.0,0,15.38
965936000,965936000,0.98216283,-0.011584751,0.18713938,-0.014487146,0.0,0.0,0.0,0.0,0,15.4
965956000,965956000,0.98254675,-0.011416817,0.18514384,-0.014228393,0.0,0.0,0.0,0.0,0,15.42
965976000,965976000,0.9829465,-0.011252573,0.18303937,-0.013970034,0.0,0.0,0.0,0.0,0,15.44
965996000,965996000,0.98336035,-0.011080654,0.18083315,-0.013715602,0.0,0.0,0.0,0.0,0,15.46
966016000,966016000,0.9837876,-0.010913414,0.17852354,-0.013464387,0.0,0.0,0.0,0.0,0,15.48
966036000,966036000,0.98422587,-0.010739742,0.17612065,-0.013219871,0.0,0.0,0.0,0.0,0,15.5
966056000,966056000,0.9846738,-0.01057244,0.17362702,-0.01298101,0.0,0.0,0.0,0.0,0,15.52
966076000,966076000,0.9851301,-0.0104015125,0.17104684,-0.012750854,0.0,0.0,0.0,0.0,0,15.54
966096000,966096000,0.98559433,-0.010237415,0.16837795,-0.0125285005,0.0,0.0,0.0,0.0,0,15.56
966116000,966116000,0.9860636,-0.010070274,0.1656337,-0.012316916,0.0,0.0,0.0,0.0,0,15.58
966136000,966136000,0.98653656,-0.009905349,0.16281827,-0.012116102,0.0,0.0,0.0,0.0,0,15.6
966156000,966156000,0.9870115,-0.009733552,0.15993877,-0.011928361,0.0,0.0,0.0,0.0,0,15.62
966176000,966176000,0.9874879,-0.009573355,0.15699375,-0.011751181,0.0,0.0,0.0,0.0,0,15.64
966196000,966196000,0.98796344,-0.009414467,0.15399517,-0.01158692,0.0,0.0,0.0,0.0,0,15.66
966216000,966216000,0.9884384,-0.009268756,0.15093677,-0.011434008,0.0,0.0,0.0,0.0,0,15.68
966236000,966236000,0.98891103,-0.009126083,0.14782836,-0.0112945605,0.0,0.0,0.0,0.0,0,15.7
966256000,966256000,0.9893798,-0.008994807,0.14467555,-0.011167559,0.0,0.0,0.0,0.0,0,15.72
966276000,966276000,0.9898437,-0.008866133,0.14148405,-0.011054446,0.0,0.0,0.0,0.0,0,15.74
966296000,966296000,0.9903016,-0.008748718,0.13825792,-0.010954147,0.0,0.0,0.0,0.0,0,15.76
966316000,966316000,0.9907511,-0.008627762,0.13501431,-0.010868737,0.0,0.0,0.0,0.0,0,15.78
966336000,966336000,0.99119246,-0.008518001,0.13174771,-0.010796012,0.0,0.0,0.0,0.0,0,15.8
966356000,966356000,0.99162483,-0.008409259,0.12846527,-0.010737397,0.0,0.0,0.0,0.0,0,15.82
966376000,966376000,0.9920481,-0.008319134,0.12516496,-0.010690192,0.0,0.0,0.0,0.0,0,15.84
966396000,966396000,0.99246097,-0.008238607,0.12185639,-0.010655238,0.0,0.0,0.0,0.0,0,15.86
966416000,966416000,0.9928643,-0.00817348,0.11853178,-0.010631402,0.0,0.0,0.0,0.0,0,15.88
966436000,966436000,0.99325615,-0.00811678,0.1152071,-0.010618968,0.0,0.0,0.0,0.0,0,15.9
966456000,966456000,0.9936362,-0.008084552,0.111884825,-0.010615372,0.0,0.0,0.0,0.0,0,15.92
966476000,966476000,0.99400324,-0.008067089,0.108575895,-0.01062147,0.0,0.0,0.0,0.0,0,15.94
966496000,966496000,0.994358,-0.0080736475,0.105275705,-0.010635653,0.0,0.0,0.0,0.0,0,15.96
966516000,966516000,0.99469954,-0.00809173,0.1019942,-0.010658737,0.0,0.0,0.0,0.0,0,15.98
966536000,966536000,0.9950287,-0.008128861,0.09872545,-0.010689058,0.0,0.0,0.0,0.0,0,16.0
966556000,966556000,0.9953435,-0.008176724,0.09549061,-0.010726917,0.0,0.0,0.0,0.0,0,16.02
966576000,966576000,0.9956451,-0.008249041,0.09228167,-0.010770004,0.0,0.0,0.0,0.0,0,16.04
966596000,966596000,0.9959331,-0.008329995,0.089105815,-0.010819201,0.0,0.0,0.0,0.0,0,16.06
966616000,966616000,0.99620825,-0.008425153,0.08595944,-0.010873386,0.0,0.0,0.0,0.0,0,16.08
966636000,966636000,0.99646956,-0.008526302,0.082856946,-0.010932451,0.0,0.0,0.0,0.0,0,16.1
966656000,966656000,0.996718,-0.008643311,0.0797919,-0.010994808,0.0,0.0,0.0,0.0,0,16.12
966676000,966676000,0.9969529,-0.008763138,0.07677864,-0.011060487,0.0,0.0,0.0,0.0,0,16.14
966696000,966696000,0.9971753,-0.008899616,0.07380744,-0.011127437,0.0,0.0,0.0,0.0,0,16.16
966716000,966716000,0.9973848,-0.009043756,0.07089081,-0.011195522,0.0,0.0,0.0,0.0,0,16.18
966736000,966736000,0.99758214,-0.009204691,0.06802538,-0.011263182,0.0,0.0,0.0,0.0,0,16.2
966756000,966756000,0.99776673,-0.00937148,0.06522624,-0.011330677,0.0,0.0,0.0,0.0,0,16.22
966776000,966776000,0.99794,-0.00955163,0.06247992,-0.011396767,0.0,0.0,0.0,0.0,0,16.24
966796000,966796000,0.99810225,-0.009737807,0.059789386,-0.011461104,0.0,0.0,0.0,0.0,0,16.26
966816000,966816000,0.99825454,-0.009937728,0.057143833,-0.011522337,0.0,0.0,0.0,0.0,0,16.28
966836000,966836000,0.99839634,-0.010135597,0.05456169,-0.011580633,0.0,0.0,0.0,0.0,0,16.3
966856000,966856000,0.9985285,-0.010337854,0.052035566,-0.01163485,0.0,0.0,0.0,0.0,0,16.32
966876000,966876000,0.9986513,-0.010533024,0.049569473,-0.011685092,0.0,0.0,0.0,0.0,0,16.34
966896000,966896000,0.99876565,-0.010733143,0.047153186,-0.011730468,0.0,0.0,0.0,0.0,0,16.36
966916000,966916000,0.9988716,-0.010928475,0.044795632,-0.0117707625,0.0,0.0,0.0,0.0,0,16.38
966936000,966936000,0.99897003,-0.011118178,0.042484697,-0.01180568,0.0,0.0,0.0,0.0,0,16.4
966956000,966956000,0.99906135,-0.0112929335,0.04022334,-0.011834961,0.0,0.0,0.0,0.0,0,16.42
966976000,966976000,0.99914646,-0.011458616,0.037993837,-0.011857781,0.0,0.0,0.0,0.0,0,16.44
966996000,966996000,0.99922514,-0.011614451,0.035810266,-0.011874024,0.0,0.0,0.0,0.0,0,16.46
967016000,967016000,0.9992977,-0.011768148,0.033667605,-0.011883305,0.0,0.0,0.0,0.0,0,16.48
967036000,967036000,0.99936444,-0.011917707,0.031568464,-0.011885454,0.0,0.0,0.0,0.0,0,16.5
967056000,967056000,0.9994258,-0.012063221,0.029502884,-0.0118801845,0.0,0.0,0.0,0.0,0,16.52
967076000,967076000,0.99948186,-0.0121907815,0.027488708,-0.011867867,0.0,0.0,0.0,0.0,0,16.54
967096000,967096000,0.9995329,-0.012301205,0.025524091,-0.011848258,0.0,0.0,0.0,0.0,0,16.56
967116000,967116000,0.9995791,-0.012396714,0.02360887,-0.011821781,0.0,0.0,0.0,0.0,0,16.58
967136000,967136000,0.9996207,-0.012481161,0.02174457,-0.011788736,0.0,0.0,0.0,0.0,0,16.6
967156000,967156000,0.999658,-0.012547484,0.019937303,-0.01174919,0.0,0.0,0.0,0.0,0,16.62
967176000,967176000,0.9996911,-0.012595304,0.018198695,-0.011703603,0.0,0.0,0.0,0.0,0,16.64
967196000,967196000,0.9997203,-0.012631694,0.016525645,-0.011652088,0.0,0.0,0.0,0.0,0,16.66
967216000,967216000,0.9997459,-0.012657565,0.014918218,-0.01159455,0.0,0.0,0.0,0.0,0,16.68
967236000,967236000,0.9997683,-0.012675551,0.013371422,-0.011531062,0.0,0.0,0.0,0.0,0,16.7
967256000,967256000,0.9997878,-0.012679403,0.011888745,-0.011462252,0.0,0.0,0.0,0.0,0,16.72
967276000,967276000,0.9998047,-0.012664526,0.010470149,-0.0113884695,0.0,0.0,0.0,0.0,0,16.74
967296000,967296000,0.9998193,-0.01262661,0.009120349,-0.011310404,0.0,0.0,0.0,0.0,0,16.76
967316000,967316000,0.99983174,-0.012577159,0.0078355465,-0.01122812,0.0,0.0,0.0,0.0,0,16.78
967336000,967336000,0.9998423,-0.012508378,0.006623737,-0.011142027,0.0,0.0,0.0,0.0,0,16.8
967356000,967356000,0.9998513,-0.0124217225,0.005476722,-0.011052525,0.0,0.0,0.0,0.0,0,16.82
967376000,967376000,0.9998589,-0.012320154,0.0043938304,-0.010960117,0.0,0.0,0.0,0.0,0,16.84
967396000,967396000,0.9998653,-0.012208779,0.003375757,-0.010865184,0.0,0.0,0.0,0.0,0,16.86
967416000,967416000,0.99987066,-0.012081769,0.0024184627,-0.010768081,0.0,0.0,0.0,0.0,0,16.88
967436000,967436000,0.9998751,-0.011945766,0.001516209,-0.010669439,0.0,0.0,0.0,0.0,0,16.9
967456000,967456000,0.9998789,-0.011798136,0.00067797117,-0.010570005,0.0,0.0,0.0,0.0,0,16.92
967476000,967476000,0.9998819,-0.011644278,-9.924066e-05,-0.010469998,0.0,0.0,0.0,0.0,0,16.94
967496000,967496000,0.99988455,-0.0114788525,-0.00082377257,-0.010369744,0.0,0.0,0.0,0.0,0,16.96
967516000,967516000,0.9998868,-0.011303094,-0.0014931265,-0.0102697,0.0,0.0,0.0,0.0,0,16.98
967536000,967536000,0.9998889,-0.011112541,-0.0021011683,-0.01017055,0.0,0.0,0.0,0.0,0,17.0
967556000,967556000,0.99989074,-0.010913702,-0.002654174,-0.010072611,0.0,0.0,0.0,0.0,0,17.02
967576000,967576000,0.9998925,-0.010708945,-0.0031545977,-0.009976246,0.0,0.0,0.0,0.0,0,17.04
967596000,967596000,0.9998942,-0.010492506,-0.003603041,-0.009881676,0.0,0.0,0.0,0.0,0,17.06
967616000,967616000,0.999896,-0.010260832,-0.0040028435,-0.009789117,0.0,0.0,0.0,0.0,0,17.08
967636000,967636000,0.9998979,-0.010015492,-0.0043547144,-0.0096989125,0.0,0.0,0.0,0.0,0,17.1
967656000,967656000,0.99989986,-0.0097620515,-0.0046617766,-0.009611226,0.0,0.0,0.0,0.0,0,17.12
967676000,967676000,0.99990195,-0.009500788,-0.0049207704,-0.009526647,0.0,0.0,0.0,0.0,0,17.14
967696000,967696000,0.99990416,-0.009231296,-0.005137372,-0.0094456,0.0,0.0,0.0,0.0,0,17.16
967716000,967716000,0.9999064,-0.008961451,-0.005314014,-0.009368228,0.0,0.0,0.0,0.0,0,17.18
967736000,967736000,0.9999087,-0.008691401,-0.0054557263,-0.009294565,0.0,0.0,0.0,0.0,0,17.2
967756000,967756000,0.9999111,-0.008414573,-0.0055605522,-0.009224615,0.0,0.0,0.0,0.0,0,17.22
967776000,967776000,0.9999137,-0.008133585,-0.0056332266,-0.009158626,0.0,0.0,0.0,0.0,0,17.24
967796000,967796000,0.99991626,-0.007850584,-0.005676789,-0.009096823,0.0,0.0,0.0,0.0,0,17.26
967816000,967816000,0.9999189,-0.007566253,-0.005695021,-0.009039238,0.0,0.0,0.0,0.0,0,17.28
967836000,967836000,0.9999215,-0.0072834566,-0.005684182,-0.008985927,0.0,0.0,0.0,0.0,0,17.3
967856000,967856000,0.9999242,-0.007006268,-0.0056403084,-0.008936663,0.0,0.0,0.0,0.0,0,17.32
967876000,967876000,0.9999268,-0.0067375363,-0.0055676303,-0.008891444,0.0,0.0,0.0,0.0,0,17.34
967896000,967896000,0.9999295,-0.006477012,-0.005467556,-0.008850383,0.0,0.0,0.0,0.0,0,17.36
967916000,967916000,0.99993205,-0.0062222453,-0.0053450014,-0.008813675,0.0,0.0,0.0,0.0,0,17.38
967936000,967936000,0.9999346,-0.005970919,-0.0052046943,-0.008781106,0.0,0.0,0.0,0.0,0,17.4
967956000,967956000,0.9999371,-0.005718357,-0.0050508934,-0.008752641,0.0,0.0,0.0,0.0,0,17.42
967976000,967976000,0.9999396,-0.0054691327,-0.004881049,-0.008728022,0.0,0.0,0.0,0.0,0,17.44
967996000,967996000,0.99994195,-0.0052222167,-0.0046983217,-0.00870742,0.0,0.0,0.0,0.0,0,17.46
968016000,968016000,0.99994427,-0.0049766055,-0.0045032515,-0.008690803,0.0,0.0,0.0,0.0,0,17.48
968036000,968036000,0.9999465,-0.004729775,-0.0043040076,-0.008678026,0.0,0.0,0.0,0.0,0,17.5
968056000,968056000,0.9999485,-0.0044873934,-0.0041001574,-0.008668673,0.0,0.0,0.0,0.0,0,17.52
968076000,968076000,0.99995047,-0.0042490517,-0.0038884187,-0.008662959,0.0,0.0,0.0,0.0,0,17.54
968096000,968096000,0.99995226,-0.0040105633,-0.0036689225,-0.008660721,0.0,0.0,0.0,0.0,0,17.56
968116000,968116000,0.999954,-0.0037745691,-0.0034413764,-0.008661776,0.0,0.0,0.0,0.0,0,17.58
968136000,968136000,0.9999556,-0.0035408272,-0.003208744,-0.008666119,0.0,0.0,0.0,0.0,0,17.6
968156000,968156000,0.999957,-0.0033120958,-0.0029769691,-0.008673486,0.0,0.0,0.0,0.0,0,17.62
968176000,968176000,0.99995834,-0.0030910748,-0.0027373552,-0.008683822,0.0,0.0,0.0,0.0,0,17.64
968196000,968196000,0.99995947,-0.0028775434,-0.0024966814,-0.008696843,0.0,0.0,0.0,0.0,0,17.66
968216000,968216000,0.9999605,-0.0026652068,-0.0022585085,-0.008711955,0.0,0.0,0.0,0.0,0,17.68
968236000,968236000,0.9999614,-0.0024584716,-0.0020247733,-0.008729164,0.0,0.0,0.0,0.0,0,17.7
968256000,968256000,0.9999621,-0.0022598354,-0.0017994358,-0.008748583,0.0,0.0,0.0,0.0,0,17.72
968276000,968276000,0.99996275,-0.0020616206,-0.0015788361,-0.008770082,0.0,0.0,0.0,0.0,0,17.74
968296000,968296000,0.9999632,-0.0018703619,-0.0013583853,-0.008793563,0.0,0.0,0.0,0.0,0,17.76
968316000,968316000,0.9999636,-0.001685753,-0.0011488248,-0.008819066,0.0,0.0,0.0,0.0,0,17.78
968336000,968336000,0.9999638,-0.0015049832,-0.00094968115,-0.00884634,0.0,0.0,0.0,0.0,0,17.8
968356000,968356000,0.999964,-0.0013335189,-0.0007501418,-0.00887495,0.0,0.0,0.0,0.0,0,17.82
968376000,968376000,0.99996406,-0.001169078,-0.00056205905,-0.008904739,0.0,0.0,0.0,0.0,0,17.84
968396000,968396000,0.99996406,-0.0010036484,-0.0003889348,-0.008935127,0.0,0.0,0.0,0.0,0,17.86
968416000,968416000,0.999964,-0.0008320753,-0.00022624886,-0.008966151,0.0,0.0,0.0,0.0,0,17.88
968436000,968436000,0.9999638,-0.00066240085,-6.911037e-05,-0.008997861,0.0,0.0,0.0,0.0,0,17.9
968456000,968456000,0.99996364,-0.00049891236,7.537255e-05,-0.009030273,0.0,0.0,0.0,0.0,0,17.92
968476000,968476000,0.9999634,-0.00033965133,0.00020688507,-0.009062982,0.0,0.0,0.0,0.0,0,17.94
968496000,968496000,0.9999631,-0.00017872255,0.0003288702,-0.009095546,0.0,0.0,0.0,0.0,0,17.96
968516000,968516000,0.9999628,-2.3357732e-05,0.00044001007,-0.009127873,0.0,0.0,0.0,0.0,0,17.98
968536000,968536000,0.99996245,0.00011763529,0.0005463088,-0.009159962,0.0,0.0,0.0,0.0,0,18.0
968556000,968556000,0.9999621,0.00025509353,0.00065039756,-0.009191827,0.0,0.0,0.0,0.0,0,18.02
968576000,968576000,0.9999617,0.0003943646,0.00075114676,-0.009223153,0.0,0.0,0.0,0.0,0,18.04
968596000,968596000,0.99996126,0.00053074583,0.0008410582,-0.009253549,0.0,0.0,0.0,0.0,0,18.06
968616000,968616000,0.99996084,0.0006605003,0.00091513863,-0.009282892,0.0,0.0,0.0,0.0,0,18.08
968636000,968636000,0.9999604,0.00078216306,0.0009783304,-0.00931112,0.0,0.0,0.0,0.0,0,18.1
968656000,968656000,0.99996,0.0008951399,0.0010455005,-0.009338259,0.0,0.0,0.0,0.0,0,18.12
968676000,968676000,0.9999596,0.0010031065,0.0011188223,-0.009364567,0.0,0.0,0.0,0.0,0,18.14
968696000,968696000,0.9999592,0.001105707,0.0011865556,-0.0093898475,0.0,0.0,0.0,0.0,0,18.16
968716000,968716000,0.99995875,0.001200568,0.0012409586,-0.0094140535,0.0,0.0,0.0,0.0,0,18.18
968736000,968736000,0.9999584,0.0012869334,0.0012786369,-0.009437049,0.0,0.0,0.0,0.0,0,18.2
968756000,968756000,0.99995804,0.0013700936,0.0013052349,-0.009458474,0.0,0.0,0.0,0.0,0,18.22
968776000,968776000,0.9999577,0.0014508953,0.0013323225,-0.009478504,0.0,0.0,0.0,0.0,0,18.24
968796000,968796000,0.9999573,0.0015278916,0.0013670415,-0.00949718,0.0,0.0,0.0,0.0,0,18.26
968816000,968816000,0.999957,0.001598296,0.001404402,-0.009514666,0.0,0.0,0.0,0.0,0,18.28
968836000,968836000,0.9999567,0.0016605543,0.001432828,-0.00953092,0.0,0.0,0.0,0.0,0,18.3
968856000,968856000,0.9999565,0.001719337,0.0014516028,-0.009545627,0.0,0.0,0.0,0.0,0,18.32
968876000,968876000,0.9999562,0.0017760177,0.0014668511,-0.009558977,0.0,0.0,0.0,0.0,0,18.34
968896000,968896000,0.99995595,0.0018267552,0.001489574,-0.009571139,0.0,0.0,0.0,0.0,0,18.36
968916000,968916000,0.9999557,0.0018687105,0.0015249718,-0.009582148,0.0,0.0,0.0,0.0,0,18.38
968936000,968936000,0.9999555,0.0019046181,0.0015692526,-0.009592448,0.0,0.0,0.0,0.0,0,18.4
968956000,968956000,0.9999553,0.0019377177,0.0016123494,-0.009601621,0.0,0.0,0.0,0.0,0,18.42
968976000,968976000,0.99995506,0.001967185,0.001646842,-0.009609641,0.0,0.0,0.0,0.0,0,18.44
968996000,968996000,0.99995494,0.0019919197,0.0016756937,-0.009616463,0.0,0.0,0.0,0.0,0,18.46
969016000,969016000,0.99995476,0.0020133962,0.0017064994,-0.009622161,0.0,0.0,0.0,0.0,0,18.48
969036000,969036000,0.99995464,0.002036566,0.0017385944,-0.0096271355,0.0,0.0,0.0,0.0,0,18.5
969056000,969056000,0.99995446,0.0020622471,0.0017718262,-0.009631554,0.0,0.0,0.0,0.0,0,18.52
969076000,969076000,0.99995434,0.0020845577,0.0018001195,-0.009635118,0.0,0.0,0.0,0.0,0,18.54
969096000,969096000,0.9999543,0.0020991054,0.0018145228,-0.009637722,0.0,0.0,0.0,0.0,0,18.56
969116000,969116000,0.9999542,0.0021075502,0.0018145308,-0.0096391095,0.0,0.0,0.0,0.0,0,18.58
969136000,969136000,0.9999542,0.0021107532,0.0018036783,-0.009639482,0.0,0.0,0.0,0.0,0,18.6
969156000,969156000,0.9999543,0.0021123202,0.0017937021,-0.009638681,0.0,0.0,0.0,0.0,0,18.62
969176000,969176000,0.9999543,0.0021083646,0.0017919828,-0.0096368585,0.0,0.0,0.0,0.0,0,18.64
969196000,969196000,0.99995434,0.002094778,0.0017918781,-0.009634396,0.0,0.0,0.0,0.0,0,18.66
969216000,969216000,0.99995446,0.0020772005,0.0017781104,-0.0096312445,0.0,0.0,0.0,0.0,0,18.68
969236000,969236000,0.9999545,0.0020529774,0.0017652289,-0.009627249,0.0,0.0,0.0,0.0,0,18.7
969256000,969256000,0.99995464,0.0020236075,0.001757426,-0.009622826,0.0,0.0,0.0,0.0,0,18.72
969276000,969276000,0.99995476,0.001993267,0.0017479719,-0.009617967,0.0,0.0,0.0,0.0,0,18.74
969296000,969296000,0.99995494,0.001957767,0.0017276293,-0.009612465,0.0,0.0,0.0,0.0,0,18.76
969316000,969316000,0.9999551,0.0019190422,0.001695692,-0.009606607,0.0,0.0,0.0,0.0,0,18.78
969336000,969336000,0.99995536,0.0018751486,0.0016494235,-0.009600094,0.0,0.0,0.0,0.0,0,18.8
969356000,969356000,0.9999556,0.0018258578,0.0015946816,-0.009593489,0.0,0.0,0.0,0.0,0,18.82
969376000,969376000,0.99995583,0.0017758175,0.0015489175,-0.009586711,0.0,0.0,0.0,0.0,0,18.84
969396000,969396000,0.9999561,0.0017175602,0.0014980341,-0.009579482,0.0,0.0,0.0,0.0,0,18.86
969416000,969416000,0.99995637,0.0016458349,0.0014473941,-0.009571608,0.0,0.0,0.0,0.0,0,18.88
969436000,969436000,0.9999566,0.0015626783,0.0013945057,-0.009562713,0.0,0.0,0.0,0.0,0,18.9
969456000,969456000,0.99995697,0.0014752938,0.0013380457,-0.009552615,0.0,0.0,0.0,0.0,0,18.92
969476000,969476000,0.99995726,0.0013881575,0.0012822399,-0.0095416615,0.0,0.0,0.0,0.0,0,18.94
969496000,969496000,0.9999575,0.0013008744,0.0012390047,-0.009529947,0.0,0.0,0.0,0.0,0,18.96
969516000,969516000,0.9999578,0.0012131574,0.0012036592,-0.009517356,0.0,0.0,0.0,0.0,0,18.98
969536000,969536000,0.9999581,0.0011288917,0.0011677924,-0.009504082,0.0,0.0,0.0,0.0,0,19.0
969556000,969556000,0.99995834,0.0010359661,0.0011277547,-0.009490825,0.0,0.0,0.0,0.0,0,19.02
969576000,969576000,0.99995863,0.00093876524,0.0010866007,-0.009477628,0.0,0.0,0.0,0.0,0,19.04
969596000,969596000,0.9999589,0.0008452705,0.0010506415,-0.009464604,0.0,0.0,0.0,0.0,0,19.06
969616000,969616000,0.99995905,0.0007585375,0.0010172514,-0.009451981,0.0,0.0,0.0,0.0,0,19.08
969636000,969636000,0.9999593,0.0006764892,0.0009806864,-0.009439666,0.0,0.0,0.0,0.0,0,19.1
969656000,969656000,0.99995947,0.0006020842,0.00094270456,-0.009427895,0.0,0.0,0.0,0.0,0,19.12
969676000,969676000,0.99995965,0.0005339007,0.00090094114,-0.009417016,0.0,0.0,0.0,0.0,0,19.14
969696000,969696000,0.9999598,0.00047157257,0.00085499807,-0.009406911,0.0,0.0,0.0,0.0,0,19.16
969716000,969716000,0.99996,0.00041755097,0.00080691616,-0.00939759,0.0,0.0,0.0,0.0,0,19.18
969736000,969736000,0.9999601,0.00036293757,0.00074965594,-0.009389112,0.0,0.0,0.0,0.0,0,19.2
969756000,969756000,0.99996024,0.00031079445,0.0007001991,-0.009380961,0.0,0.0,0.0,0.0,0,19.22
969776000,969776000,0.99996036,0.00026270797,0.00065561343,-0.009372987,0.0,0.0,0.0,0.0,0,19.24
969796000,969796000,0.9999605,0.0002196152,0.00061055715,-0.009365125,0.0,0.0,0.0,0.0,0,19.26
969816000,969816000,0.9999606,0.00018185264,0.00056272064,-0.009357343,0.0,0.0,0.0,0.0,0,19.28
969836000,969836000,0.9999607,0.0001496224,0.0005109786,-0.009349629,0.0,0.0,0.0,0.0,0,19.3
969856000,969856000,0.9999608,0.00012294808,0.00045488682,-0.009341977,0.0,0.0,0.0,0.0,0,19.32
969876000,969876000,0.9999609,0.00010084214,0.00039525286,-0.0093345875,0.0,0.0,0.0,0.0,0,19.34
969896000,969896000,0.999961,7.729393e-05,0.00033807193,-0.009327641,0.0,0.0,0.0,0.0,0,19.36
969916000,969916000,0.9999611,5.580154e-05,0.00027977282,-0.009320786,0.0,0.0,0.0,0.0,0,19.38
969936000,969936000,0.99996114,3.6783826e-05,0.00022213554,-0.009314615,0.0,0.0,0.0,0.0,0,19.4
969956000,969956000,0.9999612,1.884268e-05,0.00017553451,-0.009309245,0.0,0.0,0.0,0.0,0,19.42
969976000,969976000,0.99996126,4.0996097e-06,0.00013416521,-0.009304271,0.0,0.0,0.0,0.0,0,19.44
969996000,969996000,0.9999613,-1.0600364e-05,9.733606e-05,-0.009299848,0.0,0.0,0.0,0.0,0,19.46
970016000,970016000,0.9999613,-2.5382926e-05,6.902984e-05,-0.009296069,0.0,0.0,0.0,0.0,0,19.48
970036000,970036000,0.9999614,-2.574574e-05,3.7697682e-05,-0.009292899,0.0,0.0,0.0,0.0,0,19.5
970056000,970056000,0.9999614,-5.6537338e-06,1.332408e-06,-0.009290378,0.0,0.0,0.0,0.0,0,19.52
970076000,970076000,0.99996144,2.36716e-05,-2.7122438e-05,-0.009288319,0.0,0.0,0.0,0.0,0,19.54
970096000,970096000,0.99996144,5.945589e-05,-4.2938656e-05,-0.009287252,0.0,0.0,0.0,0.0,0,19.56
970116000,970116000,0.99996144,0.00010358131,-5.278599e-05,-0.009287063,0.0,0.0,0.0,0.0,0,19.58
970136000,970136000,0.99996144,0.00015501739,-6.183662e-05,-0.009287382,0.0,0.0,0.0,0.0,0,19.6
970156000,970156000,0.9999614,0.00021087234,-7.506913e-05,-0.009287942,0.0,0.0,0.0,0.0,0,19.62
970176000,970176000,0.9999614,0.00027642676,-8.7876935e-05,-0.009289081,0.0,0.0,0.0,0.0,0,19.64
970196000,970196000,0.9999613,0.00035328095,-9.9356286e-05,-0.009290628,0.0,0.0,0.0,0.0,0,19.66
970216000,970216000,0.99996126,0.0004352997,-0.000115055256,-0.009292424,0.0,0.0,0.0,0.0,0,19.68
970236000,970236000,0.9999612,0.000521293,-0.00013421116,-0.00929436,0.0,0.0,0.0,0.0,0,19.7
970256000,970256000,0.99996114,0.00060878956,-0.00015430737,-0.009296415,0.0,0.0,0.0,0.0,0,19.72
970276000,970276000,0.9999611,0.0006944099,-0.00017188993,-0.009298449,0.0,0.0,0.0,0.0,0,19.74
970296000,970296000,0.99996096,0.00078249,-0.00019143628,-0.009300443,0.0,0.0,0.0,0.0,0,19.76
970316000,970316000,0.9999609,0.00087384274,-0.00021377085,-0.00930262,0.0,0.0,0.0,0.0,0,19.78
970336000,970336000,0.9999608,0.0009618393,-0.00023223963,-0.009305274,0.0,0.0,0.0,0.0,0,19.8
970356000,970356000,0.99996066,0.0010495115,-0.00024991747,-0.00930797,0.0,0.0,0.0,0.0,0,19.82
970376000,970376000,0.99996054,0.001140723,-0.0002708551,-0.009310657,0.0,0.0,0.0,0.0,0,19.84
970396000,970396000,0.99996036,0.001234636,-0.0002941773,-0.009313651,0.0,0.0,0.0,0.0,0,19.86
970416000,970416000,0.99996024,0.0013245009,-0.0003131656,-0.009317047,0.0,0.0,0.0,0.0,0,19.88
970436000,970436000,0.99996006,0.0014151827,-0.00033274354,-0.009320447,0.0,0.0,0.0,0.0,0,19.9
970456000,970456000,0.9999599,0.0015073904,-0.00035380234,-0.009324135,0.0,0.0,0.0,0.0,0,19.92
970476000,970476000,0.9999597,0.0015980279,-0.00037292193,-0.009328051,0.0,0.0,0.0,0.0,0,19.94
970496000,970496000,0.9999595,0.0016891689,-0.00038724588,-0.00933201,0.0,0.0,0.0,0.0,0,19.96
970516000,970516000,0.9999593,0.001787713,-0.00039681565,-0.009335959,0.0,0.0,0.0,0.0,0,19.98
970536000,970536000,0.99995905,0.0018954071,-0.00040269154,-0.009339929,0.0,0.0,0.0,0.0,0,20.0
970556000,970556000,0.9999588,0.0020065033,-0.00040811006,-0.009344225,0.0,0.0,0.0,0.0,0,20.02
970576000,970576000,0.9999585,0.002112791,-0.00040755706,-0.009349141,0.0,0.0,0.0,0.0,0,20.04
970596000,970596000,0.9999583,0.00221249,-0.0004002084,-0.009354512,0.0,0.0,0.0,0.0,0,20.06
970616000,970616000,0.99995804,0.0023063181,-0.00038724244,-0.009360168,0.0,0.0,0.0,0.0,0,20.08
970636000,970636000,0.99995774,0.0024021694,-0.00037698483,-0.009366053,0.0,0.0,0.0,0.0,0,20.1
970656000,970656000,0.99995744,0.0024981454,-0.0003685572,-0.009372261,0.0,0.0,0.0,0.0,0,20.12
970676000,970676000,0.99995714,0.0025946177,-0.00036835702,-0.009378658,0.0,0.0,0.0,0.0,0,20.14
970696000,970696000,0.9999568,0.002693465,-0.00036553733,-0.009385258,0.0,0.0,0.0,0.0,0,20.16
970716000,970716000,0.9999565,0.0027896727,-0.00034893592,-0.0093921805,0.0,0.0,0.0,0.0,0,20.18
970736000,970736000,0.9999562,0.0028759926,-0.00033850805,-0.009399578,0.0,0.0,0.0,0.0,0,20.2
970756000,970756000,0.9999559,0.0029526702,-0.00034705742,-0.0094073545,0.0,0.0,0.0,0.0,0,20.22
970776000,970776000,0.9999556,0.0030197161,-0.00035519458,-0.009415077,0.0,0.0,0.0,0.0,0,20.24
970796000,970796000,0.99995536,0.0030839487,-0.00035594785,-0.009422729,0.0,0.0,0.0,0.0,0,20.26
970816000,970816000,0.99995506,0.0031503804,-0.00036355297,-0.009430181,0.0,0.0,0.0,0.0,0,20.28
970836000,970836000,0.99995476,0.0032202136,-0.0003792864,-0.009437522,0.0,0.0,0.0,0.0,0,20.3
970856000,970856000,0.99995446,0.0032870749,-0.00039553602,-0.00944416,0.0,0.0,0.0,0.0,0,20.32
970876000,970876000,0.9999542,0.0033475189,-0.00040778835,-0.009450011,0.0,0.0,0.0,0.0,0,20.34
970896000,970896000,0.9999539,0.0034122919,-0.0004246238,-0.009455656,0.0,0.0,0.0,0.0,0,20.36
970916000,970916000,0.9999536,0.0034859704,-0.0004506692,-0.00946104,0.0,0.0,0.0,0.0,0,20.38
970936000,970936000,0.9999533,0.003560471,-0.0004660656,-0.009465662,0.0,0.0,0.0,0.0,0,20.4
970956000,970956000,0.99995303,0.0036247252,-0.00047248928,-0.009469545,0.0,0.0,0.0,0.0,0,20.42
970976000,970976000,0.9999528,0.0036795747,-0.00048026594,-0.009472391,0.0,0.0,0.0,0.0,0,20.44
970996000,970996000,0.99995255,0.003733923,-0.00048147427,-0.009474333,0.0,0.0,0.0,0.0,0,20.46
971016000,971016000,0.9999524,0.0037846551,-0.0004846074,-0.009475936,0.0,0.0,0.0,0.0,0,20.48
971036000,971036000,0.9999522,0.0038221776,-0.00049239025,-0.0094774375,0.0,0.0,0.0,0.0,0,20.5
971056000,971056000,0.9999521,0.0038583276,-0.0004914661,-0.009478519,0.0,0.0,0.0,0.0,0,20.52
971076000,971076000,0.99995196,0.0038918601,-0.0004854958,-0.009479309,0.0,0.0,0.0,0.0,0,20.54
971096000,971096000,0.99995184,0.0039146263,-0.00048428355,-0.009479899,0.0,0.0,0.0,0.0,0,20.56
971116000,971116000,0.9999518,0.0039304607,-0.0004845233,-0.009480339,0.0,0.0,0.0,0.0,0,20.58
971136000,971136000,0.9999517,0.003942232,-0.0004884575,-0.009480757,0.0,0.0,0.0,0.0,0,20.6
971156000,971156000,0.99995166,0.00395019,-0.00048367007,-0.009481264,0.0,0.0,0.0,0.0,0,20.62
971176000,971176000,0.9999517,0.0039470964,-0.00048250152,-0.009481314,0.0,0.0,0.0,0.0,0,20.64
971196000,971196000,0.9999518,0.0039301915,-0.00048559118,-0.0094814245,0.0,0.0,0.0,0.0,0,20.66
971216000,971216000,0.99995184,0.003903055,-0.0004853273,-0.009481492,0.0,0.0,0.0,0.0,0,20.68
971236000,971236000,0.999952,0.0038678178,-0.0004858718,-0.009481674,0.0,0.0,0.0,0.0,0,20.7
971256000,971256000,0.99995214,0.0038249656,-0.0004908903,-0.009481617,0.0,0.0,0.0,0.0,0,20.72
971276000,971276000,0.9999524,0.0037737023,-0.00048898807,-0.009481805,0.0,0.0,0.0,0.0,0,20.74
971296000,971296000,0.9999526,0.0037078802,-0.00048284876,-0.009482236,0.0,0.0,0.0,0.0,0,20.76
971316000,971316000,0.99995285,0.0036354521,-0.0004829605,-0.009482767,0.0,0.0,0.0,0.0,0,20.78
971336000,971336000,0.99995315,0.003557343,-0.0004765927,-0.009483522,0.0,0.0,0.0,0.0,0,20.8
971356000,971356000,0.99995345,0.0034667077,-0.0004635625,-0.00948417,0.0,0.0,0.0,0.0,0,20.82
971376000,971376000,0.9999538,0.0033615178,-0.00045472087,-0.009484841,0.0,0.0,0.0,0.0,0,20.84
971396000,971396000,0.99995416,0.0032499938,-0.000442593,-0.009485542,0.0,0.0,0.0,0.0,0,20.86
971416000,971416000,0.9999546,0.0031337012,-0.00043052572,-0.009486296,0.0,0.0,0.0,0.0,0,20.88
971436000,971436000,0.99995494,0.0030133538,-0.00042707316,-0.009487179,0.0,0.0,0.0,0.0,0,20.9
971456000,971456000,0.9999553,0.002887919,-0.00041161777,-0.00948807,0.0,0.0,0.0,0.0,0,20.92
971476000,971476000,0.99995565,0.002757499,-0.00037867913,-0.009489326,0.0,0.0,0.0,0.0,0,20.94
971496000,971496000,0.999956,0.0026208856,-0.0003553423,-0.009490895,0.0,0.0,0.0,0.0,0,20.96
971516000,971516000,0.99995637,0.0024810466,-0.0003329799,-0.009492746,0.0,0.0,0.0,0.0,0,20.98
971536000,971536000,0.9999568,0.002323991,0.00022854118,-0.009492173,0.0,0.0,0.0,0.0,0,21.0
971556000,971556000,0.99992496,0.0019645859,0.00810166,-0.009470103,0.0,0.0,0.0,0.0,0,21.02
971576000,971576000,0.99961555,0.0013299844,0.026217328,-0.0094199525,0.0,0.0,0.0,0.0,0,21.04
971596000,971596000,0.99867064,0.00045019184,0.05077836,-0.009346746,0.0,0.0,0.0,0.0,0,21.06
971616000,971616000,0.9969445,-0.0005722647,0.07761931,-0.009258061,0.0,0.0,0.0,0.0,0,21.08
971636000,971636000,0.9944619,-0.0016805603,0.10472814,-0.009157273,0.0,0.0,0.0,0.0,0,21.1
971656000,971656000,0.9913231,-0.0028551146,0.13113953,-0.009045152,0.0,0.0,0.0,0.0,0,21.12
971676000,971676000,0.98765564,-0.003995129,0.15636393,-0.008932994,0.0,0.0,0.0,0.0,0,21.14
971696000,971696000,0.9836169,-0.005129667,0.18000796,-0.008815756,0.0,0.0,0.0,0.0,0,21.16
971716000,971716000,0.97938126,-0.0061846087,0.20176089,-0.008705418,0.0,0.0,0.0,0.0,0,21.18
971736000,971736000,0.97507983,-0.0071903192,0.22159156,-0.008596192,0.0,0.0,0.0,0.0,0,21.2
971756000,971756000,0.9708386,-0.008104193,0.23946515,-0.008498068,0.0,0.0,0.0,0.0,0,21.22
971776000,971776000,0.96673936,-0.008946779,0.25548655,-0.008407423,0.0,0.0,0.0,0.0,0,21.24
971796000,971796000,0.9628506,-0.009679301,0.26974928,-0.008335143,0.0,0.0,0.0,0.0,0,21.26
971816000,971816000,0.9592108,-0.010332587,0.28239772,-0.008274953,0.0,0.0,0.0,0.0,0,21.28
971836000,971836000,0.95584893,-0.010888506,0.29355684,-0.008233702,0.0,0.0,0.0,0.0,0,21.3
971856000,971856000,0.9527708,-0.01137735,0.30338117,-0.008204367,0.0,0.0,0.0,0.0,0,21.32
971876000,971876000,0.94996995,-0.0117771365,0.3120261,-0.008195321,0.0,0.0,0.0,0.0,0,21.34
971896000,971896000,0.9474387,-0.012112625,0.319617,-0.008200036,0.0,0.0,0.0,0.0,0,21.36
971916000,971916000,0.9451677,-0.012377092,0.32626104,-0.008221995,0.0,0.0,0.0,0.0,0,21.38
971936000,971936000,0.94313294,-0.012588799,0.33208844,-0.008257043,0.0,0.0,0.0,0.0,0,21.4
971956000,971956000,0.94132113,-0.012747899,0.3371827,-0.008305636,0.0,0.0,0.0,0.0,0,21.42
971976000,971976000,0.9397111,-0.012866785,0.34163815,-0.008364674,0.0,0.0,0.0,0.0,0,21.44
971996000,971996000,0.9382843,-0.012947637,0.3455328,-0.008434093,0.0,0.0,0.0,0.0,0,21.46
972016000,972016000,0.93702024,-0.012988451,0.34894258,-0.008515673,0.0,0.0,0.0,0.0,0,21.48
972036000,972036000,0.9359053,-0.012996456,0.3519196,-0.008607044,0.0,0.0,0.0,0.0,0,21.5
972056000,972056000,0.934921,-0.0129717775,0.3545245,-0.008708782,0.0,0.0,0.0,0.0,0,21.52
972076000,972076000,0.9340599,-0.012936272,0.35678592,-0.008812785,0.0,0.0,0.0,0.0,0,21.54
972096000,972096000,0.9333016,-0.012879762,0.3587641,-0.008923272,0.0,0.0,0.0,0.0,0,21.56
972116000,972116000,0.9326331,-0.012806738,0.36049813,-0.009038643,0.0,0.0,0.0,0.0,0,21.58
972136000,972136000,0.9320479,-0.012714818,0.36200866,-0.009159833,0.0,0.0,0.0,0.0,0,21.6
972156000,972156000,0.93154,-0.012610735,0.36331397,-0.009284206,0.0,0.0,0.0,0.0,0,21.62
972176000,972176000,0.9310955,-0.012502846,0.36445224,-0.009409167,0.0,0.0,0.0,0.0,0,21.64
972196000,972196000,0.9307063,-0.012389598,0.36544555,-0.0095350575,0.0,0.0,0.0,0.0,0,21.66
972216000,972216000,0.9303728,-0.012266554,0.36629462,-0.009663169,0.0,0.0,0.0,0.0,0,21.68
972236000,972236000,0.93008256,-0.012135871,0.36703178,-0.009793102,0.0,0.0,0.0,0.0,0,21.7
972256000,972256000,0.9298319,-0.011998548,0.36766732,-0.009924526,0.0,0.0,0.0,0.0,0,21.72
972276000,972276000,0.92963433,-0.011852092,0.36816776,-0.010057846,0.0,0.0,0.0,0.0,0,21.74
972296000,972296000,0.9295859,-0.0116952965,0.36829135,-0.010191659,0.0,0.0,0.0,0.0,0,21.76
972316000,972316000,0.9298363,-0.011534699,0.36766016,-0.01032064,0.0,0.0,0.0,0.0,0,21.78
972336000,972336000,0.93046933,-0.011378155,0.36605668,-0.01044045,0.0,0.0,0.0,0.0,0,21.8
972356000,972356000,0.9314928,-0.01122102,0.363446,-0.010552933,0.0,0.0,0.0,0.0,0,21.82
972376000,972376000,0.9328811,-0.011057119,0.35986948,-0.010661037,0.0,0.0,0.0,0.0,0,21.84
972396000,972396000,0.93460876,-0.0108833285,0.35536066,-0.010766551,0.0,0.0,0.0,0.0,0,21.86
972416000,972416000,0.9366444,-0.010705485,0.3499624,-0.0108678555,0.0,0.0,0.0,0.0,0,21.88
972436000,972436000,0.9389618,-0.010528402,0.34369874,-0.010963523,0.0,0.0,0.0,0.0,0,21.9
972456000,972456000,0.94152796,-0.010345839,0.33660793,-0.01105651,0.0,0.0,0.0,0.0,0,21.92
972476000,972476000,0.9443223,-0.010163476,0.32868978,-0.011145039,0.0,0.0,0.0,0.0,0,21.94
972496000,972496000,0.9473086,-0.009971735,0.31998417,-0.0112329135,0.0,0.0,0.0,0.0,0,21.96
972516000,972516000,0.9504683,-0.009789612,0.31047592,-0.011313608,0.0,0.0,0.0,0.0,0,21.98
972536000,972536000,0.95376,-0.009599962,0.30021495,-0.01139287,0.0,0.0,0.0,0.0,0,22.0
972556000,972556000,0.9571597,-0.009422187,0.2891959,-0.011463993,0.0,0.0,0.0,0.0,0,22.02
972576000,972576000,0.9606211,-0.009231812,0.27748492,-0.0115345195,0.0,0.0,0.0,0.0,0,22.04
972596000,972596000,0.9641198,-0.009062262,0.26507655,-0.011594357,0.0,0.0,0.0,0.0,0,22.06
972616000,972616000,0.96761334,-0.008877035,0.2520295,-0.011653671,0.0,0.0,0.0,0.0,0,22.08
972636000,972636000,0.9710744,-0.008709545,0.23835015,-0.011703174,0.0,0.0,0.0,0.0,0,22.1
972656000,972656000,0.9744586,-0.008525065,0.22411782,-0.011751495,0.0,0.0,0.0,0.0,0,22.12
972676000,972676000,0.9777391,-0.008372356,0.20934738,-0.011786249,0.0,0.0,0.0,0.0,0,22.14
972696000,972696000,0.9808751,-0.008203621,0.19412953,-0.011817558,0.0,0.0,0.0,0.0,0,22.16
972716000,972716000,0.98384184,-0.008051846,0.17849198,-0.011837792,0.0,0.0,0.0,0.0,0,22.18
972736000,972736000,0.9866052,-0.007877525,0.16253205,-0.011854237,0.0,0.0,0.0,0.0,0,22.2
972756000,972756000,0.98914355,-0.007728733,0.14630021,-0.011858093,0.0,0.0,0.0,0.0,0,22.22
972776000,972776000,0.99143356,-0.0075815595,0.12988707,-0.011853169,0.0,0.0,0.0,0.0,0,22.24
972796000,972796000,0.9934598,-0.0074627283,0.11336187,-0.011835388,0.0,0.0,0.0,0.0,0,22.26
972816000,972816000,0.9952097,-0.007337023,0.096816584,-0.011808516,0.0,0.0,0.0,0.0,0,22.28
972836000,972836000,0.99667776,-0.007228601,0.08032273,-0.011769807,0.0,0.0,0.0,0.0,0,22.3
972856000,972856000,0.99786353,-0.0071159294,0.06394893,-0.011721078,0.0,0.0,0.0,0.0,0,22.32
972876000,972876000,0.99877,-0.0070066303,0.047775682,-0.011661435,0.0,0.0,0.0,0.0,0,22.34
972896000,972896000,0.9994059,-0.0069055506,0.031857386,-0.011590715,0.0,0.0,0.0,0.0,0,22.36
972916000,972916000,0.9997827,-0.006815562,0.016273418,-0.01150881,0.0,0.0,0.0,0.0,0,22.38
972936000,972936000,0.99991614,-0.006731102,0.0010712028,-0.011415453,0.0,0.0,0.0,0.0,0,22.4
972956000,972956000,0.9998247,-0.006654492,-0.01369186,-0.01131081,0.0,0.0,0.0,0.0,0,22.42
972976000,972976000,0.99952847,-0.0065842182,-0.027986536,-0.011194866,0.0,0.0,0.0,0.0,0,22.44
972996000,972996000,0.9990489,-0.006521585,-0.041777395,-0.0110677015,0.0,0.0,0.0,0.0,0,22.46
973016000,973016000,0.9984083,-0.00645809,-0.0550346,-0.010928869,0.0,0.0,0.0,0.0,0,22.48
973036000,973036000,0.99762887,-0.006401038,-0.06773915,-0.010778689,0.0,0.0,0.0,0.0,0,22.5
973056000,973056000,0.9967337,-0.006337324,-0.07986269,-0.010616793,0.0,0.0,0.0,0.0,0,22.52
973076000,973076000,0.9957434,-0.006283363,-0.0914089,-0.010444774,0.0,0.0,0.0,0.0,0,22.54
973096000,973096000,0.99467695,-0.006225576,-0.10238539,-0.010261633,0.0,0.0,0.0,0.0,0,22.56
973116000,973116000,0.9935506,-0.006182087,-0.11281283,-0.010069324,0.0,0.0,0.0,0.0,0,22.58
973136000,973136000,0.9923829,-0.0061267475,-0.12268048,-0.009865211,0.0,0.0,0.0,0.0,0,22.6
973156000,973156000,0.99118733,-0.006081851,-0.13200995,-0.009652172,0.0,0.0,0.0,0.0,0,22.62
973176000,973176000,0.9899792,-0.00603136,-0.14080116,-0.0094285775,0.0,0.0,0.0,0.0,0,22.64
973196000,973196000,0.988769,-0.005996882,-0.1490785,-0.009197611,0.0,0.0,0.0,0.0,0,22.66
973216000,973216000,0.9875701,-0.005960786,-0.15683943,-0.008957561,0.0,0.0,0.0,0.0,0,22.68
973236000,973236000,0.9863917,-0.0059364066,-0.16410172,-0.008710899,0.0,0.0,0.0,0.0,0,22.7
973256000,973256000,0.9852423,-0.0059033474,-0.17088127,-0.008454775,0.0,0.0,0.0,0.0,0,22.72
973276000,973276000,0.984127,-0.0058719795,-0.17720507,-0.008191896,0.0,0.0,0.0,0.0,0,22.74
973296000,973296000,0.9830528,-0.0058405166,-0.18308319,-0.007922905,0.0,0.0,0.0,0.0,0,22.76
973316000,973316000,0.98202616,-0.0058077886,-0.18852441,-0.007648371,0.0,0.0,0.0,0.0,0,22.78
973336000,973336000,0.981052,-0.0057785395,-0.19354174,-0.007369878,0.0,0.0,0.0,0.0,0,22.8
973356000,973356000,0.98013014,-0.0057493025,-0.19816859,-0.0070873634,0.0,0.0,0.0,0.0,0,22.82
973376000,973376000,0.97926426,-0.005716632,-0.20241469,-0.006800985,0.0,0.0,0.0,0.0,0,22.84
973396000,973396000,0.9784575,-0.005673648,-0.20628971,-0.006509986,0.0,0.0,0.0,0.0,0,22.86
973416000,973416000,0.9777108,-0.005632258,-0.20981032,-0.006218061,0.0,0.0,0.0,0.0,0,22.88
973436000,973436000,0.97702533,-0.0055876477,-0.21298903,-0.005925351,0.0,0.0,0.0,0.0,0,22.9
973456000,973456000,0.97640324,-0.005539574,-0.21583185,-0.0056323116,0.0,0.0,0.0,0.0,0,22.92
973476000,973476000,0.97584546,-0.0054838513,-0.21834867,-0.00533913,0.0,0.0,0.0,0.0,0,22.94
973496000,973496000,0.97535044,-0.0054343306,-0.22055757,-0.0050496995,0.0,0.0,0.0,0.0,0,22.96
973516000,973516000,0.97491896,-0.0053751655,-0.22246483,-0.004761809,0.0,0.0,0.0,0.0,0,22.98
973536000,973536000,0.97455055,-0.0053152703,-0.2240803,-0.0044784434,0.0,0.0,0.0,0.0,0,23.0
973556000,973556000,0.9742443,-0.005249911,-0.22541504,-0.0041989107,0.0,0.0,0.0,0.0,0,23.02
973576000,973576000,0.9739966,-0.005178547,-0.2264896,-0.003923809,0.0,0.0,0.0,0.0,0,23.04
973596000,973596000,0.9738097,-0.0050880616,-0.22729835,-0.0036512685,0.0,0.0,0.0,0.0,0,23.06
973616000,973616000,0.9736809,-0.0049996525,-0.2278554,-0.0033873385,0.0,0.0,0.0,0.0,0,23.08
973636000,973636000,0.97360617,-0.004907996,-0.22818023,-0.0031311817,0.0,0.0,0.0,0.0,0,23.1
973656000,973656000,0.9735833,-0.004814583,-0.22828324,-0.0028837672,0.0,0.0,0.0,0.0,0,23.12
973676000,973676000,0.9736108,-0.0047153924,-0.22817057,-0.0026448374,0.0,0.0,0.0,0.0,0,23.14
973696000,973696000,0.9736888,-0.0046126656,-0.22784236,-0.0024156591,0.0,0.0,0.0,0.0,0,23.16
973716000,973716000,0.9738156,-0.004511091,-0.22730389,-0.0021979602,0.0,0.0,0.0,0.0,0,23.18
973736000,973736000,0.97399,-0.0044024074,-0.2265594,-0.0019901616,0.0,0.0,0.0,0.0,0,23.2
973756000,973756000,0.974209,-0.00429209,-0.22561984,-0.0017939605,0.0,0.0,0.0,0.0,0,23.22
973776000,973776000,0.97446984,-0.0041770376,-0.2244942,-0.0016091844,0.0,0.0,0.0,0.0,0,23.24
973796000,973796000,0.97477007,-0.0040558423,-0.22319041,-0.0014358201,0.0,0.0,0.0,0.0,0,23.26
973816000,973816000,0.9751083,-0.003924273,-0.22171126,-0.00127322,0.0,0.0,0.0,0.0,0,23.28
973836000,973836000,0.9754799,-0.0037826141,-0.22007376,-0.0011214928,0.0,0.0,0.0,0.0,0,23.3
973856000,973856000,0.9758847,-0.0036270546,-0.21827513,-0.000980152,0.0,0.0,0.0,0.0,0,23.32
973876000,973876000,0.97631913,-0.0034622634,-0.2163268,-0.00085055793,0.0,0.0,0.0,0.0,0,23.34
973896000,973896000,0.9767818,-0.0032895952,-0.21423149,-0.0007329812,0.0,0.0,0.0,0.0,0,23.36
973916000,973916000,0.9772704,-0.0031048248,-0.21199442,-0.00062652474,0.0,0.0,0.0,0.0,0,23.38
973936000,973936000,0.97778153,-0.002904676,-0.20962742,-0.0005303707,0.0,0.0,0.0,0.0,0,23.4
973956000,973956000,0.97831166,-0.0026877073,-0.20714244,-0.0004442954,0.0,0.0,0.0,0.0,0,23.42
973976000,973976000,0.97886,-0.0024631652,-0.20453848,-0.00037035847,0.0,0.0,0.0,0.0,0,23.44
973996000,973996000,0.97942454,-0.0022262146,-0.20182067,-0.000307353,0.0,0.0,0.0,0.0,0,23.46
974016000,974016000,0.9800041,-0.0019827096,-0.19899026,-0.0002562357,0.0,0.0,0.0,0.0,0,23.48
974036000,974036000,0.98059654,-0.0017309535,-0.1960521,-0.00021652573,0.0,0.0,0.0,0.0,0,23.5
974056000,974056000,0.9811994,-0.0014720852,-0.19301479,-0.00018807068,0.0,0.0,0.0,0.0,0,23.52
974076000,974076000,0.98180974,-0.0011979894,-0.18988757,-0.00016889334,0.0,0.0,0.0,0.0,0,23.54
974096000,974096000,0.98242563,-0.00091370445,-0.18667643,-0.00015974314,0.0,0.0,0.0,0.0,0,23.56
974116000,974116000,0.98304564,-0.0006135409,-0.18338476,-0.00015917426,0.0,0.0,0.0,0.0,0,23.58
974136000,974136000,0.9836667,-0.0003107047,-0.18002447,-0.00016973123,0.0,0.0,0.0,0.0,0,23.6
974156000,974156000,0.9842874,2.5655938e-06,-0.17659949,-0.00018956143,0.0,0.0,0.0,0.0,0,23.62
974176000,974176000,0.98490494,0.0003196774,-0.17312184,-0.00021949607,0.0,0.0,0.0,0.0,0,23.64
974196000,974196000,0.985519,0.0006477506,-0.1695906,-0.0002578512,0.0,0.0,0.0,0.0,0,23.66
974216000,974216000,0.98612756,0.0009749142,-0.1660134,-0.00030622433,0.0,0.0,0.0,0.0,0,23.68
974236000,974236000,0.9867297,0.0013098785,-0.16239394,-0.00036255948,0.0,0.0,0.0,0.0,0,23.7
974256000,974256000,0.9873232,0.0016440477,-0.15874203,-0.00042789732,0.0,0.0,0.0,0.0,0,23.72
974276000,974276000,0.9879077,0.0019864223,-0.15505886,-0.0005000921,0.0,0.0,0.0,0.0,0,23.74
974296000,974296000,0.9884821,0.0023244151,-0.15134887,-0.0005807615,0.0,0.0,0.0,0.0,0,23.76
974316000,974316000,0.9890457,0.0026646932,-0.147615,-0.00066840294,0.0,0.0,0.0,0.0,0,23.78
974336000,974336000,0.9895964,0.002998995,-0.14386941,-0.0007637684,0.0,0.0,0.0,0.0,0,23.8
974356000,974356000,0.99013543,0.00333753,-0.14010383,-0.00086476404,0.0,0.0,0.0,0.0,0,23.82
974376000,974376000,0.99066097,0.0036746007,-0.1363287,-0.0009717309,0.0,0.0,0.0,0.0,0,23.84
974396000,974396000,0.9911727,0.004016717,-0.13254625,-0.0010832439,0.0,0.0,0.0,0.0,0,23.86
974416000,974416000,0.99166846,0.00435765,-0.1287722,-0.0011996003,0.0,0.0,0.0,0.0,0,23.88
974436000,974436000,0.99214894,0.004701605,-0.1250028,-0.0013197606,0.0,0.0,0.0,0.0,0,23.9
974456000,974456000,0.9926135,0.0050371247,-0.121243745,-0.0014444974,0.0,0.0,0.0,0.0,0,23.92
974476000,974476000,0.9930626,0.005369351,-0.11749248,-0.0015726237,0.0,0.0,0.0,0.0,0,23.94
974496000,974496000,0.99349463,0.005697089,-0.11376363,-0.0017036987,0.0,0.0,0.0,0.0,0,23.96
974516000,974516000,0.9939099,0.0060233725,-0.11005695,-0.0018368996,0.0,0.0,0.0,0.0,0,23.98
974536000,974536000,0.9943076,0.006338149,-0.10638341,-0.0019728427,0.0,0.0,0.0,0.0,0,24.0
974556000,974556000,0.9946891,0.006647564,-0.10273288,-0.0021100643,0.0,0.0,0.0,0.0,0,24.02
974576000,974576000,0.9950537,0.006945344,-0.09911544,-0.0022488711,0.0,0.0,0.0,0.0,0,24.04
974596000,974596000,0.9954016,0.0072359904,-0.09553324,-0.0023884426,0.0,0.0,0.0,0.0,0,24.06
974616000,974616000,0.99573225,0.007512455,-0.09199757,-0.0025290588,0.0,0.0,0.0,0.0,0,24.08
974636000,974636000,0.9960465,0.007779498,-0.088503495,-0.0026700157,0.0,0.0,0.0,0.0,0,24.1
974656000,974656000,0.99634445,0.008034086,-0.08505509,-0.0028111301,0.0,0.0,0.0,0.0,0,24.12
974676000,974676000,0.9966267,0.008283495,-0.081651695,-0.0029514597,0.0,0.0,0.0,0.0,0,24.14
974696000,974696000,0.99689275,0.0085245855,-0.07830542,-0.0030908287,0.0,0.0,0.0,0.0,0,24.16
974716000,974716000,0.9971433,0.008758185,-0.07501433,-0.0032288868,0.0,0.0,0.0,0.0,0,24.18
974736000,974736000,0.9973783,0.008972598,-0.0717902,-0.003366163,0.0,0.0,0.0,0.0,0,24.2
974756000,974756000,0.99759865,0.009167406,-0.06862733,-0.003502244,0.0,0.0,0.0,0.0,0,24.22
974776000,974776000,0.9978046,0.0093426285,-0.065533265,-0.0036369325,0.0,0.0,0.0,0.0,0,24.24
974796000,974796000,0.9979968,0.009509588,-0.06250482,-0.0037691225,0.0,0.0,0.0,0.0,0,24.26
974816000,974816000,0.99817586,0.009664437,-0.05954388,-0.0038988807,0.0,0.0,0.0,0.0,0,24.28
974836000,974836000,0.99834263,0.009810287,-0.05664482,-0.004025889,0.0,0.0,0.0,0.0,0,24.3
974856000,974856000,0.9984973,0.009940821,-0.053816106,-0.0041503073,0.0,0.0,0.0,0.0,0,24.32
974876000,974876000,0.99864036,0.010057099,-0.05105996,-0.004271712,0.0,0.0,0.0,0.0,0,24.34
974896000,974896000,0.9987724,0.010154211,-0.04837872,-0.004390123,0.0,0.0,0.0,0.0,0,24.36
974916000,974916000,0.99889404,0.010236416,-0.045767922,-0.0045051854,0.0,0.0,0.0,0.0,0,24.38
974936000,974936000,0.9990059,0.010302672,-0.04322987,-0.004616941,0.0,0.0,0.0,0.0,0,24.4
974956000,974956000,0.99910843,0.010359845,-0.040765468,-0.004724896,0.0,0.0,0.0,0.0,0,24.42
974976000,974976000,0.9992022,0.010401683,-0.038374085,-0.0048292335,0.0,0.0,0.0,0.0,0,24.44
974996000,974996000,0.99928784,0.010435123,-0.03605092,-0.004929147,0.0,0.0,0.0,0.0,0,24.46
975016000,975016000,0.9993658,0.0104602445,-0.033800345,-0.0050246865,0.0,0.0,0.0,0.0,0,24.48
975036000,975036000,0.9994364,0.010477198,-0.031624924,-0.005116165,0.0,0.0,0.0,0.0,0,24.5
975056000,975056000,0.9994999,0.010478151,-0.029532416,-0.0052039805,0.0,0.0,0.0,0.0,0,24.52
975076000,975076000,0.9995572,0.010468474,-0.027513985,-0.0052877036,0.0,0.0,0.0,0.0,0,24.54
975096000,975096000,0.9996084,0.010443058,-0.025578985,-0.005367615,0.0,0.0,0.0,0.0,0,24.56
975116000,975116000,0.9996542,0.010408866,-0.023721173,-0.005443264,0.0,0.0,0.0,0.0,0,24.58
975136000,975136000,0.999695,0.010363795,-0.02193597,-0.005514771,0.0,0.0,0.0,0.0,0,24.6
975156000,975156000,0.99973136,0.0103046335,-0.020223828,-0.0055824337,0.0,0.0,0.0,0.0,0,24.62
975176000,975176000,0.9997636,0.010226535,-0.018584885,-0.005646141,0.0,0.0,0.0,0.0,0,24.64
975196000,975196000,0.9997921,0.010139893,-0.017013384,-0.005705622,0.0,0.0,0.0,0.0,0,24.66
975216000,975216000,0.99981725,0.010040134,-0.015511038,-0.0057612294,0.0,0.0,0.0,0.0,0,24.68
975236000,975236000,0.99983925,0.0099243475,-0.014081969,-0.0058131423,0.0,0.0,0.0,0.0,0,24.7
975256000,975256000,0.9998585,0.009791948,-0.012722065,-0.005861079,0.0,0.0,0.0,0.0,0,24.72
975276000,975276000,0.9998752,0.009654729,-0.011431175,-0.005905081,0.0,0.0,0.0,0.0,0,24.74
975296000,975296000,0.9998896,0.009508226,-0.0102026975,-0.0059454623,0.0,0.0,0.0,0.0,0,24.76
975316000,975316000,0.999902,0.009357252,-0.009041359,-0.0059820586,0.0,0.0,0.0,0.0,0,24.78
975336000,975336000,0.99991256,0.0092031825,-0.007940786,-0.00601486,0.0,0.0,0.0,0.0,0,24.8
975356000,975356000,0.99992156,0.009044452,-0.006899076,-0.0060437066,0.0,0.0,0.0,0.0,0,24.82
975376000,975376000,0.9999292,0.008881435,-0.005917993,-0.006068934,0.0,0.0,0.0,0.0,0,24.84
975396000,975396000,0.9999355,0.008714953,-0.0050001326,-0.0060911993,0.0,0.0,0.0,0.0,0,24.86
975416000,975416000,0.9999408,0.008543003,-0.004136894,-0.00611062,0.0,0.0,0.0,0.0,0,24.88
975436000,975436000,0.9999452,0.008370338,-0.0033227194,-0.006126969,0.0,0.0,0.0,0.0,0,24.9
975456000,975456000,0.99994886,0.008192863,-0.0025568302,-0.0061403587,0.0,0.0,0.0,0.0,0,24.92
975476000,975476000,0.99995184,0.008013225,-0.0018365164,-0.0061505903,0.0,0.0,0.0,0.0,0,24.94
975496000,975496000,0.9999542,0.007836964,-0.0011593815,-0.006157941,0.0,0.0,0.0,0.0,0,24.96
975516000,975516000,0.999956,0.007672331,-0.0005305072,-0.006162606,0.0,0.0,0.0,0.0,0,24.98
975536000,975536000,0.9999574,0.0075061885,6.498954e-05,-0.006164677,0.0,0.0,0.0,0.0,0,25.0
975556000,975556000,0.99995846,0.007334515,0.00062274846,-0.006165123,0.0,0.0,0.0,0.0,0,25.02
975576000,975576000,0.9999593,0.007158469,0.0011404157,-0.0061639026,0.0,0.0,0.0,0.0,0,25.04
975596000,975596000,0.9999599,0.0069822483,0.0016182432,-0.006161033,0.0,0.0,0.0,0.0,0,25.06
975616000,975616000,0.9999603,0.0068070646,0.0020579558,-0.0061565144,0.0,0.0,0.0,0.0,0,25.08
975636000,975636000,0.9999606,0.006633582,0.002458649,-0.0061503635,0.0,0.0,0.0,0.0,0,25.1
975656000,975656000,0.99996084,0.006463843,0.0028192871,-0.0061429203,0.0,0.0,0.0,0.0,0,25.12
975676000,975676000,0.99996096,0.006303099,0.003133324,-0.006134557,0.0,0.0,0.0,0.0,0,25.14
975696000,975696000,0.9999611,0.0061418465,0.003415094,-0.006125033,0.0,0.0,0.0,0.0,0,25.16
975716000,975716000,0.9999612,0.0059823724,0.0036715085,-0.006114906,0.0,0.0,0.0,0.0,0,25.18
975736000,975736000,0.9999614,0.0058178697,0.0039005158,-0.0061043,0.0,0.0,0.0,0.0,0,25.2
975756000,975756000,0.9999616,0.0056490595,0.0040992075,-0.0060934643,0.0,0.0,0.0,0.0,0,25.22
975776000,975776000,0.9999619,0.0054855617,0.0042698896,-0.0060820314,0.0,0.0,0.0,0.0,0,25.24
975796000,975796000,0.99996215,0.005328821,0.0044220462,-0.006069462,0.0,0.0,0.0,0.0,0,25.26
975816000,975816000,0.99996245,0.005178752,0.004555134,-0.0060564764,0.0,0.0,0.0,0.0,0,25.28
975836000,975836000,0.9999628,0.0050300416,0.0046567423,-0.0060433284,0.0,0.0,0.0,0.0,0,25.3
975856000,975856000,0.9999633,0.004883882,0.0047294185,-0.0060299058,0.0,0.0,0.0,0.0,0,25.32
975876000,975876000,0.9999638,0.004739788,0.0047710934,-0.006015998,0.0,0.0,0.0,0.0,0,25.34
975896000,975896000,0.9999645,0.004593183,0.0047957413,-0.0060012005,0.0,0.0,0.0,0.0,0,25.36
975916000,975916000,0.9999652,0.00444433,0.00480446,-0.005986067,0.0,0.0,0.0,0.0,0,25.38
975936000,975936000,0.99996597,0.0043042954,0.0047955555,-0.005971052,0.0,0.0,0.0,0.0,0,25.4
975956000,975956000,0.9999668,0.0041662003,0.004755305,-0.0059561585,0.0,0.0,0.0,0.0,0,25.42
975976000,975976000,0.99996775,0.004027323,0.0047018626,-0.0059412047,0.0,0.0,0.0,0.0,0,25.44
975996000,975996000,0.9999686,0.003893166,0.0046544704,-0.005926287,0.0,0.0,0.0,0.0,0,25.46
976016000,976016000,0.9999695,0.0037632894,0.004587837,-0.0059116185,0.0,0.0,0.0,0.0,0,25.48
976036000,976036000,0.99997044,0.0036333923,0.0044979504,-0.005897169,0.0,0.0,0.0,0.0,0,25.5
976056000,976056000,0.9999714,0.0035037769,0.004404509,-0.005883027,0.0,0.0,0.0,0.0,0,25.52
976076000,976076000,0.9999724,0.0033691453,0.0042940546,-0.005869607,0.0,0.0,0.0,0.0,0,25.54
976096000,976096000,0.9999734,0.0032300907,0.004183296,-0.005856727,0.0,0.0,0.0,0.0,0,25.56
976116000,976116000,0.99997437,0.0030934718,0.004080601,-0.0058441106,0.0,0.0,0.0,0.0,0,25.58
976136000,976136000,0.9999753,0.0029563108,0.0039615226,-0.005831952,0.0,0.0,0.0,0.0,0,25.6
976156000,976156000,0.99997634,0.0028192305,0.0038277032,-0.0058201742,0.0,0.0,0.0,0.0,0,25.62
976176000,976176000,0.99997723,0.0026888659,0.0036894588,-0.005808881,0.0,0.0,0.0,0.0,0,25.64
976196000,976196000,0.9999782,0.0025611883,0.0035470861,-0.0057978043,0.0,0.0,0.0,0.0,0,25.66
976216000,976216000,0.9999791,0.002432245,0.0033981968,-0.005787043,0.0,0.0,0.0,0.0,0,25.68
976236000,976236000,0.99998,0.0022966969,0.0032384265,-0.0057769055,0.0,0.0,0.0,0.0,0,25.7
976256000,976256000,0.99998087,0.0021650034,0.0030739633,-0.0057676095,0.0,0.0,0.0,0.0,0,25.72
976276000,976276000,0.9999817,0.002036994,0.0029046377,-0.005758704,0.0,0.0,0.0,0.0,0,25.74
976296000,976296000,0.9999825,0.0019132096,0.002724378,-0.005750478,0.0,0.0,0.0,0.0,0,25.76
976316000,976316000,0.9999832,0.0018052708,0.00253741,-0.005742965,0.0,0.0,0.0,0.0,0,25.78
976336000,976336000,0.99998385,0.0017158724,0.0023510458,-0.005736278,0.0,0.0,0.0,0.0,0,25.8
976356000,976356000,0.99998444,0.0016412842,0.0021517249,-0.0057305153,0.0,0.0,0.0,0.0,0,25.82
976376000,976376000,0.99998504,0.0015723077,0.0019476078,-0.0057251113,0.0,0.0,0.0,0.0,0,25.84
976396000,976396000,0.9999855,0.0015093717,0.0017507245,-0.005719992,0.0,0.0,0.0,0.0,0,25.86
976416000,976416000,0.99998593,0.0014578459,0.0015448532,-0.0057157427,0.0,0.0,0.0,0.0,0,25.88
976436000,976436000,0.99998635,0.0014106727,0.0013364315,-0.005712036,0.0,0.0,0.0,0.0,0,25.9
976456000,976456000,0.9999867,0.0013734769,0.0011239861,-0.005708877,0.0,0.0,0.0,0.0,0,25.92
976476000,976476000,0.99998695,0.0013521103,0.00091183314,-0.0057065096,0.0,0.0,0.0,0.0,0,25.94
976496000,976496000,0.9999871,0.001350534,0.00070172985,-0.0057044826,0.0,0.0,0.0,0.0,0,25.96
976516000,976516000,0.99998724,0.0013618973,0.00049977977,-0.00570275,0.0,0.0,0.0,0.0,0,25.98
976536000,976536000,0.9999873,0.001368263,0.0003038223,-0.0057016877,0.0,0.0,0.0,0.0,0,26.0
976556000,976556000,0.99998736,0.0013779657,9.792996e-05,-0.0057008998,0.0,0.0,0.0,0.0,0,26.02
976576000,976576000,0.99998736,0.0013882194,-0.000115963376,-0.0057002604,0.0,0.0,0.0,0.0,0,26.04
976596000,976596000,0.9999873,0.0013921843,-0.00032615624,-0.0057000876,0.0,0.0,0.0,0.0,0,26.06
976616000,976616000,0.9999872,0.0013902764,-0.0005383958,-0.0057003135,0.0,0.0,0.0,0.0,0,26.08
976636000,976636000,0.99998707,0.0013979285,-0.00074789545,-0.0057009337,0.0,0.0,0.0,0.0,0,26.1
976656000,976656000,0.9999868,0.0014109372,-0.00094578246,-0.005701824,0.0,0.0,0.0,0.0,0,26.12
976676000,976676000,0.99998665,0.001423496,-0.0011451598,-0.0057028076,0.0,0.0,0.0,0.0,0,26.14
976696000,976696000,0.99998635,0.0014341001,-0.0013490693,-0.0057037566,0.0,0.0,0.0,0.0,0,26.16
976716000,976716000,0.99998605,0.0014429733,-0.0015485546,-0.0057046106,0.0,0.0,0.0,0.0,0,26.18
976736000,976736000,0.9999857,0.0014487655,-0.0017389582,-0.0057056025,0.0,0.0,0.0,0.0,0,26.2
976756000,976756000,0.9999854,0.0014448448,-0.0019265896,-0.0057069934,0.0,0.0,0.0,0.0,0,26.22
976776000,976776000,0.99998504,0.001433216,-0.0021068936,-0.0057084328,0.0,0.0,0.0,0.0,0,26.24
976796000,976796000,0.9999846,0.0014174208,-0.0022782916,-0.0057100295,0.0,0.0,0.0,0.0,0,26.26
976816000,976816000,0.99998426,0.0014049286,-0.0024499735,-0.0057117026,0.0,0.0,0.0,0.0,0,26.28
976836000,976836000,0.99998385,0.0013911722,-0.0026106494,-0.0057133385,0.0,0.0,0.0,0.0,0,26.3
976856000,976856000,0.9999835,0.0013759589,-0.002753453,-0.0057152375,0.0,0.0,0.0,0.0,0,26.32
976876000,976876000,0.99998313,0.0013632085,-0.002886808,-0.005717518,0.0,0.0,0.0,0.0,0,26.34
976896000,976896000,0.9999828,0.0013554792,-0.0030087866,-0.005720252,0.0,0.0,0.0,0.0,0,26.36
976916000,976916000,0.99998236,0.0013512237,-0.0031242867,-0.0057233274,0.0,0.0,0.0,0.0,0,26.38
976936000,976936000,0.999982,0.0013440453,-0.0032364726,-0.005727059,0.0,0.0,0.0,0.0,0,26.4
976956000,976956000,0.99998164,0.0013353666,-0.0033415048,-0.005731434,0.0,0.0,0.0,0.0,0,26.42
976976000,976976000,0.99998134,0.0013311534,-0.0034307544,-0.0057364516,0.0,0.0,0.0,0.0,0,26.44
976996000,976996000,0.99998105,0.0013206599,-0.003507267,-0.0057419618,0.0,0.0,0.0,0.0,0,26.46
977016000,977016000,0.99998075,0.001296742,-0.0035842212,-0.005748287,0.0,0.0,0.0,0.0,0,26.48
977036000,977036000,0.9999805,0.0012775487,-0.0036583347,-0.0057552545,0.0,0.0,0.0,0.0,0,26.5
977056000,977056000,0.9999803,0.0012597019,-0.003718421,-0.0057625654,0.0,0.0,0.0,0.0,0,26.52
977076000,977076000,0.99998003,0.0012291478,-0.0037741708,-0.005770417,0.0,0.0,0.0,0.0,0,26.54
977096000,977096000,0.9999798,0.0011965801,-0.003829358,-0.005778345,0.0,0.0,0.0,0.0,0,26.56
977116000,977116000,0.9999796,0.0011629773,-0.003871982,-0.0057859295,0.0,0.0,0.0,0.0,0,26.58
977136000,977136000,0.9999795,0.0011299822,-0.0039093383,-0.005793111,0.0,0.0,0.0,0.0,0,26.6
977156000,977156000,0.9999793,0.0010955922,-0.0039461874,-0.005800136,0.0,0.0,0.0,0.0,0,26.62
977176000,977176000,0.9999792,0.0010601534,-0.003982477,-0.0058068302,0.0,0.0,0.0,0.0,0,26.64
977196000,977196000,0.9999791,0.0010225711,-0.0040189708,-0.0058135856,0.0,0.0,0.0,0.0,0,26.66
977216000,977216000,0.99997896,0.0009930604,-0.0040429016,-0.005820581,0.0,0.0,0.0,0.0,0,26.68
977236000,977236000,0.99997884,0.00096803455,-0.0040592044,-0.005827781,0.0,0.0,0.0,0.0,0,26.7
977256000,977256000,0.9999788,0.0009469136,-0.0040689763,-0.0058354996,0.0,0.0,0.0,0.0,0,26.72
977276000,977276000,0.9999788,0.00093180937,-0.004070061,-0.005843896,0.0,0.0,0.0,0.0,0,26.74
977296000,977296000,0.9999788,0.0009265301,-0.0040584467,-0.005852913,0.0,0.0,0.0,0.0,0,26.76
977316000,977316000,0.9999788,0.00092500844,-0.0040399143,-0.005862201,0.0,0.0,0.0,0.0,0,26.78
977336000,977336000,0.99997884,0.0009256911,-0.0040101153,-0.0058718133,0.0,0.0,0.0,0.0,0,26.8
977356000,977356000,0.99997896,0.0009259318,-0.003965788,-0.005881653,0.0,0.0,0.0,0.0,0,26.82
977376000,977376000,0.9999791,0.0009157101,-0.0039224993,-0.0058920695,0.0,0.0,0.0,0.0,0,26.84
977396000,977396000,0.9999792,0.0008947198,-0.0038821902,-0.0059028855,0.0,0.0,0.0,0.0,0,26.86
977416000,977416000,0.9999793,0.00087571994,-0.0038345437,-0.0059137708,0.0,0.0,0.0,0.0,0,26.88
977436000,977436000,0.99997944,0.00086576067,-0.0037856728,-0.005924751,0.0,0.0,0.0,0.0,0,26.9
977456000,977456000,0.9999796,0.0008599566,-0.0037339607,-0.005935774,0.0,0.0,0.0,0.0,0,26.92
977476000,977476000,0.99997973,0.0008539241,-0.0036802082,-0.0059469678,0.0,0.0,0.0,0.0,0,26.94
977496000,977496000,0.99997985,0.0008457281,-0.003624378,-0.0059581865,0.0,0.0,0.0,0.0,0,26.96
977516000,977516000,0.99998003,0.0008326536,-0.0035684027,-0.0059693884,0.0,0.0,0.0,0.0,0,26.98
977536000,977536000,0.99998015,0.00081336655,-0.0035128964,-0.0059805554,0.0,0.0,0.0,0.0,0,27.0
977556000,977556000,0.99998033,0.0007874095,-0.0034581136,-0.0059916233,0.0,0.0,0.0,0.0,0,27.02
977576000,977576000,0.99998045,0.0007570381,-0.0034014059,-0.0060024825,0.0,0.0,0.0,0.0,0,27.04
977596000,977596000,0.9999806,0.0007227811,-0.0033423738,-0.006013073,0.0,0.0,0.0,0.0,0,27.06
977616000,977616000,0.9999808,0.0006896625,-0.003281032,-0.0060235085,0.0,0.0,0.0,0.0,0,27.08
977636000,977636000,0.9999809,0.00065780536,-0.0032236737,-0.006034085,0.0,0.0,0.0,0.0,0,27.1
977656000,977656000,0.99998105,0.0006306521,-0.0031678746,-0.0060444456,0.0,0.0,0.0,0.0,0,27.12
977676000,977676000,0.9999812,0.00060749036,-0.0031030092,-0.0060547055,0.0,0.0,0.0,0.0,0,27.14
977696000,977696000,0.99998134,0.000587904,-0.0030428723,-0.0060647363,0.0,0.0,0.0,0.0,0,27.16
977716000,977716000,0.9999815,0.0005701598,-0.0029820122,-0.006074323,0.0,0.0,0.0,0.0,0,27.18
977736000,977736000,0.99998164,0.0005456502,-0.0029113719,-0.0060838014,0.0,0.0,0.0,0.0,0,27.2
977756000,977756000,0.99998176,0.0005106259,-0.0028540576,-0.006093242,0.0,0.0,0.0,0.0,0,27.22
977776000,977776000,0.9999819,0.00048221793,-0.0028082656,-0.006102575,0.0,0.0,0.0,0.0,0,27.24
977796000,977796000,0.999982,0.0004627029,-0.002753988,-0.0061114933,0.0,0.0,0.0,0.0,0,27.26
977816000,977816000,0.99998206,0.00044458045,-0.002697195,-0.0061203986,0.0,0.0,0.0,0.0,0,27.28
977836000,977836000,0.9999822,0.00042441933,-0.0026508572,-0.006129236,0.0,0.0,0.0,0.0,0,27.3
977856000,977856000,0.99998224,0.00040090113,-0.0025978491,-0.0061378,0.0,0.0,0.0,0.0,0,27.32
977876000,977876000,0.99998236,0.0003701788,-0.0025557696,-0.006146375,0.0,0.0,0.0,0.0,0,27.34
977896000,977896000,0.99998236,0.000343449,-0.0025247964,-0.0061549973,0.0,0.0,0.0,0.0,0,27.36
977916000,977916000,0.99998236,0.00032914223,-0.0025001352,-0.006164007,0.0,0.0,0.0,0.0,0,27.38
977936000,977936000,0.99998236,0.00031748245,-0.0024780065,-0.0061731897,0.0,0.0,0.0,0.0,0,27.4
977956000,977956000,0.99998236,0.0003031668,-0.002460753,-0.006182732,0.0,0.0,0.0,0.0,0,27.42
977976000,977976000,0.99998236,0.00028773342,-0.0024517311,-0.0061921324,0.0,0.0,0.0,0.0,0,27.44
977996000,977996000,0.9999823,0.00026825705,-0.002442328,-0.006201574,0.0,0.0,0.0,0.0,0,27.46
978016000,978016000,0.99998224,0.0002471817,-0.0024369254,-0.00621137,0.0,0.0,0.0,0.0,0,27.48
978036000,978036000,0.9999822,0.00022567267,-0.0024370938,-0.0062214355,0.0,0.0,0.0,0.0,0,27.5
978056000,978056000,0.9999821,0.0001996229,-0.002438699,-0.0062314346,0.0,0.0,0.0,0.0,0,27.52
978076000,978076000,0.99998206,0.00016945442,-0.0024420538,-0.0062410184,0.0,0.0,0.0,0.0,0,27.54
978096000,978096000,0.999982,0.00013980169,-0.0024518168,-0.0062500387,0.0,0.0,0.0,0.0,0,27.56
978112000,978112000,0.99998194,0.00011890729,-0.0024632483,-0.0062572034,0.0,0.0,0.0,0.0,0,27.576
978132000,978132000,0.9999819,0.00010247646,-0.0024717273,-0.006266368,0.0,0.0,0.0,0.0,0,27.596
978152000,978152000,0.99998176,0.000105955725,-0.0024769828,-0.006275311,0.0,0.0,0.0,0.0,0,27.616
978172000,978172000,0.9999817,0.000120192264,-0.002493331,-0.0062842784,0.0,0.0,0.0,0.0,0,27.636
978192000,978192000,0.9999816,0.00014508213,-0.0025148592,-0.0062934947,0.0,0.0,0.0,0.0,0,27.656
978212000,978212000,0.99998146,0.00017836153,-0.002538798,-0.006302248,0.0,0.0,0.0,0.0,0,27.676
978232000,978232000,0.99998134,0.00021247381,-0.0025540928,-0.006310646,0.0,0.0,0.0,0.0,0,27.696
978252000,978252000,0.9999813,0.00024125136,-0.0025643348,-0.0063189236,0.0,0.0,0.0,0.0,0,27.716
978272000,978272000,0.99998116,0.000272135,-0.0025851817,-0.0063270945,0.0,0.0,0.0,0.0,0,27.736
978292000,978292000,0.999981,0.00030274788,-0.0026167573,-0.006335142,0.0,0.0,0.0,0.0,0,27.756
978312000,978312000,0.99998087,0.00032005424,-0.002641295,-0.006343235,0.0,0.0,0.0,0.0,0,27.776
978332000,978332000,0.9999808,0.00034215848,-0.0026559564,-0.006351185,0.0,0.0,0.0,0.0,0,27.796
978352000,978352000,0.9999807,0.0003666924,-0.0026765247,-0.0063594813,0.0,0.0,0.0,0.0,0,27.816
978372000,978372000,0.99998057,0.00038006337,-0.0026973789,-0.006368079,0.0,0.0,0.0,0.0,0,27.836
978392000,978392000,0.9999805,0.0003868113,-0.0027015356,-0.006376798,0.0,0.0,0.0,0.0,0,27.856
978412000,978412000,0.9999804,0.00038735478,-0.0027116807,-0.006385592,0.0,0.0,0.0,0.0,0,27.876
978432000,978432000,0.99998033,0.00037707703,-0.002715277,-0.006394514,0.0,0.0,0.0,0.0,0,27.896
978452000,978452000,0.9999803,0.00035993563,-0.0027204617,-0.0064034523,0.0,0.0,0.0,0.0,0,27.916
978472000,978472000,0.9999802,0.00032945597,-0.0027334623,-0.0064122067,0.0,0.0,0.0,0.0,0,27.936
978492000,978492000,0.99998015,0.00029185816,-0.0027329817,-0.006421066,0.0,0.0,0.0,0.0,0,27.956
978512000,978512000,0.99998015,0.00025176277,-0.0027268897,-0.006429921,0.0,0.0,0.0,0.0,0,27.976
978532000,978532000,0.9999801,0.0002086364,-0.002719056,-0.006438881,0.0,0.0,0.0,0.0,0,27.996
978552000,978552000,0.9999801,0.000160355,-0.0027072704,-0.0064477483,0.0,0.0,0.0,0.0,0,28.016
978572000,978572000,0.9999801,0.000112451824,-0.0026984613,-0.0064559216,0.0,0.0,0.0,0.0,0,28.036
978592000,978592000,0.99998003,6.8137415e-05,-0.0026911793,-0.0064636283,0.0,0.0,0.0,0.0,0,28.056
978612000,978612000,0.99998003,1.7047072e-05,-0.0026753927,-0.006470988,0.0,0.0,0.0,0.0,0,28.076
978632000,978632000,0.99998003,-4.1041014e-05,-0.0026534817,-0.0064780517,0.0,0.0,0.0,0.0,0,28.096
978652000,978652000,0.9999801,-0.000104594736,-0.0026282698,-0.0064849206,0.0,0.0,0.0,0.0,0,28.116
978672000,978672000,0.9999801,-0.0001750819,-0.0025985932,-0.006491702,0.0,0.0,0.0,0.0,0,28.136
978692000,978692000,0.9999801,-0.00025263173,-0.0025627755,-0.0064984895,0.0,0.0,0.0,0.0,0,28.156
978712000,978712000,0.99998015,-0.0003311142,-0.0025196043,-0.0065052058,0.0,0.0,0.0,0.0,0,28.176
978732000,978732000,0.9999802,-0.0004053164,-0.0024791851,-0.0065117506,0.0,0.0,0.0,0.0,0,28.196
978752000,978752000,0.9999802,-0.00047410568,-0.0024380982,-0.006517719,0.0,0.0,0.0,0.0,0,28.216
978772000,978772000,0.9999803,-0.0005373256,-0.0023845858,-0.0065232557,0.0,0.0,0.0,0.0,0,28.236
978792000,978792000,0.99998033,-0.0005966296,-0.0023281774,-0.006529214,0.0,0.0,0.0,0.0,0,28.256
978812000,978812000,0.9999804,-0.0006519026,-0.00227604,-0.0065357317,0.0,0.0,0.0,0.0,0,28.276
978832000,978832000,0.99998045,-0.0006926995,-0.0022242782,-0.0065426705,0.0,0.0,0.0,0.0,0,28.296
978852000,978852000,0.9999805,-0.00071934675,-0.002155269,-0.0065496517,0.0,0.0,0.0,0.0,0,28.316
978872000,978872000,0.9999806,-0.00074059813,-0.0020805416,-0.006557124,0.0,0.0,0.0,0.0,0,28.336
978892000,978892000,0.9999807,-0.0007629673,-0.0020059166,-0.006564823,0.0,0.0,0.0,0.0,0,28.356
978912000,978912000,0.9999808,-0.0007906536,-0.0019195422,-0.0065728077,0.0,0.0,0.0,0.0,0,28.376
978932000,978932000,0.99998087,-0.000818714,-0.0018370654,-0.006581255,0.0,0.0,0.0,0.0,0,28.396
978952000,978952000,0.9999809,-0.0008449018,-0.0017523118,-0.0065899068,0.0,0.0,0.0,0.0,0,28.416
978972000,978972000,0.99998105,-0.0008783765,-0.0016591018,-0.006598825,0.0,0.0,0.0,0.0,0,28.436
978992000,978992000,0.99998105,-0.0009141244,-0.0015723826,-0.006608256,0.0,0.0,0.0,0.0,0,28.456
979012000,979012000,0.9999811,-0.00094175094,-0.0014926279,-0.0066180415,0.0,0.0,0.0,0.0,0,28.476
979032000,979032000,0.9999811,-0.0009675093,-0.0014153026,-0.006627928,0.0,0.0,0.0,0.0,0,28.496
979052000,979052000,0.9999811,-0.0009998222,-0.001339208,-0.006637584,0.0,0.0,0.0,0.0,0,28.516
979072000,979072000,0.9999811,-0.0010390144,-0.0012599543,-0.0066470117,0.0,0.0,0.0,0.0,0,28.536
979092000,979092000,0.9999811,-0.0010768307,-0.0011784845,-0.0066564195,0.0,0.0,0.0,0.0,0,28.556
979112000,979112000,0.9999811,-0.0011203368,-0.0011019313,-0.0066654407,0.0,0.0,0.0,0.0,0,28.576
979132000,979132000,0.9999811,-0.0011629373,-0.0010152769,-0.0066739647,0.0,0.0,0.0,0.0,0,28.596
979152000,979152000,0.99998105,-0.0012039003,-0.0009204709,-0.006682758,0.0,0.0,0.0,0.0,0,28.616
979172000,979172000,0.99998105,-0.0012380672,-0.0008270516,-0.0066918675,0.0,0.0,0.0,0.0,0,28.636
979192000,979192000,0.999981,-0.0012703175,-0.00074673526,-0.0067011667,0.0,0.0,0.0,0.0,0,28.656
979212000,979212000,0.999981,-0.0013058791,-0.0006696087,-0.0067104767,0.0,0.0,0.0,0.0,0,28.676
979232000,979232000,0.99998087,-0.0013443627,-0.0005908119,-0.006720158,0.0,0.0,0.0,0.0,0,28.696
979252000,979252000,0.9999808,-0.0013825193,-0.0005123556,-0.00673011,0.0,0.0,0.0,0.0,0,28.716
979272000,979272000,0.99998075,-0.0014184078,-0.00043603792,-0.00674067,0.0,0.0,0.0,0.0,0,28.736
979292000,979292000,0.9999806,-0.0014470367,-0.0003666246,-0.0067518917,0.0,0.0,0.0,0.0,0,28.756
979312000,979312000,0.99998057,-0.0014707408,-0.00030180134,-0.006763568,0.0,0.0,0.0,0.0,0,28.776
979332000,979332000,0.99998045,-0.0014910643,-0.00023975584,-0.0067753014,0.0,0.0,0.0,0.0,0,28.796
979352000,979352000,0.9999804,-0.0015047948,-0.00018379877,-0.006786634,0.0,0.0,0.0,0.0,0,28.816
979372000,979372000,0.9999803,-0.0015166606,-0.0001289049,-0.0067974417,0.0,0.0,0.0,0.0,0,28.836
979392000,979392000,0.9999802,-0.0015232872,-7.8542296e-05,-0.006807615,0.0,0.0,0.0,0.0,0,28.856
979412000,979412000,0.99998015,-0.0015295214,-2.7574293e-05,-0.0068175197,0.0,0.0,0.0,0.0,0,28.876
979432000,979432000,0.9999801,-0.001532458,2.1005342e-05,-0.00682698,0.0,0.0,0.0,0.0,0,28.896
979452000,979452000,0.99998003,-0.001531854,6.717218e-05,-0.0068361387,0.0,0.0,0.0,0.0,0,28.916
979472000,979472000,0.9999799,-0.0015333896,0.0001166277,-0.006845045,0.0,0.0,0.0,0.0,0,28.936
979492000,979492000,0.99997985,-0.0015586665,8.2430764e-05,-0.0068547945,0.0,0.0,0.0,0.0,0,28.956
979512000,979512000,0.9999722,-0.0026660142,-0.0032075397,-0.0068720174,0.0,0.0,0.0,0.0,0,28.976
979532000,979532000,0.9998984,-0.005824594,-0.011436318,-0.006899502,0.0,0.0,0.0,0.0,0,28.996
979552000,979552000,0.99970984,-0.010359996,-0.020824237,-0.0069562704,0.0,0.0,0.0,0.0,0,29.016
979572000,979572000,0.9994152,-0.015411457,-0.029852496,-0.0070438907,0.0,0.0,0.0,0.0,0,29.036
979592000,979592000,0.9990007,-0.020651354,-0.039102957,-0.007151918,0.0,0.0,0.0,0.0,0,29.056
979612000,979612000,0.99847233,-0.025928322,-0.04834072,-0.0072841137,0.0,0.0,0.0,0.0,0,29.076
979632000,979632000,0.99786377,-0.031095346,-0.0570491,-0.0074479096,0.0,0.0,0.0,0.0,0,29.096
979652000,979652000,0.9972078,-0.03604695,-0.06502168,-0.007644853,0.0,0.0,0.0,0.0,0,29.116
979672000,979672000,0.9965286,-0.04067893,-0.07227113,-0.007869173,0.0,0.0,0.0,0.0,0,29.136
979692000,979692000,0.99584174,-0.044937372,-0.07888656,-0.008114113,0.0,0.0,0.0,0.0,0,29.156
979712000,979712000,0.9951662,-0.048813503,-0.08485499,-0.0083787525,0.0,0.0,0.0,0.0,0,29.176
979732000,979732000,0.99449784,-0.052365765,-0.090365686,-0.008659423,0.0,0.0,0.0,0.0,0,29.196
979752000,979752000,0.99370354,-0.056018174,-0.09666754,-0.008931335,0.0,0.0,0.0,0.0,0,29.216
979772000,979772000,0.99259686,-0.06027262,-0.10508913,-0.009169889,0.0,0.0,0.0,0.0,0,29.236
979792000,979792000,0.9911807,-0.065106824,-0.11507545,-0.009413149,0.0,0.0,0.0,0.0,0,29.256
979812000,979812000,0.98962235,-0.07013723,-0.12507206,-0.009721356,0.0,0.0,0.0,0.0,0,29.276
979832000,979832000,0.98807013,-0.07501252,-0.13415356,-0.010119717,0.0,0.0,0.0,0.0,0,29.296
979852000,979852000,0.98659605,-0.07951543,-0.14213496,-0.010595656,0.0,0.0,0.0,0.0,0,29.316
979872000,979872000,0.98524505,-0.08351798,-0.1490037,-0.011131435,0.0,0.0,0.0,0.0,0,29.336
979892000,979892000,0.9840449,-0.0869587,-0.15480871,-0.0117109055,0.0,0.0,0.0,0.0,0,29.356
979912000,979912000,0.98302424,-0.08982331,-0.15953766,-0.012328617,0.0,0.0,0.0,0.0,0,29.376
979932000,979932000,0.9821922,-0.092105515,-0.16326626,-0.012971853,0.0,0.0,0.0,0.0,0,29.396
979952000,979952000,0.98155296,-0.09382945,-0.16605149,-0.01363384,0.0,0.0,0.0,0.0,0,29.416
979972000,979972000,0.9811008,-0.095015116,-0.1679817,-0.014304376,0.0,0.0,0.0,0.0,0,29.436
979992000,979992000,0.9808296,-0.09569236,-0.16911869,-0.014976794,0.0,0.0,0.0,0.0,0,29.456
980012000,980012000,0.9807285,-0.095892526,-0.16953065,-0.015643992,0.0,0.0,0.0,0.0,0,29.476
980032000,980032000,0.9807849,-0.095644094,-0.16928273,-0.01629887,0.0,0.0,0.0,0.0,0,29.496
980052000,980052000,0.9809863,-0.09498022,-0.1684247,-0.016936934,0.0,0.0,0.0,0.0,0,29.516
980072000,980072000,0.9813199,-0.093928345,-0.16700228,-0.017552638,0.0,0.0,0.0,0.0,0,29.536
980092000,980092000,0.981772,-0.09251307,-0.16506091,-0.018140022,0.0,0.0,0.0,0.0,0,29.556
980112000,980112000,0.9823284,-0.09077401,-0.16263619,-0.01869628,0.0,0.0,0.0,0.0,0,29.576
980132000,980132000,0.9829731,-0.088741094,-0.15977697,-0.019216424,0.0,0.0,0.0,0.0,0,29.596
980152000,980152000,0.98369396,-0.086448826,-0.156505,-0.019699,0.0,0.0,0.0,0.0,0,29.616
980172000,980172000,0.98447603,-0.08393163,-0.15285876,-0.02014157,0.0,0.0,0.0,0.0,0,29.636
980192000,980192000,0.9853089,-0.08121217,-0.14885591,-0.020542068,0.0,0.0,0.0,0.0,0,29.656
980212000,980212000,0.9861787,-0.07832003,-0.14453357,-0.020898174,0.0,0.0,0.0,0.0,0,29.676
980232000,980232000,0.98707306,-0.07527163,-0.13992988,-0.021205654,0.0,0.0,0.0,0.0,0,29.696
980252000,980252000,0.9879818,-0.07209947,-0.13506286,-0.021464983,0.0,0.0,0.0,0.0,0,29.716
980272000,980272000,0.98889494,-0.06881416,-0.12996477,-0.021673026,0.0,0.0,0.0,0.0,0,29.736
980292000,980292000,0.9898042,-0.065441996,-0.12464961,-0.021830551,0.0,0.0,0.0,0.0,0,29.756
980312000,980312000,0.9906994,-0.06199821,-0.119158894,-0.021935154,0.0,0.0,0.0,0.0,0,29.776
980332000,980332000,0.9915755,-0.05849598,-0.11349866,-0.021987228,0.0,0.0,0.0,0.0,0,29.796
980352000,980352000,0.9924233,-0.054959856,-0.10770855,-0.021986613,0.0,0.0,0.0,0.0,0,29.816
980372000,980372000,0.9932396,-0.05139455,-0.101792604,-0.021933516,0.0,0.0,0.0,0.0,0,29.836
980392000,980392000,0.9940178,-0.047823377,-0.09578216,-0.021828983,0.0,0.0,0.0,0.0,0,29.856
980412000,980412000,0.9947536,-0.04424269,-0.089706585,-0.021672152,0.0,0.0,0.0,0.0,0,29.876
980432000,980432000,0.9954438,-0.04068079,-0.08357611,-0.021466259,0.0,0.0,0.0,0.0,0,29.896
980452000,980452000,0.9960854,-0.0371361,-0.07742058,-0.021211173,0.0,0.0,0.0,0.0,0,29.916
980472000,980472000,0.9966765,-0.033630088,-0.071251616,-0.020910023,0.0,0.0,0.0,0.0,0,29.936
980492000,980492000,0.9972152,-0.030166881,-0.06509999,-0.020564273,0.0,0.0,0.0,0.0,0,29.956
980512000,980512000,0.99770206,-0.026750535,-0.05896645,-0.020177102,0.0,0.0,0.0,0.0,0,29.976
980532000,980532000,0.99813545,-0.023401666,-0.052886683,-0.01975194,0.0,0.0,0.0,0.0,0,29.996
980552000,980552000,0.9985172,-0.020113703,-0.046858888,-0.019291248,0.0,0.0,0.0,0.0,0,30.016
980572000,980572000,0.9988471,-0.01691289,-0.04091604,-0.01879893,0.0,0.0,0.0,0.0,0,30.036
980592000,980592000,0.9991278,-0.013787484,-0.035051435,-0.018277798,0.0,0.0,0.0,0.0,0,30.056
980612000,980612000,0.9993605,-0.010753459,-0.0292856,-0.017731737,0.0,0.0,0.0,0.0,0,30.076
980632000,980632000,0.9995476,-0.0077872565,-0.023631016,-0.017163787,0.0,0.0,0.0,0.0,0,30.096
980652000,980652000,0.99969107,-0.0049268464,-0.018102584,-0.016578274,0.0,0.0,0.0,0.0,0,30.116
980672000,980672000,0.99979377,-0.0021511354,-0.01271009,-0.015978675,0.0,0.0,0.0,0.0,0,30.136
980692000,980692000,0.9998585,0.00052305096,-0.007458075,-0.015368894,0.0,0.0,0.0,0.0,0,30.156
980712000,980712000,0.9998881,0.0031083105,-0.0023537546,-0.014752686,0.0,0.0,0.0,0.0,0,30.176
980732000,980732000,0.9998856,0.0055981674,0.0026073896,-0.014133894,0.0,0.0,0.0,0.0,0,30.196
980752000,980752000,0.99985373,0.00800532,0.0074087656,-0.013516235,0.0,0.0,0.0,0.0,0,30.216
980772000,980772000,0.99979544,0.010320923,0.0120496275,-0.012903095,0.0,0.0,0.0,0.0,0,30.236
980792000,980792000,0.9997138,0.012546192,0.016517827,-0.0122980075,0.0,0.0,0.0,0.0,0,30.256
980812000,980812000,0.99961144,0.014680477,0.020821499,-0.011703647,0.0,0.0,0.0,0.0,0,30.276
980832000,980832000,0.99949145,0.016721835,0.02495079,-0.011123155,0.0,0.0,0.0,0.0,0,30.296
980852000,980852000,0.99935585,0.018688155,0.028918296,-0.010559531,0.0,0.0,0.0,0.0,0,30.316
980872000,980872000,0.9992074,0.020572947,0.03271307,-0.010015044,0.0,0.0,0.0,0.0,0,30.336
980892000,980892000,0.9990483,0.022381509,0.036340605,-0.009492105,0.0,0.0,0.0,0.0,0,30.356
980912000,980912000,0.99888176,0.024098907,0.03978311,-0.008993055,0.0,0.0,0.0,0.0,0,30.376
980932000,980932000,0.99870867,0.025738576,0.043070707,-0.008519532,0.0,0.0,0.0,0.0,0,30.396
980952000,980952000,0.9985313,0.027289268,0.04620107,-0.008073194,0.0,0.0,0.0,0.0,0,30.416
980972000,980972000,0.9983513,0.028772756,0.049167022,-0.007656738,0.0,0.0,0.0,0.0,0,30.436
980992000,980992000,0.9981711,0.030170433,0.05196605,-0.0072702593,0.0,0.0,0.0,0.0,0,30.456
981012000,981012000,0.99799067,0.03149567,0.054625094,-0.0069148764,0.0,0.0,0.0,0.0,0,30.476
981032000,981032000,0.997813,0.032729328,0.057128884,-0.0065906257,0.0,0.0,0.0,0.0,0,30.496
981052000,981052000,0.9976393,0.033890698,0.059469793,-0.006299424,0.0,0.0,0.0,0.0,0,30.516
981072000,981072000,0.9974711,0.034978334,0.06164886,-0.0060413294,0.0,0.0,0.0,0.0,0,30.536
981092000,981092000,0.9973078,0.03600279,0.06368892,-0.005816407,0.0,0.0,0.0,0.0,0,30.556
981112000,981112000,0.99715066,0.036955744,0.06559173,-0.005624651,0.0,0.0,0.0,0.0,0,30.576
981132000,981132000,0.9969998,0.037840217,0.067370266,-0.0054653995,0.0,0.0,0.0,0.0,0,30.596
981152000,981152000,0.99685687,0.038652662,0.069013886,-0.0053388397,0.0,0.0,0.0,0.0,0,30.616
981172000,981172000,0.9967232,0.03939352,0.07051668,-0.005244846,0.0,0.0,0.0,0.0,0,30.636
981192000,981192000,0.99659824,0.040063657,0.0718965,-0.0051817093,0.0,0.0,0.0,0.0,0,30.656
981212000,981212000,0.99648196,0.040669713,0.07315963,-0.0051486627,0.0,0.0,0.0,0.0,0,30.676
981232000,981232000,0.9963762,0.041199997,0.07429407,-0.0051448382,0.0,0.0,0.0,0.0,0,30.696
981252000,981252000,0.99628156,0.041663278,0.075296395,-0.0051692966,0.0,0.0,0.0,0.0,0,30.716
981272000,981272000,0.99619687,0.042057622,0.07618948,-0.005219542,0.0,0.0,0.0,0.0,0,30.736
981292000,981292000,0.9961215,0.042394347,0.076978646,-0.005295381,0.0,0.0,0.0,0.0,0,30.756
981312000,981312000,0.99605566,0.042675797,0.07766553,-0.0053956048,0.0,0.0,0.0,0.0,0,30.776
981332000,981332000,0.9959996,0.042901065,0.0782498,-0.0055185826,0.0,0.0,0.0,0.0,0,30.796
981352000,981352000,0.99595326,0.04306701,0.07873647,-0.0056623793,0.0,0.0,0.0,0.0,0,30.816
981372000,981372000,0.9959162,0.043180037,0.07912989,-0.0058255633,0.0,0.0,0.0,0.0,0,30.836
981392000,981392000,0.9958885,0.043243412,0.07943002,-0.0060068844,0.0,0.0,0.0,0.0,0,30.856
981412000,981412000,0.99587023,0.043255053,0.07963754,-0.006204775,0.0,0.0,0.0,0.0,0,30.876
981432000,981432000,0.9958607,0.043214776,0.07976134,-0.0064168684,0.0,0.0,0.0,0.0,0,30.896
981452000,981452000,0.9958599,0.043129247,0.07979864,-0.006642164,0.0,0.0,0.0,0.0,0,30.916
981472000,981472000,0.9958688,0.042994685,0.07974088,-0.0068789334,0.0,0.0,0.0,0.0,0,30.936
981492000,981492000,0.9958868,0.042806458,0.07959567,-0.007125424,0.0,0.0,0.0,0.0,0,30.956
981512000,981512000,0.99591243,0.042573545,0.079376414,-0.0073798164,0.0,0.0,0.0,0.0,0,30.976
981532000,981532000,0.99594474,0.042303417,0.0790899,-0.0076408116,0.0,0.0,0.0,0.0,0,30.996
981552000,981552000,0.99598414,0.04200018,0.07872818,-0.007907086,0.0,0.0,0.0,0.0,0,31.016
981572000,981572000,0.99602985,0.041654848,0.0783052,-0.008175547,0.0,0.0,0.0,0.0,0,31.036
981592000,981592000,0.99608135,0.04126976,0.07782352,-0.008445121,0.0,0.0,0.0,0.0,0,31.056
981612000,981612000,0.9961386,0.04085561,0.07727774,-0.008715793,0.0,0.0,0.0,0.0,0,31.076
981632000,981632000,0.996201,0.04042248,0.07666797,-0.008986409,0.0,0.0,0.0,0.0,0,31.096
981652000,981652000,0.99626726,0.03997008,0.076009214,-0.009255034,0.0,0.0,0.0,0.0,0,31.116
981672000,981672000,0.9963379,0.039495442,0.07529528,-0.009520478,0.0,0.0,0.0,0.0,0,31.136
981692000,981692000,0.9964132,0.03899839,0.07452086,-0.009781757,0.0,0.0,0.0,0.0,0,31.156
981712000,981712000,0.99649274,0.038470525,0.07369297,-0.010036893,0.0,0.0,0.0,0.0,0,31.176
981732000,981732000,0.9965748,0.037920002,0.07282885,-0.010284492,0.0,0.0,0.0,0.0,0,31.196
981752000,981752000,0.9966599,0.03734791,0.071920365,-0.01052395,0.0,0.0,0.0,0.0,0,31.216
981772000,981772000,0.996748,0.036758907,0.07096285,-0.010754715,0.0,0.0,0.0,0.0,0,31.236
981792000,981792000,0.996839,0.036151834,0.06995471,-0.010975579,0.0,0.0,0.0,0.0,0,31.256
981812000,981812000,0.99693173,0.035534758,0.06890812,-0.011186156,0.0,0.0,0.0,0.0,0,31.276
981832000,981832000,0.99702555,0.0349077,0.06783021,-0.011385624,0.0,0.0,0.0,0.0,0,31.296
981852000,981852000,0.99711996,0.034264743,0.066730306,-0.011572441,0.0,0.0,0.0,0.0,0,31.316
981872000,981872000,0.99721557,0.033607174,0.065595254,-0.011746385,0.0,0.0,0.0,0.0,0,31.336
981892000,981892000,0.99731225,0.032944184,0.06442221,-0.011907913,0.0,0.0,0.0,0.0,0,31.356
981912000,981912000,0.9974095,0.03226758,0.06322025,-0.012055791,0.0,0.0,0.0,0.0,0,31.376
981932000,981932000,0.99750614,0.031583123,0.06200391,-0.012189835,0.0,0.0,0.0,0.0,0,31.396
981952000,981952000,0.9976026,0.030889867,0.06076584,-0.012310178,0.0,0.0,0.0,0.0,0,31.416
981972000,981972000,0.9976986,0.03018891,0.05950621,-0.012416897,0.0,0.0,0.0,0.0,0,31.436
981992000,981992000,0.9977941,0.029484866,0.05822504,-0.012510317,0.0,0.0,0.0,0.0,0,31.456
982012000,982012000,0.997888,0.028788734,0.05693243,-0.012590731,0.0,0.0,0.0,0.0,0,31.476
982032000,982032000,0.9979806,0.028099466,0.055623744,-0.012658585,0.0,0.0,0.0,0.0,0,31.496
982052000,982052000,0.99807227,0.027404537,0.05429773,-0.012712939,0.0,0.0,0.0,0.0,0,31.516
982072000,982072000,0.9981628,0.026695138,0.052960493,-0.01275281,0.0,0.0,0.0,0.0,0,31.536
982092000,982092000,0.9982512,0.025982654,0.05162601,-0.012778953,0.0,0.0,0.0,0.0,0,31.556
982112000,982112000,0.99833745,0.025272392,0.050290637,-0.012792162,0.0,0.0,0.0,0.0,0,31.576
982132000,982132000,0.99842167,0.02455874,0.048954286,-0.012792278,0.0,0.0,0.0,0.0,0,31.596
982152000,982152000,0.99850404,0.023842825,0.047612812,-0.012780143,0.0,0.0,0.0,0.0,0,31.616
982172000,982172000,0.9985849,0.023125922,0.046257596,-0.012756449,0.0,0.0,0.0,0.0,0,31.636
982192000,982192000,0.9986631,0.022411162,0.044910528,-0.012721301,0.0,0.0,0.0,0.0,0,31.656
982212000,982212000,0.99873877,0.021693533,0.04357413,-0.012674896,0.0,0.0,0.0,0.0,0,31.676
982232000,982232000,0.99881196,0.020979758,0.042242657,-0.01261837,0.0,0.0,0.0,0.0,0,31.696
982252000,982252000,0.9988827,0.020264285,0.040917635,-0.012551902,0.0,0.0,0.0,0.0,0,31.716
982272000,982272000,0.9989512,0.019551696,0.039594315,-0.012476208,0.0,0.0,0.0,0.0,0,31.736
982292000,982292000,0.9990174,0.018842125,0.038272463,-0.012391634,0.0,0.0,0.0,0.0,0,31.756
982312000,982312000,0.99908054,0.018137628,0.036973104,-0.012298145,0.0,0.0,0.0,0.0,0,31.776
982332000,982332000,0.9991409,0.01743531,0.035690766,-0.012196079,0.0,0.0,0.0,0.0,0,31.796
982352000,982352000,0.9991986,0.016742185,0.034421653,-0.01208681,0.0,0.0,0.0,0.0,0,31.816
982372000,982372000,0.99925417,0.016049188,0.033155892,-0.01197092,0.0,0.0,0.0,0.0,0,31.836
982392000,982392000,0.9993069,0.015366803,0.031910893,-0.011849145,0.0,0.0,0.0,0.0,0,31.856
982412000,982412000,0.99935687,0.014691734,0.030687807,-0.011721802,0.0,0.0,0.0,0.0,0,31.876
982432000,982432000,0.99940425,0.014028724,0.029481629,-0.011589983,0.0,0.0,0.0,0.0,0,31.896
982452000,982452000,0.99944943,0.013369962,0.028283285,-0.011454303,0.0,0.0,0.0,0.0,0,31.916
982472000,982472000,0.9994922,0.012714091,0.027104972,-0.011314904,0.0,0.0,0.0,0.0,0,31.936
982492000,982492000,0.9995328,0.012057981,0.025942434,-0.011172152,0.0,0.0,0.0,0.0,0,31.956
982512000,982512000,0.99957097,0.011412405,0.024803227,-0.0110268975,0.0,0.0,0.0,0.0,0,31.976
982532000,982532000,0.99960655,0.010779613,0.023690714,-0.010879676,0.0,0.0,0.0,0.0,0,31.996
982552000,982552000,0.99963963,0.010159212,0.022613462,-0.010731397,0.0,0.0,0.0,0.0,0,32.016
982572000,982572000,0.9996703,0.00955193,0.021565149,-0.010582611,0.0,0.0,0.0,0.0,0,32.036
982592000,982592000,0.9996988,0.00896612,0.02054432,-0.010433803,0.0,0.0,0.0,0.0,0,32.056
982612000,982612000,0.9997254,0.008393671,0.01954325,-0.010285351,0.0,0.0,0.0,0.0,0,32.076
982632000,982632000,0.99975014,0.007837303,0.018564058,-0.010137364,0.0,0.0,0.0,0.0,0,32.096
982652000,982652000,0.99977297,0.0072985245,0.017607851,-0.009990466,0.0,0.0,0.0,0.0,0,32.116
982672000,982672000,0.999794,0.0067815944,0.016678017,-0.009845202,0.0,0.0,0.0,0.0,0,32.136
982692000,982692000,0.9998135,0.0062739346,0.015765617,-0.009701964,0.0,0.0,0.0,0.0,0,32.156
982712000,982712000,0.9998314,0.005775337,0.014885703,-0.0095610935,0.0,0.0,0.0,0.0,0,32.176
982732000,982732000,0.99984765,0.005280148,0.014040408,-0.0094228955,0.0,0.0,0.0,0.0,0,32.196
982752000,982752000,0.99986243,0.004793074,0.013226785,-0.009287982,0.0,0.0,0.0,0.0,0,32.216
982772000,982772000,0.99987596,0.004317839,0.012436234,-0.009156882,0.0,0.0,0.0,0.0,0,32.236
982792000,982792000,0.9998881,0.0038684693,0.011676892,-0.009030401,0.0,0.0,0.0,0.0,0,32.256
982812000,982812000,0.99989897,0.0034493464,0.01094962,-0.008908663,0.0,0.0,0.0,0.0,0,32.276
982832000,982832000,0.9999088,0.0030504153,0.010243349,-0.008791812,0.0,0.0,0.0,0.0,0,32.296
982852000,982852000,0.99991775,0.0026609793,0.009546151,-0.008679847,0.0,0.0,0.0,0.0,0,32.316
982872000,982872000,0.9999258,0.0022962177,0.008872703,-0.008572787,0.0,0.0,0.0,0.0,0,32.336
982892000,982892000,0.9999329,0.0019622885,0.008228082,-0.008470615,0.0,0.0,0.0,0.0,0,32.356
982912000,982912000,0.9999392,0.0016516235,0.0076048183,-0.008373517,0.0,0.0,0.0,0.0,0,32.376
982932000,982932000,0.99994487,0.0013535446,0.0069956025,-0.008281881,0.0,0.0,0.0,0.0,0,32.396
982952000,982952000,0.9999498,0.0010682819,0.006416657,-0.008195997,0.0,0.0,0.0,0.0,0,32.416
982972000,982972000,0.9999541,0.0007898826,0.0058678193,-0.008115914,0.0,0.0,0.0,0.0,0,32.436
982992000,982992000,0.9999578,0.00052000943,0.0053432053,-0.00804134,0.0,0.0,0.0,0.0,0,32.456
983012000,983012000,0.999961,0.0002610978,0.0048443307,-0.007972328,0.0,0.0,0.0,0.0,0,32.476
983032000,983032000,0.99996376,1.0899468e-05,0.004367722,-0.007909084,0.0,0.0,0.0,0.0,0,32.496
983052000,983052000,0.999966,-0.0002318728,0.0039142435,-0.007851328,0.0,0.0,0.0,0.0,0,32.516
983072000,983072000,0.999968,-0.00045745051,0.0034845765,-0.0077985055,0.0,0.0,0.0,0.0,0,32.536
983092000,983092000,0.99996954,-0.00066586625,0.0030763326,-0.0077511827,0.0,0.0,0.0,0.0,0,32.556
983112000,983112000,0.99997085,-0.0008671602,0.0026911693,-0.0077095223,0.0,0.0,0.0,0.0,0,32.576
983132000,983132000,0.99997187,-0.001057123,0.0023242054,-0.007673026,0.0,0.0,0.0,0.0,0,32.596
983152000,983152000,0.99997264,-0.0012347772,0.001972881,-0.007641873,0.0,0.0,0.0,0.0,0,32.616
983172000,983172000,0.99997324,-0.0013986613,0.0016369306,-0.007615774,0.0,0.0,0.0,0.0,0,32.636
983192000,983192000,0.99997365,-0.0015476069,0.001313768,-0.0075947903,0.0,0.0,0.0,0.0,0,32.656
983212000,983212000,0.9999739,-0.0016821407,0.0010054054,-0.0075787776,0.0,0.0,0.0,0.0,0,32.676
983232000,983232000,0.999974,-0.0018124442,0.0007207286,-0.0075671976,0.0,0.0,0.0,0.0,0,32.696
983252000,983252000,0.999974,-0.0019404939,0.00046332207,-0.0075600483,0.0,0.0,0.0,0.0,0,32.716
983272000,983272000,0.99997383,-0.0020587903,0.00022416431,-0.0075574787,0.0,0.0,0.0,0.0,0,32.736
983292000,983292000,0.99997365,-0.0021671816,4.4267545e-06,-0.0075592985,0.0,0.0,0.0,0.0,0,32.756
983312000,983312000,0.99997336,-0.0022706278,-0.00020464137,-0.0075654895,0.0,0.0,0.0,0.0,0,32.776
983332000,983332000,0.99997294,-0.0023730565,-0.00039480632,-0.0075756125,0.0,0.0,0.0,0.0,0,32.796
983352000,983352000,0.9999725,-0.002477737,-0.00055932254,-0.007589451,0.0,0.0,0.0,0.0,0,32.816
983372000,983372000,0.99997205,-0.0025795326,-0.0007147579,-0.0076063913,0.0,0.0,0.0,0.0,0,32.836
983392000,983392000,0.9999715,-0.002669698,-0.0008680737,-0.0076266592,0.0,0.0,0.0,0.0,0,32.856
983412000,983412000,0.999971,-0.002753746,-0.0010009676,-0.0076503386,0.0,0.0,0.0,0.0,0,32.876
983432000,983432000,0.99997044,-0.0028327717,-0.0011204947,-0.007676456,0.0,0.0,0.0,0.0,0,32.896
983452000,983452000,0.9999699,-0.0029054077,-0.0012382058,-0.0077047907,0.0,0.0,0.0,0.0,0,32.916
983472000,983472000,0.9999693,-0.0029647143,-0.0013489169,-0.007735743,0.0,0.0,0.0,0.0,0,32.936
983492000,983492000,0.99996877,-0.003009811,-0.0014519967,-0.0077688945,0.0,0.0,0.0,0.0,0,32.956
983512000,983512000,0.99996823,-0.003047486,-0.0015526861,-0.007804012,0.0,0.0,0.0,0.0,0,32.976
983532000,983532000,0.9999677,-0.0030803687,-0.0016434897,-0.007840992,0.0,0.0,0.0,0.0,0,32.996
983552000,983552000,0.99996716,-0.003111486,-0.0017218771,-0.007879623,0.0,0.0,0.0,0.0,0,33.016
983572000,983572000,0.9999667,-0.0031408477,-0.0017834689,-0.007920073,0.0,0.0,0.0,0.0,0,33.036
983592000,983592000,0.99996614,-0.003170458,-0.0018284561,-0.00796194,0.0,0.0,0.0,0.0,0,33.056
983612000,983612000,0.99996567,-0.0031982157,-0.0018622873,-0.008004131,0.0,0.0,0.0,0.0,0,33.076
983632000,983632000,0.9999652,-0.0032171598,-0.0018933103,-0.008046709,0.0,0.0,0.0,0.0,0,33.096
983652000,983652000,0.9999648,-0.0032265154,-0.001922224,-0.008089279,0.0,0.0,0.0,0.0,0,33.116
983672000,983672000,0.99996436,-0.0032268069,-0.0019488904,-0.008132108,0.0,0.0,0.0,0.0,0,33.136
983692000,983692000,0.99996406,-0.0032098682,-0.001965182,-0.008175167,0.0,0.0,0.0,0.0,0,33.156
983712000,983712000,0.99996376,-0.0031816887,-0.001976866,-0.008218161,0.0,0.0,0.0,0.0,0,33.176
983732000,983732000,0.9999635,-0.0031480088,-0.001989691,-0.008260997,0.0,0.0,0.0,0.0,0,33.196
983752000,983752000,0.9999633,-0.0031063966,-0.0019959856,-0.00830381,0.0,0.0,0.0,0.0,0,33.216
983772000,983772000,0.99996305,-0.0030582754,-0.001997493,-0.00834645,0.0,0.0,0.0,0.0,0,33.236
983792000,983792000,0.99996287,-0.0030063763,-0.0019931195,-0.008388664,0.0,0.0,0.0,0.0,0,33.256
983812000,983812000,0.9999627,-0.0029537913,-0.001977655,-0.008430516,0.0,0.0,0.0,0.0,0,33.276
983832000,983832000,0.9999625,-0.0029005723,-0.0019596291,-0.00847206,0.0,0.0,0.0,0.0,0,33.296
983852000,983852000,0.9999624,-0.002847724,-0.0019411654,-0.0085131,0.0,0.0,0.0,0.0,0,33.316
983872000,983872000,0.9999623,-0.0027955761,-0.0019069992,-0.008553678,0.0,0.0,0.0,0.0,0,33.336
983892000,983892000,0.99996215,-0.0027385538,-0.0018605347,-0.008593211,0.0,0.0,0.0,0.0,0,33.356
983912000,983912000,0.9999621,-0.0026768877,-0.0018126597,-0.008631374,0.0,0.0,0.0,0.0,0,33.376
983932000,983932000,0.99996203,-0.0026106923,-0.0017678605,-0.008668109,0.0,0.0,0.0,0.0,0,33.396
983952000,983952000,0.999962,-0.0025467426,-0.0017212082,-0.00870351,0.0,0.0,0.0,0.0,0,33.416
983972000,983972000,0.9999619,-0.002482502,-0.0016758865,-0.008737431,0.0,0.0,0.0,0.0,0,33.436
983992000,983992000,0.99996185,-0.0024101965,-0.0016327768,-0.008770015,0.0,0.0,0.0,0.0,0,33.456
984012000,984012000,0.99996185,-0.0023372204,-0.0015782022,-0.008801267,0.0,0.0,0.0,0.0,0,33.476
984032000,984032000,0.99996185,-0.002263243,-0.0015178306,-0.00883089,0.0,0.0,0.0,0.0,0,33.496
984052000,984052000,0.9999619,-0.002178087,-0.0014422062,-0.008859351,0.0,0.0,0.0,0.0,0,33.516
984072000,984072000,0.999962,-0.0020837374,-0.0013548684,-0.008886163,0.0,0.0,0.0,0.0,0,33.536
984092000,984092000,0.9999621,-0.0019827392,-0.0012651491,-0.008911111,0.0,0.0,0.0,0.0,0,33.556
984112000,984112000,0.9999622,-0.0018764345,-0.0011774234,-0.008934093,0.0,0.0,0.0,0.0,0,33.576
984132000,984132000,0.9999623,-0.0017705533,-0.0010874788,-0.008955433,0.0,0.0,0.0,0.0,0,33.596
984152000,984152000,0.9999624,-0.001668706,-0.0009931383,-0.008975144,0.0,0.0,0.0,0.0,0,33.616
984172000,984172000,0.9999625,-0.0015703274,-0.0008923518,-0.008993381,0.0,0.0,0.0,0.0,0,33.636
984192000,984192000,0.99996257,-0.0014710779,-0.00078624906,-0.009009858,0.0,0.0,0.0,0.0,0,33.656
984212000,984212000,0.9999626,-0.0013709554,-0.0006806758,-0.009024687,0.0,0.0,0.0,0.0,0,33.676
984232000,984232000,0.99996275,-0.0012696617,-0.000575915,-0.009038681,0.0,0.0,0.0,0.0,0,33.696
984252000,984252000,0.9999628,-0.0011603091,-0.00045347668,-0.009052272,0.0,0.0,0.0,0.0,0,33.716
984272000,984272000,0.99996287,-0.0010506323,-0.00032322094,-0.0090652,0.0,0.0,0.0,0.0,0,33.736
984292000,984292000,0.99996287,-0.00094929774,-0.0002035511,-0.0090773245,0.0,0.0,0.0,0.0,0,33.756
984312000,984312000,0.99996287,-0.0008582214,-8.590345e-05,-0.009088691,0.0,0.0,0.0,0.0,0,33.776
984332000,984332000,0.99996287,-0.00077689555,4.017915e-05,-0.009099374,0.0,0.0,0.0,0.0,0,33.796
984352000,984352000,0.9999628,-0.0007011004,0.00017159717,-0.009109699,0.0,0.0,0.0,0.0,0,33.816
984372000,984372000,0.99996275,-0.0006280455,0.00030696727,-0.009119715,0.0,0.0,0.0,0.0,0,33.836
984392000,984392000,0.9999626,-0.00056065095,0.00043239526,-0.009129345,0.0,0.0,0.0,0.0,0,33.856
984412000,984412000,0.9999625,-0.00050384435,0.00054822816,-0.009138153,0.0,0.0,0.0,0.0,0,33.876
984432000,984432000,0.9999624,-0.00046003933,0.000669378,-0.009146174,0.0,0.0,0.0,0.0,0,33.896
984452000,984452000,0.9999623,-0.00042296716,0.0007952528,-0.00915364,0.0,0.0,0.0,0.0,0,33.916
984472000,984472000,0.9999621,-0.0003786202,0.0009127261,-0.009160321,0.0,0.0,0.0,0.0,0,33.936
984492000,984492000,0.999962,-0.0003258292,0.0010221932,-0.009166593,0.0,0.0,0.0,0.0,0,33.956
984512000,984512000,0.9999618,-0.00027029906,0.001129072,-0.0091725625,0.0,0.0,0.0,0.0,0,33.976
984532000,984532000,0.9999617,-0.00021162875,0.0012337859,-0.009178396,0.0,0.0,0.0,0.0,0,33.996
984552000,984552000,0.9999615,-0.0001497249,0.0013356137,-0.0091841,0.0,0.0,0.0,0.0,0,34.016
984572000,984572000,0.9999613,-8.548354e-05,0.0014385035,-0.009189471,0.0,0.0,0.0,0.0,0,34.036
984592000,984592000,0.9999611,-1.944993e-05,0.0015413786,-0.00919473,0.0,0.0,0.0,0.0,0,34.056
984612000,984612000,0.9999609,4.941332e-05,0.0016425836,-0.009199923,0.0,0.0,0.0,0.0,0,34.076
984632000,984632000,0.99996066,0.000121415265,0.0017409822,-0.009205072,0.0,0.0,0.0,0.0,0,34.096
984652000,984652000,0.9999604,0.00019697865,0.0018365185,-0.009210168,0.0,0.0,0.0,0.0,0,34.116
984672000,984672000,0.9999602,0.0002739016,0.0019265453,-0.009215045,0.0,0.0,0.0,0.0,0,34.136
984692000,984692000,0.99995995,0.0003463723,0.0020109958,-0.009219773,0.0,0.0,0.0,0.0,0,34.156
984712000,984712000,0.9999597,0.00041255614,0.002090475,-0.009224499,0.0,0.0,0.0,0.0,0,34.176
984732000,984732000,0.9999595,0.000474223,0.0021613217,-0.009228986,0.0,0.0,0.0,0.0,0,34.196
984752000,984752000,0.9999593,0.00052736583,0.0022239329,-0.009233616,0.0,0.0,0.0,0.0,0,34.216
984772000,984772000,0.9999591,0.00057751354,0.002284182,-0.00923813,0.0,0.0,0.0,0.0,0,34.236
984792000,984792000,0.99995893,0.000623415,0.0023323637,-0.009242322,0.0,0.0,0.0,0.0,0,34.256
984812000,984812000,0.9999588,0.0006627847,0.0023625484,-0.009246866,0.0,0.0,0.0,0.0,0,34.276
984832000,984832000,0.9999587,0.00069706916,0.0023859248,-0.009251644,0.0,0.0,0.0,0.0,0,34.296
984852000,984852000,0.9999586,0.00072927424,0.0024011512,-0.009256586,0.0,0.0,0.0,0.0,0,34.316
984872000,984872000,0.9999585,0.00076308544,0.0023997575,-0.009261954,0.0,0.0,0.0,0.0,0,34.336
984892000,984892000,0.99995846,0.00079422875,0.0023917835,-0.0092679765,0.0,0.0,0.0,0.0,0,34.356
984912000,984912000,0.99995834,0.00081441604,0.0023857888,-0.00927455,0.0,0.0,0.0,0.0,0,34.376
984932000,984932000,0.99995834,0.00082997925,0.002365213,-0.009281414,0.0,0.0,0.0,0.0,0,34.396
984952000,984952000,0.99995834,0.0008444359,0.0023233788,-0.009288819,0.0,0.0,0.0,0.0,0,34.416
984972000,984972000,0.9999584,0.0008511489,0.0022794039,-0.009296954,0.0,0.0,0.0,0.0,0,34.436
984992000,984992000,0.9999584,0.0008507451,0.0022364175,-0.009305662,0.0,0.0,0.0,0.0,0,34.456
985012000,985012000,0.9999584,0.0008573428,0.0021798392,-0.00931513,0.0,0.0,0.0,0.0,0,34.476
985032000,985032000,0.99995846,0.0008645156,0.002119933,-0.009325496,0.0,0.0,0.0,0.0,0,34.496
985052000,985052000,0.99995846,0.00086911523,0.0020608439,-0.009337057,0.0,0.0,0.0,0.0,0,34.516
985072000,985072000,0.99995846,0.00087598147,0.0019972574,-0.009349475,0.0,0.0,0.0,0.0,0,34.536
985092000,985092000,0.99995846,0.00087440136,0.001931147,-0.009362604,0.0,0.0,0.0,0.0,0,34.556
985112000,985112000,0.9999585,0.000872588,0.0018522947,-0.0093762,0.0,0.0,0.0,0.0,0,34.576
985132000,985132000,0.9999585,0.0008744347,0.0017744972,-0.009390083,0.0,0.0,0.0,0.0,0,34.596
985152000,985152000,0.9999585,0.0008750599,0.0017007656,-0.009404426,0.0,0.0,0.0,0.0,0,34.616
985172000,985172000,0.9999585,0.0008832409,0.0016165862,-0.0094191795,0.0,0.0,0.0,0.0,0,34.636
985192000,985192000,0.99995846,0.0008908206,0.0015349245,-0.009434366,0.0,0.0,0.0,0.0,0,34.656
985212000,985212000,0.99995846,0.00089002814,0.0014569367,-0.0094498005,0.0,0.0,0.0,0.0,0,34.676
985232000,985232000,0.9999584,0.00089307624,0.0013760899,-0.009465529,0.0,0.0,0.0,0.0,0,34.696
985252000,985252000,0.99995834,0.0009022078,0.0012897381,-0.00948137,0.0,0.0,0.0,0.0,0,34.716
985272000,985272000,0.9999583,0.0009126591,0.0012122238,-0.009497121,0.0,0.0,0.0,0.0,0,34.736
985292000,985292000,0.9999582,0.0009296235,0.0011429635,-0.009513052,0.0,0.0,0.0,0.0,0,34.756
985312000,985312000,0.9999581,0.0009524601,0.0010755273,-0.009528972,0.0,0.0,0.0,0.0,0,34.776
985332000,985332000,0.99995804,0.00097647234,0.0010088644,-0.009544344,0.0,0.0,0.0,0.0,0,34.796
985352000,985352000,0.9999579,0.0009936494,0.00094797724,-0.00955912,0.0,0.0,0.0,0.0,0,34.816
985372000,985372000,0.9999578,0.0010023718,0.0008935267,-0.009573099,0.0,0.0,0.0,0.0,0,34.836
985392000,985392000,0.99995774,0.0010011303,0.0008404544,-0.009587046,0.0,0.0,0.0,0.0,0,34.856
985412000,985412000,0.9999577,0.0009938519,0.00078263826,-0.009601169,0.0,0.0,0.0,0.0,0,34.876
985432000,985432000,0.99995756,0.0009892979,0.0007299213,-0.009615297,0.0,0.0,0.0,0.0,0,34.896
985452000,985452000,0.9999575,0.0009832564,0.0006824403,-0.009629132,0.0,0.0,0.0,0.0,0,34.916
985472000,985472000,0.9999574,0.0009769548,0.0006346134,-0.009642825,0.0,0.0,0.0,0.0,0,34.936
985492000,985492000,0.99995726,0.000969647,0.00058226904,-0.009656473,0.0,0.0,0.0,0.0,0,34.956
985512000,985512000,0.9999572,0.00095061655,0.0005301147,-0.009669772,0.0,0.0,0.0,0.0,0,34.976
985532000,985532000,0.99995714,0.00092591223,0.00048758232,-0.009683088,0.0,0.0,0.0,0.0,0,34.996
985552000,985552000,0.999957,0.0008951087,0.0004454781,-0.009696785,0.0,0.0,0.0,0.0,0,35.016
985572000,985572000,0.99995697,0.0008536936,0.00039771388,-0.009711087,0.0,0.0,0.0,0.0,0,35.036
985592000,985592000,0.99995685,0.0008169062,0.00035531915,-0.009726055,0.0,0.0,0.0,0.0,0,35.056
985612000,985612000,0.9999567,0.0007842423,0.00031253154,-0.009741954,0.0,0.0,0.0,0.0,0,35.076
985632000,985632000,0.9999566,0.00075259624,0.00026386257,-0.00975876,0.0,0.0,0.0,0.0,0,35.096
985652000,985652000,0.9999565,0.00071796053,0.00021080433,-0.009775911,0.0,0.0,0.0,0.0,0,35.116
985672000,985672000,0.99995637,0.00067164167,0.00016182057,-0.009793138,0.0,0.0,0.0,0.0,0,35.136
985692000,985692000,0.99995625,0.00062083616,0.00012341783,-0.009810364,0.0,0.0,0.0,0.0,0,35.156
985712000,985712000,0.9999561,0.00056995783,8.8867004e-05,-0.009827528,0.0,0.0,0.0,0.0,0,35.176
985732000,985732000,0.99995595,0.0005202066,5.2470896e-05,-0.009844602,0.0,0.0,0.0,0.0,0,35.196
985752000,985752000,0.99995583,0.0004713602,1.238714e-05,-0.0098614,0.0,0.0,0.0,0.0,0,35.216
985772000,985772000,0.99995565,0.0004180063,-2.6781985e-05,-0.009877611,0.0,0.0,0.0,0.0,0,35.236
985792000,985792000,0.99995553,0.0003562236,-6.1433915e-05,-0.00989321,0.0,0.0,0.0,0.0,0,35.256
985812000,985812000,0.9999554,0.0002894818,-9.492546e-05,-0.009908447,0.0,0.0,0.0,0.0,0,35.276
985832000,985832000,0.9999553,0.00022050155,-0.00011417985,-0.009923498,0.0,0.0,0.0,0.0,0,35.296
985852000,985852000,0.9999551,0.00015335312,-0.00011211297,-0.0099390065,0.0,0.0,0.0,0.0,0,35.316
985872000,985872000,0.999955,8.284746e-05,-0.000111288966,-0.009955236,0.0,0.0,0.0,0.0,0,35.336
985892000,985892000,0.9999548,1.2308481e-05,-0.00011535487,-0.009972398,0.0,0.0,0.0,0.0,0,35.356
985912000,985912000,0.99995464,-6.0316335e-05,-0.00012325059,-0.009990284,0.0,0.0,0.0,0.0,0,35.376
985932000,985932000,0.99995446,-0.0001379707,-0.00012635467,-0.010008659,0.0,0.0,0.0,0.0,0,35.396
985952000,985952000,0.9999542,-0.00021821912,-0.00012834623,-0.010027249,0.0,0.0,0.0,0.0,0,35.416
985972000,985972000,0.99995404,-0.0002962246,-0.00013650846,-0.010045737,0.0,0.0,0.0,0.0,0,35.436
985992000,985992000,0.9999538,-0.00037210423,-0.000150736,-0.010064046,0.0,0.0,0.0,0.0,0,35.456
986012000,986012000,0.9999536,-0.00044220177,-0.00016771378,-0.01008196,0.0,0.0,0.0,0.0,0,35.476
986032000,986032000,0.9999534,-0.0005071144,-0.00018687846,-0.010099963,0.0,0.0,0.0,0.0,0,35.496
986052000,986052000,0.99995315,-0.0005648223,-0.00019380893,-0.010118536,0.0,0.0,0.0,0.0,0,35.516
986072000,986072000,0.999953,-0.00061438273,-0.00019239842,-0.010137206,0.0,0.0,0.0,0.0,0,35.536
986092000,986092000,0.99995273,-0.0006604162,-0.00018494047,-0.010155643,0.0,0.0,0.0,0.0,0,35.556
986112000,986112000,0.99995255,-0.00070647727,-0.00017153536,-0.010173829,0.0,0.0,0.0,0.0,0,35.576
986132000,986132000,0.9999523,-0.00074968993,-0.00014379522,-0.010192424,0.0,0.0,0.0,0.0,0,35.596
986152000,986152000,0.9999521,-0.0007970999,-0.00011641213,-0.010211807,0.0,0.0,0.0,0.0,0,35.616
986172000,986172000,0.99995184,-0.0008506905,-9.472919e-05,-0.010231811,0.0,0.0,0.0,0.0,0,35.636
986192000,986192000,0.9999516,-0.0008993997,-6.63338e-05,-0.010252115,0.0,0.0,0.0,0.0,0,35.656
986212000,986212000,0.99995136,-0.0009472562,-4.3224758e-05,-0.010272806,0.0,0.0,0.0,0.0,0,35.676
986232000,986232000,0.99995106,-0.0010017965,-1.4925486e-05,-0.0102938805,0.0,0.0,0.0,0.0,0,35.696
986252000,986252000,0.99995077,-0.001053837,1.9547357e-05,-0.01031517,0.0,0.0,0.0,0.0,0,35.716
986272000,986272000,0.9999505,-0.0011028901,4.3520242e-05,-0.010336428,0.0,0.0,0.0,0.0,0,35.736
986292000,986292000,0.99995023,-0.0011596323,6.8378824e-05,-0.010357749,0.0,0.0,0.0,0.0,0,35.756
986312000,986312000,0.99994993,-0.001216867,0.00010891314,-0.010378986,0.0,0.0,0.0,0.0,0,35.776
986332000,986332000,0.99994963,-0.0012693523,0.00013945546,-0.010400122,0.0,0.0,0.0,0.0,0,35.796
986352000,986352000,0.99994934,-0.00132518,0.00015261979,-0.010421039,0.0,0.0,0.0,0.0,0,35.816
986372000,986372000,0.99994904,-0.0013821379,0.0001750193,-0.010442093,0.0,0.0,0.0,0.0,0,35.836
986392000,986392000,0.99994874,-0.0014329472,0.00020923009,-0.010463728,0.0,0.0,0.0,0.0,0,35.856
986412000,986412000,0.99994844,-0.0014869423,0.00023442716,-0.01048576,0.0,0.0,0.0,0.0,0,35.876
986432000,986432000,0.99994814,-0.0015370462,0.00024511307,-0.010507732,0.0,0.0,0.0,0.0,0,35.896
986452000,986452000,0.99994785,-0.001580691,0.00026507326,-0.010529732,0.0,0.0,0.0,0.0,0,35.916
986472000,986472000,0.99994755,-0.0016160952,0.00028825935,-0.010551321,0.0,0.0,0.0,0.0,0,35.936
986492000,986492000,0.99994725,-0.001641877,0.00030540983,-0.010572616,0.0,0.0,0.0,0.0,0,35.956
986512000,986512000,0.999947,-0.0016615929,0.000316627,-0.010593703,0.0,0.0,0.0,0.0,0,35.976
986532000,986532000,0.9999468,-0.001678567,0.00032380436,-0.010614408,0.0,0.0,0.0,0.0,0,35.996
986552000,986552000,0.99994653,-0.0016961446,0.0003297213,-0.010634636,0.0,0.0,0.0,0.0,0,36.016
986572000,986572000,0.99994624,-0.0017170305,0.00033691266,-0.010654452,0.0,0.0,0.0,0.0,0,36.036
986592000,986592000,0.999946,-0.0017379429,0.00034197466,-0.010674035,0.0,0.0,0.0,0.0,0,36.056
986612000,986612000,0.99994576,-0.0017564147,0.00034119858,-0.010693386,0.0,0.0,0.0,0.0,0,36.076
986632000,986632000,0.9999455,-0.0017721971,0.00032910905,-0.010712601,0.0,0.0,0.0,0.0,0,36.096
986652000,986652000,0.99994534,-0.0017882433,0.0003116535,-0.010731234,0.0,0.0,0.0,0.0,0,36.116
986672000,986672000,0.9999451,-0.0018089818,0.00029549142,-0.010749444,0.0,0.0,0.0,0.0,0,36.136
986692000,986692000,0.99994487,-0.0018301035,0.00027719245,-0.0107674515,0.0,0.0,0.0,0.0,0,36.156
986712000,986712000,0.9999446,-0.0018441447,0.00025989112,-0.010785804,0.0,0.0,0.0,0.0,0,36.176
986732000,986732000,0.99994445,-0.0018475486,0.00024515745,-0.010804241,0.0,0.0,0.0,0.0,0,36.196
986752000,986752000,0.99994427,-0.0018436668,0.00022840204,-0.010822531,0.0,0.0,0.0,0.0,0,36.216
986772000,986772000,0.9999441,-0.0018290989,0.00020243734,-0.010840364,0.0,0.0,0.0,0.0,0,36.236
986792000,986792000,0.999944,-0.0018055727,0.0001674118,-0.010857962,0.0,0.0,0.0,0.0,0,36.256
986812000,986812000,0.99994385,-0.0017756743,0.00012530667,-0.010875384,0.0,0.0,0.0,0.0,0,36.276
986832000,986832000,0.99994373,-0.0017407892,7.726928e-05,-0.010892558,0.0,0.0,0.0,0.0,0,36.296
986852000,986852000,0.9999436,-0.0017063611,2.8849547e-05,-0.010909251,0.0,0.0,0.0,0.0,0,36.316
986872000,986872000,0.9999435,-0.0016716347,-2.0750478e-05,-0.010925709,0.0,0.0,0.0,0.0,0,36.336
986892000,986892000,0.9999434,-0.0016342052,-7.3845615e-05,-0.010941996,0.0,0.0,0.0,0.0,0,36.356
986912000,986912000,0.99994326,-0.0015931455,-0.00013138798,-0.010958141,0.0,0.0,0.0,0.0,0,36.376
986932000,986932000,0.99994314,-0.0015477821,-0.00019386299,-0.010974173,0.0,0.0,0.0,0.0,0,36.396
986952000,986952000,0.999943,-0.0015008776,-0.00025848456,-0.010990365,0.0,0.0,0.0,0.0,0,36.416
986972000,986972000,0.9999429,-0.0014525355,-0.00032489325,-0.011006545,0.0,0.0,0.0,0.0,0,36.436
986992000,986992000,0.9999427,-0.0014041112,-0.0003917814,-0.011022877,0.0,0.0,0.0,0.0,0,36.456
987012000,987012000,0.9999426,-0.0013532569,-0.00045688706,-0.0110391965,0.0,0.0,0.0,0.0,0,36.476
987032000,987032000,0.9999425,-0.0013009153,-0.00051988696,-0.011055566,0.0,0.0,0.0,0.0,0,36.496
987052000,987052000,0.9999423,-0.001246476,-0.00057847815,-0.011071984,0.0,0.0,0.0,0.0,0,36.516
987072000,987072000,0.9999422,-0.0011909988,-0.0006316135,-0.011088175,0.0,0.0,0.0,0.0,0,36.536
987092000,987092000,0.999942,-0.0011362924,-0.0006899116,-0.011103843,0.0,0.0,0.0,0.0,0,36.556
987112000,987112000,0.9999419,-0.0010725511,-0.00074500026,-0.011118921,0.0,0.0,0.0,0.0,0,36.576
987132000,987132000,0.99994177,-0.0010064917,-0.00080143486,-0.011133545,0.0,0.0,0.0,0.0,0,36.596
987152000,987152000,0.9999416,-0.0009405253,-0.0008604132,-0.011147813,0.0,0.0,0.0,0.0,0,36.616
987172000,987172000,0.99994147,-0.0008726182,-0.00091436785,-0.011161608,0.0,0.0,0.0,0.0,0,36.636
987192000,987192000,0.9999413,-0.00080772635,-0.00096365606,-0.011175035,0.0,0.0,0.0,0.0,0,36.656
987212000,987212000,0.9999412,-0.0007523996,-0.0010210674,-0.011187343,0.0,0.0,0.0,0.0,0,36.676
987232000,987232000,0.999941,-0.00070015766,-0.0010826492,-0.011198507,0.0,0.0,0.0,0.0,0,36.696
987252000,987252000,0.9999409,-0.0006393411,-0.0011328029,-0.011209073,0.0,0.0,0.0,0.0,0,36.716
987272000,987272000,0.99994075,-0.00057248556,-0.0011770836,-0.011218793,0.0,0.0,0.0,0.0,0,36.736
987292000,987292000,0.99994063,-0.00050825987,-0.0012274851,-0.011228079,0.0,0.0,0.0,0.0,0,36.756
987312000,987312000,0.9999405,-0.00044495205,-0.0012675081,-0.011237121,0.0,0.0,0.0,0.0,0,36.776
987332000,987332000,0.9999404,-0.0003918317,-0.0013101564,-0.011245623,0.0,0.0,0.0,0.0,0,36.796
987352000,987352000,0.9999403,-0.0003490449,-0.0013533254,-0.011254063,0.0,0.0,0.0,0.0,0,36.816
987372000,987372000,0.99994016,-0.0003058517,-0.0013794912,-0.01126236,0.0,0.0,0.0,0.0,0,36.836
987392000,987392000,0.99994004,-0.0002647914,-0.0014040497,-0.011270576,0.0,0.0,0.0,0.0,0,36.856
987412000,987412000,0.9999399,-0.00022187243,-0.0014294026,-0.011278742,0.0,0.0,0.0,0.0,0,36.876
987432000,987432000,0.9999398,-0.00017369438,-0.0014393167,-0.011286681,0.0,0.0,0.0,0.0,0,36.896
987452000,987452000,0.9999329,9.4500465e-05,-0.0039843745,-0.011291205,0.0,0.0,0.0,0.0,0,36.916
987472000,987472000,0.9998656,0.0009131839,-0.012233892,-0.011285049,0.0,0.0,0.0,0.0,0,36.936
987492000,987492000,0.99968725,0.0021698044,-0.022426758,-0.011261363,0.0,0.0,0.0,0.0,0,36.956
987512000,987512000,0.9994158,0.003589026,-0.032224383,-0.011217709,0.0,0.0,0.0,0.0,0,36.976
987532000,987532000,0.9990416,0.0050593507,-0.04212899,-0.011156018,0.0,0.0,0.0,0.0,0,36.996
987552000,987552000,0.99856305,0.006541608,-0.052110236,-0.011075105,0.0,0.0,0.0,0.0,0,37.016
987572000,987572000,0.99801236,0.007974868,-0.061614744,-0.010973906,0.0,0.0,0.0,0.0,0,37.036
987592000,987592000,0.9974249,0.009348576,-0.07033839,-0.010850824,0.0,0.0,0.0,0.0,0,37.056
987612000,987612000,0.9968227,0.010633421,-0.0782677,-0.010707696,0.0,0.0,0.0,0.0,0,37.076
987632000,987632000,0.9962178,0.011814529,-0.08548909,-0.010546728,0.0,0.0,0.0,0.0,0,37.096
987652000,987652000,0.9956241,0.012910027,-0.09201949,-0.010367554,0.0,0.0,0.0,0.0,0,37.116
987672000,987672000,0.9950549,0.013898616,-0.097867966,-0.010173328,0.0,0.0,0.0,0.0,0,37.136
987692000,987692000,0.9945147,0.01479445,-0.10310889,-0.009965173,0.0,0.0,0.0,0.0,0,37.156
987712000,987712000,0.99400765,0.015607129,-0.10779304,-0.009744247,0.0,0.0,0.0,0.0,0,37.176
987732000,987732000,0.99353844,0.016329845,-0.11195203,-0.009513606,0.0,0.0,0.0,0.0,0,37.196
987752000,987752000,0.9931062,0.016981132,-0.11564959,-0.009273813,0.0,0.0,0.0,0.0,0,37.216
987772000,987772000,0.9927085,0.017566409,-0.11894899,-0.009026743,0.0,0.0,0.0,0.0,0,37.236
987792000,987792000,0.9923478,0.01809316,-0.121863335,-0.008773869,0.0,0.0,0.0,0.0,0,37.256
987812000,987812000,0.992023,0.018582115,-0.124425575,-0.008514792,0.0,0.0,0.0,0.0,0,37.276
987832000,987832000,0.99173003,0.019036971,-0.12668929,-0.00825122,0.0,0.0,0.0,0.0,0,37.296
987852000,987852000,0.9914612,0.01947164,-0.12872788,-0.007983512,0.0,0.0,0.0,0.0,0,37.316
987872000,987872000,0.9912038,0.01990042,-0.13064706,-0.0077128513,0.0,0.0,0.0,0.0,0,37.336
987892000,987892000,0.99099725,0.020286027,-0.13216153,-0.007440315,0.0,0.0,0.0,0.0,0,37.356
987912000,987912000,0.990892,0.020582788,-0.13291766,-0.0071672015,0.0,0.0,0.0,0.0,0,37.376
987932000,987932000,0.99090356,0.020758716,-0.13281836,-0.0068976474,0.0,0.0,0.0,0.0,0,37.396
987952000,987952000,0.9910202,0.020807326,-0.13195112,-0.0066359867,0.0,0.0,0.0,0.0,0,37.416
987972000,987972000,0.99122465,0.020730501,-0.13043086,-0.0063862433,0.0,0.0,0.0,0.0,0,37.436
987992000,987992000,0.9915025,0.020548826,-0.12834227,-0.006149479,0.0,0.0,0.0,0.0,0,37.456
988012000,988012000,0.991842,0.02026223,-0.12574923,-0.0059286747,0.0,0.0,0.0,0.0,0,37.476
988032000,988032000,0.99223095,0.01989309,-0.12271233,-0.0057240212,0.0,0.0,0.0,0.0,0,37.496
988052000,988052000,0.9926586,0.019443357,-0.11928639,-0.0055378964,0.0,0.0,0.0,0.0,0,37.516
988072000,988072000,0.9931158,0.018940717,-0.11551012,-0.0053690285,0.0,0.0,0.0,0.0,0,37.536
988092000,988092000,0.9935934,0.018381167,-0.11142784,-0.0052197636,0.0,0.0,0.0,0.0,0,37.556
988112000,988112000,0.9940838,0.017788613,-0.10707057,-0.005088991,0.0,0.0,0.0,0.0,0,37.576
988132000,988132000,0.9945805,0.017147036,-0.102469,-0.0049794493,0.0,0.0,0.0,0.0,0,37.596
988152000,988152000,0.99507725,0.016477443,-0.09764682,-0.0048900195,0.0,0.0,0.0,0.0,0,37.616
988172000,988172000,0.9955687,0.015766123,-0.09262961,-0.004823167,0.0,0.0,0.0,0.0,0,37.636
988192000,988192000,0.99604964,0.015048179,-0.08743574,-0.004776101,0.0,0.0,0.0,0.0,0,37.656
988212000,988212000,0.99651426,0.014309287,-0.082103975,-0.0047512637,0.0,0.0,0.0,0.0,0,37.676
988232000,988232000,0.99695855,0.013574946,-0.07665491,-0.0047473516,0.0,0.0,0.0,0.0,0,37.696
988252000,988252000,0.99737877,0.01282068,-0.07111706,-0.0047665914,0.0,0.0,0.0,0.0,0,37.716
988272000,988272000,0.99777144,0.012079508,-0.065515354,-0.004806678,0.0,0.0,0.0,0.0,0,37.736
988292000,988292000,0.9981344,0.011330266,-0.059873097,-0.004868755,0.0,0.0,0.0,0.0,0,37.756
988312000,988312000,0.9984662,0.010607626,-0.054197606,-0.004950217,0.0,0.0,0.0,0.0,0,37.776
988332000,988332000,0.99876463,0.009890294,-0.048528403,-0.0050519723,0.0,0.0,0.0,0.0,0,37.796
988352000,988352000,0.9990295,0.009205525,-0.042867664,-0.0051718964,0.0,0.0,0.0,0.0,0,37.816
988372000,988372000,0.99926037,0.008531964,-0.037239768,-0.005310319,0.0,0.0,0.0,0.0,0,37.836
988392000,988392000,0.9994572,0.007892692,-0.031659793,-0.005465363,0.0,0.0,0.0,0.0,0,37.856
988412000,988412000,0.9996202,0.0072650653,-0.02615292,-0.005637065,0.0,0.0,0.0,0.0,0,37.876
988432000,988432000,0.9997507,0.0066686715,-0.02071965,-0.0058237244,0.0,0.0,0.0,0.0,0,37.896
988452000,988452000,0.99984974,0.0060797827,-0.015372528,-0.0060247863,0.0,0.0,0.0,0.0,0,37.916
988472000,988472000,0.9999186,0.00551785,-0.010129572,-0.0062383,0.0,0.0,0.0,0.0,0,37.936
988492000,988492000,0.9999587,0.004976463,-0.005018934,-0.0064633274,0.0,0.0,0.0,0.0,0,37.956
988512000,988512000,0.99997216,0.0044620936,-3.4724915e-05,-0.0066983504,0.0,0.0,0.0,0.0,0,37.976
988532000,988532000,0.9999611,0.0039617987,0.0048052203,-0.0069419476,0.0,0.0,0.0,0.0,0,37.996
988552000,988552000,0.9999275,0.0034835793,0.0094993245,-0.007192806,0.0,0.0,0.0,0.0,0,38.016
988572000,988572000,0.9998738,0.0030237753,0.014028466,-0.0074497806,0.0,0.0,0.0,0.0,0,38.036
988592000,988592000,0.9998021,0.0025872746,0.018402502,-0.00771158,0.0,0.0,0.0,0.0,0,38.056
988612000,988612000,0.9997147,0.0021686149,0.022612054,-0.007976531,0.0,0.0,0.0,0.0,0,38.076
988632000,988632000,0.9996136,0.001765704,0.026659483,-0.0082431305,0.0,0.0,0.0,0.0,0,38.096
988652000,988652000,0.9995013,0.0013757613,0.03052735,-0.008510142,0.0,0.0,0.0,0.0,0,38.116
988672000,988672000,0.9993798,0.000998544,0.034220595,-0.008776517,0.0,0.0,0.0,0.0,0,38.136
988692000,988692000,0.99925107,0.0006325389,0.037739854,-0.00904111,0.0,0.0,0.0,0.0,0,38.156
988712000,988712000,0.9991167,0.00027576543,0.041088596,-0.009302761,0.0,0.0,0.0,0.0,0,38.176
988732000,988732000,0.9989783,-6.1490806e-05,0.04427218,-0.009560635,0.0,0.0,0.0,0.0,0,38.196
988752000,988752000,0.9988373,-0.00038879836,0.047294397,-0.009813462,0.0,0.0,0.0,0.0,0,38.216
988772000,988772000,0.99869424,-0.00069207133,0.050171766,-0.010061429,0.0,0.0,0.0,0.0,0,38.236
988792000,988792000,0.9985508,-0.0009822794,0.052898884,-0.010303086,0.0,0.0,0.0,0.0,0,38.256
988812000,988812000,0.9984073,-0.0012481097,0.055491973,-0.010538595,0.0,0.0,0.0,0.0,0,38.276
988832000,988832000,0.99826485,-0.0014991179,0.05795005,-0.01076683,0.0,0.0,0.0,0.0,0,38.296
988852000,988852000,0.9981236,-0.0017345153,0.060288664,-0.0109872185,0.0,0.0,0.0,0.0,0,38.316
988872000,988872000,0.99798435,-0.0019495939,0.062507376,-0.011199422,0.0,0.0,0.0,0.0,0,38.336
988892000,988892000,0.9978479,-0.0021520813,0.064606756,-0.011402586,0.0,0.0,0.0,0.0,0,38.356
988912000,988912000,0.9977145,-0.0023331011,0.06659493,-0.011596975,0.0,0.0,0.0,0.0,0,38.376
988932000,988932000,0.9975849,-0.0025024384,0.06847264,-0.011781609,0.0,0.0,0.0,0.0,0,38.396
988952000,988952000,0.9974587,-0.002653976,0.07025136,-0.011956755,0.0,0.0,0.0,0.0,0,38.416
988972000,988972000,0.9973375,-0.0027961838,0.07191819,-0.012121071,0.0,0.0,0.0,0.0,0,38.436
988992000,988992000,0.9972211,-0.00293212,0.073484205,-0.012273951,0.0,0.0,0.0,0.0,0,38.456
989012000,989012000,0.9971099,-0.003058916,0.074949786,-0.012415822,0.0,0.0,0.0,0.0,0,38.476
989032000,989032000,0.9970047,-0.0031826831,0.07631022,-0.012545941,0.0,0.0,0.0,0.0,0,38.496
989052000,989052000,0.9969055,-0.0032964696,0.07757075,-0.012664729,0.0,0.0,0.0,0.0,0,38.516
989072000,989072000,0.99681354,-0.0034123252,0.07872153,-0.012771589,0.0,0.0,0.0,0.0,0,38.536
989092000,989092000,0.99672866,-0.0035224666,0.07976885,-0.012867405,0.0,0.0,0.0,0.0,0,38.556
989112000,989112000,0.99665093,-0.0036253838,0.080716245,-0.012952347,0.0,0.0,0.0,0.0,0,38.576
989132000,989132000,0.99658066,-0.0037209194,0.0815635,-0.013026449,0.0,0.0,0.0,0.0,0,38.596
989152000,989152000,0.9965184,-0.00380599,0.082306795,-0.013089969,0.0,0.0,0.0,0.0,0,38.616
989172000,989172000,0.9964643,-0.0038852298,0.0829466,-0.013142429,0.0,0.0,0.0,0.0,0,38.636
989192000,989192000,0.996417,-0.003961975,0.08350335,-0.013184078,0.0,0.0,0.0,0.0,0,38.656
989212000,989212000,0.99637693,-0.0040377653,0.083971,-0.013215142,0.0,0.0,0.0,0.0,0,38.676
989232000,989232000,0.9963451,-0.004113254,0.08434123,-0.013235969,0.0,0.0,0.0,0.0,0,38.696
989252000,989252000,0.99632186,-0.0041870927,0.08460986,-0.013246948,0.0,0.0,0.0,0.0,0,38.716
989272000,989272000,0.99630624,-0.0042593786,0.08479,-0.013247905,0.0,0.0,0.0,0.0,0,38.736
989292000,989292000,0.99629754,-0.0043239044,0.08489026,-0.01324065,0.0,0.0,0.0,0.0,0,38.756
989312000,989312000,0.9962954,-0.0043900963,0.08491447,-0.01322529,0.0,0.0,0.0,0.0,0,38.776
989332000,989332000,0.99630105,-0.0044521526,0.084847994,-0.0132023785,0.0,0.0,0.0,0.0,0,38.796
989352000,989352000,0.9963139,-0.0045112316,0.08469841,-0.013172494,0.0,0.0,0.0,0.0,0,38.816
989372000,989372000,0.996333,-0.004563978,0.084476665,-0.013136655,0.0,0.0,0.0,0.0,0,38.836
989392000,989392000,0.99635816,-0.0046077687,0.08418281,-0.013095863,0.0,0.0,0.0,0.0,0,38.856
989412000,989412000,0.99638927,-0.004647306,0.08381869,-0.013050177,0.0,0.0,0.0,0.0,0,38.876
989432000,989432000,0.9964267,-0.0046828818,0.08337851,-0.012999625,0.0,0.0,0.0,0.0,0,38.896
989452000,989452000,0.9964707,-0.0047218413,0.082858,-0.012944435,0.0,0.0,0.0,0.0,0,38.916
989472000,989472000,0.9965196,-0.0047619324,0.08227412,-0.0128855,0.0,0.0,0.0,0.0,0,38.936
989492000,989492000,0.9965736,-0.0047978773,0.081624694,-0.012823626,0.0,0.0,0.0,0.0,0,38.956
989512000,989512000,0.9966327,-0.0048338994,0.08090861,-0.012758876,0.0,0.0,0.0,0.0,0,38.976
989532000,989532000,0.9966965,-0.004862529,0.08012799,-0.0126926275,0.0,0.0,0.0,0.0,0,38.996
989552000,989552000,0.9967639,-0.004888624,0.07929433,-0.012624793,0.0,0.0,0.0,0.0,0,39.016
989572000,989572000,0.996834,-0.0049098195,0.07841786,-0.012555997,0.0,0.0,0.0,0.0,0,39.036
989592000,989592000,0.99690723,-0.004932698,0.0774907,-0.012486295,0.0,0.0,0.0,0.0,0,39.056
989612000,989612000,0.99698347,-0.0049572363,0.07651372,-0.012416262,0.0,0.0,0.0,0.0,0,39.076
989632000,989632000,0.99706256,-0.0049784407,0.07548594,-0.012346618,0.0,0.0,0.0,0.0,0,39.096
989652000,989652000,0.99714404,-0.0049948907,0.07441169,-0.01227833,0.0,0.0,0.0,0.0,0,39.116
989672000,989672000,0.9972277,-0.0050120656,0.073292375,-0.012211248,0.0,0.0,0.0,0.0,0,39.136
989692000,989692000,0.9973126,-0.0050335773,0.072137445,-0.012145557,0.0,0.0,0.0,0.0,0,39.156
989712000,989712000,0.99739826,-0.005056836,0.070952624,-0.012081806,0.0,0.0,0.0,0.0,0,39.176
989732000,989732000,0.9974839,-0.0050805295,0.0697474,-0.012020621,0.0,0.0,0.0,0.0,0,39.196
989752000,989752000,0.99756986,-0.0050943918,0.068516076,-0.011962872,0.0,0.0,0.0,0.0,0,39.216
989772000,989772000,0.99765605,-0.0051002754,0.06725789,-0.011908876,0.0,0.0,0.0,0.0,0,39.236
989792000,989792000,0.99774206,-0.005106178,0.06597839,-0.011858297,0.0,0.0,0.0,0.0,0,39.256
989812000,989812000,0.99782765,-0.005115376,0.06467952,-0.011811066,0.0,0.0,0.0,0.0,0,39.276
989832000,989832000,0.9979127,-0.0051201875,0.06336151,-0.011767822,0.0,0.0,0.0,0.0,0,39.296
989852000,989852000,0.9979973,-0.0051209456,0.06202219,-0.011728969,0.0,0.0,0.0,0.0,0,39.316
989872000,989872000,0.99808073,-0.005116803,0.060671236,-0.011694495,0.0,0.0,0.0,0.0,0,39.336
989892000,989892000,0.9981633,-0.0051145745,0.05930432,-0.011664117,0.0,0.0,0.0,0.0,0,39.356
989912000,989912000,0.9982446,-0.005105896,0.057925638,-0.0116383815,0.0,0.0,0.0,0.0,0,39.376
989932000,989932000,0.9983247,-0.0050911275,0.05653318,-0.0116174985,0.0,0.0,0.0,0.0,0,39.396
989952000,989952000,0.9984035,-0.0050712833,0.05512953,-0.01160162,0.0,0.0,0.0,0.0,0,39.416
989972000,989972000,0.99848074,-0.0050445707,0.053717226,-0.011590401,0.0,0.0,0.0,0.0,0,39.436
989992000,989992000,0.9985562,-0.005018067,0.052299675,-0.011583578,0.0,0.0,0.0,0.0,0,39.456
990012000,990012000,0.9986297,-0.0049873237,0.050880767,-0.011581567,0.0,0.0,0.0,0.0,0,39.476
990032000,990032000,0.9987008,-0.0049479837,0.049468342,-0.011584766,0.0,0.0,0.0,0.0,0,39.496
990052000,990052000,0.99877006,-0.00491036,0.04805183,-0.011592412,0.0,0.0,0.0,0.0,0,39.516
990072000,990072000,0.99883735,-0.004882324,0.046631783,-0.011604288,0.0,0.0,0.0,0.0,0,39.536
990092000,990092000,0.99890214,-0.0048585683,0.045221575,-0.01162079,0.0,0.0,0.0,0.0,0,39.556
990112000,990112000,0.99896485,-0.004844165,0.043810923,-0.011641287,0.0,0.0,0.0,0.0,0,39.576
990132000,990132000,0.9990255,-0.004832077,0.042398784,-0.011665627,0.0,0.0,0.0,0.0,0,39.596
990152000,990152000,0.9990837,-0.0048180046,0.040998127,-0.011694073,0.0,0.0,0.0,0.0,0,39.616
990172000,990172000,0.99913913,-0.0048051244,0.03961654,-0.011726331,0.0,0.0,0.0,0.0,0,39.636
990192000,990192000,0.99919194,-0.0048013343,0.03825092,-0.011761757,0.0,0.0,0.0,0.0,0,39.656
990212000,990212000,0.99924225,-0.0047931797,0.036902256,-0.011800677,0.0,0.0,0.0,0.0,0,39.676
990232000,990232000,0.99929,-0.004788227,0.035573512,-0.011842724,0.0,0.0,0.0,0.0,0,39.696
990252000,990252000,0.99933535,-0.004793241,0.03425848,-0.0118874805,0.0,0.0,0.0,0.0,0,39.716
990272000,990272000,0.9993786,-0.0047947243,0.032954812,-0.011935524,0.0,0.0,0.0,0.0,0,39.736
990292000,990292000,0.99941945,-0.004793544,0.031673003,-0.011986265,0.0,0.0,0.0,0.0,0,39.756
990312000,990312000,0.99945796,-0.0047947266,0.030413503,-0.012039181,0.0,0.0,0.0,0.0,0,39.776
990332000,990332000,0.9994944,-0.004791973,0.029170353,-0.012093817,0.0,0.0,0.0,0.0,0,39.796
990352000,990352000,0.99952865,-0.004792759,0.027945282,-0.012150166,0.0,0.0,0.0,0.0,0,39.816
990372000,990372000,0.9995609,-0.0047953827,0.026740516,-0.012208332,0.0,0.0,0.0,0.0,0,39.836
990392000,990392000,0.99959123,-0.0047953315,0.025553145,-0.012267698,0.0,0.0,0.0,0.0,0,39.856
990412000,990412000,0.9996195,-0.004795326,0.024392935,-0.012328337,0.0,0.0,0.0,0.0,0,39.876
990432000,990432000,0.99964565,-0.004785233,0.023263995,-0.012390425,0.0,0.0,0.0,0.0,0,39.896
990452000,990452000,0.9996699,-0.004768004,0.022165824,-0.012453535,0.0,0.0,0.0,0.0,0,39.916
990472000,990472000,0.9996922,-0.0047548763,0.02110219,-0.012517087,0.0,0.0,0.0,0.0,0,39.936
990492000,990492000,0.99971294,-0.0047481144,0.020057438,-0.012580677,0.0,0.0,0.0,0.0,0,39.956
990512000,990512000,0.9997322,-0.004733973,0.01903417,-0.01264469,0.0,0.0,0.0,0.0,0,39.976
990532000,990532000,0.9997501,-0.00471908,0.018032338,-0.01270866,0.0,0.0,0.0,0.0,0,39.996
990552000,990552000,0.99976635,-0.0047133365,0.01705853,-0.012771956,0.0,0.0,0.0,0.0,0,40.016
990572000,990572000,0.99978137,-0.004713256,0.01610527,-0.012833945,0.0,0.0,0.0,0.0,0,40.036
990592000,990592000,0.99979514,-0.0047109793,0.015176168,-0.012894714,0.0,0.0,0.0,0.0,0,40.056
990612000,990612000,0.9998075,-0.0047069225,0.014288459,-0.012954259,0.0,0.0,0.0,0.0,0,40.076
990632000,990632000,0.99981844,-0.004699398,0.013444271,-0.013012617,0.0,0.0,0.0,0.0,0,40.096
990652000,990652000,0.99982846,-0.0046937,0.012621714,-0.013069393,0.0,0.0,0.0,0.0,0,40.116
990672000,990672000,0.9998377,-0.004687943,0.011810894,-0.013124466,0.0,0.0,0.0,0.0,0,40.136
990692000,990692000,0.999846,-0.004682019,0.011026109,-0.013177012,0.0,0.0,0.0,0.0,0,40.156
990712000,990712000,0.9998534,-0.004681524,0.010272022,-0.013227364,0.0,0.0,0.0,0.0,0,40.176
990732000,990732000,0.9998599,-0.004683076,0.009543544,-0.013275374,0.0,0.0,0.0,0.0,0,40.196
990752000,990752000,0.99986583,-0.0046764337,0.008840986,-0.013321076,0.0,0.0,0.0,0.0,0,40.216
990772000,990772000,0.99987096,-0.004674802,0.008165655,-0.01336442,0.0,0.0,0.0,0.0,0,40.236
990792000,990792000,0.9998755,-0.0046813646,0.0075175893,-0.013405695,0.0,0.0,0.0,0.0,0,40.256
990812000,990812000,0.9998794,-0.004685896,0.0068961815,-0.013445026,0.0,0.0,0.0,0.0,0,40.276
990832000,990832000,0.9998829,-0.004678319,0.006297723,-0.013482192,0.0,0.0,0.0,0.0,0,40.296
990852000,990852000,0.9998859,-0.0046755243,0.005721264,-0.013517218,0.0,0.0,0.0,0.0,0,40.316
990872000,990872000,0.9998885,-0.00467699,0.0051664803,-0.013549595,0.0,0.0,0.0,0.0,0,40.336
990892000,990892000,0.9998907,-0.004678283,0.004628379,-0.013578775,0.0,0.0,0.0,0.0,0,40.356
990912000,990912000,0.99989253,-0.004684815,0.0041162157,-0.013605375,0.0,0.0,0.0,0.0,0,40.376
990932000,990932000,0.999894,-0.004702891,0.0036248567,-0.013629849,0.0,0.0,0.0,0.0,0,40.396
990952000,990952000,0.9998952,-0.004730457,0.0031549237,-0.013651727,0.0,0.0,0.0,0.0,0,40.416
990972000,990972000,0.9998961,-0.0047621448,0.0026953227,-0.013670627,0.0,0.0,0.0,0.0,0,40.436
990992000,990992000,0.9998968,-0.0047975807,0.002257478,-0.01368713,0.0,0.0,0.0,0.0,0,40.456
991012000,991012000,0.9998973,-0.0048386957,0.0018398869,-0.013701316,0.0,0.0,0.0,0.0,0,40.476
991032000,991032000,0.9998976,-0.0048794514,0.0014325881,-0.0137128895,0.0,0.0,0.0,0.0,0,40.496
991052000,991052000,0.9998977,-0.0049323076,0.0010443561,-0.013721424,0.0,0.0,0.0,0.0,0,40.516
991072000,991072000,0.9998976,-0.0049986998,0.0006780072,-0.013726875,0.0,0.0,0.0,0.0,0,40.536
991092000,991092000,0.99989736,-0.0050738933,0.00033352184,-0.013730304,0.0,0.0,0.0,0.0,0,40.556
991112000,991112000,0.99989694,-0.005156367,1.0507919e-05,-0.013731701,0.0,0.0,0.0,0.0,0,40.576
991132000,991132000,0.9998965,-0.005235344,-0.00030043698,-0.013730413,0.0,0.0,0.0,0.0,0,40.596
991152000,991152000,0.99989605,-0.0053073256,-0.0006029961,-0.013726642,0.0,0.0,0.0,0.0,0,40.616
991172000,991172000,0.9998956,-0.005373316,-0.00089510856,-0.013720035,0.0,0.0,0.0,0.0,0,40.636
991192000,991192000,0.9998951,-0.0054412675,-0.0011705062,-0.013710709,0.0,0.0,0.0,0.0,0,40.656
991212000,991212000,0.9998945,-0.0055094007,-0.0014422155,-0.01369975,0.0,0.0,0.0,0.0,0,40.676
991232000,991232000,0.9998939,-0.0055760075,-0.0017013436,-0.013687078,0.0,0.0,0.0,0.0,0,40.696
991252000,991252000,0.99989325,-0.005645675,-0.0019391143,-0.013672726,0.0,0.0,0.0,0.0,0,40.716
991272000,991272000,0.9998926,-0.005718725,-0.0021539987,-0.013656717,0.0,0.0,0.0,0.0,0,40.736
991292000,991292000,0.99989206,-0.005778874,-0.002348752,-0.013638789,0.0,0.0,0.0,0.0,0,40.756
991312000,991312000,0.99989164,-0.0058245994,-0.0025351194,-0.013619204,0.0,0.0,0.0,0.0,0,40.776
991332000,991332000,0.9998913,-0.0058524488,-0.0027127468,-0.01359848,0.0,0.0,0.0,0.0,0,40.796
991352000,991352000,0.999891,-0.0058674165,-0.0028869456,-0.013576831,0.0,0.0,0.0,0.0,0,40.816
991372000,991372000,0.9998908,-0.005868514,-0.0030555488,-0.013554156,0.0,0.0,0.0,0.0,0,40.836
991392000,991392000,0.9998907,-0.00586498,-0.0032084151,-0.013529903,0.0,0.0,0.0,0.0,0,40.856
991412000,991412000,0.9998906,-0.0058629573,-0.0033385057,-0.013504231,0.0,0.0,0.0,0.0,0,40.876
991432000,991432000,0.9998905,-0.005866652,-0.0034565653,-0.0134781925,0.0,0.0,0.0,0.0,0,40.896
991452000,991452000,0.9998905,-0.0058692927,-0.0035618222,-0.013452323,0.0,0.0,0.0,0.0,0,40.916
991472000,991472000,0.9998905,-0.0058680926,-0.0036510073,-0.013426501,0.0,0.0,0.0,0.0,0,40.936
991492000,991492000,0.9998906,-0.0058542644,-0.003741266,-0.01340039,0.0,0.0,0.0,0.0,0,40.956
991512000,991512000,0.9998908,-0.0058242506,-0.0038303395,-0.01337395,0.0,0.0,0.0,0.0,0,40.976
991532000,991532000,0.9998911,-0.005788057,-0.0039038507,-0.013347496,0.0,0.0,0.0,0.0,0,40.996
991552000,991552000,0.9998914,-0.005749092,-0.003972068,-0.01332114,0.0,0.0,0.0,0.0,0,41.016
991572000,991572000,0.9998917,-0.0057105985,-0.004047646,-0.013294873,0.0,0.0,0.0,0.0,0,41.036
991592000,991592000,0.9998919,-0.005671961,-0.004131896,-0.013268762,0.0,0.0,0.0,0.0,0,41.056
991612000,991612000,0.9998921,-0.0056259464,-0.004218169,-0.013243539,0.0,0.0,0.0,0.0,0,41.076
991632000,991632000,0.9998925,-0.005570465,-0.0042920066,-0.013219244,0.0,0.0,0.0,0.0,0,41.096
991652000,991652000,0.9998929,-0.005503755,-0.004350759,-0.013195983,0.0,0.0,0.0,0.0,0,41.116
991672000,991672000,0.99989337,-0.0054289605,-0.004402196,-0.013173896,0.0,0.0,0.0,0.0,0,41.136
991692000,991692000,0.99989384,-0.0053589786,-0.004441891,-0.013152629,0.0,0.0,0.0,0.0,0,41.156
991712000,991712000,0.9998943,-0.0052956864,-0.004469805,-0.013132622,0.0,0.0,0.0,0.0,0,41.176
991732000,991732000,0.9998948,-0.005234563,-0.0044876635,-0.013113868,0.0,0.0,0.0,0.0,0,41.196
991752000,991752000,0.9998953,-0.0051736254,-0.0045030797,-0.013096766,0.0,0.0,0.0,0.0,0,41.216
991772000,991772000,0.9998957,-0.005119692,-0.0045148614,-0.013080755,0.0,0.0,0.0,0.0,0,41.236
991792000,991792000,0.99989617,-0.005056343,-0.004523202,-0.013066041,0.0,0.0,0.0,0.0,0,41.256
991812000,991812000,0.9998967,-0.0049842936,-0.0045182183,-0.0130525315,0.0,0.0,0.0,0.0,0,41.276
991832000,991832000,0.99989736,-0.0049051247,-0.0045025167,-0.01304008,0.0,0.0,0.0,0.0,0,41.296
991852000,991852000,0.9998981,-0.004811931,-0.0044757146,-0.013028606,0.0,0.0,0.0,0.0,0,41.316
991872000,991872000,0.9998989,-0.004708614,-0.0044360477,-0.013018382,0.0,0.0,0.0,0.0,0,41.336
991892000,991892000,0.99989974,-0.0046006623,-0.004384218,-0.013009196,0.0,0.0,0.0,0.0,0,41.356
991912000,991912000,0.9999006,-0.0044908808,-0.0043323543,-0.013001139,0.0,0.0,0.0,0.0,0,41.376
991932000,991932000,0.9999015,-0.004371107,-0.0042691245,-0.012994345,0.0,0.0,0.0,0.0,0,41.396
991952000,991952000,0.99990237,-0.004240508,-0.0041998983,-0.012989081,0.0,0.0,0.0,0.0,0,41.416
991972000,991972000,0.99990326,-0.0041106455,-0.0041359127,-0.012985622,0.0,0.0,0.0,0.0,0,41.436
991992000,991992000,0.99990404,-0.0039855717,-0.0040700124,-0.012983873,0.0,0.0,0.0,0.0,0,41.456
992012000,992012000,0.9999048,-0.003872523,-0.0039892504,-0.012983829,0.0,0.0,0.0,0.0,0,41.476
992032000,992032000,0.9999055,-0.0037651693,-0.0039037156,-0.01298524,0.0,0.0,0.0,0.0,0,41.496
992052000,992052000,0.99990624,-0.0036655816,-0.0038090323,-0.01298799,0.0,0.0,0.0,0.0,0,41.516
992072000,992072000,0.9999069,-0.0035697601,-0.003711292,-0.012992454,0.0,0.0,0.0,0.0,0,41.536
992092000,992092000,0.9999075,-0.003474665,-0.0036136273,-0.01299851,0.0,0.0,0.0,0.0,0,41.556
992112000,992112000,0.9999081,-0.0033873264,-0.0035091394,-0.013005718,0.0,0.0,0.0,0.0,0,41.576
992132000,992132000,0.9999086,-0.0033104832,-0.003394215,-0.013013999,0.0,0.0,0.0,0.0,0,41.596
992152000,992152000,0.99990916,-0.0032358316,-0.0032775518,-0.013022797,0.0,0.0,0.0,0.0,0,41.616
992172000,992172000,0.99990964,-0.0031556867,-0.0031662206,-0.013032045,0.0,0.0,0.0,0.0,0,41.636
992192000,992192000,0.9999101,-0.003080899,-0.0030492553,-0.013041926,0.0,0.0,0.0,0.0,0,41.656
992212000,992212000,0.99991053,-0.0030100213,-0.00292737,-0.01305194,0.0,0.0,0.0,0.0,0,41.676
992232000,992232000,0.999911,-0.0029329692,-0.002802662,-0.01306231,0.0,0.0,0.0,0.0,0,41.696
992252000,992252000,0.9999114,-0.002849975,-0.0026776798,-0.013073018,0.0,0.0,0.0,0.0,0,41.716
992272000,992272000,0.99991184,-0.002764254,-0.0025512448,-0.013084309,0.0,0.0,0.0,0.0,0,41.736
992292000,992292000,0.99991226,-0.00268163,-0.002431538,-0.01309618,0.0,0.0,0.0,0.0,0,41.756
992312000,992312000,0.99991256,-0.002601489,-0.0023202025,-0.013108412,0.0,0.0,0.0,0.0,0,41.776
992332000,992332000,0.99991286,-0.0025204045,-0.0022140106,-0.013121354,0.0,0.0,0.0,0.0,0,41.796
992352000,992352000,0.9999131,-0.0024331734,-0.0021048957,-0.013134778,0.0,0.0,0.0,0.0,0,41.816
992372000,992372000,0.99991333,-0.0023490957,-0.0019931279,-0.013148959,0.0,0.0,0.0,0.0,0,41.836
992392000,992392000,0.9999135,-0.002274949,-0.0018911753,-0.013163899,0.0,0.0,0.0,0.0,0,41.856
992412000,992412000,0.9999137,-0.002202777,-0.0017881239,-0.0131792,0.0,0.0,0.0,0.0,0,41.876
992432000,992432000,0.9999138,-0.00213121,-0.0016764235,-0.013195107,0.0,0.0,0.0,0.0,0,41.896
992452000,992452000,0.99991393,-0.0020613594,-0.0015755661,-0.013211652,0.0,0.0,0.0,0.0,0,41.916
992472000,992472000,0.999914,-0.0019918007,-0.0014807318,-0.013228565,0.0,0.0,0.0,0.0,0,41.936
992492000,992492000,0.99991405,-0.001924031,-0.0013761384,-0.013245563,0.0,0.0,0.0,0.0,0,41.956
992512000,992512000,0.99991405,-0.0018629823,-0.0012714748,-0.013263038,0.0,0.0,0.0,0.0,0,41.976
992532000,992532000,0.999914,-0.0018128845,-0.0011800072,-0.013281235,0.0,0.0,0.0,0.0,0,41.996
992552000,992552000,0.99991393,-0.0017681359,-0.0010876463,-0.013299804,0.0,0.0,0.0,0.0,0,42.016
992572000,992572000,0.9999139,-0.0017226572,-0.0009786249,-0.013318381,0.0,0.0,0.0,0.0,0,42.036
992592000,992592000,0.9999138,-0.0016758059,-0.00087849476,-0.013336441,0.0,0.0,0.0,0.0,0,42.056
992612000,992612000,0.99991375,-0.0016322575,-0.0007865834,-0.013354271,0.0,0.0,0.0,0.0,0,42.076
992632000,992632000,0.99991363,-0.0015865966,-0.00069130916,-0.013371986,0.0,0.0,0.0,0.0,0,42.096
992652000,992652000,0.9999136,-0.001536283,-0.0005954894,-0.013389578,0.0,0.0,0.0,0.0,0,42.116
992672000,992672000,0.99991345,-0.0014805292,-0.00049991225,-0.013407049,0.0,0.0,0.0,0.0,0,42.136
992692000,992692000,0.99991333,-0.0014193697,-0.00040479924,-0.0134243965,0.0,0.0,0.0,0.0,0,42.156
992712000,992712000,0.9999133,-0.0013543317,-0.0003081887,-0.01344131,0.0,0.0,0.0,0.0,0,42.176
992732000,992732000,0.99991316,-0.0012953166,-0.00020679562,-0.013458172,0.0,0.0,0.0,0.0,0,42.196
992752000,992752000,0.999913,-0.0012434891,-0.00010894701,-0.013475089,0.0,0.0,0.0,0.0,0,42.216
992772000,992772000,0.9999128,-0.0011941541,-1.4797537e-05,-0.01349216,0.0,0.0,0.0,0.0,0,42.236
992792000,992792000,0.9999126,-0.0011603765,7.565363e-05,-0.013509083,0.0,0.0,0.0,0.0,0,42.256
992812000,992812000,0.99991244,-0.0011429986,0.00016564771,-0.013525301,0.0,0.0,0.0,0.0,0,42.276
992832000,992832000,0.9999122,-0.0011322164,0.00026125347,-0.01354083,0.0,0.0,0.0,0.0,0,42.296
992852000,992852000,0.99991196,-0.0011285302,0.00035016635,-0.0135559635,0.0,0.0,0.0,0.0,0,42.316
992872000,992872000,0.9999117,-0.0011329576,0.000427791,-0.013570749,0.0,0.0,0.0,0.0,0,42.336
992892000,992892000,0.9999115,-0.0011385886,0.0005208398,-0.01358534,0.0,0.0,0.0,0.0,0,42.356
992912000,992912000,0.99991125,-0.0011411149,0.00061967294,-0.013599542,0.0,0.0,0.0,0.0,0,42.376
992932000,992932000,0.999911,-0.0011406795,0.00070119696,-0.013613552,0.0,0.0,0.0,0.0,0,42.396
992952000,992952000,0.9999107,-0.0011419597,0.00077453407,-0.013627566,0.0,0.0,0.0,0.0,0,42.416
992972000,992972000,0.9999105,-0.0011400912,0.00084533665,-0.013641558,0.0,0.0,0.0,0.0,0,42.436
992992000,992992000,0.99991024,-0.0011322435,0.00091514486,-0.013655462,0.0,0.0,0.0,0.0,0,42.456
993012000,993012000,0.99991,-0.0011201559,0.0009825244,-0.013669028,0.0,0.0,0.0,0.0,0,42.476
993032000,993032000,0.99990976,-0.0011066501,0.0010446983,-0.0136822555,0.0,0.0,0.0,0.0,0,42.496
993052000,993052000,0.9999096,-0.0010907335,0.0011025637,-0.013695302,0.0,0.0,0.0,0.0,0,42.516
993072000,993072000,0.99990934,-0.0010699136,0.001158493,-0.013708402,0.0,0.0,0.0,0.0,0,42.536
993092000,993092000,0.9999091,-0.0010498663,0.0012068393,-0.013721955,0.0,0.0,0.0,0.0,0,42.556
993112000,993112000,0.9999089,-0.0010324777,0.0012457405,-0.013735721,0.0,0.0,0.0,0.0,0,42.576
993132000,993132000,0.9999087,-0.0010132691,0.0012738833,-0.013749555,0.0,0.0,0.0,0.0,0,42.596
993152000,993152000,0.9999085,-0.0009921419,0.0012856878,-0.013763603,0.0,0.0,0.0,0.0,0,42.616
993172000,993172000,0.9999083,-0.00097306015,0.0012827257,-0.013777924,0.0,0.0,0.0,0.0,0,42.636
993192000,993192000,0.9999082,-0.0009507457,0.0012676058,-0.013792221,0.0,0.0,0.0,0.0,0,42.656
993212000,993212000,0.99990803,-0.0009251654,0.0012432891,-0.013806534,0.0,0.0,0.0,0.0,0,42.676
993232000,993232000,0.9999079,-0.000899066,0.0012206868,-0.013820588,0.0,0.0,0.0,0.0,0,42.696
993252000,993252000,0.99990773,-0.0008839652,0.0011983307,-0.013834651,0.0,0.0,0.0,0.0,0,42.716
993272000,993272000,0.9999076,-0.0008720697,0.0011635738,-0.013848591,0.0,0.0,0.0,0.0,0,42.736
993292000,993292000,0.99990743,-0.0008548893,0.0011345767,-0.013862316,0.0,0.0,0.0,0.0,0,42.756
993312000,993312000,0.9999073,-0.00083248015,0.0010922092,-0.013875812,0.0,0.0,0.0,0.0,0,42.776
993332000,993332000,0.9999072,-0.0008086934,0.0010537189,-0.013889149,0.0,0.0,0.0,0.0,0,42.796
993352000,993352000,0.9999071,-0.0007807954,0.0010309152,-0.013901965,0.0,0.0,0.0,0.0,0,42.816
993372000,993372000,0.99990696,-0.0007512246,0.0009979535,-0.01391443,0.0,0.0,0.0,0.0,0,42.836
993392000,993392000,0.99990684,-0.0007304236,0.0009553416,-0.013926471,0.0,0.0,0.0,0.0,0,42.856
993412000,993412000,0.9999067,-0.0007127583,0.00091760035,-0.013938413,0.0,0.0,0.0,0.0,0,42.876
993432000,993432000,0.9999066,-0.0006893155,0.0008842678,-0.013950362,0.0,0.0,0.0,0.0,0,42.896
993452000,993452000,0.9999065,-0.00065960496,0.0008704612,-0.013962382,0.0,0.0,0.0,0.0,0,42.916
993472000,993472000,0.99990636,-0.00062958716,0.00085445377,-0.013974399,0.0,0.0,0.0,0.0,0,42.936
993492000,993492000,0.9999062,-0.00061320397,0.0008347195,-0.013986321,0.0,0.0,0.0,0.0,0,42.956
993512000,993512000,0.99990606,-0.0006014157,0.0008284928,-0.013998613,0.0,0.0,0.0,0.0,0,42.976
993532000,993532000,0.9999059,-0.00058320595,0.0008240117,-0.014011048,0.0,0.0,0.0,0.0,0,42.996
993552000,993552000,0.99990577,-0.00055418187,0.00080552703,-0.014023398,0.0,0.0,0.0,0.0,0,43.016
993572000,993572000,0.9999056,-0.00053437985,0.00078102504,-0.0140355965,0.0,0.0,0.0,0.0,0,43.036
993592000,993592000,0.99990547,-0.0005173575,0.0007688639,-0.014048125,0.0,0.0,0.0,0.0,0,43.056
993612000,993612000,0.9999053,-0.00050013076,0.0007637059,-0.014061485,0.0,0.0,0.0,0.0,0,43.076
993632000,993632000,0.9999051,-0.00049083814,0.000749085,-0.014075692,0.0,0.0,0.0,0.0,0,43.096
993652000,993652000,0.9999049,-0.00049064367,0.00072325394,-0.014090392,0.0,0.0,0.0,0.0,0,43.116
993672000,993672000,0.9999047,-0.0004928455,0.000699163,-0.014105885,0.0,0.0,0.0,0.0,0,43.136
993692000,993692000,0.99990445,-0.0004946221,0.0006763876,-0.0141221555,0.0,0.0,0.0,0.0,0,43.156
993712000,993712000,0.9999043,-0.00049415726,0.00066102453,-0.0141392695,0.0,0.0,0.0,0.0,0,43.176
993732000,993732000,0.99990404,-0.0004971195,0.0006341674,-0.014156819,0.0,0.0,0.0,0.0,0,43.196
993752000,993752000,0.9999038,-0.00050006347,0.00059201644,-0.014174323,0.0,0.0,0.0,0.0,0,43.216
993772000,993772000,0.99990356,-0.00050089014,0.00056008477,-0.014191979,0.0,0.0,0.0,0.0,0,43.236
993792000,993792000,0.9999033,-0.0005024788,0.0005396007,-0.01420982,0.0,0.0,0.0,0.0,0,43.256
993812000,993812000,0.9999031,-0.0005070937,0.0005080607,-0.014227689,0.0,0.0,0.0,0.0,0,43.276
993832000,993832000,0.99990284,-0.00051064586,0.00046618452,-0.014245484,0.0,0.0,0.0,0.0,0,43.296
993852000,993852000,0.9999026,-0.0005123875,0.00043376823,-0.014263304,0.0,0.0,0.0,0.0,0,43.316
993872000,993872000,0.99990237,-0.00051696494,0.0003997923,-0.014281027,0.0,0.0,0.0,0.0,0,43.336
993892000,993892000,0.9999021,-0.00051728054,0.0003487661,-0.014298607,0.0,0.0,0.0,0.0,0,43.356
993912000,993912000,0.9999019,-0.0005122878,0.00030608487,-0.014315927,0.0,0.0,0.0,0.0,0,43.376
993932000,993932000,0.99990165,-0.00050281687,0.00027412255,-0.014333294,0.0,0.0,0.0,0.0,0,43.396
993952000,993952000,0.9999014,-0.00048905576,0.00022569939,-0.01435055,0.0,0.0,0.0,0.0,0,43.416
993972000,993972000,0.99990124,-0.00047615764,0.00016662724,-0.014367162,0.0,0.0,0.0,0.0,0,43.436
993992000,993992000,0.999901,-0.00045544657,0.000108459,-0.014383388,0.0,0.0,0.0,0.0,0,43.456
994012000,994012000,0.9999008,-0.00041993405,6.114388e-05,-0.014399112,0.0,0.0,0.0,0.0,0,43.476
994032000,994032000,0.9999006,-0.00036858505,9.091222e-06,-0.014414996,0.0,0.0,0.0,0.0,0,43.496
994052000,994052000,0.99990034,-0.00031547865,-5.884127e-05,-0.014431275,0.0,0.0,0.0,0.0,0,43.516
994072000,994072000,0.99990016,-0.0002599068,-0.00011965173,-0.01444751,0.0,0.0,0.0,0.0,0,43.536
994092000,994092000,0.9998999,-0.00019459521,-0.00017635971,-0.014463405,0.0,0.0,0.0,0.0,0,43.556
994112000,994112000,0.9998997,-0.00012033766,-0.00023960188,-0.014479057,0.0,0.0,0.0,0.0,0,43.576
994132000,994132000,0.99989945,-4.3610977e-05,-0.0002994626,-0.014494698,0.0,0.0,0.0,0.0,0,43.596
994152000,994152000,0.9998992,3.2162996e-05,-0.0003598443,-0.014510651,0.0,0.0,0.0,0.0,0,43.616
994172000,994172000,0.9998989,0.00010547026,-0.00041821547,-0.014526886,0.0,0.0,0.0,0.0,0,43.636
994192000,994192000,0.9998987,0.0001934034,-0.00046886134,-0.014543051,0.0,0.0,0.0,0.0,0,43.656
994212000,994212000,0.9998984,0.0002912996,-0.00053192134,-0.014558983,0.0,0.0,0.0,0.0,0,43.676
994232000,994232000,0.9998981,0.00038176714,-0.0005986179,-0.014574261,0.0,0.0,0.0,0.0,0,43.696
994252000,994252000,0.9998978,0.00047354586,-0.0006724965,-0.014589314,0.0,0.0,0.0,0.0,0,43.716
994272000,994272000,0.9998975,0.00057587744,-0.00073439506,-0.014604276,0.0,0.0,0.0,0.0,0,43.736
994292000,994292000,0.9998971,0.000684501,-0.00078718096,-0.014619224,0.0,0.0,0.0,0.0,0,43.756
994312000,994312000,0.99989676,0.00079848117,-0.00085281156,-0.014634079,0.0,0.0,0.0,0.0,0,43.776
994332000,994332000,0.9998964,0.00090709724,-0.00092341896,-0.014648432,0.0,0.0,0.0,0.0,0,43.796
994352000,994352000,0.99989605,0.0010069358,-0.0009895014,-0.014662338,0.0,0.0,0.0,0.0,0,43.816
994372000,994372000,0.9998957,0.0011058514,-0.0010536403,-0.014676027,0.0,0.0,0.0,0.0,0,43.836
994392000,994392000,0.9998953,0.0012081157,-0.001117505,-0.014689563,0.0,0.0,0.0,0.0,0,43.856
994412000,994412000,0.9998949,0.0013123013,-0.0011786944,-0.014702473,0.0,0.0,0.0,0.0,0,43.876
994432000,994432000,0.99989456,0.0014085559,-0.001226415,-0.014714385,0.0,0.0,0.0,0.0,0,43.896
994452000,994452000,0.9998942,0.0014945561,-0.0012648643,-0.014725916,0.0,0.0,0.0,0.0,0,43.916
994472000,994472000,0.9998939,0.0015682029,-0.0013016544,-0.014736717,0.0,0.0,0.0,0.0,0,43.936
994492000,994492000,0.9998936,0.0016286921,-0.0013310107,-0.014746998,0.0,0.0,0.0,0.0,0,43.956
994512000,994512000,0.9998933,0.001685897,-0.0013668617,-0.014756863,0.0,0.0,0.0,0.0,0,43.976
994532000,994532000,0.999893,0.0017313017,-0.001408643,-0.014766072,0.0,0.0,0.0,0.0,0,43.996
994552000,994552000,0.99989283,0.0017655143,-0.0014388505,-0.014774866,0.0,0.0,0.0,0.0,0,44.016
994572000,994572000,0.9998926,0.001799068,-0.0014475447,-0.014783657,0.0,0.0,0.0,0.0,0,44.036
994592000,994592000,0.99989235,0.0018337158,-0.0014646287,-0.01479251,0.0,0.0,0.0,0.0,0,44.056
994612000,994612000,0.9998922,0.0018638889,-0.0014941114,-0.014801358,0.0,0.0,0.0,0.0,0,44.076
994632000,994632000,0.99989194,0.0018925506,-0.0015078993,-0.014810134,0.0,0.0,0.0,0.0,0,44.096
994652000,994652000,0.99989176,0.0019208574,-0.0015058068,-0.01481908,0.0,0.0,0.0,0.0,0,44.116
994672000,994672000,0.9998916,0.0019408863,-0.0015071129,-0.014828711,0.0,0.0,0.0,0.0,0,44.136
994692000,994692000,0.9998914,0.001955199,-0.0015150645,-0.014838577,0.0,0.0,0.0,0.0,0,44.156
994712000,994712000,0.9998912,0.0019686504,-0.001525261,-0.014848707,0.0,0.0,0.0,0.0,0,44.176
994732000,994732000,0.99989104,0.0019780349,-0.0015300753,-0.014859206,0.0,0.0,0.0,0.0,0,44.196
994752000,994752000,0.99989086,0.001987737,-0.0015321305,-0.0148697365,0.0,0.0,0.0,0.0,0,44.216
994772000,994772000,0.9998907,0.0019959812,-0.0015287905,-0.014880714,0.0,0.0,0.0,0.0,0,44.236
994792000,994792000,0.9998905,0.002000792,-0.0015176744,-0.014891821,0.0,0.0,0.0,0.0,0,44.256
994812000,994812000,0.9998903,0.002007535,-0.0015042446,-0.014902984,0.0,0.0,0.0,0.0,0,44.276
994832000,994832000,0.9998902,0.0020140149,-0.0014861773,-0.014914316,0.0,0.0,0.0,0.0,0,44.296
994852000,994852000,0.99989,0.0020203223,-0.0014689241,-0.014925787,0.0,0.0,0.0,0.0,0,44.316
994872000,994872000,0.99988985,0.0020254126,-0.0014511694,-0.014937433,0.0,0.0,0.0,0.0,0,44.336
994892000,994892000,0.99988973,0.0020208657,-0.001429232,-0.014949418,0.0,0.0,0.0,0.0,0,44.356
994912000,994912000,0.9998896,0.0020071662,-0.0014133918,-0.014961589,0.0,0.0,0.0,0.0,0,44.376
994932000,994932000,0.9998895,0.0019885544,-0.0014038703,-0.014974265,0.0,0.0,0.0,0.0,0,44.396
994952000,994952000,0.9998893,0.0019581502,-0.0014086439,-0.014987661,0.0,0.0,0.0,0.0,0,44.416
994972000,994972000,0.9998892,0.0019144382,-0.0014186525,-0.015000718,0.0,0.0,0.0,0.0,0,44.436
994992000,994992000,0.9998891,0.001859268,-0.0014238023,-0.015013589,0.0,0.0,0.0,0.0,0,44.456
995012000,995012000,0.999889,0.0017957188,-0.0014308135,-0.015026755,0.0,0.0,0.0,0.0,0,44.476
995032000,995032000,0.9998889,0.0017337905,-0.0014351705,-0.015040253,0.0,0.0,0.0,0.0,0,44.496
995052000,995052000,0.99988884,0.0016760404,-0.0014283799,-0.015054064,0.0,0.0,0.0,0.0,0,44.516
995072000,995072000,0.9998887,0.0016138827,-0.0014181846,-0.015068729,0.0,0.0,0.0,0.0,0,44.536
995092000,995092000,0.9998886,0.001547095,-0.0014099034,-0.015084015,0.0,0.0,0.0,0.0,0,44.556
995112000,995112000,0.9998885,0.0014816315,-0.0013949507,-0.015100109,0.0,0.0,0.0,0.0,0,44.576
995132000,995132000,0.9998883,0.0014126078,-0.0013807591,-0.015117223,0.0,0.0,0.0,0.0,0,44.596
995152000,995152000,0.9998882,0.0013490034,-0.0013613116,-0.01513506,0.0,0.0,0.0,0.0,0,44.616
995172000,995172000,0.999888,0.0012904498,-0.0013379949,-0.015153703,0.0,0.0,0.0,0.0,0,44.636
995192000,995192000,0.9998878,0.0012292198,-0.0013187694,-0.015173134,0.0,0.0,0.0,0.0,0,44.656
995212000,995212000,0.9998876,0.0011717151,-0.0012896869,-0.015193003,0.0,0.0,0.0,0.0,0,44.676
995232000,995232000,0.99988747,0.0011145613,-0.0012391498,-0.0152127845,0.0,0.0,0.0,0.0,0,44.696
995252000,995252000,0.9998873,0.0010557263,-0.0011803594,-0.015232841,0.0,0.0,0.0,0.0,0,44.716
995272000,995272000,0.9998871,0.0009887785,-0.0011258319,-0.015253408,0.0,0.0,0.0,0.0,0,44.736
995292000,995292000,0.9998869,0.000916568,-0.0010755988,-0.015274451,0.0,0.0,0.0,0.0,0,44.756
995312000,995312000,0.9998867,0.00085206673,-0.0010126311,-0.015295961,0.0,0.0,0.0,0.0,0,44.776
995332000,995332000,0.99988645,0.00078929495,-0.00093776017,-0.015318177,0.0,0.0,0.0,0.0,0,44.796
995352000,995352000,0.9998862,0.0007192567,-0.0008692079,-0.015340841,0.0,0.0,0.0,0.0,0,44.816
995372000,995372000,0.999886,0.0006473434,-0.0007911065,-0.015363801,0.0,0.0,0.0,0.0,0,44.836
995392000,995392000,0.99988574,0.00058280845,-0.000702586,-0.015386682,0.0,0.0,0.0,0.0,0,44.856
995412000,995412000,0.9998848,0.0006664903,-0.0013018801,-0.015407533,0.0,0.0,0.0,0.0,0,44.876
995432000,995432000,0.9998624,0.0017106355,-0.0066259345,-0.015410986,0.0,0.0,0.0,0.0,0,44.896
995452000,995452000,0.99972486,0.004032629,-0.017509827,-0.0153785935,0.0,0.0,0.0,0.0,0,44.916
995472000,995472000,0.99933726,0.007476384,-0.032315943,-0.01529509,0.0,0.0,0.0,0.0,0,44.936
995492000,995492000,0.99860924,0.011746718,-0.04920442,-0.015151578,0.0,0.0,0.0,0.0,0,44.956
995512000,995512000,0.9975173,0.016672432,-0.06683778,-0.014935072,0.0,0.0,0.0,0.0,0,44.976
995532000,995532000,0.996081,0.022017997,-0.08445546,-0.014638056,0.0,0.0,0.0,0.0,0,44.996
995552000,995552000,0.99435335,0.027520508,-0.101536885,-0.014260873,0.0,0.0,0.0,0.0,0,45.016
995572000,995572000,0.99240905,0.033090465,-0.11767802,-0.013793821,0.0,0.0,0.0,0.0,0,45.036
995592000,995592000,0.9903397,0.038534306,-0.13257492,-0.0132425865,0.0,0.0,0.0,0.0,0,45.056
995612000,995612000,0.98823875,0.043716654,-0.14602418,-0.0126128495,0.0,0.0,0.0,0.0,0,45.076
995632000,995632000,0.98618066,0.04858254,-0.1579706,-0.011907607,0.0,0.0,0.0,0.0,0,45.096
995652000,995652000,0.9842406,0.053018462,-0.16835807,-0.01114104,0.0,0.0,0.0,0.0,0,45.116
995672000,995672000,0.9824678,0.05699809,-0.17723128,-0.010320619,0.0,0.0,0.0,0.0,0,45.136
995692000,995692000,0.98090494,0.060472675,-0.18462986,-0.0094594015,0.0,0.0,0.0,0.0,0,45.156
995712000,995712000,0.9795767,0.06342883,-0.19063549,-0.00856874,0.0,0.0,0.0,0.0,0,45.176
995732000,995732000,0.9784957,0.06586568,-0.19534142,-0.007659025,0.0,0.0,0.0,0.0,0,45.196
995752000,995752000,0.9776638,0.06779401,-0.19884959,-0.00674017,0.0,0.0,0.0,0.0,0,45.216
995772000,995772000,0.9770812,0.06922817,-0.20123388,-0.0058201435,0.0,0.0,0.0,0.0,0,45.236
995792000,995792000,0.9767362,0.07019118,-0.20259482,-0.0049076453,0.0,0.0,0.0,0.0,0,45.256
995812000,995812000,0.9766085,0.07071357,-0.20304793,-0.004011304,0.0,0.0,0.0,0.0,0,45.276
995832000,995832000,0.9766814,0.07082565,-0.20267314,-0.0031376309,0.0,0.0,0.0,0.0,0,45.296
995852000,995852000,0.9769372,0.070565976,-0.20153914,-0.002290649,0.0,0.0,0.0,0.0,0,45.316
995872000,995872000,0.97735506,0.069965266,-0.1997221,-0.0014763534,0.0,0.0,0.0,0.0,0,45.336
995892000,995892000,0.9779146,0.06904638,-0.19729237,-0.0007022464,0.0,0.0,0.0,0.0,0,45.356
995912000,995912000,0.97859824,0.06784348,-0.19429831,2.9007511e-05,0.0,0.0,0.0,0.0,0,45.376
995932000,995932000,0.9793855,0.06639777,-0.19079822,0.000715472,0.0,0.0,0.0,0.0,0,45.396
995952000,995952000,0.98025954,0.06473497,-0.18683639,0.0013532619,0.0,0.0,0.0,0.0,0,45.416
995972000,995972000,0.9812022,0.062892355,-0.1824614,0.0019409475,0.0,0.0,0.0,0.0,0,45.436
995992000,995992000,0.98219806,0.060897663,-0.1777117,0.0024760317,0.0,0.0,0.0,0.0,0,45.456
996012000,996012000,0.9832314,0.058782905,-0.17262924,0.0029569073,0.0,0.0,0.0,0.0,0,45.476
996032000,996032000,0.98429006,0.05656348,-0.16724646,0.0033800416,0.0,0.0,0.0,0.0,0,45.496
996052000,996052000,0.98535943,0.054270785,-0.16160606,0.003744735,0.0,0.0,0.0,0.0,0,45.516
996072000,996072000,0.9864291,0.051918592,-0.1557396,0.004048627,0.0,0.0,0.0,0.0,0,45.536
996092000,996092000,0.9874887,0.049538586,-0.14967512,0.0042928173,0.0,0.0,0.0,0.0,0,45.556
996112000,996112000,0.9885295,0.047135226,-0.14344627,0.0044738385,0.0,0.0,0.0,0.0,0,45.576
996132000,996132000,0.9895429,0.044728246,-0.13708466,0.004591442,0.0,0.0,0.0,0.0,0,45.596
996152000,996152000,0.9905234,0.042324875,-0.13061197,0.0046447106,0.0,0.0,0.0,0.0,0,45.616
996172000,996172000,0.99146646,0.039944813,-0.12404167,0.0046353224,0.0,0.0,0.0,0.0,0,45.636
996192000,996192000,0.9923675,0.037586305,-0.117397934,0.004561779,0.0,0.0,0.0,0.0,0,45.656
996212000,996212000,0.99322265,0.035268355,-0.11069984,0.004426031,0.0,0.0,0.0,0.0,0,45.676
996232000,996232000,0.9940296,0.032990012,-0.103961624,0.004228362,0.0,0.0,0.0,0.0,0,45.696
996252000,996252000,0.99478465,0.030763395,-0.09721315,0.0039702035,0.0,0.0,0.0,0.0,0,45.716
996272000,996272000,0.9954858,0.028582556,-0.09048126,0.0036522166,0.0,0.0,0.0,0.0,0,45.736
996292000,996292000,0.99613273,0.026456308,-0.083773784,0.0032774946,0.0,0.0,0.0,0.0,0,45.756
996312000,996312000,0.99672526,0.02438896,-0.077103324,0.0028482133,0.0,0.0,0.0,0.0,0,45.776
996332000,996332000,0.9972639,0.022379216,-0.07047959,0.0023670313,0.0,0.0,0.0,0.0,0,45.796
996352000,996352000,0.99774843,0.020423854,-0.0639271,0.0018363119,0.0,0.0,0.0,0.0,0,45.816
996372000,996372000,0.99817944,0.01853023,-0.05746267,0.0012596062,0.0,0.0,0.0,0.0,0,45.836
996392000,996392000,0.9985583,0.016690608,-0.051102635,0.0006397603,0.0,0.0,0.0,0.0,0,45.856
996412000,996412000,0.9988871,0.014904542,-0.04484972,-1.946807e-05,0.0,0.0,0.0,0.0,0,45.876
996432000,996432000,0.9991682,0.013166428,-0.038704857,-0.0007141581,0.0,0.0,0.0,0.0,0,45.896
996452000,996452000,0.9994033,0.011483329,-0.032683767,-0.0014402496,0.0,0.0,0.0,0.0,0,45.916
996472000,996472000,0.99959433,0.009853314,-0.026803259,-0.0021932723,0.0,0.0,0.0,0.0,0,45.936
996492000,996492000,0.999744,0.00827206,-0.021065244,-0.0029692345,0.0,0.0,0.0,0.0,0,45.956
996512000,996512000,0.99985504,0.0067399507,-0.015470981,-0.0037638512,0.0,0.0,0.0,0.0,0,45.976
996532000,996532000,0.99992996,0.0052556824,-0.010029127,-0.0045730076,0.0,0.0,0.0,0.0,0,45.996
996552000,996552000,0.9999715,0.0038128137,-0.004741203,-0.0053922976,0.0,0.0,0.0,0.0,0,46.016
996572000,996572000,0.99998224,0.00241051,0.00038754783,-0.0062177796,0.0,0.0,0.0,0.0,0,46.036
996592000,996592000,0.9999649,0.0010515223,0.0053477366,-0.0070452746,0.0,0.0,0.0,0.0,0,46.056
996612000,996612000,0.9999221,-0.00026890996,0.0101432,-0.007870673,0.0,0.0,0.0,0.0,0,46.076
996632000,996632000,0.9998565,-0.0015505655,0.014772946,-0.008690208,0.0,0.0,0.0,0.0,0,46.096
996652000,996652000,0.99977064,-0.0027875116,0.019229095,-0.0095004905,0.0,0.0,0.0,0.0,0,46.116
996672000,996672000,0.9996672,-0.00398035,0.023508925,-0.0102981115,0.0,0.0,0.0,0.0,0,46.136
996692000,996692000,0.9995486,-0.0051351055,0.027613984,-0.0110796485,0.0,0.0,0.0,0.0,0,46.156
996712000,996712000,0.9994172,-0.0062535857,0.031545293,-0.011841988,0.0,0.0,0.0,0.0,0,46.176
996732000,996732000,0.99927515,-0.0073299855,0.03530178,-0.012582489,0.0,0.0,0.0,0.0,0,46.196
996752000,996752000,0.9991251,-0.008370574,0.03887368,-0.013298048,0.0,0.0,0.0,0.0,0,46.216
996772000,996772000,0.99896896,-0.009375474,0.04226789,-0.013985983,0.0,0.0,0.0,0.0,0,46.236
996792000,996792000,0.99880826,-0.010350065,0.04549217,-0.01464422,0.0,0.0,0.0,0.0,0,46.256
996812000,996812000,0.9986449,-0.011289839,0.048546802,-0.015270651,0.0,0.0,0.0,0.0,0,46.276
996832000,996832000,0.9984808,-0.012192799,0.05142809,-0.015863035,0.0,0.0,0.0,0.0,0,46.296
996852000,996852000,0.9983173,-0.01304397,0.05414729,-0.016420959,0.0,0.0,0.0,0.0,0,46.316
996872000,996872000,0.9981565,-0.013850148,0.056691244,-0.01694218,0.0,0.0,0.0,0.0,0,46.336
996892000,996892000,0.9979998,-0.0146172615,0.059061594,-0.017424999,0.0,0.0,0.0,0.0,0,46.356
996912000,996912000,0.9978481,-0.01534847,0.061265197,-0.017867982,0.0,0.0,0.0,0.0,0,46.376
996932000,996932000,0.99770343,-0.016036795,0.0632931,-0.018270928,0.0,0.0,0.0,0.0,0,46.396
996952000,996952000,0.99756706,-0.016676445,0.06514443,-0.018633956,0.0,0.0,0.0,0.0,0,46.416
996972000,996972000,0.9974402,-0.017276794,0.0668149,-0.018956577,0.0,0.0,0.0,0.0,0,46.436
996992000,996992000,0.9973228,-0.017843971,0.0683212,-0.019238666,0.0,0.0,0.0,0.0,0,46.456
997012000,997012000,0.99721646,-0.018366763,0.06965303,-0.019481067,0.0,0.0,0.0,0.0,0,46.476
997032000,997032000,0.9971214,-0.018846812,0.070819266,-0.019684194,0.0,0.0,0.0,0.0,0,46.496
997052000,997052000,0.9970365,-0.01929494,0.07184019,-0.019848853,0.0,0.0,0.0,0.0,0,46.516
997072000,997072000,0.99696255,-0.019706333,0.07271415,-0.019976053,0.0,0.0,0.0,0.0,0,46.536
997092000,997092000,0.9969009,-0.020076804,0.07342924,-0.020067042,0.0,0.0,0.0,0.0,0,46.556
997112000,997112000,0.99685055,-0.020400466,0.0740065,-0.02012403,0.0,0.0,0.0,0.0,0,46.576
997132000,997132000,0.9968113,-0.020683985,0.07444867,-0.02014764,0.0,0.0,0.0,0.0,0,46.596
997152000,997152000,0.9967833,-0.020934744,0.07475459,-0.02013872,0.0,0.0,0.0,0.0,0,46.616
997172000,997172000,0.9967657,-0.021155167,0.07493836,-0.020099154,0.0,0.0,0.0,0.0,0,46.636
997192000,997192000,0.99675786,-0.021342698,0.075007446,-0.02003116,0.0,0.0,0.0,0.0,0,46.656
997212000,997212000,0.9967592,-0.02150107,0.07496999,-0.01993641,0.0,0.0,0.0,0.0,0,46.676
997232000,997232000,0.9967695,-0.021632336,0.074826404,-0.01981666,0.0,0.0,0.0,0.0,0,46.696
997252000,997252000,0.9967884,-0.021734538,0.07458283,-0.019674102,0.0,0.0,0.0,0.0,0,46.716
997272000,997272000,0.9968149,-0.02180317,0.074250124,-0.01951133,0.0,0.0,0.0,0.0,0,46.736
997292000,997292000,0.9968486,-0.02183977,0.0738332,-0.019330457,0.0,0.0,0.0,0.0,0,46.756
997312000,997312000,0.996889,-0.021845305,0.073335715,-0.019133572,0.0,0.0,0.0,0.0,0,46.776
997332000,997332000,0.9969356,-0.021821193,0.07276169,-0.018922582,0.0,0.0,0.0,0.0,0,46.796
997352000,997352000,0.9969878,-0.0217677,0.07211697,-0.018699722,0.0,0.0,0.0,0.0,0,46.816
997372000,997372000,0.9970447,-0.021687485,0.071411945,-0.018466879,0.0,0.0,0.0,0.0,0,46.836
997392000,997392000,0.9971054,-0.021579621,0.07065412,-0.018226266,0.0,0.0,0.0,0.0,0,46.856
997412000,997412000,0.99717003,-0.021449229,0.06984099,-0.017979307,0.0,0.0,0.0,0.0,0,46.876
997432000,997432000,0.9972381,-0.021298923,0.06897387,-0.017727755,0.0,0.0,0.0,0.0,0,46.896
997452000,997452000,0.99730957,-0.02113204,0.06805067,-0.017473074,0.0,0.0,0.0,0.0,0,46.916
997472000,997472000,0.9973834,-0.020943772,0.06708461,-0.017217653,0.0,0.0,0.0,0.0,0,46.936
997492000,997492000,0.99745905,-0.020740697,0.0660806,-0.016962733,0.0,0.0,0.0,0.0,0,46.956
997512000,997512000,0.9975363,-0.020519223,0.06504003,-0.016710108,0.0,0.0,0.0,0.0,0,46.976
997532000,997532000,0.9976147,-0.020282457,0.06396668,-0.016461203,0.0,0.0,0.0,0.0,0,46.996
997552000,997552000,0.99769384,-0.020027874,0.06286451,-0.016217511,0.0,0.0,0.0,0.0,0,47.016
997572000,997572000,0.9977741,-0.019756401,0.06172731,-0.015980082,0.0,0.0,0.0,0.0,0,47.036
997592000,997592000,0.99785477,-0.019464687,0.06056403,-0.015750363,0.0,0.0,0.0,0.0,0,47.056
997612000,997612000,0.997935,-0.019159736,0.059385505,-0.01552941,0.0,0.0,0.0,0.0,0,47.076
997632000,997632000,0.99801487,-0.018840713,0.05818823,-0.015318087,0.0,0.0,0.0,0.0,0,47.096
997652000,997652000,0.99809414,-0.018514367,0.05697243,-0.01511679,0.0,0.0,0.0,0.0,0,47.116
997672000,997672000,0.9981726,-0.018175604,0.055744845,-0.014927028,0.0,0.0,0.0,0.0,0,47.136
997692000,997692000,0.9982499,-0.017830545,0.054504875,-0.014749099,0.0,0.0,0.0,0.0,0,47.156
997712000,997712000,0.9983262,-0.017471837,0.053253934,-0.014584429,0.0,0.0,0.0,0.0,0,47.176
997732000,997732000,0.998401,-0.017104384,0.05199751,-0.014433008,0.0,0.0,0.0,0.0,0,47.196
997752000,997752000,0.99847436,-0.01672997,0.050733283,-0.014294993,0.0,0.0,0.0,0.0,0,47.216
997772000,997772000,0.9985462,-0.016353982,0.049460877,-0.014170466,0.0,0.0,0.0,0.0,0,47.236
997792000,997792000,0.99861646,-0.015971918,0.048182234,-0.014060239,0.0,0.0,0.0,0.0,0,47.256
997812000,997812000,0.99868494,-0.015589866,0.0468988,-0.0139642125,0.0,0.0,0.0,0.0,0,47.276
997832000,997832000,0.9987514,-0.01520047,0.045617342,-0.013883,0.0,0.0,0.0,0.0,0,47.296
997852000,997852000,0.9988156,-0.014808458,0.04434391,-0.0138163585,0.0,0.0,0.0,0.0,0,47.316
997872000,997872000,0.9988779,-0.014411786,0.04306898,-0.0137640275,0.0,0.0,0.0,0.0,0,47.336
997892000,997892000,0.99893814,-0.014016426,0.04179453,-0.013725686,0.0,0.0,0.0,0.0,0,47.356
997912000,997912000,0.9989962,-0.01361669,0.04052863,-0.013701544,0.0,0.0,0.0,0.0,0,47.376
997932000,997932000,0.999052,-0.013217196,0.039269328,-0.013691058,0.0,0.0,0.0,0.0,0,47.396
997952000,997952000,0.9991058,-0.012814558,0.038013287,-0.013693726,0.0,0.0,0.0,0.0,0,47.416
997972000,997972000,0.99915713,-0.012418982,0.03676945,-0.013708984,0.0,0.0,0.0,0.0,0,47.436
997992000,997992000,0.9992059,-0.012028256,0.035542384,-0.013736839,0.0,0.0,0.0,0.0,0,47.456
998012000,998012000,0.9992522,-0.0116473455,0.03433184,-0.013776554,0.0,0.0,0.0,0.0,0,47.476
998032000,998032000,0.99929637,-0.011269329,0.03313124,-0.013827659,0.0,0.0,0.0,0.0,0,47.496
998052000,998052000,0.9993383,-0.010900974,0.031942364,-0.013889488,0.0,0.0,0.0,0.0,0,47.516
998072000,998072000,0.9993781,-0.010536837,0.030766366,-0.013961544,0.0,0.0,0.0,0.0,0,47.536
998092000,998092000,0.9994156,-0.010179174,0.029611232,-0.014043368,0.0,0.0,0.0,0.0,0,47.556
998112000,998112000,0.99945056,-0.009828481,0.028483529,-0.014134014,0.0,0.0,0.0,0.0,0,47.576
998132000,998132000,0.99948317,-0.009491814,0.027383616,-0.014232414,0.0,0.0,0.0,0.0,0,47.596
998152000,998152000,0.9995137,-0.009160553,0.026305046,-0.014338,0.0,0.0,0.0,0.0,0,47.616
998172000,998172000,0.9995423,-0.008841165,0.025245996,-0.01444995,0.0,0.0,0.0,0.0,0,47.636
998192000,998192000,0.9995688,-0.008531114,0.024213292,-0.014567753,0.0,0.0,0.0,0.0,0,47.656
998212000,998212000,0.9995934,-0.008233492,0.023208573,-0.014690414,0.0,0.0,0.0,0.0,0,47.676
998232000,998232000,0.9996161,-0.007944812,0.022229385,-0.014817202,0.0,0.0,0.0,0.0,0,47.696
998252000,998252000,0.9996369,-0.007675916,0.021279987,-0.014947557,0.0,0.0,0.0,0.0,0,47.716
998272000,998272000,0.99965596,-0.0074230405,0.02036033,-0.015081065,0.0,0.0,0.0,0.0,0,47.736
998292000,998292000,0.9996734,-0.007187246,0.019464782,-0.015216902,0.0,0.0,0.0,0.0,0,47.756
998312000,998312000,0.9996896,-0.0069628684,0.018590564,-0.015354196,0.0,0.0,0.0,0.0,0,47.776
998332000,998332000,0.9997043,-0.006752788,0.017741527,-0.015492237,0.0,0.0,0.0,0.0,0,47.796
998352000,998352000,0.99971783,-0.006554588,0.016915001,-0.015630426,0.0,0.0,0.0,0.0,0,47.816
998372000,998372000,0.99973005,-0.006370223,0.016115885,-0.015768176,0.0,0.0,0.0,0.0,0,47.836
998392000,998392000,0.9997412,-0.0061980966,0.015337918,-0.015905062,0.0,0.0,0.0,0.0,0,47.856
998412000,998412000,0.9997514,-0.006040287,0.014576038,-0.016040418,0.0,0.0,0.0,0.0,0,47.876
998432000,998432000,0.9997607,-0.0058881906,0.013834575,-0.016173644,0.0,0.0,0.0,0.0,0,47.896
998452000,998452000,0.9997691,-0.0057467087,0.013113776,-0.016303878,0.0,0.0,0.0,0.0,0,47.916
998472000,998472000,0.99977666,-0.0056192502,0.012415607,-0.01643067,0.0,0.0,0.0,0.0,0,47.936
998492000,998492000,0.9997834,-0.005507383,0.011742995,-0.016553711,0.0,0.0,0.0,0.0,0,47.956
998512000,998512000,0.99978936,-0.005400302,0.011097834,-0.016672969,0.0,0.0,0.0,0.0,0,47.976
998532000,998532000,0.9997947,-0.005295605,0.010476736,-0.016787956,0.0,0.0,0.0,0.0,0,47.996
998552000,998552000,0.9997995,-0.0051912195,0.009876145,-0.016898384,0.0,0.0,0.0,0.0,0,48.016
998572000,998572000,0.9998037,-0.0050936514,0.0093019465,-0.017004233,0.0,0.0,0.0,0.0,0,48.036
998592000,998592000,0.99980736,-0.0050030746,0.0087586325,-0.017105406,0.0,0.0,0.0,0.0,0,48.056
998612000,998612000,0.99981064,-0.004917203,0.008229791,-0.017201547,0.0,0.0,0.0,0.0,0,48.076
998632000,998632000,0.9998136,-0.004828954,0.007716718,-0.01729248,0.0,0.0,0.0,0.0,0,48.096
998652000,998652000,0.99981624,-0.0047371523,0.0072218073,-0.017377952,0.0,0.0,0.0,0.0,0,48.116
998672000,998672000,0.9998186,-0.0046455776,0.0067415345,-0.017457435,0.0,0.0,0.0,0.0,0,48.136
998692000,998692000,0.9998207,-0.0045606787,0.006285472,-0.01753079,0.0,0.0,0.0,0.0,0,48.156
998712000,998712000,0.9998225,-0.0044814744,0.0058620097,-0.017597957,0.0,0.0,0.0,0.0,0,48.176
998732000,998732000,0.99982405,-0.004397852,0.005460951,-0.017659107,0.0,0.0,0.0,0.0,0,48.196
998752000,998752000,0.9998255,-0.004308319,0.005075277,-0.017714351,0.0,0.0,0.0,0.0,0,48.216
998772000,998772000,0.99982685,-0.0042214245,0.0046980395,-0.01776352,0.0,0.0,0.0,0.0,0,48.236
998792000,998792000,0.99982804,-0.0041410485,0.0043282425,-0.017806817,0.0,0.0,0.0,0.0,0,48.256
998812000,998812000,0.9998291,-0.004072449,0.0039747767,-0.017844383,0.0,0.0,0.0,0.0,0,48.276
998832000,998832000,0.99983007,-0.004009985,0.0036497638,-0.017876284,0.0,0.0,0.0,0.0,0,48.296
998852000,998852000,0.99983084,-0.0039497535,0.0033544938,-0.017902913,0.0,0.0,0.0,0.0,0,48.316
998872000,998872000,0.9998316,-0.0038837418,0.0030837914,-0.017924463,0.0,0.0,0.0,0.0,0,48.336
998892000,998892000,0.99983233,-0.0038108174,0.0028333107,-0.017940918,0.0,0.0,0.0,0.0,0,48.356
998912000,998912000,0.99983305,-0.003734061,0.0025964743,-0.017951874,0.0,0.0,0.0,0.0,0,48.376
998932000,998932000,0.99983376,-0.0036633583,0.002369718,-0.017957583,0.0,0.0,0.0,0.0,0,48.396
998952000,998952000,0.9998345,-0.003604051,0.0021555617,-0.01795888,0.0,0.0,0.0,0.0,0,48.416
998972000,998972000,0.99983513,-0.0035441555,0.0019580948,-0.017956428,0.0,0.0,0.0,0.0,0,48.436
998992000,998992000,0.9998358,-0.0034775801,0.0017777169,-0.017950365,0.0,0.0,0.0,0.0,0,48.456
999012000,999012000,0.9998365,-0.0034117964,0.0016082602,-0.017940754,0.0,0.0,0.0,0.0,0,48.476
999032000,999032000,0.99983716,-0.003349647,0.001451378,-0.017927572,0.0,0.0,0.0,0.0,0,48.496
999052000,999052000,0.9998378,-0.0032969057,0.0013085277,-0.017911498,0.0,0.0,0.0,0.0,0,48.516
999072000,999072000,0.9998385,-0.0032479013,0.0011848104,-0.01789245,0.0,0.0,0.0,0.0,0,48.536
999092000,999092000,0.9998392,-0.0031963466,0.0010785254,-0.017870946,0.0,0.0,0.0,0.0,0,48.556
999112000,999112000,0.99983984,-0.0031405955,0.0009858645,-0.017847024,0.0,0.0,0.0,0.0,0,48.576
999132000,999132000,0.9998406,-0.003080531,0.00090451364,-0.01782088,0.0,0.0,0.0,0.0,0,48.596
999152000,999152000,0.99984133,-0.0030145897,0.0008315408,-0.017793052,0.0,0.0,0.0,0.0,0,48.616
999172000,999172000,0.99984217,-0.0029437803,0.00076657603,-0.017763622,0.0,0.0,0.0,0.0,0,48.636
999192000,999192000,0.99984294,-0.0028726053,0.0007059219,-0.017732516,0.0,0.0,0.0,0.0,0,48.656
999212000,999212000,0.9998438,-0.002804299,0.0006478447,-0.017699841,0.0,0.0,0.0,0.0,0,48.676
999232000,999232000,0.99984455,-0.0027457094,0.00059760414,-0.017666157,0.0,0.0,0.0,0.0,0,48.696
999252000,999252000,0.99984527,-0.0027009298,0.0005583676,-0.017632004,0.0,0.0,0.0,0.0,0,48.716
999272000,999272000,0.999846,-0.002665694,0.0005255988,-0.017597806,0.0,0.0,0.0,0.0,0,48.736
999292000,999292000,0.9998467,-0.002636914,0.00049589877,-0.017563716,0.0,0.0,0.0,0.0,0,48.756
999312000,999312000,0.99984735,-0.0026119568,0.00046672972,-0.017529983,0.0,0.0,0.0,0.0,0,48.776
999332000,999332000,0.999848,-0.002588124,0.000435515,-0.017496796,0.0,0.0,0.0,0.0,0,48.796
999352000,999352000,0.99984866,-0.002558322,0.00040530204,-0.017463937,0.0,0.0,0.0,0.0,0,48.816
999372000,999372000,0.9998494,-0.0025183766,0.00037031545,-0.017431876,0.0,0.0,0.0,0.0,0,48.836
999392000,999392000,0.99985003,-0.0024819216,0.00032595938,-0.017400606,0.0,0.0,0.0,0.0,0,48.856
999412000,999412000,0.99985063,-0.0024403022,0.00028570998,-0.017370444,0.0,0.0,0.0,0.0,0,48.876
999432000,999432000,0.9998513,-0.0023927877,0.00025253664,-0.017341128,0.0,0.0,0.0,0.0,0,48.896
999452000,999452000,0.9998519,-0.0023448707,0.0002199887,-0.01731246,0.0,0.0,0.0,0.0,0,48.916
999472000,999472000,0.99985254,-0.0022921327,0.00018175632,-0.017284596,0.0,0.0,0.0,0.0,0,48.936
999492000,999492000,0.9998531,-0.002244315,0.00014697648,-0.017257737,0.0,0.0,0.0,0.0,0,48.956
999512000,999512000,0.9998536,-0.0022044173,0.00011863347,-0.017232537,0.0,0.0,0.0,0.0,0,48.976
999532000,999532000,0.9998541,-0.0021694296,9.343194e-05,-0.017209234,0.0,0.0,0.0,0.0,0,48.996
999552000,999552000,0.99985456,-0.0021376444,6.97639e-05,-0.017187849,0.0,0.0,0.0,0.0,0,49.016
999572000,999572000,0.9998549,-0.0021055932,4.4033684e-05,-0.0171683,0.0,0.0,0.0,0.0,0,49.036
999592000,999592000,0.99985534,-0.0020737983,1.698625e-05,-0.017150722,0.0,0.0,0.0,0.0,0,49.056
999612000,999612000,0.99985564,-0.0020431497,-1.0424654e-05,-0.017135143,0.0,0.0,0.0,0.0,0,49.076
999632000,999632000,0.99985594,-0.0020140156,-3.7617694e-05,-0.017121568,0.0,0.0,0.0,0.0,0,49.096
999652000,999652000,0.9998562,-0.0019864687,-6.446098e-05,-0.017109994,0.0,0.0,0.0,0.0,0,49.116
999672000,999672000,0.9998564,-0.0019605376,-9.0745125e-05,-0.017100409,0.0,0.0,0.0,0.0,0,49.136
999692000,999692000,0.9998566,-0.0019351925,-0.00011559673,-0.017092668,0.0,0.0,0.0,0.0,0,49.156
999712000,999712000,0.9998567,-0.00190953,-0.00013804439,-0.017086722,0.0,0.0,0.0,0.0,0,49.176
999732000,999732000,0.9998568,-0.0018855063,-0.00016016133,-0.017082721,0.0,0.0,0.0,0.0,0,49.196
999752000,999752000,0.9998569,-0.0018629677,-0.0001814998,-0.017080698,0.0,0.0,0.0,0.0,0,49.216
999772000,999772000,0.99985695,-0.0018426944,-0.00019977668,-0.017080722,0.0,0.0,0.0,0.0,0,49.236
999792000,999792000,0.99985695,-0.0018191301,-0.00021564406,-0.017082287,0.0,0.0,0.0,0.0,0,49.256
999812000,999812000,0.99985695,-0.0017927475,-0.00022792938,-0.017085161,0.0,0.0,0.0,0.0,0,49.276
999832000,999832000,0.99985695,-0.0017702604,-0.00024239189,-0.01708946,0.0,0.0,0.0,0.0,0,49.296
999852000,999852000,0.9998569,-0.0017437446,-0.000251417,-0.017095253,0.0,0.0,0.0,0.0,0,49.316
999872000,999872000,0.99985677,-0.0017132235,-0.0002549387,-0.017102694,0.0,0.0,0.0,0.0,0,49.336
999892000,999892000,0.9998567,-0.0016855448,-0.00025974034,-0.017111633,0.0,0.0,0.0,0.0,0,49.356
999912000,999912000,0.99985653,-0.0016556105,-0.00026082338,-0.017122112,0.0,0.0,0.0,0.0,0,49.376
999932000,999932000,0.9998564,-0.0016217864,-0.00025677908,-0.017134283,0.0,0.0,0.0,0.0,0,49.396
999952000,999952000,0.99985623,-0.0015881706,-0.00025149324,-0.017148195,0.0,0.0,0.0,0.0,0,49.416
999972000,999972000,0.999856,-0.001554421,-0.00024480902,-0.017163763,0.0,0.0,0.0,0.0,0,49.436
999992000,999992000,0.99985576,-0.0015205957,-0.00023670147,-0.017180875,0.0,0.0,0.0,0.0,0,49.456
1000012000,1000012000,0.9998555,-0.001488159,-0.0002287589,-0.017199766,0.0,0.0,0.0,0.0,0,49.476
1000032000,1000032000,0.99985516,-0.0014561347,-0.00021995355,-0.017220438,0.0,0.0,0.0,0.0,0,49.496
1000052000,1000052000,0.99985486,-0.0014259309,-0.00020824409,-0.017242584,0.0,0.0,0.0,0.0,0,49.516
1000072000,1000072000,0.9998545,-0.0013903768,-0.00019556536,-0.017265618,0.0,0.0,0.0,0.0,0,49.536
1000092000,1000092000,0.99985415,-0.001344228,-0.00018587062,-0.01728909,0.0,0.0,0.0,0.0,0,49.556
1000112000,1000112000,0.9998538,-0.0012985589,-0.00016203681,-0.01731282,0.0,0.0,0.0,0.0,0,49.576
1000132000,1000132000,0.9998535,-0.0012532491,-0.00013314483,-0.01733678,0.0,0.0,0.0,0.0,0,49.596
1000152000,1000152000,0.99985313,-0.0012097573,-9.712691e-05,-0.017360644,0.0,0.0,0.0,0.0,0,49.616
1000172000,1000172000,0.9998528,-0.0011612751,-6.013201e-05,-0.017384656,0.0,0.0,0.0,0.0,0,49.636
1000192000,1000192000,0.9998524,-0.0011125306,-2.07758e-05,-0.017408738,0.0,0.0,0.0,0.0,0,49.656
1000212000,1000212000,0.999852,-0.0010684717,2.5067684e-05,-0.01743317,0.0,0.0,0.0,0.0,0,49.676
1000232000,1000232000,0.99985164,-0.0010252467,7.998794e-05,-0.017457666,0.0,0.0,0.0,0.0,0,49.696
1000252000,1000252000,0.9998512,-0.000978692,0.000134199,-0.017482122,0.0,0.0,0.0,0.0,0,49.716
1000272000,1000272000,0.99985087,-0.0009317975,0.00019500479,-0.017506488,0.0,0.0,0.0,0.0,0,49.736
1000292000,1000292000,0.99985045,-0.00088024983,0.00026741126,-0.017530687,0.0,0.0,0.0,0.0,0,49.756
1000312000,1000312000,0.99985003,-0.000840937,0.0003398955,-0.017554639,0.0,0.0,0.0,0.0,0,49.776
1000332000,1000332000,0.9998496,-0.00080843095,0.0004038138,-0.017578004,0.0,0.0,0.0,0.0,0,49.796
1000352000,1000352000,0.99984926,-0.00078216207,0.0004710233,-0.017600615,0.0,0.0,0.0,0.0,0,49.816
1000372000,1000372000,0.99984884,-0.0007587153,0.00053865614,-0.01762209,0.0,0.0,0.0,0.0,0,49.836
1000392000,1000392000,0.9998485,-0.0007345013,0.0006033591,-0.017642641,0.0,0.0,0.0,0.0,0,49.856
1000412000,1000412000,0.99984807,-0.0007093417,0.000663099,-0.017662626,0.0,0.0,0.0,0.0,0,49.876
1000432000,1000432000,0.9998477,-0.00068684615,0.0007307563,-0.017682053,0.0,0.0,0.0,0.0,0,49.896
1000452000,1000452000,0.99984735,-0.0006665205,0.00080464536,-0.0177012,0.0,0.0,0.0,0.0,0,49.916
1000472000,1000472000,0.99984694,-0.0006483206,0.0008803491,-0.017720403,0.0,0.0,0.0,0.0,0,49.936
1000492000,1000492000,0.9998465,-0.00063582155,0.00095213624,-0.017739687,0.0,0.0,0.0,0.0,0,49.956
1000512000,1000512000,0.99984616,-0.00062574324,0.0010223435,-0.017758904,0.0,0.0,0.0,0.0,0,49.976
1000532000,1000532000,0.99984574,-0.0006150662,0.0010892352,-0.017778205,0.0,0.0,0.0,0.0,0,49.996
1000552000,1000552000,0.9998453,-0.0005974313,0.0011442805,-0.017797831,0.0,0.0,0.0,0.0,0,50.016
1000572000,1000572000,0.99984497,-0.00057704275,0.001189269,-0.017817082,0.0,0.0,0.0,0.0,0,50.036
1000592000,1000592000,0.9998446,-0.0005582777,0.0012159275,-0.017836064,0.0,0.0,0.0,0.0,0,50.056
1000612000,1000612000,0.99984425,-0.00053079025,0.0012341234,-0.01785459,0.0,0.0,0.0,0.0,0,50.076
1000632000,1000632000,0.9998439,-0.0005001893,0.0012475636,-0.017872497,0.0,0.0,0.0,0.0,0,50.096
1000652000,1000652000,0.9998436,-0.00046565512,0.0012540099,-0.017889729,0.0,0.0,0.0,0.0,0,50.116
1000672000,1000672000,0.99984336,-0.00042670194,0.0012554994,-0.017906358,0.0,0.0,0.0,0.0,0,50.136
1000692000,1000692000,0.99984306,-0.00038971208,0.0012599408,-0.017922537,0.0,0.0,0.0,0.0,0,50.156
1000712000,1000712000,0.99984276,-0.00035328008,0.0012662695,-0.017938484,0.0,0.0,0.0,0.0,0,50.176
1000732000,1000732000,0.9998425,-0.0003162978,0.001273672,-0.017954266,0.0,0.0,0.0,0.0,0,50.196
1000752000,1000752000,0.9998422,-0.0002783364,0.0012816499,-0.017969918,0.0,0.0,0.0,0.0,0,50.216
1000772000,1000772000,0.9998419,-0.0002391094,0.0012900585,-0.017985454,0.0,0.0,0.0,0.0,0,50.236
1000792000,1000792000,0.9998417,-0.00019962918,0.0012976411,-0.018000698,0.0,0.0,0.0,0.0,0,50.256
1000812000,1000812000,0.9998414,-0.00016305188,0.0013012536,-0.018015679,0.0,0.0,0.0,0.0,0,50.276
1000832000,1000832000,0.99984115,-0.00012722463,0.0012971677,-0.018030375,0.0,0.0,0.0,0.0,0,50.296
1000852000,1000852000,0.9998409,-9.881766e-05,0.0012782468,-0.018044332,0.0,0.0,0.0,0.0,0,50.316
1000872000,1000872000,0.99984074,-7.4981064e-05,0.0012520128,-0.0180578,0.0,0.0,0.0,0.0,0,50.336
1000892000,1000892000,0.9998405,-4.631438e-05,0.0012249941,-0.01807123,0.0,0.0,0.0,0.0,0,50.356
1000912000,1000912000,0.9998403,-1.4893314e-05,0.0011889298,-0.018084535,0.0,0.0,0.0,0.0,0,50.376
1000932000,1000932000,0.99984014,2.1093565e-05,0.00113912,-0.018097758,0.0,0.0,0.0,0.0,0,50.396
1000952000,1000952000,0.99983996,5.8472517e-05,0.0010908876,-0.018110815,0.0,0.0,0.0,0.0,0,50.416
1000972000,1000972000,0.9998398,8.857548e-05,0.0010407855,-0.018123625,0.0,0.0,0.0,0.0,0,50.436
1000992000,1000992000,0.9998396,0.00013094617,0.0009914822,-0.018136216,0.0,0.0,0.0,0.0,0,50.456
1001012000,1001012000,0.99983937,0.00017480197,0.0009422827,-0.01814861,0.0,0.0,0.0,0.0,0,50.476
1001032000,1001032000,0.9998392,0.00021335158,0.0008924,-0.018160772,0.0,0.0,0.0,0.0,0,50.496
1001052000,1001052000,0.999839,0.0002502538,0.00085476955,-0.01817275,0.0,0.0,0.0,0.0,0,50.516
1001072000,1001072000,0.9998388,0.0002935166,0.00080800307,-0.018184064,0.0,0.0,0.0,0.0,0,50.536
1001092000,1001092000,0.99983865,0.00034565304,0.0007505796,-0.018194813,0.0,0.0,0.0,0.0,0,50.556
1001112000,1001112000,0.99983853,0.00039197534,0.0006958683,-0.01820488,0.0,0.0,0.0,0.0,0,50.576
1001132000,1001132000,0.99983835,0.00043016777,0.0006494541,-0.018215261,0.0,0.0,0.0,0.0,0,50.596
1001152000,1001152000,0.9998382,0.0004740143,0.0006146722,-0.018225739,0.0,0.0,0.0,0.0,0,50.616
1001172000,1001172000,0.99983793,0.0005140047,0.00057368627,-0.018236142,0.0,0.0,0.0,0.0,0,50.636
1001192000,1001192000,0.99983776,0.000552058,0.00050980115,-0.018246684,0.0,0.0,0.0,0.0,0,50.656
1001212000,1001212000,0.9998376,0.0005825382,0.00044450993,-0.018257711,0.0,0.0,0.0,0.0,0,50.676
1001232000,1001232000,0.9998374,0.00060766324,0.00038515223,-0.01826884,0.0,0.0,0.0,0.0,0,50.696
1001252000,1001252000,0.9998372,0.00062772125,0.000326783,-0.018280292,0.0,0.0,0.0,0.0,0,50.716
1001272000,1001272000,0.999837,0.00063851045,0.00027614518,-0.018291812,0.0,0.0,0.0,0.0,0,50.736
1001292000,1001292000,0.9998368,0.00064314454,0.00021434842,-0.018303284,0.0,0.0,0.0,0.0,0,50.756
1001312000,1001312000,0.9998366,0.0006470457,0.00014185214,-0.018314697,0.0,0.0,0.0,0.0,0,50.776
1001332000,1001332000,0.9998364,0.00065172254,8.695423e-05,-0.018325971,0.0,0.0,0.0,0.0,0,50.796
1001352000,1001352000,0.9998362,0.00065300555,4.9977163e-05,-0.018337186,0.0,0.0,0.0,0.0,0,50.816
1001372000,1001372000,0.99983597,0.0006470334,3.2264345e-06,-0.018348569,0.0,0.0,0.0,0.0,0,50.836
1001392000,1001392000,0.9998358,0.0006365649,-4.408801e-05,-0.018360022,0.0,0.0,0.0,0.0,0,50.856
1001412000,1001412000,0.9998356,0.0006242601,-7.241707e-05,-0.018371701,0.0,0.0,0.0,0.0,0,50.876
1001432000,1001432000,0.9998354,0.0006071834,-0.0001044324,-0.018383374,0.0,0.0,0.0,0.0,0,50.896
1001452000,1001452000,0.9998352,0.0005836591,-0.0001432683,-0.018395195,0.0,0.0,0.0,0.0,0,50.916
1001472000,1001472000,0.99983495,0.0005509495,-0.00016900715,-0.01840762,0.0,0.0,0.0,0.0,0,50.936
1001492000,1001492000,0.9998347,0.0005087892,-0.00017912308,-0.018420521,0.0,0.0,0.0,0.0,0,50.956
1001512000,1001512000,0.99983454,0.0004706295,-0.00019142654,-0.018433655,0.0,0.0,0.0,0.0,0,50.976
1001532000,1001532000,0.9998343,0.0004315705,-0.00021377948,-0.018446637,0.0,0.0,0.0,0.0,0,50.996
1001552000,1001552000,0.99983406,0.00038784608,-0.00023176985,-0.018459722,0.0,0.0,0.0,0.0,0,51.016
1001572000,1001572000,0.9998338,0.00034411252,-0.00024257017,-0.018472683,0.0,0.0,0.0,0.0,0,51.036
1001592000,1001592000,0.9998336,0.0003011758,-0.0002524107,-0.018485554,0.0,0.0,0.0,0.0,0,51.056
1001612000,1001612000,0.9998334,0.00025822915,-0.0002636299,-0.018498199,0.0,0.0,0.0,0.0,0,51.076
1001632000,1001632000,0.99983317,0.00021346532,-0.00027639564,-0.018510684,0.0,0.0,0.0,0.0,0,51.096
1001652000,1001652000,0.9998329,0.00016900766,-0.00028536454,-0.01852308,0.0,0.0,0.0,0.0,0,51.116
1001672000,1001672000,0.9998327,0.00012524295,-0.0002939526,-0.018535389,0.0,0.0,0.0,0.0,0,51.136
1001692000,1001692000,0.9998325,8.232704e-05,-0.00030307323,-0.018547613,0.0,0.0,0.0,0.0,0,51.156
1001712000,1001712000,0.9998323,4.019567e-05,-0.00031297503,-0.018559754,0.0,0.0,0.0,0.0,0,51.176
1001732000,1001732000,0.99983203,-1.0862062e-06,-0.00032361058,-0.018571813,0.0,0.0,0.0,0.0,0,51.196
1001752000,1001752000,0.9998318,-4.2361055e-05,-0.0003342511,-0.018583586,0.0,0.0,0.0,0.0,0,51.216
1001772000,1001772000,0.9998316,-9.057707e-05,-0.00033751517,-0.018594814,0.0,0.0,0.0,0.0,0,51.236
1001792000,1001792000,0.9998314,-0.00014233594,-0.00033475686,-0.018605983,0.0,0.0,0.0,0.0,0,51.256
1001812000,1001812000,0.99983114,-0.0001925036,-0.0003269707,-0.018617125,0.0,0.0,0.0,0.0,0,51.276
1001832000,1001832000,0.99983096,-0.00024140226,-0.00031730224,-0.018628202,0.0,0.0,0.0,0.0,0,51.296
1001852000,1001852000,0.9998307,-0.00028927927,-0.00030704963,-0.018639209,0.0,0.0,0.0,0.0,0,51.316
1001872000,1001872000,0.99983054,-0.00033644357,-0.00029720625,-0.018650241,0.0,0.0,0.0,0.0,0,51.336
1001892000,1001892000,0.9998303,-0.00039083813,-0.00029549608,-0.018661948,0.0,0.0,0.0,0.0,0,51.356
1001912000,1001912000,0.99983,-0.00045318695,-0.0002961585,-0.018674105,0.0,0.0,0.0,0.0,0,51.376
1001932000,1001932000,0.99982977,-0.00051607564,-0.00027821906,-0.0186868,0.0,0.0,0.0,0.0,0,51.396
1001952000,1001952000,0.9998295,-0.0005860835,-0.0002577747,-0.01870033,0.0,0.0,0.0,0.0,0,51.416
1001972000,1001972000,0.9998292,-0.000667121,-0.00024432802,-0.018714381,0.0,0.0,0.0,0.0,0,51.436
1001992000,1001992000,0.9998288,-0.00074938894,-0.0002314908,-0.01872906,0.0,0.0,0.0,0.0,0,51.456
1002012000,1002012000,0.9998285,-0.000826614,-0.00021408721,-0.018743994,0.0,0.0,0.0,0.0,0,51.476
1002032000,1002032000,0.99982816,-0.0009033689,-0.0001974518,-0.01875915,0.0,0.0,0.0,0.0,0,51.496
1002052000,1002052000,0.9998278,-0.0009806885,-0.00018247178,-0.018774327,0.0,0.0,0.0,0.0,0,51.516
1002072000,1002072000,0.99982744,-0.0010575571,-0.00016866822,-0.018789455,0.0,0.0,0.0,0.0,0,51.536
1002092000,1002092000,0.9998271,-0.0011336714,-0.00015544718,-0.018804504,0.0,0.0,0.0,0.0,0,51.556
1002112000,1002112000,0.9998267,-0.0012086828,-0.00014289173,-0.018819459,0.0,0.0,0.0,0.0,0,51.576
1002132000,1002132000,0.9998263,-0.0012825971,-0.00013067746,-0.018834317,0.0,0.0,0.0,0.0,0,51.596
1002152000,1002152000,0.99982595,-0.0013515317,-0.00011905194,-0.0188491,0.0,0.0,0.0,0.0,0,51.616
1002172000,1002172000,0.9998256,-0.00140012,-0.000105794934,-0.018864244,0.0,0.0,0.0,0.0,0,51.636
1002192000,1002192000,0.99982524,-0.0014427393,-9.794676e-05,-0.018880088,0.0,0.0,0.0,0.0,0,51.656
1002212000,1002212000,0.9998249,-0.0014853044,-9.227595e-05,-0.01889651,0.0,0.0,0.0,0.0,0,51.676
1002232000,1002232000,0.9998245,-0.0015219417,-6.818926e-05,-0.018913485,0.0,0.0,0.0,0.0,0,51.696
1002252000,1002252000,0.99982417,-0.001548379,-3.3876906e-05,-0.01893085,0.0,0.0,0.0,0.0,0,51.716
1002272000,1002272000,0.99982375,-0.0015723956,-9.847088e-06,-0.018948475,0.0,0.0,0.0,0.0,0,51.736
1002292000,1002292000,0.9998234,-0.0015949273,2.5149098e-05,-0.018966302,0.0,0.0,0.0,0.0,0,51.756
1002312000,1002312000,0.99982303,-0.0016154452,7.983095e-05,-0.018984387,0.0,0.0,0.0,0.0,0,51.776
1002332000,1002332000,0.9998226,-0.0016367553,0.00014988189,-0.019002618,0.0,0.0,0.0,0.0,0,51.796
1002352000,1002352000,0.99982226,-0.0016564421,0.00020638402,-0.01902073,0.0,0.0,0.0,0.0,0,51.816
1002372000,1002372000,0.9998219,-0.0016690014,0.00025857534,-0.0190388,0.0,0.0,0.0,0.0,0,51.836
1002392000,1002392000,0.9998215,-0.0016845964,0.00031730105,-0.019056806,0.0,0.0,0.0,0.0,0,51.856
1002412000,1002412000,0.99982107,-0.0017018857,0.00037959256,-0.019074816,0.0,0.0,0.0,0.0,0,51.876
1002432000,1002432000,0.9998207,-0.001713305,0.0004302531,-0.019092813,0.0,0.0,0.0,0.0,0,51.896
1002452000,1002452000,0.99982035,-0.0017092044,0.00048443003,-0.019110817,0.0,0.0,0.0,0.0,0,51.916
1002472000,1002472000,0.99982,-0.0016996092,0.0005488778,-0.01912836,0.0,0.0,0.0,0.0,0,51.936
1002492000,1002492000,0.99981964,-0.0016888331,0.000607698,-0.019145748,0.0,0.0,0.0,0.0,0,51.956
1002512000,1002512000,0.9998193,-0.001669115,0.0006602934,-0.019163318,0.0,0.0,0.0,0.0,0,51.976
1002532000,1002532000,0.999819,-0.0016431988,0.0007151923,-0.01918084,0.0,0.0,0.0,0.0,0,51.996
1002552000,1002552000,0.9998186,-0.0016210257,0.00077718927,-0.019198203,0.0,0.0,0.0,0.0,0,52.016
1002572000,1002572000,0.9998183,-0.0015894246,0.0008372871,-0.019214658,0.0,0.0,0.0,0.0,0,52.036
1002592000,1002592000,0.999818,-0.0015436785,0.0008812377,-0.019230563,0.0,0.0,0.0,0.0,0,52.056
1002612000,1002612000,0.9998178,-0.0014943696,0.0009202105,-0.019246219,0.0,0.0,0.0,0.0,0,52.076
1002632000,1002632000,0.9998175,-0.0014416572,0.0009773235,-0.019261753,0.0,0.0,0.0,0.0,0,52.096
1002652000,1002652000,0.99981725,-0.0013858054,0.0010330193,-0.019277168,0.0,0.0,0.0,0.0,0,52.116
1002672000,1002672000,0.99981695,-0.0013276432,0.0010817269,-0.019292356,0.0,0.0,0.0,0.0,0,52.136
1002692000,1002692000,0.9998167,-0.0012692816,0.001129855,-0.019307295,0.0,0.0,0.0,0.0,0,52.156
1002712000,1002712000,0.9998164,-0.0012096599,0.0011779605,-0.01932202,0.0,0.0,0.0,0.0,0,52.176
1002732000,1002732000,0.9998162,-0.0011503116,0.001228669,-0.019336432,0.0,0.0,0.0,0.0,0,52.196
1002752000,1002752000,0.9998159,-0.0010933726,0.0012776935,-0.019350328,0.0,0.0,0.0,0.0,0,52.216
1002772000,1002772000,0.99981564,-0.0010393974,0.0013218796,-0.019363927,0.0,0.0,0.0,0.0,0,52.236
1002792000,1002792000,0.9998154,-0.0009863445,0.0013620824,-0.019377138,0.0,0.0,0.0,0.0,0,52.256
1002812000,1002812000,0.99981517,-0.00093969575,0.0013923894,-0.019389538,0.0,0.0,0.0,0.0,0,52.276
1002832000,1002832000,0.9998149,-0.0009038351,0.001409141,-0.01940128,0.0,0.0,0.0,0.0,0,52.296
1002852000,1002852000,0.9998147,-0.00087467907,0.0014260972,-0.019412704,0.0,0.0,0.0,0.0,0,52.316
1002872000,1002872000,0.9998145,-0.00085660635,0.0014416698,-0.019423626,0.0,0.0,0.0,0.0,0,52.336
1002892000,1002892000,0.9998143,-0.0008499943,0.0014494157,-0.019434266,0.0,0.0,0.0,0.0,0,52.356
1002912000,1002912000,0.9998141,-0.00084660505,0.001451083,-0.019444771,0.0,0.0,0.0,0.0,0,52.376
1002932000,1002932000,0.99981385,-0.00084186764,0.0014591453,-0.0194552,0.0,0.0,0.0,0.0,0,52.396
1002952000,1002952000,0.9998137,-0.00083433563,0.0014702175,-0.019465555,0.0,0.0,0.0,0.0,0,52.416
1002972000,1002972000,0.99981344,-0.00082334253,0.0014819992,-0.019475855,0.0,0.0,0.0,0.0,0,52.436
1002992000,1002992000,0.99981326,-0.0008172233,0.001485102,-0.019486178,0.0,0.0,0.0,0.0,0,52.456
1003012000,1003012000,0.9998131,-0.00082174107,0.0014733381,-0.019496433,0.0,0.0,0.0,0.0,0,52.476
1003032000,1003032000,0.9998129,-0.0008286841,0.0014542256,-0.019506542,0.0,0.0,0.0,0.0,0,52.496
1003052000,1003052000,0.9998127,-0.000836379,0.0014291931,-0.019516535,0.0,0.0,0.0,0.0,0,52.516
1003072000,1003072000,0.99981254,-0.0008435386,0.0013992958,-0.01952614,0.0,0.0,0.0,0.0,0,52.536
1003092000,1003092000,0.9998124,-0.0008574947,0.0013574129,-0.01953498,0.0,0.0,0.0,0.0,0,52.556
1003112000,1003112000,0.9998123,-0.00087811676,0.0013035244,-0.01954339,0.0,0.0,0.0,0.0,0,52.576
1003132000,1003132000,0.99981225,-0.0009022272,0.0012435671,-0.019551756,0.0,0.0,0.0,0.0,0,52.596
1003152000,1003152000,0.9998121,-0.0009255871,0.0011824331,-0.019560164,0.0,0.0,0.0,0.0,0,52.616
1003172000,1003172000,0.999812,-0.0009476516,0.0011219789,-0.019568989,0.0,0.0,0.0,0.0,0,52.636
1003192000,1003192000,0.9998118,-0.0009693038,0.0010621618,-0.019578224,0.0,0.0,0.0,0.0,0,52.656
1003212000,1003212000,0.9998117,-0.0009857542,0.0009876359,-0.019587679,0.0,0.0,0.0,0.0,0,52.676
1003232000,1003232000,0.9998116,-0.0010050577,0.00090835395,-0.019597515,0.0,0.0,0.0,0.0,0,52.696
1003252000,1003252000,0.9998114,-0.001022355,0.0008219584,-0.019607838,0.0,0.0,0.0,0.0,0,52.716
1003272000,1003272000,0.9998113,-0.001035815,0.00073285535,-0.01961849,0.0,0.0,0.0,0.0,0,52.736
1003292000,1003292000,0.9998111,-0.0010455967,0.0006378853,-0.019629102,0.0,0.0,0.0,0.0,0,52.756
1003312000,1003312000,0.999811,-0.0010519448,0.0005388552,-0.019639768,0.0,0.0,0.0,0.0,0,52.776
1003332000,1003332000,0.9998108,-0.0010567047,0.00044027282,-0.019650623,0.0,0.0,0.0,0.0,0,52.796
1003352000,1003352000,0.9998106,-0.0010630795,0.000346289,-0.019662414,0.0,0.0,0.0,0.0,0,52.816
1003372000,1003372000,0.99980706,-0.0019782267,-0.0018892902,-0.019684106,0.0,0.0,0.0,0.0,0,52.836
1003392000,1003392000,0.99975526,-0.005301613,-0.009030685,-0.019719543,0.0,0.0,0.0,0.0,0,52.856
1003412000,1003412000,0.99959314,-0.0104410555,-0.01795257,-0.019783372,0.0,0.0,0.0,0.0,0,52.876
1003432000,1003432000,0.99932194,-0.016319979,-0.02651622,-0.019881887,0.0,0.0,0.0,0.0,0,52.896
1003452000,1003452000,0.9989324,-0.02247709,-0.035180975,-0.020004282,0.0,0.0,0.0,0.0,0,52.916
1003472000,1003472000,0.9984224,-0.02871827,-0.043944266,-0.020150563,0.0,0.0,0.0,0.0,0,52.936
1003492000,1003492000,0.9978216,-0.03484858,-0.052281935,-0.020329036,0.0,0.0,0.0,0.0,0,52.956
1003512000,1003512000,0.9971629,-0.04074306,-0.059943553,-0.020543661,0.0,0.0,0.0,0.0,0,52.976
1003532000,1003532000,0.9964744,-0.046270058,-0.066894226,-0.020789491,0.0,0.0,0.0,0.0,0,52.996
1003552000,1003552000,0.995775,-0.051357556,-0.07321364,-0.021059005,0.0,0.0,0.0,0.0,0,53.016
1003572000,1003572000,0.99507934,-0.055998053,-0.07895995,-0.021348774,0.0,0.0,0.0,0.0,0,53.036
1003592000,1003592000,0.99440634,-0.06017325,-0.08411461,-0.021657262,0.0,0.0,0.0,0.0,0,53.056
1003612000,1003612000,0.9937655,-0.06390041,-0.08872912,-0.021981094,0.0,0.0,0.0,0.0,0,53.076
1003632000,1003632000,0.99316084,-0.06720656,-0.092875905,-0.022316063,0.0,0.0,0.0,0.0,0,53.096
1003652000,1003652000,0.9925986,-0.07011678,-0.09657802,-0.022660682,0.0,0.0,0.0,0.0,0,53.116
1003672000,1003672000,0.9920806,-0.072661504,-0.09987912,-0.02301237,0.0,0.0,0.0,0.0,0,53.136
1003692000,1003692000,0.9916073,-0.07486338,-0.10282728,-0.023367465,0.0,0.0,0.0,0.0,0,53.156
1003712000,1003712000,0.9911779,-0.07675261,-0.1054593,-0.023723673,0.0,0.0,0.0,0.0,0,53.176
1003732000,1003732000,0.9907895,-0.07835875,-0.107821606,-0.024077913,0.0,0.0,0.0,0.0,0,53.196
1003752000,1003752000,0.99044245,-0.07969921,-0.10992807,-0.024428273,0.0,0.0,0.0,0.0,0,53.216
1003772000,1003772000,0.9901326,-0.080814034,-0.111812145,-0.02477435,0.0,0.0,0.0,0.0,0,53.236
1003792000,1003792000,0.98980784,-0.08185568,-0.113837965,-0.025103012,0.0,0.0,0.0,0.0,0,53.256
1003812000,1003812000,0.989313,-0.083244145,-0.11702737,-0.02537605,0.0,0.0,0.0,0.0,0,53.276
1003832000,1003832000,0.98862714,-0.08508167,-0.121370636,-0.02560786,0.0,0.0,0.0,0.0,0,53.296
1003852000,1003852000,0.9879001,-0.08706696,-0.12575011,-0.025861379,0.0,0.0,0.0,0.0,0,53.316
1003872000,1003872000,0.98726505,-0.08887424,-0.12935755,-0.026169432,0.0,0.0,0.0,0.0,0,53.336
1003892000,1003892000,0.98676807,-0.09030927,-0.13205634,-0.026519107,0.0,0.0,0.0,0.0,0,53.356
1003912000,1003912000,0.9864135,-0.091288924,-0.13394372,-0.026888203,0.0,0.0,0.0,0.0,0,53.376
1003932000,1003932000,0.9861985,-0.09179061,-0.13510317,-0.0272624,0.0,0.0,0.0,0.0,0,53.396
1003952000,1003952000,0.9861212,-0.091816515,-0.13557363,-0.027634256,0.0,0.0,0.0,0.0,0,53.416
1003972000,1003972000,0.986174,-0.09138777,-0.13540466,-0.02799771,0.0,0.0,0.0,0.0,0,53.436
1003992000,1003992000,0.986345,-0.090533555,-0.134658,-0.028346738,0.0,0.0,0.0,0.0,0,53.456
1004012000,1004012000,0.9866205,-0.08928309,-0.13339952,-0.028674949,0.0,0.0,0.0,0.0,0,53.476
1004032000,1004032000,0.98698485,-0.087666385,-0.13170062,-0.028976204,0.0,0.0,0.0,0.0,0,53.496
1004052000,1004052000,0.98742497,-0.085719146,-0.1296063,-0.0292479,0.0,0.0,0.0,0.0,0,53.516
1004072000,1004072000,0.9879284,-0.083469,-0.12716168,-0.029486204,0.0,0.0,0.0,0.0,0,53.536
1004092000,1004092000,0.9884845,-0.08094975,-0.12439104,-0.029690444,0.0,0.0,0.0,0.0,0,53.556
1004112000,1004112000,0.98908454,-0.07817581,-0.12131733,-0.029857654,0.0,0.0,0.0,0.0,0,53.576
1004132000,1004132000,0.98971695,-0.07517822,-0.11797662,-0.029986136,0.0,0.0,0.0,0.0,0,53.596
1004152000,1004152000,0.99037504,-0.07197456,-0.114374444,-0.030075524,0.0,0.0,0.0,0.0,0,53.616
1004172000,1004172000,0.99104804,-0.06858858,-0.11054865,-0.030123765,0.0,0.0,0.0,0.0,0,53.636
1004192000,1004192000,0.99172807,-0.06505107,-0.1065127,-0.03013176,0.0,0.0,0.0,0.0,0,53.656
1004212000,1004212000,0.9924079,-0.061368693,-0.10229191,-0.030097159,0.0,0.0,0.0,0.0,0,53.676
1004232000,1004232000,0.99307853,-0.057580788,-0.09791482,-0.030020928,0.0,0.0,0.0,0.0,0,53.696
1004252000,1004252000,0.9937355,-0.053695783,-0.09338866,-0.029902535,0.0,0.0,0.0,0.0,0,53.716
1004272000,1004272000,0.9943714,-0.049746346,-0.088742666,-0.029742762,0.0,0.0,0.0,0.0,0,53.736
1004292000,1004292000,0.9949827,-0.04575153,-0.08397883,-0.02954337,0.0,0.0,0.0,0.0,0,53.756
1004312000,1004312000,0.9955644,-0.041707646,-0.07913575,-0.029302184,0.0,0.0,0.0,0.0,0,53.776
1004332000,1004332000,0.9961125,-0.03765288,-0.074221805,-0.029022448,0.0,0.0,0.0,0.0,0,53.796
1004352000,1004352000,0.9966263,-0.033583708,-0.06923304,-0.028705044,0.0,0.0,0.0,0.0,0,53.816
1004372000,1004372000,0.9971006,-0.02953809,-0.06421228,-0.028351987,0.0,0.0,0.0,0.0,0,53.836
1004392000,1004392000,0.9975353,-0.025507342,-0.059159707,-0.02796408,0.0,0.0,0.0,0.0,0,53.856
1004412000,1004412000,0.9979278,-0.021505553,-0.054112818,-0.027542805,0.0,0.0,0.0,0.0,0,53.876
1004432000,1004432000,0.99827856,-0.017552366,-0.04906082,-0.027091349,0.0,0.0,0.0,0.0,0,53.896
1004452000,1004452000,0.9985872,-0.013645171,-0.04402761,-0.026611283,0.0,0.0,0.0,0.0,0,53.916
1004472000,1004472000,0.99885345,-0.009820062,-0.03902426,-0.026106665,0.0,0.0,0.0,0.0,0,53.936
1004492000,1004492000,0.9990785,-0.0060566342,-0.034062803,-0.025578717,0.0,0.0,0.0,0.0,0,53.956
1004512000,1004512000,0.99926263,-0.002384125,-0.029172167,-0.025030946,0.0,0.0,0.0,0.0,0,53.976
1004532000,1004532000,0.9994082,0.00121356,-0.024338901,-0.024465486,0.0,0.0,0.0,0.0,0,53.996
1004552000,1004552000,0.9995161,0.004707587,-0.019592727,-0.023886302,0.0,0.0,0.0,0.0,0,54.016
1004572000,1004572000,0.99958897,0.008093751,-0.014925239,-0.023296304,0.0,0.0,0.0,0.0,0,54.036
1004592000,1004592000,0.9996286,0.011374379,-0.0103518255,-0.022698864,0.0,0.0,0.0,0.0,0,54.056
1004612000,1004612000,0.9996375,0.014532756,-0.005874961,-0.022096986,0.0,0.0,0.0,0.0,0,54.076
1004632000,1004632000,0.9996176,0.017592587,-0.0015123193,-0.021494012,0.0,0.0,0.0,0.0,0,54.096
1004652000,1004652000,0.99957174,0.0205285,0.0027281914,-0.020893512,0.0,0.0,0.0,0.0,0,54.116
1004672000,1004672000,0.99950206,0.023361737,0.006855919,-0.020297917,0.0,0.0,0.0,0.0,0,54.136
1004692000,1004692000,0.9994114,0.026070483,0.010853951,-0.019710237,0.0,0.0,0.0,0.0,0,54.156
1004712000,1004712000,0.9993017,0.028678091,0.014722546,-0.01913332,0.0,0.0,0.0,0.0,0,54.176
1004732000,1004732000,0.99917585,0.031166501,0.018453917,-0.018569734,0.0,0.0,0.0,0.0,0,54.196
1004752000,1004752000,0.9990358,0.033544905,0.022058142,-0.018021986,0.0,0.0,0.0,0.0,0,54.216
1004772000,1004772000,0.99888396,0.03580962,0.025525918,-0.017492723,0.0,0.0,0.0,0.0,0,54.236
1004792000,1004792000,0.9987228,0.03795748,0.028854689,-0.0169844,0.0,0.0,0.0,0.0,0,54.256
1004812000,1004812000,0.99855393,0.039997514,0.032049302,-0.016498903,0.0,0.0,0.0,0.0,0,54.276
1004832000,1004832000,0.99837995,0.041914124,0.035108376,-0.016037522,0.0,0.0,0.0,0.0,0,54.296
1004852000,1004852000,0.9982023,0.043725412,0.03802479,-0.015602799,0.0,0.0,0.0,0.0,0,54.316
1004872000,1004872000,0.9980235,0.04541768,0.040797703,-0.015196255,0.0,0.0,0.0,0.0,0,54.336
1004892000,1004892000,0.9978438,0.04701023,0.043442406,-0.014818943,0.0,0.0,0.0,0.0,0,54.356
1004912000,1004912000,0.9976659,0.04848688,0.045950476,-0.014471818,0.0,0.0,0.0,0.0,0,54.376
1004932000,1004932000,0.9974898,0.04987301,0.048326273,-0.014156406,0.0,0.0,0.0,0.0,0,54.396
1004952000,1004952000,0.9973174,0.051159173,0.05057074,-0.01387289,0.0,0.0,0.0,0.0,0,54.416
1004972000,1004972000,0.9971494,0.05235273,0.052685305,-0.013621846,0.0,0.0,0.0,0.0,0,54.436
1004992000,1004992000,0.9969878,0.053438835,0.054671988,-0.013402914,0.0,0.0,0.0,0.0,0,54.456
1005012000,1005012000,0.9968329,0.05442682,0.05653546,-0.01321625,0.0,0.0,0.0,0.0,0,54.476
1005032000,1005032000,0.99668545,0.055318724,0.058278803,-0.013062152,0.0,0.0,0.0,0.0,0,54.496
1005052000,1005052000,0.9965462,0.05611627,0.059902377,-0.012940074,0.0,0.0,0.0,0.0,0,54.516
1005072000,1005072000,0.9964156,0.05682411,0.06140743,-0.012850251,0.0,0.0,0.0,0.0,0,54.536
1005092000,1005092000,0.9962942,0.05744794,0.06279416,-0.012792475,0.0,0.0,0.0,0.0,0,54.556
1005112000,1005112000,0.9961817,0.057992674,0.06407022,-0.012765902,0.0,0.0,0.0,0.0,0,54.576
1005132000,1005132000,0.996079,0.058456555,0.065233715,-0.012769685,0.0,0.0,0.0,0.0,0,54.596
1005152000,1005152000,0.9959849,0.05885469,0.066297345,-0.012803476,0.0,0.0,0.0,0.0,0,54.616
1005172000,1005172000,0.99590194,0.059167262,0.06724706,-0.012865905,0.0,0.0,0.0,0.0,0,54.636
1005192000,1005192000,0.99582905,0.059401665,0.06809688,-0.012955752,0.0,0.0,0.0,0.0,0,54.656
1005212000,1005212000,0.9957659,0.05956813,0.068848215,-0.013072171,0.0,0.0,0.0,0.0,0,54.676
1005232000,1005232000,0.9957128,0.059673987,0.06949442,-0.013214691,0.0,0.0,0.0,0.0,0,54.696
1005252000,1005252000,0.9956698,0.059710316,0.07004561,-0.013381144,0.0,0.0,0.0,0.0,0,54.716
1005272000,1005272000,0.99563575,0.059685428,0.070512936,-0.013570035,0.0,0.0,0.0,0.0,0,54.736
1005292000,1005292000,0.9956114,0.05959909,0.07088785,-0.013780112,0.0,0.0,0.0,0.0,0,54.756
1005312000,1005312000,0.99559647,0.059450768,0.07117674,-0.014009543,0.0,0.0,0.0,0.0,0,54.776
1005332000,1005332000,0.99559,0.05924829,0.07138698,-0.014256948,0.0,0.0,0.0,0.0,0,54.796
1005352000,1005352000,0.995592,0.058992453,0.07151762,-0.014520554,0.0,0.0,0.0,0.0,0,54.816
1005372000,1005372000,0.99560267,0.058679637,0.071569316,-0.014798738,0.0,0.0,0.0,0.0,0,54.836
1005392000,1005392000,0.99562085,0.05831484,0.07155393,-0.015089645,0.0,0.0,0.0,0.0,0,54.856
1005412000,1005412000,0.9956466,0.057902005,0.07146613,-0.015392303,0.0,0.0,0.0,0.0,0,54.876
1005432000,1005432000,0.99567956,0.05743761,0.071313106,-0.015704904,0.0,0.0,0.0,0.0,0,54.896
1005452000,1005452000,0.99571854,0.056932844,0.071102254,-0.016026095,0.0,0.0,0.0,0.0,0,54.916
1005472000,1005472000,0.99576366,0.05638713,0.07083006,-0.016354622,0.0,0.0,0.0,0.0,0,54.936
1005492000,1005492000,0.9958149,0.055802483,0.070493355,-0.016689178,0.0,0.0,0.0,0.0,0,54.956
1005512000,1005512000,0.9958722,0.05518434,0.07008796,-0.017029008,0.0,0.0,0.0,0.0,0,54.976
1005532000,1005532000,0.9959345,0.0545301,0.069630034,-0.017371958,0.0,0.0,0.0,0.0,0,54.996
1005552000,1005552000,0.99600154,0.053846855,0.06911274,-0.017717965,0.0,0.0,0.0,0.0,0,55.016
1005572000,1005572000,0.9960735,0.0531385,0.06853221,-0.018065814,0.0,0.0,0.0,0.0,0,55.036
1005592000,1005592000,0.9961492,0.05239816,0.06790682,-0.018412735,0.0,0.0,0.0,0.0,0,55.056
1005612000,1005612000,0.9962281,0.051633038,0.06723695,-0.018757794,0.0,0.0,0.0,0.0,0,55.076
1005632000,1005632000,0.99630994,0.05084288,0.06652713,-0.019099567,0.0,0.0,0.0,0.0,0,55.096
1005652000,1005652000,0.99639475,0.05002908,0.06577144,-0.019437635,0.0,0.0,0.0,0.0,0,55.116
1005672000,1005672000,0.99648106,0.04919396,0.064990245,-0.019770304,0.0,0.0,0.0,0.0,0,55.136
1005692000,1005692000,0.99656886,0.04833866,0.064179964,-0.020096995,0.0,0.0,0.0,0.0,0,55.156
1005712000,1005712000,0.99665827,0.047470804,0.063333265,-0.020417472,0.0,0.0,0.0,0.0,0,55.176
1005732000,1005732000,0.9967492,0.046589617,0.06244751,-0.02073077,0.0,0.0,0.0,0.0,0,55.196
1005752000,1005752000,0.9968411,0.045688607,0.06153928,-0.021034969,0.0,0.0,0.0,0.0,0,55.216
1005772000,1005772000,0.9969333,0.044770226,0.060612015,-0.02132962,0.0,0.0,0.0,0.0,0,55.236
1005792000,1005792000,0.9970252,0.043846466,0.059667055,-0.021614956,0.0,0.0,0.0,0.0,0,55.256
1005812000,1005812000,0.9971172,0.042912643,0.058699623,-0.021890093,0.0,0.0,0.0,0.0,0,55.276
1005832000,1005832000,0.99720955,0.041965805,0.05770874,-0.022154436,0.0,0.0,0.0,0.0,0,55.296
1005852000,1005852000,0.99730176,0.041003402,0.056700557,-0.022406809,0.0,0.0,0.0,0.0,0,55.316
1005872000,1005872000,0.9973927,0.040033158,0.055689987,-0.022647096,0.0,0.0,0.0,0.0,0,55.336
1005892000,1005892000,0.9974822,0.03905893,0.05467675,-0.022875914,0.0,0.0,0.0,0.0,0,55.356
1005912000,1005912000,0.9975705,0.038082868,0.053652707,-0.023093285,0.0,0.0,0.0,0.0,0,55.376
1005932000,1005932000,0.99765867,0.037100535,0.05260179,-0.023298912,0.0,0.0,0.0,0.0,0,55.396
1005952000,1005952000,0.99774534,0.036117483,0.051546153,-0.023492066,0.0,0.0,0.0,0.0,0,55.416
1005972000,1005972000,0.9978306,0.035130642,0.050483644,-0.023672545,0.0,0.0,0.0,0.0,0,55.436
1005992000,1005992000,0.99791414,0.034133777,0.049426794,-0.023839239,0.0,0.0,0.0,0.0,0,55.456
1006012000,1006012000,0.9979958,0.033133358,0.04837369,-0.023993019,0.0,0.0,0.0,0.0,0,55.476
1006032000,1006032000,0.99807596,0.03213687,0.047309592,-0.024134837,0.0,0.0,0.0,0.0,0,55.496
1006052000,1006052000,0.99815446,0.031138007,0.04624337,-0.024264196,0.0,0.0,0.0,0.0,0,55.516
1006072000,1006072000,0.9982311,0.030140484,0.045175094,-0.02438158,0.0,0.0,0.0,0.0,0,55.536
1006092000,1006092000,0.9983056,0.02914322,0.044114146,-0.024487576,0.0,0.0,0.0,0.0,0,55.556
1006112000,1006112000,0.99837786,0.028153207,0.04305675,-0.024582574,0.0,0.0,0.0,0.0,0,55.576
1006132000,1006132000,0.9984481,0.027171697,0.04199783,-0.024666779,0.0,0.0,0.0,0.0,0,55.596
1006152000,1006152000,0.9985159,0.026193347,0.040950228,-0.024740156,0.0,0.0,0.0,0.0,0,55.616
1006172000,1006172000,0.99858123,0.025220754,0.039916225,-0.024802886,0.0,0.0,0.0,0.0,0,55.636
1006192000,1006192000,0.9986444,0.024250854,0.038891908,-0.024855401,0.0,0.0,0.0,0.0,0,55.656
1006212000,1006212000,0.99870515,0.023284575,0.037882004,-0.024898151,0.0,0.0,0.0,0.0,0,55.676
1006232000,1006232000,0.9987641,0.022322202,0.036870472,-0.024932284,0.0,0.0,0.0,0.0,0,55.696
1006252000,1006252000,0.99882126,0.021360511,0.03586128,-0.02495803,0.0,0.0,0.0,0.0,0,55.716
1006272000,1006272000,0.99887645,0.02039953,0.034857057,-0.02497588,0.0,0.0,0.0,0.0,0,55.736
1006292000,1006292000,0.99892914,0.019448748,0.033868622,-0.024986623,0.0,0.0,0.0,0.0,0,55.756
1006312000,1006312000,0.9989796,0.018504342,0.03289095,-0.024990508,0.0,0.0,0.0,0.0,0,55.776
1006332000,1006332000,0.99902797,0.017568123,0.031925865,-0.02498763,0.0,0.0,0.0,0.0,0,55.796
1006352000,1006352000,0.9990743,0.016636223,0.030967524,-0.024978107,0.0,0.0,0.0,0.0,0,55.816
1006372000,1006372000,0.9991184,0.015716678,0.030023394,-0.024962524,0.0,0.0,0.0,0.0,0,55.836
1006392000,1006392000,0.99916023,0.014812127,0.029093754,-0.024941316,0.0,0.0,0.0,0.0,0,55.856
1006412000,1006412000,0.9991996,0.013929747,0.028184941,-0.02491515,0.0,0.0,0.0,0.0,0,55.876
1006432000,1006432000,0.9992373,0.013056838,0.02728022,-0.024884598,0.0,0.0,0.0,0.0,0,55.896
1006452000,1006452000,0.99927336,0.012196364,0.026373753,-0.024850292,0.0,0.0,0.0,0.0,0,55.916
1006472000,1006472000,0.99930805,0.01134862,0.025457937,-0.024812499,0.0,0.0,0.0,0.0,0,55.936
1006492000,1006492000,0.9993405,0.010522384,0.024564788,-0.02477135,0.0,0.0,0.0,0.0,0,55.956
1006512000,1006512000,0.999371,0.009717849,0.023681859,-0.024727348,0.0,0.0,0.0,0.0,0,55.976
1006532000,1006532000,0.99939966,0.008936903,0.022812504,-0.024680914,0.0,0.0,0.0,0.0,0,55.996
1006552000,1006552000,0.99942654,0.008167363,0.021961149,-0.024632124,0.0,0.0,0.0,0.0,0,56.016
1006572000,1006572000,0.9994516,0.0074138665,0.021129977,-0.024581546,0.0,0.0,0.0,0.0,0,56.036
1006592000,1006592000,0.9994752,0.0066684475,0.020303452,-0.024530007,0.0,0.0,0.0,0.0,0,56.056
1006612000,1006612000,0.9994974,0.0059369057,0.019482011,-0.02447826,0.0,0.0,0.0,0.0,0,56.076
1006632000,1006632000,0.99951816,0.0052254894,0.018672263,-0.024426509,0.0,0.0,0.0,0.0,0,56.096
1006652000,1006652000,0.9995372,0.004526977,0.017883828,-0.024374457,0.0,0.0,0.0,0.0,0,56.116
1006672000,1006672000,0.99955493,0.0038372981,0.017111221,-0.024322167,0.0,0.0,0.0,0.0,0,56.136
1006692000,1006692000,0.9995712,0.0031584278,0.0163568,-0.02426974,0.0,0.0,0.0,0.0,0,56.156
1006712000,1006712000,0.9995861,0.0024928951,0.015619363,-0.024217678,0.0,0.0,0.0,0.0,0,56.176
1006732000,1006732000,0.9995997,0.001849501,0.014904681,-0.02416631,0.0,0.0,0.0,0.0,0,56.196
1006752000,1006752000,0.999612,0.0012310488,0.014209225,-0.024115857,0.0,0.0,0.0,0.0,0,56.216
1006772000,1006772000,0.999623,0.00063571957,0.013543321,-0.024066271,0.0,0.0,0.0,0.0,0,56.236
1006792000,1006792000,0.99963295,5.0791285e-05,0.012893146,-0.024018051,0.0,0.0,0.0,0.0,0,56.256
1006812000,1006812000,0.9996419,-0.0005226836,0.012260077,-0.023971196,0.0,0.0,0.0,0.0,0,56.276
1006832000,1006832000,0.9996498,-0.0010871291,0.011647894,-0.023925342,0.0,0.0,0.0,0.0,0,56.296
1006852000,1006852000,0.999657,-0.0016275436,0.01104952,-0.023880688,0.0,0.0,0.0,0.0,0,56.316
1006872000,1006872000,0.99966335,-0.0021340363,0.01046199,-0.023837639,0.0,0.0,0.0,0.0,0,56.336
1006892000,1006892000,0.999669,-0.0026083353,0.009893962,-0.023795938,0.0,0.0,0.0,0.0,0,56.356
1006912000,1006912000,0.999674,-0.0030572817,0.009343065,-0.023756184,0.0,0.0,0.0,0.0,0,56.376
1006932000,1006932000,0.99967825,-0.003480925,0.008820095,-0.023718756,0.0,0.0,0.0,0.0,0,56.396
1006952000,1006952000,0.9996819,-0.003879543,0.008325732,-0.023683054,0.0,0.0,0.0,0.0,0,56.416
1006972000,1006972000,0.99968505,-0.0042498317,0.007844761,-0.023648657,0.0,0.0,0.0,0.0,0,56.436
1006992000,1006992000,0.9996879,-0.0045856196,0.0073806494,-0.023616282,0.0,0.0,0.0,0.0,0,56.456
1007012000,1007012000,0.99969035,-0.0049032755,0.0069270832,-0.023586472,0.0,0.0,0.0,0.0,0,56.476
1007032000,1007032000,0.9996924,-0.005212499,0.0064900527,-0.02355866,0.0,0.0,0.0,0.0,0,56.496
1007052000,1007052000,0.99969405,-0.005500769,0.006068732,-0.023532523,0.0,0.0,0.0,0.0,0,56.516
1007072000,1007072000,0.9996956,-0.00575936,0.005659476,-0.023508025,0.0,0.0,0.0,0.0,0,56.536
1007092000,1007092000,0.9996968,-0.0060082763,0.0052728946,-0.023485221,0.0,0.0,0.0,0.0,0,56.556
1007112000,1007112000,0.9996976,-0.006249704,0.004908784,-0.023463976,0.0,0.0,0.0,0.0,0,56.576
1007132000,1007132000,0.99969834,-0.0064799353,0.004556071,-0.023444064,0.0,0.0,0.0,0.0,0,56.596
1007152000,1007152000,0.9996988,-0.0066943523,0.0042170826,-0.023425795,0.0,0.0,0.0,0.0,0,56.616
1007172000,1007172000,0.9996992,-0.0068901037,0.0038992355,-0.02340961,0.0,0.0,0.0,0.0,0,56.636
1007192000,1007192000,0.9996994,-0.0070596333,0.0036105374,-0.02339565,0.0,0.0,0.0,0.0,0,56.656
1007212000,1007212000,0.99969953,-0.0072066677,0.0033426527,-0.02338343,0.0,0.0,0.0,0.0,0,56.676
1007232000,1007232000,0.99969965,-0.0073371152,0.0030912329,-0.023372512,0.0,0.0,0.0,0.0,0,56.696
1007252000,1007252000,0.99969983,-0.007448387,0.0028457528,-0.023362605,0.0,0.0,0.0,0.0,0,56.716
1007272000,1007272000,0.99969995,-0.007540206,0.0026106944,-0.023353955,0.0,0.0,0.0,0.0,0,56.736
1007292000,1007292000,0.9997001,-0.0076174517,0.002388232,-0.023346463,0.0,0.0,0.0,0.0,0,56.756
1007312000,1007312000,0.99970025,-0.007680673,0.002179323,-0.02334028,0.0,0.0,0.0,0.0,0,56.776
1007332000,1007332000,0.9997005,-0.0077171642,0.0019875418,-0.023335615,0.0,0.0,0.0,0.0,0,56.796
1007352000,1007352000,0.99970084,-0.007722403,0.0018150916,-0.02333257,0.0,0.0,0.0,0.0,0,56.816
1007372000,1007372000,0.9997012,-0.0077190264,0.001649453,-0.023330716,0.0,0.0,0.0,0.0,0,56.836
1007392000,1007392000,0.99970156,-0.007708925,0.0014887886,-0.023329802,0.0,0.0,0.0,0.0,0,56.856
1007412000,1007412000,0.9997019,-0.0076934784,0.0013284726,-0.023329383,0.0,0.0,0.0,0.0,0,56.876
1007432000,1007432000,0.9997023,-0.007669206,0.0011854356,-0.023329621,0.0,0.0,0.0,0.0,0,56.896
1007452000,1007452000,0.99970263,-0.0076394784,0.0010534074,-0.023330085,0.0,0.0,0.0,0.0,0,56.916
1007472000,1007472000,0.99970305,-0.0075981887,0.00093255535,-0.023330882,0.0,0.0,0.0,0.0,0,56.936
1007492000,1007492000,0.99970347,-0.0075544296,0.0008124487,-0.023331832,0.0,0.0,0.0,0.0,0,56.956
1007512000,1007512000,0.9997039,-0.007504595,0.0006944753,-0.023332732,0.0,0.0,0.0,0.0,0,56.976
1007532000,1007532000,0.9997044,-0.0074388254,0.0005993511,-0.023334183,0.0,0.0,0.0,0.0,0,56.996
1007552000,1007552000,0.999705,-0.007361426,0.0005214808,-0.02333603,0.0,0.0,0.0,0.0,0,57.016
1007572000,1007572000,0.9997056,-0.0072795656,0.00044461893,-0.02333784,0.0,0.0,0.0,0.0,0,57.036
1007592000,1007592000,0.9997062,-0.0071909716,0.0003736052,-0.023339082,0.0,0.0,0.0,0.0,0,57.056
1007612000,1007612000,0.9997069,-0.007091289,0.00031114806,-0.023339717,0.0,0.0,0.0,0.0,0,57.076
1007632000,1007632000,0.99970776,-0.0069797174,0.00025693685,-0.023339625,0.0,0.0,0.0,0.0,0,57.096
1007652000,1007652000,0.99970865,-0.006854261,0.00021274324,-0.023338918,0.0,0.0,0.0,0.0,0,57.116
1007672000,1007672000,0.99970955,-0.006722982,0.00017042788,-0.023338147,0.0,0.0,0.0,0.0,0,57.136
1007692000,1007692000,0.9997105,-0.006589025,0.00012684314,-0.023337226,0.0,0.0,0.0,0.0,0,57.156
1007712000,1007712000,0.99971145,-0.0064406493,9.2928036e-05,-0.023336548,0.0,0.0,0.0,0.0,0,57.176
1007732000,1007732000,0.99971247,-0.006286229,6.263608e-05,-0.023335867,0.0,0.0,0.0,0.0,0,57.196
1007752000,1007752000,0.9997134,-0.00613213,3.3759123e-05,-0.023335338,0.0,0.0,0.0,0.0,0,57.216
1007772000,1007772000,0.99971443,-0.005971234,9.878095e-06,-0.023335263,0.0,0.0,0.0,0.0,0,57.236
1007792000,1007792000,0.9997154,-0.0058082463,-1.0190073e-06,-0.023335071,0.0,0.0,0.0,0.0,0,57.256
1007812000,1007812000,0.9997163,-0.0056478432,-2.2175361e-06,-0.02333484,0.0,0.0,0.0,0.0,0,57.276
1007832000,1007832000,0.9997172,-0.0054885857,-1.6362332e-06,-0.023334585,0.0,0.0,0.0,0.0,0,57.296
1007852000,1007852000,0.99971807,-0.005331418,9.0679e-07,-0.023334026,0.0,0.0,0.0,0.0,0,57.316
1007872000,1007872000,0.9997189,-0.0051733158,5.562183e-06,-0.023332618,0.0,0.0,0.0,0.0,0,57.336
1007892000,1007892000,0.9997198,-0.0050138906,7.960114e-06,-0.023330081,0.0,0.0,0.0,0.0,0,57.356
1007912000,1007912000,0.99972063,-0.0048546796,1.2190233e-05,-0.02332667,0.0,0.0,0.0,0.0,0,57.376
1007932000,1007932000,0.9997215,-0.0046860888,1.3329919e-05,-0.023322852,0.0,0.0,0.0,0.0,0,57.396
1007952000,1007952000,0.9997224,-0.004520663,1.3702364e-05,-0.023318883,0.0,0.0,0.0,0.0,0,57.416
1007972000,1007972000,0.99972326,-0.0043528867,1.7138056e-05,-0.0233145,0.0,0.0,0.0,0.0,0,57.436
1007992000,1007992000,0.99972403,-0.004191599,8.640999e-06,-0.02330978,0.0,0.0,0.0,0.0,0,57.456
1008012000,1008012000,0.9997248,-0.004035876,5.297881e-06,-0.023305053,0.0,0.0,0.0,0.0,0,57.476
1008032000,1008032000,0.9997255,-0.003879946,6.9395333e-06,-0.02329998,0.0,0.0,0.0,0.0,0,57.496
1008052000,1008052000,0.99972624,-0.0037311327,-3.3341141e-06,-0.023294346,0.0,0.0,0.0,0.0,0,57.516
1008072000,1008072000,0.9997269,-0.003587135,-2.1537244e-05,-0.023288831,0.0,0.0,0.0,0.0,0,57.536
1008092000,1008092000,0.99972755,-0.0034434514,-4.2987656e-05,-0.023283374,0.0,0.0,0.0,0.0,0,57.556
1008112000,1008112000,0.99972814,-0.003301274,-6.1699255e-05,-0.023278425,0.0,0.0,0.0,0.0,0,57.576
1008132000,1008132000,0.9997287,-0.003162743,-7.7293924e-05,-0.02327382,0.0,0.0,0.0,0.0,0,57.596
1008152000,1008152000,0.9997292,-0.0030231185,-9.448588e-05,-0.023269368,0.0,0.0,0.0,0.0,0,57.616
1008172000,1008172000,0.99972975,-0.0028812522,-0.000114963485,-0.023265045,0.0,0.0,0.0,0.0,0,57.636
1008192000,1008192000,0.9997302,-0.0027392453,-0.0001357946,-0.023260996,0.0,0.0,0.0,0.0,0,57.656
1008212000,1008212000,0.99973065,-0.0026001225,-0.00015420158,-0.023257412,0.0,0.0,0.0,0.0,0,57.676
1008232000,1008232000,0.99973106,-0.0024661408,-0.0001670897,-0.023254402,0.0,0.0,0.0,0.0,0,57.696
1008252000,1008252000,0.9997315,-0.0023352392,-0.00017701443,-0.023251548,0.0,0.0,0.0,0.0,0,57.716
1008272000,1008272000,0.99973184,-0.0022034561,-0.00018742235,-0.023248913,0.0,0.0,0.0,0.0,0,57.736
1008292000,1008292000,0.99973214,-0.002070095,-0.0001994372,-0.023246331,0.0,0.0,0.0,0.0,0,57.756
1008312000,1008312000,0.9997325,-0.0019334877,-0.00021414785,-0.023243884,0.0,0.0,0.0,0.0,0,57.776
1008332000,1008332000,0.9997328,-0.0017978774,-0.0002274861,-0.023241794,0.0,0.0,0.0,0.0,0,57.796
1008352000,1008352000,0.9997331,-0.0016608892,-0.00024133206,-0.023239758,0.0,0.0,0.0,0.0,0,57.816
1008372000,1008372000,0.9997333,-0.0015233745,-0.00025514854,-0.023238149,0.0,0.0,0.0,0.0,0,57.836
1008392000,1008392000,0.99973357,-0.0013882824,-0.00026529582,-0.023236813,0.0,0.0,0.0,0.0,0,57.856
1008412000,1008412000,0.99973375,-0.0012544377,-0.00027332883,-0.023235796,0.0,0.0,0.0,0.0,0,57.876
1008432000,1008432000,0.9997339,-0.0011189369,-0.00028180622,-0.023234807,0.0,0.0,0.0,0.0,0,57.896
1008452000,1008452000,0.9997341,-0.0009803299,-0.0002925312,-0.023234032,0.0,0.0,0.0,0.0,0,57.916
1008472000,1008472000,0.9997342,-0.00084545434,-0.0002979357,-0.023233915,0.0,0.0,0.0,0.0,0,57.936
1008492000,1008492000,0.9997343,-0.0007149672,-0.0002975657,-0.023234032,0.0,0.0,0.0,0.0,0,57.956
1008512000,1008512000,0.9997344,-0.0005820557,-0.00029823717,-0.023234164,0.0,0.0,0.0,0.0,0,57.976
1008532000,1008532000,0.99973446,-0.00044520106,-0.0003012885,-0.023234386,0.0,0.0,0.0,0.0,0,57.996
1008552000,1008552000,0.9997345,-0.0003123,-0.00029241588,-0.023234608,0.0,0.0,0.0,0.0,0,58.016
1008572000,1008572000,0.9997345,-0.00018181543,-0.00027526176,-0.023234736,0.0,0.0,0.0,0.0,0,58.036
1008592000,1008592000,0.9997346,-4.9152877e-05,-0.00025732277,-0.023234883,0.0,0.0,0.0,0.0,0,58.056
1008612000,1008612000,0.9997345,8.592797e-05,-0.00024205081,-0.023235455,0.0,0.0,0.0,0.0,0,58.076
1008632000,1008632000,0.99973446,0.00023236066,-0.00021714868,-0.023236927,0.0,0.0,0.0,0.0,0,58.096
1008652000,1008652000,0.9997344,0.0003826783,-0.00019204673,-0.02323958,0.0,0.0,0.0,0.0,0,58.116
1008672000,1008672000,0.9997342,0.00052532525,-0.00017694697,-0.023243144,0.0,0.0,0.0,0.0,0,58.136
1008692000,1008692000,0.99973404,0.0006602803,-0.00015282104,-0.023247492,0.0,0.0,0.0,0.0,0,58.156
1008712000,1008712000,0.99973387,0.0007852065,-0.00012582135,-0.02325285,0.0,0.0,0.0,0.0,0,58.176
1008732000,1008732000,0.9997336,0.0008971523,-0.00010965705,-0.023259167,0.0,0.0,0.0,0.0,0,58.196
1008752000,1008752000,0.9997333,0.0009961578,-0.0001097092,-0.023266502,0.0,0.0,0.0,0.0,0,58.216
1008772000,1008772000,0.99973303,0.0010960725,-0.00011119965,-0.023274649,0.0,0.0,0.0,0.0,0,58.236
1008792000,1008792000,0.99973273,0.0011926036,-0.000101048754,-0.023283275,0.0,0.0,0.0,0.0,0,58.256
1008812000,1008812000,0.99973243,0.0012751886,-9.506488e-05,-0.023292745,0.0,0.0,0.0,0.0,0,58.276
1008832000,1008832000,0.9997321,0.0013425822,-0.000103926264,-0.023303088,0.0,0.0,0.0,0.0,0,58.296
1008852000,1008852000,0.9997318,0.0014006874,-0.0001253339,-0.023314185,0.0,0.0,0.0,0.0,0,58.316
1008872000,1008872000,0.9997314,0.0014546553,-0.0001361016,-0.023325644,0.0,0.0,0.0,0.0,0,58.336
1008892000,1008892000,0.99973106,0.0015003977,-0.00013400611,-0.02333751,0.0,0.0,0.0,0.0,0,58.356
1008912000,1008912000,0.9997307,0.0015335119,-0.0001383685,-0.023349917,0.0,0.0,0.0,0.0,0,58.376
1008932000,1008932000,0.9997304,0.0015528431,-0.0001449851,-0.023362162,0.0,0.0,0.0,0.0,0,58.396
1008952000,1008952000,0.9997301,0.0015628247,-0.00014952627,-0.023374721,0.0,0.0,0.0,0.0,0,58.416
1008972000,1008972000,0.9997298,0.0015575555,-0.00015703625,-0.023387011,0.0,0.0,0.0,0.0,0,58.436
1008992000,1008992000,0.9997296,0.0015383399,-0.00015982016,-0.023398928,0.0,0.0,0.0,0.0,0,58.456
1009012000,1009012000,0.99972934,0.0015141394,-0.00016163914,-0.023410676,0.0,0.0,0.0,0.0,0,58.476
1009032000,1009032000,0.9997291,0.0014889766,-0.00016406552,-0.023422109,0.0,0.0,0.0,0.0,0,58.496
1009052000,1009052000,0.99972886,0.0014565962,-0.00016295625,-0.023433259,0.0,0.0,0.0,0.0,0,58.516
1009072000,1009072000,0.9997287,0.0014156775,-0.00016508644,-0.023444435,0.0,0.0,0.0,0.0,0,58.536
1009092000,1009092000,0.9997285,0.0013723876,-0.000171117,-0.023455556,0.0,0.0,0.0,0.0,0,58.556
1009112000,1009112000,0.99972826,0.0013298813,-0.00018061885,-0.023466613,0.0,0.0,0.0,0.0,0,58.576
1009132000,1009132000,0.9997281,0.0012863491,-0.00019041922,-0.02347716,0.0,0.0,0.0,0.0,0,58.596
1009152000,1009152000,0.9997279,0.0012376363,-0.00019525488,-0.023487337,0.0,0.0,0.0,0.0,0,58.616
1009172000,1009172000,0.9997277,0.001187959,-0.00019954005,-0.023497337,0.0,0.0,0.0,0.0,0,58.636
1009192000,1009192000,0.99972755,0.0011395415,-0.00020527926,-0.023507224,0.0,0.0,0.0,0.0,0,58.656
1009212000,1009212000,0.99972737,0.0010929086,-0.00021326222,-0.023517122,0.0,0.0,0.0,0.0,0,58.676
1009232000,1009232000,0.9997272,0.001045862,-0.00022097792,-0.023527117,0.0,0.0,0.0,0.0,0,58.696
1009252000,1009252000,0.999727,0.0009980681,-0.00022834753,-0.02353702,0.0,0.0,0.0,0.0,0,58.716
1009272000,1009272000,0.99972683,0.00094392896,-0.0002293321,-0.023546664,0.0,0.0,0.0,0.0,0,58.736
1009292000,1009292000,0.99972665,0.000887964,-0.00022891728,-0.023556152,0.0,0.0,0.0,0.0,0,58.756
1009312000,1009312000,0.9997265,0.0008320938,-0.00022896932,-0.02356563,0.0,0.0,0.0,0.0,0,58.776
1009332000,1009332000,0.9997263,0.00077428995,-0.0002334816,-0.02357517,0.0,0.0,0.0,0.0,0,58.796
1009352000,1009352000,0.9997261,0.00069997425,-0.00025644404,-0.02358501,0.0,0.0,0.0,0.0,0,58.816
1009372000,1009372000,0.99972594,0.0006094026,-0.00028376796,-0.023595609,0.0,0.0,0.0,0.0,0,58.836
1009392000,1009392000,0.9997257,0.00050432706,-0.00030379233,-0.023606848,0.0,0.0,0.0,0.0,0,58.856
1009412000,1009412000,0.99972546,0.0003933097,-0.00032128344,-0.02361814,0.0,0.0,0.0,0.0,0,58.876
1009432000,1009432000,0.9997252,0.000281507,-0.00033970407,-0.023629468,0.0,0.0,0.0,0.0,0,58.896
1009452000,1009452000,0.999725,0.00017078978,-0.00036049876,-0.02364079,0.0,0.0,0.0,0.0,0,58.916
1009472000,1009472000,0.99972475,5.7432448e-05,-0.0003793034,-0.023652488,0.0,0.0,0.0,0.0,0,58.936
1009492000,1009492000,0.99972445,-5.9288574e-05,-0.00039531785,-0.023664225,0.0,0.0,0.0,0.0,0,58.956
1009512000,1009512000,0.99972415,-0.00017489152,-0.00041310684,-0.02367589,0.0,0.0,0.0,0.0,0,58.976
1009532000,1009532000,0.99972385,-0.00028831934,-0.0004337449,-0.023687478,0.0,0.0,0.0,0.0,0,58.996
1009552000,1009552000,0.9997235,-0.0003993211,-0.00045748777,-0.023698986,0.0,0.0,0.0,0.0,0,59.016
1009572000,1009572000,0.9997232,-0.00050786993,-0.0004842409,-0.023710411,0.0,0.0,0.0,0.0,0,59.036
1009592000,1009592000,0.99972284,-0.0006139357,-0.0005141218,-0.023721756,0.0,0.0,0.0,0.0,0,59.056
1009612000,1009612000,0.9997225,-0.0007175048,-0.0005469125,-0.023733055,0.0,0.0,0.0,0.0,0,59.076
1009632000,1009632000,0.9997221,-0.00081510516,-0.00057948305,-0.023744864,0.0,0.0,0.0,0.0,0,59.096
1009652000,1009652000,0.9997217,-0.00091524544,-0.0006181837,-0.023757432,0.0,0.0,0.0,0.0,0,59.116
1009672000,1009672000,0.9997213,-0.0010196747,-0.0006484399,-0.02377055,0.0,0.0,0.0,0.0,0,59.136
1009692000,1009692000,0.9997208,-0.0011199043,-0.00067158084,-0.023784526,0.0,0.0,0.0,0.0,0,59.156
1009712000,1009712000,0.99972034,-0.0012095657,-0.00070670666,-0.023798764,0.0,0.0,0.0,0.0,0,59.176
1009732000,1009732000,0.99971986,-0.0012907757,-0.00073427515,-0.023812922,0.0,0.0,0.0,0.0,0,59.196
1009752000,1009752000,0.99971944,-0.0013674292,-0.0007517731,-0.023827417,0.0,0.0,0.0,0.0,0,59.216
1009772000,1009772000,0.99971896,-0.0014340226,-0.0007759713,-0.023842162,0.0,0.0,0.0,0.0,0,59.236
1009792000,1009792000,0.9997185,-0.001493301,-0.00080609537,-0.02385677,0.0,0.0,0.0,0.0,0,59.256
1009812000,1009812000,0.99971807,-0.001545298,-0.00083734095,-0.023871241,0.0,0.0,0.0,0.0,0,59.276
1009832000,1009832000,0.9997176,-0.0015905965,-0.00087327947,-0.02388579,0.0,0.0,0.0,0.0,0,59.296
1009852000,1009852000,0.9997172,-0.0016238032,-0.00090814097,-0.02390027,0.0,0.0,0.0,0.0,0,59.316
1009872000,1009872000,0.99971676,-0.0016425768,-0.00093560055,-0.02391473,0.0,0.0,0.0,0.0,0,59.336
1009892000,1009892000,0.9997164,-0.001651385,-0.00095922133,-0.023929175,0.0,0.0,0.0,0.0,0,59.356
1009912000,1009912000,0.99971604,-0.001645379,-0.000983507,-0.02394408,0.0,0.0,0.0,0.0,0,59.376
1009932000,1009932000,0.9997156,-0.0016262601,-0.0010151173,-0.023959124,0.0,0.0,0.0,0.0,0,59.396
1009952000,1009952000,0.9997153,-0.0015988164,-0.0010483119,-0.023973847,0.0,0.0,0.0,0.0,0,59.416
1009972000,1009972000,0.999715,-0.0015630274,-0.0010797518,-0.023988327,0.0,0.0,0.0,0.0,0,59.436
1009992000,1009992000,0.9997147,-0.0015198868,-0.0011092909,-0.02400252,0.0,0.0,0.0,0.0,0,59.456
1010012000,1010012000,0.9997144,-0.0014697983,-0.001137528,-0.024016412,0.0,0.0,0.0,0.0,0,59.476
1010032000,1010032000,0.99971414,-0.0014121588,-0.0011634191,-0.024030073,0.0,0.0,0.0,0.0,0,59.496
1010052000,1010052000,0.99971384,-0.0013501326,-0.0011895355,-0.024043744,0.0,0.0,0.0,0.0,0,59.516
1010072000,1010072000,0.99971354,-0.0012885794,-0.001212566,-0.024057519,0.0,0.0,0.0,0.0,0,59.536
1010092000,1010092000,0.9997133,-0.0012239007,-0.0012342858,-0.02407113,0.0,0.0,0.0,0.0,0,59.556
1010112000,1010112000,0.999713,-0.0011553429,-0.0012563076,-0.02408464,0.0,0.0,0.0,0.0,0,59.576
1010132000,1010132000,0.99971277,-0.0010829952,-0.0012779011,-0.024098074,0.0,0.0,0.0,0.0,0,59.596
1010152000,1010152000,0.99971247,-0.0010082831,-0.0012939671,-0.02411151,0.0,0.0,0.0,0.0,0,59.616
1010172000,1010172000,0.9997122,-0.0009316863,-0.0013081776,-0.02412507,0.0,0.0,0.0,0.0,0,59.636
1010192000,1010192000,0.99971193,-0.0008586317,-0.0013156313,-0.024138946,0.0,0.0,0.0,0.0,0,59.656
1010212000,1010212000,0.99971163,-0.00078544527,-0.0013205574,-0.024152756,0.0,0.0,0.0,0.0,0,59.676
1010232000,1010232000,0.9997114,-0.00071076717,-0.0013240979,-0.024166657,0.0,0.0,0.0,0.0,0,59.696
1010252000,1010252000,0.9997111,-0.00063661166,-0.0013243,-0.024180517,0.0,0.0,0.0,0.0,0,59.716
1010272000,1010272000,0.9997108,-0.0005741147,-0.0013091592,-0.02419425,0.0,0.0,0.0,0.0,0,59.736
1010292000,1010292000,0.99971056,-0.00051717355,-0.0012852323,-0.024207838,0.0,0.0,0.0,0.0,0,59.756
1010312000,1010312000,0.99971026,-0.0004623355,-0.0012558474,-0.024221433,0.0,0.0,0.0,0.0,0,59.776
1010332000,1010332000,0.99971,-0.00040689547,-0.0012251359,-0.024234861,0.0,0.0,0.0,0.0,0,59.796
1010352000,1010352000,0.9997097,-0.0003530073,-0.001191832,-0.024248594,0.0,0.0,0.0,0.0,0,59.816
1010372000,1010372000,0.9997095,-0.0003077029,-0.0011509894,-0.024262387,0.0,0.0,0.0,0.0,0,59.836
1010392000,1010392000,0.9997092,-0.00027450058,-0.0011149078,-0.02427585,0.0,0.0,0.0,0.0,0,59.856
1010412000,1010412000,0.9997089,-0.00026203715,-0.0010809505,-0.024289163,0.0,0.0,0.0,0.0,0,59.876
1010432000,1010432000,0.99970865,-0.00025707163,-0.0010342852,-0.024302809,0.0,0.0,0.0,0.0,0,59.896
1010452000,1010452000,0.99970835,-0.0002488345,-0.0009764681,-0.024316534,0.0,0.0,0.0,0.0,0,59.916
1010472000,1010472000,0.99970806,-0.00023697098,-0.00091375946,-0.024330236,0.0,0.0,0.0,0.0,0,59.936
1010492000,1010492000,0.9997078,-0.00022138857,-0.0008489949,-0.024343874,0.0,0.0,0.0,0.0,0,59.956
1010512000,1010512000,0.9997075,-0.00020179995,-0.000783778,-0.024357485,0.0,0.0,0.0,0.0,0,59.976
1010532000,1010532000,0.9997073,-0.00017722217,-0.00071979733,-0.024371,0.0,0.0,0.0,0.0,0,59.996
1010552000,1010552000,0.999707,-0.00015125025,-0.00065890024,-0.024384258,0.0,0.0,0.0,0.0,0,60.016
1010572000,1010572000,0.9997067,-0.0001250698,-0.000601679,-0.024397202,0.0,0.0,0.0,0.0,0,60.036
1010592000,1010592000,0.99970645,-9.973437e-05,-0.0005518724,-0.024409793,0.0,0.0,0.0,0.0,0,60.056
1010612000,1010612000,0.99970615,-7.4334894e-05,-0.0005117044,-0.024422087,0.0,0.0,0.0,0.0,0,60.076
1010632000,1010632000,0.9997059,-4.2543856e-05,-0.00046684736,-0.024434162,0.0,0.0,0.0,0.0,0,60.096
1010652000,1010652000,0.9997056,-4.3206187e-06,-0.00041834905,-0.024446156,0.0,0.0,0.0,0.0,0,60.116
1010672000,1010672000,0.9997053,4.011914e-05,-0.00037252263,-0.02445799,0.0,0.0,0.0,0.0,0,60.136
1010692000,1010692000,0.9997051,8.713219e-05,-0.00032945475,-0.024469297,0.0,0.0,0.0,0.0,0,60.156
1010712000,1010712000,0.99970484,0.0001423679,-0.00028637398,-0.024480386,0.0,0.0,0.0,0.0,0,60.176
1010732000,1010732000,0.99970454,0.00020431643,-0.0002476708,-0.024491433,0.0,0.0,0.0,0.0,0,60.196
1010752000,1010752000,0.99970424,0.0002682459,-0.000205245,-0.024502313,0.0,0.0,0.0,0.0,0,60.216
1010772000,1010772000,0.999704,0.00033126393,-0.00015988483,-0.024513228,0.0,0.0,0.0,0.0,0,60.236
1010792000,1010792000,0.9997037,0.000396417,-0.000113674956,-0.024524072,0.0,0.0,0.0,0.0,0,60.256
1010812000,1010812000,0.9997034,0.0004649159,-6.703104e-05,-0.024534842,0.0,0.0,0.0,0.0,0,60.276
1010832000,1010832000,0.9997031,0.0005367459,-2.0483307e-05,-0.024545537,0.0,0.0,0.0,0.0,0,60.296
1010852000,1010852000,0.9997028,0.0006121145,2.6332566e-05,-0.024556162,0.0,0.0,0.0,0.0,0,60.316
1010872000,1010872000,0.9997025,0.0006907917,7.298192e-05,-0.024566712,0.0,0.0,0.0,0.0,0,60.336
1010892000,1010892000,0.99970216,0.0007729418,0.000119898126,-0.024577191,0.0,0.0,0.0,0.0,0,60.356
1010912000,1010912000,0.99970186,0.0008583183,0.00016660569,-0.024587631,0.0,0.0,0.0,0.0,0,60.376
1010932000,1010932000,0.9997015,0.0009412476,0.00020842694,-0.024598498,0.0,0.0,0.0,0.0,0,60.396
1010952000,1010952000,0.99970114,0.001009418,0.00024874194,-0.024608875,0.0,0.0,0.0,0.0,0,60.416
1010972000,1010972000,0.99970084,0.0010573226,0.0002950269,-0.024619156,0.0,0.0,0.0,0.0,0,60.436
1010992000,1010992000,0.99970055,0.001091166,0.0003406473,-0.024629474,0.0,0.0,0.0,0.0,0,60.456
1011012000,1011012000,0.99970025,0.0011188375,0.00038292,-0.024640195,0.0,0.0,0.0,0.0,0,60.476
1011032000,1011032000,0.99969995,0.001145537,0.00042320223,-0.024650985,0.0,0.0,0.0,0.0,0,60.496
1011052000,1011052000,0.9996996,0.0011731196,0.0004712202,-0.024661545,0.0,0.0,0.0,0.0,0,60.516
1011072000,1011072000,0.9996993,0.0011980284,0.00051320146,-0.024671739,0.0,0.0,0.0,0.0,0,60.536
1011092000,1011092000,0.999699,0.0012206015,0.00054803333,-0.024681974,0.0,0.0,0.0,0.0,0,60.556
1011112000,1011112000,0.9996987,0.0012407271,0.0005851257,-0.024692282,0.0,0.0,0.0,0.0,0,60.576
1011132000,1011132000,0.9996984,0.0012622083,0.0006229803,-0.024702527,0.0,0.0,0.0,0.0,0,60.596
1011152000,1011152000,0.9996981,0.001286038,0.0006606892,-0.024712706,0.0,0.0,0.0,0.0,0,60.616
1011172000,1011172000,0.9996978,0.001312522,0.0006981461,-0.024722816,0.0,0.0,0.0,0.0,0,60.636
1011192000,1011192000,0.9996975,0.0013369494,0.00073082483,-0.024733199,0.0,0.0,0.0,0.0,0,60.656
1011212000,1011212000,0.9996972,0.0013459846,0.00074602047,-0.024744067,0.0,0.0,0.0,0.0,0,60.676
1011232000,1011232000,0.9996969,0.0013468603,0.00075064506,-0.024755104,0.0,0.0,0.0,0.0,0,60.696
1011252000,1011252000,0.9996966,0.0013457097,0.00075054227,-0.024766177,0.0,0.0,0.0,0.0,0,60.716
1011272000,1011272000,0.9996964,0.0013449893,0.00074806385,-0.024777226,0.0,0.0,0.0,0.0,0,60.736
1011292000,1011292000,0.9996961,0.0013457066,0.00074418733,-0.024788225,0.0,0.0,0.0,0.0,0,60.756
1011312000,1011312000,0.99969584,0.0013474524,0.00073346763,-0.024799725,0.0,0.0,0.0,0.0,0,60.776
1011332000,1011332000,0.999687,0.0017648143,0.0039858688,-0.024817903,0.0,0.0,0.0,0.0,0,60.796
1011352000,1011352000,0.99956274,0.0033125547,0.015966227,-0.024849834,0.0,0.0,0.0,0.0,0,60.816
1011372000,1011372000,0.99904126,0.005929141,0.03564077,-0.02490392,0.0,0.0,0.0,0.0,0,60.836
1011392000,1011392000,0.9978598,0.009337928,0.059778426,-0.024987143,0.0,0.0,0.0,0.0,0,60.856
1011412000,1011412000,0.9959216,0.013228942,0.085695796,-0.02511027,0.0,0.0,0.0,0.0,0,60.876
1011432000,1011432000,0.99325335,0.01735516,0.11187719,-0.025282117,0.0,0.0,0.0,0.0,0,60.896
1011452000,1011452000,0.98994255,0.021576507,0.13750058,-0.025512975,0.0,0.0,0.0,0.0,0,60.916
1011472000,1011472000,0.9861313,0.025779285,0.16193603,-0.025813695,0.0,0.0,0.0,0.0,0,60.936
1011492000,1011492000,0.98198384,0.02982524,0.1847746,-0.026184564,0.0,0.0,0.0,0.0,0,60.956
1011512000,1011512000,0.9776559,0.03369976,0.20579782,-0.026638819,0.0,0.0,0.0,0.0,0,60.976
1011532000,1011532000,0.97329164,0.03731074,0.22490503,-0.027168773,0.0,0.0,0.0,0.0,0,60.996
1011552000,1011552000,0.96898586,0.040673904,0.24217632,-0.02778008,0.0,0.0,0.0,0.0,0,61.016
1011572000,1011572000,0.9648491,0.043740198,0.25758836,-0.028466158,0.0,0.0,0.0,0.0,0,61.036
1011592000,1011592000,0.96092767,0.046533775,0.27130714,-0.02922677,0.0,0.0,0.0,0.0,0,61.056
1011612000,1011612000,0.9572725,0.049058165,0.2834221,-0.030059045,0.0,0.0,0.0,0.0,0,61.076
1011632000,1011632000,0.9538914,0.051317837,0.29412362,-0.030952586,0.0,0.0,0.0,0.0,0,61.096
1011652000,1011652000,0.9508057,0.05332959,0.30350563,-0.031904705,0.0,0.0,0.0,0.0,0,61.116
1011672000,1011672000,0.94800156,0.05511377,0.31173965,-0.032908108,0.0,0.0,0.0,0.0,0,61.136
1011692000,1011692000,0.9454751,0.0566854,0.3189352,-0.033957083,0.0,0.0,0.0,0.0,0,61.156
1011712000,1011712000,0.9432021,0.058061216,0.3252382,-0.03504282,0.0,0.0,0.0,0.0,0,61.176
1011732000,1011732000,0.9411766,0.059265573,0.3307196,-0.036164314,0.0,0.0,0.0,0.0,0,61.196
1011752000,1011752000,0.9394338,0.06028778,0.33532968,-0.037317824,0.0,0.0,0.0,0.0,0,61.216
1011772000,1011772000,0.93804634,0.061110925,0.33891153,-0.03850478,0.0,0.0,0.0,0.0,0,61.236
1011792000,1011792000,0.93704474,0.061715577,0.3414236,-0.03971579,0.0,0.0,0.0,0.0,0,61.256
1011812000,1011812000,0.9364418,0.062096722,0.34286094,-0.040942527,0.0,0.0,0.0,0.0,0,61.276
1011832000,1011832000,0.93621945,0.062255494,0.34328985,-0.042172506,0.0,0.0,0.0,0.0,0,61.296
1011852000,1011852000,0.9363562,0.062201697,0.34277388,-0.043395936,0.0,0.0,0.0,0.0,0,61.316
1011872000,1011872000,0.9368251,0.061946217,0.3413812,-0.04460256,0.0,0.0,0.0,0.0,0,61.336
1011892000,1011892000,0.93759876,0.061511602,0.3391719,-0.045786783,0.0,0.0,0.0,0.0,0,61.356
1011912000,1011912000,0.93865794,0.060908917,0.33618003,-0.046941258,0.0,0.0,0.0,0.0,0,61.376
1011932000,1011932000,0.9399706,0.060152866,0.33247033,-0.048057467,0.0,0.0,0.0,0.0,0,61.396
1011952000,1011952000,0.94152236,0.05925784,0.32805383,-0.049131665,0.0,0.0,0.0,0.0,0,61.416
1011972000,1011972000,0.9432844,0.058239356,0.32298,-0.050157543,0.0,0.0,0.0,0.0,0,61.436
1011992000,1011992000,0.9452439,0.057102796,0.31725082,-0.051129498,0.0,0.0,0.0,0.0,0,61.456
1012012000,1012012000,0.947363,0.055857062,0.3109413,-0.05203778,0.0,0.0,0.0,0.0,0,61.476
1012032000,1012032000,0.94963026,0.054503374,0.3040476,-0.052876495,0.0,0.0,0.0,0.0,0,61.496
1012052000,1012052000,0.9520125,0.05305746,0.29662937,-0.053640116,0.0,0.0,0.0,0.0,0,61.516
1012072000,1012072000,0.95449936,0.0515126,0.28867915,-0.054321792,0.0,0.0,0.0,0.0,0,61.536
1012092000,1012092000,0.9570599,0.0498875,0.280251,-0.05491858,0.0,0.0,0.0,0.0,0,61.556
1012112000,1012112000,0.95968586,0.048167285,0.27133068,-0.055422734,0.0,0.0,0.0,0.0,0,61.576
1012132000,1012132000,0.9623419,0.046370957,0.26199183,-0.05583119,0.0,0.0,0.0,0.0,0,61.596
1012152000,1012152000,0.965018,0.044474706,0.2522305,-0.056135282,0.0,0.0,0.0,0.0,0,61.616
1012172000,1012172000,0.9676841,0.042517383,0.24210481,-0.056339767,0.0,0.0,0.0,0.0,0,61.636
1012192000,1012192000,0.97033083,0.040462792,0.23161423,-0.05643406,0.0,0.0,0.0,0.0,0,61.656
1012212000,1012212000,0.9729288,0.038349517,0.22082642,-0.056423057,0.0,0.0,0.0,0.0,0,61.676
1012232000,1012232000,0.9754702,0.036133308,0.20974277,-0.056296803,0.0,0.0,0.0,0.0,0,61.696
1012252000,1012252000,0.9779316,0.033868585,0.19841465,-0.056065585,0.0,0.0,0.0,0.0,0,61.716
1012272000,1012272000,0.98030394,0.031513553,0.18685646,-0.05572159,0.0,0.0,0.0,0.0,0,61.736
1012292000,1012292000,0.98256737,0.029122489,0.17511988,-0.055275165,0.0,0.0,0.0,0.0,0,61.756
1012312000,1012312000,0.9847149,0.026643101,0.16322269,-0.054718714,0.0,0.0,0.0,0.0,0,61.776
1012332000,1012332000,0.98673147,0.02413576,0.1512107,-0.05406377,0.0,0.0,0.0,0.0,0,61.796
1012352000,1012352000,0.98860896,0.021557253,0.13912284,-0.053305883,0.0,0.0,0.0,0.0,0,61.816
1012372000,1012372000,0.9903438,0.018951874,0.12695454,-0.052455653,0.0,0.0,0.0,0.0,0,61.836
1012392000,1012392000,0.99193007,0.016286874,0.114739016,-0.051512975,0.0,0.0,0.0,0.0,0,61.856
1012412000,1012412000,0.99336165,0.013589979,0.10250957,-0.050486088,0.0,0.0,0.0,0.0,0,61.876
1012432000,1012432000,0.99463224,0.010857403,0.09033058,-0.049379162,0.0,0.0,0.0,0.0,0,61.896
1012452000,1012452000,0.99574333,0.008096281,0.07820176,-0.04819985,0.0,0.0,0.0,0.0,0,61.916
1012472000,1012472000,0.9966937,0.0053278734,0.066162035,-0.04695712,0.0,0.0,0.0,0.0,0,61.936
1012492000,1012492000,0.99748266,0.0025413297,0.05428128,-0.045657,0.0,0.0,0.0,0.0,0,61.956
1012512000,1012512000,0.99811417,-0.00022437033,0.04258875,-0.044309363,0.0,0.0,0.0,0.0,0,61.976
1012532000,1012532000,0.99859303,-0.0029963742,0.031142306,-0.042920627,0.0,0.0,0.0,0.0,0,61.996
1012552000,1012552000,0.9989275,-0.0057271924,0.019948674,-0.041499823,0.0,0.0,0.0,0.0,0,62.016
1012572000,1012572000,0.9991252,-0.008436789,0.009078867,-0.040053874,0.0,0.0,0.0,0.0,0,62.036
1012592000,1012592000,0.99919707,-0.011088046,-0.0014718819,-0.038590543,0.0,0.0,0.0,0.0,0,62.056
1012612000,1012612000,0.9991536,-0.013709401,-0.011637195,-0.037117902,0.0,0.0,0.0,0.0,0,62.076
1012632000,1012632000,0.9990069,-0.016272403,-0.021425737,-0.035643227,0.0,0.0,0.0,0.0,0,62.096
1012652000,1012652000,0.99876904,-0.018775344,-0.030807214,-0.034173943,0.0,0.0,0.0,0.0,0,62.116
1012672000,1012672000,0.9984516,-0.021196852,-0.039797317,-0.032716252,0.0,0.0,0.0,0.0,0,62.136
1012692000,1012692000,0.99806607,-0.02354031,-0.048382774,-0.031276975,0.0,0.0,0.0,0.0,0,62.156
1012712000,1012712000,0.9976236,-0.025797132,-0.056559727,-0.029862395,0.0,0.0,0.0,0.0,0,62.176
1012732000,1012732000,0.9971348,-0.027959315,-0.0643318,-0.028477823,0.0,0.0,0.0,0.0,0,62.196
1012752000,1012752000,0.9966098,-0.030028343,-0.071695685,-0.027128665,0.0,0.0,0.0,0.0,0,62.216
1012772000,1012772000,0.9960577,-0.031995147,-0.07866325,-0.025818912,0.0,0.0,0.0,0.0,0,62.236
1012792000,1012792000,0.99548733,-0.033861127,-0.08523249,-0.024553398,0.0,0.0,0.0,0.0,0,62.256
1012812000,1012812000,0.9949065,-0.035615627,-0.09141755,-0.023334661,0.0,0.0,0.0,0.0,0,62.276
1012832000,1012832000,0.9943228,-0.037264887,-0.09721742,-0.022166805,0.0,0.0,0.0,0.0,0,62.296
1012852000,1012852000,0.99374163,-0.038795263,-0.1026572,-0.02105073,0.0,0.0,0.0,0.0,0,62.316
1012872000,1012872000,0.9931695,-0.04021183,-0.107735224,-0.019989833,0.0,0.0,0.0,0.0,0,62.336
1012892000,1012892000,0.99261165,-0.041516703,-0.11245922,-0.01898634,0.0,0.0,0.0,0.0,0,62.356
1012912000,1012912000,0.9920722,-0.04270931,-0.11684254,-0.018041559,0.0,0.0,0.0,0.0,0,62.376
1012932000,1012932000,0.99155384,-0.043785244,-0.1209075,-0.017155338,0.0,0.0,0.0,0.0,0,62.396
1012952000,1012952000,0.9910599,-0.044748403,-0.124660626,-0.016329003,0.0,0.0,0.0,0.0,0,62.416
1012972000,1012972000,0.99059296,-0.045599464,-0.12811375,-0.015563083,0.0,0.0,0.0,0.0,0,62.436
1012992000,1012992000,0.99015534,-0.0463388,-0.13127632,-0.014857148,0.0,0.0,0.0,0.0,0,62.456
1013012000,1013012000,0.98974824,-0.046970483,-0.13416164,-0.014211169,0.0,0.0,0.0,0.0,0,62.476
1013032000,1013032000,0.9893731,-0.04749425,-0.13677977,-0.013624238,0.0,0.0,0.0,0.0,0,62.496
1013052000,1013052000,0.9890311,-0.04791513,-0.13913773,-0.013096202,0.0,0.0,0.0,0.0,0,62.516
1013072000,1013072000,0.98872304,-0.048235074,-0.1412438,-0.012626107,0.0,0.0,0.0,0.0,0,62.536
1013092000,1013092000,0.9884501,-0.04845772,-0.14310214,-0.012213153,0.0,0.0,0.0,0.0,0,62.556
1013112000,1013112000,0.98821235,-0.048588824,-0.14472067,-0.011856176,0.0,0.0,0.0,0.0,0,62.576
1013132000,1013132000,0.9880098,-0.048627812,-0.14610806,-0.011552825,0.0,0.0,0.0,0.0,0,62.596
1013152000,1013152000,0.98784286,-0.048579887,-0.14726792,-0.011302171,0.0,0.0,0.0,0.0,0,62.616
1013172000,1013172000,0.987711,-0.048448645,-0.14820772,-0.011101995,0.0,0.0,0.0,0.0,0,62.636
1013192000,1013192000,0.9876123,-0.048228167,-0.14894708,-0.010948016,0.0,0.0,0.0,0.0,0,62.656
1013212000,1013212000,0.98754513,-0.047923665,-0.14949778,-0.010837979,0.0,0.0,0.0,0.0,0,62.676
1013232000,1013232000,0.98750895,-0.047541056,-0.14986333,-0.010769811,0.0,0.0,0.0,0.0,0,62.696
1013252000,1013252000,0.9875033,-0.047085598,-0.15004635,-0.010741579,0.0,0.0,0.0,0.0,0,62.716
1013272000,1013272000,0.9875265,-0.046566486,-0.15005523,-0.010751633,0.0,0.0,0.0,0.0,0,62.736
1013292000,1013292000,0.98757684,-0.045986805,-0.1498991,-0.010797049,0.0,0.0,0.0,0.0,0,62.756
1013312000,1013312000,0.9876529,-0.04534462,-0.1495876,-0.010874221,0.0,0.0,0.0,0.0,0,62.776
1013332000,1013332000,0.9877534,-0.044643786,-0.14912662,-0.010980433,0.0,0.0,0.0,0.0,0,62.796
1013352000,1013352000,0.98787755,-0.04389091,-0.14851649,-0.011113867,0.0,0.0,0.0,0.0,0,62.816
1013372000,1013372000,0.98802286,-0.04309508,-0.14776896,-0.011272524,0.0,0.0,0.0,0.0,0,62.836
1013392000,1013392000,0.9881886,-0.04226014,-0.14688507,-0.011453818,0.0,0.0,0.0,0.0,0,62.856
1013412000,1013412000,0.9883726,-0.041386835,-0.14587642,-0.011654196,0.0,0.0,0.0,0.0,0,62.876
1013432000,1013432000,0.988574,-0.040479865,-0.14474443,-0.011871386,0.0,0.0,0.0,0.0,0,62.896
1013452000,1013452000,0.9887907,-0.039548736,-0.14349742,-0.012103822,0.0,0.0,0.0,0.0,0,62.916
1013472000,1013472000,0.9890222,-0.03858985,-0.14213578,-0.012348204,0.0,0.0,0.0,0.0,0,62.936
1013492000,1013492000,0.98926586,-0.037610825,-0.14067274,-0.01260233,0.0,0.0,0.0,0.0,0,62.956
1013512000,1013512000,0.989521,-0.036614083,-0.13910861,-0.012863739,0.0,0.0,0.0,0.0,0,62.976
1013532000,1013532000,0.9897851,-0.035607178,-0.13745679,-0.013130746,0.0,0.0,0.0,0.0,0,62.996
1013552000,1013552000,0.9900579,-0.034590557,-0.13571416,-0.013401316,0.0,0.0,0.0,0.0,0,63.016
1013572000,1013572000,0.99033767,-0.033574056,-0.13388887,-0.013674177,0.0,0.0,0.0,0.0,0,63.036
1013592000,1013592000,0.9906241,-0.032554533,-0.13197954,-0.01394707,0.0,0.0,0.0,0.0,0,63.056
1013612000,1013612000,0.9909152,-0.03153387,-0.12999856,-0.014218151,0.0,0.0,0.0,0.0,0,63.076
1013632000,1013632000,0.99121016,-0.03051012,-0.1279485,-0.014485184,0.0,0.0,0.0,0.0,0,63.096
1013652000,1013652000,0.99150616,-0.029487854,-0.12584776,-0.014746478,0.0,0.0,0.0,0.0,0,63.116
1013672000,1013672000,0.99180424,-0.028463248,-0.12368602,-0.015000037,0.0,0.0,0.0,0.0,0,63.136
1013692000,1013692000,0.9921026,-0.027440855,-0.121474855,-0.0152447065,0.0,0.0,0.0,0.0,0,63.156
1013712000,1013712000,0.9924009,-0.02642084,-0.119213685,-0.015479495,0.0,0.0,0.0,0.0,0,63.176
1013732000,1013732000,0.99269736,-0.025414368,-0.11691272,-0.015704356,0.0,0.0,0.0,0.0,0,63.196
1013752000,1013752000,0.9929918,-0.02441461,-0.11457285,-0.01591742,0.0,0.0,0.0,0.0,0,63.216
1013772000,1013772000,0.993283,-0.023428392,-0.11220226,-0.016118407,0.0,0.0,0.0,0.0,0,63.236
1013792000,1013792000,0.99357057,-0.022450697,-0.10980288,-0.016306015,0.0,0.0,0.0,0.0,0,63.256
1013812000,1013812000,0.9938534,-0.021486865,-0.10738358,-0.016480172,0.0,0.0,0.0,0.0,0,63.276
1013832000,1013832000,0.99413145,-0.020531882,-0.1049447,-0.016639538,0.0,0.0,0.0,0.0,0,63.296
1013852000,1013852000,0.99440384,-0.019595362,-0.1024908,-0.0167848,0.0,0.0,0.0,0.0,0,63.316
1013872000,1013872000,0.99467057,-0.018668402,-0.10002447,-0.016914979,0.0,0.0,0.0,0.0,0,63.336
1013892000,1013892000,0.9949306,-0.017753437,-0.097555086,-0.017029969,0.0,0.0,0.0,0.0,0,63.356
1013912000,1013912000,0.9951837,-0.01684796,-0.09508559,-0.017129509,0.0,0.0,0.0,0.0,0,63.376
1013932000,1013932000,0.9954294,-0.015962716,-0.092618816,-0.01721467,0.0,0.0,0.0,0.0,0,63.396
1013952000,1013952000,0.9956683,-0.015093939,-0.090150826,-0.01728535,0.0,0.0,0.0,0.0,0,63.416
1013972000,1013972000,0.9958997,-0.014243358,-0.08768843,-0.017341994,0.0,0.0,0.0,0.0,0,63.436
1013992000,1013992000,0.996123,-0.013402511,-0.0852422,-0.01738413,0.0,0.0,0.0,0.0,0,63.456
1014012000,1014012000,0.99633795,-0.01257622,-0.082815565,-0.017412389,0.0,0.0,0.0,0.0,0,63.476
1014032000,1014032000,0.996545,-0.011758184,-0.080406256,-0.01742678,0.0,0.0,0.0,0.0,0,63.496
1014052000,1014052000,0.9967441,-0.010955453,-0.07801596,-0.017428236,0.0,0.0,0.0,0.0,0,63.516
1014072000,1014072000,0.99693525,-0.010162624,-0.07564811,-0.017416626,0.0,0.0,0.0,0.0,0,63.536
1014092000,1014092000,0.99711776,-0.0093861725,-0.0733125,-0.017393006,0.0,0.0,0.0,0.0,0,63.556
1014112000,1014112000,0.9972921,-0.008619579,-0.071007244,-0.017357608,0.0,0.0,0.0,0.0,0,63.576
1014132000,1014132000,0.9974586,-0.0078619085,-0.068731666,-0.017311085,0.0,0.0,0.0,0.0,0,63.596
1014152000,1014152000,0.9976172,-0.0071069174,-0.06648928,-0.017253434,0.0,0.0,0.0,0.0,0,63.616
1014172000,1014172000,0.997768,-0.006360729,-0.064282864,-0.017185766,0.0,0.0,0.0,0.0,0,63.636
1014192000,1014192000,0.9979112,-0.005620753,-0.062112585,-0.017108424,0.0,0.0,0.0,0.0,0,63.656
1014212000,1014212000,0.99804664,-0.0048954166,-0.05998541,-0.01702261,0.0,0.0,0.0,0.0,0,63.676
1014232000,1014232000,0.99817485,-0.004176414,-0.05789681,-0.016928622,0.0,0.0,0.0,0.0,0,63.696
1014252000,1014252000,0.9982959,-0.0034651405,-0.055849716,-0.016827432,0.0,0.0,0.0,0.0,0,63.716
1014272000,1014272000,0.99840975,-0.0027594664,-0.053850867,-0.01671943,0.0,0.0,0.0,0.0,0,63.736
1014292000,1014292000,0.9985167,-0.0020699964,-0.051898938,-0.01660558,0.0,0.0,0.0,0.0,0,63.756
1014312000,1014312000,0.99861735,-0.0013911676,-0.04998797,-0.016486427,0.0,0.0,0.0,0.0,0,63.776
1014332000,1014332000,0.9987118,-0.00073396094,-0.048120275,-0.0163632,0.0,0.0,0.0,0.0,0,63.796
1014352000,1014352000,0.9988001,-9.580206e-05,-0.046301942,-0.016236283,0.0,0.0,0.0,0.0,0,63.816
1014372000,1014372000,0.9988823,0.00052564964,-0.044537596,-0.016106362,0.0,0.0,0.0,0.0,0,63.836
1014392000,1014392000,0.9989591,0.0011360947,-0.042817138,-0.015973797,0.0,0.0,0.0,0.0,0,63.856
1014412000,1014412000,0.9990309,0.0017265383,-0.04114015,-0.01583935,0.0,0.0,0.0,0.0,0,63.876
1014432000,1014432000,0.99909765,0.0022997549,-0.039511587,-0.015703235,0.0,0.0,0.0,0.0,0,63.896
1014452000,1014452000,0.9991596,0.0028569887,-0.037930936,-0.0155661125,0.0,0.0,0.0,0.0,0,63.916
1014472000,1014472000,0.99921733,0.0034047659,-0.036389396,-0.015428126,0.0,0.0,0.0,0.0,0,63.936
1014492000,1014492000,0.999271,0.0039362493,-0.034889817,-0.015290117,0.0,0.0,0.0,0.0,0,63.956
1014512000,1014512000,0.9993207,0.0044473037,-0.033434,-0.015152632,0.0,0.0,0.0,0.0,0,63.976
1014532000,1014532000,0.9993666,0.004931661,-0.032026682,-0.015016675,0.0,0.0,0.0,0.0,0,63.996
1014552000,1014552000,0.99940896,0.0053938716,-0.030663986,-0.014882691,0.0,0.0,0.0,0.0,0,64.016
1014572000,1014572000,0.9994482,0.0058273845,-0.029341446,-0.014750874,0.0,0.0,0.0,0.0,0,64.036
1014592000,1014592000,0.99948436,0.006239803,-0.028061235,-0.014621039,0.0,0.0,0.0,0.0,0,64.056
1014612000,1014612000,0.9995175,0.0066255657,-0.026829941,-0.014493802,0.0,0.0,0.0,0.0,0,64.076
1014632000,1014632000,0.99954814,0.0069891224,-0.02563823,-0.014369552,0.0,0.0,0.0,0.0,0,64.096
1014652000,1014652000,0.99957615,0.0073289154,-0.024491327,-0.014248654,0.0,0.0,0.0,0.0,0,64.116
1014672000,1014672000,0.9996017,0.007651225,-0.023393542,-0.014131183,0.0,0.0,0.0,0.0,0,64.136
1014692000,1014692000,0.99962515,0.007948553,-0.02233814,-0.014017485,0.0,0.0,0.0,0.0,0,64.156
1014712000,1014712000,0.99964684,0.008223071,-0.021313788,-0.01390755,0.0,0.0,0.0,0.0,0,64.176
1014732000,1014732000,0.99966687,0.008472371,-0.020322125,-0.013801978,0.0,0.0,0.0,0.0,0,64.196
1014752000,1014752000,0.99968517,0.008703611,-0.019370776,-0.013700712,0.0,0.0,0.0,0.0,0,64.216
1014772000,1014772000,0.99970186,0.0089194225,-0.018458236,-0.013603314,0.0,0.0,0.0,0.0,0,64.236
1014792000,1014792000,0.999717,0.009124472,-0.017585143,-0.013509862,0.0,0.0,0.0,0.0,0,64.256
1014812000,1014812000,0.9997309,0.009307578,-0.016747562,-0.013420903,0.0,0.0,0.0,0.0,0,64.276
1014832000,1014832000,0.99974364,0.00947123,-0.01594225,-0.013336654,0.0,0.0,0.0,0.0,0,64.296
1014852000,1014852000,0.9997554,0.009611639,-0.015171795,-0.013257376,0.0,0.0,0.0,0.0,0,64.316
1014872000,1014872000,0.9997658,0.009738042,-0.014448927,-0.013183109,0.0,0.0,0.0,0.0,0,64.336
1014892000,1014892000,0.99977523,0.009852317,-0.013770075,-0.013113181,0.0,0.0,0.0,0.0,0,64.356
1014912000,1014912000,0.99978375,0.00995654,-0.013121354,-0.013047407,0.0,0.0,0.0,0.0,0,64.376
1014932000,1014932000,0.9997915,0.010052678,-0.012504881,-0.012985861,0.0,0.0,0.0,0.0,0,64.396
1014952000,1014952000,0.9997984,0.010144135,-0.011925067,-0.0129286405,0.0,0.0,0.0,0.0,0,64.416
1014972000,1014972000,0.9998047,0.010217689,-0.0113786245,-0.012876142,0.0,0.0,0.0,0.0,0,64.436
1014992000,1014992000,0.99981046,0.010279904,-0.010860354,-0.012828287,0.0,0.0,0.0,0.0,0,64.456
1015012000,1015012000,0.9998157,0.010323408,-0.010374776,-0.012784962,0.0,0.0,0.0,0.0,0,64.476
1015032000,1015032000,0.99982053,0.010351847,-0.009919225,-0.012745549,0.0,0.0,0.0,0.0,0,64.496
1015052000,1015052000,0.999825,0.010366451,-0.009489901,-0.012709796,0.0,0.0,0.0,0.0,0,64.516
1015072000,1015072000,0.9998292,0.010369239,-0.009083657,-0.0126776835,0.0,0.0,0.0,0.0,0,64.536
1015092000,1015092000,0.9998331,0.010356998,-0.008697804,-0.01264909,0.0,0.0,0.0,0.0,0,64.556
1015112000,1015112000,0.99983674,0.010332942,-0.00833354,-0.012623885,0.0,0.0,0.0,0.0,0,64.576
1015132000,1015132000,0.99984026,0.010294158,-0.007989362,-0.012602262,0.0,0.0,0.0,0.0,0,64.596
1015152000,1015152000,0.9998436,0.010238131,-0.0076596485,-0.012584189,0.0,0.0,0.0,0.0,0,64.616
1015172000,1015172000,0.99984694,0.010165499,-0.0073429774,-0.012569428,0.0,0.0,0.0,0.0,0,64.636
1015192000,1015192000,0.99985003,0.010078311,-0.0070502325,-0.012557915,0.0,0.0,0.0,0.0,0,64.656
1015212000,1015212000,0.99985313,0.009975021,-0.006772723,-0.01254926,0.0,0.0,0.0,0.0,0,64.676
1015232000,1015232000,0.99985605,0.009865642,-0.0065042363,-0.012543063,0.0,0.0,0.0,0.0,0,64.696
1015252000,1015252000,0.9998589,0.009741402,-0.0062539945,-0.012539609,0.0,0.0,0.0,0.0,0,64.716
1015272000,1015272000,0.9998617,0.009608453,-0.006014238,-0.0125385625,0.0,0.0,0.0,0.0,0,64.736
1015292000,1015292000,0.99986434,0.009469084,-0.005782965,-0.012540063,0.0,0.0,0.0,0.0,0,64.756
1015312000,1015312000,0.99986696,0.009322758,-0.0055615427,-0.0125440005,0.0,0.0,0.0,0.0,0,64.776
1015332000,1015332000,0.99986947,0.009169506,-0.0053483956,-0.012550246,0.0,0.0,0.0,0.0,0,64.796
1015352000,1015352000,0.9998719,0.009007803,-0.0051378994,-0.01255825,0.0,0.0,0.0,0.0,0,64.816
1015372000,1015372000,0.9998745,0.008831201,-0.004923885,-0.012568193,0.0,0.0,0.0,0.0,0,64.836
1015392000,1015392000,0.9998769,0.008641645,-0.004722032,-0.01257991,0.0,0.0,0.0,0.0,0,64.856
1015412000,1015412000,0.9998793,0.008450121,-0.0045333398,-0.0125927795,0.0,0.0,0.0,0.0,0,64.876
1015432000,1015432000,0.99988157,0.008251065,-0.004347167,-0.0126068145,0.0,0.0,0.0,0.0,0,64.896
1015452000,1015452000,0.9998838,0.008052809,-0.004170931,-0.0126220165,0.0,0.0,0.0,0.0,0,64.916
1015472000,1015472000,0.99988586,0.007854635,-0.003999249,-0.012638503,0.0,0.0,0.0,0.0,0,64.936
1015492000,1015492000,0.9998878,0.0076513053,-0.003832987,-0.012656056,0.0,0.0,0.0,0.0,0,64.956
1015512000,1015512000,0.99988973,0.0074416636,-0.0036939138,-0.012674692,0.0,0.0,0.0,0.0,0,64.976
1015532000,1015532000,0.9998915,0.0072258664,-0.003565497,-0.012694124,0.0,0.0,0.0,0.0,0,64.996
1015552000,1015552000,0.99989337,0.006996673,-0.0034306392,-0.012714443,0.0,0.0,0.0,0.0,0,65.016
1015572000,1015572000,0.99989516,0.0067640925,-0.003301031,-0.012735396,0.0,0.0,0.0,0.0,0,65.036
1015592000,1015592000,0.99989676,0.0065274495,-0.0031877246,-0.0127570005,0.0,0.0,0.0,0.0,0,65.056
1015612000,1015612000,0.9998984,0.0062870793,-0.003078694,-0.012779132,0.0,0.0,0.0,0.0,0,65.076
1015632000,1015632000,0.9999,0.006032794,-0.0029654591,-0.012801844,0.0,0.0,0.0,0.0,0,65.096
1015652000,1015652000,0.99990153,0.0057699527,-0.0028644733,-0.012824961,0.0,0.0,0.0,0.0,0,65.116
1015672000,1015672000,0.99990296,0.0055093584,-0.002768937,-0.012848801,0.0,0.0,0.0,0.0,0,65.136
1015692000,1015692000,0.99990433,0.0052460944,-0.0026769002,-0.012873544,0.0,0.0,0.0,0.0,0,65.156
1015712000,1015712000,0.9999056,0.0049865176,-0.0025876688,-0.012898207,0.0,0.0,0.0,0.0,0,65.176
1015732000,1015732000,0.99990666,0.0047349734,-0.0025109604,-0.012922731,0.0,0.0,0.0,0.0,0,65.196
1015752000,1015752000,0.9999077,0.004491885,-0.0024333624,-0.012947442,0.0,0.0,0.0,0.0,0,65.216
1015772000,1015772000,0.99990857,0.0042503607,-0.0023630005,-0.01297223,0.0,0.0,0.0,0.0,0,65.236
1015792000,1015792000,0.9999094,0.0040063644,-0.0023076967,-0.01299699,0.0,0.0,0.0,0.0,0,65.256
1015812000,1015812000,0.9999101,0.003769819,-0.0022519052,-0.013022153,0.0,0.0,0.0,0.0,0,65.276
1015832000,1015832000,0.9999108,0.0035431343,-0.002183874,-0.013047202,0.0,0.0,0.0,0.0,0,65.296
1015852000,1015852000,0.99991137,0.0033249466,-0.0021147206,-0.01307173,0.0,0.0,0.0,0.0,0,65.316
1015872000,1015872000,0.99991184,0.0031142384,-0.0020512263,-0.013095532,0.0,0.0,0.0,0.0,0,65.336
1015892000,1015892000,0.99991226,0.0029073502,-0.001994076,-0.013118942,0.0,0.0,0.0,0.0,0,65.356
1015912000,1015912000,0.9999127,0.0026979244,-0.0019378967,-0.013142101,0.0,0.0,0.0,0.0,0,65.376
1015932000,1015932000,0.99991304,0.0024840946,-0.0018822347,-0.0131648695,0.0,0.0,0.0,0.0,0,65.396
1015952000,1015952000,0.99991333,0.0022724841,-0.0018336442,-0.013186756,0.0,0.0,0.0,0.0,0,65.416
1015972000,1015972000,0.9999136,0.0020671508,-0.0017971734,-0.013207919,0.0,0.0,0.0,0.0,0,65.436
1015992000,1015992000,0.99991375,0.0018617042,-0.0017656746,-0.01322872,0.0,0.0,0.0,0.0,0,65.456
1016012000,1016012000,0.99991393,0.0016541255,-0.00173346,-0.013249103,0.0,0.0,0.0,0.0,0,65.476
1016032000,1016032000,0.99991405,0.0014429059,-0.0016968464,-0.013269081,0.0,0.0,0.0,0.0,0,65.496
1016052000,1016052000,0.9999141,0.0012354961,-0.0016554712,-0.013288398,0.0,0.0,0.0,0.0,0,65.516
1016072000,1016072000,0.99991417,0.0010413629,-0.001626454,-0.013307341,0.0,0.0,0.0,0.0,0,65.536
1016092000,1016092000,0.9999141,0.00086581963,-0.0016027668,-0.01332573,0.0,0.0,0.0,0.0,0,65.556
1016112000,1016112000,0.99991405,0.00070560334,-0.0015785678,-0.013343101,0.0,0.0,0.0,0.0,0,65.576
1016132000,1016132000,0.99991393,0.0005510914,-0.0015536256,-0.013359236,0.0,0.0,0.0,0.0,0,65.596
1016152000,1016152000,0.9999139,0.00040355235,-0.0015355675,-0.013374376,0.0,0.0,0.0,0.0,0,65.616
1016172000,1016172000,0.9999137,0.00025854824,-0.0015233249,-0.013389019,0.0,0.0,0.0,0.0,0,65.636
1016192000,1016192000,0.9999136,0.000114886425,-0.0015165377,-0.013402837,0.0,0.0,0.0,0.0,0,65.656
1016212000,1016212000,0.9999134,-2.7171345e-05,-0.0015164994,-0.013415727,0.0,0.0,0.0,0.0,0,65.676
1016232000,1016232000,0.9999132,-0.00017436498,-0.0015144486,-0.013428054,0.0,0.0,0.0,0.0,0,65.696
1016252000,1016252000,0.99991304,-0.00031340937,-0.0015141785,-0.013439802,0.0,0.0,0.0,0.0,0,65.716
1016272000,1016272000,0.99991286,-0.00044744142,-0.0015165797,-0.013451135,0.0,0.0,0.0,0.0,0,65.736
1016292000,1016292000,0.9999126,-0.00058223464,-0.0015201024,-0.013462159,0.0,0.0,0.0,0.0,0,65.756
1016312000,1016312000,0.9999124,-0.0007171564,-0.0015255811,-0.01347272,0.0,0.0,0.0,0.0,0,65.776
1016332000,1016332000,0.99991214,-0.0008429325,-0.0015379258,-0.01348263,0.0,0.0,0.0,0.0,0,65.796
1016352000,1016352000,0.99991184,-0.0009565497,-0.001548098,-0.013492614,0.0,0.0,0.0,0.0,0,65.816
1016372000,1016372000,0.9999116,-0.0010634462,-0.001554093,-0.013502381,0.0,0.0,0.0,0.0,0,65.836
1016392000,1016392000,0.99991137,-0.0011561274,-0.0015717265,-0.013511738,0.0,0.0,0.0,0.0,0,65.856
1016412000,1016412000,0.9999111,-0.0012348581,-0.0015921768,-0.01352101,0.0,0.0,0.0,0.0,0,65.876
1016432000,1016432000,0.99991083,-0.0012997735,-0.0016203398,-0.013530001,0.0,0.0,0.0,0.0,0,65.896
1016452000,1016452000,0.9999106,-0.0013544256,-0.001654859,-0.013538481,0.0,0.0,0.0,0.0,0,65.916
1016472000,1016472000,0.9999104,-0.0014038715,-0.0016844271,-0.013546466,0.0,0.0,0.0,0.0,0,65.936
1016492000,1016492000,0.9999102,-0.0014389731,-0.0017160134,-0.0135541,0.0,0.0,0.0,0.0,0,65.956
1016512000,1016512000,0.99991,-0.00145506,-0.0017464515,-0.013561328,0.0,0.0,0.0,0.0,0,65.976
1016532000,1016532000,0.9999098,-0.0014617946,-0.0017765532,-0.01356878,0.0,0.0,0.0,0.0,0,65.996
1016552000,1016552000,0.9999097,-0.0014596942,-0.0018140501,-0.0135762105,0.0,0.0,0.0,0.0,0,66.016
1016572000,1016572000,0.9999095,-0.0014450962,-0.0018546329,-0.013583889,0.0,0.0,0.0,0.0,0,66.036
1016592000,1016592000,0.9999094,-0.0014137231,-0.0018993228,-0.013591624,0.0,0.0,0.0,0.0,0,66.056
1016612000,1016612000,0.9999093,-0.0013646982,-0.0019374436,-0.013598847,0.0,0.0,0.0,0.0,0,66.076
1016632000,1016632000,0.99990916,-0.00130923,-0.0019722637,-0.01360579,0.0,0.0,0.0,0.0,0,66.096
1016652000,1016652000,0.9999091,-0.0012579437,-0.0020164463,-0.013612086,0.0,0.0,0.0,0.0,0,66.116
1016672000,1016672000,0.999909,-0.0012035433,-0.0020649922,-0.013618188,0.0,0.0,0.0,0.0,0,66.136
1016692000,1016692000,0.99990886,-0.001136164,-0.0021171432,-0.013624056,0.0,0.0,0.0,0.0,0,66.156
1016712000,1016712000,0.99990875,-0.0010674178,-0.0021783444,-0.013629128,0.0,0.0,0.0,0.0,0,66.176
1016732000,1016732000,0.9999086,-0.0010050915,-0.0022377758,-0.013633219,0.0,0.0,0.0,0.0,0,66.196
1016752000,1016752000,0.9999085,-0.0009503027,-0.0022824088,-0.013636515,0.0,0.0,0.0,0.0,0,66.216
1016772000,1016772000,0.99990845,-0.00089340366,-0.0023232875,-0.013638757,0.0,0.0,0.0,0.0,0,66.236
1016792000,1016792000,0.9999084,-0.0008285365,-0.0023704662,-0.013640085,0.0,0.0,0.0,0.0,0,66.256
1016812000,1016812000,0.99990827,-0.0007598521,-0.002421524,-0.01364103,0.0,0.0,0.0,0.0,0,66.276
1016832000,1016832000,0.9999082,-0.00069336285,-0.0024709173,-0.0136418175,0.0,0.0,0.0,0.0,0,66.296
1016852000,1016852000,0.99990815,-0.00063065987,-0.0025173353,-0.013642138,0.0,0.0,0.0,0.0,0,66.316
1016872000,1016872000,0.9999081,-0.00057428103,-0.002554769,-0.013641692,0.0,0.0,0.0,0.0,0,66.336
1016892000,1016892000,0.99990803,-0.0005092402,-0.0025898882,-0.013640461,0.0,0.0,0.0,0.0,0,66.356
1016912000,1016912000,0.99990803,-0.0004388483,-0.002616944,-0.013638686,0.0,0.0,0.0,0.0,0,66.376
1016932000,1016932000,0.99990803,-0.00036933905,-0.0026254505,-0.013636631,0.0,0.0,0.0,0.0,0,66.396
1016952000,1016952000,0.9999081,-0.0003025293,-0.0026418718,-0.013634345,0.0,0.0,0.0,0.0,0,66.416
1016972000,1016972000,0.99990803,-0.00023566,-0.0026654336,-0.013631992,0.0,0.0,0.0,0.0,0,66.436
1016992000,1016992000,0.9999081,-0.0001710494,-0.0026656773,-0.013629581,0.0,0.0,0.0,0.0,0,66.456
1017012000,1017012000,0.9999082,-0.000107903,-0.0026502663,-0.013627184,0.0,0.0,0.0,0.0,0,66.476
1017032000,1017032000,0.9999082,-4.9155864e-05,-0.0026458097,-0.013624767,0.0,0.0,0.0,0.0,0,66.496
1017052000,1017052000,0.99990827,6.2868457e-06,-0.0026354068,-0.013622256,0.0,0.0,0.0,0.0,0,66.516
1017072000,1017072000,0.9999084,6.4275766e-05,-0.0026035123,-0.013619712,0.0,0.0,0.0,0.0,0,66.536
1017092000,1017092000,0.9999085,0.000120908306,-0.002567014,-0.013617315,0.0,0.0,0.0,0.0,0,66.556
1017112000,1017112000,0.9999086,0.00017549764,-0.0025367467,-0.0136150895,0.0,0.0,0.0,0.0,0,66.576
1017132000,1017132000,0.99990875,0.00023561828,-0.0025007247,-0.013612974,0.0,0.0,0.0,0.0,0,66.596
1017152000,1017152000,0.9999088,0.00029718308,-0.0024664428,-0.0136111155,0.0,0.0,0.0,0.0,0,66.616
1017172000,1017172000,0.9999089,0.00035519776,-0.0024290811,-0.013609229,0.0,0.0,0.0,0.0,0,66.636
1017192000,1017192000,0.99990904,0.00041060307,-0.0023759806,-0.013607085,0.0,0.0,0.0,0.0,0,66.656
1017212000,1017212000,0.9999092,0.0004659299,-0.0023128625,-0.013605319,0.0,0.0,0.0,0.0,0,66.676
1017232000,1017232000,0.99990934,0.00052424247,-0.0022523117,-0.01360406,0.0,0.0,0.0,0.0,0,66.696
1017252000,1017252000,0.99990946,0.00058329717,-0.0021932658,-0.013603069,0.0,0.0,0.0,0.0,0,66.716
1017272000,1017272000,0.9999095,0.00064202666,-0.0021385625,-0.013602548,0.0,0.0,0.0,0.0,0,66.736
1017292000,1017292000,0.99990964,0.0006990903,-0.0020842075,-0.013602373,0.0,0.0,0.0,0.0,0,66.756
1017312000,1017312000,0.9999097,0.0007568016,-0.0020309228,-0.013602753,0.0,0.0,0.0,0.0,0,66.776
1017332000,1017332000,0.9999097,0.0008171595,-0.0019884051,-0.013603754,0.0,0.0,0.0,0.0,0,66.796
1017352000,1017352000,0.9999097,0.0008781581,-0.0019529917,-0.013605166,0.0,0.0,0.0,0.0,0,66.816
1017372000,1017372000,0.9999097,0.00092853716,-0.001914189,-0.013606772,0.0,0.0,0.0,0.0,0,66.836
1017392000,1017392000,0.9999097,0.0009716406,-0.0018879847,-0.013608358,0.0,0.0,0.0,0.0,0,66.856
1017412000,1017412000,0.99990964,0.0010159232,-0.0018696153,-0.013610329,0.0,0.0,0.0,0.0,0,66.876
1017432000,1017432000,0.99990964,0.0010638115,-0.0018438356,-0.013612534,0.0,0.0,0.0,0.0,0,66.896
1017452000,1017452000,0.99990964,0.0010973766,-0.0018123996,-0.013615117,0.0,0.0,0.0,0.0,0,66.916
1017472000,1017472000,0.99990964,0.0011124733,-0.001783039,-0.013618373,0.0,0.0,0.0,0.0,0,66.936
1017492000,1017492000,0.9999096,0.001125413,-0.0017464749,-0.0136220595,0.0,0.0,0.0,0.0,0,66.956
1017512000,1017512000,0.9999096,0.0011367468,-0.0017164263,-0.013625955,0.0,0.0,0.0,0.0,0,66.976
1017532000,1017532000,0.9999096,0.0011467951,-0.0016807609,-0.013630193,0.0,0.0,0.0,0.0,0,66.996
1017552000,1017552000,0.9999096,0.0011541117,-0.0016325068,-0.013634599,0.0,0.0,0.0,0.0,0,67.016
1017572000,1017572000,0.9999096,0.0011564606,-0.0015874353,-0.013639489,0.0,0.0,0.0,0.0,0,67.036
1017592000,1017592000,0.9999096,0.0011522274,-0.0015355203,-0.013645216,0.0,0.0,0.0,0.0,0,67.056
1017612000,1017612000,0.99990964,0.0011374274,-0.0014886237,-0.013651429,0.0,0.0,0.0,0.0,0,67.076
1017632000,1017632000,0.9999096,0.001127826,-0.0014395586,-0.013658354,0.0,0.0,0.0,0.0,0,67.096
1017652000,1017652000,0.9999096,0.0011153573,-0.0013906825,-0.013666125,0.0,0.0,0.0,0.0,0,67.116
1017672000,1017672000,0.9999096,0.0010989867,-0.0013355219,-0.01367482,0.0,0.0,0.0,0.0,0,67.136
1017692000,1017692000,0.9999095,0.0010775157,-0.001272973,-0.013683933,0.0,0.0,0.0,0.0,0,67.156
1017712000,1017712000,0.9999095,0.0010573829,-0.001213552,-0.013692416,0.0,0.0,0.0,0.0,0,67.176
1017732000,1017732000,0.99990946,0.0010410834,-0.0011600995,-0.013700629,0.0,0.0,0.0,0.0,0,67.196
1017752000,1017752000,0.99990946,0.0010204496,-0.001092661,-0.013708825,0.0,0.0,0.0,0.0,0,67.216
1017772000,1017772000,0.99990946,0.0009949228,-0.0010162098,-0.013717057,0.0,0.0,0.0,0.0,0,67.236
1017792000,1017792000,0.99990946,0.00096389477,-0.0009492952,-0.013725557,0.0,0.0,0.0,0.0,0,67.256
1017812000,1017812000,0.9999094,0.0009307424,-0.00087789644,-0.013734503,0.0,0.0,0.0,0.0,0,67.276
1017832000,1017832000,0.9999094,0.000892096,-0.00081338943,-0.01374364,0.0,0.0,0.0,0.0,0,67.296
1017852000,1017852000,0.99990934,0.0008521265,-0.000741273,-0.013752795,0.0,0.0,0.0,0.0,0,67.316
1017872000,1017872000,0.99990934,0.0008062872,-0.0006547241,-0.013761836,0.0,0.0,0.0,0.0,0,67.336
1017892000,1017892000,0.9999093,0.00075444125,-0.0005661779,-0.013770819,0.0,0.0,0.0,0.0,0,67.356
1017912000,1017912000,0.9999093,0.00070189213,-0.0004674558,-0.013779559,0.0,0.0,0.0,0.0,0,67.376
1017932000,1017932000,0.9999092,0.0006479112,-0.0003709911,-0.013788293,0.0,0.0,0.0,0.0,0,67.396
1017952000,1017952000,0.99990916,0.00058585196,-0.00028197773,-0.013796734,0.0,0.0,0.0,0.0,0,67.416
1017972000,1017972000,0.9999091,0.00052481005,-0.00018366057,-0.013804827,0.0,0.0,0.0,0.0,0,67.436
1017992000,1017992000,0.99990904,0.00046181175,-8.38834e-05,-0.013812935,0.0,0.0,0.0,0.0,0,67.456
1018012000,1018012000,0.999909,0.00039283992,9.097751e-06,-0.013820996,0.0,0.0,0.0,0.0,0,67.476
1018032000,1018032000,0.99990886,0.0003238677,0.00011667834,-0.013828927,0.0,0.0,0.0,0.0,0,67.496
1018052000,1018052000,0.99990875,0.0002551871,0.00022887164,-0.013836865,0.0,0.0,0.0,0.0,0,67.516
1018072000,1018072000,0.9999086,0.00018766294,0.00033496803,-0.013845127,0.0,0.0,0.0,0.0,0,67.536
1018092000,1018092000,0.9999085,0.0001302348,0.00044137592,-0.013853695,0.0,0.0,0.0,0.0,0,67.556
1018112000,1018112000,0.9999083,7.2614785e-05,0.0005326264,-0.01386248,0.0,0.0,0.0,0.0,0,67.576
1018132000,1018132000,0.99990815,1.2915213e-05,0.0006175046,-0.013871779,0.0,0.0,0.0,0.0,0,67.596
1018152000,1018152000,0.999908,-4.9502254e-05,0.0007235464,-0.01388104,0.0,0.0,0.0,0.0,0,67.616
1018172000,1018172000,0.99990773,-0.00011618776,0.0008333262,-0.013890217,0.0,0.0,0.0,0.0,0,67.636
1018192000,1018192000,0.9999075,-0.00018901625,0.0009263827,-0.013899239,0.0,0.0,0.0,0.0,0,67.656
1018212000,1018212000,0.99990726,-0.00026105432,0.00101297,-0.013908059,0.0,0.0,0.0,0.0,0,67.676
1018232000,1018232000,0.999907,-0.00033205302,0.0011043134,-0.013916863,0.0,0.0,0.0,0.0,0,67.696
1018252000,1018252000,0.9999068,-0.00039940924,0.0011928786,-0.0139255095,0.0,0.0,0.0,0.0,0,67.716
1018272000,1018272000,0.99990654,-0.00046780938,0.0012810166,-0.013934228,0.0,0.0,0.0,0.0,0,67.736
1018292000,1018292000,0.99990624,-0.00053720357,0.0013737644,-0.013943342,0.0,0.0,0.0,0.0,0,67.756
1018312000,1018312000,0.99990594,-0.0006123333,0.0014515839,-0.01395249,0.0,0.0,0.0,0.0,0,67.776
1018332000,1018332000,0.9999057,-0.0006928739,0.0015186121,-0.013961687,0.0,0.0,0.0,0.0,0,67.796
1018352000,1018352000,0.9999054,-0.00077026256,0.001583503,-0.013970625,0.0,0.0,0.0,0.0,0,67.816
1018372000,1018372000,0.9999051,-0.0008384763,0.0016470775,-0.0139794005,0.0,0.0,0.0,0.0,0,67.836
1018392000,1018392000,0.9999048,-0.0009024656,0.0017130068,-0.013988898,0.0,0.0,0.0,0.0,0,67.856
1018412000,1018412000,0.9999045,-0.0009727455,0.0017664533,-0.013998688,0.0,0.0,0.0,0.0,0,67.876
1018432000,1018432000,0.9999042,-0.0010399319,0.0018183736,-0.014008703,0.0,0.0,0.0,0.0,0,67.896
1018452000,1018452000,0.9999039,-0.0011101154,0.0018814926,-0.014018344,0.0,0.0,0.0,0.0,0,67.916
1018472000,1018472000,0.99990356,-0.0011892382,0.0019372917,-0.014027984,0.0,0.0,0.0,0.0,0,67.936
1018492000,1018492000,0.99990326,-0.0012699259,0.0019821972,-0.014037621,0.0,0.0,0.0,0.0,0,67.956
1018512000,1018512000,0.9999029,-0.0013529003,0.0020340197,-0.014047247,0.0,0.0,0.0,0.0,0,67.976
1018532000,1018532000,0.99990255,-0.0014400883,0.00209365,-0.01405696,0.0,0.0,0.0,0.0,0,67.996
1018552000,1018552000,0.9999021,-0.0015290219,0.0021494862,-0.014066883,0.0,0.0,0.0,0.0,0,68.016
1018572000,1018572000,0.9999017,-0.0016185418,0.0022046377,-0.01407708,0.0,0.0,0.0,0.0,0,68.036
1018592000,1018592000,0.9999013,-0.0017078428,0.0022593916,-0.014087707,0.0,0.0,0.0,0.0,0,68.056
1018612000,1018612000,0.9999009,-0.0017912752,0.0023082835,-0.014098964,0.0,0.0,0.0,0.0,0,68.076
1018632000,1018632000,0.99990046,-0.0018718324,0.0023543637,-0.0141103305,0.0,0.0,0.0,0.0,0,68.096
1018652000,1018652000,0.9999001,-0.001945612,0.002393745,-0.014121663,0.0,0.0,0.0,0.0,0,68.116
1018672000,1018672000,0.9998997,-0.002016989,0.0024308532,-0.01413264,0.0,0.0,0.0,0.0,0,68.136
1018692000,1018692000,0.9998993,-0.0020844538,0.0024642637,-0.01414298,0.0,0.0,0.0,0.0,0,68.156
1018712000,1018712000,0.99989897,-0.0021450575,0.0024908683,-0.014152435,0.0,0.0,0.0,0.0,0,68.176
1018732000,1018732000,0.99989873,-0.002195409,0.0025073092,-0.014160989,0.0,0.0,0.0,0.0,0,68.196
1018752000,1018752000,0.9998985,-0.0022372098,0.002515263,-0.014169017,0.0,0.0,0.0,0.0,0,68.216
1018772000,1018772000,0.99989825,-0.002272241,0.0025269839,-0.014177248,0.0,0.0,0.0,0.0,0,68.236
1018792000,1018792000,0.9998981,-0.0022946678,0.0025413665,-0.014184898,0.0,0.0,0.0,0.0,0,68.256
1018812000,1018812000,0.99989796,-0.0023033202,0.0025490657,-0.014191756,0.0,0.0,0.0,0.0,0,68.276
1018832000,1018832000,0.99989784,-0.0023015458,0.0025532865,-0.014197828,0.0,0.0,0.0,0.0,0,68.296
1018852000,1018852000,0.9998977,-0.0022973216,0.0025806364,-0.014203535,0.0,0.0,0.0,0.0,0,68.316
1018872000,1018872000,0.99989754,-0.0022951544,0.0026158416,-0.014209012,0.0,0.0,0.0,0.0,0,68.336
1018892000,1018892000,0.9998974,-0.0022962834,0.0026347816,-0.014214579,0.0,0.0,0.0,0.0,0,68.356
1018912000,1018912000,0.9998973,-0.002291824,0.0026453973,-0.014219966,0.0,0.0,0.0,0.0,0,68.376
1018932000,1018932000,0.99989724,-0.0022784136,0.0026694862,-0.014224937,0.0,0.0,0.0,0.0,0,68.396
1018952000,1018952000,0.9998971,-0.0022569278,0.0026927893,-0.014229905,0.0,0.0,0.0,0.0,0,68.416
1018972000,1018972000,0.99989706,-0.0022298074,0.0027026117,-0.014234943,0.0,0.0,0.0,0.0,0,68.436
1018992000,1018992000,0.99989706,-0.002189337,0.0027102435,-0.014240021,0.0,0.0,0.0,0.0,0,68.456
1019012000,1019012000,0.99989706,-0.0021463872,0.0027296047,-0.014244951,0.0,0.0,0.0,0.0,0,68.476
1019032000,1019032000,0.999897,-0.0021024505,0.002760429,-0.0142495055,0.0,0.0,0.0,0.0,0,68.496
1019052000,1019052000,0.99989694,-0.0020588858,0.0027918215,-0.014254194,0.0,0.0,0.0,0.0,0,68.516
1019072000,1019072000,0.9998969,-0.0020214543,0.0028214322,-0.014258864,0.0,0.0,0.0,0.0,0,68.536
1019092000,1019092000,0.99989676,-0.0019860142,0.0028495095,-0.01426336,0.0,0.0,0.0,0.0,0,68.556
1019112000,1019112000,0.9998967,-0.0019523402,0.0028784662,-0.014267841,0.0,0.0,0.0,0.0,0,68.576
1019132000,1019132000,0.99989665,-0.0019162819,0.002904818,-0.014272805,0.0,0.0,0.0,0.0,0,68.596
1019152000,1019152000,0.9998966,-0.00187154,0.002922828,-0.0142783495,0.0,0.0,0.0,0.0,0,68.616
1019172000,1019172000,0.9998966,-0.0018198839,0.0029342722,-0.014284306,0.0,0.0,0.0,0.0,0,68.636
1019192000,1019192000,0.9998966,-0.0017618595,0.0029400499,-0.014290551,0.0,0.0,0.0,0.0,0,68.656
1019212000,1019212000,0.9998966,-0.0017012738,0.0029438806,-0.014297126,0.0,0.0,0.0,0.0,0,68.676
1019232000,1019232000,0.9998966,-0.0016336843,0.002941655,-0.014304097,0.0,0.0,0.0,0.0,0,68.696
1019252000,1019252000,0.9998966,-0.0015618361,0.002940926,-0.014311145,0.0,0.0,0.0,0.0,0,68.716
1019272000,1019272000,0.9998995,-0.0016378491,0.0015495629,-0.014317086,0.0,0.0,0.0,0.0,0,68.736
1019292000,1019292000,0.99988323,-0.0023586939,-0.005654603,-0.014319844,0.0,0.0,0.0,0.0,0,68.756
1019312000,1019312000,0.99971837,-0.003818888,-0.018776944,-0.01432329,0.0,0.0,0.0,0.0,0,68.776
1019332000,1019332000,0.9992527,-0.0058590462,-0.035545338,-0.014332883,0.0,0.0,0.0,0.0,0,68.796
1019352000,1019352000,0.998418,-0.008315001,-0.05380942,-0.014355781,0.0,0.0,0.0,0.0,0,68.816
1019372000,1019372000,0.9972223,-0.011000093,-0.0723086,-0.014394954,0.0,0.0,0.0,0.0,0,68.836
1019392000,1019392000,0.99571294,-0.0137702795,-0.09036773,-0.014451763,0.0,0.0,0.0,0.0,0,68.856
1019412000,1019412000,0.99395317,-0.016569203,-0.10761298,-0.014530649,0.0,0.0,0.0,0.0,0,68.876
1019432000,1019432000,0.99203146,-0.019280555,-0.12368087,-0.014630045,0.0,0.0,0.0,0.0,0,68.896
1019452000,1019452000,0.99004555,-0.021863565,-0.13828693,-0.014753725,0.0,0.0,0.0,0.0,0,68.916
1019472000,1019472000,0.9880738,-0.024263814,-0.15135549,-0.01489832,0.0,0.0,0.0,0.0,0,68.936
1019492000,1019492000,0.9861931,-0.026447212,-0.1628064,-0.015062553,0.0,0.0,0.0,0.0,0,68.956
1019512000,1019512000,0.984461,-0.028387304,-0.17264843,-0.015243079,0.0,0.0,0.0,0.0,0,68.976
1019532000,1019532000,0.982922,-0.030080393,-0.18091486,-0.015438833,0.0,0.0,0.0,0.0,0,68.996
1019552000,1019552000,0.98160756,-0.03150593,-0.18766567,-0.01564361,0.0,0.0,0.0,0.0,0,69.016
1019572000,1019572000,0.98052585,-0.03267303,-0.19302674,-0.015854513,0.0,0.0,0.0,0.0,0,69.036
1019592000,1019592000,0.9796857,-0.03358259,-0.19707608,-0.016067512,0.0,0.0,0.0,0.0,0,69.056
1019612000,1019612000,0.97908515,-0.034249555,-0.19990814,-0.016281117,0.0,0.0,0.0,0.0,0,69.076
1019632000,1019632000,0.9787173,-0.034680653,-0.20161043,-0.016491326,0.0,0.0,0.0,0.0,0,69.096
1019652000,1019652000,0.9785688,-0.03489474,-0.20227656,-0.016697112,0.0,0.0,0.0,0.0,0,69.116
1019672000,1019672000,0.9786225,-0.034910116,-0.20199734,-0.016896563,0.0,0.0,0.0,0.0,0,69.136
1019692000,1019692000,0.97885805,-0.034738675,-0.20086643,-0.017086454,0.0,0.0,0.0,0.0,0,69.156
1019712000,1019712000,0.9792564,-0.034394108,-0.19895993,-0.017264772,0.0,0.0,0.0,0.0,0,69.176
1019732000,1019732000,0.9797997,-0.03389257,-0.19633931,-0.017430417,0.0,0.0,0.0,0.0,0,69.196
1019752000,1019752000,0.9804659,-0.033256527,-0.19308172,-0.017582953,0.0,0.0,0.0,0.0,0,69.216
1019772000,1019772000,0.98123854,-0.03249241,-0.18923609,-0.017719861,0.0,0.0,0.0,0.0,0,69.236
1019792000,1019792000,0.9820981,-0.031625252,-0.1848618,-0.01784228,0.0,0.0,0.0,0.0,0,69.256
1019812000,1019812000,0.9830257,-0.030649275,-0.1800224,-0.017945511,0.0,0.0,0.0,0.0,0,69.276
1019832000,1019832000,0.9840022,-0.029601417,-0.17477815,-0.018032854,0.0,0.0,0.0,0.0,0,69.296
1019852000,1019852000,0.9850172,-0.028477155,-0.16914973,-0.01810181,0.0,0.0,0.0,0.0,0,69.316
1019872000,1019872000,0.98605335,-0.027306411,-0.16319509,-0.0181549,0.0,0.0,0.0,0.0,0,69.336
1019892000,1019892000,0.9870985,-0.026075384,-0.15695517,-0.018187864,0.0,0.0,0.0,0.0,0,69.356
1019912000,1019912000,0.98814166,-0.024814598,-0.1504592,-0.018204322,0.0,0.0,0.0,0.0,0,69.376
1019932000,1019932000,0.98917234,-0.023513874,-0.14374635,-0.018201021,0.0,0.0,0.0,0.0,0,69.396
1019952000,1019952000,0.99017996,-0.022202544,-0.13685493,-0.01818105,0.0,0.0,0.0,0.0,0,69.416
1019972000,1019972000,0.9911579,-0.020877203,-0.12980808,-0.018143645,0.0,0.0,0.0,0.0,0,69.436
1019992000,1019992000,0.99209744,-0.019562854,-0.122644864,-0.018091524,0.0,0.0,0.0,0.0,0,69.456
1020012000,1020012000,0.9929928,-0.018254787,-0.115395986,-0.018023536,0.0,0.0,0.0,0.0,0,69.476
1020032000,1020032000,0.9938396,-0.01695593,-0.10808605,-0.017939944,0.0,0.0,0.0,0.0,0,69.496
1020052000,1020052000,0.994634,-0.015668506,-0.10074002,-0.017841408,0.0,0.0,0.0,0.0,0,69.516
1020072000,1020072000,0.99537325,-0.014396388,-0.09337884,-0.017729083,0.0,0.0,0.0,0.0,0,69.536
1020092000,1020092000,0.9960549,-0.0131420335,-0.08603014,-0.017603487,0.0,0.0,0.0,0.0,0,69.556
1020112000,1020112000,0.9966773,-0.011897589,-0.07872064,-0.017464822,0.0,0.0,0.0,0.0,0,69.576
1020132000,1020132000,0.9972387,-0.010683075,-0.07148481,-0.017315542,0.0,0.0,0.0,0.0,0,69.596
1020152000,1020152000,0.9977404,-0.009485476,-0.064334944,-0.017155828,0.0,0.0,0.0,0.0,0,69.616
1020172000,1020172000,0.9981832,-0.008318522,-0.05728519,-0.016987674,0.0,0.0,0.0,0.0,0,69.636
1020192000,1020192000,0.99856925,-0.007174023,-0.05034302,-0.016811842,0.0,0.0,0.0,0.0,0,69.656
1020212000,1020212000,0.9989,-0.006069256,-0.043526337,-0.016630718,0.0,0.0,0.0,0.0,0,69.676
1020232000,1020232000,0.99917763,-0.0049825395,-0.03685034,-0.016444834,0.0,0.0,0.0,0.0,0,69.696
1020252000,1020252000,0.9994044,-0.0039372034,-0.030335585,-0.016256653,0.0,0.0,0.0,0.0,0,69.716
1020272000,1020272000,0.9995835,-0.0029086997,-0.023986807,-0.01606706,0.0,0.0,0.0,0.0,0,69.736
1020292000,1020292000,0.999718,-0.0019112928,-0.017809711,-0.015877936,0.0,0.0,0.0,0.0,0,69.756
1020312000,1020312000,0.99981135,-0.00093079277,-0.011804497,-0.01569059,0.0,0.0,0.0,0.0,0,69.776
1020332000,1020332000,0.9998664,1.2655875e-05,-0.005986846,-0.015506482,0.0,0.0,0.0,0.0,0,69.796
1020352000,1020352000,0.9998866,0.0009349202,-0.00035973778,-0.015326769,0.0,0.0,0.0,0.0,0,69.816
1020372000,1020372000,0.99987525,0.0018195717,0.005072219,-0.015152724,0.0,0.0,0.0,0.0,0,69.836
1020392000,1020392000,0.9998355,0.0026809552,0.010309104,-0.014985735,0.0,0.0,0.0,0.0,0,69.856
1020412000,1020412000,0.99977064,0.0035093492,0.015348463,-0.01482686,0.0,0.0,0.0,0.0,0,69.876
1020432000,1020432000,0.9996837,0.004317055,0.020187812,-0.014677212,0.0,0.0,0.0,0.0,0,69.896
1020452000,1020452000,0.9995776,0.0050920825,0.024829134,-0.014537351,0.0,0.0,0.0,0.0,0,69.916
1020472000,1020472000,0.99945515,0.0058444557,0.029270416,-0.01440832,0.0,0.0,0.0,0.0,0,69.936
1020492000,1020492000,0.9993193,0.0065689688,0.033505484,-0.014290622,0.0,0.0,0.0,0.0,0,69.956
1020512000,1020512000,0.99917245,0.0072715767,0.03754166,-0.014184884,0.0,0.0,0.0,0.0,0,69.976
1020532000,1020532000,0.999017,0.007949299,0.041381195,-0.014091551,0.0,0.0,0.0,0.0,0,69.996
1020552000,1020552000,0.99885494,0.008606482,0.045028806,-0.01401093,0.0,0.0,0.0,0.0,0,70.016
1020572000,1020572000,0.9986885,0.009238428,0.04848334,-0.013943065,0.0,0.0,0.0,0.0,0,70.036
1020592000,1020592000,0.99852,0.009845661,0.05174017,-0.013888431,0.0,0.0,0.0,0.0,0,70.056
1020612000,1020612000,0.998351,0.010424725,0.054809418,-0.013846691,0.0,0.0,0.0,0.0,0,70.076
1020632000,1020632000,0.998183,0.01098203,0.0576912,-0.013818002,0.0,0.0,0.0,0.0,0,70.096
1020652000,1020652000,0.9980176,0.011517567,0.060388748,-0.013802303,0.0,0.0,0.0,0.0,0,70.116
1020672000,1020672000,0.997856,0.012028809,0.06290769,-0.013799246,0.0,0.0,0.0,0.0,0,70.136
1020692000,1020692000,0.9976995,0.012515473,0.06524959,-0.013808895,0.0,0.0,0.0,0.0,0,70.156
1020712000,1020712000,0.99754876,0.012977416,0.067423165,-0.013830773,0.0,0.0,0.0,0.0,0,70.176
1020732000,1020732000,0.99740493,0.013408024,0.06942975,-0.013863732,0.0,0.0,0.0,0.0,0,70.196
1020752000,1020752000,0.99726886,0.013810433,0.071272336,-0.013907312,0.0,0.0,0.0,0.0,0,70.216
1020772000,1020772000,0.99714154,0.014184084,0.07295023,-0.013961093,0.0,0.0,0.0,0.0,0,70.236
1020792000,1020792000,0.9970237,0.014526081,0.07446554,-0.014024402,0.0,0.0,0.0,0.0,0,70.256
1020812000,1020812000,0.9969156,0.014840543,0.07582501,-0.01409662,0.0,0.0,0.0,0.0,0,70.276
1020832000,1020832000,0.9968168,0.015128952,0.07704203,-0.014176997,0.0,0.0,0.0,0.0,0,70.296
1020852000,1020852000,0.9967271,0.015387673,0.078127265,-0.014264597,0.0,0.0,0.0,0.0,0,70.316
1020872000,1020872000,0.99664706,0.0156217255,0.07907883,-0.014359276,0.0,0.0,0.0,0.0,0,70.336
1020892000,1020892000,0.99657655,0.015833272,0.07990303,-0.01446,0.0,0.0,0.0,0.0,0,70.356
1020912000,1020912000,0.99651617,0.016016247,0.08059765,-0.014565234,0.0,0.0,0.0,0.0,0,70.376
1020932000,1020932000,0.9964657,0.016173165,0.08116854,-0.014674325,0.0,0.0,0.0,0.0,0,70.396
1020952000,1020952000,0.9964251,0.016309062,0.08161824,-0.014787055,0.0,0.0,0.0,0.0,0,70.416
1020972000,1020972000,0.9963942,0.016421841,0.08195045,-0.0149026355,0.0,0.0,0.0,0.0,0,70.436
1020992000,1020992000,0.996373,0.016505882,0.082170345,-0.015019952,0.0,0.0,0.0,0.0,0,70.456
1021012000,1021012000,0.99636066,0.016566401,0.08228567,-0.015138809,0.0,0.0,0.0,0.0,0,70.476
1021032000,1021032000,0.99635696,0.016606042,0.08230036,-0.015258722,0.0,0.0,0.0,0.0,0,70.496
1021052000,1021052000,0.9963613,0.016623165,0.08222178,-0.015378345,0.0,0.0,0.0,0.0,0,70.516
1021072000,1021072000,0.9963741,0.01662028,0.082045324,-0.015497643,0.0,0.0,0.0,0.0,0,70.536
1021092000,1021092000,0.99639535,0.016600542,0.08176772,-0.015616675,0.0,0.0,0.0,0.0,0,70.556
1021112000,1021112000,0.9964239,0.016560018,0.08140449,-0.015734214,0.0,0.0,0.0,0.0,0,70.576
1021132000,1021132000,0.99645925,0.01649136,0.08096252,-0.015849022,0.0,0.0,0.0,0.0,0,70.596
1021152000,1021152000,0.9965012,0.016393429,0.08044238,-0.015960107,0.0,0.0,0.0,0.0,0,70.616
1021172000,1021172000,0.9965499,0.01626845,0.07984077,-0.016067626,0.0,0.0,0.0,0.0,0,70.636
1021192000,1021192000,0.9966047,0.016125781,0.079161905,-0.016171629,0.0,0.0,0.0,0.0,0,70.656
1021212000,1021212000,0.9966638,0.015963813,0.078427084,-0.016271539,0.0,0.0,0.0,0.0,0,70.676
1021232000,1021232000,0.9967272,0.015786046,0.07763245,-0.016367717,0.0,0.0,0.0,0.0,0,70.696
1021252000,1021252000,0.9967953,0.015594591,0.076773316,-0.016459957,0.0,0.0,0.0,0.0,0,70.716
1021272000,1021272000,0.9968675,0.015391697,0.075852245,-0.01654797,0.0,0.0,0.0,0.0,0,70.736
1021292000,1021292000,0.99694204,0.015175257,0.07489156,-0.016631162,0.0,0.0,0.0,0.0,0,70.756
1021312000,1021312000,0.9970191,0.01494916,0.07388731,-0.016709488,0.0,0.0,0.0,0.0,0,70.776
1021332000,1021332000,0.9970989,0.01471144,0.07283356,-0.016783098,0.0,0.0,0.0,0.0,0,70.796
1021352000,1021352000,0.9971808,0.014469431,0.07173706,-0.016852029,0.0,0.0,0.0,0.0,0,70.816
1021372000,1021372000,0.9972644,0.014223574,0.070600525,-0.016916135,0.0,0.0,0.0,0.0,0,70.836
1021392000,1021392000,0.9973494,0.01397297,0.06942566,-0.0169753,0.0,0.0,0.0,0.0,0,70.856
1021412000,1021412000,0.99743575,0.013711267,0.06821278,-0.017029297,0.0,0.0,0.0,0.0,0,70.876
1021432000,1021432000,0.99752295,0.013439861,0.06696894,-0.017077837,0.0,0.0,0.0,0.0,0,70.896
1021452000,1021452000,0.9976102,0.013162022,0.065700956,-0.01712103,0.0,0.0,0.0,0.0,0,70.916
1021472000,1021472000,0.9976982,0.012879544,0.064398244,-0.017159535,0.0,0.0,0.0,0.0,0,70.936
1021492000,1021492000,0.9977864,0.012590165,0.063065924,-0.01719336,0.0,0.0,0.0,0.0,0,70.956
1021512000,1021512000,0.99787384,0.012296156,0.06171782,-0.017222308,0.0,0.0,0.0,0.0,0,70.976
1021532000,1021532000,0.99796015,0.011995674,0.060359344,-0.01724672,0.0,0.0,0.0,0.0,0,70.996
1021552000,1021552000,0.9980457,0.011695043,0.058982696,-0.017267134,0.0,0.0,0.0,0.0,0,71.016
1021572000,1021572000,0.9981305,0.011398672,0.057584442,-0.017283654,0.0,0.0,0.0,0.0,0,71.036
1021592000,1021592000,0.9982143,0.011101971,0.056168437,-0.017295977,0.0,0.0,0.0,0.0,0,71.056
1021612000,1021612000,0.99829656,0.010800566,0.05474501,-0.017304247,0.0,0.0,0.0,0.0,0,71.076
1021632000,1021632000,0.9983769,0.010501633,0.05331801,-0.01730922,0.0,0.0,0.0,0.0,0,71.096
1021652000,1021652000,0.99845535,0.010202559,0.051887576,-0.017311044,0.0,0.0,0.0,0.0,0,71.116
1021672000,1021672000,0.9985313,0.0099070575,0.050463766,-0.01730974,0.0,0.0,0.0,0.0,0,71.136
1021692000,1021692000,0.9986052,0.009605773,0.04904175,-0.017304808,0.0,0.0,0.0,0.0,0,71.156
1021712000,1021712000,0.998677,0.00930366,0.047619,-0.017296784,0.0,0.0,0.0,0.0,0,71.176
1021732000,1021732000,0.99874675,0.009002235,0.04619703,-0.017286083,0.0,0.0,0.0,0.0,0,71.196
1021752000,1021752000,0.99881387,0.0087106805,0.04478515,-0.017273575,0.0,0.0,0.0,0.0,0,71.216
1021772000,1021772000,0.9988785,0.008420324,0.043383867,-0.01725863,0.0,0.0,0.0,0.0,0,71.236
1021792000,1021792000,0.99894035,0.008137107,0.041997887,-0.017241245,0.0,0.0,0.0,0.0,0,71.256
1021812000,1021812000,0.9989995,0.00785689,0.04063073,-0.017221453,0.0,0.0,0.0,0.0,0,71.276
1021832000,1021832000,0.99905574,0.007578843,0.03928755,-0.017199572,0.0,0.0,0.0,0.0,0,71.296
1021852000,1021852000,0.9991093,0.007293654,0.03796567,-0.017175887,0.0,0.0,0.0,0.0,0,71.316
1021872000,1021872000,0.9991606,0.007009659,0.036660004,-0.01715118,0.0,0.0,0.0,0.0,0,71.336
1021892000,1021892000,0.9992092,0.006726666,0.035376832,-0.017125497,0.0,0.0,0.0,0.0,0,71.356
1021912000,1021912000,0.9992551,0.006444945,0.03412274,-0.017098496,0.0,0.0,0.0,0.0,0,71.376
1021932000,1021932000,0.99929875,0.0061586984,0.032890867,-0.017070225,0.0,0.0,0.0,0.0,0,71.396
1021952000,1021952000,0.99934024,0.005870596,0.03167614,-0.01704097,0.0,0.0,0.0,0.0,0,71.416
1021972000,1021972000,0.9993795,0.0055731204,0.030483061,-0.017011022,0.0,0.0,0.0,0.0,0,71.436
1021992000,1021992000,0.99941665,0.0052711666,0.029314816,-0.016980376,0.0,0.0,0.0,0.0,0,71.456
1022012000,1022012000,0.9994516,0.0049663302,0.028172422,-0.01694938,0.0,0.0,0.0,0.0,0,71.476
1022032000,1022032000,0.99948454,0.0046627275,0.027052011,-0.016918078,0.0,0.0,0.0,0.0,0,71.496
1022052000,1022052000,0.9995154,0.004366911,0.025958177,-0.016887186,0.0,0.0,0.0,0.0,0,71.516
1022072000,1022072000,0.9995442,0.0040797205,0.024894223,-0.016856713,0.0,0.0,0.0,0.0,0,71.536
1022092000,1022092000,0.9995712,0.0037950065,0.023852993,-0.016826464,0.0,0.0,0.0,0.0,0,71.556
1022112000,1022112000,0.99959666,0.003507303,0.022829093,-0.016796276,0.0,0.0,0.0,0.0,0,71.576
1022132000,1022132000,0.9996206,0.0032161057,0.02182372,-0.0167664,0.0,0.0,0.0,0.0,0,71.596
1022152000,1022152000,0.99964267,0.0029287094,0.020854326,-0.016737254,0.0,0.0,0.0,0.0,0,71.616
1022172000,1022172000,0.99966323,0.0026427999,0.019909011,-0.016708992,0.0,0.0,0.0,0.0,0,71.636
1022192000,1022192000,0.9996825,0.0023633288,0.018976888,-0.016681788,0.0,0.0,0.0,0.0,0,71.656
1022212000,1022212000,0.99970037,0.0020900017,0.018067775,-0.016655553,0.0,0.0,0.0,0.0,0,71.676
1022232000,1022232000,0.99971694,0.0018250163,0.01718365,-0.016630452,0.0,0.0,0.0,0.0,0,71.696
1022252000,1022252000,0.99973214,0.0015699931,0.016324773,-0.01660656,0.0,0.0,0.0,0.0,0,71.716
1022272000,1022272000,0.99974614,0.0013237973,0.015492124,-0.016584013,0.0,0.0,0.0,0.0,0,71.736
1022292000,1022292000,0.9997589,0.0010842961,0.01468749,-0.016562872,0.0,0.0,0.0,0.0,0,71.756
1022312000,1022312000,0.9997705,0.0008450359,0.013916941,-0.01654298,0.0,0.0,0.0,0.0,0,71.776
1022332000,1022332000,0.9997809,0.0006087586,0.013184403,-0.016524281,0.0,0.0,0.0,0.0,0,71.796
1022352000,1022352000,0.9997904,0.00037795573,0.012479701,-0.016506933,0.0,0.0,0.0,0.0,0,71.816
1022372000,1022372000,0.99979895,0.00015477129,0.011797461,-0.01649081,0.0,0.0,0.0,0.0,0,71.836
1022392000,1022392000,0.9998068,-5.8849317e-05,0.011136041,-0.016475882,0.0,0.0,0.0,0.0,0,71.856
1022412000,1022412000,0.9998139,-0.00026085819,0.010495195,-0.016462138,0.0,0.0,0.0,0.0,0,71.876
1022432000,1022432000,0.9998204,-0.00045147014,0.009873749,-0.016449558,0.0,0.0,0.0,0.0,0,71.896
1022452000,1022452000,0.99982625,-0.0006294074,0.009271712,-0.016438136,0.0,0.0,0.0,0.0,0,71.916
1022472000,1022472000,0.99983156,-0.00079540553,0.008688068,-0.016427875,0.0,0.0,0.0,0.0,0,71.936
1022492000,1022492000,0.99983627,-0.00095051416,0.008125002,-0.016418863,0.0,0.0,0.0,0.0,0,71.956
1022512000,1022512000,0.99984056,-0.001098936,0.00757764,-0.016410686,0.0,0.0,0.0,0.0,0,71.976
1022532000,1022532000,0.9998444,-0.0012403112,0.0070493235,-0.01640393,0.0,0.0,0.0,0.0,0,71.996
1022552000,1022552000,0.99984765,-0.0013844969,0.0065496643,-0.016398424,0.0,0.0,0.0,0.0,0,72.016
1022572000,1022572000,0.9998506,-0.0015288738,0.0060707885,-0.01639355,0.0,0.0,0.0,0.0,0,72.036
1022592000,1022592000,0.99985313,-0.0016692824,0.005605532,-0.016389452,0.0,0.0,0.0,0.0,0,72.056
1022612000,1022612000,0.9998554,-0.0018059982,0.005154797,-0.016385885,0.0,0.0,0.0,0.0,0,72.076
1022632000,1022632000,0.9998573,-0.0019442051,0.004724499,-0.016382689,0.0,0.0,0.0,0.0,0,72.096
1022652000,1022652000,0.9998589,-0.0020853856,0.004312087,-0.016379513,0.0,0.0,0.0,0.0,0,72.116
1022672000,1022672000,0.9998603,-0.0022263743,0.0039208666,-0.016375983,0.0,0.0,0.0,0.0,0,72.136
1022692000,1022692000,0.9998614,-0.0023539974,0.0035532513,-0.016372316,0.0,0.0,0.0,0.0,0,72.156
1022712000,1022712000,0.9998624,-0.0024679413,0.003207471,-0.01636878,0.0,0.0,0.0,0.0,0,72.176
1022732000,1022732000,0.9998632,-0.002580405,0.0028681715,-0.016365357,0.0,0.0,0.0,0.0,0,72.196
1022752000,1022752000,0.99986386,-0.00269425,0.0025315674,-0.016362019,0.0,0.0,0.0,0.0,0,72.216
1022772000,1022772000,0.9998644,-0.0027994574,0.002212293,-0.016358515,0.0,0.0,0.0,0.0,0,72.236
1022792000,1022792000,0.9998648,-0.0028935755,0.0019111317,-0.016354699,0.0,0.0,0.0,0.0,0,72.256
1022812000,1022812000,0.9998651,-0.0029811366,0.0016340682,-0.016350556,0.0,0.0,0.0,0.0,0,72.276
1022832000,1022832000,0.99986535,-0.0030572112,0.0013746358,-0.016345859,0.0,0.0,0.0,0.0,0,72.296
1022852000,1022852000,0.99986553,-0.003122743,0.0011201246,-0.016341094,0.0,0.0,0.0,0.0,0,72.316
1022872000,1022872000,0.99986565,-0.003183565,0.00087319163,-0.016336134,0.0,0.0,0.0,0.0,0,72.336
1022892000,1022892000,0.9998657,-0.0032398568,0.0006415711,-0.016330987,0.0,0.0,0.0,0.0,0,72.356
1022912000,1022912000,0.9998658,-0.003292677,0.00042206084,-0.016325574,0.0,0.0,0.0,0.0,0,72.376
1022932000,1022932000,0.9998658,-0.003334958,0.00021531306,-0.016319633,0.0,0.0,0.0,0.0,0,72.396
1022952000,1022952000,0.99986583,-0.003367262,2.011537e-05,-0.016313545,0.0,0.0,0.0,0.0,0,72.416
1022972000,1022972000,0.9998658,-0.0033967872,-0.0001520823,-0.016307522,0.0,0.0,0.0,0.0,0,72.436
1022992000,1022992000,0.9998658,-0.003429538,-0.00031478744,-0.016301654,0.0,0.0,0.0,0.0,0,72.456
1023012000,1023012000,0.99986565,-0.0034630578,-0.00049178785,-0.016295802,0.0,0.0,0.0,0.0,0,72.476
1023032000,1023032000,0.99986553,-0.0034947398,-0.0006611954,-0.016289763,0.0,0.0,0.0,0.0,0,72.496
1023052000,1023052000,0.9998654,-0.003520689,-0.00081426924,-0.016283566,0.0,0.0,0.0,0.0,0,72.516
1023072000,1023072000,0.99986535,-0.0035388258,-0.0009552465,-0.016277295,0.0,0.0,0.0,0.0,0,72.536
1023092000,1023092000,0.9998653,-0.0035510892,-0.0010773512,-0.016270865,0.0,0.0,0.0,0.0,0,72.556
1023112000,1023112000,0.99986523,-0.003556719,-0.0012021615,-0.01626419,0.0,0.0,0.0,0.0,0,72.576
1023132000,1023132000,0.9998652,-0.0035563686,-0.0013178787,-0.016257241,0.0,0.0,0.0,0.0,0,72.596
1023152000,1023152000,0.99986523,-0.003548788,-0.0014197348,-0.016250078,0.0,0.0,0.0,0.0,0,72.616
1023172000,1023172000,0.9998652,-0.0035419625,-0.001521421,-0.016242856,0.0,0.0,0.0,0.0,0,72.636
1023192000,1023192000,0.9998652,-0.003538119,-0.0016057064,-0.016235897,0.0,0.0,0.0,0.0,0,72.656
1023212000,1023212000,0.9998652,-0.0035362914,-0.0016712301,-0.016229033,0.0,0.0,0.0,0.0,0,72.676
1023232000,1023232000,0.99986523,-0.0035227903,-0.0017366635,-0.016222036,0.0,0.0,0.0,0.0,0,72.696
1023252000,1023252000,0.9998653,-0.003502117,-0.0018140157,-0.016214639,0.0,0.0,0.0,0.0,0,72.716
1023272000,1023272000,0.9998654,-0.0034785445,-0.0018773526,-0.016207203,0.0,0.0,0.0,0.0,0,72.736
1023292000,1023292000,0.99986553,-0.00345705,-0.0019196616,-0.016199883,0.0,0.0,0.0,0.0,0,72.756
1023312000,1023312000,0.9998656,-0.0034405943,-0.0019572242,-0.016192302,0.0,0.0,0.0,0.0,0,72.776
1023332000,1023332000,0.9998657,-0.0034213883,-0.0019981582,-0.016184507,0.0,0.0,0.0,0.0,0,72.796
1023352000,1023352000,0.9998659,-0.003397173,-0.0020311826,-0.016176298,0.0,0.0,0.0,0.0,0,72.816
1023372000,1023372000,0.99986607,-0.0033651919,-0.002065534,-0.016167626,0.0,0.0,0.0,0.0,0,72.836
1023392000,1023392000,0.99986625,-0.0033383935,-0.0020924541,-0.016158178,0.0,0.0,0.0,0.0,0,72.856
1023412000,1023412000,0.9998664,-0.0033204518,-0.0021100955,-0.016148435,0.0,0.0,0.0,0.0,0,72.876
1023432000,1023432000,0.9998666,-0.003306438,-0.0021242485,-0.016138643,0.0,0.0,0.0,0.0,0,72.896
1023452000,1023452000,0.9998668,-0.0032911939,-0.0021351727,-0.016129052,0.0,0.0,0.0,0.0,0,72.916
1023472000,1023472000,0.99986696,-0.003272831,-0.00214344,-0.016119732,0.0,0.0,0.0,0.0,0,72.936
1023492000,1023492000,0.9998672,-0.0032464531,-0.002145333,-0.016110964,0.0,0.0,0.0,0.0,0,72.956
1023512000,1023512000,0.99986744,-0.0032081655,-0.0021375953,-0.016102772,0.0,0.0,0.0,0.0,0,72.976
1023532000,1023532000,0.99986774,-0.0031620425,-0.002124316,-0.016094811,0.0,0.0,0.0,0.0,0,72.996
1023552000,1023552000,0.9998681,-0.0031116742,-0.0021091255,-0.01608698,0.0,0.0,0.0,0.0,0,73.016
1023572000,1023572000,0.9998684,-0.0030552042,-0.0020901745,-0.016079718,0.0,0.0,0.0,0.0,0,73.036
1023592000,1023592000,0.9998688,-0.0029863573,-0.0020614855,-0.016072946,0.0,0.0,0.0,0.0,0,73.056
1023612000,1023612000,0.99986917,-0.0029085907,-0.002026292,-0.016066607,0.0,0.0,0.0,0.0,0,73.076
1023632000,1023632000,0.99986964,-0.0028210883,-0.0019839131,-0.016060604,0.0,0.0,0.0,0.0,0,73.096
1023652000,1023652000,0.99987006,-0.0027277456,-0.0019379698,-0.016054746,0.0,0.0,0.0,0.0,0,73.116
1023672000,1023672000,0.99987054,-0.0026307479,-0.0018907073,-0.016048972,0.0,0.0,0.0,0.0,0,73.136
1023692000,1023692000,0.99987096,-0.0025308998,-0.0018427286,-0.016043253,0.0,0.0,0.0,0.0,0,73.156
1023712000,1023712000,0.9998714,-0.0024305277,-0.001792433,-0.016037853,0.0,0.0,0.0,0.0,0,73.176
1023732000,1023732000,0.9998718,-0.0023322287,-0.001731772,-0.016032655,0.0,0.0,0.0,0.0,0,73.196
1023752000,1023752000,0.9998722,-0.0022349278,-0.0016647899,-0.016027777,0.0,0.0,0.0,0.0,0,73.216
1023772000,1023772000,0.9998726,-0.0021377718,-0.001584642,-0.016022945,0.0,0.0,0.0,0.0,0,73.236
1023792000,1023792000,0.99987304,-0.0020368444,-0.0014891705,-0.016018232,0.0,0.0,0.0,0.0,0,73.256
1023812000,1023812000,0.9998735,-0.0019295679,-0.0013912927,-0.016013637,0.0,0.0,0.0,0.0,0,73.276
1023832000,1023832000,0.9998739,-0.0018251954,-0.00129765,-0.016009098,0.0,0.0,0.0,0.0,0,73.296
1023852000,1023852000,0.9998743,-0.001722204,-0.0011841636,-0.016004607,0.0,0.0,0.0,0.0,0,73.316
1023872000,1023872000,0.99987465,-0.0016239627,-0.0010574346,-0.01600029,0.0,0.0,0.0,0.0,0,73.336
1023892000,1023892000,0.999875,-0.0015329778,-0.0009377596,-0.015996326,0.0,0.0,0.0,0.0,0,73.356
1023912000,1023912000,0.99987525,-0.0014461722,-0.0008233965,-0.015992725,0.0,0.0,0.0,0.0,0,73.376
1023932000,1023932000,0.99987555,-0.0013584591,-0.0007076845,-0.015989687,0.0,0.0,0.0,0.0,0,73.396
1023952000,1023952000,0.9998758,-0.0012719714,-0.00058750215,-0.015987279,0.0,0.0,0.0,0.0,0,73.416
1023972000,1023972000,0.99987596,-0.0011931596,-0.00045447075,-0.01598524,0.0,0.0,0.0,0.0,0,73.436
1023992000,1023992000,0.99987614,-0.0011262891,-0.000317781,-0.015983865,0.0,0.0,0.0,0.0,0,73.456
1024012000,1024012000,0.99987626,-0.0010582249,-0.00019211364,-0.01598295,0.0,0.0,0.0,0.0,0,73.476
1024032000,1024032000,0.9998763,-0.000995146,-6.988193e-05,-0.01598278,0.0,0.0,0.0,0.0,0,73.496
1024052000,1024052000,0.9998764,-0.00093903986,6.00481e-05,-0.015983645,0.0,0.0,0.0,0.0,0,73.516
1024072000,1024072000,0.9998764,-0.0008939936,0.00019410474,-0.015985176,0.0,0.0,0.0,0.0,0,73.536
1024092000,1024092000,0.9998763,-0.00084564113,0.00032098385,-0.015987523,0.0,0.0,0.0,0.0,0,73.556
1024112000,1024112000,0.99987626,-0.000794151,0.0004471545,-0.015990578,0.0,0.0,0.0,0.0,0,73.576
1024132000,1024132000,0.9998762,-0.00075023755,0.00058325497,-0.01599426,0.0,0.0,0.0,0.0,0,73.596
1024152000,1024152000,0.9998761,-0.00071601296,0.0007181081,-0.01599837,0.0,0.0,0.0,0.0,0,73.616
1024172000,1024172000,0.9998759,-0.00069380895,0.00084640837,-0.016003305,0.0,0.0,0.0,0.0,0,73.636
1024192000,1024192000,0.9998757,-0.0006732816,0.00097410183,-0.016009295,0.0,0.0,0.0,0.0,0,73.656
1024212000,1024212000,0.9998755,-0.0006442963,0.0011089263,-0.0160164,0.0,0.0,0.0,0.0,0,73.676
1024232000,1024232000,0.9998752,-0.0006160425,0.0012411878,-0.016024103,0.0,0.0,0.0,0.0,0,73.696
1024252000,1024252000,0.9998749,-0.00058689446,0.0013718951,-0.016032007,0.0,0.0,0.0,0.0,0,73.716
1024272000,1024272000,0.9998746,-0.000555396,0.0015022935,-0.016039975,0.0,0.0,0.0,0.0,0,73.736
1024292000,1024292000,0.9998743,-0.0005207727,0.0016292942,-0.016047832,0.0,0.0,0.0,0.0,0,73.756
1024312000,1024312000,0.999874,-0.00047737145,0.0017454155,-0.016055355,0.0,0.0,0.0,0.0,0,73.776
1024332000,1024332000,0.9998737,-0.0004269922,0.0018558748,-0.016062753,0.0,0.0,0.0,0.0,0,73.796
1024352000,1024352000,0.9998734,-0.00037392808,0.0019615958,-0.01607046,0.0,0.0,0.0,0.0,0,73.816
1024372000,1024372000,0.9998731,-0.00032661497,0.0020565873,-0.016078582,0.0,0.0,0.0,0.0,0,73.836
1024392000,1024392000,0.9998728,-0.0002816374,0.0021451048,-0.016086802,0.0,0.0,0.0,0.0,0,73.856
1024412000,1024412000,0.9998725,-0.00023563643,0.0022307348,-0.016095042,0.0,0.0,0.0,0.0,0,73.876
1024432000,1024432000,0.9998722,-0.00018701365,0.0023151238,-0.016103266,0.0,0.0,0.0,0.0,0,73.896
1024452000,1024452000,0.99987185,-0.00013573514,0.0023982632,-0.016111568,0.0,0.0,0.0,0.0,0,73.916
1024472000,1024472000,0.99987155,-8.4039035e-05,0.00247791,-0.016119972,0.0,0.0,0.0,0.0,0,73.936
1024492000,1024492000,0.9998712,-3.401115e-05,0.0025555184,-0.01612838,0.0,0.0,0.0,0.0,0,73.956
1024512000,1024512000,0.9998709,-8.672345e-07,0.0026275842,-0.016136987,0.0,0.0,0.0,0.0,0,73.976
1024532000,1024532000,0.9998706,2.5112728e-05,0.0026883262,-0.016145475,0.0,0.0,0.0,0.0,0,73.996
1024552000,1024552000,0.99987024,5.2832223e-05,0.0027577055,-0.016153643,0.0,0.0,0.0,0.0,0,74.016
1024572000,1024572000,0.99987,8.1600025e-05,0.0028142694,-0.016161464,0.0,0.0,0.0,0.0,0,74.036
1024592000,1024592000,0.99986976,0.000106441745,0.002856472,-0.016168937,0.0,0.0,0.0,0.0,0,74.056
1024612000,1024612000,0.99986947,0.00013797825,0.0029014926,-0.016175918,0.0,0.0,0.0,0.0,0,74.076
1024632000,1024632000,0.9998692,0.00017333677,0.002944855,-0.0161826,0.0,0.0,0.0,0.0,0,74.096
1024652000,1024652000,0.99986905,0.00020577523,0.0029777335,-0.016188698,0.0,0.0,0.0,0.0,0,74.116
1024672000,1024672000,0.99986887,0.00023498303,0.0030023663,-0.016194683,0.0,0.0,0.0,0.0,0,74.136
1024692000,1024692000,0.9998687,0.00026650727,0.0030311893,-0.016200623,0.0,0.0,0.0,0.0,0,74.156
1024712000,1024712000,0.9998685,0.00030261683,0.0030517785,-0.016206339,0.0,0.0,0.0,0.0,0,74.176
1024732000,1024732000,0.9998684,0.00033255445,0.0030561662,-0.016211359,0.0,0.0,0.0,0.0,0,74.196
1024752000,1024752000,0.9998684,0.00035083512,0.0030444178,-0.016216146,0.0,0.0,0.0,0.0,0,74.216
1024772000,1024772000,0.99986833,0.0003705508,0.00303124,-0.016220858,0.0,0.0,0.0,0.0,0,74.236
1024792000,1024792000,0.9998683,0.00040351084,0.0030098527,-0.016225627,0.0,0.0,0.0,0.0,0,74.256
1024812000,1024812000,0.9998683,0.00043652384,0.0029791303,-0.016230213,0.0,0.0,0.0,0.0,0,74.276
1024832000,1024832000,0.99986833,0.00046721508,0.0029418536,-0.01623503,0.0,0.0,0.0,0.0,0,74.296
1024852000,1024852000,0.99986833,0.00049519097,0.0028962328,-0.016239949,0.0,0.0,0.0,0.0,0,74.316
1024872000,1024872000,0.9998684,0.0005240049,0.002845276,-0.016244892,0.0,0.0,0.0,0.0,0,74.336
1024892000,1024892000,0.99986845,0.0005555291,0.0027902448,-0.01624984,0.0,0.0,0.0,0.0,0,74.356
1024912000,1024912000,0.9998685,0.00059038994,0.002731744,-0.016254773,0.0,0.0,0.0,0.0,0,74.376
1024932000,1024932000,0.9998686,0.0006290798,0.0026698571,-0.016259693,0.0,0.0,0.0,0.0,0,74.396
1024952000,1024952000,0.99986863,0.0006715855,0.0026046853,-0.016264595,0.0,0.0,0.0,0.0,0,74.416
1024972000,1024972000,0.99986875,0.00071812083,0.0025360645,-0.016269477,0.0,0.0,0.0,0.0,0,74.436
1024992000,1024992000,0.9998688,0.0007685368,0.0024640118,-0.01627434,0.0,0.0,0.0,0.0,0,74.456
1025012000,1025012000,0.99986887,0.0008229867,0.0023883083,-0.016279219,0.0,0.0,0.0,0.0,0,74.476
1025032000,1025032000,0.9998689,0.00087865663,0.002306418,-0.016284274,0.0,0.0,0.0,0.0,0,74.496
1025052000,1025052000,0.999869,0.0009354955,0.002218542,-0.016289426,0.0,0.0,0.0,0.0,0,74.516
1025072000,1025072000,0.99986905,0.0009936114,0.0021271596,-0.01629468,0.0,0.0,0.0,0.0,0,74.536
1025092000,1025092000,0.99986905,0.0010519801,0.0020344884,-0.016300136,0.0,0.0,0.0,0.0,0,74.556
1025112000,1025112000,0.9998691,0.0011077775,0.0019438306,-0.016305989,0.0,0.0,0.0,0.0,0,74.576
1025132000,1025132000,0.9998691,0.0011577207,0.0018485124,-0.016312147,0.0,0.0,0.0,0.0,0,74.596
1025152000,1025152000,0.99986917,0.0012027555,0.0017455749,-0.016318606,0.0,0.0,0.0,0.0,0,74.616
1025172000,1025172000,0.99986917,0.0012392662,0.0016452512,-0.016325137,0.0,0.0,0.0,0.0,0,74.636
1025192000,1025192000,0.99986917,0.0012545543,0.0015480925,-0.016331717,0.0,0.0,0.0,0.0,0,74.656
1025212000,1025212000,0.9998692,0.0012613862,0.0014468661,-0.016338285,0.0,0.0,0.0,0.0,0,74.676
1025232000,1025232000,0.9998693,0.0012642973,0.0013440088,-0.016345097,0.0,0.0,0.0,0.0,0,74.696
1025252000,1025252000,0.9998693,0.0012655124,0.001239874,-0.01635197,0.0,0.0,0.0,0.0,0,74.716
1025272000,1025272000,0.9998693,0.0012613703,0.0011392522,-0.01635882,0.0,0.0,0.0,0.0,0,74.736
1025292000,1025292000,0.9998693,0.001250511,0.0010439073,-0.016365489,0.0,0.0,0.0,0.0,0,74.756
1025312000,1025312000,0.9998693,0.0012390609,0.0009476467,-0.016372105,0.0,0.0,0.0,0.0,0,74.776
1025332000,1025332000,0.9998693,0.0012275375,0.0008498733,-0.016378717,0.0,0.0,0.0,0.0,0,74.796
1025352000,1025352000,0.9998693,0.0012063441,0.00076051714,-0.01638509,0.0,0.0,0.0,0.0,0,74.816
1025372000,1025372000,0.9998693,0.0011785328,0.0006762613,-0.016391251,0.0,0.0,0.0,0.0,0,74.836
1025392000,1025392000,0.9998693,0.0011504932,0.0005909529,-0.016397398,0.0,0.0,0.0,0.0,0,74.856
1025412000,1025412000,0.9998692,0.0011294375,0.00050730753,-0.016403824,0.0,0.0,0.0,0.0,0,74.876
1025432000,1025432000,0.99986917,0.0011151104,0.00042697266,-0.016410306,0.0,0.0,0.0,0.0,0,74.896
1025452000,1025452000,0.9998691,0.0011078891,0.00036505915,-0.016416978,0.0,0.0,0.0,0.0,0,74.916
1025472000,1025472000,0.999869,0.0011081233,0.00032142983,-0.016423872,0.0,0.0,0.0,0.0,0,74.936
1025492000,1025492000,0.99986887,0.0011116203,0.0002822951,-0.016431011,0.0,0.0,0.0,0.0,0,74.956
1025512000,1025512000,0.99986875,0.001120915,0.000248473,-0.016438482,0.0,0.0,0.0,0.0,0,74.976
1025532000,1025532000,0.99986863,0.0011341368,0.00022841936,-0.016446188,0.0,0.0,0.0,0.0,0,74.996
1025552000,1025552000,0.9998685,0.0011483771,0.00021141357,-0.016453994,0.0,0.0,0.0,0.0,0,75.016
1025572000,1025572000,0.99986833,0.0011613901,0.00019142905,-0.016461901,0.0,0.0,0.0,0.0,0,75.036
1025592000,1025592000,0.9998682,0.00117284,0.00018177854,-0.016469872,0.0,0.0,0.0,0.0,0,75.056
1025612000,1025612000,0.99986804,0.0011893758,0.00018498175,-0.016478362,0.0,0.0,0.0,0.0,0,75.076
1025632000,1025632000,0.99986786,0.001201954,0.00018371438,-0.016487796,0.0,0.0,0.0,0.0,0,75.096
1025652000,1025652000,0.9998677,0.0012095453,0.00017321932,-0.01649827,0.0,0.0,0.0,0.0,0,75.116
1025672000,1025672000,0.9998675,0.0012189421,0.0001583513,-0.016509779,0.0,0.0,0.0,0.0,0,75.136
1025692000,1025692000,0.9998673,0.0012309892,0.00015026069,-0.016521623,0.0,0.0,0.0,0.0,0,75.156
1025712000,1025712000,0.9998671,0.001226298,0.00014472025,-0.016533786,0.0,0.0,0.0,0.0,0,75.176
1025732000,1025732000,0.9998669,0.0012111184,0.00014656306,-0.016546449,0.0,0.0,0.0,0.0,0,75.196
1025752000,1025752000,0.9998667,0.0011952915,0.00015627388,-0.016559463,0.0,0.0,0.0,0.0,0,75.216
1025772000,1025772000,0.9998665,0.0011719797,0.00016204023,-0.016572883,0.0,0.0,0.0,0.0,0,75.236
1025792000,1025792000,0.9998663,0.0011481807,0.00016491604,-0.016586527,0.0,0.0,0.0,0.0,0,75.256
1025812000,1025812000,0.9998661,0.0011256954,0.00016440374,-0.016600132,0.0,0.0,0.0,0.0,0,75.276
1025832000,1025832000,0.99986595,0.0011012665,0.00017132338,-0.016613387,0.0,0.0,0.0,0.0,0,75.296
1025852000,1025852000,0.9998657,0.0010677412,0.00018412345,-0.01662685,0.0,0.0,0.0,0.0,0,75.316
1025872000,1025872000,0.99986553,0.0010254947,0.00019191696,-0.01664038,0.0,0.0,0.0,0.0,0,75.336
1025892000,1025892000,0.99986535,0.0009801824,0.00019435972,-0.016653884,0.0,0.0,0.0,0.0,0,75.356
1025912000,1025912000,0.9998652,0.0009343854,0.00019153561,-0.016667329,0.0,0.0,0.0,0.0,0,75.376
1025932000,1025932000,0.999865,0.0008892349,0.00018332266,-0.016680697,0.0,0.0,0.0,0.0,0,75.396
1025952000,1025952000,0.9998648,0.0008452364,0.00016981846,-0.016693987,0.0,0.0,0.0,0.0,0,75.416
1025972000,1025972000,0.99986464,0.0008027656,0.00015112925,-0.016707264,0.0,0.0,0.0,0.0,0,75.436
1025992000,1025992000,0.99986446,0.0007648114,0.00013012889,-0.016720632,0.0,0.0,0.0,0.0,0,75.456
1026012000,1026012000,0.9998643,0.0007270195,0.000109300694,-0.016733471,0.0,0.0,0.0,0.0,0,75.476
1026032000,1026032000,0.9998641,0.00068139075,9.4649324e-05,-0.016745819,0.0,0.0,0.0,0.0,0,75.496
1026052000,1026052000,0.9998639,0.00063386915,7.883116e-05,-0.016757604,0.0,0.0,0.0,0.0,0,75.516
1026072000,1026072000,0.99986374,0.0005955026,5.002796e-05,-0.016768722,0.0,0.0,0.0,0.0,0,75.536
1026092000,1026092000,0.9998636,0.00056361186,1.0659158e-05,-0.01677947,0.0,0.0,0.0,0.0,0,75.556
1026112000,1026112000,0.99986345,0.0005282158,-2.7757684e-05,-0.016789397,0.0,0.0,0.0,0.0,0,75.576
1026132000,1026132000,0.9998633,0.00048450415,-5.5056873e-05,-0.016798675,0.0,0.0,0.0,0.0,0,75.596
1026152000,1026152000,0.9998632,0.00044297322,-8.495096e-05,-0.016807193,0.0,0.0,0.0,0.0,0,75.616
1026172000,1026172000,0.9998631,0.00040812424,-0.00012087115,-0.016815659,0.0,0.0,0.0,0.0,0,75.636
1026192000,1026192000,0.9998629,0.0003795214,-0.00015456662,-0.016823854,0.0,0.0,0.0,0.0,0,75.656
1026212000,1026212000,0.9998628,0.00034837,-0.00018276414,-0.01683164,0.0,0.0,0.0,0.0,0,75.676
1026232000,1026232000,0.9998627,0.00031931562,-0.00020113062,-0.01683966,0.0,0.0,0.0,0.0,0,75.696
1026252000,1026252000,0.99986255,0.00029517163,-0.00021452899,-0.016847705,0.0,0.0,0.0,0.0,0,75.716
1026272000,1026272000,0.99986243,0.0002738221,-0.00022857603,-0.016855732,0.0,0.0,0.0,0.0,0,75.736
1026292000,1026292000,0.9998623,0.00025429446,-0.00024576852,-0.016863719,0.0,0.0,0.0,0.0,0,75.756
1026312000,1026312000,0.99986213,0.00023943606,-0.00026405606,-0.016872099,0.0,0.0,0.0,0.0,0,75.776
1026332000,1026332000,0.999862,0.0002339927,-0.00027912014,-0.016880713,0.0,0.0,0.0,0.0,0,75.796
1026352000,1026352000,0.99986184,0.00023388451,-0.000295019,-0.016889429,0.0,0.0,0.0,0.0,0,75.816
1026372000,1026372000,0.9998617,0.00023175025,-0.0003033128,-0.016898066,0.0,0.0,0.0,0.0,0,75.836
1026392000,1026392000,0.99986154,0.00022289404,-0.00030302658,-0.01690654,0.0,0.0,0.0,0.0,0,75.856
1026412000,1026412000,0.9998614,0.00021219699,-0.0003023563,-0.016914904,0.0,0.0,0.0,0.0,0,75.876
1026432000,1026432000,0.9998613,0.00020135267,-0.00030447307,-0.016923187,0.0,0.0,0.0,0.0,0,75.896
1026452000,1026452000,0.9998611,0.00019381123,-0.0003078849,-0.016931752,0.0,0.0,0.0,0.0,0,75.916
1026472000,1026472000,0.999861,0.00019343641,-0.00030963033,-0.01694059,0.0,0.0,0.0,0.0,0,75.936
1026492000,1026492000,0.9998608,0.0002019795,-0.00030832257,-0.016949713,0.0,0.0,0.0,0.0,0,75.956
1026512000,1026512000,0.99986064,0.00021592155,-0.00030746454,-0.016958889,0.0,0.0,0.0,0.0,0,75.976
1026532000,1026532000,0.9998605,0.00023274939,-0.0003095386,-0.016968057,0.0,0.0,0.0,0.0,0,75.996
1026552000,1026552000,0.99986035,0.00025325565,-0.00031372588,-0.016977483,0.0,0.0,0.0,0.0,0,76.016
1026572000,1026572000,0.99986017,0.0002858166,-0.0003104202,-0.016987137,0.0,0.0,0.0,0.0,0,76.036
1026592000,1026592000,0.99986,0.00032063096,-0.00029894518,-0.016996587,0.0,0.0,0.0,0.0,0,76.056
1026612000,1026612000,0.9998598,0.00035575064,-0.00028563436,-0.017005954,0.0,0.0,0.0,0.0,0,76.076
1026632000,1026632000,0.9998597,0.00039139413,-0.00027411582,-0.017015215,0.0,0.0,0.0,0.0,0,76.096
1026652000,1026652000,0.9998595,0.0004251447,-0.00026353152,-0.017024215,0.0,0.0,0.0,0.0,0,76.116
1026672000,1026672000,0.99985933,0.00045716244,-0.00025462592,-0.017033089,0.0,0.0,0.0,0.0,0,76.136
1026692000,1026692000,0.99985915,0.00048875215,-0.00024915516,-0.017041875,0.0,0.0,0.0,0.0,0,76.156
1026712000,1026712000,0.99985904,0.0005204972,-0.00024777683,-0.01705059,0.0,0.0,0.0,0.0,0,76.176
1026732000,1026732000,0.99985886,0.0005526428,-0.0002508931,-0.017059207,0.0,0.0,0.0,0.0,0,76.196
1026752000,1026752000,0.9998587,0.0005827297,-0.00025592934,-0.017067567,0.0,0.0,0.0,0.0,0,76.216
1026772000,1026772000,0.99985856,0.00061091105,-0.0002631254,-0.017075803,0.0,0.0,0.0,0.0,0,76.236
1026792000,1026792000,0.9998584,0.0006377411,-0.0002730252,-0.017083757,0.0,0.0,0.0,0.0,0,76.256
1026812000,1026812000,0.99985826,0.0006549174,-0.00027709326,-0.017090928,0.0,0.0,0.0,0.0,0,76.276
1026832000,1026832000,0.99985814,0.00066360674,-0.00027651852,-0.017097594,0.0,0.0,0.0,0.0,0,76.296
1026852000,1026852000,0.999858,0.00068016385,-0.0002783873,-0.01710401,0.0,0.0,0.0,0.0,0,76.316
1026872000,1026872000,0.99985784,0.0006999234,-0.00028892353,-0.017110452,0.0,0.0,0.0,0.0,0,76.336
1026892000,1026892000,0.9998577,0.00070485886,-0.00030539813,-0.017116927,0.0,0.0,0.0,0.0,0,76.356
1026912000,1026912000,0.99985766,0.0006936362,-0.00032882584,-0.017123768,0.0,0.0,0.0,0.0,0,76.376
1026932000,1026932000,0.99985754,0.00067245105,-0.00035115672,-0.017130744,0.0,0.0,0.0,0.0,0,76.396
1026952000,1026952000,0.9998574,0.0006476632,-0.00038621915,-0.017137637,0.0,0.0,0.0,0.0,0,76.416
1026972000,1026972000,0.9998573,0.00061816,-0.000419392,-0.017144766,0.0,0.0,0.0,0.0,0,76.436
1026992000,1026992000,0.9998572,0.00059155043,-0.000435464,-0.017152144,0.0,0.0,0.0,0.0,0,76.456
1027012000,1027012000,0.99985707,0.0005642672,-0.00045085512,-0.01715988,0.0,0.0,0.0,0.0,0,76.476
1027032000,1027032000,0.9998569,0.0005316173,-0.0004864971,-0.017167736,0.0,0.0,0.0,0.0,0,76.496
1027052000,1027052000,0.99985677,0.0004913268,-0.000523167,-0.017175466,0.0,0.0,0.0,0.0,0,76.516
1027072000,1027072000,0.99985665,0.0004479031,-0.0005487771,-0.017183147,0.0,0.0,0.0,0.0,0,76.536
1027092000,1027092000,0.99985653,0.00040317205,-0.0005711415,-0.017190779,0.0,0.0,0.0,0.0,0,76.556
1027112000,1027112000,0.9998564,0.00035842476,-0.00059386075,-0.017198468,0.0,0.0,0.0,0.0,0,76.576
1027132000,1027132000,0.9998563,0.00031482932,-0.0006144284,-0.017205939,0.0,0.0,0.0,0.0,0,76.596
1027152000,1027152000,0.9998562,0.000264782,-0.0006284944,-0.017213024,0.0,0.0,0.0,0.0,0,76.616
1027172000,1027172000,0.99985605,0.00020918302,-0.0006425447,-0.017220225,0.0,0.0,0.0,0.0,0,76.636
1027192000,1027192000,0.99985594,0.00014897418,-0.00066047383,-0.017228,0.0,0.0,0.0,0.0,0,76.656
1027212000,1027212000,0.99985576,9.2820475e-05,-0.00066376047,-0.017236128,0.0,0.0,0.0,0.0,0,76.676
1027232000,1027232000,0.99985564,4.262523e-05,-0.0006554752,-0.017244333,0.0,0.0,0.0,0.0,0,76.696
1027252000,1027252000,0.9998555,-4.0515974e-06,-0.0006582191,-0.017252829,0.0,0.0,0.0,0.0,0,76.716
1027272000,1027272000,0.99985534,-4.205083e-05,-0.00063828466,-0.017261868,0.0,0.0,0.0,0.0,0,76.736
1027292000,1027292000,0.9998552,-9.7681324e-05,-0.00055491837,-0.017271817,0.0,0.0,0.0,0.0,0,76.756
1027312000,1027312000,0.99985504,-0.00021533045,-0.0004935736,-0.01728233,0.0,0.0,0.0,0.0,0,76.776
1027332000,1027332000,0.99985486,-0.00039703224,-0.00047117256,-0.017292686,0.0,0.0,0.0,0.0,0,76.796
1027352000,1027352000,0.99985456,-0.0006257347,-0.0004688837,-0.01730264,0.0,0.0,0.0,0.0,0,76.816
1027372000,1027372000,0.9998542,-0.0008822545,-0.00047113662,-0.017312072,0.0,0.0,0.0,0.0,0,76.836
1027392000,1027392000,0.99985373,-0.0011500217,-0.0004752114,-0.01732117,0.0,0.0,0.0,0.0,0,76.856
1027412000,1027412000,0.99985325,-0.0014123324,-0.00048795313,-0.01732973,0.0,0.0,0.0,0.0,0,76.876
1027432000,1027432000,0.9998527,-0.0016559407,-0.0005096568,-0.017338166,0.0,0.0,0.0,0.0,0,76.896
1027452000,1027452000,0.99985224,-0.0018348932,-0.0005393796,-0.017346404,0.0,0.0,0.0,0.0,0,76.916
1027472000,1027472000,0.99985194,-0.0019300117,-0.00057374884,-0.017354403,0.0,0.0,0.0,0.0,0,76.936
1027492000,1027492000,0.9998517,-0.0019504376,-0.00061384373,-0.017362105,0.0,0.0,0.0,0.0,0,76.956
1027512000,1027512000,0.99985164,-0.001913719,-0.0006575201,-0.01736956,0.0,0.0,0.0,0.0,0,76.976
1027532000,1027532000,0.99985164,-0.0018315078,-0.0007046304,-0.017376464,0.0,0.0,0.0,0.0,0,76.996
1027552000,1027552000,0.9998517,-0.0017092559,-0.00075561524,-0.017383143,0.0,0.0,0.0,0.0,0,77.016
1027572000,1027572000,0.9998518,-0.0015498904,-0.00081023434,-0.017389683,0.0,0.0,0.0,0.0,0,77.036
1027592000,1027592000,0.99985194,-0.0013680012,-0.0008687821,-0.017396078,0.0,0.0,0.0,0.0,0,77.056
1027612000,1027612000,0.999852,-0.0011789831,-0.00093642087,-0.017402124,0.0,0.0,0.0,0.0,0,77.076
1027632000,1027632000,0.99985206,-0.0009832212,-0.0010054053,-0.01740774,0.0,0.0,0.0,0.0,0,77.096
1027652000,1027652000,0.99985206,-0.0007855366,-0.0010779147,-0.017412772,0.0,0.0,0.0,0.0,0,77.116
1027672000,1027672000,0.999852,-0.00059532234,-0.0011424783,-0.017417284,0.0,0.0,0.0,0.0,0,77.136
1027692000,1027692000,0.99985206,-0.00041210096,-0.0011280664,-0.017421588,0.0,0.0,0.0,0.0,0,77.156
1027712000,1027712000,0.9998522,-0.00023375353,-0.00102851,-0.017425817,0.0,0.0,0.0,0.0,0,77.176
1027732000,1027732000,0.99985224,-6.109562e-05,-0.0008798957,-0.017430041,0.0,0.0,0.0,0.0,0,77.196
1027752000,1027752000,0.9998523,0.000108936685,-0.00071365683,-0.017434303,0.0,0.0,0.0,0.0,0,77.216
1027772000,1027772000,0.9998523,0.00027329687,-0.00054457405,-0.017438404,0.0,0.0,0.0,0.0,0,77.236
1027792000,1027792000,0.99985224,0.00042863842,-0.00038377845,-0.017442133,0.0,0.0,0.0,0.0,0,77.256
1027812000,1027812000,0.9998522,0.00057911145,-0.00023728846,-0.017445782,0.0,0.0,0.0,0.0,0,77.276
1027832000,1027832000,0.999852,0.0007274582,-0.0001020499,-0.017449353,0.0,0.0,0.0,0.0,0,77.296
1027852000,1027852000,0.9998519,0.0008713093,1.8584267e-05,-0.017453032,0.0,0.0,0.0,0.0,0,77.316
1027872000,1027872000,0.99985164,0.001009624,0.00012483513,-0.01745672,0.0,0.0,0.0,0.0,0,77.336
1027892000,1027892000,0.9998514,0.0011456041,0.00021393277,-0.017460411,0.0,0.0,0.0,0.0,0,77.356
1027912000,1027912000,0.99985117,0.0012804868,0.00029353783,-0.01746415,0.0,0.0,0.0,0.0,0,77.376
1027932000,1027932000,0.9998509,0.0014134229,0.000356948,-0.017468035,0.0,0.0,0.0,0.0,0,77.396
1027952000,1027952000,0.99985063,0.0015415659,0.00040043532,-0.01747216,0.0,0.0,0.0,0.0,0,77.416
1027972000,1027972000,0.99985033,0.0016664964,0.00043364466,-0.017476406,0.0,0.0,0.0,0.0,0,77.436
1027992000,1027992000,0.99985003,0.0017886523,0.00044413714,-0.017480701,0.0,0.0,0.0,0.0,0,77.456
1028012000,1028012000,0.99984974,0.0019098296,0.000438867,-0.017484996,0.0,0.0,0.0,0.0,0,77.476
1028032000,1028032000,0.99984944,0.0020305468,0.00042802468,-0.01748931,0.0,0.0,0.0,0.0,0,77.496
1028052000,1028052000,0.99984914,0.0021455241,0.00040865754,-0.017493783,0.0,0.0,0.0,0.0,0,77.516
1028072000,1028072000,0.99984884,0.0022474686,0.000375487,-0.017498259,0.0,0.0,0.0,0.0,0,77.536
1028092000,1028092000,0.9998486,0.0023400763,0.000339898,-0.017502539,0.0,0.0,0.0,0.0,0,77.556
1028112000,1028112000,0.9998483,0.0024281172,0.00030187995,-0.017506795,0.0,0.0,0.0,0.0,0,77.576
1028132000,1028132000,0.99984807,0.002496813,0.0002628154,-0.01751085,0.0,0.0,0.0,0.0,0,77.596
1028152000,1028152000,0.9998479,0.0025466816,0.00022318467,-0.017514758,0.0,0.0,0.0,0.0,0,77.616
1028172000,1028172000,0.9998477,0.0025833298,0.00018340335,-0.01751856,0.0,0.0,0.0,0.0,0,77.636
1028192000,1028192000,0.9998476,0.0026127761,0.00014143121,-0.017522294,0.0,0.0,0.0,0.0,0,77.656
1028212000,1028212000,0.9998475,0.002632738,0.00010120634,-0.017526042,0.0,0.0,0.0,0.0,0,77.676
1028232000,1028232000,0.9998474,0.0026459144,5.787824e-05,-0.017529821,0.0,0.0,0.0,0.0,0,77.696
1028252000,1028252000,0.99984735,0.0026401463,1.1465811e-05,-0.017533323,0.0,0.0,0.0,0.0,0,77.716
1028272000,1028272000,0.99984735,0.002610871,-2.7364928e-05,-0.017537102,0.0,0.0,0.0,0.0,0,77.736
1028292000,1028292000,0.9998474,0.002564339,-6.372609e-05,-0.017541135,0.0,0.0,0.0,0.0,0,77.756
1028312000,1028312000,0.9998475,0.0025081239,-0.00010571091,-0.017545238,0.0,0.0,0.0,0.0,0,77.776
1028332000,1028332000,0.99984753,0.0024393585,-0.00015241938,-0.017549582,0.0,0.0,0.0,0.0,0,77.796
1028352000,1028352000,0.99984765,0.0023555164,-0.00020001997,-0.017554428,0.0,0.0,0.0,0.0,0,77.816
1028372000,1028372000,0.99984777,0.0022730723,-0.00024310709,-0.0175596,0.0,0.0,0.0,0.0,0,77.836
1028392000,1028392000,0.9998478,0.0021888053,-0.000277483,-0.017564856,0.0,0.0,0.0,0.0,0,77.856
1028412000,1028412000,0.99984795,0.0021019473,-0.00031166908,-0.017570091,0.0,0.0,0.0,0.0,0,77.876
1028432000,1028432000,0.999848,0.0020125527,-0.0003484159,-0.01757527,0.0,0.0,0.0,0.0,0,77.896
1028452000,1028452000,0.99984807,0.0019243297,-0.0003918228,-0.017580101,0.0,0.0,0.0,0.0,0,77.916
1028472000,1028472000,0.9998481,0.0018363608,-0.00042645689,-0.01758498,0.0,0.0,0.0,0.0,0,77.936
1028492000,1028492000,0.99984825,0.0017420425,-0.0004480019,-0.01759003,0.0,0.0,0.0,0.0,0,77.956
1028512000,1028512000,0.9998483,0.0016434403,-0.00047360247,-0.017595273,0.0,0.0,0.0,0.0,0,77.976
1028532000,1028532000,0.99984837,0.0015339957,-0.00050509075,-0.017601097,0.0,0.0,0.0,0.0,0,77.996
1028552000,1028552000,0.9998484,0.001407093,-0.0005337521,-0.017607253,0.0,0.0,0.0,0.0,0,78.016
1028572000,1028572000,0.9998484,0.0012837868,-0.0005506347,-0.017613824,0.0,0.0,0.0,0.0,0,78.036
1028592000,1028592000,0.9998485,0.0011560566,-0.0005583526,-0.017620994,0.0,0.0,0.0,0.0,0,78.056
1028612000,1028612000,0.9998485,0.0010250489,-0.00055876066,-0.017628735,0.0,0.0,0.0,0.0,0,78.076
1028632000,1028632000,0.9998484,0.0009039097,-0.0005612848,-0.017637243,0.0,0.0,0.0,0.0,0,78.096
1028652000,1028652000,0.99984837,0.0007882557,-0.0005509352,-0.017645793,0.0,0.0,0.0,0.0,0,78.116
1028672000,1028672000,0.9998483,0.00066293037,-0.00052813813,-0.017654918,0.0,0.0,0.0,0.0,0,78.136
1028692000,1028692000,0.99984825,0.0005228687,-0.0005015038,-0.017664615,0.0,0.0,0.0,0.0,0,78.156
1028712000,1028712000,0.9998482,0.00037760803,-0.000472833,-0.017674578,0.0,0.0,0.0,0.0,0,78.176
1028732000,1028732000,0.99984807,0.00023631303,-0.00044043284,-0.01768482,0.0,0.0,0.0,0.0,0,78.196
1028752000,1028752000,0.9998479,9.7238386e-05,-0.00040592524,-0.017695121,0.0,0.0,0.0,0.0,0,78.216
1028772000,1028772000,0.9998477,-4.234544e-05,-0.00037227361,-0.017705414,0.0,0.0,0.0,0.0,0,78.236
1028792000,1028792000,0.99984753,-0.00018324993,-0.00033994004,-0.017715782,0.0,0.0,0.0,0.0,0,78.256
1028812000,1028812000,0.99984735,-0.00032084223,-0.00030579427,-0.017726466,0.0,0.0,0.0,0.0,0,78.276
1028832000,1028832000,0.9998471,-0.00045345604,-0.0002623904,-0.017737167,0.0,0.0,0.0,0.0,0,78.296
1028852000,1028852000,0.9998469,-0.0005765656,-0.00020217354,-0.017747466,0.0,0.0,0.0,0.0,0,78.316
1028872000,1028872000,0.99984664,-0.00068171025,-0.0001336924,-0.017757665,0.0,0.0,0.0,0.0,0,78.336
1028892000,1028892000,0.9998464,-0.0007759541,-6.4956555e-05,-0.017767882,0.0,0.0,0.0,0.0,0,78.356
1028912000,1028912000,0.9998461,-0.00087238476,-2.3968964e-06,-0.017778475,0.0,0.0,0.0,0.0,0,78.376
1028932000,1028932000,0.99984586,-0.00096823537,5.873012e-05,-0.017789437,0.0,0.0,0.0,0.0,0,78.396
1028952000,1028952000,0.99984556,-0.0010538312,0.00012065601,-0.017800786,0.0,0.0,0.0,0.0,0,78.416
1028972000,1028972000,0.99984527,-0.0011340268,0.00017702182,-0.017812215,0.0,0.0,0.0,0.0,0,78.436
1028992000,1028992000,0.9998449,-0.0012180043,0.00022505844,-0.017823588,0.0,0.0,0.0,0.0,0,78.456
1029012000,1029012000,0.9998446,-0.0013029372,0.0002694688,-0.017835204,0.0,0.0,0.0,0.0,0,78.476
1029032000,1029032000,0.99984425,-0.0013821509,0.00031791546,-0.01784704,0.0,0.0,0.0,0.0,0,78.496
1029052000,1029052000,0.99984396,-0.0014587339,0.0003697484,-0.017858947,0.0,0.0,0.0,0.0,0,78.516
1029072000,1029072000,0.9998436,-0.0015341508,0.0004229089,-0.01787087,0.0,0.0,0.0,0.0,0,78.536
1029092000,1029092000,0.99984324,-0.001602567,0.0004772344,-0.017882954,0.0,0.0,0.0,0.0,0,78.556
1029112000,1029112000,0.9998429,-0.0016667587,0.00052973226,-0.017895192,0.0,0.0,0.0,0.0,0,78.576
1029132000,1029132000,0.9998425,-0.0017216927,0.000576146,-0.017907675,0.0,0.0,0.0,0.0,0,78.596
1029152000,1029152000,0.9998422,-0.0017645555,0.00062172074,-0.017920518,0.0,0.0,0.0,0.0,0,78.616
1029172000,1029172000,0.99984187,-0.0018017135,0.0006624269,-0.017933361,0.0,0.0,0.0,0.0,0,78.636
1029192000,1029192000,0.9998416,-0.0018353823,0.0006942587,-0.017945928,0.0,0.0,0.0,0.0,0,78.656
1029212000,1029212000,0.9998413,-0.0018679791,0.0007157439,-0.01795837,0.0,0.0,0.0,0.0,0,78.676
1029232000,1029232000,0.99984103,-0.0018933952,0.00072486757,-0.01797036,0.0,0.0,0.0,0.0,0,78.696
1029252000,1029252000,0.9998408,-0.0019098687,0.00072809693,-0.017982285,0.0,0.0,0.0,0.0,0,78.716
1029272000,1029272000,0.9998405,-0.0019262081,0.0007338857,-0.017994266,0.0,0.0,0.0,0.0,0,78.736
1029292000,1029292000,0.99984026,-0.001941904,0.00073754834,-0.018006194,0.0,0.0,0.0,0.0,0,78.756
1029312000,1029312000,0.99984,-0.0019598056,0.0007302509,-0.018017838,0.0,0.0,0.0,0.0,0,78.776
1029332000,1029332000,0.9998398,-0.0019742504,0.00071556517,-0.01802922,0.0,0.0,0.0,0.0,0,78.796
1029352000,1029352000,0.9998396,-0.0019898105,0.00069446274,-0.018040564,0.0,0.0,0.0,0.0,0,78.816
1029372000,1029372000,0.99983937,-0.002006687,0.00066637254,-0.018051682,0.0,0.0,0.0,0.0,0,78.836
1029392000,1029392000,0.9998392,-0.0020141914,0.0006405552,-0.01806242,0.0,0.0,0.0,0.0,0,78.856
1029412000,1029412000,0.999839,-0.002015478,0.00062228664,-0.018073028,0.0,0.0,0.0,0.0,0,78.876
1029432000,1029432000,0.9998388,-0.0020154393,0.0006044548,-0.01808346,0.0,0.0,0.0,0.0,0,78.896
1029452000,1029452000,0.99983865,-0.0020175574,0.00058538676,-0.018093448,0.0,0.0,0.0,0.0,0,78.916
1029472000,1029472000,0.9998385,-0.002022128,0.0005758282,-0.018103141,0.0,0.0,0.0,0.0,0,78.936
1029492000,1029492000,0.9998383,-0.0020327498,0.00056370103,-0.01811242,0.0,0.0,0.0,0.0,0,78.956
1029512000,1029512000,0.9998381,-0.0020517306,0.0005413964,-0.0181215,0.0,0.0,0.0,0.0,0,78.976
1029532000,1029532000,0.9998379,-0.0020732551,0.00051662343,-0.01813059,0.0,0.0,0.0,0.0,0,78.996
1029552000,1029552000,0.9998377,-0.002095849,0.0004900484,-0.018139705,0.0,0.0,0.0,0.0,0,79.016
1029572000,1029572000,0.9998375,-0.0021197968,0.00046274916,-0.018148713,0.0,0.0,0.0,0.0,0,79.036
1029592000,1029592000,0.9998373,-0.0021486925,0.00043866027,-0.018157315,0.0,0.0,0.0,0.0,0,79.056
1029612000,1029612000,0.9998371,-0.002179774,0.00041683155,-0.018165912,0.0,0.0,0.0,0.0,0,79.076
1029632000,1029632000,0.99983686,-0.0022004088,0.00039260887,-0.018174782,0.0,0.0,0.0,0.0,0,79.096
1029652000,1029652000,0.9998367,-0.002220094,0.00035904234,-0.018183585,0.0,0.0,0.0,0.0,0,79.116
1029672000,1029672000,0.9998365,-0.0022418282,0.00031889096,-0.018192355,0.0,0.0,0.0,0.0,0,79.136
1029692000,1029692000,0.9998363,-0.0022556551,0.00027591825,-0.018201107,0.0,0.0,0.0,0.0,0,79.156
1029712000,1029712000,0.99983615,-0.0022684652,0.00023020015,-0.01820976,0.0,0.0,0.0,0.0,0,79.176
1029732000,1029732000,0.99983597,-0.0022864887,0.00018044331,-0.018218264,0.0,0.0,0.0,0.0,0,79.196
1029752000,1029752000,0.9998358,-0.0023031812,0.00012531235,-0.018226989,0.0,0.0,0.0,0.0,0,79.216
1029772000,1029772000,0.9998356,-0.002312422,6.085379e-05,-0.018235868,0.0,0.0,0.0,0.0,0,79.236
1029792000,1029792000,0.99983543,-0.0023175993,-8.598522e-06,-0.018244706,0.0,0.0,0.0,0.0,0,79.256
1029812000,1029812000,0.99983525,-0.0023198354,-8.137603e-05,-0.018253494,0.0,0.0,0.0,0.0,0,79.276
1029832000,1029832000,0.9998351,-0.0023196614,-0.00015680479,-0.018262254,0.0,0.0,0.0,0.0,0,79.296
1029852000,1029852000,0.9998349,-0.0023135473,-0.00023494354,-0.01827143,0.0,0.0,0.0,0.0,0,79.316
1029872000,1029872000,0.9998348,-0.0022898696,-0.00032011134,-0.018280951,0.0,0.0,0.0,0.0,0,79.336
1029892000,1029892000,0.99983466,-0.0022563052,-0.00040401102,-0.018290618,0.0,0.0,0.0,0.0,0,79.356
1029912000,1029912000,0.9998345,-0.0022203287,-0.00048549025,-0.018300526,0.0,0.0,0.0,0.0,0,79.376
1029932000,1029932000,0.99983436,-0.002185745,-0.00056014664,-0.018310554,0.0,0.0,0.0,0.0,0,79.396
1029952000,1029952000,0.9998342,-0.0021498317,-0.0006333799,-0.018320542,0.0,0.0,0.0,0.0,0,79.416
1029972000,1029972000,0.99983406,-0.0021115527,-0.0007073752,-0.018330472,0.0,0.0,0.0,0.0,0,79.436
1029992000,1029992000,0.9998339,-0.0020705457,-0.00078284333,-0.01834033,0.0,0.0,0.0,0.0,0,79.456
1030012000,1030012000,0.99983376,-0.002026514,-0.0008579411,-0.01835015,0.0,0.0,0.0,0.0,0,79.476
1030032000,1030032000,0.9998336,-0.0019782705,-0.00093118654,-0.018359952,0.0,0.0,0.0,0.0,0,79.496
1030052000,1030052000,0.99983346,-0.0019255056,-0.0009979041,-0.018369706,0.0,0.0,0.0,0.0,0,79.516
1030072000,1030072000,0.99983335,-0.0018604003,-0.0010611359,-0.01837901,0.0,0.0,0.0,0.0,0,79.536
1030092000,1030092000,0.9998332,-0.0017892594,-0.0011310627,-0.018387612,0.0,0.0,0.0,0.0,0,79.556
1030112000,1030112000,0.99983317,-0.0017190124,-0.0012066349,-0.018395405,0.0,0.0,0.0,0.0,0,79.576
1030132000,1030132000,0.99983305,-0.0016468902,-0.0012760151,-0.018402873,0.0,0.0,0.0,0.0,0,79.596
1030152000,1030152000,0.9998329,-0.0015727939,-0.0013443403,-0.018410059,0.0,0.0,0.0,0.0,0,79.616
1030172000,1030172000,0.9998328,-0.0014954614,-0.0014125982,-0.018417059,0.0,0.0,0.0,0.0,0,79.636
1030192000,1030192000,0.9998327,-0.0014146375,-0.0014813626,-0.018423963,0.0,0.0,0.0,0.0,0,79.656
1030212000,1030212000,0.99983263,-0.0013290906,-0.0015522311,-0.018430702,0.0,0.0,0.0,0.0,0,79.676
1030232000,1030232000,0.9998325,-0.0012388991,-0.001625091,-0.01843729,0.0,0.0,0.0,0.0,0,79.696
1030252000,1030252000,0.99983233,-0.0011429267,-0.0017037205,-0.018443462,0.0,0.0,0.0,0.0,0,79.716
1030272000,1030272000,0.9998322,-0.0010354334,-0.001797824,-0.018449226,0.0,0.0,0.0,0.0,0,79.736
1030292000,1030292000,0.99983203,-0.00091406796,-0.0018917966,-0.018454712,0.0,0.0,0.0,0.0,0,79.756
1030312000,1030312000,0.99983186,-0.000783449,-0.0019805282,-0.018460048,0.0,0.0,0.0,0.0,0,79.776
1030332000,1030332000,0.99983174,-0.00064859603,-0.0020595721,-0.018465245,0.0,0.0,0.0,0.0,0,79.796
1030352000,1030352000,0.99983156,-0.0005130384,-0.0021377632,-0.018470189,0.0,0.0,0.0,0.0,0,79.816
1030372000,1030372000,0.9998313,-0.00037874907,-0.0022189205,-0.018474914,0.0,0.0,0.0,0.0,0,79.836
1030392000,1030392000,0.99983114,-0.00024293817,-0.0023013062,-0.018479556,0.0,0.0,0.0,0.0,0,79.856
1030412000,1030412000,0.9998309,-0.000108690954,-0.0023796693,-0.018483788,0.0,0.0,0.0,0.0,0,79.876
1030432000,1030432000,0.99983066,1.90402e-05,-0.0024480103,-0.018487928,0.0,0.0,0.0,0.0,0,79.896
1030452000,1030452000,0.9998304,0.00014191437,-0.0025077956,-0.018491698,0.0,0.0,0.0,0.0,0,79.916
1030472000,1030472000,0.9998302,0.00026182277,-0.0025608533,-0.018495426,0.0,0.0,0.0,0.0,0,79.936
1030492000,1030492000,0.99982995,0.0003771462,-0.0026054224,-0.018499063,0.0,0.0,0.0,0.0,0,79.956
1030512000,1030512000,0.99982977,0.0004907206,-0.0026450907,-0.018502682,0.0,0.0,0.0,0.0,0,79.976
1030532000,1030532000,0.99982953,0.0005973042,-0.0026771098,-0.018506138,0.0,0.0,0.0,0.0,0,79.996
1030552000,1030552000,0.99982935,0.0006944045,-0.0026974438,-0.018509792,0.0,0.0,0.0,0.0,0,80.016
1030572000,1030572000,0.9998292,0.00078558445,-0.0027116209,-0.018513523,0.0,0.0,0.0,0.0,0,80.036
1030592000,1030592000,0.999829,0.0008696535,-0.0027169085,-0.018517675,0.0,0.0,0.0,0.0,0,80.056
1030612000,1030612000,0.9998289,0.00094416493,-0.0027159017,-0.01852186,0.0,0.0,0.0,0.0,0,80.076
1030632000,1030632000,0.99982876,0.001003891,-0.0027117468,-0.018526057,0.0,0.0,0.0,0.0,0,80.096
1030652000,1030652000,0.99982864,0.0010474668,-0.0027068595,-0.018530138,0.0,0.0,0.0,0.0,0,80.116
1030672000,1030672000,0.9998286,0.001078708,-0.0027034017,-0.018533932,0.0,0.0,0.0,0.0,0,80.136
1030692000,1030692000,0.99982846,0.0010987633,-0.002698017,-0.0185372,0.0,0.0,0.0,0.0,0,80.156
1030712000,1030712000,0.99982846,0.001105418,-0.002692565,-0.018540189,0.0,0.0,0.0,0.0,0,80.176
1030732000,1030732000,0.9998284,0.001103479,-0.0026789478,-0.018542858,0.0,0.0,0.0,0.0,0,80.196
1030752000,1030752000,0.99982846,0.0011002164,-0.0026532356,-0.01854498,0.0,0.0,0.0,0.0,0,80.216
1030772000,1030772000,0.9998285,0.0010960719,-0.002617303,-0.018546948,0.0,0.0,0.0,0.0,0,80.236
1030792000,1030792000,0.9998286,0.0010834214,-0.0025765742,-0.018548872,0.0,0.0,0.0,0.0,0,80.256
1030812000,1030812000,0.9998287,0.001071599,-0.0025269997,-0.018550562,0.0,0.0,0.0,0.0,0,80.276
1030832000,1030832000,0.9998288,0.0010615452,-0.0024698914,-0.018552065,0.0,0.0,0.0,0.0,0,80.296
1030852000,1030852000,0.99982893,0.001052551,-0.0024186806,-0.018553613,0.0,0.0,0.0,0.0,0,80.316
1030872000,1030872000,0.99982905,0.0010476935,-0.0023717496,-0.018555425,0.0,0.0,0.0,0.0,0,80.336
1030892000,1030892000,0.9998291,0.0010488525,-0.002328057,-0.018557312,0.0,0.0,0.0,0.0,0,80.356
1030912000,1030912000,0.9998292,0.0010514137,-0.0022825678,-0.018559178,0.0,0.0,0.0,0.0,0,80.376
1030932000,1030932000,0.99982923,0.0010435919,-0.0022351309,-0.018560939,0.0,0.0,0.0,0.0,0,80.396
1030952000,1030952000,0.99982935,0.0010242502,-0.0021854246,-0.018562576,0.0,0.0,0.0,0.0,0,80.416
1030972000,1030972000,0.9998295,0.0009963763,-0.0021308786,-0.018564006,0.0,0.0,0.0,0.0,0,80.436
1030992000,1030992000,0.9998296,0.00096660864,-0.0020751324,-0.01856545,0.0,0.0,0.0,0.0,0,80.456
1031012000,1031012000,0.9998297,0.0009320858,-0.002013495,-0.01856731,0.0,0.0,0.0,0.0,0,80.476
1031032000,1031032000,0.9998298,0.0008942129,-0.0019511564,-0.01856961,0.0,0.0,0.0,0.0,0,80.496
1031052000,1031052000,0.9998299,0.0008554772,-0.0018874964,-0.018572684,0.0,0.0,0.0,0.0,0,80.516
1031072000,1031072000,0.99983,0.000816825,-0.0018241968,-0.018576266,0.0,0.0,0.0,0.0,0,80.536
1031092000,1031092000,0.99983007,0.0007796587,-0.0017633127,-0.018580057,0.0,0.0,0.0,0.0,0,80.556
1031112000,1031112000,0.9998301,0.00073929556,-0.0017053701,-0.018583998,0.0,0.0,0.0,0.0,0,80.576
1031132000,1031132000,0.9998302,0.00069807516,-0.0016525639,-0.018587923,0.0,0.0,0.0,0.0,0,80.596
1031152000,1031152000,0.99983025,0.000654169,-0.0015904087,-0.018591952,0.0,0.0,0.0,0.0,0,80.616
1031172000,1031172000,0.99983025,0.0006158256,-0.0015264594,-0.018596476,0.0,0.0,0.0,0.0,0,80.636
1031192000,1031192000,0.9998303,0.00058185816,-0.0014614089,-0.018601403,0.0,0.0,0.0,0.0,0,80.656
1031212000,1031212000,0.9998303,0.00055097206,-0.0014010379,-0.018606665,0.0,0.0,0.0,0.0,0,80.676
1031232000,1031232000,0.9998303,0.0005195153,-0.00133988,-0.01861223,0.0,0.0,0.0,0.0,0,80.696
1031252000,1031252000,0.9998303,0.0004825673,-0.0012804406,-0.018618325,0.0,0.0,0.0,0.0,0,80.716
1031272000,1031272000,0.99983025,0.00044327448,-0.0012194962,-0.01862481,0.0,0.0,0.0,0.0,0,80.736
1031292000,1031292000,0.99983025,0.0004087977,-0.0011503199,-0.018631777,0.0,0.0,0.0,0.0,0,80.756
1031312000,1031312000,0.9998302,0.00037127812,-0.0010802425,-0.018639155,0.0,0.0,0.0,0.0,0,80.776
1031332000,1031332000,0.9998301,0.00032373102,-0.0010170175,-0.018646862,0.0,0.0,0.0,0.0,0,80.796
1031352000,1031352000,0.99983,0.00026973657,-0.0009656743,-0.018654881,0.0,0.0,0.0,0.0,0,80.816
1031372000,1031372000,0.99982995,0.00021668129,-0.0009183023,-0.01866344,0.0,0.0,0.0,0.0,0,80.836
1031392000,1031392000,0.9998298,0.00016419357,-0.00086098857,-0.018672379,0.0,0.0,0.0,0.0,0,80.856
1031412000,1031412000,0.9998297,0.00010662036,-0.00080625026,-0.018681673,0.0,0.0,0.0,0.0,0,80.876
1031432000,1031432000,0.99982953,4.474417e-05,-0.00076277193,-0.018691495,0.0,0.0,0.0,0.0,0,80.896
1031452000,1031452000,0.9998294,-1.04314695e-05,-0.00071799697,-0.018702023,0.0,0.0,0.0,0.0,0,80.916
1031472000,1031472000,0.99982923,-6.3190855e-05,-0.00066898495,-0.018712822,0.0,0.0,0.0,0.0,0,80.936
1031492000,1031492000,0.99982905,-0.000121707046,-0.00063284556,-0.018723967,0.0,0.0,0.0,0.0,0,80.956
1031512000,1031512000,0.9998288,-0.00018828345,-0.0006076053,-0.018735252,0.0,0.0,0.0,0.0,0,80.976
1031532000,1031532000,0.99982864,-0.00025010933,-0.0005760003,-0.018746842,0.0,0.0,0.0,0.0,0,80.996
1031552000,1031552000,0.9998284,-0.00031364057,-0.00054277433,-0.018758547,0.0,0.0,0.0,0.0,0,81.016
1031572000,1031572000,0.99982816,-0.0003856002,-0.00051602646,-0.018770292,0.0,0.0,0.0,0.0,0,81.036
1031592000,1031592000,0.9998279,-0.00045967408,-0.0004985872,-0.0187821,0.0,0.0,0.0,0.0,0,81.056
1031612000,1031612000,0.9998277,-0.0005291017,-0.00049216574,-0.01879378,0.0,0.0,0.0,0.0,0,81.076
1031632000,1031632000,0.99982744,-0.0005932476,-0.00048870005,-0.018805442,0.0,0.0,0.0,0.0,0,81.096
1031652000,1031652000,0.99982715,-0.00065531966,-0.0004829003,-0.01881707,0.0,0.0,0.0,0.0,0,81.116
1031672000,1031672000,0.9998269,-0.0007162704,-0.00047655203,-0.018828949,0.0,0.0,0.0,0.0,0,81.136
1031692000,1031692000,0.9998266,-0.00076987984,-0.0004724435,-0.01884111,0.0,0.0,0.0,0.0,0,81.156
1031712000,1031712000,0.9998264,-0.0008144842,-0.00046965948,-0.018853342,0.0,0.0,0.0,0.0,0,81.176
1031732000,1031732000,0.99982613,-0.00085270545,-0.00047297715,-0.018865509,0.0,0.0,0.0,0.0,0,81.196
1031752000,1031752000,0.99982584,-0.00088120316,-0.00047839768,-0.018877462,0.0,0.0,0.0,0.0,0,81.216
1031772000,1031772000,0.9998256,-0.00089672126,-0.00049438886,-0.018889492,0.0,0.0,0.0,0.0,0,81.236
1031792000,1031792000,0.99982536,-0.00090478733,-0.0005185675,-0.018901344,0.0,0.0,0.0,0.0,0,81.256
1031812000,1031812000,0.9998251,-0.00090484525,-0.00053346535,-0.01891277,0.0,0.0,0.0,0.0,0,81.276
1031832000,1031832000,0.99982494,-0.00089858676,-0.0005408248,-0.018923923,0.0,0.0,0.0,0.0,0,81.296
1031852000,1031852000,0.9998247,-0.000887873,-0.0005574046,-0.01893479,0.0,0.0,0.0,0.0,0,81.316
1031872000,1031872000,0.9998245,-0.0008707685,-0.000576647,-0.018945098,0.0,0.0,0.0,0.0,0,81.336
1031892000,1031892000,0.99982435,-0.0008499594,-0.0005937376,-0.018955143,0.0,0.0,0.0,0.0,0,81.356
1031912000,1031912000,0.99982417,-0.0008227345,-0.0006117302,-0.018964816,0.0,0.0,0.0,0.0,0,81.376
1031932000,1031932000,0.999824,-0.0007919729,-0.0006276679,-0.01897438,0.0,0.0,0.0,0.0,0,81.396
1031952000,1031952000,0.99982387,-0.00075894315,-0.00064139883,-0.01898382,0.0,0.0,0.0,0.0,0,81.416
1031972000,1031972000,0.9998237,-0.0007238719,-0.0006575578,-0.018993232,0.0,0.0,0.0,0.0,0,81.436
1031992000,1031992000,0.9998235,-0.0006859734,-0.00067529915,-0.01900272,0.0,0.0,0.0,0.0,0,81.456
1032012000,1032012000,0.99982333,-0.0006481078,-0.000695762,-0.01901233,0.0,0.0,0.0,0.0,0,81.476
1032032000,1032032000,0.99982315,-0.0006058104,-0.0007235143,-0.019022068,0.0,0.0,0.0,0.0,0,81.496
1032052000,1032052000,0.999823,-0.00056447246,-0.000754299,-0.019031685,0.0,0.0,0.0,0.0,0,81.516
1032072000,1032072000,0.9998228,-0.0005235348,-0.00078763143,-0.019041205,0.0,0.0,0.0,0.0,0,81.536
1032092000,1032092000,0.9998226,-0.00047777133,-0.00083314173,-0.019050378,0.0,0.0,0.0,0.0,0,81.556
1032112000,1032112000,0.99982244,-0.000425154,-0.00088374177,-0.019059064,0.0,0.0,0.0,0.0,0,81.576
1032132000,1032132000,0.99982226,-0.00037009528,-0.0009289782,-0.019067045,0.0,0.0,0.0,0.0,0,81.596
1032152000,1032152000,0.9998221,-0.00031456666,-0.00097374385,-0.019074587,0.0,0.0,0.0,0.0,0,81.616
1032172000,1032172000,0.9998219,-0.0002608509,-0.001025546,-0.019081648,0.0,0.0,0.0,0.0,0,81.636
1032192000,1032192000,0.9998218,-0.00020298341,-0.0010768509,-0.019088138,0.0,0.0,0.0,0.0,0,81.656
1032212000,1032212000,0.9998216,-0.00014153983,-0.0011221678,-0.019093763,0.0,0.0,0.0,0.0,0,81.676
1032232000,1032232000,0.9998215,-7.412855e-05,-0.0011581983,-0.019098902,0.0,0.0,0.0,0.0,0,81.696
1032252000,1032252000,0.99982136,-2.685984e-06,-0.0011985768,-0.019103928,0.0,0.0,0.0,0.0,0,81.716
1032272000,1032272000,0.9998212,7.056443e-05,-0.0012429461,-0.019108847,0.0,0.0,0.0,0.0,0,81.736
1032292000,1032292000,0.99982107,0.00014775258,-0.0012786165,-0.01911352,0.0,0.0,0.0,0.0,0,81.756
1032312000,1032312000,0.9998209,0.00022943462,-0.0013061245,-0.019117841,0.0,0.0,0.0,0.0,0,81.776
1032332000,1032332000,0.99982077,0.0003087234,-0.0013449176,-0.019121716,0.0,0.0,0.0,0.0,0,81.796
1032352000,1032352000,0.9998206,0.00038312134,-0.0013869158,-0.019125318,0.0,0.0,0.0,0.0,0,81.816
1032372000,1032372000,0.9998205,0.00045585542,-0.0014250878,-0.019128827,0.0,0.0,0.0,0.0,0,81.836
1032392000,1032392000,0.9998203,0.0005235943,-0.0014531839,-0.019132264,0.0,0.0,0.0,0.0,0,81.856
1032412000,1032412000,0.9998202,0.00058414025,-0.001467963,-0.019135812,0.0,0.0,0.0,0.0,0,81.876
1032432000,1032432000,0.99982005,0.000640932,-0.001478723,-0.019139215,0.0,0.0,0.0,0.0,0,81.896
1032452000,1032452000,0.99981993,0.0006948146,-0.0014933759,-0.019142538,0.0,0.0,0.0,0.0,0,81.916
1032472000,1032472000,0.9998199,0.00074525585,-0.0014996801,-0.01914591,0.0,0.0,0.0,0.0,0,81.936
1032492000,1032492000,0.99981976,0.0007898033,-0.0015061293,-0.019149384,0.0,0.0,0.0,0.0,0,81.956
1032512000,1032512000,0.99981964,0.0008305171,-0.0015154155,-0.019152803,0.0,0.0,0.0,0.0,0,81.976
1032532000,1032532000,0.9998195,0.0008699003,-0.0015163433,-0.019156095,0.0,0.0,0.0,0.0,0,81.996
1032552000,1032552000,0.99981946,0.0009062708,-0.001512014,-0.019159246,0.0,0.0,0.0,0.0,0,82.016
1032572000,1032572000,0.99981934,0.000940776,-0.001515277,-0.01916246,0.0,0.0,0.0,0.0,0,82.036
1032592000,1032592000,0.9998192,0.0009722757,-0.0015212017,-0.019165799,0.0,0.0,0.0,0.0,0,82.056
1032612000,1032612000,0.99981916,0.0009960966,-0.0015106975,-0.019169016,0.0,0.0,0.0,0.0,0,82.076
1032632000,1032632000,0.99981916,0.0010131866,-0.0014847274,-0.019172091,0.0,0.0,0.0,0.0,0,82.096
1032652000,1032652000,0.9998191,0.0010251196,-0.001450825,-0.019174885,0.0,0.0,0.0,0.0,0,82.116
1032672000,1032672000,0.9998191,0.0010320266,-0.0014164448,-0.019177625,0.0,0.0,0.0,0.0,0,82.136
1032692000,1032692000,0.9998191,0.0010425237,-0.0013725464,-0.019180642,0.0,0.0,0.0,0.0,0,82.156
1032712000,1032712000,0.9998191,0.0010522101,-0.0013254853,-0.019183682,0.0,0.0,0.0,0.0,0,82.176
1032732000,1032732000,0.9998191,0.0010547643,-0.0012878211,-0.019186925,0.0,0.0,0.0,0.0,0,82.196
1032752000,1032752000,0.99981904,0.0010551994,-0.0012554278,-0.019190447,0.0,0.0,0.0,0.0,0,82.216
1032772000,1032772000,0.99981904,0.0010580561,-0.0012028527,-0.019194053,0.0,0.0,0.0,0.0,0,82.236
1032792000,1032792000,0.99981904,0.001052263,-0.0011393504,-0.019197818,0.0,0.0,0.0,0.0,0,82.256
1032812000,1032812000,0.99981904,0.001040281,-0.001083503,-0.01920192,0.0,0.0,0.0,0.0,0,82.276
1032832000,1032832000,0.99981904,0.0010281367,-0.0010326339,-0.019206153,0.0,0.0,0.0,0.0,0,82.296
1032852000,1032852000,0.99981904,0.001009685,-0.0009703907,-0.01921057,0.0,0.0,0.0,0.0,0,82.316
1032872000,1032872000,0.99981904,0.0009813498,-0.00089952006,-0.019215226,0.0,0.0,0.0,0.0,0,82.336
1032892000,1032892000,0.99981904,0.0009541673,-0.00083552056,-0.01922049,0.0,0.0,0.0,0.0,0,82.356
1032912000,1032912000,0.999819,0.0009324458,-0.0007743196,-0.019226126,0.0,0.0,0.0,0.0,0,82.376
1032932000,1032932000,0.9998189,0.00091879355,-0.0007126112,-0.019232178,0.0,0.0,0.0,0.0,0,82.396
1032952000,1032952000,0.99981886,0.00090774626,-0.00064999756,-0.019238647,0.0,0.0,0.0,0.0,0,82.416
1032972000,1032972000,0.9998188,0.000885433,-0.0005798116,-0.019245831,0.0,0.0,0.0,0.0,0,82.436
1032992000,1032992000,0.9998187,0.0008526788,-0.0005009589,-0.01925341,0.0,0.0,0.0,0.0,0,82.456
1033012000,1033012000,0.9998186,0.0008192285,-0.00042730806,-0.019261409,0.0,0.0,0.0,0.0,0,82.476
1033032000,1033032000,0.9998185,0.0007865032,-0.000355156,-0.019269686,0.0,0.0,0.0,0.0,0,82.496
1033052000,1033052000,0.9998184,0.0007574686,-0.00028829614,-0.019278603,0.0,0.0,0.0,0.0,0,82.516
1033072000,1033072000,0.9998182,0.0007348753,-0.00022266594,-0.019287985,0.0,0.0,0.0,0.0,0,82.536
1033092000,1033092000,0.999818,0.00072453846,-0.00015535207,-0.019298073,0.0,0.0,0.0,0.0,0,82.556
1033112000,1033112000,0.99981785,0.00072193716,-8.840281e-05,-0.019308403,0.0,0.0,0.0,0.0,0,82.576
1033132000,1033132000,0.99981767,0.00071569474,-3.0786217e-05,-0.01931871,0.0,0.0,0.0,0.0,0,82.596
1033152000,1033152000,0.9998175,0.00070504344,2.6543523e-05,-0.019328939,0.0,0.0,0.0,0.0,0,82.616
1033172000,1033172000,0.9998173,0.0006952141,9.198583e-05,-0.019339023,0.0,0.0,0.0,0.0,0,82.636
1033192000,1033192000,0.9998171,0.0006885513,0.00016063993,-0.01934899,0.0,0.0,0.0,0.0,0,82.656
