timestamp,timestamp_sample,q[0],q[1],q[2],q[3],delta_q_reset[0],delta_q_reset[1],delta_q_reset[2],delta_q_reset[3],quat_reset_counter,time_sec
552932000,552932000,0.9998737,0.01033099,0.009536524,-0.007998896,0.0,0.0,0.0,0.0,0,0.0
552952000,552952000,0.9997965,0.012678374,0.014080158,-0.007556461,0.0,0.0,0.0,0.0,0,0.02
552972000,552972000,0.99969715,0.014931194,0.018467829,-0.0071179694,0.0,0.0,0.0,0.0,0,0.04
552992000,552992000,0.9995789,0.017077688,0.022689564,-0.0066857156,0.0,0.0,0.0,0.0,0,0.06
553012000,553012000,0.9994443,0.0191269,0.026741313,-0.0062619923,0.0,0.0,0.0,0.0,0,0.08
553032000,553032000,0.99929655,0.021082502,0.030608479,-0.0058494518,0.0,0.0,0.0,0.0,0,0.1
553052000,553052000,0.9991375,0.0229514,0.03430544,-0.0054496797,0.0,0.0,0.0,0.0,0,0.12
553072000,553072000,0.9989702,0.024722343,0.03782585,-0.005064651,0.0,0.0,0.0,0.0,0,0.14
553092000,553092000,0.9987967,0.026393227,0.04117796,-0.0046955645,0.0,0.0,0.0,0.0,0,0.16
553112000,553112000,0.99861956,0.02796357,0.04435437,-0.0043441015,0.0,0.0,0.0,0.0,0,0.18
553132000,553132000,0.998441,0.029432723,0.04735377,-0.004011656,0.0,0.0,0.0,0.0,0,0.2
553152000,553152000,0.9982632,0.03081166,0.050166957,-0.0037000782,0.0,0.0,0.0,0.0,0,0.22
553172000,553172000,0.9980867,0.032104846,0.052818134,-0.0034098886,0.0,0.0,0.0,0.0,0,0.24
553192000,553192000,0.99791324,0.033311963,0.055305324,-0.0031424132,0.0,0.0,0.0,0.0,0,0.26
553212000,553212000,0.99774474,0.03442796,0.057626467,-0.002897997,0.0,0.0,0.0,0.0,0,0.28
553232000,553232000,0.9975825,0.035461944,0.059779625,-0.0026776253,0.0,0.0,0.0,0.0,0,0.3
553252000,553252000,0.9974267,0.0364119,0.06178243,-0.0024799814,0.0,0.0,0.0,0.0,0,0.32
553272000,553272000,0.99727905,0.03728898,0.06362274,-0.002305809,0.0,0.0,0.0,0.0,0,0.34
553292000,553292000,0.99714005,0.038098715,0.06530475,-0.0021552609,0.0,0.0,0.0,0.0,0,0.36
553312000,553312000,0.99701047,0.038841374,0.066831544,-0.0020278546,0.0,0.0,0.0,0.0,0,0.38
553332000,553332000,0.9968903,0.039504226,0.06822426,-0.0019214527,0.0,0.0,0.0,0.0,0,0.4
553352000,553352000,0.99678034,0.04009725,0.06947554,-0.0018368154,0.0,0.0,0.0,0.0,0,0.42
553372000,553372000,0.9966812,0.04061583,0.07058919,-0.0017727178,0.0,0.0,0.0,0.0,0,0.44
553392000,553392000,0.9965929,0.041065633,0.07157087,-0.0017280669,0.0,0.0,0.0,0.0,0,0.46
553412000,553412000,0.99651533,0.04144991,0.07242409,-0.001701634,0.0,0.0,0.0,0.0,0,0.48
553432000,553432000,0.9964491,0.041774217,0.073145606,-0.0016934043,0.0,0.0,0.0,0.0,0,0.5
553452000,553452000,0.99639404,0.042036597,0.073742844,-0.0017018111,0.0,0.0,0.0,0.0,0,0.52
553472000,553472000,0.9963496,0.042235646,0.07422845,-0.0017251523,0.0,0.0,0.0,0.0,0,0.54
553492000,553492000,0.99631554,0.04237781,0.07460235,-0.0017626183,0.0,0.0,0.0,0.0,0,0.56
553512000,553512000,0.99629134,0.04247318,0.07486961,-0.0018133951,0.0,0.0,0.0,0.0,0,0.58
553532000,553532000,0.9962767,0.04251768,0.07503743,-0.0018762583,0.0,0.0,0.0,0.0,0,0.6
553552000,553552000,0.99627167,0.042509403,0.07510669,-0.0019499203,0.0,0.0,0.0,0.0,0,0.62
553572000,553572000,0.9962762,0.04244789,0.07507955,-0.0020324616,0.0,0.0,0.0,0.0,0,0.64
553592000,553592000,0.9962903,0.042338368,0.07495111,-0.0021230814,0.0,0.0,0.0,0.0,0,0.66
553612000,553612000,0.99631333,0.042179447,0.074731916,-0.0022199382,0.0,0.0,0.0,0.0,0,0.68
553632000,553632000,0.99634427,0.04196947,0.07443379,-0.0023214542,0.0,0.0,0.0,0.0,0,0.7
553652000,553652000,0.9963823,0.041722838,0.07405895,-0.0024274318,0.0,0.0,0.0,0.0,0,0.72
553672000,553672000,0.99642694,0.041453253,0.07360468,-0.0025376882,0.0,0.0,0.0,0.0,0,0.74
553692000,553692000,0.99647796,0.041155197,0.073075265,-0.0026501513,0.0,0.0,0.0,0.0,0,0.76
553712000,553712000,0.99653536,0.04082156,0.0724732,-0.0027634765,0.0,0.0,0.0,0.0,0,0.78
553732000,553732000,0.9965984,0.040459104,0.07180127,-0.0028772443,0.0,0.0,0.0,0.0,0,0.8
553752000,553752000,0.9966667,0.04005796,0.071070425,-0.0029891129,0.0,0.0,0.0,0.0,0,0.82
553772000,553772000,0.99673903,0.039622735,0.07029093,-0.0030982078,0.0,0.0,0.0,0.0,0,0.84
553792000,553792000,0.9968154,0.039150875,0.06946319,-0.0032035904,0.0,0.0,0.0,0.0,0,0.86
553812000,553812000,0.9968958,0.03865767,0.06857499,-0.0033055122,0.0,0.0,0.0,0.0,0,0.88
553832000,553832000,0.99698025,0.03814507,0.06762251,-0.0034035547,0.0,0.0,0.0,0.0,0,0.9
553852000,553852000,0.9970676,0.037606724,0.06662468,-0.0034958236,0.0,0.0,0.0,0.0,0,0.92
553872000,553872000,0.9971566,0.03704108,0.065596566,-0.003581105,0.0,0.0,0.0,0.0,0,0.94
553892000,553892000,0.9972475,0.03646418,0.06452473,-0.0036606349,0.0,0.0,0.0,0.0,0,0.96
553912000,553912000,0.9973398,0.03586978,0.06341819,-0.003733443,0.0,0.0,0.0,0.0,0,0.98
553932000,553932000,0.9974326,0.035260484,0.062286206,-0.0037992336,0.0,0.0,0.0,0.0,0,1.0
553952000,553952000,0.9975258,0.03463163,0.061132498,-0.0038574813,0.0,0.0,0.0,0.0,0,1.02
553972000,553972000,0.9976192,0.03398929,0.059954,-0.003908135,0.0,0.0,0.0,0.0,0,1.04
553992000,553992000,0.99771285,0.033336695,0.05874737,-0.0039508054,0.0,0.0,0.0,0.0,0,1.06
554012000,554012000,0.99780595,0.032672223,0.057524256,-0.003985025,0.0,0.0,0.0,0.0,0,1.08
554032000,554032000,0.9978984,0.031996705,0.056284703,-0.004011176,0.0,0.0,0.0,0.0,0,1.1
554052000,554052000,0.9979899,0.03131721,0.055029653,-0.0040291846,0.0,0.0,0.0,0.0,0,1.12
554072000,554072000,0.9980804,0.030629564,0.053760704,-0.0040385877,0.0,0.0,0.0,0.0,0,1.14
554092000,554092000,0.99816996,0.029936923,0.05247237,-0.0040398454,0.0,0.0,0.0,0.0,0,1.16
554112000,554112000,0.9982578,0.029239595,0.051178012,-0.0040327725,0.0,0.0,0.0,0.0,0,1.18
554132000,554132000,0.9983439,0.028535318,0.049882293,-0.00401749,0.0,0.0,0.0,0.0,0,1.2
554152000,554152000,0.99842817,0.027820796,0.048583094,-0.0039941794,0.0,0.0,0.0,0.0,0,1.22
554172000,554172000,0.9985108,0.027096953,0.04727995,-0.0039631887,0.0,0.0,0.0,0.0,0,1.24
554192000,554192000,0.99859124,0.02636804,0.04597767,-0.00392447,0.0,0.0,0.0,0.0,0,1.26
554212000,554212000,0.9986693,0.02563667,0.04468124,-0.0038783476,0.0,0.0,0.0,0.0,0,1.28
554232000,554232000,0.99874455,0.024909142,0.04339703,-0.003825446,0.0,0.0,0.0,0.0,0,1.3
554252000,554252000,0.9988166,0.0241905,0.042131577,-0.003766177,0.0,0.0,0.0,0.0,0,1.32
554272000,554272000,0.9988851,0.023492249,0.040891603,-0.0037014505,0.0,0.0,0.0,0.0,0,1.34
554292000,554292000,0.9989496,0.02280862,0.039691154,-0.0036313073,0.0,0.0,0.0,0.0,0,1.36
554312000,554312000,0.9990102,0.022149578,0.038528025,-0.0035565658,0.0,0.0,0.0,0.0,0,1.38
554332000,554332000,0.9990672,0.02151347,0.03740163,-0.0034776598,0.0,0.0,0.0,0.0,0,1.4
554352000,554352000,0.9991209,0.020907719,0.03630267,-0.0033955516,0.0,0.0,0.0,0.0,0,1.42
554372000,554372000,0.9991711,0.020328822,0.03524229,-0.003310431,0.0,0.0,0.0,0.0,0,1.44
554392000,554392000,0.99921775,0.019778837,0.034225862,-0.0032223987,0.0,0.0,0.0,0.0,0,1.46
554412000,554412000,0.9992612,0.019263452,0.03324499,-0.0031322185,0.0,0.0,0.0,0.0,0,1.48
554432000,554432000,0.99930185,0.018777866,0.032296572,-0.0030403482,0.0,0.0,0.0,0.0,0,1.5
554452000,554452000,0.9993398,0.018321449,0.031380262,-0.0029470888,0.0,0.0,0.0,0.0,0,1.52
554472000,554472000,0.99937516,0.01788714,0.030500839,-0.0028528376,0.0,0.0,0.0,0.0,0,1.54
554492000,554492000,0.99940825,0.017477237,0.02965227,-0.002758076,0.0,0.0,0.0,0.0,0,1.56
554512000,554512000,0.9994393,0.017087325,0.028829386,-0.0026631316,0.0,0.0,0.0,0.0,0,1.58
554532000,554532000,0.9994687,0.016713433,0.028027099,-0.00256861,0.0,0.0,0.0,0.0,0,1.6
554552000,554552000,0.9994966,0.016352175,0.027243389,-0.0024746754,0.0,0.0,0.0,0.0,0,1.62
554572000,554572000,0.999523,0.016003871,0.026477994,-0.002381914,0.0,0.0,0.0,0.0,0,1.64
554592000,554592000,0.999548,0.015674232,0.025726998,-0.002290797,0.0,0.0,0.0,0.0,0,1.66
554612000,554612000,0.99957174,0.015355432,0.024995456,-0.00220115,0.0,0.0,0.0,0.0,0,1.68
554632000,554632000,0.99959415,0.015050172,0.024281884,-0.0021135516,0.0,0.0,0.0,0.0,0,1.7
554652000,554652000,0.9996155,0.01475216,0.023584152,-0.002028327,0.0,0.0,0.0,0.0,0,1.72
554672000,554672000,0.9996357,0.014463111,0.022904512,-0.0019458076,0.0,0.0,0.0,0.0,0,1.74
554692000,554692000,0.999655,0.014181958,0.022235435,-0.0018660375,0.0,0.0,0.0,0.0,0,1.76
554712000,554712000,0.9996735,0.01389612,0.02158048,-0.0017891281,0.0,0.0,0.0,0.0,0,1.78
554732000,554732000,0.99969107,0.013623406,0.020937553,-0.0017153746,0.0,0.0,0.0,0.0,0,1.8
554752000,554752000,0.99970764,0.0133596845,0.020311147,-0.0016447167,0.0,0.0,0.0,0.0,0,1.82
554772000,554772000,0.9997236,0.013092174,0.019695144,-0.001577283,0.0,0.0,0.0,0.0,0,1.84
554792000,554792000,0.99973905,0.012822118,0.01908364,-0.0015131481,0.0,0.0,0.0,0.0,0,1.86
554812000,554812000,0.9997537,0.012551722,0.01849187,-0.001452416,0.0,0.0,0.0,0.0,0,1.88
554832000,554832000,0.9997676,0.012285699,0.017914947,-0.0013952717,0.0,0.0,0.0,0.0,0,1.9
554852000,554852000,0.9997808,0.012018591,0.017356612,-0.0013414947,0.0,0.0,0.0,0.0,0,1.92
554872000,554872000,0.9997936,0.011751408,0.016797531,-0.0012914984,0.0,0.0,0.0,0.0,0,1.94
554892000,554892000,0.9998058,0.011476354,0.016253784,-0.0012447806,0.0,0.0,0.0,0.0,0,1.96
554912000,554912000,0.9998174,0.011198844,0.015732577,-0.0012013102,0.0,0.0,0.0,0.0,0,1.98
554932000,554932000,0.99982846,0.010909035,0.015226189,-0.0011607046,0.0,0.0,0.0,0.0,0,2.0
554952000,554952000,0.99983907,0.010614949,0.014731028,-0.0011232895,0.0,0.0,0.0,0.0,0,2.02
554972000,554972000,0.999849,0.010325546,0.014256608,-0.0010887679,0.0,0.0,0.0,0.0,0,2.04
554992000,554992000,0.99985826,0.010043064,0.013805233,-0.0010572938,0.0,0.0,0.0,0.0,0,2.06
555012000,555012000,0.9998671,0.00975745,0.013367319,-0.0010285899,0.0,0.0,0.0,0.0,0,2.08
555032000,555032000,0.9998754,0.009462517,0.012949397,-0.0010022165,0.0,0.0,0.0,0.0,0,2.1
555052000,555052000,0.99988323,0.009166956,0.012553609,-0.000977752,0.0,0.0,0.0,0.0,0,2.12
555072000,555072000,0.99989074,0.008861511,0.01217293,-0.00095508905,0.0,0.0,0.0,0.0,0,2.14
555092000,555092000,0.9998979,0.008550346,0.011803924,-0.0009342067,0.0,0.0,0.0,0.0,0,2.16
555112000,555112000,0.99990463,0.008239716,0.011449495,-0.00091456535,0.0,0.0,0.0,0.0,0,2.18
555132000,555132000,0.999911,0.007934113,0.011106042,-0.0008963342,0.0,0.0,0.0,0.0,0,2.2
555152000,555152000,0.999917,0.007632626,0.010775156,-0.00087931595,0.0,0.0,0.0,0.0,0,2.22
555172000,555172000,0.9999225,0.007330659,0.010466742,-0.0008629277,0.0,0.0,0.0,0.0,0,2.24
555192000,555192000,0.99992776,0.0070249955,0.010171244,-0.0008470873,0.0,0.0,0.0,0.0,0,2.26
555212000,555212000,0.99993277,0.0067191995,0.009883402,-0.0008312534,0.0,0.0,0.0,0.0,0,2.28
555232000,555232000,0.9999375,0.006415227,0.009607223,-0.00081518164,0.0,0.0,0.0,0.0,0,2.3
555252000,555252000,0.999942,0.0061122086,0.009331181,-0.00079869095,0.0,0.0,0.0,0.0,0,2.32
555272000,555272000,0.9999463,0.005811801,0.00906178,-0.0007814375,0.0,0.0,0.0,0.0,0,2.34
555288000,555288000,0.9999496,0.005564399,0.008853793,-0.0007666903,0.0,0.0,0.0,0.0,0,2.356
555308000,555308000,0.9999535,0.005257271,0.0085976655,-0.0007470044,0.0,0.0,0.0,0.0,0,2.376
555328000,555328000,0.99995726,0.004955422,0.008337811,-0.00072611624,0.0,0.0,0.0,0.0,0,2.396
555348000,555348000,0.99996084,0.004653758,0.008081845,-0.00070372905,0.0,0.0,0.0,0.0,0,2.416
555368000,555368000,0.9999641,0.004348907,0.007841415,-0.000679468,0.0,0.0,0.0,0.0,0,2.436
555388000,555388000,0.9999673,0.004038719,0.007606949,-0.0006533639,0.0,0.0,0.0,0.0,0,2.456
555408000,555408000,0.99997026,0.0037264964,0.007370768,-0.0006253416,0.0,0.0,0.0,0.0,0,2.476
555428000,555428000,0.99997306,0.0034223194,0.007136613,-0.00059519504,0.0,0.0,0.0,0.0,0,2.496
555448000,555448000,0.9999757,0.003125726,0.0069064745,-0.00056286866,0.0,0.0,0.0,0.0,0,2.516
555468000,555468000,0.9999781,0.0028276653,0.006674485,-0.0005281204,0.0,0.0,0.0,0.0,0,2.536
555488000,555488000,0.9999805,0.0025290847,0.0064395666,-0.0004906558,0.0,0.0,0.0,0.0,0,2.556
555508000,555508000,0.99998266,0.0022360794,0.0062122424,-0.00045051475,0.0,0.0,0.0,0.0,0,2.576
555528000,555528000,0.9999846,0.0019522692,0.005993556,-0.00040818134,0.0,0.0,0.0,0.0,0,2.596
555548000,555548000,0.99998647,0.0016666241,0.005769948,-0.00036340044,0.0,0.0,0.0,0.0,0,2.616
555568000,555568000,0.9999882,0.0013818385,0.0055424543,-0.00031616187,0.0,0.0,0.0,0.0,0,2.636
555588000,555588000,0.99998975,0.001099148,0.005321688,-0.00026678303,0.0,0.0,0.0,0.0,0,2.656
555608000,555608000,0.9999912,0.0008239931,0.0051013976,-0.00021501354,0.0,0.0,0.0,0.0,0,2.676
555628000,555628000,0.9999925,0.0005576177,0.0048791883,-0.00016086087,0.0,0.0,0.0,0.0,0,2.696
555648000,555648000,0.9999936,0.00030106536,0.004663638,-0.00010444109,0.0,0.0,0.0,0.0,0,2.716
555668000,555668000,0.99999464,5.0056813e-05,0.00445164,-4.554324e-05,0.0,0.0,0.0,0.0,0,2.736
555688000,555688000,0.9999955,-0.00019329411,0.004248304,1.544057e-05,0.0,0.0,0.0,0.0,0,2.756
555708000,555708000,0.99999624,-0.00042405105,0.0040474855,7.8483805e-05,0.0,0.0,0.0,0.0,0,2.776
555728000,555728000,0.9999969,-0.00064252486,0.003853446,0.00014379188,0.0,0.0,0.0,0.0,0,2.796
555748000,555748000,0.9999975,-0.0008481694,0.0036571866,0.00021115768,0.0,0.0,0.0,0.0,0,2.816
555768000,555768000,0.999998,-0.0010475459,0.003464076,0.00028015164,0.0,0.0,0.0,0.0,0,2.836
555788000,555788000,0.9999984,-0.0012359739,0.0032752815,0.00035053786,0.0,0.0,0.0,0.0,0,2.856
555808000,555808000,0.9999987,-0.0014164118,0.0030897872,0.00042209862,0.0,0.0,0.0,0.0,0,2.876
555828000,555828000,0.9999989,-0.0015869229,0.002910837,0.00049457187,0.0,0.0,0.0,0.0,0,2.896
555848000,555848000,0.9999991,-0.0017327734,0.0027416875,0.000567552,0.0,0.0,0.0,0.0,0,2.916
555868000,555868000,0.9999993,-0.0018632989,0.0025860395,0.00064058334,0.0,0.0,0.0,0.0,0,2.936
555888000,555888000,0.99999934,-0.0019894429,0.0024337189,0.0007134278,0.0,0.0,0.0,0.0,0,2.956
555908000,555908000,0.9999994,-0.0021035005,0.0022879196,0.00078622496,0.0,0.0,0.0,0.0,0,2.976
555928000,555928000,0.9999994,-0.002207234,0.0021578663,0.0008578557,0.0,0.0,0.0,0.0,0,2.996
555948000,555948000,0.9999994,-0.002297744,0.002040595,0.00092834147,0.0,0.0,0.0,0.0,0,3.016
555968000,555968000,0.99999934,-0.0023815176,0.0019361709,0.0009977528,0.0,0.0,0.0,0.0,0,3.036
555988000,555988000,0.9999992,-0.0024581666,0.0018483456,0.0010657074,0.0,0.0,0.0,0.0,0,3.056
556008000,556008000,0.99999917,-0.0025259699,0.0017723399,0.0011319803,0.0,0.0,0.0,0.0,0,3.076
556028000,556028000,0.99999905,-0.0025891596,0.00169788,0.0011963008,0.0,0.0,0.0,0.0,0,3.096
556048000,556048000,0.9999989,-0.0026407228,0.0016292772,0.0012587672,0.0,0.0,0.0,0.0,0,3.116
556068000,556068000,0.99999887,-0.00268086,0.0015691381,0.001319433,0.0,0.0,0.0,0.0,0,3.136
556088000,556088000,0.99999875,-0.002716803,0.001515906,0.0013773837,0.0,0.0,0.0,0.0,0,3.156
556108000,556108000,0.9999987,-0.0027380409,0.0014701093,0.0014327659,0.0,0.0,0.0,0.0,0,3.176
556128000,556128000,0.9999987,-0.0027461436,0.0014231713,0.0014856517,0.0,0.0,0.0,0.0,0,3.196
556148000,556148000,0.9999986,-0.002755963,0.0013778165,0.0015358439,0.0,0.0,0.0,0.0,0,3.216
556168000,556168000,0.99999857,-0.0027595977,0.0013438156,0.0015829639,0.0,0.0,0.0,0.0,0,3.236
556188000,556188000,0.99999857,-0.0027567504,0.0013193738,0.0016270264,0.0,0.0,0.0,0.0,0,3.256
556208000,556208000,0.99999857,-0.0027511108,0.0012908219,0.0016686735,0.0,0.0,0.0,0.0,0,3.276
556228000,556228000,0.9999985,-0.0027409368,0.0012670102,0.0017073622,0.0,0.0,0.0,0.0,0,3.296
556248000,556248000,0.9999985,-0.0027216815,0.0012578123,0.0017430768,0.0,0.0,0.0,0.0,0,3.316
556268000,556268000,0.9999985,-0.0027094255,0.0012640676,0.0017759616,0.0,0.0,0.0,0.0,0,3.336
556288000,556288000,0.99999845,-0.0027000257,0.0012705274,0.0018062867,0.0,0.0,0.0,0.0,0,3.356
556308000,556308000,0.99999845,-0.0026860423,0.0012780273,0.0018339617,0.0,0.0,0.0,0.0,0,3.376
556328000,556328000,0.99999845,-0.002664206,0.00127164,0.0018589707,0.0,0.0,0.0,0.0,0,3.396
556348000,556348000,0.9999985,-0.0026312976,0.0012661715,0.0018816638,0.0,0.0,0.0,0.0,0,3.416
556368000,556368000,0.99999857,-0.002595855,0.001262669,0.0019021546,0.0,0.0,0.0,0.0,0,3.436
556388000,556388000,0.9999986,-0.0025611087,0.0012624338,0.0019200924,0.0,0.0,0.0,0.0,0,3.456
556408000,556408000,0.9999987,-0.0025287813,0.0012697687,0.0019359699,0.0,0.0,0.0,0.0,0,3.476
556428000,556428000,0.9999987,-0.002499852,0.001276794,0.0019498245,0.0,0.0,0.0,0.0,0,3.496
556448000,556448000,0.99999875,-0.0024673655,0.0012849887,0.0019614536,0.0,0.0,0.0,0.0,0,3.516
556468000,556468000,0.99999887,-0.002420793,0.0012961221,0.0019714872,0.0,0.0,0.0,0.0,0,3.536
556488000,556488000,0.9999989,-0.0023782991,0.0013017892,0.0019800705,0.0,0.0,0.0,0.0,0,3.556
556508000,556508000,0.999999,-0.0023426856,0.001300331,0.001986798,0.0,0.0,0.0,0.0,0,3.576
556528000,556528000,0.99999905,-0.0023074832,0.0012948235,0.0019917565,0.0,0.0,0.0,0.0,0,3.596
556548000,556548000,0.99999917,-0.0022665139,0.0012891839,0.001995387,0.0,0.0,0.0,0.0,0,3.616
556568000,556568000,0.9999992,-0.0022197855,0.0012967209,0.0019978448,0.0,0.0,0.0,0.0,0,3.636
556588000,556588000,0.99999934,-0.0021749819,0.0013037703,0.0019989598,0.0,0.0,0.0,0.0,0,3.656
556608000,556608000,0.9999994,-0.0021369606,0.0013022842,0.0019985118,0.0,0.0,0.0,0.0,0,3.676
556628000,556628000,0.9999995,-0.0020999147,0.0012939036,0.001997117,0.0,0.0,0.0,0.0,0,3.696
556648000,556648000,0.9999996,-0.0020689245,0.0012854099,0.0019955751,0.0,0.0,0.0,0.0,0,3.716
556668000,556668000,0.99999964,-0.0020403112,0.001275305,0.0019938299,0.0,0.0,0.0,0.0,0,3.736
556688000,556688000,0.99999976,-0.0020036793,0.0012724116,0.0019912114,0.0,0.0,0.0,0.0,0,3.756
556708000,556708000,0.9999998,-0.0019566198,0.001277135,0.0019876447,0.0,0.0,0.0,0.0,0,3.776
556728000,556728000,0.99999994,-0.0019101222,0.0012681355,0.001983091,0.0,0.0,0.0,0.0,0,3.796
556748000,556748000,1.0000001,-0.0018621061,0.0012527502,0.0019784328,0.0,0.0,0.0,0.0,0,3.816
556768000,556768000,1.0000002,-0.0018120141,0.0012389167,0.0019737815,0.0,0.0,0.0,0.0,0,3.836
556788000,556788000,1.0000004,-0.0017630642,0.0012233215,0.001969162,0.0,0.0,0.0,0.0,0,3.856
556808000,556808000,1.0000005,-0.0017154856,0.0012045567,0.0019645798,0.0,0.0,0.0,0.0,0,3.876
556828000,556828000,1.0000006,-0.0016692715,0.0011823092,0.0019600359,0.0,0.0,0.0,0.0,0,3.896
556848000,556848000,1.0000006,-0.0016216903,0.0011607,0.0019552067,0.0,0.0,0.0,0.0,0,3.916
556868000,556868000,1.0000007,-0.0015706522,0.0011584241,0.0019501997,0.0,0.0,0.0,0.0,0,3.936
556888000,556888000,1.0000008,-0.0015189672,0.0011658261,0.0019448993,0.0,0.0,0.0,0.0,0,3.956
556908000,556908000,1.000001,-0.0014634873,0.0011604895,0.0019395547,0.0,0.0,0.0,0.0,0,3.976
556928000,556928000,1.0000011,-0.0014025754,0.0011626665,0.0019343043,0.0,0.0,0.0,0.0,0,3.996
556948000,556948000,1.0000011,-0.0013409025,0.0011710281,0.0019290838,0.0,0.0,0.0,0.0,0,4.016
556968000,556968000,1.0000012,-0.0012795208,0.0011777654,0.0019239011,0.0,0.0,0.0,0.0,0,4.036
556988000,556988000,1.0000013,-0.0012188558,0.0011810635,0.0019187584,0.0,0.0,0.0,0.0,0,4.056
557008000,557008000,1.0000013,-0.001158648,0.0011806698,0.0019136549,0.0,0.0,0.0,0.0,0,4.076
557028000,557028000,1.0000014,-0.0010990888,0.0011799709,0.0019085864,0.0,0.0,0.0,0.0,0,4.096
557048000,557048000,1.0000014,-0.0010394955,0.0011941262,0.0019039426,0.0,0.0,0.0,0.0,0,4.116
557068000,557068000,1.0000015,-0.0009860058,0.0012015766,0.001899814,0.0,0.0,0.0,0.0,0,4.136
557088000,557088000,1.0000015,-0.0009386524,0.0011936702,0.0018962409,0.0,0.0,0.0,0.0,0,4.156
557108000,557108000,1.0000017,-0.0008897874,0.0011842416,0.0018928596,0.0,0.0,0.0,0.0,0,4.176
557128000,557128000,1.0000017,-0.00084018137,0.0011719092,0.0018895156,0.0,0.0,0.0,0.0,0,4.196
557148000,557148000,1.0000018,-0.0007906472,0.0011555984,0.0018861998,0.0,0.0,0.0,0.0,0,4.216
557168000,557168000,1.0000019,-0.00074077235,0.001135636,0.0018829646,0.0,0.0,0.0,0.0,0,4.236
557188000,557188000,1.0000019,-0.0006897307,0.0011126989,0.0018797962,0.0,0.0,0.0,0.0,0,4.256
557208000,557208000,1.000002,-0.00063736754,0.0010869451,0.0018767476,0.0,0.0,0.0,0.0,0,4.276
557228000,557228000,1.000002,-0.00058624626,0.001060128,0.0018739732,0.0,0.0,0.0,0.0,0,4.296
557248000,557248000,1.0000021,-0.00054565683,0.0010459608,0.0018716188,0.0,0.0,0.0,0.0,0,4.316
557268000,557268000,1.0000021,-0.0005021245,0.0010497287,0.0018692805,0.0,0.0,0.0,0.0,0,4.336
557288000,557288000,1.0000021,-0.00045649358,0.0010594415,0.0018669408,0.0,0.0,0.0,0.0,0,4.356
557308000,557308000,1.0000021,-0.00041096186,0.0010697226,0.0018648064,0.0,0.0,0.0,0.0,0,4.376
557328000,557328000,1.0000021,-0.00037398815,0.0010864793,0.0018634064,0.0,0.0,0.0,0.0,0,4.396
557348000,557348000,1.0000021,-0.00034848493,0.0011113021,0.0018629371,0.0,0.0,0.0,0.0,0,4.416
557368000,557368000,1.0000021,-0.0003183717,0.0011277974,0.0018635032,0.0,0.0,0.0,0.0,0,4.436
557388000,557388000,1.0000021,-0.0002916595,0.0011368772,0.0018645867,0.0,0.0,0.0,0.0,0,4.456
557408000,557408000,1.0000021,-0.00027489962,0.0011542081,0.0018659539,0.0,0.0,0.0,0.0,0,4.476
557428000,557428000,1.0000021,-0.00026670605,0.001161492,0.0018675695,0.0,0.0,0.0,0.0,0,4.496
557448000,557448000,1.0000021,-0.00025281776,0.0011606717,0.0018696329,0.0,0.0,0.0,0.0,0,4.516
557468000,557468000,1.0000021,-0.00023260938,0.0011615573,0.0018720801,0.0,0.0,0.0,0.0,0,4.536
557488000,557488000,1.0000021,-0.0002199095,0.0011533597,0.0018750035,0.0,0.0,0.0,0.0,0,4.556
557508000,557508000,1.0000021,-0.00021798558,0.0011338248,0.0018781335,0.0,0.0,0.0,0.0,0,4.576
557528000,557528000,1.0000021,-0.00021560091,0.0011104867,0.0018815352,0.0,0.0,0.0,0.0,0,4.596
557548000,557548000,1.0000021,-0.00021005563,0.0010851766,0.0018849571,0.0,0.0,0.0,0.0,0,4.616
557568000,557568000,1.0000021,-0.00020338641,0.00105561,0.0018883607,0.0,0.0,0.0,0.0,0,4.636
557588000,557588000,1.0000023,-0.00019929618,0.0010245453,0.0018921881,0.0,0.0,0.0,0.0,0,4.656
557608000,557608000,1.0000023,-0.00020275818,0.0009966915,0.001896292,0.0,0.0,0.0,0.0,0,4.676
557628000,557628000,1.0000023,-0.00021279229,0.0009710563,0.001900969,0.0,0.0,0.0,0.0,0,4.696
557648000,557648000,1.0000023,-0.00022713734,0.0009482406,0.0019065237,0.0,0.0,0.0,0.0,0,4.716
557668000,557668000,1.0000023,-0.00024034585,0.0009189263,0.0019125581,0.0,0.0,0.0,0.0,0,4.736
557688000,557688000,1.0000023,-0.00025806128,0.0008787736,0.0019189212,0.0,0.0,0.0,0.0,0,4.756
557708000,557708000,1.0000023,-0.00027926342,0.0008293527,0.0019253035,0.0,0.0,0.0,0.0,0,4.776
557728000,557728000,1.0000024,-0.00030053483,0.0007738591,0.0019316511,0.0,0.0,0.0,0.0,0,4.796
557748000,557748000,1.0000024,-0.00032134505,0.0007131423,0.0019379585,0.0,0.0,0.0,0.0,0,4.816
557768000,557768000,1.0000024,-0.00034399398,0.00065100065,0.0019445868,0.0,0.0,0.0,0.0,0,4.836
557788000,557788000,1.0000024,-0.00036664077,0.0005925212,0.0019516266,0.0,0.0,0.0,0.0,0,4.856
557808000,557808000,1.0000024,-0.00039621862,0.00053134473,0.0019589681,0.0,0.0,0.0,0.0,0,4.876
557828000,557828000,1.0000024,-0.00042975278,0.00046051823,0.0019661323,0.0,0.0,0.0,0.0,0,4.896
557848000,557848000,1.0000024,-0.00045979186,0.0003840488,0.0019735682,0.0,0.0,0.0,0.0,0,4.916
557868000,557868000,1.0000024,-0.0004795723,0.000311545,0.0019814884,0.0,0.0,0.0,0.0,0,4.936
557888000,557888000,1.0000024,-0.00049249583,0.00023942567,0.0019894193,0.0,0.0,0.0,0.0,0,4.956
557908000,557908000,1.0000024,-0.0005034232,0.00016346655,0.0019973065,0.0,0.0,0.0,0.0,0,4.976
557928000,557928000,1.0000024,-0.00051303924,8.2384235e-05,0.0020051443,0.0,0.0,0.0,0.0,0,4.996
557948000,557948000,1.0000024,-0.00052179885,-3.647963e-06,0.0020129322,0.0,0.0,0.0,0.0,0,5.016
557968000,557968000,1.0000024,-0.0005294318,-9.503258e-05,0.00202067,0.0,0.0,0.0,0.0,0,5.036
557988000,557988000,1.0000024,-0.0005380491,-0.00018953989,0.0020286988,0.0,0.0,0.0,0.0,0,5.056
558008000,558008000,1.0000023,-0.00055813347,-0.00027676742,0.002037521,0.0,0.0,0.0,0.0,0,5.076
558028000,558028000,1.0000023,-0.00058899866,-0.00035218304,0.002046568,0.0,0.0,0.0,0.0,0,5.096
558048000,558048000,1.0000021,-0.00062326976,-0.00042322194,0.0020557058,0.0,0.0,0.0,0.0,0,5.116
558068000,558068000,1.000002,-0.00065604097,-0.0004939845,0.0020650253,0.0,0.0,0.0,0.0,0,5.136
558088000,558088000,1.000002,-0.0006853714,-0.00054802594,0.0020742666,0.0,0.0,0.0,0.0,0,5.156
558108000,558108000,1.0000019,-0.0007111096,-0.00060547056,0.0020833693,0.0,0.0,0.0,0.0,0,5.176
558128000,558128000,1.0000019,-0.0007354601,-0.00068263244,0.0020922886,0.0,0.0,0.0,0.0,0,5.196
558148000,558148000,1.0000018,-0.00076032255,-0.00075184245,0.002101021,0.0,0.0,0.0,0.0,0,5.216
558168000,558168000,1.0000017,-0.00078053784,-0.0008106393,0.0021095076,0.0,0.0,0.0,0.0,0,5.236
558188000,558188000,1.0000017,-0.0007834043,-0.0008744568,0.0021176392,0.0,0.0,0.0,0.0,0,5.256
558208000,558208000,1.0000015,-0.0007863839,-0.0009456728,0.0021253652,0.0,0.0,0.0,0.0,0,5.276
558228000,558228000,1.0000014,-0.0007953614,-0.0010128915,0.0021330207,0.0,0.0,0.0,0.0,0,5.296
558248000,558248000,1.0000013,-0.000797898,-0.0010731498,0.0021410289,0.0,0.0,0.0,0.0,0,5.316
558268000,558268000,1.0000013,-0.0007978964,-0.0011311937,0.0021487058,0.0,0.0,0.0,0.0,0,5.336
558288000,558288000,1.0000012,-0.00080157415,-0.0011871,0.002156154,0.0,0.0,0.0,0.0,0,5.356
558308000,558308000,1.0000011,-0.00080444326,-0.0012462941,0.002163507,0.0,0.0,0.0,0.0,0,5.376
558328000,558328000,1.0000011,-0.0008022372,-0.0013032908,0.002171035,0.0,0.0,0.0,0.0,0,5.396
558348000,558348000,1.000001,-0.0007931605,-0.0013479489,0.002178906,0.0,0.0,0.0,0.0,0,5.416
558368000,558368000,1.000001,-0.00077708944,-0.0013848083,0.0021867468,0.0,0.0,0.0,0.0,0,5.436
558388000,558388000,1.0000008,-0.00075995736,-0.0014207195,0.002194512,0.0,0.0,0.0,0.0,0,5.456
558408000,558408000,1.0000008,-0.00074289023,-0.0014568693,0.002201917,0.0,0.0,0.0,0.0,0,5.476
558428000,558428000,1.0000007,-0.0007212114,-0.0014731843,0.0022085533,0.0,0.0,0.0,0.0,0,5.496
558448000,558448000,1.0000008,-0.0006968931,-0.0014681186,0.0022147135,0.0,0.0,0.0,0.0,0,5.516
558468000,558468000,1.0000008,-0.00067039893,-0.0014585772,0.002220739,0.0,0.0,0.0,0.0,0,5.536
558488000,558488000,1.0000008,-0.0006414812,-0.0014503426,0.0022266898,0.0,0.0,0.0,0.0,0,5.556
558508000,558508000,1.0000008,-0.0006125997,-0.0014428981,0.0022322626,0.0,0.0,0.0,0.0,0,5.576
558528000,558528000,1.0000008,-0.0005920037,-0.0014285906,0.00223709,0.0,0.0,0.0,0.0,0,5.596
558548000,558548000,1.0000008,-0.00057975354,-0.0014076647,0.002241628,0.0,0.0,0.0,0.0,0,5.616
558568000,558568000,1.000001,-0.00056845875,-0.0013834276,0.002246167,0.0,0.0,0.0,0.0,0,5.636
558588000,558588000,1.000001,-0.0005529292,-0.0013480225,0.0022507682,0.0,0.0,0.0,0.0,0,5.656
558608000,558608000,1.0000011,-0.0005396885,-0.0013037067,0.0022549853,0.0,0.0,0.0,0.0,0,5.676
558628000,558628000,1.0000011,-0.00052863435,-0.0012515807,0.0022589243,0.0,0.0,0.0,0.0,0,5.696
558648000,558648000,1.0000012,-0.0005173358,-0.0011981522,0.0022624217,0.0,0.0,0.0,0.0,0,5.716
558668000,558668000,1.0000012,-0.00050615374,-0.0011416035,0.0022655276,0.0,0.0,0.0,0.0,0,5.736
558688000,558688000,1.0000013,-0.00049848174,-0.0010749855,0.002267919,0.0,0.0,0.0,0.0,0,5.756
558708000,558708000,1.0000013,-0.0004968212,-0.0010016573,0.0022694774,0.0,0.0,0.0,0.0,0,5.776
558728000,558728000,1.0000014,-0.00048729178,-0.0009369989,0.0022702178,0.0,0.0,0.0,0.0,0,5.796
558748000,558748000,1.0000014,-0.0004781962,-0.00086992467,0.0022703372,0.0,0.0,0.0,0.0,0,5.816
558768000,558768000,1.0000015,-0.0004745279,-0.0007980094,0.00226983,0.0,0.0,0.0,0.0,0,5.836
558788000,558788000,1.0000015,-0.00047776842,-0.0007370472,0.002268483,0.0,0.0,0.0,0.0,0,5.856
558808000,558808000,1.0000017,-0.00048105593,-0.00067471113,0.0022665036,0.0,0.0,0.0,0.0,0,5.876
558828000,558828000,1.0000017,-0.00048140716,-0.00059370795,0.002264044,0.0,0.0,0.0,0.0,0,5.896
558848000,558848000,1.0000018,-0.0004829003,-0.00051294867,0.0022613208,0.0,0.0,0.0,0.0,0,5.916
558868000,558868000,1.0000018,-0.0004829023,-0.00045332813,0.002258226,0.0,0.0,0.0,0.0,0,5.936
558888000,558888000,1.0000018,-0.00047984012,-0.0003917982,0.0022548593,0.0,0.0,0.0,0.0,0,5.956
558908000,558908000,1.0000019,-0.00048599116,-0.00032255112,0.0022511273,0.0,0.0,0.0,0.0,0,5.976
558928000,558928000,1.0000019,-0.0005020916,-0.00025457612,0.0022473834,0.0,0.0,0.0,0.0,0,5.996
558948000,558948000,1.0000019,-0.0005161733,-0.00019929145,0.002243499,0.0,0.0,0.0,0.0,0,6.016
558968000,558968000,1.0000019,-0.0005367635,-0.0001438317,0.0022396157,0.0,0.0,0.0,0.0,0,6.036
558988000,558988000,1.0000019,-0.0005652593,-9.6344455e-05,0.0022357856,0.0,0.0,0.0,0.0,0,6.056
559008000,559008000,1.0000019,-0.00059028395,-5.9159895e-05,0.0022319136,0.0,0.0,0.0,0.0,0,6.076
559028000,559028000,1.0000019,-0.00061454216,-2.4805584e-05,0.0022279492,0.0,0.0,0.0,0.0,0,6.096
559048000,559048000,1.0000019,-0.000635798,1.5324964e-05,0.0022242235,0.0,0.0,0.0,0.0,0,6.116
559068000,559068000,1.0000019,-0.0006601019,5.1442585e-05,0.002221033,0.0,0.0,0.0,0.0,0,6.136
559088000,559088000,1.0000019,-0.0006916715,7.037362e-05,0.0022182222,0.0,0.0,0.0,0.0,0,6.156
559108000,559108000,1.0000018,-0.00072748034,8.521527e-05,0.002215274,0.0,0.0,0.0,0.0,0,6.176
559128000,559128000,1.0000018,-0.0007649996,0.00010127813,0.0022123086,0.0,0.0,0.0,0.0,0,6.196
559148000,559148000,1.0000018,-0.00080123125,0.000115929,0.0022093616,0.0,0.0,0.0,0.0,0,6.216
559168000,559168000,1.0000018,-0.0008359862,0.00012808513,0.0022065325,0.0,0.0,0.0,0.0,0,6.236
559188000,559188000,1.0000018,-0.0008714118,0.00013533252,0.0022038405,0.0,0.0,0.0,0.0,0,6.256
559208000,559208000,1.0000017,-0.0009056351,0.0001394731,0.0022011755,0.0,0.0,0.0,0.0,0,6.276
559228000,559228000,1.0000017,-0.0009378495,0.0001412817,0.002198532,0.0,0.0,0.0,0.0,0,6.296
559248000,559248000,1.0000017,-0.0009678721,0.00014090819,0.0021959082,0.0,0.0,0.0,0.0,0,6.316
559268000,559268000,1.0000017,-0.0009956369,0.00013839443,0.0021933042,0.0,0.0,0.0,0.0,0,6.336
559288000,559288000,1.0000017,-0.0010210852,0.00013375895,0.0021907198,0.0,0.0,0.0,0.0,0,6.356
559308000,559308000,1.0000015,-0.0010441957,0.00012700683,0.002188122,0.0,0.0,0.0,0.0,0,6.376
559328000,559328000,1.0000015,-0.0010690565,0.000113977396,0.0021851617,0.0,0.0,0.0,0.0,0,6.396
559348000,559348000,1.0000015,-0.0010965042,9.3832634e-05,0.002182096,0.0,0.0,0.0,0.0,0,6.416
559368000,559368000,1.0000015,-0.0011246449,6.880635e-05,0.0021789004,0.0,0.0,0.0,0.0,0,6.436
559388000,559388000,1.0000015,-0.0011636174,4.4525892e-05,0.00217551,0.0,0.0,0.0,0.0,0,6.456
559408000,559408000,1.0000014,-0.0012064117,3.3837427e-05,0.0021722151,0.0,0.0,0.0,0.0,0,6.476
559428000,559428000,1.0000014,-0.0012472976,7.736854e-06,0.0021689546,0.0,0.0,0.0,0.0,0,6.496
559448000,559448000,1.0000014,-0.0012812096,-3.975125e-05,0.0021655736,0.0,0.0,0.0,0.0,0,6.516
559468000,559468000,1.0000013,-0.0013107804,-8.11532e-05,0.0021619056,0.0,0.0,0.0,0.0,0,6.536
559488000,559488000,1.0000013,-0.001343656,-0.00011999411,0.0021583275,0.0,0.0,0.0,0.0,0,6.556
559508000,559508000,1.0000013,-0.0013768495,-0.00015674061,0.002154881,0.0,0.0,0.0,0.0,0,6.576
559528000,559528000,1.0000012,-0.0014076305,-0.00019307986,0.0021516338,0.0,0.0,0.0,0.0,0,6.596
559548000,559548000,1.0000012,-0.0014334759,-0.00024641337,0.0021483623,0.0,0.0,0.0,0.0,0,6.616
559568000,559568000,1.0000012,-0.0014497291,-0.00029629053,0.0021452059,0.0,0.0,0.0,0.0,0,6.636
559588000,559588000,1.0000011,-0.0014673006,-0.0003328816,0.0021419069,0.0,0.0,0.0,0.0,0,6.656
559608000,559608000,1.0000011,-0.0014880534,-0.00038240774,0.0021387753,0.0,0.0,0.0,0.0,0,6.676
559628000,559628000,1.0000011,-0.001473844,-0.00037856065,0.0021355131,0.0,0.0,0.0,0.0,0,6.696
559648000,559648000,0.9999996,-8.598362e-06,0.0023415724,0.002109528,0.0,0.0,0.0,0.0,0,6.716
559668000,559668000,0.99994135,0.004381077,0.010155899,0.0020209476,0.0,0.0,0.0,0.0,0,6.736
559688000,559688000,0.99969167,0.011563046,0.022104742,0.0018450092,0.0,0.0,0.0,0.0,0,6.756
559708000,559708000,0.99911976,0.02091129,0.036456708,0.0015668833,0.0,0.0,0.0,0.0,0,6.776
559728000,559728000,0.9981543,0.0318199,0.051800318,0.0011727528,0.0,0.0,0.0,0.0,0,6.796
559748000,559748000,0.99678856,0.043689597,0.06717453,0.0006481873,0.0,0.0,0.0,0.0,0,6.816
559768000,559768000,0.9950479,0.056039505,0.08214812,-1.446373e-05,0.0,0.0,0.0,0.0,0,6.836
559788000,559788000,0.9929892,0.068476506,0.096394435,-0.00081887044,0.0,0.0,0.0,0.0,0,6.856
559808000,559808000,0.9907088,0.08069088,0.109503366,-0.0017770692,0.0,0.0,0.0,0.0,0,6.876
559828000,559828000,0.9882963,0.09235473,0.121416606,-0.0028697436,0.0,0.0,0.0,0.0,0,6.896
559848000,559848000,0.9858434,0.10330993,0.13203102,-0.0040939427,0.0,0.0,0.0,0.0,0,6.916
559868000,559868000,0.98344207,0.11338543,0.14129755,-0.0054359776,0.0,0.0,0.0,0.0,0,6.936
559888000,559888000,0.9811592,0.12246626,0.1493002,-0.0068706037,0.0,0.0,0.0,0.0,0,6.956
559908000,559908000,0.9790581,0.13052629,0.15603481,-0.008391674,0.0,0.0,0.0,0.0,0,6.976
559928000,559928000,0.9771835,0.13749951,0.16160433,-0.009970335,0.0,0.0,0.0,0.0,0,6.996
559948000,559948000,0.97555643,0.14342651,0.166112,-0.011592103,0.0,0.0,0.0,0.0,0,7.016
559968000,559968000,0.97419924,0.14830598,0.16963215,-0.013236684,0.0,0.0,0.0,0.0,0,7.036
559988000,559988000,0.97311723,0.15218413,0.17225073,-0.014888846,0.0,0.0,0.0,0.0,0,7.056
560008000,560008000,0.9723149,0.15510477,0.17401692,-0.016537797,0.0,0.0,0.0,0.0,0,7.076
560028000,560028000,0.97177756,0.15712754,0.17503825,-0.018165391,0.0,0.0,0.0,0.0,0,7.096
560048000,560048000,0.97149,0.15832557,0.17538172,-0.01976139,0.0,0.0,0.0,0.0,0,7.116
560068000,560068000,0.971438,0.1587601,0.17509483,-0.021316538,0.0,0.0,0.0,0.0,0,7.136
560088000,560088000,0.9716031,0.1585018,0.17422025,-0.02282476,0.0,0.0,0.0,0.0,0,7.156
560108000,560108000,0.97196424,0.15760829,0.17281488,-0.024275078,0.0,0.0,0.0,0.0,0,7.176
560128000,560128000,0.9724977,0.15613844,0.17093803,-0.02565645,0.0,0.0,0.0,0.0,0,7.196
560148000,560148000,0.97318727,0.15414335,0.16860755,-0.02696343,0.0,0.0,0.0,0.0,0,7.216
560168000,560168000,0.9740105,0.15167958,0.1658655,-0.028188646,0.0,0.0,0.0,0.0,0,7.236
560188000,560188000,0.9749503,0.14879264,0.16273174,-0.029327082,0.0,0.0,0.0,0.0,0,7.256
560208000,560208000,0.9759836,0.1455281,0.15926196,-0.030368598,0.0,0.0,0.0,0.0,0,7.276
560228000,560228000,0.9770959,0.14192262,0.15546834,-0.03130906,0.0,0.0,0.0,0.0,0,7.296
560248000,560248000,0.97826654,0.13802636,0.15139116,-0.03214272,0.0,0.0,0.0,0.0,0,7.316
560268000,560268000,0.9794859,0.13385908,0.14703067,-0.03286631,0.0,0.0,0.0,0.0,0,7.336
560288000,560288000,0.98073316,0.12947004,0.14243796,-0.03347495,0.0,0.0,0.0,0.0,0,7.356
560308000,560308000,0.9819992,0.12487548,0.13761948,-0.033965852,0.0,0.0,0.0,0.0,0,7.376
560328000,560328000,0.9832678,0.12011945,0.1326116,-0.03433705,0.0,0.0,0.0,0.0,0,7.396
560348000,560348000,0.9845321,0.11520652,0.1274241,-0.034585625,0.0,0.0,0.0,0.0,0,7.416
560368000,560368000,0.9857785,0.11017948,0.12208758,-0.034712065,0.0,0.0,0.0,0.0,0,7.436
560388000,560388000,0.9870015,0.10504323,0.11660996,-0.034715645,0.0,0.0,0.0,0.0,0,7.456
560408000,560408000,0.98818934,0.099840626,0.11102125,-0.034598418,0.0,0.0,0.0,0.0,0,7.476
560428000,560428000,0.9893391,0.094559185,0.10533362,-0.034359485,0.0,0.0,0.0,0.0,0,7.496
560448000,560448000,0.99044174,0.08923784,0.09957283,-0.034002475,0.0,0.0,0.0,0.0,0,7.516
560464000,560464000,0.99128705,0.084951065,0.09492762,-0.033632375,0.0,0.0,0.0,0.0,0,7.532
560484000,560484000,0.9922939,0.07957177,0.089088604,-0.03306782,0.0,0.0,0.0,0.0,0,7.552
560504000,560504000,0.9932423,0.07418287,0.08322447,-0.032394554,0.0,0.0,0.0,0.0,0,7.572
560524000,560524000,0.994128,0.068798564,0.07736818,-0.031616338,0.0,0.0,0.0,0.0,0,7.592
560544000,560544000,0.9949495,0.06343383,0.07152471,-0.030739067,0.0,0.0,0.0,0.0,0,7.612
560564000,560564000,0.9957055,0.058097962,0.06571283,-0.029768283,0.0,0.0,0.0,0.0,0,7.632
560584000,560584000,0.99639624,0.052796915,0.059931763,-0.028711334,0.0,0.0,0.0,0.0,0,7.652
560604000,560604000,0.99702,0.04754464,0.054215644,-0.027574364,0.0,0.0,0.0,0.0,0,7.672
560624000,560624000,0.99757844,0.042347696,0.04855746,-0.026365697,0.0,0.0,0.0,0.0,0,7.692
560644000,560644000,0.99807096,0.037224635,0.042990476,-0.025092255,0.0,0.0,0.0,0.0,0,7.712
560664000,560664000,0.99849993,0.03217782,0.03751005,-0.02376199,0.0,0.0,0.0,0.0,0,7.732
560684000,560684000,0.9988667,0.027216127,0.03213663,-0.02238264,0.0,0.0,0.0,0.0,0,7.752
560704000,560704000,0.9991741,0.022341678,0.02686223,-0.020962702,0.0,0.0,0.0,0.0,0,7.772
560724000,560724000,0.9994237,0.017577238,0.021720873,-0.019509789,0.0,0.0,0.0,0.0,0,7.792
560744000,560744000,0.99961907,0.012914188,0.016701667,-0.018032009,0.0,0.0,0.0,0.0,0,7.812
560764000,560764000,0.99976295,0.008369139,0.0118170455,-0.016537312,0.0,0.0,0.0,0.0,0,7.832
560784000,560784000,0.99985886,0.003942233,0.007062523,-0.01503352,0.0,0.0,0.0,0.0,0,7.852
560804000,560804000,0.99990994,-0.00034988546,0.0024597938,-0.013528232,0.0,0.0,0.0,0.0,0,7.872
560824000,560824000,0.99992,-0.0045179115,-0.0020013691,-0.012028811,0.0,0.0,0.0,0.0,0,7.892
560844000,560844000,0.9998926,-0.008548337,-0.0062983343,-0.010542522,0.0,0.0,0.0,0.0,0,7.912
560864000,560864000,0.9998313,-0.01245382,-0.010437934,-0.009076186,0.0,0.0,0.0,0.0,0,7.932
560884000,560884000,0.9997401,-0.016213564,-0.01440693,-0.0076361545,0.0,0.0,0.0,0.0,0,7.952
560904000,560904000,0.9996222,-0.01983923,-0.018223627,-0.006228127,0.0,0.0,0.0,0.0,0,7.972
560924000,560924000,0.99948156,-0.023316417,-0.021875063,-0.004857476,0.0,0.0,0.0,0.0,0,7.992
560944000,560944000,0.9993213,-0.026647244,-0.025367307,-0.003529388,0.0,0.0,0.0,0.0,0,8.012
560964000,560964000,0.9991452,-0.029827662,-0.028691722,-0.002248867,0.0,0.0,0.0,0.0,0,8.032
560984000,560984000,0.9989558,-0.032862786,-0.03186608,-0.0010201652,0.0,0.0,0.0,0.0,0,8.052
561004000,561004000,0.9987563,-0.03574497,-0.034888368,0.0001533813,0.0,0.0,0.0,0.0,0,8.072
561024000,561024000,0.9985495,-0.038475294,-0.037762914,0.0012683057,0.0,0.0,0.0,0.0,0,8.092
561044000,561044000,0.9983386,-0.04105013,-0.04048007,0.0023214119,0.0,0.0,0.0,0.0,0,8.112
561064000,561064000,0.99812526,-0.04347693,-0.04305731,0.0033107991,0.0,0.0,0.0,0.0,0,8.132
561084000,561084000,0.9979117,-0.045756966,-0.045494225,0.004234434,0.0,0.0,0.0,0.0,0,8.152
561104000,561104000,0.99769986,-0.047889493,-0.047799073,0.0050909556,0.0,0.0,0.0,0.0,0,8.172
561124000,561124000,0.99749273,-0.04987111,-0.049957216,0.0058784257,0.0,0.0,0.0,0.0,0,8.192
561144000,561144000,0.99729186,-0.051702306,-0.051974807,0.0065962197,0.0,0.0,0.0,0.0,0,8.212
561164000,561164000,0.9970982,-0.053390224,-0.053863257,0.007243888,0.0,0.0,0.0,0.0,0,8.232
561184000,561184000,0.99691224,-0.054942038,-0.05563527,0.007821576,0.0,0.0,0.0,0.0,0,8.252
561204000,561204000,0.9967359,-0.056355067,-0.05728404,0.00832966,0.0,0.0,0.0,0.0,0,8.272
561224000,561224000,0.99657035,-0.057629455,-0.058810137,0.0087690735,0.0,0.0,0.0,0.0,0,8.292
561244000,561244000,0.99641645,-0.05877904,-0.060206823,0.009139686,0.0,0.0,0.0,0.0,0,8.312
561264000,561264000,0.9962734,-0.05980891,-0.061498847,0.00944403,0.0,0.0,0.0,0.0,0,8.332
561284000,561284000,0.996142,-0.06072197,-0.06268375,0.009683643,0.0,0.0,0.0,0.0,0,8.352
561304000,561304000,0.9960228,-0.06153001,-0.06375376,0.009859226,0.0,0.0,0.0,0.0,0,8.372
561324000,561324000,0.99591625,-0.062234394,-0.06470992,0.009973182,0.0,0.0,0.0,0.0,0,8.392
561344000,561344000,0.995823,-0.0628154,-0.06556812,0.010030609,0.0,0.0,0.0,0.0,0,8.412
561364000,561364000,0.995743,-0.06328525,-0.06632721,0.010032693,0.0,0.0,0.0,0.0,0,8.432
561384000,561384000,0.9956761,-0.06365394,-0.06698353,0.009981457,0.0,0.0,0.0,0.0,0,8.452
561404000,561404000,0.99562234,-0.06392086,-0.067540616,0.009880276,0.0,0.0,0.0,0.0,0,8.472
561424000,561424000,0.9955819,-0.0640807,-0.06800524,0.009732915,0.0,0.0,0.0,0.0,0,8.492
561444000,561444000,0.9955542,-0.0641395,-0.06838152,0.009542438,0.0,0.0,0.0,0.0,0,8.512
561464000,561464000,0.99553883,-0.064109385,-0.068664975,0.009311033,0.0,0.0,0.0,0.0,0,8.532
561484000,561484000,0.995535,-0.06399227,-0.06886463,0.00904254,0.0,0.0,0.0,0.0,0,8.552
561504000,561504000,0.995542,-0.06379204,-0.06898859,0.008740725,0.0,0.0,0.0,0.0,0,8.572
561524000,561524000,0.9955593,-0.063513115,-0.06903741,0.008408709,0.0,0.0,0.0,0.0,0,8.592
561544000,561544000,0.9955864,-0.06316396,-0.06900957,0.008049254,0.0,0.0,0.0,0.0,0,8.612
561564000,561564000,0.9956227,-0.06274945,-0.06890826,0.007665444,0.0,0.0,0.0,0.0,0,8.632
561584000,561584000,0.99566776,-0.06226982,-0.06873582,0.0072609647,0.0,0.0,0.0,0.0,0,8.652
561604000,561604000,0.9957212,-0.06173255,-0.068488255,0.006838574,0.0,0.0,0.0,0.0,0,8.672
561624000,561624000,0.9957822,-0.061137028,-0.06817756,0.0064022746,0.0,0.0,0.0,0.0,0,8.692
561644000,561644000,0.9958501,-0.06049034,-0.0678021,0.005954914,0.0,0.0,0.0,0.0,0,8.712
561664000,561664000,0.9959242,-0.059794918,-0.067368515,0.0055002077,0.0,0.0,0.0,0.0,0,8.732
561684000,561684000,0.9960036,-0.05905425,-0.06688063,0.005041038,0.0,0.0,0.0,0.0,0,8.752
561704000,561704000,0.9960886,-0.058269363,-0.06633461,0.0045798817,0.0,0.0,0.0,0.0,0,8.772
561724000,561724000,0.9961783,-0.05744637,-0.0657327,0.0041193664,0.0,0.0,0.0,0.0,0,8.792
561744000,561744000,0.99627215,-0.056585677,-0.06508123,0.003662678,0.0,0.0,0.0,0.0,0,8.812
561764000,561764000,0.99636984,-0.0556971,-0.064372264,0.0032110706,0.0,0.0,0.0,0.0,0,8.832
561784000,561784000,0.9964702,-0.054780412,-0.063620865,0.0027675822,0.0,0.0,0.0,0.0,0,8.852
561804000,561804000,0.99657285,-0.053844143,-0.06282553,0.0023340934,0.0,0.0,0.0,0.0,0,8.872
561824000,561824000,0.9966769,-0.052887306,-0.061996162,0.0019135281,0.0,0.0,0.0,0.0,0,8.892
561844000,561844000,0.9967821,-0.05192291,-0.061124876,0.0015065153,0.0,0.0,0.0,0.0,0,8.912
561864000,561864000,0.9968878,-0.050949376,-0.060221937,0.0011152711,0.0,0.0,0.0,0.0,0,8.932
561884000,561884000,0.9969941,-0.049961243,-0.059289183,0.000741524,0.0,0.0,0.0,0.0,0,8.952
561904000,561904000,0.99710083,-0.048955567,-0.05832918,0.00038676162,0.0,0.0,0.0,0.0,0,8.972
561924000,561924000,0.997208,-0.047946416,-0.05732759,5.1018236e-05,0.0,0.0,0.0,0.0,0,8.992
561944000,561944000,0.9973151,-0.046929553,-0.056295592,-0.00026332046,0.0,0.0,0.0,0.0,0,9.012
561964000,561964000,0.9974218,-0.045906357,-0.05523708,-0.0005555006,0.0,0.0,0.0,0.0,0,9.032
561984000,561984000,0.99752694,-0.04488188,-0.054166306,-0.0008244419,0.0,0.0,0.0,0.0,0,9.052
562004000,562004000,0.9976309,-0.04385807,-0.053076193,-0.0010699345,0.0,0.0,0.0,0.0,0,9.072
562024000,562024000,0.9977336,-0.042829897,-0.051968798,-0.0012913004,0.0,0.0,0.0,0.0,0,9.092
562044000,562044000,0.9978351,-0.04180197,-0.050839182,-0.0014885657,0.0,0.0,0.0,0.0,0,9.112
562064000,562064000,0.9979347,-0.04077767,-0.049697805,-0.0016612614,0.0,0.0,0.0,0.0,0,9.132
562084000,562084000,0.9980328,-0.039758008,-0.04853536,-0.0018098167,0.0,0.0,0.0,0.0,0,9.152
562104000,562104000,0.9981286,-0.03874416,-0.04736673,-0.0019341162,0.0,0.0,0.0,0.0,0,9.172
562124000,562124000,0.99822265,-0.037738618,-0.046176795,-0.0020350385,0.0,0.0,0.0,0.0,0,9.192
562144000,562144000,0.998314,-0.03674381,-0.04498492,-0.0021120831,0.0,0.0,0.0,0.0,0,9.212
562164000,562164000,0.9984028,-0.035759807,-0.043789916,-0.0021657045,0.0,0.0,0.0,0.0,0,9.232
562184000,562184000,0.99848855,-0.03478769,-0.04259915,-0.002196549,0.0,0.0,0.0,0.0,0,9.252
562204000,562204000,0.99857175,-0.033828624,-0.041403852,-0.0022054373,0.0,0.0,0.0,0.0,0,9.272
562224000,562224000,0.99865216,-0.03288378,-0.04020975,-0.00219275,0.0,0.0,0.0,0.0,0,9.292
562244000,562244000,0.99872994,-0.031954616,-0.039011285,-0.0021601073,0.0,0.0,0.0,0.0,0,9.312
562264000,562264000,0.9988041,-0.031049157,-0.037828457,-0.0021084244,0.0,0.0,0.0,0.0,0,9.332
562284000,562284000,0.9988749,-0.03016652,-0.036658585,-0.0020386323,0.0,0.0,0.0,0.0,0,9.352
562304000,562304000,0.9989424,-0.029304525,-0.035506595,-0.00195173,0.0,0.0,0.0,0.0,0,9.372
562324000,562324000,0.99900717,-0.028451338,-0.03436392,-0.0018484056,0.0,0.0,0.0,0.0,0,9.392
562344000,562344000,0.9990694,-0.02760803,-0.0332303,-0.0017296767,0.0,0.0,0.0,0.0,0,9.412
562364000,562364000,0.9991293,-0.026777543,-0.032097,-0.0015975074,0.0,0.0,0.0,0.0,0,9.432
562384000,562384000,0.9991863,-0.025963338,-0.030978402,-0.0014526274,0.0,0.0,0.0,0.0,0,9.452
562404000,562404000,0.9992407,-0.025157537,-0.02987565,-0.0012957777,0.0,0.0,0.0,0.0,0,9.472
562424000,562424000,0.9992923,-0.024362301,-0.028795432,-0.0011280933,0.0,0.0,0.0,0.0,0,9.492
562444000,562444000,0.99934095,-0.023587752,-0.027740424,-0.0009509615,0.0,0.0,0.0,0.0,0,9.512
562464000,562464000,0.99938667,-0.022837574,-0.026705801,-0.00076632557,0.0,0.0,0.0,0.0,0,9.532
562484000,562484000,0.99943024,-0.022100724,-0.025680143,-0.00057503063,0.0,0.0,0.0,0.0,0,9.552
562504000,562504000,0.9994716,-0.021372676,-0.02467059,-0.00037776472,0.0,0.0,0.0,0.0,0,9.572
562524000,562524000,0.9995106,-0.020651892,-0.023689311,-0.00017555172,0.0,0.0,0.0,0.0,0,9.592
562544000,562544000,0.9995473,-0.019938668,-0.022731751,3.0253728e-05,0.0,0.0,0.0,0.0,0,9.612
562564000,562564000,0.9995821,-0.01923078,-0.021790488,0.00023881045,0.0,0.0,0.0,0.0,0,9.632
562584000,562584000,0.9996151,-0.018525708,-0.020866435,0.00044889151,0.0,0.0,0.0,0.0,0,9.652
562604000,562604000,0.9996464,-0.017822731,-0.01995146,0.0006598161,0.0,0.0,0.0,0.0,0,9.672
562624000,562624000,0.99967587,-0.01712618,-0.01905668,0.0008705691,0.0,0.0,0.0,0.0,0,9.692
562644000,562644000,0.9997032,-0.016443007,-0.018195054,0.0010801256,0.0,0.0,0.0,0.0,0,9.712
562664000,562664000,0.9997285,-0.015778389,-0.017362222,0.0012877472,0.0,0.0,0.0,0.0,0,9.732
562684000,562684000,0.9997519,-0.015133,-0.016550954,0.0014926285,0.0,0.0,0.0,0.0,0,9.752
562704000,562704000,0.999774,-0.014497184,-0.01574872,0.0016939646,0.0,0.0,0.0,0.0,0,9.772
562724000,562724000,0.9997946,-0.0138647305,-0.014967676,0.001891945,0.0,0.0,0.0,0.0,0,9.792
562744000,562744000,0.9998139,-0.013236461,-0.014203226,0.0020855172,0.0,0.0,0.0,0.0,0,9.812
562764000,562764000,0.9998319,-0.012615543,-0.013452509,0.0022739428,0.0,0.0,0.0,0.0,0,9.832
562784000,562784000,0.9998483,-0.012013447,-0.0127304755,0.0024565945,0.0,0.0,0.0,0.0,0,9.852
562804000,562804000,0.9998633,-0.011431354,-0.012032453,0.0026331486,0.0,0.0,0.0,0.0,0,9.872
562824000,562824000,0.9998772,-0.01086226,-0.01134818,0.0028030004,0.0,0.0,0.0,0.0,0,9.892
562844000,562844000,0.99989,-0.010300876,-0.010683012,0.0029657187,0.0,0.0,0.0,0.0,0,9.912
562864000,562864000,0.9999019,-0.009745337,-0.010029521,0.003121255,0.0,0.0,0.0,0.0,0,9.932
562884000,562884000,0.9999129,-0.009190059,-0.0093881,0.0032688775,0.0,0.0,0.0,0.0,0,9.952
562904000,562904000,0.99992305,-0.0086399205,-0.008762743,0.0034084015,0.0,0.0,0.0,0.0,0,9.972
562924000,562924000,0.99993217,-0.0081086205,-0.008156113,0.0035395832,0.0,0.0,0.0,0.0,0,9.992
562944000,562944000,0.99994034,-0.00759199,-0.007573747,0.0036624204,0.0,0.0,0.0,0.0,0,10.012
562964000,562964000,0.99994785,-0.007087129,-0.0069955136,0.0037768953,0.0,0.0,0.0,0.0,0,10.032
562984000,562984000,0.99995464,-0.0065890704,-0.0064284955,0.0038830605,0.0,0.0,0.0,0.0,0,10.052
563004000,563004000,0.9999607,-0.0060976734,-0.0058824276,0.0039807977,0.0,0.0,0.0,0.0,0,10.072
563024000,563024000,0.9999662,-0.0056162085,-0.005343408,0.004070525,0.0,0.0,0.0,0.0,0,10.092
563044000,563044000,0.99997103,-0.0051528728,-0.004817413,0.004151697,0.0,0.0,0.0,0.0,0,10.112
563064000,563064000,0.9999752,-0.0047042067,-0.004319891,0.004224458,0.0,0.0,0.0,0.0,0,10.132
563084000,563084000,0.99997884,-0.0042657084,-0.0038427822,0.004289813,0.0,0.0,0.0,0.0,0,10.152
563104000,563104000,0.999982,-0.0038422458,-0.0033835024,0.0043477034,0.0,0.0,0.0,0.0,0,10.172
563124000,563124000,0.9999846,-0.0034431566,-0.0029485961,0.0043982505,0.0,0.0,0.0,0.0,0,10.192
563144000,563144000,0.99998677,-0.003072612,-0.0025338554,0.0044414946,0.0,0.0,0.0,0.0,0,10.212
563164000,563164000,0.99998856,-0.0027226794,-0.0021376596,0.004477476,0.0,0.0,0.0,0.0,0,10.232
563184000,563184000,0.99999,-0.002392757,-0.0017589696,0.004506338,0.0,0.0,0.0,0.0,0,10.252
563204000,563204000,0.9999912,-0.002078814,-0.0013870455,0.0045285267,0.0,0.0,0.0,0.0,0,10.272
563224000,563224000,0.99999213,-0.0017758732,-0.0010323602,0.0045443736,0.0,0.0,0.0,0.0,0,10.292
563244000,563244000,0.99999285,-0.0014858124,-0.0006960289,0.0045540957,0.0,0.0,0.0,0.0,0,10.312
563264000,563264000,0.9999934,-0.0012137516,-0.00038066937,0.0045578033,0.0,0.0,0.0,0.0,0,10.332
563284000,563284000,0.9999937,-0.00096354046,-8.060243e-05,0.00455585,0.0,0.0,0.0,0.0,0,10.352
563304000,563304000,0.9999939,-0.0007264009,0.00020523471,0.0045486772,0.0,0.0,0.0,0.0,0,10.372
563324000,563324000,0.99999404,-0.00050423574,0.0004744665,0.0045366036,0.0,0.0,0.0,0.0,0,10.392
563344000,563344000,0.99999404,-0.0002976264,0.0007240167,0.0045201182,0.0,0.0,0.0,0.0,0,10.412
563364000,563364000,0.999994,-0.00010745251,0.0009535356,0.0044995914,0.0,0.0,0.0,0.0,0,10.432
563384000,563384000,0.99999386,6.184187e-05,0.0011645402,0.004475537,0.0,0.0,0.0,0.0,0,10.452
563404000,563404000,0.9999937,0.00020995451,0.0013681753,0.004448201,0.0,0.0,0.0,0.0,0,10.472
563424000,563424000,0.9999935,0.0003426564,0.0015634507,0.004417849,0.0,0.0,0.0,0.0,0,10.492
563444000,563444000,0.9999933,0.00046491995,0.0017446997,0.0043847812,0.0,0.0,0.0,0.0,0,10.512
563464000,563464000,0.9999931,0.00057371665,0.0019054917,0.0043493863,0.0,0.0,0.0,0.0,0,10.532
563484000,563484000,0.99999297,0.00066086237,0.00204773,0.0043122075,0.0,0.0,0.0,0.0,0,10.552
563504000,563504000,0.9999928,0.00073246355,0.0021709588,0.004273496,0.0,0.0,0.0,0.0,0,10.572
563524000,563524000,0.99999267,0.000796872,0.0022783761,0.004233553,0.0,0.0,0.0,0.0,0,10.592
563544000,563544000,0.9999926,0.0008568209,0.0023704509,0.0041923826,0.0,0.0,0.0,0.0,0,10.612
563564000,563564000,0.99999255,0.0009088124,0.0024443462,0.004150393,0.0,0.0,0.0,0.0,0,10.632
563584000,563584000,0.99999255,0.0009554918,0.0025053665,0.0041077635,0.0,0.0,0.0,0.0,0,10.652
563604000,563604000,0.99999255,0.0009953623,0.0025546048,0.0040646675,0.0,0.0,0.0,0.0,0,10.672
563624000,563624000,0.9999926,0.0010269302,0.0025914337,0.0040215435,0.0,0.0,0.0,0.0,0,10.692
563644000,563644000,0.99999267,0.0010495451,0.002618208,0.0039787646,0.0,0.0,0.0,0.0,0,10.712
563664000,563664000,0.9999928,0.0010606983,0.002636537,0.003936314,0.0,0.0,0.0,0.0,0,10.732
563684000,563684000,0.9999929,0.001066089,0.0026454409,0.0038942539,0.0,0.0,0.0,0.0,0,10.752
563704000,563704000,0.9999931,0.0010699483,0.0026433952,0.0038528917,0.0,0.0,0.0,0.0,0,10.772
563724000,563724000,0.99999326,0.0010719708,0.002631458,0.003812439,0.0,0.0,0.0,0.0,0,10.792
563744000,563744000,0.99999344,0.0010672429,0.0026076147,0.003773154,0.0,0.0,0.0,0.0,0,10.812
563764000,563764000,0.9999937,0.0010618599,0.0025770369,0.0037352266,0.0,0.0,0.0,0.0,0,10.832
563784000,563784000,0.9999939,0.0010571366,0.0025476457,0.0036989679,0.0,0.0,0.0,0.0,0,10.852
563804000,563804000,0.9999941,0.0010452552,0.0025223559,0.003664404,0.0,0.0,0.0,0.0,0,10.872
563824000,563824000,0.99999434,0.0010308935,0.0024908218,0.0036315785,0.0,0.0,0.0,0.0,0,10.892
563844000,563844000,0.9999946,0.0010157442,0.0024483162,0.0036006928,0.0,0.0,0.0,0.0,0,10.912
563864000,563864000,0.9999948,0.0009997446,0.0023932925,0.003571757,0.0,0.0,0.0,0.0,0,10.932
563884000,563884000,0.99999505,0.0009839695,0.00233044,0.003545035,0.0,0.0,0.0,0.0,0,10.952
563904000,563904000,0.9999953,0.00097197253,0.0022730592,0.0035205614,0.0,0.0,0.0,0.0,0,10.972
563924000,563924000,0.9999955,0.00096173317,0.002219377,0.0034983954,0.0,0.0,0.0,0.0,0,10.992
563944000,563944000,0.9999957,0.0009517622,0.0021557757,0.0034787569,0.0,0.0,0.0,0.0,0,11.012
563964000,563964000,0.99999595,0.0009465981,0.002080631,0.0034614909,0.0,0.0,0.0,0.0,0,11.032
563984000,563984000,0.9999962,0.0009416002,0.0019976797,0.0034469937,0.0,0.0,0.0,0.0,0,11.052
564004000,564004000,0.99999636,0.0009348215,0.0019169676,0.0034353132,0.0,0.0,0.0,0.0,0,11.072
564024000,564024000,0.99999654,0.0009336935,0.0018463397,0.003426654,0.0,0.0,0.0,0.0,0,11.092
564044000,564044000,0.99999666,0.0009428851,0.0017807924,0.003420988,0.0,0.0,0.0,0.0,0,11.112
564064000,564064000,0.9999968,0.0009592182,0.0017122623,0.003417904,0.0,0.0,0.0,0.0,0,11.132
564084000,564084000,0.9999969,0.0009769427,0.0016389647,0.0034178835,0.0,0.0,0.0,0.0,0,11.152
564104000,564104000,0.99999696,0.0009982085,0.0015598718,0.003420928,0.0,0.0,0.0,0.0,0,11.172
564124000,564124000,0.9999971,0.0010185308,0.0014809864,0.0034265826,0.0,0.0,0.0,0.0,0,11.192
564144000,564144000,0.99999714,0.0010397979,0.0014040063,0.0034350213,0.0,0.0,0.0,0.0,0,11.212
564164000,564164000,0.9999972,0.0010594823,0.0013245301,0.0034459205,0.0,0.0,0.0,0.0,0,11.232
564184000,564184000,0.9999972,0.0010783877,0.0012427297,0.0034589039,0.0,0.0,0.0,0.0,0,11.252
564204000,564204000,0.99999726,0.0010955919,0.0011571845,0.0034741955,0.0,0.0,0.0,0.0,0,11.272
564224000,564224000,0.99999726,0.0011045032,0.0010682151,0.0034921726,0.0,0.0,0.0,0.0,0,11.292
564244000,564244000,0.9999973,0.0011033618,0.0009832392,0.0035124558,0.0,0.0,0.0,0.0,0,11.312
564264000,564264000,0.9999973,0.001099132,0.0009015926,0.003534999,0.0,0.0,0.0,0.0,0,11.332
564284000,564284000,0.99999726,0.001094821,0.000819563,0.003559693,0.0,0.0,0.0,0.0,0,11.352
564304000,564304000,0.99999726,0.0010859452,0.00072715845,0.0035859323,0.0,0.0,0.0,0.0,0,11.372
564324000,564324000,0.99999726,0.0010800926,0.0006375704,0.0036135223,0.0,0.0,0.0,0.0,0,11.392
564344000,564344000,0.9999972,0.0010757982,0.00055254984,0.00364244,0.0,0.0,0.0,0.0,0,11.412
564364000,564364000,0.99999714,0.0010640599,0.00047797378,0.003672621,0.0,0.0,0.0,0.0,0,11.432
564384000,564384000,0.9999971,0.0010461853,0.00041204866,0.003703755,0.0,0.0,0.0,0.0,0,11.452
564404000,564404000,0.999997,0.0010204087,0.0003437771,0.0037362156,0.0,0.0,0.0,0.0,0,11.472
564424000,564424000,0.9999969,0.0009897851,0.0002740493,0.003770022,0.0,0.0,0.0,0.0,0,11.492
564444000,564444000,0.99999684,0.0009489659,0.00021087701,0.0038047894,0.0,0.0,0.0,0.0,0,11.512
564464000,564464000,0.9999968,0.00089496525,0.0001580543,0.0038400714,0.0,0.0,0.0,0.0,0,11.532
564484000,564484000,0.99999666,0.00083375484,0.00011031703,0.003875406,0.0,0.0,0.0,0.0,0,11.552
564504000,564504000,0.9999966,0.00076936954,6.365882e-05,0.0039106286,0.0,0.0,0.0,0.0,0,11.572
564524000,564524000,0.99999654,0.00070372055,1.6656588e-05,0.003945723,0.0,0.0,0.0,0.0,0,11.592
564544000,564544000,0.9999964,0.00064189336,-2.7528082e-05,0.00398096,0.0,0.0,0.0,0.0,0,11.612
564564000,564564000,0.9999963,0.0005920459,-6.622391e-05,0.0040163393,0.0,0.0,0.0,0.0,0,11.632
564584000,564584000,0.9999962,0.0005417191,-0.000101756465,0.0040518334,0.0,0.0,0.0,0.0,0,11.652
564604000,564604000,0.99999607,0.0004905587,-0.00014175639,0.00408735,0.0,0.0,0.0,0.0,0,11.672
564624000,564624000,0.99999595,0.00044866095,-0.00017835674,0.0041222107,0.0,0.0,0.0,0.0,0,11.692
564644000,564644000,0.9999958,0.00041418432,-0.00021111089,0.004156714,0.0,0.0,0.0,0.0,0,11.712
564664000,564664000,0.99999565,0.00038297087,-0.00024322918,0.0041909264,0.0,0.0,0.0,0.0,0,11.732
564684000,564684000,0.9999955,0.00035316427,-0.00027606584,0.0042248787,0.0,0.0,0.0,0.0,0,11.752
564704000,564704000,0.9999954,0.00032243345,-0.00030883704,0.004258218,0.0,0.0,0.0,0.0,0,11.772
564724000,564724000,0.99999523,0.00029248133,-0.00034383158,0.0042902557,0.0,0.0,0.0,0.0,0,11.792
564744000,564744000,0.9999951,0.00026413155,-0.00038220975,0.0043204892,0.0,0.0,0.0,0.0,0,11.812
564764000,564764000,0.999995,0.00023627862,-0.00042321056,0.004348935,0.0,0.0,0.0,0.0,0,11.832
564784000,564784000,0.9999949,0.00021380556,-0.00046105255,0.00437609,0.0,0.0,0.0,0.0,0,11.852
564804000,564804000,0.9999947,0.00019608648,-0.0004959651,0.0044024107,0.0,0.0,0.0,0.0,0,11.872
564824000,564824000,0.9999946,0.00017892574,-0.00053409656,0.0044279154,0.0,0.0,0.0,0.0,0,11.892
564844000,564844000,0.99999446,0.00015724215,-0.00058028626,0.0044521834,0.0,0.0,0.0,0.0,0,11.912
564864000,564864000,0.99999434,0.00012722825,-0.0006267689,0.0044748136,0.0,0.0,0.0,0.0,0,11.932
564884000,564884000,0.9999942,9.4727846e-05,-0.00067567243,0.0044957437,0.0,0.0,0.0,0.0,0,11.952
564904000,564904000,0.9999941,6.199397e-05,-0.0007293772,0.004514916,0.0,0.0,0.0,0.0,0,11.972
564924000,564924000,0.999994,3.0190138e-05,-0.00078490353,0.0045326105,0.0,0.0,0.0,0.0,0,11.992
564944000,564944000,0.99999386,6.5557106e-06,-0.00083316147,0.004549287,0.0,0.0,0.0,0.0,0,12.012
564964000,564964000,0.99999374,-1.37715015e-05,-0.00087596785,0.0045652115,0.0,0.0,0.0,0.0,0,12.032
564984000,564984000,0.9999936,-3.2148822e-05,-0.0009176774,0.0045802156,0.0,0.0,0.0,0.0,0,12.052
565004000,565004000,0.99999356,-5.5014174e-05,-0.0009545615,0.0045937165,0.0,0.0,0.0,0.0,0,12.072
565024000,565024000,0.99999344,-8.0342645e-05,-0.0009896674,0.0046054167,0.0,0.0,0.0,0.0,0,12.092
565044000,565044000,0.9999934,-0.00010889182,-0.001026657,0.0046155606,0.0,0.0,0.0,0.0,0,12.112
565064000,565064000,0.99999326,-0.00013877123,-0.0010647993,0.004624479,0.0,0.0,0.0,0.0,0,12.132
565084000,565084000,0.9999932,-0.00016187626,-0.0010965212,0.004632689,0.0,0.0,0.0,0.0,0,12.152
565104000,565104000,0.99999315,-0.00018181732,-0.0011247057,0.004640468,0.0,0.0,0.0,0.0,0,12.172
565124000,565124000,0.9999931,-0.00020518086,-0.0011473282,0.0046471865,0.0,0.0,0.0,0.0,0,12.192
565144000,565144000,0.999993,-0.00023223498,-0.0011717371,0.0046527493,0.0,0.0,0.0,0.0,0,12.212
565164000,565164000,0.99999297,-0.0002588046,-0.0011974269,0.00465709,0.0,0.0,0.0,0.0,0,12.232
565184000,565184000,0.9999929,-0.00027928603,-0.0012179688,0.004660622,0.0,0.0,0.0,0.0,0,12.252
565204000,565204000,0.99999285,-0.00030137226,-0.0012408921,0.004663335,0.0,0.0,0.0,0.0,0,12.272
565224000,565224000,0.9999928,-0.00033277128,-0.0012728112,0.004665367,0.0,0.0,0.0,0.0,0,12.292
565244000,565244000,0.9999927,-0.0003758691,-0.0013036005,0.004666623,0.0,0.0,0.0,0.0,0,12.312
565264000,565264000,0.99999267,-0.00042466403,-0.001333161,0.004667191,0.0,0.0,0.0,0.0,0,12.332
565284000,565284000,0.9999926,-0.0004712441,-0.0013643932,0.004666922,0.0,0.0,0.0,0.0,0,12.352
565304000,565304000,0.99999255,-0.00051820045,-0.0013872085,0.00466598,0.0,0.0,0.0,0.0,0,12.372
565324000,565324000,0.99999255,-0.00056371116,-0.0014041946,0.0046647247,0.0,0.0,0.0,0.0,0,12.392
565344000,565344000,0.9999925,-0.0006114463,-0.0014212887,0.0046631964,0.0,0.0,0.0,0.0,0,12.412
565364000,565364000,0.99999243,-0.00066048664,-0.0014398103,0.0046614567,0.0,0.0,0.0,0.0,0,12.432
565384000,565384000,0.9999924,-0.00070603064,-0.0014631067,0.0046594315,0.0,0.0,0.0,0.0,0,12.452
565404000,565404000,0.9999923,-0.0007496062,-0.001489195,0.0046570515,0.0,0.0,0.0,0.0,0,12.472
565424000,565424000,0.99999225,-0.0007951033,-0.0015177565,0.004654184,0.0,0.0,0.0,0.0,0,12.492
565444000,565444000,0.9999922,-0.0008376175,-0.0015628705,0.0046511893,0.0,0.0,0.0,0.0,0,12.512
565464000,565464000,0.9999921,-0.0008745743,-0.001616394,0.004647984,0.0,0.0,0.0,0.0,0,12.532
565484000,565484000,0.99999195,-0.0009069424,-0.0016664612,0.0046447148,0.0,0.0,0.0,0.0,0,12.552
565504000,565504000,0.9999919,-0.0009378195,-0.0017125807,0.0046414332,0.0,0.0,0.0,0.0,0,12.572
565524000,565524000,0.9999918,-0.00096811017,-0.001756854,0.0046381583,0.0,0.0,0.0,0.0,0,12.592
565544000,565544000,0.9999917,-0.0009981033,-0.0017998001,0.0046348977,0.0,0.0,0.0,0.0,0,12.612
565564000,565564000,0.9999916,-0.0010280074,-0.0018419634,0.004631656,0.0,0.0,0.0,0.0,0,12.632
565584000,565584000,0.99999154,-0.0010581174,-0.0018834888,0.0046284897,0.0,0.0,0.0,0.0,0,12.652
565604000,565604000,0.9999914,-0.0010893857,-0.0019257272,0.0046253325,0.0,0.0,0.0,0.0,0,12.672
565624000,565624000,0.9999913,-0.0011158074,-0.001972392,0.004621687,0.0,0.0,0.0,0.0,0,12.692
565644000,565644000,0.9999912,-0.0011303,-0.0020301216,0.004617505,0.0,0.0,0.0,0.0,0,12.712
565664000,565664000,0.99999106,-0.0011378431,-0.0020931205,0.004613353,0.0,0.0,0.0,0.0,0,12.732
565684000,565684000,0.99999094,-0.0011418898,-0.0021552197,0.0046094633,0.0,0.0,0.0,0.0,0,12.752
565704000,565704000,0.9999908,-0.0011454867,-0.0022302668,0.004605736,0.0,0.0,0.0,0.0,0,12.772
565724000,565724000,0.99999064,-0.001146172,-0.002318554,0.0046022804,0.0,0.0,0.0,0.0,0,12.792
565744000,565744000,0.99999046,-0.0011451825,-0.0023927398,0.004599039,0.0,0.0,0.0,0.0,0,12.812
565764000,565764000,0.99999034,-0.0011417173,-0.0024581149,0.0045963046,0.0,0.0,0.0,0.0,0,12.832
565784000,565784000,0.99999017,-0.0011283306,-0.0025267738,0.004594208,0.0,0.0,0.0,0.0,0,12.852
565804000,565804000,0.99999005,-0.0011076902,-0.0025910456,0.0045924475,0.0,0.0,0.0,0.0,0,12.872
565824000,565824000,0.9999899,-0.001085941,-0.002653898,0.0045910385,0.0,0.0,0.0,0.0,0,12.892
565844000,565844000,0.99998975,-0.0010636831,-0.0027186263,0.0045900936,0.0,0.0,0.0,0.0,0,12.912
565864000,565864000,0.9999896,-0.0010437244,-0.002778406,0.004589229,0.0,0.0,0.0,0.0,0,12.932
565884000,565884000,0.9999895,-0.0010177859,-0.0028305769,0.0045885057,0.0,0.0,0.0,0.0,0,12.952
565904000,565904000,0.9999894,-0.0009781633,-0.0028864036,0.0045886077,0.0,0.0,0.0,0.0,0,12.972
565924000,565924000,0.9999893,-0.00093583873,-0.0029338524,0.0045894864,0.0,0.0,0.0,0.0,0,12.992
565944000,565944000,0.99998915,-0.0008938803,-0.0029815787,0.004590831,0.0,0.0,0.0,0.0,0,13.012
565964000,565964000,0.99998903,-0.0008542429,-0.0030358408,0.004592998,0.0,0.0,0.0,0.0,0,13.032
565984000,565984000,0.9999889,-0.0008102916,-0.003085289,0.004595632,0.0,0.0,0.0,0.0,0,13.052
566004000,566004000,0.99998885,-0.0007582057,-0.0031149823,0.0045987745,0.0,0.0,0.0,0.0,0,13.072
566024000,566024000,0.9999888,-0.0006979524,-0.0031347598,0.004602824,0.0,0.0,0.0,0.0,0,13.092
566044000,566044000,0.99998873,-0.00062541774,-0.0031563432,0.0046078395,0.0,0.0,0.0,0.0,0,13.112
566064000,566064000,0.99998873,-0.0005543186,-0.0031695024,0.004613548,0.0,0.0,0.0,0.0,0,13.132
566084000,566084000,0.99998873,-0.00048699055,-0.0031733348,0.0046196505,0.0,0.0,0.0,0.0,0,13.152
566104000,566104000,0.99998873,-0.00042110475,-0.003170748,0.0046262005,0.0,0.0,0.0,0.0,0,13.172
566124000,566124000,0.99998873,-0.00034823306,-0.0031702586,0.004633194,0.0,0.0,0.0,0.0,0,13.192
566144000,566144000,0.99998873,-0.00027103614,-0.003169262,0.0046403157,0.0,0.0,0.0,0.0,0,13.212
566164000,566164000,0.99998873,-0.0001916667,-0.003165557,0.0046474687,0.0,0.0,0.0,0.0,0,13.232
566184000,566184000,0.99998873,-0.00011116757,-0.0031580334,0.0046546278,0.0,0.0,0.0,0.0,0,13.252
566204000,566204000,0.99998873,-3.1131178e-05,-0.0031473949,0.004661832,0.0,0.0,0.0,0.0,0,13.272
566224000,566224000,0.99998873,4.819871e-05,-0.0031323032,0.00466888,0.0,0.0,0.0,0.0,0,13.292
566244000,566244000,0.9999888,0.00012335913,-0.0031081417,0.004675597,0.0,0.0,0.0,0.0,0,13.312
566264000,566264000,0.99998885,0.00019406101,-0.0030751226,0.0046821022,0.0,0.0,0.0,0.0,0,13.332
566284000,566284000,0.9999889,0.0002552965,-0.0030381384,0.004688393,0.0,0.0,0.0,0.0,0,13.352
566304000,566304000,0.999989,0.0003097012,-0.0029951758,0.004694067,0.0,0.0,0.0,0.0,0,13.372
566324000,566324000,0.99998903,0.0003679492,-0.0029609515,0.004699295,0.0,0.0,0.0,0.0,0,13.392
566344000,566344000,0.9999891,0.00042298218,-0.0029262824,0.004703766,0.0,0.0,0.0,0.0,0,13.412
566364000,566364000,0.9999892,0.00046935354,-0.0028813065,0.0047077076,0.0,0.0,0.0,0.0,0,13.432
566384000,566384000,0.9999893,0.00051066536,-0.0028429842,0.0047113714,0.0,0.0,0.0,0.0,0,13.452
566404000,566404000,0.9999894,0.00054112286,-0.002802967,0.0047143986,0.0,0.0,0.0,0.0,0,13.472
566424000,566424000,0.9999895,0.00056873343,-0.0027487243,0.0047161398,0.0,0.0,0.0,0.0,0,13.492
566444000,566444000,0.9999896,0.0005925634,-0.0026870097,0.004716378,0.0,0.0,0.0,0.0,0,13.512
566464000,566464000,0.9999898,0.0006199401,-0.0026129198,0.004715246,0.0,0.0,0.0,0.0,0,13.532
566484000,566484000,0.99999005,0.000646724,-0.002533054,0.0047129486,0.0,0.0,0.0,0.0,0,13.552
566504000,566504000,0.9999902,0.000676774,-0.0024490478,0.0047096224,0.0,0.0,0.0,0.0,0,13.572
566524000,566524000,0.99999046,0.0007147559,-0.0023551234,0.004705587,0.0,0.0,0.0,0.0,0,13.592
566544000,566544000,0.99999064,0.0007589973,-0.0022647413,0.0047009457,0.0,0.0,0.0,0.0,0,13.612
566564000,566564000,0.9999909,0.0008104457,-0.0021660023,0.0046958006,0.0,0.0,0.0,0.0,0,13.632
566584000,566584000,0.99999106,0.0008548821,-0.0020621682,0.0046900567,0.0,0.0,0.0,0.0,0,13.652
566604000,566604000,0.99999124,0.00089390314,-0.0019688066,0.0046837293,0.0,0.0,0.0,0.0,0,13.672
566624000,566624000,0.9999914,0.0009375062,-0.0018661662,0.00467693,0.0,0.0,0.0,0.0,0,13.692
566644000,566644000,0.99999166,0.000989625,-0.0017433113,0.0046702395,0.0,0.0,0.0,0.0,0,13.712
566664000,566664000,0.99999183,0.001051285,-0.0016135862,0.004663701,0.0,0.0,0.0,0.0,0,13.732
566684000,566684000,0.99999195,0.0011137902,-0.0014913176,0.004657174,0.0,0.0,0.0,0.0,0,13.752
566704000,566704000,0.99999213,0.0011763074,-0.0013549845,0.004650457,0.0,0.0,0.0,0.0,0,13.772
566724000,566724000,0.99999225,0.0012406197,-0.0012108025,0.0046437816,0.0,0.0,0.0,0.0,0,13.792
566744000,566744000,0.9999924,0.0013103221,-0.0010762291,0.0046374947,0.0,0.0,0.0,0.0,0,13.812
566764000,566764000,0.99999243,0.0013824735,-0.00094404886,0.0046317,0.0,0.0,0.0,0.0,0,13.832
566784000,566784000,0.9999925,0.0014459011,-0.0007992559,0.004626566,0.0,0.0,0.0,0.0,0,13.852
566804000,566804000,0.99999255,0.0015071812,-0.00064951595,0.004622107,0.0,0.0,0.0,0.0,0,13.872
566824000,566824000,0.99999255,0.001568782,-0.0005146765,0.0046179346,0.0,0.0,0.0,0.0,0,13.892
566844000,566844000,0.99999255,0.0016173938,-0.0003847255,0.004614432,0.0,0.0,0.0,0.0,0,13.912
566864000,566864000,0.9999925,0.0016605395,-0.00024384104,0.0046114544,0.0,0.0,0.0,0.0,0,13.932
566884000,566884000,0.9999925,0.001710152,-0.00010408895,0.0046088025,0.0,0.0,0.0,0.0,0,13.952
566904000,566904000,0.99999243,0.0017522756,2.8580589e-05,0.0046062986,0.0,0.0,0.0,0.0,0,13.972
566924000,566924000,0.9999924,0.0017778323,0.00017029585,0.0046042986,0.0,0.0,0.0,0.0,0,13.992
566944000,566944000,0.9999923,0.0017970728,0.0003090742,0.004602642,0.0,0.0,0.0,0.0,0,14.012
566964000,566964000,0.9999922,0.0018175974,0.00043116033,0.004601528,0.0,0.0,0.0,0.0,0,14.032
566984000,566984000,0.99999213,0.0018377046,0.0005477399,0.0046011903,0.0,0.0,0.0,0.0,0,14.052
567004000,567004000,0.999992,0.001851773,0.0006647539,0.004601266,0.0,0.0,0.0,0.0,0,14.072
567024000,567024000,0.9999919,0.0018675739,0.0007721102,0.00460194,0.0,0.0,0.0,0.0,0,14.092
567044000,567044000,0.9999918,0.0018868838,0.00087413774,0.0046027643,0.0,0.0,0.0,0.0,0,14.112
567064000,567064000,0.99999166,0.0019010615,0.0009730298,0.004603466,0.0,0.0,0.0,0.0,0,14.132
567084000,567084000,0.99999154,0.0019074285,0.0010695166,0.004604365,0.0,0.0,0.0,0.0,0,14.152
567104000,567104000,0.9999915,0.0019101977,0.0011574796,0.0046052537,0.0,0.0,0.0,0.0,0,14.172
567124000,567124000,0.99999136,0.0019079244,0.0012424097,0.004606087,0.0,0.0,0.0,0.0,0,14.192
567144000,567144000,0.99999124,0.0018981453,0.0013256009,0.0046069054,0.0,0.0,0.0,0.0,0,14.212
567164000,567164000,0.99999124,0.0018648759,0.0013926604,0.004607605,0.0,0.0,0.0,0.0,0,14.232
567184000,567184000,0.99999124,0.001814779,0.0014510154,0.0046081576,0.0,0.0,0.0,0.0,0,14.252
567204000,567204000,0.99999124,0.0017569835,0.0015080842,0.0046086325,0.0,0.0,0.0,0.0,0,14.272
567224000,567224000,0.9999913,0.0016942301,0.0015547215,0.004609129,0.0,0.0,0.0,0.0,0,14.292
567244000,567244000,0.99999136,0.0016223787,0.0015927344,0.004610082,0.0,0.0,0.0,0.0,0,14.312
567264000,567264000,0.9999914,0.0015411931,0.001614721,0.0046111057,0.0,0.0,0.0,0.0,0,14.332
567284000,567284000,0.99999154,0.0014561397,0.0016285054,0.0046120347,0.0,0.0,0.0,0.0,0,14.352
567304000,567304000,0.99999166,0.001361325,0.0016406795,0.0046132044,0.0,0.0,0.0,0.0,0,14.372
567324000,567324000,0.9999918,0.001259136,0.0016376764,0.004614339,0.0,0.0,0.0,0.0,0,14.392
567344000,567344000,0.9999919,0.0011623476,0.001628239,0.004615483,0.0,0.0,0.0,0.0,0,14.412
567364000,567364000,0.999992,0.0010657829,0.0016349824,0.004616532,0.0,0.0,0.0,0.0,0,14.432
567384000,567384000,0.9999921,0.0009621271,0.0016393494,0.0046177623,0.0,0.0,0.0,0.0,0,14.452
567404000,567404000,0.9999922,0.0008490942,0.0016334759,0.0046191607,0.0,0.0,0.0,0.0,0,14.472
567424000,567424000,0.9999923,0.00073594885,0.0016226855,0.0046201865,0.0,0.0,0.0,0.0,0,14.492
567444000,567444000,0.9999924,0.0006194205,0.0016137882,0.004621148,0.0,0.0,0.0,0.0,0,14.512
567464000,567464000,0.99999243,0.0004961392,0.0016077656,0.004622059,0.0,0.0,0.0,0.0,0,14.532
567484000,567484000,0.9999925,0.0003745342,0.0016002597,0.004622577,0.0,0.0,0.0,0.0,0,14.552
567504000,567504000,0.99999255,0.00025416445,0.001592861,0.0046229945,0.0,0.0,0.0,0.0,0,14.572
567524000,567524000,0.9999926,0.0001321431,0.0015884842,0.0046233675,0.0,0.0,0.0,0.0,0,14.592
567544000,567544000,0.9999926,8.417424e-06,0.0015872434,0.004623677,0.0,0.0,0.0,0.0,0,14.612
567564000,567564000,0.9999926,-0.00011677063,0.0015887686,0.004623887,0.0,0.0,0.0,0.0,0,14.632
567584000,567584000,0.99999255,-0.00024412845,0.0015937603,0.004624093,0.0,0.0,0.0,0.0,0,14.652
567604000,567604000,0.99999064,0.0011917097,0.0022481272,0.004618594,0.0,0.0,0.0,0.0,0,14.672
567624000,567624000,0.999963,0.006564752,0.0043438803,0.0045957924,0.0,0.0,0.0,0.0,0,14.692
567644000,567644000,0.9998645,0.01456508,0.0068665068,0.004552806,0.0,0.0,0.0,0.0,0,14.712
567664000,567664000,0.9996752,0.023512177,0.009252191,0.0044894577,0.0,0.0,0.0,0.0,0,14.732
567684000,567684000,0.99938726,0.03283543,0.0116853705,0.0044098455,0.0,0.0,0.0,0.0,0,14.752
567704000,567704000,0.99900156,0.042259548,0.014159442,0.0043128473,0.0,0.0,0.0,0.0,0,14.772
567724000,567724000,0.9985304,0.05154434,0.016485726,0.004193752,0.0,0.0,0.0,0.0,0,14.792
567744000,567744000,0.99799407,0.0604519,0.018603835,0.0040528136,0.0,0.0,0.0,0.0,0,14.812
567764000,567764000,0.9974165,0.0687897,0.02054841,0.0038955212,0.0,0.0,0.0,0.0,0,14.832
567784000,567784000,0.9968195,0.07647399,0.022313941,0.0037231164,0.0,0.0,0.0,0.0,0,14.852
567804000,567804000,0.9962218,0.08347023,0.023906676,0.0035374314,0.0,0.0,0.0,0.0,0,14.872
567824000,567824000,0.99563706,0.08979367,0.025334897,0.0033400415,0.0,0.0,0.0,0.0,0,14.892
567844000,567844000,0.9950754,0.09547734,0.026614247,0.0031331468,0.0,0.0,0.0,0.0,0,14.912
567864000,567864000,0.9945448,0.10055153,0.027758816,0.0029182206,0.0,0.0,0.0,0.0,0,14.932
567884000,567884000,0.9940487,0.10507877,0.028765965,0.0026947993,0.0,0.0,0.0,0.0,0,14.952
567904000,567904000,0.99358904,0.1091062,0.029659433,0.0024652784,0.0,0.0,0.0,0.0,0,14.972
567924000,567924000,0.99316734,0.1126719,0.030460237,0.0022322664,0.0,0.0,0.0,0.0,0,14.992
567944000,567944000,0.9927817,0.11583666,0.03116815,0.0019951246,0.0,0.0,0.0,0.0,0,15.012
567964000,567964000,0.9924486,0.11850832,0.031741828,0.0017534015,0.0,0.0,0.0,0.0,0,15.032
567984000,567984000,0.9921921,0.120538406,0.032127626,0.0015077819,0.0,0.0,0.0,0.0,0,15.052
568004000,568004000,0.9920268,0.12184446,0.03231448,0.0012619151,0.0,0.0,0.0,0.0,0,15.072
568024000,568024000,0.99195534,0.12242481,0.032323267,0.0010206142,0.0,0.0,0.0,0.0,0,15.092
568044000,568044000,0.9919709,0.12233808,0.032180842,0.0007874455,0.0,0.0,0.0,0.0,0,15.112
568064000,568064000,0.992063,0.121661305,0.031912025,0.00056505634,0.0,0.0,0.0,0.0,0,15.132
568084000,568084000,0.9922203,0.12046963,0.031543773,0.0003559722,0.0,0.0,0.0,0.0,0,15.152
568104000,568104000,0.9924323,0.11883294,0.031080006,0.00015975846,0.0,0.0,0.0,0.0,0,15.172
568124000,568124000,0.9926905,0.11680157,0.0305291,-2.2868635e-05,0.0,0.0,0.0,0.0,0,15.192
568144000,568144000,0.99298626,0.11442864,0.029891085,-0.0001923825,0.0,0.0,0.0,0.0,0,15.212
568164000,568164000,0.99331266,0.111746185,0.029184887,-0.00034627435,0.0,0.0,0.0,0.0,0,15.232
568184000,568184000,0.99366266,0.10879464,0.028409818,-0.0004846448,0.0,0.0,0.0,0.0,0,15.252
568204000,568204000,0.9940296,0.10560872,0.0275822,-0.0006057477,0.0,0.0,0.0,0.0,0,15.272
568224000,568224000,0.99440813,0.10221532,0.026704919,-0.0007093167,0.0,0.0,0.0,0.0,0,15.292
568244000,568244000,0.99479395,0.09863634,0.025774073,-0.0007955754,0.0,0.0,0.0,0.0,0,15.312
568264000,568264000,0.9951833,0.094886065,0.02480381,-0.00086298166,0.0,0.0,0.0,0.0,0,15.332
568284000,568284000,0.9955718,0.090991415,0.023782313,-0.000913097,0.0,0.0,0.0,0.0,0,15.352
568304000,568304000,0.9959565,0.086960636,0.022732258,-0.0009438536,0.0,0.0,0.0,0.0,0,15.372
568324000,568324000,0.9963331,0.082825996,0.021641107,-0.0009567033,0.0,0.0,0.0,0.0,0,15.392
568344000,568344000,0.9966991,0.07859831,0.020528203,-0.000950392,0.0,0.0,0.0,0.0,0,15.412
568364000,568364000,0.997052,0.074295,0.01938412,-0.00092587224,0.0,0.0,0.0,0.0,0,15.432
568384000,568384000,0.9973889,0.06994461,0.018204734,-0.0008841439,0.0,0.0,0.0,0.0,0,15.452
568404000,568404000,0.9977081,0.06555226,0.017025454,-0.0008230691,0.0,0.0,0.0,0.0,0,15.472
568424000,568424000,0.9980084,0.061134983,0.015822124,-0.0007451322,0.0,0.0,0.0,0.0,0,15.492
568444000,568444000,0.9982883,0.05670288,0.014628734,-0.00064910646,0.0,0.0,0.0,0.0,0,15.512
568464000,568464000,0.9985473,0.05226836,0.013421304,-0.00053698174,0.0,0.0,0.0,0.0,0,15.532
568484000,568484000,0.998785,0.04783651,0.012210612,-0.00040880142,0.0,0.0,0.0,0.0,0,15.552
568504000,568504000,0.99900067,0.043425042,0.010999319,-0.0002653481,0.0,0.0,0.0,0.0,0,15.572
568524000,568524000,0.999194,0.039044872,0.009789709,-0.00010785781,0.0,0.0,0.0,0.0,0,15.592
568544000,568544000,0.99936527,0.034701373,0.008602091,6.351864e-05,0.0,0.0,0.0,0.0,0,15.612
568564000,568564000,0.9995147,0.03040547,0.0074112504,0.00024644553,0.0,0.0,0.0,0.0,0,15.632
568584000,568584000,0.9996426,0.026164245,0.0062447893,0.0004409377,0.0,0.0,0.0,0.0,0,15.652
568604000,568604000,0.9997498,0.021984262,0.005080123,0.00064539554,0.0,0.0,0.0,0.0,0,15.672
568624000,568624000,0.99983674,0.017871652,0.0039362884,0.00085871405,0.0,0.0,0.0,0.0,0,15.692
568644000,568644000,0.9999042,0.013839514,0.0028125457,0.0010798598,0.0,0.0,0.0,0.0,0,15.712
568664000,568664000,0.99995327,0.009894117,0.0017182832,0.0013075139,0.0,0.0,0.0,0.0,0,15.732
568684000,568684000,0.999985,0.0060322424,0.0006470193,0.0015401307,0.0,0.0,0.0,0.0,0,15.752
568704000,568704000,1.0000004,0.0022631143,-0.00041331325,0.0017765651,0.0,0.0,0.0,0.0,0,15.772
568724000,568724000,1.0000005,-0.0014095154,-0.0014279024,0.0020156438,0.0,0.0,0.0,0.0,0,15.792
568744000,568744000,0.99998665,-0.0049796402,-0.0024284672,0.0022562735,0.0,0.0,0.0,0.0,0,15.812
568764000,568764000,0.99996,-0.008447494,-0.0033900014,0.0024969014,0.0,0.0,0.0,0.0,0,15.832
568784000,568784000,0.99992174,-0.011804977,-0.0043338374,0.0027364506,0.0,0.0,0.0,0.0,0,15.852
568804000,568804000,0.9998732,-0.01504639,-0.005231869,0.0029736555,0.0,0.0,0.0,0.0,0,15.872
568824000,568824000,0.99981564,-0.018175561,-0.006096003,0.003207597,0.0,0.0,0.0,0.0,0,15.892
568844000,568844000,0.99975026,-0.021188745,-0.0069134547,0.003436938,0.0,0.0,0.0,0.0,0,15.912
568864000,568864000,0.99967825,-0.024078637,-0.007699038,0.0036609932,0.0,0.0,0.0,0.0,0,15.932
568884000,568884000,0.9996008,-0.026850458,-0.008445288,0.0038784968,0.0,0.0,0.0,0.0,0,15.952
568904000,568904000,0.99951905,-0.02950151,-0.009152255,0.0040885196,0.0,0.0,0.0,0.0,0,15.972
568924000,568924000,0.99943405,-0.03202561,-0.009829104,0.0042906445,0.0,0.0,0.0,0.0,0,15.992
568944000,568944000,0.99934703,-0.03442426,-0.010462162,0.004483665,0.0,0.0,0.0,0.0,0,16.012
568964000,568964000,0.9992587,-0.036699675,-0.011070499,0.0046678716,0.0,0.0,0.0,0.0,0,16.032
568984000,568984000,0.9991701,-0.03884934,-0.011639144,0.0048418767,0.0,0.0,0.0,0.0,0,16.052
569004000,569004000,0.999082,-0.04087409,-0.012186103,0.005006182,0.0,0.0,0.0,0.0,0,16.072
569024000,569024000,0.99899536,-0.042774413,-0.0126916235,0.0051593147,0.0,0.0,0.0,0.0,0,16.092
569044000,569044000,0.9989106,-0.044554193,-0.01317186,0.0053016623,0.0,0.0,0.0,0.0,0,16.112
569064000,569064000,0.99882853,-0.0462155,-0.013610267,0.0054320013,0.0,0.0,0.0,0.0,0,16.132
569084000,569084000,0.9987498,-0.047756437,-0.014016875,0.0055508474,0.0,0.0,0.0,0.0,0,16.152
569104000,569104000,0.9986746,-0.04918447,-0.014389947,0.0056577153,0.0,0.0,0.0,0.0,0,16.172
569124000,569124000,0.9986033,-0.050500043,-0.014737053,0.005753129,0.0,0.0,0.0,0.0,0,16.192
569144000,569144000,0.99853647,-0.051705033,-0.015051506,0.0058363965,0.0,0.0,0.0,0.0,0,16.212
569164000,569164000,0.99847406,-0.05280532,-0.0153424535,0.005908189,0.0,0.0,0.0,0.0,0,16.232
569184000,569184000,0.99841636,-0.05380252,-0.015604578,0.005968262,0.0,0.0,0.0,0.0,0,16.252
569204000,569204000,0.998364,-0.05469784,-0.015823837,0.006015734,0.0,0.0,0.0,0.0,0,16.272
569224000,569224000,0.9983163,-0.055504467,-0.016009599,0.0060512633,0.0,0.0,0.0,0.0,0,16.292
569244000,569244000,0.9982732,-0.056225523,-0.016172409,0.006075408,0.0,0.0,0.0,0.0,0,16.312
569264000,569264000,0.99823505,-0.05685723,-0.016313413,0.0060886955,0.0,0.0,0.0,0.0,0,16.332
569284000,569284000,0.99820197,-0.057402384,-0.016425688,0.0060912073,0.0,0.0,0.0,0.0,0,16.352
569304000,569304000,0.998174,-0.057862088,-0.016513841,0.0060839737,0.0,0.0,0.0,0.0,0,16.372
569324000,569324000,0.998151,-0.05824101,-0.016578725,0.0060671936,0.0,0.0,0.0,0.0,0,16.392
569344000,569344000,0.9981329,-0.058542214,-0.016619258,0.0060412656,0.0,0.0,0.0,0.0,0,16.412
569364000,569364000,0.99811965,-0.05876732,-0.016630637,0.0060063037,0.0,0.0,0.0,0.0,0,16.432
569384000,569384000,0.9981112,-0.058917157,-0.016623974,0.0059635364,0.0,0.0,0.0,0.0,0,16.452
569404000,569404000,0.99810785,-0.058986254,-0.016598878,0.0059134625,0.0,0.0,0.0,0.0,0,16.472
569424000,569424000,0.99810886,-0.058985677,-0.016557029,0.0058565834,0.0,0.0,0.0,0.0,0,16.492
569444000,569444000,0.9981141,-0.058921095,-0.016493889,0.005793427,0.0,0.0,0.0,0.0,0,16.512
569464000,569464000,0.99812317,-0.05879388,-0.016424479,0.005725559,0.0,0.0,0.0,0.0,0,16.532
569484000,569484000,0.998136,-0.058608055,-0.01633598,0.0056526214,0.0,0.0,0.0,0.0,0,16.552
569504000,569504000,0.99815273,-0.05836006,-0.016223412,0.005574795,0.0,0.0,0.0,0.0,0,16.572
569524000,569524000,0.9981731,-0.058052678,-0.016100125,0.0054932395,0.0,0.0,0.0,0.0,0,16.592
569544000,569544000,0.99819654,-0.05769459,-0.01596277,0.0054084663,0.0,0.0,0.0,0.0,0,16.612
569564000,569564000,0.9982225,-0.05729166,-0.015822371,0.0053212414,0.0,0.0,0.0,0.0,0,16.632
569584000,569584000,0.99825096,-0.05684563,-0.01566446,0.005230702,0.0,0.0,0.0,0.0,0,16.652
569604000,569604000,0.99828243,-0.05634601,-0.015492987,0.0051380503,0.0,0.0,0.0,0.0,0,16.672
569624000,569624000,0.99831593,-0.055806953,-0.015316272,0.0050440044,0.0,0.0,0.0,0.0,0,16.692
569644000,569644000,0.9983517,-0.055220965,-0.015138096,0.004949265,0.0,0.0,0.0,0.0,0,16.712
569664000,569664000,0.99838984,-0.054585677,-0.014956014,0.0048544593,0.0,0.0,0.0,0.0,0,16.732
569684000,569684000,0.99842983,-0.053912845,-0.014756063,0.0047594043,0.0,0.0,0.0,0.0,0,16.752
569704000,569704000,0.99847084,-0.053215124,-0.014542461,0.004664572,0.0,0.0,0.0,0.0,0,16.772
569724000,569724000,0.99851286,-0.05248934,-0.014324349,0.0045706057,0.0,0.0,0.0,0.0,0,16.792
569744000,569744000,0.99855596,-0.051731076,-0.014106791,0.0044780336,0.0,0.0,0.0,0.0,0,16.812
569764000,569764000,0.99860007,-0.05094089,-0.013885577,0.004387667,0.0,0.0,0.0,0.0,0,16.832
569784000,569784000,0.9986453,-0.0501151,-0.013662061,0.0043000686,0.0,0.0,0.0,0.0,0,16.852
569804000,569804000,0.9986915,-0.04925615,-0.01343237,0.0042150435,0.0,0.0,0.0,0.0,0,16.872
569824000,569824000,0.9987377,-0.048382416,-0.013197618,0.00413241,0.0,0.0,0.0,0.0,0,16.892
569844000,569844000,0.9987836,-0.04749854,-0.012957891,0.0040525775,0.0,0.0,0.0,0.0,0,16.912
569864000,569864000,0.99882954,-0.046593554,-0.01272482,0.0039767534,0.0,0.0,0.0,0.0,0,16.932
569884000,569884000,0.9988754,-0.045670755,-0.012489799,0.003905154,0.0,0.0,0.0,0.0,0,16.952
569904000,569904000,0.99892104,-0.044734247,-0.012248017,0.0038376166,0.0,0.0,0.0,0.0,0,16.972
569924000,569924000,0.9989662,-0.04378842,-0.011995933,0.0037735018,0.0,0.0,0.0,0.0,0,16.992
569944000,569944000,0.9990107,-0.042834893,-0.011753116,0.0037138835,0.0,0.0,0.0,0.0,0,17.012
569964000,569964000,0.999054,-0.041885376,-0.011509344,0.0036587268,0.0,0.0,0.0,0.0,0,17.032
569984000,569984000,0.9990962,-0.04093668,-0.011267892,0.003608542,0.0,0.0,0.0,0.0,0,17.052
570004000,570004000,0.9991378,-0.039981544,-0.011020319,0.0035627908,0.0,0.0,0.0,0.0,0,17.072
570024000,570024000,0.999179,-0.03901322,-0.010768521,0.003521109,0.0,0.0,0.0,0.0,0,17.092
570044000,570044000,0.99921906,-0.038047202,-0.010516875,0.0034836018,0.0,0.0,0.0,0.0,0,17.112
570064000,570064000,0.999258,-0.03708677,-0.010261987,0.0034499345,0.0,0.0,0.0,0.0,0,17.132
570084000,570084000,0.99929595,-0.03612744,-0.009993119,0.0034193194,0.0,0.0,0.0,0.0,0,17.152
570104000,570104000,0.99933326,-0.035157844,-0.009725448,0.0033926417,0.0,0.0,0.0,0.0,0,17.172
570124000,570124000,0.9993693,-0.034193747,-0.009459706,0.003369278,0.0,0.0,0.0,0.0,0,17.192
570144000,570144000,0.99940395,-0.03324042,-0.0092005385,0.0033496975,0.0,0.0,0.0,0.0,0,17.212
570164000,570164000,0.99943715,-0.032302827,-0.008940684,0.0033340852,0.0,0.0,0.0,0.0,0,17.232
570184000,570184000,0.9994688,-0.031383846,-0.008673433,0.0033225494,0.0,0.0,0.0,0.0,0,17.252
570204000,570204000,0.9994992,-0.030478526,-0.008394676,0.0033146958,0.0,0.0,0.0,0.0,0,17.272
570224000,570224000,0.9995282,-0.02958992,-0.008115887,0.003310013,0.0,0.0,0.0,0.0,0,17.292
570244000,570244000,0.999556,-0.028716765,-0.007829666,0.003307911,0.0,0.0,0.0,0.0,0,17.312
570264000,570264000,0.9995826,-0.027856713,-0.00753578,0.0033083176,0.0,0.0,0.0,0.0,0,17.332
570284000,570284000,0.99960804,-0.027010161,-0.007234701,0.0033111444,0.0,0.0,0.0,0.0,0,17.352
570304000,570304000,0.99963236,-0.026173169,-0.0069401087,0.0033170043,0.0,0.0,0.0,0.0,0,17.372
570324000,570324000,0.9996555,-0.025349967,-0.006659887,0.0033253636,0.0,0.0,0.0,0.0,0,17.392
570344000,570344000,0.99967736,-0.02454325,-0.0063894223,0.0033356445,0.0,0.0,0.0,0.0,0,17.412
570364000,570364000,0.9996982,-0.02374856,-0.006111912,0.0033476946,0.0,0.0,0.0,0.0,0,17.432
570384000,570384000,0.9997182,-0.022966074,-0.005822936,0.0033614824,0.0,0.0,0.0,0.0,0,17.452
570404000,570404000,0.99973696,-0.022204733,-0.005536565,0.0033767119,0.0,0.0,0.0,0.0,0,17.472
570424000,570424000,0.9997547,-0.021457443,-0.0052593797,0.003393335,0.0,0.0,0.0,0.0,0,17.492
570444000,570444000,0.9997715,-0.020726616,-0.0049869637,0.0034112104,0.0,0.0,0.0,0.0,0,17.512
570464000,570464000,0.9997871,-0.02002265,-0.004708161,0.0034302624,0.0,0.0,0.0,0.0,0,17.532
570484000,570484000,0.99980175,-0.01933982,-0.0044324063,0.003450843,0.0,0.0,0.0,0.0,0,17.552
570504000,570504000,0.99981546,-0.018675297,-0.004159419,0.003472836,0.0,0.0,0.0,0.0,0,17.572
570524000,570524000,0.99982834,-0.01802803,-0.003887591,0.0034958753,0.0,0.0,0.0,0.0,0,17.592
570544000,570544000,0.9998405,-0.017397072,-0.003618058,0.003519581,0.0,0.0,0.0,0.0,0,17.612
570564000,570564000,0.9998518,-0.016783413,-0.0033522642,0.0035431802,0.0,0.0,0.0,0.0,0,17.632
570584000,570584000,0.99986243,-0.016184503,-0.0030880452,0.0035664532,0.0,0.0,0.0,0.0,0,17.652
570604000,570604000,0.99987245,-0.015597229,-0.0028298828,0.0035895412,0.0,0.0,0.0,0.0,0,17.672
570624000,570624000,0.99988186,-0.015023021,-0.0025724147,0.0036124252,0.0,0.0,0.0,0.0,0,17.692
570644000,570644000,0.9998907,-0.014461312,-0.0023179362,0.0036351155,0.0,0.0,0.0,0.0,0,17.712
570664000,570664000,0.99989885,-0.013917422,-0.00206856,0.0036570053,0.0,0.0,0.0,0.0,0,17.732
570684000,570684000,0.99990636,-0.013396891,-0.0018337157,0.0036774455,0.0,0.0,0.0,0.0,0,17.752
570704000,570704000,0.99991333,-0.012891259,-0.0016019507,0.0036959187,0.0,0.0,0.0,0.0,0,17.772
570724000,570724000,0.9999199,-0.01239268,-0.001376245,0.0037127729,0.0,0.0,0.0,0.0,0,17.792
570744000,570744000,0.99992615,-0.011898835,-0.0011548611,0.0037277506,0.0,0.0,0.0,0.0,0,17.812
570764000,570764000,0.99993193,-0.011418216,-0.00094544975,0.0037406264,0.0,0.0,0.0,0.0,0,17.832
570784000,570784000,0.9999372,-0.010958021,-0.00073395844,0.003751368,0.0,0.0,0.0,0.0,0,17.852
570804000,570804000,0.9999421,-0.010507303,-0.0005349893,0.00376013,0.0,0.0,0.0,0.0,0,17.872
570824000,570824000,0.9999468,-0.010063475,-0.00034761144,0.003767029,0.0,0.0,0.0,0.0,0,17.892
570844000,570844000,0.9999511,-0.009625917,-0.0001635469,0.0037719999,0.0,0.0,0.0,0.0,0,17.912
570864000,570864000,0.9999552,-0.009194733,2.1707141e-05,0.0037750134,0.0,0.0,0.0,0.0,0,17.932
570884000,570884000,0.99995893,-0.008770795,0.00020517336,0.0037757938,0.0,0.0,0.0,0.0,0,17.952
570904000,570904000,0.9999624,-0.008361466,0.00037758233,0.0037742986,0.0,0.0,0.0,0.0,0,17.972
570924000,570924000,0.9999656,-0.007959778,0.00052584865,0.0037710208,0.0,0.0,0.0,0.0,0,17.992
570944000,570944000,0.99996865,-0.0075578666,0.00067117333,0.0037659958,0.0,0.0,0.0,0.0,0,18.012
570964000,570964000,0.9999715,-0.007159184,0.00081683934,0.003759309,0.0,0.0,0.0,0.0,0,18.032
570984000,570984000,0.99997413,-0.0067719705,0.0009563488,0.0037513191,0.0,0.0,0.0,0.0,0,18.052
571004000,571004000,0.9999765,-0.0063930885,0.0010915926,0.003741573,0.0,0.0,0.0,0.0,0,18.072
571024000,571024000,0.9999787,-0.0060185925,0.0012271624,0.0037299441,0.0,0.0,0.0,0.0,0,18.092
571044000,571044000,0.99998075,-0.0056517143,0.0013483331,0.0037165564,0.0,0.0,0.0,0.0,0,18.112
571064000,571064000,0.99998266,-0.005296492,0.001443644,0.0037012126,0.0,0.0,0.0,0.0,0,18.132
571084000,571084000,0.99998426,-0.0049621044,0.0015317822,0.003684765,0.0,0.0,0.0,0.0,0,18.152
571104000,571104000,0.99998575,-0.004641931,0.001616359,0.0036674254,0.0,0.0,0.0,0.0,0,18.172
571124000,571124000,0.9999871,-0.0043278276,0.0016833463,0.0036491326,0.0,0.0,0.0,0.0,0,18.192
571144000,571144000,0.9999883,-0.0040281164,0.001733804,0.0036302537,0.0,0.0,0.0,0.0,0,18.212
571164000,571164000,0.99998945,-0.0037439992,0.0017796385,0.0036107365,0.0,0.0,0.0,0.0,0,18.232
571184000,571184000,0.9999904,-0.0034687673,0.001831388,0.0035902828,0.0,0.0,0.0,0.0,0,18.252
571204000,571204000,0.9999913,-0.0032062656,0.0018772411,0.0035689592,0.0,0.0,0.0,0.0,0,18.272
571224000,571224000,0.9999921,-0.0029606172,0.0019082816,0.0035469076,0.0,0.0,0.0,0.0,0,18.292
571244000,571244000,0.9999927,-0.0027336616,0.0019367717,0.0035245016,0.0,0.0,0.0,0.0,0,18.312
571264000,571264000,0.99999326,-0.00252228,0.0019818866,0.003501698,0.0,0.0,0.0,0.0,0,18.332
571284000,571284000,0.99999374,-0.0023290843,0.0020264965,0.0034783261,0.0,0.0,0.0,0.0,0,18.352
571304000,571304000,0.99999416,-0.0021462396,0.002068069,0.003454638,0.0,0.0,0.0,0.0,0,18.372
571324000,571324000,0.9999945,-0.0019675943,0.002109496,0.0034306368,0.0,0.0,0.0,0.0,0,18.392
571344000,571344000,0.9999948,-0.001804727,0.0021457328,0.0034063966,0.0,0.0,0.0,0.0,0,18.412
571364000,571364000,0.99999505,-0.0016611881,0.0021889084,0.0033822898,0.0,0.0,0.0,0.0,0,18.432
571384000,571384000,0.9999953,-0.0015273021,0.002226232,0.0033586745,0.0,0.0,0.0,0.0,0,18.452
571404000,571404000,0.99999547,-0.0014026337,0.002249925,0.003335553,0.0,0.0,0.0,0.0,0,18.472
571424000,571424000,0.99999565,-0.001296974,0.002273951,0.0033129875,0.0,0.0,0.0,0.0,0,18.492
571444000,571444000,0.99999577,-0.0011955593,0.002310053,0.0032908418,0.0,0.0,0.0,0.0,0,18.512
571464000,571464000,0.9999959,-0.0010914254,0.002339299,0.0032691387,0.0,0.0,0.0,0.0,0,18.532
571484000,571484000,0.999996,-0.0009930762,0.002369089,0.0032478948,0.0,0.0,0.0,0.0,0,18.552
571504000,571504000,0.99999607,-0.000904901,0.0023935423,0.0032274558,0.0,0.0,0.0,0.0,0,18.572
571524000,571524000,0.9999961,-0.000834124,0.002414327,0.0032078389,0.0,0.0,0.0,0.0,0,18.592
571544000,571544000,0.9999962,-0.0007673219,0.0024374488,0.003189104,0.0,0.0,0.0,0.0,0,18.612
571564000,571564000,0.99999624,-0.0007030067,0.0024530664,0.003171607,0.0,0.0,0.0,0.0,0,18.632
571584000,571584000,0.99999636,-0.0006426301,0.0024604169,0.003155287,0.0,0.0,0.0,0.0,0,18.652
571604000,571604000,0.99999636,-0.00059297954,0.002472601,0.0031401124,0.0,0.0,0.0,0.0,0,18.672
571624000,571624000,0.9999964,-0.0005549241,0.0024942767,0.0031259414,0.0,0.0,0.0,0.0,0,18.692
571644000,571644000,0.9999964,-0.00051503244,0.0025107444,0.0031126766,0.0,0.0,0.0,0.0,0,18.712
571664000,571664000,0.9999965,-0.0004727804,0.002513628,0.0031003226,0.0,0.0,0.0,0.0,0,18.732
571684000,571684000,0.9999965,-0.00044032937,0.0025189,0.0030887772,0.0,0.0,0.0,0.0,0,18.752
571704000,571704000,0.99999654,-0.00041867088,0.0025267706,0.0030776479,0.0,0.0,0.0,0.0,0,18.772
571724000,571724000,0.9999966,-0.00039988436,0.002524438,0.0030669058,0.0,0.0,0.0,0.0,0,18.792
571744000,571744000,0.99999666,-0.00038114516,0.002513236,0.00305661,0.0,0.0,0.0,0.0,0,18.812
571764000,571764000,0.9999967,-0.0003663168,0.002502324,0.0030466851,0.0,0.0,0.0,0.0,0,18.832
571784000,571784000,0.9999968,-0.0003524132,0.0024911517,0.0030369326,0.0,0.0,0.0,0.0,0,18.852
571804000,571804000,0.99999684,-0.00033775743,0.0024790294,0.0030272908,0.0,0.0,0.0,0.0,0,18.872
571824000,571824000,0.9999969,-0.00032328232,0.002467347,0.0030179443,0.0,0.0,0.0,0.0,0,18.892
571844000,571844000,0.99999696,-0.00030973527,0.0024569568,0.003008748,0.0,0.0,0.0,0.0,0,18.912
571864000,571864000,0.999997,-0.00029609207,0.0024453443,0.0029994491,0.0,0.0,0.0,0.0,0,18.932
571884000,571884000,0.9999971,-0.00029272132,0.0024259856,0.0029900228,0.0,0.0,0.0,0.0,0,18.952
571904000,571904000,0.9999972,-0.00029738134,0.0023997284,0.0029809666,0.0,0.0,0.0,0.0,0,18.972
571924000,571924000,0.9999973,-0.00029907303,0.0023621665,0.0029721584,0.0,0.0,0.0,0.0,0,18.992
571944000,571944000,0.99999744,-0.00029547478,0.0023280503,0.002963497,0.0,0.0,0.0,0.0,0,19.012
571964000,571964000,0.9999975,-0.00030497843,0.002302676,0.0029549461,0.0,0.0,0.0,0.0,0,19.032
571984000,571984000,0.99999756,-0.0003242517,0.0022789927,0.0029465414,0.0,0.0,0.0,0.0,0,19.052
572004000,572004000,0.9999977,-0.00034402334,0.0022327101,0.0029384296,0.0,0.0,0.0,0.0,0,19.072
572024000,572024000,0.99999785,-0.0003580251,0.0021673103,0.0029306202,0.0,0.0,0.0,0.0,0,19.092
572044000,572044000,0.999998,-0.00036874285,0.0021127847,0.0029229813,0.0,0.0,0.0,0.0,0,19.112
572064000,572064000,0.9999981,-0.00038594284,0.0020584753,0.0029155808,0.0,0.0,0.0,0.0,0,19.132
572084000,572084000,0.9999983,-0.00040990103,0.0019928238,0.0029088426,0.0,0.0,0.0,0.0,0,19.152
572104000,572104000,0.9999984,-0.00042763556,0.0019187643,0.0029024335,0.0,0.0,0.0,0.0,0,19.172
572124000,572124000,0.99999857,-0.00044246466,0.0018483442,0.0028961978,0.0,0.0,0.0,0.0,0,19.192
572144000,572144000,0.9999987,-0.00045357246,0.0017703,0.0028900392,0.0,0.0,0.0,0.0,0,19.212
572164000,572164000,0.99999887,-0.00046348598,0.0016909307,0.0028840227,0.0,0.0,0.0,0.0,0,19.232
572184000,572184000,0.999999,-0.0004851032,0.0016059511,0.0028784336,0.0,0.0,0.0,0.0,0,19.252
572204000,572204000,0.99999917,-0.00050557504,0.0015238723,0.00287292,0.0,0.0,0.0,0.0,0,19.272
572224000,572224000,0.9999993,-0.00052108965,0.0014419351,0.002867796,0.0,0.0,0.0,0.0,0,19.292
572244000,572244000,0.9999994,-0.00053123914,0.001359798,0.00286327,0.0,0.0,0.0,0.0,0,19.312
572264000,572264000,0.9999995,-0.0005352432,0.0012778578,0.002859091,0.0,0.0,0.0,0.0,0,19.332
572284000,572284000,0.99999964,-0.0005424317,0.0011936963,0.0028548175,0.0,0.0,0.0,0.0,0,19.352
572304000,572304000,0.9999997,-0.00055089063,0.0011130364,0.0028505346,0.0,0.0,0.0,0.0,0,19.372
572324000,572324000,0.9999998,-0.0005630018,0.0010303361,0.0028465223,0.0,0.0,0.0,0.0,0,19.392
572344000,572344000,0.9999999,-0.00057321705,0.0009551499,0.002842556,0.0,0.0,0.0,0.0,0,19.412
572364000,572364000,0.99999994,-0.0005856136,0.00089238567,0.0028383855,0.0,0.0,0.0,0.0,0,19.432
572384000,572384000,1.0,-0.00060492964,0.0008303175,0.0028343415,0.0,0.0,0.0,0.0,0,19.452
572404000,572404000,1.0,-0.00062130776,0.0007704846,0.0028303626,0.0,0.0,0.0,0.0,0,19.472
572424000,572424000,1.0000001,-0.00064173894,0.0007143955,0.0028262853,0.0,0.0,0.0,0.0,0,19.492
572444000,572444000,1.0000001,-0.0006704815,0.0006599546,0.00282232,0.0,0.0,0.0,0.0,0,19.512
572464000,572464000,1.0000001,-0.0007009397,0.0006074709,0.0028189346,0.0,0.0,0.0,0.0,0,19.532
572484000,572484000,1.0000001,-0.00073682773,0.0005461377,0.0028159218,0.0,0.0,0.0,0.0,0,19.552
572504000,572504000,1.0000002,-0.0007688306,0.00048439804,0.0028133849,0.0,0.0,0.0,0.0,0,19.572
572524000,572524000,1.0000002,-0.0007924809,0.0004303926,0.0028110156,0.0,0.0,0.0,0.0,0,19.592
572544000,572544000,1.0000002,-0.0008197556,0.00037439863,0.0028087613,0.0,0.0,0.0,0.0,0,19.612
572564000,572564000,1.0000002,-0.0008529767,0.0003190813,0.0028062726,0.0,0.0,0.0,0.0,0,19.632
572584000,572584000,1.0000002,-0.00088581844,0.00026389243,0.002803986,0.0,0.0,0.0,0.0,0,19.652
572604000,572604000,1.0000002,-0.0009176308,0.00021575694,0.0028018919,0.0,0.0,0.0,0.0,0,19.672
572624000,572624000,1.0000001,-0.0009475599,0.00016784445,0.0027998611,0.0,0.0,0.0,0.0,0,19.692
572644000,572644000,1.0000001,-0.00097467005,0.00011748308,0.0027978686,0.0,0.0,0.0,0.0,0,19.712
572664000,572664000,1.0000001,-0.0009985876,6.367952e-05,0.0027959023,0.0,0.0,0.0,0.0,0,19.732
572684000,572684000,1.0000001,-0.0010208286,8.154292e-06,0.0027942967,0.0,0.0,0.0,0.0,0,19.752
572704000,572704000,1.0000001,-0.0010510753,-3.9642127e-05,0.0027934858,0.0,0.0,0.0,0.0,0,19.772
572724000,572724000,1.0,-0.0010913537,-7.746607e-05,0.0027937305,0.0,0.0,0.0,0.0,0,19.792
572744000,572744000,1.0,-0.0011250274,-0.00012192739,0.0027951468,0.0,0.0,0.0,0.0,0,19.812
572764000,572764000,1.0,-0.0011430624,-0.00017215675,0.002797385,0.0,0.0,0.0,0.0,0,19.832
572784000,572784000,0.99999994,-0.0011618978,-0.00021861037,0.0027999145,0.0,0.0,0.0,0.0,0,19.852
572804000,572804000,0.9999999,-0.0011819885,-0.00025256744,0.002802725,0.0,0.0,0.0,0.0,0,19.872
572824000,572824000,0.9999999,-0.0011982342,-0.00028862816,0.0028058572,0.0,0.0,0.0,0.0,0,19.892
572844000,572844000,0.9999998,-0.0012155056,-0.00033449757,0.0028094605,0.0,0.0,0.0,0.0,0,19.912
572864000,572864000,0.99999976,-0.0012251466,-0.00038054472,0.0028133239,0.0,0.0,0.0,0.0,0,19.932
572884000,572884000,0.99999976,-0.0012290648,-0.00042825085,0.0028171288,0.0,0.0,0.0,0.0,0,19.952
572904000,572904000,0.9999997,-0.0012322529,-0.00047537909,0.0028206434,0.0,0.0,0.0,0.0,0,19.972
572924000,572924000,0.99999964,-0.0012337536,-0.0005234235,0.00282412,0.0,0.0,0.0,0.0,0,19.992
572944000,572944000,0.99999964,-0.0012320295,-0.00057299715,0.0028275533,0.0,0.0,0.0,0.0,0,20.012
572964000,572964000,0.9999996,-0.0012246604,-0.00061892695,0.0028310975,0.0,0.0,0.0,0.0,0,20.032
572984000,572984000,0.9999996,-0.0012178422,-0.0006645557,0.002834633,0.0,0.0,0.0,0.0,0,20.052
573004000,573004000,0.9999995,-0.0012139041,-0.0007085477,0.0028387033,0.0,0.0,0.0,0.0,0,20.072
573024000,573024000,0.9999995,-0.001204042,-0.00075167604,0.00284308,0.0,0.0,0.0,0.0,0,20.092
573044000,573044000,0.99999946,-0.0011940751,-0.0007965762,0.0028473702,0.0,0.0,0.0,0.0,0,20.112
573064000,573064000,0.9999994,-0.0011840211,-0.00085620966,0.0028515006,0.0,0.0,0.0,0.0,0,20.132
573084000,573084000,0.9999994,-0.0011719824,-0.0009092245,0.0028555212,0.0,0.0,0.0,0.0,0,20.152
573104000,573104000,0.99999934,-0.0011484213,-0.00095867366,0.0028599096,0.0,0.0,0.0,0.0,0,20.172
573124000,573124000,0.99999934,-0.001113934,-0.0010113743,0.0028644088,0.0,0.0,0.0,0.0,0,20.192
573144000,573144000,0.9999993,-0.00107185,-0.0010670901,0.0028689452,0.0,0.0,0.0,0.0,0,20.212
573164000,573164000,0.9999993,-0.0010240517,-0.0011256416,0.0028734861,0.0,0.0,0.0,0.0,0,20.232
573184000,573184000,0.9999992,-0.00097112113,-0.0011867646,0.0028781167,0.0,0.0,0.0,0.0,0,20.252
573204000,573204000,0.9999992,-0.00091881264,-0.0012452507,0.0028830715,0.0,0.0,0.0,0.0,0,20.272
573224000,573224000,0.99999917,-0.0008668919,-0.0013010744,0.0028882541,0.0,0.0,0.0,0.0,0,20.292
573244000,573244000,0.9999991,-0.0008152883,-0.0013545738,0.002893559,0.0,0.0,0.0,0.0,0,20.312
573264000,573264000,0.99999905,-0.000761088,-0.0014082902,0.0028988752,0.0,0.0,0.0,0.0,0,20.332
573284000,573284000,0.99999905,-0.00070805213,-0.001458696,0.0029040875,0.0,0.0,0.0,0.0,0,20.352
573304000,573304000,0.999999,-0.0006591866,-0.0015024432,0.0029090857,0.0,0.0,0.0,0.0,0,20.372
573324000,573324000,0.9999989,-0.0006100154,-0.0015441467,0.0029140706,0.0,0.0,0.0,0.0,0,20.392
573344000,573344000,0.99999887,-0.00055765023,-0.0015863625,0.002918922,0.0,0.0,0.0,0.0,0,20.412
573364000,573364000,0.9999988,-0.0005059712,-0.0016253737,0.0029234209,0.0,0.0,0.0,0.0,0,20.432
573384000,573384000,0.9999988,-0.00045463297,-0.0016612319,0.0029277478,0.0,0.0,0.0,0.0,0,20.452
573404000,573404000,0.99999875,-0.0004008336,-0.0016979576,0.002932117,0.0,0.0,0.0,0.0,0,20.472
573424000,573424000,0.9999987,-0.00034368763,-0.0017373669,0.0029364883,0.0,0.0,0.0,0.0,0,20.492
573444000,573444000,0.9999986,-0.00028237738,-0.0017785986,0.0029408399,0.0,0.0,0.0,0.0,0,20.512
573464000,573464000,0.9999985,-0.00021914225,-0.0018187279,0.0029455207,0.0,0.0,0.0,0.0,0,20.532
573484000,573484000,0.99999845,-0.00015732362,-0.0018544608,0.0029503792,0.0,0.0,0.0,0.0,0,20.552
573504000,573504000,0.9999984,-0.000101253805,-0.0018913175,0.00295489,0.0,0.0,0.0,0.0,0,20.572
573524000,573524000,0.9999983,-5.5624223e-05,-0.001934741,0.0029590162,0.0,0.0,0.0,0.0,0,20.592
573544000,573544000,0.9999982,-1.5912801e-05,-0.0019629977,0.0029629576,0.0,0.0,0.0,0.0,0,20.612
573564000,573564000,0.9999982,2.0073676e-05,-0.0019669884,0.0029667164,0.0,0.0,0.0,0.0,0,20.632
573584000,573584000,0.9999982,5.49144e-05,-0.001974407,0.0029701262,0.0,0.0,0.0,0.0,0,20.652
573604000,573604000,0.99999815,9.350361e-05,-0.0019859886,0.0029729547,0.0,0.0,0.0,0.0,0,20.672
573624000,573624000,0.99999815,0.00012617388,-0.001988898,0.0029751365,0.0,0.0,0.0,0.0,0,20.692
573644000,573644000,0.99999815,0.00015428559,-0.0019837948,0.0029769463,0.0,0.0,0.0,0.0,0,20.712
573664000,573664000,0.99999815,0.0001845234,-0.0019771606,0.002978661,0.0,0.0,0.0,0.0,0,20.732
573684000,573684000,0.99999815,0.00021888125,-0.0019708797,0.002980364,0.0,0.0,0.0,0.0,0,20.752
573704000,573704000,0.99999815,0.000257531,-0.0019650776,0.0029820625,0.0,0.0,0.0,0.0,0,20.772
573724000,573724000,0.99999815,0.00029964044,-0.001958876,0.0029839596,0.0,0.0,0.0,0.0,0,20.792
573744000,573744000,0.99999815,0.00033787245,-0.0019449356,0.002986389,0.0,0.0,0.0,0.0,0,20.812
573764000,573764000,0.99999815,0.00036742553,-0.0019240305,0.0029888803,0.0,0.0,0.0,0.0,0,20.832
573784000,573784000,0.9999982,0.0003873079,-0.0019045458,0.0029909853,0.0,0.0,0.0,0.0,0,20.852
573804000,573804000,0.9999982,0.00039844008,-0.0018777362,0.0029931057,0.0,0.0,0.0,0.0,0,20.872
573824000,573824000,0.9999983,0.00040752208,-0.0018354342,0.002994638,0.0,0.0,0.0,0.0,0,20.892
573844000,573844000,0.9999984,0.0004118875,-0.0017967793,0.0029957334,0.0,0.0,0.0,0.0,0,20.912
573864000,573864000,0.99999845,0.00040562314,-0.0017530852,0.0029964263,0.0,0.0,0.0,0.0,0,20.932
573884000,573884000,0.9999985,0.00039143095,-0.0017076918,0.0029963676,0.0,0.0,0.0,0.0,0,20.952
573904000,573904000,0.9999986,0.0003826321,-0.0016664531,0.0029955516,0.0,0.0,0.0,0.0,0,20.972
573924000,573924000,0.9999986,0.000386752,-0.0016355021,0.0029938752,0.0,0.0,0.0,0.0,0,20.992
573944000,573944000,0.99999875,0.000387717,-0.0016004324,0.0029916377,0.0,0.0,0.0,0.0,0,21.012
573964000,573964000,0.9999988,0.0003746912,-0.0015545452,0.002988718,0.0,0.0,0.0,0.0,0,21.032
573984000,573984000,0.99999887,0.00035574104,-0.001506722,0.0029854958,0.0,0.0,0.0,0.0,0,21.052
574004000,574004000,0.999999,0.00033532328,-0.001453928,0.0029820474,0.0,0.0,0.0,0.0,0,21.072
574024000,574024000,0.99999905,0.00031623812,-0.0014075188,0.0029784106,0.0,0.0,0.0,0.0,0,21.092
574044000,574044000,0.99999917,0.00030091012,-0.001369628,0.0029742694,0.0,0.0,0.0,0.0,0,21.112
574064000,574064000,0.9999992,0.00028106073,-0.0013246345,0.0029695216,0.0,0.0,0.0,0.0,0,21.132
574084000,574084000,0.99999934,0.000255913,-0.0012734218,0.0029644237,0.0,0.0,0.0,0.0,0,21.152
574104000,574104000,0.9999994,0.00023906097,-0.0012304967,0.0029587864,0.0,0.0,0.0,0.0,0,21.172
574124000,574124000,0.99999946,0.00022768206,-0.0011896391,0.0029529696,0.0,0.0,0.0,0.0,0,21.192
574144000,574144000,0.9999995,0.00021846953,-0.0011485971,0.0029473836,0.0,0.0,0.0,0.0,0,21.212
574164000,574164000,0.9999996,0.0002046938,-0.0011127285,0.002942064,0.0,0.0,0.0,0.0,0,21.232
574184000,574184000,0.99999964,0.00019248787,-0.0010806884,0.0029366456,0.0,0.0,0.0,0.0,0,21.252
574204000,574204000,0.9999997,0.00018142763,-0.0010414436,0.0029309283,0.0,0.0,0.0,0.0,0,21.272
574224000,574224000,0.99999976,0.00016441382,-0.0009961354,0.0029253762,0.0,0.0,0.0,0.0,0,21.292
574244000,574244000,0.9999998,0.00014512196,-0.00095316046,0.0029203088,0.0,0.0,0.0,0.0,0,21.312
574264000,574264000,0.9999999,0.00013099484,-0.0009048299,0.0029154888,0.0,0.0,0.0,0.0,0,21.332
574284000,574284000,0.99999994,0.00011662298,-0.0008530984,0.0029109288,0.0,0.0,0.0,0.0,0,21.352
574304000,574304000,1.0,9.700732e-05,-0.0008049714,0.0029068484,0.0,0.0,0.0,0.0,0,21.372
574324000,574324000,1.0,6.6310415e-05,-0.0007606421,0.0029031702,0.0,0.0,0.0,0.0,0,21.392
574344000,574344000,1.0000001,3.919558e-05,-0.000704893,0.002899812,0.0,0.0,0.0,0.0,0,21.412
574364000,574364000,1.0000001,1.675587e-05,-0.0006350377,0.0028967902,0.0,0.0,0.0,0.0,0,21.432
574384000,574384000,1.0000002,-4.23475e-06,-0.0005628625,0.0028939156,0.0,0.0,0.0,0.0,0,21.452
574404000,574404000,1.0000002,-2.5507812e-05,-0.00049166393,0.0028912474,0.0,0.0,0.0,0.0,0,21.472
574424000,574424000,1.0000002,-4.8094586e-05,-0.0004206531,0.0028887985,0.0,0.0,0.0,0.0,0,21.492
574444000,574444000,1.0000004,-6.659595e-05,-0.00034587446,0.0028867314,0.0,0.0,0.0,0.0,0,21.512
574464000,574464000,1.0000004,-8.4591615e-05,-0.0002691447,0.0028845551,0.0,0.0,0.0,0.0,0,21.532
574484000,574484000,1.0000004,-0.000103971615,-0.00018936033,0.0028821367,0.0,0.0,0.0,0.0,0,21.552
574504000,574504000,1.0000004,-0.00012301399,-0.00011288924,0.002879594,0.0,0.0,0.0,0.0,0,21.572
574524000,574524000,1.0000004,-0.00012851242,-3.750779e-05,0.002877163,0.0,0.0,0.0,0.0,0,21.592
574544000,574544000,1.0000004,-0.00013813152,4.689004e-05,0.0028752475,0.0,0.0,0.0,0.0,0,21.612
574564000,574564000,1.0000004,-0.00015435055,0.00013924178,0.0028740221,0.0,0.0,0.0,0.0,0,21.632
574584000,574584000,1.0000004,-0.00016521294,0.00021960994,0.0028735427,0.0,0.0,0.0,0.0,0,21.652
574604000,574604000,1.0000004,-0.00016691769,0.00029509838,0.0028736533,0.0,0.0,0.0,0.0,0,21.672
574624000,574624000,1.0000004,-0.00016153586,0.00038412015,0.0028743166,0.0,0.0,0.0,0.0,0,21.692
574644000,574644000,1.0000002,-0.00015820595,0.0004690958,0.0028750848,0.0,0.0,0.0,0.0,0,21.712
574664000,574664000,1.0000002,-0.00015840367,0.00055383565,0.0028754016,0.0,0.0,0.0,0.0,0,21.732
574684000,574684000,1.0000002,-0.00015439336,0.00063890766,0.0028749616,0.0,0.0,0.0,0.0,0,21.752
574704000,574704000,1.0000001,-0.0001505857,0.00072097266,0.0028739758,0.0,0.0,0.0,0.0,0,21.772
574724000,574724000,1.0000001,-0.00014437421,0.0008032743,0.0028727904,0.0,0.0,0.0,0.0,0,21.792
574744000,574744000,1.0,-0.00013535067,0.0008865332,0.002871519,0.0,0.0,0.0,0.0,0,21.812
574764000,574764000,0.99999994,-0.00012449679,0.00097208016,0.0028703744,0.0,0.0,0.0,0.0,0,21.832
574784000,574784000,0.9999999,-0.00011095869,0.0010592771,0.0028696863,0.0,0.0,0.0,0.0,0,21.852
574804000,574804000,0.99999976,-9.015266e-05,0.0011436243,0.0028692067,0.0,0.0,0.0,0.0,0,21.872
574824000,574824000,0.9999997,-6.431155e-05,0.0012272784,0.002868809,0.0,0.0,0.0,0.0,0,21.892
574844000,574844000,0.9999996,-3.4426565e-05,0.0013112898,0.0028684468,0.0,0.0,0.0,0.0,0,21.912
574864000,574864000,0.99999946,-1.0681872e-06,0.0013960341,0.0028680994,0.0,0.0,0.0,0.0,0,21.932
574884000,574884000,0.99999934,3.5660927e-05,0.001481744,0.0028677569,0.0,0.0,0.0,0.0,0,21.952
574904000,574904000,0.9999992,7.5542994e-05,0.0015683358,0.002867415,0.0,0.0,0.0,0.0,0,21.972
574924000,574924000,0.99999905,0.000116419695,0.0016536542,0.0028668514,0.0,0.0,0.0,0.0,0,21.992
574944000,574944000,0.9999989,0.00014473629,0.0017240022,0.002865846,0.0,0.0,0.0,0.0,0,22.012
574964000,574964000,0.99999887,0.00016603619,0.0017849203,0.0028646437,0.0,0.0,0.0,0.0,0,22.032
574984000,574984000,0.99999875,0.0001844558,0.0018441066,0.0028635683,0.0,0.0,0.0,0.0,0,22.052
575004000,575004000,0.9999986,0.00020142086,0.0019051157,0.0028625354,0.0,0.0,0.0,0.0,0,22.072
575024000,575024000,0.9999985,0.00021826317,0.0019659817,0.0028613645,0.0,0.0,0.0,0.0,0,22.092
575044000,575044000,0.9999984,0.00023326155,0.0020234317,0.0028599445,0.0,0.0,0.0,0.0,0,22.112
575064000,575064000,0.9999983,0.00024398376,0.0020742782,0.0028580767,0.0,0.0,0.0,0.0,0,22.132
575084000,575084000,0.9999982,0.0002505906,0.002118283,0.0028560113,0.0,0.0,0.0,0.0,0,22.152
575104000,575104000,0.9999981,0.00025690394,0.0021590788,0.0028538716,0.0,0.0,0.0,0.0,0,22.172
575124000,575124000,0.99999803,0.000264946,0.002198515,0.0028517204,0.0,0.0,0.0,0.0,0,22.192
575144000,575144000,0.999998,0.00027326122,0.0022350093,0.0028497502,0.0,0.0,0.0,0.0,0,22.212
575164000,575164000,0.99999785,0.00028215264,0.002268746,0.002847907,0.0,0.0,0.0,0.0,0,22.232
575184000,575184000,0.99999785,0.00029773617,0.002290956,0.0028467658,0.0,0.0,0.0,0.0,0,22.252
575204000,575204000,0.99999785,0.00032227434,0.002291217,0.0028461409,0.0,0.0,0.0,0.0,0,22.272
575224000,575224000,0.99999785,0.00035296395,0.0022825003,0.0028456585,0.0,0.0,0.0,0.0,0,22.292
575244000,575244000,0.99999785,0.000387294,0.0022691665,0.0028453276,0.0,0.0,0.0,0.0,0,22.312
575264000,575264000,0.9999979,0.00042151462,0.0022497433,0.0028454668,0.0,0.0,0.0,0.0,0,22.332
575284000,575284000,0.999998,0.0004492606,0.002216117,0.0028461681,0.0,0.0,0.0,0.0,0,22.352
575304000,575304000,0.99999803,0.0004793945,0.002175764,0.0028474962,0.0,0.0,0.0,0.0,0,22.372
575324000,575324000,0.99999803,0.00051723974,0.0021436804,0.0028495777,0.0,0.0,0.0,0.0,0,22.392
575344000,575344000,0.9999981,0.0005604487,0.0021108906,0.0028520026,0.0,0.0,0.0,0.0,0,22.412
575364000,575364000,0.99999815,0.00060366775,0.0020680006,0.0028542874,0.0,0.0,0.0,0.0,0,22.432
575384000,575384000,0.9999982,0.0006387456,0.0020220687,0.0028569545,0.0,0.0,0.0,0.0,0,22.452
575404000,575404000,0.9999983,0.0006682644,0.0019771918,0.0028597403,0.0,0.0,0.0,0.0,0,22.472
575424000,575424000,0.99999833,0.00069715333,0.0019319433,0.0028625636,0.0,0.0,0.0,0.0,0,22.492
575444000,575444000,0.9999984,0.000730208,0.0018849444,0.002865538,0.0,0.0,0.0,0.0,0,22.512
575464000,575464000,0.99999845,0.0007751235,0.0018297688,0.0028685287,0.0,0.0,0.0,0.0,0,22.532
575484000,575484000,0.9999985,0.0008124934,0.0017694021,0.0028719509,0.0,0.0,0.0,0.0,0,22.552
575504000,575504000,0.99999857,0.00084092666,0.0017205415,0.0028756037,0.0,0.0,0.0,0.0,0,22.572
575524000,575524000,0.9999986,0.0008766946,0.0016721626,0.002879312,0.0,0.0,0.0,0.0,0,22.592
575544000,575544000,0.9999986,0.0009229739,0.0016284534,0.0028832876,0.0,0.0,0.0,0.0,0,22.612
575564000,575564000,0.99999183,0.00049793284,0.0041024913,0.0028982605,0.0,0.0,0.0,0.0,0,22.632
575584000,575584000,0.99992377,-0.0012092667,0.012308316,0.0029323574,0.0,0.0,0.0,0.0,0,22.652
575604000,575604000,0.99973947,-0.0038730435,0.022498919,0.0029890377,0.0,0.0,0.0,0.0,0,22.672
575624000,575624000,0.9994568,-0.006954215,0.032208893,0.003066425,0.0,0.0,0.0,0.0,0,22.692
575644000,575644000,0.99906623,-0.010138498,0.041988555,0.0031555379,0.0,0.0,0.0,0.0,0,22.712
575664000,575664000,0.9985636,-0.013330491,0.051879954,0.003255155,0.0,0.0,0.0,0.0,0,22.732
575684000,575684000,0.99798304,-0.01646374,0.06129049,0.0033704282,0.0,0.0,0.0,0.0,0,22.752
575704000,575704000,0.997362,-0.019447789,0.06991165,0.0035016935,0.0,0.0,0.0,0.0,0,22.772
575724000,575724000,0.9967219,-0.02224451,0.07775874,0.0036461453,0.0,0.0,0.0,0.0,0,22.792
575744000,575744000,0.99607396,-0.024828477,0.08494072,0.0037997053,0.0,0.0,0.0,0.0,0,22.812
575764000,575764000,0.9954337,-0.02717149,0.0914711,0.003959096,0.0,0.0,0.0,0.0,0,22.832
575784000,575784000,0.9948159,-0.029296713,0.09734004,0.004126008,0.0,0.0,0.0,0.0,0,22.852
575804000,575804000,0.99422663,-0.031206952,0.10261643,0.004297985,0.0,0.0,0.0,0.0,0,22.872
575824000,575824000,0.9936687,-0.032906998,0.10737227,0.0044721616,0.0,0.0,0.0,0.0,0,22.892
575844000,575844000,0.9931472,-0.034418702,0.111630805,0.0046491656,0.0,0.0,0.0,0.0,0,22.912
575864000,575864000,0.9926381,-0.035785887,0.11564919,0.0048255087,0.0,0.0,0.0,0.0,0,22.932
575884000,575884000,0.9919584,-0.037280254,0.12088464,0.004981475,0.0,0.0,0.0,0.0,0,22.952
575904000,575904000,0.99086857,-0.03922314,0.1289347,0.005098172,0.0,0.0,0.0,0.0,0,22.972
575924000,575924000,0.98925185,-0.041734032,0.14007574,0.0051866383,0.0,0.0,0.0,0.0,0,22.992
575944000,575944000,0.98712015,-0.044807237,0.15351625,0.005289292,0.0,0.0,0.0,0.0,0,23.012
575964000,575964000,0.9844597,-0.048341542,0.16876586,0.005425298,0.0,0.0,0.0,0.0,0,23.032
575984000,575984000,0.9812675,-0.052194234,0.18538484,0.0056064986,0.0,0.0,0.0,0.0,0,23.052
576004000,576004000,0.9776949,-0.05618881,0.20231214,0.0058645583,0.0,0.0,0.0,0.0,0,23.072
576024000,576024000,0.9739517,-0.060125485,0.21857134,0.00622087,0.0,0.0,0.0,0.0,0,23.092
576044000,576044000,0.9701842,-0.06390543,0.23371577,0.0066851196,0.0,0.0,0.0,0.0,0,23.112
576064000,576064000,0.96647185,-0.06742565,0.24767452,0.007239122,0.0,0.0,0.0,0.0,0,23.132
576084000,576084000,0.9628596,-0.070675366,0.26048705,0.007875729,0.0,0.0,0.0,0.0,0,23.152
576104000,576104000,0.9593982,-0.073615655,0.27216044,0.008581314,0.0,0.0,0.0,0.0,0,23.172
576124000,576124000,0.95611805,-0.07626603,0.28274262,0.009353764,0.0,0.0,0.0,0.0,0,23.192
576144000,576144000,0.95304906,-0.07860231,0.29227492,0.010178205,0.0,0.0,0.0,0.0,0,23.212
576164000,576164000,0.95019704,-0.080663085,0.30084202,0.01105462,0.0,0.0,0.0,0.0,0,23.232
576184000,576184000,0.9475791,-0.08243033,0.3084882,0.011968784,0.0,0.0,0.0,0.0,0,23.252
576204000,576204000,0.945184,-0.083944894,0.3153136,0.01291983,0.0,0.0,0.0,0.0,0,23.272
576224000,576224000,0.9430133,-0.0851921,0.32137883,0.013891252,0.0,0.0,0.0,0.0,0,23.292
576244000,576244000,0.9410455,-0.08620953,0.3267857,0.014879766,0.0,0.0,0.0,0.0,0,23.312
576264000,576264000,0.93926936,-0.08701936,0.33159864,0.01588032,0.0,0.0,0.0,0.0,0,23.332
576284000,576284000,0.93767285,-0.087645076,0.33587468,0.016890092,0.0,0.0,0.0,0.0,0,23.352
576304000,576304000,0.93624437,-0.08810443,0.33966538,0.01790458,0.0,0.0,0.0,0.0,0,23.372
576324000,576324000,0.93497944,-0.08840155,0.34300125,0.018916698,0.0,0.0,0.0,0.0,0,23.392
576344000,576344000,0.9338553,-0.08856238,0.34595248,0.019923057,0.0,0.0,0.0,0.0,0,23.412
576364000,576364000,0.93286514,-0.08858857,0.3485489,0.020915965,0.0,0.0,0.0,0.0,0,23.432
576384000,576384000,0.9319912,-0.088505305,0.35084036,0.021894194,0.0,0.0,0.0,0.0,0,23.452
576404000,576404000,0.93122405,-0.08831678,0.35285816,0.022851145,0.0,0.0,0.0,0.0,0,23.472
576424000,576424000,0.9305518,-0.08804292,0.3546338,0.023785109,0.0,0.0,0.0,0.0,0,23.492
576444000,576444000,0.9299659,-0.0876893,0.356193,0.024690906,0.0,0.0,0.0,0.0,0,23.512
576464000,576464000,0.92945516,-0.08726933,0.35756487,0.0255658,0.0,0.0,0.0,0.0,0,23.532
576484000,576484000,0.929009,-0.08678648,0.35877883,0.026403904,0.0,0.0,0.0,0.0,0,23.552
576504000,576504000,0.9286496,-0.086248584,0.3597774,0.02721023,0.0,0.0,0.0,0.0,0,23.572
576524000,576524000,0.92846906,-0.085622855,0.36033243,0.027991688,0.0,0.0,0.0,0.0,0,23.592
576544000,576544000,0.9285622,-0.08486928,0.36021084,0.028751926,0.0,0.0,0.0,0.0,0,23.612
576564000,576564000,0.92898166,-0.08395931,0.3592819,0.029487593,0.0,0.0,0.0,0.0,0,23.632
576584000,576584000,0.9297402,-0.08287906,0.35750777,0.030191062,0.0,0.0,0.0,0.0,0,23.652
576604000,576604000,0.9308229,-0.08163168,0.35491133,0.030854523,0.0,0.0,0.0,0.0,0,23.672
576624000,576624000,0.9322134,-0.080215104,0.35151467,0.031467784,0.0,0.0,0.0,0.0,0,23.692
576644000,576644000,0.9338869,-0.07863957,0.34735376,0.03202392,0.0,0.0,0.0,0.0,0,23.712
576664000,576664000,0.9358256,-0.076900996,0.34244516,0.032512948,0.0,0.0,0.0,0.0,0,23.732
576684000,576684000,0.9380118,-0.07502107,0.3367937,0.032935094,0.0,0.0,0.0,0.0,0,23.752
576704000,576704000,0.9404222,-0.0729944,0.3304232,0.033279732,0.0,0.0,0.0,0.0,0,23.772
576724000,576724000,0.94303125,-0.07083743,0.3233542,0.033544965,0.0,0.0,0.0,0.0,0,23.792
576744000,576744000,0.9458136,-0.06857263,0.31560373,0.033731487,0.0,0.0,0.0,0.0,0,23.812
576764000,576764000,0.9487449,-0.06619098,0.3071913,0.03383005,0.0,0.0,0.0,0.0,0,23.832
576784000,576784000,0.95179677,-0.06372117,0.29813784,0.0338443,0.0,0.0,0.0,0.0,0,23.852
576804000,576804000,0.95494497,-0.06113414,0.28846502,0.03375972,0.0,0.0,0.0,0.0,0,23.872
576824000,576824000,0.95816,-0.05847601,0.27819243,0.03358657,0.0,0.0,0.0,0.0,0,23.892
576844000,576844000,0.961415,-0.055698175,0.2673549,0.033307098,0.0,0.0,0.0,0.0,0,23.912
576864000,576864000,0.9646866,-0.052860186,0.25594893,0.032937493,0.0,0.0,0.0,0.0,0,23.932
576884000,576884000,0.96793664,-0.04991225,0.24405514,0.03246005,0.0,0.0,0.0,0.0,0,23.952
576904000,576904000,0.9711443,-0.046925884,0.23166466,0.031894412,0.0,0.0,0.0,0.0,0,23.972
576924000,576924000,0.9742745,-0.043838106,0.21886443,0.031222675,0.0,0.0,0.0,0.0,0,23.992
576944000,576944000,0.97731274,-0.040710445,0.20562951,0.030463478,0.0,0.0,0.0,0.0,0,24.012
576964000,576964000,0.9802204,-0.037500642,0.19207892,0.029606009,0.0,0.0,0.0,0.0,0,24.032
576984000,576984000,0.9829887,-0.034261156,0.17817587,0.028667094,0.0,0.0,0.0,0.0,0,24.052
577004000,577004000,0.98558265,-0.030965883,0.16405156,0.027642105,0.0,0.0,0.0,0.0,0,24.072
577024000,577024000,0.9879954,-0.027647013,0.14968395,0.02654397,0.0,0.0,0.0,0.0,0,24.092
577044000,577044000,0.99019766,-0.024291694,0.13521774,0.025373345,0.0,0.0,0.0,0.0,0,24.112
577064000,577064000,0.99218845,-0.020917995,0.12062647,0.024141887,0.0,0.0,0.0,0.0,0,24.132
577084000,577084000,0.9939492,-0.01752524,0.106040806,0.022854859,0.0,0.0,0.0,0.0,0,24.152
577104000,577104000,0.995481,-0.014133516,0.09145298,0.021523057,0.0,0.0,0.0,0.0,0,24.172
577124000,577124000,0.99677503,-0.01075164,0.076986,0.020154625,0.0,0.0,0.0,0.0,0,24.192
577144000,577144000,0.99783796,-0.007388714,0.06262605,0.018760001,0.0,0.0,0.0,0.0,0,24.212
577164000,577164000,0.9986692,-0.004055695,0.048492018,0.017348092,0.0,0.0,0.0,0.0,0,24.232
577184000,577184000,0.99927944,-0.00075119396,0.034574844,0.015928742,0.0,0.0,0.0,0.0,0,24.252
577204000,577204000,0.9996763,0.0025118114,0.020965338,0.014511682,0.0,0.0,0.0,0.0,0,24.272
577224000,577224000,0.99987304,0.0057211295,0.0076521784,0.013106189,0.0,0.0,0.0,0.0,0,24.292
577244000,577244000,0.9998826,0.008864923,-0.0052839764,0.011721606,0.0,0.0,0.0,0.0,0,24.312
577264000,577264000,0.99972034,0.011932028,-0.017848348,0.0103664305,0.0,0.0,0.0,0.0,0,24.332
577284000,577284000,0.9994024,0.01492884,-0.029985456,0.009049552,0.0,0.0,0.0,0.0,0,24.352
577304000,577304000,0.99894506,0.017842887,-0.04170064,0.0077785454,0.0,0.0,0.0,0.0,0,24.372
577324000,577324000,0.9983651,0.020681055,-0.052966326,0.0065614297,0.0,0.0,0.0,0.0,0,24.392
577344000,577344000,0.9976776,0.023426004,-0.06380005,0.0054034367,0.0,0.0,0.0,0.0,0,24.412
577364000,577364000,0.99689996,0.026073623,-0.074169956,0.004310871,0.0,0.0,0.0,0.0,0,24.432
577384000,577384000,0.9960463,0.028611735,-0.08409143,0.0032880222,0.0,0.0,0.0,0.0,0,24.452
577404000,577404000,0.9951309,0.031054646,-0.09356106,0.0023411438,0.0,0.0,0.0,0.0,0,24.472
577424000,577424000,0.994169,0.03336928,-0.10257381,0.0014714077,0.0,0.0,0.0,0.0,0,24.492
577444000,577444000,0.9931718,0.035574306,-0.111143224,0.0006833774,0.0,0.0,0.0,0.0,0,24.512
577464000,577464000,0.992152,0.03765363,-0.11927175,-2.2149554e-05,0.0,0.0,0.0,0.0,0,24.532
577484000,577484000,0.9911199,0.03961824,-0.12696588,-0.00064214814,0.0,0.0,0.0,0.0,0,24.552
577504000,577504000,0.99008715,0.041447688,-0.1342282,-0.0011765169,0.0,0.0,0.0,0.0,0,24.572
577524000,577524000,0.9890943,0.04269297,-0.14098258,-0.0016440939,0.0,0.0,0.0,0.0,0,24.592
577544000,577544000,0.98824906,0.040832542,-0.14730607,-0.0025505472,0.0,0.0,0.0,0.0,0,24.612
577564000,577564000,0.98747855,0.035082627,-0.15377285,-0.0042845155,0.0,0.0,0.0,0.0,0,24.632
577584000,577584000,0.98673004,0.026458312,-0.1600799,-0.0068775397,0.0,0.0,0.0,0.0,0,24.652
577604000,577604000,0.985958,0.01604095,-0.16592899,-0.010304863,0.0,0.0,0.0,0.0,0,24.672
577624000,577624000,0.9850927,0.004452291,-0.1713739,-0.014582782,0.0,0.0,0.0,0.0,0,24.692
577644000,577644000,0.9841061,-0.0077386163,-0.17634244,-0.019689474,0.0,0.0,0.0,0.0,0,24.712
577664000,577664000,0.9829911,-0.02000087,-0.18078633,-0.025570963,0.0,0.0,0.0,0.0,0,24.732
577684000,577684000,0.98175627,-0.031979762,-0.18467765,-0.032175038,0.0,0.0,0.0,0.0,0,24.752
577704000,577704000,0.98041445,-0.043333814,-0.1880541,-0.03942658,0.0,0.0,0.0,0.0,0,24.772
577724000,577724000,0.97898453,-0.05372769,-0.1910011,-0.047225513,0.0,0.0,0.0,0.0,0,24.792
577744000,577744000,0.97751707,-0.06283411,-0.19350918,-0.05545762,0.0,0.0,0.0,0.0,0,24.812
577764000,577764000,0.9760641,-0.07033689,-0.19561684,-0.063990556,0.0,0.0,0.0,0.0,0,24.832
577784000,577784000,0.9746679,-0.07607281,-0.19737796,-0.07270826,0.0,0.0,0.0,0.0,0,24.852
577804000,577804000,0.97337615,-0.07989775,-0.19880503,-0.08149157,0.0,0.0,0.0,0.0,0,24.872
577824000,577824000,0.97221696,-0.08170078,-0.19997475,-0.09021309,0.0,0.0,0.0,0.0,0,24.892
577844000,577844000,0.9712146,-0.08141844,-0.20092414,-0.09875161,0.0,0.0,0.0,0.0,0,24.912
577864000,577864000,0.97037816,-0.07906129,-0.20168355,-0.10699721,0.0,0.0,0.0,0.0,0,24.932
577884000,577884000,0.96970063,-0.074690655,-0.20229033,-0.11484632,0.0,0.0,0.0,0.0,0,24.952
577904000,577904000,0.9691697,-0.06840697,-0.2027452,-0.12220504,0.0,0.0,0.0,0.0,0,24.972
577924000,577924000,0.96876943,-0.060313493,-0.20302936,-0.12898143,0.0,0.0,0.0,0.0,0,24.992
577944000,577944000,0.9684754,-0.05058146,-0.20311064,-0.13510036,0.0,0.0,0.0,0.0,0,25.012
577964000,577964000,0.9682579,-0.039396003,-0.2029671,-0.14049229,0.0,0.0,0.0,0.0,0,25.032
577984000,577984000,0.96809024,-0.026969116,-0.2025564,-0.14509976,0.0,0.0,0.0,0.0,0,25.052
578004000,578004000,0.96794486,-0.013524675,-0.20185484,-0.14887446,0.0,0.0,0.0,0.0,0,25.072
578024000,578024000,0.96780145,0.00072516815,-0.20083141,-0.15177503,0.0,0.0,0.0,0.0,0,25.092
578044000,578044000,0.9676445,0.015538846,-0.19946037,-0.15377668,0.0,0.0,0.0,0.0,0,25.112
578064000,578064000,0.96745795,0.030697385,-0.19776113,-0.15486257,0.0,0.0,0.0,0.0,0,25.132
578084000,578084000,0.9672379,0.046003077,-0.19572625,-0.15503205,0.0,0.0,0.0,0.0,0,25.152
578104000,578104000,0.96698445,0.06122357,-0.1933689,-0.15430574,0.0,0.0,0.0,0.0,0,25.172
578124000,578124000,0.96669346,0.07619678,-0.19075994,-0.15270095,0.0,0.0,0.0,0.0,0,25.192
578144000,578144000,0.9663757,0.090760745,-0.18792768,-0.15024254,0.0,0.0,0.0,0.0,0,25.212
578164000,578164000,0.9660472,0.10473865,-0.18491116,-0.14696784,0.0,0.0,0.0,0.0,0,25.232
578184000,578184000,0.96572375,0.1179811,-0.18177328,-0.14291851,0.0,0.0,0.0,0.0,0,25.252
578204000,578204000,0.965428,0.13032888,-0.17857133,-0.13814685,0.0,0.0,0.0,0.0,0,25.272
578224000,578224000,0.96519303,0.14162251,-0.1753345,-0.13271177,0.0,0.0,0.0,0.0,0,25.292
578244000,578244000,0.9650492,0.15173142,-0.172107,-0.12667257,0.0,0.0,0.0,0.0,0,25.312
578264000,578264000,0.9650225,0.16058184,-0.16892225,-0.120081045,0.0,0.0,0.0,0.0,0,25.332
578284000,578284000,0.9651422,0.16809349,-0.16579314,-0.112990595,0.0,0.0,0.0,0.0,0,25.352
578304000,578304000,0.9654273,0.17421408,-0.16274846,-0.10545958,0.0,0.0,0.0,0.0,0,25.372
578324000,578324000,0.9658846,0.1789394,-0.15981542,-0.09754825,0.0,0.0,0.0,0.0,0,25.392
578344000,578344000,0.96651435,0.18227017,-0.1570282,-0.08932452,0.0,0.0,0.0,0.0,0,25.412
578364000,578364000,0.96730566,0.18422991,-0.15443459,-0.080858745,0.0,0.0,0.0,0.0,0,25.432
578384000,578384000,0.9682423,0.18487614,-0.1520587,-0.07221457,0.0,0.0,0.0,0.0,0,25.452
578404000,578404000,0.9693036,0.18427868,-0.14991552,-0.06345351,0.0,0.0,0.0,0.0,0,25.472
578424000,578424000,0.97046226,0.18252927,-0.14802107,-0.05463452,0.0,0.0,0.0,0.0,0,25.492
578444000,578444000,0.97169113,0.17972587,-0.1463738,-0.04581295,0.0,0.0,0.0,0.0,0,25.512
578464000,578464000,0.9729668,0.17595342,-0.14495796,-0.037044067,0.0,0.0,0.0,0.0,0,25.532
578484000,578484000,0.9742631,0.17131476,-0.14375834,-0.028379261,0.0,0.0,0.0,0.0,0,25.552
578504000,578504000,0.9755572,0.1659171,-0.14273803,-0.019864922,0.0,0.0,0.0,0.0,0,25.572
578524000,578524000,0.976827,0.15986203,-0.14187601,-0.011549573,0.0,0.0,0.0,0.0,0,25.592
578544000,578544000,0.9780547,0.15326251,-0.1411265,-0.0034732562,0.0,0.0,0.0,0.0,0,25.612
578564000,578564000,0.9792254,0.14621696,-0.14045875,0.004322051,0.0,0.0,0.0,0.0,0,25.632
578584000,578584000,0.98032784,0.1388301,-0.1398334,0.01180009,0.0,0.0,0.0,0.0,0,25.652
578604000,578604000,0.98135656,0.13119021,-0.13920975,0.018925909,0.0,0.0,0.0,0.0,0,25.672
578624000,578624000,0.98230976,0.12338452,-0.13854256,0.025669338,0.0,0.0,0.0,0.0,0,25.692
578644000,578644000,0.98318505,0.115490384,-0.1378195,0.03199934,0.0,0.0,0.0,0.0,0,25.712
578664000,578664000,0.98398656,0.10758596,-0.13699964,0.03789326,0.0,0.0,0.0,0.0,0,25.732
578684000,578684000,0.9847181,0.0997525,-0.13605592,0.04333221,0.0,0.0,0.0,0.0,0,25.752
578704000,578704000,0.98538756,0.092043675,-0.13496582,0.04829776,0.0,0.0,0.0,0.0,0,25.772
578724000,578724000,0.98600125,0.08452067,-0.13372183,0.052775994,0.0,0.0,0.0,0.0,0,25.792
578744000,578744000,0.9865686,0.077233955,-0.13230625,0.05675797,0.0,0.0,0.0,0.0,0,25.812
578764000,578764000,0.98709875,0.07023971,-0.13070069,0.06023998,0.0,0.0,0.0,0.0,0,25.832
578784000,578784000,0.9875994,0.06357538,-0.12891154,0.06321864,0.0,0.0,0.0,0.0,0,25.852
578804000,578804000,0.98807937,0.05726993,-0.1269358,0.06569393,0.0,0.0,0.0,0.0,0,25.872
578824000,578824000,0.9885447,0.05135545,-0.12478788,0.06766929,0.0,0.0,0.0,0.0,0,25.892
578844000,578844000,0.9890039,0.04584863,-0.12245998,0.06915101,0.0,0.0,0.0,0.0,0,25.912
578864000,578864000,0.98946345,0.040773418,-0.11994889,0.07014946,0.0,0.0,0.0,0.0,0,25.932
578884000,578884000,0.9899261,0.036136728,-0.117280126,0.07067506,0.0,0.0,0.0,0.0,0,25.952
578904000,578904000,0.99039596,0.031940658,-0.11445665,0.07074207,0.0,0.0,0.0,0.0,0,25.972
578924000,578924000,0.9908753,0.02818007,-0.11148836,0.07036686,0.0,0.0,0.0,0.0,0,25.992
578944000,578944000,0.991364,0.024850808,-0.10839426,0.06956795,0.0,0.0,0.0,0.0,0,26.012
578964000,578964000,0.99186206,0.021944726,-0.10518231,0.068365894,0.0,0.0,0.0,0.0,0,26.032
578984000,578984000,0.9923686,0.019442959,-0.10186218,0.066781916,0.0,0.0,0.0,0.0,0,26.052
579004000,579004000,0.9928809,0.017322352,-0.098450765,0.06483817,0.0,0.0,0.0,0.0,0,26.072
579024000,579024000,0.99339527,0.015560068,-0.094970055,0.06255848,0.0,0.0,0.0,0.0,0,26.092
579044000,579044000,0.9939077,0.014126005,-0.09143864,0.059966907,0.0,0.0,0.0,0.0,0,26.112
579064000,579064000,0.9944139,0.0129999,-0.0878738,0.057090063,0.0,0.0,0.0,0.0,0,26.132
579084000,579084000,0.99490994,0.012155279,-0.08428764,0.053954676,0.0,0.0,0.0,0.0,0,26.152
579104000,579104000,0.99539256,0.011569159,-0.08068292,0.050588075,0.0,0.0,0.0,0.0,0,26.172
579124000,579124000,0.99585783,0.011207858,-0.07707203,0.047016546,0.0,0.0,0.0,0.0,0,26.192
579144000,579144000,0.9963018,0.011046738,-0.07346931,0.04326786,0.0,0.0,0.0,0.0,0,26.212
579164000,579164000,0.9967206,0.011062162,-0.06989165,0.039369624,0.0,0.0,0.0,0.0,0,26.232
579184000,579184000,0.99711156,0.011227565,-0.06634784,0.035349514,0.0,0.0,0.0,0.0,0,26.252
579204000,579204000,0.9974726,0.011521432,-0.06284251,0.031234423,0.0,0.0,0.0,0.0,0,26.272
579224000,579224000,0.9978022,0.01191232,-0.05938254,0.027050005,0.0,0.0,0.0,0.0,0,26.292
579244000,579244000,0.99809897,0.012372346,-0.055978987,0.022821592,0.0,0.0,0.0,0.0,0,26.312
579264000,579264000,0.99836206,0.012884864,-0.05264243,0.018574135,0.0,0.0,0.0,0.0,0,26.332
579284000,579284000,0.99859136,0.0134296985,-0.04938221,0.014331473,0.0,0.0,0.0,0.0,0,26.352
579304000,579304000,0.9987874,0.0139881885,-0.04620381,0.010116543,0.0,0.0,0.0,0.0,0,26.372
579324000,579324000,0.9989517,0.014544548,-0.04310117,0.0059513687,0.0,0.0,0.0,0.0,0,26.392
579344000,579344000,0.9990854,0.015080787,-0.040082045,0.0018562088,0.0,0.0,0.0,0.0,0,26.412
579364000,579364000,0.9991904,0.015582198,-0.03715093,-0.0021500573,0.0,0.0,0.0,0.0,0,26.432
579384000,579384000,0.999269,0.016036035,-0.03430456,-0.0060494556,0.0,0.0,0.0,0.0,0,26.452
579404000,579404000,0.9993232,0.016438134,-0.03155184,-0.009825835,0.0,0.0,0.0,0.0,0,26.472
579424000,579424000,0.99935526,0.0167799,-0.028901597,-0.013464426,0.0,0.0,0.0,0.0,0,26.492
579444000,579444000,0.9993681,0.017049946,-0.026352296,-0.016952109,0.0,0.0,0.0,0.0,0,26.512
579464000,579464000,0.9993645,0.017240712,-0.0239011,-0.020277219,0.0,0.0,0.0,0.0,0,26.532
579484000,579484000,0.9993475,0.017344926,-0.021537589,-0.023429478,0.0,0.0,0.0,0.0,0,26.552
579504000,579504000,0.9993194,0.017364342,-0.01927201,-0.026400078,0.0,0.0,0.0,0.0,0,26.572
579524000,579524000,0.9992823,0.017306369,-0.017113166,-0.029181626,0.0,0.0,0.0,0.0,0,26.592
579544000,579544000,0.99923915,0.017162893,-0.01504714,-0.031768125,0.0,0.0,0.0,0.0,0,26.612
579564000,579564000,0.999192,0.016938955,-0.013075816,-0.034154933,0.0,0.0,0.0,0.0,0,26.632
579584000,579584000,0.9991428,0.016634969,-0.011202678,-0.036338586,0.0,0.0,0.0,0.0,0,26.652
579604000,579604000,0.9990935,0.01625784,-0.009425714,-0.03831726,0.0,0.0,0.0,0.0,0,26.672
579624000,579624000,0.99904543,0.015811976,-0.0077504152,-0.040089864,0.0,0.0,0.0,0.0,0,26.692
579644000,579644000,0.99900043,0.015296032,-0.00616274,-0.04165646,0.0,0.0,0.0,0.0,0,26.712
579664000,579664000,0.9989596,0.014715752,-0.004661294,-0.04301834,0.0,0.0,0.0,0.0,0,26.732
579684000,579684000,0.9989238,0.014077573,-0.003239611,-0.044177976,0.0,0.0,0.0,0.0,0,26.752
579704000,579704000,0.99889374,0.0133888135,-0.0018953203,-0.045138743,0.0,0.0,0.0,0.0,0,26.772
579724000,579724000,0.99886996,0.012657862,-0.0006298079,-0.04590492,0.0,0.0,0.0,0.0,0,26.792
579744000,579744000,0.9988528,0.011888154,0.00055261137,-0.046481412,0.0,0.0,0.0,0.0,0,26.812
579764000,579764000,0.9988425,0.011089225,0.0016565394,-0.046873733,0.0,0.0,0.0,0.0,0,26.832
579784000,579784000,0.99883896,0.010261413,0.002687499,-0.047088478,0.0,0.0,0.0,0.0,0,26.852
579804000,579804000,0.99884224,0.009409144,0.0036480331,-0.04713246,0.0,0.0,0.0,0.0,0,26.872
579824000,579824000,0.99885195,0.008541448,0.004543471,-0.047012992,0.0,0.0,0.0,0.0,0,26.892
579844000,579844000,0.9988679,0.007658816,0.0053675934,-0.04673826,0.0,0.0,0.0,0.0,0,26.912
579864000,579864000,0.9988896,0.006770062,0.006127785,-0.04631681,0.0,0.0,0.0,0.0,0,26.932
579884000,579884000,0.9989165,0.005877105,0.0068277847,-0.045757517,0.0,0.0,0.0,0.0,0,26.952
579904000,579904000,0.9989481,0.0049850564,0.0074654436,-0.04506937,0.0,0.0,0.0,0.0,0,26.972
579924000,579924000,0.99898374,0.0040954705,0.008042003,-0.04426159,0.0,0.0,0.0,0.0,0,26.992
579944000,579944000,0.99902296,0.0032128498,0.0085618105,-0.043343265,0.0,0.0,0.0,0.0,0,27.012
579964000,579964000,0.9990649,0.0023392716,0.009035024,-0.04232385,0.0,0.0,0.0,0.0,0,27.032
579984000,579984000,0.9991091,0.0014793585,0.009459868,-0.0412128,0.0,0.0,0.0,0.0,0,27.052
580004000,580004000,0.99915475,0.00063804846,0.009843425,-0.040019695,0.0,0.0,0.0,0.0,0,27.072
580024000,580024000,0.99920136,-0.00018163487,0.010189274,-0.038753957,0.0,0.0,0.0,0.0,0,27.092
580044000,580044000,0.9992484,-0.000981213,0.01049793,-0.037424944,0.0,0.0,0.0,0.0,0,27.112
580064000,580064000,0.9992953,-0.0017596032,0.010767317,-0.03604189,0.0,0.0,0.0,0.0,0,27.132
580084000,580084000,0.9993417,-0.0025153605,0.010991866,-0.03461371,0.0,0.0,0.0,0.0,0,27.152
580104000,580104000,0.99938715,-0.0032456517,0.011180505,-0.03314886,0.0,0.0,0.0,0.0,0,27.172
580124000,580124000,0.9994313,-0.00394846,0.01133552,-0.031655837,0.0,0.0,0.0,0.0,0,27.192
580144000,580144000,0.9994738,-0.0046191798,0.011460175,-0.030142847,0.0,0.0,0.0,0.0,0,27.212
580164000,580164000,0.9995144,-0.005250716,0.011555257,-0.02861793,0.0,0.0,0.0,0.0,0,27.232
580184000,580184000,0.999553,-0.005840273,0.011618777,-0.027088463,0.0,0.0,0.0,0.0,0,27.252
580204000,580204000,0.99958944,-0.00639318,0.011650364,-0.025561603,0.0,0.0,0.0,0.0,0,27.272
580224000,580224000,0.9996236,-0.0069089024,0.01166034,-0.02404404,0.0,0.0,0.0,0.0,0,27.292
580244000,580244000,0.9996553,-0.007392926,0.011640368,-0.02254241,0.0,0.0,0.0,0.0,0,27.312
580264000,580264000,0.99968475,-0.007843263,0.01159257,-0.021062676,0.0,0.0,0.0,0.0,0,27.332
580284000,580284000,0.99971175,-0.008254004,0.011522102,-0.019610548,0.0,0.0,0.0,0.0,0,27.352
580304000,580304000,0.9997366,-0.008623953,0.01142748,-0.018191194,0.0,0.0,0.0,0.0,0,27.372
580324000,580324000,0.99975914,-0.008960973,0.011307905,-0.016809288,0.0,0.0,0.0,0.0,0,27.392
580344000,580344000,0.9997796,-0.009265805,0.011169847,-0.015469277,0.0,0.0,0.0,0.0,0,27.412
580364000,580364000,0.99979794,-0.009541565,0.011010789,-0.014174712,0.0,0.0,0.0,0.0,0,27.432
580384000,580384000,0.9998144,-0.009788599,0.010828699,-0.012929443,0.0,0.0,0.0,0.0,0,27.452
580404000,580404000,0.9998291,-0.010003648,0.010630617,-0.011736354,0.0,0.0,0.0,0.0,0,27.472
580424000,580424000,0.9998422,-0.010183114,0.010419184,-0.01059841,0.0,0.0,0.0,0.0,0,27.492
580444000,580444000,0.999854,-0.010319028,0.010195769,-0.00951823,0.0,0.0,0.0,0.0,0,27.512
580464000,580464000,0.99986464,-0.010420518,0.009953125,-0.00849748,0.0,0.0,0.0,0.0,0,27.532
580484000,580484000,0.999874,-0.01049809,0.009696299,-0.007537729,0.0,0.0,0.0,0.0,0,27.552
580504000,580504000,0.9998824,-0.010555532,0.009421346,-0.006640051,0.0,0.0,0.0,0.0,0,27.572
580524000,580524000,0.9998899,-0.010594059,0.009125771,-0.0058052237,0.0,0.0,0.0,0.0,0,27.592
580544000,580544000,0.9998967,-0.0106072035,0.0088247815,-0.0050340137,0.0,0.0,0.0,0.0,0,27.612
580564000,580564000,0.9999027,-0.0105958665,0.008522075,-0.0043259636,0.0,0.0,0.0,0.0,0,27.632
580584000,580584000,0.9999082,-0.010568931,0.008213055,-0.0036811864,0.0,0.0,0.0,0.0,0,27.652
580604000,580604000,0.9999132,-0.010526573,0.007889641,-0.0030991265,0.0,0.0,0.0,0.0,0,27.672
580624000,580624000,0.9999178,-0.0104750255,0.0075568454,-0.0025790255,0.0,0.0,0.0,0.0,0,27.692
580644000,580644000,0.99992204,-0.010411803,0.00721883,-0.002120084,0.0,0.0,0.0,0.0,0,27.712
580664000,580664000,0.9999261,-0.010325737,0.006878819,-0.0017211434,0.0,0.0,0.0,0.0,0,27.732
580684000,580684000,0.99993,-0.010221222,0.006535525,-0.0013807372,0.0,0.0,0.0,0.0,0,27.752
580704000,580704000,0.99993384,-0.01010058,0.006183128,-0.0010977372,0.0,0.0,0.0,0.0,0,27.772
580724000,580724000,0.9999375,-0.009971004,0.005829754,-0.0008699211,0.0,0.0,0.0,0.0,0,27.792
580744000,580744000,0.999941,-0.009831119,0.0054707713,-0.00069549296,0.0,0.0,0.0,0.0,0,27.812
580764000,580764000,0.9999445,-0.009678612,0.005103323,-0.0005723625,0.0,0.0,0.0,0.0,0,27.832
580784000,580784000,0.9999479,-0.009522623,0.004734362,-0.0004985397,0.0,0.0,0.0,0.0,0,27.852
580804000,580804000,0.99995106,-0.009366963,0.0043595075,-0.0004711044,0.0,0.0,0.0,0.0,0,27.872
580824000,580824000,0.9999541,-0.009207311,0.0039793863,-0.00048771498,0.0,0.0,0.0,0.0,0,27.892
580844000,580844000,0.999957,-0.009039601,0.0036028011,-0.00054630084,0.0,0.0,0.0,0.0,0,27.912
580864000,580864000,0.9999598,-0.008865264,0.0032265633,-0.0006441033,0.0,0.0,0.0,0.0,0,27.932
580884000,580884000,0.9999624,-0.008691629,0.0028533144,-0.000778322,0.0,0.0,0.0,0.0,0,27.952
580904000,580904000,0.9999647,-0.008518541,0.0024894811,-0.0009462664,0.0,0.0,0.0,0.0,0,27.972
580924000,580924000,0.9999669,-0.008335953,0.0021244644,-0.0011454122,0.0,0.0,0.0,0.0,0,27.992
580944000,580944000,0.9999689,-0.008146295,0.0017604122,-0.001373078,0.0,0.0,0.0,0.0,0,28.012
580964000,580964000,0.9999706,-0.00795647,0.0014048105,-0.0016263918,0.0,0.0,0.0,0.0,0,28.032
580984000,580984000,0.999972,-0.0077689625,0.0010596605,-0.0019027115,0.0,0.0,0.0,0.0,0,28.052
581004000,581004000,0.9999732,-0.007578645,0.00072063535,-0.0021994566,0.0,0.0,0.0,0.0,0,28.072
581024000,581024000,0.9999741,-0.0073853945,0.0003826092,-0.0025138631,0.0,0.0,0.0,0.0,0,28.092
581044000,581044000,0.9999746,-0.007193935,5.1617946e-05,-0.0028432535,0.0,0.0,0.0,0.0,0,28.112
581064000,581064000,0.9999749,-0.007006794,-0.00026350506,-0.0031849642,0.0,0.0,0.0,0.0,0,28.132
581084000,581084000,0.99997485,-0.0068244035,-0.00056645146,-0.0035370488,0.0,0.0,0.0,0.0,0,28.152
581104000,581104000,0.99997455,-0.006641127,-0.0008695323,-0.0038966336,0.0,0.0,0.0,0.0,0,28.172
581124000,581124000,0.99997395,-0.00645709,-0.001162693,-0.004261655,0.0,0.0,0.0,0.0,0,28.192
581144000,581144000,0.9999731,-0.0062733805,-0.0014371364,-0.004630113,0.0,0.0,0.0,0.0,0,28.212
581164000,581164000,0.99997205,-0.0060927793,-0.0017009636,-0.004999556,0.0,0.0,0.0,0.0,0,28.232
581184000,581184000,0.99997073,-0.0059148665,-0.0019555653,-0.0053678625,0.0,0.0,0.0,0.0,0,28.252
581204000,581204000,0.99996924,-0.0057362798,-0.002191454,-0.005732981,0.0,0.0,0.0,0.0,0,28.272
581224000,581224000,0.99996763,-0.0055543804,-0.0024120782,-0.0060930704,0.0,0.0,0.0,0.0,0,28.292
581244000,581244000,0.9999659,-0.00537226,-0.0026256454,-0.0064464738,0.0,0.0,0.0,0.0,0,28.312
581264000,581264000,0.999964,-0.005190477,-0.002843079,-0.0067914953,0.0,0.0,0.0,0.0,0,28.332
581284000,581284000,0.9999619,-0.0050162165,-0.0030497394,-0.0071270517,0.0,0.0,0.0,0.0,0,28.352
581304000,581304000,0.99995977,-0.004848781,-0.00323739,-0.0074520195,0.0,0.0,0.0,0.0,0,28.372
581324000,581324000,0.9999576,-0.0046781977,-0.0034152186,-0.007765174,0.0,0.0,0.0,0.0,0,28.392
581344000,581344000,0.9999555,-0.0045077675,-0.0035836364,-0.008065249,0.0,0.0,0.0,0.0,0,28.412
581364000,581364000,0.99995327,-0.0043382063,-0.0037418061,-0.008351211,0.0,0.0,0.0,0.0,0,28.432
581384000,581384000,0.99995106,-0.0041724243,-0.0038968795,-0.008622386,0.0,0.0,0.0,0.0,0,28.452
581404000,581404000,0.9999489,-0.0040139398,-0.004047594,-0.008877422,0.0,0.0,0.0,0.0,0,28.472
581424000,581424000,0.9999468,-0.0038676339,-0.004180265,-0.009115883,0.0,0.0,0.0,0.0,0,28.492
581444000,581444000,0.9999448,-0.0037334885,-0.0042896974,-0.009337741,0.0,0.0,0.0,0.0,0,28.512
581464000,581464000,0.99994296,-0.0036080317,-0.004378206,-0.009542379,0.0,0.0,0.0,0.0,0,28.532
581484000,581484000,0.9999412,-0.0034858864,-0.0044621094,-0.009728981,0.0,0.0,0.0,0.0,0,28.552
581504000,581504000,0.99993956,-0.0033636065,-0.004545378,-0.009897868,0.0,0.0,0.0,0.0,0,28.572
581524000,581524000,0.99993813,-0.0032433094,-0.0046257228,-0.010048909,0.0,0.0,0.0,0.0,0,28.592
581544000,581544000,0.9999368,-0.0031387345,-0.0046856995,-0.010182203,0.0,0.0,0.0,0.0,0,28.612
581564000,581564000,0.9999357,-0.0030487801,-0.0047369553,-0.010297534,0.0,0.0,0.0,0.0,0,28.632
581584000,581584000,0.9999346,-0.0029703064,-0.0047909063,-0.010394889,0.0,0.0,0.0,0.0,0,28.652
581604000,581604000,0.9999337,-0.0029103786,-0.0048399437,-0.01047453,0.0,0.0,0.0,0.0,0,28.672
581624000,581624000,0.99993306,-0.0028596853,-0.00487372,-0.010537252,0.0,0.0,0.0,0.0,0,28.692
581644000,581644000,0.99993265,-0.00280736,-0.00489437,-0.010583424,0.0,0.0,0.0,0.0,0,28.712
581664000,581664000,0.99993235,-0.0027656055,-0.004912004,-0.010613446,0.0,0.0,0.0,0.0,0,28.732
581684000,581684000,0.9999322,-0.0027367154,-0.0049200044,-0.010627645,0.0,0.0,0.0,0.0,0,28.752
581704000,581704000,0.99993235,-0.0027241833,-0.0049060304,-0.010626634,0.0,0.0,0.0,0.0,0,28.772
581724000,581724000,0.9999326,-0.0027346448,-0.004879249,-0.010611245,0.0,0.0,0.0,0.0,0,28.792
581744000,581744000,0.999933,-0.0027687664,-0.0048446925,-0.0105818715,0.0,0.0,0.0,0.0,0,28.812
581764000,581764000,0.9999335,-0.0028174757,-0.0048125377,-0.010539024,0.0,0.0,0.0,0.0,0,28.832
581784000,581784000,0.999934,-0.0028751497,-0.0047795614,-0.010483152,0.0,0.0,0.0,0.0,0,28.852
581804000,581804000,0.99993485,-0.002934788,-0.0047271056,-0.0104148565,0.0,0.0,0.0,0.0,0,28.872
581824000,581824000,0.9999358,-0.002989857,-0.0046581114,-0.010334618,0.0,0.0,0.0,0.0,0,28.892
581844000,581844000,0.99993694,-0.0030448511,-0.004583116,-0.010243287,0.0,0.0,0.0,0.0,0,28.912
581864000,581864000,0.99993813,-0.003110167,-0.0045082024,-0.010141493,0.0,0.0,0.0,0.0,0,28.932
581884000,581884000,0.9999394,-0.0031882182,-0.004430927,-0.010029781,0.0,0.0,0.0,0.0,0,28.952
581904000,581904000,0.9999407,-0.0032614,-0.0043491074,-0.0099089155,0.0,0.0,0.0,0.0,0,28.972
581924000,581924000,0.9999421,-0.0033308822,-0.0042539807,-0.0097795725,0.0,0.0,0.0,0.0,0,28.992
581944000,581944000,0.9999436,-0.0034050324,-0.004151872,-0.009643084,0.0,0.0,0.0,0.0,0,29.012
581964000,581964000,0.99994516,-0.0034874396,-0.004051698,-0.009499758,0.0,0.0,0.0,0.0,0,29.032
581984000,581984000,0.9999466,-0.0035791022,-0.003954704,-0.009349874,0.0,0.0,0.0,0.0,0,29.052
582004000,582004000,0.9999481,-0.0036790275,-0.003858446,-0.009193946,0.0,0.0,0.0,0.0,0,29.072
582024000,582024000,0.9999496,-0.0037795391,-0.003755511,-0.009033425,0.0,0.0,0.0,0.0,0,29.092
582044000,582044000,0.999951,-0.0038798114,-0.0036581256,-0.008869256,0.0,0.0,0.0,0.0,0,29.112
582064000,582064000,0.9999524,-0.0039831204,-0.003568014,-0.008702031,0.0,0.0,0.0,0.0,0,29.132
582080000,582080000,0.99995345,-0.0040694387,-0.0035001666,-0.008566242,0.0,0.0,0.0,0.0,0,29.148
582100000,582100000,0.99995476,-0.004177099,-0.0034141585,-0.008394708,0.0,0.0,0.0,0.0,0,29.168
582120000,582120000,0.99995613,-0.0042753587,-0.003316588,-0.008221535,0.0,0.0,0.0,0.0,0,29.188
582140000,582140000,0.9999575,-0.004369469,-0.0032077602,-0.008047622,0.0,0.0,0.0,0.0,0,29.208
582160000,582160000,0.99995875,-0.004467872,-0.0030977174,-0.007873631,0.0,0.0,0.0,0.0,0,29.228
582180000,582180000,0.99996,-0.0045671775,-0.0029950135,-0.0077001993,0.0,0.0,0.0,0.0,0,29.248
582200000,582200000,0.99996114,-0.0046697697,-0.0028976684,-0.007527722,0.0,0.0,0.0,0.0,0,29.268
582220000,582220000,0.9999622,-0.0047707483,-0.002798201,-0.0073569077,0.0,0.0,0.0,0.0,0,29.288
582240000,582240000,0.9999633,-0.0048595676,-0.002685171,-0.0071881674,0.0,0.0,0.0,0.0,0,29.308
582260000,582260000,0.9999645,-0.0049303044,-0.002561421,-0.0070216246,0.0,0.0,0.0,0.0,0,29.328
582280000,582280000,0.9999656,-0.0049937083,-0.0024402966,-0.006857433,0.0,0.0,0.0,0.0,0,29.348
582300000,582300000,0.9999666,-0.00506244,-0.0023269476,-0.0066960785,0.0,0.0,0.0,0.0,0,29.368
582320000,582320000,0.9999676,-0.0051245475,-0.0022197762,-0.006538052,0.0,0.0,0.0,0.0,0,29.388
582340000,582340000,0.9999685,-0.0051762075,-0.0021252919,-0.006383541,0.0,0.0,0.0,0.0,0,29.408
582360000,582360000,0.9999694,-0.0052263057,-0.0020301447,-0.006232935,0.0,0.0,0.0,0.0,0,29.428
582380000,582380000,0.9999703,-0.00526733,-0.0019291328,-0.006086882,0.0,0.0,0.0,0.0,0,29.448
582400000,582400000,0.9999712,-0.005289186,-0.0018283501,-0.0059455386,0.0,0.0,0.0,0.0,0,29.468
582420000,582420000,0.99997216,-0.0052981297,-0.0017255419,-0.0058090705,0.0,0.0,0.0,0.0,0,29.488
582440000,582440000,0.9999731,-0.005298297,-0.0016176994,-0.005677674,0.0,0.0,0.0,0.0,0,29.508
582460000,582460000,0.999974,-0.0052915527,-0.0015044158,-0.0055514066,0.0,0.0,0.0,0.0,0,29.528
582480000,582480000,0.9999749,-0.0052737533,-0.001390668,-0.005429985,0.0,0.0,0.0,0.0,0,29.548
582500000,582500000,0.99997586,-0.0052511445,-0.0012780526,-0.005313291,0.0,0.0,0.0,0.0,0,29.568
582520000,582520000,0.9999767,-0.0052252514,-0.0011685056,-0.005201358,0.0,0.0,0.0,0.0,0,29.588
582540000,582540000,0.9999775,-0.005196533,-0.001059362,-0.0050943447,0.0,0.0,0.0,0.0,0,29.608
582560000,582560000,0.9999783,-0.0051595517,-0.0009543868,-0.0049924525,0.0,0.0,0.0,0.0,0,29.628
582580000,582580000,0.99997914,-0.0051113437,-0.00085817,-0.0048957597,0.0,0.0,0.0,0.0,0,29.648
582600000,582600000,0.99998,-0.005048718,-0.0007586125,-0.0048043,0.0,0.0,0.0,0.0,0,29.668
582620000,582620000,0.99998087,-0.0049726246,-0.0006580548,-0.0047180434,0.0,0.0,0.0,0.0,0,29.688
582640000,582640000,0.9999817,-0.0048819142,-0.0005661684,-0.004636961,0.0,0.0,0.0,0.0,0,29.708
582660000,582660000,0.9999826,-0.004788653,-0.0004741718,-0.0045607616,0.0,0.0,0.0,0.0,0,29.728
582680000,582680000,0.9999834,-0.0046914276,-0.00038514377,-0.0044894777,0.0,0.0,0.0,0.0,0,29.748
582700000,582700000,0.9999842,-0.0045879097,-0.00030171167,-0.004422999,0.0,0.0,0.0,0.0,0,29.768
582720000,582720000,0.999985,-0.00448153,-0.00022071123,-0.004361133,0.0,0.0,0.0,0.0,0,29.788
582740000,582740000,0.9999857,-0.00437419,-0.00014423412,-0.0043039117,0.0,0.0,0.0,0.0,0,29.808
582760000,582760000,0.9999864,-0.004269047,-7.02951e-05,-0.0042514955,0.0,0.0,0.0,0.0,0,29.828
582780000,582780000,0.999987,-0.004168369,2.8788368e-06,-0.004203683,0.0,0.0,0.0,0.0,0,29.848
582800000,582800000,0.9999876,-0.0040699667,6.8646004e-05,-0.0041601947,0.0,0.0,0.0,0.0,0,29.868
582820000,582820000,0.99998814,-0.0039772918,0.00013518454,-0.004121015,0.0,0.0,0.0,0.0,0,29.888
582840000,582840000,0.9999886,-0.0038866173,0.00019613862,-0.004085939,0.0,0.0,0.0,0.0,0,29.908
582860000,582860000,0.9999891,-0.0037966575,0.00026069637,-0.0040545776,0.0,0.0,0.0,0.0,0,29.928
582880000,582880000,0.9999895,-0.0037076655,0.0003304393,-0.004026048,0.0,0.0,0.0,0.0,0,29.948
582900000,582900000,0.9999899,-0.0036158294,0.0003992441,-0.004000429,0.0,0.0,0.0,0.0,0,29.968
582920000,582920000,0.99999034,-0.0035209528,0.00046062775,-0.003977711,0.0,0.0,0.0,0.0,0,29.988
582936000,582936000,0.99999064,-0.0034450062,0.0005049467,-0.003961426,0.0,0.0,0.0,0.0,0,30.004
582956000,582956000,0.999991,-0.0033559238,0.00056417676,-0.0039435267,0.0,0.0,0.0,0.0,0,30.024
582976000,582976000,0.9999913,-0.0032727984,0.00062217715,-0.003928196,0.0,0.0,0.0,0.0,0,30.044
582996000,582996000,0.9999916,-0.0031887894,0.0006721625,-0.0039150477,0.0,0.0,0.0,0.0,0,30.064
583016000,583016000,0.99999183,-0.003103133,0.00072011416,-0.0039039408,0.0,0.0,0.0,0.0,0,30.084
583036000,583036000,0.99999213,-0.0030151433,0.00076779193,-0.0038948196,0.0,0.0,0.0,0.0,0,30.104
583056000,583056000,0.9999924,-0.0029273557,0.0008129964,-0.0038873912,0.0,0.0,0.0,0.0,0,30.124
583076000,583076000,0.9999926,-0.002841201,0.00085404236,-0.0038816256,0.0,0.0,0.0,0.0,0,30.144
583096000,583096000,0.99999285,-0.002761097,0.0008865777,-0.0038770824,0.0,0.0,0.0,0.0,0,30.164
583116000,583116000,0.999993,-0.002682912,0.00091502914,-0.0038736209,0.0,0.0,0.0,0.0,0,30.184
583136000,583136000,0.9999932,-0.0026003206,0.000947632,-0.0038706744,0.0,0.0,0.0,0.0,0,30.204
583156000,583156000,0.99999344,-0.0025149744,0.000980622,-0.0038681387,0.0,0.0,0.0,0.0,0,30.224
583176000,583176000,0.9999936,-0.002431602,0.0010155283,-0.0038653158,0.0,0.0,0.0,0.0,0,30.244
583196000,583196000,0.99999374,-0.0023595884,0.0010565043,-0.0038625284,0.0,0.0,0.0,0.0,0,30.264
583216000,583216000,0.99999386,-0.0022943816,0.0010984255,-0.0038597668,0.0,0.0,0.0,0.0,0,30.284
583236000,583236000,0.999994,-0.0022298063,0.0011410554,-0.003857031,0.0,0.0,0.0,0.0,0,30.304
583256000,583256000,0.9999941,-0.0021638295,0.0011836372,-0.003854271,0.0,0.0,0.0,0.0,0,30.324
583276000,583276000,0.99999416,-0.0021053846,0.0012193982,-0.0038510028,0.0,0.0,0.0,0.0,0,30.344
583296000,583296000,0.9999942,-0.0020584043,0.0012538206,-0.0038469292,0.0,0.0,0.0,0.0,0,30.364
583316000,583316000,0.9999943,-0.002024952,0.001290797,-0.0038419892,0.0,0.0,0.0,0.0,0,30.384
583336000,583336000,0.99999434,-0.0019951994,0.0013196238,-0.0038360246,0.0,0.0,0.0,0.0,0,30.404
583356000,583356000,0.9999944,-0.0019738064,0.0013400791,-0.0038290767,0.0,0.0,0.0,0.0,0,30.424
583376000,583376000,0.9999944,-0.001964433,0.0013707277,-0.0038212086,0.0,0.0,0.0,0.0,0,30.444
583396000,583396000,0.99999434,-0.0019634708,0.0014095319,-0.0038120318,0.0,0.0,0.0,0.0,0,30.464
583416000,583416000,0.9999944,-0.0019600387,0.001431731,-0.003801244,0.0,0.0,0.0,0.0,0,30.484
583436000,583436000,0.9999944,-0.0019494494,0.0014472104,-0.0037889432,0.0,0.0,0.0,0.0,0,30.504
583456000,583456000,0.99999446,-0.0019312284,0.00147068,-0.0037752045,0.0,0.0,0.0,0.0,0,30.524
583476000,583476000,0.9999945,-0.0019142956,0.0014916563,-0.0037596456,0.0,0.0,0.0,0.0,0,30.544
583496000,583496000,0.99999535,-0.0017882448,0.0011147023,-0.0037380578,0.0,0.0,0.0,0.0,0,30.564
583516000,583516000,0.9999872,-0.00011858473,-0.004611714,-0.0036739453,0.0,0.0,0.0,0.0,0,30.584
583536000,583536000,0.99982595,0.0040130606,-0.01812737,-0.0035267435,0.0,0.0,0.0,0.0,0,30.604
583556000,583556000,0.99924797,0.01033579,-0.037350334,-0.003273319,0.0,0.0,0.0,0.0,0,30.624
583576000,583576000,0.99807197,0.018262386,-0.05932581,-0.0028970805,0.0,0.0,0.0,0.0,0,30.644
583596000,583596000,0.99625534,0.027220335,-0.08208425,-0.0023806773,0.0,0.0,0.0,0.0,0,30.664
583616000,583616000,0.9938348,0.036726907,-0.1046408,-0.0017164742,0.0,0.0,0.0,0.0,0,30.684
583636000,583636000,0.99090916,0.04645882,-0.12628919,-0.00089066476,0.0,0.0,0.0,0.0,0,30.704
583656000,583656000,0.98760545,0.056068618,-0.14663169,9.045307e-05,0.0,0.0,0.0,0.0,0,30.724
583676000,583676000,0.98407114,0.06533843,-0.16535577,0.0012255561,0.0,0.0,0.0,0.0,0,30.744
583696000,583696000,0.9804573,0.07412403,-0.18224111,0.002514883,0.0,0.0,0.0,0.0,0,30.764
583716000,583716000,0.9768935,0.08221007,-0.19726719,0.003927712,0.0,0.0,0.0,0.0,0,30.784
583736000,583736000,0.9734855,0.089587085,-0.21042655,0.0054635606,0.0,0.0,0.0,0.0,0,30.804
583756000,583756000,0.9703192,0.09613877,-0.22180347,0.007088848,0.0,0.0,0.0,0.0,0,30.824
583776000,583776000,0.96745414,0.10188777,-0.23148027,0.008796316,0.0,0.0,0.0,0.0,0,30.844
583796000,583796000,0.9649323,0.10678972,-0.23958139,0.010556109,0.0,0.0,0.0,0.0,0,30.864
583816000,583816000,0.96278006,0.11087453,-0.24620694,0.012355134,0.0,0.0,0.0,0.0,0,30.884
583836000,583836000,0.9610057,0.11415582,-0.25148514,0.014171307,0.0,0.0,0.0,0.0,0,30.904
583856000,583856000,0.959614,0.11667061,-0.25550404,0.015992451,0.0,0.0,0.0,0.0,0,30.924
583876000,583876000,0.9585851,0.1184619,-0.25840598,0.01780002,0.0,0.0,0.0,0.0,0,30.944
583896000,583896000,0.95790565,0.11957357,-0.26027793,0.019580947,0.0,0.0,0.0,0.0,0,30.964
583916000,583916000,0.95755786,0.12005783,-0.26119614,0.021325933,0.0,0.0,0.0,0.0,0,30.984
583936000,583936000,0.9575193,0.11995725,-0.2612395,0.023022436,0.0,0.0,0.0,0.0,0,31.004
583956000,583956000,0.9577636,0.119325206,-0.26048285,0.024661455,0.0,0.0,0.0,0.0,0,31.024
583976000,583976000,0.9582641,0.118217334,-0.25898907,0.026235985,0.0,0.0,0.0,0.0,0,31.044
583996000,583996000,0.95899606,0.1166775,-0.25681248,0.027737083,0.0,0.0,0.0,0.0,0,31.064
584016000,584016000,0.9599329,0.114756584,-0.25400507,0.029158445,0.0,0.0,0.0,0.0,0,31.084
584036000,584036000,0.9610494,0.11250209,-0.25061244,0.03049394,0.0,0.0,0.0,0.0,0,31.104
584056000,584056000,0.96231943,0.109963,-0.24668033,0.031738646,0.0,0.0,0.0,0.0,0,31.124
584076000,584076000,0.9637239,0.107160814,-0.2422409,0.03288323,0.0,0.0,0.0,0.0,0,31.144
584096000,584096000,0.96523803,0.10414243,-0.2373355,0.0339238,0.0,0.0,0.0,0.0,0,31.164
584116000,584116000,0.96684426,0.10093767,-0.23198693,0.03485547,0.0,0.0,0.0,0.0,0,31.184
584136000,584136000,0.9685211,0.0975926,-0.22622727,0.035677027,0.0,0.0,0.0,0.0,0,31.204
584156000,584156000,0.97025394,0.09411182,-0.22008163,0.036379587,0.0,0.0,0.0,0.0,0,31.224
584176000,584176000,0.9720248,0.09053736,-0.21357326,0.036964048,0.0,0.0,0.0,0.0,0,31.244
584196000,584196000,0.973819,0.08686797,-0.20673464,0.037421107,0.0,0.0,0.0,0.0,0,31.264
584216000,584216000,0.9756197,0.0831408,-0.199594,0.03775164,0.0,0.0,0.0,0.0,0,31.284
584236000,584236000,0.9774113,0.0793626,-0.19219133,0.03795027,0.0,0.0,0.0,0.0,0,31.304
584256000,584256000,0.97918177,0.07557447,-0.18453996,0.03802176,0.0,0.0,0.0,0.0,0,31.324
584276000,584276000,0.9809193,0.07177451,-0.17667404,0.037962392,0.0,0.0,0.0,0.0,0,31.344
584296000,584296000,0.98261344,0.06799117,-0.1686122,0.037775815,0.0,0.0,0.0,0.0,0,31.364
584316000,584316000,0.98425424,0.06422235,-0.16038987,0.03746018,0.0,0.0,0.0,0.0,0,31.384
584336000,584336000,0.9858381,0.060475077,-0.15200235,0.03701887,0.0,0.0,0.0,0.0,0,31.404
584356000,584356000,0.98735356,0.056752775,-0.1435005,0.036452137,0.0,0.0,0.0,0.0,0,31.424
584376000,584376000,0.98879766,0.053064287,-0.13488247,0.035765324,0.0,0.0,0.0,0.0,0,31.444
584396000,584396000,0.9901601,0.049420636,-0.1262036,0.034961585,0.0,0.0,0.0,0.0,0,31.464
584416000,584416000,0.99143964,0.045812838,-0.11746767,0.034045365,0.0,0.0,0.0,0.0,0,31.484
584436000,584436000,0.99262846,0.042256758,-0.10872802,0.03302229,0.0,0.0,0.0,0.0,0,31.504
584456000,584456000,0.99372774,0.03873868,-0.099980846,0.03189779,0.0,0.0,0.0,0.0,0,31.524
584476000,584476000,0.9947328,0.03527941,-0.0912684,0.030680092,0.0,0.0,0.0,0.0,0,31.544
584496000,584496000,0.99564445,0.031865235,-0.08260112,0.029375792,0.0,0.0,0.0,0.0,0,31.564
584516000,584516000,0.99645954,0.028524041,-0.07402812,0.027994039,0.0,0.0,0.0,0.0,0,31.584
584536000,584536000,0.99718195,0.025222842,-0.06554835,0.026540982,0.0,0.0,0.0,0.0,0,31.604
584556000,584556000,0.9978119,0.021995168,-0.057187162,0.025027102,0.0,0.0,0.0,0.0,0,31.624
584576000,584576000,0.99835324,0.01881014,-0.048946254,0.023459839,0.0,0.0,0.0,0.0,0,31.644
584596000,584596000,0.9988074,0.015701871,-0.040853526,0.02184965,0.0,0.0,0.0,0.0,0,31.664
584616000,584616000,0.9991779,0.01264407,-0.03293298,0.0202044,0.0,0.0,0.0,0.0,0,31.684
584636000,584636000,0.9994685,0.009667849,-0.02519515,0.01853381,0.0,0.0,0.0,0.0,0,31.704
584656000,584656000,0.9996841,0.0067434344,-0.01765058,0.016845983,0.0,0.0,0.0,0.0,0,31.724
584676000,584676000,0.99982905,0.003896554,-0.010309365,0.01515056,0.0,0.0,0.0,0.0,0,31.744
584696000,584696000,0.9999083,0.0011038695,-0.00319373,0.013455656,0.0,0.0,0.0,0.0,0,31.764
584716000,584716000,0.9999271,-0.0016114194,0.0037054115,0.011769887,0.0,0.0,0.0,0.0,0,31.784
584736000,584736000,0.9998905,-0.0042769173,0.010381601,0.01010125,0.0,0.0,0.0,0.0,0,31.804
584756000,584756000,0.9998035,-0.0068686423,0.01683314,0.008456967,0.0,0.0,0.0,0.0,0,31.824
584776000,584776000,0.9996712,-0.009400511,0.023050766,0.0068446295,0.0,0.0,0.0,0.0,0,31.844
584796000,584796000,0.9994987,-0.011848232,0.029038418,0.0052709905,0.0,0.0,0.0,0.0,0,31.864
584816000,584816000,0.9992908,-0.014236134,0.03478828,0.0037430297,0.0,0.0,0.0,0.0,0,31.884
584836000,584836000,0.99905246,-0.016542729,0.04030446,0.002265554,0.0,0.0,0.0,0.0,0,31.904
584856000,584856000,0.99878806,-0.018780159,0.04558588,0.0008443474,0.0,0.0,0.0,0.0,0,31.924
584876000,584876000,0.9985028,-0.02092494,0.050627224,-0.0005167317,0.0,0.0,0.0,0.0,0,31.944
584896000,584896000,0.9982001,-0.022998558,0.055437874,-0.0018127626,0.0,0.0,0.0,0.0,0,31.964
584916000,584916000,0.9978845,-0.024978574,0.06001989,-0.0030413023,0.0,0.0,0.0,0.0,0,31.984
584936000,584936000,0.9975596,-0.026878092,0.0643726,-0.0041982355,0.0,0.0,0.0,0.0,0,32.004
584956000,584956000,0.9972295,-0.028690422,0.06849315,-0.0052811834,0.0,0.0,0.0,0.0,0,32.024
584976000,584976000,0.99689686,-0.030426186,0.0723913,-0.0062871906,0.0,0.0,0.0,0.0,0,32.044
584996000,584996000,0.9965655,-0.032070644,0.07606402,-0.0072151055,0.0,0.0,0.0,0.0,0,32.064
585016000,585016000,0.9962377,-0.033633877,0.07951923,-0.008062645,0.0,0.0,0.0,0.0,0,32.084
585036000,585036000,0.99591666,-0.03511132,0.08275492,-0.008828717,0.0,0.0,0.0,0.0,0,32.104
585056000,585056000,0.9956053,-0.036491107,0.08577319,-0.009513718,0.0,0.0,0.0,0.0,0,32.124
585076000,585076000,0.99530727,-0.037775528,0.088561736,-0.010116533,0.0,0.0,0.0,0.0,0,32.144
585096000,585096000,0.9950243,-0.03897806,0.091122024,-0.01063627,0.0,0.0,0.0,0.0,0,32.164
585116000,585116000,0.99475855,-0.040090915,0.0934593,-0.011075111,0.0,0.0,0.0,0.0,0,32.184
585136000,585136000,0.99451107,-0.04110692,0.09558403,-0.011435772,0.0,0.0,0.0,0.0,0,32.204
585156000,585156000,0.99428517,-0.042023353,0.09748216,-0.011719766,0.0,0.0,0.0,0.0,0,32.224
585176000,585176000,0.99408156,-0.042847503,0.09916018,-0.011928881,0.0,0.0,0.0,0.0,0,32.244
585196000,585196000,0.9939012,-0.04357187,0.10062519,-0.012067066,0.0,0.0,0.0,0.0,0,32.264
585216000,585216000,0.9937438,-0.044200655,0.10188892,-0.012137099,0.0,0.0,0.0,0.0,0,32.284
585236000,585236000,0.99361074,-0.044738494,0.1029459,-0.012141536,0.0,0.0,0.0,0.0,0,32.304
585256000,585256000,0.9935004,-0.045185417,0.1038183,-0.012084357,0.0,0.0,0.0,0.0,0,32.324
585276000,585276000,0.9934119,-0.045550704,0.104516916,-0.011968516,0.0,0.0,0.0,0.0,0,32.344
585296000,585296000,0.9933448,-0.04583508,0.10504849,-0.011798039,0.0,0.0,0.0,0.0,0,32.364
585316000,585316000,0.99329835,-0.046043724,0.10542063,-0.011576106,0.0,0.0,0.0,0.0,0,32.384
585336000,585336000,0.9932723,-0.046183396,0.10563401,-0.011306136,0.0,0.0,0.0,0.0,0,32.404
585356000,585356000,0.9932656,-0.046255384,0.10569841,-0.010992079,0.0,0.0,0.0,0.0,0,32.424
585376000,585376000,0.99327666,-0.046265483,0.10562661,-0.010637876,0.0,0.0,0.0,0.0,0,32.444
585396000,585396000,0.99330467,-0.046218365,0.10542183,-0.010246988,0.0,0.0,0.0,0.0,0,32.464
585416000,585416000,0.9933492,-0.046113767,0.10508794,-0.009824102,0.0,0.0,0.0,0.0,0,32.484
585436000,585436000,0.99340945,-0.045951642,0.104629725,-0.009373542,0.0,0.0,0.0,0.0,0,32.504
585456000,585456000,0.9934847,-0.04573525,0.1040498,-0.008898685,0.0,0.0,0.0,0.0,0,32.524
585476000,585476000,0.99357355,-0.045464918,0.10335852,-0.008404272,0.0,0.0,0.0,0.0,0,32.544
585496000,585496000,0.99367416,-0.045141637,0.10257004,-0.007895065,0.0,0.0,0.0,0.0,0,32.564
585516000,585516000,0.9937854,-0.044773128,0.10168957,-0.0073740166,0.0,0.0,0.0,0.0,0,32.584
585536000,585536000,0.99390656,-0.044358183,0.10071899,-0.006844789,0.0,0.0,0.0,0.0,0,32.604
585556000,585556000,0.9940372,-0.0439006,0.09965951,-0.006310648,0.0,0.0,0.0,0.0,0,32.624
585576000,585576000,0.9941762,-0.04340388,0.09851683,-0.005774983,0.0,0.0,0.0,0.0,0,32.644
585596000,585596000,0.9943217,-0.04287588,0.09730194,-0.0052404697,0.0,0.0,0.0,0.0,0,32.664
585616000,585616000,0.9944726,-0.042318422,0.09602208,-0.0047101304,0.0,0.0,0.0,0.0,0,32.684
585636000,585636000,0.99462914,-0.041727193,0.09467467,-0.0041870945,0.0,0.0,0.0,0.0,0,32.704
585656000,585656000,0.99478966,-0.04110748,0.09327027,-0.003673811,0.0,0.0,0.0,0.0,0,32.724
585676000,585676000,0.9949537,-0.040461037,0.09181027,-0.0031726367,0.0,0.0,0.0,0.0,0,32.744
585696000,585696000,0.99512017,-0.039794162,0.090300456,-0.0026852784,0.0,0.0,0.0,0.0,0,32.764
585716000,585716000,0.995289,-0.039113715,0.08873565,-0.0022132543,0.0,0.0,0.0,0.0,0,32.784
585736000,585736000,0.99545884,-0.038426757,0.087127164,-0.0017582487,0.0,0.0,0.0,0.0,0,32.804
585756000,585756000,0.9956291,-0.037728027,0.08547917,-0.0013224608,0.0,0.0,0.0,0.0,0,32.824
585776000,585776000,0.99579966,-0.03702374,0.08378907,-0.00090651016,0.0,0.0,0.0,0.0,0,32.844
585796000,585796000,0.99596983,-0.036313206,0.08206234,-0.00051172427,0.0,0.0,0.0,0.0,0,32.864
585816000,585816000,0.9961387,-0.03559784,0.080309495,-0.00013934787,0.0,0.0,0.0,0.0,0,32.884
585836000,585836000,0.9963058,-0.03487422,0.07853343,0.00020949218,0.0,0.0,0.0,0.0,0,32.904
585856000,585856000,0.99647087,-0.034151234,0.07673567,0.0005348972,0.0,0.0,0.0,0.0,0,32.924
585876000,585876000,0.9966334,-0.033424355,0.07492066,0.0008360814,0.0,0.0,0.0,0.0,0,32.944
585896000,585896000,0.9967931,-0.032700382,0.07308955,0.0011133306,0.0,0.0,0.0,0.0,0,32.964
585916000,585916000,0.99695015,-0.031975575,0.07124035,0.00136633,0.0,0.0,0.0,0.0,0,32.984
585936000,585936000,0.9971035,-0.03125749,0.06938377,0.0015950481,0.0,0.0,0.0,0.0,0,33.004
585956000,585956000,0.9972533,-0.03054065,0.0675205,0.0017993364,0.0,0.0,0.0,0.0,0,33.024
585976000,585976000,0.99739957,-0.029823225,0.06564997,0.0019795918,0.0,0.0,0.0,0.0,0,33.044
585996000,585996000,0.997542,-0.029100372,0.063777775,0.0021357087,0.0,0.0,0.0,0.0,0,33.064
586016000,586016000,0.99768066,-0.02837939,0.06190167,0.0022688806,0.0,0.0,0.0,0.0,0,33.084
586036000,586036000,0.99781555,-0.027658133,0.06002193,0.0023798808,0.0,0.0,0.0,0.0,0,33.104
586056000,586056000,0.9979462,-0.026944296,0.05814108,0.002470041,0.0,0.0,0.0,0.0,0,33.124
586076000,586076000,0.99807197,-0.02623348,0.056274388,0.0025395458,0.0,0.0,0.0,0.0,0,33.144
586096000,586096000,0.99819297,-0.025528364,0.05441987,0.0025895548,0.0,0.0,0.0,0.0,0,33.164
586116000,586116000,0.99830896,-0.024824958,0.052585136,0.0026205527,0.0,0.0,0.0,0.0,0,33.184
586136000,586136000,0.99842,-0.024125516,0.05076992,0.0026337118,0.0,0.0,0.0,0.0,0,33.204
586156000,586156000,0.9985262,-0.023428164,0.048976716,0.0026299604,0.0,0.0,0.0,0.0,0,33.224
586176000,586176000,0.9986271,-0.02273657,0.047214363,0.0026103358,0.0,0.0,0.0,0.0,0,33.244
586196000,586196000,0.9987228,-0.022055682,0.04548411,0.0025764152,0.0,0.0,0.0,0.0,0,33.264
586216000,586216000,0.99881375,-0.021388477,0.04377648,0.0025298789,0.0,0.0,0.0,0.0,0,33.284
586236000,586236000,0.99890006,-0.020731362,0.04209435,0.0024717487,0.0,0.0,0.0,0.0,0,33.304
586256000,586256000,0.99898165,-0.020086734,0.040441707,0.0024034036,0.0,0.0,0.0,0.0,0,33.324
586276000,586276000,0.9990586,-0.01945065,0.038823444,0.0023256405,0.0,0.0,0.0,0.0,0,33.344
586296000,586296000,0.99913085,-0.018827008,0.037244316,0.0022395754,0.0,0.0,0.0,0.0,0,33.364
586316000,586316000,0.99919873,-0.018218266,0.035699505,0.0021463812,0.0,0.0,0.0,0.0,0,33.384
586336000,586336000,0.99926263,-0.017622551,0.034184676,0.0020472836,0.0,0.0,0.0,0.0,0,33.404
586356000,586356000,0.99932235,-0.017040573,0.03270656,0.0019433132,0.0,0.0,0.0,0.0,0,33.424
586376000,586376000,0.999378,-0.016477603,0.031270333,0.0018357527,0.0,0.0,0.0,0.0,0,33.444
586396000,586396000,0.99942976,-0.015932783,0.029873107,0.0017255808,0.0,0.0,0.0,0.0,0,33.464
586416000,586416000,0.9994782,-0.015401201,0.028505532,0.0016138905,0.0,0.0,0.0,0.0,0,33.484
586436000,586436000,0.99952334,-0.014880245,0.027175808,0.0015013762,0.0,0.0,0.0,0.0,0,33.504
586456000,586456000,0.9995651,-0.014374156,0.025887357,0.0013893417,0.0,0.0,0.0,0.0,0,33.524
586476000,586476000,0.9996037,-0.013880831,0.024641432,0.0012787386,0.0,0.0,0.0,0.0,0,33.544
586496000,586496000,0.99963963,-0.013397242,0.023427507,0.001170478,0.0,0.0,0.0,0.0,0,33.564
586516000,586516000,0.99967295,-0.012922581,0.022249267,0.0010649301,0.0,0.0,0.0,0.0,0,33.584
586536000,586536000,0.99970365,-0.012461586,0.021107616,0.00096301327,0.0,0.0,0.0,0.0,0,33.604
586556000,586556000,0.99973184,-0.012011081,0.020008568,0.0008652564,0.0,0.0,0.0,0.0,0,33.624
586576000,586576000,0.9997578,-0.011564299,0.018948313,0.00077222486,0.0,0.0,0.0,0.0,0,33.644
586596000,586596000,0.9997819,-0.01111731,0.017920544,0.000684329,0.0,0.0,0.0,0.0,0,33.664
586616000,586616000,0.9998041,-0.010684014,0.01692355,0.0006020953,0.0,0.0,0.0,0.0,0,33.684
586636000,586636000,0.99982435,-0.010262002,0.015963143,0.0005259054,0.0,0.0,0.0,0.0,0,33.704
586656000,586656000,0.9998428,-0.009854491,0.015035825,0.0004565049,0.0,0.0,0.0,0.0,0,33.724
586676000,586676000,0.99985975,-0.009459448,0.01414179,0.00039443938,0.0,0.0,0.0,0.0,0,33.744
586696000,586696000,0.9998751,-0.009071274,0.013281119,0.0003400598,0.0,0.0,0.0,0.0,0,33.764
586716000,586716000,0.99988914,-0.008694456,0.01245468,0.0002934536,0.0,0.0,0.0,0.0,0,33.784
586736000,586736000,0.99990183,-0.008333548,0.0116601335,0.00025436902,0.0,0.0,0.0,0.0,0,33.804
586756000,586756000,0.9999133,-0.007985758,0.010897179,0.00022315948,0.0,0.0,0.0,0.0,0,33.824
586776000,586776000,0.9999236,-0.007651497,0.010163726,0.00019989663,0.0,0.0,0.0,0.0,0,33.844
586796000,586796000,0.99993294,-0.0073251966,0.009462949,0.00018465951,0.0,0.0,0.0,0.0,0,33.864
586816000,586816000,0.9999414,-0.0070073623,0.0087827975,0.00017712505,0.0,0.0,0.0,0.0,0,33.884
586836000,586836000,0.9999491,-0.0066993604,0.008122197,0.00017691146,0.0,0.0,0.0,0.0,0,33.904
586856000,586856000,0.999956,-0.006398488,0.0074891015,0.00018418823,0.0,0.0,0.0,0.0,0,33.924
586876000,586876000,0.9999622,-0.006102211,0.0068873977,0.00019921798,0.0,0.0,0.0,0.0,0,33.944
586896000,586896000,0.9999677,-0.005813278,0.0063144714,0.00022210769,0.0,0.0,0.0,0.0,0,33.964
586916000,586916000,0.9999726,-0.0055324472,0.0057629086,0.00025224907,0.0,0.0,0.0,0.0,0,33.984
586936000,586936000,0.999977,-0.0052612755,0.0052340305,0.0002895807,0.0,0.0,0.0,0.0,0,34.004
586956000,586956000,0.9999808,-0.0049929433,0.0047359434,0.00033411264,0.0,0.0,0.0,0.0,0,34.024
586976000,586976000,0.9999842,-0.00472855,0.00426531,0.0003849868,0.0,0.0,0.0,0.0,0,34.044
586996000,586996000,0.9999872,-0.0044719037,0.0038129762,0.00044168372,0.0,0.0,0.0,0.0,0,34.064
587016000,587016000,0.9999898,-0.004218035,0.003386844,0.0005038688,0.0,0.0,0.0,0.0,0,34.084
587036000,587036000,0.9999921,-0.003965987,0.0029900582,0.00057172624,0.0,0.0,0.0,0.0,0,34.104
587056000,587056000,0.999994,-0.0037152336,0.002621052,0.00064472447,0.0,0.0,0.0,0.0,0,34.124
587076000,587076000,0.9999957,-0.0034625398,0.0022732047,0.0007224082,0.0,0.0,0.0,0.0,0,34.144
587096000,587096000,0.99999714,-0.003214911,0.0019465188,0.0008043298,0.0,0.0,0.0,0.0,0,34.164
587116000,587116000,0.9999984,-0.0029744827,0.001641937,0.000890282,0.0,0.0,0.0,0.0,0,34.184
587136000,587136000,0.9999994,-0.0027441003,0.0013591573,0.0009803323,0.0,0.0,0.0,0.0,0,34.204
587156000,587156000,1.0000002,-0.0025216404,0.0010931848,0.0010738691,0.0,0.0,0.0,0.0,0,34.224
587176000,587176000,1.0000008,-0.0022958962,0.00084705057,0.0011696682,0.0,0.0,0.0,0.0,0,34.244
587196000,587196000,1.0000014,-0.0020733355,0.0006210645,0.0012670931,0.0,0.0,0.0,0.0,0,34.264
587216000,587216000,1.0000018,-0.0018708137,0.0004038297,0.0013655983,0.0,0.0,0.0,0.0,0,34.284
587236000,587236000,1.000002,-0.0016806397,0.00020858618,0.0014648488,0.0,0.0,0.0,0.0,0,34.304
587256000,587256000,1.0000023,-0.0014944994,4.378337e-05,0.0015643289,0.0,0.0,0.0,0.0,0,34.324
587276000,587276000,1.0000023,-0.0013190563,-0.00010099982,0.0016636594,0.0,0.0,0.0,0.0,0,34.344
587296000,587296000,1.0000023,-0.0011581668,-0.00024386946,0.0017626687,0.0,0.0,0.0,0.0,0,34.364
587316000,587316000,1.0000023,-0.0010057085,-0.0003720767,0.0018609681,0.0,0.0,0.0,0.0,0,34.384
587336000,587336000,1.0000021,-0.0008548463,-0.00047348562,0.001958294,0.0,0.0,0.0,0.0,0,34.404
587356000,587356000,1.000002,-0.0007135176,-0.0005585446,0.00205403,0.0,0.0,0.0,0.0,0,34.424
587376000,587376000,1.0000019,-0.0005809739,-0.00064114097,0.0021476625,0.0,0.0,0.0,0.0,0,34.444
587396000,587396000,1.0000017,-0.0004507435,-0.0007147994,0.0022387628,0.0,0.0,0.0,0.0,0,34.464
587416000,587416000,1.0000015,-0.00032683962,-0.0007723268,0.0023272128,0.0,0.0,0.0,0.0,0,34.484
587436000,587436000,1.0000013,-0.00022334451,-0.0008230582,0.0024131625,0.0,0.0,0.0,0.0,0,34.504
587456000,587456000,1.0000011,-0.00013214398,-0.0008661142,0.0024965284,0.0,0.0,0.0,0.0,0,34.524
587476000,587476000,1.0000008,-4.259911e-05,-0.0009050532,0.0025773789,0.0,0.0,0.0,0.0,0,34.544
587496000,587496000,1.0000006,4.890772e-05,-0.0009425293,0.002655692,0.0,0.0,0.0,0.0,0,34.564
587516000,587516000,1.0000004,0.00013910323,-0.0009750478,0.0027310182,0.0,0.0,0.0,0.0,0,34.584
587536000,587536000,1.0000001,0.00022114719,-0.0009954785,0.002803152,0.0,0.0,0.0,0.0,0,34.604
587556000,587556000,0.9999999,0.0002955971,-0.0010044562,0.002872349,0.0,0.0,0.0,0.0,0,34.624
587576000,587576000,0.99999964,0.00036176326,-0.0010010919,0.0029383528,0.0,0.0,0.0,0.0,0,34.644
587596000,587596000,0.99999946,0.00041642925,-0.0009823338,0.0030010396,0.0,0.0,0.0,0.0,0,34.664
587616000,587616000,0.9999993,0.00046350324,-0.0009527807,0.0030602424,0.0,0.0,0.0,0.0,0,34.684
587636000,587636000,0.9999991,0.00051300396,-0.00093019387,0.0031160675,0.0,0.0,0.0,0.0,0,34.704
587656000,587656000,0.9999989,0.00056846516,-0.00091303355,0.0031679568,0.0,0.0,0.0,0.0,0,34.724
587676000,587676000,0.9999988,0.00062560174,-0.0008943031,0.0032161416,0.0,0.0,0.0,0.0,0,34.744
587696000,587696000,0.9999986,0.00068116834,-0.0008741442,0.003260662,0.0,0.0,0.0,0.0,0,34.764
587716000,587716000,0.99999845,0.00073016447,-0.00086225074,0.0033016882,0.0,0.0,0.0,0.0,0,34.784
587736000,587736000,0.99999833,0.00077603443,-0.000856993,0.0033390922,0.0,0.0,0.0,0.0,0,34.804
587756000,587756000,0.99999815,0.0008123803,-0.0008520344,0.0033731407,0.0,0.0,0.0,0.0,0,34.824
587776000,587776000,0.9999981,0.000835228,-0.0008295282,0.003404056,0.0,0.0,0.0,0.0,0,34.844
587796000,587796000,0.999998,0.0008477865,-0.0008064546,0.003432325,0.0,0.0,0.0,0.0,0,34.864
587816000,587816000,0.9999979,0.0008561165,-0.00078297465,0.0034579707,0.0,0.0,0.0,0.0,0,34.884
587836000,587836000,0.99999785,0.0008565522,-0.0007512374,0.0034808442,0.0,0.0,0.0,0.0,0,34.904
587856000,587856000,0.9999978,0.0008577543,-0.0007161322,0.003501198,0.0,0.0,0.0,0.0,0,34.924
587876000,587876000,0.9999978,0.0008549656,-0.0006752928,0.0035191292,0.0,0.0,0.0,0.0,0,34.944
587896000,587896000,0.99999774,0.0008391582,-0.00063200394,0.0035345033,0.0,0.0,0.0,0.0,0,34.964
587916000,587916000,0.99999774,0.00082424755,-0.00058185734,0.003547427,0.0,0.0,0.0,0.0,0,34.984
587936000,587936000,0.99999774,0.00081291253,-0.0005280311,0.0035581999,0.0,0.0,0.0,0.0,0,35.004
587956000,587956000,0.99999774,0.00080542645,-0.0004727168,0.0035669198,0.0,0.0,0.0,0.0,0,35.024
587976000,587976000,0.99999774,0.00080189673,-0.00041701374,0.003573656,0.0,0.0,0.0,0.0,0,35.044
587996000,587996000,0.99999774,0.0007994613,-0.00036417393,0.0035786973,0.0,0.0,0.0,0.0,0,35.064
588016000,588016000,0.9999978,0.00079561287,-0.00031698216,0.0035821,0.0,0.0,0.0,0.0,0,35.084
588036000,588036000,0.9999978,0.0007879963,-0.00027690444,0.0035839686,0.0,0.0,0.0,0.0,0,35.104
588056000,588056000,0.9999978,0.00077160896,-0.00023619195,0.003584422,0.0,0.0,0.0,0.0,0,35.124
588076000,588076000,0.99999785,0.00074508326,-0.00018404619,0.0035839183,0.0,0.0,0.0,0.0,0,35.144
588096000,588096000,0.99999785,0.0007161031,-0.000127087,0.0035831006,0.0,0.0,0.0,0.0,0,35.164
588116000,588116000,0.9999979,0.0006884426,-6.885031e-05,0.0035820545,0.0,0.0,0.0,0.0,0,35.184
588136000,588136000,0.9999979,0.0006604601,-1.3223694e-05,0.0035807993,0.0,0.0,0.0,0.0,0,35.204
588156000,588156000,0.999998,0.0006337641,4.0235467e-05,0.0035794445,0.0,0.0,0.0,0.0,0,35.224
588176000,588176000,0.999998,0.0006083331,9.369115e-05,0.003577987,0.0,0.0,0.0,0.0,0,35.244
588196000,588196000,0.999998,0.00058264105,0.00014979749,0.0035762398,0.0,0.0,0.0,0.0,0,35.264
588216000,588216000,0.999998,0.00055587594,0.00020876688,0.0035743695,0.0,0.0,0.0,0.0,0,35.284
588236000,588236000,0.999998,0.0005273853,0.0002600708,0.003572821,0.0,0.0,0.0,0.0,0,35.304
588256000,588256000,0.99999803,0.0004981545,0.00030645664,0.0035713236,0.0,0.0,0.0,0.0,0,35.324
588276000,588276000,0.99999803,0.00046387562,0.00035734344,0.003569793,0.0,0.0,0.0,0.0,0,35.344
588296000,588296000,0.99999803,0.00041111675,0.0004075916,0.0035683613,0.0,0.0,0.0,0.0,0,35.364
588316000,588316000,0.99999803,0.00035363802,0.00044253338,0.003567361,0.0,0.0,0.0,0.0,0,35.384
588336000,588336000,0.99999803,0.00030594875,0.00047811214,0.003566425,0.0,0.0,0.0,0.0,0,35.404
588356000,588356000,0.99999803,0.00027099482,0.0005212116,0.0035655056,0.0,0.0,0.0,0.0,0,35.424
588376000,588376000,0.99999803,0.0002457385,0.00056576275,0.0035647918,0.0,0.0,0.0,0.0,0,35.444
588396000,588396000,0.999998,0.00022842831,0.00060894433,0.0035642516,0.0,0.0,0.0,0.0,0,35.464
588416000,588416000,0.999998,0.00021130503,0.0006562552,0.003564098,0.0,0.0,0.0,0.0,0,35.484
588436000,588436000,0.9999979,0.0001950527,0.0007061414,0.0035642472,0.0,0.0,0.0,0.0,0,35.504
588456000,588456000,0.9999979,0.0001864177,0.00075134094,0.0035647831,0.0,0.0,0.0,0.0,0,35.524
588476000,588476000,0.99999785,0.00017865004,0.00079841726,0.003566021,0.0,0.0,0.0,0.0,0,35.544
588496000,588496000,0.9999978,0.0001689272,0.0008499434,0.0035680656,0.0,0.0,0.0,0.0,0,35.564
588516000,588516000,0.99999774,0.00016477933,0.0008984551,0.0035707185,0.0,0.0,0.0,0.0,0,35.584
588536000,588536000,0.99999774,0.00016353984,0.0009464353,0.0035736584,0.0,0.0,0.0,0.0,0,35.604
588556000,588556000,0.9999977,0.00016647257,0.0009926656,0.0035771814,0.0,0.0,0.0,0.0,0,35.624
588576000,588576000,0.99999756,0.00016431152,0.001048046,0.0035815083,0.0,0.0,0.0,0.0,0,35.644
588596000,588596000,0.9999975,0.00016628741,0.0011018444,0.0035866597,0.0,0.0,0.0,0.0,0,35.664
588616000,588616000,0.99999744,0.00017842163,0.0011465291,0.0035925524,0.0,0.0,0.0,0.0,0,35.684
588636000,588636000,0.9999973,0.00019057421,0.0011959804,0.003599031,0.0,0.0,0.0,0.0,0,35.704
588656000,588656000,0.99999726,0.00020185494,0.0012433081,0.003605997,0.0,0.0,0.0,0.0,0,35.724
588676000,588676000,0.9999972,0.00021495094,0.0012903219,0.0036130343,0.0,0.0,0.0,0.0,0,35.744
588696000,588696000,0.9999971,0.00023808194,0.0013375574,0.00362059,0.0,0.0,0.0,0.0,0,35.764
588716000,588716000,0.99999696,0.00026951212,0.0013772805,0.0036286248,0.0,0.0,0.0,0.0,0,35.784
588736000,588736000,0.9999969,0.00030947756,0.0014154364,0.0036370764,0.0,0.0,0.0,0.0,0,35.804
588756000,588756000,0.9999968,0.00034746545,0.001464733,0.0036459805,0.0,0.0,0.0,0.0,0,35.824
588776000,588776000,0.99999666,0.00038514056,0.0015144409,0.0036554006,0.0,0.0,0.0,0.0,0,35.844
588796000,588796000,0.99999654,0.00043576292,0.0015632227,0.0036647385,0.0,0.0,0.0,0.0,0,35.864
588816000,588816000,0.9999964,0.00048801998,0.0016058522,0.003674131,0.0,0.0,0.0,0.0,0,35.884
588836000,588836000,0.99999624,0.00054677785,0.0016589267,0.0036835398,0.0,0.0,0.0,0.0,0,35.904
588856000,588856000,0.99999607,0.00060480466,0.0017159911,0.003692758,0.0,0.0,0.0,0.0,0,35.924
588876000,588876000,0.99999595,0.00066735136,0.0017621233,0.003701453,0.0,0.0,0.0,0.0,0,35.944
588896000,588896000,0.99999577,0.0007339637,0.0018116079,0.0037098527,0.0,0.0,0.0,0.0,0,35.964
588916000,588916000,0.9999956,0.0007982363,0.0018737477,0.0037176986,0.0,0.0,0.0,0.0,0,35.984
588936000,588936000,0.99999535,0.0008696259,0.0019302367,0.0037247716,0.0,0.0,0.0,0.0,0,36.004
588956000,588956000,0.9999952,0.0009540413,0.001974899,0.003730967,0.0,0.0,0.0,0.0,0,36.024
588976000,588976000,0.999995,0.0010388185,0.002025036,0.0037364853,0.0,0.0,0.0,0.0,0,36.044
588996000,588996000,0.99999475,0.0011229399,0.0020788952,0.0037412231,0.0,0.0,0.0,0.0,0,36.064
589016000,589016000,0.9999945,0.0012100552,0.0021261915,0.0037454164,0.0,0.0,0.0,0.0,0,36.084
589036000,589036000,0.99999434,0.0012985294,0.0021688612,0.0037489913,0.0,0.0,0.0,0.0,0,36.104
589056000,589056000,0.9999941,0.0013879454,0.0022098129,0.003752079,0.0,0.0,0.0,0.0,0,36.124
589076000,589076000,0.99999386,0.0014731665,0.0022537713,0.0037547187,0.0,0.0,0.0,0.0,0,36.144
589096000,589096000,0.9999937,0.0015554811,0.0022878272,0.0037571935,0.0,0.0,0.0,0.0,0,36.164
589116000,589116000,0.99999344,0.0016324887,0.002324082,0.0037594263,0.0,0.0,0.0,0.0,0,36.184
589136000,589136000,0.9999932,0.0017066558,0.0023698455,0.0037616885,0.0,0.0,0.0,0.0,0,36.204
589156000,589156000,0.99999297,0.0017781971,0.0024078367,0.0037637544,0.0,0.0,0.0,0.0,0,36.224
589176000,589176000,0.9999928,0.0018490609,0.0024390288,0.0037653216,0.0,0.0,0.0,0.0,0,36.244
589196000,589196000,0.9999926,0.0019202706,0.0024624644,0.0037664426,0.0,0.0,0.0,0.0,0,36.264
589216000,589216000,0.9999924,0.0019875339,0.002494792,0.0037674115,0.0,0.0,0.0,0.0,0,36.284
589236000,589236000,0.9999922,0.0020528561,0.002517335,0.0037682517,0.0,0.0,0.0,0.0,0,36.304
589256000,589256000,0.999992,0.0021267687,0.0025278993,0.003768806,0.0,0.0,0.0,0.0,0,36.324
589276000,589276000,0.9999918,0.00219721,0.00254312,0.0037692324,0.0,0.0,0.0,0.0,0,36.344
589296000,589296000,0.99999166,0.0022497808,0.002561906,0.0037693295,0.0,0.0,0.0,0.0,0,36.364
589316000,589316000,0.9999915,0.0022942761,0.002572864,0.003769443,0.0,0.0,0.0,0.0,0,36.384
589336000,589336000,0.99999136,0.0023402916,0.0025890071,0.0037695798,0.0,0.0,0.0,0.0,0,36.404
589356000,589356000,0.9999912,0.0023829003,0.00261233,0.003769828,0.0,0.0,0.0,0.0,0,36.424
589376000,589376000,0.99999106,0.0024163367,0.0026232966,0.0037703176,0.0,0.0,0.0,0.0,0,36.444
589396000,589396000,0.999991,0.0024408174,0.0026393456,0.0037709891,0.0,0.0,0.0,0.0,0,36.464
589416000,589416000,0.9999909,0.0024647918,0.002649555,0.0037718427,0.0,0.0,0.0,0.0,0,36.484
589436000,589436000,0.9999908,0.0024878273,0.002660167,0.00377281,0.0,0.0,0.0,0.0,0,36.504
589456000,589456000,0.9999907,0.002515982,0.002680123,0.0037742595,0.0,0.0,0.0,0.0,0,36.524
589476000,589476000,0.9999905,0.002551797,0.0026979407,0.0037759175,0.0,0.0,0.0,0.0,0,36.544
589496000,589496000,0.9999904,0.0025864488,0.0027168335,0.0037782565,0.0,0.0,0.0,0.0,0,36.564
589516000,589516000,0.9999902,0.0026130155,0.00274094,0.0037812542,0.0,0.0,0.0,0.0,0,36.584
589536000,589536000,0.9999901,0.0026410301,0.002759563,0.003784686,0.0,0.0,0.0,0.0,0,36.604
589556000,589556000,0.99999,0.0026710574,0.0027713398,0.0037882428,0.0,0.0,0.0,0.0,0,36.624
589576000,589576000,0.99998987,0.0027023337,0.0027766344,0.003791864,0.0,0.0,0.0,0.0,0,36.644
589596000,589596000,0.99998975,0.0027318904,0.0027779976,0.003795686,0.0,0.0,0.0,0.0,0,36.664
589616000,589616000,0.9999897,0.002759598,0.0027753215,0.0037995558,0.0,0.0,0.0,0.0,0,36.684
589636000,589636000,0.9999896,0.002784076,0.0027696714,0.0038037659,0.0,0.0,0.0,0.0,0,36.704
589656000,589656000,0.99998957,0.00279346,0.0027726083,0.0038083922,0.0,0.0,0.0,0.0,0,36.724
589676000,589676000,0.9999895,0.0027920501,0.0027795907,0.0038132346,0.0,0.0,0.0,0.0,0,36.744
589696000,589696000,0.9999895,0.0027849304,0.0027823572,0.0038183245,0.0,0.0,0.0,0.0,0,36.764
589716000,589716000,0.9999895,0.0027732812,0.0027779501,0.003823334,0.0,0.0,0.0,0.0,0,36.784
589736000,589736000,0.99998957,0.0027540121,0.0027727254,0.0038279067,0.0,0.0,0.0,0.0,0,36.804
589756000,589756000,0.9999897,0.0027271886,0.002767215,0.0038321358,0.0,0.0,0.0,0.0,0,36.824
589776000,589776000,0.99998975,0.0026934037,0.0027606934,0.0038360897,0.0,0.0,0.0,0.0,0,36.844
589796000,589796000,0.99998987,0.0026548682,0.0027508456,0.0038399273,0.0,0.0,0.0,0.0,0,36.864
589816000,589816000,0.99999,0.0026136665,0.0027352818,0.003843514,0.0,0.0,0.0,0.0,0,36.884
589836000,589836000,0.99999017,0.0025631727,0.0027204629,0.0038465082,0.0,0.0,0.0,0.0,0,36.904
589856000,589856000,0.99999034,0.0025045355,0.002704903,0.0038493695,0.0,0.0,0.0,0.0,0,36.924
589876000,589876000,0.9999905,0.0024413336,0.0026849757,0.0038518913,0.0,0.0,0.0,0.0,0,36.944
589896000,589896000,0.99999076,0.0023703165,0.002663536,0.0038541383,0.0,0.0,0.0,0.0,0,36.964
589916000,589916000,0.999991,0.0022950147,0.0026410862,0.0038563325,0.0,0.0,0.0,0.0,0,36.984
589936000,589936000,0.9999912,0.002218703,0.0026236377,0.0038587386,0.0,0.0,0.0,0.0,0,37.004
589956000,589956000,0.9999914,0.002135087,0.002598383,0.0038612739,0.0,0.0,0.0,0.0,0,37.024
589976000,589976000,0.99999166,0.002044917,0.0025748308,0.003863915,0.0,0.0,0.0,0.0,0,37.044
589996000,589996000,0.9999919,0.0019565967,0.0025556658,0.0038670257,0.0,0.0,0.0,0.0,0,37.064
590016000,590016000,0.99999213,0.0018631831,0.0025257887,0.0038704246,0.0,0.0,0.0,0.0,0,37.084
590036000,590036000,0.9999924,0.0017706851,0.0024917445,0.0038742698,0.0,0.0,0.0,0.0,0,37.104
590056000,590056000,0.9999926,0.0016833728,0.0024587444,0.0038785492,0.0,0.0,0.0,0.0,0,37.124
590076000,590076000,0.9999928,0.0015908302,0.002421388,0.0038832992,0.0,0.0,0.0,0.0,0,37.144
590096000,590096000,0.9999931,0.0014826139,0.0023676467,0.00388858,0.0,0.0,0.0,0.0,0,37.164
590116000,590116000,0.9999934,0.0013671524,0.002303622,0.0038943728,0.0,0.0,0.0,0.0,0,37.184
590136000,590136000,0.9999936,0.0012536047,0.0022455605,0.0039004998,0.0,0.0,0.0,0.0,0,37.204
590156000,590156000,0.9999939,0.0011362472,0.0021794094,0.0039073112,0.0,0.0,0.0,0.0,0,37.224
590176000,590176000,0.99999416,0.0010124708,0.0020994786,0.003915274,0.0,0.0,0.0,0.0,0,37.244
590196000,590196000,0.9999944,0.0008878187,0.0020201239,0.003923846,0.0,0.0,0.0,0.0,0,37.264
590216000,590216000,0.99999464,0.00076783955,0.0019410884,0.00393322,0.0,0.0,0.0,0.0,0,37.284
590236000,590236000,0.9999949,0.0006534189,0.0018485368,0.00394369,0.0,0.0,0.0,0.0,0,37.304
590256000,590256000,0.99999505,0.0005443778,0.0017518186,0.003955281,0.0,0.0,0.0,0.0,0,37.324
590276000,590276000,0.99999523,0.00043976775,0.0016407546,0.003967416,0.0,0.0,0.0,0.0,0,37.344
590296000,590296000,0.9999954,0.00033825095,0.0015160051,0.0039797947,0.0,0.0,0.0,0.0,0,37.364
590316000,590316000,0.9999956,0.0002414287,0.00139855,0.0039921906,0.0,0.0,0.0,0.0,0,37.384
590336000,590336000,0.9999957,0.000144094,0.0012739407,0.0040044193,0.0,0.0,0.0,0.0,0,37.404
590356000,590356000,0.9999958,3.0079613e-05,0.0011406855,0.004016379,0.0,0.0,0.0,0.0,0,37.424
590376000,590376000,0.99999595,-9.1131755e-05,0.0010174137,0.004028208,0.0,0.0,0.0,0.0,0,37.444
590396000,590396000,0.99999595,-0.00021155477,0.0008992767,0.0040396596,0.0,0.0,0.0,0.0,0,37.464
590416000,590416000,0.999996,-0.00032961325,0.00078089244,0.0040509985,0.0,0.0,0.0,0.0,0,37.484
590436000,590436000,0.999996,-0.00044560566,0.0006693262,0.004062342,0.0,0.0,0.0,0.0,0,37.504
590456000,590456000,0.99999595,-0.00056114286,0.0005481161,0.004073654,0.0,0.0,0.0,0.0,0,37.524
590476000,590476000,0.9999959,-0.0006784335,0.00042340768,0.0040848777,0.0,0.0,0.0,0.0,0,37.544
590496000,590496000,0.9999958,-0.00079999195,0.0003001449,0.0040957844,0.0,0.0,0.0,0.0,0,37.564
590516000,590516000,0.99999565,-0.0009251073,0.00017337728,0.0041067223,0.0,0.0,0.0,0.0,0,37.584
590536000,590536000,0.9999955,-0.00104807,4.3892607e-05,0.0041176355,0.0,0.0,0.0,0.0,0,37.604
590556000,590556000,0.99999535,-0.0011704556,-8.181917e-05,0.0041281735,0.0,0.0,0.0,0.0,0,37.624
590576000,590576000,0.9999951,-0.0012917109,-0.00020961296,0.004138269,0.0,0.0,0.0,0.0,0,37.644
590592000,590592000,0.99999493,-0.0013849196,-0.00031193823,0.004145779,0.0,0.0,0.0,0.0,0,37.66
590612000,590612000,0.9999947,-0.0014888662,-0.00043467135,0.0041544256,0.0,0.0,0.0,0.0,0,37.68
590632000,590632000,0.99999446,-0.001585839,-0.0005507921,0.0041628648,0.0,0.0,0.0,0.0,0,37.7
590652000,590652000,0.9999942,-0.0016775137,-0.00066069607,0.0041707573,0.0,0.0,0.0,0.0,0,37.72
590672000,590672000,0.999994,-0.0017611264,-0.00076375855,0.0041782525,0.0,0.0,0.0,0.0,0,37.74
590692000,590692000,0.99999374,-0.0018458244,-0.00086321955,0.004185245,0.0,0.0,0.0,0.0,0,37.76
590712000,590712000,0.99999344,-0.0019380515,-0.00096693437,0.004191389,0.0,0.0,0.0,0.0,0,37.78
590732000,590732000,0.9999931,-0.0020355345,-0.0010703312,0.004196721,0.0,0.0,0.0,0.0,0,37.8
590752000,590752000,0.9999928,-0.002133925,-0.0011662215,0.0042013414,0.0,0.0,0.0,0.0,0,37.82
590772000,590772000,0.99999243,-0.0022176802,-0.0012652064,0.004206019,0.0,0.0,0.0,0.0,0,37.84
590792000,590792000,0.99999213,-0.0022890263,-0.0013623242,0.004210434,0.0,0.0,0.0,0.0,0,37.86
590812000,590812000,0.99999183,-0.0023580326,-0.0014651801,0.004214406,0.0,0.0,0.0,0.0,0,37.88
590832000,590832000,0.9999915,-0.0024270804,-0.0015715742,0.0042182,0.0,0.0,0.0,0.0,0,37.9
590852000,590852000,0.9999911,-0.0024961717,-0.001664504,0.004221933,0.0,0.0,0.0,0.0,0,37.92
590872000,590872000,0.9999908,-0.0025533969,-0.0017474802,0.004225755,0.0,0.0,0.0,0.0,0,37.94
590892000,590892000,0.9999906,-0.002587306,-0.0018333175,0.0042292145,0.0,0.0,0.0,0.0,0,37.96
590912000,590912000,0.9999904,-0.0025993777,-0.0019168585,0.0042319787,0.0,0.0,0.0,0.0,0,37.98
590932000,590932000,0.9999902,-0.0025944568,-0.0019967514,0.0042343717,0.0,0.0,0.0,0.0,0,38.0
590952000,590952000,0.9999901,-0.0025866465,-0.0020690241,0.0042371443,0.0,0.0,0.0,0.0,0,38.02
590972000,590972000,0.9999899,-0.0025824895,-0.0021363755,0.004240347,0.0,0.0,0.0,0.0,0,38.04
590992000,590992000,0.9999898,-0.0025694713,-0.002205483,0.004243275,0.0,0.0,0.0,0.0,0,38.06
591012000,591012000,0.99998975,-0.002542851,-0.0022713705,0.0042458926,0.0,0.0,0.0,0.0,0,38.08
591032000,591032000,0.9999896,-0.0025089572,-0.002338205,0.004248421,0.0,0.0,0.0,0.0,0,38.1
591052000,591052000,0.99998957,-0.0024727671,-0.0024032586,0.00425105,0.0,0.0,0.0,0.0,0,38.12
591072000,591072000,0.9999895,-0.0024374889,-0.0024686044,0.004253751,0.0,0.0,0.0,0.0,0,38.14
591092000,591092000,0.9999894,-0.0024022714,-0.0025381832,0.0042564753,0.0,0.0,0.0,0.0,0,38.16
591112000,591112000,0.9999893,-0.0023675028,-0.0026126094,0.004259024,0.0,0.0,0.0,0.0,0,38.18
591132000,591132000,0.99998915,-0.0023346336,-0.0026833462,0.0042611053,0.0,0.0,0.0,0.0,0,38.2
591152000,591152000,0.9999891,-0.0022895988,-0.0027354918,0.0042630555,0.0,0.0,0.0,0.0,0,38.22
591172000,591172000,0.9999891,-0.0022387672,-0.0027738316,0.00426474,0.0,0.0,0.0,0.0,0,38.24
591192000,591192000,0.99998915,-0.002178279,-0.002808421,0.0042666253,0.0,0.0,0.0,0.0,0,38.26
591212000,591212000,0.9999892,-0.0021088528,-0.0028304611,0.0042687547,0.0,0.0,0.0,0.0,0,38.28
591232000,591232000,0.9999893,-0.00204178,-0.0028460533,0.004270685,0.0,0.0,0.0,0.0,0,38.3
591252000,591252000,0.9999894,-0.0019781908,-0.0028644465,0.0042725406,0.0,0.0,0.0,0.0,0,38.32
591272000,591272000,0.99998945,-0.0019151747,-0.0028778075,0.0042743427,0.0,0.0,0.0,0.0,0,38.34
591292000,591292000,0.9999895,-0.0018515453,-0.0028885722,0.0042761173,0.0,0.0,0.0,0.0,0,38.36
591312000,591312000,0.99998957,-0.0017866548,-0.0029013685,0.004277882,0.0,0.0,0.0,0.0,0,38.38
591332000,591332000,0.9999896,-0.0017202833,-0.0029180606,0.0042796456,0.0,0.0,0.0,0.0,0,38.4
591352000,591352000,0.9999897,-0.0016523242,-0.0029394033,0.0042813527,0.0,0.0,0.0,0.0,0,38.42
591372000,591372000,0.99998975,-0.0015866939,-0.002960784,0.004282772,0.0,0.0,0.0,0.0,0,38.44
591392000,591392000,0.9999898,-0.0015205806,-0.0029728592,0.0042842766,0.0,0.0,0.0,0.0,0,38.46
591412000,591412000,0.99998987,-0.0014540578,-0.0029801452,0.0042858515,0.0,0.0,0.0,0.0,0,38.48
591432000,591432000,0.99999,-0.0013873207,-0.0029757812,0.0042875656,0.0,0.0,0.0,0.0,0,38.5
591452000,591452000,0.9999901,-0.0013196408,-0.002967412,0.004289827,0.0,0.0,0.0,0.0,0,38.52
591472000,591472000,0.9999843,-0.0015139225,-0.004451277,0.004289681,0.0,0.0,0.0,0.0,0,38.54
591492000,591492000,0.99992573,-0.0028439793,-0.011452692,0.0042835036,0.0,0.0,0.0,0.0,0,38.56
591512000,591512000,0.999758,-0.0051680016,-0.021170102,0.0042605395,0.0,0.0,0.0,0.0,0,38.58
591532000,591532000,0.99949783,-0.007953456,-0.030531717,0.0042146156,0.0,0.0,0.0,0.0,0,38.6
591552000,591552000,0.9991437,-0.010873204,-0.039818298,0.0041540847,0.0,0.0,0.0,0.0,0,38.62
591572000,591572000,0.9986852,-0.013810559,-0.04929074,0.004082427,0.0,0.0,0.0,0.0,0,38.64
591592000,591592000,0.9981493,-0.016712353,-0.0584114,0.0039945156,0.0,0.0,0.0,0.0,0,38.66
591612000,591612000,0.9975731,-0.019504925,-0.066794574,0.0038880552,0.0,0.0,0.0,0.0,0,38.68
591632000,591632000,0.9969781,-0.022123247,-0.07443206,0.0037673726,0.0,0.0,0.0,0.0,0,38.7
591652000,591652000,0.9963656,-0.024571002,-0.08153331,0.0036351148,0.0,0.0,0.0,0.0,0,38.72
591672000,591672000,0.99563086,-0.027043028,-0.08935687,0.0035029233,0.0,0.0,0.0,0.0,0,38.74
591692000,591692000,0.9946069,-0.029789614,-0.09933458,0.0033854912,0.0,0.0,0.0,0.0,0,38.76
591712000,591712000,0.9931768,-0.032955017,-0.11185758,0.0032760112,0.0,0.0,0.0,0.0,0,38.78
591732000,591732000,0.9913066,-0.036505662,-0.12640278,0.0031539693,0.0,0.0,0.0,0.0,0,38.8
591752000,591752000,0.988962,-0.040428367,-0.14254777,0.0029974026,0.0,0.0,0.0,0.0,0,38.82
591772000,591772000,0.9860943,-0.044646464,-0.16008127,0.0027958415,0.0,0.0,0.0,0.0,0,38.84
591792000,591792000,0.9827534,-0.049011804,-0.17831504,0.0025321192,0.0,0.0,0.0,0.0,0,38.86
591812000,591812000,0.97911096,-0.053396206,-0.1962013,0.0021724207,0.0,0.0,0.0,0.0,0,38.88
591832000,591832000,0.97535765,-0.05761867,-0.2129877,0.0017076792,0.0,0.0,0.0,0.0,0,38.9
591852000,591852000,0.971592,-0.0616176,-0.2285171,0.0011405837,0.0,0.0,0.0,0.0,0,38.92
591872000,591872000,0.9678919,-0.065305926,-0.24275358,0.0004892824,0.0,0.0,0.0,0.0,0,38.94
591892000,591892000,0.9642945,-0.06866744,-0.25579292,-0.00023290157,0.0,0.0,0.0,0.0,0,38.96
591912000,591912000,0.9608625,-0.07167385,-0.26760817,-0.001016965,0.0,0.0,0.0,0.0,0,38.98
591932000,591932000,0.9576181,-0.07433195,-0.27829474,-0.0018530322,0.0,0.0,0.0,0.0,0,39.0
591952000,591952000,0.9545926,-0.07664604,-0.28788885,-0.0027344825,0.0,0.0,0.0,0.0,0,39.02
591972000,591972000,0.9517883,-0.07862901,-0.2965,-0.0036507905,0.0,0.0,0.0,0.0,0,39.04
591992000,591992000,0.94922334,-0.080290526,-0.30416512,-0.004596316,0.0,0.0,0.0,0.0,0,39.06
592012000,592012000,0.946886,-0.081651665,-0.3109953,-0.0055621313,0.0,0.0,0.0,0.0,0,39.08
592032000,592032000,0.9447997,-0.08271122,-0.3169837,-0.0065426473,0.0,0.0,0.0,0.0,0,39.1
592052000,592052000,0.94300693,-0.08347638,-0.32205883,-0.0075396895,0.0,0.0,0.0,0.0,0,39.12
592072000,592072000,0.9415574,-0.0839387,-0.32612872,-0.008551387,0.0,0.0,0.0,0.0,0,39.14
592092000,592092000,0.94047374,-0.08410758,-0.3291694,-0.009574838,0.0,0.0,0.0,0.0,0,39.16
592112000,592112000,0.93975407,-0.083979815,-0.33121973,-0.010596244,0.0,0.0,0.0,0.0,0,39.18
592132000,592132000,0.9393871,-0.083566174,-0.33232975,-0.011605195,0.0,0.0,0.0,0.0,0,39.2
592152000,592152000,0.9393577,-0.0828875,-0.33254662,-0.012594499,0.0,0.0,0.0,0.0,0,39.22
592172000,592172000,0.9396455,-0.08196855,-0.3319227,-0.013558877,0.0,0.0,0.0,0.0,0,39.24
592192000,592192000,0.9402313,-0.080837555,-0.3304987,-0.014495018,0.0,0.0,0.0,0.0,0,39.26
592212000,592212000,0.94109565,-0.0795111,-0.32831237,-0.015396707,0.0,0.0,0.0,0.0,0,39.28
592232000,592232000,0.9422149,-0.078003734,-0.3254094,-0.016255973,0.0,0.0,0.0,0.0,0,39.3
592252000,592252000,0.9435698,-0.0763346,-0.321818,-0.017069075,0.0,0.0,0.0,0.0,0,39.32
592272000,592272000,0.94514084,-0.07451466,-0.31756505,-0.017829692,0.0,0.0,0.0,0.0,0,39.34
592292000,592292000,0.9469076,-0.07256284,-0.31267598,-0.018534383,0.0,0.0,0.0,0.0,0,39.36
592312000,592312000,0.9488483,-0.070490226,-0.30717963,-0.019177124,0.0,0.0,0.0,0.0,0,39.38
592332000,592332000,0.95094293,-0.06831684,-0.30109656,-0.019756552,0.0,0.0,0.0,0.0,0,39.4
592352000,592352000,0.95316786,-0.06605242,-0.29445955,-0.020267343,0.0,0.0,0.0,0.0,0,39.42
592372000,592372000,0.95550317,-0.06371484,-0.28728804,-0.020708166,0.0,0.0,0.0,0.0,0,39.44
592392000,592392000,0.95792776,-0.061310023,-0.27960762,-0.02107382,0.0,0.0,0.0,0.0,0,39.46
592412000,592412000,0.9604215,-0.05884864,-0.2714409,-0.021361992,0.0,0.0,0.0,0.0,0,39.48
592432000,592432000,0.96296334,-0.056332704,-0.2628159,-0.021568082,0.0,0.0,0.0,0.0,0,39.5
592452000,592452000,0.9655344,-0.05377757,-0.2537516,-0.02169214,0.0,0.0,0.0,0.0,0,39.52
592472000,592472000,0.9681163,-0.05119062,-0.24426869,-0.021733228,0.0,0.0,0.0,0.0,0,39.54
592492000,592492000,0.9706883,-0.04858217,-0.23439841,-0.021690877,0.0,0.0,0.0,0.0,0,39.56
592512000,592512000,0.9732312,-0.045952614,-0.22417301,-0.021563357,0.0,0.0,0.0,0.0,0,39.58
592532000,592532000,0.9757268,-0.043329418,-0.21361844,-0.021355497,0.0,0.0,0.0,0.0,0,39.6
592552000,592552000,0.97815907,-0.040703766,-0.20276448,-0.02106495,0.0,0.0,0.0,0.0,0,39.62
592572000,592572000,0.980512,-0.03808481,-0.19164185,-0.02069411,0.0,0.0,0.0,0.0,0,39.64
592592000,592592000,0.98277164,-0.035484217,-0.1802775,-0.020246504,0.0,0.0,0.0,0.0,0,39.66
592612000,592612000,0.9849222,-0.03290241,-0.16871826,-0.01972332,0.0,0.0,0.0,0.0,0,39.68
592632000,592632000,0.9869524,-0.030335722,-0.15699662,-0.019126471,0.0,0.0,0.0,0.0,0,39.7
592652000,592652000,0.98885065,-0.027790837,-0.14515626,-0.018460223,0.0,0.0,0.0,0.0,0,39.72
592672000,592672000,0.9906098,-0.02527163,-0.13322268,-0.017729655,0.0,0.0,0.0,0.0,0,39.74
592692000,592692000,0.9922222,-0.02278077,-0.12123666,-0.01693961,0.0,0.0,0.0,0.0,0,39.76
592712000,592712000,0.99368227,-0.02032542,-0.109235615,-0.016095908,0.0,0.0,0.0,0.0,0,39.78
592732000,592732000,0.99498415,-0.017905354,-0.09728258,-0.015203407,0.0,0.0,0.0,0.0,0,39.8
592752000,592752000,0.9961293,-0.015516722,-0.085388355,-0.014268346,0.0,0.0,0.0,0.0,0,39.82
592772000,592772000,0.9971167,-0.013167743,-0.07360157,-0.013297382,0.0,0.0,0.0,0.0,0,39.84
592792000,592792000,0.9979489,-0.010865816,-0.06195069,-0.012297524,0.0,0.0,0.0,0.0,0,39.86
592812000,592812000,0.99862903,-0.008596554,-0.050479703,-0.011274324,0.0,0.0,0.0,0.0,0,39.88
592832000,592832000,0.9991631,-0.0063626887,-0.039203733,-0.0102349445,0.0,0.0,0.0,0.0,0,39.9
592852000,592852000,0.999557,-0.004167085,-0.028161593,-0.009186329,0.0,0.0,0.0,0.0,0,39.92
592872000,592872000,0.9998186,-0.0020114658,-0.01736544,-0.008135553,0.0,0.0,0.0,0.0,0,39.94
592892000,592892000,0.9999559,0.00010138799,-0.0068593267,-0.0070895143,0.0,0.0,0.0,0.0,0,39.96
592912000,592912000,0.99997824,0.002167794,0.003353566,-0.006054787,0.0,0.0,0.0,0.0,0,39.98
592932000,592932000,0.99989533,0.004192295,0.013245138,-0.0050378907,0.0,0.0,0.0,0.0,0,40.0
592952000,592952000,0.99971694,0.006172151,0.022818225,-0.004044721,0.0,0.0,0.0,0.0,0,40.02
592972000,592972000,0.9994536,0.008099735,0.032039613,-0.0030803957,0.0,0.0,0.0,0.0,0,40.04
592992000,592992000,0.99911517,0.00997501,0.04091282,-0.0021500536,0.0,0.0,0.0,0.0,0,40.06
593012000,593012000,0.9987111,0.01180864,0.04943899,-0.0012591119,0.0,0.0,0.0,0.0,0,40.08
593032000,593032000,0.99825,0.013593526,0.057629094,-0.00041159248,0.0,0.0,0.0,0.0,0,40.1
593052000,593052000,0.99774224,0.015323724,0.06545703,0.00038871492,0.0,0.0,0.0,0.0,0,40.12
593072000,593072000,0.997196,0.016999252,0.07293079,0.0011382332,0.0,0.0,0.0,0.0,0,40.14
593092000,593092000,0.99661964,0.018624231,0.08005107,0.0018336475,0.0,0.0,0.0,0.0,0,40.16
593112000,593112000,0.9960207,0.020195788,0.086821385,0.002472516,0.0,0.0,0.0,0.0,0,40.18
593132000,593132000,0.9954065,0.021715682,0.093241856,0.0030523168,0.0,0.0,0.0,0.0,0,40.2
593152000,593152000,0.9947846,0.023180017,0.09931092,0.003571574,0.0,0.0,0.0,0.0,0,40.22
593172000,593172000,0.9941608,0.024585355,0.10503684,0.0040298477,0.0,0.0,0.0,0.0,0,40.24
593192000,593192000,0.99353904,0.025934502,0.11044066,0.0044265813,0.0,0.0,0.0,0.0,0,40.26
593212000,593212000,0.99292374,0.027222443,0.11553295,0.0047618765,0.0,0.0,0.0,0.0,0,40.28
593232000,593232000,0.99232,0.028449532,0.12031387,0.005035648,0.0,0.0,0.0,0.0,0,40.3
593252000,593252000,0.9917317,0.029616507,0.12479034,0.0052484325,0.0,0.0,0.0,0.0,0,40.32
593272000,593272000,0.99116254,0.030721538,0.12896861,0.005401427,0.0,0.0,0.0,0.0,0,40.34
593292000,593292000,0.99061656,0.031751852,0.13285169,0.005497119,0.0,0.0,0.0,0.0,0,40.36
593312000,593312000,0.9900946,0.032716837,0.13645768,0.005535926,0.0,0.0,0.0,0.0,0,40.38
593332000,593332000,0.9896,0.033620626,0.13978608,0.005518784,0.0,0.0,0.0,0.0,0,40.4
593352000,593352000,0.9891334,0.034472834,0.14285028,0.0054467497,0.0,0.0,0.0,0.0,0,40.42
593372000,593372000,0.9886966,0.035257787,0.14565949,0.005324995,0.0,0.0,0.0,0.0,0,40.44
593392000,593392000,0.9882923,0.035984147,0.14820945,0.0051542656,0.0,0.0,0.0,0.0,0,40.46
593412000,593412000,0.98792094,0.03664962,0.15051153,0.00493758,0.0,0.0,0.0,0.0,0,40.48
593432000,593432000,0.9875828,0.037262045,0.15257464,0.00467652,0.0,0.0,0.0,0.0,0,40.5
593452000,593452000,0.98727804,0.037814327,0.15440905,0.0043755756,0.0,0.0,0.0,0.0,0,40.52
593472000,593472000,0.9870066,0.03831107,0.15602241,0.004037426,0.0,0.0,0.0,0.0,0,40.54
593492000,593492000,0.9867679,0.038752977,0.15742631,0.0036651676,0.0,0.0,0.0,0.0,0,40.56
593512000,593512000,0.9865618,0.039147053,0.1586249,0.0032611666,0.0,0.0,0.0,0.0,0,40.58
593532000,593532000,0.98638934,0.039481536,0.15961963,0.0028306243,0.0,0.0,0.0,0.0,0,40.6
593552000,593552000,0.98625004,0.03976574,0.16041522,0.0023752735,0.0,0.0,0.0,0.0,0,40.62
593572000,593572000,0.98614264,0.039998762,0.16102256,0.0018989464,0.0,0.0,0.0,0.0,0,40.64
593592000,593592000,0.9860654,0.04018737,0.1614534,0.0014041053,0.0,0.0,0.0,0.0,0,40.66
593612000,593612000,0.98601794,0.04033307,0.16171016,0.0008939052,0.0,0.0,0.0,0.0,0,40.68
593632000,593632000,0.986,0.040437486,0.16179538,0.00037144296,0.0,0.0,0.0,0.0,0,40.7
593652000,593652000,0.98601115,0.040499628,0.16171235,-0.00015996548,0.0,0.0,0.0,0.0,0,40.72
593672000,593672000,0.9860512,0.04051354,0.16146302,-0.00069591496,0.0,0.0,0.0,0.0,0,40.74
593692000,593692000,0.9861193,0.040478304,0.16105258,-0.0012330269,0.0,0.0,0.0,0.0,0,40.76
593712000,593712000,0.9862133,0.040397353,0.16049077,-0.0017688872,0.0,0.0,0.0,0.0,0,40.78
593732000,593732000,0.98633116,0.040278964,0.15978797,-0.002301925,0.0,0.0,0.0,0.0,0,40.8
593752000,593752000,0.9864711,0.040125687,0.15895227,-0.0028289447,0.0,0.0,0.0,0.0,0,40.82
593772000,593772000,0.9866315,0.039941628,0.15798979,-0.0033475629,0.0,0.0,0.0,0.0,0,40.84
593792000,593792000,0.9868125,0.039718337,0.15690066,-0.0038539565,0.0,0.0,0.0,0.0,0,40.86
593812000,593812000,0.9870131,0.03946228,0.15568578,-0.004346924,0.0,0.0,0.0,0.0,0,40.88
593832000,593832000,0.9872326,0.039170045,0.15434813,-0.0048233885,0.0,0.0,0.0,0.0,0,40.9
593852000,593852000,0.98746645,0.03884303,0.1529131,-0.0052803233,0.0,0.0,0.0,0.0,0,40.92
593872000,593872000,0.98771507,0.038481016,0.15137552,-0.0057161767,0.0,0.0,0.0,0.0,0,40.94
593892000,593892000,0.9879781,0.038099147,0.1497305,-0.006131895,0.0,0.0,0.0,0.0,0,40.96
593912000,593912000,0.9882537,0.03769234,0.14798804,-0.00652489,0.0,0.0,0.0,0.0,0,40.98
593932000,593932000,0.98853934,0.037262008,0.14616135,-0.006893266,0.0,0.0,0.0,0.0,0,41.0
593952000,593952000,0.98883456,0.036797885,0.14425293,-0.007234298,0.0,0.0,0.0,0.0,0,41.02
593972000,593972000,0.9891389,0.036305457,0.14226139,-0.0075478954,0.0,0.0,0.0,0.0,0,41.04
593992000,593992000,0.98945045,0.035782248,0.14019686,-0.007832126,0.0,0.0,0.0,0.0,0,41.06
594012000,594012000,0.9897666,0.035239235,0.13807231,-0.008087332,0.0,0.0,0.0,0.0,0,41.08
594032000,594032000,0.99008787,0.034669444,0.13588235,-0.008312146,0.0,0.0,0.0,0.0,0,41.1
594052000,594052000,0.990413,0.034079798,0.13363165,-0.008506768,0.0,0.0,0.0,0.0,0,41.12
594072000,594072000,0.99073994,0.03346923,0.131332,-0.008670675,0.0,0.0,0.0,0.0,0,41.14
594092000,594092000,0.99106765,0.032848414,0.12898652,-0.008805284,0.0,0.0,0.0,0.0,0,41.16
594112000,594112000,0.99139655,0.03221008,0.12659025,-0.008909537,0.0,0.0,0.0,0.0,0,41.18
594132000,594132000,0.99172527,0.03156129,0.12414996,-0.008984263,0.0,0.0,0.0,0.0,0,41.2
594152000,594152000,0.99205315,0.030899422,0.121669024,-0.009029451,0.0,0.0,0.0,0.0,0,41.22
594172000,594172000,0.99237895,0.030235248,0.11915185,-0.009046685,0.0,0.0,0.0,0.0,0,41.24
594192000,594192000,0.9927028,0.02956048,0.116597004,-0.009035472,0.0,0.0,0.0,0.0,0,41.26
594212000,594212000,0.9930226,0.028886994,0.114016764,-0.0089974515,0.0,0.0,0.0,0.0,0,41.28
594232000,594232000,0.9933386,0.02820553,0.11141039,-0.008932351,0.0,0.0,0.0,0.0,0,41.3
594252000,594252000,0.9936492,0.02752889,0.10878615,-0.008842314,0.0,0.0,0.0,0.0,0,41.32
594272000,594272000,0.99395424,0.026849583,0.1061461,-0.008727265,0.0,0.0,0.0,0.0,0,41.34
594292000,594292000,0.9942533,0.0261791,0.10349079,-0.008589442,0.0,0.0,0.0,0.0,0,41.36
594312000,594312000,0.99454576,0.025504593,0.10082822,-0.008428372,0.0,0.0,0.0,0.0,0,41.38
594332000,594332000,0.99483085,0.024832085,0.09816323,-0.008245889,0.0,0.0,0.0,0.0,0,41.4
594352000,594352000,0.9951081,0.024154574,0.09550296,-0.00804225,0.0,0.0,0.0,0.0,0,41.42
594372000,594372000,0.99537694,0.0234798,0.09285168,-0.007819418,0.0,0.0,0.0,0.0,0,41.44
594392000,594392000,0.99563766,0.022801632,0.09020783,-0.0075780954,0.0,0.0,0.0,0.0,0,41.46
594412000,594412000,0.99589014,0.022127632,0.08757091,-0.007320321,0.0,0.0,0.0,0.0,0,41.48
594432000,594432000,0.9961343,0.02144757,0.08494668,-0.0070464457,0.0,0.0,0.0,0.0,0,41.5
594452000,594452000,0.9963705,0.020771803,0.082327604,-0.0067591993,0.0,0.0,0.0,0.0,0,41.52
594472000,594472000,0.9965981,0.020100452,0.07972146,-0.006459998,0.0,0.0,0.0,0.0,0,41.54
594492000,594492000,0.99681664,0.01944359,0.07713476,-0.006151028,0.0,0.0,0.0,0.0,0,41.56
594512000,594512000,0.99702615,0.018783318,0.07457331,-0.0058321566,0.0,0.0,0.0,0.0,0,41.58
594532000,594532000,0.99722594,0.018130517,0.07204512,-0.005505557,0.0,0.0,0.0,0.0,0,41.6
594552000,594552000,0.99741614,0.017480977,0.06955424,-0.0051721786,0.0,0.0,0.0,0.0,0,41.62
594572000,594572000,0.9975971,0.016846474,0.06709683,-0.0048344927,0.0,0.0,0.0,0.0,0,41.64
594592000,594592000,0.99776906,0.016218428,0.064674295,-0.004493365,0.0,0.0,0.0,0.0,0,41.66
594612000,594612000,0.99793226,0.015600913,0.062287305,-0.004150329,0.0,0.0,0.0,0.0,0,41.68
594632000,594632000,0.9980872,0.01498703,0.059932407,-0.0038063661,0.0,0.0,0.0,0.0,0,41.7
594652000,594652000,0.99823403,0.014387481,0.05760999,-0.0034636983,0.0,0.0,0.0,0.0,0,41.72
594672000,594672000,0.99837285,0.013794596,0.055324096,-0.0031230887,0.0,0.0,0.0,0.0,0,41.74
594692000,594692000,0.9985036,0.013211833,0.053078134,-0.0027861965,0.0,0.0,0.0,0.0,0,41.76
594712000,594712000,0.9986267,0.012625824,0.050876338,-0.002453439,0.0,0.0,0.0,0.0,0,41.78
594732000,594732000,0.9987424,0.012047345,0.048714492,-0.0021261778,0.0,0.0,0.0,0.0,0,41.8
594752000,594752000,0.9988507,0.011478695,0.046598412,-0.001805096,0.0,0.0,0.0,0.0,0,41.82
594772000,594772000,0.9989518,0.010932652,0.044527516,-0.0014918718,0.0,0.0,0.0,0.0,0,41.84
594792000,594792000,0.99904627,0.0104010105,0.042498395,-0.0011872207,0.0,0.0,0.0,0.0,0,41.86
594812000,594812000,0.99913394,0.0098797,0.04052241,-0.0008915595,0.0,0.0,0.0,0.0,0,41.88
594832000,594832000,0.9992151,0.009361812,0.03860301,-0.0006049782,0.0,0.0,0.0,0.0,0,41.9
594852000,594852000,0.9992902,0.0088575445,0.036736555,-0.00032851574,0.0,0.0,0.0,0.0,0,41.92
594872000,594872000,0.9993597,0.008365206,0.034917522,-6.277409e-05,0.0,0.0,0.0,0.0,0,41.94
594892000,594892000,0.9994238,0.007884477,0.03315075,0.00019180363,0.0,0.0,0.0,0.0,0,41.96
594912000,594912000,0.9994829,0.007413449,0.031430677,0.0004345161,0.0,0.0,0.0,0.0,0,41.98
594932000,594932000,0.9995373,0.0069562295,0.029757086,0.0006648232,0.0,0.0,0.0,0.0,0,42.0
594952000,594952000,0.9995872,0.0065095513,0.02813139,0.00088267936,0.0,0.0,0.0,0.0,0,42.02
594972000,594972000,0.9996325,0.006083764,0.026566738,0.0010877907,0.0,0.0,0.0,0.0,0,42.04
594992000,594992000,0.9996738,0.005678687,0.025050042,0.0012794046,0.0,0.0,0.0,0.0,0,42.06
595012000,595012000,0.99971145,0.0052953237,0.023578972,0.0014574605,0.0,0.0,0.0,0.0,0,42.08
595032000,595032000,0.9997455,0.0049284296,0.022161698,0.0016219859,0.0,0.0,0.0,0.0,0,42.1
595052000,595052000,0.99977607,0.004579194,0.020803347,0.0017729993,0.0,0.0,0.0,0.0,0,42.12
595072000,595072000,0.99980366,0.004241424,0.019496584,0.0019107122,0.0,0.0,0.0,0.0,0,42.14
595092000,595092000,0.99982864,0.0039051408,0.018232433,0.0020356255,0.0,0.0,0.0,0.0,0,42.16
595112000,595112000,0.9998511,0.003578543,0.017012892,0.0021473698,0.0,0.0,0.0,0.0,0,42.18
595132000,595132000,0.99987125,0.0032641618,0.015837666,0.0022466027,0.0,0.0,0.0,0.0,0,42.2
595152000,595152000,0.9998893,0.0029589166,0.014704748,0.0023336725,0.0,0.0,0.0,0.0,0,42.22
595172000,595172000,0.9999054,0.0026686213,0.013615723,0.0024086342,0.0,0.0,0.0,0.0,0,42.24
595192000,595192000,0.99991965,0.0024037901,0.012566832,0.0024716586,0.0,0.0,0.0,0.0,0,42.26
595212000,595212000,0.9999321,0.002160031,0.011567164,0.0025236767,0.0,0.0,0.0,0.0,0,42.28
595232000,595232000,0.999943,0.0019336671,0.010617093,0.002565096,0.0,0.0,0.0,0.0,0,42.3
595252000,595252000,0.99995255,0.0017169493,0.009712247,0.0025964594,0.0,0.0,0.0,0.0,0,42.32
595272000,595272000,0.99996084,0.0015070327,0.008846985,0.0026179836,0.0,0.0,0.0,0.0,0,42.34
595292000,595292000,0.9999681,0.0013023788,0.008018202,0.0026301208,0.0,0.0,0.0,0.0,0,42.36
595312000,595312000,0.9999744,0.0011127591,0.00721504,0.0026334417,0.0,0.0,0.0,0.0,0,42.38
595332000,595332000,0.99997985,0.00093299657,0.0064478116,0.0026287308,0.0,0.0,0.0,0.0,0,42.4
595352000,595352000,0.99998444,0.00076117116,0.005721445,0.0026166076,0.0,0.0,0.0,0.0,0,42.42
595372000,595372000,0.9999883,0.0006018589,0.0050404747,0.0025974966,0.0,0.0,0.0,0.0,0,42.44
595392000,595392000,0.9999915,0.0004581365,0.0044031735,0.0025713139,0.0,0.0,0.0,0.0,0,42.46
595412000,595412000,0.999994,0.00032959558,0.0038121506,0.002538725,0.0,0.0,0.0,0.0,0,42.48
595432000,595432000,0.99999607,0.0002166435,0.0032593808,0.0025006183,0.0,0.0,0.0,0.0,0,42.5
595452000,595452000,0.9999978,0.00012005409,0.0027334534,0.002457492,0.0,0.0,0.0,0.0,0,42.52
595472000,595472000,0.99999917,3.791296e-05,0.0022357593,0.0024089315,0.0,0.0,0.0,0.0,0,42.54
595492000,595492000,1.0000002,-3.0389523e-05,0.0017673743,0.0023557097,0.0,0.0,0.0,0.0,0,42.56
595512000,595512000,1.0000011,-8.984585e-05,0.0013306822,0.0022986534,0.0,0.0,0.0,0.0,0,42.58
595532000,595532000,1.0000015,-0.00014624384,0.0009296856,0.00223821,0.0,0.0,0.0,0.0,0,42.6
595552000,595552000,1.000002,-0.00019723704,0.0005638481,0.0021744973,0.0,0.0,0.0,0.0,0,42.62
595572000,595572000,1.0000023,-0.00024062644,0.00023052469,0.0021077546,0.0,0.0,0.0,0.0,0,42.64
595592000,595592000,1.0000024,-0.00027982044,-7.286944e-05,0.0020381983,0.0,0.0,0.0,0.0,0,42.66
595612000,595612000,1.0000025,-0.0003084774,-0.00034787477,0.0019663805,0.0,0.0,0.0,0.0,0,42.68
595632000,595632000,1.0000025,-0.00031818883,-0.00060531724,0.0018929244,0.0,0.0,0.0,0.0,0,42.7
595652000,595652000,1.0000025,-0.00031252948,-0.0008374878,0.0018186959,0.0,0.0,0.0,0.0,0,42.72
595672000,595672000,1.0000025,-0.00030018613,-0.0010376,0.0017441919,0.0,0.0,0.0,0.0,0,42.74
595692000,595692000,1.0000024,-0.00029023716,-0.0012103968,0.001669455,0.0,0.0,0.0,0.0,0,42.76
595712000,595712000,1.0000023,-0.00028551865,-0.001358387,0.0015947226,0.0,0.0,0.0,0.0,0,42.78
595732000,595732000,1.0000023,-0.00028356904,-0.0014800988,0.0015203108,0.0,0.0,0.0,0.0,0,42.8
595752000,595752000,1.0000021,-0.0002802075,-0.0015909298,0.0014463755,0.0,0.0,0.0,0.0,0,42.82
595772000,595772000,1.0000021,-0.00027390686,-0.0017027576,0.0013730769,0.0,0.0,0.0,0.0,0,42.84
595792000,595792000,1.000002,-0.00026650142,-0.0018027811,0.0013011285,0.0,0.0,0.0,0.0,0,42.86
595812000,595812000,1.000002,-0.00025751712,-0.0018788214,0.0012307058,0.0,0.0,0.0,0.0,0,42.88
595832000,595832000,1.0000019,-0.0002401852,-0.0019405757,0.0011617033,0.0,0.0,0.0,0.0,0,42.9
595852000,595852000,1.0000019,-0.00022972719,-0.0019919574,0.0010943362,0.0,0.0,0.0,0.0,0,42.92
595872000,595872000,1.0000019,-0.00023162468,-0.00202878,0.0010288645,0.0,0.0,0.0,0.0,0,42.94
595892000,595892000,1.0000019,-0.00022622787,-0.0020553323,0.00096579135,0.0,0.0,0.0,0.0,0,42.96
595912000,595912000,1.000002,-0.00021726408,-0.0020743003,0.0009050576,0.0,0.0,0.0,0.0,0,42.98
595932000,595932000,1.000002,-0.00020760894,-0.0020726568,0.0008468419,0.0,0.0,0.0,0.0,0,43.0
595952000,595952000,1.000002,-0.00020103648,-0.0020702293,0.0007915723,0.0,0.0,0.0,0.0,0,43.02
595972000,595972000,1.0000021,-0.00019583161,-0.0020747015,0.00073969614,0.0,0.0,0.0,0.0,0,43.04
595992000,595992000,1.0000021,-0.00019303556,-0.0020774598,0.0006909182,0.0,0.0,0.0,0.0,0,43.06
596012000,596012000,1.0000021,-0.00018964532,-0.0020669997,0.00064549915,0.0,0.0,0.0,0.0,0,43.08
596032000,596032000,1.0000023,-0.00018247361,-0.002052601,0.00060403446,0.0,0.0,0.0,0.0,0,43.1
596052000,596052000,1.0000023,-0.0001705984,-0.0020397801,0.0005664515,0.0,0.0,0.0,0.0,0,43.12
596072000,596072000,1.0000024,-0.00015946945,-0.0020251307,0.0005323696,0.0,0.0,0.0,0.0,0,43.14
596092000,596092000,1.0000024,-0.00015374746,-0.0020048518,0.0005017965,0.0,0.0,0.0,0.0,0,43.16
596112000,596112000,1.0000025,-0.00014288629,-0.0019898254,0.00047484183,0.0,0.0,0.0,0.0,0,43.18
596132000,596132000,1.0000025,-0.00012321999,-0.0019838305,0.0004513943,0.0,0.0,0.0,0.0,0,43.2
596152000,596152000,1.0000025,-0.0001067506,-0.0019748523,0.00043128495,0.0,0.0,0.0,0.0,0,43.22
596172000,596172000,1.0000025,-9.439693e-05,-0.0019619626,0.00041468508,0.0,0.0,0.0,0.0,0,43.24
596192000,596192000,1.0000025,-8.361145e-05,-0.001954383,0.0004008901,0.0,0.0,0.0,0.0,0,43.26
596212000,596212000,1.0000026,-6.675332e-05,-0.0019478888,0.0003893297,0.0,0.0,0.0,0.0,0,43.28
596232000,596232000,1.0000026,-5.2894262e-05,-0.0019406052,0.0003797569,0.0,0.0,0.0,0.0,0,43.3
596252000,596252000,1.0000026,-4.3396853e-05,-0.0019186967,0.0003719447,0.0,0.0,0.0,0.0,0,43.32
596272000,596272000,1.0000026,-3.749372e-05,-0.0019052405,0.0003660628,0.0,0.0,0.0,0.0,0,43.34
596292000,596292000,1.0000026,-2.2560585e-05,-0.0019041407,0.00036162086,0.0,0.0,0.0,0.0,0,43.36
596312000,596312000,1.0000027,-1.2880776e-06,-0.0018966218,0.00035844315,0.0,0.0,0.0,0.0,0,43.38
596332000,596332000,1.0000027,1.8816498e-05,-0.001891791,0.00035632084,0.0,0.0,0.0,0.0,0,43.4
596352000,596352000,1.0000027,3.589112e-05,-0.0018962469,0.00035480785,0.0,0.0,0.0,0.0,0,43.42
596372000,596372000,1.0000026,5.003208e-05,-0.0019087,0.0003536819,0.0,0.0,0.0,0.0,0,43.44
596392000,596392000,1.0000026,5.9021557e-05,-0.0019207573,0.000353127,0.0,0.0,0.0,0.0,0,43.46
596412000,596412000,1.0000026,6.0976967e-05,-0.0019292342,0.00035299273,0.0,0.0,0.0,0.0,0,43.48
596432000,596432000,1.0000026,5.9404876e-05,-0.0019382929,0.0003529898,0.0,0.0,0.0,0.0,0,43.5
596452000,596452000,1.0000026,5.7348338e-05,-0.0019452608,0.00035342705,0.0,0.0,0.0,0.0,0,43.52
596472000,596472000,1.0000026,5.351941e-05,-0.0019445394,0.00035419772,0.0,0.0,0.0,0.0,0,43.54
596492000,596492000,1.0000026,5.0348877e-05,-0.0019421981,0.0003552208,0.0,0.0,0.0,0.0,0,43.56
596512000,596512000,1.0000026,5.1145253e-05,-0.0019425374,0.00035640268,0.0,0.0,0.0,0.0,0,43.58
596532000,596532000,1.0000026,5.2189847e-05,-0.0019419912,0.00035798538,0.0,0.0,0.0,0.0,0,43.6
596552000,596552000,1.0000026,5.0129056e-05,-0.0019371808,0.0003597554,0.0,0.0,0.0,0.0,0,43.62
596572000,596572000,1.0000026,4.769781e-05,-0.0019307873,0.00036159402,0.0,0.0,0.0,0.0,0,43.64
596592000,596592000,1.0000026,4.623114e-05,-0.0019240689,0.0003634586,0.0,0.0,0.0,0.0,0,43.66
596612000,596612000,1.0000026,4.6282235e-05,-0.0019175318,0.0003653298,0.0,0.0,0.0,0.0,0,43.68
596632000,596632000,1.0000026,4.790732e-05,-0.0019111452,0.00036729866,0.0,0.0,0.0,0.0,0,43.7
596652000,596652000,1.0000027,4.3457894e-05,-0.0018972293,0.00036995873,0.0,0.0,0.0,0.0,0,43.72
596672000,596672000,1.0000027,3.154429e-05,-0.0018727322,0.00037294754,0.0,0.0,0.0,0.0,0,43.74
596692000,596692000,1.0000027,3.465858e-05,-0.0018458574,0.00037648037,0.0,0.0,0.0,0.0,0,43.76
596712000,596712000,1.0000029,5.638772e-05,-0.0018246982,0.00038087167,0.0,0.0,0.0,0.0,0,43.78
596732000,596732000,1.0000029,7.750393e-05,-0.0017962736,0.0003862705,0.0,0.0,0.0,0.0,0,43.8
596752000,596752000,1.000003,9.2529495e-05,-0.0017495599,0.0003920533,0.0,0.0,0.0,0.0,0,43.82
596772000,596772000,1.0000031,0.00010613244,-0.0016889381,0.00039797023,0.0,0.0,0.0,0.0,0,43.84
596792000,596792000,1.0000031,0.00012017396,-0.001621934,0.00040392682,0.0,0.0,0.0,0.0,0,43.86
596812000,596812000,1.0000032,0.00013489071,-0.001551231,0.00040989183,0.0,0.0,0.0,0.0,0,43.88
596832000,596832000,1.0000033,0.00015324657,-0.0014706351,0.00041563594,0.0,0.0,0.0,0.0,0,43.9
596852000,596852000,1.0000035,0.00017210934,-0.0013863631,0.00042087783,0.0,0.0,0.0,0.0,0,43.92
596872000,596872000,1.0000036,0.00018788483,-0.0012991485,0.00042537236,0.0,0.0,0.0,0.0,0,43.94
596892000,596892000,1.0000037,0.00021004527,-0.0012177549,0.00042947105,0.0,0.0,0.0,0.0,0,43.96
596912000,596912000,1.0000038,0.00023826712,-0.0011404549,0.00043329355,0.0,0.0,0.0,0.0,0,43.98
596932000,596932000,1.0000038,0.0002653422,-0.0010557222,0.0004363562,0.0,0.0,0.0,0.0,0,44.0
596952000,596952000,1.0000039,0.00029923167,-0.00096967415,0.00043886746,0.0,0.0,0.0,0.0,0,44.02
596972000,596972000,1.000004,0.00033359192,-0.00089663017,0.00044094343,0.0,0.0,0.0,0.0,0,44.04
596992000,596992000,1.000004,0.00036364104,-0.00081450056,0.00044266458,0.0,0.0,0.0,0.0,0,44.06
597012000,597012000,1.0000042,0.00039232877,-0.00072487217,0.000443866,0.0,0.0,0.0,0.0,0,44.08
597032000,597032000,1.0000042,0.00042141078,-0.0006420261,0.00044455857,0.0,0.0,0.0,0.0,0,44.1
597052000,597052000,1.0000042,0.00045376745,-0.0005520737,0.00044466255,0.0,0.0,0.0,0.0,0,44.12
597072000,597072000,1.0000042,0.0004927951,-0.00046261968,0.00044401782,0.0,0.0,0.0,0.0,0,44.14
597092000,597092000,1.0000043,0.0005383439,-0.0003710643,0.00044267974,0.0,0.0,0.0,0.0,0,44.16
597112000,597112000,1.0000043,0.00059317297,-0.00027230708,0.00044086308,0.0,0.0,0.0,0.0,0,44.18
597132000,597132000,1.0000042,0.0006538214,-0.00016910274,0.00043888154,0.0,0.0,0.0,0.0,0,44.2
597152000,597152000,1.0000042,0.0007176154,-6.33963e-05,0.00043683447,0.0,0.0,0.0,0.0,0,44.22
597172000,597172000,1.0000042,0.0007818397,4.2026033e-05,0.00043455418,0.0,0.0,0.0,0.0,0,44.24
597192000,597192000,1.000004,0.00084463414,0.00014571067,0.0004321954,0.0,0.0,0.0,0.0,0,44.26
597212000,597212000,1.000004,0.00090746616,0.00024912567,0.0004297547,0.0,0.0,0.0,0.0,0,44.28
597232000,597232000,1.0000039,0.00096627715,0.00035726375,0.00042695043,0.0,0.0,0.0,0.0,0,44.3
597252000,597252000,1.0000038,0.0010208789,0.0004710745,0.00042388967,0.0,0.0,0.0,0.0,0,44.32
597272000,597272000,1.0000037,0.0010694016,0.00059231225,0.00042052096,0.0,0.0,0.0,0.0,0,44.34
597292000,597292000,1.0000036,0.0011167616,0.0007164102,0.00041686217,0.0,0.0,0.0,0.0,0,44.36
597312000,597312000,1.0000035,0.0011578328,0.0008481135,0.0004124451,0.0,0.0,0.0,0.0,0,44.38
597332000,597332000,1.0000032,0.0011976742,0.0009826584,0.00040700857,0.0,0.0,0.0,0.0,0,44.4
597352000,597352000,1.0000031,0.0012430958,0.001110367,0.00040050194,0.0,0.0,0.0,0.0,0,44.42
597372000,597372000,1.0000029,0.0012955068,0.0012329696,0.0003925409,0.0,0.0,0.0,0.0,0,44.44
597392000,597392000,1.0000026,0.0013530833,0.0013553702,0.00038304256,0.0,0.0,0.0,0.0,0,44.46
597412000,597412000,1.0000024,0.0014065382,0.0014707923,0.00037236916,0.0,0.0,0.0,0.0,0,44.48
597432000,597432000,1.0000021,0.0014492964,0.001574216,0.00036071305,0.0,0.0,0.0,0.0,0,44.5
597452000,597452000,1.0000019,0.0014945887,0.0016791605,0.00034805023,0.0,0.0,0.0,0.0,0,44.52
597472000,597472000,1.0000017,0.0015461656,0.0017898597,0.00033464917,0.0,0.0,0.0,0.0,0,44.54
597492000,597492000,1.0000014,0.0015907729,0.0018928815,0.00032039947,0.0,0.0,0.0,0.0,0,44.56
597512000,597512000,1.0000012,0.001625674,0.0019852985,0.00030565832,0.0,0.0,0.0,0.0,0,44.58
597532000,597532000,1.0000011,0.0016554369,0.0020568208,0.00029088417,0.0,0.0,0.0,0.0,0,44.6
597552000,597552000,1.0000008,0.0016901967,0.0021151383,0.0002755798,0.0,0.0,0.0,0.0,0,44.62
597572000,597572000,1.0000007,0.0017257497,0.0021650912,0.00025951987,0.0,0.0,0.0,0.0,0,44.64
597592000,597592000,1.0000006,0.0017527058,0.002195705,0.00024330389,0.0,0.0,0.0,0.0,0,44.66
597612000,597612000,1.0000005,0.0017627287,0.002216,0.00022747877,0.0,0.0,0.0,0.0,0,44.68
597632000,597632000,1.0000005,0.0017587455,0.0022237557,0.00021188057,0.0,0.0,0.0,0.0,0,44.7
597652000,597652000,1.0000005,0.0017560959,0.0022354731,0.0001964442,0.0,0.0,0.0,0.0,0,44.72
597672000,597672000,1.0000005,0.0017553519,0.0022538635,0.00018113897,0.0,0.0,0.0,0.0,0,44.74
597692000,597692000,1.0000005,0.0017523981,0.0022543517,0.00016598351,0.0,0.0,0.0,0.0,0,44.76
597712000,597712000,1.0000005,0.0017376865,0.0022449032,0.00015095266,0.0,0.0,0.0,0.0,0,44.78
597732000,597732000,1.0000006,0.0017168099,0.0022450706,0.00013629468,0.0,0.0,0.0,0.0,0,44.8
597752000,597752000,1.0000006,0.0016940865,0.0022315674,0.00012182505,0.0,0.0,0.0,0.0,0,44.82
597772000,597772000,1.0000007,0.0016710754,0.0022091162,0.00010773952,0.0,0.0,0.0,0.0,0,44.84
597792000,597792000,1.0000008,0.0016501043,0.0021895717,9.423842e-05,0.0,0.0,0.0,0.0,0,44.86
597812000,597812000,1.0000008,0.0016360834,0.002164651,8.137404e-05,0.0,0.0,0.0,0.0,0,44.88
597832000,597832000,1.000001,0.0016201695,0.0021409725,6.922977e-05,0.0,0.0,0.0,0.0,0,44.9
597852000,597852000,1.0000011,0.0016000543,0.0021196513,5.7441423e-05,0.0,0.0,0.0,0.0,0,44.92
597872000,597872000,1.0000011,0.0015801897,0.0020957058,4.6024757e-05,0.0,0.0,0.0,0.0,0,44.94
597892000,597892000,1.0000012,0.0015595636,0.002069738,3.4999543e-05,0.0,0.0,0.0,0.0,0,44.96
597912000,597912000,1.0000013,0.0015361452,0.0020435834,2.4178655e-05,0.0,0.0,0.0,0.0,0,44.98
597932000,597932000,1.0000014,0.0015110394,0.0020159015,1.3488143e-05,0.0,0.0,0.0,0.0,0,45.0
597952000,597952000,1.0000014,0.0014846864,0.0019861117,2.8947136e-06,0.0,0.0,0.0,0.0,0,45.02
597972000,597972000,1.0000015,0.0014572985,0.001953824,-7.617048e-06,0.0,0.0,0.0,0.0,0,45.04
597992000,597992000,1.0000017,0.0014277572,0.001920014,-1.788888e-05,0.0,0.0,0.0,0.0,0,45.06
598012000,598012000,1.0000018,0.0013940957,0.0018865115,-2.7963932e-05,0.0,0.0,0.0,0.0,0,45.08
598032000,598032000,1.0000019,0.0013578542,0.0018516078,-3.7925984e-05,0.0,0.0,0.0,0.0,0,45.1
598052000,598052000,1.000002,0.0013199179,0.0018143299,-4.7801615e-05,0.0,0.0,0.0,0.0,0,45.12
598072000,598072000,1.0000021,0.0012805387,0.0017742247,-5.760271e-05,0.0,0.0,0.0,0.0,0,45.14
598092000,598092000,1.0000023,0.0012399488,0.0017310187,-6.7335095e-05,0.0,0.0,0.0,0.0,0,45.16
598112000,598112000,1.0000024,0.0011982817,0.0016847643,-7.710174e-05,0.0,0.0,0.0,0.0,0,45.18
598132000,598132000,1.0000025,0.0011605467,0.0016406507,-8.705934e-05,0.0,0.0,0.0,0.0,0,45.2
598152000,598152000,1.0000026,0.0011178375,0.0016052536,-9.6331816e-05,0.0,0.0,0.0,0.0,0,45.22
598172000,598172000,1.0000027,0.0010648789,0.001579198,-0.00010520756,0.0,0.0,0.0,0.0,0,45.24
598192000,598192000,1.0000029,0.0010096076,0.0015521242,-0.00011340847,0.0,0.0,0.0,0.0,0,45.26
598212000,598212000,1.000003,0.00096161716,0.0015203839,-0.000121109,0.0,0.0,0.0,0.0,0,45.28
598232000,598232000,1.000003,0.00091873744,0.0015045255,-0.00012838744,0.0,0.0,0.0,0.0,0,45.3
598252000,598252000,1.0000031,0.00088027917,0.0014811006,-0.0001354154,0.0,0.0,0.0,0.0,0,45.32
598272000,598272000,1.0000031,0.00083647197,0.0014430621,-0.00014218106,0.0,0.0,0.0,0.0,0,45.34
598292000,598292000,1.0000032,0.00079507433,0.0014118645,-0.00014825357,0.0,0.0,0.0,0.0,0,45.36
598312000,598312000,1.0000033,0.0007617756,0.0013879256,-0.00015371194,0.0,0.0,0.0,0.0,0,45.38
598332000,598332000,1.0000033,0.0007235721,0.0013567586,-0.00015865304,0.0,0.0,0.0,0.0,0,45.4
598352000,598352000,1.0000035,0.0006855562,0.0013231429,-0.00016315172,0.0,0.0,0.0,0.0,0,45.42
598372000,598372000,1.0000035,0.00064966804,0.0012888961,-0.00016756411,0.0,0.0,0.0,0.0,0,45.44
598392000,598392000,1.0000036,0.0006129498,0.0012510307,-0.0001719403,0.0,0.0,0.0,0.0,0,45.46
598412000,598412000,1.0000037,0.00057491433,0.0012089894,-0.00017628595,0.0,0.0,0.0,0.0,0,45.48
598432000,598432000,1.0000037,0.0005352776,0.0011624811,-0.0001806022,0.0,0.0,0.0,0.0,0,45.5
598452000,598452000,1.0000038,0.0004935667,0.0011121574,-0.00018477386,0.0,0.0,0.0,0.0,0,45.52
598472000,598472000,1.0000038,0.0004469724,0.0010604563,-0.00018876126,0.0,0.0,0.0,0.0,0,45.54
598492000,598492000,1.0000039,0.00039729648,0.0010058528,-0.00019260017,0.0,0.0,0.0,0.0,0,45.56
598512000,598512000,1.000004,0.00034819808,0.00094586133,-0.00019624204,0.0,0.0,0.0,0.0,0,45.58
598532000,598532000,1.000004,0.00030329695,0.0008951346,-0.00020031579,0.0,0.0,0.0,0.0,0,45.6
598552000,598552000,1.0000042,0.00025639715,0.000843385,-0.00020509658,0.0,0.0,0.0,0.0,0,45.62
598572000,598572000,1.0000042,0.0002035144,0.0007683857,-0.00021000703,0.0,0.0,0.0,0.0,0,45.64
598592000,598592000,1.0000043,0.00014373641,0.00068983494,-0.00021493358,0.0,0.0,0.0,0.0,0,45.66
598612000,598612000,1.0000043,8.289033e-05,0.00062730553,-0.00021994686,0.0,0.0,0.0,0.0,0,45.68
598632000,598632000,1.0000044,2.1538073e-05,0.00055811554,-0.00022507714,0.0,0.0,0.0,0.0,0,45.7
598652000,598652000,1.0000044,-4.795877e-05,0.0004814931,-0.0002305577,0.0,0.0,0.0,0.0,0,45.72
598672000,598672000,1.0000044,-0.00011537335,0.0004046199,-0.00023657693,0.0,0.0,0.0,0.0,0,45.74
598692000,598692000,1.0000044,-0.00017929063,0.00031751805,-0.00024272637,0.0,0.0,0.0,0.0,0,45.76
598712000,598712000,1.0000044,-0.00024229566,0.00024000752,-0.00024894398,0.0,0.0,0.0,0.0,0,45.78
598732000,598732000,1.0000044,-0.000309827,0.00016667634,-0.00025550902,0.0,0.0,0.0,0.0,0,45.8
598752000,598752000,1.0000044,-0.00038424914,8.841057e-05,-0.0002625348,0.0,0.0,0.0,0.0,0,45.82
598772000,598772000,1.0000044,-0.00046302358,4.9542114e-06,-0.00027004618,0.0,0.0,0.0,0.0,0,45.84
598792000,598792000,1.0000044,-0.0005383869,-7.239013e-05,-0.00027807173,0.0,0.0,0.0,0.0,0,45.86
598812000,598812000,1.0000043,-0.00060961075,-0.00014352243,-0.00028652337,0.0,0.0,0.0,0.0,0,45.88
598832000,598832000,1.0000043,-0.0006837366,-0.00021511392,-0.0002949468,0.0,0.0,0.0,0.0,0,45.9
598852000,598852000,1.0000042,-0.00076207076,-0.00028745562,-0.00030333275,0.0,0.0,0.0,0.0,0,45.92
598872000,598872000,1.000004,-0.00084296486,-0.00036283024,-0.00031166864,0.0,0.0,0.0,0.0,0,45.94
598892000,598892000,1.0000039,-0.000926347,-0.00044142225,-0.0003198364,0.0,0.0,0.0,0.0,0,45.96
598912000,598912000,1.0000038,-0.0010143616,-0.00052116864,-0.00032780177,0.0,0.0,0.0,0.0,0,45.98
598932000,598932000,1.0000037,-0.0011053226,-0.00060329196,-0.00033573693,0.0,0.0,0.0,0.0,0,46.0
598952000,598952000,1.0000036,-0.0011930519,-0.00068398047,-0.00034397162,0.0,0.0,0.0,0.0,0,46.02
598972000,598972000,1.0000033,-0.0012715586,-0.00075429503,-0.00035245463,0.0,0.0,0.0,0.0,0,46.04
598992000,598992000,1.0000032,-0.001355017,-0.0008124947,-0.00036087708,0.0,0.0,0.0,0.0,0,46.06
599012000,599012000,1.0000031,-0.0014424727,-0.0008648534,-0.00036922502,0.0,0.0,0.0,0.0,0,46.08
599032000,599032000,1.0000029,-0.0015251902,-0.00091288664,-0.00037756012,0.0,0.0,0.0,0.0,0,46.1
599052000,599052000,1.0000027,-0.0016048166,-0.0009577356,-0.00038598574,0.0,0.0,0.0,0.0,0,46.12
599072000,599072000,1.0000025,-0.0016839266,-0.0009994151,-0.0003942044,0.0,0.0,0.0,0.0,0,46.14
599092000,599092000,1.0000024,-0.0017593657,-0.0010292408,-0.00040213513,0.0,0.0,0.0,0.0,0,46.16
599112000,599112000,1.0000023,-0.0018301823,-0.0010561243,-0.00041028555,0.0,0.0,0.0,0.0,0,46.18
599132000,599132000,1.000002,-0.0018917507,-0.0010922228,-0.00041867996,0.0,0.0,0.0,0.0,0,46.2
599152000,599152000,1.0000019,-0.0019485186,-0.001122501,-0.00042713646,0.0,0.0,0.0,0.0,0,46.22
599172000,599172000,1.0000018,-0.002000731,-0.0011492757,-0.00043551793,0.0,0.0,0.0,0.0,0,46.24
599192000,599192000,1.0000017,-0.0020494696,-0.0011778944,-0.00044395373,0.0,0.0,0.0,0.0,0,46.26
599212000,599212000,1.0000015,-0.00209309,-0.0012136691,-0.00045240752,0.0,0.0,0.0,0.0,0,46.28
599232000,599232000,1.0000014,-0.002128178,-0.0012480334,-0.0004602809,0.0,0.0,0.0,0.0,0,46.3
599252000,599252000,1.0000013,-0.002156388,-0.0012796242,-0.00046795793,0.0,0.0,0.0,0.0,0,46.32
599272000,599272000,1.0000012,-0.0021816578,-0.0013118265,-0.00047548185,0.0,0.0,0.0,0.0,0,46.34
599292000,599292000,1.0000011,-0.0022049858,-0.0013471791,-0.0004830323,0.0,0.0,0.0,0.0,0,46.36
599312000,599312000,1.000001,-0.002226922,-0.0013864696,-0.00049052545,0.0,0.0,0.0,0.0,0,46.38
599332000,599332000,1.0000008,-0.0022484562,-0.0014290545,-0.0004979755,0.0,0.0,0.0,0.0,0,46.4
599352000,599352000,1.0000008,-0.002261617,-0.0014667449,-0.0005056079,0.0,0.0,0.0,0.0,0,46.42
599372000,599372000,1.0000007,-0.0022622528,-0.0014952346,-0.00051359663,0.0,0.0,0.0,0.0,0,46.44
599392000,599392000,1.0000007,-0.002253033,-0.0015172611,-0.0005218326,0.0,0.0,0.0,0.0,0,46.46
599412000,599412000,1.0000008,-0.002237964,-0.0014401029,-0.0005303627,0.0,0.0,0.0,0.0,0,46.48
599432000,599432000,0.99999887,-0.002213615,0.002493705,-0.00054873823,0.0,0.0,0.0,0.0,0,46.5
599452000,599452000,0.9999288,-0.002170501,0.01210165,-0.000582037,0.0,0.0,0.0,0.0,0,46.52
599472000,599472000,0.99974006,-0.0021436817,0.022889696,-0.00062109565,0.0,0.0,0.0,0.0,0,46.54
599492000,599492000,0.99945384,-0.0021203842,0.033108108,-0.00066303933,0.0,0.0,0.0,0.0,0,46.56
599512000,599512000,0.9990584,-0.0020791502,0.043434247,-0.0007111655,0.0,0.0,0.0,0.0,0,46.58
599532000,599532000,0.9985578,-0.00206437,0.053726893,-0.00076419086,0.0,0.0,0.0,0.0,0,46.6
599552000,599552000,0.99799013,-0.0020467744,0.063402906,-0.0008220692,0.0,0.0,0.0,0.0,0,46.62
599572000,599572000,0.9973897,-0.0020235472,0.07223588,-0.0008850463,0.0,0.0,0.0,0.0,0,46.64
599592000,599592000,0.996773,-0.0020100425,0.080297686,-0.00095162966,0.0,0.0,0.0,0.0,0,46.66
599612000,599612000,0.99615145,-0.0019812149,0.0876724,-0.001024069,0.0,0.0,0.0,0.0,0,46.68
599632000,599632000,0.995541,-0.0019467275,0.09435197,-0.0011015721,0.0,0.0,0.0,0.0,0,46.7
599652000,599652000,0.9949538,-0.0019118502,0.10035415,-0.0011832862,0.0,0.0,0.0,0.0,0,46.72
599672000,599672000,0.9943936,-0.0018640078,0.10576092,-0.0012704226,0.0,0.0,0.0,0.0,0,46.74
599692000,599692000,0.9938651,-0.0018136326,0.110617414,-0.0013615877,0.0,0.0,0.0,0.0,0,46.76
599712000,599712000,0.99337095,-0.0017612168,0.11496947,-0.0014559951,0.0,0.0,0.0,0.0,0,46.78
599732000,599732000,0.9929115,-0.0017009552,0.11887185,-0.0015544163,0.0,0.0,0.0,0.0,0,46.8
599752000,599752000,0.99248683,-0.0016385561,0.12236629,-0.0016553795,0.0,0.0,0.0,0.0,0,46.82
599772000,599772000,0.9920974,-0.0015781486,0.12548438,-0.001757811,0.0,0.0,0.0,0.0,0,46.84
599792000,599792000,0.99174184,-0.0015082806,0.12826343,-0.00186291,0.0,0.0,0.0,0.0,0,46.86
599812000,599812000,0.99141,-0.001431214,0.13080266,-0.0019699703,0.0,0.0,0.0,0.0,0,46.88
599832000,599832000,0.99098927,-0.0013112776,0.13395241,-0.0020852564,0.0,0.0,0.0,0.0,0,46.9
599852000,599852000,0.9902681,-0.0010901858,0.13918348,-0.0022179917,0.0,0.0,0.0,0.0,0,46.92
599872000,599872000,0.98912376,-0.00073268457,0.14709568,-0.0023740602,0.0,0.0,0.0,0.0,0,46.94
599892000,599892000,0.98760194,-0.00023638419,0.15698695,-0.002555664,0.0,0.0,0.0,0.0,0,46.96
599912000,599912000,0.9858736,0.00032353282,0.16749537,-0.0027522736,0.0,0.0,0.0,0.0,0,46.98
599932000,599932000,0.98411566,0.0009402396,0.17752682,-0.002964236,0.0,0.0,0.0,0.0,0,47.0
599952000,599952000,0.98245966,0.0015552756,0.18646608,-0.0031833332,0.0,0.0,0.0,0.0,0,47.02
599972000,599972000,0.9809778,0.0021532602,0.1941017,-0.003407529,0.0,0.0,0.0,0.0,0,47.04
599992000,599992000,0.97970414,0.0027213383,0.20042017,-0.0036347017,0.0,0.0,0.0,0.0,0,47.06
600012000,600012000,0.9786581,0.0032380125,0.20545585,-0.0038604452,0.0,0.0,0.0,0.0,0,47.08
600032000,600032000,0.97784907,0.0037188248,0.2092602,-0.0040874234,0.0,0.0,0.0,0.0,0,47.1
600052000,600052000,0.9772809,0.004158074,0.21188502,-0.0043135975,0.0,0.0,0.0,0.0,0,47.12
600072000,600072000,0.9769484,0.004560748,0.21340002,-0.0045391866,0.0,0.0,0.0,0.0,0,47.14
600092000,600092000,0.97684157,0.004924938,0.21387538,-0.00476252,0.0,0.0,0.0,0.0,0,47.16
600112000,600112000,0.9769479,0.0052560037,0.2133764,-0.0049835746,0.0,0.0,0.0,0.0,0,47.18
600132000,600132000,0.97725284,0.005560681,0.2119624,-0.00520274,0.0,0.0,0.0,0.0,0,47.2
600152000,600152000,0.9777384,0.0058382954,0.20969822,-0.00541838,0.0,0.0,0.0,0.0,0,47.22
600172000,600172000,0.9783866,0.0060941656,0.20663965,-0.0056301225,0.0,0.0,0.0,0.0,0,47.24
600192000,600192000,0.9791778,0.0063159545,0.20284505,-0.0058335755,0.0,0.0,0.0,0.0,0,47.26
600212000,600212000,0.980091,0.006516083,0.19837317,-0.0060298364,0.0,0.0,0.0,0.0,0,47.28
600232000,600232000,0.9811069,0.006685804,0.19327462,-0.0062155556,0.0,0.0,0.0,0.0,0,47.3
600252000,600252000,0.9822035,0.0068373224,0.18761088,-0.0063915253,0.0,0.0,0.0,0.0,0,47.32
600272000,600272000,0.9833641,0.006969348,0.18141823,-0.0065561202,0.0,0.0,0.0,0.0,0,47.34
600292000,600292000,0.98456925,0.0070917537,0.17474881,-0.0067096013,0.0,0.0,0.0,0.0,0,47.36
600312000,600312000,0.98580295,0.0071961167,0.16763929,-0.0068494454,0.0,0.0,0.0,0.0,0,47.38
600332000,600332000,0.98704594,0.0072890557,0.1601486,-0.006975826,0.0,0.0,0.0,0.0,0,47.4
600352000,600352000,0.9882857,0.0073682857,0.15230188,-0.0070875203,0.0,0.0,0.0,0.0,0,47.42
600372000,600372000,0.98950577,0.0074371467,0.1441543,-0.0071841376,0.0,0.0,0.0,0.0,0,47.44
600392000,600392000,0.99069405,0.0074939695,0.13574037,-0.0072649457,0.0,0.0,0.0,0.0,0,47.46
600412000,600412000,0.99183357,0.007536332,0.1271407,-0.0073287254,0.0,0.0,0.0,0.0,0,47.48
600432000,600432000,0.99291414,0.007570828,0.11840146,-0.007375717,0.0,0.0,0.0,0.0,0,47.5
600452000,600452000,0.99392384,0.0075912834,0.10959952,-0.007404354,0.0,0.0,0.0,0.0,0,47.52
600472000,600472000,0.99485767,0.0076151853,0.10076885,-0.0074164136,0.0,0.0,0.0,0.0,0,47.54
600492000,600492000,0.9957105,0.0076255384,0.091959804,-0.007409988,0.0,0.0,0.0,0.0,0,47.56
600512000,600512000,0.99647987,0.0076492527,0.083210185,-0.0073873163,0.0,0.0,0.0,0.0,0,47.58
600532000,600532000,0.9971669,0.0076628947,0.07452931,-0.0073464094,0.0,0.0,0.0,0.0,0,47.6
600552000,600552000,0.99777204,0.0076816287,0.06593863,-0.0072887903,0.0,0.0,0.0,0.0,0,47.62
600572000,600572000,0.99829733,0.0076910076,0.057448342,-0.0072135907,0.0,0.0,0.0,0.0,0,47.64
600592000,600592000,0.99874353,0.0076947357,0.049097218,-0.0071214605,0.0,0.0,0.0,0.0,0,47.66
600612000,600612000,0.9991147,0.0077021034,0.04087091,-0.007013552,0.0,0.0,0.0,0.0,0,47.68
600632000,600632000,0.99941343,0.0076830965,0.03279393,-0.0068890383,0.0,0.0,0.0,0.0,0,47.7
600652000,600652000,0.9996432,0.0076637096,0.024864739,-0.006749644,0.0,0.0,0.0,0.0,0,47.72
600672000,600672000,0.9998076,0.007615571,0.017099995,-0.006595185,0.0,0.0,0.0,0.0,0,47.74
600692000,600692000,0.99991006,0.007563264,0.00951278,-0.0064269304,0.0,0.0,0.0,0.0,0,47.76
600712000,600712000,0.9999547,0.0075041004,0.0020859968,-0.006245876,0.0,0.0,0.0,0.0,0,47.78
600732000,600732000,0.9999454,0.0074268584,-0.0051491307,-0.0060530854,0.0,0.0,0.0,0.0,0,47.8
600752000,600752000,0.99988604,0.00734916,-0.012199068,-0.005849165,0.0,0.0,0.0,0.0,0,47.82
600772000,600772000,0.999781,0.0072419923,-0.019047754,-0.0056354324,0.0,0.0,0.0,0.0,0,47.84
600792000,600792000,0.9996339,0.007135968,-0.025708383,-0.0054125385,0.0,0.0,0.0,0.0,0,47.86
600812000,600812000,0.9994488,0.006999851,-0.032177873,-0.0051820865,0.0,0.0,0.0,0.0,0,47.88
600832000,600832000,0.9992296,0.0068484643,-0.038443748,-0.0049444633,0.0,0.0,0.0,0.0,0,47.9
600852000,600852000,0.99898,0.0066817417,-0.044512954,-0.0047007566,0.0,0.0,0.0,0.0,0,47.92
600872000,600872000,0.9987045,0.0064926655,-0.050363578,-0.0044521494,0.0,0.0,0.0,0.0,0,47.94
600892000,600892000,0.998406,0.0063048364,-0.05601046,-0.0041985144,0.0,0.0,0.0,0.0,0,47.96
600912000,600912000,0.9980891,0.006091851,-0.061437868,-0.0039420854,0.0,0.0,0.0,0.0,0,47.98
600932000,600932000,0.9977561,0.00588268,-0.06666037,-0.0036823468,0.0,0.0,0.0,0.0,0,48.0
600952000,600952000,0.9974114,0.0056479457,-0.07166649,-0.003422569,0.0,0.0,0.0,0.0,0,48.02
600972000,600972000,0.9970583,0.0054062447,-0.07645088,-0.0031619384,0.0,0.0,0.0,0.0,0,48.04
600992000,600992000,0.9966991,0.0051528993,-0.08102494,-0.0029018144,0.0,0.0,0.0,0.0,0,48.06
601012000,601012000,0.9963377,0.0048823883,-0.08537847,-0.0026440963,0.0,0.0,0.0,0.0,0,48.08
601032000,601032000,0.99597687,0.0046078186,-0.089510866,-0.0023884154,0.0,0.0,0.0,0.0,0,48.1
601052000,601052000,0.9956197,0.0043173465,-0.09342023,-0.0021368838,0.0,0.0,0.0,0.0,0,48.12
601072000,601072000,0.9952666,0.004027368,-0.09712713,-0.001888717,0.0,0.0,0.0,0.0,0,48.14
601092000,601092000,0.99492085,0.0037172649,-0.100623526,-0.0016464553,0.0,0.0,0.0,0.0,0,48.16
601112000,601112000,0.99458426,0.0034106753,-0.103911825,-0.0014086739,0.0,0.0,0.0,0.0,0,48.18
601132000,601132000,0.99425924,0.0030897192,-0.106989264,-0.0011781844,0.0,0.0,0.0,0.0,0,48.2
601152000,601152000,0.99394715,0.0027698348,-0.1098618,-0.0009537168,0.0,0.0,0.0,0.0,0,48.22
601172000,601172000,0.9936497,0.0024519202,-0.1125289,-0.0007358894,0.0,0.0,0.0,0.0,0,48.24
601192000,601192000,0.993369,0.0021326924,-0.11498868,-0.00052576023,0.0,0.0,0.0,0.0,0,48.26
601212000,601212000,0.9931044,0.0018126398,-0.11725768,-0.0003235834,0.0,0.0,0.0,0.0,0,48.28
601232000,601232000,0.99285656,0.0014889976,-0.11934263,-0.00013042332,0.0,0.0,0.0,0.0,0,48.3
601252000,601252000,0.992628,0.001165803,-0.12123315,5.3354324e-05,0.0,0.0,0.0,0.0,0,48.32
601272000,601272000,0.9924185,0.00083260477,-0.122938305,0.00022585322,0.0,0.0,0.0,0.0,0,48.34
601292000,601292000,0.9922272,0.0005053802,-0.12447429,0.00038870363,0.0,0.0,0.0,0.0,0,48.36
601312000,601312000,0.9920555,0.0001822053,-0.12583625,0.00054154266,0.0,0.0,0.0,0.0,0,48.38
601332000,601332000,0.99190366,-0.00012682595,-0.12702657,0.000685165,0.0,0.0,0.0,0.0,0,48.4
601352000,601352000,0.99177164,-0.000428465,-0.12805176,0.00081843743,0.0,0.0,0.0,0.0,0,48.42
601372000,601372000,0.9916579,-0.0007205135,-0.12892745,0.0009415411,0.0,0.0,0.0,0.0,0,48.44
601392000,601392000,0.99156326,-0.0010082914,-0.12965074,0.0010535214,0.0,0.0,0.0,0.0,0,48.46
601412000,601412000,0.9914889,-0.001285679,-0.1302151,0.0011548435,0.0,0.0,0.0,0.0,0,48.48
601432000,601432000,0.9914328,-0.0015565025,-0.13063753,0.0012449884,0.0,0.0,0.0,0.0,0,48.5
601452000,601452000,0.99139357,-0.0018146426,-0.13093051,0.0013250533,0.0,0.0,0.0,0.0,0,48.52
601472000,601472000,0.9913733,-0.0020553982,-0.13107972,0.001395437,0.0,0.0,0.0,0.0,0,48.54
601492000,601492000,0.9913705,-0.0022875976,-0.13109648,0.001455132,0.0,0.0,0.0,0.0,0,48.56
601512000,601512000,0.99138397,-0.0025182809,-0.13098958,0.001502964,0.0,0.0,0.0,0.0,0,48.58
601532000,601532000,0.9914155,-0.002737006,-0.13074589,0.0015405418,0.0,0.0,0.0,0.0,0,48.6
601552000,601552000,0.9914633,-0.0029427677,-0.13037847,0.0015684032,0.0,0.0,0.0,0.0,0,48.62
601572000,601572000,0.99152577,-0.0031350765,-0.12989749,0.0015869202,0.0,0.0,0.0,0.0,0,48.64
601592000,601592000,0.9916026,-0.0033121125,-0.12930514,0.0015963945,0.0,0.0,0.0,0.0,0,48.66
601612000,601612000,0.9916938,-0.003472703,-0.12859984,0.0015971566,0.0,0.0,0.0,0.0,0,48.68
601632000,601632000,0.9917992,-0.0036225396,-0.1277807,0.0015889858,0.0,0.0,0.0,0.0,0,48.7
601652000,601652000,0.99191606,-0.0037573064,-0.12686642,0.001573086,0.0,0.0,0.0,0.0,0,48.72
601672000,601672000,0.9920437,-0.0038837697,-0.12586083,0.0015485832,0.0,0.0,0.0,0.0,0,48.74
601692000,601692000,0.9921824,-0.004001541,-0.12475939,0.0015158167,0.0,0.0,0.0,0.0,0,48.76
601712000,601712000,0.99233156,-0.004113518,-0.12356401,0.0014747392,0.0,0.0,0.0,0.0,0,48.78
601732000,601732000,0.99248856,-0.004208908,-0.12229415,0.0014272548,0.0,0.0,0.0,0.0,0,48.8
601752000,601752000,0.9926538,-0.0042972197,-0.12094311,0.0013726038,0.0,0.0,0.0,0.0,0,48.82
601772000,601772000,0.9928271,-0.004370832,-0.119509734,0.0013121426,0.0,0.0,0.0,0.0,0,48.84
601792000,601792000,0.99300706,-0.004438304,-0.11800364,0.0012455573,0.0,0.0,0.0,0.0,0,48.86
601812000,601812000,0.9931912,-0.004496649,-0.11644233,0.001173471,0.0,0.0,0.0,0.0,0,48.88
601832000,601832000,0.9933809,-0.0045516044,-0.11481076,0.0010955904,0.0,0.0,0.0,0.0,0,48.9
601852000,601852000,0.9935752,-0.004598793,-0.11311616,0.0010124266,0.0,0.0,0.0,0.0,0,48.92
601872000,601872000,0.9937733,-0.004644038,-0.11136146,0.0009242188,0.0,0.0,0.0,0.0,0,48.94
601892000,601892000,0.9939738,-0.004679841,-0.10955637,0.00083269697,0.0,0.0,0.0,0.0,0,48.96
601912000,601912000,0.9941759,-0.004706208,-0.10770655,0.00073831104,0.0,0.0,0.0,0.0,0,48.98
601932000,601932000,0.99437845,-0.004727638,-0.105820075,0.00064080703,0.0,0.0,0.0,0.0,0,49.0
601952000,601952000,0.99458283,-0.0047407076,-0.10388149,0.0005406664,0.0,0.0,0.0,0.0,0,49.02
601972000,601972000,0.99478775,-0.004745528,-0.101900674,0.00043818293,0.0,0.0,0.0,0.0,0,49.04
601992000,601992000,0.9949915,-0.004742134,-0.09989202,0.00033367542,0.0,0.0,0.0,0.0,0,49.06
602012000,602012000,0.9951937,-0.004731171,-0.09785748,0.00022749213,0.0,0.0,0.0,0.0,0,49.08
602032000,602032000,0.9953954,-0.004707135,-0.09578538,0.000120819226,0.0,0.0,0.0,0.0,0,49.1
602052000,602052000,0.99559546,-0.0046795276,-0.09368531,1.3127858e-05,0.0,0.0,0.0,0.0,0,49.12
602072000,602072000,0.995793,-0.004644295,-0.09156354,-9.49466e-05,0.0,0.0,0.0,0.0,0,49.14
602092000,602092000,0.99598706,-0.00460625,-0.089429505,-0.00020358896,0.0,0.0,0.0,0.0,0,49.16
602112000,602112000,0.99617785,-0.0045612897,-0.0872804,-0.0003122579,0.0,0.0,0.0,0.0,0,49.18
602132000,602132000,0.99636453,-0.004515093,-0.085124604,-0.00042076252,0.0,0.0,0.0,0.0,0,49.2
602152000,602152000,0.99654657,-0.0044668666,-0.08296874,-0.00052876404,0.0,0.0,0.0,0.0,0,49.22
602172000,602172000,0.9967244,-0.004423626,-0.080805555,-0.0006368247,0.0,0.0,0.0,0.0,0,49.24
602192000,602192000,0.9968976,-0.00437055,-0.07864295,-0.000743363,0.0,0.0,0.0,0.0,0,49.26
602212000,602212000,0.99706554,-0.0043142443,-0.07648562,-0.0008487723,0.0,0.0,0.0,0.0,0,49.28
602232000,602232000,0.9972288,-0.004247591,-0.07432941,-0.00095221505,0.0,0.0,0.0,0.0,0,49.3
602252000,602252000,0.99738663,-0.004178779,-0.07218368,-0.0010542115,0.0,0.0,0.0,0.0,0,49.32
602272000,602272000,0.9975381,-0.0041043316,-0.07006173,-0.001154485,0.0,0.0,0.0,0.0,0,49.34
602292000,602292000,0.99768364,-0.004032471,-0.067960255,-0.0012534914,0.0,0.0,0.0,0.0,0,49.36
602312000,602312000,0.9978243,-0.0039619645,-0.06586515,-0.0013508082,0.0,0.0,0.0,0.0,0,49.38
602332000,602332000,0.9979599,-0.0038971195,-0.06377949,-0.0014459642,0.0,0.0,0.0,0.0,0,49.4
602352000,602352000,0.9980897,-0.0038312187,-0.06171719,-0.0015382258,0.0,0.0,0.0,0.0,0,49.42
602372000,602372000,0.9982145,-0.0037707554,-0.05966594,-0.0016280214,0.0,0.0,0.0,0.0,0,49.44
602392000,602392000,0.99833435,-0.0037093235,-0.057627622,-0.001715107,0.0,0.0,0.0,0.0,0,49.46
602412000,602412000,0.99844897,-0.0036593897,-0.055607308,-0.0018002177,0.0,0.0,0.0,0.0,0,49.48
602432000,602432000,0.99855757,-0.0036185984,-0.053621676,-0.0018829458,0.0,0.0,0.0,0.0,0,49.5
602452000,602452000,0.99866104,-0.0035685364,-0.051659077,-0.0019620718,0.0,0.0,0.0,0.0,0,49.52
602472000,602472000,0.9987591,-0.00351656,-0.049728252,-0.00203805,0.0,0.0,0.0,0.0,0,49.54
602492000,602492000,0.9988517,-0.0034709221,-0.04783087,-0.0021115595,0.0,0.0,0.0,0.0,0,49.56
602512000,602512000,0.9989392,-0.0034290832,-0.045967694,-0.002182451,0.0,0.0,0.0,0.0,0,49.58
602532000,602532000,0.9990222,-0.0033906533,-0.04412772,-0.0022509343,0.0,0.0,0.0,0.0,0,49.6
602552000,602552000,0.99910074,-0.0033502975,-0.042311154,-0.0023168267,0.0,0.0,0.0,0.0,0,49.62
602572000,602572000,0.99917495,-0.003306995,-0.040520668,-0.002379696,0.0,0.0,0.0,0.0,0,49.64
602592000,602592000,0.99924445,-0.0032507891,-0.038769778,-0.0024390535,0.0,0.0,0.0,0.0,0,49.66
602612000,602612000,0.9993095,-0.0031832221,-0.03705741,-0.0024952532,0.0,0.0,0.0,0.0,0,49.68
602632000,602632000,0.9993702,-0.0031191157,-0.035384115,-0.0025492471,0.0,0.0,0.0,0.0,0,49.7
602652000,602652000,0.9994269,-0.0030549436,-0.033747517,-0.0026006908,0.0,0.0,0.0,0.0,0,49.72
602672000,602672000,0.9994798,-0.0029879673,-0.032146305,-0.002649481,0.0,0.0,0.0,0.0,0,49.74
602692000,602692000,0.99952894,-0.0029178418,-0.03058079,-0.0026959036,0.0,0.0,0.0,0.0,0,49.76
602712000,602712000,0.99957454,-0.00285108,-0.029054541,-0.0027404134,0.0,0.0,0.0,0.0,0,49.78
602732000,602732000,0.9996167,-0.002778437,-0.02757071,-0.0027827055,0.0,0.0,0.0,0.0,0,49.8
602752000,602752000,0.99965554,-0.0027075333,-0.02612654,-0.0028229111,0.0,0.0,0.0,0.0,0,49.82
602772000,602772000,0.9996914,-0.0026352354,-0.024718286,-0.0028608995,0.0,0.0,0.0,0.0,0,49.84
602792000,602792000,0.9997245,-0.0025653355,-0.023346432,-0.0028968311,0.0,0.0,0.0,0.0,0,49.86
602812000,602812000,0.99975485,-0.0024912653,-0.0220113,-0.0029306777,0.0,0.0,0.0,0.0,0,49.88
602832000,602832000,0.9997826,-0.002413552,-0.020716159,-0.0029622123,0.0,0.0,0.0,0.0,0,49.9
602852000,602852000,0.99980813,-0.002329663,-0.019454429,-0.0029917043,0.0,0.0,0.0,0.0,0,49.92
602872000,602872000,0.9998316,-0.0022367605,-0.018214518,-0.0030195473,0.0,0.0,0.0,0.0,0,49.94
602892000,602892000,0.99985296,-0.0021226967,-0.017011538,-0.003045403,0.0,0.0,0.0,0.0,0,49.96
602912000,602912000,0.999872,-0.0020016467,-0.015863055,-0.0030694455,0.0,0.0,0.0,0.0,0,49.98
602932000,602932000,0.9998891,-0.0018717077,-0.01476185,-0.0030924517,0.0,0.0,0.0,0.0,0,50.0
602952000,602952000,0.9999044,-0.0017377536,-0.01369484,-0.0031148177,0.0,0.0,0.0,0.0,0,50.02
602972000,602972000,0.9999182,-0.0015987644,-0.012659948,-0.0031366872,0.0,0.0,0.0,0.0,0,50.04
602992000,602992000,0.99993056,-0.0014577031,-0.011659355,-0.0031573821,0.0,0.0,0.0,0.0,0,50.06
603012000,603012000,0.99994135,-0.0013059528,-0.010704187,-0.0031766698,0.0,0.0,0.0,0.0,0,50.08
603032000,603032000,0.9999509,-0.0011475122,-0.009787494,-0.0031945133,0.0,0.0,0.0,0.0,0,50.1
603052000,603052000,0.99995935,-0.0009961661,-0.008890847,-0.0032110882,0.0,0.0,0.0,0.0,0,50.12
603072000,603072000,0.99996674,-0.0008596029,-0.008027931,-0.0032267855,0.0,0.0,0.0,0.0,0,50.14
603092000,603092000,0.999973,-0.0007338425,-0.00721911,-0.0032417641,0.0,0.0,0.0,0.0,0,50.16
603112000,603112000,0.99997824,-0.00062247104,-0.006455049,-0.0032557973,0.0,0.0,0.0,0.0,0,50.18
603132000,603132000,0.99998266,-0.00052271533,-0.005725426,-0.0032690675,0.0,0.0,0.0,0.0,0,50.2
603152000,603152000,0.99998647,-0.00043063212,-0.0050228788,-0.0032817142,0.0,0.0,0.0,0.0,0,50.22
603172000,603172000,0.99998957,-0.00033712527,-0.004359182,-0.003293369,0.0,0.0,0.0,0.0,0,50.24
603192000,603192000,0.99999213,-0.00024189195,-0.0037271788,-0.0033045567,0.0,0.0,0.0,0.0,0,50.26
603212000,603212000,0.99999416,-0.00014221409,-0.0031306525,-0.003314741,0.0,0.0,0.0,0.0,0,50.28
603232000,603232000,0.9999957,-3.545827e-05,-0.0025669495,-0.0033244505,0.0,0.0,0.0,0.0,0,50.3
603252000,603252000,0.9999969,7.4527336e-05,-0.002034707,-0.003333829,0.0,0.0,0.0,0.0,0,50.32
603272000,603272000,0.9999978,0.00017710747,-0.0015346557,-0.0033426075,0.0,0.0,0.0,0.0,0,50.34
603292000,603292000,0.99999833,0.00025875703,-0.0010610812,-0.003350525,0.0,0.0,0.0,0.0,0,50.36
603312000,603312000,0.9999987,0.00032490867,-0.00062294956,-0.0033575979,0.0,0.0,0.0,0.0,0,50.38
603332000,603332000,0.9999988,0.00038779553,-0.000218158,-0.0033641574,0.0,0.0,0.0,0.0,0,50.4
603352000,603352000,0.99999875,0.00044690724,0.00016248769,-0.0033701428,0.0,0.0,0.0,0.0,0,50.42
603372000,603372000,0.9999986,0.0004925488,0.0005121201,-0.0033756106,0.0,0.0,0.0,0.0,0,50.44
603392000,603392000,0.99999833,0.0005308783,0.00083743857,-0.0033809824,0.0,0.0,0.0,0.0,0,50.46
603412000,603412000,0.99999803,0.0005687111,0.0011375687,-0.003385869,0.0,0.0,0.0,0.0,0,50.48
603432000,603432000,0.9999976,0.00060259586,0.0014186183,-0.0033900137,0.0,0.0,0.0,0.0,0,50.5
603452000,603452000,0.9999972,0.00062731124,0.001688209,-0.003393998,0.0,0.0,0.0,0.0,0,50.52
603472000,603472000,0.99999666,0.00065178605,0.0019474032,-0.003398125,0.0,0.0,0.0,0.0,0,50.54
603492000,603492000,0.9999961,0.00067651394,0.002187084,-0.0034023952,0.0,0.0,0.0,0.0,0,50.56
603512000,603512000,0.99999565,0.00069117744,0.0024001028,-0.0034068068,0.0,0.0,0.0,0.0,0,50.58
603532000,603532000,0.9999951,0.00069322845,0.0026082117,-0.0034116288,0.0,0.0,0.0,0.0,0,50.6
603552000,603552000,0.9999946,0.0006886256,0.0028029357,-0.0034169517,0.0,0.0,0.0,0.0,0,50.62
603572000,603572000,0.99999404,0.00068564265,0.0029722757,-0.0034224638,0.0,0.0,0.0,0.0,0,50.64
603592000,603592000,0.99999356,0.0006835532,0.003121275,-0.003428216,0.0,0.0,0.0,0.0,0,50.66
603612000,603612000,0.9999931,0.0006935421,0.0032642316,-0.003434654,0.0,0.0,0.0,0.0,0,50.68
603632000,603632000,0.9999926,0.0007055761,0.0034065305,-0.0034413226,0.0,0.0,0.0,0.0,0,50.7
603652000,603652000,0.9999921,0.00070557604,0.0035442228,-0.0034489871,0.0,0.0,0.0,0.0,0,50.72
603672000,603672000,0.9999916,0.0006943518,0.0036690964,-0.003457917,0.0,0.0,0.0,0.0,0,50.74
603692000,603692000,0.9999912,0.00066781975,0.0037860062,-0.003467518,0.0,0.0,0.0,0.0,0,50.76
603712000,603712000,0.99999076,0.00063790655,0.003886446,-0.0034773005,0.0,0.0,0.0,0.0,0,50.78
603732000,603732000,0.9999904,0.000606128,0.003967229,-0.0034872917,0.0,0.0,0.0,0.0,0,50.8
603752000,603752000,0.9999901,0.00057685364,0.0040388913,-0.0034978131,0.0,0.0,0.0,0.0,0,50.82
603772000,603772000,0.9999898,0.00056000863,0.0041127284,-0.0035089506,0.0,0.0,0.0,0.0,0,50.84
603792000,603792000,0.99998945,0.0005523178,0.004178979,-0.003520537,0.0,0.0,0.0,0.0,0,50.86
603812000,603812000,0.9999892,0.00054995436,0.004230994,-0.0035325598,0.0,0.0,0.0,0.0,0,50.88
603832000,603832000,0.999989,0.00055832765,0.0042746505,-0.0035452729,0.0,0.0,0.0,0.0,0,50.9
603852000,603852000,0.99998873,0.00057169667,0.0043225205,-0.0035582874,0.0,0.0,0.0,0.0,0,50.92
603872000,603872000,0.99998844,0.00058736687,0.0043685893,-0.003571451,0.0,0.0,0.0,0.0,0,50.94
603892000,603892000,0.99998826,0.00060303404,0.0044005583,-0.0035847076,0.0,0.0,0.0,0.0,0,50.96
603912000,603912000,0.99998814,0.00062269287,0.004421402,-0.0035983974,0.0,0.0,0.0,0.0,0,50.98
603932000,603932000,0.99998796,0.00064701744,0.004438009,-0.0036122843,0.0,0.0,0.0,0.0,0,51.0
603952000,603952000,0.99998784,0.0006727905,0.0044534625,-0.003626434,0.0,0.0,0.0,0.0,0,51.02
603972000,603972000,0.9999877,0.0006918641,0.0044646165,-0.0036408424,0.0,0.0,0.0,0.0,0,51.04
603992000,603992000,0.99998766,0.00069546,0.004463735,-0.0036555878,0.0,0.0,0.0,0.0,0,51.06
604012000,604012000,0.99998766,0.0006932582,0.0044591664,-0.0036708028,0.0,0.0,0.0,0.0,0,51.08
604032000,604032000,0.9999876,0.00069304206,0.0044540497,-0.0036865948,0.0,0.0,0.0,0.0,0,51.1
604052000,604052000,0.9999876,0.00068799854,0.0044346936,-0.0037031379,0.0,0.0,0.0,0.0,0,51.12
604072000,604072000,0.9999877,0.0006721511,0.0044007706,-0.0037200032,0.0,0.0,0.0,0.0,0,51.14
604092000,604092000,0.99998784,0.0006492969,0.0043690517,-0.0037368694,0.0,0.0,0.0,0.0,0,51.16
604112000,604112000,0.9999879,0.00062159,0.0043453495,-0.0037536258,0.0,0.0,0.0,0.0,0,51.18
604132000,604132000,0.9999879,0.0005924803,0.004322305,-0.0037701332,0.0,0.0,0.0,0.0,0,51.2
604152000,604152000,0.9999881,0.0005610418,0.00428122,-0.0037866149,0.0,0.0,0.0,0.0,0,51.22
604172000,604172000,0.99998826,0.0005279967,0.00422736,-0.0038026865,0.0,0.0,0.0,0.0,0,51.24
604192000,604192000,0.99998844,0.0004982887,0.0041678054,-0.0038184142,0.0,0.0,0.0,0.0,0,51.26
604212000,604212000,0.9999887,0.00047286312,0.004104955,-0.0038337049,0.0,0.0,0.0,0.0,0,51.28
604232000,604232000,0.99998885,0.0004548331,0.0040411814,-0.0038491678,0.0,0.0,0.0,0.0,0,51.3
604252000,604252000,0.9999891,0.00042903284,0.003973412,-0.0038644706,0.0,0.0,0.0,0.0,0,51.32
604272000,604272000,0.99998933,0.00040112462,0.0039037855,-0.0038793646,0.0,0.0,0.0,0.0,0,51.34
604292000,604292000,0.9999895,0.00037350596,0.0038438588,-0.0038941237,0.0,0.0,0.0,0.0,0,51.36
604312000,604312000,0.9999897,0.00034580188,0.0037902612,-0.0039089555,0.0,0.0,0.0,0.0,0,51.38
604332000,604332000,0.9999898,0.00031981795,0.0037350259,-0.0039240196,0.0,0.0,0.0,0.0,0,51.4
604352000,604352000,0.9999899,0.00029151794,0.0036920349,-0.0039392854,0.0,0.0,0.0,0.0,0,51.42
604372000,604372000,0.99999005,0.00026317005,0.00364653,-0.0039545293,0.0,0.0,0.0,0.0,0,51.44
604392000,604392000,0.99999017,0.00023139072,0.0035967648,-0.0039695567,0.0,0.0,0.0,0.0,0,51.46
604412000,604412000,0.9999903,0.00019936089,0.0035439148,-0.003984864,0.0,0.0,0.0,0.0,0,51.48
604432000,604432000,0.99999046,0.00017180813,0.0034900277,-0.0040002805,0.0,0.0,0.0,0.0,0,51.5
604452000,604452000,0.9999906,0.000142884,0.003438462,-0.004015494,0.0,0.0,0.0,0.0,0,51.52
604472000,604472000,0.9999907,0.0001110923,0.0033871622,-0.004030566,0.0,0.0,0.0,0.0,0,51.54
604492000,604492000,0.9999908,7.435449e-05,0.0033378159,-0.0040453267,0.0,0.0,0.0,0.0,0,51.56
604512000,604512000,0.99999094,3.5603214e-05,0.0032818166,-0.0040601445,0.0,0.0,0.0,0.0,0,51.58
604532000,604532000,0.99999106,-2.9744479e-06,0.003221346,-0.0040749516,0.0,0.0,0.0,0.0,0,51.6
604552000,604552000,0.9999912,-4.3790013e-05,0.0031612224,-0.004089488,0.0,0.0,0.0,0.0,0,51.62
604572000,604572000,0.9999913,-8.833823e-05,0.0031020571,-0.0041040434,0.0,0.0,0.0,0.0,0,51.64
604592000,604592000,0.9999914,-0.00012694621,0.0030394008,-0.0041191606,0.0,0.0,0.0,0.0,0,51.66
604612000,604612000,0.9999916,-0.00015929142,0.0029741065,-0.004134579,0.0,0.0,0.0,0.0,0,51.68
604632000,604632000,0.9999917,-0.00019186888,0.0029091004,-0.004150124,0.0,0.0,0.0,0.0,0,51.7
604652000,604652000,0.99999183,-0.00022500107,0.0028372165,-0.004165576,0.0,0.0,0.0,0.0,0,51.72
604672000,604672000,0.99999195,-0.0002628315,0.0027638339,-0.004180599,0.0,0.0,0.0,0.0,0,51.74
604692000,604692000,0.9999921,-0.00030253938,0.002684935,-0.0041959127,0.0,0.0,0.0,0.0,0,51.76
604712000,604712000,0.99999225,-0.00033731118,0.002602226,-0.004211389,0.0,0.0,0.0,0.0,0,51.78
604732000,604732000,0.9999924,-0.00037690782,0.0025276057,-0.0042272317,0.0,0.0,0.0,0.0,0,51.8
604752000,604752000,0.99999243,-0.00042380948,0.002469187,-0.0042432784,0.0,0.0,0.0,0.0,0,51.82
604772000,604772000,0.9999925,-0.00047291163,0.0024041862,-0.004259268,0.0,0.0,0.0,0.0,0,51.84
604792000,604792000,0.9999926,-0.00051991246,0.0023201308,-0.004275277,0.0,0.0,0.0,0.0,0,51.86
604812000,604812000,0.99999267,-0.0005569203,0.0022385197,-0.0042913402,0.0,0.0,0.0,0.0,0,51.88
604832000,604832000,0.9999927,-0.0005978618,0.0021715711,-0.0043072654,0.0,0.0,0.0,0.0,0,51.9
604852000,604852000,0.9999928,-0.00064027106,0.0020995757,-0.004322912,0.0,0.0,0.0,0.0,0,51.92
604872000,604872000,0.99999285,-0.00066754996,0.002026779,-0.004338616,0.0,0.0,0.0,0.0,0,51.94
604892000,604892000,0.9999929,-0.00068603025,0.0019569611,-0.0043541742,0.0,0.0,0.0,0.0,0,51.96
604912000,604912000,0.99999297,-0.0006998196,0.0018825744,-0.0043698093,0.0,0.0,0.0,0.0,0,51.98
604932000,604932000,0.999993,-0.0007189986,0.0018047185,-0.004385707,0.0,0.0,0.0,0.0,0,52.0
604952000,604952000,0.9999931,-0.00073295756,0.0017423492,-0.004401705,0.0,0.0,0.0,0.0,0,52.02
604972000,604972000,0.99999315,-0.0007320054,0.0016781517,-0.0044176867,0.0,0.0,0.0,0.0,0,52.04
604992000,604992000,0.9999932,-0.00072487333,0.0015978115,-0.0044334973,0.0,0.0,0.0,0.0,0,52.06
605012000,605012000,0.9999932,-0.0007136464,0.0015291099,-0.004449285,0.0,0.0,0.0,0.0,0,52.08
605032000,605032000,0.99999326,-0.00069142284,0.0014707152,-0.0044649695,0.0,0.0,0.0,0.0,0,52.1
605052000,605052000,0.9999933,-0.0006653338,0.0014009118,-0.004480641,0.0,0.0,0.0,0.0,0,52.12
605072000,605072000,0.9999934,-0.0006385553,0.0013295966,-0.004495938,0.0,0.0,0.0,0.0,0,52.14
605092000,605092000,0.9999934,-0.00061080616,0.0012643988,-0.0045103566,0.0,0.0,0.0,0.0,0,52.16
605112000,605112000,0.99999344,-0.0005750001,0.001195555,-0.0045242026,0.0,0.0,0.0,0.0,0,52.18
605132000,605132000,0.9999935,-0.00053500116,0.0011261053,-0.004537781,0.0,0.0,0.0,0.0,0,52.2
605152000,605152000,0.9999935,-0.0004947383,0.0010593106,-0.004551029,0.0,0.0,0.0,0.0,0,52.22
605172000,605172000,0.99999356,-0.00045357598,0.0009949034,-0.004563606,0.0,0.0,0.0,0.0,0,52.24
605192000,605192000,0.99999356,-0.00039954684,0.0009323935,-0.0045756353,0.0,0.0,0.0,0.0,0,52.26
605212000,605212000,0.99999356,-0.0003411723,0.00088484696,-0.0045874226,0.0,0.0,0.0,0.0,0,52.28
605232000,605232000,0.99999356,-0.000284457,0.0008368657,-0.004598464,0.0,0.0,0.0,0.0,0,52.3
605252000,605252000,0.9999936,-0.00022664733,0.0007814186,-0.0046089888,0.0,0.0,0.0,0.0,0,52.32
605272000,605272000,0.9999936,-0.00016554075,0.00073707575,-0.0046194415,0.0,0.0,0.0,0.0,0,52.34
605292000,605292000,0.99999356,-9.2855924e-05,0.00069507083,-0.004629932,0.0,0.0,0.0,0.0,0,52.36
605312000,605312000,0.99999356,-1.5465399e-05,0.00063466904,-0.004640398,0.0,0.0,0.0,0.0,0,52.38
605332000,605332000,0.99999356,6.163945e-05,0.00057510176,-0.0046506748,0.0,0.0,0.0,0.0,0,52.4
605352000,605352000,0.99999356,0.00013885279,0.0005378524,-0.0046609896,0.0,0.0,0.0,0.0,0,52.42
605372000,605372000,0.9999935,0.00021729963,0.0004973839,-0.004671232,0.0,0.0,0.0,0.0,0,52.44
605392000,605392000,0.99999344,0.0002955622,0.00044586588,-0.0046809837,0.0,0.0,0.0,0.0,0,52.46
605412000,605412000,0.9999934,0.0003657588,0.00039985243,-0.0046902928,0.0,0.0,0.0,0.0,0,52.48
605432000,605432000,0.9999934,0.0004282981,0.00035252643,-0.0046990323,0.0,0.0,0.0,0.0,0,52.5
605452000,605452000,0.9999933,0.00048581528,0.0003120166,-0.004707685,0.0,0.0,0.0,0.0,0,52.52
605472000,605472000,0.99999326,0.0005413839,0.00028424565,-0.0047160233,0.0,0.0,0.0,0.0,0,52.54
605492000,605492000,0.9999932,0.00059415586,0.0002602335,-0.0047236197,0.0,0.0,0.0,0.0,0,52.56
605512000,605512000,0.99999315,0.00065968774,0.0002291505,-0.0047307108,0.0,0.0,0.0,0.0,0,52.58
605532000,605532000,0.999993,0.0007412722,0.00020727923,-0.004737333,0.0,0.0,0.0,0.0,0,52.6
605552000,605552000,0.99999297,0.00082524744,0.00018707663,-0.0047439183,0.0,0.0,0.0,0.0,0,52.62
605572000,605572000,0.99999285,0.0008932114,0.00016547767,-0.004750675,0.0,0.0,0.0,0.0,0,52.64
605592000,605592000,0.9999928,0.0009514554,0.00015597606,-0.0047576088,0.0,0.0,0.0,0.0,0,52.66
605612000,605612000,0.99999267,0.0010029749,0.00014050987,-0.004764822,0.0,0.0,0.0,0.0,0,52.68
605632000,605632000,0.9999926,0.0010614835,0.0001191063,-0.004772237,0.0,0.0,0.0,0.0,0,52.7
605652000,605652000,0.9999925,0.0011234215,0.000112351976,-0.0047795493,0.0,0.0,0.0,0.0,0,52.72
605672000,605672000,0.99999243,0.0011729387,0.00011109403,-0.0047865384,0.0,0.0,0.0,0.0,0,52.74
605692000,605692000,0.9999923,0.0012122311,0.00010524214,-0.004793443,0.0,0.0,0.0,0.0,0,52.76
605712000,605712000,0.99999225,0.0012468479,0.000106613414,-0.0048003267,0.0,0.0,0.0,0.0,0,52.78
605732000,605732000,0.9999922,0.0012796335,0.00011212257,-0.004807159,0.0,0.0,0.0,0.0,0,52.8
605752000,605752000,0.9999921,0.0013112995,0.00012028003,-0.004813941,0.0,0.0,0.0,0.0,0,52.82
605772000,605772000,0.999992,0.001340363,0.00013228288,-0.0048208516,0.0,0.0,0.0,0.0,0,52.84
605792000,605792000,0.99999195,0.0013660869,0.00014879838,-0.004827744,0.0,0.0,0.0,0.0,0,52.86
605812000,605812000,0.9999919,0.0013901384,0.00016803948,-0.004834588,0.0,0.0,0.0,0.0,0,52.88
605832000,605832000,0.99999183,0.0014121203,0.00019030721,-0.0048412047,0.0,0.0,0.0,0.0,0,52.9
605852000,605852000,0.9999918,0.0014269473,0.00022068524,-0.0048474553,0.0,0.0,0.0,0.0,0,52.92
605872000,605872000,0.9999917,0.0014352738,0.00025834845,-0.004853309,0.0,0.0,0.0,0.0,0,52.94
605892000,605892000,0.99999166,0.0014366512,0.00030698857,-0.0048591415,0.0,0.0,0.0,0.0,0,52.96
605912000,605912000,0.99999166,0.0014295598,0.00035430756,-0.0048653823,0.0,0.0,0.0,0.0,0,52.98
605932000,605932000,0.9999916,0.0014200619,0.00038915494,-0.004871962,0.0,0.0,0.0,0.0,0,53.0
605952000,605952000,0.99999154,0.0014101366,0.00043487494,-0.0048789564,0.0,0.0,0.0,0.0,0,53.02
605972000,605972000,0.99999154,0.0013987215,0.00048688488,-0.0048866356,0.0,0.0,0.0,0.0,0,53.04
605992000,605992000,0.9999915,0.0013897024,0.00053170364,-0.0048946002,0.0,0.0,0.0,0.0,0,53.06
606012000,606012000,0.9999914,0.0013776846,0.0005734079,-0.0049029575,0.0,0.0,0.0,0.0,0,53.08
606032000,606032000,0.99999136,0.0013585621,0.0006190907,-0.0049116802,0.0,0.0,0.0,0.0,0,53.1
606052000,606052000,0.99999136,0.0013416405,0.0006560626,-0.004920537,0.0,0.0,0.0,0.0,0,53.12
606072000,606072000,0.9999913,0.001322162,0.0006833201,-0.004929277,0.0,0.0,0.0,0.0,0,53.14
606092000,606092000,0.99999124,0.0013004798,0.0007091191,-0.0049379747,0.0,0.0,0.0,0.0,0,53.16
606112000,606112000,0.99999124,0.0012768205,0.0007317081,-0.00494648,0.0,0.0,0.0,0.0,0,53.18
606132000,606132000,0.99999124,0.0012454471,0.0007467014,-0.0049546934,0.0,0.0,0.0,0.0,0,53.2
606152000,606152000,0.99999124,0.0012068029,0.000760968,-0.0049628234,0.0,0.0,0.0,0.0,0,53.22
606172000,606172000,0.99999124,0.0011582336,0.00077449105,-0.004971272,0.0,0.0,0.0,0.0,0,53.24
606192000,606192000,0.99999124,0.0011139946,0.0007797555,-0.0049803434,0.0,0.0,0.0,0.0,0,53.26
606212000,606212000,0.99999124,0.0010719689,0.00077856425,-0.0049899705,0.0,0.0,0.0,0.0,0,53.28
606232000,606232000,0.99999124,0.0010188131,0.00078661204,-0.0050003133,0.0,0.0,0.0,0.0,0,53.3
606252000,606252000,0.99999124,0.0009620142,0.0007961289,-0.0050112302,0.0,0.0,0.0,0.0,0,53.32
606272000,606272000,0.99999124,0.0009066231,0.0007923376,-0.0050224764,0.0,0.0,0.0,0.0,0,53.34
606292000,606292000,0.99999124,0.0008465985,0.00078549504,-0.0050342707,0.0,0.0,0.0,0.0,0,53.36
606312000,606312000,0.99999124,0.00078522234,0.00077490637,-0.0050467327,0.0,0.0,0.0,0.0,0,53.38
606332000,606332000,0.9999912,0.0007134126,0.0007732176,-0.0050599356,0.0,0.0,0.0,0.0,0,53.4
606352000,606352000,0.9999912,0.0006341804,0.00077580736,-0.0050735064,0.0,0.0,0.0,0.0,0,53.42
606372000,606372000,0.9999912,0.00055414473,0.00076228066,-0.0050876066,0.0,0.0,0.0,0.0,0,53.44
606392000,606392000,0.9999912,0.00047827692,0.00073821156,-0.005102234,0.0,0.0,0.0,0.0,0,53.46
606412000,606412000,0.9999911,0.0004090182,0.0007240388,-0.005117104,0.0,0.0,0.0,0.0,0,53.48
606432000,606432000,0.99999106,0.00033579255,0.000720158,-0.005132584,0.0,0.0,0.0,0.0,0,53.5
606452000,606452000,0.999991,0.0002600921,0.0007006103,-0.0051482623,0.0,0.0,0.0,0.0,0,53.52
606472000,606472000,0.999991,0.0001879951,0.00067382905,-0.0051643266,0.0,0.0,0.0,0.0,0,53.54
606492000,606492000,0.9999909,0.00011403835,0.00065807084,-0.0051805847,0.0,0.0,0.0,0.0,0,53.56
606512000,606512000,0.9999908,4.5412697e-05,0.0006408324,-0.005197213,0.0,0.0,0.0,0.0,0,53.58
606532000,606532000,0.99999076,-2.4023575e-05,0.00062246283,-0.005214161,0.0,0.0,0.0,0.0,0,53.6
606552000,606552000,0.9999907,-9.711876e-05,0.00061060104,-0.0052311285,0.0,0.0,0.0,0.0,0,53.62
606572000,606572000,0.9999906,-0.00016064114,0.0005940307,-0.005248213,0.0,0.0,0.0,0.0,0,53.64
606592000,606592000,0.9999905,-0.0002175527,0.0005676227,-0.0052649328,0.0,0.0,0.0,0.0,0,53.66
606612000,606612000,0.9999904,-0.00027847308,0.0005528087,-0.0052814125,0.0,0.0,0.0,0.0,0,53.68
606632000,606632000,0.9999903,-0.00034757366,0.00054462673,-0.0052977493,0.0,0.0,0.0,0.0,0,53.7
606652000,606652000,0.9999902,-0.0004171786,0.00052505796,-0.005313632,0.0,0.0,0.0,0.0,0,53.72
606672000,606672000,0.9999901,-0.000485845,0.00050170143,-0.0053294557,0.0,0.0,0.0,0.0,0,53.74
606692000,606692000,0.99999,-0.00055062247,0.00048669137,-0.005345397,0.0,0.0,0.0,0.0,0,53.76
606712000,606712000,0.99998987,-0.00061315246,0.00047595814,-0.0053611235,0.0,0.0,0.0,0.0,0,53.78
606732000,606732000,0.99998975,-0.0006706024,0.00046197767,-0.0053764703,0.0,0.0,0.0,0.0,0,53.8
606752000,606752000,0.9999896,-0.0007257011,0.00044554815,-0.0053915624,0.0,0.0,0.0,0.0,0,53.82
606772000,606772000,0.99998957,-0.000778211,0.00042548886,-0.005406344,0.0,0.0,0.0,0.0,0,53.84
606792000,606792000,0.99998945,-0.0008299314,0.00040324693,-0.005420953,0.0,0.0,0.0,0.0,0,53.86
606812000,606812000,0.99998933,-0.00088246685,0.00038030732,-0.0054354304,0.0,0.0,0.0,0.0,0,53.88
606832000,606832000,0.9999892,-0.0009364008,0.0003571788,-0.0054497947,0.0,0.0,0.0,0.0,0,53.9
606852000,606852000,0.9999891,-0.0009920618,0.0003342557,-0.005464054,0.0,0.0,0.0,0.0,0,53.92
606872000,606872000,0.999989,-0.0010483344,0.00030862863,-0.005478436,0.0,0.0,0.0,0.0,0,53.94
606892000,606892000,0.99998885,-0.0010980247,0.00027297763,-0.0054932223,0.0,0.0,0.0,0.0,0,53.96
606912000,606912000,0.99998873,-0.0011406514,0.00023481585,-0.0055076014,0.0,0.0,0.0,0.0,0,53.98
606932000,606932000,0.9999886,-0.0011800551,0.00019536652,-0.0055217664,0.0,0.0,0.0,0.0,0,54.0
606952000,606952000,0.9999885,-0.0012140517,0.0001453206,-0.005535891,0.0,0.0,0.0,0.0,0,54.02
606972000,606972000,0.9999884,-0.0012411935,8.828306e-05,-0.0055498215,0.0,0.0,0.0,0.0,0,54.04
606992000,606992000,0.99998826,-0.0012614479,2.7209106e-05,-0.0055634496,0.0,0.0,0.0,0.0,0,54.06
607012000,607012000,0.9999882,-0.001276986,-3.1491967e-05,-0.005576765,0.0,0.0,0.0,0.0,0,54.08
607032000,607032000,0.9999881,-0.0012893804,-8.8218236e-05,-0.005589433,0.0,0.0,0.0,0.0,0,54.1
607052000,607052000,0.999988,-0.0012964704,-0.00014075203,-0.005601692,0.0,0.0,0.0,0.0,0,54.12
607072000,607072000,0.99998796,-0.0012942262,-0.00019809777,-0.005614042,0.0,0.0,0.0,0.0,0,54.14
607092000,607092000,0.99998784,-0.0012904601,-0.0002638806,-0.005626348,0.0,0.0,0.0,0.0,0,54.16
607112000,607112000,0.9999878,-0.0012834634,-0.0003360445,-0.0056385146,0.0,0.0,0.0,0.0,0,54.18
607132000,607132000,0.9999877,-0.0012681097,-0.0004027527,-0.0056501105,0.0,0.0,0.0,0.0,0,54.2
607152000,607152000,0.99998766,-0.001247475,-0.0004650776,-0.0056616673,0.0,0.0,0.0,0.0,0,54.22
607172000,607172000,0.99998754,-0.0012256266,-0.0005268899,-0.005673129,0.0,0.0,0.0,0.0,0,54.24
607192000,607192000,0.9999875,-0.0011972454,-0.00059533183,-0.005684175,0.0,0.0,0.0,0.0,0,54.26
607212000,607212000,0.9999874,-0.001160366,-0.00067256915,-0.005694917,0.0,0.0,0.0,0.0,0,54.28
607232000,607232000,0.99998736,-0.0011201372,-0.0007534376,-0.0057053813,0.0,0.0,0.0,0.0,0,54.3
607252000,607252000,0.9999873,-0.0010760006,-0.00083839236,-0.0057155495,0.0,0.0,0.0,0.0,0,54.32
607272000,607272000,0.9999872,-0.0010343178,-0.00091757183,-0.00572518,0.0,0.0,0.0,0.0,0,54.34
607292000,607292000,0.9999871,-0.0009959633,-0.0009882157,-0.0057344,0.0,0.0,0.0,0.0,0,54.36
607312000,607312000,0.99998707,-0.0009537327,-0.001066732,-0.005743123,0.0,0.0,0.0,0.0,0,54.38
607332000,607332000,0.99998695,-0.00090171833,-0.0011394239,-0.0057514473,0.0,0.0,0.0,0.0,0,54.4
607352000,607352000,0.9999869,-0.00084760226,-0.0012092772,-0.0057596164,0.0,0.0,0.0,0.0,0,54.42
607372000,607372000,0.9999873,-0.00032856673,-0.001071437,-0.005769446,0.0,0.0,0.0,0.0,0,54.44
607392000,607392000,0.9999817,0.0034441543,0.0005038279,-0.005793851,0.0,0.0,0.0,0.0,0,54.46
607412000,607412000,0.9999148,0.011438034,0.0037988927,-0.005846554,0.0,0.0,0.0,0.0,0,54.48
607432000,607432000,0.9996861,0.023086991,0.00827586,-0.0059416452,0.0,0.0,0.0,0.0,0,54.5
607452000,607452000,0.9991955,0.037445437,0.0133478,-0.006086156,0.0,0.0,0.0,0.0,0,54.52
607472000,607472000,0.9983726,0.05363524,0.018573778,-0.0062870905,0.0,0.0,0.0,0.0,0,54.54
607492000,607492000,0.9971843,0.07091422,0.02368099,-0.006554819,0.0,0.0,0.0,0.0,0,54.56
607512000,607512000,0.9956329,0.08865412,0.028587963,-0.006890865,0.0,0.0,0.0,0.0,0,54.58
607532000,607532000,0.9937502,0.10637944,0.033161618,-0.007301837,0.0,0.0,0.0,0.0,0,54.6
607552000,607552000,0.99160945,0.12356413,0.037296876,-0.0077884877,0.0,0.0,0.0,0.0,0,54.62
607572000,607572000,0.9892908,0.13985984,0.04101812,-0.008340889,0.0,0.0,0.0,0.0,0,54.64
607592000,607592000,0.98688406,0.15501659,0.04425538,-0.008961478,0.0,0.0,0.0,0.0,0,54.66
607612000,607612000,0.9844836,0.16880032,0.047061153,-0.009633641,0.0,0.0,0.0,0.0,0,54.68
607632000,607632000,0.9821663,0.18112494,0.049447887,-0.010351043,0.0,0.0,0.0,0.0,0,54.7
607652000,607652000,0.98000765,0.1919027,0.0514214,-0.0111064315,0.0,0.0,0.0,0.0,0,54.72
607672000,607672000,0.9780584,0.20113373,0.053056043,-0.011882907,0.0,0.0,0.0,0.0,0,54.74
607692000,607692000,0.976361,0.20883983,0.05434593,-0.012678692,0.0,0.0,0.0,0.0,0,54.76
607712000,607712000,0.974944,0.21505271,0.05535328,-0.0134779615,0.0,0.0,0.0,0.0,0,54.78
607732000,607732000,0.97382027,0.21985246,0.05607299,-0.014280682,0.0,0.0,0.0,0.0,0,54.8
607752000,607752000,0.9729936,0.2233102,0.056548905,-0.015075321,0.0,0.0,0.0,0.0,0,54.82
607772000,607772000,0.9724545,0.22552857,0.056804627,-0.015856173,0.0,0.0,0.0,0.0,0,54.84
607792000,607792000,0.97219,0.22659874,0.056855,-0.016618818,0.0,0.0,0.0,0.0,0,54.86
607812000,607812000,0.9721808,0.22661948,0.056708697,-0.017361185,0.0,0.0,0.0,0.0,0,54.88
607832000,607832000,0.97240627,0.22567424,0.056387138,-0.018076994,0.0,0.0,0.0,0.0,0,54.9
607852000,607852000,0.9728431,0.22384715,0.05590949,-0.018760094,0.0,0.0,0.0,0.0,0,54.92
607872000,607872000,0.9734663,0.2212244,0.05527644,-0.019409645,0.0,0.0,0.0,0.0,0,54.94
607892000,607892000,0.9742489,0.21788971,0.054511286,-0.02001958,0.0,0.0,0.0,0.0,0,54.96
607912000,607912000,0.9751669,0.213916,0.053615566,-0.020588962,0.0,0.0,0.0,0.0,0,54.98
607932000,607932000,0.97619677,0.20937009,0.052605923,-0.021112693,0.0,0.0,0.0,0.0,0,55.0
607952000,607952000,0.9773171,0.20431279,0.051484372,-0.021589193,0.0,0.0,0.0,0.0,0,55.02
607972000,607972000,0.9785055,0.19880904,0.050263464,-0.022015542,0.0,0.0,0.0,0.0,0,55.04
607992000,607992000,0.979745,0.19290362,0.048946746,-0.022389947,0.0,0.0,0.0,0.0,0,55.06
608012000,608012000,0.9810165,0.186651,0.04755417,-0.022708774,0.0,0.0,0.0,0.0,0,55.08
608032000,608032000,0.9823068,0.18008548,0.046086844,-0.02297101,0.0,0.0,0.0,0.0,0,55.1
608052000,608052000,0.9835977,0.17327166,0.04454706,-0.02317735,0.0,0.0,0.0,0.0,0,55.12
608072000,608072000,0.98487973,0.16623102,0.042944092,-0.023325888,0.0,0.0,0.0,0.0,0,55.14
608092000,608092000,0.98613966,0.15901314,0.04128134,-0.023417633,0.0,0.0,0.0,0.0,0,55.16
608112000,608112000,0.98736954,0.15163869,0.03957589,-0.023450369,0.0,0.0,0.0,0.0,0,55.18
608132000,608132000,0.9885605,0.14414477,0.037825324,-0.023425996,0.0,0.0,0.0,0.0,0,55.2
608152000,608152000,0.98970747,0.13654496,0.036038972,-0.023344012,0.0,0.0,0.0,0.0,0,55.22
608172000,608172000,0.9908019,0.1288838,0.03422206,-0.023206169,0.0,0.0,0.0,0.0,0,55.24
608192000,608192000,0.9918398,0.12117722,0.032393873,-0.023011735,0.0,0.0,0.0,0.0,0,55.26
608212000,608212000,0.9928172,0.11345505,0.030541621,-0.022764586,0.0,0.0,0.0,0.0,0,55.28
608232000,608232000,0.9937315,0.10573145,0.028687699,-0.022464432,0.0,0.0,0.0,0.0,0,55.3
608252000,608252000,0.99457955,0.09803814,0.026834408,-0.022114228,0.0,0.0,0.0,0.0,0,55.32
608272000,608272000,0.9953621,0.090375155,0.024981098,-0.021716677,0.0,0.0,0.0,0.0,0,55.34
608292000,608292000,0.99607843,0.08276277,0.023119252,-0.021275751,0.0,0.0,0.0,0.0,0,55.36
608312000,608312000,0.9967271,0.075225554,0.02128291,-0.020791763,0.0,0.0,0.0,0.0,0,55.38
608332000,608332000,0.9973088,0.06778366,0.01946355,-0.020268954,0.0,0.0,0.0,0.0,0,55.4
608352000,608352000,0.9978252,0.060440216,0.017678296,-0.019709686,0.0,0.0,0.0,0.0,0,55.42
608372000,608372000,0.9982783,0.053205222,0.015911186,-0.019118713,0.0,0.0,0.0,0.0,0,55.44
608392000,608392000,0.99866927,0.04610185,0.014186677,-0.018498508,0.0,0.0,0.0,0.0,0,55.46
608412000,608412000,0.9990008,0.039136745,0.012491742,-0.017853487,0.0,0.0,0.0,0.0,0,55.48
608432000,608432000,0.9992753,0.032329336,0.010833954,-0.017187467,0.0,0.0,0.0,0.0,0,55.5
608452000,608452000,0.99949604,0.025681932,0.009210048,-0.01650435,0.0,0.0,0.0,0.0,0,55.52
608472000,608472000,0.99966586,0.019207153,0.007644923,-0.015807286,0.0,0.0,0.0,0.0,0,55.54
608492000,608492000,0.99978864,0.0128963785,0.006120511,-0.015100066,0.0,0.0,0.0,0.0,0,55.56
608512000,608512000,0.9998674,0.006770365,0.0046441546,-0.01438629,0.0,0.0,0.0,0.0,0,55.58
608532000,608532000,0.99990565,0.00082537404,0.0032108328,-0.013669563,0.0,0.0,0.0,0.0,0,55.6
608552000,608552000,0.99990684,-0.0049262126,0.0018352588,-0.012953274,0.0,0.0,0.0,0.0,0,55.62
608572000,608572000,0.9998744,-0.010497868,0.0005072693,-0.012240684,0.0,0.0,0.0,0.0,0,55.64
608592000,608592000,0.9998119,-0.015864199,-0.0007631874,-0.011535826,0.0,0.0,0.0,0.0,0,55.66
608612000,608612000,0.99972254,-0.021033827,-0.0019842044,-0.010841724,0.0,0.0,0.0,0.0,0,55.68
608632000,608632000,0.99960995,-0.025997208,-0.003153744,-0.010161175,0.0,0.0,0.0,0.0,0,55.7
608652000,608652000,0.99947727,-0.03075463,-0.004272685,-0.009497189,0.0,0.0,0.0,0.0,0,55.72
608672000,608672000,0.9993281,-0.035294294,-0.005337002,-0.0088526,0.0,0.0,0.0,0.0,0,55.74
608692000,608692000,0.99916506,-0.03962654,-0.0063486844,-0.008229709,0.0,0.0,0.0,0.0,0,55.76
608712000,608712000,0.9989916,-0.04374073,-0.00730327,-0.0076311217,0.0,0.0,0.0,0.0,0,55.78
608732000,608732000,0.9988102,-0.04764506,-0.008216018,-0.0070577166,0.0,0.0,0.0,0.0,0,55.8
608752000,608752000,0.9986235,-0.05133647,-0.009080025,-0.0065111653,0.0,0.0,0.0,0.0,0,55.82
608772000,608772000,0.9984338,-0.054819908,-0.009888945,-0.0059938375,0.0,0.0,0.0,0.0,0,55.84
608792000,608792000,0.99824387,-0.05808986,-0.010652427,-0.0055065244,0.0,0.0,0.0,0.0,0,55.86
608812000,608812000,0.99805593,-0.061146133,-0.011360019,-0.005051013,0.0,0.0,0.0,0.0,0,55.88
608832000,608832000,0.9978718,-0.063992426,-0.012021475,-0.004628106,0.0,0.0,0.0,0.0,0,55.9
608852000,608852000,0.99769294,-0.06663405,-0.0126439845,-0.0042376565,0.0,0.0,0.0,0.0,0,55.92
608872000,608872000,0.9975213,-0.06906885,-0.013221209,-0.0038801674,0.0,0.0,0.0,0.0,0,55.94
608892000,608892000,0.99735844,-0.07129812,-0.013754376,-0.0035559023,0.0,0.0,0.0,0.0,0,55.96
608912000,608912000,0.997205,-0.07333201,-0.014248815,-0.0032643352,0.0,0.0,0.0,0.0,0,55.98
608932000,608932000,0.9970626,-0.0751659,-0.0147052705,-0.003005094,0.0,0.0,0.0,0.0,0,56.0
608952000,608952000,0.99693227,-0.07680154,-0.015130077,-0.0027778363,0.0,0.0,0.0,0.0,0,56.02
608972000,608972000,0.9968147,-0.0782433,-0.015517033,-0.0025825168,0.0,0.0,0.0,0.0,0,56.04
608992000,608992000,0.99670976,-0.0795046,-0.015872916,-0.0024181476,0.0,0.0,0.0,0.0,0,56.06
609012000,609012000,0.9966177,-0.08059077,-0.016193856,-0.0022844241,0.0,0.0,0.0,0.0,0,56.08
609032000,609032000,0.9965386,-0.081508756,-0.016478324,-0.002181061,0.0,0.0,0.0,0.0,0,56.1
609052000,609052000,0.9964723,-0.08226677,-0.016727742,-0.0021074251,0.0,0.0,0.0,0.0,0,56.12
609072000,609072000,0.99641824,-0.082875445,-0.016947664,-0.0020619826,0.0,0.0,0.0,0.0,0,56.14
609092000,609092000,0.99637604,-0.08334131,-0.01714352,-0.0020432894,0.0,0.0,0.0,0.0,0,56.16
609112000,609112000,0.99634534,-0.08367252,-0.0173144,-0.002050204,0.0,0.0,0.0,0.0,0,56.18
609132000,609132000,0.99632585,-0.0838738,-0.017458653,-0.002081623,0.0,0.0,0.0,0.0,0,56.2
609152000,609152000,0.996317,-0.08395199,-0.017577311,-0.0021361497,0.0,0.0,0.0,0.0,0,56.22
609172000,609172000,0.9963181,-0.0839172,-0.017673442,-0.0022121908,0.0,0.0,0.0,0.0,0,56.24
609192000,609192000,0.99632883,-0.08377208,-0.01774331,-0.0023085726,0.0,0.0,0.0,0.0,0,56.26
609212000,609212000,0.99634886,-0.08352078,-0.017788285,-0.0024236955,0.0,0.0,0.0,0.0,0,56.28
609232000,609232000,0.996378,-0.08316304,-0.017814465,-0.0025554693,0.0,0.0,0.0,0.0,0,56.3
609252000,609252000,0.9964158,-0.08270277,-0.017821325,-0.0027023167,0.0,0.0,0.0,0.0,0,56.32
609272000,609272000,0.9964613,-0.08215239,-0.017800337,-0.002863813,0.0,0.0,0.0,0.0,0,56.34
609292000,609292000,0.9965134,-0.08152107,-0.017751949,-0.003038334,0.0,0.0,0.0,0.0,0,56.36
609312000,609312000,0.996572,-0.08080935,-0.017685136,-0.0032233757,0.0,0.0,0.0,0.0,0,56.38
609332000,609332000,0.99663615,-0.08002532,-0.017598664,-0.0034175194,0.0,0.0,0.0,0.0,0,56.4
609352000,609352000,0.9967052,-0.079175964,-0.01749153,-0.0036193049,0.0,0.0,0.0,0.0,0,56.42
609372000,609372000,0.9967784,-0.07826578,-0.017368695,-0.0038267223,0.0,0.0,0.0,0.0,0,56.44
609392000,609392000,0.99685603,-0.07729204,-0.017226772,-0.0040385867,0.0,0.0,0.0,0.0,0,56.46
609412000,609412000,0.9969375,-0.07625908,-0.017064445,-0.0042538205,0.0,0.0,0.0,0.0,0,56.48
609432000,609432000,0.9970222,-0.075171605,-0.016884664,-0.0044705984,0.0,0.0,0.0,0.0,0,56.5
609452000,609452000,0.9971091,-0.07404149,-0.016686799,-0.004687933,0.0,0.0,0.0,0.0,0,56.52
609472000,609472000,0.997198,-0.07286765,-0.016476793,-0.004903715,0.0,0.0,0.0,0.0,0,56.54
609492000,609492000,0.99728864,-0.0716533,-0.016250761,-0.0051171207,0.0,0.0,0.0,0.0,0,56.56
609512000,609512000,0.9973809,-0.07039762,-0.016007543,-0.0053272587,0.0,0.0,0.0,0.0,0,56.58
609532000,609532000,0.99747413,-0.06910816,-0.015745206,-0.005533169,0.0,0.0,0.0,0.0,0,56.6
609552000,609552000,0.9975677,-0.06778911,-0.015476452,-0.005733057,0.0,0.0,0.0,0.0,0,56.62
609572000,609572000,0.99766123,-0.066444814,-0.015202604,-0.0059260693,0.0,0.0,0.0,0.0,0,56.64
609592000,609592000,0.99775434,-0.06508,-0.014922697,-0.006111288,0.0,0.0,0.0,0.0,0,56.66
609612000,609612000,0.9978465,-0.06370147,-0.014632317,-0.006288466,0.0,0.0,0.0,0.0,0,56.68
609632000,609632000,0.9979374,-0.06231234,-0.014337873,-0.006456368,0.0,0.0,0.0,0.0,0,56.7
609652000,609652000,0.99802685,-0.060914505,-0.014040456,-0.006614784,0.0,0.0,0.0,0.0,0,56.72
609672000,609672000,0.9981151,-0.059504166,-0.013739248,-0.006762815,0.0,0.0,0.0,0.0,0,56.74
609692000,609692000,0.99820226,-0.058080897,-0.013430504,-0.0069003687,0.0,0.0,0.0,0.0,0,56.76
609712000,609712000,0.9982878,-0.056648407,-0.0131217595,-0.0070266332,0.0,0.0,0.0,0.0,0,56.78
609732000,609732000,0.9983712,-0.055215526,-0.012817872,-0.0071409987,0.0,0.0,0.0,0.0,0,56.8
609752000,609752000,0.9984525,-0.053782564,-0.012520477,-0.007243226,0.0,0.0,0.0,0.0,0,56.82
609772000,609772000,0.9985319,-0.052345507,-0.012219057,-0.0073337876,0.0,0.0,0.0,0.0,0,56.84
609792000,609792000,0.9986095,-0.050903883,-0.011916762,-0.0074123256,0.0,0.0,0.0,0.0,0,56.86
609812000,609812000,0.9986851,-0.04946021,-0.011612068,-0.0074788975,0.0,0.0,0.0,0.0,0,56.88
609832000,609832000,0.9987583,-0.0480226,-0.011312507,-0.0075334082,0.0,0.0,0.0,0.0,0,56.9
609852000,609852000,0.99882907,-0.046591725,-0.011018588,-0.007576031,0.0,0.0,0.0,0.0,0,56.92
609872000,609872000,0.998897,-0.04517515,-0.010733946,-0.007606584,0.0,0.0,0.0,0.0,0,56.94
609892000,609892000,0.9989622,-0.043774467,-0.010450648,-0.0076254834,0.0,0.0,0.0,0.0,0,56.96
609912000,609912000,0.99902505,-0.042384524,-0.010167444,-0.0076329005,0.0,0.0,0.0,0.0,0,56.98
609932000,609932000,0.99908537,-0.041006595,-0.00988683,-0.007629218,0.0,0.0,0.0,0.0,0,57.0
609952000,609952000,0.9991431,-0.03964637,-0.009608265,-0.0076148794,0.0,0.0,0.0,0.0,0,57.02
609972000,609972000,0.9991983,-0.03830403,-0.009325133,-0.007590514,0.0,0.0,0.0,0.0,0,57.04
609992000,609992000,0.999251,-0.036981504,-0.00904522,-0.0075564403,0.0,0.0,0.0,0.0,0,57.06
610012000,610012000,0.9993011,-0.035679683,-0.008771634,-0.0075131273,0.0,0.0,0.0,0.0,0,57.08
610032000,610032000,0.99934864,-0.034400035,-0.0085049495,-0.0074607963,0.0,0.0,0.0,0.0,0,57.1
610052000,610052000,0.9993935,-0.033150394,-0.008245146,-0.0073999558,0.0,0.0,0.0,0.0,0,57.12
610072000,610072000,0.9994358,-0.031929966,-0.007993563,-0.007331129,0.0,0.0,0.0,0.0,0,57.14
610092000,610092000,0.9994757,-0.030736849,-0.007746693,-0.007255198,0.0,0.0,0.0,0.0,0,57.16
610112000,610112000,0.99951345,-0.029568536,-0.007498491,-0.0071727526,0.0,0.0,0.0,0.0,0,57.18
610132000,610132000,0.99954915,-0.028422847,-0.007249136,-0.007084151,0.0,0.0,0.0,0.0,0,57.2
610152000,610152000,0.99958277,-0.027303753,-0.007006262,-0.0069899512,0.0,0.0,0.0,0.0,0,57.22
610172000,610172000,0.9996142,-0.026214598,-0.0067726113,-0.0068908078,0.0,0.0,0.0,0.0,0,57.24
610192000,610192000,0.9996434,-0.025161823,-0.0065565314,-0.006786855,0.0,0.0,0.0,0.0,0,57.26
610212000,610212000,0.99967057,-0.024143757,-0.00635104,-0.006678597,0.0,0.0,0.0,0.0,0,57.28
610232000,610232000,0.9996959,-0.023157258,-0.006153497,-0.006566643,0.0,0.0,0.0,0.0,0,57.3
610252000,610252000,0.9997197,-0.022192044,-0.0059658024,-0.0064515537,0.0,0.0,0.0,0.0,0,57.32
610272000,610272000,0.999742,-0.021251148,-0.0057798694,-0.006333838,0.0,0.0,0.0,0.0,0,57.34
610292000,610292000,0.9997627,-0.020338798,-0.005597471,-0.006214166,0.0,0.0,0.0,0.0,0,57.36
610312000,610312000,0.99978215,-0.019452542,-0.005411978,-0.0060931323,0.0,0.0,0.0,0.0,0,57.38
610332000,610332000,0.9998003,-0.018585147,-0.0052256626,-0.005970944,0.0,0.0,0.0,0.0,0,57.4
610352000,610352000,0.9998174,-0.017738627,-0.005041413,-0.00584818,0.0,0.0,0.0,0.0,0,57.42
610372000,610372000,0.9998333,-0.016914824,-0.0048593255,-0.0057253717,0.0,0.0,0.0,0.0,0,57.44
610392000,610392000,0.99984795,-0.016118253,-0.0046906206,-0.0056027216,0.0,0.0,0.0,0.0,0,57.46
610412000,610412000,0.99986136,-0.015352599,-0.004536868,-0.0054811,0.0,0.0,0.0,0.0,0,57.48
610432000,610432000,0.99987364,-0.01461831,-0.0043976544,-0.005360537,0.0,0.0,0.0,0.0,0,57.5
610452000,610452000,0.9998849,-0.013915038,-0.0042594965,-0.0052416073,0.0,0.0,0.0,0.0,0,57.52
610472000,610472000,0.99989533,-0.01323748,-0.0041209436,-0.0051248805,0.0,0.0,0.0,0.0,0,57.54
610492000,610492000,0.999905,-0.012575761,-0.0039872373,-0.005010658,0.0,0.0,0.0,0.0,0,57.56
610512000,610512000,0.99991393,-0.011932925,-0.0038596094,-0.004899274,0.0,0.0,0.0,0.0,0,57.58
610532000,610532000,0.9999221,-0.011313976,-0.0037318633,-0.0047913613,0.0,0.0,0.0,0.0,0,57.6
610552000,610552000,0.9999296,-0.0107189445,-0.0036087423,-0.004686997,0.0,0.0,0.0,0.0,0,57.62
610572000,610572000,0.9999364,-0.010147983,-0.0035028397,-0.0045860857,0.0,0.0,0.0,0.0,0,57.64
610592000,610592000,0.99994254,-0.009603094,-0.003418765,-0.0044889045,0.0,0.0,0.0,0.0,0,57.66
610612000,610612000,0.99994797,-0.009088529,-0.0033471547,-0.0043955958,0.0,0.0,0.0,0.0,0,57.68
610632000,610632000,0.999953,-0.0085957255,-0.0032814152,-0.0043064584,0.0,0.0,0.0,0.0,0,57.7
610652000,610652000,0.9999575,-0.0081157945,-0.0032233852,-0.0042214845,0.0,0.0,0.0,0.0,0,57.72
610672000,610672000,0.9999617,-0.0076465546,-0.003175071,-0.0041409046,0.0,0.0,0.0,0.0,0,57.74
610692000,610692000,0.9999655,-0.0071955663,-0.0031328886,-0.00406502,0.0,0.0,0.0,0.0,0,57.76
610712000,610712000,0.9999689,-0.0067664827,-0.0031020804,-0.003993729,0.0,0.0,0.0,0.0,0,57.78
610732000,610732000,0.9999719,-0.0063543627,-0.0030772304,-0.0039269356,0.0,0.0,0.0,0.0,0,57.8
610752000,610752000,0.99997467,-0.005956916,-0.0030548286,-0.0038645407,0.0,0.0,0.0,0.0,0,57.82
610772000,610772000,0.9999772,-0.0055781775,-0.0030353393,-0.0038066618,0.0,0.0,0.0,0.0,0,57.84
610792000,610792000,0.9999793,-0.0052250973,-0.0030179552,-0.0037532963,0.0,0.0,0.0,0.0,0,57.86
610812000,610812000,0.9999813,-0.004886414,-0.002998954,-0.0037043744,0.0,0.0,0.0,0.0,0,57.88
610832000,610832000,0.999983,-0.004553937,-0.0029826835,-0.0036597147,0.0,0.0,0.0,0.0,0,57.9
610852000,610852000,0.9999847,-0.004226841,-0.0029699295,-0.003619274,0.0,0.0,0.0,0.0,0,57.92
610872000,610872000,0.9999861,-0.003912406,-0.0029619175,-0.0035830487,0.0,0.0,0.0,0.0,0,57.94
610892000,610892000,0.9999873,-0.0036237717,-0.0029577275,-0.0035509781,0.0,0.0,0.0,0.0,0,57.96
610912000,610912000,0.9999884,-0.0033561261,-0.0029472283,-0.0035227775,0.0,0.0,0.0,0.0,0,57.98
610932000,610932000,0.99998933,-0.0031062644,-0.0029254898,-0.0034982068,0.0,0.0,0.0,0.0,0,58.0
610952000,610952000,0.99999017,-0.0028663892,-0.0028993825,-0.0034775164,0.0,0.0,0.0,0.0,0,58.02
610972000,610972000,0.99999094,-0.002632788,-0.002875352,-0.0034605204,0.0,0.0,0.0,0.0,0,58.04
610992000,610992000,0.99999166,-0.0024033084,-0.0028571503,-0.0034470728,0.0,0.0,0.0,0.0,0,58.06
611012000,611012000,0.9999922,-0.0021796827,-0.002847692,-0.0034369263,0.0,0.0,0.0,0.0,0,58.08
611032000,611032000,0.9999927,-0.001963739,-0.0028402046,-0.0034300135,0.0,0.0,0.0,0.0,0,58.1
611052000,611052000,0.99999315,-0.0017591967,-0.0028195835,-0.0034262019,0.0,0.0,0.0,0.0,0,58.12
611072000,611072000,0.99999356,-0.001564429,-0.0027900415,-0.0034248421,0.0,0.0,0.0,0.0,0,58.14
611092000,611092000,0.9999939,-0.0013779256,-0.0027548731,-0.003426111,0.0,0.0,0.0,0.0,0,58.16
611112000,611112000,0.9999943,-0.0012056504,-0.0027103769,-0.0034299856,0.0,0.0,0.0,0.0,0,58.18
611132000,611132000,0.9999946,-0.0010504363,-0.0026636217,-0.0034362383,0.0,0.0,0.0,0.0,0,58.2
611152000,611152000,0.9999948,-0.000893205,-0.002620518,-0.0034447075,0.0,0.0,0.0,0.0,0,58.22
611172000,611172000,0.999995,-0.0007449634,-0.0025739048,-0.0034548552,0.0,0.0,0.0,0.0,0,58.24
611192000,611192000,0.9999952,-0.0006036323,-0.0025254302,-0.0034668169,0.0,0.0,0.0,0.0,0,58.26
611212000,611212000,0.9999953,-0.00046541647,-0.0024777537,-0.003480596,0.0,0.0,0.0,0.0,0,58.28
611232000,611232000,0.9999954,-0.00032806583,-0.0024322201,-0.0034960876,0.0,0.0,0.0,0.0,0,58.3
611252000,611252000,0.9999955,-0.00019841136,-0.0023818123,-0.0035127774,0.0,0.0,0.0,0.0,0,58.32
611272000,611272000,0.9999956,-7.889582e-05,-0.0023277258,-0.0035307147,0.0,0.0,0.0,0.0,0,58.34
611292000,611292000,0.99999565,2.674113e-05,-0.002282482,-0.0035496536,0.0,0.0,0.0,0.0,0,58.36
611312000,611312000,0.99999565,0.00011730673,-0.0022522763,-0.003569606,0.0,0.0,0.0,0.0,0,58.38
611332000,611332000,0.9999956,0.00020396663,-0.002224962,-0.003590564,0.0,0.0,0.0,0.0,0,58.4
611352000,611352000,0.9999956,0.00029003178,-0.0021994945,-0.0036119511,0.0,0.0,0.0,0.0,0,58.42
611372000,611372000,0.99999547,0.0003697908,-0.0021824576,-0.0036338756,0.0,0.0,0.0,0.0,0,58.44
611392000,611392000,0.9999954,0.00044295972,-0.0021726992,-0.0036561198,0.0,0.0,0.0,0.0,0,58.46
611412000,611412000,0.9999953,0.00050725567,-0.0021625392,-0.0036785225,0.0,0.0,0.0,0.0,0,58.48
611432000,611432000,0.99999523,0.0005673193,-0.0021547861,-0.003700833,0.0,0.0,0.0,0.0,0,58.5
611452000,611452000,0.9999951,0.0006239639,-0.0021493584,-0.0037228933,0.0,0.0,0.0,0.0,0,58.52
611472000,611472000,0.999995,0.0006701523,-0.0021529098,-0.0037443556,0.0,0.0,0.0,0.0,0,58.54
611492000,611492000,0.9999949,0.0006979627,-0.002165348,-0.0037652403,0.0,0.0,0.0,0.0,0,58.56
611512000,611512000,0.99999475,0.00071268604,-0.0021766587,-0.003785358,0.0,0.0,0.0,0.0,0,58.58
611532000,611532000,0.99999464,0.0007190991,-0.002196236,-0.0038047372,0.0,0.0,0.0,0.0,0,58.6
611552000,611552000,0.9999945,0.00072230794,-0.0022320445,-0.0038235406,0.0,0.0,0.0,0.0,0,58.62
611572000,611572000,0.99999434,0.00071740843,-0.002269863,-0.0038414365,0.0,0.0,0.0,0.0,0,58.64
611592000,611592000,0.9999942,0.0006989259,-0.002299212,-0.0038586205,0.0,0.0,0.0,0.0,0,58.66
611612000,611612000,0.9999941,0.00067279267,-0.0023238692,-0.0038754768,0.0,0.0,0.0,0.0,0,58.68
611632000,611632000,0.99999404,0.0006430937,-0.0023469382,-0.0038921242,0.0,0.0,0.0,0.0,0,58.7
611652000,611652000,0.9999939,0.00061174814,-0.002369831,-0.003908617,0.0,0.0,0.0,0.0,0,58.72
611672000,611672000,0.9999938,0.000579476,-0.0023930555,-0.00392498,0.0,0.0,0.0,0.0,0,58.74
611692000,611692000,0.99999374,0.0005466826,-0.0024168359,-0.0039412235,0.0,0.0,0.0,0.0,0,58.76
611712000,611712000,0.9999936,0.00051401753,-0.0024417639,-0.0039572385,0.0,0.0,0.0,0.0,0,58.78
611732000,611732000,0.9999935,0.00048368788,-0.002474038,-0.0039724247,0.0,0.0,0.0,0.0,0,58.8
611752000,611752000,0.9999933,0.00045375712,-0.0025201365,-0.003986641,0.0,0.0,0.0,0.0,0,58.82
611772000,611772000,0.9999932,0.00042773786,-0.0025590172,-0.0039996025,0.0,0.0,0.0,0.0,0,58.84
611792000,611792000,0.9999931,0.00040977055,-0.0025843685,-0.0040115663,0.0,0.0,0.0,0.0,0,58.86
611812000,611812000,0.99999297,0.00038669596,-0.0026120066,-0.004022647,0.0,0.0,0.0,0.0,0,58.88
611832000,611832000,0.99999285,0.00035524846,-0.0026462653,-0.0040327,0.0,0.0,0.0,0.0,0,58.9
611852000,611852000,0.9999927,0.000316199,-0.0026868337,-0.004041963,0.0,0.0,0.0,0.0,0,58.92
611872000,611872000,0.9999926,0.00028336572,-0.0027200968,-0.0040504686,0.0,0.0,0.0,0.0,0,58.94
611892000,611892000,0.9999925,0.00025881728,-0.0027439364,-0.004058548,0.0,0.0,0.0,0.0,0,58.96
611912000,611912000,0.99999243,0.00023236939,-0.0027683808,-0.0040660584,0.0,0.0,0.0,0.0,0,58.98
611932000,611932000,0.9999924,0.00020812001,-0.0027891898,-0.004072997,0.0,0.0,0.0,0.0,0,59.0
611952000,611952000,0.99999225,0.00018823994,-0.0028041073,-0.004079696,0.0,0.0,0.0,0.0,0,59.02
611972000,611972000,0.99999225,0.00016953614,-0.002816089,-0.0040863287,0.0,0.0,0.0,0.0,0,59.04
611992000,611992000,0.9999922,0.00014847213,-0.0028285335,-0.0040926724,0.0,0.0,0.0,0.0,0,59.06
612012000,612012000,0.99999213,0.00012470224,-0.0028415655,-0.0040985923,0.0,0.0,0.0,0.0,0,59.08
612032000,612032000,0.9999921,0.00010523725,-0.0028481432,-0.0041041453,0.0,0.0,0.0,0.0,0,59.1
612052000,612052000,0.9999921,9.022049e-05,-0.0028478906,-0.0041091973,0.0,0.0,0.0,0.0,0,59.12
612072000,612072000,0.999992,7.1411734e-05,-0.0028484624,-0.0041134506,0.0,0.0,0.0,0.0,0,59.14
612092000,612092000,0.999992,4.445923e-05,-0.0028437662,-0.0041165836,0.0,0.0,0.0,0.0,0,59.16
612112000,612112000,0.9999921,1.6512238e-05,-0.0028287056,-0.0041188006,0.0,0.0,0.0,0.0,0,59.18
612132000,612132000,0.99999213,-8.061819e-06,-0.002803425,-0.004120081,0.0,0.0,0.0,0.0,0,59.2
612152000,612152000,0.9999922,-3.801849e-05,-0.0027786389,-0.004120563,0.0,0.0,0.0,0.0,0,59.22
612172000,612172000,0.99999225,-7.800076e-05,-0.0027596857,-0.004120335,0.0,0.0,0.0,0.0,0,59.24
612192000,612192000,0.9999923,-0.00011723506,-0.0027287258,-0.0041192803,0.0,0.0,0.0,0.0,0,59.26
612212000,612212000,0.99999243,-0.00016176443,-0.0026929087,-0.0041175196,0.0,0.0,0.0,0.0,0,59.28
612232000,612232000,0.99999255,-0.00020511476,-0.0026496912,-0.004115008,0.0,0.0,0.0,0.0,0,59.3
612252000,612252000,0.99999267,-0.00024365706,-0.0025967436,-0.004111683,0.0,0.0,0.0,0.0,0,59.32
612272000,612272000,0.99999285,-0.00029181037,-0.002546807,-0.004107849,0.0,0.0,0.0,0.0,0,59.34
612292000,612292000,0.99999297,-0.00034418207,-0.0024882138,-0.0041034804,0.0,0.0,0.0,0.0,0,59.36
612312000,612312000,0.99999315,-0.00039296935,-0.0024191819,-0.0040983376,0.0,0.0,0.0,0.0,0,59.38
612332000,612332000,0.9999933,-0.0004508099,-0.0023542251,-0.0040925173,0.0,0.0,0.0,0.0,0,59.4
612352000,612352000,0.99999344,-0.00050838524,-0.002284483,-0.004086043,0.0,0.0,0.0,0.0,0,59.42
612372000,612372000,0.9999936,-0.00056367466,-0.0022070294,-0.004079028,0.0,0.0,0.0,0.0,0,59.44
612392000,612392000,0.9999938,-0.0006317,-0.0021320384,-0.0040715425,0.0,0.0,0.0,0.0,0,59.46
612412000,612412000,0.9999939,-0.00070400676,-0.002054675,-0.0040636845,0.0,0.0,0.0,0.0,0,59.48
612432000,612432000,0.9999941,-0.0007721418,-0.001967811,-0.0040556137,0.0,0.0,0.0,0.0,0,59.5
612452000,612452000,0.9999943,-0.00083745265,-0.0018731861,-0.004047643,0.0,0.0,0.0,0.0,0,59.52
612472000,612472000,0.9999944,-0.0008993831,-0.0017823934,-0.0040399153,0.0,0.0,0.0,0.0,0,59.54
612492000,612492000,0.9999945,-0.0009583032,-0.0017013821,-0.0040326808,0.0,0.0,0.0,0.0,0,59.56
612512000,612512000,0.99999464,-0.0010132587,-0.0016176199,-0.004026238,0.0,0.0,0.0,0.0,0,59.58
612532000,612532000,0.99999475,-0.001073511,-0.0015248178,-0.0040209102,0.0,0.0,0.0,0.0,0,59.6
612552000,612552000,0.9999948,-0.0011325126,-0.0014309656,-0.004016557,0.0,0.0,0.0,0.0,0,59.62
612572000,612572000,0.9999949,-0.0011889152,-0.0013489752,-0.0040129414,0.0,0.0,0.0,0.0,0,59.64
612592000,612592000,0.99999493,-0.0012430032,-0.001274025,-0.0040106303,0.0,0.0,0.0,0.0,0,59.66
612612000,612612000,0.999995,-0.0012965125,-0.0011887781,-0.004009058,0.0,0.0,0.0,0.0,0,59.68
612632000,612632000,0.999995,-0.0013537544,-0.0010923293,-0.0040077367,0.0,0.0,0.0,0.0,0,59.7
612652000,612652000,0.999995,-0.0014095476,-0.0010087276,-0.0040069576,0.0,0.0,0.0,0.0,0,59.72
612672000,612672000,0.99999505,-0.001458768,-0.0009293997,-0.0040068934,0.0,0.0,0.0,0.0,0,59.74
612692000,612692000,0.99999505,-0.0015033426,-0.00085102743,-0.0040073995,0.0,0.0,0.0,0.0,0,59.76
612712000,612712000,0.999995,-0.0015435736,-0.0007804678,-0.0040085535,0.0,0.0,0.0,0.0,0,59.78
612732000,612732000,0.999995,-0.0015844796,-0.00070166105,-0.004010285,0.0,0.0,0.0,0.0,0,59.8
612752000,612752000,0.999995,-0.0016187776,-0.00062371645,-0.004012742,0.0,0.0,0.0,0.0,0,59.82
612772000,612772000,0.999995,-0.0016421137,-0.00055232894,-0.0040161824,0.0,0.0,0.0,0.0,0,59.84
612792000,612792000,0.999995,-0.0016629401,-0.00048136778,-0.0040210113,0.0,0.0,0.0,0.0,0,59.86
612812000,612812000,0.99999493,-0.0016789715,-0.0004128384,-0.0040269243,0.0,0.0,0.0,0.0,0,59.88
612832000,612832000,0.99999493,-0.0016923248,-0.0003437226,-0.004033495,0.0,0.0,0.0,0.0,0,59.9
612852000,612852000,0.9999949,-0.0017029927,-0.00027858056,-0.0040402245,0.0,0.0,0.0,0.0,0,59.92
612872000,612872000,0.9999949,-0.0017108982,-0.00023166278,-0.0040470725,0.0,0.0,0.0,0.0,0,59.94
612892000,612892000,0.9999948,-0.0017165903,-0.00018368773,-0.004054168,0.0,0.0,0.0,0.0,0,59.96
612912000,612912000,0.9999948,-0.0017206707,-0.00014509293,-0.004061336,0.0,0.0,0.0,0.0,0,59.98
612932000,612932000,0.9999948,-0.001721724,-0.000115142626,-0.0040685986,0.0,0.0,0.0,0.0,0,60.0
612952000,612952000,0.99999475,-0.0017204583,-7.618411e-05,-0.004075713,0.0,0.0,0.0,0.0,0,60.02
612972000,612972000,0.99999475,-0.0017122552,-4.520657e-05,-0.0040825102,0.0,0.0,0.0,0.0,0,60.04
612992000,612992000,0.99999475,-0.0017041457,-2.8329441e-05,-0.0040893974,0.0,0.0,0.0,0.0,0,60.06
613012000,613012000,0.99999475,-0.0016935297,-2.0781863e-05,-0.0040958687,0.0,0.0,0.0,0.0,0,60.08
613032000,613032000,0.99999475,-0.001672992,-2.323521e-05,-0.0041017686,0.0,0.0,0.0,0.0,0,60.1
613052000,613052000,0.99999475,-0.0016502521,-2.519758e-05,-0.004107185,0.0,0.0,0.0,0.0,0,60.12
613072000,613072000,0.99999475,-0.0016357495,-2.755353e-05,-0.0041128723,0.0,0.0,0.0,0.0,0,60.14
613092000,613092000,0.99999475,-0.0016280015,-3.079353e-05,-0.004118599,0.0,0.0,0.0,0.0,0,60.16
613112000,613112000,0.99999475,-0.0016227643,-3.1679407e-05,-0.004124326,0.0,0.0,0.0,0.0,0,60.18
613132000,613132000,0.9999947,-0.0016181174,-2.8751403e-05,-0.004130036,0.0,0.0,0.0,0.0,0,60.2
613152000,613152000,0.9999947,-0.001611487,-2.3028038e-05,-0.004135458,0.0,0.0,0.0,0.0,0,60.22
613172000,613172000,0.9999947,-0.0015981332,-1.8532524e-05,-0.004140595,0.0,0.0,0.0,0.0,0,60.24
613192000,613192000,0.9999947,-0.0015806609,-1.22660795e-05,-0.00414562,0.0,0.0,0.0,0.0,0,60.26
613212000,613212000,0.9999947,-0.0015606662,-2.4164688e-06,-0.0041505797,0.0,0.0,0.0,0.0,0,60.28
613232000,613232000,0.99999475,-0.001538761,1.1768868e-05,-0.004155496,0.0,0.0,0.0,0.0,0,60.3
613252000,613252000,0.99999475,-0.0015152586,3.0711366e-05,-0.0041603795,0.0,0.0,0.0,0.0,0,60.32
613272000,613272000,0.99999475,-0.001490178,5.4488915e-05,-0.0041652513,0.0,0.0,0.0,0.0,0,60.34
613292000,613292000,0.9999948,-0.0014612256,7.877778e-05,-0.0041703377,0.0,0.0,0.0,0.0,0,60.36
613312000,613312000,0.9999948,-0.0014264067,9.516174e-05,-0.004175533,0.0,0.0,0.0,0.0,0,60.38
613332000,613332000,0.9999948,-0.0013884273,0.0001123589,-0.004180706,0.0,0.0,0.0,0.0,0,60.4
613352000,613352000,0.9999949,-0.0013496407,0.00012797322,-0.0041856286,0.0,0.0,0.0,0.0,0,60.42
613372000,613372000,0.9999949,-0.0013152194,0.00014086196,-0.004190541,0.0,0.0,0.0,0.0,0,60.44
613392000,613392000,0.99999493,-0.0012888018,0.00016390264,-0.0041960026,0.0,0.0,0.0,0.0,0,60.46
613412000,613412000,0.99999493,-0.0012683017,0.00018500608,-0.0042015426,0.0,0.0,0.0,0.0,0,60.48
613432000,613432000,0.99999493,-0.0012464297,0.00019133772,-0.004207267,0.0,0.0,0.0,0.0,0,60.5
613452000,613452000,0.99999493,-0.0012172122,0.00020608242,-0.004213466,0.0,0.0,0.0,0.0,0,60.52
613472000,613472000,0.99999493,-0.0011876245,0.00022666945,-0.004220521,0.0,0.0,0.0,0.0,0,60.54
613492000,613492000,0.9999949,-0.001167204,0.00024231742,-0.0042284625,0.0,0.0,0.0,0.0,0,60.56
613512000,613512000,0.9999949,-0.001143116,0.00026445478,-0.00423725,0.0,0.0,0.0,0.0,0,60.58
613532000,613532000,0.9999949,-0.0011073092,0.0002919893,-0.0042460794,0.0,0.0,0.0,0.0,0,60.6
613552000,613552000,0.9999949,-0.0010631763,0.0003051719,-0.004255101,0.0,0.0,0.0,0.0,0,60.62
613572000,613572000,0.9999949,-0.0010118124,0.00031625142,-0.0042644218,0.0,0.0,0.0,0.0,0,60.64
613592000,613592000,0.99999493,-0.00095501926,0.0003381476,-0.0042737983,0.0,0.0,0.0,0.0,0,60.66
613612000,613612000,0.99999493,-0.00089463673,0.00035261645,-0.004283152,0.0,0.0,0.0,0.0,0,60.68
613632000,613632000,0.99999493,-0.0008301679,0.00035098757,-0.004292583,0.0,0.0,0.0,0.0,0,60.7
613652000,613652000,0.99999493,-0.00076198595,0.00036093107,-0.004301819,0.0,0.0,0.0,0.0,0,60.72
613672000,613672000,0.99999493,-0.0006919958,0.00037580586,-0.004310961,0.0,0.0,0.0,0.0,0,60.74
613692000,613692000,0.99999493,-0.00062453706,0.00038950404,-0.0043198722,0.0,0.0,0.0,0.0,0,60.76
613712000,613712000,0.99999493,-0.0005550205,0.00040239934,-0.004328499,0.0,0.0,0.0,0.0,0,60.78
613732000,613732000,0.99999493,-0.00047819724,0.00041240008,-0.0043367576,0.0,0.0,0.0,0.0,0,60.8
613752000,613752000,0.99999493,-0.00039724642,0.00042112474,-0.0043451176,0.0,0.0,0.0,0.0,0,60.82
613772000,613772000,0.99999493,-0.00031518843,0.00042354316,-0.00435316,0.0,0.0,0.0,0.0,0,60.84
613792000,613792000,0.99999493,-0.00022800834,0.00042702252,-0.0043607117,0.0,0.0,0.0,0.0,0,60.86
613812000,613812000,0.99999493,-0.00014789599,0.0004377195,-0.004368022,0.0,0.0,0.0,0.0,0,60.88
613832000,613832000,0.9999949,-7.009504e-05,0.00044299106,-0.0043753083,0.0,0.0,0.0,0.0,0,60.9
613852000,613852000,0.9999949,3.248389e-06,0.00044649487,-0.0043826983,0.0,0.0,0.0,0.0,0,60.92
613872000,613872000,0.9999948,7.6585835e-05,0.00045110853,-0.004390073,0.0,0.0,0.0,0.0,0,60.94
613892000,613892000,0.99999475,0.00013950418,0.0004559899,-0.0043974724,0.0,0.0,0.0,0.0,0,60.96
613912000,613912000,0.9999947,0.00019414497,0.00046804178,-0.0044053625,0.0,0.0,0.0,0.0,0,60.98
613932000,613932000,0.99999464,0.00025027007,0.00048398713,-0.0044137756,0.0,0.0,0.0,0.0,0,61.0
613952000,613952000,0.9999946,0.0003066928,0.00050307426,-0.004422549,0.0,0.0,0.0,0.0,0,61.02
613972000,613972000,0.9999945,0.00035396864,0.00052262127,-0.0044312454,0.0,0.0,0.0,0.0,0,61.04
613992000,613992000,0.99999446,0.000397952,0.0005400526,-0.004439899,0.0,0.0,0.0,0.0,0,61.06
614012000,614012000,0.9999944,0.00043315525,0.00056439446,-0.0044484963,0.0,0.0,0.0,0.0,0,61.08
614032000,614032000,0.99999434,0.0004623494,0.00058960123,-0.0044568623,0.0,0.0,0.0,0.0,0,61.1
614052000,614052000,0.9999943,0.000492017,0.0006225342,-0.0044652284,0.0,0.0,0.0,0.0,0,61.12
614072000,614072000,0.9999942,0.00051965273,0.00065786164,-0.0044731307,0.0,0.0,0.0,0.0,0,61.14
614092000,614092000,0.9999941,0.0005432519,0.00069131405,-0.0044806907,0.0,0.0,0.0,0.0,0,61.16
614112000,614112000,0.99999404,0.00056535506,0.0007288053,-0.0044883173,0.0,0.0,0.0,0.0,0,61.18
614132000,614132000,0.999994,0.00058525894,0.0007668905,-0.0044959616,0.0,0.0,0.0,0.0,0,61.2
614152000,614152000,0.9999939,0.000603042,0.0007974247,-0.0045034187,0.0,0.0,0.0,0.0,0,61.22
614172000,614172000,0.99999386,0.00061504915,0.0008326429,-0.004511142,0.0,0.0,0.0,0.0,0,61.24
614192000,614192000,0.99999374,0.0006257936,0.00087396335,-0.0045188256,0.0,0.0,0.0,0.0,0,61.26
614212000,614212000,0.9999937,0.0006380451,0.00091934804,-0.0045264023,0.0,0.0,0.0,0.0,0,61.28
614232000,614232000,0.9999936,0.00064873614,0.00096492365,-0.004533658,0.0,0.0,0.0,0.0,0,61.3
614252000,614252000,0.9999935,0.0006592064,0.0010116461,-0.0045408458,0.0,0.0,0.0,0.0,0,61.32
614272000,614272000,0.99999344,0.0006704151,0.0010607747,-0.0045478763,0.0,0.0,0.0,0.0,0,61.34
614292000,614292000,0.9999933,0.0006770356,0.0011118946,-0.004554814,0.0,0.0,0.0,0.0,0,61.36
614312000,614312000,0.99999326,0.00067942886,0.001162759,-0.0045612743,0.0,0.0,0.0,0.0,0,61.38
614332000,614332000,0.99999315,0.00067631627,0.0012098422,-0.004567489,0.0,0.0,0.0,0.0,0,61.4
614352000,614352000,0.9999931,0.00067344,0.0012582871,-0.0045737033,0.0,0.0,0.0,0.0,0,61.42
614372000,614372000,0.99999297,0.0006749367,0.0013068425,-0.004580049,0.0,0.0,0.0,0.0,0,61.44
614392000,614392000,0.9999929,0.00068105233,0.0013560411,-0.0045864317,0.0,0.0,0.0,0.0,0,61.46
614412000,614412000,0.9999928,0.00068889244,0.0014017222,-0.004592683,0.0,0.0,0.0,0.0,0,61.48
614432000,614432000,0.9999927,0.0006979194,0.001437768,-0.004598889,0.0,0.0,0.0,0.0,0,61.5
614452000,614452000,0.9999926,0.00070880714,0.0014731195,-0.0046050544,0.0,0.0,0.0,0.0,0,61.52
614472000,614472000,0.9999925,0.00072167435,0.0015107119,-0.0046111788,0.0,0.0,0.0,0.0,0,61.54
614492000,614492000,0.99999243,0.0007365609,0.0015508807,-0.0046172626,0.0,0.0,0.0,0.0,0,61.56
614512000,614512000,0.9999923,0.0007511019,0.001587484,-0.0046237786,0.0,0.0,0.0,0.0,0,61.58
614532000,614532000,0.99999225,0.00076522713,0.0016130587,-0.004630576,0.0,0.0,0.0,0.0,0,61.6
614552000,614552000,0.99999213,0.000779717,0.0016364652,-0.004637408,0.0,0.0,0.0,0.0,0,61.62
614572000,614572000,0.9999921,0.0007951702,0.0016606692,-0.0046442277,0.0,0.0,0.0,0.0,0,61.64
614592000,614592000,0.999992,0.00081348163,0.0016851571,-0.0046511996,0.0,0.0,0.0,0.0,0,61.66
614612000,614612000,0.9999919,0.0008357258,0.0017093209,-0.004658192,0.0,0.0,0.0,0.0,0,61.68
614632000,614632000,0.9999918,0.00086340983,0.001731373,-0.0046656644,0.0,0.0,0.0,0.0,0,61.7
614652000,614652000,0.9999917,0.00089451665,0.0017431177,-0.004673651,0.0,0.0,0.0,0.0,0,61.72
614672000,614672000,0.99999166,0.0009243269,0.0017497997,-0.0046819616,0.0,0.0,0.0,0.0,0,61.74
614692000,614692000,0.9999916,0.0009495957,0.0017459205,-0.0046908665,0.0,0.0,0.0,0.0,0,61.76
614712000,614712000,0.99999154,0.0009717732,0.0017363277,-0.004699884,0.0,0.0,0.0,0.0,0,61.78
614732000,614732000,0.9999915,0.0009937326,0.0017248763,-0.004708993,0.0,0.0,0.0,0.0,0,61.8
614752000,614752000,0.9999914,0.0010172934,0.0017125602,-0.004718103,0.0,0.0,0.0,0.0,0,61.82
614772000,614772000,0.9999914,0.001044095,0.0016990538,-0.0047274246,0.0,0.0,0.0,0.0,0,61.84
614792000,614792000,0.99999136,0.0010761343,0.001682727,-0.0047367937,0.0,0.0,0.0,0.0,0,61.86
614812000,614812000,0.9999913,0.0011105792,0.0016666814,-0.0047461125,0.0,0.0,0.0,0.0,0,61.88
614832000,614832000,0.99999124,0.0011470681,0.001651177,-0.004755493,0.0,0.0,0.0,0.0,0,61.9
614852000,614852000,0.9999912,0.0011883564,0.0016336683,-0.004765203,0.0,0.0,0.0,0.0,0,61.92
614872000,614872000,0.99999106,0.0012291556,0.001621729,-0.0047752564,0.0,0.0,0.0,0.0,0,61.94
614892000,614892000,0.999991,0.001267572,0.00161558,-0.004785993,0.0,0.0,0.0,0.0,0,61.96
614912000,614912000,0.9999909,0.0013053096,0.001610387,-0.0047973692,0.0,0.0,0.0,0.0,0,61.98
614932000,614932000,0.9999908,0.0013436532,0.0015966183,-0.0048090876,0.0,0.0,0.0,0.0,0,62.0
614952000,614952000,0.9999907,0.0013830583,0.0015926166,-0.004821051,0.0,0.0,0.0,0.0,0,62.02
614972000,614972000,0.9999906,0.0014283983,0.0015999415,-0.0048333392,0.0,0.0,0.0,0.0,0,62.04
614992000,614992000,0.9999904,0.0014736191,0.0016092153,-0.004846169,0.0,0.0,0.0,0.0,0,62.06
615012000,615012000,0.9999903,0.0015142834,0.0016145859,-0.004859188,0.0,0.0,0.0,0.0,0,62.08
615032000,615032000,0.99999017,0.0015533684,0.0016182199,-0.004872234,0.0,0.0,0.0,0.0,0,62.1
615052000,615052000,0.99999005,0.0015922082,0.0016211891,-0.0048852446,0.0,0.0,0.0,0.0,0,62.12
615072000,615072000,0.9999899,0.0016313222,0.0016239737,-0.004898248,0.0,0.0,0.0,0.0,0,62.14
615092000,615092000,0.99998975,0.0016672855,0.0016303805,-0.00491143,0.0,0.0,0.0,0.0,0,62.16
615112000,615112000,0.9999896,0.0017014669,0.0016391206,-0.004924538,0.0,0.0,0.0,0.0,0,62.18
615132000,615132000,0.9999895,0.0017351981,0.0016487798,-0.004937636,0.0,0.0,0.0,0.0,0,62.2
615152000,615152000,0.99998933,0.0017681833,0.0016593281,-0.004950614,0.0,0.0,0.0,0.0,0,62.22
615172000,615172000,0.9999892,0.0017944358,0.0016670243,-0.0049633547,0.0,0.0,0.0,0.0,0,62.24
615192000,615192000,0.99998915,0.0018034749,0.0016730875,-0.0049760626,0.0,0.0,0.0,0.0,0,62.26
615212000,615212000,0.9999891,0.0018033737,0.001673257,-0.004988866,0.0,0.0,0.0,0.0,0,62.28
615232000,615232000,0.99998903,0.0017934882,0.001679809,-0.0050018355,0.0,0.0,0.0,0.0,0,62.3
615252000,615252000,0.999989,0.0017794824,0.0016808164,-0.0050149625,0.0,0.0,0.0,0.0,0,62.32
615272000,615272000,0.999989,0.0017618166,0.0016669903,-0.005028403,0.0,0.0,0.0,0.0,0,62.34
615292000,615292000,0.999989,0.0017460232,0.0016459253,-0.005041763,0.0,0.0,0.0,0.0,0,62.36
615312000,615312000,0.999989,0.0017330511,0.0016193005,-0.0050550513,0.0,0.0,0.0,0.0,0,62.38
615332000,615332000,0.99998915,0.0016917181,0.0015087493,-0.0050701792,0.0,0.0,0.0,0.0,0,62.4
615352000,615352000,0.99998987,0.00045855067,-0.0017694569,-0.0051029027,0.0,0.0,0.0,0.0,0,62.42
615372000,615372000,0.9999384,-0.0030089251,-0.009826864,-0.005160324,0.0,0.0,0.0,0.0,0,62.44
615392000,615392000,0.9997807,-0.007920343,-0.018903341,-0.0052502626,0.0,0.0,0.0,0.0,0,62.46
615412000,615412000,0.9995199,-0.013389479,-0.027585551,-0.0053712353,0.0,0.0,0.0,0.0,0,62.48
615432000,615432000,0.9991148,-0.019288592,-0.037097324,-0.0055147945,0.0,0.0,0.0,0.0,0,62.5
615452000,615452000,0.9984637,-0.025988193,-0.04870115,-0.005676508,0.0,0.0,0.0,0.0,0,62.52
615472000,615472000,0.9974606,-0.033684697,-0.06254836,-0.005870415,0.0,0.0,0.0,0.0,0,62.54
615492000,615492000,0.99604994,-0.042237233,-0.07792351,-0.0061243037,0.0,0.0,0.0,0.0,0,62.56
615512000,615512000,0.9941795,-0.05152815,-0.09444246,-0.006460402,0.0,0.0,0.0,0.0,0,62.58
615532000,615532000,0.9917872,-0.06140515,-0.11202307,-0.0068883626,0.0,0.0,0.0,0.0,0,62.6
615552000,615552000,0.9888386,-0.071691506,-0.13043202,-0.0074250423,0.0,0.0,0.0,0.0,0,62.62
615572000,615572000,0.9853939,-0.08210846,-0.14899832,-0.008103598,0.0,0.0,0.0,0.0,0,62.64
615592000,615592000,0.98162335,-0.092293374,-0.16681243,-0.008955707,0.0,0.0,0.0,0.0,0,62.66
615612000,615612000,0.9776701,-0.1020587,-0.18345124,-0.009997786,0.0,0.0,0.0,0.0,0,62.68
615632000,615632000,0.9736541,-0.11120338,-0.19878359,-0.011211227,0.0,0.0,0.0,0.0,0,62.7
615652000,615652000,0.9696575,-0.11966253,-0.21282876,-0.01258064,0.0,0.0,0.0,0.0,0,62.72
615672000,615672000,0.9657515,-0.127361,-0.22564137,-0.014078945,0.0,0.0,0.0,0.0,0,62.74
615692000,615692000,0.9619969,-0.13430896,-0.23724608,-0.015698913,0.0,0.0,0.0,0.0,0,62.76
615712000,615712000,0.958464,-0.14045367,-0.24763905,-0.017419826,0.0,0.0,0.0,0.0,0,62.78
615732000,615732000,0.9552255,-0.1457904,-0.25676516,-0.019238463,0.0,0.0,0.0,0.0,0,62.8
615752000,615752000,0.9523503,-0.15026404,-0.26459804,-0.021132585,0.0,0.0,0.0,0.0,0,62.82
615772000,615772000,0.9498568,-0.153908,-0.27122045,-0.023085287,0.0,0.0,0.0,0.0,0,62.84
615792000,615792000,0.9477664,-0.15672588,-0.27668783,-0.025074538,0.0,0.0,0.0,0.0,0,62.86
615812000,615812000,0.9460711,-0.15876701,-0.28110185,-0.027081102,0.0,0.0,0.0,0.0,0,62.88
615832000,615832000,0.94476944,-0.1600704,-0.28451914,-0.02908906,0.0,0.0,0.0,0.0,0,62.9
615852000,615852000,0.94384897,-0.16069125,-0.28700218,-0.03108577,0.0,0.0,0.0,0.0,0,62.92
615872000,615872000,0.94329727,-0.1606743,-0.28860065,-0.033058215,0.0,0.0,0.0,0.0,0,62.94
615892000,615892000,0.9430946,-0.1600604,-0.28937522,-0.03499022,0.0,0.0,0.0,0.0,0,62.96
615912000,615912000,0.9432198,-0.1589016,-0.28937227,-0.036871564,0.0,0.0,0.0,0.0,0,62.98
615932000,615932000,0.94365346,-0.15724345,-0.28862542,-0.03869266,0.0,0.0,0.0,0.0,0,63.0
615952000,615952000,0.944374,-0.15512894,-0.2871692,-0.040443424,0.0,0.0,0.0,0.0,0,63.02
615972000,615972000,0.9453535,-0.1526055,-0.2850505,-0.04211378,0.0,0.0,0.0,0.0,0,63.04
615992000,615992000,0.94657034,-0.14971015,-0.28229663,-0.04369435,0.0,0.0,0.0,0.0,0,63.06
616012000,616012000,0.94799966,-0.14649086,-0.2789356,-0.04517901,0.0,0.0,0.0,0.0,0,63.08
616032000,616032000,0.94962794,-0.14295599,-0.27497658,-0.046554293,0.0,0.0,0.0,0.0,0,63.1
616052000,616052000,0.9514236,-0.13916044,-0.2704631,-0.047815308,0.0,0.0,0.0,0.0,0,63.12
616072000,616072000,0.95337355,-0.13511285,-0.26539835,-0.04895152,0.0,0.0,0.0,0.0,0,63.14
616092000,616092000,0.9554472,-0.13087326,-0.25981852,-0.04996233,0.0,0.0,0.0,0.0,0,63.16
616112000,616112000,0.9576303,-0.1264276,-0.25374335,-0.05083076,0.0,0.0,0.0,0.0,0,63.18
616132000,616132000,0.9598995,-0.12184069,-0.24718049,-0.051563337,0.0,0.0,0.0,0.0,0,63.2
616152000,616152000,0.96223646,-0.11710348,-0.2401618,-0.05214567,0.0,0.0,0.0,0.0,0,63.22
616172000,616172000,0.9646193,-0.112262644,-0.23270383,-0.052580673,0.0,0.0,0.0,0.0,0,63.24
616192000,616192000,0.9670286,-0.10731454,-0.22484322,-0.0528576,0.0,0.0,0.0,0.0,0,63.26
616212000,616212000,0.9694488,-0.10229358,-0.21658058,-0.05298087,0.0,0.0,0.0,0.0,0,63.28
616232000,616232000,0.9718578,-0.09720007,-0.20796832,-0.05294247,0.0,0.0,0.0,0.0,0,63.3
616252000,616252000,0.9742406,-0.09205253,-0.19901948,-0.05274412,0.0,0.0,0.0,0.0,0,63.32
616272000,616272000,0.9765779,-0.08687125,-0.18977311,-0.052386347,0.0,0.0,0.0,0.0,0,63.34
616292000,616292000,0.97885627,-0.081667095,-0.18024819,-0.05187105,0.0,0.0,0.0,0.0,0,63.36
616312000,616312000,0.9810588,-0.07646107,-0.17048417,-0.051202003,0.0,0.0,0.0,0.0,0,63.38
616332000,616332000,0.9831737,-0.071257025,-0.16050743,-0.050381847,0.0,0.0,0.0,0.0,0,63.4
616352000,616352000,0.98518836,-0.066064715,-0.150355,-0.04941523,0.0,0.0,0.0,0.0,0,63.42
616372000,616372000,0.9870902,-0.060891986,-0.14007397,-0.048306882,0.0,0.0,0.0,0.0,0,63.44
616392000,616392000,0.98887223,-0.055748623,-0.12968366,-0.04706437,0.0,0.0,0.0,0.0,0,63.46
616412000,616412000,0.9905247,-0.050652087,-0.119231395,-0.04569607,0.0,0.0,0.0,0.0,0,63.48
616432000,616432000,0.9920432,-0.045607656,-0.10874143,-0.044210713,0.0,0.0,0.0,0.0,0,63.5
616452000,616452000,0.9934217,-0.04063553,-0.0982594,-0.04261901,0.0,0.0,0.0,0.0,0,63.52
616472000,616472000,0.99465877,-0.03572157,-0.087816745,-0.04092922,0.0,0.0,0.0,0.0,0,63.54
616492000,616492000,0.9957522,-0.03088814,-0.077457085,-0.039153375,0.0,0.0,0.0,0.0,0,63.56
616512000,616512000,0.9967034,-0.026120117,-0.06721487,-0.037300907,0.0,0.0,0.0,0.0,0,63.58
616532000,616532000,0.99751455,-0.021442236,-0.057112716,-0.035385836,0.0,0.0,0.0,0.0,0,63.6
616552000,616552000,0.9981894,-0.016844278,-0.0471858,-0.033419143,0.0,0.0,0.0,0.0,0,63.62
616572000,616572000,0.998733,-0.012342683,-0.037447315,-0.031414364,0.0,0.0,0.0,0.0,0,63.64
616592000,616592000,0.99915123,-0.007926068,-0.027924115,-0.029383259,0.0,0.0,0.0,0.0,0,63.66
616612000,616612000,0.9994506,-0.0036134452,-0.01862888,-0.027338725,0.0,0.0,0.0,0.0,0,63.68
616632000,616632000,0.9996384,0.00059733726,-0.009602479,-0.025292473,0.0,0.0,0.0,0.0,0,63.7
616652000,616652000,0.9997227,0.0046930015,-0.0008425668,-0.023256812,0.0,0.0,0.0,0.0,0,63.72
616672000,616672000,0.99971205,0.008691877,0.0076256776,-0.02124318,0.0,0.0,0.0,0.0,0,63.74
616692000,616692000,0.99961495,0.012580133,0.015801376,-0.019262603,0.0,0.0,0.0,0.0,0,63.76
616712000,616712000,0.99944055,0.016367707,0.023656987,-0.017325781,0.0,0.0,0.0,0.0,0,63.78
616732000,616732000,0.9991968,0.020050338,0.031214477,-0.015442104,0.0,0.0,0.0,0.0,0,63.8
616752000,616752000,0.9988926,0.023632864,0.038453013,-0.013620969,0.0,0.0,0.0,0.0,0,63.82
616772000,616772000,0.9985356,0.027101217,0.045392547,-0.0118696075,0.0,0.0,0.0,0.0,0,63.84
616792000,616792000,0.9981339,0.030458946,0.052020602,-0.010196216,0.0,0.0,0.0,0.0,0,63.86
616812000,616812000,0.9976945,0.033692997,0.058356706,-0.00860625,0.0,0.0,0.0,0.0,0,63.88
616832000,616832000,0.9972259,0.03681358,0.06437285,-0.007107131,0.0,0.0,0.0,0.0,0,63.9
616852000,616852000,0.99673337,0.03981801,0.07009784,-0.00570313,0.0,0.0,0.0,0.0,0,63.92
616872000,616872000,0.9962239,0.042713806,0.07551913,-0.004399575,0.0,0.0,0.0,0.0,0,63.94
616892000,616892000,0.9957037,0.045481857,0.080650315,-0.003198473,0.0,0.0,0.0,0.0,0,63.96
616912000,616912000,0.99517876,0.04813347,0.085481465,-0.0021040232,0.0,0.0,0.0,0.0,0,63.98
616932000,616932000,0.99465376,0.050654918,0.090032205,-0.001116751,0.0,0.0,0.0,0.0,0,64.0
616952000,616952000,0.99413276,0.053059503,0.09430684,-0.00023899486,0.0,0.0,0.0,0.0,0,64.02
616972000,616972000,0.993619,0.055330306,0.09832929,0.000531179,0.0,0.0,0.0,0.0,0,64.04
616992000,616992000,0.9931157,0.05748715,0.10209852,0.0011918978,0.0,0.0,0.0,0.0,0,64.06
617012000,617012000,0.99262804,0.059519045,0.10560824,0.0017441285,0.0,0.0,0.0,0.0,0,64.08
617032000,617032000,0.9921579,0.061438724,0.10886849,0.0021878174,0.0,0.0,0.0,0.0,0,64.1
617052000,617052000,0.99170864,0.06322804,0.11188773,0.002527525,0.0,0.0,0.0,0.0,0,64.12
617072000,617072000,0.9912814,0.064891696,0.114680804,0.0027662113,0.0,0.0,0.0,0.0,0,64.14
617092000,617092000,0.9908781,0.06642236,0.11725722,0.0029080044,0.0,0.0,0.0,0.0,0,64.16
617112000,617112000,0.99049956,0.06784013,0.119619146,0.0029536702,0.0,0.0,0.0,0.0,0,64.18
617132000,617132000,0.99014735,0.069137976,0.121773444,0.002908079,0.0,0.0,0.0,0.0,0,64.2
617152000,617152000,0.98982215,0.07031688,0.123729624,0.0027757918,0.0,0.0,0.0,0.0,0,64.22
617172000,617172000,0.989526,0.071376525,0.12548421,0.002560843,0.0,0.0,0.0,0.0,0,64.24
617192000,617192000,0.9892577,0.072327815,0.12705046,0.0022672825,0.0,0.0,0.0,0.0,0,64.26
617212000,617212000,0.9890172,0.07316813,0.12844017,0.0019011316,0.0,0.0,0.0,0.0,0,64.28
617232000,617232000,0.9888051,0.07390377,0.12965201,0.0014662131,0.0,0.0,0.0,0.0,0,64.3
617252000,617252000,0.9886229,0.07453943,0.13067833,0.0009664735,0.0,0.0,0.0,0.0,0,64.32
617272000,617272000,0.98846895,0.075075656,0.13153614,0.00040848486,0.0,0.0,0.0,0.0,0,64.34
617292000,617292000,0.9883425,0.075511195,0.13223532,-0.0002017219,0.0,0.0,0.0,0.0,0,64.36
617312000,617312000,0.9882433,0.075851806,0.13277832,-0.00085930934,0.0,0.0,0.0,0.0,0,64.38
617332000,617332000,0.9881705,0.076100536,0.1331709,-0.001558908,0.0,0.0,0.0,0.0,0,64.4
617352000,617352000,0.98812383,0.0762641,0.13341238,-0.0022960007,0.0,0.0,0.0,0.0,0,64.42
617372000,617372000,0.9881025,0.076344125,0.13350937,-0.0030650266,0.0,0.0,0.0,0.0,0,64.44
617392000,617392000,0.98810554,0.07633578,0.13347082,-0.003859357,0.0,0.0,0.0,0.0,0,64.46
617412000,617412000,0.9881338,0.076244585,0.13328768,-0.0046751206,0.0,0.0,0.0,0.0,0,64.48
617432000,617432000,0.98818606,0.07607375,0.13296588,-0.005506997,0.0,0.0,0.0,0.0,0,64.5
617452000,617452000,0.9882601,0.07582379,0.13251974,-0.006349313,0.0,0.0,0.0,0.0,0,64.52
617472000,617472000,0.9883544,0.07550314,0.13195533,-0.007197824,0.0,0.0,0.0,0.0,0,64.54
617492000,617492000,0.988468,0.075113714,0.13127571,-0.008047987,0.0,0.0,0.0,0.0,0,64.56
617512000,617512000,0.9885994,0.07465907,0.13048843,-0.008895004,0.0,0.0,0.0,0.0,0,64.58
617532000,617532000,0.9887467,0.07415047,0.12959948,-0.009735866,0.0,0.0,0.0,0.0,0,64.6
617552000,617552000,0.9889093,0.07358697,0.12861095,-0.010566428,0.0,0.0,0.0,0.0,0,64.62
617572000,617572000,0.9890872,0.07297171,0.12751919,-0.011383548,0.0,0.0,0.0,0.0,0,64.64
617592000,617592000,0.9892794,0.07230644,0.12632799,-0.012183256,0.0,0.0,0.0,0.0,0,64.66
617612000,617612000,0.9894846,0.071592994,0.12504287,-0.012962315,0.0,0.0,0.0,0.0,0,64.68
617632000,617632000,0.9897021,0.070834,0.12366563,-0.013717911,0.0,0.0,0.0,0.0,0,64.7
617652000,617652000,0.9899299,0.07003323,0.122206956,-0.0144469645,0.0,0.0,0.0,0.0,0,64.72
617672000,617672000,0.990167,0.06919351,0.12066988,-0.015147022,0.0,0.0,0.0,0.0,0,64.74
617692000,617692000,0.99041283,0.06831612,0.119055726,-0.015815798,0.0,0.0,0.0,0.0,0,64.76
617712000,617712000,0.990667,0.06740499,0.11736261,-0.016451601,0.0,0.0,0.0,0.0,0,64.78
617732000,617732000,0.9909278,0.06646241,0.11559919,-0.017052263,0.0,0.0,0.0,0.0,0,64.8
617752000,617752000,0.9911938,0.06548563,0.11377738,-0.017615324,0.0,0.0,0.0,0.0,0,64.82
617772000,617772000,0.9914645,0.06448092,0.111894265,-0.018140702,0.0,0.0,0.0,0.0,0,64.84
617792000,617792000,0.99173856,0.06345039,0.10995845,-0.018626995,0.0,0.0,0.0,0.0,0,64.86
617812000,617812000,0.99201477,0.062391512,0.10797832,-0.019071931,0.0,0.0,0.0,0.0,0,64.88
617832000,617832000,0.9922936,0.061308682,0.105945766,-0.019475883,0.0,0.0,0.0,0.0,0,64.9
617852000,617852000,0.9925744,0.06020427,0.10386049,-0.019838773,0.0,0.0,0.0,0.0,0,64.92
617872000,617872000,0.99285597,0.05907723,0.101732835,-0.020159846,0.0,0.0,0.0,0.0,0,64.94
617892000,617892000,0.99313796,0.057926472,0.099563584,-0.02043899,0.0,0.0,0.0,0.0,0,64.96
617912000,617912000,0.99341846,0.056756165,0.09736607,-0.020676285,0.0,0.0,0.0,0.0,0,64.98
617932000,617932000,0.99369746,0.055567823,0.09513693,-0.020872783,0.0,0.0,0.0,0.0,0,65.0
617952000,617952000,0.9939738,0.054364376,0.09288414,-0.021028817,0.0,0.0,0.0,0.0,0,65.02
617972000,617972000,0.9942465,0.05314818,0.09061577,-0.021144647,0.0,0.0,0.0,0.0,0,65.04
617992000,617992000,0.9945151,0.051917776,0.08833475,-0.021220917,0.0,0.0,0.0,0.0,0,65.06
618012000,618012000,0.99477965,0.05067007,0.086041465,-0.021258617,0.0,0.0,0.0,0.0,0,65.08
618032000,618032000,0.99503887,0.049408276,0.08374716,-0.021258723,0.0,0.0,0.0,0.0,0,65.1
618052000,618052000,0.99529284,0.048131377,0.081450924,-0.021222465,0.0,0.0,0.0,0.0,0,65.12
618072000,618072000,0.99554026,0.046846695,0.07916212,-0.02115161,0.0,0.0,0.0,0.0,0,65.14
618092000,618092000,0.9957814,0.045547068,0.07688295,-0.021047134,0.0,0.0,0.0,0.0,0,65.16
618112000,618112000,0.99601597,0.04423245,0.07461624,-0.020910379,0.0,0.0,0.0,0.0,0,65.18
618132000,618132000,0.99624336,0.042905383,0.07236787,-0.020743338,0.0,0.0,0.0,0.0,0,65.2
618152000,618152000,0.9964629,0.041583918,0.07013831,-0.020548994,0.0,0.0,0.0,0.0,0,65.22
618172000,618172000,0.9966752,0.04026121,0.06792275,-0.020328633,0.0,0.0,0.0,0.0,0,65.24
618192000,618192000,0.99687946,0.038944732,0.06572922,-0.020084191,0.0,0.0,0.0,0.0,0,65.26
618212000,618212000,0.99707603,0.03762949,0.063559406,-0.019817054,0.0,0.0,0.0,0.0,0,65.28
618232000,618232000,0.9972643,0.036322277,0.06141892,-0.01952909,0.0,0.0,0.0,0.0,0,65.3
618252000,618252000,0.99744457,0.035019096,0.059309237,-0.019221673,0.0,0.0,0.0,0.0,0,65.32
618272000,618272000,0.9976163,0.033730634,0.057236068,-0.01889729,0.0,0.0,0.0,0.0,0,65.34
618292000,618292000,0.99778,0.03245143,0.055196527,-0.018557707,0.0,0.0,0.0,0.0,0,65.36
618312000,618312000,0.99793583,0.031185653,0.05319081,-0.01820497,0.0,0.0,0.0,0.0,0,65.38
618332000,618332000,0.9980837,0.0299258,0.051226806,-0.017840326,0.0,0.0,0.0,0.0,0,65.4
618352000,618352000,0.998224,0.028675584,0.049301073,-0.017465677,0.0,0.0,0.0,0.0,0,65.42
618372000,618372000,0.99835706,0.027434794,0.047411155,-0.017082777,0.0,0.0,0.0,0.0,0,65.44
618392000,618392000,0.99848217,0.026220163,0.04556679,-0.016693879,0.0,0.0,0.0,0.0,0,65.46
618412000,618412000,0.9985997,0.025021985,0.04377126,-0.016299827,0.0,0.0,0.0,0.0,0,65.48
618432000,618432000,0.9987103,0.02384791,0.042015463,-0.01590275,0.0,0.0,0.0,0.0,0,65.5
618452000,618452000,0.9988147,0.022681687,0.040292606,-0.015503813,0.0,0.0,0.0,0.0,0,65.52
618472000,618472000,0.9989128,0.02153572,0.038604654,-0.015104928,0.0,0.0,0.0,0.0,0,65.54
618492000,618492000,0.9990042,0.02041004,0.036972016,-0.014707133,0.0,0.0,0.0,0.0,0,65.56
618512000,618512000,0.9990891,0.019307058,0.035389204,-0.014312006,0.0,0.0,0.0,0.0,0,65.58
618532000,618532000,0.9991684,0.018216316,0.033852246,-0.01392007,0.0,0.0,0.0,0.0,0,65.6
618552000,618552000,0.99924225,0.017146923,0.032354992,-0.013533091,0.0,0.0,0.0,0.0,0,65.62
618572000,618572000,0.99931055,0.016098928,0.030908227,-0.013152167,0.0,0.0,0.0,0.0,0,65.64
618592000,618592000,0.99937344,0.015081643,0.029514346,-0.012778555,0.0,0.0,0.0,0.0,0,65.66
618612000,618612000,0.9994314,0.014087624,0.028169326,-0.01241262,0.0,0.0,0.0,0.0,0,65.68
618632000,618632000,0.9994846,0.013126907,0.026868882,-0.012055702,0.0,0.0,0.0,0.0,0,65.7
618652000,618652000,0.99953353,0.0121924775,0.025615012,-0.011708333,0.0,0.0,0.0,0.0,0,65.72
618672000,618672000,0.9995783,0.011285691,0.024405776,-0.011371247,0.0,0.0,0.0,0.0,0,65.74
618692000,618692000,0.9996193,0.010394678,0.02324422,-0.011044757,0.0,0.0,0.0,0.0,0,65.76
618712000,618712000,0.99965674,0.009526798,0.022126205,-0.010729769,0.0,0.0,0.0,0.0,0,65.78
618732000,618732000,0.99969083,0.008681385,0.02105269,-0.010426499,0.0,0.0,0.0,0.0,0,65.8
618752000,618752000,0.9997218,0.007870543,0.02001824,-0.010135805,0.0,0.0,0.0,0.0,0,65.82
618772000,618772000,0.9997499,0.0070921048,0.019021325,-0.009858315,0.0,0.0,0.0,0.0,0,65.84
618792000,618792000,0.9997753,0.006346233,0.018060133,-0.009594565,0.0,0.0,0.0,0.0,0,65.86
618812000,618812000,0.9997983,0.005623692,0.01713291,-0.00934433,0.0,0.0,0.0,0.0,0,65.88
618832000,618832000,0.999819,0.004930146,0.01624185,-0.009107648,0.0,0.0,0.0,0.0,0,65.9
618852000,618852000,0.9998376,0.0042621307,0.015390002,-0.008884634,0.0,0.0,0.0,0.0,0,65.92
618872000,618872000,0.99985415,0.003626018,0.01457397,-0.008675744,0.0,0.0,0.0,0.0,0,65.94
618892000,618892000,0.9998689,0.0030191,0.01379047,-0.008481341,0.0,0.0,0.0,0.0,0,65.96
618912000,618912000,0.9998821,0.0024409438,0.013037813,-0.008301413,0.0,0.0,0.0,0.0,0,65.98
618932000,618932000,0.9998938,0.0018851769,0.012319464,-0.008135725,0.0,0.0,0.0,0.0,0,66.0
618952000,618952000,0.99990416,0.0013491543,0.011627687,-0.007983889,0.0,0.0,0.0,0.0,0,66.02
618972000,618972000,0.9999134,0.00082809926,0.010958244,-0.007845875,0.0,0.0,0.0,0.0,0,66.04
618992000,618992000,0.9999215,0.00033078794,0.010315564,-0.0077217654,0.0,0.0,0.0,0.0,0,66.06
619012000,619012000,0.99992853,-0.00014220263,0.009701695,-0.0076113855,0.0,0.0,0.0,0.0,0,66.08
619032000,619032000,0.9999347,-0.00059206923,0.009107421,-0.007514103,0.0,0.0,0.0,0.0,0,66.1
619052000,619052000,0.99994,-0.0010132007,0.008539784,-0.00742951,0.0,0.0,0.0,0.0,0,66.12
619072000,619072000,0.9999445,-0.0014039259,0.0080009075,-0.007357338,0.0,0.0,0.0,0.0,0,66.14
619092000,619092000,0.9999483,-0.0017644314,0.0074926866,-0.0072974237,0.0,0.0,0.0,0.0,0,66.16
619112000,619112000,0.9999515,-0.0020961724,0.007012579,-0.0072493097,0.0,0.0,0.0,0.0,0,66.18
619132000,619132000,0.99995416,-0.002407261,0.0065532704,-0.0072124307,0.0,0.0,0.0,0.0,0,66.2
619152000,619152000,0.9999564,-0.0027033184,0.006109677,-0.0071862983,0.0,0.0,0.0,0.0,0,66.22
619172000,619172000,0.9999582,-0.0029893217,0.0056875413,-0.0071699894,0.0,0.0,0.0,0.0,0,66.24
619192000,619192000,0.9999597,-0.0032550353,0.0052736187,-0.0071629807,0.0,0.0,0.0,0.0,0,66.26
619212000,619212000,0.99996084,-0.0035019424,0.0048798486,-0.007164653,0.0,0.0,0.0,0.0,0,66.28
619232000,619232000,0.9999617,-0.0037303038,0.004517959,-0.0071747415,0.0,0.0,0.0,0.0,0,66.3
619252000,619252000,0.99996215,-0.0039388365,0.0041867364,-0.00719261,0.0,0.0,0.0,0.0,0,66.32
619272000,619272000,0.9999625,-0.0041258936,0.0038697869,-0.007217563,0.0,0.0,0.0,0.0,0,66.34
619292000,619292000,0.9999627,-0.0042950073,0.0035654646,-0.007249126,0.0,0.0,0.0,0.0,0,66.36
619312000,619312000,0.99996275,-0.004442653,0.003278631,-0.0072867274,0.0,0.0,0.0,0.0,0,66.38
619332000,619332000,0.99996275,-0.0045624985,0.0030149887,-0.0073301177,0.0,0.0,0.0,0.0,0,66.4
619352000,619352000,0.9999626,-0.004664941,0.0027645533,-0.007378988,0.0,0.0,0.0,0.0,0,66.42
619372000,619372000,0.99996245,-0.0047550793,0.0025229144,-0.0074324976,0.0,0.0,0.0,0.0,0,66.44
619392000,619392000,0.99996215,-0.004841164,0.0022993172,-0.007489958,0.0,0.0,0.0,0.0,0,66.46
619412000,619412000,0.99996173,-0.0049256976,0.002098241,-0.007550916,0.0,0.0,0.0,0.0,0,66.48
619432000,619432000,0.9999612,-0.005002885,0.001913444,-0.0076145953,0.0,0.0,0.0,0.0,0,66.5
619452000,619452000,0.9999607,-0.005066328,0.0017396824,-0.0076810378,0.0,0.0,0.0,0.0,0,66.52
619472000,619472000,0.9999602,-0.0051169824,0.0015774375,-0.0077499924,0.0,0.0,0.0,0.0,0,66.54
619492000,619492000,0.9999597,-0.005149611,0.0014272584,-0.007821031,0.0,0.0,0.0,0.0,0,66.56
619512000,619512000,0.99995923,-0.0051697907,0.0012832928,-0.007893714,0.0,0.0,0.0,0.0,0,66.58
619532000,619532000,0.99995875,-0.005181034,0.0011445662,-0.007967017,0.0,0.0,0.0,0.0,0,66.6
619552000,619552000,0.9999582,-0.0051907455,0.0010247143,-0.008040298,0.0,0.0,0.0,0.0,0,66.62
619572000,619572000,0.9999577,-0.005195662,0.0009239843,-0.008113757,0.0,0.0,0.0,0.0,0,66.64
619592000,619592000,0.99995714,-0.0051979744,0.0008459451,-0.008186938,0.0,0.0,0.0,0.0,0,66.66
619612000,619612000,0.9999566,-0.0052001625,0.0007933061,-0.008259579,0.0,0.0,0.0,0.0,0,66.68
619632000,619632000,0.9999561,-0.00519383,0.0007451155,-0.008330816,0.0,0.0,0.0,0.0,0,66.7
619652000,619652000,0.99995565,-0.0051750145,0.0006900749,-0.008400635,0.0,0.0,0.0,0.0,0,66.72
619672000,619672000,0.99995524,-0.0051496676,0.00063727546,-0.0084686,0.0,0.0,0.0,0.0,0,66.74
619692000,619692000,0.9999549,-0.0051206853,0.00058115623,-0.008534533,0.0,0.0,0.0,0.0,0,66.76
619712000,619712000,0.9999545,-0.0050870096,0.000533909,-0.008599046,0.0,0.0,0.0,0.0,0,66.78
619732000,619732000,0.99995416,-0.0050464184,0.0004941469,-0.008661591,0.0,0.0,0.0,0.0,0,66.8
619752000,619752000,0.9999539,-0.005002601,0.00045312013,-0.008721729,0.0,0.0,0.0,0.0,0,66.82
619772000,619772000,0.99995357,-0.004966835,0.00041601033,-0.008778835,0.0,0.0,0.0,0.0,0,66.84
619792000,619792000,0.99995327,-0.0049396553,0.0003809483,-0.008832958,0.0,0.0,0.0,0.0,0,66.86
619812000,619812000,0.999953,-0.004913571,0.00033919737,-0.00888366,0.0,0.0,0.0,0.0,0,66.88
619832000,619832000,0.9999526,-0.004896849,0.00029898988,-0.008930775,0.0,0.0,0.0,0.0,0,66.9
619852000,619852000,0.9999524,-0.004875983,0.00026194786,-0.008974181,0.0,0.0,0.0,0.0,0,66.92
619872000,619872000,0.9999522,-0.0048355497,0.00023570991,-0.009013944,0.0,0.0,0.0,0.0,0,66.94
619892000,619892000,0.99995214,-0.004784457,0.00020972812,-0.00904982,0.0,0.0,0.0,0.0,0,66.96
619912000,619912000,0.99995214,-0.004727871,0.000178561,-0.009081703,0.0,0.0,0.0,0.0,0,66.98
619932000,619932000,0.99995214,-0.0046660113,0.00014168963,-0.0091099,0.0,0.0,0.0,0.0,0,67.0
619952000,619952000,0.99995226,-0.004591224,0.00010654394,-0.009134637,0.0,0.0,0.0,0.0,0,67.02
619972000,619972000,0.9999525,-0.004507669,6.971057e-05,-0.009155771,0.0,0.0,0.0,0.0,0,67.04
619992000,619992000,0.99995273,-0.0044166218,3.763171e-05,-0.0091738,0.0,0.0,0.0,0.0,0,67.06
620012000,620012000,0.999953,-0.0043213246,1.0022052e-05,-0.009188413,0.0,0.0,0.0,0.0,0,67.08
620032000,620032000,0.9999533,-0.0042222743,-1.7194316e-05,-0.009199686,0.0,0.0,0.0,0.0,0,67.1
620052000,620052000,0.9999537,-0.0041197287,-3.9160142e-05,-0.009207639,0.0,0.0,0.0,0.0,0,67.12
620072000,620072000,0.99995404,-0.0040126415,-6.365406e-05,-0.009211824,0.0,0.0,0.0,0.0,0,67.14
620092000,620092000,0.9999545,-0.00390305,-9.245422e-05,-0.00921252,0.0,0.0,0.0,0.0,0,67.16
620112000,620112000,0.99995494,-0.0037990275,-0.000118812386,-0.009210056,0.0,0.0,0.0,0.0,0,67.18
620132000,620132000,0.99995536,-0.003698597,-0.00014166719,-0.009204568,0.0,0.0,0.0,0.0,0,67.2
620152000,620152000,0.9999558,-0.0035949633,-0.0001549121,-0.009196692,0.0,0.0,0.0,0.0,0,67.22
620172000,620172000,0.99995625,-0.003493121,-0.00018016432,-0.009186573,0.0,0.0,0.0,0.0,0,67.24
620192000,620192000,0.99995667,-0.0033903215,-0.00020604223,-0.00917454,0.0,0.0,0.0,0.0,0,67.26
620212000,620212000,0.9999572,-0.0032837654,-0.00021366833,-0.00916078,0.0,0.0,0.0,0.0,0,67.28
620232000,620232000,0.9999577,-0.00318008,-0.00021390435,-0.0091455905,0.0,0.0,0.0,0.0,0,67.3
620252000,620252000,0.9999581,-0.0030775086,-0.000227487,-0.009129279,0.0,0.0,0.0,0.0,0,67.32
620272000,620272000,0.9999586,-0.0029786467,-0.0002383588,-0.009111858,0.0,0.0,0.0,0.0,0,67.34
620292000,620292000,0.999959,-0.002888544,-0.00024094556,-0.009093772,0.0,0.0,0.0,0.0,0,67.36
620312000,620312000,0.9999594,-0.0028024025,-0.00024162472,-0.009075368,0.0,0.0,0.0,0.0,0,67.38
620332000,620332000,0.9999598,-0.0027169015,-0.00023840454,-0.009056506,0.0,0.0,0.0,0.0,0,67.4
620352000,620352000,0.99996024,-0.0026302685,-0.00023612268,-0.0090376,0.0,0.0,0.0,0.0,0,67.42
620372000,620372000,0.9999606,-0.0025404934,-0.0002383613,-0.009018641,0.0,0.0,0.0,0.0,0,67.44
620392000,620392000,0.999961,-0.002453875,-0.000239159,-0.008999,0.0,0.0,0.0,0.0,0,67.46
620412000,620412000,0.9999614,-0.0023706977,-0.00022732957,-0.008978975,0.0,0.0,0.0,0.0,0,67.48
620432000,620432000,0.9999618,-0.002286064,-0.00021118888,-0.008958935,0.0,0.0,0.0,0.0,0,67.5
620452000,620452000,0.99996215,-0.0021976542,-0.0001972995,-0.008938938,0.0,0.0,0.0,0.0,0,67.52
620472000,620472000,0.99996257,-0.0021022342,-0.00018662719,-0.008918832,0.0,0.0,0.0,0.0,0,67.54
620492000,620492000,0.9999629,-0.0019969556,-0.00017807135,-0.008898588,0.0,0.0,0.0,0.0,0,67.56
620512000,620512000,0.99996334,-0.0018823063,-0.00017198041,-0.008878449,0.0,0.0,0.0,0.0,0,67.58
620532000,620532000,0.99996376,-0.0017617542,-0.00016947166,-0.008858356,0.0,0.0,0.0,0.0,0,67.6
620552000,620552000,0.9999641,-0.001641136,-0.0001567444,-0.008838169,0.0,0.0,0.0,0.0,0,67.62
620572000,620572000,0.99996454,-0.0015198512,-0.00013864173,-0.00881805,0.0,0.0,0.0,0.0,0,67.64
620592000,620592000,0.9999649,-0.001394157,-0.00012296802,-0.008798039,0.0,0.0,0.0,0.0,0,67.66
620612000,620612000,0.9999652,-0.0012685867,-0.000105046,-0.008778751,0.0,0.0,0.0,0.0,0,67.68
620632000,620632000,0.99996555,-0.0011487667,-8.165668e-05,-0.008760088,0.0,0.0,0.0,0.0,0,67.7
620652000,620652000,0.9999658,-0.001029579,-5.752242e-05,-0.008741946,0.0,0.0,0.0,0.0,0,67.72
620672000,620672000,0.9999661,-0.0009130691,-3.1312386e-05,-0.008724245,0.0,0.0,0.0,0.0,0,67.74
620692000,620692000,0.9999663,-0.0007932552,-8.343999e-06,-0.008706805,0.0,0.0,0.0,0.0,0,67.76
620712000,620712000,0.99996656,-0.000674604,1.5268593e-05,-0.008690114,0.0,0.0,0.0,0.0,0,67.78
620732000,620732000,0.9999668,-0.0005621929,4.5417168e-05,-0.008674194,0.0,0.0,0.0,0.0,0,67.8
620752000,620752000,0.999967,-0.0004539049,7.935213e-05,-0.008658818,0.0,0.0,0.0,0.0,0,67.82
620772000,620772000,0.99996716,-0.00034471636,0.00011257643,-0.008643742,0.0,0.0,0.0,0.0,0,67.84
620792000,620792000,0.9999673,-0.00023719898,0.00014717625,-0.008629331,0.0,0.0,0.0,0.0,0,67.86
620812000,620812000,0.9999674,-0.00013117972,0.00018350281,-0.0086153895,0.0,0.0,0.0,0.0,0,67.88
620832000,620832000,0.9999675,-2.8958484e-05,0.00022343296,-0.008602197,0.0,0.0,0.0,0.0,0,67.9
620852000,620852000,0.99996763,7.388914e-05,0.00025765828,-0.0085898675,0.0,0.0,0.0,0.0,0,67.92
620872000,620872000,0.9999677,0.00016957868,0.00028767774,-0.008578854,0.0,0.0,0.0,0.0,0,67.94
620892000,620892000,0.99996775,0.0002495179,0.0003157899,-0.008569013,0.0,0.0,0.0,0.0,0,67.96
620912000,620912000,0.9999678,0.00033001657,0.00033435813,-0.00856002,0.0,0.0,0.0,0.0,0,67.98
620932000,620932000,0.9999678,0.00041102924,0.00034846083,-0.008551863,0.0,0.0,0.0,0.0,0,68.0
620952000,620952000,0.9999679,0.0004844855,0.00036828074,-0.008544542,0.0,0.0,0.0,0.0,0,68.02
620972000,620972000,0.9999679,0.00055664143,0.00038519801,-0.008538075,0.0,0.0,0.0,0.0,0,68.04
620992000,620992000,0.9999679,0.00063013483,0.00039151876,-0.0085327,0.0,0.0,0.0,0.0,0,68.06
621012000,621012000,0.9999679,0.0007030488,0.00039655488,-0.0085285045,0.0,0.0,0.0,0.0,0,68.08
621032000,621032000,0.9999678,0.0007773037,0.00040496895,-0.008525701,0.0,0.0,0.0,0.0,0,68.1
621052000,621052000,0.99996775,0.00084659486,0.00040902998,-0.008524119,0.0,0.0,0.0,0.0,0,68.12
621072000,621072000,0.99996775,0.0009120783,0.00040887803,-0.008523731,0.0,0.0,0.0,0.0,0,68.14
621092000,621092000,0.99996763,0.000986807,0.00041831957,-0.008524906,0.0,0.0,0.0,0.0,0,68.16
621112000,621112000,0.9999675,0.0010640132,0.00042698064,-0.008527484,0.0,0.0,0.0,0.0,0,68.18
621132000,621132000,0.9999674,0.0011383329,0.00042874424,-0.008531805,0.0,0.0,0.0,0.0,0,68.2
621152000,621152000,0.9999673,0.0012156833,0.00043121987,-0.008537658,0.0,0.0,0.0,0.0,0,68.22
621172000,621172000,0.9999671,0.0012908198,0.00042104395,-0.008544763,0.0,0.0,0.0,0.0,0,68.24
621192000,621192000,0.999967,0.0013575841,0.0003948845,-0.008552898,0.0,0.0,0.0,0.0,0,68.26
621212000,621212000,0.9999668,0.0014139476,0.00038153346,-0.008561751,0.0,0.0,0.0,0.0,0,68.28
621232000,621232000,0.9999667,0.0014625428,0.00038227244,-0.00857152,0.0,0.0,0.0,0.0,0,68.3
621252000,621252000,0.9999665,0.0015042584,0.00037885597,-0.008582628,0.0,0.0,0.0,0.0,0,68.32
621272000,621272000,0.9999664,0.0015409257,0.0003644966,-0.008595116,0.0,0.0,0.0,0.0,0,68.34
621292000,621292000,0.9999662,0.0015782545,0.00034256795,-0.00860904,0.0,0.0,0.0,0.0,0,68.36
621312000,621312000,0.999966,0.0016100884,0.0003245365,-0.008623522,0.0,0.0,0.0,0.0,0,68.38
621332000,621332000,0.99996585,0.0016257239,0.00030844315,-0.00863878,0.0,0.0,0.0,0.0,0,68.4
621352000,621352000,0.9999657,0.0016274821,0.0002830423,-0.008654922,0.0,0.0,0.0,0.0,0,68.42
621372000,621372000,0.9999656,0.0016265116,0.00025217189,-0.008671891,0.0,0.0,0.0,0.0,0,68.44
621392000,621392000,0.9999654,0.0016296894,0.00022573004,-0.00868885,0.0,0.0,0.0,0.0,0,68.46
621412000,621412000,0.9999653,0.0016244093,0.00020185445,-0.008705841,0.0,0.0,0.0,0.0,0,68.48
621432000,621432000,0.9999652,0.0016096798,0.0001738311,-0.008722581,0.0,0.0,0.0,0.0,0,68.5
621452000,621452000,0.9999651,0.0015866298,0.00015357292,-0.008739097,0.0,0.0,0.0,0.0,0,68.52
621472000,621472000,0.999965,0.0015511108,0.0001310511,-0.008756176,0.0,0.0,0.0,0.0,0,68.54
621492000,621492000,0.99996495,0.0015033596,9.273807e-05,-0.008773732,0.0,0.0,0.0,0.0,0,68.56
621512000,621512000,0.99996483,0.0014502152,6.031534e-05,-0.008791426,0.0,0.0,0.0,0.0,0,68.58
621532000,621532000,0.9999648,0.0013931312,4.4718112e-05,-0.008809243,0.0,0.0,0.0,0.0,0,68.6
621552000,621552000,0.9999647,0.0013301518,1.8762616e-05,-0.008827013,0.0,0.0,0.0,0.0,0,68.62
621572000,621572000,0.99996465,0.0012709463,-2.0252339e-05,-0.008844931,0.0,0.0,0.0,0.0,0,68.64
621592000,621592000,0.99996454,0.0012115674,-6.011211e-05,-0.008862916,0.0,0.0,0.0,0.0,0,68.66
621612000,621612000,0.9999644,0.001154827,-0.00010472505,-0.008880921,0.0,0.0,0.0,0.0,0,68.68
621632000,621632000,0.99996436,0.001095197,-0.0001492286,-0.00889934,0.0,0.0,0.0,0.0,0,68.7
621652000,621652000,0.99996424,0.001033218,-0.00019386427,-0.008917744,0.0,0.0,0.0,0.0,0,68.72
621672000,621672000,0.9999641,0.0009750337,-0.00024271203,-0.00893592,0.0,0.0,0.0,0.0,0,68.74
621692000,621692000,0.999964,0.0009209914,-0.00029596893,-0.00895402,0.0,0.0,0.0,0.0,0,68.76
621712000,621712000,0.9999639,0.0008635931,-0.00034757893,-0.00897235,0.0,0.0,0.0,0.0,0,68.78
621732000,621732000,0.99996376,0.0008081974,-0.00039744936,-0.008990514,0.0,0.0,0.0,0.0,0,68.8
621752000,621752000,0.9999636,0.0007547085,-0.0004445829,-0.009008593,0.0,0.0,0.0,0.0,0,68.82
621772000,621772000,0.99996346,0.00069816277,-0.0004925156,-0.009026265,0.0,0.0,0.0,0.0,0,68.84
621792000,621792000,0.9999633,0.0006296253,-0.00055227015,-0.009043216,0.0,0.0,0.0,0.0,0,68.86
621812000,621812000,0.99996316,0.00056390616,-0.00061663135,-0.009059493,0.0,0.0,0.0,0.0,0,68.88
621832000,621832000,0.99996305,0.0005085658,-0.0006698158,-0.009075171,0.0,0.0,0.0,0.0,0,68.9
621852000,621852000,0.99996287,0.00046751506,-0.0007129914,-0.009090016,0.0,0.0,0.0,0.0,0,68.92
621872000,621872000,0.99996275,0.00042618852,-0.000762484,-0.009104042,0.0,0.0,0.0,0.0,0,68.94
621892000,621892000,0.99996257,0.00037504503,-0.0008203089,-0.009117414,0.0,0.0,0.0,0.0,0,68.96
621912000,621912000,0.99996245,0.0003216085,-0.00086807355,-0.009130301,0.0,0.0,0.0,0.0,0,68.98
621932000,621932000,0.99996233,0.00027865852,-0.00090831274,-0.009142099,0.0,0.0,0.0,0.0,0,69.0
621952000,621952000,0.99996215,0.0002442949,-0.000960012,-0.009153193,0.0,0.0,0.0,0.0,0,69.02
621972000,621972000,0.99996203,0.00020474054,-0.0010163776,-0.009163491,0.0,0.0,0.0,0.0,0,69.04
621992000,621992000,0.9999619,0.00016374163,-0.0010668531,-0.009172945,0.0,0.0,0.0,0.0,0,69.06
622012000,622012000,0.99996173,0.00013023936,-0.0011226442,-0.009181573,0.0,0.0,0.0,0.0,0,69.08
622032000,622032000,0.9999616,9.8417804e-05,-0.0011806006,-0.009189732,0.0,0.0,0.0,0.0,0,69.1
622052000,622052000,0.9999615,6.884481e-05,-0.0012426331,-0.009197674,0.0,0.0,0.0,0.0,0,69.12
622072000,622072000,0.9999613,4.2145286e-05,-0.0013097998,-0.009205488,0.0,0.0,0.0,0.0,0,69.14
622092000,622092000,0.99996114,1.957388e-05,-0.0013816062,-0.009213004,0.0,0.0,0.0,0.0,0,69.16
622112000,622112000,0.999961,8.361174e-06,-0.0014512327,-0.009219862,0.0,0.0,0.0,0.0,0,69.18
622132000,622132000,0.99996084,9.243537e-06,-0.0015179489,-0.009226384,0.0,0.0,0.0,0.0,0,69.2
622152000,622152000,0.99996066,1.6279359e-05,-0.0015876648,-0.009232828,0.0,0.0,0.0,0.0,0,69.22
622172000,622172000,0.9999605,2.8094344e-05,-0.0016614919,-0.009239008,0.0,0.0,0.0,0.0,0,69.24
622192000,622192000,0.9999603,5.197266e-05,-0.0017323775,-0.009244475,0.0,0.0,0.0,0.0,0,69.26
622212000,622212000,0.9999601,8.961055e-05,-0.0017982839,-0.009249472,0.0,0.0,0.0,0.0,0,69.28
622232000,622232000,0.99996,0.00013636834,-0.0018639457,-0.009254303,0.0,0.0,0.0,0.0,0,69.3
622252000,622252000,0.9999598,0.00018963571,-0.0019314523,-0.009258747,0.0,0.0,0.0,0.0,0,69.32
622272000,622272000,0.99995965,0.00025290315,-0.0019903071,-0.009262514,0.0,0.0,0.0,0.0,0,69.34
622292000,622292000,0.9999595,0.00031281452,-0.0020373843,-0.009265766,0.0,0.0,0.0,0.0,0,69.36
622312000,622312000,0.99995935,0.00036965535,-0.0020862946,-0.009268874,0.0,0.0,0.0,0.0,0,69.38
622332000,622332000,0.9999592,0.00042784173,-0.0021370137,-0.009271784,0.0,0.0,0.0,0.0,0,69.4
622352000,622352000,0.99995905,0.000494184,-0.0021839235,-0.009274269,0.0,0.0,0.0,0.0,0,69.42
622372000,622372000,0.9999589,0.0005626817,-0.0022281948,-0.00927613,0.0,0.0,0.0,0.0,0,69.44
622392000,622392000,0.99995875,0.00062012475,-0.002264361,-0.009277253,0.0,0.0,0.0,0.0,0,69.46
622412000,622412000,0.99995863,0.0006683897,-0.0022933006,-0.009277778,0.0,0.0,0.0,0.0,0,69.48
622432000,622432000,0.9999586,0.00070852746,-0.002315905,-0.009277956,0.0,0.0,0.0,0.0,0,69.5
622452000,622452000,0.9999585,0.0007461164,-0.002337523,-0.009277999,0.0,0.0,0.0,0.0,0,69.52
622472000,622472000,0.9999584,0.0007822099,-0.002359356,-0.009277655,0.0,0.0,0.0,0.0,0,69.54
622492000,622492000,0.9999584,0.00081123435,-0.0023718018,-0.0092769405,0.0,0.0,0.0,0.0,0,69.56
622512000,622512000,0.9999584,0.00083823263,-0.0023669126,-0.009276062,0.0,0.0,0.0,0.0,0,69.58
622532000,622532000,0.9999584,0.00086504,-0.0023536312,-0.009275111,0.0,0.0,0.0,0.0,0,69.6
622552000,622552000,0.9999584,0.0008936709,-0.0023379377,-0.009274292,0.0,0.0,0.0,0.0,0,69.62
622572000,622572000,0.99995846,0.0009276697,-0.0023115976,-0.009273469,0.0,0.0,0.0,0.0,0,69.64
622592000,622592000,0.9999585,0.00095680146,-0.0022719472,-0.009272617,0.0,0.0,0.0,0.0,0,69.66
622612000,622612000,0.99995863,0.0009875813,-0.0022227068,-0.009272115,0.0,0.0,0.0,0.0,0,69.68
622632000,622632000,0.99995863,0.0010224609,-0.0021867421,-0.009271947,0.0,0.0,0.0,0.0,0,69.7
622652000,622652000,0.9999587,0.0010545397,-0.0021508986,-0.009272066,0.0,0.0,0.0,0.0,0,69.72
622672000,622672000,0.99995875,0.0010855884,-0.0021059662,-0.009272347,0.0,0.0,0.0,0.0,0,69.74
622692000,622692000,0.9999588,0.0011073487,-0.0020663424,-0.009272696,0.0,0.0,0.0,0.0,0,69.76
622712000,622712000,0.9999589,0.0011178034,-0.0020158978,-0.009273374,0.0,0.0,0.0,0.0,0,69.78
622732000,622732000,0.999959,0.0011255157,-0.0019527462,-0.009274224,0.0,0.0,0.0,0.0,0,69.8
622752000,622752000,0.9999591,0.001132102,-0.001903994,-0.009275166,0.0,0.0,0.0,0.0,0,69.82
622772000,622772000,0.9999592,0.0011300937,-0.001863737,-0.009276705,0.0,0.0,0.0,0.0,0,69.84
622792000,622792000,0.99995923,0.0011261061,-0.0018111154,-0.0092786625,0.0,0.0,0.0,0.0,0,69.86
622812000,622812000,0.9999593,0.0011250607,-0.0017519421,-0.009281042,0.0,0.0,0.0,0.0,0,69.88
622832000,622832000,0.99995935,0.0011276887,-0.0017140039,-0.00928361,0.0,0.0,0.0,0.0,0,69.9
622852000,622852000,0.99995935,0.0011384843,-0.0016831172,-0.009286302,0.0,0.0,0.0,0.0,0,69.92
622872000,622872000,0.9999594,0.0011484816,-0.0016445634,-0.009289482,0.0,0.0,0.0,0.0,0,69.94
622892000,622892000,0.9999594,0.0011545991,-0.0016173143,-0.009293044,0.0,0.0,0.0,0.0,0,69.96
622912000,622912000,0.9999594,0.0011653655,-0.00159175,-0.009297385,0.0,0.0,0.0,0.0,0,69.98
622932000,622932000,0.99995935,0.001176168,-0.0015799958,-0.009302144,0.0,0.0,0.0,0.0,0,70.0
622952000,622952000,0.9999593,0.0011859089,-0.0015797642,-0.009307079,0.0,0.0,0.0,0.0,0,70.02
622972000,622972000,0.99995923,0.0011949107,-0.0015668938,-0.009312021,0.0,0.0,0.0,0.0,0,70.04
622992000,622992000,0.9999592,0.0012042332,-0.0015648607,-0.009317009,0.0,0.0,0.0,0.0,0,70.06
623012000,623012000,0.9999591,0.0012161216,-0.0015694611,-0.0093220705,0.0,0.0,0.0,0.0,0,70.08
623032000,623032000,0.99995905,0.0012305098,-0.0015604711,-0.009327212,0.0,0.0,0.0,0.0,0,70.1
623052000,623052000,0.999959,0.0012468658,-0.0015631156,-0.009332451,0.0,0.0,0.0,0.0,0,70.12
623072000,623072000,0.99995893,0.0012624016,-0.0015728223,-0.009337765,0.0,0.0,0.0,0.0,0,70.14
623092000,623092000,0.9999589,0.0012766896,-0.0015635177,-0.0093430765,0.0,0.0,0.0,0.0,0,70.16
623112000,623112000,0.9999588,0.0012863812,-0.001552367,-0.009348488,0.0,0.0,0.0,0.0,0,70.18
623132000,623132000,0.99995875,0.0012895324,-0.001555296,-0.009354362,0.0,0.0,0.0,0.0,0,70.2
623152000,623152000,0.9999587,0.0012926591,-0.0015521084,-0.009360496,0.0,0.0,0.0,0.0,0,70.22
623172000,623172000,0.9999587,0.0012970025,-0.0015292316,-0.009366813,0.0,0.0,0.0,0.0,0,70.24
623192000,623192000,0.99995863,0.0012984804,-0.0015075966,-0.009373528,0.0,0.0,0.0,0.0,0,70.26
623212000,623212000,0.9999586,0.0012962448,-0.0014948029,-0.009380673,0.0,0.0,0.0,0.0,0,70.28
623232000,623232000,0.9999586,0.0012962788,-0.0014747842,-0.009387979,0.0,0.0,0.0,0.0,0,70.3
623252000,623252000,0.9999585,0.0013010334,-0.0014502035,-0.009394945,0.0,0.0,0.0,0.0,0,70.32
623272000,623272000,0.99995846,0.0013125851,-0.0014341552,-0.009401519,0.0,0.0,0.0,0.0,0,70.34
623292000,623292000,0.99995947,0.0012725489,-0.0003594822,-0.009404189,0.0,0.0,0.0,0.0,0,70.36
623312000,623312000,0.9999271,0.00087419455,0.008120712,-0.009389113,0.0,0.0,0.0,0.0,0,70.38
623332000,623332000,0.99963796,-1.0962392e-05,0.025410755,-0.00934719,0.0,0.0,0.0,0.0,0,70.4
623352000,623352000,0.99878263,-0.0012744431,0.04852433,-0.009277704,0.0,0.0,0.0,0.0,0,70.42
623372000,623372000,0.9972001,-0.002813087,0.07422237,-0.009181043,0.0,0.0,0.0,0.0,0,70.44
623392000,623392000,0.9948843,-0.0045592547,0.10055607,-0.009054876,0.0,0.0,0.0,0.0,0,70.46
623412000,623412000,0.9919105,-0.006376072,0.1265017,-0.0089055365,0.0,0.0,0.0,0.0,0,70.48
623432000,623432000,0.9884015,-0.008221154,0.1514191,-0.008732278,0.0,0.0,0.0,0.0,0,70.5
623452000,623452000,0.9844952,-0.010045325,0.17494126,-0.008537664,0.0,0.0,0.0,0.0,0,70.52
623472000,623472000,0.9803599,-0.011772227,0.19671199,-0.008331037,0.0,0.0,0.0,0.0,0,70.54
623492000,623492000,0.9761285,-0.013432689,0.2166475,-0.008105189,0.0,0.0,0.0,0.0,0,70.56
623512000,623512000,0.97192156,-0.014942539,0.23471741,-0.007877761,0.0,0.0,0.0,0.0,0,70.58
623532000,623532000,0.9678301,-0.016340563,0.25097516,-0.007641069,0.0,0.0,0.0,0.0,0,70.6
623552000,623552000,0.96392184,-0.017583935,0.2655178,-0.0074081095,0.0,0.0,0.0,0.0,0,70.62
623572000,623572000,0.960241,-0.01869779,0.2784694,-0.0071753575,0.0,0.0,0.0,0.0,0,70.64
623592000,623592000,0.95680743,-0.019671617,0.28998855,-0.0069495114,0.0,0.0,0.0,0.0,0,70.66
623612000,623612000,0.95364416,-0.020506559,0.3001768,-0.0067331074,0.0,0.0,0.0,0.0,0,70.68
623632000,623632000,0.95074564,-0.02121658,0.309191,-0.006526224,0.0,0.0,0.0,0.0,0,70.7
623652000,623652000,0.9481122,-0.021810161,0.3171381,-0.006329692,0.0,0.0,0.0,0.0,0,70.72
623672000,623672000,0.94572794,-0.022292104,0.32414967,-0.006145716,0.0,0.0,0.0,0.0,0,70.74
623692000,623692000,0.94358224,-0.022669634,0.33032116,-0.005975304,0.0,0.0,0.0,0.0,0,70.76
623712000,623712000,0.94166267,-0.022961343,0.33573717,-0.0058157356,0.0,0.0,0.0,0.0,0,70.78
623732000,623732000,0.9399433,-0.023177931,0.340509,-0.005666897,0.0,0.0,0.0,0.0,0,70.8
623752000,623752000,0.9384033,-0.023320675,0.34472296,-0.005531416,0.0,0.0,0.0,0.0,0,70.82
623772000,623772000,0.9370316,-0.023412062,0.34843004,-0.005403135,0.0,0.0,0.0,0.0,0,70.84
623792000,623792000,0.93581235,-0.023450844,0.35169092,-0.0052850754,0.0,0.0,0.0,0.0,0,70.86
623812000,623812000,0.9347293,-0.023458792,0.35456064,-0.0051714773,0.0,0.0,0.0,0.0,0,70.88
623832000,623832000,0.93377024,-0.02342646,0.35708234,-0.0050674863,0.0,0.0,0.0,0.0,0,70.9
623852000,623852000,0.93291944,-0.023358364,0.359305,-0.0049735503,0.0,0.0,0.0,0.0,0,70.92
623872000,623872000,0.93216753,-0.023253718,0.36125913,-0.004891697,0.0,0.0,0.0,0.0,0,70.94
623892000,623892000,0.9315026,-0.023136018,0.3629788,-0.004814611,0.0,0.0,0.0,0.0,0,70.96
623912000,623912000,0.93091995,-0.023007365,0.36447954,-0.004742709,0.0,0.0,0.0,0.0,0,70.98
623932000,623932000,0.9304083,-0.02286739,0.3657932,-0.0046773865,0.0,0.0,0.0,0.0,0,71.0
623952000,623952000,0.9299587,-0.022707261,0.36694536,-0.0046226056,0.0,0.0,0.0,0.0,0,71.02
623972000,623972000,0.9295658,-0.022535736,0.36795077,-0.0045756185,0.0,0.0,0.0,0.0,0,71.04
623992000,623992000,0.92925334,-0.02234729,0.36875108,-0.0045377165,0.0,0.0,0.0,0.0,0,71.06
624012000,624012000,0.92912775,-0.022138964,0.36908028,-0.0045050406,0.0,0.0,0.0,0.0,0,71.08
624032000,624032000,0.92930496,-0.021910338,0.368648,-0.004472564,0.0,0.0,0.0,0.0,0,71.1
624052000,624052000,0.9298375,-0.021664182,0.3673177,-0.004437578,0.0,0.0,0.0,0.0,0,71.12
624072000,624072000,0.9307242,-0.021395208,0.36508146,-0.0044031716,0.0,0.0,0.0,0.0,0,71.14
624092000,624092000,0.93193597,-0.021107055,0.36199433,-0.0043701525,0.0,0.0,0.0,0.0,0,71.16
624112000,624112000,0.93345153,-0.02079182,0.35808685,-0.0043433546,0.0,0.0,0.0,0.0,0,71.18
624132000,624132000,0.9352423,-0.020464318,0.3534028,-0.0043190867,0.0,0.0,0.0,0.0,0,71.2
624152000,624152000,0.93730175,-0.020115092,0.34792447,-0.0043019587,0.0,0.0,0.0,0.0,0,71.22
624172000,624172000,0.9396198,-0.019755663,0.3416359,-0.004288722,0.0,0.0,0.0,0.0,0,71.24
624192000,624192000,0.94218206,-0.019381529,0.33452672,-0.0042817513,0.0,0.0,0.0,0.0,0,71.26
624212000,624212000,0.9449509,-0.0189899,0.32664663,-0.00428358,0.0,0.0,0.0,0.0,0,71.28
624232000,624232000,0.9479072,-0.018577738,0.31798962,-0.004295528,0.0,0.0,0.0,0.0,0,71.3
624252000,624252000,0.95102626,-0.018148998,0.30856133,-0.004317102,0.0,0.0,0.0,0.0,0,71.32
624272000,624272000,0.9542732,-0.017721737,0.29839367,-0.004343124,0.0,0.0,0.0,0.0,0,71.34
624292000,624292000,0.95762396,-0.017275175,0.28748542,-0.0043801656,0.0,0.0,0.0,0.0,0,71.36
624312000,624312000,0.9610385,-0.016839786,0.27588224,-0.004419688,0.0,0.0,0.0,0.0,0,71.38
624332000,624332000,0.96448594,-0.016363382,0.26360616,-0.004477044,0.0,0.0,0.0,0.0,0,71.4
624352000,624352000,0.9679208,-0.015898997,0.25072908,-0.0045378646,0.0,0.0,0.0,0.0,0,71.42
624372000,624372000,0.9713204,-0.015389856,0.2372501,-0.004616055,0.0,0.0,0.0,0.0,0,71.44
624392000,624392000,0.97463727,-0.014898967,0.22326498,-0.004696125,0.0,0.0,0.0,0.0,0,71.46
624412000,624412000,0.97784674,-0.014364591,0.20879559,-0.0047920197,0.0,0.0,0.0,0.0,0,71.48
624432000,624432000,0.98090804,-0.013848695,0.19394025,-0.004889954,0.0,0.0,0.0,0.0,0,71.5
624452000,624452000,0.98380154,-0.013301672,0.1787223,-0.004999453,0.0,0.0,0.0,0.0,0,71.52
624472000,624472000,0.9864963,-0.012755122,0.1632339,-0.005113552,0.0,0.0,0.0,0.0,0,71.54
624492000,624492000,0.988972,-0.012193401,0.14753795,-0.005233808,0.0,0.0,0.0,0.0,0,71.56
624512000,624512000,0.9912081,-0.011619243,0.13172685,-0.0053588315,0.0,0.0,0.0,0.0,0,71.58
624532000,624532000,0.9931934,-0.01104597,0.11586167,-0.0054857535,0.0,0.0,0.0,0.0,0,71.6
624552000,624552000,0.9949211,-0.010450942,0.10000216,-0.0056157084,0.0,0.0,0.0,0.0,0,71.62
624572000,624572000,0.9963844,-0.009880249,0.08424186,-0.005742697,0.0,0.0,0.0,0.0,0,71.64
624592000,624592000,0.99758613,-0.009273924,0.06863332,-0.00587048,0.0,0.0,0.0,0.0,0,71.66
624612000,624612000,0.9985276,-0.008690304,0.053294837,-0.005993473,0.0,0.0,0.0,0.0,0,71.68
624632000,624632000,0.9992223,-0.008070749,0.03822879,-0.0061131637,0.0,0.0,0.0,0.0,0,71.7
624652000,624652000,0.99968123,-0.007479181,0.02349087,-0.0062251794,0.0,0.0,0.0,0.0,0,71.72
624672000,624672000,0.9999195,-0.006866639,0.009107084,-0.0063295895,0.0,0.0,0.0,0.0,0,71.74
624692000,624692000,0.99995244,-0.0062767365,-0.004847996,-0.0064243856,0.0,0.0,0.0,0.0,0,71.76
624712000,624712000,0.99979883,-0.005685996,-0.018350778,-0.006508139,0.0,0.0,0.0,0.0,0,71.78
624732000,624732000,0.9994777,-0.0051159365,-0.0313679,-0.006579227,0.0,0.0,0.0,0.0,0,71.8
624752000,624752000,0.99900883,-0.0045539425,-0.043883074,-0.0066365246,0.0,0.0,0.0,0.0,0,71.82
624772000,624772000,0.99841183,-0.004001343,-0.05587726,-0.006678828,0.0,0.0,0.0,0.0,0,71.84
624792000,624792000,0.99770594,-0.0034644955,-0.067342415,-0.006705793,0.0,0.0,0.0,0.0,0,71.86
624812000,624812000,0.99690837,-0.0029477803,-0.078287624,-0.0067170328,0.0,0.0,0.0,0.0,0,71.88
624832000,624832000,0.99603707,-0.0024588387,-0.08870239,-0.0067124153,0.0,0.0,0.0,0.0,0,71.9
624852000,624852000,0.99510664,-0.0019882268,-0.0986062,-0.0066902917,0.0,0.0,0.0,0.0,0,71.92
624872000,624872000,0.9941327,-0.0015367176,-0.10799391,-0.006650149,0.0,0.0,0.0,0.0,0,71.94
624892000,624892000,0.99312836,-0.0010995662,-0.1168784,-0.0065911883,0.0,0.0,0.0,0.0,0,71.96
624912000,624912000,0.99210566,-0.00068328064,-0.12526977,-0.006514246,0.0,0.0,0.0,0.0,0,71.98
624932000,624932000,0.99107474,-0.00029063114,-0.13318673,-0.0064196894,0.0,0.0,0.0,0.0,0,72.0
624952000,624952000,0.9900455,7.7848024e-05,-0.14063853,-0.0063081137,0.0,0.0,0.0,0.0,0,72.02
624972000,624972000,0.98902684,0.00042023504,-0.14763686,-0.0061803563,0.0,0.0,0.0,0.0,0,72.04
624992000,624992000,0.98802644,0.00073805917,-0.15419433,-0.006036724,0.0,0.0,0.0,0.0,0,72.06
625012000,625012000,0.9870526,0.0010329966,-0.16031423,-0.005877431,0.0,0.0,0.0,0.0,0,72.08
625032000,625032000,0.9861101,0.0013104905,-0.1660174,-0.0057023084,0.0,0.0,0.0,0.0,0,72.1
625052000,625052000,0.9852044,0.0015711712,-0.17131402,-0.005512162,0.0,0.0,0.0,0.0,0,72.12
625072000,625072000,0.9843391,0.0018140323,-0.17622179,-0.0053083366,0.0,0.0,0.0,0.0,0,72.14
625092000,625092000,0.9835191,0.0020439082,-0.1807464,-0.0050905375,0.0,0.0,0.0,0.0,0,72.16
625112000,625112000,0.9827458,0.002258954,-0.18490815,-0.004860117,0.0,0.0,0.0,0.0,0,72.18
625132000,625132000,0.9820211,0.0024601633,-0.18872266,-0.004618424,0.0,0.0,0.0,0.0,0,72.2
625152000,625152000,0.98134595,0.002646058,-0.19220601,-0.0043668495,0.0,0.0,0.0,0.0,0,72.22
625172000,625172000,0.98072517,0.002818636,-0.195352,-0.004106324,0.0,0.0,0.0,0.0,0,72.24
625192000,625192000,0.9801594,0.002973051,-0.19817427,-0.0038396239,0.0,0.0,0.0,0.0,0,72.26
625212000,625212000,0.97964877,0.0031173145,-0.20068613,-0.003566566,0.0,0.0,0.0,0.0,0,72.28
625232000,625232000,0.9791921,0.0032486594,-0.20290543,-0.0032892772,0.0,0.0,0.0,0.0,0,72.3
625252000,625252000,0.9787891,0.0033762672,-0.20484284,-0.0030066962,0.0,0.0,0.0,0.0,0,72.32
625272000,625272000,0.9784399,0.003496275,-0.20650606,-0.0027212305,0.0,0.0,0.0,0.0,0,72.34
625292000,625292000,0.97814363,0.003612927,-0.2079067,-0.0024333384,0.0,0.0,0.0,0.0,0,72.36
625312000,625312000,0.97790205,0.0037251203,-0.20904121,-0.002144641,0.0,0.0,0.0,0.0,0,72.38
625332000,625332000,0.977713,0.003832672,-0.20992436,-0.0018566473,0.0,0.0,0.0,0.0,0,72.4
625352000,625352000,0.9775764,0.003937945,-0.21056013,-0.0015704556,0.0,0.0,0.0,0.0,0,72.42
625372000,625372000,0.97749066,0.0040449323,-0.21095756,-0.0012865965,0.0,0.0,0.0,0.0,0,72.44
625392000,625392000,0.97745496,0.0041547213,-0.21112227,-0.0010062144,0.0,0.0,0.0,0.0,0,72.46
625412000,625412000,0.9774657,0.0042689713,-0.21107158,-0.0007300103,0.0,0.0,0.0,0.0,0,72.48
625432000,625432000,0.97752136,0.004387808,-0.21081175,-0.00045917137,0.0,0.0,0.0,0.0,0,72.5
625452000,625452000,0.9776197,0.0044980575,-0.21035348,-0.00019787191,0.0,0.0,0.0,0.0,0,72.52
625472000,625472000,0.97776014,0.0046081073,-0.2096975,5.463779e-05,0.0,0.0,0.0,0.0,0,72.54
625492000,625492000,0.97794116,0.0047218255,-0.2088487,0.00029830492,0.0,0.0,0.0,0.0,0,72.56
625512000,625512000,0.978159,0.0048353034,-0.2078229,0.00053130905,0.0,0.0,0.0,0.0,0,72.58
625532000,625532000,0.9784124,0.0049486808,-0.20662352,0.0007527772,0.0,0.0,0.0,0.0,0,72.6
625552000,625552000,0.9786991,0.0050672325,-0.20525733,0.00096295855,0.0,0.0,0.0,0.0,0,72.62
625572000,625572000,0.9790189,0.0051840553,-0.20372239,0.0011597793,0.0,0.0,0.0,0.0,0,72.64
625592000,625592000,0.9793678,0.00530631,-0.20203434,0.0013440158,0.0,0.0,0.0,0.0,0,72.66
625612000,625612000,0.9797442,0.005430127,-0.2001966,0.0015142799,0.0,0.0,0.0,0.0,0,72.68
625632000,625632000,0.9801448,0.0055565294,-0.19822113,0.0016700394,0.0,0.0,0.0,0.0,0,72.7
625652000,625652000,0.980568,0.0056811967,-0.19611213,0.0018099237,0.0,0.0,0.0,0.0,0,72.72
625672000,625672000,0.9810103,0.0058049895,-0.19388264,0.0019336891,0.0,0.0,0.0,0.0,0,72.74
625692000,625692000,0.9814716,0.00592777,-0.1915288,0.0020411913,0.0,0.0,0.0,0.0,0,72.76
625712000,625712000,0.98194855,0.006054837,-0.18906325,0.0021334034,0.0,0.0,0.0,0.0,0,72.78
625732000,625732000,0.9824395,0.006187274,-0.18648995,0.0022102313,0.0,0.0,0.0,0.0,0,72.8
625752000,625752000,0.98294324,0.0063250833,-0.1838112,0.0022718797,0.0,0.0,0.0,0.0,0,72.82
625772000,625772000,0.98345816,0.0064707287,-0.18102996,0.002318852,0.0,0.0,0.0,0.0,0,72.84
625792000,625792000,0.9839807,0.0066263033,-0.17816184,0.002351361,0.0,0.0,0.0,0.0,0,72.86
625812000,625812000,0.9845094,0.0067837383,-0.17521043,0.0023679992,0.0,0.0,0.0,0.0,0,72.88
625832000,625832000,0.9850433,0.006930298,-0.17217793,0.0023668078,0.0,0.0,0.0,0.0,0,72.9
625852000,625852000,0.98558056,0.0070734974,-0.16906965,0.0023493962,0.0,0.0,0.0,0.0,0,72.92
625872000,625872000,0.9861201,0.0072119706,-0.16588804,0.0023158193,0.0,0.0,0.0,0.0,0,72.94
625892000,625892000,0.9866601,0.007352331,-0.16263963,0.0022677716,0.0,0.0,0.0,0.0,0,72.96
625912000,625912000,0.9871982,0.007492787,-0.15933555,0.002205487,0.0,0.0,0.0,0.0,0,72.98
625932000,625932000,0.9877309,0.007640677,-0.15599291,0.0021302311,0.0,0.0,0.0,0.0,0,73.0
625952000,625952000,0.98825943,0.0077839587,-0.15260291,0.0020407315,0.0,0.0,0.0,0.0,0,73.02
625972000,625972000,0.9887816,0.007925943,-0.14917602,0.0019379421,0.0,0.0,0.0,0.0,0,73.04
625992000,625992000,0.98929733,0.008057135,-0.14571097,0.0018210638,0.0,0.0,0.0,0.0,0,73.06
626012000,626012000,0.98980397,0.0081880605,-0.14222261,0.001692187,0.0,0.0,0.0,0.0,0,73.08
626032000,626032000,0.99030083,0.008306129,-0.13871558,0.0015503899,0.0,0.0,0.0,0.0,0,73.1
626052000,626052000,0.9907859,0.008426002,-0.13520153,0.0013984719,0.0,0.0,0.0,0.0,0,73.12
626072000,626072000,0.99126065,0.008536828,-0.13167004,0.0012356297,0.0,0.0,0.0,0.0,0,73.14
626092000,626092000,0.99172324,0.008653442,-0.12813316,0.0010645363,0.0,0.0,0.0,0.0,0,73.16
626112000,626112000,0.99217373,0.008759629,-0.12459074,0.0008838833,0.0,0.0,0.0,0.0,0,73.18
626132000,626132000,0.992611,0.008867924,-0.12105141,0.0006962276,0.0,0.0,0.0,0.0,0,73.2
626152000,626152000,0.9930355,0.008965646,-0.1175116,0.0005007446,0.0,0.0,0.0,0.0,0,73.22
626172000,626172000,0.99344516,0.009063666,-0.11398945,0.00029920062,0.0,0.0,0.0,0.0,0,73.24
626192000,626192000,0.9938399,0.00914677,-0.11048818,9.0720285e-05,0.0,0.0,0.0,0.0,0,73.26
626212000,626212000,0.9942183,0.009233951,-0.10702264,-0.00012165254,0.0,0.0,0.0,0.0,0,73.28
626232000,626232000,0.9945818,0.009309922,-0.10358252,-0.00033880532,0.0,0.0,0.0,0.0,0,73.3
626252000,626252000,0.9949302,0.009387195,-0.1001726,-0.00055867137,0.0,0.0,0.0,0.0,0,73.32
626272000,626272000,0.99526435,0.009454012,-0.09678858,-0.000781803,0.0,0.0,0.0,0.0,0,73.34
626292000,626292000,0.9955833,0.009523702,-0.0934413,-0.0010061422,0.0,0.0,0.0,0.0,0,73.36
626312000,626312000,0.9958873,0.009582955,-0.09013478,-0.0012321778,0.0,0.0,0.0,0.0,0,73.38
626332000,626332000,0.9961755,0.009645678,-0.08688053,-0.0014579992,0.0,0.0,0.0,0.0,0,73.4
626352000,626352000,0.9964493,0.009697159,-0.08367224,-0.0016841928,0.0,0.0,0.0,0.0,0,73.42
626372000,626372000,0.9967086,0.009751279,-0.08051341,-0.0019090287,0.0,0.0,0.0,0.0,0,73.44
626392000,626392000,0.99695396,0.0097924005,-0.077404134,-0.0021331192,0.0,0.0,0.0,0.0,0,73.46
626412000,626412000,0.9971855,0.009831823,-0.07435014,-0.0023551744,0.0,0.0,0.0,0.0,0,73.48
626432000,626432000,0.99740434,0.00985503,-0.07134403,-0.0025757507,0.0,0.0,0.0,0.0,0,73.5
626452000,626452000,0.99761,0.009875092,-0.0683967,-0.0027932813,0.0,0.0,0.0,0.0,0,73.52
626472000,626472000,0.9978032,0.009879577,-0.06550687,-0.003007941,0.0,0.0,0.0,0.0,0,73.54
626492000,626492000,0.99798405,0.009881608,-0.062681265,-0.0032185053,0.0,0.0,0.0,0.0,0,73.56
626512000,626512000,0.9981532,0.009869695,-0.059917916,-0.003425099,0.0,0.0,0.0,0.0,0,73.58
626532000,626532000,0.9983105,0.00985357,-0.05722733,-0.0036268914,0.0,0.0,0.0,0.0,0,73.6
626552000,626552000,0.9984571,0.009823613,-0.05460302,-0.0038240126,0.0,0.0,0.0,0.0,0,73.62
626572000,626572000,0.9985929,0.009789728,-0.052050773,-0.0040153954,0.0,0.0,0.0,0.0,0,73.64
626592000,626592000,0.9987192,0.009747321,-0.04956195,-0.004201075,0.0,0.0,0.0,0.0,0,73.66
626612000,626612000,0.99883604,0.009703907,-0.047141466,-0.0043803104,0.0,0.0,0.0,0.0,0,73.68
626632000,626632000,0.9989439,0.009649519,-0.04479148,-0.0045532403,0.0,0.0,0.0,0.0,0,73.7
626652000,626652000,0.99904317,0.009594462,-0.04251572,-0.0047192373,0.0,0.0,0.0,0.0,0,73.72
626672000,626672000,0.99913484,0.009530315,-0.040299162,-0.0048780995,0.0,0.0,0.0,0.0,0,73.74
626692000,626692000,0.999219,0.009466987,-0.03815218,-0.0050295084,0.0,0.0,0.0,0.0,0,73.76
626712000,626712000,0.99929625,0.009397153,-0.036070615,-0.005173515,0.0,0.0,0.0,0.0,0,73.78
626732000,626732000,0.9993667,0.009325656,-0.03406044,-0.005310175,0.0,0.0,0.0,0.0,0,73.8
626752000,626752000,0.9994311,0.009250837,-0.032115582,-0.005439229,0.0,0.0,0.0,0.0,0,73.82
626772000,626772000,0.99948967,0.009181694,-0.03023804,-0.0055602537,0.0,0.0,0.0,0.0,0,73.84
626792000,626792000,0.9995429,0.009107898,-0.028424252,-0.0056739044,0.0,0.0,0.0,0.0,0,73.86
626812000,626812000,0.99959105,0.009033122,-0.02667972,-0.0057800375,0.0,0.0,0.0,0.0,0,73.88
626832000,626832000,0.9996347,0.008952333,-0.024997095,-0.005878707,0.0,0.0,0.0,0.0,0,73.9
626852000,626852000,0.9996739,0.008875208,-0.023382874,-0.0059698587,0.0,0.0,0.0,0.0,0,73.92
626872000,626872000,0.9997093,0.0087948665,-0.021827513,-0.006053518,0.0,0.0,0.0,0.0,0,73.94
626892000,626892000,0.999741,0.0087134885,-0.020334046,-0.006129833,0.0,0.0,0.0,0.0,0,73.96
626912000,626912000,0.99976957,0.008630564,-0.01889482,-0.0061986386,0.0,0.0,0.0,0.0,0,73.98
626932000,626932000,0.999795,0.008546466,-0.017516105,-0.0062603634,0.0,0.0,0.0,0.0,0,74.0
626952000,626952000,0.99981767,0.008454472,-0.016196603,-0.0063153794,0.0,0.0,0.0,0.0,0,74.02
626972000,626972000,0.9998378,0.008355481,-0.0149394525,-0.0063638133,0.0,0.0,0.0,0.0,0,74.04
626992000,626992000,0.99985576,0.008245334,-0.013733187,-0.006405851,0.0,0.0,0.0,0.0,0,74.06
627012000,627012000,0.9998716,0.008125639,-0.012581548,-0.006441586,0.0,0.0,0.0,0.0,0,74.08
627032000,627032000,0.9998857,0.007997952,-0.011485902,-0.0064712293,0.0,0.0,0.0,0.0,0,74.1
627052000,627052000,0.99989796,0.00786391,-0.010446779,-0.00649463,0.0,0.0,0.0,0.0,0,74.12
627072000,627072000,0.99990875,0.0077234907,-0.009463164,-0.0065120435,0.0,0.0,0.0,0.0,0,74.14
627092000,627092000,0.99991804,0.00757886,-0.008541603,-0.006523899,0.0,0.0,0.0,0.0,0,74.16
627112000,627112000,0.99992615,0.007427544,-0.007676672,-0.00653102,0.0,0.0,0.0,0.0,0,74.18
627132000,627132000,0.9999333,0.007265691,-0.006860891,-0.0065334784,0.0,0.0,0.0,0.0,0,74.2
627152000,627152000,0.9999395,0.0070917993,-0.0060967305,-0.00653128,0.0,0.0,0.0,0.0,0,74.22
627172000,627172000,0.9999449,0.0069119777,-0.0053800815,-0.0065243323,0.0,0.0,0.0,0.0,0,74.24
627192000,627192000,0.9999496,0.006734993,-0.0047134846,-0.0065132417,0.0,0.0,0.0,0.0,0,74.26
627212000,627212000,0.9999535,0.006562484,-0.004092153,-0.0064983875,0.0,0.0,0.0,0.0,0,74.28
627232000,627232000,0.99995697,0.0063940156,-0.0035117806,-0.006479916,0.0,0.0,0.0,0.0,0,74.3
627252000,627252000,0.9999599,0.0062289443,-0.002970526,-0.006457925,0.0,0.0,0.0,0.0,0,74.32
627272000,627272000,0.9999624,0.00606971,-0.0024701406,-0.006432918,0.0,0.0,0.0,0.0,0,74.34
627292000,627292000,0.99996454,0.0059154113,-0.0020097443,-0.0064057093,0.0,0.0,0.0,0.0,0,74.36
627312000,627312000,0.9999663,0.0057645882,-0.001587896,-0.006376698,0.0,0.0,0.0,0.0,0,74.38
627332000,627332000,0.99996793,0.005616083,-0.0012036156,-0.006346045,0.0,0.0,0.0,0.0,0,74.4
627352000,627352000,0.9999693,0.005469766,-0.000857072,-0.006313829,0.0,0.0,0.0,0.0,0,74.42
627372000,627372000,0.9999705,0.005325035,-0.00054086733,-0.00628008,0.0,0.0,0.0,0.0,0,74.44
627392000,627392000,0.99997157,0.0051904605,-0.00024994774,-0.006244928,0.0,0.0,0.0,0.0,0,74.46
627412000,627412000,0.9999724,0.0050749043,1.1756638e-05,-0.0062088342,0.0,0.0,0.0,0.0,0,74.48
627432000,627432000,0.99997306,0.0049792496,0.00024944733,-0.0061719907,0.0,0.0,0.0,0.0,0,74.5
627452000,627452000,0.9999736,0.0049019307,0.00046643938,-0.0061344886,0.0,0.0,0.0,0.0,0,74.52
627472000,627472000,0.99997413,0.004825928,0.000658968,-0.0060969866,0.0,0.0,0.0,0.0,0,74.54
627492000,627492000,0.9999746,0.0047370973,0.000818219,-0.006060171,0.0,0.0,0.0,0.0,0,74.56
627512000,627512000,0.99997514,0.004647485,0.00094996154,-0.00602438,0.0,0.0,0.0,0.0,0,74.58
627532000,627532000,0.9999756,0.0045674364,0.0010628023,-0.005989725,0.0,0.0,0.0,0.0,0,74.6
627552000,627552000,0.99997604,0.00449717,0.0011518119,-0.0059558013,0.0,0.0,0.0,0.0,0,74.62
627572000,627572000,0.99997646,0.0044327243,0.0012140479,-0.0059227627,0.0,0.0,0.0,0.0,0,74.64
627592000,627592000,0.9999768,0.004374026,0.0012628802,-0.0058907317,0.0,0.0,0.0,0.0,0,74.66
627612000,627612000,0.9999772,0.0043244795,0.0012936493,-0.005859505,0.0,0.0,0.0,0.0,0,74.68
627632000,627632000,0.9999775,0.004280047,0.001306949,-0.0058292095,0.0,0.0,0.0,0.0,0,74.7
627652000,627652000,0.9999779,0.0042323414,0.0013125712,-0.005799672,0.0,0.0,0.0,0.0,0,74.72
627672000,627672000,0.9999783,0.0041844607,0.0012988542,-0.0057711303,0.0,0.0,0.0,0.0,0,74.74
627692000,627692000,0.99997866,0.0041355104,0.0012754386,-0.0057439106,0.0,0.0,0.0,0.0,0,74.76
627712000,627712000,0.9999791,0.0040773605,0.0012548177,-0.0057174526,0.0,0.0,0.0,0.0,0,74.78
627732000,627732000,0.99997956,0.0040152967,0.0012211748,-0.0056915903,0.0,0.0,0.0,0.0,0,74.8
627752000,627752000,0.99998,0.0039575277,0.0011729945,-0.005666812,0.0,0.0,0.0,0.0,0,74.82
627772000,627772000,0.99998045,0.0038918064,0.0011287298,-0.005642967,0.0,0.0,0.0,0.0,0,74.84
627792000,627792000,0.99998087,0.0038194421,0.00108755,-0.005620043,0.0,0.0,0.0,0.0,0,74.86
627812000,627812000,0.9999813,0.0037536735,0.0010341143,-0.005598062,0.0,0.0,0.0,0.0,0,74.88
627832000,627832000,0.9999817,0.0036945953,0.0009686743,-0.0055770203,0.0,0.0,0.0,0.0,0,74.9
627852000,627852000,0.9999821,0.0036288174,0.00090585713,-0.0055570533,0.0,0.0,0.0,0.0,0,74.92
627872000,627872000,0.9999826,0.003549538,0.0008358375,-0.005538171,0.0,0.0,0.0,0.0,0,74.94
627892000,627892000,0.9999831,0.0034579672,0.00074591034,-0.0055208914,0.0,0.0,0.0,0.0,0,74.96
627912000,627912000,0.99998355,0.0033558868,0.0006508847,-0.005505112,0.0,0.0,0.0,0.0,0,74.98
627932000,627932000,0.999984,0.0032491575,0.00055194995,-0.0054911203,0.0,0.0,0.0,0.0,0,75.0
627952000,627952000,0.9999845,0.0031379138,0.0004506214,-0.005479042,0.0,0.0,0.0,0.0,0,75.02
627972000,627972000,0.999985,0.0030227974,0.00034767916,-0.005468916,0.0,0.0,0.0,0.0,0,75.04
627992000,627992000,0.9999854,0.0029032242,0.00024335533,-0.0054607526,0.0,0.0,0.0,0.0,0,75.06
628012000,628012000,0.9999858,0.0027800712,0.00013825603,-0.0054544513,0.0,0.0,0.0,0.0,0,75.08
628032000,628032000,0.9999862,0.002655222,3.4809887e-05,-0.0054499195,0.0,0.0,0.0,0.0,0,75.1
628052000,628052000,0.9999865,0.0025322211,-6.376441e-05,-0.005446827,0.0,0.0,0.0,0.0,0,75.12
628072000,628072000,0.9999868,0.0024086656,-0.00015940025,-0.005445292,0.0,0.0,0.0,0.0,0,75.14
628092000,628092000,0.99998707,0.0022857208,-0.00025116096,-0.005445072,0.0,0.0,0.0,0.0,0,75.16
628112000,628112000,0.9999873,0.00216968,-0.0003324736,-0.0054458557,0.0,0.0,0.0,0.0,0,75.18
628132000,628132000,0.9999875,0.002064256,-0.0003997814,-0.0054475013,0.0,0.0,0.0,0.0,0,75.2
628152000,628152000,0.99998766,0.0019644178,-0.000458697,-0.0054497607,0.0,0.0,0.0,0.0,0,75.22
628172000,628172000,0.99998784,0.0018615166,-0.0005224735,-0.0054525943,0.0,0.0,0.0,0.0,0,75.24
628192000,628192000,0.99998796,0.0017531678,-0.0005896042,-0.005455689,0.0,0.0,0.0,0.0,0,75.26
628212000,628212000,0.9999881,0.0016466179,-0.00065315963,-0.0054594353,0.0,0.0,0.0,0.0,0,75.28
628232000,628232000,0.9999882,0.0015428996,-0.0007137247,-0.0054634633,0.0,0.0,0.0,0.0,0,75.3
628252000,628252000,0.99998826,0.0014435021,-0.00076963665,-0.0054675336,0.0,0.0,0.0,0.0,0,75.32
628272000,628272000,0.9999883,0.0013538996,-0.00082397193,-0.0054721367,0.0,0.0,0.0,0.0,0,75.34
628292000,628292000,0.9999884,0.0012641422,-0.00087208406,-0.0054773693,0.0,0.0,0.0,0.0,0,75.36
628312000,628312000,0.99998844,0.0011793337,-0.00090647716,-0.005483389,0.0,0.0,0.0,0.0,0,75.38
628332000,628332000,0.99998844,0.0011063364,-0.0009275001,-0.0054899617,0.0,0.0,0.0,0.0,0,75.4
628352000,628352000,0.99998844,0.001049226,-0.00095117104,-0.0054972046,0.0,0.0,0.0,0.0,0,75.42
628372000,628372000,0.99998844,0.0009978695,-0.0009758916,-0.005504624,0.0,0.0,0.0,0.0,0,75.44
628392000,628392000,0.99998844,0.00094007474,-0.0009847765,-0.005512235,0.0,0.0,0.0,0.0,0,75.46
628412000,628412000,0.99998844,0.00088159874,-0.0009877762,-0.0055201454,0.0,0.0,0.0,0.0,0,75.48
628432000,628432000,0.99998844,0.0008267828,-0.0009916661,-0.0055278167,0.0,0.0,0.0,0.0,0,75.5
628452000,628452000,0.99998844,0.00077573763,-0.0009933981,-0.005535507,0.0,0.0,0.0,0.0,0,75.52
628472000,628472000,0.99998844,0.00073381385,-0.0009989222,-0.0055431537,0.0,0.0,0.0,0.0,0,75.54
628492000,628492000,0.9999884,0.0007016929,-0.0009976334,-0.0055504446,0.0,0.0,0.0,0.0,0,75.56
628512000,628512000,0.9999884,0.00067091576,-0.000991336,-0.005557843,0.0,0.0,0.0,0.0,0,75.58
628532000,628532000,0.9999884,0.0006425508,-0.0009914484,-0.005565584,0.0,0.0,0.0,0.0,0,75.6
628552000,628552000,0.9999883,0.0006146635,-0.0009879498,-0.0055729747,0.0,0.0,0.0,0.0,0,75.62
628572000,628572000,0.9999883,0.00059647585,-0.000978862,-0.0055803536,0.0,0.0,0.0,0.0,0,75.64
628592000,628592000,0.9999883,0.0005852221,-0.0009731188,-0.005587729,0.0,0.0,0.0,0.0,0,75.66
628612000,628612000,0.99998826,0.0005754713,-0.00096469076,-0.0055948347,0.0,0.0,0.0,0.0,0,75.68
628632000,628632000,0.99998826,0.0005639826,-0.0009570528,-0.005602134,0.0,0.0,0.0,0.0,0,75.7
628652000,628652000,0.9999882,0.0005515811,-0.0009527123,-0.005609378,0.0,0.0,0.0,0.0,0,75.72
628672000,628672000,0.9999882,0.0005378465,-0.0009459411,-0.0056166574,0.0,0.0,0.0,0.0,0,75.74
628692000,628692000,0.99998814,0.0005286074,-0.00092942617,-0.0056238677,0.0,0.0,0.0,0.0,0,75.76
628712000,628712000,0.99998814,0.00052644295,-0.0009137951,-0.0056310114,0.0,0.0,0.0,0.0,0,75.78
628732000,628732000,0.9999881,0.00054321904,-0.0009196276,-0.005637892,0.0,0.0,0.0,0.0,0,75.8
628752000,628752000,0.999988,0.00056969264,-0.00093673886,-0.005644866,0.0,0.0,0.0,0.0,0,75.82
628772000,628772000,0.99998796,0.0006072144,-0.0009467252,-0.0056524575,0.0,0.0,0.0,0.0,0,75.84
628792000,628792000,0.9999879,0.0006509073,-0.00094857166,-0.0056602415,0.0,0.0,0.0,0.0,0,75.86
628812000,628812000,0.9999878,0.0006939376,-0.00094664126,-0.005668078,0.0,0.0,0.0,0.0,0,75.88
628832000,628832000,0.9999877,0.00073317654,-0.00094183284,-0.005675967,0.0,0.0,0.0,0.0,0,75.9
628852000,628852000,0.99998766,0.00076948514,-0.00092721655,-0.0056839334,0.0,0.0,0.0,0.0,0,75.92
628872000,628872000,0.9999876,0.00079707167,-0.00091057754,-0.0056916806,0.0,0.0,0.0,0.0,0,75.94
628892000,628892000,0.9999876,0.00082216284,-0.00089439715,-0.00569869,0.0,0.0,0.0,0.0,0,75.96
628912000,628912000,0.99998754,0.00084892387,-0.00087199995,-0.0057050386,0.0,0.0,0.0,0.0,0,75.98
628932000,628932000,0.99998754,0.0008667682,-0.0008428868,-0.0057110083,0.0,0.0,0.0,0.0,0,76.0
628952000,628952000,0.9999875,0.0008713427,-0.0008247694,-0.0057164608,0.0,0.0,0.0,0.0,0,76.02
628972000,628972000,0.9999875,0.00087514723,-0.0008055701,-0.0057214233,0.0,0.0,0.0,0.0,0,76.04
628992000,628992000,0.9999875,0.00087441184,-0.00078836066,-0.005726078,0.0,0.0,0.0,0.0,0,76.06
629012000,629012000,0.9999875,0.0008579797,-0.0007783722,-0.0057304506,0.0,0.0,0.0,0.0,0,76.08
629032000,629032000,0.9999875,0.00083210005,-0.00077434914,-0.005734642,0.0,0.0,0.0,0.0,0,76.1
629052000,629052000,0.9999875,0.0008052785,-0.0007626405,-0.0057387287,0.0,0.0,0.0,0.0,0,76.12
629072000,629072000,0.9999875,0.00078145176,-0.0007581508,-0.005742774,0.0,0.0,0.0,0.0,0,76.14
629092000,629092000,0.9999875,0.00075004285,-0.0007544927,-0.0057470547,0.0,0.0,0.0,0.0,0,76.16
629112000,629112000,0.9999875,0.00071302475,-0.00073858345,-0.005751435,0.0,0.0,0.0,0.0,0,76.18
629132000,629132000,0.9999875,0.00068135466,-0.0007256718,-0.00575562,0.0,0.0,0.0,0.0,0,76.2
629152000,629152000,0.9999875,0.00065306824,-0.00072260323,-0.0057601975,0.0,0.0,0.0,0.0,0,76.22
629172000,629172000,0.9999875,0.0006281259,-0.00072727964,-0.0057649487,0.0,0.0,0.0,0.0,0,76.24
629192000,629192000,0.9999874,0.000597179,-0.0007408127,-0.0057700523,0.0,0.0,0.0,0.0,0,76.26
629212000,629212000,0.9999874,0.0005667538,-0.00075051864,-0.005775414,0.0,0.0,0.0,0.0,0,76.28
629232000,629232000,0.9999874,0.00053301384,-0.00076693925,-0.0057813246,0.0,0.0,0.0,0.0,0,76.3
629252000,629252000,0.99998736,0.0004916972,-0.0007984994,-0.0057875467,0.0,0.0,0.0,0.0,0,76.32
629272000,629272000,0.9999873,0.00044695332,-0.00081898714,-0.0057940464,0.0,0.0,0.0,0.0,0,76.34
629292000,629292000,0.9999873,0.0004017286,-0.0008294423,-0.0058005564,0.0,0.0,0.0,0.0,0,76.36
629312000,629312000,0.99998724,0.0003553034,-0.0008566708,-0.0058067376,0.0,0.0,0.0,0.0,0,76.38
629332000,629332000,0.9999872,0.00031350966,-0.0009004269,-0.0058126994,0.0,0.0,0.0,0.0,0,76.4
629352000,629352000,0.9999871,0.00027108533,-0.0009429803,-0.0058182906,0.0,0.0,0.0,0.0,0,76.42
629372000,629372000,0.99998707,0.00021997906,-0.0009891448,-0.0058233803,0.0,0.0,0.0,0.0,0,76.44
629392000,629392000,0.999987,0.00017078605,-0.0010504773,-0.0058277636,0.0,0.0,0.0,0.0,0,76.46
629412000,629412000,0.9999869,0.00012034245,-0.0011217,-0.0058319983,0.0,0.0,0.0,0.0,0,76.48
629432000,629432000,0.9999868,6.628485e-05,-0.0011781423,-0.0058361916,0.0,0.0,0.0,0.0,0,76.5
629452000,629452000,0.99998677,1.4022225e-05,-0.0012315314,-0.0058399686,0.0,0.0,0.0,0.0,0,76.52
629472000,629472000,0.99998665,-4.0087656e-05,-0.0012993128,-0.005843658,0.0,0.0,0.0,0.0,0,76.54
629492000,629492000,0.9999865,-9.814343e-05,-0.0013739417,-0.0058474853,0.0,0.0,0.0,0.0,0,76.56
629512000,629512000,0.99998635,-0.00015337217,-0.0014424152,-0.0058518723,0.0,0.0,0.0,0.0,0,76.58
629532000,629532000,0.99998623,-0.00020745609,-0.0015040163,-0.0058564227,0.0,0.0,0.0,0.0,0,76.6
629552000,629552000,0.9999861,-0.00026437998,-0.0015611167,-0.005861227,0.0,0.0,0.0,0.0,0,76.62
629572000,629572000,0.999986,-0.00031895054,-0.0016082849,-0.005866482,0.0,0.0,0.0,0.0,0,76.64
629592000,629592000,0.9999859,-0.00037179454,-0.0016511485,-0.005871507,0.0,0.0,0.0,0.0,0,76.66
629612000,629612000,0.99998575,-0.00042308972,-0.0016956499,-0.005876387,0.0,0.0,0.0,0.0,0,76.68
629632000,629632000,0.99998564,-0.00047688442,-0.0017409181,-0.005881005,0.0,0.0,0.0,0.0,0,76.7
629652000,629652000,0.9999855,-0.0005273553,-0.0017921341,-0.0058853184,0.0,0.0,0.0,0.0,0,76.72
629672000,629672000,0.99998534,-0.00056955754,-0.0018383135,-0.0058900556,0.0,0.0,0.0,0.0,0,76.74
629692000,629692000,0.9999852,-0.0006078952,-0.0018775364,-0.0058949846,0.0,0.0,0.0,0.0,0,76.76
629712000,629712000,0.9999851,-0.0006437263,-0.0019079404,-0.0059002633,0.0,0.0,0.0,0.0,0,76.78
629732000,629732000,0.99998504,-0.0006801102,-0.001931364,-0.005905736,0.0,0.0,0.0,0.0,0,76.8
629752000,629752000,0.9999849,-0.000715731,-0.0019457317,-0.005911567,0.0,0.0,0.0,0.0,0,76.82
629772000,629772000,0.99998486,-0.000752837,-0.0019530193,-0.0059175,0.0,0.0,0.0,0.0,0,76.84
629792000,629792000,0.9999848,-0.0007944021,-0.0019559627,-0.0059234644,0.0,0.0,0.0,0.0,0,76.86
629812000,629812000,0.9999847,-0.0008386851,-0.0019580417,-0.0059294035,0.0,0.0,0.0,0.0,0,76.88
629832000,629832000,0.9999846,-0.0008786859,-0.0019546559,-0.0059357565,0.0,0.0,0.0,0.0,0,76.9
629852000,629852000,0.99998456,-0.00091388647,-0.0019468109,-0.0059417747,0.0,0.0,0.0,0.0,0,76.92
629872000,629872000,0.99998456,-0.00094336685,-0.0019414165,-0.005947682,0.0,0.0,0.0,0.0,0,76.94
629892000,629892000,0.9999845,-0.00096722494,-0.0019297143,-0.005953898,0.0,0.0,0.0,0.0,0,76.96
629912000,629912000,0.9999845,-0.0009882292,-0.0019113347,-0.0059600575,0.0,0.0,0.0,0.0,0,76.98
629932000,629932000,0.99998444,-0.0010053172,-0.0018928663,-0.005966093,0.0,0.0,0.0,0.0,0,77.0
629952000,629952000,0.99998444,-0.001010902,-0.0018690828,-0.0059722513,0.0,0.0,0.0,0.0,0,77.02
629972000,629972000,0.9999845,-0.0010104671,-0.0018391829,-0.005978217,0.0,0.0,0.0,0.0,0,77.04
629992000,629992000,0.9999845,-0.0010185725,-0.0018010461,-0.005984169,0.0,0.0,0.0,0.0,0,77.06
630012000,630012000,0.99998456,-0.0010362408,-0.0017487482,-0.0059903217,0.0,0.0,0.0,0.0,0,77.08
630032000,630032000,0.99998456,-0.0010560831,-0.0017023787,-0.0059969593,0.0,0.0,0.0,0.0,0,77.1
630052000,630052000,0.99998456,-0.0010819804,-0.0016541611,-0.006004049,0.0,0.0,0.0,0.0,0,77.12
630072000,630072000,0.99998456,-0.0011160554,-0.0016017004,-0.006011439,0.0,0.0,0.0,0.0,0,77.14
630092000,630092000,0.99998456,-0.0011471278,-0.0015483074,-0.0060189366,0.0,0.0,0.0,0.0,0,77.16
630112000,630112000,0.99998456,-0.0011837004,-0.0014845728,-0.00602692,0.0,0.0,0.0,0.0,0,77.18
630132000,630132000,0.99998456,-0.0012310531,-0.0014203554,-0.006035,0.0,0.0,0.0,0.0,0,77.2
630152000,630152000,0.99998456,-0.0012803416,-0.0013576557,-0.0060428833,0.0,0.0,0.0,0.0,0,77.22
630172000,630172000,0.99998456,-0.0013277027,-0.0012865275,-0.006050604,0.0,0.0,0.0,0.0,0,77.24
630192000,630192000,0.9999845,-0.0013753271,-0.0012186591,-0.006058141,0.0,0.0,0.0,0.0,0,77.26
630212000,630212000,0.9999845,-0.001423146,-0.0011343436,-0.0060653677,0.0,0.0,0.0,0.0,0,77.28
630232000,630232000,0.9999845,-0.0014745668,-0.0010477853,-0.0060720597,0.0,0.0,0.0,0.0,0,77.3
630252000,630252000,0.99998444,-0.0015326925,-0.0009764384,-0.0060786023,0.0,0.0,0.0,0.0,0,77.32
630272000,630272000,0.9999844,-0.0015930756,-0.0009034011,-0.006084988,0.0,0.0,0.0,0.0,0,77.34
630292000,630292000,0.9999843,-0.0016518002,-0.0008208256,-0.0060906997,0.0,0.0,0.0,0.0,0,77.36
630312000,630312000,0.9999842,-0.0017146457,-0.00074742606,-0.006096049,0.0,0.0,0.0,0.0,0,77.38
630332000,630332000,0.99998415,-0.0017779421,-0.00067897706,-0.00610104,0.0,0.0,0.0,0.0,0,77.4
630352000,630352000,0.999984,-0.0018362085,-0.0005943562,-0.0061054546,0.0,0.0,0.0,0.0,0,77.42
630372000,630372000,0.99998397,-0.0018845501,-0.0004989087,-0.006109678,0.0,0.0,0.0,0.0,0,77.44
630392000,630392000,0.9999839,-0.0019271115,-0.00041177624,-0.006113781,0.0,0.0,0.0,0.0,0,77.46
630412000,630412000,0.99998385,-0.0019719214,-0.00033122126,-0.0061173225,0.0,0.0,0.0,0.0,0,77.48
630432000,630432000,0.9999838,-0.0020100868,-0.00024827878,-0.0061206883,0.0,0.0,0.0,0.0,0,77.5
630452000,630452000,0.9999837,-0.0020287263,-0.00016367603,-0.006123854,0.0,0.0,0.0,0.0,0,77.52
630472000,630472000,0.99998367,-0.0020406435,-8.6957014e-05,-0.006126735,0.0,0.0,0.0,0.0,0,77.54
630492000,630492000,0.99998367,-0.0020557889,-1.8214456e-05,-0.0061294762,0.0,0.0,0.0,0.0,0,77.56
630512000,630512000,0.9999836,-0.0020691163,5.5297176e-05,-0.0061320593,0.0,0.0,0.0,0.0,0,77.58
630532000,630532000,0.99998355,-0.0020787008,0.000120378325,-0.006134484,0.0,0.0,0.0,0.0,0,77.6
630552000,630552000,0.99998355,-0.0020848208,0.000169754,-0.0061368197,0.0,0.0,0.0,0.0,0,77.62
630572000,630572000,0.99998355,-0.0020734724,0.0002191395,-0.006139208,0.0,0.0,0.0,0.0,0,77.64
630592000,630592000,0.99998355,-0.0020491472,0.0002845137,-0.0061414163,0.0,0.0,0.0,0.0,0,77.66
630612000,630612000,0.99998355,-0.0020218075,0.00035891874,-0.006143463,0.0,0.0,0.0,0.0,0,77.68
630632000,630632000,0.9999836,-0.0019956597,0.00042273785,-0.006145809,0.0,0.0,0.0,0.0,0,77.7
630652000,630652000,0.9999836,-0.0019578708,0.00048417947,-0.006148098,0.0,0.0,0.0,0.0,0,77.72
630672000,630672000,0.99998367,-0.0019146343,0.0005482994,-0.0061499565,0.0,0.0,0.0,0.0,0,77.74
630692000,630692000,0.99998367,-0.0018728258,0.00061833474,-0.006151482,0.0,0.0,0.0,0.0,0,77.76
630712000,630712000,0.9999837,-0.0018267294,0.0006863863,-0.006152503,0.0,0.0,0.0,0.0,0,77.78
630732000,630732000,0.9999838,-0.0017781685,0.0007455578,-0.006153279,0.0,0.0,0.0,0.0,0,77.8
630752000,630752000,0.9999838,-0.0017291062,0.00079548266,-0.0061538965,0.0,0.0,0.0,0.0,0,77.82
630772000,630772000,0.99998385,-0.0016811567,0.0008435804,-0.0061544855,0.0,0.0,0.0,0.0,0,77.84
630792000,630792000,0.99998385,-0.0016313399,0.0008973488,-0.006155445,0.0,0.0,0.0,0.0,0,77.86
630812000,630812000,0.9999839,-0.0015788254,0.0009591402,-0.0061565377,0.0,0.0,0.0,0.0,0,77.88
630832000,630832000,0.9999839,-0.0015262095,0.001026204,-0.0061577065,0.0,0.0,0.0,0.0,0,77.9
630852000,630852000,0.9999839,-0.0014609626,0.0010839883,-0.0061587836,0.0,0.0,0.0,0.0,0,77.92
630872000,630872000,0.99998397,-0.001383318,0.0011313381,-0.0061598164,0.0,0.0,0.0,0.0,0,77.94
630892000,630892000,0.999984,-0.001303559,0.0011786801,-0.006160939,0.0,0.0,0.0,0.0,0,77.96
630912000,630912000,0.9999841,-0.0012205958,0.001224292,-0.0061623156,0.0,0.0,0.0,0.0,0,77.98
630932000,630932000,0.9999841,-0.0011321749,0.0012662545,-0.00616417,0.0,0.0,0.0,0.0,0,78.0
630952000,630952000,0.99998415,-0.001038901,0.0013047253,-0.0061662486,0.0,0.0,0.0,0.0,0,78.02
630972000,630972000,0.9999842,-0.0009430812,0.0013366925,-0.0061684097,0.0,0.0,0.0,0.0,0,78.04
630992000,630992000,0.9999842,-0.00084924354,0.0013653846,-0.006170493,0.0,0.0,0.0,0.0,0,78.06
631012000,631012000,0.99998426,-0.000758767,0.0013950914,-0.006172494,0.0,0.0,0.0,0.0,0,78.08
631032000,631032000,0.99998426,-0.0006715457,0.0014270706,-0.006174399,0.0,0.0,0.0,0.0,0,78.1
631052000,631052000,0.99998426,-0.0005875638,0.0014613761,-0.0061762617,0.0,0.0,0.0,0.0,0,78.12
631072000,631072000,0.9999842,-0.0005079605,0.0014968908,-0.0061778068,0.0,0.0,0.0,0.0,0,78.14
631092000,631092000,0.9999842,-0.00043543876,0.0015289568,-0.006179228,0.0,0.0,0.0,0.0,0,78.16
631112000,631112000,0.99998415,-0.00036536864,0.0015586676,-0.00618063,0.0,0.0,0.0,0.0,0,78.18
631132000,631132000,0.99998415,-0.00030074498,0.0015876764,-0.00618179,0.0,0.0,0.0,0.0,0,78.2
631152000,631152000,0.9999841,-0.00024471732,0.0016097125,-0.0061826487,0.0,0.0,0.0,0.0,0,78.22
631172000,631172000,0.9999841,-0.00019804687,0.0016217048,-0.0061834278,0.0,0.0,0.0,0.0,0,78.24
631192000,631192000,0.9999841,-0.00016302099,0.0016378808,-0.0061845556,0.0,0.0,0.0,0.0,0,78.26
631212000,631212000,0.999984,-0.00013390135,0.0016553479,-0.0061856825,0.0,0.0,0.0,0.0,0,78.28
631232000,631232000,0.999984,-0.00010979678,0.0016611158,-0.0061868797,0.0,0.0,0.0,0.0,0,78.3
631252000,631252000,0.999984,-9.3625895e-05,0.0016572525,-0.0061881295,0.0,0.0,0.0,0.0,0,78.32
631272000,631272000,0.9999843,-7.606008e-05,0.0014839622,-0.006189016,0.0,0.0,0.0,0.0,0,78.34
631292000,631292000,0.99998516,1.3465364e-05,0.0006854471,-0.0061896755,0.0,0.0,0.0,0.0,0,78.36
631312000,631312000,0.9999852,0.00022509406,-0.00054320256,-0.0061901533,0.0,0.0,0.0,0.0,0,78.38
631332000,631332000,0.9999835,0.00053841807,-0.0018836843,-0.0061902786,0.0,0.0,0.0,0.0,0,78.4
631352000,631352000,0.9999799,0.0009091906,-0.0031787772,-0.0061899363,0.0,0.0,0.0,0.0,0,78.42
631372000,631372000,0.9999749,0.0013082558,-0.004389065,-0.0061889575,0.0,0.0,0.0,0.0,0,78.44
631392000,631392000,0.99996877,0.0017096235,-0.005505294,-0.0061873863,0.0,0.0,0.0,0.0,0,78.46
631412000,631412000,0.999962,0.002099333,-0.006519093,-0.00618519,0.0,0.0,0.0,0.0,0,78.48
631432000,631432000,0.999955,0.0024651324,-0.007406075,-0.0061824513,0.0,0.0,0.0,0.0,0,78.5
631452000,631452000,0.9999482,0.0027862939,-0.008170238,-0.006179116,0.0,0.0,0.0,0.0,0,78.52
631472000,631472000,0.99994206,0.003017723,-0.008813086,-0.006175563,0.0,0.0,0.0,0.0,0,78.54
631492000,631492000,0.99993694,0.0031480815,-0.009338567,-0.0061721047,0.0,0.0,0.0,0.0,0,78.56
631512000,631512000,0.9999329,0.0031916269,-0.009752864,-0.0061684325,0.0,0.0,0.0,0.0,0,78.58
631532000,631532000,0.9999298,0.0031686286,-0.010072759,-0.0061645797,0.0,0.0,0.0,0.0,0,78.6
631552000,631552000,0.9999277,0.0030950112,-0.010303406,-0.0061607095,0.0,0.0,0.0,0.0,0,78.62
631572000,631572000,0.99992657,0.0029801603,-0.010451134,-0.006156803,0.0,0.0,0.0,0.0,0,78.64
631592000,631592000,0.9999262,0.002830912,-0.010524745,-0.00615306,0.0,0.0,0.0,0.0,0,78.66
631612000,631612000,0.99992657,0.0026599097,-0.01053782,-0.006149169,0.0,0.0,0.0,0.0,0,78.68
631632000,631632000,0.9999275,0.0024715753,-0.010494556,-0.0061449227,0.0,0.0,0.0,0.0,0,78.7
631652000,631652000,0.99992895,0.0022718492,-0.010405344,-0.0061406065,0.0,0.0,0.0,0.0,0,78.72
631672000,631672000,0.99993056,0.0020654127,-0.010296289,-0.006136321,0.0,0.0,0.0,0.0,0,78.74
631692000,631692000,0.9999317,0.0018564493,-0.010233214,-0.006132314,0.0,0.0,0.0,0.0,0,78.76
631712000,631712000,0.99993217,0.0016506078,-0.010218347,-0.0061287815,0.0,0.0,0.0,0.0,0,78.78
631732000,631732000,0.99993247,0.0014549409,-0.0102214515,-0.0061256737,0.0,0.0,0.0,0.0,0,78.8
631752000,631752000,0.9999329,0.001275348,-0.010209913,-0.006122559,0.0,0.0,0.0,0.0,0,78.82
631772000,631772000,0.9999335,0.0011064726,-0.010173186,-0.0061194366,0.0,0.0,0.0,0.0,0,78.84
631792000,631792000,0.9999342,0.00094090024,-0.010120412,-0.0061164023,0.0,0.0,0.0,0.0,0,78.86
631812000,631812000,0.9999351,0.00077925425,-0.010048515,-0.0061134654,0.0,0.0,0.0,0.0,0,78.88
631832000,631832000,0.9999362,0.00062234566,-0.009949042,-0.0061104326,0.0,0.0,0.0,0.0,0,78.9
631852000,631852000,0.9999376,0.00047563715,-0.009818419,-0.0061072474,0.0,0.0,0.0,0.0,0,78.92
631872000,631872000,0.99993926,0.00033874693,-0.009656054,-0.006104058,0.0,0.0,0.0,0.0,0,78.94
631892000,631892000,0.9999411,0.00020964847,-0.00946654,-0.006100962,0.0,0.0,0.0,0.0,0,78.96
631912000,631912000,0.99994314,9.211001e-05,-0.009251679,-0.0060982127,0.0,0.0,0.0,0.0,0,78.98
631932000,631932000,0.99994534,-1.0791372e-05,-0.00901334,-0.0060956352,0.0,0.0,0.0,0.0,0,79.0
631952000,631952000,0.9999476,-0.00010480942,-0.008757774,-0.0060930056,0.0,0.0,0.0,0.0,0,79.02
631972000,631972000,0.99994993,-0.00019717996,-0.008489258,-0.0060903877,0.0,0.0,0.0,0.0,0,79.04
631992000,631992000,0.9999523,-0.00027524095,-0.008207199,-0.006088148,0.0,0.0,0.0,0.0,0,79.06
632012000,632012000,0.99995464,-0.00034069462,-0.0079165995,-0.0060861427,0.0,0.0,0.0,0.0,0,79.08
632032000,632032000,0.999957,-0.00041081948,-0.0076086423,-0.0060847634,0.0,0.0,0.0,0.0,0,79.1
632052000,632052000,0.99995935,-0.0004836168,-0.0072882036,-0.0060838414,0.0,0.0,0.0,0.0,0,79.12
632072000,632072000,0.99996173,-0.0005537395,-0.006950539,-0.006083513,0.0,0.0,0.0,0.0,0,79.14
632092000,632092000,0.9999641,-0.0006171045,-0.006592367,-0.0060838996,0.0,0.0,0.0,0.0,0,79.16
632112000,632112000,0.9999664,-0.00067100296,-0.0062305015,-0.006085015,0.0,0.0,0.0,0.0,0,79.18
632132000,632132000,0.9999686,-0.0007271756,-0.0058633154,-0.0060865884,0.0,0.0,0.0,0.0,0,79.2
632152000,632152000,0.9999706,-0.00078940706,-0.005494216,-0.0060886,0.0,0.0,0.0,0.0,0,79.22
632172000,632172000,0.9999725,-0.0008510812,-0.00511783,-0.0060912543,0.0,0.0,0.0,0.0,0,79.24
632192000,632192000,0.9999743,-0.00090984703,-0.004744292,-0.0060940958,0.0,0.0,0.0,0.0,0,79.26
632212000,632212000,0.999976,-0.000976219,-0.004365812,-0.0060973605,0.0,0.0,0.0,0.0,0,79.28
632232000,632232000,0.99997747,-0.001045628,-0.003986244,-0.006100783,0.0,0.0,0.0,0.0,0,79.3
632252000,632252000,0.9999788,-0.0011079843,-0.003605115,-0.006104531,0.0,0.0,0.0,0.0,0,79.32
632272000,632272000,0.99998003,-0.0011642034,-0.0032278714,-0.0061086607,0.0,0.0,0.0,0.0,0,79.34
632292000,632292000,0.99998105,-0.0012241545,-0.002847096,-0.0061131967,0.0,0.0,0.0,0.0,0,79.36
632312000,632312000,0.99998194,-0.0012942828,-0.0024734866,-0.006117953,0.0,0.0,0.0,0.0,0,79.38
632332000,632332000,0.99998266,-0.0013693296,-0.0021043632,-0.006122638,0.0,0.0,0.0,0.0,0,79.4
632352000,632352000,0.9999832,-0.001442219,-0.0017435839,-0.0061273994,0.0,0.0,0.0,0.0,0,79.42
632372000,632372000,0.9999836,-0.0015163027,-0.0013910272,-0.006132019,0.0,0.0,0.0,0.0,0,79.44
632392000,632392000,0.9999839,-0.0015927673,-0.0010522869,-0.006136788,0.0,0.0,0.0,0.0,0,79.46
632412000,632412000,0.999984,-0.0016669161,-0.00072172645,-0.0061417073,0.0,0.0,0.0,0.0,0,79.48
632432000,632432000,0.9999841,-0.0017338953,-0.00040476318,-0.006146619,0.0,0.0,0.0,0.0,0,79.5
632452000,632452000,0.999984,-0.001798723,-9.511068e-05,-0.006151537,0.0,0.0,0.0,0.0,0,79.52
632472000,632472000,0.99998385,-0.001864485,0.00020341523,-0.0061564124,0.0,0.0,0.0,0.0,0,79.54
632492000,632492000,0.9999836,-0.0019307439,0.00048759967,-0.006161023,0.0,0.0,0.0,0.0,0,79.56
632512000,632512000,0.99998325,-0.0019915076,0.000767223,-0.006165579,0.0,0.0,0.0,0.0,0,79.58
632532000,632532000,0.99998283,-0.0020658176,0.0010334168,-0.006169814,0.0,0.0,0.0,0.0,0,79.6
632552000,632552000,0.99998236,-0.0021464096,0.0012841363,-0.0061737136,0.0,0.0,0.0,0.0,0,79.62
632572000,632572000,0.9999818,-0.002221021,0.0015277187,-0.0061776573,0.0,0.0,0.0,0.0,0,79.64
632592000,632592000,0.9999813,-0.002282411,0.0017642127,-0.0061817123,0.0,0.0,0.0,0.0,0,79.66
632612000,632612000,0.99998075,-0.0023360457,0.0019871101,-0.006185163,0.0,0.0,0.0,0.0,0,79.68
632632000,632632000,0.99998015,-0.0023829269,0.0021973664,-0.006188271,0.0,0.0,0.0,0.0,0,79.7
632652000,632652000,0.99997956,-0.0024285023,0.0024089406,-0.0061914027,0.0,0.0,0.0,0.0,0,79.72
632672000,632672000,0.9999789,-0.0024709718,0.0026164365,-0.006194273,0.0,0.0,0.0,0.0,0,79.74
632692000,632692000,0.99997824,-0.0025116485,0.0028077832,-0.006197128,0.0,0.0,0.0,0.0,0,79.76
632712000,632712000,0.9999776,-0.0025491687,0.0029877133,-0.0062002,0.0,0.0,0.0,0.0,0,79.78
632732000,632732000,0.99997693,-0.002585647,0.0031695645,-0.006203369,0.0,0.0,0.0,0.0,0,79.8
632752000,632752000,0.9999763,-0.0026203594,0.0033407905,-0.0062067923,0.0,0.0,0.0,0.0,0,79.82
632772000,632772000,0.9999756,-0.0026532782,0.0034962373,-0.0062103868,0.0,0.0,0.0,0.0,0,79.84
632792000,632792000,0.99997497,-0.0026841033,0.0036473684,-0.006214145,0.0,0.0,0.0,0.0,0,79.86
632812000,632812000,0.99997437,-0.0027115317,0.0037939823,-0.0062180217,0.0,0.0,0.0,0.0,0,79.88
632832000,632832000,0.9999737,-0.0027329368,0.0039332034,-0.006221878,0.0,0.0,0.0,0.0,0,79.9
632852000,632852000,0.9999731,-0.002750486,0.004066136,-0.006225908,0.0,0.0,0.0,0.0,0,79.92
632872000,632872000,0.9999725,-0.002762724,0.004191182,-0.006230155,0.0,0.0,0.0,0.0,0,79.94
632892000,632892000,0.999972,-0.002773093,0.0043118177,-0.00623446,0.0,0.0,0.0,0.0,0,79.96
632912000,632912000,0.99997145,-0.0027813185,0.00442482,-0.006238835,0.0,0.0,0.0,0.0,0,79.98
632932000,632932000,0.999971,-0.0027856375,0.0045216987,-0.0062433598,0.0,0.0,0.0,0.0,0,80.0
632952000,632952000,0.99997056,-0.0027822924,0.0046024285,-0.006247817,0.0,0.0,0.0,0.0,0,80.02
632972000,632972000,0.99997026,-0.0027703315,0.0046763956,-0.0062519107,0.0,0.0,0.0,0.0,0,80.04
632992000,632992000,0.99996996,-0.002746512,0.004748075,-0.0062554874,0.0,0.0,0.0,0.0,0,80.06
633012000,633012000,0.99996966,-0.0027123129,0.0048165084,-0.0062589636,0.0,0.0,0.0,0.0,0,80.08
633032000,633032000,0.9999695,-0.002674614,0.0048795133,-0.006262379,0.0,0.0,0.0,0.0,0,80.1
633052000,633052000,0.9999693,-0.0026368778,0.0049324245,-0.0062655522,0.0,0.0,0.0,0.0,0,80.12
633072000,633072000,0.9999692,-0.0025941175,0.0049717193,-0.0062683327,0.0,0.0,0.0,0.0,0,80.14
633092000,633092000,0.9999691,-0.002547059,0.0050015426,-0.006271004,0.0,0.0,0.0,0.0,0,80.16
633112000,633112000,0.9999691,-0.002498561,0.0050261766,-0.0062737335,0.0,0.0,0.0,0.0,0,80.18
633132000,633132000,0.9999691,-0.0024516748,0.0050491844,-0.0062765423,0.0,0.0,0.0,0.0,0,80.2
633152000,633152000,0.99996907,-0.0024047063,0.0050697746,-0.0062793167,0.0,0.0,0.0,0.0,0,80.22
633172000,633172000,0.99996907,-0.002359577,0.0050920583,-0.0062817596,0.0,0.0,0.0,0.0,0,80.24
633192000,633192000,0.99996907,-0.0023127296,0.00510856,-0.0062840325,0.0,0.0,0.0,0.0,0,80.26
633212000,633212000,0.9999692,-0.0022592177,0.0051154234,-0.0062860707,0.0,0.0,0.0,0.0,0,80.28
633232000,633232000,0.99996924,-0.002200822,0.0051235994,-0.006288088,0.0,0.0,0.0,0.0,0,80.3
633252000,633252000,0.9999693,-0.0021396154,0.005137499,-0.006290109,0.0,0.0,0.0,0.0,0,80.32
633272000,633272000,0.99996936,-0.0020757604,0.005144993,-0.0062920297,0.0,0.0,0.0,0.0,0,80.34
633292000,633292000,0.99996954,-0.0020082304,0.0051410026,-0.0062938505,0.0,0.0,0.0,0.0,0,80.36
633312000,633312000,0.9999697,-0.0019355259,0.005129503,-0.006295466,0.0,0.0,0.0,0.0,0,80.38
633332000,633332000,0.99996996,-0.0018580286,0.005108819,-0.0062970263,0.0,0.0,0.0,0.0,0,80.4
633352000,633352000,0.9999702,-0.0017777786,0.005088593,-0.0062986636,0.0,0.0,0.0,0.0,0,80.42
633372000,633372000,0.99997044,-0.0016928061,0.0050684875,-0.0063006836,0.0,0.0,0.0,0.0,0,80.44
633392000,633392000,0.9999707,-0.0016045666,0.0050445176,-0.0063025006,0.0,0.0,0.0,0.0,0,80.46
633412000,633412000,0.999971,-0.0015148786,0.0050110384,-0.006304147,0.0,0.0,0.0,0.0,0,80.48
633432000,633432000,0.9999714,-0.0014218693,0.0049566203,-0.006305701,0.0,0.0,0.0,0.0,0,80.5
633452000,633452000,0.9999718,-0.0013229462,0.0048937094,-0.006307275,0.0,0.0,0.0,0.0,0,80.52
633472000,633472000,0.9999722,-0.0012199525,0.0048323595,-0.006308882,0.0,0.0,0.0,0.0,0,80.54
633492000,633492000,0.99997264,-0.0011167087,0.0047723283,-0.0063109226,0.0,0.0,0.0,0.0,0,80.56
633512000,633512000,0.999973,-0.001009211,0.0047182296,-0.0063134707,0.0,0.0,0.0,0.0,0,80.58
633532000,633532000,0.9999733,-0.0008927732,0.004671512,-0.006316493,0.0,0.0,0.0,0.0,0,80.6
633552000,633552000,0.99997365,-0.00076732575,0.004613882,-0.006319848,0.0,0.0,0.0,0.0,0,80.62
633572000,633572000,0.999974,-0.0006410843,0.004553524,-0.0063236384,0.0,0.0,0.0,0.0,0,80.64
633592000,633592000,0.9999743,-0.0005156821,0.004498449,-0.006327561,0.0,0.0,0.0,0.0,0,80.66
633612000,633612000,0.99997455,-0.00039053327,0.0044494923,-0.0063316934,0.0,0.0,0.0,0.0,0,80.68
633632000,633632000,0.9999747,-0.00026599612,0.0044027227,-0.006335929,0.0,0.0,0.0,0.0,0,80.7
633652000,633652000,0.99997497,-0.00014151199,0.0043530064,-0.006340511,0.0,0.0,0.0,0.0,0,80.72
633672000,633672000,0.9999752,-2.4587198e-05,0.00429238,-0.0063455575,0.0,0.0,0.0,0.0,0,80.74
633692000,633692000,0.99997544,9.073595e-05,0.004232006,-0.006350683,0.0,0.0,0.0,0.0,0,80.76
633712000,633712000,0.99997556,0.0002104405,0.0041858614,-0.0063560507,0.0,0.0,0.0,0.0,0,80.78
633732000,633732000,0.9999757,0.0003332851,0.004139317,-0.0063615306,0.0,0.0,0.0,0.0,0,80.8
633752000,633752000,0.99997586,0.00045490652,0.0040732874,-0.006367401,0.0,0.0,0.0,0.0,0,80.82
633772000,633772000,0.9999761,0.0005741605,0.003999727,-0.0063733757,0.0,0.0,0.0,0.0,0,80.84
633792000,633792000,0.99997616,0.0006950089,0.0039479085,-0.00637933,0.0,0.0,0.0,0.0,0,80.86
633812000,633812000,0.99997616,0.0008195401,0.0039117923,-0.006385359,0.0,0.0,0.0,0.0,0,80.88
633832000,633832000,0.9999762,0.0009475654,0.003857791,-0.0063914787,0.0,0.0,0.0,0.0,0,80.9
633852000,633852000,0.99997634,0.0010760629,0.00379362,-0.0063977432,0.0,0.0,0.0,0.0,0,80.92
633872000,633872000,0.9999763,0.0012051897,0.0037493499,-0.006403894,0.0,0.0,0.0,0.0,0,80.94
633892000,633892000,0.9999762,0.0013339098,0.0037109947,-0.00641006,0.0,0.0,0.0,0.0,0,80.96
633912000,633912000,0.99997616,0.0014640903,0.0036633117,-0.006416213,0.0,0.0,0.0,0.0,0,80.98
633932000,633932000,0.99997616,0.0015913808,0.0036136627,-0.006422184,0.0,0.0,0.0,0.0,0,81.0
633952000,633952000,0.99997604,0.0017151668,0.003565771,-0.006428034,0.0,0.0,0.0,0.0,0,81.02
633972000,633972000,0.999976,0.0018361184,0.0035185074,-0.0064337086,0.0,0.0,0.0,0.0,0,81.04
633992000,633992000,0.99997586,0.0019563343,0.0034706604,-0.0064393254,0.0,0.0,0.0,0.0,0,81.06
634012000,634012000,0.99997574,0.002074639,0.0034274128,-0.006444652,0.0,0.0,0.0,0.0,0,81.08
634032000,634032000,0.9999756,0.0021863403,0.0033892102,-0.0064499164,0.0,0.0,0.0,0.0,0,81.1
634052000,634052000,0.9999755,0.0022912705,0.003351562,-0.00645477,0.0,0.0,0.0,0.0,0,81.12
634072000,634072000,0.9999753,0.0023865607,0.0033189028,-0.006459392,0.0,0.0,0.0,0.0,0,81.14
634092000,634092000,0.9999752,0.0024722214,0.0032840348,-0.006463806,0.0,0.0,0.0,0.0,0,81.16
634112000,634112000,0.9999751,0.0025506117,0.0032471751,-0.0064681186,0.0,0.0,0.0,0.0,0,81.18
634132000,634132000,0.999975,0.0026229697,0.00321292,-0.0064723724,0.0,0.0,0.0,0.0,0,81.2
634152000,634152000,0.9999749,0.0026824712,0.0031863102,-0.006476088,0.0,0.0,0.0,0.0,0,81.22
634172000,634172000,0.99997485,0.0027329628,0.0031635668,-0.0064799273,0.0,0.0,0.0,0.0,0,81.24
634192000,634192000,0.9999747,0.0027781094,0.0031358988,-0.0064839073,0.0,0.0,0.0,0.0,0,81.26
634212000,634212000,0.9999747,0.0028175341,0.0031052928,-0.0064879265,0.0,0.0,0.0,0.0,0,81.28
634232000,634232000,0.9999747,0.0028494946,0.003069756,-0.0064921295,0.0,0.0,0.0,0.0,0,81.3
634252000,634252000,0.9999747,0.0028715867,0.0030265623,-0.0064964113,0.0,0.0,0.0,0.0,0,81.32
634272000,634272000,0.99997485,0.0028727048,0.002984159,-0.006500948,0.0,0.0,0.0,0.0,0,81.34
634292000,634292000,0.99997497,0.0028555272,0.002946391,-0.0065055876,0.0,0.0,0.0,0.0,0,81.36
634312000,634312000,0.99997514,0.0028332085,0.0029088808,-0.006510211,0.0,0.0,0.0,0.0,0,81.38
634332000,634332000,0.99997526,0.002801991,0.0028700328,-0.0065147984,0.0,0.0,0.0,0.0,0,81.4
634352000,634352000,0.9999755,0.002755694,0.0028307955,-0.006519114,0.0,0.0,0.0,0.0,0,81.42
634372000,634372000,0.99997574,0.0026989996,0.0027935402,-0.0065232804,0.0,0.0,0.0,0.0,0,81.44
634392000,634392000,0.999976,0.0026324624,0.0027599977,-0.006527367,0.0,0.0,0.0,0.0,0,81.46
634412000,634412000,0.9999762,0.0025573098,0.0027233772,-0.0065314025,0.0,0.0,0.0,0.0,0,81.48
634432000,634432000,0.9999766,0.0024761262,0.002675309,-0.006535321,0.0,0.0,0.0,0.0,0,81.5
634452000,634452000,0.9999769,0.0023829099,0.0026252915,-0.006539174,0.0,0.0,0.0,0.0,0,81.52
634472000,634472000,0.99997723,0.002275691,0.0025822185,-0.0065428517,0.0,0.0,0.0,0.0,0,81.54
634492000,634492000,0.9999776,0.002157921,0.0025386764,-0.006546577,0.0,0.0,0.0,0.0,0,81.56
634512000,634512000,0.99997795,0.0020369506,0.002482137,-0.0065502436,0.0,0.0,0.0,0.0,0,81.58
634532000,634532000,0.9999783,0.0019154263,0.0024234261,-0.006553778,0.0,0.0,0.0,0.0,0,81.6
634552000,634552000,0.99997866,0.0017902602,0.0023723159,-0.006557414,0.0,0.0,0.0,0.0,0,81.62
634572000,634572000,0.99997896,0.0016584098,0.0023279171,-0.0065610367,0.0,0.0,0.0,0.0,0,81.64
634592000,634592000,0.99997926,0.0015219926,0.002283332,-0.0065646297,0.0,0.0,0.0,0.0,0,81.66
634612000,634612000,0.9999795,0.0013887051,0.0022360827,-0.006568204,0.0,0.0,0.0,0.0,0,81.68
634632000,634632000,0.9999798,0.0012578673,0.002186029,-0.0065716472,0.0,0.0,0.0,0.0,0,81.7
634652000,634652000,0.99998003,0.0011225156,0.0021335513,-0.0065750303,0.0,0.0,0.0,0.0,0,81.72
634672000,634672000,0.9999803,0.0009815403,0.0020788775,-0.0065781525,0.0,0.0,0.0,0.0,0,81.74
634692000,634692000,0.9999805,0.00083764544,0.0020264452,-0.006581065,0.0,0.0,0.0,0.0,0,81.76
634712000,634712000,0.9999807,0.0006931853,0.001973548,-0.0065839263,0.0,0.0,0.0,0.0,0,81.78
634732000,634732000,0.99998087,0.000549392,0.0019182344,-0.0065868604,0.0,0.0,0.0,0.0,0,81.8
634752000,634752000,0.99998105,0.00040853396,0.0018649155,-0.006589767,0.0,0.0,0.0,0.0,0,81.82
634772000,634772000,0.9999811,0.0002747725,0.001820313,-0.0065923478,0.0,0.0,0.0,0.0,0,81.84
634792000,634792000,0.9999812,0.00014368983,0.0017788579,-0.006594755,0.0,0.0,0.0,0.0,0,81.86
634812000,634812000,0.9999813,1.7153892e-05,0.0017396662,-0.006597096,0.0,0.0,0.0,0.0,0,81.88
634832000,634832000,0.99998134,-0.000103672624,0.0016996204,-0.0065995404,0.0,0.0,0.0,0.0,0,81.9
634852000,634852000,0.99998134,-0.00021563229,0.0016626449,-0.006601804,0.0,0.0,0.0,0.0,0,81.92
634872000,634872000,0.99998134,-0.00032191444,0.0016260138,-0.0066042384,0.0,0.0,0.0,0.0,0,81.94
634892000,634892000,0.9999814,-0.00041848468,0.0015892425,-0.006606643,0.0,0.0,0.0,0.0,0,81.96
634912000,634912000,0.9999814,-0.0005038973,0.0015537466,-0.0066087823,0.0,0.0,0.0,0.0,0,81.98
634932000,634932000,0.9999814,-0.00057879754,0.0015188274,-0.0066110934,0.0,0.0,0.0,0.0,0,82.0
634952000,634952000,0.99998134,-0.0006483749,0.0014917697,-0.0066134995,0.0,0.0,0.0,0.0,0,82.02
634972000,634972000,0.99998134,-0.0007078881,0.0014690111,-0.0066163754,0.0,0.0,0.0,0.0,0,82.04
634992000,634992000,0.9999813,-0.0007540896,0.0014480443,-0.00661982,0.0,0.0,0.0,0.0,0,82.06
635012000,635012000,0.9999813,-0.00079029903,0.0014315993,-0.006623685,0.0,0.0,0.0,0.0,0,82.08
635032000,635032000,0.9999812,-0.00082240225,0.0014191351,-0.006628002,0.0,0.0,0.0,0.0,0,82.1
635052000,635052000,0.9999812,-0.0008487158,0.0014040504,-0.006632833,0.0,0.0,0.0,0.0,0,82.12
635072000,635072000,0.99998116,-0.00087540346,0.0013829699,-0.006637837,0.0,0.0,0.0,0.0,0,82.14
635092000,635092000,0.99998116,-0.0008960401,0.0013646032,-0.0066432497,0.0,0.0,0.0,0.0,0,82.16
635112000,635112000,0.9999811,-0.0009105399,0.0013501897,-0.0066491487,0.0,0.0,0.0,0.0,0,82.18
635132000,635132000,0.9999811,-0.00092121394,0.0013376866,-0.006655554,0.0,0.0,0.0,0.0,0,82.2
635152000,635152000,0.99998105,-0.00092548283,0.0013225048,-0.0066621886,0.0,0.0,0.0,0.0,0,82.22
635172000,635172000,0.99998105,-0.0009236366,0.0013088502,-0.0066689723,0.0,0.0,0.0,0.0,0,82.24
635192000,635192000,0.999981,-0.0009201072,0.0012997065,-0.0066757123,0.0,0.0,0.0,0.0,0,82.26
635212000,635212000,0.999981,-0.00091470225,0.0012877568,-0.0066825897,0.0,0.0,0.0,0.0,0,82.28
635232000,635232000,0.999981,-0.0009041219,0.0012707548,-0.006689438,0.0,0.0,0.0,0.0,0,82.3
635252000,635252000,0.9999809,-0.00088864757,0.0012513393,-0.0066963965,0.0,0.0,0.0,0.0,0,82.32
635272000,635272000,0.9999809,-0.0008673368,0.0012352912,-0.0067035067,0.0,0.0,0.0,0.0,0,82.34
635292000,635292000,0.9999809,-0.00083918683,0.0012180925,-0.0067106066,0.0,0.0,0.0,0.0,0,82.36
635312000,635312000,0.9999809,-0.0008079085,0.0011961163,-0.0067177266,0.0,0.0,0.0,0.0,0,82.38
635332000,635332000,0.999981,-0.00077480735,0.0011683487,-0.0067249844,0.0,0.0,0.0,0.0,0,82.4
635352000,635352000,0.999981,-0.0007415004,0.001142505,-0.0067320648,0.0,0.0,0.0,0.0,0,82.42
635372000,635372000,0.999981,-0.0007070272,0.0011248091,-0.006739152,0.0,0.0,0.0,0.0,0,82.44
635392000,635392000,0.999981,-0.0006706959,0.00110657,-0.0067462674,0.0,0.0,0.0,0.0,0,82.46
635412000,635412000,0.9999809,-0.00062756235,0.0010892381,-0.0067537287,0.0,0.0,0.0,0.0,0,82.48
635432000,635432000,0.9999809,-0.00057850033,0.001070688,-0.006761323,0.0,0.0,0.0,0.0,0,82.5
635452000,635452000,0.9999809,-0.00052351644,0.0010564809,-0.006769375,0.0,0.0,0.0,0.0,0,82.52
635472000,635472000,0.9999809,-0.00046969723,0.0010475366,-0.0067774663,0.0,0.0,0.0,0.0,0,82.54
635492000,635492000,0.9999809,-0.0004204448,0.0010416469,-0.006785298,0.0,0.0,0.0,0.0,0,82.56
635512000,635512000,0.99998087,-0.0003723421,0.0010335032,-0.006793052,0.0,0.0,0.0,0.0,0,82.58
635532000,635532000,0.99998087,-0.00032357377,0.00102375,-0.0068007414,0.0,0.0,0.0,0.0,0,82.6
635552000,635552000,0.9999808,-0.00027318802,0.0010183012,-0.0068084425,0.0,0.0,0.0,0.0,0,82.62
635572000,635572000,0.99998075,-0.00021721043,0.0010183058,-0.0068165325,0.0,0.0,0.0,0.0,0,82.64
635592000,635592000,0.99998075,-0.00015967785,0.0010250007,-0.006824756,0.0,0.0,0.0,0.0,0,82.66
635612000,635612000,0.9999807,-0.000103896484,0.0010302453,-0.0068329577,0.0,0.0,0.0,0.0,0,82.68
635632000,635632000,0.9999806,-4.860035e-05,0.001022938,-0.006841198,0.0,0.0,0.0,0.0,0,82.7
635652000,635652000,0.99998057,2.6922858e-06,0.0010111065,-0.006849026,0.0,0.0,0.0,0.0,0,82.72
635672000,635672000,0.9999805,4.885956e-05,0.0010071911,-0.006856602,0.0,0.0,0.0,0.0,0,82.74
635692000,635692000,0.9999805,9.229146e-05,0.0010086052,-0.0068643107,0.0,0.0,0.0,0.0,0,82.76
635712000,635712000,0.99998045,0.00013262733,0.0010035908,-0.0068720193,0.0,0.0,0.0,0.0,0,82.78
635732000,635732000,0.9999804,0.0001729305,0.0009957067,-0.0068796817,0.0,0.0,0.0,0.0,0,82.8
635752000,635752000,0.99998033,0.00020518166,0.0009958285,-0.00688773,0.0,0.0,0.0,0.0,0,82.82
635772000,635772000,0.9999803,0.00023081429,0.0009963932,-0.006895839,0.0,0.0,0.0,0.0,0,82.84
635792000,635792000,0.9999802,0.0002539921,0.0009864188,-0.0069040675,0.0,0.0,0.0,0.0,0,82.86
635812000,635812000,0.99998015,0.0002718528,0.00097605976,-0.006912343,0.0,0.0,0.0,0.0,0,82.88
635832000,635832000,0.9999801,0.0002889081,0.0009646189,-0.00692058,0.0,0.0,0.0,0.0,0,82.9
635852000,635852000,0.99998003,0.0003065805,0.0009535091,-0.0069287014,0.0,0.0,0.0,0.0,0,82.92
635872000,635872000,0.99998003,0.0003160934,0.0009368777,-0.006936391,0.0,0.0,0.0,0.0,0,82.94
635892000,635892000,0.99998,0.0003202128,0.00092180236,-0.0069436915,0.0,0.0,0.0,0.0,0,82.96
635912000,635912000,0.9999799,0.0003290782,0.00091966084,-0.006950406,0.0,0.0,0.0,0.0,0,82.98
635932000,635932000,0.99997985,0.0003412076,0.00091624324,-0.006956839,0.0,0.0,0.0,0.0,0,83.0
635952000,635952000,0.99997985,0.00034242793,0.00089920586,-0.006962934,0.0,0.0,0.0,0.0,0,83.02
635972000,635972000,0.99997985,0.00033521772,0.00087556976,-0.0069689895,0.0,0.0,0.0,0.0,0,83.04
635992000,635992000,0.9999798,0.00032940466,0.000861529,-0.0069750943,0.0,0.0,0.0,0.0,0,83.06
636012000,636012000,0.9999798,0.0003259474,0.00085577066,-0.0069811717,0.0,0.0,0.0,0.0,0,83.08
636032000,636032000,0.99997973,0.00032697077,0.0008406714,-0.006987007,0.0,0.0,0.0,0.0,0,83.1
636052000,636052000,0.99997973,0.00032392057,0.0008132955,-0.006992428,0.0,0.0,0.0,0.0,0,83.12
636072000,636072000,0.9999797,0.00031626658,0.00079554244,-0.0069976067,0.0,0.0,0.0,0.0,0,83.14
636092000,636092000,0.9999797,0.00030756416,0.0007857377,-0.007002689,0.0,0.0,0.0,0.0,0,83.16
636112000,636112000,0.9999797,0.0002997808,0.0007666951,-0.0070075463,0.0,0.0,0.0,0.0,0,83.18
636132000,636132000,0.9999797,0.0002918877,0.000736171,-0.0070122164,0.0,0.0,0.0,0.0,0,83.2
636152000,636152000,0.9999796,0.00028400146,0.00071282545,-0.0070167184,0.0,0.0,0.0,0.0,0,83.22
636172000,636172000,0.9999796,0.000276022,0.00068703655,-0.00702113,0.0,0.0,0.0,0.0,0,83.24
636192000,636192000,0.9999796,0.00027167785,0.00064583943,-0.0070250146,0.0,0.0,0.0,0.0,0,83.26
636212000,636212000,0.9999796,0.00026777078,0.0005898758,-0.007028556,0.0,0.0,0.0,0.0,0,83.28
636232000,636232000,0.9999797,0.0002571219,0.0005305513,-0.007031508,0.0,0.0,0.0,0.0,0,83.3
636252000,636252000,0.9999797,0.00023677813,0.00046861498,-0.0070339623,0.0,0.0,0.0,0.0,0,83.32
636272000,636272000,0.9999797,0.00021712352,0.0004017891,-0.0070355604,0.0,0.0,0.0,0.0,0,83.34
636292000,636292000,0.99997973,0.0001971442,0.00033436398,-0.007036498,0.0,0.0,0.0,0.0,0,83.36
636308000,636308000,0.99997973,0.00017465482,0.000284995,-0.007037188,0.0,0.0,0.0,0.0,0,83.376
636328000,636328000,0.99997973,0.00014085398,0.00022831048,-0.007038044,0.0,0.0,0.0,0.0,0,83.396
636348000,636348000,0.99997973,0.000101238475,0.00016390745,-0.007038844,0.0,0.0,0.0,0.0,0,83.416
636368000,636368000,0.9999798,5.8458067e-05,9.031802e-05,-0.007039587,0.0,0.0,0.0,0.0,0,83.436
636388000,636388000,0.9999798,2.1025195e-05,1.4117572e-05,-0.007039784,0.0,0.0,0.0,0.0,0,83.456
636408000,636408000,0.9999798,-7.5678727e-06,-5.8175556e-05,-0.00703982,0.0,0.0,0.0,0.0,0,83.476
636428000,636428000,0.99997973,-3.4608292e-05,-0.00014131988,-0.0070399204,0.0,0.0,0.0,0.0,0,83.496
636448000,636448000,0.99997973,-5.9575723e-05,-0.00022620083,-0.0070399586,0.0,0.0,0.0,0.0,0,83.516
636468000,636468000,0.99997973,-8.202625e-05,-0.0002907891,-0.0070400545,0.0,0.0,0.0,0.0,0,83.536
636488000,636488000,0.9999797,-0.00010295186,-0.00035013838,-0.007040447,0.0,0.0,0.0,0.0,0,83.556
636508000,636508000,0.9999797,-0.00012601157,-0.00040909747,-0.0070410483,0.0,0.0,0.0,0.0,0,83.576
636528000,636528000,0.9999796,-0.00015017505,-0.00046650702,-0.0070417123,0.0,0.0,0.0,0.0,0,83.596
